{"version":"1.0","dataSet":{"info":{"date":"20230116","occupation":"PS","channel":"MOCK","place":"ONLINE","gender":"MALE","ageRange":"35-44","experience":"EXPERIENCED"},"question":{"raw":{"text":"공장 주민들이 과도하게 민원을 넣고 있습니다 이럴 때 어떻게 대처하면 좋을까요","wordCount":11},"emotion":[],"intent":[]},"answer":{"raw":{"text":"네 업무를 하다 보면 민원이나 뭐 주민들의 뭐 불만 요소는 당연히 받을 수 있다고 생각합니다. 어 그런 일들이 있으면은 이제 조치를 해야 하는데 그 민원에 대해서 일단은 거부감만 갖고 시작을 하게 되면 해결이 안 될 거 같습니다. 우리 회사의 이익만 회사에 손실이 생기면 안 된다는 마음만 갖고 대응하게 되면은 절대 그 민원인에 대해서 그 해결을 해 줄 수 없을 겁니다. 이 부분도 써비스업이라고 생각하고 써비스 직이라 생각하고 영업이라고 생각하고 그분들도 우리의 고객이라고 생각하고 대응을 하게 되면은 그 고 그 민원인들도 분명히 불편한 사유도 있겠지만 자기네들도 희생하는 부분이 분명히 있을 겁니다. 그래서 이거를 감정적으로 접근하면 안되고 그분들을 어 우리는 이렇게 노력을 하고 있다 해결해 줄려 노력하고 있고 이런 것에 대해서 보상은 이렇게 해주려고 노력을 하고 있다 이런 것들을 계속 어필을 한다면은 그 민원인들도 뭐 악한 심정이 있는 건 아니기 때문에 그런 것들이 해결이 되지 않을까 싶습니다. 그래서 그런 일들에 대해서는 또 대응하는 게 우리 회사의 얼굴이 될 수 있고 하기 때문에 중요한 파트인 것 같습니다. 이상입니다.","wordCount":155},"emotion":[],"intent":[{"text":"어 그런 일들이 있으면은 이제 조치를 해야 하는데 그 민원에 대해서 일단은 거부감만 갖고 시작을 하게 되면 해결이 안 될 거 같습니다.","expression":"p_voc","category":"technology"},{"text":"우리 회사의 이익만   회사에 손실이 생기면 안 된다는 마음만 갖고 대응하게 되면은 절대 그 민원인에 대해서   그 해결을 해 줄 수 없을 겁니다.","expression":"p_voc","category":"technology"},{"text":"이 부분도 써비스업이라고 생각하고 써비스 직이라 생각하고 영업이라고 생각하고   그분들도 우리의 고객이라고 생각하고 대응을 하게 되면은 그 고 그 민원인들도 분명히   불편한 사유도 있겠지만 자기네들도 희생하는 부분이 분명히 있을 겁니다.","expression":"p_voc","category":"technology"}],"summary":{"text":"업무 중 민원이나 주민들의 불만 요소는 당연히 받을 수 있지만 회사 이익만 회사에 손실이 생기면 안 된다는 마음만 갖고 대응하면 해결이 안 됩니다. 써비스업이라 생각하고 써비스 직이라 생각하고 영업을 생각하고 대응을 하게 되면은 민원인들도 불편한 사유도 있겠지만 자기들들도 희생하는 부분이 분명히 있을 것입니다. 민원인들을 해결해 주려고 노력하고 있음을 어필하면 해결될 수 있습니다.","wordCount":52}}},"rawDataInfo":{"question":{"fileFormat":"wav","fileSize":283598,"duration":8860,"samplingBit":16,"channelCount":1,"samplingRate":"16kHz","audioPath":"/Mock/03.PublicService/Male/Experienced/ckmk_q_ps_m_e_145469.wav"},"answer":{"fileFormat":"wav","fileSize":2735438,"duration":85480,"samplingBit":16,"channelCount":1,"samplingRate":"16kHz","audioPath":"/Mock/03.PublicService/Male/Experienced/ckmk_a_ps_m_e_145469.wav"}}}