{"version":"1.0","dataSet":{"info":{"date":"20230116","occupation":"PS","channel":"MOCK","place":"ONLINE","gender":"MALE","ageRange":"35-44","experience":"EXPERIENCED"},"question":{"raw":{"text":"공단의 외부 환경 위협 요인과 위협 요인을 극복하기 위한 방안이 있다면 말씀해 주세요","wordCount":13},"emotion":[],"intent":[]},"answer":{"raw":{"text":"어 이제 공단에서 주는 외부 환경이나 위협 요인 여러 가지가 있을 것입니다. 그 부분에 대해서 답변드리겠습니다. 일단 제재 조건이 제일 클 겁니다. 어 이제 매년 바뀌는 뭐 규정이라든지 이런 절차들이 바뀌게 되면은 분명히 위협이 될 것이고 또 우리 회사에 제한이 요소상으로 많이 나타날 것입니다. 그 부분을 빨리 캐치해서 그 부분에 대해서 미리 방안을 준비해 놓고 대응을 하게 된다면 그런 위협에 대해서 그런 부분이 또 위기에서 기회가 될 수도 있을 것이고 그런 부분에 대해서 공단이 무엇을 원하는지 얘네가 무엇을 싫어하는고 또 하 원하지 않는 부분인데 꼭 그 부분에 대해서 밀고 나갈 방법은 없습니다. 그러기 때문에 그 대체되는 방법과 규정에 대해서 빨리 캐치를 해서 이 부분을 빨리 회사하고 접목시켜서 손해 보 보는 빨리 손해를 보고 또 그 부분을 또 잘 활용을 하는 부분이 무엇일까가 제일 효율적인 방법일 것 같습니다. 그런 것을 하기 위해서는 일단은 주변이 어 들어가는 환경이나 이런 부분에 대해서 빨리 캐치하는 부분이 제일 클 것 같습니다. 네 이상입니다.","wordCount":148},"emotion":[],"intent":[{"text":"","expression":"","category":"attitude"}],"summary":{"text":"공단에서 주는 외부 환경이나 위협 요인들에 대한 대체되는 방법과 규정에 대해 빨리 캐치해서 회사와 접목시켜서 손해 보는 빨리 손해를 보고 또 그 부분을 잘 활용을 하는 부분이 무엇일지가 제일 효율적인 방법일 것 같습니다.","wordCount":33}}},"rawDataInfo":{"question":{"fileFormat":"wav","fileSize":331278,"duration":10350,"samplingBit":16,"channelCount":1,"samplingRate":"16kHz","audioPath":"/Mock/03.PublicService/Male/Experienced/ckmk_q_ps_m_e_139215.wav"},"answer":{"fileFormat":"wav","fileSize":2691918,"duration":84120,"samplingBit":16,"channelCount":1,"samplingRate":"16kHz","audioPath":"/Mock/03.PublicService/Male/Experienced/ckmk_a_ps_m_e_139215.wav"}}}