{"version":"1.0","dataSet":{"info":{"date":"20230116","occupation":"PS","channel":"MOCK","place":"ONLINE","gender":"MALE","ageRange":"-34","experience":"EXPERIENCED"},"question":{"raw":{"text":"대학 생활을 하는 동안 여러 가지 경험을 해 보셨을 텐데요 그중에서 가장 힘들었던 경험은 무엇이었습니까 그리고 그 힘들었던 상황을 어떻게 극복했는지도 말씀해 주시기 바랍니다","wordCount":24},"emotion":[],"intent":[]},"answer":{"raw":{"text":"저는 이제 지방에 있는 대학을 나왔어요. 지방에 있는 대학을 나왔는데 지방에 있는 대학이다 보니까 제가 이쪽에서 살고 있는 것보다는 통학할 수 있는 거리가 아니어 가지고 그쪽에서 지낼 수 밖에 없었어요. 그런데 기숙사에 들어가게 되면 다행인데 그 학교에서 기숙사를 많이 지어주지 않았었어요. 그래서 어쩔 수 없이 그 동네 근처에서 자취를 하게 되었는데 그 자췻 방 값이 너무 비쌌어요. 너무 비싸가지고 등록금도 내야 하고 자취 방비도 내야 하는 그 입장이 공부를 하는 것보다 학교로 끝나면 학교 수업이 끝나면 알바를 했어어야 됐어요. 알바를 해서 등록금에 조금 보탬이 되고 내가 사는 이 자췻 방을 돈을 마련하는데 조금 보탬이 보탬이 되어야 하는 그 그 끝나지 않는 게 뭔가를 메꿔야 하는 그런 상황이 너무 힘들어 가지고 결국에는 학자금 대출을 받을 수 밖에 없었어요. 그래서 좀 더 가까운 학교에 갔었더라면 어땠을까 그렇게 방 값이 많이 안 나갔을 텐데 그런 아쉬움이 남았지만 어쨌든 간 대출를 통해서 그 상황을 인지하고 잘 마무리를 했다고 생각을 합니다. 네.","wordCount":147},"emotion":[],"intent":[{"text":"","expression":"","category":"attitude"}],"summary":{"text":"지방에 있는 대학을 나왔지만 통학할 수 있는 거리가 아니어 쪽방에서 지낼 수 밖에 없었습니다. 그런데 학교 기숙사가 많이 지어져 있지 않아 근처 편의점에서 아르바이트를 했는데 방 값이 너무 비싸서 학자금 대출을 받을 수 밖에 없어서 결국 학자금 대출을 받았습니다. 아쉬움이 남았지만 대출로 그 상황을 인지하고 잘 마무리 했다고 생각합니다.","wordCount":49}}},"rawDataInfo":{"question":{"fileFormat":"wav","fileSize":572878,"duration":17900,"samplingBit":16,"channelCount":1,"samplingRate":"16kHz","audioPath":"/Mock/03.PublicService/Male/Experienced/ckmk_q_ps_m_e_199746.wav"},"answer":{"fileFormat":"wav","fileSize":2888078,"duration":90250,"samplingBit":16,"channelCount":1,"samplingRate":"16kHz","audioPath":"/Mock/03.PublicService/Male/Experienced/ckmk_a_ps_m_e_199746.wav"}}}