{"version":"1.0","dataSet":{"info":{"date":"20230116","occupation":"PS","channel":"MOCK","place":"ONLINE","gender":"MALE","ageRange":"-34","experience":"EXPERIENCED"},"question":{"raw":{"text":"아무래도 업무를 하다 보면 서류를 작성할 때 어 영어로 서류를 작성해야 할 일이 생기곤 하는데요 어 지원자님께서는 영어로 서류를 작성하실 수 있으신가요","wordCount":22},"emotion":[],"intent":[]},"answer":{"raw":{"text":"네 저는 대학교 때 일 년 정도 캐나다로 유학을 다녀왔던 경험이 있습니다. 그래서 외국인들과 커뮤니케이션도 가능하고 서류를 작성할 수 있는 능력도 갖추고 있다고 생각합니다. 어 제가 어학 연수를 일 년 가면서 그 전까지는 서류를 작성할 만큼의 수준이 되지 않았지만 대학교 일 년 동안 외국에 있으면서 제 어학 능력도 많이 향상됐던 것 같습니다. 당연히 캐나다에서도 영어로 수업을 했고 영어 책을 사용을 했기 때문에 이러한 능력들이 이 회사에서 일을 하면서 더 좋은 방향으로 적용될 수 있다고 생각합니다. 그래서 영어 서류를 맡겨 주신다면 제가 열심히 서류를 작성해서 상급자에게 보고하겠습니다.","wordCount":86},"emotion":[],"intent":[{"text":"네 저는 대학교 때 일 년 정도 캐나다로 유학을 다녀왔던 경험이 있습니다.","expression":"c_private","category":"background"}],"summary":{"text":"저는 대학교 때 일 년 정도 캐나다로 유학을 다녀왔던 경험이 있습니다. 그래서 외국인들과 커뮤니케이션도 가능하고 서류를 작성할 수 있는 능력도 갖추고 있다고 생각합니다.","wordCount":23}}},"rawDataInfo":{"question":{"fileFormat":"wav","fileSize":454478,"duration":14200,"samplingBit":16,"channelCount":1,"samplingRate":"16kHz","audioPath":"/Mock/03.PublicService/Male/Experienced/ckmk_q_ps_m_e_193539.wav"},"answer":{"fileFormat":"wav","fileSize":2142158,"duration":66940,"samplingBit":16,"channelCount":1,"samplingRate":"16kHz","audioPath":"/Mock/03.PublicService/Male/Experienced/ckmk_a_ps_m_e_193539.wav"}}}