{"version":"1.0","dataSet":{"info":{"date":"20230116","occupation":"PS","channel":"MOCK","place":"ONLINE","gender":"MALE","ageRange":"55-","experience":"EXPERIENCED"},"question":{"raw":{"text":"어 지원자님께서는 이 직무에 지원한 이유가 무엇인지요 그 이유에 대해서 설명해 주시고 본인이 또 왜 이 직무에 적합한 인재인지에 대해서도 설명해 주시기 바랍니다","wordCount":23},"emotion":[],"intent":[]},"answer":{"raw":{"text":"제가 서비스 부분을 지원하게 된 이유는 직장 생활도 서비스 분야인 한편 영업 부분도 포함됩니다만 그쪽에서 근무를 했었고 직장을 그만둔 이후에도 패션 쪽에서 칠 년 정도 서비스 부분에 몸 담아 왔습니다. 그리고 현재 음식업을 한지도 칠 팔 년 하고 있습니다. 그동안 경험하고 쌓았던 노하우를 가지고 이 분야에 지원하게 되었습니다.","wordCount":48},"emotion":[],"intent":[{"text":"제가 서비스 부분을 지원하게 된 이유는   직장 생활도 서비스 분야인   한편 영업 부분도 포함됩니다만 그쪽에서 근무를 했었고   직장을 그만둔 이후에도   패션 쪽에서 칠 년 정도 서비스 부분에   몸 담아 왔습니다.","expression":"c_sincere_job","category":"etc"}],"summary":{"text":"직장 생활도 서비스 분야이고, 영업 부분도 포함됩니다만 패션 쪽에서도 일을 했었고, 현재 음식업을 한지도 칠 팔 년 되어 경험하고 쌓았던 노하우를 지원하게 되었습니다.","wordCount":23}}},"rawDataInfo":{"question":{"fileFormat":"wav","fileSize":458638,"duration":14330,"samplingBit":16,"channelCount":1,"samplingRate":"16kHz","audioPath":"/Mock/03.PublicService/Male/Experienced/ckmk_q_ps_m_e_186262.wav"},"answer":{"fileFormat":"wav","fileSize":2153038,"duration":67280,"samplingBit":16,"channelCount":1,"samplingRate":"16kHz","audioPath":"/Mock/03.PublicService/Male/Experienced/ckmk_a_ps_m_e_186262.wav"}}}