{"version":"1.0","dataSet":{"info":{"date":"20230116","occupation":"PS","channel":"MOCK","place":"ONLINE","gender":"MALE","ageRange":"35-44","experience":"EXPERIENCED"},"question":{"raw":{"text":"지금 지원자님이 공부하고 있는 분야가 있으신가요 있다면 그것은 무엇이고 왜 그걸 하고 계시고 지금까지는 무엇을 배웠는지 말씀해 주세요","wordCount":18},"emotion":[],"intent":[]},"answer":{"raw":{"text":"아 지금 제가 이제 공부하고 있고 제 그 성장시켜 줄 수 있는 것이 무엇일까를 생각하다가 요즘에 최근에 이제 공부를 하고 있는 부분은 이제 돈에 대해서 공부를 하고 있습니다. 일단 돈에 대한 서적 돈에 대한 뭐 유투브 관련된 강의 이런 것들을 위주로 공부하고 있는데 그 이유는 결국은 사람의 목표는 경제적인 자유를 획득하는 것을 목표로 하는 것인 거 같습니다. 그것이 갖춰지게 되면 제가 회사에 대한 그런 마찬가지로 원의 그 돈의 흐름에 대해서 이해를 하게 된다면 회사의 이익이 될 수 있는 게 무엇인지를 생각을 해볼 수 있을 거 같고 그게 이제 커져서 어 저의 발전도 될 수 있는 것을 느꼈기 때문에 지금 최근에 돈에 관련된 지식 그 쌓고 있습니다. 그러니까 자연스럽게 재테크에 대한 관심도 갖게 되고 그 그러다 보니 부자가 되는 방법이 무엇인지에 대해서 연구하게 되고 노력하게 되고 그랬던 거 같습니다. 그래서 공부하는 방법에 대해서는 여러 가지가 있겠지만 그런 유튜브나 관련 서적 강의 이런 행동화된 모습 이런 것들을 통해서 많이 배우고 있는 거 같습니다. 이상입니다.","wordCount":152},"emotion":[],"intent":[{"text":"","expression":"","category":"attitude"}],"summary":{"text":"요즘 제 성장시켜 줄 수 있는 것을 생각하다가 최근에 돈을 공부하고 있습니다. 사람의 목표는 경제적인 자유를 획득하는 것이고 그것이 갖춰지게 되면 회사의 이익을 생각해 볼 수 있고 그것이 커져서 저 자신의 발전도 될 수 있다는 것을 느껴서 최근에 돈과 관련된 지식 쌓고 있는 중입니다.","wordCount":44}}},"rawDataInfo":{"question":{"fileFormat":"wav","fileSize":639438,"duration":19980,"samplingBit":16,"channelCount":1,"samplingRate":"16kHz","audioPath":"/Mock/03.PublicService/Male/Experienced/ckmk_q_ps_m_e_192218.wav"},"answer":{"fileFormat":"wav","fileSize":2695118,"duration":84220,"samplingBit":16,"channelCount":1,"samplingRate":"16kHz","audioPath":"/Mock/03.PublicService/Male/Experienced/ckmk_a_ps_m_e_192218.wav"}}}