{"version":"1.0","dataSet":{"info":{"date":"20230116","occupation":"PS","channel":"MOCK","place":"ONLINE","gender":"MALE","ageRange":"35-44","experience":"EXPERIENCED"},"question":{"raw":{"text":"지금부터 삼 년 뒤까지 삼 년 이내에 주요하게 생각하시는 성장 계획이나 목표가 있으신지요 그런 성장 계획과 목표에 대해서 자세한 설명 부탁드립니다","wordCount":21},"emotion":[],"intent":[]},"answer":{"raw":{"text":"아 지금부터 회사 입사 후에 삼 년 뒤 삼 년 뒤까지 제 주요 성장 계획이라고 하자면은 일단 사회적으로 안정적인 지위를 갖는 게 목표가 될 것 같습니다. 어 회사에 이제 삼 년 정도면 회사가 어떻게 돌아가는지 회사의 미래성이 무엇인지 회사가 원하는 목표가 무엇인지를 알 수 있을 것이고 그에 맞춰서 내 개인의 성장 내 개인의 목표가 이 설정이 될 겁니다. 어느 정도 십 년 중에 내 목표를 세웠다면 삼 년 뒤에는 어느 정도 내 안정적인 회사의 역할을 하고 있을 것이고 또 다음 상급 업무를 하는 데 있어서 내 자신이 무엇이 부족한지를 판단이 돼야 할 것이고 그런 것들을 보완해 나가다 보면 이 개인의 노하우나 경험으로 인해서 충분한 성장이 갖춰졌을 거라고 생각합니다. 그런 성장이 갖춰지지 않으면은 어느 정도의 목표에 이루는 데 있어서 부담이 될 것이고 자기 계발이나 내가 뭐 뭐 해외 출장이라든지 이런 경우 기회가 온다면은 그 기회를 잡아서 어 삼 년 뒤에는 어 충분히 안정적이 위치에 있지 않을까 싶습니다. 이상입니다.","wordCount":147},"emotion":[],"intent":[{"text":"","expression":"","category":"attitude"}],"summary":{"text":"회사 입사 후 삼 년 뒤까지 제 주요 성장 계획은 일단 사회적으로 안정적인 지위를 갖는 게 목표가 될 것 같습니다. 십 년 중에 제 목표를 세했다면 삼년 뒤에는 어느 정도 안정적인 회사의 역할을 하고 있을 것이고 다음 상급 업무를 하는 데 있어서 제 자신이 무엇이 부족한지를 판단해야 할 것이고 그런 것들을 보완해 나가다 보면 충분한 성장이 갖춰졌을 것입니다.","wordCount":58}}},"rawDataInfo":{"question":{"fileFormat":"wav","fileSize":519758,"duration":16239,"samplingBit":16,"channelCount":1,"samplingRate":"16kHz","audioPath":"/Mock/03.PublicService/Male/Experienced/ckmk_q_ps_m_e_192157.wav"},"answer":{"fileFormat":"wav","fileSize":2585038,"duration":80780,"samplingBit":16,"channelCount":1,"samplingRate":"16kHz","audioPath":"/Mock/03.PublicService/Male/Experienced/ckmk_a_ps_m_e_192157.wav"}}}