{"version":"1.0","dataSet":{"info":{"date":"20230116","occupation":"PS","channel":"MOCK","place":"ONLINE","gender":"MALE","ageRange":"55-","experience":"EXPERIENCED"},"question":{"raw":{"text":"지원자님이 살면서 가장 힘들었던 점은 무엇인가요 또한 그 점을 극복하기 위해 본인은 어떤 노력을 해 왔는지 함께 말씀해 주시길 바랍니다","wordCount":20},"emotion":[],"intent":[]},"answer":{"raw":{"text":"살면서 가장 힘들었던 점이 무엇입니까 또 그 점을 극복하기 위해 어떤 노력을 해 왔는지 궁금합니다. 예 제가 가장 힘들었던 점은 어 저런 어 회사를 운영하면서 부채가 많아 가지고 가장 힘들었습니다. 그런 부채들을 쉽게 이렇게 갚을 수 있는 부분은 아니었고 어떻게 보면 시간이 지나면서 더 늘어나는 그런 부분도 많이 있었습니다. 그럴 때마다 새롭게 도전하고 이렇게 새로운 일들을 많이 했었지만은 아 부담이 됩니다. 그럴 때마다 더욱 더 악수를 두는 경우도 많이 있었기 때문에 아 노력할 만큼 아 성과로 오지 않는 경우도 상당히 또한 많이 있습니다. 아 그래서 극복하기 위해서 제가 노력을 또한 많이 했습니다. 아 이쪽 저쪽으로 많이 뛰면서 또한 새로운 제품들 또 개발하고 새로운 시도를 또 많이 했습니다. 기존의 제품만 구애받지 않고 새로운 안 해 왔던 것들을 함으로 인해서 지금 제가 이렇게 봤을 때는 아 여러 가지의 그러한 경험이 쌓일 수 있었던 가장 좋은 아 기준이 되어 있지 않나 생각합니다. 제가 화학을 하고 있고 이공계이기 때문에 이공계적인 그런 생각도 있었지만 아 문과적인 생각으로도 많이 바꿀 수가 있었고 생활 용품이라든가 아니면 제가 전공하지 않앴던 어 그 이후에 그러한 아이템들과 이렇게 접목하게 되고 거래하게 되고 이런 것들이 또한 저에게 큰 어 도움이라고 할까 어 결과물이라고 할까요 예 그런 것들이 많이 생겼다고 봅니다. 어려웠을 때는 많은 시도를 했지만 지금은 그것이 어떻게 보면 자산이 되었다고 볼 수 있습니다.","wordCount":203},"emotion":[],"intent":[{"text":"","expression":"","category":"attitude"}],"summary":{"text":"가장 힘들었던 점은 회사를 운영하면서 부채가 많아 가지고 가장 힘들었습니다. 이것을 극복하기 위해서 노력을 많이 했습니다. 기존의 제품만 구애받지 않고 새로운 시도를 많이 함으로써 여러 가지의 경험이 쌓일 수 있었던 가장 좋은 기준이 되어 버렸습니다. 어려웠을 때는 많은 시도를 했지만 지금은 그것이 자산이 되었다고 볼 수 있습니다.","wordCount":47}}},"rawDataInfo":{"question":{"fileFormat":"wav","fileSize":589198,"duration":18410,"samplingBit":16,"channelCount":1,"samplingRate":"16kHz","audioPath":"/Mock/03.PublicService/Male/Experienced/ckmk_q_ps_m_e_242347.wav"},"answer":{"fileFormat":"wav","fileSize":3866318,"duration":120820,"samplingBit":16,"channelCount":1,"samplingRate":"16kHz","audioPath":"/Mock/03.PublicService/Male/Experienced/ckmk_a_ps_m_e_242347.wav"}}}