{"version":"1.0","dataSet":{"info":{"date":"20230116","occupation":"PS","channel":"MOCK","place":"ONLINE","gender":"MALE","ageRange":"35-44","experience":"EXPERIENCED"},"question":{"raw":{"text":"어 다른 지원자들에 비해 지원자님만이 가진 차별성과 장점을 어필해 주시길 바랍니다 어 어떤 것들이 있으신지 편하게 설명해 주세요","wordCount":18},"emotion":[],"intent":[]},"answer":{"raw":{"text":"어 여기에 있는 다른 지원자들에 비해 저만의 가진 차별성 장점에 대해서 어필할 수 있는 기회가 있다고 하면은 한 번 답변을 드려보겠습니다. 일단 여기 있는 지원자들을 비해서 제가 제일 경험이 많고 경력이 많을지 않을까 싶습니다. 네 그런 스펙이나 개인 능력도 굉장히 중요하지만 저는 그 몸으로 부딪쳐서 배운 경험이라든지 노하우라든지 이런 것들은 돈 주고도 살 수 없다고 생각합니다. 그런 경험과 노하우가 있어서 그런 응급한 상황이라든지 위험성이 있는 상황이라든지 이런 데 대처가 원활할 거라고 생각하기 때문에 그런 부분에 있어서 저는 저만의 이제 장점이자 그런 뭔가 다른 모습을 보여줄 수 있는 부분 중에 하나인 경험을 말씀드리고 싶습니다. 그 경험에서 나온 대처 능력이라든지 위기에 대한 그 효과적으로 대응할 수 있는 능력 그런 노하우들이 어 제 회사의 입사에서도 바로 적응할 수 있고 적용시킬 수 있는 부분이지 않을까 싶습니다. 네 이상입니다.","wordCount":124},"emotion":[],"intent":[{"text":"","expression":"","category":"attitude"}],"summary":{"text":"저는 응급한 상황 등에서 대처가 원활할 것이라고 생각하기 때문에 그 경험에서 나온 대처 능력, 위기에 대한 효과적 대응 능력 같은 노하우들이 제 회사의 입사에서도 바로 적응할 수 있고 적용시킬 수 있는 부분이라 생각합니다.","wordCount":33}}},"rawDataInfo":{"question":{"fileFormat":"wav","fileSize":448718,"duration":14020,"samplingBit":16,"channelCount":1,"samplingRate":"16kHz","audioPath":"/Mock/03.PublicService/Male/Experienced/ckmk_q_ps_m_e_214750.wav"},"answer":{"fileFormat":"wav","fileSize":2590798,"duration":80960,"samplingBit":16,"channelCount":1,"samplingRate":"16kHz","audioPath":"/Mock/03.PublicService/Male/Experienced/ckmk_a_ps_m_e_214750.wav"}}}