{"version":"1.0","dataSet":{"info":{"date":"20230116","occupation":"PS","channel":"MOCK","place":"ONLINE","gender":"MALE","ageRange":"-34","experience":"EXPERIENCED"},"question":{"raw":{"text":"지원자님이 그동안 살아오시면서 가장 힘들었던 경험은 어떤 것이 있으며 또 가장 보람 있었던 경험은 어떤 것이 있었는지 얘기해 주시기 바랍니다","wordCount":20},"emotion":[],"intent":[]},"answer":{"raw":{"text":"제가 사회에서 가장 힘들었던 것은 군대에서 였습니다. 제가 부사관으로 사 년 정도 근무를 했었었는데 이때 가장 힘들었던 것 같습니다. 아시다시피 군인은 훈련도 많고 당직 근무도 자주 서는 편입니다. 훈련을 나가다 보면 체력적으로도 많이 힘들고 당직 근무를 서면 밤낮이 바뀌기 때문에 체력적으로 많이 힘들었던 것 같습니다. 반대로 제가 가장 보람 있었던 일은 전역시킨 병사들이 나중에 연락이 왔을 땝니다. 같이 근무를 할 때는 그 소중함을 느끼지 못했는데 병사들이 전역하면서 저에게 연락이 와서 그동안 감사했다 많이 생각난다 라는 말을 했을 때 가장 보람 있었던 것 같습니다.","wordCount":83},"emotion":[{"text":"반대로 제가 가장 보람 있었던 일은 전역시킨 병사들이 나중에 연락이 왔을 땝니다.","expression":"p-achievement","category":"positive"},{"text":"같이 근무를 할 때는 그 소중함을 느끼지 못했는데 병사들이 전역하면서 저에게 연락이 와서 그동안 감사했다 많이 생각난다 라는 말을 했을 때 가장 보람 있었던 것 같습니다.","expression":"p-achievement","category":"positive"}],"intent":[{"text":"","expression":"","category":"attitude"}],"summary":{"text":"군인은 훈련도 많고 당직 근무도 자주 서는 편인데, 훈련을 나가다 보면 체력적으로도 많이 힘들었던 것 같습니다. 반대로 전역시킨 병사들이 나중에 연락이 와서 감사했다 많이 생각난다 라는 말을 했을 때 가장 보람 있었습니다.","wordCount":32}}},"rawDataInfo":{"question":{"fileFormat":"wav","fileSize":460878,"duration":14400,"samplingBit":16,"channelCount":1,"samplingRate":"16kHz","audioPath":"/Mock/03.PublicService/Male/Experienced/ckmk_q_ps_m_e_228771.wav"},"answer":{"fileFormat":"wav","fileSize":2222798,"duration":69460,"samplingBit":16,"channelCount":1,"samplingRate":"16kHz","audioPath":"/Mock/03.PublicService/Male/Experienced/ckmk_a_ps_m_e_228771.wav"}}}