{"version":"1.0","dataSet":{"info":{"date":"20230116","occupation":"PS","channel":"MOCK","place":"ONLINE","gender":"MALE","ageRange":"35-44","experience":"EXPERIENCED"},"question":{"raw":{"text":"지원자님은 이전 직장에서 퇴사한 후에 후회하신 적은 없나요 후회하신 적이 있다면 그 이유도 함께 말씀해 주세요","wordCount":16},"emotion":[],"intent":[]},"answer":{"raw":{"text":"많은 사람들이 현재 다니고 있는 직장에 대한 불만이 많아 퇴사할 것을 고민을 많이 합니다. 하지만 실제적으로 퇴사를 하고 다른 회사를 가보면 전 회사보다 못한 곳이 칠십 오 퍼센트가 넘는다고 합니다. 그 퇴사에 대한 후회는 바로 시스템과 사람과의 관계입니다. 회사에선 일만 잘하면 될 것 같지만 회사도 엄연한 조직이고 공동체입니다. 결국 내 업무만 잘해서 되는 것이 아니고 거기에 있는 직원들과 잘 어울리고 유대관계를 형성해야 회사도 오래 다닐 수 있고 잘 다닐 수 있는 것입니다. 이직을 했을 때 가장 힘들었던 것이 또 다른 회사의 기업 문화였습니다. 거기는 완전 군대 문화였고 수평이라는 말은 쓰지 않는 완전 수직적인 상하체계 관계였습니다. 전 회사는 수평적인 관계로 제가 매니저였지만 최고 말단 직원하고도 서로 존댓말을 쓰고 회식도 웬만하면 하지 않는 그런 수평적인 관계였다가 새로운 회사를 갔는데 모든 것이 군대이고 군대 문화에 익숙해져야 하고 대표이사 한 마디에 모든 사람들이 야근을 해할 수 밖에 없는 그런 수직적인 군대 문화에서 이직한 것 그것을 많이 후회했던 경험이 있습니다.","wordCount":145},"emotion":[],"intent":[{"text":"","expression":"","category":"attitude"}],"summary":{"text":"많은 사람들은 현재 직장에 대한 불만에 퇴사 고민을 많이 합니다. 하지만 실제적으로 퇴사를 하고 다른 회사를 가보면 전 회사보다 못한 곳이 70%가 넘습니다. 그 퇴사에 대한 후회는 시스템과 사람과의 관계입니다. 결국 제 업무만 잘하는 것이 아니고 직원들과 잘 어울리고 유대관계를 형성해야 회사도 오래 다닐 수 있고 잘 다닐 수 있는 것입니다.","wordCount":51}}},"rawDataInfo":{"question":{"fileFormat":"wav","fileSize":345678,"duration":10800,"samplingBit":16,"channelCount":1,"samplingRate":"16kHz","audioPath":"/Mock/03.PublicService/Male/Experienced/ckmk_q_ps_m_e_166979.wav"},"answer":{"fileFormat":"wav","fileSize":2526158,"duration":78940,"samplingBit":16,"channelCount":1,"samplingRate":"16kHz","audioPath":"/Mock/03.PublicService/Male/Experienced/ckmk_a_ps_m_e_166979.wav"}}}