{"version":"1.0","dataSet":{"info":{"date":"20230116","occupation":"PS","channel":"MOCK","place":"ONLINE","gender":"MALE","ageRange":"35-44","experience":"EXPERIENCED"},"question":{"raw":{"text":"사람들과 협업을 하면서 가장 어려웠던 점이 있었나요 있었다면 그것은 무엇이고 또 어떻게 극복했는지도 함께 말씀해 주세요","wordCount":16},"emotion":[],"intent":[]},"answer":{"raw":{"text":"네 사람들과 협업을 하면서 가장 어려웠던 점에서 답변 드리겠습니다. 일단 사람들 협업을 한다는 것은 어느 하나의 프로젝트나 어느 정도 목표가 정해져 있을 겁니다. 어떤 성과를 내기 위해서 서로 간에 협업을 하면서 협동을 하는 단계일 건데 일단 거기서 어려웠던 것들은 협업을 하면서 또 많은 갈등이 더 생길 수가 있습니다. 사람마다 생일 상 생각하는 가치관이 틀리기 때문에 그러다 보면 당연히 협업에 문제가 생길 것이고 또 이제 팀웍을 발휘하는 데 있어서도 큰 제한상이 될 겁니다. 그런 것들을 극복하기 위해서는 일단 상대방 의견을 존중해 주는 태도가 중요할 것 같고 또 상대방의 얘기를 잘 들어줄 수 있는 경청을 자세를 갖춘다면 상대방도 본인이 얘기했을 때 어 존중해 줄 수 있을 것이고 그렇게 서로 서로 배려하는 관계가 됐을 때 이제 협업이 만들어지고 또 그 프로젝트에서 한 가지의 목표만을 그래서 갈 수 있는 팀원들의 자세가 또 보일 수가 있을 겁니다. 그래서 그런 것들의 갈등을 최소화 시키는 게 가장 어려운 부분일 것 같고 그렇게 해서 극복할 수 있을 것 같습니다. 이상입니다.","wordCount":152},"emotion":[],"intent":[{"text":"그런 것들을 극복하기 위해서는 일단 상대방 의견을 존중해 주는 태도가 중요할 것 같고   또 상대방의 얘기를 잘 들어줄 수 있는 경청을 자세를 갖춘다면 상대방도 본인이 얘기했을 때 어 존중해 줄 수 있을 것이고   그렇게 서로 서로 배려하는 관계가 됐을 때 이제 협업이 만들어지고 또 그 프로젝트에서 한 가지의 목표만을   그래서 갈 수 있는 팀원들의 자세가 또 보일 수가 있을 겁니다.","expression":"c_cop","category":"personality"}],"summary":{"text":"사람들 협업은 어느 하나의 프로젝트나 어느 정도 목표가 정해져 있을 것인데 거기서 어려웠던 것들은 협업을 하면서 갈등이 더 생길 수가 있습니다. 그러기 위해서는 상대방 의견을 존중해 주는 태도가 중요하고 또 상대방의 얘기를 잘 들어줄 수 있는 경청의 자세를 갖춘다면 상대방도 존중해 줄 수 있을 것이고 그렇게 해서 극복할 수 있을 것 같습니다.","wordCount":52}}},"rawDataInfo":{"question":{"fileFormat":"wav","fileSize":585998,"duration":18310,"samplingBit":16,"channelCount":1,"samplingRate":"16kHz","audioPath":"/Mock/03.PublicService/Male/Experienced/ckmk_q_ps_m_e_196594.wav"},"answer":{"fileFormat":"wav","fileSize":2638798,"duration":82460,"samplingBit":16,"channelCount":1,"samplingRate":"16kHz","audioPath":"/Mock/03.PublicService/Male/Experienced/ckmk_a_ps_m_e_196594.wav"}}}