{"version":"1.0","dataSet":{"info":{"date":"20230116","occupation":"PS","channel":"MOCK","place":"ONLINE","gender":"MALE","ageRange":"35-44","experience":"EXPERIENCED"},"question":{"raw":{"text":"그 요즘 국민이 공직자에게 원하는 것은 무엇이라고 생각하시는지 말씀해 주시겠습니까","wordCount":10},"emotion":[],"intent":[]},"answer":{"raw":{"text":"네 국민이 공직자에게 바라는 것이 무엇이 있을까에 대해서 답변 드리겠습니다. 일단 공직자라 하면은 결국은 공무원 나라를 위한 서 일을 할 수 있는 뭐 경찰 군인 뭐 소방관 그 뭐 행정 공무원 등이 있을 건데 일단 국민이 공직자에게 원하는 것은 가장 신속하게 조치될 수 있는 그 원하는 것이 인제 국민일 것 같습니다. 그런 부분에서 이제 군인이라고 하면 나라의 안정을 지켜주고 나라에 그 재산에 위협에 대해서 보호할 수 있는 합법적인 기관이 될 것 같고 또 경찰은 치안이나 뭐 이런 것들에 대해서 국민의 안전을 책임져 줘야 할 것이고 네 소방관은 이제 뭐 불이 나거나 뭐 이런 위험 요소가 있을 때 조치해 줄 수 있는 거고 행정 공무원은 일단 뭐 나라에서 뭐 해주는 행정 업무들이나 이런 것들을 처리해 주면서 국민들이 세금을 내고 또 생활을 하는 데 있어서 도움을 줄 수 있다고 생각합니다. 그런 이제 덕목들을 잘 거쳐 주겨서 위해서 어 각자의 역할을 맡아서 해준다면은 공직자들이 역할을 충분히 할 수 있을 거라고 생각합니다. 이상입니다.","wordCount":149},"emotion":[],"intent":[{"text":"","expression":"","category":"attitude"}],"summary":{"text":"국민이 공직자에게 바라는 것이 무엇인지 답변 드리겠습니다. 공직자라 하면은 공무원 나라를 위한 일을 할 수 있는 경찰 군인, 소방관, 행정 공무원 등이 있을 텐데 국민이 원하는 것은 가장 신속하게 조치될 수 있는 것이 국민일 것 같습니다. 각자의 역할을 맡아서 해준다면 공직자들이 충분한 역할을 할 수 있을 것이라 생각합니다.","wordCount":48}}},"rawDataInfo":{"question":{"fileFormat":"wav","fileSize":511438,"duration":15980,"samplingBit":16,"channelCount":1,"samplingRate":"16kHz","audioPath":"/Mock/03.PublicService/Male/Experienced/ckmk_q_ps_m_e_196664.wav"},"answer":{"fileFormat":"wav","fileSize":2655438,"duration":82980,"samplingBit":16,"channelCount":1,"samplingRate":"16kHz","audioPath":"/Mock/03.PublicService/Male/Experienced/ckmk_a_ps_m_e_196664.wav"}}}