{"version":"1.0","dataSet":{"info":{"date":"20230116","occupation":"PS","channel":"MOCK","place":"ONLINE","gender":"MALE","ageRange":"35-44","experience":"EXPERIENCED"},"question":{"raw":{"text":"어 평소에 검색을 자주 하시겠죠 어 검색을 한다면은 어떤 검색을 주로 하시는지 그리고 왜 그런 검색을 하시는지도 궁금합니다 설명해 주세요","wordCount":20},"emotion":[],"intent":[]},"answer":{"raw":{"text":"어 평소 검색을 자주 하는 편입니다. 검색을 좋아하고 검색이 꼭 필요한 필수 요소이기 때문에 저는 인터넷 검색사라는 그런 자격증도 취득을 했었습니다. 그래서 이런 검색을 자주 하는 하는 것에 대해서는 어차피 지금 현대사회는 정보와의 싸움이다 그러니까 이런 정보를 놓치게 되면은 회사에 이익이라든지 개인의 발전이라든지 이런 것들을 꼭 필요한 요소이기 때문에 어 뉴스 검색이라든지 아니면 뭐 궁금한 사항이 있으면 뭐 유튜브나 뭐 네이버 어 또는 구글을 이용해서 그때그때 바로 해소하는 편입니다. 근데 요즘에 유투브 시대가 와서 정말 내가 관심 있는 분야라든지 뭐 궁금한 분야가 있을 때 이 유투브라는 것이 정말 빨리 그런 정보에서 어 습득할 수 있게 해 줄 술 수 있지 않나 이렇게 생각하고 있습니다. 그래서 어 유투브라는 것은 점점 더 발전할 것 같고 많은 사람들이 필요로 하지 않을까 싶습니다. 그래서 이런 정보화 시대에서는 살아남기 위해서는 이런 검색하는 능력을 계속 키워서 어 정보를 그때그때 바로 바로 업데이트 되는 그런 게 필요할 것 같습니다. 네 이상입니다.","wordCount":144},"emotion":[],"intent":[{"text":"","expression":"","category":"attitude"}],"summary":{"text":"평소 검색을 자주 하는 편인데, 현대사회는 정보와의 싸움이기 때문입니다. 그래서 뉴스 검색이나 궁금한 사항이 있으면 유튜브나 네이버 또는 구글을 이용해서 그때그때 바로 해소하는 편입니다. 요즘 유투브는 점점 더 발전할 것 같고 많은 사람들이 필요로 할 것 같습니다. 그래서 검색 능력을 계속 키워서 정보를 그때그때 즉시 업데이트하는 게 필요합니다.","wordCount":48}}},"rawDataInfo":{"question":{"fileFormat":"wav","fileSize":397838,"duration":12430,"samplingBit":16,"channelCount":1,"samplingRate":"16kHz","audioPath":"/Mock/03.PublicService/Male/Experienced/ckmk_q_ps_m_e_145471.wav"},"answer":{"fileFormat":"wav","fileSize":2727118,"duration":85220,"samplingBit":16,"channelCount":1,"samplingRate":"16kHz","audioPath":"/Mock/03.PublicService/Male/Experienced/ckmk_a_ps_m_e_145471.wav"}}}