{"version":"1.0","dataSet":{"info":{"date":"20230116","occupation":"PS","channel":"MOCK","place":"ONLINE","gender":"MALE","ageRange":"35-44","experience":"EXPERIENCED"},"question":{"raw":{"text":"남을 잘 이끄는 리더형과 남을 잘 따르는 팔로워형 이 둘 중에 본인은 어떤 유형인지 또한 그렇게 생각하는 이유는 무엇인지 설명해 주세요","wordCount":21},"emotion":[],"intent":[]},"answer":{"raw":{"text":"저는 남을 잘 이끄는 리더 형입니다. 제가 지금까지 오십 개가 넘는 프로젝트 영어 동아리 테니스 동아릴 하면서 저는 항상 리더의 길을 걸어왔습니다. 모든 사람들이 리더가 될 수 없고 모든 사람들이 팔러워가 될 수는 없지만 저 같은 경우는 사람들의 특징 어떤 점이 부족한지 어떤 것을 잘 하는지를 먼저 파악하여 그 사람들을 각자의 분야에 적재 적소에 배치를 하는 것을 잘 합니다. 리더는 무조건 강력하게 독단적이고 독선적인 것이 필요한 게 아니라 사람들과 소통을 하고 어떻게 하면 이 사람이 능력을 길러서 이 회사 또는 이 조직에서 시너지를 낼 수 있는지를 파악하고 그것을 배분하는 것입니다. 저는 오히려는 팔로우 형으로 있으면 무능한 리더나 바보 같은 리더 밑에 있으면 답답함이 많기 때문에 저는 남을 이끄는 리더 형으로 살아가는 것이 저한테 훨씬 더 도움이 된다고 생각합니다.","wordCount":118},"emotion":[],"intent":[{"text":"리더는   무조건 강력하게 독단적이고 독선적인 것이 필요한 게 아니라 사람들과 소통을 하고   어떻게 하면 이 사람이 능력을 길러서 이 회사 또는 이 조직에서 시너지를 낼 수 있는지를 파악하고 그것을 배분하는 것입니다.","expression":"c_value","category":"background"},{"text":"저는 오히려는 팔로우 형으로 있으면 무능한 리더나 바보 같은 리더 밑에 있으면 답답함이 많기 때문에 저는 남을 이끄는 리더 형으로 살아가는 것이 저한테 훨씬 더 도움이 된다고 생각합니다.","expression":"p_proac","category":"attitude"}],"summary":{"text":"저는 사람을 잘 이끄는 리더 형입니다. 리더는 독단적이고 독선적인 것이 필요한 게 아니라 사람들과 소통을 하고 어떻게 하면 이 사람이 능력을 길러서 이 회사 또는 이 조직에서 시너지를 낼 수 있는지를 파악하고 그것을 배분하는 것입니다.","wordCount":35}}},"rawDataInfo":{"question":{"fileFormat":"wav","fileSize":600398,"duration":18760,"samplingBit":16,"channelCount":1,"samplingRate":"16kHz","audioPath":"/Mock/03.PublicService/Male/Experienced/ckmk_q_ps_m_e_192847.wav"},"answer":{"fileFormat":"wav","fileSize":1819598,"duration":56860,"samplingBit":16,"channelCount":1,"samplingRate":"16kHz","audioPath":"/Mock/03.PublicService/Male/Experienced/ckmk_a_ps_m_e_192847.wav"}}}