{"version":"1.0","dataSet":{"info":{"date":"20230116","occupation":"PS","channel":"MOCK","place":"ONLINE","gender":"MALE","ageRange":"35-44","experience":"EXPERIENCED"},"question":{"raw":{"text":"지원자님께서는 평소에 개인 작업을 많이 하시는 편이신가요 그렇게 할 수 있는 원동력은 무엇이라고 생각하시는가요","wordCount":14},"emotion":[],"intent":[]},"answer":{"raw":{"text":"어 평소에 개인 작업을 많이 하는 편인가와 또 그 원동력은 무엇인가에 대해서 답변 드리겠습니다. 어 결국 개인 작업이라는 것은 어 자기의 정말 본연의 해야 할 일만도 있을 것이고 전 본인의 욕심에 의해서 일을 더 추가적으로 할 수 있을 것입니다. 네 그런 원동력은 결국 다음 상급 업무를 할 수 있는 능력을 만들기 위한 과제이고 또 거기서 개인 하는 작업들을 많이 인정을 받고 성과가 있어야만 다음 승진 자리도 욕심을 가져 볼 수 있다고 생각을 합니다. 그렇기 때문에 결국은 자기의 인지도와 그러한 자존감을 올리기 위해서 개인 작업을 하지 않을까 싶은데 어 뭐 이 일만 일만 노력을 해서 해도 될 일을 사 회 역할을 줘서 할 수도 있는 것이고 나는 이 완성도를 한 오십 프로만 줘도 되는 것인데 백 프로의 완성도를 주기 위해서 노력을 할 수 있는 것이기 때문에 이런 개인 작업하는 시간을 지금은 다 배운다고 생각하고 많이 하고 있는 편입니다. 그래서 어 분명히 성공할 수 있게끔 또 상급자에게 인정을 받고 싶은 마음에 이런 개인 작업이 있을 때는 정말 시간 할애를 많이 합니다. 제 야간도 하면서 주말에도 출근해서 뭐 오탈자는 있는지 없는지 아니면 이 리서치 된 부분이 뭐가 놓쳤고 아 이 부분을 더 추가하면 뭐가 더 좋을까 라고 계속 고민을 하다 보면 시간이 많이 소요가 되는데 그런 시간대를 가지면서 저만의 이제 노하우가 만들어진다고 생각하기 때문에 그 시간이 아깝다기보다는 저에게 많은 그런 부분에 의해 좀 원동력이 생기지 않을까 싶습니다. 이상입니다.","wordCount":215},"emotion":[],"intent":[{"text":"","expression":"","category":"attitude"}],"summary":{"text":"개인 작업의 원동력은 상급 업무를 할 수 있는 능력을 만들기 위한 과제이고 그 결과물로 자신의 인지도와 자존감을 높일 수 있다고 생각합니다. 그래서 개인 작업을 할 때는 시간 할애를 많이 하는데 그 시간이 아깝다기보다는 저만의 노하우가 만들어진다 생각하기 때문에 많은 부분에 의해 좀 원동력이 생기지 않을까 생각합니다.","wordCount":46}}},"rawDataInfo":{"question":{"fileFormat":"wav","fileSize":373838,"duration":11680,"samplingBit":16,"channelCount":1,"samplingRate":"16kHz","audioPath":"/Mock/03.PublicService/Male/Experienced/ckmk_q_ps_m_e_229919.wav"},"answer":{"fileFormat":"wav","fileSize":3649358,"duration":114040,"samplingBit":16,"channelCount":1,"samplingRate":"16kHz","audioPath":"/Mock/03.PublicService/Male/Experienced/ckmk_a_ps_m_e_229919.wav"}}}