{"version":"1.0","dataSet":{"info":{"date":"20230116","occupation":"PS","channel":"MOCK","place":"ONLINE","gender":"MALE","ageRange":"35-44","experience":"EXPERIENCED"},"question":{"raw":{"text":"지원자님께서 직장을 선택할 때 가장 중요하게 생각하는 세 가지가 있다면 각각 무엇인지 말씀을 해주세요","wordCount":14},"emotion":[],"intent":[]},"answer":{"raw":{"text":"직장을 선택할 때 가장 중요한 것은 연봉입니다. 연봉은 제가 생활해 나갈 수 있는 기초 자산이기 때문에 연봉이 이왕이면 조금 높은 높은 곳으로 고르는 경향이 있습니다. 두 번째는 바로 비전입니다. 이 회사로 이직을 할 때 또는 이 회사로 입사를 할 때 과연 오 년 후 십 년 후 십오 년 후 내 미래가 그려질 것인가 이 사업이 방향성은 제대로 갖추고 있고 또는 사양 산업은 아닌지 앞으로 미래지향적인 지를 고민을 많이 합니다. 세 번째 어떻게 보면 가장 결정적이면서 중요한 것일 수도 있는데요 바로 회사 내부 분위기입니다. 이 회사 내부 분위기는 제가 처음에 입사할 때 절대 느끼지 못하지만 두 달 세 달 일 년 오 년을 다니면서도 절대 바꿀 수 없는 것이 회사 분위기이기 때문에 회사 분위기를 알기 위해서 어떻게든 사전조사를 많이 하게 됩니다. 분위기가 안 좋으면 다른 팀원 또는 다른 팀 같은 팀끼리도 협업이 안되고 협업이 안되다 보면 성과는 저조해질 수 밖에 없습니다. 조직 경영 이론이나 마케팅 이론에 따르면 아무리 좋은 사업 아이템을 갖췄어도 직원들끼리 사이가 좋지 않거나 협업이 안 되면 시너지는 나지 않는다는 결과가 있습니다. 그래서 저는 이 분위기를 가장 중요하게 생각합니다.","wordCount":171},"emotion":[],"intent":[{"text":"","expression":"","category":"attitude"}],"summary":{"text":"직장 선택 시 가장 중요한 것은 연봉입니다. 두 번째는 비전입니다. 세 번째는 회사 내부 분위기입니다. 회사 분위기를 알기 위해 사전조사를 많이 합니다. 조직 경영 이론이나 마케팅 이론에 따르면 아무리 좋은 사업 아이템을 갖췄어도 직원들끼리 사이가 좋지 않거나 협업이 안 되면 시너지는 나지 않는다는 결과가 나왔습니다. 그래서 이 분위기를 가장 중요하게 생각합니다.","wordCount":51}}},"rawDataInfo":{"question":{"fileFormat":"wav","fileSize":353998,"duration":11060,"samplingBit":16,"channelCount":1,"samplingRate":"16kHz","audioPath":"/Mock/03.PublicService/Male/Experienced/ckmk_q_ps_m_e_156519.wav"},"answer":{"fileFormat":"wav","fileSize":2727438,"duration":85230,"samplingBit":16,"channelCount":1,"samplingRate":"16kHz","audioPath":"/Mock/03.PublicService/Male/Experienced/ckmk_a_ps_m_e_156519.wav"}}}