{"version":"1.0","dataSet":{"info":{"date":"20230116","occupation":"PS","channel":"MOCK","place":"ONLINE","gender":"MALE","ageRange":"35-44","experience":"EXPERIENCED"},"question":{"raw":{"text":"만약 지원자님께서 우리 회사에 입사한 후에 기존에 원하던 일을 못 하게 된다면 어떻게 하시겠습니까 또 그렇게 하실 이유에 대해서도 함께 설명해 주시기 바랍니다","wordCount":23},"emotion":[],"intent":[]},"answer":{"raw":{"text":"어 입사 후에 제가 하던 일 원하던 일을 못하게 되었을 경우에는 그 상황에 맞게끔 또 맞춰서 진행을 해야 할 것 같습니다. 어차피 한 가지 일만 할 수는 없습니다. 뭐 인사 쪽도 해보면 뭐 이런 다른 업무도 해 봐야 하기 때문에 뭐 생산 파트에만 있는 것도 아니고 또 사무 파트에도 있을 겁니다. 그 다 할 줄 알고 다 적응을 하고 다 경험이 있어야만 결국은 리더의 자리로 갈 수 있고 상급 업무에 대해서 알 수 있기 때문에 그런 부분에서는 쪼금 더 빨리 다른 일을 배우게 되었구나 라고 생각할 수 있는 그런 긍정적인 자세를 갖춘다면은 어떤 일을 주어지더라도 그 일에 대해서 적응하거나 빨리 그 일원이 될 수 있는 데에는 개인의 노력이 제일 중요할 것 같습니다. 그런 부분에서는 또 하다 보면은 또 자기가 원했던 일을 또 할 수 있을 것이고 이렇게 하다 보면 여러 가지에 경험과 안에 스펙이 도 쌓여서 정말 유능한 직원이 될 수 있지 않을까 생각하기 때문에 그런 거에 대해서는 전혀 뭐 부정적이거나 뭐 불만을 가질 요소가 아닐 것 같습니다. 이상입니다.","wordCount":159},"emotion":[],"intent":[{"text":"어 입사 후에 제가 하던 일 원하던 일을 못하게 되었을 경우에는   그 상황에 맞게끔 또 맞춰서 진행을 해야 할 것 같습니다.","expression":"c_adp","category":"personality"},{"text":"그 다 할 줄 알고 다 적응을 하고 다 경험이 있어야만   결국은 리더의 자리로 갈 수 있고 상급 업무에 대해서 알 수 있기 때문에 그런 부분에서는 쪼금 더 빨리 다른 일을 배우게 되었구나 라고 생각할 수 있는 그런 긍정적인 자세를 갖춘다면은   어떤 일을 주어지더라도 그 일에 대해서 적응하거나 빨리   그 일원이 될 수 있는 데에는 개인의 노력이 제일 중요할 것 같습니다.","expression":"c_adp","category":"personality"}],"summary":{"text":"어떤 일을 하더라도 적응하거나 빨리 그 일원이 될 수 있는 데에는 개인의 노력이 제일 중요합니다. 여러 가지 경험과 스펙이 더 쌓여서 정말 유능한 직원이 될 수 있지 않을까 생각하기 때문에 그런 거에 대해서는 전혀 부정적이거나 불만을 가질 요소가 아닐 것 같습니다.","wordCount":41}}},"rawDataInfo":{"question":{"fileFormat":"wav","fileSize":588238,"duration":18380,"samplingBit":16,"channelCount":1,"samplingRate":"16kHz","audioPath":"/Mock/03.PublicService/Male/Experienced/ckmk_q_ps_m_e_196669.wav"},"answer":{"fileFormat":"wav","fileSize":2586318,"duration":80820,"samplingBit":16,"channelCount":1,"samplingRate":"16kHz","audioPath":"/Mock/03.PublicService/Male/Experienced/ckmk_a_ps_m_e_196669.wav"}}}