{"version":"1.0","dataSet":{"info":{"date":"20230116","occupation":"PS","channel":"MOCK","place":"ONLINE","gender":"MALE","ageRange":"45-54","experience":"EXPERIENCED"},"question":{"raw":{"text":"당신은 프로젝트를 진행해 본 경험이 있나요 지금까지 어떠한 프로젝트를 경험해 보았는지 그리고 그 경험을 이 직무에 어떻게 적용시킬 것인지에 대해 말해주세요","wordCount":21},"emotion":[],"intent":[]},"answer":{"raw":{"text":"네 저는 경력직인 만큼 수많은 프로젝트를 진행해 왔습니다. 때로는 뭐 실패하기도 하고 때로는 어 좋은 성과를 거두어서 회사로부터 뭐 칭찬도 받고 뭐 그랬습니다. 어 그중에서 제 나름 가장 좀 기억에 남는 프로젝트는 동남아 시장 개척 프로젝트였습니다. 당시 회사에서는 어 만든 제품의 막 팔 구십 프로를 다 중국에다가 몰빵으로 수출하는 수출을 하고 있는 상태였습니다. 저는 어 이것이 약간 만약에 중국과의 문제가 생기면 너무 많은 재고가 쌓이고 어 그럴 걸 대비해서 동남아 시장으로 진출을 해야 된다고 계속 주장을 해왔지만 현재에서는 뭐 회사에서는 당연한 선택이라고 생각합니다. 지금 뭐 잘 팔리고 있고 그게 문제가 없는데 굳이 시장을 다른 데로 바꿔야 될 필요가 없었던 거죠. 그러다가 그 싸드 문제가 테 터지면서 어 갑자기 그 중국으로 수출하던 수출길이 끊기고 뭐 공장에는 막 재고가 쌓이기 시작했습니다. 저는 그때 제가 준비했던 뭐 뭐 채택은 되지 않았지만 동남아 시장 진출 프로젝트를 계속 나름 보완을 해 왔고 있었기 때문에 그때 동남아 시장으로 바꾸면서 나름 회사의 위기를 극복했던 경험이 있습니다.","wordCount":149},"emotion":[],"intent":[{"text":"","expression":"","category":"attitude"}],"summary":{"text":"저는 경력직인 만큼 수많은 프로젝트를 진행해 왔는데, 그중 동남아 시장 개척 프로젝트가 가장 기억에 남습니다. 당시 회사는 중국에만 몰빵으로 수출하고 있었는데, 중국과 문제가 생길 것을 대비해서 동남아 시장으로 진출을 해야 한다고 주장했습니다. 그 싸드 문제가 터지면서 중국으로 수출하던 수출길이 끊기고 재고가 쌓였습니다. 그때 위기를 극복했던 경험이 있습니다.","wordCount":47}}},"rawDataInfo":{"question":{"fileFormat":"wav","fileSize":686798,"duration":21460,"samplingBit":16,"channelCount":1,"samplingRate":"16kHz","audioPath":"/Mock/03.PublicService/Male/Experienced/ckmk_q_ps_m_e_106781.wav"},"answer":{"fileFormat":"wav","fileSize":2683598,"duration":83860,"samplingBit":16,"channelCount":1,"samplingRate":"16kHz","audioPath":"/Mock/03.PublicService/Male/Experienced/ckmk_a_ps_m_e_106781.wav"}}}