{"version":"1.0","dataSet":{"info":{"date":"20230116","occupation":"PS","channel":"MOCK","place":"ONLINE","gender":"MALE","ageRange":"35-44","experience":"EXPERIENCED"},"question":{"raw":{"text":"지원자님께서 지금 읽고 계신 책이 있는지 있다면 무슨 책인지 궁금합니다 그리고 왜 그 책을 읽으시는지도 함께 말씀 부탁드리겠습니다","wordCount":18},"emotion":[],"intent":[]},"answer":{"raw":{"text":"최근에 읽기 시작한 책은 시크릿 끌어당김의 법칙 이라는 내용입니다. 끌어당김의 법칙은 내가 어떤 하고자 하는 일 원하는 일을 지속적으로 생각하고 계획하면 결국은 그 진동수와 주파수가 일치하여 결국 나에게 다가온다는 약간 미신적이고 종교적인 내용 같지만 양자 역학의 이론에 의하면 실제로 이거는 가능한 일이라고 합니다. 예를 들어서 제가 꼴프를 좋아하는데 꼴프를 잘 쳐야겠다 라는 생각만 하는 사람과 꼴프에 대한 생각을 맨날 하여 실천하는 사람은 분명히 다른 결과를 가져온다는 것입니다. 단순히 꼴프를 잘 치고 싶다 라는 생각만 하는 사람과 꼴프를 잘 쳐야겠다 라고 실천을 하는 사람은 지속적으로 꼴프에 대한 내용을 공부하고 꼴프의 메카니즘을 익히고 잘 치는 꼴프 선수의 스윙 폼을 따라하면서 항상 노력을 하게 됩니다. 그리고 꼴프를 못 쳤을 때 스스로 왜 못쳤는지에 대한 좌절을 할 것이 아니라 다음엔 잘 치겠지 라는 마음으로 지속적으로 데이터를 분석하고 기록해 두면 다음엔 똑같은 실수를 덜 하게 되고 그러다 보면 자연스럽게 꼴프에 대한 전문가가 되게 돼 있습니다. 이런 것이 시크릿 끌어당김의 법칙이고 스스로 업무에 대해서도 잘하고 싶어 끌어 당김의 법칙에 대해서 지속적으로 읽고 공부하고 있습니다.","wordCount":158},"emotion":[],"intent":[{"text":"","expression":"","category":"attitude"}],"summary":{"text":"시크릿 끌어당김의 법칙은 원하는 일을 꾸준히 계획하면 결국 진동수와 주파수가 일치하여 결국 자신에게 다가옵니다. 양자 역학의 이론에 의하면 실제로 이것은 가능한 일입니다. 단순히 꼴프를 잘하고 싶다 라는 생각을 하는 사람과 꼴프에 대한 생각을 매일 하여 실천하는 사람은 분명히 다른 결과를 가져옵니다.","wordCount":41}}},"rawDataInfo":{"question":{"fileFormat":"wav","fileSize":460878,"duration":14400,"samplingBit":16,"channelCount":1,"samplingRate":"16kHz","audioPath":"/Mock/03.PublicService/Male/Experienced/ckmk_q_ps_m_e_172434.wav"},"answer":{"fileFormat":"wav","fileSize":2811278,"duration":87850,"samplingBit":16,"channelCount":1,"samplingRate":"16kHz","audioPath":"/Mock/03.PublicService/Male/Experienced/ckmk_a_ps_m_e_172434.wav"}}}