{"version":"1.0","dataSet":{"info":{"date":"20230116","occupation":"PS","channel":"MOCK","place":"ONLINE","gender":"MALE","ageRange":"35-44","experience":"EXPERIENCED"},"question":{"raw":{"text":"지원자님이 선호하시는 업무 방식은 팀 단위 업무인가요 혼자 일하는 방식인가요 그렇다면 그 이유도 함께 설명해 주시겠어요","wordCount":16},"emotion":[],"intent":[]},"answer":{"raw":{"text":"조직 생활에서 가장 필요한 것이 팀워크 입니다.당연히 저는 팀으로 일하는 것이 가장 편하고 가장 효과가 많이 난다 라는 통계를 가지고 있습니다. 혼자 일하는 것은 혼자 일할 수 밖에 없는 물류 패킹이라든가 아니면 창의적인 일 혼자만 할 수 있는 독보적인 일이 아니면 혼자 하는 일보다 팀으로 일하는 것이 훨씬 더 도움이 많이 되고 상부상조 덕업 상권이라는 말이 있습니다. 상부상조는 서로 도와서 서로 부족한 부분을 채운다는 것입니다. 팀으로 같이 일을 하다 보면 그 누군가가 실수하거나 누군가가 결원이 생겼을 때 서로 서로 도와가면서 시너지를 낼 수 있으 있지만 혼자 일하게 되다 보면 혼자 빠르게 치고 나갈 수 있지만 중간에 어떤 변수가 생겼을 때 막혀버리면 그 사람을 도와줄 수 있는 상황이 안 되게 됩니다. 예전에 혼자 가면 빠르게 갈 수 있지만 여럿이 가면 멀리 갈 수 있다 라는 표현이 있습니다. 즉 생산에서도 봤을 때 혼자서 하루 종일 열 대의 자동차를 생산할 수 있지만 열 명이서 하면 백 대가 아니라 백 십 대 이상을 조립할 수 있고 생산할 수 있다 라는 연구 결과치를 보면 결국 사람은 서로서로 부족한 부분을 채워가면서 여럿이 일하는 게 더 큰 성과를 낸다는 것으로 알고 있고 저 역시도 그래서 팀제로 일하는 것을 훨씬 더 선호하고 있습니다.","wordCount":185},"emotion":[{"text":"상부상조는   서로 도와서 서로 부족한 부분을 채운다는 것입니다.","expression":"u-fact","category":"neutral"},{"text":"예전에 혼자 가면 빠르게 갈 수 있지만   여럿이 가면 멀리 갈 수 있다 라는 표현이 있습니다.","expression":"u-fact","category":"neutral"}],"intent":[{"text":"조직 생활에서 가장 필요한 것이 팀워크 입니다.","expression":"c_cop","category":"personality"},{"text":"당연히 저는 팀으로 일하는 것이 가장 편하고 가장 효과가 많이 난다 라는   통계를 가지고 있습니다.","expression":"c_cop","category":"personality"},{"text":"혼자 일하는 것은 혼자 일할 수 밖에 없는 물류 패킹이라든가 아니면   창의적인 일 혼자만 할 수 있는 독보적인 일이 아니면 혼자 하는 일보다 팀으로 일하는 것이 훨씬 더 도움이 많이 되고 상부상조 덕업 상권이라는 말이 있습니다.","expression":"c_cop","category":"personality"},{"text":"팀으로 같이 일을 하다 보면   그 누군가가 실수하거나 누군가가 결원이 생겼을 때 서로 서로 도와가면서 시너지를 낼 수 있으 있지만 혼자 일하게 되다 보면 혼자 빠르게 치고 나갈 수 있지만 중간에 어떤 변수가 생겼을 때 막혀버리면   그 사람을 도와줄 수 있는 상황이 안 되게 됩니다.","expression":"c_cop","category":"personality"}],"summary":{"text":"조직 생활에서 팀워크가 가장 필요한 것 같습니다. 서로 도와서 서로 부족한 부분을 채워가는 것이 팀워크로 더 큰 성과를 내는 것으로 알고 있고 저 역시도 그래서 팀제로 일하는 것을 훨씬 더 선호하고 있습니다.","wordCount":32}}},"rawDataInfo":{"question":{"fileFormat":"wav","fileSize":395598,"duration":12360,"samplingBit":16,"channelCount":1,"samplingRate":"16kHz","audioPath":"/Mock/03.PublicService/Male/Experienced/ckmk_q_ps_m_e_166981.wav"},"answer":{"fileFormat":"wav","fileSize":2743118,"duration":85720,"samplingBit":16,"channelCount":1,"samplingRate":"16kHz","audioPath":"/Mock/03.PublicService/Male/Experienced/ckmk_a_ps_m_e_166981.wav"}}}