{"version":"1.0","dataSet":{"info":{"date":"20230116","occupation":"PS","channel":"MOCK","place":"ONLINE","gender":"MALE","ageRange":"35-44","experience":"EXPERIENCED"},"question":{"raw":{"text":"어 이 사회에서 나눔과 베품은 상당히 중요한 요소라고 생각을 해요 나눔과 베품에 대해서 본인은 어떻게 생각하고 계시는지 왜 이것이 필요하고 좋은지도 그렇게 생각한다면 함께 말씀 부탁드립니다","wordCount":26},"emotion":[],"intent":[]},"answer":{"raw":{"text":"네 나눔과 베품에 대해서 또는 이것이 왜 필요하고 또 어느 영향력을 끼치는지에 대해서 답변드리겠습니다. 나눔하고 베품에 대해서는 같은 원리일 수도 있습니다. 하지만 틀린 말이고 나눈다는 것은 나의 뭐 갖고 있는 어느 정도의 뭐 영향력이나 뭐 이런 것들을 나눠주는 게 있고 또 부하 직원이나 또 아랫 사람들에게 베푸는 그런 부분이 필요할 것 같습니다. 그리고 또 어떤 부분이 더욱더 효율적으로 당하기 위해서는 서로 사람 대 사람으로서 관계에서도 충분히 이런 나눔과 베품이 필요하다고 생각합니다. 나의 능력이나 내가 갖고 있는 어느 정도의 그 직위를 활용해서 나눠주거나 또 더 베풀어준다고 생각하면은 어 결국 그게 희생이 될 수도 있을 것 같습니다. 나의 나의 이익을 포기하고 주변 사람에게 나눠주고 베풀어주는 그런 관계가 된다고 하면은 더욱더 영향력 있는 그런 팀이 될 수 있고 또 그게 많은 도움이 돼서 그 성과를 낼 수 있는 그런 팀이 될 수 있을 것 같습니다. 이상입니다.","wordCount":133},"emotion":[],"intent":[{"text":"","expression":"","category":"attitude"}],"summary":{"text":"나눔과 베품에 대해서는 같은 원리일 수도 있지만 틀린 말이고 나눔은 저의 어떤 정도의 영향력 등을 나눠주는 게 있고 또 부하 직원이나 아랫 사람들에게 베푸는 그런 부분이 필요할 것 같습니다. 또 어떤 부분이 더욱더 효율적으로 당하기 위해서는 서로 사람 대 사람으로서 관계에서도 충분히 이런 나눔과베품이 필요하다고 생각합니다.","wordCount":46}}},"rawDataInfo":{"question":{"fileFormat":"wav","fileSize":654798,"duration":20460,"samplingBit":16,"channelCount":1,"samplingRate":"16kHz","audioPath":"/Mock/03.PublicService/Male/Experienced/ckmk_q_ps_m_e_214814.wav"},"answer":{"fileFormat":"wav","fileSize":2635598,"duration":82360,"samplingBit":16,"channelCount":1,"samplingRate":"16kHz","audioPath":"/Mock/03.PublicService/Male/Experienced/ckmk_a_ps_m_e_214814.wav"}}}