{"version":"1.0","dataSet":{"info":{"date":"20230116","occupation":"PS","channel":"MOCK","place":"ONLINE","gender":"MALE","ageRange":"-34","experience":"EXPERIENCED"},"question":{"raw":{"text":"어떤 문제에 부딪쳤을 경우에는 혼자 해결하시나요 아니면 여러 사람들에게 이야기를 하시나요","wordCount":11},"emotion":[],"intent":[]},"answer":{"raw":{"text":"어떠한 문제에 부딪쳤을 때 저는 처음에 혼자 해결하려고 하는 편입니다. 제가 아는 부분에서 혼자 해결할 수 있는 능력이 갖추어져 있으면 혼자 해결해야 하는 게 맞다고 생각합니다. 다만 저 혼자서 해결할 수 없는 부분의 문제이면 선임 직원이나 팀원들에게 이 문제에 대해 어떻게 해결해 나가야 하는 지에 대해 조언과 도움을 요청할 것 같습니다. 혼자 해결할 수 있는 부분은 혼자 해결하는 게 맞고 그러지 않을 경우엔 여러 사람들에게 자문을 구하는 것이 저는 옳다고 생각합니다. 그러기 때문에 저는 이렇게 시행할 것입니다.","wordCount":77},"emotion":[],"intent":[{"text":"","expression":"","category":"attitude"}],"summary":{"text":"혼자 해결할 수 있는 부분은 혼자 해결하는 게 맞고 그렇지 않을 경우엔 여러 사람들에게 자문을 구하는 것이 옳다고 생각합니다. 그렇기 때문에 저는 이렇게 시행할 것입니다.","wordCount":25}}},"rawDataInfo":{"question":{"fileFormat":"wav","fileSize":238478,"duration":7450,"samplingBit":16,"channelCount":1,"samplingRate":"16kHz","audioPath":"/Mock/03.PublicService/Male/Experienced/ckmk_q_ps_m_e_241705.wav"},"answer":{"fileFormat":"wav","fileSize":2435278,"duration":76100,"samplingBit":16,"channelCount":1,"samplingRate":"16kHz","audioPath":"/Mock/03.PublicService/Male/Experienced/ckmk_a_ps_m_e_241705.wav"}}}