{"version":"1.0","dataSet":{"info":{"date":"20230116","occupation":"PS","channel":"MOCK","place":"ONLINE","gender":"MALE","ageRange":"-34","experience":"EXPERIENCED"},"question":{"raw":{"text":"다른 계열사도 있는데 이 계열사에 지원해 주신 특별한 이유가 있으십니까","wordCount":10},"emotion":[],"intent":[]},"answer":{"raw":{"text":"저는 일단 이러한 분야의 계열사에서 일을 한 경험이 있습니다. 이 분야 쪽으로 직업을 가지려고 비슷한 분야의 대학교 학과도 나왔습니다. 제 앞으로의 미래를 이쪽 분야의 계열사로 마음을 먹었기 때문에 이렇게 지원을 하게 되었습니다. 여기 계열사가 가지고 있는 특별함이 저를 더욱더 빛나고 굳건하게 만들며 제 자신을 성장 시켜 줄 수 있을 거라 생각해 이쪽으로 지원하게 되었습니다.","wordCount":54},"emotion":[],"intent":[{"text":"제 앞으로의 미래를 이쪽 분야의 계열사로 마음을 먹었기 때문에 이렇게 지원을 하게 되었습니다.","expression":"c_sincere_job","category":"etc"},{"text":"여기 계열사가 가지고 있는 특별함이 저를 더욱더 빛나고 굳건하게 만들며 제 자신을 성장 시켜 줄 수 있을 거라 생각해 이쪽으로 지원하게 되었습니다.","expression":"c_sincere_job","category":"etc"}],"summary":{"text":"저는 이 분야의 계열사에서 일을 한 경험이 있습니다. 계열사의 특별함이 제 자신을 더욱 빛나고 굳건하게 만들며 제 자신을 성장시켜 줄 거라고 생각해 지원하게 되었습니다.","wordCount":24}}},"rawDataInfo":{"question":{"fileFormat":"wav","fileSize":354958,"duration":11090,"samplingBit":16,"channelCount":1,"samplingRate":"16kHz","audioPath":"/Mock/03.PublicService/Male/Experienced/ckmk_q_ps_m_e_241706.wav"},"answer":{"fileFormat":"wav","fileSize":1894478,"duration":59200,"samplingBit":16,"channelCount":1,"samplingRate":"16kHz","audioPath":"/Mock/03.PublicService/Male/Experienced/ckmk_a_ps_m_e_241706.wav"}}}