{"version":"1.0","dataSet":{"info":{"date":"20230116","occupation":"PS","channel":"MOCK","place":"ONLINE","gender":"MALE","ageRange":"35-44","experience":"EXPERIENCED"},"question":{"raw":{"text":"일을 하다 보면 협업을 할 일이 많이 생길 수도 있는데 이전 직장에서나 대학에서 협업을 할 때 어려운 점은 없으셨나요","wordCount":19},"emotion":[],"intent":[]},"answer":{"raw":{"text":"네 협업에 관련돼서 어 협업은 꼭 필수 요소이기 때문에 그 부분이 많이 할 일이 생길 수 있고 어려운 부분에 대해서 어 답변 드리도록 하겠습니다. 어 협업은 어 어느 회사에서나 뭐 자기가 가진 직업에서나 협업은 꼭 필요하고 없어서는 안 될 존재입니다. 사람이 결국은 사랑과 더불어서 살아가야만 살아갈 수 있는 것인 것처럼 협업을 뺄 수가 없을 겁니다. 네 여기서 이제 가장 어려운 점은 협업을 해줄 때 어 저를 반대로 생각해서 제가 협업을 요청한게 아니라 요청을 받았을 때를 생각해보면은 그 사람이 누구냐 내가 어느 정도 친분이 있고 아는 사람이냐에 따라서 백 프로의 전념을 다해서 협업을 해 줄 것인지 아니면 뭐 대충 대충 뭐 한 오십 프로 한 삼십 프로 정도만 협업을 했을 것이 인지에 대해서 판단을 할 겁니다. 그러면 상대방도 분명히 그럴 겁니다. 그러기 때문에 제가 말하는 쟁점은 협업은 결국 이런 인간관계가 매우 중요하다. 그 부분에 대해서 말씀드린 거고 그렇게 협업이 원활하게 이루어지기 위해서는 어 친분도 쌓고 또 많은 관계도 형성이 돼야 하고 또 그걸 유지까지 해줘야 합니다. 그 관계가 끝나버리는 관계가 아닌 유지를 해주게 되어야 또 지속적으로 업무하는 데 있어서 도움 받을 부분을 받고 또 도움을 줄 수 있는 부분 도움을 주고 해서 그래야 많은 협업 관계가 만들어지지 않을까 싶습니다. 그래서 어려운 점이 바로 이런 관계 형성을 지속적으로 해줘야 하고 또 유지를 해줘야 한다는 게 협업에서 가장 어려운 부분이지 않을까 싶습니다. 네 이상입니다.","wordCount":211},"emotion":[],"intent":[{"text":"","expression":"","category":"attitude"}],"summary":{"text":"협업은 꼭 필수 요소입니다. 협업은 인간관계가 매우 중요하기 때문에 인간관계가 원활하게 이루어지게 하기 위해서는 친분도 쌓고 또 많은 관계도 형성이 되어야 하고 또 유지까지 해줘야 합니다. 그 관계가 끝나버리는 관계가 아니라 유지를 해주게 되어야 또 지속적으로 업무하는 데 있어서 도움을 받을 부분을 받고 또 도움이 줄 수 있는 부분 도움으로 많은 협업 관계가 만들어지리라 생각합니다.","wordCount":55}}},"rawDataInfo":{"question":{"fileFormat":"wav","fileSize":337038,"duration":10530,"samplingBit":16,"channelCount":1,"samplingRate":"16kHz","audioPath":"/Mock/03.PublicService/Male/Experienced/ckmk_q_ps_m_e_229913.wav"},"answer":{"fileFormat":"wav","fileSize":3662158,"duration":114440,"samplingBit":16,"channelCount":1,"samplingRate":"16kHz","audioPath":"/Mock/03.PublicService/Male/Experienced/ckmk_a_ps_m_e_229913.wav"}}}