{"version":"1.0","dataSet":{"info":{"date":"20230116","occupation":"PS","channel":"MOCK","place":"ONLINE","gender":"MALE","ageRange":"35-44","experience":"EXPERIENCED"},"question":{"raw":{"text":"지원자님께서 가지고 있는 상위 일 퍼센트의 특별한 능력이 있다면 그 능력을 최대한 자세하게 말씀해 주시겠습니까","wordCount":15},"emotion":[],"intent":[]},"answer":{"raw":{"text":"어 저의 이제 저만의 갖고 있는 일 퍼센트의 능력이 있다고 생각하는 것은 일단은 많은 경험과 상대방을 좀 설득시킬 수 있는 그런 친화력 그런 것들이 저의 능력이라고 생각합니다. 이런 능력에 대해서 말씀을 드리자면 일단 상대방을 감동시키고 내 사람을 만드는 게 중요한데 여기서 중요한 것이 저는 절대 법칙이 있습니다. 절대 사람과 사람의 관계에 있어서 적을 만들지 말자 입니다. 어 적이 점점 많아 지게 되면 그 적들의 힘이 서 세지게 되고 그러다 보면 저에게 분명히 악 효과를 끼치는 걸 알기 때문에 절대 적을 만들지 않고 내 편을 많이 만들려고 노력을 합니다. 그런 데 있어서 친화력이라든지 상대방을 설득할 수 있는 상대방을 내 편으로 끌어 당길 수 있는 그런 능력이 저는 있다고 생각하기 때문에 그런 것들을 더욱더 부각시키고 강화시켜서 한다면 앞으로 무슨 힘든 일이 있건 어떤 어 윗 단계로 가기 위한 과정이 있을 때에 많은 도움이 될 수 있는 걸 알고 있기 때문에 그 부분이 제가 남들이 갖지 못한 남들보다 좀 더 강한 능력이 될 수 있을 것 같습니다. 이상입니다.","wordCount":155},"emotion":[{"text":"절대 사람과 사람의 관계에 있어서 적을 만들지 말자 입니다.","expression":"u-belief","category":"neutral"}],"intent":[{"text":"","expression":"","category":"attitude"}],"summary":{"text":"상대방을 설득시키거나 친화력이 좋은것이 저의 능력이라고 생각합니다. 이러한 점을 더 부각시키고 강화시킨다면 제가 남들보다 더 강한 능력을 지닐 수 있을 것 같습니다.","wordCount":22}}},"rawDataInfo":{"question":{"fileFormat":"wav","fileSize":412238,"duration":12880,"samplingBit":16,"channelCount":1,"samplingRate":"16kHz","audioPath":"/Mock/03.PublicService/Male/Experienced/ckmk_q_ps_m_e_192162.wav"},"answer":{"fileFormat":"wav","fileSize":2657358,"duration":83040,"samplingBit":16,"channelCount":1,"samplingRate":"16kHz","audioPath":"/Mock/03.PublicService/Male/Experienced/ckmk_a_ps_m_e_192162.wav"}}}