{"version":"1.0","dataSet":{"info":{"date":"20230116","occupation":"PS","channel":"MOCK","place":"ONLINE","gender":"MALE","ageRange":"45-54","experience":"EXPERIENCED"},"question":{"raw":{"text":"상사가 회사의 이익에 반하는 행동을 하는 것을 직접 목격했다면 그때는 어떻게 행동을 하시겠습니까","wordCount":13},"emotion":[],"intent":[]},"answer":{"raw":{"text":"어 이와 같은 일이 안 생겼으면 하고 제 주변에 이런 분이 없기를 바라지만 뭐 만에 하나래도 어 이런 분이 제 주위에 있고 그것을 제가 알게 되었다고 하면 저는 당연히 회사에다 알립니다. 뭐 이거는 뭐 상사가 그랬던 동료가 그랬던 부하직원이 그랬던 그거 뭐 직책은 별로 상관이 없습니다. 어쨌던 간에 회사에서 회사와 계약을 하고 회사의 이익을 위해서 일을 하고 회사로부터 어 급여를 받는 입장이기 때문에 뭐 상사가 회사에 이익을 반하는 행동을 했다 그러면 그건 당연히 회사에다가 알리는 게 맞다고 생각합니다. 그렇게 하는 것이 오히려 그 사람이 그 상사가 더 큰 잘못을 하기 전에 막는 방법 그 사람을 위하는 방법일 수도 있다고 저는 생각을 합니다. 어 단지 어 이런 거는 좀 한 번 정도 생각해 봐야 될 것 같습니다. 뭐 회사가 공공의 이익을 해치고 있는데 그것을 만약에 말씀처럼 뭐 상사가 어 뭐 내부 고발을 한다라든지 뭐 회사의 비리라든지 어쨌던 간에 그것도 회사에서 봤을 때는 회사 이익을 반하는 어 행동이니깐요. 그래서 그런 경우를 제외하고는 저는 반드시 회사에다가 일을 알리겠습니다.","wordCount":155},"emotion":[],"intent":[{"text":"","expression":"","category":"attitude"}],"summary":{"text":"상사가 회사에 이익을 반하는 행동을 했다면 당연히 회사에다가 알리는 게 맞다고 생각합니다. 그것이 오히려 그 상사가 더 큰 잘못을 하기 전에 막는 방법 그 사람을 위하는 방법일 수도 있습니다. 회사 공공의 이익을 해치고 있는 것은 회사 이익을 반하는 행동인 경우를 제외하고는 반드시 회사에다가 일을 알리겠습니다.","wordCount":45}}},"rawDataInfo":{"question":{"fileFormat":"wav","fileSize":339918,"duration":10620,"samplingBit":16,"channelCount":1,"samplingRate":"16kHz","audioPath":"/Mock/03.PublicService/Male/Experienced/ckmk_q_ps_m_e_108401.wav"},"answer":{"fileFormat":"wav","fileSize":2884558,"duration":90140,"samplingBit":16,"channelCount":1,"samplingRate":"16kHz","audioPath":"/Mock/03.PublicService/Male/Experienced/ckmk_a_ps_m_e_108401.wav"}}}