{"version":"1.0","dataSet":{"info":{"date":"20230116","occupation":"PS","channel":"MOCK","place":"ONLINE","gender":"MALE","ageRange":"55-","experience":"EXPERIENCED"},"question":{"raw":{"text":"몇 년 전에 우버 택시와 관련해 가지고 논란이 있었던 걸 알고 계실 겁니다 지원자님께서는 찬반 양론에 대해 각각 어떻게 생각하세요","wordCount":20},"emotion":[],"intent":[]},"answer":{"raw":{"text":"음 저는 이게 뭐 저랑 저랑 제 견해가 필요한 질문인가요 이게. 뭐 우선 물어보시니까 얘기를 하자면 글쎄요. 저는 우선 사회가 조금 가짓수가 다양해야 된다는 입장이라서 기존의 택시 사업을 바라볼 때 지금 개인 택시들이 현저히 줄고 있고 그리고 택시 기사 기사님들 자체가 많이 지금 네 전향을 하고 있는 상태이기 때문에 어떤 큰 규모에서의 택시업이 그런 대기업이 또 들어와서 하게 된다면 이를 어떤 대규모 런칭인 거죠 어떻게 보면. 그랬을 때 좀 이 사양 산업 같은 이 업계를 조금 활성화를 다시 시켜주지 않을까. 그러한 부분으로 보면 저건 전 조금 긍정적으로 볼 수 있다는 생각이 듭니다.","wordCount":92},"emotion":[],"intent":[{"text":"","expression":"","category":"attitude"}],"summary":{"text":"사회가 조금 가짓수가 다양해야 된다는 입장이라서 기존의 택시 사업을 바라볼 때 어떤 큰 규모에서의 택시업이 대기업이 또 들어와서 하게 된다면 좀 사양 산업 같은 이 업계를 조금 활성화 시켜주지 않을까 합니다.","wordCount":31}}},"rawDataInfo":{"question":{"fileFormat":"wav","fileSize":505038,"duration":15780,"samplingBit":16,"channelCount":1,"samplingRate":"16kHz","audioPath":"/Mock/03.PublicService/Male/Experienced/ckmk_q_ps_m_e_160777.wav"},"answer":{"fileFormat":"wav","fileSize":2752078,"duration":86000,"samplingBit":16,"channelCount":1,"samplingRate":"16kHz","audioPath":"/Mock/03.PublicService/Male/Experienced/ckmk_a_ps_m_e_160777.wav"}}}