{"version":"1.0","dataSet":{"info":{"date":"20230116","occupation":"PS","channel":"MOCK","place":"ONLINE","gender":"MALE","ageRange":"-34","experience":"EXPERIENCED"},"question":{"raw":{"text":"어 지원자님이 생각하시기에 본인의 성격상 장점과 단점에 대해서 각각 말씀해 주시길 바랍니다 어 구체적인 예시를 들어서 설명해 주세요","wordCount":18},"emotion":[],"intent":[]},"answer":{"raw":{"text":"저의 성격의 장점은 꼼꼼하다는 것입니다. 제 성격이 꼼꼼하기 때문에 어떤 일을 하더라도 실수를 적게 했던 것 같습니다. 특히 아르바이트를 하거나 공부를 할 때 꼼꼼한 저의 성격이 장점으로 작용했었는데요. 아르바이트를 할 때 꼼꼼하게 일을 하다 보니 실수를 하거나 아니면 오탈자가 나는 경우가 적었던 것 같습니다. 반대로 저의 단점은 제가 소심하다는 것입니다. 소심한 성격 때문에 처음 본 사람을 만나거나 많은 사람이 있는 곳에 가면 말을 잘 못하는 성격입니다. 이런 성격을 고치기 위해 동호회 활동을 하면서 다양한 사람들을 만날려고 노력을 하고 있고 처음 만나는 사람들을 만날려고 노력하고 있습니다.","wordCount":85},"emotion":[],"intent":[{"text":"저의 성격의 장점은 꼼꼼하다는 것입니다.","expression":"c_person","category":"background"},{"text":"제 성격이 꼼꼼하기 때문에 어떤 일을 하더라도 실수를 적게 했던 것 같습니다.","expression":"c_person","category":"background"},{"text":"반대로 저의 단점은 제가 소심하다는 것입니다.","expression":"c_person","category":"background"},{"text":"소심한 성격 때문에 처음 본 사람을 만나거나 많은 사람이 있는 곳에 가면 말을 잘 못하는 성격입니다.","expression":"c_person","category":"background"}],"summary":{"text":"저는 성격이 꼼꼼하기 때문에 어떤 일을 하더라도 실수를 적게 했던 것 같습니다. 반대로 저는 소심합니다. 이런 성격을 고치기 위해 동호회 활동을 하면서 다양한 사람들을 만날려고 노력하고 있습니다.","wordCount":27}}},"rawDataInfo":{"question":{"fileFormat":"wav","fileSize":471438,"duration":14730,"samplingBit":16,"channelCount":1,"samplingRate":"16kHz","audioPath":"/Mock/03.PublicService/Male/Experienced/ckmk_q_ps_m_e_228763.wav"},"answer":{"fileFormat":"wav","fileSize":2167118,"duration":67720,"samplingBit":16,"channelCount":1,"samplingRate":"16kHz","audioPath":"/Mock/03.PublicService/Male/Experienced/ckmk_a_ps_m_e_228763.wav"}}}