{"version":"1.0","dataSet":{"info":{"date":"20230116","occupation":"PS","channel":"MOCK","place":"ONLINE","gender":"MALE","ageRange":"35-44","experience":"EXPERIENCED"},"question":{"raw":{"text":"귀하께서는 민원인과 상담 중 민원인이 본인에게 욕을 한다면 어떻게 하시겠습니까 본인에 민원인에 대한 태도를 말씀해 주세요","wordCount":16},"emotion":[],"intent":[]},"answer":{"raw":{"text":"공무원이나 공기관에 일하는 공직자들은 민원인들과 부딪치는 것이 어쩌면 필수적인 요소입니다. 실제로 공무원들 중에 팔십 퍼센트 이상은 민원인들에게 욕을 먹거나 구타를 당한 적이 있다 라는 통계가 있습니다. 민간인들이 저희에게 욕을 한다면 그 욕은 월급에 포함된 것이라고 생각하여 자연스럽게 물을 흘러 넘기듯이 넘기겠습니다. 물론 갑자기 있다가 민원인들에게 욕을 먹으면 누구나 기분은 좋지 않을 수 있습니다. 하지만 그 민원인 뿐만 아니라 앞으로도 많은 민원인을 상대해야 되고 또 특이한 십 퍼센트 십 오 퍼센트의 성향을 가진 민원인들이 있기 때문에 이런 것 또한 그냥 넘겨야지 라는 생각을 하고 일을 해야 됩니다. 그렇지 않으면 민원인들과 매번 싸움을 일으킬 수 밖에 없습니다. 예를 들어 민원인이 다짜고짜 전화를 해서 저한테 뭐라고 말하고 욕을 한다면 그냥 듣고 가만히 있습니다. 그러면 또 욕을 할 것입니다. 그러면 또 가만히 있습니다. 사람은 대꾸를 하지 않으면 스스로 지치게 되어 있습니다. 그러면서 그 사람이 세 번 정도 욕을 하고 어느 정도 화가 가라앉았다고 생각했을 때 고객님 무슨 일 때문에 그러시나요 정말 죄송합니다 제가 도와드릴 수 있는 건 무엇이든 도와드리겠습니다 라고 하면 어느새 민원인도 지치고 마음이 풀려서 원만하게 해결되는 경우가 많을 것입니다.","wordCount":167},"emotion":[],"intent":[{"text":"그러면서   그 사람이 세 번 정도 욕을 하고 어느 정도 화가 가라앉았다고 생각했을 때 고객님 무슨 일 때문에 그러시나요 정말 죄송합니다","expression":"p_voc","category":"technology"},{"text":"제가 도와드릴 수 있는 건 무엇이든 도와드리겠습니다 라고 하면   어느새 민원인도 지치고 마음이 풀려서 원만하게 해결되는 경우가 많을 것입니다.","expression":"p_voc","category":"technology"}],"summary":{"text":"공무원이나 공기관에 일하는 공직자들은 민원인들과 부딪치는 것이 필수적인 요소입니다. 앞으로 많은 민원인을 상대해야 하므로 이런 것도 그냥 넘겨야 한다는 생각을 하고 일을 해야 됩니다. 그렇지 않으면 매번 싸움을 일으킬 수 밖에 없습니다. 사람이 대꾸를 하지 않으면 스스로 지치게 됩니다. 그러면서 제가 도와드릴 수 있는 건 무엇이든 도와드리겠습니다 라고 하면 어느새 민원인도 지쳐서 원만하게 해결되는 경우가 많을 것입니다.","wordCount":57}}},"rawDataInfo":{"question":{"fileFormat":"wav","fileSize":516238,"duration":16129,"samplingBit":16,"channelCount":1,"samplingRate":"16kHz","audioPath":"/Mock/03.PublicService/Male/Experienced/ckmk_q_ps_m_e_177454.wav"},"answer":{"fileFormat":"wav","fileSize":2810958,"duration":87840,"samplingBit":16,"channelCount":1,"samplingRate":"16kHz","audioPath":"/Mock/03.PublicService/Male/Experienced/ckmk_a_ps_m_e_177454.wav"}}}