{"version":"1.0","dataSet":{"info":{"date":"20230116","occupation":"PS","channel":"MOCK","place":"ONLINE","gender":"MALE","ageRange":"45-54","experience":"EXPERIENCED"},"question":{"raw":{"text":"본인의 그 장점과 단점을 설명해 주시구요 그 장점과 단점들을 특화시키고 또 극복하기 위해서 하신 노력도 함께 어떤 뭐 경험이나 이런 부분 예를 들어서 말씀해 주세요","wordCount":25},"emotion":[],"intent":[]},"answer":{"raw":{"text":"저의 큰 장점은 어 친화력이라고 할 수 있습니다. 제가 어 오 남매 중에 셋째인데요. 그까 아무래도 그 어렸을 때부터 많은 그 형제들 사이에서 어 자라다 보니깐 어 자연스럽게 사람들과의 친화력이 어 생길 수밖에 없더라고요. 그리고 제가 중간에 입장이 있다 보니까 아랫사람 동생의 입장도 생각해 줘야 되고 또 위에 형 누나들의 그 어떤 생각도 해야 되고 해서 어떤 그 중간에서의 어떤 역할을 굉장히 잘 하게 되더라구요. 그래서 사회에 나와서도 어 그런 성격 때문에 어 굉장히 쉽게 어 사람들하고 친해질 수 있게 되었습니다. 그리고 장 단점이라고 하면은 저는 크게 어 없다고 생각하는데 어 주변에서는 약간 이제 말이 너무 많다 아 요런 것을 이 단점으로 꼽긴 하는데 저는 단점이 없다고 생각합니다.","wordCount":108},"emotion":[{"text":"제가   어 오 남매 중에 셋째인데요.","expression":"u-fact","category":"neutral"}],"intent":[{"text":"저의 큰 장점은 어 친화력이라고 할 수 있습니다.","expression":"c_person","category":"background"},{"text":"제가   어 오 남매 중에 셋째인데요.","expression":"c_private","category":"background"},{"text":"그까 아무래도 그 어렸을 때부터 많은 그 형제들 사이에서   어 자라다 보니깐 어 자연스럽게 사람들과의 친화력이   어 생길 수밖에 없더라고요.","expression":"c_private","category":"background"}],"summary":{"text":"친화력이라는 장점을 가지고 있는데, 어렸을 때부터 많은 형제들 사이에서 자라다보니 자연스럽게 사람들과의 친화력이 생겼기 때문입니다. 중간의 역할을 잘 하게 되어 사회에서도 사람들과 쉽게 친해질 수 있었습니다. 단점은 말을 너무 많이 하는 것입니다.","wordCount":32}}},"rawDataInfo":{"question":{"fileFormat":"wav","fileSize":671438,"duration":20980,"samplingBit":16,"channelCount":1,"samplingRate":"16kHz","audioPath":"/Mock/03.PublicService/Male/Experienced/ckmk_q_ps_m_e_109161.wav"},"answer":{"fileFormat":"wav","fileSize":2524878,"duration":78900,"samplingBit":16,"channelCount":1,"samplingRate":"16kHz","audioPath":"/Mock/03.PublicService/Male/Experienced/ckmk_a_ps_m_e_109161.wav"}}}