{"version":"1.0","dataSet":{"info":{"date":"20230116","occupation":"PS","channel":"MOCK","place":"ONLINE","gender":"MALE","ageRange":"35-44","experience":"EXPERIENCED"},"question":{"raw":{"text":"이전 직장에서 퇴사한 것을 후회하신 적은 없으신가요 만약 후회하셨다면 왜 후회하셨는지 함께 말씀해 주세요","wordCount":14},"emotion":[],"intent":[]},"answer":{"raw":{"text":"어 제가 이 회사를 지원하기 전에 이제 다니던 회사가 있습니다. 그리고 이제 좀 소규모 회사였는데 그 소규모 회사를 퇴사를 결심했던 이유 중의 하나는 어 일단 회의감이 들었고 매너리즘이 좀 빠졌던 것 같고 어 다음날 일어난 일 일 주일 한 달 일 년 십 년 뒤에 모습이 보였던 회사였습니다. 그런 것들에 대해서 비전을 좀 느끼지 못했고 그래서 퇴사 후에 지 이 회사를 이제 아 아 지원하게 되었는데 후회는 안 합니다. 절대 후회는 안 하고 제 선택이 맞다고 생각하고 있습니다. 그 이유는 제가 이 회사를 들어오게 된다면은 이 회사는 비전이 있다고 생각합니다. 비전이 있다는 것은 그 회사의 직원들도 비전이 생기는 겁니다. 미래성있고 뭔가의 목표가 생길 것이고 회사가 커지면 개인도 커지는 거기 때문에 그런 거에 대한 성과 성취율 이런 것들을 가질 수 있기 때문에 그런 것 대해서는 조금 더 빨리 나와서 도전을 해 봐야 하지 않을까 싶지 후회가 되지는 않습니다. 조금 아쉬운 거는 이제 편해 했던 업무 방식 이런 것들은 기억에 남을 것 같습니다 .이상입니다.","wordCount":152},"emotion":[],"intent":[{"text":"","expression":"","category":"attitude"}],"summary":{"text":"이 회사를 지원하기 전 소규모 회사를 퇴사한 이유는 회의감, 매너리즘, 미래에 대한 비전이 없었기 때문입니다. 하지만 이 회사에 들어오면 직원들과 회사도 비전이 생기고 성과 성취율도 높일 수 있기 때문에 후회는 하지 않습니다.","wordCount":32}}},"rawDataInfo":{"question":{"fileFormat":"wav","fileSize":382478,"duration":11950,"samplingBit":16,"channelCount":1,"samplingRate":"16kHz","audioPath":"/Mock/03.PublicService/Male/Experienced/ckmk_q_ps_m_e_192216.wav"},"answer":{"fileFormat":"wav","fileSize":2649678,"duration":82800,"samplingBit":16,"channelCount":1,"samplingRate":"16kHz","audioPath":"/Mock/03.PublicService/Male/Experienced/ckmk_a_ps_m_e_192216.wav"}}}