{"version":"1.0","dataSet":{"info":{"date":"20230116","occupation":"PS","channel":"MOCK","place":"ONLINE","gender":"MALE","ageRange":"55-","experience":"EXPERIENCED"},"question":{"raw":{"text":"지원자님이 가진 차별성 장점에 대해 어필할 수 있다면 어떤 것이 있을까요","wordCount":11},"emotion":[],"intent":[]},"answer":{"raw":{"text":"어 제가 밤잠이 없습니다. 네 그까 제가 좀 원래 체질 자체가 올빼미 체질이어가지고 업무 하는데 오히려 이게 다른 업무에 비해 특히나 이 업무가 제가 가진 저의 체질에 정말 딱 알맞는 일이라고 생각을 했었고요. 그래서 저는 이 일을 하면서 제 체질이 어 득이 되면 득이 됐지 네 안 좋았던 적이 없습니다. 저희는 뭐 밤에도 근무하고 하기 때문에 주 야간 이렇게 다 근무를 하기 때문에 그래서 처음에 이 일을 했을 때도 뭐 동료들이 아마 좀 힘들 거다 초반에 적응하느라 이런 얘기도 많이 하셨었는데 저는 전혀 그 수면 패턴으로 힘들어 한 적은 이 일을 하면서 한 번도 없습니다. 그래서 이것만으로도 사실 엄청난 장점이 될 수 있는 건 어 힘들어하지 않고 제 정신이라는 거 그래서 제가 실수할 그런 가능성도 남들에 비해 현저히 줄 줄어 있다는 거라고 말씀을 드릴 수 있을 거 같애요.","wordCount":128},"emotion":[],"intent":[{"text":"","expression":"","category":"attitude"}],"summary":{"text":"올빼미 체질인 저는 이 업무를 하면서 체질이 득이 되면 득이 되지 안 좋았던 적이 없습니다. 이 일을 하면서 수면 패턴으로 힘들어 한 적은 한 번도 없습니다. 이것만으로도 엄청난 장점이 될 수 있는 건, 힘들어하지 않고 제 정신이라는 거 그래서 실수할 가능성도 남들에 비해 현저히 줄 줄어 있다는 것입니다.","wordCount":48}}},"rawDataInfo":{"question":{"fileFormat":"wav","fileSize":310478,"duration":9700,"samplingBit":16,"channelCount":1,"samplingRate":"16kHz","audioPath":"/Mock/03.PublicService/Male/Experienced/ckmk_q_ps_m_e_179333.wav"},"answer":{"fileFormat":"wav","fileSize":2876878,"duration":89900,"samplingBit":16,"channelCount":1,"samplingRate":"16kHz","audioPath":"/Mock/03.PublicService/Male/Experienced/ckmk_a_ps_m_e_179333.wav"}}}