{"version":"1.0","dataSet":{"info":{"date":"20230116","occupation":"PS","channel":"MOCK","place":"ONLINE","gender":"MALE","ageRange":"35-44","experience":"EXPERIENCED"},"question":{"raw":{"text":"지원자님께서는 전공과 관련해서 최근 부족하다고 느끼고 따로 공부를 하고 있는 분야가 있으십니까 있다면 그 부분에 대해서 설명 부탁드리겠습니다","wordCount":18},"emotion":[],"intent":[]},"answer":{"raw":{"text":"어 제가 요즘 제 전공과 관련해서 이제 경영학과를 나왔는데 그 부분에 의해서 좀 부족하다고 느끼고 있는 부분에 대해서 어 그래서 지금 준비하고 있는 자격증 공부를 하고 있는 분야에 대해서 답변 드리도록 하겠습니다. 어 지금 모든 기업이 마케팅 전략에 의해서 보면은 이런 포피 전략을 많이 취하는 것 같습니다. 기업에서 디자인도 하고 생산도 해내고 또 영업도 따로 하고 또 유통까지 그리고 마지막 관리 주적까지 하는 그런 모든 분야를 다 한 계에서 옛날에는 파트를 나눠서 진행했는데 이런 포피 전략을 많이 취하는 것 같습니다. 제가 이 디자인만 하고 경영만 해서는 안 될 것 같아서 요즘에 유통 쪽에 대해서 공부를 하고 있습니다 유통 관리사 라는 자격증을 준비하고 있는데 어 제가 이렇게 만들 줄 만 하고 디자인만 할 줄 알았지 이거를 제가 유통 시키는 거에 대해서는 생각을 해 본 적이 없는데 이게 어떻게 유통이 되고 유통이 됐을 때 얼마의 비용이 들고 그런 것들을 알게 되니까 회사의 흐름을 더 이해할 수 있었고 회사의 이익에 창출이 되기 위해서는 이런 부분에서는 전략이 대하고 이런 것들이 눈에 보이기 시작했던 겁니다. 그래서 이런 유통까지 지금 하고 있는데 다음에는 이런 추적 관리까지 할 수 있는 이 씨에스 파트 씨에스 파트까지 한번 공부를 하게 되면은 이런 폭폐 전략과 거의 다 모든 전략을 다 제 머릿속에 넣고 있지 않을까 싶어서 이 포피 질량을 요구하다 보니 개인적으로 따로 공부를 하고 있는 것 같습니다. 이상입니다.","wordCount":209},"emotion":[],"intent":[{"text":"","expression":"","category":"attitude"}],"summary":{"text":"디자인만 하고 경영만 해서는 안 될 것 같아서 최근에 유통 쪽에 대해서 공부를 하고 있는데 유통 관리사 자격증을 준비하고 있는데 유통을 하게 됐을 때 회사의 흐름을 더 이해할 수 있었고 회사의 이익에 창출이 되기 위해서는 이런 부분에서의 전략이 눈에 보이기 시작했습니다. 다음에는 이 씨에스 파트씨에스 파트까지 한번 공부를 하게 되면은 이런 폭폐 전략과 거의 다 모든 전략을 제 머릿속에 넣고 있지 않을까 해서 따로 공부를 하고 있는 것 같습니다.","wordCount":69}}},"rawDataInfo":{"question":{"fileFormat":"wav","fileSize":441678,"duration":13800,"samplingBit":16,"channelCount":1,"samplingRate":"16kHz","audioPath":"/Mock/03.PublicService/Male/Experienced/ckmk_q_ps_m_e_229920.wav"},"answer":{"fileFormat":"wav","fileSize":3568398,"duration":111510,"samplingBit":16,"channelCount":1,"samplingRate":"16kHz","audioPath":"/Mock/03.PublicService/Male/Experienced/ckmk_a_ps_m_e_229920.wav"}}}