{"version":"1.0","dataSet":{"info":{"date":"20230116","occupation":"PS","channel":"MOCK","place":"ONLINE","gender":"MALE","ageRange":"55-","experience":"EXPERIENCED"},"question":{"raw":{"text":"만약 일을 하면서 어 상사가 회사의 이익에 반하는 행동을 하는 것을 직접 목격을 했어요 알게 된 거예요 그럼 그때 어떻게 대응하시겠습니까","wordCount":21},"emotion":[],"intent":[]},"answer":{"raw":{"text":"상사가요 오 그냥 그러지 않을 것 같은데요. 그러는 이유가 있을 텐데 네 저는 그 이유를 좀 알아야 먼저 좀 나름대로 알아봐야 될 거 같애요. 회사에 이익에 반하는 게 뭐 회사의 부분으로 잘못된 거지 제 기준에서 그게 잘못된 행동은 아니잖아요 엄밀히 따지면. 제 기준에선 반 하든 말든이죠 사실. 근데 어 그렇게 할 만한 이유가 분명히 있을 거고 그게 나름대로 또 타당하고 올바른 부분이라면 어 제가 할 수 있는 한 부분에서 도움과 어떤 응원 그리고 지지 이런 부분들을 제가 조금 뒤에서 도맡아서 할 수 있지 않을까 합니다. 네 또 그 이것도 너무 부정적인 부분이구요. 회사를 바라보는 관점은 꼭 회사라고 해서 항상 뭐 나쁘거나 이런 게 아니라 소수가 좋고 다수가 나쁘고 이런 게 아니기 때문에 다양한 부분으로 그냥 생각이 들어서 얘기를 해 본 것 뿐입니다.","wordCount":122},"emotion":[],"intent":[{"text":"","expression":"","category":"attitude"}],"summary":{"text":"회사 이익에 반하는 것이 회사의 부분으로 잘못된 거지 제 기준에선 잘못된 행동은 아니잖아요. 근데 그럴 만한 이유가 분명히 있을 것이고 제가 할 수 있는 한 부분에서 도움과 어떤 응원 그리고 지지 이런 부분들을 제가 조금 뒤에서 도맡아서 할 수 있을 것 같습니다.","wordCount":42}}},"rawDataInfo":{"question":{"fileFormat":"wav","fileSize":581838,"duration":18180,"samplingBit":16,"channelCount":1,"samplingRate":"16kHz","audioPath":"/Mock/03.PublicService/Male/Experienced/ckmk_q_ps_m_e_179661.wav"},"answer":{"fileFormat":"wav","fileSize":2871118,"duration":89720,"samplingBit":16,"channelCount":1,"samplingRate":"16kHz","audioPath":"/Mock/03.PublicService/Male/Experienced/ckmk_a_ps_m_e_179661.wav"}}}