{"version":"1.0","dataSet":{"info":{"date":"20230116","occupation":"PS","channel":"MOCK","place":"ONLINE","gender":"MALE","ageRange":"35-44","experience":"EXPERIENCED"},"question":{"raw":{"text":"지원자님께서는 과거에 고객의 불만이나 클레임을 해결한 경험이 있으세요 어 당시에 어떻게 대처하셨는지 자세히 설명 부탁드리겠습니다","wordCount":15},"emotion":[],"intent":[]},"answer":{"raw":{"text":"고가의 의료 장비를 사용하는 고객이었습니다. 병원에서 이 장비를 사용하고 일 년이라는 보증기간이 지나고 삼 일이 더 지났음에도 불구하고 삼 일 차이로 보증기간에 대한 부품을 무료로 교 교체해 달라고 하는 무리한 요구를 하였습니다. 그래서 처음부터 이거는 말이 안되고 보증기간이 끝난 부품에 대해서는 저희는 보증할 수 있는 정책이 없다 이거는 돈 주고 구매를 하셔야 된다고 했지만 막무가내로 고객 센터에 찾아가서 난리를 피우고 이 장비를 때려 부시고 다시는 쓰지 않겠다 그리고 에스엔에스 및 유투브에 올리겠다 라는 엄포를 놓으셨습니다. 그때 저는 총괄 책임자였고 이거를 해결할 수 있는 방법에 대해서는 그 누구도 제시하지 못했습니다. 그래서 저는 저의 책임을 걸고 그 고객과 협상을 하였습니다. 삼 일이 지난 부품에 대해서는 보증기간이 지났기 때문에 절대 수리 불가 및 저희가 무료로 해드릴 수 없습니다. 하지만 고객님이 이렇게까지 무리하게 부탁을 하시니 저의 책임을 걸고 단 한 번은 해드리겠습니다. 하지만 이 부분에 대해서는 고객님이 무리하게 요구를 하시는 거고 고객님은 이거에 대해서 다시는 책임을 물지 않겠다 다시는 이런 무리한 보상을 요구하지 않겠다 라고 하는 서약서를 써주면 해드리겠다고 해서 한 번은 해드렸던 경험이 있습니다.","wordCount":161},"emotion":[],"intent":[{"text":"하지만 이 부분에 대해서는 고객님이 무리하게 요구를 하시는 거고 고객님은 이거에 대해서 다시는 책임을 물지 않겠다 다시는 이런 무리한 보상을 요구하지 않겠다 라고 하는 서약서를 써주면   해드리겠다고 해서 한 번은 해드렸던 경험이 있습니다.","expression":"p_voc","category":"technology"}],"summary":{"text":"고가의 의료 장비를 사용하는 고객이 보증 기간에 대한 부품을 무료로 교체해 달라고 무리한 요구를 하였습니다. 그래서 고객 센터에 찾아가 항의를 했으나 해결 방법은 없었습니다. 그래서 책임을 걸고 그 고객과 협상을 하였는데, 보증 기간이 지난 부품에 대해서는 수리 불가 및 무료로 해드릴 수 없으나 고객님의 무리한 요구에 책임을 묻지 않고 다시는 무리한 보상을 요구하지 않겠다 라는 서약서를 쓰고 한번 해드렸던 경험이 있습니다.","wordCount":61}}},"rawDataInfo":{"question":{"fileFormat":"wav","fileSize":434318,"duration":13570,"samplingBit":16,"channelCount":1,"samplingRate":"16kHz","audioPath":"/Mock/03.PublicService/Male/Experienced/ckmk_q_ps_m_e_172438.wav"},"answer":{"fileFormat":"wav","fileSize":2816718,"duration":88020,"samplingBit":16,"channelCount":1,"samplingRate":"16kHz","audioPath":"/Mock/03.PublicService/Male/Experienced/ckmk_a_ps_m_e_172438.wav"}}}