{"version":"1.0","dataSet":{"info":{"date":"20230116","occupation":"PS","channel":"MOCK","place":"ONLINE","gender":"MALE","ageRange":"35-44","experience":"EXPERIENCED"},"question":{"raw":{"text":"앞으로 저희 회사에 들어오시게 돼서 일을 하시게 되면 가장 어려울 것으로 예상되는 것은 무엇인가요 그리고 면접자 본인은 그런 상황에서 어떻게 대처하고 극복해 나가실 건지 그것도 궁금합니다","wordCount":26},"emotion":[],"intent":[]},"answer":{"raw":{"text":"비싼 가격에 제품을 런칭하고 이것을 고객에게 어떻게 구매력을 살릴 것인가 합니다. 사람들은 많은 제품 또는 싼 제품을 좋아하거나 아니면 많은 혜택을 주는 제품을 선택하지 단독으로 비싼 제품을 선택하는 사람은 많지 않습니다. 그래서 사람들이 명품을 판매할 때는 가장 먼저 중요한 것이 명품에 대한 브랜딩을 한다고 합니다. 자 그렇다면 우리가 지금 이 제품을 어떻게 많은 소비자한테 판매할 수 있을지에 대한 고민을 해 봐야 됩니다. 그래서 저는 이 제품을 모든 사람에게 판매하는 타겟을 잡는 것이 아니라 이 제품은 명품의 가치를 갖고 있고 이 제품을 관심 있어 하는 사람들에게만 런칭을 하는 것입니다. 그래서 우리의 제품은 비쌉니다. 하지만 비싼 만큼의 값어치가 있으니 그 값어치를 인정하실 수 있는 분들만 저희 제품을 구매해 주십시오 라고 하는 캐치 프레이즈를 만들어서 판매를 하려고 합니다. 만약 그래도 판매가 되지 않는다면 이왕 이미 비싸게 나온 제품에 대해서 또 다른 채널 또는 고급 백화점 갤러리아나 현대백화점 같은 명품 샵에다만 런칭하는 것도 심각하게 고려를 해 봐야 될 것 같습니다.","wordCount":146},"emotion":[],"intent":[{"text":"","expression":"","category":"attitude"}],"summary":{"text":"사람들은 싼 제품 또는 혜택을 주는 제품을 선택하지 단독으로 비싼 제품을 선택하는 사람은 많지 않습니다. 그래서 명품을 판매할 때는 가장 먼저 명품에 대한 브랜딩을 한다고 합니다. 그래서 이 제품은 명품의 가치를 갖고 있고 관심 있어 하는 사람들에게만 런칭을 하는 것입니다.","wordCount":40}}},"rawDataInfo":{"question":{"fileFormat":"wav","fileSize":569678,"duration":17800,"samplingBit":16,"channelCount":1,"samplingRate":"16kHz","audioPath":"/Mock/03.PublicService/Male/Experienced/ckmk_q_ps_m_e_166365.wav"},"answer":{"fileFormat":"wav","fileSize":2409678,"duration":75300,"samplingBit":16,"channelCount":1,"samplingRate":"16kHz","audioPath":"/Mock/03.PublicService/Male/Experienced/ckmk_a_ps_m_e_166365.wav"}}}