{"version":"1.0","dataSet":{"info":{"date":"20230116","occupation":"PS","channel":"MOCK","place":"ONLINE","gender":"MALE","ageRange":"35-44","experience":"EXPERIENCED"},"question":{"raw":{"text":"지원자분께서 저희 회사에 들어오시게 된다면 그중에서도 가장 가고 싶은 부서 그리고 그 부서를 왜 가고 싶은지에 대해서 이유와 함께 의견을 이야기해 주셨으면 좋겠습니다","wordCount":23},"emotion":[],"intent":[]},"answer":{"raw":{"text":"어 제가 이 회사에 입사하게 된다면 일단 가장 가고 싶은 부서는 어 영업이나 뭐 이런 서비스 계열을 하는 쪽으로 가고 싶습니다. 이유는 제일 자신 있는 분야이기도 하고 또 영업이라는 것은 개인의 발전에 의해서 개인의 노력에 의해서 제일 눈에 보이는 성과를 보여줄 수 있는 곳이라고 생각합니다. 뭐 일단 비투비 마케팅이라든지 뭐 회사 대 개인 회사 대 회사에 대한 뭐 영업도 있을 것이고 여러 가지 영업이 있을 것인데 그런 영업에서 영업 왕이 한번 되보고 싶습니다. 지금까지 해왔던 일들도 대부분 그런 경험으로 갖고 있고 또 그에 따른 노하우가 있기 때문에 그거를 이 회사에 이제 맞춰서 또 이 회사만의 룰대로 맞춰진다면 그것이 이제 회사의 이익이나 회사의 그 영업에 있어서 회사를 알릴 수 있는 그런 회사의 이미지를 좋게 하는 데 있어서 어 성과를 낼 수 있을 것 같습니다. 제일 자신 있는 분야이기 때문에 영업이나 뭐 서비스 관련된 부서에 들어가서 그 쪽에서에서 인제 많은 성과를 올리고 싶은 마음이 있기 때문에 어 그쪽 부서에 가서 꼭 해보고 싶습니다. 또 자신도 있고 잘 할 수 있을 것 같습니다. 이상입니다.","wordCount":161},"emotion":[],"intent":[{"text":"이유는 제일 자신 있는 분야이기도 하고 또 영업이라는 것은 개인의 발전에 의해서 개인의 노력에 의해서 제일 눈에 보이는 성과를 보여줄 수 있는 곳이라고 생각합니다.","expression":"c_sincere_co","category":"etc"},{"text":"뭐 일단 비투비 마케팅이라든지 뭐 회사 대 개인 회사 대 회사에 대한 뭐 영업도 있을 것이고 여러 가지 영업이 있을 것인데   그런 영업에서 영업 왕이 한번 되보고 싶습니다.","expression":"c_sincere_co","category":"etc"},{"text":"지금까지 해왔던 일들도 대부분 그런 경험으로 갖고 있고 또 그에 따른 노하우가 있기 때문에 그거를 이 회사에 이제 맞춰서   또 이 회사만의 룰대로 맞춰진다면 그것이 이제 회사의 이익이나 회사의 그 영업에 있어서 회사를 알릴 수 있는 그런 회사의 이미지를 좋게 하는 데 있어서 어 성과를 낼 수 있을 것 같습니다.","expression":"c_sincere_co","category":"etc"}],"summary":{"text":"이 회사에 입사하게 된다면 영업이나 서비스 계열을 하는 쪽으로 가고 싶습니다. 영업은 개인의 발전에 의해서 가장 눈에 보이는 성과를 보여줄 수 있는 곳이라고 생각합니다. 지금까지 해왔던 일들도 대부분 그런 경험으로 갖고 있고 또 노하우가 있기 때문에 이것을 이 회사에 맞춰서 룰대로 맞춰진다면 성과를 낼 수 있을 것 같습니다.","wordCount":48}}},"rawDataInfo":{"question":{"fileFormat":"wav","fileSize":587598,"duration":18360,"samplingBit":16,"channelCount":1,"samplingRate":"16kHz","audioPath":"/Mock/03.PublicService/Male/Experienced/ckmk_q_ps_m_e_191905.wav"},"answer":{"fileFormat":"wav","fileSize":2667598,"duration":83360,"samplingBit":16,"channelCount":1,"samplingRate":"16kHz","audioPath":"/Mock/03.PublicService/Male/Experienced/ckmk_a_ps_m_e_191905.wav"}}}