{"version":"1.0","dataSet":{"info":{"date":"20230116","occupation":"PS","channel":"MOCK","place":"ONLINE","gender":"MALE","ageRange":"35-44","experience":"EXPERIENCED"},"question":{"raw":{"text":"지원자님이 배달의민족을 사용하시면서 그 서비스에서 아쉬웠던 부분이 있으셨다면 그게 무엇인지 말씀 부탁드릴게요","wordCount":12},"emotion":[],"intent":[]},"answer":{"raw":{"text":"오 년 전 십 년 전에 배달의 민족을 처음 썼을 때는 우리 동네에 맛집들을 쉽게 찾을 수 있고 전화 한 통으로 빠르게 배달할 수 있어서 너무 편한 플랫폼이라고 생각했습니다. 그런데 시간이 지날수록 이 배달의 민족이 점점 성장해 가면서 고객 및 자영업자들에게 갑질을 하기 시작했습니다. 배달비가 오천 원에서 칠천 원 때로는 만 원까지 붙고 그것도 결국 본인들이 아니라 고객 또는 자영업자들에게 모든 것을 부담하게 만듭니다. 그리고 자영업자들의 맛에 의해서 배달의 민족에서 인기가 있는 것이 아니라 광고 비용을 과다하게 쏟거나 아니면 후기를 조작하는 업체들이 상위에 랭크되게 만들어서 고객들로 하여금 좋은 제품 좋은 맛집을 찾지 못하게끔 만들었습니다. 추후에는 기업의 사회적인 책임 또한 하지 않았으며 자영업자들에게 갑질을 통해서 마음에 안 들면 완전 뒤에 후순위로 넣는 경우들도 많이 봤습니다. 그리고 진짜 맛이 없어서 맛이 없다고 후기를 쓰면 자영업자들이 제 연락처를 알아서 저에게 문자가 오거나 밤에 협박으로 왜 이렇게 후기를 썼냐 이거 지우게 해 달라 라고 해서 그 연락처를 전부 다 노출하게끔 만들었습니다. 과연 배달의 민족이 배달 플랫폼으로서 제대로 역할을 하고 있는지 돈을 벌고 난 다음에 갑질만 하는 건지 의문이 많이 들기 시작했습니다.","wordCount":167},"emotion":[],"intent":[{"text":"","expression":"","category":"attitude"}],"summary":{"text":"배달의민족은 편리성 위주의 플랫폼이었지만 점점 성장하며 고객 및 자영업자들에게 갑질을 하기 시작했습니다. 광고 비용을 과다하게 쏟거나 후기를 조작하는 업체들이 상위에 랭크되게 하여 고객들로 하여금 좋은 제품 좋은 맛집을 찾지 못하게 만들고 기업의 사회적인 책임 또한 없었으며 마음에 들지 않으면 아예 후순위로 넣는 경우도 많이 봤습니다.","wordCount":45}}},"rawDataInfo":{"question":{"fileFormat":"wav","fileSize":509518,"duration":15920,"samplingBit":16,"channelCount":1,"samplingRate":"16kHz","audioPath":"/Mock/03.PublicService/Male/Experienced/ckmk_q_ps_m_e_183190.wav"},"answer":{"fileFormat":"wav","fileSize":2796878,"duration":87400,"samplingBit":16,"channelCount":1,"samplingRate":"16kHz","audioPath":"/Mock/03.PublicService/Male/Experienced/ckmk_a_ps_m_e_183190.wav"}}}