{"version":"1.0","dataSet":{"info":{"date":"20230116","occupation":"PS","channel":"MOCK","place":"ONLINE","gender":"MALE","ageRange":"35-44","experience":"EXPERIENCED"},"question":{"raw":{"text":"만약 타 부서와 갈등 상황이 발생한다면 어떻게 대응하시겠습니까 상황을 가정하고 해결 방안을 자세하게 말씀해 주세요","wordCount":15},"emotion":[],"intent":[]},"answer":{"raw":{"text":"부서 간의 이기주의 또는 업무 협업이 안 될 때는 반드시 갈등이 발생합니다. 이 갈등이 발생하는 이 이유는 서로의 개인적인 이유 또는 이기적인 부서 주의 때문에 그럴 수도 있지만 실제적으로 서로 타 부서에 대한 이해도가 낮을 확률이 높습니다. 그럴 때 가장 먼저 해결책은 그 부서와 우리 부서 간에 서로의 이해점이 무엇인지 타협점이 무엇인지 해결할 수 있는 것인지를 먼저 파악을 합니다. 이게 해결할 수 있는 것이라면 하나씩 양보를 하면서 해결을 하면 될 것인데 회사의 구조적인 문제거나 시스템이 문제이기 때문에 절대 해결할 수 없다고 하면 바로 윗상사 또는 본부장 대표이사 급에게 업무를 보고하고 해결해 줄 것을 요청할 것입니다. 단순히 당장 해결할 수 없는 것들이라면 이번에는 특별 케이스로 어떻게 어떻게 하고자 하는 방법론을 만들어서 진행하고 추후에는 어떻게 해결할 수 있고 이 시스템을 어떻게 구조적으로 변경을 하면 다른 부서와 갈등이 생기지 않을지를 고민해 볼 것입니다. 그리고 부서 간의 갈등은 공감대가 적거나 이해력이 적거나 타협점이 없기 때문이기 때문에 그 부서와 약간의 친밀관계를 위해서 공감대를 형성을 하고 가끔 식사 자리라든가 커피 타임을 만들어서 서로가 이해할 수 있는 자리를 만드는 것도 하나의 방법이라고 생각합니다.","wordCount":166},"emotion":[],"intent":[{"text":"그럴 때 가장 먼저 해결책은 그 부서와 우리 부서 간에 서로의 이해점이 무엇인지   타협점이 무엇인지 해결할 수 있는 것인지를 먼저 파악을 합니다.","expression":"c_confl_mg","category":"personality"},{"text":"이게 해결할 수 있는 것이라면 하나씩 양보를 하면서 해결을 하면 될 것인데   회사의 구조적인 문제거나 시스템이 문제이기 때문에 절대 해결할 수 없다고 하면 바로 윗상사   또는 본부장 대표이사 급에게 업무를 보고하고 해결해 줄 것을 요청할 것입니다.","expression":"c_confl_mg","category":"personality"},{"text":"단순히 당장 해결할 수 없는 것들이라면 이번에는 특별 케이스로 어떻게 어떻게 하고자 하는   방법론을 만들어서 진행하고 추후에는 어떻게 해결할 수 있고 이 시스템을 어떻게 구조적으로 변경을 하면 다른 부서와   갈등이 생기지 않을지를 고민해 볼 것입니다.","expression":"c_confl_mg","category":"personality"},{"text":"그리고 부서 간의 갈등은 공감대가 적거나 이해력이 적거나 타협점이 없기 때문이기 때문에 그 부서와 약간의 친밀관계를 위해서 공감대를 형성을 하고 가끔 식사 자리라든가   커피 타임을 만들어서 서로가 이해할 수 있는 자리를 만드는 것도 하나의 방법이라고 생각합니다.","expression":"c_confl_mg","category":"personality"}],"summary":{"text":"부서 간의 이기주의 또는 업무 협업이 안 될 때는 반드시 갈등이 발생합니다. 갈등의 해결책은 서로의 이해점, 타협점, 이해력이 적거나 타협점이 없으면 바로 윗상사 또는 본부장 대표이사 급에게 업무를 보고하고 해결해 줄 것을 요청할 것입니다. 또한 그 부서와 약간의 친밀관계를 위해서 공감대를 형성하는 것도 하나의 방법이라고 생각합니다.","wordCount":46}}},"rawDataInfo":{"question":{"fileFormat":"wav","fileSize":396238,"duration":12380,"samplingBit":16,"channelCount":1,"samplingRate":"16kHz","audioPath":"/Mock/03.PublicService/Male/Experienced/ckmk_q_ps_m_e_164878.wav"},"answer":{"fileFormat":"wav","fileSize":2746318,"duration":85820,"samplingBit":16,"channelCount":1,"samplingRate":"16kHz","audioPath":"/Mock/03.PublicService/Male/Experienced/ckmk_a_ps_m_e_164878.wav"}}}