{"version":"1.0","dataSet":{"info":{"date":"20230116","occupation":"PS","channel":"MOCK","place":"ONLINE","gender":"MALE","ageRange":"35-44","experience":"EXPERIENCED"},"question":{"raw":{"text":"만약에 이 면접에서 최종 탈락하시게 된다면 어떤 점이 부족해서 탈락했다고 생각을 하시겠는지요 말씀 부탁드립니다","wordCount":14},"emotion":[],"intent":[]},"answer":{"raw":{"text":"예 제가 이 면접에서 최종 탈락한다면 어떤 점이 부족해서 탈락했을까 한번 생각해 보았습니다. 그 부분에 대해서 답변 드리겠습니다. 어 일단 제가 경험이나 노하우 이런 것들은 경력은 충분한 것 같은데 만약에 떨어졌다면은 개인적인 이제 학력이라든지 이런 스펙에서 조금 문제가 있었을 것 같습니다. 저는 이제 그런 점을 충분히 보완할 수 있을 것 같아서 지금 면접을 이 경험이나 노하우들에 대해서 필요하면서 이렇게 진행을 했는데 만약에 탈락한다면 저에게 부족한 점이 분명히 있을 것이고 그 부족한 점을 연구해 가지고 어떻게 하면 보완할 수 있고 또 채울 수 있는가에 대해서 고민을 해야 한다고 생각합니다. 그 부분에 대해서 확실히 어떤 방향으로 방향이 잡힌다면은 그 부분에 대해서 좀 더 집중을 해서 어 자격증이라든지 아니면 학력을 좀 더 올린다든지 이런 식으로 해서 부족한 부분을 좀 메꾸어서 다음번에는 꼭 합격할 수 있도록 그 부족한 부분들을 보완해서 어 좀 더 강화된 스펙을 쌓도록 하겠습니다. 이상입니다.","wordCount":134},"emotion":[],"intent":[{"text":"","expression":"","category":"attitude"}],"summary":{"text":"면접에서 최종 탈락한다면 어떤 점이 부족해서 탈락했을까 생각해 보았습니다. 부족한 점을 보완할 수 있을 것 같습니다. 그 부분에 대해서 좀 더 집중을 해서 자격증이나 학력을 좀 더 올리는 식으로 해서 부족한 부분을 좀 메꾸어서 다음번에는 꼭 합격할 수 있도록 그 부족한 부분들을 보완해서 좀 더 강화된 스펙을 쌓도록 하겠습니다.","wordCount":49}}},"rawDataInfo":{"question":{"fileFormat":"wav","fileSize":358478,"duration":11200,"samplingBit":16,"channelCount":1,"samplingRate":"16kHz","audioPath":"/Mock/03.PublicService/Male/Experienced/ckmk_q_ps_m_e_214753.wav"},"answer":{"fileFormat":"wav","fileSize":2640078,"duration":82500,"samplingBit":16,"channelCount":1,"samplingRate":"16kHz","audioPath":"/Mock/03.PublicService/Male/Experienced/ckmk_a_ps_m_e_214753.wav"}}}