{"version":"1.0","dataSet":{"info":{"date":"20230116","occupation":"PS","channel":"MOCK","place":"ONLINE","gender":"MALE","ageRange":"35-44","experience":"EXPERIENCED"},"question":{"raw":{"text":"자신의 손해를 감수하고 타인에게 도움을 주었던 경험이 있다면 말씀해 주시겠어요","wordCount":10},"emotion":[],"intent":[]},"answer":{"raw":{"text":"어 인생을 살면서 본인의 손해를 감소하고 어 타인에게 도움을 주었던 경험이 있다면 말씀드리겠습니다. 어 전 회사를 다녔을 때 어 여러 가지 일을 하면 그 성과가 있을 겁니다. 그런 성과에 의한 뭐 표창이라든지 아니면 고가 점수 이런 것들에 대해서 어 상급자인 내가 분명히 받을 수 있는 상황이지만 어 하급자들에게 그런 부분을 많이 몰아줬던 기억이 있습니다. 어 저야 뭐 어느 정도 성과를 이뤘었고 뭐 안정적이었고 뭐 했기 때문에 어떻게 보면 저의 미래를 위해서 라면 그러한 표창이라든지 이런 고가 점수에 대해서 욕심을 낼 수도 있었지만 어 제 아래에 있는 직원들 부하 직원들을 어 이 회사의 안정적인 위치가 되게 해주는 게 더욱더 중요하다고 생각을 했었습니다. 그래서 그러한 부하 직원의 미래를 위하서 내 손해를 감수하고 도움을 많이 주었던 그런 경험이 있습니다. 앞으로도 그럴 것 같고 어 하기 때문에 그런 것들이 저한테 있어서는 경험이지 않을까 싶습니다. 이상입니다.","wordCount":131},"emotion":[],"intent":[{"text":"","expression":"","category":"attitude"}],"summary":{"text":"본인의 손해를 감소하고 타인에게 도움을 주었던 경험이 있다면 말씀드리겠습니다. 전 회사를 다녔을 때 여러 가지 일을 하면 성과가 있을거라 생각하여 하급자들에게 그런 부분을 많이 몰아줬었습니다. 앞으로 그럴 것 같고 어 하는 것들이 저한테 있어서는 경험이지 않을까 싶습니다.","wordCount":37}}},"rawDataInfo":{"question":{"fileFormat":"wav","fileSize":236238,"duration":7380,"samplingBit":16,"channelCount":1,"samplingRate":"16kHz","audioPath":"/Mock/03.PublicService/Male/Experienced/ckmk_q_ps_m_e_214752.wav"},"answer":{"fileFormat":"wav","fileSize":2631758,"duration":82240,"samplingBit":16,"channelCount":1,"samplingRate":"16kHz","audioPath":"/Mock/03.PublicService/Male/Experienced/ckmk_a_ps_m_e_214752.wav"}}}