{"version":"1.0","dataSet":{"info":{"date":"20230116","occupation":"PS","channel":"MOCK","place":"ONLINE","gender":"MALE","ageRange":"35-44","experience":"EXPERIENCED"},"question":{"raw":{"text":"본인은 남을 잘 이끄는 리더형과 남을 잘 따르는 팔로워형 중에 어떤 유형인가요 그리고 그렇게 생각하시는 이유도 같이 말씀해 주세요","wordCount":19},"emotion":[],"intent":[]},"answer":{"raw":{"text":"네 남을 잘 이끌어가는 리더형과 남의 그런 방향에 대해서 잘 서포터 해주는 팔로우예요. 저는 무슨 유형인지에 대해서 또 어떻게 왜 그렇게 판단했는지에 대해서 답변 드리겠습니다. 일단 두 가지의 형태를 다 갖고는 있다고 생각합니다. 리더형도 맞고 팔로워형도 맞는데 네 현재까지는 제가 팔로워형 형에 대한 업무를 많이 하다 보니까 지금 적성에 맞는 것은 팔로워 형이 저한테 맞는 것 같고 어 어느 선택된 방향에 대해서 서포트 해주고 보완해주고 지원해주고 이런 것들을 주로 하다 보니까 어 지금 현재 적성에는 그 부분이 제일 맞는 것 같습니다. 근데 당연히 사람이 누군가를 이끌어가고 하는 리더형을 원하기 때문에 거기를 단계를 가기 위한 지금은 준비 단계 라고 생각하고 있습니다. 그래서 지금은 잘 많이 배우고 그 리더형이 됐을 때 가장 좋은 훌륭한 선택을 할 수 있도록 하기 위해서 지금 많은 지식과 많은 경험을 쌓고 있다고 생각하기 때문에 지금 현 저는 결국 최종적으로는 두 가지 유형 다 저한테 맞는다고 생각하는데 지금 저의 생각은 그렇습니다. 네 이상입니다.","wordCount":145},"emotion":[],"intent":[{"text":"","expression":"","category":"attitude"}],"summary":{"text":"저는 사람을 잘 이끌어가는 리더형과 남의 그런 방향에 대해서 잘 서포터 해주는 팔로우로 분류하는 유형이 있다고 생각합니다. 현재 적성에 맞는 유형은 팔로워형 형에 대한 업무를 주로 하다보니 현재 적성에는 그 부분이 제일 맞는 것 같습니다. 지금은 잘 배우고 가장 훌륭한 선택을 할 수 있도록 많은 지식과 많은 경험을 쌓고 있다고 생각하기 때문에 두 가지 유형 다 저한테 맞는다고 생각합니다.","wordCount":59}}},"rawDataInfo":{"question":{"fileFormat":"wav","fileSize":407118,"duration":12720,"samplingBit":16,"channelCount":1,"samplingRate":"16kHz","audioPath":"/Mock/03.PublicService/Male/Experienced/ckmk_q_ps_m_e_236034.wav"},"answer":{"fileFormat":"wav","fileSize":2701838,"duration":84430,"samplingBit":16,"channelCount":1,"samplingRate":"16kHz","audioPath":"/Mock/03.PublicService/Male/Experienced/ckmk_a_ps_m_e_236034.wav"}}}