{"version":"1.0","dataSet":{"info":{"date":"20230116","occupation":"PS","channel":"MOCK","place":"ONLINE","gender":"MALE","ageRange":"55-","experience":"EXPERIENCED"},"question":{"raw":{"text":"네 일을 하다 보면 어 상사와 트러블이 생길 수도 있을 것 같은데 어 상사가 혼을 내거나 음 기분 나쁜 일이 생긴다면 어떻게 하실지 말씀해 주세요","wordCount":25},"emotion":[],"intent":[]},"answer":{"raw":{"text":"상사요 글쎄요 저는 뭐 상사라는 어떤 관계로 있어 본 적은 없어요. 사실 제가 운영을 했기 때문에 제가 사장이었지 저보다 윗 위에 직급이 있다거나 이래 본 적이 없어서 그런 경험 자체가 없어서 어 뭐 어색할 수도 있을 것 같아요 처음에 적응하기까지. 그런데 뭐 뭐 적응해야 되면 그까 일을 할려면 적응을 해야죠. 그런데 트러블이라는 게 쉽게 나나요 그게 이건 제가 또 안 해봐서. 근데 그 의견 차이는 있을 수 있어도 뭐 이게 꼭 상사라고 해서 뭐 꼭 혼내야 되고 이래야 되는 게 필요할까요 아니 그런 일이 생긴다면 기분이 나쁠 거 같애요 지금 이렇게 듣기만 해도. 기분이 좋을 수가 없을 거 같은데. 네 제 잘못이라면 그럼에도 불구하고 제가 네 알아서 제가 감수를 해야죠. 네 반복을 안하고 그런데 그러기는 좀 아닌 것 같다는 생각도 듭니다.","wordCount":121},"emotion":[],"intent":[{"text":"","expression":"","category":"attitude"}],"summary":{"text":"상사와 어떤 관계로 있어본적 없어 어색할 수 있으나 일을 할때는 적응을 해나가야지 트러블이 쉽게 나지는 않습니다. 상사가 꼭 혼내야 되는 게 필요한가요? 아니 그런 일이 생긴다면 기분이 나쁠 것 같은데 제 잘못이라면 제가 알아서 감수를 해야하지만 반복을 하기 어려운 것 같습니다.","wordCount":41}}},"rawDataInfo":{"question":{"fileFormat":"wav","fileSize":564558,"duration":17640,"samplingBit":16,"channelCount":1,"samplingRate":"16kHz","audioPath":"/Mock/03.PublicService/Male/Experienced/ckmk_q_ps_m_e_179655.wav"},"answer":{"fileFormat":"wav","fileSize":2825678,"duration":88300,"samplingBit":16,"channelCount":1,"samplingRate":"16kHz","audioPath":"/Mock/03.PublicService/Male/Experienced/ckmk_a_ps_m_e_179655.wav"}}}