{"version":"1.0","dataSet":{"info":{"date":"20230116","occupation":"PS","channel":"MOCK","place":"ONLINE","gender":"MALE","ageRange":"-34","experience":"EXPERIENCED"},"question":{"raw":{"text":"만약 본인이 게임 속 캐릭터라면 어떤 게임에서 어떤 역할을 맡아서 그 게임을 해보고 싶으신가요","wordCount":14},"emotion":[],"intent":[]},"answer":{"raw":{"text":"제가 게임 캐릭터라면 수많은 퀘스트들과 수많은 역경을 헤쳐나가야 하는 게임 중에 저는 그런 업적들과 역경을 극복해 나갈 수 있도록 도와주는 엠피씨가 되고 싶습니다. 원래 남에게 도움을 주고 베푸는 것을 좋아했던 저이기에 엠피씨 즉 안내자라는 역할을 맡아 게이머들이 좀 더 원활한 게임을 즐길 수 있으면서 어떻게 해야 더 능력치가 높고 좋은 캐릭터로 성장해 나갈 수 있는지에 대해 안내를 해주는 엠피씨 역할을 맡고 싶습니다. 저의 역할로 인해 수많은 캐릭터들이 강해지고 좋은 캐릭터로 변한다면 그게 저의 역할을 잘 수행했다고 저는 생각이 듭니다.","wordCount":79},"emotion":[],"intent":[{"text":"","expression":"","category":"attitude"}],"summary":{"text":"저는 퀘스트와 역경을 극복하도록 도와주는 엠피씨가 되고 싶습니다. 도움을 주고 베푸는 것을 좋아했던 저이기에 안내자 역할을 맡아 게임 캐릭터들이 강해지고 좋은 캐릭터로 변한다면 그 역할을 잘 수행했다고 생각합니다.","wordCount":28}}},"rawDataInfo":{"question":{"fileFormat":"wav","fileSize":288398,"duration":9010,"samplingBit":16,"channelCount":1,"samplingRate":"16kHz","audioPath":"/Mock/03.PublicService/Male/Experienced/ckmk_q_ps_m_e_229877.wav"},"answer":{"fileFormat":"wav","fileSize":2069198,"duration":64660,"samplingBit":16,"channelCount":1,"samplingRate":"16kHz","audioPath":"/Mock/03.PublicService/Male/Experienced/ckmk_a_ps_m_e_229877.wav"}}}