{"version":"1.0","dataSet":{"info":{"date":"20230116","occupation":"PS","channel":"MOCK","place":"ONLINE","gender":"MALE","ageRange":"35-44","experience":"EXPERIENCED"},"question":{"raw":{"text":"지원자님께서는 의견을 주장하실 때 어 강하게 주장하는 편이신지 궁금하구요 어 아니라면 어떤 스타일로 의견을 주장하시는지도 궁금합니다","wordCount":16},"emotion":[],"intent":[]},"answer":{"raw":{"text":"저는 어떤 조직이나 회사 같은 곳에서 의견을 처음부터 강하게 주장하지는 않습니다. 그 이유는 제가 지금 강하게 주장을 했던 주장들이 나중에 잘못된 내용이거나 트렌드가 바뀌었거나 아니면 조금이라도 문제가 생기면 저 스스로도 창피함은 물론 회사에 큰 불이익을 줄 수 있기 때문에 저는 저의 의견도 하나의 의견 사항으로 놓고 같이 고민해 보고자 하는 타입입니다. 왜냐면 돌다리도 두들겨 보고 건너라 라고 하는 우리 선조들의 지혜가 있습니다. 그 지혜는 어떤 것이 백 퍼센트 맞다고 한들 혹시라도 내가 잘못 알고 있거나 나의 기억이 잘못됐거나 또는 세상이 바뀌었을 때 그 지식이나 경험이 약간은 달라질 수 있기 때문에 어떤 곳에서 저의 주장을 강하게 하기보다는 이 주장을 통해서 또 하나의 솔루션이 생성될 수 있으니 이것도 또 하나의 안건으로 올려두고 추후에 그거에 대한 모든 증거자료들을 모집하고 수집한 다음에 그렇게 해서 이 의견도 맞는 것 같습니다 라고 제 주장을 하는 편입니다. 결국 저 제가 알지 못하는 것을 강하게 주장하는 것은 억지에 불과하지만 제가 정확히 수집된 데이터 근거로 주장을 하는 것은 결국 어떤 솔루션이 될 수 있기 때문에 그렇게 조심스럽게 주장을 하는 편입니다.","wordCount":161},"emotion":[],"intent":[{"text":"","expression":"","category":"attitude"}],"summary":{"text":"저는 어떤 조직이나 회사 같은 곳에서 의견을 처음부터 강하게 주장하지는 않습니다. 왜냐하면 나중에 잘못된 내용이나 트렌드가 바뀌었거나 또는 조금이라도 문제가 생기면 저 스스로도 창피함은 물론 회사에 큰 불이익을 줄 수 있기 때문입니다. 제가 알지 못하는 것을 강하게 주장하는 것은 억지에 불과하지만 정확히 수집된 데이터 근거로 주장을 하는 것은 결국 어떤 솔루션이 될 수 있기 때문에 조심스럽게 주장을 하는 편입니다.","wordCount":59}}},"rawDataInfo":{"question":{"fileFormat":"wav","fileSize":459598,"duration":14360,"samplingBit":16,"channelCount":1,"samplingRate":"16kHz","audioPath":"/Mock/03.PublicService/Male/Experienced/ckmk_q_ps_m_e_164876.wav"},"answer":{"fileFormat":"wav","fileSize":2745678,"duration":85800,"samplingBit":16,"channelCount":1,"samplingRate":"16kHz","audioPath":"/Mock/03.PublicService/Male/Experienced/ckmk_a_ps_m_e_164876.wav"}}}