{"version":"1.0","dataSet":{"info":{"date":"20230116","occupation":"PS","channel":"MOCK","place":"ONLINE","gender":"MALE","ageRange":"35-44","experience":"EXPERIENCED"},"question":{"raw":{"text":"업무를 하다 보면 자료를 문서화 할 일이 굉장히 많습니다 문서화 작업이 왜 필요하다고 생각하시는지 말씀 부탁드립니다","wordCount":16},"emotion":[],"intent":[]},"answer":{"raw":{"text":"어 업무 간의 어느 회사든 어떤 분야든 어떤 공공기관이든 어 자료를 아 문서화하는 일이 굉장히 많습니다. 저도 처음에는 초창기에는 이런 문서화하는 게 불필요하다고 생각하고 의미가 있을까 라는 생각을 많이 해봤는데 지금에 와서 느끼는 거는 참 그런 것들이 어 그 회사에 그런 기관에 아 역사가 되고 또 전임자 후임자의 인수인계 간에 있을 때 그런 문서에 해놓은 작업을 통해서 인수인계 받는 사람이 그리고 문서를 통해서 빨리 적응할 수 있고 그래서 정말 회사의 자산이 될 수 있는 거였구나 이거를 깨달았고 그래서 이런 문서화 했을 때는 어 이러한 서류의 양식이라든지 쟁점이 무엇인지 아니면 중점 어 포인트 이런 것들이 잘 들어가서 어 하나의 문서화 됐을 때 한눈에 알아볼 수 있고 누구나 봤을 때 이해가 될 수 있는 그런 문서화 작업이 어 세부적이고 꼼꼼한 그런 작업이 필요하다고 생각합니다. 그래서 앞으로도 어떤 회사든 무슨 기관이든 이런 문서화 작업은 더욱더 세부화될 것 같고 더 필요성이 느낄 것 같습니다. 이상입니다.","wordCount":141},"emotion":[],"intent":[{"text":"","expression":"","category":"attitude"}],"summary":{"text":"업무 간의 어느 회사든 어떤 분야든 어떤 공공기관이든 자료를 문서화하는 일이 굉장히 많은데, 저는 이 문서화 작업이 세부적이고 꼼꼼한 작업이 필요하다고 생각합니다. 앞으로 어떤 회사든 무슨 기관이든 이런 문서화 작업은 더욱 세부화될 것 같고 필요성을 느낄 것 같습니다.","wordCount":38}}},"rawDataInfo":{"question":{"fileFormat":"wav","fileSize":380558,"duration":11890,"samplingBit":16,"channelCount":1,"samplingRate":"16kHz","audioPath":"/Mock/03.PublicService/Male/Experienced/ckmk_q_ps_m_e_192630.wav"},"answer":{"fileFormat":"wav","fileSize":2688398,"duration":84010,"samplingBit":16,"channelCount":1,"samplingRate":"16kHz","audioPath":"/Mock/03.PublicService/Male/Experienced/ckmk_a_ps_m_e_192630.wav"}}}