{"version":"1.0","dataSet":{"info":{"date":"20230116","occupation":"PS","channel":"MOCK","place":"ONLINE","gender":"MALE","ageRange":"45-54","experience":"EXPERIENCED"},"question":{"raw":{"text":"면접자님께서는 평소에 검색을 자주 하시는 편인가요 어떤 검색을 주로 하시는지 왜 하시는지 궁금합니다","wordCount":13},"emotion":[],"intent":[]},"answer":{"raw":{"text":"제가 평소에 어떤 검색을 많이 하는 편은 아닙니다. 아 그렇지만 그래도 제가 많이 하는 검색들은 음 어떤 스포츠 관련 소식들에 대해서 검색을 많이 합니다. 아 제가 워낙 이제 스포츠를 좋아하다 보니까 뭐 해외 축구라든가 아니면 해외 농구 아니면 어 어떤 일반적인 다른 스포츠 소식이라도 아 이런 것들이 어 검색을 통하지 않으면은 어 쉽게 알 수가 없기 때문에 이러한 스포츠 소식들은 어 주로 검색을 통해서 이 그 알려고 하고 있습니다.","wordCount":69},"emotion":[],"intent":[{"text":"","expression":"","category":"attitude"}],"summary":{"text":"제가 원래 검색을 많이 하는 편은 아니지만, 자주 하는 검색은 스포츠 관련 소식들입니다. 검색을 통해서 쉽게 알 수 없는 스포츠 소식을 알려고 합니다.","wordCount":23}}},"rawDataInfo":{"question":{"fileFormat":"wav","fileSize":326478,"duration":10200,"samplingBit":16,"channelCount":1,"samplingRate":"16kHz","audioPath":"/Mock/03.PublicService/Male/Experienced/ckmk_q_ps_m_e_109155.wav"},"answer":{"fileFormat":"wav","fileSize":1712078,"duration":53500,"samplingBit":16,"channelCount":1,"samplingRate":"16kHz","audioPath":"/Mock/03.PublicService/Male/Experienced/ckmk_a_ps_m_e_109155.wav"}}}