{"version":"1.0","dataSet":{"info":{"date":"20230116","occupation":"PS","channel":"MOCK","place":"ONLINE","gender":"MALE","ageRange":"45-54","experience":"EXPERIENCED"},"question":{"raw":{"text":"업무 중 스케줄이 없던 일이 생길 때가 많이 있습니다 만약 이러한 상황이 생긴다면 어떻게 대처하시겠어요","wordCount":15},"emotion":[],"intent":[]},"answer":{"raw":{"text":"어 회사 생활을 하다 보면 뭐 이런 일은 정말 비일비재로 너무나 많이 생기고 자주 생기는 일입니 일 중의 하납니다. 어 저는 우선순위를 좀 따져 보겠습니다. 그 새로 생긴 일이 과연 지금 내가 할려고 하는 일보다 더 중요한 일인가를 따져서 행동하는 게 맞다고 생각을 합니다. 이미 할려던 스케줄이 정해져 있고 그게 뭐 누군가와 만난 약속이었다 라든지 이런 경우 그걸 어기게 되면 그거는 어 그 분과의 신뢰도가 깨지는 일입니다. 하지만 어 갑자기 생긴 일이 그 전에 사전에 있었던 약속보다 더 빨리 급히 처리해야 될 일이라 그러면 어 나중에 생겼던 일이더래도 그 일을 하는 게 맞다 라고 생각을 합니다. 그래서 이런 일이 생겼을 때는 우선순위를 정해 가지고 먼저 급하고 중요한 일부터 처리하는 게 맞다 라고 생각합니다. 물론 그렇게 어 새로운 일을 처리할 때는 전에 있었던 뭐 약속이나 이런 걸 취소할 때는 정 정중하게 양해를 구하고 어 그분한테 죄송하다는 말씀을 드리고 미루는 것이 맞다 라고 생각을 합니다. 어 일의 순서를 정해 가지고 중요한 일부터 처리하는 게 제가 생각할 때는 맞는 것 같습니다.","wordCount":158},"emotion":[],"intent":[{"text":"","expression":"","category":"attitude"}],"summary":{"text":"회사 생활을 하다 보면 갑자기 생긴 일이 전에 있었던 약속보다 더 빨리 급히 처리해야 될 일이라 그러면 나중에 생겼던 일이더라도 그 일을 하는 게 맞습니다. 그래서 이런 일이 생겼을 때는 우선순위를 정해 가지고 먼저 급하고 중요한 일부터 처리하는 게 맞다 라고 생각합니다.","wordCount":42}}},"rawDataInfo":{"question":{"fileFormat":"wav","fileSize":326478,"duration":10200,"samplingBit":16,"channelCount":1,"samplingRate":"16kHz","audioPath":"/Mock/03.PublicService/Male/Experienced/ckmk_q_ps_m_e_107147.wav"},"answer":{"fileFormat":"wav","fileSize":2500558,"duration":78140,"samplingBit":16,"channelCount":1,"samplingRate":"16kHz","audioPath":"/Mock/03.PublicService/Male/Experienced/ckmk_a_ps_m_e_107147.wav"}}}