{"version":"1.0","dataSet":{"info":{"date":"20230116","occupation":"PS","channel":"MOCK","place":"ONLINE","gender":"MALE","ageRange":"35-44","experience":"EXPERIENCED"},"question":{"raw":{"text":"본인이 생각했을 때 본인의 노년은 어떤 모습이었으면 좋을까요 자신이 생각하는 이상적인 노년의 모습에 대해서 말씀해 주세요","wordCount":16},"emotion":[],"intent":[]},"answer":{"raw":{"text":"제 노년은 한적한 시골에서 조그마한 오두막을 지으며 살고 싶습니다. 대도심에 아파트나 사람들이 많이 오고 가는 매트로 시티에서 살고 싶은 생각이 별로 없습니다. 왜냐하면 어릴 때부터 계속 대 도심에 살았고 삼십 년 넘게 직장 생활을 하면서 사람들에 대한 스트레스도 많고 주변의 소음 빌딩 또는 아파트 이런 대도심에 복잡한 곳에서 살면서 제 마음과 육체는 이미 병들대로 병들었기 때문에 조용하고 한적한 시골에서 아침마다 요가를 하고 필라테스를 하며 가볍게 산책을 하며 명상을 하는 제 삶을 꿈꾸고 있습니다. 그리고 오후에는 조용한 정자 밑에서 수박이나 커피를 마시면서 망중한을 즐기고 싶습니다. 더운 여름에는 계곡에 발을 담그고 조용한 음악을 들으면서 저의 젊은 날을 회상해보고 싶습니다. 사람은 누구나 늙고 병듭니다. 하지만 노년에는 젊었을 때 만큼 스트레스를 이겨낼 체력이나 면역력이 없기 때문에 사람들이 많은 곳에 살다 보면 더 병이 들 수 있습니다. 그래서 저는 한적한 시골로 내려가서 평온한 삶을 살고 싶습니다.","wordCount":131},"emotion":[],"intent":[{"text":"","expression":"","category":"attitude"}],"summary":{"text":"대도심에서 살고 삼십 년 넘게 직장 생활을 한 스트레스로 인해 노년은 조용한 시골에서 오두막을 짓고 싶습니다. 사람은 누구나 늙고 병드는데 노년에는 젊을 때 만큼 스트레스를 이겨낼 체력이나 면역력이 없기 때문에 사람들이 많은 곳에 살다 보면 더 병이 들 수 있기 때문입니다.","wordCount":41}}},"rawDataInfo":{"question":{"fileFormat":"wav","fileSize":350798,"duration":10960,"samplingBit":16,"channelCount":1,"samplingRate":"16kHz","audioPath":"/Mock/03.PublicService/Male/Experienced/ckmk_q_ps_m_e_177455.wav"},"answer":{"fileFormat":"wav","fileSize":2579278,"duration":80600,"samplingBit":16,"channelCount":1,"samplingRate":"16kHz","audioPath":"/Mock/03.PublicService/Male/Experienced/ckmk_a_ps_m_e_177455.wav"}}}