{"version":"1.0","dataSet":{"info":{"date":"20230116","occupation":"PS","channel":"MOCK","place":"ONLINE","gender":"MALE","ageRange":"35-44","experience":"EXPERIENCED"},"question":{"raw":{"text":"살면서 본인이 지금까지 이룬 성과 중에서 가장 큰 성과가 무엇인가요 그 성과에 대해서 자랑해 주시겠어요","wordCount":15},"emotion":[],"intent":[]},"answer":{"raw":{"text":"저는 변변한 학원 한 번 다니지 않고 영어 회화를 플런 틀리까지 올렸던 것이 제 인생의 가장 큰 성과입니다. 저희 어릴 때만 해도 초 초등학교 중학교 때 많은 학원 및 영어 과외를 통해서 조기교육 열풍이 불었었습니다. 그런데 저는 학원은 커녕 문제집 하나 살 돈이 없어 영어에 대한 갈망만 하고 있던 차에 저는 서른 살에 영어 책을 외우기 시작하여 약 십 년이 넘는 시간 동안 영어 동아리 및 영어 카페에서 영어 모임 리더를 하고 외국인들과 지속적으로 이메일 및 온라인 미팅 게임을 통해서 지금 영어에 대한 수준을 상당히 많이 끌어올렸습니다. 우리는 사업에서 인 풋 대비 아웃 풋이 높은 거를 가성비가 높다고 하고 효율성이 높다고 합니다. 그런 걸로 따지면 제가 학원도 안 다니고 제대로 된 영어 교육도 받지 않은 상태에서 이 정도까지 영어 레벨을 올렸다는 것이 제 인생의 가장 큰 목표이며 성과입니다. 현재는 외국인들에게 기술 교육 및 비즈니스 미팅 또는 품질 관리에 대한 회의를 주도하고 있고 외국계 회사에서 많은 경력을 쌓고 많은 업적을 쌓았습니다.","wordCount":150},"emotion":[],"intent":[{"text":"","expression":"","category":"attitude"}],"summary":{"text":"저는 제대로 된 영어 교육도 받지 않은 상태에서 영어 회화를 플런 틀리까지 올렸던 것이 제 인생의 가장 큰 성과입니다. 현재는 외국인들에게 기술 교육 및 비즈니스 미팅 또는 품질 관리에 대한 회의를 주도하고 있고 외국계 회사에서 많은 경력을 쌓고 많은 업적을 쌓았습니다.","wordCount":41}}},"rawDataInfo":{"question":{"fileFormat":"wav","fileSize":312718,"duration":9770,"samplingBit":16,"channelCount":1,"samplingRate":"16kHz","audioPath":"/Mock/03.PublicService/Male/Experienced/ckmk_q_ps_m_e_166973.wav"},"answer":{"fileFormat":"wav","fileSize":2364238,"duration":73880,"samplingBit":16,"channelCount":1,"samplingRate":"16kHz","audioPath":"/Mock/03.PublicService/Male/Experienced/ckmk_a_ps_m_e_166973.wav"}}}