{"version":"1.0","dataSet":{"info":{"date":"20230116","occupation":"PS","channel":"MOCK","place":"ONLINE","gender":"MALE","ageRange":"35-44","experience":"EXPERIENCED"},"question":{"raw":{"text":"공부를 할 때 개인적으로 어떻게 하시나요 뭐 강의나 책을 활용한 공부법을 말씀해 주셔도 좋습니다","wordCount":14},"emotion":[],"intent":[]},"answer":{"raw":{"text":"네 저 같은 경우는 개인적으로 이제 자기 계발이나 공부 같은 것들을 꾸준히 하고 있는데 어 일단은 요즘에는 유투브를 활용한 가장 유투브를 활용해서 배우는 것들이 일단은 제일 흡수력이 있게 빨리 캐치하고 빨리 배울 수 있는데 제일 효율적인 것 같고 하지만 유투브의 단점은 백 프로 신뢰할 수는 없습니다. 한 칠십 프로 정도만 활용하면 될 것 같고 그런데 그 칠십 프로까지 키우는 데는 진짜 유투브만 한 게 없을 거 같고 그 나머지 삼십 프로를 채우는 데는 일단 그와 관련된 서적이라든지 아니면 어떤 뭐 전문가에 대한 강의라든지 그런 부분들이 좀 더해진다고 하면은 어 훌륭한 자기 개발이 될 수 있을 것 같고 많은 것을 배울 수 있다고 생각합니다. 그래서 요즘에는 그 재테크와 관련된 데서 관심을 많이 갖고 있어서 재테크와 관련된 유투브라든지 뭐 투자 뭐 부동산 이런 거에 관련된 뭐 강의 서적들을 많이 또 활용해서 어 공부를 하고 있는데 그런 방법들이 가장 효율적인 것으로 생각하고 있습니다. 이상입니다.","wordCount":141},"emotion":[],"intent":[{"text":"그래서 요즘에는 그 재테크와 관련된 데서 관심을 많이 갖고 있어서 재테크와 관련된 유투브라든지 뭐 투자 뭐 부동산 이런 거에 관련된 뭐 강의   서적들을 많이 또 활용해서 어 공부를 하고 있는데 그런 방법들이 가장 효율적인 것으로 생각하고 있습니다.","expression":"c_imp","category":"personality"}],"summary":{"text":"개인적으로 자기 계발이나 공부 같은 것들을 꾸준히 하고 있는데, 유투브를 활용한 것들이 제일 흡수력이 있게 빨리 캐치하고 빨리 배울 수 있는데 제일 효율적인 것 같습니다. 하지만 유투브의 단점은 백 프로 신뢰할 수는 없습니다.","wordCount":33}}},"rawDataInfo":{"question":{"fileFormat":"wav","fileSize":320078,"duration":10000,"samplingBit":16,"channelCount":1,"samplingRate":"16kHz","audioPath":"/Mock/03.PublicService/Male/Experienced/ckmk_q_ps_m_e_196672.wav"},"answer":{"fileFormat":"wav","fileSize":2649038,"duration":82780,"samplingBit":16,"channelCount":1,"samplingRate":"16kHz","audioPath":"/Mock/03.PublicService/Male/Experienced/ckmk_a_ps_m_e_196672.wav"}}}