{"version":"1.0","dataSet":{"info":{"date":"20230116","occupation":"PS","channel":"MOCK","place":"ONLINE","gender":"MALE","ageRange":"-34","experience":"EXPERIENCED"},"question":{"raw":{"text":"지원자님께서는 나눔과 베품에 대해서 어떻게 생각하고 계신가요 왜 이것이 필요하고 좋은지도 그렇게 생각하신다면 말씀 부탁드립니다","wordCount":15},"emotion":[],"intent":[]},"answer":{"raw":{"text":"한국인은 정이 많다 라는 말 자체가 나눔과 베풂이 있었기 때문에 존재한다고 생각합니다. 현대 사회는 공동체 사회입니다 나눔과 베풂이 있기에 공동체 사회라는 게 존재하고요. 그 공동체 사회가 개인주의로 바뀐다고 하면은 나눔과 베풂은 필요 없을 거라고 생각합니다. 다만 지금 사회 자체가 공동체 사회이고 개인 혼자 살 수 없는 환경이기 때문에 나눔과 베풂이 있어야 내 자신이 있고 이 나라가 있고 이 지구가 있다고 저는 생각합니다.","wordCount":62},"emotion":[{"text":"다만 지금 사회 자체가 공동체 사회이고 개인 혼자 살 수 없는 환경이기 때문에 나눔과 베풂이 있어야 내 자신이 있고 이 나라가 있고 이 지구가 있다고 저는 생각합니다.","expression":"u-belief","category":"neutral"}],"intent":[{"text":"","expression":"","category":"attitude"}],"summary":{"text":"나눔과 베으로 현대 사회는 공동체 사회이고 개인주의로 바뀌지만 공동체 사회인 지금 제 자신이 있고 나라가 있고 지구도 있다고 생각합니다.","wordCount":19}}},"rawDataInfo":{"question":{"fileFormat":"wav","fileSize":575118,"duration":17970,"samplingBit":16,"channelCount":1,"samplingRate":"16kHz","audioPath":"/Mock/03.PublicService/Male/Experienced/ckmk_q_ps_m_e_202018.wav"},"answer":{"fileFormat":"wav","fileSize":1325518,"duration":41420,"samplingBit":16,"channelCount":1,"samplingRate":"16kHz","audioPath":"/Mock/03.PublicService/Male/Experienced/ckmk_a_ps_m_e_202018.wav"}}}