{"version":"1.0","dataSet":{"info":{"date":"20230116","occupation":"PS","channel":"MOCK","place":"ONLINE","gender":"MALE","ageRange":"45-54","experience":"EXPERIENCED"},"question":{"raw":{"text":"만일 지원자님께서 직무를 수행하는 중 모르는 과제가 나타난다면 이것을 어떻게 해결할 것인지 왜 그 방식으로 해결할 것인지 말씀해 주세요","wordCount":19},"emotion":[],"intent":[]},"answer":{"raw":{"text":"어 이것은 감히 제가 정답을 말씀드릴 수가 있습니다. 어 저는 나름 뭐 이십 오 년 이상 직장 생활을 해 오면서 이러한 일을 수없이 겪었고 수없이 과제를 주기도 했습니다. 이런 경우 물론 본인이 열심히 해야 됩니다. 직무 수행 시 모르는 과제를 부딪쳤을 때는 일단 모른다고 손을 놓는 게 아니라 본인이 최대한 그 직무를 해결하기 위해서 노력을 해야 됩니다. 그래도 자기가 이걸 모를 때는 도움을 청하면 됩니다. 주변 동료 아니면 상사 뭐 심지어는 뭐 후배여도 관계없습니다. 이 일을 잘 알고 있는 전문가에게 도움을 청하는 게 가장 옳은 방법입니다. 어 물론 본인이 아무런 노력도 하지 않고 그냥 어 도와주세요 하는 것은 도와주는 이 사람 입장에서도 어 그리 유쾌하진 않습니다. 일단은 본인이 최대한 자료도 수집해 보고 준비해 봤는데 그래도 모른다고 하면 이것을 잘 아는 사람한테 도움을 청하면 됩니다. 회사는 원래 그런 곳입니다. 회사가 뭐 이 사람 모든 사람한테 모든 업무를 다 처리하기를 바라지 않습니다. 각 사람마다 전문 분야가 있고 잘하고 못하는 것이 있다 보니 회사는 오히려 그렇게 운영이 되는 것이 더 경제 원리에도 더 맞다고 생각을 합니다. 어 도움을 청해서 그분한테 배우고 그 사람한테 배우는 것을 본인의 것으로 익히면 됩니다.","wordCount":176},"emotion":[],"intent":[{"text":"일단은 본인이 최대한 자료도 수집해 보고 준비해 봤는데 그래도 모른다고 하면   이것을 잘 아는 사람한테 도움을 청하면 됩니다.","expression":"c_cop","category":"personality"}],"summary":{"text":"직무 수행 시 모르는 과제를 부딪쳤을 때는 일단 모른다고 손을 놓는 게 아니라 본인이 최대한 그 직무를 해결하기 위해서 노력을 해야 됩니다. 주변 동료 또는 상사 심지어 후배여도 관계없습니다. 이 일을 잘 알고 있는 전문가에게 도움을 청하는 게 가장 옳은 방법입니다. 도움이 필요하면 잘 아는 사람한테 도력을 청해서 그 사람한테 배우는 것을 본인의 것으로 익히면 됩니다.","wordCount":56}}},"rawDataInfo":{"question":{"fileFormat":"wav","fileSize":379598,"duration":11860,"samplingBit":16,"channelCount":1,"samplingRate":"16kHz","audioPath":"/Mock/03.PublicService/Male/Experienced/ckmk_q_ps_m_e_106778.wav"},"answer":{"fileFormat":"wav","fileSize":2653518,"duration":82920,"samplingBit":16,"channelCount":1,"samplingRate":"16kHz","audioPath":"/Mock/03.PublicService/Male/Experienced/ckmk_a_ps_m_e_106778.wav"}}}