{"version":"1.0","dataSet":{"info":{"date":"20230116","occupation":"PS","channel":"MOCK","place":"ONLINE","gender":"MALE","ageRange":"-34","experience":"EXPERIENCED"},"question":{"raw":{"text":"고객을 응대할 때 필요한 가장 중요한 세 가지가 무엇이 있을까요","wordCount":10},"emotion":[],"intent":[]},"answer":{"raw":{"text":"제가 말씀드리고 싶은 세 가지는 암기 정리 실행 이 세 가지입니다. 암기라고 하는 것은 고객이 말씀하시는 바를 그 순간에 저의 육감을 최대한 활용하여 최대한 많이 암기하는 것입니다. 그렇게 암기하고 나서 두 번째 저의 사무실로 돌아와서 그 내용을 정리하는 것입니다. 고객이 원하는 바가 무엇이었나 무엇이 부족하고 무엇을 해결해 달라는 요청이었는지 잘 정리를 합니다. 그래서 그 요청을 해결하기 위한 실행 방안들을 계획을 합니다. 그 계획에는 타 부서와의 협력도 필요하겠죠 저의 아이디어도 필요하겠고요. 그 계획을 하는 과정에서 저의 역량이 발 발휘된다고 생각을 합니다.그리고 이어서 세 번째 실행 그 문제를 해결하기 위한 실행 이곳에서 제일 중요한 것은 어떤 성실함과 현장을 나가려는 어떤 진취성이 필요하다고 생각을 하는데 그 실행을 함으로 해서 우리 고객의 어떤 응대할 그런 요청 사항 사항들을 진정으로 해결할 수 있는 그런 어떤 프로세스가 아닌가 생각을 합니다. 그래서 저는 이 항상 이 세 가지를 마음에 품고 있습니다.","wordCount":134},"emotion":[],"intent":[{"text":"그리고 이어서 세 번째 실행 그 문제를 해결하기 위한 실행 이곳에서 제일 중요한 것은 어떤 성실함과 현장을 나가려는 어떤 진취성이 필요하다고 생각을 하는데 그 실행을 함으로 해서 우리 고객의 어떤 응대할 그런 요청 사항 사항들을 진정으로 해결할 수 있는 그런 어떤 프로세스가 아닌가 생각을 합니다.","expression":"p_cus_belief","category":"technology"}],"summary":{"text":"제가 강조하고 싶은 세 가지는 암기 정리 실행 이 세 가지입니다. 암기란 고객이 말씀하시는 바를 육감으로 최대한 많이 암기하는 것이고, 그것을 정리하고 나서 두 번째 사무실로 돌아와서 내용을 정리하는 것입니다. 세 번째 실행은 어떤 성실함과 현장을 나가려는 어떤 진취성이 필요하다고 생각하는데 그것을 실행함으로 고객의 요청 사항을 해결할 수 있는 프로세스입니다.","wordCount":50}}},"rawDataInfo":{"question":{"fileFormat":"wav","fileSize":242638,"duration":7580,"samplingBit":16,"channelCount":1,"samplingRate":"16kHz","audioPath":"/Mock/03.PublicService/Male/Experienced/ckmk_q_ps_m_e_199743.wav"},"answer":{"fileFormat":"wav","fileSize":2812878,"duration":87900,"samplingBit":16,"channelCount":1,"samplingRate":"16kHz","audioPath":"/Mock/03.PublicService/Male/Experienced/ckmk_a_ps_m_e_199743.wav"}}}