{"version":"1.0","dataSet":{"info":{"date":"20230116","occupation":"PS","channel":"MOCK","place":"ONLINE","gender":"MALE","ageRange":"55-","experience":"EXPERIENCED"},"question":{"raw":{"text":"이전 직장을 그만두셨던 특별한 이유가 있으신가요 그렇다면 현재 직장도 같은 이유로 그만둘 가능성이 있다고 보시나요","wordCount":15},"emotion":[],"intent":[]},"answer":{"raw":{"text":"이전 직장을 그만둔 특별한 이유가 있나요. 그리고 현 직장도 같은 이유로 그만둘 가능성이 있을까요. 예 전에 직장을 다녔을 때에는 이직을 한 특별한 이유는 아 경제적인 그러한 문제 때문에 이직을 한 경우가 좀 많았던 것 같습니다. 어떻게 보게 되면은 제가 했던 그러한 능력과 어 보수에 대해서 부족함을 느꼈기 때문에 더 나은 분야 아 더 높은 페이를 원하는 어 상황에서 회사를 그만뒀 적이 있습니다. 아 회사의 그러한 상황과 회사에서 맡겨주는 그런 일들은 제가 못하거나 아 뒤쳐지거나 한 적은 없었고 최선을 다해 했고 어 누구보다도 더 열심히 하고 더 좋은 실적과 매출을 올리는 데 도움이 됐던 것으로 생각합니다. 아 그러기 때문에 제가 경제적인 그러한 부분과 더 나은 회사 더 나은 아 보수를 원하는 쪽으로 이직을 했던 것 같습니다. 아 지금 맡겨주시는 이러한 일들 가운데서도 제가 만약에 더 많은 어 일들 더 실적이 있는 일들을 하는데 보수가 낮거나 하고 그런다면 이직할 수 있는 용의가 있다고 가능성이 있음을 말씀해 드립니다. 또한 저의 능력을 최대한 발휘하고 그 능력을 또한 아 인정받는 것이 또한 이 회사에서의 그러한 중요한 부분이라고 생각합니다. 그렇기 때문에 아 인사 고과를 더욱더 거기에 적용시켜 주시고 저 또한 어 최대한 노력을 하고 회사에 도움이 되는 그런 일들을 했으면 좋겠습니다.","wordCount":185},"emotion":[],"intent":[{"text":"","expression":"","category":"attitude"}],"summary":{"text":"이전 직장에서는 경제적 문제 때문에 이직을 한 경우가 많았던 것 같습니다. 회사에서의 일들은 제가 최선을 다해 했고 더 좋은 실적과 매출을 올리는 데 도움이 됐습니다. 앞으로 더 많은 일을 하는데 보수가 낮거나 한다면 이직할 용의가 있음을 말할 수 있습니다. 또한 능력을 인정받고 인정받는 것이 이 회사의 중요한 부분이므로 인사 고과를 더 여기에 적용시켜 주셨으면 좋겠습니다.","wordCount":55}}},"rawDataInfo":{"question":{"fileFormat":"wav","fileSize":585038,"duration":18280,"samplingBit":16,"channelCount":1,"samplingRate":"16kHz","audioPath":"/Mock/03.PublicService/Male/Experienced/ckmk_q_ps_m_e_245589.wav"},"answer":{"fileFormat":"wav","fileSize":3852878,"duration":120400,"samplingBit":16,"channelCount":1,"samplingRate":"16kHz","audioPath":"/Mock/03.PublicService/Male/Experienced/ckmk_a_ps_m_e_245589.wav"}}}