{"version":"1.0","dataSet":{"info":{"date":"20230116","occupation":"PS","channel":"MOCK","place":"ONLINE","gender":"MALE","ageRange":"35-44","experience":"EXPERIENCED"},"question":{"raw":{"text":"스타트업 기업을 운영하고 계신데 수익과 사회 공헌 중 무엇이 중요하다고 생각하시나요","wordCount":11},"emotion":[],"intent":[]},"answer":{"raw":{"text":"저는 수입과 공헌 이 두 가지를 파이를 먼저 키울 것이냐 아니면 파이를 먼저 나눌 것이냐에 대해서 말씀드리겠습니다. 기업은 마진 영업 이익을 통해서 성장하고 존재의 이유가 있는 것입니다. 저희는 공기업이 아니고 공무원이 아니기 때문에 반드시 이익을 내야 됨으로써 사회 공헌은 이익을 내고 수익이 난 상태에서 해야 된다고 생각합니다. 요즘 기업에게 사회적인 책임 씨에스알 을 많이 요구하는데요. 그 씨에스알도 수익이 어느정도 난 상태에서 사회적인 공헌을 이루어야지 수익이 나지도 않은 상태에서 사회적인 공헌만 먼저 이루다 보면 결국 기업은 파산에 이를 수가 있습니다. 예전에는 형평성 때문에 파이를 조금씩 나눠주면서 조금씩 파이를 키우자 라는 이론이 많았지만 요즘은 국제정세가 점점 생존의 문제로 치닫고 있습니다. 그렇기 때문에 국가의 이익도 중요하지만 나 회사의 이익을 먼저 우선시하고 그렇게 우선시 되는 이익에서 어느 정도 일정 부분의 사회적인 공헌을 해야 됩니다. 예를 들어서 우리가 일억 원이라는 돈을 벌면 거기에서 일정 부분은 사회적인 봉사나 기부를 통해서 조금씩 기부를 하는 것이지 한 푼도 벌지 못하고 적자가 나고 있는 상태에서 계속적으로 기부를 하는 것은 회사가 생존할 수 없는 게 되버립니다.","wordCount":156},"emotion":[],"intent":[{"text":"","expression":"","category":"attitude"}],"summary":{"text":"기업은 마진 영업 이익을 통해서 성장하고 존재의 이유가 있는 것입니다. 기업은 반드시 이익을 내야 됨으로써 사회 공헌은 수익을 내고 수익이 난 상태에서 해야 된다고 생각합니다. 수익이 나지도 않은 상태에서 사회적인 공헌만 먼저 이루다 보면 결국 기업은 파산에 이를 수가 있습니다. 국가의 이익도 중요하지만 나 회사의 이익을 먼저 우선시하고 일정 부분의 사회적인 공헌을 해야 됩니다.","wordCount":54}}},"rawDataInfo":{"question":{"fileFormat":"wav","fileSize":308878,"duration":9650,"samplingBit":16,"channelCount":1,"samplingRate":"16kHz","audioPath":"/Mock/03.PublicService/Male/Experienced/ckmk_q_ps_m_e_164874.wav"},"answer":{"fileFormat":"wav","fileSize":2787918,"duration":87120,"samplingBit":16,"channelCount":1,"samplingRate":"16kHz","audioPath":"/Mock/03.PublicService/Male/Experienced/ckmk_a_ps_m_e_164874.wav"}}}