{"version":"1.0","dataSet":{"info":{"date":"20230116","occupation":"PS","channel":"MOCK","place":"ONLINE","gender":"MALE","ageRange":"35-44","experience":"EXPERIENCED"},"question":{"raw":{"text":"창의성과 팀워크 중 더 중요한 것은 무엇인지 근거와 함께 말씀해 주세요","wordCount":11},"emotion":[],"intent":[]},"answer":{"raw":{"text":"네 창의성과 팀워크 중에 무엇이 더 중요하고 그 부분에 대해서 어떤 근거가 있는지에 대해서 답변 드리도록 하겠습니다. 일단 창의성과 팀워크가 둘 다 중요하다고 생각합니다. 하지만 모든 일에 성과나 큰 이익을 창출하는 데 있어서는 팀워크가 가장 시간 대 요소나 뭐 이런 데서 가장 큰 효과가 될 것 같고 또 팀워크 중에서도 창의성이 나올 수가 있기 때문에 저는 창의성이 더 중요하다고 생각하고 있습니다. 결국 팀워크라는 거는 업무 분담 후에 그 업무 분담을 맞춰서 그 부분을 조율하고 어 중요한 부분에 대해서 캐치하고 또 한 가지로 종합을 했을 때 그 안에서의 또 창의성이 나올 수 있고 더 중요하고 더 이익을 창출할 수 있는 창의성이 대한 아이디어를 또 얻을 수 있을 것이고 그런 것들이 갖춰지면 팀워크가 또 되는 것이고 팀워크가 잘 이루어지는 팀은 분명히 성과가 있을 것입니다. 그러한 성과는 결국은 회사의 이익이나 회사에 어 영향력이 이미지 이런 것들이 더 좋아질 것이라고 판단하기 때문에 저는 팀워크가 가장 기본이 되어야 한다고 생각하고 있습니다. 이상입니다.","wordCount":147},"emotion":[],"intent":[{"text":"그러한 성과는 결국은 회사의 이익이나 회사에 어 영향력이 이미지 이런 것들이 더 좋아질 것이라고 판단하기 때문에 저는 팀워크가 가장 기본이 되어야 한다고 생각하고 있습니다.","expression":"c_cop","category":"personality"}],"summary":{"text":"모든 일에 성과나 큰 이익을 창출하는 데는 팀워크가 가장 큰 효과가 될 것이며 그 중에서도 창의성이 나올 수 있기 때문에 저는 창의성을 더 중요하다고 생각하고 있습니다. 결국 팀워크라는 것은 업무 분담 후에 그 부분을 조율하고 중요한 부분에 대해서 캐치하고 또 한 가지로 종합을 했을 때 성과가 있을 것입니다.","wordCount":48}}},"rawDataInfo":{"question":{"fileFormat":"wav","fileSize":236878,"duration":7400,"samplingBit":16,"channelCount":1,"samplingRate":"16kHz","audioPath":"/Mock/03.PublicService/Male/Experienced/ckmk_q_ps_m_e_214816.wav"},"answer":{"fileFormat":"wav","fileSize":2723278,"duration":85100,"samplingBit":16,"channelCount":1,"samplingRate":"16kHz","audioPath":"/Mock/03.PublicService/Male/Experienced/ckmk_a_ps_m_e_214816.wav"}}}