{"version":"1.0","dataSet":{"info":{"date":"20230116","occupation":"PS","channel":"MOCK","place":"ONLINE","gender":"MALE","ageRange":"55-","experience":"EXPERIENCED"},"question":{"raw":{"text":"협업을 하면서 가장 중요하게 생각하는 것은 무엇인가요 그렇다면 왜 그것을 가장 중요하게 생각하시나요","wordCount":13},"emotion":[],"intent":[]},"answer":{"raw":{"text":"협업을 할 때 가장 중요하게 생각하는 것이 무엇입니까 왜 그것을 가장 중요하게 생각하시는지 말씀해 주세요. 예 협업을 할 때 가장 중요하게 생각하는 것은 아 서로의 믿음과 신뢰를 가지고 믿고 어 돕는 일이라고 할 수 있습니다. 그랬을 때 협업의 그러한 시너지 효과가 나올 수 있다고 생각합니다. 음 가장 중요하게 생각하는 것은 서로에게 도움이 많이 되고 시간을 아 절약하면서 원하는 그런 목표와 그 과제를 충분히 아 감당할 수 아 있었기 때문이라고 볼 수 있습니다. 그런 부분에서 어 잘 해 왔었고 또한 어 협업을 아 즐겨야 합니다. 협업이 또한 우리에게 있어서 중요한 역할을 또한 한 경우들이 상당히 많았다고 볼 수 있습니다. 아 협업을 통해 가지고 뭐 과제를 상당히 좀 빨리 진행했던 적도 있었고 또한 협업을 통해서 어 서로의 동료의 그러한 아 인간적인 모습을 바라볼 수 있었고 또한 좋은 아 모습 속에서 또한 새로운 과제가 또한 기대가 되고 그러한 일들을 잘 하면서 참으로 옹해 멋진 일들을 많이 했던 것 같습니다. 또한 협엽을 하면서 매출액이 큰 부분을 또한 감당하는 데 있어서 꼭 필요하다고 생각을 합니다. 작은 일 같은 경우는 아 소수의 개인이 필요하겠지만은 큰 일은 협업을 할 수 밖에 없고 많은 인원이 투입됐을 때는 그거만한 에너지를 아 만들 수 있도록 이렇게 또한 준비해 왔고 그렇게 일을 해 왔었습니다.","wordCount":193},"emotion":[],"intent":[{"text":"예 협업을 할 때 가장 중요하게 생각하는 것은 아 서로의 믿음과 신뢰를 가지고 믿고 어 돕는 일이라고 할 수 있습니다.","expression":"c_cop","category":"personality"}],"summary":{"text":"협업을 할 때 가장 중요하게 생각하는 것은 서로의 믿음과 신뢰를 가지고 돕는 일이라고 할 수 있습니다. 그럴 때 협업의 시너지 효과가 나올 수 있다고 생각합니다. 협업은 우리에게 중요한 역할을 한 경우들이 많이 있었는데, 협업을 통해서 서로간의 인간적인 모습을 바라볼 수 있었고 새로운 과제가 기대되고 멋진 일들을 많이 했던 것 같습니다. 또한 협엽을 하면서 매출액이 큰 부분을 감당하는 데 있어서는 꼭 필요하다고 생각 합니다.","wordCount":63}}},"rawDataInfo":{"question":{"fileFormat":"wav","fileSize":298958,"duration":9340,"samplingBit":16,"channelCount":1,"samplingRate":"16kHz","audioPath":"/Mock/03.PublicService/Male/Experienced/ckmk_q_ps_m_e_246595.wav"},"answer":{"fileFormat":"wav","fileSize":3724878,"duration":116400,"samplingBit":16,"channelCount":1,"samplingRate":"16kHz","audioPath":"/Mock/03.PublicService/Male/Experienced/ckmk_a_ps_m_e_246595.wav"}}}