{"version":"1.0","dataSet":{"info":{"date":"20230116","occupation":"PS","channel":"MOCK","place":"ONLINE","gender":"MALE","ageRange":"55-","experience":"EXPERIENCED"},"question":{"raw":{"text":"어 일을 하다 보면 자료를 문서화해야 하는 일들이 많아지는데요 어 이러한 문서화 작업이 지원자님이 생각하시기에는 왜 필요하다고 생각하시는지 어 그 이유를 말씀해 주시길 바랍니다","wordCount":24},"emotion":[],"intent":[]},"answer":{"raw":{"text":"일을 하게 되면 자료를 문서화 할 일이 많습니다. 문서화 작업이 왜 필요하다고 생각하시는지 말씀해 주세요. 예 일을 하게 되면 당연히 문서 자료를 문서화할 아 해야만이 합니다. 그리고 또한 보관하고 또한 관리를 하고 아 우리가 그거에 대해서 피드백을 받을 수가 있고 앞으로 계획을 하는 데 있어서 좋은 참고 자료가 될 수 있다고 봅니다. 그리고 또한 내가 어떠한 일을 했는데 그것을 말로만 아 일을 했다고 할 수 있는 어 상황은 아닙니다. 아 문서화하고 어 또한 그것을 공유화할 때 아 나의 그러한 어 회사의 아 생활이 어 원활하게 될 수 있고 그러한 여태까지 어 자료를 문서화를 해 왔습니다. 그러다 보니까 그거에 젖어서 어 문서화하는 것은 어려운 일이 아니라고 볼 수 있습니다. 그렇기 때문에 어 우리의 아 습관이라든가 일하는 그러한 자세가 아 계획을 하고 또한 그것을 프로세스하고 또한 결과물을 통하여서 어떤 방법이 좋았는지 어떤 방법이 문제가 있었는지 이런 것들을 파악해서 어 자료화하는 것이 또한 중요하다고 생각합니다. 그래야만이 아 나 뿐만 아니라 다른 사람은 또한 다른 방법으로 할 수 있는 부분이기 때문에 어떻게 되면 어 표준화된 그러한 문서를 자료화하는 것이 아 필요하다고 생각합니다. 그 일괄된 그러한 아이에스오와 같은 아 그러한 아 인증의 아 토대로 아 문서화하면은 더 좋은 방법 더 좋은 어 네트웍이 형성될 것이라고 생각합니다.","wordCount":191},"emotion":[],"intent":[{"text":"","expression":"","category":"attitude"}],"summary":{"text":"문서를 문서화해야 피드백을 받을 수 있고 좋은 참고 자료가 될 수 있습니다. 문서화하고 공유화할 때 저의 생활이 원할하게 될 수 있고 아 그동안 자료를 문서화를 해 왔기 때문에 그에 젖어서 문서화하는 것은 어려운 일이 아니라고 볼 수 있기 때문에 어떻게 되면 표준화된 문서를 자료화하는 것이 필요하다고 생각합니다.","wordCount":47}}},"rawDataInfo":{"question":{"fileFormat":"wav","fileSize":512078,"duration":16000,"samplingBit":16,"channelCount":1,"samplingRate":"16kHz","audioPath":"/Mock/03.PublicService/Male/Experienced/ckmk_q_ps_m_e_246599.wav"},"answer":{"fileFormat":"wav","fileSize":3840718,"duration":120020,"samplingBit":16,"channelCount":1,"samplingRate":"16kHz","audioPath":"/Mock/03.PublicService/Male/Experienced/ckmk_a_ps_m_e_246599.wav"}}}