{"version":"1.0","dataSet":{"info":{"date":"20230116","occupation":"PS","channel":"MOCK","place":"ONLINE","gender":"MALE","ageRange":"-34","experience":"EXPERIENCED"},"question":{"raw":{"text":"일을 하다 보면 다른 지역에서 업무를 수행하게 될 수 있는데요 본인은 다른 지역에서의 근무도 문제 없이 가능하신가요","wordCount":17},"emotion":[],"intent":[]},"answer":{"raw":{"text":"물론 현재 있는 자리에서 꿋꿋이 일하는 것이 제일 좋다 생각합니다. 다만 제가 가야 할 입장이라면 저는 가야 하는 게 맞다고 생각합니다. 제가 가족들과 같이 함께 살고 있으며 한 집안에 가장이었으면 가는 게 마음에 걸리고 회피했을 건데 저는 지금 저 혼자 생활하고 있기 때문에 가정이 있는 다른 사람들보다 이동이 여유롭습니다. 타 지역에 가서 좋은 경험도 해보고 쉬는 날에는 그 지역의 문화나 다른 즐길 거리로 탐방하면서 좋게 생각하려 하고 있습니다.","wordCount":68},"emotion":[],"intent":[{"text":"","expression":"","category":"attitude"}],"summary":{"text":"저는 현재 있는 자리에서 꿋꿋이 일하는 것이 제일 좋으나, 저는 혼자 생활하고 있기 때문에 타 지역에 가서 좋은 경험도 해보고 쉬는 날에는 그 지역의 문화나 다른 즐길 거리로 탐방하면서 좋게 생각하려고 합니다.","wordCount":32}}},"rawDataInfo":{"question":{"fileFormat":"wav","fileSize":434638,"duration":13580,"samplingBit":16,"channelCount":1,"samplingRate":"16kHz","audioPath":"/Mock/03.PublicService/Male/Experienced/ckmk_q_ps_m_e_241704.wav"},"answer":{"fileFormat":"wav","fileSize":2151758,"duration":67240,"samplingBit":16,"channelCount":1,"samplingRate":"16kHz","audioPath":"/Mock/03.PublicService/Male/Experienced/ckmk_a_ps_m_e_241704.wav"}}}