{"version":"1.0","dataSet":{"info":{"date":"20230116","occupation":"PS","channel":"MOCK","place":"ONLINE","gender":"MALE","ageRange":"35-44","experience":"EXPERIENCED"},"question":{"raw":{"text":"지원자님이 생각하는 장단점이 아니라 다른 사람이 지원자님에게 이야기해 줬던 장단점에 대해서 이유와 함께 설명해 주시기 바랍니다","wordCount":16},"emotion":[],"intent":[]},"answer":{"raw":{"text":"저는 네 밝아요. 좀 밝은 편입니다. 좀 무거운 거 싫고요. 무거운 에너지 좀 제가 기피하고요. 음 진지하지 않다는 건 아니지만 진지한 그 공기 자체를 선호하지 않아요. 제가 좋아하지 않아요. 그래서 그런 기운이 느껴지면 저는 눈치를 살피다가 조심스럽게 좀 빠지는 때도 많아요. 그래서 네 이것만 봤을 때 충분히 장단점이 다 보이지 않으실까요. 밝지만 진지한 분위기 그런 거를 좋아하지 않아서 어 적당한 시기에 알아서 눈치껏 빠져나오는 그러한 또 이기적인 부분도 있는 그 진지한 분위기가 저를 필요로 하는 분위기일 수도 있지만요. 그럼에도 불구하고 저는 빠져나오는. 네 근데 뭐 자기 보호인 부분도 있구 저는 밝은 저의 부분 그 자체가 스스로 좋아서 또 어떤 그 밝음 어떤 명랑 쾌활한 에너지를 느끼고 싶을 때 저를 찾는 친구들이 많아요. 그래서 저를 찾으면 저는 당연히 달려가죠. 네 저 에너지를 같이 공유하기 위해.","wordCount":124},"emotion":[],"intent":[{"text":"","expression":"","category":"attitude"}],"summary":{"text":"저는 밝지만 진지한 분위기를 좋아하지 않습니다. 어중간한 시기에 알아서 눈치껏 빠져나가는 이기적인 부분도 있고 또 진지한 분위기가 나를 필요로 하는 분위기일 수도 있습니다. 하지만 저는 밝음 그 자체가 스스로 좋아서 에너지를 같이 공유하기 위해 저를 부르면 달려갑니다.","wordCount":37}}},"rawDataInfo":{"question":{"fileFormat":"wav","fileSize":368078,"duration":11500,"samplingBit":16,"channelCount":1,"samplingRate":"16kHz","audioPath":"/Mock/03.PublicService/Male/Experienced/ckmk_q_ps_m_e_159798.wav"},"answer":{"fileFormat":"wav","fileSize":2750798,"duration":85960,"samplingBit":16,"channelCount":1,"samplingRate":"16kHz","audioPath":"/Mock/03.PublicService/Male/Experienced/ckmk_a_ps_m_e_159798.wav"}}}