{"version":"1.0","dataSet":{"info":{"date":"20230116","occupation":"PS","channel":"MOCK","place":"ONLINE","gender":"MALE","ageRange":"35-44","experience":"EXPERIENCED"},"question":{"raw":{"text":"지원자님께서는 교번 근무에 잘 적응하실 수 있다고 생각하시는지 만약 그렇다면 어떠한 이유 때문인지도 함께 설명해 주시기 바랍니다","wordCount":17},"emotion":[],"intent":[]},"answer":{"raw":{"text":"아 교번 근무에 대해서 말씀드리겠습니다. 일단 교번 근무는 뭐 삼 교대 근무 사 교대 근무 뭐 이렇게 있을 거 같은데 어 교대 근무에 대한 경험이 많이 있습니다. 그래서 음 교대 근무했을 때 그 적성에도 잘 맞는 거 같고 뭐 생각보다 낮 시간이 생기기 때문에 낮 시간을 잘 활용하면은 자기 계발이나 뭐 개인 운동 이런 것도 충분히 다 이룰 수 있기 때문에 이 교번 근무를 했을 때 그 물론 인제 야간 근무가 많이 있다 보니까 인제 생활 패턴이 틀려지고 음 잠자는 시간 수면 이런 패턴들이 틀려지는 거에 대해서는 불편감이 있겠지만 또 교번 근무만의 또 매력이 있다고 생각합니다. 그래서 잘 적응할 수 있을 거 같고 또 그런 교번 근무에 대해서는 이제 했을 때 이제 당연히 어느 회사든지 이 교번 근무를 진행하고 있기 때문에 그런 데에서 어 당연히 진행해야 할 과정이라고 생각하고 있습니다. 그래서 뭐 진행하는데 뭐 못한다거나 뭐 불필요하다거나 그런 거 부분은 전혀 없이 잘 적응해서 업무 할 수 있을 거 같습니다. 이 상입니다.","wordCount":152},"emotion":[],"intent":[{"text":"","expression":"","category":"attitude"}],"summary":{"text":"교대 근무 경험이 많은 교번 근무는 낮 시간 활용하면 자기 계발, 개인 운동도 할 수 있고 야간 근무가 많다 보니 생활 패턴이 틀려지는 거에 대해서는 불편감이 있겠지만 또 장점이 있다고 생각합니다. 당연히 어느 회사든지 교번 근무를 진행하고 있기 때문에 당연히 진행해야 할 과정이라고 생각하고 있습니다.","wordCount":45}}},"rawDataInfo":{"question":{"fileFormat":"wav","fileSize":379598,"duration":11860,"samplingBit":16,"channelCount":1,"samplingRate":"16kHz","audioPath":"/Mock/03.PublicService/Male/Experienced/ckmk_q_ps_m_e_145463.wav"},"answer":{"fileFormat":"wav","fileSize":2704078,"duration":84500,"samplingBit":16,"channelCount":1,"samplingRate":"16kHz","audioPath":"/Mock/03.PublicService/Male/Experienced/ckmk_a_ps_m_e_145463.wav"}}}