{"version":"1.0","dataSet":{"info":{"date":"20230116","occupation":"PS","channel":"MOCK","place":"ONLINE","gender":"MALE","ageRange":"35-44","experience":"EXPERIENCED"},"question":{"raw":{"text":"고객들이 불만을 쏟아내는 상황 속에서 지원자님은 어떻게 대처하실 건가요 그리고 그렇게 대처하게 되는 이유도 말씀해 주세요","wordCount":16},"emotion":[],"intent":[]},"answer":{"raw":{"text":"어 민원이나 뭐 불만 뭐 컴플레인 이런 것들은 영업 쪽에서 흔하디 흔한 일입니다. 그걸 이제 대처하기 위해서는 여러 가지 방법이 있을 건데 제일 현명한 방법은 그 불만을 쏟아 내는 고객 고객이 무엇을 원하는지를 캐치하는 게 제일 중요할 것 같습니다. 그 고객이 무엇을 원하는지를 일단 해소가 되지 않으면 이 불만이나 컴플레인은 해결이 되지 않을 겁니다. 꼭 회사에서 손해를 보지 않기 위함 보다는 한 명의 고객이라도 우리 편으로 우리의 고객으로 만들기 위해서는 회사의 손실이 좀 있더라도 어느 정도의 보상 절차를 갖춰서 회사의 이미지가 나빠지지 않게끔 하는 게 제일 현명한 방법이라고 생각을 합니다. 그게 해소가 되지 않으면 그 고객은 계속 우리 회사에 대해서 부정적인 이미지와 안 좋은 모습으로 보게 될 텐데 그런 고객이 한 명 한 명 늘어나다 보면은 회사의 전체적인 이미지와 회사의 영업이나 회사의 이익에 있어서도 큰 타격을 입을 수 있습니다. 그러기 때문에 제일 그 고객에 대해서 설득을 할 수 있어야 하는데 그 설득하는 데서는 어느정도 보상 조치가 따라 줘야 쉽게 이루어졌던 것 같습니다. 네 이상입니다.","wordCount":154},"emotion":[],"intent":[{"text":"그걸 이제 대처하기 위해서는 여러 가지 방법이 있을 건데 제일 현명한 방법은   그 불만을 쏟아 내는 고객 고객이 무엇을 원하는지를 캐치하는 게 제일 중요할 것 같습니다.","expression":"p_voc","category":"technology"},{"text":"그 고객이 무엇을 원하는지를 일단 해소가 되지 않으면 이 불만이나 컴플레인은 해결이 되지 않을 겁니다.","expression":"p_voc","category":"technology"},{"text":"꼭 회사에서 손해를 보지 않기 위함 보다는 한 명의 고객이라도 우리 편으로 우리의 고객으로 만들기 위해서는 회사의 손실이 좀 있더라도 어느 정도의 보상 절차를 갖춰서   회사의 이미지가 나빠지지 않게끔 하는 게 제일 현명한 방법이라고 생각을 합니다.","expression":"p_voc","category":"technology"},{"text":"그게 해소가 되지 않으면 그 고객은 계속 우리 회사에 대해서 부정적인 이미지와 안 좋은 모습으로 보게 될 텐데 그런 고객이 한 명 한 명 늘어나다 보면은   회사의 전체적인 이미지와 회사의 영업이나 회사의 이익에 있어서도 큰 타격을 입을 수 있습니다.","expression":"p_voc","category":"technology"},{"text":"그러기 때문에 제일 그   고객에 대해서 설득을 할 수 있어야 하는데 그 설득하는 데서는 어느정도 보상 조치가 따라 줘야   쉽게 이루어졌던 것 같습니다.","expression":"p_voc","category":"technology"}],"summary":{"text":"민원이나 컴플레인 등은 영업쪽에서 흔하게 나타나는데, 이를 대처하기 위해서는 고객이 무엇을 원하는지를 캐치하는 게 가장 중요합니다. 한 명의 고객이라도 우리의 고객으로 만들기 위해서는 어느 정도의 보상 절차를 갖춰서 회사의 이미지가 나빠지지 않게끔 하는 게 가장 현명한 방법입니다.","wordCount":37}}},"rawDataInfo":{"question":{"fileFormat":"wav","fileSize":400718,"duration":12520,"samplingBit":16,"channelCount":1,"samplingRate":"16kHz","audioPath":"/Mock/03.PublicService/Male/Experienced/ckmk_q_ps_m_e_191908.wav"},"answer":{"fileFormat":"wav","fileSize":2670158,"duration":83440,"samplingBit":16,"channelCount":1,"samplingRate":"16kHz","audioPath":"/Mock/03.PublicService/Male/Experienced/ckmk_a_ps_m_e_191908.wav"}}}