{"version":"1.0","dataSet":{"info":{"date":"20230116","occupation":"PS","channel":"MOCK","place":"ONLINE","gender":"MALE","ageRange":"35-44","experience":"EXPERIENCED"},"question":{"raw":{"text":"커뮤니케이션을 잘 할 수 있는 본인만의 스킬이 있다면 한번 소개해 주세요 직접 한번 보여주셔도 좋습니다","wordCount":15},"emotion":[],"intent":[]},"answer":{"raw":{"text":"네 커뮤니케이션을 잘 할 수 있는 저만의 스킬에 대해서 답변 드리겠습니다. 어 커뮤니케이션 일단 대화 의사소통 이 대화하는 것이 커뮤니케이션이 될 것 같은데 일단 저 같으면 그 말하는 방법과 또 근거와 논리적으로 말할 수 있는 그런 능력은 기본이 돼야 할 것이지만 저는 정말 잘 이루어진 커뮤니케이션은 어 충분히 상대방과 사람 대 사람으로서 대화 의사소통이 돼야 한다고 생각합니다. 그게 되려면 일단 제일 중요한 것이 제는 경청할 수 있는 자세라고 생각합니다. 물론 제가 아는 거고 필요 없는 일일 수도 있습니다. 네 상대방이 의견 제시를 했을 때는 정말 진심을 다한 경청을 하는 자세를 보여줘야 그 상대방이 의지가 꺾이지 않을 것이고 좀 더 발전할 수 있게 되면 그 직원이 발전되면 저희 팀이 또 발전될 수 있고 저희 팀이 발전되면은 우리 회사가 발전될 것으로 판단이 됩니다. 사람 대 사람으로서 인격 모독이 없이 서로 존중해주고 배려해주는 그런 관계가 됐을 때 훌륭한 커뮤니케이션이 될 수 있다고 생각합니다. 이상입니다.","wordCount":141},"emotion":[],"intent":[{"text":"","expression":"","category":"attitude"}],"summary":{"text":"커뮤니케이션이 잘 이루어진 커뮤니케이션은 상대방과 사람 대 사람으로서 대화 의사소통이 돼야 한다고 생각합니다. 그게 되려면 제일 중요한 것이 제는 경청할 수 있는 자세라고 생각합니다. 서로 존중하고 배려해주는 그런 관계가 됐을 때 훌륭한 커뮤니케이션이 될 수 있다고 생각됩니다.","wordCount":37}}},"rawDataInfo":{"question":{"fileFormat":"wav","fileSize":340238,"duration":10630,"samplingBit":16,"channelCount":1,"samplingRate":"16kHz","audioPath":"/Mock/03.PublicService/Male/Experienced/ckmk_q_ps_m_e_215301.wav"},"answer":{"fileFormat":"wav","fileSize":2652878,"duration":82900,"samplingBit":16,"channelCount":1,"samplingRate":"16kHz","audioPath":"/Mock/03.PublicService/Male/Experienced/ckmk_a_ps_m_e_215301.wav"}}}