{"version":"1.0","dataSet":{"info":{"date":"20230116","occupation":"PS","channel":"MOCK","place":"ONLINE","gender":"MALE","ageRange":"55-","experience":"EXPERIENCED"},"question":{"raw":{"text":"혹시 요즘 읽고 계신 책이 있나요 있다면 그 책이 무엇인지 궁금합니다 그리고 그 책을 왜 읽는지도 같이 설명해 주세요","wordCount":19},"emotion":[],"intent":[]},"answer":{"raw":{"text":"저는 요즘 투자에 대한 책을 구입해서 읽고 있습니다. 책 제목은 자산관리 올 인원이라는 책입니다. 이 책은 투자에 관한 아주 자세한 설명이 들어가 있습니다. 그래서 저는 이 기본적인 투자에 대한 개념부터 정립을 하고 투자를 해 나가도록 그리고 나중에 실패하지 않기 위해서 열심히 책을 읽고 있는 중입니다. 과거 몇 차례 제가 회사 생활을 하면서 퇴직금을 일부 날린 부분이 있습니다. 저는 그 당시에 정보나 어떤 투자에 대한 지식이 없어서 남이 하니까 나도 따라 한다 는 식으로 주식 투자를 일부 했다가 낭패를 본 적이 있기 때문에 지금은 열심히 공부하고 있습니다.","wordCount":86},"emotion":[],"intent":[{"text":"","expression":"","category":"attitude"}],"summary":{"text":"자산관리 올 인원이라는 투자에 관한 책을 읽고 있는데 투자에 대한 개념부터 정립을 하고 투자를 해 나가도록 그리고 나중에 실패하지 않기 위해서 열심히 책을 읽고 있는 중입니다.","wordCount":26}}},"rawDataInfo":{"question":{"fileFormat":"wav","fileSize":337038,"duration":10530,"samplingBit":16,"channelCount":1,"samplingRate":"16kHz","audioPath":"/Mock/03.PublicService/Male/Experienced/ckmk_q_ps_m_e_257219.wav"},"answer":{"fileFormat":"wav","fileSize":2970958,"duration":92840,"samplingBit":16,"channelCount":1,"samplingRate":"16kHz","audioPath":"/Mock/03.PublicService/Male/Experienced/ckmk_a_ps_m_e_257219.wav"}}}