{"version":"1.0","dataSet":{"info":{"date":"20230116","occupation":"PS","channel":"MOCK","place":"ONLINE","gender":"MALE","ageRange":"35-44","experience":"EXPERIENCED"},"question":{"raw":{"text":"사회생활을 하다 보면 힘든 점이 많습니다 가장 힘들었던 경험은 언제였고 또 보람이 있었던 적도 있었나요","wordCount":15},"emotion":[],"intent":[]},"answer":{"raw":{"text":"가장 힘들었던 경험은 소셜 패스 적인 성향을 가진 다른 부서원과의 업무였습니다. 이 사람이 특징인 게 윗사람들한테는 굉장히 아부를 많이 하고 굽신 되지만 자기보다 비슷하거나 자기보다 낮은 직급에 있는 사람은 굉장히 함부로 대하는 그런 소셜 패스 성향을 가진 사람이었습니다. 그런 사람하곤 어떤 일을 하던 대화를 한 마디에도 대화가 통하지 않고 자기의 의견을 관철할 때까지 생 떼를 씁니다. 그리고 윗사람이 한 마디 하면 쥐죽은 듯이 가만히 있다가 또 뒤에 가서 자기와 비슷한 레벨이나 자기보다 지금 낮은 사람한테는 윽박지르듯이 말도 안되는 업무 지시 및 업무 협업을 요청합니다. 그런 사람과 일을 했을 때는 업무의 성과도 안 나고 시너지는 당연히 나지 않았으며 유대관계를 맺을 수가 없었습니다. 가장 보람이 있었던 것은 코로나가 창궐 했을 무려 대학 병원에 이십 억 원이 넘는 장비를 삼 개월 안에 설치를 했었어야 되는데 해외에 있는 엔지니어가 와서 지원을 할 수 없는 상황에 줌 미팅을 통해서 카메라 이십 대로 달아 놓고 해외에 있는 엔지니어들한테 조언을 받으면서 병원에 이십 대 이어 이십 억이 넘는 장비 두 대를 삼 개월 동안 무리 없이 설치 가동 운영하여 최종 검수까지 끝냈다는 것입니다. 덕분에 지체 보상금도 물지 않고 고객에겐 컴플레인을 한 번 받지 않았던 것이 가장 보람이 있었던 것 같습니다.","wordCount":183},"emotion":[{"text":"가장 보람이 있었던 것은 코로나가 창궐 했을 무려 대학 병원에 이십 억 원이 넘는 장비를   삼 개월 안에 설치를 했었어야 되는데 해외에 있는 엔지니어가 와서 지원을 할 수 없는 상황에   줌 미팅을 통해서 카메라 이십 대로 달아 놓고 해외에 있는 엔지니어들한테 조언을 받으면서 병원에 이십 대 이어 이십 억이 넘는 장비 두 대를 삼 개월 동안   무리 없이 설치 가동 운영하여 최종 검수까지 끝냈다는 것입니다.","expression":"p-achievement","category":"positive"},{"text":"덕분에 지체 보상금도 물지 않고 고객에겐 컴플레인을 한 번 받지 않았던 것이 가장 보람이 있었던 것 같습니다.","expression":"p-achievement","category":"positive"}],"intent":[{"text":"","expression":"","category":"attitude"}],"summary":{"text":"가장 힘들었던 경험은 소셜 패스 적인 성향을 가진 다른 부서원과의 업무였습니다. 이 사람은 자기보다 직급이 낮은 사람을 함부로 대하는 성향을 가진 사람이었습니다. 그와 일을 했을 때는 업무의 성과도 안 나고 시너지도 나지 않았으며 유대관계를 맺을 수가 없었습니다. 가장 보람이 있었던 것은 해외 엔지니어들에게 조언을 받으며 병원의 장비를 무리 없이 설치 가동 운영하여 최종 검수까지 끝났다는 것입니다.","wordCount":56}}},"rawDataInfo":{"question":{"fileFormat":"wav","fileSize":381518,"duration":11920,"samplingBit":16,"channelCount":1,"samplingRate":"16kHz","audioPath":"/Mock/03.PublicService/Male/Experienced/ckmk_q_ps_m_e_166980.wav"},"answer":{"fileFormat":"wav","fileSize":2817358,"duration":88040,"samplingBit":16,"channelCount":1,"samplingRate":"16kHz","audioPath":"/Mock/03.PublicService/Male/Experienced/ckmk_a_ps_m_e_166980.wav"}}}