{"version":"1.0","dataSet":{"info":{"date":"20230116","occupation":"PS","channel":"MOCK","place":"ONLINE","gender":"MALE","ageRange":"45-54","experience":"EXPERIENCED"},"question":{"raw":{"text":"지원자님께서 지금 공부하고 계신 분야는 무엇입니까 왜 그걸 공부하게 되신 되셨는지 그리고 지금까지 무엇을 배우셨는지도 말씀해 주세요","wordCount":17},"emotion":[],"intent":[]},"answer":{"raw":{"text":"어 저는 지금 한 사 오 년 째 회사 내에서 운영하고 있는 영어 스터디를 배우고 있습니다. 어 이 일을 하다 보니까 점점 이제 시장은 넓어지고 어 외국인을 만날 기회는 점점 더 많아지고 그러면 영어 회화는 거의 기본이라고 생각을 하고 있습니다. 뭐 거래처나 바이어를 만났는데 어 뭐 그 나라 말을 하면 더 좋겠지만 뭐 그 나라 말을 할 수 없으면 그 다음에는 당연히 영어로 어 대화를 해야 되고 의견 의사를 나눠야 되기 때문에 영어 회화는 어 아주 중요한 업무 능력 중 하나라고 저는 생각합니다. 그래서 저는 좀 입사 초기에부터 그 영어 회화 부분이 좀 부족하다고 느꼈기 때문에 좀 늦었지만 그래도 지금부터 한 사 오 년 전부터는 회사 스터디 영어 스터디에서 어 나름 회화와 영어 뭐 영어에 대해서 공부를 하고 있습니다. 뭐 개인적으로 공부하고 있는 거는 뭐 개인적인 것까지 말씀드리면 저는 루어 낚시를 요즘 공부하고 있습니다. 뭐 공부라고 해서 대단한 것은 아니고 그냥 뭐 유투브 찾아보고 어 쪼그만 동아리에 가입해 가지고 궁금한 거 물어보고 막 이러는 정돈데 최근 루어 낚시에 관심을 가지면서 루어 낚시도 개인적 취미 삼아서 공부하고 있습니다.","wordCount":167},"emotion":[],"intent":[{"text":"그래서 저는 좀   입사 초기에부터 그 영어 회화 부분이 좀 부족하다고 느꼈기 때문에 좀 늦었지만 그래도 지금부터 한 사 오 년 전부터는   회사 스터디 영어 스터디에서 어 나름 회화와 영어 뭐   영어에 대해서 공부를 하고 있습니다.","expression":"c_imp","category":"personality"}],"summary":{"text":"저는 한 사오 년 째 회사 내에서 운영하고 있는 영어 스터디에서 영어 회화는 아주 중요한 업무 능력 중 하나라고 생각합니다. 그래서 저는 입사 초기부터 영어 회화 부분이 부족하다고 느껴서 입사 후 한 사 오 년 전부터는 회사 STD 영어 스토디에서 회화와 영어, 그리고 루어 낚시를 개인적으로 취미 삼아 공부하고 있습니다.","wordCount":50}}},"rawDataInfo":{"question":{"fileFormat":"wav","fileSize":557518,"duration":17420,"samplingBit":16,"channelCount":1,"samplingRate":"16kHz","audioPath":"/Mock/03.PublicService/Male/Experienced/ckmk_q_ps_m_e_106775.wav"},"answer":{"fileFormat":"wav","fileSize":2810958,"duration":87840,"samplingBit":16,"channelCount":1,"samplingRate":"16kHz","audioPath":"/Mock/03.PublicService/Male/Experienced/ckmk_a_ps_m_e_106775.wav"}}}