{"version":"1.0","dataSet":{"info":{"date":"20230116","occupation":"PS","channel":"MOCK","place":"ONLINE","gender":"MALE","ageRange":"55-","experience":"EXPERIENCED"},"question":{"raw":{"text":"지금까지 살아오시면서 어 새로운 환경에서 한 번도 접해보지 않았던 완전히 새로운 것을 전혀 완전히 맡아서 하셨던 경험이 있으신가요 있다면 소개해 주시길 바랍니다","wordCount":22},"emotion":[],"intent":[]},"answer":{"raw":{"text":"지금까지 살아오시면서 새로운 환경에서 전혀 몰랐던 일을 맡아서 한 경험이 있으신가요 있다면 소개해 주세요. 아 예 새로운 환경에 적응하고 전혀 몰랐던 일들을 맡아서 한 경험은 상당히 많이 있습니다. 저희 아 개인적인 부분이라고 하면은 제가 어려서 학교 다닐 때에는 몸이 약했던 그런 부분이어서 운동을 싫어했고 운동하는 것을 어 많이 어 어려워했던 그런 부분이 있었습니다. 그런데 작년이 되면서 제가 아 축구라든가 족구 또한 이런 탁구라든가 이런 것들을 하면서 아 내가 운동 신경이 조금은 있었구나 아 열심히 하니까 어 근육은 별로 없지만은 아 운동을 하는 데서 소질이 있구나 재미있구나 이런 것들을 느꼈던 그런 경험이 있습니다. 그리고 또한 제가 주로 했던 것은 아 영업적인 그런 부분에 이해를 했었습니다. 하지만은 기술 개발과 그러한 그 엔지니어적인 그런 부분에서는 제가 좀 약했던 부분이 사실입니다. 하지만 개인적인 사업을 통하여서 엔지니어와 제품 개발까지 관여하고 그 부분을 또한 공부하면서 많이 알게 됐고 또한 제품을 직접 어 개발하면서 제품화를 많이 했던 적이 있습니다. 그중에 코로나 기간 중에 첫 번째 아 마스크를 제가 직접 어 도안하고 또한 아 만들어서 이렇게 에스엔에스에 판매를 했습니다. 소독제도 똑같은 모양으로 판매를 했었고 또한 샴푸도 지금은 아 준비 중에 있습니다. 여러 가지 이런 제품들을 제가 전에는 문외한이었지만은 새롭게 도전해서 그러한 경험이 있습니다.","wordCount":185},"emotion":[{"text":"그중에 코로나 기간 중에 첫 번째 아 마스크를 제가 직접 어 도안하고 또한 아 만들어서 이렇게 에스엔에스에 판매를 했습니다.","expression":"u-fact","category":"neutral"},{"text":"소독제도 똑같은 모양으로 판매를 했었고 또한 샴푸도 지금은 아 준비 중에 있습니다.","expression":"u-fact","category":"neutral"}],"intent":[{"text":"","expression":"","category":"attitude"}],"summary":{"text":"새로운 환경에 적응하고 전혀 몰랐던 일들을 맡아서 한 경험은 상당히 많이 있습니다. 제가 어려서 학교 다닐 때에는 몸이 약했던 부분이어서 운동을 싫어했지만 작년이 되면서 운동이 재미있구나 하는 것을 느꼈습니다. 또한 제가 주로 했던 것은 영업적인 부분에 이해를 했습니다. 엔지니어적인 부분에서는 좀 약했던 부분도 있지만 개인적인 사업을 통하여서 엔지니어와 제품 개발까지 관여하고 그 부분을 또한 공부하면서 많이 알게 됐습니다.","wordCount":58}}},"rawDataInfo":{"question":{"fileFormat":"wav","fileSize":582478,"duration":18200,"samplingBit":16,"channelCount":1,"samplingRate":"16kHz","audioPath":"/Mock/03.PublicService/Male/Experienced/ckmk_q_ps_m_e_245590.wav"},"answer":{"fileFormat":"wav","fileSize":3837198,"duration":119910,"samplingBit":16,"channelCount":1,"samplingRate":"16kHz","audioPath":"/Mock/03.PublicService/Male/Experienced/ckmk_a_ps_m_e_245590.wav"}}}