{"version":"1.0","dataSet":{"info":{"date":"20230116","occupation":"PS","channel":"MOCK","place":"ONLINE","gender":"MALE","ageRange":"35-44","experience":"EXPERIENCED"},"question":{"raw":{"text":"어 지원자님께서는 평소에 시간이 남으실 때 어떤 일을 하시나요 그리고 그 일을 하는 이유는 무엇인지 함께 설명해 주시길 바랍니다","wordCount":19},"emotion":[],"intent":[]},"answer":{"raw":{"text":"네 시간이 남을 때 무슨 일을 하는 거에 대해서 여가 시간에 활용 방법에 대해서 답변 드리도록 하겠습니다. 어 주로 운동을 하면서 시간을 보내는데 어 이제 백세시대이고 이렇게 이제 고령화 되는 시대에서 건강이 일 번이 돼야 할 것 같습니다. 그래서 주로 운동을 많이 하고 있고 두 번째는 이제 자기계발 시간을 좀 갖는데 이럴 때 대부분 어 요즘에는 재테크나 이런 투자에 대해서 공부를 많이 하고 있습니다. 그 이유는 돈의 흐름과 자본주의의 이 시장에 대해서 이해를 한다면 회사가 어떤 방향으로 가고 회사의 흐름은 어떻게 되는지 회사의 이익을 창출하는 데 있어서 내가 무슨 도움을 줄 것인지까지 넓게 한 번 생각을 해 봤었습니다. 그러다 보니까 이제 대부분 남는 시간은 어 독서나 이런 운동 그리고 이러한 투자나 이 돈에 관련된 일들에 대해서 어 유튜브나 뭐 강의 이런 것들을 접목시켜서 어 자기 계발하는 시간을 갖고 있습니다. 이 부분에 대해서는 쭉 지속되어야 할 부분이고 그 부분이 효과적일 것 같습니다. 이상입니다.","wordCount":142},"emotion":[],"intent":[{"text":"","expression":"","category":"attitude"}],"summary":{"text":"여가 시간에 활용 방법에 대해 답변 드리겠습니다. 주로 운동을 하면서 시간을 보내는데, 요즘은 재테크나 투자에 대해 공부를 많이 하고 있습니다. 그러다 보니 대부분 남는 시간은 독서나 운동, 투자, 돈과 관련된 일들에 대해서 유튜브나 강의 등을 접목시켜서 자기 계발하는 시간을 갖고 있습니다","wordCount":41}}},"rawDataInfo":{"question":{"fileFormat":"wav","fileSize":407438,"duration":12730,"samplingBit":16,"channelCount":1,"samplingRate":"16kHz","audioPath":"/Mock/03.PublicService/Male/Experienced/ckmk_q_ps_m_e_215298.wav"},"answer":{"fileFormat":"wav","fileSize":2628558,"duration":82140,"samplingBit":16,"channelCount":1,"samplingRate":"16kHz","audioPath":"/Mock/03.PublicService/Male/Experienced/ckmk_a_ps_m_e_215298.wav"}}}