{"version":"1.0","dataSet":{"info":{"date":"20230116","occupation":"PS","channel":"MOCK","place":"ONLINE","gender":"MALE","ageRange":"-34","experience":"EXPERIENCED"},"question":{"raw":{"text":"지원자님은 최근에 했던 스스로가 생각하기에도 의로운 활동이 어떤 게 있었는지 뭐 자기 스스로를 희생했던 경험이 있다든지 여러 가지 부분에서 기억나는 거 말씀해 주시겠어요","wordCount":23},"emotion":[],"intent":[]},"answer":{"raw":{"text":"저는 어릴 때부터 새마을이라는 단체에 속해 있었습니다. 아버지가 새마을 단체에 다니셨기 때문에 저도 자연스레 새마을에 가입을 하게 되었고 봉사 활동을 많이 다녔습니다. 예를 들어 제가 사는 지역에 쓰레기 많은 곳을 선정해서 여러 사람들이랑 함께 쓰레기를 줍는 활동도 했었고 장애우들이 시내는 시설에 가서 청소도 많이 했었습니다. 그때 당시에는 힘들었지만 지금은 내가 그런 활동도 했었구나 저의 스펙이 되었기 때문에 너무 기쁩니다.","wordCount":59},"emotion":[{"text":"저는 어릴 때부터 새마을이라는 단체에 속해 있었습니다.","expression":"u-fact","category":"neutral"},{"text":"아버지가 새마을 단체에 다니셨기 때문에 저도 자연스레 새마을에 가입을 하게 되었고 봉사 활동을 많이 다녔습니다.","expression":"u-fact","category":"neutral"},{"text":"그때 당시에는 힘들었지만 지금은 내가 그런 활동도 했었구나 저의 스펙이 되었기 때문에 너무 기쁩니다.","expression":"p-happiness","category":"positive"}],"intent":[{"text":"저는 어릴 때부터 새마을이라는 단체에 속해 있었습니다.","expression":"c_private","category":"background"}],"summary":{"text":"저는 어릴 때부터 새마을이라는 단체에 속해 있었고, 아버지가 새마을 단체에 다니셔서 자연스레 새마을에 가입을 하게 되었고, 봉사 활동을 많이 다녔기 때문에 스펙이 되었기에 너무 기뻤습니다.","wordCount":25}}},"rawDataInfo":{"question":{"fileFormat":"wav","fileSize":667598,"duration":20860,"samplingBit":16,"channelCount":1,"samplingRate":"16kHz","audioPath":"/Mock/03.PublicService/Male/Experienced/ckmk_q_ps_m_e_257886.wav"},"answer":{"fileFormat":"wav","fileSize":2419278,"duration":75600,"samplingBit":16,"channelCount":1,"samplingRate":"16kHz","audioPath":"/Mock/03.PublicService/Male/Experienced/ckmk_a_ps_m_e_257886.wav"}}}