{"version":"1.0","dataSet":{"info":{"date":"20230116","occupation":"PS","channel":"MOCK","place":"ONLINE","gender":"MALE","ageRange":"45-54","experience":"EXPERIENCED"},"question":{"raw":{"text":"지원자님께서는 사람들과 협업을 하면서 가장 어려웠던 점이 있었다면 무엇이었나요 그것을 어떻게 극복했는지도 궁금합니다","wordCount":13},"emotion":[],"intent":[]},"answer":{"raw":{"text":"음 저 정말 정말 현실적인 이유로 힘들었어요. 저는 뭐냐면 정말 귀가 너무 아파요. 네 그러니까 이거는 뭐 사공이 많다 이런 것도 아니고 사공은 없어요. 네 저만 있어요. 근데 그 뭘 뭘 알려 달라고 하고 요청하는 그 말이 너무 많아요. 네 근데 그거를 들어야 되잖아요 저는. 그 이게 협업이라는 것도 쪼금 말이 안 맞는 부분이긴 해요. 저는 그까 뭐 협업 수업 뭐 이런 식이죠 오히려. 네 요청에 제가 반응을 해야 되는 그런 것들인데 어쨌든 함께 하는 거기 때문에 이거를 듣고 거기에 대한 제가 또 피드백을 드리고 이러한 주고받을 주고받음이 있어야 되는 과정이기 때문에 그게 이제 일 대 다수라서 어려운 거죠 제가. 힘든 거죠 체력적으로.","wordCount":103},"emotion":[{"text":"네 요청에 제가 반응을 해야 되는 그런 것들인데   어쨌든 함께 하는 거기 때문에 이거를 듣고 거기에 대한 제가 또 피드백을 드리고 이러한 주고받을 주고받음이 있어야 되는 과정이기 때문에   그게 이제 일 대 다수라서 어려운 거죠 제가.","expression":"n-distress","category":"negative"}],"intent":[{"text":"","expression":"","category":"attitude"}],"summary":{"text":"협업 수업이라 불리는 협업 과정은 일 대 다수의 참여로 이루어지는 과정입니다. 그래서 협업에 대한 반응과 피드백이 있어야 되는 과정이기 때문에 현실적인 이유로 힘든 것입니다.","wordCount":24}}},"rawDataInfo":{"question":{"fileFormat":"wav","fileSize":461198,"duration":14410,"samplingBit":16,"channelCount":1,"samplingRate":"16kHz","audioPath":"/Mock/03.PublicService/Male/Experienced/ckmk_q_ps_m_e_179543.wav"},"answer":{"fileFormat":"wav","fileSize":2861518,"duration":89420,"samplingBit":16,"channelCount":1,"samplingRate":"16kHz","audioPath":"/Mock/03.PublicService/Male/Experienced/ckmk_a_ps_m_e_179543.wav"}}}