{"version":"1.0","dataSet":{"info":{"date":"20230116","occupation":"PS","channel":"MOCK","place":"ONLINE","gender":"MALE","ageRange":"35-44","experience":"EXPERIENCED"},"question":{"raw":{"text":"최근해 본 뉴스들 가운데서는 어떤 것이 가장 인상 깊었던 뉴스였는지요 어 또 그 뉴스가 왜 그렇게 인상 깊었는지 그 이유도 함께 말씀해 주시면 좋겠습니다","wordCount":24},"emotion":[],"intent":[]},"answer":{"raw":{"text":"어 최근에 본 뉴스 중에서 가장 인상 깊었던 것은 어 요즘에 그 이제 대북 도발 이런 뉴스들이 주로 가장 인상 깊는 것 같습니다. 어 남북한이 이제 분산된 지가 어느듯 육십 년이 지나서 칠십 년을 향해 다가가고 있는데 참 그런 부분들이 아쉬운 것 같습니다. 어 이렇게 같은 한 민족인데 그런 부분에 있어서 하다보니까 그 못 사는 나라와 잘 사는 나라로 나눠지다 보니 어 돈을 요구하는지 무엇을 요구하는지는 정확히 알 수 없지만 자꾸 도발을 한다는 것은 무언가슬 요구한다고 생각을 합니다. 그러다 보니 이런 대북 도발 이런 영상들이나 뭐 이런 관련된 뉴스들을 봤을 때 요즘에는 제일 인상 깊었던 것 같고 또한 이런 또 뉴스나 이런 것들을 주로 보기 때문에 뭐 부동산이라든지 뭐 나라의 경제 흐름 이런 거나 뭐 각종 사고 사고 그리고 사회에서 일어나는 뭐 위험성들 뭐 이런 거 관련된 뉴스들도 즐겨보면서 어 인상 깊게 보고 있는 것 같습니다. 그래서 뉴스 시청이나 뭐 뉴스 검색 이런 것들은 계속되어야 할 과제인 것 같습니다. 이상입니다.","wordCount":150},"emotion":[{"text":"어 남북한이 이제   분산된 지가 어느듯 육십 년이 지나서 칠십 년을 향해 다가가고 있는데 참 그런 부분들이 아쉬운 것 같습니다.","expression":"n-distress","category":"negative"}],"intent":[{"text":"","expression":"","category":"attitude"}],"summary":{"text":"남북한이 분단된지 70년이 되어가고 있습니다. 북한의 도발 영상이나 관련 뉴스, 부동산, 경제 흐름, 사고 사고, 사회의 위험성 등과 관련된 뉴스들을 주로 봅니다. 계속 뉴스 시청이나 검색을 해야 할 것 같습니다.","wordCount":30}}},"rawDataInfo":{"question":{"fileFormat":"wav","fileSize":467918,"duration":14620,"samplingBit":16,"channelCount":1,"samplingRate":"16kHz","audioPath":"/Mock/03.PublicService/Male/Experienced/ckmk_q_ps_m_e_192221.wav"},"answer":{"fileFormat":"wav","fileSize":2632398,"duration":82260,"samplingBit":16,"channelCount":1,"samplingRate":"16kHz","audioPath":"/Mock/03.PublicService/Male/Experienced/ckmk_a_ps_m_e_192221.wav"}}}