{"version":"1.0","dataSet":{"info":{"date":"20230116","occupation":"PS","channel":"MOCK","place":"ONLINE","gender":"MALE","ageRange":"35-44","experience":"EXPERIENCED"},"question":{"raw":{"text":"지원자님께서는 일을 하다 보면 다른 지역에서 업무를 수행하게 될 수도 있습니다 타 지역 근무도 문제 없이 가능하신지 말씀해 주세요","wordCount":19},"emotion":[],"intent":[]},"answer":{"raw":{"text":"타 지역 근무는 저에게 오히려 좋은 기회가 될 수 있다고 생각합니다. 한 곳에서 했던 일만 똑같이 하게 되다 보면 저 스스로의 프레임에 갇혀서 그 인식의 틀을 벗어날 수 없는 고인물이 되곤 합니다. 하지만 지금 하고 있던 업무가 익숙해질 무렵 다른 곳에 전출 또는 보직 순환 이 격오지로 발령이 나서 하다보면 그 동네 그 지역의 문화를 익힐 수 있고 그 지역의 문화를 통해서 또 다른 지역도 엿볼 수가 있습니다. 사람은 원래 하나의 일만 하다보면 그 분야에 아웃라이어 전문가가 될 것 같지만 실제로 아웃라이어가 되는 사람들은 여러 분야에 걸쳐서 모든 일을 섭렵했던 사람들이 훨씬 더 빠르게 전문가가 되는 경향이 있다고 합니다 타 지역 근무를 할 때 단순하게 그냥 발령만 내는 것이 아니라 회사에서 많은 혜택을 준다면 예를 들어 격오지 수당 또는 주중에 휴가를 조금씩 더 쓸 수 있게 하거나 아니면 금요일날 세 네 시에 서울로 올 수 있는 통금 버스를 제공해 준다고 하면 타 지역 근무는 전혀 문제가 되지 않을 것 같습니다.","wordCount":150},"emotion":[],"intent":[{"text":"","expression":"","category":"attitude"}],"summary":{"text":"타 지역 근무는 저 스스로의 프레임에 갇혀서 그 인식의 틀을 벗어날 수 없는 고인물이 되곤 합니다. 하지만 한 곳에서 했던 업무가 익숙해질 무렵 다른 곳에 전출 또는 보직 순환이 격오지로 발령이 나서 하다보면 그 동네 그 지역의 문화를 익힐 수 있고 또 다른 지역도 엿볼 수가 있습니다.","wordCount":47}}},"rawDataInfo":{"question":{"fileFormat":"wav","fileSize":457358,"duration":14290,"samplingBit":16,"channelCount":1,"samplingRate":"16kHz","audioPath":"/Mock/03.PublicService/Male/Experienced/ckmk_q_ps_m_e_166366.wav"},"answer":{"fileFormat":"wav","fileSize":2133198,"duration":66660,"samplingBit":16,"channelCount":1,"samplingRate":"16kHz","audioPath":"/Mock/03.PublicService/Male/Experienced/ckmk_a_ps_m_e_166366.wav"}}}