{"version":"1.0","dataSet":{"info":{"date":"20230116","occupation":"PS","channel":"MOCK","place":"ONLINE","gender":"MALE","ageRange":"35-44","experience":"EXPERIENCED"},"question":{"raw":{"text":"만약에 본인이 직접 해외 출장 장소를 선택할 수 있다면 지원자님은 꼭 한번 가서 일해 보고 싶은 나라가 있으신가요 있다면 어느 나라인지 말씀해 주시길 바랍니다","wordCount":24},"emotion":[],"intent":[]},"answer":{"raw":{"text":"어 해외로 이제 어 출장을 가게 된다면 이제 가보고 싶은 나라가 한 세 군데 정도 있습니다. 일단 어 세계에서 제일 유망하고 제일 비전이 있는 나라 미국이라는 나라에 가서 정말 세계적으로 엄청난 대기업들 큰 기업들에 대해서 업무 방식이 어떻게 되고 일 처리라든지 미국의 뭐 규정이나 절차 뭐 질서 이런 것들을 한번 경험해 보고 싶고 또한 이제 많은 이제 인력이나 넓은 땅 덩어리를 갖고 있는 인제 중국이라는 나라도 한번 가보고 싶습니다. 이제 중국이라는 나라는 이제 많은 기회가 있는 땅이라고 생각합니다. 어 일단 아직 땅 덩어리가 높고 아직 발전될 곳이 많기 때문에 그런 것들을 경험해 보고 또 이 노력해 본다고 하면은 또 한번의 기회가 생길 수도 있을 것 같고 또 회사의 이익에 있어서 엄청난 큰 역할을 할 수 있을 것 같습니다. 또한 이제 필리핀이나 뭐 이런 동남아 계열에 가게 된다면 마찬가지로 여기는 정말 그 가성비가 좋은 그런 인력을 갖고 있기 때문에 그런 것들도 활용한다고 하면 회사에 이익이나 회사의 확장에 있어서 큰 역할을 할 수 있을 것 같습니다. 네 이상입니다.","wordCount":156},"emotion":[],"intent":[{"text":"어 일단 아직 땅 덩어리가 높고 아직 발전될 곳이 많기 때문에 그런 것들을 경험해 보고 또   이 노력해 본다고 하면은 또 한번의 기회가 생길 수도 있을 것 같고 또 회사의 이익에 있어서   엄청난 큰 역할을 할 수 있을 것 같습니다.","expression":"c_sincere_co","category":"etc"},{"text":"또한 이제 필리핀이나 뭐 이런 동남아 계열에 가게 된다면 마찬가지로 여기는 정말   그 가성비가 좋은 그런 인력을 갖고 있기 때문에 그런 것들도 활용한다고 하면 회사에   이익이나 회사의 확장에 있어서 큰 역할을 할 수 있을 것 같습니다.","expression":"c_sincere_co","category":"etc"}],"summary":{"text":"해외 출장을 가보고 싶은 나라로 미국, 중국, 필리핀 세 군데를 꼽을 수 있습니다. 땅덩어리가 높고 발전될 곳이 많은 중국은 기회가 될 수 있을 것 같습니다. 또한 필리핀, 동남아 계열에 가게 된다면 가성비가 좋은 인력을 갖고 있어 그런 것들도 활용한다면 회사의 이익에 큰 역할을 할 수 있을 것입니다.","wordCount":47}}},"rawDataInfo":{"question":{"fileFormat":"wav","fileSize":610958,"duration":19090,"samplingBit":16,"channelCount":1,"samplingRate":"16kHz","audioPath":"/Mock/03.PublicService/Male/Experienced/ckmk_q_ps_m_e_191904.wav"},"answer":{"fileFormat":"wav","fileSize":2646478,"duration":82700,"samplingBit":16,"channelCount":1,"samplingRate":"16kHz","audioPath":"/Mock/03.PublicService/Male/Experienced/ckmk_a_ps_m_e_191904.wav"}}}