{"version":"1.0","dataSet":{"info":{"date":"20230116","occupation":"PS","channel":"MOCK","place":"ONLINE","gender":"MALE","ageRange":"35-44","experience":"EXPERIENCED"},"question":{"raw":{"text":"다양한 사람들과 함께 일을 하다 보면 구성원들과 갈등이 생길 일이 많습니다 이럴 때 어떻게 해결을 하셨는지 말씀해 주세요","wordCount":18},"emotion":[],"intent":[]},"answer":{"raw":{"text":"여러 사람들과 함께 업무를 하다 보면은 이 구성원들 만의 갈등이 종종 생기곤 합니다. 이럴 때 해결 방법에 대해서 아마 생각한 것에 대해서 답변 드리도록 하겠습니다. 어 회사에서 뿐만 아니라 학교생활 할 때든지 어떤 조직 생활을 할 때 오늘 조직의 일원으로 있을 때는 항상 갈등 요소가 생기는 것 같습니다. 그 살아온 환경도 틀리고 가치관도 틀리고 하기 때문에 이런 갈등이 생기는 거는 당연한 원리라고 생각합니다. 그래서 그걸 어떻게 슬기롭고 지혜롭게 해결 하느냐에 따라서 그 역량이 나타날 것 같은데 이런 갈등이 생길 때는 결국은 상대방 얘기를 잘 들어주면 됩니다. 내 얘기만 할려고 하고 내 의견만 주장하다 보면 이런 갈등이 생기는 거기 때문에 먼저 상대방의 얘기를 잘 들어주는 자세 경청의 자세를 갖고 있으면은 상대방의 얘기를 듣고 무엇을 원하는지 무엇이 불만 인지를 알 수 있을 겁니다. 그런 것들을 이 빨리 캐치하게 되면은 이런 갈등 요소가 매우 줄어든다고 생각합니다. 그러기 때문에 어 저는 이럴 때 해결 방법이 상대방의 어 요구 조건이 무엇이고 무엇을 원하고 무엇을 완성시키고 싶은지에 대해서 아는 내용이어도 끝까지 들어주고 끝까지 어 추적해 주으면 이런 갈등 요소가 많이 해소됐던 것 같습니다. 이상입니다.","wordCount":168},"emotion":[],"intent":[{"text":"그래서 그걸 어떻게 슬기롭고 지혜롭게 해결 하느냐에 따라서 그 역량이 나타날 것 같은데 이런 갈등이 생길 때는 결국은 상대방 얘기를 잘 들어주면 됩니다.","expression":"c_confl_mg","category":"personality"},{"text":"내 얘기만 할려고 하고 내 의견만 주장하다 보면 이런 갈등이 생기는 거기 때문에 먼저 상대방의 얘기를 잘 들어주는 자세 경청의 자세를 갖고 있으면은 상대방의 얘기를 듣고 무엇을 원하는지 무엇이 불만 인지를 알 수 있을 겁니다.","expression":"c_confl_mg","category":"personality"},{"text":"그러기 때문에 어 저는 이럴 때 해결 방법이 상대방의 어 요구 조건이 무엇이고 무엇을 원하고 무엇을 완성시키고 싶은지에 대해서 아는 내용이어도 끝까지 들어주고 끝까지 어 추적해 주으면 이런 갈등 요소가 많이 해소됐던 것 같습니다.","expression":"c_confl_mg","category":"personality"}],"summary":{"text":"조직 생활을 할 때 갈등 요소가 생기는데 어떻게 해결하느냐에 역량이 나타나는데 상대방의 얘기를 잘 들어주면 갈등 요소가 줄어듭니다. 상대방의 요구 조건이 무엇이고 무엇을 원하고 무엇을 완성시키고 싶은지에 대해서 아는 내용이어도 끝까지 들어주고 끝까지 추적해 주면은 이런 갈등 요소가 많이 해소됐던 것 같습니다.","wordCount":42}}},"rawDataInfo":{"question":{"fileFormat":"wav","fileSize":417678,"duration":13050,"samplingBit":16,"channelCount":1,"samplingRate":"16kHz","audioPath":"/Mock/03.PublicService/Male/Experienced/ckmk_q_ps_m_e_229921.wav"},"answer":{"fileFormat":"wav","fileSize":3094478,"duration":96700,"samplingBit":16,"channelCount":1,"samplingRate":"16kHz","audioPath":"/Mock/03.PublicService/Male/Experienced/ckmk_a_ps_m_e_229921.wav"}}}