{"version":"1.0","dataSet":{"info":{"date":"20230116","occupation":"PS","channel":"MOCK","place":"ONLINE","gender":"MALE","ageRange":"35-44","experience":"EXPERIENCED"},"question":{"raw":{"text":"만약 지원자님께서 지금 지원하신 이 직무가 아니라 다른 부서에 배치되게 된다면 어떻게 하실 건가요 그래도 괜찮습니까","wordCount":16},"emotion":[],"intent":[]},"answer":{"raw":{"text":"음 이게 함부로 대답하기에는 조금 민감한 질문이라서 근데 제 직업이 확실한 어떤 특성이 있기 때문에 이러한 성격으로 배치를 해 주셔야지 어 상호간에 조금 어떤 조금 대등한 부분이 맞 대등한 게 좀 맞지 않을까요 니즈가. 왜냐하면 저 저를 뭐 사무직으로 앉히시거나 이런 건 아닐 거 아니에요. 저는 네 성격상 저는 레크레이션 강사고 저는 사무직이나 이런 업무를 못하기 때문에 제가 또 제 직업을 선택한 이유가 큰데 그렇게 된다면 당연히 저는 못 합니다. 네 그래서 제 직업 성격과 맞는 비스무리한 다른 거를 저에게 추천을 해주시고 뭐 제안을 주신다면 저도 뭐 제가 가능한 건지 고려해보고 지워 그대로 가 해보겠다 라고 할 텐데 아주 말도 안 되는 쌩뚱 맞은 거를 저에게 제안을 하신다면 거절하겠습니다.","wordCount":109},"emotion":[],"intent":[{"text":"","expression":"","category":"attitude"}],"summary":{"text":"레크레이션 강사인 저는 사무직이나 이런 업무를 잘하지 못하므로 제 직업 성격과 맞는 다른 것을 추천해 해주시고 제안을 주신다면 제가 가능한 건지 고려해보고 그대로 가겠다고 할 텐데 전혀 말도 안 되는 제안을 하면 거절하겠습니다.","wordCount":33}}},"rawDataInfo":{"question":{"fileFormat":"wav","fileSize":393038,"duration":12280,"samplingBit":16,"channelCount":1,"samplingRate":"16kHz","audioPath":"/Mock/03.PublicService/Male/Experienced/ckmk_q_ps_m_e_159793.wav"},"answer":{"fileFormat":"wav","fileSize":2677838,"duration":83680,"samplingBit":16,"channelCount":1,"samplingRate":"16kHz","audioPath":"/Mock/03.PublicService/Male/Experienced/ckmk_a_ps_m_e_159793.wav"}}}