{"version":"1.0","dataSet":{"info":{"date":"20230116","occupation":"PS","channel":"MOCK","place":"ONLINE","gender":"MALE","ageRange":"35-44","experience":"EXPERIENCED"},"question":{"raw":{"text":"지원자님께서는 일을 하시다 보면 공장 주민들의 과도한 민원에 시달리게 될 일이 생길 수 있습니다 만약 이러면 어떻게 대응하시겠습니까","wordCount":18},"emotion":[],"intent":[]},"answer":{"raw":{"text":"네 업무를 하다 보면은 주변 주민이나 뭐 따로 뭐 여러 가지에게 이제 시 민원이 들어올 겁니다. 그런 민원들에 있어서 어 대응하는 방법에 대해서 답변 드리겠습니다. 일단 쟁점은 그런 공장 주민들이나 주변 민원인들도 우리들에 하나의 고객이 될 수도 있습니다. 그런 고객들에게 무엇이 원하는지 무엇을 요구하고 무엇이 민원 내용인지에 대해서 일단 빨리 캐치를 하고 제일 빨리 해결할 수 있는 거는 그거에 대한 뭐 회사에 뭐 피해가 있다고 하면 최소화해서 어 그 거에 대한 보상 대응이라든지 뭐 조치해 줄 수 있는 부분에서는 신속하게 조치해주는 게 가장 빠른 민원에 대해서 해결할 될 수 있는 방법이 될 것 같습니다. 네 여기서 또 터무니없는 걸로 회사에 손익을 끼치는 데 문제가 될 수는 있기 때문에 그런 부분에서는 어 어느 정도에 조율을 필요할 것 같습니다. 결국은 협상이라는 걸 해야 할 것인데 우리는 이만큼을 내줄 테니 그런 부분에 대해서는 어 좀 이해해 달라 양해해 달라 하면서 서로 이렇게 배려한다면 잘 대응이 될 것 같습니다. 이상입니다.","wordCount":146},"emotion":[],"intent":[{"text":"일단 쟁점은 그런 공장 주민들이나 주변 민원인들도   우리들에 하나의 고객이 될 수도 있습니다.","expression":"p_voc","category":"technology"},{"text":"그런 고객들에게 무엇이 원하는지 무엇을 요구하고 무엇이   민원 내용인지에 대해서 일단 빨리 캐치를 하고 제일 빨리 해결할 수 있는 거는 그거에 대한 뭐 회사에 뭐 피해가 있다고 하면 최소화해서   어 그 거에 대한 보상 대응이라든지 뭐 조치해 줄 수 있는 부분에서는 신속하게 조치해주는 게 가장 빠른 민원에 대해서 해결할 될 수 있는 방법이 될 것 같습니다.","expression":"p_voc","category":"technology"},{"text":"네 여기서 또 터무니없는 걸로 회사에 손익을 끼치는 데 문제가 될 수는 있기 때문에 그런 부분에서는   어 어느 정도에 조율을 필요할 것 같습니다.","expression":"p_voc","category":"technology"},{"text":"결국은 협상이라는 걸 해야 할 것인데 우리는 이만큼을 내줄 테니 그런 부분에 대해서는 어 좀   이해해 달라 양해해 달라 하면서 서로 이렇게 배려한다면 잘 대응이 될 것 같습니다.","expression":"p_voc","category":"technology"}],"summary":{"text":"공장 주민들이나 주변 민원인들도 우리들에 하나의 고객이 될 수 있습니다. 고객들에게 원하는 것과 민원 내용을 빨리 캐치하고 회사에 피해가 있다고 하면 최소화해서 보상 대응이나 조치해 줄 수 있는 부분에서는 신속하게 조치해주는 게 가장 빠른 민원에 대해서 해결할 수 있는 방법이 될 것입니다.","wordCount":42}}},"rawDataInfo":{"question":{"fileFormat":"wav","fileSize":464718,"duration":14520,"samplingBit":16,"channelCount":1,"samplingRate":"16kHz","audioPath":"/Mock/03.PublicService/Male/Experienced/ckmk_q_ps_m_e_196668.wav"},"answer":{"fileFormat":"wav","fileSize":2677198,"duration":83660,"samplingBit":16,"channelCount":1,"samplingRate":"16kHz","audioPath":"/Mock/03.PublicService/Male/Experienced/ckmk_a_ps_m_e_196668.wav"}}}