{"version":"1.0","dataSet":{"info":{"date":"20230116","occupation":"PS","channel":"MOCK","place":"ONLINE","gender":"MALE","ageRange":"55-","experience":"EXPERIENCED"},"question":{"raw":{"text":"그 지원자님께서 살면서 그 인내심의 한계를 느껴 보신 경험이 있으신가요 만약 있다면 어떤 경험이었는지 뭐 그 상황이라던지 고 내용에 대해서 말씀해 주세요","wordCount":22},"emotion":[],"intent":[]},"answer":{"raw":{"text":"인내심의 한계요 자주 느꼈죠 너무 많잖아요 소위 말하는 진상 손님들이. 네 정말 뭐 숙박업을 되게 편하게 생각하시는 분들도 있는데 네 해보면 아실 거예요 전혀 그렇지 않다는 걸. 이게 사람 마음이 참 자기 집 아닌 곳에서 잠을 자게 되거나 하면 그냥 대우 받고 싶은 심리 또 치우고 싶지 않은 심리 되게 여러 가지 것들이 어떤 어떤 사회에 대한 어떤 반발심이 그런 식으로 생기는 분들이 있더라구요. 그런데 생각보다 많으시더라구요. 그래서 아주 정말 네 난리를 쳐 놓고 갑니다. 네 그러면 그거는 고스란히 저는 또 다시 다음날 손님 입실 시간 전까지 온전하게 깔끔하게 치워 놔야 되기 때문에 저희는 뭐 그런 소품 하나하나도 네 똑같은 걸 몇 개를 사놓고 또 뿌서져 있으면 또 그건 다시 대체를 해 놔야 되니까. 정말 많았습니다 그런 부분들은.","wordCount":118},"emotion":[],"intent":[{"text":"","expression":"","category":"attitude"}],"summary":{"text":"숙박업을 이용하는 진상 손님들이 자기 집 아닌 곳에서 자게 되거나 하면 대우 받고 싶은 심리, 치고 싶지 않은 심리들이 생기는데 인내심의 한계를 많이 느꼈습니다. 그 부분들에 대한 소품 하나하나도 다시 대체를 해 놔야 되니까 정말 많았습니다.","wordCount":36}}},"rawDataInfo":{"question":{"fileFormat":"wav","fileSize":630478,"duration":19700,"samplingBit":16,"channelCount":1,"samplingRate":"16kHz","audioPath":"/Mock/03.PublicService/Male/Experienced/ckmk_q_ps_m_e_179654.wav"},"answer":{"fileFormat":"wav","fileSize":2882958,"duration":90090,"samplingBit":16,"channelCount":1,"samplingRate":"16kHz","audioPath":"/Mock/03.PublicService/Male/Experienced/ckmk_a_ps_m_e_179654.wav"}}}