{"version":"1.0","dataSet":{"info":{"date":"20230116","occupation":"PS","channel":"MOCK","place":"ONLINE","gender":"MALE","ageRange":"45-54","experience":"EXPERIENCED"},"question":{"raw":{"text":"팀 프로젝트를 할 때 의사소통에 문제가 생기면 어떻게 해결하시겠습니까","wordCount":9},"emotion":[],"intent":[]},"answer":{"raw":{"text":"어 이런 문제라면 반드시 소통을 해야 됩니다. 이 팀 프로젝트라는 게 그렇습니다. 그 여러 명이 모여서 팀을 이뤄서 그 공동의 목표가 주어지고 그것을 이루기 위해서 함께 노력하고 함께 어 완성해야 되는 그 업무가 팀 프로젝트인데 그 팀 프로젝트를 진행함에 있어서 팀원들끼리 소통이 안 된다라고 하면 그건 도저히 그 임무를 완수할 수가 없습니다. 그것은 뭐 뭐 억지로라도 소통을 해야 됩니다. 소통을 하기 위해서는 일단 뭐 상대방의 의견이라든지 상대방의 소통이 안 되는 직원의 과 이야기를 해서 그거를 풀어야 되는데 상대방의 이야기를 들어야 될 것 같습니다. 상대방이 왜 어 그것을 주장하는지 왜 어떠한 이유로 그와 내가 소통이 안 되는지를 확인을 하고 어 그것에 자잘못을 따지는 게 아니라 어 공동의 목표를 위해서 어떤 것이 옳다라는 것을 결정을 해야 될 것 같습니다. 그거는 뭐 어떻게 보면 뭐 팀장이 결정해 줘야 될 수도 있고 뭐 제가 팀장이라면 제가 소통이 안 되는 그 직원과 이야기를 해서 그 소통을 할 수 그걸 풀어야 될 것 같습니다.","wordCount":148},"emotion":[],"intent":[{"text":"소통을 하기 위해서는 일단   뭐 상대방의 의견이라든지 상대방의 소통이 안 되는 직원의 과 이야기를 해서   그거를 풀어야 되는데 상대방의 이야기를 들어야 될 것 같습니다.","expression":"c_confl_mg","category":"personality"},{"text":"상대방이 왜 어 그것을 주장하는지 왜 어떠한 이유로   그와 내가 소통이 안 되는지를 확인을 하고 어 그것에 자잘못을 따지는 게 아니라   어 공동의 목표를 위해서 어떤 것이 옳다라는 것을 결정을 해야 될 것 같습니다.","expression":"c_confl_mg","category":"personality"},{"text":"그거는 뭐 어떻게 보면 뭐 팀장이 결정해 줘야 될 수도 있고   뭐 제가 팀장이라면 제가 소통이 안 되는 그 직원과 이야기를 해서 그 소통을 할 수 그걸 풀어야 될 것 같습니다.","expression":"c_confl_mg","category":"personality"}],"summary":{"text":"팀 프로젝트에서 팀원들끼리 소통이 안 된다라고 하면 임무를 완수할 수 없습니다. 소통을 하기 위해서는 상대방의 의견, 상대방의 소통이 안 되는 직원의 이야기를 해서 풀어야 되는데 상대방의 이야기를 듣고 공동의 목표를 위해서 어떤 것이 옳다는 것을 결정을 해야 될 것 같습니다.","wordCount":40}}},"rawDataInfo":{"question":{"fileFormat":"wav","fileSize":243278,"duration":7600,"samplingBit":16,"channelCount":1,"samplingRate":"16kHz","audioPath":"/Mock/03.PublicService/Male/Experienced/ckmk_q_ps_m_e_106129.wav"},"answer":{"fileFormat":"wav","fileSize":2713678,"duration":84800,"samplingBit":16,"channelCount":1,"samplingRate":"16kHz","audioPath":"/Mock/03.PublicService/Male/Experienced/ckmk_a_ps_m_e_106129.wav"}}}