{"version":"1.0","dataSet":{"info":{"date":"20230116","occupation":"PS","channel":"MOCK","place":"ONLINE","gender":"MALE","ageRange":"35-44","experience":"EXPERIENCED"},"question":{"raw":{"text":"본인이 직접 해외 출장 장소를 선택할 수 있다면 꼭 한 번 가서 일해 보고 싶은 나라가 있습니까 만약 있다면 어느 나라인지 말씀해 주세요","wordCount":23},"emotion":[],"intent":[]},"answer":{"raw":{"text":"음 저는 그냥 그냥 정말 생각나는 대로 얘기하면요. 저는 포르투갈이요. 네 저는 포르투갈에서 그 현지에서 뭔가 그 나라의 그 분위기를 제대로 조금 몸으로 느끼면서 일을 해보고 싶어요. 되게 우리나라랑 비슷한 부분도 많다 고 얘기도 들었고 하지만 또 굉장히 네 여유롭고 그런 부분이 있다 고 그리고 정말 아름답다 고 많이들 들어가지고요. 거기서 제가 제 성격상 또 어떤 흥이 빠질 수가 없기 때문에 그런 뭔가 뭐 부 부에노스아이레스 여기에 그 자연 경관 그 강가에서 제가 뭔가 딱 커피에 츄러스 먹으면서 그 문화를 또 느끼고 그거에 맞게 또 저의 업무 제가 가진 일로 사람들을 즐겁게 하면서 그 즐거움을 가지고 또 더 나은 노동을 어떤 창출할 수 있도록 성과를 창출할 수 있도록 열심히 저도 이 써포트를 하는 그런 역할을 할 수 있는 네 포르투갈은 제가 그냥 가보고 싶은 나라라서 선택할 수 있다면은 가보고 싶네요.","wordCount":130},"emotion":[],"intent":[{"text":"","expression":"","category":"attitude"}],"summary":{"text":"포르투갈에서 여유롭고 아름답고, 커피에 츄러스 먹으면서 그 문화를 느끼고 업무에 즐거움을 가지고 더 나은 노동을 창출할 수 있도록 열심히 써포트를 하는 역할을 할 수 있는 포르투갈에 가보고 싶습니다.","wordCount":28}}},"rawDataInfo":{"question":{"fileFormat":"wav","fileSize":551438,"duration":17230,"samplingBit":16,"channelCount":1,"samplingRate":"16kHz","audioPath":"/Mock/03.PublicService/Male/Experienced/ckmk_q_ps_m_e_159795.wav"},"answer":{"fileFormat":"wav","fileSize":2835918,"duration":88620,"samplingBit":16,"channelCount":1,"samplingRate":"16kHz","audioPath":"/Mock/03.PublicService/Male/Experienced/ckmk_a_ps_m_e_159795.wav"}}}