{"version":"1.0","dataSet":{"info":{"date":"20230116","occupation":"PS","channel":"MOCK","place":"ONLINE","gender":"MALE","ageRange":"45-54","experience":"EXPERIENCED"},"question":{"raw":{"text":"가장 빠르게 본인의 어떤 역량보다 높은 수준의 직무를 수행할 수 있는 방법이 있다면 어떤 게 있을까요","wordCount":16},"emotion":[],"intent":[]},"answer":{"raw":{"text":"가장 빠르게 상위 단계의 직무를 수행할 수 있는 방법은 개인적으로는 어 직무에 따른 직무 업무 능력이라고 생각을 합니다. 본인이 능력이 돼야지 자기 직무에 대해서 잘 알고 있고 자기 직무와 관련된 전문적인 지식이 있고 했을 때 어 자기의 임무 직무를 봐 정확하게 완벽하게 수행할 수 있기 때문에 어 개인적으로는 당연히 업무에 대한 직무 능력이라고 생각하지만 이게 프로젝트라든지 이런 걸로 봤을 때는 저는 소통이라고 생각을 합니다. 어 회사에서는 여러 사람이 모여서 같은 목표를 놓고 노력을 합니다. 그렇게 노력을 했을 때 서로 소통이 안 되거나 이런 이런 일이 생긴다면 그 업무는 수행을 할 수가 없습니다. 어 그런 속담이 있듯이 뭐 빨리 갈려면 뭐 혼자 가지만 멀리 가려면 저 함께 가라는 속담이 있듯이 서로 간에 직원들 간에 팀원들 간의 소통이 원활하게 이루어졌을 때 그 임무를 가장 빠르고 완벽하게 저는 수행을 할 수 있다 라고 생각합니다. 어 소통을 하는 것이 어 상위 단계 직무를 수행할 수 있는 가장 빠른 방법이라고 저는 생각합니다.","wordCount":147},"emotion":[],"intent":[{"text":"","expression":"","category":"attitude"}],"summary":{"text":"상위 단계 직무 수행을 위한 가장 빠른 방법은 개인적으로는 직무에 따른 직무 업무 능력이라 생각하며, 프로젝트나 이런 걸로 볼 때는 소통이라고 생각합니다. 직원들 간에 팀원들 간의 소통이 원활하게 이루어졌을 때 그 임무를 가장 빠르고 완벽하게 수행할 수 있다 라고 생각합니다.","wordCount":40}}},"rawDataInfo":{"question":{"fileFormat":"wav","fileSize":345998,"duration":10810,"samplingBit":16,"channelCount":1,"samplingRate":"16kHz","audioPath":"/Mock/03.PublicService/Male/Experienced/ckmk_q_ps_m_e_106124.wav"},"answer":{"fileFormat":"wav","fileSize":2757198,"duration":86160,"samplingBit":16,"channelCount":1,"samplingRate":"16kHz","audioPath":"/Mock/03.PublicService/Male/Experienced/ckmk_a_ps_m_e_106124.wav"}}}