{"version":"1.0","dataSet":{"info":{"date":"20230116","occupation":"PS","channel":"MOCK","place":"ONLINE","gender":"MALE","ageRange":"45-54","experience":"EXPERIENCED"},"question":{"raw":{"text":"지원자님께서 가지고 있는 상위 일 퍼센트의 능력이 있다면 그 능력을 최대한 자세하게 말씀해 주세요","wordCount":14},"emotion":[],"intent":[]},"answer":{"raw":{"text":"어 저는 어 이게 피비린내를 잘 맡습니다. 그러니까 비린내를 잘 못 맡습니다. 네 이게 제 업에서는 조금 활용하기 좋은 능력이라고 볼 수 있을 것 같아서요. 네 왜냐하면 계속 수술을 해야 하는 업무이기 때문에 그 피비린 내가 정말 진동한다고 볼 수 있는데요. 손이든 어디든 아무리 이게 닦고 닦아도 어쩔 수가 없는 직업병인데 그 부분에서 둔감합니다. 네 왜냐하면 비린내 자체가 잘 안 나기 때문에 음 네 많은 피를 봐야 되고 많은 피를 쏟는 일을 하고 있어서 그 부분에 있어서는 조금 남들보다 어 발달 된 네 감각으로 할 수 있는 것 같습니다.","wordCount":89},"emotion":[],"intent":[{"text":"","expression":"","category":"attitude"}],"summary":{"text":"직업병인 저는 피비린내를 잘 맡지 못하는데, 계속 수술을 해야 하는 업무라 피 비린내가 진동하는데 그 부분에서 둔감합니다.","wordCount":17}}},"rawDataInfo":{"question":{"fileFormat":"wav","fileSize":345038,"duration":10780,"samplingBit":16,"channelCount":1,"samplingRate":"16kHz","audioPath":"/Mock/03.PublicService/Male/Experienced/ckmk_q_ps_m_e_112042.wav"},"answer":{"fileFormat":"wav","fileSize":2608718,"duration":81520,"samplingBit":16,"channelCount":1,"samplingRate":"16kHz","audioPath":"/Mock/03.PublicService/Male/Experienced/ckmk_a_ps_m_e_112042.wav"}}}