{"version":"1.0","dataSet":{"info":{"date":"20230116","occupation":"PS","channel":"MOCK","place":"ONLINE","gender":"MALE","ageRange":"35-44","experience":"EXPERIENCED"},"question":{"raw":{"text":"해외 파견 근무를 나가게 되면 그 많은 나라들 중 어느 나라에서 일을 하고 싶으세요 그리고 거기서 일하고 싶은 이유도 같이 말씀해 주세요","wordCount":22},"emotion":[],"intent":[]},"answer":{"raw":{"text":"예 해외 파병 관련돼서는 여러 가지 나라에 대해서 경험을 한번 쌓아보고 싶습니다. 그래서 그거에 대한 말 저 뭐 부담감이나 어 반대한다거나 그런 상황은 없고 그런 상황이 보다 오히려 감사할 것 같습니다. 그래서 여러 가지 나라가 있을 건데 일단 제일 그래도 세계에서 제일 유망 받는 나라 세계를 중심이 서 있는 나라인 미국에 가서 뭐 애플이라든지 뭐 티에쓰엠씨 이라든지 이런 회사들은 어떻게 회사 운영을 하고 회사가 어떻게 해서 이렇게 커졌는지 그런 것들을 멘토로 삼아서 우리 회사도 그에 맞춰서 조금 배울 건 배우고 적용시킬 수 있는 부분은 무엇인지를 캐치한다면 다시 우리나라에 복귀해서 그 부분을 적용시키는 그런 역할을 할 수 있다면은 우리 회사의 발전에 엄청난 큰 이미지를 끼칠 겁니다. 그리고 이제 추가적으로 이제 땅 덩어리가 넓고 이제 여러 가지 기회가 많은 나라인 중국이라는 나라에서도 한번 일을 해보고 싶습니다. 거기는 이제 많은 인력으로 대처해서 모든 것을 인력비를 이용해서 인제 중국이 인제 많이 커지게 되었는데 이 그런 부분도 하나의 또 인력 다루는 거나 뭐 이런 것에서 배운 것들이 많아서 그 두 가지 나라에서 한번 가서 이 일을 배워 보고 싶습니다. 이상입니다.","wordCount":165},"emotion":[],"intent":[{"text":"그래서 여러 가지 나라가 있을 건데 일단 제일 그래도 세계에서 제일 유망 받는 나라   세계를 중심이 서 있는 나라인 미국에 가서 뭐 애플이라든지 뭐 티에쓰엠씨 이라든지 이런 회사들은 어떻게 회사 운영을 하고 회사가 어떻게 해서 이렇게 커졌는지   그런 것들을 멘토로 삼아서 우리 회사도 그에 맞춰서 조금 배울 건 배우고 적용시킬 수 있는 부분은 무엇인지를 캐치한다면 다시 우리나라에 복귀해서 그 부분을 적용시키는 그런 역할을 할 수 있다면은   우리 회사의 발전에 엄청난 큰 이미지를 끼칠 겁니다.","expression":"c_sincere_co","category":"etc"}],"summary":{"text":"해외 파병 관련돼서는 여러 가지 나라에 대해서 경험을 한번 쌓아보고 싶습니다. 그래서 미국에 가서 회사 운영과 회사 성장과정을 멘토로 삼아서 배울 건 배우고 적용시킬 수 있는 부분을 캐치한다면 다시 우리나라에 복귀해서 그 부분을 적용시키는 역할을 할 수 있다면 회사의 발전에 큰 이미지를 끼칠 것입니다. 그리고 중국에서도 한번 일을 배워 보고 싶습니다.","wordCount":51}}},"rawDataInfo":{"question":{"fileFormat":"wav","fileSize":386638,"duration":12080,"samplingBit":16,"channelCount":1,"samplingRate":"16kHz","audioPath":"/Mock/03.PublicService/Male/Experienced/ckmk_q_ps_m_e_191910.wav"},"answer":{"fileFormat":"wav","fileSize":2722638,"duration":85080,"samplingBit":16,"channelCount":1,"samplingRate":"16kHz","audioPath":"/Mock/03.PublicService/Male/Experienced/ckmk_a_ps_m_e_191910.wav"}}}