{"version":"1.0","dataSet":{"info":{"date":"20230116","occupation":"PS","channel":"MOCK","place":"ONLINE","gender":"MALE","ageRange":"35-44","experience":"EXPERIENCED"},"question":{"raw":{"text":"저희 회사에서는 협업을 할 일이 많이 발생합니다 어 이전 직장이나 그런 대학이나 이런 곳에서 협업을 할 때 어려운 점은 없었는지 그런 부분을 간단히 말씀 부탁드립니다","wordCount":25},"emotion":[],"intent":[]},"answer":{"raw":{"text":"협업을 할 때 가장 어려운 것은 바로 부서 이기주의 또는 개인 이기주의였습니다. 예를 들어 본인의 업무가 일 부터 칠까지인데 자기는 본인이 업무가 칠까지가 아니라고 생각을 한다거나 나는 오까지만 해도 된다고 생각하는 이기주의를 펼치는 사람들이 무지하게 많습니다. 이럴 때 가장 문제점은 오까지만 하면 육 부터 칠 은 누군가가 해야 되는데 그 일 또한 중간에 붕 뜨게 되어 있습니다. 회사에서는 모든 업무가 나의 업무라고 생각을 하거나 아니면 나와 십 퍼센트라도 겹쳐 있으면 그건 내 업무라고 생각하는 적극적인 태도가 필요한데 기본적으로 한 업무를 너무 오래 했거나 아니면 한 직장을 너무 오래 다닌 사람들은 타성에 젖어 그런 업무를 해야 될 필요성을 못 느낍니다. 이런 필요성을 못 느끼는 사람들한테 가장 필요한 것이 바로 적절한 보상 당근과 채찍입니다. 더 이상 이 사람이 이 프로젝트나 협업을 하는 데 필요 없다고 생각하거나 도움이 안 된다고 생각하면 부서장이나 팀장한테 말해서 이분을 완벽히 이 업무에서 배제 시키거나 아니면 저절한 보상안을 먼저 제시를 해서 여러분이 이렇게 협업을 통해서 우리가 프로젝트를 성공하면 이렇게 보상을 해줄 수 있다 라고 하는 것을 먼저 제시해야 합니다. 그렇지 않으면 절대 발전을 할 수가 없었습니다.","wordCount":168},"emotion":[],"intent":[{"text":"","expression":"","category":"attitude"}],"summary":{"text":"협업 시 부서 이기주의나 개인 이기주의가 가장 큰 어려움으로, 회사에서는 모든 업무를 제 업무라고 생각하는 적극적인 태도가 필요한데, 타성에 젖어 업무의 필요성을 못 느낍니다. 이런 사람들한테 적절한 보상이 필요한데, 이분을 업무에서 배제시키거나 저절한 보상안을 먼저 제시해야 합니다. 그렇지 않으면 절대 발전을 할 수 없었습니다.","wordCount":44}}},"rawDataInfo":{"question":{"fileFormat":"wav","fileSize":464718,"duration":14520,"samplingBit":16,"channelCount":1,"samplingRate":"16kHz","audioPath":"/Mock/03.PublicService/Male/Experienced/ckmk_q_ps_m_e_166372.wav"},"answer":{"fileFormat":"wav","fileSize":2645838,"duration":82680,"samplingBit":16,"channelCount":1,"samplingRate":"16kHz","audioPath":"/Mock/03.PublicService/Male/Experienced/ckmk_a_ps_m_e_166372.wav"}}}