{"version":"1.0","dataSet":{"info":{"date":"20230116","occupation":"PS","channel":"MOCK","place":"ONLINE","gender":"MALE","ageRange":"35-44","experience":"EXPERIENCED"},"question":{"raw":{"text":"만약 해외에 파견 근무를 나가게 된다면 지원자님은 어느 나라에서 일을 하고 싶으신가요 그리고 이유를 그 이유는 무엇일까요","wordCount":17},"emotion":[],"intent":[]},"answer":{"raw":{"text":"어 해외 파견 근무를 나가게 된다면 제가 선호하는 나라가 있다고 판단했을 시에 답변을 드리도록 하겠습니다. 일단 미국이라는 나라가 정말 유명한 기업들 뭐 애플 티에스엠씨 등등해서 반도체 쪽이나 핸드폰 가전 뭐 가장 했을 때 가장 세계적으로 크고 안전한 기업을 갖고 있는 나라라고 판단이 됩니다. 그래서 그런 미국에서 우리가 해외에 파견을 나가게 된다면 분명히 좋은 정보와 또 그 절차나 또 분명히 우리가 배울 수 있는 부분이 많다고 생각합니다. 그럼 배워서 온 부분 벤치마킹한 그런 부분에 대해서 우리나라에 다시 적용을 시킨다면은 그 회사만큼은 아니지만 그래도 비슷하게 갈 수 있는 그런 기업이 될 수 있다고 생각합니다. 예를 들어서 삼성이라는 나라가 세계 어디를 가도 어 낮게 보지 않습니다. 그런 만큼 커지는 기업들이 많아진다면 우리나라도 큰 발전을 더 이룰 것이고 어 가장 유명한 나라가 되지 않을까 싶습니다. 그런 부분에서 미국에서 업무를 배워보고 싶습니다. 이상입니다.","wordCount":128},"emotion":[],"intent":[{"text":"","expression":"","category":"attitude"}],"summary":{"text":"해외 파견 근무를 나가게 된다면 제가 선호하는 나라는 미국이라고 생각합니다. 미국에서 우리가 해외 파견을 나가게 된다면 분명히 좋은 정보와 또 그 절차나 우리가 배울 수 있는 부분이 많다고 생각합니다. 그럼 배워서 온 부분을 우리나라에 다시 적용을 시키면은 그 회사만큼은 아니지만 그래도 비슷하게 갈 수 있는 기업이 될 수 있다고 생각됩니다.","wordCount":50}}},"rawDataInfo":{"question":{"fileFormat":"wav","fileSize":528078,"duration":16500,"samplingBit":16,"channelCount":1,"samplingRate":"16kHz","audioPath":"/Mock/03.PublicService/Male/Experienced/ckmk_q_ps_m_e_215295.wav"},"answer":{"fileFormat":"wav","fileSize":2641998,"duration":82560,"samplingBit":16,"channelCount":1,"samplingRate":"16kHz","audioPath":"/Mock/03.PublicService/Male/Experienced/ckmk_a_ps_m_e_215295.wav"}}}