{"version":"1.0","dataSet":{"info":{"date":"20230116","occupation":"PS","channel":"MOCK","place":"ONLINE","gender":"MALE","ageRange":"35-44","experience":"EXPERIENCED"},"question":{"raw":{"text":"지원자께서 직장을 선택하실 때 중요하게 생각했던 세 가지를 각각 어떠한 것인지 말씀을 부탁드립니다","wordCount":13},"emotion":[],"intent":[]},"answer":{"raw":{"text":"어 일단 제가 생각했을 때 직장을 선택을 할 때 가장 중요하게 생각하는 세 가지에 대해서 답변 드리겠습니다. 어 일단 그 부분에서 말씀드리면 일단 첫 번째는 회사의 분위기일 것 같습니다. 어 회사에서 보내는 시간이 생각보다 깁니다. 근데 그 회사에서 분위기가 딱딱하고 좀 어렵고 그런 분위기에서 그 긴 시간을 보내면은 분명히 오는 스트레스나 이런 것들이 데미지가 쌓일 것이라 생각합니다. 네 저는 그 회사의 분위기를 첫 번째로 보고 두 번째는 사람입니다. 내 주변 사람이 나와 잘 맞고 이런 것도 중요하지만 내가 어느정도 맞춰서 내가 양보할 부분 이런 그 그 양보했을 때 어 이 팀이 될 수 있고 제일 빨리 팀이 되고 또 나에게 서로 의지할 수 있는 사람이 있겠구나 그 부분 사람 그 부분이 두 번째 것 같고 그 이제 세 번째가 그래도 이 자본주의 세상에서 연봉이나 이런 복지 부분을 생각을 안 할 수 없기 때문에 저는 첫 번째는 회사의 분위기 두 번째는 사람 인간관계 세 번째는 이제 연봉과 복지를 생각하고 있습니다. 네 이상입니다.","wordCount":151},"emotion":[],"intent":[{"text":"","expression":"","category":"attitude"}],"summary":{"text":"직장을 선택할 때 중요하게 생각하는 세 가지에 대해서 답변 드리겠습니다. 첫 번째는 회사의 분위기일 것 같습니다. 두 번째는 사람입니다. 세 번째는 연봉과 복지입니다. 이상입니다.","wordCount":24}}},"rawDataInfo":{"question":{"fileFormat":"wav","fileSize":333518,"duration":10420,"samplingBit":16,"channelCount":1,"samplingRate":"16kHz","audioPath":"/Mock/03.PublicService/Male/Experienced/ckmk_q_ps_m_e_139216.wav"},"answer":{"fileFormat":"wav","fileSize":2611918,"duration":81620,"samplingBit":16,"channelCount":1,"samplingRate":"16kHz","audioPath":"/Mock/03.PublicService/Male/Experienced/ckmk_a_ps_m_e_139216.wav"}}}