{"version":"1.0","dataSet":{"info":{"date":"20230116","occupation":"PS","channel":"MOCK","place":"ONLINE","gender":"MALE","ageRange":"35-44","experience":"EXPERIENCED"},"question":{"raw":{"text":"지원자님은 협업을 할 때 사교성이 좋은 편이신가요 그 사교성을 키우기 위해 어떤 노력을 하셨나요","wordCount":14},"emotion":[],"intent":[]},"answer":{"raw":{"text":"저는 실제 사교성이 아주 좋은 편은 아닙니다. 하지만 사교성을 좋게 하기 위해서 꾸준한 노력을 많이 했습니다. 그중에 하나가 동아리 활동을 오랫동안 했고요. 대학교 때는 탁구 동아리를 통해서 사람들과 교류와 친밀감을 많이 쌓았고 학교를 졸업하고 나서 회사를 다닐 때는 회사에 등산 동아리를 오랫동안 다녔습니다. 그렇게 해서 사람들과 친해질 수 있는 방법이 무엇인가 많은 고민을 하고 연구를 한 결과 사람들은 결국 자신과 친해지기 위해서는 공감대를 형성해야 됩니다. 그것을 우리는 심리학에서 라포라고 하는데요. 그 공감대를 형성하기 위해서는 그 사람이 좋아하는 것이 무엇인지를 먼저 파악하고 그 주제에 대해서 저도 관심을 갖고 주제에 대한 많은 내용들을 먼저 알고 접근을 하는 것입니다. 그렇게 해서 처음에 사교성을 키우게 되면 그 사람과 라프가 형성이 되고 라포가 형성이 되면 그들과 협업을 할 때 조금의 문제가 생겨도 서로 이해하는 수준으로 넘어가게 됩니다. 일종의 협업을 할 때 서로 공감대를 형성을 해야 그래야 모든 일들이 술술 풀린다고 하는 대한민국의 좋은 게 좋은 거 아닌가 문화가 되기도 하는데요 이것은 직장을 하는데 또는 협업을 하는 데서 반드시 필요한 것이라고 생각합니다.","wordCount":156},"emotion":[],"intent":[{"text":"저는 실제 사교성이 아주 좋은 편은 아닙니다.","expression":"c_person","category":"background"},{"text":"대학교 때는 탁구 동아리를 통해서 사람들과 교류와 친밀감을 많이 쌓았고   학교를 졸업하고 나서 회사를 다닐 때는 회사에 등산 동아리를 오랫동안 다녔습니다.","expression":"c_private","category":"background"},{"text":"일종의 협업을 할 때 서로 공감대를 형성을 해야   그래야 모든 일들이 술술 풀린다고 하는 대한민국의 좋은 게 좋은 거 아닌가 문화가 되기도 하는데요   이것은 직장을 하는데 또는 협업을 하는 데서 반드시 필요한 것이라고 생각합니다.","expression":"c_cop","category":"personality"}],"summary":{"text":"저는 사교성이 아주 좋은 편은 아니지만 동아리 활동을 오랫동안 했습니다. 그렇게 해서 사람들과 친해질 수 있는 방법을 연구한 결과 공감대를 형성해야 되었습니다. 이것을 라포라고 하는데, 그 공감을 형성하기 위해서는 그 사람이 좋아하는 것을 먼저 파악하고 그 주제에 대한 많은 내용들을 알고 접근을 하는 것입니다. 이것은 협업을 하는 데서 반드시 필요한 것이라고 생각합니다.","wordCount":52}}},"rawDataInfo":{"question":{"fileFormat":"wav","fileSize":332878,"duration":10400,"samplingBit":16,"channelCount":1,"samplingRate":"16kHz","audioPath":"/Mock/03.PublicService/Male/Experienced/ckmk_q_ps_m_e_156516.wav"},"answer":{"fileFormat":"wav","fileSize":2695758,"duration":84240,"samplingBit":16,"channelCount":1,"samplingRate":"16kHz","audioPath":"/Mock/03.PublicService/Male/Experienced/ckmk_a_ps_m_e_156516.wav"}}}