{"version":"1.0","dataSet":{"info":{"date":"20230116","occupation":"PS","channel":"MOCK","place":"ONLINE","gender":"MALE","ageRange":"55-","experience":"EXPERIENCED"},"question":{"raw":{"text":"만약 공무를 수행하는 중에 민원인이 욕을 한다면 어떻게 대응하시겠어요 그리고 왜 그렇게 대응하는지도 말씀해 주세요","wordCount":15},"emotion":[],"intent":[]},"answer":{"raw":{"text":"만약 공무를 수행하는 중에 민원인이 욕을 한다면 어떻게 대응하시겠습니까 왜 그렇게 대응하는지도 말씀해 주세요. 어 저희는 공적인 일을 수행함에 있어서 저희가 욕설을 하거나 화를 많이 내거나 저런 어 이성적인 이성적이지 못한 그러한 행동이라든가 언어로서 아 민원인에게 상처를 주는 것은 아 올바르지 않다고 보여집니다. 무엇보다도 민원인이 욕을 한다면 참으로 그 심각한 수준일 수 있습니다. 아 우리도 거기에 맞춰서 욕을 한다면 서로 간의 불협화음과 싸움으로 이어질 수 있기 때문에 아 얼어로서 아 공손한 태도로서 아 욕을 하는 민원인이 무안할 수 있도록 대하는 것이 좋다고 생각합니다. 욕을 하면서 이렇게 대한다면은 아 저희로서는 아 법적인 그런 부분을 먼저 얘기하는 것이 중요하고 아 우리는 공무를 집행하는 그런 사람이기 때문에 아 욕을 들을 수 있는 그런 아 위치에 있는 사람들이 아니다. 우리는 공적인 일을 하다 보니까 이런 일에서 불편함이 있었다면 양해해 주시고 아 그 문제를 풀어가는 것이 아 좋지 않겠습니다 않겠습니까 라고 아 만들어가는 것이 또한 중요하다고 보여집니다. 그러기 위해서는 그 민원인을 잘 설득하고 어 왜 그런 일을 했는지 아 궁금해 하면서 그 문제를 풀어갈 테니까 아 욕 같은 건 하지 말고 아 이렇게 이성적인 판단을 내릴 수 있도록 하자고 하겠습니다.","wordCount":175},"emotion":[],"intent":[{"text":"","expression":"","category":"attitude"}],"summary":{"text":"공무 수행 중 민원인이 욕을 한다면 우리는 법적인 부분을 먼저 얘기하는 것이 중요하고 민원인을 잘 설득하고 왜 그런 일을 했는지 궁금해 하면서 그 문제를 풀어갈 테니 욕 같은 건 하지 말고 이렇게 이성적인 판단을 내릴 수 있도록 하겠습니다.","wordCount":38}}},"rawDataInfo":{"question":{"fileFormat":"wav","fileSize":349198,"duration":10910,"samplingBit":16,"channelCount":1,"samplingRate":"16kHz","audioPath":"/Mock/03.PublicService/Male/Experienced/ckmk_q_ps_m_e_245586.wav"},"answer":{"fileFormat":"wav","fileSize":3835598,"duration":119860,"samplingBit":16,"channelCount":1,"samplingRate":"16kHz","audioPath":"/Mock/03.PublicService/Male/Experienced/ckmk_a_ps_m_e_245586.wav"}}}