{"version":"1.0","dataSet":{"info":{"date":"20230116","occupation":"PS","channel":"MOCK","place":"ONLINE","gender":"MALE","ageRange":"45-54","experience":"EXPERIENCED"},"question":{"raw":{"text":"음 회사를 생활 그 생활을 하다 보면 이직을 생각하는 동료를 만나게 돼요 만약에 이직을 생각하는 동료를 만나게 된다면 뭐라고 말씀을 하실 건지 어 왜 그렇게 말씀하실지도 설명 설명해 주시기 바랍니다","wordCount":30},"emotion":[],"intent":[]},"answer":{"raw":{"text":"아 이직을 저도 해봐서 아는데 아 그 제 동료가 이직을 고민하고 있다면은 아 먼저 그 친구의 어 그 엄청난 그 스트레스 그 고뇌 그것에 대해서 먼저 좀 음 위로를 해줄 수 있을 것 같구요. 아 제가 이제 해본 경험에 의하면은 어 너무나도 힘듭니다. 그래서 그 동료의 힘든 점을 먼저 좀 아울러주는 게 우선일 것 같고 어 최대한 그 동료가 어 더 잘 되는 어 방향으로 조언을 해 줄 것 같은데요. 그 이직이 어 단순한 어떤 좀 감정이나 이런 거에 의해 의한 것이 아니라 어 정말 미래를 바라보고 차근차근 준비한 이 직이라면 어 백 프로 응원을 해 줄 것이고요. 그런 것이 아니라 어 제 순간에 어떤 그 감정에 의해서 하는 생각하는 이직이라면 아 백 프로 말릴 것 같습니다.","wordCount":117},"emotion":[],"intent":[{"text":"","expression":"","category":"attitude"}],"summary":{"text":"이직을 고민하는 동료에게 먼저 그 친구의 스트레스에 대한 위로를 해줘야 할 것 같습니다. 그 이직이 단순한 감정에 의한 것이 아니라 제 순간에 어떤 그 감정에 의해서 하는 이직이라면 백 프로 말릴 것 같다고 생각합니다.","wordCount":34}}},"rawDataInfo":{"question":{"fileFormat":"wav","fileSize":640398,"duration":20010,"samplingBit":16,"channelCount":1,"samplingRate":"16kHz","audioPath":"/Mock/03.PublicService/Male/Experienced/ckmk_q_ps_m_e_109154.wav"},"answer":{"fileFormat":"wav","fileSize":2675918,"duration":83620,"samplingBit":16,"channelCount":1,"samplingRate":"16kHz","audioPath":"/Mock/03.PublicService/Male/Experienced/ckmk_a_ps_m_e_109154.wav"}}}