{"version":"1.0","dataSet":{"info":{"date":"20230116","occupation":"PS","channel":"MOCK","place":"ONLINE","gender":"MALE","ageRange":"35-44","experience":"EXPERIENCED"},"question":{"raw":{"text":"기차가 운행 중 산사태로 인하여 삼십 분 동안 정차되었습니다 이때 관리 책임의 위치에 있다면 어떻게 조치하시겠습니까","wordCount":16},"emotion":[],"intent":[]},"answer":{"raw":{"text":"네 기차가 운행 시에 제 산사태나 뭐 아주 위험 상황으로 인해서 삼십 분 동안 정차가 된 상황에서 제가 관리자의 책임자의 위치에 있다면 어떻게 조치할 것인가에 대해서 답변드리겠습니다. 일단 다친 사람이나 생명의 위험이 있는 사람들이나 뭐 피해 요소에 대해서 일단 파악을 할 것 같고 그 이후에는 신속한 상급 부대에 보고가 필요할 것 같습니다. 그 지원 받을 수 있는 곳이 무엇이 있고 그런 것들을 판단한 후에 일단 사람들 고객들을 가장 안전한 장소로 대피를 시켜서 현재 상황을 좀 어 대처할 것 같습니다. 그 이후에 추가적인 위험 요소는 없는지 이 차 산사태 삼 차 산사태로 인한 생명의 위험이 있을지에 대해서부터 더 판단을 해 할 것 같고 그에 따른 이제 중간 중간에 이루어지고 있는 조치 사항이나 위험 요소들을 파악해서 중간중간 중간 보고를 실시를 해서 어 상급 부대에 인지시키는 게 가장 좋을 것 같습니다. 그 이후에 이어지는 조치 사항이나 지원 요소에 대해서 어 신속히 확인한 후에 조치를 받고 그 상황을 어 대처할 수 있을 것 같습니다. 네 이상입니다.","wordCount":152},"emotion":[],"intent":[{"text":"","expression":"","category":"attitude"}],"summary":{"text":"기차가 운행 시에 산사태나 위험 상황으로 인해서 정차가 된 상황에서 관리자의 책임자의 위치에 있다면 어떻게 조치할 것인가에 대해서 답변드리겠습니다. 일단 피해 요소를 파악을 할 것 같고 그 이후에는 신속한 상급 부대에 보고가 필요할 것 같습니다. 그 이후 조치 사항이나 지원 요소에 대해서 신속히 확인한 후에 조치를 받고 그 상황을 대처할 수 있을 것입니다.","wordCount":53}}},"rawDataInfo":{"question":{"fileFormat":"wav","fileSize":380558,"duration":11890,"samplingBit":16,"channelCount":1,"samplingRate":"16kHz","audioPath":"/Mock/03.PublicService/Male/Experienced/ckmk_q_ps_m_e_214762.wav"},"answer":{"fileFormat":"wav","fileSize":2682318,"duration":83820,"samplingBit":16,"channelCount":1,"samplingRate":"16kHz","audioPath":"/Mock/03.PublicService/Male/Experienced/ckmk_a_ps_m_e_214762.wav"}}}