{"version":"1.0","dataSet":{"info":{"date":"20230116","occupation":"PS","channel":"MOCK","place":"ONLINE","gender":"MALE","ageRange":"55-","experience":"EXPERIENCED"},"question":{"raw":{"text":"지원자님께서는 살면서 가장 힘들었던 점이 무엇이었습니까 또 그 어려웠던 점을 극복하기 위해 지원자님께서는 어떤 노력을 해 왔는지 궁금합니다","wordCount":18},"emotion":[],"intent":[]},"answer":{"raw":{"text":"살면서 가장 힘들었던 부분은 괜찮은 직장에서 나름대로 열심히 일을 했습니다. 평생 직장이라고 생각하고요. 그런데 아이엠에프라는 시기를 겪으면서 불가피하게 자영업 시장에 뛰어들었습니다. 물론 회사를 그만둘 때는 굉장히 힘들었습니다. 밖에 나가서 조직 생활 동안 배우고 익힌 부분을 자영업 시장에서 살아남을 수 있을 것인지 그러기 위해서 저는 최선을 다했습니다. 정말 발로 뛰고 몸으로 부디끼며 현재까지 자영업 시장에서 십 여 년 이상 일하고 있습니다.","wordCount":60},"emotion":[],"intent":[{"text":"","expression":"","category":"attitude"}],"summary":{"text":"자영업 시장에 뛰어든 저는 평생직장을 위해 열심히 일했지만 아이엠에프라는 시기를 겪으면서 불가피하게 자영업 시장에 뛰어들었습니다. 지금까지 십여 년 이상 일하고 있습니다.","wordCount":21}}},"rawDataInfo":{"question":{"fileFormat":"wav","fileSize":629518,"duration":19670,"samplingBit":16,"channelCount":1,"samplingRate":"16kHz","audioPath":"/Mock/03.PublicService/Male/Experienced/ckmk_q_ps_m_e_186257.wav"},"answer":{"fileFormat":"wav","fileSize":2702798,"duration":84460,"samplingBit":16,"channelCount":1,"samplingRate":"16kHz","audioPath":"/Mock/03.PublicService/Male/Experienced/ckmk_a_ps_m_e_186257.wav"}}}