{"version":"1.0","dataSet":{"info":{"date":"20230116","occupation":"PS","channel":"MOCK","place":"ONLINE","gender":"MALE","ageRange":"35-44","experience":"EXPERIENCED"},"question":{"raw":{"text":"혹시 요즘 매일 따로 공부하고 있는 분야가 있으신가요 있다면 어떤 공부를 따로 하고 있고 또 그 공부를 왜 하고 있는지도 함께 설명 한번 부탁드리겠습니다","wordCount":24},"emotion":[],"intent":[]},"answer":{"raw":{"text":"네 지금 제가 매일 공부하고 있고 자기 계발하는 부분에 대해서 말씀드리겠습니다. 딱 두 가지가 있습니다. 첫 번째는 돈에 대한 흐름에 대해서 개인적으로 궁금하고 발전시키고 싶은 마음에 이런 돈에 관련된 뭐 재테크라든지 뭐 부동산 투자 뭐 이런 부분에 대해서 개인적으로 하고 있고 업무적으로 공부하고 있는 부분은 제가 요즘에 유통관리사라는 자격증을 취득을 위해서 노력을 하고 있습니다. 그 이유는 유통에 관련된 부분에 대해서 알게 되면은 아 이런 물자나 물건 이런 것들이 어떻게 이동이 되고 어디서 차익분이 남고 어디에서 손해를 입고 하는 부분에서 알 수 있을 것 같아서 이것도 개인적으로 업무적인 발전이나 저의 성장을 위해서 유통관리사 쪽 공부하고 있고 또 인제 사람의 목표는 다 경제적인 자유가 목표이기 때문에 어 그런 경제적인 모습에서도 봤을 때 돈에 대한 흐름에 대해서는 충분히 내가 알아야겠구나 그런 생각이 들어서 돈에 대한 공부도 열심히 하고 있습니다. 그 요즘에는 그 두 가지를 공부하면서 여가 시간이나 개인 시간을 활용하고 있는데 아 다 자기계발에 도움이 되는 그런 분야이지 않을까 싶습니다. 네 이상입니다.","wordCount":149},"emotion":[],"intent":[{"text":"첫 번째는 돈에 대한 흐름에 대해서 개인적으로 궁금하고 발전시키고 싶은 마음에   이런 돈에 관련된 뭐 재테크라든지 뭐 부동산 투자 뭐 이런 부분에 대해서 개인적으로 하고 있고   업무적으로 공부하고 있는 부분은 제가 요즘에 유통관리사라는 자격증을 취득을 위해서 노력을 하고 있습니다.","expression":"c_imp","category":"personality"}],"summary":{"text":"지금 제가 매일 공부하고 있고 자기 계발하는 부분에 대해서 말씀드리겠습니다. 첫 번째는 돈과 관련된 재테크 또는 부동산 투자 이런 부분에 대해서 개인적으로 하고 있고 업무적으로 공부하고 있는 부분은 제가 최근에 유통관리사라는 자격증을 취득하기 위해서 노력을 하고 있습니다. 요즘에는 그 두 가지를 공부하면서 여가 시간이나 개인 시간을 활용하고 있는데 자기계발에 도움이 되는 분야입니다.","wordCount":52}}},"rawDataInfo":{"question":{"fileFormat":"wav","fileSize":527438,"duration":16480,"samplingBit":16,"channelCount":1,"samplingRate":"16kHz","audioPath":"/Mock/03.PublicService/Male/Experienced/ckmk_q_ps_m_e_192220.wav"},"answer":{"fileFormat":"wav","fileSize":2570318,"duration":80320,"samplingBit":16,"channelCount":1,"samplingRate":"16kHz","audioPath":"/Mock/03.PublicService/Male/Experienced/ckmk_a_ps_m_e_192220.wav"}}}