{"version":"1.0","dataSet":{"info":{"date":"20230116","occupation":"PS","channel":"MOCK","place":"ONLINE","gender":"MALE","ageRange":"35-44","experience":"EXPERIENCED"},"question":{"raw":{"text":"시간이 촉박한 상황이 발생하게 된다면 지원자님께서는 시간 관리를 어떻게 하는 편입니까 지원자님만의 시간 관리 방법에 대해서 설명해 주세요","wordCount":18},"emotion":[],"intent":[]},"answer":{"raw":{"text":"아 시간이 촉박하다 그럼 시간 관리라는 게 중요하다고 생각합니다. 지금 현대사회에서는 한 사람이 처리해야 할 일이 엄청나게 많습니다. 그 많은 일을 처리하기 위해서는 시간 관리는 기본 중에 기본이 돼야 하는데 시간이 촉박한 상황을 만들지 않기 위해서는 자기만의 다들 노하우가 있다고 생각합니다. 그래서 저는 항상 놓치는 일은 없게끔 하기 위해서 다이어리를 들고 다닙니다. 그래서 그때그때 메모하는 습관을 갖고 있는데 이렇게 메모를 해 놓게 되면 그 내가 해야 할 일들이 다 모이게 됩니다. 모이게 되면은 그거를 내일 할 일 일주일 뒤에 할 일 한 달 뒤에 할 일 이런 식으로 잘 쪼개서 스케줄러를 만들어 놓게 되면은 그날 급한 일을 우선순위를 정하시게 됩니다. 그러면 내가 제일 먼저 처리해야 할 일 이렇게 우선순위가 일 번부터와 십 번까지 매겨지게 되는데 그렇게 관리를 하게 되면은 이런 위 위 위기 상황이라든지 응급한 상황이 왔을 때 그 부분에 대해서 더욱더 집중할 수 있기 때문에 그런 것들에 대한 시간 관리가 이루어지지 않나 싶습니다. 그런 것들이 저만의 노하우가 되지 않을까 싶습니다. 이상입니다.","wordCount":152},"emotion":[],"intent":[{"text":"","expression":"","category":"attitude"}],"summary":{"text":"현대사회에서 한 사람이 처리해야 할 일이 많기 때문에 시간 관리는 중요합니다. 그래서 저는 항상 놓치는 일은 없게끔 다이어리를 들고 다니는데, 그때그때 메모를 해 놓으면 제가 해야 할 일들이 모이게 되고 스케줄러를 만들어 놓으면 그날 급한 일을 우선순위를 정하게 됩니다. 이렇게 관리를 하면 위기 상황 등에 집중할 수 있습니다.","wordCount":48}}},"rawDataInfo":{"question":{"fileFormat":"wav","fileSize":480718,"duration":15020,"samplingBit":16,"channelCount":1,"samplingRate":"16kHz","audioPath":"/Mock/03.PublicService/Male/Experienced/ckmk_q_ps_m_e_145466.wav"},"answer":{"fileFormat":"wav","fileSize":2668878,"duration":83400,"samplingBit":16,"channelCount":1,"samplingRate":"16kHz","audioPath":"/Mock/03.PublicService/Male/Experienced/ckmk_a_ps_m_e_145466.wav"}}}