{"version":"1.0","dataSet":{"info":{"date":"20230116","occupation":"PS","channel":"MOCK","place":"ONLINE","gender":"MALE","ageRange":"35-44","experience":"EXPERIENCED"},"question":{"raw":{"text":"직접 해외 출장 장소를 선택할 수 있다면 꼭 가서 일해보고 싶은 나라가 있나요","wordCount":13},"emotion":[],"intent":[]},"answer":{"raw":{"text":"제가 출장으로 가고 싶은 나라는 바로 유럽의 독일입니다. 독일은 모든 기술 개발의 최첨단의 선두주자이고 자동차 비엠더블유 벤츠 의료 기기 각종 산업 기기의 지멘스 모든 기기들이 다른 나라의 제품들과 비교해서 상당히 탁월합니다. 이런 문화를 한 번 배워보고 싶고 또 아시아의 유럽이라고 할 만큼 굉장히 성실하고 열정적이고 한국인들에게 친근한 나라입니다. 독일은 중학교 때부터 프로그래밍 및 기구 설계를 배워 대학교를 졸업하지 않은 젊은 친구들이 웬만한 한국에 있는 사십 대 중후반의 프로젝트 매니저들보다 더 뛰어난 기술력을 갖고 있다고 합니다. 우리나라는 자원이 풍부하지 않고 결국 기술력과 어떤 프로그램 개발에 대한 능력으로 먹고 살아야 되는데 이러기 위해서는 저희는 독일을 닮아야 된다고 생각합니다. 그래서 저는 독일의 선진 문물 및 선진 문화를 배워서 우리 회사에 적용하고 그 시스템을 어떻게 활용할 수 있는지를 배우기 위해서 독일을 적극적으로 가보고 싶습니다.","wordCount":120},"emotion":[],"intent":[{"text":"","expression":"","category":"attitude"}],"summary":{"text":"모든 기술 개발의 최첨단의 선두주자이고 성실하고 열정적인 나라인 독일의 선진 문물 및 선진 문화를 배워 우리 회사에 적용하고 그 시스템을 어떻게 활용할 수 있는지를 배우기 위해 출장을 가보고 싶습니다.","wordCount":29}}},"rawDataInfo":{"question":{"fileFormat":"wav","fileSize":239758,"duration":7490,"samplingBit":16,"channelCount":1,"samplingRate":"16kHz","audioPath":"/Mock/03.PublicService/Male/Experienced/ckmk_q_ps_m_e_172433.wav"},"answer":{"fileFormat":"wav","fileSize":2378318,"duration":74320,"samplingBit":16,"channelCount":1,"samplingRate":"16kHz","audioPath":"/Mock/03.PublicService/Male/Experienced/ckmk_a_ps_m_e_172433.wav"}}}