{"version":"1.0","dataSet":{"info":{"date":"20230116","occupation":"PS","channel":"MOCK","place":"ONLINE","gender":"MALE","ageRange":"55-","experience":"EXPERIENCED"},"question":{"raw":{"text":"지원자님께서는 공사와 공단의 차이가 무엇인지 알고 계십니까 알고 계시다면 차이점을 최대한 자세하게 설명해 주시기 바랍니다","wordCount":15},"emotion":[],"intent":[]},"answer":{"raw":{"text":"공사와 공단의 차이가 무엇인지 알고 계십니까. 차이점을 최대한 자세하게 아 설명해 주시기 바랍니다. 네 공단과 공사의 큰 차이점은 공사는 어 공공성을 추구하면서도 이익을 내기 위한 형태입니다. 하지만 공단은 정부의 행정을 효율적으로 집행하기 위한 형태로 대표적인 예로 아 한국산업인력관리공단 교통안전공단 의료보험공단 국민 아 연금공단 등 이와 같은 어 뒤에 공단이 붙는 그런 것들을 공단이라고 주로 말을 합니다. 공사는 아 공공성을 추구하고 이익을 또한 추구합니다. 한국전력 같은 수자원공사라든가 아 가스안전공사 뭐 이런 부분들이 공사가 될 수 있습니다. 또한 우리가 흔히 인프라로 이렇게 구축되어 있는 도로공사 이런 부분들이 이제 공사가 이 된다고 보여집니다. 또한 아 공사와 공단은 어떻게 보면 어 공적인 일을 하고 국민들에게 어 이로움을 줄 수 있는 아 지지 기반이라든가 시설 이런 서포트를 할 수 있는 그런 부분이기 때문에 최대한 아 국민에게 서비스를 주고 국민의 불편함이 없도록 도움을 주는 부분이 중요하다고 볼 수 있습니다. 아 공사와 공단은 어떻게 보면은 어 민원이 많이 발생할 수 있는 아 그런 분야고 또한 국민들의 그러한 신뢰와 아 동방을 아 필요로 하는 그런 부분이기 때문에 아 그러한 아 직원으로서의 자세가 더욱더 중요하다고 생각이 듭니다.","wordCount":168},"emotion":[],"intent":[{"text":"","expression":"","category":"attitude"}],"summary":{"text":"공사는 공공성을 추구하며 이익을 내기 위한 형태인 반면 공단은 정부의 행정을 효율적으로 집행하기 위한 형태로 공공성과 이익을 추구하고 이익을 냅니다. 또한 공적인 일을 하고 국민들에게 이로움을 줄 수 있는 기반이나 시설을 서포트 할 수 있는 부분이 공사와 공단의 차입니다. 민원이 많이 발생할 수 있고 국민의 신뢰와 동방을 필요로 하는 부분이기에 직원으로서의 자세가 중요합니다.","wordCount":53}}},"rawDataInfo":{"question":{"fileFormat":"wav","fileSize":558798,"duration":17460,"samplingBit":16,"channelCount":1,"samplingRate":"16kHz","audioPath":"/Mock/03.PublicService/Male/Experienced/ckmk_q_ps_m_e_245587.wav"},"answer":{"fileFormat":"wav","fileSize":3877198,"duration":121160,"samplingBit":16,"channelCount":1,"samplingRate":"16kHz","audioPath":"/Mock/03.PublicService/Male/Experienced/ckmk_a_ps_m_e_245587.wav"}}}