{"version":"1.0","dataSet":{"info":{"date":"20230116","occupation":"PS","channel":"MOCK","place":"ONLINE","gender":"MALE","ageRange":"-34","experience":"EXPERIENCED"},"question":{"raw":{"text":"최근에도 큰 기업에서 화재가 나서 굉장히 큰 이슈가 됐는데요 건물에 화재가 발생을 했습니다 이 때 가장 먼저 대처해야 될 일은 무엇인지 업무의 우선 순위대로 설명을 한번 해 보시죠","wordCount":28},"emotion":[],"intent":[]},"answer":{"raw":{"text":"저희 건물에 화재가 발생하여 제가 가장 먼저 해야 할 일은 일 일 구 를 먼저 불러야 합니다. 그리고 불이 났다는 상황을 알리기 위해 직장 내에 방송 시스템이 있는 부서와 연락을 통해 화재의 상황이라는 것을 전파해야 합니다. 그 이후 소화기의 위치를 파악함으로써 초기 진압을 실행해야 한다고 생각합니다. 그래도 불길이 커질 경우에는 건물 내에 있는 사람들에게 계단을 통해 건물 밖으로 안내할 수 있도록 피난 유도반을 꾸려 비상 상황임을 인식할 수 있도록 하는 것이 제가 화제 상황에 할 수 있는 역할이라고 생각합니다.","wordCount":79},"emotion":[],"intent":[{"text":"","expression":"","category":"attitude"}],"summary":{"text":"제가 화제 상황에 할 수 있는 역할은 일 일구를 먼저 불러야 하고, 상황 전파, 초기 진압, 피난 유도반을 꾸려 비상 상황임을 인식할 수 있도록 하는 것이라고 생각합니다.","wordCount":27}}},"rawDataInfo":{"question":{"fileFormat":"wav","fileSize":541838,"duration":16930,"samplingBit":16,"channelCount":1,"samplingRate":"16kHz","audioPath":"/Mock/03.PublicService/Male/Experienced/ckmk_q_ps_m_e_229881.wav"},"answer":{"fileFormat":"wav","fileSize":1902158,"duration":59440,"samplingBit":16,"channelCount":1,"samplingRate":"16kHz","audioPath":"/Mock/03.PublicService/Male/Experienced/ckmk_a_ps_m_e_229881.wav"}}}