{"version":"1.0","dataSet":{"info":{"date":"20230116","occupation":"PS","channel":"MOCK","place":"ONLINE","gender":"MALE","ageRange":"35-44","experience":"EXPERIENCED"},"question":{"raw":{"text":"만약 시간이 촉박한 상황이 생기게 될 때 어떤 방법으로 시간 관리를 하나요 지원자님의 시간 관리 방법이 궁금합니다","wordCount":17},"emotion":[],"intent":[]},"answer":{"raw":{"text":"저는 즐겨요. 네 원래 그게 제 스타일입니다. 그까 촉박한 상황이 생기는 걸 즐겨요. 제가 바로 그 음 엠비티아이에서 그 제이가 하나도 없는 저 극 완전한 피입니다. 네 완전 즉흥적인 성격이라 저는 원래 계획을 하지 않아요. 그까 중요한 일이 있을 때도 어 미리미리 그걸 하는 게 아니라 조금 발등에 불 떨어뜨리는 성격이에요. 저는 그래서 이 불이 그 열기 열기에 제가 막 혼자 뜨거워서 후다닥 해버리게 제 스스로 조금 이렇게 쪼는 편 좀 그 즐기는 편 네 아니 근데 또 그래야지 바싹 긴장하고 어 바싹 그 상태에 집중하고 그래야 또 어떤 최상의 성과를 낼 수가 있어서 이게 뭐 제가 게을러서 라는게 아니라 저는 조금 그 촉박한 상황 자체를 즐기는 편입니다. 생각보다 그리고 이런 사람들이 많아요. 이걸 나쁘게 볼 나쁘게만 볼 게 아니에요 이거는.","wordCount":121},"emotion":[],"intent":[{"text":"네 완전 즉흥적인 성격이라   저는 원래 계획을 하지 않아요.","expression":"c_person","category":"background"},{"text":"그까 중요한 일이 있을 때도 어 미리미리 그걸 하는 게 아니라 조금 발등에 불 떨어뜨리는 성격이에요.","expression":"c_person","category":"background"}],"summary":{"text":"저는 촉박한 상황이 생기는 것을 즐겨요. 그래서 중요한 일이 있을 때도 미리하지 않고 조금 발등에 불 떨어뜨리는 성격입니다. 근데 제가 게을러서가 아니라 촉박한 상황 자체를 즐기는 편입니다.","wordCount":27}}},"rawDataInfo":{"question":{"fileFormat":"wav","fileSize":367118,"duration":11470,"samplingBit":16,"channelCount":1,"samplingRate":"16kHz","audioPath":"/Mock/03.PublicService/Male/Experienced/ckmk_q_ps_m_e_159794.wav"},"answer":{"fileFormat":"wav","fileSize":2550798,"duration":79710,"samplingBit":16,"channelCount":1,"samplingRate":"16kHz","audioPath":"/Mock/03.PublicService/Male/Experienced/ckmk_a_ps_m_e_159794.wav"}}}