{"version":"1.0","dataSet":{"info":{"date":"20230116","occupation":"PS","channel":"MOCK","place":"ONLINE","gender":"MALE","ageRange":"35-44","experience":"EXPERIENCED"},"question":{"raw":{"text":"사고로 다친 후에 그 외상으로 인해서 스트레스 장애를 본인이 직접 경험한 적이 있습니까","wordCount":13},"emotion":[],"intent":[]},"answer":{"raw":{"text":"네 외상후 스트레스 장애에 경험해 보거나 했던 거에 대해서 극복하는 부분에 대해서 답변 드리겠습니다. 어 지금 현재 우리나라 사회인 중에 이런 스트레스 장애를 안 갖고 있는 사람이 그 드물 것 같고 대부분은 자기도 모르게 겪어 겪고 또 각자 사회에 맞는 각자 상황에 맞는 여러 가지 종류가 스트레스가 있을 것입니다. 그런 것들을 극복하는 방법에 대해서 한번 답변을 드리자 하면은 어떤 방향으로 내가 이런 장애가 생겼는지를 먼저 어 의사에게 진단을 받고 어 먼저 판단을 해야 한다고 생각합니다. 그래서 이런 극복하는 방법은 결국은 자기의 그 마인드 리마인드가 중요할 것 같고 또한 이런 것들을 극복하기 위해서는 자기가 재미있어 하는 일 또는 운동을 적극적으로 하다보면은 이런 긍정적인 마인드가 생기게 되고 그렇게 되면 이 스트레스에 대한 해소할 수 있는 방법 그리고 스트레스에 대해서 방어할 수 있는 능력을 키울 수 있다고 생각합니다. 그거는 이제 자기 본인만의 그 노하우가 생길 것이고 그런 것들에 대해서 잘 적응해 나갈 수 있는 그런 단계가 될 수 있다고 생각합니다. 이 상입니다.","wordCount":149},"emotion":[],"intent":[{"text":"","expression":"","category":"attitude"}],"summary":{"text":"외상후 스트레스 장애에 대한 극복 방법에 대해 답변 드리겠습니다. 먼저 의사에게 진단을 받고 판단을 해야 합니다. 긍정적인 마인드가 생기면 스트레스에 대한 해소 방법과 방어 능력을 키울 수 있다고 생각합니다. 그건 자기만의 노하우가 생기고 그런 것들에 대해 잘 적응해 나갈 수 있는 단계가 될 수 있을 것입니다.","wordCount":46}}},"rawDataInfo":{"question":{"fileFormat":"wav","fileSize":477518,"duration":14920,"samplingBit":16,"channelCount":1,"samplingRate":"16kHz","audioPath":"/Mock/03.PublicService/Male/Experienced/ckmk_q_ps_m_e_214819.wav"},"answer":{"fileFormat":"wav","fileSize":2698958,"duration":84340,"samplingBit":16,"channelCount":1,"samplingRate":"16kHz","audioPath":"/Mock/03.PublicService/Male/Experienced/ckmk_a_ps_m_e_214819.wav"}}}