{"version":"1.0","dataSet":{"info":{"date":"20230116","occupation":"PS","channel":"MOCK","place":"ONLINE","gender":"MALE","ageRange":"35-44","experience":"EXPERIENCED"},"question":{"raw":{"text":"지원자님께서 해외 파견 근무를 나가게 된다면 어느 나라에 일을 하고 싶으신가요 지원자님도 이유도 설명도 말씀해 주시겠습니까","wordCount":16},"emotion":[],"intent":[]},"answer":{"raw":{"text":"네 해외 파견 근무를 나가게 된다면 여러 가지 나라가 있겠지만 어 몇 가지 나라를 추려 볼 수 있을 것 같습니다. 일단 세계적으로 가장 유망한 기업들이 많은 미국 미국에서 인제 일을 하게 된다면은 또 그 유망한 기업 또 그런 큰 기업들에 대한 또 업무 방식이라든지 비전을 또 배울 수 있을 것 같고 일단 또 중국이란 나라는 또 땅덩어리가 넓고 하다보니 어 회사의 확장이나 업무의 확장 이렇게 또 사업을 또 새롭게 진행하는 데에도 가성비 좋게 중국이라는 나라에서 이룰 수 있을 것 같습니다. 또한 저희 같은 경우는 이제 생산 파트가 많이 있기 때문에 이런 인력 비용도 무시 못할 겁니다. 이런 인력 비용을 또 생각하면은 동남아 계열 또 나라에서는 아직은 우리나라보다 그 인력 비용이 싸기 때문에 그런 데 있어서 가성비가 굉장히 효율적으로 더 좋을 것으로 판단이 돼서 그 동남아쪽 나라에서도 어 일을 한 번 해보고 나면은 더 많은 것들을 배우고 또 식견이나 또 비전 같은 것들을 많이 넓혀서 올 수 있을 것 같습니다. 네 이상입니다.","wordCount":151},"emotion":[],"intent":[{"text":"","expression":"","category":"attitude"}],"summary":{"text":"해외 파견 근무를 하게 된다면 미국, 중국, 동남아 계열 등 몇 가지 나라를 추려 볼 수 있을 것 같습니다. 미국에서는 유망한 기업들에 대한 업무 방식과 비전을 배울 수 있고 중국이라는 나라는 회사의 확장이나 업무의 확장, 사업을 새롭게 진행하는 데에도 가성비 좋게 중국이라는 나라에서 이룰 수 있을 것입니다.","wordCount":47}}},"rawDataInfo":{"question":{"fileFormat":"wav","fileSize":407438,"duration":12730,"samplingBit":16,"channelCount":1,"samplingRate":"16kHz","audioPath":"/Mock/03.PublicService/Male/Experienced/ckmk_q_ps_m_e_196671.wav"},"answer":{"fileFormat":"wav","fileSize":2638798,"duration":82460,"samplingBit":16,"channelCount":1,"samplingRate":"16kHz","audioPath":"/Mock/03.PublicService/Male/Experienced/ckmk_a_ps_m_e_196671.wav"}}}