{"version":"1.0","dataSet":{"info":{"date":"20230116","occupation":"PS","channel":"MOCK","place":"ONLINE","gender":"MALE","ageRange":"35-44","experience":"EXPERIENCED"},"question":{"raw":{"text":"지원자께서는 우리 회사가 해외 무대로 진출하게 된다면은 어디로 진출하는 것이 좋다고 생각하는지요 그리고 그 이유도 함께 설명하여 말씀해 주시길 바랍니다","wordCount":20},"emotion":[],"intent":[]},"answer":{"raw":{"text":"저희 회사의 사업 진출의 첫 번째 교두보는 바로 중국이 되어야 됩니다. 중국은 미국 다음에 제 이의 엄청난 선진국이고 엄청난 물류 후보 허브로 성장하고 있습니다. 그리고 중국 문화는 전 세계 어디든지 엮여있지 않는 곳이 없습니다. 중국과의 관계가 국제정세가 좋지는 않지만 그래도 사업의 교두보로서 중국을 선택한다면 일단 한국 시장보다 천 배에서 만 배 정도 큰 세일즈 볼륨을 갖고 있습니다. 그런 곳에 정착을 하여 중국과 관련된 싱가폴 또는 동남아시아 베트남 홍콩 등으로 또 다르게 진출을 할 수 있습니다. 그리고 알리바바 시장이나 타워바우 시장에 한국 제품을 제대로 런칭할 수 있는 기회가 될 수도 있습니다. 현재 중국은 미국을 버금가고 유럽을 이미 능가한 수준의 시장에 크기가 만들어져 있고 중국에서 먹힌 제품은 틱톡을 통해서 많은 동영상으로 유포가 되게 됩니다. 실제로 틱톡이 인스타나 유투브 보보다 훨씬 더 판매가 많이 이루어지는 이천 이십 일 년부터의 판매 통계를 보면 당연히 중국을 통해서 중국 시장을 완전히 장악하고 난 다음에 그 다음에 유럽 시장으로 진출을 하는 것이 순서라고 생각을 합니다.","wordCount":148},"emotion":[],"intent":[{"text":"","expression":"","category":"attitude"}],"summary":{"text":"저희 회사의 사업 진출의 교두보는 중국이 되어야 합니다. 중국은 엄청난 선진국이고 물류 후보 허브로 성장하고 있습니다. 그런 곳에 정착을 하여 중국과 관련된 싱가폴, 동남아시아, 홍콩 등으로 진출을 할 수 있고 알리바바 시장이나 타워바우 시장에 한국 제품을 제대로 런칭할 수 있는 기회가 될 수도 있을 것입니다.","wordCount":45}}},"rawDataInfo":{"question":{"fileFormat":"wav","fileSize":529678,"duration":16550,"samplingBit":16,"channelCount":1,"samplingRate":"16kHz","audioPath":"/Mock/03.PublicService/Male/Experienced/ckmk_q_ps_m_e_164873.wav"},"answer":{"fileFormat":"wav","fileSize":2546958,"duration":79590,"samplingBit":16,"channelCount":1,"samplingRate":"16kHz","audioPath":"/Mock/03.PublicService/Male/Experienced/ckmk_a_ps_m_e_164873.wav"}}}