{"version":"1.0","dataSet":{"info":{"date":"20230116","occupation":"PS","channel":"MOCK","place":"ONLINE","gender":"MALE","ageRange":"35-44","experience":"EXPERIENCED"},"question":{"raw":{"text":"남을 잘 이끄는 리더형과 남을 잘 따르는 팔로워형 어 지원자님 본인은 어떠한 유형인지 어 이유도 함께 설명 부탁드립니다","wordCount":18},"emotion":[],"intent":[]},"answer":{"raw":{"text":"남을 잘 이끌어가는 리더형 남에게 상급자가 잘 따르는 팔로워형 그 형에 따라서는 모두 두 가지의 형을 다 갖고 있어야 한다고 생각합니다. 당연히 하급자일 때는 인제 팔로워형이 될 것이고 인제 상급 업무를 했을 때 인제 상급자가 됐을 때는 리더형으로 바껴야 할 겁니다. 두 가지 형을 뭘 더 선호하냐 안 하냐 하느냐는 아니지만 음 그거를 꼭 굳이 성향으로 나누자고 하면 저는 팔로워형이 더욱 맞는 것 같습니다. 지금까지 팔로워형을 좀 업무를 많이 하다 보니 그런 걸지도 모르겠는데 뭔가를 누군가가 이렇게 가고자 하는 방향을 잘 캐치하고 그 부분에 대해서 보완할 점 어 좀 조율이 필요한 점 이런 것들을 잘 캐치하는 편이기 때문에 어 내가 도와줘야 할 해줘야 할 일 서포터 해줘야 할 일들에 대해서 잘 조율을 할 수 있기 때문에 그런 것들에 개인 성향을 봤을 때는 팔로워형이 좀 더 저한테 맞지 않을까 생각을 해 봅니다. 하지만 인제 어느정도 상급 업무를 하면은 이제 리더형으로 바뀌어야 하는데 그 두 가지는 인제 공존하는 과제가 될 것 같습니다. 이상입니다.","wordCount":151},"emotion":[],"intent":[{"text":"","expression":"","category":"attitude"}],"summary":{"text":"형에 따라선 리더형과 팔로워형이 모두 두 가지의 형을 갖고 있어야 한다고 생각합니다. 하급자일 때는 리더형이 될 것이고 상급 업무를 했을 때 상급자가 됐을 때는 리더형으로 바껴야 할 것입니다. 어느 정도 상급 업무를 하면은 리더형으로 바뀌어야 하는데 그 두 가지는 공존하는 과제가 될 것 같습니다. 이상입니다.","wordCount":45}}},"rawDataInfo":{"question":{"fileFormat":"wav","fileSize":523598,"duration":16360,"samplingBit":16,"channelCount":1,"samplingRate":"16kHz","audioPath":"/Mock/03.PublicService/Male/Experienced/ckmk_q_ps_m_e_147276.wav"},"answer":{"fileFormat":"wav","fileSize":2587598,"duration":80860,"samplingBit":16,"channelCount":1,"samplingRate":"16kHz","audioPath":"/Mock/03.PublicService/Male/Experienced/ckmk_a_ps_m_e_147276.wav"}}}