{"version":"1.0","dataSet":{"info":{"date":"20230116","occupation":"PS","channel":"MOCK","place":"ONLINE","gender":"MALE","ageRange":"35-44","experience":"EXPERIENCED"},"question":{"raw":{"text":"어 지금 공부하고 있는 분야가 있다면 말씀을 해 주시고요 왜 그걸 공부하는지 그리고 지금까지 어떤 거를 배웠는지도 말씀을 해 주시기 바랍니다","wordCount":21},"emotion":[],"intent":[]},"answer":{"raw":{"text":"저는 지금 빅데이타 인공 지능 에이아이 딥 러닝 머신 러닝에 대해서 지속적으로 공부 중입니다. 왜냐면 현재 저희 회사도 섹터리 오토메이션이라고 하는 공장 자동화를 진행하고 있습니다. 요즘 모든 시대가 인공 지능에 따라 어떻게든 인력을 줄이고 컴퓨터 프로그래밍들이 모든 것을 할 수 있게끔 만들어 놓은 시대고 앞으로는 그런 시대가 지속적으로 발전될 것이라고 생각합니다. 예전에는 몸을 써서 할 수 있는 일들이 많았지만 이제는 컴퓨터 에이아이 인공 지능을 통해서 모든 것이 진행될 수 있게끔 만들어 놓은 시대이기 때문에 저 또한 시대에 뒤쳐지지 않기 위해서 빅데이터 및 인공 지능 머신 러닝을 어떻게 활용하는지에 대한 프로그램도 배워야 되고 이것을 적용해서 잘 사용하고 있는 플랫폼이라든가 회사들을 잘 연구하고 있습니다. 어차피 오 년 후 십 년 후에 자율 주행부터 모든 인공 지능이 세상을 지배할 것이고 그때는 몸 쓰는 일이 아니라 머리 쓰는 일을 못 하게 되면 더 이상 직장생활이라든가 사회생활 또는 문명의 이기에 발맞춰서 살 수가 없기 때문입니다. 지금 나 적지 않은 나이에 이런 것을 공부해 두면 추후에 제가 더 나이 먹었을 때 인공 지능이나 빅데이터를 활용해서 또 다른 업무를 창출하고 효과를 낼 수 있을 것이라고 확신합니다.","wordCount":169},"emotion":[],"intent":[{"text":"저는 지금 빅데이타 인공 지능 에이아이 딥 러닝 머신 러닝에 대해서 지속적으로 공부 중입니다.","expression":"c_imp","category":"personality"}],"summary":{"text":"인공 지능에 따라 인력을 줄이고 컴퓨터 프로그래밍들이 모든 것을 할 수 있게 된 시대이기 때문에 빅데이터 및 인공 지능 머신 러닝을 어떻게 활용하는지에 대한 프로그램도 배워야 되고 이것을 적용해서 잘 사용하고 있는 플랫폼이라든가 회사들을 잘 연구하고 있습니다. 이런 것을 공부해 두면 나중에 또 다른 업무를 창출하고 효과를 낼 수 있을 것이라고 확신합니다.","wordCount":52}}},"rawDataInfo":{"question":{"fileFormat":"wav","fileSize":403918,"duration":12620,"samplingBit":16,"channelCount":1,"samplingRate":"16kHz","audioPath":"/Mock/03.PublicService/Male/Experienced/ckmk_q_ps_m_e_164879.wav"},"answer":{"fileFormat":"wav","fileSize":2792398,"duration":87260,"samplingBit":16,"channelCount":1,"samplingRate":"16kHz","audioPath":"/Mock/03.PublicService/Male/Experienced/ckmk_a_ps_m_e_164879.wav"}}}