{"version":"1.0","dataSet":{"info":{"date":"20230116","occupation":"PS","channel":"MOCK","place":"ONLINE","gender":"MALE","ageRange":"35-44","experience":"EXPERIENCED"},"question":{"raw":{"text":"살면서 다양한 커뮤니케이션을 경험해 보셨을 거라고 생각하는데요 어 그런 커뮤니케이션 중에서 가장 어려웠던 경험은 어떤 것이 있었는지요 한 가지만 꼽아서 이야기 해 주시기 바랍니다","wordCount":24},"emotion":[],"intent":[]},"answer":{"raw":{"text":"어 여러 지금까지 하면서 많은 프로젝트나 무슨 어 회의를 주관했을 때 여러 가지 커뮤니케이션을 하는 대화 의사소통에 있어서 어려웠던 경험이 있자면은 어 어느 한 처우에서 제가 이제 막내 생활을 하면서 제일 하급자였습니다. 그 단계에서 어느 프로젝트를 책임자로 받게 되면서 이 상급자들을 모아 놓고 상급자들의 얘기를 제가 종합을 해 하고 조율을 해야 했던 그런 경험이 있었습니다. 그런 상황에서 항상 불편하고 어려운 사람들인데 그런 사람들을 모아 놓고 어 뭔가 하나의 책임자의 역할로 접근한다는 게 부담도 있고 정말 걱정도 되고 했었던 경험이 있었습니다. 네 이런 커뮤니케이션 이런 대화를 나눌 때 의사소통을 했을 때 이런 것들을 좀 더 자신감 있게 접근을 했었 했던 기억이 있는데 그런 자신감이나 좀 이런 의지를 받은 이제 상대들이 봤을 때 그 부분을 되게 좋게 봐 주고 또 그런 것들을 원활하게 위해 또 커뮤니케이션이 되면서 성공적으로 그 프로젝트를 마쳤던 경험이 있습니다. 그래서 여기서 인제 중요한 것이 어 그런 업무에 대한 자신감 이런 것들이 제일 중요할 것 같습니다. 이상입니다.","wordCount":148},"emotion":[],"intent":[{"text":"그 단계에서 어느 프로젝트를 책임자로 받게 되면서 이 상급자들을 모아 놓고 상급자들의 얘기를 제가 종합을 해 하고 조율을 해야 했던 그런 경험이 있었습니다.","expression":"c_confl_mg","category":"personality"}],"summary":{"text":"프로젝트나 회의를 주관했을 때 커뮤니케이션에 어려웠던 경험이 있습니다. 하급자들을 모아 놓고 상급자들의 얘기를 종합해 하고 조율을 해야 했던 경험이 있었습니다. 그런 상황에서 책임자의 역할로 접근한다는 게 부담스러웠고 자신감을 받았던 적이 있습니다 그래서 업무에 대한 자신감이 제일 중요할 것 같습니다.","wordCount":39}}},"rawDataInfo":{"question":{"fileFormat":"wav","fileSize":513358,"duration":16040,"samplingBit":16,"channelCount":1,"samplingRate":"16kHz","audioPath":"/Mock/03.PublicService/Male/Experienced/ckmk_q_ps_m_e_192215.wav"},"answer":{"fileFormat":"wav","fileSize":2698318,"duration":84320,"samplingBit":16,"channelCount":1,"samplingRate":"16kHz","audioPath":"/Mock/03.PublicService/Male/Experienced/ckmk_a_ps_m_e_192215.wav"}}}