{"version":"1.0","dataSet":{"info":{"date":"20230116","occupation":"PS","channel":"MOCK","place":"ONLINE","gender":"MALE","ageRange":"-34","experience":"EXPERIENCED"},"question":{"raw":{"text":"지원자님이 생각하시기에 어 앞으로 향후 삼 년 동안 어 주요 성장 계획이나 어 큰 목표가 있으신가요 그리고 있으시다면 그게 어떤 목표인지도 궁금합니다","wordCount":22},"emotion":[],"intent":[]},"answer":{"raw":{"text":"저는 삼 년 내로 목표하는 것이 한 가지 있습니다. 제가 칠 급 공무원으로 합격을 한 후에 삼 년 내로 육 급 공무원으로 승진을 하는 것입니다. 칠 급 공무원이 육 급 공무원으로 승진을 하기 위해서 최소 기간이 삼 년이 걸리는 것으로 알고 있습니다. 즉 가장 빠르게 승진을 하는 사람이 삼 년 만에 승진을 하는 것으로 알고 있습니다. 이런 부분에 있어서 저는 육 급 승진을 제 최단기 목표로 설정을 하였고 육 급으로 승진을 해서 오 년 내로 오 급 공무원으로 승진하는 것이 저의 최종 꿈입니다. 제가 이렇게 빨리 승진을 할려고 하는 이유는 그만큼 제 능력과 열정을 보여서 나라에 도움이 되는 공무원으로 성장하고 싶기 때문입니다. 이런 마음가짐으로 열심히 일을 해서 삼 년 내로 육 급 공무원으로 승진하는 모습을 꼭 보여드리겠습니다.","wordCount":117},"emotion":[],"intent":[{"text":"","expression":"","category":"attitude"}],"summary":{"text":"저는 삼 년 내로 공무원으로 합격 후 육 급 공무원으로 승진하는 것을 최종 목표로 하고 있습니다. 빨리 승진하는 이유는 제 능력과 열정을 보여서 나라에 도움이 되는 공무원으로 성장하고 싶기 때문입니다. 이런 마음가짐으로 열심히 일하겠습니다.","wordCount":34}}},"rawDataInfo":{"question":{"fileFormat":"wav","fileSize":492878,"duration":15400,"samplingBit":16,"channelCount":1,"samplingRate":"16kHz","audioPath":"/Mock/03.PublicService/Male/Experienced/ckmk_q_ps_m_e_253907.wav"},"answer":{"fileFormat":"wav","fileSize":2537678,"duration":79300,"samplingBit":16,"channelCount":1,"samplingRate":"16kHz","audioPath":"/Mock/03.PublicService/Male/Experienced/ckmk_a_ps_m_e_253907.wav"}}}