{"version":"1.0","dataSet":{"info":{"date":"20230116","occupation":"PS","channel":"MOCK","place":"ONLINE","gender":"MALE","ageRange":"35-44","experience":"EXPERIENCED"},"question":{"raw":{"text":"그동안 살아오면서 윤리적으로 행동했던 일이 있나요 있으시다면 그렇게 행동한 이유도 함께 설명해 주세요","wordCount":13},"emotion":[],"intent":[]},"answer":{"raw":{"text":"네 지금까지 살아오면서 인제 윤리적으로 행동했던 부분이라든지 그렇게 행동했던 이유까지도 대해서 설명드리겠습니다. 아 고객들 중에서도 여유가 있는 고객이 있을 것이고 또 여유가 되지 않지만 무리해서 꼭 필요하기 때문에 고객이 되는 그런 고객도 있을 겁니다. 네 제가 인제 매우 힘든 사정에서 딸을 위해서 사 핸드폰을 사러 온 그 고객이 있었는데 어 많은 이윤을 남기고서 해 진행해야 하는 게 핸드폰 판매입니다. 그런데 정말 힘들어 보였고 그게 눈에 보였고 그렇기 때문에 제가 그때 최고 최소한에 마진만 남기고 그렇게 핸드폰을 팔았던 경험이 있습니다. 아 내가 더 이득을 볼려면은 더도 할 수도 있었지만 그 고객한테는 좀 최대한 이윤을 적게 남기고 도움을 주고 싶었던 그런 경험이 있습니다. 그래서 고객들도 그거에 맞춰서 잘 그 상황에 맞춰서 응대하다 보면은 오히려 또 그런 고객이 감동을 받을 수 있기 때문에 그 상황에 맞춰서 대응해야 할 거 같습니다. 이상입니다.","wordCount":128},"emotion":[],"intent":[{"text":"","expression":"","category":"attitude"}],"summary":{"text":"핸드폰을 팔아 이윤을 많이 남긴 고객이 있었습니다. 그 고객한테 최대한 이윤을 적게 남기고 도움을 주고 싶었던 경험이 있습니다. 상황에 맞게 응대하다 보면 감동을 받을 수 있기 때문에 그 상황에 맞춰서 대응해야 할 거 같습니다.","wordCount":34}}},"rawDataInfo":{"question":{"fileFormat":"wav","fileSize":399438,"duration":12480,"samplingBit":16,"channelCount":1,"samplingRate":"16kHz","audioPath":"/Mock/03.PublicService/Male/Experienced/ckmk_q_ps_m_e_226885.wav"},"answer":{"fileFormat":"wav","fileSize":2668878,"duration":83400,"samplingBit":16,"channelCount":1,"samplingRate":"16kHz","audioPath":"/Mock/03.PublicService/Male/Experienced/ckmk_a_ps_m_e_226885.wav"}}}