{"version":"1.0","dataSet":{"info":{"date":"20230116","occupation":"PS","channel":"MOCK","place":"ONLINE","gender":"MALE","ageRange":"35-44","experience":"EXPERIENCED"},"question":{"raw":{"text":"만약에 지원자님이 상사가 회사의 이익에 반하는 행동을 직접 목격하셨다면 그때 지원자님은 어떻게 대응하시겠습니까 한 번 말씀해 주세요","wordCount":17},"emotion":[],"intent":[]},"answer":{"raw":{"text":"어 제 상급자가 이제 업무를 하던 중에 어 가는 방향이 틀리고 아무리 생각해 봐도 회사의 이익과 회사의 성장에 반대로 가는 길을 선택을 한다고 하면은 일단 그 상사가 무엇을 원하는지 무엇을 요구해서 그런 행동을 했는지에 대해서 일단 원인을 알아볼 것 같습니다. 제가 이제 하급자이고 경험이 적기 때문에 조금 더 회사에 뭐 미래적인 모습을 보고 조금 더 도전적인 그런 방법이 있을 있기 때문에 그 원인이 무엇이었는지부터 캐치한 뒤에 그것이 이제 한번 토의를 해 볼 것 같습니다 .그러니까 면담 요청을 해서 이 부분에서 제가 납득이 되지 않는다. 어 그리고 부분에 대해서 이해를 좀 시켜 낼 수 있겠느냐 이렇게 요구를 해서 어 한번 얘기를 나눠 보면은 어 그 사람이 무엇 때문에 그랬을지 알 수 있을 것 같습니다. 그래도 어 합리화가 되지 않는다면 그때는 그 상급 상급 어 인제 처부나 그런 부서에 어 이 부분에 대해서 정당하게 보고를 해서 조치를 취할 것 같습니다. 이상입니다.","wordCount":139},"emotion":[],"intent":[{"text":"어 제 상급자가 이제 업무를 하던 중에 어 가는 방향이 틀리고   아무리 생각해 봐도 회사의 이익과 회사의 성장에 반대로 가는 길을 선택을 한다고 하면은 일단 그 상사가 무엇을 원하는지 무엇을   요구해서 그런 행동을 했는지에 대해서 일단 원인을 알아볼 것 같습니다.","expression":"c_adp","category":"personality"}],"summary":{"text":"상급자가 회사의 이익과 성장에 반대로 가는 길을 선택한다면 그 상사가 무엇을 원하는지 무엇을 요구해서 그런 행동을 했는지에 대해 원인을 알아볼 것 같습니다. 이것이 합리화가 되지 않는다면 처부나 그런 부서에 이 부분에 대해 정당하게 보고를 해서 조치를 취할 것입니다. ","wordCount":38}}},"rawDataInfo":{"question":{"fileFormat":"wav","fileSize":636878,"duration":19900,"samplingBit":16,"channelCount":1,"samplingRate":"16kHz","audioPath":"/Mock/03.PublicService/Male/Experienced/ckmk_q_ps_m_e_192159.wav"},"answer":{"fileFormat":"wav","fileSize":2658638,"duration":83080,"samplingBit":16,"channelCount":1,"samplingRate":"16kHz","audioPath":"/Mock/03.PublicService/Male/Experienced/ckmk_a_ps_m_e_192159.wav"}}}