{"version":"1.0","dataSet":{"info":{"date":"20230116","occupation":"PS","channel":"MOCK","place":"ONLINE","gender":"MALE","ageRange":"35-44","experience":"EXPERIENCED"},"question":{"raw":{"text":"남는 시간에는 무슨 일을 하시나요 그 일을 하는 이유는 무엇인지 알 수 있나요 어 자세하게 설명해 주시면 감사하겠습니다","wordCount":18},"emotion":[],"intent":[]},"answer":{"raw":{"text":"네 시간이 남을 때 여가 시간이나 개인 시간 또는 왜 제가 그 일에 대해서 집중하는지에 대해서 답변드리겠습니다. 일단 저는 시간이 남을 때에 주로 운동을 많이 하고 운동 후에 이어서 인제 자기 개발 시간을 많이 할애하고 있는데 일단 운동을 하는 데는 가장 큰 이유는 아 저 그 건강한 정신력을 갖기 위해서는 건강한 육체가 기본이 된다고 생각합니다. 그리고 운동을 했을 때 일어나는 긍정적인 효과들이 뭐 스트레스 해소라든지 또 내일 또 다시 띄울 수 있게 만드는 그런 리플레시 될 수 있는 그런 것들의 긍정적인 요소가 있기 때문에 운동은 거의 매일 진행하고 있고 또 시간이 남을 때는 자기계발하는 시간을 갖고 있는데 요즘에는 돈에 대한 좀 공부를 하고 있습니다. 그런 재테크나 뭐 투자 여러 가지 부분에서 돈의 흐름을 알게 되고 자본주의 세계에 이해를 하게 된다면 회사의 이익을 창출하는 데 있어서도 그런 흐름이나 이런 것들을 어 인지할 수 있고 지시할 수 있기 때문에 그런 부분 시간에는 그런 것들을 하면서 시간을 보내고 있습니다. 이상입니다.","wordCount":147},"emotion":[],"intent":[{"text":"","expression":"","category":"attitude"}],"summary":{"text":"저는 시간이 많이 남을 때에 운동을 많이 하고 운동 후에 자기 개발 시간을 많이 할애하고 있습니다. 운동을 하면 스트레스 해소나 내일 다시 띄울 수 있는 리플레시 될 수 있는 긍정적인 요소가 있어서 운동은 거의 매일 진행하고 있고 시간이 남을 때는 자기계발하는 시간을 갖고 있습니다.","wordCount":44}}},"rawDataInfo":{"question":{"fileFormat":"wav","fileSize":422478,"duration":13200,"samplingBit":16,"channelCount":1,"samplingRate":"16kHz","audioPath":"/Mock/03.PublicService/Male/Experienced/ckmk_q_ps_m_e_214815.wav"},"answer":{"fileFormat":"wav","fileSize":2674638,"duration":83580,"samplingBit":16,"channelCount":1,"samplingRate":"16kHz","audioPath":"/Mock/03.PublicService/Male/Experienced/ckmk_a_ps_m_e_214815.wav"}}}