{"version":"1.0","dataSet":{"info":{"date":"20230116","occupation":"PS","channel":"MOCK","place":"ONLINE","gender":"MALE","ageRange":"55-","experience":"EXPERIENCED"},"question":{"raw":{"text":"만약 지원자님이 하고 싶은 직무 말고 다른 직무를 맡게 되신다면 어떻게 하시겠습니까 그래도 괜찮으십니까","wordCount":14},"emotion":[],"intent":[]},"answer":{"raw":{"text":"만약 지원자님이 하고 싶은 직무 말고 다른 직무를 맡게 되신다면 어떻게 하시겠습니까 그래도 괜찮으신가요 네 어 저는 하고자 하는 그러한 직무 말고 다른 직무를 맡게 된다면 그 안에서의 차이는 아 크게 없을 것이라고 보여집니다. 저는 어 지금까지 지내 오면서 어 생산과 관리와 또한 개발 영업적인 부분들 그런 부분에 두루 이렇게 경험이 있다 보니까 아 맡겨주신다면 하고자 하는 일들은 크게 어렵지 않다고 봅니다. 공사와 공단에서의 아 근무 중에서 어 무엇보다도 제가 여태까지 했던 개인적인 일들보다는 수월할 것이라고 생각을 합니다. 주어진 시간 가운데 아 또한 어려운 직무가 있다고 하더라도 크게 어렵지는 않을 것이라고 봅니다. 또한 이제 그 기구와 아 기계를 통하여서 또한 그러한 일들을 진행하기 때문에 어려움은 없고 서로 어 동료들과 이렇게 어 도우면서 일을 하는 데는 크게 어려움이 없다고 봅니다. 나름대로 여태까지 어 중년의 나이로 어 많은 일들을 해왔고 많은 경험이 있었고 또한 여러 가지 직무 가운데서도 아 귀야 귀사께서 맡겨주시는 이러한 일들은 크게 어렵지 않을 것으로 보여지고 있습니다. 그런 면에서 어 다른 누구보다도 쉽게 이 일들을 진행하는 데 어려움이 없을 것으로 생각이 듭니다. 감사합니다.","wordCount":164},"emotion":[],"intent":[{"text":"","expression":"","category":"attitude"}],"summary":{"text":"지원자님이 하고 싶은 직무 말고 다른 직무를 맡게 된다면 큰 차이는 없을 것이라고 보여지며 지금까지 해 온 개인적인 일들보다는 수월할 것이라고 생각합니다. 주어진 시간 가운데 어려운 직무가 있더라도 크게 어렵지는 않을 것이며 서로 도우면서 일을 하는 데는 크게 어려움이 없습니다.","wordCount":40}}},"rawDataInfo":{"question":{"fileFormat":"wav","fileSize":427598,"duration":13360,"samplingBit":16,"channelCount":1,"samplingRate":"16kHz","audioPath":"/Mock/03.PublicService/Male/Experienced/ckmk_q_ps_m_e_245588.wav"},"answer":{"fileFormat":"wav","fileSize":3821198,"duration":119410,"samplingBit":16,"channelCount":1,"samplingRate":"16kHz","audioPath":"/Mock/03.PublicService/Male/Experienced/ckmk_a_ps_m_e_245588.wav"}}}