{"version":"1.0","dataSet":{"info":{"date":"20230116","occupation":"PS","channel":"MOCK","place":"ONLINE","gender":"MALE","ageRange":"45-54","experience":"EXPERIENCED"},"question":{"raw":{"text":"우리나라는 카카오 택시가 활성화되어 있는데요 지원자님께서는 우버 택시는 찬성하시나요 반대하시나요","wordCount":10},"emotion":[],"intent":[]},"answer":{"raw":{"text":"저는 개인적으로 우버 택시에 대해서는 반대 의견을 확실히 갖고 있습니다. 그 우버 택시라는 게 요즘 등장하고 있는 공유 경제의 한 서비스 형태인데 어 이 우버 택시는 일단 그 우버 택시를 모든 그 운전자 드라이버가 검증이 안 된 어 낯선 사람이라는 거에 좀 문제가 있다고 생각을 합니다. 우리나라 우리나라 같은 경우에는 어 뭐 개인 택시라든지 영업용 택시를 하는데 엄연한 기준과 자격이 있습니다. 그런데 단시 단지 제가 내가 차를 갖고 있고 어 시간이 되고 어 지리에 익숙하다 라는 이유만으로 그렇게 일반적인 손님을 받아서 영업을 하는 것은 옳지 않다 라고 생각합니다. 그러면 그 우리나라에서 택시랑 영업 택시를 하시는 그 분들의 자격 자격이 없어지고 어 다 없어져야 되는 게 맞다 라고 생각을 합니다. 그분들은 그 자격을 취득하기 위해 오랜 기간 그 업종에서 열심히 일하고 경력을 쌓은 분들입니다. 그런데 단지 공유 경제라는 뭐 새로운 서비스라는 그런 이유만으로 우버 택시가 이렇게 운영이 된다면 그것은 안전적인 문제나 어 경제적으로도 크게 도움이 될 것 같지 않다 라고 생각합니다.","wordCount":150},"emotion":[{"text":"저는 개인적으로 우버 택시에 대해서는 반대 의견을 확실히 갖고 있습니다.","expression":"u-belief","category":"neutral"},{"text":"우리나라 우리나라 같은 경우에는   어 뭐 개인 택시라든지 영업용 택시를 하는데 엄연한 기준과 자격이 있습니다.","expression":"u-fact","category":"neutral"},{"text":"그런데 단지   공유 경제라는 뭐 새로운 서비스라는 그런 이유만으로 우버 택시가 이렇게   운영이 된다면 그것은 안전적인 문제나 어 경제적으로도 크게 도움이 될 것 같지 않다 라고 생각합니다.","expression":"u-belief","category":"neutral"}],"intent":[{"text":"","expression":"","category":"attitude"}],"summary":{"text":"우버 택시에 대해서는 운전자 드라이버가 검증이 안 된 낯선 사람이라는 것에 좀 문제가 있다고 생각합니다. 우리나라에서 택시랑 영업 택시를 하시는 그 분들의 자격 자격이 없어져야 합니다. 공유 경제라는 새로운 서비스라는 이유만으로 우버 택시가 운영이 된다면 안전적인 문제나 경제적으로도 크게 도움이 되지 않습니다.","wordCount":42}}},"rawDataInfo":{"question":{"fileFormat":"wav","fileSize":361038,"duration":11280,"samplingBit":16,"channelCount":1,"samplingRate":"16kHz","audioPath":"/Mock/03.PublicService/Male/Experienced/ckmk_q_ps_m_e_109107.wav"},"answer":{"fileFormat":"wav","fileSize":2833998,"duration":88560,"samplingBit":16,"channelCount":1,"samplingRate":"16kHz","audioPath":"/Mock/03.PublicService/Male/Experienced/ckmk_a_ps_m_e_109107.wav"}}}