{"version":"1.0","dataSet":{"info":{"date":"20230116","occupation":"PS","channel":"MOCK","place":"ONLINE","gender":"MALE","ageRange":"35-44","experience":"EXPERIENCED"},"question":{"raw":{"text":"지원자께서는 커뮤니케이션을 잘 할 수 있는 본인만의 스킬이 있다면은 그것을 한 번 말씀해 주시겠습니까 그리고 직접 한 번 보여 주셔도 좋을 것 같습니다","wordCount":23},"emotion":[],"intent":[]},"answer":{"raw":{"text":"커뮤니케이션을 잘할 수 있는 나만의 스킬은 바로 공감대 형성입니다. 우리는 그것을 라포라고 하는데요. 라포를 형성하기 위해선 상대방이 무엇을 좋아하고 무엇에 관심이 있고 무엇을 싫어하는지를 먼저 파악해야 됩니다. 내가 좋아하는 걸 그에게 강요하는 것이 아니라 그가 좋아하는 것이 무엇인지를 파악해서 그 좋아하는 것을 그에게 먼저 얘기를 하면 그 사람은 자연스럽게 관심을 보일 수 밖에 없습니다. 예를 들어서 제가 테니스를 치는 동료에게 가서 어저께 테니스에 조코 비치가 우승을 했는데 조코 비치에 포핸드가 너무 좋더라 당신은 조코비치의 그 포핸드와 백 핸드 중에 어떤 게 더 우승을 하는 데 결정적인 영향을 미쳤다고 생각하느냐 또는 제가 이피엘 축구를 좋아하는데 메시의 축구 기술은 전세계 그 누구도 따라올 수 없는 것 같다 어저께 메시 경기 어떻게 생각하냐 너무 좋지 않냐 나는 메시가 어느 팀을 가던 메시가 있는 팀은 우승팀이 될 수 밖에 없다고 생각한다 우리나라에는 메시 같은 선수가 왜 안 나오는지 모르겠다 라고 얘기를 하면 그 사람은 이제 축구 얘기부터 테니스 얘기까지 자기가 알고 있는 지식 및 경험을 쭉 늘어놓기 시작합니다. 그러면 그때부터는 그 사람이 마중물처럼 했던 얘기를 지속적으로 굿 리스너가 돼서 좋은 리액션을 해주면 됩니다. 아 맞어. 나도 조코비치 이런 면이 좋았어 어저께 너무 어 게임을 잘해서 우승했던 것 같애 라고요.","wordCount":185},"emotion":[],"intent":[{"text":"","expression":"","category":"attitude"}],"summary":{"text":"라포를 형성하기 위해서는 상대방이 좋아하는 것을 강요하지 말고, 그가 좋아하는 것을 먼저 파악해서 그 좋아하는 것을 그에게 먼저 얘기를 하면 그 사람은 자연스럽게 관심을 보일 수 밖에 없습니다. 예를 들어 조코 비치가 우승했는데 포핸드와 백 핸드 중 어떤 것이 우승을 하는 데 결정적 영향을 미쳤다고 생각하는가? 라고 했을 때 그 사람은 이제 축구 얘기부터 테니스 얘기까지 자기가 알고 있는 지식 및 경험을 늘어놓기 시작합니다.","wordCount":64}}},"rawDataInfo":{"question":{"fileFormat":"wav","fileSize":558158,"duration":17440,"samplingBit":16,"channelCount":1,"samplingRate":"16kHz","audioPath":"/Mock/03.PublicService/Male/Experienced/ckmk_q_ps_m_e_156522.wav"},"answer":{"fileFormat":"wav","fileSize":2866958,"duration":89590,"samplingBit":16,"channelCount":1,"samplingRate":"16kHz","audioPath":"/Mock/03.PublicService/Male/Experienced/ckmk_a_ps_m_e_156522.wav"}}}