{"version":"1.0","dataSet":{"info":{"date":"20230116","occupation":"PS","channel":"MOCK","place":"ONLINE","gender":"MALE","ageRange":"35-44","experience":"EXPERIENCED"},"question":{"raw":{"text":"귀하께서는 원칙과 융통성 중 어느 것이 더 중요하다고 생각하시나요 말씀해 주세요","wordCount":11},"emotion":[],"intent":[]},"answer":{"raw":{"text":"아 되게 중요한 말인 것 같습니다. 어 원칙과 융통성 이 두 가지에 대해서 한번 말씀드려 보겠습니다. 원칙 각종 규정이나 절차 질서에 맞게끔 하는 것이 인제 원칙이 될 것 같고 융통성은 이미 해봤던 일이나 뭐 앞으로 눈에 보이는 일 그런 것들에 대해서 좀 유도리 있게 한다 이런 거를 이제 융통성 있는 사람이라고 하는데 지금 두 가지가 둘 다 같이 공존을 해야 할 것 같습니다. 원칙 안에 있는 융통성이 필요할 것 같은데 원칙을 피해 가면서 융통성을 발휘를 할 수는 없다고 생각합니다. 그 원칙에 대해서 더 정확히 알고 정확하게 절차나 규정에 대해서 알고 있는 사람이 융통성도 벌일 수 있다고 생각하기 때문에 여기서 이제 중요시 여긴다고 하면 저는 융통성을 더 중요시 여길 것 같습니다. 원칙과 질서만을 지켜봐서는 업무의 성과나 속도를 낼 수가 없습니다. 그래서 빼야 할 일은 빼가면서 하는 것들이 이제 융통성이 될 것 같은데 그런 융통성을 갖춰진 사람이 업무에 대한 속도나 업무에 대한 그런 발전도나 뭐 이런 거로 봤었을 때 융통성에 더욱더 효과가 있는 것 같습니다. 네 이상입니다.","wordCount":155},"emotion":[],"intent":[{"text":"","expression":"","category":"attitude"}],"summary":{"text":"원칙과 융통성 두 가지 다 같이 공존해야 할 것 같습니다. 원칙을 피해 가면서 융통성을 발휘 할 수는 없다고 생각합니다. 그 원칙에 대해서 더 정확하게 알고 절차나 규정에 대해서 알고 있는 사람이 융통성이 있어도 업무의 성과나 속도를 낼 수 있다고 생각하기 때문에 더 중요시 여길 것 같습니니다.","wordCount":46}}},"rawDataInfo":{"question":{"fileFormat":"wav","fileSize":290638,"duration":9080,"samplingBit":16,"channelCount":1,"samplingRate":"16kHz","audioPath":"/Mock/03.PublicService/Male/Experienced/ckmk_q_ps_m_e_147278.wav"},"answer":{"fileFormat":"wav","fileSize":2618958,"duration":81840,"samplingBit":16,"channelCount":1,"samplingRate":"16kHz","audioPath":"/Mock/03.PublicService/Male/Experienced/ckmk_a_ps_m_e_147278.wav"}}}