{"version":"1.0","dataSet":{"info":{"date":"20230116","occupation":"PS","channel":"MOCK","place":"ONLINE","gender":"MALE","ageRange":"35-44","experience":"EXPERIENCED"},"question":{"raw":{"text":"해외 파견 눈물을 나가게 되었습니다 어느 나라에서 일하고 싶으세요 그리고 그렇게 생각하시는 이유도 말씀해 주세요","wordCount":15},"emotion":[],"intent":[]},"answer":{"raw":{"text":"네 업무를 하다 보면 해외 파견 국내 파견 여러 가지 경험이 많이 있을 거 기회가 있을 거라고 생각합니다. 어 그때 인제 제가 한 번 가보고 싶은 나라 배워보고 싶은 나라 그 나라의 특성을 알고 싶은 나라에 대해서 생각을 해보았는데 일단 뭐 한 두 가지 정도로 좁혀졌던 것 같습니다. 일단 첫 번째는 미국 미국이라는 나라는 일단 세계 강대국이기도 하면서 세계에 가장 힘이 세고 큰 기업들이 모여 있습니다. 그런 기업들 사이에서 업무를 하고 배우려는 백은 그리고 호칭되는 부분 이런 부분들을 흡수해서 우리 나라에 다시 와서 우리 회사에 그걸 적용시킨다면 엄청난 그런 비전과 큰 도움이 될 수 있을 것 같고 또 중국이란 나라는 땅덩어리가 넓습니다. 그러다 보니 우리 회사의 확장이라든지 회사에 진출을 통해서 중국이라는 나라에서 또 하나의 기회의 나라가 되지 않을까도 싶습니다. 그래서 그 두 가지 나라의 공통점은 어 우리 회사가 결국은 발전하고 회사의 확장 회사의 이익을 위해서 결국 최종 적으로 이인 창출이 될 수 있는 그런 나라를 선택해서 일을 배워보고 또 노력해 보고 싶습니다. 이상입니다.","wordCount":153},"emotion":[],"intent":[{"text":"","expression":"","category":"attitude"}],"summary":{"text":"제가 가보고 싶은 나라로 세계 강대국이기도 하고 힘이 세고 큰 기업들이 모여 있는 미국, 땅덩어리가 넓은 중국 두 가지를 꼽을 수 있습니다. 회사를 성장시키고 이익을 위해서 최종적으로는 이익 창출이 될 수 있는 나라를 선택해서 일을 배워보고 노력해보고 싶습니다.","wordCount":38}}},"rawDataInfo":{"question":{"fileFormat":"wav","fileSize":312398,"duration":9760,"samplingBit":16,"channelCount":1,"samplingRate":"16kHz","audioPath":"/Mock/03.PublicService/Male/Experienced/ckmk_q_ps_m_e_192632.wav"},"answer":{"fileFormat":"wav","fileSize":2712718,"duration":84770,"samplingBit":16,"channelCount":1,"samplingRate":"16kHz","audioPath":"/Mock/03.PublicService/Male/Experienced/ckmk_a_ps_m_e_192632.wav"}}}