{"version":"1.0","dataSet":{"info":{"date":"20230116","occupation":"PS","channel":"MOCK","place":"ONLINE","gender":"MALE","ageRange":"35-44","experience":"EXPERIENCED"},"question":{"raw":{"text":"지원자님께서는 다른 지원자님들에 비해서 본인만이 가진 차별성 장점 또는 핵심 역량을 어필하게 된다면 어떤 것이 있는지 어필해 보시기 바랍니다","wordCount":19},"emotion":[],"intent":[]},"answer":{"raw":{"text":"저는 업무를 빠르게 익히고 응용할 수 있는 패스트 러너의 기질을 가지고 있습니다, 또한 패스트 러너가 돼서 업무를 익히게 되면 그 전문 분야를 지속적으로 파고들어 남들보다 더 심도 있게 공부를 하게 됩니다, 예를 들어 만약에 제가 딥러닝을 공부했다고 하면 딥러닝에 대한 컨퍼런스 및 교육 강의 또는 포럼 논문 등을 전부 다 찾아보고 어떻게 하면 이 딥러닝을 좋게 우리 회사에 적용할 수 있을지 그리고 우리 사업 방향으로 어떻게 맞춰나갈 수 있을지에 대한 계속 적인 고민을 하게 될 것입니다. 저는 그 장점을 가지고 업무를 추구할 때 어떤 식으로 에이 아이가 우리 쪽에 쓰임이 있고 추후에 그 에이 아이를 어떻게 발전시켜 고객에게 혜택을 주고 고객에게 어필할 수 있을까에 대한 마케팅 공부까지 지속적으로 할 수 있는 그런 능력이 있습니다.","wordCount":114},"emotion":[],"intent":[{"text":"","expression":"","category":"attitude"}],"summary":{"text":"저는 패스트 러너 기질을 가지고 있습니다. 그래서 업무를 익히게 되면 그 전문 분야를 지속적으로 파고들어 남들보다 더 심도 있게 공부를 하게 됩니다. 저는 그 장점을 가지고 업무를 추구할 때 에이 아이를 발전시켜 고객에게 어필할 수 있는 마케팅 공부까지 할 수 있는 능력입니다.","wordCount":42}}},"rawDataInfo":{"question":{"fileFormat":"wav","fileSize":566158,"duration":17690,"samplingBit":16,"channelCount":1,"samplingRate":"16kHz","audioPath":"/Mock/03.PublicService/Male/Experienced/ckmk_q_ps_m_e_166976.wav"},"answer":{"fileFormat":"wav","fileSize":1862798,"duration":58210,"samplingBit":16,"channelCount":1,"samplingRate":"16kHz","audioPath":"/Mock/03.PublicService/Male/Experienced/ckmk_a_ps_m_e_166976.wav"}}}