{"version":"1.0","dataSet":{"info":{"date":"20230116","occupation":"PS","channel":"MOCK","place":"ONLINE","gender":"MALE","ageRange":"45-54","experience":"EXPERIENCED"},"question":{"raw":{"text":"상사가 회사의 이익에 반하는 행동을 하는 것을 지원자님이 직접 목격했다면 그때는 어떻게 행동하시겠습니까","wordCount":13},"emotion":[],"intent":[]},"answer":{"raw":{"text":"상사가 회사에 이익에 반하는 행동을 한다면 저는 어 일단 회사에다 알리겠습니다. 어 그것은 뭐 상사든 동료든 후배든 관계없습니다. 어쨌든 간에 회사에 소속된 사람들이고 어 회사에서부터 급여를 받고 있다 그러면 받고 있는 상태라고 하면 어 당연히 회사의 이익에 반하는 행동을 했을 때에는 회사에다 알리고 그것에 대한 잘못의 그것이 잘못이 있다면 거기에 대한 처벌을 받는 것이 마땅하고 당연하다고 생각을 합니다. 어 이것은 어 그 당사자한테도 어쩌면 더 큰 잘못을 하기 전에 어 그것을 막는 제재하는 선의의 행동이라고 생각을 합니다. 회사로부터 급여를 받고 회사로부터 어 고용이 된 상태이기 때문에 당연히 그 소속원으로서 회사의 이익을 위해서 노력을 해야 됩니다. 그 노력한 성과에 대해서 회사는 보상을 하는 보상을 하는 것이고요. 그런데 상사가 회사에 반하는 행동을 한다면 그것은 당연히 어 규정에 어긋난 행동이고 그러기 때문에 회사에다가 알리는 것이 본인에게나 회사에게도 더 좋은 행동이라고 생각합니다.","wordCount":128},"emotion":[],"intent":[{"text":"회사로부터 급여를 받고 회사로부터 어 고용이 된 상태이기 때문에 당연히 그 소속원으로서 회사의 이익을 위해서 노력을 해야 됩니다.","expression":"c_sincere_co","category":"etc"}],"summary":{"text":"상사가 회사에 이익에 반하는 행동을 한다면 저는 회사에 알리겠습니다. 회사로부터 급여를 받고 고용된 상태이기 때문에 당연히 소속원으로서 회사의 이익을 위해서 노력을 해야 됩니다. 그 노력의 성과에 대해서 회사는 보상을 하는 것입니다. 상사의 이런 행동은 규정에 어긋나는 행동이므로 회사에다가 알리는 것이 본인에게나 회사에게도 더 좋은 행동입니다.","wordCount":45}}},"rawDataInfo":{"question":{"fileFormat":"wav","fileSize":410318,"duration":12820,"samplingBit":16,"channelCount":1,"samplingRate":"16kHz","audioPath":"/Mock/03.PublicService/Male/Experienced/ckmk_q_ps_m_e_106013.wav"},"answer":{"fileFormat":"wav","fileSize":2802638,"duration":87580,"samplingBit":16,"channelCount":1,"samplingRate":"16kHz","audioPath":"/Mock/03.PublicService/Male/Experienced/ckmk_a_ps_m_e_106013.wav"}}}