{"version":"1.0","dataSet":{"info":{"date":"20230116","occupation":"PS","channel":"MOCK","place":"ONLINE","gender":"MALE","ageRange":"45-54","experience":"EXPERIENCED"},"question":{"raw":{"text":"일을 하다가 만약 상사에게 어려운 지시를 받으면 어떻게 하시겠습니까 그 이유도 함께 말씀해 주세요","wordCount":14},"emotion":[],"intent":[]},"answer":{"raw":{"text":"어 질문이 쪼끔 애매하긴 한데 어려운 지시라는 게 뭐 할 수 없는 것을 하라는 지신지 아니면은 뭐 양이 많아서 수행하기 힘든 지신지는 잘 모르겠지만 일단 회사원인 이상 어 회사에서 급여를 받고 회사에서 일을 하라고 저를 뽑아 놓은 이상 어 어려운 지시라고 하더라도 일단은 어 도전해 보겠습니다. 최대한 열심히 하고 그걸 열심히 하는데도 안 된다 라든지 아니면 정말 제가 전혀 알 수 없는 모르는 분야라고 하면 저는 당연히 그것을 도움을 청하겠습니다. 뭐 상사에게 아니면 주변 동료에게 아니면 그 일에 전문적으로 하는 분에게 도움을 청해서 어 수행을 해 내는 데는 크게 어려움이 있을 것 같지는 않습니다. 어 단순히 뭐 제가 노력이 부족해서 뭐 남들은 열심히 일할 때 제가 뭐 땡땡이를 쳐서 뭐 그렇게 해 가지고 업무량이 뭐 제가 소화를 못하는 거라면 그건 문제겠지만 저는 그렇지 않고 그 어려운 지시라는 게 해낼 수 있고 한 것이라면 도전해 보고 어 그게 어려우면 주위의 도움을 청하는 것이 당연한 순서고 그게 맞는 행동이라고 저는 생각합니다.","wordCount":149},"emotion":[],"intent":[{"text":"","expression":"","category":"attitude"}],"summary":{"text":"어려운 지시라는 게 할 수 없는 것을 하라는 지신지 아니면 양이 많아서 수행하기 힘든 지신지는 잘 모르겠지만 저는 해낼 수 있고 한 것이라면 도전해 보고 어려우면 주위의 도움을 청하는 것이 당연한 순서이고 그것이 맞는 행동이라고 생각합니다.","wordCount":36}}},"rawDataInfo":{"question":{"fileFormat":"wav","fileSize":476878,"duration":14900,"samplingBit":16,"channelCount":1,"samplingRate":"16kHz","audioPath":"/Mock/03.PublicService/Male/Experienced/ckmk_q_ps_m_e_106774.wav"},"answer":{"fileFormat":"wav","fileSize":2516558,"duration":78640,"samplingBit":16,"channelCount":1,"samplingRate":"16kHz","audioPath":"/Mock/03.PublicService/Male/Experienced/ckmk_a_ps_m_e_106774.wav"}}}