{"version":"1.0","dataSet":{"info":{"date":"20230116","occupation":"PS","channel":"MOCK","place":"ONLINE","gender":"MALE","ageRange":"35-44","experience":"EXPERIENCED"},"question":{"raw":{"text":"고객이 만족할 만한 서비스를 우리가 제공하기 위해서는 우리 자체 회사에서는 어떤 준비가 되어야 한다고 생각하십니까 지금 생각나는 대로 말씀해 주세요","wordCount":20},"emotion":[],"intent":[]},"answer":{"raw":{"text":"고객에게 만족할 만한 서비스를 제공하기 위해선 일단 첫 번째 완벽한 고객 센터가 준비되어야 됩니다. 항상 고객은 불만이 있거나 의문이 있을 때마다 누군가에게 물어봐야 되는지 항상 고민이 많습니다. 그럴 때 고객 센터에서 친절한 응대와 적절한 답변이 필요합니다. 두 번째는 고객이 불만을 토로했을 때 도대체 얼만큼의 불만을 수용할 수 있을지에 대한 고민을 많이 해야 됩니다. 모든 것을 다 들어줄 수도 없지만 모든 것을 또 안 들어줄 수도 없고 또 블랙 커슈머의 십 오 퍼센트에 대한 방법을 어떻게 처리할 건지 그다음에 애프터 서비스 후에 서비스 직원들이 얼마큼 현장에서 방문을 해서 잘 지원해 줄 것인지 부품은 얼마큼 확보하고 제품은 얼마큼 교환을 해줄 수 있는지에 대한 정확한 시스템이 준비가 되어 있어야 됩니다. 특히나 체리피커처럼 자신들이 필요한 내용들만 뽑아가고 그다음에 필요 없는 내용들은 다 갖다 버리는 그런 고객들을 어떤 식으로 처리할지에 대한 정확한 데이터 및 지침도 있어야 됩니다. 현장에 있는 서비스 직원과 고객 센터 직원들의 의견만으로는 고객의 모든 내용들을 흡수하고 수용할 수 없기 때문에 그 전에 많은 지침들도 준비되어 있어야 된다고 생각합니다.","wordCount":156},"emotion":[],"intent":[{"text":"고객에게 만족할 만한 서비스를 제공하기 위해선 일단 첫 번째 완벽한 고객 센터가 준비되어야 됩니다.","expression":"p_cus_belief","category":"technology"},{"text":"두 번째는   고객이 불만을 토로했을 때 도대체 얼만큼의 불만을 수용할 수 있을지에 대한 고민을 많이 해야 됩니다.","expression":"p_cus_belief","category":"technology"},{"text":"모든 것을 다 들어줄 수도 없지만 모든 것을 또 안 들어줄 수도 없고 또 블랙 커슈머의 십 오 퍼센트에 대한   방법을 어떻게 처리할 건지 그다음에 애프터 서비스 후에 서비스 직원들이 얼마큼 현장에서 방문을 해서 잘 지원해 줄 것인지   부품은 얼마큼 확보하고 제품은 얼마큼 교환을 해줄 수 있는지에 대한 정확한 시스템이 준비가 되어 있어야 됩니다.","expression":"p_cus_belief","category":"technology"},{"text":"특히나 체리피커처럼 자신들이 필요한 내용들만 뽑아가고 그다음에 필요 없는 내용들은 다 갖다 버리는   그런 고객들을 어떤 식으로 처리할지에 대한 정확한 데이터 및 지침도 있어야 됩니다.","expression":"p_cus_belief","category":"technology"},{"text":"현장에 있는 서비스 직원과 고객 센터 직원들의 의견만으로는 고객의 모든 내용들을 흡수하고 수용할 수 없기 때문에 그 전에 많은 지침들도 준비되어 있어야 된다고 생각합니다.","expression":"p_cus_belief","category":"technology"}],"summary":{"text":"고객에게 만족할 만한 서비스를 제공하기 위해서는 완벽한 고객 센터가 준비되어야 합니다. 고객의 불만에 대한 정확한 응대와 적절한 답변이 필요합니다. 또한 블랙 커슈머에 대한 방법과 애프터 서비스 후에 서비스 직원들이 방문을 해서 잘 지원해 줄 것인지 등에 대한 시스템이 준비되어 있어야 합니다.","wordCount":41}}},"rawDataInfo":{"question":{"fileFormat":"wav","fileSize":633678,"duration":19800,"samplingBit":16,"channelCount":1,"samplingRate":"16kHz","audioPath":"/Mock/03.PublicService/Male/Experienced/ckmk_q_ps_m_e_172436.wav"},"answer":{"fileFormat":"wav","fileSize":2630158,"duration":82190,"samplingBit":16,"channelCount":1,"samplingRate":"16kHz","audioPath":"/Mock/03.PublicService/Male/Experienced/ckmk_a_ps_m_e_172436.wav"}}}