{"version":"1.0","dataSet":{"info":{"date":"20230116","occupation":"PS","channel":"MOCK","place":"ONLINE","gender":"MALE","ageRange":"45-54","experience":"EXPERIENCED"},"question":{"raw":{"text":"인생을 살면서 뭔가 하나에 푹 빠져서 몰두를 해 보신 적이 있나요 있으시다면 그것이 무엇인지 말씀해 주세요","wordCount":16},"emotion":[],"intent":[]},"answer":{"raw":{"text":"어떻게 자꾸 낚시 얘기를 말씀드리게 되는데 저는 정말 제 인생에서 낚시에 한 번 푹 빠져 가지고 생활했던 적이 있습니다. 이십 대 후반부터 한 삼 사 년 동안을 어 친구들과 함께 낚시에 정말 미쳐 있었던 것 같습니다. 금요일 날 퇴근을 하면 아예 그 차에 낚시 도구를 준비해 가지고 집에도 안 가고 바로 낚시터로 갔습니다. 낚시터로 가 가지고 금요일 밤을 지내고 토요일 밤을 지내고 어 일요일 낮까지 낚시를 하고 돌아와서는 쉬고 월요일날 출근하는 것을 거의 한 삼 년 넘게 했던 것 같습니다. 물론 뭐 특별한 일이 생기면 못 갈 때도 있지만 한 달에 한 세 번 정도 두 번에서 세 번 이상은 꼭 낚시를 다녔던 것 같습니다. 그런데 이게 이게 좀 나이를 먹고 결혼을 하면서부터 이렇게 좀 이렇게 친구들이 하나씩 떨어져 나가면서 좀 그렇게 지금은 그렇게 못하고 있지만 지금도 그때 그 친구들 저를 포함해서 네 명의 친구들은 기회가 되고 짬이 되면 어 같이 낚시를 다니면서 이야기도 하고 어 뭐 여가도 보내고 뭐 스트레스도 해소하는 등 이런 요즘 뭐 가족 동반에서 가는 경우도 있고 그런 식으로 낚시를 즐겼습니다. 지금도 어 낚시는 제 삶의 일부분이고 제가 가장 휴식하고 어 어 숨을 쉼을 찾을 수 있는 어 취미입니다.","wordCount":183},"emotion":[{"text":"이십 대 후반부터 한 삼 사 년 동안을   어 친구들과 함께 낚시에 정말 미쳐 있었던 것 같습니다.","expression":"u-fact","category":"neutral"},{"text":"지금도   어 낚시는 제 삶의 일부분이고 제가 가장 휴식하고 어   어 숨을 쉼을 찾을 수 있는 어 취미입니다.","expression":"u-fact","category":"neutral"}],"intent":[{"text":"","expression":"","category":"attitude"}],"summary":{"text":"낚시는 제 삶의 일부분이고 가장 휴식하고 쉴 쉼을 찾을 수 있는 취미입니다. 제가 20대 후반부터 삼 사 년 동안 낚시에 정말 미쳐서 낚시를 다니면서 여가도 보내고 스트레스도 해소하고 했습니다. 지금은 나이가 먹고 결혼을 하면서부터 친구들이 점점 떨어져 나가지만 나중에도 낚시를 같이 다니면서 이야기하며 여가를 보내고 있습니다. 낚시가 제 삶의 일부이고 휴식이고 취미인 것입니다.","wordCount":53}}},"rawDataInfo":{"question":{"fileFormat":"wav","fileSize":426958,"duration":13340,"samplingBit":16,"channelCount":1,"samplingRate":"16kHz","audioPath":"/Mock/03.PublicService/Male/Experienced/ckmk_q_ps_m_e_109112.wav"},"answer":{"fileFormat":"wav","fileSize":2878158,"duration":89940,"samplingBit":16,"channelCount":1,"samplingRate":"16kHz","audioPath":"/Mock/03.PublicService/Male/Experienced/ckmk_a_ps_m_e_109112.wav"}}}