{"version":"1.0","dataSet":{"info":{"date":"20230116","occupation":"PS","channel":"MOCK","place":"ONLINE","gender":"MALE","ageRange":"35-44","experience":"EXPERIENCED"},"question":{"raw":{"text":"사내 스터디를 만들어 학습할 수 있다면 어떤 것을 학습하고 싶으십니까 이유도 함께 말씀해 주세요","wordCount":14},"emotion":[],"intent":[]},"answer":{"raw":{"text":"네 사내 스터디를 만들어서 공부할 수 있는 환경이 만들어진다면은 어 일단 전체적인 큰 틀로 봤을 때는 회사 입장에서 직원들에게 엄청난 사기 진작을 줄 수 있을 것 같습니다. 이런 여건을 만들어 준다는 것은 정말 사회의 오픈 마인드 대적인 마인드가 참 좋은 것 같고 제가 만약에 만들고 싶은 분야는 어 돈에 대한 그런 스터디를 만들어 보면 어떨까 싶습니다. 결국 최대의 관심사는 다 모든 사람이 돈이라고 생각하기 때문에 이런 돈 쪽으로 했을 때 많은 도움을 받을 수 있는 이 재테크와 관련된 재테크 스터디 그룹을 만들고 싶습니다. 이 스터디 그룹에서 인원들이 모여서 음 뭐 저축 절약 이런 부분도 있을 것이고 또한 뭐 투자인 부분에서 뭐 주식 비트코인 이런 부분 또 어 뭐 가장 우리 회사원들의 로망인 내 집 마련 내 집 마련을 하는데 뭐 청약에 대한 조건이라든지 어떻게 하면 대출을 잘 받을 수 있을 것인지 어 자기가 살고 있는 지역이 무엇이 장점이고 단점인지 회사에서 제일 가까운 집을 사면 제일 좋겠지만 그렇게 했을 때 어디가 좋을지 뭐 그런 것들도 다 공유하고 조언 받고 하면은 어 훌륭한 스터디 그룹이 될 것 같습니다. 이상입니다.","wordCount":167},"emotion":[],"intent":[{"text":"","expression":"","category":"attitude"}],"summary":{"text":"사내 스터디를 만들어 공부할 수 있는 환경을 만들어 준다면 회사 입장에서 직원들에게 엄청난 사기 진작을 줄 수 있을 것 같습니다. 만약 제가 만들고 싶은 분야는 돈에 대한 스터 디를 만들어 본다면 많은 도움을 받을 수 있는 재테크와 관련된 스터드 그룹을 만들고 싶습니다.","wordCount":42}}},"rawDataInfo":{"question":{"fileFormat":"wav","fileSize":307278,"duration":9600,"samplingBit":16,"channelCount":1,"samplingRate":"16kHz","audioPath":"/Mock/03.PublicService/Male/Experienced/ckmk_q_ps_m_e_236039.wav"},"answer":{"fileFormat":"wav","fileSize":2775118,"duration":86720,"samplingBit":16,"channelCount":1,"samplingRate":"16kHz","audioPath":"/Mock/03.PublicService/Male/Experienced/ckmk_a_ps_m_e_236039.wav"}}}