{"version":"1.0","dataSet":{"info":{"date":"20230116","occupation":"PS","channel":"MOCK","place":"ONLINE","gender":"MALE","ageRange":"55-","experience":"EXPERIENCED"},"question":{"raw":{"text":"학교를 다니면서 대학에서 배운 지원자님의 전공 과목 중에서 가장 기억에 남는 과목을 한 가지만 골라서 말씀해 주세요","wordCount":17},"emotion":[],"intent":[]},"answer":{"raw":{"text":"음 제가 전공 자체는 사진을 전공을 했는데요. 어 기억에 남는 과목이요. 어 음 그냥 그런 거였어요. 지금 생각이 드는 건 그 대상 그 대상을 관찰하는 그런 과목이었는데 사실 그런데 그 과목만 보면 어 꼭 사진이 아니더라도 되게 접목을 시킬 수 있는 분야가 다양하고 그거에 파생돼서 연결시킬 수 있는 직업도 정말 가지각색 많아요. 근데 마찬가지로 그것만 봤었을 때에 제가 음 이렇게 건물을 출입하시는 분들의 어떤 그 짧게 지나가지만 그 순간에 그 인상 착의라든가 아니면 무언가 그 들고 있는 소품에 대한 어떤 인상 이런 게 조금 기억에 확 남는 편인 거 같애요. 관찰을 조금 공부를 해서 그런가 그러고. 네","wordCount":97},"emotion":[],"intent":[{"text":"","expression":"","category":"attitude"}],"summary":{"text":"대상을 관찰하는 과목인데 그 과목만 보면 접목시킬 수 있는 분야가 다양하고 파생될 수 있는 직업도 정말 가지각색 많은데 건물을 출입하시는 분들의 인상 착의나 소품에 대한 인상이 기억에 확 남습니다.","wordCount":29}}},"rawDataInfo":{"question":{"fileFormat":"wav","fileSize":312398,"duration":9760,"samplingBit":16,"channelCount":1,"samplingRate":"16kHz","audioPath":"/Mock/03.PublicService/Male/Experienced/ckmk_q_ps_m_e_179334.wav"},"answer":{"fileFormat":"wav","fileSize":2857038,"duration":89280,"samplingBit":16,"channelCount":1,"samplingRate":"16kHz","audioPath":"/Mock/03.PublicService/Male/Experienced/ckmk_a_ps_m_e_179334.wav"}}}