{"version":"1.0","dataSet":{"info":{"date":"20230116","occupation":"PS","channel":"MOCK","place":"ONLINE","gender":"MALE","ageRange":"-34","experience":"EXPERIENCED"},"question":{"raw":{"text":"이제까지 진행한 프로젝트들 가운데 가장 기억에 남는 프로젝트를 말씀해 주시고 그것이 어떤 점에서 기억에 남는지 설명해 주세요","wordCount":17},"emotion":[],"intent":[]},"answer":{"raw":{"text":"가장 기억에 남는 프로젝트는 도서관 정비 사업입니다. 제가 봉사 활동을 많이 다녔는데 그중에 한 곳이 도서관이 있는 어 보육원이었습니다. 그 보육원에 있는 도서관에 있는 책들이 굉장히 낡고 오래된 책들 밖에 없었는데 이 책들을 재밌고 새로운 책들로 바꿔주고 싶다 라는 생각에서 프로젝트를 진행했었습니다. 이 프로젝트에서 저희에게 주어진 예산이 삼백 만 원 정도밖에 없었는데 그 예산을 가지고 책을 구비하기에는 굉장히 적었던 기억이 납니다. 그래서 저는 지역에 있는 어 도서관에 가서 무료로 혹시 안 쓰는 책이나 어 지원을 해줄 수 있는 책이 있는지를 물어 봤고 그를 통해서 이백 권 정도의 책과 책장을 열 개 정도 받았던 경험이 있습니다.","wordCount":95},"emotion":[],"intent":[{"text":"","expression":"","category":"attitude"}],"summary":{"text":"도서관 정비 사업은 도서관이 있는 보육원에서 오래된 책들을 새로운 책들로 바꿔주고 싶다는 생각에서 진행되었습니다. 예산을 가지고 책을 구비하기에는 굉장히 적었던 기억이 납니다. 그래서 도서관에 가서 지원을 해주는 책을 물어봤고 열 개 정도 받았던 경험이 있습니다.","wordCount":35}}},"rawDataInfo":{"question":{"fileFormat":"wav","fileSize":339598,"duration":10610,"samplingBit":16,"channelCount":1,"samplingRate":"16kHz","audioPath":"/Mock/03.PublicService/Male/Experienced/ckmk_q_ps_m_e_193542.wav"},"answer":{"fileFormat":"wav","fileSize":2396558,"duration":74890,"samplingBit":16,"channelCount":1,"samplingRate":"16kHz","audioPath":"/Mock/03.PublicService/Male/Experienced/ckmk_a_ps_m_e_193542.wav"}}}