{"version":"1.0","dataSet":{"info":{"date":"20230116","occupation":"PS","channel":"MOCK","place":"ONLINE","gender":"MALE","ageRange":"35-44","experience":"EXPERIENCED"},"question":{"raw":{"text":"이 직무에 지원한 이유는 무엇입니까 그리고 본인이 이 직무에 왜 적합한 인재인지도 설명해 주식기 바랍니다","wordCount":15},"emotion":[],"intent":[]},"answer":{"raw":{"text":"네 제가 이 직무에 지원한 이유에 대해서 그 왜 또 제가 여기에 제일 적합한지에 대해서도 어 답변 드리겠습니다. 일단 제가 영업과 서비스 파트에 대해서 지원을 하게 되었는데 그 이유는 결국은 제가 제일 자신 있어 하는 부분이고 제일 많은 경험과 많은 노하우가 있다고 생각하기 때문에 그런 자신감에 의해서 지원하게 되었습니다. 그래서 이 직무를 제가 하게 된다면은 지금까지 쌓아온 제가 경력에서 포함되어 있는 그에 따른 그 상황에 맞는 대처 능력 그리고 또 그에 따른 직무 지식 그리고 그에 대한 역량 이런 것들을 제가 좀 더 큰 회사에서 그거를 적용을 시켜서 좀 더 확장하고 더 크게 만들 수 있지 않을까 싶어서 지원하게 되었고 또 그에 따른 맞는 제가 그 인재 라고 생각을 하기 때문에 그런 자신감도 있기 때문에 어 당당하게 지원하게 되었습니다. 그러면 제가 이 가져온 이런 스펙들이나 이런 좋은 아이디어나 뭐 이런 것들을 잘 접목시켜서 꼭 회사에 이 창출에 도움이 되는 그런 인재가 되도록 하겠습니다. 이상입니다.","wordCount":144},"emotion":[],"intent":[{"text":"일단 제가 영업과 서비스 파트에 대해서 지원을 하게 되었는데 그 이유는 결국은 제가 제일 자신 있어 하는 부분이고 제일 많은 경험과 많은 노하우가 있다고 생각하기 때문에 그런 자신감에 의해서 지원하게 되었습니다.","expression":"c_sincere_job","category":"etc"},{"text":"그래서 이 직무를 제가 하게 된다면은 지금까지 쌓아온 제가 경력에서 포함되어 있는 그에 따른 그 상황에 맞는 대처 능력 그리고 또 그에 따른 직무 지식 그리고 그에 대한 역량 이런 것들을 제가 좀 더 큰 회사에서 그거를 적용을 시켜서 좀 더 확장하고 더 크게 만들 수 있지 않을까 싶어서 지원하게 되었고 또 그에 따른 맞는 제가 그 인재 라고 생각을 하기 때문에 그런 자신감도 있기 때문에 어 당당하게 지원하게 되었습니다.","expression":"c_sincere_job","category":"etc"},{"text":"그러면 제가 이 가져온 이런 스펙들이나 이런 좋은 아이디어나 뭐 이런 것들을 잘 접목시켜서 꼭 회사에 이 창출에 도움이 되는 그런 인재가 되도록 하겠습니다.","expression":"c_sincere_co","category":"etc"}],"summary":{"text":"영업과 서비스 파트에 지원을 한 이유는 제가 제일 자신 있어하는 부분이고 제일 많은 경험과 노하우가 있다고 생각하기 때문입니다. 그래서 이 직무를 하게 된다면 지금까지 쌓아온 경력에서 포함되어 있는 역량들을 회사에서 적용을 해서 좀 더 확장하고 더 크게 만들 수 있을 것이라고 생각합니다.","wordCount":42}}},"rawDataInfo":{"question":{"fileFormat":"wav","fileSize":403278,"duration":12600,"samplingBit":16,"channelCount":1,"samplingRate":"16kHz","audioPath":"/Mock/03.PublicService/Male/Experienced/ckmk_q_ps_m_e_236035.wav"},"answer":{"fileFormat":"wav","fileSize":2570318,"duration":80320,"samplingBit":16,"channelCount":1,"samplingRate":"16kHz","audioPath":"/Mock/03.PublicService/Male/Experienced/ckmk_a_ps_m_e_236035.wav"}}}