{"version":"1.0","dataSet":{"info":{"date":"20230116","occupation":"PS","channel":"MOCK","place":"ONLINE","gender":"MALE","ageRange":"-34","experience":"EXPERIENCED"},"question":{"raw":{"text":"저희 회사가 해외 무대로 진출한다면 어디로 진출하는 것이 좋겠습니까 이유도 함께 말씀해 주세요","wordCount":13},"emotion":[],"intent":[]},"answer":{"raw":{"text":"회사가 해외 무대로 진출을 한다면 저는 미국 먼저 진출해야 한다고 생각합니다. 아시다시피 미국은 글로벌 시대에서 가장 강대국으로 인정받고 있는 나라입니다. 경제 상황 또한 미국이 세계 일 위로 군사력 또한 세계 일 위입니다. 이런 세계 최강국에 먼저 진출을 해서 우리의 제품이나 서비스를 잘 홍보하고 판매를 해야 다른 나라에서 조금 더 쉽게 진출을 할 수 있다고 생각합니다. 제가 이렇게 생각하는 이유는 미국에서 먼저 인정을 받게 되면 다른 나라에서도 자연스럽게 인정을 받게 된다고 생각합니다. 미국에 진출해서 인정을 받았다는 것 만으로도 이미 많은 나라에 우리 회사의 제품이나 서비스가 우수한 제품이라고 인정을 받은 것이라고 생각합니다. 그렇기 때문에 미국에 먼저 진출을 해야 한다고 생각합니다.","wordCount":98},"emotion":[],"intent":[{"text":"","expression":"","category":"attitude"}],"summary":{"text":"세계 최강국에 먼저 진출해서 우리의 제품이나 서비스를 잘 홍보하고 판매를 해야 다른 나라에서 더 쉽게 진출을 할 수 있다고 생각합니다. 미국 진출 후 인정을 받았다는 것 만으로도 이미 많은 나라에 우리 회사의 제품이나 서비스가 우수한 제품이라고 인정을 받은 것이라고 생각합니다.","wordCount":40}}},"rawDataInfo":{"question":{"fileFormat":"wav","fileSize":307278,"duration":9600,"samplingBit":16,"channelCount":1,"samplingRate":"16kHz","audioPath":"/Mock/03.PublicService/Male/Experienced/ckmk_q_ps_m_e_253906.wav"},"answer":{"fileFormat":"wav","fileSize":2564558,"duration":80140,"samplingBit":16,"channelCount":1,"samplingRate":"16kHz","audioPath":"/Mock/03.PublicService/Male/Experienced/ckmk_a_ps_m_e_253906.wav"}}}