{"version":"1.0","dataSet":{"info":{"date":"20230116","occupation":"PS","channel":"MOCK","place":"ONLINE","gender":"MALE","ageRange":"35-44","experience":"EXPERIENCED"},"question":{"raw":{"text":"현대인들은 하루 평균 작게 똑은 크게는 세 번 거짓말을 하고 산다고 합니다 지원자님께서 이때까지 해 본 가장 기억에 남는 거짓말이 있다면 말씀 부탁드립니다","wordCount":23},"emotion":[],"intent":[]},"answer":{"raw":{"text":"하루에 세 번밖에 안 한다고요. 평균으로 따지면 세 번이 적다고 생각합니다. 제가 뭐 거짓말을 자주 하는 거짓말쟁이라는 게 아니라요. 음 뭐 글쎄요. 거짓말을 하게 되면 우선 아침에 일어났을 때 가장 처음에 하는 건 뭐 지각할 것 같으니까 뭐 몸이 아파서 이런 식의 아주 아주 소소하고 스케일이 적은 그런 거짓말들 뭐 그런 것도 있을 거고 오 오 업무 회사 업무로 하면은 뭐 그런 거겠죠. 뭐 이건 쪼금 그렇지만 마감 기한이 있는데 저는 뭐 전달 받은 게 없습니다 그까 아예 안 됐다는 게 아니라 그런 기한에 대한 부분에 대해서 조금 준비가 덜 됐을 때 저는 전달받은 게 없다거나 아니면은 변경되어 있는 걸 제가 몰랐다거나 이런 식으로 조금 이건 본인에게도 돌아오는 리스크가 있는 거짓말이긴 하지만 그런 것도 있을 거고요. 그래서 저는 기억에 남는다기보다 뭐 지각을 할 때 항상 제가 많이 아팠다고 원래 잔병치레가 많은 스타일의 사람이라고 네 주변에서 알고 있습니다.","wordCount":137},"emotion":[],"intent":[{"text":"","expression":"","category":"attitude"}],"summary":{"text":"평균적으로 세 번이 적다고 생각합니다. 거짓말을 자주 하는 게 아니라 지각을 할 것 같으니까 몸이 아파 이런 식의 아주 소소하고 스케일이 적은 거짓말들 입니다. 마감 기한이 있는데 전달 받은 게 없거나 변경되어 있는 걸 몰랐다는  식의 거짓말은 본인에게 돌아오는 리스크가 있습니다.","wordCount":41}}},"rawDataInfo":{"question":{"fileFormat":"wav","fileSize":672718,"duration":21020,"samplingBit":16,"channelCount":1,"samplingRate":"16kHz","audioPath":"/Mock/03.PublicService/Male/Experienced/ckmk_q_ps_m_e_159796.wav"},"answer":{"fileFormat":"wav","fileSize":2730638,"duration":85330,"samplingBit":16,"channelCount":1,"samplingRate":"16kHz","audioPath":"/Mock/03.PublicService/Male/Experienced/ckmk_a_ps_m_e_159796.wav"}}}