{"version":"1.0","dataSet":{"info":{"date":"20230116","occupation":"PS","channel":"MOCK","place":"ONLINE","gender":"MALE","ageRange":"45-54","experience":"EXPERIENCED"},"question":{"raw":{"text":"창의성과 팀워크 중에서 지원자님은 어떤 것이 더 중요하다고 생각하시나요 또한 그렇게 생각하시는 근거도 함께 말씀해 주시기 바랍니다","wordCount":17},"emotion":[],"intent":[]},"answer":{"raw":{"text":"저는 창의성이요. 네 왜냐하면 어 굳이 두 개를 우선순위로 봤을 때 어쨌든 누군가는 창의성을 발휘를 해야 어 계속 그 다음이 생기고 어떤 성장이 이루어져 나가고 그 이루어지는 성장들로 인해서 팀웍이 또 발생이 되는 거지 그 순서로 보면 팀웍은 더 뒤에 오고 그룹 규모로 따지면 팀웍이 더 하위 그룹에 속하는 거 같애요. 네 무언가 계속 앞을 먼저 문을 열고 나아가는 것들이 있어야 그 다음에 그 문을 또 닫고 다음 문을 열게끔 만드는 어떤 에너지가 또 발산이 되는 거고 그렇기 때문에 어 아직도 세상은 많은 것들이 생길 수 있는 무궁무진한 발전 가능성과 그다음에 에너지들이 넘쳐나기 때문에 사람들이 있는 한 그 창의성에 대한 도전 정신을 버리면 안 된다고 생각을 합니다 저는.","wordCount":108},"emotion":[],"intent":[{"text":"","expression":"","category":"attitude"}],"summary":{"text":"우선순위로 봤을 때 팀워크는 더 뒤에 오고 그룹 규모로 보면 팀웍이 더 하위 그룹에 속하는 것 같은데, 먼저 문을 열고 나아가는 것들이 있어야 그 다음 문을 열게끔 만드는 에너지가 발산되기 때문입니다.","wordCount":31}}},"rawDataInfo":{"question":{"fileFormat":"wav","fileSize":604878,"duration":18900,"samplingBit":16,"channelCount":1,"samplingRate":"16kHz","audioPath":"/Mock/03.PublicService/Male/Experienced/ckmk_q_ps_m_e_179547.wav"},"answer":{"fileFormat":"wav","fileSize":2755918,"duration":86120,"samplingBit":16,"channelCount":1,"samplingRate":"16kHz","audioPath":"/Mock/03.PublicService/Male/Experienced/ckmk_a_ps_m_e_179547.wav"}}}