{"version":"1.0","dataSet":{"info":{"date":"20230116","occupation":"PS","channel":"MOCK","place":"ONLINE","gender":"MALE","ageRange":"35-44","experience":"EXPERIENCED"},"question":{"raw":{"text":"어 일을 하다 보면은 상사에게 이행하기 힘든 어려운 지시를 받게 될 수 있는데요 이러한 상황에 어 어떻게 대처를 하실 건지 그리고 그러한 대처 방 대처에 대한 이유도 함께 말씀해 주시길 바랍니다","wordCount":31},"emotion":[],"intent":[]},"answer":{"raw":{"text":"어 업무를 진행하다 보면은 어 상급자가 분명히 내가 지금 할 수 있는 단계가 아닌데 그 이상의 업무를 줬을 때도 있을 겁니다. 아니면 또한 뭐 불가능한 업무에 대한 지시를 할 수도 있고 그런 부분에 대해서 제가 이제 대처하는 방법은 일단은 제가 할 수 있는 일인지 내가 정말 죽도록 노력하면은 이거를 성공시킬 수 있는지에 대해서 판단을 해 볼 겁니다. 이게 아무리 해도 판단이 안 선다 싶으면은 정당하게 일단은 지시를 받았기 때문에 상하급자의 계급이 사회가 있기 때문에 일단은 받아내고 그에 따른 노력을 하는 모습을 일단은 보여 줄 것 같습니다. 근데 이래 이래 해서 제 역량에 부족할 것 같다 이렇게 인제 정당하게 얘기를 해서 조치를 받든지 아니면 일단은 무조건 성공을 시키기 위해서 성과를 내기 위해서 일단 최선을 다해본 뒤에 그런 노력을 취할 거 같습니다. 상급자가 분명히 본인에 대해서 기대감에 할 수 있다는 가능성을 봤기 때문에 했을 수도 있고 아니면 감정적인 측면에서 부당한 대우 일 수도 있기 때문에 그 부분 캐치를 하는 게 제일 빠를 것 같습니다. 이상입니다.","wordCount":153},"emotion":[],"intent":[{"text":"","expression":"","category":"attitude"}],"summary":{"text":"상급자가 자신의 기대감에 할 수 있다는 가능성을 봤기 때문에 했을 수도 있고 감정적인 측면에서 부당한 대우일 수도 있기 때문에 그 부분 캐치를 하는 게 제일 빠를 것 같습니다. ","wordCount":28}}},"rawDataInfo":{"question":{"fileFormat":"wav","fileSize":545358,"duration":17040,"samplingBit":16,"channelCount":1,"samplingRate":"16kHz","audioPath":"/Mock/03.PublicService/Male/Experienced/ckmk_q_ps_m_e_192161.wav"},"answer":{"fileFormat":"wav","fileSize":2724558,"duration":85140,"samplingBit":16,"channelCount":1,"samplingRate":"16kHz","audioPath":"/Mock/03.PublicService/Male/Experienced/ckmk_a_ps_m_e_192161.wav"}}}