{"version":"1.0","dataSet":{"info":{"date":"20230116","occupation":"PS","channel":"MOCK","place":"ONLINE","gender":"MALE","ageRange":"-34","experience":"EXPERIENCED"},"question":{"raw":{"text":"현대 사회에 꼭 필요한 가장 중요하다고 생각하시는 직업을 한 가지만 골라 말씀해 주세요","wordCount":13},"emotion":[],"intent":[]},"answer":{"raw":{"text":"현대사회에 없어서는 안 될 가장 중요한 직업은 저는 의사 라고 생각합니다. 현대사회가 아무리 에이아이가 발전한 시대라고 한들 인간이라는 동물을 치료할 수 있는 건 의사라고 생각합니다. 의사가 할 수 있는 치료를 에이아이가 도와서 진행하는 건 좋습니다. 다만 기계랑 인간이랑 다른 점이 있습니다. 인간은 자체적으로 생각을 하고 움직이는 반면 기계는 장치에 입력된 측정 값에 따라 움직입니다. 예를 들어 수술 중 어떠한 다른 상황의 발생으로 복합적인 수술이 필요로 할 때 어찌해야 이 사람을 살릴 수 있는지에 대해서는 인간이라는 의사가 정확하다고 생각합니다. 물론 에이아이가 인간이 할 수 없는 영역에 더욱더 정확하고 신속하게 일을 할 수 있겠지만 그 에이아이를 만든 것도 인간이고 결정하는 결정권도 인간에 있다 생각합니다. 사람을 살리는 직업인 의사라면 인간이 할 수 없는 영역에서 기계를 빌려 치료하는 목적은 좋지만 모든 것을 기계에게 맡겨 치료를 한다는 건 저는 말이 안 된다고 생각합니다. 그렇기에 의사라는 직업은 에이아이와 함께 할 수는 있지만 대체될 수 없는 직업이며 평생 사라지면 안 될 직업이라고 저는 생각합니다.","wordCount":147},"emotion":[],"intent":[{"text":"","expression":"","category":"attitude"}],"summary":{"text":"현대사회에서 가장 중요한 직업은 의사이며 인간이 할 수 없는 영역에서 기계를 빌려 치료하는 목적은 좋지만 모든 것을 기계에게 맡겨 치료를 한다는 것은 말이 안 된다고 생각합니다. 그렇기에 의사라는 직업은 대체될 수 없는 직업이며 평생 사라지면 안 될 직업이라고 생각합니다.","wordCount":39}}},"rawDataInfo":{"question":{"fileFormat":"wav","fileSize":281678,"duration":8800,"samplingBit":16,"channelCount":1,"samplingRate":"16kHz","audioPath":"/Mock/03.PublicService/Male/Experienced/ckmk_q_ps_m_e_238013.wav"},"answer":{"fileFormat":"wav","fileSize":3070798,"duration":95960,"samplingBit":16,"channelCount":1,"samplingRate":"16kHz","audioPath":"/Mock/03.PublicService/Male/Experienced/ckmk_a_ps_m_e_238013.wav"}}}