{"version":"1.0","dataSet":{"info":{"date":"20230116","occupation":"PS","channel":"MOCK","place":"ONLINE","gender":"MALE","ageRange":"55-","experience":"EXPERIENCED"},"question":{"raw":{"text":"만약 본인이 사내 스터디를 만들어서 공부할 수 있게 된다면 어떤 것을 공부하고 싶으신지 공부하고 싶으신 것과 그 이유를 같이 말씀해 주세요","wordCount":21},"emotion":[],"intent":[]},"answer":{"raw":{"text":"사내 스터디를 만들어 공부할 수 있다면 어떤 것을 공부하고 싶으신가요 이유도 함께 말씀해 주세요. 예 저는 스터디를 만들어서 공부한다면 경제적인 분야에 대해서 이렇게 공부를 해보고 싶습니다. 아 또한 여러 가지 공부를 해 가지고 그것을 자유롭게 토론하고 그 이유에 대해서 무엇인지 앞으로 우리가 어떻게 해야 될 것인지 이런 것들을 어 경제에 대해서 공부를 하고 싶습니다. 먼저로는 경제의 정의와 용어들 그리고 이제 중요한 그러한 아 기관들 뭐 이런 것들에 대해서 더욱더 공부하고 싶구요. 특별히 그 주식에 관련돼서 어 공부를 더욱더 하고 싶습니다. 앞으로 어 인기 있는 것들 앞으로 어떤 어 종목들 더 유명해질지 더 인기가 있어질지 이런 것들에 대해서 공부를 하고 싶습니다. 그러므로 인하여서 이런 것들은 좀 많이 아 준비를 해 왔기 때문에 아 경제적인 들 어 그런 대화들 이런 것들을 많이 좀 해보고 싶습니다. 두 번째로는 아 사내 스터디를 한다면 아 영어를 더욱더 좀 이렇게 해보고 싶은데 생활 영어라든가 미드를 아 우리가 실적으로 어 듣고 이해할 수 있는 그 정도 수준까지 갈 수 있도록 아 열심히 한번 해보고 싶습니다. 요즘 그 미국 드라마가 인기 있는 드라마들이 아 참 많기 때문에 그것을 어 말하는 것은 뭐 또 어려운 부분이겠지요. 하지만은 듣고 이해하는 정도 그 정도라도 어느정도 할려고 노력하고 있고 최근에도 그런 공부는 좀 하고 있습니다. 하여튼 좋은 여건이 되면은 좋은 사람들과 함께 그런 공부를 같이 만들어가는 면은 좋을 거라고 생각을 합니다.","wordCount":209},"emotion":[],"intent":[{"text":"","expression":"","category":"attitude"}],"summary":{"text":"사내 스터디를 만들어 공부할 수 있다면 경제적인 분야에 대해 공부를 해보고 싶습니다. 먼저 경제의 정의와 용어들 그리고 중요한 기관들에 대해 공부하고 싶으며, 특별히 그 주식에 관련해서는 앞으로 인기 있는 것들 어떤 종목들 더 인기가 있어질지 이런 것들을 많이 해볼 것 같습니다. 다음으로 영어를 더욱더 열심히 해보고 싶은데 생활 영어나 미드를 실적으로 듣고 이해할 수 있는 수준까지 해 보고 싶습니다","wordCount":59}}},"rawDataInfo":{"question":{"fileFormat":"wav","fileSize":397838,"duration":12430,"samplingBit":16,"channelCount":1,"samplingRate":"16kHz","audioPath":"/Mock/03.PublicService/Male/Experienced/ckmk_q_ps_m_e_242101.wav"},"answer":{"fileFormat":"wav","fileSize":3760718,"duration":117520,"samplingBit":16,"channelCount":1,"samplingRate":"16kHz","audioPath":"/Mock/03.PublicService/Male/Experienced/ckmk_a_ps_m_e_242101.wav"}}}