{"version":"1.0","dataSet":{"info":{"date":"20230116","occupation":"PS","channel":"MOCK","place":"ONLINE","gender":"MALE","ageRange":"35-44","experience":"EXPERIENCED"},"question":{"raw":{"text":"업무를 하고 있는데 상사가 회사의 이익에 반하는 행동을 하는 것을 본인이 직접 목격했습니다 그럼 이때 어떻게 행동을 하시겠습니까","wordCount":18},"emotion":[],"intent":[]},"answer":{"raw":{"text":"어 상급자가 회사의 이익이 반대되는 행동을 하는 것을 제가 하급자로서 목격했을 때 어떻게 행동할 것인가에 대해서 답변 드리겠습니다. 일단 그 상급자의 행동에 대해서 한번 직접 그 음 위치를 바꿔 줬다고 생각하고 한 번 생각해 볼 것 같습니다. 어 요번에는 이익에 반대되는 행동이지만 이 행동에 있어서 다음번 프로젝트 때는 더욱더 극대화될 수도 있을 겁니다. 그런 여건들을 좀 확인해 보고 추적을 해보면 어 무슨 생각으로 그렇게 행동했는지에 대한 것이 결과가 나올 것입니다. 그러면 그 부분 내에서도 정말 여러 가지로 생각해보고 여러 가지 방향을 봤을 때도 어 그런 좋은 의도가 아니라고 판단이 된다면 저는 과감하게 그 상급자 또는 상급 부서에 정당하게 보고를 할 것 같습니다. 결국은 회사의 이익 창출이 중요한 것인데 그 부분은 배려 배제하고 진행했다. 그렇게 한다면은 어 과감하게 상급 부서에 보고하고 조치를 취할 것 같습니다. 이상입니다.","wordCount":125},"emotion":[],"intent":[{"text":"","expression":"","category":"attitude"}],"summary":{"text":"저는 상급자가 회사의 이익이 반대되는 행동을 하는 것을 목격했을 때 어떻게 행동할 것인가에 대해서 답변 드리겠습니다. 결국은 회사의 이익 창출이 중요한 것인데 그 부분은 배려 배제하고 진행했습니다. 그렇게 한다면 과감하게 상급 부서에 보고하고 조치를 취할 것 같습니다. 이상입니다.","wordCount":38}}},"rawDataInfo":{"question":{"fileFormat":"wav","fileSize":521038,"duration":16280,"samplingBit":16,"channelCount":1,"samplingRate":"16kHz","audioPath":"/Mock/03.PublicService/Male/Experienced/ckmk_q_ps_m_e_214749.wav"},"answer":{"fileFormat":"wav","fileSize":2656078,"duration":83000,"samplingBit":16,"channelCount":1,"samplingRate":"16kHz","audioPath":"/Mock/03.PublicService/Male/Experienced/ckmk_a_ps_m_e_214749.wav"}}}