{"version":"1.0","dataSet":{"info":{"date":"20230116","occupation":"PS","channel":"MOCK","place":"ONLINE","gender":"MALE","ageRange":"45-54","experience":"EXPERIENCED"},"question":{"raw":{"text":"최근 뉴스를 시청하셨다면 그 가운데 가장 인상깊게 보았던 뉴스는 무엇인지 그 이유도 함께 말씀해 주시기 바랍니다","wordCount":16},"emotion":[],"intent":[]},"answer":{"raw":{"text":"네 제가 최근 본 뉴스 중에 그냥 좀 관심이 가는 뉴스는 어 방탄소년단이 과연 군대를 가야 되느냐 말아야 되느냐는 그 문젭니다. 어 저는 개인적으로 결론 제 의견을 먼저 말씀드리면 전 방탄소년단도 군대를 가야 된다 라고 생각을 합니다. 물론 우리나라에는 뭐 어 규정이 있습니다. 그 국가를 어 뭐 국제대회나 뭐 이런 곳에서 국가를 국위를 선양한 사람에 대해서는 군대를 면제시켜 준다 그래서 뭐 아시안 게임이나 올림픽 국제대회 이런 국제 콩쿨 뭐 이런 국제적으로 인정해주는 분야에서 어 국위를 선양하면 군대를 면제되는 프로그램의 제도가 있습니다. 어 물론 방탄소년단도 어 우리 국위 구 우리의 나라의 명성을 국위를 선양하는데 그 누구보다 최전선에서 서 있다고 생각을 합니다. 어 케이 컬처를 알리고 케이팝을 전 세계에 알리고 그럼으로써 우리나라의 인지도라든지 이런 것이 많이 높아진 것은 인정합니다. 하지만 이들은 대중 예술인입니다. 어 나름의 그 선양하는 과정에서 국위를 선양하는 과정에서 어 많은 수익을 거뒀습니다. 그리고 우리나라는 법적으로 어 대한민국의 남성은 병역의 의무를 지구 있습니다. 이들 역시 병역의 의무를 지는 것이 저는 마땅하다고 생각합니다.","wordCount":152},"emotion":[],"intent":[{"text":"","expression":"","category":"attitude"}],"summary":{"text":"우리나라에는 국위를 선양하면 군대를 면제해주는 제도가 있습니다. 물론 아미가 케이 컬처를 알리고 케이팝을 전 세계에 알려 우리나라의 인지도가 높아진 것은 인정합니다. 하지만 이들은 대중 예술인입니다. 어 나름의 그 국위 선양 과정에서 많은 수익을 얻었고, 법적으로 대한민국 남성은 병역의 의무를 지며 이들도 의무를 지는 것이 마땅하다고 생각합니다.","wordCount":46}}},"rawDataInfo":{"question":{"fileFormat":"wav","fileSize":546638,"duration":17080,"samplingBit":16,"channelCount":1,"samplingRate":"16kHz","audioPath":"/Mock/03.PublicService/Male/Experienced/ckmk_q_ps_m_e_107144.wav"},"answer":{"fileFormat":"wav","fileSize":2880718,"duration":90020,"samplingBit":16,"channelCount":1,"samplingRate":"16kHz","audioPath":"/Mock/03.PublicService/Male/Experienced/ckmk_a_ps_m_e_107144.wav"}}}