{"version":"1.0","dataSet":{"info":{"date":"20230116","occupation":"PS","channel":"MOCK","place":"ONLINE","gender":"MALE","ageRange":"35-44","experience":"EXPERIENCED"},"question":{"raw":{"text":"지원자님께서는 이 직무에 지원한 이유가 무엇인가요 어 그 이유를 말씀해 주시고요 또 본인이 이 직무에 왜 적합한 인재인지도 함께 설명해 주시면 좋겠습니다","wordCount":22},"emotion":[],"intent":[]},"answer":{"raw":{"text":"네 제가 이 질문에 지원한 이유에 대해서 말씀드리고 제가 왜 여기에 꼭 필요한 인재인지에 대해서도 답변드리겠습니다. 일단 서비스와 관련된 업무만을 지금까지 해왔고 수많은 경험 또 그 경험에서 쌓아온 저만의 노하우가 이 회사에 적용을 시켜서 하게 되면은 회사의 이익이나 회사의 발전에 있어서 큰 도움이 될 수 있을 것 같습니다. 일단 저는 고객에 대한 그 감동을 먼저 줘야 한다고 생각합니다. 그 감동을 받은 고객이 아 또 주변 지인들에게 전파를 할 것이고 이 전파가 된 게 또 전파가 될 것이고 그러면 그 효과적인 파이 파이의 역할이 엄청 커질 거라고 생각을 합니다. 그 룰에 대해서 제가 정확히 인지하고 있고 또 그 효과도 얼마나 큰지에 대해서 많이 경험을 해 봤기 때문에 지금 이 회사에서도 제가 그런 노하우들을 접목시켜서 진행을 하게 된다면 어 여기 회사에서도 큰 발전을 제가 어 줄 것 같습니다. 그래서 제가 꼭 적합하다고 생각하고 그런 노하우나 경험들을 통해서 음 회사의 이익을 위해서 일해 보고 싶습니다. 이상입니다.","wordCount":143},"emotion":[],"intent":[{"text":"일단 서비스와 관련된 업무만을 지금까지 해왔고 수많은 경험 또 그 경험에서 쌓아온 저만의 노하우가 이 회사에 적용을 시켜서 하게 되면은 회사의 이익이나 회사의 발전에 있어서 큰 도움이 될 수 있을 것 같습니다.","expression":"c_sincere_co","category":"etc"},{"text":"그 룰에 대해서 제가 정확히 인지하고 있고 또 그 효과도 얼마나 큰지에 대해서 많이 경험을 해 봤기 때문에 지금 이 회사에서도 제가 그런 노하우들을 접목시켜서 진행을 하게 된다면 어 여기 회사에서도 큰 발전을 제가 어 줄 것 같습니다.","expression":"c_sincere_co","category":"etc"},{"text":"그래서 제가 꼭 적합하다고 생각하고 그런 노하우나 경험들을 통해서 음 회사의 이익을 위해서 일해 보고 싶습니다.","expression":"c_sincere_co","category":"etc"}],"summary":{"text":"서비스와 관련된 업무만을 지금까지 해왔고 수많은 경험에서 쌓아온 저만의 노하우가 회사에 적용을 해서 하게 되면은 회사의 이익이나 회사의 발전에 있어서 큰 도움이 될 수 있을 것 같습니다. 그래서 그런 노하우나 경험들을 통해서 회사의 이익을 위해서 일해 보고 싶습니다.","wordCount":38}}},"rawDataInfo":{"question":{"fileFormat":"wav","fileSize":508878,"duration":15900,"samplingBit":16,"channelCount":1,"samplingRate":"16kHz","audioPath":"/Mock/03.PublicService/Male/Experienced/ckmk_q_ps_m_e_215297.wav"},"answer":{"fileFormat":"wav","fileSize":2664398,"duration":83260,"samplingBit":16,"channelCount":1,"samplingRate":"16kHz","audioPath":"/Mock/03.PublicService/Male/Experienced/ckmk_a_ps_m_e_215297.wav"}}}