{"version":"1.0","dataSet":{"info":{"date":"20230116","occupation":"PS","channel":"MOCK","place":"ONLINE","gender":"MALE","ageRange":"55-","experience":"EXPERIENCED"},"question":{"raw":{"text":"우리 회사가 해외 무대로 진출한다면 어디로 진출하는 것이 좋을까요 또 그렇게 생각하시는 이유에 대해서도 함께 말씀해 주시길 바랍니다","wordCount":18},"emotion":[],"intent":[]},"answer":{"raw":{"text":"우리 회사가 해외 무대로 진출한다면 어디로 진출하는 것이 좋겠습니까 이유도 말씀해 주세요. 아 예 제가 해외에 대해서 관심 또한 많이 있습니다. 앞으로의 세계는 태평양을 사이에 둔 그러한 아 무역의 중심이라고 또 보여집니다. 그런 면에서 봤을 때 아 미국 멕시코 캐나다 입니다. 아 미국하고 어 관련돼 있는 아 밑에 아 남미 쪽에서 저는 관심을 많이 갖고 있습니다. 남미 쪽은 맨파워도 있고 천연 자원도 많고 또한 미국하고의 거리라든가 아 무역이 또한 아 어렵지 않은 그런 환경 가운데 있기에 그런 쪽을 개척하는 것이 더욱더 중요하다고 아 생각합니다. 아 인구적으로 또한 아 그 자체적으로 소비하는 내수의 소비가 또한 아 많은 나라들이 모여 있기도 합니다. 그리고 또한 그 위에 북미 쪽에 멕시코 미국 캐나다 쪽하고도 연결할 수 있는 아 고리망이 있고 유럽하고도 이렇게 수출에 아 수입에 이런 좋은 관련돼 있는 그런 위치를 가지고 있기 때문에 그렇습니다. 어떻게 보면 아시아보다도 더 좋은 아 지형에 있는데 지금은 많이 개발이 안되고 정치적으로 경제적으로 많이 어려운 나라들이 많이 있습니다. 아르헨티나라든가 브라질 아 이런 나라들을 통하여서 더욱더 개발하고 아 좋은 여건을 만들어 가면은 아 선점할 수 있는 좋은 아 기회가 될 것이라고 생각을 합니다.","wordCount":174},"emotion":[],"intent":[{"text":"","expression":"","category":"attitude"}],"summary":{"text":"앞으로의 세계는 태평양을 사이에 둔 무역의 중심이라고 보여지기 때문에 남미 쪽에 관심을 많이 갖고 있습니다. 인구적으로 또한 내수의 소비가 많은 나라들이 모여 있고 북미 쪽에 멕시코 미국 캐나다 쪽하고도 연결할 수 있는 고리망이 있고 유럽하고도 수출에 수입에 좋은 관련돼 있는 위치를 가지고 있기 때문입니다.","wordCount":44}}},"rawDataInfo":{"question":{"fileFormat":"wav","fileSize":606158,"duration":18940,"samplingBit":16,"channelCount":1,"samplingRate":"16kHz","audioPath":"/Mock/03.PublicService/Male/Experienced/ckmk_q_ps_m_e_242352.wav"},"answer":{"fileFormat":"wav","fileSize":3865678,"duration":120800,"samplingBit":16,"channelCount":1,"samplingRate":"16kHz","audioPath":"/Mock/03.PublicService/Male/Experienced/ckmk_a_ps_m_e_242352.wav"}}}