{"version":"1.0","dataSet":{"info":{"date":"20230116","occupation":"PS","channel":"MOCK","place":"ONLINE","gender":"MALE","ageRange":"45-54","experience":"EXPERIENCED"},"question":{"raw":{"text":"나만의 스트레스 해소하는 방법이 있다면 왜 그 방법을 사용해서 스트레스를 해소하고 있는지 말씀을 해주시기 바랍니다","wordCount":15},"emotion":[],"intent":[]},"answer":{"raw":{"text":"어 저만의 스트레스 해소법이라 그러면 좀 뭐하지만 뭐 거의 모든 사람이 비슷할 겁니다. 스트레스를 받으면 뭐 쉬거나 자기가 좋아하는 일을 하게 되는데 저는 개인적으로 영화 보는 것과 낚시를 즐깁니다. 어 시간적인 여유가 많지 않다 그러면 저는 그냥 어 커피 한 잔 사들고 어 동네에 극장에 갑니다. 어 주말이나 뭐 이렇게 사람이 많을 때 가는 게 아니라 주중 낮에 사람이 없을 때 어 제가 좋아하는 장르의 영화 아니면 제가 좋아하는 배우가 출연한 영화를 골라서 혼자서 영화를 봅니다. 그렇게 혼자 영화를 보는 시간이 저는 좋습니다. 어 영화에 더 집중할 수도 있고 제가 좋아하는 배우의 연기에 더 몰입할 수도 있기 때문입니다. 어 그렇게 혼자서 오롯이 영화를 보게 되면 저는 스스로 어 그게 힐링이고 그게 쉼입니다. 좀 더 시간적 여유가 있다면 저는 낚시를 갑니다. 뭐 혼자서 갈 때도 있고 뭐 예를 들어서 뜻이 잘 맞는 친구나 시간이 되면 같이 가는 경우도 있는데 가서 뭐 고기를 많이 잡고 못 잡고를 떠나서 저는 그냥 그 분위기를 즐깁니다. 좌대에 들어가서 깜깜한 밤에 뭐 낚싯대 드리우고 친구랑 도란도란 얘기하면서 아니면 혼자서 뭐 믹스 커피 한 잔 컵라면 하나 먹는 그 시간이 너무나 행복하고 다시 일할 수 있는 힘을 주는 시간입니다.","wordCount":182},"emotion":[],"intent":[{"text":"스트레스를 받으면 뭐 쉬거나 자기가 좋아하는 일을 하게 되는데   저는 개인적으로 영화 보는 것과 낚시를 즐깁니다.","expression":"p_str_coping","category":"technology"},{"text":"어 시간적인 여유가 많지 않다 그러면 저는 그냥   어 커피 한 잔 사들고 어 동네에 극장에 갑니다.","expression":"p_str_coping","category":"technology"},{"text":"어 주말이나 뭐 이렇게 사람이 많을 때 가는 게 아니라 주중 낮에   사람이 없을 때 어 제가 좋아하는 장르의 영화 아니면 제가 좋아하는 배우가   출연한 영화를 골라서 혼자서 영화를 봅니다.","expression":"p_str_coping","category":"technology"},{"text":"어 그렇게 혼자서 오롯이 영화를 보게 되면 저는 스스로 어 그게 힐링이고 그게 쉼입니다.","expression":"p_str_coping","category":"technology"},{"text":"뭐 혼자서 갈 때도 있고 뭐 예를 들어서 뜻이 잘 맞는 친구나 시간이 되면 같이 가는 경우도 있는데 가서 뭐 고기를 많이 잡고   못 잡고를 떠나서 저는 그냥 그 분위기를 즐깁니다.","expression":"p_str_coping","category":"technology"},{"text":"좌대에 들어가서 깜깜한 밤에 뭐 낚싯대 드리우고 친구랑 도란도란 얘기하면서 아니면 혼자서 뭐 믹스 커피 한 잔 컵라면 하나 먹는 그 시간이   너무나 행복하고 다시 일할 수 있는 힘을 주는 시간입니다.","expression":"p_str_coping","category":"technology"}],"summary":{"text":"스트레스 해소법은 거의 모든 사람이 비슷할 것입니다. 스트레스를 받으면 자기 좋아하는 일을 하게 되는데 저는 개인적으로 영화 보는 것과 낚시를 즐깁니다. 시간적인 여유가 많지 않다면 주말이나 낮에 사람이 없을 때 좋아하는 장르의 영화나 배우의 연기를 찾아서 혼자 영화를 봅니다. 혼자 영화를 보는 시간이 힐링이고 쉼입니다. 시간적 여유가 있다면 낚시를 가는 것도 좋습니다.","wordCount":52}}},"rawDataInfo":{"question":{"fileFormat":"wav","fileSize":453838,"duration":14180,"samplingBit":16,"channelCount":1,"samplingRate":"16kHz","audioPath":"/Mock/03.PublicService/Male/Experienced/ckmk_q_ps_m_e_108398.wav"},"answer":{"fileFormat":"wav","fileSize":2885518,"duration":90170,"samplingBit":16,"channelCount":1,"samplingRate":"16kHz","audioPath":"/Mock/03.PublicService/Male/Experienced/ckmk_a_ps_m_e_108398.wav"}}}