{"version":"1.0","dataSet":{"info":{"date":"20230116","occupation":"PS","channel":"MOCK","place":"ONLINE","gender":"MALE","ageRange":"35-44","experience":"EXPERIENCED"},"question":{"raw":{"text":"혹시 입사 후에 쉬운 일과 어려운 일을 같이 맞닥뜨릴 경우 이 일에 대해서 어떻게 분배를 하실 건가요 일을 어떻게 나눠서 처리할 생각인지 그 방법에 대해서 말씀해 주세요","wordCount":27},"emotion":[],"intent":[]},"answer":{"raw":{"text":"당연히 어려운 일부터 시작해야 됩니다. 왜냐하면 쉬운 일 오십 퍼센트 어려운 일 오십 퍼센트라고 비중을 두었을 때 쉬운 일부터 처리하고 나면 이미 오십 퍼센트는 해결이 되고 저에게 마음의 빚은 오십 퍼센트의 부담만 남아있는 상탭니다. 그 오십 퍼센트를 해결하기 위해 일 퍼센트 일 퍼센트 노력하다 보면 어느 순간에 어려운 일이 십 퍼센트 대로 미만으로 떨어져 결국은 해결하는 날이 옵니다. 그런데 반대로 어려운 일 때문에 쉬운 일을 미루고 있으면 어려운 일 때문에 쓰여진 에너지 때문에 시간은 시간대로 가고 어려운 일을 해결할 때 쉬운 일이라고 하는 뒤에 밀어둔 일 때문에 더 업무 처리가 안 될 수도 있습니다. 특히 어려운 일을 하게 되면 많은 에너지와 시간과 열정을 쏟아야 되는데요. 이 열정 때문에 이미 내 몸은 많이 지쳐 있어서 번아웃이 된 상태면 우리가 쉽다고 생각했던 쉬운 일도 또 다른 어려운 일이 될 수가 있기 때문에 결국 나는 어려운 일 하나 해 해내고 나서 오십 퍼센트에 결국 쉬운 일을 해내지 못하는 또는 데드라인을 지키지 못하는 무능력한 직장인 또는 비판적인 직장인이 될 수가 있습니다.","wordCount":157},"emotion":[],"intent":[{"text":"","expression":"","category":"attitude"}],"summary":{"text":"어려운 일의 비중을 두고 쉬운 일부터 처리하면 이미 오십 퍼센트는 해결이 되고 제 마음의 빚은 오십 퍼센트의 부담만 남게 됩니다. 어려운 일을 하게 되면 많은 에너지와 시간과 열정을 쏟아야 하는데 이 열정 때문에 이미 지쳐 번아웃이 된 상태면 쉬운 일도 또 다른 어려운 일이 될 수 있기 때문에 어려운 일은 먼저 해야 됩니다.","wordCount":53}}},"rawDataInfo":{"question":{"fileFormat":"wav","fileSize":526798,"duration":16460,"samplingBit":16,"channelCount":1,"samplingRate":"16kHz","audioPath":"/Mock/03.PublicService/Male/Experienced/ckmk_q_ps_m_e_162516.wav"},"answer":{"fileFormat":"wav","fileSize":2392398,"duration":74760,"samplingBit":16,"channelCount":1,"samplingRate":"16kHz","audioPath":"/Mock/03.PublicService/Male/Experienced/ckmk_a_ps_m_e_162516.wav"}}}