{"version":"1.0","dataSet":{"info":{"date":"20230116","occupation":"PS","channel":"MOCK","place":"ONLINE","gender":"MALE","ageRange":"35-44","experience":"EXPERIENCED"},"question":{"raw":{"text":"지원자분 면접에 오시느라 수고 많으셨습니다 질문 드리겠습니다 만약 만취자가 지원자에게 폭행을 한다면 어떻게 할 것인지 그것에 대해서 말씀해 보십시오","wordCount":19},"emotion":[],"intent":[]},"answer":{"raw":{"text":"일단 만취자는 이성이 아닌 감성으로 움직이는 동물과 같은 사람들입니다. 술이 취해서 뇌가 마비된 사람과 거기서 폭력을 행사하면서 싸우는 것은 절대 불가합니다. 싸울 필요도 없고 싸워서도 안 되는 것입니다. 왜냐하면 이 사람들은 어떤 이성적인 감정이 마비가 되어 어떤 얘기를 해도 듣지도 않고 들으려고 하지도 않는데 그들이 저에게 폭행을 행사한다면 저는 거기서 그냥 피하거나 아니면 몇 대 맞고 바로 경찰에 신고를 하겠습니다. 제가 만약 이것을 맞대응을 하거나 정당방위 차원에서 같이 싸움을 하면 저 역시 쌍방 폭행으로 둘 다 입건이 되거나 벌금은 물 확률이 높기 때문입니다. 차라리 침착하게 잘 대응을 하고 현재 상황을 녹음을 하거나 녹화를 해서 추후에 이 만취자가 정신이 깨어났을 때 본인이 이렇게 큰 실수를 했고 상대방에게 이렇게 피해를 줘서 이것에 대한 민사적인 책임을 져야 된다는 것을 완벽하게 보여줄 것입니다.","wordCount":119},"emotion":[],"intent":[{"text":"","expression":"","category":"attitude"}],"summary":{"text":"술이 취해서 뇌가 마비된 사람과 거기서 폭력을 행사하면서 싸우는 것은 절대 불가합니다. 차라리 침착하게 잘 대응을 하고 현재 상황을 녹음을 하거나 녹화해서 추후에 이 음주자가 정신이 깨어났을 때 본인이 큰 실수를 했고 상대방에게 피해를 줘서 이것에 대한 민사적인 책임을 져야 한다는 것을 완벽하게 보여줄 것입니다.","wordCount":45}}},"rawDataInfo":{"question":{"fileFormat":"wav","fileSize":516878,"duration":16149,"samplingBit":16,"channelCount":1,"samplingRate":"16kHz","audioPath":"/Mock/03.PublicService/Male/Experienced/ckmk_q_ps_m_e_183188.wav"},"answer":{"fileFormat":"wav","fileSize":2073038,"duration":64780,"samplingBit":16,"channelCount":1,"samplingRate":"16kHz","audioPath":"/Mock/03.PublicService/Male/Experienced/ckmk_a_ps_m_e_183188.wav"}}}