{"version":"1.0","dataSet":{"info":{"date":"20230116","occupation":"PS","channel":"MOCK","place":"ONLINE","gender":"MALE","ageRange":"35-44","experience":"EXPERIENCED"},"question":{"raw":{"text":"지원자님께서 최근에 공부하고 계신 것이 있으시다면 어 그것을 왜 현재 공부하고 계신지 지금까지 그 과목에 대해서 어떤 것들을 배워 왔는지에 대해서도 같이 이야기해 주시면 좋겠습니다","wordCount":25},"emotion":[],"intent":[]},"answer":{"raw":{"text":"요즘 가장 많이 공부하는 것이 마케팅 이론과 조직 경영 이론입니다. 사원 대리 때는 내 일만 잘하고 내 능력만 많아지면 나중에 자연적으로 연봉이 오르고 직급이 올라갈 것으로 생각했습니다. 하지만 어느 순간에 부장 이상 매니저 팀 매니저 이상으로 올라가면 조직을 어떻게 끌어야 되고 어떤 조직이 어떻게 성과를 잘 내는지에 대한 수많은 경험과 학습을 하게 됩니다. 그렇게 조직 경영 이론이 단순히 휴먼 매니지먼트만을 얘기하는 것이 아니라 부서 관의 협업 또는 본사와의 협업 그리고 고객과의 협업 우리 팀원들을 어디 어디에다가 배치해야 되는지에 대한 적재적소에 대한 모든 것들을 공부하고 그 공부에 따라서 조금씩 성과가 변경되는 것을 알게 됨으로써 조금 더 공부를 하게 되었습니다.","wordCount":98},"emotion":[],"intent":[{"text":"","expression":"","category":"attitude"}],"summary":{"text":"요즘 가장 많이 공부하는 것이 마케팅 이론과 조직 경영 이론인데, 단순히 휴먼 매니지먼트만을 얘기하는 것이 아니라 부서간의 협업 또는 본사와의 협업 그리고 고객과의 협업 팀원들을 어디 어디에다가 배치해야 되는지에 대한 적재적소에 대한 모든 것들을 공부하게 되었습니다.","wordCount":36}}},"rawDataInfo":{"question":{"fileFormat":"wav","fileSize":598478,"duration":18700,"samplingBit":16,"channelCount":1,"samplingRate":"16kHz","audioPath":"/Mock/03.PublicService/Male/Experienced/ckmk_q_ps_m_e_156521.wav"},"answer":{"fileFormat":"wav","fileSize":1876558,"duration":58640,"samplingBit":16,"channelCount":1,"samplingRate":"16kHz","audioPath":"/Mock/03.PublicService/Male/Experienced/ckmk_a_ps_m_e_156521.wav"}}}