{"version":"1.0","dataSet":{"info":{"date":"20230116","occupation":"PS","channel":"MOCK","place":"ONLINE","gender":"MALE","ageRange":"35-44","experience":"EXPERIENCED"},"question":{"raw":{"text":"지금까지 인생을 살면서 가장 후회되는 일이 있다면 어떤 일입니까 한 가지만 골라 말씀해 주세요","wordCount":14},"emotion":[],"intent":[]},"answer":{"raw":{"text":"어 제가 진장을 살면서 가장 후회되는 이라고 하자면은 어 마땅히 제가 크게 막 후회하는 일은 없는 것 같습니다. 그런데 이제 좀 아쉬웠던 일 중의 하나가 어 제가 이제 군 생활을 직업군인이라 하면 한 육 년 정도를 했습니다. 그 군 생활을 오래 하다 보니 어 그 보냈던 육 년 이라는 시간이 절대 짧은 시간은 아닌데 그 시간에 사회 좀 빨리 나와 좀 적응하고 좀 더 스펙을 쌓고 경험을 쌓았다면 지금 좀 더 안전적인 안정적으로 사회적 지위를 갖지 않았을까 이런 생각을 가끔 중 해 봅니다. 네 또 거기 생활을 군생활 하면서 간부 생활을 하면서 또 배운 전이 굉장히 많습니다. 강한 정신력도 가질 수 있었고 그런 데서 도움을 많이 받은 건 사실이지만 이 그런 부분들이 좀 더 다르게 생각을 했더라면 어 조금 더 지금쯤 어 괜찮은 위치에 있지 않을까 이런 생각을 해보면 조금은 후회는 아니지만 아쉬움은 남는 것 같습니다. 그게 인제 인생을 살면서 어 조금은 후회되는 부분 중의 하나가 될 것 같습니다. 이상입니다.","wordCount":150},"emotion":[{"text":"강한 정신력도 가질 수 있었고 그런 데서 도움을 많이 받은 건 사실이지만 이 그런 부분들이 좀 더 다르게 생각을 했더라면   어 조금 더 지금쯤 어 괜찮은 위치에 있지 않을까 이런 생각을 해보면 조금은 후회는 아니지만   아쉬움은 남는 것 같습니다.","expression":"n-distress","category":"negative"}],"intent":[{"text":"그런데 이제 좀 아쉬웠던 일 중의 하나가   어 제가 이제 군 생활을 직업군인이라 하면 한 육 년 정도를 했습니다.","expression":"c_private","category":"background"}],"summary":{"text":"직업군인으로서 군 생활을 한 육 년 정도를 했습니다. 그 시간에 사회와 좀 더 적응하고 스펙을 쌓고 경험을 쌓았다면 지금 더 안전적이고 안정적으로 사회적 지위를 갖지 않았을 것 같습니다. 또 군 생활 동안 간부 생활을 하면서 강한 정신력도 가질 수 있었고 그런 것들이 좀 더 다르게 생각을 했더라면 하는 아쉬움은 남습니다.","wordCount":50}}},"rawDataInfo":{"question":{"fileFormat":"wav","fileSize":325838,"duration":10180,"samplingBit":16,"channelCount":1,"samplingRate":"16kHz","audioPath":"/Mock/03.PublicService/Male/Experienced/ckmk_q_ps_m_e_196600.wav"},"answer":{"fileFormat":"wav","fileSize":2528718,"duration":79020,"samplingBit":16,"channelCount":1,"samplingRate":"16kHz","audioPath":"/Mock/03.PublicService/Male/Experienced/ckmk_a_ps_m_e_196600.wav"}}}