{"version":"1.0","dataSet":{"info":{"date":"20230116","occupation":"PS","channel":"MOCK","place":"ONLINE","gender":"MALE","ageRange":"35-44","experience":"EXPERIENCED"},"question":{"raw":{"text":"혹시 매일 공부하고 있는 분야가 따로 있으신가요 있다면 왜 그것을 공부하고 계시는지에 대해서도 구체적으로 한번 설명해 주실 수 있을까요","wordCount":19},"emotion":[],"intent":[]},"answer":{"raw":{"text":"제가 요즘 매일 공부하고 있는 분야는 바로 빅데이터와 인공지능입니다. 요즘은 인공지능이 전세계 전국 어디에서나 찾아볼 수 있고 디지털 트랜스포메이션이 일어나면서 새로운 세상의 트렌드로 바뀌었습니다. 예전에는 사람이 모든 것을 하던 것이 이제는 빅데이터와 인공지능을 가지고 할 수 있게 되었습니다. 특히 구글 바이두 애플 현대차나 기아차 들도 자율 주행을 통해서 인공지능을 활용하고 있고 그 흔한 김밥 집 또는 음식점에도 인공지능 또 다른 컴퓨터들이 그리고 로봇들이 서빙을 하고 주문을 받고 어떤 고객이 언제 또 왔는지를 기억을 하고 있습니다. 이렇게 하면 고객 관리도 잘 되고 앞으로 제품을 판매하거나 어떤 키워드를 찾을 때도 아주 쉬운 판매책이 될 수가 있습니다. 특히나 빅데이터는 파이썬이라고 하는 프로그램을 어느 정도 익혀야 되는데요. 그 파이썬을 하기 위해서 저는 매일 파이썬 프로그램 인터넷 강의를 들으면서 파이썬 프로그램을 제가 짜고 코드가 어디가 잘못됐는지를 확인합니다. 그 파이썬으로 가지고 어떻게 구글에 있는 빅데이터를 저만의 데이터로 만들어서 추후에 판매 정책이나 마케팅 전략을 세우면 좋은지 어떤 고객 어떤 연령 어디 사는 고객들이 어떤 제품을 좋아하는지에 대한 데이터 구글링 및 프로그램을 편집하고 있습니다.","wordCount":156},"emotion":[{"text":"제가 요즘 매일 공부하고 있는 분야는 바로 빅데이터와 인공지능입니다.","expression":"u-fact","category":"neutral"}],"intent":[{"text":"","expression":"","category":"attitude"}],"summary":{"text":"인공지능이 전세계 어디에서나 찾아볼 수 있고 디지털 트랜스포메이션이 일어나면서 빅데이터와 인공지능을 가지고 할 수 있게 되었습니다. 특히 구글 바이두 애플 현대차나 기아차 들도 자율 주행을 통해서 인공지능을 활용하고 있고 이렇게 하면 고객 관리도 잘 되고 앞으로 제품을 판매하거나 어떤 키워드를 찾을 때도 아주 쉬운 판매책이 될 수가 있습니다.","wordCount":48}}},"rawDataInfo":{"question":{"fileFormat":"wav","fileSize":569358,"duration":17790,"samplingBit":16,"channelCount":1,"samplingRate":"16kHz","audioPath":"/Mock/03.PublicService/Male/Experienced/ckmk_q_ps_m_e_192846.wav"},"answer":{"fileFormat":"wav","fileSize":2762318,"duration":86320,"samplingBit":16,"channelCount":1,"samplingRate":"16kHz","audioPath":"/Mock/03.PublicService/Male/Experienced/ckmk_a_ps_m_e_192846.wav"}}}