{"version":"1.0","dataSet":{"info":{"date":"20230116","occupation":"PS","channel":"MOCK","place":"ONLINE","gender":"MALE","ageRange":"35-44","experience":"EXPERIENCED"},"question":{"raw":{"text":"아 지원자님의 생각에 본인의 성격상의 단점과 장점은 무엇이 있는지 각각 말씀해 주시면 좋겠구요 구체적인 예시를 들어서 말씀해 주셔도 좋습니다","wordCount":19},"emotion":[],"intent":[]},"answer":{"raw":{"text":"어 저는 우직합니다. 네 저는 제 신념에 알맞고 저의 기준에 부합하는 어떤 체계가 있다면 저는 그게 저에게 어 몸과 마음으로 정립이 되어서 거기에 맞게 생활을 하고 거기에 맞게 일을 합니다. 그게 저의 장점이라고 지금 제가 말씀을 드릴 수 있을 것 같고요. 단점은 네 똑같은 이유입니다. 제가 되게 한 우물만 파는 느낌 네 외골수적인 부분이 좀 강해서 제 신념과 맞지 않는 음 그렇다고 해서 무조건 그것만 고수한다 는 건 아니지만 아 제 기준에서 조금 건강하지 않은 방향으로 무언가 해야 될 때 그러면 잘 몸이 움직이지 않는 그런 스타일입니다. 좀 유연하지 못하다고 하는 게 맞겠네요. 네 이거는 관점에 따라 다르게 해석하실 수 있을 것 같다 고 생각합니다.","wordCount":105},"emotion":[],"intent":[{"text":"","expression":"","category":"attitude"}],"summary":{"text":"저는 우직합니다. 제 신념에 알맞고 제 기준에 부합하는 체계가 있다면 그것은 몸과 마음으로 정립이 되어서 거기에 맞게 생활을 하고 거기에 맞게 일을 하는 것이 저의 장점이라고 봅니다. 단점은 똑같은 이유입니다.","wordCount":30}}},"rawDataInfo":{"question":{"fileFormat":"wav","fileSize":447758,"duration":13990,"samplingBit":16,"channelCount":1,"samplingRate":"16kHz","audioPath":"/Mock/03.PublicService/Male/Experienced/ckmk_q_ps_m_e_156819.wav"},"answer":{"fileFormat":"wav","fileSize":2864718,"duration":89520,"samplingBit":16,"channelCount":1,"samplingRate":"16kHz","audioPath":"/Mock/03.PublicService/Male/Experienced/ckmk_a_ps_m_e_156819.wav"}}}