{"version":"1.0","dataSet":{"info":{"date":"20230116","occupation":"PS","channel":"MOCK","place":"ONLINE","gender":"MALE","ageRange":"-34","experience":"EXPERIENCED"},"question":{"raw":{"text":"혹시 특별히 가고 싶은 회사가 있나요 있다면 특정 도메인이 중요한지 아니면 회사의 분위기가 중요한지 그리고 어떤 점을 중점적으로 보시는지 궁금합니다","wordCount":20},"emotion":[],"intent":[]},"answer":{"raw":{"text":"저는 예전부터 회사 이름을 언급해도 되는 건지 모르겠습니다. 엔사 엔 철자로 시작해서 시작되는 다섯 글자에 우리나라의 그런 대표적인 그 기업을 초록 색깔 연두 색깔과 초록 색깔 사이에 그런 어떤 시그니처 컬러를 가지고 있는 그 회사를 가는 것이 이 면접 장소에서 죄송하지만 저의 그게 항상 꿈이었습니다. 이렇게 말씀드리면 여기서 경력을 쌓고 뭐 그쪽으로 넘어가겠느냐 이렇게 생각하실 수도 있지만 지금 현실적으로 제가 그 회사에 가는 것은 이제 저도 어느 정도 어른이기 때문에 타협을 한 것 같습니다. 그렇게 가는 것이 큰 의미가 있나 라는 것이 생각이 들고 그렇지만 그 회사를 가고 싶은 열정만큼은 제 마음에 살아있는 것 같습니다. 그 열정이 그 회사를 가고 싶어하는 그런 열정이 저를 움직이게 만들었고 움직이게 만든 열정이 제가 또 이 회사에 또 지금 이 면접 보고 있는 이 회사에 또 꼭 들어가 들어가야 되겠다 라는 그런 명분도 생겼고 이렇게 말씀드려서 기분 나쁘실 수도 있지만 저에게는 큰 동기를 주는 그런 모티브를 주는 회사였습니다.","wordCount":144},"emotion":[],"intent":[{"text":"","expression":"","category":"attitude"}],"summary":{"text":"초록 색깔 시그니처 컬러를 가지고 있는 N회사를 가는 것이 항상 꿈이었습니다. 그 회사를 가고 싶은 열정이 저를 움직이게 만들었고 그 열정이 저에게는 큰 동기를 주는 회사였습니다.","wordCount":26}}},"rawDataInfo":{"question":{"fileFormat":"wav","fileSize":443918,"duration":13870,"samplingBit":16,"channelCount":1,"samplingRate":"16kHz","audioPath":"/Mock/03.PublicService/Male/Experienced/ckmk_q_ps_m_e_199745.wav"},"answer":{"fileFormat":"wav","fileSize":2847118,"duration":88970,"samplingBit":16,"channelCount":1,"samplingRate":"16kHz","audioPath":"/Mock/03.PublicService/Male/Experienced/ckmk_a_ps_m_e_199745.wav"}}}