{"version":"1.0","dataSet":{"info":{"date":"20230116","occupation":"PS","channel":"MOCK","place":"ONLINE","gender":"MALE","ageRange":"45-54","experience":"EXPERIENCED"},"question":{"raw":{"text":"시험 기간 시간이 촉박할 때 어떻게 시간 관리를 하셨나요 지원자님의 시간 관리법이 궁금합니다","wordCount":13},"emotion":[],"intent":[]},"answer":{"raw":{"text":"촉박한 시험 기간에 시간 관리라함은 아 제가 좀 부끄러운 일이긴 하지만 아주 어렸을 때부터 시험은 항상 그 벼락치기로 준비를 했기 때문에 이런 시간 관리는 정말 잘 했습니다. 아 제 그 시간 관리 노하우를 말씀드리면 일단은 아 너무 욕심을 부리지 않고 가장 중요한 것만 취하는 것인데요. 아 시간이 없는 상태에서 너무 많은 것을 얻고자 하면은 어 다 이 잃어버릴 수 있습니다. 그래서 어 제일 중요한 것은 내가 취할 수 있는 어 것 중에 가장 중요한 것은 무엇이며 어 버려야 될 것은 무엇인가 그까 어떤 우선순위를 정하고 그 위쪽에 배정된 우선순위 위주로 어 공부를 하고 시간이 안 되면 밑에는 버리는 것입니다. 그렇지 않으면은 어 어떻게 뭐 속된 말로 죽도 밥도 안 되기 때문에 저는 그런 우선순위를 토대로 시간 관리를 하였습니다.","wordCount":118},"emotion":[{"text":"촉박한 시험 기간에 시간 관리라함은 아 제가 좀 부끄러운 일이긴 하지만   아주 어렸을 때부터 시험은 항상 그 벼락치기로 준비를 했기 때문에 이런 시간 관리는 정말 잘 했습니다.","expression":"n-shame","category":"negative"}],"intent":[{"text":"","expression":"","category":"attitude"}],"summary":{"text":"시간이 없는 상태에서 많은 것을 얻고자 하면은 다 잃어버릴 수 있기 때문에 우선순위를 정하고 그 위쪽에 배정된 우선순위 위주로 공부를 하고 시간이 안 되면 밑에는 버려야 하기에 우선순위를 토대로 시간 관리를 하였습니다.","wordCount":32}}},"rawDataInfo":{"question":{"fileFormat":"wav","fileSize":288398,"duration":9010,"samplingBit":16,"channelCount":1,"samplingRate":"16kHz","audioPath":"/Mock/03.PublicService/Male/Experienced/ckmk_q_ps_m_e_109162.wav"},"answer":{"fileFormat":"wav","fileSize":2663118,"duration":83220,"samplingBit":16,"channelCount":1,"samplingRate":"16kHz","audioPath":"/Mock/03.PublicService/Male/Experienced/ckmk_a_ps_m_e_109162.wav"}}}