{"version":"1.0","dataSet":{"info":{"date":"20230116","occupation":"PS","channel":"MOCK","place":"ONLINE","gender":"MALE","ageRange":"35-44","experience":"EXPERIENCED"},"question":{"raw":{"text":"어 우리 회사에 입사를 했더니 업무 내용이나 강도가 예상했던 것과 전혀 다를 수 있습니다 어 그렇게 된다면 어 어떻게 대처를 하실 건가요","wordCount":22},"emotion":[],"intent":[]},"answer":{"raw":{"text":"네 회사에 입사 후에 업무 내용이나 업무의 강도를 직접 겪어봤을 때 생각했던 것과 전혀 다르다는 것 대해서 어떻게 행동할 것인지에 대해서 답변을 드리겠습니다. 어 회사마다 분위기가 틀리고 회사보다 그 절차가 틀리고 강도가 다 틀리다고 생각합니다. 그래서 그거에 따른 마음의 준비는 다 되어 있고 어떤 업무나 어떤 자리를 맡아도 그 부분에 대해서는 처음에 내가 완벽하다 내가 이 전문가가 되기 위해서는 당연히 강도가 셀 수 밖에 없습니다. 그에 따른 부족한 부분에 대해서는 개인 시간을 할애해서 야근도 해야 할 것이고 또 야근을 통해서 업무에 대한 전문성을 갖추기 위한 노력이 분명히 필요할 겁니다. 그래서 어떤 일 업무가 중요한 게 아니라 무슨 일이든 할 수 있고 최선을 다하겠다는 자세가 더욱더 중요할 것 같고 그런 자세와 태도로 인해서 자기의 직무 지식이나 자기의 역량이 더욱더 커질 수 있다고 생각합니다. 그런 부분에서 업무 내용이나 그런 강도는 중요하지 않고 내가 얼마나 빨리 적응하고 어 전문가가 될 수 있는지가 더욱더 중요할 것 같습니다. 이상입니다.","wordCount":144},"emotion":[],"intent":[{"text":"","expression":"","category":"attitude"}],"summary":{"text":"네 회사에 입사 후에 업무 내용이나 강도를 직접 겪어봤을 때 생각했던 것과 전혀 다르다는 것 어떻게 행동할 것인지에 대해서 답변을 드리겠습니다. 회사마다 분위기가 틀리고 절차도 틀리고 강도가 다 틀리다고 생각합니다. 어떤 업무나 자리를 맡아도 그 부분에 대해서는 처음에 제가 전문가가 되기 위해서는 당연히 강도가 셀 수 밖에 없습니다.","wordCount":48}}},"rawDataInfo":{"question":{"fileFormat":"wav","fileSize":510798,"duration":15960,"samplingBit":16,"channelCount":1,"samplingRate":"16kHz","audioPath":"/Mock/03.PublicService/Male/Experienced/ckmk_q_ps_m_e_214817.wav"},"answer":{"fileFormat":"wav","fileSize":2687438,"duration":83980,"samplingBit":16,"channelCount":1,"samplingRate":"16kHz","audioPath":"/Mock/03.PublicService/Male/Experienced/ckmk_a_ps_m_e_214817.wav"}}}