{"version":"1.0","dataSet":{"info":{"date":"20230116","occupation":"PS","channel":"MOCK","place":"ONLINE","gender":"MALE","ageRange":"45-54","experience":"EXPERIENCED"},"question":{"raw":{"text":"본인의 장점과 단점을 설명해 보시고 그것을 특화시키고 극복하기 위한 노력도 함께 말씀해 주시기 바랍니다","wordCount":14},"emotion":[],"intent":[]},"answer":{"raw":{"text":"어 저의 강점과 단점을 말씀드리자면 어 저는 저의 강점과 단점이 어 같습니다. 어 그 강점이라고 하면 어떤 문제나 사건이 생겼을 때 저는 그것을 대개 좀 객관화 시키려고 노력합니다. 이것을 제가 개인적으로 그 사건을 받아 보게 되면 일단 시야가 좁아지고 어 생각이 좀 가치 그 생각에 한계가 오게 됩니다. 그런데 이것을 한 발짝 떨어져서 바라보고 이것을 제 삼 자의 입장에서 바라보면 어 그 사건이나 사고가 좀 더 어 쉽게 다가오는 경우가 많았던 것 같습니다. 실제로 뭐 당장은 어떤 뭐 사건이나요 사고에 부딪쳤을 때 이것을 어떻게 하지 어떻게 하지만 이것을 한 발짝 떨어져서 보면 이게 그렇게 큰 사건 사고가 아닌 경우가 되게 많습니다. 그렇기 때문에 저의 강점은 어 어떤 일이 생겼을 때 그것을 조금 객관적으로 신중하게 생각하는 것인데 반대로 그것이 단점으로 적용할 때도 있습니다. 어 경우에 따라서는 어떤 문제가 터졌을 때 이거를 즉각적으로 행동하고 빨리 행동하는 게 그 사건 사고를 마무리하는 경우가 되는데 이걸 너무 신중하게 오래 생각하다 보니 사건을 키우는 경우도 있었던 것 같습니다.","wordCount":153},"emotion":[],"intent":[{"text":"어 그 강점이라고 하면   어떤 문제나 사건이 생겼을 때 저는 그것을 대개 좀 객관화 시키려고 노력합니다.","expression":"c_person","category":"background"}],"summary":{"text":"저는 어떤 문제나 사건이 생겼을 때 객관화하려고 노력합니다. 이것을 제 삼자의 입장에서 바라보면 사건이 더 쉽게 다가오는 경우가 많았던 것 같습니다. 그래서 저는 강점은 어떤 일이 일어났을 때 객관적으로 신중하게 생각하는 것인데 반대로 그것이 단점으로 적용될 때도 있습니다.","wordCount":38}}},"rawDataInfo":{"question":{"fileFormat":"wav","fileSize":529998,"duration":16560,"samplingBit":16,"channelCount":1,"samplingRate":"16kHz","audioPath":"/Mock/03.PublicService/Male/Experienced/ckmk_q_ps_m_e_106018.wav"},"answer":{"fileFormat":"wav","fileSize":2796238,"duration":87380,"samplingBit":16,"channelCount":1,"samplingRate":"16kHz","audioPath":"/Mock/03.PublicService/Male/Experienced/ckmk_a_ps_m_e_106018.wav"}}}