{"version":"1.0","dataSet":{"info":{"date":"20230116","occupation":"PS","channel":"MOCK","place":"ONLINE","gender":"MALE","ageRange":"45-54","experience":"EXPERIENCED"},"question":{"raw":{"text":"시간이 촉박한 상황에서 어떻게 시간 관리를 하셨나요","wordCount":7},"emotion":[],"intent":[]},"answer":{"raw":{"text":"뭐 시험 공부를 하던 학창 시절에 시험 공부를 하든 회사에서 일을 하든 항상 시간이 촉박했던 것 같습니다. 뭐 시간을 정해놓고 다 해야 되는 일이다 보니 그랬던 것 같은데 어 그런 상황이라면 저는 일에 우선순위를 정합니다. 어떤 일을 뭐 당연한 얘기겠지만 어 한정된 시간 내에서 제가 쓸 수 있는 일은 해야 되는데 어 업무량은 많은데 그중에서 일단 제가 할 수 있는 시간이 정해져 있다 그러면 그건 일에 우선순위를 정하는 게 맞다고 생각을 합니다. 우선순위를 정해서 먼저 해야 되는 일 어 뭐 예를 들어서 다른 팀과 협업이었는데 내가 이 일을 못 맞추면 뭐 맞추지 못하면 저쪽 다른 팀에서도 피해를 본다라든지 우선순위를 정해 가지고 중요한 일부터 처리하는 게 맞다고 생각을 합니다. 그리고 나서 나머지 일은 제가 뭐 야근을 하든 뭐 경우에 따라서 그걸 집에 싸 들고 가던 해서 제가 처리할 수 있는 일 그러니까 어 남과 관련된 일 다른 부서와 관련된 일 아니면 일을 할 때 더 중요한 일의 우선순위를 정해서 그 일부터 처리하는 게 맞다고 생각을 합니다.","wordCount":155},"emotion":[],"intent":[{"text":"","expression":"","category":"attitude"}],"summary":{"text":"업무량은 많은데 할 수 있는 시간이 정해져 있다면 일에 우선순위를 정하는 게 맞다고 생각합니다. 그 일부터 우선해야 되는 것, 그다음 나머지는 남과 관련된 일, 다른 부서와 관련된 일을 우선순위를 정해서 처리하는 게 맞습니다.","wordCount":33}}},"rawDataInfo":{"question":{"fileFormat":"wav","fileSize":199118,"duration":6220,"samplingBit":16,"channelCount":1,"samplingRate":"16kHz","audioPath":"/Mock/03.PublicService/Male/Experienced/ckmk_q_ps_m_e_108400.wav"},"answer":{"fileFormat":"wav","fileSize":2437198,"duration":76160,"samplingBit":16,"channelCount":1,"samplingRate":"16kHz","audioPath":"/Mock/03.PublicService/Male/Experienced/ckmk_a_ps_m_e_108400.wav"}}}