{"version":"1.0","dataSet":{"info":{"date":"20230116","occupation":"PS","channel":"MOCK","place":"ONLINE","gender":"MALE","ageRange":"35-44","experience":"EXPERIENCED"},"question":{"raw":{"text":"회사에 들어와서 선배를 만나게 된다면 어떤 모습의 선배를 만나고 싶으세요 그런 선배를 원하는 이유도 같이 말씀해 주세요","wordCount":17},"emotion":[],"intent":[]},"answer":{"raw":{"text":"회사의 실적 및 성과가 좋고 대인 관계가 원만한 그런 선배를 만나고 싶습니다. 왜냐하면 저 또한 이 회사의 큰 꿈을 꾸고 들어왔기 때문에 성공한 선배의 모습을 보면서 아 이 선배야말로 내 회사 생활에 롤모델이고 귀감이 될 수 있겠다 추후에 나도 오 년 후 십 년 후 저런 선배처럼 이 회사에서 성장을 할 수 있겠다 라고 하는 순 효과를 가져야 됩니다. 만약 그 반대의 사람을 만나면 회사에 들어왔을 때 많이 좌절하거나 아 나의 미래의 모습이 저 선배가 다 와 다르지 않구나 라고 하는 부정적인 효과에 전염될 확률이 높기 때문입니다. 추후에 이런 선 잘 나가는 선배 또는 성적이 좋은 선배를 만나게 되면 같은 부서에서 일하고 싶을 수도 있고 다른 프로젝트에 이 선배와 함께하여 업무에 대한 효과라든지 아니면 업무를 같이 함께 함으로써 저 또한 커리어 상승에 도움이 되고자 합니다.","wordCount":125},"emotion":[],"intent":[{"text":"","expression":"","category":"attitude"}],"summary":{"text":"회사 실적 및 성과가 좋고 대인 관계가 원만한 선배를 만나고 싶습니다. 만약 그 반대의 사람을 만나면 회사에 들어왔을 때 많이 좌절하거나 저 선배가 다르지 않구나 라는 부정적인 효과에 전염될 가능성이 높기 때문입니다.","wordCount":32}}},"rawDataInfo":{"question":{"fileFormat":"wav","fileSize":409358,"duration":12790,"samplingBit":16,"channelCount":1,"samplingRate":"16kHz","audioPath":"/Mock/03.PublicService/Male/Experienced/ckmk_q_ps_m_e_172437.wav"},"answer":{"fileFormat":"wav","fileSize":1956878,"duration":61150,"samplingBit":16,"channelCount":1,"samplingRate":"16kHz","audioPath":"/Mock/03.PublicService/Male/Experienced/ckmk_a_ps_m_e_172437.wav"}}}