{"version":"1.0","dataSet":{"info":{"date":"20230116","occupation":"PS","channel":"MOCK","place":"ONLINE","gender":"MALE","ageRange":"45-54","experience":"EXPERIENCED"},"question":{"raw":{"text":"지원자님의 성격 상 장점과 단점에 대해서 각각 말해주세요 구체적인 예시를 들어서 말씀해 주시면 더 좋습니다","wordCount":15},"emotion":[],"intent":[]},"answer":{"raw":{"text":"저는 장점이 아주 꼼꼼합니다. 아주 디테일한 편입니다. 그래서 어 그만큼 꼼꼼하게 보면서 그것에 비해서는 조금 시간을 빨리 그 그 업무 속도를 빨리 내는 편이라 시간 대비 어 실수가 거의 없다고 보면 되고 능률이 아주 좋습니다. 네 그런데 음 단점은 너무 꼼꼼해서 오는 그런 피곤함을 주변에서 많이 듣는 것 같습니다. 네 직업병이 되어 버린 것 같아요 이 꼼꼼함이. 원래도 조금 꼼꼼하게 했지만 제가 스스로 봐도 어 지금 현재가 예전보다 더 심하기 때문에 이 꼼꼼함으로 인해서 환자를 볼 때 조금 시간이 많이 지체된 경우가 많았습니다.","wordCount":83},"emotion":[],"intent":[{"text":"저는 장점이 아주 꼼꼼합니다.","expression":"c_person","category":"background"},{"text":"네   그런데 음 단점은   너무 꼼꼼해서   오는 그런 피곤함을 주변에서 많이 듣는 것 같습니다.","expression":"c_person","category":"background"}],"summary":{"text":"저는 아주 꼼꼼한 장점이 있어서 업무에 능률이 아주 좋습니다. 하지만 너무꼼꼼해서 오는 피곤함을 주변에서 많이 듣는데 직업병이 되어버린 것 같습니다. 그 꼼곰함이 스스로 봐도 예전보다 더 심하기 때문에 시간이 많이 지체되었습니다.","wordCount":31}}},"rawDataInfo":{"question":{"fileFormat":"wav","fileSize":339278,"duration":10600,"samplingBit":16,"channelCount":1,"samplingRate":"16kHz","audioPath":"/Mock/03.PublicService/Male/Experienced/ckmk_q_ps_m_e_112040.wav"},"answer":{"fileFormat":"wav","fileSize":2858958,"duration":89340,"samplingBit":16,"channelCount":1,"samplingRate":"16kHz","audioPath":"/Mock/03.PublicService/Male/Experienced/ckmk_a_ps_m_e_112040.wav"}}}