{"version":"1.0","dataSet":{"info":{"date":"20230116","occupation":"PS","channel":"MOCK","place":"ONLINE","gender":"MALE","ageRange":"35-44","experience":"EXPERIENCED"},"question":{"raw":{"text":"업무를 하다가 만약 타 부서와 갈등 상황이 발생했다면 지원자님께서는 어떻게 해결하실 것 같은지 상황을 구체적으로 가정해서 설명해 주시기 바랍니다","wordCount":19},"emotion":[],"intent":[]},"answer":{"raw":{"text":"모든 업무를 함에 있어서 부서 간의 갈등은 필연적인 것입니다. 부서 이기주의 또는 개인 이기주의 또는 서로에 대한 이해력 부족으로 협업이 불가능한 상황 또는 갈등 상황이 발생할 수 있는데요. 이 때 가장 중요한 것은 그들과 공감대를 형성하고 과연 그들은 어떤 입장에서 어떻게 이 사업을 바라보고 있고 이 업무를 바라보고 있는지 고민을 해 봐야 됩니다. 저는 서비스 업을 하고 있기에 가장 많은 갈등이 생기는 부서가 바로 마케팅과 영업입니다. 마케팅에서는 무조건적으로 되는 방향으로 진행을 하려고 하고 영업에서는 장비를 너무 고객에게 혜택을 많이 주고 팔려고 합니다. 하지만 이렇게 물건을 팔아버리면 결국 맨 마지막에 기술 지원을 하는 서비스 팀에서는 고객들에게 모든 것을 다 감당해야 합니다. 그래서 그들에게 학을 해결하기 위한 가장 좋은 상황은 같이 현장을 방문하고 이 현장에서 업무가 끝날 때까지 같이 그들에게 책임감을 심어주는 겁니다. 그러면 내가 이 일을 끝내고 다른 팀에게 던지면 끝나는 것이 아니라 내가 끝나지 않으면 너도 끝나지 않고 너도 끝나지 않으면 나도 끝나지 않는 공동체의 인식을 심어줌으로써 다 자기 업무처럼 일을 하고 그래야 부서 간의 갈등이 조금씩 사라지게 됩니다.","wordCount":159},"emotion":[],"intent":[{"text":"그러면 내가 이 일을 끝내고 다른 팀에게 던지면 끝나는 것이 아니라 내가 끝나지 않으면 너도 끝나지 않고 너도 끝나지 않으면 나도 끝나지 않는 공동체의 인식을 심어줌으로써 다 자기 업무처럼 일을 하고 그래야   부서 간의 갈등이 조금씩 사라지게 됩니다.","expression":"c_confl_mg","category":"personality"}],"summary":{"text":"모든 업무를 함에 있어서 부서 이기주의 또는 개인 이기주의 또는 서로에 대한 이해력 부족으로 협업이 불가능한 상황 또는 갈등 상황이 발생할 수 있습니다. 이 때 가장 중요한 것은 그들과 공감대를 형성하고 그들은 어떤 입장에서 이 사업을 바라보고 있고 이 업무를 바라보고 있는지 고민을 해 봐야 됩니다.","wordCount":46}}},"rawDataInfo":{"question":{"fileFormat":"wav","fileSize":448078,"duration":14000,"samplingBit":16,"channelCount":1,"samplingRate":"16kHz","audioPath":"/Mock/03.PublicService/Male/Experienced/ckmk_q_ps_m_e_156520.wav"},"answer":{"fileFormat":"wav","fileSize":2735438,"duration":85480,"samplingBit":16,"channelCount":1,"samplingRate":"16kHz","audioPath":"/Mock/03.PublicService/Male/Experienced/ckmk_a_ps_m_e_156520.wav"}}}