{"version":"1.0","dataSet":{"info":{"date":"20230116","occupation":"PS","channel":"MOCK","place":"ONLINE","gender":"MALE","ageRange":"-34","experience":"EXPERIENCED"},"question":{"raw":{"text":"사람들과 협업하며 가장 어려웠던 점이 있다면 무엇이었는지 어떻게 극복했는지도 말씀해 주세요","wordCount":11},"emotion":[],"intent":[]},"answer":{"raw":{"text":"네 사람들과 협업하면서 어려웠던 점은 너무 의견이 다양하다 라는 점이었습니다. 그래서 이 부분을 어떻게 해결을 해야 될까 라고 고민을 하다가 한 가지 방법을 찾았습니다. 과거에 있는 데이터나 아니면 사례들을 가지고 와서 의견을 나누는 방법을 찾았는데 이 방법을 사용하면서 어 단순히 자신의 생각만 고집하는 게 아니라 이런 과거 사례들을 통해서 이야기를 하다 보니 어 좀 더 갈등이 줄어들었던 경험이 있습니다.","wordCount":59},"emotion":[],"intent":[{"text":"네 사람들과 협업하면서 어려웠던 점은 너무 의견이 다양하다 라는 점이었습니다.","expression":"c_cop","category":"personality"},{"text":"과거에 있는 데이터나 아니면 사례들을 가지고 와서 의견을 나누는 방법을 찾았는데   이 방법을 사용하면서 어 단순히 자신의 생각만 고집하는 게 아니라   이런 과거 사례들을 통해서 이야기를 하다 보니 어 좀 더 갈등이 줄어들었던 경험이 있습니다.","expression":"c_confl_mg","category":"personality"}],"summary":{"text":"협업할 때 의견이 너무 다양해서 해결방법을 찾았는데 과거의 데이터나 사례들을 가지고 의견을 나누는 방법을 사용하였더니 갈등이 줄어들었던 경험이 있습니다.","wordCount":19}}},"rawDataInfo":{"question":{"fileFormat":"wav","fileSize":294478,"duration":9200,"samplingBit":16,"channelCount":1,"samplingRate":"16kHz","audioPath":"/Mock/03.PublicService/Male/Experienced/ckmk_q_ps_m_e_193537.wav"},"answer":{"fileFormat":"wav","fileSize":1407118,"duration":43970,"samplingBit":16,"channelCount":1,"samplingRate":"16kHz","audioPath":"/Mock/03.PublicService/Male/Experienced/ckmk_a_ps_m_e_193537.wav"}}}