{"version":"1.0","dataSet":{"info":{"date":"20230116","occupation":"PS","channel":"MOCK","place":"ONLINE","gender":"MALE","ageRange":"35-44","experience":"EXPERIENCED"},"question":{"raw":{"text":"어 스트레스를 받는 것은 굉장히 불가피한데요 스트레스를 받게 되면 지원자님께서는 어 어떻게 대처를 하시나요 그리고 그러한 대처 방법의 이유는 무엇인가요","wordCount":20},"emotion":[],"intent":[]},"answer":{"raw":{"text":"어 스트레스 부분에 대해서 말씀 드리겠습니다. 일단 스트레스는 다 받을 거라 생각합니다. 모든 사람이 스트레스를 안고 가는데 그런 스트레스를 제때제때 해소를 못 해주면은 그게 쌓이게 되면 병이 되고 또 만병의 근원이라고 하는 스트레스라고 하는데 저 같은 경우는 이제 해소하는 방법으로는 운동으로 주로 해소하는 것 같습니다. 일단 운동은 뭐 테니스나 마라톤을 좋아하는데 그 두 가지 운동의 공통점은 땀을 굉장히 많이 흘릴 수 있다는 그런 공통점이 있습니다. 거기서 인제 땀을 흘려주게 되면은 어 아 샤워 한 번 해주면은 그 날에 있었던 스트레스나 뭐 고민 걱정들이 해소가 되면서 어 다음날에 또 달릴 수 있는 그런 리플래쉬 하는 자세가 만들어져서 저는 그렇게 해소를 많이 하는 편이고 그리고도 시간이 쫌 남을 때는 영화 시청이나 뭐 예능도 봐주고 또 주로 책을 가끔씩 자주는 안 뭐 읽지는 못하는데 이 독서를 하면서도 충분히 좀 이렇게 뭔가 리플래쉬 될 때가 많은 것 같습니다. 그 세 가지를 통틀어서 저는 많이 해소하고 있겠습니다. 이상입니다.","wordCount":143},"emotion":[],"intent":[{"text":"모든 사람이 스트레스를 안고 가는데   그런 스트레스를 제때제때 해소를 못 해주면은 그게 쌓이게 되면 병이 되고 또 만병의 근원이라고 하는 스트레스라고 하는데   저 같은 경우는 이제 해소하는 방법으로는 운동으로 주로 해소하는 것 같습니다.","expression":"p_str_coping","category":"technology"},{"text":"일단 운동은 뭐 테니스나 마라톤을 좋아하는데 그 두 가지 운동의 공통점은 땀을 굉장히 많이 흘릴 수 있다는   그런 공통점이 있습니다.","expression":"p_str_coping","category":"technology"},{"text":"거기서 인제 땀을 흘려주게 되면은 어 아 샤워 한 번 해주면은 그 날에 있었던 스트레스나 뭐 고민 걱정들이 해소가 되면서   어 다음날에 또 달릴 수 있는 그런 리플래쉬 하는 자세가 만들어져서 저는 그렇게 해소를 많이 하는 편이고   그리고도 시간이 쫌 남을 때는 영화 시청이나 뭐 예능도 봐주고 또 주로 책을 가끔씩   자주는 안 뭐 읽지는 못하는데 이 독서를 하면서도 충분히 좀 이렇게 뭔가 리플래쉬 될 때가 많은 것 같습니다.","expression":"p_str_coping","category":"technology"}],"summary":{"text":"스트레스는 다 받을 거라고 생각하는데 제때제때 해소를 못 해주면은 쌓이게 되면 병이 되고 만병의 근원이라고 하는 스트레스는 저 같은 경우는 운동으로 주로 해소하는 것 같습니다. 운동을 통해서 스트레스를 해소하면 다음날에 또 달릴 수 있는 리플래쉬 자세가 만들어져서 그렇게 해소를 많이 하는 편이습니다. 그 세 가지를 통틀어서 많이 해소하고 있겠습니다.","wordCount":49}}},"rawDataInfo":{"question":{"fileFormat":"wav","fileSize":425678,"duration":13300,"samplingBit":16,"channelCount":1,"samplingRate":"16kHz","audioPath":"/Mock/03.PublicService/Male/Experienced/ckmk_q_ps_m_e_196601.wav"},"answer":{"fileFormat":"wav","fileSize":2612558,"duration":81640,"samplingBit":16,"channelCount":1,"samplingRate":"16kHz","audioPath":"/Mock/03.PublicService/Male/Experienced/ckmk_a_ps_m_e_196601.wav"}}}