{"version":"1.0","dataSet":{"info":{"date":"20230116","occupation":"PS","channel":"MOCK","place":"ONLINE","gender":"MALE","ageRange":"35-44","experience":"EXPERIENCED"},"question":{"raw":{"text":"팀으로 일하는 것과 혼자 일하는 것 중 어떤 걸 더 선호하시나요 그 이유도 함께 말씀해 주세요","wordCount":16},"emotion":[],"intent":[]},"answer":{"raw":{"text":"팀으로 일하는 것이 훨씬 더 효과적이고 저한테 잘 맞습니다. 이유는 예전에 해외 속담에 이런 말이 있습니다. 혼자 가면 빠르게 갈 수 있으나 여럿이 가면 오 많이 갈 수 있다. 즉 무슨 얘기냐 하면 어떤 생산을 하는 자동차 회사에서 혼자서 자동차를 만들면 아무리 빨리 말라 많이 만들어도 열 대 밖에 못 만들지만 열 명이서 만들면 백 십 대를 만들 수 있다고 합니다. 그것은 바로 시너지이고 팀웍입니다. 팀웍을 위해서는 조직이 반드시 갖춰야 될 것이 바로 팀을 꾸려서 운영하는 것입니다. 가끔 혼자서 일하는 것을 원하는 분들은 혼자서 해야 되는 회계 업무라든가 아니면 혼자 가서 판매를 해야 되는 업무지 그 이외에 모두 프로젝트나 기술 지원 업무 같은 것들은 팀으로 일하는 것이 훨씬 더 많은 사람들에게 도움이 되고 조직에게도 도움이 됩니다. 특히 저도 혼자 일하다 보면 저 스스로 어려운 문제에 봉착했거나 난관에 부딪쳤을 때 해결해 나가는 방법에 많은 어려움을 겪지만 여러 명이서 함께 팀으로 움직이면 제가 모르는 것들을 그들이 먼저 찾아서 솔루션을 제거하 제공할 수 있고 저 또한 그 솔루션을 통해서 더 많은 성취를 이룰 수 있고 효율을 낼 수 있었고 실제로 그것이 더 효과적이라고 생각합니다.","wordCount":171},"emotion":[],"intent":[{"text":"즉 무슨 얘기냐 하면 어떤 생산을 하는 자동차 회사에서 혼자서 자동차를 만들면   아무리 빨리 말라 많이 만들어도 열 대 밖에 못 만들지만 열 명이서 만들면 백 십 대를 만들 수 있다고 합니다.","expression":"c_cop","category":"personality"},{"text":"팀웍을 위해서는 조직이 반드시 갖춰야 될 것이 바로 팀을 꾸려서 운영하는 것입니다.","expression":"c_cop","category":"personality"},{"text":"가끔 혼자서 일하는 것을 원하는 분들은 혼자서 해야 되는 회계 업무라든가 아니면 혼자 가서 판매를 해야 되는 업무지 그 이외에 모두 프로젝트나   기술 지원 업무 같은 것들은 팀으로 일하는 것이 훨씬 더 많은 사람들에게 도움이 되고 조직에게도 도움이 됩니다.","expression":"c_cop","category":"personality"},{"text":"특히 저도 혼자 일하다 보면 저 스스로 어려운 문제에 봉착했거나 난관에 부딪쳤을 때 해결해 나가는 방법에   많은 어려움을 겪지만 여러 명이서 함께 팀으로 움직이면 제가 모르는 것들을 그들이 먼저 찾아서   솔루션을 제거하 제공할 수 있고 저 또한 그 솔루션을 통해서 더 많은 성취를 이룰 수 있고 효율을 낼 수 있었고 실제로 그것이 더 효과적이라고 생각합니다.","expression":"c_cop","category":"personality"}],"summary":{"text":"팀워크는 혼자서는 빠르게 갈 수 있으나 여럿이 오면 많이 갈 수 있다 라는 말처럼, 팀워크를 위해서는 조직이 반드시 갖춰야 할 것이 팀을 꾸려서 운영하는 것입니다. 간혹 혼자서 해야 되는 회계 업무나 혼자 가서 판매를 해야 되는 업무 외의 프로젝트나 기술 지원 업무 등은 팀으로 일하는 것이 많은 사람들에게 도움이 되고 조직에도 도움을 줍니다.","wordCount":53}}},"rawDataInfo":{"question":{"fileFormat":"wav","fileSize":442318,"duration":13820,"samplingBit":16,"channelCount":1,"samplingRate":"16kHz","audioPath":"/Mock/03.PublicService/Male/Experienced/ckmk_q_ps_m_e_162518.wav"},"answer":{"fileFormat":"wav","fileSize":2644558,"duration":82640,"samplingBit":16,"channelCount":1,"samplingRate":"16kHz","audioPath":"/Mock/03.PublicService/Male/Experienced/ckmk_a_ps_m_e_162518.wav"}}}