{"version":"1.0","dataSet":{"info":{"date":"20230116","occupation":"PS","channel":"MOCK","place":"ONLINE","gender":"MALE","ageRange":"55-","experience":"EXPERIENCED"},"question":{"raw":{"text":"어 일을 하다가 만약에 이제 저희가 상사에게 부당하거나 어 어려운 지시를 받게 되는 상황이 생길 수도 있는데요 이런 상황에는 어 본인은 어떻게 대처를 하실 것인지 그리고 그렇게 대처를 하는 이유는 무엇인지 함께 말씀을 해 주시기를 바랍니다","wordCount":36},"emotion":[],"intent":[]},"answer":{"raw":{"text":"상사가 어려운 지시를 했더라도 회사를 위한 일이라면 기꺼이 하겠습니다. 물론 회사 일이 아닌 부당한 일을 시킨다거나 하였을 경우에는 물론 정중하게 거절도 하겠습니다. 이유는 상사가 회사를 위해서 어려운 지시를 하더라도 신싼 사원일 경우 그 지 지시를 극복하고 이겨내야만이 조직 내에서 더 성장할 수 있다고 생각하기 때문입니다.","wordCount":45},"emotion":[],"intent":[{"text":"","expression":"","category":"attitude"}],"summary":{"text":"회사 일이 아닌 부당한 일을 시킨다거나 하였을 경우에는 정중하게 거절 하겠습니다. 그 이유는 그 지시를 극복하고 이겨내야 한다고 생각하기 때문입니다.","wordCount":20}}},"rawDataInfo":{"question":{"fileFormat":"wav","fileSize":622158,"duration":19440,"samplingBit":16,"channelCount":1,"samplingRate":"16kHz","audioPath":"/Mock/03.PublicService/Male/Experienced/ckmk_q_ps_m_e_186253.wav"},"answer":{"fileFormat":"wav","fileSize":2127438,"duration":66480,"samplingBit":16,"channelCount":1,"samplingRate":"16kHz","audioPath":"/Mock/03.PublicService/Male/Experienced/ckmk_a_ps_m_e_186253.wav"}}}