{"version":"1.0","dataSet":{"info":{"date":"20230116","occupation":"PS","channel":"MOCK","place":"ONLINE","gender":"MALE","ageRange":"45-54","experience":"EXPERIENCED"},"question":{"raw":{"text":"고객을 응대하다 보면 스트레스를 받을 수 밖에 없는데요 그 스트레스를 해소하기 위한 본인만의 노하우가 있다면 한 번 설명해 주시겠습니까","wordCount":19},"emotion":[],"intent":[]},"answer":{"raw":{"text":"뭐 별다른 노하우가 있지는 않습니다. 뭐 다 비슷하겠지만 힘들고 지치고 스트레스 받으면 다 이렇게 스스로 쉬면서 자기가 좋아하는 라면 좋아하는 일을 하면서 그 스트레스를 푸는 것 같은데 저는 영화 보는 것을 되게 좋아합니다. 어 친구랑 이렇게 여럿이서 물려가서 보는 영화도 좋지만 저는 좀 휴식이 필요하고 이럴 때는 혼자서 영화를 봅니다. 영화도 뭐 주말 저녁이나 뭐 주말에 가서 영화를 보는 게 아니라 평일 낮에 사람이 가장 없을 시간에 영화를 가 영화를 제가 좋아하는 장르의 영화를 좋아하는 배우가 나오는 영화를 관람합니다. 어 그렇게 되면 더 영화에 집중할 수도 있고 영화를 보면서 저 스스로 쉬고 있다 라는 걸 느낍니다. 어 저는 좀 더 시간적 여유가 있다면 낚시를 합니다. 저는 어 유일하게 젊어서부터 지금까지 가 유지하고 있는 취미가 낚시인데 낚시를 가서 어 좌대에 들어가 가지고 어 해가 지고 껌껌할 때 낚싯대를 드리우고 그러면서 잔잔한 호수를 보면서 뭐 커피믹스 한 잔 뭐 라면 하나 끓여먹고 하는 것이 너무나 즐겁고 행복한 시간입니다. 저는 주로 제가 좋아하는 영화 감상이나 낚시를 하면서 스트레스를 해소하는 것 같습니다.","wordCount":158},"emotion":[],"intent":[{"text":"뭐 다 비슷하겠지만 힘들고 지치고 스트레스 받으면   다 이렇게 스스로 쉬면서 자기가 좋아하는 라면 좋아하는 일을 하면서 그 스트레스를 푸는 것 같은데 저는 영화 보는 것을 되게 좋아합니다.","expression":"p_str_coping","category":"technology"},{"text":"어 친구랑 이렇게 여럿이서 물려가서 보는 영화도 좋지만 저는 좀 휴식이 필요하고 이럴 때는   혼자서 영화를 봅니다.","expression":"p_str_coping","category":"technology"},{"text":"저는 주로   제가 좋아하는 영화 감상이나 낚시를 하면서 스트레스를 해소하는 것 같습니다.","expression":"p_str_coping","category":"technology"}],"summary":{"text":"취미로 낚시를 가면서 잔잔한 호수를 보면서 커피믹스 한 잔 히며 라면 하나 끓여먹는 것이 너무나 즐겁고 행복한 시간입니다. 저는 주로 제가 좋아하는 영화 감상이나 낚시를 하면서 스트레스를 해소하는 것 같습니다. 별다른 노하우가 있지는 않으나, 평일 낮에 사람이 가장 적을 시간에 영화를 관람하면서 스스로 쉬고 있다는 걸 느낍니다.","wordCount":47}}},"rawDataInfo":{"question":{"fileFormat":"wav","fileSize":379598,"duration":11860,"samplingBit":16,"channelCount":1,"samplingRate":"16kHz","audioPath":"/Mock/03.PublicService/Male/Experienced/ckmk_q_ps_m_e_109106.wav"},"answer":{"fileFormat":"wav","fileSize":2619598,"duration":81860,"samplingBit":16,"channelCount":1,"samplingRate":"16kHz","audioPath":"/Mock/03.PublicService/Male/Experienced/ckmk_a_ps_m_e_109106.wav"}}}