{"version":"1.0","dataSet":{"info":{"date":"20230116","occupation":"PS","channel":"MOCK","place":"ONLINE","gender":"MALE","ageRange":"35-44","experience":"EXPERIENCED"},"question":{"raw":{"text":"지원자께서는 서비스도 여러 가지가 있다고 생각하실 것입니다 그렇다면 공직자로서 서비스할 때 중요하다고 생각하는 것은 무엇이 있는지 말씀해 주십시오","wordCount":18},"emotion":[],"intent":[]},"answer":{"raw":{"text":"공직자들은 국민들에게 서비스를 제공할 때 가장 중요하게 생각하는 것이 형평성과 이익입니다. 이것은 회사나 영리를 목적으로 하는 조직이 아니기 때문에 국민의 권익 및 이익을 위해서 움직이고 모든 사람들에게 형평에 맞게끔 서비스를 제공해야 된다고 생각합니다. 예를 들어 우리가 꼭 필요한 국립 영유아 유치원이라든가 노인들을 위한 치매 데이 케어 실버 요양 센터들은 반드시 필요한 것입니다. 공직자로서 이런 것들의 이익을 따진다거나 효율성을 따지면 이것을 이용하는 국민들이나 서민층들은 많은 불안을 느낄 것입니다. 우리가 일반적인 기업들은 어떻게든 돈을 벌어서 기업의 생존을 따져야 되는 것이지만 공무원이나 공기업 공직자들은 당연히 돈이 아니라 국민의 이익을 위해서 대변해야 되고 국민의 이익이 되는 쪽으로 서비스를 제공하는 것이 맞다고 생각합니다.","wordCount":98},"emotion":[],"intent":[{"text":"","expression":"","category":"attitude"}],"summary":{"text":"공직자들은 회사나 영리를 목적으로 하는 조직이 아니기 때문에 국민의 권익 및 이익을 위해서 움직이고 모든 사람들에게 형평에 맞게끔 서비스를 제공해야 한다고 생각합니다. 공무원이나 공기업 공직자들은 당연히 돈이 아니라 국민의 이익을 위해서 대변해야 되고 국민의 이익이 되는 쪽으로 서비스를 제공해야합니다.","wordCount":39}}},"rawDataInfo":{"question":{"fileFormat":"wav","fileSize":480718,"duration":15020,"samplingBit":16,"channelCount":1,"samplingRate":"16kHz","audioPath":"/Mock/03.PublicService/Male/Experienced/ckmk_q_ps_m_e_183192.wav"},"answer":{"fileFormat":"wav","fileSize":1990478,"duration":62200,"samplingBit":16,"channelCount":1,"samplingRate":"16kHz","audioPath":"/Mock/03.PublicService/Male/Experienced/ckmk_a_ps_m_e_183192.wav"}}}