{"version":"1.0","dataSet":{"info":{"date":"20230116","occupation":"PS","channel":"MOCK","place":"ONLINE","gender":"MALE","ageRange":"35-44","experience":"EXPERIENCED"},"question":{"raw":{"text":"지원자님의 단점이 있다면 말씀해 주시고 이를 보완하기 위해 어떤 노력을 하셨는지 함께 자세하게 말씀해 주시길 바랍니다","wordCount":16},"emotion":[],"intent":[]},"answer":{"raw":{"text":"어 저의 이제 단점이라 하자면은 어 좀 여유를 가지면서 하는 스타일입니다. 그러다 보니까 저 외부적으로 봤을 때 많이 인제 조금 한가해 보인다던지 이런 여유를 갖는 모습들이 하는데 단점이 보인다고 생각합니다. 그런 얘기도 많이 좀 들었었고 그런데 제가 여유를 가졌던 그 이유 중의 하나는 어 시간 계획이나 계획성 있게 준비를 하다 보니까 여유를 가질 수 있었던 건데 그런 부분이 외부적으로 봤을 때는 어 좀 업무량이 적나 아니면 뭐 이렇게 열정이 없나 뭐 이렇게 보였었던 것 같습니다. 네 그런 부분에 있어서는 어 보완할 수 있는 방법이라고 하자면 저는 그런 마인드나 그런 자세를 버리고 싶지는 않고 그걸 유지하기 위해서는 어 뭐 부족한 부분이 없도록 하는 게 이제 제일 좋은 모습일 텐데 어 계획적으로 하기 때문에 이제 뭐 빵꾸 난다든지 뭐 놓치는 부분이 있다든지 뭐 그런 부분을 최소화시키고 어 좀 더 성과 있는 그런 업무 자세를 보여준다면 뭐 그런 거에 대한 것에서는 문제가 될 게 없을 것 같습니다. 그런 부분에 있어서 이제 장점으로 다가갈 수 있기 때문에 그런 것이 될 것 같습니다. 이상입니다.","wordCount":159},"emotion":[],"intent":[{"text":"어 저의 이제 단점이라 하자면은 어 좀 여유를 가지면서 하는 스타일입니다.","expression":"c_person","category":"background"}],"summary":{"text":"저는 시간 계획이나 계획성 있게 준비를 하다 보니 여유를 가질 수 있었던 건데 그런 부분에 있어서 보완할 수 있는 방법은 저는 그런 마인드를 버리고 싶지는 않고 부족한 부분이 없도록 하는 게 제일 좋은 모습일 것 같습니다. 계획적으로 하기 때문에 빵꾸 난다든지, 놓치는 부분이 있다든지 그런 부분을 최소화시킨다면 문제가 되지 않을 것이라고 생각합니다.","wordCount":52}}},"rawDataInfo":{"question":{"fileFormat":"wav","fileSize":602318,"duration":18820,"samplingBit":16,"channelCount":1,"samplingRate":"16kHz","audioPath":"/Mock/03.PublicService/Male/Experienced/ckmk_q_ps_m_e_191903.wav"},"answer":{"fileFormat":"wav","fileSize":2672718,"duration":83520,"samplingBit":16,"channelCount":1,"samplingRate":"16kHz","audioPath":"/Mock/03.PublicService/Male/Experienced/ckmk_a_ps_m_e_191903.wav"}}}