{"version":"1.0","dataSet":{"info":{"date":"20230116","occupation":"PS","channel":"MOCK","place":"ONLINE","gender":"MALE","ageRange":"45-54","experience":"EXPERIENCED"},"question":{"raw":{"text":"지금까지 본인의 위치보다 어려운 목표를 달성한 경험이 있나요 있다면 자세하게 설명해 주세요","wordCount":12},"emotion":[],"intent":[]},"answer":{"raw":{"text":"어 예전에 저는 어 팀원이 돼서 그 프로젝트를 진행했던 경험이 있습니다. 그때 팀원은 다섯 명이었고 어 부장님인 팀장이 계셨고 그 부 어 팀장인 과장님이 계셨고 저는 대리였습니다. 대리였고 어 저와 저와 같은 동료 한 명이 있었고 또 저보다 부하 직원인 사원으로 해서 총 다섯 명이서 프로젝트를 진행했던 적이 있습니다. 어 그 프로젝트는 약 한 삼 개월 동안 어 삼 개월 동안 그 완수해야 되는 프로그램이었는데 한참 한 이 개월 정도가 됐을 때 그 저 출장을 나갔다 돌아오시다가 부장님과 과장님이 한 번에 교통사고를 당한 적이 있습니다. 어 그래 가지고 두 분 다 병원 신세를 지게 됐고 더 이상 그 팀 프로젝트를 진행하는 데 같이 진행을 할 수 없었습니다. 총 다섯 명의 팀원 중 두 분이 부상을 당하는 바람에 그 더군다나 이 리더급으로 두 분이 없다 보니까 당시에 이것을 중지해야 될지 아니면 다른 부 팀에다 넘겨야 될지 아니면 다른 팀장급을 모셔 와야 될지 되게 고민을 많이 했었습니다. 그러다가 여태까지 한 거 제가 팀장이 돼가지고 뭐 하기 결정하기로 하고 나머지 팀원들과 협력해 가지고 프로젝트를 완수한 경험이 있습니다. 다행히 프로젝트는 잘 됐고 성과도 꽤 좋았습니다.","wordCount":171},"emotion":[],"intent":[{"text":"그러다가   여태까지 한 거 제가 팀장이 돼가지고 뭐 하기 결정하기로 하고 나머지 팀원들과 협력해 가지고   프로젝트를 완수한 경험이 있습니다.","expression":"c_cop","category":"personality"}],"summary":{"text":"팀원 다섯 명이서 프로젝트를 진행했던 경험이 있습니다. 어느 날 출장을 갔다가 부장님과 과장님이 교통사고를 당해 같이 진행을 할 수 없었습니다. 리더급으로 두 분이 없어서 이것을 중지할지, 다른 부 팀에다 넘겨야 할지, 다른 팀장급을 모셔 와야 할지 고민을 했습니다. 결국 나머지 팀원들과 협력해 프로젝트를 완수한 경험이 있고 성과도 꽤 좋았습니다.","wordCount":49}}},"rawDataInfo":{"question":{"fileFormat":"wav","fileSize":363278,"duration":11350,"samplingBit":16,"channelCount":1,"samplingRate":"16kHz","audioPath":"/Mock/03.PublicService/Male/Experienced/ckmk_q_ps_m_e_106130.wav"},"answer":{"fileFormat":"wav","fileSize":2914638,"duration":91080,"samplingBit":16,"channelCount":1,"samplingRate":"16kHz","audioPath":"/Mock/03.PublicService/Male/Experienced/ckmk_a_ps_m_e_106130.wav"}}}