{"version":"1.0","dataSet":{"info":{"date":"20230116","occupation":"PS","channel":"MOCK","place":"ONLINE","gender":"MALE","ageRange":"35-44","experience":"EXPERIENCED"},"question":{"raw":{"text":"어 왜 이 분야에 관심을 가지게 되었고 또 지원하게 되었는지요 어 그 관심을 가진 이유와 왜 지원하게 되었는지 그 동기도 함께 말씀해 주세요","wordCount":23},"emotion":[],"intent":[]},"answer":{"raw":{"text":"이십 일 세기 디지털 트랜스 포메이션의 시대로 완벽하게 도래되었습니다. 빅데이터 구글 바이두의 자율 주행 머신 러닝 딥 러닝은 이제 이 세상에서는 피할 수 없고 받아들여야 되는 새로운 문물이 되어 버렸습니다. 지금 현재 구글에 자율 주행차는 삼 점 오 단계를 들어서서 이 삼 년 안에 사 단계에서 오 단계 완벽한 자율 주행차가 나온다고 합니다. 그렇기 때문에 저는 이런 빅데이터와 자율 주행 구글의 딥 러닝에 대해서 지속적으로 공부를 하고 있습니다. 제가 처음 칠 년 전 이세돌이라는 천재 바둑 기사와 알파고가 바둑을 두는 걸 보고 당연히 알파고가 질 거라고 생각했지만 그때 알파고의 치명적인 실수로 인하여 이 세돌 구 단이 한 경기를 이기고 나머지를 모조리 불계패를 당했습니다. 그 후에 중국의 커제라는 바둑 천재도 한 번도 이기지 못했고 지금의 알파고 할아버지와 어떤 누가 바둑을 둬도 절대 이길 수 없다고 합니다. 즉 다시 말해서 이제는 빅데이터와 머신 러닝 및 딥 러닝을 통한 새로운 세상이 열렸고 그 새로운 세상에 대한 트렌드를 반드시 공부해야 됩니다. 저는 이 공부를 지속적으로 강의를 통해서 많이 들었고 동아리를 통해서 계속 공부했기 때문에 이 지 이 분야에 지원하게 되었습니다.","wordCount":166},"emotion":[],"intent":[{"text":"저는 이 공부를 지속적으로 강의를 통해서 많이 들었고 동아리를 통해서 계속 공부했기 때문에 이 지 이 분야에 지원하게 되었습니다.","expression":"c_sincere_job","category":"etc"}],"summary":{"text":"빅데이터 구글 바이두의 자율 주행 머신 러닝 딥 러닝은 디지털 트랜스 포메이션의 시대에서 피할 수 없는 새로운 문물이 되었고 지금 현재 구글에 자율 주행차는 삼 점 오 단계를 들어서서 이 삼 년 안에 사 단계에서 오 단계 완벽한 자율 주행차가 나온다고 합니다.","wordCount":42}}},"rawDataInfo":{"question":{"fileFormat":"wav","fileSize":445518,"duration":13920,"samplingBit":16,"channelCount":1,"samplingRate":"16kHz","audioPath":"/Mock/03.PublicService/Male/Experienced/ckmk_q_ps_m_e_177462.wav"},"answer":{"fileFormat":"wav","fileSize":2757518,"duration":86170,"samplingBit":16,"channelCount":1,"samplingRate":"16kHz","audioPath":"/Mock/03.PublicService/Male/Experienced/ckmk_a_ps_m_e_177462.wav"}}}