{"version":"1.0","dataSet":{"info":{"date":"20230116","occupation":"PS","channel":"MOCK","place":"ONLINE","gender":"MALE","ageRange":"35-44","experience":"EXPERIENCED"},"question":{"raw":{"text":"어 다른 사람이 생각하는 지원자님의 장점과 단점은 어떤 것이라고 생각하시나요 그리고 그것이라고 생각하시는 이유도 함께 말씀해 주세요","wordCount":17},"emotion":[],"intent":[]},"answer":{"raw":{"text":"주변 사람들이 생각하는 저의 장단점에 대해서 한 번 생각해 봤는데 그 부분에서 답변 드리겠습니다. 일단 장점과 단점이 동일할 것이라고 생각합니다. 저는 일단 업무에 대해서 좀 시간 관리를 잘 한다고 생각합니다. 오늘 할 일과 내일 할 일 일주일 뒤 한 달 뒤 분기 반기에 계획을 미리 좀 선정을 해 놓는 스타일입니다. 그러다보니 메모하는 게 좀 습관이 돼 있고 하다보니 오늘 급한 일은 우선 우선적으로 하는 우선 순위를 매겨주고 그렇게 하다보면 시간 관리가 되는 것 같습니다. 그렇게 하는 화두에는 제가 좀 여유를 갖고 업무를 좀 접근하는 스타일을 하다 보니 이 부분에 대해서 장점으로 봐주는 사람도 있을 것이고 저 친구는 좀 한가해 보인다 하면서 약간 좀 단점으로 보는 경우도 있는 것 같습니다. 그 부분에 있어서는 이 단점으로 느끼지 않게끔 업무에 대해서 빵꾸가 날 거 거나 성과가 없거나 이러면 정말 단점이 되는 건데 오히려 더 성과가 있고 더 효과적인 일들을 하고 업무적으로도 인정을 받게 된다면 그 부분의 단점에서 또 장점이 될 수 있다고 생각합니다. 이상입니다.","wordCount":151},"emotion":[],"intent":[{"text":"","expression":"","category":"attitude"}],"summary":{"text":"주변 사람들이 생각하는 저의 장점과 단점을 비교해보았는데, 전자는 오늘 할 일과 내일 할 일 일주일 뒤 한 달 뒤 분기 반기에 계획을 미리 선정해 놓습니다. 그래서 오늘 급한 일은 우선 우선 순위를 매겨두고 시간 관리를 합니다. 후자는 좀 한가해 보인다 하면서 단점으로 보기도 하는데, 오히려 더 성과가 있고 효과적인 일들을 하고 업무적으로도 인정을 받는다면 장점이 될 수 있다고 생각합니다.","wordCount":59}}},"rawDataInfo":{"question":{"fileFormat":"wav","fileSize":489038,"duration":15280,"samplingBit":16,"channelCount":1,"samplingRate":"16kHz","audioPath":"/Mock/03.PublicService/Male/Experienced/ckmk_q_ps_m_e_215302.wav"},"answer":{"fileFormat":"wav","fileSize":2693838,"duration":84180,"samplingBit":16,"channelCount":1,"samplingRate":"16kHz","audioPath":"/Mock/03.PublicService/Male/Experienced/ckmk_a_ps_m_e_215302.wav"}}}