{"version":"1.0","dataSet":{"info":{"date":"20230116","occupation":"PS","channel":"MOCK","place":"ONLINE","gender":"MALE","ageRange":"35-44","experience":"EXPERIENCED"},"question":{"raw":{"text":"흥분한 채 억지 부리는 고객 혹은 민원인이 있다면 지원자님께서는 그런 상황에 어떻게 대처하실 건지 말씀해 주세요","wordCount":16},"emotion":[],"intent":[]},"answer":{"raw":{"text":"음 고객 컴플레인이 들어오는 고객들에 대해서는 한 세 가지 종류가 있는데 그 중에 정말 흥분한 채 일단 화를 내기 위한 그런 고객이 있을 것이고 아니면 나는 이렇게 돼서 피해를 받았는데 이런 만큼의 보상을 원하는 고객이 있을 것이고 되게 점잖고 차분한 고 그 컴플레인 고객이 있을 겁니다. 그중에 하나 이제 흥분한 채 계속 억지를 부리는 고객이 있다면 그 부분에 대해서는 정말 힘든 부분일 겁니다. 제일 대처하기 어려운 부분이고 그 분들도 하나의 우리 고객이 될 수 있습니다. 그분들을 똑같이 흥분한 채 대응한다면은 어 분명히 설득이 되지 않을 것이고 또 그런 부분에 있어서 또 우리 회사의 이미지가 안 좋아질 수 있습니다. 또 하나의 고객이라고 생각하고 대처를 해야 할 것 같은데 그런 부분에 있어서는 그 고객이 무엇을 원하는지 왜 이렇게 흥분을 했는지에 대해서 일단 빨리 캐치를 하고 우리가 조금의 최소한의 손해를 입고 보상 절차를 이루어진다면 그런 고객 또 다시 차분해질 수 있을 겁니다. 그런 부분에 있어서는 조금 내줄 건 내주고 받을 수 있는 거는 받아야 하는 상황이 온다면 저 같으면 그렇게 대처할 것 같습니다. 이상입니다.","wordCount":161},"emotion":[],"intent":[{"text":"음 고객 컴플레인이 들어오는 고객들에 대해서는 한 세 가지 종류가 있는데   그 중에 정말 흥분한 채 일단 화를 내기 위한 그런 고객이 있을 것이고 아니면 나는 이렇게 돼서 피해를 받았는데 이런 만큼의 보상을 원하는 고객이 있을 것이고   되게 점잖고 차분한 고 그 컴플레인 고객이 있을 겁니다.","expression":"p_voc","category":"technology"},{"text":"그분들을 똑같이 흥분한 채 대응한다면은   어 분명히 설득이 되지 않을 것이고 또 그런 부분에 있어서 또 우리 회사의 이미지가 안 좋아질 수 있습니다.","expression":"p_voc","category":"technology"},{"text":"또 하나의 고객이라고 생각하고 대처를 해야 할 것 같은데 그런 부분에 있어서는 그 고객이 무엇을 원하는지   왜 이렇게 흥분을 했는지에 대해서 일단 빨리 캐치를 하고 우리가 조금의 최소한의 손해를 입고 보상 절차를 이루어진다면 그런 고객 또 다시 차분해질 수 있을 겁니다.","expression":"p_voc","category":"technology"}],"summary":{"text":"고객 컴플레인이 들어오는 고객들 중 흥분한 채 계속 억지를 부리는 고객이 있다면 대처하기 어려울 것입니다. 그 분들도 하나의 우리 고객이 될 수 있으므로 어떤 고객이 무엇을 원하는지 왜 이렇게 흥분을 했는지에 대해서 빨리 캐치하고 최소한 손해를 입고 보상 절차를 이루어진다면 차분해질 수 있을 것입니다.","wordCount":44}}},"rawDataInfo":{"question":{"fileFormat":"wav","fileSize":583118,"duration":18220,"samplingBit":16,"channelCount":1,"samplingRate":"16kHz","audioPath":"/Mock/03.PublicService/Male/Experienced/ckmk_q_ps_m_e_191909.wav"},"answer":{"fileFormat":"wav","fileSize":2649998,"duration":82810,"samplingBit":16,"channelCount":1,"samplingRate":"16kHz","audioPath":"/Mock/03.PublicService/Male/Experienced/ckmk_a_ps_m_e_191909.wav"}}}