{"version":"1.0","dataSet":{"info":{"date":"20230116","occupation":"PS","channel":"MOCK","place":"ONLINE","gender":"MALE","ageRange":"-34","experience":"EXPERIENCED"},"question":{"raw":{"text":"지금까지 인생을 살면서 가장 후회되는 일이 있다면 어떤 일인가요 한 가지만 말씀 부탁드립니다","wordCount":13},"emotion":[],"intent":[]},"answer":{"raw":{"text":"그런데 지금까지 인생을 살면서 어 책을 어릴 때부터 읽지 않았다는 게 가장 후회됐던 것 같습니다. 지금은 제가 책을 정말 많이 읽는데 어릴 때부터 책을 많이 읽는 습관을 가졌었다면 더 많은 어 지식이나 그리고 말을 함에 있어서도 언어 능력도 좋았을 거라고 생각을 하는데 이 부분이 조금 후회가 되는 것 같습니다. 그래도 단순히 후회만 하는 것이 아니고 이런 과거를 좀 더 좋은 미래로 바꾸기 위해서 지금이라도 책을 굉장히 많이 읽고 있습니다. 그 서점을 가거나 아니면 카페에 가서 책을 읽는다거나 하는 습관을 가져서 과거를 쫌 더 바꿀 수 있는 그리고 미래가 좀 더 밝아지는 인재가 되기 위해 항상 노력하고 있습니다.","wordCount":97},"emotion":[],"intent":[{"text":"","expression":"","category":"attitude"}],"summary":{"text":"어릴 적부터 책을 읽지 않았다면 더 많은 지식이나 언어 능력이 좋았을텐데 하는 아쉬움이 들지만, 지금이라도 서점이나 카페를 통해 책을 읽는 습관을 가져서 미래를 좀 더 밝아지는 인재가 되려고 노력하고 있습니다.","wordCount":30}}},"rawDataInfo":{"question":{"fileFormat":"wav","fileSize":300878,"duration":9400,"samplingBit":16,"channelCount":1,"samplingRate":"16kHz","audioPath":"/Mock/03.PublicService/Male/Experienced/ckmk_q_ps_m_e_193535.wav"},"answer":{"fileFormat":"wav","fileSize":2051918,"duration":64120,"samplingBit":16,"channelCount":1,"samplingRate":"16kHz","audioPath":"/Mock/03.PublicService/Male/Experienced/ckmk_a_ps_m_e_193535.wav"}}}