{"version":"1.0","dataSet":{"info":{"date":"20230116","occupation":"PS","channel":"MOCK","place":"ONLINE","gender":"MALE","ageRange":"35-44","experience":"EXPERIENCED"},"question":{"raw":{"text":"동물 실험이 인간에게 주는 이익에 관하여 말씀해 주시겠습니까 동물 실험에 관한 지원자님의 생각도 말씀해 주세요","wordCount":15},"emotion":[],"intent":[]},"answer":{"raw":{"text":"네 동물 실험이 인간에게 주는 이 또는 그런 것들에 대해서 찬반이 많이 이루어지는데 그 부분에 대해서 답변 드리도록 하겠습니다. 일단 동물 실험은 인간이 인간으로 할 수 있는 실험을 대체해 주는 역할이라고 생각합니다. 그래서 꼭 필요한 부분이고 인류에 대한 발전에 있어서 큰 도움이 되는 것도 알고 있습니다. 네 그 부분에 대해서 항상 동물 실험에 대해서는 필요하다고 생각하는 입장이고 어 조그마한 희생을 통한 더 큰 발전이라 생각하는 부분도 분명히 있는 것 같습니다. 그렇게 했을 때 인간 동물들이 어 뭐 암이라든지 의학적으로라든지 뭐 여러 가지 면에서 실험 대상이 돼서 좋은 성과를 내고 그 성과를 이용해서 인류가 좀 더 발전이 되고 도움이 된다고 하면 다면은 최소한의 동물 실험을 갖춰서 진행해야 한다고 생각합니다. 이게 학살이나 좀 큰 피해를 입힌다기보다는 최소한의 희생을 통한 성과를 극대화시킨다면은 저는 꼭 필요한 역할이라고 생각하고 있습니다. 이상입니다.","wordCount":126},"emotion":[],"intent":[{"text":"","expression":"","category":"attitude"}],"summary":{"text":"동물실험은 인간이 인간으로 할 수 있는 실험을 대체해 주는 역할이라고 생각합니다. 인류에 대한 발전에 있어서 큰 도움이 되기에 최소한의 희생을 통한 성과를 극대화 시키기 위해 최소한의 동물 실험을 갖춰 진행해야 한다고 생각합니다. 이상입니다.","wordCount":33}}},"rawDataInfo":{"question":{"fileFormat":"wav","fileSize":385358,"duration":12040,"samplingBit":16,"channelCount":1,"samplingRate":"16kHz","audioPath":"/Mock/03.PublicService/Male/Experienced/ckmk_q_ps_m_e_214755.wav"},"answer":{"fileFormat":"wav","fileSize":2639438,"duration":82480,"samplingBit":16,"channelCount":1,"samplingRate":"16kHz","audioPath":"/Mock/03.PublicService/Male/Experienced/ckmk_a_ps_m_e_214755.wav"}}}