{"version":"1.0","dataSet":{"info":{"date":"20230116","occupation":"PS","channel":"MOCK","place":"ONLINE","gender":"MALE","ageRange":"55-","experience":"EXPERIENCED"},"question":{"raw":{"text":"팀원과의 갈등을 겪은 경험이 있으신가요 있으시다면 그 당시 해결 방법과 그렇게 해결하신 이유를 함께 말씀해 주세요","wordCount":16},"emotion":[],"intent":[]},"answer":{"raw":{"text":"불화요 불화 이런 걸 되게 많이 물어보시네요 안 좋은 쪽으로 좋은 쪽이 생길 수도 있을 텐데. 불화요 음 저는 그냥 우선 같이 식사를 할 거 같애요. 밥 먹으면서 얘기도 나누고 또 그 다음에 차 마시면서 얘기도 나누고 그래도 안 될라나요. 그래도 같이 일을 하는 직원끼린데 그렇게까지 사이가 갈라질 일이 있을까요. 이건 제가 잘 모르겠네요 뭔지. 해결 방법 뭐 그러면 글쎄요 이거는 제가 그냥 나이가 있으니 뭐 조금이라도 더 산 사람답게 먼저 손 내밀고 사과를 하면 사 해야 되면 사과를 하고 뭐 어떻게 뭐 뭐 어떻게 해야 될까요 뭐 한 번 크게 포옹을 해야 되면 포옹을 하면서 좀 화해 제스처를 먼저 시도를 하지 않을까 싶은 생각이 지금 듭니다. 네 그렇게 해야 될 것 같애요.","wordCount":113},"emotion":[],"intent":[{"text":"해결 방법 뭐 그러면 글쎄요   이거는 제가 그냥 나이가 있으니 뭐 조금이라도 더 산 사람답게   먼저 손 내밀고 사과를 하면 사 해야 되면 사과를 하고   뭐 어떻게 뭐 뭐 어떻게 해야 될까요 뭐 한 번 크게 포옹을 해야 되면 포옹을 하면서 좀   화해 제스처를 먼저 시도를 하지 않을까 싶은 생각이   지금 듭니다.","expression":"c_confl_mg","category":"personality"}],"summary":{"text":"불화에 대한 해결방법을 질문하셨는데 어떤 것이 있는지 잘 모르겠습니다. 사과를 하면 사과를 하고, 포옹을 해야 되면 포옹을 하면서 화해 제스처를 먼저 시도해야 될 것 같습니다.","wordCount":25}}},"rawDataInfo":{"question":{"fileFormat":"wav","fileSize":358478,"duration":11200,"samplingBit":16,"channelCount":1,"samplingRate":"16kHz","audioPath":"/Mock/03.PublicService/Male/Experienced/ckmk_q_ps_m_e_179657.wav"},"answer":{"fileFormat":"wav","fileSize":2916558,"duration":91140,"samplingBit":16,"channelCount":1,"samplingRate":"16kHz","audioPath":"/Mock/03.PublicService/Male/Experienced/ckmk_a_ps_m_e_179657.wav"}}}