{"version":"1.0","dataSet":{"info":{"date":"20230116","occupation":"PS","channel":"MOCK","place":"ONLINE","gender":"MALE","ageRange":"-34","experience":"EXPERIENCED"},"question":{"raw":{"text":"나이가 많으신 분들을 상대해야 하는데 그런 경험이 있습니까","wordCount":8},"emotion":[],"intent":[]},"answer":{"raw":{"text":"네 저는 군대에서 장교로 근무하면서 저보다 나이가 많으신 부사관들 즉 저보다 계급이 낮은 분들과도 이 일을 해 봤고 저보다 계급도 높고 나이도 많으신 분들과도 일을 해 봤습니다. 이런 다양한 분들과 일을 해 봤던 경험이 있기 때문에 회사에 취업을 해서 일을 할 때도 나이가 많으신 분들과 일을 하는 게 어렵지 않다고 생각합니다. 군대에서는 특히 예절을 굉장히 중요시하는데 사회에서도 똑같다고 생각을 합니다. 그래서 나이가 많으신 분들을 상대하면서 일을 하는 게 어떻게 보면 제일 최적화되어 있는 인재 라고 생각을 합니다.","wordCount":77},"emotion":[],"intent":[{"text":"네 저는 군대에서 장교로 근무하면서 저보다 나이가 많으신   부사관들 즉 저보다 계급이 낮은 분들과도 이 일을 해 봤고   저보다 계급도 높고 나이도 많으신 분들과도 일을 해 봤습니다.","expression":"c_private","category":"background"}],"summary":{"text":"저는 군대에서 장교로 근무하면서 계급이 낮은 분들과도 일을 해 봤고, 계급도 높고 나이가 많으신 분들도 많이 만나면서 일을 해왔기 때문에 회사에서도 나이가 많은 분들을 상대하는 일은 어렵지 않다고 생각합니다.","wordCount":29}}},"rawDataInfo":{"question":{"fileFormat":"wav","fileSize":227918,"duration":7120,"samplingBit":16,"channelCount":1,"samplingRate":"16kHz","audioPath":"/Mock/03.PublicService/Male/Experienced/ckmk_q_ps_m_e_193540.wav"},"answer":{"fileFormat":"wav","fileSize":1939918,"duration":60620,"samplingBit":16,"channelCount":1,"samplingRate":"16kHz","audioPath":"/Mock/03.PublicService/Male/Experienced/ckmk_a_ps_m_e_193540.wav"}}}