{"version":"1.0","dataSet":{"info":{"date":"20230116","occupation":"PS","channel":"MOCK","place":"ONLINE","gender":"MALE","ageRange":"35-44","experience":"EXPERIENCED"},"question":{"raw":{"text":"지금 우리 건물에 화재가 발생했습니다 이때 가장 먼저 해야 할 일은 무엇일까요","wordCount":12},"emotion":[],"intent":[]},"answer":{"raw":{"text":"건물의 화재가 발생하면 제일 먼저 화재의 발생 장소를 파악하고 불이야 라고 외칩니다. 그리고 화재 발생 경보기를 누르고 엘리베이터를 타지 말 것을 적극적으로 알립니다. 그리고 엘리베이터를 타고 있으신 분들은 빨리 내려서 계단을 통해서 올라 가시거나 아니면 내려 가셔서 출입구로 빠져나가라고 할 것입니다. 그리고 혹시 라도 연기에 질식한 사람이 있을지도 모르니 불이야 라고 지속적으로 외치면서 발화된 지점을 찾아가서 소화기로 빨리 불을 진압하거나 빨리 소화기로 진압할 수 없을 정도의 불이 번졌다면 소화전에 소방 호수를 연결하여 불이 난 곳에 지속적으로 물을 뿌리고 일일구에 신고를 해 달라고 할 것입니다. 게다가 방독면 마스크나 가스를 막을 수 있는 겨 마스크를 착용을 하고 많은 사람들에게 마스크를 제공하고 나눠줄 것입니다.","wordCount":101},"emotion":[],"intent":[{"text":"","expression":"","category":"attitude"}],"summary":{"text":"건물 화재 발생 시 화재 발생 장소 파악, 경보기 누른 채 엘리베이터 타지 말 것, 엘리베이터 타신분들은 계단으로 올라 가거나 출입구로 빠져나가라고 할 것입니다. 또한 소화기로 진압 불가한 불에 물을 뿌리고 일일구에 신고를 할 것이고, 방독면과 겨 마스크를 착용 후 제공할 것입니다.","wordCount":42}}},"rawDataInfo":{"question":{"fileFormat":"wav","fileSize":307278,"duration":9600,"samplingBit":16,"channelCount":1,"samplingRate":"16kHz","audioPath":"/Mock/03.PublicService/Male/Experienced/ckmk_q_ps_m_e_166978.wav"},"answer":{"fileFormat":"wav","fileSize":1846478,"duration":57700,"samplingBit":16,"channelCount":1,"samplingRate":"16kHz","audioPath":"/Mock/03.PublicService/Male/Experienced/ckmk_a_ps_m_e_166978.wav"}}}