{"version":"1.0","dataSet":{"info":{"date":"20230116","occupation":"PS","channel":"MOCK","place":"ONLINE","gender":"MALE","ageRange":"-34","experience":"EXPERIENCED"},"question":{"raw":{"text":"다른 지원자들에 비해 경쟁력을 가진 면접자님만의 차별성 혹은 장점을 어필한다면 어떤 것이 있으실까요","wordCount":13},"emotion":[],"intent":[]},"answer":{"raw":{"text":"네 저는 다양한 경험을 해 본 것이 저의 장점이라고 생각합니다. 대학 시절에 일 년 간 유학 생활도 해봤고 군대에서 장교로 근무도 해봤고 보험 회사에서 영업직으로도 일을 해 본 경험들이 있습니다. 이런 경험들이 회사에서 업무를 함에 있어서도 장점으로 작용할 것이라고 생각합니다. 이 회사의 분위기를 좋게 만들고 다양한 사람들과 대인 관계도 좋게 유지를 하고 창의적인 아이디어 들도 어 낼 수 있는 이런 부분에서 제가 다양한 경험을 했다는 게 큰 장점으로 작용할 것이라고 생각합니다.","wordCount":71},"emotion":[],"intent":[{"text":"대학 시절에 일 년 간 유학 생활도 해봤고 군대에서 장교로 근무도 해봤고   보험 회사에서 영업직으로도 일을 해 본 경험들이 있습니다.","expression":"c_private","category":"background"},{"text":"이 회사의 분위기를 좋게 만들고 다양한 사람들과 대인 관계도 좋게   유지를 하고 창의적인 아이디어 들도 어 낼 수 있는 이런 부분에서   제가 다양한 경험을 했다는 게 큰 장점으로 작용할 것이라고 생각합니다.","expression":"c_sincere_co","category":"etc"}],"summary":{"text":"저는 다양한 경험을 해 본 것이 장점이라고 생각합니다. 회사 분위기를 좋게 만들고 다양한 사람들과 대인 관계도 좋게 유지하고 창의적인 아이디어 들도 낼 수 있는 부분이 장점이라 생각합니다.","wordCount":27}}},"rawDataInfo":{"question":{"fileFormat":"wav","fileSize":446798,"duration":13960,"samplingBit":16,"channelCount":1,"samplingRate":"16kHz","audioPath":"/Mock/03.PublicService/Male/Experienced/ckmk_q_ps_m_e_193541.wav"},"answer":{"fileFormat":"wav","fileSize":1733518,"duration":54170,"samplingBit":16,"channelCount":1,"samplingRate":"16kHz","audioPath":"/Mock/03.PublicService/Male/Experienced/ckmk_a_ps_m_e_193541.wav"}}}