{"version":"1.0","dataSet":{"info":{"date":"20230116","occupation":"PS","channel":"MOCK","place":"ONLINE","gender":"MALE","ageRange":"35-44","experience":"EXPERIENCED"},"question":{"raw":{"text":"자신이 생각하는 이상적인 사회는 어떤 것이 있는지 알려주세요","wordCount":8},"emotion":[],"intent":[]},"answer":{"raw":{"text":"어 제가 생각하는 이상적인 사회의 모습은 서로 윈윈하는 그런 회사 사회가 될 것 같습니다. 어 서로 물고 헐뜯고 할 퀴는 그런 사회가 아닌 서로 존중해 주고 존경해 주고 그 부분에 대해서 인정해 주는 그런 사회가 되었으면 좋겠습니다. 그지만 현재 인제 우리나라가 굉장히 빠른 속도로 발전해 왔는데 지금은 모든 성장 속도가 다 더디고 있다고 생각합니다. 그런 사회에서 더 이상 뭐 발전이나 이런 요구보다는 뭔가 좀 서로 어울려 가는 아니면 서로에게 도움이 돼가는 서로 어 그런 치안이 잘 갖춰져 있는 그런 이상 그런 사회가 어 모두가 원하는 이상적인 사회이지 않을까 라는 걸 생각해 보고 또 이제 코로나 시대를 접고 하다 보니 이제 힘든 사람이 많아진 것 같습니다. 뭐 복지라든지 뭐 이런 부분에서도 사각지대에서 도움을 못 받고 있는 그런 시민들이 있을 것입니다. 그런 시민들을 위한 그런 사회 정책 보상 제도라든지 이런 것들이 잘 갖춰지면은 우리가 지금 대한민국에 살고 있는 거에 대해서 되게 감사하게 생각하면서 살 수 있지 않을까 생각해 보았습니다. 이상입니다.","wordCount":148},"emotion":[],"intent":[{"text":"","expression":"","category":"attitude"}],"summary":{"text":"제가 생각하는 이상적인 사회는 서로 존중하고 존경하는 회사 사회가 되었으면 좋겠습니다. 그래야 모두가 원하는 이상적인 사회가 될 것 같습니다. 그리고 복지의 사각지대에 있는 시민들을 위한 사회 정책 보상 제도 등이 잘 갖춰지면은 우리가 지금 대한민국에 살고 있는 거에 대해 감사하게 생각하면서 살 수 있지 않을까 생각합니다.","wordCount":46}}},"rawDataInfo":{"question":{"fileFormat":"wav","fileSize":242638,"duration":7580,"samplingBit":16,"channelCount":1,"samplingRate":"16kHz","audioPath":"/Mock/03.PublicService/Male/Experienced/ckmk_q_ps_m_e_147282.wav"},"answer":{"fileFormat":"wav","fileSize":2700878,"duration":84400,"samplingBit":16,"channelCount":1,"samplingRate":"16kHz","audioPath":"/Mock/03.PublicService/Male/Experienced/ckmk_a_ps_m_e_147282.wav"}}}