{"version":"1.0","dataSet":{"info":{"date":"20230116","occupation":"PS","channel":"MOCK","place":"ONLINE","gender":"MALE","ageRange":"35-44","experience":"EXPERIENCED"},"question":{"raw":{"text":"어 무언가를 달성하기 위해서 목표를 세우고 이 년에서 삼 년 동안 열심히 노력해서 목표를 달성하신 경험이 있나요 있으시다면 어떤 목표이신지 말씀해 주시길 바랍니다","wordCount":23},"emotion":[],"intent":[]},"answer":{"raw":{"text":"네 무언가를 달성하기 위해서 목표를 세우고 한 이 에서 삼 년간 노력해서 달성한 경험들이 다들 있었을 겁니다. 있을 거고 또 꼭 필요한 과제입니다. 사람이 목표를 설정한다는 것에 대해서는 꼭 필요한 과정 중의 하나이고 그걸 달성하기 위해서 삼 년 간의 시간을 쏟아붓는다는 것은 엄청난 끈기와 노력이 없으면 힘들 거라고 생각합니다. 그래서 이렇게 달성한 뭐 경험이라고 하자면은 뭐 취업을 위해서 이 년 정도 또 어 공부를 했었던 그런 기억도 있고 또 군 생활을 해서 했을 때는 진급을 하기 위한 이 삼 년 간의 그 여러 가지 체력 뭐 여러 가지 면 면에서 노력했던 기업들이 떠오르는 것 같습니다. 그래서 꾸준히 노력하고 그 목표를 향해서 달려간다면 솔직히 못 해낼 일은 없다고 생각합니다. 그런 부분에 있어서 하지만 그렇게 정말 꾸준히 노력을 한다는 것은 어려운 일이고 또 이루기도 쉽지 않은 일입니다. 그런 부분에 있어서는 끈기와 노력이 가장 중요하고 또 한 가지의 목표만을 위한 그런 끈기가 중요할 것 같습니다. 이상입니다.","wordCount":143},"emotion":[],"intent":[{"text":"","expression":"","category":"attitude"}],"summary":{"text":"목표 설정과 그것을 달성하기 위해서 삼 년 간의 시간을 쏟아붓는다는 것은 엄청난 끈기와 노력이 없으면 힘들다고 생각합니다. 꾸준히 노력하고 그 목표를 향해 달려간다면 솔직히 못 해낼 일은 없다고 생각되지만, 꾸준히 노력을 한다는 것은 어려운 일이고 이루기도 쉽지 않은 일입니다. 그런 부분에 있어서는 끈기가 가장 중요하고 또 한 가지의 목표만을 위한 그런 끈기가 중요할 것 같습니다.","wordCount":55}}},"rawDataInfo":{"question":{"fileFormat":"wav","fileSize":590798,"duration":18460,"samplingBit":16,"channelCount":1,"samplingRate":"16kHz","audioPath":"/Mock/03.PublicService/Male/Experienced/ckmk_q_ps_m_e_215299.wav"},"answer":{"fileFormat":"wav","fileSize":2675918,"duration":83620,"samplingBit":16,"channelCount":1,"samplingRate":"16kHz","audioPath":"/Mock/03.PublicService/Male/Experienced/ckmk_a_ps_m_e_215299.wav"}}}