{"version":"1.0","dataSet":{"info":{"date":"20230116","occupation":"PS","channel":"MOCK","place":"ONLINE","gender":"MALE","ageRange":"55-","experience":"EXPERIENCED"},"question":{"raw":{"text":"지원자분께 질문 하나 하겠습니다 윤리 경영을 위해서 조직이나 회사 차원에서 해야 할 일은 무엇이라고 생각하시는지 아시는 대로 말씀해 주십시오","wordCount":19},"emotion":[],"intent":[]},"answer":{"raw":{"text":"과거에는 회사가 이익만을 추구하기 때문에 그 과정에서 원하든 원치 않든 회사의 덩치만 키우기 위해서 고속 성장 가운데 주변 특히 직원들 또는 사회에 대해서 별로 신경쓰지 않았던 부분이 있는 것 같습니다. 최긴은 최근에는 주변도 둘러보면서 정의로운 그다음에 도덕적으로 문제가 되지 않는 그런 회사를 운영해야 된다 라고 생각되어집니다.","wordCount":46},"emotion":[],"intent":[{"text":"","expression":"","category":"attitude"}],"summary":{"text":"과거에 회사가 이익만을 추구해 직원들과 사회에 신경을 쓰지 않았지만 최근에는 정의로운 회사를 운영해야 한다고 생각합니다.","wordCount":15}}},"rawDataInfo":{"question":{"fileFormat":"wav","fileSize":515918,"duration":16120,"samplingBit":16,"channelCount":1,"samplingRate":"16kHz","audioPath":"/Mock/03.PublicService/Male/Experienced/ckmk_q_ps_m_e_186256.wav"},"answer":{"fileFormat":"wav","fileSize":2211918,"duration":69120,"samplingBit":16,"channelCount":1,"samplingRate":"16kHz","audioPath":"/Mock/03.PublicService/Male/Experienced/ckmk_a_ps_m_e_186256.wav"}}}