{"version":"1.0","dataSet":{"info":{"date":"20230116","occupation":"PS","channel":"MOCK","place":"ONLINE","gender":"MALE","ageRange":"45-54","experience":"EXPERIENCED"},"question":{"raw":{"text":"본인이 만약에 어 떨어진다면 어떠한 점이 부족해서 떨어졌다고 어 생각하실지 예를 들어서 말씀해 주시고 떨어지면 어떻게 하실 건지 또 말씀해 주시면 감사하겠습니다","wordCount":22},"emotion":[],"intent":[]},"answer":{"raw":{"text":"어 만약 떨어진다면 저는 경력직으로 지원한 것인 만큼 어 회사에서 원하는 인재와 제가 인재상과 제가 맞지 않아서 떨어진 것이라고 생각할 것 같습니다. 어 저는 하지만 저는 이 직무에 대해서 오랜 경험과 노하우를 지니고 있다 라고 생각을 합니다. 어 회사에서 경력직을 뽑는 것이고 어 제가 모집 원서를 봤을 때 거기에 아주 적합한 사람이 저라고 생각했기 때문에 저는 조금의 주저도 없이 회사에 지원을 했습니다. 저는 이 일을 약 이십 오 년 정도 해오면서 어 많은 경험과 노하우를 가지고 있고 어 수많은 사건 사고를 어 접하고 해결했던 경험이 있습니다. 어 지금 당 회사에서는 어 이십 년 이상 된 어 팀장급 이상의 직원을 뽑는다 라고 알고 있습니다. 저는 전 직장에서도 약 이십 년 동안을 근무해 왔고 그 전에도 동일한 업종에서 같은 일을 약 오 년 정도 해왔습니다. 그러니깐 한 이십 오 년 정도를 이 일을 했던 것입니다. 어 만약 제가 떨어진다면 아무래도 회사에서 원하는 인재상이 아닐 거라고 생각할 것 같지만 저는 누구보다도 이 일을 잘 해낼 자신이 있습니다.","wordCount":154},"emotion":[{"text":"저는 전 직장에서도 약 이십 년 동안을   근무해 왔고 그 전에도 동일한 업종에서 같은 일을 약 오 년 정도 해왔습니다.","expression":"u-fact","category":"neutral"}],"intent":[{"text":"어 회사에서 경력직을 뽑는 것이고   어 제가 모집 원서를 봤을 때 거기에 아주   적합한 사람이 저라고 생각했기 때문에 저는 조금의 주저도 없이 회사에 지원을 했습니다.","expression":"c_sincere_job","category":"etc"}],"summary":{"text":"저는 경력직으로 지원한 것 만큼 회사에서 원하는 인재와 제가 인재상과 맞지 않아 떨어진 것이라고 생각할 것 같습니다. 하지만 저는 이 직무에 대해 오랜 경험과 노하우를 가지고 있으며, 누구보다도 이 일을 잘 해낼 자신이 있습니다.","wordCount":34}}},"rawDataInfo":{"question":{"fileFormat":"wav","fileSize":573518,"duration":17920,"samplingBit":16,"channelCount":1,"samplingRate":"16kHz","audioPath":"/Mock/03.PublicService/Male/Experienced/ckmk_q_ps_m_e_108393.wav"},"answer":{"fileFormat":"wav","fileSize":2755918,"duration":86120,"samplingBit":16,"channelCount":1,"samplingRate":"16kHz","audioPath":"/Mock/03.PublicService/Male/Experienced/ckmk_a_ps_m_e_108393.wav"}}}