{"version":"1.0","dataSet":{"info":{"date":"20230116","occupation":"PS","channel":"MOCK","place":"ONLINE","gender":"MALE","ageRange":"55-","experience":"EXPERIENCED"},"question":{"raw":{"text":"창의성과 팀워크 중 더 중요한 것은 무엇이라고 생각하십니까 근거와 함께 말씀해 주세요","wordCount":12},"emotion":[],"intent":[]},"answer":{"raw":{"text":"창의성과 팀웍요 어 회사를 생각하면 팀웍이 더 좋 중요하지 않을까요 네 회사만 생각하면. 이게 뭐 개인 사업자라면 그냥 자영업자라면 창의성이라고 생각이 들 거 같은데 회사이기 때문에 팀웍이 더 중요시 될 거 같습니다. 아닌가요 또 창의성 일라나 그러면 뭔가 개인의 특정한 어떤 어 소수들의 창의성이 돋보일 거 같고 그런데 저는 우선 지금은 팀웍이에요. 이게 또 사람들끼리 잘 맞아야 뭔가 단결이 되고 또 서로 간의 어떤 호흡이 잘 맞춰져 나가야 어 준비했던 일도 준비한 만큼 나오지 이게 안 되면 준비 아무리 열심히 해도 반에 반도 안 나오는 경우도 있어요. 그래서 팀웍이 다수가 있는 자리에서는 팀웍 만큼 어떤 그 시너지를 내는 게 없는 것 같아요. 저는 팀워크라고 생각합니다.","wordCount":105},"emotion":[],"intent":[{"text":"창의성과 팀웍요 어 회사를 생각하면 팀웍이   더 좋 중요하지 않을까요 네 회사만 생각하면.","expression":"c_cop","category":"personality"},{"text":"이게 뭐 개인 사업자라면 그냥 자영업자라면   창의성이라고 생각이 들 거 같은데 회사이기 때문에   팀웍이 더 중요시 될 거 같습니다.","expression":"c_cop","category":"personality"},{"text":"그래서   팀웍이 다수가 있는 자리에서는 팀웍 만큼 어떤 그 시너지를 내는 게   없는 것 같아요.","expression":"c_cop","category":"personality"}],"summary":{"text":"회사이기 때문에 창의성보다 팀워크가 더 중요하다고 봅니다. 사람들들끼리 잘 맞아야 단결이 되고 서로 간의 호흡이 잘 맞춰지면 팀워크만큼 시너지를 내는 게 없는 것 같습니다.","wordCount":24}}},"rawDataInfo":{"question":{"fileFormat":"wav","fileSize":293198,"duration":9160,"samplingBit":16,"channelCount":1,"samplingRate":"16kHz","audioPath":"/Mock/03.PublicService/Male/Experienced/ckmk_q_ps_m_e_179659.wav"},"answer":{"fileFormat":"wav","fileSize":2714958,"duration":84840,"samplingBit":16,"channelCount":1,"samplingRate":"16kHz","audioPath":"/Mock/03.PublicService/Male/Experienced/ckmk_a_ps_m_e_179659.wav"}}}