{"version":"1.0","dataSet":{"info":{"date":"20230116","occupation":"PS","channel":"MOCK","place":"ONLINE","gender":"MALE","ageRange":"35-44","experience":"EXPERIENCED"},"question":{"raw":{"text":"커뮤니케이션을 잘 할 수 있는 본인만의 스킬이 있나요 만약 있다면 한번 소개해 주세요 가능하다면 직접 보여주셔도 좋을 것 같습니다","wordCount":19},"emotion":[],"intent":[]},"answer":{"raw":{"text":"네 커뮤니케이션이널을 잘 할 수 있는 저만의 스킬이나 노하우에 대해서 답변 드리겠습니다. 어 일단 커뮤니케이션 대화 사람과 사람의 그런 자기의 그런 노하우나 경험 이런 것들을 나눌 수 있는 것들이 커뮤니케이션이 되지 않을까 싶습니다. 이런 커뮤니케이션이 원활하게 되려면 또 협업할 수 있는 능력도 필요할 것이고 서로 인간 대 인간으로서 신뢰감을 가졌을 때 훌륭한 커뮤니케이션이 될 수 있다고 생각합니다. 저만의 이제 노하우를 하자면은 내 의견에 대한 논리 근거 이런 것들은 당연하다 이게 여기고 이어서 상대방의 얘기를 잘 들어줄 수 있는 이런 경청의 자세에 이것도 연습이 필요합니다. 사람은 자기의 의견을 말하는 것만 할 줄 알지 듣는 법은 잘 모릅니다. 이런 듣는 법도 많이 연습을 했고 또 노하우가 있기 때문에 아무리 말단 사원이라도 잘 들어주고 잘 격려해주고 이 너의 의견이 중요하다 이런 것들을 심어주게 되면 분명히 그 직원은 더욱더 힘이 될 것입니다. 그런 것들이 잘 됐을 때 훌륭한 협업과 커뮤니케이션이 된다고 생각합니다. 이상입니다.","wordCount":139},"emotion":[],"intent":[{"text":"","expression":"","category":"attitude"}],"summary":{"text":"커뮤니케이션이널을 잘 할 수 있는 저만의 스킬이나 노하우에 대해서 답변 드리겠습니다. 커뮤니케이션이 원활하게 되려면 협업할 수 있는 능력도 필요할 것이고 서로 인간 대 인간으로서 신뢰감을 가졌을 때 훌륭한 커뮤니케이션이 될 수 있다고 생각합니다.","wordCount":33}}},"rawDataInfo":{"question":{"fileFormat":"wav","fileSize":579278,"duration":18100,"samplingBit":16,"channelCount":1,"samplingRate":"16kHz","audioPath":"/Mock/03.PublicService/Male/Experienced/ckmk_q_ps_m_e_214745.wav"},"answer":{"fileFormat":"wav","fileSize":2691918,"duration":84120,"samplingBit":16,"channelCount":1,"samplingRate":"16kHz","audioPath":"/Mock/03.PublicService/Male/Experienced/ckmk_a_ps_m_e_214745.wav"}}}