{"version":"1.0","dataSet":{"info":{"date":"20230116","occupation":"PS","channel":"MOCK","place":"ONLINE","gender":"MALE","ageRange":"35-44","experience":"EXPERIENCED"},"question":{"raw":{"text":"개인적으로 어떤 공부를 어떻게 하시는지 말씀해 주실 수 있을까요 강의나 책을 활용한 공부처럼 구체적인 공부 방법을 말씀 부탁드립니다","wordCount":18},"emotion":[],"intent":[]},"answer":{"raw":{"text":"개인적으로 제가 이제 공부하는 스타일이나 방법 노하우에 대해서 한번 말씀드리겠습니다. 저는 일단 제일 먼저 유튜브를 제일 먼저 활용을 합니다. 유튜브를 이제 백 프로 신뢰할 수는 없습니다. 그 부분에 이제 개인의 노하우나 자기만의 그런 방법들을 설명해 주는 거기 때문에 어느 한 새로운 분야를 접목할 때 가장 좋았던 게 유튜브였던 것 같습니다. 이 유튜브를 통해서 제일 먼저 어 칠십 프로에서 한 팔십 프로 정도의 내용을 좀 습득한 뒤에 그 뒤에 이제 세부적인 항목이나 내가 부족하거나 궁금한 점 내가 좀 더 발전시켜야 하는 부분에 대해서는 이 책이라든지 뭐 검색이라든지 뭐 웹서핑을 통해서 또는 뭐 강의를 들으러 다니면서 그 부분에 대해서 보완한다면은 어 백 프로는 다 하지 못하더라도 구십 프로까지는 그 부분에 대해서 내가 관심 있는 분야에 대해서 배울 수 있지 않을까 싶습니다. 어 요즘 시대에는 정말 유튜브 라는 게 있어서 빨리빨리 배울 수 있고 빠른 정보력을 획득할 수도 있고 그런 것들이 진짜 매우 강점인 것 같습니다. 앞으로도 점점 더 정보화 시대는 커질 건데 그런 부분에서 제가 하는 방법이 되겠습니다. 이상입니다.","wordCount":157},"emotion":[],"intent":[{"text":"","expression":"","category":"attitude"}],"summary":{"text":" 저는 우선 유튜브를  활용을 합니다. 유튜브를 통해서 나중에 세부적인 항목이나 발전시켜야 할 부분에 대해서는 책이나 검색, 웹서핑을 통해서 보완한다면 90프로까지는 제가 관심 있는 분야에 대해서 배울 수 있을 것 같습니다.","wordCount":30}}},"rawDataInfo":{"question":{"fileFormat":"wav","fileSize":616718,"duration":19270,"samplingBit":16,"channelCount":1,"samplingRate":"16kHz","audioPath":"/Mock/03.PublicService/Male/Experienced/ckmk_q_ps_m_e_192158.wav"},"answer":{"fileFormat":"wav","fileSize":2681038,"duration":83780,"samplingBit":16,"channelCount":1,"samplingRate":"16kHz","audioPath":"/Mock/03.PublicService/Male/Experienced/ckmk_a_ps_m_e_192158.wav"}}}