{"version":"1.0","dataSet":{"info":{"date":"20230116","occupation":"PS","channel":"MOCK","place":"ONLINE","gender":"MALE","ageRange":"35-44","experience":"EXPERIENCED"},"question":{"raw":{"text":"상황을 가정해 봅시다 흥분하여 억지를 부리는 고객 민원인이 있다면 본인께서는 어떻게 대처할 생각이십니까","wordCount":13},"emotion":[],"intent":[]},"answer":{"raw":{"text":"어 업무를 하다 보면 민원이나 뭐 고객들에 대한 불만 요소 뭐 이런 것들을 많이 듣게 될 겁니다. 아 인제 또 사람마다 또 특성이 있기 때문에 조근조근 뭐 자기의 뭐 뭐 불만 요소에 대해서 보상 절차를 어떻게 해 달라 이렇게 해주는 사람도 있을 것이고 아니면 다짜고짜 보험 처리를 해 달라고 하는 부분 고객도 있을 것이고 또 뭐 흥분한 체 소리를 지르거나 욕설을 하는 고객도 있을 것입니다. 근데 흥분을 해서 인제 고하는 고객은 대부분이 인제 자기가 원하는 요소 나에게 받아야 할 보상에 대해서 조치가 안 될 것 같고 그런 거에 대해서 억지를 부리는 사람이 대부분일 겁니다. 근데 이런 사람들도 하나의 고객이 될 수 있습니다. 그러기 때문에 회사의 입장에서는 어느 정도 손실이 있다 하더라도 조금은 보상 절차에 대해서 대응을 해줘야지 않을까 생각을 합니다. 이런 고객 고객 하나 하나를 놓치게 된다면은 이런 사람들이 인제 안 좋은 소문이나 뭐 이런 것들을 통해서 회사의 이미지가 나빠질 수도 있기 때문에 그런 상황을 고려한다면은 최대한 대응해서 보상 절차를 갖춰주는 게 맞다고 생각하고 있습니다. 네 이상입니다.","wordCount":157},"emotion":[],"intent":[{"text":"아 인제 또 사람마다 또 특성이 있기 때문에 조근조근 뭐 자기의 뭐 뭐 불만 요소에 대해서 보상 절차를 어떻게 해 달라 이렇게 해주는 사람도 있을 것이고   아니면 다짜고짜 보험 처리를 해 달라고 하는 부분 고객도 있을 것이고 또 뭐 흥분한 체 소리를 지르거나 욕설을 하는 고객도 있을 것입니다.","expression":"p_voc","category":"technology"},{"text":"근데 흥분을 해서 인제 고하는 고객은 대부분이 인제 자기가 원하는 요소   나에게 받아야 할 보상에 대해서 조치가 안 될 것 같고 그런 거에 대해서 억지를 부리는 사람이 대부분일 겁니다.","expression":"p_voc","category":"technology"},{"text":"이런 고객 고객 하나 하나를 놓치게 된다면은 이런 사람들이 인제 안 좋은 소문이나 뭐 이런 것들을 통해서 회사의 이미지가 나빠질 수도 있기 때문에 그런 상황을 고려한다면은 최대한 대응해서   보상 절차를 갖춰주는 게 맞다고 생각하고 있습니다.","expression":"p_voc","category":"technology"}],"summary":{"text":"업무 수행 중 민원이나 불만 요소들을 많이 듣게 되는데 이 중 흥분을 해서 고하는 고객은 자기에게 받아야 할 보상에 대한 조치가 안 될 것 같고 그런 거에 대해 억지를 부립니다. 이 고객들을 놓쳐 회사의 이미지가 나빠질 수 있기 때문에 최대한 대응해서 보상 절차를 갖춰줘야 합니다. 이상입니다.","wordCount":46}}},"rawDataInfo":{"question":{"fileFormat":"wav","fileSize":353678,"duration":11050,"samplingBit":16,"channelCount":1,"samplingRate":"16kHz","audioPath":"/Mock/03.PublicService/Male/Experienced/ckmk_q_ps_m_e_147277.wav"},"answer":{"fileFormat":"wav","fileSize":2579918,"duration":80620,"samplingBit":16,"channelCount":1,"samplingRate":"16kHz","audioPath":"/Mock/03.PublicService/Male/Experienced/ckmk_a_ps_m_e_147277.wav"}}}