{"version":"1.0","dataSet":{"info":{"date":"20230116","occupation":"PS","channel":"MOCK","place":"ONLINE","gender":"MALE","ageRange":"35-44","experience":"EXPERIENCED"},"question":{"raw":{"text":"모랄해저드 즉 도덕적 해이를 경험해 본 적이 있나요","wordCount":8},"emotion":[],"intent":[]},"answer":{"raw":{"text":"모럴 해저드 도덕적 해이 또는 도덕적 위험이란 뜻으로 번역이 되긴 합니다. 이것은 원래 영국의 보험업계에서 나왔던 보험자와 피보험자 사이에 문제를 다뤘던 것인데요. 요즘은 그냥 어떤 도덕적인 회의나 도덕적인 위험을 하는 행동을 단순하게 모럴 해저드라고 이야기하는 경우도 많습니다. 예를 들어서 회사에서 관리자급을 뽑아놓고 관리자를 임명했는데 관리자는 실제적으로 대표 이사나 본부장에 의한 컨트롤 아니면 본인의 밑에 있는 사람들 고만 일을 하기 때문에 본인이 밑에 있는 직원들을 컨트롤하고 지시 사항을 하고 업무에 대한 파악을 하지만 본인이 열심히 일을 하지 않고 근무 시간에 딴 짓을 한다거나 아니면 어떤 회사 회사의 비용을 자기에게 필요한 돈으로 차용해서 쓰는 경우들이 전부 다 도덕적 해이라고 생각합니다. 특히나 보직 순환이 심한 업무들은 이 삼 년 동안 팀장이나 본부장을 맡고 또 다른 부서로 보직 순환을 하기 때문에 이 삼 년 동안 열심히 일을 하거나 책임을 다해서 시스템적인 업무를 하는 것이 아니라 이때 대충 놀면서 이 삼 년 후에 어차피 내가 다른 부서로 갈 건데 굳이 뭐하러 열심히 일해야 되냐는 마인드 조차도 전부 다 도덕적 해이에 비롯된 것이라고 생각합니다. 이런 사람들 땜에 조직이 점점 망가지고 있습니다.","wordCount":165},"emotion":[{"text":"모럴 해저드 도덕적 해이 또는 도덕적 위험이란 뜻으로 번역이 되긴 합니다.","expression":"u-fact","category":"neutral"},{"text":"요즘은 그냥   어떤 도덕적인 회의나 도덕적인 위험을 하는 행동을 단순하게 모럴 해저드라고 이야기하는 경우도 많습니다.","expression":"u-fact","category":"neutral"}],"intent":[{"text":"","expression":"","category":"attitude"}],"summary":{"text":"원래 영국의 보험업계에서 나왔던 모럴 해저드란 도덕적인 회의나 도덕적인 위험을 하는 행동을 도덕적인 위험이란 뜻으로 번역이 되곤 했습니다. 요즘은 도덕적인 회의를 도덕적인 위험한 행동으로 이야기하는 경우가 많은데, 예를 들어 회사에서 관리자급을 뽑아놓고 관리자를 임명했는데 본인이 열심히 일을 하지 않고 근무 시간에 딴 짓을 하는 경우 전부 다 도덕적 해이라고 생각합니다.","wordCount":50}}},"rawDataInfo":{"question":{"fileFormat":"wav","fileSize":219278,"duration":6850,"samplingBit":16,"channelCount":1,"samplingRate":"16kHz","audioPath":"/Mock/03.PublicService/Male/Experienced/ckmk_q_ps_m_e_183191.wav"},"answer":{"fileFormat":"wav","fileSize":2787598,"duration":87110,"samplingBit":16,"channelCount":1,"samplingRate":"16kHz","audioPath":"/Mock/03.PublicService/Male/Experienced/ckmk_a_ps_m_e_183191.wav"}}}