{"version":"1.0","dataSet":{"info":{"date":"20230116","occupation":"PS","channel":"MOCK","place":"ONLINE","gender":"MALE","ageRange":"35-44","experience":"EXPERIENCED"},"question":{"raw":{"text":"영업자께서는 모럴해저드 도덕적 해이를 경험해 본 적이 있으신지 있다면 어떤 것이었는지 설명 부탁드리겠습니다","wordCount":13},"emotion":[],"intent":[]},"answer":{"raw":{"text":"네 모럴 해저드 도덕적 해이에 대해서 직접 경험해 보거나 어 그런 상황에 대해서 답변 드리도록 하겠습니다. 결국 도덕적 해이는 법이나 어떤 규정에서 허점이 나타나는 부분에 대해서 그 부분을 공략해서 어 전체적인 그런 도덕적인 해이를 느껴봤을 때를 얘기하는 것 같은데 그런 부분은 결국은 뭐 법의 허점이라든지 그런 부분을 활용해서 자기 이득을 만든다는 부분에 대해서 도덕적 해이라고 생각합니다. 이제 그런 부분을 따지면 기업으로 따지거나 회사의 입장에서 봤을 때는 결국은 회사의 이익의 창출을 위해서 노력을 하다 보면은 분명히 이런 것들도 연구하게 되고 그게 그렇게 되면은 어떻게 보면 하나의 전략이 될 수도 있습니다. 그러한 전략에 맞춰서 진행하다 보면은 겉으로 봤을 때는 이렇게 도덕적 해이로 보일 수도 있는데 그런데 이러한 도덕적 해이는 라기보다는 어떻게 보면 그런 전략적인 단계이지 않을까 싶습니다. 그래서 최소한의 양심을 갖고 한다고 하면은 그런 부분이 많이 해소될 수 있을 거라고 생각합니다. 네 이상입니다.","wordCount":131},"emotion":[],"intent":[{"text":"","expression":"","category":"attitude"}],"summary":{"text":"도덕적 해이는 법의 허점이나 그런 부분을 활용해서 자기 이득을 만든다는 부분에 대해 도덕적 해이라고 생각합니다. 최소한 양심을 갖고 한다고 하면은 그런 부분이 많이 해소될 수 있을 것이라 생각합니다.","wordCount":28}}},"rawDataInfo":{"question":{"fileFormat":"wav","fileSize":397198,"duration":12410,"samplingBit":16,"channelCount":1,"samplingRate":"16kHz","audioPath":"/Mock/03.PublicService/Male/Experienced/ckmk_q_ps_m_e_214754.wav"},"answer":{"fileFormat":"wav","fileSize":2671438,"duration":83480,"samplingBit":16,"channelCount":1,"samplingRate":"16kHz","audioPath":"/Mock/03.PublicService/Male/Experienced/ckmk_a_ps_m_e_214754.wav"}}}