{"version":"1.0","dataSet":{"info":{"date":"20230116","occupation":"PS","channel":"MOCK","place":"ONLINE","gender":"MALE","ageRange":"45-54","experience":"EXPERIENCED"},"question":{"raw":{"text":"어 조직 생활을 하면서 가장 중요한 건 조직 팀원들과의 소통이라고 생각합니다 그 소통 능력을 키우기 위해서 어 어떤 일을 할 수 있을지 예를 들어서 간략하게 말씀해 주시기 바랍니다","wordCount":28},"emotion":[],"intent":[]},"answer":{"raw":{"text":"저는 개인적으로 소통 능력을 키우는 데는 경청이라고 생각을 합니다. 일단 상대방이 어떤 이야기를 할 때 그 이야기를 어 경청해서 잘 듣는 것이 어 매우 중요하다고 생각합니다. 이야기를 하면 당연히 그 상대방이 본인의 의지나 본인의 생각을 말하게 되고 그것을 경청함으로써 상대방이 무슨 이야기를 하고 어떤 이야기를 하고 싶어하고 어 어떤 생각을 갖고 있는지를 파악할 수 있습니다. 물론 그것이 나와 맞음 딱 맞아 떨어진다면 좋겠지만 그에 나와 맞지 않을 때는 어 상대방의 생각이 어떤 부분이 잘못됐고 어떤 생각이 나와 다른지를 알아야 그 사람을 설득할 수 있고 그 사람과 소통할 수 있다 라고 생각을 합니다. 상대의 이야기를 일단 듣지 않게 되면 상대방이 무슨 이야기를 하는지를 모르고 어 상대가 뭘 원하는지를 모르기 때문에 그야말로 소통을 할 수가 없는 단계가 됩니다. 그래서 저는 개인적으로 어 상대방과 어 소통을 하기 위해서는 일단 상대방의 이야기를 잘 듣고 어 상대방의 이야기를 잘 들음으로써 상대방이 나의 나의 생각을 정리할 수 있고 나의 이야기를 상대방한테 정확하게 전달하는 것이 어 소통의 첫 번째 어 역할이라고 생각을 합니다.","wordCount":156},"emotion":[],"intent":[{"text":"물론 그것이 나와 맞음 딱 맞아 떨어진다면 좋겠지만 그에 나와 맞지 않을 때는   어 상대방의 생각이 어떤 부분이 잘못됐고 어떤 생각이 나와 다른지를 알아야 그 사람을 설득할 수 있고 그 사람과 소통할 수 있다 라고 생각을 합니다.","expression":"c_confl_mg","category":"personality"}],"summary":{"text":"소통 능력을 키우는 데는 경청입니다. 이야기를 하면 상대방이 어떤 이야기를 하고 싶어하고 어떤 생각을 갖고 있는지를 파악할 수 있습니다. 상대의 이야기를 잘 듣고 잘 들음으로써 저의 생각을 정리할 수 있고 저의 이야기를 상대방한테 정확하게 전달하는 것이 소통의 첫 번째 역할이라고 생각합니다.","wordCount":41}}},"rawDataInfo":{"question":{"fileFormat":"wav","fileSize":576078,"duration":18000,"samplingBit":16,"channelCount":1,"samplingRate":"16kHz","audioPath":"/Mock/03.PublicService/Male/Experienced/ckmk_q_ps_m_e_106017.wav"},"answer":{"fileFormat":"wav","fileSize":2874318,"duration":89820,"samplingBit":16,"channelCount":1,"samplingRate":"16kHz","audioPath":"/Mock/03.PublicService/Male/Experienced/ckmk_a_ps_m_e_106017.wav"}}}