{"version":"1.0","dataSet":{"info":{"date":"20230116","occupation":"PS","channel":"MOCK","place":"ONLINE","gender":"MALE","ageRange":"45-54","experience":"EXPERIENCED"},"question":{"raw":{"text":"지원자님은 개인적으로 공부를 어떻게 하시는지 말씀해 주시고 강의나 책을 활용한 공부를 말씀해 주셔도 상관없습니다","wordCount":14},"emotion":[],"intent":[]},"answer":{"raw":{"text":"어 제가 공부하는 방법은 저는 책을 구입해서 그 책으로 공부를 하는 편입니다. 물론 요즘은 뭐 인터넷이 워낙 잘 돼 있다 보니 제가 관심 분야라든지 알고 싶은 것에 대해서 강의나 우선 이런 것들을 찾아볼 수도 있고 뭐 유튜브를 통해서도 뭐 여러 가지 공부를 할 수 있겠지만 저는 일단 제가 궁금한 사항이나 제가 공부를 해야 되는 부분이 있다고 그러면 그 분야에 전문가가 작성한 책을 어 구입해 가지고 그 책을 기준으로 어 공부를 보통 해왔던 것 같습니다. 어 어떤 것은 물론 강의를 듣는 것이 훨씬 더 빠르고 이해가 빠를 수도 있는데 저는 일단 책을 기본으로 책을 구입해서 책을 보고 거기에 관련된 뭐 영상이나 우선 뭐 이야기 스토리 같은 것을 찾아가지고 보는 것 같습니다. 어 이것은 저는 아주 젊었을 때부터 좀 그렇게 했던 것 같습니다. 제가 최초로 그 내 취미가 낚시인데 낚시를 저도 저는 책으로 배웠습니다. 뭐 주변에서는 그게 말이 되냐 뭐 이렇게 했지만 저는 어 어렸을 때부터 제가 궁금한 사항이 있거나 그러면 거기에 대한 관련 서적을 구입해 가지고 그것을 보면서 이론을 쌓고 어 뭐 아까 말한 것처럼 뭐 주변에 뭐 전문가나 이런 분들한테 도움을 청했을 때 그 이 그것에 대한 숙련도가 훨씬 깊고 높았던 것으로 생각됩니다.","wordCount":183},"emotion":[{"text":"제가 최초로 그 내 취미가 낚시인데 낚시를 저도   저는 책으로 배웠습니다.","expression":"u-fact","category":"neutral"}],"intent":[{"text":"","expression":"","category":"attitude"}],"summary":{"text":"제가 공부하는 방법은 책을 구입해서 그 책으로 공부를 하는 편입니다. 책을 기본으로 구입해서 책을 보고 관련된 영상이나 이야기 스토리 등을 찾아가지고 봅니다. 아주 젊었을 때부터 제가 궁금한 사항이 있을때 주변에 전문가나 이런 분들한테 도움을 청했습니다. 그 이유는 숙련도가 훨씬 깊고 높았던 분들이라고 생각하기 때문입니다.","wordCount":44}}},"rawDataInfo":{"question":{"fileFormat":"wav","fileSize":349198,"duration":10910,"samplingBit":16,"channelCount":1,"samplingRate":"16kHz","audioPath":"/Mock/03.PublicService/Male/Experienced/ckmk_q_ps_m_e_109111.wav"},"answer":{"fileFormat":"wav","fileSize":2912718,"duration":91020,"samplingBit":16,"channelCount":1,"samplingRate":"16kHz","audioPath":"/Mock/03.PublicService/Male/Experienced/ckmk_a_ps_m_e_109111.wav"}}}