{"version":"1.0","dataSet":{"info":{"date":"20230116","occupation":"PS","channel":"MOCK","place":"ONLINE","gender":"MALE","ageRange":"35-44","experience":"EXPERIENCED"},"question":{"raw":{"text":"공단의 외부 환경 위협 요인과 이런 위협 요인을 극복하기 위한 방안에 대해 떠오르는 대로 말씀해 주세요","wordCount":16},"emotion":[],"intent":[]},"answer":{"raw":{"text":"예 공단의 외부 환경 어 위협 요인 여러 가지가 있을 것입니다. 그것을 극복하기 위한 방안에 대해서 답변 드리도록 하겠습니다. 일단 공단의 위협 요인 같은 경우에는 어 일단 뭐 위험물이라든지 뭐 화재에 대한 위협 여러 가지가 도사리고 있습니다. 그런 것들을 극복하기 위해서는 어 안전 관리가 굉장히 중요할 것 같은데 어 재해 재난법도 지금 이제 다 통과가 돼서 굉장히 기업이나 공단이나 모두에게 다 이제 안전에 대한 그런 치밀함이 굉장히 중요시 여기고 있습니다. 그래서 이거를 극복하기 위해서는 일단 안전 또 안전 계속 안전을 해야 하기 때문에 안전에 의한 그런 인재들을 많이 좀 뽑을 것 같습니다. 이렇게 안전관리자라든지 뭐 재난 관리자라든지 이런 것들을 팀을 구성을 해서 정말 체계적으로 안전에 대한 요소들을 매일 체크하고 어 실시간으로 이십 사 시간 관리가 된다면 이러한 위협 요인에서 최대한 벗어나고 안정감 있는 회사가 되지 않을까 싶습니다. 그 저는 이런 안전관리 파트에 많은 투자를 해서 어 더 큰 위험의 피해를 입지 않기 위해서 어 이쪽 분야에 더 투자를 할 것 같습니다. 이상입니다.","wordCount":152},"emotion":[],"intent":[{"text":"","expression":"","category":"attitude"}],"summary":{"text":"공단의 외부 환경 위협 요인 극복 방안을 답변 드리겠습니다. 우선, 재해 재난법이 통과되어서 안전에 대한 치밀함을 굉장히 중요시 여기고 있습니다. 그래서 안전에 의한 인재들을 많이 뽑을 것 같습니다. 체계적으로 안전에 대한 요소들을 매일 체크하고 실시간 관리가 된다면 위협 요인에서 최대한 벗어나고 안정감 있는 회사가 될 것입니다.","wordCount":46}}},"rawDataInfo":{"question":{"fileFormat":"wav","fileSize":373838,"duration":11680,"samplingBit":16,"channelCount":1,"samplingRate":"16kHz","audioPath":"/Mock/03.PublicService/Male/Experienced/ckmk_q_ps_m_e_236042.wav"},"answer":{"fileFormat":"wav","fileSize":2752078,"duration":86000,"samplingBit":16,"channelCount":1,"samplingRate":"16kHz","audioPath":"/Mock/03.PublicService/Male/Experienced/ckmk_a_ps_m_e_236042.wav"}}}