{"version":"1.0","dataSet":{"info":{"date":"20230116","occupation":"PS","channel":"MOCK","place":"ONLINE","gender":"MALE","ageRange":"35-44","experience":"EXPERIENCED"},"question":{"raw":{"text":"지원자님께서 직장을 선택하실 때 가장 중요하게 생각하시는 점들이 있다면 세 가지를 각각 무엇인지 말씀해 주세요","wordCount":15},"emotion":[],"intent":[]},"answer":{"raw":{"text":"제가 직장을 선택할 때 가장 중요하게 생각하는 세 가지는 바로 첫 번째는 연봉 돈입니다. 두 번째는 회사의 비전 성장성입니다. 세 번째는 그 회사가 가지고 있는 회사 자체만의 분위기입니다. 모든 사람들은 돈 때문에 회사를 다니고 돈 때문에 회사를 계속 유지해야 됩니다. 가끔 어떤 사람들은 저는 연봉도 필요 없고 자기계발 및 보람만 느끼면 된다고 하지만 저는 그렇지 않습니다. 결국 우리는 먹고 살기 위해서 생계형 직장인이 되고 직장을 다니면서 연봉도 오르고 진급도 하면서 보람을 느끼는 것이지 돈을 너무 쪼끔 준다고 하면 저는 거기서 보람이든 생계를 이어나갈 수가 없습니다. 두 번째는 성장성입니다. 전에 회사는 매출의 성장이 둔화되고 산업이 점점 후퇴하여 더 이상 사양 산업이 되어서 개발을 할 수도 없었고 판매가 높아지지 않아 더 이상 진급도 안되고 연봉도 오르지 않아서 동기 부여가 되지 않았습니다. 동기 부여가 되지 않다 보니 모든 직원들이 타성에 젖어 열심히 일 일하려고 하지 않고 언제 망하나를 기다리고 있던 때였습니다. 그리고 가장 중요한 회사 분위기는 아무리 연봉도 많이 주고 회사의 성장성도 있다고 한들 직원들이 서로 이간질을 하고 시기만 한다면 그런 좋은 분위기가 나지 않는 곳에선 시너지가 날 수 없고 스트레스 받아서 오래 다닐 수 없기 때문입니다.","wordCount":174},"emotion":[],"intent":[{"text":"","expression":"","category":"attitude"}],"summary":{"text":"제가 직장을 선택할 때 가장 중요하게 생각하는 세 가지는 연봉 돈, 회사의 비전 성장성, 회사 자체만의 분위기입니다. 돈을 많이 준다고 하면 보람이든 생계를 이어나갈 수가 없습니다. 두 번째는 성장성입니다. 전 매출의 성장이 둔화되고 산업이 후퇴하여 동기 부여가 되지 않아 열심히 일하지 않고 언제 망하나를 기다리고 있던 때였습니다. 좋은 분위기가 나지 않는 곳에선 시너지가 나지 않습니다.","wordCount":55}}},"rawDataInfo":{"question":{"fileFormat":"wav","fileSize":396238,"duration":12380,"samplingBit":16,"channelCount":1,"samplingRate":"16kHz","audioPath":"/Mock/03.PublicService/Male/Experienced/ckmk_q_ps_m_e_195129.wav"},"answer":{"fileFormat":"wav","fileSize":2743118,"duration":85720,"samplingBit":16,"channelCount":1,"samplingRate":"16kHz","audioPath":"/Mock/03.PublicService/Male/Experienced/ckmk_a_ps_m_e_195129.wav"}}}