{"version":"1.0","dataSet":{"info":{"date":"20230116","occupation":"PS","channel":"MOCK","place":"ONLINE","gender":"MALE","ageRange":"55-","experience":"EXPERIENCED"},"question":{"raw":{"text":"지금까지 살아오시면서 새로운 환경에서 전혀 몰랐던 일을 직접 맡아서 해 보셨던 경험이 있으신가요 가능한 구체적으로 그 경험을 소개해 주세요","wordCount":19},"emotion":[],"intent":[]},"answer":{"raw":{"text":"지금까지 살아오시면서 새로운 환경에서 전혀 몰랐던 일을 맡아서 한 경험이 있으신가요 이 소개해 주세요. 예. 전에 제가 사업을 영위하다가 어려움이 있어가지고 어 개인 사업을 이렇게 장사를 한 적이 있었습니다. 그런데 이제 기존에 일을 할 때는 제가 사무실과 뭐 이런 쪽에서 이렇게 편안하게 일을 하다가 장사를 할 때는 어떤 때는 하루 종일 서서 일을 하고 제품을 만들고 이렇게 튀기고 그렇게 했던 경험이 있었습니다. 어 참으로 쉬운 일은 아니었던 것 같습니다. 체력적으로도 하지 못했던 일들을 하다 보니까 상당히 이 힘이 들었었고 또한 어 어려움이 많았던 것으로 생각합니다. 아 경제적으로 그렇다고 더욱더 여유롭지도 않고 고생은 고생대로 애쓰면서 참으로 많이 애를 썼던 그런 어 일이 있었습니다. 또한 제가 또한 한 가지 배운 것이 있다면 기존에 내가 기술을 가지고 저런 배운 것을 가지고 잘 활용했었던 것들 아 그것이 바로 여태까지 많이 써왔던 어 중요한 부분이었는데 그 부분을 잘 활용하지 못했던 그것이 안타까웠던 적이 있었습니다. 그런 면을 봤을 때 아 그것도 하나의 좋은 경험이었고 제가 삼십 년 동안 해왔던 게 이런 어 세일즈라든가 서비스 또한 뭔가를 제품을 개발하고 제가 어 디테일한 그런 면을 보면서 섬세하게 하는 그런 일들에 이렇게 종사하다 보니까 이런 것들을 더욱더 열심히 하고 어 해야 된다고 생각을 듭니다.","wordCount":185},"emotion":[],"intent":[{"text":"전에 제가 사업을 영위하다가 어려움이 있어가지고 어 개인 사업을 이렇게 장사를 한 적이 있었습니다.","expression":"c_private","category":"background"}],"summary":{"text":"새로운 환경에서 전혀 몰랐던 일을 맡아서 한 경험이 있습니다. 기존에 일을 할 때는 편안하게 일을 하다가 장사를 할 때는 하루 종일 서서 일을 하고 제품을 만들고 튀고 했었습니다. 체력적으로도 못했던 일들을 하다 보니 상당히 힘이 들었고, 경제적으로 여유롭지도 않고 어려움이 많았던 것으로 생각합니다. 기존에 기술을 가지고 잘 활용했던 부분을 잘 활용하지 못했던 것이 안타까웠던 적이 있었습니다. 아 그것도 하나의 좋은 경험이었습니다.","wordCount":61}}},"rawDataInfo":{"question":{"fileFormat":"wav","fileSize":631758,"duration":19740,"samplingBit":16,"channelCount":1,"samplingRate":"16kHz","audioPath":"/Mock/03.PublicService/Male/Experienced/ckmk_q_ps_m_e_241644.wav"},"answer":{"fileFormat":"wav","fileSize":3877198,"duration":121160,"samplingBit":16,"channelCount":1,"samplingRate":"16kHz","audioPath":"/Mock/03.PublicService/Male/Experienced/ckmk_a_ps_m_e_241644.wav"}}}