{"version":"1.0","dataSet":{"info":{"date":"20230116","occupation":"PS","channel":"MOCK","place":"ONLINE","gender":"MALE","ageRange":"35-44","experience":"EXPERIENCED"},"question":{"raw":{"text":"지원자님은 팀장에 더 잘 맞을 것 같은지 팀원에 더 잘 맞을 것 같은지 그렇게 생각하는 이유와 함께 설명해 주시겠어요","wordCount":19},"emotion":[],"intent":[]},"answer":{"raw":{"text":"네 제가 인제 팀장에 더 잘 맞을 것인지 팀원에 더 맞을 것인지 설명을 드리겠습니다. 어 자리에 맞춰서 사람은 변하고 그 직책에 맞춰서 자기에 역할 책임감이 틀려진다고 생각합니다. 네 결국은 자기가 많이 해본 그러한 업무에 대해서 더욱 더 자신이 있을 것이고 더 잘 할 수 있을 거기 때문에 제가 전 회사에서 이제 팀장을 오래 하다 보니 팀장이라는 직책이 더 저한테 잘 맞을 거 같습니다. 이런 팀장에 역할은 결국은 중간 관리자 역할입니다. 하나에 팀에 있는 팀장일 뿐이지 저에 그 부장이라든지 그 위에 단계가 있기 때문에 이런 중간 역할을 잘 해줘야 한다고 생각합니다. 이런 팀원들에 사기나 이런 격려를 통해서 팀원들이 더욱더 성과를 낼 수 있도록 해주게끔 하는 역할이 팀장인데 이런 팀장에 역할들을 많이 해 봤고 이런 상급자와 저에 팀원들 간에 윤활유 역할을 해 가면서 어 챙겨줄 건 챙겨주고 업무 성과를 내야 부분에서는 내가면서 그러면서 이런 성과를 낼 수 있게끔 하는 게 그런 역할을 하는 게 저한테 잘 맞고 제일 잘 할 수 있는 부분인 거 같습니다. 네 이상입니다.","wordCount":155},"emotion":[],"intent":[{"text":"","expression":"","category":"attitude"}],"summary":{"text":"자리에 따라서 사람은 변하고 직책에 맞춰서 자기에 역할 책임감이 틀려진다고 생각합니다. 저는 회사에서 팀장을 오래 하다 보니 팀장이라는 직책이 더 잘 맞을 거 같습니다. 이 역할은 중간 관리자 역할입니다. 이런 팀원들에 사기나 격려를 통해서 팀원들이 더욱더 성과를 낼 수 있도록 해주게끔 하는 역할이 팀장입니다.","wordCount":44}}},"rawDataInfo":{"question":{"fileFormat":"wav","fileSize":306958,"duration":9590,"samplingBit":16,"channelCount":1,"samplingRate":"16kHz","audioPath":"/Mock/03.PublicService/Male/Experienced/ckmk_q_ps_m_e_226883.wav"},"answer":{"fileFormat":"wav","fileSize":2744398,"duration":85760,"samplingBit":16,"channelCount":1,"samplingRate":"16kHz","audioPath":"/Mock/03.PublicService/Male/Experienced/ckmk_a_ps_m_e_226883.wav"}}}