{"version":"1.0","dataSet":{"info":{"date":"20230116","occupation":"PS","channel":"MOCK","place":"ONLINE","gender":"MALE","ageRange":"45-54","experience":"EXPERIENCED"},"question":{"raw":{"text":"자신만의 스트레스 해소법이 있으십니까","wordCount":4},"emotion":[],"intent":[]},"answer":{"raw":{"text":"뭐 저 만의 특별한 스트레스 해소법은 아니지만 저는 어 시간이 뭐 짧게 주어졌다 라고 하면 그냥 잠깐 머리를 식힐 수 있는 정도라면 극장에 갑니다. 뭐 여럿이서 우르르 몰려서 가는 게 아니라 저 혼자 갑니다. 제가 그것도 사람 많지 않은 평일 낮이나 그런 한가한 시간에 그냥 제가 좋아하는 장르 제가 좋아하는 배우의 영화를 봅니다. 어 그렇게 혼자서 영화를 보면 어 그것 자체가 저한테는 힐링이 됩니다. 영화에도 더 집중할 수도 있고 제가 좋아하는 배우에 대해서 더 집중할 수도 있기 때문에 어 좀 어느 정도 스트레스를 해소할 수 있는 것 같습니다. 어 좀 더 시간이 주어진다면 저는 낚시를 갑니다. 어 낚시도 혼자 갈 때도 있고 뭐 시간이 되거나 그렇다면 뭐 어 저랑 뜻이 맞는 친구랑 가도 즐겁습니다. 어 낚시를 가서 뭐 고기를 많이 잡는 것도 즐겁지만 저는 그냥 그 낚시 행위 자체를 즐깁니다. 뭐 고기를 정말로 때로는 한 마리도 못 잡고 돌아오는 경우도 있지만 어 그걸로 인해서 스트레스를 받진 않습니다. 어 낚시터에 가서 어 낚싯대를 드리우고 어 잔잔한 그 좌대에 앉아 가지고 마시는 뭐 믹스 커피 한 잔 뭐 컵라면 하나가 저에게는 행복이고 가장 소중한 시간입니다. 어 저는 그러면서 뭐 누구와 함께 간다면 같이 뭐 이런저런 그냥 사는 이야기도 하고 혼자 간다면 그냥 나름의 고독을 즐깁니다. 그것으로 저는 스트레스를 해소하는 것 같습니다.","wordCount":199},"emotion":[{"text":"어 낚시도 혼자 갈 때도 있고   뭐 시간이 되거나 그렇다면 뭐 어 저랑 뜻이 맞는 친구랑 가도 즐겁습니다.","expression":"p-happiness","category":"positive"},{"text":"어 낚시터에 가서 어 낚싯대를 드리우고   어 잔잔한 그 좌대에 앉아 가지고 마시는 뭐 믹스 커피 한 잔 뭐 컵라면 하나가   저에게는 행복이고 가장 소중한 시간입니다.","expression":"p-happiness","category":"positive"}],"intent":[{"text":"어 그렇게 혼자서 영화를 보면   어 그것 자체가 저한테는 힐링이 됩니다.","expression":"p_str_coping","category":"technology"},{"text":"영화에도 더 집중할 수도 있고 제가 좋아하는 배우에 대해서 더 집중할 수도 있기 때문에   어 좀 어느 정도 스트레스를 해소할 수 있는 것 같습니다.","expression":"p_str_coping","category":"technology"},{"text":"어 낚시도 혼자 갈 때도 있고   뭐 시간이 되거나 그렇다면 뭐 어 저랑 뜻이 맞는 친구랑 가도 즐겁습니다.","expression":"p_str_coping","category":"technology"},{"text":"어 낚시를 가서 뭐 고기를 많이 잡는 것도 즐겁지만 저는 그냥 그 낚시 행위 자체를 즐깁니다.","expression":"p_str_coping","category":"technology"},{"text":"뭐 고기를 정말로 때로는 한 마리도 못 잡고 돌아오는 경우도 있지만   어 그걸로 인해서 스트레스를 받진 않습니다.","expression":"p_str_coping","category":"technology"},{"text":"어 낚시터에 가서 어 낚싯대를 드리우고   어 잔잔한 그 좌대에 앉아 가지고 마시는 뭐 믹스 커피 한 잔 뭐 컵라면 하나가   저에게는 행복이고 가장 소중한 시간입니다.","expression":"p_str_coping","category":"technology"},{"text":"어 저는 그러면서 뭐 누구와 함께 간다면 같이 뭐 이런저런 그냥 사는 이야기도 하고   혼자 간다면 그냥 나름의 고독을 즐깁니다.","expression":"p_str_coping","category":"technology"}],"summary":{"text":"저는 시간이 짧게 주어졌다면 극장에 갑니다. 사람 많지 않은 평일 낮이나 한가한 시간에 좋아하는 장르의 영화를 봅니다. 영화뿐만 아니라 좋아하는 배우에 대해서 더 집중할 수 있기 때문에 스트레스를 해소할 수 있습니다. 시간이 더 주어진다면 낚시를 갑니다. 혼자 갈 때도 있고 뜻이 맞는 친구랑 가도 즐겁습니다. 낚시 행위 자체를 즐기며 나름의 고독을 즐기며 스트레스를 해소합니다.","wordCount":54}}},"rawDataInfo":{"question":{"fileFormat":"wav","fileSize":241678,"duration":7550,"samplingBit":16,"channelCount":1,"samplingRate":"16kHz","audioPath":"/Mock/03.PublicService/Male/Experienced/ckmk_q_ps_m_e_106779.wav"},"answer":{"fileFormat":"wav","fileSize":2888398,"duration":90260,"samplingBit":16,"channelCount":1,"samplingRate":"16kHz","audioPath":"/Mock/03.PublicService/Male/Experienced/ckmk_a_ps_m_e_106779.wav"}}}