{"version":"1.0","dataSet":{"info":{"date":"20230116","occupation":"PS","channel":"MOCK","place":"ONLINE","gender":"MALE","ageRange":"35-44","experience":"EXPERIENCED"},"question":{"raw":{"text":"지금까지 살아오시면서 가장 힘들었던 경험이 있으실 텐데요 그러한 가장 힘들었던 경험에 대해서 말씀해 주시길 바랍니다 그리고 그것을 어떻게 극복하셨는지도 궁금합니다","wordCount":20},"emotion":[],"intent":[]},"answer":{"raw":{"text":"네 지금까지 살아오면서 가장 힘들었던 부분과 경험 한번 떠올려보니까 군생활을 간부 생활을 하게 되었었는데 그 간부 육성하는 사관학교가 있습니다. 그 학교에서 인제 육체적으로 정신적으로 모든 분야에서 다 힘들었던 그 기간이었는데 아 정말 그 때가 십 육 주 교육 기간 동안 정말 십 오 주 동안은 다 힘들었던 거 같습니다. 네 그게 이제 지금까지 극복하면서 지금에 왔을 때 많은 영양분이 되었구나 이런 생각이 들고 또 어떤 위기가 닥치거나 어 힘든 일이 생겼을 때 그때를 생각하면은 전혀 힘든 일이 아닌가 본인이 잘 깨달았던 것 같습니다. 그래서 어떤 힘든 일이 생기더라도 대응할 수 있는 자세 그것을 알게 되었고 앞으로 더 살면서 그때보다 더 힘든 일이 있을 수 있습니다. 있지만 그거를 한 번 극복해 낸 자신감이 있기 때문에 그걸 통해서 또 한 번의 위기를 극복할 수 있는 그런 영양분 그런 마인드 그런 자세들을 갖지 않았나 싶습니다. 네 이상입니다.","wordCount":134},"emotion":[],"intent":[{"text":"","expression":"","category":"attitude"}],"summary":{"text":"간부 육성하는 사관학교에서 군생활을 하게 되었습니다. 교육기간 동안 다 힘들었던 거 같습니다. 어떤 위기가 닥치거나 힘든 일이 생겼을 때 그때를 생각하면 전혀 힘든 일이 아닌가 본인이 잘 깨달았습니다. 어떤 힘든 일이 생기더라도 대응할 수 있는 자세를 알게 되었고 그것을 통해 또 한 번의 위기를 극복할 수 있습니다.","wordCount":47}}},"rawDataInfo":{"question":{"fileFormat":"wav","fileSize":482958,"duration":15090,"samplingBit":16,"channelCount":1,"samplingRate":"16kHz","audioPath":"/Mock/03.PublicService/Male/Experienced/ckmk_q_ps_m_e_192222.wav"},"answer":{"fileFormat":"wav","fileSize":2678478,"duration":83700,"samplingBit":16,"channelCount":1,"samplingRate":"16kHz","audioPath":"/Mock/03.PublicService/Male/Experienced/ckmk_a_ps_m_e_192222.wav"}}}