{"version":"1.0","dataSet":{"info":{"date":"20230116","occupation":"PS","channel":"MOCK","place":"ONLINE","gender":"MALE","ageRange":"55-","experience":"EXPERIENCED"},"question":{"raw":{"text":"지원자님께서는 나눔과 배품에 대해서 어떻게 생각하시나요 이것들이 왜 필요하고 왜 좋은지 그렇게 생각하시는 이유를 함께 말씀 부탁드리겠습니다","wordCount":17},"emotion":[],"intent":[]},"answer":{"raw":{"text":"나눔과 베품에 대해서 제 개인적인 생각은 뭐 두말 할 것도 없이 가장 어 어 사람이 살아가는 데 있어서는 에 우선 가장 우선순위이고 으뜸인 항목이다 라는 생각을 합니다. 어 나눠준다 베푼다 라고 하는 거는 뭔가 가진 자들만의 여유가 아닌가 하는 생각도 들고요. 근데 또 실제 또 이렇게 주변에서 들어보면 어 뭐 불을 많이 이렇게 쌓아 놓은 사람들은 별로 기부하는 것에 대해서 인색하다. 뭐 이런 경우도 저는 종종 들었습니다. 그런데 이제 보통 기부하고 테이크가 있습니다. 이 기부와 같은 이 보다 테이크가 훨씬 더 욕심이 많고 어 뭐 사회 생활을 잘 하고 있다 라고 생각이 들지 몰라도 제 개인적인 생각은 기부를 꾸준히 하는 사람들이 훨씬 더 윤택한 생활을 하고 어 그러지 않은가 정신적으로도 굉장히 풍요로워질 것이다 라는 생각을 하고요. 저 같은 경우는 이런 생각을 하고 있음에도 불구하고 기부를 그렇게 많이는 못하지만 뭐 예를 들면은 저 같은 경우는 이제 제가 입고 있는 옷이 이제 좀 어 멀쩡한데 좀 유행을 덜 탄다든지 아니면은 뭐 제가 몸이 좀 커져가면서 비대해져서 어 안 맞는다든지 이런 경우에는 어 이렇게 베풀어주는 그런 센터들이 있더라고요. 나누어주는 센터들 그래서 거기다가 어 옷 같은 것을 기부를 하게 되면은 어 거기서 또 세금 공제도 해주고 그리고 그렇게 전달해 주고 나서 나왔을 때 어 저는 굉장히 그 기분이 뿌듯하고 좋고 또 그런 제 옷을 또 누군가가 입으면서도 따뜻함을 느낀다면 좋지 않을까 라는 생각을 합니다.","wordCount":210},"emotion":[],"intent":[{"text":"","expression":"","category":"attitude"}],"summary":{"text":"나눔과 베품은 사람이 살아가는 데 있어서 가장 우선순위이고 으뜸인 항목입니다. 보통 기부와 테이크가 더 욕심이 많고 사회 생활을 잘 하고 있다고 생각되지만 제 개인적인 생각은 기부를 꾸준히 하는 사람들이 훨씬 더 윤택한 생활을 하고 있지 않은가 정신적으로도 굉장히 풍요로워질 것이다 라는 생각을 합니다.","wordCount":43}}},"rawDataInfo":{"question":{"fileFormat":"wav","fileSize":641998,"duration":20060,"samplingBit":16,"channelCount":1,"samplingRate":"16kHz","audioPath":"/Mock/03.PublicService/Male/Experienced/ckmk_q_ps_m_e_259129.wav"},"answer":{"fileFormat":"wav","fileSize":3806798,"duration":118960,"samplingBit":16,"channelCount":1,"samplingRate":"16kHz","audioPath":"/Mock/03.PublicService/Male/Experienced/ckmk_a_ps_m_e_259129.wav"}}}