{"version":"1.0","dataSet":{"info":{"date":"20230116","occupation":"PS","channel":"MOCK","place":"ONLINE","gender":"MALE","ageRange":"35-44","experience":"EXPERIENCED"},"question":{"raw":{"text":"우리 회사에 들어와서 본인이 하고 싶은 업무가 있으신지 궁금합니다 어 그 이유와 함께 그 업무를 자세하게 말씀해 주시기 바랍니다","wordCount":19},"emotion":[],"intent":[]},"answer":{"raw":{"text":"네 제가 이 회사에 들어오게 된다면 제가 하고 싶은 일에 대해서 한 번 생각을 해 보았습니다. 어 무엇이 하고 싶을까를 고민을 많이 해봤는데 뭐니뭐니 해도 제가 쌓아온 경력과 스펙에서 갖고 있는 그런 자신감이 중요하다고 생각합니다. 그 제가 하고 싶었던 그런 영업 파트에서 또 제일 잘 할 수 있는 부분이고 또 있기 때문에 영업 파트에서 회사의 얼굴이 되고 싶습니다.그래서 영업에서 쌓아온 그런 마인드적인 그런 장점과 이런 것들을 접목시키게 되면은 분명히 회사에도 큰 도움이 되지 않을까 싶었습니다. 그래서 일단 영업의 가장 기본은 어 상대방 즉 고객한테 감동을 줘야 하고 또 어떤 적절한 서비스와 이런 것들을 갖춰져야만 어 고객이 감동을 받을 수 있다고 생각을 합니다. 그렇기 때문에 본인이 제가 들어오게 된다면은 이런 영업 파트에서 물론 바로 팀장급에는 갈 수 없겠지만 제가 쌓아온 그런 것들을 통해서 금방 바로 팀장급으로 가지 않을까 싶습니다. 그래서 그런 자신감도 있고 그런 또 충분한 능력이 제가 갖추고 있다고 판단을 했기 때문에 그렇게 진행을 하고 싶습니다. 근데 뭐 다른 업무를 맡아도 뭐 문제 될 건 없고 또 이에 맞춰서 진행할 수 있습니다. 이상입니다.","wordCount":163},"emotion":[],"intent":[{"text":"그래서 영업에서 쌓아온 그런 마인드적인 그런 장점과 이런 것들을 접목시키게 되면은 분명히 회사에도 큰 도움이 되지 않을까 싶었습니다.","expression":"c_sincere_co","category":"etc"}],"summary":{"text":"영업에서 쌓아온 마인드적인 장점과 이런 것들을 접목시키게 되면은 회사에도 큰 도움이 될 것 같습니다. 영업의 가장 기본은 상대방에게 감동을 줘야 하고 또 적절한 서비스와 같은 것들을 갖춰야만 고객이 감동을 받을 수 있다고 생각합니다. 제가 들어온다면 바로 팀장급으로 가리라 생각됩니다. 다른 업무를 맡아도 문제 될 건 없고 이에 맞춰서 진행할 수 있습니다.","wordCount":51}}},"rawDataInfo":{"question":{"fileFormat":"wav","fileSize":469838,"duration":14680,"samplingBit":16,"channelCount":1,"samplingRate":"16kHz","audioPath":"/Mock/03.PublicService/Male/Experienced/ckmk_q_ps_m_e_236037.wav"},"answer":{"fileFormat":"wav","fileSize":2796878,"duration":87400,"samplingBit":16,"channelCount":1,"samplingRate":"16kHz","audioPath":"/Mock/03.PublicService/Male/Experienced/ckmk_a_ps_m_e_236037.wav"}}}