{"version":"1.0","dataSet":{"info":{"date":"20230116","occupation":"PS","channel":"MOCK","place":"ONLINE","gender":"MALE","ageRange":"45-54","experience":"EXPERIENCED"},"question":{"raw":{"text":"지원자께서는 협업 경험이 많으신 걸로 알고 있습니다 그렇다면 사람들과 협업하시면서 가장 어려웠던 점이 있다면 어떤 점이 있는지 말씀해 주십시오","wordCount":19},"emotion":[],"intent":[]},"answer":{"raw":{"text":"협업을 하면서 가장 안타깝고 가장 속 터질 때가 소통이 안 될 땝니다. 그냥 자기 주장만 계속 주구장창하고 상대방을 이해하려 하지 않고 상대방의 이야기를 듣지 않으려고 하면 그거는 뭐 도저히 협업이 이루어질 수가 없습니다. 물론 어떻게 보면 나의 이익 내 회사의 이익이 가장 중요한 것은 맞습니다. 맞는데 때로는 좀 내가 손해보고 내 회사가 손해를 보더래도 어 협업이 잘 이루어지고 하는 것이 저는 비즈니스라고 생각을 합니다. 나 혼자만 잘 되고 상대방은 뭐 망해도 된다 뭐 나는 잘 되는데 내 동료는 뭐 좀 망가져도 된다 이런 것은 결국 어 비즈니스라고 할 수가 없습니다. 그래서 저는 협업을 할 때 이게 뭐 회사 간의 협업이든 부서 간의 협업이든 아니면 뭐 팀끼리의 협업이든 간에 소통이 되지 않고 내가 스스로 좀 희생하고 손해 보려는 정신이 없으면 어 그것은 협업이 잘 이루어질 수가 없습니다. 그래서 저는 사람들과 협업할 때 가장 중요한 것은 소통이라고 생각을 합니다. 소통이 돼야지 아 상대방이 이러한 얘기를 하고 있고 상대방이 사정이 저렇구나를 이해할 수 있고 그래야지 내 사정을 상대방한테 이야기하고 어 나의 주장을 상대방한테 이야기할 수 있다 라고 저는 생각합니다.","wordCount":166},"emotion":[],"intent":[{"text":"물론 어떻게 보면 나의 이익 내 회사의 이익이 가장 중요한 것은 맞습니다.","expression":"c_sincere_co","category":"etc"},{"text":"맞는데 때로는 좀 내가 손해보고 내 회사가 손해를 보더래도   어 협업이 잘 이루어지고 하는 것이 저는 비즈니스라고 생각을 합니다.","expression":"c_cop","category":"personality"},{"text":"그래서 저는 협업을 할 때 이게 뭐 회사 간의 협업이든 부서 간의 협업이든 아니면 뭐 팀끼리의 협업이든 간에   소통이 되지 않고 내가 스스로 좀 희생하고 손해 보려는 정신이 없으면 어 그것은 협업이 잘 이루어질 수가 없습니다.","expression":"c_cop","category":"personality"},{"text":"그래서 저는 사람들과 협업할 때 가장 중요한 것은 소통이라고 생각을 합니다.","expression":"c_cop","category":"personality"}],"summary":{"text":"협업 시 가장 중요한 것은 제 주장이 아니라 상대방의 이야기를 경청하는 소통입니다. 나 혼자 잘 되고 상대방은 망해도 된다는 것은 비즈니스가 아닙니다. 소통 없이 자신의 주장만 하는 것은 협업이 이루어질 수 없습니다. 사람과 협업할 때는 상대방의 이야기를 이해하는 것이 가장 중요합니다.","wordCount":41}}},"rawDataInfo":{"question":{"fileFormat":"wav","fileSize":441678,"duration":13800,"samplingBit":16,"channelCount":1,"samplingRate":"16kHz","audioPath":"/Mock/03.PublicService/Male/Experienced/ckmk_q_ps_m_e_107152.wav"},"answer":{"fileFormat":"wav","fileSize":2718478,"duration":84950,"samplingBit":16,"channelCount":1,"samplingRate":"16kHz","audioPath":"/Mock/03.PublicService/Male/Experienced/ckmk_a_ps_m_e_107152.wav"}}}