{"version":"1.0","dataSet":{"info":{"date":"20230116","occupation":"PS","channel":"MOCK","place":"ONLINE","gender":"MALE","ageRange":"55-","experience":"EXPERIENCED"},"question":{"raw":{"text":"다른 사람이 생각하는 지원자님의 장단점은 뭐라고 생각하나요 이유와 함께 말씀해 주세요","wordCount":11},"emotion":[],"intent":[]},"answer":{"raw":{"text":"제 장점은 제가 그 순간 기억력이 좀 좋은 편이에요. 네 그래서 그냥 딱 꽂히는 게 있으면 저는 조금 그 순간 그 부분에 대한 기억을 조금 확실하게 그리고 제가 중요하다고 생각을 하면 저는 좀 오래 기억을 하는 편이고요. 그 그만큼 저한테 인상이 확 꽂힌다는 거겠죠. 그러고 단점은 음 이것도 사실 그러니까 제 마음 먹은 기준인 건데 저는 제가 신경 쓰려면 굉장히 집중하고 신경을 쓰지만 제가 관심이 없거나 굳이 신경을 안 쓰려고 한다면 아무것도 상관하지 않습니다. 다 내버려두고요. 뭐 네 완전 뭐 그냥 무 규범 상태 그런 것만 아노미 상태인 것 마냥 뭐 하다못해 정말 뭐 뭐 소매치기가 지나가는데 저의 그거에 신경에 거슬리지 않거나 아무 것도 보이지 않는다면 내버려 둡니다. 그럴 수도 있는 그 정도의 어떤 네 부분인 것 같아요.","wordCount":118},"emotion":[],"intent":[{"text":"","expression":"","category":"attitude"}],"summary":{"text":"저는 순간 기억력이 좋은 편인데, 제가 중요하다고 생각할수록 그 부분에 대한 기억을 많이 하는 편입니다. 반면에 관심이 없거나 안 쓰려고 한다면 그냥 내버려 둡니다. 그럴 수도 있는 것 같습니다.","wordCount":29}}},"rawDataInfo":{"question":{"fileFormat":"wav","fileSize":276238,"duration":8630,"samplingBit":16,"channelCount":1,"samplingRate":"16kHz","audioPath":"/Mock/03.PublicService/Male/Experienced/ckmk_q_ps_m_e_179337.wav"},"answer":{"fileFormat":"wav","fileSize":2845518,"duration":88920,"samplingBit":16,"channelCount":1,"samplingRate":"16kHz","audioPath":"/Mock/03.PublicService/Male/Experienced/ckmk_a_ps_m_e_179337.wav"}}}