{"version":"1.0","dataSet":{"info":{"date":"20230116","occupation":"PS","channel":"MOCK","place":"ONLINE","gender":"MALE","ageRange":"55-","experience":"EXPERIENCED"},"question":{"raw":{"text":"지원자분께서는 지금 그 읽고 계신 책이 있으신지 궁금합니다 있으시다고 한다면 그게 무슨 책인지 궁금하고 왜 그 책을 읽으시는지에 대해서도 함께 이야기해 주시면 좋겠습니다","wordCount":23},"emotion":[],"intent":[]},"answer":{"raw":{"text":"요즘 최근에 읽고 있는 책은 자산 관리 올인원이라는 책입니다. 이 책은 제가 앞으로 노후 준비를 위해서 지금까지 기본적인 것을 배우지 못했던 그런 부분을 보완하고 지침이 되기 위해서 공부를 하고 있는 중입니다. 과거에 몇 차례 투자를 해서 실패한 경험들이 있기 때문에 다시는 그런 시행착오를 겪지 않기 위해서 이번 책을 구입해서 공부를 하고 있는 중입니다.","wordCount":53},"emotion":[],"intent":[{"text":"","expression":"","category":"attitude"}],"summary":{"text":"자산 관리 올인원은 제가 노후 준비를 위해 배워야 할 부분을 보완하고 지침이 되기 위해 공부하고 있는 중이며, 과거의 실패를 방지하기 위해 책을 구입했습니다.","wordCount":23}}},"rawDataInfo":{"question":{"fileFormat":"wav","fileSize":612558,"duration":19140,"samplingBit":16,"channelCount":1,"samplingRate":"16kHz","audioPath":"/Mock/03.PublicService/Male/Experienced/ckmk_q_ps_m_e_267614.wav"},"answer":{"fileFormat":"wav","fileSize":2859598,"duration":89360,"samplingBit":16,"channelCount":1,"samplingRate":"16kHz","audioPath":"/Mock/03.PublicService/Male/Experienced/ckmk_a_ps_m_e_267614.wav"}}}