{"version":"1.0","dataSet":{"info":{"date":"20230116","occupation":"PS","channel":"MOCK","place":"ONLINE","gender":"MALE","ageRange":"35-44","experience":"EXPERIENCED"},"question":{"raw":{"text":"지원자님께서 그동안 인생에서 겪었던 갈등들 중에 가장 심각했던 것은 무엇인가요 한 가지만 골라서 가능한 구체적으로 말씀해 주세요","wordCount":17},"emotion":[],"intent":[]},"answer":{"raw":{"text":"네 제가 그동안 인생에서 가장 고민이 많고 가장 심각하게 생각했던 부분에 대해서 한번 생각을 해 봤는데 그 부분에 대해서 답변 드리겠습니다. 어 일단 제가 군 생활을 남들처럼 병사생활을 한 게 아니고 간부를 지원해서 간부 생활을 한 육 년 정도 했습니다. 네 그때는 이제 군에 대한 갈망이 있었고 또 그러다 보니까 간부로 지원해서 사관 학교나 뭐 이렇게 해서 다 이겨내고 군 생활을 시작하고 또 적성에 맞았었습니다. 맞았었는데 어느 순간 이런 심각한 고민이 들었습니다. 어 군 생활이 아닌 사회에서도 내가 할 수 있는 일이 분명히 있을 것 같고 더 잘 할 수 있는 일이 있을 것 같다는 생각이 들면서 그때 정말 갈등을 많이 했던 것 같습니다. 군 생활을 계속 할지 이제 안정적인 군생활을 계속할지와 아니면 새로운 도전 새로운 경험을 통한 어 미래에 대해서 구상을 해 볼지 그 부분에 대해서 정말 심각하고 한 몇 달 동안 그 부분만 고민을 한 결과 지금 이 자리에서 면접을 보고 있지만 그때 정말 많은 고민을 했었던 것 같습니다. 네 이상입니다.","wordCount":153},"emotion":[],"intent":[{"text":"","expression":"","category":"attitude"}],"summary":{"text":"저는 간부로 지원해서 간부 생활을 한 육 년 정도 했습니다. 어느 순간 사회에서도 제가 할 수 있는 일이 분명할 것 같아 고민했습니다. 군 생활을 계속 할지 안정적인 군생활을 계속할지와 새로운 도전 새로운 경험을 통한 어 미래에 대해서 구상을 해 볼지 정말 많은 고민을 했었던 것 같습니다.","wordCount":46}}},"rawDataInfo":{"question":{"fileFormat":"wav","fileSize":621518,"duration":19420,"samplingBit":16,"channelCount":1,"samplingRate":"16kHz","audioPath":"/Mock/03.PublicService/Male/Experienced/ckmk_q_ps_m_e_214759.wav"},"answer":{"fileFormat":"wav","fileSize":2646478,"duration":82700,"samplingBit":16,"channelCount":1,"samplingRate":"16kHz","audioPath":"/Mock/03.PublicService/Male/Experienced/ckmk_a_ps_m_e_214759.wav"}}}