{"version":"1.0","dataSet":{"info":{"date":"20230116","occupation":"PS","channel":"MOCK","place":"ONLINE","gender":"MALE","ageRange":"55-","experience":"EXPERIENCED"},"question":{"raw":{"text":"최근에 본 뉴스 중에 가장 인상 깊었던 뉴스는 무엇인가요 이유와 함께 말씀해 주세요","wordCount":13},"emotion":[],"intent":[]},"answer":{"raw":{"text":"최근 뉴스요 뭐 뻔하죠. 네 국민 메신저라고 불릴 만한 그 어플이 멈췄잖아요. 그리고 그 어플만 멈춘 게 아니라 그 회사에 관련된 모든 어플 모든 뭐 사이트 뭐 다 멈췄잖아요. 네 아주 참 무슨 영화나 드라마에 나올 만한 사건인 거 같애요. 이게 어떻게 이렇게까지 참 복구가 어렵고 뭔가 이렇게 좀 무능해 보일 수 있는지 왜 하나만 의존했는지 아닌가요 제가 잘못 알고 있는 건가요. 네 뭐 우리가 핸드폰을 바꿔도 기본적으로 뭐 백업을 한다든지 이런 기본적인 건 하고 서비스 센터에 가잖아요 뭘 하든지 간에. 하물며 그 대기업이 이렇게 모든 게 멈춰버린다면 정말 어 어디든 간에 이렇게 굴러가는 게 맞나 싶은 그 운영 체제가 맞나 봐요 정말. 신기합니다.","wordCount":104},"emotion":[],"intent":[{"text":"","expression":"","category":"attitude"}],"summary":{"text":"최근 대기업의 모든 어플, 사이트가 멈췄는데 복구가 어렵고 무능해 보일 수 밖에 없는 것이 하나만 의존한 것이 아니라 모든 것이 멈춘다면 모든 운영 체제가 맞는지 신기할 따름입니다.","wordCount":27}}},"rawDataInfo":{"question":{"fileFormat":"wav","fileSize":279758,"duration":8740,"samplingBit":16,"channelCount":1,"samplingRate":"16kHz","audioPath":"/Mock/03.PublicService/Male/Experienced/ckmk_q_ps_m_e_179660.wav"},"answer":{"fileFormat":"wav","fileSize":2873998,"duration":89810,"samplingBit":16,"channelCount":1,"samplingRate":"16kHz","audioPath":"/Mock/03.PublicService/Male/Experienced/ckmk_a_ps_m_e_179660.wav"}}}