{"version":"1.0","dataSet":{"info":{"date":"20230116","occupation":"PS","channel":"MOCK","place":"ONLINE","gender":"MALE","ageRange":"-34","experience":"EXPERIENCED"},"question":{"raw":{"text":"만약 상사가 본인의 업무와 무관한 일을 시킨다면 잘 수행할 자신이 있나요 아니면 수행하지 않을 것인가요","wordCount":15},"emotion":[],"intent":[]},"answer":{"raw":{"text":"처음에는 굉장히 당황스러울 것 같습니다. 업무와 무관한 일을 해야 한다는 그런 업무와 무관한 지시를 하는 그 상황 자체가 비상식적인 상황이 아닐까요. 이 자리에 앉혀진 거는 이 자리에서 이 업무를 하라는 것인데 무관한 일을 시킨다는 것은 그 상사의 개인적인 일이 일이라고 생각을 합니다. 그렇게 개인적인 일을 시켰을 때 그것에 반기를 들고서 이런 것은 못하겠다 라고 얘기를 해야 되는 것이 맞을 수도 있어요. 그것이 어떤 회사 회사 내에서 조직 내에서 정의를 구현하는 일 수도 있겠지만 한 번 더 생각을 해보면 왜 시켰을까를 고민을 해보게 될 것 같아요. 아 상사가 개인적인 일을 시킬 정도로 그렇게 바쁜 가 보구나 그런 마음도 한 번 우리가 넓은 아량으로 생각해볼 수 있지 않을까요 그래 내가 기꺼이 해준다 나는 이 정도도 충분히 해줄 수 있으니까 나는 뭐 이 정도는 해줄 수 있다 그런 마음이죠.","wordCount":126},"emotion":[],"intent":[{"text":"","expression":"","category":"attitude"}],"summary":{"text":"업무와 무관한 지시를 하는 상황은 비상식적인 상황이며, 그렇게 개인적인 일을 시킨다는 것은 그 상사의 개인적인 일이라고 생각하여 반기를 들고서 이런 것은 못하겠다 라고 얘기하는 것이 맞을 수도 있습니다. 하지만 한 번 더 생각해 보면 왜 시켰을까를 고민하게 될 것 같습니다.","wordCount":40}}},"rawDataInfo":{"question":{"fileFormat":"wav","fileSize":298958,"duration":9340,"samplingBit":16,"channelCount":1,"samplingRate":"16kHz","audioPath":"/Mock/03.PublicService/Male/Experienced/ckmk_q_ps_m_e_199744.wav"},"answer":{"fileFormat":"wav","fileSize":2842958,"duration":88840,"samplingBit":16,"channelCount":1,"samplingRate":"16kHz","audioPath":"/Mock/03.PublicService/Male/Experienced/ckmk_a_ps_m_e_199744.wav"}}}