{"version":"1.0","dataSet":{"info":{"date":"20230116","occupation":"PS","channel":"MOCK","place":"ONLINE","gender":"MALE","ageRange":"35-44","experience":"EXPERIENCED"},"question":{"raw":{"text":"네 우리 회사에 딱 입사를 하셨더니 어 업무 내용이나 강도가 예상했던 것과 전혀 다를 수 있는 상황도 있을 것 같은데요 어 그런 상황에서 지원자님은 어떻게 하시겠는지 한 번 말씀해 주시겠습니까","wordCount":30},"emotion":[],"intent":[]},"answer":{"raw":{"text":"어 회사마다 입사를 했을 때 업무 내용이나 업무 방식이나 업무 처리 방법 업무 강도 뭐 여러 가지가 다 틀릴 겁니다. 저는 전 회사에서 내가 뭐 백에서 뭐 오십의 일을 했는데 지금 회사에 입사에서 뭐 팔십의 구십의 강도가 느껴진다. 그건 당연한 겁니다. 왜 그러면 회사의 분위기가 바뀌고 뭐 똑같은 일이어도 처리하는 절차가 다 틀리기 때문에 그런 것들이 당연히 회사가 바뀐 상황에서는 그것이 이제 여러 가지 인제 절차를 겪다 보면 에너지 소비가 되는 것이고 그러다 보면 당연히 느끼는 업무 강도가 클 겁니다. 그런 부분에 있어서는 전혀 뭐 부담이 없고 당연히 바뀌는 회사에 적응하는 단계 중의 하나이기 때문에 그거는 이제 시간이 지나고 경험이 좀 쌓이고 노하우가 생기면서 충분히 해소될 수 있는 부분입니다. 그러기 때문에 당연히 예상했던 것보다는 더 힘들 것이고 좀 더 어 다른 분위기와 다른 환경에서 업무를 하는 거기 때문에 그런 와닿는 몸에 와닿는 강도가 좀 틀릴 겁니다. 그 부분도 충분히 예상하고 있기 때문에 전혀 뭐 문제되거나 그럴 경우는 없을 것 같습니다. 네 이상입니다.","wordCount":152},"emotion":[],"intent":[{"text":"","expression":"","category":"attitude"}],"summary":{"text":"회사마다 입사를 했을 때 업무 내용이나 방식, 처리 방법, 업무 강도 다 틀릴 것입니다. 회사 분위기가 바뀌고 똑같은 일이어도 처리하는 절차가 다 틀려 절차를 겪다 보면 업무 강도가 클 수밖에 없습니다. 그 부분은 이미 경험이 축적되고 노하우가 생기면서 해소될 수 있는 부분이기 때문에 전혀 문제가 될 경우는 없을 것 같습니다.","wordCount":50}}},"rawDataInfo":{"question":{"fileFormat":"wav","fileSize":544078,"duration":17000,"samplingBit":16,"channelCount":1,"samplingRate":"16kHz","audioPath":"/Mock/03.PublicService/Male/Experienced/ckmk_q_ps_m_e_191912.wav"},"answer":{"fileFormat":"wav","fileSize":2668238,"duration":83380,"samplingBit":16,"channelCount":1,"samplingRate":"16kHz","audioPath":"/Mock/03.PublicService/Male/Experienced/ckmk_a_ps_m_e_191912.wav"}}}