{"version":"1.0","dataSet":{"info":{"date":"20230116","occupation":"PS","channel":"MOCK","place":"ONLINE","gender":"MALE","ageRange":"45-54","experience":"EXPERIENCED"},"question":{"raw":{"text":"업무를 하다 보면 영어를 사용해서 서류를 작성해야 할 일이 생길 가능성이 있습니다 지원자님께서는 영어로 서류를 작성하시는데 문제가 없으신가요","wordCount":18},"emotion":[],"intent":[]},"answer":{"raw":{"text":"네 영어로 서류 작성은 가능합니다. 어 포맷이 있고 양식이 있는 서류 같은 경우는 어 너무나 많이 다뤄 봤고 또 특히나 우리가 제가 해왔던 업무에 관련된 서류라면 어 저는 서류 작 영어로 서류 작성하는 거에 대해서는 크게 문제는 없다 라고 생각합니다. 어 근데 어 쪼끔 더 자세히 말씀드리면 예를 들어서 뭐 어떤 작문을 하거나 아니면 어떤 뭐 레터를 번역을 해야 되는 경우는 솔직히 말씀드려 봐서 쪼금 어려움이 있습니다. 어 기본 양식이 있고 틀이 있는 기본적인 관련 서류 업무에 관련된 서류 같은 경우는 많이 다뤄 봤기 때문에 어 그것을 뭐 모르면 뭐 보고 할 수도 있고 하지만 그냥 완전히 순수한 뭐 영문 어 뭐 책을 번역을 한다 라든지 아니면 어떤 레터를 작성하고 이런 것에 대해서는 솔직히 조금 부족한 게 많습니다. 어 저는 하지만 그 회사 내에서 하는 그 영어 스터디를 계속하고 있고 어 업무에 영어는 기본이다 보니까 영어 회화 같은 경우는 지금 한 사 오 년 째 계속 그 회사 내에서 하는 스터디를 하고 있습니다. 어 서류 작성은 크게 문제가 없다고 생각합니다.","wordCount":160},"emotion":[],"intent":[{"text":"","expression":"","category":"attitude"}],"summary":{"text":"영어로 서류 작성은 가능합니다. 양식이 있는 서류는 많이 다뤄봤기 때문에 크게 문제는 없습니다. 하지만 어떤 작문을 하거나 레터를 번역해야 되는 경우는 어려움이 있습니다. 기본적인 관련 서류는 다루었기 때문에 완전 순수한 번역이나 레터를 작성하는 것은 부족하지만 회사 내에서 영어 스터디를 하고 있으므로 큰 문제는 없다고 생각합니다.","wordCount":45}}},"rawDataInfo":{"question":{"fileFormat":"wav","fileSize":583758,"duration":18240,"samplingBit":16,"channelCount":1,"samplingRate":"16kHz","audioPath":"/Mock/03.PublicService/Male/Experienced/ckmk_q_ps_m_e_106773.wav"},"answer":{"fileFormat":"wav","fileSize":2667918,"duration":83370,"samplingBit":16,"channelCount":1,"samplingRate":"16kHz","audioPath":"/Mock/03.PublicService/Male/Experienced/ckmk_a_ps_m_e_106773.wav"}}}