{"version":"1.0","dataSet":{"info":{"date":"20230116","occupation":"PS","channel":"MOCK","place":"ONLINE","gender":"MALE","ageRange":"55-","experience":"EXPERIENCED"},"question":{"raw":{"text":"다른 부서와 갈등 상황이 발생할 수 있겠죠 그렇다면 이때 어떻게 해결을 하실 건지 상황을 가정하고 말씀해 주시기 바랍니다","wordCount":18},"emotion":[],"intent":[]},"answer":{"raw":{"text":"만약 타 부서와 갈등 상황이 발생한다면 어떻게 해결하시겠습니까 상황을 가져가고 말씀해 주세요. 이게 타 부서와 갈등 상황이 발생한다면 아 원활히 해결하는 게 쉽지는 않을 수도 있습니다. 왜냐하면은 어 그때그때 일어나는 처음에 발생한 그러한 상황이었으면 빨리 대치하는 게 가능하다고 봅니다. 하지만 시간이 지나면서 상황이 발생하는 것 또한 많은 다툼이 일어날 걸로 생각하고 있습니다. 그러기 위해서는 늘 어 같은 회사에서의 타 부서하고의 그러한 상황을 늘 이렇게 그 잘 유지하는 쪽에 있어야 많은 문제에서 회피할 수 있다고 생각을 합니다. 어 특히 어 갈등이 벌어지는 것은 저는 이제 업무적인 그러한 서로의 경쟁이라든가 아 서로에 그러한 아 자존심을 건드리는 일들 이런 쪽에서 많이 발생할 수 있다고 생각합니다. 그런 상황이 아 돌발하지 않기를 어 이성적인 그런 관점에서 늘 대화하고 서로를 배려하는 것이 무엇보다도 중요하다고 생각합니다. 저는 여태까지 그러한 뭐 어 가장 위험 수준에 도달하는 그러한 상황까지는 이르지 않았다고 생각합니다. 여러 가지 그러한 상황 속에서 서로를 이해해 주고 아 그때그때마다 서로 에 그러한 자존심까지 상처받지 않는 그러한 관계가 필요하다고 생각을 합니다.","wordCount":154},"emotion":[],"intent":[{"text":"","expression":"","category":"attitude"}],"summary":{"text":"타 부서와 갈등 상황이 발생한다면 빨리 대치하는 게 가능하지만 시간이 지날수록 많은 다툼이 일어날 거라고 생각합니다. 갈등은 업무적인 경쟁이나 자존심을 건드리는 쪽에서 많이 발생할 수 있기 때문에 이성적인 관점에서 늘 대화하고 서로를 배려하는 것이 중요하다고 생각합니다.","wordCount":36}}},"rawDataInfo":{"question":{"fileFormat":"wav","fileSize":419278,"duration":13100,"samplingBit":16,"channelCount":1,"samplingRate":"16kHz","audioPath":"/Mock/03.PublicService/Male/Experienced/ckmk_q_ps_m_e_242095.wav"},"answer":{"fileFormat":"wav","fileSize":3871438,"duration":120980,"samplingBit":16,"channelCount":1,"samplingRate":"16kHz","audioPath":"/Mock/03.PublicService/Male/Experienced/ckmk_a_ps_m_e_242095.wav"}}}