{"version":"1.0","dataSet":{"info":{"date":"20230116","occupation":"PS","channel":"MOCK","place":"ONLINE","gender":"MALE","ageRange":"35-44","experience":"EXPERIENCED"},"question":{"raw":{"text":"어 휴식을 취할 때 지원자님께서는 어 주로 어떤 일들을 하시나요 그리고 그런 일들을 하는 이유는 무엇인지 궁금합니다 그 이유도 함께 말씀해 주시길 바랍니다","wordCount":23},"emotion":[],"intent":[]},"answer":{"raw":{"text":"네 휴식 자기 개인 시간이 있을 때 무슨 일을 들을 하는 데에서 그 이유와 함께 답변 드리도록 하겠습니다. 어 휴식을 취할 때는 충분한 휴식을 취해야 한다고 생각합니다. 네 휴식을 취한다는 게 꼭 누워있거나 뭐 잠을 자거나 하는 게 저는 휴식이라고 생각하지 않습니다. 자기가 좋아하는 일 즐거워하는 일을 해야 그게 진정한 휴식이 될 수 있기 때문에 어 저 같은 경우에는 그 운동을 좀 많이 하고 있습니다. 운동을 하고 있는데 땀을 많이 흘릴 수 있는 그런 운동들을 했을 때 그 날의 스트레스나 그날에 있었던 일들에 대해서 리플렛이 될 수 있다고 생각합니다. 그래서 이제 개인 시간에는 주로 운동을 많이 하고 있고 어 그래서 배운 운동이 이제 테니스와 이제 마라톤을 주로 하고 있는데 그 두 가지 운동의 공통점은 땀을 많이 흘릴 수 있고 활동량이 매우 높다는 겁니다. 그 두 가지 일을 했을 때 그 스트레스 해소나 이런 것들이 굉장히 큰 요소였고 또는 이제 책을 좀 읽으면서 독서하는 시간과 영화 시청 이런 것들을 하면서 휴식을 취하면서 어 개인의 그 마인드 쪽으로나 정신적으로나 이렇게 좀 리마인드 시키는 그렇게 휴식을 취하고 있습니다. 이상입니다.","wordCount":166},"emotion":[],"intent":[{"text":"","expression":"","category":"attitude"}],"summary":{"text":"휴식은 자기 개인 시간이 있을 때 어떤 일을 하는 데에서 이유와 함께 답변 드리도록 하겠습니다. 휴식을 취할 때는 충분한 휴식을 취해야 한다고 생각합니다. 저 같은 경우에는 운동을 좀 많이 하고 있는데 그 날의 스트레스나 그날의 일들에 대해서 리플렛이 될 수 있기 때문에 저 같은 경우는 독서시간이나 영화 시청 등을 하면서 휴식을 취하고 있습니다.","wordCount":53}}},"rawDataInfo":{"question":{"fileFormat":"wav","fileSize":461198,"duration":14410,"samplingBit":16,"channelCount":1,"samplingRate":"16kHz","audioPath":"/Mock/03.PublicService/Male/Experienced/ckmk_q_ps_m_e_214760.wav"},"answer":{"fileFormat":"wav","fileSize":2741838,"duration":85680,"samplingBit":16,"channelCount":1,"samplingRate":"16kHz","audioPath":"/Mock/03.PublicService/Male/Experienced/ckmk_a_ps_m_e_214760.wav"}}}