{"version":"1.0","dataSet":{"info":{"date":"20230116","occupation":"PS","channel":"MOCK","place":"ONLINE","gender":"MALE","ageRange":"35-44","experience":"EXPERIENCED"},"question":{"raw":{"text":"어 만약 지원자님께서 지금 지원하신 이 직무가 아닌 다른 부서에 배치가 되실 수도 있습니다 그렇게 된다면 어떻게 하실 건가요 그리고 그렇게 된다고 하더라도 괜찮으신가요","wordCount":24},"emotion":[],"intent":[]},"answer":{"raw":{"text":"음 만약 제가 지원한 이런 직무가 아닌 생각지도 못한 다른 곳사에 배치가 된다면 한번 생각을 해 봤는데 그 분에 답변 드리겠습니다. 어 제가 이제 이 부분을 지원하는 계기는 제가 제일 자신 있는 부분이고 또 잘 할 수 있는 부분이기 때문에 분명히 지원하는 건 맞습니다. 근데 이제 생각지도 못한 다른 부서에 배치가 된다면은 어 절대 뭐 당황하거나 뭐 위기가 될 것 같지는 않습니다. 왜냐하면 제가 지원한 일에 대해서는 자신이 있고 또 해본 거기 때문에 저의 이 능력은 없어진다고 생각하지 않습니다. 이 능력을 갖춰 놓은 상태에서 도 다른 부서에서 다른 업무를 맡아 하게 되면은 좀 더 자기 개인 능력이나 스펙이나 모든 분야에서 발전되는 부분이기 때문에 그 부분에 대해서는 굉장히 긍정적인 요소로 접근할 수 있을 것 같고 또한 여러 가지를 또 그 후에 또 갖춰진다면 그때 당시에는 이제 개인 업무 능력이 올라가기 때문에 다음 상급 업무를 또 맡아서 할 수 있는 기회도 생길 것이고 그런 자격이 갖추어진다고 생각하기 때문에 새로운 일을 맡아 준다는 거는 굉장히 긍정적인 시그널이 될 것 같습니다. 이상입니다.","wordCount":158},"emotion":[],"intent":[{"text":"어 제가 이제 이 부분을 지원하는 계기는 제가 제일 자신 있는 부분이고 또 잘 할 수 있는 부분이기 때문에 분명히 지원하는 건 맞습니다.","expression":"c_sincere_job","category":"etc"}],"summary":{"text":"이 직무가 아닌 다른 부서에 배치가 된다면 저는 자신 있고 잘 할 수 있는 부분이라 지원하게 됩니다. 이 능력을 갖춰 놓고 다른 부서에서 다른 업무를 맡아 하게 되면 자기 개인 능력이나 스펙이나 모든 분야에서 발전되는 부분이기에 그 부분에 대해서는 굉장히 긍정적인 요소로 접근할 수 있을 것 같습니다.","wordCount":47}}},"rawDataInfo":{"question":{"fileFormat":"wav","fileSize":454478,"duration":14200,"samplingBit":16,"channelCount":1,"samplingRate":"16kHz","audioPath":"/Mock/03.PublicService/Male/Experienced/ckmk_q_ps_m_e_214758.wav"},"answer":{"fileFormat":"wav","fileSize":2649038,"duration":82780,"samplingBit":16,"channelCount":1,"samplingRate":"16kHz","audioPath":"/Mock/03.PublicService/Male/Experienced/ckmk_a_ps_m_e_214758.wav"}}}