{"version":"1.0","dataSet":{"info":{"date":"20230116","occupation":"PS","channel":"MOCK","place":"ONLINE","gender":"MALE","ageRange":"35-44","experience":"EXPERIENCED"},"question":{"raw":{"text":"배달의민족을 사용하시면서 서비스에 대해 아쉬웠던 부분이 있다면 무엇인지 말씀해 주세요","wordCount":10},"emotion":[],"intent":[]},"answer":{"raw":{"text":"처음에 배달의 민족이 나왔을 때는 많은 사람들의 관심을 받고 사용함이 편리했었습니다. 왜냐하면 각 동네에 있는 맛집 또는 내가 좋아하는 음식점을 검색 하나로 모든 걸 다 찾을 수 있었습니다. 그리고 어떤 동네를 가든 그 동네에 맛집 및 음식점을 쉽게 검색할 수 있어 이렇게 좋은 플랫폼이 대한민국에두 있구나 라는 생각을 했습니다. 그런데 어느 순간부터 배달의 민족은 플랫폼만이 가지고 있는 특성을 악용하기 시작했습니다. 특히나 배달의 민족을 통해서 많은 고객들이 유입된다는 것을 알고 그때부터 광고를 하기 시작했고 그 광고는 결국 자영업자 및 소비자가 전부 다 부담할 수 밖에 없었습니다. 왜냐하면 광고를 많이 하게 되면 자영업자들은 결국은 음식 값을 올려야 되고 또는 배달비를 소비자가 부담해야 되는 부당한 것으로 이제는 갈비 또는 치킨 이런 것들이 삼만 원 사만 원짜리 음식들이 너무 많아졌습니다. 기존의 자영업자들이 돈을 아낄 수 있는 방법을 만드는 게 아니라 결국 과다한 소비 경쟁 과다한 노출 경쟁을 통해서 마케팅을 통해서 후기도 거짓으로 작성하게 만들고 후기를 정확하게 작성하면 나쁘게 작성했다는 이유로 자영업자들이 고객들에게 직접 연락하고 협박까지 한다고 합니다. 현재는 배달의 민족을 사용하지 않고 동네에 있는 어플을 따로 사용하고 있습니다.","wordCount":164},"emotion":[],"intent":[{"text":"","expression":"","category":"attitude"}],"summary":{"text":"배달의 민족은 처음에는 편리했지만 어느 순간부터 플랫폼만이 가지고 있는 특성을 악용하여 자영업자 및 소비자가 전부 다 부담하게 되었습니다. 과다한 소비 경쟁 과다한 노출 경쟁을 통해서 마케팅을 통해서 후기도 거짓으로 작성하게 만들고 정확하게 작성하면 나쁘게 작성했다는 이유로 고객들에게 직접 연락하고 협박까지 한다고 합니다. 현재는 동네에 있는 어플을 따로 사용하고 있습니다.","wordCount":49}}},"rawDataInfo":{"question":{"fileFormat":"wav","fileSize":294478,"duration":9200,"samplingBit":16,"channelCount":1,"samplingRate":"16kHz","audioPath":"/Mock/03.PublicService/Male/Experienced/ckmk_q_ps_m_e_195123.wav"},"answer":{"fileFormat":"wav","fileSize":2668238,"duration":83380,"samplingBit":16,"channelCount":1,"samplingRate":"16kHz","audioPath":"/Mock/03.PublicService/Male/Experienced/ckmk_a_ps_m_e_195123.wav"}}}