{"version":"1.0","dataSet":{"info":{"date":"20230116","occupation":"PS","channel":"MOCK","place":"ONLINE","gender":"MALE","ageRange":"55-","experience":"EXPERIENCED"},"question":{"raw":{"text":"대한민국의 금융 정책 기관으로서 우리 신용보증기금이 확대해야 할 업무 영역은 무엇이라고 생각하시나요","wordCount":12},"emotion":[],"intent":[]},"answer":{"raw":{"text":"대한민국의 금융 정책 기관으로서 우리 신용 보증 기금이 호가대해야 할 업무 영역은 무엇이라고 생각하십니까. 네 어 금융 정책 기관으로서 어 공정하고 정정하게 아 정의롭게 일을 해야 되는 것은 참으로 중요합니다. 그리고 무엇보다도 신용 보증 기금이라면 아 신용을 토대로 아 보증을 하면서 기금을 이렇게 지원하는 그러한 중요한 어 업무를 가지고 있습니다. 아 무엇보다도 중요하게 생각하는 거는 아 친분이라든가 인맥으로 할 수 있는 사항은 아니라고 보여집니다. 무엇보다도 어 정확한 아 기준에 의해서 어 업무를 아 봐야 된다고 생각합니다. 금융기관으로서 해야 될 일들은 어떻게 보면 소외된 사람에게도 공정한 기회를 주고 아 이렇게 힘 있는 사람에게는 아 힘을 또한 어 그거에 맞춰서 제한할 수 있는 그런 부분도 필요하다고 생각합니다. 그런 부분에서 신용 보증 기금은 아 사회 지탄을 받을 수 있는 그러한 일들을 하면 안되고 어떻게 보면 깨끗한 이미지의 어 기금을 운영하는 어 기업이 되어야 된다고 생각합니다. 그런 면에서 무엇보다도 타의 그러한 본이 될 수 있는 그런 일이라고 생각합니다. 우리가 무엇보다도 중요한 것은 신뢰고 어 신용입니다. 그런 것들을 먼저 중요시하고 우리가 먼저 깨끗하게 노력하는 데 있어서 업무가 먼저 기준이 어 기초가 될 수 있다고 생각을 합니다.","wordCount":171},"emotion":[],"intent":[{"text":"","expression":"","category":"attitude"}],"summary":{"text":"신용 보증 기금은 신용을 토대로 보증을 하면서 기금을 지원하는 중요한 업무를 가지고 있습니다. 금융기관으로서 해야 될 일들은 소외된 사람에게도 공정한 기회를 주고 힘 있는 사람에게는 힘을 제한할 수 있는 부분도 필요하다고 생각합니다. 신용은 중요한 신뢰이고 신용을 먼저 중요시하고 깨끗한 이미지의 기금을 운영하는 기업이 되어야 합니다.","wordCount":45}}},"rawDataInfo":{"question":{"fileFormat":"wav","fileSize":389198,"duration":12160,"samplingBit":16,"channelCount":1,"samplingRate":"16kHz","audioPath":"/Mock/03.PublicService/Male/Experienced/ckmk_q_ps_m_e_242099.wav"},"answer":{"fileFormat":"wav","fileSize":3877198,"duration":121160,"samplingBit":16,"channelCount":1,"samplingRate":"16kHz","audioPath":"/Mock/03.PublicService/Male/Experienced/ckmk_a_ps_m_e_242099.wav"}}}