{"version":"1.0","dataSet":{"info":{"date":"20230116","occupation":"PS","channel":"MOCK","place":"ONLINE","gender":"MALE","ageRange":"45-54","experience":"EXPERIENCED"},"question":{"raw":{"text":"그 일을 하던 중에 이제 같은 팀원과 아 뭐 불화나 마찰이 생긴다면 어떻게 해결하시겠습니까 아 해결법과 그 이유를 좀 말씀해 주시면 감사하겠습니다","wordCount":22},"emotion":[],"intent":[]},"answer":{"raw":{"text":"음 저희는 불화가 생기면 안 됩니다. 특히나 일을 하는 와중에 네 와중이 아니라면 불화가 생겨도 되는데요. 일을 하던 중이라면 안 됩니다. 왜냐하면 어 비교하는 거를 좋아하지는 않지만 저희의 일은 생명을 다루는 일이기 때문에 감정적인 일로 생명을 그르치게 할 수는 없습니다. 네 그래서 서로 간의 감정은 잠시 접어두고 안전하게 우선 환자를 살리는 거를 목표로 해야 되기 때문에 불화가 생기는 거는 일을 하던 중에는 그 누구도 허용이 되어서는 안되고 일이 다 끝난 다음에 그다음에 어 서로 간에 만나서 다른 조용한 자리에서 대화로 해결을 하든 뭐든 간에 사실 그건 중요하지 않습니다. 아마 대화였으면 좋겠지만 그렇게 진행이 되어야 될 것 같습니다.","wordCount":97},"emotion":[],"intent":[{"text":"네 그래서 서로 간의 감정은 잠시 접어두고   안전하게 우선 환자를 살리는 거를 목표로 해야 되기 때문에 불화가 생기는 거는   일을 하던 중에는 그 누구도 허용이 되어서는 안되고 일이 다 끝난 다음에   그다음에 어 서로 간에 만나서 다른 조용한 자리에서   대화로 해결을 하든 뭐든 간에 사실 그건 중요하지 않습니다.","expression":"c_confl_mg","category":"personality"}],"summary":{"text":"우리는 생명을 다루는 일이기 때문에 감정적인 일로 생명을 그르칠 수는 없습니다. 그래서 불화가 생기는 거는 일을 하던 중에는 그 누구도 허용이 되어서는 안되고 일이 다 끝난 다음에 대화로 해결합니다.","wordCount":29}}},"rawDataInfo":{"question":{"fileFormat":"wav","fileSize":659278,"duration":20600,"samplingBit":16,"channelCount":1,"samplingRate":"16kHz","audioPath":"/Mock/03.PublicService/Male/Experienced/ckmk_q_ps_m_e_112033.wav"},"answer":{"fileFormat":"wav","fileSize":2756558,"duration":86140,"samplingBit":16,"channelCount":1,"samplingRate":"16kHz","audioPath":"/Mock/03.PublicService/Male/Experienced/ckmk_a_ps_m_e_112033.wav"}}}