{"version":"1.0","dataSet":{"info":{"date":"20230116","occupation":"PS","channel":"MOCK","place":"ONLINE","gender":"MALE","ageRange":"35-44","experience":"EXPERIENCED"},"question":{"raw":{"text":"우리 회사가 해외 무대로 진출한다면 어디로 진출하는 것이 좋을까요 그렇게 생각하시는 이유와 함께 말씀 부탁드립니다","wordCount":15},"emotion":[],"intent":[]},"answer":{"raw":{"text":"어 우리 회사가 제가 입사 후에 이제 해외 무대로 진출하면 어 어디로 진출하는 것이 가장 좋을지 한번 생각해 봤는데 그 분에 대해서 답변 드리겠습니다. 한 세 가지로 정리가 될 것 같습니다. 가장 우리 세계에서 유망하고 성과가 좋고 큰 기업들이 모여있는 미국이라는 나라가 있을 것이고 또는 이제 땅 덩어리가 넓고 사람이 많아서 인력에 대해서 큰 장점을 갖고 있는 중국이라는 나라가 있을 것이고 아직은 조금 못 사는 나라로 이미지가 갖춰져 있는 이 동남아 계열인 나라에서 아 싼 인력비와 이런 싼 물가로 인한 큰 가상비를 낼 수 있는 그런 동남아 계열의 나라들이 있을 것 같습니다. 근데 제일 그래도 좋은 것은 미국이라는 나라에서 그 큰 기업들이 갖고 있는 마인드나 그런 절차 방법 생각하는 게 무엇인지에 대해서 알고 온다면은 회사가 더욱더 큰 비전을 바라볼 수 있거나 또는 진출했을 때 어 회사에 가질 수 있는 성과나 이익 등을 판단했을 때 예 미국이라는 나라가 가장 큰 성과가 있지 않을까 싶습니다. 이상입니다.","wordCount":144},"emotion":[],"intent":[{"text":"","expression":"","category":"attitude"}],"summary":{"text":"회사가 입사 후 해외 진출 시 가장 좋은 곳은 미국, 중국, 동남아 계열인 나라들일 것 같습니다. 그 중 가장 좋은 것은 미국이라는 나라의 큰 기업들이 갖고 있는 마인드나 절차 방법을 알고 온다면 회사가 더욱 큰 비전을 바라볼 수 있거나, 진출했을 때 가질 수 있는 성과나 이익 등을 판단했을 때 가장 큰 성과가 있지 않을까 싶습니다.","wordCount":55}}},"rawDataInfo":{"question":{"fileFormat":"wav","fileSize":547598,"duration":17110,"samplingBit":16,"channelCount":1,"samplingRate":"16kHz","audioPath":"/Mock/03.PublicService/Male/Experienced/ckmk_q_ps_m_e_214821.wav"},"answer":{"fileFormat":"wav","fileSize":2616398,"duration":81760,"samplingBit":16,"channelCount":1,"samplingRate":"16kHz","audioPath":"/Mock/03.PublicService/Male/Experienced/ckmk_a_ps_m_e_214821.wav"}}}