{"version":"1.0","dataSet":{"info":{"date":"20230116","occupation":"PS","channel":"MOCK","place":"ONLINE","gender":"MALE","ageRange":"-34","experience":"EXPERIENCED"},"question":{"raw":{"text":"어 지원자님께서 본인이 교번 근무에 잘 적응할 수 있다고 생각하는지 궁금합니다 그리고 그렇게 생각한다면 그 근거도 함께 말씀해 주시길 바랍니다","wordCount":20},"emotion":[],"intent":[]},"answer":{"raw":{"text":"교번 근무란 모든 사람들이 같은 시간에 출퇴근 하는 것이 아닌 쉽게 말해 스케줄 근무제입니다. 저는 다른 사람들과 같이 오전 오후에 일하고 저녁에 쉬는 것을 선호합니다. 다만 제가 지원하는 직장이 이러한 교번 근무제라면 저는 적응할 수 있을 거라 생각합니다. 제가 아홉 시에 출근해서 여섯 시에 퇴근하는 걸 선호한다 해도 이러한 교번 근무제가 이 직장에 출퇴근이라면 당연히 따라야 한다고 적응해야 한다 저는 생각합니다. 남들과 다른 출퇴근 시간이지만 제가 남들보다 일찍 출근하면은 남들 일 할 시간에 제가 일찍 퇴근할 수도 있는 것이고 남들 일 할 시간에 저는 출근해야 한다는 이러한 메리트들이 있기 때문에 저는 잘 적응할 수 있다 생각합니다.","wordCount":96},"emotion":[],"intent":[{"text":"","expression":"","category":"attitude"}],"summary":{"text":"스케줄 근무제인 교번 근무제는 다른 사람들과 같이 오전 오후에 일하고 저녁에 쉬는 것을 선호합니다. 다만 제가 지원하는 직장이 이러한 교번근무제라면 당연히 따라야 한다고 적응해야 합니다.","wordCount":25}}},"rawDataInfo":{"question":{"fileFormat":"wav","fileSize":435278,"duration":13600,"samplingBit":16,"channelCount":1,"samplingRate":"16kHz","audioPath":"/Mock/03.PublicService/Male/Experienced/ckmk_q_ps_m_e_238020.wav"},"answer":{"fileFormat":"wav","fileSize":2060238,"duration":64379,"samplingBit":16,"channelCount":1,"samplingRate":"16kHz","audioPath":"/Mock/03.PublicService/Male/Experienced/ckmk_a_ps_m_e_238020.wav"}}}