{"version":"1.0","dataSet":{"info":{"date":"20230116","occupation":"PS","channel":"MOCK","place":"ONLINE","gender":"MALE","ageRange":"45-54","experience":"EXPERIENCED"},"question":{"raw":{"text":"지원자분은 국가철도공단과 코레일에 관해서 알고 계십니까 알고 계신다면 간략한 설명과 국가철도공단과 코레일의 차이가 무엇인지 설명해 주시기 바랍니다","wordCount":17},"emotion":[],"intent":[]},"answer":{"raw":{"text":"요즘 어 매스컴에서는 국가철도공단과 코레일을 통합하라 이런 얘기도 많은 것 같은데 어 국가철도공단 국가철도공단은 일단 공공기업이고 어 그 철도의 뭐 교량이라든지 뭐 터널 및 뭐 철도 건설업을 하는 것이 국가철도공단으로 알고 있고 어 코레일은 코레일도 공공기업 공기업이시면서 어 코레일이 한국 철도공사가 코레일인데 이 코레일은 뭐 그 교통 서비스를 제공하는 그 열차를 운영하는 여기 르가 코레일이라고 알고 있습니다. 둘 다 공공기업이고 어 하지만 그 철도공단은 그 교량이라든지 그 철도와 기차가 다니는 길이라든지 건설에 관련된 쪽을 담당하고 있는 데가 철도공단이고 그것을 운영하고 하는 곳이 코레일로 알고 있습니다. 그 대전역 케이티엑스 역 에 있는 그 쌍둥이 빌딩이 두 개 있는데 그게 그 두 기관의 본사로 알고 있습니다.","wordCount":104},"emotion":[{"text":"요즘 어 매스컴에서는 국가철도공단과 코레일을 통합하라 이런 얘기도 많은 것 같은데 어   국가철도공단 국가철도공단은 일단 공공기업이고 어   그 철도의 뭐 교량이라든지 뭐 터널 및 뭐 철도 건설업을 하는 것이 국가철도공단으로 알고 있고 어 코레일은   코레일도 공공기업 공기업이시면서 어 코레일이 한국 철도공사가 코레일인데 이 코레일은 뭐 그 교통 서비스를 제공하는 그 열차를   운영하는 여기 르가 코레일이라고 알고 있습니다.","expression":"u-fact","category":"neutral"}],"intent":[{"text":"","expression":"","category":"attitude"}],"summary":{"text":"매스컴에서는 국가철도공단과 코레일을 통합하자는 얘기도 많이 나오는데 둘 다 공공기업이지만 철도공단은 교량, 철도와 기차가 다니는 길, 건설에 관련된 쪽을 담당하고 있는 데가 철도공단이고 그것을 운영하는 곳이 코레일로 알고 있습니다.","wordCount":29}}},"rawDataInfo":{"question":{"fileFormat":"wav","fileSize":425678,"duration":13300,"samplingBit":16,"channelCount":1,"samplingRate":"16kHz","audioPath":"/Mock/03.PublicService/Male/Experienced/ckmk_q_ps_m_e_106132.wav"},"answer":{"fileFormat":"wav","fileSize":2405198,"duration":75160,"samplingBit":16,"channelCount":1,"samplingRate":"16kHz","audioPath":"/Mock/03.PublicService/Male/Experienced/ckmk_a_ps_m_e_106132.wav"}}}