{"version":"1.0","dataSet":{"info":{"date":"20230116","occupation":"PS","channel":"MOCK","place":"ONLINE","gender":"MALE","ageRange":"35-44","experience":"EXPERIENCED"},"question":{"raw":{"text":"지원자분께서 살면서 다양한 형태의 커뮤니케이션을 경험해 보셨을 것 같은데 그 와중에도 가장 어려웠던 커뮤니케이션 경험에 대해서 이야기해 주신다면 좋겠습니다","wordCount":19},"emotion":[],"intent":[]},"answer":{"raw":{"text":"커뮤니케이션이 어려운 게 아니라 커뮤니케이션을 하는 상대가 어려운 것입니다. 우리가 소통이라고 하는 커뮤니케이션의 가장 기본은 공감대 형성입니다. 특히 부정적이거나 회의적인 사람들 이기적인 사람들과는 그 어떤 일상적인 대화도 이뤄나갈 수가 없습니다. 예를 들어서 오늘 날씨가 참 좋습니다 라고 하면 오늘 날씨가 좋은 걸 누가 몰라요 라고 대답을 하거나 날씨가 좋은 게 뭐가 그렇게 중요해요 라고 대답하는 사람하고는 그 어떤 일상적인 대화도 할 수가 없습니다. 이런 사람들은 굉장히 꽉 막혔고 세상에 배타적인 생각을 가진 사람들이라 공감대 형성이 안 됩니다. 우리가 심리학에서 공감대 형성을 라포라고 하는데요. 라포 형성을 하기 위해선 최소 그 사람과 다섯 마디에서 열 마디 이상을 해야 된답니다. 열 마디 이상을 하기 위해서 공통 분모 또는 공통 주제를 가지고 십 초에서 삼십 초 또는 일 분 이상 대화를 이어가야 되는데 그런 사람들과는 대화를 이어질 수도 없고 대화를 이으려고 하는 노력도 하지 않기 때문에 굉장히 힘들었던 경험이 있습니다. 그런 사람들과는 대화를 하기보다는 그냥 딱 필요한 말만 하는 것이 맞다고 생각하고 그것이 인생에 살면서 가장 어려웠던 커뮤니케이션이었던 것 같습니다.","wordCount":156},"emotion":[],"intent":[{"text":"","expression":"","category":"attitude"}],"summary":{"text":"커뮤니케이션의 기본은 공감대 형성입니다. 부정적이거나 회의적인 사람들 이기적인 사람들과는 어떤 일상적인 대화도 이뤄나갈 수가 없습니다. 심리학에서 공감대를 형성하려면 다섯 마디에서 열 마디 이상을 해야 하는데 그런 사람들과는 대화를 하기보다는 딱 필요한 말만 하는 것이 맞다고 생각하고 그것이 인생을 살면서 가장 어려웠던 커뮤니케이션이었던 것 같습니다.","wordCount":44}}},"rawDataInfo":{"question":{"fileFormat":"wav","fileSize":508238,"duration":15880,"samplingBit":16,"channelCount":1,"samplingRate":"16kHz","audioPath":"/Mock/03.PublicService/Male/Experienced/ckmk_q_ps_m_e_177461.wav"},"answer":{"fileFormat":"wav","fileSize":2465678,"duration":77050,"samplingBit":16,"channelCount":1,"samplingRate":"16kHz","audioPath":"/Mock/03.PublicService/Male/Experienced/ckmk_a_ps_m_e_177461.wav"}}}