{"version":"1.0","dataSet":{"info":{"date":"20230116","occupation":"PS","channel":"MOCK","place":"ONLINE","gender":"MALE","ageRange":"45-54","experience":"EXPERIENCED"},"question":{"raw":{"text":"본인의 생각이 아닌 지원자님의 다른 주변 사람들이 생각하는 지원자님의 단점과 장점을 모두 설명 부탁드리겠습니다","wordCount":14},"emotion":[],"intent":[]},"answer":{"raw":{"text":"어 저의 장점은 남들이 말하기를 어 저는 섣불리 판단하지 않습니다. 어 상당히 신중한 편이고 어떤 결정을 내릴 때 여러 가지 상황에 대해서 어 생각을 해 봅니다. 에이와 비를 고를 때 에이로 했을 때 결과를 예측하고 비루 했을 때 결과를 예측해 봅니다. 그렇게 시간을 신중히 생각하고 어 조금은 떨어진 객관적 입장에서 어 이 일을 처리하려고 애를 쓴 편입니다. 저는 나름 공정하고 어떤 판단을 내릴 때 섣불리 판단하지 않으며 신중하게 선택을 하는 편입니다. 하지만 이것이 남들은 또 저의 단점이라고도 얘기를 합니다. 어 일 일에 따라서 어떤 것은 빨리빨리 처리하는 것이 맞는데 저는 좀 장고 아까 말씀드린 것처럼 좀 장고를 하는 편입니다. 생각을 많이 하고 주변의 의견도 묻고 하다 보니 주변 어 때로는 좀 주변에서 봤을 때 답답하게 너무 느리다 라고 생각할 수도 있는 그러게도 판단을 하는 것 같습니다. 그래서 저는 좀 공교롭게도 장점과 단점이 어 같은 겁니다. 좋게 말하면 신중한 편이고 어 나쁘게 말하면 너무 신중하다 보니 좀 때를 놓치는 경향이 있는 것 같습니다.","wordCount":152},"emotion":[],"intent":[{"text":"어 저의 장점은 남들이 말하기를 어   저는 섣불리 판단하지 않습니다.","expression":"c_person","category":"background"},{"text":"저는 나름 공정하고 어떤   판단을 내릴 때 섣불리 판단하지 않으며 신중하게 선택을 하는 편입니다.","expression":"c_person","category":"background"},{"text":"어 일 일에 따라서 어떤 것은 빨리빨리 처리하는 것이 맞는데 저는 좀 장고 아까 말씀드린 것처럼   좀 장고를 하는 편입니다.","expression":"c_person","category":"background"}],"summary":{"text":"저는 신중한 편이지만 남들은 저를 섣불리 판단하지 않는다고 합니다. 하지만 저는 일 일에 따라 어떤 것을 빨리 처리하는 것이 맞으나 장고를 하는 편입니다. 주변 의견도 묻고 하다 보니 주변에서는 너무 느리다 라고 생각할 수도 있는 판단을 하는 것 같습니다. 그래서 저는 장점과 단점이 같은 것입니다.","wordCount":45}}},"rawDataInfo":{"question":{"fileFormat":"wav","fileSize":343118,"duration":10720,"samplingBit":16,"channelCount":1,"samplingRate":"16kHz","audioPath":"/Mock/03.PublicService/Male/Experienced/ckmk_q_ps_m_e_108395.wav"},"answer":{"fileFormat":"wav","fileSize":2808718,"duration":87770,"samplingBit":16,"channelCount":1,"samplingRate":"16kHz","audioPath":"/Mock/03.PublicService/Male/Experienced/ckmk_a_ps_m_e_108395.wav"}}}