{"version":"1.0","dataSet":{"info":{"date":"20230116","occupation":"PS","channel":"MOCK","place":"ONLINE","gender":"MALE","ageRange":"-34","experience":"EXPERIENCED"},"question":{"raw":{"text":"직무 지식 그리고 역량 태도가 있습니다 이 세 가지 요소 중에서 가장 중요하다고 생각하는 거 한 가지를 꼽아서 말씀을 해 주시고 이유와 함께 설명해 주시기 바랍니다","wordCount":26},"emotion":[],"intent":[]},"answer":{"raw":{"text":"저의 생각에는 직무 지식 역량 태도 이 세 가지 모두 다 중요하다 생각합니다. 하지만 그 중에서 한 가지를 뽑으라고 하신다면 저는 태도라 생각합니다. 아무리 직무에 대한 지식이 높고 역량을 강화 시킨다 하더라도 그 사람이 건방지고 싸가지도 없고 남을 배려하는 태도가 없다면 직무 지식이 아무리 높고 역량이 좋아도 그 사람에 대한 인식이 좋지 않을 수 있기 때문에 좋게 볼 수가 없습니다. 반대로 아무리 일을 못하고 지식이 없더라도 그 사람의 태도가 열심히 일하는 모습이 보이고 남에게 배려하고 친절한다면 그런 사람에게 기대심이 들 것 같습니다. 그래서 저는 태도가 제일 중요하다 생각합니다.","wordCount":88},"emotion":[],"intent":[{"text":"","expression":"","category":"attitude"}],"summary":{"text":"직무 지식 역량 태도 세 가지 모두 중요하지만 저는 태도가 가장 중요하다고 생각합니다. 아무리 직무 지식이 높고 역량이 좋아도 그 사람에 대한 인식이 좋지 않을 수 있고, 반대로 열심히 일하는 모습이 보이면 기대심이 들 것 같기 때문입니다.","wordCount":37}}},"rawDataInfo":{"question":{"fileFormat":"wav","fileSize":624718,"duration":19520,"samplingBit":16,"channelCount":1,"samplingRate":"16kHz","audioPath":"/Mock/03.PublicService/Male/Experienced/ckmk_q_ps_m_e_241708.wav"},"answer":{"fileFormat":"wav","fileSize":2647438,"duration":82730,"samplingBit":16,"channelCount":1,"samplingRate":"16kHz","audioPath":"/Mock/03.PublicService/Male/Experienced/ckmk_a_ps_m_e_241708.wav"}}}