{"version":"1.0","dataSet":{"info":{"date":"20230116","occupation":"PS","channel":"MOCK","place":"ONLINE","gender":"MALE","ageRange":"35-44","experience":"EXPERIENCED"},"question":{"raw":{"text":"무언가를 달성하기 위해 목표를 세우고 이 삼 년간 열심히 노력해서 해당 목표를 달성한 경험이 있으실까요","wordCount":15},"emotion":[],"intent":[]},"answer":{"raw":{"text":"네 무언가의 목표를 두고 이 에서 삼 년 오 년 십 년 제가 목표를 달성한 경험에 대해서 답변드리겠습니다. 일단 무언가 목표가 생기면 계획이 나와야 한다고 생각합니다. 예 일주일 일 간에 어느 정도를 뭐 이 부분에 대해서 이론에 대해서 공부를 하고 그 뭐 한 달 뭐 세 달 분기 반기 동안에 어느 정도 목표를 치를 채우겠다 이렇게 계획적으로 접근해서 경험했던 것 중의 하나가 뭐 예를 들자면 뭐 개인적인 것일 수 있는데 뭐 어 일억 만들기 뭐 돈을 뭐 내가 일억을 삼 년 안에 모으겠다. 뭐 이런 목표를 하면은 뭐 절약이 나올 것이고 또 추가적인 수입이 뭐가 있을 지에 도 고민을 할 것이고 이렇게 하다 보면은 내가 일억을 만들기 위한 그런 프로젝트에 대한 그런 스케줄 그런 계획이 만들어질 거라고 생각합니다. 그래서 실제로 그렇게 달성한 경험도 있고 하기 때문에 그런 부분에 있어서는 어느 정도 목표가 만들어졌다 하면은 진짜 정확한 몇 년 안에 이루겠다 이런 목표에 대한 계획이 제일 중요할 것 같습니다. 이상입니다.","wordCount":149},"emotion":[],"intent":[{"text":"","expression":"","category":"attitude"}],"summary":{"text":"목표 달성 경험에 대해서 답변드리겠습니다. 일단 목표가 생기면 계획이 나와야 한다고 생각합니다. 어느 정도 목표가 만들어졌다 하면은 진짜 정확한 몇 년 안에 이루겠다는 목표에 대한 계획이 제일 중요할 것 같습니다. 이상입니다.","wordCount":31}}},"rawDataInfo":{"question":{"fileFormat":"wav","fileSize":381518,"duration":11920,"samplingBit":16,"channelCount":1,"samplingRate":"16kHz","audioPath":"/Mock/03.PublicService/Male/Experienced/ckmk_q_ps_m_e_214751.wav"},"answer":{"fileFormat":"wav","fileSize":2700238,"duration":84380,"samplingBit":16,"channelCount":1,"samplingRate":"16kHz","audioPath":"/Mock/03.PublicService/Male/Experienced/ckmk_a_ps_m_e_214751.wav"}}}