{"version":"1.0","dataSet":{"info":{"date":"20230116","occupation":"PS","channel":"MOCK","place":"ONLINE","gender":"MALE","ageRange":"35-44","experience":"EXPERIENCED"},"question":{"raw":{"text":"팀 프로젝트를 하다 보면 리더형의 사람과 팔로워형의 사람으로 조금 구분이 되기도 하는데요 본인이 생각할 때 본인은 리더형에 가깝나요 아니면 팔로워형에 가깝나요 이유도 함께 설명해 주세요","wordCount":25},"emotion":[],"intent":[]},"answer":{"raw":{"text":"어 남을 잘 이끌어주는 리더 형과 어 남을 잘 따르는 팔로워 형 이 부분에 대해서 제가 어떤 유형인지에 대해서 한 번 생각을 해 보았습니다. 일단 저는 두 가지 성향을 갖고 있는 것 같습니다. 어 직책 자리가 사람을 만든다는 말처럼 그런 상황이 왔을 때 리더 형이 필요할 때는 리더 형이 될 수 있을 것이고 또 이제 그렇지 않은 팔로우 형이였을 때는 그 리더 형이 따라 원하는 것을 잘 따르기도 합니다. 그래서 팔로워 형이 됐을 때는 어 책임감이나 이런 것들은 없어지기 때문에 정말 적극적으로 혼신을 다해서 서포트를 해 준 후에 아 팀원 전체적으로 성과가 있게끔 해주는 스타일이고 어 그래서 한번 결국은 두 가지 형태를 갖추고 있지만은 일단 현재는 리더 형보다는 팔로워 형을 많이 경험을 해 봤기 때문에 현재는 그래도 팔로워 형이 제 몸에 길들여 있는 것 같아서 팔로워 형이 아 지금 현재는 유형이 될 것 같고 그 리더 형에 대해서는 충분히 마음의 준비가 돼 있기 때문에 상황이 온다면 그에 따라 맞춰질 것 같습니다. 이상입니다.","wordCount":152},"emotion":[],"intent":[{"text":"","expression":"","category":"attitude"}],"summary":{"text":"리더형은 책임감이나 책임감이 없어지기 때문에 적극적으로 서포트를 해 준 후에 팀원 전체적으로 성과가 있게끔 해주는 스타일인데, 지금은 리더형보다 팔로워 형이 제 몸에 길들여져 있는 것 같아 상황이 온다면 그에 따라 맞춰질 것 같습니다.","wordCount":33}}},"rawDataInfo":{"question":{"fileFormat":"wav","fileSize":632398,"duration":19760,"samplingBit":16,"channelCount":1,"samplingRate":"16kHz","audioPath":"/Mock/03.PublicService/Male/Experienced/ckmk_q_ps_m_e_196596.wav"},"answer":{"fileFormat":"wav","fileSize":2654798,"duration":82960,"samplingBit":16,"channelCount":1,"samplingRate":"16kHz","audioPath":"/Mock/03.PublicService/Male/Experienced/ckmk_a_ps_m_e_196596.wav"}}}