{"version":"1.0","dataSet":{"info":{"date":"20230116","occupation":"PS","channel":"MOCK","place":"ONLINE","gender":"MALE","ageRange":"-34","experience":"EXPERIENCED"},"question":{"raw":{"text":"어 다양한 포털 사이트들이 있죠 뭐 네이버나 다음 구글 이렇게 있는데 어 이것들의 어 검색을 비교해 보고 어 각각 검색 엔진들의 차이점 어 그리고 장단점을 설명해 주시기 바랍니다","wordCount":28},"emotion":[],"intent":[]},"answer":{"raw":{"text":"대한민국에서 유명한 검색 엔진을 순위를 매긴다 가정하면 일 위 네이버 이 위 구글 삼 위 다음 사 위 야후 라고 생각합니다. 네이버가 대한민국에서 일 등이라고 생각하는 이유는 어느 지역을 가고 어느 피씨방을 가고 어느 곳이든 가도 네이버가 먼저 보입니다. 쉽게 접근할 수 있으며 쉽게 검색을 할 수 있다는 점에서 일 위라고 생각합니다. 그리고 구글는 전 세계적으로 봤을 때 일 등이지만 우리나라에서는 이 등이라고 생각합니다. 다른 문화나 다른 지역 검색을 원할 때 구글이 편리하지만 그렇지 않은 경우가 많기 때문에 네이버가 우리나라에서 일 위라고 생각합니다.","wordCount":83},"emotion":[],"intent":[{"text":"","expression":"","category":"attitude"}],"summary":{"text":"대한민국에서 유명한 검색엔진 순위를 매긴다면 일 위 네이버 이 위 구글 삼 위 다음 사 위 야후 라고 생각합니다. 네이버가 대한민국에서 일 등이라고 생각하는 이유는 쉽게 접근할 수 있고 쉽게 검색을 할 수 있기 때문입니다.","wordCount":35}}},"rawDataInfo":{"question":{"fileFormat":"wav","fileSize":590798,"duration":18460,"samplingBit":16,"channelCount":1,"samplingRate":"16kHz","audioPath":"/Mock/03.PublicService/Male/Experienced/ckmk_q_ps_m_e_241707.wav"},"answer":{"fileFormat":"wav","fileSize":2492238,"duration":77880,"samplingBit":16,"channelCount":1,"samplingRate":"16kHz","audioPath":"/Mock/03.PublicService/Male/Experienced/ckmk_a_ps_m_e_241707.wav"}}}