{"version":"1.0","dataSet":{"info":{"date":"20230116","occupation":"PS","channel":"MOCK","place":"ONLINE","gender":"MALE","ageRange":"45-54","experience":"EXPERIENCED"},"question":{"raw":{"text":"본인이 했던 프로젝트들 중에 가장 기억에 남는 프로젝트가 있다면 어떤 점에서 프로젝트가 기억에 남는지 설명해 주세요","wordCount":16},"emotion":[],"intent":[]},"answer":{"raw":{"text":"어 예전 직장에서 회사에서 해외 진출을 노리고 어 시장 조사를 한 적이 있습니다. 그때 인제 팀별로 어 어느 나라가 제일 좋을지에 대해서 어 어 조사를 하고 그것을 어 제출해야 되는 프로젝트가 있었습니다. 저희 팀에서는 어 당시에 인도 시장을 가장 매력적으로 봤고 인도 시장에 진출 될 이 진출해야 될 이유와 인도 시장의 전망에 대해서 보고서를 작성했습니다. 어 결국은 탈락을 했습니다. 그때 최종적으로는 중국 시장이 선택이 됐습니다. 어 나름 되게 애쓴 프로젝트였고 되게 노력을 많이 했던 프로젝트였기에 좀 저는 좀 버리기가 좀 아까웠습니다. 그래서 개인적으로 어 비록 탈락은 했지만 거기에 대한 시장 조사를 꾸준히 해오고 있었습니다. 어 중국으로 시장이 확정되면서 어 잘 됐습니다. 뭐 거의 일단 위치도 우리나라랑 가깝고 하다 보니까 물류 비용이 적고 해서 마진율도 괜찮고 잘 됐었는데 어 그러다가 사드 문제가 생기면서 어 갑자기 중국 수출 길이 막히고 공장에는 막 재고가 쌓이기 시작했습니다. 그때 저는 제가 다 예전에 떨어졌던 그 인도 시장 개척 프로그램을 보완해 가지고 제출했고 그것이 채택돼서 어 나름 회사의 위기를 극복했던 경험이 있습니다.","wordCount":156},"emotion":[],"intent":[{"text":"그때 저는 제가 다 예전에 떨어졌던   그 인도 시장 개척 프로그램을 보완해 가지고 제출했고 그것이 채택돼서 어   나름 회사의 위기를 극복했던 경험이 있습니다.","expression":"c_chl","category":"personality"}],"summary":{"text":"예전 직장에서 해외 진출을 노리고 시장 조사를 한 적이 있습니다. 그때 팀별로 어느 나라가 제일 좋을지에 대해서 조사를 하고 보고서를 작성했습니다. 결국은 중국 시장이 선택됐습니다. 그런데 사드 문제가 생기면서 중국 수출 길이 막히고 공장에는 재고가 쌓였습니다. 그때 제가 예전에 떨어졌던 인도 시장 개척 프로그램을 보완해 가지고 제출했고 채택돼서 회사 위기를 극복했던 경험이 있었습니다.","wordCount":53}}},"rawDataInfo":{"question":{"fileFormat":"wav","fileSize":380558,"duration":11890,"samplingBit":16,"channelCount":1,"samplingRate":"16kHz","audioPath":"/Mock/03.PublicService/Male/Experienced/ckmk_q_ps_m_e_107149.wav"},"answer":{"fileFormat":"wav","fileSize":2738638,"duration":85580,"samplingBit":16,"channelCount":1,"samplingRate":"16kHz","audioPath":"/Mock/03.PublicService/Male/Experienced/ckmk_a_ps_m_e_107149.wav"}}}