{"version":"1.0","dataSet":{"info":{"date":"20230116","occupation":"PS","channel":"MOCK","place":"ONLINE","gender":"MALE","ageRange":"55-","experience":"EXPERIENCED"},"question":{"raw":{"text":"지원자님은 어떤 문제에 부딪쳤을 때 혼자 해결하시는 편입니까 아니면 여러 사람들에게 이야기를 하시는 편이십니까","wordCount":14},"emotion":[],"intent":[]},"answer":{"raw":{"text":"어떤 문제에 부딪쳤을 때 혼자 해결하는 편입니까 아니면 여러 사람들에게 이야기를 하는 편입니까 예 저는 어떠한 어 문제에 부딪쳤을 때 아 둘이 문제를 해결하는 아 편이라고 볼 수 있습니다. 아 여러 사람까지 어 이야기를 하게 된다면 또한 개인적인 어 프라이버시가 노출되는 것도 문제가 될 수 있다고 봅니다. 그러다 보니까 저는 될 수 있으면 두 사람 선에서 어 해결을 할려고 어 부단히 노력을 하고 있습니다. 어떻게 보게 되면 어 개인적인 그런 문제에서도 보호를 받을 수가 있고 또한 어 어느 정도 문제가 아주 극단적인 문제는 아니었기 때문에 문제 일 처리하는 데에서 어 큰 도움을 얻을 수 있다고 생각합니다. 또한 어 상당히 그 법적인 문제라든가 어려운 문제 속에 있을 때에는 제가 여러 사람과 전문적인 그러한 지식이 부족하기 때문에 문제를 해결하는 것이 또한 필요하다고 생각합니다. 그런 때에는 여러 사람의 도움이 아 무엇보다도 필요할 수가 있을 것으로 생각합니다. 회사 생활을 하면서 어 많은 그런 문제든 특히 어 상사라든가 아 많은 아 지식을 갖고 있는 분야 경험이 많은 분들과 서로 협조를 통하여서 이를 해결하는 것이 더욱 더 중요할 것으로 생각하고 있습니다. 그리하여서 아 회사에서의 그러한 유대적인 관계 아 대화 이런 것들이 더욱더 절실하다고 생각이 듭니다.","wordCount":179},"emotion":[],"intent":[{"text":"","expression":"","category":"attitude"}],"summary":{"text":"어떤 문제에 부딪쳤을 때 혼자 해결하는 편인데, 여러 사람들에게 이야기를 하게 된다면 프라이버시가 노출되는 것도 문제가 될 수 있어 두 사람 선에서 해결을 위해 노력하고 있습니다. 법적인 문제나 어려운 문제 속에서는 여러 사람의 도움이 필요하며, 회사 생활을 하면서 상사나 많은 경험을 가진 분들과 협조를 통하여 해결하는 것이 중요하다고 생각합니다.","wordCount":49}}},"rawDataInfo":{"question":{"fileFormat":"wav","fileSize":352078,"duration":11000,"samplingBit":16,"channelCount":1,"samplingRate":"16kHz","audioPath":"/Mock/03.PublicService/Male/Experienced/ckmk_q_ps_m_e_245584.wav"},"answer":{"fileFormat":"wav","fileSize":3854158,"duration":120440,"samplingBit":16,"channelCount":1,"samplingRate":"16kHz","audioPath":"/Mock/03.PublicService/Male/Experienced/ckmk_a_ps_m_e_245584.wav"}}}