{"version":"1.0","dataSet":{"info":{"date":"20230116","occupation":"PS","channel":"MOCK","place":"ONLINE","gender":"MALE","ageRange":"55-","experience":"EXPERIENCED"},"question":{"raw":{"text":"지원자님께서 우리 회사에 입사하게 된다면 어떤 부서를 가장 가고 싶으신가요 그 이유도 함께 말씀해 주세요","wordCount":15},"emotion":[],"intent":[]},"answer":{"raw":{"text":"저는 뭐 제가 이제까지 해온 업무로 봐서는 저는 뭐 자영업을 했었고 그리고 저는 숙박업을 했기 때문에 뭐 스케줄 관리 요런 거 쪽으로는 제가 자신이 있습니다. 네 일정 관리 요런 쪽으로는 잘 할 수 있을 것 같고 음 사람들 응대도 뭐 어느 정도는 네 뭐 제가 아주 맞닿아서 하는 것보다는 큰 일이 있을 때는 제가 조금 나서서 할 수 있는 그런 쪽으로 할 수 있을 거 같습니다. 왜냐하면 제가 해왔던 업무가 그런 쪽이라서요. 네 숙박 자체가 뭐 계속 손님과 맞닿아 있는 그런 뭐 서비스 같은 그런 것도 아니고 필요하면 이제 만나서 뭐 어떻게 제가 도움 드릴 거 드리고 제가 필요한 거 있으면 다 해드리고 하는 건 맞지만 그 이외에는 알아서 진행들 하시는 거였고 그 뭐 묻거나 이런 거에 대해서 그리고 스케줄 관리 같은 거야 제가 메인으로 했었던 거죠. 그래서 그런 거 연관되어서 생각한 부분이 이런 업무들입니다.","wordCount":135},"emotion":[],"intent":[{"text":"","expression":"","category":"attitude"}],"summary":{"text":"자영업을 했었고, 숙박업을 했기때문에 스케줄 관리, 일정 관리, 사람들 응대는 제가 좀 나서서 할 수 있는 쪽으로 할 수 있을 거 같습니다. 숙박은 계속 손님과 맞닿아 있는 서비스 같은 건 아니지만 그 이외에는 알아서 진행들 하셨고 스케줄 관리는 제가 메인으로 했었던 겁니다.","wordCount":42}}},"rawDataInfo":{"question":{"fileFormat":"wav","fileSize":356558,"duration":11140,"samplingBit":16,"channelCount":1,"samplingRate":"16kHz","audioPath":"/Mock/03.PublicService/Male/Experienced/ckmk_q_ps_m_e_179653.wav"},"answer":{"fileFormat":"wav","fileSize":2879438,"duration":89980,"samplingBit":16,"channelCount":1,"samplingRate":"16kHz","audioPath":"/Mock/03.PublicService/Male/Experienced/ckmk_a_ps_m_e_179653.wav"}}}