{"version":"1.0","dataSet":{"info":{"date":"20230116","occupation":"PS","channel":"MOCK","place":"ONLINE","gender":"MALE","ageRange":"55-","experience":"EXPERIENCED"},"question":{"raw":{"text":"평소에 개인 작업을 많이 하시는 편인가요 만약 그렇다면 그렇게 할 수 있는 원동력이 무엇인지 함께 들어보고 싶습니다","wordCount":17},"emotion":[],"intent":[]},"answer":{"raw":{"text":"평소에 개인 작업을 많이 하신 편인가요 그렇다면 그렇게 할 수 있는 원동력은 무엇이라고 생각하세요. 예 제가 평소에 개인 작업을 많이 하는데 아 컴퓨터에 관련된 그러한 작업을 또한 많이 합니다. 망고 보드를 통하여서 이러한 뭔가의 제품을 이렇게 올리는 것들 디자인하는 것들 그리고 뭔가를 포장하는 것들 아 이런 것들을 좀 합니다. 어떻게 보면은 아 디자인이라고 볼 수 있습니다. 컴퓨터 디자인인데 어 거다 색깔을 입히고 디자인화하고 또한 아 이름을 만들어 나 내가고 어 그런 것입니다. 아 망고 보드가 어떻게 보면 쉬운 아 그러한 프로그램이인데 아 유료 사이트이기도 합니다. 아 제가 좀 이걸 하면서 좀 재미있기도 하고 많이 점 이렇게 즐겨 합니다. 왜냐하면 아 저의 그 창의적인 그러한 뭔가를 할 수 있고 제가 만든 그러한 판매하고자 하는 제품들 아 개인적인 제품들이 있습니다. 이런 것들을 어떻게 하면은 아 고객에게 잘 전달할 수 있을까 잘 팔 수 있을까 또한 재고 관리를 잘 할 수 있을까 이런 면에서 제가 썸네일이라든가 이런 것들을 통하여서 개인 작업을 또한 하면서 많이 배워오고 있습니다. 아 많이 배우는 거 같습니다. 많이 배움을 통하여서 또한 제가 여태까지 경험해 보지 못했던 것들이고 저의 전공 분야가 아니었지만 아 이것을 통하여서 또한 새로운 아 세계를 또한 아 구경한다고 할 수 있을까요. 또한 제가 여태까지 어 전혀 관련이 없었던 그런 분야에 에 도전하는 아 그런 느낌입니다.","wordCount":199},"emotion":[],"intent":[{"text":"","expression":"","category":"attitude"}],"summary":{"text":"망고 보드를 통하여서 개인적인 제품들을 고객에게 잘 전달할 수 있을까, 재고 관리를 잘 할 수 있는가, 이런 면에서 개인 작업을 하면서 많이 배우고 있습니다. 이것을 통하여 새로운 세계를 구경하고, 전혀 관련이 없었던 분야에 도전합니다.","wordCount":34}}},"rawDataInfo":{"question":{"fileFormat":"wav","fileSize":615758,"duration":19240,"samplingBit":16,"channelCount":1,"samplingRate":"16kHz","audioPath":"/Mock/03.PublicService/Male/Experienced/ckmk_q_ps_m_e_242345.wav"},"answer":{"fileFormat":"wav","fileSize":3875278,"duration":121100,"samplingBit":16,"channelCount":1,"samplingRate":"16kHz","audioPath":"/Mock/03.PublicService/Male/Experienced/ckmk_a_ps_m_e_242345.wav"}}}