{
    "version": "1.0",
    "dataSet": {
        "info": {
            "date": "20230116",
            "occupation": "PS",
            "channel": "MOCK",
            "place": "ONLINE",
            "gender": "MALE",
            "ageRange": "35-44",
            "experience": "EXPERIENCED"
        },
        "question": {
            "raw": {
                "text": "일을 시작하게 되셨을 때 스케줄에 없던 일이 생길 때가 많을 수도 있습니다 지원자님께서는 업무 중에 이런 상황이 생긴다면 어떤 대처를 하시겠습니까",
                "wordCount": 21
            },
            "emotion": [],
            "intent": []
        },
        "answer": {
            "raw": {
                "text": "직장을 다니고 업무를 하다 보면 어떤 업무든 간에 뜻하지 않은 변수가 많이 발생하게 됩니다. 그런 원래 없던 스케줄들은 생길 수 있기 때문에 그런 스케줄이 생겼을 때는 저는 기존의 우선순위로 두었던 업무들을 하나씩 체크할 겁니다. 가장 우선순위 차순위 그리고 안 해도 되는 일 아니면 뒤로 미룰 수 있는 일을 정한 다음에 나중에 해도 되는 일 중요하지 않은 일들은 뒤로 미룰 것입니다. 그리고 우선순위에 있고 차 순위에 있는 것보다 더 높은 순위로 업무 중에 없던 스케줄을 집어 늘 것입니다. 왜냐하면 직장 생활을 하다 보면 내가 뜻하던 뜻하지 않던 업무량이 많아지거나 또는 업무량이 줄어드는 경우가 있습니다. 어느 정도 관리자 상위 관리자로 올라가면 자신의 스케줄 및 업무량 또는 업무 과제에 대해서는 스스로 해결할 줄 알아야 됩니다. 그리고 없던 스케줄이 생겨서 갑자기 업무량이 늘어난다면 당연히 야근 및 주말 근무를 자청할 것입니다. 대신 야근 및 주말 근무를 할 땐 정확히 회사에서 보상안을 마련해 주고 어떤 휴가나 또는 주말 근무 수당을 주어야 될 것이라고 생각합니다. 물론 이렇게 야근이나 주말 근무를 하지 않고 업무를 처리할 수 있으면 좋겠지만 원래 생각했던 스케줄보다 뒤로 밀리게 되면 당연히 업무의 양은 늘어나고 업무 시간도 늘어나기 때문에 야근이나 주말 근무는 당연히 해야 된다고 생각합니다.",
                "wordCount": 179
            },
            "emotion": [],
            "intent": [
                {
                    "text": "",
                    "expression": "",
                    "category": "attitude"
                }
            ],
            "summary": {
                "text": "원래 없던 스케줄들이 생길 수 있기 때문에 우선순위를 정하고 중요하지 않은 일들은 뒤로 미룰 것입니다. 관리자 상위 관리자가 되면 자신의 스케줄 및 업무량 또는 업무 과제에 대해서는 스스로 해결할 줄 알아야 합니다. 없던 스케줄이 생기면 당연히 야근 및 주말 근무를 자청할 것입니다. 대신 야근이나 주말 근무를 할 땐 정확히 회사에서 보상안을 마련해 주고 어떤 휴가나 주말 근무 수당을 주어야 합니다.",
                "wordCount": 60
            }
        }
    },
    "rawDataInfo": {
        "question": {
            "fileFormat": "wav",
            "fileSize": 519758,
            "duration": 16239,
            "samplingBit": 16,
            "channelCount": 1,
            "samplingRate": "16kHz",
            "audioPath": "/Mock/03.PublicService/Male/Experienced/ckmk_q_ps_m_e_195131.wav"
        },
        "answer": {
            "fileFormat": "wav",
            "fileSize": 2754638,
            "duration": 86080,
            "samplingBit": 16,
            "channelCount": 1,
            "samplingRate": "16kHz",
            "audioPath": "/Mock/03.PublicService/Male/Experienced/ckmk_a_ps_m_e_195131.wav"
        }
    }
}