{"version":"1.0","dataSet":{"info":{"date":"20230116","occupation":"PS","channel":"MOCK","place":"ONLINE","gender":"MALE","ageRange":"35-44","experience":"EXPERIENCED"},"question":{"raw":{"text":"이번엔 지원자님께서 갖고 계신 고객을 대할 때 일관된 신념이나 원칙이 있다면 어떤 것인지를 여쭤보겠습니다","wordCount":14},"emotion":[],"intent":[]},"answer":{"raw":{"text":"음 어 업무에 대해서 고객을 대하는 일은 가장 중요한 일입니다. 그런 부분에서 저만의 원칙이나 신념에 대해서 답변 드리도록 하겠습니다. 일단 고객을 대하는 데 있어서 제일 중요한 것은 고객이 만족할 수 있어야 하고 감동을 받을 수 있다고 생각합니다. 저는 이런 한 명 한 명의 고객이 결국은 입소문을 내고 어 이 전파를 하게 되고 그거에 대한 효과에 얼마나 극대화가 되는지에 대해서 알고 있기 때문에 저만의 원칙이 있다고 하자면 한 명의 고객도 오 계속 내가 업무를 할 수 있는 그런 노년이 될 수 있는 나이까지가 되더라도 이끌고 가야 한다는 게 저만의 원칙입니다. 한 번 고객은 영원한 고객이다 라고 생각하는 게 저만의 방법이고 그 고객들이 놓치지 않고 빠져나가지 않기 위해서는 충분히 관리가 되어야 한다고 생각합니다. 이런 관리가 이루어졌을 때 고객이 그 고객을 또 물고 오고 그러다 보면 고객이 수치가 늘어나고 우리 회사의 이미지가 틀려질 것이고 그 이미지가 또 회사의 성과 그 회사에 이익 창출이 될 수 있기 때문에 그게 저만의 원칙이 것 같습니다. 이상입니다.","wordCount":150},"emotion":[],"intent":[{"text":"일단 고객을 대하는 데 있어서 제일 중요한 것은 고객이 만족할 수 있어야 하고 감동을 받을 수 있다고 생각합니다.","expression":"p_cus_belief","category":"technology"},{"text":"이런 관리가 이루어졌을 때 고객이 그 고객을 또 물고 오고 그러다 보면 고객이 수치가 늘어나고 우리 회사의 이미지가 틀려질 것이고 그 이미지가 또 회사의 성과 그 회사에 이익 창출이 될 수 있기 때문에 그게 저만의 원칙이 것 같습니다.","expression":"p_cus_belief","category":"technology"}],"summary":{"text":"업무에 있어서 고객을 대하는 일은 가장 중요한 일이며, 가장 중요한 것은 고객이 만족할 수 있어야 하고 감동을 받을 수 있다고 생각합니다. 저는 한 명 한 명의 고객이 결국은 입소문을 내고 전파를 하게 되고 거기에 대한 효과에 극대화가 된다고 알고 있으며, 한 명의 고객도 계속 업무를 할 수 있는 나이까지가 되더라도 이끌고 가야 한다는 게 저만의 원칙입니다.","wordCount":56}}},"rawDataInfo":{"question":{"fileFormat":"wav","fileSize":353678,"duration":11050,"samplingBit":16,"channelCount":1,"samplingRate":"16kHz","audioPath":"/Mock/03.PublicService/Male/Experienced/ckmk_q_ps_m_e_214818.wav"},"answer":{"fileFormat":"wav","fileSize":2721358,"duration":85040,"samplingBit":16,"channelCount":1,"samplingRate":"16kHz","audioPath":"/Mock/03.PublicService/Male/Experienced/ckmk_a_ps_m_e_214818.wav"}}}