{"version":"1.0","dataSet":{"info":{"date":"20230116","occupation":"PS","channel":"MOCK","place":"ONLINE","gender":"MALE","ageRange":"35-44","experience":"EXPERIENCED"},"question":{"raw":{"text":"만약 타 부서와 갈등 상황이 발생했을 때에 지원자님께서는 이 상황을 어떻게 해결하실 수 있을까요 상황을 가정해서 한 번 말씀해 주시기 바랍니다","wordCount":21},"emotion":[],"intent":[]},"answer":{"raw":{"text":"모든 업무를 하다 보면 부서 간의 갈등은 피할 수 없는 필연적인 요소입니다. 각 부서가 가지고 있는 목표와 지향하는 지향점이 다르기 때문에 부서 간의 갈등은 피할 수 없고 그 부서 간의 갈등이 어디서 비롯된 것인지 일단 원인부터 파악을 해야 됩니다. 부서 간의 이기주의인지 개인 간의 이기주의인지 아니면 타성에 젖어 업무를 더 하고 싶지 않은 직장인들의 이기주의인지를 파악을 한 다음에 직장인들의 이기주의나 타성의 젖은 모습 또는 부서 간의 이기주의라면 그 원인에 대해서 같이 브레인스토밍 및 회의를 통해서 하나씩 좁혀 나가야 됩니다. 예를 들어서 마케팅 부서에서 나는 이 이 전략 업무까지는 내 일이 아니다 또는 서비스 업무에서 이 전략 및 마케팅 관련된 자료는 마케팅 부서에서 줘야 된다 라고 하면 결국은 줄 다리기를 하다가 시간만 가게 됩니다. 그러면 저 같은 경우는 반은 마케팅에서 만들고 반은 서비스 전략에서 만들던지 아니면 서로 누군가가 먼저 만드는 팀 거를 같이 화의하고 그거를 조금 더 수정하는 방법을 찾습니다. 그리고 공동체 의식이나 공동 책임 의식을 줍니다. 이것은 우리의 일이지 남의 일이 아니다 잘하면 우리 같이 보상을 받고 못하면 우리 같이 인사고과에 대한 책임을 물어야 된다 라고 얘기를 하면 대부분의 사람들은 수긍을 하고 갈등이 어느 정도 해결이 됩니다.","wordCount":177},"emotion":[],"intent":[{"text":"각 부서가 가지고 있는 목표와   지향하는 지향점이 다르기 때문에 부서 간의 갈등은 피할 수 없고 그 부서 간의 갈등이 어디서 비롯된 것인지 일단 원인부터 파악을 해야 됩니다.","expression":"c_confl_mg","category":"personality"},{"text":"부서 간의 이기주의인지 개인 간의 이기주의인지 아니면 타성에 젖어 업무를 더 하고 싶지 않은   직장인들의 이기주의인지를 파악을 한 다음에 직장인들의 이기주의나 타성의 젖은 모습   또는 부서 간의 이기주의라면 그 원인에 대해서 같이 브레인스토밍 및 회의를 통해서 하나씩 좁혀 나가야 됩니다.","expression":"c_confl_mg","category":"personality"},{"text":"그러면 저 같은 경우는 반은 마케팅에서 만들고 반은 서비스 전략에서 만들던지 아니면   서로 누군가가 먼저 만드는 팀 거를 같이 화의하고 그거를 조금 더 수정하는 방법을 찾습니다.","expression":"c_confl_mg","category":"personality"}],"summary":{"text":"모든 업무를 하다 보면 부서 간의 갈등은 피할 수 없는 필연적 요소이지만, 그 갈등의 원인부터 파악을 해야 됩니다. 직장인들의 이기주의인지 타성에 젖은 모습인지 파악을 한 후에 그 원인에 대해서 같이 브레인스토밍 및 회의를 통해서 조금씩 좁혀 나가야 됩니다. 그리고 공동체 의식이나 공동 책임 의식을 줍니다.","wordCount":45}}},"rawDataInfo":{"question":{"fileFormat":"wav","fileSize":396878,"duration":12400,"samplingBit":16,"channelCount":1,"samplingRate":"16kHz","audioPath":"/Mock/03.PublicService/Male/Experienced/ckmk_q_ps_m_e_191727.wav"},"answer":{"fileFormat":"wav","fileSize":2761678,"duration":86300,"samplingBit":16,"channelCount":1,"samplingRate":"16kHz","audioPath":"/Mock/03.PublicService/Male/Experienced/ckmk_a_ps_m_e_191727.wav"}}}