{"version":"1.0","dataSet":{"info":{"date":"20230116","occupation":"PS","channel":"MOCK","place":"ONLINE","gender":"MALE","ageRange":"45-54","experience":"EXPERIENCED"},"question":{"raw":{"text":"협업하는 과제와 혼자 일하는 과제 중에서 무엇을 더 선호하나요 그 이유와 함께 설명해 주세요","wordCount":14},"emotion":[],"intent":[]},"answer":{"raw":{"text":"저의 개인적인 성향을 묻는 질문이라면 저는 솔직히 말씀드려서 혼자 하는 과제가 더 좋습니다. 어 당연히 그 일의 뭐 프로젝트나 그 건에 따라서 어쩔 수 없이 협업을 해야 되는 거라면 당연히 협업을 하는 게 맞는데 그걸 제가 개인이 해결할 수 있는 프로젝트고 본인 개인이 해도 관계없는 거라면 저는 개인이 혼자 하는 과제를 더 선호합니다. 그 이유는 그냥 단순합니다. 그 일을 할 때 어 시간을 제가 마음대로 쓸 수 있기 때문입니다. 이 협업을 하는 거면 같이 어떤 작업을 어디 며칠까지 뭐 시간에 맞춰서 맞춰야지 맞추고 넘겨야지 그걸 받아서 다른 사람이 일을 하고 그렇게 되면 시간에 쫓기게 되고 아이디어에 좀 한계가 오는 것 같습니다. 혼자 하게 되면 정말 일이 안 될 때 차라리 쉬는 게 저는 맞다고 생각을 합니다. 그리고 정말 뭐 아이디어가 막 쏙쏙 떠오르고 뭐 탄력을 받으면 전 밤을 새워서라도 그 일을 하는 게 맞다 라고 생각을 합니다. 억지로 안 되는 일을 잡고 있는 거는 그렇게 효율적이지 않습니다. 근데 이게 함께하는 협업에서는 그게 안 되다 보니 저는 좀 자유롭게 시간을 쓸 수 있고 어 하는 혼자 하는 협업을 더 바라고 개인적으로 혼자 했을 때에 좀 더 성과가 좋았지 않았나 싶습니다.","wordCount":179},"emotion":[],"intent":[{"text":"저의 개인적인 성향을 묻는 질문이라면 저는 솔직히 말씀드려서 혼자 하는 과제가 더 좋습니다.","expression":"c_person","category":"background"}],"summary":{"text":"일의 프로젝트나 그 건에 따라서 어쩔 수 없이 협업을 해야 되는 거라면 당연히 협업을 하는 게 맞지만 시간을 마음대로 쓸 수 있기 때문에 개인적으로 혼자 하는 과제를 더 선호합니다. 억지로 안 되는 일을 잡고 있는 것은 그렇게 효율적이지 않은데 혼자 하는 협업을 더 바라고 개인적으로 혼자 했을 때에 좀 더 성과가 좋았지 않았나 싶습니다.","wordCount":54}}},"rawDataInfo":{"question":{"fileFormat":"wav","fileSize":510798,"duration":15960,"samplingBit":16,"channelCount":1,"samplingRate":"16kHz","audioPath":"/Mock/03.PublicService/Male/Experienced/ckmk_q_ps_m_e_107148.wav"},"answer":{"fileFormat":"wav","fileSize":2742478,"duration":85700,"samplingBit":16,"channelCount":1,"samplingRate":"16kHz","audioPath":"/Mock/03.PublicService/Male/Experienced/ckmk_a_ps_m_e_107148.wav"}}}