{"version":"1.0","dataSet":{"info":{"date":"20230116","occupation":"PS","channel":"MOCK","place":"ONLINE","gender":"MALE","ageRange":"35-44","experience":"EXPERIENCED"},"question":{"raw":{"text":"어 기차가 운행을 하다가 산사태로 삼십 분 동안 정차될 수 있습니다 어 이때 지원자님께서 관리 책임의 위치에 있다면 어떤 방법으로 조치하실 건가요","wordCount":22},"emotion":[],"intent":[]},"answer":{"raw":{"text":"네 기차가 운행 시에 인제 산사태 각종 사고로 인해서 정차가 되었습니다. 근데 제가 만약에 관리자의 책임자의 위치에 있다면 어떻게 조치 하실 건지에 대해서 답변을 드리겠습니다. 어 일단 생명적으로나 어 피해 요소가 무엇인지를 가장 먼저 판단할 것 같고 그에 따른 지원 요청을 먼저 실시할 것 같습니다. 그 이후에 그 상황의 정리가 어느 정도 됐을 때 그 부분에 대한 상급자에 대한 보고가 이루어져야 할 것 같고 일단 책임자이기 때문에 그 지금 있는 어 고객들에 대해서 안전한 곳으로 대피 후에 어 불안해하지 않도록 잘 답변을 해주는 게 더 중요할 것 같습니다. 그래서 인제 지원 요청을 하고 또 이 차 위험 상황이라든지 뭐 삼 차 위험 상황에 대해서 대처할 수 있는 그런 안전한 곳에 대피가 중요할 것 같고 그 중간중간 일어나는 위험성이나 이런 것들을 판단을 해서 중간 보고도 철저하게 진행이 된다면 안전하게 이 문제에 대해서 어 조치가 될 수 있을 것 같습니다. 네 이 상입니다.","wordCount":141},"emotion":[],"intent":[{"text":"","expression":"","category":"attitude"}],"summary":{"text":"기차가 운행 시에 산사태 등으로 정차가 되었습니다. 관리자의 위치에 있다면 우선 피해 요소를 판단하여 지원 요청을 먼저 실시하고, 그 이후에 상급자에 대한 보고가 이루어져야 할 것 같습니다. 그리고 고객들에게 안전한 곳으로 대피 후 불안해하지 않도록 답변해 주어야 합니다.","wordCount":38}}},"rawDataInfo":{"question":{"fileFormat":"wav","fileSize":490638,"duration":15330,"samplingBit":16,"channelCount":1,"samplingRate":"16kHz","audioPath":"/Mock/03.PublicService/Male/Experienced/ckmk_q_ps_m_e_214747.wav"},"answer":{"fileFormat":"wav","fileSize":2738638,"duration":85580,"samplingBit":16,"channelCount":1,"samplingRate":"16kHz","audioPath":"/Mock/03.PublicService/Male/Experienced/ckmk_a_ps_m_e_214747.wav"}}}