{"version":"1.0","dataSet":{"info":{"date":"20230116","occupation":"PS","channel":"MOCK","place":"ONLINE","gender":"MALE","ageRange":"45-54","experience":"EXPERIENCED"},"question":{"raw":{"text":"면접자께서는 직무 수행 시 난관에 봉착했다면 어떻게 처리를 할 것인지에 대해서 설명 부탁드리겠습니다","wordCount":13},"emotion":[],"intent":[]},"answer":{"raw":{"text":"직무 수행 시 난관에 봉착한다면 어 주위에 알리는 게 맞습니다. 도움을 청하고 선배나 후배 그 일을 잘 아는 사람한테 도움을 청하는 게 가장 현명한 방법이라고 생각합니다. 물론 본인이 스스로 노력도 안 해보고 어떤 일을 뭐 낯설고 처음 하는 일이라고 해 가지고 그걸 쪼르록 뭐 동료한테 뭐 부탁을 하고 선배한테 부탁을 하는 것은 옳지 않은 것 옳지 않은 행동이지만 본인 스스로 노력을 하고 어려워서 어떤 문제에 부딪쳤으면 그건 당연히 어 선배한테 묻고 선배한테 조언을 받 어 바라는 게 맞는 것 같습니다. 그리러 그러라고 선배가 있고 회사가 있고 상사가 있는 것입니다. 어 똑같은 노력한데 자기가 아마 노력을 해도 알 수 없는 일을 본인이 혼자 그걸 해결하겠다고 끙끙 앓고 싸매고 있다면 그것은 오히려 회사에 한테나 본인한테나 좋지 않은 행동이라고 생각을 합니다. 본인이 노력을 하되 어 본인이 정말 알 수 없는 거라 그러면 그 일을 잘 아는 상사나 그 일을 잘 알고 있는 전문가한테 어 조언을 구하고 어 이야기를 듣고 어 그 난관을 극복하고 그것을 다시 자기가 잘 지켜서 자기 것으로 만들면 된다고 생각합니다.","wordCount":160},"emotion":[],"intent":[{"text":"","expression":"","category":"attitude"}],"summary":{"text":"직무 수행 시 난관에 봉착하면 주변에 알리는 게 맞고, 일을 잘 아는 사람한테 도움을 청하는 게 가장 현명합니다. 노력을 하고 어려워서 어떤 문제에 부딪쳤으면 선배한테 묻고 조언을 받으려는 게 맞는 것 같습니다. 노력을 해도 알 수 없는 일을 혼자 해결하려고 한다면 회사나 본인에게나 좋지 않은 행동입니다. 상사나 전문가한테 조언을 구하여 자기 것으로 만들면 됩니다.","wordCount":54}}},"rawDataInfo":{"question":{"fileFormat":"wav","fileSize":340238,"duration":10630,"samplingBit":16,"channelCount":1,"samplingRate":"16kHz","audioPath":"/Mock/03.PublicService/Male/Experienced/ckmk_q_ps_m_e_108402.wav"},"answer":{"fileFormat":"wav","fileSize":2761038,"duration":86280,"samplingBit":16,"channelCount":1,"samplingRate":"16kHz","audioPath":"/Mock/03.PublicService/Male/Experienced/ckmk_a_ps_m_e_108402.wav"}}}