{"version":"1.0","dataSet":{"info":{"date":"20230116","occupation":"PS","channel":"MOCK","place":"ONLINE","gender":"MALE","ageRange":"-34","experience":"EXPERIENCED"},"question":{"raw":{"text":"아 커뮤니케이션을 잘 할 수 있는 지원자님만의 그런 스킬이 있는지요 어 그런 스킬이 있다면 한 번 소개해 주시겠습니까 직접 한 번 보여주시면 더 좋겠습니다.","wordCount":24},"emotion":[],"intent":[]},"answer":{"raw":{"text":"누군가와 대화를 할 때 저만의 스킬이 있다면 저는 그 사람의 말을 끝까지 들으며 눈을 바라보며 친절하게 다가가는 것입니다. 대부분의 사람들이 자기만의 대화 방법이 있을 것입니다. 다 저랑 비슷비슷 할 것 같습니다. 자기만의 주장을 강조하고 남의 얘기를 듣지 않는다면 그것은 다른 것이 아니고 틀린 것이라고 저는 생각합니다. 상대방의 말을 경청하고 친절하게 다가가면 다가가기 힘든 고객이여도 자연스럽게 다가갈 수 있으며 원활한 관계가 되는 것이 쉬울 거라 생각합니다.","wordCount":65},"emotion":[],"intent":[{"text":"","expression":"","category":"attitude"}],"summary":{"text":"저만의 대화 스킬이 있다면 그 사람의 말을 끝까지 들으며 눈을 바라보며 친절하게 다가가는 것입니다. 상대방의 말을 경청하고 친절히 다가가면 자연스럽게 다가갈 수 있습니다.","wordCount":23}}},"rawDataInfo":{"question":{"fileFormat":"wav","fileSize":498958,"duration":15590,"samplingBit":16,"channelCount":1,"samplingRate":"16kHz","audioPath":"/Mock/03.PublicService/Male/Experienced/ckmk_q_ps_m_e_241712.wav"},"answer":{"fileFormat":"wav","fileSize":2292878,"duration":71650,"samplingBit":16,"channelCount":1,"samplingRate":"16kHz","audioPath":"/Mock/03.PublicService/Male/Experienced/ckmk_a_ps_m_e_241712.wav"}}}