{"version":"1.0","dataSet":{"info":{"date":"20230116","occupation":"PS","channel":"MOCK","place":"ONLINE","gender":"MALE","ageRange":"-34","experience":"EXPERIENCED"},"question":{"raw":{"text":"본인이 팀장과 팀원 중 어떤 것에 더 잘 맞을 것 같은지 그렇게 생각하시는 이유와 함께 말씀해 주세요","wordCount":17},"emotion":[],"intent":[]},"answer":{"raw":{"text":"제가 생각해 볼 때는 저는 팀원보다는 팀장에 더 가까운 스타일인 것 같습니다. 다른 이들과 달리 앞에 나서는 걸 좋아하며 무엇이든 먼저 하려고 하는 성격이기에 저는 팀원보다 팀장이 어울린다 생각합니다. 팀장이라는 직책이 팀원들을 이끌어 나가며 팀원들을 케어해 주고 우리가 이뤄야 할 목표를 정확하게 알려주는 입장이기 때문에 팀장이 가져야 하는 사명감 이런 것들로 보았을 땐 저는 팀원보다 팀장이 더 잘 어울릴 것 같습니다.","wordCount":61},"emotion":[],"intent":[{"text":"다른 이들과 달리 앞에 나서는 걸 좋아하며 무엇이든 먼저 하려고 하는 성격이기에 저는 팀원보다 팀장이 어울린다 생각합니다.","expression":"c_person","category":"background"}],"summary":{"text":"저는 앞에 나서는 걸 좋아하는 성격이기에 팀원보다 팀장에 더 가까운 스타일인 것 같습니다. 팀장이라는 직책이 팀원들을 케어해 주고 목표를 정확하게 알려주는 입장이기 때문입니다.","wordCount":23}}},"rawDataInfo":{"question":{"fileFormat":"wav","fileSize":307278,"duration":9600,"samplingBit":16,"channelCount":1,"samplingRate":"16kHz","audioPath":"/Mock/03.PublicService/Male/Experienced/ckmk_q_ps_m_e_241703.wav"},"answer":{"fileFormat":"wav","fileSize":1886798,"duration":58960,"samplingBit":16,"channelCount":1,"samplingRate":"16kHz","audioPath":"/Mock/03.PublicService/Male/Experienced/ckmk_a_ps_m_e_241703.wav"}}}