{"version":"1.0","dataSet":{"info":{"date":"20230116","occupation":"PS","channel":"MOCK","place":"ONLINE","gender":"MALE","ageRange":"45-54","experience":"EXPERIENCED"},"question":{"raw":{"text":"본인께서는 어 다른 사람을 잘 이끄는 리더형인지 아니면 다른 사람의 말을 잘 따르는 팔로우형인지 본인이 어떤 유형인지 그 또 이유는 무엇인지 말씀해 주십시오","wordCount":23},"emotion":[],"intent":[]},"answer":{"raw":{"text":"어 저는 팔로우 형인 것 같습니다. 조직에서는 당연히 리더형도 있어야 되지만 팔로우형도 있어야 된다고 저는 생각합니다. 어 저는 뭐 친구들 모임이나 사적으로 무슨 모임이나 동아리 이런 걸 할 때도 어 주로 나서지 않는 편입니다. 어 성격상 누군가 앞에 나서 가지고 그것을 이렇게 리드하고 이런 것보다는 어 그 누군가 리더가 있다면 그 사람을 도와주고 응원하고 어 중간자적 입장에서 무엇이 잘못됐는지를 파악하고 그것을 리더한테 전달하고 어 반대로 리더의 의견을 동료나 어 다른 사람들한테 전파하고 하는 것이 좀 더 제 성격상 잘 맞는 것 같습니다. 그리고 저 회사에서 프로젝트 같은 것을 진행을 할 때도 어 리더형보다는 팔로우형으로 누군가를 보조해주고 어 그 사람을 응원해주고 함께 어떤 목표나 결과를 이루는 것을 더 즐겨하고 어 그것이 좀 더 제 성격이나 성향에 맞다고 저는 생각합니다.","wordCount":118},"emotion":[],"intent":[{"text":"어 저는 팔로우 형인 것 같습니다.","expression":"c_person","category":"background"},{"text":"어 저는 뭐 친구들 모임이나 사적으로 무슨 모임이나 동아리 이런 걸 할 때도 어 주로 나서지 않는 편입니다.","expression":"c_person","category":"background"},{"text":"어 성격상 누군가 앞에 나서 가지고 그것을 이렇게 리드하고 이런 것보다는 어   그 누군가 리더가 있다면 그 사람을 도와주고 응원하고 어 중간자적 입장에서 무엇이 잘못됐는지를 파악하고 그것을 리더한테 전달하고 어 반대로 리더의 의견을 동료나   어 다른 사람들한테 전파하고 하는 것이 좀 더 제 성격상 잘 맞는 것 같습니다.","expression":"c_person","category":"background"},{"text":"그리고 저 회사에서 프로젝트 같은 것을 진행을 할 때도 어   리더형보다는 팔로우형으로 누군가를 보조해주고 어 그 사람을 응원해주고 함께   어떤 목표나 결과를 이루는 것을 더 즐겨하고 어 그것이 좀 더 제 성격이나 성향에 맞다고 저는 생각합니다.","expression":"c_person","category":"background"}],"summary":{"text":"조직에서 리더형 뿐만 아니라 팔로우형도 있어야 한다고 생각합니다. 저는 리더형보다 팔로우형으로 누군가를 보조하고 응원하며 함께 어떤 목표나 결과를 이루는 것을 더 즐겨하는 것이 더 제 성격상 맞는다고 생각합니다.","wordCount":28}}},"rawDataInfo":{"question":{"fileFormat":"wav","fileSize":550478,"duration":17200,"samplingBit":16,"channelCount":1,"samplingRate":"16kHz","audioPath":"/Mock/03.PublicService/Male/Experienced/ckmk_q_ps_m_e_106015.wav"},"answer":{"fileFormat":"wav","fileSize":2562638,"duration":80080,"samplingBit":16,"channelCount":1,"samplingRate":"16kHz","audioPath":"/Mock/03.PublicService/Male/Experienced/ckmk_a_ps_m_e_106015.wav"}}}