{"version":"1.0","dataSet":{"info":{"date":"20230116","occupation":"PS","channel":"MOCK","place":"ONLINE","gender":"MALE","ageRange":"45-54","experience":"EXPERIENCED"},"question":{"raw":{"text":"지원자님은 우리 회사에 입사하시는 것을 꿈꿔 왔다고 하셨습니다 다른 계열사도 많이 있습니 있습니다만 이 계열에 지원해 주신 특별한 이유가 있나요 들어보고 싶습니다","wordCount":22},"emotion":[],"intent":[]},"answer":{"raw":{"text":"제가 어 많은 계열사 중에 아 이곳을 선택한 이유는 어 바로 여기가 아 가장 탑 입이기 때문이라고 생각합니다. 아 제 생각뿐만 아니라 실제로도 어 가장 어 그 우수한 계열사이고요. 그렇기 때문에 저는 음 어떤 가장 높은 곳을 바라보고 일을 하는 것이 예 저의 성격상 그게 맞다고 생각합니다. 그래서 제가 그 가장 경쟁이 치열한 이곳에서 살아남는다면 제가 더 높은 곳으로 올라갈 수 있다고 생각하기 때문에 어 다른 계열사보다는 가장 어 높은 곳에 있는 가장 어 소위 잘 나가는 아 이곳에 지원을 하게 되었습니다.","wordCount":82},"emotion":[],"intent":[{"text":"그래서 제가 그   가장 경쟁이 치열한 이곳에서 살아남는다면 제가 더 높은 곳으로 올라갈 수 있다고 생각하기 때문에 어 다른 계열사보다는   가장 어 높은 곳에 있는 가장 어 소위 잘 나가는   아 이곳에 지원을 하게 되었습니다.","expression":"c_sincere_job","category":"etc"}],"summary":{"text":"제가 이 계열사를 선택한 이유는 제가 가장 높은 곳을 바라보고 일을 하기 때문이라고 생각합니다. 경쟁이 치열할 수록 더 높은 곳으로 올라갈 수 있다고 생각해서 이 곳에 지원을 하게 되었습니다.","wordCount":29}}},"rawDataInfo":{"question":{"fileFormat":"wav","fileSize":613198,"duration":19160,"samplingBit":16,"channelCount":1,"samplingRate":"16kHz","audioPath":"/Mock/03.PublicService/Male/Experienced/ckmk_q_ps_m_e_109153.wav"},"answer":{"fileFormat":"wav","fileSize":2072398,"duration":64760,"samplingBit":16,"channelCount":1,"samplingRate":"16kHz","audioPath":"/Mock/03.PublicService/Male/Experienced/ckmk_a_ps_m_e_109153.wav"}}}