{"version":"1.0","dataSet":{"info":{"date":"20230116","occupation":"PS","channel":"MOCK","place":"ONLINE","gender":"MALE","ageRange":"35-44","experience":"EXPERIENCED"},"question":{"raw":{"text":"스트레스를 받으면 지원자님은 보통 어떻게 하시나요 또한 왜 그런 방법으로 스트레스를 해소하시는지 이유도 함께 말씀해 주세요","wordCount":16},"emotion":[],"intent":[]},"answer":{"raw":{"text":"가끔 사람들은 스트레스를 받으면 술을 많이 마신다거나 음식을 많이 섭취함으로써 스트레스가 풀린다고 얘기하시는 분들이 있습니다. 하지만 실제적으로 우리의 몸이나 뇌는 그런 것으로 스트레스를 해소할 수가 없습니다. 잠시 잊을 수는 있지만 다시 자고 일어나거나 시간이 지나면 오히려 더 큰 스트레스로 다가온다고 합니다. 그래서 저는 스트레스를 해소하는 방법을 뇌 과학자들의 책에서 찾았습니다. 바로 발바닥에 자극을 주는 것입니다. 발바닥에 자극을 주는 것은 우리가 흔히 말하는 산책 워킹 트레킹을 말하는 것입니다. 등산 같이 어려운 코스 힘든 코스를 하다 보면 운동량이 적거나 등산이 체질에 안 맞는 사람은 오히려 더 스트레스를 받을 수 있지만 피톤치드가 무한히 뿜어져 나오는 메타세콰이어나 아니면 소나무 숲길를 걷다 보면 소나무나 메타세콰이어에서 나오는 피톤치트로 인해서 우리의 심신이 안정이 되고 많이 걸음으로써 뇌에는 활성 산소가 조금씩 없어지면서 우리 몸과 마음이 지속적으로 정화가 되고 스트레스가 경감이 되게 돼 있습니다. 이것은 뇌 과학자들이 오십 년 넘게 밝힌 과학 이론이며 실제로 이렇게 한 시간 에서 두 시간 명상이나 음악을 들으면서 숲길을 걸으면 저도 모르게 잠도 잘 오고 그 다음날 업무에 집중도 잘되고 스트레스를 완전히 잊을 수 있습니다.","wordCount":161},"emotion":[],"intent":[{"text":"등산 같이 어려운 코스 힘든 코스를 하다 보면 운동량이 적거나 등산이 체질에 안 맞는 사람은 오히려 더 스트레스를 받을 수 있지만 피톤치드가 무한히 뿜어져 나오는   메타세콰이어나 아니면 소나무 숲길를 걷다 보면 소나무나 메타세콰이어에서 나오는 피톤치트로 인해서 우리의 심신이 안정이 되고 많이 걸음으로써 뇌에는 활성 산소가 조금씩 없어지면서   우리 몸과 마음이 지속적으로 정화가 되고 스트레스가 경감이 되게 돼 있습니다.","expression":"p_str_coping","category":"technology"},{"text":"이것은 뇌 과학자들이 오십 년 넘게 밝힌 과학 이론이며 실제로 이렇게 한 시간 에서 두 시간 명상이나 음악을 들으면서 숲길을 걸으면   저도 모르게 잠도 잘 오고 그 다음날 업무에 집중도 잘되고 스트레스를 완전히 잊을 수 있습니다.","expression":"p_str_coping","category":"technology"}],"summary":{"text":"스트레스 해소방법으로 발바닥에 자극을 주는 산책 워킹 트레킹을 들 수 있습니다. 메타세콰이어나 소나무 숲길의 명상이나 음악을 들으며 숲길을 걸으면 심신이 안정이 되고 뇌에는 활성 산소가 조금씩 사라지면서 몸과 마음이 지속적으로 정화가 되고 스트레스도 경감이 됩니다.","wordCount":35}}},"rawDataInfo":{"question":{"fileFormat":"wav","fileSize":584078,"duration":18250,"samplingBit":16,"channelCount":1,"samplingRate":"16kHz","audioPath":"/Mock/03.PublicService/Male/Experienced/ckmk_q_ps_m_e_183187.wav"},"answer":{"fileFormat":"wav","fileSize":2786638,"duration":87080,"samplingBit":16,"channelCount":1,"samplingRate":"16kHz","audioPath":"/Mock/03.PublicService/Male/Experienced/ckmk_a_ps_m_e_183187.wav"}}}