{"version":"1.0","dataSet":{"info":{"date":"20230116","occupation":"PS","channel":"MOCK","place":"ONLINE","gender":"MALE","ageRange":"35-44","experience":"EXPERIENCED"},"question":{"raw":{"text":"어 지원자님께서는 이제 여러 가지 활동을 아무래도 하셨을 텐데 어 본인이 현재 가지고 있는 위치보다 어려운 목표를 달성한 적이 있으시다면 어 그 어려운 목표를 달성한 적이 있는 그 경험을 말씀을 해 주시기를 바랍니다","wordCount":33},"emotion":[],"intent":[]},"answer":{"raw":{"text":"어 제가 이제 전 회사에서 이제 겪었던 일인데 제가 이제 갖고 있는 위치에서 보다도 좀 더 큰 역할을 수행했던 적이 있습니다. 그때 이제 상급자가 어 육아 휴직을 하면서 부재가 되면서 그 역할을 맡아서 임무 수행했던 기억이 있습니다. 그때 기억이 아주 많은 것 같습니다. 지금까지 해보지 못했던 뭐 회의 주관이라든지 어떤 프로젝트를 주관해서 진행했어야 하고 또 그런 거에 대한 점검을 받는 그런 일이 있었는데 지금 생각해 보면 그때가 너무 힘들었 것 같습니다. 아침에 출근하기도 싫었고 부담감 뭐 이런 것들이 쌓이다 보니까 스트레스도 엄청 많았던 것 같습니다. 근데 어떻게 해서 좀 버티고 또 더 노력하고 할 수 있다는 건 뭐 똑같은 사람이 하는 일인데 할 수 있다는 생각을 갖고 덤비다 보니까 그래도 그 부재였던 한 육 개월 간의 시간을 잘 극복해 냈었던 것 같습니다. 그때 했던 경험이 지금에 와서 정말 어떤 또 어려운 일이 닥치거나 또 하지 못할 일이 생겼었던 것 같으면 그때 일을 떠올려 보면 또 다 충분히 해낼 수 있는 일이고 다 할 수 있다는 자신감이 생겼던 계기였던 것 같습니다. 이상입니다.","wordCount":161},"emotion":[],"intent":[{"text":"","expression":"","category":"attitude"}],"summary":{"text":"전 회사에서 육아 휴직을 하면서 상급자가 부재가 되면서 그 역할을 맡아서 임무 수행했던 적이 있습니다. 그때 일이 너무 힘들었고 스트레스를 많이 받았지만 할 수 있다는 생각을 갖고 덤비다보니 그 부재였던 한 육 개월 간의 시간을 잘 극복해 냈었던 것 같습니다. 지금 생각해 보면 또 충분히 해낼 수 있는 일이고 다 할 수 있는 일이라는 자신감이 생겼던 계기였습니다.","wordCount":57}}},"rawDataInfo":{"question":{"fileFormat":"wav","fileSize":665038,"duration":20780,"samplingBit":16,"channelCount":1,"samplingRate":"16kHz","audioPath":"/Mock/03.PublicService/Male/Experienced/ckmk_q_ps_m_e_191907.wav"},"answer":{"fileFormat":"wav","fileSize":2729038,"duration":85280,"samplingBit":16,"channelCount":1,"samplingRate":"16kHz","audioPath":"/Mock/03.PublicService/Male/Experienced/ckmk_a_ps_m_e_191907.wav"}}}