{"version":"1.0","dataSet":{"info":{"date":"20230116","occupation":"PS","channel":"MOCK","place":"ONLINE","gender":"MALE","ageRange":"55-","experience":"EXPERIENCED"},"question":{"raw":{"text":"어 몇 년 전에 우버 택시와 관한 논란이 있다는 것을 지원자님께서도 알고 계실 텐데요 어 지원자님이 생각하시기에 어 우버 택시에 관한 논란에 대해서 어떻게 생각하시는지 그 의견을 말씀해 주시길 바랍니다","wordCount":30},"emotion":[],"intent":[]},"answer":{"raw":{"text":"몇 년 전 우버 택시와 관한 논란이 있었던 걸 알고 계실 겁니다. 지원자께서는 찬반 양론에 각각 어떻게 생각하시시나요 예 저는 우버 택시 같은 경우는 어 우리 택시 업계에 있으신 그런 분들에게 어떻게 보면 생존권에 관련된 상당히 어려운 문제에 직면해 있음을 어 생각할 수 있습니다. 하지만은 아이티 기술 앞으로의 미래에 아 많은 변화되는 그 그러한 한 이 환경 가운데 네 우리가 어떻게 변화해야 되는가 라는 입장에서 봤을 때는 참으로 우리가 어려운 상황이지만은 아 정말로 여태까지 아 그런 변화가 없었지만 이러한 새로운 변화에 아 동참하고 새로운 변화에 우리가 아 적응해 나가야 될 그런 필요가 있다고 생각합니다. 늘 세상에는 나는 모르지만은 세상의 변화의 물결에 내가 조금씩 조금씩 변화해 갈 때 늘 우리의 삶이 풍요로워질 수 있음을 늘 알고 있습니다. 우버 택시가 처음에 나왔을 경우에는 우리의 생존권과 우리의 아 모든 것들 중에서 불편함을 초래할 걸로 봤지만 지금 카카오 택시를 그 예로 들자면 지금 모든 사람들이 카카오로 어 택시를 잡고 그렇게 어 일을 하는 거와 마찬가지로 그러한 변화의 물결에 아 두려움을 가질 필요는 없다고 봅니다. 늘 아 받아들이고 찬성함으로 인하여서 아 새로운 시대에 아 적응해 나가는 게 필요하다고 봅니다.","wordCount":174},"emotion":[],"intent":[{"text":"","expression":"","category":"attitude"}],"summary":{"text":"우버 택시의 경우에는 생존권과 관련된 어려운 문제에 직면해 있다고 생각할 수 있습니다. 하지만 변화하는 환경에 우리가 동참하고 적응해 나갈 필요가 있다고 생각합니다. 우버 택시가 처음에 나왔을 경우에는 불편함을 초래할 거라고 보았지만, 변화의 물결에 두려움을 가질 필요는 없다고 봅니다.","wordCount":38}}},"rawDataInfo":{"question":{"fileFormat":"wav","fileSize":551438,"duration":17230,"samplingBit":16,"channelCount":1,"samplingRate":"16kHz","audioPath":"/Mock/03.PublicService/Male/Experienced/ckmk_q_ps_m_e_246598.wav"},"answer":{"fileFormat":"wav","fileSize":3834318,"duration":119820,"samplingBit":16,"channelCount":1,"samplingRate":"16kHz","audioPath":"/Mock/03.PublicService/Male/Experienced/ckmk_a_ps_m_e_246598.wav"}}}