{"version":"1.0","dataSet":{"info":{"date":"20230116","occupation":"PS","channel":"MOCK","place":"ONLINE","gender":"MALE","ageRange":"55-","experience":"EXPERIENCED"},"question":{"raw":{"text":"남을 잘 이끄는 리더형이 있고 또 남을 잘 따르는 팔로워 형이 있습니다 지원자님 본인은 자신이 일을 할 때 리더형인지 팔로워형인지 어떤 유형이라고 생각하는지 설명해 주십시오","wordCount":25},"emotion":[],"intent":[]},"answer":{"raw":{"text":"저는 리더형으로서 이제 일을 해 왔었기 때문에 사실 그 부분에 대해서 미련이 없습니다. 뭐 누가 날 따르지 않아도 되고 음 누구를 이끌고 싶은 마음도 전혀 없고 차라리 저는 그냥 끌려가는 게 더 좋아요. 누구를 따르면서 제가 주어진 업무에 대해서만 착실히 착실히 수행을 하고 어 일정 부분만 책임을 지고 나머지 시간은 제가 하고 싶은 일을 하고요. 이게 제일 깔끔한 거 같애요. 제가 너무 원래 제 자영업 일에 몸과 마음이 데어서 그런 건지 몰라도 음 네 저는 변한 거 같애요 리더형에서 팔로워 형으로. 많은 분들이 사회생활하면서 아마 저 같은 그런 순서를 겪지 않았을까 싶은 생각이 드네요.","wordCount":94},"emotion":[],"intent":[{"text":"","expression":"","category":"attitude"}],"summary":{"text":"저는 리더형으로서 일을 해왔기 때문에 그 부분에 대해서 미련이 없습니다. 주어진 업무에 대해서만 착실히 수행하고 일정 부분만 책임을 지고 나머지 시간은 제가 하고 싶은 일을 하는 것이 가장 깔끔하다고 생각합니다.","wordCount":30}}},"rawDataInfo":{"question":{"fileFormat":"wav","fileSize":583758,"duration":18240,"samplingBit":16,"channelCount":1,"samplingRate":"16kHz","audioPath":"/Mock/03.PublicService/Male/Experienced/ckmk_q_ps_m_e_179658.wav"},"answer":{"fileFormat":"wav","fileSize":2470478,"duration":77200,"samplingBit":16,"channelCount":1,"samplingRate":"16kHz","audioPath":"/Mock/03.PublicService/Male/Experienced/ckmk_a_ps_m_e_179658.wav"}}}