{"version":"1.0","dataSet":{"info":{"date":"20230116","occupation":"PS","channel":"MOCK","place":"ONLINE","gender":"MALE","ageRange":"45-54","experience":"EXPERIENCED"},"question":{"raw":{"text":"자신의 노년은 어떤 모습이면 좋겠습니까","wordCount":5},"emotion":[],"intent":[]},"answer":{"raw":{"text":"어 요즘은 워낙 인간의 생명이 길어지고 요즘 뭐 백 세 시대라고 하니까 언제부터를 노년이라고 해야 될지 잘 모르겠지만 저는 제가 신체적으로나 뭐 정신적으로 건강하다면 저는 가능한 오랫동안 일을 하고 싶습니다. 어 현장에서 같이 좀 체험하고 뛰고 부딪치고 하는 것이 저는 좀 즐겁고 좋습니다. 그래서 가능하다면 저는 어 오랫동안 이 일을 하고 싶고 그리고 나서 어 정말로 은퇴를 하게 된다면 어 저는 개인적으로 뭐 계곡이나 이런 강가에 쪼금한 펜션을 하나 마련해서 거기서 펜션 지기를 하고 싶습니다. 누군가 이렇게 쉬러 오면 그 사람들을 좀 뒷바라지 해 주면서 그 사람들이 와 가지고 고 기간 동안 만이라도 쉬는 저요 펜션에 와서 쉬는 동안만이라도 뭐 힐링을 하고 좀 쉬다가 편히 쉬다가 돌아갈 수 있게 저는 그런 식으로 사람과 만나고 이렇게 커뮤니케이션을 갖는 것을 어 즐거워 합니다. 그래서 저는 은퇴를 하게 되면 어 조그마한 펜션 지기가 되는 것이 제 노년의 모습이었으면 하고 바랍니다.","wordCount":137},"emotion":[{"text":"어 현장에서 같이 좀   체험하고 뛰고 부딪치고 하는 것이 저는 좀 즐겁고 좋습니다.","expression":"p-happiness","category":"positive"}],"intent":[{"text":"","expression":"","category":"attitude"}],"summary":{"text":"인간의 생명이 길어지고 백 세 시대라고 하니 신체적으로나 정신적으로나 건강하다면 저는 오랫동안 일을 하고 싶습니다. 그리고 은퇴를 하게 된다면 개인적으로 계곡이나 강가에 조그만 펜션을 마련해서 조그마한 펜션 지기를 바랍니다. 이것이 제 노년의 모습이었으면 합니다.","wordCount":34}}},"rawDataInfo":{"question":{"fileFormat":"wav","fileSize":198158,"duration":6190,"samplingBit":16,"channelCount":1,"samplingRate":"16kHz","audioPath":"/Mock/03.PublicService/Male/Experienced/ckmk_q_ps_m_e_106776.wav"},"answer":{"fileFormat":"wav","fileSize":2687438,"duration":83980,"samplingBit":16,"channelCount":1,"samplingRate":"16kHz","audioPath":"/Mock/03.PublicService/Male/Experienced/ckmk_a_ps_m_e_106776.wav"}}}