{"version":"1.0","dataSet":{"info":{"date":"20230116","occupation":"PS","channel":"MOCK","place":"ONLINE","gender":"MALE","ageRange":"35-44","experience":"EXPERIENCED"},"question":{"raw":{"text":"지원자님이 생각하시기에 회사의 덕목이 무엇이라고 생각하십니까 어떤 회사가 좋은 회사라고 생각하시는지 궁금한 겁니다 한번 말씀 부탁드립니다","wordCount":16},"emotion":[],"intent":[]},"answer":{"raw":{"text":"회사의 덕목은 성장성 있고 미래를 확실히 제시할 수 있는 그런 회사입니다. 직원들이 그 회사를 한 번 입사했을 때 최소 오 년에서 십 년 이상 다닐 생각으로 입사를 하게 됩니다. 그런데 막상 다니다 보면 회사의 복리 후생이나 어떤 기회의 균등 진급 임금 협상에 대한 아주 답답한 곳은 사람들이 오래 다닐 수도 없고 퇴사에 대한 스스로의 압박을 느끼게 됩니다. 회사가 성장함으로써 직원도 함께 성장할 수 있고 직원의 미래까지도 책임질 수 있는 그런 회사가 좋은 회사라고 생각합니다. 특히나 경영주나 경영주의 일가들의 주머니로 들어가는 이익 잉어 잉여금이 많거나 또는 자기 라인 자기와 친한 사람들 위주로 진급을 시키는 불공정한 회사는 절대 좋은 회사가 될 수 없습니다. 사람들은 공평하고 공정한 사회를 원하고 공평하고 공정한 사회 속에서 회사도 성장하고 개인도 성장하고 조직도 성장한다고 봅니다.","wordCount":117},"emotion":[],"intent":[{"text":"","expression":"","category":"attitude"}],"summary":{"text":"회사의 덕목은 성장성 있고 미래를 제시할 수 있는 회사입니다. 사람들은 공평하고 공정한 사회를 원합니다. 회사도 성장하고 개인도 성장하고 조직도 성장하는 것입니다.","wordCount":21}}},"rawDataInfo":{"question":{"fileFormat":"wav","fileSize":553358,"duration":17290,"samplingBit":16,"channelCount":1,"samplingRate":"16kHz","audioPath":"/Mock/03.PublicService/Male/Experienced/ckmk_q_ps_m_e_183184.wav"},"answer":{"fileFormat":"wav","fileSize":1982798,"duration":61960,"samplingBit":16,"channelCount":1,"samplingRate":"16kHz","audioPath":"/Mock/03.PublicService/Male/Experienced/ckmk_a_ps_m_e_183184.wav"}}}