{"version":"1.0","dataSet":{"info":{"date":"20230116","occupation":"PS","channel":"MOCK","place":"ONLINE","gender":"MALE","ageRange":"35-44","experience":"EXPERIENCED"},"question":{"raw":{"text":"지원자님께서 입사를 해 일을 하게 되면 나이가 많으신 분들을 상대할 일이 많아집니다 지원자님은 혹시 이와 같이 나이가 많은 분을 상대해 본 경험이 있으십니까","wordCount":23},"emotion":[],"intent":[]},"answer":{"raw":{"text":"네 업무를 하게 되면 나이가 많으신 분들을 상대할 일들이 많으실 것으로 판단됩니다. 그런 경험들에 대해서 답변 드리겠습니다. 일단 업무를 진행했을 때 분명히 이제 하창업제나 이런 데에서 보면 나이가 많으신 분들이 상대할 일이 생기는데 이런 부분에서 가장 중요한 것은 그분들의 경력이나 그런 분들의 인생이 있기 때문에 그분들을 절대 기분 상하게 하면 안 된다고 생각합니다. 저도 그런 나이가 될 것이고 저도 그런 상황에 놓인 상황이 생길 것인데 뿌린 대로 걷는다고 그런 사람 분들에게 함부로 대하거나 어 뭐 우리가 이제 본사이고 높다고 판단이 돼서 그분들을 어 낮게 본다거나 이런 상황이 있을 시에는 어 분명히 어떻게든 독이 돼서 돌아올 것이라 판단이 됩니다. 그래서 그런 상황에 있을 때는 최대한 나이에 대한 예우를 가지고 뭐 해야 할 업무에 대해서는 정확하게 해야겠지만 분명히 예우를 갖춘 상태에서 업무를 진행하는 것이 가장 효과적이고 평화로운 것 같습니다. 네 이상입니다.","wordCount":129},"emotion":[],"intent":[{"text":"","expression":"","category":"attitude"}],"summary":{"text":"업무를 하게 되면 나이가 많으신 분들을 상대할 일이 많으실 것으로 판단됩니다. 그런 경험들에 대해서 답변 드리겠습니다. 최대한 나이에 대한 예우를 가지고 정확하게 해서라도 분명히 예우를 갖춘 상태에서 업무를 진행하는 것이 가장 효과적이고 평화로운 것 같습니다.","wordCount":35}}},"rawDataInfo":{"question":{"fileFormat":"wav","fileSize":572878,"duration":17900,"samplingBit":16,"channelCount":1,"samplingRate":"16kHz","audioPath":"/Mock/03.PublicService/Male/Experienced/ckmk_q_ps_m_e_215293.wav"},"answer":{"fileFormat":"wav","fileSize":2529998,"duration":79060,"samplingBit":16,"channelCount":1,"samplingRate":"16kHz","audioPath":"/Mock/03.PublicService/Male/Experienced/ckmk_a_ps_m_e_215293.wav"}}}