{"version":"1.0","dataSet":{"info":{"date":"20230116","occupation":"PS","channel":"MOCK","place":"ONLINE","gender":"MALE","ageRange":"-34","experience":"EXPERIENCED"},"question":{"raw":{"text":"지원장님께서 본인이 현재 가지고 있는 위치보다 더 어려운 목표를 달성해 본 경험이 있다면 그 경험에 대해 말씀해 주세요","wordCount":18},"emotion":[],"intent":[]},"answer":{"raw":{"text":"제가 공무원 시험을 준비하면서 가산점을 얻기 위해 자격증을 많이 취득했습니다. 그중에 한자와 관련된 자격증을 취득할 때 굉장히 힘이 들었던 걸로 기억합니다. 가산점을 받기 위해서는 한자 이 급을 취득해야 하는데 저는 지금까지 한자와 관련된 교육을 한 번도 받아본 적이 없습니다. 그렇기 때문에 기본적인 한자를 잃는 법도 쓰는 법도 몰랐습니다. 거의 백지에 가까운 상태에서 이 급이라고 하는 높은 급수를 따기에는 정말 어려움이 많았습니다. 이렇게 어려운 목표를 설정하고 매일 밤을 새면서 한 달 간 공부를 했었습니다. 이렇게 피나는 노력을 한 결과 저는 한자 이 급을 취득할 수 있었고 이 때 느꼈던 생각은 사람은 노력하면 누구나 어려운 일을 다 해낼 수 있다 라는 생각을 하게 되었던 것 같습니다.","wordCount":104},"emotion":[],"intent":[{"text":"","expression":"","category":"attitude"}],"summary":{"text":"공무원 시험을 준비하면서 한자 자격증을 많이 취득했는데, 자격증을 취득할 때 굉장히 힘이 들었습니다. 한자 이 급을 취득하기 위해 매일 밤을 새면서 공부를 했습니다. 그 때 느꼈던 생각은 사람은 노력하면 누구나 어려운 일을 해낼 수 있다는 생각을 하게 되었습니다.","wordCount":38}}},"rawDataInfo":{"question":{"fileFormat":"wav","fileSize":396238,"duration":12380,"samplingBit":16,"channelCount":1,"samplingRate":"16kHz","audioPath":"/Mock/03.PublicService/Male/Experienced/ckmk_q_ps_m_e_253912.wav"},"answer":{"fileFormat":"wav","fileSize":2516558,"duration":78640,"samplingBit":16,"channelCount":1,"samplingRate":"16kHz","audioPath":"/Mock/03.PublicService/Male/Experienced/ckmk_a_ps_m_e_253912.wav"}}}