{"version":"1.0","dataSet":{"info":{"date":"20230116","occupation":"PS","channel":"MOCK","place":"ONLINE","gender":"MALE","ageRange":"55-","experience":"EXPERIENCED"},"question":{"raw":{"text":"지원자님이 생각하기에 고객이 만족할 만한 서비스를 제공하기 위해서는 어떠한 준비가 필요하다고 생각하는지 생각나는 대로 말씀해 주시기 바랍니다","wordCount":17},"emotion":[],"intent":[]},"answer":{"raw":{"text":"고객이 만족할 만한 서비스를 제공하기 위해서는 어떤 준비가 되어야 한다고 생각하십니까 생각나는 대로 말씀해 주세요. 아 고객이 만족할 만한 서비스를 어 얻을려면은 아 저희가 직접적으로 정보를 많이 얻어야 한다고 생각합니다. 아 제품이라든가 어떠한 프로세스에서의 정보와 지식 그리고 우리가 직접적으로 해봄으로 인하여서 경험이 또한 토대가 되어서 아 이래서 아 민원인들의 그런 불편이 있었구나. 이해한다. 이런 부분을 우리가 느 능히 아 대처할 수 있는 그런 부분들이 몸에 배어야만이 아 민원과 고객에 만족할 만한 서비스가 충분히 이뤄지고 아 좋은 효과가 있을 것으로 생각합니다. 그러기 위해서는 우리가 먼저 아 많은 공부를 또한 해야 될 것이고 또한 아 이런 아 민원이 생길 수 밖에 없었던 그러한 이유를 우리가 늘 어 확인해야 될 것으로 생각합니다. 우리나라에는 사계절이 있기 때문에 아 여름과 겨울에는 또한 문제가 어떻게 발생되었는지 또한 우기철이라든가 눈이 많이 왔을 때는 문제가 더욱더 많이 발생하고 어 고객의 그러한 민원이 아 많이 있었던가를 아 통계적으로 또한 분석할 필요도 있습니다. 그래서 우리가 아 에프터 서비스보다는 비포 서비스를 준비하고 또한 거기에 대해서 교육하고 늘 숙지하면서 민원에 대비하는 아 그런 준비가 되어 있어야 더욱더 효율적이라고 생각을 합니다.","wordCount":168},"emotion":[],"intent":[{"text":"그래서 우리가 아 에프터 서비스보다는 비포 서비스를 준비하고 또한 거기에 대해서 교육하고 늘 숙지하면서 민원에 대비하는 아 그런 준비가 되어 있어야 더욱더 효율적이라고 생각을 합니다.","expression":"p_cus_belief","category":"technology"}],"summary":{"text":"고객이 만족할 만한 서비스를 제공하기 위해서는 아 직접적으로 정보를 많이 얻어야 합니다. 아 이런 민원이 생길 수 밖에 없었던 이유를 우리가 늘 확인해야 될 것으로 생각합니다. 사계절이 있기 때문에 여름과 겨울에는 어떻게 발생되었는지, 또 우기철이라든가 눈이 많이 왔을 때는 어떤 문제가 많이 발생했는가를 아 통계적으로 또한 분석할 필요도 있습니다. 아 비포 서비스를 준비하고, 교육하고 숙지하면서 민원에 대비하는 그런 준비가 필요합니다.","wordCount":60}}},"rawDataInfo":{"question":{"fileFormat":"wav","fileSize":388558,"duration":12140,"samplingBit":16,"channelCount":1,"samplingRate":"16kHz","audioPath":"/Mock/03.PublicService/Male/Experienced/ckmk_q_ps_m_e_245591.wav"},"answer":{"fileFormat":"wav","fileSize":3808718,"duration":119020,"samplingBit":16,"channelCount":1,"samplingRate":"16kHz","audioPath":"/Mock/03.PublicService/Male/Experienced/ckmk_a_ps_m_e_245591.wav"}}}