{"version":"1.0","dataSet":{"info":{"date":"20230116","occupation":"PS","channel":"MOCK","place":"ONLINE","gender":"MALE","ageRange":"35-44","experience":"EXPERIENCED"},"question":{"raw":{"text":"공무원에게 특히 강조되어지는 공직 윤리는 무엇입니까","wordCount":6},"emotion":[],"intent":[]},"answer":{"raw":{"text":"공무원이나 공직자들에게 강조되는 공직 윤리는 바로 청렴결백 청렴리 정신입니다. 공직자는 많은 권한을 가지고 나라의 정책을 또는 정책을 시행할 수 있는 그런 부서들입니다. 특히나 동네에 놀이터 하나를 짓는 것만 해도 공무원들에게 로비가 엄청나게 많이 들어간다고 알고 있습니다. 그런 사람들이 정확한 정책 및 정확한 윤리 의식 없이 그냥 많은 사람들의 로비를 받거나 자기의 편의대로 일을 처리를 해 버린다면 결국 그것에 대한 모든 피해는 고스란히 국민이나 서민이 지게 되어 있기 때문에 공직자는 반드시 청렴하고 자기 업무레 투철한 직업 정신이 있어야 될 것입니다.","wordCount":79},"emotion":[],"intent":[{"text":"","expression":"","category":"attitude"}],"summary":{"text":"공직 윤리는 바로 청렴결백 청렴리 정신입니다. 정확한 정책 및 윤리 의식 없이 로비나 편의대로 일을 처리 버린다면 피해는 고스란히 국민이나 서민이 지게 되어 있기에 공직자는 반드시 청렴하고 자기 업무레 투철한 직업 정신이 있어야 될 것입니다.","wordCount":35}}},"rawDataInfo":{"question":{"fileFormat":"wav","fileSize":279438,"duration":8730,"samplingBit":16,"channelCount":1,"samplingRate":"16kHz","audioPath":"/Mock/03.PublicService/Male/Experienced/ckmk_q_ps_m_e_184417.wav"},"answer":{"fileFormat":"wav","fileSize":1464398,"duration":45760,"samplingBit":16,"channelCount":1,"samplingRate":"16kHz","audioPath":"/Mock/03.PublicService/Male/Experienced/ckmk_a_ps_m_e_184417.wav"}}}