{"version":"1.0","dataSet":{"info":{"date":"20230116","occupation":"PS","channel":"MOCK","place":"ONLINE","gender":"MALE","ageRange":"-34","experience":"EXPERIENCED"},"question":{"raw":{"text":"혹시 지원자님은 매일 공부하고 있는 분야가 따로 있으신가요 만약 있다면 왜 그 공부를 하고 있는지도 함께 설명해 주시기 바랍니다","wordCount":19},"emotion":[],"intent":[]},"answer":{"raw":{"text":"최근 영어를 계속 공부하고 있습니다. 지금은 글로벌 시대이기 때문에 다양한 언어를 구사할 줄 알아야 하고 이제는 영어는 필수가 되었습니다. 군인도 다양한 나라의 군인들을 만나는 시대이기 때문에 영어로 의사소통 할 수 있는 능력은 군인에게도 필수라고 생각합니다. 그렇기 때문에 저는 지금도 영어 공부를 끊임없이 하고 있고 영어 공부를 하는 저만의 노하우는 이태원에 가서 외국인 친구들을 직접 사귀는 것입니다. 가만히 책상에 앉아서 공부를 하는 것보다 외국인 친구를 직접 만나서 커뮤니케이션을 하다 보면 제 영어 실력도 늘어나고 외국 문화에 대한 이해도 높아지는 것 같아서 저는 외국인 친구들을 사귀면서 영어를 공부하고 있습니다.","wordCount":87},"emotion":[],"intent":[{"text":"","expression":"","category":"attitude"}],"summary":{"text":"글로벌 시대에는 다양한 언어를 구사할 줄 알아야 하고 이제는 영어는 필수가 되었습니다. 군인에게도 영어로 의사소통 할 수 있는 능력은 필수라고 생각합니다. 그래서 영어 공부를 하는 저만의 노하우는 이태원에 가서 외국인 친구를 직접 사귀는 것입니다.","wordCount":34}}},"rawDataInfo":{"question":{"fileFormat":"wav","fileSize":560078,"duration":17500,"samplingBit":16,"channelCount":1,"samplingRate":"16kHz","audioPath":"/Mock/03.PublicService/Male/Experienced/ckmk_q_ps_m_e_228767.wav"},"answer":{"fileFormat":"wav","fileSize":2267598,"duration":70860,"samplingBit":16,"channelCount":1,"samplingRate":"16kHz","audioPath":"/Mock/03.PublicService/Male/Experienced/ckmk_a_ps_m_e_228767.wav"}}}