{"version":"1.0","dataSet":{"info":{"date":"20230116","occupation":"PS","channel":"MOCK","place":"ONLINE","gender":"MALE","ageRange":"55-","experience":"EXPERIENCED"},"question":{"raw":{"text":"이전 직장을 퇴사하신 것을 후회하신 적은 없으신가요 만약 후회하셨다면 왜 후회하셨는지도 함께 말씀해 주세요","wordCount":14},"emotion":[],"intent":[]},"answer":{"raw":{"text":"이전 직장에서 퇴사한 후 퇴사한 것을 후회하신 적은 없나요 있다면 왜 인지도 함께 말씀 부탁드립니다. 아 예 어 직장에서 퇴사하면서 후회한 적은 별로 없었다고 봅니다. 아 그 회사 말고도 들어갈 수 있는 회사들 또한 많은 아 내가 좋은 쪽으로 원하는 그런 회사들이 있었기 때문에 특별히 후회할 이유는 없었다고 봅니다. 아 또한 아 새로운 도전이 있었고 좋은 데를 또한 가고자 하는 그런 목적에서 또한 퇴사를 했던 것으로 보여집니다. 또한 제가 후회한 적도 있었습니다. 아이엠에프 때 했는데 그 회사에서 다니다가 그만두고 제가 언어 어 훈련을 배우기 위해서 미국으로 어 영어 공부를 하러 갔던 적이 있었는데 갔다와서 아이엠에프 사태를 맺었는데 그 회사를 들어가지 못했습니다. 아 그걸로 인해서 크게 어 후회를 했습니다. 왜냐하면 새로운 직장을 또한 얻는 것도 어 좀 시간이 좀 흘렀고 어 쉽지 않은 거였고 여러모로 어 낯선 아 경험들이 계속 있었기 때문에 어려웠었다고 볼 수 있습니다. 어떻게 보면은 어 후회는 아 잠깐 후회였을 것이고 아 대부분은 어 후회는 거의 없다고 봅니다. 제가 또한 뭔가를 아 목표를 두고 아 뭔가를 아 결단을 통하여서 어 하는 일들이었기 때문에 더 좋은 쪽으로 생각하고 있다고 생각합니다. 또한 그 전 직장의 동료들과 또한 교제하고 대화하고 또한 만나는 데에는 어 문제는 없었다고 봅니다.","wordCount":186},"emotion":[],"intent":[{"text":"아이엠에프 때 했는데 그 회사에서 다니다가 그만두고 제가 언어 어 훈련을 배우기 위해서 미국으로 어 영어 공부를 하러 갔던 적이 있었는데 갔다와서 아이엠에프 사태를 맺었는데 그 회사를 들어가지 못했습니다.","expression":"c_private","category":"background"}],"summary":{"text":"이전 직장에서 퇴사한 후 후회한 적은 별로 없었습니다. 저는 좋은 쪽으로 원하는 회사들이 있었고, 새로운 도전과 좋은 데를 가려는 목적에서 퇴사를 했던 것으로 보여집니다. 또한 아이엠에프 때 회사를 들어가지 못한 것은 크게 후회했습니다. 새로운 직장도 얻었고, 낯선 경험이 계속 있었기 때문입니다. 후회는 거의 없으며, 목표를 두고 일을 했기 때문에 더 좋은 쪽으로 생각하고 있습니다.","wordCount":54}}},"rawDataInfo":{"question":{"fileFormat":"wav","fileSize":389838,"duration":12180,"samplingBit":16,"channelCount":1,"samplingRate":"16kHz","audioPath":"/Mock/03.PublicService/Male/Experienced/ckmk_q_ps_m_e_242346.wav"},"answer":{"fileFormat":"wav","fileSize":3840398,"duration":120010,"samplingBit":16,"channelCount":1,"samplingRate":"16kHz","audioPath":"/Mock/03.PublicService/Male/Experienced/ckmk_a_ps_m_e_242346.wav"}}}