{"version":"1.0","dataSet":{"info":{"date":"20230116","occupation":"PS","channel":"MOCK","place":"ONLINE","gender":"MALE","ageRange":"35-44","experience":"EXPERIENCED"},"question":{"raw":{"text":"지원자님이 그동안 살아오면서 윤리적으로 행동했던 일이 있습니까 있다면 그렇게 행동한 이유를 함께 설명해 주세요","wordCount":14},"emotion":[],"intent":[]},"answer":{"raw":{"text":"네 제가 그동안 살아오면서 윤리적으로 행동했던 일에 대해서 그렇게 했던 이유에 대해서도 어 말씀드려 보겠습니다. 답변 드리겠습니다. 어 일단 윤리적으로 한다는 거는 뭐 여러 가지 종류가 있을 것 같은데 약간은 좀 포괄적인 내용이다 보니까 제가 생각나는 거에 대해서 한 번 말씀드려보겠습니다. 음 일단 저는 이런 사회 봉사활동을 자주 하고 싶은데 제 봉사활동을 하면서 시간을 낸다는 거는 굉장히 어려운 일입니다. 그래서 지난 굿 일 스토어 라고 해서 그 장애인들이 이렇게 취직할 수 있는 공간 이런 것들을 하기 위해서 물건을 공급해주는 그런 일을 수시로 하고 있습니다. 그래서 집에서 안 쓰는 물건이라든지 뭐 안 쓰는 세제부터 시작해서 여러 가지 다 먹는 것부터 해서 식음료 뭐 다 상관이 없습니다. 그래서 제가 이제 최대한 뭐 집에서 아이들 옷이나 제 옷이나 이런 것들을 버리지 않고 다 모아놨다가 그런 것들을 모아서 이렇게 기부를 하고 있습니다. 이렇게 기부를 하게 되면은 일단 정서적으로나 마음적으로 여러 가지로 마음이 편안해지고 도움이 받는 받는 부분이 분명히 있기 때문에 그 활동에 대해서는 지금 몇 년간 꾸준히 진행하고 있습니다. 이상입니다.","wordCount":156},"emotion":[],"intent":[{"text":"","expression":"","category":"attitude"}],"summary":{"text":"윤리적으로 행동했던 일에 대해 답변 드리겠습니다. 저는 사회 봉사활동을 자주 하고 싶은데 시간을 내는 것은 굉장히 어려운 일입니다. 그래서 장애인들이 취직할 수 있는 공간 등을 위해서 물건을 공급해주는 일을 수시로 하고 있습니다. 기부를 하게 되면은 마음이 편안해지고 도움이 받는 부분이 분명히 있기 때문에 그 활동에 대해서는 지금 몇 년간 꾸준히 진행 중입니다.","wordCount":52}}},"rawDataInfo":{"question":{"fileFormat":"wav","fileSize":465998,"duration":14560,"samplingBit":16,"channelCount":1,"samplingRate":"16kHz","audioPath":"/Mock/03.PublicService/Male/Experienced/ckmk_q_ps_m_e_236033.wav"},"answer":{"fileFormat":"wav","fileSize":2762318,"duration":86320,"samplingBit":16,"channelCount":1,"samplingRate":"16kHz","audioPath":"/Mock/03.PublicService/Male/Experienced/ckmk_a_ps_m_e_236033.wav"}}}