{"version":"1.0","dataSet":{"info":{"date":"20230116","occupation":"PS","channel":"MOCK","place":"ONLINE","gender":"MALE","ageRange":"35-44","experience":"EXPERIENCED"},"question":{"raw":{"text":"지원자님께서 그동안의 경험 중에 본인이 현재 가지고 있는 위치보다 어려운 목표를 달성한 적이 있다면 자세하게 설명 부탁드리겠습니다","wordCount":17},"emotion":[],"intent":[]},"answer":{"raw":{"text":"어 일단 제가 현재 가지고 있는 위치에서 그 이상의 목표를 해결했던 점을 말씀드리겠습니다. 이거는 정말 간결하고 정말 확실한 방법인데 어 상하급자에 대한 의견을 존중해 주면 됩니다. 어 이게 본인이 가장 훌륭하다고 생각할 수 있는데 전혀 그렇지 않습니다. 이제 여러 사람의 생각을 다 들어봐야 합니다. 분명히 제 나이도 어리고 저 하급자가 저런 아이디어를 낸다고 이렇게 생각했던 게 굉장히 많았던 것 같습니다. 그래서 그 이상의 목표를 달성하려면은 어 이제 상급자의 방향을 빨리 캐치하고 하급자나 뭐 이런 직원들에 의한 내용을 다 들어봅니다. 다 들어보고 더 좋은 아이디어를 낼 수 있도록 피드백을 주고 그렇게 해서 내용을 종합을 해서 하게 되면 하나의 그런 이제 작품이 나오게 되는데 그 작품이 이루어지기 위해서는 어 여러 사람의 그런 의견을 존중이 되고 그런 것들이 조율이 됐을 때 나오는 것 같습니다. 그래서 나 혼자만 이룰 수 없는 목표를 분명히 이루는 데서는 상하급자 주변 사람들의 의견을 경청하는 게 제일 좋을 것 같습니다. 네 이상입니다.","wordCount":143},"emotion":[],"intent":[{"text":"","expression":"","category":"attitude"}],"summary":{"text":"저는 혼자 이룰 수 없는 목표를 분명히 이루는 데서는 상하급자 주변 사람들의 의견을 경청하는 게 제일 좋을 것 같습니다. 상급자의 방향을 빨리 캐치하고 하급자나 이런 직원들에 의한 내용을 들어보고 피드백을 주고 그렇게 해서 내용을 종합을 해서 하나의 작품이 나오게 되는데 여러 사람의 의견을 존중이 되고 조율이 됐을 때 나오는 것 같습니다.","wordCount":51}}},"rawDataInfo":{"question":{"fileFormat":"wav","fileSize":570318,"duration":17820,"samplingBit":16,"channelCount":1,"samplingRate":"16kHz","audioPath":"/Mock/03.PublicService/Male/Experienced/ckmk_q_ps_m_e_139220.wav"},"answer":{"fileFormat":"wav","fileSize":2736078,"duration":85500,"samplingBit":16,"channelCount":1,"samplingRate":"16kHz","audioPath":"/Mock/03.PublicService/Male/Experienced/ckmk_a_ps_m_e_139220.wav"}}}