{"version":"1.0","dataSet":{"info":{"date":"20230116","occupation":"PS","channel":"MOCK","place":"ONLINE","gender":"MALE","ageRange":"35-44","experience":"EXPERIENCED"},"question":{"raw":{"text":"오늘 면접 준비하느라 고생 정말 많으셨습니다 그렇다면 어떤 방식으로 면접을 준비하셨는지 말씀해 주시기 바랍니다","wordCount":14},"emotion":[],"intent":[]},"answer":{"raw":{"text":"어 면접을 인제 오늘 준비하면서 여러 가지 많이 준비했던 것 같습니다. 네 제가 면접을 준비했던 거는 뭐 따로 뭐 공부를 한다던지 뭐 답변 준비를 한다든지 이런 건 없었고 계속 마인드 컨트롤을 했던 것 같습니다. 그 이 자신감 자신감 있게 무슨 일을 맡겨 줘도 할 수 있다. 이런 강한 의지를 보여주는 게 더 중요할 거라고 판단이 됐어서 그동안 제가 그래도 어 뭐 공부나 뭐 이런 스펙보다도 저는 이런 경험이나 노하우가 많은 사람이 회사에 더 필요하다고 생각합니다. 그런 것들을 생각했을 때 제가 지금까지 쌓은 경험에 노하우가 무엇인지를 한번 생각을 해 보았고 내가 지금까지 하면서 많은 경험이 있었고 아 또 나만의 노하우가 많구나 그걸 알게 되었습니다. 이제 그 부분들을 어필을 하면서 면접을 이끌고 가야겠다 그 생각을 했고 그래서 지금도 제가 인제 가졌던 경험이나 할 수 있는 능력이 무엇인지에 대해서 말씀을 드릴 수 있을 것 같습니다. 앞으로도 이 면접 방식은 뭐 다 서류에 나와 있기 때문에 저의 그 자신감 무엇이든 해낼 수 있는 의지 그런 것들을 보여주는 게 중요할 것 같습니다. 이상입니다.","wordCount":158},"emotion":[],"intent":[{"text":"","expression":"","category":"attitude"}],"summary":{"text":"면접을 준비하면서 계속 마인드 컨트롤을 했던 것 같습니다. 자신감있게 무슨 일을 맡겨 져도 할 수 있다는 강한 의지를 보여주는 게 더 중요하다고 판단이 됐어서 그동안 공부나 스펙보다 이런 경험이나 노하우가 많은 사람이 회사에 더 필요하다고 생각합니다. 지금까지 쌓인 경험에 노하우가 무엇인지를 생각하고 그 노하우들을 어필하면서 면접을 이끌어 가야겠다 생각을 했습니다.","wordCount":50}}},"rawDataInfo":{"question":{"fileFormat":"wav","fileSize":404558,"duration":12640,"samplingBit":16,"channelCount":1,"samplingRate":"16kHz","audioPath":"/Mock/03.PublicService/Male/Experienced/ckmk_q_ps_m_e_192217.wav"},"answer":{"fileFormat":"wav","fileSize":2663758,"duration":83240,"samplingBit":16,"channelCount":1,"samplingRate":"16kHz","audioPath":"/Mock/03.PublicService/Male/Experienced/ckmk_a_ps_m_e_192217.wav"}}}