{"version":"1.0","dataSet":{"info":{"date":"20230116","occupation":"PS","channel":"MOCK","place":"ONLINE","gender":"MALE","ageRange":"35-44","experience":"EXPERIENCED"},"question":{"raw":{"text":"직무 수행 시 모르는 과제가 등장했다면 지원자님께서는 어떻게 해결하시겠습니까 지원자님의 해결법과 이유를 말씀해 주세요","wordCount":14},"emotion":[],"intent":[]},"answer":{"raw":{"text":"직무를 하다보면 아는 문제보다 모르는 문제가 훨씬 더 많을 때가 많습니다. 이럴 때는 그 분야의 전문가를 찾는 것이 가장 좋습니다. 그 전문가는 바로 상사이거나 상사의 동료이거나 그와 관련된 부서에 연락을 먼저 하는 것입니다. 저는 그 부서에 가장 선임에게 먼저 이메일 또는 전화를 합니다. 그래서 그에게 가장 필요한 조언을 먼저 받고 먼저 대면을 할 수 있는지 또는 온라인 미팅을 할 수 있는지 먼저 물어볼 것입니다. 그가 모른다면 우리 회사에는 그것보다 더 많은 내용을 알고 있는 사람이 없기 때문에 또 다른 비용을 들여서 전문가를 찾을 것입니다. 요즘은 온라인에 많은 전문가들과 많은 지식인들이 있기 때문에 그들에게 조각 조각 모으다 보면 또 하나의 데이터가 형성이 됩니다.","wordCount":102},"emotion":[],"intent":[{"text":"그래서 그에게 가장 필요한 조언을 먼저 받고 먼저 대면을 할 수 있는지 또는 온라인 미팅을 할 수 있는지 먼저   물어볼 것입니다.","expression":"c_adp","category":"personality"},{"text":"그가 모른다면 우리 회사에는 그것보다 더 많은 내용을 알고 있는 사람이 없기 때문에 또 다른   비용을 들여서 전문가를 찾을 것입니다.","expression":"c_adp","category":"personality"}],"summary":{"text":"직무를 하다보면 모르는 문제가 더 많을 때가 많은데, 이럴 때는 그 분야의 전문가를 찾는 것이 가장 좋습니다. 그 전문가는 바로 상사이거나 상사의 동료이거나 그와 관련된 부서에 연락을 먼저 하는 것입니다.","wordCount":30}}},"rawDataInfo":{"question":{"fileFormat":"wav","fileSize":545998,"duration":17060,"samplingBit":16,"channelCount":1,"samplingRate":"16kHz","audioPath":"/Mock/03.PublicService/Male/Experienced/ckmk_q_ps_m_e_156513.wav"},"answer":{"fileFormat":"wav","fileSize":1733518,"duration":54170,"samplingBit":16,"channelCount":1,"samplingRate":"16kHz","audioPath":"/Mock/03.PublicService/Male/Experienced/ckmk_a_ps_m_e_156513.wav"}}}