{"version":"1.0","dataSet":{"info":{"date":"20230116","occupation":"PS","channel":"MOCK","place":"ONLINE","gender":"MALE","ageRange":"55-","experience":"EXPERIENCED"},"question":{"raw":{"text":"본인은 해당 분야에 지원하기 위해 어떤 노력을 하셨는지 궁금한데요 편하게 생각나는 대로 말씀해 주시기 바랍니다","wordCount":15},"emotion":[],"intent":[]},"answer":{"raw":{"text":"지원자님께서는 이 분야에 지원하시기 위해 관련된 어떤 노력을 하셨나요 생각나는 대로 말씀해 주세요. 아 네 저는 이 써비스 분야에 아 노력할려고 한 가지 일을 했다고 생각을 합니다. 예전에는 직장을 다니고 또한 아 비즈니스 사업을 통하여서 여태까지 일을 했었는데 사업이 어려워지면서 제가 개인 사업으로 이렇게 그 튀기고 하는 그런 일들을 많이 했었습니다. 어떻게 보면 하루종일 서 가지고 하루종일 일을 했던 어 그런 기억이 있습니다. 아 길지는 않은 시간이었지만 그 짧은 시간에 아 써비스와 또 한 아 체력 관리와 어떻게 말을 통하여서 어 고객과에 이러한 접촉을 아 원활하게 할 수 있는지를 배웠던 어 짧으면서도 귀중한 시간이었던 것 같습니다. 학교 다니면서는 제가 약간의 아르바이트는 했었지만 많은 아르바이트는 하지 못했던 것 같습니다. 아 어쨌든 간에 그 제가 공적인 일 이 써비스 분야에서 일을 하면서 잘 하지는 못했던 것 같습니다. 하지만 제가 아 직접 어 어려운 환경 가운데 한 번 했던 경험이 큰 도움이 되었다고 생각을 합니다. 아 주어진 그 써비스 분야에서 어 어떻게 보면은 최선을 다할 수 있고 제가 또 체력적으로도 아 자신 있는 부분도 많고 아 커스터머와 이렇게 상대 할 때 긍정적인 생각으로 어 대화를 하기 때문에 그런 모든 것들이 어 서로 간에 도움이 될 것이라고 생각을 합니다.","wordCount":185},"emotion":[],"intent":[{"text":"","expression":"","category":"attitude"}],"summary":{"text":"지원자님께서는 이 분야에 지원하기 위해 어떤 노력을 하었나요 생각나는 대로 말씀해 보세요. 전에는 직장을 다니고 비즈니스 사업을 통하여서 여태까지 일을 했었는데 사업이 어려워지면서 개인 사업으로 튀고 하는 일들을 많이 했습니다. 주어진 써비스 분야에서 최선을 다할 수 있고 체력적으로도 자신 있는 부분이 많고 긍정적인 생각으로 대화를 하기 때문에 모든 것들이 서로 간에 도움이 될 것입니다.","wordCount":54}}},"rawDataInfo":{"question":{"fileFormat":"wav","fileSize":507598,"duration":15860,"samplingBit":16,"channelCount":1,"samplingRate":"16kHz","audioPath":"/Mock/03.PublicService/Male/Experienced/ckmk_q_ps_m_e_242093.wav"},"answer":{"fileFormat":"wav","fileSize":3837518,"duration":119920,"samplingBit":16,"channelCount":1,"samplingRate":"16kHz","audioPath":"/Mock/03.PublicService/Male/Experienced/ckmk_a_ps_m_e_242093.wav"}}}