{"version":"1.0","dataSet":{"info":{"date":"20230116","occupation":"PS","channel":"MOCK","place":"ONLINE","gender":"MALE","ageRange":"35-44","experience":"EXPERIENCED"},"question":{"raw":{"text":"창의성과 팀워크 중에서 더 중요한 건 무엇이라고 생각하실까요 어 그 이유도 함께 말씀 부탁드릴게요","wordCount":14},"emotion":[],"intent":[]},"answer":{"raw":{"text":"팀워크요. 네 저의 직업은 글쎄요 창의성이 뭐 아예 필요가 없다기보단 굳이 두자면 저는 팀웍이 훨씬 더 중요합니다. 네 아마 모두가 그러지 않을까요. 우리 경찰인데 안전을 위해서 그리고 우리 자체의 보호를 위해서 여러 가지로 되게 어 상황이 주어졌을 때 되게 긴박한 순간에 판단을 빨리 내려야 되는 그런 직업적인 특수성이 있기 때문에 거기서 서로가 서로를 믿지 않으면 또 정말 위험한 상황이 될 수가 있어서 네 서로를 믿고 또 서로에 그런 행동을 취하는 것에 있어서 네 잘 알아서 잘 맞춰 가지고 내가 그 다음 행동도 취할 수 있기를 항상 그러한 마음으로 현장에 나가서 일하고 있고 그런 좀 센스가 계속해서 생기기를 항상 기도하죠.","wordCount":99},"emotion":[],"intent":[{"text":"네 저의 직업은   글쎄요 창의성이 뭐 아예 필요가 없다기보단   굳이 두자면 저는 팀웍이 훨씬 더 중요합니다.","expression":"c_cop","category":"personality"}],"summary":{"text":"경찰인 저는 팀워크가 매우 중요하다고 생각합니다. 경찰은 긴박한 순간에 판단을 내려야 하기 때문에 서로를 믿지 않으면 위험한 상황이 될 수 있기 때문에 서로에 대한 믿음과 함께 다음 행동을 취할 수 있기를 바랍니다.","wordCount":32}}},"rawDataInfo":{"question":{"fileFormat":"wav","fileSize":455758,"duration":14240,"samplingBit":16,"channelCount":1,"samplingRate":"16kHz","audioPath":"/Mock/03.PublicService/Male/Experienced/ckmk_q_ps_m_e_156814.wav"},"answer":{"fileFormat":"wav","fileSize":2556878,"duration":79900,"samplingBit":16,"channelCount":1,"samplingRate":"16kHz","audioPath":"/Mock/03.PublicService/Male/Experienced/ckmk_a_ps_m_e_156814.wav"}}}