{"version":"1.0","dataSet":{"info":{"date":"20230116","occupation":"PS","channel":"MOCK","place":"ONLINE","gender":"MALE","ageRange":"45-54","experience":"EXPERIENCED"},"question":{"raw":{"text":"시험 기간 시간이 촉박할 때 어떻게 시간 관리를 하셨습니까 면접자님에 시간 관리법이 궁금합니다","wordCount":13},"emotion":[],"intent":[]},"answer":{"raw":{"text":"아 저는 모든 거를 하나하나 다 계획을 세웠습니다. 시험 기간이 빠른 과목부터 해서 어 필요한 부분이 있을 때 그걸 스케줄화 해서 가장 먼저 시험 공부를 한 과목을 네 먼저 봤었구요. 그래서 인지는 모르겠는데 저는 약간 이런 촉박함과 시간 관리가 필요한 스케줄에 익숙하에 익숙해진 편이라서 그런지 어 크게 이것에 대해서 어려움을 느끼지는 않았습니다. 불편함이라던가 네 촉박한 시간은 누구에게나 있고 특히나 또 시험 기간까지 겹친다면 정말 정말 힘든 건데 촉박할 때 시간을 갖는다 음 표면적으로는 맞는 말인 것 같습니다. 네 근데 그만큼 디테일한 계획을 세우고 그대로 수행해야 된다는 목표 의식이 있는 게 네 중요한 키포인트라고 생각을 합니다.","wordCount":95},"emotion":[],"intent":[{"text":"","expression":"","category":"attitude"}],"summary":{"text":"저는 촉박함과 시간 관리의 스케줄에 익숙해져서 크게 어려움을 느끼지는 않았습니다. 촉박할 때 시간을 갖는다는 말이 맞습니다. 하지만 그만큼 계획을 세우고 수행해야 된다는 목표 의식이 중요한 키포인트라고 생각합니다.","wordCount":27}}},"rawDataInfo":{"question":{"fileFormat":"wav","fileSize":398158,"duration":12440,"samplingBit":16,"channelCount":1,"samplingRate":"16kHz","audioPath":"/Mock/03.PublicService/Male/Experienced/ckmk_q_ps_m_e_112036.wav"},"answer":{"fileFormat":"wav","fileSize":2790478,"duration":87200,"samplingBit":16,"channelCount":1,"samplingRate":"16kHz","audioPath":"/Mock/03.PublicService/Male/Experienced/ckmk_a_ps_m_e_112036.wav"}}}