{"version":"1.0","dataSet":{"info":{"date":"20230116","occupation":"PS","channel":"MOCK","place":"ONLINE","gender":"MALE","ageRange":"35-44","experience":"EXPERIENCED"},"question":{"raw":{"text":"만약 본인이 직접 해외 출장 장소를 선택할 수 있습니다 이때 본인이 꼭 가서 일해보고 싶은 나라가 있나요","wordCount":17},"emotion":[],"intent":[]},"answer":{"raw":{"text":"무조건 저는 유럽을 선택하고 싶습니다. 유럽 중에서도 최첨단 장비를 다루고 개발하고 있는 벨기에나 독일인데요. 독일을 선택하겠습니다. 독일은 우리가 알고 있는 비엠떠블류 메르센스 벤츠 같은 자동차의 최첨단이기도 하지만 의료기기 항공 기타 모든 전자기기에 대해서는 전 세계에서 따라올 수 없을 만큼의 능력을 가진 회사입니다. 우리나라의 기술들도 전부 독일에서 차용하거나 아니면 다른 나라의 기술들을 조금씩 카피하는 것으로 알고 있습니다. 독일은 중학생만 돼도 기본적으로 프로그램을 공부해서 대학교를 졸업하지 않아도 이십 대 후반이 되면 웬만한 사십 대 부장급이 프로그래머보다 더 많은 능력을 갖췄다고 합니다. 그들의 선진 문물 선진 문화 어떻게 개발에 대한 열정이 뛰어나고 그 개발을 어떻게 생산하고 런칭해서 전 세계에 그렇게 뿌릴 수 있는지 그런 문화부터 그들의 의식을 배우고 싶습니다.","wordCount":106},"emotion":[],"intent":[{"text":"","expression":"","category":"attitude"}],"summary":{"text":"최첨단 장비를 다루고 개발하고 있는 벨기에나 독일을 선택하겠습니다. 독일은 우리가 알고 있는 자동차의 최첨단이기도 하지만 의료기기 항공 기타 모든 전자기기에 대해서는 전 세계에서 따라올 수 없을 만큼의 능력을 가진 회사입니다. 그들의 선진 문물 선진 문화를 배우고 싶습니다.","wordCount":37}}},"rawDataInfo":{"question":{"fileFormat":"wav","fileSize":320078,"duration":10000,"samplingBit":16,"channelCount":1,"samplingRate":"16kHz","audioPath":"/Mock/03.PublicService/Male/Experienced/ckmk_q_ps_m_e_166364.wav"},"answer":{"fileFormat":"wav","fileSize":2126158,"duration":66440,"samplingBit":16,"channelCount":1,"samplingRate":"16kHz","audioPath":"/Mock/03.PublicService/Male/Experienced/ckmk_a_ps_m_e_166364.wav"}}}