{"version":"1.0","dataSet":{"info":{"date":"20230116","occupation":"PS","channel":"MOCK","place":"ONLINE","gender":"MALE","ageRange":"45-54","experience":"EXPERIENCED"},"question":{"raw":{"text":"지원자분께서 면접에서 떨어졌다면 본인이 무엇이 부족하다고 생각합니까","wordCount":7},"emotion":[],"intent":[]},"answer":{"raw":{"text":"만약에 제가 지금 음 면접에서 떨어진다면 아 제 가장 큰 그 이유는 기존의 이력 때문이지 않을까 싶습니다. 아무래도 제가 어 경력이 경력을 이제 커리어가 쭉 이어져 온 게 아니라 어 좀 다른 업무를 했었던 그런 이력이 있기 때문에 아무래도 다른 분들에 비하면은 어떤 업무 경력이 어 짧다고 어 볼 수 있거든요. 토탈 커리어는 뭐 비슷하겠지만 이 업무에서 만큼은 아무래도 이제 그런 경험이 떨어지니깐 아무래도 어 면접관님들께서는 그런 점에서 아 어떤 다른 분들과 저와의 그 역량 차이도 있다고 생각을 할 것 같습니다. 그래서 저희 어떤 그 다른 이력이 어 제가 이 떨어지는 어 그런 가장 큰 이유가 되지 않을까 싶습니다.","wordCount":99},"emotion":[],"intent":[{"text":"","expression":"","category":"attitude"}],"summary":{"text":"면접에서 떨어지는 가장 큰 이유는 기존의 이력 때문이 아닐까 싶습니다. 다른 업무에 대한 이력이 있기 때문에 다른 분들에 비해 업무 경력이 짧다고 볼 수 있고, 면접관님들께서는 다른 분들과 저와의 역량 차이도 있을 것이라고 생각합니다.","wordCount":34}}},"rawDataInfo":{"question":{"fileFormat":"wav","fileSize":239758,"duration":7490,"samplingBit":16,"channelCount":1,"samplingRate":"16kHz","audioPath":"/Mock/03.PublicService/Male/Experienced/ckmk_q_ps_m_e_109158.wav"},"answer":{"fileFormat":"wav","fileSize":2418638,"duration":75580,"samplingBit":16,"channelCount":1,"samplingRate":"16kHz","audioPath":"/Mock/03.PublicService/Male/Experienced/ckmk_a_ps_m_e_109158.wav"}}}