{"version":"1.0","dataSet":{"info":{"date":"20230116","occupation":"PS","channel":"MOCK","place":"ONLINE","gender":"MALE","ageRange":"35-44","experience":"EXPERIENCED"},"question":{"raw":{"text":"지원자께서는 본인이 생각하는 장점과 단점을 말씀해 주시고 그것을 특화시키고 극복하기 위하여 스스로 어떠한 노력도 함께 하였는지 함께 말씀해 주시길 바랍니다","wordCount":20},"emotion":[],"intent":[]},"answer":{"raw":{"text":"저의 장점은 추진력이 엄청 빠르다는 것과 모든 것을 빠르게 배우는 패스트 러너의 기질을 갖고 있다는 것입니다. 그 장점으로 인하여 많은 프로젝트에서 성공적인 결과치를 냈습니다. 다만 너무 추진력이 뛰어나고 패스트 러너로 움직이다 보면 주변에 있는 사람들이 아 이 사람은 너무 독선적이고 독단적이고 자기 혼자만의 일하려고 하는 이기적이고 개인적인 성향이 강하다 라는 핀잔을 듣기도 했습니다. 그리고 저의 단점은 어떤 시도를 했을 때 몇 번 도전을 했다 실패하면 거기서 바로 좌절을 하고 포기하는 성향이 굉장히 강하다는 것입니다. 이것을 다른 말로 인내심이 부족하다고 하는데요. 어떤 일을 할 때 한 두 번 도전해서 실패했다고 그것은 진짜 실패가 아니라 저의 가설에 대한 검증을 했다고 생각해야 됩니다. 하지만 실패하고 난 다음에 그 좌절감 때문에 다음에 또 하면 될 수 있을 것 같지만 거기서 좌절을 해 버리면 더 나아가지 못하고 있습니다. 그래서 제가 극복하기 위한 방법으로 저는 지속적으로 블로그 같은 일기를 쓰고 있습니다. 블로그에 제가 있었던 그날의 일들을 뭐든지 다 하나씩 꼼꼼히 적어 놓고 어디서 문제점이 발생했고 어디서 내가 멘탈이 흔들렸고 내가 어디서 흔들렸는지에 대한 꼼꼼한 기록을 통해서 제 스스로의 단점을 조금씩 고쳐 나가고 있습니다.","wordCount":167},"emotion":[],"intent":[{"text":"저의 장점은 추진력이 엄청 빠르다는 것과 모든 것을 빠르게 배우는 패스트 러너의 기질을 갖고 있다는 것입니다.","expression":"c_person","category":"background"},{"text":"그리고 저의 단점은 어떤   시도를 했을 때 몇 번 도전을 했다 실패하면 거기서 바로 좌절을 하고 포기하는 성향이 굉장히 강하다는 것입니다.","expression":"c_person","category":"background"}],"summary":{"text":"저는 추진력이 빠르고 패스트 러너의 기질을 가지고 있어서 많은 프로젝트에서 성공적인 결과치를 냈습니다. 하지만 어떤 시도를 했을 때 몇 번 도전했다 실패하면 좌절을 하고 포기하는 성향이 강하다는 것입니다. 이것을 인내심이 부족하다고 하는데, 어떤 일을 할 때 한 두 번 도전해서 실패한 것은 진짜 실패가 아니라 저의 가설에 대한 검증을 했다고 생각해야 됩니다.","wordCount":52}}},"rawDataInfo":{"question":{"fileFormat":"wav","fileSize":522958,"duration":16340,"samplingBit":16,"channelCount":1,"samplingRate":"16kHz","audioPath":"/Mock/03.PublicService/Male/Experienced/ckmk_q_ps_m_e_162519.wav"},"answer":{"fileFormat":"wav","fileSize":2773198,"duration":86660,"samplingBit":16,"channelCount":1,"samplingRate":"16kHz","audioPath":"/Mock/03.PublicService/Male/Experienced/ckmk_a_ps_m_e_162519.wav"}}}