{"version":"1.0","dataSet":{"info":{"date":"20230116","occupation":"PS","channel":"MOCK","place":"ONLINE","gender":"MALE","ageRange":"35-44","experience":"EXPERIENCED"},"question":{"raw":{"text":"지원자님께서는 협업을 할 때 가장 중요하게 생각하는 것이 무엇입니까 왜 그것을 가장 중요하게 생각하시는지도 함께 말씀 부탁드리겠습니다","wordCount":17},"emotion":[],"intent":[]},"answer":{"raw":{"text":"협업을 할 때 가장 중요한 것은 서로 간의 양보적인 마음입니다. 예를 들어 내가 해야 되는 일과 남이 해야 되는 일 그리고 우리가 함께 해야 되는 일이 있다고 하면 저는 우리가 함께 해야 되는 일 먼저 관심을 갖고 시작할 것입니다. 특히 다른 사람과 또는 다른 부서와 일을 하게 되면 내가 아닌 다른 사람의 개성과 업무 스타일 또는 어떤 어려운 점이 있는지를 먼저 알아봐야 합니다. 그렇게 되기 위해선 공감대 형성과 소통도 중요합니다. 사람들은 가끔 회사에서 일을 하다 보면 일만 잘한다면 된다고 생각하는데 사람은 결국 인간관계에서 가장 중요한 것은 소통이고 공감대입니다. 안 되던 일도 공감대가 형성이 되고 친화력이 생기고 서로 친분이 쌓이면 되게끔 만들어주는 게 대한민국인 사회이고 그러기 위해서는 항상 내가 무엇을 먼저 남을 위해 해야 될까 남을 위해 먼저 무엇을 도와줘야 될까 라는 마인드로 협업을 해야지 내 일만 잘하고 저 사람 일은 저 사람 일만 잘하면 된다 라는 너와 남을 완전히 분리시키면 공동체 의식도 없어지고 공동 책임 의식도 없어지게 됩니다. 협업을 할 때 항상 내가 아닌 남을 위해서 그리고 우리를 위해서 일을 한다고 생각하면 결국 모든 일은 다 잘 되게 돼 있습니다.","wordCount":170},"emotion":[],"intent":[{"text":"예를 들어 내가 해야 되는 일과 남이 해야 되는 일 그리고 우리가 함께 해야 되는 일이 있다고 하면   저는 우리가 함께 해야 되는 일 먼저 관심을 갖고 시작할 것입니다.","expression":"c_cop","category":"personality"},{"text":"특히 다른 사람과 또는 다른 부서와 일을 하게 되면   내가 아닌 다른 사람의 개성과 업무 스타일 또는 어떤 어려운 점이 있는지를 먼저 알아봐야 합니다.","expression":"c_cop","category":"personality"},{"text":"협업을 할 때 항상 내가 아닌 남을 위해서 그리고 우리를 위해서 일을 한다고 생각하면 결국 모든 일은 다 잘 되게 돼 있습니다.","expression":"c_cop","category":"personality"}],"summary":{"text":"협업을 할 때 가장 중요한 것은 서로 간의 양보적인 마음입니다. 그러기 위해서는 공감대 형성과 소통도 중요합니다. 안 되던 일도 공감대가 형성이 되고 친화력이 생기고 서로 친분이 쌓이면 되게끔 만들어주는 게 대한민국 사회이고 그러기 위해서 항상 제가 아닌 타인을 위해서 일을 한다고 생각하면 결국 모든 일은 다 잘 되게 돼 있습니다.","wordCount":50}}},"rawDataInfo":{"question":{"fileFormat":"wav","fileSize":433358,"duration":13540,"samplingBit":16,"channelCount":1,"samplingRate":"16kHz","audioPath":"/Mock/03.PublicService/Male/Experienced/ckmk_q_ps_m_e_192844.wav"},"answer":{"fileFormat":"wav","fileSize":2545038,"duration":79530,"samplingBit":16,"channelCount":1,"samplingRate":"16kHz","audioPath":"/Mock/03.PublicService/Male/Experienced/ckmk_a_ps_m_e_192844.wav"}}}