{"version":"1.0","dataSet":{"info":{"date":"20230116","occupation":"PS","channel":"MOCK","place":"ONLINE","gender":"MALE","ageRange":"45-54","experience":"EXPERIENCED"},"question":{"raw":{"text":"개인적으로 공부를 어떻게 하시고 계십니까 강의나 책을 활용하여 말씀해 주셔도 좋습니다","wordCount":11},"emotion":[],"intent":[]},"answer":{"raw":{"text":"저는 주로 공부를 강의를 통해서 하는데요. 음 예전에는 어 오프라인 강의를 많이 들었었죠. 뭐 학원이라든가 이런 것들 가서 어 강사에게 그런 것들을 배운다던가 했는데 요즘은 오프라인 강의 뿐만 아니라 인터넷으로 강의들이 많아서 어 이 온라인 강의를 주로 이용하고 있습니다. 아 뭐 가끔씩은 책을 통해서 혼자서 공부를 하기도 하는데 아무래도 혼자 하다 보면은 막히는 부분도 많고 좀 음 심심하기도 하고 해서 어 오래 지속적으로 하기가 힘든 것 같습니다. 그래서 저는 주로 온라인 강의를 통해서 어 새로운 것들을 공부하고 있습니다.","wordCount":78},"emotion":[],"intent":[{"text":"","expression":"","category":"attitude"}],"summary":{"text":"요즘에는 오프라인 강의 뿐만 아니라 인터넷으로 강의들이 많아서 온라인 강의를 주로 이용하고 있습니다. 혼자 공부하면 막히는 부분도 많고 지루하기도 해서 저는 주로 온라인 강의를 통해서 새로운 것들을 공부하고 있합니다.","wordCount":29}}},"rawDataInfo":{"question":{"fileFormat":"wav","fileSize":288078,"duration":9000,"samplingBit":16,"channelCount":1,"samplingRate":"16kHz","audioPath":"/Mock/03.PublicService/Male/Experienced/ckmk_q_ps_m_e_109157.wav"},"answer":{"fileFormat":"wav","fileSize":1975118,"duration":61720,"samplingBit":16,"channelCount":1,"samplingRate":"16kHz","audioPath":"/Mock/03.PublicService/Male/Experienced/ckmk_a_ps_m_e_109157.wav"}}}