{"version":"1.0","dataSet":{"info":{"date":"20230116","occupation":"PS","channel":"MOCK","place":"ONLINE","gender":"MALE","ageRange":"35-44","experience":"EXPERIENCED"},"question":{"raw":{"text":"혹시 본인이 지금까지 살면서 이룬 성과 중 가장 큰 성과는 어떤 것인가요 그 성과에 대해서 저희에게 자랑 한번 해주세요","wordCount":19},"emotion":[],"intent":[]},"answer":{"raw":{"text":"이천 이십 년 일 월부터 시작된 코로나 때문에 외국에 있는 바이어들 또는 다른 현지 법인 회사들과 협업을 할 수가 없었습니다. 단순히 그들과 할 수 있는 일은 줌미팅이나 팀즈미팅을 통한 온라인 영역 밖에 없었는데요. 저희는 일본이라고 하는 제조업체에서 약 이십 억 원이 넘는 장비를 두 대나 수입해야 된다 라는 하나의 큰 과제를 갖고 있었습니다. 하지만 이미 한국에 있는 고객은 이십 억이 넘는 장비 두 대를 사십 억을 넘게 계약을 체결했고 코로나 상황에서도 육 개월 안에 이 장비를 무조건 설치해서 가동하고 검수가 완료되는 조건으로 고객이 계약서에 서명을 했기에 저희는 그 난제를 달성해야 되는 어려운 입장에 처 있었습니다. 그때 저는 서비스 팀장으로서 가장 좋은 묘안을 생각해 낸 것이 그들에게 온라인 미팅을 통해서 약 열 대에서 열다섯 대 정도 되는 카메라로 설치법을 우리 현장에 있는 사람들에게 알려줄 것을 요청했습니다. 모든 사람들이 이것은 불가능하다고 했지만 저는 영화 마스라고 하는 영화에서 나사에 있는 직원들이 화성에 있는 맷대이먼에게 장비를 설치하고 이용하는 법을 알려주는 것에 착안을 했습니다. 그래서 저는 그것을 완벽하게 설치하고 계약을 완료했습니다.","wordCount":156},"emotion":[],"intent":[{"text":"","expression":"","category":"attitude"}],"summary":{"text":"이천 년 일 월부터 시작된 코로나 때문에 해외 바이어들과 협업할 수 없었습니다. 하지만 이미 한국에 있는 고객이 장비를 무조건 설치해서 가동하고 검수가 완료되는 조건으로 계약서에 서명을 했기에 어려운 입장에 처했습니다. 그때 온라인 미팅을 통해 현장에 있는 사람들에게 설치법을 알려줄 것을 요청했습니다. 영화 마스에서 아이디어를 얻어 그것을 완벽하게 설치하고 계약을 했습니다.","wordCount":50}}},"rawDataInfo":{"question":{"fileFormat":"wav","fileSize":391118,"duration":12220,"samplingBit":16,"channelCount":1,"samplingRate":"16kHz","audioPath":"/Mock/03.PublicService/Male/Experienced/ckmk_q_ps_m_e_156518.wav"},"answer":{"fileFormat":"wav","fileSize":2904718,"duration":90770,"samplingBit":16,"channelCount":1,"samplingRate":"16kHz","audioPath":"/Mock/03.PublicService/Male/Experienced/ckmk_a_ps_m_e_156518.wav"}}}