{"version":"1.0","dataSet":{"info":{"date":"20230116","occupation":"PS","channel":"MOCK","place":"ONLINE","gender":"MALE","ageRange":"55-","experience":"EXPERIENCED"},"question":{"raw":{"text":"아 현대 사회에 있는 많은 직업들 중에요 현대사회에서 없어서는 안 될 가장 중요하다고 생각하시는 직업은 어떤 것이 있을까요 한 가지만 골라서 말씀해 주시기 바랍니다","wordCount":24},"emotion":[],"intent":[]},"answer":{"raw":{"text":"현대 사회에서 없어서는 안될 가장 중요하다 고 생각하시는 직업을 한 가지만 골라 말씀해 주시겠습니까. 예 현대 사회에서 없어서 안 될 가장 중요한 아 직업은 아 전문적인 직업이라고 생각합니다. 많이 배우고 또한 전문적인 기술 그리고 또한 남이 쉽게 카피하기 어려워하는 그러한 스킬을 가진 그러한 직업이 아 필요하다고 생각합니다. 변호사라든가 의사 아 엔지니어 이런 쪽에서의 아 직업이 그런 직업이 아닐까 생각합니다. 아무나 쉽게 할 수 있는 것은 진입 장벽이 낮기 때문에 어떻게 보면은 어 직업을 잃을 수 있는 그런 부분이라고 생각합니다. 아 모든 분야에 있어서 어 음식 요리사도 마찬가지라고 생각합니다. 전문가 그리고 최선의 그러한 정보력을 가지고 최 최고의 능력을 가지고 있는 그런 부분에서 종사하는 사람들이 살아남을 수가 있고 또한 우대를 받을 수 있는 그런 부분인 것 같습니다. 아 저는 나름대로 여기 공대를 졸업하여서 화학을 전공했던 그런 경험이 있습니다. 여태까지 삶 속에서 보면은 나름대로 그러한 엔지니어로서의 자긍 자부심이 있었고 엔지니어로서의 그러한 기술적인 분야 뭐 이런 것들 때문에 여태까지 진행해 왔던 것 같습니다. 앞으로의 세계에서도 여기에 토대를 더 하여서 어 리더십을 역량하면서 많은 사람들에게 유익을 끼칠 수 있는 노하우를 이렇게 전수할 수 있도록 하겠습니다. 감사합니다.","wordCount":171},"emotion":[{"text":"아 저는 나름대로 여기 공대를 졸업하여서 화학을 전공했던 그런 경험이 있습니다.","expression":"u-fact","category":"neutral"}],"intent":[{"text":"아 저는 나름대로 여기 공대를 졸업하여서 화학을 전공했던 그런 경험이 있습니다.","expression":"c_private","category":"background"}],"summary":{"text":"현대 사회에서 가장 중요한 직업은 전문적인 직업이라고 생각합니다. 변호사나 의사와 같은 전문직은 진입 장벽이 낮기 때문에 직업을 잃을 수 있는 부분이라 생각합니다. 모든 분야에 있어서 음식 요리사도 전문가 그리고 최고의 정보력을 가지고 있는 부분에서 종사하는 사람들이 우대를 받을 수 있는 부분인 것 같습니다. 앞으로도 리더십과 유익한 노하우를 전수할 수 있도록 하겠습니다.","wordCount":51}}},"rawDataInfo":{"question":{"fileFormat":"wav","fileSize":464718,"duration":14520,"samplingBit":16,"channelCount":1,"samplingRate":"16kHz","audioPath":"/Mock/03.PublicService/Male/Experienced/ckmk_q_ps_m_e_242094.wav"},"answer":{"fileFormat":"wav","fileSize":3881038,"duration":121280,"samplingBit":16,"channelCount":1,"samplingRate":"16kHz","audioPath":"/Mock/03.PublicService/Male/Experienced/ckmk_a_ps_m_e_242094.wav"}}}