{"version":"1.0","dataSet":{"info":{"date":"20230116","occupation":"PS","channel":"MOCK","place":"ONLINE","gender":"MALE","ageRange":"35-44","experience":"EXPERIENCED"},"question":{"raw":{"text":"지원자님 네이버 다음 구글 검색을 비교해 보시면 각각 검색 엔진들에 차이점과 장단점이 있습니다 지원자님에 설명 부탁드릴게요","wordCount":16},"emotion":[],"intent":[]},"answer":{"raw":{"text":"네 네이버 다음 구글에서 검색 엔진에 대해서 한번 차이점에 대해서 답변 드리겠습니다. 일단 네이버는 우리나라에서 전 국민이 사용하고 있을 정도로 많은 사람들이 사용하고 있는데 네이버의 장점은 가장 보기 쉽게 잘 구성이 되어 있고 또 여러 가지 플랫폼들을 갖추다 보니까 네이버가 이제 제일 성 어 모든 국민이 초등학생부터 어른들까지 쓸 수 있는 가장 좋은 플랫폼이 될 것 같고 일단 다음은 일단 까페나 이런 구성들이 잘 돼 있다고 보니까 아직도 다음 카페들은 많이 활용을 하고 있지만 이런 검색 기능이나 뭐 이런 능력으로 봤을 때는 네이버한테는 조금 밀릴 것 같습니다. 또한 이제 완전 세부적인 검색 내용이라든지 뭐 신뢰성을 갖고 있는 것은 이제 구글이 될 것 같은데 그 구글은 엄청 오래 되어 왔고 또 전세계적으로도 많이 활용하는 거기 때문에 이 구글에서 갖고 있는 그 파급력은 어마어마할 것 같습니다. 좀 더 세부적인 정확한 그런 검색 결과를 원한다면은 일단 구글에서가 제일 장점이 될 수 있을 것 같고 하지만 이제 외국 플랫폼이다 보니까 네이버가 우리나라에서는 가장 사용하는 게 효율적일 것 같습니다 .이상입니다.","wordCount":155},"emotion":[],"intent":[{"text":"","expression":"","category":"attitude"}],"summary":{"text":"네이버의 장점은 가장 보기 쉽게 잘 구성이 되어 있고 여러 가지 플랫폼들을 갖추다 보니 모든 국민이 초등학생부터 어른들까지 쓸 수 있는 가장 좋은 플랫폼이 될 것 같고, 다음은 까페나 이런 구성들이 잘 돼 있으나 네이버한테 조금 밀릴 것 같습니다. 또 신뢰성은 구글이 될 것 같은데 좀 더 세부적인 정확한 검색 결과를 얻을 수 있습니다.","wordCount":54}}},"rawDataInfo":{"question":{"fileFormat":"wav","fileSize":373518,"duration":11670,"samplingBit":16,"channelCount":1,"samplingRate":"16kHz","audioPath":"/Mock/03.PublicService/Male/Experienced/ckmk_q_ps_m_e_196667.wav"},"answer":{"fileFormat":"wav","fileSize":2639438,"duration":82480,"samplingBit":16,"channelCount":1,"samplingRate":"16kHz","audioPath":"/Mock/03.PublicService/Male/Experienced/ckmk_a_ps_m_e_196667.wav"}}}