{"version":"1.0","dataSet":{"info":{"date":"20230116","occupation":"PS","channel":"MOCK","place":"ONLINE","gender":"MALE","ageRange":"35-44","experience":"EXPERIENCED"},"question":{"raw":{"text":"역사 속에서 가장 존경하는 인물은 누구인가요 또한 그 인물을 가장 좋아하시는 이유에 대해서도 함께 말씀해 주실 수 있을까요","wordCount":18},"emotion":[],"intent":[]},"answer":{"raw":{"text":"제가 가장 존경하는 인물은 바로 조선 시대에 수군 장군인 이순신 장군님입니다. 이순신 장군은 열 두 척의 배로 명량해전에서 사람들을 다 끌어 모아 결국은 수백 척이 넘는 외구의 함대를 전부 침몰시켰습니다. 열 두 척과 수백 대에 한 대가 붙으면 모든 사람들은 당연히 도망가거나 안 될 것이라고 포기합니다. 저 역시 명량에 대한 내용을 몰랐을 때는 수백 대를 어떻게 열 두 척으로 이길 수 있나 했는데 명량이라는 소설과 명화를 봤을 때 어떻게 저런 전략을 가지고 수백 대를 물리칠 수 있는지 또 그 전략 전술은 얼마나 뛰어나고 그 용기가 대단하다고 생각했습니다. 이것은 여 현재 우리가 살아가는 회사나 조직 또는 국민들을 다스리고 있는 정치인들의 생각과 비슷해야 한다고 생각합니다. 되든 안 되든 열심히 해보기 안 되더라도 최선을 다하기 리더로서 좌절하지 않고 국민이나 조직원 또는 회사원들에게 많은 용기와 희망을 북돋아 주기 이런 것들이 굉장히 대단한 분이라고 생각합니다. 명량해전에서 결국 울들목을 통해서 많은 왜구들을 유인하고 거기서 함포로 많은 왜구들을 물리친 전략을 보면 역시 리더는 타고나야 된다고 생각합니다.","wordCount":149},"emotion":[{"text":"제가 가장 존경하는 인물은 바로 조선 시대에 수군 장군인   이순신 장군님입니다.","expression":"p-affection","category":"positive"},{"text":"이순신 장군은 열 두 척의 배로 명량해전에서   사람들을 다 끌어 모아 결국은 수백 척이 넘는 외구의 함대를 전부 침몰시켰습니다.","expression":"u-fact","category":"neutral"}],"intent":[{"text":"","expression":"","category":"attitude"}],"summary":{"text":"이순신 장군은 열 두 척의 배로 명량해전에서 사람들을 다 끌어 모아 수백 척이 넘는 왜구의 함대를 전부 침몰시켰습니다. 저 역시 명량에 대한 내용을 몰랐을 때는 몰랐을 때와는 다르게 명량이라는 소설과 명화를 봤을 때 어떻게 저 전략을 가지고 수백 대를 물리칠 수 있는지 그 전략 전술은 얼마나 뛰어나고 그 용기가 대단하다고 생각했습니다.","wordCount":51}}},"rawDataInfo":{"question":{"fileFormat":"wav","fileSize":596558,"duration":18640,"samplingBit":16,"channelCount":1,"samplingRate":"16kHz","audioPath":"/Mock/03.PublicService/Male/Experienced/ckmk_q_ps_m_e_192849.wav"},"answer":{"fileFormat":"wav","fileSize":2780558,"duration":86890,"samplingBit":16,"channelCount":1,"samplingRate":"16kHz","audioPath":"/Mock/03.PublicService/Male/Experienced/ckmk_a_ps_m_e_192849.wav"}}}