{"version":"1.0","dataSet":{"info":{"date":"20230116","occupation":"PS","channel":"MOCK","place":"ONLINE","gender":"MALE","ageRange":"45-54","experience":"EXPERIENCED"},"question":{"raw":{"text":"요즘엔 글로벌 인재를 필요로 하고 요구하고 있습니다 지원자님께서는 글로벌 인재는 어떤 요소를 갖추고 있어야 글로벌 인재라고 생각할 수 있다고 생각하는지 말씀을 해 보시겠습니까","wordCount":23},"emotion":[],"intent":[]},"answer":{"raw":{"text":"음 뭐 저희는 우선 영어는 필수니까 네 영어이지 않을까 싶습니다. 저 역시 노력이라 함은 영어 공부 네 아주 성실히 빠삭하게 했습니다. 그리고 저희는 이미 전공 서적부터 다 원어이기 때문에 거기 가 공부를 하려면 애초에 원어에 익숙해져야 되고 원어로 되어있는 서적이 익숙해져야 되고 학교도 이미 정말 힘들고 무리가 되는 과정이지만 그 이후도 마찬가지로 그 이후도 너무나 힘든 너무나 단계가 가파른 그런 과정들의 연속이기 때문에 어 그러한 부분에서 사람과 사람 간의 소통이 아니라 사람과 도서의 소통이라서 네 거기에 있는 최소 단위 영어 원 원어를 익히는 것은 아주 중요하고 두말할 필요 없는 필수 요소입니다.","wordCount":91},"emotion":[],"intent":[{"text":"","expression":"","category":"attitude"}],"summary":{"text":"영어는 사람과 도서의 소통이므로 최소 단위의 영어 원어를 익히는 것은 아주 중요하고 필수 요소입니다. 전공 서적부터 원어이기 때문에 영어 공부는 아주 성실히 빠삭하게 했습니다.","wordCount":24}}},"rawDataInfo":{"question":{"fileFormat":"wav","fileSize":548558,"duration":17140,"samplingBit":16,"channelCount":1,"samplingRate":"16kHz","audioPath":"/Mock/03.PublicService/Male/Experienced/ckmk_q_ps_m_e_112035.wav"},"answer":{"fileFormat":"wav","fileSize":2579278,"duration":80600,"samplingBit":16,"channelCount":1,"samplingRate":"16kHz","audioPath":"/Mock/03.PublicService/Male/Experienced/ckmk_a_ps_m_e_112035.wav"}}}