{"version":"1.0","dataSet":{"info":{"date":"20230116","occupation":"PS","channel":"MOCK","place":"ONLINE","gender":"MALE","ageRange":"35-44","experience":"EXPERIENCED"},"question":{"raw":{"text":"과거 다른 사람들과 협업을 하면서 가장 어려웠던 점이 있다면 그것은 무엇이었나요 그리고 그것을 어떻게 극복했는지도 함께 말씀해 주세요","wordCount":18},"emotion":[],"intent":[]},"answer":{"raw":{"text":"부정적이고 회의적인 사람들과 협업을 했을 때 가장 어려웠던 것 같습니다. 직장인들은 자기 업무를 오래 하다 보면 거기에 타성이 생기게 되어 있습니다. 타성이 생기면 어떤 새로운 업무나 새로운 프로젝트에 참여하는 것을 굉장히 꺼립니다. 예를 들어 내가 이 일을 하지 않고 기존에 하고 있는 대로 해도 월급은 똑같이 나오는데 이게 나한테 무슨 도움이 되는가 라는 질문을 하게 됩니다. 그럴 때는 회사에서 또는 팀에서 적절한 보상안을 먼저 제시하는 겁니다. 우리는 당근과 채찍이라고 하는 두 가지를 같이 항상 손에 들고 사용해야 되는 것인데 특히나 직장인들은 자기가 아무리 일을 잘해도 또는 이 일을 못해도 정해진 월급만을 받기 때문에 진취적이거나 고무적인 행동을 절대 하지 않으려는 경향이 많습니다. 특히나 한 분야에서 자기 자신의 일만 했던 사람은 그 프레임에서 벗어 나질 않고 이것은 어차피 나한테 필요하지 않은 일 또는 이걸 잘해 봐야 나한테 도움이 되지 않는 일로 인식하기 때문에 그런 부정적이고 회의적인 생각을 깨뜨릴 수 있는 방법은 바로 회사에서 적절한 보상을 안을 마련하는 것입니다. 예를 들어 이 프로젝트를 육 개월 안에 끝내면 당신들에게 일 개월 마다 그거에 항응하는 연봉을 더 지급하겠다 또는 인센티브를 지급 하겠다 라고 하면 사람들은 거기서 바로 태도가 바뀌고 더욱더 적극적으로 열심히 하는 경향이 있었습니다.","wordCount":180},"emotion":[],"intent":[{"text":"","expression":"","category":"attitude"}],"summary":{"text":"직장인들은 자기 업무를 오래 하다 보면 새로운 업무나 새로운 프로젝트에 참여하는 것을 굉장히 꺼립니다. 이럴 때는 회사에서 적절한 보상안을 먼저 제시하는 것입니다. 특히 진취적이거나 고무적인 행동을 절대 하지 않으려는 경향이 많습니다. 그런 생각을 깨뜨릴 수 있는 방법은 회사에서 적절한 보상을 안을 마련하는 것입니다.","wordCount":43}}},"rawDataInfo":{"question":{"fileFormat":"wav","fileSize":421838,"duration":13180,"samplingBit":16,"channelCount":1,"samplingRate":"16kHz","audioPath":"/Mock/03.PublicService/Male/Experienced/ckmk_q_ps_m_e_166371.wav"},"answer":{"fileFormat":"wav","fileSize":2777038,"duration":86780,"samplingBit":16,"channelCount":1,"samplingRate":"16kHz","audioPath":"/Mock/03.PublicService/Male/Experienced/ckmk_a_ps_m_e_166371.wav"}}}