{"version":"1.0","dataSet":{"info":{"date":"20230116","occupation":"PS","channel":"MOCK","place":"ONLINE","gender":"MALE","ageRange":"35-44","experience":"EXPERIENCED"},"question":{"raw":{"text":"이 일은 나이가 많이 드신 분들을 상대해야 하는 일인데 그런 경험이 있는지 어떤 경험인지 말씀해 주세요","wordCount":16},"emotion":[],"intent":[]},"answer":{"raw":{"text":"업무를 하게 되면 고객 사이트에서 나이 많으신 분들을 만날 경험이 상당히 많습니다. 특히나 오십 대 후반 육십 대 정년을 바라보고 있거나 아니면 파견직이나 계약직으로 일하시는 고객들이 상당히 많은데요. 이럴 때 가장 중요한 것은 그들의 눈높이에서 업무를 해야 된다는 것입니다. 나이가 많으신 분들은 기존에 많은 경험과 지식 또는 자기만의 생각이 꽉 막혀있거나 자신만의 타성에 젖은 분들이 많기 때문에 그런 분들에게는 일단은 처음에는 모든 것을 수용해서 맞춰 줘야 됩니다. 왜냐하면 그 정도 연세가 들 때까지 자기만의 생각을 갖고 있다 라는 건 절대 남의 얘기를 듣거나 타협을 하려고 하지 않기 때문입니다. 물론 대화가 잘되고 소통을 잘 하시는 어르신도 계시지만 그런 어른들하고는 문제가 생기지 않지만 타 타성에 젖었거나 꼰대 기질이 많은 분들하고는 업무의 협업이 잘 안 되는 경우들이 많습니다. 그럴 때는 무조건 그분들의 의견을 먼저 청취를 하고 이해를 시켜야 됩니다. 젊은 사람들한테 한 두 번 대화를 해서 이해를 시키던 것을 그분들에게는 다섯 번 열 번을 얘기해도 이해가 안 되는 경우가 있습니다. 그럴 때는 제가 웬만하면 모든 것을 수용하거나 아니면 포기하는 것이 가장 좋습니다.","wordCount":159},"emotion":[],"intent":[{"text":"나이가 많으신 분들은   기존에 많은 경험과 지식 또는 자기만의 생각이 꽉 막혀있거나 자신만의 타성에 젖은 분들이 많기 때문에 그런 분들에게는 일단은 처음에는 모든 것을 수용해서 맞춰 줘야 됩니다.","expression":"p_voc","category":"technology"},{"text":"물론 대화가 잘되고 소통을 잘 하시는 어르신도 계시지만 그런 어른들하고는 문제가   생기지 않지만 타 타성에 젖었거나 꼰대 기질이 많은 분들하고는 업무의 협업이 잘 안 되는 경우들이 많습니다.","expression":"p_voc","category":"technology"},{"text":"그럴 때는 무조건 그분들의 의견을 먼저 청취를 하고 이해를 시켜야 됩니다.","expression":"p_voc","category":"technology"}],"summary":{"text":"고객 사이트의 고객들 중 나이가 많으신 분들은 타성에 젖은 경우가 많기 때문에 처음부터 모든 것을 수용해서 맞춰줘야 합니다. 젊은 사람들에게는 한 두 번 대화를 해서 이해를 시키던 것을 그들에게는 다섯 번 열 번을 말해도 이해가 안 되는 경우가 있습니다. 그럴 때는 모든 것을 수용할 수 있거나 포기하는 것이 가장 좋습니다.","wordCount":50}}},"rawDataInfo":{"question":{"fileFormat":"wav","fileSize":320078,"duration":10000,"samplingBit":16,"channelCount":1,"samplingRate":"16kHz","audioPath":"/Mock/03.PublicService/Male/Experienced/ckmk_q_ps_m_e_191728.wav"},"answer":{"fileFormat":"wav","fileSize":2449998,"duration":76560,"samplingBit":16,"channelCount":1,"samplingRate":"16kHz","audioPath":"/Mock/03.PublicService/Male/Experienced/ckmk_a_ps_m_e_191728.wav"}}}