{"version":"1.0","dataSet":{"info":{"date":"20230116","occupation":"PS","channel":"MOCK","place":"ONLINE","gender":"MALE","ageRange":"45-54","experience":"EXPERIENCED"},"question":{"raw":{"text":"지원자님께서 지금까지 살아오면서 겪었던 갈등들이 있었을 겁니다 그중에서 가장 심각했던 갈등은 무엇이고 어 왜 그 갈등을 뽑았는지 어 말씀을 해 주시기 바랍니다","wordCount":22},"emotion":[],"intent":[]},"answer":{"raw":{"text":"뭐 그런 어떤 딜레마에 관한 부분들인 것 같아요 이거는. 음 어떤 내적인 그런 윤리적인 부분에 대한 어떤 딜레마 네 이것을 행해야 하는 건지 아니면 앎에도 어 우선 그냥 그 자리에 가만히 지키고 서 있어야 되는 건지 뭐 이런 여러 가지 상황들에서 올 수 있는 그런 딜레마들 네 그런 거가 갈등이 심한 것 같아요. 왜 그런 거 있잖아요. 어 그 마이클 샌델의 정의란 무엇인가 라는 책 보면 그거는 공리주의에 대해 공리주의에 대한 부분으로 해서 이제 딜레마 그러니까 결정을 해야 되는 순간에 연속을 계속 보여주잖아요. 에피소드 그 어떤 실험 형식으로 그런데 정말 그 챕터마다 결정하기가 쉽지가 않더라고요. 그게 근데 실제로 인생 곳곳에 벌어지고 있는 것 같애요 개인적으로 누구든. 예","wordCount":107},"emotion":[],"intent":[{"text":"","expression":"","category":"attitude"}],"summary":{"text":"마이클 샌델의 정의란 무엇인가 라는 책을 보면 공리주의에 대한 딜레마를 결정해야 되는 순간에 연속을 계속 보여주잖아요. 그 챕터마다 결정하기가 쉽지 않은데 실제로 인생 곳곳에 벌어지고 있는 것 같애요 개인적으로 누구든지.","wordCount":30}}},"rawDataInfo":{"question":{"fileFormat":"wav","fileSize":618958,"duration":19340,"samplingBit":16,"channelCount":1,"samplingRate":"16kHz","audioPath":"/Mock/03.PublicService/Male/Experienced/ckmk_q_ps_m_e_179545.wav"},"answer":{"fileFormat":"wav","fileSize":2910158,"duration":90940,"samplingBit":16,"channelCount":1,"samplingRate":"16kHz","audioPath":"/Mock/03.PublicService/Male/Experienced/ckmk_a_ps_m_e_179545.wav"}}}