{"version":"1.0","dataSet":{"info":{"date":"20230116","occupation":"PS","channel":"MOCK","place":"ONLINE","gender":"MALE","ageRange":"35-44","experience":"EXPERIENCED"},"question":{"raw":{"text":"입사 후에 쉬운 일과 어려운 일이 있을 때 이 일에 대한 분배를 어떻게 하실 건가요 어떻게 나눠서 처리를 하실 건지 답변 부탁드립니다","wordCount":22},"emotion":[],"intent":[]},"answer":{"raw":{"text":"아 입사 후에 인제 쉬운 일과 어려운 일이 있을 때 일을 분배하는 방법에 대해서 한번 생각해 보았습니다. 일단 쉬운 일 어려운 일 보다 빨리 할 수 있는 일 오래 걸리는 일을 나누는 게 더 중요할 것 같습니다. 어 일단 쉽게 끝나는 일을 빨리 끝낼 수 있는 일을 제일 먼저 끝내 놓은 후에 그 때 시간이 많이 걸리는 일을 하면은 더 효율적으로 분배가 될 수 있고 그렇게 됐을 때 어려운 일은 또 한 시간이 걸릴지 하루 종일 걸릴지 그거는 판단을 할 수가 없는 일일 거라 생각을 해 봤습니다. 이 쉽게 할 일을 빨리 끝내 놓은 뒤에 어려운 일을 남겨 놓게 되면은 뭐 중간에 들어오는 뭐 우발적으로 들어오는 업무라든지 이런 대응할 수 있는 또 단계가 갖춰지게 되면은 좀 더 효율적으로 업무를 할 수 있고 시간 관리도 가능할 것 같습니다. 근데 이제 어려운 일이 되었을 때 일단 어렵다고 생각하는 일은 인제 또 성과를 발휘하는 데서도 중요할 수도 있기 때문에 더 집중할 수 있고 창의성을 발휘할 수 있는 시간이 충분히 갖춰져야 한다고 생각하고 있습니다. 네 이상입니다.","wordCount":162},"emotion":[],"intent":[{"text":"","expression":"","category":"attitude"}],"summary":{"text":"쉬운 일과 어려운 일이 있을 때 일을 분배하는 방법은 빨리 할 수 있는 일을 먼저 끝내고 시간이 많이 걸리는 일을 하면은 더 효율적으로 분배가 될 수 있고 어려운 일은 또 한 시간이 걸릴지 하루 종일 걸릴지 판단을 할 수가 없습니다. 어려운 일이 되었을 때 좀 더 집중할 수 있고 창의성을 발휘할 수 있는 시간이 충분히 갖춰져야 합니다.","wordCount":57}}},"rawDataInfo":{"question":{"fileFormat":"wav","fileSize":633678,"duration":19800,"samplingBit":16,"channelCount":1,"samplingRate":"16kHz","audioPath":"/Mock/03.PublicService/Male/Experienced/ckmk_q_ps_m_e_196663.wav"},"answer":{"fileFormat":"wav","fileSize":2738638,"duration":85580,"samplingBit":16,"channelCount":1,"samplingRate":"16kHz","audioPath":"/Mock/03.PublicService/Male/Experienced/ckmk_a_ps_m_e_196663.wav"}}}