{"version":"1.0","dataSet":{"info":{"date":"20230116","occupation":"PS","channel":"MOCK","place":"ONLINE","gender":"MALE","ageRange":"-34","experience":"EXPERIENCED"},"question":{"raw":{"text":"일을 하다가 중국으로 출장을 갈 일이 생길 수도 있습니다 혹시 중국으로 출장을 가는 것도 괜찮으신가요","wordCount":15},"emotion":[],"intent":[]},"answer":{"raw":{"text":"네 저는 중국에 출장을 가서 일을 해도 괜찮다고 생각합니다. 이력서에도 나와 있듯이 저는 대학교 시절 일 년 정도 중국에서 유학 생활을 했었습니다. 대학교에서 장학생으로 선발이 돼서 일 년간 장학금을 받고 상하이에서 유학 생활을 했었습니다. 물론 처음 유학 생활을 할 때는 중국어 능력도 많이 부족하고 중국에 문화도 잘 이해하지 못했었습니다. 하지만 중국 유학 생활이 끝난 일 년 후에는 제 중국어 실력도 많이 향상되었고 중국 문화를 이해하는 수준도 높아졌다고 생각합니다. 다른 사람들이 중국 출장을 가게 되면 중국어 능력도 부족하고 문화도 이해를 못 하기 때문에 출장을 가도 원활하게 업무를 볼 수 없다고 생각합니다. 이런 점에 있어서 저는 중국어 능력도 있고 중국 유학 경험도 있기 때문에 조금 더 업무를 원활하게 할 수 있다고 생각합니다.","wordCount":110},"emotion":[{"text":"이력서에도 나와 있듯이 저는 대학교 시절 일 년 정도 중국에서 유학 생활을 했었습니다.","expression":"u-fact","category":"neutral"},{"text":"대학교에서 장학생으로 선발이 돼서 일 년간 장학금을 받고 상하이에서 유학 생활을 했었습니다.","expression":"u-fact","category":"neutral"}],"intent":[{"text":"","expression":"","category":"attitude"}],"summary":{"text":"중국 유학 생활은 중국어 능력은 부족하고 문화도 이해하지 못했으나 일 년 후에 중국어 실력도 많이 향상되었고 중국 문화도 이해하는 수준도 높아졌습니다. 다른 사람들이 중국 출장을 가면 중국어도 못하고 문화도 이해를 못 하기 때문에 업무를 원활하게 할 수 없습니다.","wordCount":38}}},"rawDataInfo":{"question":{"fileFormat":"wav","fileSize":293198,"duration":9160,"samplingBit":16,"channelCount":1,"samplingRate":"16kHz","audioPath":"/Mock/03.PublicService/Male/Experienced/ckmk_q_ps_m_e_253904.wav"},"answer":{"fileFormat":"wav","fileSize":2712398,"duration":84760,"samplingBit":16,"channelCount":1,"samplingRate":"16kHz","audioPath":"/Mock/03.PublicService/Male/Experienced/ckmk_a_ps_m_e_253904.wav"}}}