{"version":"1.0","dataSet":{"info":{"date":"20230116","occupation":"PS","channel":"MOCK","place":"ONLINE","gender":"MALE","ageRange":"35-44","experience":"EXPERIENCED"},"question":{"raw":{"text":"직무를 수행할 때 난관에 봉착했다면 어떻게 해결하시겠습니까 지원자님의 해결법과 이유를 함께 말씀해 주시기 바랍니다","wordCount":14},"emotion":[],"intent":[]},"answer":{"raw":{"text":"어 증거 수행 업무 간의 난관에 봉착하고 위기를 닥쳤을 때 어떻게 해결하는가에 대해서 저희 생각과 의견법에 대해서 답변 드리겠습니다. 모든 업무에는 우발 상황이 있고 응급 상황이 있고 또 위험한 상황이 닥칠 수가 있습니다 그런 상황을 미리 준비해 해둔 상황과 아니면 무방비 상태에서 닥치는 상황이 되면은 그 해결법이 틀릴 거라고 생각합니다. 그래서 저는 항상 이런 난관이 올 거라 미리 판단하고 자기의 업무를 좀 더 시간 관리를 철저히 한다면 이런 난관에 봉착했을 때 그 대응하는 능력이 틀리다고 생각합니다. 그리고 또 거기에 난관에 집장 집중해서 해결할 수 있는 방법도 틀리다고 생각하기 때문에 항상 시간 관리가 중요하다고 생각합니다. 그래서 급한 일 우선적으로 내가 나에게 급한 일이 무엇인지 를 판단을 해서 어 우선순위를 정해 놓게 되면 이런 난관이 왔을 때도 좀 여유롭게 대처할 수 있고 대응할 수 있는 능력이나 시간을 만들 수 있지 않을까 생각합니다. 네 이상입니다.","wordCount":132},"emotion":[],"intent":[{"text":"","expression":"","category":"attitude"}],"summary":{"text":"모든 업무에는 우발상황, 응급상황, 위험상황이 있을 수 있습니다. 그런 상황을 미리 준비해 둔 상황과 무방비 상태에서 닥치는 상황이 되면은 그 해결법이 틀릴 것이라고 생각합니다. 그래서 항상 시간 관리가 중요하다고 생각합니다.","wordCount":30}}},"rawDataInfo":{"question":{"fileFormat":"wav","fileSize":355278,"duration":11100,"samplingBit":16,"channelCount":1,"samplingRate":"16kHz","audioPath":"/Mock/03.PublicService/Male/Experienced/ckmk_q_ps_m_e_214756.wav"},"answer":{"fileFormat":"wav","fileSize":2613198,"duration":81660,"samplingBit":16,"channelCount":1,"samplingRate":"16kHz","audioPath":"/Mock/03.PublicService/Male/Experienced/ckmk_a_ps_m_e_214756.wav"}}}