{"version":"1.0","dataSet":{"info":{"date":"20230116","occupation":"PS","channel":"MOCK","place":"ONLINE","gender":"MALE","ageRange":"35-44","experience":"EXPERIENCED"},"question":{"raw":{"text":"지원자분께서 역사 속에서 가장 존경하는 인물을 말씀해 주시고 그 인물을 가장 존경하는 이유에 대해서도 말씀해 주시기 바랍니다","wordCount":17},"emotion":[],"intent":[]},"answer":{"raw":{"text":"저는 독립운동가 네 김옥균 독립운동가를 개인적으로 정말 존경하고 어 네 정말 마음 깊이 늘 감사함을 지니고 있는 인물이세요. 그래서 뭐 많이들 아시긴 하지만 아 뭔가 순간순간 잊게 되잖아요. 그래서 그 저도 저라도 조금 계속 기억하고자 노력하는 부분이랄까요 네 실제로 저의 정말 모델이세요. 제가 이 일을 하려고 마음먹은 그 결심에 어느 정도의 비중을 차지하는 분이시기도 하고 저 역시 국가를 위해서라면 그리고 어떤 시민의 안전을 위해서라면 그 정도의 어떤 희생과 어떤 강한 신념과 건강한 생각을 가지고 해야겠구나 라는 네 저의 어떤 뿌리를 만들어주신 분이라고 할 수 있을 것 같아요.","wordCount":87},"emotion":[{"text":"저는 독립운동가 네   김옥균 독립운동가를 개인적으로 정말 존경하고   어 네 정말 마음 깊이 늘 감사함을 지니고   있는 인물이세요.","expression":"p-affection","category":"positive"}],"intent":[{"text":"","expression":"","category":"attitude"}],"summary":{"text":"김옥균 독립운동가를 개인적으로 존경하고 마음 깊이 늘 감사함을 지니고 있는 인물입니다. 국가를 위해서라면 어떤 희생과 어떤 강한 신념과 건강한 생각을 가지고 해야겠다 라는 저의 어떤 뿌리를 만들어주신 분입니다.","wordCount":28}}},"rawDataInfo":{"question":{"fileFormat":"wav","fileSize":390478,"duration":12200,"samplingBit":16,"channelCount":1,"samplingRate":"16kHz","audioPath":"/Mock/03.PublicService/Male/Experienced/ckmk_q_ps_m_e_156820.wav"},"answer":{"fileFormat":"wav","fileSize":2731598,"duration":85360,"samplingBit":16,"channelCount":1,"samplingRate":"16kHz","audioPath":"/Mock/03.PublicService/Male/Experienced/ckmk_a_ps_m_e_156820.wav"}}}