{"version":"1.0","dataSet":{"info":{"date":"20230116","occupation":"PS","channel":"MOCK","place":"ONLINE","gender":"MALE","ageRange":"35-44","experience":"EXPERIENCED"},"question":{"raw":{"text":"어 지원자님께서는 평소에 시간이 남을 때 어떤 일을 하시나요 그리고 그 일을 하는 이유는 무엇인지 설명해 주실 수 있나요","wordCount":19},"emotion":[],"intent":[]},"answer":{"raw":{"text":"제가 요즘 시간이 남을 때 하는 것은 인터넷 온라인 수강입니다. 예전에는 책이나 직접 오프라인 강의를 통해서 제가 필요한 것을 배웠지만 요즘은 실시간으로 인터넷 온라인 강의 및 온라인 강의 사이트들이 워낙 많아서 제가 원하는 과목이나 이 관심사를 바로바로 들을 수 있습니다. 제가 최근에 듣고 있는 것은 빅데이타 및 파이썬 프로그래밍입니다. 빅데이터는 데이터들을 모아서 어떻게 활용할 것인가에 대한 내용이며 빅데이터를 다루기 위해선 파이선이라고 하는 프로그램을 기본적으로 다룰 줄 알아야 됩니다. 파이선은 육 개월에서 일 년 정도 프로그래밍 공부를 하다 보면 저절로 익힐 수 있는 수준이고 씨뿔뿔이나 자바 시샵 같은 걸 하셨던 프로그래머들은 삼 개월이나 사 개월이면 금방 적응할 수 있습니다. 빅데이타 및 파이선을 공부하는 이유는 앞으로는 인공지능 머신러닝 딥러닝 자율주행이 세상을 지배하게 되어 있습니다. 이미 이천 십 오 년부터 알파고가 나오기 시작했고 자율주행이나 인공지능은 세상을 지배하기 시작했습니다. 그러면 우리가 처음에 삼 사십 년 전에 컴퓨터가 나왔을 때 컴퓨터를 공부 안 했던 사람은 평생 컴퓨터 때문에 고생 고통받았듯이 지금 인공지능하고 빅데이터가 나왔을 때 이게 이것이 남의 일이라고 생각하면 나중에 회사 업무 및 사업에 또는 업무에 응용할 때도 굉장히 애를 먹을 것이기 땜에 저는 이것을 미리미리 배워놓기로 하기 했습니다.","wordCount":175},"emotion":[],"intent":[{"text":"그러면 우리가 처음에 삼 사십 년 전에 컴퓨터가 나왔을 때 컴퓨터를 공부 안 했던 사람은 평생 컴퓨터 때문에 고생 고통받았듯이 지금 인공지능하고 빅데이터가 나왔을 때 이게 이것이 남의 일이라고 생각하면 나중에 회사 업무 및 사업에   또는 업무에 응용할 때도 굉장히 애를 먹을 것이기 땜에 저는 이것을 미리미리 배워놓기로 하기 했습니다.","expression":"c_value","category":"background"}],"summary":{"text":"빅데이터는 데이터들을 모아서 어떻게 활용할 것인가에 대한 내용이며 파이선을 기본적으로 다룰 줄 알아야 됩니다. 앞으로 인공지능 머신러닝 딥러닝 자율주행이 세상을 지배하게 될 것이므로 미리 미리 배워놓기로 했습니다.","wordCount":27}}},"rawDataInfo":{"question":{"fileFormat":"wav","fileSize":444878,"duration":13900,"samplingBit":16,"channelCount":1,"samplingRate":"16kHz","audioPath":"/Mock/03.PublicService/Male/Experienced/ckmk_q_ps_m_e_195132.wav"},"answer":{"fileFormat":"wav","fileSize":2817998,"duration":88060,"samplingBit":16,"channelCount":1,"samplingRate":"16kHz","audioPath":"/Mock/03.PublicService/Male/Experienced/ckmk_a_ps_m_e_195132.wav"}}}