{"version":"1.0","dataSet":{"info":{"date":"20230116","occupation":"PS","channel":"MOCK","place":"ONLINE","gender":"MALE","ageRange":"55-","experience":"EXPERIENCED"},"question":{"raw":{"text":"수익과 사회 공헌 중에서 어떤 것이 더 중요하다고 생각합니까","wordCount":9},"emotion":[],"intent":[]},"answer":{"raw":{"text":"수익과 사회 공헌이요. 이게 같이 둘 수 있는 그 동일하게 동일 선상에 둘 수 있는 가치인가요. 저는 조금 이 질문이 맞지 않다고 생각이 드네요. 수익과 수익 수익 사회 공헌이요. 제 개인적인 제 개인적인 관점에서 얘기하면 뭐가 더 중요하냐 저라는 사람은 사회 공헌이죠. 네 애초에 수익은 너무 개인적인 거 아닙니까. 그리고 사회 공헌은 사회라는 말이 들어간 것 그 자체로 사회를 위한 대상 자체가 사회적인 것이에요. 그랬을 때 어 저는 연구를 하는 사람으로서 사회 공헌에 더 큰 비중과 가치를 두고 일을 하고 있습니다 계속.","wordCount":82},"emotion":[],"intent":[{"text":"","expression":"","category":"attitude"}],"summary":{"text":"수익과 수익 사회 공헌이 동일하게 동일 선상에 둘 수 있는 가치인지. 수익은 너무 개인적인 것이고 사회공헌은 그 자체가 사회적인 것이므로 저는 사회 공헌에 더 큰 비중과 가치를 두고 일을 하고 있습니다.","wordCount":31}}},"rawDataInfo":{"question":{"fileFormat":"wav","fileSize":267278,"duration":8350,"samplingBit":16,"channelCount":1,"samplingRate":"16kHz","audioPath":"/Mock/03.PublicService/Male/Experienced/ckmk_q_ps_m_e_160775.wav"},"answer":{"fileFormat":"wav","fileSize":2827598,"duration":88360,"samplingBit":16,"channelCount":1,"samplingRate":"16kHz","audioPath":"/Mock/03.PublicService/Male/Experienced/ckmk_a_ps_m_e_160775.wav"}}}