{"version":"1.0","dataSet":{"info":{"date":"20230116","occupation":"PS","channel":"MOCK","place":"ONLINE","gender":"MALE","ageRange":"35-44","experience":"EXPERIENCED"},"question":{"raw":{"text":"고객 응대 시에 발생하는 스트레스가 많을 것입니다 그 스트레스를 해소하기 위한 본인만의 노하우에 대해서 듣고 싶습니다 한 번 상세하게 말씀해 주실 수 있을까요","wordCount":23},"emotion":[],"intent":[]},"answer":{"raw":{"text":"고객 센터 고객 응대 팀은 스트레스가 많을 수 밖에 없습니다. 이런 사람들을 감정 노동이라고 하는데요. 감정 노동에 있는 사람들은 고객의 목소리만 들어도 노이로제가 걸릴 정도로 많이 힘들다고 합니다. 저는 고객을 응대할 때 첫 번째 고객은 언제나 옳다 하지만 고객은 언제나 불만이 많다 라는 기본 의식을 깔고 시작합니다. 왜냐면 고객이 저희에게 전화 왔을 때 기분이 좋거나 칭찬을 하려고 전화하는 경우는 백 건 중에 한 두 건도 안 됩니다. 구십 퍼센트 이상은 대부분 불만을 제기하거나 아니면 부당함에 대해서 따지거나 아니면 억지를 부리는 사람들이 대부분이기 때문에 처음부터 아 그런 사람들이 전화가 오는구나 라고 생각하고 가볍게 넘깁니다. 그리고 전화를 끊고 나면 조용히 명상을 합니다. 그리고 새소리 물소리 또는 나무 소리 같은 거를 들으면서 커피 한 잔을 마시고 마음을 다시 고요하게 한 다음에 다시 고객을 응대하거나 아니면 주말에 등산이나 숲길을 걸으면서 제 스스로의 마음의 정화를 이룹니다. 많이 걸으면 뇌가 정화가 되고 활성화 산소가 많이 없어진다고 합니다. 그렇게 되면 다른 고객을 응대할 때 또 다른 기분으로 기분 좋게 맞이할 수 있습니다.","wordCount":155},"emotion":[{"text":"많이 걸으면 뇌가 정화가 되고 활성화 산소가 많이 없어진다고 합니다.","expression":"u-fact","category":"neutral"}],"intent":[{"text":"그리고 새소리 물소리 또는 나무 소리 같은 거를 들으면서 커피 한 잔을 마시고 마음을 다시 고요하게 한 다음에 다시 고객을 응대하거나 아니면   주말에 등산이나 숲길을 걸으면서 제 스스로의 마음의 정화를 이룹니다.","expression":"p_str_coping","category":"technology"}],"summary":{"text":"고객 센터 고객 응대 팀은 스트레스가 많을 수 밖에 없습니다. 감정 노동에 있는 사람들은 고객의 목소리만 들어도 노이로제가 걸릴 정도로 많이 힘들다고 합니다. 저는 고객을 응대할 때 첫 번째 고객은 언제나 옳다 하지만 고객은 언제나 불만이 많다 라는 기본 의식을 깔고 시작을 합니다. 그리고 전화를 끊고 나면 조용히 명상을 합니다.","wordCount":50}}},"rawDataInfo":{"question":{"fileFormat":"wav","fileSize":608718,"duration":19020,"samplingBit":16,"channelCount":1,"samplingRate":"16kHz","audioPath":"/Mock/03.PublicService/Male/Experienced/ckmk_q_ps_m_e_184418.wav"},"answer":{"fileFormat":"wav","fileSize":2538638,"duration":79330,"samplingBit":16,"channelCount":1,"samplingRate":"16kHz","audioPath":"/Mock/03.PublicService/Male/Experienced/ckmk_a_ps_m_e_184418.wav"}}}