{"version":"1.0","dataSet":{"info":{"date":"20230116","occupation":"PS","channel":"MOCK","place":"ONLINE","gender":"MALE","ageRange":"-34","experience":"EXPERIENCED"},"question":{"raw":{"text":"지원자님께서 협업을 할 때 사교성이 좋은 편이신지 궁금합니다 또한 사교성을 키우기 위해서 지원자님께서는 그동안 어떤 노력을 해 오셨나요","wordCount":18},"emotion":[],"intent":[]},"answer":{"raw":{"text":"관심사를 통일시키기 위해 굉장히 노력을 해야 한다 고 생각을 합니다. 관심사라는 것은 그 사람이 우리가 하고 있는 일 외에 그 사람이 몰두하고 있는 일이 무엇인지 그 관심사를 보면 그 사람의 정체성을 조금 우리가 파악을 할 수가 있어요. 그 정체성을 안다는 것은 그 사람을 인정해준다는 일이거든요. 그 사람을 알고 또 그 사람이 아 이 사람이 나를 알아준다 라는 그런 신뢰가 쌓이게 되면은 우리는 좀 더 마음의 장벽이 아이스 브레이킹 될 수 있어요. 얼음이 깨지듯 너와 나 사이의 장벽이 허물어진다 그러면 너와 나의 통로는 개척이 되었기 때문에 좀 더 편하게 마음내를 할 수 있다 라고 생각을 하거든요. 그래서 저는 항상 어디를 가서도 좀 먼저 이렇게 관심사를 이렇게 매칭시키기 위해 좀 노력을 많이 한 편이에요. 그래서 좀 내가 관심 없는 분야도 굳이 해야 되나 싶을 정도로 조금 더 몰입을 했던 적이 있고 근데 그런 것들이 저 오히려 저한테 진짜 관심사가 되어 가지고 저희가 어떤 취미가 됐던 적도 있고 그러면서 또 아직도 관계를 맺고 있는 그런 사람이 있는 적도 있습니다.","wordCount":156},"emotion":[],"intent":[{"text":"","expression":"","category":"attitude"}],"summary":{"text":"관심사를 통일시키기 위해 노력을 해야 합니다. 관심사를 보면 그 사람의 정체성을 파악할 수 있고, 정체성을 안다는 것은 그 사람을 인정해준다는 일입니다. 신뢰가 쌓이면 마음의 장벽이 아이스 브레이킹 될 수 있습니다. 그래서 관심사 매칭을 위해 노력을 많이 했습니다. 관심사가 어떤 취미가 되고, 관계를 맺는 사람이 되기도 했습니다.","wordCount":46}}},"rawDataInfo":{"question":{"fileFormat":"wav","fileSize":574158,"duration":17940,"samplingBit":16,"channelCount":1,"samplingRate":"16kHz","audioPath":"/Mock/03.PublicService/Male/Experienced/ckmk_q_ps_m_e_199750.wav"},"answer":{"fileFormat":"wav","fileSize":2904398,"duration":90760,"samplingBit":16,"channelCount":1,"samplingRate":"16kHz","audioPath":"/Mock/03.PublicService/Male/Experienced/ckmk_a_ps_m_e_199750.wav"}}}