{"version":"1.0","dataSet":{"info":{"date":"20230116","occupation":"PS","channel":"MOCK","place":"ONLINE","gender":"MALE","ageRange":"35-44","experience":"EXPERIENCED"},"question":{"raw":{"text":"지원자님께서는 혹시 커뮤니케이션을 잘 할 수 있는 본인만의 스킬을 가지고 계시나요 아 그런 스킬이 있다면 어 직접 한번 보여주면서 소개해 주실 수 있을까요","wordCount":23},"emotion":[],"intent":[]},"answer":{"raw":{"text":"커뮤니케이션을 잘하기 위한 가장 좋은 방법은 바로 소통을 잘하는 것입니다. 소통을 잘하기 위한 방법은 바로 공감대입니다. 공감대 형성을 통해서 나와 남과의 중요한 공통 분모를 만드는 것입니다. 예를 들어서 그 상대방이 골프를 좋아한다고 하면 골프에 대한 얘기를 먼저 화두를 던집니다. 그러면 그 사람은 자기가 좋아하는 골프에 대한 얘기가 나왔기 때문에 골프에 대해서 지속적인 얘기를 하면서 관심을 보일 것입니다. 예를 들어서 김대리님 저는 골프 선수 타이거 우즈를 참 좋아합니다 타이거 우즈는 드라이버가 정확하고 퍼팅이 실 수가 없습니다 라고 얘기를 하면 김대리는 아 맞습니다. 타이거 우즈는 그렇게 천재성을 가졌고 피지에이에서 수십 차례 우승을 했지만 지금도 하루에 다섯 시간 이상씩 레슨을 받는다고 합니다. 그렇게 지속적으로 골프 얘기를 하면서 어떤 골프장이 좋은지 자기가 평균 몇 타를 치는지 십 팔 홀을 돌았을 때 카트를 타고 다니는지 어떤 골프채가 좋은지에 대해서 지속적으로 얘기할 때 저는 그때 좋은 청취자가 되어 리액션만 크게 해주면 됩니다. 그러면 그 사람은 저에게 저절로 흡수되어 공감대를 형성하고 저에게 마음을 열게 돼 있습니다.","wordCount":149},"emotion":[],"intent":[{"text":"","expression":"","category":"attitude"}],"summary":{"text":"소통을 잘하기 위한 방법은 공감대를 형성하는 것입니다. 공감대 형성을 통해서 나와 남과의 중요한 공통 분모를 만드는 것입니다. 예를 들어서 상대방이 골프를 좋아한다면 골프에 대한 얘기를 먼저 합니다. 그러면 그 사람은 자신에게 흡수되어 공감대를 형성하고 마음을 열게 돼 있습니다.","wordCount":38}}},"rawDataInfo":{"question":{"fileFormat":"wav","fileSize":494798,"duration":15460,"samplingBit":16,"channelCount":1,"samplingRate":"16kHz","audioPath":"/Mock/03.PublicService/Male/Experienced/ckmk_q_ps_m_e_177453.wav"},"answer":{"fileFormat":"wav","fileSize":2741838,"duration":85680,"samplingBit":16,"channelCount":1,"samplingRate":"16kHz","audioPath":"/Mock/03.PublicService/Male/Experienced/ckmk_a_ps_m_e_177453.wav"}}}