{"version":"1.0","dataSet":{"info":{"date":"20230116","occupation":"PS","channel":"MOCK","place":"ONLINE","gender":"MALE","ageRange":"-34","experience":"EXPERIENCED"},"question":{"raw":{"text":"만약 일을 하던 중에 팀원과 불화가 생긴다면 어떻게 해결하실 건가요 본인의 해결법과 그렇게 하려는 이유도 말씀해 주세요","wordCount":17},"emotion":[],"intent":[]},"answer":{"raw":{"text":"일을 하면서 팀원들과 불화가 생긴다면 대화를 통해서 잘 풀어나가겠습니다. 일을 하다 보면 다양한 사람들과 다양한 의견을 주고받게 됩니다. 그렇게 일을 하다 보면 의견 충돌이 분명히 생길 거라고 생각합니다. 이런 경우에 저의 생각을 논리적으로 잘 이야기하고 상대방의 이야기도 잘 들어준다면 이런 불화가 사라질 것이라고 생각합니다.","wordCount":44},"emotion":[],"intent":[{"text":"일을 하면서 팀원들과 불화가 생긴다면 대화를 통해서 잘 풀어나가겠습니다.","expression":"c_confl_mg","category":"personality"},{"text":"이런 경우에 저의 생각을 논리적으로 잘 이야기하고 상대방의 이야기도 잘 들어준다면 이런 불화가 사라질 것이라고 생각합니다.","expression":"c_confl_mg","category":"personality"}],"summary":{"text":"일을 하면서 팀원들과 불화가 생긴다면 대화를 통해서 잘 풀어나가겠습니다. 논리적으로 잘 이야기하고 상대방의 의견도 잘 들어준다면 불화가 사라질 것이라고 생각합니다.","wordCount":20}}},"rawDataInfo":{"question":{"fileFormat":"wav","fileSize":615118,"duration":19220,"samplingBit":16,"channelCount":1,"samplingRate":"16kHz","audioPath":"/Mock/03.PublicService/Male/Experienced/ckmk_q_ps_m_e_228765.wav"},"answer":{"fileFormat":"wav","fileSize":1245198,"duration":38910,"samplingBit":16,"channelCount":1,"samplingRate":"16kHz","audioPath":"/Mock/03.PublicService/Male/Experienced/ckmk_a_ps_m_e_228765.wav"}}}