{"version":"1.0","dataSet":{"info":{"date":"20230116","occupation":"PS","channel":"MOCK","place":"ONLINE","gender":"MALE","ageRange":"-34","experience":"EXPERIENCED"},"question":{"raw":{"text":"지원자분께서 생각하시기에 창의성 그리고 팀워크가 있다고 했을 때 그중에서 더욱 중요한 것은 무엇이라고 생각하시는지 궁금합니다 그 근거도 함께 들어서 말씀해 주시면 좋겠습니다","wordCount":22},"emotion":[],"intent":[]},"answer":{"raw":{"text":"저는 창의성과 팀워크 중에 팀워크가 더 중요하다고 생각합니다. 창의성은 결국엔 본인 혼자만의 능력입니다. 반대로 팀워크는 여러 사람들이 다양한 의견을 모아서 생각해내는 것입니다. 물론 혼자서 일을 하는 게 더 효과적일 때도 있지만 여러 사람이 의견을 모아서 한 가지 일을 해결하는 것이 더 효과적이고 효율적이라고 생각합니다. 특히 공무원은 창의적인 생각을 하는 것보다 팀워크를 맞춰서 한 방향으로 일을 해 나가는 것이 중요한 집단입니다. 그렇기 때문에 저는 창의성보다는 팀워크가 더 중요하다고 생각합니다.","wordCount":68},"emotion":[],"intent":[{"text":"특히 공무원은 창의적인 생각을 하는 것보다 팀워크를 맞춰서 한 방향으로 일을 해 나가는 것이 중요한 집단입니다.","expression":"c_value","category":"background"}],"summary":{"text":"공무원은 창의적인 생각을 하는 것보다 팀워크를 맞춰서 한 방향으로 일을 해 나가는 것이 중요한 집단입니다. 그렇기 때문에 창의성보다는 팀워크가 더 중요하다고 생각합니다.","wordCount":22}}},"rawDataInfo":{"question":{"fileFormat":"wav","fileSize":571278,"duration":17850,"samplingBit":16,"channelCount":1,"samplingRate":"16kHz","audioPath":"/Mock/03.PublicService/Male/Experienced/ckmk_q_ps_m_e_253911.wav"},"answer":{"fileFormat":"wav","fileSize":1989838,"duration":62180,"samplingBit":16,"channelCount":1,"samplingRate":"16kHz","audioPath":"/Mock/03.PublicService/Male/Experienced/ckmk_a_ps_m_e_253911.wav"}}}