{"version":"1.0","dataSet":{"info":{"date":"20230116","occupation":"PS","channel":"MOCK","place":"ONLINE","gender":"MALE","ageRange":"55-","experience":"EXPERIENCED"},"question":{"raw":{"text":"지원자분 지원자분이 생각하시는 국민이 공직자에게 가장 원하는 것은 어떤 것이라고 생각하시나요","wordCount":11},"emotion":[],"intent":[]},"answer":{"raw":{"text":"어 이게 돌고 도는데 저는 결국에는 청렴함이 맞는 거 같애요. 네 청렴함 매 선거마다 어느 선거마다 공직자가 아니더라도 또 그 사람이 사람을 볼 때 특히나 중요한 위치일 때 더욱더 어떤 청렴함에 대한 그 그 사람의 과거 역사가 이제 공개가 될 때 노출이 될 때 참 여러 가지 기준이 되잖아요. 많은 것들이 또 우수수 떨어져 나가기도 하고 오히려 네 좋은 작용을 얻기도 하고 근데 네 아무래도 공직자라는 것 그리고 그 공직자의 위치가 높으면 높아질수록 어 아주 어려운 길 네 그럼에도 불구하고 그것을 지키는 올곧음 그게 결국에는 그 사람의 과거가 말해주는 청명함이 보여주는 것 같습니다.","wordCount":93},"emotion":[],"intent":[{"text":"","expression":"","category":"attitude"}],"summary":{"text":"공직자라는 것 그리고 공직자의 위치가 높으면 높아질수록 아주 어려운 길 그럼에도 불구하고 그것을 지키는 올곧음 그것이 결국에는 그 사람의 과거가 말해주는 청명함이 보여주는 것 같습니다.","wordCount":25}}},"rawDataInfo":{"question":{"fileFormat":"wav","fileSize":313678,"duration":9800,"samplingBit":16,"channelCount":1,"samplingRate":"16kHz","audioPath":"/Mock/03.PublicService/Male/Experienced/ckmk_q_ps_m_e_179336.wav"},"answer":{"fileFormat":"wav","fileSize":2817358,"duration":88040,"samplingBit":16,"channelCount":1,"samplingRate":"16kHz","audioPath":"/Mock/03.PublicService/Male/Experienced/ckmk_a_ps_m_e_179336.wav"}}}