{"version":"1.0","dataSet":{"info":{"date":"20230116","occupation":"PS","channel":"MOCK","place":"ONLINE","gender":"MALE","ageRange":"35-44","experience":"EXPERIENCED"},"question":{"raw":{"text":"어 업무 중에 스케줄에 없던 일이 그렇게 갑작스럽게 발생할 때가 있습니다 어 이런 상황이 생긴다면 어 지원자님께서는 어떻게 대처를 하실 건가요","wordCount":21},"emotion":[],"intent":[]},"answer":{"raw":{"text":"네 업무를 하던 간에 자기가 본인이 해야 할 일 스케줄에 대해서 다 판단을 합니다. 그럴 때 인제 스케줄에 없던 일이 생길 때에 대해서 그러한 상황에 대해서 대처하는 방법에 대해서 답변 드리겠습니다. 일단 업무에 대한 스케줄 결국은 자기의 시간 관리가 될 것 같은데 이 시간 관리를 철저히 해 놓은 상태라면 이런 우발 상황이나 위기 상황이나 응급 상황이 왔을 때 당황하지 않고 그 부분에 대해서 집중해서 대처할 수 있다고 생각합니다. 그 중에서 이제 스케줄을 어 급한 일을 우선적으로 해서 오늘 할 일 내일 할 일 또 한 달 뒤에 할 일 이런 식으로 해서 좀 계획성 있게 진행을 한다고 하면은 내가 급한 일을 집중해서 최대한 빨리 끝내 놓은 상태라고 가정에 해 놓은 상태라면 이런 상황에 닥쳐도 충분히 대처할 수 있다고 생각합니다. 사람이 이 두 가지 일을 할 수 없다시피 내 할 일이 자꾸 생각난다면 이 우발 상황에 대해서 집중하기가 쉽지 않을 겁니다. 그렇기 때문에 자기의 급한 일을 우선적으로 끝내놓는 습관을 들여 놓는다면 이런 우발 상황에 대해서 대처 능력이 될 거라고 생각합니다. 이상입니다.","wordCount":160},"emotion":[],"intent":[{"text":"","expression":"","category":"attitude"}],"summary":{"text":"업무스케줄에 없던 일이 생길 때 대처방법에 대해 답변 드리겠습니다. 일단 시간을 철저히 해 놓으면 우발상황 등에도 대처할 수 있습니다. 그 중에서도 우선순위에 있는 일을 최대한 빨리 끝내 놓은 상태라면 우발 상황에도 대처가 가능합니다. 따라서 급한 일을 우선적으로 끝내놓는 습관을 들이는 것이 우발 상황 대처에 도움이 될 것입니다.","wordCount":47}}},"rawDataInfo":{"question":{"fileFormat":"wav","fileSize":466638,"duration":14580,"samplingBit":16,"channelCount":1,"samplingRate":"16kHz","audioPath":"/Mock/03.PublicService/Male/Experienced/ckmk_q_ps_m_e_214757.wav"},"answer":{"fileFormat":"wav","fileSize":2665038,"duration":83280,"samplingBit":16,"channelCount":1,"samplingRate":"16kHz","audioPath":"/Mock/03.PublicService/Male/Experienced/ckmk_a_ps_m_e_214757.wav"}}}