{"version":"1.0","dataSet":{"info":{"date":"20230116","occupation":"PS","channel":"MOCK","place":"ONLINE","gender":"MALE","ageRange":"45-54","experience":"EXPERIENCED"},"question":{"raw":{"text":"만약 일을 하던 중 팀원과 불화가 생긴다면 지원자님께서 어떻게 해결하시겠습니까 해결법과 그 이유를 말씀해 주세요","wordCount":15},"emotion":[],"intent":[]},"answer":{"raw":{"text":"이 질문에 대해서는 두 가지로 답변을 드리겠습니다. 일단 제가 팀원인 상태에서 같은 팀원 동료와 불화가 생긴다면 어 이것은 뭐 저의 잘못일 수도 있고 그 팀원의 잘못일 수도 있기에 저는 그 팀원과 대화를 해서 풀도록 하겠습니다. 뭐 그 사람이 나를 싫어하는 이유를 듣고 뭐 그것은 제 잘못일 수도 있고 어 제가 본의 아니게 그 사람한테 그 사람을 언짢게 하는 부분일 수도 있기 때문에 서로 얘기를 해서 가능한 어 좋은 방향으로 풀 수 있도록 노력을 하겠습니다. 어 하지만 제가 만약에 팀장으로 있는데 어 우리 팀의 불화를 일으키는 팀원이 있다면 어 저는 그것을 그 팀원은 우리 팀에서 어 제외를 시킬 것 같습니다. 회사라는 조직이 그렇습니다. 어떤 프로젝트를 함께 맡아서 일을 하는 것이 동료고 팀원인데 같이 어울리지 못하고 어 뭔가 그 팀원으로 한 명으로 인해서 이 팀 분위기를 해치고 우리가 어 공동의 목적을 이루는 데 방해가 된다 그러면 저는 과감하게 그 직원은 어 배제를 시키는 게 맞다 라고 생각을 합니다. 그래서 제가 동 직원 같은 동료일 때는 최대한 노력을 해서 풀어보겠지만 제가 팀장일 때는 저는 그런 직원은 배제를 시키 시키겠습니다.","wordCount":166},"emotion":[],"intent":[{"text":"일단 제가 팀원인 상태에서 같은 팀원 동료와 불화가 생긴다면 어 이것은   뭐 저의 잘못일 수도 있고 그 팀원의 잘못일 수도 있기에 저는 그 팀원과   대화를 해서 풀도록 하겠습니다.","expression":"c_confl_mg","category":"personality"},{"text":"뭐 그 사람이 나를 싫어하는 이유를 듣고   뭐 그것은 제 잘못일 수도 있고 어 제가 본의 아니게 그 사람한테 그 사람을 언짢게 하는 부분일 수도 있기 때문에 서로 얘기를 해서 가능한   어 좋은 방향으로 풀 수 있도록 노력을 하겠습니다.","expression":"c_confl_mg","category":"personality"},{"text":"어 하지만 제가 만약에 팀장으로 있는데   어 우리 팀의 불화를 일으키는 팀원이 있다면 어 저는 그것을   그 팀원은 우리 팀에서 어 제외를 시킬 것 같습니다.","expression":"c_confl_mg","category":"personality"}],"summary":{"text":"팀원인 상태에서 같은 팀원 동료와 불화가 생긴다면 저는 팀원으로 한 명으로 인해서 팀 분위기를 해치고 공동의 목적을 이루는 데 방해가 된다면 과감하게 그 직원은 배제를 시키는 게 맞다 라고 생각을 합니다. 그래서 제가 동 직원 같은 동료일 때는 최대한 노력을 해서 풀어보겠지만 제가 팀장일 때는 저는 그런 직원은 배제 시키 시키겠습니다.","wordCount":51}}},"rawDataInfo":{"question":{"fileFormat":"wav","fileSize":343118,"duration":10720,"samplingBit":16,"channelCount":1,"samplingRate":"16kHz","audioPath":"/Mock/03.PublicService/Male/Experienced/ckmk_q_ps_m_e_109110.wav"},"answer":{"fileFormat":"wav","fileSize":2795598,"duration":87360,"samplingBit":16,"channelCount":1,"samplingRate":"16kHz","audioPath":"/Mock/03.PublicService/Male/Experienced/ckmk_a_ps_m_e_109110.wav"}}}