{"version":"1.0","dataSet":{"info":{"date":"20230116","occupation":"PS","channel":"MOCK","place":"ONLINE","gender":"MALE","ageRange":"35-44","experience":"EXPERIENCED"},"question":{"raw":{"text":"어 저희 회사에 여러 가지 계열사가 있는데 저희 계열사를 지원해 주신 이유가 있나요 어 사유가 있다면은 좀 말씀 부탁드립니다","wordCount":19},"emotion":[],"intent":[]},"answer":{"raw":{"text":"일단 이 계열사는 제가 원하는 비전을 갖고 있습니다. 디지털 온라인 에이 아이 인공지능에 최적화 되어 있고 공장 자동화를 십 년 안에 이루겠다고 하는 목표가 있기 때문입니다. 다른 계열사들도 좋지만 특히나 이 계열사는 정보통신 및 기술 개발에 박차를 가하고 있고 매년 오백 억이 넘는 투자금액을 쏟는 것으로 알고 있습니다. 발전하는 회사의 특징은 지속적인 신제품 개발이라고 들었습니다. 계속 잘 나오는 제품만 개발하지 않고 판매를 하면 당장 먹고 살기는 좋지만 우리가 캐시카우로서는 좋지만 미래의 먹거리를 찾을 수 없습니다. 지금은 디지털 트랜스포메이션을 이뤘고 오 년 십 년 앞을 내다볼 수 없는 국제정세가 아주 위급한 상황입니다. 그냥 현재의 상황에 머무는 것이 아니라 지속적인 개발 투자 확대 그리고 인력 채용 인력의 고른 균등 분배 등이 저에게 이 계열사를 지원할 수 있게끔 하는 하나의 계기가 되었습니다. 저 또한 빅 데이타 및 구글 인공지능에 대해서 공부를 많이 하고 있고 자율주행을 이뤘을 때 그 자율주행 및 인공지능을 우리 회사에 어떻게 접목할 수 있을지에 대한 많은 고민을 할 수 있을 것 같고 저의 이 고민과 능력이 회사에 도움이 될 수 있을 것 같아 이 계열사에 지원하게 되었습니다.","wordCount":167},"emotion":[],"intent":[{"text":"그냥 현재의 상황에 머무는 것이 아니라 지속적인 개발   투자 확대 그리고 인력 채용 인력의 고른 균등 분배 등이 저에게 이 계열사를 지원할 수 있게끔 하는   하나의 계기가 되었습니다.","expression":"c_sincere_job","category":"etc"},{"text":"저 또한 빅 데이타 및 구글 인공지능에 대해서 공부를 많이 하고 있고 자율주행을 이뤘을 때 그 자율주행 및 인공지능을 우리 회사에 어떻게 접목할 수 있을지에 대한 많은 고민을 할 수 있을 것 같고   저의 이 고민과 능력이 회사에 도움이 될 수 있을 것 같아 이 계열사에 지원하게 되었습니다.","expression":"c_sincere_job","category":"etc"}],"summary":{"text":"디지털 온라인 에이 아이 인공지능에 최적화 되어 있고 공장 자동화를 십 년 안에 이루겠다는 목표로 하는 정보통신 및 기술 개발에 박차를 가하고 있습니다. 현재는 디지털 트랜스포메이션을 이루었고 국제정세가 아주 위급한 상황이므로 지속적인 개발 투자 확대 그리고 인력 채용 인력의 고른 균등 분배 등이 제가 이 계열사를 지원할 수 있게 하는 계기가 되었습니다.","wordCount":52}}},"rawDataInfo":{"question":{"fileFormat":"wav","fileSize":345038,"duration":10780,"samplingBit":16,"channelCount":1,"samplingRate":"16kHz","audioPath":"/Mock/03.PublicService/Male/Experienced/ckmk_q_ps_m_e_166368.wav"},"answer":{"fileFormat":"wav","fileSize":2669518,"duration":83420,"samplingBit":16,"channelCount":1,"samplingRate":"16kHz","audioPath":"/Mock/03.PublicService/Male/Experienced/ckmk_a_ps_m_e_166368.wav"}}}