{"version":"1.0","dataSet":{"info":{"date":"20230116","occupation":"PS","channel":"MOCK","place":"ONLINE","gender":"MALE","ageRange":"35-44","experience":"EXPERIENCED"},"question":{"raw":{"text":"우리 회사가 해외 무대로 진출하게 되었습니다 어디로 진출하면 좋을지 왜 그곳이면 좋을지 그 이유도 같이 말씀해 주세요","wordCount":17},"emotion":[],"intent":[]},"answer":{"raw":{"text":"해외로 진출을 해야 한다면 단연코 저는 중국이라고 말씀드릴 수 있습니다. 중국은 시장의 크기가 대한민국의 천 배에서 약 오천 배 이상으로 더 많은 판매량을 일으킬 수 있고 이미 대한민국의 한류 열풍이 중국에는 고 전국 곳곳에 뻗어 나가 있습니다. 메이드 인 코리아라는 브랜드만 붙이면 중국 사람들이 앞뒤를 가리지 않고 구매하는 경향도 있고 대한민국의 사람들의 어떤 문화와 열풍에 힘입어서 제품을 판매하는데 그리 어렵지가 않습니다. 특히나 국내 시장을 상대로 물건을 팔려면 고마진 정책을 써야 하지만 중국은 저마진으로 다량의 물품을 판매할 수 있는 또 다른 특수한 시장이 있습니다. 그래서 많은 사람들이 중국과의 국제 정세가 좋지는 않지만 꼭 한 번은 진출을 해야 하고 중국은 또 아시아 물류의 허브입니다. 대한민국에서 중국인이 많듯이 전국의 중국인이 곳곳에 퍼져있지 않은 곳이 없습니다. 특히 중국에서 성공을 하게 되면 홍콩 싱가폴 대만 또는 베트남 필리핀 그 이외에 태국까지 동남아시아까지 우리가 시작을 정 장악할 수 있는 특별한 교두보를 마련할 수 있을 거라고 확신합니다.","wordCount":140},"emotion":[],"intent":[{"text":"","expression":"","category":"attitude"}],"summary":{"text":"대한민국의 한류 열풍이 중국 전역에 퍼져나가고 있는 중국의 경우, 저마진으로 다량의 물품을 판매할 수 있는 특수 시장이 있습니다. 또한 아시아 물류의 허브로서 중국에서 성공을 하게 되면 홍콩 싱가폴 대만 또는 베트남 필리핀 그 이외에 태국까지 동남아시아까지 우리가 시작을 장악할 수 있는 특별한 교두보를 마련할 수 있을 것입니다.","wordCount":47}}},"rawDataInfo":{"question":{"fileFormat":"wav","fileSize":349198,"duration":10910,"samplingBit":16,"channelCount":1,"samplingRate":"16kHz","audioPath":"/Mock/03.PublicService/Male/Experienced/ckmk_q_ps_m_e_172441.wav"},"answer":{"fileFormat":"wav","fileSize":2697038,"duration":84280,"samplingBit":16,"channelCount":1,"samplingRate":"16kHz","audioPath":"/Mock/03.PublicService/Male/Experienced/ckmk_a_ps_m_e_172441.wav"}}}