{"version":"1.0","dataSet":{"info":{"date":"20230116","occupation":"PS","channel":"MOCK","place":"ONLINE","gender":"MALE","ageRange":"-34","experience":"EXPERIENCED"},"question":{"raw":{"text":"스트레스를 받으면 어떻게 하시는지 또 왜 그런 방법으로 스트레스를 해소하시는지 말씀해 주실 수 있으실까요","wordCount":14},"emotion":[],"intent":[]},"answer":{"raw":{"text":"저는 스트레스를 잘 받지 않는 스타일입니다. 그래도 불구하고 제가 스트레스를 받을 때 어떠한 방법으로 해소를 하냐면 저는 스트레스가 쌓이면 일단 여행을 떠납니다. 그게 일 박 이 일이든 이 박 삼 일 이든 장기간 멀리 여행을 떠난다는 말이 아닌 지금 이 상황에서 벗어나 잠시 나만을 바라보는 여행을 떠난다는 말입니다. 그게 어느 특정 장소가 될 수도 있고 특정 장소가 아닐 수도 있습니다. 시간이 된다면 가까운 제주도나 부산 강원도로 떠나는 게 여행이 될 수도 있으며 아예 스트레스를 들어줄 수 있는 어느 누군가와 술 한 잔 하면서 얘기를 나누는 것도 저는 여행이라 생각합니다. 여행이라는 정의에 대해서 각자 생각하는 입장은 다르겠지만 저는 저만의 여행을 통해 스트레스를 해소하고 있습니다.","wordCount":103},"emotion":[],"intent":[{"text":"그래도 불구하고 제가 스트레스를 받을 때 어떠한 방법으로 해소를 하냐면 저는 스트레스가 쌓이면 일단 여행을 떠납니다.","expression":"p_str_coping","category":"technology"},{"text":"시간이 된다면 가까운 제주도나 부산 강원도로 떠나는 게 여행이 될 수도 있으며 아예 스트레스를 들어줄 수 있는 어느 누군가와 술 한 잔 하면서 얘기를 나누는 것도 저는 여행이라 생각합니다.","expression":"p_str_coping","category":"technology"},{"text":"여행이라는 정의에 대해서 각자 생각하는 입장은 다르겠지만 저는 저만의 여행을 통해 스트레스를 해소하고 있습니다.","expression":"p_str_coping","category":"technology"}],"summary":{"text":"저는 스트레스를 잘 받지 않는 스타일이지만 스트레스가 쌓이면 일단 여행을 떠납니다. 시간이 된다면 가까운 제주도나 부산 강원도로 떠나는 게 여행이 될 수도 있으며 스트레스를 들어줄 수 있는 누군가와 술 한 잔 하면서 얘기를 나누는 것도 여행이라고 생각합니다.","wordCount":37}}},"rawDataInfo":{"question":{"fileFormat":"wav","fileSize":353678,"duration":11050,"samplingBit":16,"channelCount":1,"samplingRate":"16kHz","audioPath":"/Mock/03.PublicService/Male/Experienced/ckmk_q_ps_m_e_238017.wav"},"answer":{"fileFormat":"wav","fileSize":2128718,"duration":66520,"samplingBit":16,"channelCount":1,"samplingRate":"16kHz","audioPath":"/Mock/03.PublicService/Male/Experienced/ckmk_a_ps_m_e_238017.wav"}}}