{"version":"1.0","dataSet":{"info":{"date":"20230116","occupation":"PS","channel":"MOCK","place":"ONLINE","gender":"MALE","ageRange":"35-44","experience":"EXPERIENCED"},"question":{"raw":{"text":"어 만약 본인이 당장 내일 죽는다는 사실을 알게 된다면 당장 무엇을 하실 건가요 어 그리고 이 면접을 끝까지 계속 보실 것인지 궁금합니다","wordCount":22},"emotion":[],"intent":[]},"answer":{"raw":{"text":"네 제가 만약에 내일 죽는다는 사실을 알았다면 이 면접을 끝까지 보는 거에 대해서는 어 면접을 보는데 뭐 한 시간이 걸리는 것도 아니고 이 면접을 일단은 끝까지 볼 거 같습니다. 어 뭐 남은 시간이 뭐 이십 시간이 남았다 했는데 결국 뭐 이 삼십 분을 투자를 못 해서 못한다는 거는 좀 미련할 것 같고 이 면접을 끝까지 한 이후에 일단은 당장 가족을 보러 갈 것 같습니다. 그래서 사랑하는 사람이나 아이들이나 부모님을 먼저 뵐 것 같고 그 이후에 이제 가족들과 계속 같이 있을 것 같습니다. 음 올해 생을 이번 생은 가족들과 마무리하면서 그렇게 보낼 수 있도록 해서 뭐 다 같이 맛있는 음식 먹으면서 어 캠핑을 갈거 같습니다. 제 맛있는 음식 다 준비해 가서 캠핑장에서 마감을 하는 게 제일 어 현명하지 않을까 자연 속에서 마무리를 한다는 것에 제일 효율적일 것 같고 또 후회 없을 것 같이 지금 한 번 생각을 해 보았습니다. 이상입니다.","wordCount":139},"emotion":[],"intent":[{"text":"","expression":"","category":"attitude"}],"summary":{"text":"내일 죽는다는 사실을 알았다면 일단 면접을 끝까지 볼 것 같습니다. 그 이후 가족과 같이 있을 것 같은데, 가족과 함께 맛있는 음식을 먹고 캠핑을 가는게 좋겠습니다. 자연 속에서 마무리하는 것이 가장 현명하지 않을까 생각합니다. 이상입니다.","wordCount":34}}},"rawDataInfo":{"question":{"fileFormat":"wav","fileSize":480078,"duration":15000,"samplingBit":16,"channelCount":1,"samplingRate":"16kHz","audioPath":"/Mock/03.PublicService/Male/Experienced/ckmk_q_ps_m_e_196597.wav"},"answer":{"fileFormat":"wav","fileSize":2548558,"duration":79640,"samplingBit":16,"channelCount":1,"samplingRate":"16kHz","audioPath":"/Mock/03.PublicService/Male/Experienced/ckmk_a_ps_m_e_196597.wav"}}}