{"version":"1.0","dataSet":{"info":{"date":"20230116","occupation":"PS","channel":"MOCK","place":"ONLINE","gender":"MALE","ageRange":"35-44","experience":"EXPERIENCED"},"question":{"raw":{"text":"지원자분께서 생각하시는 본인이 가지고 있는 장단점에 대해서 설명을 해 주시고 어 이러한 장단점을 어떤 식으로 특화시키려고 하셨는지 극복하려고 하셨는지 그런 노력까지 같이 이야기 해 주세요","wordCount":25},"emotion":[],"intent":[]},"answer":{"raw":{"text":"저요. 저는 무던해요. 네 무던합니다. 그게 장점이자 동시에 단점이 돼요. 음 이게 어 장점은 사실 생각해보니까 저한테만 드는 것 같고요. 어 생각보다 더 무던해서 어 주변의 단점이 될 수도 있다는 생각이 방금 들었어요. 그래서 음 노력을 조금 해야겠네요. 어 남들의 기준에서 이게 단점으로 보이는 무던함이라면 어 뭔가 상대에게 제가 관심이 없거나 뭐 상대에게 애정이 없어서 나오는 무던함이 아니라 원래 기질적인 조금 무던함이 있는 나라서 그런데 제가 뭐 뭐 무관심하다 이게 아니라요 저는 무조건 상대에게 언제나 관심을 가지고 애정을 쏟고 이런 에너지를 언제나 발산 중이긴 한데 무언가 일이 발생이 저에게 됐었을 때 그거에 대한 반응이 좀 무던한 편이에요. 그래서 그게 사실 또 제가 가장 상처를 덜 받는 그게 되기 때문에 그래서인 것 같아요 네.","wordCount":113},"emotion":[],"intent":[{"text":"","expression":"","category":"attitude"}],"summary":{"text":"무던한 것이 장점인 동시에 단점입니다. 장점은 저에게만 드는 것 같지만 주변의 단점이 될 수도 있습니다. 그래서 노력을 조금 해야겠습니다. 저는 무조건 상대에게 관심을 가지고 애정을 쏟고 에너지를 언제나 발산 중이지만 일이 발생되었을 때 반응이 무던합니다. 그래서 상처를 덜 받는 것 같습니다.","wordCount":41}}},"rawDataInfo":{"question":{"fileFormat":"wav","fileSize":630478,"duration":19700,"samplingBit":16,"channelCount":1,"samplingRate":"16kHz","audioPath":"/Mock/03.PublicService/Male/Experienced/ckmk_q_ps_m_e_159801.wav"},"answer":{"fileFormat":"wav","fileSize":2818638,"duration":88080,"samplingBit":16,"channelCount":1,"samplingRate":"16kHz","audioPath":"/Mock/03.PublicService/Male/Experienced/ckmk_a_ps_m_e_159801.wav"}}}