{"version":"1.0","dataSet":{"info":{"date":"20230116","occupation":"PS","channel":"MOCK","place":"ONLINE","gender":"MALE","ageRange":"35-44","experience":"EXPERIENCED"},"question":{"raw":{"text":"면접자님 본인이 창의적으로 어떤 문제를 해결해 본 경험이 있으신가요 그 과정을 최대한 자세하게 설명해 주세요","wordCount":15},"emotion":[],"intent":[]},"answer":{"raw":{"text":"음 창의적으로 어떤 문제를 해결한 경험에 대해서 말씀드리겠습니다. 일단 창의적인 거는 남들이 생각하지 못한 방법이라고 판단을 할 수 있을 것 같은데 보편적으로 업무를 진행하지 않고 조금 색다르게 좀 더 쉽게 할 수 있는 방법을 만들어 가는 게 창의적인 문제 해결법이지 않을까 생각해 보았습니다. 어떤 문제가 있었을 때 일단 창의적으로 해결하는 방법은 일단 많은 정보가 있어야 됩니다. 많은 정보를 입수한 뒤에 이 부분에 대해서 조금 절차를 바꿔가면서 조금 이렇게 획기적으로 이렇게 했을 때 인제 좀 창의적으로 문제를 해결하지 않았나 이렇게 생각해 볼 수 있는데 뭐 그런 과정들에서 제일 중요한 것은 이런 창의적인 모습이 나오기까지는 굉장히 그 업무에 대한 인지라든지 뭐 개인 능력이라든지 이런 것들이 다 갖춰진 상태에서 이뤄지는 거기 때문에 그런 창의적이거나 좀 색다른 방법을 해결할 방법을 찾을 때는 그런 것들이 전제 조건이 되었을 때 가능할 것 같습니다. 네 이상입니다.","wordCount":129},"emotion":[],"intent":[{"text":"","expression":"","category":"attitude"}],"summary":{"text":"창의적인 문제 해결법은 보편적으로 업무를 진행하지 않고 조금 더 쉽게 할 수 있는 방법을 만들어 가는 것입니다. 창의적으로 해결하는 방법은 많은 정보가 있어야 하는데 업무에 대한 인지, 개인 능력 등이 다 갖춰진 상태에서 이루어집니다.","wordCount":34}}},"rawDataInfo":{"question":{"fileFormat":"wav","fileSize":301518,"duration":9420,"samplingBit":16,"channelCount":1,"samplingRate":"16kHz","audioPath":"/Mock/03.PublicService/Male/Experienced/ckmk_q_ps_m_e_147280.wav"},"answer":{"fileFormat":"wav","fileSize":2341838,"duration":73180,"samplingBit":16,"channelCount":1,"samplingRate":"16kHz","audioPath":"/Mock/03.PublicService/Male/Experienced/ckmk_a_ps_m_e_147280.wav"}}}