{"version":"1.0","dataSet":{"info":{"date":"20230116","occupation":"PS","channel":"MOCK","place":"ONLINE","gender":"MALE","ageRange":"-34","experience":"EXPERIENCED"},"question":{"raw":{"text":"만취자가 옆에 있습니다 만취자가 지원자를 폭행하는 일이 벌어졌다면 그 대응을 어떻게 하시겠습니까","wordCount":12},"emotion":[],"intent":[]},"answer":{"raw":{"text":"제가 지원한 부서 자체가 사람들을 상대하는 서비스 직업이기 때문에 만약 이러한 일이 발생한다면 저는 법의 절차를 밟으려고 합니다. 술을 마셨다는 핑계로 누군가를 폭행하는 것은 절대 봐줘서는 안 될 일이라고 생각합니다. 폭행을 행사한다면 바로 경찰을 불러 제지를 해야 한다 생각합니다. 그래도 멈추지 않는다면 경찰이 오기 전까지 만취자를 붙잡고 더 이상 피해가 없도록 막아서야 한다 생각합니다. 제가 폭행을 당해도 침착하게 제재를 하며 그 벌은 법이 책임져 줄 거라 저는 믿고 있습니다.","wordCount":69},"emotion":[],"intent":[{"text":"","expression":"","category":"attitude"}],"summary":{"text":"서비스 직업의 특성상 술을 핑계로 누군가를 폭행하는 것은 절대 봐줘서는 안 될 일이라고 생각합니다. 폭행을 행사한다면 바로 경찰을 불러 제지를 해야 하고 그 벌은 법이 책임져 줄 거라고 믿고 있습니다.","wordCount":30}}},"rawDataInfo":{"question":{"fileFormat":"wav","fileSize":509518,"duration":15920,"samplingBit":16,"channelCount":1,"samplingRate":"16kHz","audioPath":"/Mock/03.PublicService/Male/Experienced/ckmk_q_ps_m_e_241710.wav"},"answer":{"fileFormat":"wav","fileSize":2413838,"duration":75430,"samplingBit":16,"channelCount":1,"samplingRate":"16kHz","audioPath":"/Mock/03.PublicService/Male/Experienced/ckmk_a_ps_m_e_241710.wav"}}}