{"version":"1.0","dataSet":{"info":{"date":"20230116","occupation":"PS","channel":"MOCK","place":"ONLINE","gender":"MALE","ageRange":"55-","experience":"EXPERIENCED"},"question":{"raw":{"text":"아 만약 지원자님께서 게임 속 캐릭터가 된다 라고 가정을 해 봅시다 어떤 게임에서 어떤 역할을 맡아서 수행하고 싶으신지 이유와 함께 말씀해 주시기 바랍니다","wordCount":23},"emotion":[],"intent":[]},"answer":{"raw":{"text":"오 게임이요. 제가 게임을 잘 안 하는데. 제가 제가 게임을 안해서 무슨 무슨 역할인지 무슨 캐릭터가 있는지를 몰라요. 어 근데 저는 우선 그 나서는 걸 별로 좋아하지 않아서 뭐가 있을까요 뭐가 있지. 음 저 진짜 잘 모르는데 그냥 제가 기억하는 어렸을 때 그 물풍선 터트리고 하는 차 타고 크레이지 아케이드 그런 게임이 있었는데 그거로 지금 그것도 잘 기억이 안 나요. 그런데 어렴풋이 기억에 빗대자면 저는 캐릭터보다는 그냥 아이템 아이템이고 싶어요. 아이템 역할을 맡고 싶어요. 뭐 만약에 제가 신발 아이템이면 저를 찾으면 갑자기 속도가 빨라진다거나 뭐 저를 찾으면 생명이 하나가 늘어난다거나 이런 이런 어떤 도움을 주고 싶습니다. 네","wordCount":97},"emotion":[],"intent":[{"text":"","expression":"","category":"attitude"}],"summary":{"text":"제가 게임을 별로 좋아하지 않아서 캐릭터보다는 아이템이고 싶습니다. 신발 아이템이면 속도가 빨라지거나 생명이 하나가 늘어나거나 하는 어떤 도움을 주고 싶습니다.","wordCount":20}}},"rawDataInfo":{"question":{"fileFormat":"wav","fileSize":671438,"duration":20980,"samplingBit":16,"channelCount":1,"samplingRate":"16kHz","audioPath":"/Mock/03.PublicService/Male/Experienced/ckmk_q_ps_m_e_179341.wav"},"answer":{"fileFormat":"wav","fileSize":2794318,"duration":87320,"samplingBit":16,"channelCount":1,"samplingRate":"16kHz","audioPath":"/Mock/03.PublicService/Male/Experienced/ckmk_a_ps_m_e_179341.wav"}}}