{"version":"1.0","dataSet":{"info":{"date":"20230116","occupation":"PS","channel":"MOCK","place":"ONLINE","gender":"MALE","ageRange":"-34","experience":"EXPERIENCED"},"question":{"raw":{"text":"기차가 운행할 때 산사태로 삼십 분 동안 정차되어 있습니다 만약에 이때 관리 책임의 위치에 면접자님이 계시다면 어떻게 조치하실 계획인가요","wordCount":19},"emotion":[],"intent":[]},"answer":{"raw":{"text":"산사태가 일어났다면 분명 이 차 산사태가 다시 일어날 수 있다고 생각합니다. 이런 상황에서 가장 중요한 것은 기차에 타고 있는 승객들의 안전입니다. 제가 관리자라면 먼저 기차에 탑승하고 있는 승객들을 안전한 곳으로 먼저 대피를 시키겠습니다. 그 후에 기차를 구할 수 있는 장비를 불러서 산사태를 해결을 하고 혹시라도 이 차 산사태가 일어날 수 있기 때문에 산사태가 일어났던 곳에 방호벽을 세워서 이 산사태가 이 차적으로 일어나지 않도록 노력하겠습니다. 그래서 가장 중요한 것은 승객들의 안전을 확보하는 것이 가장 먼저 해야 될 일이라고 생각합니다.","wordCount":78},"emotion":[],"intent":[{"text":"","expression":"","category":"attitude"}],"summary":{"text":"기차에 타고 있는 승객들의 안전을 확보하는 것이 가장 먼저 해야 될 일이라고 생각합니다. 관리자라면 먼저 기차에 탑승하고 있는 승객들을 안전한 곳으로 먼저 대피시키겠습니다.","wordCount":23}}},"rawDataInfo":{"question":{"fileFormat":"wav","fileSize":507278,"duration":15850,"samplingBit":16,"channelCount":1,"samplingRate":"16kHz","audioPath":"/Mock/03.PublicService/Male/Experienced/ckmk_q_ps_m_e_228769.wav"},"answer":{"fileFormat":"wav","fileSize":1987918,"duration":62120,"samplingBit":16,"channelCount":1,"samplingRate":"16kHz","audioPath":"/Mock/03.PublicService/Male/Experienced/ckmk_a_ps_m_e_228769.wav"}}}