{"version":"1.0","dataSet":{"info":{"date":"20230116","occupation":"PS","channel":"MOCK","place":"ONLINE","gender":"MALE","ageRange":"35-44","experience":"EXPERIENCED"},"question":{"raw":{"text":"현대인은 하루 평균 세 번 정도 거짓말을 하고 산다고 합니다 지원자님께서 해 본 가장 기억에 남는 거짓말은 무엇인지 알려주세요","wordCount":19},"emotion":[],"intent":[]},"answer":{"raw":{"text":"제가 대학교 때 아르바이트를 하러 가던 곳이 있었습니다. 버스를 타고 가야 하는데 버스를 타는 버스 정류장에 어넌 할머니께서 리어카에서 박스를 담아서 끌고 계시다가 횡단보도에서 그 리어카가 넘어져서 박스가 전부 다 흩어져서 모든 차들이 멈췄던 때가 있습니다. 저는 그 버스를 놓치면 아르바이트에 분명히 지각할 것이었지만 할머니를 모른 척 할 수가 없었습니다. 그래서 저는 그 버스를 놓치고 할머니에게 다가가서 횡단보도 빨간불에서 몇 명의 다른 시민들과 그 박스를 다 삼십 분 동안 주어 담고 그것을 할머니가 있는 곳으로 전부 다 안전한 곳으로 모셔다 드렸습니다. 그렇게 삼십 분 동안 일을 하고 나니 저는 당연히 아르바이트 하는 곳에 삼십 분 넘는 곳에 지각을 해버렸습니다. 그때 사장님께서 평상시에 지각 한 번 안 하던 친구가 왜 이렇게 늦게 왔느냐 지금 굉장히 바쁜데 왜 왜 늦게 온 거냐 나는 그만둔 줄 알았다 라고 엄청나게 화를 내셨습니다. 그런데 그때 저는 그 상황을 전부 다 말씀드릴 수가 없어서 갑자기 버스가 고장나서 늦었다고 그렇게 해서 삼십 분이 늦게 됐으니 제가 삼십 분이 아니라 한 시간 반을 더 연장해서 알바비를 받지 않고 일을 하겠다고 했습니다. 그것이 아마 제 인생의 가장 큰 화이트 라이 거짓말이었던 것으로 기억합니다.","wordCount":174},"emotion":[],"intent":[{"text":"저는 그 버스를 놓치면 아르바이트에 분명히 지각할 것이었지만 할머니를 모른 척 할 수가 없었습니다.","expression":"p_cus_orien","category":"attitude"},{"text":"그래서 저는 그 버스를 놓치고 할머니에게 다가가서 횡단보도 빨간불에서 몇 명의   다른 시민들과 그 박스를 다 삼십 분 동안 주어 담고 그것을 할머니가 있는 곳으로 전부 다 안전한 곳으로 모셔다 드렸습니다.","expression":"p_cus_orien","category":"attitude"}],"summary":{"text":"저는 대학교 때 아르바이트를 하러 가던 버스 정류장에 어넌 할머니께서 리어카에서 박스를 담아서 끌고 계시다가 횡단보도에서 넘어져서 박스가 전부 다 흩어져서 모든 차들이 멈췄던 때가 있었습니다. 그것을 놓친 척 할 수가 없어서 할머니에게 다가가서 횡단보도 빨간불에서 몇 명의 다른 시민들과 그 박스를 다 30분 동안 주어 담고 그것을 할머니가 있는 곳으로 전부 다 안전한 곳으로 모셔다 드렸습니다.","wordCount":57}}},"rawDataInfo":{"question":{"fileFormat":"wav","fileSize":451918,"duration":14120,"samplingBit":16,"channelCount":1,"samplingRate":"16kHz","audioPath":"/Mock/03.PublicService/Male/Experienced/ckmk_q_ps_m_e_164875.wav"},"answer":{"fileFormat":"wav","fileSize":2742158,"duration":85690,"samplingBit":16,"channelCount":1,"samplingRate":"16kHz","audioPath":"/Mock/03.PublicService/Male/Experienced/ckmk_a_ps_m_e_164875.wav"}}}