{"version":"1.0","dataSet":{"info":{"date":"20230116","occupation":"PS","channel":"MOCK","place":"ONLINE","gender":"MALE","ageRange":"45-54","experience":"EXPERIENCED"},"question":{"raw":{"text":"지원자님께서 일을 하다가 만약 상사에게 어려운 지시를 받으면 어떻게 하시겠습니까 지원자님도 이유도 함께 설명과 말씀 해 주세요","wordCount":17},"emotion":[],"intent":[]},"answer":{"raw":{"text":"무슨 어려운 지시일까요. 너무 불분명해요 광범위하고. 어떠한 쪽에 어려운 지시인지를 말씀을 해주시면 좋을 거 같애요. 단순히 어려운 지시라고만 하면 뭐 이렇게 저렇게 생각되는 그 파생되는 것들을 또 염두를 해두신 거겠지만 아 글쎄요. 음 그거를 들었을 때에 그 지시가 현장에서 타당하게 느껴지면 하겠죠. 근데 그 당시 현장의 판단에서조차 타당하지 않다면 상식적이지 않은 지시라면 해서는 안되고 할 이유가 없죠. 네 단지 상사라고 해서 이쁨을 받기 위해 모면을 하기 위해 그러한 지시에 그러한 말도 안되는 지시에 따를 필요는 없고 저는 좀 그런 타입은 아니라서요. 그래서 제 소신껏 제 그까 소신껏 제 상식의 기준대로 판단하고 이행을 할 것 같습니다.","wordCount":95},"emotion":[],"intent":[{"text":"","expression":"","category":"attitude"}],"summary":{"text":"상사에게 이쁨을 받기 위해 말도 안되는 지시를 따를 필요는 없습니다. 소신껏 제 상식의 기준대로 판단하고 이행할 것 같습니다.","wordCount":18}}},"rawDataInfo":{"question":{"fileFormat":"wav","fileSize":419918,"duration":13120,"samplingBit":16,"channelCount":1,"samplingRate":"16kHz","audioPath":"/Mock/03.PublicService/Male/Experienced/ckmk_q_ps_m_e_179550.wav"},"answer":{"fileFormat":"wav","fileSize":2807438,"duration":87730,"samplingBit":16,"channelCount":1,"samplingRate":"16kHz","audioPath":"/Mock/03.PublicService/Male/Experienced/ckmk_a_ps_m_e_179550.wav"}}}