{"version":"1.0","dataSet":{"info":{"date":"20230116","occupation":"PS","channel":"MOCK","place":"ONLINE","gender":"MALE","ageRange":"35-44","experience":"EXPERIENCED"},"question":{"raw":{"text":"만약에 지원자께서 우리 회사에 입사하셔서 업무를 보시는데 흥분하여 억지를 부리는 고객이나 민원이 있다면 이 때 어떻게 대처할 생각이 있으신지 말씀해 주십시오","wordCount":21},"emotion":[],"intent":[]},"answer":{"raw":{"text":"어 이 흥분 흥분한 고객 민원 이런 이런 분명히 있을 것입니다. 어 없어지지 않을 것이고 대한민국 자체가 흥분이 많습니다. 이 빨리빨리 시스템이기 때문에 빨리빨리 조치 안 해주면 흥분합니다 사람이. 흥분을 했다는 거는 지금 자기가 원하는 대로 서비스가 이뤄지지 않고 민원이 해결이 안 됐다고 생각할 때 분명히 흥분했을 겁니다. 그 사람이 왜 흥분을 했는지 무엇 때문에 흥분을 했는지 이게 감정의 문제인 건지 우리 회사의 문제인지를 빨리 캐치를 한다면은 그 사람이 더이상 흥분할 일은 없을 겁니다. 그 회사의 입장에서 손해 볼 부분은 빨리 캐치해서 최소한의 손해를 보고 민원을 해결할 수 있는 방법이 있을 것이고 아니면 회사에 그 불이익 때문에 그 민원을 해결하지 않는다면 저런 고객들도 다 하나하나의 우리의 소중한 고객입니다. 이 민원이 해결이 안 된다면 또 그런 안 좋은 소문과 그런 것들은 회사의 이미지에 굉장히 치명타일 수 있기 때문에 어 저는 일단 고객이 무엇을 원하는지 어 이거를 조율을 할 것 같습니다. 그 비율을 최소화 시켜서 빠른 조치 빠른 조치를 해주어서 어 민원을 해결하는 게 제일 좋은 방법일 것 같습니다. 네 이상입니다.","wordCount":159},"emotion":[],"intent":[{"text":"그 사람이 왜 흥분을 했는지   무엇 때문에 흥분을 했는지 이게 감정의 문제인 건지 우리 회사의 문제인지를 빨리 캐치를 한다면은   그 사람이 더이상 흥분할 일은 없을 겁니다.","expression":"p_voc","category":"technology"},{"text":"그 회사의 입장에서 손해 볼 부분은 빨리 캐치해서   최소한의 손해를 보고 민원을 해결할 수 있는 방법이 있을 것이고 아니면 회사에 그   불이익 때문에 그 민원을 해결하지 않는다면 저런 고객들도 다 하나하나의 우리의 소중한 고객입니다.","expression":"p_voc","category":"technology"},{"text":"이 민원이 해결이 안 된다면 또 그런 안 좋은 소문과 그런 것들은 회사의 이미지에 굉장히 치명타일 수 있기 때문에   어 저는 일단 고객이 무엇을 원하는지 어 이거를 조율을 할 것 같습니다.","expression":"p_voc","category":"technology"}],"summary":{"text":"대한민국에는 흥분한 고객 민원이 분명히 있을 것이고 회사 입장에서는 손해 볼 부분은 빨리 캐치해서 최소한의 손해를 보고 민원을 해결할 수 있는 방법이 있을 것이고 아니면 회사에 그 불이익 때문에 그 민원을 해결하지 않는다면 저 고객들도 다 하나의 우리의 소중한 고객입니다. 민원이 해결이 안 된다면 회사의 이미지에 치명타일 수 있기 때문에 조율을 할 것 같습니다.","wordCount":54}}},"rawDataInfo":{"question":{"fileFormat":"wav","fileSize":494798,"duration":15460,"samplingBit":16,"channelCount":1,"samplingRate":"16kHz","audioPath":"/Mock/03.PublicService/Male/Experienced/ckmk_q_ps_m_e_139221.wav"},"answer":{"fileFormat":"wav","fileSize":2756558,"duration":86140,"samplingBit":16,"channelCount":1,"samplingRate":"16kHz","audioPath":"/Mock/03.PublicService/Male/Experienced/ckmk_a_ps_m_e_139221.wav"}}}