{"version":"1.0","dataSet":{"info":{"date":"20230116","occupation":"PS","channel":"MOCK","place":"ONLINE","gender":"MALE","ageRange":"-34","experience":"EXPERIENCED"},"question":{"raw":{"text":"어 혹시 매일매일 공부하고 있는 분야가 있으신가요 어 있으시다면 이제 그 분야를 어 어째서 공부하고 계신지 그 이유도 함께 설명해 주시기를 바랍니다","wordCount":22},"emotion":[],"intent":[]},"answer":{"raw":{"text":"저는 말 타는 공부를 요새 좀 이렇게 하고 있습니다. 이게 되게 귀족 스포츠처럼 들리셔가지고 조금 그렇게 들리 들리실 수도 있는데 제가 그런 게 것이 있거든요. 이렇게 상대방의 관심사를 알기 위해서 굉장히 좀 애쓰는 편이에요. 근데 어떤 때는 한 번 이 저와 관련된 어떤 업계 사람들 중에 취미로 주말마다 이렇게 말을 타시는 분이 계셨어요. 그런데 제가 저희가 그 팀이 이 거래를 성사시키기 위해서는 그분의 결정이 그분의 역할이 조금 결정적이었기 때문에 아 이 거래를 조금 더 성사시키기 위해서는 말을 타야 되겠다 라는 판단이 서 가지고 제가 말을 그때부터 배웠어요. 말 타는 법을 근데 말을 타다 보니까 그분께서 왜 말을 타시는지 좀 알 것 같더라고요. 너무 그 어떤 자동차와 어떤 자전거 오토바이 요즘 현대 사회에서 탈 것들이 주는 재미와는 완전히 다른 어떤 정말 옛날의 시대로 돌아가서 자연과 하나 되는 느낌 동물과 이 말과 내가 하나 되는 느낌 그러면서도 이 광활한 대지를 이렇게 헤쳐나가는 느낌 그 자유로움은 어디에서도 찾을 수가 없는 그런 경험이었습니다.","wordCount":149},"emotion":[],"intent":[{"text":"","expression":"","category":"attitude"}],"summary":{"text":"저는 상대방의 관심사를 알기 위해서 말 타는 공부를 하고 있습니다. 취미로 주말마다 말을 타시는 분이 계셨는데 제가 거래를 성사시키기 위해서 말을 타야 되겠다는 판단이 서 가지고 말을 배웠습니다. 현대 사회에서 탈 것들이 주는 재미와는 완전히 다른 어떤 옛날의 시대로 돌아가서 자연과 하나 되는 느낌을 받았습니다.","wordCount":45}}},"rawDataInfo":{"question":{"fileFormat":"wav","fileSize":461198,"duration":14410,"samplingBit":16,"channelCount":1,"samplingRate":"16kHz","audioPath":"/Mock/03.PublicService/Male/Experienced/ckmk_q_ps_m_e_199751.wav"},"answer":{"fileFormat":"wav","fileSize":2918478,"duration":91200,"samplingBit":16,"channelCount":1,"samplingRate":"16kHz","audioPath":"/Mock/03.PublicService/Male/Experienced/ckmk_a_ps_m_e_199751.wav"}}}