{"version":"1.0","dataSet":{"info":{"date":"20230116","occupation":"PS","channel":"MOCK","place":"ONLINE","gender":"MALE","ageRange":"45-54","experience":"EXPERIENCED"},"question":{"raw":{"text":"해당 직무에서 어떤 일을 하는지 그리고 그 직무에서 어떤 능력이 필요한지 그거를 알고 지원을 하셨는지 어 필요한 필요한지를 알고 지원하셨습니까 네에","wordCount":21},"emotion":[],"intent":[]},"answer":{"raw":{"text":"해당 직무에서 어떤 일을 하는지에 대해서는 어 너무나 잘 알고 있습니다. 어 저는 뭐 보시 그 이력서를 보시면 아시겠지만 경력직으로 지원을 했고 동 업종에서 같은 일을 거의 이십 오 년 동안 해왔습니다. 이 일을 해오면서 정말 많은 경험을 했고 어 때로는 그런 일을 처리하면서 뭐 실패를 한 적도 있고 있지만 저는 그래도 대체적으로 모든 일을 어 잘 제 능력 안에서 해결했던 해결했다라고 생각을 합니다. 어 제가 이 일을 할 때 할 때 뭐 저의 자만 일 수도 있지만 저는 가장 필요한 능력은 경험이라고 생각을 합니다. 많이 경험해 볼수록 이 엄 이 업무에 대해서 어 잘 알고 있고 여러 가지 돌발 상황이나 문제에 대해서 능숙하게 어 잘 처리할 수 있다라고 생각을 합니다. 어 이것이 우리가 제공하는 것이 서비스다 보니 고객들의 불만이 어 시시때때로 뭐 여러 가지 방향으로 발생을 합니다. 그때 그때 손님을 응대하면서 쌓았던 경험과 노하우로 그 문제를 해결할 수 있다라고 저는 생각을 합니다.","wordCount":143},"emotion":[{"text":"어 저는   뭐 보시 그 이력서를 보시면 아시겠지만 경력직으로 지원을 했고 동 업종에서 같은 일을 거의 이십 오 년 동안 해왔습니다.","expression":"u-fact","category":"neutral"}],"intent":[{"text":"그때 그때 손님을 응대하면서 쌓았던 경험과 노하우로 그 문제를 해결할 수 있다라고 저는 생각을 합니다.","expression":"p_cus_belief","category":"technology"}],"summary":{"text":"이력서를 보시면 아겠지만 경력직으로 지원을 했고 동 업종에서 같은 일을 거의 20 오 년 동안 해왔습니다. 이 일을 할 때 가장 필요한 능력은 경험이라 생각하며 많이 경험해 볼수록 여러 가지 돌발 상황이나 문제에 대해서 능숙하게 잘 처리할 수 있다고 생각합니다. 고객 응대 경험으로 그 문제를 해결할 수 있을 것이라고 생각합니다.","wordCount":50}}},"rawDataInfo":{"question":{"fileFormat":"wav","fileSize":659918,"duration":20620,"samplingBit":16,"channelCount":1,"samplingRate":"16kHz","audioPath":"/Mock/03.PublicService/Male/Experienced/ckmk_q_ps_m_e_106022.wav"},"answer":{"fileFormat":"wav","fileSize":2558798,"duration":79960,"samplingBit":16,"channelCount":1,"samplingRate":"16kHz","audioPath":"/Mock/03.PublicService/Male/Experienced/ckmk_a_ps_m_e_106022.wav"}}}