{"version":"1.0","dataSet":{"info":{"date":"20230116","occupation":"PS","channel":"MOCK","place":"ONLINE","gender":"MALE","ageRange":"55-","experience":"EXPERIENCED"},"question":{"raw":{"text":"공단의 외부 환경 위협 요인과 이런 외 위험 요인을 극복하기 위한 방안에 대해 생각나는 대로 말씀해 주실 수 있나요","wordCount":19},"emotion":[],"intent":[]},"answer":{"raw":{"text":"공단의 외부 환경 위험 요인과 이런 위험 요인을 극복하기 위한 방안에 대해 생각나는 대로 말씀해 주세요. 아 공단의 외부 환경이라고 하면은 이런 환경 환경적인 모습이 좀 많이 있다고 생각합니다. 수질의 오염 환경의 오염 대기의 오염 등 요즘에는 그러한 그 공단을 참으로 좀 무서워하고 쪼한 또한 멀리하고 쪼한 이렇게 예전처럼 안 좋아하는 그런 모습이 많이 있을 겁니다. 이러한 위협적인 어 요인을 어떻게 보면 많은 시민들이 어 무서워하지 않고 또한 친환경적인 그런 모습에서 어 생산을 하고 관리할 때 아 국민들이 더욱더 어 좋아하고 또한 아 유치하는데 어려움이 없는 아 공단이 아닐까 이렇게 생각을 합니다. 무엇보다도 어 공단의 이미지를 깨끗이 하고 도로를 또한 늘 보수함으로 인하여서 깨끗이 청소하고 이러한 그 청결할 때 아 시민들이 아 또한 자기가 자기들이 사는 그런 지역하고 공단하고 이렇게 이질감이 안 생길 것이라고 생각을 합니다. 또한 공단 내에서도 나무를 좀 많이 심고 또한 이렇게 좀 좋은 모습으로 페인트 칠도 좀 하고 해서 그렇게 외부의 그러한 위협적인 요인들 이러한 것들을 걷어내는 것이 또한 시민들이 실질적으로 공단하고의 관계가 아 가까워지는 그런 부분이라고 생각합니다.","wordCount":162},"emotion":[],"intent":[{"text":"","expression":"","category":"attitude"}],"summary":{"text":"공단의 외부 환경 위험 요인을 극복하기 위한 방안을 말씀해 보세요. 시민들은 친환경적인 모습에서 생산하고 관리할 때 국민들이 좋아하고 유치에 어려움이 없다고 생각합니다. 또한 이미지를 깨끗이 하고 도로를 늘 보수하여서 청결할 때 시민들이 이질감이 안 생길 것이라고 생각을 합니다. 또한 나무도 많이 심고 페인트칠도 해서 공단하고 관계가 가까워지는 부분이라고 생각합니다.","wordCount":49}}},"rawDataInfo":{"question":{"fileFormat":"wav","fileSize":330958,"duration":10340,"samplingBit":16,"channelCount":1,"samplingRate":"16kHz","audioPath":"/Mock/03.PublicService/Male/Experienced/ckmk_q_ps_m_e_242351.wav"},"answer":{"fileFormat":"wav","fileSize":3838158,"duration":119940,"samplingBit":16,"channelCount":1,"samplingRate":"16kHz","audioPath":"/Mock/03.PublicService/Male/Experienced/ckmk_a_ps_m_e_242351.wav"}}}