{"version":"1.0","dataSet":{"info":{"date":"20230116","occupation":"PS","channel":"MOCK","place":"ONLINE","gender":"MALE","ageRange":"35-44","experience":"EXPERIENCED"},"question":{"raw":{"text":"지원자님은 팀으로 일하는 것과 혼자 일하는 것 중 어떤 것을 더 선호하시나요 그것을 더욱 선호하시는 이유에 대해서도 함께 말씀 부탁드립니다","wordCount":20},"emotion":[],"intent":[]},"answer":{"raw":{"text":"네 팀으로 일하는 것과 개인이 혼자 하는 일 중에서 선호하는 부분에서 답변 드리겠습니다. 둘 다 이제 장 단점이 있을 겁니다. 이 팀으로 하는 일은 여러 사람들의 인제 머리에서 나오는 아이디어와 노하우들을 조합해서 인제 가장 주 훌륭한 것으로 선택할 수 있는 선택권이 있을 것이고 개인적으로 하는 일은 좀 더 주변 사람들에 그런 어 그 눈치를 보지 않고 또 개인이 집중할 수 있고 또 창의성으로 또 개인의 성과를 드러낼 수 있는 가장 좋은 방법 중에 하나가 될 것 같은데 어 저는 그래도 팀으로 일하는 것이 더 선호할 것 같습니다. 그 이유는 팀으로 일했을 때 어 이제 주변 사람들의 조언과 그런 것들을 조합할 수도 있고 그 파트를 나눠서 분배에서도 그 부분에서 어 각자만의 노력을 통해서 그것들이 종합이 됐을 때 엄청난 성과와 극대화될 수 있다고 생각합니다. 결국은 팀이 성과가 있어야 회사에도 성과가 있을 수 있기 때문에 그런 부분으로 봤을 때는 팀이 더 효율적일 것 같습니다. 이상입니다.","wordCount":142},"emotion":[],"intent":[{"text":"이 팀으로 하는 일은 여러 사람들의 인제 머리에서 나오는 아이디어와   노하우들을 조합해서 인제 가장 주 훌륭한 것으로 선택할 수 있는 선택권이 있을 것이고 개인적으로 하는 일은   좀 더 주변 사람들에 그런 어 그 눈치를 보지 않고 또 개인이 집중할 수 있고 또 창의성으로   또 개인의 성과를 드러낼 수 있는 가장 좋은 방법 중에 하나가 될 것 같은데 어 저는 그래도 팀으로 일하는 것이 더 선호할 것 같습니다.","expression":"c_cop","category":"personality"},{"text":"그 이유는   팀으로 일했을 때 어 이제 주변 사람들의 조언과 그런 것들을 조합할 수도 있고   그 파트를 나눠서 분배에서도 그 부분에서 어 각자만의 노력을 통해서 그것들이 종합이 됐을 때   엄청난 성과와 극대화될 수 있다고 생각합니다.","expression":"c_cop","category":"personality"},{"text":"결국은 팀이 성과가 있어야 회사에도 성과가 있을 수 있기 때문에 그런 부분으로 봤을 때는 팀이 더 효율적일 것 같습니다.","expression":"c_cop","category":"personality"}],"summary":{"text":"개인적으로 팀으로 일하는 것을 더 선호할 것 같습니다. 그 이유는 주변 사람들의 조언들을 조합할 수도 있고 그 파트를 나눠서 분배할 때 각자의 노력을 통해서 그것들이 종합이 됐을 때 엄청난 성과와 극대화될 수 있기 때문입니다.","wordCount":34}}},"rawDataInfo":{"question":{"fileFormat":"wav","fileSize":607438,"duration":18980,"samplingBit":16,"channelCount":1,"samplingRate":"16kHz","audioPath":"/Mock/03.PublicService/Male/Experienced/ckmk_q_ps_m_e_196665.wav"},"answer":{"fileFormat":"wav","fileSize":2670158,"duration":83440,"samplingBit":16,"channelCount":1,"samplingRate":"16kHz","audioPath":"/Mock/03.PublicService/Male/Experienced/ckmk_a_ps_m_e_196665.wav"}}}