{"version":"1.0","dataSet":{"info":{"date":"20230116","occupation":"PS","channel":"MOCK","place":"ONLINE","gender":"MALE","ageRange":"35-44","experience":"EXPERIENCED"},"question":{"raw":{"text":"고객을 대할 때 본인만이 가지고 있는 일관된 신념이나 원칙이 있으신가요 혹시 있다면 그것이 무엇인지 말씀해 주시겠습니까","wordCount":16},"emotion":[],"intent":[]},"answer":{"raw":{"text":"저는 뭐 고객이기보다 이제 시민이라고 해야 저 저한테 조금 더 익숙한 표현이긴 하지만 어 신념이나 원칙이요. 어 저는 뭐 일차적으로 네 피해자를 위한 방어 라고 항상 피해자를 위한 보호 라고 생각을 하고 있는데요. 이게 그 신념으로 가지고 있다고 해서 그렇게 될 수가 없기 때문에 항상 매번 그게 어렵죠. 개인적인 딜레마인 것 같습니다. 그래서 어떠한 사건이 발생했을 때 사고 현장에 가게 되었을 때 이제 피해를 겪은 그런 분들을 먼저 조금 구하려고 하고 이제 사실 그 부분에 있어서 그러니까 먼저 구한다는 게 조금 말이 이상하긴 한데요. 이게 이제 그 상황 이후에 처리를 하는 부분에서 피해자를 조금 최대한 노출되지 않은 선에서 네 어떤 일을 진행시켜 나가고 싶은데 그게 현실적인 부분에서 안 될 때가 있어서 참 개인적인 고충이 있습니다.","wordCount":115},"emotion":[],"intent":[{"text":"","expression":"","category":"attitude"}],"summary":{"text":"저는 항상 피해자를 위한 방어를 생각했지만 신념을 가지고 있다고 해서 항상 그게 어려운 것은 개인적인 딜레마인 것 같습니다. 어떤 사건이 발생했을 때 피해를 겪은 분들을 먼저 구하는 게 이상하기도 하고, 피해자를 최대한 노출되지 않는 선에서 일을 진행하고 싶은데 안 될 때가 있습니다.","wordCount":42}}},"rawDataInfo":{"question":{"fileFormat":"wav","fileSize":487758,"duration":15240,"samplingBit":16,"channelCount":1,"samplingRate":"16kHz","audioPath":"/Mock/03.PublicService/Male/Experienced/ckmk_q_ps_m_e_156817.wav"},"answer":{"fileFormat":"wav","fileSize":2775438,"duration":86730,"samplingBit":16,"channelCount":1,"samplingRate":"16kHz","audioPath":"/Mock/03.PublicService/Male/Experienced/ckmk_a_ps_m_e_156817.wav"}}}