{"version":"1.0","dataSet":{"info":{"date":"20230116","occupation":"PS","channel":"MOCK","place":"ONLINE","gender":"MALE","ageRange":"55-","experience":"EXPERIENCED"},"question":{"raw":{"text":"지원자님의 의견을 주장하실 때 강하게 주장하는 편이신가요 아니면 보통 어떤 스타일로 자신의 의견을 주장하는 편이신지 솔직하게 말씀해 주세요","wordCount":18},"emotion":[],"intent":[]},"answer":{"raw":{"text":"어떤 일을 하다 보면 의견 충돌이 있을 수 밖에 없습니다. 그럴 때마다 저는 상대방과 주변 사람들의 의견을 충분히 들어주는 편입니다. 그리고 제가 판단하거나 생각되는 그런 부분은 주저 없이 얘기를 하는 스타일이라고 생각됩니다.","wordCount":32},"emotion":[],"intent":[{"text":"그럴 때마다 저는 상대방과 주변 사람들의 의견을 충분히   들어주는 편입니다.","expression":"c_person","category":"background"},{"text":"그리고 제가   판단하거나 생각되는 그런 부분은 주저 없이   얘기를 하는 스타일이라고 생각됩니다.","expression":"c_person","category":"background"}],"summary":{"text":"저는 의견 충돌이 있을 때마다 상대방과 주변 사람들의 의견을 충분히 들어주는 편입니다. 판단하거나 생각나는 부분은 주저 없이 얘기하는 스타일입니다..","wordCount":19}}},"rawDataInfo":{"question":{"fileFormat":"wav","fileSize":615758,"duration":19240,"samplingBit":16,"channelCount":1,"samplingRate":"16kHz","audioPath":"/Mock/03.PublicService/Male/Experienced/ckmk_q_ps_m_e_186258.wav"},"answer":{"fileFormat":"wav","fileSize":1312718,"duration":41020,"samplingBit":16,"channelCount":1,"samplingRate":"16kHz","audioPath":"/Mock/03.PublicService/Male/Experienced/ckmk_a_ps_m_e_186258.wav"}}}