{"version":"1.0","dataSet":{"info":{"date":"20230116","occupation":"PS","channel":"MOCK","place":"ONLINE","gender":"MALE","ageRange":"45-54","experience":"EXPERIENCED"},"question":{"raw":{"text":"직무가 적성에 맞지 않는다면 어떻게 하겠습니까","wordCount":6},"emotion":[],"intent":[]},"answer":{"raw":{"text":"어 저는 경력직으로 지원을 했습니다. 어 그렇기 때문에 직무가 적성에 맞지 않을 거라는 생각은 어 정말 일 도 하지 않습니다. 오 저는 이 일에 대해서 자부심과 자긍심을 갖고 있습니다. 그 누구보다 열심히 일할 마음의 준비가 되어 있습니다. 저는 이 일을 약 이십 오 년 이상 해왔고 나름 이 분야에 대해서는 베테랑이라고 제 스스로 제 입으로 말하겠습니다. 저는 이 일을 하면서 수많은 경험을 쌓아왔고 어 단순히 경험을 쌓은 것 뿐만 아니라 이 일에 대한 노하우를 가지고 있다고 생각을 합니다. 이 분야는 그 수많은 변수와 수많은 일들이 발생을 합니다. 이 뭐 그 모든 일을 제가 알고 있다고는 어 경험했다고는 감히 말씀을 못 드리겠지만 저는 이 일을 하면서 어 나름의 훌륭한 네트워크를 어 구축하고 있다고 생각을 합니다. 어 때로는 뭐 동 뭐 같은 회사의 직원 때로는 뭐 경쟁사의 직원 때로는 뭐 고객들까지 어 나름의 네트워크를 구성하고 있기 때문에 제가 어 실제 체험해 보진 못한 경험이라 그래도 이것을 동원해서 충분히 문제가 생겼을 때 그것을 해결할 수 있는 능력이 있다고 저는 생각합니다.","wordCount":157},"emotion":[],"intent":[{"text":"","expression":"","category":"attitude"}],"summary":{"text":"저는 이 일을 약 20 오 년 이상 해왔고 나름의 노하우를 가지고 있습니다. 이 일을 하면서 나름의 훌륭한 네트워크를 구축하고 있고, 실제 체험해 보진 못한 경험이라 해도 이것을 동원해 충분히 문제가 생겼을 때 그것을 해결할 수 있는 능력이 있다고 생각합니다.","wordCount":40}}},"rawDataInfo":{"question":{"fileFormat":"wav","fileSize":217678,"duration":6800,"samplingBit":16,"channelCount":1,"samplingRate":"16kHz","audioPath":"/Mock/03.PublicService/Male/Experienced/ckmk_q_ps_m_e_107145.wav"},"answer":{"fileFormat":"wav","fileSize":2665038,"duration":83280,"samplingBit":16,"channelCount":1,"samplingRate":"16kHz","audioPath":"/Mock/03.PublicService/Male/Experienced/ckmk_a_ps_m_e_107145.wav"}}}