{"version":"1.0","dataSet":{"info":{"date":"20230116","occupation":"PS","channel":"MOCK","place":"ONLINE","gender":"MALE","ageRange":"35-44","experience":"EXPERIENCED"},"question":{"raw":{"text":"지원자님께서는 전공 외에 자신이 수준급의 실력이 될 정도로 노력을 한 적이 있나요 있다면 전공과 관련하여 어떤 도움을 주는지도 궁금합니다","wordCount":19},"emotion":[],"intent":[]},"answer":{"raw":{"text":"전공과 더불어서 저에게 꼭 필요한 것이 바로 영어였습니다. 저는 영어를 완벽하게 익히기 위해서 삼 년 동안 책을 읽고 책을 써가며 결국 외웠습니다. 그렇게 외운 영어를 일 주일에 한 번씩 동아리를 다니면서 많은 외국인들에게 되도 않는 영어를 내뱉기 시작했습니다. 처음에는 외국인들이 알아듣지 못하다가 일 개월 삼 개월 육 개월 이후부터는 그들과 농담 및 진지한 얘기를 또는 토론을 할 정도의 실력이 되었습니다. 하루에 일곱 시간에서 여덟 시간씩 잠을 줄여가며 어휘와 문장을 외웠고 미국 드라마라든가 또는 아주 좋은 유명인들의 강연을 통째로 외우면서 그것을 한국어처럼 내뱉기 시작했습니다. 그렇게 삼 년 정도를 하루에 여덟 시간씩 공부한 결과 이제는 영어를 자연스럽게 쓸 수 있고 저희 전공은 외국계 회사에서 서비스를 하는 것이라 외국인 대표 또는 외국에 있는 또 다른 매니저 및 직원들과 원활하게 소통을 할 수 있어 지금 업무에 있어서는 큰 불편이 없습니다.","wordCount":126},"emotion":[],"intent":[{"text":"그렇게 외운 영어를   일 주일에 한 번씩 동아리를 다니면서 많은 외국인들에게 되도 않는 영어를 내뱉기 시작했습니다.","expression":"c_private","category":"background"}],"summary":{"text":"영어를 완벽하게 익히기 위해 삼 년 동안 책을 읽고 책을 써가며 외운 영어를 동아리를 다니면서 많은 외국인들에게 되도 않는 영어를 뱉기 시작했습니다. 하지만 이제는 영어를 자연스럽게 쓸 수 있고 외국계 회사에서 서비스를 하는 것이라 원활하게 소통 할 수 있어 업무가 편리합니다.","wordCount":41}}},"rawDataInfo":{"question":{"fileFormat":"wav","fileSize":459598,"duration":14360,"samplingBit":16,"channelCount":1,"samplingRate":"16kHz","audioPath":"/Mock/03.PublicService/Male/Experienced/ckmk_q_ps_m_e_156515.wav"},"answer":{"fileFormat":"wav","fileSize":2497358,"duration":78040,"samplingBit":16,"channelCount":1,"samplingRate":"16kHz","audioPath":"/Mock/03.PublicService/Male/Experienced/ckmk_a_ps_m_e_156515.wav"}}}