{"version":"1.0","dataSet":{"info":{"date":"20230116","occupation":"PS","channel":"MOCK","place":"ONLINE","gender":"MALE","ageRange":"35-44","experience":"EXPERIENCED"},"question":{"raw":{"text":"어 이제 입사를 하게 되고 근무를 하면서요 이제 지원한 분야가 지원자님과 잘 맞지 않는다 아 이 사실을 알 수도 있죠 어 그렇다면 어떻게 하실 생각인지 말씀을 부탁드리겠습니다","wordCount":27},"emotion":[],"intent":[]},"answer":{"raw":{"text":"지원한 분야에 얼마큼 일을 해보고 이런 판단을 할지를 고민할 것입니다. 예를 들어 삼 개월 일 개월도 안 됐는데 아 이 일이 나랑 맞지 않으니까 그만둬야 되나 다른 부서로 보직 전환을 해야 되나 그런 생각을 하는 것은 굉장히 섣부르다고 생각합니다. 왜냐면 우리는 전문가 아웃라이어는 일만 시간의 법칙이라고 합니다. 일만 시간의 법칙이 통용되기 위해선 하루에 아홉 시간씩 최소 십 이 년을 노력을 해야 되는데 정작 직장 생활을 하면서 한 달 두 달 해보고 아 이 일이 나랑 맞지 않는다 라고 판단하는 것은 내가 스스로 이 일에 대해서 자신이 없거나 아니면 업무에 정확하게 인지가 안 돼 있는 것입니다. 그래서 육 개월에서 일 년 정도 이 업무를 열심히 해 봤는데도 이 분야가 저하고 너무 맞지 않는다고 생각이 된다면 저는 과감하게 그때는 부서장이나 본부장이나 대표이사님에게 보고를 하겠습니다. 제가 이 업무를 일 년 동안 해봤는데 이 업무가 저하고 너무 맞지 않습니다. 제가 이 정도 업무를 했는데 안 맞는다면 저는 이 업무에 탁월한 성과를 낼 인재가 아니니 제가 다른 부서에 가서 이렇게 열심히 해서 탁월한 성과를 낼 수 있도록 기회를 주셨으면 좋겠습니다. 이렇게 보고를 해 해고 이렇게 했는데도 이직을 보직 전환 시켜주면 가서 새로운 것에서 열심히 하고 만약에 보직 전환을 시켜주지 않고 여기 있어야 된다고 하면 저는 과감하게 퇴사를 준비하겠습니다.","wordCount":193},"emotion":[],"intent":[{"text":"","expression":"","category":"attitude"}],"summary":{"text":"전문가 아웃라이어는 일만 시간의 법칙이라고 합니다. 이 법칙이 통용되기 위해선 최소 십 이 년을 노력을 해야 되는데 직장 생활을 하면서 이 일에 대해 자신이 없거나 업무에 정확하게 인지가 안 돼 있는 것입니다. 그래서 육 개월에서 일 년 정도 이 업무를 열심히 해 봤는데도 맞지 않는다면 과감하게 부서장이나 본부장이나 대표이사님에게 보고를 하겠습니다. 이렇게 보고해 해고 했는데도 이직을 보직 전환 시켜주지 않는다면 과감하게 퇴사를 준비하겠습니다.","wordCount":63}}},"rawDataInfo":{"question":{"fileFormat":"wav","fileSize":568398,"duration":17760,"samplingBit":16,"channelCount":1,"samplingRate":"16kHz","audioPath":"/Mock/03.PublicService/Male/Experienced/ckmk_q_ps_m_e_164881.wav"},"answer":{"fileFormat":"wav","fileSize":2789198,"duration":87160,"samplingBit":16,"channelCount":1,"samplingRate":"16kHz","audioPath":"/Mock/03.PublicService/Male/Experienced/ckmk_a_ps_m_e_164881.wav"}}}