{"version":"1.0","dataSet":{"info":{"date":"20230116","occupation":"PS","channel":"MOCK","place":"ONLINE","gender":"MALE","ageRange":"35-44","experience":"EXPERIENCED"},"question":{"raw":{"text":"대학에서 배운 본인의 전공 과목 중에서 가장 기억에 남는 과목을 딱 한 가지만 골라서 말씀해 주세요","wordCount":16},"emotion":[],"intent":[]},"answer":{"raw":{"text":"제가 배운 과목 중 가장 기억에 남는 것은 바로 방사선 생물학입니다. 우리가 중 고등학교 때 배웠던 일반적인 생물학에 방사선을 합친 것이 방사선 생물학입니다. 예를 들어서 우리의 세포 이중 편평 상피 세포나 수정체 같은 약한 세포들 또는 뼈 같이 강한 조직들이 방사선을 맞았을 때 방사선 감수성이 어떻게 되고 방사선에 의해서 세포의 분열이 어떻게 되며 세포가 어떻게 해리가 되는지를 공부하는 것이 방사선 생물학입니다. 우리는 단순히 방사선을 맞으면 몸에 안 좋다고 생각하지만 적당한 방사선은 우리의 몸에 면역력을 기른다는 방사선에 이익론도 있습니다. 그런데 많은 사람들은 방사선을 맞으면 당장 죽는다 엑스레이 한 장만 촬영을 해도 몸에 치명적으로 나쁘다 라고 생각을 하는데 실제로 우리가 인공 방사선이 아닌 비행기를 타거나 고지대에 가거나 라돈 가스라든가 라듐이 많은 지역에 가도 인공 방사선이 아닌 자연 방사선은 우리 몸에 영향을 미칩니다. 하지만 우리는 이렇게 건강하게 살아갈 수 있습니다. 이유는 방사선 생물학에 기초를 했을 때 우리 몸은 어느에 일정 정도에 방사선을 통해서 면역력이 강해지고 그걸 견뎌내는 면역 체계가 좋아진다는 것들이 방사선 생물학에 기초 내용입니다.","wordCount":152},"emotion":[],"intent":[{"text":"","expression":"","category":"attitude"}],"summary":{"text":"방사선 생물학은 우리가 중 고등학교 때 배웠던 일반적인 생물학에 방사선을 합친 것입니다. 방사선을 맞으면 몸에 안 좋다고 생각하지만 적당한 방사선은 몸에 면역력을 기른다는 방사선에 이익론도 있습니다. 자연 방사선은 우리 몸에 영향을 미치는데 우리 몸은 일정 정도에 방사선을 통해서 면역력이 강해지고 그것을 견뎌내는 면역 체계가 좋아진다는 것입니다.","wordCount":46}}},"rawDataInfo":{"question":{"fileFormat":"wav","fileSize":307278,"duration":9600,"samplingBit":16,"channelCount":1,"samplingRate":"16kHz","audioPath":"/Mock/03.PublicService/Male/Experienced/ckmk_q_ps_m_e_177457.wav"},"answer":{"fileFormat":"wav","fileSize":2753998,"duration":86060,"samplingBit":16,"channelCount":1,"samplingRate":"16kHz","audioPath":"/Mock/03.PublicService/Male/Experienced/ckmk_a_ps_m_e_177457.wav"}}}