{"version":"1.0","dataSet":{"info":{"date":"20230116","occupation":"PS","channel":"MOCK","place":"ONLINE","gender":"MALE","ageRange":"45-54","experience":"EXPERIENCED"},"question":{"raw":{"text":"기차가 운행 시 산사태로 삼십 분 동안 정차 중입니다 지원자님께서 이 상황에 관리 책임에 위치에 있다면 어떻게 조치하시겠습니까","wordCount":18},"emotion":[],"intent":[]},"answer":{"raw":{"text":"관리 책임의 위치라면 당연히 음 산사태로 인해 어떤 사상자가 발생했는지 부터 살펴야 될 것 같구요. 그다음에 앞으로 더 나아갈 수 있는 컨디션인지 기차가 그걸 동시에 조금 볼 것 같습니다. 네 그래서 어 승객들 중에서 가장 조금 우선시 그 의료 보급 체계 그 의료보급을 받아야 되는 승객이 우선시 될 만한 승객이 있는지 그 여부를 조금 면밀하게 살펴야 될 것 같다는 생각입니다. 음 사실 대중교통과 어떤 재난 상황과의 만남은 아주 위험하고 정말 무서운 상황이기 때문에 그럴수록 어 아비규환이 생기니까 더욱더 정신을 가다듬고 어 현재 위치에서 더 조금 실수가 일어나지 않도록 하는 것이 제일 중요하다고 생각을 합니다. 네 산사태여도 네 정신만 차리면 무사할 수 있습니다.","wordCount":102},"emotion":[],"intent":[{"text":"","expression":"","category":"attitude"}],"summary":{"text":"대중교통과 재난 상황의 만남은 아주 위험하고 정말 무서운 상황이기 때문에 그럴수록 더욱더 정신을 가다듬고 어 현재 위치에서 더 조금 실수가 일어나지 않도록 하는 것이 제일 중요하다고 생각합니다.","wordCount":27}}},"rawDataInfo":{"question":{"fileFormat":"wav","fileSize":523598,"duration":16360,"samplingBit":16,"channelCount":1,"samplingRate":"16kHz","audioPath":"/Mock/03.PublicService/Male/Experienced/ckmk_q_ps_m_e_112041.wav"},"answer":{"fileFormat":"wav","fileSize":2885518,"duration":90170,"samplingBit":16,"channelCount":1,"samplingRate":"16kHz","audioPath":"/Mock/03.PublicService/Male/Experienced/ckmk_a_ps_m_e_112041.wav"}}}