{"version":"1.0","dataSet":{"info":{"date":"20230116","occupation":"PS","channel":"MOCK","place":"ONLINE","gender":"MALE","ageRange":"35-44","experience":"EXPERIENCED"},"question":{"raw":{"text":"지원자님은 이전 직장 혹은 대학에서 어떤 프로젝트를 해 보셨나요 만약 해보셨고 생각나시는 프로젝트가 있다면 그것에 대해 말씀해 주시겠어요","wordCount":18},"emotion":[],"intent":[]},"answer":{"raw":{"text":"이전 직장에서 했던 가장 큰 프로젝트는 이천 이십 년 이 월에 코로나가 창궐 했을 때 대학 병원에 이십 억이 넘는 의료기기 장비를 설치하는 것이었습니다. 이 의료기지 및 장비는 한 대당 이십 억 짜리로 두 대를 제약부에 설치하기로 돼 있었으나 계약서를 마치고 난 후에 바로 미친 듯이 코로나가 터졌습니다. 그래서 제조 생산은 해외에서 했지만 해외에 있는 엔지니어들이 국내에 들어와서 제품을 설치하고 유지보수하고 교육을 할 수 있는 상황이 안 됐습니다. 하지만 저희는 이미 계약서에 사인을 한 상태였고 고객인 병원에서는 삼 개월 안에 장비가 가동돼서 검수가 완료되지 않으면 무조건 지체 보상금을 물겠다 라고 하는 계약서대로 움직이겠다고 하였습니다. 그래서 저는 기술 팀장으로서 이것을 어떻게 할까 너무 고민을 많이 하다 영화 마스를 통해서 좋은 착안을 했습니다. 바로 온라인 미팅 줌미팅을 통해서 가깝게 스무 대 정도가 되는 카메라를 설치하고 본사 엔지니어와 실시간으로 소통하면서 장비의 조언을 받으면서 설치하고 가동하고 유지보수를 했습니다. 그렇게 되어 삼 개월 이전에 이십 억 짜리 장비 두 대를 병원에 설치하고 지금은 문제 없이 가동하고 잘 쓰고 있습니다. 덕분에 지체 보상금도 내지 않게 되었습니다.","wordCount":160},"emotion":[],"intent":[{"text":"이전 직장에서 했던 가장 큰 프로젝트는 이천 이십 년 이 월에 코로나가 창궐 했을 때   대학 병원에 이십 억이 넘는 의료기기 장비를 설치하는 것이었습니다.","expression":"c_private","category":"background"},{"text":"바로 온라인 미팅 줌미팅을 통해서   가깝게 스무 대 정도가 되는 카메라를 설치하고 본사 엔지니어와 실시간으로 소통하면서 장비의 조언을 받으면서 설치하고 가동하고 유지보수를 했습니다.","expression":"c_adp","category":"personality"}],"summary":{"text":"이천 년 이월 코로나 사태 당시 대학 병원에 20 억이 넘는 의료기기 장비를 설치하는 것이었습니다. 제조 생산은 해외에서 했지만 해외 엔지니어들이 국내에 들어와서 교육을 할 수 없는 상황이었습니다. 그래서 온라인 미팅 줌미팅을 통해 본사 엔지니어와 실시간으로 소통하면서 장비의 조언을 받으면서 설치하고 가동하고 유지보수를 해서 지체 보상금도 내지 않게 되었습니다.","wordCount":49}}},"rawDataInfo":{"question":{"fileFormat":"wav","fileSize":499918,"duration":15620,"samplingBit":16,"channelCount":1,"samplingRate":"16kHz","audioPath":"/Mock/03.PublicService/Male/Experienced/ckmk_q_ps_m_e_162520.wav"},"answer":{"fileFormat":"wav","fileSize":2775758,"duration":86740,"samplingBit":16,"channelCount":1,"samplingRate":"16kHz","audioPath":"/Mock/03.PublicService/Male/Experienced/ckmk_a_ps_m_e_162520.wav"}}}