{"version":"1.0","dataSet":{"info":{"date":"20230116","occupation":"PS","channel":"MOCK","place":"ONLINE","gender":"MALE","ageRange":"35-44","experience":"EXPERIENCED"},"question":{"raw":{"text":"기차가 운행 시 산사태로 삼십 분간 정차되었다고 가정을 해 보시구요 어 그런 상황에서 어 지원자님께서 만약 관리 책임의 위치에 있다면 어떻게 조치하실지 아 생각나는 것을 말씀해 주시기 바랍니다","wordCount":28},"emotion":[],"intent":[]},"answer":{"raw":{"text":"기차의 총 책임자로서 안내 방송 멘트를 할 것입니다. 현재 산사태로 삼십 분 동안 정차가 되었고 몇 분 안에 운행 재개를 할 수 있을지에 대해서 빠르게 방송을 하여 승객들에게 안심을 시킬 것입니다. 두 번째는 현재 기차 내에 비상 상황이 발생했는지 응급 상황에 응급 환자가 발생했는지를 파악하여 혹시 응급 환자가 발생하였다면 기관 내에 있는 응급 처치 제품으로 처치를 하고 기관 내에 의료진 또는 의사가 있는지를 확인하여 먼저 치료를 할 것을 요청할 것입니다. 세 번째는 부기관사와 본부와 연락을 하여 현지 상황이 어떻게 되었고 몇 분 안에 처리될 것이라는 응급 체계를 빨리 구축합니다. 세 번째에서 네 번째는 그 우 열차가 지연된 데에 대해서 승객들에게 어떻게 보상을 할 것인지에 대한 보상 체계에 대해서 멘트를 다 드리겠습니다. 실제로 천재지변이 일어나면 어떤 천재지변에 대해서는 보상을 하지 않지만 이것이 천재지변인지 아니면 저희 운행의 실수인지를 파악하여 추후의 고객들이 보상에 대해서 요청하는 것을 미리 준비하도록 하겠습니다.","wordCount":136},"emotion":[],"intent":[{"text":"","expression":"","category":"attitude"}],"summary":{"text":"기차의 총 책임자로서 안내 방송 멘트를 할 것입니다. 두 번째는 응급 상황에 응급 환자가 발생했는지를 파악하여 응급 처치 제품으로 처치를 하고 먼저 치료를 할 것을 요청할 것입니다. 세 번째는 부기관사와 본부와 연락을 하여 응급 체계를 빨리 구축할 것입니다. 네 번째는 열차 지연에 대한 보상 체계에 대해서 멘트를 다 드리겠습니다.","wordCount":49}}},"rawDataInfo":{"question":{"fileFormat":"wav","fileSize":578958,"duration":18090,"samplingBit":16,"channelCount":1,"samplingRate":"16kHz","audioPath":"/Mock/03.PublicService/Male/Experienced/ckmk_q_ps_m_e_172439.wav"},"answer":{"fileFormat":"wav","fileSize":2506958,"duration":78340,"samplingBit":16,"channelCount":1,"samplingRate":"16kHz","audioPath":"/Mock/03.PublicService/Male/Experienced/ckmk_a_ps_m_e_172439.wav"}}}