{"version":"1.0","dataSet":{"info":{"date":"20230116","occupation":"PS","channel":"MOCK","place":"ONLINE","gender":"MALE","ageRange":"-34","experience":"EXPERIENCED"},"question":{"raw":{"text":"남들과는 다른 자신만의 경쟁력이 있으신가요 남들과는 다른 자신만의 경쟁력을 키우는 것은 굉장히 중요한 일 중의 하나입니다 그리고 그것을 키우기 위해 어떤 노력을 하셨나요","wordCount":23},"emotion":[],"intent":[]},"answer":{"raw":{"text":"남들과 다른 저의 경쟁력은 어느 곳에서든 적응을 잘 하는 성격입니다. 어릴 때부터 활발하고 나서는 것을 좋아했던 저는 어느 곳에 가서도 그 장소에 적합하게 행동을 하며 누가 알려주지 않아도 이 곳에서 해야할 것과 하지 말아야 할 것들을 혼자 구분하며 지내왔습니다. 그로 인해 지금까지 아르바이트도 많이 하면서 나만의 경력을 쌓아왔고 친화력을 통해 많은 사람들과 인연을 맺었습니다. 적응을 하지 못한다면 이 직장에 들어와서도 나 혼자만의 시간을 가지며 어울리지 못한다는 게 저는 이해가 되지 않는 부분이기 때문에 남들보다 적응을 잘하는 저의 성격이 경쟁력이라고 생각합니다.","wordCount":80},"emotion":[],"intent":[{"text":"남들과 다른 저의 경쟁력은 어느 곳에서든 적응을 잘 하는 성격입니다.","expression":"c_person","category":"background"},{"text":"그로 인해 지금까지 아르바이트도 많이 하면서 나만의 경력을 쌓아왔고 친화력을 통해 많은 사람들과 인연을 맺었습니다.","expression":"c_person","category":"background"},{"text":"적응을 하지 못한다면 이 직장에 들어와서도 나 혼자만의 시간을 가지며 어울리지 못한다는 게 저는 이해가 되지 않는 부분이기 때문에 남들보다 적응을 잘하는 저의 성격이 경쟁력이라고 생각합니다.","expression":"c_person","category":"background"}],"summary":{"text":"남들과 다른 저의 경쟁력은 적응을 잘 하는 성격입니다. 어릴 때부터 적응을 중요시 여겼고 아르바이트도 많이 하면서 나만의 경력을 쌓아왔고 친화력을 통해 사람들과 인연을 맺었습니다. 그래서 적응을 잘하는 성격이 경쟁력이라고 생각합니다.","wordCount":30}}},"rawDataInfo":{"question":{"fileFormat":"wav","fileSize":465998,"duration":14560,"samplingBit":16,"channelCount":1,"samplingRate":"16kHz","audioPath":"/Mock/03.PublicService/Male/Experienced/ckmk_q_ps_m_e_229878.wav"},"answer":{"fileFormat":"wav","fileSize":2082638,"duration":65080,"samplingBit":16,"channelCount":1,"samplingRate":"16kHz","audioPath":"/Mock/03.PublicService/Male/Experienced/ckmk_a_ps_m_e_229878.wav"}}}