{"version":"1.0","dataSet":{"info":{"date":"20230116","occupation":"PS","channel":"MOCK","place":"ONLINE","gender":"MALE","ageRange":"55-","experience":"EXPERIENCED"},"question":{"raw":{"text":"어 만약 지원자님의 직무에 맞지 않는 일을 하게 되실 수도 있는데요 어 그렇게 된다고 한다면 어떻게 대처하실 건가요 어 그리고 그래도 괜찮으신지 물어보고 싶습니다","wordCount":24},"emotion":[],"intent":[]},"answer":{"raw":{"text":"만약 지원자님의 직무에 맞지 않는 일을 하기 드신다면 어떻게 하시겠습니까. 그래도 괜찮으신가요. 예 제가 원했던 직무에 맞지 않는 일을 하게 된다면은 어 먼저 어 상사와 대화를 통해서 협의한 다음에 이 일을 진행하도록 할 수도 있을 것 같습니다. 아 맡겨주신 일들은 어 많은 어려움이 없다면 일을 할 수 있을 것이라고 생각합니다. 하지만은 제가 원했던 일은 더 효율적으로 일을 할 수 있는 그런 분야이기 때문에 어 더 좋을 것이라고 생각도 합니다. 아 제가 여태까지 중년으로서 많은 이 일들을 해 왔습니다. 아 생산부터 개발 그리고 또한 아 영업 판매에 관련되는 그런 일들까지 많이 해 왔던 경험을 토대로 제가 어떠한 직무를 맡게 된다고 하더라도 좋은 경험으로 생각하고 긍정적인 그러한 마인드를 가지고 있기 때문에 그러한 일들을 맡겨주신 일에 충분히 감당할 것이라고 생각을 합니다. 어 너무나 동떨어진 그러한 일이고 저의 그러한 전공적인 그런 부분과 너무 거리가 안 맞지 않는다면은 아 사용할 수 밖에 없을 수 있을 것 같습니다. 아 뭐 저의 그러한 장래적인 부분이라든가 아 현재의 그러한 모습과 너무나 맞지 않는다면은 아 그때 가서는 아 상사와 협의하에서 어 다른 일들을 할 수 있도록 하겠습니다.","wordCount":168},"emotion":[],"intent":[{"text":"","expression":"","category":"attitude"}],"summary":{"text":"지원자님의 직무에 맞지 않는 일을 하게 된다면 상사와 협의를 통해서 진행하도록 할 수도 있을 것 같습니다. 하지만은 제가 원했던 일은 더 효율적으로 일을 할 수 있는 분야이기 때문에 더 좋을 것이라고 생각합니다. 아 지금까지 중년으로서 많은 일들을 해 왔던 경험을 토대로 어떠한 직무를 맡게 되더라도 충분히 감당할 것이라고 생각을 합니다.","wordCount":50}}},"rawDataInfo":{"question":{"fileFormat":"wav","fileSize":542798,"duration":16960,"samplingBit":16,"channelCount":1,"samplingRate":"16kHz","audioPath":"/Mock/03.PublicService/Male/Experienced/ckmk_q_ps_m_e_256303.wav"},"answer":{"fileFormat":"wav","fileSize":3852238,"duration":120380,"samplingBit":16,"channelCount":1,"samplingRate":"16kHz","audioPath":"/Mock/03.PublicService/Male/Experienced/ckmk_a_ps_m_e_256303.wav"}}}