{"version":"1.0","dataSet":{"info":{"date":"20230116","occupation":"PS","channel":"MOCK","place":"ONLINE","gender":"MALE","ageRange":"35-44","experience":"EXPERIENCED"},"question":{"raw":{"text":"지원자분께 질문 하나 하겠습니다 만약에 국가철도공단이 추진했으면 하는 사업이나 또는 사회 공헌 활동이 있는지 그것에 대해서 말씀해 주십시오","wordCount":18},"emotion":[],"intent":[]},"answer":{"raw":{"text":"국가 철도 공단이 돈이 많이 되는 케이티엑스나 에스알티 같은 고속 철도만을 만들거나 또는 대도심에 이 호선 삼 호선 사 호선 같은 철도만을 만들 것이 아니라 격오지나 도회지 사람들에 교통 수단에 발이 되어 줬으면 합니다. 예를 들어 산골이나 시골에 버스가 자주 안 다니는 곳에 모노레일을 만든다던가 아니면 산 높은 곳에 사는 사람들을 위한 정기적인 모노레일을 건설하는 것도 좋은 방법인 것 같습니다. 모노레일 하나만 있으면 하루 종일 운행을 해 봐야 전기세도 많이 안 나오고 많은 사람들이 이용하지는 않지만 적은 사람들에 불편을 해소해 줄 수 있습니다. 특히 대도심에 트램을 건설할 게 아니라 지방 도시나 소도시에 트램을 건설하여 버스나 교통 수단이 없는 곳에 발 빠르게 움직일 수 있는 발이 되어 주길 바랍니다.","wordCount":108},"emotion":[],"intent":[{"text":"","expression":"","category":"attitude"}],"summary":{"text":"국가철도공단이 돈이 많이 되는 고속 철도만을 만들 것이 아니라 격오지나 도회지 사람들에 교통 수단에 발이 되어 줬으면 합니다. 모노레일 하나만 있으면 적은 사람들에 불편을 해소해 줄 수 있습니다. 특히 지방 도시나 소도시에 트램을 건설하길 바랍니다.","wordCount":35}}},"rawDataInfo":{"question":{"fileFormat":"wav","fileSize":513998,"duration":16059,"samplingBit":16,"channelCount":1,"samplingRate":"16kHz","audioPath":"/Mock/03.PublicService/Male/Experienced/ckmk_q_ps_m_e_177458.wav"},"answer":{"fileFormat":"wav","fileSize":1838798,"duration":57460,"samplingBit":16,"channelCount":1,"samplingRate":"16kHz","audioPath":"/Mock/03.PublicService/Male/Experienced/ckmk_a_ps_m_e_177458.wav"}}}