{"version":"1.0","dataSet":{"info":{"date":"20230116","occupation":"PS","channel":"MOCK","place":"ONLINE","gender":"MALE","ageRange":"45-54","experience":"EXPERIENCED"},"question":{"raw":{"text":"지원자님께서 생각하시기에 창의성과 팀워크 중에서 어떤 게 더 중요하다고 생각하십니까 그렇다면 중요하게 생각하는 그 분야의 근거도 함께 들어서 말씀해 주십시오","wordCount":20},"emotion":[],"intent":[]},"answer":{"raw":{"text":"팀워크라고 생각합니다. 다른 업도 아니고 제가 하는 업은 제가 가진 업무는 팀워크가 그 무엇보다 그 어떤 것보다 제일 중요합니다. 네 오 그냥 처음 수술 들어가는 그 순간부터 사실 그 수술 수술실 전부터 환자도 팀워크에 포함됩니다. 환자가 자기를 어떤 상태로 준비를 하고 병원을 오느냐에 따라서 하늘과 땅 차이입니다. 하늘과 땅보다 더 가파른 그 무언가의 차이입니다. 네 시간 싸움이기도 하고 시간도 우리와 팀워크가 잘 맞아야 되구요. 어 수술방이라는 그 공간도 저희와 잘 궁합이 맞아야 되구요. 모든 것이 중요합니다. 창의성 그것도 뭐 당연히 어 의사 한 사람으로서의 창의성도 중요하긴 하겠지만 그게 팀워크보다 우선시 될 수는 없습니다. 그거는 어 수술로 네 수술을 하는 것으로 환자를 돌보려고 하는 살리려고 하는 의자의 의사의 마음가짐이라고는 볼 수 없습니다.","wordCount":111},"emotion":[],"intent":[{"text":"다른 업도 아니고   제가 하는 업은 제가 가진 업무는 팀워크가   그 무엇보다 그 어떤 것보다 제일 중요합니다.","expression":"c_cop","category":"personality"},{"text":"창의성 그것도 뭐 당연히 어 의사 한 사람으로서의 창의성도 중요하긴 하겠지만 그게 팀워크보다 우선시 될 수는 없습니다.","expression":"c_cop","category":"personality"}],"summary":{"text":"의사 한 사람으로서의 창의성도 중요하나 팀워크보다 우선시 될 수는 없습니다. 수술하는 것으로 환자를 돌보려고 하는 의사의 마음가짐이라고는 볼 수 없기 때문입니다.","wordCount":21}}},"rawDataInfo":{"question":{"fileFormat":"wav","fileSize":529998,"duration":16560,"samplingBit":16,"channelCount":1,"samplingRate":"16kHz","audioPath":"/Mock/03.PublicService/Male/Experienced/ckmk_q_ps_m_e_112034.wav"},"answer":{"fileFormat":"wav","fileSize":2839758,"duration":88740,"samplingBit":16,"channelCount":1,"samplingRate":"16kHz","audioPath":"/Mock/03.PublicService/Male/Experienced/ckmk_a_ps_m_e_112034.wav"}}}