{"version":"1.0","dataSet":{"info":{"date":"20230116","occupation":"PS","channel":"MOCK","place":"ONLINE","gender":"MALE","ageRange":"35-44","experience":"EXPERIENCED"},"question":{"raw":{"text":"지원자님께서 오늘 면접 이후 우리 회사에 들어오시게 된다면 가장 가고 싶은 부서가 어떤 부서인지 왜 그렇게 생각하시는지 이유를 함께 말씀 부탁드립니다","wordCount":21},"emotion":[],"intent":[]},"answer":{"raw":{"text":"저는 개발 부서에 가서 제품에 대한 개발 및 연구를 하고 싶습니다. 우리가 일반적으로 말하는 알엔디 리서치 앤 디벨롭먼트 센터에 들어가서 우리 회사에서 가지고 있는 제품의 문제점을 개선하거나 아니면 현재 빅 데이터와 에이아이 딥 러닝 같은 제품을 개발을 해서 고객들에게 제공하고 싶습니다. 현재 요즘은 디지털 트랜스포메이션으로 완전히 전환이 되면서 기존의 아날로그 방식이나 단순한 디지털 프로그램을 가지고는 고객에게 니즈를 맞출 수가 없습니다. 하지만 요즘은 바이두나 구글이나 애플과 같은 회사에서 자율주행 및 모든 인공지능 서비스를 통하여 고객에게 만족도를 높이는 제품들을 선보이고 있습니다. 예를 들어 의료기기 피부과 장비 중에 얼굴에 있는 피부에 나이를 측정해서 어떤 피부에 당신의 피부에 맞는 화장품이 어떤 건지를 온라인에서 골라 줍니다. 그리고 화장품을 어떻게 써야 하는지 하루에 몇 분씩 화장을 하고 세수를 하고 클렌징을 해야 되는지 그리고 어떤 클렌징 크림을 써야 되는지까지 모든 걸 맞춤형으로 알려주고 이렇게 화장품 또는 이렇게 클렌징을 했을 때 당신의 피부가 일 년 후에 어떻게 될 것이라고 하는 예상치까지 인공지능으로 전부 다 보여줘서 많은 신뢰를 줄 수 있었습니다.","wordCount":152},"emotion":[],"intent":[{"text":"","expression":"","category":"attitude"}],"summary":{"text":"현재 디지털 트랜스포메이션으로 완전히 전환이 되면서 기존의 아날로그 방식이나 단순한 디지털 프로그램을 가지고는 고객에게 니즈를 맞출 수가 없습니다. 하지만 최근 바이두나 구글이나 애플과 같은 회사에서 자율주행 및 모든 인공지능 서비스를 통하여 고객에게 만족도를 높이는 제품들을 내놓고 있어 많은 신뢰를 줄 수 있었습니다.","wordCount":42}}},"rawDataInfo":{"question":{"fileFormat":"wav","fileSize":454478,"duration":14200,"samplingBit":16,"channelCount":1,"samplingRate":"16kHz","audioPath":"/Mock/03.PublicService/Male/Experienced/ckmk_q_ps_m_e_166982.wav"},"answer":{"fileFormat":"wav","fileSize":2716878,"duration":84900,"samplingBit":16,"channelCount":1,"samplingRate":"16kHz","audioPath":"/Mock/03.PublicService/Male/Experienced/ckmk_a_ps_m_e_166982.wav"}}}