{"version":"1.0","dataSet":{"info":{"date":"20230116","occupation":"PS","channel":"MOCK","place":"ONLINE","gender":"MALE","ageRange":"35-44","experience":"EXPERIENCED"},"question":{"raw":{"text":"만약 일을 하던 중 팀 동료와 불화가 생기게 되었습니다 이 때 어떻게 해결하실지 그 해결법과 그렇게 해결하시는 이유에 대해서 설명해 주세요","wordCount":21},"emotion":[],"intent":[]},"answer":{"raw":{"text":"어떤 팀원과 일을 하더라도 각각의 문제는 발생하게 돼 있습니다. 불화의 원인이 어디서 발생했는지를 정확하게 파악하고 그것을 파악한 다음에 개인적인 문제인지 구조적인 문제인지 서로 간에 타협점을 못 찾은 건지에 대해 파악을 먼저 해야 됩니다. 예를 들어서 개인적인 성향이 강하거나 이기적인 성향이 강한 사람보고는 어떤 일을 하더라도 반드시 불화가 발생할 수 밖에 없습니다. 이유는 자기 일도 제대로 안 하거나 자기 일만 하고 중간에 중첩된 일에 대해서는 전부 다 던지는 경향이 있기 때문입니다. 이런 사람은 각각의 팀장이나 또는 부서장에게 얘기해서 시정할 것을 강력하게 요청해야 됩니다. 또는 서로 문제 없이 일을 했는데 회사 자체에 문제가 발생했거나 정책에 문제가 있을 경우는 가장 윗선인 대표이사 또는 본부장에게 요청을 해야 됩니다. 예를 들어서 저는 마케팅비 오천만 원을 써야 되고 저쪽에서는 예산을 사천만 원 밖에 줄 수 없다 이것은 회사 자체에 문제이기 때문에 회사에서 명확한 지시를 전달해 줘야 됩니다. 예를 들어 사천 오백만 원에 무조건 해결을 해라 아니면 오천만 원을 해라 라고 하는 명확한 명령 하달이 있어야 어떤 직원들도 불만 없이 그 업무를 수행할 수 있기 때문입니다.","wordCount":159},"emotion":[],"intent":[{"text":"불화의 원인이 어디서 발생했는지를 정확하게 파악하고 그것을 파악한 다음에 개인적인 문제인지   구조적인 문제인지 서로 간에 타협점을 못 찾은 건지에 대해 파악을 먼저 해야 됩니다.","expression":"c_confl_mg","category":"personality"}],"summary":{"text":"어떤 팀원과 일을 하더라도 불화의 원인이 어디서 발생했는지를 정확하게 파악하고 그 다음에 개인적인 문제인지 구조적인 문제인지 서로 간에 타협점을 못 찾은 건지에 대해 파악을 먼저 해야 됩니다. 어떤 직원들도 불만 없이 그 업무를 수행할 수 있기 때문입니다.","wordCount":37}}},"rawDataInfo":{"question":{"fileFormat":"wav","fileSize":397838,"duration":12430,"samplingBit":16,"channelCount":1,"samplingRate":"16kHz","audioPath":"/Mock/03.PublicService/Male/Experienced/ckmk_q_ps_m_e_177456.wav"},"answer":{"fileFormat":"wav","fileSize":2609038,"duration":81530,"samplingBit":16,"channelCount":1,"samplingRate":"16kHz","audioPath":"/Mock/03.PublicService/Male/Experienced/ckmk_a_ps_m_e_177456.wav"}}}