{"version":"1.0","dataSet":{"info":{"date":"20230116","occupation":"PS","channel":"MOCK","place":"ONLINE","gender":"MALE","ageRange":"55-","experience":"EXPERIENCED"},"question":{"raw":{"text":"면접자님께서는 현재 공부하고 계신 게 있다면 왜 그것을 공부하고 있는지와 지금까지 어떠한 공부를 했는지도 설명 부탁드립니다","wordCount":16},"emotion":[],"intent":[]},"answer":{"raw":{"text":"아 제가 요즘에 그 편집 프로그램을 어 천천히 배우고 있습니다. 정말 정말 천천히 배우고 있어요. 네 그러니까 진짜 잘 모른다는 건데요 아직도 배우고는 있지만. 음 이제 누구나 다 지금 시대는 누구나 다 방송인이 될 수 있는 시 시대이잖아요. 저도 인터넷 그 저만의 인터넷 동영상 사이트에서 저만의 채널을 조금 만들어볼까 하는 작은 소망을 가지고 있어서 오래되지는 않았어요. 이 소망이 근데 마음이 어느 순간 그게 들어오니까 나도 진짜 해볼까 이게 생기더라고요. 그래서 제가 그냥 혼자 준비하고 있는 건 저는 그 만화책 제가 만화책을 좋아해서 그 만화책 리뷰를 하는 채널을 해볼까 생각하고 있습니다. 만화책도 제가 소장하고 있는 게 많아서 괜찮지 않을까요. 네 좋을 것 같습니다 그것도.","wordCount":103},"emotion":[],"intent":[{"text":"","expression":"","category":"attitude"}],"summary":{"text":"누구나 다 방송인이 될 수 있는 시대이기 때문에 저만의 채널을 만들어보자 하는 작은 소망이 생겼습니다. 그래서 혼자 준비하고 있는 건 제가 만화책을 좋아해서 그 만화책 리뷰를 하는 채널을 만들어보고 싶습니다.","wordCount":30}}},"rawDataInfo":{"question":{"fileFormat":"wav","fileSize":441358,"duration":13790,"samplingBit":16,"channelCount":1,"samplingRate":"16kHz","audioPath":"/Mock/03.PublicService/Male/Experienced/ckmk_q_ps_m_e_179339.wav"},"answer":{"fileFormat":"wav","fileSize":2890318,"duration":90320,"samplingBit":16,"channelCount":1,"samplingRate":"16kHz","audioPath":"/Mock/03.PublicService/Male/Experienced/ckmk_a_ps_m_e_179339.wav"}}}