{"version":"1.0","dataSet":{"info":{"date":"20230116","occupation":"PS","channel":"MOCK","place":"ONLINE","gender":"MALE","ageRange":"55-","experience":"EXPERIENCED"},"question":{"raw":{"text":"말씀하시는 걸 보니 책임감도 굉장히 강하시고 또 나이에 비해 여러 가지 경험이 풍부하신데 혹시 다른 사람을 도운 경험이 있다면 그중에 가장 기억에 남았던 건 어떤 게 있었나요","wordCount":27},"emotion":[],"intent":[]},"answer":{"raw":{"text":"어 음 제가 굉장히 오랫동안 어 비공개로 후원을 했던 아이들이 있는데요. 그까 익명으로 익명으로 저는 어릴 때부터인가 초등학교 학교 저학년 때부터 제가 후원을 해왔었고 사실 익명이기 때문에 뭐 그 아이들의 근황을 제가 받아볼 뿐이지 그까 중간에 전달을 받을 뿐이지 직접적으로 뭐 제가 마 마주 한다던가 이런 거는 없었었는데 네 근데 어느 순간 이제 크고서 제가 커서도 저는 네 후원을 쪼금 했었기 때문에 그 성년이 되고서 성인이 될 때까지 후원이라서 성년이 되고 나서 대학교 그때가 막 대학교 삼 학년이라고 했을 거예요. 그 친구가 연락을 줬어요. 네 그 네 업체 근까 업체라고 하면 그렇지만 후원 단체 통해서 연락을 편지를 줘서 감사 인사를 준 직접 쓴 손 편지와 이제 본인의 사진 이런 것들을 제가 전달을 받고 되게 뿌듯했던 기억이 있습니다.","wordCount":117},"emotion":[],"intent":[{"text":"","expression":"","category":"attitude"}],"summary":{"text":"제가 오랫동안 비공개로 후원을 했던 아이들이 있습니다. 제가 어릴 때부터인가 초등학교 저학년 때부터 후원을 해왔고 아이들의 근황을 받아볼 뿐이었는데, 성인이 될 때까지 후원이라서 성년이 되고 나서 대학교 삼학년 때 친구가 연락을 해왔습니다. 그 친구가 감사 인사를 준 손 편지와 본인의 사진을 전달을 받고 뿌듯했던 기억입니다.","wordCount":45}}},"rawDataInfo":{"question":{"fileFormat":"wav","fileSize":634638,"duration":19830,"samplingBit":16,"channelCount":1,"samplingRate":"16kHz","audioPath":"/Mock/03.PublicService/Male/Experienced/ckmk_q_ps_m_e_160779.wav"},"answer":{"fileFormat":"wav","fileSize":2825358,"duration":88290,"samplingBit":16,"channelCount":1,"samplingRate":"16kHz","audioPath":"/Mock/03.PublicService/Male/Experienced/ckmk_a_ps_m_e_160779.wav"}}}