{"version":"1.0","dataSet":{"info":{"date":"20230116","occupation":"PS","channel":"MOCK","place":"ONLINE","gender":"MALE","ageRange":"35-44","experience":"EXPERIENCED"},"question":{"raw":{"text":"지금 읽고 계신 책이 있나요 있으면 무슨 책인지 알려주세요 왜 그 책을 읽으시는지도 함께 말씀해 주세요","wordCount":16},"emotion":[],"intent":[]},"answer":{"raw":{"text":"저는 요즘 시크릿 끌어당김의 법칙이라는 책을 지속적으로 몇 번씩 되 내어서 있습니다. 끌어당김의 법칙은 더 로어 트랙션이라고 해서 사람은 자기가 원하는 어떤 것을 지속적으로 원하고 말하고 주문하고 생각하면 거기에 맞는 진동수에 맞게 그것들이 따라온다는 것입니다. 약간 미신적이고 말도 안되는 자기 쇄뇌에 대한 것처럼 보이지만 실제로 이것은 무의식에서 내가 지속적으로 그것을 원하면 내가 그것을 이루기 위해서 그쪽 방향으로 에너지를 쏟는다 라는 이론과 일맥상통 합니다. 양자 역학에 이론에 의하면 사람은 사람이 원하는 것을 끌어당길 때 내 잠재의식이 지속적으로 그것에 관심을 갖기 때문에 당연히 그 부분에 능숙해질 수 밖에 없다고 하는 이론인데요. 예를 들어 내가 만약에 마케팅에 천재가 되야겠다 라는 관련된 시크릿의 법칙에 대한 내용을 기반으로 주문을 외우거나 자기 긍정 확언문을 하면 저는 자나깨나 마케팅 관련된 책을 읽거나 마케팅 관련된 유튜브나 동영상 강의 만을 볼 것입니다. 그러면 마케팅에 관심이 없는 사람 또는 업무 때만 쓰던 사람 보다는 당연히 그 부분에 전문가가 될 것이고 많은 지식과 경험을 쌓기 때문에 그 후에 오 년 후 십 년에는 아웃 라이어라고 하는 전문가가 될 수 밖에 없는 게 이 시크릿 법칙의 핵심입니다.","wordCount":165},"emotion":[{"text":"끌어당김의 법칙은 더 로어 트랙션이라고 해서 사람은 자기가   원하는 어떤 것을 지속적으로 원하고 말하고 주문하고 생각하면 거기에 맞는   진동수에 맞게 그것들이 따라온다는 것입니다.","expression":"u-fact","category":"neutral"}],"intent":[{"text":"","expression":"","category":"attitude"}],"summary":{"text":"시크릿 끌어당김의 법칙은 더 로어 트랙션이라 하여 사람이 원하는 것을 지속적으로 원하고 말하고 주문하고 생각하면 진동수에 맞게 그것들이 따라온다는 이론입니다. 양자 역학에 이론에 의하면 사람은 잠재의식이 지속적으로 그것에 관심을 갖기 때문에 당연히 그 부분에 능숙해질 수 밖에 없습니다. 이 법칙의 핵심입니다.","wordCount":41}}},"rawDataInfo":{"question":{"fileFormat":"wav","fileSize":373838,"duration":11680,"samplingBit":16,"channelCount":1,"samplingRate":"16kHz","audioPath":"/Mock/03.PublicService/Male/Experienced/ckmk_q_ps_m_e_166363.wav"},"answer":{"fileFormat":"wav","fileSize":2785998,"duration":87060,"samplingBit":16,"channelCount":1,"samplingRate":"16kHz","audioPath":"/Mock/03.PublicService/Male/Experienced/ckmk_a_ps_m_e_166363.wav"}}}