{"version":"1.0","dataSet":{"info":{"date":"20230116","occupation":"PS","channel":"MOCK","place":"ONLINE","gender":"MALE","ageRange":"45-54","experience":"EXPERIENCED"},"question":{"raw":{"text":"만약에 어 이직을 생각하는 동료를 만나게 된다면 어 어떻게 말씀을 하실지 어 이유도 함께 어 설명 부탁드립니다","wordCount":17},"emotion":[],"intent":[]},"answer":{"raw":{"text":"뭘 뭐라고 얘기를 하겠어요. 네 뭐가 됐든 너의 선택을 응원한다 어디 가서든 화이팅 .이렇게 얘기를 할 것 같은데. 왜 이렇게 얘기를 하겠어요 그 사람을 응원하니까죠. 너무 당연한 질문인데요. 그렇잖아요. 뭐 저는 우선 그 사람의 가족도 아니고 부모도 아니고 저는 그리고 제 가족이나 만약에 제 자식이 그런다고 해도 똑같을 거예요. 네 그 사람의 인생이고 그 사람이 하고 싶은 걸 하고자 하는 거를 네 그 생각이 있는데 그걸 따라주는 실천력까지 있으니 얼마나 완벽합니까. 그거는 또 보통의 어 용감함 그리고 자신감으로는 또 안 되거든요. 그래서 정말 대단한 그건 결정이고 멋지다고 생각해요. 그래서 무조건적으로 어떠한 다른 부분 없이 사심 없이 백 프로 순수하게 응원합니다. 네","wordCount":101},"emotion":[],"intent":[{"text":"","expression":"","category":"attitude"}],"summary":{"text":"어떤 것이든 선택을 응원한다고 얘기 할 것 같은데, 왜 이렇게 얘기를 하죠? 그 사람을 응원하기 때문이죠. 그 사람의 인생이고 그 사람이 하고 싶은 걸 하고자 하는 생각을 따라주는 실천력까지 있으니 완벽합니다.","wordCount":31}}},"rawDataInfo":{"question":{"fileFormat":"wav","fileSize":530958,"duration":16590,"samplingBit":16,"channelCount":1,"samplingRate":"16kHz","audioPath":"/Mock/03.PublicService/Male/Experienced/ckmk_q_ps_m_e_179549.wav"},"answer":{"fileFormat":"wav","fileSize":2823758,"duration":88240,"samplingBit":16,"channelCount":1,"samplingRate":"16kHz","audioPath":"/Mock/03.PublicService/Male/Experienced/ckmk_a_ps_m_e_179549.wav"}}}