{"version":"1.0","dataSet":{"info":{"date":"20230116","occupation":"PS","channel":"MOCK","place":"ONLINE","gender":"MALE","ageRange":"35-44","experience":"EXPERIENCED"},"question":{"raw":{"text":"본인이 스스로 그동안 인생에서 겪었던 갈등들 중에서 가장 심각했던 갈등은 무엇이었는지 궁금합니다 그 경험 중 한 가지만 골라서 말씀해 주시길 바랍니다","wordCount":21},"emotion":[],"intent":[]},"answer":{"raw":{"text":"어 제가 이제 인생에서 겪었던 갈등 중에서 제일 심하게 겪었던 갈등이라고 하자면은 아 그게 제일 기억에 남는 것 같습니다. 사실은 제가 사회에 나오기 전에 이제 군 생활을 좀 오래 했습니다. 이제 직업 군인의 길을 선택해서 군 생활을 하던 중에 장기 복무도 되고 해서 계속 군인으로 남으려고 노력을 했었는데 어느 순간 좀 회의감이 들고 사회에 나와서도 뭐 하고 싶은 일 꿈을 좀 펼쳐보고 싶은 마음이 들었습니다. 그때 이제 제 인생에서 가장 큰 갈등 고민을 많이 했었던 시기였던 거 같습니다. 그때 거기서 이루지 못했던 것들이 이제 이루다 보니까 어 이제 전역의 길과 사회에서의 꿈을 펼치는 길과 군인으로서의 안정된 길 그 두 가지를 갖고 심하게 갈등을 했었는데 지금 현재는 그 갈등 속에서 일단은 전역하는 거를 결심해서 나왔고 또 그래서 이제 전 회사에서도 어 한 오 년 정도 다니다 보았는데 그때 정말 제 인생에 있어서 제일 큰 결심과 큰 고민 큰 갈등 중에 결심을 했던 거 같습니다. 그 부분이 있어서 가장 기억에 남는 경험이었던 것 같습니다. 이상입니다.","wordCount":153},"emotion":[],"intent":[{"text":"","expression":"","category":"attitude"}],"summary":{"text":"제가 가장 많이 갈등했던 갈등은 전역의 길과 사회에서의 꿈과 군인으로서의 안정된 길 두 가지를 갖고 심하게 갈등을 했었는데 지금 현재는 그 갈등 속에서 전역하는 것을 결심해서 나왔고 제 인생에 제일 큰 결심과 큰 고민 중 결심을 했던 거 같습니다. ","wordCount":39}}},"rawDataInfo":{"question":{"fileFormat":"wav","fileSize":595278,"duration":18600,"samplingBit":16,"channelCount":1,"samplingRate":"16kHz","audioPath":"/Mock/03.PublicService/Male/Experienced/ckmk_q_ps_m_e_191911.wav"},"answer":{"fileFormat":"wav","fileSize":2703438,"duration":84480,"samplingBit":16,"channelCount":1,"samplingRate":"16kHz","audioPath":"/Mock/03.PublicService/Male/Experienced/ckmk_a_ps_m_e_191911.wav"}}}