{"version":"1.0","dataSet":{"info":{"date":"20230116","occupation":"PS","channel":"MOCK","place":"ONLINE","gender":"MALE","ageRange":"-34","experience":"EXPERIENCED"},"question":{"raw":{"text":"지원자님께서는 팀장에 더 잘 맞을 것 같으세요 아니면 팀원에 더 잘 맞을 것 같으세요 또한 그렇게 생각하시는 이유도 함께 말씀해 주세요","wordCount":21},"emotion":[],"intent":[]},"answer":{"raw":{"text":"저는 기본적으로 제가 책임감이 강하다 고 생각을 하고 있습니다. 그래서 누구 밑에 있어서 그런 것을 일을 받는 입장에 있다 보면은 어느 순간에 제가 답답함을 느껴요. 답답함을 느끼면서 동시에 아 이 일은 이렇게 하면 안 되지 라는 그런 생각을 이렇게 자주 하게 돼요. 그러다보니까 저는 빨리 올라가서 제가 어떤 그룹의 장이 되어서 그룹의 어떤 결정을 이렇게 지을 수 있는 결정지을 수 있는 그런 위치에 올라가기 위해서 항상 노력을 했던 것 같에요. 그것은 저의 어떤 책임감 때문인 것 같은데 그 책임감들이 그 책임감들이 이제 팀원들에게 어떤 지시를 하게 하는 것이 아니라 책임감을 갖고 어떻게 하면은 우리 팀원과 나의 어떤 의견이 합치가 이루어져 가지고 우리가 이 문제를 잘 해결해 나갈 수 있을까 라는 것을 항상 같이 머리를 맞대고 고민하는 그런 과정이 저에겐 소중했기 때문에 팀원으로 일하는 것보다는 항상 저는 팀장의 자리에서 같이 이렇게 이겨내는 것들을 항상 해왔었어요. 무시할 수 없는 제 안에 있는 책임감 때문에.","wordCount":142},"emotion":[],"intent":[{"text":"","expression":"","category":"attitude"}],"summary":{"text":"저는 팀원으로 일하는 것보다는 팀장의 자리에서 같이 이겨내는 것들을 항상 해왔었는데 그 책임감 때문에 무시할 수 없는 제 안에 있는 책임감 때문에 항상 노력을 했던 것 같습니다.","wordCount":27}}},"rawDataInfo":{"question":{"fileFormat":"wav","fileSize":610638,"duration":19080,"samplingBit":16,"channelCount":1,"samplingRate":"16kHz","audioPath":"/Mock/03.PublicService/Male/Experienced/ckmk_q_ps_m_e_199752.wav"},"answer":{"fileFormat":"wav","fileSize":2855758,"duration":89240,"samplingBit":16,"channelCount":1,"samplingRate":"16kHz","audioPath":"/Mock/03.PublicService/Male/Experienced/ckmk_a_ps_m_e_199752.wav"}}}