{"version":"1.0","dataSet":{"info":{"date":"20230116","occupation":"PS","channel":"MOCK","place":"ONLINE","gender":"MALE","ageRange":"35-44","experience":"EXPERIENCED"},"question":{"raw":{"text":"과거 프로젝트를 수행했던 경험이 있나요 있다면 프로젝트 내에서 어떤 역할을 맡으셨는지 설명해 주세요","wordCount":13},"emotion":[],"intent":[]},"answer":{"raw":{"text":"어 뭐 약간 그런 이벤트성적인 프로젝트였는데 그 제가 대학교 때 그 이제 희귀 난치병 이제 친구들 그 소아 소아 난치병 친구들을 위한 그런 행사로 한강 건너 그 한강을 헤엄쳐서 건너는 그런 프로젝트가 있었어요. 그래서 그때 이제 그게 기부 형식이었기 때문에 그 제가 그거를 달성을 하면은 그 걸로 인한 어떤 일정 금액이 기부가 되는 그런 형식이었기 때문에 어 그거를 이제 대학교 때 게시판에서 보고 친구들이랑 같이 지원을 해서 그래서 그 지원을 해서 그걸 위해서 엄청 체력을 길렀었죠 그때. 그래서 수영부터 시작해서 뭐 뭐 당 수영은 뭐 원래도 할 줄 알긴 했지만 수학 수영 실력을 더 다듬기 위해서도 그렇고 여러 부분으로 그거를 하기 위해서 노력을 친구들과 해서 해냈고 그래서 기부할 때 제 이름이 들어가고 그랬던 기억이 있습니다.","wordCount":115},"emotion":[],"intent":[{"text":"","expression":"","category":"attitude"}],"summary":{"text":"제가 대학교 때 소아 난치병 친구들을 위한 행사로 한강을 헤엄쳐서 건너는 프로젝트가 있었는데, 그것을 달성을 하면은 그로 인한 일정 금액이 기부되는 형식이었기 때문에 친구들이랑 같이 지원을 해서 엄청 체력을 길렀습니다.","wordCount":30}}},"rawDataInfo":{"question":{"fileFormat":"wav","fileSize":326478,"duration":10200,"samplingBit":16,"channelCount":1,"samplingRate":"16kHz","audioPath":"/Mock/03.PublicService/Male/Experienced/ckmk_q_ps_m_e_156822.wav"},"answer":{"fileFormat":"wav","fileSize":2910798,"duration":90960,"samplingBit":16,"channelCount":1,"samplingRate":"16kHz","audioPath":"/Mock/03.PublicService/Male/Experienced/ckmk_a_ps_m_e_156822.wav"}}}