{"version":"1.0","dataSet":{"info":{"date":"20230116","occupation":"PS","channel":"MOCK","place":"ONLINE","gender":"MALE","ageRange":"45-54","experience":"EXPERIENCED"},"question":{"raw":{"text":"본인이 최근에 본 뉴스들 중에 가장 인상 깊었던 뉴스는 무엇인가요 왜 그 뉴스가 인상 깊었는지 그 이유도 같이 말씀해 주세요","wordCount":20},"emotion":[],"intent":[]},"answer":{"raw":{"text":"음 네 오늘 본 기사였는데요. 그러니까 한 이 삼 일 전쯤에 그거를 봤었어요. 아들이 이제 계속 엄마를 폭행해 온 아버지를 흉기로 살해하게 된 그러한 사건 내 내용을 제가 읽었었었는데 쫌 아까 본 기사가 이제 동일한 그 사건인데 네 그 아버지의 죽음의 원인이 다른 거로 이제 밝혀졌다면서 다시 뉴스가 기사가 났더라고요. 그런데 그게 충격적이게도 이제 엄마가 이제 계속 자신을 무시해 온 남편에 대한 복수를 이 남편을 살해하고자 했지만 계속 번번이 실패하자 아들에게 사례를 제안을 해서 공모를 해서 죽였다가 내막이라고 하는데 참 진짜 뭐 어쨌든 아버지도 잘못을 했고 하지만 그 엄마도 어떻게 아들을 살인자로 만들 생각을 하는지 정말 충격적이었어요 저는.","wordCount":98},"emotion":[],"intent":[{"text":"","expression":"","category":"attitude"}],"summary":{"text":"아들이 엄마를 폭행해 온 아버지를 살해한 사건에 대한 기사가 났었는데, 아빠가 잘못을 했지만 엄마도 어떻게 아들을 살인범으로 만들 생각을 하는지 정말 충격이었습니다.","wordCount":22}}},"rawDataInfo":{"question":{"fileFormat":"wav","fileSize":387278,"duration":12100,"samplingBit":16,"channelCount":1,"samplingRate":"16kHz","audioPath":"/Mock/03.PublicService/Male/Experienced/ckmk_q_ps_m_e_179544.wav"},"answer":{"fileFormat":"wav","fileSize":2888718,"duration":90270,"samplingBit":16,"channelCount":1,"samplingRate":"16kHz","audioPath":"/Mock/03.PublicService/Male/Experienced/ckmk_a_ps_m_e_179544.wav"}}}