{"version":"1.0","dataSet":{"info":{"date":"20230116","occupation":"PS","channel":"MOCK","place":"ONLINE","gender":"MALE","ageRange":"35-44","experience":"EXPERIENCED"},"question":{"raw":{"text":"면접자님이 생각했을 때 회사가 가져야 할 덕목이 무엇이라고 생각하시나요 그리고 내가 회사를 들어갔을 때 아 이런 회사가 정말 좋은 것 같다 어떤 회사가 좋은 회사다 라고 생각하는지 말씀 좀 부탁드리겠습니다","wordCount":30},"emotion":[],"intent":[]},"answer":{"raw":{"text":"회사는 직원들에게 비전을 제시해야 하고 기회의 균등을 줘야 됩니다. 그리고 적절한 보상안을 통해서 직원들의 만족도를 줘야 할 것입니다. 예전에는 워라벨이라는 것이 아예 지켜지지 않았습니다. 하지만 요즘은 일과 삶과 모든 것이 균형이 돼야 직원들이 오랫동안 다닐 수 있습니다. 무조건 회사에서 월급 주니까 시키는 대로 해 가 아니라 어떻게 적정한 보상을 할 것이고 회사가 어떻게 오 년 후 십 년 후에 정확한 비전을 제시할 수 있을지를 보여줘야 직원들도 회사를 믿고 함께 나아갈 수 있습니다. 예전에는 그냥 누군가 하나만 잘하면 회사가 살겠지 라고 했지만 이제 모든 글로벌 회사들의 캐치프레이즈는 상생이고 공생입니다. 상생은 서로 살아가는 것이고 공생은 서로 돕는 것입니다. 회사도 직원들을 도와야 하고 직원도 회사를 도와야 합니다. 그리고 회사도 기회의 균등을 줘야 합니다. 누구는 공채 출신이고 누구는 사 년제 출신이니 누구는 박사 출신이니 조금 더 누구는 누구의 라인이고 사장님과 친하니 이렇게 기회를 주는 것보다 그 사람의 능력과 태도와 성과와 앞으로의 미래 지향적인 어떤 창의적인 아이디어로 새로운 부서 새로운 프로젝트에 기회를 줄 수 있었으면 좋겠습니다.","wordCount":151},"emotion":[{"text":"회사도 직원들을 도와야 하고 직원도 회사를 도와야 합니다.","expression":"u-belief","category":"neutral"}],"intent":[{"text":"회사는 직원들에게 비전을 제시해야 하고 기회의 균등을 줘야 됩니다.","expression":"c_value","category":"background"},{"text":"하지만 요즘은 일과 삶과 모든 것이 균형이 돼야 직원들이 오랫동안 다닐 수 있습니다.","expression":"c_value","category":"background"},{"text":"무조건 회사에서 월급 주니까 시키는 대로 해 가 아니라 어떻게 적정한 보상을 할 것이고 회사가 어떻게 오 년 후 십 년 후에   정확한 비전을 제시할 수 있을지를 보여줘야 직원들도 회사를 믿고 함께 나아갈 수 있습니다.","expression":"c_value","category":"background"}],"summary":{"text":"모든 글로벌 회사들의 캐치프레이즈는 상생이고 공생입니다. 회사도 직원들을 도와야 하고 직원도 회사를 도와줘야 합니다. 그리고 회사도 기회의 균등을 줘야 합니다. 그 사람의 능력과 태도와 성과와 미래 지향적인 어떤 창의적인 아이디어로 새로운 부서 새로운 프로젝트에 기회를 줄 수 있었으면 좋겠습니다.","wordCount":39}}},"rawDataInfo":{"question":{"fileFormat":"wav","fileSize":576078,"duration":18000,"samplingBit":16,"channelCount":1,"samplingRate":"16kHz","audioPath":"/Mock/03.PublicService/Male/Experienced/ckmk_q_ps_m_e_166369.wav"},"answer":{"fileFormat":"wav","fileSize":2643278,"duration":82600,"samplingBit":16,"channelCount":1,"samplingRate":"16kHz","audioPath":"/Mock/03.PublicService/Male/Experienced/ckmk_a_ps_m_e_166369.wav"}}}