{"version":"1.0","dataSet":{"info":{"date":"20230116","occupation":"PS","channel":"MOCK","place":"ONLINE","gender":"MALE","ageRange":"55-","experience":"EXPERIENCED"},"question":{"raw":{"text":"면접자 본인에게 있어 사회에서 가장 힘들었던 경험은 언제였으며 가장 보람 있었던 경험은 언제였는지 설명해 주시겠습니까","wordCount":15},"emotion":[],"intent":[]},"answer":{"raw":{"text":"뭐 네 저는 숙박업이니까 정말 난장판을 치고 갔을 때 이게 근데 빠른 시간 안에 복구가 되지 않는 정도의 난이도로 난리를 쳐 놓고 갔을 때 그러는 그래 놓고 연락하면 발뺌하고 뻔뻔하게 나올 때 정말 지치죠 그런 상황은. 근데 왕왕 있어요 이런 경우가 뭔가 사람에 지치게 되는 경우 그런 경우들은. 다음 손님 받느라 치워야 될 시간도 적은데 그 빠듯한 시간 안에 해내야 되니까. 그런 적도 있고 보람이 있는 것도 근데 또 손님들이 이제 잘 묵고 간다면서 네 뭐 이렇게 또 한 소정의 선물을 또 해주실 때 그까 선물이 좋은 게 아니라 그냥 그 마음이 너무 고맙잖아요. 그리고 또 희한하게 또 그런 분들이 들어가서 보면 참 깔끔하게 네 쓰셨어요. 그래서 치울 것도 거의 없고 네 그냥 다 한 번 청소만 다 싹 하고 나오면 되고 또 사람의 또 치유도 받고 그런 반복이었어요 저는.","wordCount":130},"emotion":[{"text":"뭐 네 저는 숙박업이니까   정말 난장판을 치고 갔을 때 이게 근데 빠른 시간 안에 복구가 되지 않는 정도의 난이도로   난리를 쳐 놓고 갔을 때 그러는 그래 놓고 연락하면   발뺌하고 뻔뻔하게 나올 때 정말 지치죠 그런 상황은.","expression":"n-distress","category":"negative"},{"text":"그런 적도 있고 보람이 있는 것도 근데 또 손님들이 이제 잘 묵고 간다면서   네 뭐 이렇게 또 한 소정의 선물을 또 해주실 때 그까 선물이 좋은 게 아니라 그냥 그 마음이 너무 고맙잖아요.","expression":"p-gratitude","category":"positive"}],"intent":[{"text":"","expression":"","category":"attitude"}],"summary":{"text":"숙박업에 난장판을 치고 갔을 때 복구가 되지 않는 수준의 난장판이었을 때 연락하면 뻔뻔한 태도로 나올 때 지치죠 반면에 치울 것도 거의 없고 그냥 청소만 다 하고 나오면 되는 깔끔하게 쓰신 사람의 치유도 받고 그런 반복이었습니다.","wordCount":35}}},"rawDataInfo":{"question":{"fileFormat":"wav","fileSize":440398,"duration":13760,"samplingBit":16,"channelCount":1,"samplingRate":"16kHz","audioPath":"/Mock/03.PublicService/Male/Experienced/ckmk_q_ps_m_e_179656.wav"},"answer":{"fileFormat":"wav","fileSize":2808398,"duration":87760,"samplingBit":16,"channelCount":1,"samplingRate":"16kHz","audioPath":"/Mock/03.PublicService/Male/Experienced/ckmk_a_ps_m_e_179656.wav"}}}