{"version":"1.0","dataSet":{"info":{"date":"20230116","occupation":"PS","channel":"MOCK","place":"ONLINE","gender":"MALE","ageRange":"35-44","experience":"EXPERIENCED"},"question":{"raw":{"text":"만약에 일을 하던 중에 직무가 적성에 맞지 않는다면 지원자님께서는 어떻게 하시겠어요 상황을 가정하고 말씀해 주세요","wordCount":15},"emotion":[],"intent":[]},"answer":{"raw":{"text":"직무가 백 퍼센트 적성에 맞는지 안 맞는지는 최소 육 개월에서 일 년 정도의 시간이 필요하다고 생각합니다. 제가 육 개월에서 일 년 정도 해당 업무를 했는데 이게 죽어도 맞지 않는다면 저는 담당자에게 또는 팀장이나 본부장에게 업무를 교체해 주거나 보직을 전환해 줄 것을 요청할 것입니다. 예를 들어 제가 개발 쪽으로 입사을 했는데 저한테 품질 책임이나 품질 관리에 대해서 업무를 맡겼다면 저는 일단은 이 업무에 대해서 수용을 하고 많이 배워 나갈 것입니다. 왜냐하면 지금 하고 있는 업무가 개발 업무와도 어느 정도 연관이 돼 있고 개발 후에 품질관리 생산관리 그리고 마케팅까지 다 유기적으로 연결이 돼 있기 때문에 어떤 것을 먼저 배워도 생각 상관없다고 생각합니다. 제가 꼭 하고 싶은 업무 적성에 맞는 업무만 한다고 해서 저희 커리아가 엄청나게 발전하지 않을 수도 있고 추후에 관리자로 승급이 되었을 때 내가 했던 업무만 할 줄 알면 다른 업무와 협업이 안 되거나 다른 부서 간에 갈등이 생길 수 밖에 없습니다. 업무에 대한 깊은 이해도와 넓은 경험이 저 자신을 발전시킬 수 있기 때문에 지금 당장 적성에 맞지 않는다고 해서 이 업무를 그만두거나 보직 전환을 요청하기보다는 최소한 그 업무의 전문 분야가 되기까지 노력을 해 볼 것입니다.","wordCount":175},"emotion":[],"intent":[{"text":"예를 들어 제가 개발 쪽으로 입사을 했는데 저한테   품질 책임이나 품질 관리에 대해서 업무를 맡겼다면 저는 일단은 이 업무에 대해서 수용을 하고 많이 배워 나갈 것입니다.","expression":"c_adp","category":"personality"},{"text":"업무에 대한 깊은 이해도와 넓은 경험이 저 자신을 발전시킬 수 있기 때문에 지금 당장 적성에 맞지 않는다고 해서 이 업무를   그만두거나 보직 전환을 요청하기보다는 최소한 그 업무의 전문 분야가 되기까지 노력을 해 볼 것입니다.","expression":"c_adp","category":"personality"}],"summary":{"text":"직무가 적성에 맞는지 안 맞는지는 최소 육 개월에서 일 년 정도의 시간이 필요하다고 생각합니다. 업무에 대한 깊은 이해도와 넓은 경험이 저 자신을 발전시킬 수 있기 때문에 당장 적성에 맞지 않는다고 해서 이 업무를 그만두거나 보직 전환을 요청하기보다는 최소한 그 업무의 전문 분야가 되기까지 노력을 해 볼 것입니다.","wordCount":47}}},"rawDataInfo":{"question":{"fileFormat":"wav","fileSize":477198,"duration":14910,"samplingBit":16,"channelCount":1,"samplingRate":"16kHz","audioPath":"/Mock/03.PublicService/Male/Experienced/ckmk_q_ps_m_e_166977.wav"},"answer":{"fileFormat":"wav","fileSize":2767438,"duration":86480,"samplingBit":16,"channelCount":1,"samplingRate":"16kHz","audioPath":"/Mock/03.PublicService/Male/Experienced/ckmk_a_ps_m_e_166977.wav"}}}