{"version":"1.0","dataSet":{"info":{"date":"20230116","occupation":"PS","channel":"MOCK","place":"ONLINE","gender":"MALE","ageRange":"-34","experience":"EXPERIENCED"},"question":{"raw":{"text":"지원자님께서는 협업을 하실 때 사교성이 좋으신 편인지 궁금하구요 또 본인만의 그런 사교성을 키우기 위해서 어떠한 노력을 해 왔는지도 궁금합니다","wordCount":19},"emotion":[],"intent":[]},"answer":{"raw":{"text":"저는 협업을 할 때 사교성이 좋은 편이라고 생각합니다. 어린 시절부터 낯가림이 심했던 저는 주변 사람들이 별로 없었습니다. 학교 생활을 하며 사회생활을 하는 게 낯가림을 극복해야겠다는 생각이 들었습니다. 이 낯가림을 극복하기 위해 사교 모임이나 초면인 자리에 먼저 다가가 말을 걸고 인사를 건네 놓은 행동들이 저를 더욱더 강하게 만들고 낯가림을 많이 극복하게 만들어주는 경험이 되었습니다. 해보지 않았고 할 수 없을 줄 알았던 저였기에 당연히 실패할 거라 생각했지만 오히려 하다 보니 노하우가 생겨 이제는 낯가림이 많이 줄고 사교성이 많이 좋아 주변 사람들이 많이 생겼습니다.","wordCount":81},"emotion":[],"intent":[{"text":"저는 협업을 할 때 사교성이 좋은 편이라고 생각합니다.","expression":"c_person","category":"background"},{"text":"어린 시절부터 낯가림이 심했던 저는 주변 사람들이 별로 없었습니다.","expression":"c_person","category":"background"}],"summary":{"text":"협업을 할 때 사교성이 좋은 편이라 생각합니다. 어린 시절부터 낯가림이 심했던 저는 학교 생활을 하며 사회생활을 하는 게 극복해야겠다는 생각이 들었고, 사교 모임이나 초면인 자리에 먼저 다가가 인사를 건네는 것이 극복의 경험이 되었습니다.","wordCount":33}}},"rawDataInfo":{"question":{"fileFormat":"wav","fileSize":480718,"duration":15020,"samplingBit":16,"channelCount":1,"samplingRate":"16kHz","audioPath":"/Mock/03.PublicService/Male/Experienced/ckmk_q_ps_m_e_241711.wav"},"answer":{"fileFormat":"wav","fileSize":2406798,"duration":75210,"samplingBit":16,"channelCount":1,"samplingRate":"16kHz","audioPath":"/Mock/03.PublicService/Male/Experienced/ckmk_a_ps_m_e_241711.wav"}}}