{"version":"1.0","dataSet":{"info":{"date":"20230116","occupation":"PS","channel":"MOCK","place":"ONLINE","gender":"MALE","ageRange":"45-54","experience":"EXPERIENCED"},"question":{"raw":{"text":"만약에 회사 입사를 했는데 본인이 하고 싶은 직무 말고 다른 직무를 맡기게 된다면 하실 의향이 있으신가요","wordCount":16},"emotion":[],"intent":[]},"answer":{"raw":{"text":"네 저는 어 경력직으로 경력직으로 지원을 했습니다. 어 제가 경력직으로 지원을 했고 만약에 회사에서 저를 뽑아준다면 그것은 당연히 저의 어 경험과 어 저의 직무 능력과 여태까지 해온 제가 일해 온 그 노하우를 보고 회사에서 저를 뽑았다고 생각을 할 것입니다. 어 그런데 제가 지원한 직무가 아닌 다른 직무를 만약에 회사에서 저한테 주어 주어 이렇게 주신다면 어 그것은 저 개인한테나 회사한테도 옳지 않은 일인 것 같습니다. 회사에서는 그렇다면 저를 뽑을 이유가 없는 것이었고 어 저 개인한테도 저는 경력적으로 지원했고 이 일에 대해서 어 많은 경험과 노하우와 이것을 정말 누구보다 열심히 잘 할 자신이 있어서 지원을 한 것인데 그것을 전부 무시하고 어 저가 뭐 전혀 관계없는 뭐 생산부라든지 이런 데에서 근무를 하게 된다면 저는 아무 것도 할 수가 없습니다. 제 능력을 발휘할 수 없을 뿐만 아니라 어 제가 거기서 뭐 할 수 있는 일이 아무 것도 없을 것 같습니다. 만약에 그런 일이 정말로 발생한다면 어 저는 오 아쉽고 죄송하게도 어 입사를 하지 않을 것 같습니다.","wordCount":152},"emotion":[],"intent":[{"text":"","expression":"","category":"attitude"}],"summary":{"text":"저는 경력직으로 경력직으로 지원했습니다. 그런데 지원한 직무가 아닌 다른 직무를 저한테 주어 주어진다면 저는 입사를 하지 않을 것 같습니다. 저는 경력적으로 지원했고 이 일에 대해서 누구보다 열심히 잘 할 자신이 있어서 지원한 것인데 이것을 전부 무시하고 그냥 생산부 등에서 근무하게 된다면 저는 아무 것도 할 수 없습니다.","wordCount":47}}},"rawDataInfo":{"question":{"fileFormat":"wav","fileSize":398158,"duration":12440,"samplingBit":16,"channelCount":1,"samplingRate":"16kHz","audioPath":"/Mock/03.PublicService/Male/Experienced/ckmk_q_ps_m_e_106128.wav"},"answer":{"fileFormat":"wav","fileSize":2848718,"duration":89020,"samplingBit":16,"channelCount":1,"samplingRate":"16kHz","audioPath":"/Mock/03.PublicService/Male/Experienced/ckmk_a_ps_m_e_106128.wav"}}}