{"version":"1.0","dataSet":{"info":{"date":"20230116","occupation":"PS","channel":"MOCK","place":"ONLINE","gender":"MALE","ageRange":"35-44","experience":"EXPERIENCED"},"question":{"raw":{"text":"지금 면접을 보러 왔는데 오는 도중에 교통사고가 났어요 나는 무사한데 주위에 다른 사람들이 위급해 그러면 어떻게 대처할 것입니까","wordCount":18},"emotion":[],"intent":[]},"answer":{"raw":{"text":"아 면접을 보러오는데 교통사고가 났다는 상황에서 어 위급한 상황일 것입니다. 어 일단 면접을 보러오는데 정말 많은 고민이 될 것 같습니다. 네 면접이라는 거는 또 한 번의 기회가 있을 수 있을 것이고 다음번에도 기회가 있을 수 있기 때문에 일단 주위에 사람들을 먼저 안전하게 좀 조치를 한 후에 어 그때 다시 한번 가해 보는 것도 늦지 않을 것 같습니다. 일단 일 일 구나 뭐 일 일 이 에 빨리 구조 요청을 하고 어 어느 정도 이게 처리가 됐을 때 그때 한 번 급하게 다시 한 번 가보는 방법을 같던지 아니면 다음 번 다음 시즌에 다음 기수에 지원해 보는 것 이 좋을 것 같습니다. 왜냐하면 그 처리도 안 하고 개인의 욕심 때문에 어 면접을 가서 합격을 한 언더를 하더라도 어 분명히 후회가 남을 거 같은 생각이 있기 때문에 일단은 우선순위는 사람의 생명이 중요한 것이고 그래서 그쪽에 대한 처리가 끝난 후에 다시 또 새로운 길을 알아볼 것 같습니다. 네 이상입니다.","wordCount":146},"emotion":[],"intent":[{"text":"","expression":"","category":"attitude"}],"summary":{"text":"교통사고가 났다는 상황에서 면접을 보러오는데 위급한 상황일 것입니다. 면접이라는 것은 또 한 번의 기회가 있을 수 있기 때문에 일단 주위에 사람들을 먼저 안전하게 좀 조치를 한 후에 그때 다시 한번 가해 보는 것도 늦지 않을 것 같습니다.","wordCount":37}}},"rawDataInfo":{"question":{"fileFormat":"wav","fileSize":467278,"duration":14600,"samplingBit":16,"channelCount":1,"samplingRate":"16kHz","audioPath":"/Mock/03.PublicService/Male/Experienced/ckmk_q_ps_m_e_196595.wav"},"answer":{"fileFormat":"wav","fileSize":2559438,"duration":79980,"samplingBit":16,"channelCount":1,"samplingRate":"16kHz","audioPath":"/Mock/03.PublicService/Male/Experienced/ckmk_a_ps_m_e_196595.wav"}}}