{"version":"1.0","dataSet":{"info":{"date":"20230116","occupation":"PS","channel":"MOCK","place":"ONLINE","gender":"MALE","ageRange":"35-44","experience":"EXPERIENCED"},"question":{"raw":{"text":"현대 사회에서 없어서는 안 되는 가장 중요하다고 생각하시는 직업이 있 있나요 그 직업 한 가지만 골라서 말씀해 주세요","wordCount":18},"emotion":[],"intent":[]},"answer":{"raw":{"text":"가장 중요한 직업 중의 하나는 바로 소프트웨어 개발자입니다. 소프트웨어 공학을 전공한 사람들이 이제는 모든 직업의 핵심이 될 것입니다. 예를 들어 빅데이터를 운영한다고 하면 데이터 사이언티스트가 필요하고 자율 주행을 운영한다고 하면 자율 주행에 특화된 소프트웨어 공학자가 필요할 것이고 머신 러닝이나 딥 러닝을 운영한다고 해도 결국 소프트웨어 공학자들이 모든 것을 할 수 있습니다. 특히 요즘은 금융 코인 은행 모든 곳에 보안 사이트를 직접 만들고 운영하는 사람들 또한 소프트웨어 개발자 및 공학자입니다. 예전에는 이런 것들이 모든 것이 몸으로 해결하고 피지컬 한 것들로 해결할 수 있었지만 이제는 물리적인 일이 아니라 논리적인 일로 해결해야 되고 이 논리적인 회로를 가장 잘 운영할 수 있는 사람들은 바로 소프트웨어 공학자입니다. 그래서 요즘은 기업체나 금융권에서 신입 사원을 뽑을 때 아무리 문과나 경영학과 출신이라고 해도 소프트웨어 및 개발 코딩을 쪼금이라도 이해한 사람 관련된 교육을 들은 사람들 위주로 채용을 한다고 합니다. 즉 다시 말해서 이런 소프트웨어에 대해서 이해도가 없으면 현대사회에서는 다른 업무를 할 수 없다 라는 반증인 것입니다.","wordCount":147},"emotion":[],"intent":[{"text":"","expression":"","category":"attitude"}],"summary":{"text":"소프트웨어 공학을 전공한 사람들이 모든 직업의 핵심이 될 것이며 금융코인 은행 모든 곳에 보안 사이트를 직접 만들고 운영하는 사람 또한 소프트웨어 개발자 및 공학자입니다. 그래서 기업체나 금융권에서 신입 사원을 뽑을 때 소프트웨어 및 개발 코딩을 조금이라도 이해한 사람 위주의 채용을 합니다. 즉 소프트웨어에 대한 이해도가 없으면 현대사회에서는 다른 업무를 할 수 없다는 반증입니다.","wordCount":53}}},"rawDataInfo":{"question":{"fileFormat":"wav","fileSize":585038,"duration":18280,"samplingBit":16,"channelCount":1,"samplingRate":"16kHz","audioPath":"/Mock/03.PublicService/Male/Experienced/ckmk_q_ps_m_e_172440.wav"},"answer":{"fileFormat":"wav","fileSize":2701518,"duration":84420,"samplingBit":16,"channelCount":1,"samplingRate":"16kHz","audioPath":"/Mock/03.PublicService/Male/Experienced/ckmk_a_ps_m_e_172440.wav"}}}