{"version":"1.0","dataSet":{"info":{"date":"20230116","occupation":"PS","channel":"MOCK","place":"ONLINE","gender":"MALE","ageRange":"55-","experience":"EXPERIENCED"},"question":{"raw":{"text":"지원자님께서는 본인이 지금까지 살면서 이룬 성과 중에서 가장 큰 성과에 대해서 말씀 부탁드립니다","wordCount":13},"emotion":[],"intent":[]},"answer":{"raw":{"text":"지금까지 살면서 가장 큰 성과라고 생각되는 부분은 남들처럼 여유있게 살지는 못하고 잘 살지지는 못하지만 주어진 여건 하에서 가정을 이루고 두 자녀를 대학 졸업시켜 직장 생활하고 큰애는 결혼까지 시켰습니다. 그리고 저희 집사람하고 조그마한 가게를 운영하면서 행복한 가정을 이루고 있다는 것이 가장 자랑스럽습니다.","wordCount":41},"emotion":[{"text":"그리고 저희 집사람하고   조그마한 가게를 운영하면서 행복한 가정을 이루고   있다는 것이 가장 자랑스럽습니다.","expression":"p-achievement","category":"positive"}],"intent":[{"text":"지금까지 살면서 가장 큰   성과라고 생각되는 부분은 남들처럼   여유있게 살지는 못하고 잘 살지지는 못하지만   주어진 여건 하에서 가정을 이루고   두 자녀를 대학 졸업시켜 직장 생활하고   큰애는 결혼까지 시켰습니다.","expression":"c_private","category":"background"}],"summary":{"text":"주어진 여건 하에서 가정을 이루고 두 자녀를 대학 졸업시켜 직장 생활하고 큰애는 결혼시켰습니다. 집사람과 조그마한 가게를 운영하며 행복한 가정을 이루고 있다는 것이 가장 자랑입니다.","wordCount":24}}},"rawDataInfo":{"question":{"fileFormat":"wav","fileSize":493198,"duration":15410,"samplingBit":16,"channelCount":1,"samplingRate":"16kHz","audioPath":"/Mock/03.PublicService/Male/Experienced/ckmk_q_ps_m_e_186259.wav"},"answer":{"fileFormat":"wav","fileSize":1888718,"duration":59020,"samplingBit":16,"channelCount":1,"samplingRate":"16kHz","audioPath":"/Mock/03.PublicService/Male/Experienced/ckmk_a_ps_m_e_186259.wav"}}}