{"version":"1.0","dataSet":{"info":{"date":"20230116","occupation":"PS","channel":"MOCK","place":"ONLINE","gender":"MALE","ageRange":"35-44","experience":"EXPERIENCED"},"question":{"raw":{"text":"지원자님만의 업무 시 분쟁이 발생할 때를 대비한 대처법이 있나요 있다면 대처법이 무엇인지도 설명해 주세요","wordCount":14},"emotion":[],"intent":[]},"answer":{"raw":{"text":"모든 업무를 하다보면 업무 시에는 분쟁은 피할 수 없는 요소들입니다. 그 이유는 각자 자기의 의견 및 개인적인 이익이 다 다르기 때문입니다. 예를 들어서 마케팅 부서와 회계 부서가 같이 협업을 한다고 하면 마케팅 부서에서는 이 억 원의 마케팅 비용을 집행하고 싶어 하고 회계 부서에서는 일억 오천 정도로 충분히 할 수 있을 거라고 생각합니다. 그러면 오천만 원에 차이가 생기는데 각 부서마다 나는 더 많은 돈을 원하고 다른 부서는 더 많은 돈을 내줄 수 없다 라는 입장입니다. 이 때 이게 개인적인 이기심이나 부서 간의 갈등 때문에 발생하는 것인지 아니면 회사 자체의 구조의 문제인지를 먼저 파악해야 됩니다. 이런 경우에는 회사 자체 구조의 문제이기 때문에 이 비용을 집행할 수 있는 총괄 권한을 가진 더 높은 사람에게 해당 업무에 대한 보고를 하고 이것에 대한 해결 방안 및 쪼금 더 많은 예산을 집행하거나 아니면 적은 비용으로 더 좋은 방법을 낼 수 있는 묘수를 요청해야 됩니다. 그렇지 않고 각 부서 간에 분쟁이 있는 사람들끼리는 끝도 없는 평행선을 달리는 분쟁만을 일으킬 수 밖에 없기 때문에 빠른 방법 좋은 방법을 찾는 것이 저의 가장 큰 능력이고 이게 저의 대처법입니다.","wordCount":169},"emotion":[],"intent":[{"text":"그렇지 않고 각 부서 간에 분쟁이 있는 사람들끼리는 끝도 없는 평행선을 달리는 분쟁만을 일으킬 수 밖에 없기 때문에   빠른 방법 좋은 방법을 찾는 것이 저의 가장 큰 능력이고 이게 저의 대처법입니다.","expression":"c_confl_mg","category":"personality"}],"summary":{"text":"모든 업무를 하다보면 의견 및 개인적 이익이 다 다르기 때문에 분쟁은 피할 수 없는 요소입니다. 이 때 개인적인 이기심이나 부서 간의 갈등 때문이 아닌지 회사 자체의 구조의 문제인지를 먼저 파악해야 됩니다. 이런 경우에는 총괄 권한을 가진 더 높은 사람에게 해당 업무에 대한 보고와 해결 방안 및 좀 더 많은 예산을 집행하거나 좀 더 좋은 방법을 낼 수 있는 묘수를 요청해야 합니다.","wordCount":61}}},"rawDataInfo":{"question":{"fileFormat":"wav","fileSize":394318,"duration":12320,"samplingBit":16,"channelCount":1,"samplingRate":"16kHz","audioPath":"/Mock/03.PublicService/Male/Experienced/ckmk_q_ps_m_e_183186.wav"},"answer":{"fileFormat":"wav","fileSize":2542158,"duration":79440,"samplingBit":16,"channelCount":1,"samplingRate":"16kHz","audioPath":"/Mock/03.PublicService/Male/Experienced/ckmk_a_ps_m_e_183186.wav"}}}