{"version":"1.0","dataSet":{"info":{"date":"20230116","occupation":"PS","channel":"MOCK","place":"ONLINE","gender":"MALE","ageRange":"35-44","experience":"EXPERIENCED"},"question":{"raw":{"text":"일을 하게 되면 중국으로 출장을 갈 일이 생길 수도 있습니다 중국 출장도 괜찮으십니까","wordCount":13},"emotion":[],"intent":[]},"answer":{"raw":{"text":"중국은 아시아의 허브로 자리매김한 지 오래되었습니다. 국가적인 감정은 좋지 않지만 중국을 무시하고 아시아 허브를 세울 수는 없습니다. 그래서 중국을 출장 가는 것도 저에게는 큰 무리가 없고 기존에 중국어를 조금 많이 배워두고 한자 공부도 많이 했습니다. 중국은 일반 우리나라의 매출보다 약 매출 규모가 천 배에서 만 배 정도 큰 시장이고 규모입니다. 특히 중국의 제품을 팔기 시작하면 중국과 연관된 홍콩 대만 싱가폴 등 이런 많은 사람 나라들에게 우리의 제품을 수출할 수 있고 검증받을 수 있는 좋은 기회이기 때문에 중국의 출장을 가는 것 또는 중국의 주재원으로 일하는 것에 대한 전혀 거부감이 없습니다.","wordCount":89},"emotion":[],"intent":[{"text":"","expression":"","category":"attitude"}],"summary":{"text":"중국은 우리나라 매출보다 약 천 배에서 만 배 정도 큰 시장입니다. 특히 중국의 제품을 팔기 시작하면 중국과 연관된 여러 나라들에게 우리의 제품을 수출할 수 있고 검증받을 수 있는 좋은 기회이기에 중국 출장이나 주재원으로 일하는 것에 거부감이 없습니다.","wordCount":37}}},"rawDataInfo":{"question":{"fileFormat":"wav","fileSize":483278,"duration":15100,"samplingBit":16,"channelCount":1,"samplingRate":"16kHz","audioPath":"/Mock/03.PublicService/Male/Experienced/ckmk_q_ps_m_e_162521.wav"},"answer":{"fileFormat":"wav","fileSize":1605518,"duration":50170,"samplingBit":16,"channelCount":1,"samplingRate":"16kHz","audioPath":"/Mock/03.PublicService/Male/Experienced/ckmk_a_ps_m_e_162521.wav"}}}