{"version":"1.0","dataSet":{"info":{"date":"20230116","occupation":"PS","channel":"MOCK","place":"ONLINE","gender":"MALE","ageRange":"35-44","experience":"EXPERIENCED"},"question":{"raw":{"text":"지원자분께 질문 드리겠습니다 업무를 보다 보면 여러 가지 경우가 생길 수 있는데요 혹시 지원자께서 외상 후 스트레스 장애를 지원자께서 직접 경험한 적은 있으신지 말씀해 주십시오","wordCount":25},"emotion":[],"intent":[]},"answer":{"raw":{"text":"대학교 삼 학년 때 엠티를 가서 닭싸움을 하다가 왼쪽 다리에 전방 십자 인대가 끊어지는 처참한 일을 겪었습니다. 실제로 전방 십자 인대나 후방 십자 인대는 축구나 농구 또는 교통사고 때 끊어지는 것인데 저 같은 경우는 닭싸움을 하다가 심하게 착지를 해서 십자 인대가 완전히 끊어져서 그 후에 육 개월에서 삼 년 동안 계속적으로 수술을 하고 재활 치료를 받았습니다. 그런데 이 관절이라는 것이 특히나 다리는 우리의 몸에 무게를 지탱하는 것이라서 그렇게 끊어지고 수술이를 하고 재활치료를 마쳤음에도 불구하고 삼 년 후까지도 제가 제대로 뛰지를 못하겠습니다. 그 이유는 또 뛰다가 또는 점프를 하다가 착지했을 때 십자 인대가 끊어지는 것이 아닐까 라는 두려움 즉 피티에스디를 너무 오랫동안 겪고 있었습니다. 그럴 때 의사의 진료가 저에게 한 마디가 다가왔습니다. 십자 인대 수술이 너무 잘 돼서 이제는 뛰어도 되고 걸어도 되고 점프를 해도 상관없으니 한 번 해보십시오 라고 해서 저는 수술 후 삼 년 후부터 지속적으로 조금씩 조금씩 운동을 해서 배드민턴 탁구 등으로 근육을 길러 외상 후 스트레스 장애를 정확하게 이겨낼 수 있었습니다.","wordCount":154},"emotion":[{"text":"그 이유는 또 뛰다가   또는 점프를 하다가 착지했을 때 십자 인대가 끊어지는 것이 아닐까 라는 두려움 즉 피티에스디를 너무 오랫동안 겪고 있었습니다.","expression":"n-anxiety","category":"negative"}],"intent":[{"text":"대학교 삼 학년 때 엠티를 가서 닭싸움을 하다가 왼쪽 다리에 전방 십자 인대가 끊어지는 처참한   일을 겪었습니다.","expression":"c_private","category":"background"},{"text":"실제로 전방 십자 인대나 후방 십자 인대는 축구나 농구 또는 교통사고 때   끊어지는 것인데 저 같은 경우는 닭싸움을 하다가 심하게 착지를 해서   십자 인대가 완전히 끊어져서 그 후에 육 개월에서 삼 년 동안 계속적으로 수술을 하고 재활 치료를 받았습니다.","expression":"c_private","category":"background"},{"text":"그 이유는 또 뛰다가   또는 점프를 하다가 착지했을 때 십자 인대가 끊어지는 것이 아닐까 라는 두려움 즉 피티에스디를 너무 오랫동안 겪고 있었습니다.","expression":"c_private","category":"background"},{"text":"십자 인대 수술이 너무 잘 돼서 이제는 뛰어도 되고 걸어도 되고 점프를 해도 상관없으니 한 번 해보십시오 라고 해서 저는 수술 후 삼 년 후부터   지속적으로 조금씩 조금씩 운동을 해서 배드민턴 탁구 등으로 근육을 길러 외상 후 스트레스 장애를 정확하게 이겨낼 수 있었습니다.","expression":"c_private","category":"background"}],"summary":{"text":"전방 십자 인대는 축구나 농구 또는 교통사고 때 끊어지며 삼 년 동안 계속적으로 수술을 하고 재활치료를 받았지만 삼년 후까지도 뛰지는 못하였습니다. 의사의 진료가 수술이 너무 잘돼서 이제는 뛰어도 되고 걸어도 되고 점프를 해도 상관없으니 한번 해보십시오 라고 해서 지속적으로 운동을 해서 외상 후 스트레스 장애를 이겨낼 수 있었습니다.","wordCount":48}}},"rawDataInfo":{"question":{"fileFormat":"wav","fileSize":574158,"duration":17940,"samplingBit":16,"channelCount":1,"samplingRate":"16kHz","audioPath":"/Mock/03.PublicService/Male/Experienced/ckmk_q_ps_m_e_164882.wav"},"answer":{"fileFormat":"wav","fileSize":2702798,"duration":84460,"samplingBit":16,"channelCount":1,"samplingRate":"16kHz","audioPath":"/Mock/03.PublicService/Male/Experienced/ckmk_a_ps_m_e_164882.wav"}}}