{"version":"1.0","dataSet":{"info":{"date":"20230116","occupation":"PS","channel":"MOCK","place":"ONLINE","gender":"MALE","ageRange":"35-44","experience":"EXPERIENCED"},"question":{"raw":{"text":"지원자께서 우리 회사에 입사하게 된다면은 가장 가고 싶은 부서와 그리고 왜 그 부서가 가고 싶었는지 그 이유 또한 함께 말씀해 주시길 바랍니다","wordCount":22},"emotion":[],"intent":[]},"answer":{"raw":{"text":"제가 입사하게 된다면 가장 가고 싶은 부서는 경영 전략이나 비즈니스 디벨럽먼트 사업 개발팀입니다. 왜냐하면 저는 업무의 추진력이 뛰어나고 어떤 프로젝트를 다루는 데 있어서 가장 최적화된 사람이라고 생각합니다. 그래서 경영 전략이나 사업 개발팀에 들어가서 새로운 중소기업의 특수한 기술이라든가 엠엔에이를 통해서 이 사업을 더 발전시키고 싶습니다. 요즘은 새로운 사업을 개발하여 그것을 생산하고 또다시 마케팅하고 또다시 판매를 해서 키우는 전략보다는 이미 스타트업에서 개발해 놓은 좋은 아이템이나 기술력을 전략을 통해서 엠엔에이 하는 것이 훨씬 더 회사의 이득이라는 경영 성과의 결과가 있었습니다. 그 경영 성과의 결과에 따라서 엠엔에이를 하기 위해선 티에프티 라든가 경영 전략을 정확히 따져야 봐야 되는데 저는 그 경영 전략에 최적화된 사람이고 프로젝트에 대한 어디서부터 프론트 앤드 어디서부터 백 엔드를 뭐든지 채 총괄할 수 있는 사람이 필요하고 그게 저하는 확신이 들었습니다. 그래서 사업 개발팀에 들어와서 좋은 회사를 인수하여 현재의 매출액보다 약 열 배에서 스무 배 더 큰 회사를 만들고 싶습니다.","wordCount":137},"emotion":[],"intent":[{"text":"","expression":"","category":"attitude"}],"summary":{"text":"저는 업무의 추진력이 뛰어나고 어떤 프로젝트를 다루는 데 있어서 최적화된 사람이라 경영 전략이나 사업 개발팀에 들어가 새로운 중소기업의 특수한 기술이라든가 엠엔에이를 통해서 사업을 더 발전시키고 싶습니다. 이미 스타트업에서 개발해 놓은 좋은 아이템이나 기술력을 전략을 통해서 엠엔이 하는 것이 훨씬 더 회사의 이득이라는 경영 성과의 결과가 있었습니다.","wordCount":46}}},"rawDataInfo":{"question":{"fileFormat":"wav","fileSize":533838,"duration":16680,"samplingBit":16,"channelCount":1,"samplingRate":"16kHz","audioPath":"/Mock/03.PublicService/Male/Experienced/ckmk_q_ps_m_e_184416.wav"},"answer":{"fileFormat":"wav","fileSize":2507598,"duration":78360,"samplingBit":16,"channelCount":1,"samplingRate":"16kHz","audioPath":"/Mock/03.PublicService/Male/Experienced/ckmk_a_ps_m_e_184416.wav"}}}