{"version":"1.0","dataSet":{"info":{"date":"20230116","occupation":"PS","channel":"MOCK","place":"ONLINE","gender":"MALE","ageRange":"55-","experience":"EXPERIENCED"},"question":{"raw":{"text":"입사 후 쉬운 일 어려운 일이 있을 때 이 일에 대한 분배를 어떤 식으로 하실 건가요 어떻게 나눠서 처리할 생각인지 궁금합니다","wordCount":21},"emotion":[],"intent":[]},"answer":{"raw":{"text":"입사 후에 입사 후 어느 정도의 시기냐에 따라 다를 수 있을 것 같은데요. 입사 후 초반이라면 그러면 저는 쉬운 일부터 하고 좀 적응이 되고 난 다음에 어려운 일을 할 하려고 할 것 같고요. 애초에 이러한 제안 자체가 조금 입사가 되고 나서 어느 정도 진행된 후라면 그때라면 저는 어려운 일부터 도전을 해볼 것 같습니다. 네 그러고 나서 그게 이제 해결이 되고 나서 조금 쉬어가는 타임으로 쉬운 일을 하려고 하지 쉬우 그까 쉬운 업무를 보면서 같이 같이 좀 이제 휴식 시간도 갖고 숨 고르기 시간을 가지려고 하지 이거를 그 우선순위로 정할 수 있는 기회를 언제 주느냐에 따라서 제 대답이 완전히 바뀔 수 있을 것 같아요.","wordCount":103},"emotion":[],"intent":[{"text":"","expression":"","category":"attitude"}],"summary":{"text":"입사 후 초반에는 쉬운 일부터 하고 적응이 된 후에는 어려운 일을 하려고 할 것 같습니다. 그리고 해결이 되고 난 후에는 쉬운 업무를 보면서 휴식 시간을 가지려고 하는데 이것을 우선순위로 정할 수 있는 기회를 주느냐에 따라 대답이 바뀔 수 있습니다.","wordCount":39}}},"rawDataInfo":{"question":{"fileFormat":"wav","fileSize":532558,"duration":16640,"samplingBit":16,"channelCount":1,"samplingRate":"16kHz","audioPath":"/Mock/03.PublicService/Male/Experienced/ckmk_q_ps_m_e_160781.wav"},"answer":{"fileFormat":"wav","fileSize":2394958,"duration":74840,"samplingBit":16,"channelCount":1,"samplingRate":"16kHz","audioPath":"/Mock/03.PublicService/Male/Experienced/ckmk_a_ps_m_e_160781.wav"}}}