{"version":"1.0","dataSet":{"info":{"date":"20230116","occupation":"PS","channel":"MOCK","place":"ONLINE","gender":"MALE","ageRange":"35-44","experience":"EXPERIENCED"},"question":{"raw":{"text":"지원자님께서 지금까지 인생을 살면서 가장 후회 되는 일이 있다면 어떤 게 있을까요 지원자님이 한 가지만 골라 말씀과 설명 부탁드립니다","wordCount":19},"emotion":[],"intent":[]},"answer":{"raw":{"text":"지금까지 제가 인생을 살면서 가장 후회되는 부분이 무엇일까 한번 생각을 해 보았습니다. 일단 뭐 특별히 후회되는 부분은 없는데 어 제가 일단 군 생활을 좀 오래 하다 보니까 그 부분이 좀 사회에 늦게 나와서 늦게 사회생활을 배우다 보니 확실히 군생활과 사회생활은 다르게 알게 되었고 그러다보니 군생활을 젊었을 때 했었던 그런 시간들이 조금 아쉽구나 라고 느꼈던 것 같습니다. 그렇지 않고 좀 군생활 하는 동안에도 빠른 전역을 결심하고 사회에 나와서 했다 보면 지금 제 나이에 지금 제 스펙이 좀 더 강해지지 않을까 싶은 마음에 조금은 후회가 되고 아쉬운 부분인 것 같습니다. 근데 그 군생활 하면서 제가 배웠던 것들도 굉장히 많습니다. 그런 자신감이라든지 마이드 컨셉 이런 것들도 많은 경험을 통해서 배울 수 있었던 거기 때문에 그런 경험이 절대 헛되이 되었다고 생각을 안 합니다. 그래서 그런 걸 갖춰서 조금 더 인생을 살면서 원활하게 좀 더 효율적으로 살 수 있지 않을까 싶습니다. 이상입니다.","wordCount":137},"emotion":[],"intent":[{"text":"","expression":"","category":"attitude"}],"summary":{"text":"군 생활을 좀 오래 하다 보니 군생활과 사회생활을 다르게 알게 되었고 군생활을 젊었을 때 했었던 시간들이 조금 아쉽구나 라고 느꼈던 것 같습니다. 군생활 하면서 자신감, 마이드 컨셉 등 많은 것을 배웠고 그것을 갖춰서 좀 더 효율적으로 살 수 있으리라 생각합니다.","wordCount":40}}},"rawDataInfo":{"question":{"fileFormat":"wav","fileSize":431438,"duration":13480,"samplingBit":16,"channelCount":1,"samplingRate":"16kHz","audioPath":"/Mock/03.PublicService/Male/Experienced/ckmk_q_ps_m_e_192219.wav"},"answer":{"fileFormat":"wav","fileSize":2633358,"duration":82290,"samplingBit":16,"channelCount":1,"samplingRate":"16kHz","audioPath":"/Mock/03.PublicService/Male/Experienced/ckmk_a_ps_m_e_192219.wav"}}}