{"version":"1.0","dataSet":{"info":{"date":"20230116","occupation":"PS","channel":"MOCK","place":"ONLINE","gender":"MALE","ageRange":"35-44","experience":"EXPERIENCED"},"question":{"raw":{"text":"지원자께서는 지금 공부하고 있는 분야가 있는지 궁금합니다 그리고 왜 그걸 공부했는지 그리고 지금까지 무엇을 배웠는지도 함께 말씀해 주시길 바랍니다","wordCount":19},"emotion":[],"intent":[]},"answer":{"raw":{"text":"제가 요즘 지속적으로 공부하고 있는 분야는 바로 디지털 트랜스포메이션의 핵심인 빅데이터와 머신 러닝 딥 러닝 자율 주행입니다. 이미 애플 구글 바이두는 자율 주행 자동차에 삼 점 오 단계까지 접근하여 조만간 몇 년 안에 완벽히 운전자가 없는 상태에서 자동차를 운전할 수 있게끔 만드는 시대를 만들겠다고 했습니다. 그런데 우리나라는 아직까지도 많이 뒤쳐지고 빅데이터 및 머신 러닝이 딥 러닝은 남의 나라 이야기로 뒤쳐지고 있습니다. 전 회사에서 공장 자동화를 시작하면서 머신 러닝 및 딥 러닝 빅데이터에 대해서 지속적으로 공부하고 적용하고 응용했던 사례가 생각납니다. 이제는 사람이 힘을 쓰고 인력으로 모든 것을 하는 세대가 아닌 그곳에 모든 로봇 및 프로그램이 대체될 것입니다. 그래서 빅데이터 및 구글 머신 러닝 같은 거를 많이 배워야 앞으로 우리나라에도 경쟁력이 높아질 것으로 생각합니다. 이제는 자율 주행이 전 세계에 대세가 될 것이고 이천 이십 삼 년에서 이천 삼십 년까지 모든 업무들이 대체될 예정이라고 합니다. 그래서 저는 빅데이터 및 구글에 머신러닝 및 딥러닝을 지속적으로 공부하고 있습니다.","wordCount":143},"emotion":[{"text":"이미   애플 구글 바이두는 자율 주행 자동차에 삼 점 오 단계까지 접근하여 조만간 몇 년 안에 완벽히   운전자가 없는 상태에서 자동차를 운전할 수 있게끔 만드는 시대를 만들겠다고 했습니다.","expression":"u-fact","category":"neutral"}],"intent":[{"text":"","expression":"","category":"attitude"}],"summary":{"text":"디지털 트랜스포메이션의 핵심인 빅데이터와 머신 러닝 딥 러닝 자율 주행에 대해 전 회사에서 공장 자동화를 시작하면서 지속적으로 공부하고 적용하고 응용했던 사례가 생각났습니다. 이제는 사람이 모든 것을 하는 세대가 아니라 그곳에 모든 로봇 및 프로그램이 대체될 것이기 때문에 빅데이터 및 구글에 머신러닝 및 딥러닝을 지속적으로 공부하고 있습니다.","wordCount":46}}},"rawDataInfo":{"question":{"fileFormat":"wav","fileSize":542798,"duration":16960,"samplingBit":16,"channelCount":1,"samplingRate":"16kHz","audioPath":"/Mock/03.PublicService/Male/Experienced/ckmk_q_ps_m_e_172442.wav"},"answer":{"fileFormat":"wav","fileSize":2727118,"duration":85220,"samplingBit":16,"channelCount":1,"samplingRate":"16kHz","audioPath":"/Mock/03.PublicService/Male/Experienced/ckmk_a_ps_m_e_172442.wav"}}}