{"version":"1.0","dataSet":{"info":{"date":"20230116","occupation":"PS","channel":"MOCK","place":"ONLINE","gender":"MALE","ageRange":"45-54","experience":"EXPERIENCED"},"question":{"raw":{"text":"지원자의 전공 분야를 과연 업무에 어떤 방식으로 적용할 수 있을까요","wordCount":10},"emotion":[],"intent":[]},"answer":{"raw":{"text":"저는 사회복지를 전공했습니다. 어 이 사회복지라는 것은 국민의 국민 대다수의 어 생활 향상과 사회 보장을 위한 사회 정책 시설들을 통틀어서 이루는 말이 사회복지입니다. 어 말 그대로 어 뭐 교육 문화 의료 노동 따위가 사회생활 따위의 사회생활의 모든 분야가에서 사람이 함께 누리고 똑같이 누려야 되는 그 복지 단계를 말합니다. 어 제가 지원한 분야는 공공 서비스입니다. 저는 이것도 사회복지와 비슷하다고 생각을 합니다. 어 모두가 함께 당연히 누려야 될 서비스 국가나 사회로부터 누려야 될 서비스가 공공 서비스라고 생각하기 때문에 저는 사회복지와 공공 서비스는 어 매우 밀접한 관계를 가지고 있고 영향을 주고 받는 관계라고 생각을 합니다. 어 제가 사회 복지를 공부할 때 저는 그 공공이란 말을 되게 좋아했습니다. 모두가 함께 모두가 같이 이것이 뭐 누구는 뭐 공산당이냐 하는 말이 있지만 물론 우리 사회는 그 자유 경쟁 사회입니다. 노력한 만큼 더 서비스를 받는 것도 맞긴 하지만 똑같이 서비스를 누리는 것도 같다고 생각합니다.","wordCount":137},"emotion":[{"text":"어 이 사회복지라는 것은   국민의 국민 대다수의 어 생활 향상과 사회 보장을 위한 사회 정책   시설들을 통틀어서 이루는 말이 사회복지입니다.","expression":"u-fact","category":"neutral"},{"text":"어 말 그대로   어 뭐 교육 문화 의료 노동 따위가 사회생활 따위의 사회생활의 모든 분야가에서   사람이 함께 누리고 똑같이 누려야 되는 그 복지 단계를 말합니다.","expression":"u-fact","category":"neutral"}],"intent":[{"text":"어 모두가 함께 당연히 누려야 될 서비스 국가나 사회로부터 누려야 될 서비스가 공공 서비스라고 생각하기 때문에 저는 사회복지와 공공 서비스는   어 매우 밀접한 관계를 가지고 있고 영향을 주고 받는 관계라고 생각을 합니다.","expression":"p_cus_belief","category":"technology"}],"summary":{"text":"사회복지와 공공 서비스는 밀접한 관계를 가지고 영향을 주고 받는 관계라고 생각합니다. 우리 사회는 자유 경쟁 사회이기 때문에 노력한 만큼 더 서비스를 받는 것도 맞긴 하지만 똑같이 서비스를 누리는 것 같다고 생각합니다.","wordCount":31}}},"rawDataInfo":{"question":{"fileFormat":"wav","fileSize":311118,"duration":9720,"samplingBit":16,"channelCount":1,"samplingRate":"16kHz","audioPath":"/Mock/03.PublicService/Male/Experienced/ckmk_q_ps_m_e_106020.wav"},"answer":{"fileFormat":"wav","fileSize":2838158,"duration":88690,"samplingBit":16,"channelCount":1,"samplingRate":"16kHz","audioPath":"/Mock/03.PublicService/Male/Experienced/ckmk_a_ps_m_e_106020.wav"}}}