{"version":"1.0","dataSet":{"info":{"date":"20230116","occupation":"PS","channel":"MOCK","place":"ONLINE","gender":"MALE","ageRange":"-34","experience":"EXPERIENCED"},"question":{"raw":{"text":"일을 하다 보면 열심히는 하지만 본인이 원하는 만큼 따라오지 못하는 팀 동료들이 간혹 있습니다 이럴 때는 어떻게 하세요","wordCount":18},"emotion":[],"intent":[]},"answer":{"raw":{"text":"열심히 하지만 제가 원하는 선에 따라오지 못하는 직장 종료들이 있을 수 있습니다. 저희 팀 동료들이 제가 원하는 목표에 모두 다 같이 따라오는 게 저의 희망 사항이긴 하지만 개개인마다 일하는 방향성 및 해결성들이 다르기 때문에 저는 이해해 줘야 된다 생각합니다. 어떠한 주제를 가지고 모두가 잘 따라와 주면 문제가 없겠지만 그렇지 않은 동료들이 있기에 뒤쳐진다면 같이 도와줘야 한다 생각합니다. 팀 활동은 개개인의 레이스가 아닙니다. 개개인이 맡은 업무를 다 이행하였다 하더라도 다 하지 못한 동료가 있으면 도와주면서 맡은 업무를 최대한 이행할 수 있도록 조언을 해주는 것이 당연하다 저는 생각합니다. 나를 우선적으로 챙기는 것도 좋지만 동료들과 같이 목표를 향해 나아가는 점도 중요하다 저는 생각합니다.","wordCount":100},"emotion":[],"intent":[{"text":"","expression":"","category":"attitude"}],"summary":{"text":"팀 활동은 개인의 레이스가 아니기에, 각자의 목표에 모두 같이 나아가는 것이 중요합니다. 어떠한 주제를 가지고 모두가 잘 따라와 준다면 문제가 없지만 그렇지 않은 동료가 있기에 뒤쳐진다면 같이 도와줘야 합니다.","wordCount":29}}},"rawDataInfo":{"question":{"fileFormat":"wav","fileSize":355278,"duration":11100,"samplingBit":16,"channelCount":1,"samplingRate":"16kHz","audioPath":"/Mock/03.PublicService/Male/Experienced/ckmk_q_ps_m_e_238021.wav"},"answer":{"fileFormat":"wav","fileSize":2160078,"duration":67500,"samplingBit":16,"channelCount":1,"samplingRate":"16kHz","audioPath":"/Mock/03.PublicService/Male/Experienced/ckmk_a_ps_m_e_238021.wav"}}}