{"version":"1.0","dataSet":{"info":{"date":"20230116","occupation":"PS","channel":"MOCK","place":"ONLINE","gender":"MALE","ageRange":"35-44","experience":"EXPERIENCED"},"question":{"raw":{"text":"지원자님은 협업을 할 때 사교성이 좋은 편이신가요 사교성을 키우기 위해 어떤 노력을 하셨습니까","wordCount":13},"emotion":[],"intent":[]},"answer":{"raw":{"text":"네 협업을 진행할 때 사교성 부분에 대해서 제가 또 이런 사교성을 키우고 훌륭한 성공적인 협업을 하기 위한 노하우에 대해서 답변 드리겠습니다. 아 협업을 할 때 다시 한 번 말하지만 사교성 이런 인간관계는 굉장히 중요한 부분입니다. 어 협업을 할 때 상대방이 인제 백 프로로 전념을 다해서 나에게 조언을 해 준 건지 협업을 해준 것인지 그게 어 믿음이 안 갈 때가 많이 있습니다. 저 본인도 협업을 해줘야 할 상황이 왔을 때 백 프로 오십 프로 삼십 프로 이런 식으로 퍼센테이지를 대충 정해서 그런 식으로 협업을 해 줬던 기억이 있기 때문에 다 똑같을 거라 생각합니다. 그래서 이런 사교성 등을 키워 놔야 많은 인간관계를 형성할 수 있고 또 관계를 많이 유지해 놓은 상황에서 또 그런 부분에서 이제 협업을 백 프로로 받을 수 있는 그런 관계가 형성이 될 겁니다. 그래서 이런 사교성을 키우기 위해서는 일단 그 사람과의 공통점을 계속 이어가고 지속되게끔 하면은 이런 사교성이 이어지는 것 같습니다. 그래서 이런 부분을 자기의 장점이 무엇인지 관계를 어떻게 하면 유지할 수 있을지를 계속 고민하다 보면은 그런 것들이 했을 때 협업에 도움이 많이 되는 것 같습니다. 이상입니다.","wordCount":168},"emotion":[],"intent":[{"text":"","expression":"","category":"attitude"}],"summary":{"text":"협업을 진행할 때 중요한 점은 사교성이라고 할 수 있습니다. 협업을 할 때 상대방의 평가에 따라 조언을 해주는 것인지 협업을 해주는 것인지 믿을 수 없을 때가 많습니다. 그래서 사교성을 키워 놓으면 인간관계를 많이 유지할 수 있고 협업을 백프로로 받을 수 있는 관계가 형성될 것입니다.","wordCount":43}}},"rawDataInfo":{"question":{"fileFormat":"wav","fileSize":384078,"duration":12000,"samplingBit":16,"channelCount":1,"samplingRate":"16kHz","audioPath":"/Mock/03.PublicService/Male/Experienced/ckmk_q_ps_m_e_226891.wav"},"answer":{"fileFormat":"wav","fileSize":2781518,"duration":86920,"samplingBit":16,"channelCount":1,"samplingRate":"16kHz","audioPath":"/Mock/03.PublicService/Male/Experienced/ckmk_a_ps_m_e_226891.wav"}}}