{"version":"1.0","dataSet":{"info":{"date":"20230116","occupation":"PS","channel":"MOCK","place":"ONLINE","gender":"MALE","ageRange":"35-44","experience":"EXPERIENCED"},"question":{"raw":{"text":"어 이전에 직장을 그만두셨는데 그것을 그만둔 특별한 이유가 있으신가요 있으시다면 어 현 직장도 같은 이유로 그만두실 어 가능성이 있으신가요","wordCount":19},"emotion":[],"intent":[]},"answer":{"raw":{"text":"제가 전 회사를 그만둔 이유는 두 가지입니다. 첫 번째 회사 자체에 비전이 없었습니다. 성장성은 둔화되고 더 이상 디지털 트랜스포메이션의 트렌드를 따라가지 못해서 기존의 아날로그 세대의 업무를 계속하고 있어 매출이 지속적으로 빠지고 맥 매출이 빠지다 보니 결국은 인센티브도 적어지고 월급은 동결되고 진급은 할 수 없었습니다. 연차는 계속 쌓아가고 나이는 먹어가는데 진급이 안 되고 연봉이 올라가지 않으니 살기도 힘들어졌고 회사에 대한 미련이 없었습니다. 그리고 두 번째는 그렇게 회사가 점점 열심히 하지 않는 직원들로 채워지기 시작했습니다. 능력이 뛰어나고 성실하고 창의적인 인재들은 점점 다른 회사를 찾아서 이직을 하는데 타성에 젖어서 항상 월급만 나오면 그것만 기다리고 자기 업무도 제대로 하지 않는 불성실하고 회 회의적인 시각을 가진 직원들이 너무 많다 보니 제가 그 회사에 계속 있으면 물들까 봐 더 있을 수가 없었습니다. 나쁜 생각이나 부정적인 시각이나 이런 것들은 빠르게 전염이 된다고 합니다. 그리고 미래에 대한 성장 둔화는 결국 사람들을 그 회사에 더 오래 있지 못하게 만들었습니다. 하지만 현 직장은 미래의 먹거리도 확실하고 빅데이터 및 인공지능으로 앞으로 성장할 것이기 때문에 그만둘 이유는 없을 것 같습니다.","wordCount":158},"emotion":[],"intent":[{"text":"하지만 현 직장은 미래의 먹거리도 확실하고 빅데이터 및 인공지능으로 앞으로 성장할 것이기 때문에 그만둘 이유는 없을 것 같습니다.","expression":"c_sincere_job","category":"etc"}],"summary":{"text":"저는 회사에서 비전이 없었고, 열심히 하지 않는 직원들로 채워지기 시작했습니다. 미래에 대한 성장 둔화는 결국 사람들을 그 회사에 더 오래 없게 만들었지만 현 직장은 미래의 먹거리도 확실하고 빅데이터 및 인공지능으로 앞으로 성장할 것이기 때문에 그만둘 이유는 없을 것 같습니다.","wordCount":39}}},"rawDataInfo":{"question":{"fileFormat":"wav","fileSize":564558,"duration":17640,"samplingBit":16,"channelCount":1,"samplingRate":"16kHz","audioPath":"/Mock/03.PublicService/Male/Experienced/ckmk_q_ps_m_e_192852.wav"},"answer":{"fileFormat":"wav","fileSize":2805198,"duration":87660,"samplingBit":16,"channelCount":1,"samplingRate":"16kHz","audioPath":"/Mock/03.PublicService/Male/Experienced/ckmk_a_ps_m_e_192852.wav"}}}