{"version":"1.0","dataSet":{"info":{"date":"20230116","occupation":"PS","channel":"MOCK","place":"ONLINE","gender":"MALE","ageRange":"45-54","experience":"EXPERIENCED"},"question":{"raw":{"text":"지원자님께서 휴식을 취할 때는 주로 어떤 일들을 하시나요 지원자님이 왜 그 일을 하는지 이유도 함께 설명과 말씀해 주세요","wordCount":18},"emotion":[],"intent":[]},"answer":{"raw":{"text":"저 빨래해요 빨래. 저 빨래 하는 거 좋아해요. 음 일부러 어 빨래감이 없는데 빨래 하기도 해요. 그냥 저는 그 옷들이 그 세탁물들이 깨끗해지는 걸 보는 게 좋아요. 뭐 옛 옛날에는 섬유 유연제 향 맡는 것도 좋아했는데 이제 그 섬유 유연제가 인공적인 향이기 때문에 몸에 안 좋다는 걸 알고 난 다음에는 최소화하고 있구요. 그래서 그냥 뭐 대부분 세탁 세제랑 뭐 베이킹 소다 이런 거만 넣고 하고 그래요. 그런데 그냥 그 빨래를 하고 저는 일부러 건조기도 안 샀어요. 전 제가 힘껏 털고 너는 그 과정 자체가 너무 즐거워요. 네 뭔가 신나요. 그냥 그 과정이 뭔가 축축하지만 탈수를 해도 여전히 축축하지만 그래도 뭔가 깨끗해진 걸 내 손으로 팍팍 털어서 널어서 말리고 그 시원한 바람을 맞는 빨래의 모습 되게 평화로운 그림 같아요 저는 그게.","wordCount":120},"emotion":[{"text":"전 제가 힘껏 털고 너는 그 과정 자체가 너무 즐거워요.","expression":"p-happiness","category":"positive"},{"text":"네 뭔가 신나요.","expression":"p-happiness","category":"positive"}],"intent":[{"text":"","expression":"","category":"attitude"}],"summary":{"text":"섬유 유연제는 몸에 안 좋다는 걸 알고 대부분 세탁 세제와 베이킹 소다만 넣고 하는데, 일부러 건조기도 안 샀는데 그 과정이 너무 즐거워서 탈수를 해도 여전히 축축하지만 그래도 깨끗해진 걸 제 손으로 털어 널어서 말리는 모습이 되게 평화로운 그림 같아요.","wordCount":39}}},"rawDataInfo":{"question":{"fileFormat":"wav","fileSize":371278,"duration":11600,"samplingBit":16,"channelCount":1,"samplingRate":"16kHz","audioPath":"/Mock/03.PublicService/Male/Experienced/ckmk_q_ps_m_e_179552.wav"},"answer":{"fileFormat":"wav","fileSize":2849038,"duration":89030,"samplingBit":16,"channelCount":1,"samplingRate":"16kHz","audioPath":"/Mock/03.PublicService/Male/Experienced/ckmk_a_ps_m_e_179552.wav"}}}