{"version":"1.0","dataSet":{"info":{"date":"20230116","occupation":"PS","channel":"MOCK","place":"ONLINE","gender":"MALE","ageRange":"55-","experience":"EXPERIENCED"},"question":{"raw":{"text":"지원자님은 어떤 문제에 부딪쳤을 때 혼자 해결하는 편이세요 아니면 여러 사람들에게 이야기를 하는 편이세요","wordCount":14},"emotion":[],"intent":[]},"answer":{"raw":{"text":"어떤 문제에 부딪쳤을 때 혼자 해결하는 편입니까. 아니면 여러 사람들에게 이야기를 하는 편입니까. 예 제가 어떤 문제에 부딪쳤을 때 주로 혼자 해결하는 아 그런 편입니다. 제가 이제 지식적으로 많이 부족한 그런 부분에 있을 때에는 아 좋은 어 동료라든가 좋은 아 선배들의 그러한 아 교훈을 많이 받는 경우도 있겠지요. 하지마는 여러 가지 일에 닥쳤을 때 제가 혼자 해결하는 그런 편입니다. 제가 아 가정이 있기 때문에 저희 와이프라든가 아이들 어느 정도 성인이고 하니까 또한 서로 한 가정이다 보니까 서로 얘기하면서 또한 그러한 문제점 해결해야 되는 그러한 방법들 이런 것들을 찾음으로 인하여서 그러한 일들을 해결하는 나가는 아 그런 편에 또한 있습니다. 또한 음 제가 어 많은 크고 작은 그런 문제점들이 많이 있었습니다. 그럴 때마다 제가 혼자 독단적으로 해 가지고 실패해 봤던 그런 부분도 어 많이 있었고 라고 생각합니다. 그러다 보니까 요즘에는 될 수 있으면은 주위에 많은 조언을 들으려고 또한 노력을 합니다. 저의 그러한 독자적인 그런 생각에 오류라든가 아 그런 큰 문제들이 아 때로는 심각하게 발생할 수 있는 부분들이 많이 있습니다. 그러다 보니까 아 여러 사람과 더욱더 이렇게 대화를 통하여서 그 문제를 해결하도록 어 노력하고 있습니다. 어떻게 보면은 어 리스크를 최대한으로 줄이는 것이 앞으로 어 중년 노년의 삶에서 꼭 필요하다고 어 생각을 합니다.","wordCount":189},"emotion":[],"intent":[{"text":"","expression":"","category":"attitude"}],"summary":{"text":"어떤 문제에 부딪쳤을 때 혼자 해결하는 편인데, 주로 여러 사람들에게 이야기를 하는 편입니다. 여러 가지 일에 닥쳤을 때는 주로 혼자 해결합니다. 여러 사람과 대화를 통하여서 문제를 해결하도록 노력하고 있습니다. 리스크를 최대한 줄이는 것이 중년 노년의 삶에 꼭 필요하다고 생각을 합니다.","wordCount":40}}},"rawDataInfo":{"question":{"fileFormat":"wav","fileSize":324878,"duration":10150,"samplingBit":16,"channelCount":1,"samplingRate":"16kHz","audioPath":"/Mock/03.PublicService/Male/Experienced/ckmk_q_ps_m_e_256311.wav"},"answer":{"fileFormat":"wav","fileSize":3703758,"duration":115740,"samplingBit":16,"channelCount":1,"samplingRate":"16kHz","audioPath":"/Mock/03.PublicService/Male/Experienced/ckmk_a_ps_m_e_256311.wav"}}}