{"version":"1.0","dataSet":{"info":{"date":"20230116","occupation":"PS","channel":"MOCK","place":"ONLINE","gender":"MALE","ageRange":"35-44","experience":"EXPERIENCED"},"question":{"raw":{"text":"동물 실험이 인간에게 주는 이익에 관하여 말씀해 주세요 동물 실험에 대한 지원자님의 생각도 함께 말씀해 주시길 바랍니다","wordCount":17},"emotion":[],"intent":[]},"answer":{"raw":{"text":"네 동물 실험이 인간에게 주는 이 에 대해서 답변 드리도록 하겠습니다. 일단 동물 실험 결국 동물이 인간을 대체해서 인간의 요약 발전이라든지 인간의 로 실험을 할 수 없는 그런 부분에 대해서 어 동물들을 대체해서 이런 실험들이 진행이 되고 있는데 저는 이거를 반대하지는 않습니다. 당연히 인류의 발전이나 의학 발전 등에 대해서 이루어져야 한다고 생각하기 때문에 일차적으로 동물을 의한 실험에 대해서 성공하게 되면 이어서 이제 인간 실험이 될 것 같은데 그런 부분에 있어서는 동물에 조그마한 희생을 위해서 그 부분에서 희생을 통한 그 엄청난 발전이 있다고 생각합니다. 그래서 진행이 되어 있는 상황인데 네 이게 무자비하게 학살이 된다든지 무자비한 희생이 만을 된다면은 그 부분에 대해서는 좀 아닐 것 같습니다. 그래서 그런 부분을 잘 조율해서 효과적인 방법으로 해서 진행했을 시에는 큰 도움이 될 수 있기 때문에 동물 실험이 꼭 필요할 수 있다고 생각합니다. 이상입니다.","wordCount":128},"emotion":[],"intent":[{"text":"","expression":"","category":"attitude"}],"summary":{"text":"인간의 발전이나 의학 발전 등에 대해서 이루어져야 한다고 생각하기 때문에 동물에 의한 실험에 성공하게 되면 이어서 인간 실험이 될 것 같은데 그런 부분에 있어서는 동물에 조그마한 희생을 통해서 그 엄청난 발전이 있다고 생각합니다.","wordCount":33}}},"rawDataInfo":{"question":{"fileFormat":"wav","fileSize":387278,"duration":12100,"samplingBit":16,"channelCount":1,"samplingRate":"16kHz","audioPath":"/Mock/03.PublicService/Male/Experienced/ckmk_q_ps_m_e_215296.wav"},"answer":{"fileFormat":"wav","fileSize":2567118,"duration":80220,"samplingBit":16,"channelCount":1,"samplingRate":"16kHz","audioPath":"/Mock/03.PublicService/Male/Experienced/ckmk_a_ps_m_e_215296.wav"}}}