{"version":"1.0","dataSet":{"info":{"date":"20230116","occupation":"PS","channel":"MOCK","place":"ONLINE","gender":"MALE","ageRange":"35-44","experience":"EXPERIENCED"},"question":{"raw":{"text":"본인만의 스트레스 해소 방법이 있다면 무엇입니까 왜 그 방법으로 스트레스를 해소하시는지도 함께 말씀해 주세요","wordCount":14},"emotion":[],"intent":[]},"answer":{"raw":{"text":"제가 스트레스를 받았을 때 해소하는 두 가지의 방법이 있습니다. 하나는 명상을 통하여 피톤치드가 나오는 숲길을 한 시간에서 두 시간 정도 걷는 것입니다. 아무 생각 없이 명상을 하면서 조용한 물소리 새 소리를 들으면서 한 시간에서 한 시간 반 정도를 걸으면 저의 마음과 몸과 뇌가 완전히 정화되는 느낌입니다. 실제로 뇌 과학자들에 의하면 발바닥에 지속적인 자극을 가하면 우리 뇌는 새롭게 리프레시를 하고 포맷이 된다고 합니다. 물론 그렇다고 우리가 가지고 있는 모든 기억이 지워지는 게 아니라 우리가 가지고 있는 나쁜 기억 안 좋은 기억 아픈 기억들을 점점 밖으로 배출하고 새로운 새로운 영역의 기억들이 만들어질 수 있게끔 뇌 어느 한 부분이 깨끗해진다고 합니다. 전두엽이라고 알고 있는데 정확하지는 않습니다. 그리고 두 번째 해소 방법은 바로 테니스라는 운동을 하는 것입니다. 테니스를 하기 위해선 일반 코트 또는 산속에 있는 코트 실내 코트를 이용할 수 있는데 특히나 산속이나 일반 코트에는 자연 경관이 이루어져서 녹색으로 된 코트와 나무와 잔디를 보면 저도 모르게 자연스럽게 모든 것이 해소가 됩니다. 특히나 공을 한 번 칠 때마다 느껴지는 이 쾌감에 의해서 저의 스트레스가 하나 둘씩 사라지는 것 같아 이 두 가지를 저는 지속적으로 하고 있습니다.","wordCount":171},"emotion":[],"intent":[{"text":"특히나 공을 한 번 칠 때마다 느껴지는 이 쾌감에 의해서 저의 스트레스가 하나 둘씩 사라지는 것 같아 이 두 가지를 저는 지속적으로 하고 있습니다.","expression":"p_str_coping","category":"technology"}],"summary":{"text":"스트레스 해소법으로는 숲길을 한 시간에서 두 시간 정도 걷는 것, 그리고 테니스를 하는 것입니다. 자연 경관이 이루어져서 자연 경관을 보면서 자연스럽게 모든 것이 해소됩니다. 공을 한 번 칠 때마다 느껴지는 이 쾌감에 의해서 스트레스를 해소하는 것 같아 이 두 가지를 지속적으로 하고 있습니다.","wordCount":43}}},"rawDataInfo":{"question":{"fileFormat":"wav","fileSize":352078,"duration":11000,"samplingBit":16,"channelCount":1,"samplingRate":"16kHz","audioPath":"/Mock/03.PublicService/Male/Experienced/ckmk_q_ps_m_e_195128.wav"},"answer":{"fileFormat":"wav","fileSize":2749518,"duration":85920,"samplingBit":16,"channelCount":1,"samplingRate":"16kHz","audioPath":"/Mock/03.PublicService/Male/Experienced/ckmk_a_ps_m_e_195128.wav"}}}