{"version":"1.0","dataSet":{"info":{"date":"20230116","occupation":"PS","channel":"MOCK","place":"ONLINE","gender":"MALE","ageRange":"35-44","experience":"EXPERIENCED"},"question":{"raw":{"text":"본인은 의견을 주장할 때 강하게 주장을 하는 편인지 궁금한데요 어떤 스타일로 본인의 의견을 주장하시는지 어 설명해 주시기 바랍니다","wordCount":18},"emotion":[],"intent":[]},"answer":{"raw":{"text":"아 저 같은 경우는 제 의견을 주장할 때 강하게 주장할 때도 있고 그 상황에 맞춰서 진행하는 것 같습니다. 일단 내가 그 논리적으로나 근거적으로 봤을 때 확실하다 확실한 의견이다 싶을 때는 강하게 어필하는 편이고 이게 좀 주변의 아이디어나 여러 가지들이 좀 종합이 필요하겠다 싶을 때는 이렇게 넌지시 던져서 이렇게 좀 내 의견에 대한 그 분위기를 좀 살피는 편일 때도 있고 그 상황에 맞춰서 진행될 것 같습니다. 무슨 의견을 주장할 때 가장 중요한 것은 일단 논리적이어야 하고 어 그에 따른 의견에 따른 근거나 그런 증거 자료가 충분하다고 판단됐을 때 내 의견을 어 상대방에게 어필할 수 있을 것 같습니다. 그래서 그런 근거나 논리가 될 수 있는 만한 자료 종합이 일단 중요할 것 같고 그런 자료 종합이 갖춰졌을 때 아 인제 이 방향으로 갔을 때 확실한 성과가 있겠다 싶을 때는 그때는 정말 제 온 힘을 다 해서 어 강하게 어필할 수 있을 것 같습니다. 그래서 의견 제시보다는 그에 따른 논리나 근거가 더 중요할 것 같습니다. 이상입니다.","wordCount":152},"emotion":[],"intent":[{"text":"","expression":"","category":"attitude"}],"summary":{"text":"의견 제시보다 그에 따른 논리나 근거가 더 중요할 것 같습니다. 어떤 의견을 주장할 때 가장 중요한 것은 논리적이어야 하고 근거나 증거 자료가 충분하다고 판단됐을 때 제 의견을 상대방에게 어필할 수 있어야 합니다. 근거나 논리가 될 수 있는 만한 자료 종합이 중요하고 확실한 성과가 있겠다 싶을 때는 제가 온 힘을 다해 어필해야 합니다.","wordCount":52}}},"rawDataInfo":{"question":{"fileFormat":"wav","fileSize":456078,"duration":14250,"samplingBit":16,"channelCount":1,"samplingRate":"16kHz","audioPath":"/Mock/03.PublicService/Male/Experienced/ckmk_q_ps_m_e_192153.wav"},"answer":{"fileFormat":"wav","fileSize":2692558,"duration":84140,"samplingBit":16,"channelCount":1,"samplingRate":"16kHz","audioPath":"/Mock/03.PublicService/Male/Experienced/ckmk_a_ps_m_e_192153.wav"}}}