{"version":"1.0","dataSet":{"info":{"date":"20230116","occupation":"PS","channel":"MOCK","place":"ONLINE","gender":"MALE","ageRange":"-34","experience":"EXPERIENCED"},"question":{"raw":{"text":"지원자께서는 지금까지 회사 생활을 하시면서 많은 경험이 있으셨을 것입니다 그렇다면 모럴해저드 즉 도덕적 해이를 경험해 보신 적이 있으신지 그것에 대해서 말씀해 주십시오","wordCount":22},"emotion":[],"intent":[]},"answer":{"raw":{"text":"자기 자신이 잘 알고 있는 분야라고 해서 그 분야에서 더 선을 넘는 경우가 많이 있다 는 것을 저는 좀 많이 봐왔습니다. 예를 들면은 뭐 쉽게 말하면 이런 겁니다.법을 잘 아는 사람이 법을 어기고 물건을 훔칠 줄 아는 사람이 물건을 훔치는 뭐 그런 얘기죠. 한 번은 이랬던 적이 있었어요. 아침에 일찍 일어나서 새벽 에 시 운동장을 이렇게 돌고 있는데 이제 청소하시는 분께서 담배를 피우시는 거예요. 담배를 피우고 그냥 그 바닥에 다시 던지시더라고요. 쓰레기가 있는데 도저히 이건 넘어갈 수 없다 생각해서 가서 제가 한 마디 했습니다. 아니 담배를 피우고 그렇게 버리시면 어떡하냐 라고 했더니 아저씨가 화를 내시더라고요. 내가 여기를 청소를 하는데 내가 다시 담을 건데 당신이 무슨 상관이냐 어차피 내가 다시 쓸어담을 건데 니가 뭔데 나에게 그렇게 소리를 지르냐 저는 그걸 보고 느꼈어요. 아 아는 놈이 더 하는구나 더 사례를 말씀드리지 않겠지만 법도 법을 잘 아는 사람이 법을 더 잘 어깁니다.","wordCount":139},"emotion":[],"intent":[{"text":"","expression":"","category":"attitude"}],"summary":{"text":"자기 자신이 잘 알고 있는 분야라고 해서 그 분야에서 더 선을 넘는 경우가 많이 있다 는 것을 많이 봐왔습니다. 예를 들면, 법을 잘 아는 사람이 법을 어기고 물건을 훔칠 줄 아는 사람을 훔치는 것입니다. 법도 법을 잘아는 사람이 더 잘 어깁니다.","wordCount":41}}},"rawDataInfo":{"question":{"fileFormat":"wav","fileSize":564878,"duration":17650,"samplingBit":16,"channelCount":1,"samplingRate":"16kHz","audioPath":"/Mock/03.PublicService/Male/Experienced/ckmk_q_ps_m_e_199748.wav"},"answer":{"fileFormat":"wav","fileSize":2846798,"duration":88960,"samplingBit":16,"channelCount":1,"samplingRate":"16kHz","audioPath":"/Mock/03.PublicService/Male/Experienced/ckmk_a_ps_m_e_199748.wav"}}}