{"version":"1.0","dataSet":{"info":{"date":"20230116","occupation":"PS","channel":"MOCK","place":"ONLINE","gender":"MALE","ageRange":"45-54","experience":"EXPERIENCED"},"question":{"raw":{"text":"본인이 업무를 할 때 팀장의 성향이 더 맞는지 아니면 팀원의 성향이 맞는지 말씀을 한번 해 보시구요 구체적으로 경험을 했던 사례에 대해서도 설명을 해 주시겠습니까","wordCount":24},"emotion":[],"intent":[]},"answer":{"raw":{"text":"저는 팀을 이뤄서 뭐 프로젝트를 진행하거나 할 때 보면 약간 중간자적 입장을 취하는 경우가 되게 많습니다. 어 그 중간에서 어 상사의 의견을 어 동료나 아이 부하 직원한테 전달을 하고 반대로 부하 직원들의 애로사항이나 부하 직원들의 의견을 정리해서 상사한테 알리는 역할을 주로 했던 것 같습니다. 그런데 질문이 팀장 성향인지 팀원 성향인지를 묻는다면 저는 팀원 성향이 더 저한테 잘 맞는다고 생각을 합니다. 일단 팀장을 하게 되면 그 팀을 이끌어야 되고 그 팀을 관리하고 어떠한 목표가 주어졌을 때 프로젝트가 주어 임무가 주어졌을 때 그것을 완수해야 된다라는 어 그런 부담감이 생기게 됩니다. 어 뭐 그 부담감을 피하고자 팀장을 원하지 않는 것은 아닌데 아무래도 저는 팀원으로 있을 때 좀 더 자유롭고 아이디어도 많이 내고 그렇게 일에 접근했던 것 같습니다. 아무래도 팀장보다는 제 성격상 팀원일 때 더 좋은 성과를 내고 결과가 좋았던 것으로 기억합니다.","wordCount":128},"emotion":[],"intent":[{"text":"그런데 질문이 팀장 성향인지 팀원 성향인지를 묻는다면 저는 팀원 성향이 더   저한테 잘 맞는다고 생각을 합니다.","expression":"c_person","category":"background"},{"text":"아무래도 팀장보다는 제 성격상 팀원일 때 더 좋은 성과를 내고 결과가 좋았던 것으로 기억합니다.","expression":"c_person","category":"background"}],"summary":{"text":"저는 중간자적 입장을 취하는 경우가 많은데, 상사의 의견을 동료나 부하 직원한테 전달하고 반대로 부하 직원들의 애로사항이나 부하 직원들의 의견을 정리해서 상사에게 알리는 역할을 했던 것 같습니다. 그런데 질문이 팀장 성향인지 팀원 성향인지를 묻는다면 저는 팀원 성향이 더 잘 맞는다고 생각합니다.","wordCount":40}}},"rawDataInfo":{"question":{"fileFormat":"wav","fileSize":501518,"duration":15670,"samplingBit":16,"channelCount":1,"samplingRate":"16kHz","audioPath":"/Mock/03.PublicService/Male/Experienced/ckmk_q_ps_m_e_106014.wav"},"answer":{"fileFormat":"wav","fileSize":2576718,"duration":80520,"samplingBit":16,"channelCount":1,"samplingRate":"16kHz","audioPath":"/Mock/03.PublicService/Male/Experienced/ckmk_a_ps_m_e_106014.wav"}}}