{"version":"1.0","dataSet":{"info":{"date":"20230116","occupation":"PS","channel":"MOCK","place":"ONLINE","gender":"MALE","ageRange":"45-54","experience":"EXPERIENCED"},"question":{"raw":{"text":"민원을 받았을 때 민원인이 욕을 한다면 당신은 어떻게 대처할 것입니까","wordCount":10},"emotion":[],"intent":[]},"answer":{"raw":{"text":"음 이 경우는 음 사실 욕을 하는 정도의 민원인이라면 우선 조금 난이도가 있는 어느 정도 레벨이 있는 그런 민원인일 거라서 어 감정이 좋지 않을 확률이 높은데요. 사실 그러면 저는 난이도가 있고 네 어 민원인의 잘못이 큰 크다고 여겨진다면 저는 직업적인 부분으로서의 어 민원인에게 경고를 날릴 수 있을 것 같습니다. 그마저도 안 한다면 우리나라의 현실을 미루어 볼 때 그 마저도 안 안 한다면 그거는 결국 그 민원인의 사기를 올려줄 뿐더러 어 저와 동일한 직업군을 가진 사람들을 격하시키는 거기 때문에 아주 아주 아주 조심해야 된다고 생각을 합니다. 네 실제로 마찬가지구요. 정말 조심해야 되고 가 정말 필요로 할 때 그럴 때 해야지 아닌 것 같습니다 그냥은.","wordCount":103},"emotion":[],"intent":[{"text":"사실 그러면 저는 난이도가 있고 네   어 민원인의 잘못이 큰 크다고 여겨진다면 저는 직업적인 부분으로서의   어 민원인에게 경고를 날릴 수 있을 것 같습니다.","expression":"p_voc","category":"technology"},{"text":"그마저도 안 한다면   우리나라의 현실을 미루어 볼 때 그 마저도 안 안 한다면 그거는 결국 그 민원인의 사기를 올려줄 뿐더러   어 저와 동일한 직업군을 가진 사람들을 격하시키는 거기 때문에   아주 아주 아주 조심해야 된다고 생각을 합니다.","expression":"p_voc","category":"technology"}],"summary":{"text":"욕을 하는 정도의 민원인이라면 난이도가 있는 레벨이 있는 민원인일 거라서 감정이 좋지 않을 수 있지만, 민원인의 잘못이 크다고 여겨진다면 경고를 날릴 수 있을 것 같습니다. 그마저도 안 한다면 민원인의 사기를 올려줄 뿐이기 때문에 조심해야 합니다.","wordCount":35}}},"rawDataInfo":{"question":{"fileFormat":"wav","fileSize":283278,"duration":8850,"samplingBit":16,"channelCount":1,"samplingRate":"16kHz","audioPath":"/Mock/03.PublicService/Male/Experienced/ckmk_q_ps_m_e_112037.wav"},"answer":{"fileFormat":"wav","fileSize":2880078,"duration":90000,"samplingBit":16,"channelCount":1,"samplingRate":"16kHz","audioPath":"/Mock/03.PublicService/Male/Experienced/ckmk_a_ps_m_e_112037.wav"}}}