{"version":"1.0","dataSet":{"info":{"date":"20230116","occupation":"PS","channel":"MOCK","place":"ONLINE","gender":"MALE","ageRange":"35-44","experience":"EXPERIENCED"},"question":{"raw":{"text":"어 무언가를 달성하고 그리고 그것을 달성하기 위해서 목표를 세우고 어 장기적으로 노력해서 목표를 결국에는 달성해 달성한 그러한 경험이 있으신가요","wordCount":19},"emotion":[],"intent":[]},"answer":{"raw":{"text":"네 무언가를 달성하기 위해서 목표를 세우고 이 년에서 삼 년 정도 노력해서 달성한 경험에 대해서 어 답변 드리겠습니다. 어 이렇게 뭔가 계획을 세울 때는 주로 연간으로 많이 계획을 세우는 것 같습니다. 뭐 올해는 다이어트를 해야겠다 올해는 뭐 책을 열 권을 읽겠다 뭐 이런 식으로 연간 계획을 세우는데 삼 년간의 계획은 특별히 생각이 나는 게 없는 것 같은데 이런 한 삼 년 간의 계획이라고 하자면 제가 군 생활을 이제 간부 생활을 했었습니다. 그 간부 생활을 했었을 때 어 보통 이제 하사에서 중사로 진급할 때가 한 삼 년 정도 이 에서 삼 년 정도 소요가 되는데 그 기간을 아 좀 정했었던 것 같습니다. 그 중사 진급을 하기 위해서 이 년 안에 아니면 삼 년 안에 꼭 진급을 하겠다. 그래서 관련된 뭐 체력이라든지 뭐 표창 관리라든지 뭐 상급자에게 잘 보여야 하는 그런 부분까지 해서 나름 이렇게 해서 케주라 해 가지고 잘 그 부분을 지켜서 어 중사 진급을 원하는 시기준에 맞춰서 했었던 경험이 있는 것 같습니다. 그런 식으로 맞습니다. 이 에서 삼 년간 뭐 삼 회에서 오 년간 이렇게 뭔가 장기적인 목표를 정해 놓고 이렇게 진행한다고 하면은 정말 그런 계획성이 있게끔 해서 목표를 세우고 사는 게 사람으로서 제일 가장 원동력이 될 수 있지 않을까 싶습니다. 그런 부분에서는 어느 정도 목표가 설정이 된다면 그에 맞는 계획 또 실행력 이런 것들을 갖춰져야만이 그 목표를 이루지 않을까 싶습니다. 이상입니다.","wordCount":212},"emotion":[],"intent":[{"text":"","expression":"","category":"attitude"}],"summary":{"text":"계획을 세울 때는 주로 연간으로 많이 계획을 세우는데 삼 년간의 계획은 제가 군 생활을 했었을 때 하사에서 중사로 진급할 때가 한 삼 년 정도 소요되는데 그 기간을 좀 정했었던 것 같습니다. 이 에서 삼 년간 또는 삼 회에서 오 년간 이렇게 장기적인 목표를 정해 놓고 진행을 한다고 하면 정말 그런 계획성이 있게끔 해서 목표를 세우고 사는 게 가장 원동력이 될 수 있지 않을까 싶습니다.","wordCount":64}}},"rawDataInfo":{"question":{"fileFormat":"wav","fileSize":522958,"duration":16340,"samplingBit":16,"channelCount":1,"samplingRate":"16kHz","audioPath":"/Mock/03.PublicService/Male/Experienced/ckmk_q_ps_m_e_229915.wav"},"answer":{"fileFormat":"wav","fileSize":3608398,"duration":112760,"samplingBit":16,"channelCount":1,"samplingRate":"16kHz","audioPath":"/Mock/03.PublicService/Male/Experienced/ckmk_a_ps_m_e_229915.wav"}}}