{"version":"1.0","dataSet":{"info":{"date":"20230116","occupation":"PS","channel":"MOCK","place":"ONLINE","gender":"MALE","ageRange":"55-","experience":"EXPERIENCED"},"question":{"raw":{"text":"그동안 속해 있었던 조직이나 단체에서 지원자님께서는 주로 어떤 역할을 하셨는지 어 그것이 궁금합니다 어 중재자의 역할일 수도 있고 리더형일 수도 있는데 예시를 들어서 설명해 주시기를 바랍니다","wordCount":26},"emotion":[],"intent":[]},"answer":{"raw":{"text":"그동안 속해 있었던 조직 단체 속에서 지원자님께서는 주로 어떤 역할을 하는 사람이었는지 말씀해 주시겠습니까 예 제가 조직 속에서 여러 가지 일들을 해 왔지만은 아 이렇게 아 하위 직원으로서 이렇게 서포트하는 부분들 아 우리가 매니지어의 역할을 했던 일도 많이 있었고 최근에는 제가 리더로서의 역할을 많이 해 왔던 것 같습니다. 아 주어진 리더의 역할은 저의 나이에 맞게 저의 또한 경험에 맞게 이렇게 많이 해 왔었는데 많이 도움이 됐었고 그런 일들을 통하여서 많은 아 큰 어 결과물을 이루어냈다고 어 볼 수 있을 것 같습니다. 많은 중요한 시간들이 었고 그런 것들이 어떻게 보면 저의 그 개인적인 성장을 하는데도 어 도움이 되었다고 봅니다. 모든 일들은 아 역지사지로 이렇게 보여진다고 생각합니다. 남의 입장에서 생각하고 남의 입장에서 다시 한번 우리가 일을 해보고 그랬을 때 내가 아 그 사람에 이해하고 이렇게 또한 그 사람과 더불어서 잘 이끌어가는 좋은 위치라고 생각합니다. 제가 또한 아 사람을 아 리더로 역할을 많이 했지만 아 리더를 또한 키워가는 아 매니저들을 많이 또한 배출했다고 보여질 수도 있습니다. 또한 그 사람들이 어떻게 보면 시간이 돼서 좋은 위치에서 어 직원을 관리하는 매니저 역할 관리자의 역할 아 리더로서의 역할을 성장하는 것을 볼 때 아 뿌듯하고 또한 제가 그들에게 도움을 많이 줬구나 라는 생각을 가져본 적들이 많이 있었다고 생각합니다.","wordCount":191},"emotion":[],"intent":[{"text":"","expression":"","category":"attitude"}],"summary":{"text":"지원자님, 조직 내에서 하위직원을 서포트하는 역할로 리더로서의 역할을 해왔습니다. 리더로서 경험에 맞게 많은 일들을 해왔는데 이것이 저 개인적 성장을 하는데 도움이 되었다고 생각합니다. 남의 입장에서 일을 해보고 그 사람을 이해하고 더불어 잘 이끌어가는 좋은 위치라고 생각합니다. 리더로 역할을 많이 했지만 리더를 키워가는 매니저들을 많이 배출했다고 보여집니다.","wordCount":46}}},"rawDataInfo":{"question":{"fileFormat":"wav","fileSize":545358,"duration":17040,"samplingBit":16,"channelCount":1,"samplingRate":"16kHz","audioPath":"/Mock/03.PublicService/Male/Experienced/ckmk_q_ps_m_e_242349.wav"},"answer":{"fileFormat":"wav","fileSize":3888078,"duration":121500,"samplingBit":16,"channelCount":1,"samplingRate":"16kHz","audioPath":"/Mock/03.PublicService/Male/Experienced/ckmk_a_ps_m_e_242349.wav"}}}