{"version":"1.0","dataSet":{"info":{"date":"20230116","occupation":"PS","channel":"MOCK","place":"ONLINE","gender":"MALE","ageRange":"35-44","experience":"EXPERIENCED"},"question":{"raw":{"text":"지원자님께서는 팀장에 더 잘 맞을 것 같으세요 팀원에 잘 맞을 것 같으세요 그렇게 생각하시는 이유도 함께 말씀해 주시길 바랍니다","wordCount":19},"emotion":[],"intent":[]},"answer":{"raw":{"text":"어 저 같은 경우는 일단 저는 회사에서도 팀장까지 하고 인제 지금 회사에 지원하다 보니까 팀장을 했을 때 이제 더 잘 맞는 것 같습니다. 제가 결국은 팀장이라는 것은 벌써 인제 책임자이기 때문에 이 책임감을 갖고 업무를 해야 합니다. 어 잘 되도 내 탓이고 못 되도 내 탓이 되야 하는 그런 마인드를 갖고 일이 잘 안 됐을 때 부하들에게 그것을 돌린다든지 뭐 공은 부하들에게 넘겨줘야 할 것이고 그런 것들을 갖췄을 때 인제 팀장의 역할이 되는 것인데 일단 팀원 생활보다는 일단 팀장 정도 됐을 때에도 그 상급자가 있을 겁니다. 그래서 결국은 중간 관리자 정도 될 건데 또 중간 관리자로서 역할을 일단 하급자와 상급자에 의해서 중간 다리 역할을 잘 해줘야 합니다. 그렇게 됐을 때 아 이제 윤활유제가 돼서 서로 서로 어 그런 것들에 대해서 인제 중요한 것들만 뽑아내서 하나의 그 같은 방향을 갈 수 있는 그런 목표 설정 이러한 설정이 되어 있을 때 가장 그 팀에 어 극대화 성과가 극대화될 수 있을 것 같습니다. 이상입니다.","wordCount":151},"emotion":[],"intent":[{"text":"어 잘 되도 내 탓이고 못 되도 내 탓이 되야 하는 그런 마인드를 갖고 일이   잘 안 됐을 때 부하들에게 그것을 돌린다든지 뭐 공은 부하들에게 넘겨줘야 할 것이고   그런 것들을 갖췄을 때 인제 팀장의 역할이 되는 것인데 일단 팀원 생활보다는 일단 팀장 정도 됐을 때에도 그 상급자가 있을 겁니다.","expression":"p_proac","category":"attitude"}],"summary":{"text":"저는 팀장을 했을 때 더 잘 맞는 것 같습니다. 팀장이라는 것은 책임을 갖고 업무를 해야 합니다. 일이 잘 안 됐을 때 부하들에게 돌린다든지 공을 부하들에게 넘겨줘야 할 것들을 갖췄을 때 팀장의 역할이 되는 것인데 상급자가 있을 것입니다. 그 상급자에 의해서 중간 다리 역할을 잘 해줘야 합니다. 그래야 극대화 성과가 극대화될 수 있습니다.","wordCount":52}}},"rawDataInfo":{"question":{"fileFormat":"wav","fileSize":576078,"duration":18000,"samplingBit":16,"channelCount":1,"samplingRate":"16kHz","audioPath":"/Mock/03.PublicService/Male/Experienced/ckmk_q_ps_m_e_196666.wav"},"answer":{"fileFormat":"wav","fileSize":2675278,"duration":83600,"samplingBit":16,"channelCount":1,"samplingRate":"16kHz","audioPath":"/Mock/03.PublicService/Male/Experienced/ckmk_a_ps_m_e_196666.wav"}}}