{"version":"1.0","dataSet":{"info":{"date":"20230116","occupation":"PS","channel":"MOCK","place":"ONLINE","gender":"MALE","ageRange":"-34","experience":"EXPERIENCED"},"question":{"raw":{"text":"협업을 할 때 지원자님은 사교성이 좋은 편이신가요 또한 그 사교성을 키우기 위해 본인은 어떤 노력을 해 오셨는지 말씀 부탁드립니다","wordCount":19},"emotion":[],"intent":[]},"answer":{"raw":{"text":"저는 사교성이 좋은 편이라고 생각합니다. 어릴 때부터 낯을 많이 가렸던 저는 학교생활을 하고 사회생활을 하는 데 대해서 낯가림은 저의 인생에 대해서 장애물이라고 생각했습니다. 그렇기 때문에 이제 사회생활을 하고 학교생활을 하면서 처음 보는 친구들이나 처음 보는 사교 모임 같은 데 가게 되면은 그 낯가림을 극복하기 위해서 먼저 다가가서 인사를 먼저 하고 먼저 다가가 안부를 전하고 그렇게 이제 노력한 결과 지금은 낯가림은 많이 줄어들었고 오히려 그런 자리나 처음 보는 사교 모임이 이런 데 가게 되면은 그 모임을 제가 먼저 리드하는 그런 모습으로 지금은 많이 변했습니다.","wordCount":83},"emotion":[],"intent":[{"text":"저는 사교성이 좋은 편이라고 생각합니다.","expression":"c_person","category":"background"},{"text":"어릴 때부터 낯을 많이 가렸던 저는 학교생활을 하고 사회생활을 하는 데 대해서 낯가림은 저의 인생에 대해서 장애물이라고 생각했습니다.","expression":"c_person","category":"background"},{"text":"그렇기 때문에 이제 사회생활을 하고 학교생활을 하면서 처음 보는 친구들이나 처음 보는 사교 모임 같은 데 가게 되면은 그 낯가림을 극복하기 위해서 먼저 다가가서 인사를 먼저 하고 먼저 다가가 안부를 전하고 그렇게 이제 노력한 결과 지금은 낯가림은 많이 줄어들었고 오히려 그런 자리나 처음 보는 사교 모임이 이런 데 가게 되면은 그 모임을 제가 먼저 리드하는 그런 모습으로 지금은 많이 변했습니다.","expression":"c_person","category":"background"}],"summary":{"text":"어릴 때부터 낯가림을 많이 가렸던 저는 학교생활을 하고 사회생활을 하는 데 있어서 낯가짐은 인생에 대해서 장애물이라고 생각했습니다. 그래서 먼저 다가가서 인사하고 안부를 전하고 그 모임에 리드하는 모습으로 많이 변했습니다.","wordCount":29}}},"rawDataInfo":{"question":{"fileFormat":"wav","fileSize":635278,"duration":19850,"samplingBit":16,"channelCount":1,"samplingRate":"16kHz","audioPath":"/Mock/03.PublicService/Male/Experienced/ckmk_q_ps_m_e_202013.wav"},"answer":{"fileFormat":"wav","fileSize":1530318,"duration":47820,"samplingBit":16,"channelCount":1,"samplingRate":"16kHz","audioPath":"/Mock/03.PublicService/Male/Experienced/ckmk_a_ps_m_e_202013.wav"}}}