{"version":"1.0","dataSet":{"info":{"date":"20230116","occupation":"PS","channel":"MOCK","place":"ONLINE","gender":"MALE","ageRange":"45-54","experience":"EXPERIENCED"},"question":{"raw":{"text":"만약 지원자님께서 어 게임 속에 등장하는 캐릭터라고 가정을 한다면 어떤 게임에서 어떠한 캐릭터를 맡아서 수행하고 싶으신지 말씀해 주시기 바랍니다","wordCount":19},"emotion":[],"intent":[]},"answer":{"raw":{"text":"어 저는 솔직히 그 게임을 별로 좋아하지 않습니다. 학창 시절에도 특별히 뭐 모바일이나 온라인 게임을 뭐 열심히 해본 기억이 별로 없습니다. 뭐 하지만 어 제가 만약 제가 게임 속에서 어떤 캐릭터를 원하냐 라고 물으신 지 질문에 대해서는 물론 캐릭터에는 수많은 게임 속에는 수많은 캐릭터가 있습니다. 뭐 전사도 있고 뭐 무슨 뭐 마법사도 있고 치료사도 있고 뭐 여러 종류의 캐릭터가 있지만 저는 제가 원하는 것은 마법사 마법사나 책사 같은 캐릭터입니다. 어 직접 막 그 뭐 전투나 뭐 이런 거에서 막 직접 나가서 싸우는 장수나 무사 뭐 이런 캐릭터가 아닌 어 뒤에서 보조를 하고 어 판에 전체적인 분위기를 파악하고 어 저의 지략이나 저의 판단으로 판세를 바꿀 수 있는 저는 그런 역할을 원합니다. 그래서 개인적으로 게임 속 캐릭터를 고르라고 하면 저는 무슨 책사나 아니면 마법사 이런 식으로 어 누군가한테 조언을 하고 게임을 조율하고 분위기를 조율하는 어 그런 캐릭터를 원하는 것 같습니다.","wordCount":138},"emotion":[],"intent":[{"text":"","expression":"","category":"attitude"}],"summary":{"text":"저는 모바일이나 온라인 게임을 별로 좋아하지 않습니다. 하지만 제가 게임 속에서 원하는 것은 책사나 책사 같은 캐릭터입니다. 누군가한테 조언을 하고 게임을 조율하고 분위기를 조율하는 그런 캐릭터를 원하는 것 같습니다.","wordCount":29}}},"rawDataInfo":{"question":{"fileFormat":"wav","fileSize":487758,"duration":15240,"samplingBit":16,"channelCount":1,"samplingRate":"16kHz","audioPath":"/Mock/03.PublicService/Male/Experienced/ckmk_q_ps_m_e_108396.wav"},"answer":{"fileFormat":"wav","fileSize":2444878,"duration":76400,"samplingBit":16,"channelCount":1,"samplingRate":"16kHz","audioPath":"/Mock/03.PublicService/Male/Experienced/ckmk_a_ps_m_e_108396.wav"}}}