{"version":"1.0","dataSet":{"info":{"date":"20230116","occupation":"PS","channel":"MOCK","place":"ONLINE","gender":"MALE","ageRange":"45-54","experience":"EXPERIENCED"},"question":{"raw":{"text":"지원자님께서는 본인이 직접 해외 출장 장소를 선택할 수 있다면 꼭 한 번 가서 일해보고 싶은 나라가 있으신가요","wordCount":17},"emotion":[],"intent":[]},"answer":{"raw":{"text":"저는 음 우리나라 음식이 조금 가장 생소한 나라가 어디일까요 거기로 가고 싶어요 출장을. 그래서 우리나라 문화나 우리나라의 어떤 음식에 대해서 전혀 알려지지 않은 그 나라의 음식도 맛보고 싶고 그리고 그 나라에서 현지인들에게 우리나라 음식을 체험하게 하고 싶어요 경험하게. 어디가 있을까요. 요즘엔 정말 많이 네 많이 많이 이제 우리나라 문화가 알려졌기 때문에 쉽지는 않을 거 같애요 그런 나라를 찾는 게. 뭐 어디 뭐 원시 부족 뭐 이런 데 갈 수도 없는 거고 그렇다고 뭐 아프리카 쪽이 그나마 그럴까요. 아 이거는 이제는 또 이런 나라를 찾는 것 부터가 어려울 것 같네요. 네 딱 어느 나라라고 선뜻 짐작을 할 수가 없네요. 지금은 참 많이 융성해졌습니다 네 우리나라를 아는 또 사람들이 인구들이.","wordCount":108},"emotion":[],"intent":[{"text":"","expression":"","category":"attitude"}],"summary":{"text":"우리나라 문화나 음식에 대해 잘 알려지지 않은 그 나라를 찾아가고 싶습니다. 요즘은 우리나라 문화가 많이 알려졌기 때문에 쉽게 찾을 수 없을 것 같습니다. 지금은 참 많이 융성해졌습니다.","wordCount":27}}},"rawDataInfo":{"question":{"fileFormat":"wav","fileSize":310478,"duration":9700,"samplingBit":16,"channelCount":1,"samplingRate":"16kHz","audioPath":"/Mock/03.PublicService/Male/Experienced/ckmk_q_ps_m_e_179551.wav"},"answer":{"fileFormat":"wav","fileSize":2917838,"duration":91180,"samplingBit":16,"channelCount":1,"samplingRate":"16kHz","audioPath":"/Mock/03.PublicService/Male/Experienced/ckmk_a_ps_m_e_179551.wav"}}}