{"version":"1.0","dataSet":{"info":{"date":"20230116","occupation":"PS","channel":"MOCK","place":"ONLINE","gender":"MALE","ageRange":"-34","experience":"EXPERIENCED"},"question":{"raw":{"text":"어 우리 회사에 지원자님께서 입사하게 되신다면 어 개인적으로 가장 가고 싶으신 부서와 그리고 그 부서를 가장 가고 싶다고 생각하신 이유를 함께 말씀해 주시기를 바랍니다","wordCount":24},"emotion":[],"intent":[]},"answer":{"raw":{"text":"저는 써비스 부서를 가고 싶습니다. 사람을 만나는 것을 좋아하며 사교성이 좋은 저 이기에 써비스직을 하며 고객님들께 부족한 부분을 설명하고 안내를 해 줌으로써 제가 알지 못했던 부분들도 경험을 통해 배우며 저의 친화력으로 더더욱 친근하게 고객님들께 불편하지 않도록 다가가 기업의 이미지를 더욱 좋게 만드는 것이 회사에 도움이 될 수 있는 부분이기에 제가 가지고 있는 장점을 통해 장점과 어울리는 부서에 들어와 장점을 활용하며 직장생활을 하고 싶습니다.","wordCount":63},"emotion":[],"intent":[{"text":"","expression":"","category":"attitude"}],"summary":{"text":"사교성이 좋은 저는 고객님들께 부족한 부분을 설명하고 안내를 함으로 친근하게 다가가 기업의 이미지를 더욱 좋게 만드는 것이 회사에 도움이 되는 써비스 부서를 가고 싶습니다.","wordCount":24}}},"rawDataInfo":{"question":{"fileFormat":"wav","fileSize":499278,"duration":15600,"samplingBit":16,"channelCount":1,"samplingRate":"16kHz","audioPath":"/Mock/03.PublicService/Male/Experienced/ckmk_q_ps_m_e_229880.wav"},"answer":{"fileFormat":"wav","fileSize":1719758,"duration":53740,"samplingBit":16,"channelCount":1,"samplingRate":"16kHz","audioPath":"/Mock/03.PublicService/Male/Experienced/ckmk_a_ps_m_e_229880.wav"}}}