{"version":"1.0","dataSet":{"info":{"date":"20230116","occupation":"PS","channel":"MOCK","place":"ONLINE","gender":"MALE","ageRange":"35-44","experience":"EXPERIENCED"},"question":{"raw":{"text":"스터디를 따로 하고 계신 것이 있나요 만약 있다면 어떤 공부를 하고 있고 왜 하고 있는지도 함께 말씀해 주실 수 있을까요","wordCount":20},"emotion":[],"intent":[]},"answer":{"raw":{"text":"제가 요즘 따로 공부하고 있는 것은 바로 빅데이터를 활용한 데이터 활용법입니다. 어떻게 하면 빅데이터를 가지고 자료를 만들어서 좋은 데이터를 취합하고 그걸 가서 가지고 우리 회사 또는 우리 업무에 응용할 수 있는가 하는 것입니다. 빅데이터를 하기 위해서는 파이선이라고 하는 프로그램을 배워야 되고 그 프로그램은 시샵이나 시뿔뿔 자바 같이 아주 어렵지는 않지만 그래도 기본적으로 육 개월에서 일 년 정도 학원이나 인터넷 수강을 통해서 배울 수 있습니다. 그 빅데이터를 배우다 보면 인공 지능에 대해서 자연스럽게 알게 되고 인공 지능이 빅데이터를 활용해서 어떻게 딥 러닝 머신 러닝을 하여 고객들의 니즈를 파악하는지까지도 한눈에 알아볼 수 있습니다. 특히나 전 회사 같은 경우는 공장 자동화 팩토리 오토메이션을 통해서 인력을 줄이고 생산량을 늘리고 품질을 관리를 하는 시스템을 만들어 냈습니다. 그 프로젝트에서 가장 필요한 것이 바로 빅데이터를 활용한 머신 러닝이었습니다. 그런데 이 빅데이타 및 머신 러닝 파이선을 모르면 앞으로도 살아가기 힘들고 이제는 애플 구글 바이두 같은 인공지능을 통한 자율 주행도 세상에 널리 알려져서 앞으로 십 년 안에는 이런 프로그램 및 플랫폼을 응용하 응용하지 못한다면 직장 생활을 하기 힘들거나 아니면 이 산업에서 살아남기 힘들 것으로 생각 되어 공부하고 있습니다.","wordCount":169},"emotion":[],"intent":[{"text":"그런데 이 빅데이타 및 머신 러닝 파이선을 모르면   앞으로도 살아가기 힘들고 이제는 애플 구글 바이두 같은 인공지능을 통한 자율   주행도 세상에 널리 알려져서 앞으로 십 년 안에는 이런 프로그램 및 플랫폼을 응용하   응용하지 못한다면 직장 생활을 하기 힘들거나 아니면 이 산업에서 살아남기 힘들 것으로 생각 되어   공부하고 있습니다.","expression":"c_imp","category":"personality"}],"summary":{"text":"빅데이터를 활용하기 위해 파이선이라는 프로그램을 배워야 합니다. 그 프로그램을 배우면 인공 지능에 대해 자연스럽게 알게 되고 딥 러닝 머신 러닝을 통해 고객의 니즈를 파악하는지까지도 한눈에 알아볼 수 있습니다. 앞으로 십 년 안에는 이런 프로그램 및 플랫폼을 응용하지 못하면 직장 생활을 하기 힘들거나 이 산업에서 살아남기 힘들 것으로 생각 되어 공부하고 있습니니다.","wordCount":51}}},"rawDataInfo":{"question":{"fileFormat":"wav","fileSize":588558,"duration":18390,"samplingBit":16,"channelCount":1,"samplingRate":"16kHz","audioPath":"/Mock/03.PublicService/Male/Experienced/ckmk_q_ps_m_e_195127.wav"},"answer":{"fileFormat":"wav","fileSize":2826958,"duration":88340,"samplingBit":16,"channelCount":1,"samplingRate":"16kHz","audioPath":"/Mock/03.PublicService/Male/Experienced/ckmk_a_ps_m_e_195127.wav"}}}