{"version":"1.0","dataSet":{"info":{"date":"20230116","occupation":"PS","channel":"MOCK","place":"ONLINE","gender":"MALE","ageRange":"35-44","experience":"EXPERIENCED"},"question":{"raw":{"text":"해외 파견 근무를 나가게 되면 어느 나라에서 일하고 싶으세요 그 나라에서 왜 일하고 싶은지 그 이유도 같이 말씀해 주세요","wordCount":19},"emotion":[],"intent":[]},"answer":{"raw":{"text":"제가 해외 파견 근무를 가게 되면 가장 가고 싶은 곳은 바로 유럽의 독일입니다. 유럽은 모든 국가들 웬만한 국가들이 대부분 기술이 선진화 되어 있지만 특히나 독일은 모든 최첨단 기기 분야에서 거의 탑 클래스입니다. 특히나 자동차는 비엠떠블유 메르데세스 벤츠 같은 특별한 자동차를 만들고 의료기기 같은 경우는 엠알아이 씨티 치료 장비 등 아무도 따라올 수 없는 영역에서 최고의 장비를 만들어 냈습니다. 특히나 독일 사람들은 한국 사람 또는 아시아 사람들에 대해 굉장히 우호적이고 독일은 중학교만 졸업을 해도 학생들이 웬만한 프로그램을 혼자 공부하고 혼자 개발하여 이십 대 중후반이 되면 대한민국의 상급 개발자들보다 더 뛰어난 실력을 갖는다고 합니다. 아시아의 유럽이라고 할 할 정도로 열정과 인정 그런 것들이 뛰어나고 친화력이 아주 좋은 곳이 독일입니다. 가끔 독일 사람들을 보면 말투나 이런 곳에서 좀 딱딱해 보인다고 하지만 실제로 독일의 출장을 갖거나 유학을 했던 친구들을 보면 아시아 사람들이 가지고 있는 특히나 대한민국 사람들이 가지고 있는 열정과 끈기 이런 것들이 독일 사람들이 훨씬 더 뛰어나고 굉장히 아시아 사람들에게 친절하고 인종 차별이 없다고 해서 저는 해외 파견 근무는 독일로 가고 싶습니다.","wordCount":159},"emotion":[],"intent":[{"text":"","expression":"","category":"attitude"}],"summary":{"text":"해외 파견 근무를 하게 되면 가장 가고 싶은 곳은 유럽의 독일입니다. 유럽은 대부분 기술이 선진화 되어 있지만 특히 독일은 모든 최첨단 기기 분야에서 탑 클래스입니다. 특히 독일 사람들은 한국 사람 또는 아시아 사람에 대해 굉장히 우호적이고 굉장히 아시아 사람들에게 친절하고 인종 차별이 없다고 해서 해외 파견 근무는 독일로 가고 싶습니다.","wordCount":50}}},"rawDataInfo":{"question":{"fileFormat":"wav","fileSize":349198,"duration":10910,"samplingBit":16,"channelCount":1,"samplingRate":"16kHz","audioPath":"/Mock/03.PublicService/Male/Experienced/ckmk_q_ps_m_e_192850.wav"},"answer":{"fileFormat":"wav","fileSize":2689998,"duration":84060,"samplingBit":16,"channelCount":1,"samplingRate":"16kHz","audioPath":"/Mock/03.PublicService/Male/Experienced/ckmk_a_ps_m_e_192850.wav"}}}