{"version":"1.0","dataSet":{"info":{"date":"20230116","occupation":"PS","channel":"MOCK","place":"ONLINE","gender":"MALE","ageRange":"55-","experience":"EXPERIENCED"},"question":{"raw":{"text":"모럴 해저드 도덕적 해이를 직접 경험 경험해 보신 적이 있으신가요 있으시면 당시의 상황을 한번 설명해 주세요","wordCount":16},"emotion":[],"intent":[]},"answer":{"raw":{"text":"모럴 헤저드 도덕적 해이를 직접 경험해 보신 적이 있으십니까. 있으시대면 당시의 상황을 말씀해 주세요. 예. 제가 모럴 헤저드라든가 도덕적 해이를 직접적으로 경험해 본 적은 없지만은 아 제 회사에 아 타 부서에서 그런 부분을 경험을 어 본 적이 있습니다. 참으로 그 안타까운 일이었었고 회사에 마이너스가 되고 어 화세 회사의 이미지를 어 낮추는 그러한 부분이 있었습니다. 또한 우리 그 직장인들끼리에 서로의 의심을 아 사는 그런 부분도 있었습니다. 한 상사는 아 회사의 공금을 가지고 주식 투자라든가 다른 가치 투자를 통해서 쫄딱 망한 아 그런 일들이 있었는데요. 그런 것을 통해 가지고 상당히 우리에게 아 공감을 이루었던 그런 부분이 있었고 우리가 늘 경계해야 되겠다 는 그런 생각 가운데 아 지금까지 직장생활과 이렇게 사업과 또한 그 사람을 이렇게 채용하는 데 있어서 그런 부분들을 유심히 살펴본다 고 볼 수 있습니다. 어떻게 보면 신뢰와 정직으로 어 세워져야 되는데 한순간에 그런 아 발을 아 디딤으로 인해서 빼어나지 못하고 계속해서 그러한 일 공금을 횡령하고 횡령하고 함으로 인하여서 큰 문제가 일어났던 적들을 볼 수가 있었습니다. 아 그런 부분들을 볼 때 아 늘 회사에서도 관리적인 측면에서도 직원 개개인들도 그런 거에 대해서 참으로 염려하고 걱정하고 또한 아 경계를 늦추지 말아야 될 것이라고 생각을 합니다.","wordCount":181},"emotion":[],"intent":[{"text":"","expression":"","category":"attitude"}],"summary":{"text":"모럴 헤저드 도덕적 해이를 직접 경험해 보신 적 있으시대면 당시의 상황을 말씀해 보세요. 제가 직접 경험해본 적은 없지만 회사에 마이너스가 되고 회사의 이미지를 낮추는 부분이 있었고 직장인들끼리 서로의 의심을 사는 그런 부분도 있었습니다. 아 그런 부분들을 볼 때 늘 회사에서도 직원 개개인들도 그런 거에 대해서 염려하고 또한 경계를 늦추지 말아야 될 것이라고 생각을 합니다.","wordCount":54}}},"rawDataInfo":{"question":{"fileFormat":"wav","fileSize":310478,"duration":9700,"samplingBit":16,"channelCount":1,"samplingRate":"16kHz","audioPath":"/Mock/03.PublicService/Male/Experienced/ckmk_q_ps_m_e_242096.wav"},"answer":{"fileFormat":"wav","fileSize":3861198,"duration":120660,"samplingBit":16,"channelCount":1,"samplingRate":"16kHz","audioPath":"/Mock/03.PublicService/Male/Experienced/ckmk_a_ps_m_e_242096.wav"}}}