{"version":"1.0","dataSet":{"info":{"date":"20230116","occupation":"PS","channel":"MOCK","place":"ONLINE","gender":"MALE","ageRange":"45-54","experience":"EXPERIENCED"},"question":{"raw":{"text":"본인은 전공 이외에도 어 자신이 수준급의 실력이 될 정도로 노력한 것이 있습니까 만약 전공과 관련하여 어떤 도움을 준다고 생각을 하십니까","wordCount":20},"emotion":[],"intent":[]},"answer":{"raw":{"text":"그 이 이 어 저는 사회복지학과를 나왔는데 어떻게 보면 전혀 관계가 없다고 전공과 다르다고 할 수는 없지만 어 저는 약 한 칠 년 전쯤에 회사를 잠깐 쉬어야 되는 건강성의 문제로 회사를 잠시 쉬는 기간이 있었습니다. 어 당시에 이제 뭐 병원도 다니고 치료를 하면서 그 좀 남는 시간을 통해 가지고 저는 당시에 보육교사 어 자격증을 따기 위해서 공부를 했습니다. 어 저 대학교 에 평생교육원에 등록을 해 가지고 주말에는 가서 수업을 듣고 주중에는 인터넷으로 강의를 듣고 어 때로는 시험을 보고 그리고 나서 최종적으로는 그 어 보육시설에 나가서 이제 실습을 하고 어 전 약 한 이여 년에 걸쳐서 준비를 했고 어 나름 최종적으로 보육교사 자격증을 취득을 했습니다. 어 사회복지학과와 그 보육 교사는 어떻게 보면 그 아동 복지 부문에 있어서 그 같은 전부 다른 분야라고 할 수는 없지만 그 그래도 어 저는 추후에 나중에 은퇴를 하고 나면 이 그 아동 보육에 관심이 있어서 그쪽으로 어 한 번 제 이의 인생을 한 번 살아볼까 하는 생각도 있습니다. 그래서 저는 어 보육교사 자격증을 취득했고 저 스스로 대견하고 잘한 일이라고 생각합니다.","wordCount":164},"emotion":[],"intent":[{"text":"어 사회복지학과와 그 보육 교사는 어떻게 보면   그 아동 복지 부문에 있어서 그 같은 전부 다른 분야라고 할 수는 없지만   그 그래도 어 저는 추후에 나중에 은퇴를 하고 나면 이 그 아동   보육에 관심이 있어서 그쪽으로 어 한 번 제 이의 인생을 한 번 살아볼까 하는 생각도 있습니다.","expression":"c_imp","category":"personality"}],"summary":{"text":"저는 사회복지학과를 나왔는데 약 한 칠 년 전쯤 건강상의 문제로 회사를 잠시 쉬는 기간이 있었습니다. 병원에서 치료를 하면서 저는 보육교사 자격증을 따기 위해서 공부를 했습니다. 평생교육원에 등록을 해 가지고 주말, 수업, 강의, 시험, 보육시설 실습을 하고 최종적으로 자격증을 취득했습니다. 자격증을 취득한 것을 대견하게 생각합니다.","wordCount":44}}},"rawDataInfo":{"question":{"fileFormat":"wav","fileSize":587598,"duration":18360,"samplingBit":16,"channelCount":1,"samplingRate":"16kHz","audioPath":"/Mock/03.PublicService/Male/Experienced/ckmk_q_ps_m_e_106131.wav"},"answer":{"fileFormat":"wav","fileSize":2859598,"duration":89360,"samplingBit":16,"channelCount":1,"samplingRate":"16kHz","audioPath":"/Mock/03.PublicService/Male/Experienced/ckmk_a_ps_m_e_106131.wav"}}}