{"version":"1.0","dataSet":{"info":{"date":"20230116","occupation":"PS","channel":"MOCK","place":"ONLINE","gender":"MALE","ageRange":"35-44","experience":"EXPERIENCED"},"question":{"raw":{"text":"본인의 장점과 단점을 설명해 주시고 그것을 특화시키고 극복시키기 위한 노력도 함께 말씀 부탁드립니다","wordCount":13},"emotion":[],"intent":[]},"answer":{"raw":{"text":"어 저의 인제 장점과 단점 그거를 제가 인제 극복하거나 단점에 대한 부족한 점을 채우기 위해서 노력했던 부분에 대해서 말씀드리겠습니다. 일단 저는 장점과 단점이 동일합니다. 일단 제가 좀 성격 자체도 그러고 좀 여유로운 성격을 가지려고 노력을 합니다. 이제 그런 부분에 있어서 어 상대방이 봤을 때는 그 사람은 참 여유로워 보인다. 아 항상 막 급해 보이지 않고 뭔가 쫓기지 않고 항상 여유를 갖고 업무를 하는 스타일이다. 이게 인제 장점으로 봐 주는 사람들도 있고 또한 그 부분이 이제 단점이 돼서 저 사람 한가한 데 업무에 대한 의지가 없나 이렇게 느낀다고 하는 그런 단점에 대한 얘기도 들어봤던 것 같습니다. 근데 이거를 제가 특화하고 어 또 단점으로 보이는 부분을 극복하기 위해서 제가 했던 노력은 어 좀 더 업무를 꼼꼼하게 더 성과 있게끔 하려고 노력했던 것 같습니다. 저는 이제 시간 관리나 계획적으로 움직이기 때문에 그런 시간 관리를 잘 해서 여유가 있다고 생각하기 때문에 그런 부분을 좀 더 부각시키고 보여 준다면 아 자기 일은 다하면서도 저렇게 여유로운 모습 오 오히려 장점으로만 보일 수 있지 않을까 싶습니다. 이상입니다.","wordCount":160},"emotion":[],"intent":[{"text":"일단 제가 좀 성격 자체도 그러고 좀 여유로운 성격을 가지려고 노력을 합니다.","expression":"c_person","category":"background"}],"summary":{"text":"저는 성격이 여유롭고 급해 보이지 않으며 업무에 대한 의지가 없어 보인다는 단점을 가지고 있습니다. 이것을 제가 특화하고 또 단점을 극복하기 위해서 좀 더 업무를 꼼꼼하게 더 성과 있게끔 하려고 노력했던 것 같습니다. 시간 관리를 잘 해서 여유가 있다고 생각하기 때문에 그런 부분을 더 부각시키고 보여 준다면 오히려 장점으로만 보일 수 있지 않을까 싶습니다.","wordCount":53}}},"rawDataInfo":{"question":{"fileFormat":"wav","fileSize":353998,"duration":11060,"samplingBit":16,"channelCount":1,"samplingRate":"16kHz","audioPath":"/Mock/03.PublicService/Male/Experienced/ckmk_q_ps_m_e_192160.wav"},"answer":{"fileFormat":"wav","fileSize":2696398,"duration":84260,"samplingBit":16,"channelCount":1,"samplingRate":"16kHz","audioPath":"/Mock/03.PublicService/Male/Experienced/ckmk_a_ps_m_e_192160.wav"}}}