{"version":"1.0","dataSet":{"info":{"date":"20230116","occupation":"PS","channel":"MOCK","place":"ONLINE","gender":"MALE","ageRange":"35-44","experience":"EXPERIENCED"},"question":{"raw":{"text":"우리 회사에 입사를 했는데 업무 내용이나 강도가 예상했던 것보다 훨씬 더 강해요 쎄요 그러면 지원자님은 어떻게 하실 거예요","wordCount":18},"emotion":[],"intent":[]},"answer":{"raw":{"text":"입사한 지 얼마 안 되어서 업무 내용이 완전히 다르다거나 업무 강도가 너무 다르다는 것에 대한 확신이 차지 않는 시간 동안은 제가 인내하고 감내하겠습니다. 최소 육 개월 정도를 해 봐야 이 업무가 완전히 다른 것인지 아니면 업무 강도가 다른 곳에 비해서 너무 강한 곳인지를 판단한 다음에 그 업무에 대해서 육 개월에서 일 년 정도 전문 분야를 파겠습니다. 육 개월 정에서 일 년 정도를 지속적으로 열심히 했는데도 업무의 성과가 나지 않는다거나 강도가 너무 다르다고 하면 첫번째 회사에다가 보상안에 대해서 마련을 요청할 것입니다. 예를 들어 주말 근무 야간 근무 잔업에 대해서 어떻게 보상을 할 것인지 보상 휴가는 얼마큼을 줄 것인지 그리고 그 후에 이 업무가 혼자서 감당할 수 없는 내용이라면 또 다른 인력을 배치해서 같이 나눠서 할 수 있는지에 대해서 보고를 드리고 품의를 받겠습니다. 만약 이 업무는 당신이 다 해야 되고 더 이상의 티오는 없다 라고 말한다면 그 회사를 퇴사할 준비를 하겠습니다.","wordCount":139},"emotion":[],"intent":[{"text":"","expression":"","category":"attitude"}],"summary":{"text":"업무 내용이나 강도가 다르다고 확신이 들지 않는 시간 동안은 인내하고 감내하겠습니다. 업무가 완전히 다른 것인지 아니면 업무 강도가 다른 곳에 비해서 너무 강한 곳인지를 판단하고 그 업무에 대해서 육 개월에서 일 년 정도 전문 분야를 파겠습니다. 성과가 나지 않거나 강도가 다르면 보상안을 마련할 것입니다.","wordCount":44}}},"rawDataInfo":{"question":{"fileFormat":"wav","fileSize":491918,"duration":15370,"samplingBit":16,"channelCount":1,"samplingRate":"16kHz","audioPath":"/Mock/03.PublicService/Male/Experienced/ckmk_q_ps_m_e_166974.wav"},"answer":{"fileFormat":"wav","fileSize":2231438,"duration":69730,"samplingBit":16,"channelCount":1,"samplingRate":"16kHz","audioPath":"/Mock/03.PublicService/Male/Experienced/ckmk_a_ps_m_e_166974.wav"}}}