{"version":"1.0","dataSet":{"info":{"date":"20230116","occupation":"PS","channel":"MOCK","place":"ONLINE","gender":"MALE","ageRange":"35-44","experience":"EXPERIENCED"},"question":{"raw":{"text":"사회생활을 하면서 가장 힘들었던 경험은 언제였으며 가장 보람 있었던 경험은 언제였는지 이야기해 주세요","wordCount":13},"emotion":[],"intent":[]},"answer":{"raw":{"text":"제가 직장 생활하면서 사회에 나와서 가장 힘들었던 것은 바로 대화 안 통하고 꼰대 기질이 강한 직장 상사나 선배를 만났을 때입니다. 저희 같은 기술직들은 기술 이전을 선배나 또는 직장 상사 아니면 직장 동료로부터 받게 되는데요. 이것도 기술이랍시고 절대 안 알려주거나 아니면 대충 알려주는 선배나 직장 상사를 만나면 저는 업무에 적응하는 데 남들보다 몇 배 노력을 더 해야 됩니다. 특히나 어설픈 기술을 가지고 있는 엔지니어나 테크니션들은 이런 기술이 자신만의 어떤 특별한 노하우 라고 생각해서 절대 알려주지도 않고 알려주지 않음으로써 후배 사원인 저나 다른 사람들이 현장이나 직무에서 스트레스를 받거나 골탕을 먹는 것을 즐기기 때문입니다. 그런데 저는 제가 그것을 다 극복해내고 스스로 공부하고 동종 업계에 있는 다른 회사 사 상사 또는 다른 회사 직원들로부터 업무를 전수받고 이관받아서 결국은 엔지니어로서 높은 곳에까지 성장했습니다. 저는 절대로 후임이나 또는 후배들 또는 동료들에게 이런 것들을 하지 않고 제가 알고 있는 지식들을 전부 다 문서화하고 동영상으로 촬영하여 항상 그들에게 필요한 서비스 교육 강의를 하고 또는 마케팅이나 영업 직원들에게까지 강의를 하다 보니 많은 사람들이 수준에 올 높게 올라가서 저에게 항상 감사한 마음을 표현했었습니다.","wordCount":163},"emotion":[],"intent":[{"text":"","expression":"","category":"attitude"}],"summary":{"text":"저는 대화 안 통하고 딱딱한 직장 상사나 선배를 만나 기술 이전을 받았습니다. 그런데 그것을 다 극복해내고 스스로 공부하고 동종 업계 다른 회사 상사나 다른 회사 직원들로부터 업무를 전수받고 이관받아 엔지니어로서 높은 곳까지 성장했습니다. 제가 알고 있는 지식들을 다 문서화하고 동영상으로 촬영하여 항상 그들에게 필요한 서비스 교육 강의를 하고, 마케팅이나 영업 직원들에게까지 강의를 하다 보니 많은 사람들이 수준이 높아져서 항상 감사한 마음을 표현했었습니다.","wordCount":62}}},"rawDataInfo":{"question":{"fileFormat":"wav","fileSize":441678,"duration":13800,"samplingBit":16,"channelCount":1,"samplingRate":"16kHz","audioPath":"/Mock/03.PublicService/Male/Experienced/ckmk_q_ps_m_e_195126.wav"},"answer":{"fileFormat":"wav","fileSize":2841038,"duration":88780,"samplingBit":16,"channelCount":1,"samplingRate":"16kHz","audioPath":"/Mock/03.PublicService/Male/Experienced/ckmk_a_ps_m_e_195126.wav"}}}