{"version":"1.0","dataSet":{"info":{"date":"20230116","occupation":"PS","channel":"MOCK","place":"ONLINE","gender":"MALE","ageRange":"-34","experience":"EXPERIENCED"},"question":{"raw":{"text":"지금 본인이 내일 죽는다는 사실을 알게 된다면 당장 어떤 것을 할 건가요 이 면접은 끝까지 계속 보실 생각인지 말씀해 주세요","wordCount":20},"emotion":[],"intent":[]},"answer":{"raw":{"text":"당장 내일 죽는다고 가정한다면 이러한 면접이 뭐가 중요하겠습니까. 하지만 저는 내일 죽는다 하더라도 뭔가 하나의 일을 끝맺고 가고 싶기 때문에 면접을 끝까지 볼 것 같습니다. 면접을 하루 종일 보는 것도 아니고 잠깐 삼십 분 정도 보면 되는 것이기 때문에 그 삼십 분이라는 시간이 없더라도 저는 아까워 하지 않을 것 같습니다. 물론 삼십 분을 제가 좋아하는 다른 무언가로 대체될 수도 있지만 뭔가 시작하면 끝이 있어야 한다는 저의 철학이 있기 때문에 내일 죽더라도 면접을 끝까지 보고 다른 걸 할 것 같습니다.","wordCount":79},"emotion":[],"intent":[{"text":"","expression":"","category":"attitude"}],"summary":{"text":"저는 내일 죽더라도 뭔가 하나의 일을 끝맺고 가고 싶기 때문에 면접을 끝까지 볼 것 같습니다. 뭔가 시작하면 끝이 있어야 한다는 저의 철학이 있기 때문입니다.","wordCount":24}}},"rawDataInfo":{"question":{"fileFormat":"wav","fileSize":387278,"duration":12100,"samplingBit":16,"channelCount":1,"samplingRate":"16kHz","audioPath":"/Mock/03.PublicService/Male/Experienced/ckmk_q_ps_m_e_241709.wav"},"answer":{"fileFormat":"wav","fileSize":2343118,"duration":73220,"samplingBit":16,"channelCount":1,"samplingRate":"16kHz","audioPath":"/Mock/03.PublicService/Male/Experienced/ckmk_a_ps_m_e_241709.wav"}}}