{"version":"1.0","dataSet":{"info":{"date":"20230116","occupation":"PS","channel":"MOCK","place":"ONLINE","gender":"MALE","ageRange":"35-44","experience":"EXPERIENCED"},"question":{"raw":{"text":"소통 능력을 키우기 위해서 어떤 일을 할 수 있을까요 생각나는 방법들을 자세하게 한번 말씀해 주시겠어요","wordCount":15},"emotion":[],"intent":[]},"answer":{"raw":{"text":"네 소통 능력을 키우기 위해서 가장 중요한 것은 어 개인의 의견을 잘 말할 수 있는 그런 자세도 중요하지만 제일 중요한 거는 어 상대방의 말을 잘 들어줄 수 있는 경청의 자세가 되지 않을까 싶습니다. 그래서 상대방의 말을 잘 듣지 않으면서 자기의 의견만 들어주기를 원하면은 그건 이제 소통이 아니라 일반적인 격언이 될 수 있습니다. 그래서 이렇게 격언이 되지 않고 소통이 되기 위해서는 상대방이 무엇을 생각하는지 무엇을 원하는지에 대해서 자꾸 그 자꾸 들으려고 노력을 하다 보면은 아 그게 또 이제 좋은 얘기가 될 수도 있고 내 얘 내 생각과는 무엇이 틀리구나 이렇게 판단이 될 수 있습니다. 그래서 내가 상급자라고 해서 내 의견만 강조하기보다는 하급자라든지 말단 직원까지에 대한 그런 얘기를 잘 들어줄 수 있어야 그런 경청의 능력이라고 생각하는데 그게 갖춰졌을 때 인제 사람들과의 직원들과의 소통이 되지 않을까 싶습니다. 그래서 이런 능력을 키우기 위해서는 상대방의 말을 잘 들으려고 노력하는 자세가 제일 중요한 자세일 거 같습니다. 네 이상입니다.","wordCount":142},"emotion":[],"intent":[{"text":"","expression":"","category":"attitude"}],"summary":{"text":"소통 능력 향상을 위한 가장 중요한 자세는 상대방의 말을 잘 들어줄 수 있는 경청의 자세입니다. 제가 상급자라고 해서 제 의견만 강조하기보다는 하급자, 말단 직원들에 대한 얘기를 잘 들으려고 노력하는 자세, 이것이 갖춰졌을 때 직원들과의 소통이 되지 않을까 싶습니다.","wordCount":38}}},"rawDataInfo":{"question":{"fileFormat":"wav","fileSize":312718,"duration":9770,"samplingBit":16,"channelCount":1,"samplingRate":"16kHz","audioPath":"/Mock/03.PublicService/Male/Experienced/ckmk_q_ps_m_e_145472.wav"},"answer":{"fileFormat":"wav","fileSize":2680398,"duration":83760,"samplingBit":16,"channelCount":1,"samplingRate":"16kHz","audioPath":"/Mock/03.PublicService/Male/Experienced/ckmk_a_ps_m_e_145472.wav"}}}