{"version":"1.0","dataSet":{"info":{"date":"20230116","occupation":"PS","channel":"MOCK","place":"ONLINE","gender":"MALE","ageRange":"55-","experience":"EXPERIENCED"},"question":{"raw":{"text":"요즘 따로 공부하고 있는 것이 있나요 만약에 있다면 왜 그걸 공부하는지 또 지금까지 무엇을 배웠는지도 함께 말씀해 주시기 바랍니다","wordCount":19},"emotion":[],"intent":[]},"answer":{"raw":{"text":"요즘 공부하고 있는 것이 있나요 있다면 왜 그걸 공부하는지 지금까지 무엇을 배웠는지도 말씀해 주세요. 아 예 제가 크게는 요즘 공부하는 것이 두 가지가 있습니다. 하나는 영어를 어 에스엔에스 통해서 어 공부를 하고 있습니다. 영어를 공부하는 것은 제가 미드라든가 아니면 또한 여러 가지 어 대화를 할 수 있는 이해할 수 있는 그런 부분에서 좀 도움이 되고자 영어를 아 실생활에 맞게 공부를 하고 있습니다. 그리고 두 번째로는 제가 경제에 대해서 아 금융에 대해서 어 공부를 하고 있습니다. 저의 전공은 아니지만 아 공부를 하면 할수록 더욱더 재미 있는 것 같습니다. 아 왜 그러냐 하면은 앞으로의 경제에 그러한 어 사회 정치적인 문제 이런 것들이 어떻게 보면 정치와 경제가 연관되어서 어 변하고 있다고 생각합니다. 아 경제를 잘 모른다면은 용어부터 우리가 소홀히 한다면은 참으로 그 변화가 쉬운 그런 부분에서 우리가 소외되기가 쉽다고 생각을 합니다. 그래서 전체적으로 대자 대차대조표라든가 경제적인 전망들 이런 것들에 대해서 관심을 가지고 늘 아 반복해 듣고 또한 공부를 좀 하고 있습니다. 아 그런 것들이 어떻게 보면 미국부터 에서 우리나라 또한 중국까지 이어지는 그러한 경제의 흐름이 어느 순간에 또한 코로나와 처럼 이렇게 바뀔 수 있다는 것을 늘 깨달아서 나에게도 어떻게 보면 경제에 그러한 큰 도움을 얻고자 아 주식부터 제가 좀 공부를 좀 더 하고 있습니다.","wordCount":191},"emotion":[{"text":"그래서 전체적으로 대자 대차대조표라든가 경제적인 전망들 이런 것들에 대해서 관심을 가지고 늘 아 반복해 듣고 또한 공부를 좀 하고 있습니다.","expression":"p-interest","category":"positive"}],"intent":[{"text":"","expression":"","category":"attitude"}],"summary":{"text":"요즘 공부하는 것이 두 가지 있습니다. 하나는 영어를 실생활에 맞게 공부하는 것이고, 다른 하나는 제가 경제에 대해 금융에 대해 공부하는 것입니다. 앞으로의 경제는 정치와 경제가 연관되어서 변하고 있다고 생각하는데, 경제를 잘 모른다면 용어부터 소홀히 하기 쉽기 때문입니다. 아 그런 것들이 미국부터 중국까지 이어지는 그런 경제의 흐름이 코로나와 같이 바뀔 수 있다는 것을 늘 깨달아서 주식부터 좀 더 공부하고 있합니다.","wordCount":59}}},"rawDataInfo":{"question":{"fileFormat":"wav","fileSize":583118,"duration":18220,"samplingBit":16,"channelCount":1,"samplingRate":"16kHz","audioPath":"/Mock/03.PublicService/Male/Experienced/ckmk_q_ps_m_e_242100.wav"},"answer":{"fileFormat":"wav","fileSize":3879758,"duration":121240,"samplingBit":16,"channelCount":1,"samplingRate":"16kHz","audioPath":"/Mock/03.PublicService/Male/Experienced/ckmk_a_ps_m_e_242100.wav"}}}