{"version":"1.0","dataSet":{"info":{"date":"20230116","occupation":"PS","channel":"MOCK","place":"ONLINE","gender":"MALE","ageRange":"35-44","experience":"EXPERIENCED"},"question":{"raw":{"text":"업무 중 스케줄에 없던 일이 생길 때가 많이 있는데요 이런 상황이 생긴다면 지원자님께서는 어떻게 대처하실 것인가요","wordCount":16},"emotion":[],"intent":[]},"answer":{"raw":{"text":"업무를 하다 보면 우리가 항상 정해 놓은 스케줄대로 움직이지 않습니다. 항상 변수라는 게 있고 고객의 급한 요청 또는 타부서의 급한 요청으로 스케줄을 조정할 때가 생각보다 많습니다. 그럴 때 저는 제가 항상 정해놓고 적어 놨던 써머리 노트에 스케줄 표를 보게 됩니다. 항상 모든 스케줄에는 우선순위라는 것이 있는데요. 이 우선순위에서 당장 급한 일 중간 정도로 급한 일 나중에 해도 되는 일에 대한 분명 우선순위가 있기 때문에 그 나중에 해도 되는 일부터 뒤로 쭉 쭉 쭉 미룹니다. 그리고 고객들이나 타 부서에게 양해를 구합니다. 그리고 중간적인 업무도 웬만하면 하루 이틀 또는 이 삼 일 뒤로 미룬 다음에 가장 급한 스케줄 없던 스케줄을 우선순위로 놓고 업무 처리를 하게 됩니다. 물론 이 과정에서 기존에 있던 스케줄 및 약속에 대해서는 미리 담당자들 또는 약속을 한 사람들에게 전화 및 이메일로 양해를 구하고 다시 한 번 일정을 정하게 됩니다.","wordCount":130},"emotion":[],"intent":[{"text":"","expression":"","category":"attitude"}],"summary":{"text":"업무 중 변수 때문에 항상 정해 놓은 스케줄대로 움직이지 않는 경우가 많습니다. 이럴 때 항상 우선순위를 두고 업무 처리를 합니다. 우선순위에서 나중에 해도 되는 일부터 뒤로 미룹니다. 그리고 고객 및 타 부서에 양해를 구합니다. 기존 스케줄에 대해서는 전화 및 이메일로 다시 일정을 정합니다.","wordCount":43}}},"rawDataInfo":{"question":{"fileFormat":"wav","fileSize":358478,"duration":11200,"samplingBit":16,"channelCount":1,"samplingRate":"16kHz","audioPath":"/Mock/03.PublicService/Male/Experienced/ckmk_q_ps_m_e_191731.wav"},"answer":{"fileFormat":"wav","fileSize":1984078,"duration":62000,"samplingBit":16,"channelCount":1,"samplingRate":"16kHz","audioPath":"/Mock/03.PublicService/Male/Experienced/ckmk_a_ps_m_e_191731.wav"}}}