{"version":"1.0","dataSet":{"info":{"date":"20230116","occupation":"PS","channel":"MOCK","place":"ONLINE","gender":"MALE","ageRange":"35-44","experience":"EXPERIENCED"},"question":{"raw":{"text":"어 사람은 항상 후회되는 일을 하고 하는 하곤 하는데요 지원자님께서 지금까지 인생을 살면서 가장 후회되는 일이 있으시다면 어떤 일인지 한 가지만 말씀해 주시길 바랍니다","wordCount":24},"emotion":[],"intent":[]},"answer":{"raw":{"text":"네 지금까지 살면서 인생을 살면서 후회되는 일이라고 하면은 뭐 여러 가지가 있을 건데 뭘 제 가장 첫 번째는 어 흔히들 다 얘기하는 어렸을 때 부모님이 얘기했었을 때 공부를 열심히 해라 공부를 해야 길이 있다 이런 부분에 대해서는 전 후회되는 부분이 있는 거 같습니다. 그때 좀 더 노력해서 좋은 학 좋은 공부를 통한 좋은 학교 좋은 스펙들을 또 많이 쌓아놨으면 많은 도움이 될 것 같은데 어 후회하지는 않습니다. 지나간 일에 대해서 후회하지는 않지만 앞으로가 더 중요 미래가 더 중요하기 때문에 그런 부분에 대한 것을 보완은 충분히 지금 실무나 경험을 통한 자기의 의지와 배우자 하는 의지가 있다면 그런 부분은 충분히 보완이 될 수 있기 때문에 후회되지는 않지만 그래도 그때 저도 그 학생의 본분을 다해서 더 강한 공부를 통해 스펙을 쌓았더라면 지금쯤 더욱더 더 큰 역할 더 큰 부분에서 더욱더 앞으로 나아가는 데 있어서 많은 도움이 되지 않았을까 하는 생각에 조금은 후회는 아니지만 아쉬운 부분으로 남는 부분인 것 같습니다. 네 이상입니다.","wordCount":148},"emotion":[{"text":"지나간 일에 대해서 후회하지는 않지만   앞으로가 더 중요 미래가 더 중요하기 때문에 그런 부분에 대한 것을 보완은 충분히 지금 실무나   경험을 통한 자기의 의지와 배우자 하는 의지가 있다면 그런 부분은 충분히 보완이 될 수 있기 때문에 후회되지는 않지만 그래도 그때 저도   그 학생의 본분을 다해서 더 강한 공부를 통해 스펙을 쌓았더라면 지금쯤 더욱더   더 큰 역할 더 큰 부분에서 더욱더 앞으로 나아가는 데 있어서 많은 도움이 되지 않았을까 하는 생각에   조금은 후회는 아니지만 아쉬운 부분으로 남는 부분인 것 같습니다.","expression":"n-distress","category":"negative"}],"intent":[{"text":"","expression":"","category":"attitude"}],"summary":{"text":"부모님의 말씀에 따라 어렸을 때 좋은 학교를 다니고 좋은 스펙을 많이 쌓아 놓았다면 지금쯤 더 큰 역할과 도움이 되지 않을까 하는 생각에 아쉬움이 남습니다.","wordCount":24}}},"rawDataInfo":{"question":{"fileFormat":"wav","fileSize":470798,"duration":14710,"samplingBit":16,"channelCount":1,"samplingRate":"16kHz","audioPath":"/Mock/03.PublicService/Male/Experienced/ckmk_q_ps_m_e_192625.wav"},"answer":{"fileFormat":"wav","fileSize":2695118,"duration":84220,"samplingBit":16,"channelCount":1,"samplingRate":"16kHz","audioPath":"/Mock/03.PublicService/Male/Experienced/ckmk_a_ps_m_e_192625.wav"}}}