{"version":"1.0","dataSet":{"info":{"date":"20230116","occupation":"PS","channel":"MOCK","place":"ONLINE","gender":"MALE","ageRange":"-34","experience":"EXPERIENCED"},"question":{"raw":{"text":"공단의 외부 환경 위협 요인과 위협 요인을 극복하기 위한 방안에 대해서 말씀 한번 해 보세요","wordCount":15},"emotion":[],"intent":[]},"answer":{"raw":{"text":"제가 생각하는 외부 환경 위협 요인은 지원자들의 지원율이 점차 감소하고 있다는 것입니다. 지원자들의 지원율 자체가 감소하고 있다는 것은 결국에 좋은 인재를 선발하기 어려워지고 있다는 말입니다. 그만큼 좋은 지원자들을 뽑기 어려워지고 공단에 좋은 인재가 들어오지 못한다는 것은 우리 공단이 점점 쇠퇴할 수 있다 라고 생각합니다. 이런 문제점들을 해결하기 위해서는 우리 공단이 조금 더 다양한 홍보를 통해서 지원율을 높여야 된다고 생각합니다. 뿐만 아니라 공단 직원들의 복지를 조금 더 향상시킴으로써 젊은 사람들 그리고 유능한 인재들이 지원할 수 있도록 여러 가지 홍보 방안들을 마련해야 된다고 생각합니다.","wordCount":82},"emotion":[],"intent":[{"text":"","expression":"","category":"attitude"}],"summary":{"text":"지원자들의 지원율이 감소하고 있다는 것은 좋은 인재를 선발하기 어려워지고 있다는 것입니다. 따라서 공단은 다양한 홍보를 통해서 지원율을 높이고 직원 복지를 향상시켜 유능한 인재들이 지원할 수 있도록 해야 합니다.","wordCount":28}}},"rawDataInfo":{"question":{"fileFormat":"wav","fileSize":311758,"duration":9740,"samplingBit":16,"channelCount":1,"samplingRate":"16kHz","audioPath":"/Mock/03.PublicService/Male/Experienced/ckmk_q_ps_m_e_228770.wav"},"answer":{"fileFormat":"wav","fileSize":2188878,"duration":68400,"samplingBit":16,"channelCount":1,"samplingRate":"16kHz","audioPath":"/Mock/03.PublicService/Male/Experienced/ckmk_a_ps_m_e_228770.wav"}}}