{"version":"1.0","dataSet":{"info":{"date":"20230116","occupation":"PS","channel":"MOCK","place":"ONLINE","gender":"MALE","ageRange":"35-44","experience":"EXPERIENCED"},"question":{"raw":{"text":"현재 건물에서 화재가 발생하였습니다 이때 지원자님이 가장 먼저 해야 할 일은 무엇이라고 생각하십니까","wordCount":13},"emotion":[],"intent":[]},"answer":{"raw":{"text":"건물의 화재가 발생했다면 제일 먼저 화재 비상벨을 눌러 많은 사람들에게 대피할 것을 요청합니다. 그리고 불이야를 외치면서 건물에 있는 사람들에게 지침을 알려줍니다. 엘리베이터 탑승 금지하세요. 높은 곳에 있는 분들은 옥상으로 대피하고 낮은 곳에 있는 분들은 고개를 숙이고 마른 수건으로 입과 코를 막고 낮은 자세로 빨리 외부로 대피해 주세요. 그리고 소화기를 찾아서 화재가 크지 않다면 먼저 일 차 진압을 시도합니다. 그 와중에 다른 분들은 일 일 구에 빨리 신고하라고 이야기합니다. 그리고 화재가 쪼끔 커진다면 소방 소화전을 찾아서 소방 호수를 연결하고 일 차 피해가 있는 곳부터 지속적으로 불을 끄도록 노력합니다. 도저히 저 혼자 해서 되지 않을 것이라고 하면 저 역시도 건물에 남아 있는 사람들을 지속적으로 파악하고 그들에게 문을 닫고 연기가 들어오지 않도록 젖은 수건으로 문 틈새를 전부 다 막으라고 할 것입니다. 그리고 저는 엘리베이터가 아닌 비상계단을 통해서 낮은 자세로 빨리 그곳을 피할 것입니다.","wordCount":130},"emotion":[],"intent":[{"text":"","expression":"","category":"attitude"}],"summary":{"text":"건물 화재 발생 시, 화재 비상벨을 누른 뒤, 높은 곳과 낮은 곳은 옥상으로 대피하고, 낮은 곳은 수건으로 입과 코를 막고, 소화기를 찾아 일 차 진압을 시도합니다. 화재가 조금 크다면 소방 소화전을 찾아서 피해를 입은 곳부터 지속적으로 불을 끄도록 노력합니다. 그리고 비상계단을 통해 낮은 자세로 빨리 피할 것입니다.","wordCount":47}}},"rawDataInfo":{"question":{"fileFormat":"wav","fileSize":536398,"duration":16760,"samplingBit":16,"channelCount":1,"samplingRate":"16kHz","audioPath":"/Mock/03.PublicService/Male/Experienced/ckmk_q_ps_m_e_183183.wav"},"answer":{"fileFormat":"wav","fileSize":2224398,"duration":69510,"samplingBit":16,"channelCount":1,"samplingRate":"16kHz","audioPath":"/Mock/03.PublicService/Male/Experienced/ckmk_a_ps_m_e_183183.wav"}}}