{"version":"1.0","dataSet":{"info":{"date":"20230116","occupation":"PS","channel":"MOCK","place":"ONLINE","gender":"MALE","ageRange":"35-44","experience":"EXPERIENCED"},"question":{"raw":{"text":"태어나서 지금까지 한 일들 가운데 가장 후회했던 일이 무엇인가요 한 가지만 골라서 자세하게 말씀 부탁드리겠습니다","wordCount":15},"emotion":[],"intent":[]},"answer":{"raw":{"text":"제 인생에 가장 후회했던 일은 바로 중학교 삼 학년 때 원서를 쓸 때였습니다. 특목고를 갈 수 있는 성적이었지만 특목고에 가게 되면 하루에 열 다섯 시간씩 공부도 해야 되고 뛰어난 학생들과 지속적으로 경쟁을 해야 된다는 압박감 때문에 저는 특목고를 가고 싶지 않았습니다. 특히나 특목고는 여자친구를 사귈 수도 없어서 공부 좀 못하고 여자친구를 사귈 수 있는 고등학교로 하향 지원을 했습니다. 그때 부모님과 여러 친구들이 모두 반대했지만 저는 그래도 그 고등학교를 가서 뱀에 머리가 돼서 더 열심히 하겠다고 부모님과 담임 선생님을 설득했습니다. 그렇게 입학을 해서 삼 년 내내 다니는 동안 여자친구를 사귈 기회도 없었고 성적은 매번 바닥을 하락했고 성적이 더 이상 올라가지 않아 학교를 계속 다녀야 되나 말아야 되나 자퇴까지 생각했습니다. 결국은 내신도 별로 좋지 않았고 뱀의 머리는 커녕 뱀의 꼬리보다 못한 상태가 되었습니다. 그렇게 고등학교 삼 학년 때 수능을 보고 대학 원서를 쓰는데 삼 년 전에 부모님이 그렇게 반대했던 이유가 그때서야 눈물이 나면서 생각났습니다. 왜 내가 그런 바보 같은 선택을 했을까 왜 그때는 어린 마음에 여자들이 있는 고등학교를 가면 내 인생이 쪼끔 더 편해지고 행복해질 거라고 생각했는지 지금 생각했으면 가장 후회했던 일 중의 하나입니다.","wordCount":172},"emotion":[],"intent":[{"text":"","expression":"","category":"attitude"}],"summary":{"text":"중학교 삼 학년 때 원서를 쓸 때 특목고에 가면 하루에 열 다섯 시간씩 공부해야 되고 뛰어난 학생들과 지속적으로 경쟁을 해야 된다는 압박감 때문에 특목고를 가고 싶지 않았습니다. 고등학교 삼 학년 때 수능을 보고 대학 원서를 쓰는데 삼 년 전에 부모님이 그렇게 반대했던 이유가 생각났습니다. 제가 여자 고등학교를 가면 제 삶이 좀더 편해지고 행복해질 것이라고 생각했는지 지금 생각하면 가장 후회했던 일 중의 하나입니다.","wordCount":62}}},"rawDataInfo":{"question":{"fileFormat":"wav","fileSize":343118,"duration":10720,"samplingBit":16,"channelCount":1,"samplingRate":"16kHz","audioPath":"/Mock/03.PublicService/Male/Experienced/ckmk_q_ps_m_e_184414.wav"},"answer":{"fileFormat":"wav","fileSize":2803918,"duration":87620,"samplingBit":16,"channelCount":1,"samplingRate":"16kHz","audioPath":"/Mock/03.PublicService/Male/Experienced/ckmk_a_ps_m_e_184414.wav"}}}