{"version":"1.0","dataSet":{"info":{"date":"20230116","occupation":"PS","channel":"MOCK","place":"ONLINE","gender":"MALE","ageRange":"35-44","experience":"EXPERIENCED"},"question":{"raw":{"text":"만약 지원자님의 근무 마지막 날에 굉장히 화가 난 민원인이 찾아올 경우에 이 때 지원자님은 어떻게 효과적인 방법으로 대처를 하실 건가요 간략하게 부탁드릴게요","wordCount":22},"emotion":[],"intent":[]},"answer":{"raw":{"text":"예 화난 민원인이 찾아왔을 때 어떻게 대응하고 대처할 것이냐 대해서 답변 드리겠습니다. 어 화난 민원이 찾아왔을 때는 분명히 이유가 있을 겁니다. 그 이유를 일단 제일 빨리 캐치하고 어떻게 하면 이 상황을 빨리 대처할 것인지가 중요한 건데 분명히 근데 대부분이 보상 조건이라든지 뭐 서비스가 마음에 안 든다느니 그런 부분에서 분명히 원했을 겁니다. 일단은 빨리 대응할 수 있기 위해서는 회사에서 큰 손실이 아니고 어느 정도의 보상 절차를 갖춰 준다면은 일단 그 화나고 흥분한 상태는 많이 호전될 거라 생각합니다. 그런 부분에서 적절한 보상 요건과 맞춰주고 또한 여기서 같이 흥분하고 같이 화를 내버리면은 큰 불화가 되고 그러면 회사의 이미지에 굉장히 안 좋기 때문에 절대 흥분하지 않을 대응자의 역할이 필요합니다. 어 접근을 그렇게 진행을 해 주게 되면은 분명히 진정이 될 것이고 또 이제 합의 절차를 갖춰서 또 여러 가지 이제 윈윈 할 수 있는 그렇게 잘 마무리가 될 수 있지 않을까 싶습니다. 네 이상입니다.","wordCount":139},"emotion":[],"intent":[{"text":"","expression":"","category":"attitude"}],"summary":{"text":"화난 민원인이 찾아왔을 때 어떻게 대응하고 대처할 것인지 답변 드리겠습니다. 일단 빨리 대응할 수 있기 위해서는 회사에서 어느 정도의 보상 절차를 갖춰 준다면 일단 화난 상태는 많이 호전될 거라고 생각합니다. 그런 부분에서 적절한 보상 요건과 맞춰주고 절대 흥분하지 않을 대응자의 역할이 필요합니다.","wordCount":42}}},"rawDataInfo":{"question":{"fileFormat":"wav","fileSize":670158,"duration":20940,"samplingBit":16,"channelCount":1,"samplingRate":"16kHz","audioPath":"/Mock/03.PublicService/Male/Experienced/ckmk_q_ps_m_e_236040.wav"},"answer":{"fileFormat":"wav","fileSize":2457678,"duration":76800,"samplingBit":16,"channelCount":1,"samplingRate":"16kHz","audioPath":"/Mock/03.PublicService/Male/Experienced/ckmk_a_ps_m_e_236040.wav"}}}