{"version":"1.0","dataSet":{"info":{"date":"20230116","occupation":"PS","channel":"MOCK","place":"ONLINE","gender":"MALE","ageRange":"35-44","experience":"EXPERIENCED"},"question":{"raw":{"text":"어 지금 공부하고 있는 분야는 어떤 것인가요 어 그 분야는 에 대해 말씀해 주시고 또 왜 그걸 공부하는지 지금까지 그것을 통해서 무엇을 배웠는지도 함께 말씀해 주시기 바랍니다","wordCount":27},"emotion":[],"intent":[]},"answer":{"raw":{"text":"빅 데이터와 인공지능 딥 러닝 머신 러닝에 대해서 지속적으로 공부 중입니다. 이천 이십 이 년은 이미 디지털 트랜스 포메이션의 대부분 성공한 해라고 생각합니다. 예전에 핀란드의 노키아가 그 좋은 핸드폰을 만들고 그 핸드폰을 디지털 트랜스 포메이션에 뒤쳐짐으로써 망했던 사례가 있습니다. 이제 기업은 백 년지 대계가 아니라 이십 년 주기로 순환이 짧아졌습니다. 예전에는 한 번 먹거리를 만들면 오십 년을 먹고 살 수 있었지만 이제는 그런 트렌드와 주기가 굉장히 짧아졌고 그 트렌드를 공부하고 트렌드에 살아남기 위해서는 각각의 구성원들이 뛰어난 소프트웨어에 대해서 감각이 있어야 합니다. 그래서 저는 빅 데이터를 통해서 어떤 트렌드가 먹히고 어떤 키워드가 먹히고 어떤 고객이 어떤 물품을 구매할 때 어떤 가격에 설정을 하는지에 대해서 지속적으로 공부하고 있습니다. 그래서 그 빅 데이터를 가지고 인공지능 딥 러닝을 돌리고 있습니다. 딥 러닝을 통해서 스스로 고객의 최적의 서비스를 제공할 수 있는 가격은 무엇이며 씨알엠은 무엇이고 씨에스는 어떻게 돌아가야 하는지에 대한 데이터를 구축하고 있습니다. 추후에 마케팅이나 생산 개발 쪽에 이런 내용들이 많이 도움이 될 것으로 예상하여 지속적으로 공부하고 있습니다.","wordCount":153},"emotion":[],"intent":[{"text":"빅 데이터와 인공지능 딥 러닝 머신 러닝에 대해서 지속적으로 공부 중입니다.","expression":"c_imp","category":"personality"},{"text":"그래서 저는 빅 데이터를 통해서 어떤 트렌드가 먹히고 어떤 키워드가 먹히고 어떤 고객이 어떤 물품을 구매할 때 어떤 가격에 설정을 하는지에 대해서 지속적으로 공부하고 있습니다.","expression":"c_imp","category":"personality"},{"text":"추후에 마케팅이나 생산 개발 쪽에 이런 내용들이 많이 도움이 될 것으로 예상하여   지속적으로 공부하고 있습니다.","expression":"c_imp","category":"personality"}],"summary":{"text":"디지털 트랜스 포메이션은 이미 성공한 해입니다. 이제 기업은 백 년지 대계가 아니라 십 년 주기로 순환이 짧아졌습니다. 트렌드에 살아남기 위해서는 각 구성원들이 뛰어난 소프트웨어에 대해서 감각이 있어야 합니다. 그래서 빅 데이터를 가지고 인공지능 딥 러닝을 돌리고 있으며 추후 마케팅이나 생산 개발 쪽에 도움이 될 것으로 예상하여 지속적으로 공부하고 있습니다.","wordCount":49}}},"rawDataInfo":{"question":{"fileFormat":"wav","fileSize":528398,"duration":16510,"samplingBit":16,"channelCount":1,"samplingRate":"16kHz","audioPath":"/Mock/03.PublicService/Male/Experienced/ckmk_q_ps_m_e_166370.wav"},"answer":{"fileFormat":"wav","fileSize":2656398,"duration":83010,"samplingBit":16,"channelCount":1,"samplingRate":"16kHz","audioPath":"/Mock/03.PublicService/Male/Experienced/ckmk_a_ps_m_e_166370.wav"}}}