{"version":"1.0","dataSet":{"info":{"date":"20230116","occupation":"PS","channel":"MOCK","place":"ONLINE","gender":"MALE","ageRange":"45-54","experience":"EXPERIENCED"},"question":{"raw":{"text":"면접자님께서 어떤 문제가 생겼을 때 이걸 창의적으로 해결해 본 경험이 있으신가요 어떤 과정을 거쳐서 해결을 하셨는지 최대한 자세하게 설명해 주시면 좋겠습니다","wordCount":21},"emotion":[],"intent":[]},"answer":{"raw":{"text":"아 경험은 있는데 이게 대다수의 저와 비슷한 경험을 가진 사람들이 많을 것 같아서요. 제가 소아과 진료를 볼 때 어린 친구들을 볼 때 아가들을 볼 때 아가들은 그까 말을 못하는 완전 유아기 때 아가들은 예방 접종을 넣을 때 겁먹은 상태를 어 거울 비추듯이 보여주면 안돼요. 이 아가가 겁을 먹었다는 게 눈앞에 보이더라도 너 겁먹었구나 라는 거를 보여주지 않아야 하기 때문에 네 보통 난리 브루스를 춥니다 부모님들께서 애가 안 울게 하기 위해. 그런데 저는 사실 저 역시 마찬가지였는데 난리 브루스를 추고 뭐 겁이 나지 않게 하도록 열연을 펼치는 정도였지만 음 유아들은 보통 이제 다른 정신 사납게 만드는 것이 필요합니다. 그러니까 혼동시키는 거죠. 혼란시키는 거죠. 니가 지금 무슨 상황인지 너도 모르겠지 라는 이런 것들을 막 던지고 뭐 장난감 던지고 휴지 던지면서 그렇게 했었습니다.","wordCount":120},"emotion":[],"intent":[{"text":"","expression":"","category":"attitude"}],"summary":{"text":"소아과 진료를 볼 때 말을 못하는 완전 유아기 아가들은 예방 접종을 넣을 때 겁 먹은 상태를 거울 비추듯이 보여주면 안됩니다. 유아들은 보통 다른 정신 사납게 만드는 것이 필요합니다. 혼동시키는 것입니다.","wordCount":30}}},"rawDataInfo":{"question":{"fileFormat":"wav","fileSize":462158,"duration":14440,"samplingBit":16,"channelCount":1,"samplingRate":"16kHz","audioPath":"/Mock/03.PublicService/Male/Experienced/ckmk_q_ps_m_e_112038.wav"},"answer":{"fileFormat":"wav","fileSize":2933838,"duration":91680,"samplingBit":16,"channelCount":1,"samplingRate":"16kHz","audioPath":"/Mock/03.PublicService/Male/Experienced/ckmk_a_ps_m_e_112038.wav"}}}