{"version":"1.0","dataSet":{"info":{"date":"20230116","occupation":"PS","channel":"MOCK","place":"ONLINE","gender":"MALE","ageRange":"55-","experience":"EXPERIENCED"},"question":{"raw":{"text":"지원자님께서는 평소에 검색을 자주 하시는 편인지요 어 검색을 자주 하신다면 어떤 검색으로 주로 하시는지 또 왜 그런 검색을 하시는지 말씀해 주시기 바랍니다","wordCount":22},"emotion":[],"intent":[]},"answer":{"raw":{"text":"평소에 검색을 자주 하시는 편인가요 어떤 검색을 주로 하시는지 왜 하시는지 궁금합니다. 예 주로 검색하는 것은 경제에 대해서 주로 검색하는 거 같습니다. 주식에 관련된 것들 회사의 정보들 아 어떠한 제품을 취급하는지 아 그런 거에 대해서 검색을 많이 하는 것 같습니다. 아 제가 경제에 대해서 관심이 많습니다. 또한 정치에 대해서도 관심이 많습니다. 제가 그 화학을 전공하다 보니까 아 엔지니어에 관련된 그런 부분들 제품을 뭔가를 확인해 볼려면은 어 구글을 통하여서 그러한 그 이미지를 통하여서 어 검색하는 경우는 더 많이 있습니다. 이미지를 통하여서 검색을 하다보면 더 쉽게 아 빠르게 접목할 수 있습니다. 그런 부분에서 검색을 많이 하고 해외에 있는 업체들 그런 발굴을 위해서 또한 검색을 많이 하고 있었던 것 같습니다. 어떻게 보면 해외에 있는 검색을 아 하다보면 내가 원하는 그러한 제품들 그 거래처들 그런 것들을 찾기 위해서는 꾸준히 어 이미지부터 에서 그걸 원서를 또한 읽고 이런 부분을 계속적으로 하면서 어 검색을 좀 많이 했습니다. 아 네이버보다는 구글이 어떻게 보면 검색하는 데도 좀 더 어 도움을 줬던 거 같습니다. 왜냐하면 글로벌한 그런 아이템들이 또한 많고 그런 자료들이 주언 어 또한 더 있기 때문에 아 검색하는 데 좀 더 수월했던 것 같습니다. 어 어쨌든 간에 제가 아 경제 쪽에 대해서 관심을 더 많이 갖고 있다고 생각합니다.","wordCount":191},"emotion":[],"intent":[{"text":"","expression":"","category":"attitude"}],"summary":{"text":"어떤 검색을 주로 하는지는 궁금합니다. 주로 경제에 대해 검색을 많이 하는 것 같습니다. 그리고 정치에 대해서도 관심이 많습니다. 이미지를 통하여서 검색을 하다보면 더 쉽게 접목할 수 있습니다. 그래서 해외의 검색을 하다 보면 원하는 제품을 찾기 위해 계속적으로 원서를 읽고 검색을 했습니다. 구글 검색이 더 도움이 된 것 같았습니다. 제가 경제 쪽에 더 관심을 더 많이 갖고 있다고 생각합니다.","wordCount":58}}},"rawDataInfo":{"question":{"fileFormat":"wav","fileSize":474638,"duration":14830,"samplingBit":16,"channelCount":1,"samplingRate":"16kHz","audioPath":"/Mock/03.PublicService/Male/Experienced/ckmk_q_ps_m_e_242343.wav"},"answer":{"fileFormat":"wav","fileSize":3737038,"duration":116780,"samplingBit":16,"channelCount":1,"samplingRate":"16kHz","audioPath":"/Mock/03.PublicService/Male/Experienced/ckmk_a_ps_m_e_242343.wav"}}}