{"version":"1.0","dataSet":{"info":{"date":"20230116","occupation":"PS","channel":"MOCK","place":"ONLINE","gender":"MALE","ageRange":"35-44","experience":"EXPERIENCED"},"question":{"raw":{"text":"회사에 입사하여 선배를 만나게 된다면 어떤 모습의 선배를 만나고 싶으세요 이유도 함께 말씀해 주세요","wordCount":14},"emotion":[],"intent":[]},"answer":{"raw":{"text":"어 회사에 들어와서 이제 상급자 선배를 만나게 된 되는 상황이 분명히 올 것인데 이러한 선배를 누구를 만나느냐에 따라서 회사의 그런 영향이나 회사에 대한 기여도나 회사에 대한 그 감정 부분에 대해서 틀려질 거라고 생각합니다. 어 힘든 일은 분명히 있을 것입니다. 위기도 분명히 있을 것인데 그런 부분이 좋은 선배를 만나서 나와 말이 통하고 서로 의지할 수 있는 선배가 있다면은 충분히 다 헤쳐 나갈 수 있습니다. 왜냐하면 선배하고 사이가 안 좋아지고 트 트러블이 많이 생기게 되면은 어떤 위기가 와도 인제 두려울 겁니다. 두려워서 이 부분을 분명히 의사소통이 또 안 맞을 건데 또 그런 데서 에너지를 다 뺏기게 되면은 이 업무의 효율성이 매우 떨어질 겁니다. 그래서 서로 의지할 수 있는 그런 선배를 만나고 싶습니다. 서로 의지한다는 게 그 선배도 분명히 나한테 본인한테 배울 것이 있을 것이고 그런 것들이 이제 서로 조화를 잘 이룬다면은 그때 이제 하나의 팀 하나의 전우가 될 거라고 생각합니다. 이제 그렇게 되면 무슨 일이 있어도 어떤 역경에서도 헤쳐 나갈 수 있는 그런 선배를 만나고 싶습니다. 네 이상입니다.","wordCount":156},"emotion":[],"intent":[{"text":"","expression":"","category":"attitude"}],"summary":{"text":"회사에 들어와서 상급자 선배를 만나게 되는 상황이 분명히 올 것인데 이러한 선배를 누구를 만나느냐에 따라서 회사의 영향, 회사에 대한 기여도, 회사에 대해 감정 부분에 대해서 틀려질 거라고 생각합니다. 어 힘든 일은 분명히 있을 것이고 그런 부분이 좋은 선배를 만나 나와 말이 통하고 서로 의지할 수 있는 선배가 있다면 충분히 다 헤쳐 나갈 수 있습니다.","wordCount":54}}},"rawDataInfo":{"question":{"fileFormat":"wav","fileSize":368718,"duration":11520,"samplingBit":16,"channelCount":1,"samplingRate":"16kHz","audioPath":"/Mock/03.PublicService/Male/Experienced/ckmk_q_ps_m_e_139217.wav"},"answer":{"fileFormat":"wav","fileSize":2638158,"duration":82440,"samplingBit":16,"channelCount":1,"samplingRate":"16kHz","audioPath":"/Mock/03.PublicService/Male/Experienced/ckmk_a_ps_m_e_139217.wav"}}}