{"version":"1.0","dataSet":{"info":{"date":"20230116","occupation":"PS","channel":"MOCK","place":"ONLINE","gender":"MALE","ageRange":"-34","experience":"EXPERIENCED"},"question":{"raw":{"text":"혹시 전에 다니던 직장을 퇴사한 다음 후회한 적은 없으신가요 있다면 어떤 이유에서 후회했는지도 말씀해 주세요","wordCount":15},"emotion":[],"intent":[]},"answer":{"raw":{"text":"저는 신입으로 지원한 것이기 때문에 어 따로 직장을 가져 본 적은 없습니다. 어 다만 아르바이트를 오래 했었던 적이 있는데요. 이 아르바이트를 그만두면서 후회했던 적은 없었습니다. 말 그대로 아르바이트는 잠시 돈을 벌기 위해서 했던 일이고 직장을 처음으로 지원한 곳이 이곳이기 때문에 저는 직장을 퇴사했던 경험은 따로 없습니다.","wordCount":46},"emotion":[],"intent":[{"text":"","expression":"","category":"attitude"}],"summary":{"text":"아르바이트는 잠시 돈을 벌기 위한 일이고 직장을 처음 지원한 곳이 이곳이므로 저는 직장을 퇴사했던 경험은 따로 없습니다. 다만 아르바이트를 오래했던 적이 있습니다.","wordCount":22}}},"rawDataInfo":{"question":{"fileFormat":"wav","fileSize":330958,"duration":10340,"samplingBit":16,"channelCount":1,"samplingRate":"16kHz","audioPath":"/Mock/03.PublicService/Male/Experienced/ckmk_q_ps_m_e_228764.wav"},"answer":{"fileFormat":"wav","fileSize":1123278,"duration":35100,"samplingBit":16,"channelCount":1,"samplingRate":"16kHz","audioPath":"/Mock/03.PublicService/Male/Experienced/ckmk_a_ps_m_e_228764.wav"}}}