{"version":"1.0","dataSet":{"info":{"date":"20230116","occupation":"PS","channel":"MOCK","place":"ONLINE","gender":"MALE","ageRange":"55-","experience":"EXPERIENCED"},"question":{"raw":{"text":"몇 년 전 우버 택시와 관련된 논란이 있었다는 걸 아실 겁니다 지원자께서는 우버 택시의 찬반양론에 대해서 각각 어떻게 생각하시나요","wordCount":19},"emotion":[],"intent":[]},"answer":{"raw":{"text":"몇 년 전 우버택시와 관한 논란이 있었던 걸 알고 계실 겁니다. 지원자께서는 찬반 양론에 대해 각각 어떻게 생각하세요. 아 저는 새로운 물결 새로운 그러한 첨단의 시대에 맞춰서 어 여러 가지 그러한 어 새롭게 시도되는 그런 분야가 맞다고 생각합니다. 우버택시 전에는 택시를 탈 때 어 직접 개인적인 택시 모범택시 이런 것들을 많이 탔지만은 지금은 또한 우버택시 또한 자율적인 그런 부분을 통하여서 많이 이렇게 진행해 오는 것들이 많이 있습니다. 그런 것들을 봤을 때에는 아 늘 새로운 것들에 대해서 관심을 갖고 또한 어 우리 세상 가운데 변하고자 하는 그러한 초점이 무엇인가 아 많이 관심을 갖고 그 변하는 쪽에 아 대체를 해야 된다고 생각합니다. 아 우버택시가 또한 아 자율적인 그러한 부분도 있고 또한 어 이러한 카카오 어 카톡이라든가 이런 것들을 통하여서 어떻게 보면은 어 직접적이면서 또한 어 관심이 있는 그런 부분입니다. 또한 이런 것들이 어떻게 보면은 아 시대의 변화 속에 꼭 필요한 그런 부분이기 때문에 우리가 또한 공부를 하고 그거에 또한 관심을 가져야 될 것 같습니다. 저는 어 찬성을 했던 것 같습니다. 아 마차의 시대에서 자동차의 시대로 이렇게 변하는 것처럼 기존의 시대에서 전기차의 시대로 이렇게 변하는 것 또한 이제 우버택시와 같은 새로운 패러다임 이런 쪽으로 변하는 그러한 삶에 있어서 꼭 필요한 아 필수불가결한 그런 부분인 것 같습니다.","wordCount":193},"emotion":[],"intent":[{"text":"","expression":"","category":"attitude"}],"summary":{"text":" 저는 새로운 물결 새로운 첨단의 시대에 맞춰서 새로운 시도되는 그런 분야가 맞다고 생각합니다. 우버택시가 자율적인 부분도 있고 이러한 것들은 시대의 변화 속에 꼭 필요한 그런 부분입니다. 기존의 시대에서 전기차의 시대로 변하는 것 또한 새로운 패러다임 이런 쪽으로 변하는 삶에 있어서 꼭 필요한 부분인 것 같습니다.","wordCount":45}}},"rawDataInfo":{"question":{"fileFormat":"wav","fileSize":623438,"duration":19480,"samplingBit":16,"channelCount":1,"samplingRate":"16kHz","audioPath":"/Mock/03.PublicService/Male/Experienced/ckmk_q_ps_m_e_256312.wav"},"answer":{"fileFormat":"wav","fileSize":3864398,"duration":120760,"samplingBit":16,"channelCount":1,"samplingRate":"16kHz","audioPath":"/Mock/03.PublicService/Male/Experienced/ckmk_a_ps_m_e_256312.wav"}}}