{"version":"1.0","dataSet":{"info":{"date":"20230116","occupation":"PS","channel":"MOCK","place":"ONLINE","gender":"MALE","ageRange":"-34","experience":"EXPERIENCED"},"question":{"raw":{"text":"아무래도 저희 업무 특성상 야근이나 잔업 외근이 많아질 수 있습니다 어 그래도 괜찮으신지 한번 생각을 들어보고 싶습니다","wordCount":17},"emotion":[],"intent":[]},"answer":{"raw":{"text":"저는 이미 당직이라는 업무에 대해서 이미 경험을 다 했었기 때문에 야근이나 뭐 잔업 외근이 많아진다 하더라도 자 그거에 대한 걸 다 경험했었기 때문에 저는 괜찮다고 생각합니다. 오히려 완벽하게 시 완벽하게 완벽하게 시간 안에 모든 일을 다 끝낸다는 게 말이 안 된다고 생각을 하고요. 그거에 따른 뭐 수당이나 이런 게 잘 복지 같은 것들이 챙겨진다고 하면은 뭐 야근이나 잔업 외근이 많아져도 저는 괜찮다고 생각하고 있습니다.","wordCount":64},"emotion":[],"intent":[{"text":"","expression":"","category":"attitude"}],"summary":{"text":"당직 업무에 대해 이미 경험을 다 했으므로 야근이나 잔업 외근이 많아져도 괜찮다고 생각합니다. 수당이나 복지가 잘 갖춰진다면 더 좋을 것 같습니다.","wordCount":21}}},"rawDataInfo":{"question":{"fileFormat":"wav","fileSize":499278,"duration":15600,"samplingBit":16,"channelCount":1,"samplingRate":"16kHz","audioPath":"/Mock/03.PublicService/Male/Experienced/ckmk_q_ps_m_e_202017.wav"},"answer":{"fileFormat":"wav","fileSize":1153678,"duration":36050,"samplingBit":16,"channelCount":1,"samplingRate":"16kHz","audioPath":"/Mock/03.PublicService/Male/Experienced/ckmk_a_ps_m_e_202017.wav"}}}