{"version":"1.0","dataSet":{"info":{"date":"20230116","occupation":"PS","channel":"MOCK","place":"ONLINE","gender":"MALE","ageRange":"35-44","experience":"EXPERIENCED"},"question":{"raw":{"text":"지원자님의 전공과 관련하여 부족하다고 느낀 부분은 따로 공부하시나요","wordCount":8},"emotion":[],"intent":[]},"answer":{"raw":{"text":"아 네 저에 전공과 관련해서 최근 부족하다고 느끼는 부분과 제가 최근에 공부하고 있는 부분에서 말씀드리겠습니다. 일단 서비스나 가도 각종 물자가 이동하고 이렇게 어 매출이 되고 또 물건이 유통되는 그런 과정들 이런 것들에 대해서 봤을 때 제가 이제 느끼는 부분은 이런 책상 사무실에서 계속 하다 보니까 이런 실무 경험이 없습니다. 그러다 보니까 유통이 어떻게 되고 물건이 몇 단계를 거쳐서 고객까지 전달이 되는지 그런 부분에 대해서 어느 순간 궁금하고 그 부분을 이해가 돼야 내가 훌륭한 서비스가 될 수 있겠다고 느꼈었습니다. 그래서 지금 최근에는 유통관리사 자격증을 지금 공부를 하고 있는데 이걸 공부하면서 많은 제 하는 업무와에 접목시켜 봤을 때 아 이 자격증에 대해서 내가 더 정 정통해서 아 이거를 취득을 해 놓으면은 아 정말 많은 도움이 될 수 있을 거라는 생각이 듭니다. 그래서 지금도 계속 공부하고 있고 꼭 자격증을 목표로 하는 게 아니라 이 부분에 대해서 이해하기 위한 그런 자격증 취득을 하고 있는 것 같습니다. 그러면 제가 하는 업무에 대해서도 큰 도움이 될 수 있을 것 같습니다. 이상입니다.","wordCount":155},"emotion":[],"intent":[{"text":"","expression":"","category":"attitude"}],"summary":{"text":"서비스나 가도 이런 실무 경험이 없습니다. 그러다 보니 유통이 어떻게 되고 물건이 몇 단계를 거쳐서 고객까지 전달이 되는지 궁금합니다. 그래서 최근에는 유통관리사 자격증을 공부하고 있는데 이것을 취득해 놓으면 제가 하는 업무에 대해서도 큰 도움이 될 것 같습니다. 이상입니다.","wordCount":38}}},"rawDataInfo":{"question":{"fileFormat":"wav","fileSize":310478,"duration":9700,"samplingBit":16,"channelCount":1,"samplingRate":"16kHz","audioPath":"/Mock/03.PublicService/Male/Experienced/ckmk_q_ps_m_e_226892.wav"},"answer":{"fileFormat":"wav","fileSize":2670798,"duration":83460,"samplingBit":16,"channelCount":1,"samplingRate":"16kHz","audioPath":"/Mock/03.PublicService/Male/Experienced/ckmk_a_ps_m_e_226892.wav"}}}