{"version":"1.0","dataSet":{"info":{"date":"20230116","occupation":"PS","channel":"MOCK","place":"ONLINE","gender":"MALE","ageRange":"35-44","experience":"EXPERIENCED"},"question":{"raw":{"text":"우리 회사가 공장이 여러 군데 있는 것은 알고 계시죠 그런데 그 공장 주민들의 과도한 민원에 대해서 어떻게 대응할 것인지 본인은 본인은 어떻게 대응할 것인지 한번 말씀해 주세요","wordCount":27},"emotion":[],"intent":[]},"answer":{"raw":{"text":"아 이제 업무를 하다보면은 이제 주변의 외부 환경에 대한 또 위협이 분명히 있을 겁니다. 어 뭐 공장 주민이라든지 뭐 민원을 계속 온다든지 이런 상황이 올 건데 저는 그렇게 생각합니다. 분명히 민원이 온다는 거는 그 주민들도 무언가 원하는 것이 있을 것이고 무엇이 불만인 것이고 이런 게 분명히 있을 겁니다. 그거를 일단 제일 먼저 캐치를 해야 합니다. 그 회사의 이익에 인제 반려된다 생각을 해 가지고 회사의 이익만 생각하고 회사에서는 불이익을 안 보려고 하면은 그런 민원을 해결할 수가 없습니다. 그런 민원이 해결이 돼야 회사의 이미지도 틀려지는 것이고 회사의 발전이 더 크다고 생각합니다. 저는 그래서 이런 민원 같은 데에 대해서 빠른 조치와 빠른 판단이 중요하다고 생각합니다. 그렇게 됐을 때 이제 회사의 이미지가 훨씬 더 좋아질 것이고 그게 오히려 더 투자가 될 수 있지 않을까 라고 생각을 합니다. 그런 민원을 듣는 한 명의 주민들도 결국 우리의 고객이 될 수 있기 때문에 저는 일단 이런 민원 파트에서는 최대한 빨리 내 줄 건 내주고 얻을 수 있는 거는 얻을 수 있는 것이 캐치해서 바로바로 조치해주는 것이 제일 좋은 대응이라고 생각합니다. 이상입니다.","wordCount":164},"emotion":[],"intent":[{"text":"분명히 민원이 온다는 거는 그 주민들도 무언가 원하는 것이 있을 것이고   무엇이 불만인 것이고 이런 게 분명히 있을 겁니다.","expression":"p_voc","category":"technology"},{"text":"그런 민원이 해결이 돼야 회사의 이미지도 틀려지는 것이고 회사의 발전이 더 크다고 생각합니다.","expression":"p_voc","category":"technology"},{"text":"저는 그래서 이런 민원 같은 데에 대해서 빠른 조치와 빠른 판단이 중요하다고 생각합니다.","expression":"p_voc","category":"technology"},{"text":"그런 민원을 듣는 한 명의 주민들도 결국 우리의 고객이 될 수 있기 때문에   저는 일단 이런 민원 파트에서는 최대한 빨리 내 줄 건 내주고 얻을 수 있는 거는 얻을 수 있는 것이 캐치해서   바로바로 조치해주는 것이 제일 좋은 대응이라고 생각합니다.","expression":"p_voc","category":"technology"}],"summary":{"text":"공장 주민 등 민원이 온다는 것은 주민들도 무언가 원하는 것이 있을 것이고 회사에서는 불이익을 안 보려고 하면은 민원을 해결할 수가 없습니다. 민원에 대한 빠른 조치와 빠른 판단이 중요하다고 생각합니다. 민원 파트에서는 최대한 빨리 얻을 수 있는 것을 캐치해서 바로바로 조치해주는 것이 제일 좋은 대응이라고 생각합니다.","wordCount":45}}},"rawDataInfo":{"question":{"fileFormat":"wav","fileSize":545358,"duration":17040,"samplingBit":16,"channelCount":1,"samplingRate":"16kHz","audioPath":"/Mock/03.PublicService/Male/Experienced/ckmk_q_ps_m_e_139218.wav"},"answer":{"fileFormat":"wav","fileSize":2671438,"duration":83480,"samplingBit":16,"channelCount":1,"samplingRate":"16kHz","audioPath":"/Mock/03.PublicService/Male/Experienced/ckmk_a_ps_m_e_139218.wav"}}}