{"version":"1.0","dataSet":{"info":{"date":"20230116","occupation":"PS","channel":"MOCK","place":"ONLINE","gender":"MALE","ageRange":"55-","experience":"EXPERIENCED"},"question":{"raw":{"text":"어 지금까지 여러 가지 대외 활동을 해 보셨잖아요 그러한 대외 활동에서 무엇을 배웠고 또 어떤 자세로 임했는지 말씀해 주시길 바랍니다","wordCount":20},"emotion":[],"intent":[]},"answer":{"raw":{"text":"지금까지 여러 대외 활동을 해 보셨을 텐데 대외 활동에서 무엇을 배웠고 어떤 자세로 임했는지 말씀해 주세요. 예 제가 여러 가지 클럽 활동이라든가 아 다른 아 외부의 활동 아 그런 일들을 좀 많이 했다고 볼 수 있습니다. 제가 교회에서의 일 뿐만 아니라 사회에서의 그런 큰 어 클럽은 아니지만 모임이라든가 이런 쪽에 아 총무라든가 또한 임원으로서 어 일을 하면서 아 여러 가지 사람들과의 그 관계 속에서 일을 많이 해 왔었습니다. 또한 그렇게 많이 하고 또한 많은 사람들 앞에서 얘기를 하다 보니까 처음에는 많은 긴장감이라든가 말을 더듬고 그런 부분도 있었지만 지금은 여간에서는 그러한 긴장감들은 어 거의 없다고 볼 수 있습니다. 그런 것이 어떻게 보면 저에게 큰 도움이 였는지도 모르겠습니다. 많은 사람들 앞에서 어 입장을 발표하고 또한 설명을 하고 또한 어 여러 가지들을 이렇게 발표를 함에 있어 가지고 저 개인적으로도 어 많은 도움이 되었다고 볼 수 있습니다. 그리고 또한 제가 주로 했던 것은 사회 봉사 활동 그런 부분도 많이 했습니다. 또한 임원으로서 아 그런 일들을 좋아 맡아 가지고 인원도 동원해야 되고 또한 관리도 해야 되는 그런 부분에서 일을 했었습니다. 어떻게 보면은 아 많은 대외 활동을 하다 보니까 시간은 좀 뺏기지만은 아 많은 유익한 시간이었고 아 저의 개인적으로도 그렇고 많은 이들에게도 서로 어 유익을 공유했던 그러한 시간들이었던 것 같습니다.","wordCount":194},"emotion":[],"intent":[{"text":"","expression":"","category":"attitude"}],"summary":{"text":"제가 여러 가지 클럽 활동과 사회에서의 큰 클럽은 아니지만 여러 가지 사람들과의 관계 속에서 일을 많이 했습니다. 그런 것이 저 개인적으로도 많은 도움이 되었습니다. 또 사회 봉사 활동도 많이 했으며 임원으로서 많은 일을 하다 보니 시간이 좀 뺏긴 것 같았지만 많은 유익한 시간이었습니다.","wordCount":43}}},"rawDataInfo":{"question":{"fileFormat":"wav","fileSize":572238,"duration":17880,"samplingBit":16,"channelCount":1,"samplingRate":"16kHz","audioPath":"/Mock/03.PublicService/Male/Experienced/ckmk_q_ps_m_e_246594.wav"},"answer":{"fileFormat":"wav","fileSize":3784398,"duration":118260,"samplingBit":16,"channelCount":1,"samplingRate":"16kHz","audioPath":"/Mock/03.PublicService/Male/Experienced/ckmk_a_ps_m_e_246594.wav"}}}