{"version":"1.0","dataSet":{"info":{"date":"20230116","occupation":"PS","channel":"MOCK","place":"ONLINE","gender":"MALE","ageRange":"35-44","experience":"EXPERIENCED"},"question":{"raw":{"text":"지원자님께서는 지원자님이 공부한 전공 외에 자신이 수준급의 실력이 될 정도로 노력한 것이 있나요 만약에 있다면 전공과 관련해서 어떤 도움을 주는지 저에게 말씀해 주세요 너무 궁금하네요","wordCount":25},"emotion":[],"intent":[]},"answer":{"raw":{"text":"제가 바로 잘 할 수 있는 것 중의 하나는 바로 영어 회화입니다. 저는 어릴 때부터 영어 회화를 하는 것을 꿈으로 생각하고 있었고 대학교 졸업할 때까지는 단순히 토익 시험만 응시하고 그 토익 시험에 맞춰서 취업의 길을 열었습니다. 하지만 취업을 하고 난 다음에 외국계 회사에서 일을 하다보니 실제 토익 영어가 아니라 비즈니스 회화 서바이벌 영어가 절실히 필요하다는 것을 느꼈습니다. 그래서 저는 스물 여덟 살 때부터 하루에 다섯 페이지에서 열 페이지 되는 영어 회화 책을 읽고 그것을 끊임없이 쓰고 읽고 쓰고 읽고 반복하면서 주말에는 네이티브 스피커들이 있는 영어 동아리 카페에 출퇴근을 했습니다. 영어 동아리 카페에서 세 시간 동안 처음에는 네이티브 스피커들이 하는 말을 알아들으면서 제가 배웠던 영어를 하나씩 써 먹었는데 그들이 처음엔 알아듣지 못했습니다. 그런데 그렇게 공부하고 삼 개월 육 개월 이 년 삼 년이 지나니까 어느 순간부터 네이티브 스피커들하고 자연스럽게 대화도 해 가면서 진지하고 심도 있는 대화를 하기 시작했습니다. 그래서 지금은 제가 영어 회화를 주도하고 영어 동아리 카페에서 회장직을 맡고 있으며 영어 회의를 하게 되면 제가 거의 좌장 역할을 하는 케이스가 많습니다.","wordCount":160},"emotion":[],"intent":[{"text":"하지만 취업을 하고 난 다음에 외국계 회사에서 일을 하다보니 실제 토익 영어가 아니라   비즈니스 회화 서바이벌 영어가 절실히 필요하다는 것을 느꼈습니다.","expression":"c_imp","category":"personality"},{"text":"그래서 저는 스물 여덟 살 때부터   하루에 다섯 페이지에서 열 페이지 되는 영어 회화 책을 읽고 그것을 끊임없이 쓰고 읽고 쓰고 읽고 반복하면서 주말에는 네이티브 스피커들이 있는 영어 동아리 카페에 출퇴근을 했습니다.","expression":"c_private","category":"background"},{"text":"영어 동아리 카페에서 세 시간 동안 처음에는 네이티브 스피커들이 하는 말을 알아들으면서 제가 배웠던 영어를 하나씩 써 먹었는데 그들이 처음엔 알아듣지 못했습니다.","expression":"c_private","category":"background"},{"text":"그런데 그렇게 공부하고 삼 개월 육 개월   이 년 삼 년이 지나니까 어느 순간부터 네이티브 스피커들하고 자연스럽게 대화도 해 가면서 진지하고 심도 있는 대화를 하기 시작했습니다.","expression":"c_private","category":"background"}],"summary":{"text":"저는 어릴 때부터 영어 회화를 꿈꿨지만, 외국계 회사에서 일을 하다보니 비즈니스 회화 서바이벌 영어가 필요하다는 것을 느꼈습니다. 그래서 영어 회화 책을 읽고 독서를 반복하면서 영어 동아리 카페에 출퇴근을 했습니다. 공부하다가 어느 순간부터 네이티브 스피커들과 대화도 해 가면서 진지하고 심도 있는 대화를 하기 시작했습니다. 현재는 영어 회의의 좌장 역할을 하는 케이스가 많습니다.","wordCount":51}}},"rawDataInfo":{"question":{"fileFormat":"wav","fileSize":553678,"duration":17300,"samplingBit":16,"channelCount":1,"samplingRate":"16kHz","audioPath":"/Mock/03.PublicService/Male/Experienced/ckmk_q_ps_m_e_162513.wav"},"answer":{"fileFormat":"wav","fileSize":2583438,"duration":80730,"samplingBit":16,"channelCount":1,"samplingRate":"16kHz","audioPath":"/Mock/03.PublicService/Male/Experienced/ckmk_a_ps_m_e_162513.wav"}}}