{"version":"1.0","dataSet":{"info":{"date":"20230116","occupation":"PS","channel":"MOCK","place":"ONLINE","gender":"MALE","ageRange":"35-44","experience":"EXPERIENCED"},"question":{"raw":{"text":"지금 말고 입사 이후에 다른 부서로 지원을 가게 될 수도 있고요 어 만약에 본인이 원하지 않는 업무에 배정이 된다고 가정을 해보면 그럴 때 어떻게 대처를 하시겠습니까","wordCount":26},"emotion":[],"intent":[]},"answer":{"raw":{"text":"직무에 맞는지 안 맞는지 최소한 삼 개월에서 육 개월 또는 일 년 정도를 해보면서 참고 견뎌보겠습니다. 한 두 달 해보고 아 이 직무가 나하고 정말 맞지 않는다 라고 판단하는 것은 아주 섣부른 판단이라고 생각합니다. 왜냐하면 회사의 모든 업무는 유기적으로 연결돼 있고 어떤 업무를 하나를 알게 되면 다른 업무를 파생적으로 알게 되거나 다른 부서에 대한 이해도가 높아집니다. 지금 당장 하고 있는 일이 적성에 맞지 않더라도 일 년 정도 해보면서 전문성을 살려서 내가 이 일을 못해서 안 맞는다고 생각하는지 아니면 이 업무가 정말 안 맞는지는 일 년 후에 판단을 하겠습니다. 일 년 정도 해봤는데도 적성에 절대 맞지 않고 일정 성과 이상을 냈지만 그래도 이 일이 너무 하기 싫다면 그 후에는 부서장이나 대표 이사에게 보직 순환 보직 전환에 대한 요청을 하겠습니다. 사장님 제가 지금 일 년 정도 이 업무를 해서 많이 숙달이 되었습니다. 그런데도 이 업무가 저에게는 너무 맞지 않아 너무 많은 스트레스를 받고 있으니 이 업무 능력을 가지고 다른 부서 가서 이 업무를 능력을 살리면 제가 이거보다 삼십 퍼센트 이상 더 많은 성과를 낼 것 같으니 보직 전환을 요청해 가 승인해 주시기 바랍니다 라고 요청을 할 것입니다.","wordCount":175},"emotion":[],"intent":[{"text":"","expression":"","category":"attitude"}],"summary":{"text":"회사의 모든 업무는 유기적으로 연결되어 있고 다른 업무를 파생적으로 알게 되거나 다른 부서에 대한 이해도가 높습니다. 지금 당장 하고 있는 일이 적성에 맞지 않더라도 일 년 정도 해보면서 전문성을 살려서 제가 이 일을 못해서 안 맞는다고 생각하는지 아니면 이 업무가 정말 안 맞는지는 일 년 후에 판단을 하겠습니다.","wordCount":48}}},"rawDataInfo":{"question":{"fileFormat":"wav","fileSize":544398,"duration":17010,"samplingBit":16,"channelCount":1,"samplingRate":"16kHz","audioPath":"/Mock/03.PublicService/Male/Experienced/ckmk_q_ps_m_e_177460.wav"},"answer":{"fileFormat":"wav","fileSize":2599118,"duration":81220,"samplingBit":16,"channelCount":1,"samplingRate":"16kHz","audioPath":"/Mock/03.PublicService/Male/Experienced/ckmk_a_ps_m_e_177460.wav"}}}