{"version":"1.0","dataSet":{"info":{"date":"20230116","occupation":"PS","channel":"MOCK","place":"ONLINE","gender":"MALE","ageRange":"35-44","experience":"EXPERIENCED"},"question":{"raw":{"text":"이전 직장에서 퇴사하신 후에 지원자님은 퇴사한 것을 후회하신 적은 없나요 있으시다면 왜 후회를 하셨는지도 함께 말씀 부탁드립니다","wordCount":17},"emotion":[],"intent":[]},"answer":{"raw":{"text":"전 회사에 부정적이고 책임의 피해가 강한 사람들이 많아서 회사를 퇴사하게 되었습니다. 회사의 비전도 제시하지 못하고 항상 부정적인 감정 때문에 많은 사람들을 전염시켰던 사람들을 피해서 새로운 회사를 왔는데 이곳에는 그 전에 있는 회사 사람들보다 더 부정적이고 회사에 대한 악담을 하는 사람들이 많았습니다. 우리는 구관이 명관이라고 하는데 실제로 이렇게 이직을 하고 나니까 왜 구관이 명관인지를 알게 되었습니다. 좋은 회사를 찾아서 왔지만 좋은 회사보다는 좋은 사람들이 있는 곳이 훨씬 더 좋은 회사라는 걸 깨닫게 되었습니다.","wordCount":72},"emotion":[],"intent":[{"text":"","expression":"","category":"attitude"}],"summary":{"text":"좋은 회사를 찾아서 왔지만 좋은 회사보다는 좋은 사람들이 있는 곳이 훨씬 더 좋은 회사라는 걸 깨닫게 되었습니다. 전 회사에 부정적이고 책임의 피해가 강한 사람들이 많아서 회사를 퇴사하였습니다.","wordCount":27}}},"rawDataInfo":{"question":{"fileFormat":"wav","fileSize":492238,"duration":15380,"samplingBit":16,"channelCount":1,"samplingRate":"16kHz","audioPath":"/Mock/03.PublicService/Male/Experienced/ckmk_q_ps_m_e_172435.wav"},"answer":{"fileFormat":"wav","fileSize":1442638,"duration":45080,"samplingBit":16,"channelCount":1,"samplingRate":"16kHz","audioPath":"/Mock/03.PublicService/Male/Experienced/ckmk_a_ps_m_e_172435.wav"}}}