{"version":"1.0","dataSet":{"info":{"date":"20230116","occupation":"PS","channel":"MOCK","place":"ONLINE","gender":"MALE","ageRange":"35-44","experience":"EXPERIENCED"},"question":{"raw":{"text":"지원자님께서는 지금까지 인생을 살면서 가장 후회되는 일이 있으신지 궁금합니다 있으시다면 그것은 어떤 일인가요 한 가지만 한 가지만 골라서 말씀해 주시길 바랍니다","wordCount":21},"emotion":[],"intent":[]},"answer":{"raw":{"text":"어 지금까지 인생을 살면서 가장 후회되는 일이 무엇일까 한번 생각해 봤고 한 가지만 한번 제가 답변을 드리자면 저는 인생을 살면서 후회되는 일은 없는 것 같습니다. 다 제가 선택한 일이고 잘못된 일도 있었고 잘된 일도 있었고 만족하는 일이 있었고 하지만 지나간 일을 후회하는 스타일은 아니어서 후회되는 일은 없는 것 같고 아쉬웠던 일은 몇 가지가 있었던 것 같습니다. 아쉬웠던 일 중에서 생각나는 것 중의 하나가 어 군 생활을 들어가는 그 스물 한 살 때 나이였습니다. 어 병사생활을 이 년만 마치고 어 사이로 나올지 아니면 그때는 군인에 대한 좀 뭔가 좀 이렇게 로망 같은 게 있어 가지고 부사관 생활을 해보고 싶다 라는 간부로 한 번 의 생활을 맞춰보고 싶다는 생각을 해서 부사관을 지원할까 를 고민을 했었습니다. 그래서 결국은 부사관을 지원해서 갔는데 사 년만 하고 전형을 했었더라면 아마 지금 사회에서의 경험이 어 더 많아지고 더 안정적인 지위 위치에 있었을 건데 군생활을 육 년이나 했습니다. 육 년을 하다 보니까 거의 이십 대 대부분을 군생활을 하면서 보냈는데 그 시간에서 배웠던 것들이나 뭐 경험 이런 것들을 어 얻은 것도 굉장히 많지만 어 이제 아쉬운 것이 그런 시간을 많이 할애하지 않았나 그런 부분에 의해서는 좀 아쉬운 부분이 드는 것 같습니다. 네 분명히 그 육 년 간의 시간 동안에 제가 인생을 살아가는데 데 있어서 많은 영양분에 받았다고 생각하기 때문에 그래서 제가 후회는 된다는 말을 안 드리는 거고 아쉽다 라고 표현을 하고 싶을 것 같습니다. 이상입니다.","wordCount":216},"emotion":[{"text":"육 년을 하다 보니까 거의 이십 대 대부분을 군생활을 하면서 보냈는데 그 시간에서 배웠던 것들이나 뭐 경험 이런 것들을 어 얻은 것도 굉장히 많지만 어 이제 아쉬운 것이 그런 시간을 많이 할애하지 않았나 그런 부분에 의해서는 좀 아쉬운 부분이 드는 것 같습니다.","expression":"n-distress","category":"negative"},{"text":"네 분명히 그 육 년 간의 시간 동안에 제가 인생을 살아가는데 데 있어서 많은 영양분에 받았다고 생각하기 때문에 그래서 제가 후회는 된다는 말을 안 드리는 거고 아쉽다 라고 표현을 하고 싶을 것 같습니다.","expression":"n-distress","category":"negative"}],"intent":[{"text":"","expression":"","category":"attitude"}],"summary":{"text":"저는 인생에서 후회되는 일이 없는 것 같습니다. 스물 한 살 때 군인의 로망 같은 것이 있어서 부사관 지원을 고민하다가 사 년만 하고 전형을 했더라면 더 안정적인 지위 위치에 있었을 텐데 육 년을 군생활을 하면서 배웠던 것들이나 경험 같은 것들을 많이 얻었는데 그런 시간을 많이 할애하지 않았나 그런 부분에 있어서는 좀 아쉬운 부분이 있습니다.","wordCount":53}}},"rawDataInfo":{"question":{"fileFormat":"wav","fileSize":519758,"duration":16239,"samplingBit":16,"channelCount":1,"samplingRate":"16kHz","audioPath":"/Mock/03.PublicService/Male/Experienced/ckmk_q_ps_m_e_229918.wav"},"answer":{"fileFormat":"wav","fileSize":3653198,"duration":114160,"samplingBit":16,"channelCount":1,"samplingRate":"16kHz","audioPath":"/Mock/03.PublicService/Male/Experienced/ckmk_a_ps_m_e_229918.wav"}}}