{"version":"1.0","dataSet":{"info":{"date":"20230116","occupation":"PS","channel":"MOCK","place":"ONLINE","gender":"MALE","ageRange":"-34","experience":"EXPERIENCED"},"question":{"raw":{"text":"인생을 살면서 무엇인가 하나에 푹 빠져서 몰두해 보신 적이 있나요 있다면 그것이 무엇이었는지 구체적으로 말씀해 주세요","wordCount":16},"emotion":[],"intent":[]},"answer":{"raw":{"text":"저는 영화에 푹 빠져서 영화 관람을 많이 했었던 것 같습니다. 제가 영화를 특히 좋아하는 이유는 저희가 직접 체험하지 못하는 것들을 간접적으로 체험할 수 있기 때문입니다. 제가 군인의 관심이 생기면서 특히 전쟁과 관련된 영화를 많이 봤었는데요. 전쟁을 제가 직접 경험하지는 못해도 영화를 보면 제가 좋아하는 군대 영상과 군인들 관련된 영상들을 많이 볼 수 있기 때문에 영화를 많이 봤던 것 같습니다. 그리고 영화는 씨지를 통해서 좀 더 자극적으로 영상 편집까지 이루어지기 때문에 군대와 군인에 관련된 영상이 정말 실감나게 표현됩니다. 제가 직접 전쟁을 겪지 않더라도 다양하게 경험을 할 수 있기 때문에 영화 시청에 빠져서 살던 시간이 있었습니다.","wordCount":94},"emotion":[],"intent":[{"text":"","expression":"","category":"attitude"}],"summary":{"text":"직접 체험하지 못하는 것들을 간접체험할 수 있기 때문에 영화를 특히 좋아합니다. 직접 경험하지는 못해도 군대 영상과 군인들 관련 영상들을 많이 볼 수 있기 때문입니다. 영화는 씨지를 통해서 좀 더 자극적으로 영상 편집까지 이루어지기 때문에 군대와 군인에 관련된 영상이 실감나게 표현됩니다.","wordCount":40}}},"rawDataInfo":{"question":{"fileFormat":"wav","fileSize":607758,"duration":18990,"samplingBit":16,"channelCount":1,"samplingRate":"16kHz","audioPath":"/Mock/03.PublicService/Male/Experienced/ckmk_q_ps_m_e_228766.wav"},"answer":{"fileFormat":"wav","fileSize":2407758,"duration":75240,"samplingBit":16,"channelCount":1,"samplingRate":"16kHz","audioPath":"/Mock/03.PublicService/Male/Experienced/ckmk_a_ps_m_e_228766.wav"}}}