{"version":"1.0","dataSet":{"info":{"date":"20230116","occupation":"PS","channel":"MOCK","place":"ONLINE","gender":"MALE","ageRange":"35-44","experience":"EXPERIENCED"},"question":{"raw":{"text":"협업을 할 일이 많이 생길 수 있는데 이전 직 직장에서나 대학에서나 협업을 할 때 어려운 점은 없으셨나요","wordCount":17},"emotion":[],"intent":[]},"answer":{"raw":{"text":"아 협업을 하는 과정에 있어서 어느 직장이나 어느 뭐 회사나 모두 학생이든지 모든 사람들에게 협업을 할 일은 많이 생깁니다. 이 협업이라는 게 결국은 사람과 사람이 어울러 사는 그런 관계가 되는 건데 그런 협업을 하는 데 있어서 제일 중요한 것은 적이 있으면 안 됩니다. 적이 많게 되면은 그 적들의 세력이 세져서 어 본인에게 어떤 식으로든 치명타를 입을 수 있기 때문에 이런 적이 없고 또 원만한 사회 관계를 통하면은 이런 협업을 하는 데 있어서 부작용이 없을 것입니다. 그래서 이런 협업을 할 때 제일 어려웠던 부분은 어 서로 간의 의사소통이 되지 않을 때 제일 힘들지 않을까 싶습니다. 사람이 생각하는 게 다 틀리고 가치관이 틀리기 때문에 어떤 사람에게 도움을 얻기 위해서 그 사람은 내가 도움을 안 줄려고 또 노력할 수도 있는 것이고 하기 때문에 그런 것들을 극복하는데 제일 중요한 것은 인간관계가 잘 이루어져서 서로에게 도움을 줄 수 있는 그런 관계 진심으로 도와줄 수 있는 관계를 만들어줘야 원활한 협업이 이루어지고 협업을 통한 어 성과를 이뤄내지 않을까 싶습니다. 네 이상입니다.","wordCount":154},"emotion":[],"intent":[{"text":"아 협업을 하는 과정에 있어서 어느 직장이나 어느 뭐 회사나   모두 학생이든지 모든 사람들에게 협업을 할 일은 많이 생깁니다.","expression":"c_cop","category":"personality"},{"text":"이 협업이라는 게 결국은 사람과 사람이 어울러 사는 그런 관계가 되는 건데   그런 협업을 하는 데 있어서 제일 중요한 것은 적이 있으면 안 됩니다.","expression":"c_cop","category":"personality"},{"text":"적이 많게 되면은 그 적들의 세력이 세져서   어 본인에게 어떤 식으로든 치명타를 입을 수 있기 때문에 이런 적이 없고   또 원만한 사회 관계를 통하면은 이런 협업을 하는 데 있어서 부작용이 없을 것입니다.","expression":"c_cop","category":"personality"},{"text":"그래서 이런 협업을 할 때 제일 어려웠던 부분은 어 서로 간의 의사소통이 되지 않을 때 제일 힘들지 않을까 싶습니다.","expression":"c_cop","category":"personality"},{"text":"사람이 생각하는 게 다 틀리고 가치관이 틀리기 때문에 어떤 사람에게 도움을 얻기 위해서   그 사람은 내가 도움을 안 줄려고 또 노력할 수도 있는 것이고 하기 때문에 그런 것들을 극복하는데 제일 중요한 것은 인간관계가 잘 이루어져서 서로에게 도움을 줄 수 있는 그런 관계   진심으로 도와줄 수 있는 관계를 만들어줘야 원활한 협업이 이루어지고 협업을 통한   어 성과를 이뤄내지 않을까 싶습니다.","expression":"c_cop","category":"personality"}],"summary":{"text":"협업은 사람과 사람이 어울리는 관계입니다. 협업할 때 가장 어려웠던 부분은 의사소통이 되지 않을 때인데, 인간관계가 잘 이루어져 서로에게 진심으로 도움을 줄 수 있는 관계가 되어야 원활한 협업이 이루어질 것입니다.","wordCount":29}}},"rawDataInfo":{"question":{"fileFormat":"wav","fileSize":333518,"duration":10420,"samplingBit":16,"channelCount":1,"samplingRate":"16kHz","audioPath":"/Mock/03.PublicService/Male/Experienced/ckmk_q_ps_m_e_192627.wav"},"answer":{"fileFormat":"wav","fileSize":2635598,"duration":82360,"samplingBit":16,"channelCount":1,"samplingRate":"16kHz","audioPath":"/Mock/03.PublicService/Male/Experienced/ckmk_a_ps_m_e_192627.wav"}}}