{"version":"1.0","dataSet":{"info":{"date":"20230116","occupation":"PS","channel":"MOCK","place":"ONLINE","gender":"MALE","ageRange":"45-54","experience":"EXPERIENCED"},"question":{"raw":{"text":"지원자님께서는 우리 회사가 해외 무대로 진출한다면 어디로 진출하는 것이 좋겠습니까 왜 그런지 이유도 말씀해 주세요","wordCount":15},"emotion":[],"intent":[]},"answer":{"raw":{"text":"저는 개인적으로 인도를 생각하고 있습니다. 어 인도는 일단 인구 수가 많습니다. 현재 중국 시장은 어 거의 뭐 전 세계 기업의 각축전이라고 할 정도로 포화 상태입니다. 또한 중국은 어 공산국가라는 이런 문제점이 있다 보니 아무래도 경제 활동을 하는데 국가의 힘을 무시할 수가 없습니다. 우리가 아무리 수출을 잘하고 물건 좋은 물건이 나와도 국가와 국가의 관계가 안 좋아진다 라든지 이런 일이 발생을 하면 당장 수출길이 막히는 이런 일들이 여태까지 비일 비재했습니다. 일단 인도 같은 경우는 인구수로 봤을 때도 우리가 우리의 회사 제품들이 진출하는데 매우 좋다라고 생각을 합니다. 중국 아니 인도는 어떻게 보면 첨단과 구식이 공존하는 나라입니다. 잘 사는 사람은 정말 잘 살고 못사는 사람들은 너무 못살고 어찌보면 우리나라의 한 칠십 년대의 모습과 비슷한데 여기에서 또 우리가 공장 같은 걸 진출했을 때 값싼 노동력을 얻을 수 있습니다. 이쪽은 경공업 기반이 없다 보니 어 경공업 기반이 없고 여성들이 경제활동에 참여율이 적습니다. 우리가 그 쪽에다 공장을 지어서 여성들의 노동력과 어 그런 기반을 쌓을 수만 있다면 어 인도는 매우 매력적인 시장이라고 생각합니다.","wordCount":155},"emotion":[],"intent":[{"text":"","expression":"","category":"attitude"}],"summary":{"text":"인도는 인구 수가 많고 중국 시장은 포화상태이며 공산국인 관계로 국가의 힘을 무시할 수 없습니다. 그래서 우리가 수출을 잘하고 물건 좋은 물건이 나와도 국가의 관계가 안 좋아진다 라는 일은 비일 비재했습니다. 그러나 인구수뿐만 아니라 첨단과 구식이 공존하는 나라로 공장같은 걸 진출했을 때 값싼 노동력을 얻을 수 있고 여성들의 경제활동 참여율도 적지않습니다.","wordCount":50}}},"rawDataInfo":{"question":{"fileFormat":"wav","fileSize":409358,"duration":12790,"samplingBit":16,"channelCount":1,"samplingRate":"16kHz","audioPath":"/Mock/03.PublicService/Male/Experienced/ckmk_q_ps_m_e_106123.wav"},"answer":{"fileFormat":"wav","fileSize":2821198,"duration":88160,"samplingBit":16,"channelCount":1,"samplingRate":"16kHz","audioPath":"/Mock/03.PublicService/Male/Experienced/ckmk_a_ps_m_e_106123.wav"}}}