{"version":"1.0","dataSet":{"info":{"date":"20230116","occupation":"PS","channel":"MOCK","place":"ONLINE","gender":"MALE","ageRange":"35-44","experience":"EXPERIENCED"},"question":{"raw":{"text":"지원자께서는 어떠한 문제에 부딪쳤을 때 혼자 해결하는 편인지 혹은 여러 사람들에게 이야기를 하여 해결하는 편인지 궁금합니다","wordCount":16},"emotion":[],"intent":[]},"answer":{"raw":{"text":"어 저는 어떤 위기 상황이나 뭐 응급 상황이나 이런 상황에서는 어 혼자 해결하는 것보다는 여러 사람들과 힘을 합치는 게 제일 좋은 방법이라고 생각합니다. 그 이유는 어 어떤 문제 위기가 왔을 때는 어 빠른 조치가 필요할 겁니다. 빠른 조치가 필요한 데 내가 알고 있는 경험이나 내가 알고 있는 어 능력으로 그거를 그 해결해 해 가려고 하는데 뭐 한 시간이 걸린다면 분명히 이 일을 경험해 본 사람이 있을 겁니다. 그 사람을 제일 찾는 게 제일 빠른 조치 방법이고 그러면 그 사람은 오 분 안에도 끝낼 수 있을 것입니다. 그러기 때문에 여러 사람들에게 도움을 요청을 해서 혹시 이 부분에 대해서 해결했던 경험이 있는 사람이 있는지를 저는 일번으로 찾을 것 같고 그 어디에도 그런 사람이 없다 싶으면 그때는 의견들을 모아 볼 것 같습니다. 뭐 결국은 선택을 해야 할 건데 여러 사례 의견을 종합을 해서 놓고 어 이 문제를 해결할 수 있는 제일 좋은 방법인가를 어 토의나 회의를 거쳐서 결정하는 편을 여러 사람들의 의견을 존중해서 그렇게 결정하는 편이 제일 깔끔하고 명료하게 해결했던 것 같습니다. 예 이상입니다.","wordCount":161},"emotion":[],"intent":[{"text":"어 저는 어떤 위기 상황이나 뭐 응급 상황이나 이런 상황에서는 어 혼자 해결하는 것보다는 여러 사람들과 힘을 합치는 게 제일 좋은 방법이라고 생각합니다.","expression":"c_cop","category":"personality"},{"text":"뭐 결국은 선택을 해야 할 건데 여러 사례 의견을 종합을 해서 놓고   어 이 문제를 해결할 수 있는 제일 좋은 방법인가를 어 토의나 회의를 거쳐서 결정하는 편을 여러 사람들의 의견을 존중해서   그렇게 결정하는 편이 제일 깔끔하고 명료하게 해결했던 것 같습니다.","expression":"c_adp","category":"personality"}],"summary":{"text":"위기 상황이나 응급 상황이나 이런 상황에서는 혼자 해결하는 것보다는 여러 사람들과 힘을 합치는 게 제일 좋은 방법이라고 생각합니다. 여러 사례 의견을 종합해서 문제를 해결할 수 있는 좋은 방법인가를 토의나 회의를 거쳐서 결정하는 편이 여러 사람들의 의견을 존중해서 그렇게 결정하는 편이 깔끔하고 명료하게 해결했던 것 같습니다.","wordCount":45}}},"rawDataInfo":{"question":{"fileFormat":"wav","fileSize":458318,"duration":14320,"samplingBit":16,"channelCount":1,"samplingRate":"16kHz","audioPath":"/Mock/03.PublicService/Male/Experienced/ckmk_q_ps_m_e_139222.wav"},"answer":{"fileFormat":"wav","fileSize":2698318,"duration":84320,"samplingBit":16,"channelCount":1,"samplingRate":"16kHz","audioPath":"/Mock/03.PublicService/Male/Experienced/ckmk_a_ps_m_e_139222.wav"}}}