{"version":"1.0","dataSet":{"info":{"date":"20230116","occupation":"PS","channel":"MOCK","place":"ONLINE","gender":"MALE","ageRange":"35-44","experience":"EXPERIENCED"},"question":{"raw":{"text":"요즘엔 바른 훈육에 대한 관심이 점차 높아지고 있는데요 면접자님은 훈육에 대해서 어떻게 생각하십니까","wordCount":13},"emotion":[],"intent":[]},"answer":{"raw":{"text":"음 어려운 질문이네요. 아무래도 제 직업적인 특성 상 폭력의 현장은 항상 마주합니다. 네 그렇다고 해서 근데 제가 폭력을 긍정하지는 않아요. 네 저 역시 어 네 많은 무술을 이미 전 익혀왔고 네 저는 태권도 합기도 전 뽁싱도 오래 했기 때문에 여러 부분에서 제가 유단자이기 때문에 어 다 제 스스로를 방어할 수 있고 또 시민들도 지켜야 되고 하지만 어 무언가 더 나은 성장을 위해 공부를 위해 고 폭력이 어 수반되는 건 아닐 거 라고 생각을 해요. 그래서 요즘에 많이 이제 그 훈육법에 대해서 어 체벌에 관한 부분이 많이 연관이 되는데 저는 체벌에 대해서 어 정말 이상적이지만 가능해진다 면 저는 아예 체벌이 이루어지지 않는 사회를 조금 꿈꾸는 편입니다 네.","wordCount":106},"emotion":[],"intent":[{"text":"","expression":"","category":"attitude"}],"summary":{"text":"폭력의 현장은 항상 마주하지만 그것을 긍정하지는 않습니다. 유단자이고 더 나은 성장을 위해 폭력이 수반되는 건 아닐 거라고 생각합니다. 그래서 체벌이 이상적이지만 가능해진다면 체벌이 이루어지지 않는 사회를 꿈꿔요.","wordCount":27}}},"rawDataInfo":{"question":{"fileFormat":"wav","fileSize":307918,"duration":9620,"samplingBit":16,"channelCount":1,"samplingRate":"16kHz","audioPath":"/Mock/03.PublicService/Male/Experienced/ckmk_q_ps_m_e_156815.wav"},"answer":{"fileFormat":"wav","fileSize":2742478,"duration":85700,"samplingBit":16,"channelCount":1,"samplingRate":"16kHz","audioPath":"/Mock/03.PublicService/Male/Experienced/ckmk_a_ps_m_e_156815.wav"}}}