{"version":"1.0","dataSet":{"info":{"date":"20230116","occupation":"PS","channel":"MOCK","place":"ONLINE","gender":"MALE","ageRange":"35-44","experience":"EXPERIENCED"},"question":{"raw":{"text":"아 지원자님께서는 시간이 남을 때 어떤 일을 하시는지요 어 또 그 일을 왜 하시는지 아 그 이유에 대해서도 한번 설명해 주시면 좋겠습니다","wordCount":22},"emotion":[],"intent":[]},"answer":{"raw":{"text":"저는 여가 시간에 인터넷 또는 온라인 강의를 많이 듣습니다. 특히 요즘은 빅데이타 인공지능 구글 바이두에서 하고 있는 자율 주행에 대한 강의들이 넘쳐납니다. 딥러닝이나 머신 러닝도 빅데이타를 가지고 이용을 하면 어떤 사업에 어떻게 운영할 수 있는지 빅데이타에 데이터를 어떤 식으로 수집할 수 있는지 파이썬 프로그램도 지속적으로 배우면서 제가 프로그래밍을 하고 있습니다. 파이썬은 아주 어렵지는 않지만 씨쁠쁠 씨샵 같은 프로그래머들은 쉽게 배울 수 있고 일반 비전공자들은 육 개월에서 일 년이면 웬만한 프로그램을 혼자 짜거나 아니면 책 보고 만들 수 있습니다. 이러한 지속적인 노력을 통해서 구글에 있는 자율 주행이나 바이두에 있는 자율 주행을 분석할 수 있고 딥 러닝이나 머신 러닝이 어떻게 작동하는지를 분석하여 추후에 저희 회사의 업무 및 저희 회사 시스템에 적용할 수 있을 것이라고 생각합니다.","wordCount":113},"emotion":[],"intent":[{"text":"","expression":"","category":"attitude"}],"summary":{"text":"빅데이타 인공지능 구글 바이두에서 하고 있는 자율 주행에 대한 강의들이 많아 저는 파이썬 프로그램도 배우면서 프로그래밍을 하고 있습니다. 지속적인 노력을 통해서 구글에 있는 자율주행이나 바이두의 자율 주행을 분석할 수 있고 추후에 회사 업무에 적용할 수 있을 것이라고 생각합니다.","wordCount":38}}},"rawDataInfo":{"question":{"fileFormat":"wav","fileSize":431438,"duration":13480,"samplingBit":16,"channelCount":1,"samplingRate":"16kHz","audioPath":"/Mock/03.PublicService/Male/Experienced/ckmk_q_ps_m_e_177459.wav"},"answer":{"fileFormat":"wav","fileSize":2044558,"duration":63890,"samplingBit":16,"channelCount":1,"samplingRate":"16kHz","audioPath":"/Mock/03.PublicService/Male/Experienced/ckmk_a_ps_m_e_177459.wav"}}}