{"version":"1.0","dataSet":{"info":{"date":"20230116","occupation":"PS","channel":"MOCK","place":"ONLINE","gender":"MALE","ageRange":"-34","experience":"EXPERIENCED"},"question":{"raw":{"text":"면접자님은 전공 외에 자신이 수준급의 실력이 될 정도로 노력했던 것이 있으실까요 만약 있으시다면 전공과 관련하여 어떤 도움을 주는지도 궁금합니다","wordCount":19},"emotion":[],"intent":[]},"answer":{"raw":{"text":"저는 미디어 학과를 졸업했습니다. 단순히 영상을 편집하는 업무만 대학생 때 배웠었는데 이 외에 저는 사진 촬영 기술과 동영상 촬영 기술까지 따로 공부를 했습니다. 단순히 동영상만 편집하는 것이 아니라 제가 직접 촬영부터 편집 까지 혼자 할 수 있기 때문에 이런 기술들을 조금 더 익힐려고 노력했던 것 같습니다. 제가 만약 합격하게 된다면 군인들을 대상으로 동영상을 만들고 싶습니다. 그 동영상을 만들어서 군인들이 어떻게 생활을 하는지 그리고 힘든 점은 무엇인지 그리고 좋은 점은 어떤 것이 있는지 등을 동영상으로 제작해서 국민들에게 군인과 관련된 홍보 영상을 제공하고 싶습니다.","wordCount":82},"emotion":[],"intent":[{"text":"저는 미디어 학과를 졸업했습니다.","expression":"c_private","category":"background"}],"summary":{"text":"저는 대학생 때 영상 편집 업무 외에 사진 촬영 기술과 동영상 촬영 기술까지 따로 공부를 했습니다. 만약 합격하게 된다면 군인들을 대상으로 동영상을 만들어서 국민들에게 군인과 관련된 홍보 영상을 제공하고 싶습니다.","wordCount":30}}},"rawDataInfo":{"question":{"fileFormat":"wav","fileSize":615758,"duration":19240,"samplingBit":16,"channelCount":1,"samplingRate":"16kHz","audioPath":"/Mock/03.PublicService/Male/Experienced/ckmk_q_ps_m_e_228768.wav"},"answer":{"fileFormat":"wav","fileSize":2107598,"duration":65860,"samplingBit":16,"channelCount":1,"samplingRate":"16kHz","audioPath":"/Mock/03.PublicService/Male/Experienced/ckmk_a_ps_m_e_228768.wav"}}}