{"version":"1.0","dataSet":{"info":{"date":"20230116","occupation":"PS","channel":"MOCK","place":"ONLINE","gender":"MALE","ageRange":"35-44","experience":"EXPERIENCED"},"question":{"raw":{"text":"어 일을 하다 보면 업무량이 굉장히 많아질 수 있습니다 어 지원자님께서는 그렇게 업무량이 많아지더라도 잘 버틸 자신이 있으신지 한 번 말씀해 주시길 바랍니다","wordCount":23},"emotion":[],"intent":[]},"answer":{"raw":{"text":"업무량이 많아지는 것은 직장인으로서 피해 갈 수 없는 일입니다. 항상 정해진 대로 그 그런 일정대로 일을 하는 것은 공무원이거나 아니면 생산량에 맞춰진 업무입니다. 때로는 생산량도 발주가 많이 들어오거나 코로나 같은 팬데믹이 발생하면 물량이 많이 늘어나는 경우도 있고 때로는 회사에 사정이 안 좋아서 업무량이 작아지는 경우가 있기 때문에 그런 거를 감안했을 때는 업무량이 과도하게 많아지는 것에 대해서 불만을 갖지는 않습니다. 버틸 자신도 있고 잘 해내갈 내 나갈 자신도 있습니다. 하지만 과도한 업무량에 인해서 업무 시간이 늘어나고 주말에도 일을 하게 되고 피로가 누적되면 그것에 만큼 어떤 동기 부여 및 보상안이 따라야 된다고 생각합니다. 예를 들어 아홉 시부터 여섯 시까지 근무를 했는데 여섯 시에서 열 시까지 또는 주말 토요일 일요일 일을 해야 되는 업무량이 늘어난다고 하면 회사에서 먼저 어떤 동기 부여 및 보상안을 해줄 것인지 또 피로감에 쌓인 직원들에게 어떻게 긍지와 자긍심을 심어주고 회사 일을 계속 성과를 내게 할 수 있을 것인지에 대한 적절한 보상안이 따른다고 하면 저는 과도한 업무량 및 주말 근무 야근은 마다하지 않고 잘할 자신이 있고 현재까지도 다른 회사에서 그렇게 하고 있습니다.","wordCount":162},"emotion":[],"intent":[{"text":"","expression":"","category":"attitude"}],"summary":{"text":"직장인으로서 업무량이 많아지는 것에 대해 불만을 갖지는 않습니다. 하지만 업무 시간이 늘어나고 주말에도 일을 하게 되고 피로가 누적되면 어떤 동기 부여 및 보상안이 따라야 한다고 생각합니다. ","wordCount":26}}},"rawDataInfo":{"question":{"fileFormat":"wav","fileSize":515918,"duration":16120,"samplingBit":16,"channelCount":1,"samplingRate":"16kHz","audioPath":"/Mock/03.PublicService/Male/Experienced/ckmk_q_ps_m_e_192845.wav"},"answer":{"fileFormat":"wav","fileSize":2609358,"duration":81540,"samplingBit":16,"channelCount":1,"samplingRate":"16kHz","audioPath":"/Mock/03.PublicService/Male/Experienced/ckmk_a_ps_m_e_192845.wav"}}}