{"version":"1.0","dataSet":{"info":{"date":"20230116","occupation":"PS","channel":"MOCK","place":"ONLINE","gender":"MALE","ageRange":"35-44","experience":"EXPERIENCED"},"question":{"raw":{"text":"모럴 해저드 도덕적 해이라고 하죠 모럴 해저드 모럴 해저드를 경험해 본 적이 있습니까","wordCount":13},"emotion":[],"intent":[]},"answer":{"raw":{"text":"네 모러르 해저드에 도덕적 해이 이런 데서 경험해 봄으로 인한 뭐 여러 가지에서 말씀드리겠습니다. 어 일단 도덕적 해이 부분에서 봤을 때 일단 제일 먼저 선과 악이 존재할 것 같습니다. 제 도덕적 해이를 부분에 봤을 때 일단 뭐 지나다니면서 있는 뭐 쓰레기를 줍는 부분이 있을 것이고 그런 것들을 통해서 이제 도덕적으로 선과 악이 존재할 것 같은데 그렇게 했을 때 선의에 의한 악의가 있을 것이고 악의를 통한 선의가 있을 것인데 그런 것들이 겉 표면으로 봤을 땐 악의로 보이지만 선의로 다가갈 수 있을 것이고 겉 표면으로 봤을 때 뭐 기부나 뭐 그 사회봉사 뭐 이런 걸 통한 선의로 보이지만 그 속에는 어 다른 악의 존재가 존재할 수 있습니다. 이제 그런 것들이 부분에 봤을 때 이제 사회적으로나 어 이렇게 경제적으로 봤을 때나 어 도덕적 해이 이런 부분에 대해서 아마 논란이 될 수 있을 것 같고 앞으로도 그런 부분에 대해서는 선과 악이 존재하지 않을까 우리 사회에 적용되는 부분이지 않을까 생각하고 있습니다. 이상입니다.","wordCount":147},"emotion":[],"intent":[{"text":"","expression":"","category":"attitude"}],"summary":{"text":"도덕적 해이 부분에서 보면 우선 선과 악이 존재할 것 같습니다. 어떤 행위를 통해서 선의에 의한 악의가 있을 것이고 그것을 통한 선의가 있을 것인데 겉 표면으로는 선의로 보여도 속에는 다른 악의 존재가 있을 수 있습니다. 이런 부분에 대해 논란이 될 수 있고 앞으로도 선과 악의가 우리 사회에 적용될 부분이라 생각합니다.","wordCount":49}}},"rawDataInfo":{"question":{"fileFormat":"wav","fileSize":308878,"duration":9650,"samplingBit":16,"channelCount":1,"samplingRate":"16kHz","audioPath":"/Mock/03.PublicService/Male/Experienced/ckmk_q_ps_m_e_192624.wav"},"answer":{"fileFormat":"wav","fileSize":2627918,"duration":82120,"samplingBit":16,"channelCount":1,"samplingRate":"16kHz","audioPath":"/Mock/03.PublicService/Male/Experienced/ckmk_a_ps_m_e_192624.wav"}}}