{"version":"1.0","dataSet":{"info":{"date":"20230116","occupation":"PS","channel":"MOCK","place":"ONLINE","gender":"MALE","ageRange":"35-44","experience":"EXPERIENCED"},"question":{"raw":{"text":"고객이 만족할 만한 서비스를 제공하기 위해서는 당신은 어떤 준비가 되어야 한다고 생각하시는지 말씀해 주세요","wordCount":14},"emotion":[],"intent":[]},"answer":{"raw":{"text":"어 고객이 만족할 만한 써비스를 제공하기 위해서는 어 일단 제 자신이 항상 리플래쉬가 되어 있어야 한다고 생각합니다. 제 항상 표정이 밝고 이렇게 환한 상태가 되어야 상대방의 마음을 얻을 수 있다고 생각하기 때문에 항상 그 저 사람에게 사람을 이끌어가는 끌어당기는 힘이 있어야 한다고 생각하기 때문에 그런 종류의 책들도 많이 읽고 있습니다. 그래서 항상 음 내가 상대방에게 스트레스를 주면 안 되기 때문에 제가 항상 그날에 있던 스트레스는 그날 해소하고 리플래쉬 된 마음으로 항상 출근을 해서 고객을 항상 만족을 넘어서 설득을 해야 한다고 생각합니다. 그렇게 했을 때 해야 그 고객이 또 만족을 하게 되고 어 감동을 받게 되면 그 주변 사람들에게 주변 지인들에게 또 널리 널리 펼쳐지고 그게 써비스의 기본이라고 생각합니다. 그런 써비스가 이루어지지 않으면은 회사의 발전은 없게 되고 회사의 이미지가 어 좀 더 좋은 이미지로 갈 수 있기 때문에 항상 고객에게는 만족이 아닌 감동을 주는 그런 써비스를 제공하기 위해서 항상 리플래쉬 된 마음으로 준비하고 있습니다. 네 이상입니다.","wordCount":145},"emotion":[],"intent":[{"text":"어 고객이 만족할 만한 써비스를 제공하기 위해서는 어 일단 제 자신이 항상 리플래쉬가 되어 있어야 한다고 생각합니다.","expression":"p_cus_belief","category":"technology"},{"text":"그래서 항상 음 내가 상대방에게 스트레스를 주면 안 되기 때문에 제가 항상 그날에 있던 스트레스는 그날 해소하고 리플래쉬 된 마음으로   항상 출근을 해서 고객을 항상 만족을 넘어서 설득을 해야 한다고 생각합니다.","expression":"p_cus_belief","category":"technology"},{"text":"그렇게 했을 때 해야 그 고객이 또 만족을 하게 되고 어 감동을 받게 되면 그 주변 사람들에게 주변 지인들에게 또 널리 널리 펼쳐지고 그게 써비스의 기본이라고 생각합니다.","expression":"p_cus_belief","category":"technology"},{"text":"그런 써비스가 이루어지지 않으면은 회사의 발전은 없게 되고 회사의 이미지가   어 좀 더 좋은 이미지로 갈 수 있기 때문에 항상 고객에게는 만족이 아닌 감동을 주는 그런 써비스를 제공하기 위해서 항상 리플래쉬 된 마음으로   준비하고 있습니다.","expression":"p_cus_belief","category":"technology"}],"summary":{"text":"고객이 만족할 만한 써비스를 제공하기 위해서는 제 자신이 항상 리플래쉬가 되어 있어야 한다고 생각합니다. 늘 스트레스는 그날 해소하고 리플레쉬 된 마음으로 출근을 해서 고객을 항상 만족을 넘어서 설득을 해야 합니다. 그렇게 해야 고객이 또 만족을 하게 되고 감동을 받게 되면 주변 지인들에게 또 널리 펼쳐지고 그게 써비스의 기본이라고 생각합니다.","wordCount":49}}},"rawDataInfo":{"question":{"fileFormat":"wav","fileSize":529358,"duration":16540,"samplingBit":16,"channelCount":1,"samplingRate":"16kHz","audioPath":"/Mock/03.PublicService/Male/Experienced/ckmk_q_ps_m_e_145464.wav"},"answer":{"fileFormat":"wav","fileSize":2683598,"duration":83860,"samplingBit":16,"channelCount":1,"samplingRate":"16kHz","audioPath":"/Mock/03.PublicService/Male/Experienced/ckmk_a_ps_m_e_145464.wav"}}}