{"version":"1.0","dataSet":{"info":{"date":"20230116","occupation":"PS","channel":"MOCK","place":"ONLINE","gender":"MALE","ageRange":"35-44","experience":"EXPERIENCED"},"question":{"raw":{"text":"지원자님이 생각하실 때 글로벌 인재의 필수 요소는 무엇인가요 또한 본인은 그것을 갖추기 위해 어떤 노력들을 해 오셨나요","wordCount":17},"emotion":[],"intent":[]},"answer":{"raw":{"text":"네 글로벌 인재에게 필수 요소 또 그거를 했을 때 제가 노력했던 부분에 대해서 답변드리겠습니다. 일단 글로벌 인재 뿐만 아니라 국내에서도 인재에게 필수 요소가 무엇일지 한 번 생각을 해 보았는데 일단 소통 능력일 것 같습니다. 결국은 글로벌이든 국내에서든 이러한 업무적인 관계에서 가질 수 있는 소통의 자세와 어 소통의 능력이 극대화가 됐을 때 자기의 능력이 더욱더 커질 수 있고 더 좋은 영향력을 가질 수 있기 때문에 필수인 요소 중의 하나가 사람과 사람간에 가질 수 있는 그런 소통의 자세와 그 상대방의 얘기를 잘 들어줄 수 있는 그런 경청인 자세를 갖춰줘야만 그러한 것들의 요소가 극대화돼서 개인의적으로나 미래적으로나 회사로 봤을 때도 그래 영향력이 클 것 같습니다. 이런 소통이나 협업 이런 능력들을 키워나가야 더 큰 일도 할 수 있고 더 큰 프로젝트도 진행할 수 있다고 생각하기 때문에 저는 이런 커뮤니케이션 협업 또는 이런 소통 이런 부분이 가장 중요하다고 생각하고 있습니다. 이상입니다.","wordCount":135},"emotion":[],"intent":[{"text":"","expression":"","category":"attitude"}],"summary":{"text":"글로벌 인재뿐 아니라 국내 인재에게 가장 중요한 것은 소통 능력일 것 같습니다. 사람과 사람간에 소통의 자세와 상대방의 얘기를 잘 들어줄 수 있는 경청인 자세를 갖춰줘야 영향력이 커집니다. 이런 소통이나 협업 능력을 키워나가야 더 큰 일을 할 수 있다고 생각하기 때문에 저는 이런 부분이 가장 중요하다고 생각합니다.","wordCount":46}}},"rawDataInfo":{"question":{"fileFormat":"wav","fileSize":590798,"duration":18460,"samplingBit":16,"channelCount":1,"samplingRate":"16kHz","audioPath":"/Mock/03.PublicService/Male/Experienced/ckmk_q_ps_m_e_214761.wav"},"answer":{"fileFormat":"wav","fileSize":2606798,"duration":81460,"samplingBit":16,"channelCount":1,"samplingRate":"16kHz","audioPath":"/Mock/03.PublicService/Male/Experienced/ckmk_a_ps_m_e_214761.wav"}}}