{"version":"1.0","dataSet":{"info":{"date":"20230116","occupation":"PS","channel":"MOCK","place":"ONLINE","gender":"MALE","ageRange":"35-44","experience":"EXPERIENCED"},"question":{"raw":{"text":"어 만약에 일을 하다가 상사가 회사의 이익에 반하는 행동을 하는 것을 직접 목격하게 됐다고 가정을 해 보겠습니다 어 그렇게 된다면 어떻게 행동하시겠습니까","wordCount":22},"emotion":[],"intent":[]},"answer":{"raw":{"text":"네 상급자가 회사에 이익 창출에 있어서 반대되는 행동을 했을 때 그걸 제가 직접 봤다면 그 부분에 대해서 어떻게 대응할 지에 대해서 답변 드리겠습니다. 어 일단 그 상급자의 의도를 먼저 확인할 것 같습니다. 그 상급자의 의도가 어 정말 이익 창출에 반대되고 개인에 이익에 해서 움직였는지 그 부분을 일단은 확인을 해야 할 것 같은데 그게 아니고 요것만 조금 이익에 반대되지만 오히려 다음 번에는 더 성과가 극대화될 수 있는 부분일 수도 있습니다. 그 부분을 일단 가장 먼저 체크하고 확인한 다음에 그래도 봤을 때 이익에 반대되는 행동이다 도무지 이해할 수 없는 부분이다 했을 때는 저는 정확하게 네 감찰 쪽이라든지 이런 보안 쪽에 요청을 해서 이 부분에 대해서 추적할 수 있게끔 보고를 할 거 같습니다. 어쩔 수 없습니다. 저희 상급자일 수도 있겠지만 결국은 모든 직원은 회사에 이익 창출이 우선이기 때문에 그걸 개인에 이익으로 바꿔서 진행한다는 것은 말이 안 되는 것이고 그에 맞는 합당한 대응이 필요하다고 판단이 되면은 그렇게 현장에서 행동할 것 같습니다. 이상입니다.","wordCount":148},"emotion":[],"intent":[{"text":"","expression":"","category":"attitude"}],"summary":{"text":"모든 직원은 회사에 이익 창출이 우선이기 때문에 개인에 이익으로 바꿔서 진행한다는 것은 말이 안 되는 것이고 그에 맞는 합당한 대응이 필요하다고 판단이 되면은 현장에서 행동할 것 같습니다.","wordCount":27}}},"rawDataInfo":{"question":{"fileFormat":"wav","fileSize":501838,"duration":15680,"samplingBit":16,"channelCount":1,"samplingRate":"16kHz","audioPath":"/Mock/03.PublicService/Male/Experienced/ckmk_q_ps_m_e_226886.wav"},"answer":{"fileFormat":"wav","fileSize":2671118,"duration":83470,"samplingBit":16,"channelCount":1,"samplingRate":"16kHz","audioPath":"/Mock/03.PublicService/Male/Experienced/ckmk_a_ps_m_e_226886.wav"}}}