{"version":"1.0","dataSet":{"info":{"date":"20230116","occupation":"PS","channel":"MOCK","place":"ONLINE","gender":"MALE","ageRange":"35-44","experience":"EXPERIENCED"},"question":{"raw":{"text":"지원자님께서 사내 스터디를 만들어 공부를 할 수 있다면 어떤 공부를 하고 싶으신가요 지원자님이 그 이유도 함께 설명과 말씀 부탁드립니다","wordCount":19},"emotion":[],"intent":[]},"answer":{"raw":{"text":"네 사내 스터디를 만들어서 공부를 할 수 있다 그런 환경이 주어진다고 하면은 정말 회사외적으로나 회사의 복지 차원이나 어 직원들 간의 그런 의사소통 직원들 간의 뭐 인간관계 이런 데서 많은 도움이 될 수 있을 것 같습니다. 어 제가 만약에 사내 스터디를 하나 만들 수 있다고 하자면은 저는 재테크와 관련된 사내 스터디를 한 번 만들어보고 싶습니다. 그런 재테크를 통한 어 많은 직원들이 참여하고 공유하고 뭐 중요한 정보들을 나누다 보면 서로에게 도움이 될 수 있는 그런 스터디 그룹이 되지 않을까 싶어서 그러한 사내 스터디를 한번 만들어보고 싶은 어 욕심이 있습니다. 그래서 거기에서 인제 통한 어 주 부동산이라든지 어 투자 부분 아니면 뭐 절약 부분 뭐 세금 절약 뭐 이런 부분에 대해서 다들 갖고 있는 노하우나 또 특징이 있을 건데 내가 그런 몰랐던 부분 저 사람이 알고 있는 부분 이런 것들이 공유를 통해서 서로에게 윈윈 할 수 있지 않을까. 그런 것들이 되면 직원들이 또 회사에 대한 만족도도 높아질 것 같고 그런 이유에서 한 번 만들어보고 싶습니다. 이상입니다.","wordCount":153},"emotion":[],"intent":[{"text":"","expression":"","category":"attitude"}],"summary":{"text":"사내 스터디를 만들 수 있다면 회사 외적으로나 회사 복지 차원, 직원들 간의 인간관계 등에서 많은 도움이 될 것 같습니다. 저는 재테크와 관련된 사내 스터디를 만들어 보고 싶습니다. 부동산, 투자, 절약, 세금 절약 등에 대한 노하우나 특징을 공유를 통해 서로에게 득이 될 수 있다고 생각합니다.","wordCount":44}}},"rawDataInfo":{"question":{"fileFormat":"wav","fileSize":435918,"duration":13620,"samplingBit":16,"channelCount":1,"samplingRate":"16kHz","audioPath":"/Mock/03.PublicService/Male/Experienced/ckmk_q_ps_m_e_192626.wav"},"answer":{"fileFormat":"wav","fileSize":2687438,"duration":83980,"samplingBit":16,"channelCount":1,"samplingRate":"16kHz","audioPath":"/Mock/03.PublicService/Male/Experienced/ckmk_a_ps_m_e_192626.wav"}}}