{"version":"1.0","dataSet":{"info":{"date":"20230116","occupation":"PS","channel":"MOCK","place":"ONLINE","gender":"MALE","ageRange":"35-44","experience":"EXPERIENCED"},"question":{"raw":{"text":"지원자님이 생각하기엔 자신의 십 년 후 미래 모습은 어떤가요 그때도 우리 회사를 다니고 계실 것 같나요","wordCount":16},"emotion":[],"intent":[]},"answer":{"raw":{"text":"네 십 년 후에 미래의 모습을 한번 생각해 보았습니다. 일단 십 년 후에는 어느 정도 상급 업무를 맡으면서 하나의 가정을 잘 이끌어 나가고 있을 것 같을 텐데 아마도 제가 이 회사를 많은 고민 끝에 결정한 회사이기 때문에 만약에 제가 이 회사에 입사를 한다면 십 년 후에도 지금 여기 회사를 다니고 있을 것 같습니다. 그 이유는 제가 이 회사를 결정하게 된 이유가 회사의 비전을 봤기 때문입니다. 회사의 미래성이 있어야 본인의 미래성도 있고 개인의 미래성이 있다고 생각하기 때문에 그런 것들을 다 접목시키고 많은 미래성을 보았기 때문에 결정하는 회사로서 십 년 후에도 분명히 여기 회사에서 어느정도 안정적인 위치 사회적인 지위를 가지면서 어 만족하면서 회사 생활을 하고 있을 거 같습니다. 어 십 년 후가 아닌 이십 년 후 또 생각을 해보았는데 아마 이 회사 입사가 가능하다면은 이십 년 삼십 년 정년 퇴직할 때까지 이 회사에 도움이 되는 인재로서 회사의 이익에 창출에 앞서는 그런 직원이 될 수 있을 것 같습니다. 이상입니다.","wordCount":146},"emotion":[],"intent":[{"text":"","expression":"","category":"attitude"}],"summary":{"text":"십 년 후에는 어느 정도 가정을 잘 이끌어가고 있을 것 같습니다. 이 회사에 입사를 한다면 십 년 후에도 이 회사를 다니고 있을 것 같습니다. 회사의 미래성이 있어야 개인의 미래성이 있다고 생각하기 때문입니다. 이 회사 입사가 가능하다면 정년 퇴직할 때까지 회사에 도움이 되는 인재가 될 수 있을 것 같아 보입니다.","wordCount":49}}},"rawDataInfo":{"question":{"fileFormat":"wav","fileSize":306638,"duration":9580,"samplingBit":16,"channelCount":1,"samplingRate":"16kHz","audioPath":"/Mock/03.PublicService/Male/Experienced/ckmk_q_ps_m_e_192623.wav"},"answer":{"fileFormat":"wav","fileSize":2596878,"duration":81150,"samplingBit":16,"channelCount":1,"samplingRate":"16kHz","audioPath":"/Mock/03.PublicService/Male/Experienced/ckmk_a_ps_m_e_192623.wav"}}}