{"version":"1.0","dataSet":{"info":{"date":"20230116","occupation":"PS","channel":"MOCK","place":"ONLINE","gender":"MALE","ageRange":"45-54","experience":"EXPERIENCED"},"question":{"raw":{"text":"기차가 운행하다가 산사태로 삼십 분 동안 정체되었다고 가정해 보겠습니다 이때 지원자님께서 관리 책임의 위치에 있다면 어떻게 조치를 하시겠습니까","wordCount":18},"emotion":[],"intent":[]},"answer":{"raw":{"text":"산사태로요. 음 삼십 분 동안 정차 이미 사실 이게 뭐 말이 삼십 분이지 그 기차는 이미 무용지물이라고 생각이 들구요. 음 승객들의 안전부터 먼저 확인을 해야 되고 아 글쎄요 이게 물리적인 시간이 많지 않을 거 같애요. 이 차 사태가 다시 일어날 가능성도 높고 해서 우선 빨리 구조대와 연락을 시도를 할 거 같애요. 뭐 사실상 이제 그 철도 이 기차를 운행하는 중앙 관제 시스템 이런 데에서는 이미 상황을 알고 있을 거라고 생각을 하고 그래서 그 쪽과 그다음에 구조대를 동시에 조금 계속 소통을 시도를 해 볼 거 같애요. 그리고 된다면 네 그 멀리서 보는 관제 쪽 그 상황 판단 하에 조금 도움을 받으면서 진행을 할 것 같고요. 아무런 소통도 이루어지지 않는다면 네 승객들을 데리고 재빨리 우선 기차에서 탈출을 시도를 할 것 같습니다. 거기서 나와야 될 것 같아요.","wordCount":124},"emotion":[],"intent":[{"text":"","expression":"","category":"attitude"}],"summary":{"text":"기차가 산사태 때문에 작동을 멈추어 승객들의 안전을 확인해야 되기 때문에 우선 구조대와 연락을 시도할 것입니다. 철도 중앙 관제 시스템 쪽과 구조대를 소통을 시도하고 소통이 이루어지지 않는다면 승객들을 데리고 기차에서 탈출을 시도해야 될 것입니다.","wordCount":33}}},"rawDataInfo":{"question":{"fileFormat":"wav","fileSize":461198,"duration":14410,"samplingBit":16,"channelCount":1,"samplingRate":"16kHz","audioPath":"/Mock/03.PublicService/Male/Experienced/ckmk_q_ps_m_e_179546.wav"},"answer":{"fileFormat":"wav","fileSize":2860558,"duration":89390,"samplingBit":16,"channelCount":1,"samplingRate":"16kHz","audioPath":"/Mock/03.PublicService/Male/Experienced/ckmk_a_ps_m_e_179546.wav"}}}