{"version":"1.0","dataSet":{"info":{"date":"20230116","occupation":"PS","channel":"MOCK","place":"ONLINE","gender":"MALE","ageRange":"55-","experience":"EXPERIENCED"},"question":{"raw":{"text":"지원자께서는 지금까지 사회 경험이 많으신 걸로 알고 있습니다 그렇다면 공사와 공단의 차이가 무엇인지 알고 계십니까 한번 말씀해 보십시오","wordCount":18},"emotion":[],"intent":[]},"answer":{"raw":{"text":"뭐 공사나 공단 모두 우선 국가에서 그 국가의 돈으로 출자를 하는 그런 사업체라고 하면 안 되겠네요. 그런 기업 형식의 업체라고 할 수 있겠고요. 기관이라고 할 수 있겠고요. 오 사실 따지면 이제 공단보다 공사가 더 조금 규모가 크다고 해야 될까요. 네 그래서 공사는 음 국가의 예산이나 결산을 하는 정도의 부분으로 그 준정부 기관 같은 부분의 성격을 띠 띠기 때문에 어 쪼금 이 주체적인 부분으로의 그게 없죠. 그까 준공무원 형식들이기 때문에 공사와 공단 둘 다 그리고 공단 역시 마찬가지로 어 준정부 기관식의 성격을 띠고 있고 굉장히 조금 그 공적인 공공성을 위한 일로 애초에 설립이 되는 거기 때문에 거의 다 뭐 복지 형태의 업무를 맡고 있고 어떤 수익이라는 걸 창출하는 건 어려운 부분이죠.","wordCount":110},"emotion":[],"intent":[{"text":"","expression":"","category":"attitude"}],"summary":{"text":"공사는 준정부 기관의 성격을 띠기 때문에 주체적인 부분이 없습니다. 공단과 공사는 기업 형식의 업체이고 기관입니다. 공사는 국가의 예산이나 결산을 하는 정도입니다.","wordCount":21}}},"rawDataInfo":{"question":{"fileFormat":"wav","fileSize":441038,"duration":13780,"samplingBit":16,"channelCount":1,"samplingRate":"16kHz","audioPath":"/Mock/03.PublicService/Male/Experienced/ckmk_q_ps_m_e_160780.wav"},"answer":{"fileFormat":"wav","fileSize":2802638,"duration":87580,"samplingBit":16,"channelCount":1,"samplingRate":"16kHz","audioPath":"/Mock/03.PublicService/Male/Experienced/ckmk_a_ps_m_e_160780.wav"}}}