{"version":"1.0","dataSet":{"info":{"date":"20230116","occupation":"PS","channel":"MOCK","place":"ONLINE","gender":"MALE","ageRange":"55-","experience":"EXPERIENCED"},"question":{"raw":{"text":"만약 상사가 업무와 무관한 일을 시켜도 지원자님께서는 잘 수행할 자신이 있으십니까 혹은 수행하지 않을 것인지도 말씀해 주시기 바랍니다","wordCount":18},"emotion":[],"intent":[]},"answer":{"raw":{"text":"상사가 업무와 관련해서 업무와 무관된 일을 지시 했을 경우에 저는 수행할 자신이 없습니다. 그리고 수행하지도 않을 것입니다. 물론 그 부분은 충분하게 상사에게 말씀드리고 기분 나쁘지 않게 조심스럽게 거부를 하겠습니다.","wordCount":29},"emotion":[],"intent":[{"text":"","expression":"","category":"attitude"}],"summary":{"text":"저는 상사가 업무와 무관한 일을 지시하면 수행할 자신이 없습니다. 그 부분은 충분하게 상사에게 전하고 조심스럽게 거부를 하겠습니다.","wordCount":17}}},"rawDataInfo":{"question":{"fileFormat":"wav","fileSize":497998,"duration":15560,"samplingBit":16,"channelCount":1,"samplingRate":"16kHz","audioPath":"/Mock/03.PublicService/Male/Experienced/ckmk_q_ps_m_e_186260.wav"},"answer":{"fileFormat":"wav","fileSize":1518158,"duration":47440,"samplingBit":16,"channelCount":1,"samplingRate":"16kHz","audioPath":"/Mock/03.PublicService/Male/Experienced/ckmk_a_ps_m_e_186260.wav"}}}