{"version":"1.0","dataSet":{"info":{"date":"20230116","occupation":"PS","channel":"MOCK","place":"ONLINE","gender":"MALE","ageRange":"35-44","experience":"EXPERIENCED"},"question":{"raw":{"text":"사회에서 내가 가장 힘들었던 경험은 언제인가요 그리고 가장 보람 있었던 경험은 언제이라고 생각하십니까","wordCount":13},"emotion":[],"intent":[]},"answer":{"raw":{"text":"어 그동안 인제 사회에서 이 힘들었던 경험은 당연히 인제 초창기 때일 거 같습니다. 처음 사회에 나왔을 때 이제 여러 가지를 겪고 또 안 좋은 것도 많이 보고 많이 느꼈던 경험이었던 것 같습니다. 그런데 지금 생각해보면 참 별거 아닌 거고 시간이 흘러서 보면 참 그때는 어렸구나 이런 생각이 들었던 것 같습니다. 그래서 또 그런 것들이 또 오히려 더 보람에 있어서는 더 확률적으로도 높았던 것 같고 그런 성취력도 많이 느꼈던 것 같습니다. 그때 잘 버티고 잘 견뎌 내서 또 많이 배웠기 때문에 지금의 위치도 있는 것 같고 그것이 이제 발전이 돼서 전 회사에서도 많은 경험과 노하우를 갖고 쌓아서 또 이제 자신의 노력을 통해서 지금 이 회사에 지원하게 된 계기도 될 것 같고 그런 부분들이 많이 힘들었지만 또 그것이 이제 좋은 경험으로 남아서 지금도 어 덤 더 발전할 수 있도록 노력하기 위해서 또 이 회사를 지원하게 됐고 그런 것들에 있어서 많은 미래적으로 봤을 때 많은 영양분의 역할을 하지 않을까 싶습니다. 근데 지금 생각해 보면 다시는 그때로 돌아가고 싶지는 않을 것 같습니다. 굉장히 힘들기 때문에 그런 기억이 남아있습니다. 이상입니다.","wordCount":165},"emotion":[{"text":"그래서 또 그런 것들이 또 오히려 더 보람에 있어서는 더 확률적으로도 높았던 것 같고 그런 성취력도 많이 느꼈던 것 같습니다.","expression":"p-achievement","category":"positive"}],"intent":[{"text":"","expression":"","category":"attitude"}],"summary":{"text":"초창기 사회에 나왔을 때 많이 힘들었던 경험은 오히려 더 보람에 있었고 성취력도 많이 느꼈던 것 같습니다. 그때 잘 버티면서 많이 배웠기 때문에 지금의 위치도 있는 것 같고 발전해서 회사에서도 많은 경험과 노하우를 갖고서 지금 이 회사에 지원하게 된 계기도 될 것 같고 더 발전할 수 있도록 노력하기 위해서 이 회사를 지원하게 됐습니다.","wordCount":52}}},"rawDataInfo":{"question":{"fileFormat":"wav","fileSize":481358,"duration":15040,"samplingBit":16,"channelCount":1,"samplingRate":"16kHz","audioPath":"/Mock/03.PublicService/Male/Experienced/ckmk_q_ps_m_e_191906.wav"},"answer":{"fileFormat":"wav","fileSize":2706638,"duration":84580,"samplingBit":16,"channelCount":1,"samplingRate":"16kHz","audioPath":"/Mock/03.PublicService/Male/Experienced/ckmk_a_ps_m_e_191906.wav"}}}