{"version":"1.0","dataSet":{"info":{"date":"20230116","occupation":"PS","channel":"MOCK","place":"ONLINE","gender":"MALE","ageRange":"35-44","experience":"EXPERIENCED"},"question":{"raw":{"text":"지원자님은 휴식을 취할 때 무슨 활동을 하시나요 왜 그 활동을 하시나요","wordCount":11},"emotion":[],"intent":[]},"answer":{"raw":{"text":"제가 휴식을 취할 때는 주로 피톤치드가 많이 나오는 숲길을 걷습니다. 발바닥에 많은 자극을 주면 뇌가 활성화되어 피로가 많이 풀린다고 합니다. 사람들은 운동을 하면 뇌에 스트레스를 많이 받는다고 생각하는데 실제로 숲길 같은 곳을 걷게 되면 발바닥에 많은 자극을 주어서 뇌가 활성화가 되고 기존에 쌓여있던 나쁜 생각들이 저절로 사라진다고 합니다. 이것이 뇌 과학자들이 밝힌 걷기를 통한 뇌 휴식이라는 책을 보면 정확히 나와 있습니다. 그리고 그렇게 걷기가 끝나면 집에서 샤워를 하고 시원한 맥주를 마시면서 쇼파에 앉아서 조용히 영화를 봅니다. 영화를 보다 보면 두 시간 동안 저 스스로 페르소나를 얻게 되어 그 주인공이 되는 또 다른 삶을 경험할 수 있습니다. 사람들은 그 황금 같은 휴식 시간에 왜 맥주를 마시고 영화를 보냐 라고 하는데 그 영화를 보는 두 시간 만큼은 저는 어떤 생각도 하지 않습니다. 두 시간 동안은 그 영화에 몰입되어 그 영화의 주인공이 되거나 아니면 주인공의 친구가 되거나 아니면 그 영화의 현실 상상 속에 들어가서 제 삶을 녹여내곤 합니다. 그렇게 영화를 보고 나면 제 삶이 다시 현실로 돌아오지만 그래도 그것이 너무 행복하다고 느낄 때가 많기 때문에 그렇게 하고 있습니다.","wordCount":165},"emotion":[{"text":"이것이 뇌 과학자들이 밝힌 걷기를 통한 뇌 휴식이라는 책을 보면 정확히 나와 있습니다.","expression":"u-fact","category":"neutral"}],"intent":[{"text":"","expression":"","category":"attitude"}],"summary":{"text":"제가 휴식을 취할 때는 주로 피톤치드가 많이 나오는 숲길을 걷습니다. 발바닥에 많은 자극을 주면 뇌가 활성화되어 기존에 쌓여있던 나쁜 생각들이 저절로 사라진다고 합니다. 걷기가 끝나면 시원한 맥주를 마시며 영화를 봅니다. 영화를 보다 보면 저 스스로 페르소나를 얻게 되어 그 주인공이 되는 또 다른 삶을 경험할 수 있습니다. 영화를 보는 두 시간만큼은 어떤 생각도 하지 않습니다.","wordCount":55}}},"rawDataInfo":{"question":{"fileFormat":"wav","fileSize":264718,"duration":8270,"samplingBit":16,"channelCount":1,"samplingRate":"16kHz","audioPath":"/Mock/03.PublicService/Male/Experienced/ckmk_q_ps_m_e_184421.wav"},"answer":{"fileFormat":"wav","fileSize":2733838,"duration":85430,"samplingBit":16,"channelCount":1,"samplingRate":"16kHz","audioPath":"/Mock/03.PublicService/Male/Experienced/ckmk_a_ps_m_e_184421.wav"}}}