{"version":"1.0","dataSet":{"info":{"date":"20230116","occupation":"PS","channel":"MOCK","place":"ONLINE","gender":"MALE","ageRange":"55-","experience":"EXPERIENCED"},"question":{"raw":{"text":"어 다양한 집단이나 어떤 조직에 속해 있었을 텐데요 어 그동안 어 지원장님께서는 그 어떤 집단 내에서 어떤 역할을 주로 맡았는지 어 경우와 함께 말씀을 해 주시기 바랍니다","wordCount":27},"emotion":[],"intent":[]},"answer":{"raw":{"text":"저는 그냥 공동체가 있으면 단체가 있으면 거기에 속해있는 일원이었습니다. 네 언제나 늘 어 일원 일 일원 이 이런 존재였어요 저는. 제가 그런 걸 바라기도 했고요 네 바랬고요. 저는 튀는 걸 싫어해요. 네 어디서든 주목 받고 싶지 않아하는 성격이고 주목받는 거 제일 싫어하고요 조용하게 가늘고 길게가 저의 인생에 어떤 중심이 되는 정신입니다. 가늘고 길게 오 인생을 꼭 굵직하게 살아야 되나요. 네 각자 본인의 입맛대로 한 번 사는 인생 각자의 취향 껏 맞춰서 살면 되는 거기 때문에 저는 그래서 그냥 적당하게 그 소속된 공동체 안에서 제가 지킬 건 지키면서 어 누구에게 피해를 끼치거나 뭐 거슬리는 거 없이 행동을 하면서 그냥 제가 하고 싶은 대로 하려는 스타일입니다. 저는 그게 제일 행복해요 다른 것보다.","wordCount":110},"emotion":[{"text":"저는 그게 제일 행복해요 다른 것보다.","expression":"p-happiness","category":"positive"}],"intent":[{"text":"","expression":"","category":"attitude"}],"summary":{"text":"저는 공동체나 단체에 속해있는 일원이었습니다. 그리고 저는 튀는 걸 싫어하고 조용한 가늘고 길게가 제 인생의 중심이 되는 정신입니다. 소속 공동체 안에서 지킬 것은 지키면서 피해나 거슬리는 거 없이 하고 싶은 대로 하는 스타일인 것이 제일 행복해요.","wordCount":36}}},"rawDataInfo":{"question":{"fileFormat":"wav","fileSize":622158,"duration":19440,"samplingBit":16,"channelCount":1,"samplingRate":"16kHz","audioPath":"/Mock/03.PublicService/Male/Experienced/ckmk_q_ps_m_e_179338.wav"},"answer":{"fileFormat":"wav","fileSize":2893518,"duration":90420,"samplingBit":16,"channelCount":1,"samplingRate":"16kHz","audioPath":"/Mock/03.PublicService/Male/Experienced/ckmk_a_ps_m_e_179338.wav"}}}