{"version":"1.0","dataSet":{"info":{"date":"20230116","occupation":"PS","channel":"MOCK","place":"ONLINE","gender":"MALE","ageRange":"35-44","experience":"EXPERIENCED"},"question":{"raw":{"text":"지원자님께서는 직장을 선택하실 때 어떤 점을 가장 중요하게 생각하시는지요 가장 중요하게 생각하는 세 가지를 꼽아서 각각 무엇인지 자세히 말씀해 주시겠습니까","wordCount":20},"emotion":[],"intent":[]},"answer":{"raw":{"text":"제가 직장을 선택할 때 가장 중요하게 생각하는 것은 남들이 중요하게 생각하는 것과 거의 일맥상통합니다. 첫 번째 연봉 돈입니다. 연봉은 제가 최소한의 생활을 할 수 있거나 아니면 제가 원하는 삶을 살기 위한 가장 기초적인 수단을 마련해 주는 자본으로서 당연히 돈이 많이 중요합니다. 두 번째는 회사의 비전입니다. 단순히 그냥 한 두 달 또는 일 이 년 월급만 받는 것이 아니라 내가 이 회사에 입사했을 때 최소 모든 사람들은 오 년에서 십 년 길게는 정년까지 생각하고 다니는 사람이 많습니다. 그렇다면 그런 회사를 다니기 위해서는 회사의 성장성 먹거리 비전이 정확히 제시되지 않으면 그 회사를 다니면서도 불안해서 마음을 그곳에 두지 못할 수 밖에 없습니다. 세 번째는 제일 가장 알아내기 힘든 회사의 분위기입니다. 요즘은 블라인드나 잡코리아 같은 곳에 회사의 리뷰를 보고 분위기가 어떤지 파악을 할 수 있지만 그것조차도 역시 조작이나 마케팅 회사를 통해서 만들어내는 것이 많기 때문에 진짜 친한 지인이나 그 회사를 다니고 있는 사람들이 없으면 그 회사에 대한 분위기는 이미 입사를 해버린 상태에서 파악이 되기 때문에 굉장히 위험한 수 밖에 없습니다. 하지만 회사 분위기가 좋아야 아무리 비전이 좋아도 더 다닐 수가 없기 때문에 회사 분위기가 아주 좋아야 됩니다.","wordCount":173},"emotion":[],"intent":[{"text":"","expression":"","category":"attitude"}],"summary":{"text":"저는 직장을 선택할 때 가장 중요하게 생각하는 것은 남들이 중요하게 생각하는 것과 거의 같습니다. 첫 번째는 연봉입니다. 두 번째는 회사의 비전입니다. 세 번째는 회사 분위기입니다. 회사 분위기가 좋아야 아무리 비전이 좋아도 더 다닐 수 없기 때문에 회사 분위기가 아주 좋아야 됩니다.","wordCount":41}}},"rawDataInfo":{"question":{"fileFormat":"wav","fileSize":494798,"duration":15460,"samplingBit":16,"channelCount":1,"samplingRate":"16kHz","audioPath":"/Mock/03.PublicService/Male/Experienced/ckmk_q_ps_m_e_184422.wav"},"answer":{"fileFormat":"wav","fileSize":2823118,"duration":88220,"samplingBit":16,"channelCount":1,"samplingRate":"16kHz","audioPath":"/Mock/03.PublicService/Male/Experienced/ckmk_a_ps_m_e_184422.wav"}}}