{"version":"1.0","dataSet":{"info":{"date":"20230116","occupation":"PS","channel":"MOCK","place":"ONLINE","gender":"MALE","ageRange":"35-44","experience":"EXPERIENCED"},"question":{"raw":{"text":"만약 지원자님께서 일을 하다가 어 팀원들과 불화가 생겼어요 그러면 어떻게 해결하실지 그 해결법이랑 왜 그렇게 해결한 한지 이유에 대해서 설명해 주세요","wordCount":21},"emotion":[],"intent":[]},"answer":{"raw":{"text":"어 불화가 생겨 본 적이 없어 가지고요. 음 우선 디저트 카페를 갈 것 같아요 네. 그래서 단 거를 먹여서 기분을 좋게 만들고 그다음에 그 상대 제가 이제 미리 먼저 이건 알아놔야겠죠. 그래서 상대가 좋아하는 게 뭔지 그거를 조금 미리 파악을 한 다음에 그 좋아하는 걸 할 수 있는 곳으로 또 같이 함께 할 것 같아요. 그까 뭐 불화라고 하면 사실 또 저의 감정도 있겠지만 저는 제 성격을 알기 때문에 그 불화 그 저의 감정은 둘째 치고 그 불화를 어쨌든 이 불을 빨리 꺼버려야지 제가 그래야 제 속이 더 시원한 더 편한 그게 더 먼저기 때문에 그렇게 진행을 할 것 같아요. 상대가 기분이 좀 풀리게 뭔가 쪼금 좋아지게 하는 걸 먼저 하면서 조금 누그러뜨리고 그다음에 나는 이래서 이랬어 이렇게 시작하는 대화에 시작 그렇게 조금 해결을 시도할 것 같아요.","wordCount":127},"emotion":[],"intent":[{"text":"","expression":"","category":"attitude"}],"summary":{"text":"불화가 생긴 적이 없어서, 단 것을 먹여 기분을 좋게 만든 후 상대가 좋아하는 걸 미리 파악을 한 후 좋아하는 걸 할 수 있는 곳으로 함께 갈 것 같습니다.","wordCount":28}}},"rawDataInfo":{"question":{"fileFormat":"wav","fileSize":608078,"duration":19000,"samplingBit":16,"channelCount":1,"samplingRate":"16kHz","audioPath":"/Mock/03.PublicService/Male/Experienced/ckmk_q_ps_m_e_159800.wav"},"answer":{"fileFormat":"wav","fileSize":2819918,"duration":88120,"samplingBit":16,"channelCount":1,"samplingRate":"16kHz","audioPath":"/Mock/03.PublicService/Male/Experienced/ckmk_a_ps_m_e_159800.wav"}}}