{"version":"1.0","dataSet":{"info":{"date":"20230116","occupation":"PS","channel":"MOCK","place":"ONLINE","gender":"MALE","ageRange":"55-","experience":"EXPERIENCED"},"question":{"raw":{"text":"네이버 다음 구글의 검색을 비교해 보시고 각각의 검색 엔진들의 차이점이 무엇인지 그리고 장단점이 무엇인지 설명해 주세요","wordCount":16},"emotion":[],"intent":[]},"answer":{"raw":{"text":"네이버 다음 구글의 검색을 비교해 보시고 각각 검색 엔진들의 차이점과 장단점을 설명해 주세요. 아 네 네이버하고 구글을 주로 많이 사용합니다. 다음은 아 별로 사용하는 것 같지 않습니다. 다음 같은 경우는 아 좀 검색도 부족하고 전체적으로 많이 좀 떨어지는 부분이 있고 요즘에는 이념 논쟁에 좀 빠져서 아 좀 잘 안 맞는 것 같습니다. 하지만은 우리나라의 대표적인 그 네이버는 제가 블로그를 통하여서 활동도 좀 하고 있습니다. 그리고 또한 뉴스 검색이라든가 정보 검색 이런 것들을 많이 하고 있습니다. 저한테도 많이 좀 도움이 되는 그런 부분이 상당히 좀 많이 있습니다. 아 네이버가 아 여러모로서 잘 하고 어 이 있다고 생각을 합니다. 그리고 제가 최근에는 구글을 많이 사용합니다. 구글에는 아 너무나 다양한 그러한 검색을 통하여서 우리가 볼 수 있는 것들이 너무나 많기 때문에 그렇습니다. 동영상도 너무나 잘 되어 있습니다. 그 유튜브를 통해서 또한 검색도 하는 경우도 있는데 주로 제가 구글 검색을 통해서 할 경우에는 전문적인 자료라든가 아 용어 정리 뭐 이런 쪽들을 많이 한다고 볼 수 있습니다. 아 구글에는 그런 것들이 더 많이 있는 것 같습니다. 그래서 아 구글의 내용을 통해서 아 많은 정보들을 얻고 있습니다. 아 참 어떻게 보면 어 구글이 어 참 광대한 것 같습니다. 전문적인 지식 같은 경우는 당연히 어 구글을 통해서 이미지 검색도 구글을 통해서 제가 좋은 정보를 받고 있습니다.","wordCount":199},"emotion":[],"intent":[{"text":"","expression":"","category":"attitude"}],"summary":{"text":"네이버와 구글의 검색 엔진의 차이점과 장단점을 비교해 보면 다음과 같습니다. 네이버는 블로그를 통하여서 활동을 하고 있고, 뉴스 검색과 정보 검색 등을 많이 하고 있습니다. 그리고 최근에는 구글을 많이 사용합니다. 구글에는 다양한 검색을 통하여서 볼 수 있는 것들이 많기 때문입니다. 유튜브를 통해서 검색을 하는 경우도 있는데 주로 전문적인 자료나 용어 정리 같은 것들을 많이 합니다. 구글의 내용을 통해서 많은 정보들을 얻습니다.","wordCount":60}}},"rawDataInfo":{"question":{"fileFormat":"wav","fileSize":491918,"duration":15370,"samplingBit":16,"channelCount":1,"samplingRate":"16kHz","audioPath":"/Mock/03.PublicService/Male/Experienced/ckmk_q_ps_m_e_246601.wav"},"answer":{"fileFormat":"wav","fileSize":3826638,"duration":119580,"samplingBit":16,"channelCount":1,"samplingRate":"16kHz","audioPath":"/Mock/03.PublicService/Male/Experienced/ckmk_a_ps_m_e_246601.wav"}}}