{"version":"1.0","dataSet":{"info":{"date":"20230116","occupation":"PS","channel":"MOCK","place":"ONLINE","gender":"MALE","ageRange":"35-44","experience":"EXPERIENCED"},"question":{"raw":{"text":"일을 하다가 상사와 트러블이 생길 수도 있는데 그럴 때는 어떻게 할 건가요 그리고 상사가 본인을 혼내면 기분 나쁘지는 않을까요","wordCount":19},"emotion":[],"intent":[]},"answer":{"raw":{"text":"상사와 업무를 하다보면 당연히 트러블이 생길 수밖에 없습니다. 왜냐하면 상사가 기존에 가지고 있는 지식 경험 이런 것들과 제가 가지고 있는 지식 경험은 많은 차이가 나기 때문에 트러블이 발생하게 되면 일단은 상사의 의견을 따르도록 할 것입니다. 상사가 혼을 낸다고 하더라도 그 상사의 입장이 있기 때문에 그 자리에서 받아치거나 말대 말대꾸를 하지는 않을 것입니다. 왜냐하면 조직은 계급사회이고 조직에서 아무리 평등하게 지낸다고 한들 상사의 의견이 저보다 먼저 중요하기에 먼저 우선은 의견 청취를 하고 그에게 맞는 행동을 할 것입니다. 하지만 상사와 조금씩 가까워지고 업무가 익숙해지면서 상사에게 트러블이 발생한 이유에 대해서 물어볼 것이고 그게 저의 잘못인지 아니면 상사의 개인적인 행동인지 아니면 상사 자체의 이기적인 행동인지를 파악한 다음에 그게 절대 맞지 않다면 부서장 및 본부장들에게 해당 내용에 대해서 자세한 보고를 하고 협점을 찾아볼 것입니다. 그렇게 해서도 타협점이 찾아지지 않으면 상사와 다른 부서를 가는 것을 선택할 수도 있을 것 같습니다.","wordCount":133},"emotion":[],"intent":[{"text":"상사가 혼을 낸다고 하더라도 그 상사의 입장이 있기 때문에 그 자리에서 받아치거나   말대 말대꾸를 하지는 않을 것입니다.","expression":"c_confl_mg","category":"personality"},{"text":"왜냐하면 조직은 계급사회이고 조직에서 아무리 평등하게 지낸다고 한들 상사의 의견이 저보다 먼저 중요하기에   먼저 우선은 의견 청취를 하고 그에게 맞는 행동을 할 것입니다.","expression":"c_confl_mg","category":"personality"},{"text":"하지만 상사와 조금씩 가까워지고 업무가 익숙해지면서 상사에게 트러블이 발생한 이유에 대해서 물어볼 것이고 그게 저의 잘못인지   아니면 상사의 개인적인 행동인지 아니면 상사 자체의 이기적인 행동인지를 파악한 다음에 그게 절대 맞지 않다면   부서장 및 본부장들에게 해당 내용에 대해서 자세한 보고를 하고   협점을 찾아볼 것입니다.","expression":"c_confl_mg","category":"personality"}],"summary":{"text":"상사와 업무를 하다보니 트러블이 생기면 일단 상사의 의견을 따를 것입니다. 상사가 혼을 낸다 해도 그 입장이 있기 때문에 그 자리에서 받아치거나 말대 말대꾸를 하지 않을 것입니다. 하지만 상사와 조금씩 가까워지면서 그 이유를 파악한 후에 절대 맞지 않는다면 부서장 및 본부장들에게 자세한 보고를 하고 협점을 찾아볼 것입니다.","wordCount":46}}},"rawDataInfo":{"question":{"fileFormat":"wav","fileSize":334158,"duration":10440,"samplingBit":16,"channelCount":1,"samplingRate":"16kHz","audioPath":"/Mock/03.PublicService/Male/Experienced/ckmk_q_ps_m_e_162522.wav"},"answer":{"fileFormat":"wav","fileSize":2361998,"duration":73810,"samplingBit":16,"channelCount":1,"samplingRate":"16kHz","audioPath":"/Mock/03.PublicService/Male/Experienced/ckmk_a_ps_m_e_162522.wav"}}}