{"version":"1.0","dataSet":{"info":{"date":"20230116","occupation":"PS","channel":"MOCK","place":"ONLINE","gender":"MALE","ageRange":"35-44","experience":"EXPERIENCED"},"question":{"raw":{"text":"저희 회사에 입사를 하고 나서 쉬운 일 어려운 일이 있을 텐데요 이 일에 대한 분배를 어떻게 하실 건지 궁금하네요","wordCount":19},"emotion":[],"intent":[]},"answer":{"raw":{"text":"네 입사 후에 이제 업무를 하다 보면 쉬운 일도 있을 것이고 어려운 일이 있을 것입니다. 이렇게 분배를 저는 어떻게 해야 하지에 대해서 정확히 말씀드리겠습니다. 어 일단 쉬운 일이라는 것은 빨리 끝낼 수 있는 일일 것이고 어려운 일이라는 것은 시간 소비가 많이 되고 에너지 소모가 많이 된다고 생각할 수 있을 것 같습니다. 어 이거는 당연한 겁니다. 쉬운 일을 최대한 빨리 끝내 놔야 어려운 일을 집중할 수 있기 때문에 이렇게 시간 소모가 적은 것부터 처리해 나가야 어 어려운 일은 두 시간이 걸릴지 세 시간이 걸릴지 그거는 이제 판단이 안 되기 때문에 그 부분에 있어서는 최대한 쉬운 일을 빨리 끝내 놓은 상태여야 이런 어려운 일이라든지 뭐 응급적인 상황 뭐 우발 상황에 대해서 대처할 수 있는 위기 대처 능력이 좋아질 것 같습니다. 그렇기 때문에 저는 항상 이 메모를 일일 단위 주간 단위 월간 단위를 해 놓게 되는데 이렇게 메모할 때 이렇게 업무 분담을 우선순위를 쉬운 일부터 선정해 가지고 하나씩 하나씩 해결해 나가면서 마지막에 인제 최종적으로 가장 시간 많이 소모하는 일을 남겨 놓고 업무를 진행하고 있습니다. 네 이상입니다.","wordCount":163},"emotion":[],"intent":[{"text":"쉬운 일을 최대한 빨리 끝내 놔야 어려운 일을 집중할 수 있기 때문에 이렇게 시간 소모가 적은 것부터 처리해 나가야 어 어려운 일은 두 시간이 걸릴지 세 시간이 걸릴지 그거는 이제 판단이 안 되기 때문에 그 부분에 있어서는 최대한 쉬운 일을 빨리 끝내 놓은 상태여야 이런 어려운 일이라든지 뭐 응급적인 상황 뭐 우발 상황에 대해서 대처할 수 있는 위기 대처 능력이 좋아질 것 같습니다.","expression":"c_adp","category":"personality"},{"text":"그렇기 때문에 저는 항상 이 메모를 일일 단위 주간 단위 월간 단위를 해 놓게 되는데 이렇게 메모할 때 이렇게 업무 분담을 우선순위를 쉬운 일부터 선정해 가지고 하나씩 하나씩 해결해 나가면서 마지막에 인제 최종적으로 가장 시간 많이 소모하는 일을 남겨 놓고 업무를 진행하고 있습니다.","expression":"c_adp","category":"personality"}],"summary":{"text":"업무 분배에 있어서 쉬운 일은 빨리 끝낼 수 있는 일이고 어려운 일은 시간 소비가 많이 되고 에너지 소모가 많이 되는 일일 것 같습니다. 어려운 일은 시간이 많이 걸리기 때문에 최대한 쉬운 일을 빨리 끝내 놓은 상태여야 위기 대처 능력이 좋아질 것입니다. 그래서 항상 이 메모를 일일 단위 주간 단위 월간 단위를 해 놓게 됩니다.","wordCount":54}}},"rawDataInfo":{"question":{"fileFormat":"wav","fileSize":421838,"duration":13180,"samplingBit":16,"channelCount":1,"samplingRate":"16kHz","audioPath":"/Mock/03.PublicService/Male/Experienced/ckmk_q_ps_m_e_226887.wav"},"answer":{"fileFormat":"wav","fileSize":2597518,"duration":81170,"samplingBit":16,"channelCount":1,"samplingRate":"16kHz","audioPath":"/Mock/03.PublicService/Male/Experienced/ckmk_a_ps_m_e_226887.wav"}}}