{"version":"1.0","dataSet":{"info":{"date":"20230116","occupation":"PS","channel":"MOCK","place":"ONLINE","gender":"MALE","ageRange":"-34","experience":"EXPERIENCED"},"question":{"raw":{"text":"지금까지 대학 생활과 사회 활동을 하면서 어 수많은 협업을 어 하신 것으로 보이는데 그러한 협업을 하면서 가장 어려웠던 점과 그 어려움을 어떻게 해결했는지 함께 말씀해 주시길 바랍니다","wordCount":27},"emotion":[],"intent":[]},"answer":{"raw":{"text":"네 협업을 하면서 가장 어려웠던 것은 그 상대방과 의견이 맞지 않았을 때가 가장 힘들었던 것 같습니다. 그런 경우에 어 업무가 끝난 후에 어 술자리나 식사 자리를 통해서 대화를 많이 했던 것 같습니다. 그렇게 서로의 유대 관계가 쌓이다 보니깐 업무를 함에 있어서도 어 마찰이 점차 감소되는 걸 느낄 수 있었고 어 협업을 더 수월하게 할 수 있었던 것 같습니다. 그래서 저는 이런 어 협업을 통해서 쫌 더 좋은 성과를 얻었던 경험이 있습니다. 앞으로도 이 회사에서 일을 하게 된다면 이런 협업 능력을 통해서 더 좋은 결과를 얻을 수 있는 인재가 되겠습니다.","wordCount":89},"emotion":[],"intent":[{"text":"네 협업을 하면서 가장 어려웠던 것은 그 상대방과 의견이 맞지 않았을 때가 가장 힘들었던 것 같습니다.","expression":"c_cop","category":"personality"},{"text":"그런 경우에 어 업무가 끝난 후에 어 술자리나 식사 자리를 통해서   대화를 많이 했던 것 같습니다.","expression":"c_confl_mg","category":"personality"},{"text":"그렇게 서로의 유대 관계가 쌓이다 보니깐 업무를 함에 있어서도   어 마찰이 점차 감소되는 걸 느낄 수 있었고 어 협업을 더 수월하게 할 수 있었던 것 같습니다.","expression":"c_confl_mg","category":"personality"},{"text":"그래서 저는 이런 어 협업을 통해서 쫌 더 좋은 성과를 얻었던 경험이 있습니다.","expression":"c_cop","category":"personality"},{"text":"앞으로도 이 회사에서 일을 하게 된다면 이런 협업 능력을 통해서   더 좋은 결과를 얻을 수 있는 인재가 되겠습니다.","expression":"c_cop","category":"personality"}],"summary":{"text":"상대방과 의견이 맞지 않았을 때가 가장 힘들었습니다. 그런 경우에는 업무가 끝난 후에 술자리나 식사 자리를 통해서 대화를 많이 했고 그렇게 서로 유대감이 깊어지면서 마찰이 점차 감소되는 걸 느낄 수 있었습니다.","wordCount":30}}},"rawDataInfo":{"question":{"fileFormat":"wav","fileSize":537678,"duration":16800,"samplingBit":16,"channelCount":1,"samplingRate":"16kHz","audioPath":"/Mock/03.PublicService/Male/Experienced/ckmk_q_ps_m_e_193534.wav"},"answer":{"fileFormat":"wav","fileSize":1907598,"duration":59610,"samplingBit":16,"channelCount":1,"samplingRate":"16kHz","audioPath":"/Mock/03.PublicService/Male/Experienced/ckmk_a_ps_m_e_193534.wav"}}}