{"version":"1.0","dataSet":{"info":{"date":"20230116","occupation":"PS","channel":"MOCK","place":"ONLINE","gender":"MALE","ageRange":"-34","experience":"EXPERIENCED"},"question":{"raw":{"text":"지원자님께서는 보통 일을 할 때 어떻게 처리를 하시는지 궁금한데요 쉬운 일과 어려운 일이 있을 때 이 일에 대한 분배를 어떻게 하실 건가요 어떻게 나눠서 처리할 생각이신지 말씀 부탁드리겠습니다","wordCount":28},"emotion":[],"intent":[]},"answer":{"raw":{"text":"저는 일을 시작하기 전에 어려운 일과 쉬운 일 그리고 급하고 급하지 않은 일을 나눠서 일을 시작을 하는데 이렇게 구별을 해 놓은 상태에서 업무를 시작합니다. 그렇게 되면 제가 집중력이 필요하고 시간이 오래 걸리는 어려운 일을 하다가도 조금 급하지 않고 어 쉬운 일을 중간 중간에 집중이 안되는 시간을 이용해서 업무를 처리했던 경험이 있습니다. 이런 식으로 어려운 일과 쉬운 일 그리고 급하고 급하지 않은 일 등을 나눠서 업무를 하다 보니 좀 더 효율이 생겨서 좋은 성과도 낼 수 있었던 것 같습니다. 입사를 한다면 앞으로도 이런 저만의 업무 스타일을 가지고 업무를 해 나갈 수 있도록 하겠습니다.","wordCount":92},"emotion":[],"intent":[{"text":"","expression":"","category":"attitude"}],"summary":{"text":"어려운 일과 쉬운 일, 급하고 급하지 않은 일을 나눠서 업무를 하다 보니 좀 더 효율이 생겨서 좋은 성과도 낼 수 있었던 것 같습니다. 입사를 한다면 앞으로도 저만의 업무 스타일을 가지고 업무를 해 나갈 수 있도록 하겠습니다.","wordCount":36}}},"rawDataInfo":{"question":{"fileFormat":"wav","fileSize":641998,"duration":20060,"samplingBit":16,"channelCount":1,"samplingRate":"16kHz","audioPath":"/Mock/03.PublicService/Male/Experienced/ckmk_q_ps_m_e_193536.wav"},"answer":{"fileFormat":"wav","fileSize":2033038,"duration":63530,"samplingBit":16,"channelCount":1,"samplingRate":"16kHz","audioPath":"/Mock/03.PublicService/Male/Experienced/ckmk_a_ps_m_e_193536.wav"}}}