{"version":"1.0","dataSet":{"info":{"date":"20230116","occupation":"PS","channel":"MOCK","place":"ONLINE","gender":"MALE","ageRange":"-34","experience":"EXPERIENCED"},"question":{"raw":{"text":"지원자께서는 이전 직장 혹은 대학에서 어떠한 프로젝트를 해 봤는지 궁금합니다 생각나시는 게 있으시다면 한번 말씀해 주시길 바랍니다","wordCount":17},"emotion":[],"intent":[]},"answer":{"raw":{"text":"저는 대학교 삼 학년 때 학술제라는 프로젝트에 참여를 하였습니다. 교수님의 추천으로 인해 제가 리더가 되어 그룹원들을 모아 하나의 프로젝트를 진행하였습니다. 프로젝트의 주제가 무엇이냐면 스마트폰이 고등학생들의 정신건강에 역량이 있는가 없는가에 대해서 프로젝트를 실시했습니다. 대학교 주변에 있는 각 고등학교를 섭외를 해서 이러한 프로젝트를 진행하려고 한다 먼저 알리며 협조를 요청하였습니다. 그 이후에 설문지를 만들어서 학생들의 등하교 시간에 설문지 작성을 부탁하였습니다. 그 결과 스마트폰은 고등학생들의 정신건강에 영향이 미친다 라는 결과가 나왔습니다. 이 프로젝트를 통해 개개인은 어떠한 결과 값이 도래했다는 점이 신기했고 내가 리드를 하여 이 프로젝트를 실행했다는 점에서 저는 너무 뿌듯했었습니다.","wordCount":87},"emotion":[{"text":"이 프로젝트를 통해 개개인은 어떠한 결과 값이 도래했다는 점이 신기했고 내가 리드를 하여 이 프로젝트를 실행했다는 점에서 저는 너무 뿌듯했었습니다.","expression":"p-achievement","category":"positive"}],"intent":[{"text":"저는 대학교 삼 학년 때 학술제라는 프로젝트에 참여를 하였습니다.","expression":"c_private","category":"background"},{"text":"교수님의 추천으로 인해 제가 리더가 되어 그룹원들을 모아 하나의 프로젝트를 진행하였습니다.","expression":"c_private","category":"background"}],"summary":{"text":"저는 대학교 삼학년 때 학술제라는 프로젝트에 참여했는데, 스마트폰이 고등학생들의 정신건강에 역량이 있는가 없는가에 대한 프로젝트를 실시했고, 이를 위해 대학교 주변에 있는 각 고등학교를 섭외해 협조를 요청했고, 설문지 작성을 부탁한 결과 스마트폰은 고등학생들의정신건강에 영향이 미친다 라는 결과가 나왔습니다.","wordCount":37}}},"rawDataInfo":{"question":{"fileFormat":"wav","fileSize":481358,"duration":15040,"samplingBit":16,"channelCount":1,"samplingRate":"16kHz","audioPath":"/Mock/03.PublicService/Male/Experienced/ckmk_q_ps_m_e_238019.wav"},"answer":{"fileFormat":"wav","fileSize":2351438,"duration":73480,"samplingBit":16,"channelCount":1,"samplingRate":"16kHz","audioPath":"/Mock/03.PublicService/Male/Experienced/ckmk_a_ps_m_e_238019.wav"}}}