{"version":"1.0","dataSet":{"info":{"date":"20230116","occupation":"PS","channel":"MOCK","place":"ONLINE","gender":"MALE","ageRange":"35-44","experience":"EXPERIENCED"},"question":{"raw":{"text":"일을 하다 보면 상사와 트러블이 생길 수 있는데요 이런 경우에는 어떻게 대처를 하실 것인가요 또 상사가 혼을 낼 수도 있는데 그럴 때 어 기분이 나쁘시지는 않으실까요","wordCount":26},"emotion":[],"intent":[]},"answer":{"raw":{"text":"네 업무를 진행하다 보면 상급자 하급자와 어 트러블이 생길 수 있을 겁니다. 또한 그 상급자가 하는 업무에 대해서 만족하지 못한다면 분명히 어 혼내거나 꾸지람이 있을 수 있는데 그 부분에 대해서 답변을 드려보겠습니다. 어 일단 트러블이 안 생길 수는 없습니다. 업무를 하다 보면 사람마다 생각하는 게 틀리고 가치관이 틀리고 어 어느 정도의 그 완성도를 높이고 싶은 그 부분에 대해서 역량이 다 틀리기 때문에 트러블이 안 생길 수가 없습니다. 네 그 트러블을 어느 좀 좋은 영향력 있는 트러블이 있을 것이고 감정된 감정이 붙은 트러블이 있을 겁니다. 또한 상급자가 이제 뭐 여러 사람이 있는 회의 사상에서 공식적으로 꾸지람을 놓거나 불만을 요소를 나타내게 되면 분명히 받는 사람도 기분이 나쁠 것입니다. 일단 상급자가 혼냈을 때에는 무슨 의도 감정적인 요소로 혼낸 건지 아니면은 뭐 이거를 공개적으로 나는 이런 방향으로 가고 싶다 이런 거에 대한 공식적인 자기의 의사표현인지를 판단을 한다면 그 부분에 대한 해결할 수 있는 방법이 있을 것이라 생각합니다. 이상입니다.","wordCount":144},"emotion":[],"intent":[{"text":"","expression":"","category":"attitude"}],"summary":{"text":"업무 수행시 상급자가 만족하지 못하면 꾸지람이나 혼낼 수 있는데 그 부분에 대해 답변을 드려보겠습니다. 상급자가 하는 업무에 만족하지 못한다면 분명 트러블이 생길 수 있고, 상급자가 공식적인 자기 의사표현인지를 판단한다면 해결 할 수 있는 방법이 있을 것입니다.","wordCount":36}}},"rawDataInfo":{"question":{"fileFormat":"wav","fileSize":458638,"duration":14330,"samplingBit":16,"channelCount":1,"samplingRate":"16kHz","audioPath":"/Mock/03.PublicService/Male/Experienced/ckmk_q_ps_m_e_214748.wav"},"answer":{"fileFormat":"wav","fileSize":2694478,"duration":84200,"samplingBit":16,"channelCount":1,"samplingRate":"16kHz","audioPath":"/Mock/03.PublicService/Male/Experienced/ckmk_a_ps_m_e_214748.wav"}}}