{"version":"1.0","dataSet":{"info":{"date":"20230116","occupation":"PS","channel":"MOCK","place":"ONLINE","gender":"MALE","ageRange":"45-54","experience":"EXPERIENCED"},"question":{"raw":{"text":"만일 상사가 지원자에게 업무와 관계 없는 일을 시켜도 잘 수행할 자신이 있습니까 아니면 수행하지 않을 것인지 말씀해 주세요","wordCount":18},"emotion":[],"intent":[]},"answer":{"raw":{"text":"저는 외람되지만 업무와 무관한 일을 시킨다면 어 그것을 잘 수행해 낼 자신이 없습니다. 물론 제가 회사에 소속이 돼 있고 회사에서 급여를 받는 입장이지만 어 그 무관한 일을 뭐 상사나 혹은 뭐 동료가 부탁을 한다 그러면 저는 그것을 흔쾌히 들어주지는 못할 것 같습니다. 어 엄연한 회사에 소속된 사람이기에 회사에서 업무를 하는 것은 당연한 일이겠지만 업무와 관계없이 개인적인 것을 부탁하거나 시킨다 라고 하면 어 저는 그것을 거부할 것 같습니다. 저 역시도 어 뭐 직장 뭐 후배라든지 동료한테 제 개인적인 것을 부탁하거나 그러지는 않습니다. 물론 사적으로 친분이 있고 어 뭐 피치 못할 사정으로 부탁은 할 수가 있고 그게 뭐 업무에 크게 뭐 지장을 주지 않고 이제 개인적인 시간을 활용해서 하는 거라면 뭐 친분이나 이런 것으로 도와줄 수도 있지만 업무 시간에 뭐 업무와 무관한 일을 상사가 시킨다라든지 하는 것은 어 옳지 않은 행동이라고 저는 생각합니다.","wordCount":131},"emotion":[{"text":"물론 사적으로 친분이 있고 어 뭐   피치 못할 사정으로 부탁은 할 수가 있고 그게 뭐 업무에 크게 뭐 지장을 주지 않고 이제 개인적인 시간을 활용해서 하는 거라면 뭐 친분이나 이런 것으로 도와줄 수도 있지만 업무 시간에 뭐 업무와 무관한 일을   상사가 시킨다라든지 하는 것은 어 옳지 않은 행동이라고 저는 생각합니다.","expression":"u-belief","category":"neutral"}],"intent":[{"text":"물론 사적으로 친분이 있고 어 뭐   피치 못할 사정으로 부탁은 할 수가 있고 그게 뭐 업무에 크게 뭐 지장을 주지 않고 이제 개인적인 시간을 활용해서 하는 거라면 뭐 친분이나 이런 것으로 도와줄 수도 있지만 업무 시간에 뭐 업무와 무관한 일을   상사가 시킨다라든지 하는 것은 어 옳지 않은 행동이라고 저는 생각합니다.","expression":"c_value","category":"background"}],"summary":{"text":"업무와 무관한 일을 시킨다면 그것을 잘 수행해 낼 자신이 없습니다. 엄연한 회사에 소속된 사람이기에 업무와 관계없이 개인적인 것을 부탁하거나 시킨다 라고 하면 그것을 거부할 것 같습니다. 개인적인 시간을 활용해서 하는 이라면 도울 수 있지만 업무 시간에 그러한 일을 시키는 것은 옳지 않다고 생각합니다.","wordCount":43}}},"rawDataInfo":{"question":{"fileFormat":"wav","fileSize":509518,"duration":15920,"samplingBit":16,"channelCount":1,"samplingRate":"16kHz","audioPath":"/Mock/03.PublicService/Male/Experienced/ckmk_q_ps_m_e_109108.wav"},"answer":{"fileFormat":"wav","fileSize":2441678,"duration":76300,"samplingBit":16,"channelCount":1,"samplingRate":"16kHz","audioPath":"/Mock/03.PublicService/Male/Experienced/ckmk_a_ps_m_e_109108.wav"}}}