{"version":"1.0","dataSet":{"info":{"date":"20230116","occupation":"PS","channel":"MOCK","place":"ONLINE","gender":"MALE","ageRange":"45-54","experience":"EXPERIENCED"},"question":{"raw":{"text":"규범 준수의 원칙과 현실이 충돌했던 경험이 있다면 말씀하세요","wordCount":8},"emotion":[],"intent":[]},"answer":{"raw":{"text":"규범은 인간이 사회생활하는 데 있어서 그 구속되고 준거하도록 강요되는 일정한 행동 양식을 규범이라고 합니다. 어 실제로 사회가 발전하고 하면서 사학 규범 아 뭐 죽은 규범도 많이 있고 어 지켜지지 않는 것도 많지만 규범은 말 그대로 인간의 강요되고 강요되는 일정한 행동 양식이기 때문에 저는 개인적으로 규범을 지킨 게 맞다 라고 생각합니다. 어 이것은 실제 저희가 공장에서 있었던 얘기인데 우리가 공장을 돌릴 때 저희가 화합물을 섞게 되는데 이 기계는 열 두 시간을 사용하면 반드시 두 시간을 쉬어 주라는 규범 규정이 있었습니다. 근데 실질적으로 현장에서 근무하시는 분들 입장에서 그걸 두 시간 쉬었다가 다시 기계를 돌릴려고 하면 약 한 삼십 분 정도 더 돌려야 되기 때문에 그냥 안 쉬고 하시는 경우가 대부분 많았습니다. 그런데 예전에 한 번 그 벨트가 풀어지면서 그 화합물이 화합물 탱크가 터져버린 적이 있었는데 그 우리가 당시에 기계가 네 개 있었는데 그중에서 그 삼 번 기계가 사고가 났는데 삼 번 기계를 운영하시는 분이 정말로 열 두 시간 쓰고 두 시간 쉬어 줬습니다. 그래서 그 기계 화합물이 터졌을 때 아무도 화상을 입거나 그러지 않은 일이 있었습니다. 이렇듯규범은 지킴으로써 반드시 이익이 돌아오는 거기 때문에 저는 규범도 반드시 지켜야 된다라고 생각합니다.","wordCount":177},"emotion":[],"intent":[{"text":"","expression":"","category":"attitude"}],"summary":{"text":"규범은 인간의 사회생활에 있어서 구속, 준거하도록 강요되는 일정한 행동 양식입니다. 실제로 사회 발전과 함께 사학 규범이 지켜지지 않는 것도 많이 있지만 규법은 인간의 강요, 강요되는 행동 양식이기 때문에 준수한 것이라 생각합니다. 실제 기계 고장 시 화합물 탱크가 터지는 사고가 한 번 있었는데 그 운영자는 두 시간 쉬었다고 해서 아무도 화상을 입거나 그러지 않았습니다. 이처럼규범을 지킴으로써 반드시 이익이 돌아옵니다.","wordCount":58}}},"rawDataInfo":{"question":{"fileFormat":"wav","fileSize":275918,"duration":8620,"samplingBit":16,"channelCount":1,"samplingRate":"16kHz","audioPath":"/Mock/03.PublicService/Male/Experienced/ckmk_q_ps_m_e_107146.wav"},"answer":{"fileFormat":"wav","fileSize":2838158,"duration":88690,"samplingBit":16,"channelCount":1,"samplingRate":"16kHz","audioPath":"/Mock/03.PublicService/Male/Experienced/ckmk_a_ps_m_e_107146.wav"}}}