{"version":"1.0","dataSet":{"info":{"date":"20230116","occupation":"PS","channel":"MOCK","place":"ONLINE","gender":"MALE","ageRange":"45-54","experience":"EXPERIENCED"},"question":{"raw":{"text":"봉사활동 등 최근에 했던 의로운 일이나 기쁜 일이 있다면 그에 대해 희생한 경험에 대해 말해보세요","wordCount":15},"emotion":[],"intent":[]},"answer":{"raw":{"text":"뭐 의로운 일이라고 하면 너무 거창하지만 어 저는 그 노인 복지관에 어 봉사활동을 다니고 있습니다. 어 저는 사회복지학과를 전공했고 어 노인복지와 어 아동 보육에 대해서 관심이 많이 관심을 많이 갖고 있습니다. 어 거기에 관련된 자격증도 소지하고 있고 거기에 소속이 되어 있다 보니 그 같은 모임에서 간혹 가다가 노인 복지시설이라든지 아동 복지시설에 봉사를 나갑니다. 어 최근에는 아이가 그 고등학교를 다니고 있는데 학교에서 봉사 활동 그 시간이 필요하다고 해서 아이와 함께 뭐 자주는 아니지만 뭐 한 달에 두 번 정도 그 노인 복지시설에 가서 어 봉사활동을 했습니다. 저는 그 노인 복지시설에서 그 출장 그 목욕 서비스 하는 것을 도왔는데 어 때로는 뭐 운전을 할 때도 있고 경우에 따라서는 어르신들을 직접 이렇게 그 차로 모시고 와 가지고 차에 있는 시설을 이용해서 목욕을 시켜 드리고 했는데 이것이 어 저에게는 되게 보람된 일입니다. 저는 아버님과 어머님이 일찍 돌아가셔가지고 좀 거기에 대한 외로움이 있었는데 어르신들을 만나면서 저는 어 부모님을 생각합니다.","wordCount":144},"emotion":[],"intent":[{"text":"뭐 의로운 일이라고 하면 너무 거창하지만 어 저는   그 노인 복지관에 어 봉사활동을 다니고 있습니다.","expression":"p_cus_orien","category":"attitude"},{"text":"어 최근에는 아이가   그 고등학교를 다니고 있는데 학교에서 봉사 활동 그 시간이 필요하다고 해서 아이와 함께 뭐 자주는 아니지만 뭐 한 달에 두 번 정도 그   노인 복지시설에 가서 어 봉사활동을 했습니다.","expression":"p_cus_orien","category":"attitude"},{"text":"저는 그 노인 복지시설에서   그 출장 그 목욕 서비스 하는 것을 도왔는데 어 때로는 뭐 운전을 할 때도 있고 경우에 따라서는 어르신들을 직접 이렇게   그 차로 모시고 와 가지고 차에 있는 시설을 이용해서 목욕을 시켜 드리고 했는데 이것이 어 저에게는 되게 보람된 일입니다.","expression":"p_cus_orien","category":"attitude"}],"summary":{"text":"저는 사회복지학과를 전공했고 노인복지와 아동 보육에 관심이 많아서 종종 노인 복지시설이나 아동 복지시설에 봉사를 합니다. 최근엔 아이가 고등학교를 다니는데 한 달에 두 번 정도 봉사를 했습니다. 노인복지시설에서 출장 목욕 서비스를 도왔는데 이것이 저에게는 보람된 일입니다. 아버님과 어머님이 돌아가셔서 외로웠는데 어르신들을 만나면서 부모님을 생각합니다.","wordCount":43}}},"rawDataInfo":{"question":{"fileFormat":"wav","fileSize":320078,"duration":10000,"samplingBit":16,"channelCount":1,"samplingRate":"16kHz","audioPath":"/Mock/03.PublicService/Male/Experienced/ckmk_q_ps_m_e_106126.wav"},"answer":{"fileFormat":"wav","fileSize":2905678,"duration":90800,"samplingBit":16,"channelCount":1,"samplingRate":"16kHz","audioPath":"/Mock/03.PublicService/Male/Experienced/ckmk_a_ps_m_e_106126.wav"}}}