{"version":"1.0","dataSet":{"info":{"date":"20230116","occupation":"PS","channel":"MOCK","place":"ONLINE","gender":"MALE","ageRange":"35-44","experience":"EXPERIENCED"},"question":{"raw":{"text":"무언가를 달성하기 위해 목표를 세우고 이 삼 년간 열심히 노력하여 목표를 달성한 경험이 있다면 그 경험에 관하여 말씀해 주세요","wordCount":19},"emotion":[],"intent":[]},"answer":{"raw":{"text":"처음 졸업을 하고 들어간 회사는 외국계 회사였습니다. 외국인들이 너무 많았고 외국인 대표와 소통이 안 된 상태에서 업무를 하려고 하다 보니까 반쪽짜리 같은 느낌이 들었습니다. 그래서 저는 그날부터 영어 회화책을 사서 계속 외우고 읽고 외우고 읽고 그렇게 하면서 외국인들과 대화를 시도했습니다. 처음엔 못 알아들었던 사람들이 나중엔 제 이야기를 알아듣고 저 또한 그들의 이야기를 알아듣기 시작했습니다. 전 그렇게 기분이 좋아서 육 개월 일 년 이 년 삼 년 동안 계속적으로 영어 공부를 하면서 영어 통번역 어학원도 다니고 영어 동아리 까페에 가서 외국인 친구들도 사귀면서 지속적으로 영어에 대한 깊이 있는 공부를 했습니다. 추후에는 영어 매뉴얼을 만들고 영어 통번역을 자청해서 회사에서 비즈니스 미팅이나 컨퍼런스를 주도하기도 했습니다. 현재는 영어 수준이 어드 베스드을 넘어서 거의 플루언트리로 되었고 이제는 영어를 못하는 성인들 또는 어려운 중고등학생들에게 영어 문법 및 영어 독해 영어 회화를 무료로 가르치고 있습니다. 남을 가르치다 보니까 저 역시도 배우는 점이 많았고 처음에는 영어 때문에 엄청 힘들었는데 지금은 영어의 자신감이 많이 생겼습니다.","wordCount":146},"emotion":[{"text":"처음 졸업을 하고 들어간 회사는 외국계 회사였습니다.","expression":"u-fact","category":"neutral"},{"text":"현재는 영어 수준이 어드 베스드을 넘어서 거의 플루언트리로 되었고 이제는 영어를 못하는 성인들 또는 어려운 중고등학생들에게 영어 문법 및   영어 독해 영어 회화를 무료로 가르치고 있습니다.","expression":"u-fact","category":"neutral"}],"intent":[{"text":"","expression":"","category":"attitude"}],"summary":{"text":"외국인 대표와 소통이 안 된 상황에서 업무를 하다 보니 반쪽짜리 같은 느낌이 들어서 영어 회화책을 사서 계속 외우고 읽으며 외국인들과 대화를 시도했습니다. 그 후로 영어 통번역 어학원도 다니고 영어 동아리 까페에 가서 외국인 친구들도 사귀면서 지속적으로 영어에 대한 깊이 있는 공부를 했습니다. 이제는 영어가 플루언트리가 될 정도로 자신감이 생겼습니다.","wordCount":49}}},"rawDataInfo":{"question":{"fileFormat":"wav","fileSize":433998,"duration":13560,"samplingBit":16,"channelCount":1,"samplingRate":"16kHz","audioPath":"/Mock/03.PublicService/Male/Experienced/ckmk_q_ps_m_e_184419.wav"},"answer":{"fileFormat":"wav","fileSize":2613838,"duration":81680,"samplingBit":16,"channelCount":1,"samplingRate":"16kHz","audioPath":"/Mock/03.PublicService/Male/Experienced/ckmk_a_ps_m_e_184419.wav"}}}