{"version":"1.0","dataSet":{"info":{"date":"20230116","occupation":"PS","channel":"MOCK","place":"ONLINE","gender":"MALE","ageRange":"-34","experience":"EXPERIENCED"},"question":{"raw":{"text":"지원자님이 생각하시기에 본인의 노년은 어떤 모습이었으면 좋겠습니까 이상적인 노년의 모습을 말씀해 주세요","wordCount":12},"emotion":[],"intent":[]},"answer":{"raw":{"text":"제가 사랑하는 아내와 같이 세계 일주를 하면서 겪어보지 못한 다른 나라의 문화와 음식 놀이 등을 체험하는 것이 가장 이상적인 노년의 모습이라고 생각합니다. 각자 노년의 기준이 다릅니다. 제가 말하는 노년의 기준은 정년 퇴직을 하고 자식들을 다 독립시킨 후를 말하는 것입니다. 제가 직장생활을 하며 노년 생활을 할 수 있는 비용을 저축하면서 퇴임 후에 아내와 같이 세계 일주를 하며 유유 적적 하게 사는 게 저의 목표이며 그렇게 될 수 있도록 노력하는 것이 제 낭만적인 노년의 모습입니다. 세계 일주를 다 마치고 난 후에는 조그마한 땅을 사서 집을 짓고 생활에 필요한 농작물들을 재배하며 평온한 삶을 살고 싶습니다. 그게 저의 이상적인 노년의 모습입니다.","wordCount":97},"emotion":[],"intent":[{"text":"","expression":"","category":"attitude"}],"summary":{"text":"정년 퇴직 후 자식들을 다 독립시킨 후 세계 일주를 하며 유유 적적하게 사는 게 제 낭만적인 노년의 모습이며, 세계 일시를 마친 후에는 땅을 사서 집을 짓고 생활에 필요한 농작물들을 재배하며 평온한 삶을 사는 것이 제 이상적인 노년입니다.","wordCount":37}}},"rawDataInfo":{"question":{"fileFormat":"wav","fileSize":330958,"duration":10340,"samplingBit":16,"channelCount":1,"samplingRate":"16kHz","audioPath":"/Mock/03.PublicService/Male/Experienced/ckmk_q_ps_m_e_229879.wav"},"answer":{"fileFormat":"wav","fileSize":2411598,"duration":75360,"samplingBit":16,"channelCount":1,"samplingRate":"16kHz","audioPath":"/Mock/03.PublicService/Male/Experienced/ckmk_a_ps_m_e_229879.wav"}}}