{"version":"1.0","dataSet":{"info":{"date":"20230116","occupation":"PS","channel":"MOCK","place":"ONLINE","gender":"MALE","ageRange":"55-","experience":"EXPERIENCED"},"question":{"raw":{"text":"업무를 하다 보면 상사와 트러블이 생길 수 있습니다 이 때 어떻게 하실 것인가요","wordCount":13},"emotion":[],"intent":[]},"answer":{"raw":{"text":"일을 하다보면 상사와 트러블이 생길 수 있는데 어떻게 할 것입니까. 또 상사가 혼내면 기분 나쁘시진 않을까요. 아 일을 하다보면 여러 가지 일들이 있겠지만은 상사와 트러블이 생길 수는 것은 참으로 어떻게 보면 안타까운 일입니다. 아 상사와의 트러블이 생기지 않도록 아 노력을 하고 또한 상사의 비유도 잘 맞춰주고 아 상사가 아 어 원하는 아 그런 부분에 대해서 원활 원활하게 일을 진행하는 것이 또한 직장에서의 스킬이고 아 능력이라고 또한 보여줄 수도 있겠습니다. 그리고 또한 상사가 혼내면 아 기분은 어 나쁩니다. 그게 어떠한 어 상황이었는가를 생각해보고 내가 잘못 했는 것인가 아니면 어떤 오해가 있는 것인가 이런 것들을 면밀히 지켜보고 어 그런 부분에 대해서 상사는 상사지만은 그런 부분을 서로 대화하는 데 필요하다고 봅니다. 아 직장에서는 수평적인 관계도 있고 수직적인 관계도 있습니다. 요즘 같은 경우에는 수직적인 관계보다는 수평적인 관계로 서로 회사에 능률을 많이 올리려고 합니다. 아무리 상사라고 하더라도 수익적으로 본대면은 아 직원들 그리고 신입 사원들 젊은 사람들한테는 좋은 대접을 받을 수 있기가 어렵다고도 보여집니다. 그런 면에서는 수평적인 생각을 갖고 수평적인 아이디어를 통하여서 그러한 회사의 기업 문화를 만들어가는 것이 더욱더 중요하다고 봅니다. 그런 면에서 볼 때 더욱더 우리는 어 동등하게 수평적으로 어 대하고 업무적으로 서로 협조하는 그러한 좋은 경험을 어 도와줬을 때 그 또한 회사에 또한 발전이 있다고 생각합니다.","wordCount":192},"emotion":[],"intent":[{"text":"","expression":"","category":"attitude"}],"summary":{"text":"일을 하다보면 상사와 트러블이 생길 수 있는데 상사의 비유도 잘 맞춰주고 원활하게 일을 진행하는 것이 직장에서의 스킬이고 능력이라고 보여줄 수도 있습니다. 또한 상사가 혼내면 기분은 나쁠 수 있지만 이런 부분에 대해서 상사는 서로 대화하는 데 필요하다고 봅니다. 직장에서는 수평적인 관계와 수직적인 관계가 있는데 요즘은 수평적 관계로 회사 능률을 많이 올리려고 합니다. 그런 면에서 동등하게 수평적으로 협조하는 것을 도와줬을","wordCount":58}}},"rawDataInfo":{"question":{"fileFormat":"wav","fileSize":286798,"duration":8960,"samplingBit":16,"channelCount":1,"samplingRate":"16kHz","audioPath":"/Mock/03.PublicService/Male/Experienced/ckmk_q_ps_m_e_242098.wav"},"answer":{"fileFormat":"wav","fileSize":3777998,"duration":118060,"samplingBit":16,"channelCount":1,"samplingRate":"16kHz","audioPath":"/Mock/03.PublicService/Male/Experienced/ckmk_a_ps_m_e_242098.wav"}}}