{"version":"1.0","dataSet":{"info":{"date":"20230116","occupation":"PS","channel":"MOCK","place":"ONLINE","gender":"MALE","ageRange":"55-","experience":"EXPERIENCED"},"question":{"raw":{"text":"열심히 노력하지만 본인이 원하는 만큼의 결과가 따라오지 않는 동료가 있습니다 이럴 때 지원자는 어떻게 하시겠습니까","wordCount":15},"emotion":[],"intent":[]},"answer":{"raw":{"text":"열심히 하지만 본인이 원하는 만큼 따라 오지 못하는 팀 동료들이 있을 수 있습니다. 이럴 때는 어떻게 하시겠습니까. 아 예 열심히 하지만은 어 따라오지 못한다 그러면 아 참 어 쉬운 부분은 아닐 거 같습니다. 하지만 그 사람에게는 또한 잘하는 아 무엇인가 있기 때문에 이 회사에 들어와서 여태까지 이러한 일들을 하고 있다고 생각합니다. 좋은 리더는 아 그런 것들을 찾아내고 어 그 속에 숨어있는 진주를 발견할 때 아 그 동료도 또한 이 회사에 대해서 가치를 느끼고 어 재미를 느끼면서 회사의 동료가 될 수 있다고 생각합니다. 어떻게 보면 그런 것들도 어 직장 동료로서 찾아주는 것도 또한 아 중요한 부분이 아닐까 생각합니다. 아 많이 부족하지만은 어 이럴 때 같은 경우는 참으로 쪼한 또한 아 어려움이 많이 있을 수 있습니다. 어느정도 잘 따라와야 되고 그 음 좋은 그래야 좋은 동료가 되고 그리고 그 동료도 아 여러 가지 일을 하는 데 있어서 자격 지심이 생기지 않고 자신감을 가지고 어떠한 일을 할 수 있을 것 같습니다. 아 무엇보다도 그 동료가 이 일을 아 잘 맡아서 할 수 있는 부서를 또한 바꿔주는 것도 좋을 것 같고 어떠한 그 동료가 그거에 적합한지 또한 아 맞춰서 어 일을 함께하는 것이 어떻게 보면 더 중요한 일 아닌가 아 생각합니다. 어떻게 보면 이 회사에서도 어 어떻게 보면 좋은 회사이기 때문에 뭔가 가치가 있고 능력이 있어서 없기 때문에 더욱더 잠재력을 키워주는 것이 중요하다고 생각합니다.","wordCount":210},"emotion":[],"intent":[{"text":"","expression":"","category":"attitude"}],"summary":{"text":"좋은 리더는 좋은 동료를 찾아주는 것을 중요한 부분으로 생각합니다. 조금 부족하지만 잘 따라와야 좋은 동료가 되고, 그 동료도 자신감을 가지고 일을 할 수 있을 것 같습니다. 일을 잘 맡아서 할 수 있는 부서를 바꿔주는 것도 좋으며, 어떤 동료가 적합한지에 맞춰서 일을 함께하는 것이 중요한 일이라고 생각합니다. 좋은 회사이기 때문에 더욱더 잠재력을 키워주는 것이 중요하다고 생각합니다.","wordCount":55}}},"rawDataInfo":{"question":{"fileFormat":"wav","fileSize":369998,"duration":11560,"samplingBit":16,"channelCount":1,"samplingRate":"16kHz","audioPath":"/Mock/03.PublicService/Male/Experienced/ckmk_q_ps_m_e_242102.wav"},"answer":{"fileFormat":"wav","fileSize":3877518,"duration":121170,"samplingBit":16,"channelCount":1,"samplingRate":"16kHz","audioPath":"/Mock/03.PublicService/Male/Experienced/ckmk_a_ps_m_e_242102.wav"}}}