{"version":"1.0","dataSet":{"info":{"date":"20230116","occupation":"PS","channel":"MOCK","place":"ONLINE","gender":"MALE","ageRange":"55-","experience":"EXPERIENCED"},"question":{"raw":{"text":"우리가 일을 할 때 자료를 문서화하는 경우가 굉장히 많습니다 이렇게 자료를 문서화하는 이 작업이 왜 필요하다고 생각을 하십니까 지원자님만의 생각을 말씀해 주시기 바랍니다","wordCount":23},"emotion":[],"intent":[]},"answer":{"raw":{"text":"일을 하게 되면 자료를 문서화할 일이 많습니다. 문서화 작업이 왜 필요하다고 생각하시는지 말씀해 주세요. 네 그렇습니다. 아 일을 하게 되면 그냥 말로써 행동으로써 아 일을 많이 할 수 있습니다. 하지만 문서라는 것은 내가 어떠한 일을 했고 또한 음 과거에 어 어떠한 일이 있었고 그 일을 검토하는 데 또한 도움이 됩니다. 그리고 내가 지금 하는 일을 문서화하면은 아 내가 예전에 어떠한 일을 했었는지 또한 후배들이 그 일들을 보고 또한 비교하고 또한 분석할 수 있는 그러한 중요한 지침이 될 수 있습니다. 또한 문서라고 하면은 어떠한 그 개혁서 계약서와 마찬가지로 아 문서화가 돼야 나중에 내가 그 일을 했는데 그거에 대한 아 정당성을 아 이렇게 표현할 수 있는 그런 부분에 있다고 할 수 있습니다. 그래서 문서적인 부분이 필요하고 아 제가 주로 예전에도 했던 것은 프리젠테이션이라든가 아 파워포인트를 통하여서 그런 발표를 많이 했었고 또한 문서를 제가 좀 잘 관리하고 또 이제 문서화된 그런 서식이라든가 이런 것들을 잘 이렇게 아 준비하여서 아 타 부서 간에도 어 불편함이 없었고 타 부서에도 도움이 될 수 있는 자료를 제시하고 또한 그런 것들을 통해서 많은 후배들이 어 이해를 하는데 어려움이 없었던 걸로 생각이 됩니다. 아 그렇기 때문에 문서는 더욱더 중요한 서류 중의 하나라고 생각이 듭니다.","wordCount":185},"emotion":[],"intent":[{"text":"","expression":"","category":"attitude"}],"summary":{"text":"일을 하게 되면 자료를 문서화할 일이 많습니다. 문서화는 제가 한 일을 검토하는데 도움이 되며 후배들이 그 일들을 보고 비교 분석 할 수 있는 중요한 지침이 될 수 있습니다. 또한 문서화는 나중에 제가 그 일을 했는데 거기에 대한 정당성을 표현할 수 있는 부분에 있으며 아 예전에는 프리젠테이션이나 파워포인트로 발표를 많이 했었고 이런 것들을 잘 준비해 타 부서에도 도움을 주었습니다.","wordCount":58}}},"rawDataInfo":{"question":{"fileFormat":"wav","fileSize":602958,"duration":18840,"samplingBit":16,"channelCount":1,"samplingRate":"16kHz","audioPath":"/Mock/03.PublicService/Male/Experienced/ckmk_q_ps_m_e_245592.wav"},"answer":{"fileFormat":"wav","fileSize":3826638,"duration":119580,"samplingBit":16,"channelCount":1,"samplingRate":"16kHz","audioPath":"/Mock/03.PublicService/Male/Experienced/ckmk_a_ps_m_e_245592.wav"}}}