{"version":"1.0","dataSet":{"info":{"date":"20230116","occupation":"PS","channel":"MOCK","place":"ONLINE","gender":"MALE","ageRange":"45-54","experience":"EXPERIENCED"},"question":{"raw":{"text":"최근에 재미있게 하고 있는 일이 무엇인가요 그리고 그 일이 왜 재미있는지도 함께 설명 부탁드리겠습니다","wordCount":14},"emotion":[],"intent":[]},"answer":{"raw":{"text":"제가 최근에 어 관심 있고 재미있어 하는 일은 어 그 라이딩인데요. 어 자전거를 어 주말마다 타고 있습니다. 그냥 자전거를 타는 게 아니라 어 동호회에 들어서 그 동호회 사람들하고 같이 어 한강 주변을 라이딩을 하는데요. 예 자전거를 많이 타보신 분들은 아실 겁니다. 그 라이딩 하시는 그 모습을 아 이게 아 짧은 거리를 가는 게 아니라 꽤 긴 거리를 어 목표를 잡고서 라이딩을 하기 때문에 어 꽤 힘들기도 한데요. 어 에 목표한 거리를 주파를 하고 나면은 아 어떤 성취감 이런 것들이 굉장히 크기 때문에 어 그 자전거 라이딩의 매력에 점점 빠져드는 것 같습니다. 그래서 요즘 가장 재미있는 일을 꼽는다면 어 그 한강에서 자전거 라이딩을 하는 것이라고 할 수 있습니다.","wordCount":107},"emotion":[{"text":"제가 최근에 어 관심 있고 재미있어 하는 일은 어 그 라이딩인데요.","expression":"p-interest","category":"positive"},{"text":"그래서 요즘 가장 재미있는 일을 꼽는다면 어 그 한강에서 자전거 라이딩을 하는 것이라고 할 수 있습니다.","expression":"p-interest","category":"positive"}],"intent":[{"text":"그냥 자전거를 타는 게 아니라   어 동호회에 들어서 그 동호회 사람들하고 같이 어 한강 주변을 라이딩을 하는데요.","expression":"c_private","category":"background"}],"summary":{"text":"자전거 동호회 사람들과 한강 주변을 라이딩하는 것을 즐깁니다. 자전거는 짧은 거리를 가는 게 아니라 긴 거리를 목표를 잡고서 라이딩을 하기 때문에 힘들지만, 목표한 거리를 주파하고 나서는 성취감 때문에 자전거 라이딩의 매력에 점점 빠져듭니다.","wordCount":33}}},"rawDataInfo":{"question":{"fileFormat":"wav","fileSize":326478,"duration":10200,"samplingBit":16,"channelCount":1,"samplingRate":"16kHz","audioPath":"/Mock/03.PublicService/Male/Experienced/ckmk_q_ps_m_e_109160.wav"},"answer":{"fileFormat":"wav","fileSize":2525518,"duration":78920,"samplingBit":16,"channelCount":1,"samplingRate":"16kHz","audioPath":"/Mock/03.PublicService/Male/Experienced/ckmk_a_ps_m_e_109160.wav"}}}