{"version":"1.0","dataSet":{"info":{"date":"20230116","occupation":"PS","channel":"MOCK","place":"ONLINE","gender":"MALE","ageRange":"35-44","experience":"EXPERIENCED"},"question":{"raw":{"text":"그동안 프로젝트들을 진행을 많이 해 보셨을 텐데 가장 기억에 남는 프로젝트는 어떤 것인가요 또한 어느 부분에서 기억에 남았는지 말씀해 주세요","wordCount":20},"emotion":[],"intent":[]},"answer":{"raw":{"text":"네 그동안 제가 이제 진행한 많은 프로젝트 중에서 가는 데 가장 기억에 남는 프로젝트가 있다면은 그거에 대해서 답변 드리겠습니다. 어 일단 가장 기억에 남는 것은 그래도 제일 힘들었던 프로젝트가 기억에 남을 것 같습니다. 어 우리 팀에서 할 수 없는 그런 레벨에 프로젝트였는데 모두가 실패할 거라고 했었던 프로젝트가 있었습니다. 근데 그런 반응에 대해서 우리 팀원들이 굉장히 기분 나빠했고 오기와 악으로 해서 정말 최선을 다해서 마지막에는 성공적으로 끝냈던 그런 프로젝트가 있습니다. 정말 같은 목표가 있고 사람이 자존심이 상한다든지 이런 목표가 생기면 없던 힘도 생긴다는 것을 그 프로젝트를 하면서 느꼈고 그 팀원들에 눈빛이 변화한 걸 느꼈었습니다. 요번 프로젝트는 어떻게 해서든 성공한다 이런 강한 의지가 보였기 때문에 업무 분담해서 각자와 연구해 온 결과들을 진짜 며칠 밤새가면서 또 종합하고 조율하고 어떤 또 다른 좋은 방법이 있을까를 또 다시 한 번 해보고 해서 최종적으로 이제 선택받은 그 푸 저희의 안건이 그 프로젝트를 결구 성공시킬 수 있었는데 그런 부분이 가장 기억에 남는 것 같습니다. 이상입니다.","wordCount":148},"emotion":[],"intent":[{"text":"","expression":"","category":"attitude"}],"summary":{"text":"그동안 제가 진행한 프로젝트 중 가장 기억에 남는 프로젝트는 팀원들에 눈빛이 변화한 걸 느꼈습니다. 이번 프로젝트는 어떻게 해서든 성공한다는 강한 의지가 보였기 때문에 업무 분담해서 종합하고 조율하고 마지막에는 선택받은 우리 안건이 그 프로젝트를 결구 성공시킬 수 있었습니다. 이상입니다.","wordCount":38}}},"rawDataInfo":{"question":{"fileFormat":"wav","fileSize":611598,"duration":19110,"samplingBit":16,"channelCount":1,"samplingRate":"16kHz","audioPath":"/Mock/03.PublicService/Male/Experienced/ckmk_q_ps_m_e_226888.wav"},"answer":{"fileFormat":"wav","fileSize":2723918,"duration":85120,"samplingBit":16,"channelCount":1,"samplingRate":"16kHz","audioPath":"/Mock/03.PublicService/Male/Experienced/ckmk_a_ps_m_e_226888.wav"}}}