{"version":"1.0","dataSet":{"info":{"date":"20230116","occupation":"PS","channel":"MOCK","place":"ONLINE","gender":"MALE","ageRange":"35-44","experience":"EXPERIENCED"},"question":{"raw":{"text":"우리 회사가 해외 무대로 진출한다면 어디로 진출하는 것이 좋을까요 그렇게 생각하시는 이유에 대해서도 말씀 부탁드립니다","wordCount":15},"emotion":[],"intent":[]},"answer":{"raw":{"text":"예 우리 회사가 이제 해외 무대로 진출한다면 어느 나라로 진출하는 것이 좋을 것이에 대해서 답변 드리도록 하겠습니다. 일단 해외로 진출을 한다면 가장 아 떠오르는 데가 세 군데가 있을 것 같습니다. 이제 첫 번째로 미국이라는 우리나 세계적으로 유명하고 가장 큰 기업들이 모여있는 미국이 있어서 미국에서의 그런 기업들의 벤치마킹이나 이렇게 진행했을 때 비전을 볼 수 있을 것 같고 네 넓은 땅덩어리를 갖고 있고 또 확장할 수 있는 기회가 많은 기회의 땅인 중국이라는 나라도 있을 것 같고 세 번째로 생산 쪽이나 이런 쪽 파트에서는 인력비가 중요합니다. 이런 인력비가 아직 우리나라보다 상대적으로 저렴한 동남아 계열 나라들에서 확장을 하게 되고 진출하게 되면 회사의 이익이나 어 회사의 확장 이런 것들을 했을 때도 큰 도움이 될 수 있을 것 같습니다. 네 거기서 가장 비전을 선택하게 되면 저는 이제 미국을 선택하고 미국에서의 그런 비전이나 벤치마킹 할 수 있는 것들을 잘 판단해서 큰 도움을 받을 수 있을 것 같은 미국이라는 나라를 선정할 수 있을 것 같습니다. 이상입니다.","wordCount":148},"emotion":[],"intent":[{"text":"","expression":"","category":"attitude"}],"summary":{"text":"우리 회사가 해외 진출 시 떠오르는 나라로 미국을 꼽을 수 있습니다. 넓은 땅덩어리와 확장의 기회가 많은 기회의 땅인 중국, 그리고 인건비가 비교적 저렴한 동남아 계열 나라들를 생각해 볼 수 있겠습니다. 미국을 선택하면 미국에서의 비전과 벤치마킹 할 수 있는 것들을 잘 판단해서 큰 도움을 받을 수 있을 것 같은 나라를 선정할 수 있을 것입니다.","wordCount":53}}},"rawDataInfo":{"question":{"fileFormat":"wav","fileSize":608718,"duration":19020,"samplingBit":16,"channelCount":1,"samplingRate":"16kHz","audioPath":"/Mock/03.PublicService/Male/Experienced/ckmk_q_ps_m_e_215294.wav"},"answer":{"fileFormat":"wav","fileSize":2661198,"duration":83160,"samplingBit":16,"channelCount":1,"samplingRate":"16kHz","audioPath":"/Mock/03.PublicService/Male/Experienced/ckmk_a_ps_m_e_215294.wav"}}}