{"version":"1.0","dataSet":{"info":{"date":"20230116","occupation":"PS","channel":"MOCK","place":"ONLINE","gender":"MALE","ageRange":"35-44","experience":"EXPERIENCED"},"question":{"raw":{"text":"아 이게 참 애매한데요 열심히 하는데 본인이 원하는 만큼 따라오지 못하는 어 동료가 있을 수 있겠죠 그러면 이럴 때 어떻게 하실 건지 궁금합니다 말씀해 주세요","wordCount":25},"emotion":[],"intent":[]},"answer":{"raw":{"text":"예 열심히는 하지만 본인이 원하는 만큼 따라오지 못하는 팀 동료가 있다고 판단하고 그에 따라서 제가 이제 팀장급의 위치가 있다고 생각하고 어떻게 대응하고 대처할 지에 대해서 답변 드리겠습니다. 어 일단은 그 팀원이 무슨 생각을 갖고 있고 무엇이 잘못됐는지에 대해서 방향이 잘못 선정되어 있는지 그런 것들을 일단 캐치를 하고 어 무엇이 문제인지를 원인 분석을 할 것 같습니다. 네 대부분 그럴 겁니다. 다 여기 회사에 들어왔다는 거는 그만큼 학벌도 있을 것이고 스펙도 있고 능력은 있는데 일 머리가 없고 실무 능력이 없기 때문에 뒤처지는 거라고 저는 판단이 될 것 같습니다. 그래서 일단 방향 설정이 잘못돼 있을 확률이 매우 높기 때문에 어떤 점이 방향이 잘못 선정돼 있나 그 부분을 가장 먼저 확인하고 이 방향 선정을 일단 잘 맞춰주고 그 다음에 똑같이 노력을 해 봐도 되는지 안 되는지 됐을 때 니가 왜 뭐가 잘못됐는지에 대해서 인지할 수 있게끔 그렇게 조언을 해주게 되면은 어 대부분은 더 다시 자리를 잡고 잘 따라올 수 있지 않을까 생각하기 때문에 그렇게 조언을 해 줄 것 같습니다. 이상입니다.","wordCount":156},"emotion":[],"intent":[{"text":"","expression":"","category":"attitude"}],"summary":{"text":"저는 열심히는 하지만 본인이 원하는 만큼 따라오지 못하는 팀 동료가 있다고 판단하고 어떻게 대응하고 대처할 지에 대해서 답변 드리겠습니다. 일단 그 팀원이 무슨 생각을 갖고 무슨 방향이 잘못 선정되어 있는지 그런 것들을 캐치하고 어 무엇이 문제인지를 원인 분석을 할 것 같습니다.","wordCount":41}}},"rawDataInfo":{"question":{"fileFormat":"wav","fileSize":501838,"duration":15680,"samplingBit":16,"channelCount":1,"samplingRate":"16kHz","audioPath":"/Mock/03.PublicService/Male/Experienced/ckmk_q_ps_m_e_236041.wav"},"answer":{"fileFormat":"wav","fileSize":2759758,"duration":86240,"samplingBit":16,"channelCount":1,"samplingRate":"16kHz","audioPath":"/Mock/03.PublicService/Male/Experienced/ckmk_a_ps_m_e_236041.wav"}}}