{"version":"1.0","dataSet":{"info":{"date":"20230116","occupation":"PS","channel":"MOCK","place":"ONLINE","gender":"MALE","ageRange":"35-44","experience":"EXPERIENCED"},"question":{"raw":{"text":"어 저마다 단점이 있으 있는데요 지원자님이 생각하시기에 본인의 단점은 무엇인가요 그리고 어 개인적으로 단점을 보완하기 위해 한 노력은 어떤 노력인가요","wordCount":20},"emotion":[],"intent":[]},"answer":{"raw":{"text":"네 저의 단점에 대해서 말씀드리겠습니다. 단점이라는 거는 본인이 알고 있는 단점이 있을 거고 주변 사람들이 봤을 때 단점이라고 보이는 부분이 있을 수 있는데 어 저의 이제 단점은 일단 뭐 여유로운 성격과 좀 어 워라벨을 좀 중요시 여기는 성격이 있습니다. 그런 부분이 갖춰지다 보니까 어 단점으로 볼 수가 있을 것 같은데 그 이유는 충분한 휴식이나 자기만의 여가 활동 자기 계발 시간을 가지면서 그 날에 하루를 스트레스를 해소를 하면서 그러면서 리프레쉬가 되고 또 다음날에 업무 시간에 열정을 다해서 정말 집중할 수 있는 시간을 가질 수 있다고 생각합니다. 네 그런 게 없이 계속 야근만 하고 무언가에 쫓기고 막 그렇게 하다 보면 스트레스는 계속 쌓일 것이고 제 건강상에 문제가 올 것이고 그런 것들이 악순환이 되면 저는 회사를 장기적으로도 다닐 수 없고 분명히 회의감이 느껴질 걸 알기 때문에 그런 것들을 보완하기 위해서 저는 좀 조금이라도 더 여유로운 성격을 갖고 내 시간을 가지면서 충분히 휴식을 취해서 그런 것들이 오히려 회사의 발전에 도 더 효과적이 있을 거라고 생각하고 있습니다. 그런 것들이 있을 것 같습니다. 이상입니다.","wordCount":158},"emotion":[],"intent":[{"text":"단점이라는 거는 본인이 알고 있는 단점이 있을 거고 주변 사람들이 봤을 때 단점이라고 보이는 부분이 있을 수 있는데   어 저의 이제 단점은 일단 뭐 여유로운 성격과 좀 어 워라벨을 좀 중요시 여기는 성격이 있습니다.","expression":"c_person","category":"background"},{"text":"그런 부분이 갖춰지다 보니까 어 단점으로 볼 수가 있을 것 같은데   그 이유는 충분한 휴식이나 자기만의 여가 활동 자기 계발 시간을 가지면서   그 날에 하루를 스트레스를 해소를 하면서 그러면서 리프레쉬가 되고 또 다음날에 업무 시간에 열정을 다해서   정말 집중할 수 있는 시간을 가질 수 있다고 생각합니다.","expression":"p_str_coping","category":"technology"},{"text":"보면 스트레스는 계속 쌓일 것이고 제 건강상에 문제가 올 것이고 그런 것들이 악순환이 되면 저는   회사를 장기적으로도 다닐 수 없고 분명히 회의감이 느껴질 걸 알기 때문에 그런 것들을 보완하기 위해서 저는 좀 조금이라도 더 여유로운 성격을 갖고   내 시간을 가지면서 충분히 휴식을 취해서 그런 것들이 오히려 회사의 발전에 도 더 효과적이 있을 거라고 생각하고 있습니다.","expression":"p_str_coping","category":"technology"}],"summary":{"text":"저는 여유로운 성격과 워라벨을 중요시 여기는 성격이 있습니다. 이 부분은 자칫 단점으로 보일 수도 있지만 충분한 휴식이나 자기 계발 시간을 가지면서 스트레스를 해소하면서 리프레쉬가 되고 또 다음날에 업무 시간에 열정을 다해서 집중할 수 있는 시간을 가질 수 있어 오히려 장점일 수 있다고 생각합니다.","wordCount":43}}},"rawDataInfo":{"question":{"fileFormat":"wav","fileSize":494798,"duration":15460,"samplingBit":16,"channelCount":1,"samplingRate":"16kHz","audioPath":"/Mock/03.PublicService/Male/Experienced/ckmk_q_ps_m_e_192214.wav"},"answer":{"fileFormat":"wav","fileSize":2732878,"duration":85400,"samplingBit":16,"channelCount":1,"samplingRate":"16kHz","audioPath":"/Mock/03.PublicService/Male/Experienced/ckmk_a_ps_m_e_192214.wav"}}}