{"version":"1.0","dataSet":{"info":{"date":"20230116","occupation":"PS","channel":"MOCK","place":"ONLINE","gender":"MALE","ageRange":"35-44","experience":"EXPERIENCED"},"question":{"raw":{"text":"국가철도공단이 추진했으면 하는 사업이나 사회 공헌 활동이 있으면 말씀해 보십시오","wordCount":10},"emotion":[],"intent":[]},"answer":{"raw":{"text":"국가철도공단은 기본적으로 코레일이나 대도심에 연결하는 고속철도 또는 지하철들 관련된 일만 하는 것으로 알고 있습니다. 그런데 우리가 가보지 못한 격오지라든가 또는 도예지 같은 곳에도 간선이나 모노트레일 같은 것을 설치하여 그들에게 좋은 교통수단을 만들어주는 것도 괜찮은 방법일 것 같습니다. 대도시에 살다가 가끔 지방이나 격오지 같은 데 가면 지하철이나 모노 모노레일이나 철도들 트램 같은 것들이 없어서 버스를 두 시간에 한 대씩 세 시간에 한 대씩 기다려야 되는 아주 불편함이 많습니다. 차를 갖고 가면 편하겠지만 거기에 사시는 노인분들 또는 지역주민들은 국가 철도를 이용할 수 없는 단점이 많습니다. 꼭 케이티 엑스 나 에스 알 티 또는 서울에 있는 대도심 철도 같은 것들이 아니라 격오지나 많은 지방에 사는 분들에게 교통수단의 편리함을 주기 위해서 간선이나 모노레일이나 트램 같은 좋은 관광 열차 및 또는 주민 열차를 만드는 것도 좋은 방법일 것 같습니다.","wordCount":124},"emotion":[],"intent":[{"text":"","expression":"","category":"attitude"}],"summary":{"text":"격오지나 도예지 같은 곳에 간선이나 모노트레일 같은 것을 설치하여 교통수단의 편리함을 주는 것도 괜찮은 방법일 것 같습니다. 대도시에 살다가 격오지 같은 데 가면 버스나 지하철이 없어서 불편을 겪기 때문에, 격오지 나 많은 지방에 사는 사람들에게 좋은 교통수단을 만들어주는 것도 좋습니다.","wordCount":40}}},"rawDataInfo":{"question":{"fileFormat":"wav","fileSize":286478,"duration":8950,"samplingBit":16,"channelCount":1,"samplingRate":"16kHz","audioPath":"/Mock/03.PublicService/Male/Experienced/ckmk_q_ps_m_e_162514.wav"},"answer":{"fileFormat":"wav","fileSize":2203598,"duration":68860,"samplingBit":16,"channelCount":1,"samplingRate":"16kHz","audioPath":"/Mock/03.PublicService/Male/Experienced/ckmk_a_ps_m_e_162514.wav"}}}