{"version":"1.0","dataSet":{"info":{"date":"20230116","occupation":"PS","channel":"MOCK","place":"ONLINE","gender":"MALE","ageRange":"35-44","experience":"EXPERIENCED"},"question":{"raw":{"text":"지원자님께서는 지금부터 삼 년 뒤까지 어 삼 년 내에 주요 성장 계획이나 어 목표가 있으십니까 어 있다면 무엇인지 말씀해 주세요","wordCount":20},"emotion":[],"intent":[]},"answer":{"raw":{"text":"어 지금부터 삼 년 뒤 삼 년 내에 주요 성장 계획이나 목표에 대해서 답변 드리겠습니다. 일단 삼 년이라 시간이 짧으면 짧고 길면 긴 시간인데 일단 삼 년 안에 회사에 어느 정도의 입지를 갖춘 그런 안정적인 직원이 되고 싶습니다. 또한 삼 년 동안에 일단 준비 계획을 잘 세워서 개인적으로도 성장할 수 있게끔 자격증이나 뭐 추가적인 뭐 강의나 뭐 이런 걸 통해서 어 개인의 성장을 또 목표로 하고 있습니다. 그 제일 중요한 거는 회사에서 안정적인 직위를 갖기 위해서 어 충분한 노력이 필요할 것 같고 그에 따라서 회사에서나 개인적으로나 삼 년 뒤면은 어 많은 성과가 있어야 하는 그런 단계인 것 같습니다. 삼 년 안에 개인적으로나 회사적으로도 필요한 인재가 되기 위해서 어 자 자격증을 지금 목표로 하고 있는데 자격증은 뭐 유투브나 개인 서적 강의 등을 이용해서 자기 개발도 충분히 해야 할 것 같습니다. 이상입니다.","wordCount":130},"emotion":[],"intent":[{"text":"","expression":"","category":"attitude"}],"summary":{"text":"삼 년 안에 회사에 어느 정도의 입지를 갖춘 안정적인 직원이 되고 싶으며 개인적으로 성장할 수 있도록 자격증이나 추가적인 강의 등을 통해서 개인의 성장을 목표로 하고 있습니다. 그에 따라서 회사나 개인적으로나삼 년 뒤에는 어 많은 성과가 있어야 하는 단계인 것 같습니다.","wordCount":40}}},"rawDataInfo":{"question":{"fileFormat":"wav","fileSize":554958,"duration":17340,"samplingBit":16,"channelCount":1,"samplingRate":"16kHz","audioPath":"/Mock/03.PublicService/Male/Experienced/ckmk_q_ps_m_e_214813.wav"},"answer":{"fileFormat":"wav","fileSize":2709198,"duration":84660,"samplingBit":16,"channelCount":1,"samplingRate":"16kHz","audioPath":"/Mock/03.PublicService/Male/Experienced/ckmk_a_ps_m_e_214813.wav"}}}