{"version":"1.0","dataSet":{"info":{"date":"20230116","occupation":"PS","channel":"MOCK","place":"ONLINE","gender":"MALE","ageRange":"35-44","experience":"EXPERIENCED"},"question":{"raw":{"text":"지원자님께서는 어 이루고 싶은 인생의 목표가 있는지요 어 있다면 어떤 목표를 가지고 계신지 또 왜 그것을 이루고 싶은지도 함께 말씀해 주시기 바랍니다","wordCount":22},"emotion":[],"intent":[]},"answer":{"raw":{"text":"이루고 싶은 인생의 목표는 바로 통장에 백 억을 넣어 놓는 일입니다. 단순하게 돈을 많이 번다고 하면 사람들이 왜 돈의 노예가 되느냐 그리고 현실적으로 백 억이라는 돈을 어떻게 버느냐 하는데 저는 노력하고 마음먹기에 따라 백 억은 아니더라도 백 억에 준하는 숫자에 달할 만큼 노력을 하고 싶습니다. 왜냐하면 어릴 때부터 너무 가난하게 살다 보니 가난이 얼만큼 사람을 힘들게 하고 자존감을 떨어뜨리고 사람을 피폐하게 하는지를 저는 수십 년을 경험했습니다. 물론 지금은 어릴 때만큼 가난하진 않지만 그렇다고 부자라고 할 만큼 돈이 많지 않기 때문에 부를 이뤘을 때 이루고 싶은 것들이 생각보다 많습니다. 첫 번째 크루즈 여행을 전세계를 돌아다니고 싶고 그렇게 번 돈으로 사람들에게 많이 나눠 주고 봉사 활동도 많이 하고 장학 재단을 설립하고 싶습니다. 어린 시절 돈 때문에 공부도 포기하고 친구 사귀는 거 여자 만나는 것까지 전부 포기하다 보니까 돈이 사람을 얼만큼 힘들게 하는지를 알게 돼서 돈 때문에 힘들어하는 어린 학생들 어려운 학생들에게 맛있는 밥도 먹이고 학비도 내주면서 꿈을 포기하지 않게 만들고 싶습니다. 돈 하나 때문에 힘들지만 돈이 없으면 모든 것을 포기할 수 밖에 없는 게 자본주의 사회의 현실인 것 같습니다.","wordCount":167},"emotion":[],"intent":[{"text":"","expression":"","category":"attitude"}],"summary":{"text":"저는 어린 시절부터 가난하게 살다 보니 가난이 얼만큼 사람을 힘들게 하고 자존감을 떨어뜨리고 사람을 피폐하게 하는지를 경험했습니다. 지금은 어릴 때만큼 가난하진 않지만 그렇다고 부자라고 할 만큼 돈이 많지 않기 때문에 부를 이루었을 때 이루고 싶은 것들이 큽니다. 돈 때문에 힘들어하는 학생들에게 맛있는 밥과 학비를 해주면서 꿈을 포기하지 않게 만들고 싶습니다.","wordCount":50}}},"rawDataInfo":{"question":{"fileFormat":"wav","fileSize":500238,"duration":15630,"samplingBit":16,"channelCount":1,"samplingRate":"16kHz","audioPath":"/Mock/03.PublicService/Male/Experienced/ckmk_q_ps_m_e_184420.wav"},"answer":{"fileFormat":"wav","fileSize":2666638,"duration":83330,"samplingBit":16,"channelCount":1,"samplingRate":"16kHz","audioPath":"/Mock/03.PublicService/Male/Experienced/ckmk_a_ps_m_e_184420.wav"}}}