{"version":"1.0","dataSet":{"info":{"date":"20230116","occupation":"PS","channel":"MOCK","place":"ONLINE","gender":"MALE","ageRange":"-34","experience":"EXPERIENCED"},"question":{"raw":{"text":"직무를 수행하는 가운데 어려운 난관에 봉착했다면 지원자님께서는 어떻게 해결을 하시겠습니까 본인만의 해결법과 이유를 함께 말씀해 주세요","wordCount":16},"emotion":[],"intent":[]},"answer":{"raw":{"text":"어떠한 난관에 봉착하게 된다면 저는 경험이 많은 직장 내 선배님들께 도움과 조언을 요청할 것 같습니다. 제가 경험해보지 못했던 일 일이기에 난관에 봉착하였으니 경험이 많은 선배님들께 이런 경우에는 어떻게 극복해 나가야 제가 해결할 수 있는지에 대해 정확한 해결책을 요청하는 것이 아닌 제가 난관을 해결해 나갈 수 있는 길을 찾을 수 있도록 도움을 요청하며 선배님들의 조언과 도움을 생각하면서 이 난관을 극복해 나갈 것 같습니다.","wordCount":62},"emotion":[],"intent":[{"text":"","expression":"","category":"attitude"}],"summary":{"text":"어떠한 난관에 봉착하게 된다면 경험 많은 직장 제 선배님들께 도움과 조언을 요청하면서 난관을 해결해 나갈 수 있는 길을 찾을 수 있도록 도움을 요청해야 할 것 같습니다.","wordCount":26}}},"rawDataInfo":{"question":{"fileFormat":"wav","fileSize":523278,"duration":16350,"samplingBit":16,"channelCount":1,"samplingRate":"16kHz","audioPath":"/Mock/03.PublicService/Male/Experienced/ckmk_q_ps_m_e_229874.wav"},"answer":{"fileFormat":"wav","fileSize":1495758,"duration":46740,"samplingBit":16,"channelCount":1,"samplingRate":"16kHz","audioPath":"/Mock/03.PublicService/Male/Experienced/ckmk_a_ps_m_e_229874.wav"}}}