{"version":"1.0","dataSet":{"info":{"date":"20230116","occupation":"PS","channel":"MOCK","place":"ONLINE","gender":"MALE","ageRange":"35-44","experience":"EXPERIENCED"},"question":{"raw":{"text":"일을 하다 보면 협업을 할 일이 많이 발생하게 되는데요 협업을 할 때 가장 중요하게 생각하는 것이 무엇이라고 생각되는지 그리고 지원자님께서는 왜 그것을 가장 중요하게 생각하는지 말씀해 주세요","wordCount":27},"emotion":[],"intent":[]},"answer":{"raw":{"text":"어 협업에 관련해서 답변 드리겠습니다. 일단 협업은 제일 중요한 게 의사소통입니다. 소통이 잘 돼야 하는 것이고 어 의사소통이 잘 됐을 때 협업이 제일 효율적으로 이루어질 것으로 생각합니다. 이런 협업을 할 때 제일 중요한 것은 제가 하급자이냐 상급자 위치냐 어느 위치에 있더라도 경청하는 자세가 제일 중요할 것 같습니다. 상급자가 의견을 얘기할 때는 무엇을 원하는지 무슨 방향으로 가고 싶은지를 빨리 캐치를 하는 게 중요할 것이고 또 하급자가 또 의견을 제시했을 때는 아 지금 우리 회사의 이익에 그 부분이 마땅한 그 하급자에게 힘을 실어줘야 한다고 생각합니다. 그런 부분을 가장 효율적으로 조율이 잘 된다면은 그 협업이 가장 극대화돼서 원하는 프로젝트나 원하는 방향으로 갈 수 있을 것인데 이제 그런 부분이 조금 힘들 것 같습니다. 그런 부분들이 또 힘든 부분이기 때문에 그런 과정을 최소화하고 결정이 빨라지고 한 방향의 한 배를 타서 이끌어 간다면은 그런 협업을 할 때 그 과정에 대해서 성공의 길로 극대화가 되지 않을까 싶습니다. 네 이상입니다.","wordCount":142},"emotion":[],"intent":[{"text":"일단 협업은 제일 중요한 게 의사소통입니다.","expression":"c_cop","category":"personality"},{"text":"소통이 잘 돼야 하는 것이고   어 의사소통이 잘 됐을 때 협업이 제일 효율적으로 이루어질 것으로 생각합니다.","expression":"c_cop","category":"personality"},{"text":"이런 협업을 할 때 제일 중요한 것은 제가 하급자이냐 상급자 위치냐 어느 위치에 있더라도   경청하는 자세가 제일 중요할 것 같습니다.","expression":"c_cop","category":"personality"},{"text":"그런 부분들이 또 힘든 부분이기 때문에 그런 과정을 최소화하고 결정이 빨라지고   한 방향의 한 배를 타서 이끌어 간다면은 그런 협업을 할 때 그 과정에 대해서 성공의 길로 극대화가 되지 않을까 싶습니다.","expression":"c_cop","category":"personality"}],"summary":{"text":"협업에서 가장 중요한 것은 의사소통입니다. 의사소통이 잘 됐을 때 협업이 가장 효율적으로 이루어질 것으로 생각합니다. 상급자가 의견을 말할 때는 어떤 방향으로 가고 싶은지를 빨리 캐치하는 게 중요하고, 하급자가 의견을 제시했을 때는 우리 회사의 이익에 그 부분이 마땅한 하급자에게 힘을 실어줘야 합니다. 과정을 최소화하고 결정이 빨라진다면 협업이 성공의 길로 극대화될 것입니다.","wordCount":50}}},"rawDataInfo":{"question":{"fileFormat":"wav","fileSize":633998,"duration":19810,"samplingBit":16,"channelCount":1,"samplingRate":"16kHz","audioPath":"/Mock/03.PublicService/Male/Experienced/ckmk_q_ps_m_e_139214.wav"},"answer":{"fileFormat":"wav","fileSize":2640078,"duration":82500,"samplingBit":16,"channelCount":1,"samplingRate":"16kHz","audioPath":"/Mock/03.PublicService/Male/Experienced/ckmk_a_ps_m_e_139214.wav"}}}