{"version":"1.0","dataSet":{"info":{"date":"20230116","occupation":"PS","channel":"MOCK","place":"ONLINE","gender":"MALE","ageRange":"35-44","experience":"EXPERIENCED"},"question":{"raw":{"text":"매일 공부하고 있는 분야가 따로 있을까요 있다면 그것을 왜 공부하는지도 같이 설명해 주세요","wordCount":13},"emotion":[],"intent":[]},"answer":{"raw":{"text":"매일 공부하고 있는 분야는 바로 빅 데이터와 인공지능 딥 러닝입니다. 앞으로 세상은 점점 더 디지털 트렌스 포메이션으로 완벽히 변화가 이어갈 것이고 이천 이십 오 년 안에 바이두 및 애플 구글에서 자율주행 오 단계가 완성된다고 합니다. 이제는 디지털 트랜스 포메이션은 선택이 아니라 필수 사항이 되버렸습니다. 그러기 위해서는 빅 데이터와 인공지능 머신 러닝 딥 러닝에 대한 기초부터 응용 단계 그때는 내가 어떤 디지털 트랜스 포메이션에 맞는 업무를 할 수 있을까를 고민해야 합니다. 그래서 저는 매일매일 빅 데이터에 대한 기초 프로그램인 파이선을 공부하고 있고 에이 아이 를 어떤 식으로 업무와 업무에 응용할 수 있는지에 대한 지속적인 공부를 하고 있습니다. 만약 예전처럼 모든 것을 몸으로 해결할 수 있는 시대라면 이런 공부가 필요 없을지 몰라도 이제는 그 흔한 무인 카페도 로봇이 제조하고 로봇이 서빙을 하고 로봇이 결제하는 시대입니다. 그런데 로봇을 운영하거나 로봇을 다룰 줄 모른다면 앞으로는 직장인으로서의 가치가 없어지고 자연스럽게 조기 퇴직을 할 수 밖에 없는 상황이 올 것을 대비하여 저는 계속적으로 빅 데이터와 에이 아이 를 공부하고 있습니다.","wordCount":154},"emotion":[],"intent":[{"text":"매일 공부하고 있는 분야는 바로 빅 데이터와 인공지능 딥 러닝입니다.","expression":"c_imp","category":"personality"},{"text":"그래서 저는 매일매일 빅 데이터에 대한   기초 프로그램인 파이선을 공부하고 있고 에이 아이 를 어떤 식으로 업무와 업무에   응용할 수 있는지에 대한 지속적인 공부를 하고 있습니다.","expression":"c_imp","category":"personality"},{"text":"그런데 로봇을 운영하거나 로봇을 다룰 줄 모른다면 앞으로는 직장인으로서의 가치가 없어지고   자연스럽게 조기 퇴직을 할 수 밖에 없는 상황이 올 것을 대비하여 저는 계속적으로   빅 데이터와 에이 아이 를 공부하고 있습니다.","expression":"c_imp","category":"personality"}],"summary":{"text":"디지털 트랜스 포메이션은 선택이 아니라 필수 사항이 되버렸습니다. 그러기 위해서는 빅 데이터와 인공지능 머신 러닝 딥 러닝에 대한 기초부터 응용 단계를 고민해야 합니다. 앞으로 로봇을 운영하거나 로봇을 다룰 줄 모른다면 직장인으로서의 가치가 없어지고 조기 퇴직을 할 수 밖에 없는 상황이 올 것을 대비하여 계속적으로 공부하고 있습니다.","wordCount":46}}},"rawDataInfo":{"question":{"fileFormat":"wav","fileSize":282318,"duration":8820,"samplingBit":16,"channelCount":1,"samplingRate":"16kHz","audioPath":"/Mock/03.PublicService/Male/Experienced/ckmk_q_ps_m_e_166975.wav"},"answer":{"fileFormat":"wav","fileSize":2717518,"duration":84920,"samplingBit":16,"channelCount":1,"samplingRate":"16kHz","audioPath":"/Mock/03.PublicService/Male/Experienced/ckmk_a_ps_m_e_166975.wav"}}}