{"version":"1.0","dataSet":{"info":{"date":"20230116","occupation":"PS","channel":"MOCK","place":"ONLINE","gender":"MALE","ageRange":"35-44","experience":"EXPERIENCED"},"question":{"raw":{"text":"지원자님이 지원한 직무에 다른 직무를 맡아서 업무를 하게 된다면 어떻게 하실 예정이십니까 다른 직무도 맡아서 수행하실 수 있으신가요","wordCount":18},"emotion":[],"intent":[]},"answer":{"raw":{"text":"어 저의 그 그까 직무에 관련돼서 어 하고 싶은 일에 대해서나 어 다른 직무를 받게 된다면 한번 생각을 해 보았습니다. 근데 하고 싶은 일은 뭐 사람마다 성향이 틀릴 것 같은데 저는 인제 하고 싶은 일이라는 말은 좀 안 맞는 것 같고 회사에서 요구하는 방안에 대해서 제가 그 부분에 맞춰야 한다고 생각하고 있습니다. 어떤 일을 준다는 것은 어 그 사람에 대해서 그걸 판단해서 해주는 경우도 있겠지만 그것은 좀 어려울 부분이라고 생각합니다. 어떤 새로운 업무를 맡게 된다면은 그 부분에 대해서도 정통하게 되면은 또 그 부분에 대해서 전문가가 될 수 있을 것이고 여러 분야에 대해서 그렇게 되면 경험이 많아지게 될 것입니다. 그러기 때문에 새로운 일을 맡는다는 거에 대해서는 아 거부감을 가지면 안 될 거 같고 그런 부분에서도 이게 다 내일이다 이제 앞으로 이 일이 내일이고 이 일을 내가 만들어 가야 또 새로운 업무 더 상급 단계 업무까지 진출할 수 있다고 생각하기 때문에 어 무슨 일이든 맡는다고 하면은 다 책임감을 갖고 주인의식을 갖고 그렇게 업무를 진행할 것 같습니다. 이상입니다.","wordCount":155},"emotion":[],"intent":[{"text":"","expression":"","category":"attitude"}],"summary":{"text":"어떤 업무를 맡게 되면 그 부분에 대해서도 정통하게 되면은 또 그 부분에 대해서 전문가가 될 수 있고 여러 분야에 대해서 그렇게 되면 경험이 많아지게 될 것입니다. 그러므로 새로운 일을 맡는다는 거에 대해서는 거부감을 가지면 안 될 것이고 무슨 일이든 맡는다고 하면은 다 책임감을 갖고 주인의식을 갖고 업무를 진행할 것 같습니다.","wordCount":50}}},"rawDataInfo":{"question":{"fileFormat":"wav","fileSize":517198,"duration":16160,"samplingBit":16,"channelCount":1,"samplingRate":"16kHz","audioPath":"/Mock/03.PublicService/Male/Experienced/ckmk_q_ps_m_e_147281.wav"},"answer":{"fileFormat":"wav","fileSize":2599758,"duration":81240,"samplingBit":16,"channelCount":1,"samplingRate":"16kHz","audioPath":"/Mock/03.PublicService/Male/Experienced/ckmk_a_ps_m_e_147281.wav"}}}