{"version":"1.0","dataSet":{"info":{"date":"20230116","occupation":"PS","channel":"MOCK","place":"ONLINE","gender":"MALE","ageRange":"35-44","experience":"EXPERIENCED"},"question":{"raw":{"text":"협업을 할 일이 많이 생길 수 있습니다 그렇다면 이전 직장에서 혹은 대학에서 협업을 했을 때 어려웠던 부분은 어떤 거였나요","wordCount":19},"emotion":[],"intent":[]},"answer":{"raw":{"text":"아 협업 부분에 대해서 지 전 회사이거나 대학을 다닐 때 어려운 부분에 대해서 느꼈던 부분에 대해서 답변 드리겠습니다. 아 협업 결국은 협동인데 어 내가 도움을 줄 때도 있어야 할 것이고 도움을 받아야 하는 부분이 있을 겁니다. 그 부분에 있어서 이제 가장 흔하게 얘기하는 사람들은 더불어 가는 사회이고 더불어가는 사는 게 사람이라고 생각합니다. 그래서 혼자만 잘났다 혼자만 능력이 창출 창출하기 때문에 그 부분에서 나는 협업을 할 필요가 없다. 이런 직원에 대해서는 미래의 발전이 없다고 생각합니다. 어 모든 것은 실무가 제일 중요한 것이고 경험이 중요해지고 그 사람만이 갖고 있는 노하우가 정말 중요하다고 생각합니다. 이런 노하우들이 합쳐졌을 때 협업이 극대화 될 수가 있기 때문에 그 하급 직원이라도 분명히 기발한 아이디어라든지 여러 가지 노하우들이 있다고 생각합니다. 그런 부분들을 잘 흡수하고 잘 종합시켜서 한 게 이제 협업이 성공적으로 될 수 있을 것인데 그런 부분에 있어서 어 서로의 대화를 존중해주고 어 경청해주는 부분이 가장 중요할 것 같습니다. 이상입니다.","wordCount":142},"emotion":[],"intent":[{"text":"","expression":"","category":"attitude"}],"summary":{"text":"협업은 실무가 제일 중요하고 그 사람만의 노하우가 정말 중요하다고 생각합니다. 이런 노하우들이 합쳐졌을 때 협업이 극대화 될 수가 있기 때문에 서로의 대화를 존중해주고 경청해주는 부분이 가장 중요할 것 같습니다.","wordCount":29}}},"rawDataInfo":{"question":{"fileFormat":"wav","fileSize":499278,"duration":15600,"samplingBit":16,"channelCount":1,"samplingRate":"16kHz","audioPath":"/Mock/03.PublicService/Male/Experienced/ckmk_q_ps_m_e_214743.wav"},"answer":{"fileFormat":"wav","fileSize":2746958,"duration":85840,"samplingBit":16,"channelCount":1,"samplingRate":"16kHz","audioPath":"/Mock/03.PublicService/Male/Experienced/ckmk_a_ps_m_e_214743.wav"}}}