{"version":"1.0","dataSet":{"info":{"date":"20230116","occupation":"PS","channel":"MOCK","place":"ONLINE","gender":"MALE","ageRange":"55-","experience":"EXPERIENCED"},"question":{"raw":{"text":"어 지원자님의 이력서를 보니까 이전 직장에서 퇴사를 하신 것 같은데요 어 퇴사를 한 후에 퇴사한 것에 대해 후회를 하신 적이 있을까요 있다면 그 이유가 뭔지도 함께 말씀을 해 주시기 바랍니다","wordCount":30},"emotion":[],"intent":[]},"answer":{"raw":{"text":"군대를 전역하고 첫 직장을 한 것이 제가 원하는 그런 직장었고 일도 또한 그 직장에서 제가 맡아서 제 능력을 발휘할 수 있는 그런 부서에서 근무를 했습니다. 십 사 년 정도 근무를 했고 그 이후에는 자영업을 지금까지 하고 있습니다. 그래서 직장을 옮겨본 적이 없기도 합니다. 또한 한 군데에서 꾸준하게 일하다 그만뒀기 때문에 후회는 없습니다.","wordCount":52},"emotion":[],"intent":[{"text":"","expression":"","category":"attitude"}],"summary":{"text":"군 전역 후 제 능력을 발휘할 수 있는 부서에서 십 사 년 정도 근무를 했고 자영업을 하고 있습니다. 한 군데에서 꾸준히 일하다 그만둔 것이라 후회는 없습니다.","wordCount":26}}},"rawDataInfo":{"question":{"fileFormat":"wav","fileSize":675918,"duration":21120,"samplingBit":16,"channelCount":1,"samplingRate":"16kHz","audioPath":"/Mock/03.PublicService/Male/Experienced/ckmk_q_ps_m_e_186261.wav"},"answer":{"fileFormat":"wav","fileSize":2305358,"duration":72040,"samplingBit":16,"channelCount":1,"samplingRate":"16kHz","audioPath":"/Mock/03.PublicService/Male/Experienced/ckmk_a_ps_m_e_186261.wav"}}}