{"version":"1.0","dataSet":{"info":{"date":"20230116","occupation":"PS","channel":"MOCK","place":"ONLINE","gender":"MALE","ageRange":"35-44","experience":"EXPERIENCED"},"question":{"raw":{"text":"지원자님의 장점과 단점이 많이 있으실 것 같은데 성격이 어떠하신지 설명해 주세요 자세하게 이야기해 주시면 좋겠습니다","wordCount":15},"emotion":[],"intent":[]},"answer":{"raw":{"text":"네 저의 성격에 인제 장점과 단점에 대해서 말씀을 드리겠습니다. 예를 들어서 설명드릴 수 있는데 어 이제 저희 성격은 일단은 좀 천천히 나가자 여유롭게 접근하자 이런 스타일입니다. 그러다 보니까 그게 저의 장점이 될 수도 있고 단점이 될 수도 있는 부분인데 제가 이런 성격을 갖기 위해서는 생각보다 꼼꼼하고 아 구체적인 계획을 통해 시간 관리를 잘 한다고 생각합니다. 그런 것들을 통해서 어 우선순위를 정하는 능력이 있기 때문에 어 그리고 또 그거를 갖추기 위해서 항상 메모하는 습관 어 스케줄 정리하는 습관을 갖다 보니까 일단 무엇이 우선 급한 일인지를 판단이 끝나면은 어 급한 일들을 빨리 처리하고 나면 솔직히 뭐 급하게 막 조급해 할 필요는 없습니다. 그러다 보니 좀 여유롭게 보인다. 이런 것들이 되게 어 사 장점과 단점이 될 수 있는데 그 부분에 대해서는 저희가 장점이 될 수도 있 계속 장점으로 보일 수 있도록 하는 노력이 필요할 것 같습니다. 그 업무적인 능력을 키우다 보면 계속 장점으로 보일 수 있을 것 같습니다. 이상입니다.","wordCount":146},"emotion":[],"intent":[{"text":"예를 들어서 설명드릴 수 있는데   어 이제 저희 성격은 일단은 좀 천천히 나가자 여유롭게 접근하자 이런 스타일입니다.","expression":"c_person","category":"background"},{"text":"그러다 보니까 그게 저의 장점이 될 수도 있고 단점이 될 수도 있는 부분인데 제가 이런 성격을 갖기 위해서는 생각보다 꼼꼼하고   아 구체적인 계획을 통해 시간 관리를 잘 한다고 생각합니다.","expression":"c_person","category":"background"}],"summary":{"text":"저희 성격은 천천히 나가자 여유롭게 접근하자 라는 스타일인데 꼼꼼하고 구체적인 계획을 통해 시간 관리를 잘 하기 때문에 우선순위를 정하는 능력이 있어서 스케줄 정리하는 습관을 갖다 보니 좀 여유롭게 보입니다. 이런 것들이 장점이 될 수도 있고 단점이 될 수도 있는데 장점으로 보일 수 있도록 하는 노력이 필요할 것 같습니다. ","wordCount":48}}},"rawDataInfo":{"question":{"fileFormat":"wav","fileSize":479438,"duration":14980,"samplingBit":16,"channelCount":1,"samplingRate":"16kHz","audioPath":"/Mock/03.PublicService/Male/Experienced/ckmk_q_ps_m_e_192213.wav"},"answer":{"fileFormat":"wav","fileSize":2689998,"duration":84060,"samplingBit":16,"channelCount":1,"samplingRate":"16kHz","audioPath":"/Mock/03.PublicService/Male/Experienced/ckmk_a_ps_m_e_192213.wav"}}}