{"version":"1.0","dataSet":{"info":{"date":"20230116","occupation":"PS","channel":"MOCK","place":"ONLINE","gender":"MALE","ageRange":"35-44","experience":"EXPERIENCED"},"question":{"raw":{"text":"협업을 할 때 가장 중요하게 생각하는 것은 무엇인가요 지원자님은 왜 그것을 가장 중요하게 생각하는지 설명해 주세요","wordCount":16},"emotion":[],"intent":[]},"answer":{"raw":{"text":"협업을 할 때 이제 가장 중요하게 생각하는 파트는 일단은 협동심이라고 생각합니다. 이 협동심이라는 거는 결국은 사람마다 의견이 다 틀리고 생각하는 게 다 틀리기 때문에 그거를 하나로 만드는 게 가장 중요하다고 생각합니다. 그까 다 중구난방 다른 생각을 갖고 있는 그런 협업은 어 절대 성공할 수 없을 것 같고 그런 것들을 다 내 일이다 이게 우리 팀 일이다 이게 내 개인의 성과다 이런 것들은 그 협업하는 사람들에게 갖춰준다면 그 협업하는 그 일에 프로젝트는 성공적으로 가지 않을까 싶습니다. 근데 여기서 협업할 때 제일 중요한 것은 경청의 자세도 중요할 것 같습니다. 그러니까 내 의견만 계속 얘기해서 내 의견대로만 가자 이것보다는 그 말단 직원까지 어떤 아이디어를 갖고 있고 어떻게 생각을 하는지 어떤 내용을 갖고 있는지에 대해서 잘 들어주게 됐을 때 그것들이 인제 하나가 돼서 성공할 수 있는 그런 협업이 되지 않을까 싶습니다. 그래서 주변 사람들과의 그 동화나 그런 협동심이 제일 중요한 게 어 협업에서 중요한 파트인 것 같습니다. 이상입니다.","wordCount":144},"emotion":[],"intent":[{"text":"협업을 할 때 이제 가장 중요하게 생각하는 파트는   일단은 협동심이라고 생각합니다.","expression":"c_cop","category":"personality"},{"text":"이 협동심이라는 거는 결국은 사람마다 의견이 다 틀리고 생각하는 게 다 틀리기 때문에   그거를 하나로 만드는 게 가장 중요하다고 생각합니다.","expression":"c_cop","category":"personality"},{"text":"이게 우리 팀 일이다 이게 내 개인의 성과다 이런 것들은   그 협업하는 사람들에게 갖춰준다면 그 협업하는 그 일에 프로젝트는 성공적으로 가지 않을까 싶습니다.","expression":"c_cop","category":"personality"},{"text":"근데 여기서 협업할 때 제일 중요한 것은 경청의 자세도 중요할 것 같습니다.","expression":"c_cop","category":"personality"},{"text":"그러니까 내 의견만 계속 얘기해서 내 의견대로만 가자 이것보다는 그 말단 직원까지 어떤 아이디어를 갖고 있고 어떻게 생각을 하는지   어떤 내용을 갖고 있는지에 대해서 잘 들어주게 됐을 때 그것들이 인제 하나가 돼서 성공할 수 있는 그런 협업이 되지 않을까   싶습니다.","expression":"c_cop","category":"personality"},{"text":"그래서 주변 사람들과의 그 동화나 그런 협동심이 제일 중요한 게   어 협업에서 중요한 파트인 것 같습니다.","expression":"c_cop","category":"personality"}],"summary":{"text":"협업 시 가장 중요하게 생각하는 것은 협동심인데, 사람마다 의견이 다르고 생각하는 게 다 다르기 때문에 하나로 만드는 것이 가장 중요합니다. 그래서 주변 사람들과의 동화나 그런 협동심이 제일 중요한 협업에서의 중요한 파트인 것 같습니다.","wordCount":33}}},"rawDataInfo":{"question":{"fileFormat":"wav","fileSize":373838,"duration":11680,"samplingBit":16,"channelCount":1,"samplingRate":"16kHz","audioPath":"/Mock/03.PublicService/Male/Experienced/ckmk_q_ps_m_e_145470.wav"},"answer":{"fileFormat":"wav","fileSize":2740558,"duration":85640,"samplingBit":16,"channelCount":1,"samplingRate":"16kHz","audioPath":"/Mock/03.PublicService/Male/Experienced/ckmk_a_ps_m_e_145470.wav"}}}