{"version":"1.0","dataSet":{"info":{"date":"20230116","occupation":"PS","channel":"MOCK","place":"ONLINE","gender":"MALE","ageRange":"45-54","experience":"EXPERIENCED"},"question":{"raw":{"text":"대학 생활을 보내면서 가장 힘들었던 경험은 무엇인가요 그것을 어떻게 극복했었는지도 같이 말씀해 주시겠어요","wordCount":13},"emotion":[],"intent":[]},"answer":{"raw":{"text":"저는 군대를 학교를 이 학년을 다니고 군대를 갔다가 제대를 했 제대를 하고 다시 복학을 했는데 어 고 과정에서 저희 집이 그 저희 부모님과 다른 가족들이 어 잠깐이지만 해외 이민을 나가서 해외에서 거주했던 경험이 있습니다. 저는 군 생활을 했고요. 어 저는 아직 학교를 못 마친 상태였기 때문에 한국에 뭐 우선 다른 친척들은 계셨지만 어 가족이 없었습니다. 어 그래 가지고 대학 생활을 하면서 거주지가 좀 일정치가 않아서 뭐 친구 집에서 물론 하숙도 하고 그렇긴 했는데 어 이게 좀 약간 지치고 힘들 때 돌아갈 곳이 가족이 없다 라는 곳에 가족이 한국에 있지 않다 라는 것에 대해서 되게 좀 고민도 많이 했었고 좀 힘든 시간을 가졌던 것 같습니다. 당시에 뭐 친구네 집에서도 자고 뭐 친척집에서도 머물기도 했지만 어 그게 좀 편치는 않아 않았던 것 같습니다. 그 당시에 친구들한테 신세를 되게 많이 졌습니다. 그 주변에 다행히 좋은 친구들이 많이 있어 가지고 친구네 집에서 먹고 자고 하는데도 그 부모님이 자식처럼 잘 돌봐주고 했던 경험이 있습니다. 지금도 그 친 친구들과 부모님과는 아주 돈독하게 잘 지내고 있으며 때 되면 인사도 드리고 다니 드리러 다니고 그러고 있습니다.","wordCount":168},"emotion":[{"text":"저는 군대를 학교를 이 학년을 다니고 군대를 갔다가 제대를   했 제대를 하고 다시 복학을 했는데 어 고 과정에서 저희 집이   그 저희 부모님과 다른 가족들이 어 잠깐이지만 해외 이민을 나가서   해외에서 거주했던 경험이 있습니다.","expression":"u-fact","category":"neutral"},{"text":"저는 군 생활을 했고요.","expression":"u-fact","category":"neutral"}],"intent":[{"text":"저는 군대를 학교를 이 학년을 다니고 군대를 갔다가 제대를   했 제대를 하고 다시 복학을 했는데 어 고 과정에서 저희 집이   그 저희 부모님과 다른 가족들이 어 잠깐이지만 해외 이민을 나가서   해외에서 거주했던 경험이 있습니다.","expression":"c_private","category":"background"},{"text":"그 주변에 다행히   좋은 친구들이 많이 있어 가지고 친구네 집에서 먹고 자고 하는데도 그 부모님이 자식처럼 잘   돌봐주고 했던 경험이 있습니다.","expression":"c_private","category":"background"}],"summary":{"text":"부모님과 다른 가족들이 해외 이민을 나가 거주했던 경험이 있습니다. 대학 생활을 하면서 가족에 대한 고민을 많이 했고, 힘들 때는 한국에 가족이 없다 라는 곳에 가족이 없다는 것에 대해 고민했습니다. 친구들에게 신세를 많이 졌고, 부모님과는 아주 돈독하게 잘 지내며, 종종 인사드리러 다니는 중입니다.","wordCount":42}}},"rawDataInfo":{"question":{"fileFormat":"wav","fileSize":375118,"duration":11720,"samplingBit":16,"channelCount":1,"samplingRate":"16kHz","audioPath":"/Mock/03.PublicService/Male/Experienced/ckmk_q_ps_m_e_109105.wav"},"answer":{"fileFormat":"wav","fileSize":2785358,"duration":87040,"samplingBit":16,"channelCount":1,"samplingRate":"16kHz","audioPath":"/Mock/03.PublicService/Male/Experienced/ckmk_a_ps_m_e_109105.wav"}}}