{"version":"1.0","dataSet":{"info":{"date":"20230116","occupation":"PS","channel":"MOCK","place":"ONLINE","gender":"MALE","ageRange":"55-","experience":"EXPERIENCED"},"question":{"raw":{"text":"지원자분 본인이 현재 가지고 계시는 위치나 지위보다도 훨씬 어려운 목표를 스스로 달성해 낸 적이 있으시다고 하다면 그 경험에 대해서 저희에게 자세하게 설명해 주시면 좋을 것 같습니다","wordCount":26},"emotion":[],"intent":[]},"answer":{"raw":{"text":"음 굉장히 조금 뭐랄까요 뭐 좀 질문이 모호한 것 같기도 하고 제 위치가 뭔지도 모르겠고요 지금. 글쎄요 뭐 뭐 어려운 목표 달성 뭔가 또 거창해 보이는 것 같아서. 아 뭐 그런 적은 있어요 제가. 이거는 뭐 제 위치랑은 관계가 있는 건지 없는 것 같은데 그냥 제가 생각하는 조금 아 뭔가 뿌듯한 일을 했다 라고 하는 거는 그 잃어버린 강아지를 잃어버린 분을 제가 전단을 봤는데 어 꽤 됐었어요 사실 그게 한 거의 한 달 삼 사 주 정도였는데 그게 저희 동네였고 제가 어느 날 그거를 지나가면서 전봇대나 이렇게 지하철 역에 붙어있는 건 봤지만 그러고 저도 이제 무심코 넘겼는데 제가 어느 날 회사 근무를 가는 중에 그때가 이제 야간 근무였어 가지고 가는 중에 저희 동네에서 이제 한 여섯 일곱 정 거장 떨어진 역에서 보고 제가 신고를 해서 찾아드린 적이 있었습니다. 네","wordCount":129},"emotion":[],"intent":[{"text":"","expression":"","category":"attitude"}],"summary":{"text":"강아지를 잃어버린 분을 제가 전단을 봤는데 거의 한 달 삼 사 주 정도 전에 저희 동네였고 지하철 역에 붙어 있는 건 봤지만 무심코 넘겼습니다. 회사 근무를 가는 중에 동네에서 한 여섯 일곱 정 거장 떨어진 역에서 보고 신고를 해서 찾아드린 적이 있습니다.","wordCount":42}}},"rawDataInfo":{"question":{"fileFormat":"wav","fileSize":634638,"duration":19830,"samplingBit":16,"channelCount":1,"samplingRate":"16kHz","audioPath":"/Mock/03.PublicService/Male/Experienced/ckmk_q_ps_m_e_179342.wav"},"answer":{"fileFormat":"wav","fileSize":2866638,"duration":89580,"samplingBit":16,"channelCount":1,"samplingRate":"16kHz","audioPath":"/Mock/03.PublicService/Male/Experienced/ckmk_a_ps_m_e_179342.wav"}}}