{"version":"1.0","dataSet":{"info":{"date":"20230116","occupation":"PS","channel":"MOCK","place":"ONLINE","gender":"MALE","ageRange":"55-","experience":"EXPERIENCED"},"question":{"raw":{"text":"평소에 검색을 자주 하는 편이신가요 어떤 검색을 주로 하는지 왜 하는지 특별한 이유가 있는지 말씀해 주시기 바랍니다","wordCount":17},"emotion":[],"intent":[]},"answer":{"raw":{"text":"평소에 검색을 자주 하시는 편인가요 어떤 검색을 주로 하시는지 왜 하시는지 궁금합니다. 아 예 저는 네이버를 통해서 검색을 좀 주로 하고 전문적인 분야 같은 경우는 아 구글 검색을 통하여서 검색을 좀 자주 한다고 볼 수 있습니다. 가장 사소한 부분들 아 영어 단어부터 어 실생활에 자주 언급된 그런 단어들 아 검색을 자주 합니다. 그리고 또한 제가 더 자주 하고 관심이 많았던 것은 경제적인 용어 어 경제에서 제가 관심을 많이 갖습니다. 그러다 보니까 경제 용어부터 해서 아 경제의 흐름 또한 경제의 그러한 대차 대조표 같은 재무제표 같은 아 그런 부분들 어 기술적인 부분들 전문적인 부분들 이런 것들도 어 검색을 많이 합니다. 왜냐하면 아 자주 나오는 그러한 아 용어 가운데 아 용어 정리가 필요하다고 보여집니다. 자주 나오는데 정확한 용어 정리가 안 나온다면 아 너무나 그 저기 어려움이 있고 어 헷갈림으로 인하여서 어 저한테도 어 도움이 될 수 없다고 생각합니다. 그래서 어 정확한 검색을 통하여서 어 용어 정리 아니면 그 영어의 단어 정리 이런 것들이 꼭 필요했던 것 같습니다. 제가 검색을 또 자주 하는 것 중의 하나는 아 외국의 그러한 제품들 그리고 또 이제 그 새로운 제품들 그런 것들을 이미지를 통해서 검색하고 구입하고 또한 제가 그런 거에 관심이 많습니다. 해서 주의 깊게 그런 것들을 많이 보고 어 있습니다.","wordCount":194},"emotion":[{"text":"그리고 또한 제가 더 자주 하고 관심이 많았던 것은 경제적인 용어 어 경제에서 제가 관심을 많이 갖습니다.","expression":"p-interest","category":"positive"},{"text":"제가 검색을 또 자주 하는 것 중의 하나는 아 외국의 그러한 제품들 그리고 또 이제 그 새로운 제품들 그런 것들을 이미지를 통해서 검색하고 구입하고 또한 제가 그런 거에 관심이 많습니다.","expression":"p-interest","category":"positive"}],"intent":[{"text":"","expression":"","category":"attitude"}],"summary":{"text":"네이버와 구글 검색을 자주 합니다. 영어 단어부터 실생활에 자주 언급된 단어들, 경제적 용어, 재무제표 같은 부분, 기술적인 부분, 전문적인 부분 등을 검색합니다. 정확한 검색을 통해 용어 정리나 영어의 단어 정리가 필요합니다. 또 외국의 제품이나 새로운 제품을 이미지나 이미지를 통해 검색하고 구입하기도 합니다.","wordCount":42}}},"rawDataInfo":{"question":{"fileFormat":"wav","fileSize":591118,"duration":18470,"samplingBit":16,"channelCount":1,"samplingRate":"16kHz","audioPath":"/Mock/03.PublicService/Male/Experienced/ckmk_q_ps_m_e_246600.wav"},"answer":{"fileFormat":"wav","fileSize":3847118,"duration":120220,"samplingBit":16,"channelCount":1,"samplingRate":"16kHz","audioPath":"/Mock/03.PublicService/Male/Experienced/ckmk_a_ps_m_e_246600.wav"}}}