{"version":"1.0","dataSet":{"info":{"date":"20230116","occupation":"PS","channel":"MOCK","place":"ONLINE","gender":"MALE","ageRange":"45-54","experience":"EXPERIENCED"},"question":{"raw":{"text":"시험 기간에는 시간이 촉박하고 모자르기 마련인데요 어떻게 본인은 효율적으로 시간 관리를 했나요","wordCount":12},"emotion":[],"intent":[]},"answer":{"raw":{"text":"어 학교 다닐 땐 그랬던 것 같습니다. 나름 미리미리 준비하고 했지만 항상 시험 볼 때는 시간이 부족했던 것 같습니다. 어 시간이 촉박한 시험 기간에 어떻게 시간 관리를 했냐. 저는 일단 우선순위를 정했던 것 같습니다. 뭐 회사에서 일을 할 때도 마찬가집니다. 어 시간 대개 일 이라는 게 시간에 제한이 있고 그 안에 그것을 완수해 내고 시험 역시 그 시간 내에 그 공부를 마쳐야 되는 것이기 때문에 저는 시간이 촉박할수록 더 시간을 세세하게 나눠 가지고 어 일의 중요도를 먼저 따졌던 것 같습니다. 시험을 볼 때는 어떤 과목을 제가 더 해야 되는지를 파악을 했고 어 어떤 과목이 더 중요한지 동일한 시간을 소요했을 때 어떤 과목이 점수를 더 얻기 쉬운지 등을 결정을 해 가지고 어 그 부족한 시간을 그런 식으로 사용했던 것 같습니다. 그 시간 관리라는 것이 항상 좀 어렵다고 생각을 합니다. 어 항상 부족한 것이 시간이고 그것은 뭐 물론 첫 번째 원인은 저의 게으름이겠지만 어 시간이 부족할 때는 우선순위를 정해 가지고 어 먼저 중요한 일부터 먼저 해야 되는 일부터 처리하는 게 맞다 라고 생각합니다.","wordCount":161},"emotion":[],"intent":[{"text":"","expression":"","category":"attitude"}],"summary":{"text":"학교 다닐 땐 미리 준비하고 했지만 항상 시험 볼 때는 시간이 부족했던 것 같습니다. 시간이 촉박할 때는 우선순위를 정했습니다. 일의 중요도를 먼저 따졌습니다. 시험 볼 땐 어떤 과목을 더 해야 되는지 파악을 하고 어떤 과목이 더 중요한지 같은 시간을 소요했을 때 점수를 더 얻기 쉬운지 등을 결정을 해 가지고 부족한 시간을 사용했습니다.","wordCount":52}}},"rawDataInfo":{"question":{"fileFormat":"wav","fileSize":326798,"duration":10210,"samplingBit":16,"channelCount":1,"samplingRate":"16kHz","audioPath":"/Mock/03.PublicService/Male/Experienced/ckmk_q_ps_m_e_108394.wav"},"answer":{"fileFormat":"wav","fileSize":2631118,"duration":82220,"samplingBit":16,"channelCount":1,"samplingRate":"16kHz","audioPath":"/Mock/03.PublicService/Male/Experienced/ckmk_a_ps_m_e_108394.wav"}}}