{"version":"1.0","dataSet":{"info":{"date":"20230116","occupation":"PS","channel":"MOCK","place":"ONLINE","gender":"MALE","ageRange":"35-44","experience":"EXPERIENCED"},"question":{"raw":{"text":"사회를 살아가면서 자신이 생각하는 가장 이상적인 사회는 어떤 사회라고 생각합니까","wordCount":10},"emotion":[],"intent":[]},"answer":{"raw":{"text":"제가 생각하는 이상적인 사회는 바로 완벽한 민주주의입니다. 우리는 지금 민주주의를 표방하고 있지만 실제적으론 자본주의에 더 가까운 민주주의입니다. 결국 돈이 있는 사람은 훨씬 더 많은 돈을 벌고 돈이 없는 사람은 점점 더 가난해지는 나락으로 떨어지는 사회입니다. 우리는 이것을 민주주의라고 부르지만 실제론 공산주의보다 못한 사회이고 결국은 정치인들 또는 기업인들이 본인의 이익과 자 본인의 소득을 위해서만 열심히 하지 국민이나 서민을 위한 진정한 선민사상의 정책을 펼치진 않습니다. 제가 어릴 때부터 정치인들끼리 싸움을 하고 자기의 이권을 위해서 행동하는 것을 중학교 초등학교 대학교 때까지 계속 보았지만 벌써 이 삼십 년이 지난 지금도 하는 행동이나 패턴은 항상 똑같습니다. 즉 양극화가 심해서 점점 더 부를 가진 사람은 부를 쌓게 되고 그것이 세습을 하여 소위 말해서 요조은 개천에서 용나는 시대는 벌써 이 삼십 년 전에 없어졌다고 합니다. 개천에서 용이 나는 걸 사회 시스템적으로 막는 것 같고 가난한 사람은 죽도록 노력하고 죽도록 일하다가 결국은 죽는 나이가 된다 라는 슬픈 얘기가 있습니다. 저희 같은 흙수저는 노력을 해도 안 되고 안 해도 안 되기 때문에 그냥 그렇게 포기하는 나라는 좋은 나라가 절대 아닌 것 같습니다.","wordCount":163},"emotion":[],"intent":[{"text":"","expression":"","category":"attitude"}],"summary":{"text":"저는 이상적인 사회를 완벽한 민주주의라고 생각합니다. 우리는 민주주의를 표방하지만 실제로는 자본주의에 더 가까운 민주주의입니다. 정치인들 또는 기업인들이 본인의 이익을 위해서만 열심히 하지 국민이나 서민을 위한 진정한 선민사상의 정책을 펼치진 않습니다. 양극화가 심해서 점점 더 부를 가진 사람은 부를 축적하게 되고 그것이 세습을 하여 개천에서 용이 저는 시대는 벌써 없어졌다고 합니다.","wordCount":50}}},"rawDataInfo":{"question":{"fileFormat":"wav","fileSize":320078,"duration":10000,"samplingBit":16,"channelCount":1,"samplingRate":"16kHz","audioPath":"/Mock/03.PublicService/Male/Experienced/ckmk_q_ps_m_e_184415.wav"},"answer":{"fileFormat":"wav","fileSize":2796878,"duration":87400,"samplingBit":16,"channelCount":1,"samplingRate":"16kHz","audioPath":"/Mock/03.PublicService/Male/Experienced/ckmk_a_ps_m_e_184415.wav"}}}