{"version":"1.0","dataSet":{"info":{"date":"20230116","occupation":"PS","channel":"MOCK","place":"ONLINE","gender":"MALE","ageRange":"35-44","experience":"EXPERIENCED"},"question":{"raw":{"text":"지원자님의 십 년 후의 미래는 어떨 것 같나요 저희 회사에 계속 다니고 계실 것 같으신가요 만약 다니고 있다면 회사에서 나의 십 년 뒤의 모습은 어떠실 것 같나요","wordCount":27},"emotion":[],"intent":[]},"answer":{"raw":{"text":"십 년 후 저의 미래는 이 서비스 센터에서 총괄 센터장 및 본부장을 맡게 될 것입니다. 저는 전 회사에서도 기술 총괄 프로젝트로 일을 했었고 리더로서 생산관리 총괄 본부까지 운영하면서 프로젝트를 같이 역 역임했었습니다. 그것은 서비스와 생산 관리 품질 관리는 모든 것이 연결돼 있기 때문에 필드에서 발생하는 모든 문제들을 생산 관리나 품질 관리 쪽으로 넘기고 그 품질 관리해서 생긴 문제들을 알엔디 기술 개발팀까지 다 연계해서 일을 처리했기 때문입니다. 그렇게 서비스 절차 및 생산 품질 관리를 모두 맡아서 앞으로는 공장 자동화를 만들 것이고 공장 자동화의 필수적인 빅 데이터와 머신러닝을 통해서 어떻게 하면 인건비를 줄이고 생산량을 늘리고 그다음에 효율성 및 저품질이 나오는 분량률을 줄일 것인지에 대해 지속적으로 검토하고 컨설팅을 받을 것입니다. 그렇게 해서 공장 자동화에 따른 인공지능화를 만들고 생산량을 지금보다 다섯 배 이상 늘리고 그렇게 해서 매출이 세 배 이상 성장하는 회사를 만들려고 합니다. 그렇게 저는 이 회사를 계속 다니고 있을 것 같습니다.","wordCount":139},"emotion":[],"intent":[{"text":"","expression":"","category":"attitude"}],"summary":{"text":"서비스 절차 및 생산 품질 관리를 모두 맡아서 앞으로는 공장 자동화를 만들 것이고 빅 데이터와 머신러닝을 통해서 인건비를 줄이고 생산량을 늘리고 효율성 및 저품질이 나오는 분량률을 줄일 것인지에 대해 지속적으로 검토하고 컨설팅을 받을 것입니다. 그렇게 해서 인공지능화를 만들고 매출이 세 배 이상 성장하는 회사를 만들려고 합니다.","wordCount":46}}},"rawDataInfo":{"question":{"fileFormat":"wav","fileSize":528718,"duration":16520,"samplingBit":16,"channelCount":1,"samplingRate":"16kHz","audioPath":"/Mock/03.PublicService/Male/Experienced/ckmk_q_ps_m_e_191729.wav"},"answer":{"fileFormat":"wav","fileSize":2309198,"duration":72160,"samplingBit":16,"channelCount":1,"samplingRate":"16kHz","audioPath":"/Mock/03.PublicService/Male/Experienced/ckmk_a_ps_m_e_191729.wav"}}}