{"version":"1.0","dataSet":{"info":{"date":"20230116","occupation":"PS","channel":"MOCK","place":"ONLINE","gender":"MALE","ageRange":"35-44","experience":"EXPERIENCED"},"question":{"raw":{"text":"지원자님 이전 직장 혹은 대학에서 어떤 프로젝트를 해 봤는지 생각하는 게 있다면 한 번 말씀해 주시고 설명해 주시겠어요","wordCount":18},"emotion":[],"intent":[]},"answer":{"raw":{"text":"이전 직장에서 병원용 의료기기 한 대당 이십 억 짜리 장비 두 대를 삼 개월 내에 설치하는 프로젝트를 맡은 적이 있습니다. 그때 당시에 이천 이십 년 이 월 전 세계 팬데믹이 발생했고 코로나로 인하여 모든 외국인들이 한국에 입국 금지를 당한 상태였습니다. 하지만 해당 장비는 일본에서 생산되어 한국으로 건너 왔고 이 장비를 설치하기 위해서는 일본에 있는 생산 및 설비 엔지니어들이 무조건 입국을 해야 되는 상황이었는데 입국 금지 때문에 그 누구도 오갈 수가 없는 상황이었습니다. 하지만 계약서에는 삼 개월 내에 이십 억 짜리 장비 두 대를 설치하여 운영하고 가동 후에 검수까지 완료한다 라는 계약 사항이 있어서 삼 개월을 넘기면 무조건 저희는 하루에 오십만 원에서 백만 원 정도의 지체 상금을 물 수 밖에 없는 상황이었습니다. 그때 저는 프로젝트 및 기술 총괄 리더로서 어떻게 하면 이 난관을 해결할까 고민하다가 영화 마스라고 하는 나사 직원과 맷 데이먼 간의 온라인 소통을 통해서 장비를 설치할 수 있을 거라는 예상을 했습니다. 제 예상은 적중을 했고 각 사이트 당 이십 대가 넘는 카메라를 설치하여 온라인으로 일본에 있는 엔지니어들과 저는 기술 통역 및 서포트를 하면서 하루에 열 다섯 시간씩 장비를 설치하여 두 달 만에 모든 장비가 완 완료되고 풀 가동하여 지금은 문제 없이 사용 중입니다.","wordCount":184},"emotion":[],"intent":[{"text":"","expression":"","category":"attitude"}],"summary":{"text":"전 세계 팬데믹이 발생하여 모든 외국인들이 한국에 입국 금지를 당하여, 프로젝트 및 기술 총괄 리더로서 어떻게 하면 이 난관을 해결할 것인가 고민하다가 영화 마스라고 하는 나사 직원과맷 데이먼 간의 온라인 소통을 통해서 장비를 설치할 수 있을 거라는 예상을 했습니다. 그 예상은 적중했고 온라인으로 일본에 있는 엔지니어들과 기술 통역 및 서포트를 하며 설치하여 두 달 만에 모든 장비가 완 완료되어 사용 중입니다.","wordCount":61}}},"rawDataInfo":{"question":{"fileFormat":"wav","fileSize":317838,"duration":9930,"samplingBit":16,"channelCount":1,"samplingRate":"16kHz","audioPath":"/Mock/03.PublicService/Male/Experienced/ckmk_q_ps_m_e_191723.wav"},"answer":{"fileFormat":"wav","fileSize":2844878,"duration":88900,"samplingBit":16,"channelCount":1,"samplingRate":"16kHz","audioPath":"/Mock/03.PublicService/Male/Experienced/ckmk_a_ps_m_e_191723.wav"}}}