{"version":"1.0","dataSet":{"info":{"date":"20230116","occupation":"PS","channel":"MOCK","place":"ONLINE","gender":"MALE","ageRange":"-34","experience":"EXPERIENCED"},"question":{"raw":{"text":"지원자님께서는 자신의 노년의 모습에 대해서 상상해 보신 적이 있으신가요 지원자님이 생각하실 때 자신의 노년은 어떤 모습이었으면 좋으시겠습니까 이상적인 노년의 모습을 말씀해 주시기 바랍니다","wordCount":23},"emotion":[],"intent":[]},"answer":{"raw":{"text":"제가 생각하는 저의 노년에 모습이 한 가지 있습니다. 저는 지금부터 약 삼십 년 정도를 공무원으로 일할 수 있습니다. 제가 만 육십 세가 되면 정년 퇴직을 하게 될 텐데 이때부터 저는 공무원 연금을 받게 될 것입니다. 만 육십 오 세부터 공무원연금을 받으면 제가 월 삼백 만 원 정도를 매달 받게 되는데 이 월급을 받으면서 가족들과 행복하게 사는 것이 저의 노년 생활의 모습이라고 생각합니다. 비록 그 돈이 큰 돈은 아니지만 가족들과 행복하게 지내는 데는 부족함이 없는 돈이라고 생각합니다. 일 년에 한 두 번 정도 해외 여행을 다녀오고 평소에 자식들과 손자 손녀에게 용돈을 줄 수 있는 그런 할아버지가 되어 있을 것이라고 생각합니다.","wordCount":99},"emotion":[],"intent":[{"text":"","expression":"","category":"attitude"}],"summary":{"text":"저는 만 60세가 되면 정년 퇴직을 하게 될 것인데 이때부터 공무원 연금을 받게 될 것입니다. 이 연금을 받으면서 가족들과 행복하게 사는 것이 저의 노년 생활의 모습이라고 생각합니다.","wordCount":27}}},"rawDataInfo":{"question":{"fileFormat":"wav","fileSize":572238,"duration":17880,"samplingBit":16,"channelCount":1,"samplingRate":"16kHz","audioPath":"/Mock/03.PublicService/Male/Experienced/ckmk_q_ps_m_e_253910.wav"},"answer":{"fileFormat":"wav","fileSize":2386638,"duration":74580,"samplingBit":16,"channelCount":1,"samplingRate":"16kHz","audioPath":"/Mock/03.PublicService/Male/Experienced/ckmk_a_ps_m_e_253910.wav"}}}