{"version":"1.0","dataSet":{"info":{"date":"20230116","occupation":"PS","channel":"MOCK","place":"ONLINE","gender":"MALE","ageRange":"35-44","experience":"EXPERIENCED"},"question":{"raw":{"text":"창의성과 팀워크 중에 어떤 것을 더 중요하게 생각하시나요 그렇게 생각하시는 근거도 함께 말씀해 주세요","wordCount":14},"emotion":[],"intent":[]},"answer":{"raw":{"text":"팀워크는 모든 업무를 함에 있어서 가장 중요한 덕목입니다. 모든 일을 혼자 할 수 있는 사람이 아니고 조직이라는 곳에서 톱니바퀴처럼 움직이는 하나하나의 사람의 역할이 있습니다. 그런데 팀워크를 무시하고 창의적인 인재이기 때문에 자기는 혼자만의 일을 하겠다라고 하는 분들은 결국 팀워크를 중시하는 조직에서 헛바퀴가 돌거나 아니면 튀어나갈 수 밖에 없습니다. 창의적인 인재가 필요로 하는 것은 스타트업이나 아니면 천재 개발자 또는 천재적인 발상을 하는 곳일 뿐이지 일반 조직에서는 창의적이고 팀워크가 없는 사람보다는 창의적이지는 않지만 팀워크가 뛰어나고 인성이 바르고 태도가 좋은 사람이 가장 필요합니다. 왜냐하면 우리는 백지장도 맞들면 낫다 라는 속담이 있듯이 그 백지장을 맞들기 위해서 최선을 다해야 됩니다. 그런데 창의적인 인재들은 대부분 보면 자기 혼자의 능력으로 모든 것을 다 이룰 수 있다고 생각하는 자만심 및 팀워크를 무시하는 경향이 있기 때문입니다. 팀워크가 좋은 사람은 어떤 조직을 가나 어디서나 항상 도움이 되기 때문에 이조직이 아니더라도 추후에도 다른 업무 간의 협업 또는 부서간의 협업 이런 것들에 있어서 빛을 발할 수 있습니다. 그래서 저는 팀워크가 가장 중요하다고 생각합니다.","wordCount":150},"emotion":[],"intent":[{"text":"그런데 팀워크를 무시하고 창의적인 인재이기 때문에 자기는 혼자만의 일을 하겠다라고 하는 분들은   결국 팀워크를 중시하는 조직에서 헛바퀴가 돌거나 아니면 튀어나갈 수 밖에 없습니다.","expression":"c_cop","category":"personality"},{"text":"창의적인 인재가 필요로 하는 것은 스타트업이나 아니면 천재 개발자 또는 천재적인 발상을 하는 곳일 뿐이지 일반 조직에서는 창의적이고 팀워크가 없는 사람보다는   창의적이지는 않지만 팀워크가 뛰어나고 인성이 바르고 태도가 좋은 사람이 가장 필요합니다.","expression":"c_cop","category":"personality"},{"text":"왜냐하면 우리는 백지장도 맞들면 낫다 라는 속담이 있듯이 그 백지장을 맞들기 위해서 최선을 다해야 됩니다.","expression":"c_cop","category":"personality"},{"text":"그런데 창의적인 인재들은 대부분 보면 자기 혼자의 능력으로 모든 것을 다 이룰 수 있다고 생각하는   자만심 및 팀워크를 무시하는 경향이 있기 때문입니다.","expression":"c_cop","category":"personality"},{"text":"팀워크가 좋은 사람은 어떤 조직을 가나 어디서나   항상 도움이 되기 때문에 이조직이 아니더라도 추후에도 다른 업무 간의 협업 또는 부서간의 협업 이런 것들에 있어서 빛을 발할 수 있습니다.","expression":"c_cop","category":"personality"}],"summary":{"text":"창의적인 인재를 필요로 하는 것은 스타트업이나 천재 개발자 또는 천재적인 발상을 하는 곳일 뿐이지 일반 조직에서는 팀워크가 뛰어나고 인성이 바르고 태도가 좋은 사람이 가장 필요합니다. 그 이유는 팀워크로 모든 일을 할 수 있다고 생각하는 자만심 및 팀워크를 무시하는 경향이 있기 때문입니다.","wordCount":41}}},"rawDataInfo":{"question":{"fileFormat":"wav","fileSize":285198,"duration":8910,"samplingBit":16,"channelCount":1,"samplingRate":"16kHz","audioPath":"/Mock/03.PublicService/Male/Experienced/ckmk_q_ps_m_e_162517.wav"},"answer":{"fileFormat":"wav","fileSize":2646158,"duration":82690,"samplingBit":16,"channelCount":1,"samplingRate":"16kHz","audioPath":"/Mock/03.PublicService/Male/Experienced/ckmk_a_ps_m_e_162517.wav"}}}