{"version":"1.0","dataSet":{"info":{"date":"20230116","occupation":"PS","channel":"MOCK","place":"ONLINE","gender":"MALE","ageRange":"45-54","experience":"EXPERIENCED"},"question":{"raw":{"text":"본인의 능력보다 어려운 걸 목표로 설정을 하고 이걸 달성해 본 경험이 있을까요","wordCount":12},"emotion":[],"intent":[]},"answer":{"raw":{"text":"회사의 업무라는 것이 뭐 따로 따로 독립된 것이 아니다 보니 어 제 위치보다 어려운 목표라고 하는 말은 좀 뭐하지만 어 저는 전 직장에서 어 대리일 당시에 부장님 한 분 과장님 한 분 그리고 저 대리 그리고 제 동료 대리 한 명 그리고 어 신입 사원 한 명 이렇게 다섯 명이서 약 삼 개월 짜리 프로젝트를 진행한 적이 있었습니다. 그 프로젝트는 동남아 시장 출 동남아 시장 진출에 대한 전반적인 마케팅과 그 물류를 조사하고 그것을 보고서 형식으로 만드는 것이었는데 약 한 이 개월 정도 진행된 상황에서 그 부장님과 과장님의 출장을 다녀오시다 교통사고가 났습니다. 어 두 분 다 좀 약간 크게 다치셔가지고 병원에 입원하셔야 됐고 어 우리 팀은 이 그 팀장이었던 부장님과 그 관리자였던 과장님이 두 분 다 입원을 하시는 바람에 참석을 할 수 없게 됐었죠. 그래서 우리는 프로젝트를 그만두냐 아니면 다른 부서에서 누군가가 오냐를 막 고민하다가 결국은 중간 자에서 제가 그걸 맡아서 진행하게 됐습니다. 다행히 전에 준비를 꼼꼼히 해 왔고 어 자료를 잘 준비한 덕에 프로젝트를 맞출 수 있었고 회사로부터 좋은 평가를 받았던 경험이 있습니다.","wordCount":163},"emotion":[],"intent":[{"text":"","expression":"","category":"attitude"}],"summary":{"text":"저는 과장님과 과장님이 출장을 다녀오시다 교통사고가 나셔서 참석을 할 수 없게 됐습니다. 그래서 저는 중간 자에서 그것을 맡아서 진행하게 됐는데, 다행히 전에 준비를 꼼꼼히 해 왔던 덕에 프로젝트를 맞출 수 있었고 회사로부터 좋은 평가를 받았던 경험이 있습니다.","wordCount":37}}},"rawDataInfo":{"question":{"fileFormat":"wav","fileSize":235598,"duration":7360,"samplingBit":16,"channelCount":1,"samplingRate":"16kHz","audioPath":"/Mock/03.PublicService/Male/Experienced/ckmk_q_ps_m_e_109103.wav"},"answer":{"fileFormat":"wav","fileSize":2817998,"duration":88060,"samplingBit":16,"channelCount":1,"samplingRate":"16kHz","audioPath":"/Mock/03.PublicService/Male/Experienced/ckmk_a_ps_m_e_109103.wav"}}}