{"version":"1.0","dataSet":{"info":{"date":"20230116","occupation":"PS","channel":"MOCK","place":"ONLINE","gender":"FEMALE","ageRange":"55-","experience":"EXPERIENCED"},"question":{"raw":{"text":"지원자님의 전공과 관련하여 최근 부족하다고 느끼고 따로 공부하고 있는 분야가 있으십니까","wordCount":11},"emotion":[],"intent":[]},"answer":{"raw":{"text":"제 전공은 언어입니다. 포르투칼어를 전공했지만 사회에 나와서 이와 다른 일을 하게 되어 어 전공과 달리 부족한 점이 많았습니다. 그래서 스스로 느끼고 서강대에서 사회복지학을 공부하게 되었습니다. 사회복지학을 공부하면서 제가 있는 일에서 큰 도움을 받았고 그 도움으로 이십 여 년 비 영리 단체에서 새 복지 업무를 해왔습니다. 사회 복지 업무를 하면서 취업 상담이나 직업 상담 생애 설계 상담과 전직 지원 상담 등을 하게 되었는데 그러다 보니 또 스페셜하게 더욱더 직업 상담하기 필요하게 되었습니다. 하여 저는 직업 상담사 과정을 공부하고 있으며 직업 상담사 과정 일 차 필기 시험을 합격하여 이 차 시험을 준비하고 있습니다.","wordCount":91},"emotion":[{"text":"제 전공은 언어입니다.","expression":"u-fact","category":"neutral"},{"text":"그래서 스스로 느끼고 서강대에서 사회복지학을 공부하게 되었습니다.","expression":"u-fact","category":"neutral"},{"text":"하여 저는 직업 상담사 과정을 공부하고 있으며 직업 상담사 과정 일 차 필기 시험을 합격하여 이 차 시험을 준비하고 있습니다.","expression":"u-fact","category":"neutral"}],"intent":[{"text":"포르투칼어를 전공했지만 사회에 나와서 이와 다른 일을 하게 되어 어 전공과 달리 부족한 점이 많았습니다.","expression":"c_private","category":"background"},{"text":"사회복지학을 공부하면서 제가 있는 일에서 큰 도움을 받았고 그 도움으로 이십 여 년 비 영리 단체에서 새 복지 업무를 해왔습니다.","expression":"c_private","category":"background"},{"text":"하여 저는 직업 상담사 과정을 공부하고 있으며 직업 상담사 과정 일 차 필기 시험을 합격하여 이 차 시험을 준비하고 있습니다.","expression":"c_imp","category":"personality"}],"summary":{"text":"포르투칼어를 전공했지만 사회와 다른 일을 하게 되어 부족한 점이 많아 서강대에서 사회복지학을 공부했습니다. 사회복지학 공부로 도움을 받아 비영리 단체에서 새 복지 업무를 했고, 직업 상담사 과정을 공부해 이 차 시험을 준비 중입니다.","wordCount":32}}},"rawDataInfo":{"question":{"fileFormat":"wav","fileSize":282318,"duration":8820,"samplingBit":16,"channelCount":1,"samplingRate":"16kHz","audioPath":"/Mock/03.PublicService/Female/Experienced/ckmk_q_ps_f_e_244859.wav"},"answer":{"fileFormat":"wav","fileSize":2030158,"duration":63440,"samplingBit":16,"channelCount":1,"samplingRate":"16kHz","audioPath":"/Mock/03.PublicService/Female/Experienced/ckmk_a_ps_f_e_244859.wav"}}}