{"version":"1.0","dataSet":{"info":{"date":"20230116","occupation":"PS","channel":"MOCK","place":"ONLINE","gender":"FEMALE","ageRange":"35-44","experience":"EXPERIENCED"},"question":{"raw":{"text":"지원자님께서 업무를 할 때 가장 어려울 거라고 예상되는 일은 무엇인가요 그리고 그에 대해서 어떻게 대처하실 것인지도 궁금합니다","wordCount":17},"emotion":[],"intent":[]},"answer":{"raw":{"text":"일을 하면서 가장 어려울 것이라고 생각되는 것은 어 학생들과 소통을 하거나 선생님들과 소통하는 그런 대인 관계에서 어려움이 있을 것이라고 생각을 합니다. 그렇지만 제가 어 그 선생님이나 학생들과 초반에 어 좋은 관계들을 어 형성을 해서 어 그 좋은 관계 속에서 일들을 진행을 하고 또 어려운 문제가 발생을 했을 때 서로 상의하고 또 서로 어 상담이나 이야기를 통해서 그 문제들을 해결해 나갈 수 있다고 생각을 합니다. 그리고 선생님들과 특별히 일을 할 때 어려운 점이 많이 있는데 어 저는 그 문제에 대해서 어 그 사람들이 가진 생각 자체를 바꾸려고 하는 것이 아니고 그 생각들을 인정을 하면서 제가 가지고 있는 정확한 목표를 수립하는 어 학습 목표를 제시하면서 가르치는 그런 일들을 어 함께 도와주면서 어 그 일들을 어 어 학교가 원하는 그런 결과물들을 도출하려고 어 많은 노력을 할 것입니다.","wordCount":124},"emotion":[],"intent":[{"text":"","expression":"","category":"attitude"}],"summary":{"text":"일을 하면서 가장 어려운 것은 대인관계라고 생각합니다. 하지만 선생님이나 학생들과 초반에 좋은 관계를 형성해서 일을 진행하고 문제가 발생했을 때 서로 상의하고 상담이나 이야기를 통해서 문제를 해결해 나갈 수 있다고 생각합니다. 선생님들과 일을 할 때 어려운 점이 있는데 그 생각을 인정하며 목표를 수립할 것입니다.","wordCount":43}}},"rawDataInfo":{"question":{"fileFormat":"wav","fileSize":425678,"duration":13300,"samplingBit":16,"channelCount":1,"samplingRate":"16kHz","audioPath":"/Mock/03.PublicService/Female/Experienced/ckmk_q_ps_f_e_224472.wav"},"answer":{"fileFormat":"wav","fileSize":2651598,"duration":82860,"samplingBit":16,"channelCount":1,"samplingRate":"16kHz","audioPath":"/Mock/03.PublicService/Female/Experienced/ckmk_a_ps_f_e_224472.wav"}}}