{"version":"1.0","dataSet":{"info":{"date":"20230116","occupation":"PS","channel":"MOCK","place":"ONLINE","gender":"FEMALE","ageRange":"35-44","experience":"EXPERIENCED"},"question":{"raw":{"text":"지원자님이 지금까지 살아 오시면서 가장 힘들었던 경험이 있을까요 그리고 그것을 어떻게 극복하셨는지 이야기해 주십시오","wordCount":14},"emotion":[],"intent":[]},"answer":{"raw":{"text":"제가 살면서 힘들었던 경험은 어 제가 미국에서 어학연수를 할 때 어 미국에서 어학연수를 할 때 제가 어 어학연수 과정 중에서 한 단계를 통과하지 못해서 어 그것들을 다시 해야 되는 그런 경제적인 손실과 시간적으로 낭비해야 되는 부분이 있었고 또 그것들을 어려움을 제가 어 헤쳐나가지 못하겠다는 생각에 빠져버려서 음 많이 힘들었고 또 어 타지에 있기 때문에 상의할 사람이나 또 그것을 나눌 사람이 없어서 어 답답한 마음으로 어 지내고 있었습니다. 그렇게 했을 때 어 친구들에게 먼저 상의를 했지만 그것들이 어 마음은 잘 정리되었지만 해결되지 않아서 부모님께 상의를 했습니다. 그래서 부모님께서는 그것들을 음 말할 때 어 먼저 자기가 말하고 싶어하는 것을 먼저 생각을 해서 정리를 한 후에 어 아무도 없는 방에서 혼자서 연습을 해서 어 많은 연습을 통해서 어 자신이 조리 있게 말할 수 있도록 그것들을 연습을 해야 된다고 알려주셨습니다. 그리고 또 어 제가 그때 외국인과 외국인 엄마와 함께 살았는데 어 그 곳에서 어 외국인 홈스테이 맘이 항상 어 오늘 뭐 했냐고 영어로 질문을 항상 했는데 간단한 것이었지만 저는 항상 부담감을 갖고 있었는데 어 제가 집에 가면서 그것들을 정리를 해서 어 영어로 말해 보는 연습을 한 결과 제가 그것들을 잘 할 수 있게 되었습니다.","wordCount":180},"emotion":[{"text":"제가 살면서 힘들었던 경험은 어 제가 미국에서 어학연수를 할 때 어 미국에서 어학연수를 할 때 제가 어 어학연수 과정 중에서 한 단계를 통과하지 못해서 어 그것들을 다시 해야 되는 그런 경제적인 손실과 시간적으로 낭비해야 되는 부분이 있었고 또 그것들을 어려움을 제가 어 헤쳐나가지 못하겠다는 생각에 빠져버려서 음 많이 힘들었고 또 어 타지에 있기 때문에 상의할 사람이나 또 그것을 나눌 사람이 없어서 어 답답한 마음으로 어 지내고 있었습니다.","expression":"n-distress","category":"negative"}],"intent":[{"text":"","expression":"","category":"attitude"}],"summary":{"text":"미국에서 어학연수를 할 때 어려움을 헤쳐나가지 못하겠다는 생각에 빠져버렸고, 타지에 있기 때문에 상의할 사람이 없어서 답답했습니다. 그래서 부모님께 상의를 했는데, 먼저 자기가 말하고 싶어하는 것을 정리를 한 후에 혼자 연습을 해서 자신이 조리 있게 말할 수 있도록 해야 한다고 알려주셨습니다. 그리고 외국인 홈스테이 맘을 정리해서 영어로 말해 보는 연습을 한 결과 제가 잘 할 수 있게 되었습니다.","wordCount":57}}},"rawDataInfo":{"question":{"fileFormat":"wav","fileSize":517838,"duration":16180,"samplingBit":16,"channelCount":1,"samplingRate":"16kHz","audioPath":"/Mock/03.PublicService/Female/Experienced/ckmk_q_ps_f_e_246534.wav"},"answer":{"fileFormat":"wav","fileSize":3875918,"duration":121120,"samplingBit":16,"channelCount":1,"samplingRate":"16kHz","audioPath":"/Mock/03.PublicService/Female/Experienced/ckmk_a_ps_f_e_246534.wav"}}}