{"version":"1.0","dataSet":{"info":{"date":"20230116","occupation":"PS","channel":"MOCK","place":"ONLINE","gender":"FEMALE","ageRange":"-34","experience":"EXPERIENCED"},"question":{"raw":{"text":"면접자님이 생각했을 때 현대 사회에서 없어서는 안 될 가장 중요한 직업 한 가지를 골라서 말씀해 주시겠어요","wordCount":16},"emotion":[],"intent":[]},"answer":{"raw":{"text":"저는 장례 지도사 및 장례 관련 모든 직업이라고 생각합니다. 유족들을 대신해서 장례 절차를 진행해주고 관련 용품부터 장례식을 총괄 주관하고 관리하는 이 직업은 갑작스러운 고인과의 이별을 맞이한 사람들에게 큰 힘이 된다고 생각합니다. 사람의 죽음은 일생 동안 한 번을 마주하게 되는데 슬픔과 충격에 빠진 사람들을 대신하여 장례를 주관하고 인도하는 역할을 합니다. 특히 모든 사람들이 처음 맞이한 코로나 시대에서 더욱 필요한 직업이라고 생각합니다. 얼마 전 뉴스에서 나온 것처럼 코로나에 급속한 확대로 인해 장례식장 및 안치실이 부족해서 고인을 김치냉장고에 모시는 일이 발생하기도 했습니다. 그럴 때에 이러한 장례 관련 직업에 종사하시는 분들이 계시지 않았다면 현대사회의 일반 개인이 어떻게 부모나 가족 친지에 장래를 치룰 수 있었을까 막막함을 느꼈습니다. 그래서 또 한 번 이 직업에 대한 감사와 필요성을 느꼈습니다.","wordCount":112},"emotion":[{"text":"그럴 때에 이러한 장례 관련 직업에 종사하시는 분들이 계시지 않았다면 현대사회의 일반 개인이 어떻게 부모나 가족 친지에 장래를 치룰 수 있었을까 막막함을 느꼈습니다.","expression":"n-distress","category":"negative"}],"intent":[{"text":"","expression":"","category":"attitude"}],"summary":{"text":"장례 지도사 및 장례 관련 모든 직업은 갑작스러운 고인과의 이별을 맞이한 사람들에게 큰 힘이 된다고 생각합니다. 장례 관련 직업에 종사하시는 분들이 없었다면 현대사회의 일반 개인이 어떻게 장래를 치룰 수 있었을까 싶었고, 이 직업에 대한 감사와 필요성을 느꼈습니다.","wordCount":37}}},"rawDataInfo":{"question":{"fileFormat":"wav","fileSize":290638,"duration":9080,"samplingBit":16,"channelCount":1,"samplingRate":"16kHz","audioPath":"/Mock/03.PublicService/Female/Experienced/ckmk_q_ps_f_e_226482.wav"},"answer":{"fileFormat":"wav","fileSize":2227278,"duration":69600,"samplingBit":16,"channelCount":1,"samplingRate":"16kHz","audioPath":"/Mock/03.PublicService/Female/Experienced/ckmk_a_ps_f_e_226482.wav"}}}