{"version":"1.0","dataSet":{"info":{"date":"20230116","occupation":"PS","channel":"MOCK","place":"ONLINE","gender":"FEMALE","ageRange":"35-44","experience":"EXPERIENCED"},"question":{"raw":{"text":"어 지원자님이 만약에 우리 회사에 들어오게 되신다면 가장 가고 싶은 부서는 어디이신가요 그리고 왜 그렇게 생각하셨는지 그 이유를 함께 말씀해 주시길 바랍니다","wordCount":22},"emotion":[],"intent":[]},"answer":{"raw":{"text":"어 제가 이 회사에 들어오게 된다면 가장 하고 싶은 부서와 왜 그렇게 생각하는지에 대해서 이유를 이야기를 하자면 저는 어 회사에서 어 진행을 하는 교육들을 담당하는 부서에서 일을 하고 싶습니다. 특히 공교육에서 어 공교육에서 종사하고 계시는 교사들이 에이아이 교육이나 또 자율 학기제에 대한 이해가 도입이 되었지만 그것들을 온전히 이해하지 못하고 어 모양만 흉내 내는 어 그런 겉핥기 식의 어 모습만을 드러내는 모습을 제가 학교에서 일을 할 때 많이 경험을 했고 보았기 때문에 전문 기관에서 어 에이아이 학습을 어떻게 교육 환경에 접목을 해야 하는지 혹은 어 이 매체들로 어떻게 어 효과적으로 학습을 진행할 수 있는지에 대해서 어 예시들을 보여주고 에이아이 교육이 왜 중요한지 왜 필요한지에 대해서 교사들에게 많이 인지를 시켜주는 것이 필요하다고 생각합니다. 그리고 자율 학기제도 어 협력 협력 학습을 통해서 학생의 자율성을 보장하는 그런 어 수업인데 음 협력 협력 학습을 어떻게 진행을 하는지 예시들을 통해서 어 실습을 해보고 또 다른 선생님들과 실습을 함으로써 어 경험을 통해서 그것들을 어 인지하고 몸으로 체득을 해서 어 그것들을 진행할 수 있는 교육을 제공을 해야 한다고 생각합니다. 그래서 실질적으로 어 국가가 도입하려는 그런 제도들에 대해서 정확하게 이해를 가지고 실습을 통해서 그것들을 몸으로 체득해서 어 실질적인 교육이 이루어져야 한다고 생각합니다.","wordCount":183},"emotion":[],"intent":[{"text":"","expression":"","category":"attitude"}],"summary":{"text":"공교육에서 종사하는 교사들이 에이아이 교육이나 자율 학기제를 온전히 이해하지 못하고 모양만 내는 모습을 많이 보았기에 전문 기관에서 에이아이 학습을 어떻게 교육 환경에 접목해야 하는지 예시들을 보여주고 교사들에게 많이 인지를 시켜주어야 합니다. 자율 학기제도 협력 협력 학습을 통해 경험을 통해 몸으로 체득해서 진행을 할 수 있는 교육을 제공해야 합니다.","wordCount":48}}},"rawDataInfo":{"question":{"fileFormat":"wav","fileSize":488398,"duration":15260,"samplingBit":16,"channelCount":1,"samplingRate":"16kHz","audioPath":"/Mock/03.PublicService/Female/Experienced/ckmk_q_ps_f_e_236724.wav"},"answer":{"fileFormat":"wav","fileSize":3859918,"duration":120620,"samplingBit":16,"channelCount":1,"samplingRate":"16kHz","audioPath":"/Mock/03.PublicService/Female/Experienced/ckmk_a_ps_f_e_236724.wav"}}}