{"version":"1.0","dataSet":{"info":{"date":"20230116","occupation":"PS","channel":"MOCK","place":"ONLINE","gender":"FEMALE","ageRange":"55-","experience":"EXPERIENCED"},"question":{"raw":{"text":"현대 사회에서는 없어서는 안 될 가장 중요하다고 생각하는 직업을 한 가지만 골라서 말씀해 주시겠습니까","wordCount":14},"emotion":[],"intent":[]},"answer":{"raw":{"text":"현대사회에 없어서는 안 될 가장 중요하다 고 생각하는 직업을 어 말씀하셨는데요. 저는 지금 현대사회가 되게 빨리 진행이 되잖아요. 아이티도 되게 빨리빨리 진행이 되고 그다음에 건설도 그렇고 주변 환경도 그렇고 좀 더 되게 빨리 개발이 되는 것을 보면서 사람들이 심리적으로 너무 힘들어하지 않을까 해서 저는 심리치료사 분들을 많이 존경합니다. 제가 하는 일은 역사 문화 지도나 아 영어 회화 가능 이 그런 쪽이지만 저는 심리 치료하는 분들을 보면서 아 참 대단하다 얼마나 많은 공부를 했으면 저런 상담을 해줄 수 있을까 하는 생각이 가끔 듭니다. 그래서 우리 현대사회가 너무 빨리 발전을 해서 사람들에 정신적으로 약간 문제가 생기지 않을까 라는 생각을 저는 많이 했습니다. 저도 그 중에 한 사람으로서 어떨 때는 아 나만 늦어지는 게 아닐까 나만 도태되는 게 아닐까 아 나만 나만 혹시 나만 문제가 있는 걸까 하는 그런 심리적인 우울감이 있을 때가 있었는데요. 아 그런 분들과 이야기를 하다보니 심리 치료사라는 직업이 아 많이 현대사회가 급변을 해도 꼭 필요한 직업이라고 생각을 합니다. 요즘에 티브이에서 많이 보이시는 오은영 박사님 같으신 분들도 진짜 훌륭하지만 제가 아시는 분들 중에서도 심리 치료를 하면서 사람의 마음을 보듬어 주는 그런 따뜻한 마음을 가지고 계신 심리 치료사들도 생각보다 많더라구요. 예 많이 이용하시면 좋겠습니다.","wordCount":183},"emotion":[{"text":"아이티도 되게 빨리빨리 진행이 되고 그다음에 건설도 그렇고 주변 환경도 그렇고 좀 더 되게 빨리 개발이 되는 것을 보면서 사람들이 심리적으로 너무 힘들어하지 않을까 해서 저는 심리치료사 분들을 많이 존경합니다.","expression":"p-affection","category":"positive"}],"intent":[{"text":"","expression":"","category":"attitude"}],"summary":{"text":"현대사회에 중요한 직업으로 심리치료사 분들을 많이 존경합니다. 제가 하는 일은 역사 문화 지도나 영어 회화 가능 이 쪽이지만, 심리 치료하는 분들을 보면서 아 참 대단하다 라는 생각을 많이 했습니다. 현대사회가 너무 빨리 발전을 해서 정신적인 문제가 생길 것 같은데, 그런 생각을 하다보니 심리 치료사라는 직업이 꼭 필요한 직업이라고 생각을 합니다.","wordCount":50}}},"rawDataInfo":{"question":{"fileFormat":"wav","fileSize":412878,"duration":12900,"samplingBit":16,"channelCount":1,"samplingRate":"16kHz","audioPath":"/Mock/03.PublicService/Female/Experienced/ckmk_q_ps_f_e_242325.wav"},"answer":{"fileFormat":"wav","fileSize":3876558,"duration":121140,"samplingBit":16,"channelCount":1,"samplingRate":"16kHz","audioPath":"/Mock/03.PublicService/Female/Experienced/ckmk_a_ps_f_e_242325.wav"}}}