{"version":"1.0","dataSet":{"info":{"date":"20230116","occupation":"PS","channel":"MOCK","place":"ONLINE","gender":"FEMALE","ageRange":"35-44","experience":"EXPERIENCED"},"question":{"raw":{"text":"창의성과 팀워크 중에서 더 중요한 것은 무엇이라고 생각하시나요 근거와 함께 구체적으로 말씀 부탁드립니다","wordCount":13},"emotion":[],"intent":[]},"answer":{"raw":{"text":"어 제가 생각할 때는 팀워크가 더 중요하다고 생각을 합니다. 왜냐하면 팀워크를 통해서 시너지 효과를 가져올 수 있기 때문입니다. 어 티모크가 잘 맞는다면 그곳에서 어 잘 알지 못하는 사람에게 잘 아는 사람이 가르쳐 줄 수 있고 또 다른 성향을 가진 사람들이 만나서 뭐 시너지 효과를 가져오는 경우가 있습니다. 그래서 음 예를 들면 음 자신이 알지 못하는 그런 탈렌트들이 그 곳에서 발현이 되기도 하고 또 어 성향에 잘 맞는 사람들이 그 곳에서 만나서 음 에너지를 더 많이 발산할 수 있고 또 그리고 음 고 빠르게 일들을 진행을 할 수가 있습니다. 그래서 그리고 시간과 경비가 경제적입니다. 왜냐하면 많은 사람들이 어 많은 사람들이 머리를 맞대어 그 일들을 진행을 하기 때문에 뭐 시간이 더 단축되고 어 어 더 빠른 시간 안에 결과물들을 내기 때문에 경비가 더 경제적으로 어 진행을 할 수 있습니다. 그리고 더 질 좋은 결과물들을 얻을 수 있습니다. 한 사람이 생각하는 것보다 여러 사람이 어 부족한 부분을 여러 각도에서 생각을 할 수 있기 때문에 그것들을 더 수정하고 보완하는 데 있어서 더 질 좋은 결과물을 가져와서 어 좋은 결과물을 얻을 수 있습니다.","wordCount":168},"emotion":[],"intent":[{"text":"","expression":"","category":"attitude"}],"summary":{"text":"팀워크가 잘 맞는다면 그곳에서 잘 알지 못하는 사람에게 잘 아는 사람이 가르쳐 줄 수 있고 또 다른 성향을 가진 사람들이 만나서 시너지 효과를 가져오는 경우가 있기 때문에 저는 팀워크가 더 중요하다고 생각 합니다. 그리고 시간과 경비가 경제적이며 더 질 좋은 결과물들을 얻을 수 있습니다.","wordCount":44}}},"rawDataInfo":{"question":{"fileFormat":"wav","fileSize":575438,"duration":17980,"samplingBit":16,"channelCount":1,"samplingRate":"16kHz","audioPath":"/Mock/03.PublicService/Female/Experienced/ckmk_q_ps_f_e_239418.wav"},"answer":{"fileFormat":"wav","fileSize":3687118,"duration":115220,"samplingBit":16,"channelCount":1,"samplingRate":"16kHz","audioPath":"/Mock/03.PublicService/Female/Experienced/ckmk_a_ps_f_e_239418.wav"}}}