{"version":"1.0","dataSet":{"info":{"date":"20230116","occupation":"PS","channel":"MOCK","place":"ONLINE","gender":"FEMALE","ageRange":"45-54","experience":"EXPERIENCED"},"question":{"raw":{"text":"시험 기간 시간이 촉박할 때 어떻게 시간 관리를 하셨나요 지원자님만의 시간 관리법이 있으시다면 구체적으로 소개해 주실 수 있을까요","wordCount":18},"emotion":[],"intent":[]},"answer":{"raw":{"text":"어 시험 기간이나 시간이 촉박해서 제가 해야 될 과제를 과제는 차고 넘치는데 그것들을 하기가 되게 어 부족하다고 생각될 때는 일단 어 첫 번째 시험이 주요 중요성 과제의 중요성을 어 중요성을 가장 위에다 놓고 중요도를 따지고 그리고 그것이 어 중요도와 함께 그걸 공부하는 데 그거 그 작업을 해내는 데 들어가는 시간이 얼마나 들어갈 것인지를 어 따집니다. 그래서 중요도와 시간 어 그 두 가지를 가지고 제가 할 수 있는 능력껏 어 잘 나눈 다음에 가장 중요도와 시간이 많이 들어갈 것을 가장 위에 놓고 어 중요성과 시간이 가장 적게 들어가는 것을 아래쪽으로 해서 순서대로 나열을 한 다음 가장 시간이 많이 필요하고 중요성이 높은 것을 더 많은 시간을 할애에서 플래너를 짭니다. 그래서 플랜을 세우고 그 사이 사이에 더 빠른 시간 안에 쉽게 해 해결할 수 있는 일들을 끼워 넣는 식으로 해서 일의 경중에 따라 가장 시간이 많이 들어가고 가장 난이도가 있는 작업들을 먼저 시작하고 더 많은 시간을 할애하고 그 사이 사이에 짧은 시간을 효율적으로 이용해서 끝낼 수 있는 작업들을 해서 그런 식으로 어 시간표를 어 적절하게 효율적으로 짜서 그걸 그대로 실천하려고 노력하면 어 그래도 가장 효율적으로 일을 해결할 수 있습니다.","wordCount":176},"emotion":[],"intent":[{"text":"","expression":"","category":"attitude"}],"summary":{"text":"시험 기간이 촉박하다고 생각될 때는 중요도와 시간을 가지고 잘 나눈 다음 중요한 것을 가장 위에 놓고 중요성과 시간을 가장 적게 들어가는 것을 아래쪽으로 해서 순서대로 나열한 다음 가장 중요한 것을 더 많은 시간을 할애에서 플랜을 세우고 그 사이에 빠르게 해결할 수 있는 일들을 끼워 넣는 식으로 시간표를 잘 짜서 실천하면 효율적으로 일을 해결할 수 있습니다.","wordCount":55}}},"rawDataInfo":{"question":{"fileFormat":"wav","fileSize":606158,"duration":18940,"samplingBit":16,"channelCount":1,"samplingRate":"16kHz","audioPath":"/Mock/03.PublicService/Female/Experienced/ckmk_q_ps_f_e_209041.wav"},"answer":{"fileFormat":"wav","fileSize":2851918,"duration":89120,"samplingBit":16,"channelCount":1,"samplingRate":"16kHz","audioPath":"/Mock/03.PublicService/Female/Experienced/ckmk_a_ps_f_e_209041.wav"}}}