{"version":"1.0","dataSet":{"info":{"date":"20230116","occupation":"PS","channel":"MOCK","place":"ONLINE","gender":"FEMALE","ageRange":"55-","experience":"EXPERIENCED"},"question":{"raw":{"text":"현장에서 일을 하다보면 흥분하여 억지를 부리는 고객 민원들을 만나게 됩니다 이런 고객들을 만났을 때 응시자께서는 어떻게 대처하실 건지 본인의 생각을 말씀해 주세요","wordCount":22},"emotion":[],"intent":[]},"answer":{"raw":{"text":"있다면이 아니라 많이 본 적이 있죠. 네 그 흥분하면 이게 흥분한 사람이 자신의 감정을 가감없이 확 다 뱉어버리면 그게 다 그걸로 상대가 어떤 두려움과 공포에 떨며 아니면 놀라며 해결을 해주길 해결을 해줄 거라고 믿는 거 같애요. 그래서 그렇게 행동하시는 분들이 있는 거 같애요. 근데 이게 그러면 안 돼요. 네 그래서 비상식적인 이유로 흥분을 하면서 막 억지를 부리시면 그냥 내버려두죠. 본인이 제 풀에 지칠 때까지 내버려두고 지켜보고 앞에서 그냥 그 행동을 그러고 제가 이렇게 반응을 하면 또 어떻게 반응을 하시겠죠. 그 그 부분을 가만히 지켜보다가 조금 누그러지면 그때 이제 다시 대화를 시작하죠. 제가 왜 그렇게 가만히 기다렸고 제가 하려는 말은 무엇인지 그러면 대화로 이제 진행이 되는 거 같애요.","wordCount":107},"emotion":[],"intent":[{"text":"","expression":"","category":"attitude"}],"summary":{"text":"흥분한 사람이 감정을 가감없이 확 다 뱉어버리면 상대가 어떤 두려움과 공포에 떨며 혹은 놀라며 해결을 해 줄 거라고 믿는 것 같습니다. 그래서 비상식적인 이유로 흥분을 하면서 억지를 부리면 그냥 내버려두다가 조금 누그러지면 다시 대화를 시작합니다.","wordCount":35}}},"rawDataInfo":{"question":{"fileFormat":"wav","fileSize":576718,"duration":18020,"samplingBit":16,"channelCount":1,"samplingRate":"16kHz","audioPath":"/Mock/03.PublicService/Female/Experienced/ckmk_q_ps_f_e_178028.wav"},"answer":{"fileFormat":"wav","fileSize":2872718,"duration":89770,"samplingBit":16,"channelCount":1,"samplingRate":"16kHz","audioPath":"/Mock/03.PublicService/Female/Experienced/ckmk_a_ps_f_e_178028.wav"}}}