{"version":"1.0","dataSet":{"info":{"date":"20230116","occupation":"PS","channel":"MOCK","place":"ONLINE","gender":"FEMALE","ageRange":"-34","experience":"EXPERIENCED"},"question":{"raw":{"text":"회사의 덕목이 무엇인지 어떤 회사가 좋은 회사라고 생각하는지 말씀해 주세요","wordCount":10},"emotion":[],"intent":[]},"answer":{"raw":{"text":"글쎄요 제가 여기를 회사라고 말하기가 좀 그래서 근데 어쨌든 제가 하려는 일에 관해서는 우리 나라를 어 외국과의 관 관계를 맺을 때 우리나라가 좀 더 유리한 조건으로 흘러갈 수 있도록 제가 그거를 보조하는 역할이라고 생각해서 그거를 내세울 수 있어야 좋은 기관이 되지 않을까 라는 생각이 듭니다.","wordCount":45},"emotion":[],"intent":[{"text":"","expression":"","category":"attitude"}],"summary":{"text":"여기를 회사라 말하기는 어려우나 외국과의 관계를 맺을 때 우리나라가 유리한 조건으로 흘러갈 수 있도록 보조하는 역할을 내세울 수 있어야 좋은 기관이 될 것입니다.","wordCount":23}}},"rawDataInfo":{"question":{"fileFormat":"wav","fileSize":245838,"duration":7680,"samplingBit":16,"channelCount":1,"samplingRate":"16kHz","audioPath":"/Mock/03.PublicService/Female/Experienced/ckmk_q_ps_f_e_195754.wav"},"answer":{"fileFormat":"wav","fileSize":1293518,"duration":40420,"samplingBit":16,"channelCount":1,"samplingRate":"16kHz","audioPath":"/Mock/03.PublicService/Female/Experienced/ckmk_a_ps_f_e_195754.wav"}}}