{"version":"1.0","dataSet":{"info":{"date":"20230116","occupation":"PS","channel":"MOCK","place":"ONLINE","gender":"FEMALE","ageRange":"55-","experience":"EXPERIENCED"},"question":{"raw":{"text":"지원자님께서 생각하시는 글로벌 인재에게 필수인 요소는 무엇이라고 생각하십니까 지원자님께서 그것을 위해 노력했던 경험이 있다면 무엇인지 말씀해 주세요","wordCount":17},"emotion":[],"intent":[]},"answer":{"raw":{"text":"글로벌 인재가 되기 위한 필수적인 요소는 제 생각에 일단은 능력이라고 생각합니다. 글로벌 인재는 일단은 해외에 나가서 본인의 능력과 탤런트를 다 사용해야 하기 때문에 어학 능력은 기본이고 컴퓨터 관련 능력 아이디어 뱅크 창의적인 생각 그리고 무엇보다도 자신감이 제일 큰 필수 요소라고 생각합니다. 일단 자신감과 기초 적인 모든 점에 대한 자기 업무에 대한 통달함이 글로벌 인재에게 제일 필요한 거라고 생각합니다. 랭귀지가 되지 않으면 그 글로벌 한 세계화 세회에서 살아남을 수가 없다고 생각합니다. 본인이 활동하는 분야에 있어서의 전공에 대한 완벽한 능력과 더불어 함께 해 나갈 수 있는 어학적 능력이 최고와 최고로 필요한 요소라고 생각합니다.","wordCount":91},"emotion":[],"intent":[{"text":"본인이 활동하는 분야에 있어서의 전공에 대한 완벽한 능력과 더불어 함께 해 나갈 수 있는 어학적 능력이 최고와 최고로 필요한 요소라고 생각합니다.","expression":"c_imp","category":"personality"}],"summary":{"text":"글로벌 인재가 되기 위한 필수 요소는 어학 능력, 컴퓨터 관련 능력, 아이디어 뱅크 창의적인 생각, 자신감과 기초적인 자기 업무에 대한 통달함 그리고 어학 능력이라 생각합니다.","wordCount":25}}},"rawDataInfo":{"question":{"fileFormat":"wav","fileSize":488078,"duration":15250,"samplingBit":16,"channelCount":1,"samplingRate":"16kHz","audioPath":"/Mock/03.PublicService/Female/Experienced/ckmk_q_ps_f_e_244861.wav"},"answer":{"fileFormat":"wav","fileSize":2456718,"duration":76770,"samplingBit":16,"channelCount":1,"samplingRate":"16kHz","audioPath":"/Mock/03.PublicService/Female/Experienced/ckmk_a_ps_f_e_244861.wav"}}}