{"version":"1.0","dataSet":{"info":{"date":"20230116","occupation":"PS","channel":"MOCK","place":"ONLINE","gender":"FEMALE","ageRange":"35-44","experience":"EXPERIENCED"},"question":{"raw":{"text":"동물 실험이 인간에게 주는 이익에 관해서 말씀하시고 동물 실험에 대한 본인의 생각도 함께 말씀해 주세요","wordCount":15},"emotion":[],"intent":[]},"answer":{"raw":{"text":"동물 실험이 인간에게 주는 이익은 어 수많은 사람들이 죽음으로 어 빠져드는 것을 막을 수가 있습니다. 어 많은 사람들이 어 병으로 죽는데 인간 사람에게 그것들을 어 직접 투여해서 실험할 수 없고 또 대체 방안이 없기 때문에 동물들의 실험을 통해서 약의 부작용을 없애고 그것이 온전한 지에 대해서 밝힐 수가 있습니다. 예를 들어 코로나 어 약을 개발을 해야 하는데 어 빠른 시간 안에 사람들이 죽고 있고 어 많은 사람들이 단기간에 죽고 있는데 그 사람들을 빨리 죽음 사망률을 낮추는 것이 중요했고 그 병을 막는 것이 중요했습니다. 그래서 어 동물 실험을 통해서 안정성을 확보하고 그 약을 사람들이 신뢰 어느정도 신뢰하여서 그 약을 투여했을 때 그 약들이 어 치사율을 높인 낮추는데 많은 기여를 했다고 생각합니다. 그리고 효과적입니다. 백신을 개발을 할 때 혹은 홍역이나 다른 병을 병에 대한 치료약을 개발할 때 어 동물 실험이 효과적으로 나타나서 그 결과물들을 통해서 어 약을 개발하는데 많은 기여를 했습니다. 그러나 어 이런 주는 이익들도 있지만 어 동물 실험이 음 백 프로 안전하지 못하 못하고 또 너무 잔인한 방법으로 하는 실험들을 했기 때문에 어 최소한의 방법으로 어 그것들을 실행해야 한다고 생각합니다.","wordCount":169},"emotion":[],"intent":[{"text":"","expression":"","category":"attitude"}],"summary":{"text":"동물실험은 인간에게 많은 이익을 줍니다. 인간에게 직접 투여할 수 없고 대체 방안이 없기 때문에 동물 실험을 통해 약의 부작용을 없애고 온전한 지에 대해 밝힐 수 있습니다. 그 예로 코로나약을 개발할 때, 빠른 시간 안에 사람들이 죽고 있어 빨리 죽음 사망률을 낮추는 것이 중요했고 그 병을 막는 것이 중요했습니다. 실험을 통해 안정성을 확보하고 치사율을 낮춥니다.","wordCount":54}}},"rawDataInfo":{"question":{"fileFormat":"wav","fileSize":326478,"duration":10200,"samplingBit":16,"channelCount":1,"samplingRate":"16kHz","audioPath":"/Mock/03.PublicService/Female/Experienced/ckmk_q_ps_f_e_239419.wav"},"answer":{"fileFormat":"wav","fileSize":3753358,"duration":117290,"samplingBit":16,"channelCount":1,"samplingRate":"16kHz","audioPath":"/Mock/03.PublicService/Female/Experienced/ckmk_a_ps_f_e_239419.wav"}}}