{"version":"1.0","dataSet":{"info":{"date":"20230116","occupation":"PS","channel":"MOCK","place":"ONLINE","gender":"FEMALE","ageRange":"45-54","experience":"EXPERIENCED"},"question":{"raw":{"text":"본인이 만약에 해외 출장 장소를 직접 선택해서 가볼 수가 있다면 어느 나라에 가서 일하고 싶으신가요 꼭 한 번 가보고 싶은 나라에 대해서 말씀해 주시기 바랍니다","wordCount":25},"emotion":[],"intent":[]},"answer":{"raw":{"text":"어 해외 출장 장소를 선택할 수 있다면 캐나다에 가서 일해보고 싶습니다. 어 캐나다는 아직까지 가보지 않았지만 많은 뭐 선진국들이 있겠지만 캐나다는 인권 면에서 가장 많은 민족들이 모여있고 많은 언어들이 구사되는 나라임에도 불구하고 그렇게 많은 민족들이 함께 섞여 있음에도 불구하고 어 인종차별이나 민족적인 어떤 차별적 응대나 이런 것들이 없고 그리고 장애를 가진 사람이나 뭐 정상적인 사람들 간의 차별도 없고 전반적으로 사회가 굉장히 평등하고 그리고 차별이 없는 사회이기 때문에 그런 차별이 없고 그리고 어 빈부의 격차가 적은 나라에 가서 한 번 그 나라는 어떤 부분들이 내가 살고 있는 세상과 굉장히 다른지 꼭 경험해보고 싶습니다.","wordCount":92},"emotion":[],"intent":[{"text":"","expression":"","category":"attitude"}],"summary":{"text":"해외 출장 장소가 있다면 캐나다에 가서 일해보고 싶습니다. 캐나다는 인권 면에서 가장 많은 민족들이 모여있고 많은 언어들이 구사되는 나라임에도 불구하고 인종차별이나 민족적인 차별적 응대나 이런 것들이 없고 전반적으로 평등하고 차별이 없습니다.","wordCount":31}}},"rawDataInfo":{"question":{"fileFormat":"wav","fileSize":508878,"duration":15900,"samplingBit":16,"channelCount":1,"samplingRate":"16kHz","audioPath":"/Mock/03.PublicService/Female/Experienced/ckmk_q_ps_f_e_186165.wav"},"answer":{"fileFormat":"wav","fileSize":1992398,"duration":62260,"samplingBit":16,"channelCount":1,"samplingRate":"16kHz","audioPath":"/Mock/03.PublicService/Female/Experienced/ckmk_a_ps_f_e_186165.wav"}}}