{"version":"1.0","dataSet":{"info":{"date":"20230116","occupation":"PS","channel":"MOCK","place":"ONLINE","gender":"FEMALE","ageRange":"35-44","experience":"EXPERIENCED"},"question":{"raw":{"text":"지금까지 살면서 전혀 새로운 환경에서 아예 몰랐던 일을 맡아서 해 본 경험이 있다면 그 경험에 대해서 소개해 주세요","wordCount":18},"emotion":[],"intent":[]},"answer":{"raw":{"text":"음 제가 지금까지 살아오면서 새로운 환경에서 전혀 몰랐던 일을 맡아서 경험을 한 적이 있는데 제가 호주에서 어떤 훈련 프로그램을 할 때 어 제가 해보지 못한 땅을 판다던지 요리를 한다던지 또 다른 팀원들과 어떤 어 행사들을 주최하고 나누는 것이었습니다. 처음에는 어 어색해서 거부감도 있었고 제 이야기를 솔직하게 하는 것에 대해서 음 꺼리낌이 있었는데 다른 팀원들이 이야기를 하는 것을 보고 음 마음이 열렸고 그것들을 어 제 마음을 이야기하고 제 힘든 점을 이야기하는 것을 음 어 이제는 어 솔직하게 할 수 있게 되었습니다. 그리고 또 어 요리를 그때는 한 번도 하지 않았는데 어 요리하는 부서에 들어가서 어 요리를 하고 팀원들과 함께 어 팀장의 지시를 따라서 그것들을 수행을 했습니다. 어 그것들이 처음에는 새롭고 낯선 경험이었지만 어 그것들을 하면서 같이 함께 하는 것에 대한 기쁨을 맛보았고 새로운 곳에서 다른 사람들을 위해서 봉사한다는 자체가 기쁨으로 느껴졌습니다. 그리고 또 땅을 파고 어 땅을 개간하는 일을 잠깐 했는데 그곳에서도 어 더운 가운데 있었지만 그것들이 어 일에 보람을 느끼게 되었고 그것들이 재미있고 협력하는 것이 어 가치롭고 재미있다는 것을 깨달아서 어 기쁜 마음으로 할 수 있었습니다.","wordCount":166},"emotion":[{"text":"어 그것들이 처음에는 새롭고 낯선 경험이었지만 어 그것들을 하면서 같이 함께 하는 것에 대한 기쁨을 맛보았고 새로운 곳에서 다른 사람들을 위해서 봉사한다는 자체가 기쁨으로 느껴졌습니다.","expression":"p-happiness","category":"positive"},{"text":"그리고 또 땅을 파고 어 땅을 개간하는 일을 잠깐 했는데 그곳에서도 어 더운 가운데 있었지만 그것들이 어 일에 보람을 느끼게 되었고 그것들이 재미있고 협력하는 것이 어 가치롭고 재미있다는 것을 깨달아서 어 기쁜 마음으로 할 수 있었습니다.","expression":"p-happiness","category":"positive"}],"intent":[{"text":"","expression":"","category":"attitude"}],"summary":{"text":"새로운 환경에서 전혀 몰랐던 일을 맡아서 경험을 한 적이 있는데 호주에서 훈련 프로그램을 할 때 다른 팀원들과 어떤 행사들을 주최하고 나누는 것이었습니다. 처음에는 어 어색해서 거부감이 들었지만 다른 팀원들이 이야기를 하는 것을 보고 마음을 열고 어 힘든 점을 이야기하는 것을 이제는 어 솔직하게 할 수 있게 되었습니다.","wordCount":47}}},"rawDataInfo":{"question":{"fileFormat":"wav","fileSize":306958,"duration":9590,"samplingBit":16,"channelCount":1,"samplingRate":"16kHz","audioPath":"/Mock/03.PublicService/Female/Experienced/ckmk_q_ps_f_e_241044.wav"},"answer":{"fileFormat":"wav","fileSize":3804878,"duration":118900,"samplingBit":16,"channelCount":1,"samplingRate":"16kHz","audioPath":"/Mock/03.PublicService/Female/Experienced/ckmk_a_ps_f_e_241044.wav"}}}