{"version":"1.0","dataSet":{"info":{"date":"20230116","occupation":"PS","channel":"MOCK","place":"ONLINE","gender":"FEMALE","ageRange":"55-","experience":"EXPERIENCED"},"question":{"raw":{"text":"휴식을 취할 때는 주로 어떤 일들을 하시나요 왜 그 일을 하며 휴식을 취하는지 그 이유도 함께 설명해 주시길 바랍니다","wordCount":19},"emotion":[],"intent":[]},"answer":{"raw":{"text":"저는 드라마 보기를 참 좋아합니다. 그래서 시간이 날 때마다 좋아하는 드라마를 어 한꺼번에 몰아보기를 하거나 그러면 시간을 많이 보낼 수 있고요. 그 두 번째로는 휴식을 취할 때 주로 어 두 세 시간씩 잠을 자거나 해서 피로를 없애 주는 일을 합니다. 그 이유가 어 즐거운 일을 하는 거는 드라마를 보면서 즐거움을 느끼고 잠을 잠으로써 어 휴식을 하게 되요. 피곤을 풀 수 있는 거기 때문에 건강에도 좋기 때문입니다.","wordCount":66},"emotion":[{"text":"그 이유가 어 즐거운 일을 하는 거는 드라마를 보면서 즐거움을 느끼고 잠을 잠으로써 어 휴식을 하게 되요.","expression":"p-happiness","category":"positive"}],"intent":[{"text":"","expression":"","category":"attitude"}],"summary":{"text":"저는 드라마 보기를 좋아합니다. 그리고 휴식을 취할 때 주로 두 세 시간씩 잠을 자거나 해서 피로를 없애 주는 일을 합니다. 그 이유가 드라마 시청이 피로를 풀 수 있기 때문입니다.","wordCount":29}}},"rawDataInfo":{"question":{"fileFormat":"wav","fileSize":559438,"duration":17480,"samplingBit":16,"channelCount":1,"samplingRate":"16kHz","audioPath":"/Mock/03.PublicService/Female/Experienced/ckmk_q_ps_f_e_234644.wav"},"answer":{"fileFormat":"wav","fileSize":1204238,"duration":37630,"samplingBit":16,"channelCount":1,"samplingRate":"16kHz","audioPath":"/Mock/03.PublicService/Female/Experienced/ckmk_a_ps_f_e_234644.wav"}}}