{"version":"1.0","dataSet":{"info":{"date":"20230116","occupation":"PS","channel":"MOCK","place":"ONLINE","gender":"FEMALE","ageRange":"45-54","experience":"EXPERIENCED"},"question":{"raw":{"text":"업무를 하게 되면 자료를 문서화 할 일이 굉장히 많습니다 문서화 작업이 왜 필요하다고 생각하는지 말씀해 주실 수 있으실까요","wordCount":18},"emotion":[],"intent":[]},"answer":{"raw":{"text":"모든 일을 하게 되면 그 자료는 문서화 해야 한다고 생각합니다. 그 일을 맡고 있는 사람은 그 당시에 자기가 책임지고 일을 하고 있었기 때문에 그 일에 대해서 잘 알 수 있을런지는 모르겠지만 다른 사람들은 그 일에 대해서 전혀 모르게 됩니다. 때로는 그 일을 끝까지 제가 하는 경우도 있지만 중간에 이직을 하거나 아니면 뭐 다른 부서로 배치가 난다던가 이런 경우에는 어 일을 중간에 끝내지 못하고 어 옮겨야 될 경우도 있는데 이런 경우에 후임자의 경우 문서화 되어 있지 않은 일들을 하게 되면 어 어떻게 일이 진행되었는지 전혀 모르기 때문에 처음부터 다시 버벅거릴 수 밖에 없습니다. 이 외에도 문서화를 필요로 하는 일들은 너무 많고 자기 자신 스스로도 일을 해 놓고 어 까먹을 수 있고 잊어버릴 수 있기 때문에 항상 모든 자료는 문서화 해야 되고 기록에 남겨두어야 한다고 생각합니다.","wordCount":124},"emotion":[],"intent":[{"text":"","expression":"","category":"attitude"}],"summary":{"text":"모든 일을 하게 되면 그 자료는 문서화 해야 한다고 생각합니다. 문서화가 필요한 일들은 너무 많고 자기 자신 스스로도 일을 해 놓고 어 잊어버릴 수 있기 때문에 항상 모든 자료는 문화 해야 되고 기록에 남겨두어야 한다고 생각합니다.","wordCount":36}}},"rawDataInfo":{"question":{"fileFormat":"wav","fileSize":393998,"duration":12310,"samplingBit":16,"channelCount":1,"samplingRate":"16kHz","audioPath":"/Mock/03.PublicService/Female/Experienced/ckmk_q_ps_f_e_183198.wav"},"answer":{"fileFormat":"wav","fileSize":2538958,"duration":79340,"samplingBit":16,"channelCount":1,"samplingRate":"16kHz","audioPath":"/Mock/03.PublicService/Female/Experienced/ckmk_a_ps_f_e_183198.wav"}}}