{"version":"1.0","dataSet":{"info":{"date":"20230116","occupation":"PS","channel":"MOCK","place":"ONLINE","gender":"FEMALE","ageRange":"55-","experience":"EXPERIENCED"},"question":{"raw":{"text":"지원자님께서 과거에 일을 하시면서 고객에 불만이나 클레임을 해결한 경험이 있다면 당시 어떻게 대처하셨는지 말씀해 주세요","wordCount":15},"emotion":[],"intent":[]},"answer":{"raw":{"text":"제가 전에 있었던 직장에서는 소비자 상담실이라고 일 삼 칠 이 상담실을 운영하고 있었습니다. 제가 상담사로서 어 아웃 바운드가 아닌 인바운드 상담을 대부분 진행했는데요. 그 상담의 내용은 소비자가 산 물건에 대한 불만과 클레임을 어떻게 그 물건을 만든 회사에다가 전달해서 서로 그 중재해서 소비자의 불만을 없애는 경우였습니다. 예를 들어 버섯을 샀는데 버섯이 약간 상해 있었다 그러면 당연히 고객의 입장에서 불만을 들어 드려야겠죠. 재빠른 시간 내에 그 만든 회사와 연락해서 소비자가 손해보지 않도록 신속한 응대와 잘 들어주는 경청으로 소비자의 마음을 움직였던 것 같습니다.","wordCount":80},"emotion":[],"intent":[{"text":"그 상담의 내용은 소비자가 산 물건에 대한 불만과 클레임을 어떻게 그 물건을 만든 회사에다가 전달해서 서로 그 중재해서 소비자의 불만을 없애는 경우였습니다.","expression":"p_voc","category":"technology"},{"text":"재빠른 시간 내에 그 만든 회사와 연락해서 소비자가 손해보지 않도록 신속한 응대와 잘 들어주는 경청으로 소비자의 마음을 움직였던 것 같습니다.","expression":"p_voc","category":"technology"}],"summary":{"text":"인바운드 상담의 대부분은 소비자가 산 물건에 대한 불만과 클레임을 어떻게 그 물건을 만든 회사에다가 전달해서 서로 그 중재해서 소비자의 불만을 없애는 경우였습니다.","wordCount":22}}},"rawDataInfo":{"question":{"fileFormat":"wav","fileSize":487118,"duration":15220,"samplingBit":16,"channelCount":1,"samplingRate":"16kHz","audioPath":"/Mock/03.PublicService/Female/Experienced/ckmk_q_ps_f_e_247480.wav"},"answer":{"fileFormat":"wav","fileSize":2018638,"duration":63080,"samplingBit":16,"channelCount":1,"samplingRate":"16kHz","audioPath":"/Mock/03.PublicService/Female/Experienced/ckmk_a_ps_f_e_247480.wav"}}}