{"version":"1.0","dataSet":{"info":{"date":"20230116","occupation":"PS","channel":"MOCK","place":"ONLINE","gender":"FEMALE","ageRange":"45-54","experience":"EXPERIENCED"},"question":{"raw":{"text":"국가철도공단이 앞으로 추진했으면 하는 사업이나 사회 공헌 활동이 있으시나요 만약 있으시다면 무엇인지 말씀 부탁드립니다","wordCount":14},"emotion":[],"intent":[]},"answer":{"raw":{"text":"어 국가철도공단이 이제까지도 어 많은 어 철도 사업을 통해서 국가 철도망 구축 계획을 추진해 오고 있고 그리고 그 결과로 어 국가 전체가 일일 생활권에 진입해서 어디든지 빠르게 수도권으로 진입할 수 있게 여태까지 사업을 잘 해오고 있지만 앞으로 그 사업들이 지방에 어 지방과의 어떤 균형 있는 발전을 위한 쪽으로 더 좀 더 세분화되어서 지방에서 어 수도권까지 이어지는 철도망이 어 좀 더 어 세분화되고 좀 더 어 효율적으로 이용이 되어서 어 지방의 인구 감소라든지 이런 것에 대한 어 충분한 고민을 통해서 어 균형 발전을 이뤄가는데 좀 주도적인 역할을 해야 된다 라는 생각입니다. 어 특별히 이제 어 철도가 많이 놓여진 수도권 중심으로만 너무 발전이 집약되어 있으면 어 지방의 일자리 감소나 이런 부분에도 문제가 크게 대두되기 때문에 좀 골고루 발전하는 어 철도 구축이 됐으면 합니다.","wordCount":121},"emotion":[],"intent":[{"text":"","expression":"","category":"attitude"}],"summary":{"text":"국가철도공단이 많은 철도 사업을 통해 국가 철도망 구축 계획을 추진해오고 있습니다. 앞으로 그 사업들이 지방에 좀 더 세분화되어 지방과의 균형 발전을 이뤄야하는데 주도적인 역할을 해야 됩니다. 특히 수도권 중심으로만 발전이 집약되어 있으면 지방 일자리 감소 등 문제가 나타나므로 골고루 발전하는 철도 구축이 됐으면 합니다.","wordCount":44}}},"rawDataInfo":{"question":{"fileFormat":"wav","fileSize":398158,"duration":12440,"samplingBit":16,"channelCount":1,"samplingRate":"16kHz","audioPath":"/Mock/03.PublicService/Female/Experienced/ckmk_q_ps_f_e_209038.wav"},"answer":{"fileFormat":"wav","fileSize":2894798,"duration":90460,"samplingBit":16,"channelCount":1,"samplingRate":"16kHz","audioPath":"/Mock/03.PublicService/Female/Experienced/ckmk_a_ps_f_e_209038.wav"}}}