{"version":"1.0","dataSet":{"info":{"date":"20230116","occupation":"PS","channel":"MOCK","place":"ONLINE","gender":"FEMALE","ageRange":"35-44","experience":"EXPERIENCED"},"question":{"raw":{"text":"어 지원자님께서는 평소에 개인 작업을 많이 하시는 편인가요 어 많이 하시는 편이라면 개인 작업을 많이 할 수 있는 원동력은 무엇인가요","wordCount":20},"emotion":[],"intent":[]},"answer":{"raw":{"text":"저는 제가 하는 개인 작업을 많이 하는 편인데 그것들을 하는 것은 음 단기적인 계획을 세워서 시간 관리를 하는 것입니다. 단순히 어 일을 할 때 개인 작업을 할 때 단순 노동이 많고 일을 똑같이 진행을 해서 음 지루해 질 수 있는데 제가 하루에 할 수 있는 양과 한 시간 동안 할 수 있는 양을 계획을 해서 측정을 해 본 후에 그것들을 더 할 수 있는지 방법을 생각을 하고 어 그래서 제가 어느 정도 할 수 있다는 것을 알기 때문에 돈을 어느 정도 벌 수 있겠다고 생각을 해서 더 많은 노력을 할 수 있는 것 같습니다. 그 제가 단기적으로 계획을 세우고 또 한 달간 어느 정도 해야 하는지 어 그것들을 어 계획을 짜서 하는 편입니다. 그래서 그렇게 될 때 제가 아무 것도 어디에 있는지 모르는 속에서 걱정과 근심하기보다는 음 혹은 제가 걱정하는 부분에 대해서 생각하지 않고 제가 이것들을 그냥 꾸준하게 해 나갈 때 제가 어 계획을 세운 부분을 할 때 어느 정도 조달할 것이라는 것을 예측을 해서 어느 정도의 결과를 산출하겠다는 뭐 기대를 가지고 아무런 걱정이 없는 상태에서 평온함을 유지하면서 그것들을 해 나갈 수 있습니다. 그리고 제가 말하는 스킬이나 말하는 방법에 있어서 고쳐야할 점이 평상시에 느꼈던 것을 어 수정을 하고 말하는 속도를 음 더 천천히 해서 어 전달력을 높이려고 노력을 하고 있습니다.","wordCount":200},"emotion":[],"intent":[{"text":"","expression":"","category":"attitude"}],"summary":{"text":"저는 단기적인 계획을 세워 시간 관리를 하는 편입니다. 단기적으로 계획을 세우고 한 달 동안 어느 정도 해야 하는지 그것들을 짜서 하는 편인데, 그렇게 될 때 걱정과 근심보다는 제가 이것들을 꾸준하게 해 나갈 때 어느 정도 조달할 것이라는 것을 예측을 해서 어느 정도의 결과를 산출하겠다는 기대를 가지고 아무 걱정이 없는 상태에서 평온함을 유지하면서 그것들을 해 나갈 수 있습니다.","wordCount":57}}},"rawDataInfo":{"question":{"fileFormat":"wav","fileSize":385678,"duration":12050,"samplingBit":16,"channelCount":1,"samplingRate":"16kHz","audioPath":"/Mock/03.PublicService/Female/Experienced/ckmk_q_ps_f_e_244030.wav"},"answer":{"fileFormat":"wav","fileSize":3831758,"duration":119740,"samplingBit":16,"channelCount":1,"samplingRate":"16kHz","audioPath":"/Mock/03.PublicService/Female/Experienced/ckmk_a_ps_f_e_244030.wav"}}}