{"version":"1.0","dataSet":{"info":{"date":"20230116","occupation":"PS","channel":"MOCK","place":"ONLINE","gender":"FEMALE","ageRange":"35-44","experience":"EXPERIENCED"},"question":{"raw":{"text":"지원자분께 질문 하나 하겠습니다 현재 심각한 사회 문제가 있는데요 이러한 것에 대해서 하나만 말씀해 보신다면 어떤 것이 있겠습니까","wordCount":18},"emotion":[],"intent":[]},"answer":{"raw":{"text":"지금 현존하는 사회 문제는 이제 그 미국에 달러 문제 인플레이션 잡기 위해서 어 지금 환율이 엄청 뛰었잖아요. 그래 그렇기 때문에 이제 그게 세계 경제에도 영향을 많이 미쳐서 우리나라도 지금 고물가 그리고 고환율 고이자 삼 고 라고 이제 표현을 하잖아요. 그래서 부동산도 지금 엄청 시장이 얼어있고 그리고 제 주위에 이제 뭐 청약이 당첨됐거나 아니면 뭐 이 길을 어떻게 이 구해야 되거나 뭐 이런 친구들을 보면 저도 그렇지만 그 이자가 변동금리 있는데 갑자기 너무 많이 올라서 어 그 부분이 좀 많이 어 다들 이제 이야기하면 항상 이제 화두가 되는 것 같애요. 그리고 그로 인해 이제 그런 지갑을 열기가 조금은 좀 어려워진 부분들 어 이런 부분들이 어 경제의 문제가 결국엔 사회 문제로 또 연결되니까요. 저는 이것 또한 사회 문화라고 생각을 해요.","wordCount":118},"emotion":[],"intent":[{"text":"","expression":"","category":"attitude"}],"summary":{"text":"현대는 미국에 달러 문제, 인플레이션을 잡기 위해 환율이 많이 올랐기 때문에 고물가, 고환율 고이자 3고 라고 합니다. 그래서 부동산도 시장이 얼었고, 청약에 대한 이자가 많이 올랐습니다. 그로 인해 지갑을 열기 어려워진 부분들이 사회 문제로 연결되기도 합니다.","wordCount":36}}},"rawDataInfo":{"question":{"fileFormat":"wav","fileSize":472398,"duration":14760,"samplingBit":16,"channelCount":1,"samplingRate":"16kHz","audioPath":"/Mock/03.PublicService/Female/Experienced/ckmk_q_ps_f_e_193198.wav"},"answer":{"fileFormat":"wav","fileSize":2723598,"duration":85110,"samplingBit":16,"channelCount":1,"samplingRate":"16kHz","audioPath":"/Mock/03.PublicService/Female/Experienced/ckmk_a_ps_f_e_193198.wav"}}}