{"version":"1.0","dataSet":{"info":{"date":"20230116","occupation":"PS","channel":"MOCK","place":"ONLINE","gender":"FEMALE","ageRange":"45-54","experience":"EXPERIENCED"},"question":{"raw":{"text":"평소에 지원자님은 검색을 자주 하시는 편이실까요 어떤 검색을 주로 하시는지 그리고 그 검색을 왜 하시는지 궁금합니다 말씀 부탁드립니다","wordCount":18},"emotion":[],"intent":[]},"answer":{"raw":{"text":"검색을 자주 합니다. 수시로 합니다. 왜냐면은 뭐 너무나 많은 정보들이 있고 그 정보가 참인지 거짓인지 확인을 해야 되는 상황들이 많아서 그리고 제가 그게 참인지 거짓인지 사실인지를 확인하는 것에 어 정보 검색을 합니다. 그리고 예를 들어 어 물건을 하나 살 때도 그 물건은 제 가격을 주고 사는 건지 그 물건이 그만한 가치가 있는지는 어 다른 그 검색을 통해서 가족들이 비교해 볼 수 있고 그리고 어떤 사실을 누가 강하게 주장하고 이게 맞다 라고 했을 때 그 부분을 제가 알고 있는 것이 틀리다면 그 사람이 강하게 강하게 너의 의견이 틀리고 내가 맞다 라고 하지 않고 그 즉석에서 검색을 해서 어떤 의견이 맞는지 그것도 검색해서 한 가지를 보는 게 여러 가지 정보 정보들을 주로 쭉 어 눈으로 훑어보고 바로 어떤 것이 사실인지 캐치하려고 노력하는 편입니다. 그래서 그 과정이 검색을 하다보면은 어 그걸 알아내는 과정도 굉장히 빨라지고 일의 효율도 높아지고 그리고 쓸데없는 논쟁거리를 만들지 않기 때문에 사실 확인되는 모색으로 주로 하는 편입니다.","wordCount":147},"emotion":[],"intent":[{"text":"","expression":"","category":"attitude"}],"summary":{"text":"많은 정보들과 그 정보가 참인지 거짓인지 확인을 해야 되는 상황들이 많아서 수시로 검색을 합니다. 여러 가지 정보 정보들을 주로 눈으로 훑어보고 바로 어떤 것이 사실인지 캐치하려고 노력하는 편입니다. 검색을 하다보면은 사실 확인되는 모색으로 주로 하는 편입니다.","wordCount":36}}},"rawDataInfo":{"question":{"fileFormat":"wav","fileSize":543758,"duration":16990,"samplingBit":16,"channelCount":1,"samplingRate":"16kHz","audioPath":"/Mock/03.PublicService/Female/Experienced/ckmk_q_ps_f_e_185838.wav"},"answer":{"fileFormat":"wav","fileSize":2346318,"duration":73320,"samplingBit":16,"channelCount":1,"samplingRate":"16kHz","audioPath":"/Mock/03.PublicService/Female/Experienced/ckmk_a_ps_f_e_185838.wav"}}}