{"version":"1.0","dataSet":{"info":{"date":"20230116","occupation":"PS","channel":"MOCK","place":"ONLINE","gender":"FEMALE","ageRange":"35-44","experience":"EXPERIENCED"},"question":{"raw":{"text":"입사 후에 쉬운 일과 어려운 일이 있을 때 일에 대한 분배를 어떻게 하실 생각이십니까 어떻게 나눠서 처리할 생각이신지 궁금합니다","wordCount":19},"emotion":[],"intent":[]},"answer":{"raw":{"text":"어 저는 입사 후에 쉬운 일과 어려운 일이 있는데 이 일에 대한 분배를 어떻게 할 것인지에 대해서 이야기를 하자면 저는 뭐 최대한 어려운 일을 먼저 하고 쉬운 일은 나중에 할 생각입니다. 어 하지만 또 우선순위를 매겨야 하기 때문에 어 가장 급한 일을 먼저 할 것이고 음 최대한 어 우선 순위를 제가 정할 수 있다면 어 급하고 어려운 일을 먼저 하겠습니다. 왜냐하면 처음에는 뭐 에너지가 아직 많이 있고 어려운 일을 할 때는 감정 소모나 혹은 체력적으로나 혹은 관계적으로 부딪쳐야 할 일 들이 생길 수도 있고 어 문제 상황이 발생할 수 있기 때문에 그거에 대체 어 하는 시간도 필요합니다. 그래서 그것들을 어 가지고 있는 에너지를 가지고 먼저 수행을 하고 어 가벼운 마음으로 쉬운 일을 그 때 능률이 더 오를 수 있다고 생각을 합니다. 어 하지만 반대로 어려운 일을 나중에 하게 되면 미룰 수 있게 되고 어 쉬운 것부터 찾아서 하려고 하는 그런 습관을 가지기 때문에 그것은 어 일의 효율적인 일의 효율이 떨어질 수 있다고 생각을 합니다. 그래서 가장 어렵고 급한 일을 먼저 해서 시간 분배를 할 것이고 또 제가 시간 관리를 어 단기적으로 계획을 세워 단기적으로 그리고 장기적으로 계획을 세워서 어 제가 어 시간을 효율적으로 사용을 하고 제가 어느 정도 하고 있는지 제가 안 상태에서 그것을 어 진행을 해서 백업을 하겠습니다.","wordCount":199},"emotion":[],"intent":[{"text":"","expression":"","category":"attitude"}],"summary":{"text":"저는 입사 후에 가장 어려운 일을 먼저 하고 쉬운 일은 나중에 할 계획입니다. 우선 순위를 정할 수 있다면 가장 급한 일을 먼저 할 것이고 그 이유는 에너지가 많이 있고 어려운 일을 할 때는 감정 소모나 체력적으로나 문제 상황이 발생할 수 있기 때문입니다. 하지만 어려운 일을 나중에 하게 되면 미룰 수 있게 되고 쉬운 것부터 하려고 하는 습관을 가지기 때문에 효율적인 일의 효율이 떨어질 수 있습니다.","wordCount":65}}},"rawDataInfo":{"question":{"fileFormat":"wav","fileSize":407438,"duration":12730,"samplingBit":16,"channelCount":1,"samplingRate":"16kHz","audioPath":"/Mock/03.PublicService/Female/Experienced/ckmk_q_ps_f_e_241719.wav"},"answer":{"fileFormat":"wav","fileSize":3767438,"duration":117730,"samplingBit":16,"channelCount":1,"samplingRate":"16kHz","audioPath":"/Mock/03.PublicService/Female/Experienced/ckmk_a_ps_f_e_241719.wav"}}}