{"version":"1.0","dataSet":{"info":{"date":"20230116","occupation":"PS","channel":"MOCK","place":"ONLINE","gender":"FEMALE","ageRange":"55-","experience":"EXPERIENCED"},"question":{"raw":{"text":"본인이 생각했을 때 본인의 노년은 어떤 모습이었으면 좋을까요 자신이 생각하는 이상적인 노년의 모습을 말씀해 주세요","wordCount":15},"emotion":[],"intent":[]},"answer":{"raw":{"text":"음 가능하다면 어 여전히 아이들의 곁에 있었으면 좋겠어요 네 가능하다면. 제 체력적으로도 그렇고 어 환경적으로도 그게 가능할 수 있다면 어 제가 나이가 먹어서도 그때 제가 도움을 줄 수 있는 그 글쎄요 또 이렇게 생각해보니까 누가 누굴 돕는 건지도 모를 수도 있겠지만 그래서 조금이라도 어 어른으로서 울타리가 되어 줄 수 있는 어른이 한 사람이라도 옆에 있다는 거를 네 그게 어른으로서 아이들에게 조금 주입이 되어야 될 어떤 이미지가 아닐까 하는 생각이 들어요. 그래서 제가 닿는 한 힘이 닿는 한 그랬으면 좋겠고 그랬으면 좋겠어요. 네 아이들의 곁에 조금 오래 머물 수 있었으면 좋겠어요.","wordCount":90},"emotion":[{"text":"제 체력적으로도 그렇고   어 환경적으로도 그게 가능할 수 있다면 어 제가 나이가 먹어서도   그때 제가 도움을 줄 수 있는 그 글쎄요 또 이렇게 생각해보니까 누가 누굴 돕는 건지도 모를 수도 있겠지만   그래서 조금이라도 어 어른으로서   울타리가 되어 줄 수 있는 어른이 한 사람이라도 옆에 있다는 거를   네 그게 어른으로서 아이들에게   조금 주입이 되어야 될 어떤 이미지가 아닐까 하는 생각이 들어요.","expression":"u-belief","category":"neutral"}],"intent":[{"text":"","expression":"","category":"attitude"}],"summary":{"text":"아이들의 울타리가 되어 줄 수 있는 어른이 한 사람이라도 옆에 있다는 것을 네 어른으로서 아이들에게 주입시켜야 될 어떤 이미지가 아닐까 하는 생각이 듭니다.","wordCount":23}}},"rawDataInfo":{"question":{"fileFormat":"wav","fileSize":333518,"duration":10420,"samplingBit":16,"channelCount":1,"samplingRate":"16kHz","audioPath":"/Mock/03.PublicService/Female/Experienced/ckmk_q_ps_f_e_178026.wav"},"answer":{"fileFormat":"wav","fileSize":2819278,"duration":88100,"samplingBit":16,"channelCount":1,"samplingRate":"16kHz","audioPath":"/Mock/03.PublicService/Female/Experienced/ckmk_a_ps_f_e_178026.wav"}}}