{"version":"1.0","dataSet":{"info":{"date":"20230116","occupation":"PS","channel":"MOCK","place":"ONLINE","gender":"FEMALE","ageRange":"55-","experience":"EXPERIENCED"},"question":{"raw":{"text":"지원자님의 단점이 있다면 말씀해 주시고 이를 보완하기 위해서 어떠한 노력을 했는지 함께 말씀해 주십시오","wordCount":14},"emotion":[],"intent":[]},"answer":{"raw":{"text":"그렇게 큰 단점은 없다고 생각하는데 어 일단 정년퇴직을 했으므로 어 만 육십 오 세 이상이 되었다는 거는 어 조금은 건강이 부족할 수도 있으므로 건강에 문제가 없도록 이 직장을 이 회사 일을 열심히 끝까지 잘 해낼 수 있도록 건강을 책임지도록 하고요. 이걸 보완하기 위해서 열심히 운동하고 노력하려고 합니다. 그리고 어 그 외에 단점이 있다면 어 조금은 어 젊은 직원보다 빨리빨리 잘 할 수 있는 게 없을 것일 수 있습니다. 그럴 경우에 대비해서 조금은 늦더라도 정확하고 확실하게 업무를 해 나갈 수 있도록 노력하겠습니다. 그리고 뭐든 뭐 단점이라고 하면 어 조금은 어 배려할 수 있는 마음을 많이 가지도록 하고 혹시라도 제가 상대방의 말을 제대로 잘 듣지 못하거나 어 들으려고 하지 않았다면 그게 단점이 될 수 있겠습니다. 이걸 보완하기 위해서 열심히 눈을 마주 보고 잘 들을 수 있도록 그렇게 노력하고 있습니다.","wordCount":127},"emotion":[],"intent":[{"text":"","expression":"","category":"attitude"}],"summary":{"text":"정년퇴직을 했으므로 만 60세 이상이 되었다는 것은 건강에 문제가 없도록 건강을 책임지도록 하며, 젊은 직원보다 빨리 빨리 할 수 있는 게 없을 것일 수 있으니 그때그때 정확하게 업무를 해 나갈 수 있도록 노력하겠습니다. 또 어떤 단점이든 배려할 수 있는 마음을 가지도록 하겠습니다.","wordCount":42}}},"rawDataInfo":{"question":{"fileFormat":"wav","fileSize":332878,"duration":10400,"samplingBit":16,"channelCount":1,"samplingRate":"16kHz","audioPath":"/Mock/03.PublicService/Female/Experienced/ckmk_q_ps_f_e_245288.wav"},"answer":{"fileFormat":"wav","fileSize":2600718,"duration":81270,"samplingBit":16,"channelCount":1,"samplingRate":"16kHz","audioPath":"/Mock/03.PublicService/Female/Experienced/ckmk_a_ps_f_e_245288.wav"}}}