{"version":"1.0","dataSet":{"info":{"date":"20230116","occupation":"PS","channel":"MOCK","place":"ONLINE","gender":"FEMALE","ageRange":"-34","experience":"EXPERIENCED"},"question":{"raw":{"text":"과거에 직면한 어려운 문제를 해결하기 위해서 어 어떤 아이디어를 제안을 했고 또 무엇을 하셨는지 그 과정을 좀 말씀해 주십시오","wordCount":19},"emotion":[],"intent":[]},"answer":{"raw":{"text":"과거 친구와 함께 온라인 쇼핑몰을 운영했던 경험들이 있습니다. 그때 당시에 저희가 겪었던 문제는 우리가 상품을 스무 개 이상 올려놓았지만 이 상품들이 팔리지 않는다는 매출 매출 문제였는데요. 이런 매출 저하 현상을 극복하기 위해서 저는 마케팅을 우리가 한번 해보자 어 에스엔에스를 통한 마케팅을 우리가 계속 진행을 한다 라면은 지금 당장은 반응이 오지 않을지라도 분명히 어느 순간에 상품이 잘 팔리게 될 수 있을 것이다 라고 말을 했었습니다. 친구 역시도 이 부분에 대해서 굉장히 공감을 했고 저는 처음에 인스타 그램을 통해서 마케팅을 진행했었습니다. 그렇지만 생각을 해보니 인스타그램보다는 블로그가 조금 더 신뢰가 있을 것 신뢰가 있을 것 같애서 신뢰성을 위해서 블로그 마케팅을 한 번 진행을 해 보았고요. 실제로 이 부분들에 대해서 소비자들도 긍정적으로 생각을 하게 되어서 매출이 한 삼 개월 후에는 더 잘 나왔었던 경험이 있습니다.","wordCount":121},"emotion":[],"intent":[{"text":"","expression":"","category":"attitude"}],"summary":{"text":"과거 온라인 쇼핑몰을 운영했던 경험들이 있습니다. 매출 저하 현상을 극복하기 위해서 소셜미디어를 통한 마케팅을 진행했다면 어느 순간에 상품이 잘 팔리게 될 수 있을 것이라고 했습니다. 그래서 인스타그램보다는 블로그 마케팅을 한 번 진행해 보았는데 소비자들이 긍정적으로 생각을 하게 되어서 매출이 더 잘 나왔습니다.","wordCount":42}}},"rawDataInfo":{"question":{"fileFormat":"wav","fileSize":499918,"duration":15620,"samplingBit":16,"channelCount":1,"samplingRate":"16kHz","audioPath":"/Mock/03.PublicService/Female/Experienced/ckmk_q_ps_f_e_179088.wav"},"answer":{"fileFormat":"wav","fileSize":2682958,"duration":83840,"samplingBit":16,"channelCount":1,"samplingRate":"16kHz","audioPath":"/Mock/03.PublicService/Female/Experienced/ckmk_a_ps_f_e_179088.wav"}}}