{"version":"1.0","dataSet":{"info":{"date":"20230116","occupation":"PS","channel":"MOCK","place":"ONLINE","gender":"FEMALE","ageRange":"55-","experience":"EXPERIENCED"},"question":{"raw":{"text":"규범 준수와 현재 상황은 종종 충돌하곤 합니다 이와 관련하여 지원자님께서 직접 경험한 관련 경험이 있다면 말씀 부탁드리겠습니다","wordCount":17},"emotion":[],"intent":[]},"answer":{"raw":{"text":"차를 운전할 때 매번 인 것 같은데 빨간 불과 노란불과 파란불이 있을 때 노란불 일 상황에서 먼저 가려는 생각이 급해지는 것 같습니다. 규범 준수가 이런 것인데 노란 불일 때는 일단 우선 멈추 해야 하는데 대부분의 경우 빨리 지나가려고 급히 서둘다 보면 규범을 어기게 됩니다. 현실 상황에서 빨리 가려고 하는 그것은 현실을 적응하는데 너무 자주 그런 법이 많아서 사실은 너무 마음이 좀 잘못한 것인 것 같아서 마음은 안 좋지만 종종 많이 그런 일을 벌이고 있습니다.","wordCount":74},"emotion":[],"intent":[{"text":"","expression":"","category":"attitude"}],"summary":{"text":"대부분의 경우 빨리 지나가려고 급히 서둘다 보면 규범을 어기게 됩니다. 현실 상황에서 빨리 가려고 하는 것은 너무 자주 그런 법이 많아서 마음이 안 좋지만 종종 많이 그런 일을 벌이고 있습니다.","wordCount":30}}},"rawDataInfo":{"question":{"fileFormat":"wav","fileSize":465998,"duration":14560,"samplingBit":16,"channelCount":1,"samplingRate":"16kHz","audioPath":"/Mock/03.PublicService/Female/Experienced/ckmk_q_ps_f_e_244729.wav"},"answer":{"fileFormat":"wav","fileSize":1720398,"duration":53760,"samplingBit":16,"channelCount":1,"samplingRate":"16kHz","audioPath":"/Mock/03.PublicService/Female/Experienced/ckmk_a_ps_f_e_244729.wav"}}}