{"version":"1.0","dataSet":{"info":{"date":"20230116","occupation":"PS","channel":"MOCK","place":"ONLINE","gender":"FEMALE","ageRange":"45-54","experience":"EXPERIENCED"},"question":{"raw":{"text":"면접자님은 혹시 직무를 수행하는 도중에 어떠한 난관에 봉착했다고 칩시다 그렇다면 이것을 어떻게 해결하는지 그리고 해결 방법도 같이 설명해 주세요","wordCount":19},"emotion":[],"intent":[]},"answer":{"raw":{"text":"직무를 수행하다가 어려운 어 난관에 봉착하고 제가 해결할 수 없는 일이 생겼다면 저의 해결 방법은 일단 저는 어 정보를 취합합니다. 정보를 취합하는 데 있어서는 가장 좋은 방법은 회사에 이미 제가 수행하는 데 어려움을 겪는 직무를 앞서서 처리했던 어 정보나 이런 것들이 남아있을 것입니다. 그것들을 충분히 잘 살펴보고 활용해서 어 어 회사의 이전 자료들 공문서화 해 놓은 공문화 해 놓은 자료들을 먼저 충분히 살펴보고 제가 해결할 수 있지 볼 테고 그걸 보고도 잘 이해가 되지 않는다면 그 이외에 자료들을 통해서 또 알려고 노력하실 것입니다. 제가 업무 지식이 부족해서 어 난관에 봉착했다면 분명히 어 정보 규합을 통해서 해결을 할 수 있을 것이고 그래도 이해가 되지 않고 어 도저히 혼자서 해결할 수 있는 일이 아니라면 제 앞에 이 일을 담당했던 혹은 저보다 일을 더 일에 대한 어 업무 능력이나 직무 지식이 더 많은 어 동료에게 도움을 구해서 그 동료의 도움으로 충분히 어 제가 저는 어떻게 이걸 해결해 나가야 될지 답을 찾겠습니다. 어 물론 어려움이 있겠지만 어 해결하는 방 방법도 반드시 이런 식의 여러 가지 방법들을 쓴다면 있을 것이라고 생각하기 때문에 그렇게 할 것입니다.","wordCount":170},"emotion":[],"intent":[{"text":"","expression":"","category":"attitude"}],"summary":{"text":"직무 수행 중 난관에 봉착해 해결할 수 없는 일이 생겼다면 저는 정보를 취합합니다. 그리고 업무를 담당했던 혹은 저보다 업무 능력이나 직무 지식이 더 많은 동료의 도움을 구해서 어 어떻게 해결해 나가야 될지 답을 찾겠습니다.","wordCount":34}}},"rawDataInfo":{"question":{"fileFormat":"wav","fileSize":510798,"duration":15960,"samplingBit":16,"channelCount":1,"samplingRate":"16kHz","audioPath":"/Mock/03.PublicService/Female/Experienced/ckmk_q_ps_f_e_209206.wav"},"answer":{"fileFormat":"wav","fileSize":2897038,"duration":90530,"samplingBit":16,"channelCount":1,"samplingRate":"16kHz","audioPath":"/Mock/03.PublicService/Female/Experienced/ckmk_a_ps_f_e_209206.wav"}}}