{"version":"1.0","dataSet":{"info":{"date":"20230116","occupation":"PS","channel":"MOCK","place":"ONLINE","gender":"FEMALE","ageRange":"55-","experience":"EXPERIENCED"},"question":{"raw":{"text":"사회에서 가장 힘들었던 경험은 언제였습니까 또 가장 보람 있었던 경험은 언제였습니까","wordCount":11},"emotion":[],"intent":[]},"answer":{"raw":{"text":"사회에서 가장 힘들었던 경험요. 다 똑같은 거 같애요. 힘들었던 것도 그렇고 보람 있었던 것도 그렇고 다 그냥 일하면서 만나게 되는 그런 크고 작은 사람들 그런 어떤 사건들로 인한 어떤 감정들인 거 같애요. 사람이 힘들게 하고 결국 또 사람으로 보람을 느끼고 치유받고 그게 내 사회니까. 저도 누군가에게 상처를 줬을 수도 있고 또 누군가에게 제가 조금 그 날의 노동에 있어서 보람된 어떤 요인을 제공했을 사람이 될 수도 있고. 네 많잖아요. 아무래도 저도 서비스직이고 제가 평생 뭐 이렇게 미용일 하면서 했지만 너무나 주관적으로 다 이제 평이 평가가 이루어질 수 있고 마음에 안 드는 분은 막 이게 뭐냐고 바로바로 소리 지르고 돈 안 주고 그냥 바로 떠나버리고 이러시는 분들도 계시고 그 완전 또 반대로 너무너무 감 고맙다 완전 내 스타일이다 하면서 그때부터 단골 고객이 된 분도 계시고 다 너무 제각각인 것 같습니다.","wordCount":128},"emotion":[],"intent":[{"text":"","expression":"","category":"attitude"}],"summary":{"text":"사회에서 가장 힘들었던 경험들은 다 똑같은 거 같습니다. 사람이 힘들게 하고 보람을 느끼고 치유받는게 제 사회니까요. 주관적으로 평가가 이루어질 수 있고 마음에 들지 않는 분들은 바로 소리 지르고 돈 안 주고 바로 떠나버리는 분들도 계십니다. 또 반대로 너무 고맙다 완전 내스타일이다 하면서 단골 고갭기 된 분도 계시고 다 제각각입니다.","wordCount":49}}},"rawDataInfo":{"question":{"fileFormat":"wav","fileSize":316238,"duration":9880,"samplingBit":16,"channelCount":1,"samplingRate":"16kHz","audioPath":"/Mock/03.PublicService/Female/Experienced/ckmk_q_ps_f_e_179686.wav"},"answer":{"fileFormat":"wav","fileSize":2881358,"duration":90040,"samplingBit":16,"channelCount":1,"samplingRate":"16kHz","audioPath":"/Mock/03.PublicService/Female/Experienced/ckmk_a_ps_f_e_179686.wav"}}}