{"version":"1.0","dataSet":{"info":{"date":"20230116","occupation":"PS","channel":"MOCK","place":"ONLINE","gender":"FEMALE","ageRange":"45-54","experience":"EXPERIENCED"},"question":{"raw":{"text":"지원자님께서는 배달의민족을 사용하면서 혹시 서비스에 관해 아쉬웠던 부분이 좀 있으신가요 만약에 있었다면 그 이유가 무엇인지 설명 부탁드립니다","wordCount":17},"emotion":[],"intent":[]},"answer":{"raw":{"text":"배달의 민족 앱을 사용하다 보면 음 제가 자기가 받아야 되는 물건이나 아니면 서비스 그러니까 이제 배달을 제공받아야 될 지역을 선택하게 됩니다. 즉 제가 이제 어 제 주소를 어디에를 어 에이 라는 곳에 넣었다 하면 주문을 할 때에는 그 에이 지역에 근처에 있는 곳들만 거기까지 배달이 가능한 지역들만 일단 우선적으로 먼저 뜨고 제가 비 지역에 갔었을 때는 그 비 지역에 맞게 세팅 돼서 움직이는 게 아니라 그 예전에 에이 라는 지역에 저장되어 있던 저의 정보 위주로 이 이 서비스가 뜨는 점이 가장 아쉬웠습니다. 그래서 에이 지역에서 벗어나서 비 지역에서 이 앱을 사용하려고 하면 다시 비 지역으로 지역을 세팅해야 되고 그 지역을 세팅하다 보면 어 이제 좀 더 시간 낭비하게 되는 고런 점이 가장 아쉬웠다고 생각됩니다.","wordCount":114},"emotion":[],"intent":[{"text":"","expression":"","category":"attitude"}],"summary":{"text":"배달의민족 앱은 지역에 맞게 세팅되지 않고 예전 에이 지역에 저장되어 있던 제 정보 위주로 서비스가 뜬다는 점이 아쉬웠습니다. 비 지역에서 앱을 사용하려면 다시 비 지역으로 지역을 세팅해야 되는데 그렇게 되면 시간이 더 낭비되는 점이 아쉽다고 생각합니다.","wordCount":36}}},"rawDataInfo":{"question":{"fileFormat":"wav","fileSize":480718,"duration":15020,"samplingBit":16,"channelCount":1,"samplingRate":"16kHz","audioPath":"/Mock/03.PublicService/Female/Experienced/ckmk_q_ps_f_e_183202.wav"},"answer":{"fileFormat":"wav","fileSize":2439118,"duration":76220,"samplingBit":16,"channelCount":1,"samplingRate":"16kHz","audioPath":"/Mock/03.PublicService/Female/Experienced/ckmk_a_ps_f_e_183202.wav"}}}