{"version":"1.0","dataSet":{"info":{"date":"20230116","occupation":"PS","channel":"MOCK","place":"ONLINE","gender":"FEMALE","ageRange":"55-","experience":"EXPERIENCED"},"question":{"raw":{"text":"일을 하다 보면 고객을 응대할 일 정말 많습니다 고객 응대에 필요한 세 가지 말씀해 주시기 바라고요 그 이유도 함께 이야기해 주시기 바랍니다","wordCount":22},"emotion":[],"intent":[]},"answer":{"raw":{"text":"고객에 대한 응대에 필요한 세 가지는 경청과 공감과 그리고 해결입니다. 고객이 원하는 말을 잘 들어주어야 그 말로서부터 나오는 그 고객의 소리를 잘 깨우쳐서 공감할 수 있고 그 공감을 통해서 고객에게 고객의 문제를 완전히 해결해 줄 수 있다고 생각합니다. 고객이 어 응대에 불만을 가지면 그 문제를 정확하게 들을 수가 없고 제가 잘 들어야만 고객 자체가 어 충분하게 자신의 의사를 표현해서 그 결과 그 문제 해결에 도움이 될 수 있는 어 포인트를 찝어낼 수 있기 때문입니다.","wordCount":74},"emotion":[],"intent":[{"text":"고객에 대한 응대에 필요한 세 가지는 경청과 공감과 그리고 해결입니다.","expression":"p_cus_belief","category":"technology"},{"text":"고객이 원하는 말을 잘 들어주어야 그 말로서부터 나오는 그 고객의 소리를 잘 깨우쳐서 공감할 수 있고 그 공감을 통해서 고객에게 고객의 문제를 완전히 해결해 줄 수 있다고 생각합니다.","expression":"p_cus_belief","category":"technology"},{"text":"고객이 어 응대에 불만을 가지면 그 문제를 정확하게 들을 수가 없고 제가 잘 들어야만 고객 자체가 어 충분하게 자신의 의사를 표현해서 그 결과 그 문제 해결에 도움이 될 수 있는 어 포인트를 찝어낼 수 있기 때문입니다.","expression":"p_cus_belief","category":"technology"}],"summary":{"text":"고객에 대한 응대에 필요한 세 가지는 경청과 공감, 그리고 해결입니다. 고객이 원하는 말을 잘 들어주어야 그 소리를 잘 깨우쳐서 공감할 수 있고 그 공감을 통해서 고객의 문제를 완전히 해결해 줄 수 있습니다.","wordCount":32}}},"rawDataInfo":{"question":{"fileFormat":"wav","fileSize":434318,"duration":13570,"samplingBit":16,"channelCount":1,"samplingRate":"16kHz","audioPath":"/Mock/03.PublicService/Female/Experienced/ckmk_q_ps_f_e_245205.wav"},"answer":{"fileFormat":"wav","fileSize":1892558,"duration":59140,"samplingBit":16,"channelCount":1,"samplingRate":"16kHz","audioPath":"/Mock/03.PublicService/Female/Experienced/ckmk_a_ps_f_e_245205.wav"}}}