{"version":"1.0","dataSet":{"info":{"date":"20230116","occupation":"PS","channel":"MOCK","place":"ONLINE","gender":"FEMALE","ageRange":"45-54","experience":"EXPERIENCED"},"question":{"raw":{"text":"지원자님의 생각이 아닌 지원자님의 다른 주변 사람들이 생각하는 지원자님의 단점과 장점을 말씀해 주세요","wordCount":13},"emotion":[],"intent":[]},"answer":{"raw":{"text":"제가 생각하는 곳이 아니라 어 다른 사람들이 다른 주변의 사람들이 어 저의 장점과 단점에 대해서 얘기한다면 일단 장점으로는 어 일을 빠르게 처리한다 그리고 어 일을 알려주었을 때 어 금방 금방 배워서 일을 잘 처리하고 정확하게 일을 처리한다 라는 것을 주위 사람들이 아마 아무래도 저에게 가장 큰 장점으로 얘기할 것 같고요. 음 저의 단점으로 다른 사람들이 얘기할 만한 어 거는 일단 무엇보다도 제가 좀 외모적으로 차가운 느낌도 있고 다른 사람에게 좀 쉽게 다가가지 않는 어 그래서 이제 제가 제 속 얘기라던가 이런 거를 다른 사람들에게 제 환경이라던가 이런 개인적인 이야기 하는 것을 별로 즐겨하지 않기 때문에 어 처음에 저한테 다가오는 사람들이 많이 부담감을 갖고 있다고 얘기들을 하시더라고요. 그래서 처음에 다가가기 힘든 게 가장 저의 큰 단점이라고 생각합니다.","wordCount":116},"emotion":[],"intent":[{"text":"음 저의 단점으로 다른 사람들이 얘기할 만한 어 거는 일단 무엇보다도 제가 좀 외모적으로 차가운 느낌도 있고 다른 사람에게 좀 쉽게 다가가지 않는 어 그래서 이제 제가 제 속 얘기라던가 이런 거를 다른 사람들에게 제 환경이라던가 이런 개인적인 이야기 하는 것을 별로 즐겨하지 않기 때문에 어 처음에 저한테 다가오는 사람들이 많이 부담감을 갖고 있다고 얘기들을 하시더라고요.","expression":"c_person","category":"background"}],"summary":{"text":"주변 사람들이 저에 대해 장점으로 꼽은 것은 일을 빠르게 처리하고 정확하게 일을 처리하는 것이며, 단점으로는 외모적으로 차가우며 다가오는 사람들에게 개인적인 얘기를 많이 하지 않아 처음에 다가가기 힘들다는 점을 꼽을 수 있습니다.","wordCount":31}}},"rawDataInfo":{"question":{"fileFormat":"wav","fileSize":389838,"duration":12180,"samplingBit":16,"channelCount":1,"samplingRate":"16kHz","audioPath":"/Mock/03.PublicService/Female/Experienced/ckmk_q_ps_f_e_182935.wav"},"answer":{"fileFormat":"wav","fileSize":2602318,"duration":81320,"samplingBit":16,"channelCount":1,"samplingRate":"16kHz","audioPath":"/Mock/03.PublicService/Female/Experienced/ckmk_a_ps_f_e_182935.wav"}}}