{"version":"1.0","dataSet":{"info":{"date":"20230116","occupation":"PS","channel":"MOCK","place":"ONLINE","gender":"FEMALE","ageRange":"45-54","experience":"EXPERIENCED"},"question":{"raw":{"text":"창의성과 팀워크 중 더 중요하다고 생각하는 것은 무엇입니까 근거도 함께 들어서 말씀해 주세요","wordCount":13},"emotion":[],"intent":[]},"answer":{"raw":{"text":"창의성과 팀워크 중 더 중요한 게 무엇이라고 생각하시 하냐고 하셨는데 일단 창의성과 팀워크를 함께 어 다뤄주셨다는 것은 팀 내에서 팀이 함께 해야 되는 일이라는 것을 어 기저에 깔고 이야기하신 것이라고 생각한 하기 때문에 답변도 역시 팀워크가 기본이 돼야 되는 일 이라면 팀웍이 더 중요합니다. 어 우리가 이제 팀워크로 일을 하는 경쟁 구조에 있는 어떤 대회나 이런 데 참여해 본 경험이 있다면 누구나 인정할 부분인데요. 굉장히 창의적인 아이디어를 누가 냈습니다. 그래도 그 팀이 팀워크가 이뤄지지 않으면 그 창의적인 아이디어는 그냥 아이디어로 끝날 뿐입니다. 하지만 덜 창의적이어도 서로 팀워크가 잘 맞아서 창의적이지 못한 부분도 같이 팀웍을 하다 보면 그게 창의적인 어떤 새로운 방식으로 전환되기도 하고 더 좋은 결과물을 내는 걸 여러 번 봤습니다. 그래서 팀이 함께 힘을 합쳐서 일을 해야 되는 경우에는 어떤 한 두 사람의 창의적인 생각 반짝하고 떠오르는 것이 작업을 해내는 결과물을 가져오지 않고요. 어 팀웍이 잘 이루어져서 그 팀 안에서 서로 의견도 내고 서로 문제해결 해 가는 과정에서 수정도 하고 보완도 하면서 훌륭한 결과물을 낼 수 있다고 생각하기 때문에 팀웍이 더 중요하다고 생각합니다.","wordCount":164},"emotion":[],"intent":[{"text":"창의성과 팀워크 중 더 중요한 게 무엇이라고 생각하시 하냐고 하셨는데 일단 창의성과 팀워크를 함께   어 다뤄주셨다는 것은 팀 내에서 팀이 함께 해야 되는 일이라는 것을 어 기저에 깔고 이야기하신 것이라고 생각한 하기 때문에 답변도 역시 팀워크가 기본이 돼야 되는   일 이라면 팀웍이 더 중요합니다.","expression":"c_cop","category":"personality"},{"text":"어 팀웍이 잘 이루어져서 그 팀 안에서 서로 의견도 내고 서로 문제해결 해 가는 과정에서 수정도 하고 보완도 하면서 훌륭한 결과물을 낼 수 있다고 생각하기 때문에 팀웍이 더 중요하다고 생각합니다.","expression":"c_cop","category":"personality"}],"summary":{"text":"창의성과 팀워크 중 중요한 것이 무엇인지에 대한 질문에 답변도 역시 팀워크가 기본이 돼야 되는 일 이라면 팀웍이 더 중요합니다. 어떤 한 두 사람의 창의적인 생각이 작업을 해내는 결과물을 가져오지 않고, 잘 이루어져서 팀 안에서 서로 의견도 내고 문제해결 해 가는 과정에서 수정도 하고 보완도 하면서 훌륭한 결과물을 낼 수 있다고 생각하기 때문에 팀워크이 더 중요하다고 생각합니다.","wordCount":56}}},"rawDataInfo":{"question":{"fileFormat":"wav","fileSize":313326,"duration":9789,"samplingBit":16,"channelCount":1,"samplingRate":"16kHz","audioPath":"/Mock/03.PublicService/Female/Experienced/ckmk_q_ps_f_e_186021.wav"},"answer":{"fileFormat":"wav","fileSize":2583118,"duration":80720,"samplingBit":16,"channelCount":1,"samplingRate":"16kHz","audioPath":"/Mock/03.PublicService/Female/Experienced/ckmk_a_ps_f_e_186021.wav"}}}