{"version":"1.0","dataSet":{"info":{"date":"20230116","occupation":"PS","channel":"MOCK","place":"ONLINE","gender":"FEMALE","ageRange":"55-","experience":"EXPERIENCED"},"question":{"raw":{"text":"현재 스터디를 따로 하고 계신 게 있나요 만약 있다면 어떤 공부를 하시고 왜 하고 계신지도 함께 말씀해 주시길 바랍니다","wordCount":19},"emotion":[],"intent":[]},"answer":{"raw":{"text":"제가 사회복지사를 일 급을 공부해서 취득하였고 요즘은 사회공헌 일자리에서 취업 상담 직업 상담 전직 상담 생애 설계 상담을 하고 있습니다. 그동안의 경험과 그동안의 노하우로 이십 여 년 비영리 단체에서 일한 그걸 바탕으로 지금은 좀 더 나은 대면 상담의 서비스를 해낼 수 있도록 직업상담사 이 급 자격증 공부를 하고 있습니다. 그래서 현재 직업 생 상담사 이 급 일 차 필기 시험을 합격했으며 차후 이 차 시험을 준비하고 있습니다. 이 공부를 함으로써 어 조금이나마 더 상담 업무에 어 직업 상담 쪽은 별도의 어 전공처럼 되어 있으므로 현재 제가 했던 생애 살다 사 생애 설계 상담과 더불어 어 퇴직 후 어 여기 오십 플라스 센터에서 오고 있는 대면 상담자들에게 좀 더 나은 서비스를 제공하고 저희도 어 자기 계발을 위해서라도 직업상담사 자격증을 꼭 따려고 합니다.","wordCount":121},"emotion":[],"intent":[{"text":"그동안의 경험과 그동안의 노하우로 이십 여 년 비영리 단체에서 일한 그걸 바탕으로 지금은 좀 더 나은 대면 상담의 서비스를 해낼 수 있도록 직업상담사 이 급 자격증 공부를 하고 있습니다.","expression":"c_imp","category":"personality"},{"text":"그래서 현재 직업 생 상담사 이 급 일 차 필기 시험을 합격했으며 차후 이 차 시험을 준비하고 있습니다.","expression":"c_imp","category":"personality"},{"text":"이 공부를 함으로써 어 조금이나마 더 상담 업무에 어 직업 상담 쪽은 별도의 어 전공처럼 되어 있으므로 현재 제가 했던 생애 살다 사 생애 설계 상담과 더불어 어 퇴직 후 어 여기 오십 플라스 센터에서 오고 있는 대면 상담자들에게 좀 더 나은 서비스를 제공하고 저희도 어 자기 계발을 위해서라도 직업상담사 자격증을 꼭 따려고 합니다.","expression":"c_imp","category":"personality"}],"summary":{"text":"직업상담사 자격증을 공부하여 현재 일 차 필기 시험을 합격했으며 차후 이 차 시험을 준비하고 있습니다. 이 공부를 함으로써 퇴직 후 여기 오십 플라스 센터에서 오고 있는 대면 상담자들에게 좀 더 나은 서비스를 제공하고 저희는 자기 계발을 위해서라도 자격증을 꼭 따려고 합니다.","wordCount":41}}},"rawDataInfo":{"question":{"fileFormat":"wav","fileSize":577998,"duration":18060,"samplingBit":16,"channelCount":1,"samplingRate":"16kHz","audioPath":"/Mock/03.PublicService/Female/Experienced/ckmk_q_ps_f_e_245203.wav"},"answer":{"fileFormat":"wav","fileSize":2678478,"duration":83700,"samplingBit":16,"channelCount":1,"samplingRate":"16kHz","audioPath":"/Mock/03.PublicService/Female/Experienced/ckmk_a_ps_f_e_245203.wav"}}}