{"version":"1.0","dataSet":{"info":{"date":"20230116","occupation":"PS","channel":"MOCK","place":"ONLINE","gender":"FEMALE","ageRange":"-34","experience":"EXPERIENCED"},"question":{"raw":{"text":"요즘 학습하고 있는 것이 있나요 있다면 왜 그걸 학습하고 있고 지금까지 무엇을 배웠는지도 말씀해 주세요","wordCount":15},"emotion":[],"intent":[]},"answer":{"raw":{"text":"저는 계속 언어 공부를 하고 있는데 아무래도 저희가 해외에서 업무를 해야 되기 때문에 필수적으로 계속 공부를 하는데 아무래도 영어는 기본이었잖아요. 근데 저의 어떤 주 특성을 살릴 수 있는 주력으로 담당하고 싶은 그런 게 있어서 조금 희소성 있는 언어를 좀 공부하고 싶어 가지고 아랍어를 공부하고 있는데 음 어렵더라구요. 그래서 우리나라에서 아직은 희소하기 때문에 제가 좀 하는 것도 있긴 한데 사실 그만큼 그래서 정보가 많이 없어요. 그래서 유럽 쪽에 많이 이제 아는 사람을 통해서 뭐 서적 같은 거를 구하는 편이긴 한데 현재는 지금 그 아랍어를 공부하고 있구요. 제가 지금까지 공부한 언어를 말씀드리면은 일단은 독일어를 제가 좀 할 수 있고 그리고 일본어 그리고 중국어는 살짝 진짜 기초 회화까지만 가능한 정도입니다. 독일어랑 일본어는 좀 깊숙한 회화까지는 가능한 정도고 이제 아랍어는 중국어보다는 좀 더 잘하고 있는 상태인 것 같아요.","wordCount":124},"emotion":[],"intent":[{"text":"근데 저의 어떤 주 특성을 살릴 수 있는 주력으로 담당하고 싶은 그런 게 있어서 조금 희소성 있는 언어를 좀 공부하고 싶어 가지고 아랍어를 공부하고 있는데 음 어렵더라구요.","expression":"c_imp","category":"personality"},{"text":"그래서 유럽 쪽에 많이 이제 아는 사람을 통해서 뭐 서적 같은 거를 구하는 편이긴 한데 현재는 지금 그 아랍어를 공부하고 있구요.","expression":"c_imp","category":"personality"}],"summary":{"text":"해외에서 업무를 하기 위해 필수로 언어 공부를 하고 있는데, 희소성 있는 언어를 공부하고 싶어 아랍어를 공부하고 있는데 어렵습니다. 그래서 유럽 쪽에 아는 사람을 통해서 서적을 구하는데, 현재 독일어, 일본어, 중국어는 기초 회화까지 가능한 정도이고 아랍어는 중국어보다 좀 더 잘하고 있는 상태입니다.","wordCount":41}}},"rawDataInfo":{"question":{"fileFormat":"wav","fileSize":353998,"duration":11060,"samplingBit":16,"channelCount":1,"samplingRate":"16kHz","audioPath":"/Mock/03.PublicService/Female/Experienced/ckmk_q_ps_f_e_195760.wav"},"answer":{"fileFormat":"wav","fileSize":2592718,"duration":81020,"samplingBit":16,"channelCount":1,"samplingRate":"16kHz","audioPath":"/Mock/03.PublicService/Female/Experienced/ckmk_a_ps_f_e_195760.wav"}}}