{"version":"1.0","dataSet":{"info":{"date":"20230116","occupation":"PS","channel":"MOCK","place":"ONLINE","gender":"FEMALE","ageRange":"55-","experience":"EXPERIENCED"},"question":{"raw":{"text":"제도적인 부패에 대해서 지원자님은 어떻게 생각하세요 날이 갈수록 다양해지고 정말 비범해지고 있는데 이런 제도적 부패 대처 방법에 대해서는 어떤 생각을 가지고 계신가요","wordCount":22},"emotion":[],"intent":[]},"answer":{"raw":{"text":"제도적 부패는 우선 기득적권자들의 기득권자들의 어 가지고 있는 사상부터 변환시켜야 되는 것으로 생각합니다. 제도적 부패한 위에서부터 잘못된 부패가 어 어려운 서민들이나 취약계층에게 큰 어려움을 가져오게 하는 것이기 때문에 국가 경제적으로도 이 제도적인 부패를 방지하기 위한 모든 법적인 노력을 해야 될 거라고 생각합니다. 그리고 이렇게 함으로써 어 점점 더 이 사회적인 제도적 부패가 줄어드리라고 생각합니다.","wordCount":54},"emotion":[],"intent":[{"text":"","expression":"","category":"attitude"}],"summary":{"text":"제도적 부패는 기득권자들의 사상부터 변화시켜야 합니다. 제도적 부패를 방지하기 위해 국가 경제적으로도 모든 법적인 노력을 해야 제도적 부패가 줄어들 것입니다.","wordCount":20}}},"rawDataInfo":{"question":{"fileFormat":"wav","fileSize":655438,"duration":20480,"samplingBit":16,"channelCount":1,"samplingRate":"16kHz","audioPath":"/Mock/03.PublicService/Female/Experienced/ckmk_q_ps_f_e_234220.wav"},"answer":{"fileFormat":"wav","fileSize":1408718,"duration":44020,"samplingBit":16,"channelCount":1,"samplingRate":"16kHz","audioPath":"/Mock/03.PublicService/Female/Experienced/ckmk_a_ps_f_e_234220.wav"}}}