{"version":"1.0","dataSet":{"info":{"date":"20230116","occupation":"PS","channel":"MOCK","place":"ONLINE","gender":"FEMALE","ageRange":"-34","experience":"EXPERIENCED"},"question":{"raw":{"text":"어 글로벌 인재에게 필수적인 요소는 여러 가지가 있습니다 어 면접자님께서는 그러한 필수적인 요소를 위해서 노력했던 것들은 어떤 것들이 있나요","wordCount":19},"emotion":[],"intent":[]},"answer":{"raw":{"text":"어 글로벌 인재라고 하면 어 한국에 국한된 업무 그리고 한국에 국한된 사람들과 업무를 하는 것이 아니라 어 전 세계 각국의 다양한 문화권의 다양한 사람들과 업무를 할 수 있어야 하기 때문에 어 두 가지 역량이 중요할 것 같습니다. 첫째는 만국 공용어인 영어를 어 부담감 없이 쓸 수 있어야 하고 두번째는 어 다양한 문화적 배경을 가진 사람들과 어 어떤 부담감이나 편견 없이 대화할 수 있어야 하는 것이라고 생각을 합니다. 따라서 어 저 같은 경우에도 모국어가 영어가 아니기 때문에 음 물론 네이티브나 원어민처럼 어 영어를 잘 할 순 없겠지만 비즈니스 영어를 사용함에 있어서 제 의미를 명확하게 전달하고 그들이 말하는 말을 어 오해 없이 이해하고자 어 퇴근하고 주 삼 회 정도 어 캐나다 사람과 전화 영어를 하면서 비즈니스 영어를 부담 없이 쓸 수 있도록 노력을 했던 것 같습니다. 또한 어 다양한 어 문화적 배경을 지닌 사람들과 대화를 할 때는 웬만하면 예민한 주제가 될 수 있는 부분들에 대해서는 얘기하지 않고 어 그 나라 국가의 어 어떤 사전적인 배경 지식을 간단하게 나마 조사를 해서 어 서로 무겁지 않은 분위기에서 영어 대화를 할 수 있게끔 어 노력을 했던 것 같습니다.","wordCount":173},"emotion":[],"intent":[{"text":"","expression":"","category":"attitude"}],"summary":{"text":"글로벌 인재는 전 세계 각국의 다양한 문화권의 다양한 사람들과 업무를 할 수 있어야 하기 때문에 두 가지 역량이 중요하다고 생각합니다. 첫째는 영어를 부담감 없이 쓸 수 있고, 둘째는 다양한 문화적 배경을 가진 사람들과 어떤 부담감이나 편견 없이 대화할 수 있어야만 합니다. 따라서 저 역시 비즈니스 영어를 부담 없이 할 수 있도록 노력을 했습니다.","wordCount":53}}},"rawDataInfo":{"question":{"fileFormat":"wav","fileSize":487758,"duration":15240,"samplingBit":16,"channelCount":1,"samplingRate":"16kHz","audioPath":"/Mock/03.PublicService/Female/Experienced/ckmk_q_ps_f_e_190180.wav"},"answer":{"fileFormat":"wav","fileSize":2535118,"duration":79220,"samplingBit":16,"channelCount":1,"samplingRate":"16kHz","audioPath":"/Mock/03.PublicService/Female/Experienced/ckmk_a_ps_f_e_190180.wav"}}}