{"version":"1.0","dataSet":{"info":{"date":"20230116","occupation":"PS","channel":"MOCK","place":"ONLINE","gender":"FEMALE","ageRange":"35-44","experience":"EXPERIENCED"},"question":{"raw":{"text":"요즘은 윤리 경영이 대세입니다 지원자님께서 생각하시기에 윤리 경영을 위해 조직과 회사 차원에서 해야 할 일은 무엇이라고 생각하시는지 말씀해 주세요","wordCount":19},"emotion":[],"intent":[]},"answer":{"raw":{"text":"어 윤리 경영이 대세인데 윤리 경영을 위해서 조직 회사 차원에서 해야 할 일들은 어 환경 보호를 위해서 앞장을 서야 한다는 것입니다. 어 요즘에는 어 플라스틱이나 혹은 뭐 비닐 같은 그리고 또 재활용을 할 수 있지만 그것이 타는 것이라서 어 바다 속이나 혹은 어 땅에 위험을 가져다 주는 그런 쓰레기가 많은데 그것들을 캠페인이나 혹은 어 소비자들에게 어 재생 에너지로 어 재활용할 수 있는 용품으로 사용하는 그런 역할을 해서 지구 온난에 대한 생각을 가지고 또 어 지구 온난화를 줄이고 또 탄소 배출을 줄일 수 있는 그런 환경 보호에 어 사회 전체가 힘 쓸 수 있도록 이직을 높여주고 또 그것들을 실행할 수 있도록 도와주는 그런 어 역할을 하는 그런 회사여야 한다고 생각을 합니다. 그리고 또 코로나로 인해서 음 자연 보호나 혹은 어 박쥐와 같은 그런 동물들의 세계를 침범한 어 하는 그런 사례로 인해서 코로나가 발생했다고 주장하는 사람들도 있는데 어 그들의 서식지를 파괴하지 않고 어 자연과 함께 더불어 살아갈 수 있도록 어 그것들을 어 가르치고 또 캠페인을 통해서 할 수 있는 그런 역할을 감당하는 회사가 되어야 한다고 생각을 합니다. 그래서 예를 들어서 일 회용 컵 대신에 재사용 컵을 음 유도를 하고 어 권장을 하는 것입니다.","wordCount":181},"emotion":[],"intent":[{"text":"","expression":"","category":"attitude"}],"summary":{"text":"윤리 경영을 위해서 조직 회사 차원에서 해야 할 일은 환경 보호를 위해서 앞장 서야 한다는 것입니다. 환경 보호에 사회 전체가 힘 쓸 수 있도록 이직율을 높여주고 그것들을 실행할 수 있도록 도와주는 역할을 하는 회사여야 한다고 생각합니다. 또 자연과 함께 살아갈 수 있도록 그것들을 가르치고 캠페인을 통해서 할 수 있는 역할을 감당하는 회사가 되어야 한다고 생각 합니다.","wordCount":56}}},"rawDataInfo":{"question":{"fileFormat":"wav","fileSize":629198,"duration":19660,"samplingBit":16,"channelCount":1,"samplingRate":"16kHz","audioPath":"/Mock/03.PublicService/Female/Experienced/ckmk_q_ps_f_e_241721.wav"},"answer":{"fileFormat":"wav","fileSize":3879118,"duration":121220,"samplingBit":16,"channelCount":1,"samplingRate":"16kHz","audioPath":"/Mock/03.PublicService/Female/Experienced/ckmk_a_ps_f_e_241721.wav"}}}