{"version":"1.0","dataSet":{"info":{"date":"20230116","occupation":"PS","channel":"MOCK","place":"ONLINE","gender":"FEMALE","ageRange":"45-54","experience":"EXPERIENCED"},"question":{"raw":{"text":"전공 외에 본인이 수준급의 실력을 갖출 정도로 노력하신 것이 있어요 있다면 전공과 관련돼서 어떤 도움을 줬나요","wordCount":16},"emotion":[],"intent":[]},"answer":{"raw":{"text":"어 전공은 어 교육학을 전공했는데 교육학을 전공한 것은 제가 다른 사람을 에게 제가 아는 지식을 전달하는데 굉장히 보람을 느끼기 때문에 교육학을 전공했습니다. 실제로 교육학을 전공하고 어 그 그 과정 안에서 어 적성이 맞았고요. 어 하지만 이제 제가 거기에 더하여 저는 이제 언어 공부에 관심이 있어서 언어 공부를 어 꾸준히 해왔습니다. 그래서 어 실제로 언어를 가르치는 일도 해 왔구요. 어 그래서 제가 교육학을 전공할 수도 있고 그 교육학 이론을 가지고 어 또 언어를 제가 배운 언어를 다른 사람에게 어 공부시키는데 어 탁월한 능력을 가지고 있다는 것도 알게 되었습니다. 그래서 어 교육학 전공과 또 제가 열심히 공부했던 관심 있어서 공부했던 언어 언어 교육 관련된 어 그런 일에도 종사할 수 있었습니다.","wordCount":108},"emotion":[{"text":"어 하지만 이제 제가 거기에 더하여 저는 이제 언어 공부에 관심이 있어서 언어 공부를 어 꾸준히 해왔습니다.","expression":"p-interest","category":"positive"}],"intent":[{"text":"어 전공은 어 교육학을 전공했는데 교육학을 전공한 것은 제가 다른 사람을 에게 제가 아는 지식을 전달하는데 굉장히 보람을 느끼기 때문에 교육학을 전공했습니다.","expression":"c_private","category":"background"}],"summary":{"text":"교육학을 전공한 것은 다른 사람에게 아는 지식을 전달하는데 보람을 느끼기 때문이며 언어 공부에 관심이 있어서 언어 공부를 꾸준히 해왔고 실제로 언어를 가르치는 일도 해왔습니다. 그래서 교육학 전공과 언어 언어 교육 관련된 일도 종사할 수 있었습니다.","wordCount":35}}},"rawDataInfo":{"question":{"fileFormat":"wav","fileSize":613198,"duration":19160,"samplingBit":16,"channelCount":1,"samplingRate":"16kHz","audioPath":"/Mock/03.PublicService/Female/Experienced/ckmk_q_ps_f_e_209203.wav"},"answer":{"fileFormat":"wav","fileSize":2132558,"duration":66640,"samplingBit":16,"channelCount":1,"samplingRate":"16kHz","audioPath":"/Mock/03.PublicService/Female/Experienced/ckmk_a_ps_f_e_209203.wav"}}}