{"version":"1.0","dataSet":{"info":{"date":"20230116","occupation":"PS","channel":"MOCK","place":"ONLINE","gender":"FEMALE","ageRange":"35-44","experience":"EXPERIENCED"},"question":{"raw":{"text":"만약 우리 회사가 해외로 진출한다면 어떤 나라로 진출하는 것이 좋다고 생각을 하십니까 그리고 왜 그 나라로 진출해야 하는지에 대해 이유도 함께 말씀 부탁드립니다","wordCount":23},"emotion":[],"intent":[]},"answer":{"raw":{"text":"저희 회사가 어 해외 무대로 진출을 하게 된다면 어느 곳으로 하면 좋은지에 대해서 이야기를 하자면 어 저희 회사가 어 전화 영어를 하고 있는데 어 아무래도 수요자들이 음 국립권에 있거나 또 유럽에 있는 사람들과 어 선생님 강사들과 수업을 하고 싶어 하기 때문에 그 수업에 맞춰서 어 북미권으로 진출을 해서 지금 가지고 있는 강사 프로그램을 어 활용을 해서 어 경력자들을 배출을 하고 또 지금 가지고 있는 어 교재들을 현지에서 사용하고 있는 교재와 또 접목을 해서 지금까지 썼던 그런 뭐 강의 프로그램 강사를 훈련하는 그런 프로그램을 가지고 그것들을 어 발달을 시켜 나간다면 이 회사가 어 훨씬 더 많은 성장을 가져오게 될 것이고 뭐 수요자들도 필리핀 교사에 대한 안 좋은 인식이 있는데 어 그 사람들보다는 어 약간의 돈을 더 주더라도 어 외국인 미국 쪽에 있는 사람들과 강사들과 배운다면 어 인지도도 더 좋아지고 또 그 회사에 대한 인식도 훨씬 더 좋아질 것이라고 생각을 합니다. 그래서 어 미국 쪽이나 또 아니면 어 구미나 유럽 쪽에 있는 지사를 하나 마련을 해서 어 책임감 있는 사람이 관리를 하고 또 뭐 연결해서 작업을 하고 수업을 진행을 한다면 회사가 훨씬 더 발전할 수 있는 그런 도약의 기회로 삼을 수가 있을 것이라고 생각을 합니다.","wordCount":183},"emotion":[],"intent":[{"text":"","expression":"","category":"attitude"}],"summary":{"text":"저희 회사가 해외 무대로 진출하게 된다면 전화 영어를 하고 있는데 그 수업에 맞춰서 북미권으로 진출을 해서 지금 가지고 있는 강사 프로그램을 활용해서 경력자들을 배출하고 교재들을 현지에서 사용하고 있는 교재와 접목해서 강사를 훈련하는 프로그램을 가지고 발달을 시켜 나간다면 훨씬 더 많은 성장을 가져오게 될 것입니다.","wordCount":44}}},"rawDataInfo":{"question":{"fileFormat":"wav","fileSize":522958,"duration":16340,"samplingBit":16,"channelCount":1,"samplingRate":"16kHz","audioPath":"/Mock/03.PublicService/Female/Experienced/ckmk_q_ps_f_e_234088.wav"},"answer":{"fileFormat":"wav","fileSize":3775118,"duration":117970,"samplingBit":16,"channelCount":1,"samplingRate":"16kHz","audioPath":"/Mock/03.PublicService/Female/Experienced/ckmk_a_ps_f_e_234088.wav"}}}