{"version":"1.0","dataSet":{"info":{"date":"20230116","occupation":"PS","channel":"MOCK","place":"ONLINE","gender":"FEMALE","ageRange":"55-","experience":"EXPERIENCED"},"question":{"raw":{"text":"지원자님은 전공 외에 자신이 수준급의 실력이 될 정도로 노력한 것이 있나요 지원자님이 노력한 게 있다면 전공과 관련 어떤 도움을 주는지 궁금합니다","wordCount":21},"emotion":[],"intent":[]},"answer":{"raw":{"text":"대학교를 재수하게 되어 원치 않 않고 재수해서 들어갈 수 있는 학교로 포르투칼어 과를 전공으로 택했습니다. 그래서 들어가서 처음으로 포루투칼어 라는 걸 알게 되었지만 배우면 배울수록 재미있었습니다. 그래서 그 전공과 관련돼서 포루투칼의 옆 나라인 스페인어를 공부했고 같은 라틴어 쪽인 음 프랑스어도 공부했습니다. 그리고 또 기회가 되어 홍콩으로 가게 되었을 때에는 중국어를 공부해서 오 년 동안 사는데 모자람이 없고 부자연스럽지 않을 정도의 생활 언어로 사용했습니다. 전공과 관련해서는 포루투칼어를 하다보니 스페인어도 알아들을 수 있게 되고 또한 불란서어인 프랑스어도 알아들을 수가 있게 되고 이태리 여행을 갔었을 때에도 이태리 어 어도 알아들을 수 있게 되어 여러 가지로 큰 도움이 되었다고 생각합니다. 그리고 특별히 해외에 나가서 살 때에는 중국어가 큰 도움이 되었습니다.","wordCount":106},"emotion":[{"text":"그래서 들어가서 처음으로 포루투칼어 라는 걸 알게 되었지만 배우면 배울수록 재미있었습니다.","expression":"p-interest","category":"positive"}],"intent":[{"text":"대학교를 재수하게 되어 원치 않 않고 재수해서 들어갈 수 있는 학교로 포르투칼어 과를 전공으로 택했습니다.","expression":"c_private","category":"background"},{"text":"그래서 그 전공과 관련돼서 포루투칼의 옆 나라인 스페인어를 공부했고 같은 라틴어 쪽인 음 프랑스어도 공부했습니다.","expression":"c_private","category":"background"},{"text":"그리고 또 기회가 되어 홍콩으로 가게 되었을 때에는 중국어를 공부해서 오 년 동안 사는데 모자람이 없고 부자연스럽지 않을 정도의 생활 언어로 사용했습니다.","expression":"c_private","category":"background"}],"summary":{"text":"대학교를 재수하면서 포르투칼어 과를 전공으로 택했습니다. 그 전공과 관련돼서 스페인어와 프랑스어를 공부했고, 기회가 되어 홍콩에 가게 되었을 때는 중국어를 공부해서 오 년 동안 생활 언어로 사용했습니다. 전공과 관련해서는 포루투칼어를 하다보니 여러 가지로 큰 도움이 되었다고 생각합니다.","wordCount":36}}},"rawDataInfo":{"question":{"fileFormat":"wav","fileSize":606798,"duration":18960,"samplingBit":16,"channelCount":1,"samplingRate":"16kHz","audioPath":"/Mock/03.PublicService/Female/Experienced/ckmk_q_ps_f_e_244728.wav"},"answer":{"fileFormat":"wav","fileSize":2517518,"duration":78670,"samplingBit":16,"channelCount":1,"samplingRate":"16kHz","audioPath":"/Mock/03.PublicService/Female/Experienced/ckmk_a_ps_f_e_244728.wav"}}}