{"version":"1.0","dataSet":{"info":{"date":"20230116","occupation":"PS","channel":"MOCK","place":"ONLINE","gender":"FEMALE","ageRange":"45-54","experience":"EXPERIENCED"},"question":{"raw":{"text":"직무지식 역량 태도 이 세 가지 요소 중 본인이 가장 중요하다고 생각하는 것과 그 이유를 말씀해 주세요","wordCount":17},"emotion":[],"intent":[]},"answer":{"raw":{"text":"아 예 직무 지식 역량 태도 이 세 가지 중에서 내가 가장 중요하다고 생각하는 것은 어 태도라고 생각합니다. 그러니까 사실 직무 지식 같은 경우에는 뭐 업무를 몰르더라도 신입 직원으로 들어와서 얼마 정도 지나면 그 지식이 늘어나고 당연히 예 그까 쌓일 수 밖에 없는 사항이구요. 역량 같은 경우에는 뭐 또 노력을 해서 역량이 뭐 처음부터 차 타고난 사람도 있겠지만 그렇지 않은 사람도 옆에서 뭐 도와주고 이렇게 하다 보면 또 내가 모르던 그런 역량을 좀 채워 나가면서 업무를 효율적이게 잘 할 수 있기도 할 텐데요. 이 태도 같은 경우는 누가 가르친다고 이제 성인이 다 됐기 때문에 일단 그런 것도 되게 그 중요한데 어 웬만큼 뭐 고등교육을 받았다면 기본적으로 내가 해야 될 일 안 해야 될 일 이 태도가 바람직한지 아닌지 알겠지만 그럼에도 불구하고 이해 못할 그런 사람들이 많은 것 같습니다. 그래서 이 태도라는 부분이 제일 중요할 것 같구요. 태도가 어떤지에 따라서 일을 더 잘 할 수도 있고 못할 수도 있고 팀이 잘 돌아갈 수도 있고 어 안 돌아갈 수도 있기 때문에 이 태도가 가장 중요하지 않을까 예 라고 생각합니다.","wordCount":167},"emotion":[],"intent":[{"text":"","expression":"","category":"attitude"}],"summary":{"text":"직무 지식 역량 태도 세 가지 중에서 가장 중요하다고 생각하는 것은 태도입니다. 업무를 몰르더라도 신입 직원으로 들어와서 얼마 정도 지나면 그 지식이 늘어나고 쌓일 수 밖에 없는 사항입니다. 이 태도 같은 경우는 가르친다고 성인이 다 됐기 때문에 가장 중요할 것 같습니다. 태도가 어떤지에 따라서 일을 더 잘 할 수도 없고 팀이 잘 돌아갈 수도 있고 안 돌아갈 수도 있기 때문입니다.","wordCount":60}}},"rawDataInfo":{"question":{"fileFormat":"wav","fileSize":353038,"duration":11030,"samplingBit":16,"channelCount":1,"samplingRate":"16kHz","audioPath":"/Mock/03.PublicService/Female/Experienced/ckmk_q_ps_f_e_229242.wav"},"answer":{"fileFormat":"wav","fileSize":2964558,"duration":92640,"samplingBit":16,"channelCount":1,"samplingRate":"16kHz","audioPath":"/Mock/03.PublicService/Female/Experienced/ckmk_a_ps_f_e_229242.wav"}}}