{"version":"1.0","dataSet":{"info":{"date":"20230116","occupation":"PS","channel":"MOCK","place":"ONLINE","gender":"FEMALE","ageRange":"55-","experience":"EXPERIENCED"},"question":{"raw":{"text":"어 지금까지 살아오시면서 지원자님께서 새로운 환경에서 전혀 몰랐던 일을 맡아서 한 경험이 있으신가요 있으시다면 해당 경험을 소개해 주시길 바랍니다","wordCount":19},"emotion":[],"intent":[]},"answer":{"raw":{"text":"제가 하던 일과는 전혀 다르게 해외 여행 업무를 어레인지 하는 일을 맡게 되었습니다. 스무 명이 넘는 나이 드신 어르신 회원들을 모시고 중국에 사 박 오 일 가는 모든 일정과 과정을 짜는 프로젝트였습니다. 생전 처음으로 해외에 나가게 되는 것이기 때문에 모르는 점이 많았지만 여권 발급부터 여행 스케줄 조정 여행사와의 간담회 여행사와 스케줄 조 정리 등 그리고 스무 명이 묶는 호텔 선정과 음식 선정 어 여기저기 다니는 여행지 선정까지 함께 하는 것을 보면서 이렇게 뭔가 어 한 단체나 한 모임을 위해서 이런 여행 스케줄을 하나를 프로젝트 화해서 만드는 것도 참 재미있는 경험이 아닌가 했습니다. 어려운 점은 많았지만 아주 즐겁게 동선을 짜고 아이디어를 내서 맛있는 음식점을 챙기고 하는 것도 좋은 경험이 되었습니다.","wordCount":109},"emotion":[],"intent":[{"text":"제가 하던 일과는 전혀 다르게 해외 여행 업무를 어레인지 하는 일을 맡게 되었습니다.","expression":"c_private","category":"background"},{"text":"스무 명이 넘는 나이 드신 어르신 회원들을 모시고 중국에 사 박 오 일 가는 모든 일정과 과정을 짜는 프로젝트였습니다.","expression":"c_private","category":"background"}],"summary":{"text":"제가 하던 일과는 전혀 다르게 20명이 넘는 나이 드신 어르신 회원들을 모시고 중국에 사박오일 가는 모든 일정과 과정을 짜는 프로젝트를 맡게 되었습니다. 어려운 점은 많았지만 즐겁게 동선을 짜고 아이디어를 내서 맛있는 음식점을 챙기는 것도 좋은 경험이었습니다.","wordCount":36}}},"rawDataInfo":{"question":{"fileFormat":"wav","fileSize":474638,"duration":14830,"samplingBit":16,"channelCount":1,"samplingRate":"16kHz","audioPath":"/Mock/03.PublicService/Female/Experienced/ckmk_q_ps_f_e_245085.wav"},"answer":{"fileFormat":"wav","fileSize":2476238,"duration":77380,"samplingBit":16,"channelCount":1,"samplingRate":"16kHz","audioPath":"/Mock/03.PublicService/Female/Experienced/ckmk_a_ps_f_e_245085.wav"}}}