{"version":"1.0","dataSet":{"info":{"date":"20230116","occupation":"PS","channel":"MOCK","place":"ONLINE","gender":"FEMALE","ageRange":"55-","experience":"EXPERIENCED"},"question":{"raw":{"text":"지원자님께서 생각하시기에 글로벌 인재의 필수인 요소는 무엇이고 면접자님께서 그것을 위해 노력했던 것은 무엇인지 궁금합니다 구체적으로 제시해 주시기 바랍니다","wordCount":18},"emotion":[],"intent":[]},"answer":{"raw":{"text":"네 글로벌 인재에게 필수인 요소는 저는 일단 아이티와 컴퓨터를 다루는 기술과 영어 회화 그다음에 영어 회화뿐만 아니라 뭐 다른 제 삼의 언어도 가능하면 좋겠지요. 되도록이면 많은 언어를 구사하는 그 그런 것이 저는 글로벌 인재라고 봅니다. 이를 요즘에는 사실 영어 회화의 기본으로 들어가는 게 맞구요. 그다음에 컴퓨터 가능 그 다음에 인 인터넷을 자유자재로 하면서 그다음에 아이티 쪽에 글로벌 인재들이 많은 걸로 알고 있잖아요. 그쪽에 사실 돈도 많이 인제 굴 아 소비가 되고 그다음에 그쪽 인재들은 아 많은 그 봉급을 받으면서 아 예 대우를 받고 그런 것을 보면서 사실 그런 것도 사실입니다. 하지만 저 때는 사실 아이티 업계가 이렇게 성공을 할 줄은 사실은 몰랐습니다. 저는 그때는 아 제가 영어 회화만 잘하고 그다음에 손님 접대만 잘하고 그다음에 응대 잘하고 그러면은 아 그런 쪽으로 저는 나가야겠다 라고 생각을 했기 때문에 제가 영어 회화를 한 거였고요. 제 글로벌 인재까지는 안 되더라도 어 약간 외국인을 만나도 큰 문제 없이 해결할 수 있는 아 아 사람이라고 생각을 합니다. 그래서 저는 아 스무 살 때부터 영어 회화 학원을 새벽에 다니는 것을 십 년간 계속 했고요. 그 이후에도 아이를 키우면서도 영어가 내출되 노출되는 그런 환경을 만들려고 많이 노력을 했습니다. 그래서 영어 회화를 하루라도 걸르지 않게 그 다음에 일드 아 저 미드나 영드을 보면서 영어가 계속 들릴 수 있게 노력 했습니다.","wordCount":201},"emotion":[{"text":"그래서 저는 아 스무 살 때부터 영어 회화 학원을 새벽에 다니는 것을 십 년간 계속 했고요.","expression":"u-fact","category":"neutral"}],"intent":[{"text":"","expression":"","category":"attitude"}],"summary":{"text":"글로벌 인재에게 필수 요소는 아이티와 컴퓨터를 다루는 기술과 영어 회화, 영어 회화뿐만 아니라 다른 제 삼의 언어도 가능하면 좋겠지만 되도록이면 많은 언어를 구사하는 것이 저는 글로벌 인재라고 봅니다. 저는 영어 회화만 잘하고 손님 접대만 잘하고 응대 잘하는 쪽으로 나가야겠다 생각했기 때문에 영어 회화를 한 것이고, 글로벌 인재까지는 아니더라도 약간 외국인을 만나도 큰 문제 없이 해결할 수 있는 사람이라고 생각합니다.","wordCount":59}}},"rawDataInfo":{"question":{"fileFormat":"wav","fileSize":559118,"duration":17470,"samplingBit":16,"channelCount":1,"samplingRate":"16kHz","audioPath":"/Mock/03.PublicService/Female/Experienced/ckmk_q_ps_f_e_242401.wav"},"answer":{"fileFormat":"wav","fileSize":3823438,"duration":119480,"samplingBit":16,"channelCount":1,"samplingRate":"16kHz","audioPath":"/Mock/03.PublicService/Female/Experienced/ckmk_a_ps_f_e_242401.wav"}}}