{"version":"1.0","dataSet":{"info":{"date":"20230116","occupation":"PS","channel":"MOCK","place":"ONLINE","gender":"FEMALE","ageRange":"-34","experience":"EXPERIENCED"},"question":{"raw":{"text":"네 지원자님께서는 협업하는 과제와 또 혼자 하는 과제 중에 어떤 쪽을 좀 더 선호하시나요 네 협업과 단독 과제 그 이유도 함께 말씀을 좀 부탁드리고 싶습니다","wordCount":25},"emotion":[],"intent":[]},"answer":{"raw":{"text":"그 같은 경우에는 혼자 하는 과제보다는 여러 명이서 함께 할 수 있는 그런 과제들을 더 좋아하는 편입니다. 그 이유는 저 같은 경우에는 함께 하는 근무들을 진행할 때 더 시너지 효과가 잘 발휘된다 라고 생각하기 때문인데요. 혼자 과제를 진행을 할 때에는 내가 가진 아이디어 혹은 내가 가진 생각들의 틀에서 더 이상 발현이 안 될 때도 있지만 다른 사람들이랑 함께 아이디어를 셰어링하는 과정들을 통해서 우리는 더 나은 성과들을 낼 수 있는 것 같습니다. 예를 들어 제가 과거에 답이 안 나왔던 과제가 하나 있어서 몇 날 며칠을 고민했었는데요. 이렇게 고민된다 라고 동료한테 얘기하자 동료가 굉장히 생각지도 못했던 답변들을 얘기해 주면서 몇 날 며칠했던 고민이 정말 무색하게 일이 잘 해결되었었습니다. 그랬던 경험들처럼 저도 업무 중에 여러 사람들과 아이디어를 셰어링하는 성과를 내겠습니다.","wordCount":117},"emotion":[],"intent":[{"text":"","expression":"","category":"attitude"}],"summary":{"text":"혼자 과제를 진행하는 경우에는 생각들의 틀에서 더 이상 발현이 안 될 때도 있지만 다른 사람들과 함께 아이디어를 셰어링하는 과정들을 통해서 더 나은 성과들을 낼 수 있는 것 같습니다.","wordCount":28}}},"rawDataInfo":{"question":{"fileFormat":"wav","fileSize":575118,"duration":17970,"samplingBit":16,"channelCount":1,"samplingRate":"16kHz","audioPath":"/Mock/03.PublicService/Female/Experienced/ckmk_q_ps_f_e_179083.wav"},"answer":{"fileFormat":"wav","fileSize":2585038,"duration":80780,"samplingBit":16,"channelCount":1,"samplingRate":"16kHz","audioPath":"/Mock/03.PublicService/Female/Experienced/ckmk_a_ps_f_e_179083.wav"}}}