{"version":"1.0","dataSet":{"info":{"date":"20230116","occupation":"PS","channel":"MOCK","place":"ONLINE","gender":"FEMALE","ageRange":"55-","experience":"EXPERIENCED"},"question":{"raw":{"text":"시험 기간이나 시간이 촉박할 때 어떻게 시간 관리를 하셨습니까 면접자님만의 시간 관리법을 설명해 주시기 바랍니다","wordCount":15},"emotion":[],"intent":[]},"answer":{"raw":{"text":"네 시험 시간이 에 촉박할 때는 어떻게 시간 관리를 하셨는지 물어보셨는데요. 사실 시험 기간은 언제나 촉박합니다. 시험 기간 때 제가 완벽히 공부를 했다고 느낀 적은 한 번도 없습니다. 그리고 모든 사람이 그것은 같은 느낌일 거라고 생각을 합니다. 저의 시간 관리법은 저는 일단 시험에 아 보통 시험을 보게 되면 우리 대학 때는 하루는 시험을 보고 그 다음날을 쉬고 또 하루는 시험을 보고 그렇게 에 시험은 기간이 설정이 돼 있었기 때문에 모든 친구들이 시험을 보고 밤을 새고 시험을 보고 밤을 새고 시험을 보고 밤을 새고 하는 그런 루투로 갔었습니다. 그래서 그때는 아 시간이 촉박한 거는 어쩔 수 없이 카페인이나 이제 그런 거를 많이 마셔가면서 열심히 했습니다. 근데 지금은 이제 생활을 하다 보니 그렇게 해서 몸이 나빠지는 걸 느꼈기 때문에 되도록이면 아 빨리빨리 외울 수 있고 그다음에 빨리빨리 집중할 수 있게 아 최선을 다하는 것이 아 최선의 시간 관리법이라고 생각합니다. 아 시험이라는 것은 아 무슨 시험이 나올지는 거의 시험에 문제가 나올지는 모두 아는 거잖아요. 이제 공부를 하다 보면 그래서 어 어떤 요점 정리라든가 그런 거를 좀 집중하는 시간 그 시간을 많이 쓰는 것이 아 좋은 시간 관리법이라고 생각을 합니다.","wordCount":176},"emotion":[],"intent":[{"text":"","expression":"","category":"attitude"}],"summary":{"text":"시험 기간이 촉박할 때 어떻게 시간 관리를 하는지 물어보셨는데 완벽히 공부를 했다고 느낀 적은 한 번도 없습니다. 저는 시험 기간이 설정돼 있었기 때문에 최대한 빨리 빨리 외울 수 있고 집중하면서 집중할 수 있도록 최선을 다하는 것이 최선의 시간 관리법이라고 생각합니다. 요점 정리나 그런것에 집중하는 시간을 많이 쓰는 것이 좋다고 생각합니다.","wordCount":50}}},"rawDataInfo":{"question":{"fileFormat":"wav","fileSize":446798,"duration":13960,"samplingBit":16,"channelCount":1,"samplingRate":"16kHz","audioPath":"/Mock/03.PublicService/Female/Experienced/ckmk_q_ps_f_e_242402.wav"},"answer":{"fileFormat":"wav","fileSize":3549518,"duration":110920,"samplingBit":16,"channelCount":1,"samplingRate":"16kHz","audioPath":"/Mock/03.PublicService/Female/Experienced/ckmk_a_ps_f_e_242402.wav"}}}