{"version":"1.0","dataSet":{"info":{"date":"20230116","occupation":"PS","channel":"MOCK","place":"ONLINE","gender":"FEMALE","ageRange":"-34","experience":"EXPERIENCED"},"question":{"raw":{"text":"어 이 면접에 최종 탈락하실 수도 있는데요 그렇다면 본인이 어떤 점이 부족해서 어 탈락을 했다고 생각을 하실지 궁금합니다","wordCount":18},"emotion":[],"intent":[]},"answer":{"raw":{"text":"제가 이 면접에서 탈락할 일은 없어야 하지만 혹시 탈락한다면 어떤 점이 부족해서 탈락했다고 생각하기보다는 이 회사에서 원하는 인재상과 제가 부합하지 않는다고 생각할 것입니다. 면접관님들의 생각이 다르고 모두의 마음에 부합할 수는 없듯이 저는 이 면접을 위해 많은 시간과 노력을 기울였고 진심을 다해 이 자리에서 이야기하고 있기 때문에 제가 그동안 노력한 것들이 부족했거나 헛수고는 아니라고 생각합니다. 단지 제가 이 회사의 인재상에 부합하도록 제대로 피력하지 못했기 때문에 탈락하지 않았을까 라고는 생각합니다.","wordCount":68},"emotion":[],"intent":[{"text":"","expression":"","category":"attitude"}],"summary":{"text":"이 면접에서 탈락한다면 이 회사에서 원하는 인재상과 부합하지 않는다고 생각할 것입니다. 하지만 이 면접을 위해 많은 시간과 노력을 기울였으므로 저는 이 회사의 인재상에 부합하지 못했기 때문에 탈락하지 않았다고 생각합니다.","wordCount":29}}},"rawDataInfo":{"question":{"fileFormat":"wav","fileSize":451278,"duration":14100,"samplingBit":16,"channelCount":1,"samplingRate":"16kHz","audioPath":"/Mock/03.PublicService/Female/Experienced/ckmk_q_ps_f_e_226481.wav"},"answer":{"fileFormat":"wav","fileSize":1447758,"duration":45240,"samplingBit":16,"channelCount":1,"samplingRate":"16kHz","audioPath":"/Mock/03.PublicService/Female/Experienced/ckmk_a_ps_f_e_226481.wav"}}}