{"version":"1.0","dataSet":{"info":{"date":"20230116","occupation":"PS","channel":"MOCK","place":"ONLINE","gender":"FEMALE","ageRange":"55-","experience":"EXPERIENCED"},"question":{"raw":{"text":"만약 일을 하던 중에 팀원과 불화가 생긴다면 어떻게 대처하시겠습니까 해결법과 그 이유에 대해 말씀 부탁드립니다","wordCount":15},"emotion":[],"intent":[]},"answer":{"raw":{"text":"어 불화요. 어 음 좀 이거는 속도전일것 같은데요. 네 이게 오래 지속되면 지속될수록 그 감정이라는 게 또 사람 마음이 음 또 그 잔상이 오래 갈 수 있기 때문에 단둘이 시간을 가지면서 제가 도시락을 싸가서 같이 단둘이서 밥 먹는 시간을 가질 거 같애요. 네 그래서 조금 정성껏 싸고 뭐 정성이 뭐 맛으로 무조건 다 보여주는 건 아니지만 그래도 그 정성이 들어간 음식을 함께 같이 먹으면서 어 어떤 그 노력을 조금 봐주면서 대화를 그래도 시도하면 그래도 못 이긴 척 좀 대화를 같이 참여하게 되지 않을까 그러면서 조금 네 서서히 어떤 물꼬를 터서 조금 화해 어떤 평화 모드가 조금 이룰 수 있지 않을까 생각을 해봅니다.","wordCount":102},"emotion":[],"intent":[{"text":"네 그래서 조금 정성껏 싸고 뭐 정성이 뭐 맛으로 무조건 다 보여주는 건 아니지만   그래도 그 정성이 들어간 음식을 함께 같이 먹으면서   어 어떤 그 노력을 조금 봐주면서 대화를 그래도   시도하면 그래도 못 이긴 척 좀 대화를 같이 참여하게 되지 않을까 그러면서 조금   네 서서히 어떤 물꼬를 터서 조금 화해 어떤   평화 모드가 조금 이룰 수 있지 않을까 생각을 해봅니다.","expression":"c_confl_mg","category":"personality"}],"summary":{"text":"불화가 오래 지속되면 지속될수록 감정의 잔상이 오래 갈 수 있기 때문에 단둘이 시간을 가지면서 도시락을 싸가 함께 식사하는 시간을 가질 거 같습니다. 대화를 시도하면 대화를 같이 참여하게 되고, 화해의 평화 모드가 이룰 수 있지 않을까 생각합니다.","wordCount":36}}},"rawDataInfo":{"question":{"fileFormat":"wav","fileSize":412238,"duration":12880,"samplingBit":16,"channelCount":1,"samplingRate":"16kHz","audioPath":"/Mock/03.PublicService/Female/Experienced/ckmk_q_ps_f_e_179691.wav"},"answer":{"fileFormat":"wav","fileSize":2876878,"duration":89900,"samplingBit":16,"channelCount":1,"samplingRate":"16kHz","audioPath":"/Mock/03.PublicService/Female/Experienced/ckmk_a_ps_f_e_179691.wav"}}}