{"version":"1.0","dataSet":{"info":{"date":"20230116","occupation":"PS","channel":"MOCK","place":"ONLINE","gender":"FEMALE","ageRange":"-34","experience":"EXPERIENCED"},"question":{"raw":{"text":"어 지원자님께서는 평소에 검색을 자주 하는 편이신가요 또 어떤 검색을 주로 하시는지 그러한 검색을 하는 이유는 무엇인지 함께 설명해 주시기를 바랍니다","wordCount":21},"emotion":[],"intent":[]},"answer":{"raw":{"text":"저는 평소 검색을 많이 하는 편입니다. 포털 사이트에서 건강 분야에 대한 검색을 주로 하는데 건강 관리에 관심이 많기 때문에 최신 트렌드 건강관리법이나 다이어트 방법 그리고 영양제에 대한 검색을 주로 합니다. 작년에 코로나로 한 번 크게 아프고 나니까 건강 관리에 대한 공부가 필요하다고 느끼게 되었습니다. 원래 영양제도 잘 챙겨 먹지 않는 스타일이었는데 건강한 식단과 영양제로 보충하는 것이 저에 건강에 매우 필요하다 생각이 되어서 요즘은 건강 관련 정보를 가장 많이 검색하고 있습니다.","wordCount":70},"emotion":[{"text":"원래 영양제도 잘 챙겨 먹지 않는 스타일이었는데 건강한 식단과 영양제로 보충하는 것이 저에 건강에 매우 필요하다 생각이 되어서 요즘은 건강 관련 정보를 가장 많이 검색하고 있습니다.","expression":"p-interest","category":"positive"}],"intent":[{"text":"","expression":"","category":"attitude"}],"summary":{"text":"저는 평소 건강 관리에 관심이 많아 최신 트렌드 건강관리법이나 다이어트 방법, 영양제에 대한 검색을 주로 합니다. 최근에는 건강 관련 정보를 가장 많이 검색하고 있습니다.","wordCount":24}}},"rawDataInfo":{"question":{"fileFormat":"wav","fileSize":513006,"duration":16029,"samplingBit":16,"channelCount":1,"samplingRate":"16kHz","audioPath":"/Mock/03.PublicService/Female/Experienced/ckmk_q_ps_f_e_226473.wav"},"answer":{"fileFormat":"wav","fileSize":1333838,"duration":41680,"samplingBit":16,"channelCount":1,"samplingRate":"16kHz","audioPath":"/Mock/03.PublicService/Female/Experienced/ckmk_a_ps_f_e_226473.wav"}}}