{"version":"1.0","dataSet":{"info":{"date":"20230116","occupation":"PS","channel":"MOCK","place":"ONLINE","gender":"FEMALE","ageRange":"35-44","experience":"EXPERIENCED"},"question":{"raw":{"text":"그간 겪었던 갈등 중 가장 심각했던 갈등 상황은 무엇이었나요 하나만 골라 설명해 주시겠어요","wordCount":13},"emotion":[],"intent":[]},"answer":{"raw":{"text":"음 동생이 있는데 동생이 어 고등학생이었을 때 저희가 집을 조금 멀리 이사를 해서 동생이 이제 학교를 다니고 뭘 배우러 다니는 그 거리가 멀어진 거죠. 그래서 왔다갔다 하는데 시간이 좀 오래 걸리기도 했었고 그 동생이 이제 별도로 배우던 곳에 선생님이 좀 늦게까지 아이들을 붙잡고 있는 경우도 많았고 어 청소년들인데 술을 먹이기도 했었었어요. 그런데 뭐 동생 입장에서는 괜찮다 고 생각했던 것 같지만 어쨌든 저희는 집에서 어 어쨌든 그 동생이 있는 곳과 멀리 살고 있는 저희 입장에서는 얘가 늦으면 걱정이 되고 또 그런 자리에 있다 는 게 화가 나니깐 어 전화로 선생님한테 제가 좀 심한 말도 하기도 했었고 그랬는데 뭐 사실 혼내면 혼나는 어떤 위치였던 것 같애요. 동생이 근데 그 당시에 또 그런 일로 늦게 귀가한 동생이랑 싸우게 됐는데 그 동생이 되게 반항을 하더라고요 저한테. 그래서 좀 제가 뜻대로 되지 않는구나 라는 걸 느꼈던 그런 갈등이 있었습니다.","wordCount":134},"emotion":[],"intent":[{"text":"","expression":"","category":"attitude"}],"summary":{"text":"이사를 가면서 고등학생이었던 동생이 배우러 다니는 곳과 멀어졌습니다. 선생님이 늦게까지 아이들을 붙잡고 술을 먹이기도 했었습니다. 걱정 되고 화가 나니까 전화로 선생님한테 심한 말을 했습니다. 그런데 그 일로 늦게 귀가한 동생과 싸우게 됐는데 동생이 반항을 하니 제가 뜻대로 되지 않구나 라는 걸 느꼈던 갈등이 있었습니다.","wordCount":44}}},"rawDataInfo":{"question":{"fileFormat":"wav","fileSize":318798,"duration":9960,"samplingBit":16,"channelCount":1,"samplingRate":"16kHz","audioPath":"/Mock/03.PublicService/Female/Experienced/ckmk_q_ps_f_e_194947.wav"},"answer":{"fileFormat":"wav","fileSize":2835918,"duration":88620,"samplingBit":16,"channelCount":1,"samplingRate":"16kHz","audioPath":"/Mock/03.PublicService/Female/Experienced/ckmk_a_ps_f_e_194947.wav"}}}