{"version":"1.0","dataSet":{"info":{"date":"20230116","occupation":"PS","channel":"MOCK","place":"ONLINE","gender":"FEMALE","ageRange":"55-","experience":"EXPERIENCED"},"question":{"raw":{"text":"지원자님은 팀으로 일하는 것과 혼자 일하는 것 중 어떤 것을 더 선호하십니까 이유도 함께 말씀해 주세요","wordCount":16},"emotion":[],"intent":[]},"answer":{"raw":{"text":"팀으로 일하는 일이 훨씬 더 어 편하고 정확하고 능률이 있는 것 같습니다. 제가 잘 모르는 부분이나 제가 취약한 부분을 팀원들이 서로 협조해서 도와주어 좀 더 많은 시너지를 낼 수 있고요. 그 시너지로 인해서 팀 워크가 어 더 많은 좋은 아이디어와 좋은 결과를 내놓을 수 있기 때문에 혼자서 일하면서 어려운 것을 해결하지 못해서 본인의 스트레스가 되는 것보다는 팀으로 함께 일하면서 함께 아이디어를 나누고 함께 정보를 공유하고 그런 면이 제일 큰 도움이 될 것 같습니다. 그래서 더 선호합니다.","wordCount":76},"emotion":[],"intent":[{"text":"","expression":"","category":"attitude"}],"summary":{"text":"팀워크가 좋은 아이디어와 좋은 결과를 낼 수 있기 때문에 함께 일하며 함께 아이디어를 나누고 정보를 공유하는 것이 큰 도움이 될 것 같습니다. 그래서 더 선호합니다.","wordCount":25}}},"rawDataInfo":{"question":{"fileFormat":"wav","fileSize":333518,"duration":10420,"samplingBit":16,"channelCount":1,"samplingRate":"16kHz","audioPath":"/Mock/03.PublicService/Female/Experienced/ckmk_q_ps_f_e_234650.wav"},"answer":{"fileFormat":"wav","fileSize":1513678,"duration":47300,"samplingBit":16,"channelCount":1,"samplingRate":"16kHz","audioPath":"/Mock/03.PublicService/Female/Experienced/ckmk_a_ps_f_e_234650.wav"}}}