{"version":"1.0","dataSet":{"info":{"date":"20230116","occupation":"PS","channel":"MOCK","place":"ONLINE","gender":"FEMALE","ageRange":"35-44","experience":"EXPERIENCED"},"question":{"raw":{"text":"만약에 고객이 우리 회사의 상품이나 써비스에 지속적으로 불만을 나타낸다면 어떻게 대응하시겠습니까","wordCount":11},"emotion":[],"intent":[]},"answer":{"raw":{"text":"제가 고객의 불만을 해결해 주기 위해서 여러 가지 방안으로 노력을 했는데도 고객이 계속 불만을 제기한다면 저는 이 제품을 계속 쓰라고 요구하기 보다는 저희 회사에 있는 비슷한 라인의 다른 제품을 소개시켜 줄 것 같습니다. 그 이유는 일단 고객이 이 제품을 마음에 들지 않는다는 인식을 심어 놓는데 계속 이 제품을 사용한다고 한다는 건 고객의 의견을 무시하는 행동이 되어 고객이 더 화를 될 수 있기 때문입니다.","wordCount":63},"emotion":[],"intent":[{"text":"제가 고객의 불만을 해결해 주기 위해서 여러 가지 방안으로 노력을 했는데도   고객이 계속 불만을 제기한다면 저는 이 제품을 계속 쓰라고 요구하기 보다는 저희 회사에 있는 비슷한 라인의 다른 제품을 소개시켜 줄 것 같습니다.","expression":"p_voc","category":"technology"},{"text":"그 이유는 일단 고객이 이 제품을 마음에 들지 않는다는 인식을 심어 놓는데 계속 이 제품을 사용한다고 한다는 건 고객의 의견을 무시하는 행동이 되어 고객이 더 화를 될 수 있기 때문입니다.","expression":"p_voc","category":"technology"}],"summary":{"text":"저는 고객의 불만을 해결해 주기 위해 여러 노력을 했음에도 불구하고 계속 불만을 제기한다면, 이 제품을 사용하라고 요구하기 보다는 비슷한 라인의 다른 제품을 소개시켜 줄 것 같습니다.","wordCount":26}}},"rawDataInfo":{"question":{"fileFormat":"wav","fileSize":340238,"duration":10630,"samplingBit":16,"channelCount":1,"samplingRate":"16kHz","audioPath":"/Mock/03.PublicService/Female/Experienced/ckmk_q_ps_f_e_199554.wav"},"answer":{"fileFormat":"wav","fileSize":999438,"duration":31230,"samplingBit":16,"channelCount":1,"samplingRate":"16kHz","audioPath":"/Mock/03.PublicService/Female/Experienced/ckmk_a_ps_f_e_199554.wav"}}}