{"version":"1.0","dataSet":{"info":{"date":"20230116","occupation":"PS","channel":"MOCK","place":"ONLINE","gender":"FEMALE","ageRange":"45-54","experience":"EXPERIENCED"},"question":{"raw":{"text":"만일 지원자님의 직무에 맞지 않는 일을 맡게 된다 면 어떻게 하시겠습니까 그래도 괜찮으신가요","wordCount":13},"emotion":[],"intent":[]},"answer":{"raw":{"text":"직무에 맞지 않는 일을 하게 된다면 많이 처음에 당황할 거라고 생각합니다. 제가 원했던 일 아니면 제가 잘 할 수 있었던 일이라고 생각된 일이 아니라 전혀 낯설고 생소한 일을 접하게 되면 누구나 당황할 수 있다고 생각하고 음 좋지만은 않을 거라는 생각은 합니다. 그래도 제가 이곳에 어 서 일하기로 마음을 먹었고 모든 일이 다 처음에는 어렵고 어 익숙하지 않는다 하더라도 일을 하다보면 적응하게 되고 그 일에 맞게끔 어 전혀 모르던 것도 배우게 되고 그러면서 일을 하게 되는 것이기 때문에 처음에야 버벅거리고 적응 안 돼서 예 힘들고 이런 과정이 있을 것이라고 예상은 하지만 그래도 어 괜찮을 것이라고 어 잘 적응할 것이라고 생각합니다.","wordCount":99},"emotion":[],"intent":[{"text":"","expression":"","category":"attitude"}],"summary":{"text":"직무에 맞지 않는 낯설고 생소한 일을 하게 된다면 많이 처음에 당황할 것이지만 일을 하다보면 그 일에 맞게끔 전혀 모르던 것도 배우게 되고 그러면서 일을 하는 것이기 때문에 어 잘 적응할 것이라고 생각합니다.","wordCount":32}}},"rawDataInfo":{"question":{"fileFormat":"wav","fileSize":453518,"duration":14170,"samplingBit":16,"channelCount":1,"samplingRate":"16kHz","audioPath":"/Mock/03.PublicService/Female/Experienced/ckmk_q_ps_f_e_182938.wav"},"answer":{"fileFormat":"wav","fileSize":2460878,"duration":76900,"samplingBit":16,"channelCount":1,"samplingRate":"16kHz","audioPath":"/Mock/03.PublicService/Female/Experienced/ckmk_a_ps_f_e_182938.wav"}}}