{"version":"1.0","dataSet":{"info":{"date":"20230116","occupation":"PS","channel":"MOCK","place":"ONLINE","gender":"FEMALE","ageRange":"55-","experience":"EXPERIENCED"},"question":{"raw":{"text":"지원자님은 제도적인 부패에 대하여 어떻게 생각하시는지 그리고 제도적 부패에 대해 어떤 대처 방법을 가지고 계시는지 말씀해 주시겠습니까","wordCount":17},"emotion":[],"intent":[]},"answer":{"raw":{"text":"세상을 살아가려고 할 때에는 어떠한 부패가 항상 만연해 있다고 생각이 듭니다. 사회적인 활동을 해보니 부패는 너무나도 많은 곳에 있었으며 어려운 사람들은 그 그 상황을 견디기가 더 힘들었다고 생각합니다. 저의 제 제도적 부패 대처 방법은 제가 하는 일이 공평하고 평등한 일을 하도록 노력했으며 부패를 미연에 방지하기 위하여 부패 대상이 되는 공무원이나 그 외의 기타 공공기관 사람들에게는 더 정당하게 올바른 지시와 올바른 행동을 했었다고 생각합니다. 그래서 그 결과 제도적 부패에 대응할 수 있는 기본적인 틀을 마련한 게 아닌가 합니다.","wordCount":77},"emotion":[],"intent":[{"text":"","expression":"","category":"attitude"}],"summary":{"text":"저는 제도적으로 부패에 대처하기 위해 공평하고 평등한 일을 하며 부패 대상이 되는 공무원이나 그 외 기타 공공기관 사람들에게는 더 정당하게 올바른 지시와 행동을 했습니다. 그 결과 제도적 부패에 대응할 수 있는 틀을 마련했습니다.","wordCount":33}}},"rawDataInfo":{"question":{"fileFormat":"wav","fileSize":638158,"duration":19940,"samplingBit":16,"channelCount":1,"samplingRate":"16kHz","audioPath":"/Mock/03.PublicService/Female/Experienced/ckmk_q_ps_f_e_240104.wav"},"answer":{"fileFormat":"wav","fileSize":1916238,"duration":59880,"samplingBit":16,"channelCount":1,"samplingRate":"16kHz","audioPath":"/Mock/03.PublicService/Female/Experienced/ckmk_a_ps_f_e_240104.wav"}}}