{"version":"1.0","dataSet":{"info":{"date":"20230116","occupation":"PS","channel":"MOCK","place":"ONLINE","gender":"FEMALE","ageRange":"-34","experience":"EXPERIENCED"},"question":{"raw":{"text":"지원자님의 일 년 후 미래는 어떨 것 같으세요 또한 십 년 후의 미래는 어떨 것 같은지 저희 회사에 계속 다니고 계실 것 같은지 말씀해 주시길 바랍니다","wordCount":26},"emotion":[],"intent":[]},"answer":{"raw":{"text":"어 제가 항상 요즘에 고민하고 있는 부분이긴 한데 저는 십 년 후에는 제가 결혼을 해 있었으면 좋겠습니다. 일단 가정을 꾸렸으면 좋겠고 이 회사에도 십 년 동안 다니면은 어 사실은 되게 좋은 일이거든요. 한 회사에 십 년을 다닐 수 있다는 거는 제가 이 회사에도 신뢰가 있는 거고 이 회사에서도 저를 굉장히 지지한다는 의미이기 때문에 저는 제가 십 년 후에 가정도 있고 이 일을 계속 유지하면서 이 회사에 남아있다면 사실 미래를 딱 그렇게 그리면 어떤 불안함 같은 거는 사라지는 것 같애요. 그래서 서로 계속 좋게 남아있다면 저는 정말 좋을 것 같고 만약에 그렇지 않다면 저는 이제 지금 현재 만나고 있는 친구와 결혼을 계획하고 있는데 그 친구도 운동 분야에 있는 친구라 같이 사업을 진행하기도 할 것 같애요. 그런 계획을 좀 저희도 가지고 있습니다.","wordCount":120},"emotion":[],"intent":[{"text":"","expression":"","category":"attitude"}],"summary":{"text":"저는 십 년 후에는 결혼을 해서 가정을 꾸렸으면 좋겠습니다. 이 회사에 십 년간 다니면서 가정을 꾸린다면 회사에서도 저를 지지한다는 의미이기 때문에 저는 이 일을 계속 유지하면서 회사에 남아있다면 불안함 같은 건 사라지는 것 같습니다.","wordCount":34}}},"rawDataInfo":{"question":{"fileFormat":"wav","fileSize":561038,"duration":17530,"samplingBit":16,"channelCount":1,"samplingRate":"16kHz","audioPath":"/Mock/03.PublicService/Female/Experienced/ckmk_q_ps_f_e_205356.wav"},"answer":{"fileFormat":"wav","fileSize":2658958,"duration":83090,"samplingBit":16,"channelCount":1,"samplingRate":"16kHz","audioPath":"/Mock/03.PublicService/Female/Experienced/ckmk_a_ps_f_e_205356.wav"}}}