{"version":"1.0","dataSet":{"info":{"date":"20230116","occupation":"PS","channel":"MOCK","place":"ONLINE","gender":"FEMALE","ageRange":"-34","experience":"EXPERIENCED"},"question":{"raw":{"text":"어 만약에 지금 본인이 내일 죽는다는 사실을 알게 된다면 당장 무엇을 하실 건가요 그리고 이 면접을 끝까지 계속 보실 건지도 궁금합니다","wordCount":21},"emotion":[],"intent":[]},"answer":{"raw":{"text":"만약 내일 제가 죽는다고 한다면 우선 저는 이 면접을 멋지게 볼 것 같습니다. 왜냐하면 이 면접은 저에게 굉장히 중요한 일 중에 하나기 때문인데요. 나에게 좋은 기회가 생겼고 이 좋은 기대에서 내가 만족하는 결과를 얻기 위해서 최선의 다해 답을 하고 이야기를 잘 나눌 것 같습니다. 그리고 이제 면접이 마치고 난 다음에 굳이 거창한 걸 하지 않고 뭐 집에 가서 맛있는 식사를 하고 가족들과 시간을 보낸 다음에 생을 마감할 것 같은데요. 아무래도 저는 그런 소소한 일상에서 오는 행복에 굉장히 크다고 생각이 됩니다. 우리가 거창하게 해외 여행을 간다거나 아니면 또 바로 국내 여행에 간다고 해도 그것은 좋은 기억과 좋은 그런 시간이 보냈다는 거에 굉장히 감동이 오는데 저는 내가 사랑하는 사람과 그냥 소소하게 일상을 보내는 것만으로도 우리가 익숙해서 알지 못하지 이것도 굉장히 큰 행복이라고 생각이 듭니다. 그래서 저는 내 면접을 마친 이후에 뭐 돼지고기를 먹을 거 소고기를 가족들과 함께 먹고 평소와는 다르게 티비보다는 영화관에 가서 영화를 본 다음에 생을 마감할 것 같습니다.","wordCount":148},"emotion":[],"intent":[{"text":"","expression":"","category":"attitude"}],"summary":{"text":"면접은 중요한 일 중 하나이기 때문에 제가 내일 죽는다고 해도 이 면접을 성공적으로 볼 것 같습니다. 그리고 이 면접 후에는 가족과 시간을 보내고 소소한 일상에서 오는 행복이 큰 행복이라고 생각합니다. 그래서 제 면접을 마친 이후에는 가족들과 함께 먹고 영화관에서 영화를 본 다음에 생을 마감할 것입니다.","wordCount":45}}},"rawDataInfo":{"question":{"fileFormat":"wav","fileSize":438478,"duration":13700,"samplingBit":16,"channelCount":1,"samplingRate":"16kHz","audioPath":"/Mock/03.PublicService/Female/Experienced/ckmk_q_ps_f_e_195333.wav"},"answer":{"fileFormat":"wav","fileSize":2565838,"duration":80180,"samplingBit":16,"channelCount":1,"samplingRate":"16kHz","audioPath":"/Mock/03.PublicService/Female/Experienced/ckmk_a_ps_f_e_195333.wav"}}}