{"version":"1.0","dataSet":{"info":{"date":"20230116","occupation":"PS","channel":"MOCK","place":"ONLINE","gender":"FEMALE","ageRange":"-34","experience":"EXPERIENCED"},"question":{"raw":{"text":"업무를 수행하다 보면 분쟁이 발생할 수 있습니다 업무를 수행할 때 분쟁이 발생한 경우 지원자님만의 대처법이 따로 있을까요 있다면 그게 무엇인지 말씀해 주세요","wordCount":22},"emotion":[],"intent":[]},"answer":{"raw":{"text":"업무시 분쟁이 발생했을 때를 대비해서 저만의 대처법이 있다면 저는 우선 그 사람의 감정에 공감을 하는 것을 우선으로 한다 라고 말씀해 드릴 수 있을 것 같습니다. 분쟁이 생겼다는 것은 이 사람의 의견과 나의 의견이 달라서 발생했다 라고 제가 이해를 할 수 있을 것 같은데요. 그래서 그런 분쟁 속에서 서로가 서로의 의견만을 고집을 하다 보면 이것은 해결되는 게 아니라 더욱더 커져 버리는 그러한 결과를 초래하게 됩니다. 그래서 만약에 저는 분쟁이 발생했다고 하면은 우선 왜 그렇게 생각하는지 그 의견에 대해서 이야기를 들을 것 같고요. 그리고 그 이야기를 듣고 이 사람 상황에서는 그럴 수 있었겠다 라고 이해를 한 다음에 그런 공감했다는 말을 할 것 같아요. 예를 들어서 에이 상황이라고 이야기를 해주셨는데 그런 상황 속에서라면 저도 에이라고 이야기를 할 것 같습니다. 하지만 저는 이 상황 속에서 에이라고 말을 할 수가 없었고 비라고 이야기를 하고 있는 거고요. 그리고 사실 이 두 개 의 의견이 틀렸다가 아니고 저희가 상황이 달랐잖아요. 여기에서 저희가 한번 맞춰가 보는 건 어떨까요. 이런 식으로 최대한 싸움이 일어나지 않게끔 최대한 에둘러서 둥글게 말을 해서 그 문제를 잘 극복해 나갈 것 같습니다.","wordCount":168},"emotion":[],"intent":[{"text":"업무시 분쟁이 발생했을 때를 대비해서 저만의 대처법이 있다면 저는 우선 그 사람의 감정에 공감을 하는 것을 우선으로 한다 라고 말씀해 드릴 수 있을 것 같습니다.","expression":"c_confl_mg","category":"personality"},{"text":"그래서 만약에 저는 분쟁이 발생했다고 하면은 우선 왜 그렇게 생각하는지 그 의견에 대해서 이야기를 들을 것 같고요.","expression":"c_confl_mg","category":"personality"},{"text":"이런 식으로 최대한 싸움이 일어나지 않게끔 최대한 에둘러서 둥글게 말을 해서 그 문제를 잘 극복해 나갈 것 같습니다.","expression":"c_confl_mg","category":"personality"}],"summary":{"text":"업무시 분쟁이 발생했을 때를 대비해서 저만의 대처법이 있다면 그 사람의 감정에 공감을 하는 것을 우선으로 한다 라고 말할 수 있을 것 같습니다. 서로 서로의 의견만을 고집하다 보면 이것은 해결되는 게 아니라 더욱더 커져 버리는 결과를 초래하게 됩니다. 최대한 싸움이 일어나지 않게끔 최대한 에둘러서 둥글게 말을 해서 그 문제를 잘 극복해 나갈 것 같습니다.","wordCount":53}}},"rawDataInfo":{"question":{"fileFormat":"wav","fileSize":537038,"duration":16780,"samplingBit":16,"channelCount":1,"samplingRate":"16kHz","audioPath":"/Mock/03.PublicService/Female/Experienced/ckmk_q_ps_f_e_195613.wav"},"answer":{"fileFormat":"wav","fileSize":2562638,"duration":80080,"samplingBit":16,"channelCount":1,"samplingRate":"16kHz","audioPath":"/Mock/03.PublicService/Female/Experienced/ckmk_a_ps_f_e_195613.wav"}}}