{"version":"1.0","dataSet":{"info":{"date":"20230116","occupation":"PS","channel":"MOCK","place":"ONLINE","gender":"FEMALE","ageRange":"55-","experience":"EXPERIENCED"},"question":{"raw":{"text":"지원자님이 생각하는 것이 아닌 주변 사람들이 말하는 지원자님의 자 장점과 단점에 대해 모두 말씀해 주세요","wordCount":15},"emotion":[],"intent":[]},"answer":{"raw":{"text":"저희 장점으로 보여지는 것은 어 단순하게 생각하고 남을 배려하며 그리고 긍정적인 마인드로 뭐든지 열심히 하는 그 태도 그게 저희 장점이고요. 저희 단점은 어 일을 한꺼번에 할 수 없고 어 늘어놓는 늘어놓는 늘어놓 왔다가 어 천천히 하는 게 제 단점인 것 같구요. 그리고 어 끝까지 모든 거를 완성하려고 하는 게 제 또 하나 장점이기도 합니다.","wordCount":54},"emotion":[],"intent":[{"text":"저희 장점으로 보여지는 것은 어 단순하게 생각하고 남을 배려하며 그리고 긍정적인 마인드로 뭐든지 열심히 하는 그 태도 그게 저희 장점이고요.","expression":"c_person","category":"background"}],"summary":{"text":"저희 장점은 단순하게 생각하고 남을 배려하며 긍정적인 마인드가 장점입니다. 단점은 일을 한꺼번에 할 수 없고 천천히 하는 것이며, 끝까지 완성하려고 합니다.","wordCount":21}}},"rawDataInfo":{"question":{"fileFormat":"wav","fileSize":535758,"duration":16740,"samplingBit":16,"channelCount":1,"samplingRate":"16kHz","audioPath":"/Mock/03.PublicService/Female/Experienced/ckmk_q_ps_f_e_234219.wav"},"answer":{"fileFormat":"wav","fileSize":1228238,"duration":38380,"samplingBit":16,"channelCount":1,"samplingRate":"16kHz","audioPath":"/Mock/03.PublicService/Female/Experienced/ckmk_a_ps_f_e_234219.wav"}}}