{"version":"1.0","dataSet":{"info":{"date":"20230116","occupation":"PS","channel":"MOCK","place":"ONLINE","gender":"FEMALE","ageRange":"35-44","experience":"EXPERIENCED"},"question":{"raw":{"text":"혹시 면접자님은 취미가 있으신가요 최근에 정말 재미있게 하고 있는 일이 있다 이 일이 정말 재미있다 왜 재미있는지 같이 이유랑 함께 설명을 해 주시면 좋겠습니다","wordCount":24},"emotion":[],"intent":[]},"answer":{"raw":{"text":"저는 어 필사를 시작을 했는데 그 활동을 굉장히 재미있게 하고 있습니다. 사실은 책을 읽을 때 어 좋은 구절이나 좀 이것들은 기억했으면 좋겠다 하는 것들을 체크를 하긴 하는데 다시 생각을 하려고 하면은 잘 안 들쳐 보기도 하고 막상 책을 끝까지 다 읽고 나면은 그냥 그 상태로 정리하는 시간을 잘 안 갖게 되더라구요. 근데 제가 그냥 시간 보내기용으로 읽는 책들인 거면 괜찮은데 좀 아쉽게 남는 책들이 있었어요. 뭔가 내가 더 기억하고 싶고 더 얘기했으면 좋겠는데 아 왜 이렇게 그냥 흘려보냈지 하는 것들이 있어서 뭔가 그 시간들을 조금 붙잡고 싶다는 생각이 들었고 그렇게 하게 되면은 음 어쨌든 제가 제 안에서 가지고 가는 것들이 많아지니까 그래서 그 방법을 찾던 중에 필사를 하는 거를 보게 됐고요. 필사가 천천히 독서하는 습관 중의 하나라고 하더라고요. 그래서 뭔가를 빨리 완독하고 하는 것보다 필사를 하면서 그 한 권 자체를 천천히 기억하면서 읽어나가고 있습니다.","wordCount":134},"emotion":[{"text":"저는 어 필사를 시작을 했는데   그 활동을 굉장히 재미있게 하고 있습니다.","expression":"p-interest","category":"positive"}],"intent":[{"text":"","expression":"","category":"attitude"}],"summary":{"text":"필사를 시작을 했는데 그 활동을 굉장히 재미있게 하고 있습니다. 사실 독서를 할 때 다시 생각을 하려고 하면은 잘 들쳐 보기도 하고 막상 끝까지 다 읽고 나서는 정리하는 시간을 잘 안 갖게 되었는데, 시간을 조금 붙잡고 싶다는 생각을 하게 되면서 천천히 독서하는 습관 중의 하나라고 하였습니다.","wordCount":45}}},"rawDataInfo":{"question":{"fileFormat":"wav","fileSize":483278,"duration":15100,"samplingBit":16,"channelCount":1,"samplingRate":"16kHz","audioPath":"/Mock/03.PublicService/Female/Experienced/ckmk_q_ps_f_e_181572.wav"},"answer":{"fileFormat":"wav","fileSize":2852878,"duration":89150,"samplingBit":16,"channelCount":1,"samplingRate":"16kHz","audioPath":"/Mock/03.PublicService/Female/Experienced/ckmk_a_ps_f_e_181572.wav"}}}