{"version":"1.0","dataSet":{"info":{"date":"20230116","occupation":"PS","channel":"MOCK","place":"ONLINE","gender":"FEMALE","ageRange":"55-","experience":"EXPERIENCED"},"question":{"raw":{"text":"살면서 우리는 다양한 뉴스들을 접하게 되는데요 지원자님께서 최근에 본 뉴스들 가운데 가장 인상 깊었던 뉴스는 무엇이었습니까 왜 그 뉴스가 인상 깊었는지에 대한 이유도 함께 말해 주세요","wordCount":26},"emotion":[],"intent":[]},"answer":{"raw":{"text":"얼마 전에 티비에서 해외 선교하는 의사들의 그 선교 영화를 영화를 찍는 뉴스가 있었습니다. 거기에 보니 아프리카의 어려운 아이들을 위한 아동 병원을 세우기 위해 열심히 모금하고 후원하는 의사들의 모습이 보였고요. 아 어린이들을 치료하기 위한 치료약과 어린이 들의 쉼터와 어린이들의 학교를 짓기 위해서 열심히 노력하는 젊은 의사들이 보였습니다. 내가 능력이 있다면 저런 의사들처럼 저렇게 가서 해외 선교처럼 의사로 태어났으면 좋지 않았을까 그런 생각도 했고요. 그런 생각과 더불어서 저는 나중에 퇴직을 하게 되면 중국이나 북한이나 이런 데 가서 어려운 사람들을 위한 어 의사로서의 역할인 마음의 의사인 상담으로 치유를 해 줄 수 있는 사람이 되고 싶었습니다.","wordCount":92},"emotion":[],"intent":[{"text":"","expression":"","category":"attitude"}],"summary":{"text":"티비에서 해외 선교하는 의사들의 선교 영화를 찍는 뉴스를 보았습니다. 아프리카의 어려운 아이들을 위한 아동 병원 건립을 위해 노력하는 의사들이 보였습니다. 나중에 퇴직을 하게 되면 상담으로 치유를 해 줄 수 있는 사람이 되고 싶었습니다.","wordCount":33}}},"rawDataInfo":{"question":{"fileFormat":"wav","fileSize":632398,"duration":19760,"samplingBit":16,"channelCount":1,"samplingRate":"16kHz","audioPath":"/Mock/03.PublicService/Female/Experienced/ckmk_q_ps_f_e_244955.wav"},"answer":{"fileFormat":"wav","fileSize":2433998,"duration":76060,"samplingBit":16,"channelCount":1,"samplingRate":"16kHz","audioPath":"/Mock/03.PublicService/Female/Experienced/ckmk_a_ps_f_e_244955.wav"}}}