{"version":"1.0","dataSet":{"info":{"date":"20230116","occupation":"PS","channel":"MOCK","place":"ONLINE","gender":"FEMALE","ageRange":"55-","experience":"EXPERIENCED"},"question":{"raw":{"text":"전공 외에 지원자분께서 수준급의 실력이 될 정도로 노력한 것이 있으십니까 있으시다면 전공과 관련해서 어떤 도움을 주는지 말씀해 주시기 바랍니다","wordCount":19},"emotion":[],"intent":[]},"answer":{"raw":{"text":"저의 전공은 포르투칼 어라는 외국어입니다. 이 외국어를 어 졸업 후에 제대로 써 본 것은 거의 없습니다. 일반적인 회화 정도 할 수 있을 정도인데요. 전공예에 수준급 실력이 들 정도로 노력한 것은 남편과 함께 홍콩이라는 어 해외로 나가서 주재원 생활을 하게 되었을 때 필요에 의해서 중국어를 배웠습니다. 오 년 동안 중국어를 배워서 일상생활에 무리가 없게 어 커뮤니케이션이 가능하게 되었죠. 그렇지만 전공과 관련해서 큰 도움을 준 거는 아니지만 그래도 어 해외 여행 해외 여행이나 또는 해외에 나갈 일이 있을 때는 간단한 인사말 정도는 할 수 있는 정도가 되었습니다. 그리고 정곤에 어떤 도움을 주지는 않지만 포르투칼 어가 스페인어의 옆이기 때문에 스페인어도 따로 공부해서 간단한 대화를 할 수 있을 정도가 되었습니다.","wordCount":106},"emotion":[{"text":"저의 전공은 포르투칼 어라는 외국어입니다.","expression":"u-fact","category":"neutral"}],"intent":[{"text":"저의 전공은 포르투칼 어라는 외국어입니다.","expression":"c_private","category":"background"}],"summary":{"text":"저는 전공과 무관하게 포르투칼 어를 전공했고, 졸업 후 제대로 써본 것은 거의 없습니다. 하지만 해외 주재원 생활을 하며 중국어를 배웠고, 오 년 동안 그로 인해 커뮤니케이션이 가능해졌습니다. 전공과 무관하지만 스페인어도 따로 공부해서 간단한 대화를 할 수 있을 정도가 되었습니다.","wordCount":39}}},"rawDataInfo":{"question":{"fileFormat":"wav","fileSize":548558,"duration":17140,"samplingBit":16,"channelCount":1,"samplingRate":"16kHz","audioPath":"/Mock/03.PublicService/Female/Experienced/ckmk_q_ps_f_e_245212.wav"},"answer":{"fileFormat":"wav","fileSize":2160078,"duration":67500,"samplingBit":16,"channelCount":1,"samplingRate":"16kHz","audioPath":"/Mock/03.PublicService/Female/Experienced/ckmk_a_ps_f_e_245212.wav"}}}