{"version":"1.0","dataSet":{"info":{"date":"20230116","occupation":"PS","channel":"MOCK","place":"ONLINE","gender":"FEMALE","ageRange":"45-54","experience":"EXPERIENCED"},"question":{"raw":{"text":"훈육에 대해 어떻게 생각하시는지 어떤 훈육이 가장 바람직한 방향이라 생각하는지 이유와 함께 말씀해 주세요","wordCount":14},"emotion":[],"intent":[]},"answer":{"raw":{"text":"훈육 기본적으로 어 어느 정도의 훈육은 필요합니다. 어 인간은 배워야 하고 뭐 규칙이나 규율에 대해서 몸에 체득이 돼야 하는데 그 체득되는 과정 자체가 어 어린아이들에게는 훈육 과정을 통해서 효과적으로 체득이 될 수 있다고 생각을 하고요. 그리고 하지만 이제 훈육이 자칫하면은 훈육을 받는 그 대상자 아이들에게 굉장히 강제적이고 강압적이고 본인이 전혀 원하지 않고 납득도 되지 않는 상태에서 훈육을 당한다는 건 그 폭력에 가깝기 때문에 그런 훈육이 아니라 최대한 훈육을 당하는 훈육 대상자가 자신이 어 훈육을 통해서 무엇을 배워야 하고 그것이 왜 필요한지를 납득하고 그리고 본인의 자율적인 결정도 어 충분히 어 융통성 있게 훈육 과정에서 적용이 될 수 있도록 그런 식으로 아이들과 대화를 하면서 훈육을 이끌어 가야 되고 일방적인 어떤 어 훈육이라기보다는 좀 야단을 치는 그런 비난의 그런 부분은 상당히 배제되어야 훈육의 효과가 훨씬 크다고 봅니다.","wordCount":124},"emotion":[],"intent":[{"text":"","expression":"","category":"attitude"}],"summary":{"text":"훈육의 효과를 높이기 위해서는 어느 정도의 규칙이나 규율이 필요하다고 봅니다. 하지만 일방적으로 야단치는 그런 부분은 배제되어야 효과가 훨씬 크다고 생각합니다.","wordCount":20}}},"rawDataInfo":{"question":{"fileFormat":"wav","fileSize":382478,"duration":11950,"samplingBit":16,"channelCount":1,"samplingRate":"16kHz","audioPath":"/Mock/03.PublicService/Female/Experienced/ckmk_q_ps_f_e_185764.wav"},"answer":{"fileFormat":"wav","fileSize":2658638,"duration":83080,"samplingBit":16,"channelCount":1,"samplingRate":"16kHz","audioPath":"/Mock/03.PublicService/Female/Experienced/ckmk_a_ps_f_e_185764.wav"}}}