{"version":"1.0","dataSet":{"info":{"date":"20230116","occupation":"PS","channel":"MOCK","place":"ONLINE","gender":"FEMALE","ageRange":"55-","experience":"EXPERIENCED"},"question":{"raw":{"text":"어 님께서 스스로의 성격상 장점과 단점에 대해 각각 말씀해 주시길 바랍니다 어 그리고 그것에 대해 구체적인 예시도 들어서 설명해 주세요","wordCount":20},"emotion":[],"intent":[]},"answer":{"raw":{"text":"장점이 참 많다고 생각합니다. 제가 자 저를 자랑하는 건 좀 우습긴 하지만 저는 꽤 유쾌한 성격이고요. 어 건강하고 정직하고 부드럽고 활기차며 배려심이 많고 어 사교성도 좀 있는 것 같고요. 너그러운 마음에 감성적인 면도 좀 있습니다. 그리고 뭐든지 열심히 하는 것과 부지런하고 어 남들한테 친절하려고 하고 그 다음에 좀 호기심도 좀 있어서 이것 저것 배우고 싶은 게 많구요. 그리고 조금 음 수줍어하는 면도 있고요. 성실하고 깔끔하고 그리고 남들이 저를 보고 포근한 느낌이 든다고 합니다. 단점은 어 너무 남의 말을 잘 들어주는 것도 단점이라고 할 수 있을까요. 그리고 조금은 게으름을 떨 때도 있구요. 어 그다음에 어 뭐든지 어 내가 한 번 하면 너무 열심히 해서 끝까지 하려고 하는 것도 잔 단점이라고 생각합니다.","wordCount":110},"emotion":[{"text":"그리고 조금 음 수줍어하는 면도 있고요.","expression":"n-shame","category":"negative"}],"intent":[{"text":"제가 자 저를 자랑하는 건 좀 우습긴 하지만 저는 꽤 유쾌한 성격이고요.","expression":"c_person","category":"background"},{"text":"어 건강하고 정직하고 부드럽고 활기차며 배려심이 많고 어 사교성도 좀 있는 것 같고요.","expression":"c_person","category":"background"},{"text":"너그러운 마음에 감성적인 면도 좀 있습니다.","expression":"c_person","category":"background"},{"text":"그리고 뭐든지 열심히 하는 것과 부지런하고 어 남들한테 친절하려고 하고 그 다음에 좀 호기심도 좀 있어서 이것 저것 배우고 싶은 게 많구요.","expression":"c_person","category":"background"},{"text":"그리고 조금 음 수줍어하는 면도 있고요.","expression":"c_person","category":"background"},{"text":"성실하고 깔끔하고 그리고 남들이 저를 보고 포근한 느낌이 든다고 합니다.","expression":"c_person","category":"background"},{"text":"단점은 어 너무 남의 말을 잘 들어주는 것도 단점이라고 할 수 있을까요.","expression":"c_person","category":"background"},{"text":"그리고 조금은 게으름을 떨 때도 있구요.","expression":"c_person","category":"background"}],"summary":{"text":"저는 유쾌한 성격, 건강, 정직, 부드럽고 활기차며 배려심, 사교성이 있는 등 장점이 많습니다. 하지만 남의 말을 잘 들어주는 단점, 게으름을 피우는 단점, 열심히 해서 끝까지 하려는 단점도 있습니다.","wordCount":28}}},"rawDataInfo":{"question":{"fileFormat":"wav","fileSize":463438,"duration":14480,"samplingBit":16,"channelCount":1,"samplingRate":"16kHz","audioPath":"/Mock/03.PublicService/Female/Experienced/ckmk_q_ps_f_e_245207.wav"},"answer":{"fileFormat":"wav","fileSize":2452878,"duration":76650,"samplingBit":16,"channelCount":1,"samplingRate":"16kHz","audioPath":"/Mock/03.PublicService/Female/Experienced/ckmk_a_ps_f_e_245207.wav"}}}