{"version":"1.0","dataSet":{"info":{"date":"20230116","occupation":"PS","channel":"MOCK","place":"ONLINE","gender":"FEMALE","ageRange":"55-","experience":"EXPERIENCED"},"question":{"raw":{"text":"지원자님께서는 지금까지 살아오시면서 인내심의 한계를 느껴보신 적이 있으십니까 만약 있으시다면 그 경험이 어떤 거였는지 말씀해 주세요","wordCount":16},"emotion":[],"intent":[]},"answer":{"raw":{"text":"인내심의 한계요. 인내심의 한계 있었던 것 같은데 사실 너무 이게 조금 순간적인 감정이긴 해서 근데 정말 그런 경우였던 것 같아요. 어 정말 너무 너무 막무가내로 억지를 계속 부리는 분이셨는데 이게 평소 같은 어떤 그 정도의 손님이 하다가 그냥 본인 기운에 못 이겨서 그냥 나가버리시고 그냥 일방적인 썽을 내시다가 나가는 게 대다수였다면 그분은 정말 뭐 하나 끝장 날 때까지 계속 멈추질 않으셨어요. 네 어떤 모욕적인 말도 서슴없이 하셨고 계속 주변에 계신 다른 손님들한테까지 피해를 끼치시면서 계속 네 막 뭐 집어 던질 것 같이 그러셨고 집어 던진 것도 있고요. 잡지나 이런 건 다 집어 던졌고 그래서 그때 정말 네 가장 심하게 생각을 했던 것 같아요 그 손님에 대한 부분으로. 네 그랬었습니다.","wordCount":109},"emotion":[],"intent":[{"text":"","expression":"","category":"attitude"}],"summary":{"text":"인내심의 한계요? 인내심의 한계가 있었던 것 같은데 정말 그런 경우였던 것 같습니다. 평소 같은 정도의 손님이 하다가 그냥 본인 기운에 못 이겨서 그냥 나가버리시고 일방적인 썽을 내시다가 나가는 게 대다수였다면 계속 멈추지 않았을 것입니다.","wordCount":34}}},"rawDataInfo":{"question":{"fileFormat":"wav","fileSize":609998,"duration":19060,"samplingBit":16,"channelCount":1,"samplingRate":"16kHz","audioPath":"/Mock/03.PublicService/Female/Experienced/ckmk_q_ps_f_e_179687.wav"},"answer":{"fileFormat":"wav","fileSize":2889358,"duration":90290,"samplingBit":16,"channelCount":1,"samplingRate":"16kHz","audioPath":"/Mock/03.PublicService/Female/Experienced/ckmk_a_ps_f_e_179687.wav"}}}