{"version":"1.0","dataSet":{"info":{"date":"20230116","occupation":"PS","channel":"MOCK","place":"ONLINE","gender":"FEMALE","ageRange":"35-44","experience":"EXPERIENCED"},"question":{"raw":{"text":"지원자님이 이루고 싶은 인생의 목표가 있을까요 그 목표는 무엇이고 이루고 싶은 이유도 말씀해 주세요","wordCount":14},"emotion":[],"intent":[]},"answer":{"raw":{"text":"제가 이루고 싶은 목표가 있다면 어 아이를 잘 키우는 것입니다. 그래서 어 아이를 키우는 일에 매진을 하면서 필요한 일들을 진행을 하고 있는데 어 아이가 음 자신이 원하는 바를 어 독립적으로 할 수 있는 사람으로 어 잘 키우는 것입니다. 그래서 어 자신이 원하는 일이라든지 사람을 선택하는 것이라든지 혹은 어떤 적성에 맞는 그런 맞는 일을 선택을 한다던지 그런 일을 할 때 제가 어렸을 때 그것들을 여러 방면에서 제공을 해 주어서 어 자신이 원하는 바를 어 본인의 어 부모의 강요에 의한 것이 아니고 자신 스스로 선택하고 그것들을 스스로 독립할 수 있는 어 아이로 잘 키우는 것입니다. 그럴 때 음 아이에게 어 교육관이라든지 신앙관이 잘 성립이 돼야 하는데 그것들을 어 제가 다른 시간을 내어서 그것들을 잘 기초 위에 잘 교육을 시킬 것이고 또 어 아이를 키울 때 어 또 아이를 키울 때 어 그것들을 어 새로운 세상을 많이 경험을 시켜주고 싶습니다. 그래서 어 많은 어 친구들을 사귀고 많은 새로운 환경에서 접해서 새로운 것을 받아들이고 어 탐색하는 그런 사람으로 만들고 싶습니다.","wordCount":156},"emotion":[],"intent":[{"text":"","expression":"","category":"attitude"}],"summary":{"text":"제가 이루고 싶은 목표는 아이가 독립적으로 할 수 있는 사람으로 잘 키우는 것입니다. 제가 어렸을 때 그것들을 여러 방면에서 제공 해 주어서 자신이 원하는 바를 스스로 선택하고 독립할 수 있는 아이로 잘 키울 수 있을 때 교육관, 신앙관이 잘 성립이 돼 새로운 세상을 많이 경험 시켜주고 싶습니다.","wordCount":47}}},"rawDataInfo":{"question":{"fileFormat":"wav","fileSize":400718,"duration":12520,"samplingBit":16,"channelCount":1,"samplingRate":"16kHz","audioPath":"/Mock/03.PublicService/Female/Experienced/ckmk_q_ps_f_e_246355.wav"},"answer":{"fileFormat":"wav","fileSize":3847118,"duration":120220,"samplingBit":16,"channelCount":1,"samplingRate":"16kHz","audioPath":"/Mock/03.PublicService/Female/Experienced/ckmk_a_ps_f_e_246355.wav"}}}