{"version":"1.0","dataSet":{"info":{"date":"20230116","occupation":"PS","channel":"MOCK","place":"ONLINE","gender":"FEMALE","ageRange":"35-44","experience":"EXPERIENCED"},"question":{"raw":{"text":"지원자님께서 직장을 선택할 때 가장 중요하게 생각하시는 세 가지가 있다면 지원자님은 각각 무엇인지 이유와 설명해 주세요","wordCount":16},"emotion":[],"intent":[]},"answer":{"raw":{"text":"제가 직장을 선택을 할 때 가장 중요하게 생각하는 세 가지가 있다면 저는 언어에 어 비전에 대해서 많이 어 면접을 볼 때 이야기를 하면서 그것들을 따라가는 편입니다. 제가 저번에 학원에서 일을 할 때 선생님께서 어 교육의 기회를 받지 못하는 학생들이나 또 가지고 있는 종교적인 어 교육들을 어 또 무료로 제공을 하고 또 음 저번에는 청크 학습을 통해서 어 교사들에게 학생들에게 음 쉽게 배울 수 있고 또 교사들도 쉽게 배울 수 있고 어 그래서 그 학습을 통해서 아웃풋을 할 수 있기 때문에 그것들을 정말 효과적으로 어 가지고 있는 방법이기 때문에 오너의 또 비전과 태도에 대해서 또 제가 많이 어 중요하게 생각을 합니다. 그리고 두 번째로는 회사가 탄탄한 지에 대해서 많이 보는데 회사가 아무리 좋은 비전이나 또 태도를 갖고 있다 할지라도 어 회사가 탄탄하지 못하면 이제 일자리에 대한 그거에 대한 부분을 제 확실하게 보장을 받지 못하기 못하고 또 어 인지도가 어느 정도 있는 회사가 아니고 어 신설 회사라면 제가 많은 어 어려움을 겪을 수 있기 때문에 제가 회사가 탄탄한 회사인지 어 중요하게 생각을 하면서 봅니다. 그리고 마지막으로는 팀 분위기인데 팀 안에서 서로 어 심리 교사의 어 제가 잘 모르는 것이 있을 때 어 배울 수 있는 심리 상사가 있는지 아니면 서로 화합하는 분위기인지 그것들을 중요하게 생각을 해서 봅니다.","wordCount":195},"emotion":[],"intent":[{"text":"","expression":"","category":"attitude"}],"summary":{"text":"저는 직장을 선택할 때 언어에 비전에 대해 많이 따라가는 편입니다. 학원에서 일을 할 때 선생님께서 무료로 교육들을 제공하고 청크 학습을 통해서 교사들에게 쉽게 배울 수 있어서 그것들을 아주 효과적으로 가지고 있는 방법이기 때문에 오너의 또 비전과 태도에 대해서 제가 많이 중요하게 생각을 합니다.","wordCount":43}}},"rawDataInfo":{"question":{"fileFormat":"wav","fileSize":489998,"duration":15310,"samplingBit":16,"channelCount":1,"samplingRate":"16kHz","audioPath":"/Mock/03.PublicService/Female/Experienced/ckmk_q_ps_f_e_233327.wav"},"answer":{"fileFormat":"wav","fileSize":3768398,"duration":117760,"samplingBit":16,"channelCount":1,"samplingRate":"16kHz","audioPath":"/Mock/03.PublicService/Female/Experienced/ckmk_a_ps_f_e_233327.wav"}}}