{"version":"1.0","dataSet":{"info":{"date":"20230116","occupation":"PS","channel":"MOCK","place":"ONLINE","gender":"FEMALE","ageRange":"35-44","experience":"EXPERIENCED"},"question":{"raw":{"text":"일을 하다가 간혹 업무량이 과도하게 많아질 수도 있습니다 그럴 때에도 잘 버틸 자신이 있으신가요","wordCount":14},"emotion":[],"intent":[]},"answer":{"raw":{"text":"일을 하다 보면 업무량이 과도하게 많아질 수 있는데 어 저는 그것을 어 이전 직장에서 많이 어 훈련을 했습니다. 저는 학원에서 일을 하다가 어 공부에 갈증을 느껴서 어 학교 어 초등학교에서 일을 하면서 음 대학원 공부를 병행을 했습니다. 그래서 그때 그것들이 어 시너지 효과를 주는 경험을 했습니다. 어 처음에는 어렵고 자는 시간도 쭐어들었고 자는 시간도 많이 없었지만 어 제가 공부를 하면서 어 일할 때 느꼈던 필요한 부분들을 많이 해소하는 것을 경험을 했습니다. 그래서 어 현 어 현장에서 궁금한 부분들이 있다면 교수님께 물어보아서 교수님들이 실제로 연구소에서 일을 하시는 분들이 많았기 때문에 그 실제 현장 경험들을 배울 수가 있었습니다. 그래서 그 문제들이 서로 시너지 효과를 준다는 것을 알게 되어서 어 두 가지 모두 병행을 잘 할 수 있었습니다. 그리고 또 제가 어 쉬는 시간을 두어서 그 업무량이 많아질 때에 어 밖을 걷는다든지 또 제가 외향형이기 때문에 친구와 그것들을 같이 어 고민되는 부분을 상의를 했을 때 제가 더 어 에너지가 충족이 돼서 그 일에 어 활력을 가지고 일을 할 수가 있었습니다. 그래서 어 주말에 피로를 풀고 일을 했습니다.","wordCount":164},"emotion":[{"text":"저는 학원에서 일을 하다가 어 공부에 갈증을 느껴서 어 학교 어 초등학교에서 일을 하면서 음 대학원 공부를 병행을 했습니다.","expression":"u-fact","category":"neutral"}],"intent":[{"text":"","expression":"","category":"attitude"}],"summary":{"text":"업무량이 과도하게 많아질 수 있는데 학원에서 일을 하면서 공부에 갈증을 느껴서 대학원 공부를 병행했습니다. 그것들이 시너지 효과를 주었고 공부와 일할 때 느꼈던 필요한 부분들을 많이 해소하는 것을 경험을 했습니다. 또 쉬는 시간을 두어서 업무량이 많아질 때 밖을 걷거나 친구와 고민사항을 상의를 했을 때 에너지가 충족되어 일을 할 수 있었습니다.","wordCount":49}}},"rawDataInfo":{"question":{"fileFormat":"wav","fileSize":281678,"duration":8800,"samplingBit":16,"channelCount":1,"samplingRate":"16kHz","audioPath":"/Mock/03.PublicService/Female/Experienced/ckmk_q_ps_f_e_246621.wav"},"answer":{"fileFormat":"wav","fileSize":3854158,"duration":120440,"samplingBit":16,"channelCount":1,"samplingRate":"16kHz","audioPath":"/Mock/03.PublicService/Female/Experienced/ckmk_a_ps_f_e_246621.wav"}}}