{"version":"1.0","dataSet":{"info":{"date":"20230116","occupation":"PS","channel":"MOCK","place":"ONLINE","gender":"FEMALE","ageRange":"45-54","experience":"EXPERIENCED"},"question":{"raw":{"text":"고객들이 불만을 쏟아내는 상황에서 지원자님께서는 어떻게 대처하시나요 그렇게 대처하는 이유도 말씀해 주세요","wordCount":12},"emotion":[],"intent":[]},"answer":{"raw":{"text":"아 그까 불만을 쏟아내는 상황이라면 그것도 이 고객들 이라고 말씀하셨잖아요. 그렇다면 이제 그럴 만한 사유가 있을 겁니다. 그렇기 때문에 아 왜 저렇게 불만이 많아 이런게 마음속으로 생각을 하면 이게 표정에서나 그다음 대화를 할 때 은연중에 나올 수가 있기 때문에 사실은 왜 불만을 쏟아내는지 그까 역지사지로 생각을 해 봐야 될 것 같습니다. 그 상대방 고객의 입장에서 생각을 해야 하구요. 어 그래서 어 왜 그런지 잘 듣고 아 수궁 그까 동조가 좀 필요할 것 같습니다. 그래서 잘 일단 경청을 하고 어 그럴 수도 있겠다 나라도 그렇겠다 이렇게 같은 입장임을 충분히 이제 그 이해를 시키구요. 그러면서 어 어떤 변명 같지 않게 또 회사의 어떤 입장을 잘 어 이해시켜야 이해시켜 드려야 하고 그런 부분이 뭐 책임회피라던지 이런 걸로 들리지 않게 그까 그 사실적인 측면을 얘기해 드리고 또 불만을 해소시킬 수 있는 그 방안을 어 찾겠다 그런 진정성 있는 그런 대화를 유도하는 게 중요하다고 생각합니다.","wordCount":140},"emotion":[],"intent":[{"text":"","expression":"","category":"attitude"}],"summary":{"text":"불만을 쏟아 내는 상황이라면 그것은 고객들 이라고 했을 때 그럴 만한 사유가 있을 것입니다. 그렇기 때문에 불만을 쏟아내는 상황을 역지사지로 생각을 해 봐야 될 것 같습니다. 그리고 그 사실적인 측면을 얘기하고 또 불만을 해소시킬 수 있는 방안을 찾겠다는 진정성 있는 대화를 유도하는 게 중요하다고 생각합니다.","wordCount":45}}},"rawDataInfo":{"question":{"fileFormat":"wav","fileSize":396878,"duration":12400,"samplingBit":16,"channelCount":1,"samplingRate":"16kHz","audioPath":"/Mock/03.PublicService/Female/Experienced/ckmk_q_ps_f_e_229241.wav"},"answer":{"fileFormat":"wav","fileSize":2944078,"duration":92000,"samplingBit":16,"channelCount":1,"samplingRate":"16kHz","audioPath":"/Mock/03.PublicService/Female/Experienced/ckmk_a_ps_f_e_229241.wav"}}}