{"version":"1.0","dataSet":{"info":{"date":"20230116","occupation":"PS","channel":"MOCK","place":"ONLINE","gender":"FEMALE","ageRange":"45-54","experience":"EXPERIENCED"},"question":{"raw":{"text":"직무가 지원자의 적성과 맞지 않는다는 상황을 가정하여 어떻게 대처하실 건지 말씀해 주세요","wordCount":12},"emotion":[],"intent":[]},"answer":{"raw":{"text":"아 사실 저는 뭐 적성이라는 부분을 아 그렇게 신뢰하지는 않는데요. 어 뭐 어떤 일이든 세상에 태어나서 못할 일은 없다 라는 생각을 하고 일단 일을 하려고 선택을 했다면 내가 못할 일 그 전혀 못할 일을 선택을 하지는 않았을 거라 생각을 하고요. 그렇기 때문에 업무를 하다가 적성에 맞지 않는다는 것은 내가 노력한 만큼의 어떤 성과가 없었기 때문에 그런 그 실망감이나 이런 것 때문에 그렇지 않을까 생각을 하구요. 적성에 맞지 않다기보다는 좀 더 노력을 해서 어떤 성과 거두면 어 내가 맞지 않는다 생각을 했었지만 그 부분이 또 바뀔 수도 있는 거기 때문에 어 그까 생각은 늘 변화하지 않습니까. 그렇기 때문에 어 그런 생각을 하기보다는 어 다른 방법으로 더 노력하는 방법을 강구해 보도록 할 거구요. 음 그까 적성에 맞지 않는다는 것은 어 예 말이 안 된다고 생각합니다.","wordCount":123},"emotion":[],"intent":[{"text":"","expression":"","category":"attitude"}],"summary":{"text":"업무를 하다가 적성에 맞지 않는다는 것은 제가 노력한 만큼의 어떤 성과가 없었기 때문에 실망감 때문에 그런 것이라고 생각합니다. 더 노력을 해서 어떤 성과를 거두면 바뀔 수 있기 때문에 다른 방법으로 더 노력하는 방법을 강구해 보도록 할 것입니다.","wordCount":37}}},"rawDataInfo":{"question":{"fileFormat":"wav","fileSize":282318,"duration":8820,"samplingBit":16,"channelCount":1,"samplingRate":"16kHz","audioPath":"/Mock/03.PublicService/Female/Experienced/ckmk_q_ps_f_e_237285.wav"},"answer":{"fileFormat":"wav","fileSize":2491278,"duration":77850,"samplingBit":16,"channelCount":1,"samplingRate":"16kHz","audioPath":"/Mock/03.PublicService/Female/Experienced/ckmk_a_ps_f_e_237285.wav"}}}