{"version":"1.0","dataSet":{"info":{"date":"20230116","occupation":"PS","channel":"MOCK","place":"ONLINE","gender":"FEMALE","ageRange":"55-","experience":"EXPERIENCED"},"question":{"raw":{"text":"악법도 법이다 라는 말이 있습니다 이 말에 대해 어떻게 생각하시는지 이유와 함께 설명 부탁드립니다","wordCount":14},"emotion":[],"intent":[]},"answer":{"raw":{"text":"소크라테스의 이 말이 현대에서는 맞지 않는다고 합니다. 악법은 법이 아니다 라는 말이 있습니다. 반대로 악법은 서로 바꾸어서 제대로 된 법으로 바꿔야 되는 게 옳다는 생각은 제 상 제 생각입니다. 그 당시의 상황에 있어서 소크라테스는 악법도 법이다 라고 했지만 현 세상에 있어서는 정의와 평등과 이런 그런 세상에서 악법을 끝까지 법이라고 우길 수는 없을 것 같습니다. 악법은 제대로 된 법으로 바꿔서 평등하고 공평하게 공정하게 법으로 바꾸는 게 좋을 것 같습니다. 모든 법이 다 올바르게 되지는 않았으니 항상 그 악법일이 된 법을 발견해서 새롭게 정당한 법으로 바꿀 수 있도록 노력해야 하겠습니다.","wordCount":88},"emotion":[],"intent":[{"text":"","expression":"","category":"attitude"}],"summary":{"text":"현 세상에 있어서 정의와 평등과 같은 현실에서 악법을 끝까지 법이라고 우길 수는 없을 것 같습니다. 악법일이 된 법을 발견해서 새롭게 정당한 법으로 바꿀 수 있도록 노력해야 할 것입니다.","wordCount":28}}},"rawDataInfo":{"question":{"fileFormat":"wav","fileSize":287438,"duration":8980,"samplingBit":16,"channelCount":1,"samplingRate":"16kHz","audioPath":"/Mock/03.PublicService/Female/Experienced/ckmk_q_ps_f_e_245090.wav"},"answer":{"fileFormat":"wav","fileSize":2110798,"duration":65960,"samplingBit":16,"channelCount":1,"samplingRate":"16kHz","audioPath":"/Mock/03.PublicService/Female/Experienced/ckmk_a_ps_f_e_245090.wav"}}}