{"version":"1.0","dataSet":{"info":{"date":"20230116","occupation":"PS","channel":"MOCK","place":"ONLINE","gender":"FEMALE","ageRange":"45-54","experience":"EXPERIENCED"},"question":{"raw":{"text":"이전 직장을 그만둔 이유가 있나요 그리고 현 직장도 같은 이유로 그만둘 가능성이 있는지 말씀해 주세요","wordCount":15},"emotion":[],"intent":[]},"answer":{"raw":{"text":"어 저는 아이가 있어서 육아와 일에 좀 동시에 어 수행을 해야 하는 상황이었습니다. 그래서 뭐 직장 가까운 곳에 어 어린이집을 구하고 또 일을 하고 있었는데 그런 부분들이 굉장히 어려움이 많았습니다. 아무래도 회사가 조금 보수적이다 보니까 육아 휴직이라던가 유연 근무를 생각보다 잘 사용 하지 않더라구요. 그러다 보니 좀 제가 쓰는 게 조금 눈치가 보이는 부분도 있었고 또 승진에서도 조금 불이익을 당한 부분이 있어서 그 육아를 와 일에 좀 발란스가 맞는 워라벨이 좀 맞는 회사를 찾기 위해서 이직을 결심하게 되었습니다.","wordCount":78},"emotion":[],"intent":[{"text":"","expression":"","category":"attitude"}],"summary":{"text":"저는 아이가 있어서 육아와 일을 동시에 수행해야 하는 상황이었습니다. 회사 분위기가 보수적이라 유연 근무를 잘 사용하지 않아 눈치가 보였고, 승진에서 불이익을 당해 워라벨이 맞는 회사로 이직을 결심했습니다.","wordCount":27}}},"rawDataInfo":{"question":{"fileFormat":"wav","fileSize":385358,"duration":12040,"samplingBit":16,"channelCount":1,"samplingRate":"16kHz","audioPath":"/Mock/03.PublicService/Female/Experienced/ckmk_q_ps_f_e_244215.wav"},"answer":{"fileFormat":"wav","fileSize":1524558,"duration":47640,"samplingBit":16,"channelCount":1,"samplingRate":"16kHz","audioPath":"/Mock/03.PublicService/Female/Experienced/ckmk_a_ps_f_e_244215.wav"}}}