{"version":"1.0","dataSet":{"info":{"date":"20230116","occupation":"PS","channel":"MOCK","place":"ONLINE","gender":"FEMALE","ageRange":"45-54","experience":"EXPERIENCED"},"question":{"raw":{"text":"지원자님의 의견을 주장하실 때 보통 강하게 주장하는 편이신가요 혹은 어떤 스타일로 본인의 의견을 주장하시는지 솔직히 말씀해 주세요","wordCount":17},"emotion":[],"intent":[]},"answer":{"raw":{"text":"의견을 주장할 때 이것이 뭐 제가 자주 어 타의 타인의 의견에 반해 내 의견이 옳다고 자주 주장하는 편은 아닙니다. 근데 어 신중히 생각해보고 논리적으로 생각해 봤을 때 내가 이야기하는 부분이 내가 주장하는 부분이 정말 맞다 라고 생각하면 강하게 어필합니다. 강하게 어필하되 뭐 다른 사람들과 말싸움이나 논리에서 이기려는 그런 식의 어필을 하지는 않고요. 어 충분히 설득력 있고 그다음 논리적인 어떤 근거를 가지고 그들에게 제 주장을 설득하려고 노력하는 편입니다. 상대방이 납득하고 설득 당해서 어 그 그래서 제가 주장하는 것들이 옳다는 걸 증명해 낼 수 있다는 굉장히 증명해 내는 걸 굉장히 어 좋아하는 편이고요. 어 하지만 이제 반대로 어 주 자 저의 주장이 잘못되고 논리적으로 근거가 희박하다면 어 상대방이 어 훨씬 더 근거가 있고 논리적이고 설득력 있는 주장을 할 때는 그 주장이 또 어 어 논리적으로 접근할 때는 쿨하게 인정하고 바로 또 인정함과 동시에 그 일에 함께 할 수 있는 그런 마인드도 같이 갖고 있습니다.","wordCount":142},"emotion":[],"intent":[{"text":"","expression":"","category":"attitude"}],"summary":{"text":"제가 주장하는 부분이 맞다 라고 생각하면 강하게 어필합니다. 설득력 있고 논리적 근거를 가지고 제 주장을 설득하려고 노력하는 편이지만 반대로 제가 잘못되고 논리적으로 근거가 희박하다면 논리적으로 접근할 때는 쿨하게 인정하고 바로 또 인정함과 동시에 그 일에 함께 할 수 있는 마인드도 가지고 있습니다.","wordCount":42}}},"rawDataInfo":{"question":{"fileFormat":"wav","fileSize":574158,"duration":17940,"samplingBit":16,"channelCount":1,"samplingRate":"16kHz","audioPath":"/Mock/03.PublicService/Female/Experienced/ckmk_q_ps_f_e_185766.wav"},"answer":{"fileFormat":"wav","fileSize":2503758,"duration":78240,"samplingBit":16,"channelCount":1,"samplingRate":"16kHz","audioPath":"/Mock/03.PublicService/Female/Experienced/ckmk_a_ps_f_e_185766.wav"}}}