{"version":"1.0","dataSet":{"info":{"date":"20230116","occupation":"PS","channel":"MOCK","place":"ONLINE","gender":"FEMALE","ageRange":"45-54","experience":"EXPERIENCED"},"question":{"raw":{"text":"지원자님은 스트레스 해소 방법을 갖고 계신가요 왜 그 방법으로 스트레스를 해소하시는지 이유도 함께 말씀해 주시길 바랍니다","wordCount":16},"emotion":[],"intent":[]},"answer":{"raw":{"text":"제가 업무를 하다 보면 스트레스 쌓일 때가 있습니다. 그렇게 스트레스를 쌓야 스트레스가 많이 쌓일 때는 예전에는 주로 좀 걷는 쪽을 선택해서 생각을 크게 하지 않고 무작정 걷다가 이 집으로 돌아오면 기분이 좀 전환되거나 감정도 안정되는 그런 모습이 있었는데요. 지금은 그것보다 조금 더 나은 제 스트레스 해소 방법은 등산입니다. 산을 오를 때는 땀도 많이 나고 너무 힘들고 숨도 차서 올라가는 중에 도중에 포기할까 이런 생각도 듭니다. 그런데 이상하게 끝까지 올라가서 정상에서 내려다보는 그 산세나 어 맑은 공기 그리고 이제 정상 속에서 찍는 인증샷 그걸 보고 있으면 그걸 또 마무리하고 나면 그렇게 기분이 좋을 수가 없습니다. 산에 올라갔다 내려오는 것이 지금 현재 제 가장 스트레스를 푸는 최적의 방법이라고 생각합니다.","wordCount":107},"emotion":[{"text":"그런데 이상하게 끝까지 올라가서 정상에서 내려다보는 그 산세나 어 맑은 공기 그리고 이제 정상 속에서 찍는 인증샷   그걸 보고 있으면 그걸 또 마무리하고 나면 그렇게 기분이 좋을 수가 없습니다.","expression":"p-happiness","category":"positive"}],"intent":[{"text":"그렇게 스트레스를 쌓야 스트레스가 많이 쌓일 때는 예전에는 주로 좀 걷는 쪽을 선택해서 생각을 크게 하지 않고 무작정 걷다가   이 집으로 돌아오면 기분이 좀 전환되거나 감정도 안정되는 그런 모습이 있었는데요.","expression":"p_str_coping","category":"technology"},{"text":"지금은 그것보다 조금 더 나은 제 스트레스 해소 방법은 등산입니다.","expression":"p_str_coping","category":"technology"},{"text":"산에 올라갔다 내려오는 것이 지금 현재 제 가장 스트레스를 푸는 최적의 방법이라고 생각합니다.","expression":"p_str_coping","category":"technology"}],"summary":{"text":"업무로 쌓인 스트레스는 걷다가 집으로 돌아오면 감정도 안정되는 모습을 보였는데, 지금은 산에 올라갔다 내려오는 것이 가장 스트레스 해소에 좋다고 생각합니다.","wordCount":20}}},"rawDataInfo":{"question":{"fileFormat":"wav","fileSize":364878,"duration":11400,"samplingBit":16,"channelCount":1,"samplingRate":"16kHz","audioPath":"/Mock/03.PublicService/Female/Experienced/ckmk_q_ps_f_e_177106.wav"},"answer":{"fileFormat":"wav","fileSize":1884878,"duration":58900,"samplingBit":16,"channelCount":1,"samplingRate":"16kHz","audioPath":"/Mock/03.PublicService/Female/Experienced/ckmk_a_ps_f_e_177106.wav"}}}