{"version":"1.0","dataSet":{"info":{"date":"20230116","occupation":"PS","channel":"MOCK","place":"ONLINE","gender":"FEMALE","ageRange":"-34","experience":"EXPERIENCED"},"question":{"raw":{"text":"동물 실험이 인간에게 주는 이익에 관련해서 말씀해 주세요 그리고 동물 실험에 대한 본인의 생각도 같이 말씀해 주세요","wordCount":17},"emotion":[],"intent":[]},"answer":{"raw":{"text":"동물 실험은 인간의 생명 보호라는 어떤 절대적인 가치를 지니고 있다고 생각을 합니다. 따라서 동물 실험에 대한 저의 의견을 물어보신다고 하면 저는 동물 실험은 무조건 찬성입니다. 어 예를 들어 음 검증되지 않은 후보 물질을 무턱대고 사람에게 먼저 투약할 경우 미처 예상하지 못한 파급 효과가 일어날 수 있고 득고 또 그 파급 효과가 단지 현재 세대 뿐만이 아니라 그 다음 세대 후손들에게까지도 영향을 미칠 수 있는 큰 파급효과가 있을 수 있기 때문입니다. 예를 들어 어 여성의 몸에 투약을 했을 경우 그 여성이 지금 당장은 괜찮았었지만 어 아이를 가져서 나중에 출산을 했을 경우 그 아이의 세대에게 문제가 될 수 있는 그런 경우도 생길 수 있기 때문에 반드시 어 이런 사태를 미연에 방지하고자 동물 실험은 필요하다고 생각을 합니다. 물론 그렇다고 해서 무턱대고 모든 실험과 어 모든 조건이 허용돼야 된다고 생각하는 것은 아닙니다. 동물도 생명이기 때문에 어 어떤 명확한 윤리 강령을 세우고 동물 실험을 할 때 가이드라인 그리고 어 무엇보다 실험을 할 때 실험자들이 갖는 어떤 어 연구 윤리들을 실험자들이 무조건 어 충분히 숙지할 수 있게끔 하는 어 대책을 세우는 것이 어 중요하다고 생각을 합니다.","wordCount":170},"emotion":[{"text":"동물도 생명이기 때문에 어 어떤 명확한 윤리 강령을 세우고   동물 실험을 할 때 가이드라인 그리고 어 무엇보다 실험을 할 때 실험자들이 갖는   어떤 어 연구 윤리들을 실험자들이 무조건 어 충분히 숙지할 수 있게끔   하는 어 대책을 세우는 것이 어 중요하다고 생각을 합니다.","expression":"u-belief","category":"neutral"}],"intent":[{"text":"동물 실험은 인간의 생명 보호라는 어떤 절대적인 가치를 지니고 있다고 생각을 합니다.","expression":"c_value","category":"background"},{"text":"예를 들어   어 여성의 몸에 투약을 했을 경우 그 여성이 지금 당장은 괜찮았었지만 어 아이를 가져서   나중에 출산을 했을 경우 그 아이의 세대에게 문제가 될 수 있는 그런 경우도 생길 수 있기 때문에 반드시   어 이런 사태를 미연에 방지하고자 동물 실험은 필요하다고 생각을 합니다.","expression":"c_value","category":"background"},{"text":"물론 그렇다고 해서 무턱대고 모든 실험과 어 모든 조건이 허용돼야 된다고 생각하는   것은 아닙니다.","expression":"c_value","category":"background"},{"text":"동물도 생명이기 때문에 어 어떤 명확한 윤리 강령을 세우고   동물 실험을 할 때 가이드라인 그리고 어 무엇보다 실험을 할 때 실험자들이 갖는   어떤 어 연구 윤리들을 실험자들이 무조건 어 충분히 숙지할 수 있게끔   하는 어 대책을 세우는 것이 어 중요하다고 생각을 합니다.","expression":"c_value","category":"background"}],"summary":{"text":"검증되지 않은 후보 물질을 무턱대고 사람에게 투약할 경우 그 파급 효과가 다음 세대에게도 영향을 미칠 수 있기 때문에 동물 실험은 무조건 찬성입니다. 또 동물도 생명이기 때문에 명확한 윤리 강령을 세우고 가이드라인을 세워 실험자들이 갖는 연구 윤리들을 충분히 숙지할 수 있도록 하는 것이 중요합니다.","wordCount":43}}},"rawDataInfo":{"question":{"fileFormat":"wav","fileSize":297038,"duration":9280,"samplingBit":16,"channelCount":1,"samplingRate":"16kHz","audioPath":"/Mock/03.PublicService/Female/Experienced/ckmk_q_ps_f_e_190175.wav"},"answer":{"fileFormat":"wav","fileSize":2529678,"duration":79050,"samplingBit":16,"channelCount":1,"samplingRate":"16kHz","audioPath":"/Mock/03.PublicService/Female/Experienced/ckmk_a_ps_f_e_190175.wav"}}}