{"version":"1.0","dataSet":{"info":{"date":"20230116","occupation":"PS","channel":"MOCK","place":"ONLINE","gender":"FEMALE","ageRange":"45-54","experience":"EXPERIENCED"},"question":{"raw":{"text":"상사가 회사의 이익에 반하는 행동을 하는 것을 직접 목격하셨다면 그때 어떻게 행동을 하실지 말씀 부탁드립니다","wordCount":15},"emotion":[],"intent":[]},"answer":{"raw":{"text":"음 직속 상사가 회사에 이익과는 반대되는 자기 자신의 이득을 위해서 옳지 못한 행위를 하는 것을 진짜 목격했다면 어 저의 성격상 불의를 참지 못하고 어 부당한 것에 대한 것들은 어 짚고 넘어가야 되는 성향이기 때문에 아마 어 개인적으로 상사에게 어 물어보고 왜 그와 같은 행동을 했는지 그런 행동을 그만두는 것이 어떤지에 대해서 정확하게 얘기를 하겠습니다. 그래서 그런 제안들을 받아들일 때까지 어 옳지 않은 것을 어필할 것이구요. 만약에 그럼에도 불구하고 계속해서 그런 행동을 하게 된다면은 그때는 뭐 더 큰 경고 그것을 공론 공론화 하겠다는 경고도 서슴치 않고 할 것이며 어 그 사람 하나의 행동으로서 이 전체에 끼치는 불이익에 대해서 정확하게 주지를 시켜 줄 것입니다. 그래서 전체 회사가 불이익을 당하지 않도록 최선을 다하는 것이 당연히 상사의 행동에 대한 올바른 태도라고 생각합니다.","wordCount":118},"emotion":[{"text":"그래서 전체 회사가 불이익을 당하지 않도록 최선을 다하는 것이 당연히   상사의 행동에 대한 올바른 태도라고 생각합니다.","expression":"u-belief","category":"neutral"}],"intent":[{"text":"음 직속 상사가 회사에 이익과는 반대되는 자기 자신의 이득을 위해서 옳지 못한 행위를 하는 것을 진짜 목격했다면   어 저의 성격상 불의를 참지 못하고 어 부당한 것에 대한 것들은   어 짚고 넘어가야 되는 성향이기 때문에 아마 어 개인적으로 상사에게 어   물어보고 왜 그와 같은 행동을 했는지 그런 행동을 그만두는 것이 어떤지에 대해서 정확하게 얘기를 하겠습니다.","expression":"c_person","category":"background"}],"summary":{"text":"직속 상사가 자신의 이득을 위해서 옳지 못한 행위를 하는 것을 목격했다면 저는 개인적으로 상사에게 묻고 그 행동을 그만두는 것이 어떤 상황인지 정확히 얘기 하겠습니다. 만약 계속해서 그런 행동을 하게 된다면 그 사람 하나의 행동으로서 전체에 끼치는 불이익에 대해서 정확하게 주지시켜 줄 것입니다.","wordCount":42}}},"rawDataInfo":{"question":{"fileFormat":"wav","fileSize":453838,"duration":14180,"samplingBit":16,"channelCount":1,"samplingRate":"16kHz","audioPath":"/Mock/03.PublicService/Female/Experienced/ckmk_q_ps_f_e_189813.wav"},"answer":{"fileFormat":"wav","fileSize":2043598,"duration":63860,"samplingBit":16,"channelCount":1,"samplingRate":"16kHz","audioPath":"/Mock/03.PublicService/Female/Experienced/ckmk_a_ps_f_e_189813.wav"}}}