{"version":"1.0","dataSet":{"info":{"date":"20230116","occupation":"PS","channel":"MOCK","place":"ONLINE","gender":"FEMALE","ageRange":"45-54","experience":"EXPERIENCED"},"question":{"raw":{"text":"지원자님의 성격상 장점과 단점에 대해서 가까운 말씀해 주시기 바랍니다 구체적인 예시를 들어서 말씀해 주시면 더 좋습니다","wordCount":16},"emotion":[],"intent":[]},"answer":{"raw":{"text":"그 제 성격의 장점과 단점은 어 좀 나름 정확하게 알고 있다고 생각하는데 장점은 뭐가 열정적인 성격입니다. 열정적이어서 그리고 호불호가 확실합니다. 좋고 싫음이 확실해서 내가 좋아하는 것에 대해서 내가 해야겠다 잘하고 싶다 이 부분은 내고 싶다 라는 것에는 열정을 불태우는 편입니다. 그래서 알 때까지 노력하고 집요하게 노력하고 해서 원하는 것만큼의 성과를 내야 비로소 만족하고 그 부분에 대해서는 마음을 내려놓을 수 있는 어 좀 집착도 있고 열정도 있는 그런 편입니다. 어 단점은 반대로 이제 그 열정적인 부분이 단점으로 작용하기도 하는데요. 열정적이다 보니 많은 부분에 새롭게 관심을 가진 걸 좋아합니다. 그래서 새로운 관심을 주고 새로운 열정을 쏟아 부을 수 있는 무엇을 향해 계속해서 도전하는 성격이나 장점도 되지만 동시에 한 가지가 차분하게 나에게 정착하는 데는 인내와 끈기와 그리고 그걸 완벽히 알았다고 혼자 자만하기보다는 그걸 좀 더 돌아보고 다시 돌아보고 다시 점검하고 하는 부분이 좀 부족합니다. 그래서 어 저는 좀 차분하게 어 저의 단점이나 더 보완해야 될 부분을 옆에서 차분하게 조언해주는 동료들이 있다면 제가 훨씬 보완이 잘 될 거라고 생각합니다.","wordCount":155},"emotion":[],"intent":[{"text":"그 제 성격의 장점과 단점은 어 좀 나름 정확하게 알고 있다고 생각하는데 장점은   뭐가 열정적인 성격입니다.","expression":"c_person","category":"background"},{"text":"열정적이어서 그리고   호불호가 확실합니다.","expression":"c_person","category":"background"},{"text":"좋고 싫음이 확실해서 내가 좋아하는 것에 대해서 내가 해야겠다 잘하고 싶다   이 부분은 내고 싶다 라는 것에는 열정을 불태우는 편입니다.","expression":"c_person","category":"background"},{"text":"그래서 알 때까지 노력하고 집요하게   노력하고 해서 원하는 것만큼의 성과를 내야 비로소 만족하고 그 부분에 대해서는 마음을 내려놓을 수 있는 어 좀 집착도 있고 열정도 있는 그런 편입니다.","expression":"c_person","category":"background"},{"text":"어 단점은 반대로 이제 그 열정적인 부분이 단점으로 작용하기도 하는데요.","expression":"c_person","category":"background"}],"summary":{"text":"열정적인 성격의 장점은 무엇이 열정적인 성격인지와 호불호가 확실합니다. 그래서 원하는 것만큼의 성과를 내야 비로소 만족하고 그 부분에 대해서는 마음을 내려놓을 수 있는 그런 편입니다. 단점은 반대로 그 열정적인 부분이 단점으로 작용하기도 합니다. 열정적이기에 새로운 관심을 가질 수 있는 것을 좋아합니다. 하지만 차분히 조언해주는 동료가 있다면 보완이 잘 될 것이라 생각합니다.","wordCount":50}}},"rawDataInfo":{"question":{"fileFormat":"wav","fileSize":445518,"duration":13920,"samplingBit":16,"channelCount":1,"samplingRate":"16kHz","audioPath":"/Mock/03.PublicService/Female/Experienced/ckmk_q_ps_f_e_185770.wav"},"answer":{"fileFormat":"wav","fileSize":2631118,"duration":82220,"samplingBit":16,"channelCount":1,"samplingRate":"16kHz","audioPath":"/Mock/03.PublicService/Female/Experienced/ckmk_a_ps_f_e_185770.wav"}}}