{"version":"1.0","dataSet":{"info":{"date":"20230116","occupation":"PS","channel":"MOCK","place":"ONLINE","gender":"FEMALE","ageRange":"55-","experience":"EXPERIENCED"},"question":{"raw":{"text":"지원자분께서 가지고 있는 상위 일 퍼센트의 능력이 있다면 그 능력에 대해서 최대한 자세하게 설명해서 말씀해 주시기를 바랍니다","wordCount":17},"emotion":[],"intent":[]},"answer":{"raw":{"text":"제가 포르투칼어를 전공했기 때문에 일반인들이 하지 못하는 새로운 외국어 포르투칼어를 할 수 있다는 건 상위 일 프로의 능력에 들어갈 것 같고요. 어 남들과 달리 어 스페인어도 좀 할 수 있고요. 그런 어학적인 능력이 뛰어나다고 생각하고 그리고 또 다른 능력이 있다면 아이들을 케어하고 어 돌보는 능력이 따로 있습니다. 그래서 제 친 손녀를 돌볼 때에도 친 손녀와 저와의 교감이 커뮤니케이션이 잘 되는 것은 어 상위 일 프로의 할머니의 역할인 것이라고 생각이 듭니다. 그리고 또 하나의 상위 일 프로의 능력이 있다면 제가 갖고 있는 음성의 능력 목소리의 능력이 아닐까 합니다. 저의 목소리를 듣고 어린이 구연동화나 시 낭송 해야 할 때 여러분들이 큰 감동을 받는 것을 느꼈습니다. 이 음성을 통해서 사회 봉사로 공헌할 수 있으면 그게 상위 일 프로의 능력이라고 생각합니다.","wordCount":117},"emotion":[],"intent":[{"text":"","expression":"","category":"attitude"}],"summary":{"text":"상위 일 프로의 능력은 스페인어를 전공했고 아이들을 케어하고 돌보는 능력, 목소리를 통해 사회 봉사로 공헌하는 능력이라고 생각합니다.","wordCount":17}}},"rawDataInfo":{"question":{"fileFormat":"wav","fileSize":441358,"duration":13790,"samplingBit":16,"channelCount":1,"samplingRate":"16kHz","audioPath":"/Mock/03.PublicService/Female/Experienced/ckmk_q_ps_f_e_245284.wav"},"answer":{"fileFormat":"wav","fileSize":2220878,"duration":69400,"samplingBit":16,"channelCount":1,"samplingRate":"16kHz","audioPath":"/Mock/03.PublicService/Female/Experienced/ckmk_a_ps_f_e_245284.wav"}}}