{"version":"1.0","dataSet":{"info":{"date":"20230116","occupation":"PS","channel":"MOCK","place":"ONLINE","gender":"FEMALE","ageRange":"-34","experience":"EXPERIENCED"},"question":{"raw":{"text":"과거 고객의 불만이나 클레임을 해결한 경험이 있으십니까 경험이 있으시다면 당시에 어떻게 대처하셨는지 설명 부탁드립니다","wordCount":14},"emotion":[],"intent":[]},"answer":{"raw":{"text":"과거에 고객의 불만이나 클레임을 해결해야 되는 점이 굉장히 많았었고 잘 해결했던 경험이 있습니다. 우선적으로 그 사람의 감정에 공감을 하는 방식을 택했고요. 그것은 굉장히 큰 효과를 이끌어 냈습니다. 대부분의 사람들은 자신 말을 들어 달라고 조금은 격양된 모습으로 오기 마련인데요. 격양되어 있으면 어떤 말을 해도 통하지 않기 때문에 우선 그분들을 감정적으로 진정해 시켜 드리는 것이 필요했고요. 그 절차가 끝난 후에 이 사람 의견을 들어보고 거기에 공감 후에 우리의 의견을 얘기했습니다. 예를 든다면 아 그러한 것으로 이까지 찾아오셨군요. 이렇게 날씨도 추운데 오신다고 고생하셨겠어요. 이것도 안돼서 정말 답답한데 이까지 온다고 정말 신경 많이 쓰셨습니다. 하지만 저희 입장에서는 이 쪽은 저희의 관할이 아닙니다. 그래서 다른 쪽으로 제가 최대한 빨리 문제를 해결할 수 있게 도와드릴려고 하는데 괜찮으실까요 라는 식으로 굉장히 어떻게 보면 둥글둥글하게 부드럽게 이야기하는 방식을 택했었고 그래서 저는 실제로 그런 불만이나 클레임을 가장 많이 해결한 덕분에 해결사라는 별명도 얻었었습니다.","wordCount":134},"emotion":[],"intent":[{"text":"우선적으로 그 사람의 감정에 공감을 하는 방식을 택했고요.","expression":"p_voc","category":"technology"},{"text":"격양되어 있으면 어떤 말을 해도 통하지 않기 때문에 우선 그분들을 감정적으로 진정해 시켜 드리는 것이 필요했고요.","expression":"p_voc","category":"technology"},{"text":"그래서 다른 쪽으로 제가 최대한 빨리 문제를 해결할 수 있게 도와드릴려고 하는데 괜찮으실까요 라는 식으로 굉장히 어떻게 보면 둥글둥글하게 부드럽게 이야기하는 방식을 택했었고 그래서 저는 실제로 그런 불만이나 클레임을 가장 많이 해결한 덕분에 해결사라는 별명도 얻었었습니다.","expression":"p_voc","category":"technology"}],"summary":{"text":"고객의 불만이나 클레임을 해결했던 경험이 있습니다. 우선적으로 그 사람의 감정에 공감을 하는 방식을 택했고, 그것은 큰 효과를 이끌어 냈습니다. 격양되어 있으면 어떤 말을 해도 통하지 않기 때문에 감정적으로 진정해 시켜 드리는 것이 필요했고, 그 절차가 끝난 후에 이 사람의 의견을 들어보고 공감 후에 우리의 의견을 봤습니다.","wordCount":46}}},"rawDataInfo":{"question":{"fileFormat":"wav","fileSize":483278,"duration":15100,"samplingBit":16,"channelCount":1,"samplingRate":"16kHz","audioPath":"/Mock/03.PublicService/Female/Experienced/ckmk_q_ps_f_e_195653.wav"},"answer":{"fileFormat":"wav","fileSize":2555598,"duration":79860,"samplingBit":16,"channelCount":1,"samplingRate":"16kHz","audioPath":"/Mock/03.PublicService/Female/Experienced/ckmk_a_ps_f_e_195653.wav"}}}