{"version":"1.0","dataSet":{"info":{"date":"20230116","occupation":"PS","channel":"MOCK","place":"ONLINE","gender":"FEMALE","ageRange":"-34","experience":"EXPERIENCED"},"question":{"raw":{"text":"일의 특성상 야근이나 잔업 외근이 많아질 수 있습니다 그래도 괜찮으시겠습니까","wordCount":10},"emotion":[],"intent":[]},"answer":{"raw":{"text":"네 일의 특성상 야근과 잔업 외근이 많다는 것을 저는 알고 있습니다. 여기에서 여기에서 라고 말하면 조금은 말이 이상한 것 같고 이쪽 분야에서 일하는 제 지인분들이 굉장히 많습니다. 그분들의 이야기를 들어 보면 그런 야근이나 잔업 외근이 굉장히 많다 라는 걸 수도 없이 들어 봤었고 그리고 이런 회사 같은 것을 알아볼 때도 대부분 회사에서는 그러한 일들이 빈번하다고 네 제가 공부를 했습니다. 그리고 저는 그 전에도 그런 야근이나 잔업 외근이 있던 곳에서 일을 해 봤거든요. 그래서 아무리 생 아무리 생각을 해봐도 저는 그런 경험이 있고 없고의 차이는 크다는 생각이 듭니다. 그런 경험이 있는 사람이 조금 더 잘 버틸 수 있지 않나 라는 생각이 들기 때문에 이미 다 알고 있었고 그 전 직종에서는 그런 잔업과 외근이 많은 쪽에서 일을 했었다. 그래서 괜찮다 라고 말씀해 드릴 수 있을 것 같습니다.","wordCount":125},"emotion":[],"intent":[{"text":"","expression":"","category":"attitude"}],"summary":{"text":"모든 권한을 주최국에게 전담하도록 하여, 거버넌스 체계 및 규정에 있어서 CDM과 JCM에 비해 각 국의 자유도가 높습니다.","wordCount":17}}},"rawDataInfo":{"question":{"fileFormat":"wav","fileSize":273038,"duration":8530,"samplingBit":16,"channelCount":1,"samplingRate":"16kHz","audioPath":"/Mock/03.PublicService/Female/Experienced/ckmk_q_ps_f_e_195657.wav"},"answer":{"fileFormat":"wav","fileSize":1980558,"duration":61890,"samplingBit":16,"channelCount":1,"samplingRate":"16kHz","audioPath":"/Mock/03.PublicService/Female/Experienced/ckmk_a_ps_f_e_195657.wav"}}}