{"version":"1.0","dataSet":{"info":{"date":"20230116","occupation":"PS","channel":"MOCK","place":"ONLINE","gender":"FEMALE","ageRange":"45-54","experience":"EXPERIENCED"},"question":{"raw":{"text":"어 협업하는 과제와 혼자 하는 과제 중에서 어 어떤 것을 더 선호하시는가요 그 이유도 함께 설명해 주시겠습니까","wordCount":17},"emotion":[],"intent":[]},"answer":{"raw":{"text":"예전에는 혼자 하는 과제가 더 좋다고 생각을 했었습니다. 왜냐하면 사람들과 부딪치지 않고 편하게 일을 할 수 있으니까요. 하지만 시간이 지나고 제가 경력이 쌓이면서 협업하는 것 만큼 좋은 업무 방법이 없다는 생각도 들더라구요. 현재는 협업이 가장 좋은 제가 선호하는 업무 방식이고요. 협업을 하다 보면 경험이 많은 저도 생각하지 못했던 부분을 신입사원이 이야기를 하거나 힌트를 주어 더 나은 방향으로 업무 처리할 때가 많습니다. 그래서 제가 어 나이가 있다 보니까 사고가 머물러 있을 수도 있는데 협업을 하다 보면 사람들에 다양한 이야기도 들을 수 있고 다양한 연령대의 사고를 경험할 수 있어서 저는 현재 협업을 선호하는 편입니다.","wordCount":92},"emotion":[],"intent":[{"text":"하지만 시간이 지나고 제가 경력이 쌓이면서 협업하는 것 만큼 좋은 업무 방법이 없다는 생각도 들더라구요.","expression":"c_cop","category":"personality"},{"text":"현재는 협업이 가장 좋은 제가 선호하는 업무 방식이고요.","expression":"c_cop","category":"personality"},{"text":"보면 사람들에 다양한 이야기도 들을 수 있고   다양한 연령대의 사고를 경험할 수 있어서 저는 현재 협업을 선호하는 편입니다.","expression":"c_cop","category":"personality"}],"summary":{"text":"과거에는 혼자 하는 과제가 더 좋다고 생각했지만, 지금은 협업이 가장 좋은 업무 방식이라고 생각합니다. 협업을 하다 보면 다양한 얘기를 들을 수 있고 다양한 연령대의 사고를 경험할 수 있어서 현재 협업을 선호하는 편입니다.","wordCount":32}}},"rawDataInfo":{"question":{"fileFormat":"wav","fileSize":446158,"duration":13940,"samplingBit":16,"channelCount":1,"samplingRate":"16kHz","audioPath":"/Mock/03.PublicService/Female/Experienced/ckmk_q_ps_f_e_177105.wav"},"answer":{"fileFormat":"wav","fileSize":1678798,"duration":52460,"samplingBit":16,"channelCount":1,"samplingRate":"16kHz","audioPath":"/Mock/03.PublicService/Female/Experienced/ckmk_a_ps_f_e_177105.wav"}}}