{"version":"1.0","dataSet":{"info":{"date":"20230116","occupation":"PS","channel":"MOCK","place":"ONLINE","gender":"FEMALE","ageRange":"35-44","experience":"EXPERIENCED"},"question":{"raw":{"text":"만약 공무를 수행하는 중에 민원인이 욕을 한다면 어떻게 대응하시겠어요 왜 그렇게 대응하는지도 말씀해 주실 수 있으세요","wordCount":16},"emotion":[],"intent":[]},"answer":{"raw":{"text":"만약 공무를 수행하는 중에 민원인이 욕을 한다면 어 그것들을 도움을 줄 수 있는 부분들이 있다면 도움을 주어서 그 사람들의 요구를 최대한 들어줄 수 있는 방향으로 그것들을 할 수 있고 만약에 그것들이 어 민원하는 사람들이 하는 그런 요구들이 부당하고 또 억지를 부리는 그런 것이라면 먼저 그것들이 안 되는 이유를 강하게 이야기를 해서 그 사람들을 어 먼저 제지를 하고 또 혹시라도 어 위험을 당하는 일이 있을 수 있기 때문에 어 관리하는 어 경 관리하는 그런 관리자들을 부르고 또 그것들을 할 수 있는 사람들에게 도움을 요청을 해서 어 그 사람들이 어 그것들이 어 함부로 오지 못하도록 어 할 것입니다. 음 그래서 제가 음 그런데 그것들이 저에게 스트레스가 될 수 있기 때문에 그것들을 어 제가 그 당시에 경험을 해도 그것들을 어 그 사람들의 생각을 받아들이지 않고 다 지나가는 일이라고 다 생각을 하고 업무에 다시 어 다시 돌리 어 다시 일을 보겠습니다. 그래서 어 그것들을 어 어 할 수 없다면 경찰을 부르거나 또 위험한 상황이 발생하지 않도록 어 사람들을 대피시키고 또 그것들을 할 수 없도록 많이 강하게 처음에는 이야기를 하겠습니다.","wordCount":165},"emotion":[],"intent":[{"text":"만약 공무를 수행하는 중에 민원인이 욕을 한다면 어 그것들을 도움을 줄 수 있는 부분들이 있다면 도움을 주어서 그 사람들의 요구를 최대한 들어줄 수 있는 방향으로 그것들을 할 수 있고 만약에 그것들이 어 민원하는 사람들이 하는 그런 요구들이 부당하고 또 억지를 부리는 그런 것이라면 먼저 그것들이 안 되는 이유를 강하게 이야기를 해서 그 사람들을 어 먼저 제지를 하고 또 혹시라도 어 위험을 당하는 일이 있을 수 있기 때문에 어 관리하는 어 경 관리하는 그런 관리자들을 부르고 또 그것들을 할 수 있는 사람들에게 도움을 요청을 해서 어 그 사람들이 어 그것들이 어 함부로 오지 못하도록 어 할 것입니다.","expression":"p_voc","category":"technology"}],"summary":{"text":"공무 수행 중 민원인이 욕하면 도움을 줄 수 있는 방향으로 할 수 있고, 안 되는 이유를 이야기해 제지하고, 관리자를 불러 도움이 오도록 할 것입니다. 하지만 그것들이 스트레스를 줄 수 있기 때문에 저는 그 사람들의 생각을 받아들이지 않고 다시 일을 보겠습니다. 그래야 할 수 없다면 경찰을 부르거나 위험한 상황이 발생하지 않도록 하겠습니다.","wordCount":51}}},"rawDataInfo":{"question":{"fileFormat":"wav","fileSize":419278,"duration":13100,"samplingBit":16,"channelCount":1,"samplingRate":"16kHz","audioPath":"/Mock/03.PublicService/Female/Experienced/ckmk_q_ps_f_e_241364.wav"},"answer":{"fileFormat":"wav","fileSize":3856078,"duration":120500,"samplingBit":16,"channelCount":1,"samplingRate":"16kHz","audioPath":"/Mock/03.PublicService/Female/Experienced/ckmk_a_ps_f_e_241364.wav"}}}