{"version":"1.0","dataSet":{"info":{"date":"20230116","occupation":"PS","channel":"MOCK","place":"ONLINE","gender":"FEMALE","ageRange":"-34","experience":"EXPERIENCED"},"question":{"raw":{"text":"저희 일의 특성상 야근이나 잔업 외근이 많아질 수도 있는데요 지원자님은 그래도 이 업무에 대해서 괜찮게 생각하고 계시나요","wordCount":17},"emotion":[],"intent":[]},"answer":{"raw":{"text":"어 무조건적으로 다 괜찮다고 말씀드리기는 물론 어려울 수 있습니다. 하지만 저는 이 회사의 목표 그리고 이 이 회사 업무의 특성을 잘 이해하고 지원을 했기 때문에 어 일의 특성으로 인한 야근이나 잔업 외근은 어 이해를 하고 업무를 진행을 할 수 있다고 말씀드릴 것 같습니다. 하지만 이에 대한 어떤 적절한 보상 그리고 그 이후에 오는 휴가에 대해서는 명확하게 지켜주신다는 약속을 보장해 주신다고 하면 어 저는 회사 공통의 목표 공통의 이익을 위해서 충분히 어 노력할 수 있는 어 자세가 되어 있다고 말씀드릴 수 있을 것 같습니다. 음 대신 어 휴가 기간에 만큼은 저도 이제 충전을 할 수 있는 시간이 있어야 하기 때문에 음 그런 어떤 휴가나 업무 보상에 대한 부분만 명확하게 지켜주신다면 어 저는 문제 없을 것 같습니다.","wordCount":115},"emotion":[],"intent":[{"text":"하지만 이에 대한 어떤 적절한 보상 그리고   그 이후에 오는 휴가에 대해서는 명확하게 지켜주신다는 약속을 보장해 주신다고 하면 어 저는 회사 공통의 목표 공통의 이익을 위해서 충분히   어 노력할 수 있는 어 자세가 되어 있다고 말씀드릴 수 있을 것 같습니다.","expression":"c_sincere_co","category":"etc"}],"summary":{"text":"업무 특성에 따른 야근, 잔업 외근은 이해를 하고 업무를 진행할 수 있습니다. 이에 대한 보상과 휴가는 명확하게 보장해 주셔서 회사 공통의 이익을 위해 노력할 수 있다고 생각합니다. 휴가 기간만큼은 충전할 수 있게 해 주셨으면 합니다.","wordCount":35}}},"rawDataInfo":{"question":{"fileFormat":"wav","fileSize":607438,"duration":18980,"samplingBit":16,"channelCount":1,"samplingRate":"16kHz","audioPath":"/Mock/03.PublicService/Female/Experienced/ckmk_q_ps_f_e_190181.wav"},"answer":{"fileFormat":"wav","fileSize":1799758,"duration":56240,"samplingBit":16,"channelCount":1,"samplingRate":"16kHz","audioPath":"/Mock/03.PublicService/Female/Experienced/ckmk_a_ps_f_e_190181.wav"}}}