{"version":"1.0","dataSet":{"info":{"date":"20230116","occupation":"PS","channel":"MOCK","place":"ONLINE","gender":"FEMALE","ageRange":"55-","experience":"EXPERIENCED"},"question":{"raw":{"text":"고객이 만족할 만한 서비스를 제공하기 위해서는 지원자님께서는 어떤 준비가 되어야 한다고 생각하십니까 생각나는 대로 말씀해 주시면 됩니다","wordCount":17},"emotion":[],"intent":[]},"answer":{"raw":{"text":"첫 번째가 친절이고 두 번째가 능력입니다. 첫 번째 친절은 고객이 만족할 수 있는 서비스를 제공하기 위해서 고객이 원하는 기본적인 모든 고객이 원하는 만족할 만한 내용을 전달하고 배려하여 고객의 소리를 들어줄 수 있어야 합니다. 고객의 말에 경청하고 고객이 원하는 것을 조목조목 생각하시 해서 이 내용에 따라서 고객의 의사를 정확히 청취에서 경청하여 들어주어야 합니다. 그 고객이 불만을 가지면 그 불만 요소들을 불만 요소들이 불만만이 아니라 발전을 위한 일종의 테스트라고 생각하고 고객이 만족할 수 있는 때까지 늘 항상 고객을 생각하는 마음으로 듣고 해결해 주는 마음을 가져야 한다고 생각합니다.","wordCount":85},"emotion":[],"intent":[{"text":"첫 번째 친절은 고객이 만족할 수 있는 서비스를 제공하기 위해서 고객이 원하는 기본적인 모든 고객이 원하는 만족할 만한 내용을 전달하고 배려하여 고객의 소리를 들어줄 수 있어야 합니다.","expression":"p_cus_belief","category":"technology"},{"text":"고객의 말에 경청하고 고객이 원하는 것을 조목조목 생각하시 해서 이 내용에 따라서 고객의 의사를 정확히 청취에서 경청하여 들어주어야 합니다.","expression":"p_cus_belief","category":"technology"},{"text":"그 고객이 불만을 가지면 그 불만 요소들을 불만 요소들이 불만만이 아니라 발전을 위한 일종의 테스트라고 생각하고 고객이 만족할 수 있는 때까지 늘 항상 고객을 생각하는 마음으로 듣고 해결해 주는 마음을 가져야 한다고 생각합니다.","expression":"p_cus_belief","category":"technology"}],"summary":{"text":"친절은 고객이 만족할 수 있는 서비스를 제공하기 위해서 기본적인 모든 고객이 원하는 내용을 전달하고 배려하여 고객의 소리를 들어줄 수 있어야 합니다. 또한 고객의 불만에 대해 항상 고객을 생각하는 마음으로 해결해 주어야 합니다.","wordCount":32}}},"rawDataInfo":{"question":{"fileFormat":"wav","fileSize":573838,"duration":17930,"samplingBit":16,"channelCount":1,"samplingRate":"16kHz","audioPath":"/Mock/03.PublicService/Female/Experienced/ckmk_q_ps_f_e_244862.wav"},"answer":{"fileFormat":"wav","fileSize":2277838,"duration":71180,"samplingBit":16,"channelCount":1,"samplingRate":"16kHz","audioPath":"/Mock/03.PublicService/Female/Experienced/ckmk_a_ps_f_e_244862.wav"}}}