{"version":"1.0","dataSet":{"info":{"date":"20230116","occupation":"PS","channel":"MOCK","place":"ONLINE","gender":"FEMALE","ageRange":"55-","experience":"EXPERIENCED"},"question":{"raw":{"text":"지원자님께서는 회사의 덕목이 무엇이라고 생각을 하십니까 어떤 회사가 좋은 회사라고 생각하는지 궁금합니다","wordCount":12},"emotion":[],"intent":[]},"answer":{"raw":{"text":"좋은 회사라 하면 내가 들어가고 싶은 회사가 일단 좋은 회사일 것 같고요. 좋은 회사라 하면 어 회사의 대표자와 직원들과 가 소통하면서 서로의 하나의 목표가 일치되도록 회사의 이익과 자신의 이익이 함께 어 상생할 수 있는 회사가 좋은 회사라고 생각합니다. 어 회사는 수익을 내기 위해서 열심히 할 것이고 어 직원들은 그 회사에 도움이 되기 위해서 스스로가 나서서 회사의 목표에 달성할 수 있도록 노력하고 싶어하는 회사가 좋은 회사이고요. 직원들의 복리 후생에 어 잘 되어있는 회사면 더 좋은 회사라고 생각합니다. 제가 가고 싶은 회사 아침이면 일어나서 어 빨리 회사에 가고 싶다 라고 할 수 있을 정도의 회사면 어 직업을 잘 선택했는 것 같습니다. 대표와 직원들 간에 서로 믿고 신뢰할 수 있는 그리고 서로에게 나눌 수 있는 회사가 좋은 회사라고 생각합니다.","wordCount":116},"emotion":[],"intent":[{"text":"","expression":"","category":"attitude"}],"summary":{"text":"좋은 회사는 대표자와 직원들이 소통하며 서로의 이익과 자신의 이익이 함께 상생할 수 있는 회사라고 생각합니다. 직원들은 회사 목표에 도움이 되기 위해 노력하고 싶어하는 회사, 복리후생이 잘 되어있는 회사, 직업을 잘 선택한 것 같습니다.","wordCount":33}}},"rawDataInfo":{"question":{"fileFormat":"wav","fileSize":353678,"duration":11050,"samplingBit":16,"channelCount":1,"samplingRate":"16kHz","audioPath":"/Mock/03.PublicService/Female/Experienced/ckmk_q_ps_f_e_245286.wav"},"answer":{"fileFormat":"wav","fileSize":2210638,"duration":69080,"samplingBit":16,"channelCount":1,"samplingRate":"16kHz","audioPath":"/Mock/03.PublicService/Female/Experienced/ckmk_a_ps_f_e_245286.wav"}}}