{"version":"1.0","dataSet":{"info":{"date":"20230116","occupation":"PS","channel":"MOCK","place":"ONLINE","gender":"FEMALE","ageRange":"35-44","experience":"EXPERIENCED"},"question":{"raw":{"text":"지원자님께서는 다른 지원자들에 비해 본인만이 가진 차별성과 장점을 어필하실 수 있겠습니까","wordCount":11},"emotion":[],"intent":[]},"answer":{"raw":{"text":"제가 다른 지원자들에 비해서 가진 차별성이나 장점이 있다면 저는 어떤 개념에 대해서 쉽게 설명을 해서 이해할 수 있도록 도와준다는 것입니다. 예를 들어서 어 영어를 제가 가르칠 때 어떤 문법적인 어 개념이 하나가 있다면 그것들을 쉽게 설명하고 또 그림이나 또 게임을 통해서 그 사람들이 실제로 사용해보고 개념을 확립을 할 수 있도록 어 쉽게 어 그런 매체를 통해서 진행을 한 후에 어 그룹 활동을 통해서 그 사람들이 어 그 개념에 대해서 실제로 사용을 해보고 또 어떤 부분에서 도와줘야 되는지에 대해서 고민을 하고 어 또 그 프로젝트를 진행을 하면서 사회성도 기르게 되고 자신이 정확하게 알지 못하는 개념이나 자기가 안다고 생각하지만 정확하게 습득이 되지 않는 그런 경험에 대해서 다른 사람과 함께 연습을 해보는 기회를 가져서 문제를 해결을 함으로써 어 결과적으로는 어 그 개념에 대해서 어 이런 프로세스를 통해서 음 그 개념들에 대해서 정확하게 어 성립할 수 있도록 도와줄 수 있는 장점이 있습니다.","wordCount":138},"emotion":[],"intent":[{"text":"","expression":"","category":"attitude"}],"summary":{"text":"저는 어떤 개념에 대해 쉽게 설명을 해서 이해할 수 있도록 도와준다는 장점이 있습니다. 예를 들면, 영어를 가르칠 때 개념이 있다면 그림이나 게임을 통해 개념을 확립할 수 있도록 매체를 통해 진행을 한 후, 그룹 활동을 통해 도움을 청하고 다른 사람과 함께 연습해보는 기회를 가져서 해결 할 수 있는 장점입니다.","wordCount":48}}},"rawDataInfo":{"question":{"fileFormat":"wav","fileSize":338318,"duration":10570,"samplingBit":16,"channelCount":1,"samplingRate":"16kHz","audioPath":"/Mock/03.PublicService/Female/Experienced/ckmk_q_ps_f_e_224463.wav"},"answer":{"fileFormat":"wav","fileSize":2807438,"duration":87730,"samplingBit":16,"channelCount":1,"samplingRate":"16kHz","audioPath":"/Mock/03.PublicService/Female/Experienced/ckmk_a_ps_f_e_224463.wav"}}}