{"version":"1.0","dataSet":{"info":{"date":"20230116","occupation":"PS","channel":"MOCK","place":"ONLINE","gender":"FEMALE","ageRange":"45-54","experience":"EXPERIENCED"},"question":{"raw":{"text":"지원자님은 휴식을 취할 때는 주로 어떤 일들을 하십니까 왜 그 일을 하는지 이유도 함께 말씀해 주십시오","wordCount":16},"emotion":[],"intent":[]},"answer":{"raw":{"text":"어 저 같은 경우에는 아무래도 육아를 라 일을 병행하다 보니까 조금 육체적으로 정신적으로 좀 스트레스를 받는 일들이 좀 많습니다. 그리고 아이가 생기다 보니까 집에 조용한 날이 없더라구요. 그래서 휴식을 취할 때는 조금 조용한 곳에서 네 클래식 음악을 좀 틀어놓고 조용히 눈을 감고 명상을 한다 라던가 혹은 조금 마음이 차분해지는 친한 어 책을 읽는다던가 이러면서 동적인 활동보다는 조금 정적인 활동 나의 머릿속과 마음을 조금 비울 수 있는 그런 활동을 함으로써 조금 리플레시 할 수 있는 그런 에너지를 얻고자 그런 활동들을 하고 있습니다.","wordCount":81},"emotion":[],"intent":[{"text":"","expression":"","category":"attitude"}],"summary":{"text":"육아를 병행하면서 스트레스를 받는 일이 많습니다. 아이가 생기니 조용한 곳에서 휴식을 취하며 정적인 활동을 함으로써 리플레시 할 수 있는 에너지를 얻고자 그런 활동들을 하고 있습니다.","wordCount":25}}},"rawDataInfo":{"question":{"fileFormat":"wav","fileSize":346958,"duration":10840,"samplingBit":16,"channelCount":1,"samplingRate":"16kHz","audioPath":"/Mock/03.PublicService/Female/Experienced/ckmk_q_ps_f_e_244216.wav"},"answer":{"fileFormat":"wav","fileSize":1589198,"duration":49660,"samplingBit":16,"channelCount":1,"samplingRate":"16kHz","audioPath":"/Mock/03.PublicService/Female/Experienced/ckmk_a_ps_f_e_244216.wav"}}}