{"version":"1.0","dataSet":{"info":{"date":"20230116","occupation":"PS","channel":"MOCK","place":"ONLINE","gender":"FEMALE","ageRange":"45-54","experience":"EXPERIENCED"},"question":{"raw":{"text":"네 우리 회사에 들어오시면 어 지원자님이 기존에 갖고 있던 업무 스타일과는 달라질 수가 있는데요 어 기존과 다른 업무 스타일에 잘 적응하실 수 있을까요 본인의 생각을 말씀해 주세요","wordCount":27},"emotion":[],"intent":[]},"answer":{"raw":{"text":"어 회사를 이직하게 되면 기존에 했던 업무 스타일과 매우 다를 수 있다는 가정을 이미 하고 있습니다. 기존과 다른 업무 스타일이 어떤 것인지 걱정도 되면서 한편으로는 그 업무 스타일을 새롭게 배우는 것에 대한 기대감과 어 설레임도 있습니다. 어 새로운 도전을 하겠다고 각오했을 때는 제가 하던 스타일 그대로 업무를 할 생각으로 도전을 하지는 않 않습니다. 어 기존에 하던 스타일에서 뭔가 배울 점이 있거나 새롭게 도전 과제가 되는 것들을 배우고 새로운 도전을 한번 보기 좋게 어 잘 적응하여서 그 도전들의 좋은 결과물을 내고 싶은 그런 마음을 당연히 가지고 어 어 회사에 지원한 것입니다. 어 열심히 하겠습니다. 잘 적응할 수 있는지 없는지는 본인의 본인이 얼마나 열정적으로 어 긍정적이고 도전적인 자세로 그것들을 수행하려고 노력하는지에 따라 충분히 적응할 수 있다고 생각됩니다. 어 윤리적으로 어려운 문제만 아니라면 일의 강도나 일의 스타일에 맞춰서 나 자신의 변화를 추구하는 것은 또 새로운 어 인생에서 새롭게 찾을 수 있는 직장을 새롭게 찾을 수 있는 재미이기도 하다고 생각합니다.","wordCount":146},"emotion":[],"intent":[{"text":"","expression":"","category":"attitude"}],"summary":{"text":"회사를 이직하게 되면 기존에 했던 업무 스타일과 매우 다를 수 있다는 것을 이미 알고 있습니다. 새로운 도전을 하겠다고 각오했을 때는 기존의 스타일에서 배울 점이 있거나 새롭게 도전 과제가 되는 것들을 배우고 잘 적응해서 좋은 결과물을 내고 싶은 마음을 가지고 회사에 지원한 것입니다. 일의 강도나 스타일에 맞춰서 나 자신의 변화를 추구하는 것은 새로운 직장을 새롭게 찾을 수 있는 재미입니다.","wordCount":58}}},"rawDataInfo":{"question":{"fileFormat":"wav","fileSize":533838,"duration":16680,"samplingBit":16,"channelCount":1,"samplingRate":"16kHz","audioPath":"/Mock/03.PublicService/Female/Experienced/ckmk_q_ps_f_e_224487.wav"},"answer":{"fileFormat":"wav","fileSize":2727118,"duration":85220,"samplingBit":16,"channelCount":1,"samplingRate":"16kHz","audioPath":"/Mock/03.PublicService/Female/Experienced/ckmk_a_ps_f_e_224487.wav"}}}