{"version":"1.0","dataSet":{"info":{"date":"20230116","occupation":"PS","channel":"MOCK","place":"ONLINE","gender":"FEMALE","ageRange":"-34","experience":"EXPERIENCED"},"question":{"raw":{"text":"몇 년 전 우버 택시와 관련된 논란이 있었던 걸 알고 계실 겁니다 아 지원자님께서는 그 당시의 상황에 대해서 어떻게 생각하시는지요 그 찬반 양론에 대해서 어떻게 생각하시는지 말씀해 주시기 바랍니다","wordCount":29},"emotion":[],"intent":[]},"answer":{"raw":{"text":"어 네 우버택시에 관련돼서 논란이 있었던 걸로 제가 알고 있고 그게 이제 뚜렷하게 우리나라에서 뭔가 해결이 된 거는 제가 아직 잘 모르고 있어 가지고 그 부분은 근데 뭐 찬성이나 반대하는 입장이나 저는 다 맞다고 생각을 하거든요. 그리고 워낙 우리나라에서 택시라는 그 분야가 워낙 자리를 잘 잡고 있는 것도 있어서 그 반대하는 입장도 이해가 되는데 그래도 어떤 합의점이 생기면 좋다고 생각은 하고 있습니다. 근데 사실 우버가 없어도 우리나라는 이미 잘 되고 있다 고 생각은 들어서 또 다시 생각해보니깐 어 굳이 굳이 들어볼 필요가 있을까 라는 생각도 들어요. 이미 있는데 그게 대체할 게 아닌데 뭐 있는 걸 그대로 잘 써 쓰는 것도 좋은 방법이니까 그쵸.","wordCount":103},"emotion":[],"intent":[{"text":"","expression":"","category":"attitude"}],"summary":{"text":"우버택시에 관한 논란은 찬성과 반대 입장이 다 맞다고 생각하며 반대 입장도 이해하나 합의점이 생기면 좋겠습니다. 우버가 없어도 우리나라는 이미 잘 되고 있으니 굳이 들어볼 필요가 있을까 라는 생각도 듭니다.","wordCount":29}}},"rawDataInfo":{"question":{"fileFormat":"wav","fileSize":618318,"duration":19320,"samplingBit":16,"channelCount":1,"samplingRate":"16kHz","audioPath":"/Mock/03.PublicService/Female/Experienced/ckmk_q_ps_f_e_195757.wav"},"answer":{"fileFormat":"wav","fileSize":2078798,"duration":64959,"samplingBit":16,"channelCount":1,"samplingRate":"16kHz","audioPath":"/Mock/03.PublicService/Female/Experienced/ckmk_a_ps_f_e_195757.wav"}}}