{"version":"1.0","dataSet":{"info":{"date":"20230116","occupation":"PS","channel":"MOCK","place":"ONLINE","gender":"FEMALE","ageRange":"-34","experience":"EXPERIENCED"},"question":{"raw":{"text":"만약에 불만을 제기하는 고객이 있다고 했을 때 본인이 지혜롭게 해결할 수 있는 노하우가 있습니까","wordCount":14},"emotion":[],"intent":[]},"answer":{"raw":{"text":"어 저는 유형마다 다르긴 한데 왜냐하면 제가 정말 그 저랑 스타일이 맞지 않아서 컴플레인을 거는 불만을 제기하는 고객님이 계시기도 했었고 사실 저희가 진상이라고 부를 수 있는 그냥 좀 트집을 잡아서 불만을 제기하는 그런 고객들도 있었는데 어 그 유형마다 조금 다르게 대처하는 방법들이 있긴 하지만 그래도 처음에 대응을 할 때는 어쨌든 평균적으로 어 제가 더 친절하게 응대를 하기는 합니다. 그래서 사실 제가 이 일을 하면서 오히려 성격이 좀 유해졌던 게 일단은 친절하게 대하거든요 웃으면서. 근데 그렇게 했을 때 불만이 있는 분들도 제가 막상 그렇게 진행을 하면은 쫌 많이 이 게 누그러지시는 것 같더라고요. 그래서 그분이 불만을 가지는 거에 좀 공감을 많이 일단 해 드리고 그런데 그래도 안 되는 부분들이 있잖아요. 서로 저도 개선해 줄 수 없는 것들이 있고 그럴 때는 이제 그분이 원하는 대로 뭐 환불을 해 드린다던지 그런 식으로 대처를 하고 있습니다.","wordCount":132},"emotion":[],"intent":[{"text":"그래서 그분이 불만을 가지는 거에 좀 공감을 많이 일단 해 드리고 그런데 그래도 안 되는 부분들이 있잖아요.","expression":"p_voc","category":"technology"},{"text":"서로 저도 개선해 줄 수 없는 것들이 있고 그럴 때는 이제 그분이 원하는 대로 뭐 환불을 해 드린다던지 그런 식으로 대처를 하고 있습니다.","expression":"p_voc","category":"technology"}],"summary":{"text":"유형에 따라 다르지만 처음 대응을 할 때는 제가 더 친절하게 응대를 하여 성격이 좀 유해졌지만 불만족스러운 부분이 있으면 제가 원하는 대로 환불을 해 드린다든지 하는 식으로 대처를 하고 있습니다.","wordCount":29}}},"rawDataInfo":{"question":{"fileFormat":"wav","fileSize":320078,"duration":10000,"samplingBit":16,"channelCount":1,"samplingRate":"16kHz","audioPath":"/Mock/03.PublicService/Female/Experienced/ckmk_q_ps_f_e_205359.wav"},"answer":{"fileFormat":"wav","fileSize":2851918,"duration":89120,"samplingBit":16,"channelCount":1,"samplingRate":"16kHz","audioPath":"/Mock/03.PublicService/Female/Experienced/ckmk_a_ps_f_e_205359.wav"}}}