{"version":"1.0","dataSet":{"info":{"date":"20230116","occupation":"PS","channel":"MOCK","place":"ONLINE","gender":"FEMALE","ageRange":"-34","experience":"EXPERIENCED"},"question":{"raw":{"text":"지원자님이 과거 고객으로부터 칭찬을 받은 경험이 있으신가요 있으시다면 어떤 경험인지 왜 칭찬을 받았는지 자세히 설명 부탁드립니다","wordCount":16},"emotion":[],"intent":[]},"answer":{"raw":{"text":"저는 과거 고객으로부터 칭찬을 받은 경험이 있는데요. 아이러니하게도 그분은 저에게 불만을 이야기하셨던 컴플레인을 걸었던 고객님이었습니다. 저에게 이제 본인의 불만을 쏟아 내고 조금은 격앙되어 있었는데요. 저는 그 사람의 이야기를 들어주고 처음에 공감하고 거기에서 제 의견을 이야기하는 방식으로 말씀을 드렸습니다. 그래서 그 분이 나중에는 조금 감정을 가라앉히시고 그래도 여기에서 이렇게 자기 이야기를 잘 이해해 준 사람은 어 선생님 밖에 없었다고 감사합니다 라는 이야기를 했었는데요. 대략적으로 예를 들면 이런 식으로 이야기를 했습니다. 이러한 부분에서 저희에게 오셨군요. 저도 이런 상황이 있었는데 정말 너무 답답했습니다. 거기에서 빠르게 해결이 됐으면 좋았을 텐데 그러하지 않아서 너무나도 더 짜증이 나고 그걸로 해서 화가 났을 것 같습니다. 저희가 바로바로 말씀을 못 드려서 너무 죄송하고요. 그런데 저희 쪽에서는 이러한 상황이어서 그렇게 공지를 해 드렸고 빠르게 해 드릴 수 없었습니다. 그리고 사실 이 쪽은 저의 관할이 아니라 고객님의 편의를 최대한 빠르게 도와드리게끔 제가 이쪽 담당 부서 직원분에게 말씀을 드리겠습니다. 네 이런 식으로 조금은 둥글게 말씀을 드렸고요. 그래서 칭찬을 받았던 기억이 납니다.","wordCount":150},"emotion":[{"text":"저는 과거 고객으로부터 칭찬을 받은 경험이 있는데요.","expression":"p-achievement","category":"positive"},{"text":"저도 이런 상황이 있었는데 정말 너무 답답했습니다.","expression":"n-distress","category":"negative"},{"text":"그래서 칭찬을 받았던 기억이 납니다.","expression":"p-achievement","category":"positive"}],"intent":[{"text":"저는 그 사람의 이야기를 들어주고 처음에 공감하고 거기에서 제 의견을 이야기하는 방식으로 말씀을 드렸습니다.","expression":"p_voc","category":"technology"}],"summary":{"text":"저는 과거 컴플레인을 걸었던 고객님으로부터 칭찬을 받은 경험이 있습니다. 그 분의 이야기를 듣고 공감하고 제 의견을 이야기하는 방식으로 말씀을 드렸습니다. 그래서 그 분이 나중에는 자기 이야기를 잘 이해해 준 사람은 선생님밖에 없었다고 감사합니다 라고 이야기를 했습니다. 저희는 빠르게 해드릴 수 없었고 고객님의 편의를 최대한 도와드리게 이쪽 담당 부서 직원분에게 말씀을 드려야었습니다.","wordCount":51}}},"rawDataInfo":{"question":{"fileFormat":"wav","fileSize":409678,"duration":12800,"samplingBit":16,"channelCount":1,"samplingRate":"16kHz","audioPath":"/Mock/03.PublicService/Female/Experienced/ckmk_q_ps_f_e_196083.wav"},"answer":{"fileFormat":"wav","fileSize":2668238,"duration":83380,"samplingBit":16,"channelCount":1,"samplingRate":"16kHz","audioPath":"/Mock/03.PublicService/Female/Experienced/ckmk_a_ps_f_e_196083.wav"}}}