{"version":"1.0","dataSet":{"info":{"date":"20230116","occupation":"PS","channel":"MOCK","place":"ONLINE","gender":"FEMALE","ageRange":"55-","experience":"EXPERIENCED"},"question":{"raw":{"text":"입사 후에 쉬운 일이나 어려운 일이 생길 수 있겠죠 그렇다면 이 일에 대한 분배를 어떻게 하실 생각인지 어떻게 나눠서 처리할 생각인지 저에게 그 생각을 말씀해 주시기 바랍니다","wordCount":27},"emotion":[],"intent":[]},"answer":{"raw":{"text":"쉬운 일 어려운 일에 대한 분배는 어려운 일이 있는 것은 한 사람에게 어 일 인 분배를 하려고 하지 않습니다. 어려운 일은 서로 협업해서 하는 게 제일 잘 해결할 수 있는 방법이라고 생각합니다. 예를 들어 한 프로젝트를 하고 있을 때 굉장히 중요하고 어려운 일을 하게 될 경우가 있는데 그 일을 해 낼 사람이 마땅치 않을 경우에는 두 이 인 일 조로 그 일을 함께 하면서 서로 모르는 점은 서로 나누고 서로 도움이 되는 역할로 할려고 합니다. 쉬운 일은 각각 하나씩 해서 기본으로 하고 어려운 일은 둘 또는 세 명이서 함께 공조하여 해결해 나갈 수 있으면 좋을 것 같습니다. 보통 하나의 프로젝트를 할 때는 삼 개월에서 육 개월 이상이 기간이 걸리기 때문에 어려운 일을 함께 했을 그 파트 부분은 사람은 저 그 다음번에는 쉬운 일을 더 맡게 해서 서로 공평하게 일에 강도를 나누는 게 좋을 것 같습니다.","wordCount":135},"emotion":[],"intent":[{"text":"어려운 일은 서로 협업해서 하는 게 제일 잘 해결할 수 있는 방법이라고 생각합니다.","expression":"c_cop","category":"personality"},{"text":"예를 들어 한 프로젝트를 하고 있을 때 굉장히 중요하고 어려운 일을 하게 될 경우가 있는데 그 일을 해 낼 사람이 마땅치 않을 경우에는 두 이 인 일 조로 그 일을 함께 하면서 서로 모르는 점은 서로 나누고 서로 도움이 되는 역할로 할려고 합니다.","expression":"c_cop","category":"personality"}],"summary":{"text":"어려운 일은 서로 협업해서 해결하는 게 가장 잘 해결할 수 있는 방법이라고 생각합니다. 어려운 일은 각각 하나씩 해서 기본으로 하고 어려운 일은 둘 또는 세 명이서 함께 공조하여 해결해 나갈 수 있으면 좋겠습니다.","wordCount":33}}},"rawDataInfo":{"question":{"fileFormat":"wav","fileSize":561998,"duration":17560,"samplingBit":16,"channelCount":1,"samplingRate":"16kHz","audioPath":"/Mock/03.PublicService/Female/Experienced/ckmk_q_ps_f_e_244960.wav"},"answer":{"fileFormat":"wav","fileSize":2359438,"duration":73730,"samplingBit":16,"channelCount":1,"samplingRate":"16kHz","audioPath":"/Mock/03.PublicService/Female/Experienced/ckmk_a_ps_f_e_244960.wav"}}}