{"version":"1.0","dataSet":{"info":{"date":"20230116","occupation":"PS","channel":"MOCK","place":"ONLINE","gender":"FEMALE","ageRange":"55-","experience":"EXPERIENCED"},"question":{"raw":{"text":"지금까지 살아오시면서 가장 힘들었던 경험은 무엇이었나요 그리고 그것을 어떻게 극복하셨는지도 들어보고 싶습니다","wordCount":12},"emotion":[],"intent":[]},"answer":{"raw":{"text":"가장 힘들었던 경험 중의 하나는 제가 체력적으로 굉장히 안 좋은 상황에 있었을 때였습니다. 과거 삼 교대 근무를 진행했었던 적이 있었는데요. 삼 교대 근무를 하다보면 새벽에 일을 해야 되는 순간들이 참 많았습니다. 그래서 새벽에 퇴근하는 일이 한 달 정도 되자 우울감도 들고 체력적으로도 부담 됐었습니다. 그래서 저는 일을 극복하기 위해 운동을 시작했고 집에 들어가기 전에 삼십 분씩 러닝머신을 타자 모든 정신적인 에너지와 그리고 몸 역시도 굉장히 건강해졌습니다.","wordCount":66},"emotion":[],"intent":[{"text":"","expression":"","category":"attitude"}],"summary":{"text":"과거 삼 교대 근무 당시 새벽 퇴근이 많아 우울감이 들고 체력적으로 부담이 되었습니다. 이를 극복하기 위해 운동을 시작했고 집에 들어가기 전 30분씩 러닝머신을 타자 모든 정신적인 에너지와 몸이 건강해졌습니다.","wordCount":29}}},"rawDataInfo":{"question":{"fileFormat":"wav","fileSize":349198,"duration":10910,"samplingBit":16,"channelCount":1,"samplingRate":"16kHz","audioPath":"/Mock/03.PublicService/Female/Experienced/ckmk_q_ps_f_e_239376.wav"},"answer":{"fileFormat":"wav","fileSize":2160718,"duration":67520,"samplingBit":16,"channelCount":1,"samplingRate":"16kHz","audioPath":"/Mock/03.PublicService/Female/Experienced/ckmk_a_ps_f_e_239376.wav"}}}