{"version":"1.0","dataSet":{"info":{"date":"20230116","occupation":"PS","channel":"MOCK","place":"ONLINE","gender":"FEMALE","ageRange":"35-44","experience":"EXPERIENCED"},"question":{"raw":{"text":"일을 하다 보면 고객을 응대할 일이 많이 있습니다 고객 응대에 필요한 세 가지를 말씀해 보시고 그 이유도 같이 함께 얘기해 주실 수 있으신가요","wordCount":23},"emotion":[],"intent":[]},"answer":{"raw":{"text":"일을 하다보면 고객을 응대할 일이 많은데 근대에 필요한 세 가지를 이야기해 보자면 어 고객의 피로를 파악을 빨리 해서 그곳에 맞는 맞춤 설계를 어 해줄 수 있어야 한다고 생각을 합니다. 예를 들어 어 핸드폰을 사려고 할 때 어 요금제나 어떤 기 기기를 살려고 할 때 어 제가 필요한 것들을 빨리 파악을 해서 제가 수중에 가지고 있는 돈 그리고 제가 사용하는 양들을 어 파악을 해서 제가 가지고 있는 정보를 파악을 정보를 기반으로 그것들에 맞게 어 요금을 절약할 수 있게 도와준다던지 어 가격을 더 싸게 도와준다던지 하는 맞춤 서비스를 가진 음 어 맞춤 서비스를 해줄 수 있는 사람들이 필요하다고 생각을 합니다. 그리고 두 번째로는 사후 서비스를 잘 해주는 것이 필요합니다. 예를 들어 어 기계를 구입을 하고 나서 물건을 구입을 하고 나서 어 물건에 문제가 있는 경우에는 어떤 서비스 서비스 센터로 찾아가야 하는지 어 것들을 알아서 어 할 수 있어야 한다고 해서 그것을 신뢰도를 쌓을 수 있다고 생각을 합니다. 그리고 또 신뢰도를 쌓아서 음 고객들과 어 단골을 맺어서 뭐 어 보태거나 어 너무 비싸게 팔지 않고 그것들을 어 정직하게 팔아서 신뢰도 있게 형성을 신뢰도 형성해 한다고 생각합니다.","wordCount":173},"emotion":[],"intent":[{"text":"","expression":"","category":"attitude"}],"summary":{"text":"일을 하다보면 고객을 응대할 일이 많은데 근대에 필요한 세 가지를 이야기해 보자면 고객의 피로를 파악을 빨리 해서 그곳에 맞는 맞춤 설계를 어 해줄 수 있어야 한다고 생각을 합니다. 그리고 사후 서비스를 잘 해주는 것이 필요합니다. 신뢰도를 쌓아서 고객들과 단골을 맺어서 정직하게 팔아 신뢰도 있게 형성을 신뢰도 형성한다고 생각합니다.","wordCount":48}}},"rawDataInfo":{"question":{"fileFormat":"wav","fileSize":452558,"duration":14140,"samplingBit":16,"channelCount":1,"samplingRate":"16kHz","audioPath":"/Mock/03.PublicService/Female/Experienced/ckmk_q_ps_f_e_239414.wav"},"answer":{"fileFormat":"wav","fileSize":3863438,"duration":120730,"samplingBit":16,"channelCount":1,"samplingRate":"16kHz","audioPath":"/Mock/03.PublicService/Female/Experienced/ckmk_a_ps_f_e_239414.wav"}}}