{"version":"1.0","dataSet":{"info":{"date":"20230116","occupation":"PS","channel":"MOCK","place":"ONLINE","gender":"FEMALE","ageRange":"55-","experience":"EXPERIENCED"},"question":{"raw":{"text":"본인의 생각이 아닌 지원자님의 다른 주변 사람들이 생각하는 단점과 장점에 대해서 모두 다 말씀해 주세요 가능한 솔직하게 말씀해 주시기 바랍니다","wordCount":20},"emotion":[],"intent":[]},"answer":{"raw":{"text":"얼마 전에 어 자기 소개를 하는 시간이 있어서 일 대 일로 상대방과 같이 장점과 단점에 대해서 얘기했습니다. 제 장점을 부드러운 표정 맑은 목소리 그리고 남을 배려할 것 같은 느낌 그리고 열정적일 것 같은 뇌력 노력 장점으로는 그리고 우아해 보인다는 말도 있었고요. 친절해 보이고 어 학교 선생님처럼 보인다는 것도 좋은 장점이라고 생각합니다. 그리고 어 남들에 비해서 좀 살이 쪘기 때문에 더 얼굴이 우아해 보인다는 것도 좋은 장점이라고 생각합니다. 그리고 단점은 머리 숱이 좀 작아서 좀 더 예뻐 보이지 않는 게 단점이구요. 어 남들이 뭔가를 요구했을 때 너무 잘 들어주는 것도 단 단점이라고 생각합니다. 뭐든지 다 수용하고 어 좀 거절해야 될 때 거절하지 못하는 거 이런 게 저의 단점이라고 생각합니다.","wordCount":108},"emotion":[],"intent":[{"text":"뭐든지 다 수용하고 어 좀 거절해야 될 때 거절하지 못하는 거 이런 게 저의 단점이라고 생각합니다.","expression":"c_person","category":"background"}],"summary":{"text":"자기소개를 하면서 장점으로 부드러운 표정, 맑은 목소리, 남을 배려할 것 같은 느낌, 열정적일 것 같은 노력, 친절해 보이고 학교 선생님처럼 보이는 것, 얼굴이 우아해 보이는 것을 들었고, 단점으로는 머리 숱이 작아 커 보이지 않는 것을 들었습니다.","wordCount":36}}},"rawDataInfo":{"question":{"fileFormat":"wav","fileSize":573518,"duration":17920,"samplingBit":16,"channelCount":1,"samplingRate":"16kHz","audioPath":"/Mock/03.PublicService/Female/Experienced/ckmk_q_ps_f_e_244620.wav"},"answer":{"fileFormat":"wav","fileSize":2647758,"duration":82740,"samplingBit":16,"channelCount":1,"samplingRate":"16kHz","audioPath":"/Mock/03.PublicService/Female/Experienced/ckmk_a_ps_f_e_244620.wav"}}}