{"version":"1.0","dataSet":{"info":{"date":"20230116","occupation":"PS","channel":"MOCK","place":"ONLINE","gender":"FEMALE","ageRange":"35-44","experience":"EXPERIENCED"},"question":{"raw":{"text":"어 지원자님께서는 이제 본인 스스로 숫자와 창의 중에 어떤 곳에 더 가깝다고 생각하시나요 그리고 그렇게 생각하시는 이유는 무엇인지 어 설명해 주시기를 바랍니다","wordCount":22},"emotion":[],"intent":[]},"answer":{"raw":{"text":"저는 제 스스로 창의 쪽에 더 가깝다고 생각을 합니다. 왜냐하면 제가 어 학교에서 일을 할 때 창의적인 프로젝트를 많이 하는 편이었습니다. 그래서 영어를 가르칠 때 어 포스터를 만들거나 또 영어 단어를 그림으로 표현을 하거나 아니면 토론을 통해서 재미있는 역할극을 진행을 하고 그런 창의적인 일에 대해서 많은 경험이 있기 때문에 그것들에 익숙해져 있고 창의적인 일을 하면 어 준비하는 데 시간이 많이 걸릴지라도 그 결과를 보면 어 어 교육을 받는 사람들이 더 만족을 하고 더 많은 에너지를 가지고 더 신선한 에너지를 가지고 그때를 작업을 하는 것을 보았기 때문에 어 준비하는 데 시간이 많이 걸릴지라도 많은 결과물에 대해서 만족을 하고 희열을 느끼는 편입니다. 이 뭐 창의적인 일을 할 때 더 많은 에너지가 제 안에서 나오는 것을 많이 경험을 했습니다. 그 일을 하면서 뭐 잊지 못한 그런 일들이 발생을 하는데 그것들을 어 발생할 때도 제가 그것들을 유연하게 받아들이고 또 그것들을 처리해 나가고 또 다른 어 더 창의적인 일이 없는지 어 제안을 하는 등 제가 새로운 그런 환경이나 창의적인 일을 하면서 겪는 그런 환경들을 즐기고 있다는 것을 그당시에 많이 경험을 했습니다. 그래서 저는 그것들을 어 재미있게 생각을 하고 흥미있게 관심을 가지고 시간을 많이 투자하는 편입니다.","wordCount":180},"emotion":[{"text":"그래서 영어를 가르칠 때 어 포스터를 만들거나 또 영어 단어를 그림으로 표현을 하거나 아니면 토론을 통해서 재미있는 역할극을 진행을 하고 그런 창의적인 일에 대해서 많은 경험이 있기 때문에 그것들에 익숙해져 있고 창의적인 일을 하면 어 준비하는 데 시간이 많이 걸릴지라도 그 결과를 보면 어 어 교육을 받는 사람들이 더 만족을 하고 더 많은 에너지를 가지고 더 신선한 에너지를 가지고 그때를 작업을 하는 것을 보았기 때문에 어 준비하는 데 시간이 많이 걸릴지라도 많은 결과물에 대해서 만족을 하고 희열을 느끼는 편입니다.","expression":"p-happiness","category":"positive"},{"text":"그래서 저는 그것들을 어 재미있게 생각을 하고 흥미있게 관심을 가지고 시간을 많이 투자하는 편입니다.","expression":"p-interest","category":"positive"}],"intent":[{"text":"","expression":"","category":"attitude"}],"summary":{"text":"창의적인 프로젝트를 많이 하는 편이라 교육받는 사람들이 더 만족을 하고 그 결과물에 만족을 해서 희열을 느끼는 편입니다. 그 일을 하면서 잊지 못할 일이 발생을 하는데 그것을 유연하게 받아들이고 또 처리해 나가고 또 다른 창의적 일이 없는지 제안을 하는 등 새로운 환경들을 즐기고 있다는 것을 많이 경험해서 저는 제 스스로 창의 쪽에 더 가깝다고 생각 합니다.","wordCount":55}}},"rawDataInfo":{"question":{"fileFormat":"wav","fileSize":480078,"duration":15000,"samplingBit":16,"channelCount":1,"samplingRate":"16kHz","audioPath":"/Mock/03.PublicService/Female/Experienced/ckmk_q_ps_f_e_234086.wav"},"answer":{"fileFormat":"wav","fileSize":3694158,"duration":115440,"samplingBit":16,"channelCount":1,"samplingRate":"16kHz","audioPath":"/Mock/03.PublicService/Female/Experienced/ckmk_a_ps_f_e_234086.wav"}}}