{"version":"1.0","dataSet":{"info":{"date":"20230116","occupation":"PS","channel":"MOCK","place":"ONLINE","gender":"FEMALE","ageRange":"-34","experience":"EXPERIENCED"},"question":{"raw":{"text":"지원자분께서 업무를 함에 있어서 분쟁이 발생할 수도 있습니다 이와 같은 분쟁이 발생하는 상황을 대비해서 지원자분만이 가지고 계시는 대처법이 있으신지 궁금합니다 있다면 무엇인지 같이 얘기해 주세요","wordCount":25},"emotion":[],"intent":[]},"answer":{"raw":{"text":"갈등 상황에는 어 정답이 분명하게 있는 갈등과 없는 갈등 이 두 가지 양상이 있다고 생각을 합니다. 정답이 분명하게 있는 갈등의 경우에는 문제의 근본 원인과 전체적인 문제 양상을 제대로 파악하고 있는 이를 해결할 수 있는 능력이 있는 리더가 있다면 사실 쉽게 문제가 해결될 수 있다고 생각을 합니다. 하지만 양측의 의견이 모두 일리가 있고 답이 명확히 나오지 않는 문제일 경우 어 그럴 경우에는 굉장히 첨예한 대립이 되기 때문에 좀 어 좀 더 어려운 경우인데요. 이럴 경우에는 만약 제가 리더라면 어 기한을 두고 어 양측 모두 각자의 의견대로 업무를 준비하도록 지시를 해서 경쟁을 시킬 것 같습니다. 그래서 이 경쟁을 통해서 승부를 가려서 상대팀이 어 어느 한쪽의 의견을 수긍할 수 밖에 없도록 하는 상황을 만들 것 같습니다. 어 물론 이러한 과정에서 어느 한쪽의 의견만 절대적으로 택하고 반대쪽의 의견을 철저히 무시하는 것이 아니라 이 과정에서 분명하게 드러나는 양측 각 팀의 단점과 장점을 모두 취합해서 상호 보완을 하면서 어 최선의 선택을 만들 수 있도록 어 할 것 같습니다.","wordCount":152},"emotion":[],"intent":[{"text":"이럴 경우에는 만약 제가 리더라면 어 기한을 두고   어 양측 모두 각자의 의견대로 업무를 준비하도록 지시를 해서 경쟁을 시킬 것 같습니다.","expression":"c_confl_mg","category":"personality"},{"text":"그래서 이 경쟁을 통해서 승부를 가려서 상대팀이 어 어느 한쪽의 의견을 수긍할 수 밖에 없도록   하는 상황을 만들 것 같습니다.","expression":"c_confl_mg","category":"personality"},{"text":"어 물론 이러한 과정에서 어느 한쪽의 의견만 절대적으로 택하고   반대쪽의 의견을 철저히 무시하는 것이 아니라 이 과정에서 분명하게 드러나는 양측 각 팀의 단점과   장점을 모두 취합해서 상호 보완을 하면서 어 최선의 선택을 만들 수 있도록   어 할 것 같습니다.","expression":"c_confl_mg","category":"personality"}],"summary":{"text":"갈등 상황에는 정답이 분명하게 있는 갈등과 없는 갈등 두 가지 양상이 있는데, 정답이 분명히 있는 갈등의 경우에는 문제의 근본 원인과 전체적인 문제 양상을 제대로 파악하고 있는 리더가 있다면 쉽게 문제가 해결될 수 있지만, 답이 명확히 나오지 않는 갈등의 경우는 양측 모두 각자의 의견대로 업무를 준비하도록 해서 경쟁을 시켜야 할 것 같습니다.","wordCount":51}}},"rawDataInfo":{"question":{"fileFormat":"wav","fileSize":677198,"duration":21160,"samplingBit":16,"channelCount":1,"samplingRate":"16kHz","audioPath":"/Mock/03.PublicService/Female/Experienced/ckmk_q_ps_f_e_190179.wav"},"answer":{"fileFormat":"wav","fileSize":2255118,"duration":70470,"samplingBit":16,"channelCount":1,"samplingRate":"16kHz","audioPath":"/Mock/03.PublicService/Female/Experienced/ckmk_a_ps_f_e_190179.wav"}}}