{"version":"1.0","dataSet":{"info":{"date":"20230116","occupation":"PS","channel":"MOCK","place":"ONLINE","gender":"FEMALE","ageRange":"55-","experience":"EXPERIENCED"},"question":{"raw":{"text":"회사에 입사에서 본인이 하고 싶은 업무가 있으신가요 만약 있으시다면 이유와 함께 말씀해 주시기 바랍니다","wordCount":14},"emotion":[],"intent":[]},"answer":{"raw":{"text":"네 저 같은 경우에는 지금 현재 직무에서 이미 근무를 했었던 경험들이 있습니다. 그래서 이런 제 실무 능력들을 바탕으로 기존에 했었던 업무와 동일한 업무를 진행하고 싶은데요. 그 이유는 제가 생각했을 때 저는 이 분야에 있어서 이미 많은 인맥들을 구축해 놓았고 실무에 바로 투입되어도 문제가 없을 만한 경력자라는 점입니다. 그래서 일단 초반에는 회사에 적응하는 그런 기간도 필요하긴 하겠지만 저는 직접 고객들을 응대하고 대면하는 현재 제 직무가 굉장히 맘에 들기 때문에 꼭 이 분야에서 계속해서 근무하고 싶은 것이 제 소망입니다.","wordCount":77},"emotion":[],"intent":[{"text":"","expression":"","category":"attitude"}],"summary":{"text":"저는 현재 직무에서 근무했던 경험들로 기존 업무와 동일한 업무를 진행하고 싶은데, 이미 많은 인맥들을 구축해 놓았고 실무에 바로 투입되어도 문제가 없을 만한 경력자라는 점이 그 이유입니다.","wordCount":26}}},"rawDataInfo":{"question":{"fileFormat":"wav","fileSize":346958,"duration":10840,"samplingBit":16,"channelCount":1,"samplingRate":"16kHz","audioPath":"/Mock/03.PublicService/Female/Experienced/ckmk_q_ps_f_e_239381.wav"},"answer":{"fileFormat":"wav","fileSize":2369358,"duration":74040,"samplingBit":16,"channelCount":1,"samplingRate":"16kHz","audioPath":"/Mock/03.PublicService/Female/Experienced/ckmk_a_ps_f_e_239381.wav"}}}