{"version":"1.0","dataSet":{"info":{"date":"20230116","occupation":"PS","channel":"MOCK","place":"ONLINE","gender":"FEMALE","ageRange":"-34","experience":"EXPERIENCED"},"question":{"raw":{"text":"대학 생활을 보내면서 가장 힘들었던 경험은 무엇인가요 또한 그것을 어떻게 극복하셨었는지 그 과정도 함께 말씀해 주세요","wordCount":16},"emotion":[],"intent":[]},"answer":{"raw":{"text":"대학 생활을 보내면서 가장 힘들었던 경험은 조별 활동을 할 때 많은 사람들과 이야기가 되었어야 되는데요. 누군가는 나오지 않고 누군가는 지각을 하고 누군가는 입을 아예 안 열고 이런 이러한 다양한 사람들을 만나서 소통한다는 것이 굉장히 어려웠습니다. 그리고 이것을 어떻게 극복하게 됐냐면 우선 어떻게든 자주 보는 방식을 택했고요. 같은 과라면은 뭐 지나가다가도 인사 한 번 더 하고 조금은 눈에 띄는 방면으로 노력을 했었고 다른 과라고 하면은 이제 이 사람이랑 연락이 안 될 경우에 그 해당 조교실에 찾아가서 이 사람에 대한 왜 안 나오는지 이런 걸 한 번 여쭤 보고 제가 할 수 있는 부분에서는 다 노력을 했던 것 같습니다. 그래서 실제로 만나서 이야기를 듣고 이 사람 상황이 이렇다 라는 것을 공감하고 거기에 대해서 이야기를 나누니까 나중에는 그런 조별 마지막 때는 모두 다 와서 잘 해결했던 경험이 있습니다. 역시 많은 사람들을 만나 보게 되면은 다양한 생각들이 있기 마련인데요. 그것에 조율하는 것이 굉장히 어려웠다. 하지만 나는 잘 해결해냈다 라고 말씀을 드릴 수 있을 것 같습니다.","wordCount":151},"emotion":[],"intent":[{"text":"","expression":"","category":"attitude"}],"summary":{"text":"대학 생활을 하며 가장 힘들었던 경험은 조별 활동을 할 때 많은 사람들과 이야기를 나누는 것이었습니다. 많은 사람들을 만나 보게 되면은 다양한 생각들이 있기 마련인데, 조율하는 것이 굉장히 어려웠습니다. 하지만 저는 잘 해결해냈다 라고 말씀을드릴 수 있을 것 같습니다.","wordCount":38}}},"rawDataInfo":{"question":{"fileFormat":"wav","fileSize":599758,"duration":18740,"samplingBit":16,"channelCount":1,"samplingRate":"16kHz","audioPath":"/Mock/03.PublicService/Female/Experienced/ckmk_q_ps_f_e_195655.wav"},"answer":{"fileFormat":"wav","fileSize":2397198,"duration":74910,"samplingBit":16,"channelCount":1,"samplingRate":"16kHz","audioPath":"/Mock/03.PublicService/Female/Experienced/ckmk_a_ps_f_e_195655.wav"}}}