{"version":"1.0","dataSet":{"info":{"date":"20230116","occupation":"PS","channel":"MOCK","place":"ONLINE","gender":"FEMALE","ageRange":"35-44","experience":"EXPERIENCED"},"question":{"raw":{"text":"직무 지식 역량 태도 이 세 가지 요소 중에 가장 중요하다고 생각하시는 것을 이유와 함께 말씀해 주시기 바랍니다","wordCount":18},"emotion":[],"intent":[]},"answer":{"raw":{"text":"저는 직무 지식이라고 생각을 하는데요. 진짜 직무 지식이 전무한 사람과 일을 해 봤었어 가지고 그 지식이 없는 게 얼마나 동료들이 힘들게 하는 건지 그때 너무 느껴서 저는 제발 모든 사람들이 회사에 올 때 제발 그 분야의 지식은 가지고 있었으면 좋겠습니다. 물론 교육기관이라는 것도 있고 교육기관이 없어도 뭔가 마크 해주는 사수가 생기긴 하겠지만 어 좀 이 직무 자체에 어떤 성의가 없는 사람들은 뭔가 더 세세한 지식을 자꾸 알기를 거부하려고 하는 태도를 보일 때가 있는데 같이 일하는 사람으로 있을 때 그런 사람이 팀원이면 어 돌아버릴 것 같은 그런 경우들이 많이 생기거든요. 그래서 저는 항상 어 중요하게 생각하는 게 바로 직무 지식이고 아무래도 요즘은 어떤 회사를 들어가는 거 그까 회사 자체에 들어가는 게 목적인 경우가 더 많아서 여러 가지 스펙을 쌓는 경우가 많거든요. 그래서 그 업무에 집중된 지식을 습득하지 않으려고 하는 그런 자세도 보이는 것 같애서 꼭 필요하다고 생각합니다.","wordCount":136},"emotion":[],"intent":[{"text":"","expression":"","category":"attitude"}],"summary":{"text":"모든 사람이 회사에 올 때 그 분야의 지식은 있었으면 좋겠습니다. 회사 자체에 들어가는 게 목적인 경우가 더 많아서 여러 가지 스펙을 쌓는 경우가 많은데 그 업무에 집중된 지식을 습득하지 않으려고 하는 자세도 보이는 것 같아 직무 지식이 꼭 필요하다고 생각합니다.","wordCount":40}}},"rawDataInfo":{"question":{"fileFormat":"wav","fileSize":425678,"duration":13300,"samplingBit":16,"channelCount":1,"samplingRate":"16kHz","audioPath":"/Mock/03.PublicService/Female/Experienced/ckmk_q_ps_f_e_181567.wav"},"answer":{"fileFormat":"wav","fileSize":2914638,"duration":91080,"samplingBit":16,"channelCount":1,"samplingRate":"16kHz","audioPath":"/Mock/03.PublicService/Female/Experienced/ckmk_a_ps_f_e_181567.wav"}}}