{"version":"1.0","dataSet":{"info":{"date":"20230116","occupation":"PS","channel":"MOCK","place":"ONLINE","gender":"FEMALE","ageRange":"45-54","experience":"EXPERIENCED"},"question":{"raw":{"text":"불만을 제기하는 고객을 만났을 때 대처하는 본인만의 노하우를 설명해 주시겠습니까","wordCount":10},"emotion":[],"intent":[]},"answer":{"raw":{"text":"불만을 제기하는 고객이 있다면 일단 저는 그 불만을 제기하는 고객의 이야기를 잘 들어줍니다. 음 불만을 얘기한다는 것은 어떤 일에 대해서 자기가 가지고 있는 생각을 어필하기 위해서 그 고객이 이야기하는 것이기 때문에 일단 그 불만을 제기하는 고객에 대해서 그분의 이야기를 끝까지 그 고객의 얘기를 들어주고 왜 이 고객이 화를 내고 있는지 그리고 이 고객이 무슨 일에 이렇게 불만스러운 것인지 그 원인을 먼저 파악하려고 얘기하고 생각하고 있고요. 가장 중요한 거는 그런 고객들을 대할 때 아 내가 저 경우였을 때는 어땠을까 어 역지사지에 생각을 많이 합니다. 내가 저 불만을 고객 제기하는 고객과 같은 상황이었다면 나는 어땠을까 내 기분은 어땠을까 이런 식으로 생각을 많이 하고 그분의 입장에서 아 참 많이 힘드셨겠습니다 어 아니면 어 네 저도 저 같았어도 정말 화가 났을 것 같습니다 라고 동의해주면서 이해해주는 노하우를 가지고 있습니다.","wordCount":125},"emotion":[],"intent":[{"text":"음 불만을 얘기한다는 것은 어떤 일에 대해서 자기가 가지고 있는 생각을 어필하기 위해서 그 고객이 이야기하는 것이기 때문에 일단 그 불만을 제기하는 고객에 대해서 그분의 이야기를 끝까지 그 고객의 얘기를 들어주고 왜 이 고객이 화를 내고 있는지 그리고 이 고객이 무슨 일에 이렇게 불만스러운 것인지 그 원인을 먼저 파악하려고 얘기하고 생각하고 있고요.","expression":"p_voc","category":"technology"},{"text":"내가 저 불만을 고객 제기하는 고객과 같은 상황이었다면 나는 어땠을까 내 기분은 어땠을까 이런 식으로 생각을 많이 하고 그분의 입장에서 아 참 많이 힘드셨겠습니다","expression":"p_voc","category":"technology"}],"summary":{"text":"불만을 제기하는 고객의 이야기를 들어준다는 것은 어떤 일에 대해 자기가 가지고 있는 생각을 어필하기 위함입니다. 불만을 제기하고 있는 고객의 이야기를 끝까지 들어주고 왜 이 고객이 화를 내고 있는지 그 원인을 먼저 파악하려고 합니다. 가장 중요한 것은 그런 고객들을 대할 때 역지사지에 생각을 많이 합니다.","wordCount":44}}},"rawDataInfo":{"question":{"fileFormat":"wav","fileSize":286478,"duration":8950,"samplingBit":16,"channelCount":1,"samplingRate":"16kHz","audioPath":"/Mock/03.PublicService/Female/Experienced/ckmk_q_ps_f_e_183197.wav"},"answer":{"fileFormat":"wav","fileSize":2697998,"duration":84310,"samplingBit":16,"channelCount":1,"samplingRate":"16kHz","audioPath":"/Mock/03.PublicService/Female/Experienced/ckmk_a_ps_f_e_183197.wav"}}}