{"version":"1.0","dataSet":{"info":{"date":"20230116","occupation":"PS","channel":"MOCK","place":"ONLINE","gender":"FEMALE","ageRange":"55-","experience":"EXPERIENCED"},"question":{"raw":{"text":"이전 직장에서 퇴사한 후 퇴사한 것을 후회한 적 없으신가요 있다면 왜인지도 함께 말씀 부탁드립니다","wordCount":14},"emotion":[],"intent":[]},"answer":{"raw":{"text":"제가 맨 처음 직장을 퇴사한 거는 은행입니다. 은행에서 십 오 년 근무하다가 남편의 해외 주제 발령으로 인하여 어쩔 수 없이 제가 퇴 퇴직하게 되었습니다. 그래서 그 퇴직하는 거를 조금이나마 연장해 보고자 자비 유학으로 어 홍콩으로 나갔는데 다시 삼 년 만에 휴직이 삼 년 밖에 안 되기 때문에 다시 들어와야 했었습니다. 그 당시에는 여자가 해외에 나가는 것은 굉장히 어려운 페이버였기 때문에 더더욱 힘들었는데 그 기회를 놓치고 싶지 않아서 삼 년 후에는 혼자 서울로 들어와서 은행에 복직하여 다시 근무를 하였습니다. 그렇게 근무 한 동안 일 년 동안을 가족들과 떨어져서 살았는데요. 그러다 보니 가정이 우선인가 어 직장이 우선인가에 대해서 생각할 시간을 가졌었습니다. 그때에 퇴직하지 않았더라면 어 지금 쯤은 지점장으로 퇴사를 했었을 것 같긴 한데 그래서 후회한 적이 있었습니다. 어 제가 최초로 후회한 것이 어 은행을 퇴직 퇴사한 것입니다.","wordCount":125},"emotion":[{"text":"제가 맨 처음 직장을 퇴사한 거는 은행입니다.","expression":"u-fact","category":"neutral"},{"text":"은행에서 십 오 년 근무하다가 남편의 해외 주제 발령으로 인하여 어쩔 수 없이 제가 퇴 퇴직하게 되었습니다.","expression":"u-fact","category":"neutral"}],"intent":[{"text":"은행에서 십 오 년 근무하다가 남편의 해외 주제 발령으로 인하여 어쩔 수 없이 제가 퇴 퇴직하게 되었습니다.","expression":"c_private","category":"background"}],"summary":{"text":"제가 맨 처음 직장을 퇴사한 것은 은행입니다. 직장에서 십 오 년 근무하다가 남편의 해외 주제 발령으로 인해 퇴직하게 되었습니다. 퇴직하는 것을 연장해 보고자 자비 유학으로 홍콩으로 나가는데 다시 삼 년 만에 휴직이 3 년 밖에 안 되어 다시 들어왔습니다. 제가 최초로 후회한 것이 은행을 퇴직 퇴사한 것입니다.","wordCount":47}}},"rawDataInfo":{"question":{"fileFormat":"wav","fileSize":381518,"duration":11920,"samplingBit":16,"channelCount":1,"samplingRate":"16kHz","audioPath":"/Mock/03.PublicService/Female/Experienced/ckmk_q_ps_f_e_244724.wav"},"answer":{"fileFormat":"wav","fileSize":2645838,"duration":82680,"samplingBit":16,"channelCount":1,"samplingRate":"16kHz","audioPath":"/Mock/03.PublicService/Female/Experienced/ckmk_a_ps_f_e_244724.wav"}}}