{"version":"1.0","dataSet":{"info":{"date":"20230116","occupation":"PS","channel":"MOCK","place":"ONLINE","gender":"FEMALE","ageRange":"55-","experience":"EXPERIENCED"},"question":{"raw":{"text":"만약에 고객이 당사의 상품과 당사의 서비스에 대하여 지속적인 불만을 나타낸다면 지원자님께서는 이런 상황에서 어떻게 대처를 하실 생각이십니까","wordCount":17},"emotion":[],"intent":[]},"answer":{"raw":{"text":"저는 고객의 의견을 굉장히 귀담아 듣는 것에 중요성에 대해서 누구보다 잘 알고 있습니다. 그 이유는 제가 과거에 어떤 한 회사에서 인턴을 했을 때 그 곳에서는 고객의 불만 사항 제품에 대한 아이디어만 모아서 데이터들을 추출하는 부서가 있었습니다. 실제로도 그러한 브이오씨 들을 취합해서 우리가 향후에 업데이트에 반영을 한다거나 다음 차수 제품을 만들어 낼 때 반영을 해서 제품들의 그런 서비스나 유저 인터페이스들이 훨씬 개선되었던 경험들이 있습니다. 그래서 고객의 의견 하나하나를 불만 사항이더라도 중요하게 여기는 자세로 응대하도록 하겠습니다.","wordCount":74},"emotion":[],"intent":[{"text":"","expression":"","category":"attitude"}],"summary":{"text":"저는 고객의 의견을 귀담아 듣는 것이 중요하다고 알고 있습니다. 실제로도 그러한 브이오씨들을 취합해서 차수 제품을 만들어 낼 때 반영을 해서 서비스나 유저 인터페이스들이 훨씬 개선되었던 경험들이 있었습니다.","wordCount":27}}},"rawDataInfo":{"question":{"fileFormat":"wav","fileSize":584398,"duration":18260,"samplingBit":16,"channelCount":1,"samplingRate":"16kHz","audioPath":"/Mock/03.PublicService/Female/Experienced/ckmk_q_ps_f_e_239374.wav"},"answer":{"fileFormat":"wav","fileSize":2621518,"duration":81920,"samplingBit":16,"channelCount":1,"samplingRate":"16kHz","audioPath":"/Mock/03.PublicService/Female/Experienced/ckmk_a_ps_f_e_239374.wav"}}}