{"version":"1.0","dataSet":{"info":{"date":"20230116","occupation":"PS","channel":"MOCK","place":"ONLINE","gender":"FEMALE","ageRange":"45-54","experience":"EXPERIENCED"},"question":{"raw":{"text":"지원자님의 단점이 있다면 말씀해 주시고 이를 보완하기 위해 지원자님은 어떤 노력이 있다면 함께 설명과 말씀해 주시겠습니까","wordCount":16},"emotion":[],"intent":[]},"answer":{"raw":{"text":"저의 단점은 어 단순하다고 합니다. 어 단순하다는 거는 깊이 옆에 이런 눈치도 보고 저런 상황 파악도 하고 그다음에 상황이 어떻게 돌아가는 건지 이렇게 수시로 점검하고 해야 되는데 그렇지 못하고 제가 어떤 일을 하나 진행하고 그걸 해야겠다고 생각하면은 그거에 어 완전 집중을 해서 거기에만 생각을 몰두하기 때문에 옆을 잘 보지 못하는 단점이 있습니다. 어 그럴 때는 저에게는 아주 부드러운 목소리로 이런 이런 부분 때문에 당신이 잘하고 있는 부분이 가려질 수 있다. 반드시 이런 부분을 체크해야 된다라고 조언을 해주는 사람이 있다면 저한테 그 조언은 백 퍼센트 받아들입니다. 왜냐하면 저의 단점을 잘 알고 있기 때문에 아 아 내가 그 부분은 캐치를 하지 못했겠구나 라고 하면 바로 그걸 시정 조치 하는 편이기 때문에 단점은 그런 식으로 보완해야 됩니다. 그래서 저는 옆에 현명하고 그다음에 상황파악이 빠르고 그리고 어 감각적인 그래서 일 하나만 몰두하지 않고 주변에 여러 것들을 볼 수 있는 그런 어떤 마인드를 가지고 있는 어 함께 일할 동료가 꼭 필요합니다. 그러면 그 동료랑 같이 맞춰서 최상의 컨디션으로 작업을 해낼 수 있을 것 같습니다.","wordCount":159},"emotion":[],"intent":[{"text":"어 단순하다는 거는 깊이 옆에 이런 눈치도 보고 저런 상황 파악도 하고 그다음에 상황이 어떻게 돌아가는 건지 이렇게   수시로 점검하고 해야 되는데 그렇지 못하고 제가 어떤 일을 하나 진행하고 그걸 해야겠다고 생각하면은 그거에 어 완전 집중을 해서 거기에만 생각을 몰두하기 때문에 옆을 잘 보지 못하는 단점이 있습니다.","expression":"c_person","category":"background"}],"summary":{"text":"현명하고, 상황파악이 빠르고, 감각적인 마인드를 가진 동료가 꼭 필요합니다. 그 동료랑 같이 맞춰서 최상의 컨디션으로 작업을 해낼 수 있을 것 같습니다.","wordCount":21}}},"rawDataInfo":{"question":{"fileFormat":"wav","fileSize":334158,"duration":10440,"samplingBit":16,"channelCount":1,"samplingRate":"16kHz","audioPath":"/Mock/03.PublicService/Female/Experienced/ckmk_q_ps_f_e_186018.wav"},"answer":{"fileFormat":"wav","fileSize":2508238,"duration":78380,"samplingBit":16,"channelCount":1,"samplingRate":"16kHz","audioPath":"/Mock/03.PublicService/Female/Experienced/ckmk_a_ps_f_e_186018.wav"}}}