{"version":"1.0","dataSet":{"info":{"date":"20230116","occupation":"PS","channel":"MOCK","place":"ONLINE","gender":"FEMALE","ageRange":"55-","experience":"EXPERIENCED"},"question":{"raw":{"text":"협업하는 과제와 혼자 하는 과제 중에 무엇을 더 선호하시나요 또한 그러는 이유도 함께 구체적으로 말씀해 주실 수 있을까요","wordCount":18},"emotion":[],"intent":[]},"answer":{"raw":{"text":"협업하는 과제가 더 재미있을 것 같습니다. 제가 하는 일 자체가 어 상담에 관한 일이 많고 그리고 총괄 책임자이다 보니 회계나 관리나 모든 업무를 같이 하게 하는 게 편리합니다. 혼자서 하는 것보다는 함께 협업을 함으로써 새로운 아이디어도 나오고 어 알지 못하던 어 문서 정리나 이런 것들도 아이디어와 함께 새롭게 간편하고 스피디하게 할 수 있는 창조적인 마인드도 생기게 되더라고요. 그래서 더욱더 협업이 저는 더 맞는 것 같고요. 어 협업을 하다 보면 제가 모르는 부분을 많이 배울 수 있게 되고 제가 알고 있는 더 나은 이상적인 아이디어도 함께 공유할 수 있어서 그것으로 그 프로젝트를 하는 데 있어서 좋은 결과물을 내는 데 한 도움이 될 수 있기 때문입니다.","wordCount":104},"emotion":[],"intent":[{"text":"혼자서 하는 것보다는 함께 협업을 함으로써 새로운 아이디어도 나오고 어 알지 못하던 어 문서 정리나 이런 것들도 아이디어와 함께 새롭게 간편하고 스피디하게 할 수 있는 창조적인 마인드도 생기게 되더라고요.","expression":"c_cop","category":"personality"}],"summary":{"text":"상담에 관한 일이 많고 총괄 책임자라 모든 업무를 같이 하는 게 편리합니다. 협업을 함으로써 새로운 아이디어도 나오고 새로운 문서 정리나 이런 것들도 아이디어와 함께 새롭게 간편하고 스피디하게 할 수 있는 창조적인 마인드도 생기게 되요.","wordCount":34}}},"rawDataInfo":{"question":{"fileFormat":"wav","fileSize":577358,"duration":18040,"samplingBit":16,"channelCount":1,"samplingRate":"16kHz","audioPath":"/Mock/03.PublicService/Female/Experienced/ckmk_q_ps_f_e_245084.wav"},"answer":{"fileFormat":"wav","fileSize":2138958,"duration":66840,"samplingBit":16,"channelCount":1,"samplingRate":"16kHz","audioPath":"/Mock/03.PublicService/Female/Experienced/ckmk_a_ps_f_e_245084.wav"}}}