{"version":"1.0","dataSet":{"info":{"date":"20230116","occupation":"PS","channel":"MOCK","place":"ONLINE","gender":"FEMALE","ageRange":"35-44","experience":"EXPERIENCED"},"question":{"raw":{"text":"지원자님께서는 왜 이 분야에 관심을 가지게 되었나요 그리고 왜 이 분야에 지원하게 되었는지도 궁금합니다 관심을 가지게 된 이유와 지원 동기를 함께 설명해 주세요","wordCount":23},"emotion":[],"intent":[]},"answer":{"raw":{"text":"저는 사람들 말을 잘 들어주는 편이었고 어릴 때부터 친구들이나 가족들 그리고 제가 아르바이트를 하면서 만났던 사람들도 저한테 자신의 고민 상담 같은 거를 좀 많이 했었어요. 근데 그게 제가 사실 별다른 말을 해주는 것도 아니고 어떤 해결책을 주는 것도 아닌데 왜 나한테 그러는 경우가 많을까 라고 생각을 했었는데 음 제가 오히려 별 말을 하지 않아서 그렇게 저한테 말을 하는 경우가 많은 것 같다는 생각이 어느 날 들더라구요. 그리고 저는 그런 일들이 그렇게 힘들지 않다는 거를 깨달았어요. 사람들 말을 들어주고 그냥 그들이 원하는 게 무엇인지 어 그런 말들을 찾아서 해주고 아니면은 그냥 들어만 주고 그 상태로도 많은 사람들이 힘을 낼 수 있다라는 거를 알게 돼서 내가 잘하는 거는 이거니깐 직업적으로 이거를 가져가면 좋겠다 라는 생각이 들어서 이 분야에 관심을 갖고 어 조금씩 일을 알아보고 있었는데 사실은 최근에 여기 공고를 보고 더 본격적으로 하고 싶어졌습니다.","wordCount":132},"emotion":[{"text":"사람들 말을 들어주고 그냥 그들이 원하는 게 무엇인지   어 그런 말들을 찾아서 해주고 아니면은 그냥 들어만 주고 그 상태로도 많은 사람들이 힘을 낼 수 있다라는 거를 알게 돼서   내가 잘하는 거는 이거니깐 직업적으로 이거를 가져가면 좋겠다 라는 생각이 들어서 이 분야에 관심을 갖고   어 조금씩 일을 알아보고 있었는데 사실은 최근에 여기 공고를 보고 더 본격적으로 하고 싶어졌습니다.","expression":"p-interest","category":"positive"}],"intent":[{"text":"","expression":"","category":"attitude"}],"summary":{"text":"저는 사람들 말을 잘 들어주는 편이었는데, 사람들이 원하는 게 무엇인지 찾아주고 그 상태로도 많은 사람들이 힘을 낼 수 있다는 것을 알게 돼 직업적으로 이것을 가져가면 좋겠다는 생각이 들어서 이 분야에 관심을 갖고 일을 알아보고 있었는데, 최근에 여기 공고를 보고 본격적으로 하고 싶어졌습니다.","wordCount":42}}},"rawDataInfo":{"question":{"fileFormat":"wav","fileSize":536398,"duration":16760,"samplingBit":16,"channelCount":1,"samplingRate":"16kHz","audioPath":"/Mock/03.PublicService/Female/Experienced/ckmk_q_ps_f_e_181568.wav"},"answer":{"fileFormat":"wav","fileSize":2830798,"duration":88460,"samplingBit":16,"channelCount":1,"samplingRate":"16kHz","audioPath":"/Mock/03.PublicService/Female/Experienced/ckmk_a_ps_f_e_181568.wav"}}}