{"version":"1.0","dataSet":{"info":{"date":"20230116","occupation":"PS","channel":"MOCK","place":"ONLINE","gender":"FEMALE","ageRange":"35-44","experience":"EXPERIENCED"},"question":{"raw":{"text":"지원자님께서는 몇 년 전 우버 택시와 관한 논란이 있었던 걸 알고 계십니까 지원자께서는 찬반 양론에 대해 각각 어떻게 생각하세요 생각이 듣고 싶습니다","wordCount":22},"emotion":[],"intent":[]},"answer":{"raw":{"text":"여행을 하다 보면은 외국 여행을 가다 보면 어 예전부터 굉장히 오래전부터 우버택시를 일상적으로 사용하고는 하는데요. 사실 나라마다 저희처럼 택시를 운영 운영을 안 하는 곳은 거의 없는데 우버택 씨 자체가 되게 활성화 돼 있어서 어 조금 안전하게 여행할 때 그 서비스를 이용했던 기억들이 있습니다. 한국에서는 사실 카카오택시가 생기면서 우버택시가 가지는 기능을 그 카카오택시 어플이 대체했다고 생각을 하거든요. 우버택시 자체가 어쨌든 그 어플을 이용해서 택시를 부르는 거였고 이 기사에 대한 어떤 안정성을 보장해주는 어플이었던 거라서 그거를 우리나라는 사실 카카오택시로 대체가 되면서 실제 택시를 운영하던 기사님들이 그대로 그 서비스를 플러스 해서 사용하는 거기 때문에 음 우버택시 자체가 한국에서 자리를 잡으려면 좀 약간 외국과는 다양한 어떤 관점에서 접근을 해야 된다고 생각합니다.","wordCount":107},"emotion":[],"intent":[{"text":"","expression":"","category":"attitude"}],"summary":{"text":"외국에서는 오래전부터 우버택시를 일상적으로 사용합니다. 한국은 카카오택시가 생기면서 우버택시의 기능을 카카오택시 어플이 대체했다고 생각합니다. 우버택시가 한국에서 자리를 잡으려면 외국과는 다양한 관점에서 접근해야 합니다.","wordCount":23}}},"rawDataInfo":{"question":{"fileFormat":"wav","fileSize":646478,"duration":20200,"samplingBit":16,"channelCount":1,"samplingRate":"16kHz","audioPath":"/Mock/03.PublicService/Female/Experienced/ckmk_q_ps_f_e_181565.wav"},"answer":{"fileFormat":"wav","fileSize":2657358,"duration":83040,"samplingBit":16,"channelCount":1,"samplingRate":"16kHz","audioPath":"/Mock/03.PublicService/Female/Experienced/ckmk_a_ps_f_e_181565.wav"}}}