{"version":"1.0","dataSet":{"info":{"date":"20230116","occupation":"PS","channel":"MOCK","place":"ONLINE","gender":"FEMALE","ageRange":"55-","experience":"EXPERIENCED"},"question":{"raw":{"text":"지원자님께서는 이 분야에 지원하시기 위해 관련된 여러 가지 노력들을 하셨을 텐데요 어떤 노력들을 주로 해 오셨는지 지금 생각나는 대로 어 상세하게 말씀해 주시기 바랍니다","wordCount":24},"emotion":[],"intent":[]},"answer":{"raw":{"text":"저는 처음에 음성 녹음 시스템 테스트 작업이라고 하여 목소리만으로 제 의사를 정확하게 전달하고 상대방이 제 목소리를 들으면서 그 결과를 잘 인식할 수 있는 대상으로 끝나는 걸로만 생각했었어요. 그런데 어 대부분의 그 메뉴얼을 보니 이 목소리 인식 에이아이 시스템 체계를 위해서 하려는 일은 좀 더 다른 일이라는 것을 알았습니다. 그래서 이 음성 녹음 어 시스템에 어 조금이나마 도움이 되기 위하여 여러 가지 관련된 서적이나 내용을 읽어보고 면접 테스트에 쓰이는 기본적인 사항들을 조금씩 공부해 보았습니다.","wordCount":73},"emotion":[],"intent":[{"text":"","expression":"","category":"attitude"}],"summary":{"text":"음성 녹음 시스템 테스트 작업은 결과를 잘 인식할 수 있는 대상으로만 생각할 수 있지만, 에이아이 시스템 체계를 위해서 하려는 일은 다른 일이라는 것을 알고 면접 테스트에 쓰이는 기본 사항들을 공부해 보았습니다.","wordCount":31}}},"rawDataInfo":{"question":{"fileFormat":"wav","fileSize":626318,"duration":19570,"samplingBit":16,"channelCount":1,"samplingRate":"16kHz","audioPath":"/Mock/03.PublicService/Female/Experienced/ckmk_q_ps_f_e_244731.wav"},"answer":{"fileFormat":"wav","fileSize":1966798,"duration":61460,"samplingBit":16,"channelCount":1,"samplingRate":"16kHz","audioPath":"/Mock/03.PublicService/Female/Experienced/ckmk_a_ps_f_e_244731.wav"}}}