{"version":"1.0","dataSet":{"info":{"date":"20230116","occupation":"PS","channel":"MOCK","place":"ONLINE","gender":"FEMALE","ageRange":"55-","experience":"EXPERIENCED"},"question":{"raw":{"text":"살면서 제일 힘들었던 정말 기억에 남을 만한 경험은 어떤 게 있으신가요 그걸 극복하기 위해서 어떤 걸 하셨었나요","wordCount":17},"emotion":[],"intent":[]},"answer":{"raw":{"text":"힘들 때는 음 이별할 때 인 것 같아요. 이별할 때 어 예 정말 뭐 여러 가지 이유로 아이들이 먼 곳으로 떠날 때 하늘나라도 되고 뭐 사실 그것만큼 제일 힘든 게 없죠. 아파가지고 작별을 하게 되는 경우가 정말정말 힘들고 또 이제 뭐 뭐 아예 그냥 뭐 가출을 하거나 여러 가지 이유로 그까 상식적이지 않은 이유로 작별을 하게 됐을 때가 정말 마음이 아프죠. 정말 네 어떻게 지내는지 저희가 알 수가 없으니까 그 아이가 그 부분이 정말 힘들고요. 그냥 잘 지냈으면 하는 그냥 그런 바람 그런 간절함으로 그냥 기도해주는 거 그거 말고는 없고 그 가슴 아픔 그 상실감은 극복이 안돼요. 네 극복을 할 수가 없어요. 노력도 안 해요.","wordCount":105},"emotion":[],"intent":[{"text":"","expression":"","category":"attitude"}],"summary":{"text":"아이들은 보통 가출이나 상식적이지 않은 이유로 이별을 하게 될 때 마음이 아프지만 잘 지냈으면 하는 바램이나 기도해주는 것 말고는 그 가슴 아픔과 상실감을 극복 할 수 없습니다.","wordCount":27}}},"rawDataInfo":{"question":{"fileFormat":"wav","fileSize":576078,"duration":18000,"samplingBit":16,"channelCount":1,"samplingRate":"16kHz","audioPath":"/Mock/03.PublicService/Female/Experienced/ckmk_q_ps_f_e_178032.wav"},"answer":{"fileFormat":"wav","fileSize":2759118,"duration":86220,"samplingBit":16,"channelCount":1,"samplingRate":"16kHz","audioPath":"/Mock/03.PublicService/Female/Experienced/ckmk_a_ps_f_e_178032.wav"}}}