{"version":"1.0","dataSet":{"info":{"date":"20230116","occupation":"PS","channel":"MOCK","place":"ONLINE","gender":"FEMALE","ageRange":"45-54","experience":"EXPERIENCED"},"question":{"raw":{"text":"어 본인만의 스트레스 해소 방법이 있으신지 궁금합니다 어 스트레스를 받는 것은 항상 불가피한데요 그리고 그러한 방법으로 스트레스를 하신다면 그 이유는 무엇인지 어 말씀해 주시길 바랍니다","wordCount":25},"emotion":[],"intent":[]},"answer":{"raw":{"text":"나만의 스트레스 해소법은 일단 스트레스 해소를 하는 방법이 사람마다 여러 가지가 있다고 합니다. 충분한 조용한 가운데 충분한 휴식을 취해야 하는 사람도 있을 텐데 저 같은 경우에는 어 쌓여있는 스트레스를 육체적인 어 움직임이나 활동 새로운 도전 이런 것들을 통해서 어 스트레스를 해소합니다. 그래야 새로운 열정들이 생겨나고 어 그리고 삶에 대한 의지가 다시 샘솟는 그런 어 성향입니다. 어 가만히 힘들고 스트레스가 생겼다고 하면 일단 어 여행을 간다든지 아니면 어 간단하게 등산을 갈 수도 있고 자전거를 탄다든지 아니면 뭐 스포츠 수영이나 이런 것들을 즐긴다든지 이런 어떤 땀을 흘리면서 어 격렬하게 운동을 하거나 어 먼 곳으로 새로운 환경에 가서 잠시 어 행군을 한다거나 이런 것으로 어 땀을 흠뻑 젖고 신체적으로 막 움직이면서 새로운 도전 의식을 도전 의식이 생기는 어 그런 성향이기 때문에 어 그렇게 합니다. 새로운 의지를 가지기 위해 몸을 많이 움직이는 편입니다.","wordCount":129},"emotion":[],"intent":[{"text":"충분한 조용한 가운데 충분한 휴식을 취해야 하는 사람도 있을 텐데 저 같은 경우에는 어 쌓여있는 스트레스를 육체적인 어 움직임이나 활동 새로운 도전 이런 것들을 통해서 어 스트레스를 해소합니다.","expression":"p_str_coping","category":"technology"},{"text":"어 가만히 힘들고 스트레스가 생겼다고 하면 일단 어 여행을 간다든지 아니면 어 간단하게 등산을 갈 수도 있고 자전거를 탄다든지 아니면 뭐 스포츠 수영이나 이런 것들을 즐긴다든지 이런 어떤 땀을 흘리면서 어 격렬하게 운동을 하거나 어 먼 곳으로 새로운 환경에 가서 잠시 어 행군을 한다거나 이런 것으로 어 땀을 흠뻑 젖고 신체적으로 막 움직이면서 새로운 도전 의식을 도전 의식이 생기는 어 그런 성향이기 때문에 어 그렇게 합니다.","expression":"p_str_coping","category":"technology"}],"summary":{"text":"스트레스 해소법은 사람마다 다른데, 저 같은 경우는 쌓인 스트레스를 육체적인 움직임이나 활동 새로운 도전 등을 통해서 해소합니다. 그래야 새로운 열정들이 생겨나고 삶에 대한 의지가 샘솟는 성향이 있습니다.","wordCount":27}}},"rawDataInfo":{"question":{"fileFormat":"wav","fileSize":531598,"duration":16610,"samplingBit":16,"channelCount":1,"samplingRate":"16kHz","audioPath":"/Mock/03.PublicService/Female/Experienced/ckmk_q_ps_f_e_209036.wav"},"answer":{"fileFormat":"wav","fileSize":2724238,"duration":85130,"samplingBit":16,"channelCount":1,"samplingRate":"16kHz","audioPath":"/Mock/03.PublicService/Female/Experienced/ckmk_a_ps_f_e_209036.wav"}}}