{"version":"1.0","dataSet":{"info":{"date":"20230116","occupation":"PS","channel":"MOCK","place":"ONLINE","gender":"FEMALE","ageRange":"45-54","experience":"EXPERIENCED"},"question":{"raw":{"text":"과거 업무를 하시면서 고객이 불만이나 클레임을 맞닥뜨렸을 때 그것을 해결한 경험이 있다면 어떤 클레임이었는지 어떻게 대처하셨는지 자세하게 설명을 해주시기 바랍니다","wordCount":20},"emotion":[],"intent":[]},"answer":{"raw":{"text":"고객은 고객이니 고객의 불만이나 클레임은 충분히 들어야 되는 것이 먼저입니다. 고객의 주장이 틀릴 수도 있고 너무 지나친 것일 수도 있지만 일단 서비스를 책임지고 있는 어 입장에서는 무조건 고객이 클레임을 한다면 그 클레임의 원인이 무엇인지 자세히 들어야 된다 라고 생각합니다. 그냥 듣는 것만으로 그리고 그 고객이 그런 불만과 클레임을 할 수 있는 할 수 밖에 없는 상황이었다는 걸 인정해주는 거로 일단 반은 해결이 됐다고 생각을 하고요. 항상 그래 왔구요. 그리고 그리고 나서 충분히 듣고 아 고객님의 그런 불만이 내가 충분히 인지가 되었다 그러면 해결책은 어떻게 했으면 좋겠는지 해결책을 물어봐서 그 고객이 요구하는 해결책이 타당하다면 억지를 부리는 것이 아니라면 웬만하면 타협할 수 있는 해결책을 상식적으로 해결하겠죠. 하지만 만약에 고객이 만약에 트집을 잡는 불만이나 클레임이라면 어 해줄 수 있는 부분까지만 얘기하고 그리고 불만이나 클레임을 충분히 인정한다는 그 정서적인 부분에서는 매우 인정을 하되 원칙 때문에 원칙 상 해결은 여기까지 할 수 밖에 없다 라는 해결에 대한 부분도 만약에 약간 억지 하시는 부분이 있다면 그런 부분은 어 단호하게 죄송하지만 단호하다는 걸 분명히 할 필요가 있습니다.","wordCount":160},"emotion":[],"intent":[{"text":"고객은 고객이니 고객의 불만이나 클레임은 충분히 들어야 되는 것이 먼저입니다.","expression":"p_voc","category":"technology"},{"text":"고객의 주장이 틀릴 수도 있고 너무 지나친 것일 수도 있지만 일단 서비스를 책임지고 있는   어 입장에서는 무조건 고객이 클레임을 한다면 그 클레임의 원인이 무엇인지 자세히 들어야 된다 라고 생각합니다.","expression":"p_voc","category":"technology"},{"text":"그냥 듣는 것만으로 그리고 그 고객이   그런 불만과 클레임을 할 수 있는 할 수 밖에 없는 상황이었다는 걸 인정해주는 거로 일단 반은 해결이 됐다고 생각을 하고요.","expression":"p_voc","category":"technology"}],"summary":{"text":"서비스하는 입장에서는 무조건 고객의 불만과 클레임을 할 수 밖에 없는 상황이었다는 걸 인정해주는 것으로 일단 반은 해결이 되었다고 생각합니다. 그리고 나서 고객님의 불만이 충분히 인지가 되었다 그러면 해결책을 물어봐서 타협할 수 있는 해결책을 상식적으로 해결하죠. 하지만 고객이 트집을 잡는 불만이나 클레임이라면 할 수 있는 부분까지만 얘기하고 그 해결에 대한 부분을 분명히 할 필요가 있습니다.","wordCount":54}}},"rawDataInfo":{"question":{"fileFormat":"wav","fileSize":664398,"duration":20760,"samplingBit":16,"channelCount":1,"samplingRate":"16kHz","audioPath":"/Mock/03.PublicService/Female/Experienced/ckmk_q_ps_f_e_186170.wav"},"answer":{"fileFormat":"wav","fileSize":2789838,"duration":87180,"samplingBit":16,"channelCount":1,"samplingRate":"16kHz","audioPath":"/Mock/03.PublicService/Female/Experienced/ckmk_a_ps_f_e_186170.wav"}}}