{"version":"1.0","dataSet":{"info":{"date":"20230116","occupation":"PS","channel":"MOCK","place":"ONLINE","gender":"FEMALE","ageRange":"45-54","experience":"EXPERIENCED"},"question":{"raw":{"text":"열심히는 하고 있지만 지원자님이 원하시는 만큼 따라오지 못하는 팀 동료들이 있을 수 있습니다 이럴 때 지원자님은 이것에 대하여 어떻게 대응하실 건지 한 번 말씀해 주세요","wordCount":25},"emotion":[],"intent":[]},"answer":{"raw":{"text":"열심히 하지만 제가 원하는 만큼 따라오지 못하는 팀 동료들이 있는 경우 저는 팀 동료들에 대해 아쉬워하거나 불만을 제기하기보다는 그냥 그 팀원이 열심히 해주는 것만으로도 감사하다 라는 생각을 갖고 있습니다. 그 팀원이 모자라는 부분 그리고 뭔가 부족한 점은 제가 메꾸면 되고 제가 더 열심히 하면 된다 라고 생각을 하기 때문에 이런 경우에 제가 원하는 만큼 제가 너무 많은 것을 원할 수도 있기 때문에 제가 원하는 만큼 따라오지 못하는 팀 동료가 있다고 하더라도 뭐 별로 개의치 않고 제가 할 수 있는 최대한의 노력 최대한에 것을 제가 하면 된다고 생각하기 때문에 그냥 팀웍 좋고 서로 이해하고 서로 공감하면서 대화할 수 있다 그러면 음 그게 가장 더 중요한 것이지 뭐 제가 원하는 만큼 따라오지 못한다 이런 거에 대해서는 개의치 않고 일을 하고 있습니다.","wordCount":119},"emotion":[],"intent":[{"text":"","expression":"","category":"attitude"}],"summary":{"text":"팀워크가 좋고 서로 이해하고 공감하면서 대화할 수 있다면 그게 가장 중요한 것이지 제가 원하는 만큼 따라오지 못하는 팀 동료가 있는 경우에는 개의치 않고 열심히 하는 것만으로도 감사하다 라는 생각을 갖고 있습니다.","wordCount":31}}},"rawDataInfo":{"question":{"fileFormat":"wav","fileSize":617678,"duration":19300,"samplingBit":16,"channelCount":1,"samplingRate":"16kHz","audioPath":"/Mock/03.PublicService/Female/Experienced/ckmk_q_ps_f_e_183201.wav"},"answer":{"fileFormat":"wav","fileSize":2698318,"duration":84320,"samplingBit":16,"channelCount":1,"samplingRate":"16kHz","audioPath":"/Mock/03.PublicService/Female/Experienced/ckmk_a_ps_f_e_183201.wav"}}}