{"version":"1.0","dataSet":{"info":{"date":"20230116","occupation":"PS","channel":"MOCK","place":"ONLINE","gender":"FEMALE","ageRange":"45-54","experience":"EXPERIENCED"},"question":{"raw":{"text":"본인이 생각하는 것이 아니라 타인이 생각하는 본인에 장점 단점은 뭐라고 생각하세요 이유와 함께 저희에게 설명해 주시기 바랍니다","wordCount":17},"emotion":[],"intent":[]},"answer":{"raw":{"text":"아 예 다른 사람이 생각했을 때 저의 일단 장점은 어 좀 외향적이고 활발하고 명랑하고 어떤 조직이나 단체에서는 분위기를 좀 업 시키는 그 분위기 메이커의 역할을 많이 한다 라는 얘기를 많이 들었고요. 또 그러면서 어 그 옳고 그름에 대한 명확한 그 자기 주장이나 이런 부분이 좀 강한 그런 장점이 있어서 리더에 어 걸맞는다 라는 그런 그 말들을 많이 들었고 요거는 이제 장점 중의 하난데 그게 또 그 옳고 그름에 대한 어떤 그런 게 너무 명확하다 보니까 아 그 좀 그르다 그런 행동을 하는 사람을 그냥 뭐 눈 감고 말하지 않아 않을 수도 있는데 좀 바로바로 직선적으로 아 얘기하는 그런 경향이 있어서 좀 조용하거나 한 분들은 아 좀 당황하거나 그리고 이제 그런 사람들은 또 딱 끊어버리고 더 이상 뭐 상종을 하지 않는 이제 그런 그 끊고 맺음이 너무 확실해서 그게 장점이자 단점이 되어서 그런 얘기를 좀 너무 차갑다 예 라는 말을 듣고 있는 것 같습니다.","wordCount":143},"emotion":[],"intent":[{"text":"","expression":"","category":"attitude"}],"summary":{"text":"다른 사람들은 제가 외향적이고 활발하고 명랑하고 조직이나 단체에서 분위기 메이커의 역할을 한다고 생각했습니다. 또 옳고 그름에 대한 명확한 자기 주장이 강한 장점이 있어서 리더에 걸맞다는 말을 많이 들었습니다. 그런데 제가 옳고 그룸에 대한 것이 명확하다 보니 그런 행동을 하는 사람을 직선적으로 얘기합니다.","wordCount":42}}},"rawDataInfo":{"question":{"fileFormat":"wav","fileSize":494798,"duration":15460,"samplingBit":16,"channelCount":1,"samplingRate":"16kHz","audioPath":"/Mock/03.PublicService/Female/Experienced/ckmk_q_ps_f_e_237292.wav"},"answer":{"fileFormat":"wav","fileSize":2961678,"duration":92550,"samplingBit":16,"channelCount":1,"samplingRate":"16kHz","audioPath":"/Mock/03.PublicService/Female/Experienced/ckmk_a_ps_f_e_237292.wav"}}}