{"version":"1.0","dataSet":{"info":{"date":"20230116","occupation":"PS","channel":"MOCK","place":"ONLINE","gender":"FEMALE","ageRange":"35-44","experience":"EXPERIENCED"},"question":{"raw":{"text":"어 지금 공부하고 있는 분야는 어떤 분야이신가요 그리고 그것을 공부하고 있는 이유도 무엇인지 궁금합니다 지금까지 무엇을 배우셨는지도 설명해 주시기를 바랍니다","wordCount":20},"emotion":[],"intent":[]},"answer":{"raw":{"text":"제가 지금 공부하고 있는 분야는 번역 업무를 하는 것인데 제가 일을 하면서 그것들을 병행을 할 수 있기 때문입니다. 어 제가 어 교사 일을 하면서 네 시 반까지만 음 일을 하고 또 다른 사람에 비해서 빨리 끝나는 편이라서 어 나머지 시간에 무엇을 할지 어 생각을 했고 또 육아를 같이 병행을 해야 하기 때문에 시간적으로 사용할 수 있는 것이 자유로운 업무를 선택을 했기 때문에 어 제가 영공 어 전공과 관련해서 그것들을 배워 나간다면 어 그것들이 빠르게 공부가 될 것이라고 생각을 합니다. 그리고 제가 교육 프로그램을 잠깐 했는데 어 그때 번역의 매력을 어 보 맛보게 되었습니다. 그래서 그것이 단순히 어 영어 문장을 한글로 해석하는 것이 아니고 직역하는 것이 아니고 그것들에 제가 부여하는 의미를 정말 그 사회와 또 그런 문화적인 배경을 다 이해를 하고 또 주인공의 감정을 또 생각을 해서 어 해야 되는 그런 창조적인 작업이기 때문에 어 그것들을 어 제일 맞는 단어들을 선택을 할 때 어 잘 된 번역이고 또 오 오역이 떨어지는 오역률이 떨어지는 그런 일이기 때문에 완성도와 또 전문성을 많이 길러야 하는 직업입니다. 그래서 제가 어 나머지 시간에 그것들을 할 수 있고 또 외국에서 생활을 할 것을 대비를 해서 어 그것들을 미리 준비를 하고 또 외국에서 생활할 때도 그 업무들을 어 진행을 할 수 있기 때문입니다.","wordCount":195},"emotion":[],"intent":[{"text":"","expression":"","category":"attitude"}],"summary":{"text":"번역 업무는 다른 사람에 비해서 빨리 끝나는 편이라 나머지 시간에 무엇을 할지 생각하고 또 육아를 같이 병행해야 하기 때문에 자유 업무를 선택해서 그것들을 배워 나간다면 그것들이 빠르게 공부가 될 것입니다. 그리고 교육 프로그램을 잠깐 했는데 번역의 매력을 느꼈습니다. 번역은 사회와 문화적 배경을 이해하고 주인공의 감정을 생각해서 해야 되는 창조적인 작업이기 때문에 완성도와 전문성을 많이 길러야 하는 직업입니다.","wordCount":57}}},"rawDataInfo":{"question":{"fileFormat":"wav","fileSize":486478,"duration":15200,"samplingBit":16,"channelCount":1,"samplingRate":"16kHz","audioPath":"/Mock/03.PublicService/Female/Experienced/ckmk_q_ps_f_e_246536.wav"},"answer":{"fileFormat":"wav","fileSize":3811918,"duration":119120,"samplingBit":16,"channelCount":1,"samplingRate":"16kHz","audioPath":"/Mock/03.PublicService/Female/Experienced/ckmk_a_ps_f_e_246536.wav"}}}