{"version":"1.0","dataSet":{"info":{"date":"20230116","occupation":"PS","channel":"MOCK","place":"ONLINE","gender":"FEMALE","ageRange":"35-44","experience":"EXPERIENCED"},"question":{"raw":{"text":"지금부터 삼 년 정도 즉 단기적인 지원자님만의 성장 계획이나 목표가 있으신가요 어떤 것인지 말씀 부탁드립니다","wordCount":15},"emotion":[],"intent":[]},"answer":{"raw":{"text":"지금부터 삼 년 뒤 까지 삼 년 내에 중요 성장 계획이나 목표에 대해서 이야기를 하자면 저는 번역가를 꿈꾸고 있는데 번역을 하기에는 뭐 삼 년 이상 어 번역하는 경험이 경력이 있어야지 일을 할 수가 있는데 제가 어 번역 회사에서 공부를 하면서 어 교육 프로그램을 삼 년 동안 이수를 해서 일 년 어 훈련을 하고 이 년 실무 계획을 통해서 번역가가 되는 것이 꿈입니다. 그래서 탄탄한 회사에서 일을 하면서 음 그것들을 어 번역가가 되어서 어 그 삼 년 동안 교육 과정을 통해서 제가 어 꼼꼼하게 번역을 하고 그 의미에 맞도록 그리고 또 현재 어 사용하고 있는 그런 언어들을 사용하여서 공부를 통해서 그것들을 어 실력을 제가 형성한 후에 제가 번역 삼 년 경력이라는 어 타이틀을 가지고 실제로 제가 번역을 하는 것이 꿈 입니다. 그래서 어 제가 하는 번역이 어 정확한 번역이 되고 마음에 와닿는 그런 번역이 될 수 있도록 제가 노력하는 것이 어 제일 계획입니다. 그래서 그동안에 제가 시간 관리를 정확하게 하는 것이 필요하고 뭐 체력적으로 어 운동을 많이 해서 제가 체력을 늘릴 수 있도록 하는 것이 저의 목표입니다. 그래서 어 제가 체력적으로 아니면 어 체력적으로 많이 어 에너지가 쏟는데 어 그것들 운동을 통해서 많이 어 늘려가도록 하겠습니다.","wordCount":185},"emotion":[],"intent":[{"text":"","expression":"","category":"attitude"}],"summary":{"text":"저는 번역가가 꿈입니다. 회사에서 일을 하면서 교육 프로그램을 삼 년 동안 이수를 해서 일년 동안 훈련을 하고 이 년 실무 계획을 통해서 번역가로 성장하는 것이 목표입니다. 그래서 제가 시간 관리를 정확하게 하는 것이 필요하고 체력적으로 운동을 많이 해서 체력을 늘릴 수 있도록 하는 것이 제가 목표로 삼았습니다.","wordCount":47}}},"rawDataInfo":{"question":{"fileFormat":"wav","fileSize":419278,"duration":13100,"samplingBit":16,"channelCount":1,"samplingRate":"16kHz","audioPath":"/Mock/03.PublicService/Female/Experienced/ckmk_q_ps_f_e_234092.wav"},"answer":{"fileFormat":"wav","fileSize":3857358,"duration":120540,"samplingBit":16,"channelCount":1,"samplingRate":"16kHz","audioPath":"/Mock/03.PublicService/Female/Experienced/ckmk_a_ps_f_e_234092.wav"}}}