{"version":"1.0","dataSet":{"info":{"date":"20230116","occupation":"PS","channel":"MOCK","place":"ONLINE","gender":"FEMALE","ageRange":"35-44","experience":"EXPERIENCED"},"question":{"raw":{"text":"우리 회사가 해외 무대로 진출을 하게 된다면 어디로 진출을 하는 것이 좋을까요 그 이유와 함께 말씀해 주시기 바랍니다","wordCount":18},"emotion":[],"intent":[]},"answer":{"raw":{"text":"우리 회사가 해외 무대로 진출을 한다면 어디로 진출하는지에 대해서 이유도 얘기를 하자면 저는 이 회사가 전화 영어로 어 정말 많은 발전과 또 많은 경험들을 가지고 있는데 음 아무래도 수요자 입장에서는 어 그 미국인이나 또 영화를 사용하는 네이티브 그니까 필리핀이 아닌 어 네이티브 어 영어를 사용하는 그런 북미권이나 유럽에 어 선생님들을 선호를 하기 때문에 북미권이나 또 유럽 등으로 어 진출을 하게 되면 전화 영어 선생님들을 더 많이 모집을 하고 해서 더 많은 사업의 성장을 가져올 수 있을 것 같습니 있다고 생각을 합니다. 그래서 선생님들이 어 선생님들과 이제 전화 영어를 통해서 어 정해진 시간 안에 어 그 시간 안에 효율적으로 영어를 공부할 수 있게 되는 장점이 아주 많이 있습니다. 음 지금 이 회사가 가지고 있는 프로그램과 커리큘럼을 어 더 개발을 해서 어 미국에서 실제로 어학연수나 또 학교에서 사용하는 그런 교재들을 가지고 실력 있는 선생님들을 양성을 해서 이 프로그램을 가지고 어 교육하는 그런 강사들을 훈련하는 프로그램을 가지고 어 선생님들에게 훈련을 한다면 어 이 회사가 수요자들이 더 많은 어 회원들이 모집을 할 수 있기 때문에 훨씬 더 큰 성장을 가져올 수 있다고 생각을 합니다.","wordCount":170},"emotion":[],"intent":[{"text":"","expression":"","category":"attitude"}],"summary":{"text":"이 회사가 해외 무대로 진출한다면 수요자 입장에서는 네이티브 어 영어를 사용하는 북미권이나 유럽에 선생님들을 선호하기 때문에 전화 영어 선생님들을 더 많이 모집을 하고 해서 더 많은 사업의 성장을 가져올 수 있을 것 같습니다.","wordCount":33}}},"rawDataInfo":{"question":{"fileFormat":"wav","fileSize":443598,"duration":13860,"samplingBit":16,"channelCount":1,"samplingRate":"16kHz","audioPath":"/Mock/03.PublicService/Female/Experienced/ckmk_q_ps_f_e_233325.wav"},"answer":{"fileFormat":"wav","fileSize":3603278,"duration":112600,"samplingBit":16,"channelCount":1,"samplingRate":"16kHz","audioPath":"/Mock/03.PublicService/Female/Experienced/ckmk_a_ps_f_e_233325.wav"}}}