{"version":"1.0","dataSet":{"info":{"date":"20230116","occupation":"PS","channel":"MOCK","place":"ONLINE","gender":"FEMALE","ageRange":"35-44","experience":"EXPERIENCED"},"question":{"raw":{"text":"자신이 생각할 때 남들과는 다른 자신만의 경쟁력이 있다면 무엇입니까 그리고 그 경쟁력을 키우기 위해서 지원자님께서는 이때까지 어떤 노력들을 해 왔는지도 함께 말씀해 주시기 바랍니다","wordCount":24},"emotion":[],"intent":[]},"answer":{"raw":{"text":"음 제가 남들과 다른 경쟁력이 있다면 어 남의 이야기를 잘 듣고 수용을 한다는 것입니다. 제가 음 공부를 하거나 또 말을 하면서 어 제가 고쳐야 될 부분들이 있는데 상대방이 그것들을 이야기할 때 그것들을 수용을 적극적으로 해서 그것들을 고치는 편입니다. 그래서 제가 늘 뭐 제가 한 부분에 정착돼서 머물러 있지 않고 사람들의 말을 어 적극적으로 반영을 해서 제가 필요한 부분을 고쳐서 어 계속해서 발전을 한다는 것입니다. 그리고 저는 어 교육을 통해서 어 사람들에게 사람들이 어 받으라고 하는 교육에 대해서 열린 마음을 가지고 교육에 임하고 계속해서 발전해 나가고 또 제 삶을 성장시키는 것을 어 아주 가치 있고 중요하게 생각을 합니다. 그래서 삶에서 배우는 부분을 어 중요하게 생각을 하기 때문에 제가 경력이 쌓여도 제 스스로 배워야할 점들이 많다는 것을 알고 또 신입 교사들과도 어 새로운 생각을 가진 사람들이기 때문에 그 사람들과도 대화할 때 열린 마음을 가지고 제가 가진 생각들을 옳다고 생각하는 것이 아니고 다른 사람들의 의견을 수용을 하고 또 상대방과 어 유연하게 어 생각들을 공유를 할 수 있습니다. 그래서 새로운 어 사람들을 많이 경험을 하면서 제가 그것들을 수용하는 것을 연습을 많이 했습니다.","wordCount":168},"emotion":[],"intent":[{"text":"","expression":"","category":"attitude"}],"summary":{"text":"저는 남들과 다른 경쟁력을 가지기 위해 남의 이야기를 잘 듣고 수용합니다. 그리고 교육을 통해 사람들에게 받는 교육에 열린 마음을 가지고 임하고 발전해 나가면서 제 삶을 성장시키는 것을 가치 있고 중요하게 생각합니다. 그래서 저는 새로운 사람들과 대화할 때 열린 마음으로 다른 사람들의 의견을 수용하고 유연하게 생각들을 공유할 수 있습니다.","wordCount":48}}},"rawDataInfo":{"question":{"fileFormat":"wav","fileSize":599758,"duration":18740,"samplingBit":16,"channelCount":1,"samplingRate":"16kHz","audioPath":"/Mock/03.PublicService/Female/Experienced/ckmk_q_ps_f_e_246622.wav"},"answer":{"fileFormat":"wav","fileSize":3851918,"duration":120370,"samplingBit":16,"channelCount":1,"samplingRate":"16kHz","audioPath":"/Mock/03.PublicService/Female/Experienced/ckmk_a_ps_f_e_246622.wav"}}}