{"version":"1.0","dataSet":{"info":{"date":"20230116","occupation":"PS","channel":"MOCK","place":"ONLINE","gender":"FEMALE","ageRange":"55-","experience":"EXPERIENCED"},"question":{"raw":{"text":"이제까지 여러 가지의 대외 활동을 경험해 보셨을 텐데 혹시 대외 활동에서는 어떤 것을 배웠고 어떤 자세로 임하셨나요","wordCount":17},"emotion":[],"intent":[]},"answer":{"raw":{"text":"저는 비영리 단체에서 이십 여 년 동안 일했습니다. 대외 활동은 여성 단체이기 때문에 항상 어 야외 캠페인이나 어 야외 공공을 위한 캠페인에 임했습니다. 대외 활동에서는 어 재활용 보호 캠페인 어 쓰레기 종량제 캠페인 그리고 음 아이에스디엔을 이용한 어 쓰레기 종량제 기계화를 위한 캠페인도 했었고요. 어 페스트 의류를 많이 사용하지 않도록 해서 쓰레기를 음 의식주가 아닌 의복 쓰레기를 줄이는 일도 많이 했습니다. 이런 대회 활동을 통해서 어 친환경적인 생활과 친환경 그 사회를 이룩하는데 조금이나마 도움이 되었기를 바라고 있습니다.","wordCount":77},"emotion":[],"intent":[{"text":"저는 비영리 단체에서 이십 여 년 동안 일했습니다.","expression":"c_private","category":"background"}],"summary":{"text":"저는 비영리 단체에서 20 여 년 동안 일했습니다. 대외 활동은 야외 캠페인이나 공공을 위한 캠페인에 임했고 재활용 보호 캠페인, 쓰레기 종량제 기계화를 위한 캠페인도 했습니다.","wordCount":25}}},"rawDataInfo":{"question":{"fileFormat":"wav","fileSize":343118,"duration":10720,"samplingBit":16,"channelCount":1,"samplingRate":"16kHz","audioPath":"/Mock/03.PublicService/Female/Experienced/ckmk_q_ps_f_e_240103.wav"},"answer":{"fileFormat":"wav","fileSize":2152398,"duration":67260,"samplingBit":16,"channelCount":1,"samplingRate":"16kHz","audioPath":"/Mock/03.PublicService/Female/Experienced/ckmk_a_ps_f_e_240103.wav"}}}