{"version":"1.0","dataSet":{"info":{"date":"20230116","occupation":"PS","channel":"MOCK","place":"ONLINE","gender":"FEMALE","ageRange":"35-44","experience":"EXPERIENCED"},"question":{"raw":{"text":"지원자님은 대학 혹은 직장에서 진행하였던 프로젝트 중 가장 기억에 남는 프로젝트에 대해 설명해 주시겠어요","wordCount":14},"emotion":[],"intent":[]},"answer":{"raw":{"text":"어 제가 이제 아무래도 학원이다 보니깐 어 수강생들을 받고 어 그 아이들이 수강한 대로의 어떤 페이를 책정받았던 적이 많기 때문에 사실 돈에 더 집중해서 일을 했었었거든요. 근데 그 전 직장에서 한 번 원장님이 제안을 해주셔서 어 좀 기회가 없는 친구들 있잖아요. 학 학원을 못 다니는 사교육에 그 지대에서 벗어난 아이들 그 아이들을 대상으로 무료로 수업을 해주는 봉사활동에 대해서 제안을 하더라고요. 근데 처음에는 좀 하기 싫었었던 것 같애요. 그래서 돈을 벌기 위해 하는 일인데 그런 봉사로 빠지게 되면 어 그런 아이들이 아닌 애들도 오지 않을까 라는 걱정이 좀 생기기도 했었고 근데 아무래도 좀 원장님이 적극적으로 주도를 하셨어 가지고 그 일을 진행을 한 적이 있는데 어 생각보다 꽤 보람 있는 일이었더라고요. 그게 그래서 오히려 나중에는 제가 좀 더 적극적으로 수업을 만들어서 시간표를 더 확대해서 아이들을 더 많이 받았으면 좋겠다 는 의사를 비치기도 했었죠 그때는.","wordCount":132},"emotion":[{"text":"어 제가 이제 아무래도 학원이다 보니깐 어 수강생들을 받고 어 그 아이들이 수강한 대로의 어떤 페이를 책정받았던 적이 많기 때문에 사실 돈에 더 집중해서 일을 했었었거든요.","expression":"u-fact","category":"neutral"},{"text":"그래서 돈을 벌기 위해 하는 일인데 그런 봉사로 빠지게 되면 어 그런 아이들이 아닌 애들도 오지 않을까 라는 걱정이 좀 생기기도 했었고 근데 아무래도 좀 원장님이 적극적으로 주도를 하셨어 가지고 그 일을 진행을 한 적이 있는데 어 생각보다 꽤 보람 있는 일이었더라고요.","expression":"p-achievement","category":"positive"}],"intent":[{"text":"","expression":"","category":"attitude"}],"summary":{"text":"학원에서 수강생을 받고 페이를 책정받았던 적이 많아 돈을 더 집중해서 일을 했었는데, 직장에서 원장님이 사교육에서 벗어난 아이들을 대상으로 무료로 수업을 해주는 봉사 활동을 제안하셔서 보람 있었습니다. 나중에 좀 더 적극적으로 수업을 만들어서 시간표를 더 확대했으면 좋겠다는 의사를 비치기도 했습니다.","wordCount":39}}},"rawDataInfo":{"question":{"fileFormat":"wav","fileSize":296078,"duration":9250,"samplingBit":16,"channelCount":1,"samplingRate":"16kHz","audioPath":"/Mock/03.PublicService/Female/Experienced/ckmk_q_ps_f_e_194949.wav"},"answer":{"fileFormat":"wav","fileSize":2777358,"duration":86790,"samplingBit":16,"channelCount":1,"samplingRate":"16kHz","audioPath":"/Mock/03.PublicService/Female/Experienced/ckmk_a_ps_f_e_194949.wav"}}}