{"version":"1.0","dataSet":{"info":{"date":"20230116","occupation":"PS","channel":"MOCK","place":"ONLINE","gender":"FEMALE","ageRange":"-34","experience":"EXPERIENCED"},"question":{"raw":{"text":"역사 속에서 가장 존경하는 인물은 누구인가요 왜 그 인물을 가장 존경하시는지 이유에 대해서도 함께 말씀해 주세요","wordCount":16},"emotion":[],"intent":[]},"answer":{"raw":{"text":"한국사 역사상 가장 많은 업적과 최고에 지도자로 평가받는 인물인 세종대왕을 존경합니다. 그 이유는 훈민정음 창제 때문입니다. 저는 다양한 언어를 공부해 오면서 어떠한 언어 중에서도 한글을 대체할 만한 완벽한 언어는 없다는 것을 느껴 익히 알고 있습니다. 그리고 세종대왕은 이러한 한글 창제 뿐만 아니라 농업 문학 역사 재무학 언어 음악 법 수학 과학 등 거의 모든 분야에 영향을 끼쳤습니다. 저는 세종대왕처럼 다재다능하고 전문적인 사람이 되고 싶습니다. 저를 통하여 이 회사와 나라와 그리고 세계에 많은 도움을 주는 사람이 되고 싶기 때문입니다.","wordCount":78},"emotion":[{"text":"한국사 역사상 가장 많은 업적과 최고에 지도자로 평가받는 인물인 세종대왕을 존경합니다.","expression":"p-affection","category":"positive"}],"intent":[{"text":"","expression":"","category":"attitude"}],"summary":{"text":"훈민정음 창제 때문에 세종대왕을 존경합니다. 세종대왕처럼 다재다능하고 전문적인 사람이 되어 회사와 나라와 세계에 많은 도움을 주는 사람이 되고 싶습니다.","wordCount":19}}},"rawDataInfo":{"question":{"fileFormat":"wav","fileSize":570318,"duration":17820,"samplingBit":16,"channelCount":1,"samplingRate":"16kHz","audioPath":"/Mock/03.PublicService/Female/Experienced/ckmk_q_ps_f_e_226477.wav"},"answer":{"fileFormat":"wav","fileSize":1596238,"duration":49880,"samplingBit":16,"channelCount":1,"samplingRate":"16kHz","audioPath":"/Mock/03.PublicService/Female/Experienced/ckmk_a_ps_f_e_226477.wav"}}}