{"version":"1.0","dataSet":{"info":{"date":"20230116","occupation":"PS","channel":"MOCK","place":"ONLINE","gender":"FEMALE","ageRange":"35-44","experience":"EXPERIENCED"},"question":{"raw":{"text":"지원자님께서는 규범 준수와 현실 상황이 충돌했던 경험이 있으실까요 그 경험에 대해 말씀해 주세요","wordCount":13},"emotion":[],"intent":[]},"answer":{"raw":{"text":"어 사실 저는 뭐 이동 시간이 워낙 길어요 어디를 가든. 좀 서울에서 먼 지역에 살다 보니까 그런데 또 생활권은 좀 서울에 많다 보니까 그걸 왔다 갔다 하다 보면은 그 시간이 많이 지체가 되는데 그럴 때마다 좀 항상 고민이었던 부분이 테이크 아웃을 했던 커피를 들고 타지 못하게 됐을 때부터였던 것 같아요. 그런데 저는 그거는 당연히 지켜져야 한다고 생각했었고 그런 변화를 굉장히 환영했었는데 막상 제가 왔다 갔다 할 때 어 제가 의도하지 않은 선에서 그 커피 테이크 아웃을 했던 해야 했던 그 잔을 들고 있는 경우가 많았거든요. 근데 사실 그거를 들고 타면은 안 되니깐 기사님이 보통 안 태워주시거나 그 음료를 버려야 하니까 사실은 몰래 몰래 제가 들키지 않는 선에서 뭐 넣거나 가방에 잠바 주머니에 넣어서 몰래 이렇게 감싸서 들어가거나 했던 적이 있습니다. 어쨌든 그게 사람들이 부주의로 어 더러워질 수 있는 것들이기 때문에 특별히 조심해서 가지고 있기는 해요. 그래서 들켰던 적은 아직 없습니다.","wordCount":140},"emotion":[],"intent":[{"text":"","expression":"","category":"attitude"}],"summary":{"text":"커피 테이크 아웃 잔을 버스에 들고 탄 경험입니다. 그런데 그건 사람들이 부주의로 더러워질 수 있는 것들이기 때문에 특별히 조심해서 가지고 있고 들킨 적은 없습니다.","wordCount":24}}},"rawDataInfo":{"question":{"fileFormat":"wav","fileSize":346958,"duration":10840,"samplingBit":16,"channelCount":1,"samplingRate":"16kHz","audioPath":"/Mock/03.PublicService/Female/Experienced/ckmk_q_ps_f_e_181571.wav"},"answer":{"fileFormat":"wav","fileSize":2881358,"duration":90040,"samplingBit":16,"channelCount":1,"samplingRate":"16kHz","audioPath":"/Mock/03.PublicService/Female/Experienced/ckmk_a_ps_f_e_181571.wav"}}}