{"version":"1.0","dataSet":{"info":{"date":"20230116","occupation":"PS","channel":"MOCK","place":"ONLINE","gender":"FEMALE","ageRange":"35-44","experience":"EXPERIENCED"},"question":{"raw":{"text":"혹시 지원자분 매일 공부하고 계신 분야가 따로 있으신까요 만약에 공부하시고 있는 분야가 있으시면 그걸 왜 지금 공부하고 계신지도 함께 설명해 주세요","wordCount":21},"emotion":[],"intent":[]},"answer":{"raw":{"text":"제가 매일 공부하는 분야가 따로 있는 것을 이야기한다면 제가 어 교사에서 교사로 일을 하고 있는데 어 상담 쪽 일도 어 필요하다고 느껴서 제가 상담 교육 쪽 일을 공부를 하고 있습니다. 제가 학습 부진아 학생들을 가르치는데 제가 어 에이디에이치디 학생이나 어 행동에 어 조절하지 못하는 학생들을 많이 어 가르치고 있는데 그 학생들은 어 행동에 문제가 있는 것이 어 자기 스스로 조절할 수 없는 부분이 부분인데 그것들을 어 상담사가 수업시간에 필요한데 어 제가 지금은 현재 여건에서는 어 학습 어 상담사가 어 수업시간에 배치될 수 있는 상황이 아니기 때문에 그것들을 어 기본적인 어 지식을 통해서 공부를 통해서 제가 어 수업에 도움이 되려고 어 상담 쪽 어 교육을 받고 있습니다. 그래서 어 심리 상담과 또 음 학습 부진아에 어 교육에 대해서 제가 인터넷 강의로 어 제가 수업을 듣고 또 실습을 하고 있습니다. 그리 어 그렇게 해야 어 그 학생들도 어 학습에 참여할 수 있도록 도와줄 수 있는 그런 어 여건을 만들어주고 다른 사람들도 어 그 학생들을 어 배 어 배척하지 않고 그 학생들과 함께 협력해서 어 좋은 결과를 맺을 수 있도록 어 도와줄 수 있도록 제가 많은 교육을 하고 있고 또 상담하는 선생님과 연계를 해서 제가 어 그 학생들의 어 공부하는 차도를 또 이야기하면서 상의합니다.","wordCount":191},"emotion":[],"intent":[{"text":"","expression":"","category":"attitude"}],"summary":{"text":"교사로 일하고 있는데 상담 쪽 일도 필요하다고 느껴서 상담 교육 쪽 일을 공부를 하고 있습니다. 학습 부진아 학생들을 가르치는데 그 학생들은 자기 스스로 조절할 수 없는 부분이 있는데 상담사가 수업시간에 배치될 수 있는 상황이 아니기 때문에 기본적인 지식을 통해서 공부를 해서 수업에 도움이 되려고 상담 쪽 교육을 받습니다.","wordCount":48}}},"rawDataInfo":{"question":{"fileFormat":"wav","fileSize":467918,"duration":14620,"samplingBit":16,"channelCount":1,"samplingRate":"16kHz","audioPath":"/Mock/03.PublicService/Female/Experienced/ckmk_q_ps_f_e_236963.wav"},"answer":{"fileFormat":"wav","fileSize":3813518,"duration":119170,"samplingBit":16,"channelCount":1,"samplingRate":"16kHz","audioPath":"/Mock/03.PublicService/Female/Experienced/ckmk_a_ps_f_e_236963.wav"}}}