{"version":"1.0","dataSet":{"info":{"date":"20230116","occupation":"PS","channel":"MOCK","place":"ONLINE","gender":"FEMALE","ageRange":"45-54","experience":"EXPERIENCED"},"question":{"raw":{"text":"면접자님분은 업무시 분쟁이 발생할 때를 대비한 본인만의 대처법이 있으신가요 있으시다면 어떠한 것인지 말씀 부탁드립니다","wordCount":14},"emotion":[],"intent":[]},"answer":{"raw":{"text":"업무를 하다 보면 어 의견 불일치나 아지면 사실 관계 확인해서 분쟁이 발생할 때가 있습니다. 그럴 때를 대비해서 꼭 어떠한 계약건이라든지 어 새로운 업무를 추진함에 있어서 함께 의사소통하는 과정에서 어 정확한 기록을 남기고 그 기록을 함께 확인하는 것들을 어 습관처럼 하고 있습니다. 분쟁이 발생했을 때 그 분쟁이 서로 어 이야기를 나눴던 것에 대한 오해에서 비롯된 것이라면 그 증거 자료 자료나 충분한 자료 등이 확보되어 있어야 어 분쟁에 대한 어 시시비비를 가릴 수 있을 것입니다. 어 계약건이라면 정확한 계약서 작성이 있어야 할 테고 사전에 미리 간단하게 약속을 했더라도 구두를 약속하는 것이 아니라 간단하게 약속한 것들을 확인하는 기록물을 서로 확인하는 과정들이 분명히 있어야 할 것 같습니다. 그리고 그 외에 다른 어떤 업무 추진 과정에 사소한 분쟁이라면 충분히 대화를 통해서 설득하거나 어 오해를 하지 않을 만큼의 어 의사소통이 정확히 되어져야 됐는지 확인하고 어 다시 한번 재차 확인하는 과정들이 필요합니다. 저는 그렇게 하는 것이 중요하다고 생각합니다.","wordCount":141},"emotion":[],"intent":[{"text":"그리고 그 외에 다른 어떤 업무 추진 과정에 사소한 분쟁이라면 충분히 대화를 통해서 설득하거나 어 오해를 하지 않을 만큼의 어 의사소통이 정확히 되어져야 됐는지 확인하고 어 다시 한번 재차 확인하는 과정들이 필요합니다.","expression":"c_confl_mg","category":"personality"}],"summary":{"text":"의견 불일치나 분쟁 발생 시, 이를 대비하여 정확한 기록을 남기고 함께 확인하는 것들을 습관처럼 하고 있습니다. 분쟁이 발생했을 때, 증거 자료나 충분한 자료 등이 확보되어 있어야 분쟁에 대한 시시비비를 가릴 수 있을 것입니다. 그 외, 사소한 분쟁이라면 충분한 대화를 통해 설득하거나 다시 한번 확인하는 과정들이 필요합니다.","wordCount":46}}},"rawDataInfo":{"question":{"fileFormat":"wav","fileSize":446158,"duration":13940,"samplingBit":16,"channelCount":1,"samplingRate":"16kHz","audioPath":"/Mock/03.PublicService/Female/Experienced/ckmk_q_ps_f_e_224483.wav"},"answer":{"fileFormat":"wav","fileSize":2693198,"duration":84160,"samplingBit":16,"channelCount":1,"samplingRate":"16kHz","audioPath":"/Mock/03.PublicService/Female/Experienced/ckmk_a_ps_f_e_224483.wav"}}}