{"version":"1.0","dataSet":{"info":{"date":"20230116","occupation":"PS","channel":"MOCK","place":"ONLINE","gender":"FEMALE","ageRange":"35-44","experience":"EXPERIENCED"},"question":{"raw":{"text":"최근에 재미있게 하고 있는 일은 무엇인가요 그리고 그 일이 왜 재미있는지도 함께 설명 부탁드립니다","wordCount":14},"emotion":[],"intent":[]},"answer":{"raw":{"text":"최근에 재미있게 하고 있는 일이 무엇인지 그 이유에 대해서 설명을 하자면 저는 지금 현재 어 인공지능에 대한 데이터 나 빌린 교육을 받고 있는데 그것이 참 재미있다고 생각을 합니다. 왜냐하면 어 제가 그동안에 말을 조리 있게 하지 못했는데 어 그런 지금 하고 있는 면접 연습을 통해서 모이 면접 연습을 통해서 제가 좀 더 조리있고 자신감 있게 말을 가지고 일을 할 수 있기 때문에 제가 제 어 성장의 기회로 삼을 수 있게 되어서 재미있게 생각을 합니다. 그리고 국가에서 지원을 많이 해주기 때문에 경제적인 부담도 없고 시간도 제가 제 마음대로 활용을 할 수 있기 때문에 아이를 키우는 입장에서 마음 편안하게 이것들을 할 수 있게 되고 그 제가 인공지능에 이제 음 인공지능에 관심을 갖게 되면서 어 아버지의 권유로 인 인공지능에 관심을 갖게 되었는데 그것들이 간단한 학습을 통해서 어 이것들이 어 좋은 일자리 창출이 된다는 점에서 어 제가 지금까지 경력을 단절하고 있었는데 이것들을 함으로써 또 새로운 교육의 기회로 삼고 새로운 일자리를 받을 수 있다는 그런 기대감에 을 가지고 많이 어 일을 하고 있습니다. 그리고 정말 인공지능 데이터 라벨링이 단순 작업이 많기 때문에 어 제가 평상시에 가지고 있는 장념들을 없애고 단순하게 이 일에 몰두할 수 있게 되어서 재미있다고 생각을 합니다. 그리고 또 어 꾸준히 또 책상에 앉아서 일을 하면서 제가 근면성을 더 기르게 되어서 좋다고 생각합니다.","wordCount":200},"emotion":[{"text":"그리고 국가에서 지원을 많이 해주기 때문에 경제적인 부담도 없고 시간도 제가 제 마음대로 활용을 할 수 있기 때문에 아이를 키우는 입장에서 마음 편안하게 이것들을 할 수 있게 되고 그 제가 인공지능에 이제 음 인공지능에 관심을 갖게 되면서 어 아버지의 권유로 인 인공지능에 관심을 갖게 되었는데 그것들이 간단한 학습을 통해서 어 이것들이 어 좋은 일자리 창출이 된다는 점에서 어 제가 지금까지 경력을 단절하고 있었는데 이것들을 함으로써 또 새로운 교육의 기회로 삼고 새로운 일자리를 받을 수 있다는 그런 기대감에 을 가지고 많이 어 일을 하고 있습니다.","expression":"p-interest","category":"positive"}],"intent":[{"text":"","expression":"","category":"attitude"}],"summary":{"text":"최근 인공지능에 대한 데이터나 빌린 교육을 재미있게 받고 있습니다. 면접 연습을 통해 자신감있게 말을 할 수 있고, 국가의 지원을 받기 때문에 성장의 기회로 삼을 수 있기 때문입니다. 아버지의 권유로 인공지능에 관심을 갖게 되었는데 이것이 좋은 일자리 창출이 된다는 점에서 저는 일을 하고 있고, 근면성을 기르게 되어 좋다고 생각합니다.","wordCount":48}}},"rawDataInfo":{"question":{"fileFormat":"wav","fileSize":326798,"duration":10210,"samplingBit":16,"channelCount":1,"samplingRate":"16kHz","audioPath":"/Mock/03.PublicService/Female/Experienced/ckmk_q_ps_f_e_233326.wav"},"answer":{"fileFormat":"wav","fileSize":3769678,"duration":117800,"samplingBit":16,"channelCount":1,"samplingRate":"16kHz","audioPath":"/Mock/03.PublicService/Female/Experienced/ckmk_a_ps_f_e_233326.wav"}}}