{"version":"1.0","dataSet":{"info":{"date":"20230116","occupation":"PS","channel":"MOCK","place":"ONLINE","gender":"FEMALE","ageRange":"55-","experience":"EXPERIENCED"},"question":{"raw":{"text":"지원자님께서 생각하실 때 본인의 십 년 후 모습 미래는 어떤 모습일 것 같은지 궁금합니다 만약에 저희 회사에 계속해서 다니고 있을 것 같으신지도 대답해 주시면 좋겠습니다","wordCount":25},"emotion":[],"intent":[]},"answer":{"raw":{"text":"그랬으면 좋겠어요. 네 사실 왜냐하면 정말 희망 사항이긴 하지만 왜냐하면 지금도 저는 나이가 어 적지는 않은 편이고 사회적인 기준에서 그래서 십 년 후면 더더욱 더군다나 이제 사회적인 기준에서는 정말 퇴직을 했거나 하고도 남을 나이인데 고령화가 이제 진행되고 있고 계속 사회적인 활동의 기준은 낮아지고 있는데 그냥 작은 바램이라면 십 년 후에 조금 그러한 현상들이 많이 완화가 됐기를 다시 조금 바뀌었기를 거꾸로 그랬으면 하고요. 그런 걸 바탕으로 조금 그려보자면 여전히 일을 하고 있는 제 모습으로 그리고 싶습니다. 네 제가 평생 동안 일해 온 제 일 그대로 유지를 하면서 네 여기에서 그래서 일을 하면서 행복하게 그리고 좀 자신 있게 계속 제 일을 전문적으로 하고 하고 있는 모습일 것 같습니다.","wordCount":106},"emotion":[],"intent":[{"text":"","expression":"","category":"attitude"}],"summary":{"text":"사회적 기준에서 퇴직을 했거나 하고도 남을 나이인데 고령화가 진행되고 사회적 활동의 기준이 낮아지고 있는데 십 년 후에 그런 현상들이 많이 완화가 됐기를 바랍니다. 평생 동안 일해 온 제 일 그대로 유지하면서 제 일을 전문적으로 하는 모습일 것 같습니다.","wordCount":38}}},"rawDataInfo":{"question":{"fileFormat":"wav","fileSize":559118,"duration":17470,"samplingBit":16,"channelCount":1,"samplingRate":"16kHz","audioPath":"/Mock/03.PublicService/Female/Experienced/ckmk_q_ps_f_e_179685.wav"},"answer":{"fileFormat":"wav","fileSize":2792398,"duration":87260,"samplingBit":16,"channelCount":1,"samplingRate":"16kHz","audioPath":"/Mock/03.PublicService/Female/Experienced/ckmk_a_ps_f_e_179685.wav"}}}