{"version":"1.0","dataSet":{"info":{"date":"20230116","occupation":"PS","channel":"MOCK","place":"ONLINE","gender":"FEMALE","ageRange":"45-54","experience":"EXPERIENCED"},"question":{"raw":{"text":"본인의 장점과 단점을 설명해 주시고 그것을 특화시키고 극복하기 위해 기울여 오셨던 노력도 함께 말씀 부탁드립니다","wordCount":15},"emotion":[],"intent":[]},"answer":{"raw":{"text":"저의 장점은 열정적인 성격이 장점입니다. 어 무엇을 새롭게 배우고 싶거나 그것을 알고 싶고 그 일을 하고 싶을 때는 잘 할 수 있기 위해서 최선의 노력을 기울입니다. 어 시간을 쪼개고 그게 익숙해질 때까지 노력하고 그리고 어떻게 하면 가장 잘 할 수 있는지를 열심히 탐색하고 찾아내서 그대로 따라하면서 그런 것들을 배워나가는 걸 되게 즐거워 합니다. 어 작 단점은 제가 하나를 집중해서 하면 그 외에 다른 것들 소소한 것들을 놓치고 가는 경우가 많습니다. 그래서 하나의 열정을 불태우면서 다른 것까지 다 세세하게 챙길 수 있다면 참 좋겠는데 그 부분을 제가 단점인걸 알고 있어서 제가 열정적인 부분을 저의 장점으로 잘 승화시켜 나가면서 어 그걸 특복 특화시키며 극복한 해야 하는 단점으로서 어 세세한 마음 어 세세한 것들을 살펴보는 마음 어 제가 혹시 놓치고 가는 것이 있는지를 늘 차분하게 돌아보는 것들을 어 열심히 극복하게 노력들을 하고 있습니다. 그것이 잘 맞아서 열심히 열정을 붙들며 살면서 작은 어 세심한 것들까지 놓치지 않는다면 어 제 장점을 잘 극복할 수 있 어 특화시킬 수 있을 것 같습니다.","wordCount":156},"emotion":[{"text":"어 시간을 쪼개고 그게 익숙해질 때까지 노력하고 그리고 어떻게 하면 가장 잘 할 수 있는지를 열심히 탐색하고 찾아내서 그대로 따라하면서 그런 것들을 배워나가는 걸 되게 즐거워 합니다.","expression":"p-interest","category":"positive"}],"intent":[{"text":"저의 장점은 열정적인 성격이 장점입니다.","expression":"c_person","category":"background"}],"summary":{"text":"저는 열정적인 성격이 장점입니다. 단점은 제가 하나를 집중해서 하면 다른 것들을 놓치고 가는 경우가 많은데 그것을 제가 장점으로 잘 승화시켜 나가면서 그것을 특복 특화시키며 극복해야 합니다. 그것이 잘 맞아서 열심히 열정을 붙들며 살면서 작은 세세한 것들까지 놓치지 않는다면 제 장점을 잘 극복할 수 있을 것 같습니다.","wordCount":46}}},"rawDataInfo":{"question":{"fileFormat":"wav","fileSize":593998,"duration":18560,"samplingBit":16,"channelCount":1,"samplingRate":"16kHz","audioPath":"/Mock/03.PublicService/Female/Experienced/ckmk_q_ps_f_e_209204.wav"},"answer":{"fileFormat":"wav","fileSize":2873678,"duration":89800,"samplingBit":16,"channelCount":1,"samplingRate":"16kHz","audioPath":"/Mock/03.PublicService/Female/Experienced/ckmk_a_ps_f_e_209204.wav"}}}