{"version":"1.0","dataSet":{"info":{"date":"20230116","occupation":"PS","channel":"MOCK","place":"ONLINE","gender":"FEMALE","ageRange":"35-44","experience":"EXPERIENCED"},"question":{"raw":{"text":"회사에 들어와서 어 선배를 만나게 된다면 어떤 모습의 선배를 만나고 싶으신가요 그 이유도 함께 말씀 부탁드립니다","wordCount":16},"emotion":[],"intent":[]},"answer":{"raw":{"text":"어 회사에 들어와서 선배를 만나게 된다면 어떤 모습의 선배를 만나고 싶은지 이야기를 하자면 저는 회사의 비전에 대해서 정확하게 이해하고 또 그것들을 따라가는 사람을 만나고 싶습니다. 음 회사에가 원하는 인재상에 대해서 생각해 본 사람들은 어 그것들을 하려고 할 때 어 많은 노력을 취할 것이고 그 비전과 목표가 뚜렷하게 있어야 그 어 힘들고 고된 업무들을 어 힘 있게 그것들을 에너지를 가지고 수행할 수 있기 때문입니다. 단순히 업무를 날수를 채우는 것이 아니고 어 확실한 목표를 가지고 회사가 어 하려는 목표들을 수행을 할 때 정확하게 회사가 원하는 결과물들을 어 얻어낼 수 있고 그것을 통해서 많은 대응을 얻을 수 있습니다. 그리고 또 언제든지 필요한 부분을 도와 도움을 받을 수 있고 상담을 할 수 있는 지 어 선배를 만나고 싶습니다. 어 회사에서 어려운 부분이 많고 상사는 어 저보다는 다양한 경험을 했기 때문에 그것들을 어떻게 극복할 수 있었는지에 대한 어 많은 뭐 노하우가 있는데 그것들을 배워서 제가 어 제가 업무에서 어 필요할 때 그것들을 사용할 수 있기 때문입니다. 그리고 세 번째 로는 협업을 잘하는 어 직장 선배를 만나고 싶습니다. 어 직장에서 협업할 기회가 많은데 그것들을 많이 쌓아오고 어 체득한 사람이면 어 회사 업무에 적응하는데 더 빠르게 얻을 수 있고 또 그것을 통해서 제가 협업하는 능력을 배울 수 있기 때문에 그것들이 아주 어 긍정적인 영향을 미칠 수 있다고 생각을 합니다.","wordCount":202},"emotion":[],"intent":[{"text":"","expression":"","category":"attitude"}],"summary":{"text":"회사를 들어와서 선배를 만나게 된다면 회사의 비전에 대해서 정확하게 이해하고 그것을 따라가는 사람을 만나고 싶습니다. 회사에서는 어려운 부분이 있고 상사는 다양한 경험을 했기 때문에 그것을 어떻게 극복했는지에 대한 노하우가 있고 그것을 배워서 필요할 때 그것을 사용할 수 있기 때문입니다. 그리고 협업을 잘하는 직장 선배를 만나고 싶은데 그들을 통해 업무 적응에 더 빠르게 얻을 수 있고 협업하는 능력을 배울 수 있기 때문에 그것들이 긍정적이라고 생각합니다.","wordCount":64}}},"rawDataInfo":{"question":{"fileFormat":"wav","fileSize":448078,"duration":14000,"samplingBit":16,"channelCount":1,"samplingRate":"16kHz","audioPath":"/Mock/03.PublicService/Female/Experienced/ckmk_q_ps_f_e_236727.wav"},"answer":{"fileFormat":"wav","fileSize":3713998,"duration":116060,"samplingBit":16,"channelCount":1,"samplingRate":"16kHz","audioPath":"/Mock/03.PublicService/Female/Experienced/ckmk_a_ps_f_e_236727.wav"}}}