{"version":"1.0","dataSet":{"info":{"date":"20230116","occupation":"PS","channel":"MOCK","place":"ONLINE","gender":"FEMALE","ageRange":"55-","experience":"EXPERIENCED"},"question":{"raw":{"text":"업무를 수행하는 동안 분쟁이 발생할 때를 대비해 지원자님이 가지고 있는 대처법이 있나요 있다면 무엇인지 말씀해 주세요","wordCount":16},"emotion":[],"intent":[]},"answer":{"raw":{"text":"외부와의 분쟁이 발생일 때를 대비해서는 저희는 항상 외부 내담자의 문제에 대해서 먼저 배려하는 마음으로 정확하게 사실을 파악하고 일단 분쟁이 발생한 원인과 그 결과를 따져서 어 분석해서 해결하려는 문제 의식을 갖고 있습니다. 이 문제 의식을 통해서 외부적인 분쟁이 발생일 때 외부 요인들의 시작이 되는 분쟁 요인들을 하나하나 분석해서 외부 분쟁에서 어 어 위험을 느끼고 어려움을 느끼는 상대방을 우선적으로 배려해서 해결하려는 문제 의식을 갖고 있습니다.","wordCount":63},"emotion":[],"intent":[{"text":"","expression":"","category":"attitude"}],"summary":{"text":"저희는 외부 분쟁의 발생을 대비해서 항상 외부 내담자의 문제를 먼저 배려하는 마음으로 분쟁의 원인과 결과를 분석해서 해결하고자 하는 문제 의식을 갖고 있습니다.","wordCount":22}}},"rawDataInfo":{"question":{"fileFormat":"wav","fileSize":387278,"duration":12100,"samplingBit":16,"channelCount":1,"samplingRate":"16kHz","audioPath":"/Mock/03.PublicService/Female/Experienced/ckmk_q_ps_f_e_240111.wav"},"answer":{"fileFormat":"wav","fileSize":1781198,"duration":55660,"samplingBit":16,"channelCount":1,"samplingRate":"16kHz","audioPath":"/Mock/03.PublicService/Female/Experienced/ckmk_a_ps_f_e_240111.wav"}}}