{"version":"1.0","dataSet":{"info":{"date":"20230116","occupation":"PS","channel":"MOCK","place":"ONLINE","gender":"FEMALE","ageRange":"55-","experience":"EXPERIENCED"},"question":{"raw":{"text":"어 살면서 그동안 다양한 커뮤니케이션을 경험해 보셨을 텐데요 어 그러한 커뮤니케이션에서 가장 어려웠던 경험을 한 가지만 꼽자면 어 어떤 것일지 설명해 주시길 바랍니다","wordCount":23},"emotion":[],"intent":[]},"answer":{"raw":{"text":"가장 어려웠다고 생각했을 어 다양한 커뮤니켠에서 곤란했던 경험은 제가 결혼 후에 저는 서울 출신인데 저희 시부모님들은 경상남도 분이셔서 서로 도가 다르기 때문에 그 살아온 환경과 주위에 모든 상황이 다 다른 거를 이해할 수 없었습니다. 말투나 사투리에서 이해할 수 없는 단어들을 가지고 저에 대한 불만과 어 저에 대한 실책으로 들리게 되어 보여 버려서 더욱더 마음이 주눅이 들고 힘들게 살았던 적이 있습니다. 이렇게 서로 다른 사회에서 사 자라왔기 때문에 사투리에서 나오는 그 투박함과 어려운 대상이라는 거에 나오는 그 커뮤니케이션의 양자 간의 대화 형식이 아닌 일방적인 커뮤니케이션 있는 큰 어 어려움이 있었던 것 같습니다. 그래서 결혼 초 시부모님과의 대화와 커뮤니케이션에 큰 고통을 느꼈던 적이 있습니다.","wordCount":102},"emotion":[],"intent":[{"text":"","expression":"","category":"attitude"}],"summary":{"text":"결혼 초 시부모님과의 대화와 커뮤니케이션에 큰 고통을 느꼈던 적이 있습니다. 서로 다른 사회에서 자라왔기 때문에 사투리에서 나오는 투박함과 어려운 대상이라는 거에 나오는 커뮤니케이션의 양자 간의 일방적인 커뮤니케이션에 어려움이 있었던 것 같습니다.","wordCount":31}}},"rawDataInfo":{"question":{"fileFormat":"wav","fileSize":521678,"duration":16300,"samplingBit":16,"channelCount":1,"samplingRate":"16kHz","audioPath":"/Mock/03.PublicService/Female/Experienced/ckmk_q_ps_f_e_244615.wav"},"answer":{"fileFormat":"wav","fileSize":2636878,"duration":82400,"samplingBit":16,"channelCount":1,"samplingRate":"16kHz","audioPath":"/Mock/03.PublicService/Female/Experienced/ckmk_a_ps_f_e_244615.wav"}}}