{"version":"1.0","dataSet":{"info":{"date":"20230116","occupation":"PS","channel":"MOCK","place":"ONLINE","gender":"FEMALE","ageRange":"-34","experience":"EXPERIENCED"},"question":{"raw":{"text":"네 만약에 사내 스터디를 만들어서 공부할 수 있다면 어떤 것을 공부하고 싶으신지요 어 또 왜 그것을 공부하고 싶은지 그 이유도 함께 말씀해 주시면 좋겠습니다","wordCount":24},"emotion":[],"intent":[]},"answer":{"raw":{"text":"아무래도 저희가 몸을 다루는 회사이다 보니깐 그리고 그런 일들을 하는 사람들이 모여있기 때문에 뭔가 스터디가 많으면 많을수록 좋을 것 같다는 생각이 들어요. 근데 특히 그중에서도 음 인체 해부학 측면에서 공부를 할 수 있는 스터디가 생기면 좋을 것 같습니다. 아무래도 저도 제 분야만 오래 하다 보니까 또 다른 종류의 것들을 하시는 선생님들의 지식이 궁금하기도 하고 그리고 이 회사에서 어 어쨌든 몸에 대해서 신체에 대해서 이해를 잘하고 있는 강사들을 어 같이 일하는 게 강사들과 일하는 게 잇 점이 더 많을 거라는 생각이 듭니다. 그래서 저는 그런 스터디가 생기면 좋을 것 같구요. 그리고 저도 어떤 그 물리학적인 측면으로 그 신체를 이해하는 게 필요하기도 하고 그리고 또 만약에 생길 수 있다면 다양한 나라의 요가를 어떻게 알고 알 수 있을지를 좀 스터디하면 좋을 것 같습니다. 워낙 나라들마다 스타일이 다르다 보니까 그런 거를 좀 공부할 시간이 필요하고 그런 기회를 좀 가지고 싶습니다.","wordCount":136},"emotion":[],"intent":[{"text":"","expression":"","category":"attitude"}],"summary":{"text":"몸을 다루는 회사라 인체 해부학 측면에서 공부할 수 있는 스터디가 생기면 좋겠습니다. 그리고 물리학적인 측면에서도 신체를 이해하는 게 필요하기도 하고, 여러 나라의 요가를 어떻게 알고 알 수 있을지에 대한 스터 디가 있으면 좋겠습니다.","wordCount":33}}},"rawDataInfo":{"question":{"fileFormat":"wav","fileSize":542798,"duration":16960,"samplingBit":16,"channelCount":1,"samplingRate":"16kHz","audioPath":"/Mock/03.PublicService/Female/Experienced/ckmk_q_ps_f_e_182605.wav"},"answer":{"fileFormat":"wav","fileSize":2853518,"duration":89170,"samplingBit":16,"channelCount":1,"samplingRate":"16kHz","audioPath":"/Mock/03.PublicService/Female/Experienced/ckmk_a_ps_f_e_182605.wav"}}}