{"version":"1.0","dataSet":{"info":{"date":"20230116","occupation":"PS","channel":"MOCK","place":"ONLINE","gender":"FEMALE","ageRange":"55-","experience":"EXPERIENCED"},"question":{"raw":{"text":"회사에 입사를 했는데 업무 내용이나 업무 강도가 예상한 것과 전혀 다르다면 어떻게 대처하실 건가요","wordCount":14},"emotion":[],"intent":[]},"answer":{"raw":{"text":"한 회사에 입사할 때 그 회사의 업무 내용이나 강도가 얼만큼 센지는 아무도 알 수 없었을 것입니다. 저는 긍정적인 마인드로 일단 뭐든지 그 대응해서 잘 헤쳐나가겠다는 굳은 마음을 갖고 있었습니다. 예상을 하지를 않을 것 같아요. 어차피 처음 신입 사원으로 입사할 때는 아무 것도 모르는 상황이기 때문에 모든 일이 어렵고 더 강도가 세다고 생각할 수 밖에 없습니다. 그러므로 같은 동료나 선배나 또 후배들과 함께 서로 협업하는 마음으로 그리고 서로 배려하고 서로 알려주는 마음으로 이를 함께 하는 더불어 사는 그런 회사가 되도록 노력하겠습니다. 회사에서 업무의 강도가 높으면 조금 제가 모자라도 좀 더 많이 일하고 조금이나마 좀 더 야근을 하면 다 해결해 나갈 수 있다고 생각합니다. 어려운 점은 그냥 혼자서 끙끙 앓지 않고 선배들과 또 후배도 잘하는 사람이 있으면 그 사람들한테 물어봐 가면서 모르는 거를 창피하게 생각하지 않고 알려주면 고맙게 여기고 또 나중에 제가 후배들이 들어왔을 때 멘토가 되어 활동할 수 있도록 해 하겠습니다.","wordCount":140},"emotion":[],"intent":[{"text":"","expression":"","category":"attitude"}],"summary":{"text":"신입 사원으로 입사할 때는 모든 일이 어렵고 강도가 세다고 생각할 수 밖에 없으므로 같은 동료나 선배나 또 후배들과 함께 협업하는 마음으로 그리고 서로 배려하고 서로 알려주는 마음으로 이를 함께 하는 더불어 사는 회사가 되도록 노력하겠습니다.","wordCount":35}}},"rawDataInfo":{"question":{"fileFormat":"wav","fileSize":313678,"duration":9800,"samplingBit":16,"channelCount":1,"samplingRate":"16kHz","audioPath":"/Mock/03.PublicService/Female/Experienced/ckmk_q_ps_f_e_244956.wav"},"answer":{"fileFormat":"wav","fileSize":3033678,"duration":94800,"samplingBit":16,"channelCount":1,"samplingRate":"16kHz","audioPath":"/Mock/03.PublicService/Female/Experienced/ckmk_a_ps_f_e_244956.wav"}}}