{"version":"1.0","dataSet":{"info":{"date":"20230116","occupation":"PS","channel":"MOCK","place":"ONLINE","gender":"FEMALE","ageRange":"45-54","experience":"EXPERIENCED"},"question":{"raw":{"text":"본인이 생각했을 때 본인이 팀장에 더 잘 맞을 것 같은지 팀원에 더 잘 맞을 것 같은지 그렇게 생각하는 이유와 함께 설명 부탁드릴게요","wordCount":22},"emotion":[],"intent":[]},"answer":{"raw":{"text":"저는 어 그룹 안에서 어 어떤 일이 잘 되지 않을 때 그 일이 잘 되어질 수 있도록 방법을 궁리하거나 제안하거나 그 제안에 대한 여러 가지 의견들을 듣거나 아니면 함께 일하고자 하는 사람들의 의견을 들어서 그 의견에 어떤 부분이 부족한지 그 부족함을 생각해보고 같이 의견을 나누는 어 그런 과정들을 이끌어내는 것을 매우 좋아합니다. 그래서 팀원으로서 팀 전체에 어 효율적인 결과 어 직무 결과를 가져오기 위해서 노력해 노력하는 팀원으로서의 일도 잘 해 낼 것이지만 어 팀장을 맡는다면 어 팀원 전체의 의사소통을 잘 이끌어내고 그리고 어 함께 효율적으로 의사소통을 활발히 하여서 수시로 그 의사소통을 통해 서로의 의견을 나누고 더 효과적이고 효율적인 일들을 진행될 수 있도록 어 하는 과정 자체를 즐기는 성향입니다. 그래서 팀장으로서의 일을 맡겨 주신다고 하면 그 일도 어 매우 잘 할 것 같습니다. 팀원도 좋지만 팀장의 일을 만든다면 좀 더 책임감을 가지고 일을 더 열심히 해내려고 하는 성향을 갖고 있어서 저는 팀장을 만든다면 어 저에게 되게 적합할 것 같습니다.","wordCount":148},"emotion":[],"intent":[{"text":"그래서 팀원으로서 팀 전체에 어 효율적인 결과 어 직무 결과를 가져오기 위해서 노력해 노력하는 팀원으로서의 일도 잘 해 낼 것이지만 어 팀장을 맡는다면 어 팀원 전체의 의사소통을 잘 이끌어내고 그리고 어 함께 효율적으로 의사소통을 활발히 하여서 수시로 그 의사소통을 통해 서로의 의견을 나누고 더 효과적이고 효율적인 일들을 진행될 수 있도록 어 하는 과정 자체를 즐기는 성향입니다.","expression":"c_person","category":"background"}],"summary":{"text":"저는 팀 안에서 팀원 전체의 의사소통을 잘 이끌어내고 효율적이고 효율적인 일들을 진행시키는 것을 좋아하는 성향입니다. 그래서 팀원도 좋지만 팀장의 일을 만든다면 좀 더 책임감을 가지고 일을 더 열심히 해내는 성향을 갖고 있어서 저는 팀장을 만들면 제가 적합하다고 생각합니다.","wordCount":38}}},"rawDataInfo":{"question":{"fileFormat":"wav","fileSize":373518,"duration":11670,"samplingBit":16,"channelCount":1,"samplingRate":"16kHz","audioPath":"/Mock/03.PublicService/Female/Experienced/ckmk_q_ps_f_e_224492.wav"},"answer":{"fileFormat":"wav","fileSize":2851278,"duration":89100,"samplingBit":16,"channelCount":1,"samplingRate":"16kHz","audioPath":"/Mock/03.PublicService/Female/Experienced/ckmk_a_ps_f_e_224492.wav"}}}