{"version":"1.0","dataSet":{"info":{"date":"20230116","occupation":"PS","channel":"MOCK","place":"ONLINE","gender":"FEMALE","ageRange":"35-44","experience":"EXPERIENCED"},"question":{"raw":{"text":"지원자님께서 본인이 현재 가지고 있는 위치보다 어려운 목표를 달성한 적이 있나요 목표를 달성한 적이 있다면 경험을 말씀해주세요","wordCount":17},"emotion":[],"intent":[]},"answer":{"raw":{"text":"음 제가 현재 가지고 있는 위치보다 어려운 목표를 달성한 적이 있는지에 대해서 이야기를 하자면 저는 지금 음 육아를 하면서 일을 어 찾고 있었는데 제가 데이터 라벨링이라는 인공지능에 관한 어 일을 어 분야를 알게 되어서 노동부 교육 어 고용노동부에서 제공하는 음 데티어 라벨링 인문 과정을 맞췄고 또 중급 과정을 할 계획입니다. 그래서 어 현재는 지금 데이터 라벨링을 하는 그런 업무에 진행을 하고 있고 제가 지금보다 하는 위치보다 좀 더 올라가서 그것들을 수행을 하고 있습니다. 그래서 제가 이 작업을 통해서 제가 일을 어 말을 더 조리있게 할 수 있고 제가 또 평상시에 말이 너무 빨라서 전달력이 떨어진다는 것을 느끼고 있었는데 이것을 연습을 하므로 발음을 또박 또박하고 또 말하는 속도를 천천히 해서 연습하기 때문에 전달력 부분에서 발전이 있다고 생각을 합니다. 그리고 또 어 제가 시간 관리가 잘 안 됐었는데 어 정해진 시간 안에서 일들을 수행을 하다 보니 어 제가 하는 일상적인 일도 정리가 되었고 그것들에 맞춰서 일을 진행할 수 있어서 시간 관리하는 면에서 어 좋다고 생각을 합니다. 그리고 제가 꼼꼼하게 일을 하는 것이 좀 어 부족했는데 이것들을 하면서 꼼꼼하게 노력을 하고 또 작업을 할 수 있도록 이를 진행을 하기 때문에 지금 하는 것보다 더 발전하고 있습니다.","wordCount":183},"emotion":[],"intent":[{"text":"","expression":"","category":"attitude"}],"summary":{"text":"저는 현재 가지고 있는 위치보다 어려운 목표를 달성한 적이 있습니다. 지금은 데이터 라벨링을 하는 업무를 진행하고 있고 지금보다 하는 위치보다 좀 더 올라가 그것들을 수행하고 있으며, 이 작업을 통해서 말을 더 조리있게 할 수 있고 전달력 부분에서 발전이 있다고 생각합니다. 그리고 제가 시간 관리가 잘 안 됐었는데 정해진 시간 안에서 일을 하다보니 시간 관리 면에서 좋다고 생각 합니다.","wordCount":58}}},"rawDataInfo":{"question":{"fileFormat":"wav","fileSize":617038,"duration":19280,"samplingBit":16,"channelCount":1,"samplingRate":"16kHz","audioPath":"/Mock/03.PublicService/Female/Experienced/ckmk_q_ps_f_e_244029.wav"},"answer":{"fileFormat":"wav","fileSize":3857358,"duration":120540,"samplingBit":16,"channelCount":1,"samplingRate":"16kHz","audioPath":"/Mock/03.PublicService/Female/Experienced/ckmk_a_ps_f_e_244029.wav"}}}