{"version":"1.0","dataSet":{"info":{"date":"20230116","occupation":"PS","channel":"MOCK","place":"ONLINE","gender":"FEMALE","ageRange":"45-54","experience":"EXPERIENCED"},"question":{"raw":{"text":"지금 우리 건물에 화재가 발생했습니다 이때 가장 먼저 해야 할 일은 무엇일까요","wordCount":12},"emotion":[],"intent":[]},"answer":{"raw":{"text":"건물의 화재가 발생하면 당황을 하겠죠. 그런데 제가 저도 배운 대로 한 잔 한다면 일단 제 자신이 어 위험을 위험수다 위험한 상황에서 어 약간 빠져나와야 되기 때문에 먼저 신고를 하고 그리고 젖은 수건을 젖은 수건이나 헝겊을 적셔서 코와 입을 막은 후에 몸을 낮추고 그리고 나서 어 화재가 어 어느 정도 발생했는지가 더 중요한 데 화제가 좀 심각한 상황이면 그렇게 하겠고 심각한 상황이 아니라면 먼저 동료들에게 대피나 대피를 할 수 있는 그 곳 이란 이런 걸 잘 알고 있는지 큰소리로 외쳐서 먼저 알려주겠습니다. 알려주고 다 같이 대피할 수 있는 상황이 됐는 확인한 다음에 안전하게 움직이는 방향으로 하겠죠. 신고와 알림이 정보 알림 어떤 부분 어디에 대피 구역이 있고 어떤 식으로 움직여야 되는지를 먼저 파악해서 알려주는 걸 먼저 하겠습니다. 어 외부의 신고는 우선이고요 당연히. 그리고 나서 저의 안전을 담보하고 가장 가장 안전한 방식으로 아마 움직일 것 같습니다. 어 고립된 사람이 있는지 그런 걸 확인하는 것도 중요하겠지만 상황이 그런 상황이 될지는 잘 모르겠고 일단은 안전하게 움직이도록 최선을 다할 것입니다.","wordCount":154},"emotion":[],"intent":[{"text":"","expression":"","category":"attitude"}],"summary":{"text":"신고와 알림이 정보 알림 어떤 부분 어디에 대피 구역이 있고 어떤 식으로 움직여야 되는지를 먼저 파악해서 알려주는 걸 먼저 하겠습니다. 외부의 신고는 우선이고 그리고 저의 안전을 담보하고 가장 안전한 방식으로 움직일 것 같습니다. 고립된 사람이 있는지 그런 걸 확인하는 것도 중요하겠지만 일단 안전하게 움직이도록 최선을 다할 것입니다.","wordCount":47}}},"rawDataInfo":{"question":{"fileFormat":"wav","fileSize":245838,"duration":7680,"samplingBit":16,"channelCount":1,"samplingRate":"16kHz","audioPath":"/Mock/03.PublicService/Female/Experienced/ckmk_q_ps_f_e_186014.wav"},"answer":{"fileFormat":"wav","fileSize":2633678,"duration":82300,"samplingBit":16,"channelCount":1,"samplingRate":"16kHz","audioPath":"/Mock/03.PublicService/Female/Experienced/ckmk_a_ps_f_e_186014.wav"}}}