{"version":"1.0","dataSet":{"info":{"date":"20230116","occupation":"PS","channel":"MOCK","place":"ONLINE","gender":"FEMALE","ageRange":"45-54","experience":"EXPERIENCED"},"question":{"raw":{"text":"어 만약 지원자님께서 께임 속 캐릭터라고 한다면 본인이 그 어떤 께임에서 또 어떤 역할을 하고 싶은지 그러한 것들을 상세하게 묘사해 주시기를 바랍니다","wordCount":22},"emotion":[],"intent":[]},"answer":{"raw":{"text":"네 저는 게임을 많이 좋아하지는 않구요. 그런데 이제 저희 아이들이 하는 게임을 옆에서 지켜보고 간혹 이제 하다 보면 그 카트라이더 차 운전하는 게임이 있습니다. 제가 좀 겁이 많아서 운전 면허는 있지만 그 운전을 그렇게 능숙하게 하지는 못하거든요. 할 수는 있는데 좀 서울 시내에는 차도 막고 하다 보니 좀 겁도 많고 이래서 그걸 보면서 어 좀 가슴 후련하다는 느낌을 많이 받았기 때문에 그 안에 카트라이더 게임 속에 들어가서 그 운전을 좀 재미있게 해보고 싶습니다. 속도도 내보고 또 여러 가지 뭐 추월도 해보고 하면서 예 좀 그런 스트레스를 없앨 수 있는 예 그런 게임을 좀 해보고 싶습니다.","wordCount":95},"emotion":[],"intent":[{"text":"","expression":"","category":"attitude"}],"summary":{"text":"카트라이더라는 게임을 하면서 운전 면허는 있지만 운전은 능숙하게 할 수 없다는 것을 알게 되었습니다. 카트라이더를 통해 운전을 좀 재미있게 해보고 싶습니다.","wordCount":21}}},"rawDataInfo":{"question":{"fileFormat":"wav","fileSize":507886,"duration":15869,"samplingBit":16,"channelCount":1,"samplingRate":"16kHz","audioPath":"/Mock/03.PublicService/Female/Experienced/ckmk_q_ps_f_e_229234.wav"},"answer":{"fileFormat":"wav","fileSize":1878158,"duration":58690,"samplingBit":16,"channelCount":1,"samplingRate":"16kHz","audioPath":"/Mock/03.PublicService/Female/Experienced/ckmk_a_ps_f_e_229234.wav"}}}