{"version":"1.0","dataSet":{"info":{"date":"20230116","occupation":"PS","channel":"MOCK","place":"ONLINE","gender":"FEMALE","ageRange":"55-","experience":"EXPERIENCED"},"question":{"raw":{"text":"고객을 응대할 때 발생하는 스트레스를 해소하기 위해서 본인만의 노하우를 설명해 주시겠습니까","wordCount":11},"emotion":[],"intent":[]},"answer":{"raw":{"text":"스트레스 해소요 스트레스. 음악 듣는 것 같은데 저는. 네 음악 들어요 제가 좋아하는 음악. 저 요즘에는 전 트로트는 안 들어요. 네 그러니까 들었었는데 요즘엔 안 들어요. 뭔가 또 너무 이게 또 모르겠어요 그 분위기를 만드는 것 같아서 조금 나이대가 있는 사람이 운영하는 가게 샵에 계속 트로트가 나오니까 그 그 공간의 분위기를 제가 뭔가 먼저 조장해버리는 느낌이 들어서 어 요즘 요즘 사람 요즘 친구들 그 음악도 틀고 아니면 저는 아예 그런 클래식도 틀고 그래요. 네 그래도 그 조금 신나는 신나는 조금 유명한 클래식 곡들 중에 간혹 이제 빠른 그런 느낌에 신나는 곡들도 있더라고요. 그래서 그거 틀으면 그래도 마음이 차분해지고 나름 신나고 기분 전환이 되던데요 그래도. 그 그렇게 푸는 것 같아요 음악 들으면서.","wordCount":111},"emotion":[],"intent":[{"text":"","expression":"","category":"attitude"}],"summary":{"text":"요즘에는 트로트가 아닌 클래식 음악을 듣고 있습니다. 클래식 음악을 틀면 마음이 차분해지고 신나고 기분 전환도 되면서 스트레스도 해소되는 것 같습니다.","wordCount":20}}},"rawDataInfo":{"question":{"fileFormat":"wav","fileSize":379278,"duration":11850,"samplingBit":16,"channelCount":1,"samplingRate":"16kHz","audioPath":"/Mock/03.PublicService/Female/Experienced/ckmk_q_ps_f_e_179692.wav"},"answer":{"fileFormat":"wav","fileSize":2813518,"duration":87920,"samplingBit":16,"channelCount":1,"samplingRate":"16kHz","audioPath":"/Mock/03.PublicService/Female/Experienced/ckmk_a_ps_f_e_179692.wav"}}}