{"version":"1.0","dataSet":{"info":{"date":"20230116","occupation":"PS","channel":"MOCK","place":"ONLINE","gender":"FEMALE","ageRange":"35-44","experience":"EXPERIENCED"},"question":{"raw":{"text":"지원자님께서 개인적으로 공부를 어떻게 하시는지 말씀해 주시기 바랍니다 강의나 책을 활용한 공부를 말씀해 주시는 것도 좋습니다","wordCount":16},"emotion":[],"intent":[]},"answer":{"raw":{"text":"제가 개인적으로 어떻게 공부하는지 얘기를 하자면 저는 강의나 책을 통해서 공부를 하는 편인데 요새는 밀리의서재나 또 어 유투브 강의나 또 어 유료로 결제할 수 있는 그런 강의들이 많이 있는데 어 저는 주로 음 책을 읽을 때는 책을 읽고 나서 중요한 부분이나 제가 감명 깊게 읽은 부분 제가 그런 부분에 대해서 메모를 하는 편입니다. 그래서 메모를 해서 그것들을 모아서 나중에 활용을 하고 제가 그 당시에 느꼈던 점들을 음 기록을 합니다. 그래서 그렇게 되면 어 더 많이 기억에 남고 그것들이 나중에 중요한 자료로 쓸 수 있기 때문에 그것들이 어 제 제 삶에 많은 중요한 부분으로 어 피와 살이 되는 그런 자료가 될 수 있습니다. 그리고 저는 어 요새 어 유튜브나 유튜브를 통해서 아이를 키우는 어 모습들에 대해 어 방법에 대해서 어 많이 배우는 편인데 음 대학 교수들이나 또 엄마를 키우는 그런 엄마들이 실질적으로 어 이론적인 배경이라든지 아니면 실제 가진 경험을 가지고 그것들을 실질적으로 공유를 하기 때문에 어 그것들을 음 많이 참고를 하는 편이고 어 그것들을 제가 가지고 있는 생각들에 비추어서 맞는지 어 적용을 해보고 그것들이 정말 맞고 어 활용이 된다면 그것들을 어 적용을 하는 편입니다.","wordCount":173},"emotion":[],"intent":[{"text":"","expression":"","category":"attitude"}],"summary":{"text":"강의나 책을 통해서 공부를 하는 편인데 책을 읽고 나서 중요한 부분이나 감명 깊게 읽은 부분에 대해서 메모를 해서 그것을 모아서 나중에 활용을 하고 느꼈던 점들을 기록을 하게 되면 더 많이 기억에 남고 그것들이 나중에 중요한 자료로 쓰일 수 있기 때문에 제 삶에 많은 중요한 부분으로 피와 살이 되는 자료가 될 수 있습니다.","wordCount":52}}},"rawDataInfo":{"question":{"fileFormat":"wav","fileSize":558478,"duration":17450,"samplingBit":16,"channelCount":1,"samplingRate":"16kHz","audioPath":"/Mock/03.PublicService/Female/Experienced/ckmk_q_ps_f_e_234083.wav"},"answer":{"fileFormat":"wav","fileSize":3854158,"duration":120440,"samplingBit":16,"channelCount":1,"samplingRate":"16kHz","audioPath":"/Mock/03.PublicService/Female/Experienced/ckmk_a_ps_f_e_234083.wav"}}}