{"version":"1.0","dataSet":{"info":{"date":"20230116","occupation":"PS","channel":"MOCK","place":"ONLINE","gender":"FEMALE","ageRange":"35-44","experience":"EXPERIENCED"},"question":{"raw":{"text":"만약 타 부서와 갈등 상황이 발생한다면 어떻게 해결하실 건가요 상황을 가정하고 가능한 구체적으로 해결법을 말씀해 주세요","wordCount":16},"emotion":[],"intent":[]},"answer":{"raw":{"text":"타 부서와 갈등 상황이 발생한다면 어떻게 해결할지 상황을 가정해서 이야기를 하자면 어 타 부서와 갈등 상황이 발생하는 것은 업무가 분단이 제대로 이뤄지지 않았을 경우에 많이 발생을 한다고 생각을 합니다. 그래서 어 월초나 아니면 연초에 계획을 할 때 업무 분단을 어 좀 더 세부적으로 어 진행을 하고 또 월초나 연초에 정기적으로 교육을 통해서 어 팀 스스로가 음 팀 스스로와 또 그 단체 스스로가 그것들을 자발적으로 진행할 수 있도록 성과급을 많이 지원하는 것이 중요하다고 생각합니다. 그래서 사람들에게 어 스스로 그것들을 어 적극적으로 음 자기 팀에서 음 발생한 일들이나 다른 일들에 대해서 도움을 줄 때 그것들이 어 전체에 이익에 음 이익을 극대화 할 수 있다는 것을 인식을 시켜주기 위해서 어 성과급을 지원을 해주고 또 정기적으로 교육을 통해서 어 회사 전체에 미칠 수 있는 그런 이익들에 대해서 어 교육을 받는 것이 중요하다고 생각합니다. 그리고 음 어 그리고 연초에 어 업무 분단을 더 자세하게 해야 하고 업무 분단이 어 정확하게 이루어진 상태에서 숙지를 하고 그것들을 어 경력자가 신입 사람들을 교육을 시킴으로써 음 그것들이 세분화되어 그것들이 잘 진행될 수 있도록 해야 합니다.","wordCount":166},"emotion":[],"intent":[{"text":"","expression":"","category":"attitude"}],"summary":{"text":"타 부서와 갈등 상황이 발생하는 것은 업무 분단이 제대로 이뤄지지 않았을 경우에 많이 발생합니다. 그래서 월초나 연초에 계획을 할 때 업무 분단을 더 세부적으로 진행하고, 정기적인 교육을 통해 자발적으로 진행할 수 있도록 성과급을 많이 지원하는 것이 중요합니다. 또한, 연초에 업무를 더 자세하게 하고, 경력자가 신입 사람들을 교육시켜 그것들이 잘 진행될 수 있도록 해야 합니다.","wordCount":54}}},"rawDataInfo":{"question":{"fileFormat":"wav","fileSize":609998,"duration":19060,"samplingBit":16,"channelCount":1,"samplingRate":"16kHz","audioPath":"/Mock/03.PublicService/Female/Experienced/ckmk_q_ps_f_e_236127.wav"},"answer":{"fileFormat":"wav","fileSize":3825998,"duration":119560,"samplingBit":16,"channelCount":1,"samplingRate":"16kHz","audioPath":"/Mock/03.PublicService/Female/Experienced/ckmk_a_ps_f_e_236127.wav"}}}