{"version":"1.0","dataSet":{"info":{"date":"20230116","occupation":"PS","channel":"MOCK","place":"ONLINE","gender":"FEMALE","ageRange":"-34","experience":"EXPERIENCED"},"question":{"raw":{"text":"일을 하다가 만약에 상사에게 어려운 지시를 받게 될 수도 있습니다 이런 경우에는 어떻게 하실 건가요 그리고 그렇게 하시는 이유도 함께 말씀해 주시길 바랍니다","wordCount":23},"emotion":[],"intent":[]},"answer":{"raw":{"text":"어 저는 제가 할 수 있는 일인지 아닌 일인지를 우선 판단을 좀 빠르게 할 것 같기는 한데 어쨌든 뭐 일을 하는 곳이니까 상사가 주는 그 일에 대해서 수행하려고 일단 노력을 할 것 같애요. 그런데 만약에 좀 애매하고 제가 정말 해결할 수 없을 정도로 어려운 것이라면 그 상사에게 다시 연락을 해야겠죠. 그래서 저랑 같이 이제 비슷한 사람들과 의견을 구해서 제가 할 수도 있겠지만 어쨌든 상사에게 받은 지시 같은 경우는 모르는 게 있을 때도 그 상사한테 직접 물어봐야 되고 어 모든 일 처리 중에 애매한 것들은 다 상사랑 소통을 해야 한다고 생각을 하는 편입니다. 그래야지 그 일이 뭔가 사공이 많아서 갑자기 뜬금없이 막 산으로 가고 이러지 않는 그런 효과를 좀 기출 수 있는 것 같더라고요. 그래서 뭐 그 상사분이 저를 답답해 하더라도 계속 그분과 소통을 하면서 일을 진행할 것 같습니다.","wordCount":128},"emotion":[],"intent":[{"text":"","expression":"","category":"attitude"}],"summary":{"text":"모든 일 처리 중에 애매한 것들은 상사와 소통을 해야 한다고 생각을 합니다. 그래야 일이 갑자기 산으로 가지 않는 효과가 있습니다. 그래서 계속 소통을 하면서 일을 진행할 것 같습니다.","wordCount":28}}},"rawDataInfo":{"question":{"fileFormat":"wav","fileSize":425678,"duration":13300,"samplingBit":16,"channelCount":1,"samplingRate":"16kHz","audioPath":"/Mock/03.PublicService/Female/Experienced/ckmk_q_ps_f_e_205355.wav"},"answer":{"fileFormat":"wav","fileSize":2462798,"duration":76960,"samplingBit":16,"channelCount":1,"samplingRate":"16kHz","audioPath":"/Mock/03.PublicService/Female/Experienced/ckmk_a_ps_f_e_205355.wav"}}}