{"version":"1.0","dataSet":{"info":{"date":"20230116","occupation":"PS","channel":"MOCK","place":"ONLINE","gender":"FEMALE","ageRange":"35-44","experience":"EXPERIENCED"},"question":{"raw":{"text":"어 지원자님께서 본인의 전공과 관련해서 부족하다고 느끼는 부분이 있을텐데요 그 부분에서 따로 공부를 하고 계신 분야가 있으신가요","wordCount":17},"emotion":[],"intent":[]},"answer":{"raw":{"text":"어 제가 전정공과 관련해서 최근에 부족하다고 느끼고 따로 공부하는 분야가 있다면 저는 영어를 가르치고 있는데 어 스피킹 실력을 어 형상을 하는 그런 어 커리큘럼을 공부를 하고 있습니다. 제가 영어를 어 가르치고 있기 하지만 제가 프리토킹을 하기 위해서 음 방과후 학교를 개설을 하고 어 학생들을 모집하려고 계획을 하고 있는데 제가 어 스피킹에 대한 강의는 해보지 않아서 제가 그것들을 자료를 모으고 또 어떻게 하면 재미있고 또 쉽게 가르칠 수 있는지 그런 것들에 대한 공부를 하고 있고 그 제가 또 학습 어 생활 지도에 대한 부분을 어 따로 온라인 강의를 듣고 있는데 어 학생들을 어 생활을 어떻게 지도해야 하는지 뭐 수업 분위기를 어 좋게 하고 또 어 한 목표를 향해서 그 분위기가 어 학습 분위기가 똘똘 뭉쳐지는 분위기로 갈 수 있는지 어 반 분위기가 어떻게 어 실력의 향상에 도움이 될 수 있는지 그런 학습 지도와 또 생활 지도에 대한 부분을 어 공부를 많이 하고 있습니다. 음 왜냐하면 제가 어 어 학 초등학교에서 일을 할 때 어 외국인이 많지 않 어 외국인 학생들이 많지 않아도 어 학습 분위기와 또 학생 생활 지도를 잘하는 선생님들이 성적이 가장 높았던 것을 보고 의아해 해서 생활 지도에 대한 부분을 어 잘 할 수 있도록 도와줘야 한다고 생각을 했습니다. 그리고 문법에 대한 이해도가 어 약간 와 설명을 할 때 오차가 있어서 그것들을 연습을 집에서 많이 하고 있습니다.","wordCount":208},"emotion":[],"intent":[{"text":"어 제가 전정공과 관련해서 최근에 부족하다고 느끼고 따로 공부하는 분야가 있다면 저는 영어를 가르치고 있는데 어 스피킹 실력을 어 형상을 하는 그런 어 커리큘럼을 공부를 하고 있습니다.","expression":"c_imp","category":"personality"}],"summary":{"text":"저는 영어를 가르치고 있지만 프리토킹을 하기 위해서 방과후 학교를 개설하고 학생들을 모집할 계획을 하고 있고, 생활 지도에 대한 부분을 따로 온라인 강의를 듣고 있는데 학습 분위기가 뭉쳐지는 분위기가 실력의 향상에 도움이 될 수 있는 방법을 공부를 많이 하고 있습니다. 그리고 문법에 대한 이해도가 약간 와 설명에 오차가 있어서 그것들을 집에서 많이 연습하고 있습니다","wordCount":53}}},"rawDataInfo":{"question":{"fileFormat":"wav","fileSize":490958,"duration":15340,"samplingBit":16,"channelCount":1,"samplingRate":"16kHz","audioPath":"/Mock/03.PublicService/Female/Experienced/ckmk_q_ps_f_e_241717.wav"},"answer":{"fileFormat":"wav","fileSize":3802318,"duration":118820,"samplingBit":16,"channelCount":1,"samplingRate":"16kHz","audioPath":"/Mock/03.PublicService/Female/Experienced/ckmk_a_ps_f_e_241717.wav"}}}