{"version":"1.0","dataSet":{"info":{"date":"20230116","occupation":"PS","channel":"MOCK","place":"ONLINE","gender":"FEMALE","ageRange":"45-54","experience":"EXPERIENCED"},"question":{"raw":{"text":"일을 하다 보면 고객을 응대할 일이 많이 있을 겁니다 고객 응대에 필요한 세 가지를 말씀해 보시고 이유도 함께 말씀해 주세요","wordCount":20},"emotion":[],"intent":[]},"answer":{"raw":{"text":"고객을 응대할 때에는 가장 중요한 것은 경청과 그리고 친절 그리고 빠른 대응 이렇게 세 가지를 꼽아보고 싶습니다. 일단 고객을 대할 때 그 고객이 어 고객의 요구 사항에 대해서 직원인 제가 어 경청하고 있고 그 경청을 통해서 충분히 이해를 하려고 노력하고 있다는 태도를 보여주는 것이 중요하고 그 과정에서 매우 이해를 위해 노력하고 어 그리고 충분히 고객님의 이야기를 잘 듣고 있다는 친절한 태도로 어 일관돼야 될 것입니다. 그래서 어 고객 입장에서는 아 내 의견이 충분히 받아들여지고 있구나 나 내 말을 잘 듣고 있구나 친절한 태도로 어 나를 대하고 있구나 라는 그런 존중받는다는 느낌을 받아야 될 것이고 그 이후에 그 니즈에 대해서 고객의 요구에 대해서 빠른 대응을 어 하고 있다는 것을 바로 보여줄 필요가 있습니다. 그렇게 하면 아 내가 제대로 된 서비스를 받고 있구나 라는 어 그런 생각을 고객이 하게 될 테고 그렇게 하면서 어 회사의 서비스 으 전체가 아 잘되고 있다 라는 인상을 받게 될 것입니다.","wordCount":144},"emotion":[],"intent":[{"text":"고객을 응대할 때에는 가장 중요한 것은 경청과 그리고 친절 그리고 빠른 대응 이렇게 세 가지를 꼽아보고 싶습니다.","expression":"p_cus_belief","category":"technology"},{"text":"일단 고객을 대할 때 그 고객이 어 고객의 요구 사항에 대해서 직원인 제가 어 경청하고 있고 그 경청을 통해서 충분히 이해를 하려고 노력하고 있다는 태도를 보여주는 것이 중요하고 그 과정에서 매우 이해를 위해 노력하고 어 그리고 충분히 고객님의 이야기를 잘 듣고 있다는 친절한 태도로 어 일관돼야 될 것입니다.","expression":"p_cus_belief","category":"technology"},{"text":"그래서 어 고객 입장에서는 아 내 의견이 충분히 받아들여지고 있구나 나 내 말을 잘 듣고 있구나 친절한 태도로 어 나를 대하고 있구나 라는 그런 존중받는다는 느낌을 받아야 될 것이고 그 이후에 그 니즈에 대해서 고객의 요구에 대해서 빠른 대응을 어 하고 있다는 것을 바로 보여줄 필요가 있습니다.","expression":"p_cus_belief","category":"technology"},{"text":"그렇게 하면 아 내가 제대로 된 서비스를 받고 있구나 라는 어 그런 생각을 고객이 하게 될 테고 그렇게 하면서 어 회사의 서비스 으 전체가 아 잘되고 있다 라는 인상을 받게 될 것입니다.","expression":"p_cus_belief","category":"technology"}],"summary":{"text":"고객을 응대할 때 가장 중요한 것은 경청과 친절 그리고 빠른 대응입니다. 경청을 통해 고객의 요구 사항을 충분히 이해하려고 노력하고 있다는 태도를 보여주는 것이 중요합니다. 그리고 친절한 태도로 일관돼야 합니다. 그 후에는 고객의 요구에 대해 빠른 대응을 하고 있다는 것을 보여줄 필요가 있습니다.","wordCount":42}}},"rawDataInfo":{"question":{"fileFormat":"wav","fileSize":652878,"duration":20400,"samplingBit":16,"channelCount":1,"samplingRate":"16kHz","audioPath":"/Mock/03.PublicService/Female/Experienced/ckmk_q_ps_f_e_224489.wav"},"answer":{"fileFormat":"wav","fileSize":2540558,"duration":79390,"samplingBit":16,"channelCount":1,"samplingRate":"16kHz","audioPath":"/Mock/03.PublicService/Female/Experienced/ckmk_a_ps_f_e_224489.wav"}}}