{"version":"1.0","dataSet":{"info":{"date":"20230116","occupation":"PS","channel":"MOCK","place":"ONLINE","gender":"FEMALE","ageRange":"55-","experience":"EXPERIENCED"},"question":{"raw":{"text":"대한민국의 금융 정책 기관으로서 우리 신용보증기금이 허가되어야 할 업무 영역이 어떤 것이라고 생각하시나요 지원자님의 생각이 궁금합니다","wordCount":16},"emotion":[],"intent":[]},"answer":{"raw":{"text":"신용보증기금은 우리의 개인이나 법인의 기업들이 자신들의 어 사업을 저 발전시키고 어려운 그 기금을 마련하기 위한에 이 외 마련하기 위하여 더욱더 보증을 해줄 수 있는 환경을 만들어주는 것이라고 생각합니다. 특히 요새는 청년 스타트업 기업들도 많고 중소기업을 위한 신용보증기금을 많이 이용할 수 있도록 해 주었으면 좋겠습니다. 어려운 중소기업과 어 작은 소규모 스타우터업 창업자들에게 어 새롭게 출발할 수 있는 어 대출 기금을 조성해 준다면 신용보증금의 역할이 제일 큰 성과를 보리라고 생각합니다.","wordCount":68},"emotion":[],"intent":[{"text":"","expression":"","category":"attitude"}],"summary":{"text":"신용보증기금은 개인이나 법인의 기업들이 사업을 발전시키고 어려운 기금을 마련하기 위하여 더욱더 보증을 해 줄 수 있는 환경을 만들어주는 것입니다.","wordCount":19}}},"rawDataInfo":{"question":{"fileFormat":"wav","fileSize":455118,"duration":14220,"samplingBit":16,"channelCount":1,"samplingRate":"16kHz","audioPath":"/Mock/03.PublicService/Female/Experienced/ckmk_q_ps_f_e_244959.wav"},"answer":{"fileFormat":"wav","fileSize":1986638,"duration":62080,"samplingBit":16,"channelCount":1,"samplingRate":"16kHz","audioPath":"/Mock/03.PublicService/Female/Experienced/ckmk_a_ps_f_e_244959.wav"}}}