{"version":"1.0","dataSet":{"info":{"date":"20230116","occupation":"PS","channel":"MOCK","place":"ONLINE","gender":"FEMALE","ageRange":"-34","experience":"EXPERIENCED"},"question":{"raw":{"text":"동물 실험이 인간에게 주는 이익이 무엇인지 말씀해 보세요 그리고 동물 실험에 대한 지원자님의 생각도 궁금합니다","wordCount":15},"emotion":[],"intent":[]},"answer":{"raw":{"text":"동물 실험이 인간에게 주는 이익은 굉장히 많다 라고 생각이 듭니다. 우리가 샴푸를 쓰면서도 눈에 들어가도 멀쩡한 것은 그런 토끼들을 이용해서 샴푸 테스트를 한다고 하더라고요. 눈에 이제 이런 액체를 넣었을 때 충혈이 되는지 실명이 되는지 이런 식으로 그런 실험을 통한 다음에 안정성을 획득해야 이제 사람에게 쓸 수 있다고 저는 알고 있습니다. 그래서 저희로 인해서 죄 없는 그런 말도 못 하는 동물들이 희생되고 있다. 그래서 사람들은 거기에서 많은 것을 얻고 있다 라고 생각을 하고요. 그리고 동물 실험에 대해서는 저는 반대하는 입장입니다. 왜냐하면 누군가의 편의를 위해서 죄 없는 그런 생물들이 목숨을 있는다는 것은 굉장히 비윤리적이라고 생각하기 때문인데요. 그래서 최대한 비건 제품을 사용하려고 하고 만약 그렇지 못한다고 하는 경우에는 굉장히 감사한 마음을 가지고 이제 쓰고 있고 최대한 그 제품을 사지 않으려고 노력하는 편입니다. 그래서 실제로 많은 것들이 그런 비건 제품으로 바뀌어졌었고요. 그런 것들에 대해서 주변 사람들한테 알리는 형식으로 네 지금 저는 지내고 있고 결론적으로 제가 말씀드릴 수 있는 건 반대다 라고 이야기할 수 있을 것 같습니다.","wordCount":152},"emotion":[],"intent":[{"text":"","expression":"","category":"attitude"}],"summary":{"text":"동물 실험이 인간에게 주는 이익은 굉장히 많습니다. 누군가의 편의를 위해서 죄 없는 생물들이 목숨을 있다는 것은 굉장히 비윤리적이라고 생각하기 때문에 최대한 비건 제품을 사용하려고 하고, 실제로 많은 것들이 그런 비건 제품으로 바뀌어졌었습니다. 주변 사람들한테 알리는 형식으로 지내고 있습니다. 결론적으로 제가 말할 수 있는 건 반대다 라고 말할 수 있을 것 같습니다.","wordCount":51}}},"rawDataInfo":{"question":{"fileFormat":"wav","fileSize":367118,"duration":11470,"samplingBit":16,"channelCount":1,"samplingRate":"16kHz","audioPath":"/Mock/03.PublicService/Female/Experienced/ckmk_q_ps_f_e_195853.wav"},"answer":{"fileFormat":"wav","fileSize":2697038,"duration":84280,"samplingBit":16,"channelCount":1,"samplingRate":"16kHz","audioPath":"/Mock/03.PublicService/Female/Experienced/ckmk_a_ps_f_e_195853.wav"}}}