{"version":"1.0","dataSet":{"info":{"date":"20230116","occupation":"PS","channel":"MOCK","place":"ONLINE","gender":"FEMALE","ageRange":"45-54","experience":"EXPERIENCED"},"question":{"raw":{"text":"네 팀으로 일할 수도 있고 또 혼자 일할 수도 있겠는데요 어 그 둘 중에 지원자님은 어떤 것을 더 선호하시는지요 또 왜 그렇게 선호하는지 이유도 함께 말씀해 주시기 바랍니다","wordCount":28},"emotion":[],"intent":[]},"answer":{"raw":{"text":"팀으로 일하는 것과 혼자 일하는 것 중 뭐를 더 선호하는지 질문하셨는데 어 둘 다 어느정도 어 비슷한 편입니다. 하지만 더 선호하는 것을 고르자면 혼자 일하는 시간을 시간이 주어지는 부분을 더 효율적으로 일하는 편입니다. 어 일단 한 번 시작하면 속도나 열정적인 면에서 다른 사람보다 조금 더 앞서가기 때문에 혼자 일할 때 처리해 내는 업무량이 더 월등히 좋은 편입니다. 하지만 혼자 일하는 것만으로 모든 것이 해결될 수 없기 때문에 저는 혼자 일하는 것에 비중을 좀 둔 어 혼자 일하는 분량들이 확실하게 정해져 있는 협업이 저에게 개인적으로 맞습니다. 협업하면서 제가 일한 부분을 가지고 동료들이 함께 일해 낸 작업들과 함께 그 모든 결과를 같이 놓고 그것을 가지고 협업을 하는 것까지 한다면 좀 더 완벽해질 거라고 생각하고 혼자 일할 때 효율성이 높은 것은 맞지만 혼자 일하는 것으로 모든 걸 완벽하게 처리할 수 있다는 또 확신은 없기 때문에 같이 어 개인적인 시간이 충분히 주어지고 개인적인 작업이 구분이 확실히 되면서 팀으로 협업하는 것이 좋습니다.","wordCount":147},"emotion":[],"intent":[{"text":"협업하면서 제가 일한 부분을 가지고 동료들이 함께 일해 낸 작업들과    함께 그 모든 결과를 같이 놓고 그것을 가지고 협업을 하는 것까지 한다면 좀 더 완벽해질 거라고 생각하고   혼자 일할 때 효율성이 높은 것은 맞지만 혼자 일하는 것으로 모든 걸 완벽하게 처리할 수 있다는 또 확신은 없기 때문에 같이   어 개인적인 시간이 충분히 주어지고 개인적인 작업이 구분이 확실히 되면서 팀으로 협업하는 것이 좋습니다.","expression":"c_cop","category":"personality"}],"summary":{"text":"팀 작업과 혼자 일하는 것 중 선호하는 것을 고르라면 혼자 일하는 시간을 더 효율적으로 일하는 편입니다. 일단 시작하면 다른 사람보다 조금 더 앞서가기 때문에 혼자 일할 때 처리해 내는 업무량이 더 월등히 좋은 편이지만 혼자 일하는 시간들이 확실하게 정해져 있는 협업이 개인적으로 맞습니다.","wordCount":43}}},"rawDataInfo":{"question":{"fileFormat":"wav","fileSize":551758,"duration":17240,"samplingBit":16,"channelCount":1,"samplingRate":"16kHz","audioPath":"/Mock/03.PublicService/Female/Experienced/ckmk_q_ps_f_e_185833.wav"},"answer":{"fileFormat":"wav","fileSize":2597198,"duration":81160,"samplingBit":16,"channelCount":1,"samplingRate":"16kHz","audioPath":"/Mock/03.PublicService/Female/Experienced/ckmk_a_ps_f_e_185833.wav"}}}