{"version":"1.0","dataSet":{"info":{"date":"20230116","occupation":"PS","channel":"MOCK","place":"ONLINE","gender":"FEMALE","ageRange":"55-","experience":"EXPERIENCED"},"question":{"raw":{"text":"지원자님께서는 스스로 창의적으로 어떤 문제를 해결한 경험이 있나요 있다면 그 과정에 대해 최대한 자세히 설명해 주시기 바랍니다","wordCount":17},"emotion":[],"intent":[]},"answer":{"raw":{"text":"저는 대부분의 시 기간을 사회복지와 관련된 비영리 단체에서 일을 하였습니다. 하여 교육과 연수에 관한 프로젝트를 정부의 어 프로 퍼즐을 내어서 그 프로젝터를 어 일 년 여 동안 수행하는 그런 일을 많이 해 왔습니다. 그래서 모든 프로젝트가 다른 사람이 하지 않는 창의적인 아이디어를 내어서 어 우리 회원들 일 뿐만이 아니라 서울시민 그리고 전국 단위에 어 단체들을 위해서 하는 아이디어를 낸 것이 많이 있습니다. 예를 들자면 쓰레기 종량제에 어 회원들에게 캠페인과 교육을 통해서 그 인식 개선 사업을 했었고요. 대부분의 인식개선 사업을 통해서 현재의 쓰레기 종량제 라는 제도가 어 설 그 제도를 확실하게 어 세팅하는 데 큰 노력을 하였다고 생각합니다.","wordCount":97},"emotion":[],"intent":[{"text":"저는 대부분의 시 기간을 사회복지와 관련된 비영리 단체에서 일을 하였습니다.","expression":"c_private","category":"background"}],"summary":{"text":"저는 대부분의 시간을 사회복지와 관련된 비영리 단체에서 일했습니다. 하여 교육과 연수에 관한 프로젝트를 정부의 어 프로 퍼즐을 내어서 그 프로젝터를 어 일 년 여 동안 수행하는 일을 많이 했습니다.","wordCount":29}}},"rawDataInfo":{"question":{"fileFormat":"wav","fileSize":431438,"duration":13480,"samplingBit":16,"channelCount":1,"samplingRate":"16kHz","audioPath":"/Mock/03.PublicService/Female/Experienced/ckmk_q_ps_f_e_240106.wav"},"answer":{"fileFormat":"wav","fileSize":2322638,"duration":72580,"samplingBit":16,"channelCount":1,"samplingRate":"16kHz","audioPath":"/Mock/03.PublicService/Female/Experienced/ckmk_a_ps_f_e_240106.wav"}}}