{"version":"1.0","dataSet":{"info":{"date":"20230116","occupation":"PS","channel":"MOCK","place":"ONLINE","gender":"FEMALE","ageRange":"55-","experience":"EXPERIENCED"},"question":{"raw":{"text":"수익 창출 그리고 사회 공헌 이 중 더 중요하다 라고 생각하시는 가치는 어떤 것입니까 그리고 그 이유 또한 말씀해 주시기 바랍니다","wordCount":21},"emotion":[],"intent":[]},"answer":{"raw":{"text":"수익과 사회 공헌은 두 가지의 다른 토끼입니다. 제가 주식회사에서 일단 일을 한다면 수익을 일정 이상 올려야만 그 수익을 배분할 수 있는 사회 공헌으로 갈 수 있다고 생각합니다. 수익이 나지 않는 상황 상황에서 사회 공헌 쪽으로만 집중한다면 회사의 수익이 없으면 직원들의 급여와 회사 살림을 할 수 없기 때문에 일단은 수익이 일정 포인트에 올라가는 경우에 그 이후에 사회 공헌 서비스를 할 수 있도록 그 퍼센티지를 결정하고 거기에 어 올인하는 게 좋을 것 같다고 생각합니다. 두 가지 중 더 중요하다고 생각한다는 것은 수익이 어느 정도 일정 수준이 있을 때 나는 사회 공헌이 중요한 것이고요. 정말로 사회 공헌이 더 중요하다고 하는 경우에는 비영리 단체나 법인에서 본인이 후원금을 내서 사회 공헌을 할 수 있을 정도의 재력이 있을 때 그게 더 중요하다고 생각합니다.","wordCount":117},"emotion":[],"intent":[{"text":"","expression":"","category":"attitude"}],"summary":{"text":"수익과 사회 공헌은 두 가지의 다른 토끼입니다. 수익이 나지 않는 상황에서 사회 공헌 쪽에만 집중한다면 수익이 일정 포인트에 올라가는 경우에 그 이후에 사회 공헌 서비스를 할 수 있도록 그 퍼센티지를 결정하고 거기에 올인하는 게 좋다고 생각합니다.","wordCount":36}}},"rawDataInfo":{"question":{"fileFormat":"wav","fileSize":645838,"duration":20180,"samplingBit":16,"channelCount":1,"samplingRate":"16kHz","audioPath":"/Mock/03.PublicService/Female/Experienced/ckmk_q_ps_f_e_244855.wav"},"answer":{"fileFormat":"wav","fileSize":2406478,"duration":75200,"samplingBit":16,"channelCount":1,"samplingRate":"16kHz","audioPath":"/Mock/03.PublicService/Female/Experienced/ckmk_a_ps_f_e_244855.wav"}}}