{"version":"1.0","dataSet":{"info":{"date":"20230116","occupation":"PS","channel":"MOCK","place":"ONLINE","gender":"FEMALE","ageRange":"45-54","experience":"EXPERIENCED"},"question":{"raw":{"text":"지원자님의 의견을 주장하실 때 보통 강하게 주장하는 편이신가요 어떤 스타일로 본인의 의견을 주장하시는지 솔직하게 말씀해 주세요","wordCount":16},"emotion":[],"intent":[]},"answer":{"raw":{"text":"저는 팀 안에서 주장을 강하게 펼칠 때는 강한 편입니다. 어 하지만 논리적으로 조리 있게 강할려고 노력하지 뭐 어 쎄게 자신을 큰 목소리로 팀 전체가 깜짝 놀라게 어필을 하는 그런 편은 아니구요. 어 강하게 주장을 하되 논리와 근거를 제시할려고 노력합니다. 그래서 내 의견이 반드시 옳다면 반드시 받아들여지 졌으면 좋겠다 라는 그런 강한 신념을 가지고 얘기하고 있 얘기하는 편입니다. 하지만 이제 스타일 자체는 어 저 사람이 이야기 그 설득적이다 논리가 분명하구나를 어필하려고 노력하는 강한 주장을 펼치는 스타일이지 그냥 무조건적인 어 주장을 펼치는 편은 절대로 아니다 받아들여지지 않을 주장을 함부로 하지도 않습니다. 어 펼칠 때는 강한 주장을 하지만 수시로 강한 주장을 하는 스타일은 아닙니다.","wordCount":101},"emotion":[],"intent":[{"text":"저는 팀 안에서 주장을 강하게 펼칠 때는 강한 편입니다.","expression":"c_person","category":"background"},{"text":"어 펼칠 때는 강한 주장을 하지만   수시로 강한 주장을 하는 스타일은 아닙니다.","expression":"c_person","category":"background"}],"summary":{"text":"저는 팀 안에서 주장을 강하게 펼 때는 강한 편이지만 논리적으로 조리 있게 강한 주장을 하되 논리와 근거를 제시하려고 노력합니다. 그리고 제 의견이 반드시 옳다면 반드시 받아들여지 졌으면 좋겠다는 강한 신념을 가지고 얘기하는 편입니다.","wordCount":33}}},"rawDataInfo":{"question":{"fileFormat":"wav","fileSize":586318,"duration":18320,"samplingBit":16,"channelCount":1,"samplingRate":"16kHz","audioPath":"/Mock/03.PublicService/Female/Experienced/ckmk_q_ps_f_e_186166.wav"},"answer":{"fileFormat":"wav","fileSize":1997518,"duration":62420,"samplingBit":16,"channelCount":1,"samplingRate":"16kHz","audioPath":"/Mock/03.PublicService/Female/Experienced/ckmk_a_ps_f_e_186166.wav"}}}