{"version":"1.0","dataSet":{"info":{"date":"20230116","occupation":"PS","channel":"MOCK","place":"ONLINE","gender":"FEMALE","ageRange":"45-54","experience":"EXPERIENCED"},"question":{"raw":{"text":"네 기차가 좀 운행을 하다가 산사태로 인해서 삼십 분간 정차되는 상황이 발생할 수가 있는데 만약 이런 좀 급작스러운 상황에 어 지원자님께서 관리 책임의 위치에 있다면 어떻게 조치를 하실 건가요","wordCount":29},"emotion":[],"intent":[]},"answer":{"raw":{"text":"어 그까 기차 운행에 관리 책임의 위치에 있는 사람이고 근데 이제 산사태로 삼십 분 동안 정차가 되어 있다면 어 굉장히 뭐 당황되고 어 뭐 계속 일어나는 일이 아니기 때문에 그럴 수가 있지만 어 일단 그 기차다 보니 승객들이 있을 거고 그까 승객과 어 거기에 탄 그 직원들에 안전이 최우선일 것 같습니다. 그래서 직원들의 안전 승객의 안전을 우선으로 해서 어 처리를 할 것 같고 이제 다시 운행이 정차가 되었기 때문에 운행이 되어야 하기 때문에 그까 운행할 수 있는 그런 방법 방도를 빨리 알아봐야 될 것 같고 이런 부분들이 어 다 업무 매뉴얼에 있을 겁니다. 그 업무 매뉴얼 기준에 맞추어서 또 그 업무 매뉴얼만 고집을 하다가 내 책임회피를 하기 위해서 뭐 승객이나 직원들을 위험에 처하게 하거나 하지는 않기 않아야 되기 때문에 능동적으로 일단 그 업무 매뉴얼에 맞추어서는 하나 능동적으로 잘 효율성 있게 처리를 해야 된다고 생각합니다.","wordCount":134},"emotion":[],"intent":[{"text":"","expression":"","category":"attitude"}],"summary":{"text":"기차 운행 관리 책임의 위치에 있는 사람이 산사태로 정차되어 있다면 승객과 그 직원들에 안전이 최우선일 것 같습니다. 그래서 직원들의 안전 승객의 안전을 우선으로 처리를 할 것 같고 운행할 수 있는 방법을 빨리 알아봐야 될 것 같고 업무 매뉴얼에 있습니다.","wordCount":39}}},"rawDataInfo":{"question":{"fileFormat":"wav","fileSize":610638,"duration":19080,"samplingBit":16,"channelCount":1,"samplingRate":"16kHz","audioPath":"/Mock/03.PublicService/Female/Experienced/ckmk_q_ps_f_e_229239.wav"},"answer":{"fileFormat":"wav","fileSize":2816398,"duration":88010,"samplingBit":16,"channelCount":1,"samplingRate":"16kHz","audioPath":"/Mock/03.PublicService/Female/Experienced/ckmk_a_ps_f_e_229239.wav"}}}