{"version":"1.0","dataSet":{"info":{"date":"20230116","occupation":"PS","channel":"MOCK","place":"ONLINE","gender":"FEMALE","ageRange":"35-44","experience":"EXPERIENCED"},"question":{"raw":{"text":"어 창의성과 팀워크 중에 어 더 중요한 것은 무엇이라고 생각하시나요 그리고 그것을 더 중요하다고 생각하는 그 근거도 함께 말씀해 주시길 바랍니다","wordCount":21},"emotion":[],"intent":[]},"answer":{"raw":{"text":"음 저는 창의성과 팀워크 중에서 더 중요하게 생각하는 것은 팀웍이라고 생각을 합니다. 어 팀웍을 하면서 음 창의성을 발현을 할 수 있지만 창의성만 가진 혼자만의 개인은 어 더 좁은 시야를 가지고 일을 진행을 하게 될 수 밖에 없습니다. 어 요즘에는 팀워크가 중요한 사회이고 또 학교나 또 직장 생활 현장에서도 팀워크를 아주 중요하게 생각을 합니다. 그래서 어 혼자서 일을 진행을 하고 창의적이지만 어 팀워크를 통해서 음 더 많은 차원 높은 차원에서 그것들을 진행을 할 수 있기 때문입니다. 음 그래서 팀워크를 통해서 어 팀원 스스로가 개개인이 어 노력을 하고 또 그 속에서 시너지 효과를 많이 발생시킬 수 있기 때문에 개개인이나 또 팀 전체에 많은 긍정적인 영향을 줄 수 있습니다. 그래서 동기가 부족한 사람들이 어 동기가 많은 사람들에게 도움을 받고 또 사회성이 약간 떨어지는 사람들이 어 상대방을 도와주면서 그것들을 사회성을 키워나갈 수 있고 또 음 다른 성향을 가진 사람들이 어우러져서 어 목표 지향적인 사람 또 그것들을 빨리빨리 진행하는데 어 되는 사람 또 그것들을 꼼꼼하게 해내는 사람 다 모든 사람들이 어 누구 하나 할 것 없이 중요한 사람들이기 때문에 그 전체가 어 어우러져서 그것들을 진행을 하게 되면 서로 간에 윈윈 할 수 있는 그런 기회를 제공을 하기 때문입니다. 그래서 그것들이 서로 간 배울 수 있는 것이 많고 결과물 자체가 어 많은 사람들이 할 때 더 좋 좋습니다.","wordCount":202},"emotion":[],"intent":[{"text":"음 그래서 팀워크를 통해서 어 팀원 스스로가 개개인이 어 노력을 하고 또 그 속에서 시너지 효과를 많이 발생시킬 수 있기 때문에 개개인이나 또 팀 전체에 많은 긍정적인 영향을 줄 수 있습니다.","expression":"c_cop","category":"personality"}],"summary":{"text":"창의성과 팀워크 중 팀워크를 중요하게 생각합니다. 창의성만 가진 개인은 시야를 좁게 할 수 밖에 없습니다. 요즘은 팀워크가 중요한 사회이고, 학교나 직장 생활 현장에서도 중요시 합니다. 그래서 팀워크는 팀원 개개인이 노력을 하고 시너지 효과를 많이 발생시켜, 팀 전체에 긍정적인 영향을 줍니다. 그래서 그것들이 서로 간 배울 수 있는 것이 많고 결과물이 많은 사람들이 할 때 더 좋습니다.","wordCount":56}}},"rawDataInfo":{"question":{"fileFormat":"wav","fileSize":489038,"duration":15280,"samplingBit":16,"channelCount":1,"samplingRate":"16kHz","audioPath":"/Mock/03.PublicService/Female/Experienced/ckmk_q_ps_f_e_237501.wav"},"answer":{"fileFormat":"wav","fileSize":3854798,"duration":120460,"samplingBit":16,"channelCount":1,"samplingRate":"16kHz","audioPath":"/Mock/03.PublicService/Female/Experienced/ckmk_a_ps_f_e_237501.wav"}}}