{"version":"1.0","dataSet":{"info":{"date":"20230116","occupation":"PS","channel":"MOCK","place":"ONLINE","gender":"FEMALE","ageRange":"45-54","experience":"EXPERIENCED"},"question":{"raw":{"text":"지원자분께서 직무를 수행하심에 있어서 본인이 잘 모르는 과제가 등장했다고 가정해 봅시다 이와 같은 상황에서 본인은 어떠한 방식으로 그 문제를 해결하실 생각이신지 해결법과 이유를 얘기해 주세요","wordCount":25},"emotion":[],"intent":[]},"answer":{"raw":{"text":"제가 잘 모르는 과제가 등장했다면 일단 저는 어 이전에 저희 이전에 이 직무를 수행했던 이미 모아 놓은 자료들을 꼼꼼히 살피겠습니다. 어 그래서 어떤 식으로 직무가 이루어졌는지 자료를 통해서 먼저 숙지를 해야겠죠. 아주 자세히 꼼꼼하게 이해가 될 때까지 그리고 나서 어 거기에서 모르는 의문점이 있다면 이전에 이 과제를 수행했던 분에게 개인적으로 만남을 요청하고 질문을 하겠습니다. 그리고도 해결이 나지 않는다면 거기에 해결이 나지 않은 부분은 계속해서 그 정도 정보와 어 그 정도 내용을 제공해 준 앞에서 이미 일을 했던 분이 계시다면 거기에서 스탑하고 그 정도의 이해를 했으면 기본적인 이해만 갖췄다면 그 다음에는 정보의 바다에서 제가 검색을 하고 또 새로운 생각들을 끌어내서 그래서 주변 사람들에게 조언을 구하면서 최선을 다해서 모르는 직무를 알아낼려고 노력할 것입니다. 아마 잠도 줄여가면서 왜냐하면 일단 직무를 수행하기 시작했다면 저에게 맡겨진 일이라면 열심히 해서 할 수 있는 부분까지는 최선을 다해야 한다고 생각하기 때문에 어 도움도 받고 최선을 다해 정보도 검색해서 스스로 할려고 노력을 할 것입니다.","wordCount":145},"emotion":[],"intent":[{"text":"","expression":"","category":"attitude"}],"summary":{"text":"저는 이전에 이 직무를 수행했던 자료들을 꼼꼼히 살피고, 부족한 부분이 있다면 이 과제를 수행했던 분에게 개인적으로 만남을 요청하고 질문을 하겠습니다. 기본적인 이해만 갖췄다면 정보의 바다에서 검색을 하고 새로운 생각들을 끌어내서 조언을 구하며 최선을 다할 것입니다.","wordCount":35}}},"rawDataInfo":{"question":{"fileFormat":"wav","fileSize":614158,"duration":19190,"samplingBit":16,"channelCount":1,"samplingRate":"16kHz","audioPath":"/Mock/03.PublicService/Female/Experienced/ckmk_q_ps_f_e_186167.wav"},"answer":{"fileFormat":"wav","fileSize":2513358,"duration":78540,"samplingBit":16,"channelCount":1,"samplingRate":"16kHz","audioPath":"/Mock/03.PublicService/Female/Experienced/ckmk_a_ps_f_e_186167.wav"}}}