{"version":"1.0","dataSet":{"info":{"date":"20230116","occupation":"PS","channel":"MOCK","place":"ONLINE","gender":"FEMALE","ageRange":"-34","experience":"EXPERIENCED"},"question":{"raw":{"text":"지원자님의 십 년 후의 미래는 어떨 것 같으신가요 어 혹시 생각해보신 적이 있는지 어 그리고 또 그 십 년 후에도 계속 저희 회사에 다니고 계실 것 같은지 말씀해 주시기 바랍니다","wordCount":30},"emotion":[],"intent":[]},"answer":{"raw":{"text":"그럼요. 저의 계획은 은퇴할 때까지 이 일을 쭉 하는 것이기 때문에 십 년 후는 무조건 하고 있을 것 같구요. 제가 은퇴하는 나이를 상상한다면 그때까지 계속 그 일을 할 수 있을 것 같습니다. 이 일을. 그 계속 남고 싶은 것도 제 마 어떤 희망 중의 하나고 저는 그 은퇴를 기점으로 또 새로운 일을 좀 펼쳐보고 싶습니다.","wordCount":55},"emotion":[],"intent":[{"text":"","expression":"","category":"attitude"}],"summary":{"text":"저는 은퇴할 때까지 일을 계속할 것 같습니다. 계속 남고 싶은 것도 희망 중의 하나이고, 은퇴를 기점으로 새로운 일을 좀 펼쳐보고 싶습니다.","wordCount":21}}},"rawDataInfo":{"question":{"fileFormat":"wav","fileSize":564558,"duration":17640,"samplingBit":16,"channelCount":1,"samplingRate":"16kHz","audioPath":"/Mock/03.PublicService/Female/Experienced/ckmk_q_ps_f_e_195755.wav"},"answer":{"fileFormat":"wav","fileSize":1040718,"duration":32520,"samplingBit":16,"channelCount":1,"samplingRate":"16kHz","audioPath":"/Mock/03.PublicService/Female/Experienced/ckmk_a_ps_f_e_195755.wav"}}}