{"version":"1.0","dataSet":{"info":{"date":"20230116","occupation":"PS","channel":"MOCK","place":"ONLINE","gender":"FEMALE","ageRange":"45-54","experience":"EXPERIENCED"},"question":{"raw":{"text":"고객이 만족할 만한 서비스를 제공하기 위해서는 어떤 준비가 되어야 한다고 생각하시는지 말씀해 주시고 생각나는 대로 다 말씀해 주십시오","wordCount":18},"emotion":[],"intent":[]},"answer":{"raw":{"text":"고객이 만족할 만한 서비스를 제공하기 위해서는 일단 그 고객층이 요구하는 어 요구 요구 조건 가장 필요한 요구에 대해서 철저한 조사가 일단 어 선행되어야 한다고 보구요. 그래서 그 고객들이 어떤 부분을 원하는지를 철저히 파악한다면 그들에게 그들이 가장 기대하는 서비스를 제공할 수 있다고 생각합니다. 뭐 음 어 뭐 애프터 서비스 같은 경우 에이에스 같은 경우에도 어 고객들은 큰 걸 바라지 않습니다. 고객들의 불만이나 고객들이 부족하다고 생각하는 부분이 무엇인지를 잘 듣고 어 그 부분을 시정하는 어 모습을 보여주면 아 내가 제대로 된 에이에스를 받았구나 라고 생각하기 때문에 어 고객을 응대할 때 고객이 정말 어떤 부분에서 부족하다고 생각하는지 혹은 고객이 정말 바라는 어 서비스는 어떤 것인지를 제대로 인식만 하고 있다면 바로바로 대응이 가능하다고 생각합니다. 그래서 어 첫째도 둘째도 고객의 필요 필요 조건이나 고객이 요구하는 그런 어 요구에 대해서 아주 폭넓게 다양한 이해를 먼저 하는 것이 가장 중요하다고 생각합니다.","wordCount":134},"emotion":[],"intent":[{"text":"고객이 만족할 만한 서비스를 제공하기 위해서는 일단 그 고객층이 요구하는   어 요구 요구 조건 가장 필요한 요구에 대해서 철저한 조사가 일단   어 선행되어야 한다고 보구요.","expression":"p_cus_belief","category":"technology"},{"text":"그래서 그 고객들이 어떤 부분을 원하는지를 철저히 파악한다면 그들에게 그들이 가장 기대하는 서비스를 제공할 수 있다고 생각합니다.","expression":"p_cus_belief","category":"technology"},{"text":"고객들의 불만이나 고객들이 부족하다고 생각하는 부분이 무엇인지를 잘 듣고   어 그 부분을 시정하는 어 모습을 보여주면 아 내가 제대로 된 에이에스를 받았구나 라고 생각하기 때문에 어 고객을 응대할 때 고객이 정말 어떤 부분에서   부족하다고 생각하는지 혹은 고객이 정말 바라는 어 서비스는 어떤 것인지를 제대로 인식만 하고 있다면 바로바로 대응이 가능하다고 생각합니다.","expression":"p_voc","category":"technology"},{"text":"그래서 어 첫째도 둘째도 고객의 필요   필요 조건이나 고객이 요구하는 그런 어 요구에 대해서 아주 폭넓게 다양한 이해를 먼저 하는 것이 가장 중요하다고 생각합니다.","expression":"p_cus_belief","category":"technology"}],"summary":{"text":"고객이 만족할 만한 서비스를 제공하기 위해서는 고객의 요구 조건 가장 필요한 요구에 대해서 철저한 조사가 선행되어야 합니다. 그래서 고객이 원하는 부분을 파악한다면 그들이 가장 기대하는 서비스를 제공할 수 있습니다. 따라서 고객의 필요 조건이나 요구에 대해서 폭넓게 다양한 이해를 하는 것이 가장 중요합니다.","wordCount":42}}},"rawDataInfo":{"question":{"fileFormat":"wav","fileSize":463438,"duration":14480,"samplingBit":16,"channelCount":1,"samplingRate":"16kHz","audioPath":"/Mock/03.PublicService/Female/Experienced/ckmk_q_ps_f_e_185768.wav"},"answer":{"fileFormat":"wav","fileSize":2568078,"duration":80250,"samplingBit":16,"channelCount":1,"samplingRate":"16kHz","audioPath":"/Mock/03.PublicService/Female/Experienced/ckmk_a_ps_f_e_185768.wav"}}}