{"version":"1.0","dataSet":{"info":{"date":"20230116","occupation":"PS","channel":"MOCK","place":"ONLINE","gender":"FEMALE","ageRange":"35-44","experience":"EXPERIENCED"},"question":{"raw":{"text":"입사 후 일을 하다 보면 다른 지역에서 업무를 수행해야 할 때가 있습니다 혹시 타 지역 근무도 가능하신가요","wordCount":17},"emotion":[],"intent":[]},"answer":{"raw":{"text":"일을 하다 보면 다른 지역에서 업무를 수행을 할 수 있게 되는데 그런 업무도 문제 없이 수행을 할 수 있습니다. 제가 어 아이를 키우지만 어 또 부모님과 상의해서 그것들을 아이들을 어 관리를 할 수 있고 봐주실 수 있기 때문에 그것들을 볼 수 있고 남편도 그런 부분에 대해서 이해를 할 수 있습니다. 그리고 제가 어 살면서 외국 생활이나 또 타 지역에서 이사를 많이 하는 등 어 많은 곳을 옮겨 다니며 경험을 했고 또 새로운 환경에 적응하는데 다른 사람보다 더 빨리 적응을 할 수 있다는 말을 많이 들었습니다. 그래서 어 음식이나 잠자리 아니면 어 다른 분위기 속에 있는 생활에 삶을 즐기는 것을 좋아하기 때문에 그것들을 적응하는데 많은 시간이 걸리지 않고 또 새로운 것을 탐색하고 또 어 기분 좋게 일을 진행을 할 수가 있습니다.그리고 새로운 분위기 새로운 지역에 가면 또 새로운 어 기분과 또 감정으로 일을 할 수가 있고 또 새로운 사람들을 또 만나는 것을 또 재미있게 생각을 합니다. 그래서 어 새로운 사람을 사귀 사귀면 어 많은 많은 장점들이 있고 또 새로운 사람들과 이야기하다보면 또 새로운 것들을 배울 수 있기 때문에 어 새로운 지역에서 일을 하는 것을 어 재미있게 생각을 하는 편입니다. 그리고 또 어 그리고 또 일을 할 때 뭐 새로운 곳에서 일을 많이 진행을 하면서 신체적으로도 적응을 많이 하는 훈련을 많이 경험을 했습니다.","wordCount":201},"emotion":[{"text":"그리고 새로운 분위기 새로운 지역에 가면 또 새로운 어 기분과 또 감정으로 일을 할 수가 있고 또 새로운 사람들을 또 만나는 것을 또 재미있게 생각을 합니다.","expression":"p-interest","category":"positive"}],"intent":[{"text":"","expression":"","category":"attitude"}],"summary":{"text":"일을 하다 보면 다른 지역에서 업무를 수행할 수 있게 되는데 그런 업무도 문제 없이 수행할 수 있습니다. 그리고 제가 살면서 많은 곳을 옮겨 다니며 경험을 했고 새로운 환경에 적응하는데 다른 사람보다 더 빨리 적응을 할 수 있다는 말을 많이 들었습니다. 새로운 분위기 새로운 지역에 가면 새로운 기분과 감정으로 일을 할 수가 있고 새로운 사람들과 이야기하다 보면 새로운 것들을 배울 수 있기 때문에 그렇게 생각을 하는 편입니다.","wordCount":66}}},"rawDataInfo":{"question":{"fileFormat":"wav","fileSize":353998,"duration":11060,"samplingBit":16,"channelCount":1,"samplingRate":"16kHz","audioPath":"/Mock/03.PublicService/Female/Experienced/ckmk_q_ps_f_e_234085.wav"},"answer":{"fileFormat":"wav","fileSize":3735758,"duration":116740,"samplingBit":16,"channelCount":1,"samplingRate":"16kHz","audioPath":"/Mock/03.PublicService/Female/Experienced/ckmk_a_ps_f_e_234085.wav"}}}