{"version":"1.0","dataSet":{"info":{"date":"20230116","occupation":"PS","channel":"MOCK","place":"ONLINE","gender":"FEMALE","ageRange":"35-44","experience":"EXPERIENCED"},"question":{"raw":{"text":"어 평소에 검색을 자주 하시는 편인지 궁금합니다 그리고 검색을 자주 하신다면은 어떤 검색을 주로 하시는지 그리고 검색을 하시는 이유가 무엇인지 궁금합니다","wordCount":21},"emotion":[],"intent":[]},"answer":{"raw":{"text":"저는 검색을 많이 이용하는 편인데 제가 명사에 좀 취약해요. 뭐 노래 가삿말도 그렇고 제 동생이랑 얘기할 때도 제가 그걸로 놀림을 많이 받거든요. 뭔가 어떤 결정적인 단어들이 있잖아요. 상호명도 그렇고 사람 이름도 그렇고 되게 이상하게 기억하는 경우가 많아 가지고 그것 때문에 항상 아 뭐였지 하면서 다시 검색해 보는 경우가 많아서 저는 그런 걸로 주로 검색을 하고요. 예를 들어서 이제 뭐 까페 중에 매머드커피 라고 있는데 그걸 맘모스로 기억한다 던지 뭐 이런 거 있잖아요. 어 되게 많았는데 사실 지금 그 사례들이 정확히 기억이 안 나지만 저는 뭔가 항상 그런 거에 취약해서 주로 그런 것들을 검색을 하고 항상 검색할 때도 정확한 단어가 기억이 안 나니까 그 비슷한 결에 느낌대로 잡고 찾고 찾고 가다가 그 정확한 단어를 찾아내게 되는 것 같애요. 그런데 검색하다 보면 저 같은 사람들이 되게 많더라고요. 그래서 아 나만 그런게 아니구나 한때는 좀 제가 이상한 건가 싶은 생각도 많이 해 가지고 근데 좀 저랑 비슷한 사람이 많다는 걸 느끼게 돼서 재밌습니다.","wordCount":150},"emotion":[],"intent":[{"text":"","expression":"","category":"attitude"}],"summary":{"text":"저는 검색을 많이 이용하는데 명사에 취약하고, 결정적 단어들에 취약해서 검색을 할 때는 정확한 단어가 기억이 안 나서 비슷한 결에 느낌대로 잡고 찾고 하다가 정확한 단어를 찾아내게 됩니다. 그런데 검색하다 보면 저 같은 사람들이 되게 많아서 저 같은 사람이 많다는 걸 느끼게 돼 재밌습니다.","wordCount":43}}},"rawDataInfo":{"question":{"fileFormat":"wav","fileSize":446478,"duration":13950,"samplingBit":16,"channelCount":1,"samplingRate":"16kHz","audioPath":"/Mock/03.PublicService/Female/Experienced/ckmk_q_ps_f_e_194944.wav"},"answer":{"fileFormat":"wav","fileSize":2798158,"duration":87440,"samplingBit":16,"channelCount":1,"samplingRate":"16kHz","audioPath":"/Mock/03.PublicService/Female/Experienced/ckmk_a_ps_f_e_194944.wav"}}}