{"version":"1.0","dataSet":{"info":{"date":"20230116","occupation":"PS","channel":"MOCK","place":"ONLINE","gender":"FEMALE","ageRange":"55-","experience":"EXPERIENCED"},"question":{"raw":{"text":"지원자님은 혹시 본인 스스로가 숫자와 창의 중 어느 것에 더 가깝다고 생각하시나요 그렇게 생각하시는 이유도 같이 말씀해 주세요","wordCount":18},"emotion":[],"intent":[]},"answer":{"raw":{"text":"저는 숫자가 저한테 창의보다는 더 가깝다고 생각합니다. 왜냐하면 언제인지 모르지만 제가 어 대졸 공채로 은행에 들어가게 되었을 때 처음으로 계산하는 거를 전문적으로 하게 되었습니다. 그 당시에는 컴퓨터가 그렇게 큰 역 역할을 하지 않았기 때문에 수기와 어 계산기와 그리고 주판이라는 것을 사용해서 숫자를 다루어 왔습니다. 그런데 그 숫자를 다루는 일이 어렵거나 힘들거나 스트레스가 아니었구요. 어 뭔가 숫자를 맞추고 계산을 완벽하게 끝냈을 때에 희연 희열감까지 느낄 수 있었습니다. 은행이라는 업무가 단돈 일 원이라도 틀리면 퇴근을 할 수 없게 되어 있기 때문에 그 이론이라도 틀린 그 숫자를 숫자만이 아니라 현실에 있는 현금과도 맞추는 거를 여러 번 하다보니 이 일을 하면서도 꽤 큰 성취감과 기쁨을 느꼈던 것 같습니다.","wordCount":104},"emotion":[{"text":"어 뭔가 숫자를 맞추고 계산을 완벽하게 끝냈을 때에 희연 희열감까지 느낄 수 있었습니다.","expression":"p-happiness","category":"positive"}],"intent":[{"text":"왜냐하면 언제인지 모르지만 제가 어 대졸 공채로 은행에 들어가게 되었을 때 처음으로 계산하는 거를 전문적으로 하게 되었습니다.","expression":"c_private","category":"background"}],"summary":{"text":"저는 숫자를 저한테 창의보다는 더 가깝다고 생각합니다. 제가 대졸 공채로 은행에 들어가게 되었을 때 숫자만 아니라 현실에 있는 현금과도 맞추는 것을 여러 번 하다보니 꽤 큰 성취감과 기쁨을 느꼈던 것 같습니다.","wordCount":31}}},"rawDataInfo":{"question":{"fileFormat":"wav","fileSize":339598,"duration":10610,"samplingBit":16,"channelCount":1,"samplingRate":"16kHz","audioPath":"/Mock/03.PublicService/Female/Experienced/ckmk_q_ps_f_e_247478.wav"},"answer":{"fileFormat":"wav","fileSize":2324558,"duration":72640,"samplingBit":16,"channelCount":1,"samplingRate":"16kHz","audioPath":"/Mock/03.PublicService/Female/Experienced/ckmk_a_ps_f_e_247478.wav"}}}