{"version":"1.0","dataSet":{"info":{"date":"20230116","occupation":"PS","channel":"MOCK","place":"ONLINE","gender":"FEMALE","ageRange":"55-","experience":"EXPERIENCED"},"question":{"raw":{"text":"어 입사 후에 이제 쉬운 일과 어려운 일이 있을 때 지원자님께서는 이 일에 대한 분배를 어떻게 하실 건가요 그리고 어떻게 이 일을 나눠서 처리할 생각이신지 궁금합니다","wordCount":26},"emotion":[],"intent":[]},"answer":{"raw":{"text":"일단 쉬운 일을 먼저 해서 마무리 해 놓고 어려운 일은 하나하나 차근차근 정확도를 따져서 할 생각입니다. 어려운 일을 할 때에는 어 분배하는 시간도 많이 걸리고 일단 하나는 마무리를 해 놓고 쉬운 일을 마무리 해 놓고 해야 어려운 일이 나누는 시간에 대한 배분과 어 결과가 정확도가 더 확실해지기 때문에 그렇게 하고 있습니다. 나눠서 처리할 때 제 기준은 어 일단 어려운 일을 어 상중하로 나누어서 가장 어려운 일을 맨 마지막에 하고 있습니다.","wordCount":70},"emotion":[],"intent":[{"text":"","expression":"","category":"attitude"}],"summary":{"text":"어려운 일을 할 때는 분배하는 시간도 많이 걸리고, 쉬운 일을 먼저 마무리 한 후 쉬운 일을 마무리 해 놓고 어려운 일은 하나하나 정확도를 따져서 할 계획입니다.","wordCount":26}}},"rawDataInfo":{"question":{"fileFormat":"wav","fileSize":522958,"duration":16340,"samplingBit":16,"channelCount":1,"samplingRate":"16kHz","audioPath":"/Mock/03.PublicService/Female/Experienced/ckmk_q_ps_f_e_234647.wav"},"answer":{"fileFormat":"wav","fileSize":1367758,"duration":42740,"samplingBit":16,"channelCount":1,"samplingRate":"16kHz","audioPath":"/Mock/03.PublicService/Female/Experienced/ckmk_a_ps_f_e_234647.wav"}}}