{"version":"1.0","dataSet":{"info":{"date":"20230116","occupation":"PS","channel":"MOCK","place":"ONLINE","gender":"FEMALE","ageRange":"55-","experience":"EXPERIENCED"},"question":{"raw":{"text":"어 본인이 생각하기에 본인이 창의적으로 문제를 해결한 경험이 있나요 그리고 그러한 경험이 있다면 그 과정을 최대한 자세하게 설명해 주시길 바랍니다","wordCount":20},"emotion":[],"intent":[]},"answer":{"raw":{"text":"전에 사무실에서 저희 사무실이 삼 층인데 무거운 물건을 우체국이나 택배로 보내게 되는 경우가 있었습니다. 어 저희는 대부분이 다 사 오십 대 여성 직원으로 되어 있기 때문에 아무도 무거운 곳을 들어가 들고 다니는 거를 좋아하지 않았습니다. 그래서 직원 간에 그 일에 관해서 컴플레인도 있었고 서로 약간의 마찰도 있었습니다. 그래서 제가 총괄 책임자로서 관리를 해야 하기 때문에 어떻게 하면 이렇 이렇게 어 물리적인 일을 잘 해나갈 수 있을지 생각하여 스스로 정보 검색 차원에서 인터넷을 검색해서 거기에 보니 우체국에서 예약 발송 시스템을 하고 있음을 발견했습니다. 그래서 그 아이디어를 따서 우체 가장 가까운 우체국에 인터넷으로 일 주일 전에 예약 발송 업무를 할 수 있도록 제가 처리하여 이 아이디어를 내서 직원들에게 의사를 물어보고 함께 그 일을 해 나가도록 조치했습니다.","wordCount":114},"emotion":[],"intent":[{"text":"그래서 제가 총괄 책임자로서 관리를 해야 하기 때문에 어떻게 하면 이렇 이렇게 어 물리적인 일을 잘 해나갈 수 있을지 생각하여 스스로 정보 검색 차원에서 인터넷을 검색해서 거기에 보니 우체국에서 예약 발송 시스템을 하고 있음을 발견했습니다.","expression":"p_proac","category":"attitude"},{"text":"그래서 그 아이디어를 따서 우체 가장 가까운 우체국에 인터넷으로 일 주일 전에 예약 발송 업무를 할 수 있도록 제가 처리하여 이 아이디어를 내서 직원들에게 의사를 물어보고 함께 그 일을 해 나가도록 조치했습니다.","expression":"p_proac","category":"attitude"}],"summary":{"text":"우체국에서 예약 발송 시스템을 하고 있음을 발견하여 인터넷으로 일 주일 전에 예약 발송 업무를 할 수 있도록 제가 처리하여 직원들에게 의사를 묻고 함께 그 일을 해 나가도록 조치했습니다.","wordCount":28}}},"rawDataInfo":{"question":{"fileFormat":"wav","fileSize":414158,"duration":12940,"samplingBit":16,"channelCount":1,"samplingRate":"16kHz","audioPath":"/Mock/03.PublicService/Female/Experienced/ckmk_q_ps_f_e_244854.wav"},"answer":{"fileFormat":"wav","fileSize":2631118,"duration":82220,"samplingBit":16,"channelCount":1,"samplingRate":"16kHz","audioPath":"/Mock/03.PublicService/Female/Experienced/ckmk_a_ps_f_e_244854.wav"}}}