{"version":"1.0","dataSet":{"info":{"date":"20230116","occupation":"PS","channel":"MOCK","place":"ONLINE","gender":"FEMALE","ageRange":"35-44","experience":"EXPERIENCED"},"question":{"raw":{"text":"지원자님은 만약 일을 하던 중 직무가 지원자님의 적성과 맞지 않는 것을 알게 되셨을 때 어떻게 하시겠습니까 그 상황을 가정하고 말씀해 주세요","wordCount":21},"emotion":[],"intent":[]},"answer":{"raw":{"text":"어 제가 이거는 가정할 필요가 없을 것 같긴 한데 제가 이 일을 사실 되게 오래 했거든요. 오래 했는데 초반에 이게 되게 안 맞다 고 생각을 했었어요. 그래서 사실 저희는 학원이니까 학교랑은 다르기 때문에 보통은 학생들이 여기 와서 공부를 하는 편이잖아요. 학업에 집중을 하는 편이긴 한데 그때 하필이면 초창기에 이 일을 하면서 되게 불성실한 학생들이 있는 반을 맡은 적이 있었어요. 근데 그때는 제가 이 일에 안 맞는다 고 생각을 했던 것 같애요. 그래서 사실 그때 좀 스트레스가 심했어 가지고 수업을 하다가 제가 나갔던 적이 있었어요. 아 이거는 도저히 내가 감당할 수 없는 일이다 라고 생각이 들어서 진짜 그 수업 하다가 어 나도 하기 싫어 라고 말한 다음에 무책임하게 나갔었죠. 그런데 하도 그때 당시 학생들이 좀 심한 경우였어 가지고 학원에서 그 학생들을 좀 내보내는 걸로 조치를 취해 줬던 적이 있었습니다.","wordCount":128},"emotion":[],"intent":[{"text":"","expression":"","category":"attitude"}],"summary":{"text":"이 일을 오래했는데 초반에 이 일에 맞지 않는다고 생각했어요. 초기에는 불성실한 학생들이 있는 반을 맡았는데 그때 일에 안 맞는다고 생각한 것 같아요. 스트레스를 많이 받아서 수업을 하다가 나가기도 했었는데, 학원에서 그 학생들을 좀 내보내는 걸로 조치를 취한 적이 있었습니다.","wordCount":39}}},"rawDataInfo":{"question":{"fileFormat":"wav","fileSize":667598,"duration":20860,"samplingBit":16,"channelCount":1,"samplingRate":"16kHz","audioPath":"/Mock/03.PublicService/Female/Experienced/ckmk_q_ps_f_e_194946.wav"},"answer":{"fileFormat":"wav","fileSize":2769998,"duration":86560,"samplingBit":16,"channelCount":1,"samplingRate":"16kHz","audioPath":"/Mock/03.PublicService/Female/Experienced/ckmk_a_ps_f_e_194946.wav"}}}