{"version":"1.0","dataSet":{"info":{"date":"20230116","occupation":"PS","channel":"MOCK","place":"ONLINE","gender":"FEMALE","ageRange":"45-54","experience":"EXPERIENCED"},"question":{"raw":{"text":"네 시험 기간이나 시간이 촉박한 그런 상황에서 지원자님께서는 어떻게 시간 관리를 하셨는지 궁금합니다 지원자님만의 시간 관리법에 대해 들려주시기 바랍니다","wordCount":19},"emotion":[],"intent":[]},"answer":{"raw":{"text":"어 시간이 촉박할 때 해야 될 업무가 많을 때 시험 기간 이럴 때 가장 제가 어 시간을 들이고 공을 들여서 해야 하는 일들의 우선순위가 있을 것입니다. 그 우선순위를 두고 가장 어렵고 가장 힘들고 가장 시간이 많이 들어가야 되고 그리고 그건 꼭 끝내야 되는 중요 중요도가 높은 일들을 순서대로 아마 나열할 것입니다. 중요도 그 다음 들어가는 시간 시간 대비 효율적인 효율성을 나타내는 작업이나 공부가 무엇인지를 가장 우선시 순위에 두고 순차적으로 놓은 다음에 어 가장 짧은 시간에 빠르게 끝낼 수 있는 것들은 또 아래 하위 순위에 열거를 해 놓을 것입니다. 그러 그리고 나서 가장 어려운 것들은 쪼개서 미리 미리 쪼끔씩 해 놓고 어 거기에 비중을 두고 하고 그리고 나머지 쉬운 작업들이나 쉬운 공부들은 짜투리 시간을 이용해서 어 제가 목표한 만큼 어 쉽게 쉽게 끝내는 쪽으로 목표를 잡을 것입니다. 가장 중요한 건 우선순위 위쪽에 있는 과목이나 작업이겠죠. 그 부분들이 잘 된다면은 아래에 수월한 부분들은 약간 잠을 덜 잔다든지 해서 충분히 해결할 수 있습니다. 하지만 수행하기 어려운 작업은 시간이 촉박할수록 더 되지 않기 때문에 힘들고 어려운 작업일수록 더 큰 비중을 두고 시간 분배를 더 많이 하고 앞으로 당겨서 미리 시작할 것입니다.","wordCount":177},"emotion":[],"intent":[{"text":"","expression":"","category":"attitude"}],"summary":{"text":"시험 기간이면 가장 제가 시간을 들여서 해야 하는 일들의 우선순위가 있을 것입니다. 그 우선순위를 두고 가장 어렵고 가장 힘들고 가장 시간이 많이 들어가야 되고 꼭 끝내야 되는 중요도가 높은 일들을 순서대로 나열할 것입니다. 하지만 수행하기 어려운 작업은 시간이 촉박 할수록 더 되지 않기 때문에 힘들고 어려운 작업일수록 더 큰 비중을 두고 시간 분배를 더 많이 하고 앞으로 당겨서 미리 시작할 것입니다.","wordCount":61}}},"rawDataInfo":{"question":{"fileFormat":"wav","fileSize":494798,"duration":15460,"samplingBit":16,"channelCount":1,"samplingRate":"16kHz","audioPath":"/Mock/03.PublicService/Female/Experienced/ckmk_q_ps_f_e_185842.wav"},"answer":{"fileFormat":"wav","fileSize":2765518,"duration":86420,"samplingBit":16,"channelCount":1,"samplingRate":"16kHz","audioPath":"/Mock/03.PublicService/Female/Experienced/ckmk_a_ps_f_e_185842.wav"}}}