{"version":"1.0","dataSet":{"info":{"date":"20230116","occupation":"PS","channel":"MOCK","place":"ONLINE","gender":"FEMALE","ageRange":"55-","experience":"EXPERIENCED"},"question":{"raw":{"text":"지원자님께서 생각하는 이상적인 사회가 있을까요 그것은 무엇인지 또 그렇게 생각하는 이유도 궁금합니다 말씀해 주시겠어요","wordCount":14},"emotion":[],"intent":[]},"answer":{"raw":{"text":"함께 도와가며 배려하며 사는 사회가 이상적인 사회라고 생각합니다. 어 취약계층이나 어려운 상황에 있는 사람들을 도와주고 자기가 가진 것을 나눌 수 있고 그리고 사회 환경적으로 어 어려운 상황 속에 있는 사람들을 도와줄 수 있는 그 마음가짐을 함께 나누는 그런 사회가 어 저희가 원하는 이상적인 사회라고 할 수 있구요. 이상적인 사회를 어 함께 누릴 수 있으려면 일단 어 상위 십 프로에서 더 많은 사회적인 어 지원과 후원을 하고 어려운 사람들을 도와주는 일이 제일 많이 필요하다고 생각합니다.","wordCount":74},"emotion":[{"text":"이상적인 사회를 어 함께 누릴 수 있으려면 일단 어 상위 십 프로에서 더 많은 사회적인 어 지원과 후원을 하고 어려운 사람들을 도와주는 일이 제일 많이 필요하다고 생각합니다.","expression":"u-belief","category":"neutral"}],"intent":[{"text":"","expression":"","category":"attitude"}],"summary":{"text":"상위 십 프로에서 더 많은 사회적인 지원과 후원을 하고 어려운 사람들을 도와주는 일이 제일 많이 필요하다고 생각합니다. 취약계층이나 어려운 상황에 있는 사람들을 돕는 사회가 이상적인 사회라고 생각합니다.","wordCount":27}}},"rawDataInfo":{"question":{"fileFormat":"wav","fileSize":480718,"duration":15020,"samplingBit":16,"channelCount":1,"samplingRate":"16kHz","audioPath":"/Mock/03.PublicService/Female/Experienced/ckmk_q_ps_f_e_234222.wav"},"answer":{"fileFormat":"wav","fileSize":1633998,"duration":51060,"samplingBit":16,"channelCount":1,"samplingRate":"16kHz","audioPath":"/Mock/03.PublicService/Female/Experienced/ckmk_a_ps_f_e_234222.wav"}}}