{"version":"1.0","dataSet":{"info":{"date":"20230116","occupation":"PS","channel":"MOCK","place":"ONLINE","gender":"FEMALE","ageRange":"35-44","experience":"EXPERIENCED"},"question":{"raw":{"text":"면접자님은 회사의 덕목이 무엇이라고 생각하시나요 어떤 회사가 좋은 회사라고 생각하시는지 말씀해 주시겠어요","wordCount":12},"emotion":[],"intent":[]},"answer":{"raw":{"text":"회사의 덕목은 어 제가 생각하는 좋은 회사는 어 발 빠르게 시대 변화에 어 준비를 하고 그것들을 변화시키는 그런 회사가 되는 것입니다. 요즘에는 코로나 시대여서 어 인공 지능이나 또는 인터넷 기반에 어 학습 환경이 많이 되고 온라인 교 교육의 비중이 많이 높아졌는데 그것들에 발 빠르게 음 대응을 해서 그것들을 교사들을 양육을 하고 또 실제로 현장에 그 새로운 시스템을 도입할 수 있도록 어 변화에 발 빠르게 대처를 해 해서 어 그 흐름에 맞춰서 어 새로운 기술들을 사용을 해서 어 변화해야 한다고 생각을 합니다. 그리고 두 번째로는 어 팀워크나 또 동료 간에 혹은 상사와 동료 간에 상사와 또 부하 직원 간에 소통이 잘 이루어지는 그런 회사가 좋은 회사라고 생각을 합니다. 그래서 어 언제든지 어 개인의 공간도 어 필요하고 또 그렇지만 언제든지 어 어 공적인 회의를 떠나서 사적으로 모임 모임을 많이 갖고 언제든지 어 신입 신입 어 사원들의 이야기를 많이 듣고 또 그것들이 어 경력자에게 어 이야기를 해서 도움을 요청하고 어떻게 이것들을 발전을 시켜야 하는지 어떻게 수정하는 것이 좋은지 그것들에 대해서 공유하고 또 언제든지 그런 것을 마련해 주는 분위기로 가야 한다고 생각을 합니다.","wordCount":169},"emotion":[],"intent":[{"text":"회사의 덕목은 어 제가 생각하는 좋은 회사는 어 발 빠르게 시대 변화에 어 준비를 하고 그것들을 변화시키는 그런 회사가 되는 것입니다.","expression":"c_value","category":"background"}],"summary":{"text":"좋은 회사는 시대 변화에 발 빠르게 대비하고 그것을 변화시키는 회사입니다. 그리고 팀워크나 상사와 부하 직원 간에 소통이 잘 이루어지는 회사가 좋은 회사라고 생각합니다. 사적으로 모임을 갖고 신입 사원들의 이야기를 듣고 수정하는 것이 좋은지 공유하고 또 언제든지 그런 것을 마련해 주는 분위기가 되어야 한다고 생각합니다.","wordCount":44}}},"rawDataInfo":{"question":{"fileFormat":"wav","fileSize":337038,"duration":10530,"samplingBit":16,"channelCount":1,"samplingRate":"16kHz","audioPath":"/Mock/03.PublicService/Female/Experienced/ckmk_q_ps_f_e_246617.wav"},"answer":{"fileFormat":"wav","fileSize":3874318,"duration":121070,"samplingBit":16,"channelCount":1,"samplingRate":"16kHz","audioPath":"/Mock/03.PublicService/Female/Experienced/ckmk_a_ps_f_e_246617.wav"}}}