{"version":"1.0","dataSet":{"info":{"date":"20230116","occupation":"PS","channel":"MOCK","place":"ONLINE","gender":"FEMALE","ageRange":"-34","experience":"EXPERIENCED"},"question":{"raw":{"text":"우리 회사에 들어오면 기존과는 업무 스타일이 달라질 수도 있는데요 기존과 다른 업무 스타일에 잘 적응할 수 있으신가요","wordCount":17},"emotion":[],"intent":[]},"answer":{"raw":{"text":"사실 어느 업종을 가도 내가 했던 일이랑 무조건 백 프로 다 같았던 일은 없던 거 같습니다. 뭐 아르바이트를 하거나 아니면 또 다른 이들을 했었을 때 업무 스타일이 항상 같은 것에서 저는 일을 하지 않았고요. 기존과 항상 다른 업무를 했었습니다. 뭐 예를 들어서 같은 회사라고 뭐 같은 분야의 회사라고 하더라도 그런 일이라든지 또 하는 것은 다 조금씩은 달랐기 때문에요. 뭐 제가 여태까지 했던 스타일과 달라진다 라고 하면 저는 계속 달랐던 분야에서 일을 했기 때문에 저는 그러한 분야에서는 잘 적응할 수 있다 라고 말씀을 드릴 수 있을 것 같습니다.","wordCount":87},"emotion":[],"intent":[{"text":"","expression":"","category":"attitude"}],"summary":{"text":"업무 스타일이 항상 같은 것에서 일을 하지 않고 기존과 항상 다른 업무를 했습니다. 지금까지 했던 스타일과 달라진다면 계속 달랐던 분야에서 일을 했기 때문에 그런 분야에서는 잘 적응할 수 있을 것 같습니다.","wordCount":31}}},"rawDataInfo":{"question":{"fileFormat":"wav","fileSize":364878,"duration":11400,"samplingBit":16,"channelCount":1,"samplingRate":"16kHz","audioPath":"/Mock/03.PublicService/Female/Experienced/ckmk_q_ps_f_e_196086.wav"},"answer":{"fileFormat":"wav","fileSize":1402958,"duration":43840,"samplingBit":16,"channelCount":1,"samplingRate":"16kHz","audioPath":"/Mock/03.PublicService/Female/Experienced/ckmk_a_ps_f_e_196086.wav"}}}