{"version":"1.0","dataSet":{"info":{"date":"20230116","occupation":"PS","channel":"MOCK","place":"ONLINE","gender":"FEMALE","ageRange":"55-","experience":"EXPERIENCED"},"question":{"raw":{"text":"여러 계열사가 있는데도 불구하고 특별히 이 계열사를 지원하신 이유가 있으시다면 말씀해 주시겠어요","wordCount":12},"emotion":[],"intent":[]},"answer":{"raw":{"text":"예 다른 계열사도 많지만 이 계열사에 지원해 준 특별한 이유는 제가 지금까지 이 공부를 해 왔기 때문에 저에게 맞다고 생각을 하여서 이 계열사를 제가 선택을 하게 되었습니다. 저는 여행업을 십 년간 어 취직을 했었구요. 어 여행사에서 어 기획 업무를 담당을 했었습니다. 그러다 보니 다시 이쪽 여행사에서 저에게 취업 기회를 주셔서 여기에 취직을 어 원서를 냈습니다만 아 여기 계열사에서 좀 더 획기적인 여행 상품을 만드신다고 하였기에 저는 이 계열사에 아 아 지원을 하게 되었습니다. 아 저 지금까지 아 이십 세부터 지금까지 계속 영어 회화 공부도 해 와서 영어회화도 가능하구요. 그다음에 한국사 세계사 중국사 그다음에 유럽사 다방면에 공부를 열심히 하고 있습니다. 그래서 어느 세계에 갖다 놔도 제가 영어 회화 가능하면서 이 역사도 알고 그다음에 지리도 지리도 길도 되게 빨리 찾는 편이거든요. 그래서 저는 해외에 나가도 문제없이 아 이 회사에 들어와서 역량을 발휘할 수 있을 것이라고 생각됩니다. 어 저는 어 어려서부터 여행하는 것이 아 제 인생에 최고의 목표였구요. 여행이 또 저에게 잘 맞았고 그다음에 다른 친구들을 만나는 게 제 적성에 상당히 맞았습니다. 그래서 이 쪽 여행사에서 저를 이 쪽 계열사에서 저를 취직을 시키게 해 주신다면 진짜 열심히 일 하겠습니다.","wordCount":176},"emotion":[{"text":"저는 여행업을 십 년간 어 취직을 했었구요.","expression":"u-fact","category":"neutral"},{"text":"어 여행사에서 어 기획 업무를 담당을 했었습니다.","expression":"u-fact","category":"neutral"}],"intent":[{"text":"예 다른 계열사도 많지만 이 계열사에 지원해 준 특별한 이유는 제가 지금까지 이 공부를 해 왔기 때문에 저에게 맞다고 생각을 하여서 이 계열사를 제가 선택을 하게 되었습니다.","expression":"c_sincere_job","category":"etc"},{"text":"저는 여행업을 십 년간 어 취직을 했었구요.","expression":"c_private","category":"background"},{"text":"어 여행사에서 어 기획 업무를 담당을 했었습니다.","expression":"c_private","category":"background"},{"text":"그러다 보니 다시 이쪽 여행사에서 저에게 취업 기회를 주셔서 여기에 취직을 어 원서를 냈습니다만 아 여기 계열사에서 좀 더 획기적인 여행 상품을 만드신다고 하였기에 저는 이 계열사에 아 아 지원을 하게 되었습니다.","expression":"c_sincere_job","category":"etc"}],"summary":{"text":"이 계열사에 지원해 준 특별한 이유는 지금까지 공부를 해 왔기 때문에 제가 맞다고 생각해서 이 계열사를 제가 선택을 하게 되었습니다. 저는 여행업을 십 년간 취직을 했었고, 여행사에서 기획 업무를 담당하다 보니 다시 여기 계열사에 취직을 원서를 냈습니다. 아 여기 계열사에서 좀 더 획기적인 여행 상품을 만든다고 하였기에 저는 이 계열에 지원을 하게 됐습니다.","wordCount":53}}},"rawDataInfo":{"question":{"fileFormat":"wav","fileSize":293198,"duration":9160,"samplingBit":16,"channelCount":1,"samplingRate":"16kHz","audioPath":"/Mock/03.PublicService/Female/Experienced/ckmk_q_ps_f_e_242323.wav"},"answer":{"fileFormat":"wav","fileSize":3728718,"duration":116520,"samplingBit":16,"channelCount":1,"samplingRate":"16kHz","audioPath":"/Mock/03.PublicService/Female/Experienced/ckmk_a_ps_f_e_242323.wav"}}}