{"version":"1.0","dataSet":{"info":{"date":"20230116","occupation":"PS","channel":"MOCK","place":"ONLINE","gender":"FEMALE","ageRange":"55-","experience":"EXPERIENCED"},"question":{"raw":{"text":"국가철도공단과 코레일의 차이가 무엇인지 알고 있 계시다면 설명 부탁드리겠습니다","wordCount":9},"emotion":[],"intent":[]},"answer":{"raw":{"text":"음 저도 잘은 모르지만은 제가 그런데 얼핏 듣기로는 그게 그 철도 네 그 철도 자체에 상하로 나눈다고 들었었어요. 네 그래서 어 그까 이게 이거 철도가 이제 원래 국가기관으로서 운영을 하면서 어 진행을 해 왔던 사업이었는데 이제 그게 기업화되면서 아무래도 이제 점점 커지고 이렇게 많이 운영을 그 많이 만들어내고 해야 되기 때문에 이게 점점 부담이 커지면서 기업화되는 거로 바뀌었고 그래서 이제 그게 어 철도의 어떤 공기업화로 돼 가지고 만들어진 게 제가 알기로는 코레일로 알고 있습니다. 그래서 이게 그 철도의 그 상부 부분 그게 이제 코레일이고 그다음에 이제 하부 부분이 이제 철도공단 네 철도시설공단 네 그거로 제가 대략적으로는 이렇게 차이가 있다는 거를 들었던 기억이 있습니다.","wordCount":103},"emotion":[],"intent":[{"text":"","expression":"","category":"attitude"}],"summary":{"text":"철도가 기업화되면서 점점 더 많은 운영이 필요해지면서 철도의 공기업화가 이루어져 철도의 상부가 코레일이고 하부 부분이 철도공단, 철도시설공단으로 나뉩니다.","wordCount":18}}},"rawDataInfo":{"question":{"fileFormat":"wav","fileSize":297678,"duration":9300,"samplingBit":16,"channelCount":1,"samplingRate":"16kHz","audioPath":"/Mock/03.PublicService/Female/Experienced/ckmk_q_ps_f_e_179684.wav"},"answer":{"fileFormat":"wav","fileSize":2549838,"duration":79680,"samplingBit":16,"channelCount":1,"samplingRate":"16kHz","audioPath":"/Mock/03.PublicService/Female/Experienced/ckmk_a_ps_f_e_179684.wav"}}}