{"version":"1.0","dataSet":{"info":{"date":"20230116","occupation":"PS","channel":"MOCK","place":"ONLINE","gender":"FEMALE","ageRange":"35-44","experience":"EXPERIENCED"},"question":{"raw":{"text":"그동안 본인이 속해 있었던 조직 단체 속에서 본인이 주로 어떤 역할을 맡는 사람이었는지 말씀 부탁드리겠습니다","wordCount":15},"emotion":[],"intent":[]},"answer":{"raw":{"text":"제가 속해 있던 조직과 단체 속에서 주로 어떤 역할을 하는 사람이었는지에 대해서 이야기를 하자면 저는 어 학교에서 일을 했는데 학교에서 어 첫 번째로는 외국인 선생님들과 협업하는 그런 시간을 많이 갖게 되면서 어 그 사람에게 어 조력자로서 또 협력자로서의 역할을 감당을 하게 되었습니다. 선생님들이 어 한국 어 학생들과 교류하는데 영어로 이야기하는데 어 사람들이 이제 학생들이 더 어려움이 많이 있을 때 제가 어떤 방법으로 연구를 어떤 방법으로 접근을 해야 어 제가 약간의 도움을 주고 어 선생님들과 아이들이 어떻게 영어로 더 소통을 할 수 있도록 배울 수 있는지 그런 조력자 역할을 많이 하게 되었습니다. 그리고 선생님들이 어 영어 실력은 있지만 영어를 가르치는 기술이 많이 없어서 어 그 선생님들과 이제 학습 목표를 가지고 어 정확한 학습 목표와 또 그런 진행하는 과정들을 세세하게 어 세세하게 이제 논의를 하고 상의를 하고 또 지도를 해 주면서 어 수업에서 어 해야 하는 그런 목표들을 정확하게 달성을 할 수 있는 그런 어 도움을 주는 그런 역할을 많이 했습니다.그리고 또 학생들에게는 학생들이 꿈을 찾지 못하고 또 어 학습하는 그런 훈련이 안 되어있는 학생들이나 또 동기가 부족한 학생들에게 많이 어 불러서 이야기를 하고 상담을 하면서 그 학생들이 실제로 하고 싶은 것들을 많이 찾을 수 있도록 도와 주는 역할을 했습니다.","wordCount":188},"emotion":[],"intent":[{"text":"","expression":"","category":"attitude"}],"summary":{"text":"학교에서 일을 하면서 외국인 선생님들과 협업하는 시간을 갖게 되면서 조력자로서 협력자로서 역할을 감당하게 되었습니다. 그리고 선생님들과 학습 목표를 가지고 회의를 하고 지도를 해 주면서 도움을 주는 역할을 했습니다. 그리고 동기가 부족한 학생들에게 이야기를 하고 상담을 하면서 학생들이 실제로 하고 싶은 것들을 많이 찾을 수 있도록 도와 주었습니다.","wordCount":47}}},"rawDataInfo":{"question":{"fileFormat":"wav","fileSize":375118,"duration":11720,"samplingBit":16,"channelCount":1,"samplingRate":"16kHz","audioPath":"/Mock/03.PublicService/Female/Experienced/ckmk_q_ps_f_e_233329.wav"},"answer":{"fileFormat":"wav","fileSize":3797838,"duration":118680,"samplingBit":16,"channelCount":1,"samplingRate":"16kHz","audioPath":"/Mock/03.PublicService/Female/Experienced/ckmk_a_ps_f_e_233329.wav"}}}