{"version":"1.0","dataSet":{"info":{"date":"20230116","occupation":"PS","channel":"MOCK","place":"ONLINE","gender":"FEMALE","ageRange":"35-44","experience":"EXPERIENCED"},"question":{"raw":{"text":"배달의민족 서비스를 사용하면서 서비스적 측면에서 아쉬웠던 부분이 있으셨나요 있으시다면 무엇인지 말씀해 주시길 바랍니다","wordCount":13},"emotion":[],"intent":[]},"answer":{"raw":{"text":"배달의 민족을 하면서 서비스에서 아쉬웠던 점은 어 사람들이 어 리뷰를 올리고 그것을 참고해서 새로운 가게에서 어 주문을 하는 편인데 어 가게에서 리뷰를 어 좋은 리뷰를 받기 위해서 서비스를 더 주는 등 어 실제로 그 사람이 맛본 그대로를 맛을 평가하는 것이 아니고 좋은 맛을 어 리뷰를 조 좋게 어 좋게 리뷰를 하도록 그것들을 어 도움을 요청을 하기 때문에 실제로 어 실제보다 더 과장된 그런 효과가 있기 때문에 사람들의 말이 전적으로 신뢰할 수 없는 부분이 있습니다. 그래서 어 그 가게 말 자체에 평가에 어 중점을 두기보다는 어 위생도라든지 아니면 어떤 어 다른 사람들 주변의 지인들의 말을 참고하는 편입니다. 그리고 배달의 민족은 어 배달의 민족을 사용을 하면서 또 아쉬웠던 부분은 어 음식이 많이 식어서 온다는 것입니다. 배달의 민족을 사용하다 보면 아무래도 어 아무리 빨리 와도 오토바이가 올 때 어 시간이 어 신호가 지체가 되거나 또 교통 체증이 아무래도 어 랜덤하게 오기 때문에 그것들을 어 아무리 빨리 온다고 해도 그것들을 어 빨리 어 식은 상태에서 받기가 쉽습니다.","wordCount":153},"emotion":[{"text":"그리고 배달의 민족은 어 배달의 민족을 사용을 하면서 또 아쉬웠던 부분은 어 음식이 많이 식어서 온다는 것입니다.","expression":"n-distress","category":"negative"}],"intent":[{"text":"","expression":"","category":"attitude"}],"summary":{"text":"배달의 민족은 실제보다 더 과장된 효과가 있기 때문에 사람들의 말이 전적으로 신뢰할 수 없습니다. 그래서 그 가게 말 자체에 중점을 두기보다는 주변 지인들의 말을 참고하는 편입니다. 또 배달의민족은 음식의 식어가 오는 아쉬움이 있었는데, 신호의 지체나 교통 체증이 랜덤하게 오기 때문에 빨리 오는 것을 기대하기가 쉽습니다.","wordCount":45}}},"rawDataInfo":{"question":{"fileFormat":"wav","fileSize":486158,"duration":15190,"samplingBit":16,"channelCount":1,"samplingRate":"16kHz","audioPath":"/Mock/03.PublicService/Female/Experienced/ckmk_q_ps_f_e_241167.wav"},"answer":{"fileFormat":"wav","fileSize":3847758,"duration":120240,"samplingBit":16,"channelCount":1,"samplingRate":"16kHz","audioPath":"/Mock/03.PublicService/Female/Experienced/ckmk_a_ps_f_e_241167.wav"}}}