{"version":"1.0","dataSet":{"info":{"date":"20230116","occupation":"PS","channel":"MOCK","place":"ONLINE","gender":"FEMALE","ageRange":"35-44","experience":"EXPERIENCED"},"question":{"raw":{"text":"지원자님께서 그동안 인생에서 겪었던 많은 갈등 중에서 가장 심각했던 갈등은 어떤 것이 있을까요 그중에 한 가지만 골라서 말씀해 주시기 바랍니다","wordCount":20},"emotion":[],"intent":[]},"answer":{"raw":{"text":"제가 인생에서 겪었던 갈등 중에서 가장 심각했던 갈등은 제가 최근에 결혼을 하면서 뭐 많은 유산을 하면서 아이를 어 더 갖기 위해서 하는 그런 갈등들이 많이 있었습니다. 그렇게 하면서 다행히도 첫째가 있어서 어 첫째와 또 첫째가 인제 또 다른 남매들을 갖게 하고 싶은 마음에서 이제 어 많은 의료적인 도움을 받으려고 해도 어 성공하는 확률이 아주 적어서 어 그것들을 진행하기에는 제 몸이 너무 상하고 인위적으로 그것들을 어 한다는 것에 많은 어 생각들과 갈등을 겪게 되었고 주위 사람들도 주변 사람들의 생각에도 어 제 자신을 생각하는 부분과 또 자녀를 더 하나 더 출산하는 부분에 있어서 제 자신의 몸이 많이 망가질 수 있다는 그런 생각들을 가지고 제 자신을 더 소중하게 생각하고 어 자연의 순리를 따라서 그것들을 진행하는 것으로 결정을 내리게 되었습니다. 그렇게 하면서 어 제 자신을 더 사랑할 수 있고 또 안 되는 것들을 포기하는 훈련을 많이 하게 되었습니다.","wordCount":134},"emotion":[],"intent":[{"text":"","expression":"","category":"attitude"}],"summary":{"text":"제가 가장 심각했던 갈등은 유산을 하면서 아이를 더 갖기 위해서 하는 갈등들이 많았는데, 다행히도 첫째가 있어 다른 남매들을 갖게 하고 싶은 마음으로 의료적인 도움을 받으려고 해도 성공하는 확률이 아주 적어서 제 자신이 많이 망가질 수 있다는 생각을 가지고 결정을 내리게 되었습니다.","wordCount":41}}},"rawDataInfo":{"question":{"fileFormat":"wav","fileSize":428878,"duration":13400,"samplingBit":16,"channelCount":1,"samplingRate":"16kHz","audioPath":"/Mock/03.PublicService/Female/Experienced/ckmk_q_ps_f_e_224468.wav"},"answer":{"fileFormat":"wav","fileSize":2868558,"duration":89640,"samplingBit":16,"channelCount":1,"samplingRate":"16kHz","audioPath":"/Mock/03.PublicService/Female/Experienced/ckmk_a_ps_f_e_224468.wav"}}}