{"version":"1.0","dataSet":{"info":{"date":"20230116","occupation":"PS","channel":"MOCK","place":"ONLINE","gender":"FEMALE","ageRange":"35-44","experience":"EXPERIENCED"},"question":{"raw":{"text":"지원자님은 나눔과 베품에 대해 어떻게 생각하시나요 왜 이것이 필요하고 좋은지 그렇게 생각하신다면 그 이유도 함께 말씀 부탁드립니다","wordCount":17},"emotion":[],"intent":[]},"answer":{"raw":{"text":"어 저는 나눔과 베품이 에 대해서 어떻게 생각을 하냐고 물어보면 어 나눔과 배품은 꼭 필요하다고 생각합니다. 제가 어 바자회나 아니면 프리마켓 같은 곳에서 어 일을 진행을 하기 위해서 제가 쓰지 않는 좋은 물건들을 많이 어 주고 또 그렇게 되면 어 필요한 사람들이 어 아주 싼 가격으로 그것들을 나누어 가질 수 있기 때문에 어 좋다고 생각을 합니다. 그래서 경제적으로 이득이 되고 또 음 근처 가까운 사람들에게 그것을 전해주기 때문에 서로 서로 이웃 간에 도움을 줄 수 있다고 생각을 합니다. 나눔과 베품이 왜 필요하고 좋은지에 대해서 좋은 지에서 좋은 지에 대해서 설명을 하자면 음 많이 갖고 있는 사람들이 어 작게 갖고 있는 사람들에게 나누어주는 것이 어 꼭 필요하고 또 그것이 같이 살아가는 그런 원리라고 생각을 합니다. 특별히 뭐 도와주거나 어 불쌍해서 도와주는 것이 아니고 많이 갖고 있는 사람들이 더 많이 가지고 어 적게 가는 사람이 적게 갖는 것이 아니고 어 많이 갖고 있는 사람들이 어 적게 갖고 있는 사람들을 도와주는 것을 어 우리 사회에서도 꼭 해야 한다고 생각합니다.","wordCount":156},"emotion":[],"intent":[{"text":"특별히 뭐 도와주거나 어 불쌍해서 도와주는 것이 아니고 많이 갖고 있는 사람들이 더 많이 가지고 어 적게 가는 사람이 적게 갖는 것이 아니고 어 많이 갖고 있는 사람들이 어 적게 갖고 있는 사람들을 도와주는 것을 어 우리 사회에서도 꼭 해야 한다고 생각합니다.","expression":"c_value","category":"background"}],"summary":{"text":"나눔과 베품이가 왜 필요하고 좋은지에 대해 설명하자면, 많이 갖고 있는 사람들이 작게 갖고 있는 사람들에게 나누어주는 것이 꼭 필요하고 또 그것이 같이 살아가는 그런 원리라고 생각하며, 우리 사회에서도 꼭 해야 한다고 생각합니다.","wordCount":32}}},"rawDataInfo":{"question":{"fileFormat":"wav","fileSize":480078,"duration":15000,"samplingBit":16,"channelCount":1,"samplingRate":"16kHz","audioPath":"/Mock/03.PublicService/Female/Experienced/ckmk_q_ps_f_e_224466.wav"},"answer":{"fileFormat":"wav","fileSize":2901838,"duration":90680,"samplingBit":16,"channelCount":1,"samplingRate":"16kHz","audioPath":"/Mock/03.PublicService/Female/Experienced/ckmk_a_ps_f_e_224466.wav"}}}