{"version":"1.0","dataSet":{"info":{"date":"20230116","occupation":"PS","channel":"MOCK","place":"ONLINE","gender":"FEMALE","ageRange":"45-54","experience":"EXPERIENCED"},"question":{"raw":{"text":"지원자께서는 이 직무에 지원한 이유가 무엇인지 말씀해 주시고 스스로 왜 본인이 적합하다고 생각한 인재인지도 같이 설명해 주시길 바랍니다","wordCount":18},"emotion":[],"intent":[]},"answer":{"raw":{"text":"이 직무는 어 외부적인 대외 활동이나 이벤트도 많이 어 관장해야 하고 굉장히 제가 하지 않는 일이여 있기 때문에 어 배워가는 힘들 수 있습니다. 그런데 어 이 직무에 계속해서 관심을 가져왔습니다. 제가 내향적인 성격이다 보니 어 앉아서 제 제 스스로 효율성을 드러내면서 열심히 혼자 해내는 업무도 되게 중요하지만 어 스스로에게 배우는 것과 함께 일하는 동료들과 어떤 이벤트를 같이 하면서 맡은 바 자기들이 맡은 분량들을 스스로 해내면서 그것들을 또 같이 맞춰서 협업 협업을 해내고 함께 도와주면서 어 함께 어떤 프로젝트를 진행하는 것을 꼭 해보고 싶었습니다. 그래서 이 직무에 지원하게 됐고 어 해보고 싶었던 직무이기 때문에 제가 열심히 할 것입니다. 관심이 있었던 것이고 그냥 한 번 해봐야지 아니라 오랫동안 이걸 해보고 싶다고 생각했기 때문에 제가 적합한 인재라고 생각합니다. 그렇게 관심을 갖고 오랜 시간 어 이걸 한번 해보고 싶다 라고 생각을 가져왔다는 것만으로 어 제가 이 분야에서 이 부분에서 열심히 최선을 다할 것이기 때문에 어 저 제가 이 일을 하면 잘 해낼 수 있을 거라고 생각합니다.","wordCount":152},"emotion":[],"intent":[{"text":"","expression":"","category":"attitude"}],"summary":{"text":"이 직무는 대외 활동이나 이벤트도 많이 관장해야 하고 제가 하지 않는 일이여 배워가는 힘들 수 있습니다. 하지만 관심을 가져왔습니다. 스스로에게 배우는 것과 함께 일하는 동료들과 어떤 이벤트를 같이 하면서 협업 협업을 해내고 함께 프로젝트를 진행하는 것을 해보고 싶었습니다. 그래서 이 직무에 지원하게 됐습니다. 제가 적합한 인재라고 생각합니다.","wordCount":47}}},"rawDataInfo":{"question":{"fileFormat":"wav","fileSize":478158,"duration":14940,"samplingBit":16,"channelCount":1,"samplingRate":"16kHz","audioPath":"/Mock/03.PublicService/Female/Experienced/ckmk_q_ps_f_e_185839.wav"},"answer":{"fileFormat":"wav","fileSize":2337998,"duration":73060,"samplingBit":16,"channelCount":1,"samplingRate":"16kHz","audioPath":"/Mock/03.PublicService/Female/Experienced/ckmk_a_ps_f_e_185839.wav"}}}