{
    "version": "1.0",
    "dataSet": {
        "info": {
            "date": "20230116",
            "occupation": "PS",
            "channel": "MOCK",
            "place": "ONLINE",
            "gender": "FEMALE",
            "ageRange": "-34",
            "experience": "EXPERIENCED"
        },
        "question": {
            "raw": {
                "text": "지금까지의 자신의 삶을 되돌아봤을 때 후회되는 일이 있으신가요 만약 있다면 그중에서 가장 후회했던 일은 무엇인가요 한 가지만 골라서 말씀해 주시기 바랍니다",
                "wordCount": 21
            },
            "emotion": [],
            "intent": []
        },
        "answer": {
            "raw": {
                "text": "저는 제가 대학교에 진학했던 거를 가장 후회하고 있는데 어 어쩔 수 없던 상황이긴 하지만 조금 더 나한테 어 의식적으로 생각을 하고 쫌 더 내가 미래를 볼 수 있는 쫌 생각할 수 있는 능력이 키워져 있었다면 그 눈이 조금 넓혀져 있었다 면은 제가 대학에 가지 않았을 텐데 라는 후회를 좀 많이 하고는 합니다. 근데 그게 대학을 가서도 아 대학을 중간에 그만 둘까라는 생각을 안 한 건 아니었는데 어떤 그런 결정들이 제가 항상 제가 하는 일은 아니라고 했던 생각했던 것 같아요. 이거는 뭔가 더 다른 사람의 일인 것 같다 근데 그게 어 저는 금전적인 이유가 컸는데 사실 그게 대출이라는 게 결국은 제 삶을 지금 계속 갉아먹고 있어서 아 무리하지 않는 선에서 할 수 있는 것들을 했으면 됐는데 대학이라는 게 또 은연중에 제가 필수라고 생각했던 것 같애요. 그래서 무리하게 간 거고 결국은 그 대학을 마침으로써 아직도 좀 고통스러워하고 있는 그런 상태입니다.",
                "wordCount": 138
            },
            "emotion": [
                {
                    "text": "그래서 무리하게 간 거고 결국은 그 대학을 마침으로써 아직도 좀 고통스러워하고 있는 그런 상태입니다.",
                    "expression": "n-distress",
                    "category": "negative"
                }
            ],
            "intent": [
                {
                    "text": "",
                    "expression": "",
                    "category": "attitude"
                }
            ],
            "summary": {
                "text": "저는 대학에 진학한 것을 후회하고 있습니다. 왜냐하면 금전적인 이유가 컸는데, 대출이라는 것이 제 삶을 계속 괴롭혀왔습니다. 무리하지 않는 선에서 할 수 있는 것들을 했으면 됐는데 대학을 무리하게 간 것이고 결국 대학을 마침으로써 아직도 좀 고통스러워하고 있는 상태입니다.",
                "wordCount": 38
            }
        }
    },
    "rawDataInfo": {
        "question": {
            "fileFormat": "wav",
            "fileSize": 593678,
            "duration": 18550,
            "samplingBit": 16,
            "channelCount": 1,
            "samplingRate": "16kHz",
            "audioPath": "/Mock/03.PublicService/Female/Experienced/ckmk_q_ps_f_e_195762.wav"
        },
        "answer": {
            "fileFormat": "wav",
            "fileSize": 2793998,
            "duration": 87310,
            "samplingBit": 16,
            "channelCount": 1,
            "samplingRate": "16kHz",
            "audioPath": "/Mock/03.PublicService/Female/Experienced/ckmk_a_ps_f_e_195762.wav"
        }
    }
}