{"version":"1.0","dataSet":{"info":{"date":"20230116","occupation":"PS","channel":"MOCK","place":"ONLINE","gender":"FEMALE","ageRange":"35-44","experience":"EXPERIENCED"},"question":{"raw":{"text":"어 지원자님께서 이 직무에 지원을 하셨지만 어 다른 직무에 배치가 되실 수도 있습니다 어 그렇게 된다면 어떻게 대처를 하실 건가요 그리고 그래도 괜찮으신지 궁금합니다","wordCount":24},"emotion":[],"intent":[]},"answer":{"raw":{"text":"어 제가 지원한 직무가 아닌 다른 부서의 배치를 받게 되더라도 어 저는 제가 필요한 일을 어 필요한 부서에 어 배치를 받을 수 있고 제가 또 그것들을 할 수 있다고 상사에서 상사가 면접관이 판단을 해서 그것들을 어 배치를 했다고 생각을 했기 때문에 제가 그것들이 필요한 부분을 공부를 해서 그것들의 업무에 적응을 할 수 있도록 제가 많은 노력을 할 것입니다. 저는 어렸을 때부터 외국에서 생활도 하고 새로운 환경에서도 여러 번 살았기 때문에 음 그것들이 저에게는 새로운 환경과 새로운 사람들을 사귀는 것에 두려움을 많이 없애주었고 또 그것에 어려운 문제를 먼저 어 필요한 부분이 있다면 먼저 준비를 하는 습관을 갖게 되었습니다. 제가 날씨나 그런 음식에 어려운 부분이 있다면 어 제가 혹은 또 다른 업무 스타일이나 공부 스타일이 있다면 제가 그것들을 미리미리 준비해서 어 공부를 하는 습관을 많이 갖게 되었습니다. 그리고 제가 또 그것들을 할 때 어 새로운 환경에 적응을 하는 시간이 빠르기 때문에 어 업무를 빨리빨리 파악할 수가 있고 또 그것들을 어 빠르게 공부해서 진행할 수 있습니다. 그리고 제가 어 쉬는 시간이나 혹은 주말이나 어 일 끝난 후에 제가 그것들을 공부를 해서 제가 필요한 부분들을 채워 나갈 것이고 또 어 동료에게 도움을 요청해서 어 도움을 받을 수 있는 것을 물어보겠습니다.","wordCount":186},"emotion":[],"intent":[{"text":"저는 어렸을 때부터 외국에서 생활도 하고 새로운 환경에서도 여러 번 살았기 때문에 음 그것들이 저에게는 새로운 환경과 새로운 사람들을 사귀는 것에 두려움을 많이 없애주었고 또 그것에 어려운 문제를 먼저 어 필요한 부분이 있다면 먼저 준비를 하는 습관을 갖게 되었습니다.","expression":"c_private","category":"background"}],"summary":{"text":"다른 부서의 배치를 받게 되더라도 제가 필요한 업무를 할 수 있다고 상사가 판단을 해서 배치를 했다고 생각을 했기 때문에 제가 그것들이 필요한 부분을 공부를 해서 그것들의 업무에 적응을 할 수 있도록 제가 많은 노력을 할 것입니다. 그리고 쉬는 시간이나 주말이나 일 끝난 후에 제가 공부를 해서 필요한 부분들을 채워 나갈 것이고 또 동료에게 도움을 요청해서 도움받을 수 있는 것을 물어보겠습니다.","wordCount":60}}},"rawDataInfo":{"question":{"fileFormat":"wav","fileSize":514638,"duration":16079,"samplingBit":16,"channelCount":1,"samplingRate":"16kHz","audioPath":"/Mock/03.PublicService/Female/Experienced/ckmk_q_ps_f_e_246535.wav"},"answer":{"fileFormat":"wav","fileSize":3850318,"duration":120320,"samplingBit":16,"channelCount":1,"samplingRate":"16kHz","audioPath":"/Mock/03.PublicService/Female/Experienced/ckmk_a_ps_f_e_246535.wav"}}}