{"version":"1.0","dataSet":{"info":{"date":"20230116","occupation":"PS","channel":"MOCK","place":"ONLINE","gender":"FEMALE","ageRange":"55-","experience":"EXPERIENCED"},"question":{"raw":{"text":"요즘 사회적으로 어 윤리 경영이라는 것이 큰 이슈가 되고 있습니다 이런 윤리 경영을 위해서 조직이나 회사 차원에서는 어떠한 일을 해야 할지 그것은 무엇이라고 생각하시는지 말씀해 주세요","wordCount":26},"emotion":[],"intent":[]},"answer":{"raw":{"text":"조직 회사 차원에서는 기업의 사회적 책임을 다하는 것이 제일 중요하다고 생각하고요. 어 기업은 무조건 도덕적이어야 한다는 그런 개념에서 벗어나서 직원 고객 뭐 주주 이 이 당사자들에게 어 윤리적이고 관행적이지 않으며 도덕적으로도 그리고 회계적으로도 투명한 경영을 해서 사회적 책임을 다할 수 있는 어 그런 조직 회사 차원이 돼야 된다고 생각합니다.","wordCount":49},"emotion":[],"intent":[{"text":"","expression":"","category":"attitude"}],"summary":{"text":"직원, 고객, 주주들에게 윤리적이고 관행적이지 않고 도덕적, 회계적으로도 투명한 경영을 통해 기업의 사회적 책임을 다하는 조직이 되어야 합니다.","wordCount":18}}},"rawDataInfo":{"question":{"fileFormat":"wav","fileSize":629838,"duration":19680,"samplingBit":16,"channelCount":1,"samplingRate":"16kHz","audioPath":"/Mock/03.PublicService/Female/Experienced/ckmk_q_ps_f_e_234643.wav"},"answer":{"fileFormat":"wav","fileSize":1148878,"duration":35900,"samplingBit":16,"channelCount":1,"samplingRate":"16kHz","audioPath":"/Mock/03.PublicService/Female/Experienced/ckmk_a_ps_f_e_234643.wav"}}}