{"version":"1.0","dataSet":{"info":{"date":"20230116","occupation":"PS","channel":"MOCK","place":"ONLINE","gender":"FEMALE","ageRange":"35-44","experience":"EXPERIENCED"},"question":{"raw":{"text":"지원자 분은 평소에 개인 작업을 많이 하시는 편인가요 만약에 개인 작업이 많으시다면 그렇게 할 수 있는 원동력은 무엇이라고 생각하시나요","wordCount":19},"emotion":[],"intent":[]},"answer":{"raw":{"text":"평상시에 개인 작업을 많이 하는 편입니다. 그렇게 할 수 있는 원동력은 무엇이라고 생각을 하는지 어 제가 어 유발을 하고 있기 때문에 어 재택으로 인제 근무를 많이 하는 편인데 그렇게 할 때 어 제가 시간을 제 스스로 계획을 하고 쓸 수 있다는 점에서 어 그 이 인제 맞다고 생각을 하기 때문에 그 유들을 진행을 할 수 있게 되었습니다. 그리고 또 제가 어 장기적인 계획을 세워서 어 하루에 아니면 한 시간 단위별로 어느 정도 수업 어느 정도 이를 진행을 할 수 있는지에 대해서 계획을 하고 어 빠지기 때문에 그것들을 시간을 촉박하게 생각하지 않고 불안함을 가지지 않고 그것들을 할 수가 있습니다. 그런데 반면에 그것들이 없다면 자기가 어느 위치에서 일을 하고 있는지 어 완성도가 어느 정도 되는지 모르기 때문에 불안한 마음 속에서 시간만 없다는 생각을 가지고 급하게 일을 진행을 할 수 있는데 저는 단기적인 계획을 어 짜고 또 두 번째로는 장기적인 계획을 세워서 한 달 동안 어느 정도 할 수 있는지 뭐 어 세 달 동안 어느 정도 할 수 있는지에 대해서 계획을 많이 세운 세우고 또 최종적인 목표를 설정을 해서 제가 어느 정도 뭐 그 목표에 맞춰서 단기적인 계획이나 중기적인 계획을 가지고 그들 할 수 있는 확신 속에서 제가 그것들을 시간 관리를 통해서 할 수 있습니다.","wordCount":193},"emotion":[],"intent":[{"text":"","expression":"","category":"attitude"}],"summary":{"text":"평상시에 개인 작업을 많이 하는 이유는 스스로 시간을 계획을 할 수 있기 때문입니다. 또 제가 장기적인 계획을 세우면 불안함을 가지지 않고 일을 할 수 있습니다. 단기적인 계획을 짜고, 장기적인 계획을 세워 세 달 동안 어느 정도 할 수 있는 지에 대해 계획을 세우고, 최종적인 목표를 설정하면 그 목표에 맞춰서 시간 관리를 통해 할 수 있게 되었습니다.","wordCount":56}}},"rawDataInfo":{"question":{"fileFormat":"wav","fileSize":476238,"duration":14880,"samplingBit":16,"channelCount":1,"samplingRate":"16kHz","audioPath":"/Mock/03.PublicService/Female/Experienced/ckmk_q_ps_f_e_234091.wav"},"answer":{"fileFormat":"wav","fileSize":3778958,"duration":118090,"samplingBit":16,"channelCount":1,"samplingRate":"16kHz","audioPath":"/Mock/03.PublicService/Female/Experienced/ckmk_a_ps_f_e_234091.wav"}}}