{"version":"1.0","dataSet":{"info":{"date":"20230116","occupation":"PS","channel":"MOCK","place":"ONLINE","gender":"FEMALE","ageRange":"45-54","experience":"EXPERIENCED"},"question":{"raw":{"text":"만약 고객이 당사의 상품과 서비스에 지속적인 불만을 나타낸다면 지원자는 어떻게 응대하시겠습니까","wordCount":11},"emotion":[],"intent":[]},"answer":{"raw":{"text":"어 고객이 상품에서 상품을 서비스에서 계속해서 지속적으로 불만을 나타낸다면 분명히 이유가 있을 것입니다. 그 분이 트집을 일부러 잡는 것이 아니고 상품에 대해서 정말 문제가 있어서 그러는 거라면 그 문제가 무엇인지 정확하게 파악을 해야 합니다. 그래서 그 문제가 뭔지 알아낸다면은 그다음에는 인제 자세히 그걸 알아보고 일정 그게 사실로 확인됐을 때는 뭐 만족스러운 일단 보상을 그 분에게 해야겠죠. 그 고객게에는 어떤 부분이 잘못해서 본인이 어떤 피해를 당했는지 구체적으로 얘기하고 다 들어준 후에 만족스러 마음이 만족스러울 때까지 보상을 충분히 해야 된다고 봅니다. 그래야 회사의 이미지에도 타격이 가지 않고 그렇게 한 후에 그분이 가졌던 그 불만이 어 보편적이고 객관적인 것인지가 파악된다면 그 다음에는 다른 제 이 제 삼의 그런 고객이 나올 수 있다는 것을 염두에 두고 그 고객이 제시한 문제점에 대해서 어 공론화해서 회사 내에서 상부에도 보고를 하고 공론화해서 그 그것을 담당하고 있는 맡은 부서에서 그 부분을 깔끔하게 처리하는 것까지 해야 다음에 그러한 일이 다시 발생하지 않겠죠. 그래서 서비스에 대한 불만은 있는 게 당연하고 그거에 대한 대응은 아마 발전으로 이어질 수 있도록 끌어내는 것이 좋다고 생각합니다.","wordCount":162},"emotion":[],"intent":[{"text":"그 고객게에는 어떤 부분이 잘못해서 본인이 어떤 피해를 당했는지 구체적으로 얘기하고 다 들어준 후에 만족스러 마음이 만족스러울 때까지   보상을 충분히 해야 된다고 봅니다.","expression":"p_voc","category":"technology"},{"text":"그래야 회사의 이미지에도 타격이 가지 않고 그렇게 한 후에 그분이 가졌던 그 불만이   어 보편적이고 객관적인 것인지가 파악된다면 그 다음에는 다른 제 이 제 삼의 그런 고객이 나올 수 있다는 것을 염두에 두고 그 고객이 제시한 문제점에 대해서 어   공론화해서 회사 내에서 상부에도 보고를 하고 공론화해서 그 그것을 담당하고 있는 맡은 부서에서   그 부분을 깔끔하게 처리하는 것까지 해야 다음에 그러한 일이 다시 발생하지 않겠죠.","expression":"p_voc","category":"technology"}],"summary":{"text":"상품에 문제가 있다면 그 이유를 정확히 파악해야 합니다. 그 후 그 문제가 사실로 확인되었을 때는 만족스러운 보상을 해야 합니다. 그리고 그 고객이 가졌던 불만이 보편적이고 객관적인 것인지 파악된 후에는 그 고객이 제시한 문제점에 대해 회사 내에서 상부에도 보고하고 그 부분을 담당하는 부서에서 처리하면 다음번에도 그런 일이 다시 발생하지 않습니다.","wordCount":49}}},"rawDataInfo":{"question":{"fileFormat":"wav","fileSize":320078,"duration":10000,"samplingBit":16,"channelCount":1,"samplingRate":"16kHz","audioPath":"/Mock/03.PublicService/Female/Experienced/ckmk_q_ps_f_e_185769.wav"},"answer":{"fileFormat":"wav","fileSize":2636878,"duration":82400,"samplingBit":16,"channelCount":1,"samplingRate":"16kHz","audioPath":"/Mock/03.PublicService/Female/Experienced/ckmk_a_ps_f_e_185769.wav"}}}