{"version":"1.0","dataSet":{"info":{"date":"20230116","occupation":"PS","channel":"MOCK","place":"ONLINE","gender":"FEMALE","ageRange":"45-54","experience":"EXPERIENCED"},"question":{"raw":{"text":"지원자님께서는 해외에 파견 근무를 나가게 되는 상황이 생기면 어떠한 나라에서 일을 하고 싶으신가요 그렇다면 이유도 함께 설명을 부탁드립니다","wordCount":18},"emotion":[],"intent":[]},"answer":{"raw":{"text":"해외에 파견 근무를 나가게 된다면 어 저는 여러 가지 문화가 공존하고 그러면서도 차별성이 없고 어 인종 차별이나 아니면 여러 가지 뭐 성 어 성별에 대한 차별이나 어 이런 것들 빈부 차별이나 이런 것들이 빈부 격차 이런 것이 없는 어 제도적으로 굉장히 시스템이 공고하고 잘 되어 있는 나라에서 일을 하면서 그 문화를 배우면서 그들의 좋은 점을 배워오고 싶습니다. 그리고 앞으로 우리나라나 우리나라 기업들이 어 그들에게 배우고 그들을 어 모티브 삼아서 쫓아가야 할 점이 무엇인지도 배우고 싶기 때문에 저 제가 가고 싶 가서 일해보고 싶은 나라는 캐나다 일단 차별이 적은 나라이고 약자들을 위한 어떤 사회 안전망도 상당히 구축되어 있고 그리고 다양한 문화들 문화의 사람들이 섞여서 하나의 국가를 이루면서 서로 어 편견 없이 살아간다는 점에서 캐나다가 굉장히 어 그런 부분을 앞서 나가는 나라라고 봅니다. 그러면서도 약자에 대한 시스템도 또한 잘 구축돼 있기 때문에 저는 파견 근무는 캐나다 같은 나라에서 하고 싶습니다. 아니면 뭐 싱가폴도 한 번 일해보고 싶은 나라입니다.","wordCount":146},"emotion":[{"text":"해외에 파견 근무를 나가게 된다면 어 저는 여러 가지 문화가 공존하고 그러면서도 차별성이 없고 어 인종 차별이나 아니면 여러 가지 뭐 성 어 성별에 대한 차별이나 어 이런 것들 빈부 차별이나 이런 것들이 빈부 격차 이런 것이 없는 어 제도적으로 굉장히 시스템이 공고하고 잘 되어 있는 나라에서 일을 하면서 그 문화를 배우면서 그들의 좋은 점을 배워오고 싶습니다.","expression":"p-interest","category":"positive"},{"text":"그리고 앞으로 우리나라나 우리나라 기업들이 어 그들에게 배우고 그들을 어 모티브 삼아서 쫓아가야 할 점이 무엇인지도 배우고 싶기 때문에 저 제가 가고 싶 가서 일해보고 싶은 나라는 캐나다 일단 차별이 적은 나라이고 약자들을 위한 어떤 사회 안전망도 상당히 구축되어 있고 그리고 다양한 문화들 문화의 사람들이 섞여서 하나의 국가를 이루면서 서로 어 편견 없이 살아간다는 점에서 캐나다가 굉장히 어 그런 부분을 앞서 나가는 나라라고 봅니다.","expression":"p-interest","category":"positive"},{"text":"그러면서도 약자에 대한 시스템도 또한 잘 구축돼 있기 때문에 저는 파견 근무는 캐나다 같은 나라에서 하고 싶습니다.","expression":"p-interest","category":"positive"}],"intent":[{"text":"","expression":"","category":"attitude"}],"summary":{"text":"해외 파견 근무를 가게 된다면 제도적으로 굉장히 시스템이 공고하고 잘 되어 있는 나라에서 일하면서 그 문화를 배우면서 그들의 좋은 점을 배워오고 싶습니다. 앞으로 우리나라나 우리나라 기업들이 그들을 모티브 삼아서 따라가야 할 점이 무엇인지도 배우고 싶기 때문에 제가 일해보고 싶은 나라는 캐나다 같은 나라입니다.","wordCount":43}}},"rawDataInfo":{"question":{"fileFormat":"wav","fileSize":549838,"duration":17180,"samplingBit":16,"channelCount":1,"samplingRate":"16kHz","audioPath":"/Mock/03.PublicService/Female/Experienced/ckmk_q_ps_f_e_209209.wav"},"answer":{"fileFormat":"wav","fileSize":2878158,"duration":89940,"samplingBit":16,"channelCount":1,"samplingRate":"16kHz","audioPath":"/Mock/03.PublicService/Female/Experienced/ckmk_a_ps_f_e_209209.wav"}}}