{"version":"1.0","dataSet":{"info":{"date":"20230116","occupation":"PS","channel":"MOCK","place":"ONLINE","gender":"FEMALE","ageRange":"-34","experience":"EXPERIENCED"},"question":{"raw":{"text":"만약에 일을 하던 중에 직무가 적성에 맞지 않는다면 지원자님께서는 어떻게 하실 건가요 상황을 가정하고 말씀해 주시겠어요","wordCount":16},"emotion":[],"intent":[]},"answer":{"raw":{"text":"어 근데 제가 사실은 이십 대 초반에서 중반 넘어가기 전부터 이 일을 했었기 때문에 사실 이게 적성이 안 맞을 거라는 상상은 좀 안 해봤었거든요. 사실 쭉 해오고 있는 일이고 오히려 요즘에 더 제가 이 직업에 더 애정이 커지고 있어서 사실 그 상황이 조금 저한테는 잘 안 들어오긴 하는데 어 좀 비슷한 저의 경험을 말씀을 드리면 제가 그 아까 이십 대 초반에서 중반 넘어갔을 때 이제 시작했다고 했잖아요. 근데 그게 지금은 제가 필라테스를 하고 있지만 그때 이십 대 초반에는 어 요가로 시작을 했었거든요. 근데 제가 이제 요가 강사로 이제 하면서 그 그 요가 자체가 그렇다기보다는 뭔가 어느 지점에서 일을 할 때 거기에 분위기가 좀 저랑 안 맞았던 경험이 있었는데 그때 좀 그게 가식적이다 라고 느껴지면서 자연스럽게 필라테스로 넘어오게 됐었거든요 이제 다시 준비하면서. 만약에 그런 상황이 생기면 요런 식으로 비슷하게 넘어가지 않을까요.","wordCount":130},"emotion":[],"intent":[{"text":"","expression":"","category":"attitude"}],"summary":{"text":"저는 20대 초반에서 중반 넘어가기 전부터 이 일을 해왔기 때문에 적성이 맞지 않을 거라는 생각은 별로 안 했습니다. 그런데 제가 요가 강사로 일을 할 때 분위기가 맞지 않아 자연스럽게 필라테스로 넘어왔습니다. 만약 그런 상황이 생기면 이런 식으로 비슷하게 넘어가지 않을까 생각합니다.","wordCount":41}}},"rawDataInfo":{"question":{"fileFormat":"wav","fileSize":436878,"duration":13650,"samplingBit":16,"channelCount":1,"samplingRate":"16kHz","audioPath":"/Mock/03.PublicService/Female/Experienced/ckmk_q_ps_f_e_205353.wav"},"answer":{"fileFormat":"wav","fileSize":2819918,"duration":88120,"samplingBit":16,"channelCount":1,"samplingRate":"16kHz","audioPath":"/Mock/03.PublicService/Female/Experienced/ckmk_a_ps_f_e_205353.wav"}}}