{"version":"1.0","dataSet":{"info":{"date":"20230116","occupation":"PS","channel":"MOCK","place":"ONLINE","gender":"FEMALE","ageRange":"-34","experience":"EXPERIENCED"},"question":{"raw":{"text":"면접자는 국가철도공단과 코레일의 차이가 무엇인지 알고 있습니까 말씀해 주세요","wordCount":9},"emotion":[],"intent":[]},"answer":{"raw":{"text":"대표적으로 공단과 공사라는 차이점이 있다 라고 생각합니다. 공단보다는 공사가 훨씬 더 큰 개념이 있고 또한 자본율 그리고 이익에 대해서도 굉장히 어 그 부분을 세세하게 분류한다 라고 저는 알고 있습니다. 그래서 공사의 입장에서는 더 많은 이윤을 경영을 하는 과정에서 내야 한다 라고 알고 있는데요. 대표적으로 국가 철도공과 공단 같은 경우에는 기초 시설에 관련해서 어 레일을 수리한다던가 하는 역할을 맡고 있다 라고 저는 알고 있고 코레일은 우리 국가 기반 운송 산업인 기차에 대한 전반적인 시선 관리가 아닌 기차를 운용하는 역할이라고 알고 있습니다. 그래서 공단이 담당하는 역할이 더 세분화된 분야라면 코레일은 더 전반적인 기차에 대한 분야를 담당하고 있다 라고 생각합니다.","wordCount":97},"emotion":[{"text":"대표적으로 국가 철도공과 공단 같은 경우에는 기초 시설에 관련해서   어 레일을 수리한다던가 하는 역할을 맡고 있다.","expression":"u-fact","category":"neutral"}],"intent":[{"text":"","expression":"","category":"attitude"}],"summary":{"text":"공단은 자본율과 이익을 세세하게 분류하기 때문에 더 많은 이윤을 경영하는 과정에서 내야 합니다. 반면, 코레일은 국가 기반 운송 산업인 기차를 운용하는 역할입니다. 따라서 공단이 담당하는 역할이 더 세분화된 분야라면 코레일은 더 전반적인 기차 분야를 담당합니다.","wordCount":35}}},"rawDataInfo":{"question":{"fileFormat":"wav","fileSize":422478,"duration":13200,"samplingBit":16,"channelCount":1,"samplingRate":"16kHz","audioPath":"/Mock/03.PublicService/Female/Experienced/ckmk_q_ps_f_e_179091.wav"},"answer":{"fileFormat":"wav","fileSize":2558158,"duration":79940,"samplingBit":16,"channelCount":1,"samplingRate":"16kHz","audioPath":"/Mock/03.PublicService/Female/Experienced/ckmk_a_ps_f_e_179091.wav"}}}