{"version":"1.0","dataSet":{"info":{"date":"20230116","occupation":"PS","channel":"MOCK","place":"ONLINE","gender":"FEMALE","ageRange":"35-44","experience":"EXPERIENCED"},"question":{"raw":{"text":"어 지원자님이 생각하시기에 본인 스스로 숫자와 창의 중에 어떤 것에 더 가깝다고 생각하시나요 그리고 그렇게 생각하시는 이유도 함께 말씀해 주시기를 바랍니다","wordCount":21},"emotion":[],"intent":[]},"answer":{"raw":{"text":"어 저는 어 창의 쪽에 더 가깝다고 생각을 합니다. 왜냐하면 제가 창의적으로 일을 해결을 할 때 제가 더 많은 에너지와 또 마음을 쏟아서 그것들을 하는 것을 경험을 했기 때문입니다. 예를 들어서 답이 정해지지 않은 어 그런 문제들을 음 다른 학생들에게 어 주어주어서 제시를 하여서 그것들을 학생들이 음 창의적으로 어 백 명의 학생에게 주면 백 가지의 방법이 나올 수 있듯이 음 학생들이 창의적으로 어 그것들을 진행을 할 때 학생들 자신도 많은 에너지를 가지고 긍정적인 에너지를 가지고 그것들을 어 참여할 수 있기 때문입니다. 그래서 그렇게 할 때 서로 간에 어 시너지 효과가 나오게 되고 서로 간에 협력하여서 어 즉각적으로 어 즉흥적으로 그것들을 행할 수 있기 때문입니다. 어 그래서 저는 창의적인 것도 쪽에 더 가까운데 그것을 준비할 때는 어떤 학습 목표를 가지고 정해진 어 틀을 제시를 해줘야 하기 때문에 어 데이터를 사용해서 숫자를 사용해서 어 정확하게 계획된 어 목표를 가지고 어 창의롭게 할 수 있도록 어 숫자적인 것은 준비할 때 어 제가 사용하는 편입니다. 그래서 그것들을 어떻게 창의적으로 어 그 학생들이 할 수 있는 지에 대해서 계획하고 교사가 간접적으로 그것들을 어 제시할 수 있도록 어 도와주는 편입니다.","wordCount":174},"emotion":[],"intent":[{"text":"","expression":"","category":"attitude"}],"summary":{"text":"저는 창의적인 것에 더 가까운데, 그것을 준비할 때는 어떤 학습 목표를 가지고 정해진 틀을 제시해야 하기 때문에 데이터를 사용해서 숫자를 사용해서 정확하게 계획된 목표를 가지고 창의롭게 할 수 있도록 숫자적인 것은 준비하는 편입니다. 그래서 그것들을 어떻게 창의적으로 학생들이 할 수 있는 지에 대해서 계획하고 교사가 간접적으로 그것들을 제시할 수 있도록 도와주는 편입니다.","wordCount":52}}},"rawDataInfo":{"question":{"fileFormat":"wav","fileSize":514638,"duration":16079,"samplingBit":16,"channelCount":1,"samplingRate":"16kHz","audioPath":"/Mock/03.PublicService/Female/Experienced/ckmk_q_ps_f_e_241049.wav"},"answer":{"fileFormat":"wav","fileSize":3829198,"duration":119660,"samplingBit":16,"channelCount":1,"samplingRate":"16kHz","audioPath":"/Mock/03.PublicService/Female/Experienced/ckmk_a_ps_f_e_241049.wav"}}}