{"version":"1.0","dataSet":{"info":{"date":"20230116","occupation":"PS","channel":"MOCK","place":"ONLINE","gender":"FEMALE","ageRange":"55-","experience":"EXPERIENCED"},"question":{"raw":{"text":"만약 일을 하던 중 팀원과 불화가 생긴다면 지원자분께서는 어떻게 해결하실 생각이십니까 해결법과 그 이유에 대해서 말씀해 주시기 바랍니다","wordCount":18},"emotion":[],"intent":[]},"answer":{"raw":{"text":"팀 프로젝트를 하는 경우에 불화가 생긴다면 일단은 그 불화의 요인을 알아보고 어떤 류의 요인인지 감정적인 요인인지 업무적 요인인지를 먼저 알아본 후에 업무적 요인이면 업무적 요인에 따르는 업무의 강도나 질과 이런 거를 서로 나눌 수 있게 불화 요인을 제거할 수 있도록 하고요. 감정적인 요인인 경우에는 어느 쪽이 감정적으로 더 큰 상처를 입었는가를 보고 상처를 입은 그 사람을 일단 배려하고 다독이고 감정을 풀을 수 있도록 도와주는 게 제일 큰 어 방법일 것 같습니다. 먼저 제가 팀원과 불화가 생긴다면 어른으로서 총괄 책임자로서 제가 무엇을 그쪽하게 상처를 주었는지를 먼저 얘기하고 어 사과할 거 있으면 사과하고 상대 팀원의 얘기를 잘 들어주어서 어떤 오해와 상처가 있는지를 파악해서 대화로 서로의 상처를 풀 수 있는 게 제일 큰 방법일 것 같습니다. 총괄 책임자로서 먼저 사과하고 오해를 푸는 게 제일 큰 방법일 것 같습니다.","wordCount":125},"emotion":[],"intent":[{"text":"팀 프로젝트를 하는 경우에 불화가 생긴다면 일단은 그 불화의 요인을 알아보고 어떤 류의 요인인지 감정적인 요인인지 업무적 요인인지를 먼저 알아본 후에 업무적 요인이면 업무적 요인에 따르는 업무의 강도나 질과 이런 거를 서로 나눌 수 있게 불화 요인을 제거할 수 있도록 하고요.","expression":"c_confl_mg","category":"personality"},{"text":"감정적인 요인인 경우에는 어느 쪽이 감정적으로 더 큰 상처를 입었는가를 보고 상처를 입은 그 사람을 일단 배려하고 다독이고 감정을 풀을 수 있도록 도와주는 게 제일 큰 어 방법일 것 같습니다.","expression":"c_confl_mg","category":"personality"},{"text":"먼저 제가 팀원과 불화가 생긴다면 어른으로서 총괄 책임자로서 제가 무엇을 그쪽하게 상처를 주었는지를 먼저 얘기하고 어 사과할 거 있으면 사과하고 상대 팀원의 얘기를 잘 들어주어서 어떤 오해와 상처가 있는지를 파악해서 대화로 서로의 상처를 풀 수 있는 게 제일 큰 방법일 것 같습니다.","expression":"c_confl_mg","category":"personality"}],"summary":{"text":"팀 프로젝트에서 불화가 생긴다면 우선 불화의 원인을 알아보고 감정적인 요인인 경우에는 상처를 입은 그 사람을 먼저 배려하고 다독이고 감정을 풀을 수 있도록 도와주는 게 가장 큰 방법일 것 같습니다. 총괄 책임자로서 먼저 사과하고 오해를 풀 수 있는 게 제일 큰 방법이라고 생각합니다.","wordCount":42}}},"rawDataInfo":{"question":{"fileFormat":"wav","fileSize":515278,"duration":16100,"samplingBit":16,"channelCount":1,"samplingRate":"16kHz","audioPath":"/Mock/03.PublicService/Female/Experienced/ckmk_q_ps_f_e_245209.wav"},"answer":{"fileFormat":"wav","fileSize":2828238,"duration":88380,"samplingBit":16,"channelCount":1,"samplingRate":"16kHz","audioPath":"/Mock/03.PublicService/Female/Experienced/ckmk_a_ps_f_e_245209.wav"}}}