{"version":"1.0","dataSet":{"info":{"date":"20230116","occupation":"PS","channel":"MOCK","place":"ONLINE","gender":"FEMALE","ageRange":"-34","experience":"EXPERIENCED"},"question":{"raw":{"text":"몇 년 전 우버 택시와 관련해서 논란이 있었던 걸 알고 있을 텐데 혹시 본인은 찬반양론에 대해 어떻게 생각하시나요","wordCount":18},"emotion":[],"intent":[]},"answer":{"raw":{"text":"저는 분명하게 우버 택시를 여전히 찬성하고 어 우버 택시를 승인하지 못한 정부에게 잘못이 있다고 생각합니다. 대한민국은 자유민주주의 국가이자 자유시장 경쟁 체제를 택한 민주주의 국가입니다. 따라서 대한민국 법에 어긋나거나 혹은 뭐 지대한 사회적 문제를 초래하는 것이 아닌 이상 그 누구나 사회에 이익이 되는 사업을 진행할 수 있다고 생각을 합니다. 단지 택시 업계라는 사회의 극히 일부의 이익 단체에 대해 지나 지대한 영향을 초래한다고 해서 어 그 외에 절대 다수에게 이득이 될 수두 있는 사업을 그리고 자신의 사업을 해 보고자 하는 어떤 한 개인의 의지를 꺾어버린 것이라고 생각을 하기 때문입니다. 물론 택시 업계의 반발이 굉장히 강했다는 것은 알고 있습니다. 하지만 얼마든지 더 충분한 시간을 가지고 음 절충안을 찾아볼 수도 있었을 텐데 어 이에 대한 노력을 하기보다 일방적으로 사업을 무효화 처리해 버린 것은 어 자유신장 자유 자유시장 경쟁 체제를 택한 어 택하고 있는 대한민국의 어떤 모순된 결정이라고 생각을 합니다.","wordCount":135},"emotion":[{"text":"대한민국은 자유민주주의 국가이자 자유시장 경쟁 체제를   택한 민주주의 국가입니다.","expression":"u-fact","category":"neutral"}],"intent":[{"text":"따라서 대한민국 법에 어긋나거나 혹은 뭐 지대한 사회적 문제를   초래하는 것이 아닌 이상 그 누구나 사회에 이익이 되는 사업을 진행할 수 있다고 생각을 합니다.","expression":"p_ethic","category":"attitude"}],"summary":{"text":"저는 우버 택시를 여전히 찬성하고 승인하지 못한 정부에 잘못이 있다고 생각합니다. 대한민국은 자유민주주의 국가이자 자유시장 경쟁 체제를 택한 민주주의 국가이기 때문에 법에 어긋나거나 사회적 문제를 초래하지 않는 이상 누구나 사회에 이익이 되는 사업을 진행할 수 있습니다.","wordCount":36}}},"rawDataInfo":{"question":{"fileFormat":"wav","fileSize":316238,"duration":9880,"samplingBit":16,"channelCount":1,"samplingRate":"16kHz","audioPath":"/Mock/03.PublicService/Female/Experienced/ckmk_q_ps_f_e_190177.wav"},"answer":{"fileFormat":"wav","fileSize":2094158,"duration":65440,"samplingBit":16,"channelCount":1,"samplingRate":"16kHz","audioPath":"/Mock/03.PublicService/Female/Experienced/ckmk_a_ps_f_e_190177.wav"}}}