{"version":"1.0","dataSet":{"info":{"date":"20230116","occupation":"PS","channel":"MOCK","place":"ONLINE","gender":"FEMALE","ageRange":"-34","experience":"EXPERIENCED"},"question":{"raw":{"text":"지원자님께서는 시험 기간에 시간이 촉박할 때 본인만이 가진 시간 관리 비법이 있으실까요","wordCount":12},"emotion":[],"intent":[]},"answer":{"raw":{"text":"어 저는 이런 상황에 조금 취약한 편이긴 하거든요. 학창 시절에도 그렇게 공부를 열심히 했던 스타일은 아니었기 때문에 제가 이십 대에 들어서면서 이걸 직업으로 가져가야겠다 라고 생각을 한 그때부터 사실 시험의 연속이긴 했었거든요. 근데 저희 분야는 어쨌든 이론만으로 가는 건 아니기 때문에 앉아서 공부를 하는 어떤 그런 느낌은 아니지만 어쨌든 돈을 버는 일에 같이 병행하면서 이것을 준비해야 하는 그런 좀 리스크가 있어서 시간을 온전히 이 시험에 집중할 수 없었던 적이 많기는 했었어요. 그래서 저는 시간 관리를 그때 특별히 했다기보다는 일단은 눈앞에 그 시험을 계속 해치워야 되니까 어 뭐 일단은 친구들이나 어떤 부가적인 약속들을 잡지 않고 이 시험에만 자꾸 집중할 수 있도록 벼락치기처럼 진행했었던 것 같애요. 그래서 저는 시간 관리를 사실 자신 있게 제가 이러한 비법이 있다 라고 말씀드리기가 애매하기는 합니다.","wordCount":119},"emotion":[],"intent":[{"text":"","expression":"","category":"attitude"}],"summary":{"text":"학창 시절에도 공부를 열심히 했던 스타일은 아니었지만 돈을 버는 일에 같이 병행하면서 시간을 온전히 이 시험에 집중할 수 없었던 적이 많았습니다. 그래서 시간 관리를 특별히 했다기보다는 일단 친구들이나 어떤 약속들을 잡지 않고 시험에만 집중할 수 있도록 벼락치기처럼 진행했었습니다.","wordCount":38}}},"rawDataInfo":{"question":{"fileFormat":"wav","fileSize":359118,"duration":11220,"samplingBit":16,"channelCount":1,"samplingRate":"16kHz","audioPath":"/Mock/03.PublicService/Female/Experienced/ckmk_q_ps_f_e_205354.wav"},"answer":{"fileFormat":"wav","fileSize":2740558,"duration":85640,"samplingBit":16,"channelCount":1,"samplingRate":"16kHz","audioPath":"/Mock/03.PublicService/Female/Experienced/ckmk_a_ps_f_e_205354.wav"}}}