{"version":"1.0","dataSet":{"info":{"date":"20230116","occupation":"PS","channel":"MOCK","place":"ONLINE","gender":"FEMALE","ageRange":"-34","experience":"EXPERIENCED"},"question":{"raw":{"text":"자신에게 맡겨진 직무를 수행하는 도중에 모르는 과제가 등장했다면 지원자님께서는 어떻게 해결을 하시겠습니까 해결법과 이유를 말씀해 주세요","wordCount":16},"emotion":[],"intent":[]},"answer":{"raw":{"text":"저는 이런 상황을 대비해서 친밀하게 쌓아 둔 인간관계로 선임 찬스를 통해 해결하겠습니다. 저는 직무 능력은 태도로 보완할 수 있다고 생각하는 사람입니다. 제가 완벽한 사람이 아니기 때문에 부족한 부분이 항상 있을 것이고 모르는 것은 물어보고 배우는 것이 부끄러운 일이 아니라고 생각합니다. 물론 함께 일하는 팀에 선임들이 후임을 맡아서 모든 것을 케어해 줄 수는 없지만 직무 능력을 보완해주는 일도 선임에 몫이라고 생각합니다. 그래서 제가 보완해야 할 직무 능력이 부족한 것은 제가 스스로 노력하겠지만 그동안 쌓아온 인간관계 속에서 멘토 선임에게 직무 수행에 어려움을 이야기하고 수행 방향성에 대한 도움을 받아서 우선적으로 원활하게 과제를 해결할 생각입니다.","wordCount":91},"emotion":[],"intent":[{"text":"","expression":"","category":"attitude"}],"summary":{"text":"저는 완벽한 사람이 아니라서 부족한 부분이 항상 있을 것이고 모르는 것은 묻고 배우는 것이 자랑스러운 일이 아니라고 생각합니다. 따라서 멘토 선임에게 직무 수행에 어려움을 이야기하고 수행 방향성에 대한 도움을 받아서 우선적으로 원활하게 과제를 해결할 계획입니다.","wordCount":35}}},"rawDataInfo":{"question":{"fileFormat":"wav","fileSize":558798,"duration":17460,"samplingBit":16,"channelCount":1,"samplingRate":"16kHz","audioPath":"/Mock/03.PublicService/Female/Experienced/ckmk_q_ps_f_e_226479.wav"},"answer":{"fileFormat":"wav","fileSize":1754958,"duration":54840,"samplingBit":16,"channelCount":1,"samplingRate":"16kHz","audioPath":"/Mock/03.PublicService/Female/Experienced/ckmk_a_ps_f_e_226479.wav"}}}