{"version":"1.0","dataSet":{"info":{"date":"20230116","occupation":"PS","channel":"MOCK","place":"ONLINE","gender":"FEMALE","ageRange":"45-54","experience":"EXPERIENCED"},"question":{"raw":{"text":"어 회사의 덕목은 무엇이라고 생각하십니까 어 어떤 회사가 좋은 회사라고 생각하시는지 말씀해 주세요","wordCount":13},"emotion":[],"intent":[]},"answer":{"raw":{"text":"대부분의 회사는 가장 큰 목표를 이윤 추구 이윤의 극대화에 두고 있습니다. 하지만 어 회사가 이윤 추구만을 바란다면 공동체로써의 역할에서는 굉장히 어 완벽한 완벽하려 하는 노력이 전혀 없다고 볼 수 있겠습니다. 공동체로써 함께 공동의 목표를 가지고 나아가려면 공동체가 앞으로 나아가기 위해서 함께 동력을 이루어서 나가는 사람들의 어 필요 요구 조건이나 그들의 어 원하는 것들 그들의 희망 사항 그들의 꿈과 그들의 목표를 함께 다 안고 갈 수 있는 어 부분이 그 부분을 답보해 내는 것이 회사의 덕목이 되어야 한다고 생각합니다. 그런 부분에서 윤리성을 답보해야 하고 그리고 공동체 의식을 어 반드시 가지고 있어야 된다고 봅니다. 오너 중심으로 오너의 이윤 극대화를 위해서 유지되는 회사는 제가 볼 때 어 오래 유지되면서 사회에 신망을 끼칠 수 있는 회사는 절대 아니 아니구 그렇게 될 수도 없다고 봅니다. 그래서 어 회사가 공동체나 사회에 어떤 어 좋은 영향을 끼치면서도 공동체 자체가 잘 굴러가고 어 긍정적으로 평가받으려면 윤리성을 답보하고 공동체 의식을 가지고 함께 나아가는 구성 함께 나아가는 회사가 되어야 한다고 생각합니다.","wordCount":151},"emotion":[{"text":"공동체로써 함께 공동의 목표를 가지고 나아가려면 공동체가 앞으로 나아가기 위해서 함께 동력을 이루어서 나가는 사람들의 어   필요 요구 조건이나 그들의 어 원하는 것들 그들의 희망 사항 그들의 꿈과 그들의 목표를 함께 다 안고 갈 수 있는 어 부분이   그 부분을 답보해 내는 것이 회사의 덕목이 되어야 한다고 생각합니다.","expression":"u-belief","category":"neutral"},{"text":"그래서 어 회사가 공동체나 사회에 어떤 어   좋은 영향을 끼치면서도 공동체 자체가 잘 굴러가고 어 긍정적으로 평가받으려면 윤리성을 답보하고 공동체 의식을 가지고 함께 나아가는   구성 함께 나아가는 회사가 되어야 한다고 생각합니다.","expression":"u-belief","category":"neutral"}],"intent":[{"text":"그런 부분에서 윤리성을   답보해야 하고 그리고 공동체 의식을 어 반드시 가지고 있어야 된다고 봅니다.","expression":"p_ethic","category":"attitude"}],"summary":{"text":"대부분의 회사는 이윤 추구 이윤의 극대화를 목표로 하고 있지만, 회사가 공동체로써의 역할을 하기 위해서는 윤리성, 공동체 의식을 반드시 갖추어야 합니다. 사회가 좋은 영향을 끼치면서도 긍정적으로 평가받으려면 윤리성을 답보하고 공동체 의식을 가지고 함께 나아가는 회사가 되어야 합니다.","wordCount":36}}},"rawDataInfo":{"question":{"fileFormat":"wav","fileSize":373838,"duration":11680,"samplingBit":16,"channelCount":1,"samplingRate":"16kHz","audioPath":"/Mock/03.PublicService/Female/Experienced/ckmk_q_ps_f_e_189817.wav"},"answer":{"fileFormat":"wav","fileSize":2873038,"duration":89780,"samplingBit":16,"channelCount":1,"samplingRate":"16kHz","audioPath":"/Mock/03.PublicService/Female/Experienced/ckmk_a_ps_f_e_189817.wav"}}}