{"version":"1.0","dataSet":{"info":{"date":"20230116","occupation":"PS","channel":"MOCK","place":"ONLINE","gender":"FEMALE","ageRange":"-34","experience":"EXPERIENCED"},"question":{"raw":{"text":"지원자님께서 직무를 수행하시다가 쫌 모르는 과제가 등장을 하셨다면 어떻게 해결을 하실지 어 해결법과 그 이유도 함께 말씀을 쫌 부탁드립니다","wordCount":19},"emotion":[],"intent":[]},"answer":{"raw":{"text":"어 저희가 하는 일이 그 수행을 하는 중에 모르는 게 발생한다는 거는 좀 아찔한 순간이긴 한데 어 그때는 진짜 재빠르게 제가 어 저보다 먼저 이거 이 일을 한 선배에게 바로 물어볼 것 같구요. 근데 만약에 그 순간에 같이 있지 않는다면 제가 혹시라도 외국에서 지금 직무 수행을 하는 도중에 그게 등장했다 면 어 어떻게든 그 순간에 제가 임기응변을 일단 해야 될 것 같아요. 어쨌든 외국에서의 어 일을 하는 업무에서 그런 과정이라면 얼른 그 일을 먼저 끝내고 대책을 후에 좀 마련할 것 같아요. 어 좀 수소문을 해서 어떤 식으로 해야 되는지 뭔가 지금 저희가 하는 일에서 뭔가 어려움이 딱 생각 생기는 일이 상상했을 때 지금 너무 아찔해서 갑자기 뭔가 정지되는 기분을 느끼고 있습니다.","wordCount":111},"emotion":[],"intent":[{"text":"어 저희가 하는 일이 그 수행을 하는 중에 모르는 게 발생한다는 거는 좀 아찔한 순간이긴 한데 어 그때는 진짜 재빠르게 제가 어 저보다 먼저 이거 이 일을 한 선배에게 바로 물어볼 것 같구요.","expression":"c_adp","category":"personality"},{"text":"면 어 어떻게든 그 순간에 제가 임기응변을 일단 해야 될 것 같아요.","expression":"c_adp","category":"personality"},{"text":"어쨌든 외국에서의 어 일을 하는 업무에서 그런 과정이라면 얼른 그 일을 먼저 끝내고 대책을 후에 좀 마련할 것 같아요.","expression":"c_adp","category":"personality"}],"summary":{"text":"재빠르게 선배에게 바로 물어볼 것 같습니다. 외국에서의 업무 수행 도중이라면 임기응변으로 먼저 끝내고 대책을 후에 마련하겠습니다. 수소문을 해서 어떤 식으로 해야 되는지 상상했을 때 갑자기 무언가 정지되는 기분을 느끼고 있습니다.","wordCount":30}}},"rawDataInfo":{"question":{"fileFormat":"wav","fileSize":621518,"duration":19420,"samplingBit":16,"channelCount":1,"samplingRate":"16kHz","audioPath":"/Mock/03.PublicService/Female/Experienced/ckmk_q_ps_f_e_195753.wav"},"answer":{"fileFormat":"wav","fileSize":2450958,"duration":76590,"samplingBit":16,"channelCount":1,"samplingRate":"16kHz","audioPath":"/Mock/03.PublicService/Female/Experienced/ckmk_a_ps_f_e_195753.wav"}}}