{"version":"1.0","dataSet":{"info":{"date":"20230116","occupation":"PS","channel":"MOCK","place":"ONLINE","gender":"FEMALE","ageRange":"45-54","experience":"EXPERIENCED"},"question":{"raw":{"text":"창의성 그리고 팀워크가 있습니다 이 둘 중에서 더 중요한 것은 뭐라고 생각을 하시나요 이유와 함께 말씀을 해 주시기 바랍니다","wordCount":19},"emotion":[],"intent":[]},"answer":{"raw":{"text":"창의성과 팀 워크 둘 다 중요한 것은 맞습니다. 그중에 한 가지 더 중요한 것을 꼽으라면 저는 팀 워크를 더 중요하다고 말씀드리고 싶습니다. 그 이유는 창의성은 개 개인의 능력을 발휘할 수 있는 것이지만 그 발휘된 개개인의 능력을 가장 효율적이고 효과적으로 이룰 수 있는 것은 팀워크라고 생각합니다. 팀워크가 바탕되지 않는 한 아무리 개인의 창의성이 우선된다 할지라도 모든 일을 개인 혼자 할 수 있는 것은 아니기 때문에 조직에서는 개인의 창의성도 중요하지만 그 창의성이 팀 속에서 가장 크고 가장 효율적으로 어 발현될 수 있게 하기 위해서는 무엇보다도 팀 워크가 기본이라고 생각합니다.","wordCount":87},"emotion":[],"intent":[{"text":"그 이유는 창의성은 개 개인의 능력을 발휘할 수 있는 것이지만 그 발휘된 개개인의 능력을 가장 효율적이고 효과적으로 이룰 수 있는 것은 팀워크라고 생각합니다.","expression":"c_cop","category":"personality"}],"summary":{"text":"조직에서는 개인의 창의성도 중요하지만 그 창의성이 팀 속에서 가장 크고 가장 효율적으로 발현될 수 있게 하기 위해서는 무엇보다도 팀워크가 기본이라고 생각합니다.","wordCount":21}}},"rawDataInfo":{"question":{"fileFormat":"wav","fileSize":446158,"duration":13940,"samplingBit":16,"channelCount":1,"samplingRate":"16kHz","audioPath":"/Mock/03.PublicService/Female/Experienced/ckmk_q_ps_f_e_182933.wav"},"answer":{"fileFormat":"wav","fileSize":2267598,"duration":70860,"samplingBit":16,"channelCount":1,"samplingRate":"16kHz","audioPath":"/Mock/03.PublicService/Female/Experienced/ckmk_a_ps_f_e_182933.wav"}}}