{"version":"1.0","dataSet":{"info":{"date":"20230116","occupation":"PS","channel":"MOCK","place":"ONLINE","gender":"FEMALE","ageRange":"45-54","experience":"EXPERIENCED"},"question":{"raw":{"text":"일을 하게 되시면 중국으로 출장을 갈 일이 조금 생길 수도 있을 것 같은데요 어 지원자님께서는 중국으로 출장을 가시는 것도 괜찮으신지 아 말씀해 주시기 바랍니다","wordCount":24},"emotion":[],"intent":[]},"answer":{"raw":{"text":"일을 하게 되면 중국으로 출장 갈 일이 생기면 당연히 좋을 것이라고 생각합니다. 왜 괜찮은지 여쭤보시는지 잘 모르겠는데요. 음 중국은 우리나라와 가깝고 어 뭐 비행기로 두 세 시간 안이면 갈 수 있는 거리로 비행 시간도 가깝고 그리고 중국을 제가 이제 개인적으로 여행을 가 봤을 때 어 우리나라와 별 다른 점도 없고 많이 예전에 비해서 선진화됐기 때문에 출장을 가서 불편하다던가 이런 것들을 걱정하지 않아도 되는 상황이라고 생각합니다. 업무로 가는 건데 중국 출장이면 어떻고 뭐 아프리카면 어떻습니까. 어 중국 출장도 당연히 생 일이 생기면 갈 수 있는 것이고 물론 제가 이제 중국어를 영어보다 못한다 어 는 문제가 있기는 하지만 그래도 언어적인 문제만 어느정도 해결이 된다면 중국 출장을 보내주시면 당연히 어 갈 수 있습니다.","wordCount":110},"emotion":[],"intent":[{"text":"","expression":"","category":"attitude"}],"summary":{"text":"업무로 중국 출장이 갈 일이 생기면 당연히 좋을 것이라고 생각합니다. 지리적으로 가깝고 비행 시간도 가깝고 우리나라와 별 다른 점이 없기 때문에 불편하다거나 이런 것들을 걱정하지 않아도 되는 상황이라 생각합니다. 언어적인 문제만 해결되면 중국 출장을 보내시면 갈 수 있습니다.","wordCount":38}}},"rawDataInfo":{"question":{"fileFormat":"wav","fileSize":537038,"duration":16780,"samplingBit":16,"channelCount":1,"samplingRate":"16kHz","audioPath":"/Mock/03.PublicService/Female/Experienced/ckmk_q_ps_f_e_182941.wav"},"answer":{"fileFormat":"wav","fileSize":2478798,"duration":77460,"samplingBit":16,"channelCount":1,"samplingRate":"16kHz","audioPath":"/Mock/03.PublicService/Female/Experienced/ckmk_a_ps_f_e_182941.wav"}}}