{"version":"1.0","dataSet":{"info":{"date":"20230116","occupation":"PS","channel":"MOCK","place":"ONLINE","gender":"FEMALE","ageRange":"45-54","experience":"EXPERIENCED"},"question":{"raw":{"text":"지원자님의 전공과 관련해서 최근 부족하다고 느끼거나 그래서 따로 공부를 하고 있는 분야가 있으시다면 구체적으로 설명해 주실 수 있을까요","wordCount":18},"emotion":[],"intent":[]},"answer":{"raw":{"text":"아 최근은 아니고 이제 평소에 대학 졸업하면서도 계속 느껴왔었던 부분이기 때문에 공부를 어 늘 하려고 노력했었고 요즘 들어서는 조금 더 열심히 하는 것 같은데요. 어 영어 공부를 좀 하고 있습니다. 그 예전 교육이 주입식 암기 교육이다 보니 어 그 그냥 내가 읽고 쓰고 하는 것은 어 뭐 잘하는 편이지만 아 이런 대화를 할 때 좀 많이 긴장하고 하면은 아무 생각도 안 나고 그런 경우들이 많아서 아 회화 그까 듣고 말하기 위주의 그 영어 공부를 좀 하고 있구요. 어 뭐 지금 당장 어디에 필요가 있어서 한다기보다는 어 영어는 기본적으로 잘 하면 어디에서든 어 쓸모가 있다 라고 생각을 하고 또 나 자신이 그 잘 공부하는 그런 모습을 보면서 어 뭐 뿌듯함 그런 자존감도 높아지고 하기 때문에 영어 공부는 매일매일 조금씩이라도 하려고 노력하고 있는 것 같습니다.","wordCount":123},"emotion":[],"intent":[{"text":"","expression":"","category":"attitude"}],"summary":{"text":"요즘 영어 공부를 좀 하고 있습니다. 예전에는 암기 교육이 위주라 잘하지만 대화를 할 때 긴장하는 경우가 많아서 듣고 말하기 위주의 영어 공부를 하고 있고, 영어는 잘하면 어디에서든 쓸모가 있다고 생각하며 자존감도 높아지고 있어서 매일 조금씩이라도 하고 있는 것 같습니다.","wordCount":39}}},"rawDataInfo":{"question":{"fileFormat":"wav","fileSize":615758,"duration":19240,"samplingBit":16,"channelCount":1,"samplingRate":"16kHz","audioPath":"/Mock/03.PublicService/Female/Experienced/ckmk_q_ps_f_e_237284.wav"},"answer":{"fileFormat":"wav","fileSize":2379598,"duration":74360,"samplingBit":16,"channelCount":1,"samplingRate":"16kHz","audioPath":"/Mock/03.PublicService/Female/Experienced/ckmk_a_ps_f_e_237284.wav"}}}