{"version":"1.0","dataSet":{"info":{"date":"20230116","occupation":"PS","channel":"MOCK","place":"ONLINE","gender":"FEMALE","ageRange":"55-","experience":"EXPERIENCED"},"question":{"raw":{"text":"제도적인 부패에 대해서 지원자님은 어떤 생각을 가지고 계십니까 그리고 제도적 부패 대처 방법이 어떤 것이 있는지 말씀해 보시겠습니까","wordCount":18},"emotion":[],"intent":[]},"answer":{"raw":{"text":"공직자들이 본인의 업무와 관련되거나 직무에 관련되어 그 그 지위를 남용하거나 지위를 이용하여 어 자신의 것을 사적인 이익을 도모하기 위해서 어 본인의 지위를 이용한 어 부패 남용 그런 짓을 하는 것을 부패라고 하는데요. 그것 그 그것을 본인이 할 뿐만 아니라 주위에도 강요하고 그거를 묵인하도록 하는 행위까지도 부패라고 하고 하락 부패라고 생각합니다. 그래서 이런 부패를 방지하기 위해서는 내부 고발 제도를 어 확산시켜야 하고 공적 공 공적으로 공익 신고자들을 보호하는 제도가 마련되어야 된다고 생각합니다. 이런 부패 사실을 알리고 싶어도 무섭거나 두렵고 사회적으로 매장되는 것이기 때문에 못하는 경우가 많다고 생각합니다.","wordCount":86},"emotion":[],"intent":[{"text":"","expression":"","category":"attitude"}],"summary":{"text":"공직자들의 지위를 이용한 부패 남용을 부패라고 하며, 이것을 주변에 강요하고 묵인하도록 하는 행위까지도 부패라고 합니다. 부패를 방지하기 위해 내부 고발 제도와 공익 신고자들을 보호하는 제도가 마련되어야 합니다.","wordCount":27}}},"rawDataInfo":{"question":{"fileFormat":"wav","fileSize":460878,"duration":14400,"samplingBit":16,"channelCount":1,"samplingRate":"16kHz","audioPath":"/Mock/03.PublicService/Female/Experienced/ckmk_q_ps_f_e_244617.wav"},"answer":{"fileFormat":"wav","fileSize":2499278,"duration":78100,"samplingBit":16,"channelCount":1,"samplingRate":"16kHz","audioPath":"/Mock/03.PublicService/Female/Experienced/ckmk_a_ps_f_e_244617.wav"}}}