{"version":"1.0","dataSet":{"info":{"date":"20230116","occupation":"PS","channel":"MOCK","place":"ONLINE","gender":"FEMALE","ageRange":"-34","experience":"EXPERIENCED"},"question":{"raw":{"text":"어 악법도 법이라는 얘기가 있죠 어 본인이 생각하실 때 악법도 법이라고 생각하는지 그렇게 생각하신다면 그 왜 그렇게 생각하시는지 예를 들어서 설명해 주시기 바랍니다","wordCount":23},"emotion":[],"intent":[]},"answer":{"raw":{"text":"저는 악법도 법이다 라는 말을 어 이게 한 적이 없다 라고 나중에 알게 됐었거든요. 어쩌면은 이 말은 그 시대가 이제 흐르면서 뭔가 변화하는 것에 대해서 게으르거나 두려워하는 사람들이 조금 속편하고 싶을 때 생겨난 말이 아닐까 하는 생각이 듭니다. 악법도 법이다 라는 건 어쨌든 그게 법이라는 거를 따라야 한다라는 의미도 가지고 있다고 생각을 하는데 저는 어쨌든 악이라는 단어는 사회에서 크게 가져가야 할 지향점은 아니라고 생각하거든요. 그러면 악법이었다면 당연히 그거는 개편되어야 하는 게 맞다고 생각을 하고요. 악법도 법이다 라는 말은 그냥 게으른 사람들의 핑계적인 멘트일 뿐이라고 생각하고 있습니다.","wordCount":86},"emotion":[],"intent":[{"text":"악법도 법이다 라는 건 어쨌든   그게 법이라는 거를 따라야 한다라는 의미도 가지고 있다고 생각을 하는데 저는 어쨌든 악이라는 단어는 사회에서 크게 가져가야 할   지향점은 아니라고 생각하거든요.","expression":"c_value","category":"background"}],"summary":{"text":"악법도 법이다 라는 말은 시대가 흐르면서 변화하는 것을 두려워하는 사람들이 조금 속편하고 싶을 때 생겨난 말이 아닐까 하는 생각이 들고 악이라는 단어는 사회에서 크게 가져가야 할 지향점은 아니라고 생각합니다.","wordCount":29}}},"rawDataInfo":{"question":{"fileFormat":"wav","fileSize":629198,"duration":19660,"samplingBit":16,"channelCount":1,"samplingRate":"16kHz","audioPath":"/Mock/03.PublicService/Female/Experienced/ckmk_q_ps_f_e_182606.wav"},"answer":{"fileFormat":"wav","fileSize":1845838,"duration":57680,"samplingBit":16,"channelCount":1,"samplingRate":"16kHz","audioPath":"/Mock/03.PublicService/Female/Experienced/ckmk_a_ps_f_e_182606.wav"}}}