{"version":"1.0","dataSet":{"info":{"date":"20230116","occupation":"PS","channel":"MOCK","place":"ONLINE","gender":"FEMALE","ageRange":"-34","experience":"EXPERIENCED"},"question":{"raw":{"text":"요즘은 분야를 막론하고 개인의 윤리성 도덕성에 대한 문제가 발생하는데요 윤리 경영을 위해 조직이나 회사 차원에서 해야 할 일은 무엇이라고 생각하세요","wordCount":20},"emotion":[],"intent":[]},"answer":{"raw":{"text":"윤리 경영을 위해서는 무엇보다도 어 조직의 문제를 발견했을 경우 문제가 생겼다고 느껴질 경우 그것에 대해서 주저 없이 어 걱정을 제기할 수 있는 문제 제기를 할 수 있는 분위기를 만드는 것이 가장 중요하다고 생각을 합니다. 사실 회사 내에서 일을 하다 보면 어 이건 아닌데 하고 어 문제를 문제 의식을 가질 수 있는 상황들이 생길 수 있기 마련인데 문제는 그 문제를 인지를 못하는 것이 아니라 그 문제를 인식했을 때 문제 제기를 할 수 있는 자유로운 분위기가 없기 때문에 음 윤리 경영이 어려운 것이라고 생각을 하는데요. 따라서 회사는 이러한 윤리 경영을 위해서 직원들이 혹은 임직원이 임원이 어 이런 어떤 문제 상황을 발견했었을 때 맞닥뜨렸을 때 어 주저하지 않고 어 어 문제 제기를 할 수 있도록 자유로운 분위기를 양성하고 독려하는 것이 가장 중요하다고 생각을 합니다.","wordCount":121},"emotion":[{"text":"윤리 경영을 위해서는 무엇보다도 어 조직의 문제를 발견했을 경우 문제가 생겼다고 느껴질 경우 그것에 대해서 주저 없이   어 걱정을 제기할 수 있는 문제 제기를 할 수 있는 분위기를 만드는 것이 가장 중요하다고 생각을 합니다.","expression":"u-belief","category":"neutral"}],"intent":[{"text":"윤리 경영을 위해서는 무엇보다도 어 조직의 문제를 발견했을 경우 문제가 생겼다고 느껴질 경우 그것에 대해서 주저 없이   어 걱정을 제기할 수 있는 문제 제기를 할 수 있는 분위기를 만드는 것이 가장 중요하다고 생각을 합니다.","expression":"p_ethic","category":"attitude"},{"text":"따라서 회사는 이러한 윤리 경영을 위해서 직원들이   혹은 임직원이 임원이 어 이런 어떤 문제 상황을 발견했었을 때 맞닥뜨렸을 때 어 주저하지 않고   어 어 문제 제기를 할 수 있도록 자유로운 분위기를 양성하고 독려하는 것이 가장 중요하다고 생각을 합니다.","expression":"p_ethic","category":"attitude"}],"summary":{"text":"윤리 경영을 위해서 회사는 직원들이나 임직원이 임원이 조직의 문제를 발견했을 때 주저하지 않고 문제를 제기할 수 있는 자유로운 분위기를 양성하고 독려하는 것이 가장 중요하다고 생각합니다.","wordCount":25}}},"rawDataInfo":{"question":{"fileFormat":"wav","fileSize":515918,"duration":16120,"samplingBit":16,"channelCount":1,"samplingRate":"16kHz","audioPath":"/Mock/03.PublicService/Female/Experienced/ckmk_q_ps_f_e_190176.wav"},"answer":{"fileFormat":"wav","fileSize":1692878,"duration":52900,"samplingBit":16,"channelCount":1,"samplingRate":"16kHz","audioPath":"/Mock/03.PublicService/Female/Experienced/ckmk_a_ps_f_e_190176.wav"}}}