{"version":"1.0","dataSet":{"info":{"date":"20230116","occupation":"PS","channel":"MOCK","place":"ONLINE","gender":"FEMALE","ageRange":"-34","experience":"EXPERIENCED"},"question":{"raw":{"text":"회사의 덕목은 무엇이라고 생각하십니까 어떤 회사가 좋은 회사라고 생각하시는지 지원자님의 생각이 궁금합니다","wordCount":12},"emotion":[],"intent":[]},"answer":{"raw":{"text":"저는 그 회사가 추구하고 있는 게 어 사회적으로 좀 기여를 할 수 있는 부분을 가지고 있는지를 좀 챙겨보는 편입니다. 그리고 회사에 어 가치 중심 이념이 흔들리지 않는 그런 회사를 좋은 회사라고 생각을 하는데요. 내가 회사에 들어갔을 때 어쨌든 그 가장 크게 보는 부분이 그런 회사가 가지고 있는 이념들이고 들어갔을 때 어 그것들이 혼란할 때 기본적으로 지켜지지 않는다고 느껴질 때 어 일하는 사람으로서는 그 부분이 가장 혼란스러울 것 같다라고 생각이 듭니다. 그렇기 때문에 저는 회사가 어떤 가치를 내세울 건지 어떤 신념을 지니고 있는지를 명확하게 드러내어야 하며 이왕이면은 그 그것들이 사회적으로는 어 좀 건강하게 작용할 수 있는 부분을 드러낼 수 있다면 좋겠다고 생각을 하고 있고 제가 제 삶에서 그런 회사를 들어가고 싶어하는 부분도 어 크게 차지하고 있습니다.","wordCount":115},"emotion":[],"intent":[{"text":"","expression":"","category":"attitude"}],"summary":{"text":"저는 회사가 추구하고 있는 게 사회적으로 좀 기여를 할 수 있는 부분을 좀 챙겨보는 편인데, 가치 중심 이념이 휘둘리지 않는 회사를 좋은 회사라고 생각하고 있습니다. 회사가 어떤 가치를 내세울 건지 어떤 신념을 지니고 있는지를 명확히 드러내야 한다고 생각합니다.","wordCount":38}}},"rawDataInfo":{"question":{"fileFormat":"wav","fileSize":382158,"duration":11940,"samplingBit":16,"channelCount":1,"samplingRate":"16kHz","audioPath":"/Mock/03.PublicService/Female/Experienced/ckmk_q_ps_f_e_182603.wav"},"answer":{"fileFormat":"wav","fileSize":2586958,"duration":80840,"samplingBit":16,"channelCount":1,"samplingRate":"16kHz","audioPath":"/Mock/03.PublicService/Female/Experienced/ckmk_a_ps_f_e_182603.wav"}}}