{"version":"1.0","dataSet":{"info":{"date":"20230116","occupation":"PS","channel":"MOCK","place":"ONLINE","gender":"FEMALE","ageRange":"55-","experience":"EXPERIENCED"},"question":{"raw":{"text":"일을 하다 보면 이제 협업을 하는 상황이 굉장히 많이 생길 수 있는데요 어 지원자님께서 협업을 할 때 가장 중요하게 생각하는 것은 무엇인가요 그리고 이제 그것을 중요하게 생각하는 이유도 함께 말씀해 주시길 바랍니다","wordCount":32},"emotion":[],"intent":[]},"answer":{"raw":{"text":"협업할 때는 당연히 팀원들 각각의 아이디어를 가장 중요하게 생각해야 할 것 같습니다. 내 생각이 아니라고 하여 남의 아이디어를 무시하거나 그 아이디어에 값을 낮게 매긴다면 아주 좋은 아이디어를 서로 공유할 수 없게 됩니다. 또한 그 아이디어를 서로 협업하면서 커뮤니케이션을 서로 잘 해야 해 만이 아이디어가 살아나서 하나의 물건으로 탄생하게 되는 것입니다. 그러므로 남의 아이디어를 먼저 받아들이고 내 생각을 너무 주장을 내 내세우지 말고 서로 조금씩 양보하고 서로의 의견을 존중하고 서로의 의견을 경청해서 각 팀원들 각각의 의견이 모여서 하나의 의견에 의견 투합이 되도록 그렇게 해야 가장 좋은 협엽의 산출물이 탄생하게 된다고 생각합니다. 뭐든지 상대방과 팀원의 의견과 아이디어를 존중하는 것이 최고입니다.","wordCount":98},"emotion":[],"intent":[{"text":"협업할 때는 당연히 팀원들 각각의 아이디어를 가장 중요하게 생각해야 할 것 같습니다.","expression":"c_cop","category":"personality"},{"text":"또한 그 아이디어를 서로 협업하면서 커뮤니케이션을 서로 잘 해야 해 만이 아이디어가 살아나서 하나의 물건으로 탄생하게 되는 것입니다.","expression":"c_cop","category":"personality"},{"text":"그러므로 남의 아이디어를 먼저 받아들이고 내 생각을 너무 주장을 내 내세우지 말고 서로 조금씩 양보하고 서로의 의견을 존중하고 서로의 의견을 경청해서 각 팀원들 각각의 의견이 모여서 하나의 의견에 의견 투합이 되도록 그렇게 해야 가장 좋은 협엽의 산출물이 탄생하게 된다고 생각합니다.","expression":"c_cop","category":"personality"}],"summary":{"text":"협업할 때는 팀원들 각각의 아이디어를 가장 중요하게 생각해야 합니다. 제 생각이 아니라고 하여 남의 아이디어를 무시하거나 그 아이디어에 값을 낮게 매긴다면 좋은 아이디어를 공유할 수 없게 됩니다. 협업하면서 커뮤니케이션을 잘 해야 만이 아이디어가 살아나서 하나의 물건으로 탄생하게 되는 것입니다.","wordCount":39}}},"rawDataInfo":{"question":{"fileFormat":"wav","fileSize":622478,"duration":19450,"samplingBit":16,"channelCount":1,"samplingRate":"16kHz","audioPath":"/Mock/03.PublicService/Female/Experienced/ckmk_q_ps_f_e_245087.wav"},"answer":{"fileFormat":"wav","fileSize":2710478,"duration":84700,"samplingBit":16,"channelCount":1,"samplingRate":"16kHz","audioPath":"/Mock/03.PublicService/Female/Experienced/ckmk_a_ps_f_e_245087.wav"}}}