{"version":"1.0","dataSet":{"info":{"date":"20230116","occupation":"PS","channel":"MOCK","place":"ONLINE","gender":"FEMALE","ageRange":"45-54","experience":"EXPERIENCED"},"question":{"raw":{"text":"일을 하게 되면 나이가 많으신 분들을 상대할 일들이 많아집니다 혹시 이전에 비슷한 경험을 하신 적 있으신가요","wordCount":16},"emotion":[],"intent":[]},"answer":{"raw":{"text":"아 네 그 연세가 많으신 분들 많이 대할 일이 많을 거란 예상 저도 하고 있구요. 어 저는 사실 그 어렸을 때 어 뭐 집안 가정 그 사정상 할머니 할아버지 밑에서 자랐습니다. 그렇기 때문에 그 연세 드신 분들과 소통이라든지 이런 부분은 어 뭐 무리 없이 잘 했었고 또 그런 걸 하고 할 수도 있다는 자신감도 있구요. 그 뭐 아르바이트나 이런 것을 할 때 그 연세 드신 분과의 대화가 더 오히려 편할 경우도 있었고 또 제가 좀 천천히 설명하는 부분에 어 특화되어 있기 때문에 예 그까 노인분들과 대화는 아주 자신 있게 잘 할 자신이 있습니다. 그까 어려서부터 그 체득 몸소 체득을 했기 때문에 뭐 딱히 나이가 많으신 분이라고 해서 어렵다거나 하는 부분들은 없습니다.","wordCount":111},"emotion":[{"text":"어 저는 사실 그 어렸을 때 어 뭐 집안 가정 그 사정상 할머니 할아버지 밑에서 자랐습니다.","expression":"u-fact","category":"neutral"}],"intent":[{"text":"","expression":"","category":"attitude"}],"summary":{"text":"저는 어릴적부터 할머니 할아버지 밑에서 자라서 그 연세 드신 분들과 소통에 강점이 있습니다. 또 제가 천천히 설명하는 것에 특화되어 있기 때문에 노인분들과의 대화는 자신 있게 잘 할 자신 있습니다.","wordCount":29}}},"rawDataInfo":{"question":{"fileFormat":"wav","fileSize":486158,"duration":15190,"samplingBit":16,"channelCount":1,"samplingRate":"16kHz","audioPath":"/Mock/03.PublicService/Female/Experienced/ckmk_q_ps_f_e_237287.wav"},"answer":{"fileFormat":"wav","fileSize":2229518,"duration":69670,"samplingBit":16,"channelCount":1,"samplingRate":"16kHz","audioPath":"/Mock/03.PublicService/Female/Experienced/ckmk_a_ps_f_e_237287.wav"}}}