{"version":"1.0","dataSet":{"info":{"date":"20230116","occupation":"PS","channel":"MOCK","place":"ONLINE","gender":"FEMALE","ageRange":"55-","experience":"EXPERIENCED"},"question":{"raw":{"text":"흥분한 채 억지를 부리는 고객 민원인이 있다면 지원자님께서는 어떻게 대처할 생각이신지에 대해 말씀해 주세요","wordCount":14},"emotion":[],"intent":[]},"answer":{"raw":{"text":"일단 흥분한 고객이나 민원 원인은 그 고객과 고객의 마음가짐을 안정시키기 위해서 먼저 그분께 어 마음을 진정시킬 수 있는 차나 다과를 대접하면서 그분의 말씀을 천천히 들어드리고 눈을 마주보며 그 분의 입장에서 안타까운 마음을 가진 정말로 가질 수 있도록 대화하는 것입니다. 서로 대화를 해서 문제 해결을 하다 보면 이 분이 흥분을 가라 가라 가라앉힐 수 있 수 있게 되며 흥분이 가라앉으면 조금 안정된 상태에서 스스로가 본인이 흥분한 사실에 대한 정확한 문제를 끄집어낼 수 있을 거라고 생각합니다. 흥분한 채 억지를 부리는 사람도 어느정도 안정이 되면 그분의 말씀에 따라서 고객의 말이 맞으면 들어들어 들어주도록 노력했으며 고객의 말이 진짜 억지에 가까웠다고 하면 합리적인 설명과 이해를 시켜서 그리고 그 억지가 현실적으로 해결될 수 없다는 거를 깨달을 수 있도록 조곤 조곤 설명을 해드려서 이해하도록 서로 어 배려할 수 있는 그런 마음가짐으로 응대하고 있습니다.","wordCount":126},"emotion":[],"intent":[{"text":"일단 흥분한 고객이나 민원 원인은 그 고객과 고객의 마음가짐을 안정시키기 위해서 먼저 그분께 어 마음을 진정시킬 수 있는 차나 다과를 대접하면서 그분의 말씀을 천천히 들어드리고 눈을 마주보며 그 분의 입장에서 안타까운 마음을 가진 정말로 가질 수 있도록 대화하는 것입니다.","expression":"p_voc","category":"technology"},{"text":"서로 대화를 해서 문제 해결을 하다 보면 이 분이 흥분을 가라 가라 가라앉힐 수 있 수 있게 되며 흥분이 가라앉으면 조금 안정된 상태에서 스스로가 본인이 흥분한 사실에 대한 정확한 문제를 끄집어낼 수 있을 거라고 생각합니다.","expression":"p_voc","category":"technology"},{"text":"흥분한 채 억지를 부리는 사람도 어느정도 안정이 되면 그분의 말씀에 따라서 고객의 말이 맞으면 들어들어 들어주도록 노력했으며 고객의 말이 진짜 억지에 가까웠다고 하면 합리적인 설명과 이해를 시켜서 그리고 그 억지가 현실적으로 해결될 수 없다는 거를 깨달을 수 있도록 조곤 조곤 설명을 해드려서 이해하도록 서로 어 배려할 수 있는 그런 마음가짐으로 응대하고 있습니다.","expression":"p_voc","category":"technology"}],"summary":{"text":"흥분한 고객이나 민원 원인은 그 고객과 고객의 마음가짐을 안정시키기 위해서 차나 다과를 대접하면서 안타까운 마음을 가질 수 있도록 대화하는 것입니다. 대화를 해서 문제 해결을 하다 보면 이 분이 흥분을 가라 가라앉힐 수 있게 되며 흥분이 가라앉으면 정확하게 문제를 끄집어낼 수 있을 것입니다.","wordCount":42}}},"rawDataInfo":{"question":{"fileFormat":"wav","fileSize":451598,"duration":14110,"samplingBit":16,"channelCount":1,"samplingRate":"16kHz","audioPath":"/Mock/03.PublicService/Female/Experienced/ckmk_q_ps_f_e_247664.wav"},"answer":{"fileFormat":"wav","fileSize":2923918,"duration":91370,"samplingBit":16,"channelCount":1,"samplingRate":"16kHz","audioPath":"/Mock/03.PublicService/Female/Experienced/ckmk_a_ps_f_e_247664.wav"}}}