{"version":"1.0","dataSet":{"info":{"date":"20230116","occupation":"PS","channel":"MOCK","place":"ONLINE","gender":"FEMALE","ageRange":"45-54","experience":"EXPERIENCED"},"question":{"raw":{"text":"지원자님은 본인 스스로 숫자와 창의 중 어떤 것에 더 가깝다고 생각하시나요 그렇게 생각하는 이유도 함께 말씀해 주세요","wordCount":17},"emotion":[],"intent":[]},"answer":{"raw":{"text":"어디까지나 숫자와 창의 중에 어느 것이 가깝냐 하면 저는 숫자는 기본적으로 그렇게 좋아하지는 않습니다. 그래서 숫자보다는 창의 쪽에 더 가깝다고 생각하는데 또 꼭 그렇지만은 않은 것은 이제 새로운 일에 도전하는 걸 즐깁니다. 네 조심성이 있기 때문에 조심성이 좀 지나치게 있어서 어 실패할 확률이나 실수를 할 확률에 대해서도 항상 계산을 합니 하는 편입니다. 그래서 어 창의적이고 새로운 것들에 도전을 하기 위해서도 많은 계산이 필요하고 그것들을 도전할 때 어 내가 실패할 확률은 없는지 다시 생각하고 또 생각하고 충분히 고려하고 검토한 후에 어 일을 합니다. 하지만 일을 하는 데 있어서는 하던 일을 계속하는 것보다는 안 해봤던 새로운 거리 것을 약간의 어려움이 예상되더라도 도전해 보는 것을 좋아하므로 어 창의성도 있다고 생각됩니다. 그래서 가깝기는 더 창의적인 쪽에 가깝다고 본인 스스로 생각을 하고 있고요. 하지만 아주 창의적이고 아주 도전적이지는 않습니다. 그래서 도전과 창의에는 분명히 위험 부담이 따르는 그 위험 부담에 대한 대비는 더 숫자적으로 계산을 하는 것도 좋아하고 완벽하게 계산이 된 다음에 움직이는 어 것을 선호합니다.","wordCount":150},"emotion":[],"intent":[{"text":"","expression":"","category":"attitude"}],"summary":{"text":"저는 숫자보다는 창의 쪽에 더 가깝다고 생각합니다. 조심성이 있어서 실패할 확률에 대해서도 항상 계산을 하는 편입니다. 하지만 일을 하는 데 있어서는 안 해봤던 새로운 것의 어려움이 예상되더라도 도전해 보는 것을 좋아하므로 창의성도 있다고 생각됩니다. 하지만 아주 창의적이고 도전적이지는 않고 숫자적으로 계산을 하는 것도 좋아하고 완벽하게 계산이 된 다음에 움직이는 것을 선호합니다.","wordCount":51}}},"rawDataInfo":{"question":{"fileFormat":"wav","fileSize":427598,"duration":13360,"samplingBit":16,"channelCount":1,"samplingRate":"16kHz","audioPath":"/Mock/03.PublicService/Female/Experienced/ckmk_q_ps_f_e_185835.wav"},"answer":{"fileFormat":"wav","fileSize":2649038,"duration":82780,"samplingBit":16,"channelCount":1,"samplingRate":"16kHz","audioPath":"/Mock/03.PublicService/Female/Experienced/ckmk_a_ps_f_e_185835.wav"}}}