{"version":"1.0","dataSet":{"info":{"date":"20230116","occupation":"PS","channel":"MOCK","place":"ONLINE","gender":"FEMALE","ageRange":"45-54","experience":"EXPERIENCED"},"question":{"raw":{"text":"지금까지 살아오면서 새로운 환경에서 전혀 몰랐던 일을 맡아서 한 경험이 혹시 있으실까요 있다면 그 경험을 한 번 말씀해 주시기 바랍니다","wordCount":20},"emotion":[],"intent":[]},"answer":{"raw":{"text":"새로 분양하는 신규 아파트에서 어 하자 관련 일을 맡은 적이 있었습니다. 아파트라는 것은 알았는데 이 아파트의 하자가 이렇게 많은 부분에 이렇게 다양하게 그리고 그 하자 하자 하나 하나에 정말 많은 공정들이 포함되고 있었다는 것을 처음 알게 되었습니다. 매번 사무실에서 어 그런 이제 페이퍼 웍 즉 문서작업 위주로 작업을 하다가 하자를 직접 보고 그리고 그 하자에 대해서 정리하고 그 공정이 어디에 해당되는지 일인지 찾아내고 이런 일들을 처음 맡아서 하게 되면서 처음엔 좀 당황스럽기도 하고 어 많이 처음에는 버벅거리기도 했는데 결과적으로 새로운 것을 배운다는 것은 흥미 있고 새로운 사실을 알게 된다는 거에 대해서 배움의 즐거움 또한 갖게 되었던 계기가 되었습니다.","wordCount":98},"emotion":[{"text":"새로 분양하는 신규 아파트에서 어 하자 관련 일을 맡은 적이 있었습니다.","expression":"u-fact","category":"neutral"}],"intent":[{"text":"","expression":"","category":"attitude"}],"summary":{"text":"새로 분양하는 신규 아파트의 하자 관련 일을 맡았는데, 문서작업 위주로 작업을 하다가 하자를 직접 보고 정리하며 새로운 것을 배우며 새로운 사실을 알게 된다는 것에 배움의 즐거움을 갖게 되었습니다.","wordCount":28}}},"rawDataInfo":{"question":{"fileFormat":"wav","fileSize":391758,"duration":12240,"samplingBit":16,"channelCount":1,"samplingRate":"16kHz","audioPath":"/Mock/03.PublicService/Female/Experienced/ckmk_q_ps_f_e_183199.wav"},"answer":{"fileFormat":"wav","fileSize":2693198,"duration":84160,"samplingBit":16,"channelCount":1,"samplingRate":"16kHz","audioPath":"/Mock/03.PublicService/Female/Experienced/ckmk_a_ps_f_e_183199.wav"}}}