{"version":"1.0","dataSet":{"info":{"date":"20230116","occupation":"PS","channel":"MOCK","place":"ONLINE","gender":"FEMALE","ageRange":"55-","experience":"EXPERIENCED"},"question":{"raw":{"text":"본인의 생각이 아닌 지원자님의 다른 주변 사람들이 생각하는 지원자님의 장점과 단점을 모두 말씀해 주시길 바랍니다","wordCount":15},"emotion":[],"intent":[]},"answer":{"raw":{"text":"같이 일하고 있는 직원들이 평소에 저에게 어 항상 느끼는 것으로 공감 능력이 뛰어나고 공정하고 긍정하게 긍정하는 마음가짐 마인드가 있으며 어 팀워크나 이런 일을 할 때 협력하려는 의지가 확실하고 그리고 어떤 일에 서나 적응해서 해낼 수 있는 면이 있었습니다. 그리고 모든 일에 책임감이 투철해서 무엇보다 솔선 수범하면서 어 책임감 있게 한 프로젝트를 끝까지 성공적으로 해내려는 지속성이 있었습니다. 단점이라고 한다면 굳이 단점을 생각하고 싶지는 않은데요. 어 일단 조금 나이가 있다는 게 단점이고 그다음에 현직에서 은퇴하여 퇴직 후에 어 하는 삶이 어 평소에 내가 원하던 삶이 아니기 때문에 조금은 초조한 점 그리고 또 어떻게 보면 제가 큰 목표를 가지지 않은 점 그리고 현재의 생활에 익숙하려고 하고 도전을 심하게 하지 않는 거 이게 제 단점이라고 하겠습니다.","wordCount":112},"emotion":[],"intent":[{"text":"","expression":"","category":"attitude"}],"summary":{"text":"공감 능력이 뛰어나고 팀워크나 이런 일을 할 때 협력하려는 의지가 확실하고 적응해서 해낼 수 있었습니다. 하지만 조금 나이가 있고 현직에서 은퇴하여 퇴직 후에는 초조한 점, 큰 목표를 가지지 않은 점, 현재의 생활에 익숙하려고 하고 도전을 많이 하지 않는 단점이 있습니다.","wordCount":40}}},"rawDataInfo":{"question":{"fileFormat":"wav","fileSize":358478,"duration":11200,"samplingBit":16,"channelCount":1,"samplingRate":"16kHz","audioPath":"/Mock/03.PublicService/Female/Experienced/ckmk_q_ps_f_e_247475.wav"},"answer":{"fileFormat":"wav","fileSize":2365518,"duration":73920,"samplingBit":16,"channelCount":1,"samplingRate":"16kHz","audioPath":"/Mock/03.PublicService/Female/Experienced/ckmk_a_ps_f_e_247475.wav"}}}