{"version":"1.0","dataSet":{"info":{"date":"20230116","occupation":"PS","channel":"MOCK","place":"ONLINE","gender":"FEMALE","ageRange":"55-","experience":"EXPERIENCED"},"question":{"raw":{"text":"이루고 싶은 인생의 목표가 있으십니까 그런 목표를 왜 이루고 싶은지 이유도 함께 설명해 주세요","wordCount":14},"emotion":[],"intent":[]},"answer":{"raw":{"text":"삼십 오 년 직장 생활을 하는 동안에 제가 하고 싶었던 목표는 기본으로 달성을 했습니다. 그리고 이후 퇴직 후에는 지금 부부가 함께 남편과 함께 해외 여행을 가고 성지 순례를 가서 함께 여유롭게 어 종교적인 생활을 할 수 있는 걸 기대하고 있습니다. 이렇게 이루어서 어 건강하게 사회 사회를 어 사회생활을 끝낼 때까지 잘 마칠 수 있으면 좋겠습니다.","wordCount":55},"emotion":[],"intent":[{"text":"","expression":"","category":"attitude"}],"summary":{"text":"직장 생활 동안 제 목표는 기본으로 달성했고 퇴직 후에는 가족과 함께 해외여행을 가면서 여유롭게 종교적인 생활을 할 수 있었으면 좋겠습니다.","wordCount":20}}},"rawDataInfo":{"question":{"fileFormat":"wav","fileSize":350798,"duration":10960,"samplingBit":16,"channelCount":1,"samplingRate":"16kHz","audioPath":"/Mock/03.PublicService/Female/Experienced/ckmk_q_ps_f_e_234214.wav"},"answer":{"fileFormat":"wav","fileSize":1226958,"duration":38340,"samplingBit":16,"channelCount":1,"samplingRate":"16kHz","audioPath":"/Mock/03.PublicService/Female/Experienced/ckmk_a_ps_f_e_234214.wav"}}}