{"version":"1.0","dataSet":{"info":{"date":"20230116","occupation":"PS","channel":"MOCK","place":"ONLINE","gender":"FEMALE","ageRange":"45-54","experience":"EXPERIENCED"},"question":{"raw":{"text":"지원자님께서 씨에스 경험이 굉장히 많으신데 과거 고객의 불만이나 클레임을 해결한 경험 중에 가장 기억에 남는 사례가 있다면 어떻게 대처하였는지 말씀해 주십시오","wordCount":21},"emotion":[],"intent":[]},"answer":{"raw":{"text":"네 과거의 제품을 구매했던 고객이 어 제품이 사양과는 다르다 라고 불만을 토로 했던 어 클레임이 있었는데요. 제품의 방송 내용이라던가 어 설명서를 봤을 때는 사실 이상은 없는 부분이었고 어 고객 입장에서 제 저희 입장에서는 조금 트집 잡는다 라는 생각이 좀 들었습니다. 그럼에도 서비스직을 하다보면 어 맞고 틀리고가 중요한 게 아니라 고객이 얼마나 만족하느냐 그렇지 않느냐가 더 중요하다 라고 생각을 합니다. 일단은 불만족인 고객들은 어 이야기를 일단 들어주고 그다음에 제품의 설명을 좀 해서 조금 더 차분히 다시 봐 드렸습니다. 그래서 조금 이해하는 부분이 있었지만 그래도 불만족한 부분이 좀 남아있기 때문에 어 저희가 한 반 정도 환불을 해주는 그런 협의점을 찾아서 해결을 했던 그러한 경험을 갖고 있습니다.","wordCount":104},"emotion":[],"intent":[{"text":"일단은 불만족인 고객들은 어 이야기를 일단 들어주고 그다음에 제품의 설명을 좀 해서 조금 더 차분히 다시 봐 드렸습니다.","expression":"p_voc","category":"technology"},{"text":"그래서 조금 이해하는 부분이 있었지만 그래도 불만족한 부분이 좀 남아있기 때문에 어 저희가 한 반 정도 환불을 해주는 그런 협의점을 찾아서 해결을 했던 그러한 경험을 갖고 있습니다.","expression":"p_voc","category":"technology"}],"summary":{"text":"서비스직은 맞고 틀리고가 중요한 게 아니라 고객이 얼마나 만족하느냐 그렇지 않느냐가 더 중요하다고 생각하며, 일단 불만족인 고객들은 이야기를 듣고 설명을 좀 더 차분히 다시 봐 드리면서 협의점을 찾아서 해결을 했던 경험을 갖고 있습니다.","wordCount":33}}},"rawDataInfo":{"question":{"fileFormat":"wav","fileSize":551758,"duration":17240,"samplingBit":16,"channelCount":1,"samplingRate":"16kHz","audioPath":"/Mock/03.PublicService/Female/Experienced/ckmk_q_ps_f_e_244213.wav"},"answer":{"fileFormat":"wav","fileSize":2038478,"duration":63700,"samplingBit":16,"channelCount":1,"samplingRate":"16kHz","audioPath":"/Mock/03.PublicService/Female/Experienced/ckmk_a_ps_f_e_244213.wav"}}}