{"version":"1.0","dataSet":{"info":{"date":"20230116","occupation":"PS","channel":"MOCK","place":"ONLINE","gender":"FEMALE","ageRange":"45-54","experience":"EXPERIENCED"},"question":{"raw":{"text":"지원자님께서 역사 속에서 가장 존경하는 인물이 있으실까요 그리고 그 인물을 존경하는 이유에 대해서도 같이 말씀해 주시기 바랍니다","wordCount":17},"emotion":[],"intent":[]},"answer":{"raw":{"text":"어 역사 속에서 존경하는 인물들은 되게 많겠죠. 우리가 흔히 뭐 생각하는 뭐 장군도 이순신 장군이나 이런 부분도 되게 그 분들도 갱지 굉장히 훌륭하신데 역사 속에서는 이순신 장군을 어 가장 훌륭한 분이라고 생각합니다. 어 하지만 이제 제가 가장 존경하는 분은 최근에 인제 울지마 톤즈라는 어 다큐에서 봤었던 남수단의 슈바이처라고 불리는 이태석 신부님을 가장 존경합니다. 그분을 존경하는 이유는 그분의 삶이 인간이 도달할 수 있는 가장 도덕적인 높은 단계에 이르신 분이라고 생각하기 때문에 어떻게 사람으로 태어나서 본인의 욕심을 모두 비우고 그렇게 철저하게 소외되고 가난하고 외롭고 힘든 사람들에게 가서 본인의 그 의료기술을 다 내려놓고 그 사람들 속에 들어가서 본인의 몸이 망가지는 것에도 불구하고 감사하면서 마지막까지 웃으면서 그 사람들과 그 사람들의 공동체를 위해서 희생할 수 있었을까. 어 만약에 그런 사람 그런 이태석 신부와 같은 마음을 조금이라도 가진 사람의 퍼센트가 인구 중에 어 쪼끔이라도 더 높았다면 인류가 훨씬 행복하지 않았을까. 뭐 그런 생각을 하면서 이태석 신부 단연코 이태석 신부를 가장 존경합니다.","wordCount":145},"emotion":[{"text":"어 하지만 이제 제가 가장 존경하는 분은 최근에 인제 울지마 톤즈라는   어 다큐에서 봤었던 남수단의 슈바이처라고 불리는 이태석 신부님을 가장 존경합니다.","expression":"p-affection","category":"positive"},{"text":"그분을 존경하는 이유는 그분의 삶이 인간이 도달할 수 있는 가장 도덕적인 높은 단계에 이르신 분이라고    생각하기 때문에 어떻게 사람으로 태어나서 본인의 욕심을 모두 비우고 그렇게 철저하게 소외되고 가난하고 외롭고 힘든 사람들에게   가서 본인의 그 의료기술을 다 내려놓고 그 사람들 속에 들어가서 본인의 몸이 망가지는 것에도 불구하고 감사하면서 마지막까지 웃으면서 그 사람들과 그 사람들의 공동체를 위해서 희생할 수 있었을까.","expression":"p-affection","category":"positive"},{"text":"뭐 그런 생각을 하면서 이태석 신부 단연코 이태석 신부를 가장 존경합니다.","expression":"p-affection","category":"positive"}],"intent":[{"text":"","expression":"","category":"attitude"}],"summary":{"text":"역사 속에서도 이순신 장군을 가장 훌륭한 분이라고 생각합니다. 하지만 저는 남수단의 슈바이처라고 불리는 이태석 신부님을 가장 존경합니다. 그 분이 인간이 도달할 수 있는 가장 도덕적인 높은 단계에 이르신 분이라고 생각하기 때문에 그 분의 마음이 조금이라도 더 높았다면 인류가 훨씬 행복하지 않았을까 하는 생각을 하며 이태석신부를 가장 중요합니다.","wordCount":47}}},"rawDataInfo":{"question":{"fileFormat":"wav","fileSize":368078,"duration":11500,"samplingBit":16,"channelCount":1,"samplingRate":"16kHz","audioPath":"/Mock/03.PublicService/Female/Experienced/ckmk_q_ps_f_e_185765.wav"},"answer":{"fileFormat":"wav","fileSize":2618958,"duration":81840,"samplingBit":16,"channelCount":1,"samplingRate":"16kHz","audioPath":"/Mock/03.PublicService/Female/Experienced/ckmk_a_ps_f_e_185765.wav"}}}