{"version":"1.0","dataSet":{"info":{"date":"20230116","occupation":"PS","channel":"MOCK","place":"ONLINE","gender":"FEMALE","ageRange":"55-","experience":"EXPERIENCED"},"question":{"raw":{"text":"생활을 하다 보면 규범 준수와 현실 상황이 충돌하는 경우가 발생하게 되는 것 같습니다 규범 준수와 현실 상황이 충돌했던 경험에 대해 자세히 말씀해 주시겠습니까","wordCount":23},"emotion":[],"intent":[]},"answer":{"raw":{"text":"음 이게 대강 그 머리로는 알겠는데 글쎄요. 아 그랬던 적이 있어요. 단골이라고 하기도 조금 애매한데 음 복지 카드를 받아서 생활을 하는 어린 학생이었어요. 네 그때가 중학교 삼 학년 뭐 고등학교 일 학년 요런 학생이었는데 제가 그 집을 오랫동안 또 동네에서 봤었고 해서 가끔 가다가 그냥 제가 시간 남고 할 때는 지나가다가 마주치게 되면은 무료로 또 이렇게 손질도 해주고 그랬는데 어 이 친구가 어느 순간 좀 그거를 역이용을 하더라고요. 그거를 제가 좀 느꼈고 그래서 어느 순간 제가 이제 아예 중단을 했었죠. 그게 좀 제 심적인 어떤 부분과 좀 충돌이 일어났었던 거 같애요 당시에. 네","wordCount":93},"emotion":[],"intent":[{"text":"","expression":"","category":"attitude"}],"summary":{"text":"복지카드로 생활을 하는 어린 학생이 복지 서비스를 역이용을 하면서 심적인 충돌을 한 적이 있었습니다. 복지서비스를 이용하던 학생이 길가다 마주치게 되면 무료로 손질을 해주는데 그것을 역이용한 것을 느꼈기 때문입니다.","wordCount":28}}},"rawDataInfo":{"question":{"fileFormat":"wav","fileSize":474958,"duration":14840,"samplingBit":16,"channelCount":1,"samplingRate":"16kHz","audioPath":"/Mock/03.PublicService/Female/Experienced/ckmk_q_ps_f_e_179690.wav"},"answer":{"fileFormat":"wav","fileSize":2854478,"duration":89200,"samplingBit":16,"channelCount":1,"samplingRate":"16kHz","audioPath":"/Mock/03.PublicService/Female/Experienced/ckmk_a_ps_f_e_179690.wav"}}}