{"version":"1.0","dataSet":{"info":{"date":"20230116","occupation":"PS","channel":"MOCK","place":"ONLINE","gender":"FEMALE","ageRange":"35-44","experience":"EXPERIENCED"},"question":{"raw":{"text":"규범 준수와 현실 상황은 종종 충돌합니다 직접 경험한 관련 경험이 있으시면 말씀 한 번 해주세요","wordCount":15},"emotion":[],"intent":[]},"answer":{"raw":{"text":"규범 준수와 현실 생활은 현실 상황은 종종 충돌을 하곤 하는데 어 제가 직접적으로 경험한 것은 어 신호등에 횡단보도에서 신호등이 없는 어 횡단보도를 건널 때 어 건널 때나 아니면 밤에 운전을 하는데 신호등을 지키지 않아도 된다고 생각을 해서 그것들을 이제 지키지 않고 그냥 사람들이 없어서 그것들을 지키지 않아도 된다고 생각을 했는데 그것들은 어 쉽게 가볍게 넘어가야 할 상황이 아닙니다. 왜냐하면 요새 뉴스에서 보면 밤에 운전을 할 때 어 사람들이 어 보행자들이 잘 보이지 않는데 사람들이 그냥 지나치다가 살인사 살인 사람을 해치고 살인을 하고 죽는 상황들이 많이 발생하기 때문입니다. 그래서 그리고 또 이것은 교육적으로도 좋지 않습니다. 어 시간이 없을 때라든지 그럴 때 횡단 보도를 지키지 않는 모습을 보이면 어 배우는 자녀들의 입장에서 혼란을 가져올 수 있기 때문에 그것들을 어 최대한 지키는 뭐 무조건 지키는 그런 일을 해야 합니다.","wordCount":126},"emotion":[],"intent":[{"text":"","expression":"","category":"attitude"}],"summary":{"text":"체험 및 관광업, 요식업 및 숙박업 등 다양한 사업을 추진하게 됩니다. 따라서 기존의 단일 어촌 및 농촌마을 중심의 지역개발사업은 한계가 있다는 것입니다.","wordCount":22}}},"rawDataInfo":{"question":{"fileFormat":"wav","fileSize":325838,"duration":10180,"samplingBit":16,"channelCount":1,"samplingRate":"16kHz","audioPath":"/Mock/03.PublicService/Female/Experienced/ckmk_q_ps_f_e_224467.wav"},"answer":{"fileFormat":"wav","fileSize":2712718,"duration":84770,"samplingBit":16,"channelCount":1,"samplingRate":"16kHz","audioPath":"/Mock/03.PublicService/Female/Experienced/ckmk_a_ps_f_e_224467.wav"}}}