{"version":"1.0","dataSet":{"info":{"date":"20230116","occupation":"PS","channel":"MOCK","place":"ONLINE","gender":"FEMALE","ageRange":"35-44","experience":"EXPERIENCED"},"question":{"raw":{"text":"고객을 응대하는 일에 있어서 지원자님께서 가지고 있는 일관된 신념이나 원칙이 있다면 무엇입니까","wordCount":12},"emotion":[],"intent":[]},"answer":{"raw":{"text":"어 저는 이제 고객이라고 하면은 학부모랑 학생이라고 제가 말할 수 있을 것 같은데 제 그니까 저에 일관된 신념은 궁금해 하지 말자 입니다. 이렇게 말하면 다들 놀라긴 하는데 제가 학원 강사 일을 하면서 한 번도 애들한테 시험 점수를 먼저 물어본 적이 없어요. 그래서 애들도 간혹 가다 저한테 아니 다른 친구들은 학원에서 맨날 시험만 보고 나면은 점수 물어보고 뭐 시험지 가져와라 이러는데 어떻게 쌤은 그런 걸 안 물어봐요 맨날 이런 친구들도 많았는데 그냥 저는 아이들이 성적을 잘 받는 건 물론 중요하고 그 일을 위해서 이걸 한다 고 생각은 하는데 제가 가르쳐 준 것까지에 몫이 끝이라고 생각을 하는 편이에요. 제가 이만큼 전달했지만 아이들이 뭐 어떤 성과를 내던지 그거는 그 아이들의 몫이지 제가 그걸 굳이 알아서 또 이 아이를 어떻게 막 이끌어 줘야지 라고 생각하는 거는 조금 저의 신념에는 다른 결인 것 같애서 그리고 뭐 제 수업을 들은 애들이 성적이 막 크게 떨어지거나 그런 적이 없어서 어떤 자신감일 수도 있긴 한 것 같애요.","wordCount":149},"emotion":[{"text":"어 저는 이제 고객이라고 하면은 학부모랑 학생이라고 제가 말할 수 있을 것 같은데 제 그니까 저에 일관된 신념은 궁금해 하지 말자 입니다.","expression":"u-belief","category":"neutral"}],"intent":[{"text":"","expression":"","category":"attitude"}],"summary":{"text":"학원 강사 일을 하면서 한 번도 애들에게 시험 점수를 먼저 물어본 적이 없어요. 아이들이 성적을 잘 받는 건 중요하지만 그 일을 위해서 제가 가르쳐 준 것까지가 끝이라고 생각하는 편입니다. 제 수업을 들은 애들이 성적이 크게 떨어지거나 그런 적이 없어서 어떤 자신감일 수도 있는 것 같습니다.","wordCount":45}}},"rawDataInfo":{"question":{"fileFormat":"wav","fileSize":484238,"duration":15130,"samplingBit":16,"channelCount":1,"samplingRate":"16kHz","audioPath":"/Mock/03.PublicService/Female/Experienced/ckmk_q_ps_f_e_194950.wav"},"answer":{"fileFormat":"wav","fileSize":2684878,"duration":83900,"samplingBit":16,"channelCount":1,"samplingRate":"16kHz","audioPath":"/Mock/03.PublicService/Female/Experienced/ckmk_a_ps_f_e_194950.wav"}}}