{"version":"1.0","dataSet":{"info":{"date":"20230116","occupation":"PS","channel":"MOCK","place":"ONLINE","gender":"FEMALE","ageRange":"45-54","experience":"EXPERIENCED"},"question":{"raw":{"text":"일을 하다 보면 상사분을 만났을 경우 서로 안 맞는 케이스라면 자주 부딪치게 될 수도 있는데 상사가 본인에게 혼을 낸다면 기분이 상하지 않을까요 지원자님께서는 이렇게 된다면 어떻게 할 것인지 궁금합니다","wordCount":29},"emotion":[],"intent":[]},"answer":{"raw":{"text":"일을 하다 보면 상사가 제가 하는 일이 마음에 안 들거나 제멋대로라고 생각해서 당연히 혼을 낼 수 있습니다. 그런데 그 혼을 내는 게 감정적으로 그냥 그저 어 저의 어 성격이나 말투나 이런 게 맘에 안 들어서 혼을 내는 거라면 개인적으로 어 해결을 하겠습니다. 같이 얘기해서 어떤 부분이 문제냐 어 나의 어떤 부분이 당신의 기분을 상하게 했는지 모르겠지만 그게 만약에 당신의 말이 옳다면 내가 시정하겠다고 하면 될 것 같고요. 그런 트러블이 아니라 일적인 트러블이라면은 어 일적인 트러블에서는 감정을 상하지 않고 서로 해결을 할 수 있다고 봅니다. 물론 제가 능력이 부족해서 벌어진 일이라면 쿨하게 인정하고 능력이 부족한 것에 대해서 어 그래서 일의 속도가 지체 된 것이 있다면은 그런 거는 충분히 상사에게 상사님께 뭐 양해를 구하고 죄송하다는 말씀도 해야겠죠. 그리고 나서 열심히 하겠다고 하는 수밖에 없고요. 만약에 일과 관련된 것이 아니라 뭐 개인적인 다분히 사적인 어떤 정서적인 문제로 서로 부딪치는 거라면 그 부분은 개인적으로 만나서 풀어가야 일을 할 수 있다고 봅니다. 만약에 개인적으로 함께 일하는 상사가 저를 계속해서 좋아하지 않고 계속 어 그런 태도를 일관한다면 해결하지 않고는 일을 계속 진행할 수 없을 것 같기 때문에 해결해야 겠지요.","wordCount":173},"emotion":[],"intent":[{"text":"","expression":"","category":"attitude"}],"summary":{"text":"일적인 트러블에서는 감정을 상하지 않고 서로 해결을 할 수 있습니다. 능력이 부족해서 벌어진 일이라면 쿨하게 인정하고 일의 속도가 지체 된 것은 상사께 양해를 구하고 죄송함을 표하고 열심히 하겠습니다. 개인적인 정서적인 문제로 서로 부딪치는 거라면 그 부분은 개인적으로 만나서 풀어가야 일을 할 수 있다고 봅니다.","wordCount":44}}},"rawDataInfo":{"question":{"fileFormat":"wav","fileSize":600078,"duration":18750,"samplingBit":16,"channelCount":1,"samplingRate":"16kHz","audioPath":"/Mock/03.PublicService/Female/Experienced/ckmk_q_ps_f_e_186169.wav"},"answer":{"fileFormat":"wav","fileSize":2650638,"duration":82830,"samplingBit":16,"channelCount":1,"samplingRate":"16kHz","audioPath":"/Mock/03.PublicService/Female/Experienced/ckmk_a_ps_f_e_186169.wav"}}}