{"version":"1.0","dataSet":{"info":{"date":"20230116","occupation":"PS","channel":"MOCK","place":"ONLINE","gender":"FEMALE","ageRange":"55-","experience":"EXPERIENCED"},"question":{"raw":{"text":"동물 실험이 인간에게 주는 이익에 대해서 말씀해 주세요 또한 동물 실험에 대한 지원자님의 솔직한 생각도 들어보고 싶습니다","wordCount":17},"emotion":[],"intent":[]},"answer":{"raw":{"text":"실험이라는 것은 인간의 병에 관해 치료할 수 있는 신약을 개발한다거나 하는 데 필요하기 때문에 동물 실험이 전혀 필요하지 않다고 생각하지는 않습니다. 하지만 뭐 생명을 연장하는 기 위하여 동물 실험을 한다거나 그런 것은 아닌 것 같습니다. 어려운 병 질병에 걸려있는 대중들에게 치료약을 개발하기 위하여 동물 시험을 어쩔 수 없이 하게 되는 것은 어쩔 수 없지만 뭐 오래 살 수 있는 약을 개발하기 위해서 동물 실험을 한다거나 동물 실험을 하나의 쓰레기처럼 처리한다거나 하는 거는 굉장히 큰 잘못이라고 생각합니다, 어 신이 인간에게 준 모든 평 공평한 생명인데 동물도 인간과 다름없다고 생각합니다. 가능하면 동물 실험은 많이 하지 않았으면 좋겠습니다.","wordCount":95},"emotion":[],"intent":[{"text":"","expression":"","category":"attitude"}],"summary":{"text":"실험은 인간의 병에 관해 치료할 신약을 개발하거나 하는 데 필요하기 때문에 동물 실험이 필요하지 않다고 생각하지는 않습니다. 다만 생명을 연장하기 위하여 동물 실험을 하는 것은 아닌 것 같습니다. 가능하면 동물 실험은 많이 하지 않았으면 좋겠습니다.","wordCount":35}}},"rawDataInfo":{"question":{"fileFormat":"wav","fileSize":573518,"duration":17920,"samplingBit":16,"channelCount":1,"samplingRate":"16kHz","audioPath":"/Mock/03.PublicService/Female/Experienced/ckmk_q_ps_f_e_244619.wav"},"answer":{"fileFormat":"wav","fileSize":2303438,"duration":71980,"samplingBit":16,"channelCount":1,"samplingRate":"16kHz","audioPath":"/Mock/03.PublicService/Female/Experienced/ckmk_a_ps_f_e_244619.wav"}}}