{"version":"1.0","dataSet":{"info":{"date":"20230116","occupation":"PS","channel":"MOCK","place":"ONLINE","gender":"FEMALE","ageRange":"45-54","experience":"EXPERIENCED"},"question":{"raw":{"text":"지원자님께서 생각하시기에 글로벌 인재에게 필수인 요소는 무엇이고 또 면접자님께서 그것을 위해 노력했던 것은 무엇인지 궁금한데요 구체적으로 설명해 주시기 바랍니다","wordCount":19},"emotion":[],"intent":[]},"answer":{"raw":{"text":"어 요즘은 뭐 글로벌 시대죠. 인재도 글로벌 한 것 같고요. 그래서 모두들 얘기하는 게 기본적으로 어학 말이 통해야지만 뭐 글로벌한 인재네 인재가 될 수 있다 기본이라고 얘기를 하는데요. 어 저는 그런 어 언어적인 것보다는 일단은 글로벌한 마인드라고 생각을 합니다. 어떤 문제가 생겼을 때 그것을 바라보는 시각이 어떤 나의 나의 위치 나의 역할 우리나라 역할 이런 것보다는 조금 더 글로벌하게 어 한 위치에서 바라볼 수 있는 그런 시각이 글로벌 인재 필수 요소가 아닌가 싶습니다. 예를 들어 환경 문제나 이런 부분들도 어떤 우리나라에 국한된 문제 우리한테 피해가 오는 것에 대해 많지 집중할 것이 아니라 이제 전 세계를 봤을 때 어떤 문제가 있는지 피해 고가 어떤 어떤 곳인지 이런 것들을 바라보는 시각이 반드시 글로벌화 인재한테 에게는 필요한 요소라고 생각을 합니다.","wordCount":117},"emotion":[],"intent":[{"text":"","expression":"","category":"attitude"}],"summary":{"text":"어학 말이 통해야만 글로벌 인재가 될 수 있다고 하는데, 저는 언어적인 것보다는 글로벌한 마인드가 필요하다고 생각합니다. 어떤 문제가 생겼을 때 한 위치에서 바라볼 수 있는 시각이 반드시 글로벌 인재에게 필요한 요소라고 생각합니다.","wordCount":32}}},"rawDataInfo":{"question":{"fileFormat":"wav","fileSize":636238,"duration":19880,"samplingBit":16,"channelCount":1,"samplingRate":"16kHz","audioPath":"/Mock/03.PublicService/Female/Experienced/ckmk_q_ps_f_e_244218.wav"},"answer":{"fileFormat":"wav","fileSize":1845838,"duration":57680,"samplingBit":16,"channelCount":1,"samplingRate":"16kHz","audioPath":"/Mock/03.PublicService/Female/Experienced/ckmk_a_ps_f_e_244218.wav"}}}