{"version":"1.0","dataSet":{"info":{"date":"20230116","occupation":"PS","channel":"MOCK","place":"ONLINE","gender":"FEMALE","ageRange":"55-","experience":"EXPERIENCED"},"question":{"raw":{"text":"요즘은 기업에게 윤리 경영을 하라고 많이 지시를 받고 있습니다 소비자들도 그 기업이 윤리 경영을 하는지 여부에 대해서 평가를 하고 있는데요 이런 현상에 대해서 본인만의 의견을 말씀해 주시겠습니까","wordCount":27},"emotion":[],"intent":[]},"answer":{"raw":{"text":"기업이 윤리적 책임을 다하기 위해서는 고객과 직원과 공급자 그리고 경쟁자들에게도 이해관계자들에게도 신뢰를 줄 수 있는 경영을 하는 것을 윤리경영이라고 생각하므로 어 윤리경영을 하려면은 경제적 책임과 법적 책임과 윤리적 책임 사회적 책임을 다 조직 사회 회사 차원에서 해야 한다고 생각합니다. 그렇게 하기 위해서는 크린 경영을 해야 될 것이고요. 기업이 적극적으로 주체적으로 그리고 기업 윤리를 준수하면서 행동 원칙을 기업의 경제적 법적 책임을 다하는 것으로 해야 된다고 생각합니다. 윤리경영을 통해서만이 지속적인 신뢰와 자율성을 보장받을 수 있을 것 같습니다.","wordCount":75},"emotion":[],"intent":[{"text":"","expression":"","category":"attitude"}],"summary":{"text":"기업이 윤리적 책임을 다하기 위해서는 기업이 윤리를 준수하면서 행동 원칙을 기업의 경제적 법적 책임을 다하는 것으로 해야 된다고 생각합니다. 그래야만 지속적인 신뢰와 자율성을 보장받을 수 있을 것 같습니다.","wordCount":28}}},"rawDataInfo":{"question":{"fileFormat":"wav","fileSize":622158,"duration":19440,"samplingBit":16,"channelCount":1,"samplingRate":"16kHz","audioPath":"/Mock/03.PublicService/Female/Experienced/ckmk_q_ps_f_e_245285.wav"},"answer":{"fileFormat":"wav","fileSize":1734798,"duration":54210,"samplingBit":16,"channelCount":1,"samplingRate":"16kHz","audioPath":"/Mock/03.PublicService/Female/Experienced/ckmk_a_ps_f_e_245285.wav"}}}