{"version":"1.0","dataSet":{"info":{"date":"20230116","occupation":"PS","channel":"MOCK","place":"ONLINE","gender":"FEMALE","ageRange":"55-","experience":"EXPERIENCED"},"question":{"raw":{"text":"어 지원자님께서 그동안 인생에서 겪었던 여러 가지 갈등이 있으실 텐데요 가장 심각했던 갈등은 무엇이신지 어 한 가지만 골라서 어 말씀해 주시길 바랍니다","wordCount":22},"emotion":[],"intent":[]},"answer":{"raw":{"text":"저는 결혼 후에 시부모님과의 갈등이 특히 시어머니와의 갈등이 가장 큰 갈등이었던 것 같습니다. 제가 결혼 후 삼십 여 년 동안 아래 위층으로 함께 사는 시집살이를 하였습니다. 어머니께서는 경상도 분이시고 저는 서울 출신이어서 서로 대화하는데도 무리가 있었습니다. 대화할 때 사투리와 저 서울 표준말이기 때문에 서로 알아듣지를 못하는 경우가 처음에는 많았습니다. 그 사투리에서 일종의 감정이 느껴지기도 하고 말 한마디 하는 거에 대해 시어머니께서는 거기에 토를 달지 말고 말 대꾸를 하지 말라고 하여 제 의견을 하나도 전달할 수 없었습니다. 처음에는 너무 불편하고 너무 가슴이 아프고 스트레스가 쌓였지만 이것도 나에 대한 어느 정도의 자기 성찰의 시간이 될 거라는 생각으로 묵묵히 시 어머니께서 원하시는 일을 만 열심히 하고 한 마디도 토를 달지 않았습니다. 그 결과 결혼 후 삼십 여 년이 지난 어느 순간에는 시어머니께서도 다시 한 번 제 존재의 가치를 인정해 주셨습니다.","wordCount":127},"emotion":[],"intent":[{"text":"저는 결혼 후에 시부모님과의 갈등이 특히 시어머니와의 갈등이 가장 큰 갈등이었던 것 같습니다.","expression":"c_private","category":"background"}],"summary":{"text":"결혼 후 시부모님과의 갈등이 가장 컸던 것 같습니다. 어머니께서 경상도 분이시고 저 서울 출신이라서 대화에 무리가 있었습니다. 사투리로 인해 알아듣지 못하는 경우가 많았지만 자기 성찰의 시간이 될 거라는 마음으로 열심히 하였습니다. 그 결과 어느 순간에는 시어머니에서도 제 존재의 가치를 인정해 주셨습니다.","wordCount":41}}},"rawDataInfo":{"question":{"fileFormat":"wav","fileSize":568398,"duration":17760,"samplingBit":16,"channelCount":1,"samplingRate":"16kHz","audioPath":"/Mock/03.PublicService/Female/Experienced/ckmk_q_ps_f_e_245086.wav"},"answer":{"fileFormat":"wav","fileSize":2737998,"duration":85560,"samplingBit":16,"channelCount":1,"samplingRate":"16kHz","audioPath":"/Mock/03.PublicService/Female/Experienced/ckmk_a_ps_f_e_245086.wav"}}}