{"version":"1.0","dataSet":{"info":{"date":"20230116","occupation":"PS","channel":"MOCK","place":"ONLINE","gender":"FEMALE","ageRange":"35-44","experience":"EXPERIENCED"},"question":{"raw":{"text":"직무 수행 시에 모르는 과제가 등장했다면 어떻게 해결하실 건가요 본인의 해결법과 그 이유에 대해 함께 말씀해 주시길 바랍니다","wordCount":18},"emotion":[],"intent":[]},"answer":{"raw":{"text":"어 직무 수행 시에 모르는 과제가 등장을 했다면 어떻게 해결할지 해결 방법과 이유에 대해서 이야기를 하자면 어 요즘에는 어 워크넷에서 어 직장인들에게도 필요한 기술들을 어 교육할 수 있는 그런 어 장들이 많이 있고 국가에서 지원을 하는데 그것에 필요한 업무 업무들에 필요한 교육들을 제가 어 업무 후에 받아서 그것들을 어 충분히 어 교육을 통해서 지식들을 습득함으로써 제가 그 업무를 시행할 수 있도록 교육을 받도록 하겠습니다. 그리고 또 회사 안에 어 교육 어 하는 그런 기관들이나 또 어 선배들에게 어 자료들을 받을 수 있다면 그것들을 수집을 해서 제가 할 수 있는 최대한의 방법으로 그들을 어 익혀서 업무를 완수하도록 제가 노력을 기하겠습니다. 그리고 또 어려움이 있다면 상사들에게 어려운 점이나 어떻게 해결해야 하는지 상담을 통해서 그 도움을 받을 수 있도록 제가 노력을 하겠습니다. 그리고 어 요즘에는 실습하는 그런 기간들도 많은데 어 그것들을 통해서 이루어질 수 있도록 하고 또 제가 어 평상시에 필요한 업무들을 위해서 미리 준비하는 어 시간을 갖도록 할 것입니다. 음 업무를 하면서 어 연간 계획이나 또 다른 어 필요한 것들을 어 상사에게 물어보아서 교육을 미리미리 받아서 업무가 투입이 될 때 제가 바로바로 진행할 수 있도록 어 교육을 받도록 하겠습니다.","wordCount":177},"emotion":[],"intent":[{"text":"","expression":"","category":"attitude"}],"summary":{"text":"직무 수행 시 해결 방법과 이유를 이야기 하자면, 최근에는 워크넷에서 직장인들에게 필요한 기술들을 교육하는 장들이 많이 있고 국가에서 지원을 합니다. 그에 필요한 업무 업무들에 필요한 교육들을 업무 후에 받아서 지식들을 습득함으로써 업무를 시행할 수 있도록 교육을 받도록 하겠습니다. 그리고 어려움이 있다면 상사들에게 도움을 받을 수 있도록 노력하겠습니다.","wordCount":47}}},"rawDataInfo":{"question":{"fileFormat":"wav","fileSize":613518,"duration":19170,"samplingBit":16,"channelCount":1,"samplingRate":"16kHz","audioPath":"/Mock/03.PublicService/Female/Experienced/ckmk_q_ps_f_e_236726.wav"},"answer":{"fileFormat":"wav","fileSize":3691278,"duration":115350,"samplingBit":16,"channelCount":1,"samplingRate":"16kHz","audioPath":"/Mock/03.PublicService/Female/Experienced/ckmk_a_ps_f_e_236726.wav"}}}