{"version":"1.0","dataSet":{"info":{"date":"20230116","occupation":"PS","channel":"MOCK","place":"ONLINE","gender":"FEMALE","ageRange":"55-","experience":"EXPERIENCED"},"question":{"raw":{"text":"만약 본인이 게임 속 캐릭터라면 어떤 게임에서 어떤 역할을 맡아서 그 게임에서 수행하고 싶으신가요","wordCount":14},"emotion":[],"intent":[]},"answer":{"raw":{"text":"저요. 저는 음 제가 게임을 잘 안 해봐서 솔직히 잘 모르기는 하지만 그 그런 막 싸우는 게임 같은 거 보면은 막 앞에 먼저 나가는 사람 있고 그 다음에 뒤에서 그 사람을 보호하는 그까 그 뭐라 그러죠 엄호하는 엄호 맞나 엄호하는 사람이 또 있잖아요 아군으로서. 네 저는 그 역할을 하고 싶어요. 제가 하는 일이 그 역할인 거 같기도 해요 지금. 그까 그 결인 거 같애요. 아이들을 살피고 보살피고 제 나름대로는 조금 뭔가 바른 길로 갈 수 있기를 조금 터주는 네 좀 길을 닦아주는 그런 쪽의 일이기 때문에 어 앞으로 헤쳐나가는 데 있어서 주변에 뭔가 그 장애물은 있어 있어야 되고 또 그런 시행착오도 겪어야 되고 하지만 너무 나쁜 그런 것들은 제가 조금 뭔가 먼저 좀 갈고 닦을 수 있게 그런 부분.","wordCount":119},"emotion":[],"intent":[{"text":"","expression":"","category":"attitude"}],"summary":{"text":"아이들을 살피고 보살피고 제 나름대로는 조금 바른 길로 갈 수 있기를 터주는 쪽의 일이기 때문에 앞으로 헤쳐나가는 데 있어서 주변에 무언가 그 장애물은 있어야 되고, 시행착오도 겪어야 되고 하지만 너무 나쁜 것들은 제가 조금 먼저 좀 갈고 닦을 수 있게 그런 부분입니다.","wordCount":42}}},"rawDataInfo":{"question":{"fileFormat":"wav","fileSize":287438,"duration":8980,"samplingBit":16,"channelCount":1,"samplingRate":"16kHz","audioPath":"/Mock/03.PublicService/Female/Experienced/ckmk_q_ps_f_e_178024.wav"},"answer":{"fileFormat":"wav","fileSize":2886158,"duration":90190,"samplingBit":16,"channelCount":1,"samplingRate":"16kHz","audioPath":"/Mock/03.PublicService/Female/Experienced/ckmk_a_ps_f_e_178024.wav"}}}