{"version":"1.0","dataSet":{"info":{"date":"20230116","occupation":"PS","channel":"MOCK","place":"ONLINE","gender":"FEMALE","ageRange":"55-","experience":"EXPERIENCED"},"question":{"raw":{"text":"면접자분께서는 공사와 공단의 차이가 무엇인지 알고 계십니까 만약 이 차이점을 알고 계신다면 최대한 자세하게 설명해 주시기 바랍니다","wordCount":17},"emotion":[],"intent":[]},"answer":{"raw":{"text":"공사는 공기업으로 자산이 이 조 원 이상이고 어 총 수입액이 팔십 오 퍼센트가 자체 수입액인 것을 말하며 한국 전력 공사나 이런 걸 말씀 말하는 것이고요. 어 공단은 어 준정부 기관이라고 할 수 있고요. 직원 오십 명 이상의 것으로 국민 연금 관리 공단 이런 것을 얘기하는 걸로 알고 있습니다. 어 공사는 공기업이고 공단은 준정부 기관으로 소속으로 되있습니다.","wordCount":56},"emotion":[],"intent":[{"text":"","expression":"","category":"attitude"}],"summary":{"text":"자산이 이 조 원 이상이고 총 수입액의 80퍼센트가 자체 수입액인 한국 전력 공사, 그리고 국민 연금 관리 공단은 준정부 기관으로 소속 되있습니다.","wordCount":22}}},"rawDataInfo":{"question":{"fileFormat":"wav","fileSize":471118,"duration":14720,"samplingBit":16,"channelCount":1,"samplingRate":"16kHz","audioPath":"/Mock/03.PublicService/Female/Experienced/ckmk_q_ps_f_e_234218.wav"},"answer":{"fileFormat":"wav","fileSize":1225998,"duration":38310,"samplingBit":16,"channelCount":1,"samplingRate":"16kHz","audioPath":"/Mock/03.PublicService/Female/Experienced/ckmk_a_ps_f_e_234218.wav"}}}