{"version":"1.0","dataSet":{"info":{"date":"20230116","occupation":"PS","channel":"MOCK","place":"ONLINE","gender":"FEMALE","ageRange":"55-","experience":"EXPERIENCED"},"question":{"raw":{"text":"앞으로 공무원 일을 하게 되는데요 지원자님께서 원하는 공무원의 모습을 생각해 둔 게 있을 것입니다 그 부분에 대해서 자세하게 설명을 해주시기 바랍니다","wordCount":21},"emotion":[],"intent":[]},"answer":{"raw":{"text":"공무원은 바로 공공기관의 직원입니다. 공공기관의 직원은 모든 국민의 대변자로서 그리고 국민을 도와주는 조력자로서의 역할을 잘 해 가는 게 제일 큰 목표라고 생각하고요. 국민들이 원하는 그 어떤 문제점을 정확하고 확실하게 해결해 줄 수 있는 게 공무원의 역할이라고 생각합니다. 만약 제가 공무원이 된다고 한다면 좀 더 가까이 다가가서 어 취약계층 여러분들의 어려운 점을 하나하나 발굴하고 그분들의 어려움을 해결해 줄 수 있는 그런 어 공정하고 평등한 사회를 이룰 수 있는 공무원이 되기를 바랍니다.","wordCount":70},"emotion":[{"text":"공무원은 바로 공공기관의 직원입니다.","expression":"u-fact","category":"neutral"}],"intent":[{"text":"","expression":"","category":"attitude"}],"summary":{"text":"공공기관의 직원은 모든 국민의 대변자이자 조력자로서의 역할을 잘 해 가는 게 제일 큰 목표라고 생각합니다. 제가 공무원이 된다면 취약계층의 어려움을 해결해 주는 공무원이 되길 바랍니다.","wordCount":25}}},"rawDataInfo":{"question":{"fileFormat":"wav","fileSize":590158,"duration":18440,"samplingBit":16,"channelCount":1,"samplingRate":"16kHz","audioPath":"/Mock/03.PublicService/Female/Experienced/ckmk_q_ps_f_e_240112.wav"},"answer":{"fileFormat":"wav","fileSize":1801998,"duration":56310,"samplingBit":16,"channelCount":1,"samplingRate":"16kHz","audioPath":"/Mock/03.PublicService/Female/Experienced/ckmk_a_ps_f_e_240112.wav"}}}