{"version":"1.0","dataSet":{"info":{"date":"20230116","occupation":"PS","channel":"MOCK","place":"ONLINE","gender":"FEMALE","ageRange":"35-44","experience":"EXPERIENCED"},"question":{"raw":{"text":"지원자님께서는 평소에 개인 작업을 많이 하시는 편인지요 어 그런 개인 작업을 많이 한다면 그렇게 할 수 있는 원동력은 어디에서 나오는지 말씀해 주시기 바랍니다","wordCount":23},"emotion":[],"intent":[]},"answer":{"raw":{"text":"저는 평상시에 개인 작업을 많이 하는 편입니다. 그렇게 할 수 있는 원동력은 제가 어 장기적인 계획을 세워서 한다는 것입니다. 예를 들어서 개인 작업을 하면 어 장기적인 계획이나 그런 구체적인 계획이 없다면 음 그것들이 어느정도 와 있는지 알지 못하고 어 시간에 쫓겨서 어 마무리하는 경우도 있고 음 걱정 속에서 그것들을 하는 경우도 많고 어 그것들이 어 어디서 와 있는지 모르는 그런 확신속 어 불확실한 어 걱정 속에서 어 많이 헤매고 그것들을 늘어지는 경우도 많이 있는데 제가 어 예를 들어 한 달간 프로젝트를 한다면 하루 동안 할 수 있는 양과 한 시간 동안 할 수 있는 양을 기록을 해서 어느정도 제가 수행을 했는지 정확히 알 수 있기 때문에 어 제가 어느 정도 더 노력을 하면 더 좋은 많은 결과를 얻을 수 있다고 예측을 해서 더 어 자신을 어 더 많이 공부할 수 있도록 하고 또 어 휴식 시간이 필요하다면 휴식 시간을 처음에 배치를 해서 어 일이 잘못되었거나 틀어지는 시간이 틀어지는 작업이 있을 때 그것들을 백업할 수 있는 시간을 만들어서 어 여유 시간을 두어서 그것에 너무 음 쫓겨가지 않도록 어 저는 항상 쉬는 시간을 마련을 해서 배치를 합니다. 그래서 제가 일을 할 때 어 시간 관리를 철저히 하기 때문에 제가 단기적인 계획을 세우므로 제가 안정감 있게 그것들을 수행할 수 있는 그런 능력이 됩니다.","wordCount":200},"emotion":[],"intent":[{"text":"","expression":"","category":"attitude"}],"summary":{"text":"저는 평상시에 개인 작업을 많이 하는 편인데 그 원동력은 제가 장기적인 계획을 세워서 한다는 것입니다. 그래서 제가 일을 할 때 시간 관리를 철저히 하기 때문에 제가 단기적인 계획을 세우므로 제가 안정감 있게 그것들을 수행할 수 있는 그런 능력이 됩니다.","wordCount":39}}},"rawDataInfo":{"question":{"fileFormat":"wav","fileSize":467278,"duration":14600,"samplingBit":16,"channelCount":1,"samplingRate":"16kHz","audioPath":"/Mock/03.PublicService/Female/Experienced/ckmk_q_ps_f_e_241166.wav"},"answer":{"fileFormat":"wav","fileSize":3828558,"duration":119640,"samplingBit":16,"channelCount":1,"samplingRate":"16kHz","audioPath":"/Mock/03.PublicService/Female/Experienced/ckmk_a_ps_f_e_241166.wav"}}}