{"version":"1.0","dataSet":{"info":{"date":"20230116","occupation":"PS","channel":"MOCK","place":"ONLINE","gender":"FEMALE","ageRange":"35-44","experience":"EXPERIENCED"},"question":{"raw":{"text":"지금부터 삼 년 뒤까지 삼 년 내 주요 성장 계획이나 목표가 있으신가요 어떤 계획이나 목표가 있으신지 말씀해 주시길 바랍니다","wordCount":19},"emotion":[],"intent":[]},"answer":{"raw":{"text":"음 제가 삼 년 뒤까지 어 주요 성장 계획이나 목표가 있다면 제가 교사로 일을 하고 있는데 어 에이디에이치디 학생이나 아니면 학습 부진 학생을 가르치고 있는데 그 학생들은 행동적인 문제가 있고 그것들을 자신의 힘으로 컨트롤 할 수 없는 상태이기 때문에 그것들을 도와주려면 어 심리 상담사가 수업 시간에 필요한데 그것들을 어 지금 몇 건에서는 지원을 받을 수 없는 상황이기 때문에 음 제가 인터넷 강의를 통해서 심리 자 상담사 자격증을 따서 제가 할 수 있는 한도 내에서 아이들의 특성을 파악하고 아이들이 어 개선을 해야 될 점들에 대해서 도움을 주어서 그 학생도 어 공부에 임할 수 있고 또 다른 학생들도 함께 그들과 어 같이 공부할 수 있는 환경을 만들어주도록 제가 공부를 어 할 계획입니다. 그래서 지금은 어 노동부에서 어 진행하는 그런 심리 상담사 자격증을 따고 있고 그 이후에는 어 심리 상 심리 상담 선생님에게 어 자문을 구하여서 그 학생들이 어 다른 심리 상담을 받을 수 있는지 학교 전체적으로 어 어 노력을 해서 그 학생들에게도 어 문제 행동에 대해서 인식을 하게 한 후에 그 학생들도 사회에 적응할 수 있도록 어 자신의 길들을 찾아갈 수 있는 기회를 주도록 어 많은 목표를 어 많은 계획들을 세워서 그 학생들을 도와주는 것이 제 성장 제 목표입니다.","wordCount":187},"emotion":[],"intent":[{"text":"","expression":"","category":"attitude"}],"summary":{"text":"제가 교사로서 일을 하면서 에이디에이치디 학생이나 학습 부진 학생을 가르치는데, 그 학생들을 도와주려면 심리 상담사가 필요한데, 지원을 받을 수 없어 인터넷 강의를 통해 자격증을 따고, 노동부에서 진행하는 심리 상담사 자격증을 취득하고, 그 이후에는 심리 상담 선생님에게 자문을 구하여 학생들이 문제 행동을 인식하도록 하고, 사회 적응을 위한 기회를 주도록 하는 것이 성장 목표입니다.","wordCount":52}}},"rawDataInfo":{"question":{"fileFormat":"wav","fileSize":393998,"duration":12310,"samplingBit":16,"channelCount":1,"samplingRate":"16kHz","audioPath":"/Mock/03.PublicService/Female/Experienced/ckmk_q_ps_f_e_237494.wav"},"answer":{"fileFormat":"wav","fileSize":3738318,"duration":116820,"samplingBit":16,"channelCount":1,"samplingRate":"16kHz","audioPath":"/Mock/03.PublicService/Female/Experienced/ckmk_a_ps_f_e_237494.wav"}}}