{"version":"1.0","dataSet":{"info":{"date":"20230116","occupation":"PS","channel":"MOCK","place":"ONLINE","gender":"FEMALE","ageRange":"55-","experience":"EXPERIENCED"},"question":{"raw":{"text":"만약 본인이 하고 싶은 직무 말고 다른 직무를 맡게 된다면 어떻게 하실 건가요 그래도 괜찮으실까요","wordCount":15},"emotion":[],"intent":[]},"answer":{"raw":{"text":"네 제가 하고 싶은 일만 할 수 있는 사회는 없습니다. 제가 원하고 하고 싶은 일을 어 지속적으로 할 수 없더라도 다른 직무를 맡게 되면 그 직무에 맞는 일을 잘 해내나 갈 수 있도록 열심히 기초 그 내역을 공부하고 모든 일을 어 새롭게 배우는 마음으로 열심히 하도록 하겠습니다. 그래서 그래서 다른 직무를 맡게 되더라도 충분히 해낼 수 있는 역량과 어 제 능력이 있다고 생각합니다. 다른 직무를 맡았던 적도 있고 그래서 새 일을 해 나가는 것도 새로운 흥미를 일으키는 일이기 때문에 직장 생활하는데 꼭 내가 하고 싶은 일만 할 수는 없다고 생각합니다.","wordCount":90},"emotion":[],"intent":[{"text":"","expression":"","category":"attitude"}],"summary":{"text":"다른 직무를 맡게 되면 그 직무에 맞는 일을 잘 해내갈 수 있도록 열심히 기초 그 내역을 공부하고 모든 일을 새롭게 배우는 마음으로 열심히 하도록 하겠습니다.","wordCount":25}}},"rawDataInfo":{"question":{"fileFormat":"wav","fileSize":281678,"duration":8800,"samplingBit":16,"channelCount":1,"samplingRate":"16kHz","audioPath":"/Mock/03.PublicService/Female/Experienced/ckmk_q_ps_f_e_244613.wav"},"answer":{"fileFormat":"wav","fileSize":1769678,"duration":55300,"samplingBit":16,"channelCount":1,"samplingRate":"16kHz","audioPath":"/Mock/03.PublicService/Female/Experienced/ckmk_a_ps_f_e_244613.wav"}}}