{"version":"1.0","dataSet":{"info":{"date":"20230116","occupation":"PS","channel":"MOCK","place":"ONLINE","gender":"FEMALE","ageRange":"-34","experience":"EXPERIENCED"},"question":{"raw":{"text":"사람들이 자신의 의견을 피력할 때 여러 가지 스타일이 있을 수 있는데요 지원자님께서는 어떤 스타일로 자신의 의견을 주장하시는지 궁금합니다 혹시 의견을 주장할 때 강하게 주장하는 편이신가요","wordCount":25},"emotion":[],"intent":[]},"answer":{"raw":{"text":"어 저는 제 의견을 주장할 때 절대 강하게 주장하는 편이 아닙니다. 왜냐하면 너무 강하게 제 의견을 주장을 하다 보면 저와 다른 생각을 가진 다른 국부의 사람들이 제 의견에 대해서 거부감을 가지고 저에 대해서 어 어떤 반감을 살 수 있기 때문입니다. 그래서 제 의견을 주장할 때는 어 너무 강하게 얘기하진 않되 다른 사람들을 설득을 이끌어 낼 수 있어야 하기 때문에 어 제 주장에 대한 어떤 명확한 근거와 논리정연한 어 구조를 가지고 설득을 하려고 노력을 하는 편입니다. 대신 그렇다고 해서 모든 사람들의 의견이 다 맞다고 동의하는 편은 아니구요. 어 제 의견을 가장 주로 얘기를 하되 어 너의 의견이 틀렸다 라고 얘기하는 것이 아니라 명확한 근거를 가지고 나는 이러이러해서 내 의견이 가장 어 적절하다고 생각을 하는데 어떻게 생각을 하니 이런 식으로 좀 부드럽게 어 주장을 하는 편입니다.","wordCount":124},"emotion":[],"intent":[{"text":"","expression":"","category":"attitude"}],"summary":{"text":"저는 제 의견을 주장할 때 강하게 주장하는 편이 아니라 제 주장에 대한 명확한 근거와 논리정연한 구조를 가지고 설득을 하려고 노력을 하는 편입니다.","wordCount":22}}},"rawDataInfo":{"question":{"fileFormat":"wav","fileSize":644878,"duration":20150,"samplingBit":16,"channelCount":1,"samplingRate":"16kHz","audioPath":"/Mock/03.PublicService/Female/Experienced/ckmk_q_ps_f_e_190182.wav"},"answer":{"fileFormat":"wav","fileSize":1917518,"duration":59920,"samplingBit":16,"channelCount":1,"samplingRate":"16kHz","audioPath":"/Mock/03.PublicService/Female/Experienced/ckmk_a_ps_f_e_190182.wav"}}}