{"version":"1.0","dataSet":{"info":{"date":"20230116","occupation":"PS","channel":"MOCK","place":"ONLINE","gender":"FEMALE","ageRange":"-34","experience":"EXPERIENCED"},"question":{"raw":{"text":"지원자님 현대인은 하루 평균 세 번 거짓말을 하고 산다고 합니다 지원자님께서는 해 본 가장 기억에 남은 거짓말은 어떤 것이라고 생각하십니까","wordCount":20},"emotion":[],"intent":[]},"answer":{"raw":{"text":"제가 가장 기억에 남는 거짓말은 남편과에 연애 당시에 거짓말인 것 같습니다. 사람들의 관심이 부담스러워서 주변 친구들과 가족들도 모르게 비밀 연애로 사귀고 있었는데 보는 사람들 많아 요즘 누구랑 사귀는 것 아니냐 누구랑 연애하는 거 아니었냐 물어보는 질문마다 절대 아니다 나는 지금 연애할 시간이 없다 일이 더 중요하고 우리는 서로에게 전혀 관심이 없다 등등에 거짓말을 했고 다들 그렇게 믿는 줄 알고 완벽하게 속였다고 생각하며 지내왔는데 나중에 시간이 지나서 주변 지인들과 가족들에게 남편과에 연애 사실을 알리고 보니 남편과 저만 비밀 연애였고 남들은 다 아는 공개형 내 중이었던 기억이 있습니다.","wordCount":86},"emotion":[],"intent":[{"text":"","expression":"","category":"attitude"}],"summary":{"text":"남편과의 연애 당시에는 사람들의 관심이 부담되어 비밀 연애로 사귀고 있었는데, 주변 지인들과 가족들에게 연애 사실을 알리고 보니 남편과 저만 비밀 연애였고 남들은 다 아는 공개형 제 중이었던 기억이 있습니다.","wordCount":29}}},"rawDataInfo":{"question":{"fileFormat":"wav","fileSize":452558,"duration":14140,"samplingBit":16,"channelCount":1,"samplingRate":"16kHz","audioPath":"/Mock/03.PublicService/Female/Experienced/ckmk_q_ps_f_e_226474.wav"},"answer":{"fileFormat":"wav","fileSize":1657038,"duration":51780,"samplingBit":16,"channelCount":1,"samplingRate":"16kHz","audioPath":"/Mock/03.PublicService/Female/Experienced/ckmk_a_ps_f_e_226474.wav"}}}