{"version":"1.0","dataSet":{"info":{"date":"20230116","occupation":"PS","channel":"MOCK","place":"ONLINE","gender":"FEMALE","ageRange":"45-54","experience":"EXPERIENCED"},"question":{"raw":{"text":"요즘 윤리 경영이 대세입니다 윤리 경영을 위해 조직 회사 차원에서 해야 할 일은 무엇이라고 생각하시는지 궁금합니다","wordCount":16},"emotion":[],"intent":[]},"answer":{"raw":{"text":"아 네 그까 윤리 경영이 뭐 대세라기보다는 그렇게 윤리적으로 개인도 그렇고 어 법인도 회사도 그 윤리적으로 어 경영이 되어야 그 이 세상이 제대로 돌아가지 않을까 생각을 하고요. 어 그까 조직이나 회사 차원에서 윤리 경영을 위해서 해야 할 일은 일단 투명한 경영이 아닌가 그리고 이제 법의 테두리 안에서 그 그 안에서 어떤 수익을 내기 위한 뭐 어떤 편법이나 이런 걸 쓰는 게 아니라 기본적인 법을 지키는 그 기본에 충실해야 한다고 생각을 합니다. 어 그까 기본을 다하지 않고 뭐 이거 해도 되겠지 저래도 되겠지 무사안일한 생각으로 어 뭐 법을 교묘히 이용한다거나 그까 이렇게 거짓으로 뭐 물건을 만든다거나 판매하거나 그 광고를 하면 안 되구요. 투명하게 법을 지키면서 기준에 맞춘 그런 경영을 해야 되지 않겠나 그까 기준이 제일 그 기본 그 기본을 지키는 그 기준이 제일 중요하다고 생각합니다.","wordCount":124},"emotion":[],"intent":[{"text":"","expression":"","category":"attitude"}],"summary":{"text":"윤리 경영이 대세가 아니라 윤리적으로 경영이 되어야 이 세상이 제대로 돌아가지 않을까 생각합니다. 조직이나 회사 차원에서 윤리 경영을 위해서 해야 할 일은 투명한 경영이고 기본적인 법을 지키는 그 기본에 충실해야 한다고 생각합니다.","wordCount":32}}},"rawDataInfo":{"question":{"fileFormat":"wav","fileSize":343118,"duration":10720,"samplingBit":16,"channelCount":1,"samplingRate":"16kHz","audioPath":"/Mock/03.PublicService/Female/Experienced/ckmk_q_ps_f_e_237291.wav"},"answer":{"fileFormat":"wav","fileSize":2636238,"duration":82380,"samplingBit":16,"channelCount":1,"samplingRate":"16kHz","audioPath":"/Mock/03.PublicService/Female/Experienced/ckmk_a_ps_f_e_237291.wav"}}}