{"version":"1.0","dataSet":{"info":{"date":"20230116","occupation":"PS","channel":"MOCK","place":"ONLINE","gender":"FEMALE","ageRange":"35-44","experience":"EXPERIENCED"},"question":{"raw":{"text":"저희 회사에 불만을 제기하는 고객이 있다면 이를 대처하는 방법이나 노하우가 있다면 자세하게 한번 설명해 주십시오","wordCount":15},"emotion":[],"intent":[]},"answer":{"raw":{"text":"불만을 제기하는 고객이 있다면 이를 대처하는 저만의 노하우는 어 그것들을 실수로 한 것이라고 하고 사과를 하는 방향이 있습니다. 예를 들어서 어떤 사람들의 사람들이 무언가를 하도록 권유를 하는데 그 사람들이 그것을 하는 자체가 불만이 생길 수가 있기 때문에 그것들을 실수로 제가 어 했다고 이야기를 하고 개인 정보가 노출되는 것이 아니라고 이야기를 한 후에 뭐 사과를 해서 그 사람들이 뭐 화를 누그러트리도록 노력을 먼저 하겠습니다. 어 그 사람이 혹시라도 화가 누그러트려서 괜찮다고 하면 어 사과를 진심으로 한 후에 그 사람들에게 혹시 재가입 할 수 있는 그런 어 의사가 없는지 한 번 더 물어보고 그것들이 가능하다면 그것들을 어 진행하도록 노력하겠습니다. 아니면 어 시간이 지체되어서 불만을 제기하는 고객이 있을 수 있는데 그런 사람들에게는 어 혜택을 주어서 그 사람들이 감정을 상하지 않고 다시 어 서비스를 사용을 할 수 있도록 어 도움을 요청했을 때 도움을 주는 혜택을 주는 방향으로 어 부드럽게 이야기를 해서 그 사람들이 어 그 불만에 대해서 계속해서 불만을 가지고 있고 나쁜 인식을 회사에 대한 나쁜 인식을 갖지 않도록 노력을 해서 최대한 좋은 방향으로 뭐 감정을 잘 어 다스려 다 다독여 준 상태에서 그것들을 진행을 해서 좋은 결과를 얻을 수 있도록 어 많은 노력을 거할 것입니다.","wordCount":182},"emotion":[],"intent":[{"text":"아니면 어 시간이 지체되어서 불만을 제기하는 고객이 있을 수 있는데 그런 사람들에게는 어 혜택을 주어서 그 사람들이 감정을 상하지 않고 다시 어 서비스를 사용을 할 수 있도록 어 도움을 요청했을 때 도움을 주는 혜택을 주는 방향으로 어 부드럽게 이야기를 해서 그 사람들이 어 그 불만에 대해서 계속해서 불만을 가지고 있고 나쁜 인식을 회사에 대한 나쁜 인식을 갖지 않도록 노력을 해서 최대한 좋은 방향으로 뭐 감정을 잘 어 다스려 다 다독여 준 상태에서 그것들을 진행을 해서 좋은 결과를 얻을 수 있도록 어 많은 노력을 거할 것입니다.","expression":"p_voc","category":"technology"}],"summary":{"text":"저만의 노하우는 실수로 한 것이라고 하고 사과를 하는 방향이 있습니다. 어떤 사람이 무언가를 하도록 권유를 했는데 개인 정보가 노출되는 것이 아니라고 이야기를 한 후에 사과를 해서 그 사람들이 화를 누그러뜨리도록 노력을 먼저 하고, 만약 화가 누그러트려서 괜찮다고 하면 사과를 진심으로 한 후에 재가입 할 수 있는 의사가 없는지 한번 더 묻고 그것들이 가능하다면 그것들을 진행하겠습니다.","wordCount":55}}},"rawDataInfo":{"question":{"fileFormat":"wav","fileSize":419918,"duration":13120,"samplingBit":16,"channelCount":1,"samplingRate":"16kHz","audioPath":"/Mock/03.PublicService/Female/Experienced/ckmk_q_ps_f_e_241365.wav"},"answer":{"fileFormat":"wav","fileSize":3880398,"duration":121260,"samplingBit":16,"channelCount":1,"samplingRate":"16kHz","audioPath":"/Mock/03.PublicService/Female/Experienced/ckmk_a_ps_f_e_241365.wav"}}}