{"version":"1.0","dataSet":{"info":{"date":"20230116","occupation":"PS","channel":"MOCK","place":"ONLINE","gender":"FEMALE","ageRange":"-34","experience":"EXPERIENCED"},"question":{"raw":{"text":"지원자님께서 특별히 가고 싶은 회사가 있으시다면 그 회사의 어떤 점을 중점적으로 보시는지 설명해 주시기 바랍니다 특정 도메인이 중요한지 회사의 분위기가 중요한지 궁금합니다","wordCount":22},"emotion":[],"intent":[]},"answer":{"raw":{"text":"제가 회사를 고를 때 가장 중요하게 생각했었던 부분은 회사의 분위기입니다. 물론 사람들마다 자신의 직업적인 그런 가치관에 따라서 선호하는 부분이 다를 수가 있는데요. 저 같은 경우에는 제가 어 오랫동안 근무할 곳이라면 그 조직원들이 갖고 있는 분위기 그리고 그런 분위기를 조성하는 회사의 분위기가 가장 중요하다 라고 생각을 합니다 그래서 저는 어 제가 원하는 회사가 있다 라고 하면은 어 특정 플랫폼을 통해서 그 플랫폼에서 회사의 분위기가 어떤지를 먼저 검색해 보곤 합니다. 현직자들이 써 놓은 이야기야말로 저는 가장 조직의 문화를 잘 대변할 수 있는 그런 내용들이라고 생각을 합니다. 그리고 해당 기업의 평판을 조금 확인하기 위해서 주변에 다니는 사람들이 있다 라면은 알음알음 물어서 조직 분위기가 어떤지를 항상 묻곤 합니다.","wordCount":104},"emotion":[],"intent":[{"text":"","expression":"","category":"attitude"}],"summary":{"text":"회사의 분위기가 가장 중요하다고 생각합니다. 그래서 특정 플랫폼을 통해서 그 플랫폼의 회사 분위기를 검색해 보곤 합니다. 현직자들이 써 놓은 이야기이야말로 가장 조직의 문화를 잘 대변할 수 있는 내용들이라 생각합니다.","wordCount":29}}},"rawDataInfo":{"question":{"fileFormat":"wav","fileSize":477518,"duration":14920,"samplingBit":16,"channelCount":1,"samplingRate":"16kHz","audioPath":"/Mock/03.PublicService/Female/Experienced/ckmk_q_ps_f_e_179085.wav"},"answer":{"fileFormat":"wav","fileSize":2652558,"duration":82890,"samplingBit":16,"channelCount":1,"samplingRate":"16kHz","audioPath":"/Mock/03.PublicService/Female/Experienced/ckmk_a_ps_f_e_179085.wav"}}}