{"version":"1.0","dataSet":{"info":{"date":"20230116","occupation":"PS","channel":"MOCK","place":"ONLINE","gender":"FEMALE","ageRange":"45-54","experience":"EXPERIENCED"},"question":{"raw":{"text":"지금까지 여러 대외 활동을 경험하셨을 거라 생각됩니다 대외 활동에서 무엇을 배웠고 또 어떤 자세로 임했는지 말씀해 주실 수 있으실까요","wordCount":19},"emotion":[],"intent":[]},"answer":{"raw":{"text":"어 그 대외 활동을 하면서는 어 어쨌든 내가 늘 했던 일이 아닌 새로운 일들이고 새로운 사람들과 많이 만났기 때문에 여러 가지 내가 몰랐던 어 생각이라던지 또 내가 잘 하지 않았던 그런 경험을 해보면서 어 물론 그 해보지 않았고 새로운 사람들이기 때문에 낯설고 어 굉장히 어려운 일들이 있지만 그럼에도 불구하고 그런 것들을 해보면 어 좀 어렵고 힘들지만 뭔가 해냈다는 성취감 그런 흐뭇함이 나 자신의 자존감을 좀 증대시키는 것 같구요. 그렇기 때문에 제가 뭐 새로운 일에 대한 뭐 그런 것들이 좀 어렵고 힘들어 하지만 그거를 이겨내기 위해서 대외 활동이나 이런 부분들을 어 쉼 없이 해 왔던 것 같고 어 늘 열심히 잘은 못하더라도 열심히 하는 그런 자세로 어 임해었던 것 같습니다.","wordCount":109},"emotion":[],"intent":[{"text":"","expression":"","category":"attitude"}],"summary":{"text":"대외 활동을 하면서 새로운 사람들과 많이 만나면서 낯설고 어 어렵지만 해냈다는 성취감 같은 성취감이 나 자신의 자존감을 증대시키는 것 같습니다. 그래서 항상 열심히 잘은 못하더라도 열심히 하는 자세로 임해왔습니다.","wordCount":29}}},"rawDataInfo":{"question":{"fileFormat":"wav","fileSize":427598,"duration":13360,"samplingBit":16,"channelCount":1,"samplingRate":"16kHz","audioPath":"/Mock/03.PublicService/Female/Experienced/ckmk_q_ps_f_e_229237.wav"},"answer":{"fileFormat":"wav","fileSize":2291278,"duration":71600,"samplingBit":16,"channelCount":1,"samplingRate":"16kHz","audioPath":"/Mock/03.PublicService/Female/Experienced/ckmk_a_ps_f_e_229237.wav"}}}