{"version":"1.0","dataSet":{"info":{"date":"20230116","occupation":"PS","channel":"MOCK","place":"ONLINE","gender":"FEMALE","ageRange":"55-","experience":"EXPERIENCED"},"question":{"raw":{"text":"지원자님께서 저희 부서 그리고 저희 회사에 지원하게 된 지원 동기가 궁금합니다 관심을 가진 이유와 지원 동기에 대해서 자세하게 말씀 부탁드립니다","wordCount":20},"emotion":[],"intent":[]},"answer":{"raw":{"text":"먹고 살려고 하는 게 제일 컸고요. 왜냐하면 이건 기술직이기 때문에 한번 배워 놓으면 평생 어쨌든 어디서든 제가 하다못해 한국을 떠날지라도 우리나라를 떠날지라도 이 기술로 밥벌이는 할 수 있겠다는 생각에 어떻게든 이거를 배우려고 했었구요 어렸을 때. 이게 아니면 뭐 또 뭐 공장 일을 하거나 그래야 될 경우였으니까 그래서 그랬고 저 혼자만 이제 계속 자영업으로 하다가 뭐 관리할 것도 많고 신경 쓸 게 너무 많았기 때문에 몰랐어요 사실 이런 기회나 이런 게 있다는 걸 몰랐어 가지고 이렇게 회사 안에 네 이케 소소하게 조금 샵처럼 해 놓을 수 있다는 그런 또 이게 꼭 젊은 그런 대상이 아니라 저 같은 연령대도 가능하다는 거를 듣고 이렇게 한번 지원을 해 보게 되었습니다.","wordCount":106},"emotion":[],"intent":[{"text":"이게 아니면 뭐 또 뭐 공장 일을 하거나 그래야 될   경우였으니까 그래서 그랬고 저 혼자만 이제 계속 자영업으로 하다가   뭐 관리할 것도 많고 신경 쓸 게 너무 많았기 때문에 몰랐어요 사실 이런 기회나 이런 게 있다는 걸 몰랐어 가지고 이렇게   회사 안에 네 이케 소소하게 조금 샵처럼 해 놓을 수 있다는 그런 또 이게 꼭 젊은 그런 대상이 아니라 저 같은 연령대도   가능하다는 거를 듣고 이렇게 한번 지원을 해 보게 되었습니다.","expression":"c_sincere_job","category":"etc"}],"summary":{"text":"기술로 밥벌이 가능하다는 것을 배우고 싶었습니다. 혼자 자영업을 하다 보니 이런 기회나 이런 게 있다는 걸 몰랐고 회사 안에 소소하게 샵처럼 해 놓을 수 있다는 것을 듣고 지원을 해 보았습니다.","wordCount":30}}},"rawDataInfo":{"question":{"fileFormat":"wav","fileSize":627918,"duration":19620,"samplingBit":16,"channelCount":1,"samplingRate":"16kHz","audioPath":"/Mock/03.PublicService/Female/Experienced/ckmk_q_ps_f_e_179689.wav"},"answer":{"fileFormat":"wav","fileSize":2564558,"duration":80140,"samplingBit":16,"channelCount":1,"samplingRate":"16kHz","audioPath":"/Mock/03.PublicService/Female/Experienced/ckmk_a_ps_f_e_179689.wav"}}}