{"version":"1.0","dataSet":{"info":{"date":"20230116","occupation":"PS","channel":"MOCK","place":"ONLINE","gender":"FEMALE","ageRange":"35-44","experience":"EXPERIENCED"},"question":{"raw":{"text":"태어나서 지금까지 한 일들 중 가운데 가장 후회했던 일은 무엇이 있습니까 한 가지만 골라 말씀해 주실 수 있으실까요","wordCount":18},"emotion":[],"intent":[]},"answer":{"raw":{"text":"태어나서 지금까지 가장 후회한 일들이 있었다면 뭐 제가 첫 번째로는 인간관계를 하면서 음 상대방의 모습을 바꾸려고 강요를 했던 모습입니다. 예를 들어서 상대방과 생각이 다른 것이 이고 다양성을 존중을 해야 되는 부분이 있는데 제가 상황과 여건이 어렵고 마음 상태가 좋지 않아서 음 상대방에 생각을 존중하지 못하고 자꾸만 바꾸려고 하고 제 생각을 관철시키려고 했던 모습들이 있었기 때문에 제가 후회가 됩니다. 그래서 그것들을 통해서 제가 어 그렇지만 제가 그것들을 통해서 어 상대방의 입장에서 생각하는 시간도 가지게 되었고 음 살아온 환경이 다르기 때문에 어 환경과 또 생각이 또 다르기 때문에 그것들을 받아들이는 점이 변할 수 없다는 것을 제가 알고 또 상대방과 조율하는 방법들을 배워나갈 수 있었습니다. 그리고 제가 어 어학연수에 가서 어 미국에서 어학연수를 했는데 그때 어 한 번 실패를 했었는데 그때 최선을 다해서 하지 못했던 모습들이 후회가 됩니다. 음 시간을 제가 그때 조절하는 방법을 배우지 못했기 때문에 그 시간들을 후회하고 지금에 와서 더 공부하는 모습을 보이고 제가 영어 공부에 매진하고 시간 관리에 매진하는 모습으로 노력하는 모습으로 긍정적인 형태로 제가 어 배우게 되었습니다. 그것들이 저에게는 어 건강한 모습으로 긍정적인 모습으로 어 작용하게 되었습니다.","wordCount":169},"emotion":[],"intent":[{"text":"","expression":"","category":"attitude"}],"summary":{"text":"지금까지 가장 후회한 일은 인간관계를 하면서 상대방의 모습을 바꾸려고 강요했던 모습인 것 같습니다. 하지만 이것들을 통해서 상대방의 입장에서 생각하는 시간을 가지게 되었고, 환경과 생각이 다르기 때문에 그것들을 받아들이는 점이 변할 수 없다는 것을 알고 조율하는 방법을 배워나갈 수 있었습니다. 그리고 미국에서 어학연수를 했는데 그때 최선을 다하지 못했던 모습들이 후회가 됩니다.","wordCount":50}}},"rawDataInfo":{"question":{"fileFormat":"wav","fileSize":412238,"duration":12880,"samplingBit":16,"channelCount":1,"samplingRate":"16kHz","audioPath":"/Mock/03.PublicService/Female/Experienced/ckmk_q_ps_f_e_236125.wav"},"answer":{"fileFormat":"wav","fileSize":3801358,"duration":118790,"samplingBit":16,"channelCount":1,"samplingRate":"16kHz","audioPath":"/Mock/03.PublicService/Female/Experienced/ckmk_a_ps_f_e_236125.wav"}}}