{"version":"1.0","dataSet":{"info":{"date":"20230116","occupation":"PS","channel":"MOCK","place":"ONLINE","gender":"FEMALE","ageRange":"55-","experience":"EXPERIENCED"},"question":{"raw":{"text":"지금부터 삼 년 뒤까지 삼 년 내 주요 성장 계획이나 목표가 있으시다면 말씀해 주시길 바랍니다","wordCount":15},"emotion":[],"intent":[]},"answer":{"raw":{"text":"저 같은 경우에는 가치관 자체가 나눔과 베품에 대해서 굉장히 중요하게 생각하는 편이기 때문에 삼 년 뒤에는 제가 가진 실무 기술을 제 후배들에게 전수해 줄 수 있는 그런 선배가 되고 싶습니다. 그래서 저는 제가 가진 노하우나 혹은 업무에 대한 매뉴얼들을 직접 정리해서 그 부분을 한번 문서로 만들어보고 그 문서들을 후배들을 교육시키는 데 한 사용하는 그런 자료로 활용해 보고 싶은 것이 제 소박한 그런 소망 중에 하나입니다.","wordCount":65},"emotion":[],"intent":[{"text":"","expression":"","category":"attitude"}],"summary":{"text":"저는 나눔과 베품을 중요하게 여겨서, 삼 년 뒤에는 실무 기술을 제 후배들에게 전수해 줄 수 있는 선배가 되고 싶습니다. 매뉴얼을 만들어 교육 자료로 활용하고 싶은 소망이 있습니다.","wordCount":27}}},"rawDataInfo":{"question":{"fileFormat":"wav","fileSize":337998,"duration":10560,"samplingBit":16,"channelCount":1,"samplingRate":"16kHz","audioPath":"/Mock/03.PublicService/Female/Experienced/ckmk_q_ps_f_e_239380.wav"},"answer":{"fileFormat":"wav","fileSize":1866958,"duration":58340,"samplingBit":16,"channelCount":1,"samplingRate":"16kHz","audioPath":"/Mock/03.PublicService/Female/Experienced/ckmk_a_ps_f_e_239380.wav"}}}