{"version":"1.0","dataSet":{"info":{"date":"20230116","occupation":"PS","channel":"MOCK","place":"ONLINE","gender":"FEMALE","ageRange":"-34","experience":"EXPERIENCED"},"question":{"raw":{"text":"만약 이직을 생각하는 동료를 만나게 된다면 지원자님은 뭐라고 말씀하실 건가요 또한 왜 그렇게 말씀하실 건지도 설명해 주시길 바랍니다","wordCount":18},"emotion":[],"intent":[]},"answer":{"raw":{"text":"사실 저희 일은 어 많이 돌긴 하거든요 사람들이. 한 곳에서 오래 못하는 경우가 많은데 저는 근데 저희 분야에서는 그 이직을 고민하는 가장 큰 이유가 임금 부분인 것 같애요. 워낙 프리랜서로 일을 할 때 그 임금이 잘 오르지 않는 부분들이 많아서 그래서 만약에 지금 질문 주신 그 이직을 생각하는 동료가 다른 사정이 있는 게 아니라 그 임금의 부분 페이의 부분이라면 저는 더 많이 주는 곳으로 옮기는 게 맞다고 말을 할 것 같고요. 그런데 이제 그 외적인 고민이라면 저는 그래도 이 업계가 말이 많이 도는 부분이 있기 때문에 만약에 좋게 끝날 것 같지 않을 때 동료가 이 회사랑 좋은 마무리를 짓지 못할 것 같을 때는 쫌 생각을 해보라고 권유는 할 것 같기는 해요. 워낙 소문이 많이 돌기도 하고 또 이 운영을 하는 사람들이 서로 채용을 할 때 전화를 해서 물어보기도 하니까 그래서 여러모로 좀 조심스럽게 생각해야 되는 부분들을 고려해서 제 나름대로의 조언을 줄 것 같습니다.","wordCount":143},"emotion":[],"intent":[{"text":"","expression":"","category":"attitude"}],"summary":{"text":"이직을 고민하는 가장 큰 이유는 임금 부분인데, 페이의 부분이라면 더 많이 주는 곳으로 옮기는 게 맞습니다. 그 외적인 고민이라면 이 업계가 말이 많이 도는 부분이 있어서 좋게 끝날 것 같지 않을 때 동료가 회사랑 좋은 마무리를 하지 못할 것 같을 때는 생각을 해보라고 권유는 할 것 같습니다.","wordCount":47}}},"rawDataInfo":{"question":{"fileFormat":"wav","fileSize":623438,"duration":19480,"samplingBit":16,"channelCount":1,"samplingRate":"16kHz","audioPath":"/Mock/03.PublicService/Female/Experienced/ckmk_q_ps_f_e_205361.wav"},"answer":{"fileFormat":"wav","fileSize":2729678,"duration":85300,"samplingBit":16,"channelCount":1,"samplingRate":"16kHz","audioPath":"/Mock/03.PublicService/Female/Experienced/ckmk_a_ps_f_e_205361.wav"}}}