{"version":"1.0","dataSet":{"info":{"date":"20230116","occupation":"PS","channel":"MOCK","place":"ONLINE","gender":"FEMALE","ageRange":"55-","experience":"EXPERIENCED"},"question":{"raw":{"text":"지원자님께서 지금 면접을 보고 계시는 이 회사 건물에 화재가 발생했다고 가정했을 때 가장 먼저 해야 할 일은 무엇일까요","wordCount":18},"emotion":[],"intent":[]},"answer":{"raw":{"text":"일단 일 일 구에 신고합니다. 그다음에 가장 가까운 쪽에 화재가 발생했으면 제가 일단 제 자신을 보호하기 위하여 물에다 젖은 수건이나 그런 걸 준비하고 그다음에 집에 만일 소화기구가 있으면 그거를 들고 어 제가 끌 수 있는 능력이 되는 상황이면 소화기로 먼저 끕니다. 소화기로 끄고 그러 그럼에도 불구하고 그 불이 계속해서 남아 있으면 그리고 저희 제 주위에 저희 가족이나 이웃이 있으면 그분들이 빨리 대피할 수 있도록 대피 동로 통로를 알려주고 함께 대피할 수 있도록 합니다. 그리고 건물이라고 하면 여러 층으로 되어 있기 때문에 인명 피해가 나지 않도록 먼저 그분들이 살고 있는 집마다 뚜들겨서 사람이 있는지 확인하고 함께 대비할 수 있도록 합니다. 가장 먼저 생각해야 할 일은 일 일 구에 신고가 제일 먼저 이구요. 그리고 소화기를 다시 한 번 잘 살펴서 작동 방법도 그 전에 미리미리 준비해 놓고 작동해서 불을 끄려고 하는 게 우선일 것 같습니다.","wordCount":133},"emotion":[],"intent":[{"text":"","expression":"","category":"attitude"}],"summary":{"text":"가장 먼저 해야 할 일은 일 일 구에 신고를 하는 것이며, 소화기를 다시 한 번 잘 살펴서 작동 방법도 그 전에 미리 준비해 놓고 작동해서 불을 끄려고 하는 게 우선일 것 같습니다.","wordCount":32}}},"rawDataInfo":{"question":{"fileFormat":"wav","fileSize":489038,"duration":15280,"samplingBit":16,"channelCount":1,"samplingRate":"16kHz","audioPath":"/Mock/03.PublicService/Female/Experienced/ckmk_q_ps_f_e_247665.wav"},"answer":{"fileFormat":"wav","fileSize":2783438,"duration":86980,"samplingBit":16,"channelCount":1,"samplingRate":"16kHz","audioPath":"/Mock/03.PublicService/Female/Experienced/ckmk_a_ps_f_e_247665.wav"}}}