{"version":"1.0","dataSet":{"info":{"date":"20230116","occupation":"PS","channel":"MOCK","place":"ONLINE","gender":"FEMALE","ageRange":"35-44","experience":"EXPERIENCED"},"question":{"raw":{"text":"직무 수행 시 난관에 봉착했다면 어떻게 해결하실 생각입니까 본인의 해결법과 이유를 말씀해 주세요","wordCount":13},"emotion":[],"intent":[]},"answer":{"raw":{"text":"제가 직무를 수행할 때 난간에 봉착했을 때 해결했던 방법은 어 다른 연관된 사람들의 도움을 받어서 그것들을 최대한 어 해결했다는 점입니다. 그리고 또 다른 학습자에게 어 함께 융합할 수 있는 그런 분위기로 만들었습니다. 첫 번째로는 어 제가 영어 교사로 일을 할 때 학생들이 컨트롤이 안되고 어 통제가 안되는 그런 상황들이 있었는데 그 학생들을 그냥 단순히 어 말을 듣게 하기보다 음 담임 선생님과 상담 선생님과 상의를 해 한 결과 그 선생님 어 상담 선생님은 그 아이들이 행동에 문제가 있다고 이야기를 했고 에이디에이치디가 있을 것이라고 예측을 했습니다. 그래서 어 담임 선생님도 담임 선생님께도 이야기를 해서 학생들이 컨트롤이 안 될 때는 선생님께 이야기해서 문제를 좀 더 쉽게 해결하는 방법을 찾도록 하고 그 학생들이 상담이 필요한 상태였기 때문에 어 몇몇 학생들에게 상담 요청을 어 상담을 할 수 있는 지원을 할 수 있는 어 그런 것을 음 부모님들께 어 전달을 해서 어 좀 더 행동이 어 좋아졌습니다. 그리고 그 학 그 학생들이 어 또 컨트롤 잘 안되지만 에너지가 많기 때문에 그 학생들과 어 좀 더 활동적인 공놀이를 하면서 학습에 어 참여할 수 있도록 도와주었고 그 학생들에게 어 학습에 대한 관심을 끌 수 있도록 많은 노력을 했기 때 했습니다.","wordCount":182},"emotion":[],"intent":[{"text":"","expression":"","category":"attitude"}],"summary":{"text":"난관에 봉착했을 때 다른 연관 사람들의 도움을 받아 최대한 해결했습니다. 또 다른 학습자에게 함께 융합할 수 있는 분위기를 만들었습니다. 제가 영어 교사로 일을 할 때 학생들이 컨트롤이 안되고 통제가 안되는 상황들이 있었는데 담임 선생님과 상담 선생님과 상의를 해 아이들이 행동에 문제가 있다고 예측을 했습니다. 그 학생들이 학습에 참여할 수 있도록 도와주었습니다.","wordCount":51}}},"rawDataInfo":{"question":{"fileFormat":"wav","fileSize":353038,"duration":11030,"samplingBit":16,"channelCount":1,"samplingRate":"16kHz","audioPath":"/Mock/03.PublicService/Female/Experienced/ckmk_q_ps_f_e_244023.wav"},"answer":{"fileFormat":"wav","fileSize":3847118,"duration":120220,"samplingBit":16,"channelCount":1,"samplingRate":"16kHz","audioPath":"/Mock/03.PublicService/Female/Experienced/ckmk_a_ps_f_e_244023.wav"}}}