{"version":"1.0","dataSet":{"info":{"date":"20230116","occupation":"PS","channel":"MOCK","place":"ONLINE","gender":"FEMALE","ageRange":"35-44","experience":"EXPERIENCED"},"question":{"raw":{"text":"요즘 고령화 사회로 가면서 여러 가지 문제들이 대두되고 있는데요 그 가운데 치매로 인한 문제가 많이 대두되고 있습니다 이에 대해서 건보 공단이 하는 일과 개선할 방안에 대해서 말씀해 주시기 바랍니다","wordCount":29},"emotion":[],"intent":[]},"answer":{"raw":{"text":"어 요새는 치매로 인해 문제가 많이 대두가 되고 있는데 그 사람들은 어 나이나 또 익숙한 곳에서 잊어버리는 기억 기억이 많이 잊어버리기 때문에 위험한 상황에 어 닥칠 수가 있습니다. 예를 들어서 치매 할머니가 어 밥 국을 끓여 놓고 어 나가서 까스렌지를 불 끄는 것을 까먹어서 아파트가 불이 난 것을 본 기사도 있고 또 어 위험한 상황들이 있어서 집을 찾아가지 못하고 또 어려움을 겪는 그런 환자 치매 환자들로 인해서 그 사람들이 어 버려지는 그런 상황들도 있을 수 있는데 그 사람들은 항상 어 도움을 줄 수 있는 그런 치매 관리사가 옆에서 도와주고 어려움이 있을 때 즉각적으로 연락할 수 있는 체계를 만들어서 어 도움을 받을 수 있어야 한다고 생각을 합니다. 예를 들어서 그 사람들에게 어 치매가 어 너무 심하지 않는 경우라면 어 시계 등을 스마트 워치 같은 것을 장착을 할 수 어 차게 해서 위험한 상황이 되면 어 눌러서 바로 경찰서나 또 병원으로 연결을 할 수 있는 그런 시스템을 만들어서 안전에 대한 부분을 책임을 져야 한다고 생각을 합니다. 그리고 또 어 지속적으로 어 치매 관리사가 어 의료 어 건강 진단을 건강검진을 하고 치매 차도가 있는지 어 어려운 점이 없는지에 대해서 살피는 것이 중요합니다.","wordCount":179},"emotion":[],"intent":[{"text":"","expression":"","category":"attitude"}],"summary":{"text":"치매로 인해 문제가 많이 대두되고 있는데, 그 사람들은 나이나 익숙한 곳에서 많이 잊어버려 위험한 상황에 닥칠 수 있습니다. 따라서 항상 도움을 줄 수 있는 치매 관리사가 옆에서 도와주고 어려움이 있을 때 즉각적으로 연락할 수 있는 체계를 만들어서 안전에 대한 부분을 책임져야 한다고 생각합니다.","wordCount":43}}},"rawDataInfo":{"question":{"fileFormat":"wav","fileSize":657678,"duration":20550,"samplingBit":16,"channelCount":1,"samplingRate":"16kHz","audioPath":"/Mock/03.PublicService/Female/Experienced/ckmk_q_ps_f_e_241370.wav"},"answer":{"fileFormat":"wav","fileSize":3873358,"duration":121040,"samplingBit":16,"channelCount":1,"samplingRate":"16kHz","audioPath":"/Mock/03.PublicService/Female/Experienced/ckmk_a_ps_f_e_241370.wav"}}}