{"version":"1.0","dataSet":{"info":{"date":"20230116","occupation":"PS","channel":"MOCK","place":"ONLINE","gender":"FEMALE","ageRange":"-34","experience":"EXPERIENCED"},"question":{"raw":{"text":"지원자님께서 이전 직장이나 대학에서 프로젝트를 해 보셨을 텐데요 어떤 프로젝트를 했는지 기억나는 거 하나만 골라서 말씀해 주시기 바라겠습니다","wordCount":18},"emotion":[],"intent":[]},"answer":{"raw":{"text":"알아서 해 프로젝트라는 것을 진행한 적이 있는데요. 이것은 대학 때 했던 제 전공 과목안에서 했던 프로젝트였었고 말 그대로 그 팀을 나눠서 반에서 팀을 나눠서 정말 이 팀들이 알아서 주제를 정해서 어떤 퍼포먼스를 하는 그런 프로젝트였습니다. 그래서 정말로 공연을 올려도 되고 혹은 뭔가 플래시 몹 같은 그런 이벤트적인 행사를 했었어도 됐는데 음 저는 그 당시에 누구의 아이디어였는지 기억은 잘 안 나지만 뭔가 동물의 입장에서 생각을 해보는 그런 프로젝트를 한 번 진행해 보자 라는 아이디어가 나와서 어 동물 우리에 사람을 가둬서 어 한 번 그걸 느껴보는 이벤트를 진행한 적이 있었습니다. 그래서 캠퍼스 내에서 어 저나 다른 친구들이 어떤 동물의 입장에서 그 우리 안에 갇혀있고 어 사람들에게 사료를 받아 먹는 그런 식의 행동을 하다가 그 우리를 뜯어서 다시 사료를 준 사람들이 그 우리 속에 가두는 듯한 이벤트를 했던 적이 있습니다. 그래서 그 활동이 끝나면 그 사람들에게 어떤 느낌을 가졌는지 질문을 하는 걸로 마무리되었었습니다.","wordCount":140},"emotion":[],"intent":[{"text":"","expression":"","category":"attitude"}],"summary":{"text":"동물 입장에서 생각해 보는 프로젝트를 한 번 진행해보자 라는 아이디어로 동물 우리에 사람을 가두어 한 번 느껴보는 이벤트를 진행한 적이 있습니다. 그 활동이 끝나면 그 사람들에게 어떤 느낌을 가졌는지 질문을 하는 걸로 마무리되었습니다.","wordCount":33}}},"rawDataInfo":{"question":{"fileFormat":"wav","fileSize":478478,"duration":14950,"samplingBit":16,"channelCount":1,"samplingRate":"16kHz","audioPath":"/Mock/03.PublicService/Female/Experienced/ckmk_q_ps_f_e_182607.wav"},"answer":{"fileFormat":"wav","fileSize":2889038,"duration":90280,"samplingBit":16,"channelCount":1,"samplingRate":"16kHz","audioPath":"/Mock/03.PublicService/Female/Experienced/ckmk_a_ps_f_e_182607.wav"}}}