{"version":"1.0","dataSet":{"info":{"date":"20230116","occupation":"PS","channel":"MOCK","place":"ONLINE","gender":"FEMALE","ageRange":"-34","experience":"EXPERIENCED"},"question":{"raw":{"text":"지금까지 살아오시면서 새로운 환경에서 전혀 몰랐던 일을 맡아서 직접 해 본 경험이 있으신가요 경험에 대해 구체적으로 말씀해 주세요","wordCount":18},"emotion":[],"intent":[]},"answer":{"raw":{"text":"이거는 제가 이제 요가 강사 하던 시절의 이야긴데 그 이제 회사에서 제가 그때 있었던 그 센터에서 어떤 브랜드와 콜라보로 뭔가를 진행하는 일이 있었어요. 좀 자주 그런 것들을 진행하는 곳이었는데 그때 이제 제가 거기서 강사로도 있지만 어쨌든 직원으로도 있기 때문에 그런 일들을 할 때 업무를 같이 처리를 해야 되는 보조 역할을 하는 경우들이 몇 번 있었어요. 그래서 쫌 지방으로 가야 하는 행사였던 것 같애요 그때. 그래서 저는 보조의 역할로 가는 거였어 가지고 그때 그냥 아무 생각 없이 그냥 늘 그렇듯이 따라갔는데 그 바닷가가 있는 지역이었는데 어 이백 오십 명 정도 앞에서 요가를 가르쳐야 하는 일이더라고요. 근데 저는 그거를 당연히 제가 같이 가는 그 이제 선생님의 보조로 갔다고 생각을 했지 제가 거기서 수업을 하게 될 줄은 몰랐었거든요. 근데 갑자기 저한테 그 이백 오십 명 앞에서 수업을 진행하라고 하시더라고요. 그리고 그렇게 얘기가 진행되는 줄 알고 계셨었고 그쪽에서도. 그래서 안 할 수는 없기 때문에 얼떨결에 그거를 진행했던 경험이 있었습니다.","wordCount":145},"emotion":[],"intent":[{"text":"","expression":"","category":"attitude"}],"summary":{"text":"회사 센터에서 콜라보로 진행하는 일들을 할 때 업무를 같이 처리해야 되는 보조 역할을 하는 경우가 몇 번 있었습니다. 바닷가 지역이었는데 이백 오십 명 정도 앞에서 요가를 가르쳐야 하는 일이었습니다. 근데 갑자기 제가 그 앞에서 수업을 진행하라고 하셔서 얼떨결에 진행을 했던 경험이 있습니다.","wordCount":42}}},"rawDataInfo":{"question":{"fileFormat":"wav","fileSize":595278,"duration":18600,"samplingBit":16,"channelCount":1,"samplingRate":"16kHz","audioPath":"/Mock/03.PublicService/Female/Experienced/ckmk_q_ps_f_e_205358.wav"},"answer":{"fileFormat":"wav","fileSize":2829198,"duration":88410,"samplingBit":16,"channelCount":1,"samplingRate":"16kHz","audioPath":"/Mock/03.PublicService/Female/Experienced/ckmk_a_ps_f_e_205358.wav"}}}