{"version":"1.0","dataSet":{"info":{"date":"20230116","occupation":"PS","channel":"MOCK","place":"ONLINE","gender":"FEMALE","ageRange":"-34","experience":"EXPERIENCED"},"question":{"raw":{"text":"만약 상사가 업무와 무관한 일을 시킨다면 어떻게 하실 건가요 그래도 잘 수행하실 건가요 아니면 수행하지 않으실 건지 답변 부탁드립니다","wordCount":19},"emotion":[],"intent":[]},"answer":{"raw":{"text":"어 무관한 일을 시켜도 저는 잘 수행할 수 있을 것 같구요. 그것 때문에 야근을 하게 되거나 뭐 제가 해야 될 그러니까 제가 원래 하는 일이 있었는데 상사가 시킨 일 때문에 그게 영향을 받는다고 해도 전 상관이 없습니다. 대신에 제가 만약에 이제 방금처럼 야근을 했다던지 그리고 그 일을 하는 것 때문에 저의 일을 못한다던지 하는 상황이 생긴다면 어 상사가 그리고 이런 일이 생겼을 때 그거를 모른 척 간다면 가만히 있지는 않을 것 같습니다. 어쨌든 정당한 보상이 항상 따라줘야 한다고 생각을 하고요. 뭐 그런 것들이 정당하게만 저한테 주어진다면 업무와 무관한 일을 시켜도 저는 잘 수행할 자신이 있습니다.","wordCount":95},"emotion":[],"intent":[{"text":"","expression":"","category":"attitude"}],"summary":{"text":"정당한 보상이 항상 따라줘야 한다고 생각하며, 그런 것들이 정당하게만 저한테 주어진다면 업무와 무관한 일을 시켜도 저는 잘 수행할 자신이 있습니다.","wordCount":20}}},"rawDataInfo":{"question":{"fileFormat":"wav","fileSize":613198,"duration":19160,"samplingBit":16,"channelCount":1,"samplingRate":"16kHz","audioPath":"/Mock/03.PublicService/Female/Experienced/ckmk_q_ps_f_e_182610.wav"},"answer":{"fileFormat":"wav","fileSize":1856718,"duration":58020,"samplingBit":16,"channelCount":1,"samplingRate":"16kHz","audioPath":"/Mock/03.PublicService/Female/Experienced/ckmk_a_ps_f_e_182610.wav"}}}