{"version":"1.0","dataSet":{"info":{"date":"20230116","occupation":"PS","channel":"MOCK","place":"ONLINE","gender":"FEMALE","ageRange":"35-44","experience":"EXPERIENCED"},"question":{"raw":{"text":"지원자님은 전공 분야에 있어 부족하다고 느껴 따로 공부한 분야가 있으신가요","wordCount":10},"emotion":[],"intent":[]},"answer":{"raw":{"text":"음 제가 영어 교육 전공을 했는데 어 최근에 부족한 부분이 있어서 많이 공부를 하고 있습니다. 제가 임용고시를 준비를 하고 있는데 어 제가 학생들을 가르치려고 담임을 하려고 하니 음 임용고시를 보지 않으면 기간제 교사로만 어 할 수 있어서 계속해서 지속적으로 어 한 학교에서 학생들을 관리하는 것이 아니고 계속해서 일 년에 한 번씩 계약을 해야 하기 때문에 어 그 학생들에게 지속적으로 관리를 하기 위해서 임용고시를 준비를 하고 있습니다. 그리고 어 임용고시를 준비를 하면서 복수 전공으로 삼 삼 상담도 같이 진행을 할 계획입니다. 음 그래서 이제 학생들 학생들의 특성을 잘 알고 그 학생들에게 어떻게 지도해야 하는지 많이 부족한 면을 느낍니다. 제가 어 경험이 부족하기 때문에 학생들을 어떻게 다루야 하는지 학생들을 어떻게 지도해야 하는지 학생을 관리하는 부분에 있어서 어려움을 느끼기 때문에 어 임용고시 준비를 하면서 그런 학습 지도 부분에 생활 지도 부분에 대해서 어 많이 어려움을 느끼고 또 그것들을 배워야 하기 때문에 뭐 임용고시를 통해서 전반적인 어 제 직업에 대해서 그리고 경력에 대해서 더 많은 부족한 부분들을 채워나갈 수 있을 거라고 생각을 합니다. 그래서 어 또 따른 부분에서 부전공으로도 심리학을 배울 수 있어서 어 그 학습 부진 학생들의 어 생활 지도를 하고 또 공부에 동기를 부여해주는 면도 많이 보충을 하는 하고 있습니다.","wordCount":188},"emotion":[],"intent":[{"text":"","expression":"","category":"attitude"}],"summary":{"text":"임용고시를 준비하며 학생들을 관리하기 위해 복수 전공으로 상담을 진행할 계획입니다. 임용고시 준비 과정에서 학습 지도 부분에 어려움을 느끼기 때문에 이를 통해 제 직업과 경력에 대해 더 많은 부분을 채울 수 있을 것이라 생각합니다. 또 부전공으로도 심리학을 배울 수 있어서 학습 부진 학생들의 생활 지도를 하고 공부에 동기를 부여해주는 면도 보충하고 있습니다.","wordCount":51}}},"rawDataInfo":{"question":{"fileFormat":"wav","fileSize":266318,"duration":8320,"samplingBit":16,"channelCount":1,"samplingRate":"16kHz","audioPath":"/Mock/03.PublicService/Female/Experienced/ckmk_q_ps_f_e_237500.wav"},"answer":{"fileFormat":"wav","fileSize":3691278,"duration":115350,"samplingBit":16,"channelCount":1,"samplingRate":"16kHz","audioPath":"/Mock/03.PublicService/Female/Experienced/ckmk_a_ps_f_e_237500.wav"}}}