{"version":"1.0","dataSet":{"info":{"date":"20230116","occupation":"PS","channel":"MOCK","place":"ONLINE","gender":"FEMALE","ageRange":"55-","experience":"EXPERIENCED"},"question":{"raw":{"text":"만약 상사가 회사의 이익에 반하는 행동을 하는 것을 본인이 직접 목격하게 되었다면 그때 어떻게 행동하실 건가요","wordCount":16},"emotion":[],"intent":[]},"answer":{"raw":{"text":"제 경험 속에서도 상사가 회사 이익에 반한 행동을 하는 것을 목격한 적이 있습니다. 본인의 돈이 아닌 회사의 돈으로 개인적인 것에 쓴다거나 회계를 부정하게 한다거나 또는 뭐 본인의 물건을 회사의 경비로 산다거나 이런 것을 여러 번 목격했습니다. 처음에는 어느 정도 그거를 묵인 했지만 점점 더 늘어가는 그런 경우가 생겼기 때문에 이 때에는 어쩔 수 없이 상사에게 단 둘이서 얘기해서 매 항목별로 이 항목은 이렇게 잘못되었습니다 이 항목은 이렇게 해야 합니다 라고 솔직히 얘기하고 만약 몰랐을 경우가 있었을지라도 이것을 깨우쳐 주고 다시 수정할 수 있는 기회를 주는 게 좋겠다고 생각했습니다. 본인도 모르는 사이에 이게 사적인 어 회사의 공금이 사적으로 쓰여질 수 있다는 거를 알려드리는 게 좋은 좋은 행동이라고 생각합니다.","wordCount":107},"emotion":[],"intent":[{"text":"","expression":"","category":"attitude"}],"summary":{"text":"상사가 회사 이익에 반한 행동을 하는 것을 여러번 목격했습니다. 처음에는 묵인했지만 점점 더 늘어나는 경우에는 상사와 얘기하는 게 좋겠다고 생각했습니다. 본인도 모르는 사이에 회사의 공금이 사적으로 쓰일 수 있다는 걸 알려줘야 좋은 행동이라고 생각합니다.","wordCount":34}}},"rawDataInfo":{"question":{"fileFormat":"wav","fileSize":286798,"duration":8960,"samplingBit":16,"channelCount":1,"samplingRate":"16kHz","audioPath":"/Mock/03.PublicService/Female/Experienced/ckmk_q_ps_f_e_244858.wav"},"answer":{"fileFormat":"wav","fileSize":2544718,"duration":79520,"samplingBit":16,"channelCount":1,"samplingRate":"16kHz","audioPath":"/Mock/03.PublicService/Female/Experienced/ckmk_a_ps_f_e_244858.wav"}}}