{"version":"1.0","dataSet":{"info":{"date":"20230116","occupation":"PS","channel":"MOCK","place":"ONLINE","gender":"FEMALE","ageRange":"55-","experience":"EXPERIENCED"},"question":{"raw":{"text":"직무 수행 시 모르는 과제가 등장한다면 어떻게 해결하실 생각이십니까 해결법과 이유를 말씀해 주세요","wordCount":13},"emotion":[],"intent":[]},"answer":{"raw":{"text":"모르는 과제는 대부분의 프로젝트를 실행할 때 모르는 과제로 등장을 합니다. 제가 경우 경험해 온 그것을 기 기초로 하여 일단 모든 검색 채널을 통해서 모르는 과제에 대한 공부를 하고 거기에 대해서 데이터를 수집한 다음에 그 데이터를 중심으로 어 아이디어를 내서 해결하려고 합니다. 그럼에도 불구하고 정말 모르는 부분이 있다거나 그런 파트에 대해서는 전문가의 도움을 받도록 합니다. 직원들 중에서도 팀웍 활동인 경우에는 전문가가 있습니다. 어 저보다 어리고 어 후배일지라도 그리고 신입 사원일지라도 제가 모르는 과제에 대해서는 더 잘 알고 있는 경우가 있었습니다. 그러므로 항상 그런 경우에는 그런 직원들에게 도움을 청했고요. 도움을 청하는 거에 수치스럽거나 어 모자란 부분을 보여준다는 것 것에 대해서 어 자신감을 잃거나 하지는 않았습니다. 모르는 걸 솔직히 이야기하고 어 협조를 구하면 팀웍 간의 커뮤니케이션을 통한 어 정확한 근거를 가진 어 해결 방안이 꼭 생겼던 것 같습니다.","wordCount":125},"emotion":[],"intent":[{"text":"","expression":"","category":"attitude"}],"summary":{"text":"모르는 과제는 대부분의 프로젝트를 실행할 때 모르는 과제로 등장합니다. 그래도 모르는 부분이 있다면 전문가의 도움을 받습니다. 팀웍 활동인 경우에는 전문가가 있으므로 항상 그런 경우에는 직원들에게 도움이 필요합니다. 모르는 걸 솔직히 이야기하고 협조를 구하면 팀웍 간의 정확한 근거를 가진 해결 방안이 꼭 생겼던 것 같습니다.","wordCount":44}}},"rawDataInfo":{"question":{"fileFormat":"wav","fileSize":346958,"duration":10840,"samplingBit":16,"channelCount":1,"samplingRate":"16kHz","audioPath":"/Mock/03.PublicService/Female/Experienced/ckmk_q_ps_f_e_249483.wav"},"answer":{"fileFormat":"wav","fileSize":2720718,"duration":85020,"samplingBit":16,"channelCount":1,"samplingRate":"16kHz","audioPath":"/Mock/03.PublicService/Female/Experienced/ckmk_a_ps_f_e_249483.wav"}}}