{"version":"1.0","dataSet":{"info":{"date":"20230116","occupation":"PS","channel":"MOCK","place":"ONLINE","gender":"FEMALE","ageRange":"-34","experience":"EXPERIENCED"},"question":{"raw":{"text":"어 지원자님께는 어떠한 단점이 있다고 생각하시는지요 어 본인의 단점을 말씀해 주시고 또 이러한 단점을 보완하기 위해서 어떤 노력을 하셨는지도 함께 말씀해 주시기 바랍니다","wordCount":23},"emotion":[],"intent":[]},"answer":{"raw":{"text":"제 단점은 걱정이 많다는 건데요. 제가 사실은 어 수업을 진행을 할 때 모든 사람들을 백 프로 만족시킬 수 없다는 거를 잘 알고 있는데 막상 그 시간이 되면 뭔가 한 분 한 분 표정을 굉장히 신경 쓰게 되는 경향이 있어서 어 조금이라도 표정이 안 좋거나 하면은 제 수업에 어떤 문제가 생긴 건 아닌지 하고 걱정을 좀 많이 하는 편입니다. 그래서 주변 강사들과 함께 많은 대화를 시도하기도 하는데요. 어 그리고 중요한 거는 수업이 끝난 후에 이제 제 수업을 들은 분들에게 어떤 점이 좋았는지 혹은 오늘 불편한 곳은 없었는지 그런 것들을 좀 세심하게 물어보면서 돌아가는 그 시간까지도 다 챙겨준다는 느낌을 받게 하기 위해서 어 좀 노력을 하는 편이구요. 수업시간 전에도 어 최소한 삼십 분 전에는 와서 어쨌든 여러 사람이 쓰는 공간 자체를 제 수업 전에 저만의 느낌으로 가져갈 수 있도록 그 분위기에 집중을 하려고 노력을 하는 편입니다.","wordCount":134},"emotion":[],"intent":[{"text":"제 단점은 걱정이 많다는 건데요.","expression":"c_person","category":"background"}],"summary":{"text":"수업 진행 시 모든 사람들을 만족시킬 수 없다는 걸 알고 있는데, 표정에 신경이 쓰이는 편이라 주변 강사와 대화를 시도하기도 합니다. 수업 후 수업 만족도나 불편한 곳 등에 대해 세심하게 질문하고, 수업 전 분위기를 저만의 느낌에 집중할 수 있도록 노력합니다.","wordCount":39}}},"rawDataInfo":{"question":{"fileFormat":"wav","fileSize":551118,"duration":17220,"samplingBit":16,"channelCount":1,"samplingRate":"16kHz","audioPath":"/Mock/03.PublicService/Female/Experienced/ckmk_q_ps_f_e_182604.wav"},"answer":{"fileFormat":"wav","fileSize":2708558,"duration":84640,"samplingBit":16,"channelCount":1,"samplingRate":"16kHz","audioPath":"/Mock/03.PublicService/Female/Experienced/ckmk_a_ps_f_e_182604.wav"}}}