{"version":"1.0","dataSet":{"info":{"date":"20230116","occupation":"PS","channel":"MOCK","place":"ONLINE","gender":"FEMALE","ageRange":"45-54","experience":"EXPERIENCED"},"question":{"raw":{"text":"어 보통 시간이 남는 경우가 생기는데요 지원자님께서는 이렇게 시간이 남을 때 무슨 일을 하시는지 그리고 그 일을 하는 이유는 무엇인지 함께 설명해 주시길 바랍니다","wordCount":24},"emotion":[],"intent":[]},"answer":{"raw":{"text":"시간이 남을 때는 어 약간의 여유가 있다면 저는 어 아주 짧은 여유 여유에는 산책을 하거나 어 육체적인 운동이나 활동이나 자전거를 타거나 밖으로 나와서 자연을 접합니다. 자연을 접하면 머릿속이 맑아지고 그리고 조금 더 시간이 있다면 여행을 하기도 하고요. 거기에 대해서 좀더 시간이 있다면 뭔가 새로운 걸 배우거나 배우는 것에 도전하거나 그래서 뭔가를 완성해 내는 걸 굉장히 좋아합니다. 그림을 어 그려서 완성하는 것도 좋아하고 뭐 옷을 만들어 입는 것도 좋아하고 뭔가 생산적인 일을 하는 걸 좋아합니다. 어 어 외부적인 활동을 하거나 어 생산적인 일을 할 때 제가 많이 어 스트레스도 해소되고 스스로 치유가 되고 마음이 정화되고 머리도 맑아지기 때문에 그 두 가지입니다. 어 육체적이고 어 외부적인 신체적인 활동을 아주 어 상쾌하게 기분 전환으로 하던가 아니면 새로운 걸 배워서 그것들로 어떤 어 완성된 것들을 목표해 주고 그걸 완성해내는 그것을 즐긴다던가 아니면 평소 가보고 싶었던 여행을 즐긴다던가 새롭고 도전적인 것들을 것들을 합니다. 시간이 남을 때.","wordCount":141},"emotion":[{"text":"어 육체적이고 어 외부적인 신체적인 활동을 아주   어 상쾌하게 기분 전환으로 하던가 아니면 새로운 걸 배워서 그것들로 어떤 어 완성된 것들을 목표해 주고 그걸 완성해내는   그것을 즐긴다던가 아니면 평소 가보고 싶었던 여행을 즐긴다던가 새롭고 도전적인 것들을 것들을 합니다.","expression":"p-interest","category":"positive"}],"intent":[{"text":"어   어 외부적인 활동을 하거나 어 생산적인 일을 할 때 제가 많이 어   스트레스도 해소되고 스스로 치유가 되고 마음이 정화되고 머리도 맑아지기 때문에 그 두 가지입니다.","expression":"p_str_coping","category":"technology"}],"summary":{"text":"시간적 여유가 있다면 산책, 육체적인 운동, 자전거를 타거나 밖을 나와서 자연을 접합니다. 그리고 시간이 많다면 여행을 하기도 하며 무언가를 완성해 내는 걸 굉장히 좋아합니다. 외부적인 활동이나 생산적인 일을 할 때 스트레스도 해소되고 마음이 정화되고 머리도 맑아지기 때문입니다.","wordCount":37}}},"rawDataInfo":{"question":{"fileFormat":"wav","fileSize":481358,"duration":15040,"samplingBit":16,"channelCount":1,"samplingRate":"16kHz","audioPath":"/Mock/03.PublicService/Female/Experienced/ckmk_q_ps_f_e_186015.wav"},"answer":{"fileFormat":"wav","fileSize":2585358,"duration":80790,"samplingBit":16,"channelCount":1,"samplingRate":"16kHz","audioPath":"/Mock/03.PublicService/Female/Experienced/ckmk_a_ps_f_e_186015.wav"}}}