{"version":"1.0","dataSet":{"info":{"date":"20230116","occupation":"PS","channel":"MOCK","place":"ONLINE","gender":"FEMALE","ageRange":"55-","experience":"EXPERIENCED"},"question":{"raw":{"text":"지금까지 인생을 살아오면서 가장 후회되는 일이 있다면 어떤 일일까요 한 가지만 말씀해 주실 수 있나요","wordCount":15},"emotion":[],"intent":[]},"answer":{"raw":{"text":"너무도 열심히 살아왔기 때문에 제 인생에서 그렇게 큰 후회가 될 만한 일은 없었던 것 같습니다. 꼭 후회를 하겠다고 하면 어 삼십 여 년 동안 직장 생활을 해 오면서 저희 아이들에게 어 엄마로서 역할을 좀 더 따뜻하게 하지 않았는가 하는 것이고 남편에게도 어 내조를 많이 못한 게 아닐까 생각하고요. 하지만 그렇게 뭐 절실히 후회되는 일은 없었고요. 항상 어 중독적인 마음으로 긍정적으로 감사하는 마음으로 해왔기 때문에 현재에 만족하는 그런 생 성격으로 살아서 별로 후회되는 점은 없었던 것 같습니다.","wordCount":76},"emotion":[],"intent":[{"text":"","expression":"","category":"attitude"}],"summary":{"text":"열심히 살아왔기 때문에 제 인생에서 크게 후회되는 일은 없었고, 현재에 만족하는 생 성격으로 살아와서 별로 후회되는 점은 없었던 것 같습니다.","wordCount":20}}},"rawDataInfo":{"question":{"fileFormat":"wav","fileSize":333518,"duration":10420,"samplingBit":16,"channelCount":1,"samplingRate":"16kHz","audioPath":"/Mock/03.PublicService/Female/Experienced/ckmk_q_ps_f_e_240109.wav"},"answer":{"fileFormat":"wav","fileSize":1639118,"duration":51220,"samplingBit":16,"channelCount":1,"samplingRate":"16kHz","audioPath":"/Mock/03.PublicService/Female/Experienced/ckmk_a_ps_f_e_240109.wav"}}}