{"version":"1.0","dataSet":{"info":{"date":"20230116","occupation":"PS","channel":"MOCK","place":"ONLINE","gender":"FEMALE","ageRange":"55-","experience":"EXPERIENCED"},"question":{"raw":{"text":"지원자님 근무 첫날에 수차례 반복적으로 고질적인 민원을 제기하시는 민원인이 화가 난 상태로 찾아온다고 했을 때 어떻게 대처를 하실 거세요","wordCount":19},"emotion":[],"intent":[]},"answer":{"raw":{"text":"어떤 문제가 있어서 민원인이 화가 났을 테니 일단 민원인의 말씀을 조근조근 다 들어 드려서 민원인이 자신 자신의 불편함과 화난 원인을 어 다 얘기할 수 있는 시간을 드리고 거기에 맞춰 배려하는 마음으로 잘 들어 드린 내용에 따라서 민원을 처리해 줄 수 있도록 하려고 합니다. 민원인이 화가 났을 때는 이유가 있을 것입니다. 아무리 뭔가 오해가 있어도 민원인의 말을 잘 들어주고 거기에 맞는 내용에 민원을 해결해 줬을 때 그 민원인이 다시는 화를 내지 않도록 그렇게 해 오고 있습니다.","wordCount":75},"emotion":[],"intent":[{"text":"","expression":"","category":"attitude"}],"summary":{"text":"어떤 문제가 있어서 민원인이 화가 났으니 민원인의 말씀을 들어 드리고 민원을 처리해 줄 수 있도록 하겠습니다. 민원인의 말을 잘 들어주고 민원을 해결해 줬을 때 그 민원인이 다시 화를 내지 않도록 해왔습니다.","wordCount":31}}},"rawDataInfo":{"question":{"fileFormat":"wav","fileSize":659918,"duration":20620,"samplingBit":16,"channelCount":1,"samplingRate":"16kHz","audioPath":"/Mock/03.PublicService/Female/Experienced/ckmk_q_ps_f_e_234649.wav"},"answer":{"fileFormat":"wav","fileSize":1572238,"duration":49130,"samplingBit":16,"channelCount":1,"samplingRate":"16kHz","audioPath":"/Mock/03.PublicService/Female/Experienced/ckmk_a_ps_f_e_234649.wav"}}}