{"version":"1.0","dataSet":{"info":{"date":"20230116","occupation":"PS","channel":"MOCK","place":"ONLINE","gender":"FEMALE","ageRange":"35-44","experience":"EXPERIENCED"},"question":{"raw":{"text":"만약 지원자님께서 지금 지원하신 이 직무가 아니라 다른 부서에 배치 받게 된다면 지원자님은 어떻게 하실 건가요 그래도 업무를 하실 예정인가요","wordCount":20},"emotion":[],"intent":[]},"answer":{"raw":{"text":"아 아니요 그거는 당연히 안되고 말이 안 되는 것 같다고 생각합니다. 제가 지금 어 과학 강사로서 일을 지원을 한 건데 이 직무가 아닌 다른 부서에 배치된다는 게 어떤 말인지 잘 이해가 안 돼서 네 아가 일이 아니라 다른 부서라는 게 어 과목을 겸용해야 한다면 뭐 수학까지는 커버할 수 있을 것 같기 한데 그것도 사실은 제가 어 전문적이다 라고 할 수는 없긴 하거든요. 그래서 좀 그런 경우는 없지 않나요. 그래서 제가 괜찮은 문제가 아니라 이 회사가 괜찮은 문제인 것 같애서 좀 고민을 좀 해주시면 좋을 것 같습니다. 사실 제가 지금 이 면접 보는 게 이 일이 아니라면 이 일이 아닌 다른 걸로 배치가 된다는 거는 그만두라는 뜻으로 제가 들리거든요. 그래서 어 괜찮냐고 묻는 게 좀 이상하고 제가 지금 제대로 지원한 게 맞는지 한번 되묻고 싶습니다.","wordCount":124},"emotion":[],"intent":[{"text":"","expression":"","category":"attitude"}],"summary":{"text":"과학 강사로서 일을 지원한 건데 이 직무가 아닌 다른 부서에 배치된다는 게 이해가 안 됩니다. 다른 걸로 배치가 된다는 거는 그만두라는 뜻으로 들리기 때문입니다.","wordCount":24}}},"rawDataInfo":{"question":{"fileFormat":"wav","fileSize":606478,"duration":18950,"samplingBit":16,"channelCount":1,"samplingRate":"16kHz","audioPath":"/Mock/03.PublicService/Female/Experienced/ckmk_q_ps_f_e_194943.wav"},"answer":{"fileFormat":"wav","fileSize":2517838,"duration":78680,"samplingBit":16,"channelCount":1,"samplingRate":"16kHz","audioPath":"/Mock/03.PublicService/Female/Experienced/ckmk_a_ps_f_e_194943.wav"}}}