{"version":"1.0","dataSet":{"info":{"date":"20230116","occupation":"PS","channel":"MOCK","place":"ONLINE","gender":"FEMALE","ageRange":"45-54","experience":"EXPERIENCED"},"question":{"raw":{"text":"요즘 고령화 사회로 가면서 치매로 인한 문제가 많이 대두되고 있습니다 본인이 생각하는 건보 공단이 이와 관련하여 하는 일과 개선할 방안에 대해서 말씀해 주시기 바랍니다","wordCount":24},"emotion":[],"intent":[]},"answer":{"raw":{"text":"어 네 아무래도 그 급속한 고령화 사회로 가면서 어 치매 환자들이 많이 어 생겨서 이제 문제가 사회적으로 된다는 뭐 뉴스나 이런 부분을 통해서 어 많이 듣고 보고 하고 있는데요. 어 그런 경우 이제 집에 치매 환자가 생기게 되면 뭐 정신적 어 경제적 육체적으로 이제 가족들이 많이 힘든 경우가 많습니다. 그래서 뭐 건보 공단에서 미리미리 어떤 어 그런 검사 관련된 것도 주관을 하고 보건소를 통해서 뭔가 뭐 비용적으로도 그 보조를 해주는 걸로 알고 있는데요. 그까 요즘은 이제 가정 보호보다는 요양원에 모시는 경우가 많습니다. 근데 아무래도 그 요양원에 그 건보 공단에서 여러 가지 자금이나 이런 부분을 어 그 보조를 해주는 걸로 알고 있는데 그런 자금에 대한 보조를 하면서 그런 시설 관리에 대한 어 그런 관리 감독을 좀 더 예 해 나가야 되지 않을까. 그래야 치명 환자도 보호하고 치명 환자의 가족들의 마음도 편안하게 그 되지 않을까 싶어서 관리 감독 요양원에 대한 관리 감독을 좀 잘 해야 될 것 같다는 생각을 해봤습니다.","wordCount":148},"emotion":[],"intent":[{"text":"","expression":"","category":"attitude"}],"summary":{"text":"급속한 고령화 사회로 치매 환자가 많이 생기면서, 치매 환자가 생기면 정신, 경제적, 육체적으로 가족들이 많이 힘듭니다. 그래서 건보 공단에서 비용적 보조를 해주는 걸로 알고 있습니다. 요양원에 모시는 경우가 많은데, 건보공단에서 자금 보조를 하면서 시설 관리에 대한 관리 감독을 좀 더 해야 합니다.","wordCount":42}}},"rawDataInfo":{"question":{"fileFormat":"wav","fileSize":657358,"duration":20540,"samplingBit":16,"channelCount":1,"samplingRate":"16kHz","audioPath":"/Mock/03.PublicService/Female/Experienced/ckmk_q_ps_f_e_237289.wav"},"answer":{"fileFormat":"wav","fileSize":3198478,"duration":99950,"samplingBit":16,"channelCount":1,"samplingRate":"16kHz","audioPath":"/Mock/03.PublicService/Female/Experienced/ckmk_a_ps_f_e_237289.wav"}}}