{"version":"1.0","dataSet":{"info":{"date":"20230116","occupation":"PS","channel":"MOCK","place":"ONLINE","gender":"FEMALE","ageRange":"55-","experience":"EXPERIENCED"},"question":{"raw":{"text":"오늘 면접 준비하느라 굉장히 고생 많이 하셨습니다 혹시 어떤 방식으로 면접을 준비하셨는지 여쭤봐도 될까요","wordCount":14},"emotion":[],"intent":[]},"answer":{"raw":{"text":"저는 삼십 오 년을 두 직장에서 근무하고 퇴직하였기 때문에 어 이 사회 공헌 일자리에 제가 면접을 준비하면서는 항상 그 종전에 어려웠던 일들은 다 지나가 버리는 것이기 때문에 어 새로운 일을 맡을 이 일에 흥미와 어 즐거움을 가지고 일할 수 있는 직장으로 될 수 있는 곳이길 바라며 면접을 준비했습니다. 항상 저는 어 남을 배려하고 서로 동료 간에 서로 커뮤니케이션을 잘 하도록 노력하고 긍정적인 사고로 열심히 진취적으로 일하려고 합니다. 그래서 거기에 맞게 면접으로 준비했습니다. 그리고 또 어 제 인상으로 보아 이런 상담 업무나 취업 상담 직업 상담 업무에 대면 상담자들이 마음을 편히 갖고 상담할 수 있는 기본으로 어 준비했다고 생각합니다.","wordCount":98},"emotion":[],"intent":[{"text":"","expression":"","category":"attitude"}],"summary":{"text":"이 사회 공헌 일자리에 면접을 준비하면서는 새로운 일에 흥미와 즐거움을 가지고 일할 수 있는 곳이길 바라며 면접을 준비했습니다. 또 상담 업무에 대면 상담자들이 마음을 편히 갖고 상담할 수 있는 기본으로 준비했다고 생각합니다.","wordCount":32}}},"rawDataInfo":{"question":{"fileFormat":"wav","fileSize":296078,"duration":9250,"samplingBit":16,"channelCount":1,"samplingRate":"16kHz","audioPath":"/Mock/03.PublicService/Female/Experienced/ckmk_q_ps_f_e_244957.wav"},"answer":{"fileFormat":"wav","fileSize":2230478,"duration":69700,"samplingBit":16,"channelCount":1,"samplingRate":"16kHz","audioPath":"/Mock/03.PublicService/Female/Experienced/ckmk_a_ps_f_e_244957.wav"}}}