{"version":"1.0","dataSet":{"info":{"date":"20230116","occupation":"PS","channel":"MOCK","place":"ONLINE","gender":"FEMALE","ageRange":"35-44","experience":"EXPERIENCED"},"question":{"raw":{"text":"우리 회사에 입사하게 되어 지원자님께서 기존에 하던 업무 스타일과는 다른 경우가 발생할 수 있습니다 기존 기존과 다른 업무 스타일을 어떻게 잘 해결해 가실 수 있나요","wordCount":25},"emotion":[],"intent":[]},"answer":{"raw":{"text":"어 저는 기존과 다른 업무 스타일이어도 적응하는 데 무리는 없을 것 같은데 일단은 어 이런 질문을 주시기 전에 혹시 그 스타일이 어떤 식으로 진행이 되는지 그 부분이 조금 더 궁금합니다. 어떤 이 회사만의 특정한 시스템이 있는 건지 아니면은 혹은 우려될 만한 것들이 있는 건지 그래서 이 질문을 던지시는 건지 궁금하고요. 어 왜냐하면 웬만하면은 이런 질문을 한다는 게 어쨌든 이 스타일을 잘 견디지 못했던 사람들이 많았기 때문이라고 생각이 들거든요. 그래서 저는 음 어떤 문제가 있는지를 좀 들어보고 싶기도 하구요. 사실 음 저 저 같은 경우는 그 전에 지금 일을 해오면서 다 회사마다 동일한 스타일은 아니긴 했었거든요. 그래서 여기 회사도 또 어떤 식으로 시스템이 진행이 되는지 좀 궁금하기도 하고 기대되기도 합니다. 그래서 제가 좀 우려해야 될 혹시 마음의 준비를 좀 해야 될 부분들이 있는지 그 부분이 알고 싶습니다.","wordCount":126},"emotion":[],"intent":[{"text":"","expression":"","category":"attitude"}],"summary":{"text":"업무 스타일이 기존과 달라도 무리는 없을 것 같은데 그 스타일이 어떤 방식으로 진행되고 있는지 궁금합니다. 회사만의 특정한 시스템이 있는 건지 아니면 우려될 만한 것들이 있는 건지 그래서 질문을 던지시는 건지 궁금합니다. 어떤 문제가 있는지 좀 들어보고 싶기도 하고 기대하고 있습니다.","wordCount":40}}},"rawDataInfo":{"question":{"fileFormat":"wav","fileSize":529998,"duration":16560,"samplingBit":16,"channelCount":1,"samplingRate":"16kHz","audioPath":"/Mock/03.PublicService/Female/Experienced/ckmk_q_ps_f_e_181570.wav"},"answer":{"fileFormat":"wav","fileSize":2828878,"duration":88400,"samplingBit":16,"channelCount":1,"samplingRate":"16kHz","audioPath":"/Mock/03.PublicService/Female/Experienced/ckmk_a_ps_f_e_181570.wav"}}}