{"version":"1.0","dataSet":{"info":{"date":"20230116","occupation":"PS","channel":"MOCK","place":"ONLINE","gender":"FEMALE","ageRange":"45-54","experience":"EXPERIENCED"},"question":{"raw":{"text":"지원자님이 휴식을 취할 때는 주로 어떤 일을 하시나요 지원자님이 왜 그 일을 하는지 이유도 함께 설명과 말씀 해 주실 수 있으실까요","wordCount":21},"emotion":[],"intent":[]},"answer":{"raw":{"text":"휴식을 취할 때 주로 하는 일은 산책을 갑니다. 어 음악을 듣고 어 모자를 뒤집어 쓰고 그다음에 체육복을 읽고 가벼운 차림으로 동네를 걸어다니면서 어 건강을 위한 운동도 겸하면서 이런 저런 다른 일들을 많이 이제 생각해 보면서 생각을 정리하는 일로 많이 산책을 사용하고 있습니다. 산책을 하다 보면 어 빠르게 걷는 일종의 그런 거기 때문에 어 건강도 챙기게 되고 그 이렇게 함으로써 기분도 좋아지고 뭐 복잡했다는 생각 이런 것들도 정리 되고 어 그래서 주로 휴식을 취할 때는 산책을 갑니다. 그리고 산책을 다녀와서 어 곤하거나 이럴 때 한숨 자거든요. 낮잠 자는 거 참 꿀잠으로 어 좋고 좋습니다. 이런 일들이 어 삶을 살아가는 데 있어서 굉장히 리플레쉬하는 기분을 주는 고 있습니다.","wordCount":106},"emotion":[],"intent":[{"text":"","expression":"","category":"attitude"}],"summary":{"text":"휴식 취할 때 주로 하는 일은 산책입니다. 산책을 하다 보면 건강도 챙기게 되고 기분도 좋아지고 복잡했다는 생각들도 정리되고 어 주로 휴식을 취할 때는 산책을 합니다. 낮잠 자는 건 꿀잠을 졸아하고 이런 일들이 삶을 살아가는 데 있어서 굉장히 리플레쉬하는 기분입니다.","wordCount":39}}},"rawDataInfo":{"question":{"fileFormat":"wav","fileSize":410318,"duration":12820,"samplingBit":16,"channelCount":1,"samplingRate":"16kHz","audioPath":"/Mock/03.PublicService/Female/Experienced/ckmk_q_ps_f_e_182939.wav"},"answer":{"fileFormat":"wav","fileSize":2627278,"duration":82100,"samplingBit":16,"channelCount":1,"samplingRate":"16kHz","audioPath":"/Mock/03.PublicService/Female/Experienced/ckmk_a_ps_f_e_182939.wav"}}}