{"version":"1.0","dataSet":{"info":{"date":"20230116","occupation":"PS","channel":"MOCK","place":"ONLINE","gender":"FEMALE","ageRange":"45-54","experience":"EXPERIENCED"},"question":{"raw":{"text":"일을 하다가 상사가 회사의 이익에 반하는 행동을 하는 것을 지원자님께서 직접 목격했거나 알게 되신다면 그 상황에서 어떻게 대처하실지 궁금합니다 어떻게 행동하시겠습니까","wordCount":21},"emotion":[],"intent":[]},"answer":{"raw":{"text":"어 직속 상사가 회사에 이익에 반하는 행동하는 걸 제가 직접 알게 됐고 목격했다면 저의 성향상 어 부정하거나 불의를 저지르거나 거짓말을 하거나 무언가를 숨기는 걸 잘 참지 못하는 성격이기 때문에 어 그리고 뒤에서 얘기하지 않습니다. 뒤로 가서 비겁하게 얘기하지 않고 그 당사자에게 직접 이야기하는 어 스타일입니다. 어 즉 당사자하고 개인적으로 만나서 내가 이러 이러한 사 당신의 비리를 비위 사실을 목격했다 내가 옳지 않다 지금이라도 그만두고 어 그것들을 깨끗하게 다시 원상복귀 한다면은 못 본 걸로 하겠다 그런 마음이 있느냐 물어보겠습니다. 그리고 만약 그럴 마음이 없고 그러거나 말거나 어 신경 쓰지 마라 나는 계속해서 이런 회사의 이익에 반하는 행동을 해서 내 자신의 이득을 취하겠다 라고 한다면은 그때는 그 사람을 설득하는 데까지 최선을 댜해 설득하겠죠. 설득하고 협박도 할 것입니다. 어 하지만 설득과 협박도 먹히지 않고 본인이 저의 목격과 상관없이 그런 일을 자행하고도 뒷감당을 할 수 있다고 큰소리 친다면 저는 그거는 일단 그 회사의 이익에 반하는 행동이라는 것을 어떤 식으로든 회사 쪽에 알려서 그 부분을 못하게 막을 막을 것입니다. 막는 것이 맞다고 생각합니다.","wordCount":158},"emotion":[],"intent":[{"text":"뒤로 가서 비겁하게 얘기하지 않고 그 당사자에게 직접 이야기하는   어 스타일입니다.","expression":"c_person","category":"background"}],"summary":{"text":"직속 상사가 회사에 이익에 반하는 행동을 하는 것을 목격했다 하더라도 뒷감당을 할 수 있다고 공언한다면 저는 그 행동을 회사 쪽에 알려 그 부분을 못하게 막을 것입니다. 하지만 그렇지 않고 설득과 협박에도 통하지 않고 뒷감당 가능하다고 말한다면 저는 그 행동이라는 것을 어떤 식으로든 회사에 알려서 그 부분을 막지 못하게 할 것입니다.","wordCount":50}}},"rawDataInfo":{"question":{"fileFormat":"wav","fileSize":572238,"duration":17880,"samplingBit":16,"channelCount":1,"samplingRate":"16kHz","audioPath":"/Mock/03.PublicService/Female/Experienced/ckmk_q_ps_f_e_185836.wav"},"answer":{"fileFormat":"wav","fileSize":2736078,"duration":85500,"samplingBit":16,"channelCount":1,"samplingRate":"16kHz","audioPath":"/Mock/03.PublicService/Female/Experienced/ckmk_a_ps_f_e_185836.wav"}}}