{"version":"1.0","dataSet":{"info":{"date":"20230116","occupation":"PS","channel":"MOCK","place":"ONLINE","gender":"FEMALE","ageRange":"55-","experience":"EXPERIENCED"},"question":{"raw":{"text":"지금까지 협업을 하시면서 가장 어려웠던 경험이 무엇이었나요 그리고 그 어려움을 어떻게 극복하셨는지도 함께 말씀해 주시겠습니까","wordCount":15},"emotion":[],"intent":[]},"answer":{"raw":{"text":"아 저희는 이게 어떤 행사를 하거나 아니면 제가 프로젝트를 계획을 하고 그거를 이제 실행에 옮길 때 협업을 하는 상대가 아이들이에요. 그래서 정말 우선 계획한 대로 되는 경우가 없어요. 네 왜냐하면 아이들은 정말 예측 불가능의 존재들이기 때문에 그러니까 다 발생돼도 돼요. 모든 게 다 계획대로 안돼도 돼요. 전혀 상관없어요. 다만 다치지만 않으면 돼요. 아이들이 사고만 안 나면 돼요. 근데 이제 그렇게 될 경우가 정말 앞이 깜깜하고 정말 속상하고 네 전 치료를 받아야 되니까 그런 부분에 대해서 어떤 신체적인 네 부분에 이제 사고가 발생이 됐을 때에는 아 네 그건 정말 생각만 해도 너무 힘들죠 힘든 상황인 거죠. 그렇게 되 그런 부분에 대해서 계속 아이들에게 그런 부분을 얘기를 하고 저희도 계속 다각도로 보면서 붙어있는 거죠.","wordCount":112},"emotion":[],"intent":[{"text":"","expression":"","category":"attitude"}],"summary":{"text":"저희는 행사를 하거나 프로젝트를 실행에 옮길 때 협업을 하는 상대가 아이들인데 예측할 수 없는 존재들이기 때문에 모든 게 다 계획대로 안 되어도 되지만 아이들이 사고만 안 나면 되어서 저희는 아이들을 계속 다각도로 보면서 붙어있습니다.","wordCount":34}}},"rawDataInfo":{"question":{"fileFormat":"wav","fileSize":490958,"duration":15340,"samplingBit":16,"channelCount":1,"samplingRate":"16kHz","audioPath":"/Mock/03.PublicService/Female/Experienced/ckmk_q_ps_f_e_178030.wav"},"answer":{"fileFormat":"wav","fileSize":2921678,"duration":91300,"samplingBit":16,"channelCount":1,"samplingRate":"16kHz","audioPath":"/Mock/03.PublicService/Female/Experienced/ckmk_a_ps_f_e_178030.wav"}}}