{"version":"1.0","dataSet":{"info":{"date":"20230116","occupation":"PS","channel":"MOCK","place":"ONLINE","gender":"FEMALE","ageRange":"45-54","experience":"EXPERIENCED"},"question":{"raw":{"text":"과거 프로젝트를 수행한 경험이 있는지가 궁금하네요 있다면 그때 그 프로젝트에서 어떤 역할을 맡았나요","wordCount":13},"emotion":[],"intent":[]},"answer":{"raw":{"text":"과거 프로젝트는 어 외부에 나가서 어 외부에 어 그 인터넷 중독 관련 강의들을 외부에 출강하는 선생님들을 외부 강사들을 기관이나 센터와 연결시켜주고 그분들의 어 강의나 강의 일정이나 이런 것들을 조율해주는 역할을 했습니다. 어 직접 제가 강의를 하기도 했고요. 그래서 그분들이 또 그 이후에 후속 작업으로 어 인터넷 중독에 관련된 교육 프로그램 같은 것에 대한 글을 써주시고 논문을 작은 소논문을 써주셔야 그 소논문을 가지고 그걸 책자화해서 그것들을 센터나 각 기관에 배포하는 일까지 어 저희 팀 전체에서 했고 그 팀의 일원으로써 일을 했습니다. 음 짧은 프로젝트는 아니었고요. 어 어쨌든 그 프로젝트로 인해서 어 좋은 결과가 나기 위해서 열심히 발로 뛰면서 외부 활동도 하면서 강사들도 만나고 센터장들도 만나면서 설득해서 그런 어 인터넷 중독 프로그램에 참여해서 이것들을 꼭 받아보기를 어 어필하고 다녔던 그런 일들이 있었는데 저한테는 꽤나 활동적이고도 또 보람이 있었던 일이었습니다.","wordCount":127},"emotion":[{"text":"어 어쨌든 그 프로젝트로 인해서   어 좋은 결과가 나기 위해서 열심히 발로 뛰면서 외부 활동도 하면서 강사들도 만나고 센터장들도 만나면서 설득해서 그런   어 인터넷 중독 프로그램에 참여해서 이것들을 꼭 받아보기를   어 어필하고 다녔던 그런 일들이 있었는데 저한테는 꽤나 활동적이고도 또 보람이 있었던 일이었습니다.","expression":"p-achievement","category":"positive"}],"intent":[{"text":"","expression":"","category":"attitude"}],"summary":{"text":"인터넷 중독 관련 강의들을 외부 출강하는 강사들을 기관이나 센터와 연결시켜주고 조율해 주는 역할을 했습니다. 또 후속 작업으로 인터넷 중독에 관련된 교육 프로그램에 대한 글을 써주고 논문을 작은 소논문을 써서 센터나 각 기관에 배포하는 일까지 팀 전체에서 했고 그 팀의 일원으로써 일을 했습니다","wordCount":42}}},"rawDataInfo":{"question":{"fileFormat":"wav","fileSize":285198,"duration":8910,"samplingBit":16,"channelCount":1,"samplingRate":"16kHz","audioPath":"/Mock/03.PublicService/Female/Experienced/ckmk_q_ps_f_e_186164.wav"},"answer":{"fileFormat":"wav","fileSize":2598478,"duration":81200,"samplingBit":16,"channelCount":1,"samplingRate":"16kHz","audioPath":"/Mock/03.PublicService/Female/Experienced/ckmk_a_ps_f_e_186164.wav"}}}