{"version":"1.0","dataSet":{"info":{"date":"20230116","occupation":"PS","channel":"MOCK","place":"ONLINE","gender":"FEMALE","ageRange":"35-44","experience":"EXPERIENCED"},"question":{"raw":{"text":"지원자님께서는 대학 생활을 보내시면서 가장 힘들었던 경험이 있으신가요 그리고 그것을 어떻게 극복을 해야 하셨는지도 어 구체적으로 설명 부탁드리겠습니다","wordCount":18},"emotion":[],"intent":[]},"answer":{"raw":{"text":"대학 생활을 할 때는 음 선후배 그 권력 관계가 좀 힘들었던 것 같습니다. 위계질서가 워낙 있는 학교였고 또 지방대에 있다 보니까 자취를 하는 경우가 많았고 그러다 보면 그런 구조가 조금 더 악화될 수 밖에 없기 때문에 그냥 불려 나가서 술을 먹기도 하고 받지 않아도 되는 어떤 인격 모욕을 받기도 하고 어떤 저의 개인 생활의 시간들을 좀 많이 간섭받았던 그런 생활을 했던 것 같애요. 근데 사실 모든 사람들이 그랬다기보다 특정 몇 명이 그렇게 행동을 해서 굉장히 악영향을 넓혀 온 건데 저는 그래서 그런 부분을 내가 선배가 되면은 조금씩 없애야지 라고 생각을 했었던 것 같애요. 네 뭐 저희 학교는 선배뿐만 아니라 교수들도 그런 분들이 모여 있었기 때문에 제가 선배가 된다고 해도 그 문화가 쉽게 바뀌지는 않았지만 그래도 저랑 비슷한 생각을 하고 있는 사람들이 꽤 여럿 있었기 때문에 저희가 선배가 되면서 그런 관행들을 조금씩 없애면서 그래도 조금씩은 나아지지 않았나 라는 생각을 하고 있습니다.","wordCount":140},"emotion":[],"intent":[{"text":"","expression":"","category":"attitude"}],"summary":{"text":"위계질서가 있는 학교였고 지방대라 자취를 하는 경우가 많아 선후배 권력 관계가 힘들었던 것 같습니다. 근데 특정 몇 명이 그렇게 행동을 해서 굉장히 악영향을 넓혀 온 건데 제가 선배가 되면서 그런 관행들을 조금씩 없애면서 조금씩은 나아지지 않았나 생각합니다.","wordCount":37}}},"rawDataInfo":{"question":{"fileFormat":"wav","fileSize":509518,"duration":15920,"samplingBit":16,"channelCount":1,"samplingRate":"16kHz","audioPath":"/Mock/03.PublicService/Female/Experienced/ckmk_q_ps_f_e_181569.wav"},"answer":{"fileFormat":"wav","fileSize":2800078,"duration":87500,"samplingBit":16,"channelCount":1,"samplingRate":"16kHz","audioPath":"/Mock/03.PublicService/Female/Experienced/ckmk_a_ps_f_e_181569.wav"}}}