{"version":"1.0","dataSet":{"info":{"date":"20230116","occupation":"PS","channel":"MOCK","place":"ONLINE","gender":"FEMALE","ageRange":"45-54","experience":"EXPERIENCED"},"question":{"raw":{"text":"요즘 읽고 계신 책이 있으신가요 있다면 그것이 무슨 책인지 궁금합니다 그리고 왜 그 책을 읽는지도 같이 설명해 주세요","wordCount":18},"emotion":[],"intent":[]},"answer":{"raw":{"text":"저는 지금 서쪽 도사라는 필명을 가진 어 분의 재개발 책인 재개발 투자의 정석이라는 책을 읽고 있습니다. 이 책은 어 제목에서도 아실 수 있다시피 재개발 관련된 어 투자를 하는 데 있어서 어떤 방법으로 하고 어떤 식으로 접근해야 되는지 기본적인 사항에 대해서 알려드린 책인데요. 이 책을 읽게 된 배경은 제가 부동산 공부를 하다 보니 청약이나 어 아니면 뭐 기존 아파트에 대한 투자 이런 것보다는 앞으로 가장 유망하고 어 서울에 특히 투자를 하려다 보면 어 가장 효율적이고 어 비용도 가장 적게 들면서 투자 대비 가장 효율이 높을 것이라고 생각되는 것이 재개발이었기 때문에 그 재개발에 대해서 공부하고 기본적인 전혀 마인드가 갖추어져 있지 않는 상태이기 때문에 그런 거에 대해서 공부하기 위해서 이 책을 선택해서 읽고 있습니다.","wordCount":111},"emotion":[],"intent":[{"text":"","expression":"","category":"attitude"}],"summary":{"text":"저는 재개발 투자의 정석이라는 책을 읽고 있습니다. 이 책을 읽게 된 배경은 청약이나 기존 아파트에 대한 투자보다는 앞으로 가장 유망하고 비용도 가장 적게 들 것이라고 생각되는 것이 재개발이기 때문에 그런 거에 대해 공부하기 위해서 읽었습니다.","wordCount":35}}},"rawDataInfo":{"question":{"fileFormat":"wav","fileSize":393998,"duration":12310,"samplingBit":16,"channelCount":1,"samplingRate":"16kHz","audioPath":"/Mock/03.PublicService/Female/Experienced/ckmk_q_ps_f_e_183200.wav"},"answer":{"fileFormat":"wav","fileSize":2654158,"duration":82940,"samplingBit":16,"channelCount":1,"samplingRate":"16kHz","audioPath":"/Mock/03.PublicService/Female/Experienced/ckmk_a_ps_f_e_183200.wav"}}}