{"version":"1.0","dataSet":{"info":{"date":"20230116","occupation":"PS","channel":"MOCK","place":"ONLINE","gender":"FEMALE","ageRange":"35-44","experience":"EXPERIENCED"},"question":{"raw":{"text":"지원자님의 전공과 관련해서 최근 부족하다고 느끼고 따로 공부를 하고 있는 분야가 있으시다면 그 분야에 대해서 말씀 부탁드리겠습니다","wordCount":17},"emotion":[],"intent":[]},"answer":{"raw":{"text":"어 제가 전공과 관련해서 최근 부족하다고 느끼고 공부를 따로 하는 부분이 있는지에 대해서 이야기를 하자면 제가 문법을 설명을 할 때 제가 다 안다고 생각을 하고 제가 정확하게 안다고 생각을 했지만 제가 막상 설명을 하다 보면 정확도가 떨어져서 어 그것들을 설명하는 연습을 따로 하고 있습니다. 그래서 어 과반을 보지 않고 그것들을 어 정확하게 설명하고 이해하기 쉽게 설명하는 기술들을 따로 연습을 하고 어 제가 혼자서 설명을 연습해서 제가 정확하게 알지 못하는 부분들을 뭐 짚어서 그것들을 따로 연습을 하고 있습니다. 그리고 두 번째로는 뭐 제가 학습 부진한 학생들을 가르치고 있는데 어 그 학생들에 대한 이해도가 부족해서 그 학생들의 행동 패턴이라든지 그 학습자를 어떻게 교육을 해야 하는지 그 학생들이 어떻게 다른 학생들과 융화를 어 어 융화해서 그 학생들이 학습에 어 학습을 매진할 수 있도록 도와줄 수 있는지 그런 행동 변화들을 가져올 수 있도록 하는 학습자의 특성에 대해서 공부를 하고 있고 수업 자료를 더 창의적으로 어 짜기 위해서 어 뭐 카페 등에서 자료를 모아서 제가 수업하는 교환들을 어 고 준비를 하고 공부를 하고 어떻게 창의적으로 짜여진 그런 수업 자료들을 가지고 활용을 할 수 있도록 제가 것들을 더 준비하고 공부하고 있습니다.","wordCount":175},"emotion":[],"intent":[{"text":"","expression":"","category":"attitude"}],"summary":{"text":"전공과 관련해 최근 부족하고 공부를 따로 하는 부분이 있는지 이야기를 하자면, 제가 문법을 설명할 때 정확도가 떨어져서 그것을 설명하는 연습을 따로 하고 있습니다. 그리고 학습 부진 학생들을 가르치고 있는데 학습자의 특성에 대해 공부를 하고 있고, 수업 자료를 창의적으로 짜기 위해서 어떻게 창의적 수업 자료들을 가지고 활용을 할 수 있도록 제가 것들을 더 준비하고 공부하고 있습니습니다.","wordCount":55}}},"rawDataInfo":{"question":{"fileFormat":"wav","fileSize":373838,"duration":11680,"samplingBit":16,"channelCount":1,"samplingRate":"16kHz","audioPath":"/Mock/03.PublicService/Female/Experienced/ckmk_q_ps_f_e_239415.wav"},"answer":{"fileFormat":"wav","fileSize":3593038,"duration":112280,"samplingBit":16,"channelCount":1,"samplingRate":"16kHz","audioPath":"/Mock/03.PublicService/Female/Experienced/ckmk_a_ps_f_e_239415.wav"}}}