{"version":"1.0","dataSet":{"info":{"date":"20230116","occupation":"PS","channel":"MOCK","place":"ONLINE","gender":"FEMALE","ageRange":"35-44","experience":"EXPERIENCED"},"question":{"raw":{"text":"지원자님께서 만약 일을 하던 중 팀원과 불화가 생긴다면 어떻게 해결 하시겠습니까 해결법과 그 이유를 설명과 말씀해 주실 수 있으십니까","wordCount":19},"emotion":[],"intent":[]},"answer":{"raw":{"text":"어 일을 하던 중 이제 뭐 협업을 하든 무엇을 하든 불화가 이제 생기는 경우가 있었는데 어 만약에 또 다시 이제 그런 일들이 생긴다면 일단은 불화라는 것 자체가 서로 상대방의 의견을 존중하지 못하고 이제 나의 의견이나 그런 내 중심으로 이야기 했던 부분들이 많기 때문에 어 저라면 일단 어 상대방에 대해서 그 의견에 대해 혹은 어떠한 행동에 대해 어 존중하지 못했던 거에 대해서 저는 먼저 사과를 할 거예요. 그리고 또 혹시 사과를 했음에도 불구하고 상대방이 아직 저에게 좀 불편해 하거나 좀 힘들어 하면 일단 상대방의 마음이 풀릴 때까지 기다렸다가 상대방이 이제 괜찮다 라고 하는 순간에 이제 이야기 할 수 있다 라고 하는 순간에 상대방의 이야기를 듣고 그 다음에 어 상대방의 이야기를 듣고 그리고 최대한 맞춰줄 것 같아요. 그렇게 하다 보면 상대방의 마음도 열려서 어 같이 어 마음이 풀리고 다시 좋은 관계를 유지할 수 있더라구요.","wordCount":132},"emotion":[],"intent":[{"text":"어 일을 하던 중 이제 뭐 협업을 하든 무엇을 하든 불화가 이제 생기는 경우가 있었는데 어   만약에 또 다시 이제 그런 일들이 생긴다면 일단은 불화라는 것 자체가 서로 상대방의 의견을   존중하지 못하고 이제 나의 의견이나 그런 내 중심으로   이야기 했던 부분들이 많기 때문에 어 저라면 일단 어 상대방에 대해서 그   의견에 대해 혹은 어떠한 행동에 대해 어 존중하지 못했던 거에 대해서 저는 먼저   사과를 할 거예요.","expression":"c_confl_mg","category":"personality"},{"text":"그리고 또 혹시 사과를 했음에도 불구하고 상대방이 아직 저에게 좀 불편해 하거나   좀 힘들어 하면 일단 상대방의 마음이 풀릴 때까지 기다렸다가   상대방이 이제 괜찮다 라고 하는 순간에 이제 이야기 할 수 있다","expression":"c_confl_mg","category":"personality"},{"text":"라고 하는 순간에   상대방의 이야기를 듣고 그 다음에 어 상대방의 이야기를 듣고 그리고 최대한 맞춰줄 것 같아요.","expression":"c_confl_mg","category":"personality"}],"summary":{"text":"협업과 무관하게 불화가 생겼다면 그것은 저의 의견이나 제 중심으로 이야기 했던 부분이 많기에 저는 먼저 사과를 할 것이고, 만약 사과를 했음에도 상대방이 불편해하면 마음이 풀 때까지 기다려줄 것 같습니다. 그렇게 하다 보면 상대방의 마음도 열리고 다시 좋은 관계를 유지할 수 있습니다.","wordCount":41}}},"rawDataInfo":{"question":{"fileFormat":"wav","fileSize":458958,"duration":14340,"samplingBit":16,"channelCount":1,"samplingRate":"16kHz","audioPath":"/Mock/03.PublicService/Female/Experienced/ckmk_q_ps_f_e_193194.wav"},"answer":{"fileFormat":"wav","fileSize":2827598,"duration":88360,"samplingBit":16,"channelCount":1,"samplingRate":"16kHz","audioPath":"/Mock/03.PublicService/Female/Experienced/ckmk_a_ps_f_e_193194.wav"}}}