{"version":"1.0","dataSet":{"info":{"date":"20230116","occupation":"PS","channel":"MOCK","place":"ONLINE","gender":"FEMALE","ageRange":"45-54","experience":"EXPERIENCED"},"question":{"raw":{"text":"만약에 일을 하던 중에 팀원과 불화가 생긴다면 어떻게 해결을 하시겠는지요 어 본인만의 해결법과 그 이유에 대해서 말씀해 주시면 좋겠습니다","wordCount":19},"emotion":[],"intent":[]},"answer":{"raw":{"text":"업무를 하다 보면 팀원과 불화가 자연히 생길 수 있다고 생각합니다. 보통 이렇게 불화가 생기게 되면 저는 그 해결법으로 대화를 제일 먼저 시도하겠습니다. 왜 당신은 그렇게 일을 해결하려고 하시는 건지. 왜 그런 방법 말고 다른 방법은 생각하지 않았는지. 이 방법 말고 내가 생각하는 방법은 이런 것이 있는데 이런 거에 대해서 어떻게 생각하는지. 뭐 이런 것들에 대해서 어 허심탄회하게 마주 보며 이야기를 하고 그 불화가 생긴 원인을 찾아 가려고 노력할 것입니다. 음 그 이유가 분명히 모든 일에는 있다고 생각하기 때문에 이유를 먼저 찾고 그 찾은 문제를 서로 좋은 방법으로 윈윈 하는 방법으로 서로 찾아가려고 노력할 것입니다. 이렇게 서로 대화하고 어 문제를 해결하는 방법을 찾다 보면 서로 이해하게 되고 한 발씩 양보할 수도 있다고 생각하기 때문입니다.","wordCount":113},"emotion":[],"intent":[{"text":"","expression":"","category":"attitude"}],"summary":{"text":"업무를 하다 보면 팀원과 불화가 생길 수 있습니다. 저는 그 해결법으로 대화를 가장 먼저 시도하겠습니다. 이유를 먼저 찾고 그 찾은 문제를 서로 좋은 방법으로 윈윈 하는 방법으로 서로 찾아가려고 노력할 것입니다.","wordCount":31}}},"rawDataInfo":{"question":{"fileFormat":"wav","fileSize":464078,"duration":14500,"samplingBit":16,"channelCount":1,"samplingRate":"16kHz","audioPath":"/Mock/03.PublicService/Female/Experienced/ckmk_q_ps_f_e_182942.wav"},"answer":{"fileFormat":"wav","fileSize":2681038,"duration":83780,"samplingBit":16,"channelCount":1,"samplingRate":"16kHz","audioPath":"/Mock/03.PublicService/Female/Experienced/ckmk_a_ps_f_e_182942.wav"}}}