{"version":"1.0","dataSet":{"info":{"date":"20230116","occupation":"PS","channel":"MOCK","place":"ONLINE","gender":"FEMALE","ageRange":"45-54","experience":"EXPERIENCED"},"question":{"raw":{"text":"업무를 진행하다 보면 다른 지역에서 업무를 수행하게 될 수도 있습니다 아 그렇다면 다른 지역에서 근무도 문제없이 가능할까요 말씀해 주세요","wordCount":19},"emotion":[],"intent":[]},"answer":{"raw":{"text":"아 네 일을 하다 보면 어 내 지역이 아닌 다른 지역에서 업무 수행할 수 있다고 생각하고 알고 있습니다. 뭐 공적인 일을 하는 업무를 하는데 그럴 수 밖에 없다 생각을 하구요. 어 그래서 저는 어 타지역 근무에 문제 없이 가능합니다. 어 계속 같은 지역에 근무할 수도 있겠지만 또 타 지역에 가서 근무하는 것도 기분 전환도 되고 어 그런 부분에서는 저는 환영하는 일이구요. 어 그러니까 사람이 제가 이제 살아보니 내가 원하는 일만 뭐 원하는 일만 계속 일어나거나 그렇게만 살 수는 없다는 걸 잘 알기 때문에 뭐 타지역 근무가 되면 또 그 거기에서 일을 하는 거고 거기에 가서 보면 처음에는 뭐 싫을 수도 있겠죠 지역에 따라서 그치만 또 살아보면 어 또 좋은 점이 있을 수 있고 예 그러지 않을까 싶어서 저는 뭐 상관없습니다. 되려 그런 일이 생기길 예 좀 바란다고 말씀드릴 수 있겠습니다.","wordCount":130},"emotion":[],"intent":[{"text":"","expression":"","category":"attitude"}],"summary":{"text":"일을 하다 보면 제 지역이 아닌 타 지역에서 업무 수행할 수 있다고 생각합니다. 계속 같은 지역에 근무할 수도 있지만 또 타 지역에 가서 근무하는 것도 기분 전환도 되고 그런 부분에서는 환영하는 일입니다. 제가 원하는 일만 계속 일어나거나 그렇게는 살 수 없는 걸 알기 때문입니다.","wordCount":44}}},"rawDataInfo":{"question":{"fileFormat":"wav","fileSize":521678,"duration":16300,"samplingBit":16,"channelCount":1,"samplingRate":"16kHz","audioPath":"/Mock/03.PublicService/Female/Experienced/ckmk_q_ps_f_e_229238.wav"},"answer":{"fileFormat":"wav","fileSize":2394318,"duration":74820,"samplingBit":16,"channelCount":1,"samplingRate":"16kHz","audioPath":"/Mock/03.PublicService/Female/Experienced/ckmk_a_ps_f_e_229238.wav"}}}