{"version":"1.0","dataSet":{"info":{"date":"20230116","occupation":"PS","channel":"MOCK","place":"ONLINE","gender":"FEMALE","ageRange":"55-","experience":"EXPERIENCED"},"question":{"raw":{"text":"본인의 손해를 감수하고 다른 사람에게 도움을 줬던 경험이 있다면 말씀해 주실 수 있나요","wordCount":13},"emotion":[],"intent":[]},"answer":{"raw":{"text":"네 제가 살면서 자신의 손해를 감수하고 타인에게 도움을 주었던 경험이 있다면 아 근데 제가 아주 크게 눈에 띄게 그런 일을 한 경험은 아무리 생각해도 없는 것 같습니다. 근데 제가 손해를 보면서까지 그런 일을 해야 되는지도 다시 한번 생각을 해 보게 되네요. 어 보통 그것보다는 제가 봉사활동을 많이 합니다. 제가 크리스천이기도 하고 그다음에 성당에 다니는데 성당에서 노인 대학을 육 년을 했습니다. 그게 제 손해라고 보기에는 좀 어렵구요. 육 년을 봉사를 하면서 저는 또 그 분들과 함께 생활을 하면서 또 그분들한테 배운 점도 상당히 많습니다. 아 노인이 되면 어떠한 일을 해야겠구나 아 저 분은 진짜 공경할 만한 분이구나 아 저분의 행동은 또 배우지 말아야겠다 아니면 저분의 행동은 꼭 배워서 나중에 꼭 그렇게 실천을 해야겠다 하는 어 제가 손해를 본 것보다는 제가 시간을 내서 그분들한테 봉사를 했지만 저도 제 인생에서 많은 공부를 하고 그다음에 도움을 받았다고 생각을 합니다. 근데 그분들께서도 그분들은 그분들에게 도움을 주었다 고 저에게 많이 고마워 하셨어요. 제가 이사를 오면서 그 일을 그만두게 되었을 때 그분들과 헤어질 때 너무 많이 운 경험이 있습니다. 그래서 사실 손해는 없었구요. 어 노인 대학을 하면서 그 어르신들을 모이면 그까 도움을 주었다고 저는 생각을 합니다. 제가 최선을 다해서 즐겁게 해드리기도 했구요. 운동도 가르쳐 드렸고 그 하지만 그 시간도 저에게는 저를 발전시키는 시간이었습니다.","wordCount":196},"emotion":[{"text":"제가 크리스천이기도 하고 그다음에 성당에 다니는데 성당에서 노인 대학을 육 년을 했습니다.","expression":"u-fact","category":"neutral"}],"intent":[{"text":"제가 크리스천이기도 하고 그다음에 성당에 다니는데 성당에서 노인 대학을 육 년을 했습니다.","expression":"c_private","category":"background"}],"summary":{"text":"제가 살면서 손해를 감수하고 타인에게 도움을 주었던 경험이 있다면 제가 손해를 보면서까지 그런 일을 해야 되는지 생각을 해 봅니다. 제가 손해를 본 것보다는 제가 시간을 내서 어르신들에게 봉사를 했지만 제가 제 인생에서 많은 공부를 하고, 그들에게 도움이 되었다고 생각합니다. 노인 대학을 하면서 어르신들을 모이면, 최선을 다해 즐겁게 해주고 운동도 가르쳐 드렸습니다. 하지만 그 시간도 저에게는 저를 발전시키는 시간이었습니다.","wordCount":58}}},"rawDataInfo":{"question":{"fileFormat":"wav","fileSize":270158,"duration":8440,"samplingBit":16,"channelCount":1,"samplingRate":"16kHz","audioPath":"/Mock/03.PublicService/Female/Experienced/ckmk_q_ps_f_e_242331.wav"},"answer":{"fileFormat":"wav","fileSize":3816718,"duration":119270,"samplingBit":16,"channelCount":1,"samplingRate":"16kHz","audioPath":"/Mock/03.PublicService/Female/Experienced/ckmk_a_ps_f_e_242331.wav"}}}