{"version":"1.0","dataSet":{"info":{"date":"20230116","occupation":"PS","channel":"MOCK","place":"ONLINE","gender":"FEMALE","ageRange":"35-44","experience":"EXPERIENCED"},"question":{"raw":{"text":"요즘 고령화 사회로 가면서 치매로 인한 문제가 많이 대두되고 있는데요 이에 대해서 건보 공단이 하고 있는 일과 개선해야 할 방안을 말씀해 주세요","wordCount":22},"emotion":[],"intent":[]},"answer":{"raw":{"text":"요즘 고령화 사회가 되면서 치매로 인한 문제가 많이 거동이 대두가 되고 있는데 건보 공단이 해야 할 일은 어 지문을 먼저 등록을 해야 한다고 생각합니다. 어 주민등록을 위해서 등록을 했지만 그 기계가 잘 인식하지 못하고 또 위급시에 어 것들이 필요하기 때문입니다. 그래서 치매 환자들은 길을 잃을 수 있고 또 집을 잘 찾아가지 못하고 어 사람을 기억하지 못하고 전화번호를 잃어버리는 등 그런 일들을 통해서 길을 잃어서 음 많은 어려움 많은 위험한 일들을 겪을 수 있는데 어 그럴 때 지문을 다시 등용을 해서 그 사람들이 어 주변에서 신고를 하면 어 지문을 통해서 바로 찾을 수 있도록 등록을 해야 한다고 생각합니다. 그리고 두 번째로는 주기적으로 치매 관리사가 주기적으로 가서 의료 검진도 하고 또 그 어 간단하게 할 수 있는 그런 일들을 일들이나 그런 작업을 통해서 치매를 개선할 수 있는 도움을 주어야 하고 이동을 할 때 또 치매 환자들은 어 많은 어 뭐 대소변을 가리지 못해서 어려운 상황들이 있는데 그런 상황에서 교통 수단도 지원을 해줘야 한다고 생각합니다. 그리고 어 치매 관리사가 항상 그 사람들을 살피고 치매 관리자가 항상 거동을 함께 해서 어려운 일이 당하지 않도록 위급한 일 위험한 일이 생기지 않도록 어 항상 옆에서 지켜보고 관리를 해줘야 한다고 생각합니다.","wordCount":184},"emotion":[],"intent":[{"text":"","expression":"","category":"attitude"}],"summary":{"text":"치매로 인한 문제가 많이 나타나는데 건보 공단이 해야 할 일은 지문을 먼저 등록을 해야 한다고 생각합니다. 그리고 주기적으로 치매 관리사가 주기적으로 가서 의료 검진도 하고 치매를 개선할 수 있는 도움을 주어야 합니다. 그리고 어려운 일이 당하지 않도록 위급한 일이 생기지 않도록 항상 옆에서 지켜보고 관리를 해야 합니다.","wordCount":47}}},"rawDataInfo":{"question":{"fileFormat":"wav","fileSize":631758,"duration":19740,"samplingBit":16,"channelCount":1,"samplingRate":"16kHz","audioPath":"/Mock/03.PublicService/Female/Experienced/ckmk_q_ps_f_e_239422.wav"},"answer":{"fileFormat":"wav","fileSize":3748558,"duration":117140,"samplingBit":16,"channelCount":1,"samplingRate":"16kHz","audioPath":"/Mock/03.PublicService/Female/Experienced/ckmk_a_ps_f_e_239422.wav"}}}