{"version":"1.0","dataSet":{"info":{"date":"20230116","occupation":"PS","channel":"MOCK","place":"ONLINE","gender":"FEMALE","ageRange":"35-44","experience":"EXPERIENCED"},"question":{"raw":{"text":"본인의 장점과 단점을 말씀해 주시고 그것을 특화하고 극복하기 위해 본인이 기여한 노력도 함께 말씀해 주세요","wordCount":15},"emotion":[],"intent":[]},"answer":{"raw":{"text":"음 저의 장점과 단점을 설명하고 그것을 특화시키고 극복시키기 위한 노력을 이야기를 하자면 어 저는 형 협력 학습을 통해서 학생들에게 음 본인 스스로 그것들을 해결해 나가고 서로 간의 시너지를 효과를 주어서 그것들을 할 수 있도록 도움을 주는 역할을 하는 장점이 있습니다. 그래서 어 학습자가 스스로 주체적으로 그것들을 할 수 있게 하고 어 제가 조력자 역할을 해서 일방적으로 학생들을 가르치는 것이 아닌 학생 스스로가 어 그룹 안에서 그것들을 문제를 해결하고 자신이 알지 못하는 잘 알지 못하는 부분과 또 자신이 어 알고 있다고 생각을 하지만 정확하게 알지 못하는 부분에 대해서 찾아내고 음 도와줌으로써 그것들을 말로 설명해서 개념들을 정확하게 알 수 있도록 도와주는 역할을 하는 것을 기쁘게 생각합니다. 그래서 그것들을 음 특화시키기 위해서 어 시너지역 그룹 안에서 시너지 효과를 어떻게 낼 수 있는지에 대해서 많이 연구를 하는 편입니다. 그래서 각자 스스로가 어떻게 해야 하고 또 그런 것들이 잘 안되는 학생들을 어떻게 도와줄 수 있는지 많이 연구를 하는 편입니다. 그리고 제 단점은 뭐 일을 마무리할 때 약간 미루는 성향이 있는데 그것들을 철저한 시간 관리 속에서 일을 진행을 하고 그것들을 어 단계적으로 진행을 하여서 어 그것이 조바심을 내서 하는 것이 아니고 그것들을 철저한 관리 속에서 제가 어 미루는 경향이기 때문에 미리 할려고 노력을 하는 편이고 제가 그것들을 조바심 내지 않고 안정적인 상태에서 제가 어느 스텝에 와 있는지 알 한 상태에서 그것들을 진행을 할려고 많은 노력을 하고 있습니다.","wordCount":211},"emotion":[],"intent":[{"text":"","expression":"","category":"attitude"}],"summary":{"text":"저는 협력 학습을 통해서 학생 스스로가 그룹 안에서 문제를 해결하고 자신이 알지 못하는 부분에 대해 도와줌으로써 개념들을 정확하게 알 수 있도록 도와주는 역할을 하는 것을 기쁘게 생각합니다. 그래서 시너지역 그룹 안에서 시너지 효과를 어떻게 낼 수 있는지에 대해서 많이 연구를 하는 편입니다. 그리고 제 단점은 일을 마무리할 때 약간 미루는 성향이 있는데 이것을 철저한 관리 속에서 미리 할려고 노력을 하는 편입니니다.","wordCount":61}}},"rawDataInfo":{"question":{"fileFormat":"wav","fileSize":368078,"duration":11500,"samplingBit":16,"channelCount":1,"samplingRate":"16kHz","audioPath":"/Mock/03.PublicService/Female/Experienced/ckmk_q_ps_f_e_237502.wav"},"answer":{"fileFormat":"wav","fileSize":3813838,"duration":119180,"samplingBit":16,"channelCount":1,"samplingRate":"16kHz","audioPath":"/Mock/03.PublicService/Female/Experienced/ckmk_a_ps_f_e_237502.wav"}}}