{"version":"1.0","dataSet":{"info":{"date":"20230116","occupation":"PS","channel":"MOCK","place":"ONLINE","gender":"FEMALE","ageRange":"55-","experience":"EXPERIENCED"},"question":{"raw":{"text":"면접자님께서는 태어나서 지금까지 한 일들 가운데 가장 후회했던 일이 무엇인가요 한 가지만 골라 말씀해 주시기 바랍니다","wordCount":16},"emotion":[],"intent":[]},"answer":{"raw":{"text":"제가 우리 집의 장녀로서 집에서는 굉장히 큰 많은 혜택을 받으며 자라왔습니다. 제가 장녀인데 밑에 남동생이 두 명이 있었는데 제가 장녀로서의 역할을 가장 많이 못 했던 것 같습니다. 이게 제가 살면서 가장 큰 후회로 남아있습니다. 어 남동생 두 명이 어 사십 대 후반에 병으로 일찍 세상을 뜨게 되었는데 그동안 중고등학교 시절부터 어 성인이 될 때까지 저 하나 제 생각의 이기적인 생각 때문에 저 만을 위해서 이기적으로 행동했던 적이 많았던 것 같습니다. 그래서 남동생들이 동생인데도 불구하고 많이 아이들을 캐어하거나 동생의 말을 많이 들어주거나 함께 하거나 이런 일을 못 했던 것 같습니다. 결혼해서는 더욱더 친정의 일이기 때문에 남동생들을 잘 돌보지 못했던 게 가장 큰 후회로 남아 있습니다.","wordCount":104},"emotion":[],"intent":[{"text":"제가 우리 집의 장녀로서 집에서는 굉장히 큰 많은 혜택을 받으며 자라왔습니다.","expression":"c_private","category":"background"},{"text":"제가 장녀인데 밑에 남동생이 두 명이 있었는데 제가 장녀로서의 역할을 가장 많이 못 했던 것 같습니다.","expression":"c_private","category":"background"},{"text":"어 남동생 두 명이 어 사십 대 후반에 병으로 일찍 세상을 뜨게 되었는데 그동안 중고등학교 시절부터 어 성인이 될 때까지 저 하나 제 생각의 이기적인 생각 때문에 저 만을 위해서 이기적으로 행동했던 적이 많았던 것 같습니다.","expression":"c_private","category":"background"}],"summary":{"text":"저는 중고등학교 시절부터 성인이 될 때까지 저 하나의 이기적인 생각 때문에 동생들을 잘 돌보지 못했던 것이 가장 큰 후회입니다. 결혼 후 친정의 일이기 때문에 남동생들을 잘 돌보지 못했던 게 가장 큰 죄악으로 남아있습니다.","wordCount":33}}},"rawDataInfo":{"question":{"fileFormat":"wav","fileSize":452558,"duration":14140,"samplingBit":16,"channelCount":1,"samplingRate":"16kHz","audioPath":"/Mock/03.PublicService/Female/Experienced/ckmk_q_ps_f_e_245289.wav"},"answer":{"fileFormat":"wav","fileSize":2166478,"duration":67700,"samplingBit":16,"channelCount":1,"samplingRate":"16kHz","audioPath":"/Mock/03.PublicService/Female/Experienced/ckmk_a_ps_f_e_245289.wav"}}}