{"version":"1.0","dataSet":{"info":{"date":"20230116","occupation":"PS","channel":"MOCK","place":"ONLINE","gender":"FEMALE","ageRange":"55-","experience":"EXPERIENCED"},"question":{"raw":{"text":"그동안 살아오면서 윤리적으로 행동했던 일이 있습니까 있다면 그렇게 행동한 이유도 함께 설명해 주세요","wordCount":13},"emotion":[],"intent":[]},"answer":{"raw":{"text":"윤리적으로 행동한다는 거는 기본인 것 같습니다. 모든 요 일이 제가 여태 해 온 일들은 대부분이 윤리적으로 행동하려고 노력했습니다. 비 비 윤리적인 것이라는 거는 사회적으로도 파렴치 한 일이 비 윤리적인 것이기 때문에 대부분의 저의 행동은 다 윤리적으로 행동했던 것일 것입니다. 나무를 위해서 배려하고 비 비 윤리적이고 비 상식적인 일을 하지 않으며 배려심을 발휘하여 어려운 사람들을 사회 복지적으로 도와주고 피해 가지 않으려고 하고 더럽거나 힘든 상황을 보면 그나 그냥 지나치지 않으려고 하는 것도 윤리적인 행동이었던 것 같습니다. 예를 들어 지하철에서 어 구걸을 하는 사람인 경우에는 매번 기꺼이 어 단돈 천 원이라도 주려고 하며 가방을 꺼내려고 하는 내 마음이 윤리적 행동이 아닐까 합니다.","wordCount":100},"emotion":[],"intent":[{"text":"","expression":"","category":"attitude"}],"summary":{"text":"윤리적 행동이란 나무를 위해서 배려하고 비 윤리적이고 비 상식적인 일을 하지 않으며 배려심을 발휘하여 어려운 사람들을 사회 복지적으로 도와주고 피해 가지 않으려고 하는 것입니다.","wordCount":24}}},"rawDataInfo":{"question":{"fileFormat":"wav","fileSize":285198,"duration":8910,"samplingBit":16,"channelCount":1,"samplingRate":"16kHz","audioPath":"/Mock/03.PublicService/Female/Experienced/ckmk_q_ps_f_e_245204.wav"},"answer":{"fileFormat":"wav","fileSize":2229838,"duration":69680,"samplingBit":16,"channelCount":1,"samplingRate":"16kHz","audioPath":"/Mock/03.PublicService/Female/Experienced/ckmk_a_ps_f_e_245204.wav"}}}