{"version":"1.0","dataSet":{"info":{"date":"20230116","occupation":"PS","channel":"MOCK","place":"ONLINE","gender":"FEMALE","ageRange":"35-44","experience":"EXPERIENCED"},"question":{"raw":{"text":"일을 하다 보면 다른 지역에서 업무를 수행하게 될 수도 있습니다 지원자님은 이런 타 지역 근무에 대해서도 문제 없이 가능하다고 생각하시나요","wordCount":20},"emotion":[],"intent":[]},"answer":{"raw":{"text":"제가 일을 하다 보면 다른 지역에서 업무를 수행하고 타 지역 근무도 수행할 수 있는 그런 기회가 있을 텐데 저는 그것들을 문제 없이 어 진행할 수가 있습니다. 왜냐하면 제가 음 이십 대부터 그리고 아 십 대부터 많은 타 지역에서 많은 어 생활을 했고 또 공부를 하면서 제가 음 타 지역에서 그것들을 학습할 수 있는 기회를 많이 체득을 했기 때문입니다. 어렸을 때부터 부모님께서 어 타 지역에서 공부하는 것에 대해서 열린 생각을 가지고 계셨기 때문에 많은 나라에서 많은 지역에서 어 공부를 많이 했습니다. 그래서 음 음식이나 또 어 새로운 사람을 만나는 것에 대해서 재미를 느끼고 새로운 환경에 있을 때 어 다른 사람보다 더 빨리 적응을 해서 음 업무들을 수행을 할 수 있습니다. 그리고 새로운 환경에서 어 문제들을 해결하고 탐색하는 과정을 재미있게 생각하기 때문에 어 제가 새로운 환경에서 어 적응하는 시간이 적고 어 또 준비하는 시간이 적기 때문에 시간을 어 경제적으로 사용을 할 수 있습니다. 그리고 몸도 음 피곤하지 않고 또 식사도 좀 어 식사도 제가 적응을 빨리 하기 때문에 그것들을 어 완벽하게 수행해 낼 수 있고 또 새로운 사람들과 어 진행하는 것이 어 몸에 많이 체득이 되어 있는 상태입니다. 그리고 이사를 많이 다녔기 때문에 제가 또 새로운 환경에서 어 사는 생활하는 것에 대해서 제가 많이 어 습득이 되어있는 상태이기 때문에 문제 없이 수행을 할 수 있다고 생각을 합니다.","wordCount":205},"emotion":[],"intent":[{"text":"","expression":"","category":"attitude"}],"summary":{"text":"일을 하다 보면 타 지역에서 업무를 수행하고 타 지역 근무도 수행할 수 있는 기회가 있을 텐데 저는 그것들을 문제 없이 수행할 수 있습니다. 왜냐하면 제가 20대부터 많은 지역에서 공부를 했기 때문입니다. 그래서 새로운 환경에 있을 때 다른 사람보다 더 빨리 적응을 해서 업무들을 수행할 수 있고, 준비시간이 적기 때문에 시간을 경제적으로 사용할 수 있으며, 새로운 사람들과 진행하는 것이 몸에 많이 체득이 되어 있는 상태입니다.","wordCount":64}}},"rawDataInfo":{"question":{"fileFormat":"wav","fileSize":607438,"duration":18980,"samplingBit":16,"channelCount":1,"samplingRate":"16kHz","audioPath":"/Mock/03.PublicService/Female/Experienced/ckmk_q_ps_f_e_236729.wav"},"answer":{"fileFormat":"wav","fileSize":3745038,"duration":117030,"samplingBit":16,"channelCount":1,"samplingRate":"16kHz","audioPath":"/Mock/03.PublicService/Female/Experienced/ckmk_a_ps_f_e_236729.wav"}}}