{"version":"1.0","dataSet":{"info":{"date":"20230116","occupation":"PS","channel":"MOCK","place":"ONLINE","gender":"FEMALE","ageRange":"35-44","experience":"EXPERIENCED"},"question":{"raw":{"text":"무언가를 달성하기 위해 목표를 세우고 이 삼 년간 열심히 노력해서 목표를 달성한 경험이 있으십니까","wordCount":14},"emotion":[],"intent":[]},"answer":{"raw":{"text":"어 저는 학원에서 영어를 가르치는 교사였는데 제가 음 일을 하기 어 학원이 아니고 공교육에 가서 다른 어 더 큰 조직에서 사람들을 변화시키고 교육 현장을 어 조금이라도 변화시켜주고 싶다는 생각이 들어서 저는 어 학교에서 일을 하는 것을 목표로 해서 대학원을 다니게 되었습니다. 음 그 당시에는 어 강사로써 어 제가 이루려는 목표와 한 단계 낮춰져 낮춰서 일을 하면서 대학원을 다니게 되었는데 어 피곤하기도 하고 또 잠자는 시간이 작아서 어 그것들을 어 하는데 어 많은 힘든 점도 있었지만 제가 일을 하면서 필요한 부분이나 부족한 부분을 많이 느꼈기 때문에 제가 어 대학원 공부가 꼭 필요하다는 생각을 했기 때문에 그것을 그것의 시간과 또 모든 것을 투자를 하였습니다. 그리고 제가 그곳에서 어 학교 강사로 일을 하면서 어 대학원에서 배운 것들을 어 바로바로 실행에 옮겨서 그것이 효과가 있는지 이에 대해서 많이 경험을 하였고 그것들이 정말 어 효과가 있다는 것을 경험을 했고 그래서 또 확신 속에서 그 공부들을 할 수 있었습니다. 그래서 실제적으로 그것들이 어 대학원에 맞췄을 때 학교 어 정규직으로 일할 수 있는 기회가 생겼고 또 제가 원하는 목표들을 이루면서 그것들을 일과 공부를 병행을 해서 어 시너지 효과를 많이 가져오게 되었습니다.","wordCount":174},"emotion":[],"intent":[{"text":"어 저는 학원에서 영어를 가르치는 교사였는데 제가 음 일을 하기 어 학원이 아니고 공교육에 가서 다른 어 더 큰 조직에서 사람들을 변화시키고 교육 현장을 어 조금이라도 변화시켜주고 싶다는 생각이 들어서 저는 어 학교에서 일을 하는 것을 목표로 해서 대학원을 다니게 되었습니다.","expression":"c_private","category":"background"},{"text":"음 그 당시에는 어 강사로써 어 제가 이루려는 목표와 한 단계 낮춰져 낮춰서 일을 하면서 대학원을 다니게 되었는데 어 피곤하기도 하고 또 잠자는 시간이 작아서 어 그것들을 어 하는데 어 많은 힘든 점도 있었지만 제가 일을 하면서 필요한 부분이나 부족한 부분을 많이 느꼈기 때문에 제가 어 대학원 공부가 꼭 필요하다는 생각을 했기 때문에 그것을 그것의 시간과 또 모든 것을 투자를 하였습니다.","expression":"c_private","category":"background"},{"text":"그리고 제가 그곳에서 어 학교 강사로 일을 하면서 어 대학원에서 배운 것들을 어 바로바로 실행에 옮겨서 그것이 효과가 있는지 이에 대해서 많이 경험을 하였고 그것들이 정말 어 효과가 있다는 것을 경험을 했고 그래서 또 확신 속에서 그 공부들을 할 수 있었습니다.","expression":"c_private","category":"background"},{"text":"그래서 실제적으로 그것들이 어 대학원에 맞췄을 때 학교 어 정규직으로 일할 수 있는 기회가 생겼고 또 제가 원하는 목표들을 이루면서 그것들을 일과 공부를 병행을 해서 어 시너지 효과를 많이 가져오게 되었습니다.","expression":"c_private","category":"background"}],"summary":{"text":"공교육에 가서 더 큰 조직에서 사람들을 변화시키고 교육 현장을 변화시키고 싶다는 생각이 들어서 대학원을 다니게 되었습니다. 대학원에서 배운 것들을 실행에 옮겨서 효과가 있다는 것을 경험을 했고 확신 속에서 공부들을 할 수 있었습니다. 그래서 정규직 일할 수 있는 기회가 생겼고 일과 공부를 병행해서 시너지 효과를 많이 가져왔습니다.","wordCount":46}}},"rawDataInfo":{"question":{"fileFormat":"wav","fileSize":326798,"duration":10210,"samplingBit":16,"channelCount":1,"samplingRate":"16kHz","audioPath":"/Mock/03.PublicService/Female/Experienced/ckmk_q_ps_f_e_241368.wav"},"answer":{"fileFormat":"wav","fileSize":3874638,"duration":121080,"samplingBit":16,"channelCount":1,"samplingRate":"16kHz","audioPath":"/Mock/03.PublicService/Female/Experienced/ckmk_a_ps_f_e_241368.wav"}}}