{"version":"1.0","dataSet":{"info":{"date":"20230116","occupation":"PS","channel":"MOCK","place":"ONLINE","gender":"FEMALE","ageRange":"55-","experience":"EXPERIENCED"},"question":{"raw":{"text":"지원자님의 장점과 단점을 설명해 주시고 그것을 특화시키고 극복하기 위한 노력도 함께 말씀 부탁드립니다","wordCount":13},"emotion":[],"intent":[]},"answer":{"raw":{"text":"저의 장점은 우선 상대방의 말을 잘 경청하고 오랜 어려움이 있어도 잘 들어주며 그 잘 들어준 상대방의 의견에 대해서 조직적이고 배려심 있게 잘 대처하여 어 상담하고 있다는 것입니다. 제가 상담하는 대부분의 사람들은 어 퇴직을 하셨거나 또는 어 이래서 어 어쩔 수 없이 퇴직하게 된 분들이 많기 때문에 그분들의 정서를 우선 안정시키고 그리고 앞으로의 오십 프라스 이상의 생을 살아갈 수 있는 삼십 년 이상을 살아가는 이 세대에서 새로운 직업이나 또는 현재 하고 있는 직업을 더 발전시킨 직업에 다시 한 번 도전할 수 있도록 그것을 제 장점 삼아 배려하고 정보 제공화해서 더 큰 어 정보 제공을 통해서 그분들이 제자리를 찾을 수 있도록 하는 거가 제 장점이고요. 단점이라면 한 가지를 너무 끝까지 지속적으로 어 완전히 완결될 때까지 너무 깊숙히 관여한다는 게 제 단점이라고 생각합니다.","wordCount":120},"emotion":[],"intent":[{"text":"","expression":"","category":"attitude"}],"summary":{"text":"저는 상대방의 말을 잘 경청하고 어려움이 있어도 잘 들어주며 상대방의 의견에 대해서 배려심 있게 잘 대처하여 상담하는 장점이 있습니다. 또한 퇴직자의 정서를 안정시키고 새로운 직업에 도전할 수 있도록 정보 제공화해서 제가 장점 삼아 배려하고 정보 제공을 하는 것입니다.","wordCount":38}}},"rawDataInfo":{"question":{"fileFormat":"wav","fileSize":375118,"duration":11720,"samplingBit":16,"channelCount":1,"samplingRate":"16kHz","audioPath":"/Mock/03.PublicService/Female/Experienced/ckmk_q_ps_f_e_240108.wav"},"answer":{"fileFormat":"wav","fileSize":2583118,"duration":80720,"samplingBit":16,"channelCount":1,"samplingRate":"16kHz","audioPath":"/Mock/03.PublicService/Female/Experienced/ckmk_a_ps_f_e_240108.wav"}}}