{"version":"1.0","dataSet":{"info":{"date":"20230116","occupation":"PS","channel":"MOCK","place":"ONLINE","gender":"FEMALE","ageRange":"45-54","experience":"EXPERIENCED"},"question":{"raw":{"text":"어 이전 직장에서 퇴사를 한 후 어 그 행동 그 퇴사에 대한 것을 후회한 적이 있나요 있었다면 이유도 함께 말씀을 해 주시기 바랍니다","wordCount":23},"emotion":[],"intent":[]},"answer":{"raw":{"text":"이전 직장에서 퇴사한 것은 후회한 적은 없습니다. 왜냐하면 퇴사하기 전에 충분히 퇴사에 대한 고민을 충분히 했고 오랜 시간 그리고 퇴사 이후의 계획도 천천히 세워 왔고 그리고 이쯤 돼서는 새로운 일을 내가 어 지금까지 했던 일이 아닌 새로운 일에 도전을 할 때가 된 것 같다 라는 충분한 숙고를 한 끝에 결정한 것이기 때문에 퇴사에 대한 후회는 없습니다. 어 어 퇴사에 대한 후회 보다는 퇴사 이후에 내가 어떤 것들을 어떤 식으로 진행해 나갈 것인지에 대한 고민이 오히려 훨씬 많습니다.","wordCount":77},"emotion":[],"intent":[{"text":"","expression":"","category":"attitude"}],"summary":{"text":"이전 직장의 퇴사에 대한 후회는 없습니다. 그 전에 충분히 고민하고 계획을 세웠기에 이제는 새로운 일에 도전할 때가 된 것 같다 라는 충분한 숙고를 한 끝에 결정한 것이기 때문입니다.","wordCount":28}}},"rawDataInfo":{"question":{"fileFormat":"wav","fileSize":561998,"duration":17560,"samplingBit":16,"channelCount":1,"samplingRate":"16kHz","audioPath":"/Mock/03.PublicService/Female/Experienced/ckmk_q_ps_f_e_186016.wav"},"answer":{"fileFormat":"wav","fileSize":1230798,"duration":38460,"samplingBit":16,"channelCount":1,"samplingRate":"16kHz","audioPath":"/Mock/03.PublicService/Female/Experienced/ckmk_a_ps_f_e_186016.wav"}}}