{"version":"1.0","dataSet":{"info":{"date":"20230116","occupation":"PS","channel":"MOCK","place":"ONLINE","gender":"FEMALE","ageRange":"45-54","experience":"EXPERIENCED"},"question":{"raw":{"text":"많이들 헷갈려 하시는 부분인데 혹시 공사와 공단의 차이가 뭔지 알고 계시나요","wordCount":11},"emotion":[],"intent":[]},"answer":{"raw":{"text":"어 공사와 공단 둘 다 공공의 어떤 이득이나 이익이나 공공의 필요에 의해서 국가가 나서서 어 국가에서 필요에 의해서 공공의 요구에 충족 요구를 충족시키기 위해서 국가가 나서서 세우는 어 회사라는 점에서는 공사와 공단이 같지만 어 공사는 전적으로 국가에서 어 경영 관리를 하는 인원을 뽑아서 경영위원회를 어 국가가 관리하고 직접적으로 모든 어 공사에서 운영되는 운영비나 이런 관리 출자 총액 같은 것을 모두 국가에서 관리하는 것을 공사라고 합니다. 실질적으로 공사를 담당하는 사람들도 사적인 법인이나 이런 것들은 전혀 어 개입하지 않기 때문에 나라에서 거의 운영되고 나라에서 정하고 그러면서 독립된 운영도 하지 하기는 하지만 나라에서 전체적으로 관리를 하는 곳을 공사라고 할 수 있고 공단은 똑같이 목적은 어 공공의 이익이나 공공의 요청 필요에 의해서 만들어지고 국가가 주도해서 설립되는 거는 맞지만 어 개별적인 법인도 또 가지고 있어서 법인이 국가의 관리 감독 하에 법인 내에서 자유로이 어 본인들이 어 국가에서 요구하는 것들을 맞춰서 수행해 나간다는 점에서 약간의 차이가 있습니다.","wordCount":141},"emotion":[{"text":"어 공사와 공단 둘 다 공공의 어떤 이득이나 이익이나 공공의 필요에 의해서   국가가 나서서 어 국가에서 필요에 의해서 공공의 요구에 충족 요구를 충족시키기 위해서 국가가 나서서 세우는 어 회사라는 점에서는 공사와 공단이 같지만   어 공사는 전적으로 국가에서 어 경영 관리를 하는 인원을 뽑아서 경영위원회를 어 국가가 관리하고 직접적으로   모든 어 공사에서 운영되는 운영비나 이런 관리 출자 총액 같은 것을 모두 국가에서   관리하는 것을 공사라고 합니다.","expression":"u-fact","category":"neutral"},{"text":"실질적으로 공사를 담당하는 사람들도 사적인 법인이나 이런 것들은   전혀 어 개입하지 않기 때문에 나라에서 거의 운영되고 나라에서 정하고 그러면서 독립된 운영도 하지 하기는 하지만 나라에서 전체적으로 관리를 하는 곳을 공사라고 할 수 있고   공단은 똑같이 목적은 어 공공의 이익이나 공공의 요청   필요에 의해서 만들어지고 국가가 주도해서 설립되는 거는 맞지만 어 개별적인 법인도 또 가지고 있어서 법인이 국가의 관리 감독 하에 법인 내에서 자유로이 어   본인들이 어 국가에서 요구하는 것들을 맞춰서 수행해 나간다는 점에서 약간의 차이가 있습니다.","expression":"u-fact","category":"neutral"}],"intent":[{"text":"","expression":"","category":"attitude"}],"summary":{"text":"공사는 국가가 나서서 공공의 요구에 충족 요구를 충족시키기 위해 세운 회사라는 점에서는 공사와 같지만, 공사는 전적으로 국가에서 경영위원회를 관리하며 운영비나 출자 총액 같은 것을 모두 국가에서 관리하는 것을 공사라고 합니다. 공단은 개별적인 법인도 있어서 국가의 관리 감독 하에 자유로이 어 본인들이 국가에서 요구하는 것들을 수행해 나간다는 점에서 차이가 있습니다.","wordCount":49}}},"rawDataInfo":{"question":{"fileFormat":"wav","fileSize":394958,"duration":12340,"samplingBit":16,"channelCount":1,"samplingRate":"16kHz","audioPath":"/Mock/03.PublicService/Female/Experienced/ckmk_q_ps_f_e_189821.wav"},"answer":{"fileFormat":"wav","fileSize":2756238,"duration":86130,"samplingBit":16,"channelCount":1,"samplingRate":"16kHz","audioPath":"/Mock/03.PublicService/Female/Experienced/ckmk_a_ps_f_e_189821.wav"}}}