{"version":"1.0","dataSet":{"info":{"date":"20230116","occupation":"PS","channel":"MOCK","place":"ONLINE","gender":"FEMALE","ageRange":"55-","experience":"EXPERIENCED"},"question":{"raw":{"text":"지금 독서를 하고 있는 것이 있다면 그 책을 말씀해 주시구요 왜 그 책을 선택하셨는지도 함께 말씀해 주시기 바랍니다","wordCount":18},"emotion":[],"intent":[]},"answer":{"raw":{"text":"지금 읽고 있는 책이 있다면 무슨 책인지 궁금하냐고 물어보셨는데요. 아 저는 요즘에 어 히가시노 게이고한테 살짝 빠져 있습니다. 히가시노 게이고는 이제 일본에 되게 어 유명한 추리 작가인데요. 그분이 아 그분의 책을 서고로 하나 가득 채울 만큼 책을 엄청 많이 썼습니다. 그런데 히가시노 게이고는 아 일본 사람이지만 그 책을 읽다 보면 우리나라와 약간 그 감정이 비슷하다고 할까요. 그런 느낌을 받았기 때문에 책이 술술 넘어가더라구요. 그래서 요즘에는 백은의 잭이라는 책을 읽고 있습니다. 그 책은 추리 소설인데요. 어 어떤 그 어 설원의 스키장이에요. 스키장을 배경으로 하는데 이 스키장에 자연을 되돌려 놓지 않으면 이 스키장을 파괴하겠다. 손님이 제일 많을 때 파괴하겠다 라고 이제 이 전문을 보내와서 지금 이 스키자에서 그 일을 해결하려고 하는 거거든요. 그런데 이제 보면은 환경을 많이 생각을 하는 그런 작가의 태도가 태도나 생각이 들어가 있습니다. 그래서 지금은 이제 초입부라 지금 조금 더 많이 읽긴 해야 되는데요. 예 지금 히가시노 게이코에 백은의 잭입니다. 그리고 또 하나 다른 책은 제가 지금 아빠와 함께하는 그 한국사 여행이라는 책을 읽고 있습니다. 그 책은 어 한국사 여행이 한국사의 어디 어디 지역에 어떤 역사가 있는 것인가 해서 그 책을 보면서 어 제가 관광지를 조금씩 다니고 있습니다. 제가 역사 문화 지도 공부를 하는 아 이유이기도 합니다.","wordCount":188},"emotion":[{"text":"아 저는 요즘에 어 히가시노 게이고한테 살짝 빠져 있습니다.","expression":"p-interest","category":"positive"}],"intent":[{"text":"","expression":"","category":"attitude"}],"summary":{"text":"요즘 읽고 있는 책은 백은의 잭이라는 추리 소설인데, 스키장에 자연을 되돌려 놓지 않으면 이 스키장을 파괴하겠다고 전문을 보내와서 스키자에서 그 일을 해결하려고 하는 책입니다. 그리고 아빠와 함께하는 한국사 여행이라는 책은 한국사의 어디 어디 지역에 어떤 역사가 있는가 해서 그것을 읽으면서 제가 관광지를 조금씩 다니고 있습니다.","wordCount":45}}},"rawDataInfo":{"question":{"fileFormat":"wav","fileSize":352078,"duration":11000,"samplingBit":16,"channelCount":1,"samplingRate":"16kHz","audioPath":"/Mock/03.PublicService/Female/Experienced/ckmk_q_ps_f_e_242397.wav"},"answer":{"fileFormat":"wav","fileSize":3726158,"duration":116440,"samplingBit":16,"channelCount":1,"samplingRate":"16kHz","audioPath":"/Mock/03.PublicService/Female/Experienced/ckmk_a_ps_f_e_242397.wav"}}}