{"version":"1.0","dataSet":{"info":{"date":"20230116","occupation":"PS","channel":"MOCK","place":"ONLINE","gender":"FEMALE","ageRange":"55-","experience":"EXPERIENCED"},"question":{"raw":{"text":"지원자님께서는 매일 금과 같은 시간을 할애해서 학습하고 있는 분야가 따로 있는지 그렇다면 그걸 왜 학습하고 계신지 말씀해 주세요","wordCount":18},"emotion":[],"intent":[]},"answer":{"raw":{"text":"이십 여 년을 비영리 단체에서 일하 일 해 왔기 때문에 그리고 여성분을 많이 상대하는 업무를 해왔기 때문에 여성들을 위한 직업상담 경력단정 여성을 위한 취업 상담 등 상담 관련 업무를 많이 해왔습니다. 그래서 그 관련된 업무로서 공부는 그쪽 방면으로 사회 복지 쪽으로 매일 공부하고 있습니다. 특히 직업상담사를 따기 위한 공부를 매일 하고 있습니다. 직업상담사 이 급 시험에 일 차 필기 합격하였으며 이 차 실기시험을 공부하고 있습니다. 그것은 제가 사회 복지를 하면서 상담 쪽을 포커스로 하여 그쪽에 더 많은 비중을 두게 되었기 때문에 모자라는 부분을 상담에 관한 역할이나 상담자의 어 기본 사항 등 제가 모자라는 부분을 더 많이 공부해서 대상자들에게 아주 유용하고 어 실질적인 상담을 해 줄 수 있도록 직업 상담 전직 상담 그리고 생애 설계 상담을 할 수 있도록 어 세밀화되고 전문적인 전문 요원이 되기 위해서 열심히 공부하고 있습니다.","wordCount":128},"emotion":[],"intent":[{"text":"이십 여 년을 비영리 단체에서 일하 일 해 왔기 때문에 그리고 여성분을 많이 상대하는 업무를 해왔기 때문에 여성들을 위한 직업상담 경력단정 여성을 위한 취업 상담 등 상담 관련 업무를 많이 해왔습니다.","expression":"c_private","category":"background"},{"text":"그래서 그 관련된 업무로서 공부는 그쪽 방면으로 사회 복지 쪽으로 매일 공부하고 있습니다.","expression":"c_imp","category":"personality"},{"text":"특히 직업상담사를 따기 위한 공부를 매일 하고 있습니다.","expression":"c_imp","category":"personality"},{"text":"직업상담사 이 급 시험에 일 차 필기 합격하였으며 이 차 실기시험을 공부하고 있습니다.","expression":"c_imp","category":"personality"}],"summary":{"text":"20여 년 비영리 단체에서 일해 왔고 여성분을 많이 상대해 왔기 때문에 여성들을 위한 직업상담 경력단정 여성을 위한 취업 상담 등 상담 관련 업무를 많이 해왔습니다. 그래서 관련된 업무로서 공부는 사회 복지 쪽으로 매일 공부하고 있습니다.","wordCount":35}}},"rawDataInfo":{"question":{"fileFormat":"wav","fileSize":379598,"duration":11860,"samplingBit":16,"channelCount":1,"samplingRate":"16kHz","audioPath":"/Mock/03.PublicService/Female/Experienced/ckmk_q_ps_f_e_245291.wav"},"answer":{"fileFormat":"wav","fileSize":2637198,"duration":82410,"samplingBit":16,"channelCount":1,"samplingRate":"16kHz","audioPath":"/Mock/03.PublicService/Female/Experienced/ckmk_a_ps_f_e_245291.wav"}}}