{"version":"1.0","dataSet":{"info":{"date":"20230116","occupation":"PS","channel":"MOCK","place":"ONLINE","gender":"FEMALE","ageRange":"35-44","experience":"EXPERIENCED"},"question":{"raw":{"text":"다른 지원자들에 비해 본인만이 가진 차별성이나 장점을 어필할 것이 있다면 그것들은 무엇이 있을까요","wordCount":13},"emotion":[],"intent":[]},"answer":{"raw":{"text":"어 제가 다른 지원자에 비해서 차별성과 장점을 어필을 한다면 저는 협업 능력을 공부를 가르치는데 아주 능통하다는 것입니다. 제가 어 초등학교에 와 중학교에서 일을 할 때 어 학습 부진아 학생들을 가르쳤고 또 정규 수업에서도 가르쳤는데 제가 어 공부할 때 어 혼자서 하지 않고 항상 그룹 활동을 해서 진행을 했는데 제가 그것들을 할 때 어 조력자 역할을 했습니다. 그래서 어 역할을 통해서 어 진행자와 또 도와주는 사람과 또 어 시간 관리하는 사람을 배정을 해서 어 각자 학습자에 맞는 어 역할을 주어짐으로 모든 사람이 어 작거나 큰 일을 감당을 하지만 그것들을 좋은 결과물들을 어 낳게 되었습니다. 그래서 어 상급자 학생도 설명을 하면서 어 자신이 정확하게 알고 있다고 생각을 하지만 설명을 하면서 자신이 잘 확실하게 알지 못하는 부분에 대해서 많이 인지를 해서 설명을 하므로 어 그것에 대한 자신감을 알게 되었고 예매하게 아는 것들에 대해서 어 설명을 하면서 어 사회성도 키우고 그 개념에 대해서 확실하게 알 수 있게 되었습니다. 그리고 또 어 동기가 부족한 사람들에게 어 시간 관리를 하고 또 시간 타이머를 또 라는 역할을 작은 역할을 주어서 어 사람들에게 어 시간 내에 그것들을 할 수 있도록 도와주는 그런 작은 역할을 함으로 그 팀에 참여할 수 있게 도와주었습니다.","wordCount":183},"emotion":[],"intent":[{"text":"","expression":"","category":"attitude"}],"summary":{"text":"협업 능력은 공부를 가르치는데 아주 능통합니다. 학습 부진아 학생들을 가르쳤고 정규 수업에서도 가르쳤는데 조력자 역할을 했습니다. 역할을 통해서 진행자와 도와주는 사람과 시간 관리하는 사람을 배정을 해서 각자 학습자에 맞는 역할을 함으로 좋은 결과물들을 낳게 되었습니다. 그리고 동기가 부족한 사람들에게 시간 관리를 하고 시간 타이머를 라는 역할을 주었습니다.","wordCount":47}}},"rawDataInfo":{"question":{"fileFormat":"wav","fileSize":279758,"duration":8740,"samplingBit":16,"channelCount":1,"samplingRate":"16kHz","audioPath":"/Mock/03.PublicService/Female/Experienced/ckmk_q_ps_f_e_246537.wav"},"answer":{"fileFormat":"wav","fileSize":3850958,"duration":120340,"samplingBit":16,"channelCount":1,"samplingRate":"16kHz","audioPath":"/Mock/03.PublicService/Female/Experienced/ckmk_a_ps_f_e_246537.wav"}}}