{"version":"1.0","dataSet":{"info":{"date":"20230116","occupation":"PS","channel":"MOCK","place":"ONLINE","gender":"FEMALE","ageRange":"55-","experience":"EXPERIENCED"},"question":{"raw":{"text":"본인이 이제까지 인생에서 겪은 갈등들 중 가장 심각했던 갈등을 한 가지 골라서 저희에게 말씀해 주세요","wordCount":15},"emotion":[],"intent":[]},"answer":{"raw":{"text":"인생의 갈등이라 함은 일단 결혼 전과 결혼 후가 다르겠죠. 결혼 후에 겉 겪은 인생의 갈등이 가장 컸다고 생각합니다. 결혼은 저는 서울 출신인데 어 시부모님들은 부산 경상남도 분들이었습니다. 그래서 저와 어 도도 다르고 환경도 다르고 환경에 따른 사투리도 있었고 뭐든지 잘 알아듣지 못했습니다. 그래서 서로 커뮤니케이션이 잘 되지 않아서 서로에 대한 불신도 있었을 것이고 서로에 대한 어 의심이나 혹은 주눅이 들었을 때도 있었습니다. 그리고 어른에 대해서 무조건적으 적으로 복종해야 된다는 한국 사회의 시부모들과 며느리와의 관계가 가장 큰 갈등이었던 것 같습니다. 아이들이 커가면서 그리고 어른이 되다 보니 더 크고 어른이 되다 보니 이러한 사실을 같이 살면서 극복해 가는 갔던 게 제일 좋은 치료법이었던 것 같습니다. 갈등 중에서도 시동생과의 갈등이 가장 컸었던 거 같습니다.","wordCount":111},"emotion":[{"text":"결혼은 저는 서울 출신인데 어 시부모님들은 부산 경상남도 분들이었습니다.","expression":"u-fact","category":"neutral"}],"intent":[{"text":"","expression":"","category":"attitude"}],"summary":{"text":"결혼 후 겉으로 겪은 인생의 갈등은 결혼 전과 후가 다릅니다. 저는 서울 출신이지만 시부모님들은 부산 경남 분이셨습니다. 그래서 커뮤니케이션이 되지 않아 서로에 대한 불신도 있었을 것이고, 어른에 대해 무조건적으로 복종해야 된다는 시부모와 며느리와의 관계가 가장 큰 갈등이었습니다.","wordCount":37}}},"rawDataInfo":{"question":{"fileFormat":"wav","fileSize":293198,"duration":9160,"samplingBit":16,"channelCount":1,"samplingRate":"16kHz","audioPath":"/Mock/03.PublicService/Female/Experienced/ckmk_q_ps_f_e_244727.wav"},"answer":{"fileFormat":"wav","fileSize":2642638,"duration":82580,"samplingBit":16,"channelCount":1,"samplingRate":"16kHz","audioPath":"/Mock/03.PublicService/Female/Experienced/ckmk_a_ps_f_e_244727.wav"}}}