{"version":"1.0","dataSet":{"info":{"date":"20230116","occupation":"PS","channel":"MOCK","place":"ONLINE","gender":"FEMALE","ageRange":"55-","experience":"EXPERIENCED"},"question":{"raw":{"text":"평소에 검색을 자주 하는 편이신가요 어떤 검색을 주로 하시는지 왜 그것을 검색을 하시는지 구체적으로 말씀해 주시기 바랍니다","wordCount":17},"emotion":[],"intent":[]},"answer":{"raw":{"text":"평소에 제가 상담 업무를 하기 때문에 모든 검색은 거의 워크넷이라든지 오십 플라스포털이라든지 어 사회 서비스망이라든지 등 어 직업 상담 전직 상담 생애 설계 상담을 위해서 어 대면 상담가나 전화 상담자들에게 지속적인 정보 제공을 위해서 검색을 주로 하는 편입니다. 그 정보 제공을 하기 위해서 많은 정보를 찾으려면 검색을 통해서가 제일 큰 건데요. 사회복지 파트의 검색은 어 제 상담 업무를 하는 데에도 가장 중요한 업무 중에 하나로 하고 있습니다. 이 업무를 통해서 이 인터넷 검색을 통해서 그리고 그 인쇄적 검색으로 찾은 정보들을 정해 통해서 저희 상담자들에게 올바르고 신속하고 어 맞춤에 가까운 취업 창업 직업 정보 그리고 전직 정보를 알려드리는 데 큰 역할을 하고 있다고 생각합니다.","wordCount":103},"emotion":[],"intent":[{"text":"","expression":"","category":"attitude"}],"summary":{"text":"상담 업무로 검색은 거의 워크넷, 오십 플라스포털, 사회 서비스망 등 어 대면 상담가나 전화 상담자들에게 정보 제공을 위해 주로 검색을 합니다. 사회복지 파트의 검색은 상담 업무에서도 중요한 업무 중 하나며, 상담자들에게 취업 창업 직업 전직 정보를 알려줍니다.","wordCount":37}}},"rawDataInfo":{"question":{"fileFormat":"wav","fileSize":588558,"duration":18390,"samplingBit":16,"channelCount":1,"samplingRate":"16kHz","audioPath":"/Mock/03.PublicService/Female/Experienced/ckmk_q_ps_f_e_245290.wav"},"answer":{"fileFormat":"wav","fileSize":2320398,"duration":72510,"samplingBit":16,"channelCount":1,"samplingRate":"16kHz","audioPath":"/Mock/03.PublicService/Female/Experienced/ckmk_a_ps_f_e_245290.wav"}}}