{"version":"1.0","dataSet":{"info":{"date":"20230116","occupation":"PS","channel":"MOCK","place":"ONLINE","gender":"FEMALE","ageRange":"55-","experience":"EXPERIENCED"},"question":{"raw":{"text":"남을 잘 이끄는 리더형과 남을 잘 따르는 팔로워 형이 있습니다 그렇다면 본인은 어떤 유형인지 말씀해 주시고 이유와 함께 설명해 주시기 바랍니다","wordCount":21},"emotion":[],"intent":[]},"answer":{"raw":{"text":"저는 남을 잘 이끄는 리더라기보다는 어 팔로우형 참모형이라고 생각하고 있습니다. 제가 엠비티아이 검사 열 여섯 가지 유형 검사를 해 본 결과에 따르면 저는 아이에스에프피형입니다. 그 대부분의 이 형의 사람들은 어 배려심이 많고 인간적이고 긍정적이며 모든 일을 솔선수범해서 어 커뮤니케이션을 잘하고 모든 일을 앞장서서 해 나가려는 그런 유형입니다. 그러므로 제가 하는 일이 여태 온 일도 마찬가지이지만 참모형 역할을 하여 아이디어를 내고 어 현재 상황에 처해있는 어려움을 잘 대처해 나가면서 어 같은 회원이나 직원들과의 소통이나 어 커뮤니케이션을 능숙하게 끌어나가서 리더에게 모자람이 없는 참모의 역할을 해 온 것이라고 하겠습니다.","wordCount":86},"emotion":[],"intent":[{"text":"저는 남을 잘 이끄는 리더라기보다는 어 팔로우형 참모형이라고 생각하고 있습니다.","expression":"c_person","category":"background"}],"summary":{"text":"저는 상대를 잘 이끄는 리더라기보다는 팔로우형 참모형이라고 생각합니다. 아이에스에프피형은 배려심이 많고 인간적이고 긍정적이며 모든 일을 솔선수범해서 커뮤니케이션을 잘하고 모든 일을 앞장서서 해 나가려는 유형입니다.","wordCount":24}}},"rawDataInfo":{"question":{"fileFormat":"wav","fileSize":533838,"duration":16680,"samplingBit":16,"channelCount":1,"samplingRate":"16kHz","audioPath":"/Mock/03.PublicService/Female/Experienced/ckmk_q_ps_f_e_240107.wav"},"answer":{"fileFormat":"wav","fileSize":2204878,"duration":68900,"samplingBit":16,"channelCount":1,"samplingRate":"16kHz","audioPath":"/Mock/03.PublicService/Female/Experienced/ckmk_a_ps_f_e_240107.wav"}}}