{"version":"1.0","dataSet":{"info":{"date":"20230116","occupation":"PS","channel":"MOCK","place":"ONLINE","gender":"FEMALE","ageRange":"45-54","experience":"EXPERIENCED"},"question":{"raw":{"text":"지원자님께서는 과거 고객의 불만이나 고객을 클레임에 해결하신 경험이 있으시다면 당시에 어떤 방식으로 대처하셨는지 말씀해 주시기 바랍니다","wordCount":16},"emotion":[],"intent":[]},"answer":{"raw":{"text":"서비스 직종이나 그런 것들 서비스 업무를 담당하다 보면 고객들이 불만이 있는 부분이 있습니다. 그런데 불만이나 클레임을 가만히 들여다보면 그 고객에 어 어떤 독특한 것과 관계될 수도 있구 정말 회사가 고쳐야 될 그 서비스에 품질 향상이 필요한 부분이기도 합니다. 어쨌든 그것이 받아들여지던 받아들여지지 않던 일단 그 고객에 저희가 서비스업을 담당하는 사람들이다 보니 그런 회사이다 보니 어 고객의 불만이나 클레임을 그냥 긍정적으로 왜 그럴 수밖에 없는지 고객의 입장에서 생각해 주고 들어주고 인정해 주는 것이 고객의 클레임의 상당 부분을 해결할 수 있는 부분이라는 경험을 했습니다. 일단 인정해 주고 아 그럴 수 있겠다 그 부분이 힘들 수 있겠다 아 충분히 이해가 된다 라는 어떤 긍정적인 반응만을 가지고도 이미 고객은 아 이 회사가 나의 어떤 불만이나 클레임을 해결할 의지를 갖고 있구나 라는 그런 긍정적인 어 포인트를 잡게 됩니다. 그리고 나면 그 이후에 그 어 제스처만 취할 것이 아니라 실지루 그 불만이 어떤 부분에서 표출되는지 자세히 보고 그리고 그것들을 공론화해서 그러한 불만들이 정말 해소되어야 된다는 어 평가가 되면 그걸 신속히 개선하는 것까지 이루어져야겠습니다. 그래서 그런 대처를 해서 좋은 평가를 받았습니다.","wordCount":164},"emotion":[{"text":"그래서 그런 대처를 해서 좋은 평가를 받았습니다.","expression":"p-achievement","category":"positive"}],"intent":[{"text":"","expression":"","category":"attitude"}],"summary":{"text":"서비스 업무를 담당하다 보면 고객의 불만이나 클레임을 긍정적으로 이해해 주는 것이 클레임의 상당 부분을 해결할 수 있다는 경험을 했습니다. 그리고 나서 그 이후에 제스처만 취할 것이 아니라 그 불만이 어떤 부분에서 표출되는지 자세히 보고 그것이 해소되어야 된다는 평가를 받으면 신속히 개선하는 것까지 이루어져야겠습니다. 그래서 좋은 평가를 받았습니다.","wordCount":47}}},"rawDataInfo":{"question":{"fileFormat":"wav","fileSize":654798,"duration":20460,"samplingBit":16,"channelCount":1,"samplingRate":"16kHz","audioPath":"/Mock/03.PublicService/Female/Experienced/ckmk_q_ps_f_e_189818.wav"},"answer":{"fileFormat":"wav","fileSize":2852558,"duration":89140,"samplingBit":16,"channelCount":1,"samplingRate":"16kHz","audioPath":"/Mock/03.PublicService/Female/Experienced/ckmk_a_ps_f_e_189818.wav"}}}