{"version":"1.0","dataSet":{"info":{"date":"20230116","occupation":"PS","channel":"MOCK","place":"ONLINE","gender":"FEMALE","ageRange":"-34","experience":"EXPERIENCED"},"question":{"raw":{"text":"이런 생각을 해보셨나요 면접자분 수익과 사회 공헌 중 무엇이 가장 중요하다고 생각하신 적이 있으신가요","wordCount":14},"emotion":[],"intent":[]},"answer":{"raw":{"text":"어 저는 어 수익이 더 중요하다고 생각을 합니다. 왜냐하면 수익이 없다면 사회 공헌을 할 수 없기 때문입니다. 사실 기업의 존재 가치 존재 이유 자체가 수익 창출이기 때문에 어 당연히 수익이 가장 중요한 가치라고 생각을 하구요. 물론 어 발생된 수익을 가지고 사회 공원을 실현할 수 있다고 하면 더 좋겠지만 사실 어 기업에서 어떤 별도의 사회공원을 하 사회공헌 활동을 하지 않는다고 하더라도 어 사실 회사가 회사 자체가 지역사회 일자리 창출이나 세금 납부 등 어 기여하고 있는바가 이미 있기 때문에 어 수익 실현을 위해서 어 위법되지 않는 선에서 기업이 수익 활동을 위해 최선을 다한다는 것 자체가 일정 부분 이미 사회 공헌을 하고 있기 있다고 생각하기 때문에 음 물론 별도의 사회공헌 활동을 더 한다고 하면 좋겠지만 어 그보다는 수익창줄이 어 회사에 있어서는 더 중요한 가치라고 생각을 합니다.","wordCount":123},"emotion":[{"text":"물론 어   발생된 수익을 가지고 사회 공원을 실현할 수 있다고 하면 더 좋겠지만 사실 어   기업에서 어떤 별도의 사회공원을 하 사회공헌 활동을 하지 않는다고 하더라도 어 사실   회사가 회사 자체가 지역사회 일자리 창출이나 세금 납부 등 어 기여하고 있는바가 이미 있기 때문에 어 수익 실현을 위해서   어 위법되지 않는 선에서 기업이 수익 활동을 위해 최선을 다한다는 것 자체가 일정 부분 이미 사회 공헌을 하고 있기   있다고 생각하기 때문에 음 물론 별도의 사회공헌 활동을 더 한다고 하면 좋겠지만 어 그보다는   수익창줄이 어 회사에 있어서는 더 중요한 가치라고 생각을 합니다.","expression":"u-belief","category":"neutral"}],"intent":[{"text":"","expression":"","category":"attitude"}],"summary":{"text":"기업의 존재 이유 자체가 수익 창출이기 때문에 수익이 가장 중요한 가치라고 생각하며, 수익창줄이 회사에 있어서는 더 중요한 가치라 생각합니다. 수익 없이는 사회 공헌이 어렵기 때문입니다.","wordCount":25}}},"rawDataInfo":{"question":{"fileFormat":"wav","fileSize":312718,"duration":9770,"samplingBit":16,"channelCount":1,"samplingRate":"16kHz","audioPath":"/Mock/03.PublicService/Female/Experienced/ckmk_q_ps_f_e_190178.wav"},"answer":{"fileFormat":"wav","fileSize":2040078,"duration":63750,"samplingBit":16,"channelCount":1,"samplingRate":"16kHz","audioPath":"/Mock/03.PublicService/Female/Experienced/ckmk_a_ps_f_e_190178.wav"}}}