{"version":"1.0","dataSet":{"info":{"date":"20230116","occupation":"PS","channel":"MOCK","place":"ONLINE","gender":"FEMALE","ageRange":"45-54","experience":"EXPERIENCED"},"question":{"raw":{"text":"어 지원자님께서 지금까지 협업을 하면서 가장 어려웠던 점을 말씀해 주시길 바랍니다 그리고 해당 어려움을 어떻게 극복하셨는지도 어 함께 말씀해 주세요","wordCount":20},"emotion":[],"intent":[]},"answer":{"raw":{"text":"협업에서 가장 어려운 것은 의사소통이 제대로 되지 않아서 그 부족한 커뮤니케이션과 의사소통으로 인해서 서로 오해가 생기거나 서로 어 충분히 정보를 공유하지 않아서 일에 진행에 어 속도나 진행 사항에 차질이 생기는 경우가 있었을 때의 그런 혼란스러움 그것이 협업에서 가장 어려운 일이었던 것 같습니다. 어 중간 중간 과정에서 체크를 하고 서로 의견의 불일치가 있더라도 그 의견의 분일치를 조정하기 위해서 끊임없이 계속된 어떤 음 대화와 의사소통 시간을 어 지속적으로 시스템 안에 구축해서 어 수시로 대화하고 수시로 커뮤니케이션하여서 어 그 일에 오해나 아니면 일에 차질이 있을 만한 어떤 요소들을 제거해 나가는 것으로 그 일을 타결해 나가는 방법 밖에는 없었습니다. 결국은 어 어 충분한 의사소통이 되지 않았기 때문에 있었던 문제는 다시 충분한 의사소통을 통해서 어 서로 이해하고 인식하고 받아들이고 해결하고 그리고 어 다시 개선하고 이렇게 해결해 나갔던 것으로 기억합니다.","wordCount":124},"emotion":[],"intent":[{"text":"결국은 어 어 충분한 의사소통이 되지 않았기 때문에 있었던 문제는 다시 충분한 의사소통을 통해서 어 서로 이해하고 인식하고 받아들이고 해결하고 그리고 어 다시 개선하고 이렇게 해결해 나갔던 것으로 기억합니다.","expression":"c_confl_mg","category":"personality"}],"summary":{"text":"협업에서 가장 어려운 것은 의사소통이 제대로 되지 않아 오해가 생기거나 정보 공유가 되지 않아 진행 사항에 차질이 생기는 경우의 혼란스러움이었습니다. 의견의 불일치를 조정하기 위해 지속적으로 소통하여 오해나 차질 요소들을 제거해 나가는 것으로 일을 타결해 나가야 했습니다.","wordCount":36}}},"rawDataInfo":{"question":{"fileFormat":"wav","fileSize":474638,"duration":14830,"samplingBit":16,"channelCount":1,"samplingRate":"16kHz","audioPath":"/Mock/03.PublicService/Female/Experienced/ckmk_q_ps_f_e_209035.wav"},"answer":{"fileFormat":"wav","fileSize":2739278,"duration":85600,"samplingBit":16,"channelCount":1,"samplingRate":"16kHz","audioPath":"/Mock/03.PublicService/Female/Experienced/ckmk_a_ps_f_e_209035.wav"}}}