{"version":"1.0","dataSet":{"info":{"date":"20230116","occupation":"PS","channel":"MOCK","place":"ONLINE","gender":"FEMALE","ageRange":"35-44","experience":"EXPERIENCED"},"question":{"raw":{"text":"면접자님께서는 만약에 지금 지원하신 이 직무가 아닌 타 부서에 배치가 되신다면 어떻게 하실 생각이신가요 그래도 괜찮으신지 궁금합니다","wordCount":17},"emotion":[],"intent":[]},"answer":{"raw":{"text":"어 앞에서도 이제 이야기를 했었는데 지금 지원 했던 이 직무가 아닌 다른 부서에 배치가 되면 처음에는 좀 많이 당황할 거 같아요. 그런데 어 그 사회와 또한 그 어떤 모든 생활에 있어서 세상이 제정신으로 돌아가는 건 아니기 때문에 아 제가 하고 싶은 일 내가 원하는 것만을 할 수가 없잖아요. 근데 이제 어 또 주어진 대로 또 나아가다 보면 그것이 또 제 인생에 어 예상치 못한 도움을 줄 때가 있더라구요. 예 그게 바로 이제 역설인 것 같애요. 그런 부분을 좀 많이 경험을 했었기 때문에 어 그것들을 이제 교훈 삼아 어 다른 부서에 배치가 되더라도 어 저는 일단 음 인정하고 그리고 어 다시 그 부서에서 일을 배우면서 또 할 것입니다. 네.","wordCount":108},"emotion":[],"intent":[{"text":"","expression":"","category":"attitude"}],"summary":{"text":"다른 부서에 배치가 되면 처음에는 당황할 거 같은데, 제가 원하는 것 만을 할 수는 없다고 생각하고, 또 주어진 대로 나아가다 보면 예상치 못한 도움이 될 때가 있습니다. 다른 부서에 배치가 되더라도 일을 배울 것입니다.","wordCount":34}}},"rawDataInfo":{"question":{"fileFormat":"wav","fileSize":565198,"duration":17660,"samplingBit":16,"channelCount":1,"samplingRate":"16kHz","audioPath":"/Mock/03.PublicService/Female/Experienced/ckmk_q_ps_f_e_193200.wav"},"answer":{"fileFormat":"wav","fileSize":2215758,"duration":69240,"samplingBit":16,"channelCount":1,"samplingRate":"16kHz","audioPath":"/Mock/03.PublicService/Female/Experienced/ckmk_a_ps_f_e_193200.wav"}}}