{"version":"1.0","dataSet":{"info":{"date":"20230116","occupation":"PS","channel":"MOCK","place":"ONLINE","gender":"FEMALE","ageRange":"35-44","experience":"EXPERIENCED"},"question":{"raw":{"text":"지원자는 역사 속 인물 중 누구를 가장 존경하나요 그 인물을 존경하는 이유는 무엇인가요","wordCount":13},"emotion":[],"intent":[]},"answer":{"raw":{"text":"어 저는 역사 속에서 가장 존경하는 인물을 이야기를 하자면 한 명은 세종대왕이라고 생각을 합니다. 왜냐하면 그 사람들이 어 한글을 알지 못해서 관리들의 어 부정한 청탁과 어 부정부패에도 잘 알지 못해서 어 그것들을 당하고만 있고 또 어 그런 사상 어 잘못된 사상을 가지고 정치를 하는 사람들에게 어 글을 읽지 못해서 당하고 있었는데 어 세종대왕이 한글을 만들고 나서 어 다른 사람 어 서민들이 어 문화 의식이 어 올라가고 어 그런 학문의 공부를 하면서 사람들의 어 지식 수준이 높아져서 어 사회 자체가 변화하는 것을 어 많이 보았기 때문입니다. 그래서 요즘은 한글이라는 어 한글이 어 다른 언어에 비해서 정말 과학적이고 배우기 쉽고 또 그런 과학적인 언어라는 것을 많이 알려지게 되었고 한국 문화에 대해서 알려지게 되어서 한글을 배우는 사람들이 많은데 한글은 어 형용사를 자신의 감정이나 그런 사물에 대해서 표현하는 것에 대해서 정말 다채롭고 어 한국의 한국어에서만 있는 그런 감정 표현들을 외국어로는 표현할 수 없는 예를 들어 정이라든지 그런 맛에 대한 표현들을 어 찾기가 어렵기 때문에 그것들이 정말 다양하고 아름다운 언어라고 생각을 합니다. 그래서 그 사람들의 감정을 한국 사람들의 감정을 많이 어 표현을 할 수 있기 때문입니다.","wordCount":171},"emotion":[{"text":"어 저는 역사 속에서 가장 존경하는 인물을 이야기를 하자면 한 명은 세종대왕이라고 생각을 합니다.","expression":"p-affection","category":"positive"}],"intent":[{"text":"","expression":"","category":"attitude"}],"summary":{"text":"역사 속에서 가장 존경받는 인물은 세종대왕입니다. 세종대왕이 한글을 만든 후 서민의 문화 의식과 지식 수준이 높아져 사회가 변화하는 것을 많이 보았기 때문입니다. 한글은 과학적이고 배우기 쉬우며 한국 문화에 알려지게 되어 한글을 배우는 사람들이 많은데 한글은 형용사를 자신의 감정이나 사물에 대한 표현에 대해 다채롭고 한국의 한국어에서만 있는 감정 표현들을 찾기 어렵기 때문에 다양하고 아름다운 언어라고 생각합니다.","wordCount":55}}},"rawDataInfo":{"question":{"fileFormat":"wav","fileSize":293198,"duration":9160,"samplingBit":16,"channelCount":1,"samplingRate":"16kHz","audioPath":"/Mock/03.PublicService/Female/Experienced/ckmk_q_ps_f_e_241367.wav"},"answer":{"fileFormat":"wav","fileSize":3864718,"duration":120770,"samplingBit":16,"channelCount":1,"samplingRate":"16kHz","audioPath":"/Mock/03.PublicService/Female/Experienced/ckmk_a_ps_f_e_241367.wav"}}}