{"version":"1.0","dataSet":{"info":{"date":"20230116","occupation":"PS","channel":"MOCK","place":"ONLINE","gender":"FEMALE","ageRange":"35-44","experience":"EXPERIENCED"},"question":{"raw":{"text":"지원자님께서는 본인이 교번 근무에 잘 적응할 수 있다고 생각하시나요 교번 근무는 어렵습니다 그러면 잘 적응할 수 있다고 생각되면 그 근거도 말씀해 주세요","wordCount":22},"emotion":[],"intent":[]},"answer":{"raw":{"text":"어 저는 교번 근무가 어렵고 또 체력이 많이 어 드는 운동 그런 근무지만 어 제가 짬짬이 어 어 쉬는 시간과 또 휴 휴무 시간에 쉬는 날에 잠을 보충하도록 제가 노력을 하겠습니다. 음 몸이 어 생활을 패턴에 적응을 하는데 이 주 정도가 걸린다고 하는데 제가 그 일이 처음에는 적응이 잘 되지 않겠지만 어 몸이 적응을 해서 그 패턴에 적응할 수 있는 몸을 만들 수 있다고 생각을 합니다. 그리고 저는 휴무에도 하루씩 일을 해야 되는데 연휴에도 어 제가 제 어 남편이 항상 휴무에도 하루 정도는 일을 하는 직업이기 때문에 어 연휴에도 항상 어 사 박 오 일 쉬면 삼 박 사 일 만 어 여행을 하고 그 국 어 직장에 나가는 생활을 어 계속해서 했기 때문에 그것에 대한 불만이 없고 어 적응할 수 있다고 적응을 잘 했고 어 저도 그것에 적응을 잘 할 수 있을 거라고 생각을 합니다. 그리고 저는 어 운동을 어 짬짬이 해서 너무 체력이 떨어지지 않고 망가지지 않도록 노력을 해서 어 최대한 할 수 있는 어 한도 안에서 몸이 너무 힘들지 않고 너무 처져서 지치지 않도록 운동 시간을 주 이 회나 삼 회 정도 그래서 아 혹은 일을 하면서 뭐 시간이 없다면 뭐 십 분이라도 운동을 해서 스트레칭이나 운동을 해서 몸을 풀도록 노력을 하겠습니다. 그래서 저는 어려운 환경이지만 그것들을 잘 적응할 수 있다고 생각을 합니다.","wordCount":206},"emotion":[],"intent":[{"text":"","expression":"","category":"attitude"}],"summary":{"text":"교번 근무가 어렵고 체력도 많이 드는 운동 근무지만 제가 휴무 시간과 쉬는 날에 잠을 보충하도록 노력을 하겠습니다. 몸이 적응을 해서 그 패턴에 적응할 수 있는 몸을 만들 수 있을 것이라고 생각합니다. 그리고 운동을 해서 몸이 지치지 않도록 노력하겠습니다.","wordCount":38}}},"rawDataInfo":{"question":{"fileFormat":"wav","fileSize":602638,"duration":18830,"samplingBit":16,"channelCount":1,"samplingRate":"16kHz","audioPath":"/Mock/03.PublicService/Female/Experienced/ckmk_q_ps_f_e_241718.wav"},"answer":{"fileFormat":"wav","fileSize":3825678,"duration":119550,"samplingBit":16,"channelCount":1,"samplingRate":"16kHz","audioPath":"/Mock/03.PublicService/Female/Experienced/ckmk_a_ps_f_e_241718.wav"}}}