{"version":"1.0","dataSet":{"info":{"date":"20230116","occupation":"PS","channel":"MOCK","place":"ONLINE","gender":"FEMALE","ageRange":"35-44","experience":"EXPERIENCED"},"question":{"raw":{"text":"지금까지 살아오시면서 가장 힘들었던 경험은 어떤 건지 저에게 말씀해 주시구요 그것을 어떻게 극복하셨는지도 저에게 어 들려주시기 바랍니다","wordCount":17},"emotion":[],"intent":[]},"answer":{"raw":{"text":"제가 지금까지 살아오면서 가장 힘들었던 경험은 무엇인지 또 그것을 어떻게 극복을 했는지에 대해서 이야기를 하자면 제가 어 이 삼십 대에 어 꿈을 찾지 못하고 제가 원하는 어 분야를 어 업무 분야를 선택을 하지 못해서 제가 많은 힘들었던 경험이 있는데 어 그때 어 부모님께서 이제 어 많이 도움을 주셨는데 제가 아이들을 좋아한다고 생각을 해서 어 아이들이 아이들과 관련된 그런 유치원 교사가 어떤 어떠냐고 제안을 하셔서 그쪽으로 관심을 많이 돌리게 되어서 생각을 할 수 있게 되었습니다. 그렇게 되면서 제가 어 힘든 과정 중에 부모님과 또 의미가 음 뉴질랜드에서 어 아시는 곳에서 뉴질랜드 아시는 집에 가서 영어 공부를 하는 것이 어떻냐고 물어보아서 뭐 그곳에서 공부를 하면서 제 길을 찾을 수 있었고 그 곳에서 영어 교육이라는 것을 제가 좋아한다는 것을 발견을 하게 되고 그렇게 되면서 어 제가 그 과정 속에서 어 재미있는 것을 발견을 하고 그 후에 제가 스스로 어 뉴즈랜드 와 또 미국으로 스스로 어 어학연수를 가고 어 어 학교에서 일을 할 수 있는 기회가 우연히 주어지게 되어서 어 제가 적성을 찾게 되면서 제가 할 수 있는 자 할 수 있고 재미있게 일을 할 수 있는 일들을 찾을 수 있게 되어서 보람이 많이 있는 시간이었습니다.","wordCount":182},"emotion":[],"intent":[{"text":"","expression":"","category":"attitude"}],"summary":{"text":"업무 분야를 선택하지 못해 힘들었던 경험에 대해 이야기 하자면, 제가 아이들을 좋아한다고 생각을 해서 유치원 교사의 제안을 받았습니다. 그쪽으로 관심을 돌리게 되어 생각을 할 수 있게 되었고, 뉴질랜드에서 영어 공부를 하다 영어 교육을 좋아하는 것을 발견하게 되었습니다. 이후 미국 어학연수를 가면서 적성을 찾고 재미있게 일을 할 수 있는 일들을 찾았습니다.","wordCount":50}}},"rawDataInfo":{"question":{"fileFormat":"wav","fileSize":526158,"duration":16440,"samplingBit":16,"channelCount":1,"samplingRate":"16kHz","audioPath":"/Mock/03.PublicService/Female/Experienced/ckmk_q_ps_f_e_233328.wav"},"answer":{"fileFormat":"wav","fileSize":3618638,"duration":113080,"samplingBit":16,"channelCount":1,"samplingRate":"16kHz","audioPath":"/Mock/03.PublicService/Female/Experienced/ckmk_a_ps_f_e_233328.wav"}}}