{"version":"1.0","dataSet":{"info":{"date":"20230116","occupation":"PS","channel":"MOCK","place":"ONLINE","gender":"FEMALE","ageRange":"-34","experience":"EXPERIENCED"},"question":{"raw":{"text":"만약에 지원자님께서 이 면접에서 최종 탈락을 하신다면 본인이 어떤 점이 불 부족해서 탈락했다고 생각을 하십니까 아 생각나시는 대로 답변 부탁드리겠습니다","wordCount":20},"emotion":[],"intent":[]},"answer":{"raw":{"text":"제가 이 면접에서 최종 탈락을 한다면 우선 질문을 잘못 이해한 게 있었나 라고 생각을 해 볼 것 같습니다. 굉장히 많은 질문들을 저에게 해주셨고 제가 답변을 했지만 사람들의 생각은 다 다를 수 있고 저는 느끼지 못했지만 저의 생각이 조금은 닫혀 있는 부적합한 게 있었기 때문에 탈락을 했나 라는 생각이 들 것 같습니다. 아니면은 저의 단어 선택이라든지 아니면은 말이 조금 빨랐나 이런 생각도 할 것 같구요. 하지만 가장 큰 생각으로는 아 나보다 조금 더 잘 보는 사람이 있었구나 이런 식으로 긍정적으로 생각할 것 같습니다.","wordCount":82},"emotion":[],"intent":[{"text":"","expression":"","category":"attitude"}],"summary":{"text":"이 면접에서 최종 탈락한다면 질문을 잘못 이해한 게 있었나 라는 생각을 해 볼 것 같습니다. 하지만 가장 큰 생각으로는 아 보다 조금 더 잘 보는 사람이 있었구나 하는 식으로 긍정적으로 생각할 것 같아 생각합니다.","wordCount":34}}},"rawDataInfo":{"question":{"fileFormat":"wav","fileSize":504398,"duration":15760,"samplingBit":16,"channelCount":1,"samplingRate":"16kHz","audioPath":"/Mock/03.PublicService/Female/Experienced/ckmk_q_ps_f_e_195854.wav"},"answer":{"fileFormat":"wav","fileSize":1350158,"duration":42190,"samplingBit":16,"channelCount":1,"samplingRate":"16kHz","audioPath":"/Mock/03.PublicService/Female/Experienced/ckmk_a_ps_f_e_195854.wav"}}}