{"version":"1.0","dataSet":{"info":{"date":"20230116","occupation":"PS","channel":"MOCK","place":"ONLINE","gender":"FEMALE","ageRange":"35-44","experience":"EXPERIENCED"},"question":{"raw":{"text":"지원자님이 생각하시기에 한 공동체라는 가치에 입각해서 무형 문화유산을 보호함에 있어서 적용되는 사회적 관념들은 무엇이 있다고 생각하시는지 저희는 알고 싶습니다","wordCount":19},"emotion":[],"intent":[]},"answer":{"raw":{"text":"사실 이제 무형 문화재라는 게 무형 문화 문화재라 하면 사회적 관념 뭐가 있을까 생각을 해봤을 때 어 사실 무형 문화들은 되게 관념적이잖아요. 관념적이고 이렇게 이제 잘 보존하는 게 사실 좀 어려운 부분도 있죠. 뭔가 뭐 아이디어를 내고 바로 창작해서 그거를 증명할 수 있고 그런 부분은 사실 아니기 때문에 어 보호 가능한 저작물로 좀 진행을 하기 어려운 부분이 있지 않을까. 아무래도 표현에도 제한이 있고 그리고 이 저작자를 특정하기가 어려운 부분이 있기 때문에 음 그런 어려운 부분도 있지만 그러나 또 어 이런 부분들을 또 잘 보완해서 어 한다면 어 이 사회적 가치가 또한 너무 좋게 나올 수 있지 않을까. 네 저는 그렇게 생각을 합니다.","wordCount":102},"emotion":[],"intent":[{"text":"","expression":"","category":"attitude"}],"summary":{"text":"무형 문화는 창작이나 증명이 어렵기 때문에 보호 가능한 저작물로 진행을 하기 어려운 부분이 있습니다. 하지만 표현에 제한이 있고 저작자를 특정하기가 어렵기 때문에 보완한다면 사회적 가치가 좋게 나올 수 있다고 생각합니다.","wordCount":30}}},"rawDataInfo":{"question":{"fileFormat":"wav","fileSize":590158,"duration":18440,"samplingBit":16,"channelCount":1,"samplingRate":"16kHz","audioPath":"/Mock/03.PublicService/Female/Experienced/ckmk_q_ps_f_e_193201.wav"},"answer":{"fileFormat":"wav","fileSize":2413518,"duration":75420,"samplingBit":16,"channelCount":1,"samplingRate":"16kHz","audioPath":"/Mock/03.PublicService/Female/Experienced/ckmk_a_ps_f_e_193201.wav"}}}