{"version":"1.0","dataSet":{"info":{"date":"20230116","occupation":"PS","channel":"MOCK","place":"ONLINE","gender":"FEMALE","ageRange":"55-","experience":"EXPERIENCED"},"question":{"raw":{"text":"공사와 공단의 차이가 무엇인지 알고 계신가요 차이점을 최대한 자세하게 설명해 주시기 바랍니다","wordCount":12},"emotion":[],"intent":[]},"answer":{"raw":{"text":"저는 일단 두 가지의 공통적인 부분은 사회적인 공공 복리를 위해서 국가에서 직접 투자를 하거나 아니면 직간접적으로 경영을 하는 그런 기업으로 알고 있습니다. 다만 공기업 같은 경우에는 공공 복리를 위해서 직접 운영하는 곳을 의미하고 공단은 그 규모가 더 작은 규모로서 경영 그리고 관리하는 그런 법인 같은 곳이라고 저는 알고 있습니다.","wordCount":49},"emotion":[],"intent":[{"text":"","expression":"","category":"attitude"}],"summary":{"text":"공기업은 공공 복리를 위해서 직접 운영하는 곳, 공단은 더 작은 규모로서 경영 그리고 관리하는 법인 같은 곳이라고 알고 있습니다. 이는 공통적인 부분입니다.","wordCount":22}}},"rawDataInfo":{"question":{"fileFormat":"wav","fileSize":307278,"duration":9600,"samplingBit":16,"channelCount":1,"samplingRate":"16kHz","audioPath":"/Mock/03.PublicService/Female/Experienced/ckmk_q_ps_f_e_239373.wav"},"answer":{"fileFormat":"wav","fileSize":1619278,"duration":50600,"samplingBit":16,"channelCount":1,"samplingRate":"16kHz","audioPath":"/Mock/03.PublicService/Female/Experienced/ckmk_a_ps_f_e_239373.wav"}}}