{"version":"1.0","dataSet":{"info":{"date":"20230116","occupation":"PS","channel":"MOCK","place":"ONLINE","gender":"FEMALE","ageRange":"35-44","experience":"EXPERIENCED"},"question":{"raw":{"text":"지원자님이 협업을 하실 때 사교성이 좋은 편이신지 궁금한데요 또한 지원자님이 사교성을 키우기 위해서 다른 어떠한 노력을 하셨는지 그것도 함께 같이 말씀 부탁드립니다","wordCount":22},"emotion":[],"intent":[]},"answer":{"raw":{"text":"저는 사교성이 그렇게 좋은 편은 아니에요. 외향적이지도 않고 그리고 또 이렇게 사람은 엄청 좋아하거나 예 그런 편은 아니고 그냥 혼자 조용히 있는 걸 좀 좋아하는 편 좋아하는데 음 그래도 이제 협업을 할 때에는 이 공개성이 엄청 중요하잖아요. 그래서 그럴 때는 이제 어 제가 항상 써왔던 이제 저의 이제 방법은 어 제 상대에게 저에 대해서 이제 이야기하고 소개할 때 어 제가 이제 저의 이제 그런 단점 저의 또 연약한 부분 그런 것들은 먼저 이제 진솔하게 이제 이야기를 하고 그다음 어 앞서서 막 나서기는 어렵지만 잘 들어주고 이 존중해주고 의견을 들어서 이제 어 같이 생각하면 나아갈 수 있고 있는 점 이제 그런 점들을 얘기해 주고 그렇게 하다 보니 어 엄청 이렇게 아 막 업되는 그런 분위기는 아니더라도 어 차근하게 또 그리고 어 안정감 있게 그렇게 협업이 진행이 되었어요. 저는 그런 노력을 했습니다.","wordCount":130},"emotion":[],"intent":[{"text":"저는 사교성이 그렇게 좋은 편은 아니에요.","expression":"c_person","category":"background"},{"text":"외향적이지도 않고 그리고   또 이렇게 사람은 엄청 좋아하거나 예 그런 편은 아니고 그냥 혼자 조용히 있는 걸 좀 좋아하는 편 좋아하는데   음 그래도 이제 협업을 할 때에는 이 공개성이 엄청 중요하잖아요.","expression":"c_cop","category":"personality"}],"summary":{"text":"협업할 때에는 공개성이 중요하기 때문에 저에 대해 이야기하며 단점과 연약한 부분을 이야기를 하고, 의견을 듣고 같이 나아갈 수 있는 점들을 얘기를 하며 진행하다 보니 차근하고 안정감 있게 협업이 진행되었습니다.","wordCount":29}}},"rawDataInfo":{"question":{"fileFormat":"wav","fileSize":601038,"duration":18780,"samplingBit":16,"channelCount":1,"samplingRate":"16kHz","audioPath":"/Mock/03.PublicService/Female/Experienced/ckmk_q_ps_f_e_193197.wav"},"answer":{"fileFormat":"wav","fileSize":2743758,"duration":85740,"samplingBit":16,"channelCount":1,"samplingRate":"16kHz","audioPath":"/Mock/03.PublicService/Female/Experienced/ckmk_a_ps_f_e_193197.wav"}}}