{"version":"1.0","dataSet":{"info":{"date":"20230116","occupation":"PS","channel":"MOCK","place":"ONLINE","gender":"FEMALE","ageRange":"-34","experience":"EXPERIENCED"},"question":{"raw":{"text":"스터디를 따로 진행하고 계신 것이 있습니까 있다면 어떤 공부를 왜 하고 있는지 함께 말씀 부탁드립니다","wordCount":15},"emotion":[],"intent":[]},"answer":{"raw":{"text":"아 제가 요즘에 진행하고 있는 스터디가 있는데 그 산전 산후를 진행을 하고 있어요. 그래서 그것도 자격증을 별도로 따는 게 좋기 때문에 그거를 위한 공부인데 어 수업도 듣고 있고 따로 이제 그 스터디도 나가고 있어서 실습적인 부분들을 스터디에서 채워 나가고 있는 것 같애요. 확실히 어 임신하신 분들이 운동을 많이 찾게 되는 경우가 많고 저도 이제 알음알음 저의 노하우에서 바탕으로 해드리긴 하지만 아무래도 그 출산 부분에 관련돼서는 조심스러운 조심스러운 부분들이 항상 있기 때문에 어 제가 작년부터 이거를 좀 전문적으로 공부를 해 봐야겠다 라는 생각이 들어서 시작을 하게 됐습니다. 그 생각보다 제가 그 전에 좀 어 가볍게 겉으로만 공부를 하고 진행했던 거랑 확실히 차원이 달라서 저의 예전에 그것들이 많이 반성이 되기도 하고 또 이 출산에 대해서 되게 저 스스로도 되게 진지하게 생각하고 있는 그런 상태입니다.","wordCount":122},"emotion":[],"intent":[{"text":"","expression":"","category":"attitude"}],"summary":{"text":"산전 산후 전문 스터디에서 자격증 취득을 위한 수업과 실습을 병행하고 있습니다. 임신하시는 분들은 출산을 많이 찾는 경우가 많아서 작년부터 출산 관련 전문적 공부를 시작해보려고 합니다. 예전에 가볍게 공부했던 것들이 반성이 되고 또 출산에 대해 진지하게 생각하고 있는 상태입니다.","wordCount":38}}},"rawDataInfo":{"question":{"fileFormat":"wav","fileSize":333518,"duration":10420,"samplingBit":16,"channelCount":1,"samplingRate":"16kHz","audioPath":"/Mock/03.PublicService/Female/Experienced/ckmk_q_ps_f_e_205357.wav"},"answer":{"fileFormat":"wav","fileSize":2793678,"duration":87300,"samplingBit":16,"channelCount":1,"samplingRate":"16kHz","audioPath":"/Mock/03.PublicService/Female/Experienced/ckmk_a_ps_f_e_205357.wav"}}}