{"version":"1.0","dataSet":{"info":{"date":"20230116","occupation":"PS","channel":"MOCK","place":"ONLINE","gender":"FEMALE","ageRange":"35-44","experience":"EXPERIENCED"},"question":{"raw":{"text":"지금까지 살아오면서 새로운 환경에서 전혀 몰랐던 일을 맡아서 직접 수행했던 경험이 있으신가요 있다면 자세하게 소개해 주세요","wordCount":16},"emotion":[],"intent":[]},"answer":{"raw":{"text":"저는 이십 대 초반에 어 대학을 다니면서 동시에 학원일를 시작했던 거라서 처음엔 사무직 일로 시작을 했다가 학원에서 그때 당시 학원 선생님에게 원장님한테 그 배웠었어요 그 강의를. 그래서 그러면서 자연스럽게 제가 과학 강사를 시작하게 된 건데 어 이케 쭉 일을 해오다가 제가 전에 다녔던 학원이 그 학원 자체에서 자금 문제가 좀 있었어요. 그래서 제가 한 달에 고정적으로 받았던 그런 금액들이 있잖아요 최소로. 그냥 그거조차 다 끊겨버린 거죠. 그래서 갑자기 돈이 없는 거예요. 집에 어떤 생활비도 책임져야 되는데 그런 문제가 생기면서 어 되게 틈틈이 알바를 했던 것 같애요. 주변에 이제 알바를 좀 알아보면서 했는데 제가 이십 대 초반부터 계속 학원 일로 쭉 돈을 벌어왔기 때문에 사실 서비스직 알바를 경험을 한 적이 사실 거의 없었거든요 진짜 짧게 했던 거 빼고는. 그래서 그 돈이 없어서 다시 그런 일을 하러 갔을 때 갑자기 모든 게 다 새롭더라구요. 뭔가 재미가 없었다 고 해야 되나 그냥 제가 수업을 하는 원래 제 일이 더 적성에 맞았던 것 같애요.","wordCount":150},"emotion":[],"intent":[{"text":"","expression":"","category":"attitude"}],"summary":{"text":"학원 강사로 일을 해오다가 학원 자체에서 자금 문제가 있었어요. 그래서 한 달에 고정적으로 받았던 금액들이 끊겨버렸는데, 집에 생활비도 책임져야 되면서 틈틈이 알바를 했습니다. 돈이 없어서 다시 일을 하러 갔을 때 뭔가 재미가 없었고 원래 제 일이 더 적성에 맞았던 것 같습니다.","wordCount":41}}},"rawDataInfo":{"question":{"fileFormat":"wav","fileSize":614478,"duration":19200,"samplingBit":16,"channelCount":1,"samplingRate":"16kHz","audioPath":"/Mock/03.PublicService/Female/Experienced/ckmk_q_ps_f_e_194948.wav"},"answer":{"fileFormat":"wav","fileSize":2830478,"duration":88450,"samplingBit":16,"channelCount":1,"samplingRate":"16kHz","audioPath":"/Mock/03.PublicService/Female/Experienced/ckmk_a_ps_f_e_194948.wav"}}}