{"version":"1.0","dataSet":{"info":{"date":"20230116","occupation":"PS","channel":"MOCK","place":"ONLINE","gender":"FEMALE","ageRange":"35-44","experience":"EXPERIENCED"},"question":{"raw":{"text":"만약 지원자님이 면접에서 탈락하게 된다면 본인이 생각하기엔 어떠한 점이 부족해서라고 피드백 내리실 건가요","wordCount":13},"emotion":[],"intent":[]},"answer":{"raw":{"text":"제가 이 면접에서 탈락할 일은 없어야 하지만 혹시 탈락한다면 어떤 점이 부족해서 탈락했다고 생각하기 보다는 이 회사에서 원하는 인재상과 제가 부합하지 않는다고 생각할 것입니다. 면접관님들의 생각이 다르고 모두의 마음에 부합할 수는 없듯이 저는 이 면접을 위해 많은 시간과 노력을 기울였고 진심을 다해 이 자리에서 이야기하고 있기 때문에 제가 그동안 노력한 것들이 부족했거나 헛수고는 아니라고 생각합니다. 단지 제가 이 회사의 인재상에 부합하도록 제대로 피력하지 못했기 때문에 탈락하지 않았을까 라고 생각은 합니다.","wordCount":70},"emotion":[],"intent":[{"text":"","expression":"","category":"attitude"}],"summary":{"text":"저는 이 면접에서 탈락할 일은 없어야 하지만 혹시 탈락한다면 이 회사에서 원하는 인재상과 제가 부합하지 않는다고 생각할 것입니다. 단지 이 회사의 인재상에 부합하도록 피력하지 못했기 때문에 탈락하지 않으리라 생각합니다.","wordCount":29}}},"rawDataInfo":{"question":{"fileFormat":"wav","fileSize":316238,"duration":9880,"samplingBit":16,"channelCount":1,"samplingRate":"16kHz","audioPath":"/Mock/03.PublicService/Female/Experienced/ckmk_q_ps_f_e_241583.wav"},"answer":{"fileFormat":"wav","fileSize":1577038,"duration":49280,"samplingBit":16,"channelCount":1,"samplingRate":"16kHz","audioPath":"/Mock/03.PublicService/Female/Experienced/ckmk_a_ps_f_e_241583.wav"}}}