{"version":"1.0","dataSet":{"info":{"date":"20230116","occupation":"PS","channel":"MOCK","place":"ONLINE","gender":"FEMALE","ageRange":"55-","experience":"EXPERIENCED"},"question":{"raw":{"text":"이루고 싶은 인생의 목표가 있다면 그것을 왜 이루고 싶은지 그 이유도 같이 말씀해 주시겠어요","wordCount":14},"emotion":[],"intent":[]},"answer":{"raw":{"text":"어렸을 때부터 큰 목표는 없었던 것 같고요. 어렸을 때 목표는 대학교를 제대로 들어가서 판사가 되고 싶었습니다. 그런데 재수를 하게 되어 성적이 부족하니 그 인생의 목표를 이룰 수가 없었는데요. 제가 그 다음으로 하고 싶은 인생의 목표는 어 성우나 아나운서였지만 그것도 또 인생의 목표를 이루지 못했습니다.그래서 또 다른 목표를 세웠습니다. 현재 있는 상황에서 제가 잘 할 수 있는 것을 해 보겠다 하여 어 은행에 들어가게 되었고요. 은행에서의 직장 생활이 굉장히 마음에 흡족했습니다. 그리고 은행을 퇴직하고는 제 이의 인생으로 비영리 소비자 단체에서 근무하면서 사회적 이슈가 되는 소비자들의 인권 보호나 소비자 생활 이런 데 관심을 갖고 목표 달성을 하였습니다. 이제 퇴직하여 제 삼의 목표는 남편과 함께 어 여러 군데 국내와 국외의 성지 순례를 가보고 싶습니다. 여러 가지 여행을 많이 못 해봤기 때문에 앞으로는 여유 있게 남편과 함께 세계 성지 순례를 하려고 합니다.","wordCount":128},"emotion":[{"text":"은행에서의 직장 생활이 굉장히 마음에 흡족했습니다.","expression":"p-happiness","category":"positive"}],"intent":[{"text":"","expression":"","category":"attitude"}],"summary":{"text":"저는 어렸을 때부터 큰 목표는 없었지만, 현재 있는 상황에서 잘 할 수 있는 일을 하겠다는 목표로 은행에 들어갔습니다. 그리고 은행을 퇴직하고는 비영리 소비자 단체에서 근무하면서 사회적 이슈가 되는 소비자들의 인권 보호나 소비자 생활 등에 관심을 갖고 목표 달성을 하였습니다.","wordCount":39}}},"rawDataInfo":{"question":{"fileFormat":"wav","fileSize":270158,"duration":8440,"samplingBit":16,"channelCount":1,"samplingRate":"16kHz","audioPath":"/Mock/03.PublicService/Female/Experienced/ckmk_q_ps_f_e_244732.wav"},"answer":{"fileFormat":"wav","fileSize":2828878,"duration":88400,"samplingBit":16,"channelCount":1,"samplingRate":"16kHz","audioPath":"/Mock/03.PublicService/Female/Experienced/ckmk_a_ps_f_e_244732.wav"}}}