{"version":"1.0","dataSet":{"info":{"date":"20230116","occupation":"PS","channel":"MOCK","place":"ONLINE","gender":"FEMALE","ageRange":"55-","experience":"EXPERIENCED"},"question":{"raw":{"text":"지원자님께서는 그동안 살아오시면서 다른 사람에게 도움을 주신 경험이 있으신가요 만약에 있으시다면 가장 기억에 남았던 일에 대해 말씀해 주시기 바랍니다","wordCount":19},"emotion":[],"intent":[]},"answer":{"raw":{"text":"예 제가 살면서 다른 사람을 도운 경험 중에 가장 기억에 남는 일은 아 제가 여기 서울에 오기 전에 대전에 살 때 아 제가 노인 대학에 교수 일을 한 적이 있습니다. 제가 노인 대학에서 교수를 했을 때 이제 제 담당은 남자반 어르신들이었는데요. 남자반 어르신들이 저는 되게 아 내가 이 반을 할 수 있을까 라는 이 되게 큰 걱정을 하고 들어갔는데 아 저를 되게 기쁜 마음으로 받아 주셨고 그다음에 저를 되게 친절하게 대해 주셨고 그래서 저도 어 그분들한테 받은 게 있으니까 저도 열심히 해야겠다 하면서 그분들한테 저희 친절을 최대한 보여 드렸거든요. 아 그래서 그분들이 어 남자분뿐만 아니라 제가 또 그 어 에어로빅 반을 운영을 했었어요. 에어로빅 반을 운영을 했을 때 그분들이 좀 건강해지도록 그 남자 여자 뿐만 아니라 진짜 열심히 운동하도록 제가 최선을 다해서 가르쳤고 그분들과 함께 아 노인 대학 축제도 나갔었거든요. 그때 한 백 명 가까이 이끌어서 나갔는데 그분들이 제 말을 잘 동조해 주시면서 행사를 한 오 년 간 별 무리 없이 다 같이 행사를 진행할 수 있게 해 주셔서 제가 그분들을 도왔다기보다는 그분들이 저를 도왔다는 생각이 더 많이 듭니다. 그런데 그분들께서는 언제나 어 본인들 도와주셨다고 저한테 매일 감사하다 라고 얘기를 해서 제가 몸들 바를 모른 적이 여러 번 있습니다. 아 저는 작은 일을 했을 뿐인데 그분들께서는 본인들을 도와주셨다고 칭찬을 하시면서 언제나 감사하게 생각하셔서 저도 너무 감사했습니다.","wordCount":206},"emotion":[{"text":"예 제가 살면서 다른 사람을 도운 경험 중에 가장 기억에 남는 일은 아 제가 여기 서울에 오기 전에 대전에 살 때 아 제가 노인 대학에 교수 일을 한 적이 있습니다.","expression":"u-fact","category":"neutral"},{"text":"아 저는 작은 일을 했을 뿐인데 그분들께서는 본인들을 도와주셨다고 칭찬을 하시면서 언제나 감사하게 생각하셔서 저도 너무 감사했습니다.","expression":"p-achievement","category":"positive"}],"intent":[{"text":"제가 노인 대학에서 교수를 했을 때 이제 제 담당은 남자반 어르신들이었는데요.","expression":"c_private","category":"background"}],"summary":{"text":"제가 살면서 다른 사람을 도운 경험 중 가장 인상적인 것은 제가 노인 대학에서 교수를 했을 때 남자반 어르신들이 저에 대해 친절하게 대해 주셔서 제가 에어로빅 반을 운영을 했습니다. 그 분들과 함께 노인 대학 축제도 나갔었는데 제가 그들을 도왔다는 생각이 더 많이 들었습니다. 그런데 그분들이 본인들을 도와주었다고 칭찬하면서 항상 감사하게 생각하셔서 제가 너무 감사했습니다.","wordCount":53}}},"rawDataInfo":{"question":{"fileFormat":"wav","fileSize":576078,"duration":18000,"samplingBit":16,"channelCount":1,"samplingRate":"16kHz","audioPath":"/Mock/03.PublicService/Female/Experienced/ckmk_q_ps_f_e_242399.wav"},"answer":{"fileFormat":"wav","fileSize":3776718,"duration":118020,"samplingBit":16,"channelCount":1,"samplingRate":"16kHz","audioPath":"/Mock/03.PublicService/Female/Experienced/ckmk_a_ps_f_e_242399.wav"}}}