{"version":"1.0","dataSet":{"info":{"date":"20230116","occupation":"PS","channel":"MOCK","place":"ONLINE","gender":"FEMALE","ageRange":"55-","experience":"EXPERIENCED"},"question":{"raw":{"text":"현존하는 사회 문제들 중에 지원자님이 생각하는 심각한 문제는 어떤 것이 있다고 생각하십니까 지원자님이 생각하는 이유를 말씀해 주세요","wordCount":17},"emotion":[],"intent":[]},"answer":{"raw":{"text":"최근에 발생한 문제 중의 하나는 아무래도 성범죄인 것 같습니다. 몇 년 전에 미투 운동도 유행을 했고 여성에 대한 사회적 인식이 굉장히 높아졌지만 그와 별개로 우리 사회의 성범죄들은 여전하다고 느껴지고 있습니다. 예를 들어 굉장히 간단하게는 스토킹 문제부터 그다음에는 강강 폭행 이런 문제들까지 굉장히 심각한 사회적 성범죄가 아직도 만연하다는 부분이 우려스럽습니다.","wordCount":49},"emotion":[],"intent":[{"text":"","expression":"","category":"attitude"}],"summary":{"text":"스토킹, 강강 폭행과 같은 심각한 사회적 성범죄는 여성에 대한 사회적 인식과 별개로 우리 사회에 여전히 만연하다고 느껴집니다.","wordCount":17}}},"rawDataInfo":{"question":{"fileFormat":"wav","fileSize":624078,"duration":19500,"samplingBit":16,"channelCount":1,"samplingRate":"16kHz","audioPath":"/Mock/03.PublicService/Female/Experienced/ckmk_q_ps_f_e_239377.wav"},"answer":{"fileFormat":"wav","fileSize":1864398,"duration":58260,"samplingBit":16,"channelCount":1,"samplingRate":"16kHz","audioPath":"/Mock/03.PublicService/Female/Experienced/ckmk_a_ps_f_e_239377.wav"}}}