{"version":"1.0","dataSet":{"info":{"date":"20230116","occupation":"PS","channel":"MOCK","place":"ONLINE","gender":"FEMALE","ageRange":"45-54","experience":"EXPERIENCED"},"question":{"raw":{"text":"지원자님께서 최근에 본 뉴스들 가운데 가장 인상 깊었던 뉴스는 무엇인가요 무엇인지와 이유도 함께 말씀 부탁드리겠습니다","wordCount":15},"emotion":[],"intent":[]},"answer":{"raw":{"text":"최근에 가장 인상 깊게 어 관심을 갖고 있는 뉴스는 뭐 뜨거운 세계에 대한 뉴스들입니다. 한 가지는 아니구요. 계속해서 비슷한 뉴스들이어서 어 경제에 관심이 좀 있는 편이고 어 그러다보니 세계 경제와 세계 크고 작은 분쟁들에 대해서 관심을 가지지 않을 수 없을 만큼 지금 세계 분쟁들이 굉장히 어 파국으로 치닫고 있습니다. 푸틴의 핵 관련 기사가 가장 관심을 끌고요. 과연 푸틴이 핵을 어떤 식으로 핵을 가지고 전 세계 위협을 가할 것인가 그리고 나머지 어 국가들은 그 푸틴의 핵 위협에 어떤 식으로 대응할 것인가가 가장 요즘 초미의 관심사입니다. 핵은 인류 전체를 위협하는 것이기 때문에 어 당연히 그걸 가지고 자신의 자국의 이익을 위해서 핵을 가지고 인류를 위협해서는 안 되는 것인데 어 러시아라는 거대 국가가 그런 일을 자행하고 있다는 것에 대해 굉장히 깊은 우려를 가지고 뉴스를 지켜보고 있습니다.","wordCount":122},"emotion":[],"intent":[{"text":"","expression":"","category":"attitude"}],"summary":{"text":"최근 가장 인상 깊었던 뉴스로는 세계 분쟁들에 대한 뉴스인데, 특히 푸틴의 핵 관련 기사가 가장 관심을 끌고 있습니다. 핵은 인류 전체를 위협하는 것이므로 자국의 이익을 위해서 핵을 가지고 인류를 위협해서는 안 되는 것인데, 러시아라는 거대 국가가 그런 일을 자행하고 있다는 것에 깊은 우려를 갖고 있었습니다.","wordCount":45}}},"rawDataInfo":{"question":{"fileFormat":"wav","fileSize":445518,"duration":13920,"samplingBit":16,"channelCount":1,"samplingRate":"16kHz","audioPath":"/Mock/03.PublicService/Female/Experienced/ckmk_q_ps_f_e_186163.wav"},"answer":{"fileFormat":"wav","fileSize":2181838,"duration":68180,"samplingBit":16,"channelCount":1,"samplingRate":"16kHz","audioPath":"/Mock/03.PublicService/Female/Experienced/ckmk_a_ps_f_e_186163.wav"}}}