{"version":"1.0","dataSet":{"info":{"date":"20230116","occupation":"PS","channel":"MOCK","place":"ONLINE","gender":"FEMALE","ageRange":"55-","experience":"EXPERIENCED"},"question":{"raw":{"text":"지금 지원하신 직무가 항상 공부가 필요한 직무잖아요 항상 새로운 것들을 많이 캐치해야 하는데 이 전공과 관련해서 최근 부족하다고 느껴서 따로 공부하고 있는 분야가 혹시 있으실까요","wordCount":25},"emotion":[],"intent":[]},"answer":{"raw":{"text":"저는 우선 그 뭐 전공이라는 건 없어요. 그까 그 대학을 전공을 했다 거나 이런 건 아니기 때문에 근데 그냥 제 인생의 전공으로는 미용 머리 계속 일을 전공을 했었고 부족하다고는 뭐 매일 알죠. 제가 제일 잘 알죠 그거는. 그냥 뭐 이게 어디서 막 전문적으로 배우고 한 게 아니라 가 그 어떤 그 취향 뭐 이런 거를 배우고 그거를 요즘에 어떤 유행에 맞게 요즘 사람들의 입맛에 맞게 그 머리 스타일을 접목시켜서 하는 그런 걸 제가 배우고 한 게 아니라 저도 그래서 이제 요즘 유행하는 그런 스타일을 계속 뭐 티비 돌려보거나 아니면 뭐 잡지나 이런 거 보거나 그런 거로 아 어떤 게 요즘 사람들이 좋아하는구나 이렇게 그게 제 나름대로의 공부예요. 그 가수들 틀어 그 그 프로그램도 많이 틀어놓고 네 그래요 저는 그래서 일부러 예능 프로그램도 보고 그랬었어요. 그게 저한테 공부예요.","wordCount":127},"emotion":[],"intent":[{"text":"","expression":"","category":"attitude"}],"summary":{"text":"전공이 아닌 미용을 전공했고, 전문적으로 배운 게 아니라 취향을 배우고 유행에 맞게 트렌드에 맞게 머리 스타일을 접목시켜서 하는 게 제 나름의 공부입니다. 요즘 유행하는 스타일을 티비나 잡지를 보면서 어떤걸 요즘 사람들이 좋아하구나 이렇게 제가 공부합니다.","wordCount":35}}},"rawDataInfo":{"question":{"fileFormat":"wav","fileSize":516558,"duration":16140,"samplingBit":16,"channelCount":1,"samplingRate":"16kHz","audioPath":"/Mock/03.PublicService/Female/Experienced/ckmk_q_ps_f_e_179688.wav"},"answer":{"fileFormat":"wav","fileSize":2735118,"duration":85470,"samplingBit":16,"channelCount":1,"samplingRate":"16kHz","audioPath":"/Mock/03.PublicService/Female/Experienced/ckmk_a_ps_f_e_179688.wav"}}}