{"version":"1.0","dataSet":{"info":{"date":"20230116","occupation":"PS","channel":"MOCK","place":"ONLINE","gender":"FEMALE","ageRange":"45-54","experience":"EXPERIENCED"},"question":{"raw":{"text":"본인의 장점과 단점을 설명해 주시고 그것을 특화시키고 극복하기 위한 노력도 함께 말씀해 주시겠어요","wordCount":13},"emotion":[],"intent":[]},"answer":{"raw":{"text":"제 장점은 무슨 일을 시작하면 열정적으로 한다는 것입니다. 그것이 해결될 때까지 어 잠을 줄여서라도 알아내고 해결하고 가장 좋은 방법이 뭘지 고민하고 또 고민하고 고민해서 드디어 해결 해결책을 찾아내고 굉장히 그 부분에 만족감을 느낍니다. 그래서 장점이 이구요. 동시에 이것이 단점이 될 수 있는 거는 어 한 가지 일에 몰두하고 그것만 열심히 추구하고 쫓아가고 그것만 본다면은 그 목표만 바라본다면 주변에 많은 것들을 놓치고 갈 수 있습니다. 예를 들면은 같이 일하는 사람들이 내가 이야기하는 부분에서 어떤 것들을 받아들일 수 있지만 어떤 것들을 받아들일 수 없는 부분인데 어 어 끌고 나가 분명히 분명히 어 어 주장하는 부분이 있을 것입니다. 그럴 때는 저는 그래서 끊임없이 물어봅니다. 지금 내가 얘기한 것들이 어 인정이 안되면 어 받아들여지지 않으면 어떤 부분이 잘못된지 얘기를 해 달라. 이렇게 얘기하는데 왜냐하면 내가 어떤 일을 할 때 그 일 자체만 뭐 바라보기 때문에 주변의 사람들이 어떤 기분일지 심경일지 잘 캐치를 하지 못하는 단점이 있다고 솔직하게 얘기합니다. 그러면은 그때는 사람들이 그런 이야기를 들면 편안하게 아 이 사람은 이런 부분에서 잠깐 부족한 부분이구나 얘기하고 생각하고 저에게 어 자신의 심경을 솔직하게 부정적인 얘기라도 해 줍니다. 그러면 그때 저는 또 제가 부탁하고 이야기 드린 것이기 때문에 쿨하게 그런 부분을 인정하게 됩니다.","wordCount":185},"emotion":[],"intent":[{"text":"그것이 해결될 때까지 어 잠을 줄여서라도   알아내고 해결하고 가장 좋은 방법이 뭘지 고민하고 또 고민하고 고민해서 드디어 해결 해결책을 찾아내고 굉장히 그 부분에 만족감을 느낍니다.","expression":"c_person","category":"background"}],"summary":{"text":"저는 어떤 일을 시작할 때 어떤 일 자체만 바라보기 때문에 주변의 사람들이 어떤 기분일지 심정일지 잘 캐치를 하지 못하는 단점이 있다고 솔직하게 얘기합니다. 그러면은 사람들이 그런 이야기를 들으면 편안하게 자신의 심정을 솔직하게 부정적인 얘기라도 해줍니다. 그러면 저는 제가 부탁하고 이야기 드린 것이므로 쿨하게 그런 부분을 인정하게 됩니다.","wordCount":47}}},"rawDataInfo":{"question":{"fileFormat":"wav","fileSize":293198,"duration":9160,"samplingBit":16,"channelCount":1,"samplingRate":"16kHz","audioPath":"/Mock/03.PublicService/Female/Experienced/ckmk_q_ps_f_e_186019.wav"},"answer":{"fileFormat":"wav","fileSize":2778638,"duration":86830,"samplingBit":16,"channelCount":1,"samplingRate":"16kHz","audioPath":"/Mock/03.PublicService/Female/Experienced/ckmk_a_ps_f_e_186019.wav"}}}