{"version":"1.0","dataSet":{"info":{"date":"20230116","occupation":"PS","channel":"MOCK","place":"ONLINE","gender":"FEMALE","ageRange":"-34","experience":"EXPERIENCED"},"question":{"raw":{"text":"어 왜 이 분야에 관심을 가지게 되셨나요 그리고 어떤 이유로 지원하게 되셨는지 지원 동기도 궁금합니다 관심 이유와 지원 동기를 함께 말씀해 주세요","wordCount":22},"emotion":[],"intent":[]},"answer":{"raw":{"text":"저는 어릴 적부터 부모님이 월드비전과 기아 대책에서 장기 결연을 통한 결핍 아동들을 후원하시는 모습을 보고 자랐습니다. 그래서 당연히 남들과 나누는 삶에 대해 배우며 자랐고 내가 가진 것에 대한 감사함을 배우며 자랐습니다. 중학생 무렵부터 부모님께서 제 이름으로 된 결연을 시작해 주셨고 저는 벌써 십 년 이상을 해외 아동 후원에 동참하고 있습니다. 그러다 보니 이제는 후원을 통한 결핍 아동 돕기에서 벗어나 제가 현장에서 아이들을 위해 직접적으로 일해보고 싶다는 생각을 하게 되었습니다. 그래서 가장 투명하고 건설적으로 아동 후원 사업을 진행하는 이곳에 지원하게 되었습니다.","wordCount":80},"emotion":[],"intent":[{"text":"저는 어릴 적부터 부모님이 월드비전과 기아 대책에서 장기 결연을 통한 결핍 아동들을 후원하시는 모습을 보고 자랐습니다.","expression":"c_private","category":"background"},{"text":"중학생 무렵부터 부모님께서 제 이름으로 된 결연을 시작해 주셨고 저는 벌써 십 년 이상을 해외 아동 후원에 동참하고 있습니다.","expression":"c_private","category":"background"},{"text":"그러다 보니 이제는 후원을 통한 결핍 아동 돕기에서 벗어나 제가 현장에서 아이들을 위해 직접적으로 일해보고 싶다는 생각을 하게 되었습니다.","expression":"c_sincere_job","category":"etc"},{"text":"그래서 가장 투명하고 건설적으로 아동 후원 사업을 진행하는 이곳에 지원하게 되었습니다.","expression":"c_sincere_job","category":"etc"}],"summary":{"text":"저는 어릴 적부터 부모님이 장기 결연을 통한 결핍 아동들을 후원하시는 모습을 보고 자랐습니다. 그래서 가장 투명하고 건설적으로 아동 후원 사업을 진행하는 이곳에 지원하게 되었습니다.","wordCount":24}}},"rawDataInfo":{"question":{"fileFormat":"wav","fileSize":527438,"duration":16480,"samplingBit":16,"channelCount":1,"samplingRate":"16kHz","audioPath":"/Mock/03.PublicService/Female/Experienced/ckmk_q_ps_f_e_226476.wav"},"answer":{"fileFormat":"wav","fileSize":1559118,"duration":48720,"samplingBit":16,"channelCount":1,"samplingRate":"16kHz","audioPath":"/Mock/03.PublicService/Female/Experienced/ckmk_a_ps_f_e_226476.wav"}}}