{"version":"1.0","dataSet":{"info":{"date":"20230116","occupation":"PS","channel":"MOCK","place":"ONLINE","gender":"FEMALE","ageRange":"45-54","experience":"EXPERIENCED"},"question":{"raw":{"text":"어 열심히 하지만 본인이 원하는 만큼 따라오지 못하는 어 팀 동료가 있을 수 있습니다 지원자님께서는 어 이런 팀 동료에게 어떻게 하실지 어 말씀해 주시길 바랍니다","wordCount":25},"emotion":[],"intent":[]},"answer":{"raw":{"text":"어 태도는 열심히 하고 싶고 하는데 본인이 원하는 만큼 따라오지 못하는 동료들이 있을 수 있습니다. 어 문제점이 뭔지 파악해야겠죠. 어 그 사람을 힐난하는 것은 옳지 않습니다. 왜냐하면 본인이 안 하고 게을러서 테만 근무가 태만해서 그렇다면 문제가 되겠지만 열심히 하고 있는데 따라오지 못한다면 그 사람에게도 분명히 해결해 줘야 될 문제점이 있는 것입니다. 그래서 효율성이 왜 떨어지는지 어 본인이 어떤 부분이 그 문제가 있는지 혹시 업무적 지식이 부족한 건지 아니면은 어 아직까지 어떤 특정한 일을 해야 되는 기술에 있어서 기술적 역량이 떨어지는 것인지 그런 게 있을 텐데 그럴 때는 그 친구를 도와줄 겁니다. 도와줘서 팀에 차질이 없게 하면서 어 도와주면서 동시에 조언을 할 것입니다 .그냥 조언이라는 거는 어 도 도와주는 것이 전혀 없는 조언이라는 거는 나무람 밖에 되지 않기 때문에 나무람 대신에 힐난하는 것보다는 어 도와주면서 충분히 도와주면서 어떤 부분에 어려움이 있고 애로가 있는지 들어주고 그리고 조언도 해주고 해서 그 일을 잘 따라올 수 있도록 효율적으로 할 수 있도록 도와줄 것입니다.","wordCount":149},"emotion":[],"intent":[{"text":"","expression":"","category":"attitude"}],"summary":{"text":"열심히 하고 싶은데 원하는 만큼 따라오지 못하는 동료를 힐난하는 것은 옳지 않습니다. 열심히 하고 있는데 따라오지 못하면 분명히 해결해 줘야 될 문제점이 있는 것입니다. 업무적 지식의 부족이나 기술적 역량의 부족이 있을 때는 그 친구를 도울 것입니다. 도움이 되지 않는 조언은 나무람 밖에 되지 않기 때문에 그 친구 대신 도와주면서 조언을 해 줄 것입니다.","wordCount":53}}},"rawDataInfo":{"question":{"fileFormat":"wav","fileSize":556878,"duration":17400,"samplingBit":16,"channelCount":1,"samplingRate":"16kHz","audioPath":"/Mock/03.PublicService/Female/Experienced/ckmk_q_ps_f_e_186017.wav"},"answer":{"fileFormat":"wav","fileSize":2368078,"duration":74000,"samplingBit":16,"channelCount":1,"samplingRate":"16kHz","audioPath":"/Mock/03.PublicService/Female/Experienced/ckmk_a_ps_f_e_186017.wav"}}}