{"version":"1.0","dataSet":{"info":{"date":"20230116","occupation":"PS","channel":"MOCK","place":"ONLINE","gender":"FEMALE","ageRange":"35-44","experience":"EXPERIENCED"},"question":{"raw":{"text":"본인이 창의적으로 어떤 문제를 해결한 경험이 있으신가요 그 과정에 대해서 최대한 자세하게 설명해 주실 수 있을까요","wordCount":16},"emotion":[],"intent":[]},"answer":{"raw":{"text":"음 제가 학교에서 일을 할 때 어 학습 부진아 학생들과 일반 학생들을 가르쳤는데 어 제가 창의적으로 문제들을 제시해서 학생들에게 해결할 수 있도록 도움을 주어서 성적을 많이 올린 경험이 있습니다. 예를 들면 어 그 학생들이 문법을 어 공부를 하고 선생님에게 배우지만 어 문제를 풀면 답이 정확도가 떨어지는 떨어지고 또 또 상위권에 완전히 오르지 못하는 그런 현상들이 있었습니다. 그래서 제가 그렇게 될 때 성적을 올리기 위해서 어 그룹 활동을 주어지었습니다. 그래서 저는 음 그 문제가 발생을 했을 때 도와주는 것이 아니고 학생들 스스로 문제를 해결할 수 있도록 힌트만 주어서 학생들이 질문을 스스로 힌트를 받고 해결해 나가는 과정을 통해서 성적이 많이 어 거의 올라갔고 또 학생들이 자신이 정확하게 알지 못하는 애매모호한 부분들을 설명을 하면서 발견을 하게 되었습니다. 그래서 설명을 하면서 그 개념에 대해서 정확하게 설명할 수 있었고 문제를 풀 때도 어 문제를 풀었을 때도 정확도가 훨씬 더 많이 올라갔습니다. 그래서 어 학생 스스로 공부하는 방법을 배우게 되었고 또 오답 노트를 통해서 그것들을 자신의 말로 혼자 설명을 어 기록을 하면서 음 오답률을 낮추는 그런 일을 많이 도와주는 역할을 했습니다.","wordCount":165},"emotion":[],"intent":[{"text":"음 제가 학교에서 일을 할 때 어 학습 부진아 학생들과 일반 학생들을 가르쳤는데 어 제가 창의적으로 문제들을 제시해서 학생들에게 해결할 수 있도록 도움을 주어서 성적을 많이 올린 경험이 있습니다.","expression":"c_private","category":"background"}],"summary":{"text":"제가 학교에서 일을 할 때 학습 부진아 학생들과 일반 학생들을 가르쳤는데 학생들이 문제를 풀면 답이 정확도가 떨어지는 현상이 있었습니다. 그래서 성적을 올리기 위해서 그룹 활동을 주어 학생들이 스스로 문제를 해결할 수 있도록 힌트를 주고 해결해 나가는 과정을 통해서 성적이 많이 올라갔습니다. 그래서 학생 스스로 공부하는 방법을 배웠고 오답 노트를 통해서 오답률을 낮추는 역할을 했습니다.","wordCount":54}}},"rawDataInfo":{"question":{"fileFormat":"wav","fileSize":560718,"duration":17520,"samplingBit":16,"channelCount":1,"samplingRate":"16kHz","audioPath":"/Mock/03.PublicService/Female/Experienced/ckmk_q_ps_f_e_246619.wav"},"answer":{"fileFormat":"wav","fileSize":3828558,"duration":119640,"samplingBit":16,"channelCount":1,"samplingRate":"16kHz","audioPath":"/Mock/03.PublicService/Female/Experienced/ckmk_a_ps_f_e_246619.wav"}}}