{"version":"1.0","dataSet":{"info":{"date":"20230116","occupation":"PS","channel":"MOCK","place":"ONLINE","gender":"FEMALE","ageRange":"45-54","experience":"EXPERIENCED"},"question":{"raw":{"text":"요즘 지원자님께서 공부하고 있는 것이 있나요 있다면 왜 그걸 공부하는지 또 지금까지 무엇을 배웠는지 말씀 부탁드리겠습니다","wordCount":16},"emotion":[],"intent":[]},"answer":{"raw":{"text":"요즘 공부하고 있는 것이 있다면 그거는 부동산입니다. 부동산이 많이 오르기도 하였지만 지금 다시 떨어지고 있는데 이런 부동산을 공부를 하면서 어떤 재테크적인 마인드를 계속 가지려고 노력하고 있고 이거로 인해서 어 어 부를 어 축적하려고 축적하는 방법이라던가 다른 사람들의 노하우라던가 이런 것을 배우게 되고 어 이거를 통해서 어 하나하나 자산을 이제 일궈 가고 있고요. 음 이 방법 외에 또 하나 제가 사용하고 있는 것이 어 주식의 공모주를 공부하고 있습니다. 주식의 공모주는 어 물론 투자해야 되는 자본금도 있기 하지만 이 그러니까 원래 가지고 있는 그 돈의 그 양이랄까 그런 게 좀 어느정도 필요하기는 하는데 이게 투자했을 때 거의 손실 할 일이 많이 없는 안정적인 투자라고 생각을 해서 공모주를 하고 있고 이거에 따라서 꽤 많은 수익이 나름 발생을 하였습니다.","wordCount":115},"emotion":[{"text":"부동산이 많이 오르기도 하였지만 지금 다시 떨어지고 있는데 이런 부동산을 공부를 하면서 어떤 재테크적인 마인드를 계속 가지려고 노력하고 있고 이거로 인해서 어 어 부를 어 축적하려고 축적하는 방법이라던가 다른 사람들의 노하우라던가 이런 것을 배우게 되고 어 이거를 통해서 어 하나하나 자산을 이제 일궈 가고 있고요.","expression":"p-interest","category":"positive"},{"text":"음 이 방법 외에 또 하나 제가 사용하고 있는 것이 어 주식의 공모주를 공부하고 있습니다.","expression":"p-interest","category":"positive"}],"intent":[{"text":"","expression":"","category":"attitude"}],"summary":{"text":"요즘 공부하고 있는 것은 부동산인데, 부동산을 공부하면서 재테크적인 마인드를 계속 가지려고 노력하고 있고, 이것을 통해서 자산을 일궈가고 있습니다. 그 외에 주식의 공모주를 공부하고 있는데, 이것에 따라서 꽤 많은 수익이 발생을 하였습니다.","wordCount":31}}},"rawDataInfo":{"question":{"fileFormat":"wav","fileSize":384078,"duration":12000,"samplingBit":16,"channelCount":1,"samplingRate":"16kHz","audioPath":"/Mock/03.PublicService/Female/Experienced/ckmk_q_ps_f_e_182940.wav"},"answer":{"fileFormat":"wav","fileSize":2666318,"duration":83320,"samplingBit":16,"channelCount":1,"samplingRate":"16kHz","audioPath":"/Mock/03.PublicService/Female/Experienced/ckmk_a_ps_f_e_182940.wav"}}}