{"version":"1.0","dataSet":{"info":{"date":"20230116","occupation":"PS","channel":"MOCK","place":"ONLINE","gender":"FEMALE","ageRange":"-34","experience":"EXPERIENCED"},"question":{"raw":{"text":"아무래도 현대 사회에서는 수많은 직업군이 어 사라지고 어 생겨나기를 반복하고 하는데요 지원자님이 생각하시기에 현대 사회에서 없어서는 안 될 가장 중요하다고 생각하시는 직업을 한 가지만 골라 말씀해 주시길 바랍니다","wordCount":28},"emotion":[],"intent":[]},"answer":{"raw":{"text":"현대 사회에서 없어서는 안 될 가장 중요하다고 생각하는 직업은 저는 사람이 사람을 대하는 직종이라고 생각이 듭니다. 그런데 실제로 우리나라에서 너무나도 많은 사실 세계적인 현상으로 사람의 일을 기계가 대처하는 경우가 많아졌는데요. 저는 거기에 대해서는 굉장히 안타깝고 반대하는 바입니다. 왜냐하면 사람은 사람을 통해서 에너지를 얻고 또 그로 인해서 살아가는 힘을 얻는다고 생각하기 때문입니다. 그래서 어찌 보면은 사람 현대사회에서 없어서는 안될 그 직종 중의 하나는 사람이 사람을 상대하는 그런 직종이 아닐까 또 그런 직종에는 직접 우리는 이야기를 해야 되는 입장이 있잖아요. 그런 사람들을 도와드리는 공공 서비스 쪽 분야가 아닐까 라는 생각이 듭니다.","wordCount":89},"emotion":[],"intent":[{"text":"","expression":"","category":"attitude"}],"summary":{"text":"사람은 사람을 통해서 에너지를 얻고 또 그로 인해서 살아가는 힘을 얻는다고 생각하기 때문에 현대사회에서 없어서는 안 될 직종 중의 하나가 사람이 사람을 상대하는 직종이 아닐까 라는 생각이 듭니다.","wordCount":28}}},"rawDataInfo":{"question":{"fileFormat":"wav","fileSize":568718,"duration":17770,"samplingBit":16,"channelCount":1,"samplingRate":"16kHz","audioPath":"/Mock/03.PublicService/Female/Experienced/ckmk_q_ps_f_e_195335.wav"},"answer":{"fileFormat":"wav","fileSize":1638478,"duration":51200,"samplingBit":16,"channelCount":1,"samplingRate":"16kHz","audioPath":"/Mock/03.PublicService/Female/Experienced/ckmk_a_ps_f_e_195335.wav"}}}