{"version":"1.0","dataSet":{"info":{"date":"20230116","occupation":"PS","channel":"MOCK","place":"ONLINE","gender":"FEMALE","ageRange":"35-44","experience":"EXPERIENCED"},"question":{"raw":{"text":"어 지원자님의 주변 친구들 중에서 한 명을 골라서 칭찬을 해 주시기 바랍니다 구체적이고 자세한 칭찬일수록 좋습니다","wordCount":16},"emotion":[],"intent":[]},"answer":{"raw":{"text":"어 제 친구들의 중에서 한 명을 골라서 칭찬을 하자면 어떤 친구가 있는데 그 에이 라는 친구는 어 상대방과 대화를 할 때 진심으로 백 프로 자신의 에너지와 또 마음과 감정을 쏟아서 어 친구들과 이야기를 합니다. 음 예를 들어서 핸드폰을 보지 않고 어 다른 일을 하지 않고 다른 생각을 하지 않고 제가 하는 이야기에 대해서 진심으로 공감을 해주고 또 다독여주고 어 때로는 어 나이가 저보다 어리지만 조언을 어 지혜롭게 해주어서 제가 그것들을 받아들일 수 있도록 어 지혜롭게 이야기를 하는 어 친구입니다. 그리고 그 친구는 그래서 제가 그 친구와 이야기를 하고 나면 어 제 자신이 하는 어 제 그 친구로부터 충분한 위로를 받고 공감과 사랑을 받아서 제 마음이 채워지는 것을 경험할 수 있었습니다. 그리고 스트레스도 많이 줄어들었습니다. 그리고 그 친구는 비전과 목표를 향해서 어 의미와 가치를 두고 달려가는 친구입니다. 그 친구가 어 심리 상담가인데 그 친구가 어 그 사람에게 영향력이 있고 또 그 친구가 가진 사랑과 가치에 대해서 전달을 해 주려고 노력을 하는데 친구는 어 호스피스라는 직업을 가지고 어 죽음 앞에 있는 사람들을 향해서 음 심리 치료를 하는데 어 죽음을 정말 절 잘 받아들일 수 있도록 도와주고 음 또 그런 중한 병이 있는 사람들을 어 진심으로 대해서 그 사람들에게 진심으로 대해서 어 죽음을 맞이할 수 있도록 잘 가치 있는 일을 하는 그런 친구입니다.","wordCount":200},"emotion":[],"intent":[{"text":"","expression":"","category":"attitude"}],"summary":{"text":"어떤 친구는 대화를 할 때 진심으로 자신의 에너지와 마음과 감정을 쏟아서 친구들과 이야기를 합니다. 그리고 그 친구로부터 충분한 위로를 받고 공감과 사랑을 받아서 마음이 채워지는 것을 경험했습니다. 그리고 스트레스도 많이 줄어들었습니다. 그 친구가 심리 상담가인데 그 친구가 가진 사랑과 가치에 대해서 전달을 해 주려고 노력을 하는데 그 친구가 호스피스라는 직업을 가지고 있습니다.","wordCount":52}}},"rawDataInfo":{"question":{"fileFormat":"wav","fileSize":306958,"duration":9590,"samplingBit":16,"channelCount":1,"samplingRate":"16kHz","audioPath":"/Mock/03.PublicService/Female/Experienced/ckmk_q_ps_f_e_236965.wav"},"answer":{"fileFormat":"wav","fileSize":3838158,"duration":119940,"samplingBit":16,"channelCount":1,"samplingRate":"16kHz","audioPath":"/Mock/03.PublicService/Female/Experienced/ckmk_a_ps_f_e_236965.wav"}}}