{"version":"1.0","dataSet":{"info":{"date":"20230116","occupation":"PS","channel":"MOCK","place":"ONLINE","gender":"FEMALE","ageRange":"45-54","experience":"EXPERIENCED"},"question":{"raw":{"text":"지원자님께서는 입사 후에 쉬운 일과 어려운 일이 있을 때 일에 대한 분배를 어떻게 하시겠습니까 어떻게 나눠서 처리하실지 말씀 부탁드립니다","wordCount":19},"emotion":[],"intent":[]},"answer":{"raw":{"text":"네 어 이거는 어려운 공부와 쉽게 해결할 수 있는 공부를 할 때와 똑같은 방식으로 하면 될 것 같은데요. 어려운 일은 일단 시간이 많이 걸리고 또 정보 교환이나 이런 부분도 분명히 쉽지 않기 때문에 어려운 일일 것입니다. 그래서 어려운 일은 어느 정도 기간이 걸릴 것인지 충분히 시간을 두고 예상을 해서 그것들을 먼저 어 음 충분히 미리 미리 계획을 짜서 먼저 어려운 일을 어 어려운 일은 한 번에 수행할 수 없기 때문에 긴 시간 쪼개서 나눠서 충분히 기간을 가지고 먼저 어려운 일을 해결해 나갈 수 있는 어 계획을 짤 것입니다. 그리고 그 이후에 쉬운 일은 중간중간 어려운 일을 해 나가면서 중간중간 자투리 시간이나 쉽게 해결할 수 있는 일이기 때문에 어 남는 시간이나 아니면 쪼개서 쓸 수 있는 시간들의 쉬운 일들을 그때그때 어 처리해 나가는 방식으로 그것 또한 역시 플랜에 잘 어 활용해서 플래너에 어려운 일을 잘 분배한 이후에 그 나머지 시간들에 쉬운 일들을 중간중간 끼워 넣어서 해결해서 분배해서 해결하는 방식으로 그렇게 처리할 것입니다.","wordCount":151},"emotion":[],"intent":[{"text":"","expression":"","category":"attitude"}],"summary":{"text":"어려운 일은 시간이 많이 걸리고, 정보 교환이나 이런 부분도 쉽지 않기 때문에 어려운 일일 것입니다. 그래서 어려운 일은 시간을 두고 예상을 해서 긴 시간 쪼개서 어려운 일을 해결해 나갈 계획을 짤 것입니다. 그리고 쉬운 일은 자투리 시간이나 자투리로 해결할 수 있는 시간들의 쉬운 일들을 그때그때 처리해 나가는 방식으로 처리할 것입니다.","wordCount":50}}},"rawDataInfo":{"question":{"fileFormat":"wav","fileSize":583438,"duration":18230,"samplingBit":16,"channelCount":1,"samplingRate":"16kHz","audioPath":"/Mock/03.PublicService/Female/Experienced/ckmk_q_ps_f_e_209037.wav"},"answer":{"fileFormat":"wav","fileSize":2503118,"duration":78220,"samplingBit":16,"channelCount":1,"samplingRate":"16kHz","audioPath":"/Mock/03.PublicService/Female/Experienced/ckmk_a_ps_f_e_209037.wav"}}}