{"version":"1.0","dataSet":{"info":{"date":"20230116","occupation":"PS","channel":"MOCK","place":"ONLINE","gender":"FEMALE","ageRange":"55-","experience":"EXPERIENCED"},"question":{"raw":{"text":"어 사내 스터디를 만들어서 공부할 수 있다고 가정을 해 본다면 지원자님께서는 어떤 부분을 공부하고 싶으신가요 그리고 그 부분을 공부하고 싶으신 이유도 함께 말씀해 주시길 바랍니다","wordCount":25},"emotion":[],"intent":[]},"answer":{"raw":{"text":"사내에 스터디를 만들어 공부할 수 있다면 어떤 것을 공부하고 싶은지 아 이유도 말씀해 달라고 하셨는데요. 저는 제가 되게 관심이 있는 것은 첫 번째 영어 회화이고요. 두 번째는 역사 스터디입니다. 일단 저는 영어 회화 스터디를 만들고 싶은데요. 보통 어 웬만한 회사들은 영어 회화 스터디가 있는 것 같아요. 하지만 아 저는 좀 더 어 역사와 그다음에 관광을 접목시킬 수 있는 영어 회화 스터디를 만들어서 아 저녁이나 아니면은 이제 업무가 끝난 후나 아니면은 주말에 만나서 어떤 지역에 가서 서로 소개시켜 줄 수 있는 그런 영어 회화 스터디 역사 아니면은 관광 그다음에 그 어떤 지역의 맛집 그런 소개를 하는 영어 회화 스터디를 만들고 싶습니다. 저는 맛집도 좋아하고요. 어떤 지역이 관광하는 것도 너무 조만 좋아합니다 그래서 물론 역사 공부를 기본적으로 하는 겁니다. 역사를 알아야 거기에 맛집도 왜 생겼고 아니면은 그 동네가 뭐가 유명하고 또 어떤 볼거리가 있는지 일종의 가이드라고 보시면 되겠지만 또 가이드하고는 다르게 맛집까지 소개를 하면서 어 이 재미있는 그런 스터디를 만들고 싶습니다. 그러다 보면은 서로 친목이 도모가 되겠지요. 사실 사내 스터디는 서로 친목을 만들기 위해서 사내 스터디를 한다고 생각을 합니다. 사내 스터디 같은 경우에는 또 회사에서 지원금도 많이 나오기 때문에 저는 맛집 투어를 하면서 맛집에서 내내 영어 공부를 하는 영어 회화를 하면서 공부를 하는 예 아주 재미있는 시간을 갖고 싶습니다.","wordCount":197},"emotion":[],"intent":[{"text":"","expression":"","category":"attitude"}],"summary":{"text":"사내 스터디를 만들어 공부할 수 있다면 어떤 것을 공부하고 싶은지 이유를 말씀해 달라고 하셨는데, 저는 영어 회화 스터드에 관심이 많습니다. 특히 역사, 관광을 접목시킬 수 있는 스터 디를 만들고 싶습니다. 그러다 보면 서로 친목이 도모될 것 같아서 친목을 도모하기 위해 사내스터드를 한다고 생각합니다.","wordCount":43}}},"rawDataInfo":{"question":{"fileFormat":"wav","fileSize":489038,"duration":15280,"samplingBit":16,"channelCount":1,"samplingRate":"16kHz","audioPath":"/Mock/03.PublicService/Female/Experienced/ckmk_q_ps_f_e_242393.wav"},"answer":{"fileFormat":"wav","fileSize":3828558,"duration":119640,"samplingBit":16,"channelCount":1,"samplingRate":"16kHz","audioPath":"/Mock/03.PublicService/Female/Experienced/ckmk_a_ps_f_e_242393.wav"}}}