{"version":"1.0","dataSet":{"info":{"date":"20230116","occupation":"PS","channel":"MOCK","place":"ONLINE","gender":"FEMALE","ageRange":"-34","experience":"EXPERIENCED"},"question":{"raw":{"text":"지원자께서 입사 후 업무를 하는데 민원인이 지원자에게 욕을 한다면 어떻게 할 것인지 한번 말씀해 보십시오","wordCount":15},"emotion":[],"intent":[]},"answer":{"raw":{"text":"저는 민원인이 욕을 한다 라고 해서 동일하게 대응하는 것은 결코 해결 방안이 되지 않는다 라고 생각을 합니다. 예를 들면 저희가 진행하는 것들이 대민 업무 서비스들이 굉장히 많을 텐데요. 이 분들을 응대를 할 때 이 분들은 대부분 기분 좋은 서비스를 받기 원하시지만 실제로도 문제가 해결되지 않았을 때에는 분명히 불택 불쾌감을 느끼실 겁니다. 그분들이 불쾌감을 느끼실 때 저희 역시도 동일하게 행동을 한다 라면은 공공 서비스적인 측면에서 봉사라는 개념에서는 전혀 맞지 않는다 라고 저는 생각을 합니다. 우리가 하는 직무는 저는 봉사의 개념에서 입각을 해서 생각을 해야 한다 라고 생각을 하는데요. 물론 저희가 감정 노동자이긴 하지만 상대방이 매너가 좋지 않게 행동했을지라도 그 부분에 대해서 단호하게 경고를 하는 수준에서 끝나야지 저희 역시도 동일하게 행동을 한다 라면은 이미지 자체가 안 좋아질 것이라고 생각합니다.","wordCount":117},"emotion":[],"intent":[{"text":"저는 민원인이 욕을 한다 라고 해서 동일하게 대응하는 것은 결코 해결 방안이 되지 않는다 라고 생각을 합니다.","expression":"p_voc","category":"technology"}],"summary":{"text":"민원인이 욕을 한다 라고 해서 동일하게 대응하는 것은 결코 해결 방안이 되지 않는다고 생각합니다. 상대방이 매너가 좋지 않게 행동했을지라도 그 부분에 대해서 단호하게 경고를 하는 수준에서 끝나야 저희 역시도 동일하게 행동을 한다면 이미지 자체가 안 좋아질 것이라고 생각합니다.","wordCount":38}}},"rawDataInfo":{"question":{"fileFormat":"wav","fileSize":395278,"duration":12350,"samplingBit":16,"channelCount":1,"samplingRate":"16kHz","audioPath":"/Mock/03.PublicService/Female/Experienced/ckmk_q_ps_f_e_179089.wav"},"answer":{"fileFormat":"wav","fileSize":2646158,"duration":82690,"samplingBit":16,"channelCount":1,"samplingRate":"16kHz","audioPath":"/Mock/03.PublicService/Female/Experienced/ckmk_a_ps_f_e_179089.wav"}}}