{"version":"1.0","dataSet":{"info":{"date":"20230116","occupation":"PS","channel":"MOCK","place":"ONLINE","gender":"FEMALE","ageRange":"55-","experience":"EXPERIENCED"},"question":{"raw":{"text":"사람들과 같이 일을 하면서 가장 어려웠던 점이 있다면 그것은 무엇이었나요 그리고 그것은 어떻게 극복했나요","wordCount":14},"emotion":[],"intent":[]},"answer":{"raw":{"text":"회사에서 하나의 프로젝트를 시행하려고 할 때에는 역할 분담이 제일 중요했습니다. 네 명의 직원이 함께 협업을 할 때 네 명의 역할에서 비중이 큰 역할과 비중이 작은 역할이 있었으며 비중이 큰 역할을 맡은 직원은 밤새 어 역할을 수행하기 위해서 더 과로하게 일을 하게 되었으며 역할이 작은 직원인 경우에는 어 여섯 시면 땡 퇴근하는 경우도 있었습니다. 그런 경우에 제가 중간에서 서로에게 업무 배분을 정확하게 잘 다시 한 번 처리하여 서로 협업할 때 어 서로에게 조금씩 양보하고 배려하는 것으로 처리했습니다. 이럴 때 더 많이 노력한 직원에게는 인센티브라는 좋은 점을 두었고 조금 덜 쉽게 그 프로젝트를 해낸 직원에게는 어 그보다 못하지만 그래도 다 함께 함께 해서 팀으로 팀웍이 중요하기 때문에 팀웍을 해 난 거에 대한 결과치가 좋게 나오면 그것에 대해서 칭찬과 어 조그만 선물까지도 준비해서 주었습니다. 그래서 서로 간의 대화에 있어서 어려움을 극복하게 되었습니다.","wordCount":129},"emotion":[],"intent":[{"text":"","expression":"","category":"attitude"}],"summary":{"text":"회사에서 하나의 프로젝트를 시행하려고 할 때 역할 분담이 제일 중요했습니다. 큰 역할의 직원과 작은 역할의 직원이 함께 협업을 할 때 큰 역할을 맡은 직원은 과로하게 일을 하게 되었습니다. 중간에서 업무 배분을 정확하게 다시 한 번 처리하여 서로 양보하고 배려하는 것으로 처리하였습니다. 이런 경우 더 많이 노력한 직원에게는 인센티브를 주었습니다.","wordCount":49}}},"rawDataInfo":{"question":{"fileFormat":"wav","fileSize":310478,"duration":9700,"samplingBit":16,"channelCount":1,"samplingRate":"16kHz","audioPath":"/Mock/03.PublicService/Female/Experienced/ckmk_q_ps_f_e_244730.wav"},"answer":{"fileFormat":"wav","fileSize":2976078,"duration":93000,"samplingBit":16,"channelCount":1,"samplingRate":"16kHz","audioPath":"/Mock/03.PublicService/Female/Experienced/ckmk_a_ps_f_e_244730.wav"}}}