{"version":"1.0","dataSet":{"info":{"date":"20230116","occupation":"PS","channel":"MOCK","place":"ONLINE","gender":"FEMALE","ageRange":"-34","experience":"EXPERIENCED"},"question":{"raw":{"text":"지금까지 인생을 살면서 지원자님께서 가장 후회되는 일이 있다면 어떤 일일까요 한 가지만 골라서 말씀해 주시기 바랍니다","wordCount":16},"emotion":[],"intent":[]},"answer":{"raw":{"text":"어 가장 후회가 되는 일은 어떤 하나의 큰 이벤트가 아니라 어 여태까지 제가 살면서 어 적극적으로 도전하지 않았던 제 삶의 태도가 가장 후회되는 일입니다. 어 매년 연말마다 내년에는 무엇을 해야지 어떤 목표를 세워야지 목표 자체나 어떤 어 의욕 자체는 굉장히 앞섰는데 음 막상 그 상황에 닥치거나 그것을 할 수 있는 기회가 생기게 되면 어 사실 게으름이라기보다는 정말로 두려워서 혹은 어떤 변화가 좀 주저가 되어서 어 다른 핑계를 대면서 포기를 했던 경우가 많았던 것 같습니다. 그런데 돌이켜서 지난 날을 생각해보면 용기를 내서 그 변화를 받아들였더라면 어 어떤 그것을 시작해 보았더라면 어 제가 분명히 더 나은 방향으로 무언가를 성취를 해내고 혹은 제가 원하는 대로 방향이 이루어지지 않더라도 그 과정에서 배운 걸로 어떤 분명히 제 내야 내야 제 안에 내적인 성장이 있었을 땐데 하는 있었을 텐데 한 어떤 어 어 후회가 있기 때문입니다. 그래서 앞으로는 어떤 변화나 어 도전에 대해서 두려워하지 않고 긍정적으로 받아들이려고 노력하고 있습니다.","wordCount":143},"emotion":[{"text":"어 매년 연말마다 내년에는 무엇을 해야지 어떤 목표를 세워야지 목표 자체나 어떤   어 의욕 자체는 굉장히 앞섰는데 음 막상 그 상황에 닥치거나 그것을 할 수 있는 기회가 생기게 되면 어   사실 게으름이라기보다는 정말로 두려워서 혹은 어떤 변화가 좀 주저가 되어서 어 다른 핑계를 대면서 포기를 했던 경우가 많았던 것 같습니다.","expression":"n-distress","category":"negative"}],"intent":[{"text":"","expression":"","category":"attitude"}],"summary":{"text":"지금까지 적극적으로 도전하지 않았던 삶의 태도가 가장 후회되는 일은 지금까지 제가 살면서 어떤 변화나 도전에 대해서 두려워하지 않고 긍정적으로 받아들이려고 노력하고 있습니다.","wordCount":22}}},"rawDataInfo":{"question":{"fileFormat":"wav","fileSize":435278,"duration":13600,"samplingBit":16,"channelCount":1,"samplingRate":"16kHz","audioPath":"/Mock/03.PublicService/Female/Experienced/ckmk_q_ps_f_e_190173.wav"},"answer":{"fileFormat":"wav","fileSize":2400078,"duration":75000,"samplingBit":16,"channelCount":1,"samplingRate":"16kHz","audioPath":"/Mock/03.PublicService/Female/Experienced/ckmk_a_ps_f_e_190173.wav"}}}