{"version":"1.0","dataSet":{"info":{"date":"20230116","occupation":"PS","channel":"MOCK","place":"ONLINE","gender":"FEMALE","ageRange":"45-54","experience":"EXPERIENCED"},"question":{"raw":{"text":"어 지원자님께서는 어 팀장에 더 잘 맞을 것 같은지 아니면 팀원에 더 잘 맞을 것 같은지 이유와 함께 설명 부탁드립니다","wordCount":20},"emotion":[],"intent":[]},"answer":{"raw":{"text":"저는 팀 원보다는 팀장에 더 잘 맞을 것 같습니다. 어 일을 시작하면은 그 일에 집중해서 어 함께 일을 하는 사람들이 어떻게 하면 더 효과적으로 일을 할 수 있을지 끊임없이 고민하는 편입니다. 친구들과 함께 모이거나 함께 여행을 하거나 해도 일단 그 친구들에게 가장 효율적인 방법을 제시하는 걸 되게 즐거워하고 그리고 어떻게 하면 가장 효율적이고 어 즐겁고 시간 관리도 잘되는 그런 프로그램으로 지낼 것인지를 간단한 친구들 여행에도 미리 고민하고 생각하고 제시하는 편입니다. 물론 제시를 하고 그리고 그 의견을 듣고 충분히 다른 좋은 의견들이 있으면 규합해서 그걸 정리해서 결론 내리는 것도 좋아합니다. 어 하지만은 어 저에게는 따뜻한 조언과 함께 어 제가 하고 있는 이 방향이 맞 맞는 것인지 아니면 더 좋은 것들이 있어서 한번 생각해 봐야 될 것인지를 옆에서 조언해주는 친구도 필요하기 때문에 그러면 또 바로 수정을 하고 더 좋은 방법들을 찾는 거는 제가 더 잘 하기 때문에 의견을 규합하고 그리고 그게 맞다고 생각하면 그걸 끌고 나가고 먼저 앞서서 어 생각하고 체크하고 계획하는 걸 좋아하기 때문에 팀장이 맞을 것 같습니다.","wordCount":157},"emotion":[],"intent":[{"text":"","expression":"","category":"attitude"}],"summary":{"text":"일을 시작하면은 함께 일을 하는 사람들이 어떻게 더 효과적으로 일을 할 수 있을지 고민하는 편입니다. 친구들과 함께 모이거나 함께 여행을 해도 가장 효율적인 방법을 제시하는 걸 좋아합니다. 의견을 듣고 또 다른 좋은 의견들이 있으면 규합해서 결론 내리는 것도 좋아하지만, 의견을 균합하고 먼저 앞서 생각하고 체크하고 계획하는 걸 좋아하기 때문에 팀장이 맞을 것 같습니다.","wordCount":53}}},"rawDataInfo":{"question":{"fileFormat":"wav","fileSize":478158,"duration":14940,"samplingBit":16,"channelCount":1,"samplingRate":"16kHz","audioPath":"/Mock/03.PublicService/Female/Experienced/ckmk_q_ps_f_e_186013.wav"},"answer":{"fileFormat":"wav","fileSize":2623118,"duration":81970,"samplingBit":16,"channelCount":1,"samplingRate":"16kHz","audioPath":"/Mock/03.PublicService/Female/Experienced/ckmk_a_ps_f_e_186013.wav"}}}