{"version":"1.0","dataSet":{"info":{"date":"20230116","occupation":"PS","channel":"MOCK","place":"ONLINE","gender":"FEMALE","ageRange":"-34","experience":"EXPERIENCED"},"question":{"raw":{"text":"만약 일을 하던 중에 직무가 적성에 맞지 않는다면 어떻게 하실 건가요 상황을 가정하고 구체적으로 말씀 부탁드립니다","wordCount":16},"emotion":[],"intent":[]},"answer":{"raw":{"text":"저는 선임들이나 팀장님께 먼저 상담을 요청할 것입니다. 아무래도 직무에 있어 많은 경험들을 통해 저에 고충을 알고 이해해 주실 분들은 선임 이상에 선배님들이기 때문입니다. 그분들과에 대화를 통해 저의 직무 능력에 대한 평가도 듣고 제가 보완해야 할 점이나 여러 가지 것들에 대한 조언을 들어본 다음 제가 앞으로 이 직무를 계속해서 해 나갈 수 있을지에 대해 스스로에 성찰의 시간을 가질 것입니다. 그 시간들을 통해 제 부족한 부분을 좀 더 채우다 보면 처음부터 잘하는 사람은 없는 것처럼 제 스스로 직무 능력도 길러질 것이고 또 그렇게 경력이 쌓이다 보면 어느새 이런 고민을 하던 저와 같은 모습에 후임들에게도 진심 어린 조언을 해주는 좋은 선임이 되어 있지 않을까 싶습니다.","wordCount":102},"emotion":[],"intent":[{"text":"","expression":"","category":"attitude"}],"summary":{"text":"저는 선임들이나 팀장님께 먼저 상담을 요청할 것입니다. 그 분들과 대화를 통해 저의 직무 능력에 대한 평가도 듣고 보완점이나 조언을 듣고 스스로에 성찰의 시간을 가질 것입니다. 그렇게 경력이 쌓이다보면 후임들에게도 진심 어린 조언을 해주는 좋은 선임이 될 수 있을 것입니다.","wordCount":39}}},"rawDataInfo":{"question":{"fileFormat":"wav","fileSize":610638,"duration":19080,"samplingBit":16,"channelCount":1,"samplingRate":"16kHz","audioPath":"/Mock/03.PublicService/Female/Experienced/ckmk_q_ps_f_e_226480.wav"},"answer":{"fileFormat":"wav","fileSize":1886158,"duration":58940,"samplingBit":16,"channelCount":1,"samplingRate":"16kHz","audioPath":"/Mock/03.PublicService/Female/Experienced/ckmk_a_ps_f_e_226480.wav"}}}