{"version":"1.0","dataSet":{"info":{"date":"20230116","occupation":"PS","channel":"MOCK","place":"ONLINE","gender":"FEMALE","ageRange":"55-","experience":"EXPERIENCED"},"question":{"raw":{"text":"지원자님은 몇 년 전에 있었던 우버 택시와 관한 논란을 알고 계신가요 알고 계신다면 지원자님께서는 찬반 양론에 대해 각각 어떻게 생각하고 있나요","wordCount":21},"emotion":[],"intent":[]},"answer":{"raw":{"text":"미국에서 우버 택시가 자율주행 택시로 운행하는 것에 대한 시험이 있었습니다. 그렇게 알고 있는데 그 당시 어 옆에 동승자가 없이 우버 택시가 자율주행하는 것에 대한 논란이 많았습니다. 제 생각에는 아직은 개발이 좀 덜 돼 있고 에이아이 지능에 대한 인간의 불신이 아직은 남아 있다고 생각합니다. 그래서 우버 택시를 자율주행으로 하면서 시험 운행하면서 동승자를 함께 하면서 종전에 시험했을 때에도 자율주행이었는데 교통 신호를 위반하는 것이 발견되기도 하였기 때문에 좀 더 에이아이가 세밀화되고 믿을 만하게 될 때까지는 함께 더불어서 동승자와 함께 하면서 테스트 하 테스트 하는 것이 좋을 것 같습니다. 완전 반대는 하지 않지만 완전 찬성도 아닌 것 같습니다.","wordCount":94},"emotion":[],"intent":[{"text":"","expression":"","category":"attitude"}],"summary":{"text":"미국의 우버 택시가 자율주행 택시로 운행하는 시험이 있었습니다. 그 당시 동승자가 없이 자율주행하는 것에 논란이 많았습니다. 에이아이 지능에 대한 인간의 불신이 아직 남아 있다고 생각합니다. 좀 더 믿을 만할 때까지 동승자와 함께 하는 것이 좋겠습니다.","wordCount":35}}},"rawDataInfo":{"question":{"fileFormat":"wav","fileSize":585678,"duration":18300,"samplingBit":16,"channelCount":1,"samplingRate":"16kHz","audioPath":"/Mock/03.PublicService/Female/Experienced/ckmk_q_ps_f_e_244860.wav"},"answer":{"fileFormat":"wav","fileSize":2265998,"duration":70810,"samplingBit":16,"channelCount":1,"samplingRate":"16kHz","audioPath":"/Mock/03.PublicService/Female/Experienced/ckmk_a_ps_f_e_244860.wav"}}}