{"version":"1.0","dataSet":{"info":{"date":"20230116","occupation":"PS","channel":"MOCK","place":"ONLINE","gender":"FEMALE","ageRange":"35-44","experience":"EXPERIENCED"},"question":{"raw":{"text":"면접을 보러 오는 중에 교통사고가 났습니다 지원자님은 무사하지만 주위의 다른 사람들이 위급하다면 어떻게 행동할 것입니까","wordCount":15},"emotion":[],"intent":[]},"answer":{"raw":{"text":"면접을 보러 오는데 교통 사고가 나서 저는 무사하지만 주위 사람들이 위급하다면 저는 어 다친 사람들을 먼저 도와주고 어 면접 시간에 어 최대한 갈 수 있다면 가고 어 시간이 없다면 어 면접을 포기하겠습니다. 면접은 다른 기회가 있지만 어 주위 사람들은 생명의 위협을 느낄 수도 있고 또 어떻게 크게 다쳤을지 모르기 때문에 만약에 그 순간에 어 제가 도움을 주지 못하면 어 위급한 상황이 생길 수도 있기 때문입니다. 그래서 저는 먼저 어 심호흡을 할 수 있다면 심호흡을 필요한 사람들에게 심폐소생술을 하고 어 먼저 어 일일구 에 전화를 해서 위급차가 빠르게 올 수 있도록 그것들을 진행을 하고 만약에 어 다친 부분이 크다면 제가 어 지혈을 할 수 있다면 지혈을 해서 최대한 어 최대한의 그런 상처들을 어 손실들을 막을 수 있도록 노력을 하겠습니다. 그래서 다른 사람들이 도와줄 수 있다면 그것들을 하고 어 면접관에게 이야기해서 그 상황들을 이야기를 해서 혹시 다른 시간에 면접을 볼 수 있는지 얘기해 보고 그것들을 가능하다면 면접을 볼 수 있는 도움을 요청을 하겠습니다. 그러나 더 중요한 것은 사람의 생명을 살리고 또 도움을 주는 것이기 때문에 음 한 가지만 선택을 해야 한다면 저는 면접을 포기하고 사람들의 생명을 살리는데 도움을 주는 일을 먼저 하겠습니다.","wordCount":180},"emotion":[],"intent":[{"text":"","expression":"","category":"attitude"}],"summary":{"text":"교통 사고로 인해 면접을 보는 사람이 위급하다면 면접을 포기하고 심폐소생술, 일일구에 전화해 응급차가 빠르게 올 수 있도록 하며, 지혈을 해서 손상들을 막을 수 있도록 노력하겠습니다. 다른 사람이 도움을 줄 수 있다면 그 상황을 설명하고 면접관에게 면접을 볼 수 있는 지원을 요청하겠습니다. 그러나 더 중요한 것은 사람의 생명을 살리는 일이기에 한 가지 선택만 한다면 면접을 포기하겠습니다.","wordCount":55}}},"rawDataInfo":{"question":{"fileFormat":"wav","fileSize":410318,"duration":12820,"samplingBit":16,"channelCount":1,"samplingRate":"16kHz","audioPath":"/Mock/03.PublicService/Female/Experienced/ckmk_q_ps_f_e_241172.wav"},"answer":{"fileFormat":"wav","fileSize":3849678,"duration":120300,"samplingBit":16,"channelCount":1,"samplingRate":"16kHz","audioPath":"/Mock/03.PublicService/Female/Experienced/ckmk_a_ps_f_e_241172.wav"}}}