{"version":"1.0","dataSet":{"info":{"date":"20230116","occupation":"PS","channel":"MOCK","place":"ONLINE","gender":"FEMALE","ageRange":"55-","experience":"EXPERIENCED"},"question":{"raw":{"text":"본인이 생각하셨을 때 본인은 교번 근무에 잘 적응할 수 있는 사람이라고 생각하시나요 그렇다면 그 근거도 같이 말씀해 주세요","wordCount":18},"emotion":[],"intent":[]},"answer":{"raw":{"text":"아니요 저는 저는 그것도 잘 뭔지도 모르겠어요 지금. 뭐 철도 철도 쪽 그 직원분들이 많이 한다고는 알았는데 저는 개인적으로 안 맞는 것 같아요. 불규칙하고 음 우선 이 잠이 불규칙하면 힘들어요. 저는 저는 밤에는 꼭 자야 되는 사람이라 또 제가 아침에 잠이 없어요. 좀 일찍 깨는 편이에요. 그래서 밤에는 꼭 자야 되기 때문에 그 기운으로 이제 아침을 열면서 네 또 이제 새로운 어떤 하루를 시작하는 마음으로 무언가를 다 할 수 있을 것 같은 그런 에너지를 느끼기 때문에 그러한 생활 패턴이 제 인생 내내 이어졌기 때문에 이게 계속 바뀐다 심지어 그 그 왔다 갔다 하는 근무 패턴에서 그 시간도 바뀐다 이러면 저는 우선 제 스케줄을 외우는 것도 불가능할 거 같애요. 그래서 그게 일로 한다면 일에 지장을 줄 것 같아서 불가능하게 될 것 같습니다.","wordCount":121},"emotion":[],"intent":[{"text":"","expression":"","category":"attitude"}],"summary":{"text":"저는 잠을 불규칙하게 자면 힘든데, 특히 아침을 여는 아침이 되면 새로운 하루를 시작하는 마음으로 무언가를 다 할 수 있을 것 같은 에너지를 느끼기 때문입니다. 근무패턴이 계속 바뀐다면 제 일정을 외우는 것도 불가능할 것 같습니다.","wordCount":34}}},"rawDataInfo":{"question":{"fileFormat":"wav","fileSize":371278,"duration":11600,"samplingBit":16,"channelCount":1,"samplingRate":"16kHz","audioPath":"/Mock/03.PublicService/Female/Experienced/ckmk_q_ps_f_e_178027.wav"},"answer":{"fileFormat":"wav","fileSize":2860878,"duration":89400,"samplingBit":16,"channelCount":1,"samplingRate":"16kHz","audioPath":"/Mock/03.PublicService/Female/Experienced/ckmk_a_ps_f_e_178027.wav"}}}