{"version":"1.0","dataSet":{"info":{"date":"20230116","occupation":"PS","channel":"MOCK","place":"ONLINE","gender":"FEMALE","ageRange":"55-","experience":"EXPERIENCED"},"question":{"raw":{"text":"지원자님은 시험 기간이나 시 시간이 촉박할 때 어떤 식으로 시간 관리를 하시나요 지원자님만의 특별한 시간 관리법이 있다면 답변해 주세요","wordCount":19},"emotion":[],"intent":[]},"answer":{"raw":{"text":"저는 시험 기간 닥쳐서 공부하지는 않았습니다. 시간이 촉박하다 하더라도 제 나름대로의 루틴한 방법을 적용했습니다. 어려운 시험 문제를 나중에 생각하고 과목별로 쉬운 과목을 먼저 마스터 해 놓고 그리고 제일 어려운 과목을 맨 마지막에 하 하였으며 시간 분배도 쉬운 과목을 일로 보면 어려운 과목에 대한 시간 배분은 십 이상으로 하여 어려운 과목에 시간 배분을 많이 하였습니다. 그래서 시간이 촉박하다고 하면 쉬운 과목을 빨리 해서 더 이상 문제 없게 하고 그다음에 어려운 과목을 공부해서 그 어려운 과목이 다 마스터 될 때까지 어 관리 했습니다. 그리고 시간이 촉박할 때는 어 밤을 새워서라도 어 시험 공부를 했구요. 밤을 세우고 어 공부를 하게 되면 어려운 과목을 그 다음 맨 첫 시간에 시험 보는 과목 중 과목을 위주로 맨 첫 시간에 시험 보는 과목을 맨 마지막 시간에 시간 배분을 해서 공부를 하였습니다.","wordCount":125},"emotion":[],"intent":[{"text":"","expression":"","category":"attitude"}],"summary":{"text":"저는 시간이 촉박하더라도 루틴한 방법을 적용했습니다. 쉬운 과목을 먼저 마스터 한 후 제일 어려운 과목을 마지막에 하였고 시간 분배도 쉬운 과목으로 보면 어려운 과목에 시간 배분을 많이 했습니다. 그리고 어려운 과목은 맨 첫 시간에 시험 보는 과목을 맨 마지막 시간에 공부했었습니다.","wordCount":41}}},"rawDataInfo":{"question":{"fileFormat":"wav","fileSize":583758,"duration":18240,"samplingBit":16,"channelCount":1,"samplingRate":"16kHz","audioPath":"/Mock/03.PublicService/Female/Experienced/ckmk_q_ps_f_e_247663.wav"},"answer":{"fileFormat":"wav","fileSize":2544078,"duration":79500,"samplingBit":16,"channelCount":1,"samplingRate":"16kHz","audioPath":"/Mock/03.PublicService/Female/Experienced/ckmk_a_ps_f_e_247663.wav"}}}