{"version":"1.0","dataSet":{"info":{"date":"20230116","occupation":"PS","channel":"MOCK","place":"ONLINE","gender":"FEMALE","ageRange":"55-","experience":"EXPERIENCED"},"question":{"raw":{"text":"본인이 생각하는 본인의 노년은 어떤 모습이었으면 좋겠는지 본인이 그리는 이상적인 노년의 모습을 말씀해 주세요","wordCount":14},"emotion":[],"intent":[]},"answer":{"raw":{"text":"남편과 함께 건강하게 서로 집 근처에 있는 서울 로 길을 산책하며 매일매일 걸으면서 아침을 시작하고 싶습니다. 아침에 일찍 일어나 건강하게 서울로 길을 한 바퀴 돌고 들어와서 둘이서 함께 따뜻한 커피 한 잔을 마시면서 좋아하는 음악을 함께 들으며 대화하는 것을 상상해 봅니다. 그리고 각자 그 날의 일과를 남편은 종교 생활을 좋아해서 어 좋은 교양 종교 테마에 관한 교육을 받는다거나 수영을 한다거나 그리고 국선도를 한다거나 이렇게 운동도 함께 하고 있는 게 좋겠고요. 저는 나름대로 제가 좋아하는 사회 공헌 일자리에서 보람 일자리로서 전직 지원 상담 직업 상담 취업 상담 생애 설계 상담을 하면서 주 이 삼 회는 사회 공헌을 위한 일을 하고 나머지 날들은 제가 좋아하는 박물관에서 도슨트 봉사를 하면서 건강하게 노년을 보내고 싶습니다.","wordCount":111},"emotion":[],"intent":[{"text":"","expression":"","category":"attitude"}],"summary":{"text":"남편과 함께 걸으며 아침을 시작하고 싶습니다. 커피 한 잔과 함께 음악을 들으며 대화를 상상해 봅니다. 각자 날의 일과는 종교 테마에 관한 교육을 받거나 수영이나 국선도 같은 운동을 함께 하는 게 좋겠습니다. 나머지는 박물관에서 도슨트 봉사를 하면서 노년을 보내겠습니다.","wordCount":38}}},"rawDataInfo":{"question":{"fileFormat":"wav","fileSize":337038,"duration":10530,"samplingBit":16,"channelCount":1,"samplingRate":"16kHz","audioPath":"/Mock/03.PublicService/Female/Experienced/ckmk_q_ps_f_e_244953.wav"},"answer":{"fileFormat":"wav","fileSize":2772558,"duration":86640,"samplingBit":16,"channelCount":1,"samplingRate":"16kHz","audioPath":"/Mock/03.PublicService/Female/Experienced/ckmk_a_ps_f_e_244953.wav"}}}