{"version":"1.0","dataSet":{"info":{"date":"20230116","occupation":"PS","channel":"MOCK","place":"ONLINE","gender":"FEMALE","ageRange":"45-54","experience":"EXPERIENCED"},"question":{"raw":{"text":"의사소통을 잘 할 수 있는 본인만의 스킬이 있다면 말씀을 해 주시구요 지금 바로 보여주셔도 좋습니다","wordCount":15},"emotion":[],"intent":[]},"answer":{"raw":{"text":"커뮤니케이션을 잘 할 수 있는 요소는 두 가지라고 생각을 하는데요. 첫 번째는 그 사람이 마음의 문을 열 수 있도록 어 그 사람에 칭찬을 해 준다 라던가 어떤 공통점을 찾아서 조금은 이제 그 사람에게 친근감을 보이는 것이라고 생각을 합니다. 예를 들어서 어 오늘 날씨 갑자기 비가 오는데 우산은 갖고 오셨어요 혹은 어 그 타이 색깔 흔치 않은 건데 잘 어울리시네요 그 이 가벼운 칭찬을 통해서 상대방의 마음을 여는 것이구요. 두 번째는 그 사람이 어떤 이야기를 할 때 잘 들어주는 것이 어떤 커뮤니케이션을 할 수 있는 좋은 스킬이 아닌가 생각을 합니다. 그 사람이 이 얘기를 듣다 보면 어떤 문제가 있는 것인지 요구사항은 어떤 것인지 어 분명히 나와 있을 거라고 생각을 합니다. 그런데 그 부분은 놓치지 않고 잘 들어야지만 문제를 해결할 수 있기 때문에 어 커뮤니케이션이의 좋은 스킬은 바로 어 친밀감을 통한 그 사람 마음 열기 두 번째는 경청이 아닌가 생각을 합니다.","wordCount":139},"emotion":[],"intent":[{"text":"","expression":"","category":"attitude"}],"summary":{"text":"커뮤니케이션을 잘 할 수 있는 요소는 두 가지가 있습니다. 첫 번째는 그 사람이 마음의 문을 열 수 있도록 그 사람에게 친근감을 보이는 것입니다. 두 번째는 어떤 이야기를 할 때 잘 들어주는 것입니다. 이 두 가지는 커뮤니케이션의 좋은 스킬입니다.","wordCount":38}}},"rawDataInfo":{"question":{"fileFormat":"wav","fileSize":353038,"duration":11030,"samplingBit":16,"channelCount":1,"samplingRate":"16kHz","audioPath":"/Mock/03.PublicService/Female/Experienced/ckmk_q_ps_f_e_244219.wav"},"answer":{"fileFormat":"wav","fileSize":1913038,"duration":59780,"samplingBit":16,"channelCount":1,"samplingRate":"16kHz","audioPath":"/Mock/03.PublicService/Female/Experienced/ckmk_a_ps_f_e_244219.wav"}}}