{"version":"1.0","dataSet":{"info":{"date":"20230116","occupation":"PS","channel":"MOCK","place":"ONLINE","gender":"FEMALE","ageRange":"45-54","experience":"EXPERIENCED"},"question":{"raw":{"text":"업무 중에 분쟁에 발생할 때를 대비한 본인만의 대처법이 있으신가요 있으시다면 어떤 대처법이 있으신지 궁금합니다","wordCount":14},"emotion":[],"intent":[]},"answer":{"raw":{"text":"업무시 분쟁이 발생할 때를 대비한 저만의 대처법으로는 먼저 음 업 분쟁이 발생한게된 원인을 파악하는 것입니다. 일단 가장 그 분쟁을 일으킨 원인을 가장 먼저 찾는데 그것이 사람일 수도 있고 아니면 일 자체일 수도 있는데 사람인 경우에는 보통 그 해당되는 업무 분쟁을 일으킨 사람을 일단 불러놓고 왜 그랬는지 이유가 무엇인지 그리고 무엇 때문에 이런 문제가 발생했는지 그 사람한테 먼저 예 질문을 하고 그 이유에 대해서 듣습니다. 어 업무적으로 문제가 있는 경우에도 보통은 어 사람과 사람 사이에 인간대 인간과에 관계 속에서 보통 문제가 더 많이 발생하기 때문에 업무의 분쟁은 어떤 사람과 사람 사이에 분쟁이 먼저였다고 생각하기 때문에 일단 해당 당사자를 불러 놓고 그리고 각자 얘기를 하던 같이 대화를 하던 뭐 이런 식으로 대화를 먼저 시작하는 것이 저만의 분쟁 해결 방법입니다.","wordCount":117},"emotion":[],"intent":[{"text":"어 업무적으로 문제가 있는 경우에도 보통은 어 사람과 사람 사이에 인간대 인간과에 관계 속에서 보통 문제가 더 많이 발생하기 때문에 업무의 분쟁은 어떤 사람과 사람 사이에 분쟁이 먼저였다고 생각하기 때문에 일단 해당 당사자를 불러 놓고 그리고 각자 얘기를 하던 같이 대화를 하던 뭐 이런 식으로 대화를 먼저 시작하는 것이 저만의 분쟁 해결 방법입니다.","expression":"c_confl_mg","category":"personality"}],"summary":{"text":"업무시 분쟁이 발생할 때를 대비한 저만의 대처법은 분쟁 발생의 원인을 파악하는 것입니다. 분쟁을 일으킨 사람을 불러놓고 그 이유와 질문을 하고 이유를 듣습니다. 보통 인간과 인간 사이에 문제가 더 많이 발생하기 때문에 우선 해당 당사자를 불러놓고 대화를 먼저 시작하는 것이 좋습니다.","wordCount":40}}},"rawDataInfo":{"question":{"fileFormat":"wav","fileSize":503758,"duration":15740,"samplingBit":16,"channelCount":1,"samplingRate":"16kHz","audioPath":"/Mock/03.PublicService/Female/Experienced/ckmk_q_ps_f_e_183193.wav"},"answer":{"fileFormat":"wav","fileSize":2713678,"duration":84800,"samplingBit":16,"channelCount":1,"samplingRate":"16kHz","audioPath":"/Mock/03.PublicService/Female/Experienced/ckmk_a_ps_f_e_183193.wav"}}}