{"version":"1.0","dataSet":{"info":{"date":"20230116","occupation":"PS","channel":"MOCK","place":"ONLINE","gender":"FEMALE","ageRange":"35-44","experience":"EXPERIENCED"},"question":{"raw":{"text":"협업을 할 때 가장 중요하게 생각하시는 것은 무엇인가요 또한 왜 지원자님은 그것이 가장 중요하다고 생각하시는지 말씀해 주세요","wordCount":17},"emotion":[],"intent":[]},"answer":{"raw":{"text":"저는 협업을 할 때 가장 중요하게 생각하는 것은 목표라고 생각합니다. 협업은 새로운 가치를 만드는 과정입니다. 혼자서는 상상할 수도 없는 일들이 다양한 사람들과 함께 일하다 보면 가능해지기도 합니다. 하지만 공동의 목표가 없는 사람들이 함께 일을 하면 갈등과 혼란만 빚어지고 정작 성과와는 멀어지게 됩니다. 그렇기 때문에 여러 직무가 협업하기 위해서는 차이를 딛고 끈기 있게 대화할 만큼 강력한 동기 즉 목표가 필요합니다. 그리고 협업은 단순히 함께 일하는 것이 전부가 아니라 서로 다른 직무나 부서의 사람들이 함께 일하기 위해서는 목표 뿐만이 아니라 소통의 원활함도 필요합니다. 협업을 통해 만들어지는 결과물은 기업이 성장하고 혁신하기 위한 재료가 됩니다. 따라서 저는 협업을 할 때에는 구성원들이 공동의 목표를 위해 함께 대화하고 일하는 것이 목표가 것이기 때문에 목표가 제일 중요하다고 생각을 합니다.","wordCount":112},"emotion":[],"intent":[{"text":"그리고 협업은 단순히 함께 일하는 것이 전부가 아니라 서로 다른 직무나 부서의 사람들이 함께 일하기 위해서는 목표 뿐만이 아니라 소통의 원활함도 필요합니다.","expression":"c_cop","category":"personality"},{"text":"따라서 저는 협업을 할 때에는 구성원들이 공동의 목표를 위해 함께 대화하고 일하는 것이 목표가 것이기 때문에 목표가 제일 중요하다고 생각을 합니다.","expression":"c_cop","category":"personality"}],"summary":{"text":"협업은 새로운 가치를 만드는 과정이므로, 구성원들이 공동의 목표를 위해 함께 대화하고 일하는 것이 목표이므로 협업 시 가장 중요하게 생각하는 것은 목표입니다.","wordCount":21}}},"rawDataInfo":{"question":{"fileFormat":"wav","fileSize":593998,"duration":18560,"samplingBit":16,"channelCount":1,"samplingRate":"16kHz","audioPath":"/Mock/03.PublicService/Female/Experienced/ckmk_q_ps_f_e_240935.wav"},"answer":{"fileFormat":"wav","fileSize":2071758,"duration":64739,"samplingBit":16,"channelCount":1,"samplingRate":"16kHz","audioPath":"/Mock/03.PublicService/Female/Experienced/ckmk_a_ps_f_e_240935.wav"}}}