{"version":"1.0","dataSet":{"info":{"date":"20230116","occupation":"PS","channel":"MOCK","place":"ONLINE","gender":"FEMALE","ageRange":"35-44","experience":"EXPERIENCED"},"question":{"raw":{"text":"본인이 창의적으로 어떤 문제를 해결한 경험이 있습니까 그 과정을 최대한 자세하게 설명해 주세요","wordCount":13},"emotion":[],"intent":[]},"answer":{"raw":{"text":"음 제가 창의적으로 어떤 문제를 해결한 경험이 있는지에 대해서 이야기를 하자면 제가 어 교사로 일을 할 때 음 학습 부진아 학생들을 맡았는데 그 학생들은 공부하는 방법을 잘 알지 못했고 또 자신이 어 노력해 되는 동기도 부족했고 또 어떻게 공부를 할지 몰라서 어려운 상황 가운데 있었습니다. 그렇게 할 때 제가 어 그 학생들에게 그룹 어글을 어 주어서 그 문제들을 해결하게 했는데 음 문법을 배울 때 그 학생들이 어 그 문법을 이해하고 적용하고 또 사용하는 데 어려움을 많이 겪고 있었습니다. 그래서 그 학생들에게 제가 간단하게 어 문법을 설명을 하고 어 그것들을 어 시청각 자료를 통해서 그것들을 보여주고 난 후에 그 학생들 스스로 문제를 해결을 하는데 어 그것들을 어 스스로 음 자기가 이해한 대로 학생들에게 차례를 돌아가면서 어 문제를 풀어보라고 했습니다. 그래서 어 학생들이 어 자기가 이해한 대로 설명을 하면서 자기 자신이 스스로 알지 못하는 부분을 찾아내게 되었고 자기가 알고 있는 것 같고 이해한 것 같지만 실질적으로 사용을 하기에는 어려운 점이 있었기 어려운 점을 찾아내어서 그런 정확하지 못한 개념들에 대해서 정확하게 이해를 하게 되었고 또 그것들을 어 설명을 하면서 어 선생님이 일방적으로 설명하는 것보다 그 학생들 스스로 설명하고 또 어려움이 있는 학생들을 도와주면서 그 학생들이 창의적으로 그것들을 해결해 나는 나갈 수 있도록 어 과제를 준 경험이 있습니다.","wordCount":194},"emotion":[],"intent":[{"text":"","expression":"","category":"attitude"}],"summary":{"text":"학습 부진아 학생들을 맡았을 때, 학생들이 이해하고 적용하고 사용하는데 어려움을 많이 겪고 있었습니다. 그래서 학생들에게 문법에 대한 설명을 하고 시청각 자료를 보여주고 난 후에 학생들이 스스로 문제를 해결하도록 했습니다. 그 결과 학생들이 스스로 알지 못하는 부분을 찾아내고 정확하게 이해를 하게 되었고, 학생들이 창의적으로 해결해 나갈 수 있도록 과제를 준 경험이 있습니다.","wordCount":51}}},"rawDataInfo":{"question":{"fileFormat":"wav","fileSize":307278,"duration":9600,"samplingBit":16,"channelCount":1,"samplingRate":"16kHz","audioPath":"/Mock/03.PublicService/Female/Experienced/ckmk_q_ps_f_e_237497.wav"},"answer":{"fileFormat":"wav","fileSize":3848398,"duration":120260,"samplingBit":16,"channelCount":1,"samplingRate":"16kHz","audioPath":"/Mock/03.PublicService/Female/Experienced/ckmk_a_ps_f_e_237497.wav"}}}