{"version":"1.0","dataSet":{"info":{"date":"20230116","occupation":"PS","channel":"MOCK","place":"ONLINE","gender":"FEMALE","ageRange":"35-44","experience":"EXPERIENCED"},"question":{"raw":{"text":"지원자님께서 지금 지원하신 직무가 따로 있는데요 만약에 회사에 들어와서 그 직무가 아닌 다른 부서에 배치가 된다면 어떻게 하시겠습니까 그래도 괜찮으시겠습니까","wordCount":20},"emotion":[],"intent":[]},"answer":{"raw":{"text":"제가 다른 부서에 배치가 된다면 그것에 대한 이유도 있다고 생각을 합니다. 그렇기 때문에 지금 다른 부서에 들 있더라도 제가 다른 부서에서 일을 하다 보면은 그 능력을 인정받아 제가 원래 지원했던 부서에 이동 할 수도 있는 것이고 저는 알지도 못 알지 못했는데 오히려 다른 부서에 적응 제가 적성에 맞고 잘 할 수 있으는 기회가 생긴 거라고 생각을 합니다. 그렇기 때문에 일단 다른 부서에 가서 일을 배우고 그곳에서 적응을 할 수 있도록 노력을 해 보고 같습니다. 그렇게 하다가 정 힘들고 안된다면은 상사나 다른 분에게 사유를 말을 하며 이동을 시켜 달라고 말을 해 볼 수는 있겠지만 해보지도 않고 싫다 라고 말하지는 않을 것 같습니다.","wordCount":101},"emotion":[],"intent":[{"text":"","expression":"","category":"attitude"}],"summary":{"text":"다른 부서 배치에 대한 이유도 있다고 생각하므로 일단 다른 부서에서 일을 배우고 적응을 할 수 있도록 노력을 해 보고 싶습니다. 만약 불가능하다면 상사나 다른 분에게 이동을 시켜 달라고 말을 해 볼 수는 있겠지만 해보지도 않고 싫다고 말하지는 않을 것 같습니다.","wordCount":40}}},"rawDataInfo":{"question":{"fileFormat":"wav","fileSize":529998,"duration":16560,"samplingBit":16,"channelCount":1,"samplingRate":"16kHz","audioPath":"/Mock/03.PublicService/Female/Experienced/ckmk_q_ps_f_e_236178.wav"},"answer":{"fileFormat":"wav","fileSize":1776078,"duration":55500,"samplingBit":16,"channelCount":1,"samplingRate":"16kHz","audioPath":"/Mock/03.PublicService/Female/Experienced/ckmk_a_ps_f_e_236178.wav"}}}