{"version":"1.0","dataSet":{"info":{"date":"20230116","occupation":"PS","channel":"MOCK","place":"ONLINE","gender":"FEMALE","ageRange":"45-54","experience":"EXPERIENCED"},"question":{"raw":{"text":"현대 사회에서는 없어서는 안 될 가장 중요하다고 생각하시는 직업을 한 가지만 골라서 말씀해 주시겠습니까","wordCount":14},"emotion":[],"intent":[]},"answer":{"raw":{"text":"어 현대사회는 인간 소외의 어 사회라고 생각합니다. 어 일단 인간들이 하는 일을 컴퓨터가 많이 대체하고 있고 그리고 어 인간들은 어 미디어에 계속해서 노출되고 어 그리고 음 인간은 사회적 동물인데 점점 길어 그러한 환경의 변화로 인해서 소외되면서 마음의 상처를 많이 입습니다. 어 특히 인간이 가장 근본적인 뿌리을 들고 있는 가정 가정의 해체라든지 어 개개인들의 정서적으로 불안해 짐으로 인해서 제대로 된 가족 구성원의 역할을 못 하게 되고 그리고 가족 구성원의 끈끈한 어떤 구성원으로서의 그런 어 심리적인 유대감 같은 것이 굉장히 와해되어서 그 기본 심리적 기재가 와해되다 보니 상처와 치유를 안고 사는 사람들이 굉장히 많습니다. 그래서 상담 심리학과 같은 어 그 전공해서 상담 심리상담사로 사람들의 마음을 다스리고 그 마음의 상처들을 치유해 낼 수 있는 직업을 필수 직업으로 꼽고 싶습니다. 그런데 이것은 인공지능이나 에이아이가 절대로 대체할 수 없는 부분이기 때문에 소통을 통해서만 가능한 것이기 때문에 더더욱 현대사회에서는 심리 상담사 쪽의 직업은 필수적이고 없어서는 안 될 직업이라고 생각합니다.","wordCount":143},"emotion":[{"text":"그런데 이것은 인공지능이나 에이아이가 절대로 대체할 수 없는 부분이기 때문에 소통을 통해서만 가능한 것이기 때문에 더더욱 현대사회에서는 심리 상담사 쪽의 직업은   필수적이고 없어서는 안 될 직업이라고 생각합니다.","expression":"u-belief","category":"neutral"}],"intent":[{"text":"","expression":"","category":"attitude"}],"summary":{"text":"현대사회는 인간 소외의 사회라고 생각합니다. 컴퓨터의 많은 대체와 미디어 노출로 소외되면서 마음의 상처를 많이 입습니다. 상담 심리학과 같은 전공해서 심리상담사로 사람들의 마음을 다스리고 마음의 상처들을 치유해 낼 수 있는 직업을 필수로 꼽고 싶습니다. 인공지능이나 에이아이가 절대로 대체할 수 없기 때문에 더더욱 필수입니다.","wordCount":42}}},"rawDataInfo":{"question":{"fileFormat":"wav","fileSize":472398,"duration":14760,"samplingBit":16,"channelCount":1,"samplingRate":"16kHz","audioPath":"/Mock/03.PublicService/Female/Experienced/ckmk_q_ps_f_e_185771.wav"},"answer":{"fileFormat":"wav","fileSize":2676558,"duration":83640,"samplingBit":16,"channelCount":1,"samplingRate":"16kHz","audioPath":"/Mock/03.PublicService/Female/Experienced/ckmk_a_ps_f_e_185771.wav"}}}