{"version":"1.0","dataSet":{"info":{"date":"20230116","occupation":"PS","channel":"MOCK","place":"ONLINE","gender":"FEMALE","ageRange":"55-","experience":"EXPERIENCED"},"question":{"raw":{"text":"지원자님께서 일을 하다가 만약에 상사에게 어려운 지시를 받으시면 지원자님은 어떻게 하실 생각이십니까 그러한 이유도 함께 말씀해 주시기 바랍니다","wordCount":18},"emotion":[],"intent":[]},"answer":{"raw":{"text":"제가 처음 하는 일이나 모르는 일을 상사가 시켰을 경우에는 혼자서 끙끙 앓려고 하지 않습니다. 조금은 어렵더라도 상사에게 지시 받은 내용을 어떻게 처리하는 게 제일 빠르고 정확한 길인지 물어보고 이 일을 했던 선배나 후배에게 조언을 구하면서 이 일을 잘 정확하게 해결해 나갈 수 있도록 노력하려고 합니다. 어려운 지시가 처음엔 어려운 지시이지만 여러 번 하다 보면 그 일도 저한테 편안하게 다가오게 될 것 같기 때문입니다. 종전에는 어려우면 혼자서 참고 하려고 노력했지만 아 함께 사는 세상이고 사무실 일이 아무리 어려워도 그 이 안에 다 길이 있다는 거를 알게 되었습니다. 그까 경력이 그것을 말해준다고 생각하고요. 아무리 어려운 지시라도 제 능력과 그리고 옆 사람의 도움을 받아 받아서 잘 처리해서 완수하도록 하겠습니다.","wordCount":106},"emotion":[],"intent":[{"text":"조금은 어렵더라도 상사에게 지시 받은 내용을 어떻게 처리하는 게 제일 빠르고 정확한 길인지 물어보고 이 일을 했던 선배나 후배에게 조언을 구하면서 이 일을 잘 정확하게 해결해 나갈 수 있도록 노력하려고 합니다.","expression":"c_adp","category":"personality"}],"summary":{"text":"처음 하는 일이나 모르는 일을 상사가 시켰을 경우에는 혼자서 끙끙 앓으려 하지 않습니다. 아무리 어려운 지시라도 제 능력과 옆 사람의 도움을 받아 받아서 잘 처리해서 완수하도록 하겠습니다.","wordCount":27}}},"rawDataInfo":{"question":{"fileFormat":"wav","fileSize":556238,"duration":17380,"samplingBit":16,"channelCount":1,"samplingRate":"16kHz","audioPath":"/Mock/03.PublicService/Female/Experienced/ckmk_q_ps_f_e_244958.wav"},"answer":{"fileFormat":"wav","fileSize":2357838,"duration":73680,"samplingBit":16,"channelCount":1,"samplingRate":"16kHz","audioPath":"/Mock/03.PublicService/Female/Experienced/ckmk_a_ps_f_e_244958.wav"}}}