{"version":"1.0","dataSet":{"info":{"date":"20230116","occupation":"PS","channel":"MOCK","place":"ONLINE","gender":"FEMALE","ageRange":"45-54","experience":"EXPERIENCED"},"question":{"raw":{"text":"영어로 서류를 작성해야 하는 업무가 생길 수 있을 텐데 지원자님은 영어로 서류를 작성하는 데에 어려움이 없으신가요","wordCount":16},"emotion":[],"intent":[]},"answer":{"raw":{"text":"아 네 일단 뭐 영어로 서류를 작성할 수 있습니다. 아 사실 그 예전 뭐 교육을 받았을 때 뭐 쓰고 막 그 읽고 쓰고 이런 그 암기식 교육으로 영어 교육을 했기 때문에 어 서류 작성이라든지 뭐 쓰는 것 이런 거는 예 정말 자신 있게 잘 할 수 있구요. 사실 이제 어 듣고 말하는 것 이런 것에 대한 뭐 공부나 이런 게 부족했기 때문에 그것을 좀 더 잘 하기 위해서 그까 듣고 말하기 관련 공부도 하고 있고 다시 이제 영어로 서류 작성은 어 할 줄은 알고 잘 할 자신도 있지만 정말 해본 적은 그 시간이 좀 오래 전에 해봤었기 때문에 네 쪼금만 그 부분에 대해서도 공부를 한다면 이게 문제 없이 할 수 있다고 자신 있다고 말씀드리겠습니다.","wordCount":114},"emotion":[],"intent":[{"text":"","expression":"","category":"attitude"}],"summary":{"text":"예전에는 암기식 교육으로 영어 교육을 했기 때문에 서류 작성이나 쓰는 것은 자신 있게 잘 할 수 있습니다. 그리고 듣고 말하기 관련 공부도 하고 있고 영어 서류 작성은 오랜 시간이 걸렸기 때문에 조금만 더 공부를 한다면 될 것입니다.","wordCount":37}}},"rawDataInfo":{"question":{"fileFormat":"wav","fileSize":327758,"duration":10240,"samplingBit":16,"channelCount":1,"samplingRate":"16kHz","audioPath":"/Mock/03.PublicService/Female/Experienced/ckmk_q_ps_f_e_237286.wav"},"answer":{"fileFormat":"wav","fileSize":1910798,"duration":59710,"samplingBit":16,"channelCount":1,"samplingRate":"16kHz","audioPath":"/Mock/03.PublicService/Female/Experienced/ckmk_a_ps_f_e_237286.wav"}}}