{"version":"1.0","dataSet":{"info":{"date":"20230116","occupation":"PS","channel":"MOCK","place":"ONLINE","gender":"FEMALE","ageRange":"45-54","experience":"EXPERIENCED"},"question":{"raw":{"text":"평소에 개인 작업을 많이 하시는지 궁금하구요 어 그렇게 하신다면 어 그 원동력이 무엇인지도 궁금합니다","wordCount":14},"emotion":[],"intent":[]},"answer":{"raw":{"text":"평소에 개인 작업을 많이 하는 편입니다. 혼자 어 조용히 생각을 하고 그 생각들을 정리하는 것이 개인 작업을 할 수 있는 원동력이 되었다고 생각하는데요. 어 다른 사람과 모여서 브레인 스토밍을 통해 어떤 어 지식이나 이런 것을 얻거나 어떤 정보를 얻는 데 있어서는 그런 같이 하는 코 웍인 작업이 매우 좋기도 하지만 어 어떤 아웃풋을 디테일하게 낸다던가 하는 데 있어서는 개인 작업도 어 꽤 중요하고 이런 것을 할 수 있는 기본적인 원동력은 어 많이 생각하고 평상시 많이 정보를 흡수하고 그러기 위해서 인터넷을 통해 다양한 정보를 얻는다던가 신문이나 책 등을 통해서 어 새로운 정보를 계속해서 습득하는 등 이런 것들이 개인 작업을 하는 데 있어서 많은 도움이 되고 그 원동력이 된다고 생각합니다.","wordCount":108},"emotion":[],"intent":[{"text":"","expression":"","category":"attitude"}],"summary":{"text":"브레인 스토밍을 같이 하는 코웍인 작업이 매우 좋지만, 어떤 아웃풋을 디테일하게 내는 데 있어서는 개인 작업도 꽤 중요하고, 인터넷을 통해 다양한 정보를 얻는다거나 신문이나 책 등을 통해 새로운 정보를 습득하는 것들이 개인 작업을 하는 데 큰 도움이 됩니다.","wordCount":38}}},"rawDataInfo":{"question":{"fileFormat":"wav","fileSize":381518,"duration":11920,"samplingBit":16,"channelCount":1,"samplingRate":"16kHz","audioPath":"/Mock/03.PublicService/Female/Experienced/ckmk_q_ps_f_e_183195.wav"},"answer":{"fileFormat":"wav","fileSize":2485198,"duration":77660,"samplingBit":16,"channelCount":1,"samplingRate":"16kHz","audioPath":"/Mock/03.PublicService/Female/Experienced/ckmk_a_ps_f_e_183195.wav"}}}