{"version":"1.0","dataSet":{"info":{"date":"20230116","occupation":"PS","channel":"MOCK","place":"ONLINE","gender":"FEMALE","ageRange":"55-","experience":"EXPERIENCED"},"question":{"raw":{"text":"어 지원님이 생각하시기에 본인의 성격상 장점과 단점에 대해서 어 말씀해 주시길 바랍니다 어 구체적인 예시를 들어서 설명해 주시면 좋을 것 같습니다","wordCount":21},"emotion":[],"intent":[]},"answer":{"raw":{"text":"제 장점 중의 하나는 어떤 곳에든지 빠르게 잘 적응한다는 부분입니다. 물론 그 과정에 있어서 저도 가끔씩 스트레스를 받을 때도 있습니다. 다만 저는 업무와 제 일을 굉장히 잘 분리하는 편이고 이런 부분을 바탕으로 스트레스 관리를 굉장히 잘 하기 때문에 낯선 곳에 가더라도 잘 적응할 수 있다는 점을 어필 드리고 싶습니다. 다만 제 단점 중의 하나는 조금은 꼼꼼하지 못한다는 점인데요. 이런 부분을 보완하기 위해서 저는 평소에 메모하는 습관을 들여서 조금이라도 내가 놓치는 부분이 없도록 보완하기 위해 굉장히 노력 중에 있습니다.","wordCount":78},"emotion":[],"intent":[{"text":"제 장점 중의 하나는 어떤 곳에든지 빠르게 잘 적응한다는 부분입니다.","expression":"c_person","category":"background"},{"text":"다만 제 단점 중의 하나는 조금은 꼼꼼하지 못한다는 점인데요.","expression":"c_person","category":"background"}],"summary":{"text":"저는 업무와 제 일을 분리하는 편이기 때문에 낯선 곳에 가더라도 잘 적응할 수 있습니다. 하지만 조금이라도 놓치는 부분이 없도록 메모하는 습관을 들여서 보완하기 위해 굉장히 노력 중에 있합니다.","wordCount":28}}},"rawDataInfo":{"question":{"fileFormat":"wav","fileSize":480718,"duration":15020,"samplingBit":16,"channelCount":1,"samplingRate":"16kHz","audioPath":"/Mock/03.PublicService/Female/Experienced/ckmk_q_ps_f_e_239375.wav"},"answer":{"fileFormat":"wav","fileSize":2241998,"duration":70060,"samplingBit":16,"channelCount":1,"samplingRate":"16kHz","audioPath":"/Mock/03.PublicService/Female/Experienced/ckmk_a_ps_f_e_239375.wav"}}}