{"version":"1.0","dataSet":{"info":{"date":"20230116","occupation":"PS","channel":"MOCK","place":"ONLINE","gender":"FEMALE","ageRange":"55-","experience":"EXPERIENCED"},"question":{"raw":{"text":"지원자분께서 역사 속에서 가장 존경하는 인물을 말씀해 주시고 그 인물을 가장 존경하는 이유에 대해서도 함께 말씀해 주시기 바랍니다","wordCount":18},"emotion":[],"intent":[]},"answer":{"raw":{"text":"역사 속에서라 하면 저희는 어렸을 적 위인전을 도 많이 읽었지만 그래도 우리나라의 존경하는 인물은 안중근 의사인 것 같습니다. 안중근 의사에 대해서 새로운 조명으로 하는 영화도 보았고 책도 읽어보았습니다. 안중근 의사가 어 한 의병 활동 안중근 의사의 독립운동은 차마 우리는 그 상황이 됐을 때 어떻게 해낼 수 없는 초 초 인간적인 일을 하셨습니다. 그 인물을 가장 존경하는 이유는 독립운동이라 이라는 어려운 상황 속에서 어 조선의 어려운 그 상황 속에서도 자신을 버리고 국가라는 대한민국이라는 나라를 위해서 일제에 항거하는 그 독립 정신은 아무도 따라갈 수 없을 것 같습니다. 그렇게 어려운 일을 뭐 자기 자신을 버려가면서 하는 그 희생 정신은 어느 누구에게도 비할 수 없는 존경하는 인물이기 때문입니다. 안중근 의사의 그 크신 어 그 크신 그 그 마음 나라를 사랑하는 애국심을 에 를 크게 존경합니다.","wordCount":121},"emotion":[{"text":"안중근 의사의 그 크신 어 그 크신 그 그 마음 나라를 사랑하는 애국심을 에 를 크게 존경합니다.","expression":"p-affection","category":"positive"}],"intent":[{"text":"","expression":"","category":"attitude"}],"summary":{"text":"우리나라는 안중근 의사를 가장 존경합니다. 안중근 의사는 어려운 상황 속에서도 자신을 버리고 국가를 위해 항거한 희생정신은 누구에게도 비할 수 없는 인물이기 때문입니다. 안중근 의사의 그 크신 그 마음 나라를 사랑하는 애국심을 크게 존경합니다.","wordCount":33}}},"rawDataInfo":{"question":{"fileFormat":"wav","fileSize":473678,"duration":14800,"samplingBit":16,"channelCount":1,"samplingRate":"16kHz","audioPath":"/Mock/03.PublicService/Female/Experienced/ckmk_q_ps_f_e_245292.wav"},"answer":{"fileFormat":"wav","fileSize":2768078,"duration":86500,"samplingBit":16,"channelCount":1,"samplingRate":"16kHz","audioPath":"/Mock/03.PublicService/Female/Experienced/ckmk_a_ps_f_e_245292.wav"}}}