{"version":"1.0","dataSet":{"info":{"date":"20230116","occupation":"PS","channel":"MOCK","place":"ONLINE","gender":"FEMALE","ageRange":"55-","experience":"EXPERIENCED"},"question":{"raw":{"text":"어 얼마 전 구급 대원이 주취자에게 폭 폭행을 당해서 순직 당하는 일이 발생하고 말았습니다 어 지원자님께서는 이런 안타까운 사건에 대해서 어떻게 생각하시나요","wordCount":22},"emotion":[],"intent":[]},"answer":{"raw":{"text":"네 얼마 전에 구급 대원이 주취자에게 폭행을 당해서 순직 당하는 일이 있었는데요. 이런 일은 사실 있으면 안 됩니다. 그리고 아 술 먹은 사람한테 우리나라는 되게 관대한 법이 적용되는 게 저는 이해가 가지 않습니다. 술 먹은 사람들한테 좀 더 강한 벌을 내리는 게 저는 맞다고 봅니다. 술 먹었다고 해서 이 사람이 제정신이 아니다 그러면 제정신이 아닐 때까지 왜 먹게 합니까 예 그렇게 해서 사람들이 보통 나쁜 짓을 하고도 술 먹고 그다음에 제 정신이 아니었다 그렇게 해서 많이 넘어가는데 그건 아니라고 봅니다. 그다음에 구급 대원이 경찰들만큼 아주 위험한 곳에 노출이 되는 경우가 요즘에 되게 많습니다. 근데 경찰들은 사실 어 그 어 몽둥이도 있구요. 그다음에 총도 있지 않습니까 그런데 일 일 구 구급대원들은 그런 무기를 전혀 소지하고 있지 않는 것 같더라구요. 그런데 구급대원도 그만큼 위험에 노출되어 있기 때문에 아 공포 탄이라든가 아니면 몽동이 그런 것도 같이 소지할 수 있게 해주는 것이 저는 맞다고 봅니다. 경찰과 구급 대원은 사실 그렇게 큰 다른 일을 한다고 보진 않거든요. 위급한 사람을 위하 위할 그러니까 어 위하는 경우인데 왜 이런 술취한 사람들한테 맞아서 이렇게 돌아가시는 일이 있는지 이해가 되지 않습니다. 그래서 구급 대원들도 어 만약에 이런 위험에 노출됐을 때 자기 몸을 보호할 수 있는 몽둥이나 아니면 공포 탄을 꼭 어 가지고 다닐 수 있게 법이 바뀌어야 한다고 생각합니다. 아주 나쁜 일이 일어난 것이지요.","wordCount":205},"emotion":[],"intent":[{"text":"","expression":"","category":"attitude"}],"summary":{"text":"구급 대원이 주취자에게 폭행 당해 순직한 일이 있었는데, 술 취한 사람한테 관대한 법이 이해가 가지 않습니다. 구급대원이 경찰만큼 위험한 곳에 노출 되는 경우가 많은데, 경찰들은 몽둥이와 총도 소지하고 있지 않은데,구급대원도 그만큼 위험에 노출되어 있기 때문에 공포 탄이나 몽동이도 같이 소지할 수 있게 해주는 것이 맞다고 봅니다.","wordCount":46}}},"rawDataInfo":{"question":{"fileFormat":"wav","fileSize":494798,"duration":15460,"samplingBit":16,"channelCount":1,"samplingRate":"16kHz","audioPath":"/Mock/03.PublicService/Female/Experienced/ckmk_q_ps_f_e_242330.wav"},"answer":{"fileFormat":"wav","fileSize":3724878,"duration":116400,"samplingBit":16,"channelCount":1,"samplingRate":"16kHz","audioPath":"/Mock/03.PublicService/Female/Experienced/ckmk_a_ps_f_e_242330.wav"}}}