{"version":"1.0","dataSet":{"info":{"date":"20230116","occupation":"PS","channel":"MOCK","place":"ONLINE","gender":"FEMALE","ageRange":"35-44","experience":"EXPERIENCED"},"question":{"raw":{"text":"지원자님께서 배달의민족을 사용하시면서 그 서비스에 대해서 아쉬웠던 부분이 혹시 있으실까요 있다면 어느 부분이 아쉬웠는지 같이 말씀해 주시기 바랍니다","wordCount":18},"emotion":[],"intent":[]},"answer":{"raw":{"text":"저는 배달의민족을 음 처음 나왔을 때부터 굉장히 이용하던 많이 사용하던 사람이었는데 어느 순간부터 어 배달의민족을 통해서 자꾸 집안에 쓰레기가 많이 쌓이게 된다는 걸 깨닫게 되고 나서는 사실은 그 어플을 사용하지 않고 있습니다. 일단은 굉장한 편리함을 제공한 어플이지만 너무 상업 구조 자체에 많은 것들을 변화시켰고 저는 그게 좀 부정적으로 영향을 줬다고 생각을 해서 뭐 사실 배민을 사용하면서 서비스 부분보다는 그냥 그 존재 자체가 굉장히 유해한 어 변화였다 라는 생각을 많이 하고 있습니다. 그래서 뭐 쓰레기 문제도 있고 어떤 배달을 해야만 하는 어떤 자영업의 구조 자체도 그렇고 어 좀 모든 게 불신이 많이 생기면서 저는 이제 언제부턴가 그 어플을 사용하고 있지 않습니다.","wordCount":100},"emotion":[],"intent":[{"text":"","expression":"","category":"attitude"}],"summary":{"text":"배달의민족은 편리함을 주었지만 상업 구조 자체에 많은 것들을 변화시켰고 저에게는 부정적인 영향을 주었다고 생각되어 그 어플을 사용하지 않고 있습니다.","wordCount":19}}},"rawDataInfo":{"question":{"fileFormat":"wav","fileSize":404878,"duration":12650,"samplingBit":16,"channelCount":1,"samplingRate":"16kHz","audioPath":"/Mock/03.PublicService/Female/Experienced/ckmk_q_ps_f_e_181563.wav"},"answer":{"fileFormat":"wav","fileSize":2720078,"duration":85000,"samplingBit":16,"channelCount":1,"samplingRate":"16kHz","audioPath":"/Mock/03.PublicService/Female/Experienced/ckmk_a_ps_f_e_181563.wav"}}}