{"version":"1.0","dataSet":{"info":{"date":"20230116","occupation":"PS","channel":"MOCK","place":"ONLINE","gender":"FEMALE","ageRange":"55-","experience":"EXPERIENCED"},"question":{"raw":{"text":"대학에서 배운 지원자님의 전공 과목 중 가장 기억에 남는 과목을 한 가지 골라서 말씀해 주시겠습니까","wordCount":15},"emotion":[],"intent":[]},"answer":{"raw":{"text":"저는 대학에서 포르투칼어를 전공했습니다.포르투칼어를 배울 때에 포루투칼어를 중에 해석하는 강독 시간이 있었습니다. 그 시간 안에 어 나이 오 라임 오렌지 나무라는 바스 콘셀리우스가 쓴 어 브라킬 작가입니다. 유명한 작가인데 그 라이 나의 라임 오렌지 나무라는 그 작품이 제일 맘에 들었습니다. 그 그 챕터 중에 다섯 살짜리 꼬마 어린 아이가 어린 남자 아이가 어렵고 가난하고 빈민 생활 속에서 어린아이의 시각에서 사회를 보는 그 나무를 친구로 생각해서 의인화하여 대 대 거기에 대꾸하고 대답하고 의견을 문 주면서 성장해 나가는 그 과정이 굉장히 마음에 와 닿았고 그 당시 브라질의 그 상황을 어려웠던 사회 상황을 잘 이해할 수 있고 가난하고 어려운 중에도 동심을 잃지 않고 어른같이 행동하지 않으면서도 살고 있는 아이의 충분한 사랑을 느꼈습니다.","wordCount":109},"emotion":[{"text":"저는 대학에서 포르투칼어를 전공했습니다.","expression":"u-fact","category":"neutral"},{"text":"포르투칼어를 배울 때에 포루투칼어를 중에 해석하는 강독 시간이 있었습니다.","expression":"u-fact","category":"neutral"}],"intent":[{"text":"저는 대학에서 포르투칼어를 전공했습니다.","expression":"c_private","category":"background"}],"summary":{"text":"포루투칼어를 배울 때 해석하는 강독 시간에 브라킬 작가인 라이 저의 라임 오렌지 나무라는 작품을 읽었습니다. 그 중 다섯 살짜리 꼬마 아이가 가난하고 빈민 생활 속에서 어린아이의 시각에서 사회를 보는 나무를 친구로 생각하고 대꾸하고 대답하고 의견을 문 주면서 성장해 나가는 과정이 인상적이었습니다.","wordCount":41}}},"rawDataInfo":{"question":{"fileFormat":"wav","fileSize":353038,"duration":11030,"samplingBit":16,"channelCount":1,"samplingRate":"16kHz","audioPath":"/Mock/03.PublicService/Female/Experienced/ckmk_q_ps_f_e_244614.wav"},"answer":{"fileFormat":"wav","fileSize":2577358,"duration":80540,"samplingBit":16,"channelCount":1,"samplingRate":"16kHz","audioPath":"/Mock/03.PublicService/Female/Experienced/ckmk_a_ps_f_e_244614.wav"}}}