{"version":"1.0","dataSet":{"info":{"date":"20230116","occupation":"PS","channel":"MOCK","place":"ONLINE","gender":"FEMALE","ageRange":"35-44","experience":"EXPERIENCED"},"question":{"raw":{"text":"일을 하다 보면 공장 주민들의 과도한 민원에 시달리게 될 일이 있겠 있겠지요 이럴 때 그런 민원들을 어떻게 대응하시겠습니까","wordCount":18},"emotion":[],"intent":[]},"answer":{"raw":{"text":"어 일을 하다보면 공장 주민들의 과도한 민원에 시달릴 수 있게 되는데 그런 경우에는 어떻게 해야 할지 얘기를 하자면 저는 음 민원을 제기를 할 때 어 소음이 발생한다든지 혹은 어 밤에도 시끄럽게 하여서 어 어렵게 산다던지 혹은 어 자신들의 어 개인 생활을 침해하기 때문에 그것들을 민원을 넣는다고 생각을 하는데 어 그것들을 보상을 해 줄 수 있는 부분이 있는지 찾아보아서 만약 보상하는 부분이 있다면 그것들을 지원해주는 어 그것으로 대체를 해서 사람들의 마음을 조금 누그러뜨릴 수 있도록 많이 노력을 하고 어 도와줄 수 있는 부분이 있는지 찾아보겠습니다. 그런데 어 말도 안 되는 민원을 넣거나 과하게 어 어 공장을 어 힘들게 하려고 하는 사람들이 있다면 그 사람들을 별로 신경쓰지 않고 큰일이라고 생각하지 않고 음 민원이 올 때 사과를 하 사과를 진심으로 하지만 그것에 너무 스트레스 받지 않고 음 그냥 다 지나갈 것이라고 생각을 하고 어 그 사람들에게 최대한 어 맞춰주고 음 어 보상을 할 수 있다는 부분에 대해서 이야기를 할 것입니다. 그래서 어 최대한 그 사람들 위주에서 생각을 하고 어 일리있는 일이라고 생각을 해서 그것들을 어 유연하게 대처할 것입니다.","wordCount":165},"emotion":[],"intent":[{"text":"","expression":"","category":"attitude"}],"summary":{"text":"일을 하다보면 공장 주민들의 과도한 민원에 시달릴 수 있는데 그럴 경우에는 보상을 해 줄 수 있는 부분이 있는지 찾아보겠습니다. 그런데 말도 안 되는 민원을 넣거나 과하게 하는 사람들이 있다면 그 사람들을 크게 신경쓰지 않고 그냥 다 지나갈 것이라고 생각을 하고 최대한 그 사람들 위주에서 생각을 해서 그것들을 유연하게 대처할 것입니다.","wordCount":50}}},"rawDataInfo":{"question":{"fileFormat":"wav","fileSize":426638,"duration":13330,"samplingBit":16,"channelCount":1,"samplingRate":"16kHz","audioPath":"/Mock/03.PublicService/Female/Experienced/ckmk_q_ps_f_e_241052.wav"},"answer":{"fileFormat":"wav","fileSize":3761998,"duration":117560,"samplingBit":16,"channelCount":1,"samplingRate":"16kHz","audioPath":"/Mock/03.PublicService/Female/Experienced/ckmk_a_ps_f_e_241052.wav"}}}