{"version":"1.0","dataSet":{"info":{"date":"20230116","occupation":"PS","channel":"MOCK","place":"ONLINE","gender":"FEMALE","ageRange":"45-54","experience":"EXPERIENCED"},"question":{"raw":{"text":"공무원들이 일하는 모습을 흔히 많이 볼 수 있는데 자신이 원하는 공무원의 모습은 무엇인지 설명해 주시겠습니까","wordCount":15},"emotion":[],"intent":[]},"answer":{"raw":{"text":"제가 그까 공무원 일을 하기 전에 제가 밖에서 봤을 때 공무원들은 좀 무사안일주의 어 그 일을 본인 일만 그 적게 하려고 노력하는 뭐 그 일반 사기업처럼 고객을 상대하듯이 그렇게 하는 게 아니라서 좀 그런 불만이나 이런 것들이 많았었기 때문에 실제적으로 제가 공무원이 된다면 그랬었던 기억을 잘 거울 삼아서 어 대면하는 그 국민들 고객이라고 할 수 있겠죠. 일반 기업에서 보면 그분들을 좀 편안하게 빠르게 업무 처리를 해 드리도록 해야 될 것 같구요. 일단은 청력 결백 한 건 기본이면서 친절하고 상냥하고 그 일에 대해서 내 일에 대해서 잘 알고 있어야 어 빠른 업무를 신속하게 신속 정확하게 처리를 해 드려야 될 것 같다고 예 그런 모습이 제어 공무원의 모습이고 어 일을 열심히 하고 불편을 고객들 국민들을 불편하지 않게 하는 게 최우선이라고 생각합니다.","wordCount":119},"emotion":[],"intent":[{"text":"일단은 청력 결백 한 건 기본이면서 친절하고 상냥하고 그 일에 대해서 내 일에 대해서 잘 알고 있어야 어 빠른 업무를 신속하게 신속 정확하게 처리를 해 드려야 될 것 같다고 예 그런 모습이 제어 공무원의 모습이고 어 일을 열심히 하고 불편을 고객들 국민들을 불편하지 않게 하는 게 최우선이라고 생각합니다.","expression":"p_cus_belief","category":"technology"}],"summary":{"text":"공무원이 되기 전 공무원들은 사기업처럼 고객을 상대하는 게 아니라 불만이나 이런 것들이 많았기에 실제로 공무원이 된다면 대면하는 고객들을 편안하게 업무 처리를 해 드리도록 해야 될 것 같습니다. 공무원의 가장 중요한 덕목은 고객을 불편하지 않게 하는 것이라고 생각합니다.","wordCount":37}}},"rawDataInfo":{"question":{"fileFormat":"wav","fileSize":375118,"duration":11720,"samplingBit":16,"channelCount":1,"samplingRate":"16kHz","audioPath":"/Mock/03.PublicService/Female/Experienced/ckmk_q_ps_f_e_229233.wav"},"answer":{"fileFormat":"wav","fileSize":2560078,"duration":80000,"samplingBit":16,"channelCount":1,"samplingRate":"16kHz","audioPath":"/Mock/03.PublicService/Female/Experienced/ckmk_a_ps_f_e_229233.wav"}}}