{"version":"1.0","dataSet":{"info":{"date":"20230116","occupation":"PS","channel":"MOCK","place":"ONLINE","gender":"FEMALE","ageRange":"55-","experience":"EXPERIENCED"},"question":{"raw":{"text":"최근 들어 정말 사건 사고가 많았죠 국민들에게 충격을 준 사건들도 굉장히 많았는데 그중에서 가장 인상 깊었던 뉴스 한 가지만 말씀을 해 주시겠어요 그리고 이유랑 같이 말씀을 해 주시면 되겠습니다","wordCount":29},"emotion":[],"intent":[]},"answer":{"raw":{"text":"어 최근에 그런 기사를 봤었어요. 그 그 기계가 에이아이 기계가 그 무슨 명화 이런 걸 그까 그런 거를 공부를 하고 어떤 풍 무슨 뭐 화가에 화풍 뭐 이런 거를 따라해서 그린 그런 그림이었는데 이게 그런 설명이 없으면 기계가 한 줄 전혀 모르겠더라구요. 네 그냥 사람이 그린 건 줄 알겠더라구요 그 그림이. 정말 생각보다 더 더 많이 다가왔구나 기술적으로 그런 생각이 들었어요. 그래서 뭐 인간이 할 수 있는 일들이 정말 많이 더 빠르게 좁아질 수도 있겠구나 라는 생각이 들었지만 그런데 그렇지만 동시에 모르겠어요 그걸 봐서 그런가 어떤 알맹이가 없는 느낌이 들었어요. 그까 온전히 인간만이 할 수 있는 것들도 아직은 있는 거 같애요.","wordCount":101},"emotion":[],"intent":[{"text":"","expression":"","category":"attitude"}],"summary":{"text":"기계가 그림을 그리고 그렸더니 사람이 그린 그림처럼 보였습니다. 사람이 할 수 있는 일이 더 빠르게 줄어들 수도 있겠다는 생각이 들었지만 알맹이가 없는 느낌을 받았습니다. 인간이 할 수 없는 것들도 아직 있는 것 같습니다.","wordCount":33}}},"rawDataInfo":{"question":{"fileFormat":"wav","fileSize":570958,"duration":17840,"samplingBit":16,"channelCount":1,"samplingRate":"16kHz","audioPath":"/Mock/03.PublicService/Female/Experienced/ckmk_q_ps_f_e_179683.wav"},"answer":{"fileFormat":"wav","fileSize":2855758,"duration":89240,"samplingBit":16,"channelCount":1,"samplingRate":"16kHz","audioPath":"/Mock/03.PublicService/Female/Experienced/ckmk_a_ps_f_e_179683.wav"}}}