{"version":"1.0","dataSet":{"info":{"date":"20230116","occupation":"PS","channel":"MOCK","place":"ONLINE","gender":"FEMALE","ageRange":"35-44","experience":"EXPERIENCED"},"question":{"raw":{"text":"고객을 대하는 일에 있어 지원자님께서 가지고 있는 일관된 신념이나 원칙은 무엇입니까","wordCount":11},"emotion":[],"intent":[]},"answer":{"raw":{"text":"고객을 대하는 일에 있어서 제가 가지고 있는 신념이나 원칙이 있다면 어 결과적으로 좋은 관계를 유지를 해서 지속적인 어 서비스가 이루어져야 한다고 생각을 합니다. 그래서 고객이 무엇을 필요로 하는지 어 먼저 질문을 통해서 파악을 하고 그에 맞는 서비스를 잘 설계 해주는 그런 알아서 맞춤으로 서비스를 해 줄 수 있는 그런 어 그런 사람이 돼야 한다고 생각을 하고 일을 하고 있습니다 그래서 어 예를 들어 직장인이거나 또 혹은 시간이 없는 직장인에게 맞는 요금제를 설정을 한다던지 아니면 같은 돈으로 더 좋은 서비스를 어 주어서 그것들을 진행을 하게 한다던지 아니면 어 자녀나 혹은 남편에게 맞는 맞춤 서비스를 제공을 해 주어서 정말 필요하다고 느껴서 그것들을 어 진행할 수 있는 그런 어 모습들로 제가 맞춤 서비스를 어 진행을 하는 진행을 해서 어 좋은 관계를 계속적으로 지속적으로 유지를 해야 한다고 생각을 합니다. 그리고 또 어 그것을 구매한 후에 문제가 생겼을 때 어 그것들을 어 잘 처리를 해주고 어디서 서비스를 받을 수 있는지 혹은 어디서 도움을 받을 수 있는지 그런 부분에 대해서 미리 예고를 한 후에 어 그것들이 어 잘 사후 서비스가 진행될 수 있도록 해서 어 고객과 신뢰 관계를 잘 형성을 할 수 있는 것이 중요합니다.","wordCount":179},"emotion":[],"intent":[{"text":"고객을 대하는 일에 있어서 제가 가지고 있는 신념이나 원칙이 있다면 어 결과적으로 좋은 관계를 유지를 해서 지속적인 어 서비스가 이루어져야 한다고 생각을 합니다.","expression":"p_cus_belief","category":"technology"},{"text":"그래서 고객이 무엇을 필요로 하는지 어 먼저 질문을 통해서 파악을 하고 그에 맞는 서비스를 잘 설계 해주는 그런 알아서 맞춤으로 서비스를 해 줄 수 있는 그런 어 그런 사람이 돼야 한다고 생각을 하고 일을 하고 있습니다","expression":"p_cus_belief","category":"technology"},{"text":"그리고 또 어 그것을 구매한 후에 문제가 생겼을 때 어 그것들을 어 잘 처리를 해주고 어디서 서비스를 받을 수 있는지 혹은 어디서 도움을 받을 수 있는지 그런 부분에 대해서 미리 예고를 한 후에 어 그것들이 어 잘 사후 서비스가 진행될 수 있도록 해서 어 고객과 신뢰 관계를 잘 형성을 할 수 있는 것이 중요합니다.","expression":"p_cus_belief","category":"technology"}],"summary":{"text":"고객이 무엇을 필요로 하는지 먼저 질문을 통해서 파악을 하고 그에 맞는 서비스를 잘 설계 해주는 그런 알아서 맞춤으로 서비스를 해 줄 수 있는 사람이 되야 한다고 생각을 하고 일을 하고 있습니다. 그리고 그것을 구매한 후에 문제가 생겼을 때 어떤 부분을 미리 예고를 한 후에 잘 사후 서비스가 진행될 수 있도록 해서 고객과 신뢰 관계를 잘 형성을 할 수 있는 것이 중요합니다.","wordCount":61}}},"rawDataInfo":{"question":{"fileFormat":"wav","fileSize":316238,"duration":9880,"samplingBit":16,"channelCount":1,"samplingRate":"16kHz","audioPath":"/Mock/03.PublicService/Female/Experienced/ckmk_q_ps_f_e_246353.wav"},"answer":{"fileFormat":"wav","fileSize":3844238,"duration":120130,"samplingBit":16,"channelCount":1,"samplingRate":"16kHz","audioPath":"/Mock/03.PublicService/Female/Experienced/ckmk_a_ps_f_e_246353.wav"}}}