{"version":"1.0","dataSet":{"info":{"date":"20230116","occupation":"PS","channel":"MOCK","place":"ONLINE","gender":"FEMALE","ageRange":"35-44","experience":"EXPERIENCED"},"question":{"raw":{"text":"만약 지원자님께서 게임 속 캐릭터라면 어떤 게임에서 어떤 역할을 맡아 수행하고 싶으십니까","wordCount":12},"emotion":[],"intent":[]},"answer":{"raw":{"text":"저는 그 어릴 때 롤러코스터 타이쿤이라는 게임이 있었는데 제가 어 뭔가 그 놀이동산에 놀러가는 사람이 되면 재밌겠다라는 생각을 좀 했었었어요. 거기서 가끔 이제 이 놀이동산을 나가려고 하는 사람들 있잖아요. 그러면 게임을 할 때 그 손님들이 자꾸 빠져나가면은 그 게임에서 자꾸 알림이 왔었거든요. 너무 사람들의 만족도가 좋지 않고 놀이동산에 어떤 평점이 낮아지는 그러면은 그 도망가는 그 놀이동산을 나가려고 하는 사람을 이렇게 붙잡아서 다시 막 돌려놓고 하는 그런 게 있었거든요. 그 뭔가 내가 그 손님이 돼서 그런 식으로 뭔가 나가려고 하다가 붙잡히고 나가려고 하다가 붙잡히고 어떤 그런 반복되는 상황이 한 번 있으면 재밌겠다 라고 생각한 적은 있습니다.","wordCount":95},"emotion":[],"intent":[{"text":"","expression":"","category":"attitude"}],"summary":{"text":"어릴 적 롤러코스터 타이쿤이라는 게임에서 놀이동산에 갔는데 손님들이 빠져나가면 알림이 왔습니다. 만족도가 낮고 평점이 낮아지면 나가려고 하는 사람을 잡아 다시 돌려놓는 상황이 한 번 있으면 재밌겠다 라고 생각한 적이 있습니다.","wordCount":30}}},"rawDataInfo":{"question":{"fileFormat":"wav","fileSize":433998,"duration":13560,"samplingBit":16,"channelCount":1,"samplingRate":"16kHz","audioPath":"/Mock/03.PublicService/Female/Experienced/ckmk_q_ps_f_e_181566.wav"},"answer":{"fileFormat":"wav","fileSize":2433678,"duration":76050,"samplingBit":16,"channelCount":1,"samplingRate":"16kHz","audioPath":"/Mock/03.PublicService/Female/Experienced/ckmk_a_ps_f_e_181566.wav"}}}