{"version":"1.0","dataSet":{"info":{"date":"20230116","occupation":"PS","channel":"MOCK","place":"ONLINE","gender":"FEMALE","ageRange":"45-54","experience":"EXPERIENCED"},"question":{"raw":{"text":"그동안 속해 있었던 조직이나 단체 속에서 지원자님은 주로 어떤 역할을 하셨나요 가능한 구체적으로 본인의 역할을 말씀해 주실 수 있을까요","wordCount":19},"emotion":[],"intent":[]},"answer":{"raw":{"text":"어 제가 속해 있었던 뭐 조직이나 단체가 뭐 사회생활을 하다 보니 그까 여러 그 군데에 속해 있었었는데요. 그까 저는 사실 뭐 어떤 역할이라는 부분이 뭐 팀원과 리더 뭐 이런 걸로 본다면 그 시기적으로 좀 다르지 않았나 생각해보니까 그렇습니다. 사실 처음에 그 조직이나 단체에 들어갔을 때는 여러 가지 상황 파악이라든지 이런 것을 하느라 아 제가 뭐 나서거나 이런 부분으로 주도하거나 이런 거 좀 어 눈치를 많이 보기 때문에 그 분위기 파악을 한다고 하죠. 그렇기 때문에 처음에는 일단 좀 팀원으로서 조용히 어 어떤 그 조직이나 단체 업무나 일에 대해서 어 배우고 또 서포터하고 도움을 드릴 수 있는 부분은 도움을 드리고 하다가 인제 좀 더 그 상태 어떤 상태인지 그 조직이나 단체의 성격이나 이런 걸 잘 파악하고 나서는 그때부터는 어떤 리더의 역할 주도적인 그 역할을 해 왔었던 것 같기 때문에 그까 주로 어떤 역할을 했다고 딱 말씀드리기는 어려울 것 같습니다.","wordCount":137},"emotion":[],"intent":[{"text":"","expression":"","category":"attitude"}],"summary":{"text":"사회생활을 하다 보니 여러 조직과 단체에 속해 있었는데, 처음 조직에 들어갔을 때는 상황 파악을 하느라 눈치를 많이 보므로 분위기 파악을 한다고 합니다. 처음에는 팀원으로서 배우고, 좀 더 상태를 파악하고 난 후에는 리더의 역할을 해 온 것 같기 때문에 주로 어떤 역할을 했다고 딱 말씀드리기는 어렵습니다.","wordCount":45}}},"rawDataInfo":{"question":{"fileFormat":"wav","fileSize":606158,"duration":18940,"samplingBit":16,"channelCount":1,"samplingRate":"16kHz","audioPath":"/Mock/03.PublicService/Female/Experienced/ckmk_q_ps_f_e_237290.wav"},"answer":{"fileFormat":"wav","fileSize":2783438,"duration":86980,"samplingBit":16,"channelCount":1,"samplingRate":"16kHz","audioPath":"/Mock/03.PublicService/Female/Experienced/ckmk_a_ps_f_e_237290.wav"}}}