{"version":"1.0","dataSet":{"info":{"date":"20230116","occupation":"PS","channel":"MOCK","place":"ONLINE","gender":"FEMALE","ageRange":"-34","experience":"EXPERIENCED"},"question":{"raw":{"text":"어 일을 하다가 만약 상사에게 어려운 지시를 받으실 수 있습니다 어 지원자님께서 그렇게 된다면 어떻게 하시겠습니까 그리고 그 이유도 함께 말씀해 주시기를 바랍니다","wordCount":23},"emotion":[],"intent":[]},"answer":{"raw":{"text":"어려운 지시라고 한다면 굉장히 많은 요소들이 있기 때문에 정확히 어떤 건지는 모르겠지만요. 만약에 제가 상황을 가정해서 어려운 지시라고 했을 때 내가 할 수 없는 부분을 말했다 라고 이해를 해 보겠습니다. 내가 전혀 할 수 없는 부분에서 이거 너 빨리 해결해라 예를 들어서 이런 기계적인 부분은 니가 수리해야 돼 라고 하면 저는 솔직하게 할 수 없다고 말씀을 드릴 것 같습니다. 괜히 내가 못하는 부분을 억지로 잡고 있어 봐서 안 좋게 풀린 경우가 있었습니다. 십 대 때 약간 내가 모르는데 괜히 이제 아무런 말도 없이 했다가 정말 조별 과제가 안 좋게 흘러갔던 적이 있는데요. 다행히 그런 결과물을 조장님이 다르게 어떻게 해서 해결이 됐지만 저는 그런 경험이 있기 때문에 내가 할 수 없는 것을 솔직하게 할 수 없다고 말하는 것도 용기가 필요하다고 생각이 듭니다. 내가 정말 할 수 없는 분야고 너무나 어렵다 라고 한다면 처음부터 할 수 없습니다 라고 이야기한 게 아니라 그 부분은 저도 어려울 것 같아서 그 쪽으로 한 번 이야기를 해주실 수 있을까요 자문을 드릴 수 있을까요 라고 물어봤었을 때 그런 말도 혹시 아니 그냥 해 라고 했을 때는 아 죄송한데 저는 이쪽은 아예 모릅니다 라고 솔직하게 말씀을 드릴 것 같습니다.","wordCount":181},"emotion":[],"intent":[{"text":"","expression":"","category":"attitude"}],"summary":{"text":"십 대 때 모르는 부분을 억지로 잡고 있어 봐서 안 좋게 된 경우가 있었습니다. 조별 과제가 안 좋게 흘러갔던 적이 있었는데, 조장님이 다르게 어떻게 해서 해결이 됐지만 저는 할 수 있는 것을 솔직하게 할 수 없다고 말하는 것도 용기가 필요하다고 생각합니다.","wordCount":41}}},"rawDataInfo":{"question":{"fileFormat":"wav","fileSize":501518,"duration":15670,"samplingBit":16,"channelCount":1,"samplingRate":"16kHz","audioPath":"/Mock/03.PublicService/Female/Experienced/ckmk_q_ps_f_e_196085.wav"},"answer":{"fileFormat":"wav","fileSize":2521678,"duration":78800,"samplingBit":16,"channelCount":1,"samplingRate":"16kHz","audioPath":"/Mock/03.PublicService/Female/Experienced/ckmk_a_ps_f_e_196085.wav"}}}