{"version":"1.0","dataSet":{"info":{"date":"20230116","occupation":"PS","channel":"MOCK","place":"ONLINE","gender":"FEMALE","ageRange":"45-54","experience":"EXPERIENCED"},"question":{"raw":{"text":"어 공무 수행하는 중에 민원인들과의 마찰 민원인들이 욕을 할 수가 있어요 만약 공무를 수행하는 중에 민원인 민원인이 욕을 한다면 어떻게 대응하실지 왜 그렇게 대응하실지도 말씀해 주세요","wordCount":26},"emotion":[],"intent":[]},"answer":{"raw":{"text":"어 아무리 잘못을 했더라도 어 공무를 수행하는 중에 봉사하는 중에 민원인이 감정적으로 대응하면서 욕을 했다면 어 저의 인격이 심하게 침해됐다고 생각하기 때문에 그 부분을 민원이에 어필하게 했습니다. 물론 저는 충분히 낮은 자세로 민원인에게 봉사의 마음으로 공무를 수행하는 사람인 것도 명시하면서 하지만 욕을 하거나 제가 한 일에 대해서 실수한 일에 대해서 정식으로 문제 제기를 하기보다 감정적으로 욕을 하면서 대응하는 것은 하지 말아 달라고 어 정확하게 의사 전달 하겠습니다. 어 그리고 계속해서 욕을 하면 그 옳지 않은 부분에 대한 응당한 어 아무래도 어 그런 식으로 어 감정적인 대응한 것에 대해서는 어 인격적인 어 모독을 한 것으로 어 한 것을 인정하고 거기에 대해서 응당한 어 사과를 하셔야 된다고 강하게 어 어필하겠습니다. 일을 일에 대한 요구를 하는 것은 얼마든지 받아들이겠으나 어 욕설을 그냥 참아내는 것은 할 수 없다 라는 것도 분명히 하겠습니다. 그것은 어떤 위치에 어떤 관계로도 해서는 안 될 일 것도 민원인이 아셔야 하니까요.","wordCount":141},"emotion":[],"intent":[{"text":"어 아무리 잘못을 했더라도 어 공무를 수행하는 중에 봉사하는 중에 민원인이 감정적으로 대응하면서 욕을 했다면 어 저의 인격이 심하게 침해됐다고 생각하기 때문에 그 부분을 민원이에 어필하게 했습니다.","expression":"p_voc","category":"technology"},{"text":"물론 저는 충분히 낮은 자세로 민원인에게 봉사의 마음으로 공무를 수행하는 사람인 것도 명시하면서 하지만 욕을 하거나 제가 한 일에 대해서 실수한 일에 대해서 정식으로 문제 제기를 하기보다 감정적으로 욕을 하면서 대응하는 것은 하지 말아 달라고 어 정확하게 의사 전달 하겠습니다.","expression":"p_voc","category":"technology"},{"text":"어 그리고 계속해서 욕을 하면 그 옳지 않은 부분에 대한 응당한 어 아무래도 어 그런 식으로 어 감정적인 대응한 것에 대해서는 어 인격적인 어 모독을 한 것으로 어 한 것을 인정하고 거기에 대해서 응당한 어 사과를 하셔야 된다고 강하게 어 어필하겠습니다.","expression":"p_voc","category":"technology"}],"summary":{"text":"저는 어떤 위치에 어떤 관계로도 해서는 안 될 일이라도 민원인이 아셨다고 생각하여 감정적으로 욕을 하면서 대응하는 것은 하지 말아 달라고 의사 전달 하겠습니다. 그리고 계속해서 욕을 하면 인격적인 모독을 한 것으로 응당한 사과를 하셔야지만 응당한 어 사과를 할 수 있다고 어필하겠습니다.","wordCount":41}}},"rawDataInfo":{"question":{"fileFormat":"wav","fileSize":642638,"duration":20080,"samplingBit":16,"channelCount":1,"samplingRate":"16kHz","audioPath":"/Mock/03.PublicService/Female/Experienced/ckmk_q_ps_f_e_209205.wav"},"answer":{"fileFormat":"wav","fileSize":2554958,"duration":79840,"samplingBit":16,"channelCount":1,"samplingRate":"16kHz","audioPath":"/Mock/03.PublicService/Female/Experienced/ckmk_a_ps_f_e_209205.wav"}}}