{"version":"1.0","dataSet":{"info":{"date":"20230116","occupation":"PS","channel":"MOCK","place":"ONLINE","gender":"FEMALE","ageRange":"45-54","experience":"EXPERIENCED"},"question":{"raw":{"text":"면접자님께서 생각하시는 고객 응대에 필요한 세 가지가 있다면 그것에 대해서 말씀해 보세요","wordCount":12},"emotion":[],"intent":[]},"answer":{"raw":{"text":"고객 응대에 가장 필요한 세 가지를 말씀드리자면 가장 기본적인 것으로 첫번째 어 다른 사람을 이해하려는 마음가짐이라고 생각합니다. 어 다른 사람과 응대 고객을 특히 응대할 때 가장 기본적으로 그 상대편을 이해하려는 마음 상대편이 얘기하려고 하는 바를 어 들으려고 하는 일단 제가 가지고 있는 이해하려는 마음이 있어야 되고요. 두 번째 이 이해하려는 마음을 바탕으로 어 경청하는 자세를 가져야 한다고 생각합니다. 어 상대편이 무슨 말을 하는지 무엇을 원하는지 그 의도를 정확하게 파악하기 위해서 잘 듣고 그 의도의 의도한 바를 을 어 캐치해내는 것 이것이 가 두 번째에 필요한 일이고요. 마지막으로 필요한 거는 그 이야기를 듣고 고객이 응 고객에게 필요한 일들을 처리해 줄 수 있는 일들을 가장 효율적이고 빠르게 답안을 제시할 수 있는 그런 능력을 가지고 있으면 된다고 생각합니다.","wordCount":115},"emotion":[],"intent":[{"text":"고객 응대에 가장 필요한 세 가지를 말씀드리자면 가장 기본적인 것으로 첫번째 어 다른 사람을 이해하려는 마음가짐이라고 생각합니다.","expression":"p_cus_belief","category":"technology"},{"text":"어 다른 사람과 응대 고객을 특히 응대할 때 가장 기본적으로 그 상대편을 이해하려는 마음 상대편이 얘기하려고 하는 바를 어 들으려고 하는 일단 제가 가지고 있는 이해하려는 마음이 있어야 되고요.","expression":"p_cus_belief","category":"technology"},{"text":"마지막으로 필요한 거는 그 이야기를 듣고 고객이 응 고객에게 필요한 일들을 처리해 줄 수 있는 일들을 가장 효율적이고 빠르게 답안을 제시할 수 있는 그런 능력을 가지고 있으면 된다고 생각합니다.","expression":"p_cus_belief","category":"technology"}],"summary":{"text":"고객 응대에 가장 필요한 세 가지는 먼저, 다른 사람을 이해하려는 마음가짐이고, 두 번째는 경청하는 자세이며, 세 번째는 이야기를 듣고 고객이 처리해 줄 수 있는 일들을 가장 효율적으로 답안을 제시할 수 있는 능력을 가지고 있으면 된다고 생각합니다.","wordCount":36}}},"rawDataInfo":{"question":{"fileFormat":"wav","fileSize":286798,"duration":8960,"samplingBit":16,"channelCount":1,"samplingRate":"16kHz","audioPath":"/Mock/03.PublicService/Female/Experienced/ckmk_q_ps_f_e_182936.wav"},"answer":{"fileFormat":"wav","fileSize":2742478,"duration":85700,"samplingBit":16,"channelCount":1,"samplingRate":"16kHz","audioPath":"/Mock/03.PublicService/Female/Experienced/ckmk_a_ps_f_e_182936.wav"}}}