{"version":"1.0","dataSet":{"info":{"date":"20230116","occupation":"PS","channel":"MOCK","place":"ONLINE","gender":"FEMALE","ageRange":"55-","experience":"EXPERIENCED"},"question":{"raw":{"text":"일을 하게 되면 자료를 문서화할 일이 많습니다 면접자님께서는 문서와 작업이 왜 필요하다고 생각하시는지 개인적 견해를 말씀해 주시기 바랍니다","wordCount":18},"emotion":[],"intent":[]},"answer":{"raw":{"text":"현대의 사회는 디지털 사회인데 모든 자료를 수기로 하던 시절과는 많은 달라 달라짐이 생겼습니다. 모든 자료가 문서화 되지 않으면 그 자료를 수기로 작성하고 보존하는데 엄청난 시간이 걸리기 때문입니다. 세월이 점점 감에 따라 사회는 어 대체적으로 발전해 가고 있고 뒤로 퇴보하지는 않는데 모든 문서를 문서화 해서 작성을 해 놓고 디지털화 해 놓고 이거를 보고 보존하고 보관한다면 그리고 뭐 계산이나 회계나 이런 면에는 더욱더 문서화 작업이 더욱더 필요하다고 생각합니다. 그렇지 않으면 하루 종일 어 단돈 일원이래도 틀리면 손으로 찾아서 헤맸던 그런 기억이 있어서 더욱더 회계 쪽은 문서화 작업이 더 엑셀이나 컴퓨터 활용을 해서라도 더 필요하다고 생각합니다.","wordCount":93},"emotion":[{"text":"현대의 사회는 디지털 사회인데 모든 자료를 수기로 하던 시절과는 많은 달라 달라짐이 생겼습니다.","expression":"u-fact","category":"neutral"},{"text":"모든 자료가 문서화 되지 않으면 그 자료를 수기로 작성하고 보존하는데 엄청난 시간이 걸리기 때문입니다.","expression":"u-fact","category":"neutral"}],"intent":[{"text":"","expression":"","category":"attitude"}],"summary":{"text":"현대의 사회는 디지털 사회인데 모든 자료가 문서화 되지 않으면 그 자료를 수기로 작성하고 보존하는데 엄청난 시간이 걸리기 때문에 계산이나 회계나 이런 면에서는 문서화 작업이 더욱더 필요합니다.","wordCount":26}}},"rawDataInfo":{"question":{"fileFormat":"wav","fileSize":504398,"duration":15760,"samplingBit":16,"channelCount":1,"samplingRate":"16kHz","audioPath":"/Mock/03.PublicService/Female/Experienced/ckmk_q_ps_f_e_244725.wav"},"answer":{"fileFormat":"wav","fileSize":2217678,"duration":69300,"samplingBit":16,"channelCount":1,"samplingRate":"16kHz","audioPath":"/Mock/03.PublicService/Female/Experienced/ckmk_a_ps_f_e_244725.wav"}}}