{"version":"1.0","dataSet":{"info":{"date":"20230116","occupation":"PS","channel":"MOCK","place":"ONLINE","gender":"FEMALE","ageRange":"35-44","experience":"EXPERIENCED"},"question":{"raw":{"text":"지원자님은 공사와 공단의 차이가 무엇인지 알고 계십니까 그 차이점에 대해 최대한 자세하게 본인의 생각을 말씀해 주시기 바랍니다","wordCount":17},"emotion":[],"intent":[]},"answer":{"raw":{"text":"공사와 공단의 차이는 공사는 공공의 공공성을 추구를 하지만 이익을 내기 위한 기간이고 어 공단은 국가의 행정을 어 효율적으로 집행하기 위해서 어 만든 기관입니다. 네 그리고 공사는 어 국가가 어 국가의 예 국가의 지원 예산이 이 분의 일 이상이고 국가가 음 오십 퍼센트 혹은 삼십 퍼센트의 지분을 가지고 있기 때문에 어 자율성이 떨어집니다. 그리고 공사는 관공서 공기업 혹은 준 정부 기간을 어 포함합니다. 음 그렇지만 공사는 공공의 이익을 추구하기 위해서 정부가 직접적으로 혹은 간접적으로 투자해서 통제권을 가지고 소유권을 가지기 때문에 어 자율권이 어 떨어진 자율성이 약간 떨어집니다. 그렇지만 공단은 어 정부의 행정을 효율적으로 어 집행하기 위해서 만든 기관으로 어 의료보험 의료 의료보험 공단 그리고 건강보험 공단 등이 있습니다. 그래서 어 정부의 사회 정책이나 경제정책을 실행하기 위해서 어 만든 기간으로 음 이익을 추구하는 면이 약간 떨어지고 수익성이 약한 수업 어 수익들을 진행을 합니다. 그리고 더욱 공적인 형태로 이루어집니다.","wordCount":136},"emotion":[],"intent":[{"text":"","expression":"","category":"attitude"}],"summary":{"text":"공사는 공공의 공공성을 추구하지만 이익을 내기 위한 기간이고, 공단은 국가의 행정을 효율적으로 집행하기 위해 만든 기관입니다. 공사는 자율성이 떨어지고, 공사는 관공서 공기업 혹은 준 정부 기간을 포함합니다. 공단은 이익을 추구하는 면이 약간 떨어지고 수익성이 약한 수업 어 수익들을 진행합니다.","wordCount":39}}},"rawDataInfo":{"question":{"fileFormat":"wav","fileSize":483918,"duration":15120,"samplingBit":16,"channelCount":1,"samplingRate":"16kHz","audioPath":"/Mock/03.PublicService/Female/Experienced/ckmk_q_ps_f_e_236124.wav"},"answer":{"fileFormat":"wav","fileSize":3551438,"duration":110980,"samplingBit":16,"channelCount":1,"samplingRate":"16kHz","audioPath":"/Mock/03.PublicService/Female/Experienced/ckmk_a_ps_f_e_236124.wav"}}}