{"version":"1.0","dataSet":{"info":{"date":"20230116","occupation":"PS","channel":"MOCK","place":"ONLINE","gender":"FEMALE","ageRange":"-34","experience":"EXPERIENCED"},"question":{"raw":{"text":"만약 직무와 적성이 맞지 않는다면 어떻게 하실지 상황을 가정하여 말씀해 주시겠어요","wordCount":11},"emotion":[],"intent":[]},"answer":{"raw":{"text":"만약에 일을 하던 중 직무가 적성에 맞지 않는다면 저는 결과물을 우선 한번 볼 것 같습니다. 사람의 제가 알기로는 내가 좋아하고 내가 적성에 맞는 일을 하는 사람도 있지만 적성에 맞지 않고 내가 별로 원하는 일은 아니지만 이 결과물과 금액을 보고 일하는 사람들이 꽤 많다는 거를 저는 알 수 있거든요. 아 알 수 있다기보다는 그러한 통계치의 결 결과 기사를 봤었습니다. 그래서 저는 일단 적성에 맞지 않는다 라고 했을 때 현실적인 것을 볼 것 같습니다. 적성에는 맞지 않지만 이것은 나에게 많은 배움과 그리고 뭐 금전적으로 나에게 금 금전적인 여유를 준다. 내가 이거를 당장 그만뒀을 때 바로 일할 수가 있는가. 그리고 이것을 그만둔다고 해서 나에게 이득이 될 것이 뭔가. 이런 것이 다 따져 보고요. 정말 그래도 적성에 맞지 않는다 라고 하면은 상사분과 한번 상담을 할 것 같습니다. 그래서 저는 이런 부분이 조금 어려운데 어떤 식으로 조금 조언이 필요합니다 라고 말씀을 드릴 것 같고요. 현실적인 부분을 고려했을 때 뭐 적성은 맞지 않지만 금전적인 여유나 뭐 일의 강도도 나쁘지 않고 미래로 봤을 때도 그냥 저냥 뭐 할 만하다 라고 하면은 계속 다닐 것 같습니다.","wordCount":168},"emotion":[],"intent":[{"text":"","expression":"","category":"attitude"}],"summary":{"text":"직무가 적성에 맞지 않는다면 결과물을 한번 봐야 합니다. 적성에는 맞지 않지만 금전적인 여유나 일의 강도도 나쁘지 않고 미래로 봤을 때도 그냥 저냥 그냥 할 만하다 라고 하면은 계속 다닐 것 같습니다.","wordCount":31}}},"rawDataInfo":{"question":{"fileFormat":"wav","fileSize":286478,"duration":8950,"samplingBit":16,"channelCount":1,"samplingRate":"16kHz","audioPath":"/Mock/03.PublicService/Female/Experienced/ckmk_q_ps_f_e_196087.wav"},"answer":{"fileFormat":"wav","fileSize":2480078,"duration":77500,"samplingBit":16,"channelCount":1,"samplingRate":"16kHz","audioPath":"/Mock/03.PublicService/Female/Experienced/ckmk_a_ps_f_e_196087.wav"}}}