{"version":"1.0","dataSet":{"info":{"date":"20230116","occupation":"PS","channel":"MOCK","place":"ONLINE","gender":"FEMALE","ageRange":"45-54","experience":"EXPERIENCED"},"question":{"raw":{"text":"국가철도공단 있지 않습니까 그 국가철도공단이 앞으로 추진했으면 하는 사업이나 그 사회에 공헌할 수 있는 어떤 활동이 있을까요","wordCount":17},"emotion":[],"intent":[]},"answer":{"raw":{"text":"국가철도공단은 앞으로 어 대한민국에 있는 국가 철도에 관해서 뿐만 아니라 어 북한과의 통일에 대비한 통일 한국에 어 국가 철도에 대해서도 어 사업의 사업을 추진할 수 있는 역량을 갖추고 있어야 된다고 생각합니다. 그래서 어 북한과 통일이 되었을 때 빠르게 국가 철도 기간 산업이 들어가서 어 철도를 놔야 하는데 이 때 어떤 식으로 어떻게 어 업무를 추진할 것이며 어 이를 어떻 어떤 식으로 어 반영하고 기획이나 재정적인 측면에서는 어떤 식으로 접근할 것인지 뭐 이런 전반적인 상황에 대해서 먼저 파악하고 있어야 된다고 생각합니다. 즉 지금 현재의 어 대한민국에 모습 뿐만 아니라 통일 한국에 대한 어 사업 그때 북한에 우리나라가 어떤 식으로 철도를 끌어 이끌고 나갈 것인지 그런 사업에 대해서 음 준비하고 계획하는 그런 사업이 마련되어야 된다고 생각합니다.","wordCount":114},"emotion":[],"intent":[{"text":"","expression":"","category":"attitude"}],"summary":{"text":"국가철도공단은 북한과의 통일에 대비한 통일 한국에 대한 사업의 사업을 추진할 수 있는 역량을 갖추고 있어야 된다고 생각합니다. 통일 당시 북한에 우리나라가 어떤 식으로 철도를 끌어 이끌고 나갈 것인지 그런 사업에 대해서 준비하고 계획하는 사업이 마련되어야 한다고 봅니다.","wordCount":37}}},"rawDataInfo":{"question":{"fileFormat":"wav","fileSize":492238,"duration":15380,"samplingBit":16,"channelCount":1,"samplingRate":"16kHz","audioPath":"/Mock/03.PublicService/Female/Experienced/ckmk_q_ps_f_e_183194.wav"},"answer":{"fileFormat":"wav","fileSize":2669838,"duration":83430,"samplingBit":16,"channelCount":1,"samplingRate":"16kHz","audioPath":"/Mock/03.PublicService/Female/Experienced/ckmk_a_ps_f_e_183194.wav"}}}