{"version":"1.0","dataSet":{"info":{"date":"20230116","occupation":"PS","channel":"MOCK","place":"ONLINE","gender":"FEMALE","ageRange":"55-","experience":"EXPERIENCED"},"question":{"raw":{"text":"이전 직장에서 퇴사한 다음 그것을 후회한 적은 없나요 후회한 적이 있다면 왜 후회했는지도 같이 말씀해 주세요","wordCount":16},"emotion":[],"intent":[]},"answer":{"raw":{"text":"예 이전 직장에서 퇴사한 후 퇴사한 것을 후회하신 적은 없냐고 물으셨는데요. 왜 없겠습니까. 예 맞습니다. 자 제가 어 남편과 함께 아 한 오 년간 주말 부부를 하다가 어쩔 수 없이 제가 십 년간 근무했던 여행사를 그만두고 대전으로 이사를 갔는데요. 그 이후로 이 십 년간 아이들을 키우면서 아무 직업을 갖지 못했습니다. 그쪽 지역에는 제가 일할 만한 곳이 그렇게 많지도 않았고 그 다음에 아 약간 좀 대전 시내에서 떨어진 곳이었기 때문에 아 제가 직업을 가질 수 있는 그런 경우가 없었습니다. 아 근데는 그때는 사실 퇴사한 것을 후회하지 않았는데 지금 다시 와서 아 서울에 돌아와 보니 저랑 같이 일했던 사람들 중에 거의 사장님이나 부사장 예 그 아 그런 위치에 계신 분들이 상당히 많더라고요. 그러면서 그분들의 위치가 너무 부럽더라고요. 아 나는 이십 년 동안 뭐 했나 했는데 음 자식들을 좀 키웠긴 했지만 그분들도 다 같이 자식은 키웠고 그다음에 사회적은 어떤 위치에 딱 올라간 걸 보니 너무 부럽더라구요. 그래서 아 나는 그동안 무엇을 했나 잠시 고민을 하기도 했고 그다음에 그분들이 또 그 정도 되니까 어느 정도 그 돈을 버는 능력도 많 많이 부러웠습니다. 근데 저는 그냥 아 그냥 행복하게 별 탈 없이 가족들과 함께 잘 지냈다 라고 위안을 할 수 밖에 없었지요. 예 사회적 위치가 부러웠습니다.","wordCount":191},"emotion":[{"text":"자 제가 어 남편과 함께 아 한 오 년간 주말 부부를 하다가 어쩔 수 없이 제가 십 년간 근무했던 여행사를 그만두고 대전으로 이사를 갔는데요.","expression":"u-fact","category":"neutral"}],"intent":[{"text":"자 제가 어 남편과 함께 아 한 오 년간 주말 부부를 하다가 어쩔 수 없이 제가 십 년간 근무했던 여행사를 그만두고 대전으로 이사를 갔는데요.","expression":"c_private","category":"background"}],"summary":{"text":"이전 직장에서 퇴사한 후 후회한 적이 있다고 물으셨는데 예 그렇습니다. 제가 대전으로 이사를 간 후 아이들을 키우며 아무 직업을 갖지 못했습니다. 다시 돌아와 보니 같이 일했던 사람들 중에 거의 사장님이나 부사장 그런 위치에 계신 분들이 상당히 많았습니다. 그러면서 그들의 사회적 위치가 부러워졌고 저는 그냥 행복하게 별 탈 없이 가족들과 잘 지냈다고 위안을 할 수 밖에 없었습니다.","wordCount":56}}},"rawDataInfo":{"question":{"fileFormat":"wav","fileSize":310478,"duration":9700,"samplingBit":16,"channelCount":1,"samplingRate":"16kHz","audioPath":"/Mock/03.PublicService/Female/Experienced/ckmk_q_ps_f_e_242395.wav"},"answer":{"fileFormat":"wav","fileSize":3818318,"duration":119320,"samplingBit":16,"channelCount":1,"samplingRate":"16kHz","audioPath":"/Mock/03.PublicService/Female/Experienced/ckmk_a_ps_f_e_242395.wav"}}}