{"version":"1.0","dataSet":{"info":{"date":"20230116","occupation":"PS","channel":"MOCK","place":"ONLINE","gender":"FEMALE","ageRange":"35-44","experience":"EXPERIENCED"},"question":{"raw":{"text":"만약 지원자님께서 본인이 게임 속 캐릭터라고 가정을 해보면 어떤 게임에서 어떤 역할을 맡아서 수행하고 싶으신가요","wordCount":15},"emotion":[],"intent":[]},"answer":{"raw":{"text":"저는 게임 속의 캐릭터가 된다면 어떤 게임에서 어떤 역할을 맡아서 수행을 하고 싶은지 어 저는 어 게임 속에 어 알라딘과 같은 게임을 만들어서 어 소원을 들어주는 지니와 같은 역할을 하고 싶습니다. 왜냐하면 어 제가 일을 하면서 제가 도와주지 못하는 부분에 대해서 갈증을 느끼고 제가 어 무엇이든지 들어준다면 어 좋겠다는 생각을 가지고 어 아쉬움이 많이 있었기 때문입니다. 그래서 어 동기부여가 부족한 학생들이나 또 원하는 것을 얻고 싶은 데 기회가 없는 학생들이라든지 혹은 어 기회가 균등하게 주어지지 않는 학생들에게 어 게임을 만들어서 알라딘과 같은 게임을 만들어서 어 학생들이 원하는 모습을 어 이뤄주는 캐릭터가 되고 싶습니다. 그렇게 되면 어 고 학생이 그것들을 가상으로 체험을 해보면서 어 정말 그것이 좋다는 것을 느끼게 되고 그에 대한 노력을 할 수 있을지 기대를 해보면서 어 그 새로운 세계에 대해서 맛보고 또 넓은 세상에 대해서 맛보는 그런 시간이 될 수 있었으면 좋겠습니다. 음 저희 부모님이 항상 열린 마음으로 곧 넓은 세계를 바라보라고 하셨는데 어 지니가 게임 속에서 아이들에게 어 자기가 원하는 것을 어 이룰 때 대리 만족을 할 수 있고 또 그것들이 현실 속에서 어 긍정적인 영향을 미치는 그런 게임을 만들고 싶습니다. 그렇다면 학생들에게 도움이 많이 될 것 같습니다.","wordCount":181},"emotion":[],"intent":[{"text":"","expression":"","category":"attitude"}],"summary":{"text":"저는 게임 속에서 소원을 들어주는 지니와 같은 역할을 하고 싶습니다. 동기부여가 부족하거나 원하는 것을 얻고 싶은 데 기회가 없는 학생들이나 혹은 기회가 균등하게 주어지지 않는 학생들에게 게임을 만들어서 알라딘과 같은 게임을 만들어서 학생들이 원하는 모습을 어 이뤄주는 캐릭터가 되고 싶은데, 그렇게 되면 학생들에게 도움이 많이 될 것 같습니다.","wordCount":48}}},"rawDataInfo":{"question":{"fileFormat":"wav","fileSize":449358,"duration":14040,"samplingBit":16,"channelCount":1,"samplingRate":"16kHz","audioPath":"/Mock/03.PublicService/Female/Experienced/ckmk_q_ps_f_e_241720.wav"},"answer":{"fileFormat":"wav","fileSize":3876558,"duration":121140,"samplingBit":16,"channelCount":1,"samplingRate":"16kHz","audioPath":"/Mock/03.PublicService/Female/Experienced/ckmk_a_ps_f_e_241720.wav"}}}