{"version":"1.0","dataSet":{"info":{"date":"20230116","occupation":"PS","channel":"MOCK","place":"ONLINE","gender":"FEMALE","ageRange":"35-44","experience":"EXPERIENCED"},"question":{"raw":{"text":"어 지원자님께서 생각하시기에 일을 하면서 가장 어려울 것으로 예상되는 것은 무엇이 있을까요 그리고 그러 그에 대해서 어떻게 대처하실지 그 생각도 함께 들어보고 싶습니다","wordCount":23},"emotion":[],"intent":[]},"answer":{"raw":{"text":"제가 일을 하면서 가장 어려울 것이라고 예상되는 것은 어 상사에 지나친 관심과 또 일을 많이 주어지는 것입니다. 음 과도하게 업무량이 늘어나면 스트레스가 발생을 하고 실수가 발생하기 쉽고 음 제가 그것들을 하는데 어 도리어 방해를 줄 수 있기 때문입니다. 어 제가 학교에서 일을 할 때 어 관리자가 제 수업 시간에 복도에서 감시를 하거나 어 잘 되고 있는지 지켜보거나 혹은 어 제가 수업 계획서를 잘 쓰고 있는지 그것들을 매주 어 관리자에게 음 어 학교 최고 관리자에게 그것들을 제출해야 했습니다. 그래서 그것 자체가 스트레스였고 음 제가 한 장을 내면 한 이십 군데를 너무 많은 부분을 어 체크를 해서 음 틀렸다고 해서 자신감이 떨어지게 되었습니다. 그러나 저는 그때 그것을 어 그 상태에서 어려웠지만 어 관리자가 이야기한 대로 그것들을 어 차근차근 고쳐 나갔고 제가 결국에는 그것들이 정말 중요한 부분이라는 것을 나중에는 깨닫게 되어서 그것들이 어렵지만 어 그때 수행을 했을 때 어 그것들이 제게 정말 필요한 그런 일이었다고 생각을 하고 정말 아끼는 어 관리자였다고 생각을 합니다. 그래서 그것들을 어 다음에는 제가 가르쳐 줄 수 있는 입장이 되었고 음 좋은 기회로 삼게 되었습니다. 그래서 그것들을 제가 어 더 잘 사용했습니다.","wordCount":173},"emotion":[],"intent":[{"text":"","expression":"","category":"attitude"}],"summary":{"text":"과도한 업무량으로 스트레스가 발생하고 실수의 발생이 쉬워 오히려 방해가 될 수 있습니다. 제가 학교에서 일을 할 때 관리자가 수업 시간에 감시를 하거나 수업 계획서를 매주 관리자에게 제출해야 했습니다. 그것 자체가 스트레스였고 자신감을 잃게 되었습니다. 그러나 그것들이 중요한 부분이라는 것을 깨닫고 아꼈습니다. 그래서 다음에는 가르쳐 줄 수 있는 입장이 되어 그것을 잘 사용했습니다.","wordCount":52}}},"rawDataInfo":{"question":{"fileFormat":"wav","fileSize":521678,"duration":16300,"samplingBit":16,"channelCount":1,"samplingRate":"16kHz","audioPath":"/Mock/03.PublicService/Female/Experienced/ckmk_q_ps_f_e_241050.wav"},"answer":{"fileFormat":"wav","fileSize":3823438,"duration":119480,"samplingBit":16,"channelCount":1,"samplingRate":"16kHz","audioPath":"/Mock/03.PublicService/Female/Experienced/ckmk_a_ps_f_e_241050.wav"}}}