{"version":"1.0","dataSet":{"info":{"date":"20230116","occupation":"PS","channel":"MOCK","place":"ONLINE","gender":"FEMALE","ageRange":"35-44","experience":"EXPERIENCED"},"question":{"raw":{"text":"지원자님은 그동안 진행한 프로젝트들이 있습니까 진행한 프로젝트들 가운데 가장 기억에 남는 프로젝트가 있다면 지원자님은 어떤 점에서 기억에 남는지 설명해 주실 수 있나요","wordCount":22},"emotion":[],"intent":[]},"answer":{"raw":{"text":"어 제가 진행한 프로젝트 가운데 가장 기억에 남는 프로젝트가 있다면 저는 탄소 배출을 줄이는 일을 어 하는 일에 대해서 기억에 남습니다. 그것은 제가 다니던 대학원 교수님께서 진행을 하시던 것인데 제가 영어 전공이어서 어 다른 대학원의 연구소에 어 지원을 해서 일을 하게 되었고 저는 그곳에서 영어 자료를 조사하는 업무를 했습니다. 그래서 제가 어 그때 했던 업무는 어 영어 논문이나 혹은 영어 보고서 같은 어 자료를 탄소 배출을 줄이는 것에 대한 자료를 조사해서 요약을 해서 어 교수님께 어 것들을 정리해서 제출을 하는 것이었습니다. 어 그 전에는 어 탄소 배출이나 온실 효과 등이나 지구 온난화에 대해서 잘 몰랐고 관심을 많이 갖지 않아서 또 그리고 그것들은 어려운 분야라고 생각을 해서 어 잘 몰랐는데 그것을 하면서 지구 온도가 일 점 오 도가 올라가는 것이 얼마나 큰 영향을 미친다는 것을 알게 되었고 어 제 생활 속에서 어 플라스틱을 사용을 줄이고 또 혹은 어 시장 바구니를 어 비닐을 사용하지 않는 등 제가 그것들을 실질적으로 어 중요성을 깨닫고 어 제가 현실에서 살림을 하면서 그것들에 대해서 관심을 갖는 계기가 되었고 어 삶에서 제가 행동의 변화들을 많이 가져오게 되고 어 많은 이점이 있는 프로젝트였습니다.","wordCount":174},"emotion":[],"intent":[{"text":"어 제가 진행한 프로젝트 가운데 가장 기억에 남는 프로젝트가 있다면 저는 탄소 배출을 줄이는 일을 어 하는 일에 대해서 기억에 남습니다.","expression":"c_private","category":"background"},{"text":"그것은 제가 다니던 대학원 교수님께서 진행을 하시던 것인데 제가 영어 전공이어서 어 다른 대학원의 연구소에 어 지원을 해서 일을 하게 되었고 저는 그곳에서 영어 자료를 조사하는 업무를 했습니다.","expression":"c_private","category":"background"},{"text":"그래서 제가 어 그때 했던 업무는 어 영어 논문이나 혹은 영어 보고서 같은 어 자료를 탄소 배출을 줄이는 것에 대한 자료를 조사해서 요약을 해서 어 교수님께 어 것들을 정리해서 제출을 하는 것이었습니다.","expression":"c_private","category":"background"}],"summary":{"text":"저는 탄소 배출을 줄이는 일을 하는 것이 가장 기억에 남습니다. 제가 영어 전공이라서 다른 대학원 연구소에서 영어 자료를 조사하는 업무를 했습니다. 그 전에는 탄소 배출이나 지구 온난화에 대해 잘 몰랐는데 지구 온도가 일 점 오 도가 올라가는 것이 얼마나 큰 영향을 미치는지 알게 되었고 플라스틱 사용을 줄이고 비닐을 사용하지 않는 등의 행동을 하면서 행동을 변화하게 되었습니다.","wordCount":56}}},"rawDataInfo":{"question":{"fileFormat":"wav","fileSize":612558,"duration":19140,"samplingBit":16,"channelCount":1,"samplingRate":"16kHz","audioPath":"/Mock/03.PublicService/Female/Experienced/ckmk_q_ps_f_e_241713.wav"},"answer":{"fileFormat":"wav","fileSize":3873998,"duration":121060,"samplingBit":16,"channelCount":1,"samplingRate":"16kHz","audioPath":"/Mock/03.PublicService/Female/Experienced/ckmk_a_ps_f_e_241713.wav"}}}