{"version":"1.0","dataSet":{"info":{"date":"20230116","occupation":"PS","channel":"MOCK","place":"ONLINE","gender":"FEMALE","ageRange":"35-44","experience":"EXPERIENCED"},"question":{"raw":{"text":"오늘 면접 준비하느라고 고생을 많이 하셨을 텐데요 어떤 방식으로 면접을 준비하셨는지 말씀해 주시겠습니까","wordCount":13},"emotion":[],"intent":[]},"answer":{"raw":{"text":"뭐 사실 면접 준비를 굉장히 열심히 한다고 해도 제가 어떻게 할 수 있는 건 아니라고 생각을 하고 있어서 사실 뭐 그렇게 열심히 준비를 하지는 않았습니다. 그래서 그냥 어 마음 놓고 다른 생각들을 하면서 음 좀 여유를 가졌던 것 같애요. 어릴 때 봤던 만화책도 다시 보고 뭐 그냥 자연스럽게 어 면접 예상 질문 같은 것들은 뭐 유튜브나 인터넷에 여러 사람들의 커뮤니티를 활용해서 참고를 하는 정도였구요. 딱히 어 뭔가를 연습한다거나 아니면 뭔가를 사용 조사를 열심히 한다거나 하지는 않았습니다. 오히려 그렇게 준비를 하면 기대감이 더 커지고 기대감이 더 커지면 긴장을 많이 하게 돼서 제가 현장에서 오히려 말 실수를 하게 될 경우도 많아서 일부러 그냥 그 생각을 안 하려고 노력했고 좀 가벼운 마음으로 갔다 오고 싶었습니다.","wordCount":112},"emotion":[],"intent":[{"text":"","expression":"","category":"attitude"}],"summary":{"text":"면접 준비를 열심히 하는 게 아니라 마음 놓고 다른 생각들을 하면서 여유를 가졌던 것 같습니다. 일부러 뭔가를 연습하거나 사용을 열심히 하는 것은 아니라서, 현장에서의 말 실수를 막기 위해 좀 가벼운 마음으로 갔다 오고 싶었습니다.","wordCount":34}}},"rawDataInfo":{"question":{"fileFormat":"wav","fileSize":339278,"duration":10600,"samplingBit":16,"channelCount":1,"samplingRate":"16kHz","audioPath":"/Mock/03.PublicService/Female/Experienced/ckmk_q_ps_f_e_181564.wav"},"answer":{"fileFormat":"wav","fileSize":2445838,"duration":76430,"samplingBit":16,"channelCount":1,"samplingRate":"16kHz","audioPath":"/Mock/03.PublicService/Female/Experienced/ckmk_a_ps_f_e_181564.wav"}}}