{"version":"1.0","dataSet":{"info":{"date":"20230116","occupation":"PS","channel":"MOCK","place":"ONLINE","gender":"FEMALE","ageRange":"-34","experience":"EXPERIENCED"},"question":{"raw":{"text":"시험 기간 시간이 촉박할 때 지원자님은 어떻게 시간 관리를 해 오셨나요 지원자님만의 시간 관리법에 대해서 답변 부탁드립니다","wordCount":17},"emotion":[],"intent":[]},"answer":{"raw":{"text":"저는 시험 기간이나 시간이 촉박할 때는 우선 내가 할 수 있는 것에서 우선순위 먼저 정하는 것을 시작을 했습니다. 우선순위를 정한 다음에 거기에 대해서 쉬운 곳에서는 조금은 적은 시간을 부여하고 좀 어려운 곳에서는 많은 시간을 부여해서 내가 최대한 이 일을 빨리 끝날 수 있게끔 체계적으로 계획을 했던 것 같습니다. 만약 그렇게 하지 않으면 저는 정말 이도 저도 안 되는 것에 너무 많이 경험을 했거든요. 이거 불안하니까 이거 조금 이거 불안하니까 또 저거 조금 이런 식으로 하면 결국은 하나도 제대로 마무리가 안 되는 것을 경험해 본 적이 있습니다. 그래서 십 대 때 그것을 좀 빠르게 겪고 나서 이제 그러한 우선순위를 결정해서 쉬운 거에는 조금 적은 시간 그리고 어려운 거에는 조금 많은 시간을 부여하는 것을 택했다. 그리고 그 것은 좋은 결과물로 남았다 라고 말씀해 드릴 수 있을 것 같습니다.","wordCount":126},"emotion":[],"intent":[{"text":"","expression":"","category":"attitude"}],"summary":{"text":"시험 기간이나 시간이 촉박할 때는 제가 할 수 있는 것에서 우선순위를 정하고 쉬운 곳에는 적은 시간, 어려운 곳에는 많은 시간을 부여해서 최대한 빨리 끝날 수 있게 체계적으로 계획을 했습니다. 그 결과 좋은 결과물로 남았다고 말할 수 있을 것 같습니다.","wordCount":39}}},"rawDataInfo":{"question":{"fileFormat":"wav","fileSize":604558,"duration":18890,"samplingBit":16,"channelCount":1,"samplingRate":"16kHz","audioPath":"/Mock/03.PublicService/Female/Experienced/ckmk_q_ps_f_e_195943.wav"},"answer":{"fileFormat":"wav","fileSize":1971278,"duration":61600,"samplingBit":16,"channelCount":1,"samplingRate":"16kHz","audioPath":"/Mock/03.PublicService/Female/Experienced/ckmk_a_ps_f_e_195943.wav"}}}