{"version":"1.0","dataSet":{"info":{"date":"20230116","occupation":"PS","channel":"MOCK","place":"ONLINE","gender":"FEMALE","ageRange":"-34","experience":"EXPERIENCED"},"question":{"raw":{"text":"원칙 그리고 융통성 살다 보면 이 두 가지가 충돌하게 되는 일이 많은데 무엇을 우선시 하시나요","wordCount":15},"emotion":[],"intent":[]},"answer":{"raw":{"text":"저는 방금 전에 제가 되게 친절하게 고객들에게 친절하게 응대를 한다고 제가 말씀을 드렸었는데 그 안에 제가 중요하게 생각하는 게 원칙이거든요. 그래서 그 원칙을 지키면서 그 친절하게 대하는 게 있어서 저는 원칙을 더 우선시하는 것 같습니다. 이 일을 오래 하다 보니까 예를 들어서 레슨 시간을 어겼을 때 그 당일에 취소를 할 때 저희가 이제 뭐 횟수 같은 걸 차감하거나 말거나 하잖아요. 근데 뭐 융통성 있게 그냥 그때그때 이 고객님의 사정에 따라서 제가 그냥 수업을 아예 안 한 걸로 해서 다시 살려 드리기도 하지만 그게 애매한 기준을 만들더라고요. 그리고 저한테 이제 이 레슨을 받는 분들이 서로 연결되어 있을 때 그런 경우들도 있어서 지인인 경우에도 그게 말이 돌기 때문에 어 조금 그런 부분은 어쨌든 제가 저를 브랜드화 시키는 부분에서도 원칙적으로 가야겠다 라고 생각이 들어서 뭐 수업에 관한 규칙들 그걸 위반했을 때 오는 그 손해 같은 것들은 제가 원칙적으로 기준을 세워서 계속해서 진행을 하고 있습니다.","wordCount":141},"emotion":[],"intent":[{"text":"저는 방금 전에 제가 되게 친절하게 고객들에게 친절하게 응대를 한다고 제가 말씀을 드렸었는데 그 안에 제가 중요하게 생각하는 게 원칙이거든요.","expression":"p_cus_belief","category":"technology"},{"text":"그래서 그 원칙을 지키면서 그 친절하게 대하는 게 있어서 저는 원칙을 더 우선시하는 것 같습니다.","expression":"p_cus_belief","category":"technology"}],"summary":{"text":"레슨 시간을 어겼을 때 취소할 때 횟수를 차감하는 것이 원칙인데 고객님의 사정에 따라 수업을 아예 안 한 걸로 해서 다시 살려 드리기도 하지만 애매한 기준을 만들었습니다. 또 레슨을 받는 분들이 서로 연결되어 있을 때 그런 경우도 있어서 브랜드화 시키는 부분에서도 원칙으로 가야겠다 라고 생각되어 원칙을 세워서 진행하고 있습니다.","wordCount":48}}},"rawDataInfo":{"question":{"fileFormat":"wav","fileSize":355278,"duration":11100,"samplingBit":16,"channelCount":1,"samplingRate":"16kHz","audioPath":"/Mock/03.PublicService/Female/Experienced/ckmk_q_ps_f_e_205360.wav"},"answer":{"fileFormat":"wav","fileSize":2749518,"duration":85920,"samplingBit":16,"channelCount":1,"samplingRate":"16kHz","audioPath":"/Mock/03.PublicService/Female/Experienced/ckmk_a_ps_f_e_205360.wav"}}}