{"version":"1.0","dataSet":{"info":{"date":"20230116","occupation":"PS","channel":"MOCK","place":"ONLINE","gender":"FEMALE","ageRange":"35-44","experience":"EXPERIENCED"},"question":{"raw":{"text":"지원자님이 지금까지 살아오면서 어 이뤘던 성과 중에서 가장 큰 성과가 무엇인지 궁금합니다 저희한테 자랑 한번 해주시겠어요","wordCount":16},"emotion":[],"intent":[]},"answer":{"raw":{"text":"제가 살면서 이룬 성과 중에 가장 큰 성과는 학습 부진아들을 가르쳤는데 제가 영어를 가르쳤는데 그 학생들이 성적이 부진하고 또 동기가 없고 또 학습을 왜 해야 되는지 모르는 상태에서 방황하는 그런 어 청소년들을 많이 가르치게 되었습니다. 그리고 또 야구 선수들이 실제로 야구 선수 야구 선수를 하는 학생들에게 어 도움을 주었는데 그 학생들이 어 왜 영어 공부가 필요한지 공부가 왜 필요한지 또 어떻게 하면은 공부하는데 도움을 줄 수 있는지 그런 모든 어 계획들을 어 상담이나 혹은 혹은 어 목표를 어 설정을 단기적으로 장기적으로 시키면서 어 자신이 원하는 목표에 도달할 수 있도록 제가 많은 도움을 주었습니다. 그래서 그 학생들이 실제로 어 사회생활을 학교생활 할 때 많은 사회성의 문제도 있었는데 성적을 어 많이 올려서 어 거의 삼 분의 이 가량이 성적을 어 백 점을 맞아서 음 자신감을 많이 갖게 되었고 또 학습에 대한 동기도 많이 올리게 되었습니다.","wordCount":133},"emotion":[],"intent":[{"text":"","expression":"","category":"attitude"}],"summary":{"text":"제가 살면서 가장 큰 성과는 학습 부진아들을 가르쳤는데 그 학생들이 성적이 부진하고 동기가 없는 상태에서 방황하는 청소년들을 많이 가르쳤습니다. 그래서 학생들이 실제로 사회생활을 학교생활 할 때 사회성의 문제도 있었는데 성적을 많이 올려 자신감을 갖게 되고 학습에 대한 동기도 많이 올리게 되었습니다.","wordCount":41}}},"rawDataInfo":{"question":{"fileFormat":"wav","fileSize":433998,"duration":13560,"samplingBit":16,"channelCount":1,"samplingRate":"16kHz","audioPath":"/Mock/03.PublicService/Female/Experienced/ckmk_q_ps_f_e_224471.wav"},"answer":{"fileFormat":"wav","fileSize":2755278,"duration":86100,"samplingBit":16,"channelCount":1,"samplingRate":"16kHz","audioPath":"/Mock/03.PublicService/Female/Experienced/ckmk_a_ps_f_e_224471.wav"}}}