{"version":"1.0","dataSet":{"info":{"date":"20230116","occupation":"PS","channel":"MOCK","place":"ONLINE","gender":"FEMALE","ageRange":"-34","experience":"EXPERIENCED"},"question":{"raw":{"text":"남을 잘 이끄는 리더형과 남을 잘 따르는 팔로우형이 있다면 본인은 어떤 유형인지 그리고 그 이유는 무엇인지 말씀해 주세요","wordCount":18},"emotion":[],"intent":[]},"answer":{"raw":{"text":"저는 여러 사람들에 의견을 듣고 수렴하고 계획을 세우고 방향성을 제시하는 것을 좋아합니다. 남들이 하기 싫어하는 일들도 스스로 해결해서 결과를 내는 것을 좋아하고 내가 가진 능력 안에서 상대방에 일을 해결해 주고 남에게 도움을 주는 기쁨이 좋습니다. 그리고 저에 의견을 따라 사람들이 즐겁게 일을 해 나가는 것이 좋습니다. 지금까지 제 주변에 많은 사람들이 저와 함께 일하는 것을 즐거워하고 좋아하는 것을 보면 저는 팔로워 형보다는 리더 형이라고 생각합니다.","wordCount":65},"emotion":[],"intent":[{"text":"","expression":"","category":"attitude"}],"summary":{"text":"저는 팔로워 형보다는 리더 형이라고 생각합니다. 제 주변의 많은 사람들이 저와 함께 일하는 것을 즐거워하고 좋아하는 것을 보면 저는 팔로의 형보다 리더 형이라 생각합니다.","wordCount":24}}},"rawDataInfo":{"question":{"fileFormat":"wav","fileSize":355278,"duration":11100,"samplingBit":16,"channelCount":1,"samplingRate":"16kHz","audioPath":"/Mock/03.PublicService/Female/Experienced/ckmk_q_ps_f_e_226478.wav"},"answer":{"fileFormat":"wav","fileSize":1265358,"duration":39540,"samplingBit":16,"channelCount":1,"samplingRate":"16kHz","audioPath":"/Mock/03.PublicService/Female/Experienced/ckmk_a_ps_f_e_226478.wav"}}}