{"version":"1.0","dataSet":{"info":{"date":"20230116","occupation":"PS","channel":"MOCK","place":"ONLINE","gender":"FEMALE","ageRange":"35-44","experience":"EXPERIENCED"},"question":{"raw":{"text":"일을 하다 보면 다른 지역에서 업무를 수행하게 될 수 있습니다 어 그러한 타 지역 근무도 지원자님께서는 문제 없이 가능하신지 여쭤보고 싶습니다","wordCount":21},"emotion":[],"intent":[]},"answer":{"raw":{"text":"어 일을 하다보면 다른 지역에서도 업무를 수행할 수 어 할 수 있게 되는데 저는 그것에 대해서 즐기는 편입니다 그래서 저는 어 어렸을 때부터 부모님이 열린 생각을 가지고 계셔서 외국이나 또 다른 환경이나 새로운 환경에서 열린 시각을 가지고 어 배울 수 있도록 많은 지원을 해주셨습니다. 그때 그때 외국인과 음 같이 살 때도 있었고 어 대화할 때도 있었는데 음 그럴 때 어 그 사람들이 외국 사람이라서 많이 다를 것이라고 생각을 했지만 어 그곳에서 어 똑같은 인간이라는 것을 알고 음 많은 좋은 관계를 갖게 되었습니다. 그리고 저는 새로운 어 환경에 대해서 어 대처하는 방법도 많이 알고 있기 때문에 어 추운 지방에 간다면 무엇을 준비해야 하는지 혹은 어 옷차림에 대해서 날씨에 대해서 먼저 어 알아본 후에 어떤 것을 준비를 해야 되는지 제가 어 준비성이 철저한 편입니다. 그리고 또 어 새로운 사람을 사귀는 것도 어 아주 흥미롭게 여기는 편이고 재미있게 생각하는 편입니다. 그래서 저는 새로운 환경에 많이 어 살았던 경험이 있기 때문에 그것들을 즐기고 또 기대하는 마음을 가지고 것들을 어 맞이할 수 있기 때문에 저는 새로운 환경에서 적응하는 시간이 얼마 걸리지 않고 그것들을 적응해서 어 업무를 하는데 빨게 적응해서 좋은 결과물들을 낼 수 있습니다.","wordCount":179},"emotion":[{"text":"그리고 또 어 새로운 사람을 사귀는 것도 어 아주 흥미롭게 여기는 편이고 재미있게 생각하는 편입니다.","expression":"p-interest","category":"positive"}],"intent":[{"text":"","expression":"","category":"attitude"}],"summary":{"text":"일을 하다보면 다른 지역에서도 업무를 수행할 수 있게 되는데 저는 그것을 즐기는 편입니다. 그래서 부모님이 외국이나 다른 환경이나 새로운 환경에서 열린 시각을 가지고 배울 수 있도록 지원을 해주셨습니다. 그래서 저는 새로운 환경에 많이 살았던 경험이 있기 때문에 그것을 즐기고 기대하는 마음을 가지고 적응해서 좋은 결과물들을 낼 수 있습니다.","wordCount":48}}},"rawDataInfo":{"question":{"fileFormat":"wav","fileSize":447758,"duration":13990,"samplingBit":16,"channelCount":1,"samplingRate":"16kHz","audioPath":"/Mock/03.PublicService/Female/Experienced/ckmk_q_ps_f_e_241164.wav"},"answer":{"fileFormat":"wav","fileSize":3814478,"duration":119200,"samplingBit":16,"channelCount":1,"samplingRate":"16kHz","audioPath":"/Mock/03.PublicService/Female/Experienced/ckmk_a_ps_f_e_241164.wav"}}}