{"version":"1.0","dataSet":{"info":{"date":"20230116","occupation":"PS","channel":"MOCK","place":"ONLINE","gender":"FEMALE","ageRange":"55-","experience":"EXPERIENCED"},"question":{"raw":{"text":"요즘에는 윤리 경영이 하나의 새로운 트렌드입니다 윤리 경영을 위해서 조직이나 회사 차원에서 해야 할 일은 무엇이라고 생각하십니까","wordCount":17},"emotion":[],"intent":[]},"answer":{"raw":{"text":"깨끗한 경영이 윤리 경영을 위해서 조직 회사 차원에서 해야 할 일이라고 생각합니다. 회계의 투명 업무의 투명 그리고 모든 대외 문제에 대해서의 투명함 기업의 자산에 대해서의 투명함 그리하여 내부 고발자나 공익 제보자들을 보호할 수 있는 기초도 마련해 가야 하고요. 누가 불의를 고발할 수 있겠습니까. 공평하고 공정한 세상이 아니면 아무도 세상을 무서워서 그런 일을 할 수 없을 것이고 또한 그 원인을 마련한 기업의 경영자들은 윤리 경영을 위해서라면 클린한 경영 시스템을 도입해야 하고 경영진들에게도 윤리 경영을 위한 기본적인 소양을 이룰 수 있는 정 인식 교육을 항상 하야 한다고 생각합니다. 모든 일에 있어서 정신적인 클린 깨끗한 경영이 윤리 경영의 기본이라고 생각합니다.","wordCount":97},"emotion":[],"intent":[{"text":"","expression":"","category":"attitude"}],"summary":{"text":"윤리 경영을 위해서는 조직 회사 차원에서 회계, 업무, 자산 등 모든 일에 있어서 정신적인 클린 깨끗한 경영이 윤리 경영의 기본이라고 생각합니다.","wordCount":21}}},"rawDataInfo":{"question":{"fileFormat":"wav","fileSize":545998,"duration":17060,"samplingBit":16,"channelCount":1,"samplingRate":"16kHz","audioPath":"/Mock/03.PublicService/Female/Experienced/ckmk_q_ps_f_e_245210.wav"},"answer":{"fileFormat":"wav","fileSize":2425038,"duration":75780,"samplingBit":16,"channelCount":1,"samplingRate":"16kHz","audioPath":"/Mock/03.PublicService/Female/Experienced/ckmk_a_ps_f_e_245210.wav"}}}