{"version":"1.0","dataSet":{"info":{"date":"20230116","occupation":"PS","channel":"MOCK","place":"ONLINE","gender":"FEMALE","ageRange":"55-","experience":"EXPERIENCED"},"question":{"raw":{"text":"우리 회사에 들어오게 된다면 가장 가고 싶은 부서는 어디인가요 또한 왜 그곳에 가장 가고 싶으신지 이유와 함께 말씀 부탁드립니다","wordCount":19},"emotion":[],"intent":[]},"answer":{"raw":{"text":"제가 이 회사를 선택해서 지원하게 된 이유는 제가 하고 싶어하는 취업 상담 직업 상담 생애 설계 상담 전직 지원 상담 업무를 하는 부서가 있었기 때문입니다. 그 부서에 지원하게 되었고 그 부서에서 제가 그동안 이십 여 년 동안 해 온 생애 설계 상담과 취업 상담으로 정보 제공과 대면 상담과 전화 상담을 통해서 그리고 인터넷 상담과 문서 문서 문자 상담을 통해서라도 이 업무를 해보고 싶습니다. 그동안의 경험과 노하우로 제 상담 이력을 모든 대면 상담자들에게 적용하여 취업이나 창업 또는 전직을 위한 상담과 정보 제공을 통해서 이 분들이 퇴직 후 새로운 전직으로 이동할 수 있도록 디딤돌 역할을 충분히 할 수 있다고 생각합니다.","wordCount":98},"emotion":[{"text":"그 부서에 지원하게 되었고 그 부서에서 제가 그동안 이십 여 년 동안 해 온 생애 설계 상담과 취업 상담으로 정보 제공과 대면 상담과 전화 상담을 통해서 그리고 인터넷 상담과 문서 문서 문자 상담을 통해서라도 이 업무를 해보고 싶습니다.","expression":"p-interest","category":"positive"}],"intent":[{"text":"제가 이 회사를 선택해서 지원하게 된 이유는 제가 하고 싶어하는 취업 상담 직업 상담 생애 설계 상담 전직 지원 상담 업무를 하는 부서가 있었기 때문입니다.","expression":"c_sincere_job","category":"etc"},{"text":"그 부서에 지원하게 되었고 그 부서에서 제가 그동안 이십 여 년 동안 해 온 생애 설계 상담과 취업 상담으로 정보 제공과 대면 상담과 전화 상담을 통해서 그리고 인터넷 상담과 문서 문서 문자 상담을 통해서라도 이 업무를 해보고 싶습니다.","expression":"c_sincere_job","category":"etc"}],"summary":{"text":"이 회사를 선택하게 된 이유는 제가 하고 싶어하는 취업, 직업, 생애 설계, 전직 지원 상담 업무를 하는 부서가 있었기 때문입니다. 상담 이력을 모든 대면 상담자들에게 적용하여 퇴직 후 새로운 전직으로 이동할 수 있도록 디딤돌 역할을 할 수 있다고 생각합니다.","wordCount":39}}},"rawDataInfo":{"question":{"fileFormat":"wav","fileSize":608398,"duration":19010,"samplingBit":16,"channelCount":1,"samplingRate":"16kHz","audioPath":"/Mock/03.PublicService/Female/Experienced/ckmk_q_ps_f_e_245092.wav"},"answer":{"fileFormat":"wav","fileSize":2153038,"duration":67280,"samplingBit":16,"channelCount":1,"samplingRate":"16kHz","audioPath":"/Mock/03.PublicService/Female/Experienced/ckmk_a_ps_f_e_245092.wav"}}}