{"version":"1.0","dataSet":{"info":{"date":"20230116","occupation":"PS","channel":"MOCK","place":"ONLINE","gender":"FEMALE","ageRange":"45-54","experience":"EXPERIENCED"},"question":{"raw":{"text":"일을 하게 되면 자료를 문서화할 일이 굉장히 많이 있습니다 이때 이 작업이 왜 필요하다고 생각하시는지 본인의 생각을 말씀해 주세요","wordCount":19},"emotion":[],"intent":[]},"answer":{"raw":{"text":"일을 함에 있어서 어 취재했던 일들을 다 자료로 문서화하는 일은 대단히 중요하다고 생각됩니다. 어 왜 그러냐면 그 이후에 이와 비슷한 일들이 진행될 때 조금 귀찮더라도 문서화하는 과정을 거쳐서 문서로 어 정보를 제공할 수 있는 어 그런 자료가 확보되어 있다면 어 전임자에게 특별히 물어보거나 하지 않아도 스스로 그 문서를 통해서 다음 후임자와 그 일을 처리하는데 도움이 되고 정보를 제공받을 수 있고요. 그리고 문서화를 통해서 오해의 소지가 있는 것들을 어 나중에 다시 찾아봄으로써 확인할 수 있는 것들도 어 매우 도움이 되고 효과적이라고 봅니다. 그리고 문서화하는 과정이 본인이 일했던 것을 다시 되돌아보면서 어 그것들을 가지고 어 피드백을 받을 수 있는 그런 자료도 되구요. 지금 시간이 지나고 나면 본인이 했던 일도 정확하게 기억을 하지 못하거나 같은 일을 반복할 때도 다시 찾아봐야 되는 경우가 종종 있기 때문에 문서로 자극을 해 놓은다면은 어 일의 속도가 훨씬 빨라지고 효율성도 어 증대될 것이라고 생각됩니다. 그래서 문서와는 귀찮더라도 나중에 생각해서 효율적 일에 어 꼭 필요합니다.","wordCount":146},"emotion":[],"intent":[{"text":"","expression":"","category":"attitude"}],"summary":{"text":"취재했던 일들을 다 문서화하는 일은 매우 중요합니다. 문서화 과정을 통해 정보를 제공할 수 있는 자료가 있다면 일의 속도가 훨씬 빨라지고 효율성도 증대될 것입니다. 또한, 문서화를 통해 오해의 소지가 있는 것들을 다시 찾아봄으로써 확인할 수 있는 것들도 매우 도움이 되고 효과적입니다.","wordCount":40}}},"rawDataInfo":{"question":{"fileFormat":"wav","fileSize":322638,"duration":10080,"samplingBit":16,"channelCount":1,"samplingRate":"16kHz","audioPath":"/Mock/03.PublicService/Female/Experienced/ckmk_q_ps_f_e_224484.wav"},"answer":{"fileFormat":"wav","fileSize":2787278,"duration":87100,"samplingBit":16,"channelCount":1,"samplingRate":"16kHz","audioPath":"/Mock/03.PublicService/Female/Experienced/ckmk_a_ps_f_e_224484.wav"}}}