{"version":"1.0","dataSet":{"info":{"date":"20230116","occupation":"PS","channel":"MOCK","place":"ONLINE","gender":"FEMALE","ageRange":"45-54","experience":"EXPERIENCED"},"question":{"raw":{"text":"일을 하다 보면 상사와 트러블이 생길 수도 있는데 어떻게 하실 겁니까","wordCount":11},"emotion":[],"intent":[]},"answer":{"raw":{"text":"어 분명 상사와 트러블이 생길 수 있습니다. 제가 옳다고 옳다고 생각하고 이게 맞다고 생각하는 거는 상사고 동료오 함께 일하는 사람이 제 위에 사람이일지라도 제 의견을 정확하게 개진하는 편이기 때문에 상사가 제 의견에 대해서 그거는 맞지 않다 당신의 생각이 틀렸다 라고 저에게 힐난을 하거나 내지는 뭐 그럴 수 있는 상황은 충분히 있습니다. 그런 일을 제가 여러 번 겪었기 때문에 그런 일에 기분이 상해서 하던 일을 못하고 하지는 않습니다. 근데 어 제가 제가 이 일을 개진하는 데 있어서 상사에게 기분이 나쁘게 한 부분이람 분명히 기분 나쁜 부분을 상과 사과를 할 것입니다. 그런데 일 면에서 어 내가 하는 일 주장하는 일이 단지 부하 직원이기 때문에 틀렸다고 지적을 받는다면 그거는 상사하고도 충분히 얘기를 해서 그게 아니 아니다. 왜 이 일이 내가 이야기하는 것이 맞는지 에서 유기적으로 설명하고 설득하려고 끝까지 노력할 것입니다. 하지만 상사에게 그 와중에서 너의 태도가 틀렸다 어 태도가 상당히 어 좋지 못했다 라는 평가를 받는다면 그 부분은 충분히 사과하고 그리고 일에 집중할 수 있는 그런 정도의 역량은 제가 있다고 봅니다. 하지만 뭐 아주 무대뽀로 서로 힘겨루기를 하는 그런 상황으로 간다면 좀 얘기가 달라지겠지만 기분이 나쁜 부분은 논리적으로 충분히 설득 가능하다고 생각합니다.","wordCount":179},"emotion":[],"intent":[{"text":"","expression":"","category":"attitude"}],"summary":{"text":"저는 상사와 트러블이 생길 수 있지만 상사가 제 의견에 대해서 힐난을 하거나 내지는 그럴 수 있는 상황은 충분히 있습니다. 하지만 제가 이 일을 개진하는 데 있어서 상사에게 기분 나쁜 부분을 사과를 할 것입니다. 하지만 상사에게 그 와중에서 태도가 틀렸다 라는 평가를 받는다면 그 부분은 충분히 사과하고 일에 집중할 수 있는 역량을 갖고 있다고 봅니다.","wordCount":54}}},"rawDataInfo":{"question":{"fileFormat":"wav","fileSize":248398,"duration":7760,"samplingBit":16,"channelCount":1,"samplingRate":"16kHz","audioPath":"/Mock/03.PublicService/Female/Experienced/ckmk_q_ps_f_e_185841.wav"},"answer":{"fileFormat":"wav","fileSize":2817358,"duration":88040,"samplingBit":16,"channelCount":1,"samplingRate":"16kHz","audioPath":"/Mock/03.PublicService/Female/Experienced/ckmk_a_ps_f_e_185841.wav"}}}