{"version":"1.0","dataSet":{"info":{"date":"20230116","occupation":"PS","channel":"MOCK","place":"ONLINE","gender":"FEMALE","ageRange":"55-","experience":"EXPERIENCED"},"question":{"raw":{"text":"지원자님께서는 본인이 교번근무에 잘 적응할 수 있다고 생각하시나요 잘 적응할 수 있다고 생각하시면 그 근거도 함께 말씀해 주시기 바랍니다","wordCount":19},"emotion":[],"intent":[]},"answer":{"raw":{"text":"저는 교대 근무를 한 번도 해본 적은 없습니다. 하지만 어 사무실 일이 많거나 할 때는 야간 근무도 자처에서 해 본 경험이 많습니다. 그리고 현재는 제 상황상 어 가정 사정상 어 교번 근무를 할 수 있어도 좋을 만한 상황입니다. 그러므로 어 이런 상황인 경우에는 교번 근무를 교대 근무를 충분히 해낼 자신이 있습니다. 둘만 살고 있는 부부 부부 중심 가구이기 때문에 남편이 서로 양해 해주고 허락해 준다면 교대 근무를 충분히 해 나갈 수 있습니다. 야간에 근무할 때는 그거에 맞는 어 정확하고 어 그 일에 일 때문에 어쩔 수 없이 교번 근무를 해야 된다면 그 사 거기에 취업을 하려면 그 상황에 맞춰서 할 수 있어야 취업할 수 있는 것 같습니다.","wordCount":107},"emotion":[],"intent":[{"text":"","expression":"","category":"attitude"}],"summary":{"text":"사무실 일이 많거나 할 때는 야간 근무도 자처에서 해 본 경험이 많습니다. 현재는 가정 사정상 어 교번 근무를 할 수 있어도 좋을 만한상황입니다. 부부 부부 중심 가구이기 때문에 남편이 서로 양해 해주고 허락해 준다면 교대 근무를 충분히 해낼 수 있습니다.","wordCount":40}}},"rawDataInfo":{"question":{"fileFormat":"wav","fileSize":626958,"duration":19590,"samplingBit":16,"channelCount":1,"samplingRate":"16kHz","audioPath":"/Mock/03.PublicService/Female/Experienced/ckmk_q_ps_f_e_245091.wav"},"answer":{"fileFormat":"wav","fileSize":2201358,"duration":68790,"samplingBit":16,"channelCount":1,"samplingRate":"16kHz","audioPath":"/Mock/03.PublicService/Female/Experienced/ckmk_a_ps_f_e_245091.wav"}}}