{"version":"1.0","dataSet":{"info":{"date":"20230116","occupation":"PS","channel":"MOCK","place":"ONLINE","gender":"FEMALE","ageRange":"55-","experience":"EXPERIENCED"},"question":{"raw":{"text":"면접자님께서는 만약 이직을 생각하는 동료를 만나게 된다면 뭐라고 말씀하시겠습니까 왜 그렇게 말씀하실지도 같이 설명 부탁드립니다","wordCount":15},"emotion":[],"intent":[]},"answer":{"raw":{"text":"직장에 있을 때에 항상 어 새로운 직원이 들어오면 그 직원이 어떻게 잘 살 수 있을까 잘 살 살아나갈 수 있을까를 대화하고 했습니다. 취업하고 삼 사 개월 만에 이직을 생각하는 동료일 경우에는 이 일이 자신에게 정말 어 알맞은 건지 정말 좋아하는지 어쩔 수 없이 다녀야만 하는지 그거에 대해서 충분한 서로 커뮤니케이션이 필요하다고 생각합니다. 그래서 이 일이 아니더라도 본인이 더 잘 할 수 있는 일이 있다고 굳게 신념으로 믿는다면 그리고 일이 정말 자기한테는 맞지 않고 새로운 어떤 다른 일을 함으로써 더 성취감을 느낄 수 있고 즐거움을 느낄 수 있다면 그 일을 찾아서 이식하는 것이 좋지만 그렇지 않고 단지 어 앞으로 개발이나 자기 능력 개발을 하지 않고 그 자리에서 그냥 있게 할려고 한다면 그것도 안 된다고 생각합니다. 그래서 이직을 하려면 충분한 동기가 있어야 되고 거기에 대한 특별히 더 준비하고 새로운 직장에 갈 수 있는 것이 자기한테 최선의 방법이라는 거를 깨달아야 할 것이라고 생각합니다.","wordCount":140},"emotion":[],"intent":[{"text":"그래서 이 일이 아니더라도 본인이 더 잘 할 수 있는 일이 있다고 굳게 신념으로 믿는다면 그리고 일이 정말 자기한테는 맞지 않고 새로운 어떤 다른 일을 함으로써 더 성취감을 느낄 수 있고 즐거움을 느낄 수 있다면 그 일을 찾아서 이식하는 것이 좋지만 그렇지 않고 단지 어 앞으로 개발이나 자기 능력 개발을 하지 않고 그 자리에서 그냥 있게 할려고 한다면 그것도 안 된다고 생각합니다.","expression":"c_value","category":"background"}],"summary":{"text":"취업하고 삼 사 개월 만에 이직하는 동료가 있다면 이직을 위한 충분한 동기가 필요하고, 더 잘 할 수 있는 일이 있다고 믿는다면 그 일을 이식하는 것이 좋지만 그렇지 않고 능력 개발을 하지 않고 그냥 있게 할려고 한다면 그것도 안 된다고 생각합니다.","wordCount":40}}},"rawDataInfo":{"question":{"fileFormat":"wav","fileSize":483918,"duration":15120,"samplingBit":16,"channelCount":1,"samplingRate":"16kHz","audioPath":"/Mock/03.PublicService/Female/Experienced/ckmk_q_ps_f_e_244726.wav"},"answer":{"fileFormat":"wav","fileSize":2824398,"duration":88260,"samplingBit":16,"channelCount":1,"samplingRate":"16kHz","audioPath":"/Mock/03.PublicService/Female/Experienced/ckmk_a_ps_f_e_244726.wav"}}}