{"version":"1.0","dataSet":{"info":{"date":"20230116","occupation":"PS","channel":"MOCK","place":"ONLINE","gender":"FEMALE","ageRange":"55-","experience":"EXPERIENCED"},"question":{"raw":{"text":"소통 능력을 향상시키기 위해서 어떤 일을 할 수 있을까요 생각나는 방법들을 자세하게 한 번 말씀 부탁드립니다","wordCount":16},"emotion":[],"intent":[]},"answer":{"raw":{"text":"소통에는 제일 먼저 가 잘 들어 주기 겠지요. 첫 번째는 잘 들어주고 두 번째는 생각하고 답변하고 그리고 또 한 번 생각하고 상대방을 배려해서 어 그 질문이 답변해 주고요. 소통 능력을 키우기 위해서는 무엇보다 서로 눈을 맞추고 서로의 마음을 읽을 수 있는 게 필요하다고 생각합니다. 그래서 서로 눈을 마주하면서 그 사람을 잘 들어줄 수 있는 기본 자세가 돼 있어야 될 것이라고 생각하고요. 일단 들어주는 게 제일 기본이라고 생각합니다.","wordCount":67},"emotion":[],"intent":[{"text":"","expression":"","category":"attitude"}],"summary":{"text":"소통 능력 향상을 위해서는 눈을 맞추고 마음을 읽을 수 있는 게 필요하다고 생각합니다. 일단 들어주는 게 제일 기본이라고 생각되며 소통 능력을 키울 수 있습니다.","wordCount":24}}},"rawDataInfo":{"question":{"fileFormat":"wav","fileSize":353678,"duration":11050,"samplingBit":16,"channelCount":1,"samplingRate":"16kHz","audioPath":"/Mock/03.PublicService/Female/Experienced/ckmk_q_ps_f_e_234652.wav"},"answer":{"fileFormat":"wav","fileSize":1217038,"duration":38030,"samplingBit":16,"channelCount":1,"samplingRate":"16kHz","audioPath":"/Mock/03.PublicService/Female/Experienced/ckmk_a_ps_f_e_234652.wav"}}}