{"version":"1.0","dataSet":{"info":{"date":"20230116","occupation":"PS","channel":"MOCK","place":"ONLINE","gender":"FEMALE","ageRange":"35-44","experience":"EXPERIENCED"},"question":{"raw":{"text":"지원자님은 팀으로 일하는 것과 혼자서 일하는 것 중에서 어떤 것을 더 선호하시는지 이야기 해 주시고 그 이유를 경험을 바탕으로 자세히 말씀해 주세요","wordCount":22},"emotion":[],"intent":[]},"answer":{"raw":{"text":"어 저는 팀으로 일하 일하는 것과 혼자 일하는 것 중에 팀으로 일하는 것을 더 선호합니다. 팀으로 일하면 어 각자 생각이 달라서 어 충돌하다고 생각을 할 수도 있지만 그 과정을 통해서 더 좋은 결과물을 얻을 수 있기 때문입니다. 그리고 또 시간도 절약할 수 있습니다. 많은 생각들을 가지고 있는 사람들이 많은 의견을 제시를 하기 때문에 어 지식의 양이 더 혼자 하는 것보다 많고 어 시간을 어 적절하게 사용할 수 있습니다. 그리고 역할 분담을 하기 때문에 어 혼자 하 하는 것보다 어 더 많은 양을 한꺼번에 경제적으로 시간을 사용해서 그것들을 사용을 할 수 있습니다. 그래서 어 자료 조사를 하고 또 시간을 관리하고 또 전체적인 어 흐름을 파악하고 어 정리하는 그런 것이라던지 어 그런 것을 그런 과정을 통해서 그것들을 취합을 해서 어 그것들을 시간을 잘 어 더 절약을 해서 사용을 할 수 있고 또 사용을 할 수 있기 때문에 시간을 더 효과적으로 사용을 할 수 있습니다. 그래서 음 혼자 할 때는 시간이 더 많이 걸리고 어 것들이 어 그리고 또 사람들과 같이 의견을 나누면서 의견을 어 설득시키고 또 상대방의 의견을 많이 수용하는 방법을 배울 수 있습니다. 그래서 제가 수용하는 방법을 많이 배우게 되었고 또 설득하게 되었습니다.","wordCount":182},"emotion":[],"intent":[{"text":"","expression":"","category":"attitude"}],"summary":{"text":"팀 일의 선호 이유는 각자 의견이 달라 충돌할 수 있지만 그 과정을 통해 더 좋은 결과물을 얻을 수 있고, 시간을 절약할 수 있으며, 사람들과 함께 의견을 나누며 의견을 설득시키는 방법을 배울 수 있기 때문입니다.","wordCount":34}}},"rawDataInfo":{"question":{"fileFormat":"wav","fileSize":564878,"duration":17650,"samplingBit":16,"channelCount":1,"samplingRate":"16kHz","audioPath":"/Mock/03.PublicService/Female/Experienced/ckmk_q_ps_f_e_246539.wav"},"answer":{"fileFormat":"wav","fileSize":3869518,"duration":120920,"samplingBit":16,"channelCount":1,"samplingRate":"16kHz","audioPath":"/Mock/03.PublicService/Female/Experienced/ckmk_a_ps_f_e_246539.wav"}}}