{"version":"1.0","dataSet":{"info":{"date":"20230116","occupation":"PS","channel":"MOCK","place":"ONLINE","gender":"FEMALE","ageRange":"-34","experience":"EXPERIENCED"},"question":{"raw":{"text":"동물 실험이 인간에게 주는 이익에 관해서 말씀해 주시겠습니까 지원자님이 생각하는 동물 실험에 대해 말씀해 주세요","wordCount":15},"emotion":[],"intent":[]},"answer":{"raw":{"text":"인간에 안전을 위한 다는 명목 하에 이루어지는 동물 실험은 그 정확성이 떨어질 뿐만 아니라 불필요한 동물들에 희생이 너무 많습니다. 동물 실험을 당연시하는 관점은 인간과 동물에 기능과 수행 기관이 유사할 것으로 보는 데 있지만 기능에 유사성에도 수행 메커니즘이 종마다 전혀 다른 데도 종종 무시되어 가고 있습니다. 결국 인간에게는 적용 가능한 지 인간을 대상으로 한 실험에서만 가능하기 때문에 동물 실험에 의미는 없다고 생각합니다. 최근 에프디에이 연구 결과에 따르면 동물 실험을 통해 효과를 확인한 약물이라고 해도 구십 프로 이상이 인체 대상 임상 실험을 통과하지 못한다고 합니다. 또한 동물 실험에 부작용으로 인한 알 수 없는 바이러스에 출현 등 인간을 위한 연구가 인간을 위협하는 연구가 되고 있습니다. 따라서 직접적인 동물 실험보다는 에이아이를 기반으로 한 대체 실험을 더욱 개발하고 이를 통해 연구해야 된다고 생각합니다.","wordCount":118},"emotion":[],"intent":[{"text":"","expression":"","category":"attitude"}],"summary":{"text":"인간에게 적용 가능한지 인간을 대상으로 한 실험에서만 가능하기 때문에 동물 실험에 의미는 없으며, 직접적인 동물 실험보다는 에이아이를 기반으로 한 대체 실험을 더욱 개발하고 이를 통해 연구해야 된다고 생각합니다.","wordCount":28}}},"rawDataInfo":{"question":{"fileFormat":"wav","fileSize":456398,"duration":14260,"samplingBit":16,"channelCount":1,"samplingRate":"16kHz","audioPath":"/Mock/03.PublicService/Female/Experienced/ckmk_q_ps_f_e_226475.wav"},"answer":{"fileFormat":"wav","fileSize":2252238,"duration":70380,"samplingBit":16,"channelCount":1,"samplingRate":"16kHz","audioPath":"/Mock/03.PublicService/Female/Experienced/ckmk_a_ps_f_e_226475.wav"}}}