{"version":"1.0","dataSet":{"info":{"date":"20230116","occupation":"PS","channel":"MOCK","place":"ONLINE","gender":"FEMALE","ageRange":"55-","experience":"EXPERIENCED"},"question":{"raw":{"text":"악법도 법이라고 법이라는 얘기가 있습니다 본인이 생각할 때 악법도 법이라고 생각하는지 그 이유가 뭔지 간략하게 말씀해 주시면 감사하겠습니다","wordCount":18},"emotion":[],"intent":[]},"answer":{"raw":{"text":"우선 그 말은 잘못 알려진 사실이에요. 네 제 개인적인 우선 호불호와 별개로 이게 잘못 알려진 사실이라는 거를 분명히 말씀을 드리고 싶고 저는 네 저 말이 정말 어 안 좋은 그런 관념이나 어떤 행태들을 감싸 안아주는 네 말이라고 생각을 합니다. 말도 안되죠. 악법이 있으면 그 법은 폐지가 돼야 되는 거고 법이라고 해서 무조건 지켜야 된다는 것도 네 이건 이제 구시대적인 생각이죠. 그렇게 생각하지 않습니다. 악법이면 버려져야 되고 다시 개정이 돼야 되고 네 좋은 법으로 다시 탈바꿈 시키면 되는 거죠. 왜 그걸 그대로 놔둡니까 왜 그리고 그걸 그대로 지켜야 됩니까 우리가. 절대 동의하지 않고 네 저건 잘못된 말이라는 걸 분명히 바로잡고 싶습니다.","wordCount":100},"emotion":[],"intent":[{"text":"","expression":"","category":"attitude"}],"summary":{"text":"저는 저 말이 안 좋은 관념이나 행태들을 감싸 안아주는 말이라고 생각합니다. 악법이면 폐기되어야 하고 좋은 법으로 다시 탈바꿈 시키면 되는 것입니다. 절대 동의하지 않고 저 말은 잘못된 말이라는 걸 분명히 바로잡고 싶습니다.","wordCount":32}}},"rawDataInfo":{"question":{"fileFormat":"wav","fileSize":512078,"duration":16000,"samplingBit":16,"channelCount":1,"samplingRate":"16kHz","audioPath":"/Mock/03.PublicService/Female/Experienced/ckmk_q_ps_f_e_178023.wav"},"answer":{"fileFormat":"wav","fileSize":2768078,"duration":86500,"samplingBit":16,"channelCount":1,"samplingRate":"16kHz","audioPath":"/Mock/03.PublicService/Female/Experienced/ckmk_a_ps_f_e_178023.wav"}}}