{"version":"1.0","dataSet":{"info":{"date":"20230116","occupation":"PS","channel":"MOCK","place":"ONLINE","gender":"FEMALE","ageRange":"-34","experience":"EXPERIENCED"},"question":{"raw":{"text":"일을 하다 보면 영어로 서류를 작성해야 할 일이 생길 수도 있는데요 지원자님은 이런 영어 서류 작성에 있어서 어려움이 없이 진행하실 수 있나요","wordCount":22},"emotion":[],"intent":[]},"answer":{"raw":{"text":"영어로 서류를 작성해야 될 일이 생긴다면 제가 간단한 영어는 서류로 작성을 할 수 있습니다. 하지만 좀 더 전문적인 지식을 요한다고 하면 다른 분이 하시는 게 더 도움이 될 거다 라고 말씀드릴 수 있고요. 일단 지금 상황에서는 그렇게 말씀을 드릴 수 밖에 없을 것 같습니다. 왜냐하면은 제가 그런 전문적인 비즈니스 쪽으로는 서로 작성을 해 본 경험이 전무하기 때문입니다. 하지만 만약 저에게 이러한 이 업무적인 이런 비즈니스적인 언어를 써야 될 상황들이 많다. 이걸로 서로 적성을 해야 된다 라고 했을 때는 제가 따로 학원을 끊거나 아니면 인터넷 강의를 통해서 또 따로 공부하고 그것에 대해서 인지한 후에 서류를 작성할 수 있을 것 같습니다. 그러니까 제가 드리고 싶은 말은 당장은 투입되기 어렵다. 하지만 어느 정도의 시간이 흐른 후에 네 작성이 가능하다 라고 말씀드릴 수 있을 것 같습니다.","wordCount":122},"emotion":[],"intent":[{"text":"","expression":"","category":"attitude"}],"summary":{"text":"비즈니스로 서로 작성을 해 본 경험이 전무한 저는 간단한 영어는 서류로 작성이 가능하지만 좀 더 전문적인 지식을 요한다고 하면 다른 분이 하시는 게 더 도움이 될 것 같습니다. 학원을 끊거나 인터넷 강의를 통해서 따로 공부하고 그것을 인지한 후에 서류를 작성할 수 있을 것입니다.","wordCount":43}}},"rawDataInfo":{"question":{"fileFormat":"wav","fileSize":595598,"duration":18610,"samplingBit":16,"channelCount":1,"samplingRate":"16kHz","audioPath":"/Mock/03.PublicService/Female/Experienced/ckmk_q_ps_f_e_195334.wav"},"answer":{"fileFormat":"wav","fileSize":2001358,"duration":62540,"samplingBit":16,"channelCount":1,"samplingRate":"16kHz","audioPath":"/Mock/03.PublicService/Female/Experienced/ckmk_a_ps_f_e_195334.wav"}}}