{"version":"1.0","dataSet":{"info":{"date":"20230116","occupation":"PS","channel":"MOCK","place":"ONLINE","gender":"FEMALE","ageRange":"45-54","experience":"EXPERIENCED"},"question":{"raw":{"text":"커뮤니케이션을 잘 할 수 있는 본인만의 스킬이 있다면 한 번 소개 부탁드리겠구요 어 직접 한 번 보여주셔도 좋습니다","wordCount":18},"emotion":[],"intent":[]},"answer":{"raw":{"text":"아 네 커뮤니케이션을 잘 하려면 일단 여러 가지 기본 지식 상식이 좀 많아야 된다고 생각을 합니다. 왜냐하면 어느 어떤 사람과 어떤 대화를 할지 모르기 때문에 어 많이 아는 만큼 보인다 라는 말이 있듯이 그 대화를 할 때 좀 어색하지 않은 그런 대화를 하기 위해서는 어떤 주제에 라도 어 잘 그 맞장구 치고 할 수 있는 그래서 이제 그 지식 상식이 좀 많아야 될 것 같구요. 일단 잘 들어야 된다고 생각합니다. 뭐 저희가 이 분 안하고 귀는 돌이 왜 그러냐 라는 그런 말들이 있듯이 잘 듣고 경청하는 자세 대신에 이제 그러면서 뭐 맞장구도 치고 눈도 쳐다보면서 리엑션을 해야 된다고 생각을 하고요 그래서 그 사람이 무슨 말을 하고 싶은지 그런 리즈 파악 그거를 그 눈치 빠르게 해야 된다고 생각을 합니다. 그렇기 때문에 지금 제가 이제 면접관님들이 질문을 하실 때 어 아주 그 집중력 있게 듣는 것처럼 어 또 말할 때에도 어떤 질문의 의도가 어떤 것인지 그 질문에 대한 답을 최대한 잘하기 위해서 하는 것들이 지금 제가 하는 부분이 어 소통을 잘 할 수 있는 그런 스킬이 아닌가 예 말씀드립니다.","wordCount":167},"emotion":[],"intent":[{"text":"","expression":"","category":"attitude"}],"summary":{"text":"커뮤니케이션을 잘 하기 위해서는 기본 지식 상식이 좀 많아야 합니다. 어떤 사람과 어떤 대화를 할지 모르기 때문에 맞장구 치고 할 수 있는 지식 상식이 필요하고, 잘 듣고 경청하는 자세 대신에 리엑션을 해야 합니다. 질문의 의도가 어떤 것인지 그 질문에 대한 답을 최대한 잘하기 위해서 하는 것들이 지금 제가 하는 부분이 소통을 잘 하는 스킬입니다.","wordCount":54}}},"rawDataInfo":{"question":{"fileFormat":"wav","fileSize":367118,"duration":11470,"samplingBit":16,"channelCount":1,"samplingRate":"16kHz","audioPath":"/Mock/03.PublicService/Female/Experienced/ckmk_q_ps_f_e_229240.wav"},"answer":{"fileFormat":"wav","fileSize":3303118,"duration":103220,"samplingBit":16,"channelCount":1,"samplingRate":"16kHz","audioPath":"/Mock/03.PublicService/Female/Experienced/ckmk_a_ps_f_e_229240.wav"}}}