{"version":"1.0","dataSet":{"info":{"date":"20230116","occupation":"PS","channel":"MOCK","place":"ONLINE","gender":"FEMALE","ageRange":"35-44","experience":"EXPERIENCED"},"question":{"raw":{"text":"만약 지원자님께서 지금 지원하신 이 직무가 아니라 다른 부서에 배치 받게 된다면 어떻게 하실 건가요 그래도 업무를 진행하실 건가요","wordCount":19},"emotion":[],"intent":[]},"answer":{"raw":{"text":"음 제가 지원한 직무가 아닌 다른 부서에 지원 어 배치가 된다면 어 그 일들을 감당할 수 있도록 많은 노력을 할 것입니다. 그래서 사내 교육이나 어 인터넷 강의나 또 책을 통해서 제가 어 하고자 하는 업무에 배치된 업무에 일을 할 수 있도록 공부를 많이 해서 그것들을 배울 수 있도록 어 노력을 할 것이고 어 제가 새로운 업무에 대해서 적응을 잘하는 편이기 때문에 그것들을 충분히 어 공부해서 할 수 있다고 생각을 합니다. 그리고 제가 음 도움을 받을 수 있는 어 선임들에게 그것들을 배워서 음 충분히 그것들을 잘 적응할 수 있다고 생각을 합니다. 그래서 그 분들의 조언을 받아서 음 제가 할 수 있는 어 공부들을 어 필요한 공부들이 무엇인지 어 선임 교사들에게 물어보고 그런 후에 제가 그것들을 어 진행하고 또 공부하고 또 노력하는 그런 모습을 많이 보여줄 계획입니다. 저는 어 새로운 업무 환경에 대해서 많은 관심을 가지고 있고 새로운 환경에 대해서 적응하는 것에 많이 익숙해져 있는 사람입니다. 제가 어 공부를 할 때도 뭐 새로운 환경에서 많이 공부를 하였고 음 새로운 것을 도전하는 것에 가치를 두고 뭐 배우는 것에 어 가치를 두는 사람이기 때문에 그것들을 충분히 할 수 있다고 믿습니다. 그래서 어 그것들을 진행을 할 때 어려움이 있다면 그것들을 어 많은 사람들의 조언을 받아서 진행을 할 계획이고 또 교육을 통해서 제가 필요한 부분들을 어 시간 분배를 잘 해서 공부해서 일어날 계획입니다.","wordCount":207},"emotion":[],"intent":[{"text":"","expression":"","category":"attitude"}],"summary":{"text":"저는 새로운 업무 환경에 관심이 많고 적응하는 것에 익숙해져 있는 사람이기 때문에 새로운 업무에 대한 공부를 충분히 할 수 있다고 생각합니다. 그래서 진행에 어려움이 있다면 많은 사람들의 조언을 받아서 진행을 할 계획이며, 교육을 통해서 제가 필요한 부분들을 시간 분배를 잘 해서 공부해서 일어날 계획입니다.","wordCount":44}}},"rawDataInfo":{"question":{"fileFormat":"wav","fileSize":616398,"duration":19260,"samplingBit":16,"channelCount":1,"samplingRate":"16kHz","audioPath":"/Mock/03.PublicService/Female/Experienced/ckmk_q_ps_f_e_237496.wav"},"answer":{"fileFormat":"wav","fileSize":3779598,"duration":118110,"samplingBit":16,"channelCount":1,"samplingRate":"16kHz","audioPath":"/Mock/03.PublicService/Female/Experienced/ckmk_a_ps_f_e_237496.wav"}}}