{"version":"1.0","dataSet":{"info":{"date":"20230116","occupation":"PS","channel":"MOCK","place":"ONLINE","gender":"FEMALE","ageRange":"35-44","experience":"EXPERIENCED"},"question":{"raw":{"text":"지금 지원자님 앞에 흥분한 채 억지를 부리는 고객 또는 민원인이 있다면 지원자님께서는 그를 어떻게 대처하실 건지 본인의 생각을 말씀해 주세요","wordCount":20},"emotion":[],"intent":[]},"answer":{"raw":{"text":"어 흥분한 채 억지를 부리는 고객이 있다면 음 처음에는 어 그 사람이 흥분을 가라앉히려고 노력을 하고 그것이 어 들어줄 수 없는 음 부분이라는 것을 정확하게 이야기를 해 보고 만약에 그 사람이 받아들이면 음 어떻게 그것들을 할 수 있는지 잘 다독여서 음 마음을 같이 들어주고 이야기를 하는 어 먼저 해 본 후 그것이 잘 안 된다면 어 다른 어 부분에 어 다른 사람들의 도움을 받을 것입니다. 예를 들어 제가 해결할 수 없는 부분들이 있다면 더 높은 관리 상급 관리자에게 이야기를 해서 그것들을 해결할 수 있도록 도와달라고 얘기를 하고 만약에 어 어 신체적으로 위험한 상황이 온다면 어 공공기관에 도움을 받아서 어 그것들을 어 어 빠르게 해결을 하고 그 사람이 오지 못하도록 강하게 대처를 할 것입니다. 어 그렇지 않으면 그 사람들은 어 흥분한 채 자신만의 생각들을 억지로 어 그리는 그런 사람들이기 때문에 그것을 다 계속해서 그것들을 어 할 수 있 계속 민원을 넣을 수 있고 계속해서 습관적으로 할 수 있기 때문에 그것들을 할 수 없는 부분이라고 강하게 명확하게 이야기를 해서 그것들을 대처를 해 나갈 것입니다. 그래서 이것이 얼마나 피해를 주는 상황이고 또 방해 영업을 방해하는 행동인지에 대해서 강하게 이야기를 해서 그것들을 할 수 없도록 경고를 줄 것입니다.","wordCount":184},"emotion":[],"intent":[{"text":"어 흥분한 채 억지를 부리는 고객이 있다면 음 처음에는 어 그 사람이 흥분을 가라앉히려고 노력을 하고 그것이 어 들어줄 수 없는 음 부분이라는 것을 정확하게 이야기를 해 보고 만약에 그 사람이 받아들이면 음 어떻게 그것들을 할 수 있는지 잘 다독여서 음 마음을 같이 들어주고 이야기를 하는 어 먼저 해 본 후 그것이 잘 안 된다면 어 다른 어 부분에 어 다른 사람들의 도움을 받을 것입니다.","expression":"p_voc","category":"technology"},{"text":"예를 들어 제가 해결할 수 없는 부분들이 있다면 더 높은 관리 상급 관리자에게 이야기를 해서 그것들을 해결할 수 있도록 도와달라고 얘기를 하고 만약에 어 어 신체적으로 위험한 상황이 온다면 어 공공기관에 도움을 받아서 어 그것들을 어 어 빠르게 해결을 하고 그 사람이 오지 못하도록 강하게 대처를 할 것입니다.","expression":"p_voc","category":"technology"},{"text":"어 그렇지 않으면 그 사람들은 어 흥분한 채 자신만의 생각들을 억지로 어 그리는 그런 사람들이기 때문에 그것을 다 계속해서 그것들을 어 할 수 있 계속 민원을 넣을 수 있고 계속해서 습관적으로 할 수 있기 때문에 그것들을 할 수 없는 부분이라고 강하게 명확하게 이야기를 해서 그것들을 대처를 해 나갈 것입니다.","expression":"p_voc","category":"technology"}],"summary":{"text":"흥분한 채 억지를 부리는 고객이 있다면 그 사람이 흥분을 가라앉히려 노력하고 들어줄 수 없는 부분이라는 것을 이야기 해 보고 마음을 같이 들어주고 이야기를 해 본 후 잘 안 된다면 다른 사람들의 도움을 받을 것입니다. 제가 해결할 수 없는 부분들이 있으면 더 높은 관리 상급 관리자에게 이야기를 해서 도와 달라고 하고 신체적인 위험이 온다면 공공기관에 도움으로 빠르게 해결을 할 것입니다.","wordCount":59}}},"rawDataInfo":{"question":{"fileFormat":"wav","fileSize":563278,"duration":17600,"samplingBit":16,"channelCount":1,"samplingRate":"16kHz","audioPath":"/Mock/03.PublicService/Female/Experienced/ckmk_q_ps_f_e_241169.wav"},"answer":{"fileFormat":"wav","fileSize":3873998,"duration":121060,"samplingBit":16,"channelCount":1,"samplingRate":"16kHz","audioPath":"/Mock/03.PublicService/Female/Experienced/ckmk_a_ps_f_e_241169.wav"}}}