{"version":"1.0","dataSet":{"info":{"date":"20230116","occupation":"PS","channel":"MOCK","place":"ONLINE","gender":"FEMALE","ageRange":"45-54","experience":"EXPERIENCED"},"question":{"raw":{"text":"지원자님이 우리 회사에 들어오게 되신다면 가장 가고 싶은 부서와 왜 그렇게 생각하셨는지에 대한 이유를 함께 말씀해 주세요","wordCount":17},"emotion":[],"intent":[]},"answer":{"raw":{"text":"저는 어 교육을 전공했기 때문에 어 교육 파트나 인사 인사 관리나 아니면 시스템 어 매니저 매니지를 할 수 있는 그런 어 시스템 관리부 같은 데에서 일하고 싶습니다. 어쨌든 전체 돌아가는 것들을 어 관리한다던가 아니면 인사를 관리한다던가 아니면은 어떤 사람들의 어 효율적으로 일을 할 수 있는 것들을 에 대한 고민을 해서 개선 방안에 대해서 교육을 하는 교육 어 부서 같은 데에서 어 회사 전체에 어 기여할 수 있는 그런 일들을 하고 싶습니다. 어 전체 이익이 되면서 동시에 회사가 추구하고 나아가야 될 방향도 제시할 수 있는 그런 시스템 작업을 할 수 있는 어 그런 모니터링 할 수 있는 업무를 어 담당하고 싶기도 합니다. 가장 가고 싶은 부서는 그래서 어 전체적인 시스템을 구축하는 어 관리 관리를 하는 관리 부서에서 일해 보고 싶습니다. 그러면은 문제점이 뭔지 잘 파악하고 그것들을 개선할 수 있는 방법도 연구하고 새로운 교전들을 어 하고 회사와 어 나아가야 될 새로운 도전 방향에 대해서 공 연구해 보는 거 그래서 발전을 이루는 것이 저의 좀 관심사입니다.","wordCount":153},"emotion":[{"text":"그러면은 문제점이 뭔지 잘 파악하고 그것들을 개선할 수 있는 방법도 연구하고 새로운 교전들을 어 하고 회사와 어 나아가야 될 새로운 도전 방향에 대해서 공 연구해 보는 거 그래서 발전을 이루는 것이 저의 좀 관심사입니다.","expression":"p-interest","category":"positive"}],"intent":[{"text":"어쨌든 전체 돌아가는 것들을 어 관리한다던가 아니면 인사를 관리한다던가 아니면은 어떤 사람들의 어 효율적으로 일을 할 수 있는 것들을 에 대한 고민을 해서 개선 방안에 대해서 교육을 하는 교육 어 부서 같은 데에서 어 회사 전체에 어 기여할 수 있는 그런 일들을 하고 싶습니다.","expression":"c_sincere_co","category":"etc"}],"summary":{"text":"교육 파트나 시스템 관리부 같은 데에서 회사 전체에 어 기여할 수 있는 일을 하고 싶으며, 전체적인 시스템을 구축하는 관리 부서에서 일해 보고 싶습니다. 문제점을 파악하고 개선할 수 있는 방법도 연구하고, 새로운 교전들을 어 하고 회사와 나아가야 될 새로운 도전 방향에 대해서 연구해 보는 거 그래서 발전을 이루는 것이 관심사입니다.","wordCount":49}}},"rawDataInfo":{"question":{"fileFormat":"wav","fileSize":446798,"duration":13960,"samplingBit":16,"channelCount":1,"samplingRate":"16kHz","audioPath":"/Mock/03.PublicService/Female/Experienced/ckmk_q_ps_f_e_209210.wav"},"answer":{"fileFormat":"wav","fileSize":2783118,"duration":86970,"samplingBit":16,"channelCount":1,"samplingRate":"16kHz","audioPath":"/Mock/03.PublicService/Female/Experienced/ckmk_a_ps_f_e_209210.wav"}}}