{"version":"1.0","dataSet":{"info":{"date":"20230116","occupation":"PS","channel":"MOCK","place":"ONLINE","gender":"FEMALE","ageRange":"55-","experience":"EXPERIENCED"},"question":{"raw":{"text":"지원자님께서는 최근에 공부하고 있는 분야가 있나요 있다면 왜 그것을 공부하시는지 또 지금까지 어떤 것들을 배웠는지도 함께 말씀 부탁드립니다","wordCount":18},"emotion":[],"intent":[]},"answer":{"raw":{"text":"네 요즘 공부하고 있는 것이 있냐고 물어보셨는데요. 예 제가 요즘 공부하고 있는 것은 영어 회화 공부 세계사 그다음에 한국사 그다음에 아 요즘에는 세계사 중에서 중국사 공부를 하고 있습니다. 그리고 나의 문화 유산 답사기 책을 읽으면서 어 한국 그 관광 그쪽을 공부를 하고 있습니다. 아 왜 그걸 공부하느냐 하면 저는 역사 문화 지도사가 꿈이구요. 가이드가 꿈입니다. 그래서 영어 회화도 일단 열심히 해 놔야 되구요. 그다음에 한국사는 물론이고 그다음에 외국인에게 우리나라를 소개해 줄 수 있는 지리 그런 쪽으로 열심히 공부하고 있습니다. 아 다른 나라 사람이 왔을 때 우리나라 어디에 어떤 특산물이 있고 어느 지역에 가면 어떤 볼거리가 있고 어떤 행사가 있고 어떤 즐길거리가 있는지를 잘 이야 이야기해주고 싶은 것이 제 꿈입니다. 그래서 많은 사람들이 전 세계에 있는 사람들이 우리나라에 와서 우리나라의 아름다움을 보고 즐기고 또 그 나라에 가서 전하고 또 그 사람들이 어 말을 듣고 또 우리나라에 놀러와서 우리나라의 관광 수익이 창출되는 비티에스 같은 경우도 음악으로 우리나라를 오게 하잖아요. 그런데 우리나라에 온 그런 분들에게 좀 더 아름다운 모습을 많이 보여주고 싶기 때문에 저는 요즘에 이런 공부를 하고 있습니다. 이런 공부를 해서 어 외국인들에게 진짜 우리나라에 멋진 곳들을 소개를 해주고 그다음에 저의 아 아 자존감도 높아지는 그런 공부가 저는 너무 좋습니다. 네.","wordCount":189},"emotion":[{"text":"예 제가 요즘 공부하고 있는 것은 영어 회화 공부 세계사 그다음에 한국사 그다음에 아 요즘에는 세계사 중에서 중국사 공부를 하고 있습니다.","expression":"u-fact","category":"neutral"},{"text":"이런 공부를 해서 어 외국인들에게 진짜 우리나라에 멋진 곳들을 소개를 해주고 그다음에 저의 아 아 자존감도 높아지는 그런 공부가 저는 너무 좋습니다.","expression":"p-interest","category":"positive"}],"intent":[{"text":"","expression":"","category":"attitude"}],"summary":{"text":"요즘 공부하는 것은 영어 회화 공부 세계사, 한국사, 중국사, 저의 문화 유산 답사기 책 읽기입니다. 역사 문화 지도사가 꿈이고, 가이드가 꿈이라서 영어 회화와 한국사는 물론, 외국인에게 우리나라를 소개해 줄 수 있는 지리 공부도 하고 있습니다. 다른 나라 사람이 왔을 때 우리나라 특산물과 행사, 즐길거리를 이야기해주고 싶은 것이 내 꿈입니다. 우리나라에 온 사람들에게 아름다운 모습을 많이 보여주고 싶습니다. 자존감도 높아지는 공부가 좋습니다.","wordCount":61}}},"rawDataInfo":{"question":{"fileFormat":"wav","fileSize":508878,"duration":15900,"samplingBit":16,"channelCount":1,"samplingRate":"16kHz","audioPath":"/Mock/03.PublicService/Female/Experienced/ckmk_q_ps_f_e_242329.wav"},"answer":{"fileFormat":"wav","fileSize":3848398,"duration":120260,"samplingBit":16,"channelCount":1,"samplingRate":"16kHz","audioPath":"/Mock/03.PublicService/Female/Experienced/ckmk_a_ps_f_e_242329.wav"}}}