{"version":"1.0","dataSet":{"info":{"date":"20230116","occupation":"PS","channel":"MOCK","place":"ONLINE","gender":"FEMALE","ageRange":"-34","experience":"EXPERIENCED"},"question":{"raw":{"text":"윤리 경영을 위해 조직과 회사 차원에서 해야 할 일은 무엇이라고 생각하십니까","wordCount":11},"emotion":[],"intent":[]},"answer":{"raw":{"text":"윤리 경영이라 하면은 어쨌든 기업이 무언가를 운영할 때 아 무언가를 운영하는 게 아니죠 어쨌든 회사를 운영할 때 어 투명하게 공정하고 투명하게 진행을 하는 게 윤리 경영이라고 생각을 하는데요. 어 이게 정말 뚜렷하게 지켜지고 있는지는 백 프로 알기 힘들지 않을까 하는 생각이 드는데 그 만약에 회사에서 이거를 그래도 조금이라도 지키려고 노력을 하는 거라면 어 저는 모니터링을 좀 많이 해야 하지 않을까 라는 생각이 듭니다. 일하다 보면은 어쨌든 경영진은 모르는 자신들은 잘하고 있다고 생각하고 투명하게 하고 있다고 생각하지만 어 밑에 사람들이 볼 때는 아니면 그 주변에서 바로 그들을 바라보는 사람들의 시선에서는 아닌 경우가 굉장히 많거든요. 근데 그런 거를 자기들이 객관적으로 알기 위해서는 어 말 그대로 객관적인 모니터링이 필요하다고 생각을 합니다. 그래서 기업 내에서 그런 모니터링을 할 수 있는 어떤 그 제도를 좀 마련을 해야 된다고 생각을 하고 익명성을 좀 보장해서 투명하게 어 직원들이 의견을 낼 수 있어야 한다고 생각합니다.","wordCount":137},"emotion":[{"text":"그래서 기업 내에서 그런 모니터링을 할 수 있는 어떤 그 제도를   좀 마련을 해야 된다고 생각을 하고 익명성을 좀 보장해서 투명하게 어 직원들이 의견을 낼 수 있어야 한다고 생각합니다.","expression":"u-belief","category":"neutral"}],"intent":[{"text":"","expression":"","category":"attitude"}],"summary":{"text":"윤리 경영은 기업이 회사를 운영할 때 투명하게 공정하고 투명하게 진행하는 것입니다. 경영진은 잘 하고 있다고 생각하여 투명하게 한다고 생각하지만 밑에 사람들은 그들을 바라보는 사람들의 시선에서는 아닌 경우가 많습니다. 이를 객관적으로 알기 위해서는 객관적인 모니터링이 필요하므로 기업에서 모니터링 할 수 있는 제도를 마련해야 합니다.","wordCount":43}}},"rawDataInfo":{"question":{"fileFormat":"wav","fileSize":235598,"duration":7360,"samplingBit":16,"channelCount":1,"samplingRate":"16kHz","audioPath":"/Mock/03.PublicService/Female/Experienced/ckmk_q_ps_f_e_182608.wav"},"answer":{"fileFormat":"wav","fileSize":2887118,"duration":90220,"samplingBit":16,"channelCount":1,"samplingRate":"16kHz","audioPath":"/Mock/03.PublicService/Female/Experienced/ckmk_a_ps_f_e_182608.wav"}}}