{"version":"1.0","dataSet":{"info":{"date":"20230116","occupation":"PS","channel":"MOCK","place":"ONLINE","gender":"FEMALE","ageRange":"45-54","experience":"EXPERIENCED"},"question":{"raw":{"text":"지원자님은 훈육에 대해서 어떻게 생각하시나요 어떤 훈육이 가장 바람직한 방향인지 이유와 함께 말씀해 주십시오","wordCount":14},"emotion":[],"intent":[]},"answer":{"raw":{"text":"훈육은 필요합니다. 어 사람들은 어떤 규범이나 규율 같은 것을 지켜야 될 때 왜 그것을 지켜야 하는지 처음부터 아는 사람은 없습니다. 그리고 그런 부분을 내가 무엇을 잘못했는지 왜 그게 잘못인지 어 그리고 그런 행동은 왜 옳지 않은지 어 분명히 알아야 합니다. 하지만 그 훈육이라는 것이 어 훈육을 받는 대상자가 전혀 납득하지 않는 상태에서 무조건 엄격함으로만 대한다면 그 사람은 훈육을 당하면서 정말 행동의 변화가 되지는 않을 것 같습니다. 무슨 말이냐면 본인이 행동의 변화가 될려면 훈육을 받으면서도 아 이게 내가 옳지 못하기 때문에 이 부분이 어 지적을 받고 이 부분에 꾸지람을 받는구나 어 힐란을 받는구나 야단을 맞는구나 라는 깨달음을 동시에 느끼면서 훈육을 받아야 되는데 받아들일 자세를 전혀 만들지 않고 무조건 야단을 치거나 고쳤다 고쳐라 잘못됐다 라고 하는 훈육은 전혀 효과가 없습니다. 그래서 훈육은 분명히 훈육을 하는 사람이 먼저 솔선 수범 해야 되고 그 부분이 어떤 바람직한 결과를 가져오는지 훈육 대상자가 깨달아 알아가면서 받는 훈육이 바람직한 방향입니다. 자율성을 답보해 줘야 된다고 생각합니다.","wordCount":148},"emotion":[],"intent":[{"text":"","expression":"","category":"attitude"}],"summary":{"text":"사람들은 규범이나 규율을 지켜야 될 때 왜 그것을 지켜야 하는지 처음부터 아는 사람은 없습니다. 훈육을 받는 대상자가 전혀 납득하지 않는 상태에서 무조건 엄격함으로만 대한다면 그 사람은 행동의 변화가 되지 않을 것 같습니다. 받아들일 자세를 전혀 만들지 않고 무조건 야단을 치거나 잘못된다고 하는훈육은 전혀 효과가 없으므로 자율성을 답보해 줘야 합니다.","wordCount":49}}},"rawDataInfo":{"question":{"fileFormat":"wav","fileSize":330958,"duration":10340,"samplingBit":16,"channelCount":1,"samplingRate":"16kHz","audioPath":"/Mock/03.PublicService/Female/Experienced/ckmk_q_ps_f_e_186020.wav"},"answer":{"fileFormat":"wav","fileSize":2654478,"duration":82950,"samplingBit":16,"channelCount":1,"samplingRate":"16kHz","audioPath":"/Mock/03.PublicService/Female/Experienced/ckmk_a_ps_f_e_186020.wav"}}}