{"version":"1.0","dataSet":{"info":{"date":"20230116","occupation":"PS","channel":"MOCK","place":"ONLINE","gender":"FEMALE","ageRange":"45-54","experience":"EXPERIENCED"},"question":{"raw":{"text":"아 만약 지원자님께서 게임 속 캐릭터라면 어떤 게임에서 어떤 역할을 맡고 싶으신지요 아 본인이 생각하는 그런 캐릭터에 대해서 자세히 설명해 주시면 좋겠습니다","wordCount":22},"emotion":[],"intent":[]},"answer":{"raw":{"text":"게임 속에서 제가 원하는 캐릭터로 마음껏 변신해서 어떤 역할을 맡아서 수행한다고 가정한다면 저는 지구의 환경을 어 제자리로 되돌려 놓는 막대한 인물을 엄청난 인물을 수행하는 그런 캐릭터 역할을 맡아보고 싶습니다. 어 캐릭터는 어 환경을 파괴하는 어떠한 어 치명적인 물질에도 그것을 중화시킬 수 있는 능력을 가져서 그런 물질들을 제거하고 원래의 깨끗한 생태계를 복원하는데 최선을 다하고 그리고 동물과 식물들에게 친화적인 인물로서 어 그 캐릭터가 다가서서 어떤 힘을 발휘하면 병들고 어 거의 죽음에 직전까지 갔던 많은 멸종 위기의 식물과 동물들이 힘을 내서 다시 어 제자리로 돌리고 본래의 모습으로 돌아오고 그 멸종되었던 종들이 다시 복원되는 그런 어 그런 게임 속에 캐릭터를 맡아서 한번 그런 중요한 역할을 해보고 싶습니다. 환경에 대한 중요성을 점점 인식하게 되어서 그런지 게임을 만든다고 하면 그런 게임을 한 번 만들어보면 어떨까 하는 생각이 듭니다.","wordCount":122},"emotion":[],"intent":[{"text":"","expression":"","category":"attitude"}],"summary":{"text":"캐릭터는 환경을 파괴하는 물질에도 중화시킬 수 있는 능력을 가져서 원래의 깨끗한 생태계를 복원하는데 최선을 다하고 동물과 식물들에게 친화적인 인물로서 멸종 위기의 식물과 동물들이 다시 제자리로 돌리고 복원되는 그런 게임 속에 캐릭터를 맡아서 중요한 역할을 해보고 싶습니다.","wordCount":36}}},"rawDataInfo":{"question":{"fileFormat":"wav","fileSize":454478,"duration":14200,"samplingBit":16,"channelCount":1,"samplingRate":"16kHz","audioPath":"/Mock/03.PublicService/Female/Experienced/ckmk_q_ps_f_e_224486.wav"},"answer":{"fileFormat":"wav","fileSize":2662478,"duration":83200,"samplingBit":16,"channelCount":1,"samplingRate":"16kHz","audioPath":"/Mock/03.PublicService/Female/Experienced/ckmk_a_ps_f_e_224486.wav"}}}