{"version":"1.0","dataSet":{"info":{"date":"20230116","occupation":"PS","channel":"MOCK","place":"ONLINE","gender":"FEMALE","ageRange":"45-54","experience":"EXPERIENCED"},"question":{"raw":{"text":"혹시 매일 시간을 따로 내서 공부하고 있는 분야가 있으신가요 있다면 왜 그걸 공부하는지도 함께 말씀 부탁드리겠습니다","wordCount":16},"emotion":[],"intent":[]},"answer":{"raw":{"text":"어 매일 시간을 쪼개서 하는 공부가 있습니다. 공부는 영어 공부입니다. 영어는 일단 특별히 공부라고 생각하지 않고 씨엔엔뉴스를 듣는다든지 아니면은 뭐 영어 소설책을 오디오북을 틀어놓고 편안하게 듣는다든지 줄줄 따라서 읽는다든지 지문을 큰소리로 따라서 읽는다든지 그런 뭐 아주 가볍고 어 그냥 평상시에 유튜브로 어떤 제가 그림 공부를 할 때 어 영어로 설명을 하는 영어로 된 유튜브 뭐 회화 공부 프로 별로 듣는다든지 이런 식으로 그냥 영어도 공부라고 딱히 생각하지 않는 공부를 하고 있습니다. 그런데 끊임없이 하고 있습니다. 왜 그러냐면 영어는 모든 분야에서 어떤 음 그렇죠 세계 공용어기 때문에 가장 많이 쓰이고 어느 곳에 어떤 곳에 어떤 위치에 처하더라도 영어를 하면 제가 어 더 효율적으로 일을 처리할 수 있는 사람이 되고 기본적인 어떤 소양을 갖췄다는 생각이 들어서 어 영어는 공부를 해 주면 언젠가 쓸모가 있다고 생각해서 최선을 다해서 영어 실력을 키우는 것까지는 아니더라도 갖고 있는 영어를 잊어버리지 않으려고 매일 조금씩이라도 일상생활에서 습관적으로 공부하고 있습니다.","wordCount":141},"emotion":[],"intent":[{"text":"","expression":"","category":"attitude"}],"summary":{"text":"매일 시간을 쪼개서 하는 공부는 영어 공부입니다. 영어는 세계 공용어기 때문에 가장 많이 쓰이고 효율적으로 일을 처리할 수 있는 사람이 되고 기본적인 소양을 갖췄다는 생각이 들어서 꾸준히 공부하고 있습니다. 영어를 잊어버리지 않으려고 매일 조금씩이라도 일상생활에서 습관적으로 공부하고 있습니니다.","wordCount":38}}},"rawDataInfo":{"question":{"fileFormat":"wav","fileSize":478798,"duration":14960,"samplingBit":16,"channelCount":1,"samplingRate":"16kHz","audioPath":"/Mock/03.PublicService/Female/Experienced/ckmk_q_ps_f_e_186022.wav"},"answer":{"fileFormat":"wav","fileSize":2447758,"duration":76490,"samplingBit":16,"channelCount":1,"samplingRate":"16kHz","audioPath":"/Mock/03.PublicService/Female/Experienced/ckmk_a_ps_f_e_186022.wav"}}}