{"version":"1.0","dataSet":{"info":{"date":"20230116","occupation":"PS","channel":"MOCK","place":"ONLINE","gender":"FEMALE","ageRange":"55-","experience":"EXPERIENCED"},"question":{"raw":{"text":"우리 회사에 들어오면 이제 기존과는 업무 스타일이 달라질 수도 있습니다 어 그렇다면 지원자님께서는 잘 적응하실 수 있으신가요","wordCount":17},"emotion":[],"intent":[]},"answer":{"raw":{"text":"저는 처음에 은행에 다녔었고 두 번째는 비영리단체에서 일을 하게 되었습니다. 은행 일과 비영리 단체의 일도 서로 아주 다른 일이었습니다. 그렇지만 새로운 일에 접하게 될 때마다 항상 긍정적인 마인드로 새로운 일을 헤쳐나갈 수 있는 기본 데이터와 어 능력을 배양하도록 노력했고요. 그에 필요한 새로운 기술이라도 필요하며 언제든지 공부하고 노력해서 그 업무에 적응하고 해서 헤쳐나갈 수 있도록 노력해 왔습니다. 그래서 항상 긍정적인 마인드가 따르기 때문에 다른 업무의 스타일에도 잘 적응해서 더 나은 효과를 낼 수 있을 거라고 생각합니다.","wordCount":75},"emotion":[],"intent":[{"text":"저는 처음에 은행에 다녔었고 두 번째는 비영리단체에서 일을 하게 되었습니다.","expression":"c_private","category":"background"}],"summary":{"text":"저는 은행에 다녔고 비영리단체에서 일을 하게 되었습니다. 새로운 일에 접할 때마다 항상 긍정적인 마인드로 새로운 일을 헤쳐나갈 수 있는 기본 데이터와 능력을 배양하도록 노력해 왔기 때문에 더 나은 효과를 낼 수 있을 것입니다.","wordCount":33}}},"rawDataInfo":{"question":{"fileFormat":"wav","fileSize":410318,"duration":12820,"samplingBit":16,"channelCount":1,"samplingRate":"16kHz","audioPath":"/Mock/03.PublicService/Female/Experienced/ckmk_q_ps_f_e_234651.wav"},"answer":{"fileFormat":"wav","fileSize":1590478,"duration":49700,"samplingBit":16,"channelCount":1,"samplingRate":"16kHz","audioPath":"/Mock/03.PublicService/Female/Experienced/ckmk_a_ps_f_e_234651.wav"}}}