{"version":"1.0","dataSet":{"info":{"date":"20230116","occupation":"PS","channel":"MOCK","place":"ONLINE","gender":"FEMALE","ageRange":"35-44","experience":"EXPERIENCED"},"question":{"raw":{"text":"지원자님께서 생각하시기에 국민이 공직자에게 원하는 것은 무엇이라고 생각하십니까 공직자로서 가져야 할 필수 덕목을 몇 가지만 말씀해 주세요","wordCount":17},"emotion":[],"intent":[]},"answer":{"raw":{"text":"제가 원하는 걸 한번 그려봤을 때 저는 어 어떤 나라에서 돌아가는 그 시스템이 국민들이 크게 신경 쓰지 않아도 잘 돌아가게끔 해야 되는 것 같애요. 그 공직자들이 근데 분명히 그 안에서 어 양심적으로 행동해야 되는 게 분명할 테고 그게 어렵기 때문에 항상 우리에 뉴스가 시끄럽다 고 생각이 들거든요. 근데 본인들이 그 직업에 가겠다 고 마음을 먹었다 면 그래도 어 그 투명성 같은 것들 청렴함 같은 거를 꼭 챙겨야 한다 고 생각을 해요. 그리고 국민들이 그거를 크게 신경쓰지 않아도 그 시스템 안에서 잘 돌아갈 수 있게끔 정직하게 운영되고 있게 해야 되는 것 같애요. 제가 진짜 어 어딘지 밝힐 수 없지만 어느 지역의 한 그 공무원들이 되게 접대를 대놓고 요구하는 경우들이 많았었기 때문에 그런 부분들이 좀 실망스럽기도 했었죠.","wordCount":115},"emotion":[],"intent":[{"text":"","expression":"","category":"attitude"}],"summary":{"text":"어떤 나라의 시스템은 국민들이 크게 신경쓰지 않아도 잘 돌아가게끔 해야 합니다. 공직자들이 양심적으로 행동해야 되는 게 분명하고 그것이 어렵기 때문에 항상 이슈가 시끄럽습니다. 그러나 공직자들이 청렴함 같은 걸 꼭 챙겨야 합니다. 그 시스템 안에서 정직하게 운영되어야 합니다.","wordCount":37}}},"rawDataInfo":{"question":{"fileFormat":"wav","fileSize":595598,"duration":18610,"samplingBit":16,"channelCount":1,"samplingRate":"16kHz","audioPath":"/Mock/03.PublicService/Female/Experienced/ckmk_q_ps_f_e_194945.wav"},"answer":{"fileFormat":"wav","fileSize":2614158,"duration":81690,"samplingBit":16,"channelCount":1,"samplingRate":"16kHz","audioPath":"/Mock/03.PublicService/Female/Experienced/ckmk_a_ps_f_e_194945.wav"}}}