{"version":"1.0","dataSet":{"info":{"date":"20230116","occupation":"PS","channel":"MOCK","place":"ONLINE","gender":"FEMALE","ageRange":"35-44","experience":"EXPERIENCED"},"question":{"raw":{"text":"지원자님이 생각하는 십 년 후의 미래는 어떻습니까 저희 회사에 계속 다니고 계실 것 같나요","wordCount":14},"emotion":[],"intent":[]},"answer":{"raw":{"text":"저는 십 년 후에 이제 오십 대가 되는데 뭐 학교에서 제가 일을 하고 있는데 음 선생님들이 하는 모습을 본 받아서 계속해서 좋은 영향력을 끼치는 그런 교사가 되고 싶습니다. 음 제가 어 나이 든 선생님들이 새로운 프로젝트나 새로운 또 교육 시스템에 많은 적응을 하여서 그 선생님들이 가지고 있는 노하우와 접목을 시켜서 어 새로운 모습으로 학생들을 가르치는 모습에 많은 도전을 받았습니다. 그리고 저도 그 선생님들처럼 음 독서 선생님들과 함께 독서 동아리를 했는데 그 선생님들이 끊임없이 그 퇴직을 할 나이가 얼 어 회 퇴직을 할 시간이 얼마 안 남았었는데 선생님들이 어 계속해서 어 공부를 하면서 배움을 하시는 것을 보고 존경스럽게 느꼈습니다. 그래서 그 선생님들이 학생들 어 다른 신입 교사나 또 다른 젊은 선생님들에게 도전이 되는 어 역할을 하였고 또 계속해서 배우고 있다는 점에서 많은 어 분위기를 어 긍정적으로 만드는데 좋은 역할을 했습니다. 그래서 그 선생님들이 독서 동아리를 통해서 뭐 연륜이 있는 그런 어 쉐어링을 할 수 있게 있게 되었고 젊은 사람들이 힘든 점이 있을 때 어 먼저 다가가서 어 커피를 사주면서 어 그 사람들의 이야기를 들어주고 또 어 힘든 일을 잘 견딜 수 있도록 많은 도움을 주는 역할을 했습니다.","wordCount":176},"emotion":[{"text":"그리고 저도 그 선생님들처럼 음 독서 선생님들과 함께 독서 동아리를 했는데 그 선생님들이 끊임없이 그 퇴직을 할 나이가 얼 어 회 퇴직을 할 시간이 얼마 안 남았었는데 선생님들이 어 계속해서 어 공부를 하면서 배움을 하시는 것을 보고 존경스럽게 느꼈습니다.","expression":"p-affection","category":"positive"}],"intent":[{"text":"","expression":"","category":"attitude"}],"summary":{"text":"저는 나이가 든 선생님들이 새로운 프로젝트나 교육 시스템에 많은 적응을 하여 새로운 모습으로 학생들을 가르치는 모습에 많은 도전을 받았습니다. 독서 동아리를 하면서 독서를 하시는 선생님들을 보며 존경스럽게 느꼈습니다. 그 독서 동아리가 연륜이 있는 그런 쉐어링을 할 수 있게 되었고 젊은 사람들이 힘든 점이 있을 때 먼저 다가가서 커피 사주는 등 많은 도움을 주었습니다.","wordCount":53}}},"rawDataInfo":{"question":{"fileFormat":"wav","fileSize":323598,"duration":10110,"samplingBit":16,"channelCount":1,"samplingRate":"16kHz","audioPath":"/Mock/03.PublicService/Female/Experienced/ckmk_q_ps_f_e_244024.wav"},"answer":{"fileFormat":"wav","fileSize":3856078,"duration":120500,"samplingBit":16,"channelCount":1,"samplingRate":"16kHz","audioPath":"/Mock/03.PublicService/Female/Experienced/ckmk_a_ps_f_e_244024.wav"}}}