{"version":"1.0","dataSet":{"info":{"date":"20230116","occupation":"PS","channel":"MOCK","place":"ONLINE","gender":"FEMALE","ageRange":"-34","experience":"EXPERIENCED"},"question":{"raw":{"text":"본인이 우리 회사에 입사해서 업무를 보는데 불만을 제기하는 고객이 있다면 이런 고객을 대처하는 본인만의 노하우가 있다면 그것에 대해서 설명해 주시겠습니까","wordCount":20},"emotion":[],"intent":[]},"answer":{"raw":{"text":"불만을 제기하는 고객이 있다면 대처하는 저의 노하우는 우선 그 사람의 감정에 공감한다는 것입니다. 그냥 말로써 공감하는 게 아니고 그 사람 상황을 최대한 이해하려고 노력한다는 것일 건데요. 아마 불만을 제기하는 고객은 그 사람만의 사정이 따로 있다고 생각이 듭니다. 그냥 무작정 이야기하시는 분들도 있겠지만 그것도 그 사람에게는 무슨 계기가 있었기 때문에 그러는 것이다 라고 생각이 들고요. 우선 그러한 고객님이 있었을 때는 그 고객님 입장에서 이야기를 들어 보고 이 사람 상황에 공감해서 저희 이야기를 할 것 같습니다. 예를 들어서 뭐 고객님 어떤 것이 문제인가요. 했었을 때 그런 문제점을 얘기를 한다면 아 그러한 것이 문제점이군요. 고객님 상황에서는 충분히 이러한 상황이 너무 화가 났을 것 같습니다. 정말 저도 너무나 잘 이해하고 너무 마음이 안 좋습니다 라고 공감을 하고 어느 정도의 위로를 한 다음에 저희의 의견을 얘기할 것 같습니다. 하지만 지금 이 입장에서는 저희가 이런 식으로 밖에 말씀을 드릴 수 없을 것 같고요. 이 문제를 해결하기 위해서 저 위에 분의 상사님과 함께 통화할 수 있도록 연결을 자 최대한 빠르게 도와드리도록 하겠습니다. 이런 식으로 이 사람의 감정에 먼저 공감을 하고 내 의견을 말한 후 해결점을 찾는다 라고 말씀을 드릴 수 있을 것 같습니다.","wordCount":176},"emotion":[],"intent":[{"text":"","expression":"","category":"attitude"}],"summary":{"text":"불만을 제기하는 고객이 있다면 대처하는 저의 노하우는 우선 그 사람의 감정에 공감한다는 것입니다. 그런 고객님이 있었을 때는 그 고객님의 입장에서 이야기를 들어 보고 이 사람 상황에 공감해서 저희 이야기를 할 것 같습니다. 이 문제를 해결하기 위해서 저 위에 분의 상사님과 함께 통화할 수 있도록 연결을 자 최대한 빠르게 도와드리도록 하겠습니다.","wordCount":50}}},"rawDataInfo":{"question":{"fileFormat":"wav","fileSize":494798,"duration":15460,"samplingBit":16,"channelCount":1,"samplingRate":"16kHz","audioPath":"/Mock/03.PublicService/Female/Experienced/ckmk_q_ps_f_e_195443.wav"},"answer":{"fileFormat":"wav","fileSize":2687438,"duration":83980,"samplingBit":16,"channelCount":1,"samplingRate":"16kHz","audioPath":"/Mock/03.PublicService/Female/Experienced/ckmk_a_ps_f_e_195443.wav"}}}