{"version":"1.0","dataSet":{"info":{"date":"20230116","occupation":"PS","channel":"MOCK","place":"ONLINE","gender":"FEMALE","ageRange":"45-54","experience":"EXPERIENCED"},"question":{"raw":{"text":"만약에 일을 하고 있는데 팀원 팀원과 불화가 생겼습니다 그럼 어떻게 해결하시겠어요 해결법과 이유를 말씀해 주세요","wordCount":15},"emotion":[],"intent":[]},"answer":{"raw":{"text":"일단 같이 일하던 동료와 불화가 생기면 굉장히 힘들 것 같네요. 근데 일단은 프로젝트라는 것은 기한이 있기 때문에 기한 안에 문제를 해결하고 어 넘어가야 되는 부분들이 있습니다. 그렇기 때문에 일단은 팀원을 좀 이해할려고 노력을 해야 될 것 같아요. 그래서 조금 서로 마음을 터놓고 이야기를 좀 하고 그 불화가 어떤 건지는 모르겠지만 그 팀원과 해결할 수 있는 부분에 대해서는 최대한 해결을 할려고 노력을 할 것 같습니다. 예를 들어서 그 팀원이 어떤 근무 시간이라던가 업무량에 대한 불만이 많다면 좀 이야기를 하면서 그렇게 객관적으로 바라볼 수 있는 어 잣대를 기준을 좀 만들고 이를 재분배함으로써 불화를 해결할 수도 있겠죠. 혹은 뭐 그 분이 다른 팀원과 일하는 게 조금 힘들다 라고 생각을 하면 어 그 중간에서 의사이를 좀 조율해 줄 수 있는 그런 역할의 사람을 만들어서 그 문제를 좀 해결하도록 노력을 하도록 하겠습니다.","wordCount":127},"emotion":[{"text":"일단 같이 일하던 동료와 불화가 생기면 굉장히 힘들 것 같네요.","expression":"n-distress","category":"negative"}],"intent":[{"text":"그래서 조금 서로 마음을 터놓고 이야기를 좀 하고 그 불화가 어떤 건지는 모르겠지만 그 팀원과 해결할 수 있는 부분에 대해서는 최대한 해결을 할려고 노력을 할 것 같습니다.","expression":"c_confl_mg","category":"personality"},{"text":"혹은 뭐 그 분이 다른 팀원과 일하는 게 조금 힘들다 라고 생각을 하면 어 그 중간에서 의사이를 좀 조율해 줄 수 있는 그런 역할의 사람을 만들어서 그 문제를 좀 해결하도록 노력을 하도록 하겠습니다.","expression":"c_confl_mg","category":"personality"}],"summary":{"text":"프로젝트는 기한이 있어 같이 일하던 동료와 불화가 생기면 굉장히 힘들 것 같습니다. 팀원을 이해하려 노력을 해야 될 것 같은데, 서로 마음을 터놓고 이야기를 하고 그 불화가 어떤 건지는 알 수 없겠지만 그 팀원과 해결할 수 있는 부분에 대해서는 최대한 해결을 할려고 노력을 할 것입니다.","wordCount":44}}},"rawDataInfo":{"question":{"fileFormat":"wav","fileSize":524238,"duration":16379,"samplingBit":16,"channelCount":1,"samplingRate":"16kHz","audioPath":"/Mock/03.PublicService/Female/Experienced/ckmk_q_ps_f_e_244217.wav"},"answer":{"fileFormat":"wav","fileSize":2121998,"duration":66310,"samplingBit":16,"channelCount":1,"samplingRate":"16kHz","audioPath":"/Mock/03.PublicService/Female/Experienced/ckmk_a_ps_f_e_244217.wav"}}}