{"version":"1.0","dataSet":{"info":{"date":"20230116","occupation":"PS","channel":"MOCK","place":"ONLINE","gender":"FEMALE","ageRange":"35-44","experience":"EXPERIENCED"},"question":{"raw":{"text":"지원자님의 단점이 있다면 말씀해 주시고 이것을 보완하기 위해 기울여 온 노력이 있으시다면 함께 말씀 부탁드립니다","wordCount":15},"emotion":[],"intent":[]},"answer":{"raw":{"text":"제 단점은 사실 운동을 진짜 안 한다는 거거든요. 운동을 할려고 제가 뭐 블로그 같은 거 이벤트 같은 걸로 지원해서 그걸 시작해보기도 하고 진짜 돈을 들여서 해야지 하겠구나 싶어서 돈을 쓰다가 너무 안 하게 되니까 진짜 비싼 돈을 들여서 끊기도 하고 막 했는데 좀 그런 거에 있어서는 게으르더라고요. 그러니까 제가 돈을 벌러가는 일에 있어서는 부지런한데 제 돈을 써서 그 제가 힘들게 번 돈으로 돈을 쓰는 건데도 그 돈을 아깝다고 생각하지 않는 거죠. 그러니까 그냥 어 오늘 조금 피곤한데 가지 말까 라고 생각하면 안 가게 되고 이제 그렇게 되니까 당연히 혼자서 해야 하는 그러니까 내가 혼자 한번 해봐야지 라고 한 할 때도 전혀 진행이 안 되는 거죠. 왜냐하면 내가 혼자 하는 거니까 당연히 그냥 어기잖아요. 스스로 계속 그러니까 저는 지금도 계속 노력 중이긴 하거든요. 그게 어떻게 해야지 내가 그런 습관을 들일 수 있을까 그러니까 아예 관심이 없으면 괜찮은데 체력적으로 운동을 꾸준히 해야지 제가 더 편해진다는 거를 느끼긴 하거든요. 그 저는 그 단점이 되게 고민인 상태입니다.","wordCount":153},"emotion":[],"intent":[{"text":"","expression":"","category":"attitude"}],"summary":{"text":"저는 운동을 진짜 안 하는 게 단점인데, 운동을 하려고 비싼 돈을 들여서 했는데 게을렀습니다. 그래서 계속 노력 중이고, 체력적으로 운동을 꾸준히 해야 더 편해진다는 걸 느끼나, 그 단점이 되게 고민인 상태입니다.","wordCount":31}}},"rawDataInfo":{"question":{"fileFormat":"wav","fileSize":583758,"duration":18240,"samplingBit":16,"channelCount":1,"samplingRate":"16kHz","audioPath":"/Mock/03.PublicService/Female/Experienced/ckmk_q_ps_f_e_194951.wav"},"answer":{"fileFormat":"wav","fileSize":2846158,"duration":88940,"samplingBit":16,"channelCount":1,"samplingRate":"16kHz","audioPath":"/Mock/03.PublicService/Female/Experienced/ckmk_a_ps_f_e_194951.wav"}}}