{"version":"1.0","dataSet":{"info":{"date":"20230116","occupation":"PS","channel":"MOCK","place":"ONLINE","gender":"FEMALE","ageRange":"55-","experience":"EXPERIENCED"},"question":{"raw":{"text":"지원자님이 일을 하게 되면 자료를 문서화할 일이 많이 있습니다 문서화하는 작업이 왜 필요하다고 지원자님은 생각하시는지 말씀해주세요","wordCount":16},"emotion":[],"intent":[]},"answer":{"raw":{"text":"제가 직장 생활을 삼십 오 년 이상 하다 보니 수기로 모든 문서를 작성하게 되는 시절부터 컴퓨터로 체계화된 디지털화 하는 세상에 까지 살게 되었습니다. 종전에 수기로 하여 한 시간 걸리는 일이라면 지금은 디지털 환 화된 환경에서는 단 십 분이면 해결할 수 있습니다. 시간적 활용과 문서적 그리고 총 총체적으로 문서량의 조절도 할 수 있고 한 번 저장해 놓은 문서화 작업은 차후에도 또 언제든지 꺼내 쓸 수 있는 디지털화스 작업이 제일 많이 중요하다고 생각합니다. 모든 디지털화된 문서와 작업은 함께 공유하기도 쉽고 다른 직원과 어 나누어서 그 보관하기도 쉽고 그리고 모든 문서 작업들이 공통적인 언어로 돼 있기 때문에 메뉴얼 하우 하여 추후 뭐 오 년 후 십 년 후에라도 리스트 업 하여 모든 것을 한 메뉴얼화된 루틴한 결과에 따라서 잘 사용할 수 있을 것 같습니다. 직원들 간의 성호 간의 공통된 언어가 되기 때문에 업무 인수 인계나 또 추가된 업무를 받을 때에도 문서로 된 업무 인수 인계가 더 필요하고 그 덕택에 더 잘 할 수 있을 수 있습니다.","wordCount":153},"emotion":[],"intent":[{"text":"","expression":"","category":"attitude"}],"summary":{"text":"컴퓨터로 체계화된 디지털화 환경에서는 단 십 분이면 문서량을 조절할 수 있고 한 번 저장해 놓은 문서화 작업은 차후에도 또 언제든지 꺼내 쓸 수 있는 디지털화스 작업이 제일 중요하다고 생각합니다. 모든 문서 작업들이 공통적인 언어로 돼 있기 때문에 업무 인수 인계나 추가된 업무를 받을 때에도 문서로 된 업무 인계가 더 필요할 것 같습니다.","wordCount":52}}},"rawDataInfo":{"question":{"fileFormat":"wav","fileSize":565198,"duration":17660,"samplingBit":16,"channelCount":1,"samplingRate":"16kHz","audioPath":"/Mock/03.PublicService/Female/Experienced/ckmk_q_ps_f_e_244961.wav"},"answer":{"fileFormat":"wav","fileSize":3397838,"duration":106180,"samplingBit":16,"channelCount":1,"samplingRate":"16kHz","audioPath":"/Mock/03.PublicService/Female/Experienced/ckmk_a_ps_f_e_244961.wav"}}}