{"version":"1.0","dataSet":{"info":{"date":"20230116","occupation":"PS","channel":"MOCK","place":"ONLINE","gender":"FEMALE","ageRange":"55-","experience":"EXPERIENCED"},"question":{"raw":{"text":"지원자님께서는 만약 상사가 업무와 무관한 일을 시켜도 잘 수행할 자신이 있나요 아니면 수행하지 않을 것인지 궁금합니다","wordCount":16},"emotion":[],"intent":[]},"answer":{"raw":{"text":"업무와 무관한 일을 시키면 처음에는 그 일을 해 드립니다. 잘 수행하도록 하고 수행의 결과가 완벽하게 하도록 노력합니다. 그 다음에 또 똑같은 업무와 무관한 일을 시킨다고 하면 그 일이 과연 상사가 나한테 시킬 수 있는 일인지 상사와 함께 일 대 일 대면으로 이 업무와 무관한 일을 계속 시킬 것인지 이야기하고 어 제 입장을 얘기합니다. 그리고 상사가 만약 업무와 무관한 일을 계속해서 하도록 요구한다면 이게 제 업무와 관련이 없음을 꼭 말하고 이 일에 대해서 더 이상 하지 않을 것이라고 어 적극적으로 대응합니다. 그래서 이것으로 인하여 불이익이 생긴다 할지라도 얘기를 해서 제가 이렇게 함으로써 그 다음에 오는 다른 사람도 이 처럼 불이익을 당하지 않을 것이라고 생각합니다.","wordCount":103},"emotion":[],"intent":[{"text":"","expression":"","category":"attitude"}],"summary":{"text":"업무와 무관한 일을 시키면 처음에는 그 일을 해 드림으로써 잘 수행하도록 하고 결과가 완벽하게 하도록 노력합니다. 그리고 불이익이 생긴다 할지라도 얘기를 해서 제가 이렇게 함으로써 다음에 오는 다른 사람도 불이익을 당하지 않을 것이라고 생각합니다.","wordCount":34}}},"rawDataInfo":{"question":{"fileFormat":"wav","fileSize":582798,"duration":18210,"samplingBit":16,"channelCount":1,"samplingRate":"16kHz","audioPath":"/Mock/03.PublicService/Female/Experienced/ckmk_q_ps_f_e_244853.wav"},"answer":{"fileFormat":"wav","fileSize":2167118,"duration":67720,"samplingBit":16,"channelCount":1,"samplingRate":"16kHz","audioPath":"/Mock/03.PublicService/Female/Experienced/ckmk_a_ps_f_e_244853.wav"}}}