{"version":"1.0","dataSet":{"info":{"date":"20230116","occupation":"PS","channel":"MOCK","place":"ONLINE","gender":"FEMALE","ageRange":"45-54","experience":"EXPERIENCED"},"question":{"raw":{"text":"팀으로 일하는 것과 혼자 일하는 것이 있는데 이 둘 중에서 어떤 것을 더 선호하나요 이유와 함께 말씀해 주시기 바랍니다","wordCount":19},"emotion":[],"intent":[]},"answer":{"raw":{"text":"팀에서 팀원으로 일하는 것과 혼자서 업무를 처리하는 것 중에 선호하는 것은 혼자 업무 처리하는 시간을 더 선호합니다. 어 일단 혼자 업무 처리를 할 수 있는 일들을 최선을 다해서 어 제가 가장 효율적인 방법들을 찾아내는 일을 하면서 그걸 잘 해결했을 때 어 보람을 느끼는 성향이 더 강합니다. 어 하지만 함께 일해야만 하는 일들이 훨씬 으 회사에서는 많겠죠. 서로 팀이 돼서 일할 때는 어 그래서 효율적으로 각자가 일할 수 있는 것들을 업무 분담을 명확하게 해주는 것을 제가 더 좋아합니다. 어 제가 맡은 업무를 명확하게 어 해주시면 그 업무를 잘 처리하는 것에 굉장히 집중을 할 수 있습니다. 어 그리고 아마 최선의 결과를 낼려고 노력할 것입니다. 그리고 나서 팀으 팀으로 어 같이 일할 때는 어 서로 이렇게 그 자 제가 잘 할 수 있는 혼자서 열심히 파악한 내용들을 팀에 팀원들과 같이 공유하면서 거기에서 또 개선점을 찾는 것이 그 다음에 어 이루어져야 할 일이라고 생각하기 때문에 먼저 혼자 집중해서 어 업무 능력을 극대화시키는 것을 어 선호합니다.","wordCount":151},"emotion":[],"intent":[{"text":"","expression":"","category":"attitude"}],"summary":{"text":"업무 처리 시간을 선호합니다. 함께 일해야만 하는 일이 더 많기 때문에 업무 분담을 명확하게 하는 것을 좋아합니다. 그리고 나서 팀 팀으로 일할 때는 제가 잘 할 수 있는 내용들을 팀원들과 공유하면서 개선점을 찾는 것이 이루어져야 한다고 생각하기 때문에 먼저 혼자 집중해서 업무 능력을 극대화시키는 것을 선호 합니다.","wordCount":47}}},"rawDataInfo":{"question":{"fileFormat":"wav","fileSize":443918,"duration":13870,"samplingBit":16,"channelCount":1,"samplingRate":"16kHz","audioPath":"/Mock/03.PublicService/Female/Experienced/ckmk_q_ps_f_e_209207.wav"},"answer":{"fileFormat":"wav","fileSize":2809038,"duration":87780,"samplingBit":16,"channelCount":1,"samplingRate":"16kHz","audioPath":"/Mock/03.PublicService/Female/Experienced/ckmk_a_ps_f_e_209207.wav"}}}