{"version":"1.0","dataSet":{"info":{"date":"20230116","occupation":"PS","channel":"MOCK","place":"ONLINE","gender":"FEMALE","ageRange":"55-","experience":"EXPERIENCED"},"question":{"raw":{"text":"어 동물 실험이 인간에게 주는 이익이 굉장히 많은데요 동물 실험이 인간에게 주는 이익에 관해 말씀해 주시길 바랍니다 동물 실험에 대한 지원자님의 생각도 궁금합니다","wordCount":23},"emotion":[],"intent":[]},"answer":{"raw":{"text":"불치병에 대한 치료약을 개발한다든지 어려운 암 환자들에게 생명 연장과 치료 회복을 위해서 동물 실험을 한다고 하면 이것은 인간에게 주는 큰 이익이라고 생각합니다. 동물들을 통해 통해서 인간과 비슷한 환경에서 실험해서 인간들에게 좀 더 나은 치료제를 만들기 위해서 라면 조금의 희생이 되는 동물 실험이 필요하다고 생각합니다. 그러나 인간이 자신의 수익을 위해서 또는 자신의 뭐 노령화되는 사회에서 좀 더 오래 살고 싶은 그런 목 목적을 가지고 이렇게 행 한다면 동물 실험이 절대로 그런 식으로 써서는 안 된다고 생각합니다. 동물 실험이 사회에 주는 역할은 사회의 치료자가 되는 경우에만 필요하다고 생각합니다.","wordCount":86},"emotion":[],"intent":[{"text":"불치병에 대한 치료약을 개발한다든지 어려운 암 환자들에게 생명 연장과 치료 회복을 위해서 동물 실험을 한다고 하면 이것은 인간에게 주는 큰 이익이라고 생각합니다.","expression":"c_value","category":"background"},{"text":"동물들을 통해 통해서 인간과 비슷한 환경에서 실험해서 인간들에게 좀 더 나은 치료제를 만들기 위해서 라면 조금의 희생이 되는 동물 실험이 필요하다고 생각합니다.","expression":"c_value","category":"background"}],"summary":{"text":"인간에게 더 나은 치료제를 만들기 위해서 동물 실험을 하는 것은 인간에게 주는 큰 이익이지만, 인간이 자신의 수익을 위해서 또는 노령화되는 사회에서 오래 살고 싶은 목 목적을 가진다면 동물 실험은 결코 그런 식으로 써서는 안 됩니다.","wordCount":35}}},"rawDataInfo":{"question":{"fileFormat":"wav","fileSize":526798,"duration":16460,"samplingBit":16,"channelCount":1,"samplingRate":"16kHz","audioPath":"/Mock/03.PublicService/Female/Experienced/ckmk_q_ps_f_e_244857.wav"},"answer":{"fileFormat":"wav","fileSize":2185038,"duration":68280,"samplingBit":16,"channelCount":1,"samplingRate":"16kHz","audioPath":"/Mock/03.PublicService/Female/Experienced/ckmk_a_ps_f_e_244857.wav"}}}