{"version":"1.0","dataSet":{"info":{"date":"20230116","occupation":"PS","channel":"MOCK","place":"ONLINE","gender":"FEMALE","ageRange":"55-","experience":"EXPERIENCED"},"question":{"raw":{"text":"커뮤니케이션을 잘 할 수 있는 본인만의 스킬을 한번 보여주시구요 어 한번 소요 소개를 해 주시면 되겠습니다","wordCount":16},"emotion":[],"intent":[]},"answer":{"raw":{"text":"일단 상대방과 커뮤니케이션을 할 때 잘 들어주기가 우선인 걸로 알고 있습니다. 상대방의 말을 잘 들어주고 거기에 대해서 어 호응하는 제스처나 어 스마일과 또는 행동으로 그 그 커뮤니케이션이 잘 소통되고 있다는 걸 보여주는 것이 좋을 것 같습니다. 그래서 저는 주로 어 손을 사용하거나 말 할 때 눈을 맞추거나 그리고 말하는 그 동안에 스마일 하고 웃음을 짓는 것으로 하고 있습니다.","wordCount":58},"emotion":[],"intent":[{"text":"","expression":"","category":"attitude"}],"summary":{"text":"저는 상대방의 말을 잘 들어주고 호응하는 제스처나 스마일, 행동으로 커뮤니케이션이 잘 소통되고 있다는 걸 보여주는 것이 좋다고 생각합니다.","wordCount":18}}},"rawDataInfo":{"question":{"fileFormat":"wav","fileSize":433678,"duration":13550,"samplingBit":16,"channelCount":1,"samplingRate":"16kHz","audioPath":"/Mock/03.PublicService/Female/Experienced/ckmk_q_ps_f_e_234215.wav"},"answer":{"fileFormat":"wav","fileSize":1283278,"duration":40100,"samplingBit":16,"channelCount":1,"samplingRate":"16kHz","audioPath":"/Mock/03.PublicService/Female/Experienced/ckmk_a_ps_f_e_234215.wav"}}}