{"version":"1.0","dataSet":{"info":{"date":"20230116","occupation":"PS","channel":"MOCK","place":"ONLINE","gender":"FEMALE","ageRange":"35-44","experience":"EXPERIENCED"},"question":{"raw":{"text":"과거 고객으로부터 칭찬을 받은 경험이 있다면 어떤 경험인지 왜 칭찬을 받았는지 자세히 설명해 주세요","wordCount":14},"emotion":[],"intent":[]},"answer":{"raw":{"text":"저는 현재 학원에서 중학 고교 고등학교 영어 수업을 가르치고 있습니다. 수업을 하다 보면 잘하는 학생들이 오는게 아니라 못하는 학생들도 오고 또 행실을 불량한 학생들이 오는 편인데. 저 저는 좀 꼼꼼하기도 하고 아이들을 포기하지 않으려고 노력하는 편이라 학부모들이 학생들 대체로 고등학교를 졸업할 때까지 저 저희 반에서 그만 두는 일은 없는 편입니다. 그래서 만약에 버릇이 없거나 학교에서 불량하다고 인식이 된 아이들도 학원에 오면은 수업을 하기 전에 아이들과 충분한 상담을 거친 후에 자세 교정이나 학원에 왔기 때문에 규칙을 지켜야 하고 공부를 해야 한다는 데 여러 가지 상담을 한 후에 수업을 하고. 만약에 그게 너무 오래 진전이 된다면 아이들을 너무 작달하거나 못 했다 라는 플레임을 씌우기보다는 이해를 시 설득을 하고 이해를 하려고 노력하는 편입니다. 그러다 보면 문제 학생들도 학원에 적응을 하고 끝까지 공부를 하고 가기 때문에 학부모들이 주로 다른 학원에서 무조건 우리 아이만 나쁘다고 해서 좀 속이 상하는 경우도 있는데 또 아이를 믿고 끝까지 책임질려고 하는 모습이 또 보기 좋고 그렇기 때문에 다른 분들도 소개를 시킬 수 있다고 이야기를 합니다.","wordCount":156},"emotion":[{"text":"저는 현재 학원에서 중학 고교 고등학교 영어 수업을 가르치고 있습니다.","expression":"u-fact","category":"neutral"}],"intent":[{"text":"저는 현재 학원에서 중학 고교 고등학교 영어 수업을 가르치고 있습니다.","expression":"c_private","category":"background"}],"summary":{"text":"저는 현재 학원에서 중학 고교 고등학교 영어 수업을 가르치고 있습니다. 수업을 하다 보면 문제 학생들도 학원에 적응을 하고 끝까지 공부를 하기 때문에 학부모들이 무조건 우리 아이만 나쁘다고 해서 좀 속이 상하는 경우도 있는데 아이를 믿고 끝까지 책임질려고 하는 모습이 또 보기 좋고 다른 분들도 소개를 시킬 수 있다고 이야기를 합니다.","wordCount":50}}},"rawDataInfo":{"question":{"fileFormat":"wav","fileSize":333518,"duration":10420,"samplingBit":16,"channelCount":1,"samplingRate":"16kHz","audioPath":"/Mock/03.PublicService/Female/Experienced/ckmk_q_ps_f_e_236173.wav"},"answer":{"fileFormat":"wav","fileSize":2923598,"duration":91360,"samplingBit":16,"channelCount":1,"samplingRate":"16kHz","audioPath":"/Mock/03.PublicService/Female/Experienced/ckmk_a_ps_f_e_236173.wav"}}}