{"version":"1.0","dataSet":{"info":{"date":"20230116","occupation":"PS","channel":"MOCK","place":"ONLINE","gender":"FEMALE","ageRange":"45-54","experience":"EXPERIENCED"},"question":{"raw":{"text":"제도적인 부패에 대한 지원자의 생각과 제도적 부패 대처 방법에 대해서 한번 말씀해 주세요","wordCount":13},"emotion":[],"intent":[]},"answer":{"raw":{"text":"어떤 공동체나 그 집단 안에서 제도적인 부패는 굉장히 오랫동안 고착화돼서 없어지지 않고 어 그것이 으 부패인 것을 알면서도 계속해서 지속되는 경우가 많은데 어 이것은 없어져야 될 어 당연히 없어져야 될 수준으로 어 가야 합니다. 어 부패가 없어져야 발전이 있을 수 있는데 그러려면 어 그 집단은 뼈를 깎는 어 스스로의 살을 잘라내는 어 쳐내는 그런 고통을 감내해야 된다 라고도 생각합니다. 그래서 어 저는 제 성향상 제도적인 부패가 옳지 않고 게다가 그 집단 전체에 해악을 끼친다고 생각하면 그것을 공론화하는 장을 만들겠습니다. 그래서 제도적인 부패가 어떤 한 사람의 개인 개인에게 침해를 하거나 피해를 주는 것이 아니라 집단 전체가 얼마나 그것으로 인해서 어 큰 폐해를 보는 지를 공론화시키는 작업들을 혼자가 아니라 여러 사람 함께 공감하는 사람들과 함께 연대해서 그런 것들을 공론화시키고 어 한 번에 없앨 수는 없더라도 제도적인 부패를 고쳐 보겠다는 사람들과 뜻을 함께 해서 어 종국에는 집단의 이익으로 이 이끌겠습니다.","wordCount":137},"emotion":[],"intent":[{"text":"","expression":"","category":"attitude"}],"summary":{"text":"공동체나 집단의 제도적인 부패는 계속 고착화돼 없어지지 않고 계속 지속되는 경우가 많습니다. 부패는 없어져야 발전할 수 있습니다. 그래서 저는 제도적 부패가 옳지 않고 집단 전체에 해악을 끼친다고 생각하면 그것을 공론화하는 장을 만들겠습니다. 그 폐해를 공론화시키고 결국 집단의 이익으로 이끌겠습니다.","wordCount":39}}},"rawDataInfo":{"question":{"fileFormat":"wav","fileSize":323598,"duration":10110,"samplingBit":16,"channelCount":1,"samplingRate":"16kHz","audioPath":"/Mock/03.PublicService/Female/Experienced/ckmk_q_ps_f_e_209208.wav"},"answer":{"fileFormat":"wav","fileSize":2811918,"duration":87870,"samplingBit":16,"channelCount":1,"samplingRate":"16kHz","audioPath":"/Mock/03.PublicService/Female/Experienced/ckmk_a_ps_f_e_209208.wav"}}}