{"version":"1.0","dataSet":{"info":{"date":"20230116","occupation":"PS","channel":"MOCK","place":"ONLINE","gender":"FEMALE","ageRange":"45-54","experience":"EXPERIENCED"},"question":{"raw":{"text":"본인의 장점과 단점을 설명해 주시고 그것을 특화하기 위해 했던 노력도 함께 말씀해 주시기 바랍니다","wordCount":14},"emotion":[],"intent":[]},"answer":{"raw":{"text":"어 저의 장점이라면 좀 침착함이라고 말씀드릴 수 있을 것 같습니다. 아 뭔가 뭐 덜렁대거나 이래서 실수나 이런 부분이 없고 침착하고 안정되게 그리고 감정의 고저나 이런 게 없기 때문에 그 안정적인 업무 처리가 가능하고 상대방을 좀 그렇기 때문에 편안하게 해주는 그런 장점도 있구요. 또 차분하게 신중하게 업무를 처리하기 때문에 실수가 적은 편입니다. 단점이라면 어 감정의 고저나 이런 것들이 없다 보니 어 사람들이 쪼끔 어 기분이 좋고 나쁨 이런 걸 잘 모르겠다고 어 그래서 좀 재미없다 이런 말들을 많이 듣기 때문에 그런 부분을 좀 그 표현을 많이 하려고 노력을 하고 의식적으로 그렇게 하도록 노력하고 있습니다. 아 그리고 또 한 가지 이제 신중하게 업무 처리를 하다 보니 어 좀 검사의 검사 검수를 하다 보니 쪼끔 어 일 업무 처리가 늦어지는 경향도 있긴 한데 그 부분은 어 뭔가 다른 사람과 업무 크로스 체크를 한다던가 해서 단축시키는 그런 노력도 하고 있는 편입니다.","wordCount":137},"emotion":[],"intent":[{"text":"어 저의 장점이라면 좀 침착함이라고 말씀드릴 수 있을 것 같습니다.","expression":"c_person","category":"background"}],"summary":{"text":"저는 침착함을 장점으로 꼽을 수 있습니다. 그리고 감정의 고저나 이런 게 없기 때문에 실수가 적고 실수가 적은 편입니다. 단점이라면, 기분에 대한 표현을 의식적으로 많이 하려고 노력하고 있고, 검사의 검수를 하다 보니 업무 처리가 늦어지는 경향도 있지만 다른 사람과 업무 크로스 체크를 한다거나 단축시키려고 노력합니다.","wordCount":44}}},"rawDataInfo":{"question":{"fileFormat":"wav","fileSize":399758,"duration":12490,"samplingBit":16,"channelCount":1,"samplingRate":"16kHz","audioPath":"/Mock/03.PublicService/Female/Experienced/ckmk_q_ps_f_e_237283.wav"},"answer":{"fileFormat":"wav","fileSize":3018958,"duration":94340,"samplingBit":16,"channelCount":1,"samplingRate":"16kHz","audioPath":"/Mock/03.PublicService/Female/Experienced/ckmk_a_ps_f_e_237283.wav"}}}