{
    "version": "1.0",
    "dataSet": {
        "info": {
            "date": "20230116",
            "occupation": "PS",
            "channel": "MOCK",
            "place": "ONLINE",
            "gender": "FEMALE",
            "ageRange": "45-54",
            "experience": "EXPERIENCED"
        },
        "question": {
            "raw": {
                "text": "화난 민원인이 찾아왔을 때 지원자님께서는 어떻게 대처하실 겁니까 아주 간략하게 말씀해 주시면 좋을 것 같습니다",
                "wordCount": 15
            },
            "emotion": [],
            "intent": []
        },
        "answer": {
            "raw": {
                "text": "아 네 이런 경우 뭐 제가 어 화가 나서 뭐 민원을 제기했던 어 그 공공 기관이던 아니면 일반 기업체 그런 경우가 몇 번 있었던 기억이 있는데요. 그랬을 경우 보니깐 어 일단 말을 들어 줘야 된다고 생각을 합니다. 아 좀 바쁘고 그렇겠지만 어 화났을 때는 그럴 만한 사유가 있을 것 같구요. 그 사유에 대해서 일단 잘 들어 경청해 드려야 된다고 생각을 합니다. 또 사람이 말을 하다 보 보면 어 조금 그 화가 줄어들기도 하고 대신에 그냥 뭐 멍청하게 듣는 게 아니라 어 좀 고개도 끄덕이면서 좀 수긍도 해 드리면서 어 좀 얘기를 들어보고 그 이후에 이제 좀 어 어떤 사유에 대해서 음 풀어나갈 수 있는 그런 방법에 대해서 얘기를 해 드리고 내가 해결할 수 있는 부분이라면 해결해 드리고 뭐 어 뭐 상급 부서라든지 다른 쪽에 확인을 해 봐야 된다면 그 부분에 대 그래서 확인해서 연락을 언제 언제까지 드리겠다. 이렇게 정확하게 말씀드리고 또 그 시간에 연락을 꼭 드려야 되는 부분이고요. 왜냐하면 그분은 기다리고 그런데 나 바쁘다고 그 잊어버리면 그게 더 민원을 증대시킬 수 있기 때문에 그런 방식으로 예 처리할 것 같습니다.",
                "wordCount": 169
            },
            "emotion": [],
            "intent": [
                {
                    "text": "또 사람이 말을 하다 보 보면 어 조금 그 화가 줄어들기도 하고 대신에 그냥 뭐 멍청하게 듣는 게 아니라 어 좀 고개도 끄덕이면서 좀 수긍도 해 드리면서 어 좀 얘기를 들어보고 그 이후에 이제 좀 어 어떤 사유에 대해서 음 풀어나갈 수 있는 그런 방법에 대해서 얘기를 해 드리고 내가 해결할 수 있는 부분이라면 해결해 드리고 뭐 어 뭐 상급 부서라든지 다른 쪽에 확인을 해 봐야 된다면 그 부분에 대 그래서 확인해서 연락을 언제 언제까지 드리겠다.",
                    "expression": "p_voc",
                    "category": "technology"
                }
            ],
            "summary": {
                "text": "화가 난 경우 공공 기관이나 일반 기업체에 민원을 제기했던 적이 있었는데, 그럴 경우 일단 말을 들어 줘야 합니다. 그리고 그 사유에 대해 잘 들어 경청해 드려야 합니다. 또 어떤 사유에 대해서 풀어나갈 수 있는 방법에 대해 얘기를 해 주고, 상급 부서 등에 확인을 해 봐야 한다면 그 부분에 대해 확인해서 연락을 언제 언제까지 하도록 해야 합니다.",
                "wordCount": 56
            }
        }
    },
    "rawDataInfo": {
        "question": {
            "fileFormat": "wav",
            "fileSize": 382158,
            "duration": 11940,
            "samplingBit": 16,
            "channelCount": 1,
            "samplingRate": "16kHz",
            "audioPath": "/Mock/03.PublicService/Female/Experienced/ckmk_q_ps_f_e_229236.wav"
        },
        "answer": {
            "fileFormat": "wav",
            "fileSize": 3330638,
            "duration": 104080,
            "samplingBit": 16,
            "channelCount": 1,
            "samplingRate": "16kHz",
            "audioPath": "/Mock/03.PublicService/Female/Experienced/ckmk_a_ps_f_e_229236.wav"
        }
    }
}