{"version":"1.0","dataSet":{"info":{"date":"20230116","occupation":"PS","channel":"MOCK","place":"ONLINE","gender":"FEMALE","ageRange":"55-","experience":"EXPERIENCED"},"question":{"raw":{"text":"평소에 검색을 자주 하시는 편인가요 지원자께서는 어떤 검색을 주로 하는지 한다면 왜 하는지 궁금합니다","wordCount":14},"emotion":[],"intent":[]},"answer":{"raw":{"text":"저는 직업상담 취업상담 전직 지원 상담과 같은 대면 상담을 주로 하고 있으며 어 정년퇴직을 하셨거나 어 이미 퇴직을 하신 분들을 대상으로 해서 새로운 직업과 취업을 할 수 있도록 가이드를 하고 정보 제공을 하는 일을 주로 하고 있습니다. 그러므로 어쩔 수 없이 인터넷 검색을 많이 하는 중이며 주로 취업과 전직에 관한 탐색을 많이 하는 중입니다. 그래서 제가 탐색하고 검색하는 자료와 그 대면 상담자들의 현재의 위치 앞으로 새로 하고 싶은 일 그리고 새로운 취미생활 아니면 바꾸고 싶은 전직에 대한 모든 정보들을 맞춤으로 하여 제공하도록 노력하고 있습니다. 그래서 그 결과로 일 대 일 매칭을 통해서 전직을 하시는 분들에게 정확한 정보를 제공을 하여 본인이 자신의 직업을 새롭게 선택할 수 있는 큰 도움이 되도록 노력하고 있습니다.","wordCount":111},"emotion":[],"intent":[{"text":"","expression":"","category":"attitude"}],"summary":{"text":"저는 퇴직을 하었거나 퇴직을 한 분들을 대상으로 새로운 직업과 취업을 할 수 있도록 가이드를 하고 정보 제공을 하는 일을 주로 하고 있으므로 주로 취업과 전직에 관한 탐색을 많이 하므로 정확한 정보를 제공하도록 노력하고 있습니다.","wordCount":34}}},"rawDataInfo":{"question":{"fileFormat":"wav","fileSize":489678,"duration":15300,"samplingBit":16,"channelCount":1,"samplingRate":"16kHz","audioPath":"/Mock/03.PublicService/Female/Experienced/ckmk_q_ps_f_e_240105.wav"},"answer":{"fileFormat":"wav","fileSize":2605838,"duration":81430,"samplingBit":16,"channelCount":1,"samplingRate":"16kHz","audioPath":"/Mock/03.PublicService/Female/Experienced/ckmk_a_ps_f_e_240105.wav"}}}