{"version":"1.0","dataSet":{"info":{"date":"20230116","occupation":"PS","channel":"MOCK","place":"ONLINE","gender":"FEMALE","ageRange":"45-54","experience":"EXPERIENCED"},"question":{"raw":{"text":"지원자님께서 그동안 진행한 프로젝트들 가운데 가장 기억에 남는 프로젝트가 있습니까 있다면 어떤 점에서 기억에 남는지 설명해 주세요","wordCount":17},"emotion":[],"intent":[]},"answer":{"raw":{"text":"진행한 프로젝트 중에 외부로 방대하게 진행한 프로젝트는 하나가 있는데요. 그거는 이제 청소년과 영유아 아동들 아동 대상 그 인터넷 중독 예방 프로그램 프로젝트를 시행했습니다. 어 유치원에 나가시는 선생님들은 오랫동안 경력 있으신 선생님으로서 어 아이들에게 인터넷 중독에 대한 위험성을 재미있게 시각적 자료를 가지고 설명을 해주시면서 어 각 어 센터나 원마다 다니시면서 그걸 하셨고 그리고 청소년들 대상으로도 그 인터넷 중독 예방 프로젝트를 했고 그 청소년을 담당하는 선생님들과도 그 이후에 꾸준히 지속적으로 어떤 프로그램들이 들어가질 것인지까지 많은 어 머리를 맞대고 많은 어 고민과 생각들을 했던 것 같습니다. 그런데 이제 그 이후에 사실 이런 프로젝트는 단기간에 되지 않고 그 이후 후속 작업들이 계속 진행되어 져야 하는데 그 후속 작업들이 어 원활하게 진행되는 것 같지 않아서 약간 오히려 이 프로젝트 그래서 기억에 남는 것 같습니다. 시작은 굉장히 많은 생각들이 오고 갔고 그런 것들을 정리해서 프로젝트 초반에는 반영을 했지만 사실 이 프로젝트는 초반보다는 후반으로 갈수록 더 그 이후에 후속 작업들이 더 중요한데 그것이 잘 이루어지지 않아서 기억에 남습니다.","wordCount":151},"emotion":[],"intent":[{"text":"","expression":"","category":"attitude"}],"summary":{"text":"외부로 방대하게 진행한 프로젝트 중 하나는 청소년과 영유아 아동 대상 인터넷 중독 예방 프로그램 프로젝트를 시행했습니다. 유치원 선생님들은 아이들에게 인터넷 중독 위험성을 설명해 주시면서 센터나 원마다 다니시고 청소년들 대상으로도 프로젝트를 했고 청소년 담당 선생님들도 꾸준히 많은 고민과 생각들을 했는데 그 이후 후속 작업들이 원활하게 진행되지 않아 오히려 이 프로젝트가 기억에 남습니다.","wordCount":51}}},"rawDataInfo":{"question":{"fileFormat":"wav","fileSize":537038,"duration":16780,"samplingBit":16,"channelCount":1,"samplingRate":"16kHz","audioPath":"/Mock/03.PublicService/Female/Experienced/ckmk_q_ps_f_e_185840.wav"},"answer":{"fileFormat":"wav","fileSize":2708558,"duration":84640,"samplingBit":16,"channelCount":1,"samplingRate":"16kHz","audioPath":"/Mock/03.PublicService/Female/Experienced/ckmk_a_ps_f_e_185840.wav"}}}