{"version":"1.0","dataSet":{"info":{"date":"20230116","occupation":"PS","channel":"MOCK","place":"ONLINE","gender":"FEMALE","ageRange":"55-","experience":"EXPERIENCED"},"question":{"raw":{"text":"사내에서 스터디를 만들어서 공부를 할 수 있다고 합니다 그렇게 된다면 어떤 것을 공부하고 싶으신지 말씀해 주시고 이유와 함께 설명해 주시기 바랍니다","wordCount":21},"emotion":[],"intent":[]},"answer":{"raw":{"text":"요즘 제가 어 스터디를 하고 있어요 다행히.그래서 제가 직업 상담사 어 일 이 차 시험에 어 이 급 시험에 일 차는 합격을 했고 이 차 실기시험이 남아있기 때문에 사내 스테디를 만들어서 저희 직원들과 같이 한꺼번에 공부해서 자격증에 도전하고 싶습니다. 제가 사회복지사 일 급은 갖고 있지만 상담 쪽으로 특별히 더 필요한 직업 상담사라는 과목을 공부해서 어 자격증을 취득하면 앞으로 사회 봉사활동이나 어 사회 어 공헌에도 사회 공헌 일자리나 이런 걸 하는 데에도 도움이 될 것 같습니다.","wordCount":75},"emotion":[],"intent":[{"text":"","expression":"","category":"attitude"}],"summary":{"text":"사내 스터디를 만들어 한번에 공부해서 자격증에 도전하고 싶습니다. 자격증을 취득하면 사회 봉사활동, 사회 공헌 일자리 등에 도움이 될 것 같습니다.","wordCount":20}}},"rawDataInfo":{"question":{"fileFormat":"wav","fileSize":565838,"duration":17680,"samplingBit":16,"channelCount":1,"samplingRate":"16kHz","audioPath":"/Mock/03.PublicService/Female/Experienced/ckmk_q_ps_f_e_234645.wav"},"answer":{"fileFormat":"wav","fileSize":1521038,"duration":47530,"samplingBit":16,"channelCount":1,"samplingRate":"16kHz","audioPath":"/Mock/03.PublicService/Female/Experienced/ckmk_a_ps_f_e_234645.wav"}}}