{"version":"1.0","dataSet":{"info":{"date":"20230116","occupation":"PS","channel":"MOCK","place":"ONLINE","gender":"FEMALE","ageRange":"55-","experience":"EXPERIENCED"},"question":{"raw":{"text":"무언가를 달성하기 위해서 목표를 세우고 이 삼 년 동안 열심히 노력해서 목표를 달성한 경험이 있으십니까","wordCount":15},"emotion":[],"intent":[]},"answer":{"raw":{"text":"제 전공과 다르게 새로운 일을 맡게 되었습니다. 그래서 거기가 비 영리 단체 법인이었 으므로 제가 그동안에 언어를 전공으로 해 왔으나 아무런 소용이 없는 직업이었기 때문에 그 직업에 맞는 업무에 도움이 되고자 대학원의 사회복지학을 전공하게 되었습니다. 사회 복지를 전공하면서 어 이 년 육 개월 동안 사회복지 정책과 사회복지사 일 급에 도전하여 사회복지사 일 급 국가 자격증을 어 패스하게 되었습니다. 이렇게 해서 제가 근무하고 있는 환경에서 최적의 능력을 발휘 발휘할 수 있도록 노력하여 사회복지 업무사로서 비 영리 단체 업무에 충분한 그 기여를 했다고 생각합니다. 목표 달성을 했다고 충분히 생각합니다.","wordCount":87},"emotion":[],"intent":[{"text":"사회 복지를 전공하면서 어 이 년 육 개월 동안 사회복지 정책과 사회복지사 일 급에 도전하여 사회복지사 일 급 국가 자격증을 어 패스하게 되었습니다.","expression":"c_imp","category":"personality"}],"summary":{"text":"비 영리 단체 법인에서 새로운 일을 맡게 되어 대학원의 사회복지학을 전공하게 되었습니다. 전공하면서 사회복지사 일 급 국가 자격증을 패스하고 최적의 능력을 발휘하도록 노력하여 사회복지 업무사로서의 목표 달성을 했다고 생각합니다.","wordCount":29}}},"rawDataInfo":{"question":{"fileFormat":"wav","fileSize":312718,"duration":9770,"samplingBit":16,"channelCount":1,"samplingRate":"16kHz","audioPath":"/Mock/03.PublicService/Female/Experienced/ckmk_q_ps_f_e_245211.wav"},"answer":{"fileFormat":"wav","fileSize":1962958,"duration":61340,"samplingBit":16,"channelCount":1,"samplingRate":"16kHz","audioPath":"/Mock/03.PublicService/Female/Experienced/ckmk_a_ps_f_e_245211.wav"}}}