{"version":"1.0","dataSet":{"info":{"date":"20230116","occupation":"PS","channel":"MOCK","place":"ONLINE","gender":"FEMALE","ageRange":"45-54","experience":"EXPERIENCED"},"question":{"raw":{"text":"지원자님이 오늘 안으로 꼭 처리해야 할 일을 하던 도중에 만약 상사에게 난이도가 너무 어려운 지시를 받게 됐다면 어떻게 하실 생각인지 지원자님의 의견과 함께 이유도 말씀해 주세요","wordCount":26},"emotion":[],"intent":[]},"answer":{"raw":{"text":"상사에게 어려운 지시를 받으면 일단 제가 그 업무를 어 완벽하게 해낼 수 있는지 한 번 가늠을 해 보겠습니다. 그리고 제가 아무리 노력해도 제가 그 기한 안에 그걸 제대로 지시대로 할 수 없는 제가 뭐 열심히 노력해서 될 문제라면 당연히 해야겠죠 힘들어도 해내겠습니다. 그리고 제 역량을 보여주는 일이라고 생각하는데 만약 제가 도저히 할 수 없는 감당할 수 없는 어려운 짓이라면 그 부분에 대해서 제가 그걸 감당할 수 없는 어 이유를 이야기하고 도움을 요청하겠습니다. 어 그래도 해보는 데까지 해보라고 하면 제가 할 수 있는 데까지 최선을 다 할 것입니다. 하지만 제가 제대로 이 업무를 수행할 능력이 쪼끔은 부족하다는 거를 처음부터 정확하게 말씀드리고 그 일이 어그러지거나 잘못되어서는 절대로 안 된다면 제가 아닌 다른 사람에게 맡기거나 저에게 도움을 주셔야 해결 가능하다 라는 얘기를 어 분명히 전달하고 싶습니다. 전달을 해도 잘 받아들여지지 않는다면은 뭐 하는 데까지 열심히 해 가 해야겠죠. 저는 저의 어 제가 그 취약하다는 부분을 분명히 말씀드렸으니까 그다음에는 뭐 노력하고 열심히 해보는 데까지 해보는 방법밖에는 없을 것 같습니다.","wordCount":155},"emotion":[],"intent":[{"text":"","expression":"","category":"attitude"}],"summary":{"text":"상사에게 어려운 지시를 받으면 제가 업무를 완벽하게 해낼 수 있는지 한 번 가늠해 보겠습니다. 그리고 제가 할 수 없는 어려운 짓이라면 그 이유를 설명하고 도움을 요청하겠습니다. 하지만 제가 업무를 수행할 능력이 부족하다는 걸 정확하게 말씀드리겠습니다. 그 일이 잘못되어서는 안되거나 다른 사람에게 맡겨야 한다면 제가 아닌 다른 사람에게 맡기거나 도와줘야 해결 가능하다는 얘기를 분명히 전달하고 싶습니다.","wordCount":55}}},"rawDataInfo":{"question":{"fileFormat":"wav","fileSize":524878,"duration":16400,"samplingBit":16,"channelCount":1,"samplingRate":"16kHz","audioPath":"/Mock/03.PublicService/Female/Experienced/ckmk_q_ps_f_e_189820.wav"},"answer":{"fileFormat":"wav","fileSize":2576718,"duration":80520,"samplingBit":16,"channelCount":1,"samplingRate":"16kHz","audioPath":"/Mock/03.PublicService/Female/Experienced/ckmk_a_ps_f_e_189820.wav"}}}