{"version":"1.0","dataSet":{"info":{"date":"20230116","occupation":"PS","channel":"MOCK","place":"ONLINE","gender":"FEMALE","ageRange":"35-44","experience":"EXPERIENCED"},"question":{"raw":{"text":"만약 일을 하던 중 팀원과 불화가 발생한다면 어떻게 해결하시겠습니까 해결법과 그 이유를 말씀해 주시기 바랍니다","wordCount":15},"emotion":[],"intent":[]},"answer":{"raw":{"text":"어 일을 하던 중에 팀원과 불화가 생긴다면 음 중요한 부분은 그 사람과 좋은 관계를 어 결국에는 가져야 한다는 것입니다. 음 첫 번째로는 일하는 스타일이나 또 생활 패턴이 맞지 않을 때는 그것들을 조율해서 어 서로가 양보를 하고 그것들을 어 맞춰서 할 수 있도록 어 함께 이야기를 해서 조율을 하도록 노력을 하겠습니다. 그래서 그 사람이 어 다른 성향을 가지고 있는 사람이기 때문에 어 다를 수 있는데 그것들을 인정을 하고 음 어 서로가 원하는 것을 이야기를 먼저 해서 그것들을 가능한 시간 안에 조율을 해서 최선의 시간과 또 일정한 패턴을 가지고 일을 할 수 있도록 조율을 하겠습니다. 어 두 번째로는 그 사람이 어 다른 요인으로 인해서 스트레스를 받아서 어 홧김에 그러는 것이 아닌지 혹시 물어보고 그 사람의 감정을 잘 도닥여 주도록 노력을 하겠습니다. 어 많은 경우에 그 일로 인해서 그런 것이 아니고 다른 요인으로 인해서 어 화가 어 나서 그것들을 잘못된 방향으로 해결을 하는 어 잘못된 감정을 표출하는 경우가 많은데 어 혹시라도 그것이 있다면 개인적으로 어려운 일들이 있는지 물어보고 또 조치를 취할 수 있는 방법을 찾고 도움을 요청할 수 있는 방법을 찾던지 그 사람의 이야기를 잘 들어주고 상담할 수 있도록 제가 많은 부분에서 도움을 주려고 노력을 하겠습니다.","wordCount":183},"emotion":[],"intent":[{"text":"음 첫 번째로는 일하는 스타일이나 또 생활 패턴이 맞지 않을 때는 그것들을 조율해서 어 서로가 양보를 하고 그것들을 어 맞춰서 할 수 있도록 어 함께 이야기를 해서 조율을 하도록 노력을 하겠습니다.","expression":"c_confl_mg","category":"personality"},{"text":"그래서 그 사람이 어 다른 성향을 가지고 있는 사람이기 때문에 어 다를 수 있는데 그것들을 인정을 하고 음 어 서로가 원하는 것을 이야기를 먼저 해서 그것들을 가능한 시간 안에 조율을 해서 최선의 시간과 또 일정한 패턴을 가지고 일을 할 수 있도록 조율을 하겠습니다.","expression":"c_confl_mg","category":"personality"},{"text":"어 두 번째로는 그 사람이 어 다른 요인으로 인해서 스트레스를 받아서 어 홧김에 그러는 것이 아닌지 혹시 물어보고 그 사람의 감정을 잘 도닥여 주도록 노력을 하겠습니다.","expression":"c_confl_mg","category":"personality"},{"text":"어 많은 경우에 그 일로 인해서 그런 것이 아니고 다른 요인으로 인해서 어 화가 어 나서 그것들을 잘못된 방향으로 해결을 하는 어 잘못된 감정을 표출하는 경우가 많은데 어 혹시라도 그것이 있다면 개인적으로 어려운 일들이 있는지 물어보고 또 조치를 취할 수 있는 방법을 찾고 도움을 요청할 수 있는 방법을 찾던지 그 사람의 이야기를 잘 들어주고 상담할 수 있도록 제가 많은 부분에서 도움을 주려고 노력을 하겠습니다.","expression":"c_confl_mg","category":"personality"}],"summary":{"text":"일을 하던 중 팀원과 불화가 생긴다면 그 사람과 좋은 관계를 가져야 합니다. 첫 번째로는 일하는 스타일이나 생활 패턴이 맞지 않을 때는 서로가 양보하고 조율을 하도록 노력하겠습니다. 두 번째로는 그 사람이 다른 요인으로 인해서 스트레스를 받아서 홧김에 그러는 것이 아닌지 혹시 묻고 그 사람의 감정을 잘 도닥여 주도록 노력을 하겠습니다.","wordCount":49}}},"rawDataInfo":{"question":{"fileFormat":"wav","fileSize":399438,"duration":12480,"samplingBit":16,"channelCount":1,"samplingRate":"16kHz","audioPath":"/Mock/03.PublicService/Female/Experienced/ckmk_q_ps_f_e_241366.wav"},"answer":{"fileFormat":"wav","fileSize":3866318,"duration":120820,"samplingBit":16,"channelCount":1,"samplingRate":"16kHz","audioPath":"/Mock/03.PublicService/Female/Experienced/ckmk_a_ps_f_e_241366.wav"}}}