{"version":"1.0","dataSet":{"info":{"date":"20230116","occupation":"PS","channel":"MOCK","place":"ONLINE","gender":"FEMALE","ageRange":"55-","experience":"EXPERIENCED"},"question":{"raw":{"text":"일을 하시다 보면 공장 주민들의 과도한 민원에 시달리게 될 일이 생길 수가 있을 것 같아요 이럴 때 어떻게 대응하시겠습니까","wordCount":19},"emotion":[],"intent":[]},"answer":{"raw":{"text":"과도한 민원이라고 하면 일단은 공장 주변에는 민원이 생길 수 밖에 없는 상황이 발생할 것 같아요. 이럴 때 민원의 원인이 뭔지 종목별로 해결해 줄 수 있는 민원인지 해결이 안 되는 민원인지로 나누어서 어 민원인들의 말을 경청해서 잘 들어서 민원 해결을 할 수 있는 방향으로 항상 민원인들 편에 서서 해야 된다고 생각합니다. 공장 주민들이 민원을 낸다는 사실 자체가 불편한 집이 많기 때문이기 때문에 어 공장 주민들의 어 사회적인 환경을 제대로 조성해 주기 위해서는 서로 살 잘 살 수 있는 상생 방법으로 해결 방안을 마련해 주는 게 주민들을 편에 서서 생각해보는 게 좋은 생각인 것 같습니다. 내 생각이 아니라 주민들 편의 주민의 입장에서 함께 생각하고 고민하고 상생할 수 있는 아이디어를 내서 해결하는 것이 좋을 것 같습니다.","wordCount":113},"emotion":[],"intent":[{"text":"이럴 때 민원의 원인이 뭔지 종목별로 해결해 줄 수 있는 민원인지 해결이 안 되는 민원인지로 나누어서 어 민원인들의 말을 경청해서 잘 들어서 민원 해결을 할 수 있는 방향으로 항상 민원인들 편에 서서 해야 된다고 생각합니다.","expression":"p_voc","category":"technology"},{"text":"공장 주민들이 민원을 낸다는 사실 자체가 불편한 집이 많기 때문이기 때문에 어 공장 주민들의 어 사회적인 환경을 제대로 조성해 주기 위해서는 서로 살 잘 살 수 있는 상생 방법으로 해결 방안을 마련해 주는 게 주민들을 편에 서서 생각해보는 게 좋은 생각인 것 같습니다.","expression":"p_voc","category":"technology"},{"text":"내 생각이 아니라 주민들 편의 주민의 입장에서 함께 생각하고 고민하고 상생할 수 있는 아이디어를 내서 해결하는 것이 좋을 것 같습니다.","expression":"p_voc","category":"technology"}],"summary":{"text":"공장 주변에는 민원이 생길 수 밖에 없는 상황이 발생할 것 같습니다. 민원의 원인을 종목별로 해결해 줄 수 있는 민원인지 해결이 안 되는 민원인지로 나누어서 민원인들의 말을 경청해서 민원 해결을 할 수 있는 방향으로 항상 민원인들 편에 서야 합니다.","wordCount":38}}},"rawDataInfo":{"question":{"fileFormat":"wav","fileSize":551758,"duration":17240,"samplingBit":16,"channelCount":1,"samplingRate":"16kHz","audioPath":"/Mock/03.PublicService/Female/Experienced/ckmk_q_ps_f_e_245287.wav"},"answer":{"fileFormat":"wav","fileSize":2263758,"duration":70740,"samplingBit":16,"channelCount":1,"samplingRate":"16kHz","audioPath":"/Mock/03.PublicService/Female/Experienced/ckmk_a_ps_f_e_245287.wav"}}}