{"version":"1.0","dataSet":{"info":{"date":"20230116","occupation":"PS","channel":"MOCK","place":"ONLINE","gender":"FEMALE","ageRange":"35-44","experience":"EXPERIENCED"},"question":{"raw":{"text":"일을 하게 되면 나이가 많으신 분들을 상대할 일들이 많아집니다 비슷한 경험을 혹시 하고 가지고 계신지 설명 부탁드리겠습니다","wordCount":17},"emotion":[],"intent":[]},"answer":{"raw":{"text":"제가 초등학교 마 중학교에서 영어 교사로 일을 할 때 음 나이 드신 분들을 상대할 일이 많아졌습니다. 그래서 선생님들이 어 일을 하면서 제가 어 신입 교사였기 때문에 학생들을 지도하는데 어려움을 겪고 또 어떻게 지도해야 하는지 어 잘 모르는 상황 가운데 있었는데 선생님들께서 지도하시는 모습을 보면서 어 감정적으로 대하지 않고 어 진실하게 그 학생들에게 어 꼭 해야 될 것들과 잘못된 것들을 인지를 시켜줘서 그 학생들이 선생님을 통해서 배울 수 있는 점들을 보고 많은 점을 배우게 되었습니다. 그리고 선생님들께서 어 교사 생활에 대해서 이제 힘들 때 선생님들께서 어 커피도 사주시고 어 그렇게 하시면서 저에게 많은 힘을 북돋아 주셨기 때문에 어 제가 힘들 때 선생님들에게 상담하면서 어 많은 이럴 때 힘을 얻게 되었습니다. 그리고 선생님들이 나이가 있으시지만 어 인터넷 교육이나 스마트 교육에 대해서 관심을 많이 갖고 계신 선생님들을 보면서 많은 도전을 받게 되었고 그 선생님들의 그런 열정과 또 그 성실한 모습을 통해서 배우게 되었습니다. 그리고 또 선생님들이 어 오랜 시간 동안 어 교사 생활을 하면서 견뎌온 그런 근면 성실한 모습들을 보고 많은 점을 배우게 되었습니다.","wordCount":161},"emotion":[],"intent":[{"text":"제가 초등학교 마 중학교에서 영어 교사로 일을 할 때 음 나이 드신 분들을 상대할 일이 많아졌습니다.","expression":"c_private","category":"background"}],"summary":{"text":"제가 초등학교나 중학교에서 영어 교사로 일을 할 때 나이 드신 분들을 상대할 일이 많아졌는데, 선생님들의 지도하시는 모습을 보면서 학생들이 선생님을 통해서 배울 수 있는 점들을 많이 배웠습니다. 그리고 선생님들에게 상담하면서 많은 힘을 얻게 되었고, 인터넷 교육이나 스마트 교육에 관심을 많이 갖고 계시는 선생님들을 보면서 많은 점을 배웠습니다.","wordCount":47}}},"rawDataInfo":{"question":{"fileFormat":"wav","fileSize":350798,"duration":10960,"samplingBit":16,"channelCount":1,"samplingRate":"16kHz","audioPath":"/Mock/03.PublicService/Female/Experienced/ckmk_q_ps_f_e_233324.wav"},"answer":{"fileFormat":"wav","fileSize":3574478,"duration":111700,"samplingBit":16,"channelCount":1,"samplingRate":"16kHz","audioPath":"/Mock/03.PublicService/Female/Experienced/ckmk_a_ps_f_e_233324.wav"}}}