{"version":"1.0","dataSet":{"info":{"date":"20230116","occupation":"PS","channel":"MOCK","place":"ONLINE","gender":"FEMALE","ageRange":"45-54","experience":"EXPERIENCED"},"question":{"raw":{"text":"자신이 원하는 공무원의 모습은 무엇입니까","wordCount":5},"emotion":[],"intent":[]},"answer":{"raw":{"text":"공무원은 그야말로 어 성실해야 합니다. 성실함 속에서 자신의 맡은 바 직무를 법령을 준수하여서 정직하고 성실하게 어떠한 어 정치적인 어 잣대에도 흔들리지 않고 원칙을 고수하면서 어 또한 공공의 이익을 도모하기 위해서 양심에 비춰 그 직후를 실행해야 한다고 생각합니다. 어 공무원은 어 직무를 수행함에 있어 어 정확하고 명확한 명령 체계에 따라서 어 직무를 수행해야 하고 그리고 그 직무를 수행함에 있어서 친절하고 공정하게 어 누구에게나 똑같은 어 자세로 공평한 태도로 어 직무를 수행해야 합니다. 어 이는 어 공무원은 사회적 봉사자의 어 일을 하고 있기 때문인 것이고 어느 누구에게나 치우치지 않고 공정하게 최대한 친절한 응대로 어 신뢰와 믿음을 줄 수 있는 모습이어야 한다고 생각합니다.","wordCount":100},"emotion":[],"intent":[{"text":"","expression":"","category":"attitude"}],"summary":{"text":"공무원은 성실하고 원칙을 고수하며 공공의 이익을 도모하기 위해 양심에 비춰 그 직후를 실행해야 합니다. 정확하고 명확한 명령 체계에 따라 수행해야 하고, 누구에게나 공평한 태도로 수행해야 신뢰와 믿음을 줄 수 있습니다.","wordCount":30}}},"rawDataInfo":{"question":{"fileFormat":"wav","fileSize":241358,"duration":7540,"samplingBit":16,"channelCount":1,"samplingRate":"16kHz","audioPath":"/Mock/03.PublicService/Female/Experienced/ckmk_q_ps_f_e_224485.wav"},"answer":{"fileFormat":"wav","fileSize":2504398,"duration":78260,"samplingBit":16,"channelCount":1,"samplingRate":"16kHz","audioPath":"/Mock/03.PublicService/Female/Experienced/ckmk_a_ps_f_e_224485.wav"}}}