{"version":"1.0","dataSet":{"info":{"date":"20230116","occupation":"PS","channel":"MOCK","place":"ONLINE","gender":"FEMALE","ageRange":"-34","experience":"EXPERIENCED"},"question":{"raw":{"text":"지원자님께서 최근에 재미있게 하고 있는 일이 있다면 무엇인지 설명 부탁드리고 그 일이 왜 재미있는지도 함께 말씀해 주시면 되겠습니다","wordCount":18},"emotion":[],"intent":[]},"answer":{"raw":{"text":"어 제가 최근에 인스타그램을 시작을 했습니다. 그래서 거의 지금 중독이 되고 있는 상탠데 오랫동안 안 했거든요. 그러니까 아예 시도 안 했었고 별로 저랑은 맞는 것 같지 않다 고 생각이 들어서 안 했는데 주변에 이제 친구들이 하나 둘 씩 물어보는 거죠 왜 안 하냐고 그때까지도 안 했던 것 같아요. 근데 요즘에 인스타그램을 안 하면 불편한 게 많더라고요. 뭔가 정보를 얻을 때도 그 어플을 받아야지만 얻을 수 있는 게 많은 거죠. 그래서 처음에는 쪼끔 억지로 계정을 만들었는데 이게 또 막상 사람들이 하는 걸 보고 저도 이제 제 꺼를 개인적으로 올리면서 이게 왜 그런지 모르겠는데 좀 재미있더라구요. 그래서 저도 모르게 지금 계속 그걸 들여다보고 있는데 근데 사실 되게 재미있긴 한데 제 일상에 많은 시간을 좀 방해받기 시작하더라구요. 그래서 이것도 일상 중의 하나긴 한데 좀 해야 될 거를 못하게 하는 좀 그런 성질이 있더라구요. 이 인스타그램이 그래서 재미있긴 정말 재미있는데 다시 또 거리를 둬야 되지 않을까 하고 있습니다.","wordCount":144},"emotion":[{"text":"그래서 처음에는 쪼끔 억지로 계정을 만들었는데 이게 또 막상 사람들이 하는 걸 보고 저도 이제 제 꺼를 개인적으로 올리면서 이게 왜 그런지 모르겠는데 좀 재미있더라구요.","expression":"p-interest","category":"positive"}],"intent":[{"text":"","expression":"","category":"attitude"}],"summary":{"text":"요즘 인스타그램은 중독이 될만큼 중독성이 있는데, 어플을 받아야 정보를 얻을 수 있는 게 많습니다. 처음에는 억지로 계정을 만들었는데 사람들이 하는 것을 보니 재미있어서 계속 들여다보고 있으면 해야 될 것을 못하게 하는 성질이 있습니다. 그래서 다시 거리를 둬야 될 것 같습니다.","wordCount":40}}},"rawDataInfo":{"question":{"fileFormat":"wav","fileSize":449358,"duration":14040,"samplingBit":16,"channelCount":1,"samplingRate":"16kHz","audioPath":"/Mock/03.PublicService/Female/Experienced/ckmk_q_ps_f_e_195758.wav"},"answer":{"fileFormat":"wav","fileSize":2723278,"duration":85100,"samplingBit":16,"channelCount":1,"samplingRate":"16kHz","audioPath":"/Mock/03.PublicService/Female/Experienced/ckmk_a_ps_f_e_195758.wav"}}}