{"version":"1.0","dataSet":{"info":{"date":"20230116","occupation":"PS","channel":"MOCK","place":"ONLINE","gender":"FEMALE","ageRange":"55-","experience":"EXPERIENCED"},"question":{"raw":{"text":"오늘 면접을 준비하시느라 고생을 정말 많이 하셨을 텐데요 어떤 방법으로 면접을 준비하셨는지 본인의 준비 과정을 말씀해 주세요","wordCount":17},"emotion":[],"intent":[]},"answer":{"raw":{"text":"네 저는 오늘의 면접을 굉장히 기대했었는데요. 그 이유는 제가 가장 오고 싶었던 기업의 갈 수 있는 기회를 한 발짝 내딛는 그런 첫 시작이었기 때문입니다. 그래서 저는 제 자신을 잘 어필하기 위해서 대본들을 한번 만들어 보았고 또한 오기 전까지 총 열 번에 걸쳐서 집에서 혼자 비디 비디오 테스트를 진행해 보았습니다. 면접관님 눈에는 제가 어떻게 보일까 굉장히 고민했었고 최고의 모습으로 보여드리기 위해서 최선을 다 했었습니다.","wordCount":63},"emotion":[],"intent":[{"text":"","expression":"","category":"attitude"}],"summary":{"text":"저는 오늘의 면접이 가장 오고 싶었던 기업의 갈 수 있는 기회를 한 발짝 발돋움하는 첫 시작이었기 때문에 제 자신을 잘 어필하기 위해 대본을 만들어 보았습니다.","wordCount":25}}},"rawDataInfo":{"question":{"fileFormat":"wav","fileSize":591118,"duration":18470,"samplingBit":16,"channelCount":1,"samplingRate":"16kHz","audioPath":"/Mock/03.PublicService/Female/Experienced/ckmk_q_ps_f_e_239379.wav"},"answer":{"fileFormat":"wav","fileSize":1912398,"duration":59760,"samplingBit":16,"channelCount":1,"samplingRate":"16kHz","audioPath":"/Mock/03.PublicService/Female/Experienced/ckmk_a_ps_f_e_239379.wav"}}}