{"version":"1.0","dataSet":{"info":{"date":"20230116","occupation":"PS","channel":"MOCK","place":"ONLINE","gender":"FEMALE","ageRange":"-34","experience":"EXPERIENCED"},"question":{"raw":{"text":"지원자님께서는 시간이 남을 때 어떤 일을 하시나요 그 일을 하시는 이유는 무엇인지도 함께 말씀해 주세요","wordCount":15},"emotion":[],"intent":[]},"answer":{"raw":{"text":"시간이 남을 때 어 예를 들어서 제가 일을 하다가 시간이 남을 때 업무를 하다가 시간이 남을 경우에는 이제 회사에서는 제 책상 정리를 하는 시간을 가집니다. 어쨌든 좀 깨끗한 환경에서 일을 해야 일도 잘 진행이 된다고 생각을 하는 주의라서 시간이 남으면 무조건 뭐 쓰레기 정리를 좀 한다던지 좀 털 수 없었던 곳에 먼지를 좀 턴다던지 그리고 이제 필요 없는 서류들이나 그런 문서들을 좀 처리를 한다던지 하는 시간을 좀 가지는데 그렇게 틈틈이 그런 것들을 하지 않으면 제 자리가 굉장히 많이 쌓이게 되고 그러면은 정말 급한 일이 생길 때 그 이제 필요 없는 것들이 굉장히 많이 방해를 하는 경우가 종종 있었기 때문에 그런 식으로 틈이 나면 좀 정리를 하는 편이구요. 사실 업무적인 거 외에 집에 있을 때 저의 개인적인 생활 안에서도 약간 비슷한 패턴을 이어가고 있습니다. 그래서 집에서도 어 제가 이제 그 살림을 하는 것 외에 시간이 남을 때는 무조건 아침에 뭐 놓치고 왔던 물건들 있잖아요. 제자리에 놓치지 못했던 것들 그래서 그런 것들을 다 제자리에 놓는다던지 하는 정리를 굉장히 틈틈이 하고 있습니다. 나중에 피로도를 줄이기 위해서 인 것 같아요.","wordCount":166},"emotion":[],"intent":[{"text":"","expression":"","category":"attitude"}],"summary":{"text":"업무 시간 외 휴식 시간에 회사에서는 정리 시간을 가지는데, 정리 시간이 없으면 자리가 많이 쌓이게 되고 필요 없는 것들이 방해가 되는 경우가 있기 때문입니다. 사실 개인적인 생활에서도 비슷한 패턴으로 정리하고 있습니다. 나중에 피로도를 줄이기 위해서 인 것 같습니다.","wordCount":38}}},"rawDataInfo":{"question":{"fileFormat":"wav","fileSize":353998,"duration":11060,"samplingBit":16,"channelCount":1,"samplingRate":"16kHz","audioPath":"/Mock/03.PublicService/Female/Experienced/ckmk_q_ps_f_e_182609.wav"},"answer":{"fileFormat":"wav","fileSize":2876238,"duration":89880,"samplingBit":16,"channelCount":1,"samplingRate":"16kHz","audioPath":"/Mock/03.PublicService/Female/Experienced/ckmk_a_ps_f_e_182609.wav"}}}