{"version":"1.0","dataSet":{"info":{"date":"20230116","occupation":"PS","channel":"MOCK","place":"ONLINE","gender":"FEMALE","ageRange":"35-44","experience":"EXPERIENCED"},"question":{"raw":{"text":"네 지금까지 살면서 다양한 커뮤니케이션을 경험해 보셨을 거라고 생각하는데요 그러한 커뮤니케이션 경험 중에 어떤 것이 가장 어려웠는지 한 가지만 꼽아서 얘기해 주시겠습니까","wordCount":22},"emotion":[],"intent":[]},"answer":{"raw":{"text":"살면서 다양한 커뮤니케 케이션을 하면서 어려웠던 점을 한 가지만 꼽자면 음 어 자신의 생각을 어 관철시키는 사람들과 이야기를 할 때 어려운 점이 있었습니다. 어 가까운 관계에 있는 사람이지만 그 사람이 어 다른 생각을 가지고 있어서 많은 어려움이 있었습니다. 그래서 어 그런데 그 사람은 자신이 하는 행동에 대해서 제대로 인지도 하지 못하고 자신이 어 어떤 방향에서 어떤 입장을 취해야 할지 어 두 가지 입장을 섞여있는 상태에서 음 이야기를 해서 어 이야기의 맥락을 어 잘 상대방의 맥락 이야기하는 것을 어 오류가 있었고 자신의 생각의 틀 안에 갇혀서 자신의 생각만을 정리되지 않은 상태에서 저에게 강요를 하는 모습이 있었습니다. 그렇게 했을 때 저는 어 그 사람이 어 잘못된 부분에 대해서 어 인지시켜주고 확인시켜주고 또 어 중요한 것은 그 사람과 좋은 관계를 유지해야 하기 때문에 그 사람의 입장에서 들어보고 또 제 자신의 생각을 이야기하고 부드럽게 이야기하고 감정적으로 대하지 않으려고 노력을 하고 음 자신이 어 제가 원하는 것들을 부드럽게 이야기하고 설득하여서 어 서로가 원하는 방향으로 어 함께 음 나아갔습니다.","wordCount":153},"emotion":[],"intent":[{"text":"그렇게 했을 때 저는 어 그 사람이 어 잘못된 부분에 대해서 어 인지시켜주고 확인시켜주고 또 어 중요한 것은 그 사람과 좋은 관계를 유지해야 하기 때문에 그 사람의 입장에서 들어보고 또 제 자신의 생각을 이야기하고 부드럽게 이야기하고 감정적으로 대하지 않으려고 노력을 하고 음 자신이 어 제가 원하는 것들을 부드럽게 이야기하고 설득하여서 어 서로가 원하는 방향으로 어 함께 음 나아갔습니다.","expression":"c_confl_mg","category":"personality"}],"summary":{"text":"커뮤니케 케이션을 하면서 자신의 생각을 관철시키는 사람들과 이야기를 할 때 어려움이 있었습니다. 그 사람은 자신이 하는 행동에 대해 제대로 인지도 하지 못하고 두 가지 입장을 섞어서 이야기를 해서 상대방의 맥락을 잘 이야기하는 것의 오류가 있었고 자신의 생각만을 정리되지 않은 상태에서 강요를 하였습니다. 그 사람이 원하는 방향으로 함께 나아갔습니다.","wordCount":48}}},"rawDataInfo":{"question":{"fileFormat":"wav","fileSize":495118,"duration":15470,"samplingBit":16,"channelCount":1,"samplingRate":"16kHz","audioPath":"/Mock/03.PublicService/Female/Experienced/ckmk_q_ps_f_e_241047.wav"},"answer":{"fileFormat":"wav","fileSize":3825998,"duration":119560,"samplingBit":16,"channelCount":1,"samplingRate":"16kHz","audioPath":"/Mock/03.PublicService/Female/Experienced/ckmk_a_ps_f_e_241047.wav"}}}