{"version":"1.0","dataSet":{"info":{"date":"20230116","occupation":"PS","channel":"MOCK","place":"ONLINE","gender":"FEMALE","ageRange":"35-44","experience":"EXPERIENCED"},"question":{"raw":{"text":"어 지원자님께서는 본인의 의견을 주장하실 때 강하게 주장하는 편이신가요 어떤 스타일로 자신의 의견을 주장하는 편이신지 어 설명해 주시기를 바랍니다","wordCount":19},"emotion":[],"intent":[]},"answer":{"raw":{"text":"저는 사람에 따라서 다르다고 생각을 합니다. 그렇지만 기본적으로는 제가 이 제 의견을 주장을 할 때 음 돌려서 어 또 부드럽게 이야기하는 편입니다. 음 사람이 어 제 말이 잘 통하는 사람이 있다면 어 제가 그 사람이 어 인지하지 못하는 부분에 대해서 정확하게 이야기를 해주고 또 제 이야기를 해서 어 그 비슷한 상황에서 어떻게 대처를 하는지 이야기를 한 후에 그 사람이 판단할 수 있도록 도와주는 그런 편입니다. 그런데 만약에 자신의 생각을 관철시키는 사람이 있다면 어 강하게 이야기를 해서 그 사람이 틀린 부분에 대해서 정확하게 이야기를 하고 또 그것들을 제 요구 사항들을 강하게 이야기해서 어 그들을 강하게 맞서는 것도 어 필요하다고 생각을 합니다. 어 기본적으로는 어 부드럽게 대처를 하지만 음 제 생각을 강하게 이야기해야 하는 그런 필요한 시간들이 있을 때 어 가족을 지키기 위해서나 제 자신을 지키기 위해서 강하게 이야기해서 그것들을 제가 원하는 결과들을 어 얻기도 합니다. 그래서 그때그때 필요한 것들이 있지만 어 결과적으로 보면 부드럽게 이야기할 때 감정 소모가 덜하고 어 좋은 관계를 계속해서 유지하기가 쉽습니다. 그래서 최대한 어 강하게 이야기하는 편이지만 어 최대한 그것들을 부드럽게 이야기해서 좋은 관계를 유지를 할려고 어 끝까지 노력을 하는 편입니다.","wordCount":174},"emotion":[],"intent":[{"text":"","expression":"","category":"attitude"}],"summary":{"text":"제가 제 의견을 주장할 때는 부드럽게 이야기하는 편인데, 제 말이 잘 통하는 사람이 있다면 인지하지 못하는 부분에 대해 정확하게 이야기를 해주고 그 사람이 판단할 수 있도록 도와주는 편입니다. 하지만 제 생각을 강하게 이야기해야 하는 시간이 있을 때 가족을 지키거나 제 자신을 지키기 위해서 강하게 이야기하면 원하는 결과를 얻기도 합니다. 그래서 최대한 부드럽게 이야기해서 좋은 관계를 유지하려고 노력합니다.","wordCount":57}}},"rawDataInfo":{"question":{"fileFormat":"wav","fileSize":447438,"duration":13980,"samplingBit":16,"channelCount":1,"samplingRate":"16kHz","audioPath":"/Mock/03.PublicService/Female/Experienced/ckmk_q_ps_f_e_241168.wav"},"answer":{"fileFormat":"wav","fileSize":3847118,"duration":120220,"samplingBit":16,"channelCount":1,"samplingRate":"16kHz","audioPath":"/Mock/03.PublicService/Female/Experienced/ckmk_a_ps_f_e_241168.wav"}}}