{"version":"1.0","dataSet":{"info":{"date":"20230116","occupation":"PS","channel":"MOCK","place":"ONLINE","gender":"FEMALE","ageRange":"-34","experience":"EXPERIENCED"},"question":{"raw":{"text":"어떤 문제에 부딪쳤을 때는 혼자 해결하는 편인가요 아니면 여러 사람들끼리 이야기를 해서 해결하는 편인가요","wordCount":14},"emotion":[],"intent":[]},"answer":{"raw":{"text":"제가 해결할 수 없는 분야의 문제라면은 저는 여러 사람에게 이야기를 듣고 자문을 구하는 편입니다. 왜냐하면 내가 이 일에 대해서 아무 것도 모른다 라고 했을 때 내가 아무런 시간을 가지고 있어도 해결할 수 없다는 게 확실하기 때문입니다. 이 쪽 일은 아예 처음 겪어 봤고 위 쪽에서 내가 공부를 해도 어떻게 할 수가 없는 그런 상황인 경우라면요. 저는 사수라든지 저희 직장 동료에게 이러한 상황이 있는데 어떻게 하는게 좋을까요 라고 많은 사람들의 이야기를 들어 볼 것 같습니다. 그 이야기 속에서 해답이 나온 적이 꽤 많았기 때문인데요. 많은 사람들의 이야기를 오 거기에서 해결점을 찾아서 잘 해결해 볼 것 같습니다.","wordCount":95},"emotion":[],"intent":[{"text":"","expression":"","category":"attitude"}],"summary":{"text":"제가 해결할 수 없는 분야의 문제라면 여러 사람에게 이야기를 듣고 자문을 구합니다. 이 쪽 일은 아예 겪어봤고 공부를 해도 할 수가 없는 상황인 경우라면 많은 사람들의 이야기를 듣고 해결점을 찾아서 잘 해결해 볼 것 같습니다.","wordCount":35}}},"rawDataInfo":{"question":{"fileFormat":"wav","fileSize":281678,"duration":8800,"samplingBit":16,"channelCount":1,"samplingRate":"16kHz","audioPath":"/Mock/03.PublicService/Female/Experienced/ckmk_q_ps_f_e_195444.wav"},"answer":{"fileFormat":"wav","fileSize":1498958,"duration":46840,"samplingBit":16,"channelCount":1,"samplingRate":"16kHz","audioPath":"/Mock/03.PublicService/Female/Experienced/ckmk_a_ps_f_e_195444.wav"}}}