{"version":"1.0","dataSet":{"info":{"date":"20230116","occupation":"PS","channel":"MOCK","place":"ONLINE","gender":"FEMALE","ageRange":"-34","experience":"EXPERIENCED"},"question":{"raw":{"text":"그동안 크고 작게 진행해 보신 프로젝트들 중에서 가장 기억에 남는 프로젝트가 있으시다면 그게 어떤 점에서 기억에 남는지 저희한테 설명 한 번만 부탁드릴게요","wordCount":22},"emotion":[],"intent":[]},"answer":{"raw":{"text":"제가 진행했던 프로젝트 중에서 어 공공 서비스 측면에서 다른 분들께 응대를 하는 응대 방안에 대해서 한번 매뉴얼을 만들었었던 프로젝트가 있었습니다. 저 같은 경우에는 처음에는 아르바이트로 시작을 했었는데요. 제가 다른 분들이 불평 불만을 쏟아내는 민원 와중에서도 굉장히 침착하게 잘 응대를 하는 부분을 보고 과장님께서 저에게 기본 매뉴얼을 한번 작성해보면 어떻겠냐 라고 제의를 해주셨습니다. 그래서 저는 나중에 제 후임으로 오는 사람들 혹은 공공 근로 서비스를 하는 사람들이 언제든지 열람을 하고 볼 수 있도록 하는 기초 매뉴얼들을 만드는 작업을 진행했었는데요. 이 매뉴얼을 작성하면서 저도 처음 사용해보는 프로그램들이 있어서 처음에는 이 프로그램들을 다루는 데 좀 어려움들을 겪었습니다. 그렇지만 그 프로그램들은 제가 지금까지 실무에 활용할 정도로 어 굉장히 도움이 됐었어서 지금도 어 그 프로젝트에 대해서 굉장히 긍정적으로 생각하고 있습니다.","wordCount":114},"emotion":[],"intent":[{"text":"","expression":"","category":"attitude"}],"summary":{"text":"공공 서비스 측면에서 다른 분들께 응대를 하는 응대 방안에 대해서 한번 매뉴얼을 만들었던 프로젝트가 있었습니다. 과장님의 제의로 후임들이 언제든지 열람을 하고 볼 수 있도록 하는 기초 매뉴얼들을 만드는 작업을 진행했었습니다. 지금도 프로젝트에 대해서 긍정적으로 생각하고 있습니다.","wordCount":36}}},"rawDataInfo":{"question":{"fileFormat":"wav","fileSize":455118,"duration":14220,"samplingBit":16,"channelCount":1,"samplingRate":"16kHz","audioPath":"/Mock/03.PublicService/Female/Experienced/ckmk_q_ps_f_e_179090.wav"},"answer":{"fileFormat":"wav","fileSize":2791758,"duration":87240,"samplingBit":16,"channelCount":1,"samplingRate":"16kHz","audioPath":"/Mock/03.PublicService/Female/Experienced/ckmk_a_ps_f_e_179090.wav"}}}