{"version":"1.0","dataSet":{"info":{"date":"20230116","occupation":"PS","channel":"MOCK","place":"ONLINE","gender":"FEMALE","ageRange":"55-","experience":"EXPERIENCED"},"question":{"raw":{"text":"어 만약에 지원자님께서 게임 속 캐릭터라면 어떤 게임에서 어떤 역할을 맡아서 수행하고 싶으신지 어 설명해 주시기를 바랍니다","wordCount":17},"emotion":[],"intent":[]},"answer":{"raw":{"text":"게임을 하나 개발하려면 저는 요리 게임을 하고 싶습니다. 요리사로 분장해서 멋있는 요리사 복을 입고 한 가지 요리를 새롭게 개발해 낼 때마다 어 점수가 올라가는 그런 게임을 하고 싶습니다. 그런 게임을 만들려면 그 안에서 요리사로서 온갖 세계적인 요리들을 모두 어 섭렵해서 해볼 수 있고 내 능력을 파악할 수 있도 있고 또 그래서 자기의 성취감도 너릴 수 있는 그런 요리 게임을 하고 싶습니다. 요리사 중에 어 제일 잘하는 요리로 어 중국 요리를 들 수 있는데요. 중국 요리사로 분장하여 캐릭터로서 멋진 모습을 보여주고 싶습니다. 중국 요리 중에 제일 잘하는 요리가 양장피인데 그 양장피를 만드는 방법부터 시작해서 어 어떻게 만들고 어떻게 빠른 시간 내에 많은 사람들한테 그것을 먹여줄 수 있는지 그거를 요리의 테마로 하고 싶습니다.","wordCount":111},"emotion":[],"intent":[{"text":"","expression":"","category":"attitude"}],"summary":{"text":"저는 요리사로 분장한 요리사 복을 입고 한 가지 요리를 개발할 때마다 점수가 오르는 요리 게임을 하고 싶습니다. 그 안에서 세계 요리들을 섭렵할 수 있고 자신의 성취감도 너릴 수 있는 요리 게임을 만들고 싶합니다. 가장 잘하는 중국 요리는 양장피입니다.","wordCount":38}}},"rawDataInfo":{"question":{"fileFormat":"wav","fileSize":433998,"duration":13560,"samplingBit":16,"channelCount":1,"samplingRate":"16kHz","audioPath":"/Mock/03.PublicService/Female/Experienced/ckmk_q_ps_f_e_244723.wav"},"answer":{"fileFormat":"wav","fileSize":2348238,"duration":73380,"samplingBit":16,"channelCount":1,"samplingRate":"16kHz","audioPath":"/Mock/03.PublicService/Female/Experienced/ckmk_a_ps_f_e_244723.wav"}}}