{"version":"1.0","dataSet":{"info":{"date":"20230116","occupation":"PS","channel":"MOCK","place":"ONLINE","gender":"FEMALE","ageRange":"-34","experience":"EXPERIENCED"},"question":{"raw":{"text":"요즘 기업은 윤리 경영이 대세입니다 윤리 경영을 위해 조직 또는 회사 차원에서 해야 할 일은 무엇이라고 생각하시는지 본인의 생각을 말씀해 주세요","wordCount":21},"emotion":[],"intent":[]},"answer":{"raw":{"text":"아무래도 투명하고 공정한 것이 굉장히 필요하다 라고 생각이 듭니다. 왜냐하면 윤리 경영이라는 것은 결국은 어떻게 생각을 하면요. 그것은 어 기업 윤리를 최우선 가치로 생각한다 라는 거잖아요. 거기에서 투명하고 공정적인 그러한 것들이 그런 업무 수행을 추구하는 게 굉장히 중요하다고 생각하기 때문입니다. 그렇다 보니 아무래도 누군가에게 조금 더 마음이 간다고 해서 더 혜택을 준다던지 아니면 이 사람은 나랑 조금 더 내가 아는 지인 분의 아들이야 라고 해서 뭐 면접에 채용한다던지 이런 것들을 주의한다면 네 회사 쪽에서 윤리 경영이 잘 수행되어 가지 않을까 라는 생각이 듭니다.","wordCount":83},"emotion":[],"intent":[{"text":"","expression":"","category":"attitude"}],"summary":{"text":"윤리 경영은 기업 윤리를 최우선 가치로 생각하는 것에서 투명하고 공정적인 것들이 업무 수행을 추구하는 게 중요하다고 생각하기 때문에 회사 측에서 윤리 경영이 잘 수행되어 가지 않을까 라는 생각이 듭니다.","wordCount":29}}},"rawDataInfo":{"question":{"fileFormat":"wav","fileSize":602318,"duration":18820,"samplingBit":16,"channelCount":1,"samplingRate":"16kHz","audioPath":"/Mock/03.PublicService/Female/Experienced/ckmk_q_ps_f_e_195445.wav"},"answer":{"fileFormat":"wav","fileSize":1599438,"duration":49980,"samplingBit":16,"channelCount":1,"samplingRate":"16kHz","audioPath":"/Mock/03.PublicService/Female/Experienced/ckmk_a_ps_f_e_195445.wav"}}}