{"version":"1.0","dataSet":{"info":{"date":"20230116","occupation":"PS","channel":"MOCK","place":"ONLINE","gender":"FEMALE","ageRange":"35-44","experience":"EXPERIENCED"},"question":{"raw":{"text":"어 저희 일의 특성상 야근이나 잔업 그리고 외근이 많아질 수도 있습니다 어 그래도 괜찮으신지 미리 여쭤보고 싶은데요 이러한 야근이나 잔업 외근도 어 괜찮다고 생각하시나요","wordCount":24},"emotion":[],"intent":[]},"answer":{"raw":{"text":"네 저는 사무실 내부에서 일을 하는 것보다 외근을 나가 일을 하는 것을 더욱 적성에 맞습니다. 아무래도 갑갑한 사무실보다는 밖에 나가서 다양한 사람들과 다양한 환경을 접하면서 일을 하다보면 더욱더 활기를 직접적으로 느낄 수 있기 때문에 저는 외근 업무를 선호하는 편입니다. 그리고 야근이나 잔업 같은 경우는 제가 맡은 일이 마무리 되어 있지 않다거나 회사 전사적으로 진행하는 업무가 있을 경우에는 당연히 뭐 해야 된다고 생각을 합니다. 하지만 야근이나 잔업 같은 경우는 아무래도 근로자의 희생이 조금 필요하다 보니까 그에 대한 보상이 정확하게 이루어져야 된다고 생각을 합니다. 법적으로 정해진 근무 시간과 야근 수당 이런 것만 정확하게 지켜진다면 저는 야근과 잔업 그리고 외근 업무는 언제든지 할 수 있습니다.","wordCount":102},"emotion":[],"intent":[{"text":"","expression":"","category":"attitude"}],"summary":{"text":"사무실 내부에서 일을 하는 것보다 외근을 나가 일을 하는 것이 적성에 맞습니다. 그리고 법적으로 정해진 근무 시간과 야근 수당 이런 것만 정확하게 지켜진다면 야근과 잔업 그리고 외근 업무는 언제든지 할 수 있습니다.","wordCount":32}}},"rawDataInfo":{"question":{"fileFormat":"wav","fileSize":528398,"duration":16510,"samplingBit":16,"channelCount":1,"samplingRate":"16kHz","audioPath":"/Mock/03.PublicService/Female/Experienced/ckmk_q_ps_f_e_240934.wav"},"answer":{"fileFormat":"wav","fileSize":1767758,"duration":55240,"samplingBit":16,"channelCount":1,"samplingRate":"16kHz","audioPath":"/Mock/03.PublicService/Female/Experienced/ckmk_a_ps_f_e_240934.wav"}}}