{"version":"1.0","dataSet":{"info":{"date":"20230116","occupation":"PS","channel":"MOCK","place":"ONLINE","gender":"FEMALE","ageRange":"35-44","experience":"EXPERIENCED"},"question":{"raw":{"text":"요즘 읽고 있는 책이 있다면 그것이 무슨 책인지 궁금합니다 왜 그 책을 읽는지 모두 말씀해 주세요","wordCount":16},"emotion":[],"intent":[]},"answer":{"raw":{"text":"어 저는 지금 읽고 있는 책은 어 제 취미 생활을 개발하는 책입니다. 저는 어 지금까지 일을 많이 했고 일 중심으로 삶을 살았기 때문에 그것들을 일을 진행을 다 맞췄을 때 허무함이 올 때가 있었고 어 잘 쉬지 못하는 저를 발견을 했습니다. 그래서 저를 잘 아끼지 못하기 때문에 제가 제가 여유 시간에 어 취미생활을 해서 음 그것들을 어 진행을 해보고 저에게 맞는 것이 있다면 스트레스를 풀 수 있고 또 그것들이 스트레스가 풀려서 또 업무에도 좋은 영향을 줄 수 있도록 제가 어 그것들을 책을 보고 있습니다. 요즘에는 어 블로그나 아니면 블로그 마케팅이나 혹은 에스엔에스를 활동을 통해서 어 맛집을 체험을 할 수도 있고 또 광고 쪽에 관심이 생겼는데 어 그것들이 음 사람들에게 자신의 이야기를 들려주고 또 광고를 통해서 수익을 얻을 수 있기 때문에 그것들이 재미있다고 생각을 하고 또 그것을 하는 것을 통해서 제 이야기를 해서 많은 사람들과 공유를 하고 또 시간을 어 내서 사람들과 이야기하는 것이 아니기 때문에 음 제 시간을 조절해서 그것들을 할 수 있도록 하는데 어 기쁨을 느끼고 또 배움을 통해서 제가 만족감을 누리기 때문입니다. 그래서 제가 취미생활을 어 하면서 제 삶의 만족도가 높아질 수 있도록 어 많은 취미 생활들을 어 경험을 하기 위해서 어 많은 부분을 하 하고 있습니다.","wordCount":188},"emotion":[],"intent":[{"text":"","expression":"","category":"attitude"}],"summary":{"text":"저는 지금 읽고 있는 책은 제 취미 생활을 개발하는 책입니다. 저는 지금까지 일을 많이 했고 일 중심으로 삶을 살았기 때문에 취미생활을 해서 스트레스를 풀 수 있고 업무에도 좋은 영향을 줄 수 있도록 책을 보고 있습니다. 블로그나 SNS를 활동을 통해서 맛집을 체험을 할 수도 있고 광고 쪽에 관심이 생겼는데 그것을 통해서 사람들과 이야기를 나누면서 기쁨을 느끼고 배움을 통해서 만족감을 누리기 때문입니다.","wordCount":60}}},"rawDataInfo":{"question":{"fileFormat":"wav","fileSize":346318,"duration":10820,"samplingBit":16,"channelCount":1,"samplingRate":"16kHz","audioPath":"/Mock/03.PublicService/Female/Experienced/ckmk_q_ps_f_e_241363.wav"},"answer":{"fileFormat":"wav","fileSize":3863118,"duration":120720,"samplingBit":16,"channelCount":1,"samplingRate":"16kHz","audioPath":"/Mock/03.PublicService/Female/Experienced/ckmk_a_ps_f_e_241363.wav"}}}