{"version":"1.0","dataSet":{"info":{"date":"20230116","occupation":"PS","channel":"MOCK","place":"ONLINE","gender":"FEMALE","ageRange":"-34","experience":"EXPERIENCED"},"question":{"raw":{"text":"지원자님께서 지금 읽고 계신 책이 있는지 지원자님이 있다면 무슨 책인지 궁금합니다 지원자님께서 왜 그 책을 읽으시는지도 설명과 함께 말씀 부탁드려요","wordCount":20},"emotion":[],"intent":[]},"answer":{"raw":{"text":"어 요즘에 제가 공부하는 것도 많고 신경 쓸 게 많다 보니깐 어 좀 가벼운 책을 읽고 싶더라고요. 그래서 만화로 이루어진 책을 찾다가 어 그 공룡 캐릭터가 있는 책이 있어요. 우리는 조그마한 존재야 라는 책인데 그냥 그런 흔한 책 있잖아요. 일상에서 발견하는 어떤 소소한 이야기들을 만화로 그린 건데 그거를 좀 자기 전에 읽고 있어요. 그냥 딱 잠들기 전에 가볍게 한번 쓱 보고 졸리면 딱 책 떨어뜨리면서 자게끔 그 책을 읽고 있는데 어 일단은 뭐 그림도 귀엽고 색감도 알록달록해서 읽고 있는 순간 자체에서 되게 아무 생각이 안 들더라고요. 그래서 그리고 또 기분 좋게 잠들 수도 있기도 해서 그 책을 지금 읽고 있는데 이게 만화라서 그런지 사실 금방 읽거든요. 그래서 일부러 의식적으로 딱 한 장이나 두 장까지 읽는 그걸 정해서 천천히 읽어 나가고 있습니다.","wordCount":121},"emotion":[],"intent":[{"text":"","expression":"","category":"attitude"}],"summary":{"text":"일상에서 발견하는 소소한 이야기들을 만화로 그린 '우리는 조그마한 존재야' 라는 책을 자기 전에 읽고 있는데 만화라서 사실 금방 읽혀요. 일부러 의식적으로 한 장이나 두 장까지 읽는 걸 정해서 천천히 읽고 있습니다.","wordCount":31}}},"rawDataInfo":{"question":{"fileFormat":"wav","fileSize":485518,"duration":15170,"samplingBit":16,"channelCount":1,"samplingRate":"16kHz","audioPath":"/Mock/03.PublicService/Female/Experienced/ckmk_q_ps_f_e_195761.wav"},"answer":{"fileFormat":"wav","fileSize":2389198,"duration":74660,"samplingBit":16,"channelCount":1,"samplingRate":"16kHz","audioPath":"/Mock/03.PublicService/Female/Experienced/ckmk_a_ps_f_e_195761.wav"}}}