{"version":"1.0","dataSet":{"info":{"date":"20230116","occupation":"PS","channel":"MOCK","place":"ONLINE","gender":"FEMALE","ageRange":"35-44","experience":"EXPERIENCED"},"question":{"raw":{"text":"입사 후에 쉬운 일과 어려운 일이 있다면 이 일에 대한 분배를 어떻게 하실 건가요 어떻게 처리하실 건지 말씀해 주세요","wordCount":19},"emotion":[],"intent":[]},"answer":{"raw":{"text":"입사 후에 어 쉬운 일 여러운 일이 있을 때 분배를 어떻게 할 것인지에 대해서 이야기를 하자면 저는 어려운 일을 먼저 선택할 것입니다. 왜냐하면 어려운 일이 하기는 어렵지만 어 그것들을 제 에너지를 쏟아서 그것들을 해냈을 때 음 성취감이 있고 어 남은 에너지가 있는 상태에서 뭐 쉬운 일을 간단하게 처리하면 그 에너지 별로 남지 않은 에너지로도 약간의 에너지로 그것들을 수행할 수 있기 때문입니다. 음 그리고 그 중에서 어렵지만 급한 일을 먼저 처리를 하겠습니다. 그래서 급한 일을 먼저 처리해서 우선순위를 정해서 급한 일 그리고 어려운 일을 먼저 진행을 하고 뭐 어렵지만 급하지 않은 일들을 나중에 처리를 하겠습니다. 그래서 어 제가 먼저 처음에 에너지를 최대한 많이 쏟아서 제가 가지고 있는 에너지를 가지고 분배를 잘해서 쓸 것이고 어 나중에 어 약간의 소량의 에너지를 가지고 쉬운 일들을 진행을 할 수 있기 때문입니다. 쉬운 일들은 어 많은 에너지를 소모하지 않기 때문에 어려운 일을 먼저 하고 나서 쉬운 일을 간단하게 처리한다면 그것들을 빠른 시간 안에 해결을 할 수 있기 때문에 어 그것이 좋습니다. 그러나 쉬운 일을 하고 나서 어려운 일을 하게 된다면 어 어려운 일들 하기 싫어지고 또 업무에 대한 스트레스도 많이 많아질 것이기 때문에 어 제가 어려운 일을 먼저 선택해서 그 일들을 진행하겠습니다.","wordCount":186},"emotion":[],"intent":[{"text":"","expression":"","category":"attitude"}],"summary":{"text":"어려운 일을 먼저 처리하면 남은 에너지로 간단한 일을 할 수 있기 때문에 저는 어려운 일을 우선적으로 처리하기로 했습니다. 어려운 일을 하고 난 후 쉬운 일을 간단하게 처리한다면 빠른 시간 안에 해결할 수 있기 때문입니다. 그러나 어려운 일을 하게 된다면 업무 스트레스도 많이 많아질 것이기 때문에 제가 어려운 일을 우선해서 진행하도록 하겠습니다.","wordCount":51}}},"rawDataInfo":{"question":{"fileFormat":"wav","fileSize":610638,"duration":19080,"samplingBit":16,"channelCount":1,"samplingRate":"16kHz","audioPath":"/Mock/03.PublicService/Female/Experienced/ckmk_q_ps_f_e_239421.wav"},"answer":{"fileFormat":"wav","fileSize":3635278,"duration":113600,"samplingBit":16,"channelCount":1,"samplingRate":"16kHz","audioPath":"/Mock/03.PublicService/Female/Experienced/ckmk_a_ps_f_e_239421.wav"}}}