{"version":"1.0","dataSet":{"info":{"date":"20230116","occupation":"PS","channel":"MOCK","place":"ONLINE","gender":"FEMALE","ageRange":"35-44","experience":"EXPERIENCED"},"question":{"raw":{"text":"지원자님께서 이 직장을 선택할 때 가장 중요하게 생각하는 것들이 있으실 텐데요 어 그중에서 어 가장 큰 세 가지만 각각 무엇인지 말씀해 주세요","wordCount":22},"emotion":[],"intent":[]},"answer":{"raw":{"text":"저는 직장을 선택할 때 가장 중요하게 생각하는 것이 있다면 어 첫 번째로는 어 오너의 비전입니다. 어 오너가 어 단순히 이익만을 취하는 것이 아니고 어 어떤 목표를 가지고 어 그 회사를 이끌어가는지 음 사람을 세우기 위한 그런 가치 있는 일을 하는 사람인지 아니면 어 지금 음 현재 지원하고 있는 그런 사업에 대해서 어느정도 열려있는지에 대해서 어 보고 어 그것을 어 지원을 해주는 분위기로 가는 그런 열린 마음을 가진 사람인지에 대해서 저는 중요하게 생각을 합니다. 그리고 저는 두 번째로 어 팀 안에서 어 새로운 것을 시도하고 또 도와줄 수 있는 분위기인지에 대해서 많이 중요하게 생각을 합니다. 왜냐하면 어 그래야 그 어 새로운 업무에 대해서 아니면 새로운 어 교육 방법에 대해서 같이 연구하고 같이 음 그것들을 사용해 보고 또 피드백을 줌으로써 어 그것들을 단점을 보완할 수 있고 또 그것들을 장점을 극대화할 수 있기 때문입니다. 그리고 마지막으로는 어 복리 후생이 잘 되어있는 회사인지 입니다. 어 복리 후생이 잘 되어있지 않아서 의료보험 등이 안 되는 곳이 많은데 어 사 대보험이 잘 되는지 또 휴가는 보장이 되는지에 대해서 어 특히 육아휴직에 대해서 출산휴가 대해서 많이 봅니다.","wordCount":170},"emotion":[],"intent":[{"text":"","expression":"","category":"attitude"}],"summary":{"text":"저는 직장을 선택할 때 가장 중요하게 생각하는 것은 오너의 비전이고, 두번째는 팀 안에서 새로운 것을 시도하고 도울 수 있는 분위기인지, 세번째는 복리 후생이 잘 되어있는 회사인지 입니다.","wordCount":27}}},"rawDataInfo":{"question":{"fileFormat":"wav","fileSize":438478,"duration":13700,"samplingBit":16,"channelCount":1,"samplingRate":"16kHz","audioPath":"/Mock/03.PublicService/Female/Experienced/ckmk_q_ps_f_e_241046.wav"},"answer":{"fileFormat":"wav","fileSize":3820878,"duration":119400,"samplingBit":16,"channelCount":1,"samplingRate":"16kHz","audioPath":"/Mock/03.PublicService/Female/Experienced/ckmk_a_ps_f_e_241046.wav"}}}