{"version":"1.0","dataSet":{"info":{"date":"20230116","occupation":"PS","channel":"MOCK","place":"ONLINE","gender":"FEMALE","ageRange":"45-54","experience":"EXPERIENCED"},"question":{"raw":{"text":"네이버나 다음 구글의 검색을 비교해 보시구요 그 각각의 검색 엔진들에는 어떤 차이점이 있는지 또 어떤 장단점이 있는지 아 설명해 주시겠습니까","wordCount":20},"emotion":[],"intent":[]},"answer":{"raw":{"text":"어 네이버와 다음 구글의 검색은 약간의 차이가 어 차이점이 있습니다. 어 항상 어 뭔가를 어 제가 알고 싶거나 정확하게 그것을 하는 방법이라든지 이런 것을 어 편리하게 이용하고자 제가 검색할 때는 구글을 구글을 이용하는 편입니다. 구글은 이용자의 편에 서서 그야말로 순수하게 검색 엔진으로서의 역할을 충실히 하기 때문에 어 내가 무엇을 어떻게 하는 방식을 어 어 통해야만 효율적으로 이 일을 할 수 있을 것인지 그런 궁금증을 검색했을 때 구글은 막바로 할 수 있는 방법들을 알려주는 반면 어 네이버나 다음 같은 경우에는 포털들을 통해서 어 하기 때문에 전혀 관계없는 어 포털 사이트를 연결해 주거나 내지는 어 여러 사람들이 어 자기 자신이 했던 경험들을 포스팅해논 그 포스팅 글을 올려놓기 때문에 너무나 뭐 가장 효율적인 방법을 찾기에는 되게 무리가 있는 것 같습니다. 다양한 사람들의 의견을 들을 수 있고 다양한 그 일에 종사하는 사람들의 어 피알이나 자기 상업성 광고나 이런 것들을 대변해주는 역할을 내리거나 다음은 더 많이 하는 것 같고 구글은 어 순수한 어 검색 엔진으로서 이용자에게 편리한 제공을 해주는 그런 영향을 끼칩니다.","wordCount":157},"emotion":[],"intent":[{"text":"","expression":"","category":"attitude"}],"summary":{"text":"구글의 검색은 편리하게 이용하고자 할 때 이용자의 편에 섭니다. 하지만 네이버와 다음의 검색은 전혀 관계없는 포털 사이트를 연결해 주거나 여러 사람들이 했던 경험을 포스팅해 놓기 때문에 가장 효율적인 방법을 찾기에는 무리가 있습니다. 다양한 사람들의 의견을 들을 수 있고 자신의 피알, 상업성 광고 등을 대변해 주는 역할을 다음은 더 많이 하는 것 같습니다.","wordCount":52}}},"rawDataInfo":{"question":{"fileFormat":"wav","fileSize":466638,"duration":14580,"samplingBit":16,"channelCount":1,"samplingRate":"16kHz","audioPath":"/Mock/03.PublicService/Female/Experienced/ckmk_q_ps_f_e_209040.wav"},"answer":{"fileFormat":"wav","fileSize":2807758,"duration":87740,"samplingBit":16,"channelCount":1,"samplingRate":"16kHz","audioPath":"/Mock/03.PublicService/Female/Experienced/ckmk_a_ps_f_e_209040.wav"}}}