{"version":"1.0","dataSet":{"info":{"date":"20230116","occupation":"PS","channel":"MOCK","place":"ONLINE","gender":"FEMALE","ageRange":"35-44","experience":"EXPERIENCED"},"question":{"raw":{"text":"과거 직면한 어려운 문제를 해결하기 위해 어떤 아이디어를 제안하였습니까 또 지원자님께서는 무엇을 하셨는지 그 과정을 자세하게 말씀해 주세요","wordCount":18},"emotion":[],"intent":[]},"answer":{"raw":{"text":"과거에 직면한 어려운 문제를 해결하기 위해 어떤 아이디어를 제안을 했고 또 무엇을 했는지 과정을 이야기하자면 어 제가 팀 리더였는데 어 행사 진행을 하면서 음 시간이 쫓기는 시간이 많았고 그것들을 어 수행하기에 촉박한 시간들이었는데 제가 다른 팀과 에게 지원을 요청을 해서 시간이 촉박한 시간에 다른 팀에서 몇 명을 보내서 그것들을 수행할 수 있도록 어 도움을 요청을 했습니다. 그래서 필요한 인원과 어떤 사람들이 그것들을 도와줄 수 있는지 자세하게 요청을 한 후에 그 팀의 팀 다른 팀 사람들에게 도움을 요청하였고 그것들을 수행함으로써 얻는 만족감과 또 기쁨들을 경험을 하게 해주었습니다. 그래서 어 두 명 어 저희 팀에서 진행을 할 때 두 명씩 짝을 지어서 진행을 하게 됐는데 어 한 명이 어 경험이 있는 숙련자와 또 한 명은 또 아이디어가 반짝이는 그런 새로운 경험을 하는 사람들을 배치를 해서 그것들이 조화를 이루어서 아름다운 결과물을 낼 수 있도록 진행을 하였습니다. 그리고 또 반대로 어 다른 팀에서 바쁠 때 제가 적극적으로 지원할 수 있도록 어 몇 명을 지정해서 배치를 했습니다. 그래서 어 다른 팀에서 어 바쁜 일이 있을 때 아니면 사람들이 모자랄 때 그것들을 지원해 주었고 또 전체적으로 어 전체적인 모든 팀이 그것들을 지원을 해야 할 때는 그런 팀 전체가 그들을 할 수 있도록 어 치얼업 하는 그런 역할을 하였습니다.","wordCount":192},"emotion":[],"intent":[{"text":"","expression":"","category":"attitude"}],"summary":{"text":"과거 직면한 어려운 문제 해결을 위해 제가 팀 리더로서 다른 팀에게 지원을 요청을 해서 필요한 인원과 어떤 사람들이 그것들을 도울 수 있는지 자세하게 요청을 한 후에  다른 팀 사람들에게 도움을 요청하고 그것들을 수행함으로써 얻는 만족감과 기쁨들을 경험을 하게 해주었습니다. ","wordCount":39}}},"rawDataInfo":{"question":{"fileFormat":"wav","fileSize":512078,"duration":16000,"samplingBit":16,"channelCount":1,"samplingRate":"16kHz","audioPath":"/Mock/03.PublicService/Female/Experienced/ckmk_q_ps_f_e_236128.wav"},"answer":{"fileFormat":"wav","fileSize":3837838,"duration":119930,"samplingBit":16,"channelCount":1,"samplingRate":"16kHz","audioPath":"/Mock/03.PublicService/Female/Experienced/ckmk_a_ps_f_e_236128.wav"}}}