{"version":"1.0","dataSet":{"info":{"date":"20230116","occupation":"PS","channel":"MOCK","place":"ONLINE","gender":"FEMALE","ageRange":"45-54","experience":"EXPERIENCED"},"question":{"raw":{"text":"우리 회사가 해외 무대로 진출을 한다면 어 어디로 진출을 하는 것이 좋겠습니까 이유도 함께 말씀해 주세요","wordCount":16},"emotion":[],"intent":[]},"answer":{"raw":{"text":"어 유럽에 아는 지인이 그 네덜란드인데 거기에 이제 한국 한류와 함께 한국의 음식에 대한 관심이 높아졌는데 사실은 거기에서 한국인 조리사라든지 아니면 본격적으로 외식 사업부를 제대로 어 운용하여서 어 그 그쪽 현지 분들에게 한국의 음식을 어 제대로 소화시키고 그들에게 어 보여주시는 그런 시스템이 없어서 굉장히 안타까워 하신다는 얘기를 들은 적이 있습니다. 개인적으로라도 한 번 어 발휘를 해보면 어쩔까 하는 약간 안타까움 있었는데 만약에 기회가 된다면은 그런 외식 사업부를 아주 작게라도 시범적으로 몇 가지 어 몇 가지를 딱 픽해서 그들의 입맛에 맞는 어 한국의 외식을 잘 개발해서 어 그쪽에서 그걸 전문적으로 할 수 있는 프로그램으로 한 번 진출해 보면 좋을 것 같습니다. 어 물론 배울 것도 있겠고 이미 다른 나라의 음식들은 그런 식으로 그곳에 이미 정착해서 그 몰 안에 여러 가지 나라 다른 나라의 음식들이 있다고 들었는데 한류 음식만큼은 아직까지 좀 부족하다고 들었습니다. 그래서 그 부분이 어 진출이 되면 참 좋겠다 라는 생각을 해 봤습니다.","wordCount":143},"emotion":[],"intent":[{"text":"","expression":"","category":"attitude"}],"summary":{"text":"네덜란드에서 한국 한류와 함께 한국의 음식에 대한 관심이 높아졌는데, 현지인들에게 한국의 음식을 제대로 소화시키고 보여주시는 시스템이 없어서 굉장히 안타까워하셨다고 들었습니다. 기회가 된다면 외식 사업부를 시범적으로 시범적으로 개발해서 현지에 맞는 한국의 외식을 전문적으로 할 수 있는 프로그램으로 진출하면 좋겠습니다.","wordCount":38}}},"rawDataInfo":{"question":{"fileFormat":"wav","fileSize":395278,"duration":12350,"samplingBit":16,"channelCount":1,"samplingRate":"16kHz","audioPath":"/Mock/03.PublicService/Female/Experienced/ckmk_q_ps_f_e_185767.wav"},"answer":{"fileFormat":"wav","fileSize":2673358,"duration":83540,"samplingBit":16,"channelCount":1,"samplingRate":"16kHz","audioPath":"/Mock/03.PublicService/Female/Experienced/ckmk_a_ps_f_e_185767.wav"}}}