{"version":"1.0","dataSet":{"info":{"date":"20230116","occupation":"PS","channel":"MOCK","place":"ONLINE","gender":"FEMALE","ageRange":"55-","experience":"EXPERIENCED"},"question":{"raw":{"text":"지원자님께서 일을 하다 보면 영어로 서류를 작성해야 할 일이 생길 수도 있는데요 혹시 지원자님께서는 영어로 서류를 작성하실 수 있으십니까","wordCount":19},"emotion":[],"intent":[]},"answer":{"raw":{"text":"영어 실력은 사실 중고등학교 대학교 때 공부했던 그 영어 실력이 기본입니다. 제가 살아보니 그 이후에 영어를 공부했어도 가장 많은 암기와 단어의 뭐 이디엄이나 모든 것이 그 당시의 시절에 실력이 그대로 남아 있었던 것 같습니다. 영어로 웬만큼 다 작성할 수 있고요. 혹시 모른다면 얼마든지 인터넷 매체를 통해서 도움을 받을 수 있습니다. 영어로 충분히 서류를 작성할 수 있기 때문에 걱정하지 않으셔도 되겠습니다. 그리고 제가 오 년 동안 영어권에서 홍콩에서 오 년 동안 어 대학원을 다녔고 영어로 공부했기 때문에 어 영어 실력은 커뮤니케이션을 할 수 있을 정도의 충분한 실력을 가지고 있다고 생각합니다.","wordCount":89},"emotion":[],"intent":[{"text":"","expression":"","category":"attitude"}],"summary":{"text":"영어 실력은 중고등학교 대학교 때 공부했던 그 영어 실력이 기본입니다. 영어로 서류를 작성할 수 있고 인터넷 매체를 통해서도 도움을 받을 수 있습니다. 그리고 어 영어 능력은 커뮤니케이션을 할 수 있을 정도의 충분한 실력이라고 생각합니다.","wordCount":34}}},"rawDataInfo":{"question":{"fileFormat":"wav","fileSize":565838,"duration":17680,"samplingBit":16,"channelCount":1,"samplingRate":"16kHz","audioPath":"/Mock/03.PublicService/Female/Experienced/ckmk_q_ps_f_e_245089.wav"},"answer":{"fileFormat":"wav","fileSize":1825998,"duration":57060,"samplingBit":16,"channelCount":1,"samplingRate":"16kHz","audioPath":"/Mock/03.PublicService/Female/Experienced/ckmk_a_ps_f_e_245089.wav"}}}