{"version":"1.0","dataSet":{"info":{"date":"20230116","occupation":"PS","channel":"MOCK","place":"ONLINE","gender":"FEMALE","ageRange":"55-","experience":"EXPERIENCED"},"question":{"raw":{"text":"지원자님께서는 시험 기간 시간이 촉박할 때 어떻게 시간 관리를 하셨나요 지원자님의 시간 관리법을 구체적으로 말씀해 주시기 바랍니다","wordCount":17},"emotion":[],"intent":[]},"answer":{"raw":{"text":"시험 기간 일단 시간이 촉박할 때는 밤을 새운 적이 많았던 것 같습니다. 밤 새워 시간표 상으로 쉬운 과목부터 먼저 마스터 하고 그리고 어려운 과목을 시간별로 차례차례 어 상 중 하로 나누어요 아 누 나누어서 시간 조절을 하였으며 시간표를 자주 잘 짰던 것 같습니다. 시간표 짜는 데에는 일단 어 여러 가지 과목 중에서 어 먼저 시작할 시험 답 그 액을 자 과목을 나중에 공부하는 방법으로 나중에 들어오는 시험 내일 아침에 볼 시험 과목은 일 교실은 맨 나중에 공부하고 삼 교시 과목을 맨 처음에 공부하여 미리 준비하고 두 번 내지 세 번 정도 재 복습하는 방법을 사용했습니다.","wordCount":95},"emotion":[],"intent":[{"text":"","expression":"","category":"attitude"}],"summary":{"text":"시험기간에는 시간표 상으로 쉬운 과목을 먼저 마스터 하고 어려운 과목을 시간별로 차례차례 상 중 하로 나누어서 시간 조절을 하였으며 시간표를 자주 잘 짰던 것 같습니다. 시간표 짜는 데에는 나중에 공부할 과목을 미리 준비하는 방법을 사용했습니다.","wordCount":35}}},"rawDataInfo":{"question":{"fileFormat":"wav","fileSize":611918,"duration":19120,"samplingBit":16,"channelCount":1,"samplingRate":"16kHz","audioPath":"/Mock/03.PublicService/Female/Experienced/ckmk_q_ps_f_e_244618.wav"},"answer":{"fileFormat":"wav","fileSize":1845198,"duration":57660,"samplingBit":16,"channelCount":1,"samplingRate":"16kHz","audioPath":"/Mock/03.PublicService/Female/Experienced/ckmk_a_ps_f_e_244618.wav"}}}