{"version":"1.0","dataSet":{"info":{"date":"20230116","occupation":"PS","channel":"MOCK","place":"ONLINE","gender":"FEMALE","ageRange":"45-54","experience":"EXPERIENCED"},"question":{"raw":{"text":"지원자님이 생각하셨을 때 역량 태도 직무 지식 이 세 가지 요소 중에 가장 중요하다고 생각하시는 것은 무엇인가요 그 이유도 함께 말씀해 주세요","wordCount":22},"emotion":[],"intent":[]},"answer":{"raw":{"text":"어 일을 할 때 효율적으로 일을 하기 위해서는 직무에 대한 지식이 있어야 되고 그리고 그 지식이 바탕에 되어서 여러 가지 기술적인 역량도 갖춰져어 있어야 한다고 생각합니다. 그리고 그 일을 함에 있어서 최선을 다해서 열정적으로 하는 태도도 중요합니다. 어 저는 이 세 가지 중에 어 태도가 가장 중요한 것 같습니다. 왜 그러냐 하냐면은 왜 그렇게 생각하냐면은 태도는 어 열정적이고 도전적이고 최선을 다 해보겠다는 태도를 갖고 있다면 지 직무를 수행함에 있어서 그 알아야 할 필수적인 업무 지식을 열심히 배우려고 노력할 테고 그리고 그것을 노력함으로써 어 필요한 역량을 키워나갈 필요가 있다고 생각한다면 열정적인 태도를 가진 사람은 역량을 키우기 위한 노력도 반드시 기울일 것입니다. 태도만 되어 있다면 어 적극적이고 열정적인 태도가 되어 있다면 성취감을 얻기 위해 그 자신이 성취해야 될 일을 어 위해서는 직무 지식도 꾸준히 쌓아 나갈 테고 역량도 키워나갈 것이기 때문에 장기적으로 보았을 때는 태도를 어 가장 높은 어 요소로 일을 함에 있어서 가장 좋 어 필요한 요소로 꼽고 싶습니다.","wordCount":148},"emotion":[],"intent":[{"text":"","expression":"","category":"attitude"}],"summary":{"text":"일을 효율적으로 하기 위해서는 직무에 대한 지식과 함께 기술 역량도 갖추어져야 합니다. 그리고 열정을 가지고 최선을 다하는 태도도 중요합니다. 열정을 가지고 있다면 직무 수행에 있어 필수적인 업무 지식을 배우려고 노력할 것이고, 필요한 역량을 키워나갈 것입니다. 장기적으로 보았을 때는 태도를 가장 높은 요소로 꼽고 싶습니다.","wordCount":44}}},"rawDataInfo":{"question":{"fileFormat":"wav","fileSize":478158,"duration":14940,"samplingBit":16,"channelCount":1,"samplingRate":"16kHz","audioPath":"/Mock/03.PublicService/Female/Experienced/ckmk_q_ps_f_e_224491.wav"},"answer":{"fileFormat":"wav","fileSize":2771918,"duration":86620,"samplingBit":16,"channelCount":1,"samplingRate":"16kHz","audioPath":"/Mock/03.PublicService/Female/Experienced/ckmk_a_ps_f_e_224491.wav"}}}