{"version":"1.0","dataSet":{"info":{"date":"20230116","occupation":"PS","channel":"MOCK","place":"ONLINE","gender":"FEMALE","ageRange":"35-44","experience":"EXPERIENCED"},"question":{"raw":{"text":"만약에 공무를 수행하시는 중에 민원인이 욕을 심하게 하신다면 어떻게 대처하시겠습니까 그리고 왜 그렇게 대응하시는지도 말씀해 주세요","wordCount":16},"emotion":[],"intent":[]},"answer":{"raw":{"text":"만약 공무를 수행하는 중에 민원인이 욕을 한다면 어떻게 대응할지에 대해서 이야기를 하자면 그 사람이 음 욕으로 대한다는 것은 어 그 방식이 잘못된 방식인데 음 단순히 어 화를 내지 못하고 어 어 좋은 방법으로 해결하지 않는 사람들이기 때문에 일단 그 사람이 욕을 하는 것에 대해서 반응하지 않겠습니다. 그리고 어 정확하게 음 그 사람이 잠재될 때까지 기다린 후에 음 그 사람이 왜 그런 화가 났는지에서 먼저 들어보고 감정적으로 대하지 않고 이성적으로 대하려고 노력을 하겠습니다. 그리고 그 사람이 하는 욕에 대해서 반응하지 않고 뭐 무시하고 또 그냥 어 그 사람이 원하는 바가 무엇인지 이야기할 수 있도록 음 하고 어 저는 어 이성적인 태도를 취할 것입니다. 왜냐하면 같이 화를 내면 어 상대방의 화가 더 어 더 많아지고 감정적으로 대해서 해결을 하지 못하는데 그 사람이 어 제가 이성적으로 대하면 그 사람도 자신이 화내는 부분을 어 수그러들 것이고 어 이성적으로 생각해서 이야기할 수 있을 것입니다. 어 저는 어 그렇게 화가 같이 날 수도 있는데 저는 어 심호흡을 심호흡을 한 후에 어 제 감정을 이성적으로 다스리겠습니다.","wordCount":159},"emotion":[],"intent":[{"text":"만약 공무를 수행하는 중에 민원인이 욕을 한다면 어떻게 대응할지에 대해서 이야기를 하자면 그 사람이 음 욕으로 대한다는 것은 어 그 방식이 잘못된 방식인데 음 단순히 어 화를 내지 못하고 어 어 좋은 방법으로 해결하지 않는 사람들이기 때문에 일단 그 사람이 욕을 하는 것에 대해서 반응하지 않겠습니다.","expression":"p_voc","category":"technology"},{"text":"그리고 어 정확하게 음 그 사람이 잠재될 때까지 기다린 후에 음 그 사람이 왜 그런 화가 났는지에서 먼저 들어보고 감정적으로 대하지 않고 이성적으로 대하려고 노력을 하겠습니다.","expression":"p_voc","category":"technology"}],"summary":{"text":"공무 수행 중 민원인이 욕을 한다면 어떻게 대응할지 이야기를 하자면 그 사람이 욕을 하는 것에 대해서 반응하지 않겠습니다. 그리고 그 사람이 잠재될 때까지 기다린 후에 감정적으로 대하지 않고 이성적으로 대하려고 노력하고 그 사람이 원하는 바가 무엇인지 이야기를 할 수 있도록 하고 이성적인 태도를 취할 것입니다.","wordCount":45}}},"rawDataInfo":{"question":{"fileFormat":"wav","fileSize":625358,"duration":19540,"samplingBit":16,"channelCount":1,"samplingRate":"16kHz","audioPath":"/Mock/03.PublicService/Female/Experienced/ckmk_q_ps_f_e_241048.wav"},"answer":{"fileFormat":"wav","fileSize":3796558,"duration":118640,"samplingBit":16,"channelCount":1,"samplingRate":"16kHz","audioPath":"/Mock/03.PublicService/Female/Experienced/ckmk_a_ps_f_e_241048.wav"}}}