{"version":"1.0","dataSet":{"info":{"date":"20230116","occupation":"PS","channel":"MOCK","place":"ONLINE","gender":"FEMALE","ageRange":"45-54","experience":"EXPERIENCED"},"question":{"raw":{"text":"만약 지원자님께서 입사 후에 기존에 원하던 일을 못 하게 되었을 경우 이때 지원자님은 어떻게 대처하실 건가요 그 이유도 함께 설명해 주세요","wordCount":21},"emotion":[],"intent":[]},"answer":{"raw":{"text":"회사에 입사한 후 제가 기존에 원래 원하고 하고 싶었던 일을 못 하게 되고 다른 일을 하게 되었을 때에는 어 우선은 제가 원하던 일도 제가 그 일이 어떤 일인지 알고 어느 정도 알고 있었기 때문에 원하는 것이었을 텐데 제가 원하지 않던 일은 제가 그 일에 대한 업무 지식을 전혀 배경 지식을 갖고 있지 않아서 그 일을 두려워하는 것일 수도 있기 때문에 일단은 제가 새롭게 기대하지 않았는데 맡게 된 일이 무엇이고 그 일은 어떻게 처리해야 되는 것인지 자세히 공부하고 일단은 노력을 할 것입니다. 어 왜냐하면 제가 원하지 않는 일이어도 그 일 자체에서도 분명 제가 배울 점이 있고 그로 인해 제가 얻을 것이 있다고 어 생각되기 때문입니다. 어 원하던 원하지 않던 새로운 도전을 한 번 어 어차피 같은 분야이기 때문에 열심히 배워볼 것입니다. 그리고 나서 나중에 기회가 되면 제가 원했던 일로 어 다시 도전을 할 수 있는 기회를 회사에서 줄 것이라는 기대도 결코 어 내려놓지는 않을 것입니다 .주어진 일을 열심히 하다 보면 원하는 일을 다시 할 수 있는 기회도 분명 올 것이라고 그렇게 생각합니다.","wordCount":161},"emotion":[],"intent":[{"text":"","expression":"","category":"attitude"}],"summary":{"text":"회사 입사 후 새롭게 기대하지 않았는데 맡게 된 일이 무엇이고 그 일은 어떻게 처리해야 되는 것인지 공부하고 노력할 것입니다. 그 일 자체에서도 분명 배울 점이 있고 그로 인해 제가 얻을 것이 있다고 여겨지기 때문입니다. 그리고 나중에 기회가 되면 다시 도전을 할 수 있는 기회를 줄 것이라는 기대도 내려놓지 않을 것입니다.","wordCount":50}}},"rawDataInfo":{"question":{"fileFormat":"wav","fileSize":441998,"duration":13810,"samplingBit":16,"channelCount":1,"samplingRate":"16kHz","audioPath":"/Mock/03.PublicService/Female/Experienced/ckmk_q_ps_f_e_224490.wav"},"answer":{"fileFormat":"wav","fileSize":2769678,"duration":86550,"samplingBit":16,"channelCount":1,"samplingRate":"16kHz","audioPath":"/Mock/03.PublicService/Female/Experienced/ckmk_a_ps_f_e_224490.wav"}}}