{"version":"1.0","dataSet":{"info":{"date":"20230116","occupation":"PS","channel":"MOCK","place":"ONLINE","gender":"FEMALE","ageRange":"35-44","experience":"EXPERIENCED"},"question":{"raw":{"text":"지금까지 살면서 아주 많은 경험을 해 오셨을 텐데요 그중에서도 가장 힘들었던 경험이 있다면 무엇인지 말씀해 주시기 바랍니다 그리고 그것을 어떻게 극복하셨는지도 말씀을 해 주시기 바랍니다","wordCount":25},"emotion":[],"intent":[]},"answer":{"raw":{"text":"지금까지 살아오면서 힘들었던 경험은 제가 뭐 뉴질랜드에서 공부를 어학 연수를 하면서 영어 공부를 하는데 그때는 기초 실력이 많이 없고 또 어떻게 공부해야 하는지 잘 모르는 상태였습니다. 그래서 어 총 다섯 단계를 통과를 해야 어 어학 연수를 했다는 그런 수료증이 나오고 또 어 학교에 또 진학을 할 수 있는 기회가 주어지는데 제가 어 두 번째 단계에서 실패를 해서 어 돈을 많이 들여서 재수강을 해야 하고 또 그 시간이 공부하는 시간이 길어지기 때문에 어 비용도 많이 들고 시간도 버리게 되고 부모님에게도 죄송한 마음을 가지고 있었습니다. 어 그런데 제가 음 말을 하는데 어 특히 영어를 해야지만 한국말을 조리 있게 해서 어 보고서를 작성하는 것이 조금 약하다는 것을 느꼈습니다. 그래서 아버지에게 상담을 해서 어떻게 하면 말하는 연습을 잘 할 수 있는지 이에 대해서 어 물어 보았고 아버지가 사람이 없는 곳에서 연습을 하고 상대방이 있는 것처럼 연습을 하고 뭐 말할 것들을 미리 생각하라고 얘기를 했습니다. 그래서 항상 걸어갈 때나 어 그럴 때 미국인이랑 같이 살았는데 어 오늘 무슨 일이 있었는지에 대해서 집에 가면서 말할 거리들을 생각을 해서 항상 준비를 했습니다. 그래서 당황하지 않고 그것들을 잘 극복했습니다.","wordCount":171},"emotion":[],"intent":[{"text":"그래서 어 총 다섯 단계를 통과를 해야 어 어학 연수를 했다는 그런 수료증이 나오고 또 어 학교에 또 진학을 할 수 있는 기회가 주어지는데 제가 어 두 번째 단계에서 실패를 해서 어 돈을 많이 들여서 재수강을 해야 하고 또 그 시간이 공부하는 시간이 길어지기 때문에 어 비용도 많이 들고 시간도 버리게 되고 부모님에게도 죄송한 마음을 가지고 있었습니다.","expression":"c_private","category":"background"}],"summary":{"text":"뉴질랜드에서 어학 연수를 하면서 영어 공부를 했는데, 기초 실력이 많이 없고 어떻게 공부해야 하는지 잘 모르는 상태였습니다. 그런데 영어를 해야지만 한국말을 조리 있게 해서 보고서를 작성하는 것이 조금 약하다는 것을 느꼈습니다. 그래서 아버지에게 상담을 해서 어떻게 하면 말하는 연습을 잘 할 수 있는지 물어 보았고, 미리 생각하라고 얘기를 했습니다.","wordCount":49}}},"rawDataInfo":{"question":{"fileFormat":"wav","fileSize":591438,"duration":18480,"samplingBit":16,"channelCount":1,"samplingRate":"16kHz","audioPath":"/Mock/03.PublicService/Female/Experienced/ckmk_q_ps_f_e_241722.wav"},"answer":{"fileFormat":"wav","fileSize":3827598,"duration":119610,"samplingBit":16,"channelCount":1,"samplingRate":"16kHz","audioPath":"/Mock/03.PublicService/Female/Experienced/ckmk_a_ps_f_e_241722.wav"}}}