{"version":"1.0","dataSet":{"info":{"date":"20230116","occupation":"PS","channel":"MOCK","place":"ONLINE","gender":"FEMALE","ageRange":"55-","experience":"EXPERIENCED"},"question":{"raw":{"text":"우리 회사에 입사를 했는데 업무 내용이나 강도 같은 것들이 본인이 예상했던 것과 아예 다르다면 어떻게 하시겠습니까 그래도 괜찮으신가요","wordCount":18},"emotion":[],"intent":[]},"answer":{"raw":{"text":"입사를 딱 했더니 업무 내용이나 강도가 예상했던 거와 전혀 다르다. 이런 불만을 이야기하는 것은 이 강도가 되게 높았기 때문에 이런 이야기를 하겠지요. 하지만 강도가 낮았다면 이런 문제가 아 문제를 저에게 물어볼 것 같지도 않습니다. 그런데 입사를 딱 했는데 업무 내용이나 강도가 어떻게 모든 것이 쉽겠습니까 제가 처음 하는 일인데요. 아 제가 경력으로 들어와도 이 회사에서는 처음이 아닙니까. 그래서 저는 그 업무 내용이나 강도를 높다 라고 보지 않습니다. 제가 충분히 아 해결할 수 있는 능력이기 때문에 저에게 일을 주셨다고 생각을 하고요. 그거는 충분히 제가 해결할 수 있는 문제라고 생각을 합니다. 그래서 예상했던 것과 다르다고 해서 제가 그 일을 그만둘 수는 없지 않습니까. 그래서 만약에 업무 내용이나 강도가 높다 라고 하면 제 시간을 더 투자를 해서 열심히 해결을 해 볼려고 할 것이고 강도가 낮다 라고 하면 사실 문제는 전혀 되지 않구요. 그다음에 또 예상했던 것과 전혀 다르다 강도가 예상했던 곳과 높을 것과 또 다른 것은 또 다르니까요. 그리고 다르다고 하면 제가 새로 공부를 하면 되겠지요. 사실 공부하면서 이것은 무엇일까 하나하나 하다 보면 내가 알고 있는 지식과 크게 동 떨어질 거라고는 생각하지 않습니다. 제가 그 회사를 입사를 한 것은 저의 제가 가진 능력이나 저에 가진 그 지식 그것을 다 대입을 해보고 저를 입사를 시키셨기 때문에 충분히 해결할 수 있느를 일을 주실 것이라고 생각합니다.","wordCount":200},"emotion":[],"intent":[{"text":"","expression":"","category":"attitude"}],"summary":{"text":"입사를 딱 했더니 업무 내용이나 강도가 예상했던 거와 전혀 다르다 라는 불만을 이야기 하는 것은 강도가 되게 높았기 때문이 아니라 제가 처음 하는 일이라서 제가 충분히 해결할 수 있는 능력이기 때문에 일을 주었다고 생각하며 그 일을 그만둘 수는 없지 않느냐 라고 했을 때 제가 할 수 있는 문제는 전혀 되지 않는다고 하였습니다.","wordCount":52}}},"rawDataInfo":{"question":{"fileFormat":"wav","fileSize":489038,"duration":15280,"samplingBit":16,"channelCount":1,"samplingRate":"16kHz","audioPath":"/Mock/03.PublicService/Female/Experienced/ckmk_q_ps_f_e_242396.wav"},"answer":{"fileFormat":"wav","fileSize":3843278,"duration":120100,"samplingBit":16,"channelCount":1,"samplingRate":"16kHz","audioPath":"/Mock/03.PublicService/Female/Experienced/ckmk_a_ps_f_e_242396.wav"}}}