{"version":"1.0","dataSet":{"info":{"date":"20230116","occupation":"PS","channel":"MOCK","place":"ONLINE","gender":"FEMALE","ageRange":"35-44","experience":"EXPERIENCED"},"question":{"raw":{"text":"일을 하다 보면 서류를 영어로 작성해야 할 일이 생길 수 있습니다 어 서류를 영어로 작성하는 데 있어서 불편함이 없으신가요","wordCount":19},"emotion":[],"intent":[]},"answer":{"raw":{"text":"제가 일을 하다 보면 영어로 서류를 작성해야 될 일이 많이 있을 수가 있는데 제가 어 대학원에서 논문을 영어로 다 작성을 했고 레포트를 영어로 작성을 했고 어 어학연수를 하면서도 어 외국인에게 어 그것들을 하면서 제가 일하고 또 공부한 경력이 있기 때문에 제가 어 그것들을 어 충분히 해낼 수 있다고 생각을 합니다. 그리고 제가 어 일을 하면서 프리랜서로 영어로 번역하는 일도 했기 때문에 그것들을 충분히 쉽게 할 수 있다고 생각을 합니다. 그래서 제가 어 외국인과도 대화하는데 전혀 문제가 없는 수준이기 때문에 음 영어로 뭐 업무를 파악을 하고 또 작성을 하는데 제가 그것들을 어 충분히 어 작성을 할 수 있다고 생각을 합니다. 그리고 제가 어 어학연수를 하면서 어느 어 영어를 할 때 그런 상식들이나 모험을 많이 배웠기 때문에 그것들을 통해서 어 할 수가 있고 제가 문법적인 지식도 많이 가지고 있고 어 실제로 사용하는 어 인체들을 많이 알고 있기 때문에 그것들을 사용을 해서 영어로 서류를 작성을 하는데 아무런 문제가 없습니다. 그래서 제가 자신감 있게 제가 하고자 하는 말들을 그리고 회사가 해야 되는 업무 자체를 어 제가 영어로 작성할 수 있고 또 제가 시간이 많이 걸리지 않는 상태에서 그것들을 작성할 수 있습니다. 그래서 어 영어로 것들을 검수하는 작업도 했기 때문에 그것들이 충분히 할 수 있다고 생각을 합니다.","wordCount":192},"emotion":[],"intent":[{"text":"","expression":"","category":"attitude"}],"summary":{"text":"저는 대학원에서 논문을 영어로 다 작성했고 레포트를 영어로 작성했으며 어학연수를 하면서도 외국인에게 그것을 하면서 저는 충분히 해낼 수 있다고 생각합니다. 그리고 프리랜서로 영어로 번역하는 일도 했기 때문에 그것들을 쉽게 할 수 있을 것이라고 생각합니다. 제가 영어에 대한 상식이나 모험을 많이 배웠고 문법적인 지식도 많이 가지고 있고 실제로 사용하는 인체들을 많이 알고 있기 때문에 영어로 서류를 작성하는데 문제가 없습니다.","wordCount":58}}},"rawDataInfo":{"question":{"fileFormat":"wav","fileSize":442958,"duration":13840,"samplingBit":16,"channelCount":1,"samplingRate":"16kHz","audioPath":"/Mock/03.PublicService/Female/Experienced/ckmk_q_ps_f_e_233331.wav"},"answer":{"fileFormat":"wav","fileSize":3653198,"duration":114160,"samplingBit":16,"channelCount":1,"samplingRate":"16kHz","audioPath":"/Mock/03.PublicService/Female/Experienced/ckmk_a_ps_f_e_233331.wav"}}}