{"version":"1.0","dataSet":{"info":{"date":"20230116","occupation":"PS","channel":"MOCK","place":"ONLINE","gender":"FEMALE","ageRange":"45-54","experience":"EXPERIENCED"},"question":{"raw":{"text":"배달의민족을 사용하시면서 서비스 면에서 아쉬웠던 부분이 있었나요 있었다면 무엇인지 말씀 부탁드리겠습니다","wordCount":11},"emotion":[],"intent":[]},"answer":{"raw":{"text":"배달의 민족 서비스를 사용하면서 아쉬웠던 부분은 어 배달 시간입니다. 빠른 배달을 원해서 배달의 민족 서비스를 이용하는데요. 어떤 경우는 대기 시간을 사십 분 또는 뭐 한 시간 이상 설정하는 경우들이 많더라고요. 그래서 삼십 분 이내에 배달을 받고 싶어서 주변 가게에 배달의 민족 어플로 주문을 하는데 그럴 경우에도 대기 시간을 길게 잡아서 직접 찾으러 가는 게 더 나을 정도로 대기 시간이 길었던 기억이 있습니다. 그 부분이 가장 이용하면서 아쉬웠던 점입니다.","wordCount":68},"emotion":[],"intent":[{"text":"","expression":"","category":"attitude"}],"summary":{"text":"배달의민족 서비스를 이용하면서 아쉬운 점은 배달 시간인데, 대기 시간을 길게 설정해서 직접 찾으러 가는 게 더 나을 정도로 대기 시간이 길었던 기억이 있습니다.","wordCount":23}}},"rawDataInfo":{"question":{"fileFormat":"wav","fileSize":321998,"duration":10060,"samplingBit":16,"channelCount":1,"samplingRate":"16kHz","audioPath":"/Mock/03.PublicService/Female/Experienced/ckmk_q_ps_f_e_177103.wav"},"answer":{"fileFormat":"wav","fileSize":1443918,"duration":45120,"samplingBit":16,"channelCount":1,"samplingRate":"16kHz","audioPath":"/Mock/03.PublicService/Female/Experienced/ckmk_a_ps_f_e_177103.wav"}}}