{"version":"1.0","dataSet":{"info":{"date":"20230116","occupation":"PS","channel":"MOCK","place":"ONLINE","gender":"FEMALE","ageRange":"55-","experience":"EXPERIENCED"},"question":{"raw":{"text":"혹시 평소에 개인 작업을 많이 하는 사람인가요 그렇다면 개인 작업을 많이 할 수 있게 하는 원동력은 무엇이라고 생각하나요","wordCount":18},"emotion":[],"intent":[]},"answer":{"raw":{"text":"어 개인 작업이라고 하면 너무 거창하고 그냥 제가 맡은 업무를 이제 뭐 당연한 업무니까 그걸 이제 조그맣게 소소하게 음 진행을 하는 건데 제 일을 하는 건데 원동력이라는 게 할 수 있는 원동력이라는 게 아니라 당연히 해야 되는 일이니까 하는 거고요. 그리고 그냥 이 일 자체를 하는 건 아이들을 좋아하니까 아이들을 사랑하니까 제가 이 일을 함에 있어서 어떤 이게 부차적으로 오는 게 아니라 그냥 이 일 전체가 다른 어떤 노동에 비해서 뭔가 이걸 함으로써 압도하는 그런 행복감 자체가 그게 이제 원동력이라고 할 수 있는 것 같아요. 그래서 아이들이 행복했으면 좋겠고 더 나아가서 제가 행복했으면 좋겠고 그러기 위해서 뭐 여러 가지 제가 뭐 이제 또 뭐 회계나 여러 가지 이런 일 이런 뭐 부분에 개인적인 저의 업무 뭐 이런 거를 한다고 볼 수 있을 거 같아요.","wordCount":124},"emotion":[],"intent":[{"text":"","expression":"","category":"attitude"}],"summary":{"text":"아이들이 행복하길 바라는 마음으로 이 일을 하는 것이고, 이 일 자체가 다른 어떤 노동에 비해서 압도하는 행복감 자체가 원동력이라고 할 수 있는 것 같습니다.","wordCount":24}}},"rawDataInfo":{"question":{"fileFormat":"wav","fileSize":339278,"duration":10600,"samplingBit":16,"channelCount":1,"samplingRate":"16kHz","audioPath":"/Mock/03.PublicService/Female/Experienced/ckmk_q_ps_f_e_178031.wav"},"answer":{"fileFormat":"wav","fileSize":2877518,"duration":89920,"samplingBit":16,"channelCount":1,"samplingRate":"16kHz","audioPath":"/Mock/03.PublicService/Female/Experienced/ckmk_a_ps_f_e_178031.wav"}}}