{"version":"1.0","dataSet":{"info":{"date":"20230116","occupation":"PS","channel":"MOCK","place":"ONLINE","gender":"FEMALE","ageRange":"-34","experience":"EXPERIENCED"},"question":{"raw":{"text":"어 이전에 직장을 그만두셨다고 하셨는데 그것을 그만둔 특별한 이유가 있으신가요 어 있으시다면 이제 현재의 직장도 같은 이유로 그만두실 가능성이 있으신지 궁금합니다","wordCount":21},"emotion":[],"intent":[]},"answer":{"raw":{"text":"이전에는 진짜 회사를 다닌 거였어 가지구 이쪽으로 다시 제가 이제 희망하면서 이제 다른 길이기 때문에 그만뒀던 거구요. 사실 회사를 다니면서 병행할 수도 있지 않냐 라는 질문을 받은 적도 있었는데 그거는 이거를 준비하는 사람들에게 굉장히 좀 모욕적일 수 있는 말인 거 같긴 해서 그리고 제가 한 번 시험을 처음에 봤을 때 이게 보통 일이 아니더라구요. 근데 어쨌든 제 마음속에 좀 하고 싶다 라는 마음이 강했던 직업이었어 가지구 회사를 좀 과감하게 그만두고 어 이 일을 위해서 온전히 시간을 썼습니다. 꽤 오랜 시간 공부를 하면서. 그래도 여기까지 온 것 같습니다.","wordCount":87},"emotion":[],"intent":[{"text":"","expression":"","category":"attitude"}],"summary":{"text":"이쪽으로 희망하면서 그만뒀습니다. 회사를 과감하게 그만두고 이 일을 위해서 온전히 시간을 썼습니다. 오랜 시간 공부를 하면서 여기까지 온 것 같습니다.","wordCount":20}}},"rawDataInfo":{"question":{"fileFormat":"wav","fileSize":560078,"duration":17500,"samplingBit":16,"channelCount":1,"samplingRate":"16kHz","audioPath":"/Mock/03.PublicService/Female/Experienced/ckmk_q_ps_f_e_195756.wav"},"answer":{"fileFormat":"wav","fileSize":1819278,"duration":56850,"samplingBit":16,"channelCount":1,"samplingRate":"16kHz","audioPath":"/Mock/03.PublicService/Female/Experienced/ckmk_a_ps_f_e_195756.wav"}}}