{"version":"1.0","dataSet":{"info":{"date":"20230116","occupation":"PS","channel":"MOCK","place":"ONLINE","gender":"FEMALE","ageRange":"35-44","experience":"EXPERIENCED"},"question":{"raw":{"text":"지금 읽고 계신 책이 있으신가요 있다면 무슨 책인가요 또한 왜 그 책을 읽고 계시는지도 함께 말씀해 주실 수 있을까요","wordCount":19},"emotion":[],"intent":[]},"answer":{"raw":{"text":"음 제가 지금 읽고 있는 책은 무슨 책인지 어 이야기를 하자면 제가 음 업무가 바쁘고 또 시간이 많이 부족한 상태이기 때문에 음 마음 읽기 라는 책을 읽고 있습니다. 제가 제 스스로 어 감정에 대해서 많이 인지를 못하고 일이 많아서 그것들을 잘 처리하지 못하고 음 그것들이 어 힘든 상황이 왔을 때 어 안 좋은 영향을 미칠 수 있기 때문에 그것들을 어 조절하기 위해서 평상시에 제 마음을 읽어주고 또 제가 감정을 느끼는 것에 소리를 귀 기울여주고 제 자신을 사랑하는 방법에 대해서 제가 많이 음 어 느끼고 그것들을 행동으로 할 수 있도록 제가 그것들을 진행을 어 읽고 있습니다. 그래서 그 책들을 읽으면서 제가 느끼는 감정들을 인지하지 못했던 감정들을 제가 공감을 통해서 많이 위로를 받게 되었고 어 그것들이 또 업무나 또 일상생활에서 어 긍정적인 영향을 미치게 되었습니다. 그래서 그 책을 읽으면서 어 일기를 쓰게 되면서 제가 어 틈날 때마다 메모를 해서 제가 느끼는 감정들에 대해서 기록해서 그것들을 알 수 있도록 메모를 하는 습관을 가지게 되었고 그것들에 대해서 어떻게 대처해야 되는지 책을 어 참고해서 그것들을 하나하나씩 실행을 해보고 있습니다. 그렇게 하니 제가 어 스트레스가 많이 줄어들어서 아이와 남편과 또 일을 할 때 제 마음을 조절하는 상태에서 제 마음이 안정적으로 어 유지가 되는 것을 느끼게 되었고 그 삶의 질이 높아지는 것을 경험했습니다.","wordCount":196},"emotion":[],"intent":[{"text":"","expression":"","category":"attitude"}],"summary":{"text":"업무가 바빠서 마음 읽기 라는 책을 읽습니다. 제가 감정에 대해 인지하지 못하는 것들을 조절하기 위해서 마음을 읽어주고 소리를 듣고 제 자신을 사랑하는 방법에 대해 제가 많이 느끼고 행동할 수 있도록 하고 있습니다. 그 책을 읽으면서 틈날 때마다 메모를 해서 감정들을 알 수 있도록 메모를 하는 습관을 가지게 되었고 그것을 실행해 보니 스트레스가 많이 줄어들어 제 마음이 안정적으로 유지가 되는 것을 느겼습니다.","wordCount":61}}},"rawDataInfo":{"question":{"fileFormat":"wav","fileSize":564558,"duration":17640,"samplingBit":16,"channelCount":1,"samplingRate":"16kHz","audioPath":"/Mock/03.PublicService/Female/Experienced/ckmk_q_ps_f_e_236964.wav"},"answer":{"fileFormat":"wav","fileSize":3819598,"duration":119360,"samplingBit":16,"channelCount":1,"samplingRate":"16kHz","audioPath":"/Mock/03.PublicService/Female/Experienced/ckmk_a_ps_f_e_236964.wav"}}}