{"version":"1.0","dataSet":{"info":{"date":"20230116","occupation":"PS","channel":"MOCK","place":"ONLINE","gender":"FEMALE","ageRange":"55-","experience":"EXPERIENCED"},"question":{"raw":{"text":"지원자분께서는 어떠한 문제에 부딪쳤다고 했을 때 혼자서 혹은 스스로 그 문제를 해결하려고 하는 편이신지 아니면 여러 사람들에게 본인의 문제에 대해서 이야기를 하는 편인지 궁금합니다","wordCount":24},"emotion":[],"intent":[]},"answer":{"raw":{"text":"저는 어떤 문제에 부딪쳤을 때 혼자 해결하는 편은 아닙니다. 그렇다고 또 여러 많은 사람들에게 이야기를 하는 편도 아닙니다. 그 문제가 어떤 문제냐에 따라서 다르겠는데요. 아 고민을 한 한참 해 봅니다. 이 문제를 내가 해결을 할 수 있다면 아 저 혼자 해결을 하는 게 맞구요. 그런데 이 문제를 저 혼자 해결을 할 수 없고 다른 사람의 도움이 필요하다 그러면 그때 이야기를 하는 것이 맞다고 봅니다. 그런데 그러다 보면 어떤 문제에 부딪쳤을 때 너무 괴로울 때가 있습니다. 하지만 또 시간이 가고 그러다 보면 해결이 그냥 되버리는 경우가 있어요. 그럴 때 아 주위 사람들한테 가끔 이야기를 했 합니다. 내가 이러이러한 문제가 있었는데 어떻게 해결을 했어 라고 그때 얘기를 하는 게 저는 조금 성향이 좀 편하더라구요. 그런데 해결도 안 된 이야기를 막 하다보면 다른 사람들이 해결해 줄 수 있을 때도 있지만 아 좀 다른 사람들한테 불편감을 주지 않기 위해서 되도록이면 얘기를 하지 않습니다. 왜냐하면 제가 해결할 수 있는 문제겠지요. 어떤 문제라는 건 그래서 되도록이면 제가 해결을 하구요. 어 다른 사람의 도움이 필요할 때에는 꼭 이야기를 합니다. 이 사람이 나에게 쪼끔만 도와주면 나는 이 문제를 해결할 수 있다 라면은 저는 친히 찾아가서 그 이야기를 합니다. 그런데 제가 그 사람한테 가서 그 얘기를 해 봤자 아무 소용이 없을 때는 저 혼자 해결을 하려고 노력을 하는 편입니다. 그러다 보니 저는 다른 사람 부탁을 좀 들어주는 편이고 제 부탁은 잘 안 하는 편으로 흘려가긴 하는데요. 그렇다고 제가 불만이 있는 것은 아닙니다. 그래서 혼자 해결하는 편입니다.","wordCount":227},"emotion":[{"text":"그런데 그러다 보면 어떤 문제에 부딪쳤을 때 너무 괴로울 때가 있습니다.","expression":"n-distress","category":"negative"}],"intent":[{"text":"","expression":"","category":"attitude"}],"summary":{"text":"어떤 문제에 부딪쳤을 때 혼자 해결하는 편은 아닙니다. 다른 사람의 도움이 필요하다면 그때 이야기를 하는 것이 맞다고 봅니다. 그런데 시간이 가고 해결이 그냥 되버리는 경우가 있습니다. 그럴 때 주위 사람들에게 종종 이야기를 합니다. 다른 사람들이 해결해 줄 수 있을 때도 있지만 불편감을 주지 않기 위해서 되도록이면 얘기를 하지 않습니다. 다른 사람이 도움을 필요로 할 때에는 꼭 이야기를 하고, 그 사람한테 가서 이야기를 해 봤지만 아무 소용이 없을 때는 혼자 해결을 하려고 노력합니다.","wordCount":72}}},"rawDataInfo":{"question":{"fileFormat":"wav","fileSize":620878,"duration":19400,"samplingBit":16,"channelCount":1,"samplingRate":"16kHz","audioPath":"/Mock/03.PublicService/Female/Experienced/ckmk_q_ps_f_e_242328.wav"},"answer":{"fileFormat":"wav","fileSize":3847438,"duration":120230,"samplingBit":16,"channelCount":1,"samplingRate":"16kHz","audioPath":"/Mock/03.PublicService/Female/Experienced/ckmk_a_ps_f_e_242328.wav"}}}