{"version":"1.0","dataSet":{"info":{"date":"20230116","occupation":"PS","channel":"MOCK","place":"ONLINE","gender":"FEMALE","ageRange":"35-44","experience":"EXPERIENCED"},"question":{"raw":{"text":"일을 하다 보면 상사와 트러블이 생길 수 있는데요 어 이러한 트러블이 생기는 상황에서 어떻게 하실 건가요 더 혼을 내면 기분이 나쁘시진 않으실까요","wordCount":22},"emotion":[],"intent":[]},"answer":{"raw":{"text":"일을 하다보면 상사와 트러블이 생길 수 있는데 어떻게 할 것인지에 대해서 이야기를 하자면 어 상사들은 어 본인이 가진 경험들과 경력들을 좀 존중을 해야 되고 그렇지만 어 일을 해 온 사람 입장에서 그 사람들의 경험을 소중하게 생각하고 존중을 해야 한다고 생각합니다. 그래서 상사와 트러블이 생길 때는 어 잠시 어 그 자리를 음 피하거나 아니면 부드럽게 대처를 해서 일단 어 듣는 것으로 어 자존심을 건드리지 않고 어 기다린 후에 상사의 마음이 조금 풀어진 상태에서 음 남는 시간에 상의하는 어 느낌으로 상의하는 어조로 제가 어려웠던 부분들을 이야기를 하고 그럴 때는 어떻게 대처를 해야 하는지 어 상의를 해서 조언을 구해야 한다고 생각을 합니다. 왜냐하면 음 상사가 상사와 어 틀어진다면 뭐 회사 생활에 어려움을 겪을 수도 있고 어 계속 봐야 되는 사람인데 어 일 하는 그런 트러블보다 관계가 더 중요하게 생각을 하기 때문에 음 상사와 좋은 관계를 유지해서 도움을 얻는 식으로 도움을 구해 한다고 생각합니다. 그리고 상사에게 혼나서 기분이 나쁘지만 그것들을 제 스스로 해결하고 스트레스를 관리를 해야 한다고 생각합니다. 그래서 어 다른 사람에게 도움을 구하거나 가까운 지인에게 음 고민 상담을 해서 그것들을 어떻게 대처해야 하는지 공감을 받고 또 방안들이 있다면 그것들을 조언을 받을 수 있을 것입니다.","wordCount":181},"emotion":[],"intent":[{"text":"그래서 상사와 트러블이 생길 때는 어 잠시 어 그 자리를 음 피하거나 아니면 부드럽게 대처를 해서 일단 어 듣는 것으로 어 자존심을 건드리지 않고 어 기다린 후에 상사의 마음이 조금 풀어진 상태에서 음 남는 시간에 상의하는 어 느낌으로 상의하는 어조로 제가 어려웠던 부분들을 이야기를 하고 그럴 때는 어떻게 대처를 해야 하는지 어 상의를 해서 조언을 구해야 한다고 생각을 합니다.","expression":"c_confl_mg","category":"personality"}],"summary":{"text":"일을 하다보면 상사와 트러블이 생길 수 있는데 어떻게 할 것인지에 대해서 이야기를 하자면 상사들은 본인이 가진 경험들과 경력들을 존중을 해야 되고 일을 해 온 사람 입장에서 그 사람들의 경험을 소중하게 생각하고 존중을해야 한다고 생각합니다. 상사와 관계가 틀어지면 회사 생활에 어려움을 겪을 수도 있고 계속 봐야 되는 사람인데 관계보다 관계가 더 중요하게 생각을 하기 때문에 좋은 관계를 유지해서 도움을 받아야 합니다.","wordCount":60}}},"rawDataInfo":{"question":{"fileFormat":"wav","fileSize":546638,"duration":17080,"samplingBit":16,"channelCount":1,"samplingRate":"16kHz","audioPath":"/Mock/03.PublicService/Female/Experienced/ckmk_q_ps_f_e_239416.wav"},"answer":{"fileFormat":"wav","fileSize":3808718,"duration":119020,"samplingBit":16,"channelCount":1,"samplingRate":"16kHz","audioPath":"/Mock/03.PublicService/Female/Experienced/ckmk_a_ps_f_e_239416.wav"}}}