{"version":"1.0","dataSet":{"info":{"date":"20230116","occupation":"ARD","channel":"MOCK","place":"ONLINE","gender":"FEMALE","ageRange":"-34","experience":"EXPERIENCED"},"question":{"raw":{"text":"어 현재 읽고 계신 책이 있으신가요 어 있다면 무슨 책인지 어 궁금합니다 왜 그 책을 읽으시는지 이유도 함께 어 말씀해 주십시오","wordCount":21},"emotion":[],"intent":[]},"answer":{"raw":{"text":"지금 읽고 있는 책은 일간 이슬아 수필집입니다. 이 책은 이슬아 작가가 하루하루 매일 장편 수필을 쓴 것을 모아놓은 수필집인데요. 이 책을 읽는 이유는 이십 대 후반에 사회 초년생이고 서울에서 혼자 살고 있는 저와 이슬아 작가님의 어 환경이 비슷하고 그런 부분에서 작가님의 매일매일 쓴 일기를 보는 것이 많이 공감대를 얻고 위로도 얻는 것 같아서 읽고 있습니다. 작가님도 이 글을 쓰기 시작한 것이 매일매일 구독자에게 매일로 자신의 일기를 보냄으로써 구독료를 벌고 그 수입을 위한 것이로 시작했다고 하는데요. 어 사실 저도 지금 어 이제 일을 그만두고 일거리를 찾아서 하루하루 짧은 단기 아르바이트를 하는 것과 하는 것에서도 어 많은 공감을 얻었던 것 같습니다.","wordCount":99},"emotion":[],"intent":[{"text":"이 책을 읽는 이유는 이십 대 후반에 사회 초년생이고 서울에서 혼자 살고 있는 저와 이슬아 작가님의   어 환경이 비슷하고 그런 부분에서 작가님의 매일매일 쓴   일기를 보는 것이 많이 공감대를 얻고 위로도 얻는 것 같아서   읽고 있습니다.","expression":"d_sens","category":"attitude"}],"summary":{"text":"일간 이슬아 수필집인데 매일 쓴 일기를 보는 것이 공감대를 얻고 위로를 받는 것 같아 읽고 있습니다. 작가도 구독자에게 매일 일지를 보냄으로써 구독료를 벌고 수입을 위한 것으로 시작했다고 하는데 저는 단기 아르바이트를 하는 것에서도 공감을 얻었습니다.","wordCount":35}}},"rawDataInfo":{"question":{"fileFormat":"wav","fileSize":540878,"duration":16900,"samplingBit":16,"channelCount":1,"samplingRate":"16kHz","audioPath":"/Mock/06.Design/Female/Experienced/ckmk_q_ard_f_e_172356.wav"},"answer":{"fileFormat":"wav","fileSize":2565518,"duration":80170,"samplingBit":16,"channelCount":1,"samplingRate":"16kHz","audioPath":"/Mock/06.Design/Female/Experienced/ckmk_a_ard_f_e_172356.wav"}}}