{"version":"1.0","dataSet":{"info":{"date":"20230116","occupation":"ARD","channel":"MOCK","place":"ONLINE","gender":"FEMALE","ageRange":"45-54","experience":"EXPERIENCED"},"question":{"raw":{"text":"만약에 지원자님께서 하고 싶은 직무 말고 다른 직무를 맡게 되신다면 어떻게 하시겠습니까 그래도 괜찮으신지 궁금합니다","wordCount":15},"emotion":[],"intent":[]},"answer":{"raw":{"text":"뭐 어떤 거를 말씀하시는 건지 모르겠는데 아니요. 안 해요. 네 안 합니다. 그거는 제 제 어떤 견해 저를 완전 무시하는 태도 아닌가요. 제가 저의 일정 부분에 대해서 어 일을 할 수 있고 그것을 나타내기 위해서 여기에 지원서를 낸 건데 그냥 단순하게 사람이 필요한 거면 저 말고 다른 사람 쓰세요. 저 그래도 상관없고요. 이건 아니죠. 네 이렇게 하시면 안 되죠. 지금 서로 보고 있는 거예요. 제가 을도 아니고요. 음 무슨 생각으로 이런 질문을 하신 건지 모르겠네요. 이게 다른 사람들이 오케이를 했다고 해서 거기에 뭐 우쭐하거나 그러지 않으셨으면 좋겠어요. 굉장히 무례한 지금 제안을 하시는 것 같고 당연히 안 괜찮고요. 다른 사람이 오케이 했다고 해도 그 사람도 안 괜찮아요. 제가 대신 대답해드릴게요. 다 안 괜찮으니까 그런 생각하지 마시고 애초에 맡길 직무를 구하세요.","wordCount":119},"emotion":[],"intent":[{"text":"","expression":"","category":"attitude"}],"summary":{"text":"무례한 제안을 하시는 것 같습니다. 제가 일을 할 수 있고 그것을 나타내기 위해서 여기에 지원서를 낸 건데 단순한 사람이 필요한 거라면 저 말고 다른 사람 쓰라고 해서 우쭐해서는 안 됩니다. 애초에 맡길 직무를 구하세요.","wordCount":34}}},"rawDataInfo":{"question":{"fileFormat":"wav","fileSize":387278,"duration":12100,"samplingBit":16,"channelCount":1,"samplingRate":"16kHz","audioPath":"/Mock/06.Design/Female/Experienced/ckmk_q_ard_f_e_161072.wav"},"answer":{"fileFormat":"wav","fileSize":2878158,"duration":89940,"samplingBit":16,"channelCount":1,"samplingRate":"16kHz","audioPath":"/Mock/06.Design/Female/Experienced/ckmk_a_ard_f_e_161072.wav"}}}