{"version":"1.0","dataSet":{"info":{"date":"20230116","occupation":"ARD","channel":"MOCK","place":"ONLINE","gender":"FEMALE","ageRange":"45-54","experience":"EXPERIENCED"},"question":{"raw":{"text":"스터디를 따로 하고 있는 것이 있나요 있다면 어떤 공부를 어떤 이유에서 하고 있는지도 말씀해 주세요","wordCount":15},"emotion":[],"intent":[]},"answer":{"raw":{"text":"아 저 요즘에 허 그 식물 식물 관련해 가지고 조금 공부하고 있어요. 네 그 저는 아예 잘 몰랐었는데 제가 꽃에 관심을 갖게 되면서 이게 좀 시작하게 됐는데 식물에 대한 앞으로의 전망 이런 것도 있더라고요. 그래서 전세계적으로 뭐 앞으로 이제 뭐 기후 위기다 뭐 식량난 위기다 뭐 이런 식으로 말들이 많고 전망이 밝지가 않은데 고러한 배경에서 아마 나온 것 같기는 해요. 이런 식물에 대한 네 식물을 이제 재배를 하고 가꾸면서 이것들을 이것들로 이제 뭔가 생활을 할 수 있게끔 하는 것들 그래서 그거를 위해서는 아니지만 그냥 전보다 제가 좀 더 자연 친화적인 사람이 되기도 했고 그리고 정말 식물이 좋아서 요즘에 관련해서 어 책도 열심히 읽고 강의도 듣고 하면서 많이 공부를 하고 있어요. 그래서 이거를 조금 나눌 수 있는 소규모 그룹이 있어도 좋을 것 같다는 생각도 듭니다. 네.","wordCount":125},"emotion":[{"text":"네 그   저는 아예 잘 몰랐었는데 제가 꽃에 관심을 갖게 되면서 이게 좀 시작하게 됐는데 식물에 대한   앞으로의 전망 이런 것도 있더라고요.","expression":"p-interest","category":"positive"},{"text":"이런 식물에 대한   네 식물을 이제 재배를 하고 가꾸면서 이것들을 이것들로 이제 뭔가   생활을 할 수 있게끔 하는 것들 그래서 그거를 위해서는 아니지만   그냥 전보다 제가 좀 더 자연 친화적인 사람이 되기도 했고 그리고 정말 식물이 좋아서 요즘에 관련해서 어 책도 열심히 읽고 강의도 듣고 하면서 많이 공부를 하고 있어요.","expression":"p-interest","category":"positive"}],"intent":[{"text":"이런 식물에 대한   네 식물을 이제 재배를 하고 가꾸면서 이것들을 이것들로 이제 뭔가   생활을 할 수 있게끔 하는 것들 그래서 그거를 위해서는 아니지만   그냥 전보다 제가 좀 더 자연 친화적인 사람이 되기도 했고 그리고 정말 식물이 좋아서 요즘에 관련해서 어 책도 열심히 읽고 강의도 듣고 하면서 많이 공부를 하고 있어요.","expression":"c_imp","category":"personality"}],"summary":{"text":"식물을 재배하고 가꾸면서 생활을 할 수 있게 되었습니다. 그래서 전보다 더 자연 친화적인 사람이 되었고 식물에 대해 많이 공부하고 있습니다. 그래서 식물을 나눌 수 있는 소규모 그룹을 만들어도 좋을 것 같습니다.","wordCount":31}}},"rawDataInfo":{"question":{"fileFormat":"wav","fileSize":300878,"duration":9400,"samplingBit":16,"channelCount":1,"samplingRate":"16kHz","audioPath":"/Mock/06.Design/Female/Experienced/ckmk_q_ard_f_e_159122.wav"},"answer":{"fileFormat":"wav","fileSize":2816718,"duration":88020,"samplingBit":16,"channelCount":1,"samplingRate":"16kHz","audioPath":"/Mock/06.Design/Female/Experienced/ckmk_a_ard_f_e_159122.wav"}}}