{"version":"1.0","dataSet":{"info":{"date":"20230116","occupation":"ARD","channel":"MOCK","place":"ONLINE","gender":"FEMALE","ageRange":"35-44","experience":"EXPERIENCED"},"question":{"raw":{"text":"지원자님이 입사를 한 이후에 쉬운 일과 어려운 일이 있을 텐데요 이 일에 대해서 분배를 어떻게 하실 건지 어떻게 나눠서 처리할 생각이신지 궁금합니다","wordCount":22},"emotion":[],"intent":[]},"answer":{"raw":{"text":"쉬운 일부터 하고 싶습니다. 쉬운 일부터 할 겁니다. 네 굳이 어려운 일부터 할 사람이 있을까요 입사 초기라면. 네 입사 초기에 어느 것 하나 모르고 뭐든지 적응하기 바쁜데 쉬운 업무와 어려운 업무가 만약에 동시에 주어진다면 저는 당연히 쉬운 업무부터 깔끔하게 제가 할 수 있는 한 최선을 다해서 깔끔하게 그거를 모두 마무리 지은 뒤에 그 다음에 어려운 업무에 아주 집중적으로 네 공을 드릴 것 같습니다. 왜냐하면 어려운 업무인 걸 알고 주실 거기 때문에 음 쉬운 업무보다는 훨씬 더 많은 시간이 필요할 거라는 생각이 지금 벌써 들어가지구요. 먼저 쉬운 일을 처리하고 그다음에 여기에 공을 들이는 게 순서상으로도 그렇고 어떤 저에 체력상 내가 저에 정신건강상 그게 나올 것 같다는 생각이 듭니다.","wordCount":107},"emotion":[],"intent":[{"text":"","expression":"","category":"attitude"}],"summary":{"text":"입사 초기에 어려운 일부터 먼저 처리하고 어려운 업무에 공을 들이는 게 순서상으로도 그리고 체력상으로나 정신건강상 그게 나올 것 같다는 생각이 듭니다. 어려운 업무에 더 많은 시간을 들여야 하기 때문입니다.","wordCount":29}}},"rawDataInfo":{"question":{"fileFormat":"wav","fileSize":402638,"duration":12580,"samplingBit":16,"channelCount":1,"samplingRate":"16kHz","audioPath":"/Mock/06.Design/Female/Experienced/ckmk_q_ard_f_e_141181.wav"},"answer":{"fileFormat":"wav","fileSize":2663758,"duration":83240,"samplingBit":16,"channelCount":1,"samplingRate":"16kHz","audioPath":"/Mock/06.Design/Female/Experienced/ckmk_a_ard_f_e_141181.wav"}}}