{"version":"1.0","dataSet":{"info":{"date":"20230116","occupation":"ARD","channel":"MOCK","place":"ONLINE","gender":"FEMALE","ageRange":"45-54","experience":"EXPERIENCED"},"question":{"raw":{"text":"지원자님께서 사용하는 앱 중에서 가장 선호하는 앱은 무엇인지 얘기해 주시고요 또 유아이 측면에서 그 앱이 어떤 면이 좋았는지 그 이유도 함께 말씀해 주세요","wordCount":23},"emotion":[],"intent":[]},"answer":{"raw":{"text":"제가 최근에 가장 좋아하는 앱은 아르바이트를 어 소개해주는 그런 앱입니다. 제가 필요로 하는 일을 제가 원하는 기준에 맞춰서 찾아볼 수 있도록 순서대로 어 알려주는 이런 앱이 굉장히 유용하기도 하고 또 한 번씩 확인하면서 그래도 내가 아직 일 할 수 있는 곳이 많이 있구나 이런 생각도 할 수 있어서 좋구요. 또 사용자 인터페이스 측면에서 굉장히 보기 깔끔하게 여러 가지 방식으로 정렬을 해주어서 저는 그 앱을 좋아하는데 제가 가지고 있는 조건을 앱에다가 집어넣으면 그 조건에 맞는 알바 할 수 있는 일거리들이 일 번부터 끝 번까지 순서대로 뜨니까 굉장히 그런 측면에서는 저는 이 만족감이 높습니다. 내가 이 조건을 바꾸면 결과가 달라지는 이런 인터페이스가 제공이 되니까 굉장히 제 조건을 조금씩 바꿔가면서 어떤 일자리가 달라지는지도 확인할 수 있고 굉장히 잘 만들어진 앱이라고 생각됩니다.","wordCount":118},"emotion":[{"text":"또 사용자 인터페이스 측면에서 굉장히 보기 깔끔하게 여러 가지 방식으로 정렬을 해주어서 저는 그 앱을 좋아하는데 제가 가지고 있는 조건을 앱에다가 집어넣으면 그 조건에 맞는 알바 할 수 있는 일거리들이 일 번부터 끝 번까지 순서대로 뜨니까 굉장히 그런 측면에서는 저는 이 만족감이 높습니다.","expression":"p-happiness","category":"positive"}],"intent":[{"text":"","expression":"","category":"attitude"}],"summary":{"text":"최근에 가장 좋아하는 앱은 아르바이트를 추천해 주는 앱입니다. 원하는 기준에 맞춰서 찾을 수 있도록 순서대로 알려주는 앱이 유용하기도 하고, 제가 원하는 조건에 맞는 알바 할 수 있는 일거리들이 일 번부터 끝 번까지 순서대로 뜨니 굉장히 만족감이 높습니다. 굉장히 잘 만들어진 앱이라고 생각됩니다.","wordCount":42}}},"rawDataInfo":{"question":{"fileFormat":"wav","fileSize":600398,"duration":18760,"samplingBit":16,"channelCount":1,"samplingRate":"16kHz","audioPath":"/Mock/06.Design/Female/Experienced/ckmk_q_ard_f_e_247828.wav"},"answer":{"fileFormat":"wav","fileSize":2295758,"duration":71740,"samplingBit":16,"channelCount":1,"samplingRate":"16kHz","audioPath":"/Mock/06.Design/Female/Experienced/ckmk_a_ard_f_e_247828.wav"}}}