{"version":"1.0","dataSet":{"info":{"date":"20230116","occupation":"ARD","channel":"MOCK","place":"ONLINE","gender":"FEMALE","ageRange":"35-44","experience":"EXPERIENCED"},"question":{"raw":{"text":"아 본인이 생각하는 지원자님의 장단점이 아니고 다른 사람이 생각하는 지원자님의 장점과 단점은 뭐라고 생각하시는지요 그 이유도 함께 설명해 주세요","wordCount":19},"emotion":[],"intent":[]},"answer":{"raw":{"text":"저의 장점은 저는 자타 공인하는 체력왕입니다. 제가 정말로 체력이 좋은 편이라서 저는 장기 전에도 정말 자신이 있고요. 남들이 보통 어느정도 하고서 나가 떨어질 정도의 시점이 됐을 때도 저는 거뜬한 편입니다. 저는 뭐 단기로 하는 건 당연히 자신이 있고 장기전일 때는 제가 제일 자신만만한 부분으로서는 인내심 있게 그래서 갈 수 있는 편이고요. 체력이 좋아서 그런지 또 싫증을 덜 내는 편이에요. 제가 그래서 무언가 하나에 빠지거나 좋아하게 되면 굉장히 오래 갑니다. 아마 평균보다 조금 더 오래 가는 것 같아요. 저는 그래서 예전에 친구들이 예전에 이거 좋아했는데 아직도 좋아하냐고 그러면 거의 대부분 지금도 현재 꾸준히 좋아하고 있는 편이 많아서 그런 부분에서 많이들 인정하는 편이고 단점은 음 제가 좀 제가 편식을 해서 그런 부분이 조금 유명한 스타일이라 그게 쪼끔 지금 단점으로 확 떠오릅니다.","wordCount":119},"emotion":[],"intent":[{"text":"","expression":"","category":"attitude"}],"summary":{"text":"체력왕인 저는 자타 공인하는 체력왕입니다. 정말로 체력이 좋아 장기 전에도 자신이 있고 남들이 어느 정도 하고서 나가 떨어질 정도의 시점이 됐을 때도 거뜬합니다. 장기전일 때는 제일 자신만만한 부분으로 인내심 있게 갈 수 있습니다. 체력이 좋아서 그런지 또 싫증을 덜 내는 편이라서 무언가 하나에 빠지거나 좋아하게 되면 굉장히 오래 갑니다.","wordCount":49}}},"rawDataInfo":{"question":{"fileFormat":"wav","fileSize":448078,"duration":14000,"samplingBit":16,"channelCount":1,"samplingRate":"16kHz","audioPath":"/Mock/06.Design/Female/Experienced/ckmk_q_ard_f_e_141175.wav"},"answer":{"fileFormat":"wav","fileSize":2759758,"duration":86240,"samplingBit":16,"channelCount":1,"samplingRate":"16kHz","audioPath":"/Mock/06.Design/Female/Experienced/ckmk_a_ard_f_e_141175.wav"}}}