{"version":"1.0","dataSet":{"info":{"date":"20230116","occupation":"ARD","channel":"MOCK","place":"ONLINE","gender":"FEMALE","ageRange":"-34","experience":"EXPERIENCED"},"question":{"raw":{"text":"협업을 할 때 가장 중요시 여기는 부분이 있나요 있다면 무엇인지와 그 이유도 말씀해 주세요","wordCount":14},"emotion":[],"intent":[]},"answer":{"raw":{"text":"협업할 때는 어 구성원의 어떤 인원 수와 구성 수와 그리고 그 구성원들이 맡고 있는 어떤 그 역할들이 있잖아요. 그런 게 고르게 분배되었는지를 중요하게 생각하는 편입니다. 일단은 협업을 할 때 음 그 어떤 파트의 전문 분야인 사람이 세 명 이상이면은 조금 산으로 가는 경향이 많더라고요. 그래서 저는 그 협업을 하는 구성원 안에서 각자가 이제 맡아야 되는 역할들이 좀 지나치지 않게 분배돼야 된다 고 생각을 하고 그래야 좀 프로젝트가 어 순조롭게 진행을 할 수 있다 고 생각이 듭니다. 그리고 구성원 같은 경우도 좀 감당하기 힘들 정도로 인원이 많아지게 되면 결국 손을 놓게 되는 사람이 생기고 혹은 일부러 안 하려고 하는 사람도 생기거든요. 그런데 그거를 직장이다 보니까 뭔가 뚜렷하게 누군가한테 책임을 묻는 게 애매해지는 순간들이 오더라구요. 그러면은 사실 협업을 하는 이유가 있는데 오히려 마이너스로 작용되는 경우가 많아서 항상 그 서로의 인원 수를 좀 고려해서 어 구성해야 한다 고 생각합니다.","wordCount":136},"emotion":[],"intent":[{"text":"그러면은 사실 협업을 하는 이유가 있는데 오히려 마이너스로 작용되는 경우가 많아서 항상 그 서로의 인원 수를 좀 고려해서 어 구성해야 한다 고 생각합니다.","expression":"c_cop","category":"personality"}],"summary":{"text":"협업할 때는 구성원의 인원 수와 구성 수, 그리고 각 구성원들이 맡고 있는 역할이 고르게 분배되었는지를 중요하게 생각합니다. 세 명 이상이면 산으로 가는 경향이 많은데 그럴 경우 오히려 마이너스로 작용되는 경우가 많아서 항상 서로의 인원 수를 좀 고려해서 구성해야 한다고 생각합니다.","wordCount":40}}},"rawDataInfo":{"question":{"fileFormat":"wav","fileSize":288078,"duration":9000,"samplingBit":16,"channelCount":1,"samplingRate":"16kHz","audioPath":"/Mock/06.Design/Female/Experienced/ckmk_q_ard_f_e_194566.wav"},"answer":{"fileFormat":"wav","fileSize":2894158,"duration":90440,"samplingBit":16,"channelCount":1,"samplingRate":"16kHz","audioPath":"/Mock/06.Design/Female/Experienced/ckmk_a_ard_f_e_194566.wav"}}}