{"version":"1.0","dataSet":{"info":{"date":"20230116","occupation":"ARD","channel":"MOCK","place":"ONLINE","gender":"FEMALE","ageRange":"35-44","experience":"EXPERIENCED"},"question":{"raw":{"text":"디자인을 굉장히 여러 개 많은 작품을 하셨는데요 그 본인이 디자인할 때 주로 디자인 영감은 어디에서 받는지 그걸 받아서 어떻게 활용을 하는지 그것을 한번 자세하게 설명해 주시기를 바랍니다","wordCount":27},"emotion":[],"intent":[]},"answer":{"raw":{"text":"어디서 영감을 받냐고요. 그런데 그건 정말 정해져 있지 않아요. 정말 매번 다르고 음 작품의 내용과 그리고 내용에서 안 오도록 안 온다면 제작진의 의도 그리고 그게 어렵다면 구성원의 어떤 이미지 되게 여러 가지들이 있구요 그 힘을 받을 수 있는 어떤 요소들은. 그리고 그런 것들이 있으면 이제 그 다음에 어 제 상상들을 구체화시킬 레퍼런스를 찾는데 이제 몰두를 하죠. 그런데 그런 거로 치면 저는 음악이나 자연에서 조금 얻는 것 같아요 고런 것들 레퍼런스들을. 그래서 정말 너무너무 뭐 많은 만 가지의 다양함이 있기 때문에 딱 뭐 저는 주로 어디입니다 그러니까 주로 라는 게 자체가 없어요. 그래서 네 그런 것 같습니다.","wordCount":96},"emotion":[],"intent":[{"text":"","expression":"","category":"attitude"}],"summary":{"text":"작품의 내용과 내용에서 안 온다면 제작진 의도, 어렵다면 구성원의 이미지, 힘을 받을 수 있는 요소, 상상들을 구체화시킬 레퍼런스를 찾는데 음악이나 자연에서 약간 얻는 것 같습니다. ","wordCount":25}}},"rawDataInfo":{"question":{"fileFormat":"wav","fileSize":613838,"duration":19180,"samplingBit":16,"channelCount":1,"samplingRate":"16kHz","audioPath":"/Mock/06.Design/Female/Experienced/ckmk_q_ard_f_e_179741.wav"},"answer":{"fileFormat":"wav","fileSize":2778318,"duration":86820,"samplingBit":16,"channelCount":1,"samplingRate":"16kHz","audioPath":"/Mock/06.Design/Female/Experienced/ckmk_a_ard_f_e_179741.wav"}}}