{"version":"1.0","dataSet":{"info":{"date":"20230116","occupation":"ARD","channel":"MOCK","place":"ONLINE","gender":"FEMALE","ageRange":"45-54","experience":"EXPERIENCED"},"question":{"raw":{"text":"동물 실험이 인간에게 주는 이익에 대해서 말씀해 보세요 그리고 동물 실험에 대한 지원자님의 생각은 어떠신지 말씀해 보세요","wordCount":17},"emotion":[],"intent":[]},"answer":{"raw":{"text":"이익은 글쎄요 뭐 안전함 뭐 위험함 이런 거는 당연할 거고 이 이익이요 더 뭔가 많아진 더 다양해진 새로운 동물 실험 그런 걸까요 아 정말 최악이라고 생각을 합니다. 네 어떻게 지금 이십 일 세기에도 너무나 태연하게 이것들이 계속해서 유지가 되고 벌어지고 있는지 우리는 좀 문제가 있어요. 네 우리 인간 자체는 너무 잔인해요. 그래서 저는 벌 받을 것 같애요. 어떻게 이렇게 우리를 위해서만 다른 존재들 동물들을 죽입니까. 네 말이 안 되잖아요. 지금도 이 인간이 주 인간에게 주는 이익이라고 하시는데 이미 그게 깔려있는 거에 질문이기 때문에 정말 소름 끼치고 참 무서운 존재라고 생각합니다 인간은.","wordCount":91},"emotion":[],"intent":[{"text":"","expression":"","category":"attitude"}],"summary":{"text":"동물실험은 안전함, 위험함 뿐만 아니라 다양해진 동물실험이라 할 수 있습니다. 인간은 너무 잔인해서 벌 받을 것 같습니다. 지금까지 인간이 인간에게 주는 이익이라고 하시는 것이 깔려있는 질문이기 때문에 소름 끼치며 무서운 존재라고 생각합니다.","wordCount":32}}},"rawDataInfo":{"question":{"fileFormat":"wav","fileSize":474958,"duration":14840,"samplingBit":16,"channelCount":1,"samplingRate":"16kHz","audioPath":"/Mock/06.Design/Female/Experienced/ckmk_q_ard_f_e_159116.wav"},"answer":{"fileFormat":"wav","fileSize":2865998,"duration":89560,"samplingBit":16,"channelCount":1,"samplingRate":"16kHz","audioPath":"/Mock/06.Design/Female/Experienced/ckmk_a_ard_f_e_159116.wav"}}}