{"version":"1.0","dataSet":{"info":{"date":"20230116","occupation":"ARD","channel":"MOCK","place":"ONLINE","gender":"FEMALE","ageRange":"45-54","experience":"EXPERIENCED"},"question":{"raw":{"text":"지원자님이 과거 프로젝트를 수행했던 경험이 있는지 궁금합니다 있다면 프로젝트 내에서 어떤 역할을 했는지 구체적으로 말씀해 주세요","wordCount":16},"emotion":[],"intent":[]},"answer":{"raw":{"text":"음 저는 대학원에 있을 때 그 한 종일 전체에 제 프로젝트를 진행을 하면서 그 그 의사소통과 커뮤니케이션 그리고 전체적인 기획늘 기획을 제 관리하는 매니지먼트도 함께 진행을 했었는데요. 그래서 한국에에서 디자인 리서치 업무의 내용 뿐만 아니라 일본과 중국과에 그 프로젝트를 진행하는 매니지먼트에 업무를 하면서 어 다양한 사람들과 그리고 많은 사람들과 같이 프로젝 프로젝트를 수행하는 그 경험치들이 어떻게 해야지 좀 더 효율적일 수 있는가를 많이 고민했던 시간들을 가져봤습니다. 그래서 프로젝트에 대한 매니지먼트도 진행을 해봤고 그리고 대표로서도 진행을 해 봤기 때문에 어 제 역할은 쫌 더 그 확장적으로 할 수 있다고 생각됩니다.","wordCount":89},"emotion":[],"intent":[{"text":"그래서 한국에에서 디자인 리서치 업무의 내용 뿐만 아니라   일본과 중국과에 그 프로젝트를 진행하는 매니지먼트에 업무를 하면서   어 다양한 사람들과 그리고 많은 사람들과 같이 프로젝 프로젝트를 수행하는 그   경험치들이 어떻게 해야지 좀 더 효율적일 수 있는가를 많이 고민했던   시간들을 가져봤습니다.","expression":"d_dgn_proc","category":"technology"}],"summary":{"text":"저는 대학원에 있을 때 일본과 중국에 대한 프로젝트 매니지먼트 업무를 하면서 다양한 사람들과 프로젝트를 수행하는 경험치들이 어떻게 해야 효율적인지 고민했습니다. 프로젝트에 대한 매니지먼트를 했고 대표로서도 진행을 해 봤기 때문에 제 역할은 확장적이라고 생각됩니다.","wordCount":33}}},"rawDataInfo":{"question":{"fileFormat":"wav","fileSize":439118,"duration":13720,"samplingBit":16,"channelCount":1,"samplingRate":"16kHz","audioPath":"/Mock/06.Design/Female/Experienced/ckmk_q_ard_f_e_109456.wav"},"answer":{"fileFormat":"wav","fileSize":2115278,"duration":66100,"samplingBit":16,"channelCount":1,"samplingRate":"16kHz","audioPath":"/Mock/06.Design/Female/Experienced/ckmk_a_ard_f_e_109456.wav"}}}