{"version":"1.0","dataSet":{"info":{"date":"20230116","occupation":"ARD","channel":"MOCK","place":"ONLINE","gender":"FEMALE","ageRange":"-34","experience":"EXPERIENCED"},"question":{"raw":{"text":"지원자님이 협업을 할 때 가장 중요하게 생각하시는 것은 어떤 것일까요 왜 그걸 중요하게 생각하시는지도 한번 말씀해 주세요","wordCount":17},"emotion":[],"intent":[]},"answer":{"raw":{"text":"협업을 할 때 가장 중요한 것은 유연한 사고 방식이라고 생각합니다. 우리 부서가 매번 어떤 팀과 어떤 프로젝트로 어떤 내용으로 협업을 할지 항상 알 수 없기 때문에 그 프로젝트에 대한 이해 면에서도 유연한 사고 방식이 필요하고 특히나 커뮤니케이션에서 유연한 사고방식이 필요할 것 같습니다. 상대 팀에서는 어떤 연령에 어떤 생각을 가진 팀원분들이 함께 협업을 할지 모르기 때문에 그런 커뮤니케이션의 오류라든지 불화에서 유연한 사고 방식으로 이해하고 인정하고 그것을 풀어나갈 수 있는 능력으로서 유연한 사고 방식이 가장 중요한 것 같습니다.","wordCount":76},"emotion":[],"intent":[{"text":"협업을 할 때 가장 중요한 것은 유연한 사고 방식이라고 생각합니다.","expression":"c_cop","category":"personality"},{"text":"우리 부서가 매번 어떤 팀과 어떤 프로젝트로 어떤 내용으로 협업을 할지 항상   알 수 없기 때문에 그 프로젝트에 대한 이해 면에서도 유연한 사고 방식이 필요하고 특히나 커뮤니케이션에서 유연한 사고방식이 필요할 것 같습니다.","expression":"c_cop","category":"personality"},{"text":"상대 팀에서는 어떤 연령에 어떤 생각을 가진   팀원분들이 함께 협업을 할지 모르기 때문에 그런 커뮤니케이션의   오류라든지 불화에서 유연한 사고 방식으로 이해하고 인정하고 그것을   풀어나갈 수 있는 능력으로서 유연한 사고 방식이 가장 중요한 것 같습니다.","expression":"c_cop","category":"personality"}],"summary":{"text":"협업을 할 때 가장 중요한 것은 유연한 사고 방식입니다. 부서가 어떤 팀과 어떤 내용으로 협업할지 알 수 없기 때문에 커뮤니케이션의 오류나 불화를 유연한 사고로 이해하고 그것을 풀어나갈 수 있는 능력입니다.","wordCount":30}}},"rawDataInfo":{"question":{"fileFormat":"wav","fileSize":393678,"duration":12300,"samplingBit":16,"channelCount":1,"samplingRate":"16kHz","audioPath":"/Mock/06.Design/Female/Experienced/ckmk_q_ard_f_e_172353.wav"},"answer":{"fileFormat":"wav","fileSize":1850958,"duration":57840,"samplingBit":16,"channelCount":1,"samplingRate":"16kHz","audioPath":"/Mock/06.Design/Female/Experienced/ckmk_a_ard_f_e_172353.wav"}}}