{"version":"1.0","dataSet":{"info":{"date":"20230116","occupation":"ARD","channel":"MOCK","place":"ONLINE","gender":"FEMALE","ageRange":"35-44","experience":"EXPERIENCED"},"question":{"raw":{"text":"만약 시간이 촉박한 상황이 생긴다면 그때 지원자님은 시간 관리를 어떻게 하시나요 지원자님의 시간 관리법을 말씀해 주세요","wordCount":16},"emotion":[],"intent":[]},"answer":{"raw":{"text":"네 일단은 디자인을 할 때도 우리가 마감 기한이라는 게 있습니다. 어떤 디자인 프로젝트를 진행을 하는데 어 개인 작업 같은 경우에는 영감이 생각날 때 그때그때 작업을 하고 시간 기한은 본인이 설정하는 게 있는데요. 하지만 아무래도 디자이너로서 어떤 회사나 소속에 있어서 업무를 하다 보면 그 기한이 결정되어 있는 경우가 많습니다. 어 그렇기 때문에 저는 그 디자인을 하는 데 있어서도 아 저만의 디자인을 통해서 어 기술을 개발하고 또 업무적인 역량을 높이는 것도 중요하지만 시간 관리도 정말 중요하다고 생각을 합니다. 그 시간을 잘 관리를 해야만 그 디자이너로서의 작품이 나오고 또 회사에서도 그걸 통해서 다른 작업을 할 수 있기 때문인데요. 어 그래서 저는 조금 미리미리 생각을 하는 편입니다. 어 어떤 프로젝트가 있으면 당장 닥쳐서 그것 디자인을 개발하는 것보다는 평상시에 좀 포트폴리오를 많이 만들어 놓으려고 하는데요. 어 개인 별로 뭐 제가 아이디어가 있다면 그것들을 서술해 놓거나 아니면 좋은 작품들을 이제 스킵을 해 놓고 나중에 추후에 그걸 영감을 통해서 어 디자인을 할 수 있게 많이 해 놓는 편이고요. 그래서 평상시에 업무 시간 외에는 어 제가 개인 어 그런 파일들을 만들어서 나중에 활용할 수 있게 노력을 하는 편인 것 같습니다.","wordCount":172},"emotion":[],"intent":[{"text":"","expression":"","category":"attitude"}],"summary":{"text":"디자인 작업을 할 때도 마감 기한이 있습니다. 개인 작업의 경우 영감이 생각날 때 그때그때 작업을 하고 시간 기한은 본인이 설정하지만, 업무를 하다 보면 기한이 결정되어 있는 경우가 많습니다. 그래서 디자인에도 시간 관리도 중요하다고 생각합니다. 그래서 저는 평상시에 포트폴리오를 많이 만들어 놓으려고 하며, 업무 시간 외에는 개인 파일을 만들어 나중에 활용할 수 있게 노력합니다.","wordCount":53}}},"rawDataInfo":{"question":{"fileFormat":"wav","fileSize":442958,"duration":13840,"samplingBit":16,"channelCount":1,"samplingRate":"16kHz","audioPath":"/Mock/06.Design/Female/Experienced/ckmk_q_ard_f_e_135465.wav"},"answer":{"fileFormat":"wav","fileSize":2878798,"duration":89960,"samplingBit":16,"channelCount":1,"samplingRate":"16kHz","audioPath":"/Mock/06.Design/Female/Experienced/ckmk_a_ard_f_e_135465.wav"}}}