{"version":"1.0","dataSet":{"info":{"date":"20230116","occupation":"ARD","channel":"MOCK","place":"ONLINE","gender":"FEMALE","ageRange":"-34","experience":"EXPERIENCED"},"question":{"raw":{"text":"본인이 전공한 것 외에 좀 수준급의 실력으로 어 노력한 것이 있다면 그게 무엇인지 궁금하구요 어 그 분야가 전공과 관련해서 어떤 도움을 줬는지도 궁금합니다","wordCount":23},"emotion":[],"intent":[]},"answer":{"raw":{"text":"네 저는 사진 찍는 것에 관심이 많아서 대학생 때 사진 동아리 활동을 했습니다. 처음에는 어 좋은 카메라가 없이 핸드폰 카메라로 촬영하고 사진을 라이트 룸 이라는 프로그램을 사용해서 보정하는 연습을 했지만 더욱 사진에 욕심이 나서 아르바이트를 통해 어 카메라도 구입하고 또 필름 카메라도 구입해서 더 많는 사진 분야에서의 실력을 키웠습니다. 어 사진이 인테리어 디자인과 어떻게 보면 크게 관련이 있는 듯하기도 하고 없는 듯하기도 하지만 대학생 때 인테리어 디자인 쓰리디 프로그램을 하고 그것이 실사는 아니지만 실제 사진처럼 라이트룸이라는 프로그램을 통해서 보정을 했더니 더 좋은 결과물을 얻을 수 있었습니다.","wordCount":86},"emotion":[],"intent":[{"text":"네 저는 사진 찍는 것에 관심이 많아서 대학생 때 사진 동아리 활동을 했습니다.","expression":"c_private","category":"background"},{"text":"어 사진이 인테리어 디자인과 어떻게 보면   크게 관련이 있는 듯하기도 하고 없는 듯하기도 하지만 대학생 때   인테리어 디자인 쓰리디 프로그램을 하고 그것이 실사는 아니지만 실제 사진처럼 라이트룸이라는 프로그램을   통해서 보정을 했더니 더 좋은 결과물을 얻을 수 있었습니다.","expression":"d_express","category":"attitude"}],"summary":{"text":"저는 대학생 때 사진 동아리 활동을 했습니다. 처음에는 카메라로 촬영하고 보정하는 연습을 했지만 아르바이트를 통해 더 많은 사진 분야에서의 실력을 키웠습니다. 대학생 때 인테리어 디자인 쓰리디 프로그램을 하고 그 사진처럼 보정을 했더니 더 좋은 결과물을 얻었습니다.","wordCount":36}}},"rawDataInfo":{"question":{"fileFormat":"wav","fileSize":604238,"duration":18880,"samplingBit":16,"channelCount":1,"samplingRate":"16kHz","audioPath":"/Mock/06.Design/Female/Experienced/ckmk_q_ard_f_e_172354.wav"},"answer":{"fileFormat":"wav","fileSize":2008398,"duration":62760,"samplingBit":16,"channelCount":1,"samplingRate":"16kHz","audioPath":"/Mock/06.Design/Female/Experienced/ckmk_a_ard_f_e_172354.wav"}}}