{"version":"1.0","dataSet":{"info":{"date":"20230116","occupation":"ARD","channel":"MOCK","place":"ONLINE","gender":"FEMALE","ageRange":"-34","experience":"EXPERIENCED"},"question":{"raw":{"text":"현대인은 평균적으로 하루 세 번의 거짓말을 하고 산다고 하죠 지원자님께서는 내가 해본 거짓말 중에서 어떤 거짓말이 가장 인상 깊게 남아 있습니까","wordCount":21},"emotion":[],"intent":[]},"answer":{"raw":{"text":"음 가장 기억에 남는 거짓말은 가장 제가 많이 하는 거짓말인 것 같습니다. 특정한 시기와 상황이 떠오르는 것은 아니고 가장 많이 하는 거짓말은 안 괜찮은데 괜찮다고 말하는 것인 것 같습니다. 음 그게 꼭 안 괜찮데 괜찮다 라는 것이 큰 범위로서 이고 말이고 작게는 예를 들면 아픈데 안 아프다고 하는 거 피곤한데 피곤하지 않다고 하는 거 그런 것들이 다 괜찮지 않지만 괜찮다고 하는 부류의 거짓말인 것 같습니다. 이런 거짓말은 상대방을 편하게 하기 위해서 걱정을 끼치지 끼치고 싶지 않아서 하는 선의의 거짓말이지만 가끔은 솔직하게 그런 것을 털어놓을 수 있는 것도 필요할 것 같습니다.","wordCount":90},"emotion":[],"intent":[{"text":"","expression":"","category":"attitude"}],"summary":{"text":"가장 기억에 남는 거짓말은 안 괜찮은데 괜찮다고 말하는 것입니다. 이는 큰 범위와 작게는 불편한데 안 불편하다는 것 등입니다. 상대방을 편하게 하기 위해 하는 선의의 거짓말이지만 가끔은 솔직하게 털어놓을 수도 필요할 것 같습니다.","wordCount":32}}},"rawDataInfo":{"question":{"fileFormat":"wav","fileSize":416078,"duration":13000,"samplingBit":16,"channelCount":1,"samplingRate":"16kHz","audioPath":"/Mock/06.Design/Female/Experienced/ckmk_q_ard_f_e_172361.wav"},"answer":{"fileFormat":"wav","fileSize":2238798,"duration":69960,"samplingBit":16,"channelCount":1,"samplingRate":"16kHz","audioPath":"/Mock/06.Design/Female/Experienced/ckmk_a_ard_f_e_172361.wav"}}}