{"version":"1.0","dataSet":{"info":{"date":"20230116","occupation":"ARD","channel":"MOCK","place":"ONLINE","gender":"FEMALE","ageRange":"45-54","experience":"EXPERIENCED"},"question":{"raw":{"text":"후보자님이 좋아하는 혹은 존경하는 디자이너가 있다면 어 그분은 누구이신지 또 그분의 어떤 점을 좀 닮고 싶은지 벤치마킹을 하고 싶은지 이유에 대해서 설명해 주시기 바랍니다","wordCount":24},"emotion":[],"intent":[]},"answer":{"raw":{"text":"저는 개인적으로 르메르를 굉장히 좋아하구요. 사실 존경까지는 좀 존경한다 라고 말할 수 있는 사람은 사실 없고 팬심으로 좋아하고 있고 굉장히 그 브랜드를 좋아해요. 어 일단은 되게 베이직한 어떤 그런 스타일들을 좋아하는데 우연히 보게 됐었고 되게 거의 대부분 요즘에 이제 그런 스타일에 유행이 돈다 하면은 처음에는 거의 그 디자이너가 있더라구요. 그래서 그 디자이너를 중심으로 흘러가지 않을까 그 스타일은 그렇게 생각을 하고 있고 어떤 제가 취하고 싶은 삶의 태도와도 좀 연결돼 있는 디자인입니다.","wordCount":71},"emotion":[],"intent":[{"text":"어 일단은 되게 베이직한 어떤 그런 스타일들을 좋아하는데 우연히 보게 됐었고   되게 거의 대부분 요즘에 이제 그런 스타일에   유행이 돈다 하면은 처음에는 거의 그 디자이너가 있더라구요.","expression":"d_trendy","category":"technology"},{"text":"그래서 그 디자이너를 중심으로 흘러가지 않을까 그 스타일은 그렇게 생각을 하고 있고 어떤   제가 취하고 싶은 삶의 태도와도 좀 연결돼 있는 디자인입니다.","expression":"d_trendy","category":"technology"}],"summary":{"text":"르메르를 팬심으로 좋아하고 그 브랜드는 베이직한 스타일들을 좋아하는데 최근에는 디자이너가 있더군요. 그 디자이너를 중심으로 흘러가지 않을까 생각합니다.","wordCount":17}}},"rawDataInfo":{"question":{"fileFormat":"wav","fileSize":512078,"duration":16000,"samplingBit":16,"channelCount":1,"samplingRate":"16kHz","audioPath":"/Mock/06.Design/Female/Experienced/ckmk_q_ard_f_e_148555.wav"},"answer":{"fileFormat":"wav","fileSize":1632078,"duration":51000,"samplingBit":16,"channelCount":1,"samplingRate":"16kHz","audioPath":"/Mock/06.Design/Female/Experienced/ckmk_a_ard_f_e_148555.wav"}}}