{"version":"1.0","dataSet":{"info":{"date":"20230116","occupation":"ARD","channel":"MOCK","place":"ONLINE","gender":"FEMALE","ageRange":"-34","experience":"EXPERIENCED"},"question":{"raw":{"text":"인력이나 시간 등의 자원이 부족했던 상황에 업무를 끝까지 수행했던 경험이 있으시면 말씀해 주세요 최대한 구체적으로 말씀해 주시길 바랍니다","wordCount":18},"emotion":[],"intent":[]},"answer":{"raw":{"text":"예상했던 거와 전혀 다르면 우선 거기에 맞춰 보도록 부던히 노력을 할 것 같습니다. 사실 우리는 우리가 생각했던 그런 업무 내용이나 강도가 있지만요. 그것을 다 맞춰주는 곳은 저는 없다고 생각을 합니다. 왜냐하면 이 다양한 세상 사람들과 다양한 회사들이 있는데 어찌 저만의 입맛대로 또 살아 갈 수 있을까요. 그러면 너무 좋겠지만 사실 그런 것이 매우 어렵다고 생각을 해서요. 제가 최대한 그 강도에 맞출 거라고 말씀드릴 수 있을 것 같습니다. 그리고 제가 굉장히 원하는 회사였고 그 간절함이 있기 때문에 당연히 맞춰야지 왜냐하면 내가 너무 간절하니까 라는 마인드를 가지고 있어서 에이 몰라 하지 않을래 이렇게 떠나는 일은 없을 것 같고 없을 것 같다가 아닙니다 없다 라고 제가 말씀드릴 수 있을 것 같습니다. 하지만 너무나 말도 안되는 강도다 뭐 예를 들어서 이틀 밤을 새야 되고 뭐 점심시간도 안 주고 화장실 갈 시간도 없다 이런 식으로 극단적이면 회사에 한 번 이야기는 해볼 것 같습니다. 하지만 그런 극단적인 사례가 아니면 제가 최대한 맞춰서 거기에 맞게 일을 할 것 같습니다.","wordCount":152},"emotion":[],"intent":[{"text":"","expression":"","category":"attitude"}],"summary":{"text":"업무 내용이나 강도가 예상과 다르면 최선을 다할 것 같습니다. 하지만 저만의 입맛대로 살아 갈 수 없다고 생각하여 최대한 그 강도에 맞출 것입니다. 그리고 제가 굉장히 원하는 회사였고 그 간절함이 있기 때문에 당연히 맞춰야 한다고 생각합니다. 하지만 극단적인 사례가 아니면 최대한 맞춰서 일을 할 것 같습니니다.","wordCount":45}}},"rawDataInfo":{"question":{"fileFormat":"wav","fileSize":482638,"duration":15080,"samplingBit":16,"channelCount":1,"samplingRate":"16kHz","audioPath":"/Mock/06.Design/Female/Experienced/ckmk_q_ard_f_e_187807.wav"},"answer":{"fileFormat":"wav","fileSize":2359118,"duration":73720,"samplingBit":16,"channelCount":1,"samplingRate":"16kHz","audioPath":"/Mock/06.Design/Female/Experienced/ckmk_a_ard_f_e_187807.wav"}}}