{"version":"1.0","dataSet":{"info":{"date":"20230116","occupation":"ARD","channel":"MOCK","place":"ONLINE","gender":"FEMALE","ageRange":"45-54","experience":"EXPERIENCED"},"question":{"raw":{"text":"지원자분께서는 평소에 검색을 자주 하시는 편이신지 궁금합니다 어떤 검색을 주로 하시는 편이시고 일을 왜 하시고 계시는지에 대해서도 궁금합니다","wordCount":18},"emotion":[],"intent":[]},"answer":{"raw":{"text":"평소에는 검색을 자주 하는 편입니다. 어 특히 그 네이버에서 저희 제품이 어떻게 디자인되어 있는 것들이 잘 표현이 되는지 어 세일즈 포인트 관련된 디자인들이 어 어떤 왜곡적이지 않게 그 회사들이 잘 갖다 쓰고 있는지 그런 것들을 모니터링 하면서 그 제품에 대한 이미지를 훼손하고 있지는 않는지 그런 것들을 네이버에서 검색을 해보고 모니터링을 하고 있습니다.","wordCount":52},"emotion":[],"intent":[{"text":"","expression":"","category":"attitude"}],"summary":{"text":"평소엔 네이버에서 제품 디자인의 왜곡 여부와 세일즈 포인트 디자인의 일관성, 제품 이미지 훼손 여부를 검색해 모니터링을 하고 있습니다.","wordCount":18}}},"rawDataInfo":{"question":{"fileFormat":"wav","fileSize":461198,"duration":14410,"samplingBit":16,"channelCount":1,"samplingRate":"16kHz","audioPath":"/Mock/06.Design/Female/Experienced/ckmk_q_ard_f_e_269986.wav"},"answer":{"fileFormat":"wav","fileSize":1378958,"duration":43090,"samplingBit":16,"channelCount":1,"samplingRate":"16kHz","audioPath":"/Mock/06.Design/Female/Experienced/ckmk_a_ard_f_e_269986.wav"}}}