{"version":"1.0","dataSet":{"info":{"date":"20230116","occupation":"ARD","channel":"MOCK","place":"ONLINE","gender":"FEMALE","ageRange":"45-54","experience":"EXPERIENCED"},"question":{"raw":{"text":"지원자분께서 지금까지 살아오시면서 완전히 새로운 환경에서 한번도 해보지 못했던 일을 맡아서 했던 경험이 있으시다면 그 경험에 대해서 보다 자세히 소개시켜 주세요","wordCount":21},"emotion":[],"intent":[]},"answer":{"raw":{"text":"제가 어릴 때 유학을 갔던 적이 있는데 그때 이제 처음에 말씀드렸던 오랜 직장 생활 한 곳에서 되게 오래 참고 다니다가 이제 결단을 내리고 제가 이제 외국으로 유학을 떠났었는데 그때 이제 아무래도 외국어에 서툴다 보니깐 제가 일을 이제 구할려고 거기서 이제 아르바이트로 지원했었던 일이 있었는데 제가 그 아마 언어의 그 한계 때문에 오류가 있었던 것 같은데 완전히 다른 일을 한 적이 있었어요. 그래서 저는 사실 와인을 판매하는 그 가게에서 일을 하려고 했었던 거였는데 그 통보가 왔던 주소를 찾아가는데 생각보다 거리가 먼 거예요. 그래 가지고 왜 이렇게 멀지 라고 그냥 외국이니까 별 생각 없이 갔었는데 와인 농장이더라고요. 그래가지고 거기서 갑자기 포도주를 만드는 걸 배웠었어요. 그래서 그때는 말을 잘 못하니까 그냥 채용됐다고 하니까. 그때 꽤 오랜 시간 일했었던 일이 있습니다.","wordCount":117},"emotion":[],"intent":[{"text":"제가 어릴 때 유학을 갔던 적이 있는데 그때 이제 처음에 말씀드렸던 오랜 직장 생활 한 곳에서 되게 오래 참고 다니다가   이제 결단을 내리고 제가 이제 외국으로 유학을 떠났었는데 그때 이제 아무래도 외국어에 서툴다 보니깐   제가 일을 이제 구할려고 거기서 이제 아르바이트로 지원했었던 일이 있었는데   제가 그 아마 언어의 그 한계 때문에   오류가 있었던 것 같은데 완전히 다른 일을 한 적이 있었어요.","expression":"c_private","category":"background"}],"summary":{"text":"제가 어릴적 직장 생활을 한 곳에서 오래 참고 다니다가 결단을 내리고 외국으로 유학을 떠나버렸는데, 그때 아르바이트로 지원했던 일이 언어의 한계 때문에 오류가 있었던 것 같은데 완전히 다른 일을 한 적이 있습니다. 와인 농장에서 일을 하면서 포도주를 만드는 것을 배웠고 꽤 오랜 시간 일했었던 일이 있었습니다.","wordCount":45}}},"rawDataInfo":{"question":{"fileFormat":"wav","fileSize":574158,"duration":17940,"samplingBit":16,"channelCount":1,"samplingRate":"16kHz","audioPath":"/Mock/06.Design/Female/Experienced/ckmk_q_ard_f_e_156676.wav"},"answer":{"fileFormat":"wav","fileSize":2637518,"duration":82420,"samplingBit":16,"channelCount":1,"samplingRate":"16kHz","audioPath":"/Mock/06.Design/Female/Experienced/ckmk_a_ard_f_e_156676.wav"}}}