{"version":"1.0","dataSet":{"info":{"date":"20230116","occupation":"ARD","channel":"MOCK","place":"ONLINE","gender":"FEMALE","ageRange":"-34","experience":"EXPERIENCED"},"question":{"raw":{"text":"네 현대 사회에 많은 직업들이 있는데요 어 그중에서 없어서는 안 될 가장 중요하다고 생각하시는 직업을 한 가지만 골라서 한번 말씀해 주시겠습니까","wordCount":21},"emotion":[],"intent":[]},"answer":{"raw":{"text":"현대사회에서 없어서는 안 될 가장 중요하다고 생각하는 직업은 저는 예술 분야라고 생각이 듭니다. 이미 너무나 많은 것들이 기계와 에이아이로 대체가 됐고 사람보다는 그런 사람이 아닌 존재에 의해서 우리는 많은 혜택을 받고 있습니다. 하지만 혜택을 받을 수 없는 것 하나가 바로 예술이라고 생각을 하는데요. 예술은 편리성을 주는 게 아닙니다. 이 사람의 감정을 어루만져주고 이 사람의 감정을 이끌어내는 굉장히 섬세하고 누군가가 따라하기조차 어려운 분야라고 생각을 하는데요. 이것은 굉장히 미래에는 더욱더 각광을 받지 않을까 라는 생각이 듭니다. 어느 정도 기술적인 부분은 들어는 가겠죠. 뭐 예를 들어서 지금도 포토샵 작업도 있고 엔에프티라고 해서 그런 커뮤니티도 있으니까요. 하지만 제가 말씀드리고 싶은 거는 그런 사람의 섬세한 감정을 어루만지고 보다듬어 주는 것은 로봇이 대처할 수 없다. 그래서 미래에는 이런 예술 분야 쪽 직업이 굉장히 각광받고 너무나도 중요할 것이다. 현대 사회 뿐만이 아니라 미래의 사회에서는 정말 대처될 수 없는 직업 중 하나다 라고 생각을 합니다.","wordCount":137},"emotion":[],"intent":[{"text":"하지만 제가 말씀드리고 싶은 거는 그런 사람의 섬세한 감정을 어루만지고 보다듬어 주는 것은 로봇이 대처할 수 없다.","expression":"c_value","category":"background"}],"summary":{"text":"예술 분야는 현대사회에서 가장 중요한 직업이라고 생각합니다. 예술은 편리성을 주는 게 아니라 사람의 감정을 어루만져주고 감정을 이끌어내는 굉장히 섬세하고 누군가가 따라하기조차 어려운 분야라고 생각합니다. 사람의 섬세한 감정은 로봇이 대처할 수 없기 때문에 미래에는 이런 예술 분야 쪽 직업이 굉장히 중요해질 것입니다.","wordCount":41}}},"rawDataInfo":{"question":{"fileFormat":"wav","fileSize":473678,"duration":14800,"samplingBit":16,"channelCount":1,"samplingRate":"16kHz","audioPath":"/Mock/06.Design/Female/Experienced/ckmk_q_ard_f_e_188152.wav"},"answer":{"fileFormat":"wav","fileSize":2329678,"duration":72800,"samplingBit":16,"channelCount":1,"samplingRate":"16kHz","audioPath":"/Mock/06.Design/Female/Experienced/ckmk_a_ard_f_e_188152.wav"}}}