{"version":"1.0","dataSet":{"info":{"date":"20230116","occupation":"ARD","channel":"MOCK","place":"ONLINE","gender":"FEMALE","ageRange":"-34","experience":"EXPERIENCED"},"question":{"raw":{"text":"지원자님께서는 이 분야에 지원하시기 위해 관련된 어떤 노력을 하시곤 했나요 생각나는 대로 말씀 해 주시면 되겠습니다","wordCount":16},"emotion":[],"intent":[]},"answer":{"raw":{"text":"어떤 노력이요 음 노력. 너무 당연한 부분이기도 해서 이렇게 노력이라고 하면서 이야기하는 게 참 뭐랄까요 스스로 되게 제 스스로 이율배반적이라고 느끼게 된달까요. 네 저의 업은 즉 직업은 풍족하지 않은 직업 생태계이기 때문에 이 직업을 하기 위해서는 이 일을 하기 위해서 이 직업을 유지하기 위해서는 이 직업만으로는 될 수가 없어요. 이 직업을 선택하는 것만으로는 될 수가 없기 때문에 어 거의 대부분 필수적으로 투잡 뭐 엔잡 이런 식으로 다른 수입원을 만들고요. 그리고 수입 외에 또 다른 활동을 할 부분이 있으면 공부라든지 여러 가지 그럼 또 그 시간을 나름대로 쓰면서 수입원 활동 경제적인 활동을 하면서 네 주 업 네 공연에 관련된 일을 하는 그런 생활 관련 노력이라고 할까요.","wordCount":105},"emotion":[],"intent":[{"text":"","expression":"","category":"attitude"}],"summary":{"text":"노력이라고 하는 것이 이율배반적이라고 느껴지는 이유는 풍족하지 않은 직업 생태계이기 때문에 직업을 유지하기 위해서는 이 직업만으로는 될 수가 없기 때문에 거의 대부분 다른 수입원을 만들고 공부나 다른 활동을 하는 생활 관련 노력이라고 할가요.","wordCount":33}}},"rawDataInfo":{"question":{"fileFormat":"wav","fileSize":420878,"duration":13150,"samplingBit":16,"channelCount":1,"samplingRate":"16kHz","audioPath":"/Mock/06.Design/Female/Experienced/ckmk_q_ard_f_e_188978.wav"},"answer":{"fileFormat":"wav","fileSize":2908238,"duration":90880,"samplingBit":16,"channelCount":1,"samplingRate":"16kHz","audioPath":"/Mock/06.Design/Female/Experienced/ckmk_a_ard_f_e_188978.wav"}}}