{"version":"1.0","dataSet":{"info":{"date":"20230116","occupation":"ARD","channel":"MOCK","place":"ONLINE","gender":"FEMALE","ageRange":"35-44","experience":"EXPERIENCED"},"question":{"raw":{"text":"만약에 업무를 하다가 아 좀 적성에 맞지 않는다 이 업무를 하고 싶지가 않다 라고 가정을 해 보면요 그럴 경우에는 어떻게 대처하실 생각인지 궁금합니다","wordCount":23},"emotion":[],"intent":[]},"answer":{"raw":{"text":"음 저는 우선 적응하려고 노력할 겁니다. 네 이게 뭐 일 이라는 게 어 단순히 저의 개인 기호로만 어떤 저의 그런 관심사라거나 흥밋거리로만 이렇게 뭐 선택지가 있는 게 아니기 때문에 사회이고 어느 부분에서는 제가 감당을 해야 될 부분이 있으니까요 감수를 해야 될 부분은. 그래서 노력을 최대한 할 거고 최선의 노력을 다 할 거고요. 어 꽤 오랜 시간이 지나도 여전히 맞지 않고 정말 적응이 어렵다면 어 정말 저에게 맞는 옷이 아니라는 생각이 꾸준하게 든다면 그러면 저는 결론을 내리고 네 바꿀 것 같습니다. 네 아무래도 제 삶은 또 소중하니까요. 그렇게 어 최선의 노력을 다하지만 그렇게 오랜 시간 매번 그렇게 꾸준히 오랫동안 투자할 수는 없기 때문에 빠른 시간 쪼금 제 삶의 변화를 주면서 다른 부분으로 제가 적응할 수 있게 제 스스로에게 그런 기회를 주고 싶습니다.","wordCount":121},"emotion":[],"intent":[{"text":"","expression":"","category":"attitude"}],"summary":{"text":"적응이 어렵다면 저는 결론을 내리고 바꿀 것 같습니다. 최선을 다하지만 항상 꾸준히 투자할 수는 없기 때문에 빠른 시간 저의 삶의 변화를 주면서 다른 부분으로 제가 적응할 수 있게 제 스스로에게 그런 기회를 주고 싶습니다.","wordCount":34}}},"rawDataInfo":{"question":{"fileFormat":"wav","fileSize":461198,"duration":14410,"samplingBit":16,"channelCount":1,"samplingRate":"16kHz","audioPath":"/Mock/06.Design/Female/Experienced/ckmk_q_ard_f_e_141178.wav"},"answer":{"fileFormat":"wav","fileSize":2673358,"duration":83540,"samplingBit":16,"channelCount":1,"samplingRate":"16kHz","audioPath":"/Mock/06.Design/Female/Experienced/ckmk_a_ard_f_e_141178.wav"}}}