{"version":"1.0","dataSet":{"info":{"date":"20230116","occupation":"ARD","channel":"MOCK","place":"ONLINE","gender":"FEMALE","ageRange":"-34","experience":"EXPERIENCED"},"question":{"raw":{"text":"이전 직장을 그만둔 특별한 이유가 있다면 혹시 어떤 이유에서 그만두었는지 그리고 지금 직장도 같은 이유로 그만둘 가능성이 있을지 궁금합니다","wordCount":19},"emotion":[],"intent":[]},"answer":{"raw":{"text":"사실 이전 직장이라고 할 만한 뚜렷한 건 사실 없었기 때문에 그만둔 특별한 이유가 있는 건 아니구요. 사실 여러 일들을 해 왔었고 제가 프리랜서로 살면서 어 뭐 수입적인 부분도 그랬었고 또 제가 하고 싶은 일도 있었고 그래서 여러 곳에 발을 거쳐서 있었는데 걸쳐서 있었는데 사실은 그 생활들을 정리하고 제가 이렇게 회사를 들어가려고 하는 이유 자체가 어 좀 안정감을 갖고 싶은 마음이 있던 것도 있습니다. 그게 이제 정말 여러 군데를 여러 군 여러 곳과 여러 가지 일을 하다 보니까 그 안에서 도대체 제가 뭔지를 잘 못 찾겠더라고요. 그래서 조금 제가 그래도 관심 있는 분야로 안정적인 회사에 들어가서 좀 고정적으로 일을 하는 시간과 저에 시간을 좀 분리하고 싶다 는 생각이 강했었기 때문에 그래서 이렇게 회사를 지원하게 됐고 그렇기 때문에 어 같은 이유로 그만두는 경우는 없다 고 생각해 주시면 될 것 같습니다. 그리고 안정적이겠죠.","wordCount":130},"emotion":[],"intent":[{"text":"","expression":"","category":"attitude"}],"summary":{"text":"프리랜서로 살면서 수입적인 부분과 하고 싶은 일도 있어서 여러 곳에 발을 거쳐서 있었는데 사실 그 생활들을 정리하고 저는 이제 관심 있는 분야로 안정적인 회사에 들어가서 좀 고정적으로 일을 하는 시간과 저에 시간을 좀 분리하고 싶다 는 생각이 강했었기 때문에 이렇게 회사를 지원하게 됐다 고 생각해 보시면 될 것 같습니다.","wordCount":49}}},"rawDataInfo":{"question":{"fileFormat":"wav","fileSize":409998,"duration":12810,"samplingBit":16,"channelCount":1,"samplingRate":"16kHz","audioPath":"/Mock/06.Design/Female/Experienced/ckmk_q_ard_f_e_194568.wav"},"answer":{"fileFormat":"wav","fileSize":2833998,"duration":88560,"samplingBit":16,"channelCount":1,"samplingRate":"16kHz","audioPath":"/Mock/06.Design/Female/Experienced/ckmk_a_ard_f_e_194568.wav"}}}