{"version":"1.0","dataSet":{"info":{"date":"20230116","occupation":"ARD","channel":"MOCK","place":"ONLINE","gender":"FEMALE","ageRange":"45-54","experience":"EXPERIENCED"},"question":{"raw":{"text":"업무를 하다 보면 스케줄에 없던 일이 생길 때가 많습니다 이런 상황이 발생한다면 어떻게 행동하시겠습니까","wordCount":14},"emotion":[],"intent":[]},"answer":{"raw":{"text":"없던 일이 생길 때가 있다고 한 건 좋은 쪽보다는 안 좋은 쪽의 일인 것 같아요. 어 중요도 중요성 그리고 연속성을 볼 것 같습니다. 이게 얼마나 중요한 일인지 또 앞으로 지금 현재 진행하고 있는 일에 얼마나 영향을 미치는지를 살펴볼 거구요. 이런 중요한 문제는 혼자서 결정하 결정하기보다는 상사분과 상의하는 게 좋지 않을까 싶습니다.","wordCount":51},"emotion":[],"intent":[{"text":"","expression":"","category":"attitude"}],"summary":{"text":"중요도 중요성, 연속성을 볼 것 같습니다. 이 중요한 문제는 혼자서 결정하기보다는 상사분과 상의하는 게 좋다고 봅니다. 중요한 문제는 혼자 결정하기 보다는 상의하는게 좋습니다.","wordCount":23}}},"rawDataInfo":{"question":{"fileFormat":"wav","fileSize":318798,"duration":9960,"samplingBit":16,"channelCount":1,"samplingRate":"16kHz","audioPath":"/Mock/06.Design/Female/Experienced/ckmk_q_ard_f_e_222303.wav"},"answer":{"fileFormat":"wav","fileSize":1300558,"duration":40640,"samplingBit":16,"channelCount":1,"samplingRate":"16kHz","audioPath":"/Mock/06.Design/Female/Experienced/ckmk_a_ard_f_e_222303.wav"}}}