{"version":"1.0","dataSet":{"info":{"date":"20230116","occupation":"ARD","channel":"MOCK","place":"ONLINE","gender":"FEMALE","ageRange":"35-44","experience":"EXPERIENCED"},"question":{"raw":{"text":"지원자님의 단점이 있다면 자유롭게 말씀해 주시고 그 단점을 보완하기 위해 어떤 노력을 했는지 한 노력이 있다면 함께 말씀해 주세요","wordCount":19},"emotion":[],"intent":[]},"answer":{"raw":{"text":"저의 단점은 음 제가 어렸을 때 거짓말을 잘 했습니다. 어 거짓말 하는 걸 좋아했는데요. 이유는 장난이 재미있었습니다. 제가 장난기가 많고 또 주변에 이케 속이고 그걸 바라보면서 즐거워하는 편이었어 가지고 되게 철없게 친구들한테도 그렇고 가족들한테도 그렇고 되게 짓궂은 장난을 많이 쳤었는데요. 어 물론 어릴 때이긴 했지만 이제 그게 점점 잦게 하고 또 부모님께서도 계속 그런 부분에 대해서 저를 나무라고 이렇게 하셨어 가지고 어느 순간 쪼끔 성장을 하면서 크면서 자연스럽게 청소년기에 이제 아 이렇게 하면 안 되겠구나 그 말의 무게가 엄청나구나 그까 거짓말은 그냥 치기어릴때 잠시 할 수는 있어도 성인이 되는 과정에서는 당연히 하면 안 되겠구나를 깨달아 가지고 그 다음부터는 네 거짓말은 제가 의식적으로 잘 안 하게 되었습니다. 잘 안 하는 게 아니라 아예 안 하게 되었습니다.","wordCount":115},"emotion":[],"intent":[{"text":"","expression":"","category":"attitude"}],"summary":{"text":"어릴적부터 계속 거짓말을 하다보니, 성인이 되는 과정에서는 당연히 하면 안 되겠다는 것을 깨닫고 그 후부터는 거짓말은 의식적으로 거의 하지 않게 되었습니다.","wordCount":21}}},"rawDataInfo":{"question":{"fileFormat":"wav","fileSize":438158,"duration":13690,"samplingBit":16,"channelCount":1,"samplingRate":"16kHz","audioPath":"/Mock/06.Design/Female/Experienced/ckmk_q_ard_f_e_141173.wav"},"answer":{"fileFormat":"wav","fileSize":2713678,"duration":84800,"samplingBit":16,"channelCount":1,"samplingRate":"16kHz","audioPath":"/Mock/06.Design/Female/Experienced/ckmk_a_ard_f_e_141173.wav"}}}