{"version":"1.0","dataSet":{"info":{"date":"20230116","occupation":"ARD","channel":"MOCK","place":"ONLINE","gender":"FEMALE","ageRange":"35-44","experience":"EXPERIENCED"},"question":{"raw":{"text":"지금까지 인생을 살면서 지원자님은 가장 후회되는 일이 있다면 어떤 일이 있었나요 한 가지만 말씀해 주세요 그런 거를 가 하니","wordCount":19},"emotion":[],"intent":[]},"answer":{"raw":{"text":"저는 이상하게 어릴 때부터 그렇게 후회하면서 살지 않았기 때문에 딱히 후회하는 일이 없습니다. 사실 좀 계획적으로 삶을 살아오기도 했었고 어 제가 놓쳤던 부분들 성과를 내지 못했거나 혹은 관계 안에서 실수를 했다거나 그리고 그런 것들로 인해서 좋은 기회를 날렸거나 관계가 어그러졌거나 좋은 사람을 잃거나 그런 경우들이 없다고는 할 수 없는데요. 사실 그런 순간들 그런 일들이 저한테 닥쳐도 막상 제 성향 자체가 그것들을 되돌릴 수 없다 라는 그 성향이 강한 것 같아요. 그리고 항상 과거를 좀 돌아보고 싶어하지 않아 하고 항상 현재 좀 머물러 있고 싶어 합니다. 그래서 사실 앞일도 계획은 많이 하지만 앞일도 막 이랬으면 좋겠다. 치열하게 막 강박을 갖는 편도 아니라서 항상 저는 좀 현실에 충실하고자 하고 지나가는 일에 후회를 하는 편이 없고 그래서 그런지 정말 아무리 곱씹어 봐도 딱히 후회되는 일이 찾기 어렵습니다.","wordCount":124},"emotion":[],"intent":[{"text":"","expression":"","category":"attitude"}],"summary":{"text":"어릴 때부터 그렇게 후회하면서 살지는 않았기 때문에 딱히 후회하는 일이 없습니다. 사실 계획적으로 삶을 살아오기도 했었고 놓쳤던 부분들에 대해서는 제 성향 자체가 되돌릴 수 없다 라는 성향이 강해서 항상 과거를 좀 돌아보고 싶어하지 않고 항상 현재에 머물러 있고 싶어 해서 딱히 후회되는 일이 찾기 어렵습니다.","wordCount":45}}},"rawDataInfo":{"question":{"fileFormat":"wav","fileSize":529998,"duration":16560,"samplingBit":16,"channelCount":1,"samplingRate":"16kHz","audioPath":"/Mock/06.Design/Female/Experienced/ckmk_q_ard_f_e_102316.wav"},"answer":{"fileFormat":"wav","fileSize":2687758,"duration":83990,"samplingBit":16,"channelCount":1,"samplingRate":"16kHz","audioPath":"/Mock/06.Design/Female/Experienced/ckmk_a_ard_f_e_102316.wav"}}}