{"version":"1.0","dataSet":{"info":{"date":"20230116","occupation":"ARD","channel":"MOCK","place":"ONLINE","gender":"FEMALE","ageRange":"45-54","experience":"EXPERIENCED"},"question":{"raw":{"text":"지원자님이 요즘 공부하고 계시는 것이 있으실까요 있다면 왜 그걸 공부하고 계시는지 지금까지 무엇을 배웠는지도 함께 말씀해 주세요","wordCount":17},"emotion":[],"intent":[]},"answer":{"raw":{"text":"요즘 제가 공부하고 있는 것은 탄소 중립에 관한 것입니다. 어 요즘 책을 읽고 있는데요. 기후 위기에 관한 책들입니다. 그러다보니 기후 위기가 얼마나 심각하고 위험한 것인지 제가 많이 느낄 수 있었고요. 탄소 중립이 이루어지지 않은 상황에서는 이 모든 것을 해결하지 못할 거라는 걸 어 많이 느끼게 되었습니다. 평소에 쓰는 플라스틱 우리가 사용하는 에어컨 그리고 이동하면서 발생시키는 그런 매연이라든지 이런 것들이 우리 생활에서 그냥 자연스럽게 일어나는 것들이라고 생각했지 반드시 줄여 나가야 할 것이라고 크게 생각해 본 적이 없는데요. 이런 기후 위기에 관한 것을 읽다 보니 탄소 중립이 우리 미래에 얼마나 중요한 것인지 새삼 깨닫게 되었고요. 탄소 중립을 위해서 우리가 일상생활에서 어 실천할 수 있는 것들도 많이 있다는 걸 알고 하나씩 하나씩 실천해 보는 것을 배웠습니다.","wordCount":113},"emotion":[{"text":"요즘 제가 공부하고 있는 것은 탄소 중립에 관한 것입니다.","expression":"u-fact","category":"neutral"}],"intent":[{"text":"","expression":"","category":"attitude"}],"summary":{"text":"요즘 제가 공부하고 있는 것은 탄소 중립에 관한 것입니다. 탄소 중립이 이루어지지 않은 상황에서는 기후 위기가 얼마나 심각하고 위험한 것인지 많이 느낄 수 있었고, 탄소 중립을 위해서 우리가 일상생활에서 실천할 수 있는 것들도 많이 있다는 걸 알고 실천해 보는 것을 배웠습니다.","wordCount":41}}},"rawDataInfo":{"question":{"fileFormat":"wav","fileSize":368078,"duration":11500,"samplingBit":16,"channelCount":1,"samplingRate":"16kHz","audioPath":"/Mock/06.Design/Female/Experienced/ckmk_q_ard_f_e_178437.wav"},"answer":{"fileFormat":"wav","fileSize":2251598,"duration":70360,"samplingBit":16,"channelCount":1,"samplingRate":"16kHz","audioPath":"/Mock/06.Design/Female/Experienced/ckmk_a_ard_f_e_178437.wav"}}}