{"version":"1.0","dataSet":{"info":{"date":"20230116","occupation":"ARD","channel":"MOCK","place":"ONLINE","gender":"FEMALE","ageRange":"-34","experience":"EXPERIENCED"},"question":{"raw":{"text":"본인은 개인적으로 공부를 어떻게 하시는지 궁금한데요 강의 혹은 책을 활용한 공부 방법을 말씀해 주셔도 좋습니다","wordCount":15},"emotion":[],"intent":[]},"answer":{"raw":{"text":"개인적으로 저는 공부를 혼자 있는 공간에서 하는 걸 선호합니다. 아무래도 집중도도 그렇고 제가 원하는 뭐 편한 복장에서 입고 일하는 것도 도움이 굉장히 많이 되는 것 같고요. 그래서 저는 사실 카페에서 작업을 하는 것보다 집에서 작업을 하는 게 작업도가 훨씬 더 좋았다 라고 말씀드릴 수 있을 것 같습니다. 그리고 강의나 책을 활용해서도 공부를 많이 했었는데 뭐 유튜브를 통해서 다양한 것들을 많이 보는다던지 아니면은 그런 관련된 도서를 도서관에서 많이 빌려보기도 했었고요. 그거 아니면 문제집 같은 것도 많이 풀어보기도 했었습니다. 우선은 뭐 이 문제집이 끝나면은 또 또 다른 아예 다른 계열사에 출판사라고 할까요. 출판사에 있는 것들을 풀어보기도 했고요. 저는 좀 다양한 곳에서 오는 또 다 결과물들이 있기 다양한 것을 보면서 거기에서 많은 것들을 배우고 또 그것은 좋은 결과로 이어질 수 있다 라고 생각하기 때문에 저는 그런 식으로 공부를 하는 편입니다.","wordCount":127},"emotion":[],"intent":[{"text":"","expression":"","category":"attitude"}],"summary":{"text":"개인적으로 저는 공부를 혼자 있는 공간에서 하는 걸 선호합니다. 그리고 강의나 책을 활용해서도 공부를 많이 했습니다. 그리고 결과물들이 있기 다양한 것을 보면서 많은 것들을 배우고 또 그것은 좋은 결과로 이어질 수 있다 라고 생각하기 때문에 그런 식으로 공부를 하는 편입니다.","wordCount":40}}},"rawDataInfo":{"question":{"fileFormat":"wav","fileSize":499278,"duration":15600,"samplingBit":16,"channelCount":1,"samplingRate":"16kHz","audioPath":"/Mock/06.Design/Female/Experienced/ckmk_q_ard_f_e_187804.wav"},"answer":{"fileFormat":"wav","fileSize":2298318,"duration":71820,"samplingBit":16,"channelCount":1,"samplingRate":"16kHz","audioPath":"/Mock/06.Design/Female/Experienced/ckmk_a_ard_f_e_187804.wav"}}}