{"version":"1.0","dataSet":{"info":{"date":"20230116","occupation":"ARD","channel":"MOCK","place":"ONLINE","gender":"FEMALE","ageRange":"35-44","experience":"EXPERIENCED"},"question":{"raw":{"text":"지원자님의 이전 직장 혹은 대학에서 어떤 프로젝트를 해 봤는지 생각나는 대로 한번 말씀해 주시겠어요","wordCount":14},"emotion":[],"intent":[]},"answer":{"raw":{"text":"어 지금 쫌 규모가 컸다고 생각이 드는 프로젝트는 어 하나의 작품을 가지고 웹 드라마로도 만들고 그걸 동시에 공연화시키는 프로젝트를 진행했던 적이 있습니다. 그래서 예산이 많이 드는 프로젝트였었고 이게 과연 저희가 지원금을 따낼 수 있을지를 되게 저희 팀 안에서의 어떤 큰 그 화두였는데 아무래도 기획력이 좋은 친구가 지원서를 작성해서 내서 그런지 그 지원 사업이 채택이 됐었고 꽤 큰 규모의 예산을 저희가 지원받아서 진행을 했던 적이 있습니다. 그래서 한 달 동안 지방에 내려가서 촬영을 진행을 했었고 그리고 그 후에 올라와서 이제 그다음으로 갈 공연을 준비를 하고 그 두 가지가 매니아층을 많이 형성을 시켜서 저희의 다음 콘텐츠를 제작할 때 쪼금 기반을 다질 수 있는 계기가 됐었던 것 같애요.","wordCount":105},"emotion":[{"text":"어 지금 쫌 규모가 컸다고 생각이 드는 프로젝트는 어 하나의 작품을 가지고 웹 드라마로도 만들고 그걸 동시에 공연화시키는 프로젝트를 진행했던 적이 있습니다.","expression":"u-fact","category":"neutral"}],"intent":[{"text":"","expression":"","category":"attitude"}],"summary":{"text":"하나의 작품을 웹 드라마로 만들고 공연화 시키는 프로젝트를 진행했습니다. 기획력이 좋은 친구가 지원서를 작성해서 채택이 됐었고 꽤 큰 규모의 예산을 지원받아 진행했습니다. 촬영과 공연을 준비하고 매니아층을 형성해서 다음 콘텐츠를 제작할 기반을 다졌습니다.","wordCount":32}}},"rawDataInfo":{"question":{"fileFormat":"wav","fileSize":320078,"duration":10000,"samplingBit":16,"channelCount":1,"samplingRate":"16kHz","audioPath":"/Mock/06.Design/Female/Experienced/ckmk_q_ard_f_e_205626.wav"},"answer":{"fileFormat":"wav","fileSize":2845518,"duration":88920,"samplingBit":16,"channelCount":1,"samplingRate":"16kHz","audioPath":"/Mock/06.Design/Female/Experienced/ckmk_a_ard_f_e_205626.wav"}}}