{"version":"1.0","dataSet":{"info":{"date":"20230116","occupation":"ARD","channel":"MOCK","place":"ONLINE","gender":"FEMALE","ageRange":"35-44","experience":"EXPERIENCED"},"question":{"raw":{"text":"일을 하다 보면 여러 가지 변수가 생길 수가 있습니다 만약 업무량이 과도하게 많아지게 된다면 어떻게 하시겠습니까 그래도 지원자님께서는 잘 버틸 자신이 있으신가요","wordCount":22},"emotion":[],"intent":[]},"answer":{"raw":{"text":"네 저는 잘 버틸 자신이 있습니다. 업무량이 많아진다는 것은 회사가 그만큼 많은 성과와 수익을 내고 있다는 뜻이고 그 업무량을 감당할 수 있는 사원들의 능력이 뛰어나다는 뜻이기도 합니다. 사실 직장 생활은 업무가 많아서 받는 스트레스보다는 업무를 함께 처리하는 사람들과의 관계에서 더 많은 스트레스를 받게 됩니다. 하지만 저는 저만의 강점인 사교성을 동원하여 과도한 업무량도 거뜬하게 해결할 수 있는 좋은 팀을 만들도록 할 것입니다.","wordCount":61},"emotion":[],"intent":[{"text":"","expression":"","category":"attitude"}],"summary":{"text":"업무량이 많아진다는 것은 그만큼 많은 성과와 수익을 내고 있다는 뜻이고 그 업무량을 감당할 수 있는 사원들의 능력이 뛰어나다는 뜻이기도 합니다.","wordCount":20}}},"rawDataInfo":{"question":{"fileFormat":"wav","fileSize":608718,"duration":19020,"samplingBit":16,"channelCount":1,"samplingRate":"16kHz","audioPath":"/Mock/06.Design/Female/Experienced/ckmk_q_ard_f_e_274005.wav"},"answer":{"fileFormat":"wav","fileSize":1463118,"duration":45720,"samplingBit":16,"channelCount":1,"samplingRate":"16kHz","audioPath":"/Mock/06.Design/Female/Experienced/ckmk_a_ard_f_e_274005.wav"}}}