{"version":"1.0","dataSet":{"info":{"date":"20230116","occupation":"ARD","channel":"MOCK","place":"ONLINE","gender":"FEMALE","ageRange":"45-54","experience":"EXPERIENCED"},"question":{"raw":{"text":"면접자께서는 디자인 레퍼런스는 어디에서 찾으시는지 설명 부탁드리겠습니다","wordCount":7},"emotion":[],"intent":[]},"answer":{"raw":{"text":"저는 디자인을 할 때 주로 레퍼런스를 유튜브나 블로그에서 찾습니다. 그 이유는 유튜브 같은 경우에는 트렌드를 금방 알 수 있어요. 사람들이 좋아하는 것 요즘 유행하는 것 이런 것들을 쉽게 찾아볼 수 있는 곳이 유튜브이고 그래서 접근성이 좋습니다. 그리고 블로그를 이용하는 이유는 제가 직접 사용해보지 않아도 이런 디자인을 사용해 봤을 때 사람들이 어떤 것을 편리해 하고 그리고 어떤 것을 불편해 하는지 손쉽게 알 수가 있습니다. 그래서 저는 시간을 줄이고자 할 때 그리고 전체적인 트렌드나 이런 것들을 알고 싶을 때 레 퍼런스를 주로 유튜브나 블로그에서 찾고 있습니다.","wordCount":84},"emotion":[],"intent":[{"text":"그래서 저는 시간을 줄이고자 할 때 그리고 전체적인 트렌드나 이런 것들을 알고 싶을 때 레 퍼런스를 주로 유튜브나 블로그에서 찾고 있습니다.","expression":"d_trendy","category":"technology"}],"summary":{"text":"디자인할 때 레퍼런스를 유튜브나 블로그에서 찾습니다. 유튜브는 트렌드를 쉽게 알 수 있고, 블로그는 사용자가 사용해보아 편리함을 알 수 있기 때문입니다. 그래서 시간적, 전체적인 트렌드를 알기 위해 레 퍼런스를 찾고 있습니다.","wordCount":30}}},"rawDataInfo":{"question":{"fileFormat":"wav","fileSize":251918,"duration":7870,"samplingBit":16,"channelCount":1,"samplingRate":"16kHz","audioPath":"/Mock/06.Design/Female/Experienced/ckmk_q_ard_f_e_176991.wav"},"answer":{"fileFormat":"wav","fileSize":1630158,"duration":50940,"samplingBit":16,"channelCount":1,"samplingRate":"16kHz","audioPath":"/Mock/06.Design/Female/Experienced/ckmk_a_ard_f_e_176991.wav"}}}