{"version":"1.0","dataSet":{"info":{"date":"20230116","occupation":"ARD","channel":"MOCK","place":"ONLINE","gender":"FEMALE","ageRange":"-34","experience":"EXPERIENCED"},"question":{"raw":{"text":"일을 하다 보면 본인은 열심히 하지만 원하는 만큼 따라오지 못하는 팀 동료들이 있는 경우가 있습니다 본인은 이럴 때 어떻게 하나요","wordCount":20},"emotion":[],"intent":[]},"answer":{"raw":{"text":"어 저는 지금 제가 지원하는 일에 비유를 하자면 어 그 동료들에 대한 부분은 제가 어떻게 해줄 수 있는 게 없다고 생각이 들어요. 그 역량 자체가 어쨌든 저희가 수업으로 진행을 하다 보니까 그 사람이 어떻게 진행을 하는지 제가 알 수 없고 그것은 온전히 여기 시스템 안에서 해줘야 하는 문제라고 생각이 들고요. 만약에 제가 수업을 하는 그 학생들에서 따라오지 못하는 아이가 있다 라는 가정을 한다면 좀 끌고 갈 수 밖에 없다고 생각을 합니다. 그런 부분에서는 어쨌든 다 잘 할 수 있는 상태가 아니고 배우기 위해서 오는 곳이기 때문에 그런 부분들은 언제나 누구에게나 있는 현상인 거고 저는 그거를 잘 이끌어주는 역할로 와 있다고 생각을 하기 때문에 어쨌든 어느 정도의 완성의 단계는 알 수 없지만 그래도 끝까지 포기하지 않고 함께 가야 한다고 생각합니다.","wordCount":119},"emotion":[],"intent":[{"text":"","expression":"","category":"attitude"}],"summary":{"text":"수업에 따라가지 못하는 아이들이 있다면 끌고 갈 수 밖에 없다고 생각합니다. 모두가 잘 할 수 있는 상태가 아니고 배움을 위해 오는 곳이기 때문에 저는 그것을 잘 이끌어주는 역할로 와 있다고 생각하므로 끝까지 포기하지 않고 함께 가야 한다고 봅니다.","wordCount":38}}},"rawDataInfo":{"question":{"fileFormat":"wav","fileSize":389838,"duration":12180,"samplingBit":16,"channelCount":1,"samplingRate":"16kHz","audioPath":"/Mock/06.Design/Female/Experienced/ckmk_q_ard_f_e_155686.wav"},"answer":{"fileFormat":"wav","fileSize":2468558,"duration":77140,"samplingBit":16,"channelCount":1,"samplingRate":"16kHz","audioPath":"/Mock/06.Design/Female/Experienced/ckmk_a_ard_f_e_155686.wav"}}}