{"version":"1.0","dataSet":{"info":{"date":"20230116","occupation":"ARD","channel":"MOCK","place":"ONLINE","gender":"FEMALE","ageRange":"35-44","experience":"EXPERIENCED"},"question":{"raw":{"text":"다른 디자이너와 당신의 차별점은 무엇이라고 생각이 듭니까","wordCount":7},"emotion":[],"intent":[]},"answer":{"raw":{"text":"어 저는 데이터를 구축한 게 되게 많은 편이에요. 그게 이렇게 말씀으로 드리기에는 조금 객관적이지 않을 수 있고 그 수치 자체가 좀 이렇게 추상적일 수 있는 부분이긴 한데. 제가 이런 분야에 어떤 데이터를 굉장히 많이 쌓아왔고 많이 경험도 했었고 많이 바라봤고 그걸로 오는 그 기반이 굉장히 다른 디자이너들보다는 좀 두텁다고 생각을 해요. 근데 그런 부분이 사실 내 꺼를 새롭게 만들어내는 것도 중요하지만 기존의 것들을 내가 얼마큼 알고 있고 그랬을 때 새로운 걸 생각했을 때 이게 비슷한 게 있진 않았는지를 파악할 수 있고 그리고 그 새로운 거를 오히려 익숙한 데서 다시 꼬아서 볼 수 있기 때문에 저는 제 스스로 지금까지 오면서 이런 점이 굉장히 장점이라고 생각을 하고 있고 제가 다른 사람들하고 일해 볼 때도 그게 저와 그들의 차이점이라고 생각이 들어요. 그래서 저는 진짜 아는 게 많다 라고 쉽게 설명 드릴 수 있을 것 같습니다.","wordCount":132},"emotion":[],"intent":[{"text":"","expression":"","category":"attitude"}],"summary":{"text":"데이터 구축이 추상적일 수 있지만, 저 스스로 기존 것을 알고 있고 새로운 걸 생각했을 때 비슷한 게 있는지 파악할 수 있고, 새로운 것을 익숙한 데서 다시 꼬아서 볼 수 있기 때문에 이것이 장점이라고 생각합니다.","wordCount":34}}},"rawDataInfo":{"question":{"fileFormat":"wav","fileSize":219278,"duration":6850,"samplingBit":16,"channelCount":1,"samplingRate":"16kHz","audioPath":"/Mock/06.Design/Female/Experienced/ckmk_q_ard_f_e_149205.wav"},"answer":{"fileFormat":"wav","fileSize":2430798,"duration":75960,"samplingBit":16,"channelCount":1,"samplingRate":"16kHz","audioPath":"/Mock/06.Design/Female/Experienced/ckmk_a_ard_f_e_149205.wav"}}}