{"version":"1.0","dataSet":{"info":{"date":"20230116","occupation":"ARD","channel":"MOCK","place":"ONLINE","gender":"FEMALE","ageRange":"-34","experience":"EXPERIENCED"},"question":{"raw":{"text":"지원자님께서 이 분야에 지원하기 위해서 어떠한 노력을 해 오셨는지 생각나시는 대로 모두 말씀해 주시기 바랍니다","wordCount":15},"emotion":[],"intent":[]},"answer":{"raw":{"text":"저는 대학생 때도 학업 뿐만 아니라 어 교내에 많은 활동들을 디자인 분야에서 활동했습니다. 어 사진 동아리에서도 어 디자인 아카이브 팀장을 로 활동하면서 어 동아리에 뭐 축제 팜플렛을 만든다던지 그런 디자인으로서 할 수 있는 업무를 최대한 제가 실무처럼 경험하려고 했구요. 또 사회봉사 동아리인 곳에서도 교육 봉사를 진행하는 것이지만 교육 봉사 때 어 그림을 그려서 디자인을 활용해서 교구를 만드는 그런 교구 디자인을 통해서 교육 지원 사업을 했습니다. 그래서 학교에서는 어 교수님이 진행을 클리픽을 해 주시고 동료들이 평가를 해주지만 그런 교내 활동을 통해서는 어 전공 분야에 있지 않은 사람들이 어 저의 것을 피드백 해주고 반응을 해주고 그 결과를 보는 것을 통해서 어 실무에 가까운 것을 경험하려고 많은 노력을 했습니다.","wordCount":106},"emotion":[],"intent":[{"text":"어 사진 동아리에서도 어 디자인 아카이브 팀장을 로 활동하면서   어 동아리에 뭐 축제 팜플렛을 만든다던지 그런 디자인으로서 할 수 있는 업무를 최대한 제가 실무처럼 경험하려고 했구요.","expression":"d_brand_pref","category":"technology"},{"text":"또   사회봉사 동아리인 곳에서도 교육 봉사를 진행하는 것이지만 교육 봉사 때 어 그림을 그려서 디자인을 활용해서 교구를 만드는 그런 교구 디자인을 통해서   교육 지원 사업을 했습니다.","expression":"d_brand_pref","category":"technology"}],"summary":{"text":"저는 대학생 때도 많은 활동들을 디자인 분야에서 활동했는데, 사진 동아리에서 디자인 아카이브 팀장으로 활동하거나 사회봉사 동아리에서 교육 봉사 때 교구 디자인을 통해서 교육 지원 사업을 하는 등 실무에 가까운 것을 경험하려고 많은 노력을 했습니다.","wordCount":34}}},"rawDataInfo":{"question":{"fileFormat":"wav","fileSize":571598,"duration":17860,"samplingBit":16,"channelCount":1,"samplingRate":"16kHz","audioPath":"/Mock/06.Design/Female/Experienced/ckmk_q_ard_f_e_172362.wav"},"answer":{"fileFormat":"wav","fileSize":2493838,"duration":77930,"samplingBit":16,"channelCount":1,"samplingRate":"16kHz","audioPath":"/Mock/06.Design/Female/Experienced/ckmk_a_ard_f_e_172362.wav"}}}