{"version":"1.0","dataSet":{"info":{"date":"20230116","occupation":"ARD","channel":"MOCK","place":"ONLINE","gender":"FEMALE","ageRange":"45-54","experience":"EXPERIENCED"},"question":{"raw":{"text":"나만의 스트레스 해소법이 있으신가요 있다면 왜 그런 방법으로 스트레스를 해소하시는지 구체적으로 말씀해 주실 수 있을까요","wordCount":15},"emotion":[],"intent":[]},"answer":{"raw":{"text":"시간이 몇 시냐에 따라서 좀 다를 것 같아요. 식사 시간이다 그러면 매운 음식을 먹고요. 스트레스가 너무 심한데 새벽이에요. 다섯 여섯 시다 그러면 자전거를 타고 나가서 자전거를 탈 것 같아요. 왜냐하면 사람도 별로 없을 것이고 되게 분위기가 있고 그렇게 자전거를 타봤었는데 마음이 되게 상쾌해지는 것을 느꼈거든요. 아니면 그냥 저녁이다 그러면 친구한테 전화를 해서 하소연을 할 수도 있구요. 그래서 인간관계도 중요한 것 같습니다.","wordCount":61},"emotion":[],"intent":[{"text":"","expression":"","category":"attitude"}],"summary":{"text":"인간관계는 중요한 것 같습니다. 식사시간에는 매운음식을 먹고, 새벽이면 자전거를 타요. 자전거를 타면 마음이 상쾌해지고, 친구한테 하소연을 할 수도 있어서 인간관계도 중요합니다.","wordCount":21}}},"rawDataInfo":{"question":{"fileFormat":"wav","fileSize":601678,"duration":18800,"samplingBit":16,"channelCount":1,"samplingRate":"16kHz","audioPath":"/Mock/06.Design/Female/Experienced/ckmk_q_ard_f_e_248965.wav"},"answer":{"fileFormat":"wav","fileSize":2005838,"duration":62680,"samplingBit":16,"channelCount":1,"samplingRate":"16kHz","audioPath":"/Mock/06.Design/Female/Experienced/ckmk_a_ard_f_e_248965.wav"}}}