{"version":"1.0","dataSet":{"info":{"date":"20230116","occupation":"ARD","channel":"MOCK","place":"ONLINE","gender":"FEMALE","ageRange":"45-54","experience":"EXPERIENCED"},"question":{"raw":{"text":"만약 타 부서와 갈등 상황이 발생한다면 지원자님께서는 어떻게 해결하시겠습니까 상황을 가정하고 말씀해 주시기 바랍니다","wordCount":14},"emotion":[],"intent":[]},"answer":{"raw":{"text":"타 부서와 갈등이 생기는 경우는 타 부서에서 그 불이익이 생기는 거 하고 책임을 전가시키는 거 이런 것들이 생길 때 타 부서와 갈등이 생긴다고 생각합니다. 어 이럴 경우에는 최대한 어 타 부서에 불이익 가지 않고 갈등이 생기지 않기 위해서 어 어떠한 일을 최대한 빨리 해결해 주고 그리고 타 부서의 책임이 아니라는 것을 충분히 설득을 해 주고 그런 방법으로 해결을 해야 될 것 같습니다.","wordCount":62},"emotion":[],"intent":[{"text":"","expression":"","category":"attitude"}],"summary":{"text":"타 부서와 갈등이 생길 때 타 부서에 불이익이 가지 않고 갈등이 생기지 않으려면 어떤 일을 빨리 해결하고 타 부서의 책임이 아니라는 것을 충분히 설득해 줘야 합니다.","wordCount":26}}},"rawDataInfo":{"question":{"fileFormat":"wav","fileSize":426638,"duration":13330,"samplingBit":16,"channelCount":1,"samplingRate":"16kHz","audioPath":"/Mock/06.Design/Female/Experienced/ckmk_q_ard_f_e_269991.wav"},"answer":{"fileFormat":"wav","fileSize":1412878,"duration":44150,"samplingBit":16,"channelCount":1,"samplingRate":"16kHz","audioPath":"/Mock/06.Design/Female/Experienced/ckmk_a_ard_f_e_269991.wav"}}}