{"version":"1.0","dataSet":{"info":{"date":"20230116","occupation":"ARD","channel":"MOCK","place":"ONLINE","gender":"FEMALE","ageRange":"45-54","experience":"EXPERIENCED"},"question":{"raw":{"text":"다양한 커뮤니케이션이 있습니다 그 중 가장 어려웠던 경험을 한 가지만 말씀해 주세요","wordCount":12},"emotion":[],"intent":[]},"answer":{"raw":{"text":"다양한 커뮤니케이션을 하면서 어 성격이 그래서 그런지 특별한 어려운 점은 없었는데 최근에 가장 힘든 게 십 대들과 메타버스에서 소통하는 그런 상황이 굉장히 힘들었습니다. 어 제가 그 대면은 잘 하는데 에스엔에스 상에서 이렇게 소통을 할려고 하다 보니 대원의 표정과 손짓 동작 여러 가지들이 요소들이 있잖아요. 근데 에스앤에스는 뭐 이모티콘도 물론 있긴 하지만 다 뭐 인제 뭐 워드 쳐 갖고 문자로 표현을 하다 보니까 그 부분에서 쪼금 불편함이 오더라고요. 그리고 또 십 대들의 용어들이 좀 특화된 용어들이 있는데 그런 부분들을 제가 다 습득하지 못하고 친구들과 대화하다 보니 쪼금 뒤쳐지는 그런 느낌을 받아서 쪼금 상당히 어려웠었습니다. 그래서 그 다음번 미팅 때는 제가 어떤 십 대들의 숙지 언어들을 숙지를 하고 예 유행 언어들을 좀 익힌 후에 대화를 좀 참여를 했고요. 어 쪼금 나아지는 것 같습니다. 회 차를 거듭할수록 그들의 문화를 이해하는데 그들의 언어를 이해하는데 조금 더 발전된 모습을 보이고 있어서 그렇게 하면서 지금 커뮤니케이션을 어 하고 있습니다.","wordCount":143},"emotion":[],"intent":[{"text":"","expression":"","category":"attitude"}],"summary":{"text":"최근 십 대들과 메타버스에서 소통하는 상황이 제일 힘들었습니다. 소셜미디어에서 소통을 하다 보니 여러 요소들이 불편하게 느껴졌고, 십 대들의 특화된 용어들을 다 습득하지 못하고 친구들과 대화하다 보니 뒤쳐지는 느낌을 받았습니다. 그래서 다음번 미팅 때는 십대들의 유행 언어들을 좀 익힌 후에 대화를 했습니다.","wordCount":41}}},"rawDataInfo":{"question":{"fileFormat":"wav","fileSize":264078,"duration":8250,"samplingBit":16,"channelCount":1,"samplingRate":"16kHz","audioPath":"/Mock/06.Design/Female/Experienced/ckmk_q_ard_f_e_267134.wav"},"answer":{"fileFormat":"wav","fileSize":2375758,"duration":74240,"samplingBit":16,"channelCount":1,"samplingRate":"16kHz","audioPath":"/Mock/06.Design/Female/Experienced/ckmk_a_ard_f_e_267134.wav"}}}