{"version":"1.0","dataSet":{"info":{"date":"20230116","occupation":"ARD","channel":"MOCK","place":"ONLINE","gender":"FEMALE","ageRange":"45-54","experience":"EXPERIENCED"},"question":{"raw":{"text":"면접자님은 팀으로 일하는 것과 혼자 일하는 것 중에 뭘 더 선호하시나요 그 이유를 함께 말해주세요","wordCount":15},"emotion":[],"intent":[]},"answer":{"raw":{"text":"저는 그 개인적으로 저 자체를 판단을 하자면 좀 내향적인 사람이라고 생각이 드는데 그리고 한 그러나 하는 일에 있어서는 팀별로 프로젝트를 하지 않으면 그 어려운 일들을 진행을 하고 있습니다. 그래서 사실 혼자 일하는 걸 더 선호하지만 그 프로젝트를 진행해 본 경험과 그리고 일들도 늘 프로젝트를 통해서 진행을 해 왔기 때문에 팀으로 일하는 것 자체가 더 익숙하고 선호를 하고 있습니다. 음 그리고 팀으로 일했을 때 무엇을 유의해야 되고 어떤 커뮤니케이션을 해야 되는지 그 부분이 상당히 익숙하고 앞으로도 프로젝트를 통해서 많은 일들을 진행할 수 있으리라 생각합니다.","wordCount":83},"emotion":[],"intent":[{"text":"그래서 사실 혼자 일하는 걸 더 선호하지만 그 프로젝트를 진행해 본 경험과 그리고   일들도 늘 프로젝트를 통해서 진행을 해 왔기 때문에 팀으로 일하는 것 자체가 더 익숙하고 선호를 하고 있습니다.","expression":"c_cop","category":"personality"},{"text":"음 그리고 팀으로 일했을 때 무엇을 유의해야 되고 어떤 커뮤니케이션을 해야 되는지 그 부분이 상당히 익숙하고 앞으로도 프로젝트를 통해서 많은 일들을 진행할 수 있으리라 생각합니다.","expression":"c_cop","category":"personality"}],"summary":{"text":"개인적으로 내향적이지만 일에 있어서는 팀별로 프로젝트를 해야하는 일이 많아서 혼자 일하는 걸 더 선호하지만 프로젝트 경험이 많고 일을 통해 일을 해왔기 때문에 팀으로 일하는 것을 더 선호하고 있습니다.","wordCount":28}}},"rawDataInfo":{"question":{"fileFormat":"wav","fileSize":348878,"duration":10900,"samplingBit":16,"channelCount":1,"samplingRate":"16kHz","audioPath":"/Mock/06.Design/Female/Experienced/ckmk_q_ard_f_e_109457.wav"},"answer":{"fileFormat":"wav","fileSize":1724878,"duration":53900,"samplingBit":16,"channelCount":1,"samplingRate":"16kHz","audioPath":"/Mock/06.Design/Female/Experienced/ckmk_a_ard_f_e_109457.wav"}}}