{"version":"1.0","dataSet":{"info":{"date":"20230116","occupation":"ARD","channel":"MOCK","place":"ONLINE","gender":"FEMALE","ageRange":"35-44","experience":"EXPERIENCED"},"question":{"raw":{"text":"그 전 회사에서 어려운 문제를 해결하기 위해 어떤 아이디어를 제안하였고 또 무엇을 하였습니까 말씀해 주세요","wordCount":15},"emotion":[],"intent":[]},"answer":{"raw":{"text":"음 제가 하고 싶었던 공연이 있었습니다. 학생 때 그런데 그 공연을 올리려고 학교 안에서 올리려고 그 공연 제작사에 이제 올려도 되는지 허락을 위해 연락을 해보니 그 공연이 국내에 이미 어 그 제작사가 판권을 사 온 기한이 지나서 이제 그 제작사는 권한이 없다고 하는 답변을 주셨어요. 근데 어차피 또 교내 공연은 이런 수익 창출이나 어떤 상업성이 아니기 때문에 대부분 크게 무리가 없을 거라는 답변을 주시면서 같이 얘기를 준 거라 아 그러면 시도를 해 봐도 되겠다 라는 생각을 했었는데 공연에 대한 자료를 찾는 게 너무 어려웠습니다. 대본이라든지 기본적인 것들 그래서 아 찾다가 찾다가 나중에 정말 힘들게 그 공연 관련 그 녹음이 되어 있는 자료를 구해서 그거를 이제 들으면서 대본을 만들었던 그런 기억이 있습니다.","wordCount":111},"emotion":[],"intent":[{"text":"대본이라든지 기본적인 것들 그래서 아 찾다가 찾다가 나중에 정말 힘들게   그 공연 관련 그 녹음이 되어 있는 자료를 구해서   그거를 이제 들으면서 대본을 만들었던 그런 기억이 있습니다.","expression":"d_express","category":"attitude"}],"summary":{"text":"교내 공연에 대한 자료를 찾다가 공연 관련 녹음이 되어 있는 자료를 구해서 들으면서 대본을 만들었던 기억이 있습니다. 그 공연은 수익 창출이나 상업성이 아니기에 시도를 해 봐도 되겠다는 생각을 했으나 공연 관련 자료를 찾는 게 너무 어려웠습니다.","wordCount":36}}},"rawDataInfo":{"question":{"fileFormat":"wav","fileSize":373198,"duration":11660,"samplingBit":16,"channelCount":1,"samplingRate":"16kHz","audioPath":"/Mock/06.Design/Female/Experienced/ckmk_q_ard_f_e_111988.wav"},"answer":{"fileFormat":"wav","fileSize":2829518,"duration":88420,"samplingBit":16,"channelCount":1,"samplingRate":"16kHz","audioPath":"/Mock/06.Design/Female/Experienced/ckmk_a_ard_f_e_111988.wav"}}}