{"version":"1.0","dataSet":{"info":{"date":"20230116","occupation":"ARD","channel":"MOCK","place":"ONLINE","gender":"FEMALE","ageRange":"35-44","experience":"EXPERIENCED"},"question":{"raw":{"text":"일을 하다가 간혹 상사와 트러블이 생길 수도 있는데 이때 어떻게 하실 것인지 그리고 상사가 본인을 혼내면 기분 나쁘지는 않을지 궁금합니다","wordCount":20},"emotion":[],"intent":[]},"answer":{"raw":{"text":"저는 개인적인 뭐 사생활이나 또는 인신공격 뭐 이런 것들에 관련된 게 아니면 괜찮습니다. 그냥 업무 자체에서의 트러블은 생길 수밖에 없는 일이니까 충분히 받아들일 수가 있고요. 근데 그런 것이 아닌 외적인 것들로 외적인 것들로 트러블이 나는 경우도 종종 있었고 하지 않아도 되는 말들을 하면서 기분을 상하게 하는 사람들도 꼭 있거든요. 저는 그런 선만 아니라면은 괜찮은데 만약에 상사여도 그런 것들을 어긴다면 저는 그런 부분들은 참지 않을 것 같습니다. 그런 부분들이 생기면 꼭 공론화를 해야 된다고 생각을 하고 모두가 다 모여서 이 일에 대해서 책임을 질 수 있도록 회의를 해야 된다고 생각을 하고 있습니다.","wordCount":91},"emotion":[],"intent":[{"text":"","expression":"","category":"attitude"}],"summary":{"text":"업무 자체에서 트러블이 생길 수밖에 없는 일이니까 충분히 받아들일 수 있지만, 그 외적인 것들로 트러블이 저는 경우도 있습니다. 그런 것들이 생기면 꼭 공론화를 해야 된다고 생각을 하고 모두가 책임을 질 수 있도록 회의를 해야 한다고 생각합니다.","wordCount":36}}},"rawDataInfo":{"question":{"fileFormat":"wav","fileSize":421838,"duration":13180,"samplingBit":16,"channelCount":1,"samplingRate":"16kHz","audioPath":"/Mock/06.Design/Female/Experienced/ckmk_q_ard_f_e_205625.wav"},"answer":{"fileFormat":"wav","fileSize":2318798,"duration":72460,"samplingBit":16,"channelCount":1,"samplingRate":"16kHz","audioPath":"/Mock/06.Design/Female/Experienced/ckmk_a_ard_f_e_205625.wav"}}}