{"version":"1.0","dataSet":{"info":{"date":"20230116","occupation":"ARD","channel":"MOCK","place":"ONLINE","gender":"FEMALE","ageRange":"45-54","experience":"EXPERIENCED"},"question":{"raw":{"text":"입사 후 근무를 하면서 정작 지원자님께서 지원한 분야가 지원자님과 잘 맞지 않는다는 사실을 깨닫는다면 지원자님께서는 어떻게 하실 생각이십니까","wordCount":18},"emotion":[],"intent":[]},"answer":{"raw":{"text":"어 제가 사실 이런 경험이 되게 많거든요. 항상 제가 좀 생각했던 거와 다르게 그 직업이 저랑 좀 안 맞았던 경우들이 몇 번 있었는데 이게 좀 나이에 따라서 달라졌던 것 같아요. 그래서 처음에 되게 이십 대 때 어릴 때는 어 오히려 좀 버텼었어요. 어 내가 그 당시에는 어떤 걸 잘 해낼 수 있을 거라는 자신감이 많이 없을 때여 가지고 일단은 버텨야 한다고 생각을 했었고 그래서 이십 대 어떤 거의 대부분을 하기 싫은 일에 좀 제 적성과 맞지 않는 일에 많은 시간을 할애를 했었고 그러거나 삼십 대에 들어섰을 때 후회가 많이 생기더라구요. 어 잘 맞지 않는다는 게 그까 일이라는 게 억지로 참고 다녀야 하는 게 아닌데 제가 어릴 때는 좀 그거를 당연히 해야 되는 줄 알았고 다 그렇게 산다고 생각을 했었기 때문에 나중에 결국은 하고 싶은 게 늦게 또 생기더라고요 그것 때문에. 그래서 저는 좀 맞지 않는 걸 억지로 하려고 하지는 않습니다.","wordCount":140},"emotion":[],"intent":[{"text":"","expression":"","category":"attitude"}],"summary":{"text":"직업이 제 적성과 맞지 않았던 적이 있습니다. 어릴 때는 일단 견뎌야 한다고 생각하여 하기 싫은 일에 많은 시간을 할애하거나, 삼 대에 들어섰을 때 후회를 많이 했습니다. 그래서 저는 좀 맞지 않는 걸 억지로 하려고 하지 않습니다.","wordCount":36}}},"rawDataInfo":{"question":{"fileFormat":"wav","fileSize":562638,"duration":17580,"samplingBit":16,"channelCount":1,"samplingRate":"16kHz","audioPath":"/Mock/06.Design/Female/Experienced/ckmk_q_ard_f_e_156674.wav"},"answer":{"fileFormat":"wav","fileSize":2698958,"duration":84340,"samplingBit":16,"channelCount":1,"samplingRate":"16kHz","audioPath":"/Mock/06.Design/Female/Experienced/ckmk_a_ard_f_e_156674.wav"}}}