{"version":"1.0","dataSet":{"info":{"date":"20230116","occupation":"ARD","channel":"MOCK","place":"ONLINE","gender":"FEMALE","ageRange":"45-54","experience":"EXPERIENCED"},"question":{"raw":{"text":"열심히 하는데도 본인이 원하는 만큼 잘 따라오지 못하는 팀 동료들이 있을 수도 있습니다 이럴 때 지원자님은 어떻게 하시나요","wordCount":18},"emotion":[],"intent":[]},"answer":{"raw":{"text":"열심히 하지만 능력이 되지 않는 동료들도 많이 있고 또 제가 그런 모습이 될 수도 있습니다. 이럴 때 난감하지만 그 친구의 눈높이에 맞는 업무를 만들어서 서로 공유할 수 있는 내용이 있다면 참으로 이상적이라고 생각합니다. 그러나 대부분 본인도 상대방도 그러한 상황을 서로 인지하거나 인정하지 않을 때 그러한 영 업무 형태를 만드는 것은 쉽지 않다고 생각합니다. 기다려 주고 인내하는 방법으로 약간 뒤진 동료라도 함께 가는 방법을 선택하겠습니다.","wordCount":64},"emotion":[],"intent":[{"text":"","expression":"","category":"attitude"}],"summary":{"text":"열심히 하지만 능력이 없는 동료의 눈높이에 맞는 업무를 만들어 서로 공유할 수 있는 내용이 있다면 좋겠습니다. 기다려 주고 인내하는 방법으로 약간 뒤진 동료라도 함께 가는 방법을 선택하겠습니다.","wordCount":27}}},"rawDataInfo":{"question":{"fileFormat":"wav","fileSize":617998,"duration":19310,"samplingBit":16,"channelCount":1,"samplingRate":"16kHz","audioPath":"/Mock/06.Design/Female/Experienced/ckmk_q_ard_f_e_264247.wav"},"answer":{"fileFormat":"wav","fileSize":1875278,"duration":58600,"samplingBit":16,"channelCount":1,"samplingRate":"16kHz","audioPath":"/Mock/06.Design/Female/Experienced/ckmk_a_ard_f_e_264247.wav"}}}