{"version":"1.0","dataSet":{"info":{"date":"20230116","occupation":"ARD","channel":"MOCK","place":"ONLINE","gender":"FEMALE","ageRange":"45-54","experience":"EXPERIENCED"},"question":{"raw":{"text":"만약 본인이 직접 해외 출장 장소를 선택할 수 있다면 꼭 한 번 가서 일해보고 싶은 나라는 어디인지 말씀해 주세요","wordCount":19},"emotion":[],"intent":[]},"answer":{"raw":{"text":"만약에 제가 직접 해외 출장 장소를 선택할 수 있다면 저는 스페인을 선택해서 일을 해보고 싶습니다. 제가 수년 전에 스페인에서 유학을 하면서 사 년 오 년 정도의 시간을 보냈는데 그때는 공부하는 학생으로서의 신분으로 그 곳에서 시간을 보냈었습니다. 제가 일을 하는 신분으로 스페인에서 시간을 보내게 된다면 또 색다른 경험을 할 수 있지 않을까 라는 생각을 합니다. 또 색다른 경험과 더불어서 제가 이미 가지고 있는 스페인에 대한 노하우라든지 스페인에 대한 정보라든지 스페인 사람들에 대한 이해라든지 이런 것을 통해서 제가 그 곳에서 하는 여러 가지 업무에 긍정적인 영향을 미칠 수 있지 않을까. 그렇게 생각하기 때문에 저는 스페인에서 꼭 일을 해보고 싶습니다. 그리고 최근에 스페에서 한국에 관한 관심이 굉장히 늘어나고 있다 라는 이야기도 듣고 있는데 스페인에서 일을 하게 된다면 가서 한국에 대해 대해서도 좀 더 자세하게 구체적으로 좋은 부분을 알릴 수 있고 더불어서 우리 회사가 어떤 일을 하는 회사고 어 어떤 제품을 만들고 너희들이 이 물건을 이용해서 얼마큼 만족감을 느낄 수 있을지 조금 더 스페인 사람들의 눈에 맞추어서 설명을 할 수 있다고 생각하고 어 좀 더 효율적으로 성공적으로 일을 해낼 수 있지 않을까 그렇게 생각합니다.","wordCount":170},"emotion":[],"intent":[{"text":"","expression":"","category":"attitude"}],"summary":{"text":"스페인에서 직접 해외 출장 장소를 선택할 수 있다면 일을 해보고 싶습니다. 일을 하는 신분으로 스페인에서 시간을 보내게 된다면 색다른 경험을 할 수 있을 것이며 여러 가지 업무에 긍정적인 영향을 미칠 수 있을 것이라 생각하기 때문입니다. 그리고 스페인에서 일을 하게 된다면 한국에 대해서도 좀 더 자세하게 좋은 부분을 알릴 수 있고 효율적인 성공적인 일을 해낼 수 있을 것으로 생각합니다.","wordCount":58}}},"rawDataInfo":{"question":{"fileFormat":"wav","fileSize":636238,"duration":19880,"samplingBit":16,"channelCount":1,"samplingRate":"16kHz","audioPath":"/Mock/06.Design/Female/Experienced/ckmk_q_ard_f_e_247824.wav"},"answer":{"fileFormat":"wav","fileSize":2876238,"duration":89880,"samplingBit":16,"channelCount":1,"samplingRate":"16kHz","audioPath":"/Mock/06.Design/Female/Experienced/ckmk_a_ard_f_e_247824.wav"}}}