{"version":"1.0","dataSet":{"info":{"date":"20230116","occupation":"ARD","channel":"MOCK","place":"ONLINE","gender":"FEMALE","ageRange":"35-44","experience":"EXPERIENCED"},"question":{"raw":{"text":"사내 스터디를 만들어 공부할 수 있다면 어떤 것을 공부하고 싶으신가요 그 이유도 함께 이야기해 주세요","wordCount":15},"emotion":[],"intent":[]},"answer":{"raw":{"text":"네 저는 사내 스터디를 만든다고 하면 그 사내에 있는 디자이너들과 같이 한번 공유를 해보고 싶습니다. 어 사내 스터디에서 디자인의 최근 어 유행하고 있는 그런 작품들을 함께 감상하고 또 이야기를 해보면 많은 도움이 될 것 같은데요. 개개인별로 지금 트렌드를 파악하기에는 시간이 부족하기 때문에 각자 최근의 트렌드를 파악하고 그거에 대해서 논의를 해 본다면 훨씬 더 재미있을 것 같고요. 또 개인 작품을 하는 데에도 많은 도움을 받을 수 있을 것 같습니다. 그래서 저는 디자이너들이 함께 모이는 그런 스터디를 만들어보고 싶고요. 그리고 거기서 만약에 좋은 아이디어가 나온다고 하면 서로 의견을 교환하고 좀 독창적인 작품이 나올 수 있다고 생각을 합니다. 결국 그래서 사내 스터디이지만 그게 업무적으로 연결될 수도 있을 것 같고요. 그리고 서로 거기에서 친분 관계를 쌓고 시간을 많이 보내다 보면 서로를 이해할 수 있는 그런 작품의 세계가 열릴 수 있기 때문에 저는 그런 공동 작업을 위해서라도 사내 스터디가 반드시 필요하다고 생각을 하고요. 그런 디자이너들 그리고 관련한 이제 그런 이제 직원들이 같이 모여서 어 친분을 쌓을 수 있는 동아리를 만든다면 훨씬 더 저는 유익할 것이라고 생각합니다.","wordCount":161},"emotion":[],"intent":[{"text":"","expression":"","category":"attitude"}],"summary":{"text":"사내 스터디를 만든다면 디자인의 최근 트렌드를 파악해 개인 작품을 하는 데에도 도움을 받을 수 있을 것 같습니다. 그러면 업무적 연결도 되고 서로 친분 관계를 쌓고 시간을 보내다 보면 서로를 이해할 수 있는 작품의 세계가 열릴 수 있기 때문에 그런 공동작업을 위해서라도 사내스터디가 반드시 필요하다고 생각합니다.","wordCount":45}}},"rawDataInfo":{"question":{"fileFormat":"wav","fileSize":320078,"duration":10000,"samplingBit":16,"channelCount":1,"samplingRate":"16kHz","audioPath":"/Mock/06.Design/Female/Experienced/ckmk_q_ard_f_e_115012.wav"},"answer":{"fileFormat":"wav","fileSize":2748238,"duration":85880,"samplingBit":16,"channelCount":1,"samplingRate":"16kHz","audioPath":"/Mock/06.Design/Female/Experienced/ckmk_a_ard_f_e_115012.wav"}}}