{"version":"1.0","dataSet":{"info":{"date":"20230116","occupation":"ARD","channel":"MOCK","place":"ONLINE","gender":"FEMALE","ageRange":"35-44","experience":"EXPERIENCED"},"question":{"raw":{"text":"디자인 업무의 프로세스에 관해 간략히 설명해 주시고 이 프로세스를 적용하여 진행한 프로젝트가 있다면 함께 설명해 주시기 바랍니다","wordCount":17},"emotion":[],"intent":[]},"answer":{"raw":{"text":"어 이게 한 사람이 독단적으로 진행을 하게 되는 일은 아니니까 모두가 같이 팀원이 어 흘러가는 일로 알고 있기 때문에 일단 저희가 할려고 하는 일에 대해서 제가 설명을 하자면 어떤 것을 극장에서 기획을 하는지 어떤 내용으로 기획을 하는지에 대한 그 공유가 필요하다고 생각을 하거든요. 그래서 일단은 진짜 그거를 하고자 하는 내용의 메세지를 정확하게 이 디자이너 팀들이 알고 있어야 우리가 직관적으로 이거를 소비자가 어떻게 바로 디자인으로서 파악할 수 있을까 를 먼저 공유해야 한다고 생각해요. 그리고 팀으로 움직이는 것 중에 좋은 점은 한 사람의 독단적인 감각으로 흘러가지 않는다고 생각을 하거든요. 그래서 여러 사람의 그런 아이디어들이 공유되었을 때 이제 리더인 분이 그걸 통일시켜주는 과정을 거쳐줘야 한다고 생각합니다. 모두가 만족할 수 있는 거는 없지만 그래도 모두가 든 아이디어에서 절충을 할 수는 있다고 생각하거든요. 그래서 그거를 딱 거쳤을 때 애초에 극장에서 기획한 그 메세지와 부합하는지를 한 번 더 검토할 수 있다고 생각합니다.","wordCount":136},"emotion":[],"intent":[{"text":"","expression":"","category":"attitude"}],"summary":{"text":"팀이 움직이는 것 중에는 한 사람의 독단적인 감각으로 흘러가지 않는 것이 좋다고 생각합니다. 그래서 여러 사람의 아이디어가 공유되었을 때 리더인 분이 그것을 통일시켜주는 과정을 거쳐야 합니다. 그 과정을 거쳤을 때 극장에서 기획한 그 메세지와 부합하는지를 한 번 더 검토할 수 있습니다.","wordCount":41}}},"rawDataInfo":{"question":{"fileFormat":"wav","fileSize":373838,"duration":11680,"samplingBit":16,"channelCount":1,"samplingRate":"16kHz","audioPath":"/Mock/06.Design/Female/Experienced/ckmk_q_ard_f_e_149206.wav"},"answer":{"fileFormat":"wav","fileSize":2731598,"duration":85360,"samplingBit":16,"channelCount":1,"samplingRate":"16kHz","audioPath":"/Mock/06.Design/Female/Experienced/ckmk_a_ard_f_e_149206.wav"}}}