{"version":"1.0","dataSet":{"info":{"date":"20230116","occupation":"ARD","channel":"MOCK","place":"ONLINE","gender":"FEMALE","ageRange":"45-54","experience":"EXPERIENCED"},"question":{"raw":{"text":"지원자께서는 지금 읽고 계신 책이 있는지 궁금합니다 있다 면은 그 책은 무엇이며 왜 그 책을 읽는지도 함께 말씀해 주시길 바랍니다","wordCount":20},"emotion":[],"intent":[]},"answer":{"raw":{"text":"지금 제가 읽고 있는 책은 진하영 교수의 마음이 흐르는 대로 입니다. 생활하다 보니까 정신적으로 스트레스 받는 일들도 많고 그리고 우리 아이를 키우면서 아이들이 어떤 부분에 힘들어 할 때 부모로서 어떻게 해 줘야 하는지 또 진하영 교수가 얘기하는 것처럼 힘든 상황에서 내가 어떻게 이것들을 극복해 나가야 하는지 그런 부분들을 좀 책을 통해서 간접 경험을 하고 싶기도 했었고요. 그런 상황이 만약에 내가 됐다면 난 어떤 식으로 극복해 나가야 할지 그 책을 통해서 좀 도움을 받고 싶기도 했습니다. 그리고 이 책을 어 읽으면서 많이 느꼈던 것은 사람이 힘든 일에 당면했을 때 쉽게 좌절하는 경우가 많은데 내가 나를 포기하지 않고 끝까지 해결점을 찾으려고 노력한다면 반드시 그 노력에 대한 결과는 긍정적인 것이 꼭 있다는 그런 것을 좀 느낄 수 있었습니다. 그래서 제가 살아가는데 좀 더 긍정적인 에너지를 얻을 수 있는 책인 것 같습니다.","wordCount":128},"emotion":[],"intent":[{"text":"","expression":"","category":"attitude"}],"summary":{"text":"제가 읽고 있는 책은 진하영 교수의 마음이 흐르는 대로 인데, 이 책을 통해 간접 경험을 하고 싶습니다. 제가 힘든 일에 당면했을 때 쉽게 좌절하는 경우가 많은데, 제가 끝까지 해결점을 찾으려고 노력한다면 반드시 긍정적인 결과가 있다는 것을 느낄 수 있었습니다.","wordCount":39}}},"rawDataInfo":{"question":{"fileFormat":"wav","fileSize":492238,"duration":15380,"samplingBit":16,"channelCount":1,"samplingRate":"16kHz","audioPath":"/Mock/06.Design/Female/Experienced/ckmk_q_ard_f_e_176988.wav"},"answer":{"fileFormat":"wav","fileSize":2357198,"duration":73660,"samplingBit":16,"channelCount":1,"samplingRate":"16kHz","audioPath":"/Mock/06.Design/Female/Experienced/ckmk_a_ard_f_e_176988.wav"}}}