{"version":"1.0","dataSet":{"info":{"date":"20230116","occupation":"ARD","channel":"MOCK","place":"ONLINE","gender":"FEMALE","ageRange":"35-44","experience":"EXPERIENCED"},"question":{"raw":{"text":"지원자님께서는 본인이 교번 근무에 잘 적응할 수 있다고 생각하시나요 만약 그렇다면 근거도 함께 들어서 자세하게 말씀해 주실 수 있을까요","wordCount":19},"emotion":[],"intent":[]},"answer":{"raw":{"text":"어 잘 적응할 수 있다고 생각이 드는 게 항상 그런 시스템에서 일을 했던 것 같거든요. 근데 이게 교번 근무라는 것 자체는 어쨌든 정확한 교대 시간에 아예 이게 픽스가 되어있는 건 아니지만 그래도 그 일 안에서 그 특정 업무 안에서의 패턴이 있는 거긴 하잖아요 어떤 규칙 같은 게. 그런데 제가 지금까지 해왔던 일은 사실 진짜 유동적인 거고요 유동적인 시스템이었었거든요. 그래서 뭐 예를 들어서 촬영을 한 달 동안 한다 라고 가정을 했을 때 그 한 달을 오로지 이 일을 하는 시간에만 스케줄을 짤 수 있는 거죠 제 삶 자체를. 따른 것처럼 따른 일들처럼 몇 시 출근 몇 시 퇴근이 정해져 있어서 이렇게 오는 게 아니라 오늘은 밤을 샐 수도 있고 오늘은 저녁 여섯 시부터 할 수도 있고 그리고 갑자기 내일은 무슨 아침 아홉 시에 모일 수도 있고 뭐 그런 식으로 진짜 그냥 잠만 자고 씻는 시간으로 네 시간을 쓰는 거지 일하는 시간 자체는 하도 왔다 갔다 하니깐 그런 패턴에 굉장히 익숙해져 있는 상태인 것 같습니다.","wordCount":153},"emotion":[],"intent":[{"text":"","expression":"","category":"attitude"}],"summary":{"text":"촬영 한 달을 오로지 이 일을 하는 시간에만 일정을 짤 수 있는 유동적인 시스템이었습니다. 일하는 시간 자체는 굉장히 유동적인 패턴에 익숙해져 있는 상태라고 할 수 있습니다.","wordCount":26}}},"rawDataInfo":{"question":{"fileFormat":"wav","fileSize":599118,"duration":18720,"samplingBit":16,"channelCount":1,"samplingRate":"16kHz","audioPath":"/Mock/06.Design/Female/Experienced/ckmk_q_ard_f_e_205627.wav"},"answer":{"fileFormat":"wav","fileSize":2544078,"duration":79500,"samplingBit":16,"channelCount":1,"samplingRate":"16kHz","audioPath":"/Mock/06.Design/Female/Experienced/ckmk_a_ard_f_e_205627.wav"}}}