{"version":"1.0","dataSet":{"info":{"date":"20230116","occupation":"ARD","channel":"MOCK","place":"ONLINE","gender":"FEMALE","ageRange":"-34","experience":"EXPERIENCED"},"question":{"raw":{"text":"저희 회사가 더 갖추어 나가야 할 덕목은 무엇이라고 생각하시나요 지원자님께서 생각하는 좋은 회사에 대해서도 함께 말씀해 주세요","wordCount":17},"emotion":[],"intent":[]},"answer":{"raw":{"text":"서로 등을 돌리지 않는 회사가 좋은 회사 라고 생각을 하는데 어쨌든 우리가 일을 하는 거에 있어서 음 생계유지라는 큰 목적이 있지만 그 회사의 이익을 내는 게 또 목표잖아요 이 회사의 이익을 위해서 일하는 게. 그래야만 내가 계속 일할 수 있고 나의 동료들도 계속 같이 갈 수 있는 건데 사실 사회생활을 하다보면 그냥 나만 잘하면 된다 라고 생각하는 사람들도 꽤 많거든요. 이게 우리가 뭐 다 같이 뭘 해야 돼 라는 게 아니라 사실은 저 사람이 만약에 일이 막혔으면 우리 모두에게 적용이 되는 거라고 생각이 들거든요. 이 사람이 결국은 일을 잘 해야지 회사의 이율이 좋아지는 건데 이익이 생기는 건데 이 사람이 혼자 더뎠을 때 그거를 모른 척하면 안 된다고 생각해요. 그리고 어떤 문제가 발생했을 때도 어 적극적으로 같이 힘을 써야지 극복할 수 있지 그거를 모른 척하면은 사실 뭐 나만 있다고 해서 그 회사가 존재하는 건 아니니까 제가 나가도 그 회사는 존재하잖아요. 그러니까 그 안에서 우리가 서로 등 돌리지 않고 함께 할 수 있는 그런 회사가 좋은 회사라고 생각합니다.","wordCount":156},"emotion":[],"intent":[{"text":"이게 우리가 뭐 다 같이 뭘 해야 돼 라는 게 아니라   사실은 저 사람이 만약에 일이 막혔으면 우리 모두에게 적용이 되는 거라고 생각이 들거든요.","expression":"c_cop","category":"personality"},{"text":"이 사람이 결국은 일을 잘 해야지 회사의 이율이 좋아지는 건데 이익이 생기는 건데   이 사람이 혼자 더뎠을 때 그거를 모른 척하면 안 된다고 생각해요.","expression":"c_cop","category":"personality"},{"text":"그러니까 그 안에서 우리가 서로 등 돌리지 않고 함께 할 수 있는 그런 회사가 좋은 회사라고 생각합니다.","expression":"c_value","category":"background"}],"summary":{"text":"생계유지라는 큰 목적뿐만 아니라 회사의 이익을 위해서 일하는 것도 중요하다고 생각했어요. 사회생활을 하다보니 나만 잘 하면 된다고 생각하는 사람들도 많은데, 저는 제가 무슨 일을 해야 돼 라는 게 아니라 제가 일을 잘해야지 회사의 이율이 좋아지는데 도움이 되는 거라는 걸 알고 함께 할 수 있는 회사가 좋은 회사라고 생각합니다.","wordCount":48}}},"rawDataInfo":{"question":{"fileFormat":"wav","fileSize":431438,"duration":13480,"samplingBit":16,"channelCount":1,"samplingRate":"16kHz","audioPath":"/Mock/06.Design/Female/Experienced/ckmk_q_ard_f_e_149732.wav"},"answer":{"fileFormat":"wav","fileSize":2547278,"duration":79600,"samplingBit":16,"channelCount":1,"samplingRate":"16kHz","audioPath":"/Mock/06.Design/Female/Experienced/ckmk_a_ard_f_e_149732.wav"}}}