{"version":"1.0","dataSet":{"info":{"date":"20230116","occupation":"ARD","channel":"MOCK","place":"ONLINE","gender":"FEMALE","ageRange":"-34","experience":"EXPERIENCED"},"question":{"raw":{"text":"오늘 이 시점부터 삼 년 뒤까지 삼 년 내에 주요 성장 계획이나 목표가 혹시 있으실까요 있다면 혹시 무엇일지 저희한테 소개 한 번만 부탁드릴게요","wordCount":23},"emotion":[],"intent":[]},"answer":{"raw":{"text":"아니요. 저는 딱히 뭐 계획이나 목표를 정하지 않는 사람이라서요. 그런 걸 정해도 어차피 그대로 되지가 않는데 제가 제 제가 설정한 대로 계획해서 열심히 그대로 한다고 해도 저만 잘 할 수가 없잖아요. 주변의 상황이 다 제가 생각한 대로 받쳐줘야 되는데 그렇게 안 되죠 잘. 뭐 다 제 뜻대로 되나요. 사람 일이 그렇게 쉬운 것도 아니고. 그래서 저는 애초에 계획하거나 목표를 세우지 않아요. 그래도 잘 살 살아왔고 잘 지내왔고. 목표가 없다고 해서 꼭 부정적으로 보거나 뭔가 야망이 없는 그런 것처럼 보는 것도 웃기고. 야망이 없기도 해요 근데 그게 뭐 어때서요. 네 저는 그냥 현재 현재 삶에서 충실하려고 하고 그리고 어 후회하지 않으려고 하고 정말 당장 내일 어떻게 될지 모르기 때문에 보람차고 뭔가 충만한 하루를 보내려고 그렇게 생각하려고 해요.","wordCount":116},"emotion":[],"intent":[{"text":"","expression":"","category":"attitude"}],"summary":{"text":"저는 계획이나 목표를 정하지 않는 사람이라 설정한 대로 한다고 해도 저만 잘 할 수가 없잖아요. 그래서 저는 애초에 계획하거나 목표를 세우지 않아요. 목표가 없다고 해서 꼭 부정적으로 보거나 야망이 없는 것처럼 보는 것도 웃기요.","wordCount":34}}},"rawDataInfo":{"question":{"fileFormat":"wav","fileSize":484558,"duration":15140,"samplingBit":16,"channelCount":1,"samplingRate":"16kHz","audioPath":"/Mock/06.Design/Female/Experienced/ckmk_q_ard_f_e_188973.wav"},"answer":{"fileFormat":"wav","fileSize":2815438,"duration":87980,"samplingBit":16,"channelCount":1,"samplingRate":"16kHz","audioPath":"/Mock/06.Design/Female/Experienced/ckmk_a_ard_f_e_188973.wav"}}}