{"version":"1.0","dataSet":{"info":{"date":"20230116","occupation":"ARD","channel":"MOCK","place":"ONLINE","gender":"FEMALE","ageRange":"-34","experience":"EXPERIENCED"},"question":{"raw":{"text":"지원자님께서 지금까지 협업을 하면서 가장 어려웠던 것과 그 어려움을 어떻게 해결했는지 함께 말씀해 주세요","wordCount":14},"emotion":[],"intent":[]},"answer":{"raw":{"text":"어 제가 기억나는 협업은 대학교 때 뮤지컬 작업을 한 적이 있었어요. 그때 저희 학교는 아니었고 타 학교에 있는 실용음악과 친구들과 어 뺀드 협업을 했었는데 그때 이제 좀 욕심에 뮤지컬 자체를 학교에서 하는 건데 라이브로 좀 올리고 싶다 라는 생각이 강했어 가지고 그 친구들과 협업을 했는데 사실 지원금 자체가 없었거든요. 그냥 진짜 그 이십 대 중반 초중반 땐데 그냥 우리 돈으로 뭔가를 했던 것 같아요. 학교에서 어떤 지원이 나오지 않아가지고 그런 지원이 없는 상태에서 뺀드 협업을 하니깐 이 아이들한테 사실 줄 페이도 없고 진짜 소위 말하면은 열정 페이 같은 개념으로 했었거든요. 그래서 미안하기도 했었고 또 당시에 그냥 그걸 아예 깨닫지 못하고 밀어붙였으면 모르겠는데 하면서도 일을 벌린 어떤 그런 상황이 굉장히 좀 죄책감이 많이 따라오더라고요. 그래서 어떻게 해결했는지에 대한 그거는 사실 없었고요. 그냥 시간이 지났고 당시에 그 아이들도 이해를 많이 해줬었기 때문에 서로 좀 으쌰으쌰 하면서 했었던 것 같아요.","wordCount":137},"emotion":[{"text":"그래서 미안하기도 했었고   또 당시에 그냥 그걸 아예 깨닫지 못하고 밀어붙였으면 모르겠는데 하면서도 일을 벌린 어떤 그런 상황이 굉장히 좀 죄책감이 많이 따라오더라고요.","expression":"n-shame","category":"negative"}],"intent":[{"text":"","expression":"","category":"attitude"}],"summary":{"text":"대학교 때 뺀드 협업을 한 적이 있었습니다. 지원금 자체가 없었고 그냥 우리 돈으로 뭔가를 했던 것 같았습니다. 줄 페이도 없고 열정 페이 같은 개념으로 했었습니다. 그래서 죄책감이 많이 따라오기도 했지만, 아이들이 이해를 많이 해주었기 때문에 서로 좀 으샤으샤 하면서 했었던 것 같습니다.","wordCount":42}}},"rawDataInfo":{"question":{"fileFormat":"wav","fileSize":640718,"duration":20020,"samplingBit":16,"channelCount":1,"samplingRate":"16kHz","audioPath":"/Mock/06.Design/Female/Experienced/ckmk_q_ard_f_e_155685.wav"},"answer":{"fileFormat":"wav","fileSize":2629838,"duration":82180,"samplingBit":16,"channelCount":1,"samplingRate":"16kHz","audioPath":"/Mock/06.Design/Female/Experienced/ckmk_a_ard_f_e_155685.wav"}}}