{"version":"1.0","dataSet":{"info":{"date":"20230116","occupation":"ARD","channel":"MOCK","place":"ONLINE","gender":"FEMALE","ageRange":"-34","experience":"EXPERIENCED"},"question":{"raw":{"text":"지원자님께서 업무 시 분쟁이 발생할 때를 대비한 지원자님만에 대처법이 있나요 지원자님이 있다면 무엇인지 설명과 함께 이야기해 주세요","wordCount":17},"emotion":[],"intent":[]},"answer":{"raw":{"text":"업무시 분쟁이 발생했을 때 저만의 대처법은 우선 그 사람을 이해하는 것부터 시작하는 것 같습니다. 아무래도 분쟁이 일어났다는 거는 나와 그의 의견이 다르기 때문에 생겨났다 라고 저는 이해를 하는데요. 그럴 때는 서로 각자의 의견만 내세우면은 결국은 싸움이 일어나기 밖에 더 하나 라는 생각이 듭니다. 그래서 그럴 때 저는 그 사람에게 먼저 말을 건네서 어떠한 이유로 그렇게 생각을 하는지 들어볼 것 같고요. 그 상황 속에 있는 그 사람을 이해하려고 노력할 것 같습니다. 이 사람은 이런 상황 속에 있기 때문에 에이라고 이야기를 하고 있구나 그러면 이제 거기에서 아 이 사람 입장에서는 그럴 수 있겠다 라고 이해를 한 다음에요 저의 의견을 이야기할 것 같습니다. 누구 씨는 지금 에이라고 생각을 하시는군요. 저도 그 입장이라면 에이 일 것 같아요. 하지만 지금 저는 이러한 상황이라 비라고 말씀을 드린 거고 그로 인해서 이제 에이 씨가 잘못됐다고 이야기하는 게 아니라 저희의 생각이 다르다고 이야기를 드리고 있는 겁니다. 그리고 우리는 어차피 이것의 결과물을 긍정적으로 해결을 해야 되니까요. 에이 씨 에이의 그 의견과 저희 비 이거를 같이 융합해서 좋게 해결해 보면 어떨까요. 이런 식으로 최대한 부드럽게 이야기해서 대처하는 편입니다. 그리고 그것은 언제나 긍정적으로 작용을 했고요.","wordCount":174},"emotion":[],"intent":[{"text":"","expression":"","category":"attitude"}],"summary":{"text":"업무시 분쟁이 발생했을 때 저만의 대처법은 그 사람을 이해하는 것부터 시작하는 것 같습니다. 각자의 의견만 내세우면 결국은 싸움이 일어날 수밖에 없습니다. 에이의 의견과 비라는 상황을 같이 융합해서 좋게 해결해 보면 어떨까 생각합니다. 최대한 부드럽게 이야기해서 대처하는 편입니다. 그것은 언제나 긍정적으로 작용했습니다.","wordCount":41}}},"rawDataInfo":{"question":{"fileFormat":"wav","fileSize":464718,"duration":14520,"samplingBit":16,"channelCount":1,"samplingRate":"16kHz","audioPath":"/Mock/06.Design/Female/Experienced/ckmk_q_ard_f_e_187803.wav"},"answer":{"fileFormat":"wav","fileSize":2775758,"duration":86740,"samplingBit":16,"channelCount":1,"samplingRate":"16kHz","audioPath":"/Mock/06.Design/Female/Experienced/ckmk_a_ard_f_e_187803.wav"}}}