{"version":"1.0","dataSet":{"info":{"date":"20230116","occupation":"ARD","channel":"MOCK","place":"ONLINE","gender":"FEMALE","ageRange":"35-44","experience":"EXPERIENCED"},"question":{"raw":{"text":"커뮤니케이션을 잘 하기 위한 여러 가지 스킬들이 있을 텐데요 본인만의 스킬이 있다면 한 번 소개해 주시겠습니까 직접 한번 보여주셔도 좋습니다","wordCount":20},"emotion":[],"intent":[]},"answer":{"raw":{"text":"저요 저는 저는 그냥 상대에 맞춰요. 네 대화하는 그때그때 상대마다 또 저도 조금 달라지는 것 같아요. 이 뭐 에이라는 사람이 이러한 대화를 하는 스타일이라면 그 사람이 맞는 또 저도 성격으로 대화를 하고 비라는 사람은 에이와는 다르게 조금 더 직사적이라면 저도 그러면 어떤 거를 물어보고 또 그마 그거에 대한 어떤 피드백을 또 받고 또 제 저의 의견을 또 말하고자 할 때 좀 더 직설적이고 조금 더 명쾌하게 그런 것들을 표현을 드러내면서 대화를 하는 편이고 여러 가지 부분으로 다 조금 조금씩 그 사람의 성격이 묻어나는 그런 말의 특성이 있기 때문에 그대로 해야지 좀 제가 원하는 바를 제일 빨리 얻을 수 있는 거 같애요. 네 그러니까 너무 돌려 말하면 사실 저는 시간이 없기 때문에 어 오래 걸려서 네 가장 조금 힘든 부분이 있죠. 네","wordCount":121},"emotion":[],"intent":[{"text":"","expression":"","category":"attitude"}],"summary":{"text":"저는 직설적이고 명쾌하게 표현을 드러내면서 대화를 하는 편이고 그 사람의 성격이 묻어나는 말의 특성이 있기 때문에 그대로 해야 제가 원하는 바를 빨리 얻을 수 있는 것 같습니다.","wordCount":27}}},"rawDataInfo":{"question":{"fileFormat":"wav","fileSize":573518,"duration":17920,"samplingBit":16,"channelCount":1,"samplingRate":"16kHz","audioPath":"/Mock/06.Design/Female/Experienced/ckmk_q_ard_f_e_179734.wav"},"answer":{"fileFormat":"wav","fileSize":2626638,"duration":82080,"samplingBit":16,"channelCount":1,"samplingRate":"16kHz","audioPath":"/Mock/06.Design/Female/Experienced/ckmk_a_ard_f_e_179734.wav"}}}