{"version":"1.0","dataSet":{"info":{"date":"20230116","occupation":"ARD","channel":"MOCK","place":"ONLINE","gender":"FEMALE","ageRange":"45-54","experience":"EXPERIENCED"},"question":{"raw":{"text":"요즘 공부하는 것이 있다면 그걸 왜 공부하는지 그리고 지금까지 어떤 것을 배웠는지 말씀해 주세요","wordCount":14},"emotion":[],"intent":[]},"answer":{"raw":{"text":"저는 요즘 음 인형을 만들고 있어요. 네 요즘 그 인형 제작에 대해 지금 관심을 가진 지 제가 한 일 이 년 정도 돼서 인형 만들기에 집중을 하고 있는 상태고요 요즘에는. 그래서 저는 인형극은 한 번도 안 해봤어가지고 근데 이제 관심이 생겼어요. 그리고 예전에는 그 인형극의 대상이 저도 조금 좁은 시야로 뭔가 대상을 어리게만 조금 판단을 했던 것 같은데 이젠 그런 것도 아니라는 걸 알았기 때문에 뒤늦게나마 그래서 저도 어 그러한 인형들로 하여금 인형이라는 도구 어떤 그 오브제를 활용을 해서 그리고 오브제가 아닐 수도 있죠. 그냥 인형 그 자체만으로 활용을 해서 네 그걸 할 수 있을 것 같아서 그러려면 제작부터 제가 모조리 다 파헤쳐 봐야 되기 때문에 요즘에 최근 지금 일 이 년 동안은 계속 인형 제작을 하면서 어떻게 이거로 할 수 있을지 고민하고 있습니다.","wordCount":124},"emotion":[],"intent":[{"text":"저는 요즘 음 인형을 만들고 있어요.","expression":"c_private","category":"background"},{"text":"네 요즘 그 인형 제작에 대해 지금   관심을 가진 지 제가 한 일 이 년 정도 돼서 인형 만들기에 집중을 하고 있는 상태고요 요즘에는.","expression":"c_private","category":"background"}],"summary":{"text":"요즘 인형 제작과 인형극에 관심이 생겼는데, 인형극의 대상이 좁은 시야로 판단을 했던 것 같은데 이제는 그런 것도 아니라는 걸 알았기 때문에 인형을 오브제로 활용을 해서 제작부터 다 파헤쳐서 어떻게 이것으로 인형극을 할 수 있을지 고민하고 있습니다.","wordCount":36}}},"rawDataInfo":{"question":{"fileFormat":"wav","fileSize":268878,"duration":8400,"samplingBit":16,"channelCount":1,"samplingRate":"16kHz","audioPath":"/Mock/06.Design/Female/Experienced/ckmk_q_ard_f_e_161068.wav"},"answer":{"fileFormat":"wav","fileSize":2842958,"duration":88840,"samplingBit":16,"channelCount":1,"samplingRate":"16kHz","audioPath":"/Mock/06.Design/Female/Experienced/ckmk_a_ard_f_e_161068.wav"}}}