{"version":"1.0","dataSet":{"info":{"date":"20230116","occupation":"ARD","channel":"MOCK","place":"ONLINE","gender":"FEMALE","ageRange":"45-54","experience":"EXPERIENCED"},"question":{"raw":{"text":"최근 우버 택시와 관련된 논란이 있었던 걸 알고 계실 텐데요 지원자님이 생각하기에 이 우버 택시에 대한 찬반 양론에 대해서는 어떻게 생각하시는지 말씀 부탁드리겠습니다","wordCount":23},"emotion":[],"intent":[]},"answer":{"raw":{"text":"어 우리나라에서는 카카오 택시 어플을 가장 많이 쓰는 걸로 알고 있고 우버 택시는 최근에 그 티맵 어 에서 운영했던 그 택시 어플과 합쳐져서 우 티로 운영하는 걸로 알고 있습니다. 그래서 어느 날 이제 택시 기사님이 그 어플을 쓰라고 하시더라구요. 근데 우버 택시 자체가 우리나라는 외국처럼 그 같은 시스템이 아니라 어쨌든 택시 기사 하시는 분들이 그 어플을 사용해서 어 그 승객을 받는 거잖아요. 근데 우티가 진짜 오래 걸려요. 카카오 택시도 요즘에 오래 걸리긴 한데 요즘에 전체적으로 택시 잡기가 되기 어렵긴 한데 우티를 그 택시 기사님이 분명히 제가 많았던 택시 기사님이 우티는 목적지를 밝히지 않기 때문에 어 택시 기사들이 거절할 수 없대요. 그런데 굉장히 많은 분들이 거절을 하더라고요. 저는 항상 그런 부분이 어떻게 진행이 되고 있는 건지 되게 궁금하고 어 이들이 과연 어 이제 어플이 없으면 우리는 택시를 어떻게 탈 수 있을지 그게 되게 걱정이 됩니다.","wordCount":134},"emotion":[{"text":"저는 항상 그런 부분이 어떻게 진행이 되고 있는 건지 되게 궁금하고 어 이들이 과연   어 이제 어플이 없으면 우리는 택시를 어떻게 탈 수 있을지 그게 되게 걱정이 됩니다.","expression":"n-anxiety","category":"negative"}],"intent":[{"text":"","expression":"","category":"attitude"}],"summary":{"text":"우리나라에서는 카카오 택시 어플을 가장 많이 쓰는 걸로 알고 있고, 우버 택시는 최근에 그 티맵에서 운영했던 그 택시 어플과 합쳐져서 우 티로 운영하는 걸로 알고 있습니다. 우버 택시의 경우 목적지를 밝히지 않기 때문에 택시 기사들이 거절할 수 없다고 하는데, 많은 분들이 거절을 하더군요.","wordCount":43}}},"rawDataInfo":{"question":{"fileFormat":"wav","fileSize":526158,"duration":16440,"samplingBit":16,"channelCount":1,"samplingRate":"16kHz","audioPath":"/Mock/06.Design/Female/Experienced/ckmk_q_ard_f_e_156849.wav"},"answer":{"fileFormat":"wav","fileSize":2595598,"duration":81110,"samplingBit":16,"channelCount":1,"samplingRate":"16kHz","audioPath":"/Mock/06.Design/Female/Experienced/ckmk_a_ard_f_e_156849.wav"}}}