{"version":"1.0","dataSet":{"info":{"date":"20230116","occupation":"ARD","channel":"MOCK","place":"ONLINE","gender":"FEMALE","ageRange":"55-","experience":"EXPERIENCED"},"question":{"raw":{"text":"입사를 하게 된다면 업무 수행 중에 일정에 없던 일이 생길 때가 아마 많을 겁니다 이런 상황이 발생한다면 어떻게 대처하실 건가요","wordCount":20},"emotion":[],"intent":[]},"answer":{"raw":{"text":"그게 제 일 입니다. 네 스케줄이 없던 일이 예정에 없던 일이 생기는 게 제 일입니다. 왜냐하면 어 저는 뭐 어떻게 보면 예술가와 일맥상통하는 부분일 수도 있겠는데요 무에서 유를 창조해 나가는 나가는 진행 과정이 제 일 입니다. 그까 아주 쪼끄만한 그런 해바라기 씨 같은 단서를 시작으로 취재를 해 나가면서 이것을 부풀리고 부풀리고 뭐 열심히 부 부풀려서 잣 정도의 크기 그다음에 뭐 땅콩 정도의 크기 그다음에 뭐 호두 정도의 크기 이런 식으로 계속 부풀려 나가는 과정이기 때문에 이거를 발견했을 때 또 다른 부분에서 찾아보고 어 누군가 또 제보를 하는 게 있다면 또 이동을 해야 되고 어딜 또 가야 되고 뭘 또 봐야 되고 계속 유 그런 발생되는 상황 자체가 무에서 유를 창조해 나가는 과정이기 때문에 대처를 하는 게 아니라 저는 환영할 것 같습니다 반갑게. 그게 제 일이니까요.","wordCount":125},"emotion":[],"intent":[{"text":"","expression":"","category":"attitude"}],"summary":{"text":"예정에 없던 일이 생기는 게 제 일입니다. 무에서 유를 창조해 나가는 진행 과정이 제 일 입니다. 취재 과정에서 부풀리는 과정이기 때문에 누군가 제보를 하는 것이 있다면 환영할 것 같습니다.","wordCount":29}}},"rawDataInfo":{"question":{"fileFormat":"wav","fileSize":503438,"duration":15730,"samplingBit":16,"channelCount":1,"samplingRate":"16kHz","audioPath":"/Mock/06.Design/Female/Experienced/ckmk_q_ard_f_e_111547.wav"},"answer":{"fileFormat":"wav","fileSize":2793678,"duration":87300,"samplingBit":16,"channelCount":1,"samplingRate":"16kHz","audioPath":"/Mock/06.Design/Female/Experienced/ckmk_a_ard_f_e_111547.wav"}}}