{"version":"1.0","dataSet":{"info":{"date":"20230116","occupation":"ARD","channel":"MOCK","place":"ONLINE","gender":"FEMALE","ageRange":"45-54","experience":"EXPERIENCED"},"question":{"raw":{"text":"이 분야에 지원하기 위해 어떤 노력들을 했나요 관련된 노력을 어떤 것들을 했는지 생각나는 대로 말씀해 주세요","wordCount":16},"emotion":[],"intent":[]},"answer":{"raw":{"text":"예술은 표현이고 창작이라고도 하죠. 근데 이 창작은 모방과 뗄래야 뗄 수 없는 관계인 것 같습니다. 무언 것을 보고 변형하고 창작하고 예 그러다 보니까 잘못된 모방은 표절로 이어지기도 하죠. 그래서 저는 이 표절이라는 부분을 굉장히 많은 신경을 쓰고 그래서 가급적이면 어 다른 분의 작품이라든가 이런 것들은 조금 배제하고 어 자연에서 영감을 얻는 얻을려고 노력을 하는 것입니다. 어 자연은 똑같은 게 없거든요. 예측할 수도 없고 그래서 자연 경관을 좀 많이 보면서 영감을 받고 디자인을 할려고 노력을 하고 표절이라는 부분을 좀 더 많이 신경 써서 미연에 방지하고자 어 그런 노력들을 하고 있습니다.","wordCount":89},"emotion":[],"intent":[{"text":"","expression":"","category":"attitude"}],"summary":{"text":"창작은 모방과 뗄 수 없는 관계인데, 잘못된 모방은 표절로 이어지기도 합니다. 그래서 저는 표절이라는 부분을 굉장히 신경 쓰고 가급적이면 다른 분의 작품 등은 배제하고 자연에서 영감을 얻는 얻으려고 노력하고 있습니다.","wordCount":30}}},"rawDataInfo":{"question":{"fileFormat":"wav","fileSize":296078,"duration":9250,"samplingBit":16,"channelCount":1,"samplingRate":"16kHz","audioPath":"/Mock/06.Design/Female/Experienced/ckmk_q_ard_f_e_267136.wav"},"answer":{"fileFormat":"wav","fileSize":1676878,"duration":52400,"samplingBit":16,"channelCount":1,"samplingRate":"16kHz","audioPath":"/Mock/06.Design/Female/Experienced/ckmk_a_ard_f_e_267136.wav"}}}