{"version":"1.0","dataSet":{"info":{"date":"20230116","occupation":"ARD","channel":"MOCK","place":"ONLINE","gender":"FEMALE","ageRange":"35-44","experience":"EXPERIENCED"},"question":{"raw":{"text":"지금 읽고 계신 책이 있는지 있다면 무슨 책인지 궁금합니다 왜 그 책을 읽으시는지도 함께 말씀해 주시겠습니까","wordCount":16},"emotion":[],"intent":[]},"answer":{"raw":{"text":"네 저는 최근에 읽고 있는 책이 있는데요. 바로 유엑스 디자인과 관련된 책입니다. 어 제가 기본적으로 유엑스 디자인은 많이 해보지는 않았는데요. 앞으로 이런 관련한 포트폴리오가 늘어날 것으로 보이고 아 저한테도 이런 경력이 쌓이면 도움이 될 수 있을 것 같애서 지금 책을 보고 읽고 있습니다. 어 제가 읽고 있는 책의 제목은 유엑스 디자이너로 일하고 있습니다 라는 책으로 그 디자이너가 직접 일을 하면서 경험한 내용들을 서술을 했는데요. 어 이런 책들이 저에게 굉장히 많이 도움이 되는 것 같습니다. 저는 디자이너지만 그런 업무를 어 해보지는 않았기 때문에 직접 그 업을 하고 있는 사람들이 어떻게 하고 있는지 그리고 장점과 단점은 무엇인지 볼 수 있기 때문에 어 저에게 굉장히 큰 도움이 되고 있고요. 어 저도 그걸 통해서 앞으로 유엑스 디자인을 하려면 어떤 것들이 필요한지 이런 것들을 공부하고 있습니다. 어 그 뿐만이 아니라 요즘에 트렌드로 유행하고 있는 디자인 책들을 제가 많이 보는 편인데요. 그래픽 그리고 웹 디자인 이렇게 다양한 분야를 통해서 어 제가 배울 수 있기 위해서 여러 가지 트렌드들을 공부하고 또 제가 그거에 부합하는 일들을 할 수 있게 준비를 하고 있는 중입니다.","wordCount":165},"emotion":[],"intent":[{"text":"어 그 뿐만이 아니라 요즘에 트렌드로 유행하고 있는 디자인 책들을 제가 많이 보는 편인데요.","expression":"d_trendy","category":"technology"},{"text":"그래픽 그리고 웹 디자인 이렇게 다양한 분야를 통해서 어 제가 배울 수 있기    위해서 여러 가지 트렌드들을 공부하고 또 제가 그거에 부합하는 일들을 할 수 있게   준비를 하고 있는 중입니다.","expression":"d_trendy","category":"technology"}],"summary":{"text":"최근에 읽고 있는 책은 유엑스 디자인과 관련된 책인데, 디자이너가 직접 일을 하면서 경험한 내용들을 서술한 책입니다. 이것을 통해서 앞으로 유엑스 디자인을 하려면 어떤 것들이 필요한지 이런 것들을 공부하고 있습니다. 그 뿐만 아니라 최근에 트렌드로 유행하고 있는 디자인 책들을 제가 많이 보는 편인데, 다양한 분야를 통해서 여러 가지 트렌드들을 공부하고 그에 부합하는 일들을 할 수 있게 준비를 하고 잇습니다.","wordCount":58}}},"rawDataInfo":{"question":{"fileFormat":"wav","fileSize":339278,"duration":10600,"samplingBit":16,"channelCount":1,"samplingRate":"16kHz","audioPath":"/Mock/06.Design/Female/Experienced/ckmk_q_ard_f_e_135463.wav"},"answer":{"fileFormat":"wav","fileSize":2736718,"duration":85520,"samplingBit":16,"channelCount":1,"samplingRate":"16kHz","audioPath":"/Mock/06.Design/Female/Experienced/ckmk_a_ard_f_e_135463.wav"}}}