{"version":"1.0","dataSet":{"info":{"date":"20230116","occupation":"ARD","channel":"MOCK","place":"ONLINE","gender":"FEMALE","ageRange":"45-54","experience":"EXPERIENCED"},"question":{"raw":{"text":"남들과는 다른 자신만의 경쟁력을 말씀해 주세요 경쟁력을 키우기 위해 어떤 노력을 했는지도 설명해 주세요","wordCount":14},"emotion":[],"intent":[]},"answer":{"raw":{"text":"저의 경쟁력이요. 글쎄요. 음 쉽게 지치지 않는 거 네 뭔가 딱 제대로 들어오면 제대로 저한테 꽂히면 저는 제가 할 수 있는 데까지는 하는 것 같아요. 어 쉽게 질리는 편도 아니고 그래서 제 일을 하는 것도 저는 아직 안 질렸거든요. 이미 지금 네 거의 뭐 이십 년 넘게 하고 있는데 아직 안 질렸어요. 저는 아직 너무 재미있고 그래서 쉽게 질리지 않는다는 거 근데 또 경쟁력이라고 하기에는 저 같은 사람들이 많아서 많아요. 단지 쉽게 질리는 사람들보다 적을 뿐이지 많아요 저 같은 사람들도. 그래서 어 그렇다고 할 수 있는데 노력이요. 노력도 그냥 일을 하는 거 계속 반복이네요. 네 일을 하는 것 그 자체가 노력이죠. 왜냐하면 제가 이 일에 질리지 않았으니까 저는 계속 이 일을 하는 거죠 네 그렇습니다.","wordCount":115},"emotion":[],"intent":[{"text":"","expression":"","category":"attitude"}],"summary":{"text":"쉽게 지치지 않는 것이 경쟁력이라고 하기에는 저 같은 사람들이 많아서 많이 질리는 사람들보다 적을 뿐입니다. 그래서 노력은 일을 하는 것 그 자체가 노력이고 계속 이 일을 하는 것입니다.","wordCount":28}}},"rawDataInfo":{"question":{"fileFormat":"wav","fileSize":375118,"duration":11720,"samplingBit":16,"channelCount":1,"samplingRate":"16kHz","audioPath":"/Mock/06.Design/Female/Experienced/ckmk_q_ard_f_e_161065.wav"},"answer":{"fileFormat":"wav","fileSize":2872398,"duration":89760,"samplingBit":16,"channelCount":1,"samplingRate":"16kHz","audioPath":"/Mock/06.Design/Female/Experienced/ckmk_a_ard_f_e_161065.wav"}}}