{"version":"1.0","dataSet":{"info":{"date":"20230116","occupation":"ARD","channel":"MOCK","place":"ONLINE","gender":"FEMALE","ageRange":"-34","experience":"EXPERIENCED"},"question":{"raw":{"text":"지원자님께서 본인이 가지고 있는 위치보다 어려운 목표를 달성했던 경험이 있다면 어떠한 것이 있었는지 설명해 주시기 바랍니다","wordCount":16},"emotion":[],"intent":[]},"answer":{"raw":{"text":"저는 생각해보니까 항상 제가 맡은 일 그리고 제가 위치하고 있는 그 자리에서 할 수 있는 것 만큼만 일을 했었던 것 같애요. 그래서 지금 제가 그 이상의 어떤 것들을 해낸 것이 있었나 라고 생각해봤을 때 그렇게 무리하면서 제가 뭔가를 성취하려고 했던 것 같지는 않아서 그런 경험이 없습니다.","wordCount":46},"emotion":[],"intent":[{"text":"","expression":"","category":"attitude"}],"summary":{"text":"저는 맡은 일에 할 수 있는 만큼만 일을 했고, 무리하면서 성취하려고 했던 것 같지는 않습니다. 그런 경험이 없습니다.","wordCount":18}}},"rawDataInfo":{"question":{"fileFormat":"wav","fileSize":373518,"duration":11670,"samplingBit":16,"channelCount":1,"samplingRate":"16kHz","audioPath":"/Mock/06.Design/Female/Experienced/ckmk_q_ard_f_e_149729.wav"},"answer":{"fileFormat":"wav","fileSize":1082958,"duration":33840,"samplingBit":16,"channelCount":1,"samplingRate":"16kHz","audioPath":"/Mock/06.Design/Female/Experienced/ckmk_a_ard_f_e_149729.wav"}}}