{"version":"1.0","dataSet":{"info":{"date":"20230116","occupation":"ARD","channel":"MOCK","place":"ONLINE","gender":"FEMALE","ageRange":"-34","experience":"EXPERIENCED"},"question":{"raw":{"text":"저희 일의 특성상 야근이나 잔업 외근이 많아질 수 있는데요 그래도 괜찮으시겠나요","wordCount":11},"emotion":[],"intent":[]},"answer":{"raw":{"text":"네 기존 디자인이라든지 아니면 예술 분야에서는 야근이나 잔업 그리고 외근이 많은 걸 저는 알고 있습니다. 왜냐하면 그전에 회사에서도 그렇게 잔업이라든지 야근이 있어서 회사에 있는 시간이 조금은 더 길었었는데요. 아무래도 그래서 제가 말씀드리고 싶은 거는 이런 경험이 아무 것도 없는 사람과 이런 경험이 있는 사람은 어느 정도 차이가 있다고 생각이 듭니다. 아무래도 견딜 수 있는 힘이 조금 다르지 않을까 싶은데요. 그러니까 제가 말씀드리고 싶은 거는 그 전에도 그러한 이 근무 상태에서 일을 했었다 그래서 저는 괜찮다 라고 말씀을 드릴 수 있을 것 같습니다.","wordCount":82},"emotion":[],"intent":[{"text":"","expression":"","category":"attitude"}],"summary":{"text":"디자인이나 예술 분야에서는 잔업이나 잔업, 외근이 많은데 이런 경험이 없는 사람과 있는 사람은 차이가 있다고 생각합니다. 전에도 이런 상태로 일을 했었다 해서 저는 괜찮다 라고 말씀을 할 수 있을 것 같습니다.","wordCount":31}}},"rawDataInfo":{"question":{"fileFormat":"wav","fileSize":268878,"duration":8400,"samplingBit":16,"channelCount":1,"samplingRate":"16kHz","audioPath":"/Mock/06.Design/Female/Experienced/ckmk_q_ard_f_e_187043.wav"},"answer":{"fileFormat":"wav","fileSize":1335438,"duration":41730,"samplingBit":16,"channelCount":1,"samplingRate":"16kHz","audioPath":"/Mock/06.Design/Female/Experienced/ckmk_a_ard_f_e_187043.wav"}}}