{"version":"1.0","dataSet":{"info":{"date":"20230116","occupation":"ARD","channel":"MOCK","place":"ONLINE","gender":"FEMALE","ageRange":"35-44","experience":"EXPERIENCED"},"question":{"raw":{"text":"인생을 살면서 어 하나에 푹 빠지는 경우가 있는데요 지원자님께서는 하나에 푹 빠져 몰두해 본 경험이 있으신가요 있으시다면 그것이 무엇인지 설명해 주시길 바랍니다","wordCount":22},"emotion":[],"intent":[]},"answer":{"raw":{"text":"어 제가 이 일을 하게 된 거도 제가 이거에 좀 몰두를 하게 되면서 이걸로 직업을 삼은 것 같거든요. 그 전엔 사실 직업으로 이거를 가져갈 생각은 전혀 없었고 취미 활동 정도로 생각했고 어 소그룹 커뮤니티 같은 데를 자주 나갔었고 그래서 영화를 보고 대화를 나누는 그런 활동을 주로 했었는데 동생이 이제 이걸 전공으로 학교를 갔어요 저는 이제 학교는 안 나왔지만. 그 동생은 본격적으로 그걸 제작하는 데 이제 진로를 자기가 정해서 이제 가기 시작했는데 동생의 권유로 저도 시나리오를 써보기 시작한 거였었거든요. 그냥 평소에 대화할 때 이런 소재 어때 뭐 이런 이야기 어때 라고 아이디어를 냈을 때 괜찮은 것 같은데 라는 이제 얘기를 들으면서 한번 시나리오를 그 언니가 써 봐 라고 제안을 줘서 제가 그냥 약간 무작정 시작을 했었는데 그때가 가장 저는 아무 생각이 안 들고 집중했었던 것 같아요. 진짜 완전 몰두된 상태에 있었는데 그렇게 한 두 작품 쓰고 나니깐 뭔가 제가 이제 이렇게 만드는 사람이 되어 있는 거죠.","wordCount":145},"emotion":[],"intent":[{"text":"","expression":"","category":"attitude"}],"summary":{"text":"이 일을 하게 된 것도 제가 이거에 좀 몰두를 하게 되면서 이렇게 직업을 삼은 것 같습니다. 그 전엔 취미 활동 정도로 생각했고, 영화를 보고 대화를 나누는 활동을 주로 했었는데, 동생의 권유로 시나리오를 써보기 시작하면서 제가 완전 몰입했던 것 같고. 그렇게 한 두 작품 쓰고 나니까 제가 이렇게 만드는 사람이 되어 있는 거 같습니다.","wordCount":53}}},"rawDataInfo":{"question":{"fileFormat":"wav","fileSize":508238,"duration":15880,"samplingBit":16,"channelCount":1,"samplingRate":"16kHz","audioPath":"/Mock/06.Design/Female/Experienced/ckmk_q_ard_f_e_205628.wav"},"answer":{"fileFormat":"wav","fileSize":2780878,"duration":86900,"samplingBit":16,"channelCount":1,"samplingRate":"16kHz","audioPath":"/Mock/06.Design/Female/Experienced/ckmk_a_ard_f_e_205628.wav"}}}