{"version":"1.0","dataSet":{"info":{"date":"20230116","occupation":"ARD","channel":"MOCK","place":"ONLINE","gender":"FEMALE","ageRange":"55-","experience":"EXPERIENCED"},"question":{"raw":{"text":"현대인은 하루에 평균 세 번 거짓말을 하고 산다고 합니다 지원자분께서는 해본 가장 기억에 남 남는 거짓말은 무엇인지 한번 여쭤보고 싶습니다","wordCount":20},"emotion":[],"intent":[]},"answer":{"raw":{"text":"어 저는 일 때문에 어 일로 인해 상당히 많은 거짓말을 사실 정말 밥 먹듯이 했는데요. 기억에 남는 거는 음 아 제가 아 조금 위장을 해야 되는 위장을 해야 되는 그런 일이었어 가지고 제가 마약을 한 적이 있다고 거짓말을 하고 이제 접근을 해서 인터뷰를 하기 위해서 접근을 했던 기억이 있습니다. 사실 많았는데 이런 일이 그러니까 마약이 꼭 아니 고더라도 다양한 뭐 범죄를 저지른 그 당사자인 당사자인 양 한 적이 많았는데 어 마약 쪽으로 하니까 조금 그 찾아보면서 참고 부분들을 조금 저도 따라 해야 되니까 그런 게 어색하지만 해보려고 했기 때문에 조금 기억에 남았던 것 같습니다.","wordCount":94},"emotion":[],"intent":[{"text":"","expression":"","category":"attitude"}],"summary":{"text":"저는 일 때문에 많은 거짓말을 했습니다. 그 중 기억에 남는 건 위장을 해야 되는 일이었는데, 마약 관련 거짓말을 하고 인터뷰를 하려고 접근을 했던 기억이 있습니다.","wordCount":25}}},"rawDataInfo":{"question":{"fileFormat":"wav","fileSize":522958,"duration":16340,"samplingBit":16,"channelCount":1,"samplingRate":"16kHz","audioPath":"/Mock/06.Design/Female/Experienced/ckmk_q_ard_f_e_111543.wav"},"answer":{"fileFormat":"wav","fileSize":2752718,"duration":86020,"samplingBit":16,"channelCount":1,"samplingRate":"16kHz","audioPath":"/Mock/06.Design/Female/Experienced/ckmk_a_ard_f_e_111543.wav"}}}