{"version":"1.0","dataSet":{"info":{"date":"20230116","occupation":"ARD","channel":"MOCK","place":"ONLINE","gender":"FEMALE","ageRange":"35-44","experience":"EXPERIENCED"},"question":{"raw":{"text":"글로벌 인재에게 필수인 요소는 무엇이고 면접자님께서는 그것을 위해 노력했던 부분이 있으십니까 노력했던 부분이 있다면 그 부분에 대해서 말씀 부탁드리겠습니다","wordCount":19},"emotion":[],"intent":[]},"answer":{"raw":{"text":"변화를 빠르게 받아들일 수 있는 거라고 생각하는데 어 무작정 새로운 거를 굉장히 뭐 이게 맞아 라고 계속 받아들인다기보다는 어 굉장히 다양하잖아요 요즘은. 그래서 하나의 가치관이 다 통한다고 말할 수 없기 때문에 유연한 자세가 필요한 것 같애요. 그래서 제가 그런 부분을 위해 노력했던 것은 시야를 넓히는 거였었거든요. 그래서 제 말을 하는 것보다는 오히려 좀 상대방의 어떤 상황을 좀 파악하는 데 더 열심히 했던 것 같애요. 다양한 사례를 좀 많이 접하려고 노력했었구. 그리고 그 상황에서 어떤 문제가 생기는지 어떤 갈등이 생기는지도 많이 분석했던 것 같애요. 그래서 결국은 어 내가 너무 많은 정보가 쏟아지는 요즘에 되게 유연하게 그것들을 받아들일 줄 알아야 하면서 결국은 그 제가 일하는 그곳에 어떤 시스템을 적용하고 어떤 태도로 임하느냐가 중요한 거잖아요. 그래서 다시 또 나로 대입했을 때 나는 이걸 어떻게 대처할 수 있을까를 나를 또 돌아보는 것들을 많이 했던 것 같습니다.","wordCount":132},"emotion":[],"intent":[{"text":"그래서 하나의 가치관이   다 통한다고 말할 수 없기 때문에 유연한 자세가 필요한 것 같애요.","expression":"c_value","category":"background"}],"summary":{"text":"하나의 가치관이 다 통한다고 말할 수 없기 때문에 유연한 자세가 필요한 것 같습니다. 그래서 시야를 넓히고 다양한 사례를 접하며 갈등 상황을 분석했습니다. 그리고 제가 일하는 곳에 어떤 시스템을 적용하고 어떤 태도로 임하느냐가 중요한 것 같았습니다.","wordCount":35}}},"rawDataInfo":{"question":{"fileFormat":"wav","fileSize":529998,"duration":16560,"samplingBit":16,"channelCount":1,"samplingRate":"16kHz","audioPath":"/Mock/06.Design/Female/Experienced/ckmk_q_ard_f_e_149208.wav"},"answer":{"fileFormat":"wav","fileSize":2553998,"duration":79810,"samplingBit":16,"channelCount":1,"samplingRate":"16kHz","audioPath":"/Mock/06.Design/Female/Experienced/ckmk_a_ard_f_e_149208.wav"}}}