{"version":"1.0","dataSet":{"info":{"date":"20230116","occupation":"ARD","channel":"MOCK","place":"ONLINE","gender":"FEMALE","ageRange":"45-54","experience":"EXPERIENCED"},"question":{"raw":{"text":"매일 공부하고 있는 분야가 따로 있나요 있다면 왜 공부하는지 이유와 함께 설명해 주세요","wordCount":13},"emotion":[],"intent":[]},"answer":{"raw":{"text":"저는 편집 프로그램 같은 거를 공부하고 있는데 음 최근에는 인디자인을 좀 공부를 하고 있어요. 어 일러스트레이터를 시작으로 해서 포토샵이랑 인디자인을 좀 하고 있는데 제가 나중에 일 인 출판을 내는 게 저의 어떤 목표라서 그 관련된 편집 프로그램을 좀 꾸준히 배우고 있습니다. 어 그거 관련돼서 제가 제 개인적인 출판물을 내는 것도 목적이긴 하지만 제가 어떤 그런 회사를 좀 운영해보고 싶은 마음이 있어요. 그래서 좀 좋은 제가 좋다고 느끼는 어 사람들의 글을 책으로 출 출판을 하고 싶은 목표가 있어서 그 프로그램을 계속 꾸준하게 공부를 하고 있습니다. 그래서 소소하게 뭐 제가 일기라던지 여행 갔다 온 자료들이라던지 이런 것들을 그냥 제 개인 출판물로 연습 삼아 어 만들어보고는 있습니다.","wordCount":104},"emotion":[{"text":"어 일러스트레이터를 시작으로 해서   포토샵이랑 인디자인을 좀 하고 있는데 제가 나중에   일 인 출판을 내는 게 저의 어떤 목표라서 그 관련된 편집 프로그램을 좀 꾸준히 배우고 있습니다.","expression":"p-interest","category":"positive"},{"text":"어 그거 관련돼서 제가 제 개인적인 출판물을 내는 것도 목적이긴 하지만 제가 어떤 그런 회사를 좀 운영해보고 싶은 마음이 있어요.","expression":"p-interest","category":"positive"},{"text":"그래서   좀 좋은 제가 좋다고 느끼는 어 사람들의 글을   책으로 출 출판을 하고 싶은 목표가 있어서 그 프로그램을 계속 꾸준하게 공부를 하고 있습니다.","expression":"p-interest","category":"positive"}],"intent":[{"text":"어 일러스트레이터를 시작으로 해서   포토샵이랑 인디자인을 좀 하고 있는데 제가 나중에   일 인 출판을 내는 게 저의 어떤 목표라서 그 관련된 편집 프로그램을 좀 꾸준히 배우고 있습니다.","expression":"c_imp","category":"personality"},{"text":"어 그거 관련돼서 제가 제 개인적인 출판물을 내는 것도 목적이긴 하지만 제가 어떤 그런 회사를 좀 운영해보고 싶은 마음이 있어요.","expression":"d_brand_pref","category":"technology"},{"text":"그래서   좀 좋은 제가 좋다고 느끼는 어 사람들의 글을   책으로 출 출판을 하고 싶은 목표가 있어서 그 프로그램을 계속 꾸준하게 공부를 하고 있습니다.","expression":"c_imp","category":"personality"}],"summary":{"text":"편집 프로그램과 인디자인을 공부하고 있는데, 나중에 일인 출판을 내는 게 목표라서 관련 편집 프로그램을 꾸준히 배우고 있습니다. 사람들의 글을 책으로 출판하고 싶은 목표가 있어서 그 프로그램을 계속 공부하고 있으며, 개인 출판물로 연습 삼아 만들어보고 있습니니다.","wordCount":35}}},"rawDataInfo":{"question":{"fileFormat":"wav","fileSize":304718,"duration":9520,"samplingBit":16,"channelCount":1,"samplingRate":"16kHz","audioPath":"/Mock/06.Design/Female/Experienced/ckmk_q_ard_f_e_156678.wav"},"answer":{"fileFormat":"wav","fileSize":2203598,"duration":68860,"samplingBit":16,"channelCount":1,"samplingRate":"16kHz","audioPath":"/Mock/06.Design/Female/Experienced/ckmk_a_ard_f_e_156678.wav"}}}