{"version":"1.0","dataSet":{"info":{"date":"20230116","occupation":"ARD","channel":"MOCK","place":"ONLINE","gender":"FEMALE","ageRange":"-34","experience":"EXPERIENCED"},"question":{"raw":{"text":"좋아하는 디자인 브랜드와 그 이유가 무엇인지 이야기해 주세요","wordCount":8},"emotion":[],"intent":[]},"answer":{"raw":{"text":"네 저는 좋아하는 디자인 브랜드 중에 루이비통이 있습니다. 루이비통의 슬로건 중에 그런 것이 있었습니다. 한 사진에 어떤 여성이 루이비통 가방을 매고 있습니다. 그러고는 여기에서 그런 문구가 있었어요. 이것은 가방이 아니다. 어 이 여성이 되고 있는 거는 분명한 가방인데 그럼 이것은 무엇이지 라는 생각이 들게 만들었는데요. 또 그 다음에는 그런 문구가 적혀 있었습니다. 이것은 루이비통이다. 이것에 저는 굉장히 어 너무나 멋있다고 생각이 들어서 금방 매료될 수 밖에 없었고요. 이러한 브랜드에 대해서 그런 디자이너의 자부심과 그리고 그러한 슬로건을 만들었다는 것도 굉장히 획기적이었다는 생각이 듭니다. 마치 그 마그리드 작가님 있으시잖아요. 그 이것은 파이프가 아니다 라고 적혀져 있는 그 그림을 그리신 작가님 말이에요. 막 얼굴에 사과 그려져 있고 비 오는 사람들 그림 그 작가님이 생각나기도 했고요. 저는 그래서 그 패션 브랜드 중에 루이비통을 굉장히 좋아하고 그런 디자이너의 자부심과 그리고 그런 슬로건 같은 거에도 다른 사람이 생각하지 못한 허를 찌른 그런 슬로건이었었다. 그래서 그런 것에 대한 아이디어도 굉장히 좋아서 그 브랜드를 선호한다 라고 말씀해 드릴 수 있을 것 같습니다.","wordCount":154},"emotion":[],"intent":[{"text":"","expression":"","category":"attitude"}],"summary":{"text":"저는 패션 브랜드 중 루이비통의 슬로건을 보고 디자이너의 자부심과 그런 슬로건을 만들었다는 것이 굉장히 획기적이었다고 생각합니다. 마치 마그리드 작가님처럼 얼굴에 사과 그려져 있고 비 오는 사람들 그림 같은 작가분이 떠오르기도 했습니다. 그래서 그런 것에 대한 아이디어도 굉장히 좋아서 그 브랜드를 선호한다 라고 말할 수 있을 것 같습니다.","wordCount":47}}},"rawDataInfo":{"question":{"fileFormat":"wav","fileSize":284238,"duration":8880,"samplingBit":16,"channelCount":1,"samplingRate":"16kHz","audioPath":"/Mock/06.Design/Female/Experienced/ckmk_q_ard_f_e_188146.wav"},"answer":{"fileFormat":"wav","fileSize":2629198,"duration":82160,"samplingBit":16,"channelCount":1,"samplingRate":"16kHz","audioPath":"/Mock/06.Design/Female/Experienced/ckmk_a_ard_f_e_188146.wav"}}}