{"version":"1.0","dataSet":{"info":{"date":"20230116","occupation":"ARD","channel":"MOCK","place":"ONLINE","gender":"FEMALE","ageRange":"35-44","experience":"EXPERIENCED"},"question":{"raw":{"text":"면접자분께서 일을 하시다가 보면 생각보다 업무량이 많다고 느껴지실 때가 많습니다 그래도 그 일에 대해서 잘 버틸 수 있고 잘 해결해 나갈 수 있으신지 그에 대한 어떤 결심이라든지 생각들을 얘기해 주시기 바랍니다","wordCount":31},"emotion":[],"intent":[]},"answer":{"raw":{"text":"음 잘 버틴다 라는 말은 함부로 하기 어렵습니다. 네 어느 정도 버틸 수는 있겠지만 잘 버틴다는 말은 자신 없습니다. 그리고 업무량이 과도하게 많아질 수 있다 사실 이건 어떤 선전 포고 같은 것 같애서 조금 찝찝한 기분이 드는 건 사실인데요. 근데 대부분의 우리나라 사람이라면 업무량이 중간에 과도하게 많아지는 일을 경험하지 않은 사람은 없을 겁니다. 애초에 학창시절 뭐 시험 범위부터 시작을 해서요 다양한 경험을 다층적으로 쌓아 온 의지의 한국인이기 때문에 네 버틸 자신은 있습니다. 그 한 고비 버티는 거로 그 다음이 어떻게 될지는 모르겠지만 그래도 뭐 한 번은 우선 버텨나갈 자신이 있습니다. 네 그렇습니다.","wordCount":92},"emotion":[],"intent":[{"text":"","expression":"","category":"attitude"}],"summary":{"text":"우리나라 사람은 대부분 업무량이 과도하게 많아지는 일을 경험했기 때문에 잘 버틴다는 말은 함부로 하기 어렵습니다. 하지만 한 고비 버티는 것으로 그 다음이 어떻게 될지는 모르겠지만 한 번은 우선 견뎌나갈 자신이 있습니다.","wordCount":31}}},"rawDataInfo":{"question":{"fileFormat":"wav","fileSize":597838,"duration":18680,"samplingBit":16,"channelCount":1,"samplingRate":"16kHz","audioPath":"/Mock/06.Design/Female/Experienced/ckmk_q_ard_f_e_111992.wav"},"answer":{"fileFormat":"wav","fileSize":2500878,"duration":78150,"samplingBit":16,"channelCount":1,"samplingRate":"16kHz","audioPath":"/Mock/06.Design/Female/Experienced/ckmk_a_ard_f_e_111992.wav"}}}