{"version":"1.0","dataSet":{"info":{"date":"20230116","occupation":"ARD","channel":"MOCK","place":"ONLINE","gender":"FEMALE","ageRange":"45-54","experience":"EXPERIENCED"},"question":{"raw":{"text":"본인은 본인의 소통 능력을 키우기 위해서 어떤 일을 할 수 있으십니까 어떤 일을 할 수 있는지 본인의 의견을 말씀해 주세요","wordCount":20},"emotion":[],"intent":[]},"answer":{"raw":{"text":"어 소통 능력은 지금까지 경험한 바로는 음 아랫사람이던 윗사람이던 개별적으로 많은 대화를 통해서 그 사람을 알아가고 경험치를 이해하고 그리고 서로 대화를 통해서 이제 전달하고 주고받으면서 그 능력이 키워진다고 생각합니다. 그래서 쫌 더 많은 시간을 틈틈이 할애해서 서로 서로 자주 대화할 수 있는 그러한 시간들을 많이 가지는 게 소통 능력을 키우는 데 효율적이라고 생각합니다. 그리고 외부적으로도 다른 카페를 가입을 통해서 뭐 독서 모임을 하다든지 다른 외부적인 취미 활동을 통해서 제 분야와 다른 사람들과 소통을 하고 는 그 경험을 통해서 좀 더 개발할 수 있다고 생각이 듭니다.","wordCount":85},"emotion":[],"intent":[{"text":"","expression":"","category":"attitude"}],"summary":{"text":"소통 능력은 많은 대화를 통해 사람을 알아가고 경험치를 이해하며 주고받으면서 그 능력이 커집니다. 그래서 많은 시간을 할애해서 서로 자주 대화할 수 있는 시간을 많이 가지는 게 소통 능력을 키우는 데 효율적입니다.","wordCount":31}}},"rawDataInfo":{"question":{"fileFormat":"wav","fileSize":458958,"duration":14340,"samplingBit":16,"channelCount":1,"samplingRate":"16kHz","audioPath":"/Mock/06.Design/Female/Experienced/ckmk_q_ard_f_e_109455.wav"},"answer":{"fileFormat":"wav","fileSize":1889358,"duration":59040,"samplingBit":16,"channelCount":1,"samplingRate":"16kHz","audioPath":"/Mock/06.Design/Female/Experienced/ckmk_a_ard_f_e_109455.wav"}}}