{"version":"1.0","dataSet":{"info":{"date":"20230116","occupation":"ARD","channel":"MOCK","place":"ONLINE","gender":"FEMALE","ageRange":"45-54","experience":"EXPERIENCED"},"question":{"raw":{"text":"어 만약 타 부서와 갈등 상황이 발생한다면 지원자님께서는 어떻게 해결하시겠습니까 어 상황을 가정해서 말씀해 주시길 바랍니다","wordCount":16},"emotion":[],"intent":[]},"answer":{"raw":{"text":"양이냐 질이냐에 따라 달라질 것 같아요. 예를 들어서 촬영 팀이 있고 사진을 촬영을 하는 팀이 있고 편집 팀이 있어요. 그런데 촬영 팀에서는 주제에 맞춰서 촬영을 했는데 편집 팀에서 이렇게 촬영을 하면 편집하기가 너무 힘들다 어떤 거는 빼고 촬영을 해 달라라고 했을 때 촬영 팀에서도 어떤 걸 빼고 촬영을 해야 되면 힘들어질 수가 있거든요. 그렇지만 이게 질보다는 양 갯수가 중요하다면 완성되는 갯수가 많아져야 되기 때문에 타 부서에 요구 사항을 들어주도록 노력을 하겠습니다.","wordCount":71},"emotion":[],"intent":[{"text":"","expression":"","category":"attitude"}],"summary":{"text":"촬영과 편집은 양과 질에 따라 달라지는데 질보다 양 갯수가 중요하다면 완성되는 개수가 많아져야 되기 때문에 타 부서에 요구 사항을 들어주도록 노력을 하겠습니다.","wordCount":22}}},"rawDataInfo":{"question":{"fileFormat":"wav","fileSize":565838,"duration":17680,"samplingBit":16,"channelCount":1,"samplingRate":"16kHz","audioPath":"/Mock/06.Design/Female/Experienced/ckmk_q_ard_f_e_248966.wav"},"answer":{"fileFormat":"wav","fileSize":2449998,"duration":76560,"samplingBit":16,"channelCount":1,"samplingRate":"16kHz","audioPath":"/Mock/06.Design/Female/Experienced/ckmk_a_ard_f_e_248966.wav"}}}