{"version":"1.0","dataSet":{"info":{"date":"20230116","occupation":"ARD","channel":"MOCK","place":"ONLINE","gender":"FEMALE","ageRange":"45-54","experience":"EXPERIENCED"},"question":{"raw":{"text":"커뮤니케이션을 잘 할 수 있는 나만의 스킬이 있다면 말씀해 주세요","wordCount":10},"emotion":[],"intent":[]},"answer":{"raw":{"text":"커뮤니케이션을 잘 할 수 있는 나만의 방법은 솔직한 고백입니다. 여기서 솔직한 고백이라면 나의 부족한 모습 내가 잘못한 모습 실패한 모습 감추고 싶은 모습 이러한 모습들을 그냥 편안하게 해제하고 나를 보여 주려고 할 때 상대방이 훨씬 많은 부분을 내려놓고 공감하는 커뮤니케이션의 상황을 많이 경험했습니다. 솔직하게 나를 내려놓는 방법이 꼭 스킬은 아니지만 그러한 정직함이 좋은 상대방과 커뮤니케이션을 했던 경험이라고 생각합니다.","wordCount":58},"emotion":[],"intent":[{"text":"","expression":"","category":"attitude"}],"summary":{"text":"커뮤니케이션을 잘 할 수 있는 나만의 방법은 솔직한 고백입니다. 솔직한 고백을 통해 상대방이 공감하는 커뮤니케이션의 상황을 많이 경험했습니다. 그것이 좋은 상대방과 커뮤니케이션을 했던 경험이라 생각합니다.","wordCount":25}}},"rawDataInfo":{"question":{"fileFormat":"wav","fileSize":232718,"duration":7270,"samplingBit":16,"channelCount":1,"samplingRate":"16kHz","audioPath":"/Mock/06.Design/Female/Experienced/ckmk_q_ard_f_e_264248.wav"},"answer":{"fileFormat":"wav","fileSize":1655758,"duration":51740,"samplingBit":16,"channelCount":1,"samplingRate":"16kHz","audioPath":"/Mock/06.Design/Female/Experienced/ckmk_a_ard_f_e_264248.wav"}}}