{"version":"1.0","dataSet":{"info":{"date":"20230116","occupation":"ARD","channel":"MOCK","place":"ONLINE","gender":"FEMALE","ageRange":"45-54","experience":"EXPERIENCED"},"question":{"raw":{"text":"지원자님의 장단점을 설명해 주시고 그것을 특화 시키고 극복하기 위한 노력도 함께 말씀 부탁드립니다","wordCount":13},"emotion":[],"intent":[]},"answer":{"raw":{"text":"어 저의 장점은 좀 밝은 성격이 아닌가 싶습니다. 조금 잘 웃고 아 밝고 좀 활기찬 에너지. 예 그런 것들이 저의 장점이 아닌가 생각이 듭니다. 산책을 좋아하고 또 어 긍정적인 생각을 가지려고 노력을 하고 또 그 밝은 책들 예 이런 것들을 좀 많이 읽다 보니까 좀 긍정적일 편한 것 같습니다. 그리고 실제로 어렵고 힘든 일을 겪어도 그것이 언젠가 나한테 어 도움이 되는 일로 다가올 것이다. 혹은 내가 이렇게 힘든 이렇게 힘든 일을 겪는 건 더 힘든 일이 겪지 않기 위함이다. 이런 어떤 긍정적인 마인드를 가지려고 스스로도 굉장히 마인드 컨트롤을 하고 마인드셋을 하고 그렇게 노력을 하려고 하고 있습니다. 그리고 저의 단점은 이런 긍정적인 성격 예 예 어 쪼금 빨리 서두르는 예 좀 급한 성격들이 가끔 있어서 그 부분을 쪼금 누그려 트릴려고 십 분 십 분 명상 이런 것도 좀 자주 하는 편이고요. 십 초만 더 생각하기 이런 걸 통해서 단점을 극복하려고 하고 있습니다.","wordCount":141},"emotion":[],"intent":[{"text":"어 저의 장점은 좀 밝은 성격이 아닌가 싶습니다.","expression":"c_person","category":"background"},{"text":"그리고 저의 단점은 이런 긍정적인 성격 예 예 어 쪼금 빨리 서두르는 예 좀 급한 성격들이 가끔 있어서 그 부분을 쪼금 누그려 트릴려고 십 분 십 분 명상 이런 것도 좀 자주 하는 편이고요.","expression":"c_person","category":"background"}],"summary":{"text":"밝고 활기찬 에너지가 장점인 것 같습니다. 그리고 긍정적인 마인드를 가지려고 마인드 컨트롤을 하고 마인드셋을 하려고 노력하고 있습니다. 또 저의 단점인 빠른 성격들을 누그려 트릴려고 십 분 십 분 명상도 자주 하는 편입니다.","wordCount":32}}},"rawDataInfo":{"question":{"fileFormat":"wav","fileSize":360398,"duration":11260,"samplingBit":16,"channelCount":1,"samplingRate":"16kHz","audioPath":"/Mock/06.Design/Female/Experienced/ckmk_q_ard_f_e_267133.wav"},"answer":{"fileFormat":"wav","fileSize":2594958,"duration":81090,"samplingBit":16,"channelCount":1,"samplingRate":"16kHz","audioPath":"/Mock/06.Design/Female/Experienced/ckmk_a_ard_f_e_267133.wav"}}}