{"version":"1.0","dataSet":{"info":{"date":"20230116","occupation":"ARD","channel":"MOCK","place":"ONLINE","gender":"FEMALE","ageRange":"35-44","experience":"EXPERIENCED"},"question":{"raw":{"text":"지원자가 생각하는 디자인이란 무엇입니까","wordCount":4},"emotion":[],"intent":[]},"answer":{"raw":{"text":"어 제가 하는 업무에서 생각할 때는 음 시선을 끄는 거라고 생각을 해요. 일단은 사람들을 좀 사로잡을 수 있어야 하고 그게 어떤 글자가 적혀있고 어떤 그림이 들어있던 건지는 일단은 시선을 끈 후에 파악을 할 수 있어야 한다고 생각을 합니다. 그게 디자인이라는 그 파트가 있는 목적이기도 한 것 같애요. 뭐 그냥 정보 전달이 우선이라면 굳이 디자인이라는 부분을 고려하지 않아도 되지만 어쨌든 우리가 이 디자인이라는 거를 생각해야 하는 이유는 우리를 이제 소비하려고 하는 소비자들이 어떤 식으로 집중할 수 있는지 정말 길을 가다가도 이거를 발견할 수 있는지 그런 것을 중심으로 기능해야 한다고 생각을 하기 때문에 일단은 시선 집중이라고 말할 수 있을 것 같애요.","wordCount":99},"emotion":[],"intent":[{"text":"","expression":"","category":"attitude"}],"summary":{"text":"디자인이라는 그 파트가 있는 목적은 정보를 전달하는 것이 목적이기도 하지만 소비자들을 사로잡고 어떤 글자가 적혀있고 그림이 들어있던 건지는 일단 시선을 끈 후에 파악을 할 수 있어야 한다고 생각을 하기 때문에 시선을 집중시키는 것이라 말할 수 있습니다.","wordCount":36}}},"rawDataInfo":{"question":{"fileFormat":"wav","fileSize":252878,"duration":7900,"samplingBit":16,"channelCount":1,"samplingRate":"16kHz","audioPath":"/Mock/06.Design/Female/Experienced/ckmk_q_ard_f_e_149204.wav"},"answer":{"fileFormat":"wav","fileSize":2275598,"duration":71110,"samplingBit":16,"channelCount":1,"samplingRate":"16kHz","audioPath":"/Mock/06.Design/Female/Experienced/ckmk_a_ard_f_e_149204.wav"}}}