{"version":"1.0","dataSet":{"info":{"date":"20230116","occupation":"ARD","channel":"MOCK","place":"ONLINE","gender":"FEMALE","ageRange":"45-54","experience":"EXPERIENCED"},"question":{"raw":{"text":"지원자께서는 주로 어디에서 영감을 받는 편입니까","wordCount":6},"emotion":[],"intent":[]},"answer":{"raw":{"text":"저는 주로 에스엔에스를 많이 활용을 하는데요. 제 계정을 어 사용하는 것보다 운영하는 것보다 좀 그 마케팅적인 게 요즘에 많이 눈에 띄더라고요. 그래서 그런 아이디어들을 얻는 거에 있어서 에스엔에스를 많이 좀 보는데 사실 최근에 어 인스타그램을 이용해서 하는 홍보 방식이 되게 다양해졌다고 느껴졌었는데 그리고 실제로 거기에 어떤 아이디어를 얻어서 저도 좀 실행을 하고 아니면 제가 좀 그거를 계기로 어떤 아이디어를 생각해 내고 그런 적이 있었는데 최근에 좀 이제 그 방식이 너무 어 지겨워졌다고 생각이 들더라구요. 사람들이 실제로 좀 지겨움을 토로하는 반복된 어떤 그 마케팅 방식의 그래서 어 이제 좀 그거를 그만해야 된다 라는 생각이 좀 들어서 지금은 좀 멀리하고 있는 상태입니다. 그래서 오히려 좀 더 고전적인 방식들을 찾아 다니고 있는 것 같아요.","wordCount":111},"emotion":[],"intent":[{"text":"","expression":"","category":"attitude"}],"summary":{"text":"저는 주로 소셜미디어를 활용하는데, 운영보다 마케팅적인 것을 더 선호합니다. 소셜미디어 활용 홍보 방식이 다양해졌다고 느껴졌으나 지겨워졌습니다. 그래서 요즘은 고전적인 방식을 찾아 다니고 있습니다.","wordCount":23}}},"rawDataInfo":{"question":{"fileFormat":"wav","fileSize":239438,"duration":7480,"samplingBit":16,"channelCount":1,"samplingRate":"16kHz","audioPath":"/Mock/06.Design/Female/Experienced/ckmk_q_ard_f_e_156677.wav"},"answer":{"fileFormat":"wav","fileSize":2423758,"duration":75740,"samplingBit":16,"channelCount":1,"samplingRate":"16kHz","audioPath":"/Mock/06.Design/Female/Experienced/ckmk_a_ard_f_e_156677.wav"}}}