{"version":"1.0","dataSet":{"info":{"date":"20230116","occupation":"ARD","channel":"MOCK","place":"ONLINE","gender":"FEMALE","ageRange":"-34","experience":"EXPERIENCED"},"question":{"raw":{"text":"지원자분께서 입사를 하고 난 뒤에 쉬운 일 그리고 어려운 일이 있다고 생각해 봅시다 이와 같은 일들에 대한 분배를 어떻게 하실 생각이신지 어떤 방식으로 나눠서 처리하실지 궁금합니다","wordCount":26},"emotion":[],"intent":[]},"answer":{"raw":{"text":"저 같은 경우에는 업무 처리를 진행 할 때 우선 순위에 의해서 구분하는 것을 굉장히 중요하게 생각합니다. 그 이유는 저희가 이제 일을 하다 보면 어 당장 해야 될 긴급도가 높은 일이 있고 혹은 당장 급하지 않은 그런 일들을 분류를 할 수가 있는데요. 어 저희가 업무를 하다 보면 여러 가지 일들이 동시 다발적으로 터지기 때문에 저 같은 경우에는 업무 스케줄표에 우선 순위에 의해서 내가 당장 처리해야 될 일들을 하나하나 기입을 하는 편입니다. 눈으로 직접 보면서 당장 처리해야 될 일들을 먼저 진행을 하고 나서 이 일들이 해결을 해결이 된다 라면은 그 이후에 일들을 하나하나 처리를 하는 방식을 저는 업무에 적용을 시키고 있고 실제로도 제가 여러 가지 일들을 수행을 해 보았을 때도 시간을 효율적으로 사용할 수 있다는 점에서 저는 업무에 업무에 성과를 낼 수 있는 좋은 방법 중에 하나라고 생각을 하고 있습니다. 그래서 이 회사에서 근무를 하게 된다 라면은 저는 긴급도에 따라서 일을 진행하겠습니다.","wordCount":140},"emotion":[],"intent":[{"text":"","expression":"","category":"attitude"}],"summary":{"text":"업무 처리를 진행 할 때 우선 순위에 의해서 구분하는 것을 굉장히 중요하게 생각하는데 당장 처리해야 될 일들을 하나하나 기입을 하는 편인데 당장 해결이 된다 면은 그 이후에 일들까지 처리를 하는 방식을 업무에 적용을 시키고 있고 실제로도 시간을 효율적으로 사용할 수 있는 좋은 방법 중 하나라고 생각합니다.","wordCount":46}}},"rawDataInfo":{"question":{"fileFormat":"wav","fileSize":593998,"duration":18560,"samplingBit":16,"channelCount":1,"samplingRate":"16kHz","audioPath":"/Mock/06.Design/Female/Experienced/ckmk_q_ard_f_e_178537.wav"},"answer":{"fileFormat":"wav","fileSize":2804238,"duration":87630,"samplingBit":16,"channelCount":1,"samplingRate":"16kHz","audioPath":"/Mock/06.Design/Female/Experienced/ckmk_a_ard_f_e_178537.wav"}}}