{"version":"1.0","dataSet":{"info":{"date":"20230116","occupation":"ARD","channel":"MOCK","place":"ONLINE","gender":"FEMALE","ageRange":"35-44","experience":"EXPERIENCED"},"question":{"raw":{"text":"지원자님은 지원자님만의 스트레스 해소 방법이 있나요 지원자님은 스트레스를 받으면 어떻게 해소하시는지 왜 그런 방법으로 해소하시는지 저에게 말씀해 주시겠어요","wordCount":18},"emotion":[],"intent":[]},"answer":{"raw":{"text":"음 저는 있습니다 확고하게. 저의 오랜 해소 방법인데요. 저는 등산을 갑니다. 네 이거는 사실 또 모든 사람에게 통하지 않을 수 있는 방법인데 음 개인적으로 저는 운동을 좋아하는 편이라서요. 등산이 이제 경사길을 오르는 거기 때문에 뭐 그게 원만하든 아니면 되게 가파른 산이든 간에 그 힘든 오르막길을 올라가면서 땀을 빼면서 정상까지 꼭 안 가더라도 정상은 매번 가긴 하지만요. 그런데 정상을 가지 않더라도 올라가는 와중에 그 땀방울 하나하나가 다 떨어질 때 희열이 있습니다. 네 어 꼭 어떤 일을 할 때 무언가 수고를 들여야 될 때 꼭 땀이 나지는 않잖아요. 그런데 그런 과정들이 다 있기 때문에 그게 저는 등산할 때 땀 방울이 떨어지는 게 꼭 그런 과정들에 어떤 은유같다고 해야 될까요. 그래서 땀이 떨어지면서 희한한 어떤 쾌감도 느끼고 그게 괜히 저를 건강하게 하는 것 같고 더 그리고 정말 정말 시원합니다 정상에 올랐을 때. 그래서 저는 꼭 등산을 갑니다.","wordCount":134},"emotion":[],"intent":[{"text":"","expression":"","category":"attitude"}],"summary":{"text":"어떤 일을 해야 될 때 꼭 땀이 나지는 않습니다. 그런데 어떤 일을 하는 와중에 그 땀방울 하나하나가 다 떨어질 때 희열이 있습니다. 그래서 땀이 떨어지면서 희한한 어떤 쾌감도 느끼고 제가 건강하게 하는 것 같아 꼭 등산을 합니다.","wordCount":37}}},"rawDataInfo":{"question":{"fileFormat":"wav","fileSize":404558,"duration":12640,"samplingBit":16,"channelCount":1,"samplingRate":"16kHz","audioPath":"/Mock/06.Design/Female/Experienced/ckmk_q_ard_f_e_141182.wav"},"answer":{"fileFormat":"wav","fileSize":2898638,"duration":90580,"samplingBit":16,"channelCount":1,"samplingRate":"16kHz","audioPath":"/Mock/06.Design/Female/Experienced/ckmk_a_ard_f_e_141182.wav"}}}