{"version":"1.0","dataSet":{"info":{"date":"20230116","occupation":"ARD","channel":"MOCK","place":"ONLINE","gender":"FEMALE","ageRange":"45-54","experience":"EXPERIENCED"},"question":{"raw":{"text":"지금까지 협업을 해 보신 일이 있을 텐데요 그중에서 가장 어려웠던 점은 어떤 것이었는지 또 그 어려움을 어떻게 해결했는지도 함께 말씀해 주시면 좋겠습니다","wordCount":22},"emotion":[],"intent":[]},"answer":{"raw":{"text":"뭐 대게 일쩍으로 생각이 다르고 그랬던 거는 뭐 어려웠던 부분은 아닌 것 같아요. 당연히 일을 하다보면 생기는 문제인데 저는 개인적으로 그 상대방이 좀 너무 싸가지가 없어서 그럴 때 되게 어려웠었던 것 같아요. 그게 모든 나머지 팀원들을 다 힘들게 하는 자꾸 상황을 만들었었거든요. 뭘 제시해도 자기 기분에 따라서 자꾸 그것들을 반응하니깐 우리가 지금 일을 하려고 왔는지 저 사람을 케어해주려고 왔는지 약간 혼돈이 생기는 지점들이 발생을 했었어요. 그래서 나중에 진짜 모두가 다 그 사람을 어떻게 해야 될지 모르는 상황까지 갔었고 그때 제가 해결했었던 건 아니었었고 저희가 다 같이 의견을 모아서 그 상대방 쪽에 그 분을 어 데리고 온 팀에게 적극적으로 말했었던 것 같아요. 그래서 그 사람이 그 협업에서 빠졌었던 일이 있었습니다.","wordCount":109},"emotion":[],"intent":[{"text":"","expression":"","category":"attitude"}],"summary":{"text":"일을 하다보면 생기는 문제로서, 상대방이 너무 싸움이 많아서 팀원들을 힘들게 했던 적이 있습니다. 그 사람을 케어하려고 왔는지 케어하지 않으려고 왔는지 혼돈의 지점이 생겼던 적이 있었는데, 다 같이 의견을 모아 그 사람을 데리고 온 팀에게 말했습니다.","wordCount":35}}},"rawDataInfo":{"question":{"fileFormat":"wav","fileSize":419918,"duration":13120,"samplingBit":16,"channelCount":1,"samplingRate":"16kHz","audioPath":"/Mock/06.Design/Female/Experienced/ckmk_q_ard_f_e_156681.wav"},"answer":{"fileFormat":"wav","fileSize":2663118,"duration":83220,"samplingBit":16,"channelCount":1,"samplingRate":"16kHz","audioPath":"/Mock/06.Design/Female/Experienced/ckmk_a_ard_f_e_156681.wav"}}}