{"version":"1.0","dataSet":{"info":{"date":"20230116","occupation":"ARD","channel":"MOCK","place":"ONLINE","gender":"FEMALE","ageRange":"35-44","experience":"EXPERIENCED"},"question":{"raw":{"text":"지원자님께서는 이 분야에 지원하시기 위해 관련된 어떤 노력을 하셨나요 생각나는 대로 말해주세요","wordCount":12},"emotion":[],"intent":[]},"answer":{"raw":{"text":"네 저는 저만의 디자인을 만들기 위해서 대학생 때부터 여러 가지 노력을 해왔습니다. 어 일단은 대학교 때 디자인 관련한 전공을 했는데요. 어 계속해서 디자인과 관련된 공부를 하고 그리고 또 중간에 유학도 다녀왔습니다. 왜냐하면 국내 디자인 뿐만이 아니라 해외에서 하는 디자인들도 제가 배울 점이 많았기 때문에 해외 유학을 통해서 다양한 디자인을 접하고 또 디자이너들의 그 작품들을 보면서 많은 영감을 얻고 공부를 했습니다. 그뿐만이 아니라 이제 대학 이후에는 회사에 이제 다니면서 디자인 업무를 계속해서 했는데요. 특히 여러 가지 프로젝트를 진행을 하면서 배운 점들도 굉장히 많습니다. 어 제 디자인 뿐만이 아니라 또 다른 디자이너들과 협업을 통해서 디자인을 하다 보니까 제가 모르는 분야를 또 다른 사람이 대처해주기도 했고요. 또 다른 사람이 어떻게 영감을 받고 또 아이디어를 내는지 같이 협업을 통해서 배운 점들이 많은 것 같습니다. 그뿐만이 아니라 평상시에도 저는 저의 디자인을 쪼금 더 가치를 업그레이드 하기 위해서 어 제가 여러 가지 공부를 하고 있고요. 또 다양한 경험을 통해서 영감을 얻기 위해서 활동들도 진행을 하고 있습니다. 이렇게 여러 가지 경험을 하고 있습니다.","wordCount":156},"emotion":[{"text":"어 일단은 대학교 때 디자인 관련한 전공을 했는데요.","expression":"u-fact","category":"neutral"},{"text":"어 계속해서   디자인과 관련된 공부를 하고 그리고 또 중간에 유학도 다녀왔습니다.","expression":"u-fact","category":"neutral"},{"text":"왜냐하면 국내 디자인 뿐만이 아니라 해외에서 하는 디자인들도 제가 배울 점이 많았기 때문에   해외 유학을 통해서 다양한 디자인을 접하고 또 디자이너들의 그   작품들을 보면서 많은 영감을 얻고 공부를 했습니다.","expression":"u-fact","category":"neutral"}],"intent":[{"text":"또 다른 사람이 어떻게 영감을 받고 또 아이디어를   내는지 같이 협업을 통해서 배운 점들이 많은 것 같습니다.","expression":"c_cop","category":"personality"},{"text":"또 다양한 경험을 통해서 영감을 얻기 위해서   활동들도 진행을 하고 있습니다.","expression":"d_trendy","category":"technology"}],"summary":{"text":"저는 대학생 때부터 디자인 전공, 해외 유학, 회사 다니면서 디자인 업무 등 다양한 경험을 했습니다. 또 다른 디자이너와 협업을 하면서 배운 점도 많고, 다른 사람과의 협업을 통해서 배운 점도 많습니다. 평상시에도 다양한 공부를 하고 다양한 경험을 통해서 영감을 얻기 위해서 활동들을 진행하고 있습니다.","wordCount":43}}},"rawDataInfo":{"question":{"fileFormat":"wav","fileSize":413518,"duration":12920,"samplingBit":16,"channelCount":1,"samplingRate":"16kHz","audioPath":"/Mock/06.Design/Female/Experienced/ckmk_q_ard_f_e_115003.wav"},"answer":{"fileFormat":"wav","fileSize":2746318,"duration":85820,"samplingBit":16,"channelCount":1,"samplingRate":"16kHz","audioPath":"/Mock/06.Design/Female/Experienced/ckmk_a_ard_f_e_115003.wav"}}}