{"version":"1.0","dataSet":{"info":{"date":"20230116","occupation":"ARD","channel":"MOCK","place":"ONLINE","gender":"FEMALE","ageRange":"35-44","experience":"EXPERIENCED"},"question":{"raw":{"text":"지원자님께서는 이전 직장에서 퇴사한 후 퇴사한 것을 후회하신 적이 있나요 있으시면 왜인지도 함께 말씀 부탁드립니다","wordCount":15},"emotion":[],"intent":[]},"answer":{"raw":{"text":"어 사실 저는 얼마 전에 퇴사한 그 곳을 되게 오래 해왔었어요. 근데 그 일을 했던 이유 중에 큰 것은 정말 생계 밖에 없었거든요. 돈을 벌기 위해서 선택했었고 제가 당장 할 수 있는 일 중에 빠르게 구할 수 있는 일이 그 분야였었고 그래서 정말 사실은 하루하루 일하면서 저랑 성향이 되게 맞지 않는다는 거를 사실 초반에 대해 깨달았었는데 어 새로운 일들을 제가 찾으려면 분명히 공백들이 존재하게 되고 그 시간들을 또 돈이 없이 버텨야 하는 게 좀 괴로웠었고 그래서 정말 제가 조 조금 어느정도 제가 진짜로 하고 싶고 뛰어들고 싶은 일이 생겼다면은 그 일을 할 때까지 생기는 공백의 기간에 버틸 수 있을 만큼 자본을 좀 마련을 하자 라는 마음이 컸었어요. 그래서 정말 그런 시기가 왔을 때 제가 이 일에 정말 관심이 생겼고 제가 꿈꿨던 그런 순간이 왔다고 생각했을 때 뒤도 돌아보지 않고 그만뒀기 때문에 전혀 후회하지 않습니다.","wordCount":134},"emotion":[],"intent":[{"text":"","expression":"","category":"attitude"}],"summary":{"text":"저는 얼마 전에 퇴사한 곳을 오래 해왔는데, 일을 했던 이유 중 큰 것은 생계 밖에 없었기 때문에 매일 일하면서 성향이 맞지 않는다는 걸 느꼈습니다. 새로운 일을 찾으려면 분명히 공백들이 존재하게 되고 그 시간들을 돈 없이 견뎌야 했었는데, 일을 할 때까지 버틸 수 있을 만큼 자본을 마련하고 싶었습니다.","wordCount":47}}},"rawDataInfo":{"question":{"fileFormat":"wav","fileSize":510158,"duration":15940,"samplingBit":16,"channelCount":1,"samplingRate":"16kHz","audioPath":"/Mock/06.Design/Female/Experienced/ckmk_q_ard_f_e_102318.wav"},"answer":{"fileFormat":"wav","fileSize":2767118,"duration":86470,"samplingBit":16,"channelCount":1,"samplingRate":"16kHz","audioPath":"/Mock/06.Design/Female/Experienced/ckmk_a_ard_f_e_102318.wav"}}}