{"version":"1.0","dataSet":{"info":{"date":"20230116","occupation":"ARD","channel":"MOCK","place":"ONLINE","gender":"FEMALE","ageRange":"-34","experience":"EXPERIENCED"},"question":{"raw":{"text":"네 요즘 고령화 사회로 가면서 치매로 인한 문제가 많이 나타나고 있는데요 어 지원자님께서는 이에 대해서 건보공단이 어떤 일을 해야 할지 그리고 또 개선할 방안은 무엇이 있는지 한번 말씀해 주실 수 있을까요","wordCount":31},"emotion":[],"intent":[]},"answer":{"raw":{"text":"아무래도 네 보험공단이니까 경제적인 것 관련으로 당연히 도움이 돼야겠고요. 그래서 어 빠르게 또 늘어나고 있고 어 절여 저연령층부터 발생이 되고 있는 만큼 그까 저 연 연령층에도 이제 많이 그래서 저는 그 연령대의 다른 연령대에 따른 그 환자의 상태를 좀 체크할 수 있는 부분들을 세분화해서 그 세분화된 항목별로 지원 금액이 조금 나뉘었으면 좋겠고요. 어 치매에 대한 인식도 지금보다 더 어 전 국민적으로 조금 홍보를 많이 하면서 진행을 해야 될 거 같고 그리고 무엇보다 치매 환자의 가족 그리고 그 관리하시는 보호자분들 그까 보호사를 업으로 하시는 분들에 대한 처우 개선 그런 부분도 조금 필요할 거 같습니다. 그까 케어가 조금 되어야 될 거 같애요 경제적으로. 이건 필요하다고 생각합니다.","wordCount":104},"emotion":[],"intent":[{"text":"","expression":"","category":"attitude"}],"summary":{"text":"보험공단이 경제적인 것 관련으로 도움이 되어야 하고, 환자의 상태를 체크할 수 있는 항목별로 지원 금액이 나누어졌으면 좋겠습니다. 그리고 치매에 대한 인식도 홍보가 필요하고, 환자의 가족에 대한 처우 개선도 필요합니다.","wordCount":29}}},"rawDataInfo":{"question":{"fileFormat":"wav","fileSize":602958,"duration":18840,"samplingBit":16,"channelCount":1,"samplingRate":"16kHz","audioPath":"/Mock/06.Design/Female/Experienced/ckmk_q_ard_f_e_188982.wav"},"answer":{"fileFormat":"wav","fileSize":2890958,"duration":90340,"samplingBit":16,"channelCount":1,"samplingRate":"16kHz","audioPath":"/Mock/06.Design/Female/Experienced/ckmk_a_ard_f_e_188982.wav"}}}