{"version":"1.0","dataSet":{"info":{"date":"20230116","occupation":"ARD","channel":"MOCK","place":"ONLINE","gender":"FEMALE","ageRange":"-34","experience":"EXPERIENCED"},"question":{"raw":{"text":"여기가 지금 가상 현실 속이라면 게임 속이라면 지원자님은 이 게임에 어떤 캐릭터 어떤 역할을 맡아서 수행을 하고 싶으세요","wordCount":18},"emotion":[],"intent":[]},"answer":{"raw":{"text":"네 제가 게임 캐릭터를 상상을 해보면요. 어 현실에 조금 부합하는 그런 캐릭터가 되고 싶다는 생각이 듭니다. 어 제가 메인 디자이너로서 모든 걸 총괄하고 그리고 제 맘대로 그림을 그리고 싶다는 생각이 드는데요. 어쨌든 게임이기 때문에 현실과 다르게 거기서 벗어나서 그냥 제 맘대로 제가 그리고 싶은 그림을 그리고 싶다는 생각이 듭니다. 어 저의 영감과 아이디어를 통해서 그림을 그리고 또 그 그림이 누가 인정을 받든지 안 받든지 어쨌든 저한테 집중할 수 있는 그러한 캐릭터가 되고 싶다는 생각이 드는데요. 어쨌든 게임 속에서는 상상 속의 인물이기 때문에 제가 그렇게 마음껏 상상의 나래를 펼 수 있었으면 좋겠습니다. 저는 디자이너가 항상 그 꿈을 꾸고 아이디어를 어 내면서 영감을 받는 게 굉장히 중요하다고 생각을 하구요. 저도 그런 디자이너가 되기 위해서 늘 노력을 하고 있습니다. 그리고 게임 속의 캐릭터가 그 그림을 그리면서 사람들에게 또 잘 설명하고 인정을 받기 위해서 노력하는 그런 측면도 있을 것 같은데요. 어쨌든 게임 속에서는 상상이기 때문에 제가 하고 싶은 역할은 아마 좀 전문적이고 저의 일에 몰두하는 그런 사람이 되고 싶다는 생각이 들었습니다.","wordCount":157},"emotion":[],"intent":[{"text":"","expression":"","category":"attitude"}],"summary":{"text":"게임 캐릭터는 상상 속의 인물이기 때문에 제가 하고 싶은 역할은 아마 좀 전문적이고 저의 일에 몰두하는 그런 사람이 되고 싶다는 생각이 들었습니다. 게임 속에서 제가 상상의 나래를 펼칠 수 있었으면 좋겠습니다.","wordCount":31}}},"rawDataInfo":{"question":{"fileFormat":"wav","fileSize":626638,"duration":19580,"samplingBit":16,"channelCount":1,"samplingRate":"16kHz","audioPath":"/Mock/06.Design/Female/Experienced/ckmk_q_ard_f_e_120621.wav"},"answer":{"fileFormat":"wav","fileSize":2750798,"duration":85960,"samplingBit":16,"channelCount":1,"samplingRate":"16kHz","audioPath":"/Mock/06.Design/Female/Experienced/ckmk_a_ard_f_e_120621.wav"}}}