{"version":"1.0","dataSet":{"info":{"date":"20230116","occupation":"ARD","channel":"MOCK","place":"ONLINE","gender":"FEMALE","ageRange":"35-44","experience":"EXPERIENCED"},"question":{"raw":{"text":"만약 우리 회사가 해외 무대로 진출한다면 어디로 진출하는 것이 좋다고 생각을 하십니까 그 이유도 말씀해 보십시오","wordCount":16},"emotion":[],"intent":[]},"answer":{"raw":{"text":"네 제가 봤을 때는 저희 회사의 제품과 서비스가 경쟁력이 뛰어나기 때문에 다양한 해외로 진출이 가능하다고 생각을 합니다. 다만 각 해외별로 나라마다 성격과 문화가 다르기 때문에 일단 사전 수요 조사가 필요할 것 같고요. 그리고 어떤 방식으로 접근하냐에 따라서 결과가 달라질 수 있기 때문에 그런 작업들은 필요할 것 같습니다. 하지만 제가 봤을 때 아시아 뿐만이 아니라 미국 유럽 등에서도 굉장히 저희 서비스가 잘 판매가 될 것 같다는 생각이 드는데요. 또 기본적으로 미국 시장에 진출해 보는 것도 저는 추천해 드리고 싶습니다. 왜냐하면 이제 미국은 다양한 제품들이 몰려있고 또 여러 나라의 민족과 나라들이 섞여있기 때문에 그 문화의 다양성 속에서 우리 제품이 얼만큼 경쟁력을 가지고 있는지 시험해보는 것도 중요하다고 생각을 합니다. 그리고 기본적으로 아시아 문화권 같은 경우에는 저희 회사가 굉장히 경쟁력이 있다고 생각을 합니다. 아시아는 우리나라 문화와 비슷하기 때문에 어 우리나라에서도 제품 서비스가 각광을 받았다면 분명히 아시아에서도 훨씬 더 좋은 성과를 낼 수 있다고 생각을 하고요. 어 판매 실적을 늘리기 위해서는 저는 해외 무대로 진출을 적극적으로 하는 게 중요하다고 생각합니다.","wordCount":155},"emotion":[],"intent":[{"text":"","expression":"","category":"attitude"}],"summary":{"text":"우리 회사는 제품의 경쟁력으로 해외 진출이 가능하다고 생각합니다. 다만 나라별 성격과 문화가 달라 사전 수요 조사가 필요하고, 접근 방식에 따라 결과가 달라질 수 있습니다. 하지만 아시아 뿐만 아니라 미국 유럽 등에서도 판매가 될 것 같습니다. 기본적으로 아시아 문화권 같은 경우에는 경쟁력이 있다고 생각하며, 판매 실적 확대를 위해서는 해외 무대 진출이 중요하다고 생각되어집니다.","wordCount":52}}},"rawDataInfo":{"question":{"fileFormat":"wav","fileSize":457358,"duration":14290,"samplingBit":16,"channelCount":1,"samplingRate":"16kHz","audioPath":"/Mock/06.Design/Female/Experienced/ckmk_q_ard_f_e_114953.wav"},"answer":{"fileFormat":"wav","fileSize":2830798,"duration":88460,"samplingBit":16,"channelCount":1,"samplingRate":"16kHz","audioPath":"/Mock/06.Design/Female/Experienced/ckmk_a_ard_f_e_114953.wav"}}}