{"version":"1.0","dataSet":{"info":{"date":"20230116","occupation":"ARD","channel":"MOCK","place":"ONLINE","gender":"FEMALE","ageRange":"-34","experience":"EXPERIENCED"},"question":{"raw":{"text":"지원자님께서 살면서 가장 힘들었던 점이 무엇입니까 지원자님이 또 그 점을 극복하기 위해 어떠한 노력을 했는지도 설명과 함께 궁금합니다","wordCount":18},"emotion":[],"intent":[]},"answer":{"raw":{"text":"조금 사적인 이야기이긴 하지만 저는 연애가 좀 뜻대로 안 됐던 경우가 몇 번 있었는데 그때가 좀 제가 살면서 가장 힘들었었던 시절이었던 것 같애요. 근데 그냥 뭐 헤어지고 그런 이유가 아니라 어 몇 번의 어떤 인연들이 짧게 끝났던 경우들이 있었는데 제가 좋다 고 생각했던 만남도 어 뭔가 이유를 알 수 없게 그냥 짧게 끝나는 경우들이 많았어 가지고 근데 그런 몇 번의 경우들은 제가 연인이었다 기보다는 그냥 어떤 서로가 관심이 생겨서 알아가는 단계에서 생겼던 일이라서 음 깊이 빠지기 전에 그만뒀던 좀 아쉬움만 있던 상태였었는데 몇 번의 그 인연들 뒤에 이제 어떤 사람과 교제를 시작을 했었어요. 근데 저는 되게 잘 맞다 고 생각했었고 어 서로가 되게 배려하고 있다 고 생각했었는데 진짜 아무 이유 없이 어떤 명확한 이유도 말해주지 않고 그냥 딱 한 달 만에 이별을 당한 경우가 있었어 가지구 그때 제가 되게 제 스스로에 대한 확신이 없으면서 자존감이 많이 떨어졌던 것 같앴었어요.","wordCount":139},"emotion":[],"intent":[{"text":"","expression":"","category":"attitude"}],"summary":{"text":"저는 연애가 좀 뜻대로 안 됐던 경우가 몇 번 있었는데 살면서 가장 힘들었던 시절인 것 같습니다. 근데 제가 좋다 고 생각했던 만남도 이유를 알 수 없이 그냥 짧게 끝나던 경우들이 많았고 그 만남들 뒤에 어떤 사람과 교제를 시작을 했었는데 아무 이유 없이 한 달 만에 이별을 당한 경우가 있었어요.","wordCount":49}}},"rawDataInfo":{"question":{"fileFormat":"wav","fileSize":434638,"duration":13580,"samplingBit":16,"channelCount":1,"samplingRate":"16kHz","audioPath":"/Mock/06.Design/Female/Experienced/ckmk_q_ard_f_e_194784.wav"},"answer":{"fileFormat":"wav","fileSize":2838478,"duration":88700,"samplingBit":16,"channelCount":1,"samplingRate":"16kHz","audioPath":"/Mock/06.Design/Female/Experienced/ckmk_a_ard_f_e_194784.wav"}}}