{"version":"1.0","dataSet":{"info":{"date":"20230116","occupation":"ARD","channel":"MOCK","place":"ONLINE","gender":"FEMALE","ageRange":"45-54","experience":"EXPERIENCED"},"question":{"raw":{"text":"지원자님께서 그동안 인생에서 겪었던 갈등들 중 가장 심각했던 갈등은 무엇인지 말씀해 주세요","wordCount":12},"emotion":[],"intent":[]},"answer":{"raw":{"text":"인생에서 겪었던 갈등 중에서 어 하나의 예전에 다녔던 회사 케이스가 하나 있었는데요. 그 회사의 팀장은 돌아가면서 한 명 한 명을 타깃으로 놓고 괴롭힘을 하는 그런 안 좋은 습성을 갖고 있었습니다. 어 그 차례가 저로 돌아와서 아 이거를 어떻게 극복을 할까 많은 고민을 했었는데요. 어 좋은 방법으로는 매일같이 아침에 커피를 사서 그 팀장에게 줬습니다. 그게 지속되다 보니 팀장도 나중에는 어 자기가 한 행동에 대해서 어 미안하다 하고 어 많이 속상했지 라는 그런 말을 들었습니다. 어 결국은 그분도 인간이기 때문에 계속 뭔가가 원하는 대로 잘 해준다면 언젠가는 그거는 좀 해결이 되지 않을까. 그리고 그거를 갈등을 좀 풀 수 있는 방법이 되지 않을까 라는 말씀을 드립니다.","wordCount":103},"emotion":[],"intent":[{"text":"","expression":"","category":"attitude"}],"summary":{"text":"과거에 다녔던 회사의 팀장이 돌아가면서 한 명 한 명을 타깃으로 놓고 괴롭힘을 하는 습성을 갖고 있었습니다. 이것을 어떻게 극복할지 고민했었는데, 매일같이 커피를 사서 팀장에게 줬습니다. 그것이 갈등을 좀 풀 수 있는 방법이 될 것 같습니다.","wordCount":35}}},"rawDataInfo":{"question":{"fileFormat":"wav","fileSize":338318,"duration":10570,"samplingBit":16,"channelCount":1,"samplingRate":"16kHz","audioPath":"/Mock/06.Design/Female/Experienced/ckmk_q_ard_f_e_269989.wav"},"answer":{"fileFormat":"wav","fileSize":2308238,"duration":72130,"samplingBit":16,"channelCount":1,"samplingRate":"16kHz","audioPath":"/Mock/06.Design/Female/Experienced/ckmk_a_ard_f_e_269989.wav"}}}