{"version":"1.0","dataSet":{"info":{"date":"20230116","occupation":"ARD","channel":"MOCK","place":"ONLINE","gender":"FEMALE","ageRange":"45-54","experience":"EXPERIENCED"},"question":{"raw":{"text":"디자인 전공을 한 전문가로서 비전공자와 협업하기 위해 생각해야 할 부분에 대해서 말씀해 주세요","wordCount":13},"emotion":[],"intent":[]},"answer":{"raw":{"text":"뭐 어떤 디자인 전공을 말씀을 하시는 걸까요. 저는 우선 어떤 것도 디자인을 전공한 게 없는데 음 뭐 다르게 생각을 하자면 그 제 주 전공이 제가 주 전공자인데 제 전공이 아닌 다른 전공자와 제가 같이 일을 하게 될 때 어떤 걸 선택 어떤 걸 고려를 해야 되냐. 어 이거는 근데 그 어떤 만남이냐 에 따라 또 많은 것들이 좌우가 될 것 같아요. 음 정말 철두철미한 어떤 프로 다운 일로 만난다면 고려할 부분이 없죠. 제가 뭘 비전공자라고 배려해야 될 부분도 없고요. 전공이 뭐 으뜸이냐 대수냐 이런 게 아니라 일로 만난 사이라면 그런 거는 관계없이 네 진지하게 그 일에 집중하면서 임해야 되고 부족한 부분을 알아서 본인이 스스로 챙겨야지 그거를 상대가 배려해 주길 존중해 주길 바라는 것 자체가 이미 프로 답지 못한 마인드라고 생각을 합니다.","wordCount":121},"emotion":[],"intent":[{"text":"","expression":"","category":"attitude"}],"summary":{"text":"주 전공이 다른 전공자와 같이 일을 하게 될 때 어떤 걸 고려하는 가에 따라 많은 것들이 좌우가 될 것 같습니다. 일로 만난 사이라면 그런 거는 관계없이 진지하게 그 일에 집중하면서 임해야 됩니다. 상대의 배려를 존중해 주길 바라는 것은 프로 답지 못한 마인드라고 생각합니다.","wordCount":43}}},"rawDataInfo":{"question":{"fileFormat":"wav","fileSize":294478,"duration":9200,"samplingBit":16,"channelCount":1,"samplingRate":"16kHz","audioPath":"/Mock/06.Design/Female/Experienced/ckmk_q_ard_f_e_161070.wav"},"answer":{"fileFormat":"wav","fileSize":2797198,"duration":87410,"samplingBit":16,"channelCount":1,"samplingRate":"16kHz","audioPath":"/Mock/06.Design/Female/Experienced/ckmk_a_ard_f_e_161070.wav"}}}