{"version":"1.0","dataSet":{"info":{"date":"20230116","occupation":"ARD","channel":"MOCK","place":"ONLINE","gender":"FEMALE","ageRange":"-34","experience":"EXPERIENCED"},"question":{"raw":{"text":"회사에 입사를 했는데 업무 내용이나 강도가 예상했던 것과는 전혀 다르게 느껴집니다 이때 어떻게 하실 건가요","wordCount":15},"emotion":[],"intent":[]},"answer":{"raw":{"text":"어 저는 입사 전에 업무 내용이나 강도를 예상하는 것이 잘 맞아 떨어지기는 어렵다고 생각합니다. 그래서 업무 내용이나 강도가 예상했던 것과 전혀 다르다고 해도 그거를 이해하고 적응하는 데 노력을 많이 들일 것 같습니다. 업무 내용이 다른 것은 어 예상 밖이긴 하겠지만 다시 배워나가고 배워나가면 늘 수 있는 것이고 업무 강도는 음 일이라는 것이 항상 더 수월할 수도 있고 더 힘들 수도 있고 매번 다르기 때문에 그것 또한 충분히 이해하고 적응해 나갈 수 있는 부분이라고 생각합니다.","wordCount":74},"emotion":[],"intent":[{"text":"","expression":"","category":"attitude"}],"summary":{"text":"입사 전 업무 내용, 강도의 예상과 달라도 이해하고 적응하는 데 노력을 많이 들일 것 같습니다. 업무 내용은 배워나가고 늘 수 있고, 강도는 수월하고 힘들 수 있어 충분히 이해하고 적응해 나갈 수 있다고 생각합니다.","wordCount":33}}},"rawDataInfo":{"question":{"fileFormat":"wav","fileSize":310478,"duration":9700,"samplingBit":16,"channelCount":1,"samplingRate":"16kHz","audioPath":"/Mock/06.Design/Female/Experienced/ckmk_q_ard_f_e_172359.wav"},"answer":{"fileFormat":"wav","fileSize":1689038,"duration":52780,"samplingBit":16,"channelCount":1,"samplingRate":"16kHz","audioPath":"/Mock/06.Design/Female/Experienced/ckmk_a_ard_f_e_172359.wav"}}}