{"version":"1.0","dataSet":{"info":{"date":"20230116","occupation":"ARD","channel":"MOCK","place":"ONLINE","gender":"FEMALE","ageRange":"-34","experience":"EXPERIENCED"},"question":{"raw":{"text":"회사에 들어오게 되면 기존과는 다른 업무 스타일 수도 있습니다 혹시 기존과 다른 업무 스타일에는 잘 적응하는 편이신가요","wordCount":17},"emotion":[],"intent":[]},"answer":{"raw":{"text":"저는 조직마다 조직의 문화가 각각 있다 라고 생각을 하는데요. 그렇기 때문에 제가 어떠한 직장에 가더라도 기존 직장과 다른 조직 문화를 가지고 있을 것이라고 생각합니다. 그렇지만 제가 직무에서 진행했던 디자인 업무라는 그런 목적성 자체는 항상 동일하기 때문에 제가 새로운 곳에 가더라도 얼마든지 잘 적응할 자신이 있습니다. 또한 저 같은 경우에는 업무의 강점 중의 하나가 어떠한 변화가 있더라도 그 트렌드를 빨리 파악하고 혹은 변화가 있으면 그 부분을 굉장히 빠르게 캐치한다 라는 점인데요. 저는 그렇기 때문에 지금 현재 대한민국에서 가장 빠른 변화를 주도하고 있는 제가 지원한 이 기업의 그런 조직 문화를 누구보다 잘 따라갈 수 있고 또한 변화에 잘 적응할 수 있다 라고 말씀드리고 싶습니다. 그래서 기존과 다른 업무 스타일일지라도 제가 부족한 부분이 있다 라면 야근을 해서라도 꼭 그 기술들을 익히고 나아가서 업무 협업을 진행하겠습니다.","wordCount":122},"emotion":[],"intent":[{"text":"저는 그렇기 때문에 지금 현재 대한민국에서 가장 빠른 변화를 주도하고 있는   제가 지원한 이 기업의 그런 조직 문화를 누구보다 잘 따라갈 수 있고   또한 변화에 잘 적응할 수 있다 라고 말씀드리고 싶습니다.","expression":"c_sincere_co","category":"etc"}],"summary":{"text":"업무의 강점 중 하나는 트렌드를 빨리 파악하고 그 부분을 빠르게 캐치한다는 점인데, 저는 지금 현재 대한민국에서 가장 빠른 변화를 주도하고 있는 제가 지원한 이 기업의 그런 조직 문화를 누구보다 잘 따라갈 수 있고 또한 변화에 잘 적응할 수 있다 라고 말씀드리겠습니다.","wordCount":41}}},"rawDataInfo":{"question":{"fileFormat":"wav","fileSize":323278,"duration":10100,"samplingBit":16,"channelCount":1,"samplingRate":"16kHz","audioPath":"/Mock/06.Design/Female/Experienced/ckmk_q_ard_f_e_178541.wav"},"answer":{"fileFormat":"wav","fileSize":2891918,"duration":90370,"samplingBit":16,"channelCount":1,"samplingRate":"16kHz","audioPath":"/Mock/06.Design/Female/Experienced/ckmk_a_ard_f_e_178541.wav"}}}