{"version":"1.0","dataSet":{"info":{"date":"20230116","occupation":"ARD","channel":"MOCK","place":"ONLINE","gender":"FEMALE","ageRange":"45-54","experience":"EXPERIENCED"},"question":{"raw":{"text":"지원자님께서는 시간이 남을 때 주로 무슨 일을 하시는지 그리고 그 일을 하는 이유는 무엇인지 설명해 주실 수 있으십니까","wordCount":18},"emotion":[],"intent":[]},"answer":{"raw":{"text":"저는 시간이 남아서 여유로운 시간이 있으면 여러 가지 다양한 경험을 하려는 편인 것 같습니다. 제가 아무래도 디자인을 하기 때문에 디자인 업무는 독창성과 아이디어 창의성이 중요하다고 생각이 듭니다. 그러기 위해서는 아이디어를 얻기 위한 다양한 방법들을 하는데요. 예를 들어서 친구를 만나는 방법도 있습니다. 하지만 나와 친한 친구 뿐만이 아니라 새로운 친구를 만남으로써 또 거기서 얻을 수 있는 영감을 받을 수가 있고요. 그 뿐만이 아니라 취미생활도 굉장히 다양하게 하고 있습니다. 음악 듣기 뭐 운동 뿐만이 아니라 그림 그리기도 평소에 하고 있고요. 아니면 글쓰기 그리고 이런 아트 그림 그리기 이런 것들을 통해서 여러 가지를 제가 경험해 봄으로써 제 자신을 발전시킬 수 있는 그런 방향들로 많이 노력을 하고 있습니다. 어 사실 시간이 남을 때 오히려 아이디어를 충분히 얻고 또 감정적으로도 평온해지는 연습들을 많이 하고 있는데요. 이런 노력들이 결국에는 제 자신을 성장시킬 수 있다고 생각하기 때문에 시간이 남을 때도 꾸준히 발전하기 위해서 노력을 하는 편입니다.","wordCount":139},"emotion":[{"text":"제가 아무래도 디자인을 하기 때문에 디자인 업무는   독창성과 아이디어 창의성이 중요하다고 생각이 듭니다.","expression":"u-belief","category":"neutral"}],"intent":[{"text":"제가 아무래도 디자인을 하기 때문에 디자인 업무는   독창성과 아이디어 창의성이 중요하다고 생각이 듭니다.","expression":"c_value","category":"background"}],"summary":{"text":"디자인 업무는 독창성과 아이디어 창의성이 중요하기 때문에 친구를 만나는 방법, 취미생활, 글쓰기 등을 통해 제 자신을 발전시킬 수 있는 방향들로 많이 노력을 하고 있습니다. 이런 노력들이 결국에는 제 자신을 성장시킬 수 있다고 생각하기 때문에 시간이 남을 때도 꾸준히 발전하기 위해서 노력을 하는 편입니다.","wordCount":43}}},"rawDataInfo":{"question":{"fileFormat":"wav","fileSize":435918,"duration":13620,"samplingBit":16,"channelCount":1,"samplingRate":"16kHz","audioPath":"/Mock/06.Design/Female/Experienced/ckmk_q_ard_f_e_108137.wav"},"answer":{"fileFormat":"wav","fileSize":2545998,"duration":79560,"samplingBit":16,"channelCount":1,"samplingRate":"16kHz","audioPath":"/Mock/06.Design/Female/Experienced/ckmk_a_ard_f_e_108137.wav"}}}