{"version":"1.0","dataSet":{"info":{"date":"20230116","occupation":"ARD","channel":"MOCK","place":"ONLINE","gender":"FEMALE","ageRange":"55-","experience":"EXPERIENCED"},"question":{"raw":{"text":"본인이 작업한 디자인의 우수성을 알리고자 발표해 본 경험이 있습니까 그렇다면 그 디자인과 그 경험에 대해서 이야기해 주세요","wordCount":17},"emotion":[],"intent":[]},"answer":{"raw":{"text":"제가 유일하게 딱 한 번 어렸을 때 그 그림으로 상을 받았던 적이 있는데요. 불조심 포스터를 그렸던 기억이 있습니다. 그래서 제 나름대로 이제 이 위험을 알리기 위해서 어 제가 초등학교 고학년 때였는데 그 저의 상상력을 펼친 저만의 상징을 가진 그 은유의 그런 조각들과 그다음에 우리가 흔히 조금 떠올릴 수 있는 그런 일상생활에서 많이 보여질 수 있는 그런 그 발화의 주범들 그런 것들을 가지고서 제가 조금 나름대로 입체적으로 이것들을 조합을 해서 배치를 시켰던 포스터라서 어 당시 저 제가 생각하기에 당시 나이에는 그래도 조금 독창적인 아이디어로 이런 것들을 꾸며 봤던 것 같아요. 유일하게 입상을 했었던 자랑스러운 기억이 있습니다.","wordCount":95},"emotion":[{"text":"유일하게 입상을 했었던 자랑스러운 기억이 있습니다.","expression":"p-achievement","category":"positive"}],"intent":[{"text":"그래서 제 나름대로 이제 이 위험을 알리기 위해서 어 제가   초등학교 고학년 때였는데 그 저의 상상력을 펼친 저만의   상징을 가진 그 은유의 그런   조각들과 그다음에 우리가 흔히 조금 떠올릴 수 있는 그런   일상생활에서 많이 보여질 수 있는 그런 그 발화의 주범들 그런 것들을 가지고서 제가 조금   나름대로 입체적으로 이것들을 조합을 해서 배치를 시켰던 포스터라서   어 당시 저 제가 생각하기에 당시 나이에는 그래도 조금 독창적인 아이디어로 이런 것들을 꾸며 봤던 것 같아요.","expression":"d_express","category":"attitude"}],"summary":{"text":"불조심 포스터를 그렸을 때 제가 초등학교 고학년 때, 은유의 조각들과 발화의 주범들을 입체적으로 조합해서 배치를 시켰던 포스터라서 독창적인 아이디어로 꾸며졌던 것 같아 유일하게 입상을 했었던 기억이 있습니다.","wordCount":27}}},"rawDataInfo":{"question":{"fileFormat":"wav","fileSize":400718,"duration":12520,"samplingBit":16,"channelCount":1,"samplingRate":"16kHz","audioPath":"/Mock/06.Design/Female/Experienced/ckmk_q_ard_f_e_111545.wav"},"answer":{"fileFormat":"wav","fileSize":2805838,"duration":87680,"samplingBit":16,"channelCount":1,"samplingRate":"16kHz","audioPath":"/Mock/06.Design/Female/Experienced/ckmk_a_ard_f_e_111545.wav"}}}