{"version":"1.0","dataSet":{"info":{"date":"20230116","occupation":"ARD","channel":"MOCK","place":"ONLINE","gender":"FEMALE","ageRange":"55-","experience":"EXPERIENCED"},"question":{"raw":{"text":"업무를 수행하다 보면 자료를 문서화할 일이 많은데요 본인은 문서화 작업이 왜 필요하다고 생각하십니까","wordCount":13},"emotion":[],"intent":[]},"answer":{"raw":{"text":"저는 시각적인 요소 그리고 명확성을 위해서 우리가 업무들을 문서화하는 작업이 굉장히 필요하다 라는 입장입니다. 그래서 구두로 설명할 수 있는 일이라도 일이라 하더라도 웬만하면 문서로서 다시 한 번 전달해서 재 확인을 거치곤 합니다. 그렇게 되면 우리는 업무를 더 효율적으로 처리할 수 있기 때문입니다.","wordCount":42},"emotion":[],"intent":[{"text":"","expression":"","category":"attitude"}],"summary":{"text":"시각적 요소, 명확성을 위해 업무들을 문서화해야 합니다. 구두로 설명할 수 있는 일이라도 문서로 다시 한 번 전달, 재 확인을 거칩니다.","wordCount":20}}},"rawDataInfo":{"question":{"fileFormat":"wav","fileSize":326478,"duration":10200,"samplingBit":16,"channelCount":1,"samplingRate":"16kHz","audioPath":"/Mock/06.Design/Female/Experienced/ckmk_q_ard_f_e_248016.wav"},"answer":{"fileFormat":"wav","fileSize":1577678,"duration":49300,"samplingBit":16,"channelCount":1,"samplingRate":"16kHz","audioPath":"/Mock/06.Design/Female/Experienced/ckmk_a_ard_f_e_248016.wav"}}}