{"version":"1.0","dataSet":{"info":{"date":"20230116","occupation":"ARD","channel":"MOCK","place":"ONLINE","gender":"FEMALE","ageRange":"35-44","experience":"EXPERIENCED"},"question":{"raw":{"text":"지원자님께서는 평상시에 검색을 자주 사용하시는 편인가요 자주 사용하신다면 평상시에 주로 어떤 검색을 하시는지 그리고 그것을 하는 이유는 무엇인지 말씀해 주시길 바랍니다","wordCount":21},"emotion":[],"intent":[]},"answer":{"raw":{"text":"저는 일을 하는 거랑 관련돼서 검색을 자주 하는 편이긴 한데 어 아무래도 영화제 관련된 검색을 많이 하는 것 같아요. 그래서 한국에서는 제가 안 가본 영화제가 없을 정도로 진짜 많이 알고 있고 많이 다니기도 했는데 그게 어쨌든 제가 애정이 있는 그 상태에서 계속 알아가는 그 행동이 있었기 때문에 그렇게까지 이어진다고 생각을 하거든요. 그래서 그때도 항상 검색을 많이 했던 것 같아요. 어떤 영화제가 또 열리고 어떤 영화들이 있는지 그거를 진짜 많이 봤었고 심지어 그때 당시에는 제가 일반 사무직으로 일할 때였는데 그 검색을 계속하면서 저를 이런 직업으로 이끌어주게 했던 것 같고 그리고 지금은 음 국제적으로 좀 활동 범위가 넓어지고 있기 때문에 제 업무가 요즘에는 세계 영화제들을 많이 찾아보고 있습니다. 그래서 그 검색 말고는 사실 하도 일할 때 그거를 많이 하다 보니까 제가 평소에 그냥 그 제 생활 안에서의 일상에서 그런 검색은 잘 안 하는 편이긴 하더라구요. 검색창에 오로지 그 영화제 검색만 있습니다.","wordCount":139},"emotion":[],"intent":[{"text":"","expression":"","category":"attitude"}],"summary":{"text":"저는 일을 하며 영화제 관련된 검색을 많이 했습니다. 그래서 제가 일반 사무직에 종사할 때 영화제에 대한 검색을 계속하다가 일반 사무직을 그만두고 지금은 세계 영화제들을 많이 찾아보고 있습니다. 그 검색 외에는 일상에서는 영화제 검색만 하는 것 같습니다.","wordCount":36}}},"rawDataInfo":{"question":{"fileFormat":"wav","fileSize":495118,"duration":15470,"samplingBit":16,"channelCount":1,"samplingRate":"16kHz","audioPath":"/Mock/06.Design/Female/Experienced/ckmk_q_ard_f_e_195087.wav"},"answer":{"fileFormat":"wav","fileSize":2910478,"duration":90950,"samplingBit":16,"channelCount":1,"samplingRate":"16kHz","audioPath":"/Mock/06.Design/Female/Experienced/ckmk_a_ard_f_e_195087.wav"}}}