{"version":"1.0","dataSet":{"info":{"date":"20230116","occupation":"ARD","channel":"MOCK","place":"ONLINE","gender":"FEMALE","ageRange":"-34","experience":"EXPERIENCED"},"question":{"raw":{"text":"지원자님이 태어나서 지금까지 한 일 가운데서 가장 후회되는 일이 어떤 일이었는지 궁금합니다 한 가지만 골라서 이야기해 주시겠습니까","wordCount":17},"emotion":[],"intent":[]},"answer":{"raw":{"text":"사실 지금까지 한 일 가운데 가장 후회했던 일이 없던 것 같세 없는 것 같습니다. 왜냐하면 저는 무슨 일을 했었을 때 뭐라고 말씀을 드려야 될까요 후회를 막 엄청 으 후회 이게 아니고 아 조금의 후회는 뭐든지 남아있다 라고 생각이 되기 때문인데요. 그리고 제가 그 일을 선택했을 때 그 때에 내 상황 나의 상황과 그때의 나의 나이 그리고 그때 제 생각으로 고려했을 때는 그때의 판단이 맞았다 라고 제가 생각하기 때문입니다. 그래서 가장 후회했던 일들은 없고요. 어떤 일을 했었을 때도 그 안에서 오는 후회가 충분히 조금 조금씩은 있었겠죠 아무래도. 일하면서 나는 왜 일을 하는 걸까 라는 후회도 있었을 것 같고 일을 그만둬서도 그냥 가볍게 에 계속할 걸 그랬나 뭐 이런 정도의 후회는 있었지만요 막 엄청나게 후회를 하고 그런 건 없었습니다. 저는 제 선택을 믿고 그 당시에 저의 모습과 그리고 자외의 사고방식을 고려해서 아 나라면 이렇게 하는 게 맞았겠다 그때 참 잘 선택했다 라고 저는 항상 제 자신을 믿고 있기 때문에요. 후회했던 일은 딱히 없습니다. 네.","wordCount":152},"emotion":[],"intent":[{"text":"","expression":"","category":"attitude"}],"summary":{"text":"지금까지 한 일 가운데 가장 후회했던 일은 없습니다. 그 일을 선택한 그때의 상황과 나이는 그때의 판단이 맞았다고 생각하기 때문입니다. 어떤 일을 했었을 때도 그 안에서 오는 후회가 충분히 있었을 것 같습니다. 크게 후회를 하고 그런 건 없었습니다. 항상 제 자신을 믿고 있기 때문입니다.","wordCount":43}}},"rawDataInfo":{"question":{"fileFormat":"wav","fileSize":373518,"duration":11670,"samplingBit":16,"channelCount":1,"samplingRate":"16kHz","audioPath":"/Mock/06.Design/Female/Experienced/ckmk_q_ard_f_e_188144.wav"},"answer":{"fileFormat":"wav","fileSize":2543758,"duration":79490,"samplingBit":16,"channelCount":1,"samplingRate":"16kHz","audioPath":"/Mock/06.Design/Female/Experienced/ckmk_a_ard_f_e_188144.wav"}}}