{"version":"1.0","dataSet":{"info":{"date":"20230116","occupation":"ARD","channel":"MOCK","place":"ONLINE","gender":"FEMALE","ageRange":"-34","experience":"EXPERIENCED"},"question":{"raw":{"text":"지원자는 디자인을 할 때 가장 중요하게 생각하는 게 무엇입니까 그것을 자세하게 말씀해 주세요","wordCount":13},"emotion":[],"intent":[]},"answer":{"raw":{"text":"디자인을 함에 있어서 디자이너에게 가장 중요한 요소는 표현할 수 있는 능력이라고 생각합니다. 어 제 아무리 번뜩이는 아이디어가 마구 샘솟고 창의력이 넘쳐난다고 해도 어 그거를 머릿속에서 끄집어낼 수가 없다면 그거는 디자인까지 갈 수 없다고 생각합니다. 그 머릿속에 있는 것을 표현할 수 있는 실물화 할 수 있는 그 능력이 가장 중요하다고 생각합니다. 그거를 어떤 방식으로 어떻게 표현하는 표현할 지 그거를 생각하고 그거를 실천할 수 있는 그 표현할 수 있는 능력이 가장 중요한 것이라고 생각합니다.","wordCount":72},"emotion":[],"intent":[{"text":"어 제 아무리 번뜩이는 아이디어가   마구 샘솟고 창의력이 넘쳐난다고 해도 어 그거를 머릿속에서   끄집어낼 수가 없다면 그거는 디자인까지 갈 수 없다고 생각합니다.","expression":"d_dgn_proc","category":"technology"},{"text":"그 머릿속에    있는 것을 표현할 수 있는 실물화 할 수 있는 그 능력이 가장   중요하다고 생각합니다.","expression":"d_dgn_proc","category":"technology"},{"text":"그거를 어떤 방식으로 어떻게 표현하는 표현할 지   그거를 생각하고 그거를 실천할 수 있는 그 표현할 수 있는 능력이 가장   중요한 것이라고 생각합니다.","expression":"d_dgn_proc","category":"technology"}],"summary":{"text":"가장 중요한 요소는 디자인에 필요한 표현 능력입니다. 아이디어나 창의력이 넘친다 해도 디자인까지 갈 수 없기 때문에 표현을 실물화 할 수 있는 능력이 가장 중요합니다.","wordCount":24}}},"rawDataInfo":{"question":{"fileFormat":"wav","fileSize":313326,"duration":9789,"samplingBit":16,"channelCount":1,"samplingRate":"16kHz","audioPath":"/Mock/06.Design/Female/Experienced/ckmk_q_ard_f_e_172360.wav"},"answer":{"fileFormat":"wav","fileSize":1594958,"duration":49840,"samplingBit":16,"channelCount":1,"samplingRate":"16kHz","audioPath":"/Mock/06.Design/Female/Experienced/ckmk_a_ard_f_e_172360.wav"}}}