{"version":"1.0","dataSet":{"info":{"date":"20230116","occupation":"ARD","channel":"MOCK","place":"ONLINE","gender":"FEMALE","ageRange":"-34","experience":"EXPERIENCED"},"question":{"raw":{"text":"직무 수행 중 난관에 봉착했다면 어떠한 방식으로 해결하겠습니까 지원자님의 해결법과 이유를 말씀해 주시기 바랍니다","wordCount":14},"emotion":[],"intent":[]},"answer":{"raw":{"text":"어 제가 혼자 할 수 없는 것이라면 저는 제 위에 있는 사수 분에게 말씀을 드릴 것 같습니다. 예를 들어서 제가 혼자서 할 수 있는 거라면 따로 그 문제점에 대해서 찾아보고 그리고 또 따로 공부를 하고 이거를 해결해 볼 것 같은데요. 완전히 내가 알 수 없는 그리고 더 나아갈 수 없는 상태라고 하면은 솔직히 저의 부족함을 인정을 하고 제 위에 계신 분한테 여쭤볼 것 같습니다. 아무래도 그런 것은 경험에 따라서도 차이가 있을 거라는 생각이 드는데요. 그렇다라고 해서 막무가내로 그냥 바쁜 사람에게 묻는 게 아니라 사람들의 상황을 보고 지금 회사의 분위기를 봐서 아 내가 이런 점은 조금 부족한데 여기서 한 발 정도 나가기가 힘들다 이럴 때는 어떻게 해야 되죠 이런 식으로 한 번 자문을 구할 것 같습니다.","wordCount":115},"emotion":[],"intent":[{"text":"","expression":"","category":"attitude"}],"summary":{"text":"제가 혼자 할 수 없는 것이라면 저는 제 위에 있는 사수 분에게 말씀을 드리고, 완전히 알 수 없는 상태라고 하면은 제가 부족함을 인정하고 제 위에 계신 분한테 여쭤볼 것 같습니다. 회사 분위기를 보고 한 번 자문을 구할 수도 있습니다.","wordCount":39}}},"rawDataInfo":{"question":{"fileFormat":"wav","fileSize":427598,"duration":13360,"samplingBit":16,"channelCount":1,"samplingRate":"16kHz","audioPath":"/Mock/06.Design/Female/Experienced/ckmk_q_ard_f_e_187046.wav"},"answer":{"fileFormat":"wav","fileSize":1674638,"duration":52330,"samplingBit":16,"channelCount":1,"samplingRate":"16kHz","audioPath":"/Mock/06.Design/Female/Experienced/ckmk_a_ard_f_e_187046.wav"}}}