{"version":"1.0","dataSet":{"info":{"date":"20230116","occupation":"ARD","channel":"MOCK","place":"ONLINE","gender":"FEMALE","ageRange":"-34","experience":"EXPERIENCED"},"question":{"raw":{"text":"지원자님이 회사에 들어와서 선배를 만나게 된다면 어떤 모습에 선배를 만나고 싶으실까요 그렇게 생각하시는 이유도 함께 설명 부탁드립니다","wordCount":17},"emotion":[],"intent":[]},"answer":{"raw":{"text":"제가 회사에 들어오게 된다 라면은 저는 저에게 많은 피드백을 해 줄 수 있는 잔소리가 조금은 많은 그런 선배를 만나고 싶습니다. 물론 대부분의 사람들이 잔소리가 많은 그런 선배들을 좋아하지 않는다는 것에 대해서 저도 공감을 하긴 합니다. 그렇지만 저는 타인에게 피드백을 해주기 위해서는 그만큼 타인에 대한 관심이 많이 필요 필요하다 라고 생각합니다. 그래서 제가 이 조직에 새로 들어오게 된다 라면은 실무도 그렇고 혹은 조직 문화에서도 분명히 새롭게 익혀야 될 부분들이 있고 또 적응해야 될 부분들이 있을 텐데요. 만약에 다른 동료들이 저에게 피드백을 해 주지 않는다 라면 저는 제 스스로 부족한 부분을 알아 가기 위해서 정말 많은 고충을 겪을 것 같습니다. 그래서 저는 저에게 피드백을 해줄 수 있는 용기가 있고 또 나아가서 귀찮음을 감수해 줄 수 있는 그런 선배와 함께 업무를 진행하고 또 업무 성과를 내고 싶습니다.","wordCount":124},"emotion":[],"intent":[{"text":"","expression":"","category":"attitude"}],"summary":{"text":"저는 잔소리가 많은 선배를 만나고 싶습니다. 하지만 타인에게 피드백을 해주기 위해서는 타인에 대한 관심이 많이 필요하다고 생각합니다. 그래서 이 조직에 새로 들어 오게 된다면 실무와 조직 문화에 대해서도 새롭게 익혀야 될 부분들이 있을 텐데요. 그런 선배와 함께 업무를 진행하고 또 업무 성과를 내고 싶습니다","wordCount":44}}},"rawDataInfo":{"question":{"fileFormat":"wav","fileSize":581518,"duration":18170,"samplingBit":16,"channelCount":1,"samplingRate":"16kHz","audioPath":"/Mock/06.Design/Female/Experienced/ckmk_q_ard_f_e_178542.wav"},"answer":{"fileFormat":"wav","fileSize":2764878,"duration":86400,"samplingBit":16,"channelCount":1,"samplingRate":"16kHz","audioPath":"/Mock/06.Design/Female/Experienced/ckmk_a_ard_f_e_178542.wav"}}}