{"version":"1.0","dataSet":{"info":{"date":"20230116","occupation":"ARD","channel":"MOCK","place":"ONLINE","gender":"FEMALE","ageRange":"-34","experience":"EXPERIENCED"},"question":{"raw":{"text":"어 본인이 지금까지 살면서 이룬 성과 중에 가장 큰 성과는 무엇인가요 어 본인이 생각하시기에 어 자랑을 할 수 있을 만큼 큰 성과를 말씀해 주시길 바랍니다","wordCount":25},"emotion":[],"intent":[]},"answer":{"raw":{"text":"제가 이제 예술교육으로 학교에 수업을 많이 나갔었는데 그중에서도 제가 전공으로 했던 연극을 가지고 아이들을 가르치는 일을 많이 했었습니다. 그런데 저는 사실 연극이라는 게 아이들한테 정말 좋은 교육이라고 생각을 하는데 환경이 어떤 부분들 때문에 좀 순조롭게 수익 수업을 진행하기가 어려울 때가 많거든요. 그래서 아무래도 일 대 다수로 진행을 하다 보니까 좀 시간에 쫓겨서 수업을 할 때도 있고 연극의 재미를 충분히 주지 못하게 될 때가 많아서 항상 좀 그 수업에 대해 아쉬운 부분들이 많을 많이 가지고 있었는데 제가 고등학생들을 가르쳤던 적이 있었는데 사실 그때는 또 애들이 사춘기다 보니까 좀 반항심도 크고 말썽도 많이 일으키고 그랬었거든요. 근데 저와 함께 하는 연극 수업을 토대로 아이들이 조금씩 바뀌기 시작하는 그런 시절이 있었던 것 같애요. 그 그때도 되게 급하게 수업을 하고 있다 고 생각을 했고 저 스스로 여유가 없다 고 생각을 했었는데 그래도 그 와중에 아이들이 어떤 의미를 찾아줬었고 그 연극 수업을 통해서 자신들도 되게 많이 변화됐다 고 피드백을 주는 걸 받았어 가지고 좀 저한테 굉장히 감동적이어서 성과가 컸던 것 같다 고 느낍니다.","wordCount":157},"emotion":[{"text":"제가 이제 예술교육으로 학교에 수업을 많이 나갔었는데 그중에서도 제가 전공으로 했던 연극을 가지고 아이들을 가르치는 일을 많이 했었습니다.","expression":"u-fact","category":"neutral"}],"intent":[{"text":"","expression":"","category":"attitude"}],"summary":{"text":"연극은 아이들에게 좋은 교육이지만 환경적인 부분 때문에 수익수업을 진행하기 어려울 때가 많습니다. 수업이 일 대 다수로 진행되다 보니 시간이 쫓길 때도 있고 연극의 재미를 주지 못하게 될 때가 많은데, 고등학생들을 가르쳤을 때 연극 수업을 토대로 아이들이 조금씩 바뀌기 시작하는 때가 있었습니다. 그 와중에 아이들이 어떤 의미를 찾아줬었고 자기들도 많이 변화됐다는 피드백을 받아 제가 감동적이어서 성과가 컸던 것 같습니다.","wordCount":58}}},"rawDataInfo":{"question":{"fileFormat":"wav","fileSize":547278,"duration":17100,"samplingBit":16,"channelCount":1,"samplingRate":"16kHz","audioPath":"/Mock/06.Design/Female/Experienced/ckmk_q_ard_f_e_194567.wav"},"answer":{"fileFormat":"wav","fileSize":2901838,"duration":90680,"samplingBit":16,"channelCount":1,"samplingRate":"16kHz","audioPath":"/Mock/06.Design/Female/Experienced/ckmk_a_ard_f_e_194567.wav"}}}