{"version":"1.0","dataSet":{"info":{"date":"20230116","occupation":"ARD","channel":"MOCK","place":"ONLINE","gender":"FEMALE","ageRange":"45-54","experience":"EXPERIENCED"},"question":{"raw":{"text":"지원자님의 본인의 장점과 단점이 설명해 주시고 지원자님은 그것을 특화시키고 극복하기 위한 노력도 함께 설명과 말씀 이야기해 주세요","wordCount":17},"emotion":[],"intent":[]},"answer":{"raw":{"text":"제가 가진 장점은 다른 사람에 마음에 크게 공감해주는 것이라고 생각합니다. 처음엔 이것이 큰 장점이라고 생각하지 못했는데요. 고민을 가지고 있는 사람이나 어려운 것을 결정하지 못하는 사람에게 전 그냥 들어주고 그들에게 공감해 주는 것을 했을 뿐인데도 많은 도움을 받았다고 얘기하는 사람들이 많았습니다. 저에게 이야기를 하고 나면 마음이 편하지 어 편안해진다는 이야기도 들었구요. 그래서 저는 이런 제 장점을 특화시키고자 그들의 마음을 좀 더 이해하고 어 헤아릴 수 있는 심리학을 지금 공부하기 시작했습니다. 이것이 제가 업무를 진행하는 데 도움이 된다면 조금 더 자세하게 전문적으로 공부해 보고 싶은 마음이 있어서 심리학을 공부하고 있습니다. 그리고 제 단점은 우유부단한 점인데요. 결정적으로 제가 다른 사람에게 장점으로 보여지는 부분이 예 어 장점으로 보여줬던 그런 부분들이 어찌보면 이것도 저것도 아닌 제 스스로의 일은 결정하지 못하는 우유부단함을 가지고 있어요. 그래서 심리학을 공부하면서 이런 제 마음도 어 극복하기 위해 결정하지 못하는 그런 제 단점을 극복하기 위해 노력할 것입니다.","wordCount":136},"emotion":[{"text":"이것이   제가 업무를 진행하는 데 도움이 된다면 조금 더 자세하게 전문적으로 공부해 보고 싶은 마음이   있어서 심리학을 공부하고 있습니다.","expression":"u-fact","category":"neutral"}],"intent":[{"text":"제가 가진 장점은 다른 사람에 마음에 크게 공감해주는 것이라고 생각합니다.","expression":"c_person","category":"background"},{"text":"그래서 저는 이런 제 장점을 특화시키고자 그들의 마음을 좀 더 이해하고   어 헤아릴 수 있는 심리학을 지금 공부하기 시작했습니다.","expression":"c_imp","category":"personality"},{"text":"이것이   제가 업무를 진행하는 데 도움이 된다면 조금 더 자세하게 전문적으로 공부해 보고 싶은 마음이   있어서 심리학을 공부하고 있습니다.","expression":"c_imp","category":"personality"},{"text":"그리고 제 단점은 우유부단한 점인데요.","expression":"c_person","category":"background"}],"summary":{"text":"저는 다른 사람의 마음에 크게 공감해주는 장점을 가지고 있지만, 제 스스로의 일은 결정하지 못하는 우유부단함을 가지고 있습니다. 심리학을 공부하면서 이러한 저의 단점을 극복하기 위해 노력할 것입니다.","wordCount":26}}},"rawDataInfo":{"question":{"fileFormat":"wav","fileSize":521038,"duration":16280,"samplingBit":16,"channelCount":1,"samplingRate":"16kHz","audioPath":"/Mock/06.Design/Female/Experienced/ckmk_q_ard_f_e_178433.wav"},"answer":{"fileFormat":"wav","fileSize":2655758,"duration":82990,"samplingBit":16,"channelCount":1,"samplingRate":"16kHz","audioPath":"/Mock/06.Design/Female/Experienced/ckmk_a_ard_f_e_178433.wav"}}}