{"version":"1.0","dataSet":{"info":{"date":"20230116","occupation":"ARD","channel":"MOCK","place":"ONLINE","gender":"FEMALE","ageRange":"35-44","experience":"EXPERIENCED"},"question":{"raw":{"text":"지원자님께서 좋아하시거나 혹은 존경하는 디자이너가 있다면 한번 말씀해 주시고 그 이유와 함께 말씀 부탁드립니다","wordCount":14},"emotion":[],"intent":[]},"answer":{"raw":{"text":"아 저는 개인적으로 어 우리 나라의 서도호 디자이너를 좋아하는데요.사실 그 저 예전에는 제가 잘 몰랐다가 최근 한 아 최근이 아니죠. 벌써 한 거의 십 여 년 전 쯤 제가 서 서도호 조 전을 서도호 전 전시를 보러 갔었는데요. 그때 처음 전시를 보고 어 굉장히 놀라고 감명을 받았었어요. 이유는 이제 외국에서 우리나라의 그런 전통 한옥과 그런 전통에 관한 부분들을 굉장히 세련되고 또 어 아주 낯설지 않게 어떤 적당한 현대와 그다음에 우리나라 고전에 그런 전통미를 잘 살린 그런 디자인을 이제 그 조형물들을 보고 굉장히 충격을 먹었었고 어 이전에 봤던 어 우리나라의 전통 문양이 한옥의 이런 느낌이 되게 쪼끔 제가 스스로 틀에 박혀 있었구나 함서 저 스스로 한국인으로서 좀 그 틀을 깨고 시야를 넓히게 된 그런 경험이 있어서 좋아하게 되었습니다.","wordCount":117},"emotion":[{"text":"그때 처음 전시를 보고   어 굉장히 놀라고 감명을 받았었어요.","expression":"p-gratitude","category":"positive"}],"intent":[{"text":"그때 처음 전시를 보고   어 굉장히 놀라고 감명을 받았었어요.","expression":"d_sens","category":"attitude"},{"text":"이유는 이제   외국에서 우리나라의 그런 전통 한옥과 그런 전통에 관한 부분들을 굉장히 세련되고 또   어 아주 낯설지 않게 어떤 적당한 현대와 그다음에 우리나라 고전에 그런   전통미를 잘 살린 그런 디자인을 이제 그 조형물들을 보고 굉장히 충격을 먹었었고 어 이전에 봤던 어 우리나라의 전통 문양이 한옥의 이런 느낌이 되게   쪼끔 제가 스스로 틀에 박혀 있었구나 함서 저 스스로 한국인으로서 좀 그 틀을 깨고 시야를 넓히게 된 그런 경험이 있어서 좋아하게 되었습니다.","expression":"d_sens","category":"attitude"}],"summary":{"text":"서도호 디자이너의 전시를 본 적이 있는데, 전통 한옥과 현대와 전통미를 잘 살린 디자인에 충격을 받았고, 한국 전통 문양이 한옥의 틀에 박힌 것을 보고 한국인으로서 틀을 깨고 시야를 넓힌 경험이 있어서 좋아하게 되었습니다.","wordCount":32}}},"rawDataInfo":{"question":{"fileFormat":"wav","fileSize":404558,"duration":12640,"samplingBit":16,"channelCount":1,"samplingRate":"16kHz","audioPath":"/Mock/06.Design/Female/Experienced/ckmk_q_ard_f_e_141174.wav"},"answer":{"fileFormat":"wav","fileSize":2773198,"duration":86660,"samplingBit":16,"channelCount":1,"samplingRate":"16kHz","audioPath":"/Mock/06.Design/Female/Experienced/ckmk_a_ard_f_e_141174.wav"}}}