{"version":"1.0","dataSet":{"info":{"date":"20230116","occupation":"ARD","channel":"MOCK","place":"ONLINE","gender":"FEMALE","ageRange":"-34","experience":"EXPERIENCED"},"question":{"raw":{"text":"업무 중에 스케줄에 없던 일이 생길 때가 많습니다 이런 상황이 생긴다면 지원자님께선 어떻게 대처하시겠습니까","wordCount":14},"emotion":[],"intent":[]},"answer":{"raw":{"text":"업무 중 스케줄에 없던 일이 생긴다면은 저는 우선은 제 스케줄을 확인을 해 볼 것 같습니다. 그래서 지금 내가 스케줄에 조금 여유가 있으면은 그것을 할 것 같구요. 만약에 지금 제가 맡은 스케줄이 있는데 그 일이 생긴다 하면은 제가 일단 있던 스케줄을 끝내고 야근 형식으로 이 일을 한다던지 그것이 아니면은 조금 더 이 일에서 우선순위를 따져 본 다음에 그 일을 수행할 것 같습니다. 그리고 만약에 정말 아무 것도 할 수 없는 상황이다 지금 내가 맡고 있는 이 스케줄이 아주 큰 프로젝트고 이것은 오늘내로 끝이 나야 돼서 지금 새로 들어온 일을 할 수가 없다 라고 하면은 솔직하게 상사님께 말씀을 드릴 것 같습니다. 지금 저는 이런 프로젝트를 하고 있는 중이라서요 아무리 이것을 빨리 작업한다고 해도 다음날에 될 것 같으니까 조금 늦어지어도 괜찮은 거라면 제가 좀 더 열심히 해보겠습니다. 하지만 어느 대로 끝내는 거라면 조금 어려울 것 같아요 라고 이야기를 해서 괜히 제가 할 수 없는 데 가지고 있다가 이도저도 안 되는 상황을 만들면 안 되잖아요. 그래서 그런 여러 가지 부분야에서 제 상황 따라 아까 말씀드렸던 것처럼 조금은 다르게 하지만 또 이 회사에 도움이 되는 방면으로 최대한 고려해서 말씀을 드릴 수 있을 것 같습니다.","wordCount":179},"emotion":[],"intent":[{"text":"","expression":"","category":"attitude"}],"summary":{"text":"업무 중 스케줄에 없던 일이 생기면 우선 제 스케줄 확인을 해 볼 것 같습니다. 만약 지금 제가 맡은 스케줄이 있는데 그 일이 생기면 야근 형식으로 일을 한다던지 그것이 아니면 조금 더 우선순위를 따져 본 뒤에 그 일을 수행할 것입니다. 그리고 지금 제가 맡고 있는 이 스케줄이 아주 큰 프로젝트고 오늘내로 끝이 나야 돼서 새로 들어온 일을 할 수가 없다 라고 하면은 솔직하게 상사님께 말씀을 할 것입니다.","wordCount":66}}},"rawDataInfo":{"question":{"fileFormat":"wav","fileSize":316238,"duration":9880,"samplingBit":16,"channelCount":1,"samplingRate":"16kHz","audioPath":"/Mock/06.Design/Female/Experienced/ckmk_q_ard_f_e_187333.wav"},"answer":{"fileFormat":"wav","fileSize":2594638,"duration":81080,"samplingBit":16,"channelCount":1,"samplingRate":"16kHz","audioPath":"/Mock/06.Design/Female/Experienced/ckmk_a_ard_f_e_187333.wav"}}}