{"version":"1.0","dataSet":{"info":{"date":"20230116","occupation":"ARD","channel":"MOCK","place":"ONLINE","gender":"FEMALE","ageRange":"55-","experience":"EXPERIENCED"},"question":{"raw":{"text":"일을 하다가 서류를 영어로 작성해야 할 일이 생길 수도 있습니다 혹시 가능한 부분인가요","wordCount":13},"emotion":[],"intent":[]},"answer":{"raw":{"text":"저는 이 회사를 입사하기 전에 많은 채용 공고를 봤었는데요. 그 부분을 읽어보자 제가 느낀 점은 영어를 어느 정도 잘 해야 이 회사에 잘 적응할 수 있겠다 라는 점이었습니다. 그래서 매일 한 시간씩 동영상 강의를 통해서 영어 회화 공부를 진행하고 있고 또한 다른 영어 플랫폼을 활용해서 비즈니스 이메일 영어를 공부 중에 있습니다. 그래서 우리 회사에서 사용하는 업계 용어만 좀 익힌다 라면 금방 적응해서 영어 서류 업무도 잘 진행할 수 있다 라고 생각합니다.","wordCount":71},"emotion":[],"intent":[{"text":"","expression":"","category":"attitude"}],"summary":{"text":"매일 영어 회화 공부와 다른 영어 플랫폼을 활용해 비즈니스 이메일 영어 공부를 하고 있습니다. 회사 용어만 익힌다면 영어 서류 업무도 잘 진행할 수 있을 것이라 생각합니다.","wordCount":26}}},"rawDataInfo":{"question":{"fileFormat":"wav","fileSize":258638,"duration":8080,"samplingBit":16,"channelCount":1,"samplingRate":"16kHz","audioPath":"/Mock/06.Design/Female/Experienced/ckmk_q_ard_f_e_248022.wav"},"answer":{"fileFormat":"wav","fileSize":2285838,"duration":71430,"samplingBit":16,"channelCount":1,"samplingRate":"16kHz","audioPath":"/Mock/06.Design/Female/Experienced/ckmk_a_ard_f_e_248022.wav"}}}