{"version":"1.0","dataSet":{"info":{"date":"20230116","occupation":"ARD","channel":"MOCK","place":"ONLINE","gender":"FEMALE","ageRange":"45-54","experience":"EXPERIENCED"},"question":{"raw":{"text":"지원자님께서 이 직무에 지원한 이유는 무엇인지 말씀해 주시고 본인이 왜 이 직무에 적합한 인재인지도 함께 설명해 주시면 좋겠습니다","wordCount":18},"emotion":[],"intent":[]},"answer":{"raw":{"text":"제가 이 의상 디자인에 지원한 이유는 첫째로 저는 옷을 좋아합니다. 옷을 좋아하다 보니 항상 옷에 대한 생각을 많이 하구요. 그리고 제가 추구하는 옷은 편안한 옷입니다. 그래서 사람들이 지나 다닐 때 어떤 옷을 입는지 그리고 어떤 연령의 사람들이 어떤 색깔의 옷 어떤 소재의 옷을 입는지 항상 눈으로 보고 생각하고 한 시도 옷에 대한 디자인에 대한 생각을 놓은 적이 없습니다. 좋아하는 것 즐기는 것을 제 직업으로 삼다 보면 전 이 일을 음 제 천직으로 생각하고 힘들어도 그 결과가 만족스럽다면 더 즐겁게 다음 일도 그 다음 일도 할 수 있을 거라고 생각합니다. 이게 단순하게 직업이라고 생각하지 않고 내 기쁨이라고 생각하기 때문에 전 저보다 좋은 인재는 없을 것이라고 자신 합니다.","wordCount":106},"emotion":[],"intent":[{"text":"","expression":"","category":"attitude"}],"summary":{"text":"의상 디자인에 지원한 이유는 첫째로 옷을 좋아해서 항상 옷에 대한 생각을 많이 하기 때문입니다. 좋아하는 것 즐기는 것을 직업으로 삼다 보면 이 일을 제 천직으로 생각하고 힘들어도 만족스럽다면 다음 일도 그 다음 일도 할 수 있을 것입니다.","wordCount":37}}},"rawDataInfo":{"question":{"fileFormat":"wav","fileSize":420878,"duration":13150,"samplingBit":16,"channelCount":1,"samplingRate":"16kHz","audioPath":"/Mock/06.Design/Female/Experienced/ckmk_q_ard_f_e_178435.wav"},"answer":{"fileFormat":"wav","fileSize":2087438,"duration":65230,"samplingBit":16,"channelCount":1,"samplingRate":"16kHz","audioPath":"/Mock/06.Design/Female/Experienced/ckmk_a_ard_f_e_178435.wav"}}}