{"version":"1.0","dataSet":{"info":{"date":"20230116","occupation":"ARD","channel":"MOCK","place":"ONLINE","gender":"FEMALE","ageRange":"45-54","experience":"EXPERIENCED"},"question":{"raw":{"text":"본인만의 스트레스 해소법이 있으신지 궁금합니다 있으시다면 어 그런 방법으로 스트레스를 해소하는 이유는 무엇인가요","wordCount":13},"emotion":[],"intent":[]},"answer":{"raw":{"text":"저는 책을 통해서 문제에 대해서 어떻게 대처를 하고 해결을 해야 되는지 그 부분을 찾는 편인 것 같아요. 그래서 해답을 얻었을 때 그때 뭔가 해방되는 듯한 느낌이 들면서 그 스트레스에서 벗어날 수 있었던 것 같아요. 그리고 좋아하는 가수의 노래를 듣다 보면 그 가사에서 힐링이 많이 되기도 하구요. 그 공감 받는 느낌도 들고 친구들 만나서 커피나 맥주 한 잔 하면서 내 얘기 좀 들어줘 하면서 되게 하소연을 많이 하기도 하구요. 명상을 하기도 합니다.","wordCount":71},"emotion":[],"intent":[{"text":"","expression":"","category":"attitude"}],"summary":{"text":"저는 책을 통해 문제를 해결하는 방법을 찾는 편인데, 그 해답을 얻었을 때 스트레스에서 벗어날 수 있었던 것 같습니다. 좋아하는 가수의 노래를 들으면 힐링이 되고, 친구들에게 하소연을 하기도 합니다.","wordCount":28}}},"rawDataInfo":{"question":{"fileFormat":"wav","fileSize":403278,"duration":12600,"samplingBit":16,"channelCount":1,"samplingRate":"16kHz","audioPath":"/Mock/06.Design/Female/Experienced/ckmk_q_ard_f_e_225414.wav"},"answer":{"fileFormat":"wav","fileSize":1988238,"duration":62130,"samplingBit":16,"channelCount":1,"samplingRate":"16kHz","audioPath":"/Mock/06.Design/Female/Experienced/ckmk_a_ard_f_e_225414.wav"}}}