{"version":"1.0","dataSet":{"info":{"date":"20230116","occupation":"ARD","channel":"MOCK","place":"ONLINE","gender":"FEMALE","ageRange":"35-44","experience":"EXPERIENCED"},"question":{"raw":{"text":"만약 지원자님께서 께임 속 캐릭터가 된다면 어떤 께임에서 어떤 역할을 맡아서 수행하고 싶으신지 자세하게 본인의 생각을 말씀해 주시기 바랍니다","wordCount":19},"emotion":[],"intent":[]},"answer":{"raw":{"text":"제가 게임은 진짜 안 좋아하고 게임을 잘 모르기도 해서 그리고 게임의 세계가 되게 저는 잘 이해가 안 가더라구요. 사람들이 그걸 되게 재미있어 하는 것도 잘 이해가 안 가고 제가 그 게임 속 캐릭터가 된다 고 상상했을 때도 답답하다는 좀 생각이 들고 누군가가 저를 계속 컨트롤 하는 거잖아요. 그러니깐 저는 좀 그 그 게임 속 캐릭터가 된다는거 자체를 상상하지 않을 것 같고 상상이 지금도 잘 안되고 저는 게임이 별로 저한테 그렇게 매력적인 분야는 아닙니다.","wordCount":73},"emotion":[],"intent":[{"text":"","expression":"","category":"attitude"}],"summary":{"text":"저는 게임을 별로 좋아하지는 않으며, 게임이 저한테 매력적이지 않습니다. 게임 속 캐릭터가 된다는 것 자체가 상상이 되지 않을 만큼 제가 매력적이지 않은 것입니다.","wordCount":23}}},"rawDataInfo":{"question":{"fileFormat":"wav","fileSize":611918,"duration":19120,"samplingBit":16,"channelCount":1,"samplingRate":"16kHz","audioPath":"/Mock/06.Design/Female/Experienced/ckmk_q_ard_f_e_195088.wav"},"answer":{"fileFormat":"wav","fileSize":1534158,"duration":47940,"samplingBit":16,"channelCount":1,"samplingRate":"16kHz","audioPath":"/Mock/06.Design/Female/Experienced/ckmk_a_ard_f_e_195088.wav"}}}