{"version":"1.0","dataSet":{"info":{"date":"20230116","occupation":"ARD","channel":"MOCK","place":"ONLINE","gender":"FEMALE","ageRange":"-34","experience":"EXPERIENCED"},"question":{"raw":{"text":"만약 지원자님께서 께임 속의 캐릭터가 된다면 지원자님은 어떤 께임 속에서 어떤 역할을 맡아서 수행해 보고 싶으신지 말씀해 주세요","wordCount":18},"emotion":[],"intent":[]},"answer":{"raw":{"text":"요즘에 이제 친구들이 자주 하고 있어서 저도 관심을 보이고 있는 게 있는데 그 동물의 숲이라는 게임에서 어 저도 그 숲을 가진 캐릭터가 되고 싶다 는 생각을 많이 했습니다. 뭔가 걔는 그만한 땅이 있고 뭔가를 키우고 뭔가를 짓고 이러는 게 현실 세계보다는 굉장히 쉬워 보이잖아요. 그래서 재밌기도 하지만 동시에 뭔가 저 세상이 좀 부럽다 라는 생각을 많이 했었던 것 같아요. 그래서 만약에 제가 그 캐릭터라면은 어 뭔가 나의 내가 평소에 좋아하는 그런 농작물들을 텃밭을 엄청 크게 가꿀 것 같고 또 제가 늘 꿈꾸던 그런 집들을 지어서 사는 모습을 보여줄 것 같애요. 뭔가 대리만족 같은 느낌.","wordCount":94},"emotion":[],"intent":[{"text":"","expression":"","category":"attitude"}],"summary":{"text":"동물의 숲이라는 게임에서 숲을 가진 캐릭터가 되고 싶습니다. 현실 세계보다 쉬워 보이는 캐릭터지만 제가 좋아하는 농작물을 텃밭에 가꾸고 늘 꿈꾸던 집들을 지어서 사는 모습을 보여줄 것 같습니다.","wordCount":27}}},"rawDataInfo":{"question":{"fileFormat":"wav","fileSize":604878,"duration":18900,"samplingBit":16,"channelCount":1,"samplingRate":"16kHz","audioPath":"/Mock/06.Design/Female/Experienced/ckmk_q_ard_f_e_194789.wav"},"answer":{"fileFormat":"wav","fileSize":2002638,"duration":62580,"samplingBit":16,"channelCount":1,"samplingRate":"16kHz","audioPath":"/Mock/06.Design/Female/Experienced/ckmk_a_ard_f_e_194789.wav"}}}