{"version":"1.0","dataSet":{"info":{"date":"20230116","occupation":"ARD","channel":"MOCK","place":"ONLINE","gender":"FEMALE","ageRange":"45-54","experience":"EXPERIENCED"},"question":{"raw":{"text":"지원자님께서 이전에 직면했던 어려운 문제를 해결하기 위해서 어떤 아이디어를 제안했고 또 무엇을 어떻게 했는지까지 과정을 자세하게 설명 부탁드리겠습니다","wordCount":18},"emotion":[],"intent":[]},"answer":{"raw":{"text":"어 예전에 재정적으로 좀 어려워져서 저에 사업체가 어 문을 닫아야 하는 그런 상황이 온 적이 있었습니다. 그래서 그때 어 그냥 이대로 이거를 끝내는 게 너무 아쉬워서 좀 고민을 많이 했었어요. 어떤 방법이 있을까 그러다가 어 그 지역에 제가 그 사업체를 두고 있던 그 지역에 좀 취약했던 문화적으로 취약했던 부분이 있었어 가지고 그 부분은 약간 콜라보하는 방식을 선택을 해서 저의 어떤 그 공간을 어 빌려주는 그런 시스템을 좀 마련을 했었어요. 그래서 당장 그 공간을 같이 쓰면서 다른 사업체에서 저희 공간을 빌려서 쓰면서 저도 일단은 그거를 유지할 수가 있었고요 공간 자체를. 어쨌든 공간이 없으면 사업체를 계속 할 수 없으니까 그래서 그거를 유지하면서 동시에 저의 사업 자체를 조금씩 살려나갔던 다시 그런 기억이 있습니다. 그런 경험이 있습니다.","wordCount":113},"emotion":[],"intent":[{"text":"어떤 방법이 있을까 그러다가   어 그 지역에 제가 그 사업체를 두고 있던 그 지역에 좀 취약했던 문화적으로 취약했던 부분이 있었어 가지고   그 부분은 약간 콜라보하는 방식을 선택을 해서 저의 어떤 그 공간을   어 빌려주는 그런 시스템을 좀 마련을 했었어요.","expression":"c_adp","category":"personality"},{"text":"어쨌든 공간이 없으면 사업체를 계속 할 수 없으니까 그래서 그거를 유지하면서 동시에 저의 사업 자체를 조금씩 살려나갔던 다시   그런 기억이 있습니다.","expression":"c_adp","category":"personality"}],"summary":{"text":"재정적으로 어려워져 사업체가 문을 닫는 상황이 온 적이 있습니다. 그래서 어떤 방법이 있을까 고민하다가 콜라보 방식을 택해 제 공간을 빌려 쓰는 시스템을 마련했습니다. 그 공간 없이는 사업체를 계속 할 수 없으니까 유지하며 사업 자체를 조금씩 살려나갔던 경험이 있었습니다.","wordCount":38}}},"rawDataInfo":{"question":{"fileFormat":"wav","fileSize":490958,"duration":15340,"samplingBit":16,"channelCount":1,"samplingRate":"16kHz","audioPath":"/Mock/06.Design/Female/Experienced/ckmk_q_ard_f_e_156673.wav"},"answer":{"fileFormat":"wav","fileSize":2755918,"duration":86120,"samplingBit":16,"channelCount":1,"samplingRate":"16kHz","audioPath":"/Mock/06.Design/Female/Experienced/ckmk_a_ard_f_e_156673.wav"}}}