{"version":"1.0","dataSet":{"info":{"date":"20230116","occupation":"ARD","channel":"MOCK","place":"ONLINE","gender":"FEMALE","ageRange":"45-54","experience":"EXPERIENCED"},"question":{"raw":{"text":"일을 하실 때 주로 영감은 어디에서 받는가요","wordCount":7},"emotion":[],"intent":[]},"answer":{"raw":{"text":"저는 아무래도 창작 활동을 하는 사람이다 보니깐 좀 새로운 영감들을 중요하게 생각하는데 최근에는 제가 이제 저의 조카들을 노는 모습을 보면서 조카들의 노는 모습을 보면서 영감을 얻곤 합니다. 제가 되게 신기하게 접근했던 지점이 뭐였냐면 언어를 아직 그 문자로 이해하지 못하는 나이일 때 뭐 예를 들어서 어린 친구들이 어느 나이가 되면 공룡 이름 같은 것들을 글자로 외우는 게 아니잖아요. 그냥 그 이미지를 보고 그 이름을 듣고 이게 그 공룡이다 라고 외우게 되는 건데 저는 그게 되게 경이로운 지점이더라고요. 그런데 저는 이미 문자를 알아버려서 그런 감각은 이제 없고 그 능력을 발휘할 수는 없지만 아이들한테는 아직 그런 모습들이 남아있고 그런데 물론 제 조카들도 이제 나이가 들어가면서 그 능력이 퇴화되겠지만 그래서 그런 부분들이 좀 놀라운 지점들을 발견하게 해주는 것 같더라고요. 그래서 저는 조카들이 노는 모습을 많이 보면서 어떤 새로운 관점들을 발견할 수 있는지 살펴보는 편입니다.","wordCount":130},"emotion":[],"intent":[{"text":"저는 아무래도 창작 활동을 하는 사람이다 보니깐 좀 새로운 영감들을 중요하게 생각하는데   최근에는 제가 이제 저의 조카들을 노는 모습을 보면서 조카들의 노는 모습을 보면서   영감을 얻곤 합니다.","expression":"d_trendy","category":"technology"}],"summary":{"text":"언어를 아직 문자를 언어로 이해하지 못할 때 이미지나 이미지를 보고 공룡이라고 외우는 것처럼, 조카들의 노는 모습을 보면서 새로운 영감을 얻습니다. 문자를 알아버려 능력을 발휘할 수는 없지만 아이들에게 아직 그런 모습들이 남아있어서 새로운 관점들을 발견할 수 있는 것 같습니다.","wordCount":38}}},"rawDataInfo":{"question":{"fileFormat":"wav","fileSize":241358,"duration":7540,"samplingBit":16,"channelCount":1,"samplingRate":"16kHz","audioPath":"/Mock/06.Design/Female/Experienced/ckmk_q_ard_f_e_156846.wav"},"answer":{"fileFormat":"wav","fileSize":2746318,"duration":85820,"samplingBit":16,"channelCount":1,"samplingRate":"16kHz","audioPath":"/Mock/06.Design/Female/Experienced/ckmk_a_ard_f_e_156846.wav"}}}