{"version":"1.0","dataSet":{"info":{"date":"20230116","occupation":"ARD","channel":"MOCK","place":"ONLINE","gender":"FEMALE","ageRange":"-34","experience":"EXPERIENCED"},"question":{"raw":{"text":"지원자님께서 생각하시기에 일을 하면서 가장 어려울 것으로 예상되시는 것이 무엇이 있으신가요 그리고 그 상황에서 어떻게 대처를 하실 생각이신지도 말씀해 주시기 바랍니다","wordCount":21},"emotion":[],"intent":[]},"answer":{"raw":{"text":"제가 어떤 사람들을 만날지 모른다는 게 가장 어려울 것 같다고 생각이 들어요. 그리고 그 중에서도 청소년을 대상으로 하기 때문에 어떤 유형의 아이들이 만날지 모르고 제가 준비한 프로그램이 이 아이들을 다 백 프로 만족시킬 수 없다는 걸 알기 때문에. 근데 그거는 사실 어 지금까지 해오면서 진짜 백 명 중에 한 다섯 명만 만족하고 돌아가도 성공이라고 생각하는 적이 많거든요. 근데 그 불만족에 속한 사람들이 어떻게 반응을 해 올지 알 수 없으니까 저는 그 부분이 항상 가장 어렵고 어떤 대처 방법이라는 건 없는 것 같아요. 그냥 딱 그 상황이 와야만 그거를 해결할 수 있는데 그나마 제가 대비할 수 있는 건 그 상황에 있을 때 내가 솔직해져야 한다는 거죠. 뭔가 저의 말을 꾸미거나 저의 어떤 능력들을 포장하지 않아야 돼요. 포장하지 않고 솔직하게 이 상황에 대해서 접근을 해 줘야 어쨌든 제가 준비한 게 그 사람에게는 와 닿지 않을 수 있지만 그 사람이 어떠한 피드백이 왔을 때 저도 솔직하게 말을 해야 이 사람도 받아줄 수 있다고 생각이 듭니다.","wordCount":152},"emotion":[],"intent":[{"text":"","expression":"","category":"attitude"}],"summary":{"text":"제가 어떤 사람들을 만날지 모른다는 게 가장 어려울 것 같습니다. 그 중에서도 청소년을 대상으로 하는 프로그램이기 때문에 이 아이들을 다 만족시킬 수 없고, 그 불만족에 속한 사람들이 어떻게 반응을 해 올지 알 수 없으니 대처 방법이 없습니다. 제가 대비할 수 있는 건 그 상황에 있을 때 제가 솔직해지는 것이라고 생각합니다.","wordCount":50}}},"rawDataInfo":{"question":{"fileFormat":"wav","fileSize":611278,"duration":19100,"samplingBit":16,"channelCount":1,"samplingRate":"16kHz","audioPath":"/Mock/06.Design/Female/Experienced/ckmk_q_ard_f_e_149730.wav"},"answer":{"fileFormat":"wav","fileSize":2669198,"duration":83410,"samplingBit":16,"channelCount":1,"samplingRate":"16kHz","audioPath":"/Mock/06.Design/Female/Experienced/ckmk_a_ard_f_e_149730.wav"}}}