{"version":"1.0","dataSet":{"info":{"date":"20230116","occupation":"ARD","channel":"MOCK","place":"ONLINE","gender":"FEMALE","ageRange":"35-44","experience":"EXPERIENCED"},"question":{"raw":{"text":"다른 많은 계열사도 있습니다만 지원자님께서 이 계열사에 지원해 주셨던 특별한 이유가 있을까요 이유를 들어 보고 싶습니다","wordCount":16},"emotion":[],"intent":[]},"answer":{"raw":{"text":"네 여러 계열사가 있지만 제가 이 계열사에 지원한 이유는 회사의 가치와 문화가 마음에 들었기 때문입니다. 어 기본적으로 저도 입사 지원을 하기 전에 이 계열사에 대한 평판 조회를 해 봤습니다. 그런데 그 직원들이 굉장히 만족의 글을 많이 올라와 있고 또 업무 환경도 좋다고 들었습니다. 그렇기 때문에 저도 다른 계열사 그리고 회사들이 많았지만 이 분야에 지원을 하게 됐습니다. 그리고 제가 또 만족스러운 부분이 있었는데요. 어떤 저희가 디자인을 할 때는 개인의 독창성이라던가 개인 작업물을 존중해 붙추는 문화가 중요하다고 생각을 합니다. 그런데 다른 디자이너들로부터 이야기를 들었는데요. 이 계열사가 그런 부분에서 자율성을 존중해주고 또 개인의 의사에 굉장히 이해심이 넓다고 들었습니다. 그렇기 때문에 제가 이 회사에 입사를 하게 된다면 저의 역량을 충분히 바탕으로 어 발휘할 수 있을 것 같고요. 그런 자율성을 기반으로 제가 더 열심히 업무를 할 수 있기 때문에 제가 더 호감이 가서 지원을 하게 됐습니다. 어 저를 선택해 주시면 제가 그 업무 환경을 바탕으로 쪼금 더 능력을 발휘하고 어 잘 할 수 있는 그런 사람이 될 수 있을 것 같습니다.","wordCount":156},"emotion":[{"text":"그런 자율성을   기반으로 제가 더 열심히 업무를 할 수 있기 때문에 제가 더 호감이 가서 지원을 하게   됐습니다.","expression":"p-interest","category":"positive"}],"intent":[{"text":"네 여러 계열사가 있지만 제가 이 계열사에 지원한 이유는 회사의 가치와   문화가 마음에 들었기 때문입니다.","expression":"c_sincere_job","category":"etc"}],"summary":{"text":"디자인 업무를 할 때 개인의 독창성이나 작업물을 존중하는 문화가 중요하다고 생각합니다. 이 계열사가 그런 부분의 자율성을 존중해주고 개인의 의사에 이해심이 넓다고 들었습니다. 그런 자율성을 기반으로 더 열심히 업무를 할 수 있기 때문에 저는 이 계열사에 지원을 하게 됐습니다. 저를 선택해 주면 능력을 발휘하고 잘 할 수 있는 사람이 될 수 있을 것 같습니다.","wordCount":53}}},"rawDataInfo":{"question":{"fileFormat":"wav","fileSize":594318,"duration":18570,"samplingBit":16,"channelCount":1,"samplingRate":"16kHz","audioPath":"/Mock/06.Design/Female/Experienced/ckmk_q_ard_f_e_114958.wav"},"answer":{"fileFormat":"wav","fileSize":2750798,"duration":85960,"samplingBit":16,"channelCount":1,"samplingRate":"16kHz","audioPath":"/Mock/06.Design/Female/Experienced/ckmk_a_ard_f_e_114958.wav"}}}