{"version":"1.0","dataSet":{"info":{"date":"20230116","occupation":"ARD","channel":"MOCK","place":"ONLINE","gender":"FEMALE","ageRange":"45-54","experience":"EXPERIENCED"},"question":{"raw":{"text":"지원자님께서는 일을 하다 보면 상사와 트러블이 생길 수 있는데 어떻게 할 것입니까 지원자님께 또 상사가 혼내면 기분 나쁘시지 않을까요","wordCount":19},"emotion":[],"intent":[]},"answer":{"raw":{"text":"제가 협업 활동 했던 것처럼 그런 트러블이 생길 때 이때도 사실은 표정 관리를 잘 못 해요. 근데 말로는 그렇게 안 할 수 있는데 표정에서 좀 드러나다 보니깐 제가 그거를 잘 감추지 못하고 그러면 상사가 꼭 그걸 파악한 후에 더 혼내기도 했었던 것 같애요. 근데 만약에 그걸 정말 느끼시는 거라면 그냥 솔직하게 말을 해주셨으면 좋겠습니다. 어차피 트러블이 생긴다는 것 자체가 뭐 서로 지금 순조롭다는 건 아닌데 굳이 막 그거를 감추면서까지 억지로 좋은 분위기를 만드는 거는 그렇게 효과적인 방법은 아니라고 생각이 들고 이왕 이렇게 트러블이 생겼다면은 그냥 어느 한쪽에서라도 서로 좀 그거를 알아주면 좋을 것 같애요. 그런데 제가 상사 입장이 아니라면 사실 말하기 어려운 건 당연하니깐 상사가 당연히 먼저 좀 손을 내밀어 줘야 한다고 생각합니다.","wordCount":113},"emotion":[],"intent":[{"text":"","expression":"","category":"attitude"}],"summary":{"text":"트러블이 생길 때 제가 표정 관리를 잘 못하는데, 상사가 잘 파악한 후에 더 혼내기도 했었던 것 같은데, 사실 그런 일은 별로 효과적이지 않은데 굳이 감추면서 좋은 분위기를 만드는 건 별로 좋은 방법이 아니기 때문에 그냥 솔직하게 말을 해주셨으면 좋겠습니다.","wordCount":39}}},"rawDataInfo":{"question":{"fileFormat":"wav","fileSize":622798,"duration":19460,"samplingBit":16,"channelCount":1,"samplingRate":"16kHz","audioPath":"/Mock/06.Design/Female/Experienced/ckmk_q_ard_f_e_148560.wav"},"answer":{"fileFormat":"wav","fileSize":2463118,"duration":76970,"samplingBit":16,"channelCount":1,"samplingRate":"16kHz","audioPath":"/Mock/06.Design/Female/Experienced/ckmk_a_ard_f_e_148560.wav"}}}