{"version":"1.0","dataSet":{"info":{"date":"20230116","occupation":"ARD","channel":"MOCK","place":"ONLINE","gender":"FEMALE","ageRange":"-34","experience":"EXPERIENCED"},"question":{"raw":{"text":"어 커뮤니케이션을 잘 할 수 있는 본인만의 스킬이 있으시다면 어 한 번 소개해 주시겠습니까 어 직접 한 번 보여주셔도 좋습니다","wordCount":20},"emotion":[],"intent":[]},"answer":{"raw":{"text":"커뮤니케이션을 잘 할 수 있는 저만의 스킬은 어 경청하고 호응하기인 것 같습니다. 저는 상대방의 말을 절대로 끊지 않고 어 흐름에 방해하지 않을 정도의 호응을 통해서 상대방의 말을 경청하고 있다는 것을 잘 보여주는 편입니다. 예를 들면 으응 이렇게 어 흐름을 끊지 않을 정도의 리액션을 취해서 상대방의 말에 추임새를 붙여주는 편입니다. 혹은 음 아 아 네 아 정말요 이런 추임새를 많이 넣는 편이고 실제로 친구들에게도 어 공감을 잘해줘서 얘기를 더 많이 하고 싶게 만든다는 말을 많이 듣곤 합니다.","wordCount":76},"emotion":[],"intent":[{"text":"혹은 음 아 아 네 아 정말요 이런 추임새를 많이 넣는 편이고 실제로 친구들에게도 어   공감을 잘해줘서 얘기를 더 많이 하고 싶게 만든다는 말을 많이 듣곤 합니다.","expression":"d_sens","category":"attitude"}],"summary":{"text":"저는 상대방의 말을 끊지 않고 흐름에 방해하지 않을 정도의 호응으로 상대방의 말을 경청합니다. 또 흐름에 방해되지 않을 정도로 리액션을 취해 추임새를 넣는 편으로 친구들에게 공감을 잘 해준다는 말을 듣습니다.","wordCount":29}}},"rawDataInfo":{"question":{"fileFormat":"wav","fileSize":459278,"duration":14350,"samplingBit":16,"channelCount":1,"samplingRate":"16kHz","audioPath":"/Mock/06.Design/Female/Experienced/ckmk_q_ard_f_e_172355.wav"},"answer":{"fileFormat":"wav","fileSize":2019918,"duration":63120,"samplingBit":16,"channelCount":1,"samplingRate":"16kHz","audioPath":"/Mock/06.Design/Female/Experienced/ckmk_a_ard_f_e_172355.wav"}}}