{"version":"1.0","dataSet":{"info":{"date":"20230116","occupation":"ARD","channel":"MOCK","place":"ONLINE","gender":"FEMALE","ageRange":"-34","experience":"EXPERIENCED"},"question":{"raw":{"text":"네 지원자님께서 창의적으로 어떤 문제를 직접 해결해 본 경험이 있는지요 어 있으시다면 그것이 어떤 경험이었는지 그 과정을 최대한 자세하게 설명해 주시면 좋겠습니다","wordCount":22},"emotion":[],"intent":[]},"answer":{"raw":{"text":"그 디자인 관련된 회사를 다닐 때 단추가 그 그 옷을 이제 생산을 할 때 단추가 있거든요. 그런데 그 단추가 굉장히 많은 재료들이 있어요. 근데 회사에서 원했던 그 단추에 재료가 있었고 제가 막상 공장에 가서 의뢰를 했을 때는 사장님이 저희와 사전에 얘기했던 것과 좀 다르게 생각을 하고 계셔가지고 그 단추로 옷을 생산하기가 어렵다 는 거죠. 그래서 진짜 좀 말도 안되긴 하는데 제가 그냥 그 자리에서 그러며는 자크로 바꾸겠다 라고 얘기했던 것 같아요. 왜냐하면 단추의 재료 자체가 이게 아니면 저희 회사는 안 된다 라는 식으로 제가 그때 무슨 생각이었는지 모르겠는데 그냥 순간 그렇게 말이 나왔고 그런데 그렇게 진행을 하면 이미 공장에서도 옷을 생산한 상태에서 단추만 달면 되는데 갑자기 그거를 달 수가 없거든요 자기들도 손해기 때문에. 그 사장님이 갑자기 이틀만 기한을 달라고 하시더니 원하던 걸로 바로 해결해 줬던 적이 있습니다. 창의적이지 않나요.","wordCount":129},"emotion":[],"intent":[{"text":"","expression":"","category":"attitude"}],"summary":{"text":"디자인 관련 회사에 다닐 때 공장에서 사전에 얘기했던 것과 다르게 생각해서 그 단추로 옷을 생산하기 어렵다고 하였습니다. 그래서 자크로 바꾸겠다고 했습니다. 공장에서는 옷을 생산한 상태에서 단추만 달면 되기에 이틀만 기한을 달라고 하시더니 원하던 걸로 해결해줬습니다.","wordCount":35}}},"rawDataInfo":{"question":{"fileFormat":"wav","fileSize":502478,"duration":15700,"samplingBit":16,"channelCount":1,"samplingRate":"16kHz","audioPath":"/Mock/06.Design/Female/Experienced/ckmk_q_ard_f_e_194791.wav"},"answer":{"fileFormat":"wav","fileSize":2797518,"duration":87420,"samplingBit":16,"channelCount":1,"samplingRate":"16kHz","audioPath":"/Mock/06.Design/Female/Experienced/ckmk_a_ard_f_e_194791.wav"}}}