{"version":"1.0","dataSet":{"info":{"date":"20230116","occupation":"ARD","channel":"MOCK","place":"ONLINE","gender":"FEMALE","ageRange":"-34","experience":"EXPERIENCED"},"question":{"raw":{"text":"특별히 가고 싶은 회사가 있나요 있다면 어떤 것이 중요한지 특정 도메인이나 회사의 분위기 그런 것들 중 어떤 점을 중점적으로 보는지 궁금합니다","wordCount":21},"emotion":[],"intent":[]},"answer":{"raw":{"text":"저는 화장실이 깨끗한 회사를 쫌 좋아하는데요. 그래서 사실은 되게 비밀이긴 한데 어 면접을 보거나 제가 가고 싶은 회사가 생길 때 그 회사의 화장실을 한번 이용을 해 봅니다. 그런데 제가 출입을 못할 수도 있는 곳이 있잖아요. 출입이 좀 어려운 곳들 그런 곳들은 음 좀 많이 그 건물에 대한 후기를 좀 많이 찾아보는 것 같아요. 그래서 절대적으로 좀 깨끗한 곳을 가고 싶어하고 핸드 드라이게 핸드 드라이기 바람이 굉장히 강하게 부는 그런 기계를 놓인 곳을 좀 선호하는 편입니다. 그리고 그 변기에 그 딲을 수 있게 그 클리너를 둔 곳도 굉장히 좋아하고 있어요. 그래서 화장실이 좀 편해야 업무할 때도 마음이 좀 이렇게 놓이면서 제가 회사에 머무 오래 머무는 그 시간을 잘 버틸 수 있는 것 같더라고요. 그런데 화장실이 진짜 너무 더럽거나 가기 싫은 정도면 그 순간이 오는 게 너무 괴롭더라구요. 그걸 생각해야 하는 것도 괴롭고 막상 그 순간이 왔을 때 나는 빨리 가야 하는데 너무 암담한 거죠. 그래서 저는 항상 그거를 체크합니다.","wordCount":148},"emotion":[{"text":"그런데 화장실이 진짜 너무 더럽거나 가기 싫은 정도면 그 순간이 오는 게 너무 괴롭더라구요.","expression":"n-distress","category":"negative"},{"text":"그걸 생각해야 하는 것도 괴롭고 막상 그 순간이 왔을 때   나는 빨리 가야 하는데 너무 암담한 거죠.","expression":"n-distress","category":"negative"}],"intent":[{"text":"","expression":"","category":"attitude"}],"summary":{"text":"면접을 보거나 회사가 생길 때 회사 화장실을 한번 이용을 합니다. 그런데 출입이 어려운 곳들은 후기를 많이 찾아보는 것 같습니다. 그래서 핸드 드라이기를 선호하고 변기에 클리너를 둔 곳도 좋아합니다. 화장실이 편해야 업무에 집중할 수 있고 오래 머물 수 있습니다. 그런데 화장실이 더럽거나 가기 싫은 정도면 그 순간이 오는 게 너무 암담합니다.","wordCount":50}}},"rawDataInfo":{"question":{"fileFormat":"wav","fileSize":487118,"duration":15220,"samplingBit":16,"channelCount":1,"samplingRate":"16kHz","audioPath":"/Mock/06.Design/Female/Experienced/ckmk_q_ard_f_e_155691.wav"},"answer":{"fileFormat":"wav","fileSize":2592078,"duration":81000,"samplingBit":16,"channelCount":1,"samplingRate":"16kHz","audioPath":"/Mock/06.Design/Female/Experienced/ckmk_a_ard_f_e_155691.wav"}}}