{"version":"1.0","dataSet":{"info":{"date":"20230116","occupation":"ARD","channel":"MOCK","place":"ONLINE","gender":"FEMALE","ageRange":"-34","experience":"EXPERIENCED"},"question":{"raw":{"text":"최근 디자인 트렌드는 무엇이라 생각하십니까","wordCount":5},"emotion":[],"intent":[]},"answer":{"raw":{"text":"최근 이천 이십 이 년에 어 디자인 트렌드 같은 경우에는 깔끔한 디자인이나 그리고 차분한 그런 원색의 포인트를 주는 방법들이 굉장히 유행을 하고 있는 것 같습니다. 그렇지만 흔히들 생각하기로 트렌드란 굉장히 짧은 유효기간을 가졌다 라고 말 말하곤 하지만 저는 이 트렌드가 물론 강조되는 부분이 있긴 하지만 장기적인 관점에서도 어 굉장히 우리가 어 굉장히 중요하게 생각해야 될 요소라고 생각을 합니다. 제가 최근에 부산 엑스포를 다녀왔었는데요. 그 엑스포에서는 우리가 이천 이십 이 년 디자인에서 가장 유의해야 될 어 그런 굉장히 중요한 부분들을 많이 보여 줬었습니다. 그 과정을 통해서 제가 느꼈던 점은 어 굉장히 놀라운 인터랙션들이 우리 디자인에서 많이 소비가 되고 있구나 라는 점을 생각을 했었고요. 그리고 현실적인 사람들의 이미지를 활용을 활용한다는 점이 굉장히 눈에 띄었습니다. 그래서 이런 부분들을 활용해서 어 트렌드가 잘 적용될 수 있는 디자인 업무를 진행하도록 하겠습니다.","wordCount":126},"emotion":[{"text":"제가 최근에 부산 엑스포를 다녀왔었는데요.","expression":"u-fact","category":"neutral"}],"intent":[{"text":"최근 이천 이십 이 년에 어 디자인 트렌드 같은 경우에는 깔끔한 디자인이나   그리고 차분한 그런 원색의 포인트를 주는 방법들이 굉장히 유행을 하고 있는 것 같습니다.","expression":"d_trendy","category":"technology"}],"summary":{"text":"최근 디자인 트렌드는 깔끔하고 차분한 원색의 포인트를 주는 방법들이 유행을 하고 있는데, 장기적인 관점에서 트렌드는 굉장히 중요하게 생각해야 될 요소입니다. 최근에 부산 엑스포에서 경험한 놀라운 인터랙션들과 현실적인 사람들의 이미지를 활용한 디자인들이 디자인 업무에 잘 적용되고 있음을 알 수 있었습니다.","wordCount":39}}},"rawDataInfo":{"question":{"fileFormat":"wav","fileSize":215438,"duration":6730,"samplingBit":16,"channelCount":1,"samplingRate":"16kHz","audioPath":"/Mock/06.Design/Female/Experienced/ckmk_q_ard_f_e_178539.wav"},"answer":{"fileFormat":"wav","fileSize":2795598,"duration":87360,"samplingBit":16,"channelCount":1,"samplingRate":"16kHz","audioPath":"/Mock/06.Design/Female/Experienced/ckmk_a_ard_f_e_178539.wav"}}}