{"version":"1.0","dataSet":{"info":{"date":"20230116","occupation":"ARD","channel":"MOCK","place":"ONLINE","gender":"FEMALE","ageRange":"45-54","experience":"EXPERIENCED"},"question":{"raw":{"text":"그동안에 디자인 트렌드 중에 인상 깊었던 것이 있었나요 있었다면 무엇이었나요","wordCount":10},"emotion":[],"intent":[]},"answer":{"raw":{"text":"어 저는 패션 같은 경우에 돌고 돈다는 말이 있잖아요. 그래서 예전에 이제 뭐 미국 드라마나 영화에서 봤던 어 제가 보면서 예쁘다고 생각했던 그 패션들이 있었는데 그게 다시 유행이 돌아왔을 때 되게 인상 깊었던 그 기억이 있는데. 사실 제가 이제 초등학생에서 중학생 됐을 때 그 시기 때 이제 한국에서 유행했던 디자인 트렌드가 있었어요. 근데 저는 그때 좀 그거를 거부했던 입장이어서 좀 특이하다고 생각했고 저한테는 좀 싫어했던 기억이 있는데 최근에 그게 다시 돌아오더라구요 한 이십 년 정도 후가 된 건데. 그래서 어 다시 그 디자인들이 막 나오는 걸 보고 좀 당황스러웠던 느낌이었구요. 그런데 또 다시 지나고 보니까 제가 어릴 때 느꼈던 그런 충격과는 좀 다른 결이었던 것 같애요. 좀 다시 보니까 예쁘더라구요.","wordCount":110},"emotion":[],"intent":[{"text":"","expression":"","category":"attitude"}],"summary":{"text":"패션은 돌고 돈다는 말이 있잖아요. 그런 패션들이 다시 유행이 돌아왔을 때 인상 깊었던 기억이 있는데, 초등학생에서 중학생 됐을 때 유행했던 디자인 트렌드를 거부했던 기억이 있는데 최근에 다시 돌아와서 당황스러웠던 기억이 있고, 다시 보니 예쁜 것 같아요.","wordCount":36}}},"rawDataInfo":{"question":{"fileFormat":"wav","fileSize":421838,"duration":13180,"samplingBit":16,"channelCount":1,"samplingRate":"16kHz","audioPath":"/Mock/06.Design/Female/Experienced/ckmk_q_ard_f_e_148554.wav"},"answer":{"fileFormat":"wav","fileSize":2524878,"duration":78900,"samplingBit":16,"channelCount":1,"samplingRate":"16kHz","audioPath":"/Mock/06.Design/Female/Experienced/ckmk_a_ard_f_e_148554.wav"}}}