{"version":"1.0","dataSet":{"info":{"date":"20230116","occupation":"ARD","channel":"MOCK","place":"ONLINE","gender":"FEMALE","ageRange":"55-","experience":"EXPERIENCED"},"question":{"raw":{"text":"일을 하다가 만약 상사에게 어려운 지시를 받으면 어떻게 하실 건지 그리고 그 이유도 같이 말씀해 주세요","wordCount":16},"emotion":[],"intent":[]},"answer":{"raw":{"text":"음 양심에 찔리는 짓이라면 그 부당한 짓이라면 거부합니다. 거절할 겁니다. 왜냐하면 제가 기자가 되려고 한 것도 그러한 부분들을 타파하기 위해 어 색출을 해서 네 최대한 더 투명한 제가 함께하는 사회를 만들기 위해였기 때문에 부당한 부분이고 안 좋은 쪽의 지시라면 단호히 거절하고 공개할 수 있도록 노력하겠지만 어 그냥 단순한 실무적인 부분에서의 조금 난이도가 더 발생되는 지시라면 제가 할 수 있는 부분에서는 노력을 하면서 조금 해보려고 할 것 같습니다. 거기에 대한 어떤 완전한 어 업무 처리 능력은 장담을 못하지만 그건 그런 부족한 부분인 걸 알면서도 지시를 한 윗선의 부분이기 때문에 저에게는 뭐 괜찮습니다 그 정도는.","wordCount":93},"emotion":[],"intent":[{"text":"","expression":"","category":"attitude"}],"summary":{"text":"부당한 짓이라면 거부합니다. 나쁜 쪽의 지시는 거절하고 공개 하겠지만, 실무적인 부분에서 조금 난이도가 더 발생되는 지시는 제가 할 수 있는 부분에서는 노력을 하면서 조금 해보려고 할 것 같습니다.","wordCount":28}}},"rawDataInfo":{"question":{"fileFormat":"wav","fileSize":346958,"duration":10840,"samplingBit":16,"channelCount":1,"samplingRate":"16kHz","audioPath":"/Mock/06.Design/Female/Experienced/ckmk_q_ard_f_e_111551.wav"},"answer":{"fileFormat":"wav","fileSize":2825678,"duration":88300,"samplingBit":16,"channelCount":1,"samplingRate":"16kHz","audioPath":"/Mock/06.Design/Female/Experienced/ckmk_a_ard_f_e_111551.wav"}}}