{"version":"1.0","dataSet":{"info":{"date":"20230116","occupation":"ARD","channel":"MOCK","place":"ONLINE","gender":"FEMALE","ageRange":"-34","experience":"EXPERIENCED"},"question":{"raw":{"text":"지원자님께서는 최근 재미있게 하고 계신 일이 있나요 그렇다면 그 일이 왜 재미있는지에 대해서도 설명 부탁드리겠습니다","wordCount":15},"emotion":[],"intent":[]},"answer":{"raw":{"text":"제가 이제 취미로 디제이를 배우고 있는데 아 디제잉을 배우고 있는데 진짜 제가 살면서 안 해볼 것 같은 취미 중의 하나였었거든요. 근데 우연히 어떤 저랑 비슷한 또래 여자 한국 여자가 디제잉을 하고 있는 거를 기사로 본 적이 있는데 좀 세계적으로 유명한 유명해진 그런데 뭔가 그 기사를 볼 때 어 한 번 해보고 싶다 는 마음이 생겼어요. 그래서 취미로 한 번 시작을 해보게 됐었습니다. 그래서 주변의 친구들도 디제잉을 배운다 고 라는 반응을 되게 많이 했었는데 생각보다 재미있게 하고 있어요. 그니까 제가 음악을 되게 다양하게 듣는 편은 아니긴 한데 디제잉을 배우면서 좀 다양한 장르를 들어보기 시작했고 좀 제 취향도 찾아가는 것 같애서 재밌게 하고 있는데 이게 조금 더 재미있다 고 느껴지는 이유가 쪼금 그 취미 활동을 오래 이제 하다 보니까 디제잉을 할 수 있는 기회가 생겨요. 그러면 그걸로 돈을 좀 벌 수 있는 수단이 생겨서 아마 좀 제가 그냥 취미로 시작했는데 수입도 생기니깐 더 재밌다 고 느끼고 있는 것 같애요.","wordCount":147},"emotion":[{"text":"그래서 주변의 친구들도 디제잉을 배운다 고 라는 반응을 되게 많이 했었는데 생각보다 재미있게 하고 있어요.","expression":"p-interest","category":"positive"},{"text":"그니까 제가 음악을 되게 다양하게 듣는 편은 아니긴 한데 디제잉을 배우면서 좀 다양한 장르를 들어보기 시작했고 좀 제 취향도 찾아가는 것 같애서 재밌게 하고 있는데 이게 조금 더 재미있다","expression":"p-interest","category":"positive"},{"text":"그러면 그걸로 돈을 좀 벌 수 있는 수단이 생겨서 아마 좀 제가 그냥 취미로 시작했는데 수입도 생기니깐 더 재밌다 고 느끼고 있는 것 같애요.","expression":"p-interest","category":"positive"}],"intent":[{"text":"","expression":"","category":"attitude"}],"summary":{"text":"취미로 디제잉을 배우면서 다양한 장르를 들어보고 제 취향을 찾아가는 것 같아 재미있어 하고 있습니다. 취미 활동을 오래하다 보니 디제잉을 할 수 있는 기회가 생기고 그로 인해 돈을 벌 수 있는 수단이 생겨서 취미로 시작했는데 수입도 생기니 더 재밌다고 느끼고 있는 것 같습니다.","wordCount":42}}},"rawDataInfo":{"question":{"fileFormat":"wav","fileSize":387278,"duration":12100,"samplingBit":16,"channelCount":1,"samplingRate":"16kHz","audioPath":"/Mock/06.Design/Female/Experienced/ckmk_q_ard_f_e_194787.wav"},"answer":{"fileFormat":"wav","fileSize":2878158,"duration":89940,"samplingBit":16,"channelCount":1,"samplingRate":"16kHz","audioPath":"/Mock/06.Design/Female/Experienced/ckmk_a_ard_f_e_194787.wav"}}}