{"version":"1.0","dataSet":{"info":{"date":"20230116","occupation":"ARD","channel":"MOCK","place":"ONLINE","gender":"FEMALE","ageRange":"45-54","experience":"EXPERIENCED"},"question":{"raw":{"text":"회사의 덕목이 무엇이라고 생각하십니까 어떤 회사가 좋은 회사라고 생각하시는지 지원자님의 의견이 궁금합니다","wordCount":12},"emotion":[],"intent":[]},"answer":{"raw":{"text":"어떤 회사가 좋은 회사인지는 늘 고민해보고 또 생각해보게 되는데요. 제가 생각하는 좋은 회사는 사람을 먼저 생각하는 회사라고 생각합니다. 회사를 이끌어가는 데 있어서 조직이 움직이려면 반드시 직원들이 필요하고 낮은 곳이든 높은 곳이든 회사를 정말 내 것처럼 아끼고 위해주는 직원이 있어야 더 나은 방향으로 발전할 수 있다고 생각합니다. 회사가 직원들을 일회용처럼 정말 한 번 쓰고 버리는 그런 것으로 대한다면 직원들도 마찬가지로 정말 월급 불팡이 더 많아질 거라고 봅니다. 그렇기 때문에 회사가 먼저 직원들을 소중하게 생각하고 그들의 복지를 우선시 해 준다면 직원들도 분명히 도 저 더 좋은 결과를 도출해 내려고 노력할 것입니다. 그래서 좋은 회사는 사람을 먼저 생각하는 회사라고 저는 생각합니다.","wordCount":98},"emotion":[],"intent":[{"text":"회사를 이끌어가는 데 있어서 조직이 움직이려면 반드시 직원들이 필요하고 낮은 곳이든 높은 곳이든   회사를 정말 내 것처럼 아끼고 위해주는 직원이 있어야 더 나은 방향으로 발전할 수 있다고 생각합니다.","expression":"c_value","category":"background"}],"summary":{"text":"좋은 회사는 사람을 먼저 생각하는 회사라고 생각합니다. 조직을 움직이는 데는 반드시 직원들이 필요하고 회사를 정말 제 것처럼 아끼고 위해주는 직원이 있어야 더 나은 방향으로 발전할 수 있다고 생각합니다.","wordCount":28}}},"rawDataInfo":{"question":{"fileFormat":"wav","fileSize":397198,"duration":12410,"samplingBit":16,"channelCount":1,"samplingRate":"16kHz","audioPath":"/Mock/06.Design/Female/Experienced/ckmk_q_ard_f_e_176990.wav"},"answer":{"fileFormat":"wav","fileSize":1972558,"duration":61640,"samplingBit":16,"channelCount":1,"samplingRate":"16kHz","audioPath":"/Mock/06.Design/Female/Experienced/ckmk_a_ard_f_e_176990.wav"}}}