{"version":"1.0","dataSet":{"info":{"date":"20230116","occupation":"ARD","channel":"MOCK","place":"ONLINE","gender":"FEMALE","ageRange":"45-54","experience":"EXPERIENCED"},"question":{"raw":{"text":"면접자 본인은 영감을 받을 때 어디에서 주로 얻는 편인가요","wordCount":9},"emotion":[],"intent":[]},"answer":{"raw":{"text":"다른 분들은 뭐 영화나 이런 드라마 그리고 뭐 시각적인 것 영감을 받는데요. 음 저는 음악과 그다음에 자연 두 가지를 크게 좀 영감을 받는 편인 것 같습니다. 특히 자연은 어 환경의 변화 빛의 변화 뭐 예를 들어 단풍진 그 나뭇잎에 빛이 어떻게 비치느냐에 따라서 굉장히 다양한 색깔을 표현을 하죠. 그리고 비가 온 날 물방울 위에 비치는 햇빛 또한 굉장히 오묘하고 어 보석 같은 그런 느낌을 갖고 있는데요. 자연은 예측할 수 없기 때문에 조금 더 재미있고 흥미롭고 또 다양한 영감을 주는 것 같습니다. 어 그리고 음악은 어 저 같은 경우에는 좀 눈을 감고 상상을 하면서 듣는 편입니다. 그래서 눈을 감고 그 음악을 느끼면서 상상하면서 어떤 스토리를 만들고 그러면서 거기서 영감을 받는 예 두 가지를 조금 많이 하고 있습니다.","wordCount":116},"emotion":[{"text":"자연은 예측할 수 없기 때문에 조금 더 재미있고 흥미롭고 또 다양한 영감을 주는 것 같습니다.","expression":"p-interest","category":"positive"}],"intent":[{"text":"","expression":"","category":"attitude"}],"summary":{"text":"다른 분들은 시각적인 것 영감을 받으나, 전 음악, 자연, 음악에 영감을 받습니다. 자연은 예측할 수 없기 때문에 재미있고 다양한 영감을 줍니다. 음악은 눈을 감고 상상을 하며 듣는 편인데, 음악을 느끼면서 상상하면서 스토리를 만들고 영감을 많이 받고 있습니다.","wordCount":37}}},"rawDataInfo":{"question":{"fileFormat":"wav","fileSize":250958,"duration":7840,"samplingBit":16,"channelCount":1,"samplingRate":"16kHz","audioPath":"/Mock/06.Design/Female/Experienced/ckmk_q_ard_f_e_267135.wav"},"answer":{"fileFormat":"wav","fileSize":2232718,"duration":69770,"samplingBit":16,"channelCount":1,"samplingRate":"16kHz","audioPath":"/Mock/06.Design/Female/Experienced/ckmk_a_ard_f_e_267135.wav"}}}