{"version":"1.0","dataSet":{"info":{"date":"20230116","occupation":"ARD","channel":"MOCK","place":"ONLINE","gender":"FEMALE","ageRange":"45-54","experience":"EXPERIENCED"},"question":{"raw":{"text":"어 지원자분께서 업무를 하시게 된다면 업무 중에 스케줄이 없던 일이 갑자기 생기는 일도 많습니다 이와 같이 스케줄이 갑자기 생기는 상황에 있어서 어떤 식으로 대처하게 되실지 궁금합니다","wordCount":26},"emotion":[],"intent":[]},"answer":{"raw":{"text":"뭐 제가 필요하니까 생기는 부분이긴 한 한데 사실 제 위치에서도 이런 말씀드리긴 좀 그렇지만 저도 많아요. 저도 배워야 될 게 많고 하기 때문에 음 쪼금 조절은 필요하다고 생각을 합니다. 그래서 안 된다면 제가 굳이 가야 할 자리가 아니라면 저는 다른 직원 네 대타로 보내고 대신 이제 잘 저한테 내용에 대해서 전달을 할 수 있을 만한 제가 믿을 수 있는 직원을 보내고 우선순위를 정해서 지금 시급한 가장 시급한 업무부터 처리하도록 네 해야겠죠. 그게 가장 기초적인 부분이니까 일에 있어서. 서 근데 없던 없다가 생긴 거라면 또 다급하기 할 거라 네 위주 위급한 거라면 당연히 가야겠죠. 이런 일이 근데 워낙 많아서요. 정말 왔다 갔다 하는 것 같아요 그 순간 상황에 따라서.","wordCount":108},"emotion":[],"intent":[{"text":"그래서 안 된다면 제가 굳이 가야 할 자리가 아니라면 저는 다른 직원   네 대타로 보내고 대신 이제 잘 저한테 내용에 대해서 전달을 할 수 있을 만한 제가 믿을 수 있는 직원을 보내고   우선순위를 정해서 지금 시급한 가장 시급한 업무부터 처리하도록 네 해야겠죠.","expression":"c_adp","category":"personality"}],"summary":{"text":"제가 굳이 가야 할 자리가 아니라면 다른 직원 믿을 수 있는 직원을 대신 보내고 우선순위를 정해서 지금 가장 시급한 업무부터 처리하도록 해야 합니다. 이런 일이 워낙 많아서 상황에 따라서 왔다 갔다 하는 것 같습니다.","wordCount":34}}},"rawDataInfo":{"question":{"fileFormat":"wav","fileSize":629198,"duration":19660,"samplingBit":16,"channelCount":1,"samplingRate":"16kHz","audioPath":"/Mock/06.Design/Female/Experienced/ckmk_q_ard_f_e_159119.wav"},"answer":{"fileFormat":"wav","fileSize":2443598,"duration":76360,"samplingBit":16,"channelCount":1,"samplingRate":"16kHz","audioPath":"/Mock/06.Design/Female/Experienced/ckmk_a_ard_f_e_159119.wav"}}}