{"version":"1.0","dataSet":{"info":{"date":"20230116","occupation":"ARD","channel":"MOCK","place":"ONLINE","gender":"FEMALE","ageRange":"-34","experience":"EXPERIENCED"},"question":{"raw":{"text":"디자이너로서 일하면서 가장 힘들었던 경험에 대해 말씀해 주시겠습니까 어떤 것이 있는지","wordCount":11},"emotion":[],"intent":[]},"answer":{"raw":{"text":"제가 가저 과거에 디자이너로 활동하면서 가장 힘들었던 경험은 클라이언트를 설득하는 그런 경험들이었습니다. 저희 업무 같은 경우에는 단순히 어 동료들과 함께 협업을 하는 게 아니고 실제로는 클라이언트를 설득하고 클라이언트에 요구 조건들이 어떤 것인지 파악을 해서 그분들이 원하는 그런 결과물을 낼 수 있는 것이야말로 곧 성과와 직결된다 라고 생각합니다. 그런데 그 과정에서 클라이언트가 제가 진행하는 그런 디자인에 프로세스들을 이해하고 또 신뢰할 수 있게 끔 제가 설득을 하는 과정들이 정말 어려웠었습니다. 그래서 당시 기억에 따르면 저는 첫 미팅에서 제가 평소에 진행하는 디자인 프로세스들을 시각화해서 보여드리고 제가 제공할 수 있는 옵션의 갯수 그리고 비용과 주요 일정들을 어 진행하는 것들에 대해서 알려드렸는데요. 그렇지만 클라이언트는 투명하게 진행하는 것 뿐만이 아니라 제가 어떻게 어 질문을 했을 때 받아들이고 혹은 이 부분에 대해서 어떻게 이야기를 해야 되는지 서로 소통이 안 돼서 힘들었었던 경험이 있습니다.","wordCount":126},"emotion":[{"text":"그렇지만 클라이언트는 투명하게   진행하는 것 뿐만이 아니라 제가 어떻게 어 질문을 했을 때 받아들이고 혹은 이 부분에 대해서 어떻게 이야기를 해야 되는지 서로 소통이 안 돼서 힘들었었던 경험이 있습니다.","expression":"n-distress","category":"negative"}],"intent":[{"text":"그래서 당시 기억에 따르면 저는 첫 미팅에서 제가 평소에 진행하는 디자인 프로세스들을 시각화해서 보여드리고   제가 제공할 수 있는 옵션의 갯수 그리고 비용과 주요 일정들을   어 진행하는 것들에 대해서 알려드렸는데요.","expression":"d_dgn_proc","category":"technology"}],"summary":{"text":"과거에 디자이너로 활동하면서 가장 힘들었던 경험은 클라이언트를 설득하는 경험이었습니다. 의뢰인이 원하는 결과물을 낼 수 있는 것이 성과와 직결된다고 생각하는데, 그 과정이 정말 어려웠었습니다. 첫 미팅에서 제가 진행하는 디자인 프로세스들을 보여드렸는데, 클라이언트는 소통이 안 돼 힘들었던 경험이 있습니다.","wordCount":37}}},"rawDataInfo":{"question":{"fileFormat":"wav","fileSize":299918,"duration":9370,"samplingBit":16,"channelCount":1,"samplingRate":"16kHz","audioPath":"/Mock/06.Design/Female/Experienced/ckmk_q_ard_f_e_178533.wav"},"answer":{"fileFormat":"wav","fileSize":2830798,"duration":88460,"samplingBit":16,"channelCount":1,"samplingRate":"16kHz","audioPath":"/Mock/06.Design/Female/Experienced/ckmk_a_ard_f_e_178533.wav"}}}