{"version":"1.0","dataSet":{"info":{"date":"20230116","occupation":"ARD","channel":"MOCK","place":"ONLINE","gender":"FEMALE","ageRange":"-34","experience":"EXPERIENCED"},"question":{"raw":{"text":"살면서 다양한 커뮤니케이션 경험을 해 보셨을 텐데요 그중에서 제일 어려웠던 경험 한 가지만 골라서 설명해 주시기 바랍니다","wordCount":17},"emotion":[],"intent":[]},"answer":{"raw":{"text":"제가 이제 교수님들하고 소통을 할 때가 있었어요. 교수님들과 소통을 해야 하는 역할을 맡은 적이 있었는데 조금 부당하다고 느꼈던 부분들이 있었거든요. 근데 저는 그래도 그거를 직설적으로 말하는 편이었는데 어 그쪽에서 그거를 눈치를 못채기도 했었고 좀 그거를 그냥 제가 농담처럼 한다고 생각을 하셨는지 받아들여지지 않을 때가 많았었거든요. 그래서 그런 부분들은 쫌 난감하기도 했었고 또 이거를 가지고 제가 또 학생들을 설득해야 되는 경우가 있었는데 그런 상황은 도대체 어떻게 제가 중재를 해줘야 될지 모르겠더라고요. 그런데 사실 제 잘못은 아니었는데 그거는 결국은 그거를 이끄는 교수님의 책임이라고 생각을 했는데 당시에는 제가 그거를 어떻게 조치를 해야 될지 방법을 모르는 그런 상황이 있었던 것 같아요. 그래서 제가 가지고 있는 언어로 제가 이해하는 그 체계로 아무리 양쪽을 설득해도 결국 화살은 저한테 돌아왔던 그런 적이 있었습니다.","wordCount":116},"emotion":[],"intent":[{"text":"","expression":"","category":"attitude"}],"summary":{"text":"저는 직설적으로 소통하는 편인데, 교수님들과의 소통에서 부당하다고 느꼈던 부분들이 있습니다. 이것을 가지고 학생들을 설득해야 되는 상황이었는데, 어떻게 중재해야 될지 방법을 모르는 상황이었습니다. 제가 가진 언어로 설득해도 화살은 제게 돌아왔던 그런 적이 있었습니다.","wordCount":32}}},"rawDataInfo":{"question":{"fileFormat":"wav","fileSize":361358,"duration":11290,"samplingBit":16,"channelCount":1,"samplingRate":"16kHz","audioPath":"/Mock/06.Design/Female/Experienced/ckmk_q_ard_f_e_155687.wav"},"answer":{"fileFormat":"wav","fileSize":2387918,"duration":74620,"samplingBit":16,"channelCount":1,"samplingRate":"16kHz","audioPath":"/Mock/06.Design/Female/Experienced/ckmk_a_ard_f_e_155687.wav"}}}