{"version":"1.0","dataSet":{"info":{"date":"20230116","occupation":"ARD","channel":"MOCK","place":"ONLINE","gender":"FEMALE","ageRange":"-34","experience":"EXPERIENCED"},"question":{"raw":{"text":"일을 하다 보면 상사와 트러블이 생길 수가 있는데요 어떻게 하면 좋을까요 또 상사가 혼을 내면 기분 나쁘시진 않을까요","wordCount":18},"emotion":[],"intent":[]},"answer":{"raw":{"text":"네 일단 업무를 하다보면 어 상사와 트러블이 발생할 수도 있을 것 같습니다. 그리고 전에 회사에 있을 때도 좀 상사분께서 엄격하셔서 저에게 여러 가지 지시사항을 내리고 또 간혹 기분 나쁘게 조언을 해주실 때도 있었습니다. 하지만 저는 감정적으로 그걸 대응하지 않았구요. 오히려 저한테 여러 가지를 알려주시고 지시해주는 거에 대해서 감사하게 생각을 했습니다. 하지만 막상 저도 사람이기 때문에 그 순간에는 그 감정적으로 대하는 말들이 기분 나쁘게 들릴 수도 있는데요. 하지만 그 감정에 좌지우지 되거나 개의치 않고 조금 더 멀리서 생각을 해보면 어차피 제가 발전을 위해서 하는 거고 그리고 그 상사분께서 저와 업무적으로 연결된 사이기 때문에 업무적으로 더 나은 점을 지적해 주시는 거기 때문에 오히려 그냥 흔쾌히 어 즐거운 마음으로 들었구요. 그리고 그 부분을 받아들이고 수렴함으로써 제가 오히려 한 단계 더 성장할 수 있었다고 생각을 합니다. 제가 그 부분을 반대하거나 아니면 마음속에서 받아들이지 않고 고치지 않았더라면 발전을 하지 못 했을 텐데요. 오히려 그 부분을 제가 개선을 함으로써 여러 가지를 또 보완할 수 있었다고 생각을 하면서 앞으로도 이런 상황이 있을 경우에 좀 유연하고 수렴하는 자세로 받아들이겠습니다.","wordCount":161},"emotion":[],"intent":[{"text":"","expression":"","category":"attitude"}],"summary":{"text":"업무 수행시 상사와 트러블이 발생할 수 있습니다. 하지만 감정적으로 대응하지 않았습니다. 제 발전을 위해서 하는 것이고, 그 상사분께서 업무적으로 더 나은 점을 지적해 주셔서 즐거운 마음으로 들었습니다. 그 부분을 받아들이고 수렴함으로써 발전을 할 수 있었다고 생각합니다. 앞으로 이런 상황이 있을 경우에 유연하고 수렴하는 자세로 받아들이겠습니다.","wordCount":45}}},"rawDataInfo":{"question":{"fileFormat":"wav","fileSize":404558,"duration":12640,"samplingBit":16,"channelCount":1,"samplingRate":"16kHz","audioPath":"/Mock/06.Design/Female/Experienced/ckmk_q_ard_f_e_120618.wav"},"answer":{"fileFormat":"wav","fileSize":2853198,"duration":89160,"samplingBit":16,"channelCount":1,"samplingRate":"16kHz","audioPath":"/Mock/06.Design/Female/Experienced/ckmk_a_ard_f_e_120618.wav"}}}