{"version":"1.0","dataSet":{"info":{"date":"20230116","occupation":"ARD","channel":"MOCK","place":"ONLINE","gender":"FEMALE","ageRange":"45-54","experience":"EXPERIENCED"},"question":{"raw":{"text":"어 다른 지원자들에 비해서 지원자님만이 가진 차별성이나 장점이 있으시다면 어필해 주시길 바랍니다","wordCount":12},"emotion":[],"intent":[]},"answer":{"raw":{"text":"다른 지원자들에 비해서 제가 가진 차별성이라면 저는 굉장히 긍정적인 생각을 항상 가지고 있습니다. 문제가 생기거나 어려운 일이 생기거나 어 뭐 누군가가 저에게 화가 났다거나 이랬을 때 저는 그것을 나쁘게만 받아들이지 않습니다. 분명히 이것에서 배울 수 있는 게 분명히 있다 라는 생각을 합니다. 제가 좋아하는 말 중에 세상에 원수는 없다. 선생이 있을 뿐이다. 이런 말이 있는데 원수가 같은 사람이 저에게 하는 행동도 저에게는 가르침이 될 수 있다라는 생각을 저는 하고 있습니다. 그래서 저의 긍정적인 마인드가 저는 굉장히 저의 차별성이라고 생각하고 또 하나의 차별성이 있다면 저는 제가 스페인어를 구사할 수 있는 것이 굉장히 저에게는 차별성이 아닐까 생각합니다. 많은 사람들이 영어라든지 중국어라든지 일본어에 대해서 잘하는 사람들은 주변에 많이 있는데 저처럼 스페인어로 구사할 수 있는 사람이 아직은 많지는 않은 것 같습니다. 그래서 제가 스페인어를 사용해야 될 일이 있을 때 통역을 한다거나 문서를 만든다거나 이런 일을 충분히 해낼 수 있기 때문에 그것이 제가 가진 중요한 장점이 아닐까 이렇게 생각합니다.","wordCount":144},"emotion":[],"intent":[{"text":"","expression":"","category":"attitude"}],"summary":{"text":"다른 지원자들에 비해서 제가 가진 차별성이라면 저는 긍정적인 생각을 항상 가지고 있습니다. 다른 차별성이 있다면 스페인어를 구사할 수 있다는 것이며, 이는 통역을 한다거나 문서를 만든다거나 이런 일을 충분히 해낼 수 있기 때문에 제가 가진 중요한 장점이 아닐까 생각합니다.","wordCount":38}}},"rawDataInfo":{"question":{"fileFormat":"wav","fileSize":346958,"duration":10840,"samplingBit":16,"channelCount":1,"samplingRate":"16kHz","audioPath":"/Mock/06.Design/Female/Experienced/ckmk_q_ard_f_e_247829.wav"},"answer":{"fileFormat":"wav","fileSize":2446798,"duration":76460,"samplingBit":16,"channelCount":1,"samplingRate":"16kHz","audioPath":"/Mock/06.Design/Female/Experienced/ckmk_a_ard_f_e_247829.wav"}}}