{"version":"1.0","dataSet":{"info":{"date":"20230116","occupation":"ARD","channel":"MOCK","place":"ONLINE","gender":"FEMALE","ageRange":"55-","experience":"EXPERIENCED"},"question":{"raw":{"text":"팀으로 일하는 것과 혼자 일하는 것 중 무엇을 더 선호하나요 이유와 함께 말씀해 주세요","wordCount":14},"emotion":[],"intent":[]},"answer":{"raw":{"text":"저는 혼자 일하는 것을 더 선호합니다. 팀으로 협업하는 일은 많은 사람들의 생각과 의견을 종합하고 공동의 목표를 이루어 나가야 하지만 자신의 의견만 계속해서 주장하는 사람들이 꼭 있기 때문에 그런 사람들로 인해 일은 진행되지 않고 스트레스만 쌓이는 상황을 좋아하지 않습니다. 전에는 팀 협업의 과정 자체를 즐기고 협업에서만 느낄 수 있는 장점들을 좋아했는데 그렇지 않은 일들에서 느끼는 피로감이나 스트레스가 너무 컸던 경험이 적잖이 많았습니다. 그래서 저는 제 스스로 계획하고 결과를 만들어내는 개인 업무를 훨씬 좋아하고 팀으로 일하는 것보다 혼자 일을 할 때 더 좋은 성과를 낼 수 있는 것 같습니다.","wordCount":87},"emotion":[],"intent":[{"text":"","expression":"","category":"attitude"}],"summary":{"text":"팀 협업의 장점들을 즐기던 이전과 달리 지금은 혼자 일하는 것을 더 선호합니다. 개인적으로 제 스스로 계획하고 결과를 만들어내는 개인 업무를 더 좋아하고, 팀으로 일하는 것보다 혼자 일을 할 때 더 좋은 성과를 낼 수 있는 것 같습니다.","wordCount":37}}},"rawDataInfo":{"question":{"fileFormat":"wav","fileSize":252878,"duration":7900,"samplingBit":16,"channelCount":1,"samplingRate":"16kHz","audioPath":"/Mock/06.Design/Female/Experienced/ckmk_q_ard_f_e_249033.wav"},"answer":{"fileFormat":"wav","fileSize":1683278,"duration":52600,"samplingBit":16,"channelCount":1,"samplingRate":"16kHz","audioPath":"/Mock/06.Design/Female/Experienced/ckmk_a_ard_f_e_249033.wav"}}}