{"version":"1.0","dataSet":{"info":{"date":"20230116","occupation":"ARD","channel":"MOCK","place":"ONLINE","gender":"FEMALE","ageRange":"45-54","experience":"EXPERIENCED"},"question":{"raw":{"text":"다른 지원자들에겐 없는 지원자님만이 가진 특별한 차별성 혹은 장점에 대해서 어필을 할 수 있다면 어떤 것을 말씀하실 건가요","wordCount":18},"emotion":[],"intent":[]},"answer":{"raw":{"text":"제 차별썽은 남들보다 시력이 좋다는 겁니다. 어 상상 이상으로 시력이 좋고요. 그만큼 되게 잘 보는 편이라 이 잘 본다는 게 음 그냥 뭐 물리적으로 뭔가 물체를 잘 보고 뚜렷하게 보고 이런 것도 있지만 그 너머에 많은 해석들을 또 잘 이해하고 있다는 뜻도 포함돼있는 거거든요. 그래서 저희가 하려고 하는 일 안에서는 정말 잘 보고 잘 이해하는 사람이 최고라고 생각이 들고 저는 저의 좋은 시력 만큼 굉장히 많은 것들을 세심하게 파악하는 능력을 가지고 있습니다. 그래서 아마 좀 같이 작업을 하다 보면은 깨닫게 되시겠지만 되게 많은 지점들을 수월하게 해 나가실 수 있게 될 거예요. 그게 저의 그 능력 덕분일 거라고 저는 자신하고 있습니다.","wordCount":100},"emotion":[],"intent":[{"text":"그래서 저희가 하려고 하는 일 안에서는 정말 잘 보고 잘 이해하는 사람이   최고라고 생각이 들고 저는 저의 좋은 시력 만큼 굉장히 많은 것들을   세심하게 파악하는 능력을 가지고 있습니다.","expression":"c_person","category":"background"}],"summary":{"text":"제가 하려고 하는 일 안에서는 굉장히 많은 것들을 세심하게 파악하는 능력을 가지고 있습니다. 그래서 작업하다 보면 깨닫게 되겠지만 되게 많은 지점들을 수월하게 해 나가실 수 있게 될 것입니다. 그것은 제 능력 덕분일 것입니다.","wordCount":33}}},"rawDataInfo":{"question":{"fileFormat":"wav","fileSize":377678,"duration":11800,"samplingBit":16,"channelCount":1,"samplingRate":"16kHz","audioPath":"/Mock/06.Design/Female/Experienced/ckmk_q_ard_f_e_156847.wav"},"answer":{"fileFormat":"wav","fileSize":2103118,"duration":65720,"samplingBit":16,"channelCount":1,"samplingRate":"16kHz","audioPath":"/Mock/06.Design/Female/Experienced/ckmk_a_ard_f_e_156847.wav"}}}