{"version":"1.0","dataSet":{"info":{"date":"20230116","occupation":"ARD","channel":"MOCK","place":"ONLINE","gender":"FEMALE","ageRange":"45-54","experience":"EXPERIENCED"},"question":{"raw":{"text":"지원자님 만약 일을 하던 중 팀원과 불화가 생긴다면 어떻게 해결하시겠습니까 지원자님에 해결법과 그 이유를 설명할 수 있습니까","wordCount":17},"emotion":[],"intent":[]},"answer":{"raw":{"text":"일단은 불화가 생긴 경험이 없고요. 불화가 생길 일도 없습니다 일을 할 때. 사실 마음에 안 드는 것도 겉으로 티를 내지 않고 해야 하는 게 저는 회사 생활이라고 생각을 하고 만약에 일적으로 시스템적으로 문제인 거는 저희 안에서 해결할 수 없다고 생각을 합니다. 그래서 상사나 이 회사의 씨쓰템을 개편할 수 있는 사람에게 말을 해야 된다는 게 맞다고 생각을 하고요. 그런데 개인적으로 감정이 상하거나 그런 것 때문에 불화가 생길 수도 있잖아요. 근데 그런 부분에 있어서는 절대 티를 내지 않아야 하는 게 저의 어떤 원칙 중의 하나입니다. 그래서 저는 사실 불화가 생겼다고 말할 수 있는 적은 없었고 그리고 만약에 불화가 생긴다는 조건일 때 그런 상황을 가정했을 때 어떻게 해결할 수 있을까 라고 물으신다면 마찬가지로 저는 절대 그거를 드러내지 않아야 한다고 생각합니다. 철저하게 나의 어떤 그 싫은 점들은 좀 감추고서는 수행해야 한다고 생각하고 있습니다.","wordCount":129},"emotion":[],"intent":[{"text":"","expression":"","category":"attitude"}],"summary":{"text":"개인적인 감정 때문에 불화가 생길 수도 있지만 그런 부분에 있어서는 절대 티를 내지 않아야 하는 게 제 원칙 중의 하나입니다. 만일 불화가 생긴다고 말할 수 없는 상황이라면 절대 그걸 드러내지 않아야 하며, 철저하게 저의 어떤 그 싫은 점들은 좀 감추고서는 수행해야 한다고 생각합니다.","wordCount":43}}},"rawDataInfo":{"question":{"fileFormat":"wav","fileSize":373518,"duration":11670,"samplingBit":16,"channelCount":1,"samplingRate":"16kHz","audioPath":"/Mock/06.Design/Female/Experienced/ckmk_q_ard_f_e_156675.wav"},"answer":{"fileFormat":"wav","fileSize":2586318,"duration":80820,"samplingBit":16,"channelCount":1,"samplingRate":"16kHz","audioPath":"/Mock/06.Design/Female/Experienced/ckmk_a_ard_f_e_156675.wav"}}}