{"version":"1.0","dataSet":{"info":{"date":"20230116","occupation":"ARD","channel":"MOCK","place":"ONLINE","gender":"FEMALE","ageRange":"45-54","experience":"EXPERIENCED"},"question":{"raw":{"text":"지원자 분께서는 요즘 공부하고 계신 것이 있으신지 궁금합니다 있으시다고 하면 왜 그와 같은 것들을 공부하고 계시는지 지금껏 무엇을 배우셨는지에 대해서도 말씀해 주세요","wordCount":22},"emotion":[],"intent":[]},"answer":{"raw":{"text":"공부라기보다는 요즘은 메타버스를 좀 알아가려고 노력을 하고 있습니다. 그래서 그 재페토라는 프로그램도 좀 하나 설치해 놓고 캐릭터도 한번 만들어보고 꾸며도 보고 예 그런 현질도 좔짝 좀 하고 그러고 있는데요. 가상 공간이 뭐길래 사람들 큰 매력을 느끼고 또 제가 한 제 기준에는 작은 돈이 아니더라고요. 그런 비용을 지불을 하고 어 빠져있는지 좀 궁금하기도 하고 또 앞으로는 또 가상 공간이 점점 더 활성화될 것이기 때문에 어 그런 공간을 좀 공부를 해 보고 또 이런 공간에서 마케팅이나 이런 것들을 좀 어떻게 하는 게 좋을까 또 어떤 것들이 유행하는지 어떤 트렌드나 이런 것들도 좀 알아보기 위해서 어 저는 단순히 게임을 즐기는 게 아니라 저는 이제 학습의 그런 느낌으로 어 제페토나 이런 메타버스를 좀 체험을 하는 것을 하고 있습니다.","wordCount":114},"emotion":[],"intent":[{"text":"","expression":"","category":"attitude"}],"summary":{"text":"요즘 메타버스를 알기 위해 재페토라는 프로그램도 설치하고 캐릭터도 만들어보고 현질도 하고 있습니다. 앞으로는 가상 공간이 더 활성화될 것이기 때문에 공간 공부를 해 보고 마케팅이나 트렌드 등을 알아보기 위해 학습의 느낌의 메타버스 체험을 하는 것을 합니다.","wordCount":35}}},"rawDataInfo":{"question":{"fileFormat":"wav","fileSize":528398,"duration":16510,"samplingBit":16,"channelCount":1,"samplingRate":"16kHz","audioPath":"/Mock/06.Design/Female/Experienced/ckmk_q_ard_f_e_261371.wav"},"answer":{"fileFormat":"wav","fileSize":1944398,"duration":60760,"samplingBit":16,"channelCount":1,"samplingRate":"16kHz","audioPath":"/Mock/06.Design/Female/Experienced/ckmk_a_ard_f_e_261371.wav"}}}