{"version":"1.0","dataSet":{"info":{"date":"20230116","occupation":"ARD","channel":"MOCK","place":"ONLINE","gender":"FEMALE","ageRange":"45-54","experience":"EXPERIENCED"},"question":{"raw":{"text":"현대인은 하루 평균 세 번 거짓말을 한다고 합니다 그렇다면 지원자님이 해 본 가장 기억에 남는 거짓말은 과연 무엇인가요","wordCount":18},"emotion":[],"intent":[]},"answer":{"raw":{"text":"저는 일단은 뭐 큰 거짓말을 하고 살지는 않아 가지구 그렇게 기억에 막 강렬하게 남는 건 없는데. 좀 제가 자주 하는 거짓말을 좀 얘기해 보자면 감사하지 않는데 감사하다고 말하는 것 같습니다. 그런데 이 말은 저희가 살면서 많은 상황들에 있어서 그냥 예의상 마무리 같은 혹은 인사 같은 그런 멘트로 좀 많이 하게 되는 것 같애서 뭐 어쩔 때는 진짜 좀 의무적으로 그 멘트를 쓴다고 생각이 들 때가 있더라구요. 그래서 언제 한 번 좀 새삼스럽게 나 되게 이 말을 많이 하네 라고 느꼈던 적이 있는데 그냥 이 식당에서 뭐 음식을 줘서 제가 감사합니다 하는 거는 그거는 거짓말이라고 생각은 안 드는데 어떤 업무적으 업무적인 일에서 그 멘트를 썼을 때 그냥 더 이상 말을 하고 싶지 않다 라는 의미로 마무리할 때가 많더라구요. 그래서 뭐 사실은 감사하지 않는데 감사하다고 말하는 거겠죠.","wordCount":125},"emotion":[],"intent":[{"text":"","expression":"","category":"attitude"}],"summary":{"text":"큰 거짓말을 하고 살지는 않아 가지구 기억에 크게 남는 건 없는데, 제가 자주 하는 거짓말을 정리해 보면 감사하지 않는데 감사하다고 말하는 것 같습니다. 그런데 이 말은 살면서 예의상 마무리 같은, 인사 같은 걸로 많이 하게 되는 것 같습니다.","wordCount":38}}},"rawDataInfo":{"question":{"fileFormat":"wav","fileSize":440398,"duration":13760,"samplingBit":16,"channelCount":1,"samplingRate":"16kHz","audioPath":"/Mock/06.Design/Female/Experienced/ckmk_q_ard_f_e_148557.wav"},"answer":{"fileFormat":"wav","fileSize":2216398,"duration":69260,"samplingBit":16,"channelCount":1,"samplingRate":"16kHz","audioPath":"/Mock/06.Design/Female/Experienced/ckmk_a_ard_f_e_148557.wav"}}}