{"version":"1.0","dataSet":{"info":{"date":"20230116","occupation":"ARD","channel":"MOCK","place":"ONLINE","gender":"FEMALE","ageRange":"45-54","experience":"EXPERIENCED"},"question":{"raw":{"text":"어 일을 하다 보면 우리는 영어로 서류를 작성해야 할 일이 생길 수도 있는데요 어 본인이 생각할 때 본인은 영어로 서류를 작성할 수 있으신가요","wordCount":23},"emotion":[],"intent":[]},"answer":{"raw":{"text":"당연히 가능합니다. 저는 기본적인 영어 의사소통 및 문법 독해 모두 가능하기 때문에 영어로 서류 작성하는 것이 가능합니다. 그리고 요즘에는 다양한 번역 어플들이 출시되었고 어플들의 번역의 정확도가 이전보다 많이 향상되어서 쉽게 사용이 가능한 세상이 되었습니다. 이러한 어플이나 사이트의 도움을 받아서 제가 영어 서류를 작성할 때에 수정해야 할 단어나 문장을 발견할 수 있기 때문에 더욱 정확한 서류 작성이 가능합니다. 그래서 저는 영어로 서류 작성하는 일은 어렵지 않습니다.","wordCount":65},"emotion":[],"intent":[{"text":"","expression":"","category":"attitude"}],"summary":{"text":"저는 기본적인 영어 의사소통 및 문법 독해가 가능하기 때문에 영어로 서류 작성이 가능합니다. 그리고 최근에는 다양한 번역 어플들의 출시로 번역의 정확도가 향상되어서 사용이 용이합니다.","wordCount":24}}},"rawDataInfo":{"question":{"fileFormat":"wav","fileSize":491598,"duration":15360,"samplingBit":16,"channelCount":1,"samplingRate":"16kHz","audioPath":"/Mock/06.Design/Female/Experienced/ckmk_q_ard_f_e_259213.wav"},"answer":{"fileFormat":"wav","fileSize":1509838,"duration":47180,"samplingBit":16,"channelCount":1,"samplingRate":"16kHz","audioPath":"/Mock/06.Design/Female/Experienced/ckmk_a_ard_f_e_259213.wav"}}}