{"version":"1.0","dataSet":{"info":{"date":"20230116","occupation":"ARD","channel":"MOCK","place":"ONLINE","gender":"FEMALE","ageRange":"45-54","experience":"EXPERIENCED"},"question":{"raw":{"text":"대학에서 배운 본인의 전공 과목 중에서 가장 기억에 남는 과목을 한 가지 골라 말씀해 주세요","wordCount":15},"emotion":[],"intent":[]},"answer":{"raw":{"text":"저는 인문학 개론이 굉장히 기억에 남습니다. 어 인문학 개론이기 때문에 개론이다 보니까 좀 깊이 들어가지는 못했는데요. 어 교양 수업이다 본인이 어 그 조금 가볍게 들을 수 있는 상황이라 신청을 했는데 첫 수업에서 얘기하셨던 부분이 굉장히 기억에 남습니다. 인문학을 왜 배우느냐. 일단 수학도 아니고 과학도 아니고 프로그래밍도 아니고 당장 써먹을 수 없는 것 같음에도 불구하고 인문학을 왜 배우느냐. 그 사람의 삶의 변화를 가지고 삶이 풍부해지고 생각하는 관점이나 가치관이 바뀔 수 있는 것들이 바로 인문학이었습니다. 어 그런 교수님 말씀을 듣고 뭔가 한 대 맞은 듯한 그런 충격을 받아서 한동안 조금 인문학을 좀 빠져 있었던 그런 기억이 나는데요. 그래서 저는 대학 때 어 인문학을 배웠던 게 가장 기억에 나왔습니다.","wordCount":106},"emotion":[],"intent":[{"text":"","expression":"","category":"attitude"}],"summary":{"text":"인문학은 당장 쓸 수 없을 것 같음에도 그 사람의 삶의 변화를 통해 삶의 풍부해지고 생각하는 관점이나 가치관이 바뀔 수 있는 것입니다. 라는 교수님의 말씀을 듣고 한참동안 인문학을 빠졌던 기억이 나오는데, 대학 때 가장 기억에 남습니다.","wordCount":35}}},"rawDataInfo":{"question":{"fileFormat":"wav","fileSize":264398,"duration":8260,"samplingBit":16,"channelCount":1,"samplingRate":"16kHz","audioPath":"/Mock/06.Design/Female/Experienced/ckmk_q_ard_f_e_261365.wav"},"answer":{"fileFormat":"wav","fileSize":1903438,"duration":59480,"samplingBit":16,"channelCount":1,"samplingRate":"16kHz","audioPath":"/Mock/06.Design/Female/Experienced/ckmk_a_ard_f_e_261365.wav"}}}