{"version":"1.0","dataSet":{"info":{"date":"20230116","occupation":"ARD","channel":"MOCK","place":"ONLINE","gender":"FEMALE","ageRange":"45-54","experience":"EXPERIENCED"},"question":{"raw":{"text":"면접자님께서 입사 후에 기존에 원하던 일을 못하게 되었을 경우가 많습니다 혹시 못하게 되었을 경우 어떻게 하면 좋을까요 그렇게 하실 이유까지 설명해 주시기 바랍니다","wordCount":23},"emotion":[],"intent":[]},"answer":{"raw":{"text":"네 저도 제가 원하는 방향성과 일이 있습니다. 하지만 모든 것이 제가 원하는 대로 다 이뤄지지는 않는다는 것도 잘 알고 있는 것 같습니다. 기본적으로 저는 일에 대해서 욕심이 많고요. 또 디자인에 대해서 철학도 가지고 있습니다. 저만의 색깔을 구현하고 또 알리고 싶은 마음도 드는데요. 다만 모든 것이 저의 뜻과 마음대로만 되지는 않는 것 같습니다. 그렇기 때문에 회사가 있는 거고 다른 동료와 사람들이 있는 건데요. 그거는 유연하게 저는 조절이 가능할 것 같습니다. 상대방이 무엇을 원하느냐에 따라서 저도 조금씩 양보를 하면서 그것들을 타협할 수 있을 것 같고요. 그리고 어떤 문제나 일에 부딪쳤을 때도 그걸 조금 타협을 하고 서로 의견을 조율하면서 지혜롭게 해결해 나갈 수 있는 방법들이 있는 것 같습니다. 어 그래서 제가 꼭 원하는 일이 아니다 라고 하더라도 그 문제들을 잘 극복하면서 적극적으로 회사 생활을 해 나가고 싶습니다.","wordCount":124},"emotion":[],"intent":[{"text":"","expression":"","category":"attitude"}],"summary":{"text":"저는 일에 욕심이 많고 디자인에 대해서도 철학이 있습니다. 하지만 제 뜻과 마음대로만 되지는 않는 것 같습니다. 저는 상대방이 무엇을 원하느냐에 따라서 양보를 하면서 타협할 수 있고 서로 의견을 조율하면서 해결해 나갈 수 있는 방법들이 있다고 생각합니다.","wordCount":36}}},"rawDataInfo":{"question":{"fileFormat":"wav","fileSize":492878,"duration":15400,"samplingBit":16,"channelCount":1,"samplingRate":"16kHz","audioPath":"/Mock/06.Design/Female/Experienced/ckmk_q_ard_f_e_108141.wav"},"answer":{"fileFormat":"wav","fileSize":2169038,"duration":67780,"samplingBit":16,"channelCount":1,"samplingRate":"16kHz","audioPath":"/Mock/06.Design/Female/Experienced/ckmk_a_ard_f_e_108141.wav"}}}