{"version":"1.0","dataSet":{"info":{"date":"20230116","occupation":"ARD","channel":"MOCK","place":"ONLINE","gender":"FEMALE","ageRange":"55-","experience":"EXPERIENCED"},"question":{"raw":{"text":"어 사람들은 과 협업을 하면서 어 가장 어려웠던 점이 있으시다면 과거에 그 경험했던 것에 대해서 예를 들어서 설명해 주시고 그것을 또 어떻게 극복을 하셨는지 어 그 말씀해 주시기 바랍니다","wordCount":29},"emotion":[],"intent":[]},"answer":{"raw":{"text":"하 솔직하게 얘기하면 어 이야기를 들어야 되는 거예요. 너무 어렵습니다. 너무 힘들어요. 이게 달라요. 취재를 하는 과정에서 수많은 사람들을 만나고 인터뷰를 하면서 듣는 거는 아무렇지도 않습니다. 하나도 안 힘들고 오히려 반갑고 연락을 주시면 너무 고맙고 그런데 그거는 제가 원해서 하는 제 일 에서의 일인 거고 그 연장인 거고 그냥 그 일 일 자체인 거고 근데 그게 아닌 그냥 나와 비슷한 사람들끼리 모여서 하는 무언가를 도출해 내야 되는 어떤 걸 함께 한다 그 나와 비슷한 사람들이기 때문에 각자가 또 얼마나 예민한지도 알고 있고 순탄하게 가기 위해서 어느 정도 맞춰줘야 되는 그 분위기 그 분위기를 또 만들기 위한 경청이 너무 어렵습니다. 어려워요. 네 제가 원하는 일은 그런 일이 아닙니다. 저는 이럴 때 정말 듣기가 힘듭니다.","wordCount":113},"emotion":[],"intent":[{"text":"","expression":"","category":"attitude"}],"summary":{"text":"이야기를 들어야 되는 게 어렵습니다. 인터뷰를 하는 과정에서 수많은 사람들을 만나고 인터뷰를 하면서 듣는 것은 제 일의 연장이고 거기에 더해 비슷한 사람들이 모여 무언가를 도출해 내야 되는 것을 함께 하기 때문에 경청이 너무 어렵습니다.","wordCount":34}}},"rawDataInfo":{"question":{"fileFormat":"wav","fileSize":638798,"duration":19960,"samplingBit":16,"channelCount":1,"samplingRate":"16kHz","audioPath":"/Mock/06.Design/Female/Experienced/ckmk_q_ard_f_e_111552.wav"},"answer":{"fileFormat":"wav","fileSize":2844238,"duration":88880,"samplingBit":16,"channelCount":1,"samplingRate":"16kHz","audioPath":"/Mock/06.Design/Female/Experienced/ckmk_a_ard_f_e_111552.wav"}}}