{"version":"1.0","dataSet":{"info":{"date":"20230116","occupation":"ARD","channel":"MOCK","place":"ONLINE","gender":"FEMALE","ageRange":"35-44","experience":"EXPERIENCED"},"question":{"raw":{"text":"네 지원자님만의 단점이 있다면 그 단점에 대해서 한 번 말씀을 부탁드리고요 또 이를 보완하기 위해서 지원자님께서 하신 노력이 있으시다면 그 노력도 함께 말씀을 부탁드리고 싶습니다","wordCount":25},"emotion":[],"intent":[]},"answer":{"raw":{"text":"저요 음 저는 음 저 이게 솔직히 말해서 단점도 되고 장점도 되는 것 같은데요. 저는 조금 포기를 몰라요. 네 이렇게 표현하자면 장점 같은데 그러니까 포기를 했음에도 포기할 줄 몰라요. 그래서 제가 인정하는 어떤 끝이 있을 때까지 포기를 했던 거라도 또 하고 또 하고 또 해봐요. 뭐 누구는 이거를 자기 복제라는 표현을 쓸 수도 있겠지만 저는 그렇게 생각하지 않아요. 거기에는 동의하지 않아요. 어 각 작품마다의 어떤 분명한 이유가 있기 때문에 제가 의도한 어떤 디자인과 어떤 배치가 들어가는 거고 그게 이전 작품에서 만약에 어울리지 않거나 제가 생각하는 어떤 효과를 못 냈더라도 이번에서는 다를 수가 있기 때문에 다를 거라고 제가 생각을 했기 때문에 그런 부분들을 염두하고 네 진행을 하는 부분이구요. 그래서 네 같이 있어요. 단점이자 장점이고 한 번 크게 포기를 해 봐야지 또 될 것 같다는 생각도 지금 드네요.","wordCount":126},"emotion":[],"intent":[{"text":"저는 조금 포기를 몰라요.","expression":"c_person","category":"background"}],"summary":{"text":"저는 포기를 모릅니다. 이렇게 표현하면 장점같은데 그러니깐 포기를 했음에도 포기할 줄 몰라요. 단점이자 장점이고 한번 크게 포기를 해 봐야지 또 될것 같다는 생각도 듭니다.","wordCount":24}}},"rawDataInfo":{"question":{"fileFormat":"wav","fileSize":531278,"duration":16600,"samplingBit":16,"channelCount":1,"samplingRate":"16kHz","audioPath":"/Mock/06.Design/Female/Experienced/ckmk_q_ard_f_e_179737.wav"},"answer":{"fileFormat":"wav","fileSize":2924238,"duration":91380,"samplingBit":16,"channelCount":1,"samplingRate":"16kHz","audioPath":"/Mock/06.Design/Female/Experienced/ckmk_a_ard_f_e_179737.wav"}}}