{"version":"1.0","dataSet":{"info":{"date":"20230116","occupation":"ARD","channel":"MOCK","place":"ONLINE","gender":"FEMALE","ageRange":"45-54","experience":"EXPERIENCED"},"question":{"raw":{"text":"다룰 수 있는 설계 프로그램이 있으신가요 어떤 프로그램을 다룰 수 있는지 그리고 그 프로그램에 대해서도 설명 부탁드립니다","wordCount":17},"emotion":[],"intent":[]},"answer":{"raw":{"text":"기본적으로 캐드 정도는 다룰 수가 있습니다. 캐드는 우리가 보통 사용하는 설계도면뿐 아니라 그 건축물을 만드는 데도 사용이 되구요. 워낙 광범위한 그 산업에서 사용이 되기 때문에 캐드를 익혀 놓으면 여러 그 설계하는데 많은 도움을 받을 수 있어서 캐드는 조금 배워 놨습니다. 그리고 요즘은 또 캐드가 확장을 해서 쓰리디 캐드라고도 하더라고요. 그래서 이 설계한 모형을 바로 쓰리디로 변환해서 볼 수 있는 그런 기능들을 탑재하는 그 업데이트된 그런 그 프로그램이 나와서 그 부분도 조금 배우면서 설계도면이나 이런 것들을 분석하고 활용하는데 프로그램을 이용을 하고 있습니다.","wordCount":81},"emotion":[{"text":"캐드는 우리가 보통 사용하는 설계도면뿐 아니라 그 건축물을 만드는 데도 사용이 되구요.","expression":"u-fact","category":"neutral"}],"intent":[{"text":"","expression":"","category":"attitude"}],"summary":{"text":"광범위한 산업에서 사용이 되는 캐드를 익혀 놓으면 설계하는데 많은 도움을 받을 수 있어 캐드는 조금 배워 놓았고 요즘은 확장해서 쓰리디 캐드라고 해서 설계한 모형을 쓰리디로 변환해서 볼 수 있는 프로그램을 이용하고 있습니다.","wordCount":32}}},"rawDataInfo":{"question":{"fileFormat":"wav","fileSize":361358,"duration":11290,"samplingBit":16,"channelCount":1,"samplingRate":"16kHz","audioPath":"/Mock/06.Design/Female/Experienced/ckmk_q_ard_f_e_261363.wav"},"answer":{"fileFormat":"wav","fileSize":1569358,"duration":49040,"samplingBit":16,"channelCount":1,"samplingRate":"16kHz","audioPath":"/Mock/06.Design/Female/Experienced/ckmk_a_ard_f_e_261363.wav"}}}