{"version":"1.0","dataSet":{"info":{"date":"20230116","occupation":"ARD","channel":"MOCK","place":"ONLINE","gender":"FEMALE","ageRange":"45-54","experience":"EXPERIENCED"},"question":{"raw":{"text":"상사가 회사의 이익에 위반되는 행동을 하는 것을 본인이 직접 목격을 했다면 그때 어떻게 행동을 하시겠습니까","wordCount":15},"emotion":[],"intent":[]},"answer":{"raw":{"text":"상사의 올바르지 않은 불의의 행동을 보았을 때 우선은 무척 고민을 하게 될 것 같습니다. 하지만 그 행동을 묵인하면 나 자신도 상대방도 회사도 모두 자멸하는 방법이기 때문에 이것을 시정하기 위한 굉장히 어려운 대화를 요청하게 될 것 같습니다. 그랬을 때만 그 상사가 저를 나쁘게 보아 저에게 회사를 다니지 말라고 까지 혹시 한다고 해도 제 입장은 변하지 않을 것 같습니다.","wordCount":57},"emotion":[],"intent":[{"text":"","expression":"","category":"attitude"}],"summary":{"text":"상사의 올바르지 않은 불의의 행동을 묵인하면 나 자신도 상대방도 회사도 모두 자멸하는 방법이기 때문에 시정을 위한 굉장히 어려운 대화를 요청하게 될 것 같습니다.","wordCount":23}}},"rawDataInfo":{"question":{"fileFormat":"wav","fileSize":353678,"duration":11050,"samplingBit":16,"channelCount":1,"samplingRate":"16kHz","audioPath":"/Mock/06.Design/Female/Experienced/ckmk_q_ard_f_e_264252.wav"},"answer":{"fileFormat":"wav","fileSize":1583438,"duration":49480,"samplingBit":16,"channelCount":1,"samplingRate":"16kHz","audioPath":"/Mock/06.Design/Female/Experienced/ckmk_a_ard_f_e_264252.wav"}}}