{"version":"1.0","dataSet":{"info":{"date":"20230116","occupation":"ARD","channel":"MOCK","place":"ONLINE","gender":"FEMALE","ageRange":"-34","experience":"EXPERIENCED"},"question":{"raw":{"text":"본인이 직접 해외 출장 장소를 고를 수 있다면 한 번 가서 일해보고 싶은 나라가 있나요","wordCount":15},"emotion":[],"intent":[]},"answer":{"raw":{"text":"저는 그 대만을 가보면 좋을 것 같애요. 그게 제가 일해 보고 싶은 나라라기보다는 지금 저희 이 분야가 배울 수 있는 게 있을 것 같거든요. 그 제가 예전에 교수님을 따라서 공연 스텝으로 대만에 간 적이 있었는데 인형극이 되게 활발하게 돼 있었어요. 그리고 어떤 시에서 그 축제를 열었는데 그 시에 사는 사람들이 진짜 많이 참여를 하고 그 축제 자체에 그리고 되게 팬이 많더라고요 어떤 인형극에. 그런데 그게 우리나라랑 비교했을 때 좀 낯설었어요 그 정서가. 뭔가 어린이들이 그냥 보는 게 아니라 성인들도 뭔가 좋아하고 있다는 게. 그리고 어떤 고정 레파토리가 있고 어 되게 유명한 장인이 있고 근데 그 장인이 되게 대중적으로 유명하고 대만에서는. 그까 그 힘이 뭔지 좀 배우고 싶더라고요. 그래서 저는 이 일로 해외 출장을 가게 된다면 뭔가 대만에 그 시를 한 번 더 방문해 보고 싶습니다.","wordCount":125},"emotion":[],"intent":[{"text":"그 제가 예전에 교수님을 따라서 공연 스텝으로 대만에 간 적이 있었는데   인형극이 되게 활발하게 돼 있었어요.","expression":"c_private","category":"background"}],"summary":{"text":"대만은 인형극이 되게 활발하게 돼 있었고 어떤 시에서 축제를 열었는데 그 시에 사는 사람들이 엄청 참여를 하고 근데 우리나라와 비교했을 때 낯설었습니다. 인형극에 고정 레파토리가 있고 유명한 장인이 있었는데 그 힘이 뭔지 좀 배우고 싶습니다.","wordCount":35}}},"rawDataInfo":{"question":{"fileFormat":"wav","fileSize":323278,"duration":10100,"samplingBit":16,"channelCount":1,"samplingRate":"16kHz","audioPath":"/Mock/06.Design/Female/Experienced/ckmk_q_ard_f_e_149724.wav"},"answer":{"fileFormat":"wav","fileSize":2545998,"duration":79560,"samplingBit":16,"channelCount":1,"samplingRate":"16kHz","audioPath":"/Mock/06.Design/Female/Experienced/ckmk_a_ard_f_e_149724.wav"}}}