{"version":"1.0","dataSet":{"info":{"date":"20230116","occupation":"ARD","channel":"MOCK","place":"ONLINE","gender":"FEMALE","ageRange":"55-","experience":"EXPERIENCED"},"question":{"raw":{"text":"업무를 하다가 상사가 만약에 어려운 지시를 내린다면 어떻게 하시겠습니까 이유도 함께 말씀해 주세요","wordCount":13},"emotion":[],"intent":[]},"answer":{"raw":{"text":"그 어려운 지시가 부당한 지시인지 아니면 회사에 해를 끼치는 건 아닌지 조금 이런 부분을 살펴볼 것 같습니다. 단순히 일이 조금 어렵고 내 능력이 업무적으로 부족한 부분이라면 먼저 그 부분을 보완하기 위해서 노력해 볼 것이고 또한 동료에게 물어봐서 해결할 수 있는 일이라면은 그 지시 사항을 한 번 따르도록 노력해 볼 것 같습니다.","wordCount":51},"emotion":[],"intent":[{"text":"","expression":"","category":"attitude"}],"summary":{"text":"일이 조금 어렵다면 보완하기 위해 노력하고, 동료와 해결할 수 있다면 그 지시 사항을 따르도록 노력해 볼 것 같습니다. 그것이 부당지시인지 회사에 해를 끼치는 지 살펴봐야 합니다.","wordCount":26}}},"rawDataInfo":{"question":{"fileFormat":"wav","fileSize":376718,"duration":11770,"samplingBit":16,"channelCount":1,"samplingRate":"16kHz","audioPath":"/Mock/06.Design/Female/Experienced/ckmk_q_ard_f_e_248019.wav"},"answer":{"fileFormat":"wav","fileSize":1630798,"duration":50960,"samplingBit":16,"channelCount":1,"samplingRate":"16kHz","audioPath":"/Mock/06.Design/Female/Experienced/ckmk_a_ard_f_e_248019.wav"}}}