{"version":"1.0","dataSet":{"info":{"date":"20230116","occupation":"ARD","channel":"MOCK","place":"ONLINE","gender":"FEMALE","ageRange":"-34","experience":"EXPERIENCED"},"question":{"raw":{"text":"의사소통을 잘 할 수 있는 나만의 스킬이 있다면 말씀을 해 주시고 지금 한번 보여주셔도 좋습니다","wordCount":15},"emotion":[],"intent":[]},"answer":{"raw":{"text":"대학교 때부터 그리고 대학생 더 그 이전부터 수줍음이 진짜 커 가지고 제가 버스에서 제가 내려야 되는 버스 벨도 못 누르고 뭐 식당에서 주문하는 거는 기본적으로 못하고 또 그런 성격이었었거든요. 그래서 진짜 잘 할 수 있는 스킬을 제가 알고 싶을 정도로 그렇게 소극적이었었어요. 어떤 기본적인 그 관계에서의 소통도 되게 부끄러워 했었고 그래서 대학교 때부터 뭔가 앞에서 말을 해야 되는 순간들이 올 때가 있을 때 많이 긴장했었고 진짜 제가 이 정도까지 사회생활을 하게 된 거는 어떤 스킬이 쌓였다 기보다는 좀 자연스럽게 그 환경에 녹아들면서 해야 되는 일이었기 때문에 조금씩 해나가면서 제가 좀 편해진 게 있었던 것 같애요. 그 전에는 경험해보지 못한 것에 대해서의 두려움이 좀 컸어 가지고 말하는 것도 되게 소극적이었었고 항상 좀 나서지 못하는 경우들이 많았는데 아무래도 사회생활을 좀 하다 보니까 이제 기본적으로 업무할 때 대화는 쭈뼛거리지 않게 됐었고 또 부당한 일을 당했을 때 제가 화를 낼 수도 있는 정도가 된 것 같애요.","wordCount":142},"emotion":[{"text":"대학교 때부터 그리고 대학생 더 그 이전부터 수줍음이 진짜 커 가지고 제가 버스에서 제가 내려야 되는 버스 벨도 못 누르고 뭐 식당에서 주문하는 거는 기본적으로 못하고 또 그런 성격이었었거든요.","expression":"n-shame","category":"negative"}],"intent":[{"text":"대학교 때부터 그리고 대학생 더 그 이전부터 수줍음이 진짜 커 가지고 제가 버스에서 제가 내려야 되는 버스 벨도 못 누르고 뭐 식당에서 주문하는 거는 기본적으로 못하고 또 그런 성격이었었거든요.","expression":"c_person","category":"background"}],"summary":{"text":"수줍음이 많고 소극적이었던 저는 대학교 때부터 사회생활을 하게 되었습니다. 그 전에는 경험해보지 못한 것에 대한 두려움이 커서 말하는 것이 소극적이었고 항상 좀 나서지 못하는 경우들이 많았는데 사회생활을 하다 보니 기본적으로 업무할 때 대화는 쭈뼛거리지 않게 되었고 부당한 일을 당했을 때 화를 낼 수도 있는 정도가 됐습니다.","wordCount":46}}},"rawDataInfo":{"question":{"fileFormat":"wav","fileSize":325838,"duration":10180,"samplingBit":16,"channelCount":1,"samplingRate":"16kHz","audioPath":"/Mock/06.Design/Female/Experienced/ckmk_q_ard_f_e_194788.wav"},"answer":{"fileFormat":"wav","fileSize":2846798,"duration":88960,"samplingBit":16,"channelCount":1,"samplingRate":"16kHz","audioPath":"/Mock/06.Design/Female/Experienced/ckmk_a_ard_f_e_194788.wav"}}}