{"version":"1.0","dataSet":{"info":{"date":"20230116","occupation":"ARD","channel":"MOCK","place":"ONLINE","gender":"FEMALE","ageRange":"-34","experience":"EXPERIENCED"},"question":{"raw":{"text":"글로벌 인재에게 필수 요소는 무엇이라고 생각하시나요 또한 지원자님이 그 능력을 위해 노력해 오신 것은 무엇이었나요","wordCount":15},"emotion":[],"intent":[]},"answer":{"raw":{"text":"글로벌 인재에게 필요한 요소는 저는 처음에 제 이 외국어라고 생각을 했습니다. 그래서 어 거기에 대해서 공부를 했었는데 공부를 하면서 느끼는 점은 필수적인 요소가 아니고 그거는 당연한 요소였더라고요. 네 글로벌 인제에게는 그런 제 이 외국어를 한 게 당연했고 필수 요소는 그거인 것 같습니다. 사람이 사람을 상대할 때 있어야 되는 그리고 새로운 문화권을 접하다 보니 조금은 뭐라고 할까요 넓은 시야 네 넓은 시야가 필요하다고 생각이 듭니다. 그래서 저는 많은 문화권의 이야기를 봤었고요. 솔직히 조금 이해가 되지 않는 문화도 있었지만 뭐 거기에서 여기는 그 사람들의 생활 습관이라든지 이러한 환경 기후 속에 놓여져 있어서 그렇게 할 수 밖에 없었다 라고 이해를 하는 계기가 됐던 것 같습니다. 그런 유튜브에서 다큐멘터리도 많이 찾아보고 그리고 그쪽에 살고 있는 사람들한테도 그 사람의 특성을 물어보았던 기억들이 있고요. 그것을 위해서 저는 그쪽에 사는 사람들이라든지 아니면 또 다른 영상물을 찾아보면서 공부를 했다 라고 말씀해 드릴 것 같습니다.","wordCount":136},"emotion":[],"intent":[{"text":"","expression":"","category":"attitude"}],"summary":{"text":"새로운 문화권을 접하다 보니 넓은 시야가 필요하다고 생각합니다. 유튜브에서 다큐멘터리도 많이 찾아보고 그리고 그곳의 사람들한테도 그 사람의 특성을 물어보는 기억들이 있고요. 그것을 위해서 다른 영상물을 찾아보면서 공부를 했다고 말씀해드릴 것 같습니다.","wordCount":31}}},"rawDataInfo":{"question":{"fileFormat":"wav","fileSize":603598,"duration":18860,"samplingBit":16,"channelCount":1,"samplingRate":"16kHz","audioPath":"/Mock/06.Design/Female/Experienced/ckmk_q_ard_f_e_187565.wav"},"answer":{"fileFormat":"wav","fileSize":2151758,"duration":67240,"samplingBit":16,"channelCount":1,"samplingRate":"16kHz","audioPath":"/Mock/06.Design/Female/Experienced/ckmk_a_ard_f_e_187565.wav"}}}