{"version":"1.0","dataSet":{"info":{"date":"20230116","occupation":"ARD","channel":"MOCK","place":"ONLINE","gender":"FEMALE","ageRange":"45-54","experience":"EXPERIENCED"},"question":{"raw":{"text":"어 일을 하다가 해당 직무가 본인의 적성에 맞지 않는다는 사실을 깨달을 수도 있는데요 어 지원자님께서 이런 상황에 놓이신다면 어떻게 하실 건지 그런 상황을 가정하고 설명해 주시길 바랍니다","wordCount":27},"emotion":[],"intent":[]},"answer":{"raw":{"text":"만약에 일을 하던 중에 직무가 적성에 맞지 않는다는 것을 깨닫는다면 저는 이 직무를 포기하는 것을 선택하지는 않겠습니다. 제가 맡은 직무가 제 적성에 맞지 않는다면 어떤 부분에서 맞지 않는지를 구체적으로 조금 따져보겠습니다. 이 직무의 특성이 어떤 어떤 것이 있고 어떤 부분이 제가 맞지 않은 부분인지를 캐치해 내고 싶습니다. 그래서 그것을 맞게 하려면 내가 무슨 노력을 기울여야 하는지 그것을 찾아내겠습니다. 직무와 적성에 맞지 않는다고 해서 쉽게 포기하는 것은 옳지 않다고 생각합니다. 회사에서 일을 맡겼을 때는 저로 인한 어떤 결과를 기대하는 것이 분명히 있다고 생각하고 저는 거기에 충족시켜야 될 의무도 있다고 생각합니다. 그래서 제가 직무가 적성에 맞지 않는다 라고 느낀다면 원인부터 파악하고 그것을 바꿀 수 있는지 해결할 수 있는 방법이 무엇인지를 굉장히 적극적으로 찾아낼 것입니다. 그래서 제가 그 직무에 맞는 사람이 되도록 만들고 싶습니다.","wordCount":121},"emotion":[],"intent":[{"text":"","expression":"","category":"attitude"}],"summary":{"text":"직무와 적성이 맞지 않는다고 해서 쉽게 포기하는 것은 옳지 않습니다. 회사에서 일을 맡겼을 때는 저로 인한 어떤 결과를 기대하는 것이 분명히 있고 거기에 충족시켜야 될 의무도 있다고 생각합니다. 그래서 제가 그 직무에 맞는 사람이 되도록 만들고 싶습니다.","wordCount":37}}},"rawDataInfo":{"question":{"fileFormat":"wav","fileSize":525518,"duration":16420,"samplingBit":16,"channelCount":1,"samplingRate":"16kHz","audioPath":"/Mock/06.Design/Female/Experienced/ckmk_q_ard_f_e_247723.wav"},"answer":{"fileFormat":"wav","fileSize":2295758,"duration":71740,"samplingBit":16,"channelCount":1,"samplingRate":"16kHz","audioPath":"/Mock/06.Design/Female/Experienced/ckmk_a_ard_f_e_247723.wav"}}}