{"version":"1.0","dataSet":{"info":{"date":"20230116","occupation":"ARD","channel":"MOCK","place":"ONLINE","gender":"FEMALE","ageRange":"-34","experience":"EXPERIENCED"},"question":{"raw":{"text":"오늘 면접을 위해서 다양한 준비와 노력을 많이 하셨을 텐데요 지원자님께서는 어떤 방식으로 면접을 준비하셨는지 말씀 한번 부탁드리겠습니다","wordCount":17},"emotion":[],"intent":[]},"answer":{"raw":{"text":"이상하게 들리실 수도 있긴 한데 호흡 연습을 좀 많이 했습니다. 어 말을 좀 길게 하다 보면은 제가 막 그냥 떠드는 거랑 다르게 뭔가 준비된 말을 하기도 하고 그 순간순간에 생각나는 말들을 해야 되니까 근데 그렇게 할 때 좀 어떤 격식 있는 자리에서 제가 말을 할 때 좀 숨을 모자르게 쉬더라고요. 그래서 그게 긴장감으로 이어져서 더 그렇게 막 숨을 막게 되는 걸 수도 있는데 최대한 좀 자연스럽게 말을 하는 연습을 했던 것 같애요. 그래서 숨을 좀 고르게 쉬는 연습을 많이 했고 음 그거 이제 동시에 말하면서 평소에도 친구들하고 수다 떨거나 제가 학생들을 가르칠 때 수업을 할 때도 그냥 자연스럽게 되는 순간들은 그걸 고려하지 않고 말을 해도 자연스럽게 진행이 되는데 한번 의식을 해 봤어요. 내가 언제 숨을 쉬고 어느 타이밍에 말을 뱉고 그리고 생각할 때는 어떤 식으로 말을 뱉는지. 좀 저의 어떤 화법의 스타일에서 어 면접관들이 저를 봤을 때 좀 여유가 있거나 또 자연스럽거나 그런 식으로 좀 비춰졌으면 좋겠다는 생각이 들어서 말하는 연습을 좀 많이 했고 호흡을 중점으로 했었습니다.","wordCount":157},"emotion":[],"intent":[{"text":"","expression":"","category":"attitude"}],"summary":{"text":"면접관이 봤을 때 좀 여유가 있거나 자연스러움으로 비춰졌으면 좋겠다는 생각이 들어서 말하는 연습을 좀 많이 했고 호흡을 중점으로 했습니다.","wordCount":19}}},"rawDataInfo":{"question":{"fileFormat":"wav","fileSize":478158,"duration":14940,"samplingBit":16,"channelCount":1,"samplingRate":"16kHz","audioPath":"/Mock/06.Design/Female/Experienced/ckmk_q_ard_f_e_194565.wav"},"answer":{"fileFormat":"wav","fileSize":2769358,"duration":86540,"samplingBit":16,"channelCount":1,"samplingRate":"16kHz","audioPath":"/Mock/06.Design/Female/Experienced/ckmk_a_ard_f_e_194565.wav"}}}