{"version":"1.0","dataSet":{"info":{"date":"20230116","occupation":"ARD","channel":"MOCK","place":"ONLINE","gender":"FEMALE","ageRange":"-34","experience":"EXPERIENCED"},"question":{"raw":{"text":"만약 지원자님께서 상사가 회사의 이익에 반하는 행동을 하는 것을 직접 목격하셨다면 그때는 어떻게 대처하시겠습니까","wordCount":14},"emotion":[],"intent":[]},"answer":{"raw":{"text":"상사가 회사의 이익에 반하는 행동을 하는 것을 직접 목격했다면 일단 그 상사님에 대해서 한 번 더 생각을 해 볼 거 같습니다. 도대체 저 상사님은 왜 이런 행동을 한 것일까 이걸로 인해서 회사에 피해가 없을까 이걸 생각할 것 같고요. 한 번 더 말씀을 드려볼 것 같긴 합니다. 하지만 뭐 숨겨 달라고 당연히 말씀을 하시겠죠. 그래도 저는 회사에 큰 이익을 봐서는 일단 회사 측에 이야기를 해야 될 부분이라고 생각을 하는데 이걸 제가 명확하게 봤고 어찌 보면 아주 확실한 증거가 있을 경우에는 회사에 이야기를 할 것 같지만 제가 애매하게 알고 있는 모습이다 조금 이게 뭐지 잘 모른다고 하면은 저도 선배님 믿고 그냥 넘어갈 것 같습니다. 하지만 질문은 어 직접 목격한 거니까 그러면 직접적인 그런 증거가 있다고 봐야겠죠. 그러면 저는 회사 측에 말씀을 드릴 것 같습니다.","wordCount":122},"emotion":[],"intent":[{"text":"","expression":"","category":"attitude"}],"summary":{"text":"상사가 회사의 이익에 반하는 행동을 직접 목격했다면 회사 측에 이야기를 해야 될 부분이라고 생각하며 직접 목격한 것이기 때문에 직접적인 증거가 있다고 봐야 될 것 같습니다.","wordCount":25}}},"rawDataInfo":{"question":{"fileFormat":"wav","fileSize":396238,"duration":12380,"samplingBit":16,"channelCount":1,"samplingRate":"16kHz","audioPath":"/Mock/06.Design/Female/Experienced/ckmk_q_ard_f_e_187335.wav"},"answer":{"fileFormat":"wav","fileSize":1938638,"duration":60580,"samplingBit":16,"channelCount":1,"samplingRate":"16kHz","audioPath":"/Mock/06.Design/Female/Experienced/ckmk_a_ard_f_e_187335.wav"}}}