{"version":"1.0","dataSet":{"info":{"date":"20230116","occupation":"ARD","channel":"MOCK","place":"ONLINE","gender":"FEMALE","ageRange":"55-","experience":"EXPERIENCED"},"question":{"raw":{"text":"지원자님께서는 팀장에 더 잘 맞을 것 같은지 아니면 팀원에 더 잘 맞을 것 같은지 이유와 함께 설명해 주세요","wordCount":18},"emotion":[],"intent":[]},"answer":{"raw":{"text":"저는 팀장 성향인 것 같아요. 네 대부분의 아 아니죠 이것도 너무 일반화인데 어떤 이런 취재를 하려는 욕심이 있는 사람이면 저는 팀원보다는 팀장 쪽이 아무래도 더 맞지 않을까 그쪽이 더 가깝지 않을까 하는 생각을 어 감히 한 번 조금 합리화시켜서 해 봅니다. 왜냐하면 무언가를 파려고 그 무언가를 헤쳐보고 파헤쳐보고 그것들을 정리해서 다수의 사람들에게 공개한다. 근데 거기에는 물론 그걸 헤쳐 파헤쳐 본 그 당사자 말하자면 저와 같은 기자들의 사적인 어떤 견해와 시선이 당연히 들어갈 수 밖에 없다는 생각은 듭니다. 하지만 그거를 선택을 하고 거기에 결정을 하기로 하고 몰두하고 또 그거를 정리해서 하는 그 모든 게 개인의 부분이 많이 들어가기 때문에 장이 아닐까 싶습니다.","wordCount":101},"emotion":[],"intent":[{"text":"저는 팀장 성향인 것 같아요.","expression":"c_person","category":"background"}],"summary":{"text":"저는 취재를 하려는 욕심이 있는 사람이면 팀원보다는 팀장 쪽과 더 가깝지 않을까 하는 생각을 해 봅니다. 취재를 하고 결정을 하고 몰두하고 정리하는 모든 것이 개인의 부분이 많이 들어가기 때문에 장이 아닐까 싶습니다.","wordCount":32}}},"rawDataInfo":{"question":{"fileFormat":"wav","fileSize":459918,"duration":14370,"samplingBit":16,"channelCount":1,"samplingRate":"16kHz","audioPath":"/Mock/06.Design/Female/Experienced/ckmk_q_ard_f_e_111550.wav"},"answer":{"fileFormat":"wav","fileSize":2863438,"duration":89480,"samplingBit":16,"channelCount":1,"samplingRate":"16kHz","audioPath":"/Mock/06.Design/Female/Experienced/ckmk_a_ard_f_e_111550.wav"}}}