{"version":"1.0","dataSet":{"info":{"date":"20230116","occupation":"ARD","channel":"MOCK","place":"ONLINE","gender":"FEMALE","ageRange":"55-","experience":"EXPERIENCED"},"question":{"raw":{"text":"지원자님이 요즘 따로 공부하고 있는 것이 있으신가요 있다면 그것은 무엇이고 왜 그것을 공부하고 있고 지금까지 무엇을 배우셨는지 말씀해 주세요","wordCount":19},"emotion":[],"intent":[]},"answer":{"raw":{"text":"경력이 단절된 상태로 십 년 정도를 지내다가 요 근래에 인스타 광고를 통해 디지털 라벨러라는 직업을 알게 되었습니다. 저는 평소 컴퓨터를 다루는 것을 좋아하고 포토샵이나 영상 편집도 좋아합니다. 그런 저의 관심사나 적성에 맞는 새로운 분야의 일을 알게 되어서 새로운 설레임으로 입문 과정을 시작했는데 공부하면 할수록 흥미가 생기고 저의 적성에 잘 맞다고 느껴져서 자격증 과정까지 공부하게 되었고 데이터 라벨러의 길을 걷게 되었습니다. 제가 새로운 것을 좋아하는 성향인지라 이전에 하던 일이 아닌 새로운 분야의 일을 배우면서 또 경제 생활도 함께 할 수 있다는 점이 제일 매력적인 것 같습니다. 그래서 억지로 해야 하는 공부 과정이 아니라 정말 즐겁게 배울 수 있는 공부인 것 같습니다.","wordCount":100},"emotion":[{"text":"저는 평소 컴퓨터를 다루는 것을 좋아하고 포토샵이나 영상 편집도 좋아합니다.","expression":"p-interest","category":"positive"},{"text":"그런 저의 관심사나 적성에 맞는 새로운 분야의 일을 알게 되어서 새로운 설레임으로 입문 과정을 시작했는데 공부하면 할수록 흥미가 생기고 저의 적성에 잘 맞다고 느껴져서 자격증 과정까지 공부하게 되었고 데이터 라벨러의 길을 걷게 되었습니다.","expression":"p-interest","category":"positive"}],"intent":[{"text":"","expression":"","category":"attitude"}],"summary":{"text":"디지털 라벨러라는 직업을 알게 되었고 관심사와 적성에 맞는 새로운 분야의 일을 알게 되어 입문 과정을 시작했는데 공부하면 할수록 흥미가 생겨 자격증 과정까지 공부하게 되었습니다. 새로운 분야를 배우면서 경제 생활도 함께 할 수 있다는 점이 가장 매력적이었습니다.","wordCount":36}}},"rawDataInfo":{"question":{"fileFormat":"wav","fileSize":640718,"duration":20020,"samplingBit":16,"channelCount":1,"samplingRate":"16kHz","audioPath":"/Mock/06.Design/Female/Experienced/ckmk_q_ard_f_e_249035.wav"},"answer":{"fileFormat":"wav","fileSize":1965518,"duration":61420,"samplingBit":16,"channelCount":1,"samplingRate":"16kHz","audioPath":"/Mock/06.Design/Female/Experienced/ckmk_a_ard_f_e_249035.wav"}}}