{"version":"1.0","dataSet":{"info":{"date":"20230116","occupation":"ARD","channel":"MOCK","place":"ONLINE","gender":"FEMALE","ageRange":"45-54","experience":"EXPERIENCED"},"question":{"raw":{"text":"젊은 사람들이 아이폰을 선호하는 이유에 대해 어떻게 생각하시나요 지원자님께서 생각하시는 이유를 말씀해 주세요","wordCount":13},"emotion":[],"intent":[]},"answer":{"raw":{"text":"디자인의 요소가 크다고 생각을 합니다. 네 디자인이 우선 이뻤다는 게 한몫 지금의 꾸준한 아이폰만 쓰는 사람들은 처음에 스마트폰이 생기고 나서 그 깔끔한 디자인과 그런 또 뭔가 포인트 되는 로고 이미지 그게 정말 톡톡히 한 몫을 했다고 생각하고요. 그리고 막상 써보고 나서 되게 심플한 그런 근데 되게 직관적인 그런 어 용도라고 해야 될까요 그 그러니까 제가 안드로이드 휴대폰을 최근에 한번 써봤는데 확실히 달라요. 아이오에스 랑은 정말 다르고 이게 그냥 자체적으로 뭔가 아기자기하게 꾸미기를 좋아하는 사람들이라면 확실히 안드로이드를 선호할 수 있겠고 하겠지만 그게 아니라면 그냥 음 귀찮아 하는 것도 크고 하면 기본 그냥 아이폰에 깔끔한 디자인에 많이 적응을 하고 또 그냥 그대로 유지를 하는 게 더 편해하는 것 같아요 저는.","wordCount":108},"emotion":[],"intent":[{"text":"","expression":"","category":"attitude"}],"summary":{"text":"디자인의 요소가 크다고 생각을 합니다. 디자인이 우선 이뻤다는 게 한몫 아이폰만 쓰는 사람들은 처음에 스마트폰이 생기고 나서 그 깔끔함과 포인트 되는 로고 이미지가 정말 톡톡히 한 몫 했다고 생각되고. 그냥 그대로 유지를 하는 게 더 편해하는 것 같습니다.","wordCount":38}}},"rawDataInfo":{"question":{"fileFormat":"wav","fileSize":435278,"duration":13600,"samplingBit":16,"channelCount":1,"samplingRate":"16kHz","audioPath":"/Mock/06.Design/Female/Experienced/ckmk_q_ard_f_e_159113.wav"},"answer":{"fileFormat":"wav","fileSize":2796878,"duration":87400,"samplingBit":16,"channelCount":1,"samplingRate":"16kHz","audioPath":"/Mock/06.Design/Female/Experienced/ckmk_a_ard_f_e_159113.wav"}}}