{"version":"1.0","dataSet":{"info":{"date":"20230116","occupation":"ARD","channel":"MOCK","place":"ONLINE","gender":"FEMALE","ageRange":"45-54","experience":"EXPERIENCED"},"question":{"raw":{"text":"지원자님은 디자이너로서 가지고 있는 앞으로의 목표가 있으십니까 앞으로의 목표가 있다면 그것에 관해 본인의 포부를 설명해 주세요","wordCount":16},"emotion":[],"intent":[]},"answer":{"raw":{"text":"제가 생각하고 상상하는 것을 디자인으로 표현하고 또 제품으로 만들어 판매할 수 있다는 것은 정말 즐겁고 놀라운 일인 것 같습니다. 제가 추구하는 디자인은 자연과 사람이 함께 살아가는 것입니다. 저는 에코 디자이너로서 사람이 자연을 당연히 훼손하거나 자연히 사람을 위해 일방적으로 희생되지 않고 자연과 사람이 함께 하는 그런 디자인의 제품들을 앞으로도 계속해서 만들어 낼 것입니다. 판매에 급급한 상품이 아니라 제 디자인과 제품들을 통해 많은 사람들이 한 번이라도 환경을 생각하고 에코 디자인에 대한 인식이 좋아질 수 있도록 더욱 노력할 것입니다.","wordCount":76},"emotion":[{"text":"제가 생각하고 상상하는 것을 디자인으로 표현하고 또 제품으로 만들어 판매할 수 있다는 것은 정말 즐겁고 놀라운 일인 것 같습니다.","expression":"p-happiness","category":"positive"}],"intent":[{"text":"","expression":"","category":"attitude"}],"summary":{"text":"에코 디자이너로서 자연과 사람이 함께 살아가는 디자인의 제품들을 만들어 낼 것입니다. 판매에 급급한 상품이 아니라 제 디자인과 제품들을 통해 많은 사람들이 환경을 생각하고 에코 디자인에 대한 인식이 좋아지도록 노력할 것입니다.","wordCount":30}}},"rawDataInfo":{"question":{"fileFormat":"wav","fileSize":456078,"duration":14250,"samplingBit":16,"channelCount":1,"samplingRate":"16kHz","audioPath":"/Mock/06.Design/Female/Experienced/ckmk_q_ard_f_e_271634.wav"},"answer":{"fileFormat":"wav","fileSize":2002638,"duration":62580,"samplingBit":16,"channelCount":1,"samplingRate":"16kHz","audioPath":"/Mock/06.Design/Female/Experienced/ckmk_a_ard_f_e_271634.wav"}}}