{"version":"1.0","dataSet":{"info":{"date":"20230116","occupation":"ARD","channel":"MOCK","place":"ONLINE","gender":"FEMALE","ageRange":"35-44","experience":"EXPERIENCED"},"question":{"raw":{"text":"본인과 다른 사람이 원하는 디자인이 다를 경우에 어떻게 대처할 것이에요","wordCount":10},"emotion":[],"intent":[]},"answer":{"raw":{"text":"어 그 저 같은 경우에는 제 경우에 빗대면은 디자인이 아니라 어쨌든 서로 다른 어 작품이라고 할 수도 있을 것 같긴 한데 그 어떤 작품을 항상 선정해야 될 때가 있잖아요. 하나만에 근데 그게 다르다고 느껴질 때 그 다른 의견을 냈을 때 어쨌든 회사에 저랑 그 동료만 있는 건 아니니깐 그리고 그 둘의 의견만으로 이게 정해지는 건 아니기 때문에 여러 사람의 의견을 받아야 된다 고 생각을 하고 제가 정말 그 작품이 아깝다고 느껴질 정도라면 좀 강하게 계속 어필을 해야 될 것 같아요. 그래서 그런 경우에는 어쨌든 저희가 그런 것들을 소개하는 직업이기 때문에 어 최종 최종 선정에서 탈락이 되더라도 계속 그 직전까지는 이 작품의 장점들을 계속 어필을 하면서 어 끝까지 포기하지 않고 밀어붙여야 된다고 생각을 합니다. 하지만 뭐 결정권자는 누군가가 있으니까 그게 안 될 수도 있지만 그래도 항상 끝까지 결과를 알기 전에는 알기 전까지 포기하지 않고 밀어붙여야 된다고 생각합니다.","wordCount":136},"emotion":[],"intent":[{"text":"","expression":"","category":"attitude"}],"summary":{"text":"서로 다른 작품을 항상 선정해야 할 때가 있는데 그 때 그 작품이 아쉽다고 느껴질 정도라면 강하게 어필해야 될 것 같습니다. 최종 선정에서 탈락하더라도 끝까지 이 작품의 장점들을 계속 어필하면서 끝까지 포기하지 않고 밀어붙여야 된다고 생각합니다.","wordCount":35}}},"rawDataInfo":{"question":{"fileFormat":"wav","fileSize":252878,"duration":7900,"samplingBit":16,"channelCount":1,"samplingRate":"16kHz","audioPath":"/Mock/06.Design/Female/Experienced/ckmk_q_ard_f_e_195086.wav"},"answer":{"fileFormat":"wav","fileSize":2803918,"duration":87620,"samplingBit":16,"channelCount":1,"samplingRate":"16kHz","audioPath":"/Mock/06.Design/Female/Experienced/ckmk_a_ard_f_e_195086.wav"}}}