{"version":"1.0","dataSet":{"info":{"date":"20230116","occupation":"ARD","channel":"MOCK","place":"ONLINE","gender":"FEMALE","ageRange":"45-54","experience":"EXPERIENCED"},"question":{"raw":{"text":"커뮤니케이션에 잘 할 수 있는 본인만에 스킬이 있으시다면 한번 소개해 주시겠어요 직접 한번 보여주셔도 좋겠습니다","wordCount":15},"emotion":[],"intent":[]},"answer":{"raw":{"text":"저는 개인적으로 커뮤니케이션이 가장 원활하게 되려면 일 대 일로 서로 눈을 보면서 이제 편안한 자세와 편안한 상황에서 가장 잘 이루어질 수 있다 라고 생각합니다. 그래서 팀원들과의 커뮤니케이션도 이왕이면 딱딱한 회의고 보다는 개별적으로 대화를 통해서 진행하는 것을 좋아하는데요. 그랬을 때 좀 더 업무에 있어서 효율을 보는 것을 많이 경험했기 때문에 저는 개인적으로 커뮤니케이션을 하는 저만의 스킬이 무엇이냐 라고 물어본다면 어 개별적으로 일 대 일로 친숙한 대화를 한다 라고 말씀을 드릴 수가 있습니다.","wordCount":71},"emotion":[],"intent":[{"text":"","expression":"","category":"attitude"}],"summary":{"text":"팀원들과의 커뮤니케이션도 딱딱한 회의보다 개별적으로 대화를 통해서 진행하는 것을 좋아하는데, 그럴 때 업무에 있어서 효율을 보는 것을 많이 경험했기 때문에 저만의 스킬은 개별적으로 친숙한 대화를 하는 것입니다.","wordCount":27}}},"rawDataInfo":{"question":{"fileFormat":"wav","fileSize":487118,"duration":15220,"samplingBit":16,"channelCount":1,"samplingRate":"16kHz","audioPath":"/Mock/06.Design/Female/Experienced/ckmk_q_ard_f_e_109460.wav"},"answer":{"fileFormat":"wav","fileSize":1704398,"duration":53260,"samplingBit":16,"channelCount":1,"samplingRate":"16kHz","audioPath":"/Mock/06.Design/Female/Experienced/ckmk_a_ard_f_e_109460.wav"}}}