{"version":"1.0","dataSet":{"info":{"date":"20230116","occupation":"ARD","channel":"MOCK","place":"ONLINE","gender":"FEMALE","ageRange":"-34","experience":"EXPERIENCED"},"question":{"raw":{"text":"요즘 고령화 사회로 가면서 치매로 인한 문제가 많이 대두되고 있는데요 이에 대해서 건보 공단이 하는 일과 개선할 방안에 대해서 말씀해 주시겠어요","wordCount":21},"emotion":[],"intent":[]},"answer":{"raw":{"text":"이런 질문이 나오는 게 조금 신선하긴 한데 어 치매 문제가 되게 중요하긴 한데 제가 디자인 관련된 이제 업무로 면접을 보는데 이런 질문을 주셔서 되게 신선하다 는 뜻이었었고요. 어 또는 저는 인식 개선에 대한 부분이 개선이 많이 돼야 된다 고 생각을 하고요. 좀 가까이에 있는 것에 대해서 모두가 좀 같이 노력해야 된다 고 생각을 합니다 .뭐 많은 프로그램들이 있는 걸로 알고 있고 교육 프로그램도 많고 어떤 좀 시설에 대해서 알려주는 것도 많은데 더 저희 생활 안에서 그 치매에 대해서 사람들이 더 친숙하게 받아들일 수 있어야 될 것 같고 우리가 같이 살아갈려면 어쨌든 고립돼서 생활해야 된다 는 거는 어쨌든 관리의 용인데 그래도 이 사회 안에서 섞여 살아가야 되잖아요. 그랬을 때에 우리가 어떻게 이 질환을 받아들여야 하는지 그런 부분을 좀 더 개선해야 한다 고 생각합니다.","wordCount":122},"emotion":[],"intent":[{"text":"","expression":"","category":"attitude"}],"summary":{"text":"치매에 대한 인식 개선을 위해 다양한 프로그램과 교육 프로그램, 시설에 대한 정보를 더 확보하여 치매에 대해 사람들이 더 친숙하게 받아들일 수 있어야 합니다. 또한 사회 안에서 섞여 살아가야 하는 우리가 어떻게 이 질환을 받아들여야 하는지 그런 부분을 개선해야 합니다.","wordCount":39}}},"rawDataInfo":{"question":{"fileFormat":"wav","fileSize":435278,"duration":13600,"samplingBit":16,"channelCount":1,"samplingRate":"16kHz","audioPath":"/Mock/06.Design/Female/Experienced/ckmk_q_ard_f_e_194790.wav"},"answer":{"fileFormat":"wav","fileSize":2752078,"duration":86000,"samplingBit":16,"channelCount":1,"samplingRate":"16kHz","audioPath":"/Mock/06.Design/Female/Experienced/ckmk_a_ard_f_e_194790.wav"}}}