{"version":"1.0","dataSet":{"info":{"date":"20230116","occupation":"ARD","channel":"MOCK","place":"ONLINE","gender":"FEMALE","ageRange":"45-54","experience":"EXPERIENCED"},"question":{"raw":{"text":"지원자님은 다룰 수 있는 설계 프로그램이 있으신가요 어떤 프로그램을 다룰 수 있는지 그 프로그램에 대해서도 설명해 주세요","wordCount":17},"emotion":[],"intent":[]},"answer":{"raw":{"text":"어 아니요. 저는 설계요 아니요. 저는 다룰 수 있는 게 없습니다. 뭐 포토샵 이런 걸 말씀하시는 거라면 아주 기초적인 작업은 가능한데요. 그런 게 아니고서야 제가 뭐 컴퓨터 작업을 그렇게 잘하지는 않는 편이라서 네 다른 부분으로 말씀드리기가 어렵겠네요 이거는. 음 제 직업 특성 상 그리고 어떤 무언가를 설계를 해야 된다거나 이런 부분은 또 아니라서요. 제가 컴퓨터에 워낙 문외한이라 뭔가 이게 한 번도 어려우니까 점점 더 어려운 거를 멀리하고 싶다 라는 심리가 생겨서인지 굳이 안 찾아보게 되더라고요. 그래서 저도 많이 몰라요 컴퓨터에 대해서. 그래서 어렵습니다. 이런 걸 물어보시거나 이런 질문을 하시면 제가 어려워요 예.","wordCount":92},"emotion":[],"intent":[{"text":"","expression":"","category":"attitude"}],"summary":{"text":"컴퓨터 작업을 그렇게 잘 하는 편은 아니라 다른 부분으로 말씀드리기가 어렵습니다. 그리고 어떤 무언가를 설계해야 된다거나 이런 부분은 아니라 제가 컴퓨터에 문외한이라 컴퓨터에 대해 많이 모릅니다.","wordCount":26}}},"rawDataInfo":{"question":{"fileFormat":"wav","fileSize":488078,"duration":15250,"samplingBit":16,"channelCount":1,"samplingRate":"16kHz","audioPath":"/Mock/06.Design/Female/Experienced/ckmk_q_ard_f_e_159114.wav"},"answer":{"fileFormat":"wav","fileSize":2340558,"duration":73140,"samplingBit":16,"channelCount":1,"samplingRate":"16kHz","audioPath":"/Mock/06.Design/Female/Experienced/ckmk_a_ard_f_e_159114.wav"}}}