{"version":"1.0","dataSet":{"info":{"date":"20230116","occupation":"ARD","channel":"MOCK","place":"ONLINE","gender":"FEMALE","ageRange":"-34","experience":"EXPERIENCED"},"question":{"raw":{"text":"남을 잘 이끄는 리더형과 남을 잘 따르는 팔로워형 본인은 어떤 유형인지 말씀해 주시고 이유도 함께 설명해 주세요","wordCount":17},"emotion":[],"intent":[]},"answer":{"raw":{"text":"저는 두 가지를 다 경험해보고 있었는 낫 두 가지를 다 경험을 해봤기 때문에 어 사실 두 가지 다 힘들다 고 생각은 들거든요. 그리고 저한테 완전 찰떡으로 맞는다 라고 하는 거는 없는 것 같긴 한데 사실 저는 그 전에 이제 디자인 브랜드에서 일을 할 때는 일을 되게 제가 꼼꼼하게 하는 스타일은 아니었던 것 같아요. 그래서 실수도 당연히 있었고 그래도 어 상사분들이 주로 예뻐해주긴 했었거든요. 그니까 일을 잘하는 거에 대해서 칭찬이라기보다는 그냥 저라는 사람에 대해서 그냥 좋아해주구 격려해주는 것들이 많아서 제가 그래도 잘 일을 해 왔었던 것 같은데 제가 대표의 입장에서 있다 보니까 어 디자인을 하고 그 옷을 만들고 이러는 과정이 생각보다 어 순조롭지는 않지만 그래도 제가 뭔가 제 꺼를 한다 는 거에 대한 좀 보람은 있더라구요. 그런데 사실 제가 리더형에서 고민하기보다는 동업자 둘이서 진행을 하는 거기 때문에 직원들도 없어서 어 생각해보니까 리더까지는 잘 모르겠어 가지고 저는 그래도 혼자 하는 게 재밌으니까 리더에 가깝다고 생각은 듭니다.","wordCount":144},"emotion":[{"text":"그니까 일을 잘하는 거에 대해서 칭찬이라기보다는 그냥 저라는 사람에 대해서 그냥 좋아해주구 격려해주는 것들이 많아서 제가 그래도 잘 일을 해 왔었던 것 같은데 제가 대표의 입장에서 있다","expression":"p-achievement","category":"positive"}],"intent":[{"text":"","expression":"","category":"attitude"}],"summary":{"text":"디자인 브랜드에서 일을 할 때는 업무를 꼼꼼하게 하는 스타일은 아니었던 것 같은데, 대표님이 디자인을 하고 그 옷을 만들고 이러는 과정이 순조롭지는 않지만 그래도 무언가 제 것을 한다는 보람은 있었습니다. 동업자 둘이 진행을 하는 거라서 리더까지는 잘 모르겠지만 혼자 하는 게 재밌으니까 리더에 가깝다고 생각합니다.","wordCount":44}}},"rawDataInfo":{"question":{"fileFormat":"wav","fileSize":382478,"duration":11950,"samplingBit":16,"channelCount":1,"samplingRate":"16kHz","audioPath":"/Mock/06.Design/Female/Experienced/ckmk_q_ard_f_e_194786.wav"},"answer":{"fileFormat":"wav","fileSize":2842638,"duration":88830,"samplingBit":16,"channelCount":1,"samplingRate":"16kHz","audioPath":"/Mock/06.Design/Female/Experienced/ckmk_a_ard_f_e_194786.wav"}}}