{"version":"1.0","dataSet":{"info":{"date":"20230116","occupation":"ARD","channel":"MOCK","place":"ONLINE","gender":"FEMALE","ageRange":"45-54","experience":"EXPERIENCED"},"question":{"raw":{"text":"주변 친구들 중 한 명을 골라 칭찬해 주세요 구체적이고 자세한 칭찬일수록 좋습니다","wordCount":12},"emotion":[],"intent":[]},"answer":{"raw":{"text":"제가 칭찬을 하고 싶은 한 친구가 지금 떠올랐는데 굉장히 성격도 좋고 의리도 있고 다른 사람에 대해서 측은지심도 많이 가지고 있는 그런 친구입니다. 자기 시간을 하려 해서라도 도와줄 수 있는 일을 도와주려고 하고 어려운 일을 만난 사람에게 어 위로의 말도 전해줄 수 있고 힘든 상황을 닥친 친구에게 기꺼이 찾아가서 도움을 준다거나 뭐 물질적으로나 시간적으로나 마음적으로나 자기 것을 기꺼이 나누는 그런 친구입니다. 어 굉장히 자기 자신만 생각하는 그런 사람이 아니고 이타심이 많은 사람이라고 할 수 있겠습니다. 이 친구의 좋은 점 중의 하나는 계산적이지 않다는 것 자기가 손해를 봐가면서 뭐 무슨 일을 한다거나 그런 건 아니지만 반드시 모든 일을 할 때 계산적인 행동을 하지 않고 우선 도와주고 우선 나서고 일단 가서 들어주고 이런 부분이 굉장히 그 친구의 좋은 점이고 그래서 많은 사람들이 좋아하고 힘든 일이 있으면 그 친구를 찾는 것 같아요. 그런 장점을 가진 사람이 제 주변에 있다는 것이 굉장히 긍정적인 것 같고 저도 그렇게 좋은 사람이 되어야 하는데 라는 생각은 하지만 제가 따라가라면 멀어 멀었습니다.","wordCount":153},"emotion":[],"intent":[{"text":"","expression":"","category":"attitude"}],"summary":{"text":"성격도 좋고 의리도 있고 측은지심도 많이 가지고 있는 그런 친구입니다. 이타심이 많은 사람이라고 할 수 있겠습니다. 이 친구의 장점 중의 하나는 계산적인 행동을 하지 않는다는 것입니다. 그런 장점을 가진 사람이 제 주변에 있다는 것이 굉장히 긍정적이지만 제가 따라가라면 멀어 멀었습니다.","wordCount":40}}},"rawDataInfo":{"question":{"fileFormat":"wav","fileSize":279758,"duration":8740,"samplingBit":16,"channelCount":1,"samplingRate":"16kHz","audioPath":"/Mock/06.Design/Female/Experienced/ckmk_q_ard_f_e_247831.wav"},"answer":{"fileFormat":"wav","fileSize":2784718,"duration":87020,"samplingBit":16,"channelCount":1,"samplingRate":"16kHz","audioPath":"/Mock/06.Design/Female/Experienced/ckmk_a_ard_f_e_247831.wav"}}}