{"version":"1.0","dataSet":{"info":{"date":"20230116","occupation":"ARD","channel":"MOCK","place":"ONLINE","gender":"FEMALE","ageRange":"45-54","experience":"EXPERIENCED"},"question":{"raw":{"text":"네 일을 하다 보면 상사와 트러블이 생길 수가 있을 텐데요 어 그런 상황에서 지원자님께서는 어떻게 하실 것인지요 또 상사가 혼을 낸다면 혹시 기분이 나쁘시진 않을까요","wordCount":25},"emotion":[],"intent":[]},"answer":{"raw":{"text":"일을 하다 보면 상사와 트러블이 생기는 경우가 있습니다. 그렇기 때문에 만약에 트러블 상황이 생긴다고 하면 우선은 제가 어 왜 이런 이야기를 들었는지 문제 상황이 왜 생겼는지 저를 한번 돌아 보는 시간을 가질 것 같습니다. 왜냐면 상사가 이야기를 할 때는 같은 업무나 회사 내에서의 그런 사례들을 비추어서 잘못된 부분이 있기 때문에 지적을 하는 것이고 문제가 생기기 때문에 제가 먼저 왜 이런 이야기를 듣게 되었는지 저에게서 원인을 먼저 찾아보도록 하겠습니다. 상사가 혼냈을 때 당연히 기분이 나쁠 것 같습니다. 하지만 너무 기분 나쁜 티를 낸다거나 다른 사람이 보는 앞에서 상사에게 대드는 행위는 옳지 않다고 봅니다.","wordCount":92},"emotion":[],"intent":[{"text":"왜냐면 상사가 이야기를 할 때는   같은 업무나 회사 내에서의 그런 사례들을 비추어서   잘못된 부분이 있기 때문에 지적을 하는 것이고 문제가 생기기 때문에 제가 먼저   왜 이런 이야기를 듣게 되었는지 저에게서 원인을 먼저 찾아보도록 하겠습니다.","expression":"c_confl_mg","category":"personality"}],"summary":{"text":"일을 하다 보면 상사와 트러블이 생기는 경우가 있는데 상사가 이야기를 할 때는 같은 업무나 회사 내에서의 사례들을 비추어서 잘못된 부분이 있기 때문에 지적 하는 것이고 문제가 생기기 때문에 저에게서 원인을 먼저 찾아보도록 하겠습니다.","wordCount":33}}},"rawDataInfo":{"question":{"fileFormat":"wav","fileSize":508238,"duration":15880,"samplingBit":16,"channelCount":1,"samplingRate":"16kHz","audioPath":"/Mock/06.Design/Female/Experienced/ckmk_q_ard_f_e_176985.wav"},"answer":{"fileFormat":"wav","fileSize":1696078,"duration":53000,"samplingBit":16,"channelCount":1,"samplingRate":"16kHz","audioPath":"/Mock/06.Design/Female/Experienced/ckmk_a_ard_f_e_176985.wav"}}}