{"version":"1.0","dataSet":{"info":{"date":"20230116","occupation":"ARD","channel":"MOCK","place":"ONLINE","gender":"FEMALE","ageRange":"35-44","experience":"EXPERIENCED"},"question":{"raw":{"text":"어 본인이 생각이 아닌 지원자님이나 지원자님의 다른 주변 사람들이 생각하는 지원자님의 단점과 장점을 모두 말씀해 주시기를 바랍니다","wordCount":17},"emotion":[],"intent":[]},"answer":{"raw":{"text":"어 제가 정말 주변 사람들한테 많이 듣는 게 의식의 흐름대로 말을 한다 랑 제가 정말 부지런하다는 거거든요. 그래서 저는 사실 집에서 잘 안 앉아 있고 누워 있지 않거든요. 잘 때 빼고는 그래서 계속 뭔가를 돌아다니고 뭔가를 보러 다니고 거기에 영화 보는 일이 당연히 있고 뭐 전시보러 가는 일이 있고 사진을 찍는 일이 있는데 그 뭔가 그런식으로 계속 돌아다니고 집에서도 계속 뭔가를 하거든요. 집안일을 하거나 뭐 음식을 하거나 아니면은 뭐 사진을 옮기거나 이런 식으로 제 업무를 막 하는데 그래서 사람들이 되게 살이 안 찐다 라는 말을 해주더라고요. 그래서 저의 어떤 원동력이 진짜 그 부지런함이고 활동성인 것 같고 근데 그게 화술에서도 나오는 건지 뭔가 생각나는 대로 말을 좀 하는 것 같아요. 친구들은 지금 막 이 얘기를 하고 있는데 저는 갑자기 이게 생각나서 이걸 말하고 싶으니까 그걸 꺼내는 거죠. 그럼 애들이 흐름이 끊기고 저한테 또 그러냐는 식으로 약간 핀잔을 주기도 해서 어떤 그게 저의 단점이지 않을까 라고 생각이 듭니다.","wordCount":146},"emotion":[],"intent":[{"text":"","expression":"","category":"attitude"}],"summary":{"text":"주변 친구들에게 많이 듣는 말이 의식의 흐름대로 말을 한다 와 제가 부지런하다는 건데, 사실 저는 집에서 잘 앉아 있고 누워 있지 않는데도 계속 뭔가를 하러 다닙니다. 제 원동력이 진짜 부지런함과 활동성인 것 같은데, 화술에서도 나오는 건지 생각나는 대로 말을 하는 것 같습니다.","wordCount":42}}},"rawDataInfo":{"question":{"fileFormat":"wav","fileSize":445518,"duration":13920,"samplingBit":16,"channelCount":1,"samplingRate":"16kHz","audioPath":"/Mock/06.Design/Female/Experienced/ckmk_q_ard_f_e_195090.wav"},"answer":{"fileFormat":"wav","fileSize":2602318,"duration":81320,"samplingBit":16,"channelCount":1,"samplingRate":"16kHz","audioPath":"/Mock/06.Design/Female/Experienced/ckmk_a_ard_f_e_195090.wav"}}}