{"version":"1.0","dataSet":{"info":{"date":"20230116","occupation":"ARD","channel":"MOCK","place":"ONLINE","gender":"FEMALE","ageRange":"35-44","experience":"EXPERIENCED"},"question":{"raw":{"text":"남을 잘 이끄는 리더형과 아니면 남을 잘 따르는 팔로워 형 지원자께서는 이 둘 중에 어떠한 유형인지 이유도 함께 설명해 주세요","wordCount":20},"emotion":[],"intent":[]},"answer":{"raw":{"text":"저는 리더형에 적합한 사람이라고 생각을 합니다. 저는 기본적으로 학교 다닐 때도 리더로서 역할을 많이 수행을 했고요. 그리고 회장 뭐 반장을 포함해서 어 사회에 나와서도 뭐 동아리 활동을 통해서도 총무 이렇게 리더 역할을 해왔습니다. 어 제가 리더로서 역할에 우수한 부분이 있다면 저는 사람들에게 그 리드를 좀 잘 하는 편이긴 한데요. 어떤 업무나 아니면 추진을 함에 있어서 좀 실행력이 과감하고요. 그리고 사람들과의 그 관계가 좋기 때문에 그것들을 잘 풀어내서 이끌어 나갈 수 있는 어 그런 리더십이 있다고 생각을 합니다. 하지만 리더십이라는 게 굉장히 또 어려운 부분인 게 모든 사람을 다 리드할 수 없기 때문에 어 그것들을 쪼금 더 유연한 방식으로 이끄는 게 중요하다고 생각을 하는데요. 반면에 저도 어 빨로어로서 업무를 수행하고 그렇게 사회생활을 하기도 합니다. 그렇기 때문에 리더가 쪼금 더 저에게 적성에 맞는 것이지 남을 잘 따르고 존중해 보는 그런 팔로어형도 저는 가능한 상황입니다. 그렇기 때문에 저는 양쪽 다 가능하고 유연하게 그것들을 사회 방식에 맞게 어 맞춰서 살 수 있는 그런 사람인 것 같습니다.","wordCount":152},"emotion":[],"intent":[{"text":"","expression":"","category":"attitude"}],"summary":{"text":"저는 리더형에 적합한 사람이라고 생각합니다. 업무 추진에 있어서 실행력이 과감하고 사람들과의 관계가 좋기 때문에 리더십이 있다고 생각합니다. 하지만 리더십은 모든 사람을 다 리드할 수 없기 때문에 좀 더 유연한 방식으로 이끄는 게 중요하다고 생각하며, 저는 양쪽 다 가능하고 유연하게 그것들을 사회 방식에 맞게 맞춰서 살 수 있는 그런 사람인 것 같습니다.","wordCount":51}}},"rawDataInfo":{"question":{"fileFormat":"wav","fileSize":441678,"duration":13800,"samplingBit":16,"channelCount":1,"samplingRate":"16kHz","audioPath":"/Mock/06.Design/Female/Experienced/ckmk_q_ard_f_e_114956.wav"},"answer":{"fileFormat":"wav","fileSize":2745038,"duration":85780,"samplingBit":16,"channelCount":1,"samplingRate":"16kHz","audioPath":"/Mock/06.Design/Female/Experienced/ckmk_a_ard_f_e_114956.wav"}}}