{"version":"1.0","dataSet":{"info":{"date":"20230116","occupation":"ARD","channel":"MOCK","place":"ONLINE","gender":"FEMALE","ageRange":"-34","experience":"EXPERIENCED"},"question":{"raw":{"text":"본인의 경험에 비추어 봤을 때 본인은 어떤 문제에 부딪쳤을 때 혼자서 해결하는 편이신가요 아니면 여러 사람들에게 이야기를 하는 편이신가요 어떤 방식으로 문제를 해결하는지 궁금합니다","wordCount":24},"emotion":[],"intent":[]},"answer":{"raw":{"text":"네 어떤 문제에 부딪쳤을 때 저는 주로 혼자 해결을 하려고 하는 편입니다. 물론 이것은 굉장히 저에게 도움이 많이 됐었기 때문에 주로 이러한 것을 택하는 거고요. 여러 사람한테 이야기를 했었을 때 괜히 해결되지 않은 일을 퍼뜨리는 것 같고 여기에서도 또 오해가 생길까봐 말을 좀 조심하는 편입니다. 그래서 내가 할 수 있는 부분에서 해결을 하는 편인데 만약에 제가 여러 사람들한테 이야기를 할 때도 있긴 합니다. 그런 경우에는 아예 내가 모르는 분야일 때 예를 들어서 술이나 기술 쪽으로 만 문제가 생겼다 이건 제가 어떻게 할 수 없기 때문에 이제 여러 사람들에게 자문을 구해 보고 거기에는 전문가를 통해서 해결하는 편입니다.","wordCount":96},"emotion":[],"intent":[{"text":"","expression":"","category":"attitude"}],"summary":{"text":"어떤 문제에 부딪쳤을 때 저는 혼자 해결을 하려 합니다. 여러 사람들에게 이야기를 했었을 때 오해가 생길까 말을 조심하는 편입니다. 모르는 분야일 때 자문을 구해 보거나 전문가를 통해서 해결하는 편이습니다.","wordCount":29}}},"rawDataInfo":{"question":{"fileFormat":"wav","fileSize":561998,"duration":17560,"samplingBit":16,"channelCount":1,"samplingRate":"16kHz","audioPath":"/Mock/06.Design/Female/Experienced/ckmk_q_ard_f_e_187144.wav"},"answer":{"fileFormat":"wav","fileSize":1493838,"duration":46680,"samplingBit":16,"channelCount":1,"samplingRate":"16kHz","audioPath":"/Mock/06.Design/Female/Experienced/ckmk_a_ard_f_e_187144.wav"}}}