{"version":"1.0","dataSet":{"info":{"date":"20230116","occupation":"ARD","channel":"MOCK","place":"ONLINE","gender":"FEMALE","ageRange":"-34","experience":"EXPERIENCED"},"question":{"raw":{"text":"지원자님께서 본인이 현재 가지고 있는 위치보다 어려운 목표를 달성한 적이 있다면은 그 경험을 말씀해 주십시오","wordCount":15},"emotion":[],"intent":[]},"answer":{"raw":{"text":"어 아주 간단한 예로는 제가 운동을 하나 예를 들겠습니다. 예전에는 제가 굉장히 몸이 뻣뻣해서 스쿼트라고 하죠. 그런 다리 하체 운동을 하나도 할 수 없었습니다. 하지만 저는 그러한 제 자신이 조금 성장시키고 싶었기 때문에 조금 어려운 목표라고 하면은 제 신체 상체에 비해서는 남들과 비교했을 때 굉장히 낮지만 나에게는 굉장히 어려운 목표였다라는 게 스쿼트 총 오십 개를 하는 거였습니다. 남들에게도 어렵나요. 여튼 그래서 저는 그런 스트레칭도 하고 매일매일 조금씩이나마 하체 운동을 한 결과 지금은 이 지금은 오십 개까지는 안 되는데 그때는 결국 제가 원하던 목표인 오십 개를 달성한 기억이 납니다. 그래서 이런 것은 어떻게 보면은 지구력이란 지구력이라든지 아니면 끈기라고도 볼 수 있잖아요. 그래서 일을 할 때도 조금은 더 엉덩이가 무겁고 끈기 있게 잘 일할 수 있다라고 말씀드릴 수 있을 것 같습니다.","wordCount":119},"emotion":[],"intent":[{"text":"하지만 저는 그러한 제 자신이 조금 성장시키고 싶었기 때문에 조금 어려운 목표라고 하면은 제 신체 상체에 비해서는 남들과 비교했을 때 굉장히 낮지만 나에게는 굉장히 어려운 목표였다라는 게 스쿼트 총 오십 개를 하는 거였습니다.","expression":"c_chl","category":"personality"},{"text":"여튼 그래서 저는 그런 스트레칭도 하고 매일매일 조금씩이나마 하체 운동을 한 결과 지금은 이 지금은 오십 개까지는 안 되는데 그때는 결국 제가 원하던 목표인 오십 개를 달성한 기억이 납니다.","expression":"c_chl","category":"personality"}],"summary":{"text":"저는 몸이 뻣뻣해서 스쿼트라는 다리 하체 운동을 한 적이 없습니다. 하지만 성장시키고 싶다는 목표로 하체 운동인 스쿼트를 총 오십 개를 했습니다. 스트레칭도 하고 매일 조금씩 하체운동을 한 결과 원하던 목표인 오십 개를 달성했습니다. 이것은 지구력이나 끈기라고도 볼 수 있습니다.","wordCount":39}}},"rawDataInfo":{"question":{"fileFormat":"wav","fileSize":513358,"duration":16040,"samplingBit":16,"channelCount":1,"samplingRate":"16kHz","audioPath":"/Mock/06.Design/Female/Experienced/ckmk_q_ard_f_e_187044.wav"},"answer":{"fileFormat":"wav","fileSize":2009678,"duration":62800,"samplingBit":16,"channelCount":1,"samplingRate":"16kHz","audioPath":"/Mock/06.Design/Female/Experienced/ckmk_a_ard_f_e_187044.wav"}}}