{"version":"1.0","dataSet":{"info":{"date":"20230116","occupation":"ARD","channel":"MOCK","place":"ONLINE","gender":"FEMALE","ageRange":"-34","experience":"EXPERIENCED"},"question":{"raw":{"text":"좋아하는 브랜드가 있습니까 있다면은 왜 그 브랜드를 좋아하는지를 말씀해 주시고 또 브랜드란 무엇이라고 생각하는지도 설명을 해 주십시오","wordCount":17},"emotion":[],"intent":[]},"answer":{"raw":{"text":"어 저는 디자인을 하면서도 사실 제 취향이 뚜렷하게 없었던 것 같애요. 옷을 좋아하긴 하지만 어 이 브랜드의 옷도 좋고 저 브랜드의 옷도 예쁘고 근데 확실히 좀 시간이 지나면서 제가 좀 더 전문적으로 계속 일을 하면서 저한테 맞는 제 몸에 맞는 어떤 옷들을 찾아다니다 보니까 좋아하는 게 조금씩 지금 생기고 있는데 지금 가장 좋아하는 브랜드는 르메르라는 브랜드구요. 어 제가 운영하는 어떤 큰 방향성에도 그 브랜드의 색깔이 좀 녹아져 있는 것 같고 그 브랜드가 지향하고 있는 그런 부분들도 제가 디자이너로써 좀 동의하고 있는 부분들이 많아서 그 브랜드를 굉장히 좋아하고 음 계속 좀 관심 있게 컬렉션을 지켜보고 있는 것 같아요. 어 근데 사실은 그 브랜드 외에도 너무 생겨나는 브랜드들도 많고 제가 아직 미처 모르고 있는 브랜드들도 많기 때문에 계속해서 공부를 해 나가고 있다 고 생각하고 있습니다.","wordCount":123},"emotion":[],"intent":[{"text":"어 제가 운영하는 어떤 큰 방향성에도 그 브랜드의 색깔이 좀 녹아져 있는 것 같고 그 브랜드가 지향하고 있는 그런 부분들도 제가 디자이너로써 좀 동의하고 있는 부분들이 많아서 그 브랜드를 굉장히 좋아하고 음 계속 좀 관심 있게 컬렉션을 지켜보고 있는 것 같아요.","expression":"d_dgn_proc","category":"technology"}],"summary":{"text":"디자인하면서도 제 취향이 뚜렷하게 없었는데 점점 제 몸에 맞는 어떤 옷들을 찾아다니다 보니 르메르라는 브랜드를 제일 좋아하고 계속 관심 있게 컬렉션을 지켜보고 있습니다. 근데 그 외에도 너무 생겨나는 브랜드들도 많고 아직 미처 모르고 있는 브랜드들도 많아서 계속 공부를 해 나가고 있다 고 생각합니다.","wordCount":43}}},"rawDataInfo":{"question":{"fileFormat":"wav","fileSize":601038,"duration":18780,"samplingBit":16,"channelCount":1,"samplingRate":"16kHz","audioPath":"/Mock/06.Design/Female/Experienced/ckmk_q_ard_f_e_194792.wav"},"answer":{"fileFormat":"wav","fileSize":2496078,"duration":78000,"samplingBit":16,"channelCount":1,"samplingRate":"16kHz","audioPath":"/Mock/06.Design/Female/Experienced/ckmk_a_ard_f_e_194792.wav"}}}