{"version":"1.0","dataSet":{"info":{"date":"20230116","occupation":"ARD","channel":"MOCK","place":"ONLINE","gender":"FEMALE","ageRange":"-34","experience":"EXPERIENCED"},"question":{"raw":{"text":"지원자님께서 현대 사회에서 없어서는 안 될 가장 중요하다고 생각하시는 직업은 한 가지만 골라 말씀 부탁드립니다 간단히 설명도 해 주세요","wordCount":19},"emotion":[],"intent":[]},"answer":{"raw":{"text":"현대사회에서 없어서는 안 될 가장 중요하다고 생각하는 직업은 저는 예술가라고 생각을 합니다. 왜냐하면 그런 로봇들은 아직까지 사람의 감정을 자극하는 역할로는 부족하다고 생각하기 때문입니다. 이미 너무나 많은 것들이 로봇이 대처하고 있고 그리고 대처되고 있는 상황입니다. 실제로 로봇 카페도 생겼고요. 그리고 뭐 그런 맥도날드라던지 뭐 롯데리아 이런 데 가면 키오스크 기계도 굉장히 많기 때문인데요. 사람의 편의성을 위해서 우선 로봇이 대처하고 있는 거잖아요. 하지만 예술은 저는 편의성이 아니라고 생각을 합니다. 그냥 봤을 때 어 좋다가 아닌 사람의 감성을 자극시키고 거기에서 함께 공감을 하고 또 다르게 해석을 할 수 있는 그런 여러 적인 것이 복합적으로 되어있는 게 예술이다 라고 생각을 하는데요. 그래서 그런 디테일하고 섬세한 것들까지는 로봇이 대처할 수 없다고 생각을 합니다. 그래서 저는 예술가라고 말씀을 드릴 수 있을 것 같아요. 사실 예술이라고 하면 굉장히 배고픈 직업이다 라고 말을 하는데 이것은 후에는 모르죠. 굉장히 더 각광받고 많은 사람들이 원하는 그런 직종이 되지 않을까 라는 저 많은 생각을 가지고 있습니다.","wordCount":145},"emotion":[{"text":"실제로 로봇 카페도 생겼고요.","expression":"u-fact","category":"neutral"},{"text":"그리고 뭐 그런 맥도날드라던지 뭐 롯데리아 이런 데 가면 키오스크 기계도 굉장히 많기 때문인데요.","expression":"u-fact","category":"neutral"}],"intent":[{"text":"","expression":"","category":"attitude"}],"summary":{"text":"현대사회에서 가장 중요하다고 생각하는 직업은 예술가라고 생각합니다. 아직까지 로봇들은 사람의 감정을 자극하는 역할로는 부족하다고 생각하기 때문입니다. 사람의 감성을 자극시키고 거기에서 함께 공감을 하고 또 다르게 해석을 할 수 있는 여러 적인 것이 복합적으로 되어있는 게 예술입니다.","wordCount":36}}},"rawDataInfo":{"question":{"fileFormat":"wav","fileSize":402638,"duration":12580,"samplingBit":16,"channelCount":1,"samplingRate":"16kHz","audioPath":"/Mock/06.Design/Female/Experienced/ckmk_q_ard_f_e_187808.wav"},"answer":{"fileFormat":"wav","fileSize":2592718,"duration":81020,"samplingBit":16,"channelCount":1,"samplingRate":"16kHz","audioPath":"/Mock/06.Design/Female/Experienced/ckmk_a_ard_f_e_187808.wav"}}}