{"version":"1.0","dataSet":{"info":{"date":"20230116","occupation":"ARD","channel":"MOCK","place":"ONLINE","gender":"FEMALE","ageRange":"45-54","experience":"EXPERIENCED"},"question":{"raw":{"text":"이제까지 사람들과 협업을 하면서 가장 어려웠던 점은 무엇이었나요 그리고 그것은 어떤 방법으로 극복하셨나요","wordCount":13},"emotion":[],"intent":[]},"answer":{"raw":{"text":"협업에서 가장 어려웠던 점은 어 독불장군 같은 상사를 만날 때였습니다. 본인이 말이 다 맞으니 나를 따라와 근데 제가 볼 때는 그게 틀린 부분도 있었기 때문에 그런 얘기를 하면 먹히지 않았을 뿐더러 그 상사는 저를 미워했습니다. 그래서 그거를 어떻게 극복할까 생각을 하다가 어 그 상사를 설득할 수 있게 많은 데이터를 모으고 그거에 대한 부분들을 잘 설명을 해서 어 그 상사에게 설득을 해서 해결된 적이 있으나 어 그것도 또한 어 내가 올 옳아 넌 틀렸어 이렇게 접근하는 것보다는 어 상사님 말씀이 너무 맞다 너무 맞지만 나는 이런 쪽으로도 한 번 생각을 하고 있다 그러니 내 말 좀 한 번 들어보시고 그걸 듣고 나서 아 맞으면은 이걸 수용을 해 주시면 되고 내 말이 틀렸으면은 어 저 상사님 말씀대로 따라가겠다 라고 해서 어 상사분이 제 말을 듣고 오케이 한 적이 있었습니다. 그래서 원만하게 해결한 경험이 있었습니다.","wordCount":132},"emotion":[],"intent":[{"text":"","expression":"","category":"attitude"}],"summary":{"text":"협업에서 가장 어려웠던 점은 상사를 만날 때였습니다. 제가 볼 때는 틀린 부분도 있었기 때문에 그런 얘기를 하면 되지 않았을 뿐더러 그 상사는 저를 싫어했습니다. 그래서 설득을 해서 해결한 경험이 있습니다.","wordCount":30}}},"rawDataInfo":{"question":{"fileFormat":"wav","fileSize":301518,"duration":9420,"samplingBit":16,"channelCount":1,"samplingRate":"16kHz","audioPath":"/Mock/06.Design/Female/Experienced/ckmk_q_ard_f_e_269990.wav"},"answer":{"fileFormat":"wav","fileSize":2643598,"duration":82610,"samplingBit":16,"channelCount":1,"samplingRate":"16kHz","audioPath":"/Mock/06.Design/Female/Experienced/ckmk_a_ard_f_e_269990.wav"}}}