{"version":"1.0","dataSet":{"info":{"date":"20230116","occupation":"ARD","channel":"MOCK","place":"ONLINE","gender":"FEMALE","ageRange":"45-54","experience":"EXPERIENCED"},"question":{"raw":{"text":"어 본인이 생각할 때 본인의 장점과 단점을 설명해 주시길 바랍니다 그리고 그것을 특화 시키고 또 극복하기 위해서 지금까지 했던 노력도 함께 말씀해 주세요","wordCount":23},"emotion":[],"intent":[]},"answer":{"raw":{"text":"제가 가지고 있는 장점은 다른 사람과 대화를 재미있게 이끌어 가고 잘 들어 준다는 겁니다. 그래서 저는 노년에 다른 사람과 대화를 하는 방법으로 사업을 해 보려고 구상한 적도 있습니다. 다른 사람과 대화를 재미있게 하는 것도 저의 큰 장점이지만 또 똑같은 이유로 단점이 될 수도 있는 게 있습니다. 제 단점 중의 하나는 제가 생각한 내용을 반드시 상대방에게 주입하려고 하는 것이 저의 저의 단점이기도 합니다. 좋은 점과 나쁜 점이 한 몸에 있기 때문에 대화를 잘 할 수 있는 방법 그것을 계속 연구하고 그리고 또 꾸준히 극복하도록 노력해 보려고 합니다.","wordCount":86},"emotion":[],"intent":[{"text":"","expression":"","category":"attitude"}],"summary":{"text":"저는 다른 사람과 대화를 재미있게 이끌어 가고 잘 들어 준다는 장점이 있지만, 제가 생각한 내용을 반드시 상대방에게 주입하려고 한다는 단점이 있습니다. 대화를 잘 할 수 있는 방법을 계속 연구하고 극복하도록 노력해 보려고 합니다.","wordCount":33}}},"rawDataInfo":{"question":{"fileFormat":"wav","fileSize":476878,"duration":14900,"samplingBit":16,"channelCount":1,"samplingRate":"16kHz","audioPath":"/Mock/06.Design/Female/Experienced/ckmk_q_ard_f_e_264249.wav"},"answer":{"fileFormat":"wav","fileSize":1995598,"duration":62360,"samplingBit":16,"channelCount":1,"samplingRate":"16kHz","audioPath":"/Mock/06.Design/Female/Experienced/ckmk_a_ard_f_e_264249.wav"}}}