{"version":"1.0","dataSet":{"info":{"date":"20230116","occupation":"ARD","channel":"MOCK","place":"ONLINE","gender":"FEMALE","ageRange":"35-44","experience":"EXPERIENCED"},"question":{"raw":{"text":"현대인은 하루 평균 세 번의 거짓말을 하고 산다고 합니다 지원자님께서 해 본 기억에 가장 많이 남는 거짓말은 무엇인가요","wordCount":18},"emotion":[],"intent":[]},"answer":{"raw":{"text":"어 저는 엄마가 요리를 되게 못하시는 편이거든요. 근데 아빠도 잘 못하세요. 두 분이 이제 요리를 하시면 어릴 때 항상 그렇게 맛있게 먹었던 기억이 없어서. 근데 잠깐 이제 도시락을 쌀 때가 있었어요 중학교 때. 학교에서 급식실을 짓는다 그래서 그때까지는 급식 제공이 안 된다 라고 공지가 내려서 한 달인가 두 달 정도 도시락을 싸 갖고 다녔던 기억이 있어요. 저는 도시락 세대가 아니긴 한데 그때 처음으로 이제 막 친구들하고 도시락을 싸워서 같이 막 교실에서 먹고 이런 추억이 생겼는데 그때 사실 어 부모님이 싸주시는 도시락을 먹는 게 좀 힘들었었어요. 그때 그래서 친구들하고 반찬을 막 나누면서 먹긴 했는데 친구들도 한 번 젓가락을 대고 잘 안 대는 거예요. 그래서 사실 진짜 엄마한테는 너무 죄송한데 맛있게 먹었다고 거짓말을 많이 했어요 그때. 그리고 음식물 쓰레기를 몰래 버렸었죠. 집에 오기 전에 학교 화장실이라든지 그런 데에서 그걸 몰래 다 버리고 다 먹은 척하면서 갔던 기억이 있습니다.","wordCount":136},"emotion":[],"intent":[{"text":"저는 도시락 세대가 아니긴 한데   그때 처음으로 이제 막 친구들하고 도시락을 싸워서 같이 막 교실에서 먹고 이런 추억이 생겼는데   그때 사실 어 부모님이 싸주시는 도시락을 먹는 게 좀 힘들었었어요.","expression":"c_private","category":"background"}],"summary":{"text":"어릴적 엄마, 아빠의 요리 실력은 좋지 않았지만 중학교 때, 학교 급식실 공지가 내려가서 두 달 정도 도시락을 싸 갖고 다녔던 적이 있습니다. 그때 부모님과 같이 도시락을 먹는 게 힘들었고, 거짓말을 많이 했습니다. 그리고 음식물 쓰레기도 몰래 버려서 집에 오기 전까지 몰래 버린 적이 있었습니다.","wordCount":44}}},"rawDataInfo":{"question":{"fileFormat":"wav","fileSize":349198,"duration":10910,"samplingBit":16,"channelCount":1,"samplingRate":"16kHz","audioPath":"/Mock/06.Design/Female/Experienced/ckmk_q_ard_f_e_149211.wav"},"answer":{"fileFormat":"wav","fileSize":2601678,"duration":81300,"samplingBit":16,"channelCount":1,"samplingRate":"16kHz","audioPath":"/Mock/06.Design/Female/Experienced/ckmk_a_ard_f_e_149211.wav"}}}