{"version":"1.0","dataSet":{"info":{"date":"20230116","occupation":"ARD","channel":"MOCK","place":"ONLINE","gender":"FEMALE","ageRange":"35-44","experience":"EXPERIENCED"},"question":{"raw":{"text":"지원자님께서는 이전 직장을 그만두신 이유가 무엇일까요 그리고 현 직장도 같은 이유로 그만둘 가능성이 있으실까요","wordCount":14},"emotion":[],"intent":[]},"answer":{"raw":{"text":"제가 이전 직장을 그만두게 된 이유는 바로 동료와의 관계였습니다. 제가 첫 번째 회사는 출산으로 인해 아쉽게 그만 두았지만 두 번째 회사에서는 저의 업무 능력이나 성과를 놓고 시기하던 동료가 있었습니다. 그래서 매 순간이 스트레스로 찾아왔고 육 개월을 더 견딘 후에 팀장님과 상담을 하고 이직을 결심하였습니다. 물론 팀장님께서는 이직에 만류하셨지만 제 스스로가 받는 스트레스가 너무 크고 더 이상 즐겁게 직장 생활을 할 수 없다는 판단이 들어서 저는 과감하게 이직을 선택하였습니다. 저는 직장 생활은 아무리 업무가 힘들어도 함께하는 시간이 많은 동료와 팀 분위기가 좋으면 잘 버틸 수 있다고 생각합니다. 그래서 제가 취업 시에 더 비중을 두는 부분이 팀의 분위기와 동료들과의 관계입니다. 하지만 이번 직장에서는 이와 같은 이유로 그만둘 가능성은 없어 보입니다.","wordCount":108},"emotion":[],"intent":[{"text":"","expression":"","category":"attitude"}],"summary":{"text":"직장 생활은 동료와 팀 분위기가 좋으면 잘 버틸 수 있다고 생각합니다. 그래서 제가 취업 시에 더 비중을 두는 부분이 팀의 분위기와 동료들과의 관계입니다. 하지만 이번 직장에서는 이와 같은 이유로 그만둘 가능성은 없어 보입니다.","wordCount":33}}},"rawDataInfo":{"question":{"fileFormat":"wav","fileSize":444878,"duration":13900,"samplingBit":16,"channelCount":1,"samplingRate":"16kHz","audioPath":"/Mock/06.Design/Female/Experienced/ckmk_q_ard_f_e_274009.wav"},"answer":{"fileFormat":"wav","fileSize":2322638,"duration":72580,"samplingBit":16,"channelCount":1,"samplingRate":"16kHz","audioPath":"/Mock/06.Design/Female/Experienced/ckmk_a_ard_f_e_274009.wav"}}}