{"version":"1.0","dataSet":{"info":{"date":"20230116","occupation":"ARD","channel":"MOCK","place":"ONLINE","gender":"FEMALE","ageRange":"45-54","experience":"EXPERIENCED"},"question":{"raw":{"text":"지원자님께서 생각하시기에 자신의 노년는 어떤 모습이었으면 좋겠습니까 자신이 생각하는 이상적인 노년의 모습을 말씀 부탁 드리겠습니다","wordCount":15},"emotion":[],"intent":[]},"answer":{"raw":{"text":"제가 꿈꾸는 노년은 어 이거를 초등학교 때부터 생각했던 건데 지금까지 변함은 없어요 마음이. 어 제가 꿈꾸는 노년의 모습은 일단 한국에 있지 않구요. 외국에 나가서 봉사활동을 하면서 사는 게 제가 꿈꾸는 모습입니다. 뭔가 이미 어릴 때 젊을 때 많은 부를 축적을 한 상태에서 비교적 경제적으로는 여유가 있으면 좋겠구요. 그 여유를 부릴 수 있는 그거를 어려운 나라들에 가서 어렵게 사는 사람들이 있는 나라에 가서 그들을 좀 교육적으로 봉사활동을 좀 하고 싶습니다. 그래서 사실은 어떠한 봉사 단체를 껴서 가는 게 아니라 저만의 어떤 단체를 좀 만들어서 활동을 하고 싶습니다.","wordCount":86},"emotion":[{"text":"그 여유를 부릴 수 있는   그거를 어려운 나라들에 가서 어렵게 사는 사람들이 있는 나라에 가서 그들을 좀 교육적으로   봉사활동을 좀 하고 싶습니다.","expression":"p-interest","category":"positive"}],"intent":[{"text":"","expression":"","category":"attitude"}],"summary":{"text":"제가 꿈꾸는 노년의 모습은 한국에 있지 않고 외국에 나가 봉사활동을 하면서 사는 모습이며, 경제적으로 여유가 있으면 그것을 가지고 어려운 나라들에 가서 그들을 교육적으로 봉사활동을 하고 싶습니다.","wordCount":26}}},"rawDataInfo":{"question":{"fileFormat":"wav","fileSize":473038,"duration":14780,"samplingBit":16,"channelCount":1,"samplingRate":"16kHz","audioPath":"/Mock/06.Design/Female/Experienced/ckmk_q_ard_f_e_148559.wav"},"answer":{"fileFormat":"wav","fileSize":2101198,"duration":65660,"samplingBit":16,"channelCount":1,"samplingRate":"16kHz","audioPath":"/Mock/06.Design/Female/Experienced/ckmk_a_ard_f_e_148559.wav"}}}