{"version":"1.0","dataSet":{"info":{"date":"20230116","occupation":"ARD","channel":"MOCK","place":"ONLINE","gender":"FEMALE","ageRange":"45-54","experience":"EXPERIENCED"},"question":{"raw":{"text":"일을 하게 되면 중국으로 출장을 갈 일이 조금 생길 수도 있습니다 지원자님은 이런 중국 출장도 긍정적으로 생각하고 계시나요","wordCount":18},"emotion":[],"intent":[]},"answer":{"raw":{"text":"중국으로 출장을 갈 일이 생길 수도 있다면 저는 중국 출장 괜찮다고 생각합니다. 제가 중국을 많이 가보지는 않았지만 제가 수 년 전에 상하이에 여행을 갔을 때 중국에 대해서 제가 갖고 있었던 여러 가지 선입견이 많이 깨지는 경험을 했습니다. 우리가 생각하는 중국이와 중국이라는 이미지와 실제로 봐서 봤던 상하이는 굉장히 다른 곳이었습니다. 많이 발전해 있었고 사람들도 친절했었고 생각보다 환경도 좋았고 또 상하이 특유의 아름다운 건물들 또 많은 사람들이 얼마나 활동적으로 활발하게 살고 있는지 또 얼마나 아름다운 문화 유산을 가지고 있는지를 볼 수 있어서 굉장히 즐거운 여행이었고 중국에 대한 저의 이미지도 굉장히 많이 바뀌는 그런 여행이었습니다. 제가 중국으로 출장을 갈 수 있다면 이런 중국에 대한 긍정적인 생각과 또 제가 가지고 가는 어떤 업무에 대해서 잘 충실하게 해내려고 하는 그런 긍정적이고 적극적인 마음이 합쳐져서 좋은 결과를 낼 수 있을 거라고 믿고 기대하고 있습니다.","wordCount":128},"emotion":[{"text":"많이 발전해 있었고 사람들도 친절했었고 생각보다 환경도 좋았고 또 상하이 특유의 아름다운 건물들 또 많은 사람들이 얼마나 활동적으로 활발하게 살고 있는지 또 얼마나 아름다운 문화 유산을 가지고 있는지를 볼 수 있어서 굉장히 즐거운 여행이었고 중국에 대한 저의 이미지도 굉장히 많이 바뀌는 그런 여행이었습니다.","expression":"p-happiness","category":"positive"},{"text":"제가 중국으로 출장을 갈 수 있다면 이런 중국에 대한 긍정적인 생각과 또 제가 가지고 가는 어떤 업무에 대해서 잘 충실하게 해내려고 하는 그런 긍정적이고 적극적인 마음이 합쳐져서 좋은 결과를 낼 수 있을 거라고 믿고 기대하고 있습니다.","expression":"p-interest","category":"positive"}],"intent":[{"text":"","expression":"","category":"attitude"}],"summary":{"text":"저는 중국에 대한 선입견이 많이 깨지는 경험을 했습니다. 중국이와 중국이라는 이미지와 실제로 봐서 했던 상하이는 굉장히 달랐고, 많이 발전해 있었고 사람들도 친절했습니다. 중국에 출장을 갈 일이 생길 수 있다면 이런 긍정적인 생각과 적극적인 마음이 합쳐져서 좋은 결과를 낼 수 있을 것이라 기대하고 있습니다.","wordCount":43}}},"rawDataInfo":{"question":{"fileFormat":"wav","fileSize":595598,"duration":18610,"samplingBit":16,"channelCount":1,"samplingRate":"16kHz","audioPath":"/Mock/06.Design/Female/Experienced/ckmk_q_ard_f_e_247826.wav"},"answer":{"fileFormat":"wav","fileSize":2409038,"duration":75280,"samplingBit":16,"channelCount":1,"samplingRate":"16kHz","audioPath":"/Mock/06.Design/Female/Experienced/ckmk_a_ard_f_e_247826.wav"}}}