{"version":"1.0","dataSet":{"info":{"date":"20230116","occupation":"ARD","channel":"MOCK","place":"ONLINE","gender":"FEMALE","ageRange":"45-54","experience":"EXPERIENCED"},"question":{"raw":{"text":"요즘 사람들은 휴대폰에 삼성과 아이폰으로 나뉘고 있습니다 그럼 면접자분께서는 젊은 사람들이 아이폰을 선호하는 이유에 대해서 그건 어떻게 생각하시는지 그리고 그게 왜 그러는지에 대한 이유를 설명해 주시기 바랍니다","wordCount":27},"emotion":[],"intent":[]},"answer":{"raw":{"text":"아이폰이 최근에 어 인기를 얻었지만 그전에는 그 아이펫 그전에 아이팟에 음원을 듣는 그런 게 있었고 그전에도 저희도 뭐 개스라든가 이런 것들에 어떤 품질이나 이런 것들을 디자인을 따지기보다는 어 뭔가 쟤는 우수해 쟤는 세련됐어 이런 이미지가 있는 것 같아요. 그래서 디자인이 조금 세련돼 보이는 것을 갖고 있으면 나도 세련된 사람이야 이런 마인드 때문에 아이폰을 선호하는 게 아닐까. 그리고 저는 개인적으로 그 아이폰이 가지고 있는 역동적인 이미지 그리고 아이폰을 광고할 때 항상 그 과거에는 음원이었다면 지금은 어떤 영화라든가 영상을 찍는 도구로 활용을 하는 거를 보여주잖아요. 그 젊은 트렌드가 굉장히 맞는 것 같아요. 요즘은 인스타나 음 뭐 어떤 쇼츠나 이런 짧은 영상들을 굉장히 선호하잖아요 사람들이. 그런 컨텐츠가 랑 아이폰과 굉장히 맞 맞기 때문에 아이폰을 좀 젊은 사람들이 더 선호하지 않을까 그런 생각이 듭니다.","wordCount":120},"emotion":[],"intent":[{"text":"","expression":"","category":"attitude"}],"summary":{"text":"최근의 아이폰은 이전과는 다르게 역동적인 이미지나 영상을 찍는 도구로 활용을 하는 젊은 트렌드가 상당히 맞는 것 같습니다. 요즘 트렌드가 인스타그램이나 짧은 영상들을 굉장히 선호하기 때문에 젊은 사람들이 더 선호하지 않을까 생각합니다.","wordCount":31}}},"rawDataInfo":{"question":{"fileFormat":"wav","fileSize":599118,"duration":18720,"samplingBit":16,"channelCount":1,"samplingRate":"16kHz","audioPath":"/Mock/06.Design/Female/Experienced/ckmk_q_ard_f_e_261368.wav"},"answer":{"fileFormat":"wav","fileSize":2215758,"duration":69240,"samplingBit":16,"channelCount":1,"samplingRate":"16kHz","audioPath":"/Mock/06.Design/Female/Experienced/ckmk_a_ard_f_e_261368.wav"}}}