{"version":"1.0","dataSet":{"info":{"date":"20230116","occupation":"ARD","channel":"MOCK","place":"ONLINE","gender":"FEMALE","ageRange":"45-54","experience":"EXPERIENCED"},"question":{"raw":{"text":"혹시 배달의민족을 사용하면서 서비스적인 측면에서 아쉬웠던 부분이 있었을까요 있었다면 그것이 무엇인지 말씀해 주세요","wordCount":13},"emotion":[],"intent":[]},"answer":{"raw":{"text":"배민 너무 좋은데요. 아쉬웠던 부분은 매장에서 직접 샀을 때와 배민에서 배달을 시켰을 때 오천 원까지도 차이가 나는 거를 봤습니다. 이천 원 삼천 원 정도 차이가 나는 거는 그럴 수 있다고 생각을 하는데 어떻게 오천 원까지 차이가 날 수 있을까 그 부분은 이해가 안 됐어요. 먹어봤을 때 같았거든요. 완전히 같은데 어떻게 오천 원 차이가 날까 이 부분과 또 하나는 상호를 검색했을 때 나오지 않을 때가 있었어요. 그래서 가게에 전화를 해 봤더니 배민원에서 검색을 해 봐라 라고 하셨는데 그 차이가 뭔지 좀 잘 모르겠어서 그 부분이 좀 아쉬웠습니다.","wordCount":86},"emotion":[],"intent":[{"text":"","expression":"","category":"attitude"}],"summary":{"text":"배민은 매우 좋은데, 아쉬운 점은 매장과 배민의 차이점이 뚜렷하지 않다는 점입니다. 또한 상호가 검색되지 않을 때가 있었는데, 그 차이가 무엇인지는 잘 모르겠습니다.","wordCount":22}}},"rawDataInfo":{"question":{"fileFormat":"wav","fileSize":387918,"duration":12120,"samplingBit":16,"channelCount":1,"samplingRate":"16kHz","audioPath":"/Mock/06.Design/Female/Experienced/ckmk_q_ard_f_e_225413.wav"},"answer":{"fileFormat":"wav","fileSize":2011278,"duration":62850,"samplingBit":16,"channelCount":1,"samplingRate":"16kHz","audioPath":"/Mock/06.Design/Female/Experienced/ckmk_a_ard_f_e_225413.wav"}}}