{"version":"1.0","dataSet":{"info":{"date":"20230116","occupation":"ARD","channel":"MOCK","place":"ONLINE","gender":"FEMALE","ageRange":"-34","experience":"EXPERIENCED"},"question":{"raw":{"text":"어 기차가 운행 시 산사태로 삼십 분 동안 정차되었다고 가정을 해 봅시다 어 이때 관리 책임의 위치에 있다면 어떻게 조치를 하실 건지 말씀을 해 주시기 바랍니다","wordCount":26},"emotion":[],"intent":[]},"answer":{"raw":{"text":"어 저는 그런 상황이 벌어진다면 그냥 도망갈 것 같습니다. 제가 상상했을 때 뭔가 지금 제 업무와는 상관이 없는 어떤 질문이기 하지만 그걸 상상했을 때 뭔가 생각하고 싶지 않기는 해요. 어 할 수 있다면 최대한 좀 손을 넣 놓고 도망가고 싶은데 만약에 제가 그 기차 산사태가 일어난 그 정차된 기차 안에 있는 거라면 그때는 사실 어쩔 수 없는 거니깐 뭔가를 하기는 해야겠죠. 일단은 뭐 신고를 또 할 테고 승객들을 안정을 취하게끔 해줘야 할 것 같은데 정말 자신이 없습니다. 그게 가능할지 상상만 해도 지금 되게 무섭고 그런 상황에서 정말 책임자들은 평정심을 유지할 수 있는 걸까요.","wordCount":93},"emotion":[],"intent":[{"text":"","expression":"","category":"attitude"}],"summary":{"text":"기차 산사태가 일어난 기차 안에 있는 거라면 일단 신고를 하고 승객들을 안정을 취하게 해줘야 할 것 같은데 정말 자신이 없습니다. 책임자들은 평정심을 유지할 수 있는지 궁금합니다.","wordCount":26}}},"rawDataInfo":{"question":{"fileFormat":"wav","fileSize":419918,"duration":13120,"samplingBit":16,"channelCount":1,"samplingRate":"16kHz","audioPath":"/Mock/06.Design/Female/Experienced/ckmk_q_ard_f_e_155688.wav"},"answer":{"fileFormat":"wav","fileSize":1899598,"duration":59360,"samplingBit":16,"channelCount":1,"samplingRate":"16kHz","audioPath":"/Mock/06.Design/Female/Experienced/ckmk_a_ard_f_e_155688.wav"}}}