{"version":"1.0","dataSet":{"info":{"date":"20230116","occupation":"ARD","channel":"MOCK","place":"ONLINE","gender":"FEMALE","ageRange":"-34","experience":"EXPERIENCED"},"question":{"raw":{"text":"지원자님께서는 본인 스스로 숫자와 창의 중에서 어떤 것이 더 가깝다고 생각하는지요 어 가까운 것에 대한 그 이유도 같이 말씀해 주세요","wordCount":20},"emotion":[],"intent":[]},"answer":{"raw":{"text":"저는 숫자에 더 가깝다고 생각하고요. 제가 좋아하는 숫자가 많고 어릴 때부터 수학을 좋아했었고 그 수를 다루는 걸 되게 좋아했고 친구들이 저한테 주로 넌 되게 헤아릴 수 없는 사람이다 라고 말하기도 했었고 어 그리고 굉장히 뭔가를 세면서 사는 걸 좋아하는 것 같아요. 제가 잠이 들 때 길을 갈 때 보도블록이 몇 갠지 그리고 구름이 몇 미터 위에 떠 있는지 뭔가 이런 것들을 상상하면서 항상 숫자랑 같이 연관돼 있는 것 같고 제가 로또를 하는 것도 되게 좋아해서 그 숫자를 배합하는 거를 조합하는 걸 되게 좋아하거든요. 그래서 저는 음 제가 숫자에 가까운 사람이지 않을까 라는 생각을 하고 돈 계산도 굉장히 빠르거든요. 그래서 뭐 항상 놀 때 어딜 갈 때 그리고 모임을 할 때 팀을 할 때 제가 총무 역할을 주로 하게 됐던 것 같아요. 그래서 그런 부분들이 재미있다고 생각을 늘 해왔기 때문에 저는 숫자에 더 가까운 것 같습니다.","wordCount":135},"emotion":[],"intent":[{"text":"","expression":"","category":"attitude"}],"summary":{"text":"숫자에 더 가깝다고 생각했어요. 어릴 때부터 수학을 좋아했고 뭔가를 세면서 사는 걸 좋아하는 것 같습니다. 돈 계산도 굉장히 빠르기 때문에 총무 역할을 주로 하게 되었던 것 같은데 그런 것들이 재미있다고 생각을 해왔기 때문에 숫자를 더 가까운 것 같다고 생각합니다.","wordCount":39}}},"rawDataInfo":{"question":{"fileFormat":"wav","fileSize":438478,"duration":13700,"samplingBit":16,"channelCount":1,"samplingRate":"16kHz","audioPath":"/Mock/06.Design/Female/Experienced/ckmk_q_ard_f_e_155690.wav"},"answer":{"fileFormat":"wav","fileSize":2039438,"duration":63730,"samplingBit":16,"channelCount":1,"samplingRate":"16kHz","audioPath":"/Mock/06.Design/Female/Experienced/ckmk_a_ard_f_e_155690.wav"}}}