{"version":"1.0","dataSet":{"info":{"date":"20230116","occupation":"ARD","channel":"MOCK","place":"ONLINE","gender":"FEMALE","ageRange":"35-44","experience":"EXPERIENCED"},"question":{"raw":{"text":"특별히 가고 싶은 회사가 있으십니까 특정 도메인이 중요한지 회사의 분위기가 중요한지 어떤 점을 중점적으로 보시는지 설명 부탁 드리겠습니다","wordCount":18},"emotion":[],"intent":[]},"answer":{"raw":{"text":"저는 어쨌든 제가 좀 발전할 수 있는 가능성을 보는 편입니다. 어 이 회사에 제가 지원하게 된 이유도 어쨌든 나이에 상관없이 신입을 환영하기도 했고 그리고 어떤 부수적인 어 조금 쓸데없는 그런 요인들 말고도 정말 능력적인 부분으로 평가를 해서 더 진급을 할 수 있는 기회가 주어진다고 들었습니다. 그래서 저는 이 회사에 오고 싶었었고 제가 추구하는 가치도 사실은 그런 부분입니다. 어 사실은 회사 분위기가 조금 편안했으면 좋겠고 즐겁게 일하는 분위기면 좋겠지만 일이라는 게 사실 마냥 그렇게 행복하고 편할 수 없다는 걸 제가 알기 때문에 저는 우선적으로 두는 가치가 제 능력을 어디까지 펼칠 수 있고 어디까지 인정받을 수 있는지 그리고 이 회사가 그런 능력들을 판단할 수 있는 회사인지를 보는 편입니다. 사실 뛰어들기 전에는 이 회사가 정말 그런 걸 볼 수 있는지 판단하기는 어렵긴 하지만 최대한의 데이터를 수집해서 그것들을 파악하고자 하고 있는 편입니다.","wordCount":128},"emotion":[],"intent":[{"text":"어   이 회사에 제가 지원하게 된 이유도 어쨌든 나이에 상관없이 신입을 환영하기도 했고   그리고 어떤 부수적인   어 조금 쓸데없는 그런 요인들 말고도 정말 능력적인 부분으로 평가를 해서 더 진급을 할 수 있는 기회가 주어진다고 들었습니다.","expression":"c_sincere_job","category":"etc"}],"summary":{"text":"저는 신입을 환영하고 능력적인 부분으로 진급을 할 수 있는 기회가 주어지는 이 회사에 오고 싶었고 제가 추구하는 가치 또한 그런 부분입니다. 저는 이 회사가 제 능력을 어디까지 펼칠 수 있고 어디까지 인정받을 수 있는지 그리고 그런 능력들을 판단할 수 있는 회사인지를 보는 편입니다.","wordCount":43}}},"rawDataInfo":{"question":{"fileFormat":"wav","fileSize":428878,"duration":13400,"samplingBit":16,"channelCount":1,"samplingRate":"16kHz","audioPath":"/Mock/06.Design/Female/Experienced/ckmk_q_ard_f_e_102321.wav"},"answer":{"fileFormat":"wav","fileSize":2785998,"duration":87060,"samplingBit":16,"channelCount":1,"samplingRate":"16kHz","audioPath":"/Mock/06.Design/Female/Experienced/ckmk_a_ard_f_e_102321.wav"}}}