{"version":"1.0","dataSet":{"info":{"date":"20230116","occupation":"ARD","channel":"MOCK","place":"ONLINE","gender":"FEMALE","ageRange":"35-44","experience":"EXPERIENCED"},"question":{"raw":{"text":"태도 역량 그리고 직무 지식이 있습니다 이 세 가지 요소 중에서 가장 중요하다고 생각하는 것 하나를 꼽으시고 그것을 뽑은 이유를 말씀해 주세요","wordCount":22},"emotion":[],"intent":[]},"answer":{"raw":{"text":"저는 그 세 가지 중에 제일 중요하다고 생각하는 거를 말해야 된다면 어 태도라고 생각이 들긴 하거든요. 직무 지식이 부족하고 역량이 딸려도 나의 태도 자체가 이 일을 어떻게 받아들이는지에 대해서 갖춰져 있다면 어 앞에 부족한 부분들이 자연적으로 채워질 거라고 생각이 들어요. 그런데 뭐 지식도 많고 역량 자체도 뛰어난 사람이 뭔가 그 태도 부분에서 불성실하거나 협조적이지 않거나 하면은 아무리 그 사람의 능력이 뛰어나도 그게 충족되지 않다고 생각이 들거든요. 다 같이 일하는 곳이기 때문에 뭔가 그 사람의 태도가 뭔가 저희에게 협조적이지 않은 태도라면은 아무리 능력이 좋다고 해도 저는 일을 할 때 좀 힘든 것 같애요 그런 사람들하고 일을 하면. 그래서 저는 항상 미숙하더라도 태도가 좀 열려있는 사람 잘 갖춰져 있는 사람을 선호하기도 하고 저도 일을 할 때 그런 부분을 좀 챙기려고 노력하는 편입니다.","wordCount":120},"emotion":[],"intent":[{"text":"","expression":"","category":"attitude"}],"summary":{"text":"직무 지식이 부족하고 역량이 딸려도 저의 태도 자체가 이 일을 어떻게 받아들이는지에 대해서 갖춰져 있다면 앞의 부족한 부분들이 자연적으로 채워질 거라고 생각합니다. 그런데 태도가 불성실하거나 협조적이지 않으면 능력이 뛰어나도 충족되지 않는다고 생각합니다. 그래서 저는 이런 부분을 좀 챙기려고 노력합니다.","wordCount":39}}},"rawDataInfo":{"question":{"fileFormat":"wav","fileSize":495438,"duration":15480,"samplingBit":16,"channelCount":1,"samplingRate":"16kHz","audioPath":"/Mock/06.Design/Female/Experienced/ckmk_q_ard_f_e_205632.wav"},"answer":{"fileFormat":"wav","fileSize":2679118,"duration":83720,"samplingBit":16,"channelCount":1,"samplingRate":"16kHz","audioPath":"/Mock/06.Design/Female/Experienced/ckmk_a_ard_f_e_205632.wav"}}}