{"version":"1.0","dataSet":{"info":{"date":"20230116","occupation":"ARD","channel":"MOCK","place":"ONLINE","gender":"FEMALE","ageRange":"35-44","experience":"EXPERIENCED"},"question":{"raw":{"text":"어 일을 하던 중에 정 직 직무가 적성에 맞지 않는 일도 있을 수 있을 것입니다 그렇게 직무가 적성에 맞지 않는다면 어떻게 하실지 상황을 가정해서 말씀해 주세요","wordCount":26},"emotion":[],"intent":[]},"answer":{"raw":{"text":"예를 들어서 저는 어 극장의 어떤 기획 파트를 맡고 마케팅 쪽을 하고 싶어하는 편이었는데 사실 그 일을 만약에 만약에 그 일을 시작했을 때 제가 생각한 것보다 어 제가 그 일을 잘 해내지 못한다면 아마 그런 일이 생겼을 때 적성에 안 맞는다고 생각이 들 것 같은데 그렇게 된다면 어 조금 다른 파트로 옮기는 걸 한 번 권유를 할 것 같습 같습니다. 권유를 한다기보다 어 제안. 만약에 제가 잘 못 하는데도 같이 일하시는 분들이 괜찮다고 하신다면 저는 사실 계속 하고 싶을 것 같고 만약에 제가 삐걱대는 그 부분 때문에 일 자체가 순조롭게 진행이 안 된다면 제가 먼저 다른 부서로 옮기는 것을 어 얘기할 것 같습니다.","wordCount":103},"emotion":[],"intent":[{"text":"","expression":"","category":"attitude"}],"summary":{"text":"저는 극장의 기획파트를 맡고 마케팅 쪽을 하고 싶은 편인데 일을 잘 해내지 못한다면 다른 파트로 옮기는 것을 한번 권유를 할 것 같습니다. 권유보다는 제안으로, 일이 잘 안 된다면 먼저 다른 부서로 옮길 것입니다.","wordCount":33}}},"rawDataInfo":{"question":{"fileFormat":"wav","fileSize":514958,"duration":16090,"samplingBit":16,"channelCount":1,"samplingRate":"16kHz","audioPath":"/Mock/06.Design/Female/Experienced/ckmk_q_ard_f_e_149203.wav"},"answer":{"fileFormat":"wav","fileSize":2740558,"duration":85640,"samplingBit":16,"channelCount":1,"samplingRate":"16kHz","audioPath":"/Mock/06.Design/Female/Experienced/ckmk_a_ard_f_e_149203.wav"}}}