{"version":"1.0","dataSet":{"info":{"date":"20230116","occupation":"ARD","channel":"MOCK","place":"ONLINE","gender":"FEMALE","ageRange":"35-44","experience":"EXPERIENCED"},"question":{"raw":{"text":"면접자님은 평소에 개인 작업을 많이 하시는 편인가요 아 그렇다면 그렇게 하시는 개인 작업을 하실 수 있는 원동력은 무엇이라고 생각하시는지 답변해 주시기 바랍니다","wordCount":22},"emotion":[],"intent":[]},"answer":{"raw":{"text":"아니요 저는 공동체 작업을 하는 편이고 어 공동체 작업을 선호하려고 하는 편입니다. 왜냐하면 음 원동력이라고 하기에는 맞지 않을 수 있지만 어 공동체 작업을 하는 게 어 궁극적으로 맞다고 생각하기 때문입니다. 음 혼자 일을 하다보면 어 혼자서만 하다보면 아무래도 조금 간과할 수 있는 부분들이 굉장히 많다고 생각을 해요. 어 생각에 있어서도 조금 자칫하면 어 위험해질 수 있는 소지가 크다고 생각을 하기 때문에 혼자서만 하면 그래서 공동의 작업은 어 불가피하다고 생각을 합니다. 네 그 오로지 스스로만 생각하면 개인 작업을 선호할 수 있겠지만 아 그렇지 않다고 생각을 해요. 네 뭐든 대부분의 것들을 봤을 때 네 그게 맞다고 생각합니다.","wordCount":95},"emotion":[],"intent":[{"text":"어 생각에 있어서도 조금   자칫하면 어 위험해질 수 있는 소지가 크다고 생각을 하기 때문에 혼자서만 하면 그래서 공동의 작업은   어 불가피하다고 생각을 합니다.","expression":"c_cop","category":"personality"}],"summary":{"text":"저는 공동체 작업을 선호합니다. 왜냐하면 공동체 작업을 하는 게 궁극적으로 맞다고 생각하기 때문입니다. 혼자 일을 하다보면 간과할 부분이 많고, 위험에 빠질 수 있기 때문에 공동의 작업은 불가피합니다. 모든 것들을 볼 때, 그게 맞다고 생각합니다.","wordCount":34}}},"rawDataInfo":{"question":{"fileFormat":"wav","fileSize":538958,"duration":16840,"samplingBit":16,"channelCount":1,"samplingRate":"16kHz","audioPath":"/Mock/06.Design/Female/Experienced/ckmk_q_ard_f_e_111983.wav"},"answer":{"fileFormat":"wav","fileSize":2829518,"duration":88420,"samplingBit":16,"channelCount":1,"samplingRate":"16kHz","audioPath":"/Mock/06.Design/Female/Experienced/ckmk_a_ard_f_e_111983.wav"}}}