{"version":"1.0","dataSet":{"info":{"date":"20230116","occupation":"ARD","channel":"MOCK","place":"ONLINE","gender":"FEMALE","ageRange":"45-54","experience":"EXPERIENCED"},"question":{"raw":{"text":"어 지금까지 지원자님께서 협업을 하시면서 여러 가지 어려웠던 점들이 있으실 텐데요 그중에 기억에 남는 것과 또 그 어려움을 어떻게 해결하셨는지도 함께 말씀해 주시길 바랍니다","wordCount":24},"emotion":[],"intent":[]},"answer":{"raw":{"text":"지금까지 헙엽을 하면서 가장 힘들었던 부분은 당연히 사람과의 관계입니다. 일은 어떻게 쳐 나갈 수도 있고 해결할 수도 있고 도움을 요청해서 할 수도 있지만 어 사람과의 관계로 인해서 갈등이 비롯 일어났을 때는 그것을 어떻게 풀어야 될지 굉장히 고민이 되기도 합니다. 어 그래서 그 갈등의 가장 중심이 되는 부분은 당연히 의견 충돌입니다. 상대와 내가 서로 의견이 달라서 그것들을 어떻게 이해시킬 수 있는지 저는 상대방에게 충분한 설명을 해야 되는 거고 그 충분한 설명을 할 수 있는 이해할 수 있는 근거 자료를 빽단으로 많이 제작을 해서 보여줄 수 있는 방법밖에는 없습니다. 그것들로 인해서 제가 하는 업무 일 디자인 이런 것들이 상대방에게 분명히 충분하게 설득이 될 수 있다면 어 그거는 해결할 수 있는 방법이라고 생각합니다.","wordCount":110},"emotion":[],"intent":[{"text":"","expression":"","category":"attitude"}],"summary":{"text":"지금까지 협업을 하면서 가장 힘들었던 부분은 사람과의 관계입니다. 사람과의 관계로 인해서 갈등이 일어났을 때는 어떻게 풀어야 될지 고민이 되기도 합니다. 그 갈등의 가장 중심이 되는 부분은 당연히 의견 충돌입니다. 상대방에게 충분히 설득이 될 수 있다면 해결하는 방법이라고 생각합니다.","wordCount":38}}},"rawDataInfo":{"question":{"fileFormat":"wav","fileSize":512078,"duration":16000,"samplingBit":16,"channelCount":1,"samplingRate":"16kHz","audioPath":"/Mock/06.Design/Female/Experienced/ckmk_q_ard_f_e_269985.wav"},"answer":{"fileFormat":"wav","fileSize":2177358,"duration":68040,"samplingBit":16,"channelCount":1,"samplingRate":"16kHz","audioPath":"/Mock/06.Design/Female/Experienced/ckmk_a_ard_f_e_269985.wav"}}}