{"version":"1.0","dataSet":{"info":{"date":"20230116","occupation":"ARD","channel":"MOCK","place":"ONLINE","gender":"FEMALE","ageRange":"45-54","experience":"EXPERIENCED"},"question":{"raw":{"text":"지원자님께서는 과거에 프로젝트를 수행했던 경험이 있으신가요 어 프로젝트를 수행했던 경험이 있으시다면 어 해당 프로젝트 내에서 어떤 역할을 맡으셨는지 설명해 주시길 바랍니다","wordCount":21},"emotion":[],"intent":[]},"answer":{"raw":{"text":"제가 프로젝트를 수행했던 경험 중에 중요한 것이라면 학교 창립 팔십 주년 기념 연주회 프로젝트였습니다. 학교 창립 팔십 주년 기념 연주에는 교수님들과 학생들과 졸업한 선배들까지 총 동원돼서 이루어내는 큰 프로젝트였고 제가 거기에서 총무의 역할을 감당했었습니다. 연주자를 섭외하는 것부터 프로그램을 만드는 것과 또 그 연주를 홍보하는 것까지 굉장히 중요한 일을 맡아서 수행했었는데 정말 다양한 사람들과 다양한 시간에 만나서 일을 처리하느라고 많이 애를 애도 쓰고 힘들고 고생도 했지만 결과적으로 연주회가 성공적으로 맞춰졌을 때 굉장히 큰 보람을 느꼈었고 학교에 대해서 애교심도 더 생길 수 있었습니다. 일을 하는 데 있어서 제일 중요한 것이 사람이라는 생각도 그때 하게 되었습니다. 일 자체도 중요하지만 우리가 이 일을 통해서 서로 이해하고 서로 공통된 목표를 가지고 일하는 것이 얼마나 가치 있는 일인지 그 시간 동안에 많은 것을 깨달았고 제가 아주 성장하는데 큰 도움을 주었던 그런 프로젝트였다고 생각합니다.","wordCount":127},"emotion":[{"text":"연주자를 섭외하는 것부터 프로그램을 만드는 것과 또 그 연주를 홍보하는 것까지 굉장히 중요한 일을 맡아서 수행했었는데 정말 다양한 사람들과 다양한 시간에 만나서 일을 처리하느라고 많이 애를 애도 쓰고 힘들고 고생도 했지만 결과적으로 연주회가 성공적으로 맞춰졌을 때 굉장히 큰 보람을 느꼈었고 학교에 대해서 애교심도 더 생길 수 있었습니다.","expression":"p-achievement","category":"positive"}],"intent":[{"text":"","expression":"","category":"attitude"}],"summary":{"text":"프로젝트 수행 경험 중 중요한 것은 학교 창립 80주년 기념 연주회 프로젝트였습니다. 교수님들과 선배들까지 동원되어 큰 프로젝트였고 제가 총무 역할을 감당했었습니다. 연주회가 성공적으로 맞춰졌을 때 굉장히 큰 보람을 느꼈고 학교에 대한 애교심도 생겼습니다. 일을 하면서 제일 중요한 것이 사람이라는 생각도 했습니다.","wordCount":41}}},"rawDataInfo":{"question":{"fileFormat":"wav","fileSize":512078,"duration":16000,"samplingBit":16,"channelCount":1,"samplingRate":"16kHz","audioPath":"/Mock/06.Design/Female/Experienced/ckmk_q_ard_f_e_247825.wav"},"answer":{"fileFormat":"wav","fileSize":2525518,"duration":78920,"samplingBit":16,"channelCount":1,"samplingRate":"16kHz","audioPath":"/Mock/06.Design/Female/Experienced/ckmk_a_ard_f_e_247825.wav"}}}