{"version":"1.0","dataSet":{"info":{"date":"20230116","occupation":"ARD","channel":"MOCK","place":"ONLINE","gender":"FEMALE","ageRange":"35-44","experience":"EXPERIENCED"},"question":{"raw":{"text":"대학 생활을 보내면서 가장 힘들었던 경험은 무엇인가요 그것을 어떻게 극복하였는지 예시를 들어 말씀해 주십시오","wordCount":14},"emotion":[],"intent":[]},"answer":{"raw":{"text":"저는 등록금을 마련하는 게 가장 힘들었습니다. 집에서 저의 대학 등록금을 마련해 줄 형편이 되지 못했기 때문에 저는 대학 생활을 하면서 학업 이외에 계속 아르바이트를 병행하며 생활비를 벌어야 했었고 방학이 되면은 다른 동기들은 자기 스펙을 쌓기 위해 집중적으로 시간을 가졌었는데 저는 방학이 되면 등록금을 마련할 방법을 찾아서 돈을 구하러 다녀야 했습니다. 그리고 그 등록금을 마련하는 다는 그리고 그 등록금을 마련하는 것은 적은 액수가 아니었기 때문에 저의 쉴 수 있는 온전한 시간들을 다 할애했어야 했었고 어떤 여가라던지 여행 같은 것들 그리고 개인적인 공부 같은 것들을 많이 놓칠 수 밖에 없었습니다. 사실 중간에 그만두고 싶던 생각도 많았는데 어떤 오기가 생겨서 그래도 무사히 졸업을 하게 됐었습니다.","wordCount":102},"emotion":[],"intent":[{"text":"집에서 저의 대학 등록금을 마련해 줄 형편이 되지 못했기 때문에   저는 대학 생활을 하면서 학업 이외에 계속 아르바이트를 병행하며   생활비를 벌어야 했었고 방학이 되면은 다른 동기들은   자기 스펙을 쌓기 위해 집중적으로 시간을 가졌었는데 저는 방학이 되면   등록금을 마련할 방법을 찾아서 돈을 구하러 다녀야 했습니다.","expression":"c_private","category":"background"},{"text":"그리고 그 등록금을 마련하는 다는 그리고 그 등록금을 마련하는 것은   적은 액수가 아니었기 때문에 저의 쉴 수 있는 온전한 시간들을 다 할애했어야 했었고   어떤 여가라던지 여행 같은 것들 그리고 개인적인 공부 같은 것들을   많이 놓칠 수 밖에 없었습니다.","expression":"c_private","category":"background"},{"text":"사실 중간에 그만두고 싶던 생각도 많았는데   어떤 오기가 생겨서 그래도 무사히 졸업을 하게 됐었습니다.","expression":"c_private","category":"background"}],"summary":{"text":"저는 대학 등록금을 마련하는 게 가장 힘들었습니다. 아르바이트를 병행하며 생활비를 벌어야 했고, 방학이 되면 등록금을 마련할 방법을 찾아 돈을 구하러 다녀야 했습니다. 시간을 할애하느라 개인적인 공부 같은 것들을 많이 놓칠 수 밖에 없었지만 다행히 성공적으로 졸업을 하게 됐습니다.","wordCount":38}}},"rawDataInfo":{"question":{"fileFormat":"wav","fileSize":367118,"duration":11470,"samplingBit":16,"channelCount":1,"samplingRate":"16kHz","audioPath":"/Mock/06.Design/Female/Experienced/ckmk_q_ard_f_e_101878.wav"},"answer":{"fileFormat":"wav","fileSize":2641998,"duration":82560,"samplingBit":16,"channelCount":1,"samplingRate":"16kHz","audioPath":"/Mock/06.Design/Female/Experienced/ckmk_a_ard_f_e_101878.wav"}}}