{"version":"1.0","dataSet":{"info":{"date":"20230116","occupation":"ARD","channel":"MOCK","place":"ONLINE","gender":"FEMALE","ageRange":"55-","experience":"EXPERIENCED"},"question":{"raw":{"text":"창의성과 팀워크 중 더 중요한 것은 무엇이라고 생각하십니까 그 이유도 함께 말씀해 주세요","wordCount":13},"emotion":[],"intent":[]},"answer":{"raw":{"text":"음 조금 어려운데요. 음 저는 그래도 창의성이라고 생각합니다. 아 그러니까 조금 분리시켜서 생각을 해보니까 창의성은 기자 자체로서의 어떤 덕목이라고 할 수 있을 것 같구요. 팀워크는 어 기자 신분의 동료로서의 그런 소지해야 될 부분인 것 같습니다. 그까 창의성을 가져야지만 기자로서도 그렇고 어 일을 조금 더 효율성이 있고 조금 더 어 새로운 네 이전에 와는 다른 뭐 비슷한 어떤 뉴스를 뭐 이야깃거리를 알려드린다고 하더라도 더 조금 시야가 넓게 트이고 개방적인 어떤 정보들을 제가 안내를 해드릴 수가 있는 건데 단순히 팀워크만 먼저 중시하면 기존에 있는 것만 되풀이 하는 거라 오히려 그거는 네 중요와는 조금 거리가 멀지 않나 싶습니다.","wordCount":95},"emotion":[],"intent":[{"text":"","expression":"","category":"attitude"}],"summary":{"text":"창의성이란 기자 자체로서의 덕목이라고 할 수 있고, 팀워크는 기자 신분의 동료로서의 그런 소지해야 될 부분인 것 같습니다. 단순히 팀워크만 중시하면 기존에 있는 것을 되풀이 하는 거라 그것은 네 중요와는 조금 거리가 멉니다.","wordCount":32}}},"rawDataInfo":{"question":{"fileFormat":"wav","fileSize":299918,"duration":9370,"samplingBit":16,"channelCount":1,"samplingRate":"16kHz","audioPath":"/Mock/06.Design/Female/Experienced/ckmk_q_ard_f_e_111548.wav"},"answer":{"fileFormat":"wav","fileSize":2871118,"duration":89720,"samplingBit":16,"channelCount":1,"samplingRate":"16kHz","audioPath":"/Mock/06.Design/Female/Experienced/ckmk_a_ard_f_e_111548.wav"}}}