{"version":"1.0","dataSet":{"info":{"date":"20230116","occupation":"ARD","channel":"MOCK","place":"ONLINE","gender":"FEMALE","ageRange":"-34","experience":"EXPERIENCED"},"question":{"raw":{"text":"지원자님께서 앞으로 일을 진행하시면서 어떤 부분이 어려울 것이라고 예측하고 있는지 나중에 그 문제를 마주하게 되면 어떻게 해결하실지 말씀해 주세요","wordCount":19},"emotion":[],"intent":[]},"answer":{"raw":{"text":"일을 하면서 가장 어려운 부분은 아무래도 디자인 쪽이기 때문에 팀별 관에 소통이 가장 중요하다고 생각이 됩니다. 이 가장 중요한 요소가 또 가장 어려운 요소가 될 수 있다고 생각이 드는데요. 간혹 사람들 중에 자신의 생각이 정말 확고한 사람이 있습니다. 그래서 그것만을 강하게 이야기하시는 분이 있는데 거기에 대해서 저는 일단 그 사람 입장을 한 번 이해할 것 같습니다. 이 사람이 이렇게 강하게 얘기하는 거는 이상하 람의 생활 습관이라던지 살아왔던 경험에 빗대서 이렇게 이야기를 하는구나 이렇게 하면 잘 해결됐으니까 하지만 또 이 입장에서는 이렇게 하면은 문제가 생길 수 있으니 여기에 장점과 그리고 또 다른 장점을 이렇게 용화시켜서 잘 해결해 봐야겠다 이런 마음가짐으로 이야기를 한 번 해볼 것 같습니다. 아무래도 제 의견만을 고집을 한다면 서로 서로 부딪치는 경우가 있을 것 같아서요. 이 분의 먼저 이야기를 듣고 거기에 공감을 하고 제 이야기를 건네서 거기에서 잘 융합될 수 있게끔 노력하겠다 라고 말씀을 드릴 수 있을 거 같습니다.","wordCount":141},"emotion":[],"intent":[{"text":"","expression":"","category":"attitude"}],"summary":{"text":"디자인 일을 하면서 팀별 관에 소통이 가장 중요하다고 생각합니다. 의견만을 고집한다면 서로 부딪칠 수 있으니 이 분의 이야기를 듣고 공감을 하고 제 이야기를 건네서 거기에서 잘 융합될 수 있도록 노력하겠습니다.","wordCount":30}}},"rawDataInfo":{"question":{"fileFormat":"wav","fileSize":414158,"duration":12940,"samplingBit":16,"channelCount":1,"samplingRate":"16kHz","audioPath":"/Mock/06.Design/Female/Experienced/ckmk_q_ard_f_e_187566.wav"},"answer":{"fileFormat":"wav","fileSize":2302798,"duration":71960,"samplingBit":16,"channelCount":1,"samplingRate":"16kHz","audioPath":"/Mock/06.Design/Female/Experienced/ckmk_a_ard_f_e_187566.wav"}}}