{"version":"1.0","dataSet":{"info":{"date":"20230116","occupation":"ARD","channel":"MOCK","place":"ONLINE","gender":"FEMALE","ageRange":"-34","experience":"EXPERIENCED"},"question":{"raw":{"text":"지원자님께서 그동안 속해 있었던 조직이나 단체에서 주로 어떤 역할을 맡는 사람이었는지 궁금합니다 어 본인이 어떤 사람이었는지에 대해서 말씀해 주세요","wordCount":19},"emotion":[],"intent":[]},"answer":{"raw":{"text":"저는 주로 리더라기보다는 이 사람들의 의견을 듣고 조율하는 역할을 했다고 말씀드릴 수 있을 것 같습니다. 내 주장만을 가지고 이 사람들을 인솔하고 통솔하는 능력도 굉장히 중요하다고 생각이 듭니다. 하지만 그 안에서 팀원들과 함께 지내고 이들의 이야기를 세세하게 들어주는 사람은 그렇게 많지 않았다 라는 생각이 드는데요. 저는 그 그래서 그쪽 부분에서는 어찌보면은 음 함께 나아가게 바라는 그리고 이 사람들의 의견을 최대한 수렴하려고 해서 분위기를 잘 맞추어 갈려 하는 그런 사람이었다 리더보다는 팔로워 형에 강했다 라고 말씀드릴 수 있을 것 같고 실제로 제가 있었던 부분 부분 분야에서도 제가 그런 역할을 함으로써 굉장히 긍정적으로 끝났던 것 같습니다. 그러기 위해서는 리더님이랑도 어느 정도의 쿵짝이 맞았어야 되는데요. 다행히도 저의 화법이라든지 아니면 저의 성향으로 인해서 다른 문제는 없었었고 다 그런 프로젝트라든지 그런 협업 했던 것들은 잘 끝났다 라고 말씀드릴 수 있을 것 같습니다.","wordCount":126},"emotion":[],"intent":[{"text":"","expression":"","category":"attitude"}],"summary":{"text":"저는 주로 리더보다는 팔로워형에 강해 사람들과의 의견을 조율하는 역할을 했습니다. 실제로 제가 있었던 분야에서도 그런 역할을 함으로써 굉장히 긍정적으로 끝났던 것 같습니다.","wordCount":22}}},"rawDataInfo":{"question":{"fileFormat":"wav","fileSize":522318,"duration":16320,"samplingBit":16,"channelCount":1,"samplingRate":"16kHz","audioPath":"/Mock/06.Design/Female/Experienced/ckmk_q_ard_f_e_187810.wav"},"answer":{"fileFormat":"wav","fileSize":2349518,"duration":73420,"samplingBit":16,"channelCount":1,"samplingRate":"16kHz","audioPath":"/Mock/06.Design/Female/Experienced/ckmk_a_ard_f_e_187810.wav"}}}