{"version":"1.0","dataSet":{"info":{"date":"20230116","occupation":"ARD","channel":"MOCK","place":"ONLINE","gender":"FEMALE","ageRange":"-34","experience":"EXPERIENCED"},"question":{"raw":{"text":"만약 상사가 업무와 무관한 일을 시켜도 잘 수행하실 자신이 있나요 아니면 솔직하게 수행하지 않으실 것인지 말씀해 주세요","wordCount":17},"emotion":[],"intent":[]},"answer":{"raw":{"text":"네 저는 상황에 따라서 행동할 것 같은데요. 제가 어느정도 상사분이랑 친분이 있고 그리고 어느 정도 내가 할 수 있는 일이라고 하면은 네 수행을 할 것 같습니다. 그런데 만약에 내가 지금 회사 프로젝트 큰 것을 맡고 있다 그리고 지금 할 수 없는 상황에서 전혀 무관한 예를 들어서 커피 심부름이라든지 아니면은 뭐 세탁소에 내 옷이 찾아와라 이런 것을 시키다면 수행을 하지 않을 것입니다. 왜냐하면 저는 결국 회사의 소속이고요 상사님한테 도움을 받은 것도 분명히 있을 테지만 결국 저는 이 회사의 결과물에 대해서 일을 하고 그리고 이 회사의 성장을 맡고 있는 일원이라고 생각하기 때문입니다. 내가 시간이 되고 내가 여건이 되면 들어주는 게 맞는 것이지 내가 만약에 회사에 일을 하고 있는데 거기에다가 본인의 일을 하라 라고 한다면 이것은 크게 봤었을 때 회사에도 손해라고 생각을 해서요 그런 거에 대해서는 이 못한다고 솔직하게 이야기를 할 것 같습니다. 하지만 제가 앞전에도 얘기해 드렸듯이 상황에 따라 유도리있게 제가 할 수 있는 상황에서는 네 잘 수행할 것 같습니다.","wordCount":148},"emotion":[],"intent":[{"text":"","expression":"","category":"attitude"}],"summary":{"text":"저는 어느 정도 상사분이랑 친분이 있고 어느 정도 할 수 있는 일이라고 하면은 수행을 할 것 같습니다. 그런데 만약 제가 회사 프로젝트 큰 것을 맡고 있다 그리고 할 수 없는 상황에서 전혀 무관한 것을 시키다면 수행을 하지 않을 것입니다. 하지만 상황에 따라 유도리있게 제가 할 수 있 있는 상황에서는 잘 수행할 것입니다.","wordCount":52}}},"rawDataInfo":{"question":{"fileFormat":"wav","fileSize":600398,"duration":18760,"samplingBit":16,"channelCount":1,"samplingRate":"16kHz","audioPath":"/Mock/06.Design/Female/Experienced/ckmk_q_ard_f_e_188148.wav"},"answer":{"fileFormat":"wav","fileSize":2321998,"duration":72560,"samplingBit":16,"channelCount":1,"samplingRate":"16kHz","audioPath":"/Mock/06.Design/Female/Experienced/ckmk_a_ard_f_e_188148.wav"}}}