{"version":"1.0","dataSet":{"info":{"date":"20230116","occupation":"ARD","channel":"MOCK","place":"ONLINE","gender":"FEMALE","ageRange":"-34","experience":"EXPERIENCED"},"question":{"raw":{"text":"지원자분이 디자이너로서 가지고 있는 앞으로의 목표가 있습니까 목표가 있다면 그것에 관해 설명 부탁드립니다","wordCount":13},"emotion":[],"intent":[]},"answer":{"raw":{"text":"디자이너로 가지고 있는 저의 목표는 일단 모든 사람들이 편리하게 쓰는 것을 만들고 싶다 입니다. 사실 우리는 그런 디자인적이라고 하면은 굉장히 예쁘고 그리고 그냥 아기자기한 거에 초점이 맞춰져 있는데요. 저는 누구나 썼을 때 편리하게 사용할 수 있는 그러한 제품들을 만들어보고 싶습니다. 예를 들어서 먹을 것 같은 경우에도 예 뜨거우니까 손에 데이지 말라고 정말 자그마한 손잡이 하나를 만들었는데 누구나 잘 사용하고 있잖아요. 이것은 장애인 비장애인 남녀 노소 성별 가리지 않고 잘 쓰여지고 있는 디자인 요소 중의 하나라고 생각이 듭니다. 저는 그래서 그런 장애인이나 비장애인들 그리고 뭐 한국인 뿐만 아니라 외국인들이 모두 다 편리하게 사용할 수 있는 그런 디자인 제품을 만들고 싶어서 그런 해외적인 사례도 많이 보고 평소에 살면서 어떤 것들이 불편하지는 않은지 아니면 불편한 데 내가 그냥 모른 척 넘어간 게 있는지 한 번 더 확인을 하는 편이고요. 그래서 이것은 언제가 될지는 모르겠지만 후에 저는 이런 디자인적으로 도움이 되는 걸 만들어서 뭐 공모전이라든지 아니면 그런 사업 계획으로 제출해 볼 생각이 있습니다.","wordCount":149},"emotion":[{"text":"디자이너로 가지고 있는 저의 목표는 일단 모든 사람들이 편리하게 쓰는 것을 만들고 싶다 입니다.","expression":"p-interest","category":"positive"},{"text":"저는 누구나 썼을 때 편리하게 사용할 수 있는 그러한 제품들을 만들어보고 싶습니다.","expression":"p-interest","category":"positive"}],"intent":[{"text":"저는 그래서 그런 장애인이나 비장애인들 그리고 뭐 한국인 뿐만 아니라 외국인들이 모두 다 편리하게 사용할 수 있는 그런 디자인 제품을 만들고 싶어서 그런 해외적인 사례도 많이 보고 평소에 살면서 어떤 것들이 불편하지는 않은지 아니면 불편한 데 내가 그냥 모른 척 넘어간 게 있는지 한 번 더 확인을 하는 편이고요.","expression":"d_dgn_proc","category":"technology"}],"summary":{"text":"디자이너로서 저의 목표는 모든 사람들이 편리하게 쓸 수 있는 제품을 만드는 것입니다. 그래서 장애인이나 비장애인들 그리고 외국인들이 모두 편리하게 사용할 수 있는 디자인 제품을 만들고 싶습니다. 그래서 해외적인 사례도 많이 보고 확인합니다. 나중에 디자인적으로 도움이 되는 걸 만들어서 공모전이나 사업 계획으로 제출해 볼 생각이 있습니다.","wordCount":45}}},"rawDataInfo":{"question":{"fileFormat":"wav","fileSize":345678,"duration":10800,"samplingBit":16,"channelCount":1,"samplingRate":"16kHz","audioPath":"/Mock/06.Design/Female/Experienced/ckmk_q_ard_f_e_188150.wav"},"answer":{"fileFormat":"wav","fileSize":2550158,"duration":79690,"samplingBit":16,"channelCount":1,"samplingRate":"16kHz","audioPath":"/Mock/06.Design/Female/Experienced/ckmk_a_ard_f_e_188150.wav"}}}