{"version":"1.0","dataSet":{"info":{"date":"20230116","occupation":"ARD","channel":"MOCK","place":"ONLINE","gender":"FEMALE","ageRange":"45-54","experience":"EXPERIENCED"},"question":{"raw":{"text":"질문 드리겠습니다 동물 실험이 인간에게 주는 이익에 대해서 말씀해 보세요 그리고 동물 실험에 대한 지원자님의 생각도 말씀해 주세요","wordCount":18},"emotion":[],"intent":[]},"answer":{"raw":{"text":"동물 실험이 인간한테 이익을 준다는 그 관점 자체가 저는 인간이 하고 있는 큰 착각인 부분이라고 생각을 하고요. 동물 실험은 절대적으로 사라져야 하는 부분이라고 생각합니다. 일단 동물 실험을 통해서 만약에 저희가 얻을 수 있는 것들 있잖아요. 그거는 이미 예전에 했던 것들로 충분하다고 생각을 하고 있어요. 그래서 뭐 지금 제가 살고 있는 이 시대에서 굳이 그것들을 음 고집해야 되는 이유는 없다고 생각합니다. 어 약간 트렌드처럼 최근에는 이제 그 동물 실험을 지양하는 어 그런 기업들 그까 어 그 실험을 주도하는 단체들 그런 데서 이제 그것들을 많이 안 하고자 하잖아요. 근데 사실은 비용적인 면에서도 그거를 원하는 데가 있다고 생각을 하거든요 아직도. 그런데 이거는 각자의 어떤 가치관의 차이를 떠나서 저희가 어쨌든 어 이 정도의 기술을 끌어올린 인간들이라면 이제는 그거는 그만해야 한다고 생각합니다.","wordCount":117},"emotion":[],"intent":[{"text":"","expression":"","category":"attitude"}],"summary":{"text":"동물 실험이 인간에게 이익을 준다는 것은 인간이 하고 있는 큰 착각이라고 생각합니다. 동물 실험을 통해서 얻을 수 있는 것은 예전에 했던 것들로 충분하다고 생각하므로 굳이 그것들을 고집할 이유는 없다고 생각합니다. 이 정도의 기술을 끌어올린 인간들이라면 이제는 그만해야 한다고 생각합니다","wordCount":39}}},"rawDataInfo":{"question":{"fileFormat":"wav","fileSize":552398,"duration":17260,"samplingBit":16,"channelCount":1,"samplingRate":"16kHz","audioPath":"/Mock/06.Design/Female/Experienced/ckmk_q_ard_f_e_156679.wav"},"answer":{"fileFormat":"wav","fileSize":2739918,"duration":85620,"samplingBit":16,"channelCount":1,"samplingRate":"16kHz","audioPath":"/Mock/06.Design/Female/Experienced/ckmk_a_ard_f_e_156679.wav"}}}