{"version":"1.0","dataSet":{"info":{"date":"20230116","occupation":"ARD","channel":"MOCK","place":"ONLINE","gender":"FEMALE","ageRange":"45-54","experience":"EXPERIENCED"},"question":{"raw":{"text":"어떤 문제에 부딪쳤을 때 혼자 해결하는 편이실까요 아니면 여러 사람들에게 이야기를 해서 해결하는 편이실까요","wordCount":14},"emotion":[],"intent":[]},"answer":{"raw":{"text":"어 저는 어떤 어려움이나 문제에 부딪쳤을 때 기본적으로 먼저 혼자 해결하려고 하는 것 같습니다. 어 혼자 일단 그 문제가 왜 발생을 했고 앞으로 어떻게 해야 해결이 가능할지에 대해서 생각을 해보는 것 같습니다. 어 그리고 나서 어떤 방식으로 제가 이거를 혼자 해결할 지를 먼저 고민을 하게 되는 것 같은데요. 하지만 혼자 해결을 모두 하려다 보면은 어려움이 있거나 아니면 다 하지 못하는 경우가 있습니다. 이제 그럴 때는 다른 사람에게 얘기를 해서 또 적극적으로 도움을 요청하는 편인데요. 또 사람들과 이야기를 하고 해결 방법을 찾다보면 자연스럽게 그 문제가 해결되는 경우가 있을 것 같습니다. 아 따라서 저는 그 문제가 어떤 문제고 혼자 해결해야 할 문제인지 아니면 여러 사람이 같이 해결해야 될 문제인지에 대해서 먼저 판단이 필요할 것 같습니다. 그 판단이 서면 그때 방식에 따라서 지혜롭고 유연하게 해결해 나갈 수 있을 것 같습니다. 어 제가 입사 이후에 여러 가지 문제가 부딪친다고 하더라도 또 저만의 방식을 통해서 잘 해결하고 이겨내도록 하겠습니다.","wordCount":144},"emotion":[],"intent":[{"text":"","expression":"","category":"attitude"}],"summary":{"text":"저는 어떤 문제에 부딪쳤을 때 기본적으로 혼자 해결하려고 하는데, 혼자 해결을 다 하다 보면 어려움이 있거나 다 하지 못하는 경우가 있습니다. 그래서 그 문제가 혼자 해결해야 할 문제인지, 여러 사람이 같이 해결해야 될 문제 인지에 대한 판단이 필요합니다. 그 판단이 서면 그때 방식에 따라서 지혜롭고 유연하게 해결해 나갈 수 있을 것 같습니다.","wordCount":52}}},"rawDataInfo":{"question":{"fileFormat":"wav","fileSize":481358,"duration":15040,"samplingBit":16,"channelCount":1,"samplingRate":"16kHz","audioPath":"/Mock/06.Design/Female/Experienced/ckmk_q_ard_f_e_108140.wav"},"answer":{"fileFormat":"wav","fileSize":2492238,"duration":77880,"samplingBit":16,"channelCount":1,"samplingRate":"16kHz","audioPath":"/Mock/06.Design/Female/Experienced/ckmk_a_ard_f_e_108140.wav"}}}