{"version":"1.0","dataSet":{"info":{"date":"20230116","occupation":"ARD","channel":"MOCK","place":"ONLINE","gender":"FEMALE","ageRange":"55-","experience":"EXPERIENCED"},"question":{"raw":{"text":"어 우리 회사는 일을 하다 보면 본인이 원하지 않더라도 다른 지역에서 업무 전출을 갈 수가 있습니다 이럴 경우에 본인이 어떻게 대처를 하실 거며 타 지역에서도 직무 수행이 가능한지 말씀을 해 보시죠","wordCount":31},"emotion":[],"intent":[]},"answer":{"raw":{"text":"어 네 너무나 가능합니다. 왜냐하면 저는 기자이기 때문에 이게 뭐 물어보나 마나 왜 물어 봐 보시는 건가 싶을 정도로 기자에게 어떤 고정적인 꼭 특정한 지역에서만 제가 뭐 취재를 해야 되는 건 아니니까요. 오히려 여기저기 이 정말 홍길동처럼 동에 번쩍 서에 번쩍 하면서 제가 취재할 거리가 있는 거라면 그렇게 다녀야 되기 때문에 너무나 가능하고 어 회사의 위치 회사에 그 바뀌는 근무지가 바뀌는 거냐 그러셔도 무방합니다. 네 해외에 나가도 상관없습니다. 특파원으로 나가도 전혀 상관이 없고 또 그러면 그 제가 간 그 국가에 여러 가지 뭐 문화든 뭐 정치든 아니면 그 그 나라를 중심으로 한 세계 이슈 등 여러 가지들을 제가 또 네 취재를 해서 파악을 해서 알려드릴 수 있게 소개할 수 있게 하는 기회가 될 거기 때문에 저는 어디든 상관이 없습니다.","wordCount":119},"emotion":[],"intent":[{"text":"","expression":"","category":"attitude"}],"summary":{"text":"저는 기자이기 때문에 특정 지역에서만 취재를 하는 게 아니니까 근무지가 바뀌거나 해외에 나가도 상관없습니다. 취재를 해서 알려드릴 수 있는 기회가 될 수 있기 때문에 어디든 상관이 없습니다.","wordCount":27}}},"rawDataInfo":{"question":{"fileFormat":"wav","fileSize":598478,"duration":18700,"samplingBit":16,"channelCount":1,"samplingRate":"16kHz","audioPath":"/Mock/06.Design/Female/Experienced/ckmk_q_ard_f_e_111546.wav"},"answer":{"fileFormat":"wav","fileSize":2693518,"duration":84170,"samplingBit":16,"channelCount":1,"samplingRate":"16kHz","audioPath":"/Mock/06.Design/Female/Experienced/ckmk_a_ard_f_e_111546.wav"}}}