{"version":"1.0","dataSet":{"info":{"date":"20230116","occupation":"ARD","channel":"MOCK","place":"ONLINE","gender":"FEMALE","ageRange":"45-54","experience":"EXPERIENCED"},"question":{"raw":{"text":"만약 타 부서와 갈등이 생긴다면 어떻게 해결하실 생각인가요 상황을 가정하고 말씀해 주세요","wordCount":12},"emotion":[],"intent":[]},"answer":{"raw":{"text":"만약 타 부서와 갈등 상황이 발생한다면 저는 우리 부서의 이익을 먼저 챙겨보겠습니다. 제가 개인이라면 갈등 상황에서 양보를 하거나 그 사람들의 요구사항을 들어줘서 해결하는 방법을 선택하겠지만 회사에서의 타 부서와의 갈등 상황은 제 개인의 일만은 아니기 때문에 부원들의 이익을 생각해야 한다고 생각합니다. 그리고 타 부서와의 갈등 상황은 분명히 업무 처리에 있어서 그런 이해관계로 발생하는 경우들이 많기 때문에 우리 부서의 이익을 생각하고 앞으로의 업무 효율성을 위해서 타 부서의 갈등 상황이 발생한다면 전 우리 부서에 이익을 먼저 생각하고 이익이 추구하는 쪽으로 문제를 해결하도록 할 것입니다.","wordCount":81},"emotion":[],"intent":[{"text":"","expression":"","category":"attitude"}],"summary":{"text":"업무 효율성을 위해서 타 부서와의 갈등 상황이 발생한다면 우리 부서의 이익을 먼저 생각하고 이익이 추구하는 쪽으로 문제를 해결하도록 할 것입니다. 이는 개인의 일만은 아니기 때문에 부원들의 이익을 생각해야 한다고 생각합니다.","wordCount":30}}},"rawDataInfo":{"question":{"fileFormat":"wav","fileSize":391758,"duration":12240,"samplingBit":16,"channelCount":1,"samplingRate":"16kHz","audioPath":"/Mock/06.Design/Female/Experienced/ckmk_q_ard_f_e_178434.wav"},"answer":{"fileFormat":"wav","fileSize":1840398,"duration":57510,"samplingBit":16,"channelCount":1,"samplingRate":"16kHz","audioPath":"/Mock/06.Design/Female/Experienced/ckmk_a_ard_f_e_178434.wav"}}}