{"version":"1.0","dataSet":{"info":{"date":"20230116","occupation":"ARD","channel":"MOCK","place":"ONLINE","gender":"FEMALE","ageRange":"45-54","experience":"EXPERIENCED"},"question":{"raw":{"text":"지원자님께서 지금 머릿속에 그리시기에 자신의 노년 모습이 어떤 모습이었으면 좋겠는지 얘기해 주시면 좋겠습니다 자신이 그리고 있는 이상적인 본인의 노년 모습에 대해서 얘기해 주세요","wordCount":23},"emotion":[],"intent":[]},"answer":{"raw":{"text":"제가 생각하는 제 이상적인 노년의 모습은 좀 지혜로운 인자한 할머니 였으면 좋겠습니다. 편하게 경제적인 이제 자유를 얻었으면 좋겠구요. 그로 인해서 여행도 하고 취미 생활도 하면서 그리고 세상을 살아가는 지혜를 가진 사람이 되어 있기를 희망합니다. 나이가 들었을 때 제가 경험을 통해서 저보다 어린 사람들이 저에게 어떤 세상의 지혜를 구했을 때 주저하지 않고 제 경험을 에 비춰서 지혜를 줄 수 있는 그런 사람이고 싶습니다.","wordCount":62},"emotion":[],"intent":[{"text":"","expression":"","category":"attitude"}],"summary":{"text":"제가 생각하는 이상적인 노년의 모습은 지혜로운 인자한 할머니이고 자유롭게 경제적 자유를 얻었으면 좋겠습니다. 그리고 지혜로운 사람이 되어 있기를 희망합니다.","wordCount":19}}},"rawDataInfo":{"question":{"fileFormat":"wav","fileSize":570958,"duration":17840,"samplingBit":16,"channelCount":1,"samplingRate":"16kHz","audioPath":"/Mock/06.Design/Female/Experienced/ckmk_q_ard_f_e_176992.wav"},"answer":{"fileFormat":"wav","fileSize":1414798,"duration":44210,"samplingBit":16,"channelCount":1,"samplingRate":"16kHz","audioPath":"/Mock/06.Design/Female/Experienced/ckmk_a_ard_f_e_176992.wav"}}}