{"version":"1.0","dataSet":{"info":{"date":"20230116","occupation":"ARD","channel":"MOCK","place":"ONLINE","gender":"FEMALE","ageRange":"45-54","experience":"EXPERIENCED"},"question":{"raw":{"text":"동물 실험이 인간에게 주는 이익에 대해서 말씀해 주시고 동물 실험에 대한 본인의 생각도 함께 말씀해 주세요","wordCount":16},"emotion":[],"intent":[]},"answer":{"raw":{"text":"사실 동물 실험은 인간의 안전을 위한다는 명목하에 이루어집니다. 하지만 그 정확성이 떨어질 뿐만 아니라 불필요한 동물들의 희생이 너무 많다고 생각합니다. 동물 실험을 당연히 여기는 관점은 인간과 동물의 기능이 유사한다는 것으로 보지만 기능의 유사성에도 수행 메커니즘이 종마다 전혀 다르기 때문에 결국 인간에게 적용 가능한지는 인간을 대상으로 한 실험에서만 가능합니다. 따라서 동물 실험의 의미가 없어지게 된다는 뜻이기도 합니다. 최근 에프디에이 연구 결과에 따르면 동물 실험을 통해 효과를 확인한 약물이라고 해도 구십 퍼센트 이상이 인체 대상 임상 실험을 통과하지 못한다고 합니다. 또한 동물 실험의 부작용으로 인한 알 수 없는 바이러스의 출현 인간을 위한 연구가 인간을 위협하는 연구가 되고 있습니다. 따라서 저는 인간을 위한다는 명목하에 무차별적으로 희생되고 있는 직접적이고 잔인한 동물 실험보다는 인공지능을 기반으로 한 대체 실험 방법을 더욱 개발하여 이를 통해 연구가 되어야 한다고 생각합니다.","wordCount":122},"emotion":[],"intent":[{"text":"","expression":"","category":"attitude"}],"summary":{"text":"인간에게 적용 가능한지는 인간을 대상으로 한 실험에서만 가능하기 때문에, 동물 실험은 인간의 안전을 위한다는 명목하에 이루어집니다. 따라서 직접적이고 잔인한 동물 실험보다는 인공지능을 기반으로 한 대체 실험 방법을 더욱 개발하여 이를 통해 연구가 되어야 한다고 생각합니다.","wordCount":35}}},"rawDataInfo":{"question":{"fileFormat":"wav","fileSize":332878,"duration":10400,"samplingBit":16,"channelCount":1,"samplingRate":"16kHz","audioPath":"/Mock/06.Design/Female/Experienced/ckmk_q_ard_f_e_271633.wav"},"answer":{"fileFormat":"wav","fileSize":2965518,"duration":92670,"samplingBit":16,"channelCount":1,"samplingRate":"16kHz","audioPath":"/Mock/06.Design/Female/Experienced/ckmk_a_ard_f_e_271633.wav"}}}