{"version":"1.0","dataSet":{"info":{"date":"20230116","occupation":"ARD","channel":"MOCK","place":"ONLINE","gender":"FEMALE","ageRange":"45-54","experience":"EXPERIENCED"},"question":{"raw":{"text":"어 대학에서 배운 지원자님의 전공 과목 중에 가장 기억에 남는 과목을 한 가지만 골라서 어 어떤 점이 가장 기억에 남는지 설명해 주시길 바랍니다","wordCount":23},"emotion":[],"intent":[]},"answer":{"raw":{"text":"저는 사회학을 전공했습니다. 그중에서 가족 사회학이라는 것이 요즘에 와서 많이 생각이 납니다. 그때는 재미있게 공부한 분야는 아니었는데 가족 사회학을 통해서 제가 느꼈던 것은 가족의 형태가 요즘 현대처럼 많이 변화되리라고 생각하지 않았기 때문에 가족의 중요성에 대해서 그렇게 많은 부분을 느끼지 못했습니다. 그러나 지금이 가족의 형태가 너무나도 많이 세분화되고 달라졌기 때문에 가족이 혈연으로서만이 가족이 아니라 사회 전체를 이루어서 가족의 개념으로 발전시킬 수 있는 가족 사회학에 대해서 매우 기억에 남는 부분이라고 생각합니다.","wordCount":69},"emotion":[{"text":"저는 사회학을 전공했습니다.","expression":"u-fact","category":"neutral"}],"intent":[{"text":"","expression":"","category":"attitude"}],"summary":{"text":"가족 사회학을 통해 가족의 중요성은 크게 느끼지 못했습니다. 그러나 지금이 가족의 형태가 많이 세분화되고 달라졌기에 혈연만이 아니라 사회 전체를 이루어 가족의 개념으로 발전시킬 수 있다고 생각합니다.","wordCount":26}}},"rawDataInfo":{"question":{"fileFormat":"wav","fileSize":496718,"duration":15520,"samplingBit":16,"channelCount":1,"samplingRate":"16kHz","audioPath":"/Mock/06.Design/Female/Experienced/ckmk_q_ard_f_e_264245.wav"},"answer":{"fileFormat":"wav","fileSize":2144078,"duration":67000,"samplingBit":16,"channelCount":1,"samplingRate":"16kHz","audioPath":"/Mock/06.Design/Female/Experienced/ckmk_a_ard_f_e_264245.wav"}}}