{"version":"1.0","dataSet":{"info":{"date":"20230116","occupation":"ARD","channel":"MOCK","place":"ONLINE","gender":"FEMALE","ageRange":"35-44","experience":"EXPERIENCED"},"question":{"raw":{"text":"지원자님께서는 혹시 매일 공부하는 분야가 따로 있나요 있다면 공부하는 이유를 함께 설명해 주세요","wordCount":13},"emotion":[],"intent":[]},"answer":{"raw":{"text":"저는 요즘에 어 수어를 공부를 하고 있습니다. 어 장애인 복지 쪽에 관심이 많고 주변에 제가 우연한 계기로 농인분들을 많이 만나게 돼서 그 사실 봉사적인 어떤 그런 거에 큰 목적은 아니었구요. 처음 시작하게 된 계기는 그 대화를 하고 싶어서였어요. 주변에 어떻게 하다 보니까 그런 분들하고 이제 연을 맺게 됐는데 사실은 어 청인 기준에서 생각했을 때 농인들과의 그 소통에서 굉장히 어려운 부분들이 많거든요. 그러니까 우리가 수어를 모르면 글로 쓸 수 있다고 생각을 할 수 있는데 사실 문자도 청인 기준에서의 언어 체계로 자리 잡힌 게 많기 때문에 농인분들이 또 그 문자 그대로 이해하는 게 쉽지는 않거든요. 그래서 대화를 할 때 진짜 외국인이랑 대화를 한다 라는 느낌처럼 한계가 되게 많았었어요. 그래서 아 수어를 배워야 내가 이 사람들과 대화할 수 있겠다. 왜냐하면 그 사람들은 말을 배울 수 없으니까 우리처럼 음성에 언어를. 그래서 요즘에 계속 매일 수어를 공부하고 있습니다.","wordCount":133},"emotion":[{"text":"그래서 요즘에 계속 매일 수어를 공부하고 있습니다.","expression":"u-fact","category":"neutral"}],"intent":[{"text":"","expression":"","category":"attitude"}],"summary":{"text":"저는 장애인 복지에 관심이 많고 농인분들과 대화를 하기 위해 수어를 공부하고 있습니다. 청인 기준으로 수어를 알면 글로 쓸 수 있다고 생각할 수 있지만 문자도 청인 기준의 언어 체계로 자리 잡힌 게 많기 때문에 농인분들이 문자 그대로 이해하는 게 쉽지 않습니다. 그래서 수어를 배워야 사람들과 대화할 수 있겠다는 생각을 했습니다.","wordCount":49}}},"rawDataInfo":{"question":{"fileFormat":"wav","fileSize":469838,"duration":14680,"samplingBit":16,"channelCount":1,"samplingRate":"16kHz","audioPath":"/Mock/06.Design/Female/Experienced/ckmk_q_ard_f_e_149212.wav"},"answer":{"fileFormat":"wav","fileSize":2783758,"duration":86990,"samplingBit":16,"channelCount":1,"samplingRate":"16kHz","audioPath":"/Mock/06.Design/Female/Experienced/ckmk_a_ard_f_e_149212.wav"}}}