{"version":"1.0","dataSet":{"info":{"date":"20230116","occupation":"ARD","channel":"MOCK","place":"ONLINE","gender":"FEMALE","ageRange":"-34","experience":"EXPERIENCED"},"question":{"raw":{"text":"전공 외에 자신이 수준급의 실력이 될 정도로 노력한 것이 있나요 만약에 있다면 전공과 관련해서 어떤 도움을 주는지도 궁금합니다","wordCount":18},"emotion":[],"intent":[]},"answer":{"raw":{"text":"전공 외 수준급 실력이 되는 거는 메이크업이 하나 있습니다. 예전부터 그 쪽으로 관심이 많아서 따로 학원에 다니며 공부했고 그걸로 자격증을 얻어서 일을 하기도 했었고요. 이러한 것은 어떻게 보면은 지금 저희가 하고 있는 이 업무랑 저는 미술대학교를 졸업했는데 전공과도 관련이 있었던 것 같습니다. 예를 들어서 메이크업도 그렇고 디자인 쪽으로도 그렇고 색채가 굉장히 알 많이 알고 있어야 합니다. 이 색과 이 색이 결합했을 때는 어떤 색이 더 예쁘게 나오는지 그리고 유행하는 것도 많이 봐야 된다 라는 말씀을 드릴 수 있을 거 같은데요. 디자인 같은 경우에도 우리는 항상 트렌드 컬러를 공부하곤 합니다. 메이크업도 마찬가지로 그런 트렌드를 알아야 그때 맞는 뭐 예를 들어 스모키라던지 세미스모키 혹은 투명 메이크업 등등의 다양한 그런 요소들을 소화할 수 있어야 되거든요. 그래서 막상 다르게 보면은 다르게 볼 수 있는 분야지만 디자인 예술 메이크업 이렇게 봤을 때는 내 비슷한 분야에서 저는 조금의 수준급 실력이 된다라고 말씀드릴 수 있을 것 같습니다.","wordCount":140},"emotion":[{"text":"예전부터 그 쪽으로 관심이 많아서 따로 학원에 다니며 공부했고 그걸로 자격증을 얻어서 일을 하기도 했었고요.","expression":"u-fact","category":"neutral"}],"intent":[{"text":"디자인 같은 경우에도 우리는 항상 트렌드 컬러를 공부하곤 합니다.","expression":"d_trendy","category":"technology"}],"summary":{"text":"메이크업은 전공 외 수준급 실력을 가지고 있는데, 미술대학교를 졸업했는데 전공과도 관련이 있었던 것 같습니다. 디자인 쪽도 트렌드 컬러를 공부하곤 하는데, 메이크업도 트렌드를 알아야 그때 맞는 다양한 요소들을 소화합니다. 그래서 디자인 예술 메이크업 이렇게 봤을 때는 제 비슷한 분야에서 조금의 수준급 실력이 된다라고 말씀드리겠습니다.","wordCount":43}}},"rawDataInfo":{"question":{"fileFormat":"wav","fileSize":373518,"duration":11670,"samplingBit":16,"channelCount":1,"samplingRate":"16kHz","audioPath":"/Mock/06.Design/Female/Experienced/ckmk_q_ard_f_e_187045.wav"},"answer":{"fileFormat":"wav","fileSize":2243918,"duration":70120,"samplingBit":16,"channelCount":1,"samplingRate":"16kHz","audioPath":"/Mock/06.Design/Female/Experienced/ckmk_a_ard_f_e_187045.wav"}}}