{"version":"1.0","dataSet":{"info":{"date":"20230116","occupation":"ARD","channel":"MOCK","place":"ONLINE","gender":"FEMALE","ageRange":"45-54","experience":"EXPERIENCED"},"question":{"raw":{"text":"스트레스를 해소하기 위한 지원자님만의 방법이 있으신가요 왜 그런 방법으로 스트레스를 해소하는지도 함께 답변 부탁드립니다","wordCount":14},"emotion":[],"intent":[]},"answer":{"raw":{"text":"저는 책을 읽습니다. 좀 스트레스가 쌓이면 서점에 가는 걸 좋아하구요. 서점에서 그냥 아무 책이나 읽습니다. 그냥 펴서 글자를 계속 읽는데 이유는 정확히 모르겠지만 제가 어려서부터 좀 활자를 봐야지 마음이 진정이 되는 그런 경험들이 많았었어요. 그래서 저도 모르게 스트레스가 쌓이면 뭔가 글자를 찾게 되는 경우가 많아서 사실은 내용적으로 머리에 막 들어온다기보다는 그냥 그거를 활자를 계속 읽는 거에 집중을 많이 하게 되는데 그러면 좀 아무 생각이 없어지는 경향이 있습니다. 그래서 스트레스가 많이 쌓였다 싶을 때는 그냥 뭐 집에서 있을 수 밖에 없는 상황인거면 뭐 기사를 좀 찾아본다던지 왜냐하면 또 봤던 텍스트를 읽으면 또 효과가 없더라구요. 그래서 좀 새로운 텍스트들을 많이 찾아다니는 편입니다.","wordCount":100},"emotion":[],"intent":[{"text":"","expression":"","category":"attitude"}],"summary":{"text":"스트레스만 쌓이면 서점에 가서 글자를 읽습니다. 스트레스 쌓일 때는 글자를 읽는 것에 집중하게 되면서 생각이 없어지는 경향이 있습니다. 그래서 스트레스가 많이 쌓였을 때는 새로운 텍스트들을 많이 찾아다니는 편입니다.","wordCount":28}}},"rawDataInfo":{"question":{"fileFormat":"wav","fileSize":509198,"duration":15910,"samplingBit":16,"channelCount":1,"samplingRate":"16kHz","audioPath":"/Mock/06.Design/Female/Experienced/ckmk_q_ard_f_e_148562.wav"},"answer":{"fileFormat":"wav","fileSize":1866318,"duration":58320,"samplingBit":16,"channelCount":1,"samplingRate":"16kHz","audioPath":"/Mock/06.Design/Female/Experienced/ckmk_a_ard_f_e_148562.wav"}}}