{"version":"1.0","dataSet":{"info":{"date":"20230116","occupation":"ARD","channel":"MOCK","place":"ONLINE","gender":"FEMALE","ageRange":"-34","experience":"EXPERIENCED"},"question":{"raw":{"text":"다른 많은 지원자 분들이 있는데 이와 같은 많은 지원자 분들 가운데 지금 이 지원자 분께서 가지고 계신 차별성 그리고 장점을 어필할 수 있다고 한다면 뭐라고 이야기하실지 궁금합니다","wordCount":27},"emotion":[],"intent":[]},"answer":{"raw":{"text":"차별성 장점 어 전 잘 모르겠는데 저를 제가 뭐가 있는지. 이런 것도 차별성일까요 저를 잘 모르는 거. 문제인 거 같은데 차별 차별적이면서 단점인 거 같은데 어떡하지. 음 여전히 오래 좋아하는 거 제 업무를 제 직업을 그리고 궁금한 게 많은 거가 너무 다 가지고 있는 부분이긴 해서 궁금한 게 정말 궁금하면 어 실행하는 거 그 궁금함을 해소하려고 그건 장점인 거 같애요. 네 어 대부분의 아이디어가 비슷하게 발생될 수 있다고 생각해서 제가 떠오른 아이디어도 다른 누군가가 떠올르고 그걸 만들 때까지 기다려보기도 하구요 궁금해서. 근데 또 시간 싸움이라 그냥 제 생각을 얼른 무대화하고 싶으면 작업을 시작합니다. 차별성일 거 같애요 이게 그렇습니다.","wordCount":98},"emotion":[],"intent":[{"text":"음 여전히 오래 좋아하는 거 제 업무를 제 직업을 그리고 궁금한 게 많은 거가 너무 다 가지고 있는 부분이긴 해서 궁금한 게 정말 궁금하면 어 실행하는 거 그 궁금함을 해소하려고 그건 장점인 거 같애요.","expression":"c_person","category":"background"}],"summary":{"text":"저는 잘 모르겠지만 저는 어떤 점이 차별성인지 알고 싶습니다. 아 그리고 궁금한 것이 있으면 실행하는 것이 장점인 것 같습니다. 아이디어가 비슷하게 발생할 수 있다고 생각해서 누군가 떠올릴 때까지 기다려보는 것도 차별성입니다.","wordCount":31}}},"rawDataInfo":{"question":{"fileFormat":"wav","fileSize":661838,"duration":20680,"samplingBit":16,"channelCount":1,"samplingRate":"16kHz","audioPath":"/Mock/06.Design/Female/Experienced/ckmk_q_ard_f_e_188979.wav"},"answer":{"fileFormat":"wav","fileSize":2919758,"duration":91240,"samplingBit":16,"channelCount":1,"samplingRate":"16kHz","audioPath":"/Mock/06.Design/Female/Experienced/ckmk_a_ard_f_e_188979.wav"}}}