{"version":"1.0","dataSet":{"info":{"date":"20230116","occupation":"ARD","channel":"MOCK","place":"ONLINE","gender":"FEMALE","ageRange":"-34","experience":"EXPERIENCED"},"question":{"raw":{"text":"시험 기간 같이 시간이 촉박할 때 어떻게 시간 관리를 하셨습니까 지원자님의 시간 관리법을 소개해 주시길 바랍니다","wordCount":16},"emotion":[],"intent":[]},"answer":{"raw":{"text":"시험 기간이나 시간이 촉박했을 때는 저는 시간 관리를 먼저 그 일들 중에서 우선순위를 정했습니다. 예를 들어서 에이 비 씨가 인데 에이가 급하다 라고 했을 때 지금 나에게 주어진 시간이 뭐 다섯 시간이라고 한다면 그 에이에 굉장히 많은 시간을 부과하고 다음 일들로 넘어가는 형식으로 했고요. 만약에 제가 이 에이에 한 시간을 줬지만 좀 더 부족하다라고 하면 십 분 정도의 시간을 더 부과하고 그래도 부족하다 라고 하면은 우선 다른 걸로 넘어가는 형식으로 해서 최대한 많은 것들을 수행할 수 있게끔 제 스스로의 계획을 짰습니다. 그리고 이렇게 하면 저에게는 굉장히 큰 도움이 됐었고 그래서 프로젝트라든지 아니면 조별 발표 같은 거에서도 혹은 뭐 과제에서도 저는 그랬던 것 같습니다. 우선 순위를 먼저 정하고 거기에서 조금 더 시간을 부과하는 형태로 진행을 했던 것 같습니다.","wordCount":117},"emotion":[],"intent":[{"text":"","expression":"","category":"attitude"}],"summary":{"text":"시험 기간이나 시간이 촉박했을 때는 시간 관리를 먼저 그 일들 중에서 우선순위를 정했습니다. 우선 순위를 먼저 정하고 거기에서 조금 더 시간을 부과하는 형태로 진행을 했던 것 같습니다.","wordCount":27}}},"rawDataInfo":{"question":{"fileFormat":"wav","fileSize":375118,"duration":11720,"samplingBit":16,"channelCount":1,"samplingRate":"16kHz","audioPath":"/Mock/06.Design/Female/Experienced/ckmk_q_ard_f_e_187334.wav"},"answer":{"fileFormat":"wav","fileSize":1811278,"duration":56600,"samplingBit":16,"channelCount":1,"samplingRate":"16kHz","audioPath":"/Mock/06.Design/Female/Experienced/ckmk_a_ard_f_e_187334.wav"}}}