{"version":"1.0","dataSet":{"info":{"date":"20230116","occupation":"ARD","channel":"MOCK","place":"ONLINE","gender":"FEMALE","ageRange":"45-54","experience":"EXPERIENCED"},"question":{"raw":{"text":"현재 디자인 트렌드가 무엇이라고 생각하는지 그리고 그것을 읽기 위해 평소 어떠한 노력을 기울이고 있는지 말씀해 주세요","wordCount":16},"emotion":[],"intent":[]},"answer":{"raw":{"text":"저는 현재 디자인 트렌드는 잘 모르겠고요. 대신에 제가 지금 그 트렌드를 알기 위해서 연습하는 것 중의 하나가 핀터레스트를 굉장히 열심히 보고 있다 는 것입니다. 그런데 워낙 자료들이 방대하고 제가 딱 어떤 부분만 공략해서 보는 게 아니기 때문에 어 현재 어떤 트렌드들이 있는지 잘 파악은 못하고 있는 상황입니다.","wordCount":47},"emotion":[],"intent":[{"text":"대신에 제가 지금 그 트렌드를 알기 위해서 연습하는 것 중의 하나가 핀터레스트를 굉장히 열심히 보고 있다 는 것입니다.","expression":"d_trendy","category":"technology"}],"summary":{"text":"자료들이 방대하고 제가 어떤 부분만 공략해서 보는 게 아니기 때문에 현재 어떤 트렌드들이 있는지 잘 파악은 못하고 있는 상태입니다.","wordCount":19}}},"rawDataInfo":{"question":{"fileFormat":"wav","fileSize":371278,"duration":11600,"samplingBit":16,"channelCount":1,"samplingRate":"16kHz","audioPath":"/Mock/06.Design/Female/Experienced/ckmk_q_ard_f_e_156682.wav"},"answer":{"fileFormat":"wav","fileSize":873998,"duration":27310,"samplingBit":16,"channelCount":1,"samplingRate":"16kHz","audioPath":"/Mock/06.Design/Female/Experienced/ckmk_a_ard_f_e_156682.wav"}}}