{"version":"1.0","dataSet":{"info":{"date":"20230116","occupation":"ARD","channel":"MOCK","place":"ONLINE","gender":"FEMALE","ageRange":"45-54","experience":"EXPERIENCED"},"question":{"raw":{"text":"본인이 그동안 속해 있었던 조직이나 단체에서 주로 어떤 역할을 맡는 사람이었나요 왜 그런 역할을 맡는 사람이었는지도 말씀해 주시겠어요","wordCount":18},"emotion":[],"intent":[]},"answer":{"raw":{"text":"제가 속해 있던 조직에서 했던 역할은 전체적인 업무를 기획하고 그 업무를 조직에 속해 있는 팀원들에게 어 효율적으로 일을 진행할 수 있게끔 업무를 분배하는 일을 했었고요. 그 업무를 분배한 후에 일이 잘 진행되고 있는지 확인하고 체크했습니다. 그리고 만약에 업무가 진행이 잘 되고 있다면 그 사람에게 그 팀원에게 업무에 대한 칭찬을 아끼지 않았고 만약 그 업무가 진행되지 않거나 아니면 좀 시간이 지체되는 어 팀원에게는 어떤 부분에 문제가 있는지 함께 고민해 보고 그 팀원이 어려워하는 부분을 같이 방향 설정해 주면서 팀에 전체적인 분위기 그리고 팀에 전체적인 업무 방향을 설정하는 그런 역할을 했습니다.","wordCount":89},"emotion":[],"intent":[{"text":"그리고 만약에 업무가   진행이 잘 되고 있다면 그 사람에게 그 팀원에게 업무에 대한 칭찬을 아끼지 않았고   만약 그 업무가 진행되지 않거나 아니면 좀 시간이 지체되는 어    팀원에게는 어떤 부분에 문제가 있는지 함께 고민해 보고 그 팀원이 어려워하는 부분을   같이 방향 설정해 주면서 팀에 전체적인 분위기 그리고 팀에   전체적인 업무 방향을 설정하는 그런 역할을 했습니다.","expression":"c_cop","category":"personality"}],"summary":{"text":"제가 속해있던 조직에서 했던 역할은 전체적인 업무를 기획하고 그 업무를 팀원들에게 효율적으로 일을 진행할 수 있게 업무를 분배하는 일을 했습니다. 그 업무를 분배한 후에 일이 잘 진행되고 있는지 확인하고 체크했습니다.","wordCount":30}}},"rawDataInfo":{"question":{"fileFormat":"wav","fileSize":435918,"duration":13620,"samplingBit":16,"channelCount":1,"samplingRate":"16kHz","audioPath":"/Mock/06.Design/Female/Experienced/ckmk_q_ard_f_e_176989.wav"},"answer":{"fileFormat":"wav","fileSize":1804238,"duration":56380,"samplingBit":16,"channelCount":1,"samplingRate":"16kHz","audioPath":"/Mock/06.Design/Female/Experienced/ckmk_a_ard_f_e_176989.wav"}}}