{"version":"1.0","dataSet":{"info":{"date":"20230116","occupation":"ARD","channel":"MOCK","place":"ONLINE","gender":"FEMALE","ageRange":"55-","experience":"EXPERIENCED"},"question":{"raw":{"text":"그 우리 회사에 입사해서 이제 그 디자인을 담당하게 되시잖아요 그랬을 때 그 본인이 하고 싶은 디자인을 혹시 생각해 해 두신 것이 있으실까요","wordCount":22},"emotion":[],"intent":[]},"answer":{"raw":{"text":"네 먼저 저는 우리 회사의 홈페이지를 조금 바꿔보고 싶다 라는 생각을 했습니다. 채용에 앞서서 저는 회사 홈페이지에 들어왔었을 때 웹 디자이너로서의 관점에서 봐 왔을 때는 조금 아쉽다 라는 생각들을 했습니다. 그래서 요즘 트렌드에 맞게 조금 더 심플한 그런 웹디자인을 해 보면 더 좋겠다 라는 생각들을 해 보았고 만약에 입사 후에 허락해 주신다 라면 좀 그런 부분들을 더 보완해서 홈페이지들을 고치고 싶습니다.","wordCount":61},"emotion":[],"intent":[{"text":"그래서 요즘 트렌드에 맞게 조금 더 심플한 그런 웹디자인을 해 보면 더 좋겠다 라는 생각들을 해 보았고 만약에 입사 후에 허락해 주신다 라면 좀 그런 부분들을 더 보완해서 홈페이지들을 고치고 싶습니다.","expression":"d_creative","category":"attitude"}],"summary":{"text":"저는 회사 홈페이지를 조금 바꿔보고 싶었습니다. 입사 후에 허락해 주신다면 더 심플한 웹디자인으로 홈페이지들을 고치고 싶습니다.","wordCount":16}}},"rawDataInfo":{"question":{"fileFormat":"wav","fileSize":489038,"duration":15280,"samplingBit":16,"channelCount":1,"samplingRate":"16kHz","audioPath":"/Mock/06.Design/Female/Experienced/ckmk_q_ard_f_e_248018.wav"},"answer":{"fileFormat":"wav","fileSize":1813838,"duration":56680,"samplingBit":16,"channelCount":1,"samplingRate":"16kHz","audioPath":"/Mock/06.Design/Female/Experienced/ckmk_a_ard_f_e_248018.wav"}}}