{"version":"1.0","dataSet":{"info":{"date":"20230116","occupation":"ARD","channel":"MOCK","place":"ONLINE","gender":"FEMALE","ageRange":"-34","experience":"EXPERIENCED"},"question":{"raw":{"text":"지원자님께서 생각하셨을 때 본인은 남을 잘 이끄는 리더형일까요 아니면 남에게 잘 따르는 팔로워 형일까요 본인이 어떤 유형이실지 혹은 왜 그 유형일지 그 이유도 함께 설명해 주세요","wordCount":26},"emotion":[],"intent":[]},"answer":{"raw":{"text":"어 저는 아직까지 주니어 디자이너이기 때문에 팔로워의 업무를 많이 지원을 했던 것 같습니다. 하지만 저는 결국에 리더형에 조금 더 적합한 그런 디자이너라고 말씀을 드리고 싶습니다. 어 저는 사실 제 개인적인 주관도 굉장히 또렷한 편이구요. 그래서 생각도 많이 하고 제가 맞다고 생각하는 건 굉장히 실행력 있게 밀어붙이는 편입니다. 그렇기 때문에 디자인에도 그런 저의 성격이 반영이 되는데요. 어 디자인에서도 제가 가지고 있는 어 어떤 느낌과 상상이 접목이 돼서 드러나게 되구요. 저는 제가 만든 그 디자인에 자긍심을 가지고 있고 자부심을 느끼는 것 같습니다. 그렇기 때문에 어떤 일을 추진하는 실행력이 있구요. 또 그리고 제가 어떤 팀 프로젝트를 진행할 때도 또 저 이외에 제 팀원들과 같이 협업해서 같이 일을 이끌 수 있는 능력도 있다고 생각을 합니다. 그렇기 때문에 앞으로 리더로서의 역할 얼에 업무를 맡겨주신다고 하면 제가 훨씬 더 발전할 수 있는 기회가 될 수 있을 것 같구요. 앞으로 그런 프로젝트를 통해서 제가 리더로서 한 단계 더 성장할 수 있는 기회를 많이 주셨으면 좋겠습니다.","wordCount":148},"emotion":[],"intent":[{"text":"하지만 저는 결국에 리더형에 조금 더 적합한 그런   디자이너라고 말씀을 드리고 싶습니다.","expression":"c_person","category":"background"}],"summary":{"text":"저는 주니어 디자이너이기 때문에 팔로워의 업무를 많이 지원했던 것 같습니다. 하지만 저는 리더형에 조금 더 적합한 디자이너라 말씀을 드리고 싶습니다. 제가 만든 디자인에 자긍심을 가지고 자부심을 느끼기 때문에 어떤 일을 추진하는 실행력이 있고 또 제 팀원들과 같이 협업해서 같이 일을 이끌 수 있는 능력도 있다고 생각합니다.","wordCount":46}}},"rawDataInfo":{"question":{"fileFormat":"wav","fileSize":635598,"duration":19860,"samplingBit":16,"channelCount":1,"samplingRate":"16kHz","audioPath":"/Mock/06.Design/Female/Experienced/ckmk_q_ard_f_e_120620.wav"},"answer":{"fileFormat":"wav","fileSize":2670478,"duration":83450,"samplingBit":16,"channelCount":1,"samplingRate":"16kHz","audioPath":"/Mock/06.Design/Female/Experienced/ckmk_a_ard_f_e_120620.wav"}}}