{"version":"1.0","dataSet":{"info":{"date":"20230116","occupation":"ARD","channel":"MOCK","place":"ONLINE","gender":"FEMALE","ageRange":"45-54","experience":"EXPERIENCED"},"question":{"raw":{"text":"역량과 직무 지식 태도 이 세 가지 요소 중에서 본인이 생각했을 때 가장 중요하게 생각하시는 것과 그것이 중요한 이유를 함께 설명해 주세요","wordCount":22},"emotion":[],"intent":[]},"answer":{"raw":{"text":"직무 지식과 역량과 태도 중 가장 중요하다고 생각하는 것은 태도입니다. 태도가 열정적이고 긍정적이고 올바로 되어 있다면 어 지식이 조금 부족해도 그 지식이 쌓아지는 동안 시간이 좀 걸린다 할지라도 그것은 반드시 내 것이 된다고 생각합니다. 그리고 이러한 긍정적이고 열정적인 태도와 지식이 합쳐져서 자신의 직무 역량으로 변화된다고 생각합니다. 그렇다면 자연적으로 태도가 우선이 되었을 때 지식과 역량이 순차적으로 나의 것이 되면서 나에게 좋은 업무 역량이 주어진다고 생각합니다. 그래서 가장 중요한 것은 태도라고 생각합니다.","wordCount":70},"emotion":[],"intent":[{"text":"","expression":"","category":"attitude"}],"summary":{"text":"직무 지식과 역량과 태도 중 가장 중요한 것은 태도입니다. 태도가 열정적이고 긍정적이고 올바로 되어 있다면 지식이 조금 부족해도 내 것이 되고 이러한 태도와 지식이 합쳐져서 자신의 직무 역량으로 변화됩니다.","wordCount":29}}},"rawDataInfo":{"question":{"fileFormat":"wav","fileSize":430478,"duration":13450,"samplingBit":16,"channelCount":1,"samplingRate":"16kHz","audioPath":"/Mock/06.Design/Female/Experienced/ckmk_q_ard_f_e_264251.wav"},"answer":{"fileFormat":"wav","fileSize":1880398,"duration":58760,"samplingBit":16,"channelCount":1,"samplingRate":"16kHz","audioPath":"/Mock/06.Design/Female/Experienced/ckmk_a_ard_f_e_264251.wav"}}}