{"version":"1.0","dataSet":{"info":{"date":"20230116","occupation":"ARD","channel":"MOCK","place":"ONLINE","gender":"FEMALE","ageRange":"-34","experience":"EXPERIENCED"},"question":{"raw":{"text":"일을 하게 되면 중국으로 출장 갈 일이 생길 수 있습니다 중국 출장도 괜찮으신가요","wordCount":13},"emotion":[],"intent":[]},"answer":{"raw":{"text":"저는 다양한 사람들을 만나고 다양한 문화권을 접해보는 걸 좋아합니다. 그래서 해외여행도 꽤나 많이 다녔었는데요. 그래서 아마 출장을 가면 그 나라에 어떤 예술을 더욱더 선호하는지 그리고 디자인의 스타일은 어떨지 이런 걸 보게 되는 계기가 될 것 같습니다. 그리고 이 사람들이 원하는 방면의 디자인을 알게 된다면 저희가 그것을 적극 수용해서 나중에 다른 회사랑도 콜라보의 기회가 있을 수 있잖아요. 그런 것들을 배우게 되는 즉 회사의 성장과 또 디자이너인 저를 성장하게 되는 좋은 계기가 될 것이라는 생각이 듭니다. 그래서 중국 출장은 저는 괜찮습니다. 오히려 간다고 하면은 저도 데려가 주세요 라고 이야기할 것 같네요.","wordCount":89},"emotion":[],"intent":[{"text":"","expression":"","category":"attitude"}],"summary":{"text":"저는 해외 출장을 가면 그 나라의 예술, 디자인의 스타일, 회사와 다른 회사와의 콜라보 기회 등 회사와 디자이너를 성장하게 되는 좋은 계기가 될 것 같습니다.","wordCount":24}}},"rawDataInfo":{"question":{"fileFormat":"wav","fileSize":283598,"duration":8860,"samplingBit":16,"channelCount":1,"samplingRate":"16kHz","audioPath":"/Mock/06.Design/Female/Experienced/ckmk_q_ard_f_e_187564.wav"},"answer":{"fileFormat":"wav","fileSize":1564238,"duration":48880,"samplingBit":16,"channelCount":1,"samplingRate":"16kHz","audioPath":"/Mock/06.Design/Female/Experienced/ckmk_a_ard_f_e_187564.wav"}}}