{"version":"1.0","dataSet":{"info":{"date":"20230116","occupation":"ARD","channel":"MOCK","place":"ONLINE","gender":"FEMALE","ageRange":"45-54","experience":"EXPERIENCED"},"question":{"raw":{"text":"현재 공부하고 있는 분야는 무엇입니까 왜 그걸 공부하고 있고 지금까지 무엇을 배웠는지도 말씀해 주시기 바랍니다","wordCount":15},"emotion":[],"intent":[]},"answer":{"raw":{"text":"제가 지금 공부하고 있는 분야는 인공지능 분야입니다. 인공지능이라는 이야기는 많이 들어봤지만 인공지능이 구체적으로 무엇이고 인공지능으로 지금 무엇을 하고 있는지 지금의 사회가 얼마나 인공지능을 필요로 하고 있는지 또 인공지능을 이미 사용하고 있는지 앞으로 얼마나 확대될 것인지 그런 것에 대해서 어 어떤 책을 읽음으로 인해서 굉장히 큰 관심을 갖게 되었고 그래서 이 분야에 대해서 공부를 해야 되겠다 라는 생각을 하게 되었습니다. 인공지능 분야에 대해서 공부를 시작하면서 결국은 자격증까지 도전하게 되었고 지금은 자격증을 위해서 수업을 듣고 있는 상황입니다. 인공지능이라는 것이 아주 오래전부터 사람들이 입에 오르내리긴 했지만 지금처럼 많은 데이터가 쌓이기까지는 어 별로 오랜 시간이 되지 않았다라는 것과 지금은 인공지능에게 좋은 데이터를 줌으로 인해서 우리 생활이 더 발전하고 편해지고 사회가 더 달라질 것이라다 라는 것 정도는 배웠습니다. 인공지능에게 주는 여러 가지 데이터를 어떻게 처리하는 것인지 이런 것도 배우고 있고 인공지능이 앞으로 우리 사회를 어떤 방식으로 바꾸어 나갈지도 예상해보고 그런 것이 지금 재미있게 공부하고 있는 부분입니다.","wordCount":141},"emotion":[{"text":"인공지능이라는 이야기는 많이 들어봤지만 인공지능이 구체적으로 무엇이고 인공지능으로 지금 무엇을 하고 있는지 지금의 사회가 얼마나 인공지능을 필요로 하고 있는지 또 인공지능을 이미 사용하고 있는지 앞으로 얼마나 확대될 것인지 그런 것에 대해서 어 어떤 책을 읽음으로 인해서 굉장히 큰 관심을 갖게 되었고 그래서 이 분야에 대해서 공부를 해야 되겠다 라는 생각을 하게 되었습니다.","expression":"p-interest","category":"positive"},{"text":"인공지능에게 주는 여러 가지 데이터를 어떻게 처리하는 것인지 이런 것도 배우고 있고 인공지능이 앞으로 우리 사회를 어떤 방식으로 바꾸어 나갈지도 예상해보고 그런 것이 지금 재미있게 공부하고 있는 부분입니다.","expression":"p-interest","category":"positive"}],"intent":[{"text":"","expression":"","category":"attitude"}],"summary":{"text":"인공지능 분야를 공부하며 인공지능이 현재 어떤 일을 하고 있는지, 인공지능이 앞으로 어떤 방식으로 사회를 바꾸어 나갈지 예상해보고 있습니다. 인공지능에게 좋은 데이터를 줌으로 인해서 우리 생활이 더 발전하고 편해지고 사회가 더 달라질 것이라는 것 정도는 배웠고, 앞으로 인공지능이 우리 사회를 어떻게 바꾸어 나갈지도 예상해보고 있는 부분입니다.","wordCount":45}}},"rawDataInfo":{"question":{"fileFormat":"wav","fileSize":321998,"duration":10060,"samplingBit":16,"channelCount":1,"samplingRate":"16kHz","audioPath":"/Mock/06.Design/Female/Experienced/ckmk_q_ard_f_e_247726.wav"},"answer":{"fileFormat":"wav","fileSize":2907598,"duration":90860,"samplingBit":16,"channelCount":1,"samplingRate":"16kHz","audioPath":"/Mock/06.Design/Female/Experienced/ckmk_a_ard_f_e_247726.wav"}}}