{"version":"1.0","dataSet":{"info":{"date":"20230116","occupation":"ARD","channel":"MOCK","place":"ONLINE","gender":"FEMALE","ageRange":"45-54","experience":"EXPERIENCED"},"question":{"raw":{"text":"디자인에 대한 레퍼런스는 당신은 어디서 찾고 계신가요","wordCount":7},"emotion":[],"intent":[]},"answer":{"raw":{"text":"디자인 할 때 가장 중요한 레퍼런스는 주로 경쟁사 사이트에서 찾고 있습니다. 왜냐하면 제품을 팔 때 경쟁사를 경쟁사에서 어떻게 디자인을 해서 제품을 판매하고 있는지 그 디자인이 판매 촉진을 할 수 있는지 그런 거를 비교하지 않고 저희 당사만으로 인해 제품을 디자인을 한다면 그것은 우물 안의 개구리이기 때문에 반드시 경쟁사의 제품과 디자인을 비교를 하면서 좀 더 나은 디자인을 만들 수 있도록 노력을 하고 있습니다.","wordCount":61},"emotion":[],"intent":[{"text":"","expression":"","category":"attitude"}],"summary":{"text":"경쟁사 사이트가 아닌 당사의 제품과 디자인을 비교하여 더 나은 디자인을 만들 수 있도록 노력을 하고 있습니다. 디자인 할 때 가장 중요한 레퍼런스는 경쟁사 사이트에서 찾습니다.","wordCount":25}}},"rawDataInfo":{"question":{"fileFormat":"wav","fileSize":286798,"duration":8960,"samplingBit":16,"channelCount":1,"samplingRate":"16kHz","audioPath":"/Mock/06.Design/Female/Experienced/ckmk_q_ard_f_e_269984.wav"},"answer":{"fileFormat":"wav","fileSize":1335758,"duration":41740,"samplingBit":16,"channelCount":1,"samplingRate":"16kHz","audioPath":"/Mock/06.Design/Female/Experienced/ckmk_a_ard_f_e_269984.wav"}}}