{"version":"1.0","dataSet":{"info":{"date":"20230116","occupation":"ARD","channel":"MOCK","place":"ONLINE","gender":"FEMALE","ageRange":"45-54","experience":"EXPERIENCED"},"question":{"raw":{"text":"면접자님께서는 이전 사회 경험을 통해서 아니면 이전 업무를 통해서 어떤 프로젝트를 해 보셨을까요","wordCount":13},"emotion":[],"intent":[]},"answer":{"raw":{"text":"어 저는 다양한 프로젝트를 진행해 봤는데요. 어 사실 뭐 학교에서 진행한 것과 외에 업무적으로 진행을 했을 때는 전자 제품군 그리고 자동차 그리고 음 그 인테리어 그리고 모바일 기기에 해당하는 다양한 제품군에 해당하는 프로젝트를 모두 진행을 해 봤었고 특히나 다른 나오라들과 진행하는 리서치 업무들도 다양하게 진행해 본 경험이 있습니다. 그리고 한편으로는 경감 디자인이나 공공 디자인도 진행해 본 경험이 있어서 전체적으로 이제 건축과 그리고 환경과 그리고 디자인에서 공공 디자인을 어떻게 접목할 수 있는지 그런 프로젝트들도 많이 진행을 했었고 가이드라인을 제시하는 프로젝트도 진행을 해 봤습니다.","wordCount":82},"emotion":[],"intent":[{"text":"어 사실 뭐   학교에서 진행한 것과 외에 업무적으로 진행을 했을 때는 전자 제품군 그리고 자동차 그리고   음 그 인테리어 그리고 모바일 기기에 해당하는 다양한 제품군에 해당하는 프로젝트를 모두 진행을 해 봤었고   특히나 다른 나오라들과 진행하는 리서치 업무들도 다양하게 진행해 본 경험이 있습니다.","expression":"d_brand_pref","category":"technology"},{"text":"그리고 한편으로는 경감 디자인이나 공공 디자인도 진행해 본 경험이 있어서   전체적으로 이제 건축과 그리고 환경과 그리고 디자인에서 공공 디자인을 어떻게 접목할 수 있는지 그런   프로젝트들도 많이 진행을 했었고 가이드라인을 제시하는 프로젝트도 진행을 해 봤습니다.","expression":"d_brand_pref","category":"technology"}],"summary":{"text":"학교 외에 업무적으로 전자 제품군, 자동차, 인테리어, 모바일 기기 등 다양한 제품군에 해당하는 프로젝트와 경감 디자인이나 공공 디자인도 진행해 본 경험이 있고 가이드라인을 제시하는 프로젝트도 진행을 해 봤습니다.","wordCount":28}}},"rawDataInfo":{"question":{"fileFormat":"wav","fileSize":380238,"duration":11880,"samplingBit":16,"channelCount":1,"samplingRate":"16kHz","audioPath":"/Mock/06.Design/Female/Experienced/ckmk_q_ard_f_e_109459.wav"},"answer":{"fileFormat":"wav","fileSize":1915278,"duration":59850,"samplingBit":16,"channelCount":1,"samplingRate":"16kHz","audioPath":"/Mock/06.Design/Female/Experienced/ckmk_a_ard_f_e_109459.wav"}}}