{"version":"1.0","dataSet":{"info":{"date":"20230116","occupation":"ARD","channel":"MOCK","place":"ONLINE","gender":"FEMALE","ageRange":"-34","experience":"EXPERIENCED"},"question":{"raw":{"text":"혹시 역사 속에 가장 존경하는 인물이 있으실까요 그 인물을 가장 존경하는 이유에 대해서 말씀해 주실 수 있으실까요","wordCount":17},"emotion":[],"intent":[]},"answer":{"raw":{"text":"저는 영화 중에 세월이라는 영화를 좋아하는데요. 어 스티븐 달들이라는 감독이 만든 영화구요. 원작 소설인 세월을 바탕으로 해서 영화로 구성된 작품입니다. 그런데 그 세월 속에 어 여자 인물이 세 명이 중심이 돼서 나오거든요. 근데 그중에 그 가장 오래 전 시대를 살고 있는 인물이 우리가 알고 있는 작가 중에 버지니아 올프라는 사람이거든요 버지니아 올프가 델로웨이 부인이라는 소설을 쓰고 있는 그 시간으로 보여지고 그다음에 그 다음 시대에 그 델로웨이 부인을 읽고 있는 한 여자가 나오고 그리고 현대로 델로웨이 부인처럼 묘사되어지는 여자가 이렇게 나오거든요. 그래서 그 영화를 굉장히 재미있게 봐서 버스니아 올프라는 작가를 좀 관심 있게 공부하기 시작했었고 버지니아 올프의 자기만의 방을 읽으면서 그 작가분을 되게 좋아하는 것을 넘어서 좀 존경하는 경지까지 오르기도 했었습니다. 그래서 만약에 안 읽어보셨다면 한 번 읽어보시는 거를 권해드립니다.","wordCount":119},"emotion":[],"intent":[{"text":"","expression":"","category":"attitude"}],"summary":{"text":"스티븐 달들이라는 감독이 만든 영화 '세월' 에 여자 인물이 세 명 나오는데 그 중 가장 오래 전 시대를 살고 있는 인물은 버지니아 올프라는 사람입니다. 그 영화를 굉장히 재미있게 봐서 버지니아 올프에 대한 관심과 존경의 경지까지 올랐습니다.","wordCount":36}}},"rawDataInfo":{"question":{"fileFormat":"wav","fileSize":321998,"duration":10060,"samplingBit":16,"channelCount":1,"samplingRate":"16kHz","audioPath":"/Mock/06.Design/Female/Experienced/ckmk_q_ard_f_e_182782.wav"},"answer":{"fileFormat":"wav","fileSize":2826958,"duration":88340,"samplingBit":16,"channelCount":1,"samplingRate":"16kHz","audioPath":"/Mock/06.Design/Female/Experienced/ckmk_a_ard_f_e_182782.wav"}}}