{"version":"1.0","dataSet":{"info":{"date":"20230116","occupation":"ARD","channel":"MOCK","place":"ONLINE","gender":"FEMALE","ageRange":"35-44","experience":"EXPERIENCED"},"question":{"raw":{"text":"당신은 디자인 레퍼런스가 무엇인지 알고 있나요 디자인 레퍼런스는 어디서 찾아야 하는 것인지 당신의 생각을 말씀해 주십시오","wordCount":16},"emotion":[],"intent":[]},"answer":{"raw":{"text":"음 저는 우선 뭐 기억 속에서 시작을 하구요. 어 이거 어디서 어떤 이미지였다 이런 것들 그 영상이 이제 뭐 제가 봤던 영화나 드라마 아니면 책에서 읽었던 그 글귀에서의 그 문장에서의 그 연상 이미지 그러니까 결국에 그 책으로 들어가면 도서의 경우에는 저의 저만의 어떤 상상의 이미지가 레퍼런스가 될 수가 있을 것 같고요. 그리고 또 뭐 동영상 사이트 네 나 혹은 그 저작권에 관계되지 않고 다운로드를 받을 수 있는 가장 유명한 이미지 공유 업로드가 되는 사이트가 있어요. 거기서도 많이 참고합니다. 다양한 이미지가 많이 올라오기 때문에 얼추 이러한 결이겠구나 싶은 것들의 이미지를 그 사이트에서 많이 참고하는 편입니다. 편리하고 어 방대한 양의 정보가 있기 때문에 접근이 쉽고 그렇기 때문입니다.","wordCount":105},"emotion":[],"intent":[{"text":"이런 것들 그 영상이 이제 뭐 제가 봤던   영화나 드라마 아니면 책에서 읽었던 그 글귀에서의 그 문장에서의 그   연상 이미지 그러니까 결국에 그 책으로 들어가면 도서의 경우에는 저의   저만의 어떤 상상의 이미지가 레퍼런스가 될 수가 있을 것 같고요.","expression":"d_trendy","category":"technology"}],"summary":{"text":"영상이나 글귀, 연상 이미지 등을 레퍼런스로 삼을 수 있을 것 같습니다. 또 동영상 사이트의 유명 이미지 공유 업로드 사이트도 참고합니다. 방대한 양의 정보가 있어 접근이 쉽고 편리하기 때문입니다.","wordCount":28}}},"rawDataInfo":{"question":{"fileFormat":"wav","fileSize":516558,"duration":16140,"samplingBit":16,"channelCount":1,"samplingRate":"16kHz","audioPath":"/Mock/06.Design/Female/Experienced/ckmk_q_ard_f_e_111986.wav"},"answer":{"fileFormat":"wav","fileSize":2887758,"duration":90240,"samplingBit":16,"channelCount":1,"samplingRate":"16kHz","audioPath":"/Mock/06.Design/Female/Experienced/ckmk_a_ard_f_e_111986.wav"}}}