{"version":"1.0","dataSet":{"info":{"date":"20230116","occupation":"ARD","channel":"MOCK","place":"ONLINE","gender":"FEMALE","ageRange":"45-54","experience":"EXPERIENCED"},"question":{"raw":{"text":"만약 상사에게 어려운 지시를 받는다면 지원자님께선 어떻게 하시겠습니까 이유와 함께 말씀해 주세요","wordCount":12},"emotion":[],"intent":[]},"answer":{"raw":{"text":"상사가 저에게 어려운 지시를 한다면 제가 처음 드는 생각은 아 내가 일을 잘 하고 있구나 하는 안도의 마음일 것 같습니다. 제가 그만큼 제가 수행해야 할 일들을 잘 해내고 있다는 반증이 되고 상사의 마음에 저는 어려운 일을 맡겨도 해낼 수 있는 사람이라는 뜻이기 때문입니다. 그래서 저는 기쁜 마음으로 그 일을 해결하기 위해서 노력할 것 같습니다.","wordCount":54},"emotion":[],"intent":[{"text":"","expression":"","category":"attitude"}],"summary":{"text":"저는 어려운 지시를 받아도 제가 수행해야 할 일들을 잘 해내고 있다는 안도의 마음으로 그 일을 기쁜 마음으로 해결하기 위해 노력할 것 같습니다.","wordCount":22}}},"rawDataInfo":{"question":{"fileFormat":"wav","fileSize":333518,"duration":10420,"samplingBit":16,"channelCount":1,"samplingRate":"16kHz","audioPath":"/Mock/06.Design/Female/Experienced/ckmk_q_ard_f_e_259216.wav"},"answer":{"fileFormat":"wav","fileSize":1066958,"duration":33340,"samplingBit":16,"channelCount":1,"samplingRate":"16kHz","audioPath":"/Mock/06.Design/Female/Experienced/ckmk_a_ard_f_e_259216.wav"}}}