{"version":"1.0","dataSet":{"info":{"date":"20230116","occupation":"ARD","channel":"MOCK","place":"ONLINE","gender":"FEMALE","ageRange":"-34","experience":"EXPERIENCED"},"question":{"raw":{"text":"지원자님께서 그동안 진행한 프로젝트들 가운데 가장 기억에 남는 프로젝트가 있다면 어떤 프로젝트고 그것이 어떤 점에서 기억에 남는지 설명 부탁드리겠습니다","wordCount":19},"emotion":[],"intent":[]},"answer":{"raw":{"text":"어 가장 기억에 남는 프로젝트는 작년 십 이 월에 진행했던 미용실 디자인 프로젝트입니다. 그 전까지는 신입 디자이너로서 제가 모르는 부분이 많고 배우는 부분이 컸기 때문에 항상 팀원 분들과 같이 설계를 진행해서 그런 써포트하고 그런 방식이었는데요. 그때는 제가 직접 설계 조닝을 거의 꾸려나가면서 레이아웃도 짜고 도면도 그리고 그걸 쓰리디화하고 결국에 그것이 실물화되는 것까지 보니까 정말 뿌듯했던 것 같습니다. 특히나 컨셉이 있는 미용실이 점점 늘어나는 추세이긴 하지만 그때만 해도 어 파격적인 시도가 잘 없던 때인데요. 저는 코로나 시국을 잘 활용해서 어 좁은 미용실 공간에서 모두가 분리된 독립적인 미용을 받을 수 없지만 바로 옆에 있어도 어 애워싸는 아늑함을 가질 수 있는 영역감을 주는 경대와 의자 디자인을 했습니다 그 부분이 가장 마음에 들고 그래서 기억에 남는 것 같습니다.","wordCount":114},"emotion":[{"text":"그때는 제가 직접 설계 조닝을   거의 꾸려나가면서 레이아웃도 짜고 도면도 그리고 그걸 쓰리디화하고    결국에 그것이 실물화되는 것까지 보니까 정말 뿌듯했던 것 같습니다.","expression":"p-achievement","category":"positive"}],"intent":[{"text":"어 가장 기억에 남는 프로젝트는 작년 십 이 월에 진행했던   미용실 디자인 프로젝트입니다.","expression":"d_brand_pref","category":"technology"},{"text":"그 전까지는   신입 디자이너로서 제가 모르는 부분이 많고 배우는 부분이 컸기 때문에   항상 팀원 분들과 같이 설계를 진행해서 그런 써포트하고   그런 방식이었는데요.","expression":"d_brand_pref","category":"technology"},{"text":"그때는 제가 직접 설계 조닝을   거의 꾸려나가면서 레이아웃도 짜고 도면도 그리고 그걸 쓰리디화하고    결국에 그것이 실물화되는 것까지 보니까 정말 뿌듯했던 것 같습니다.","expression":"d_brand_pref","category":"technology"},{"text":"저는 코로나 시국을    잘 활용해서 어 좁은 미용실 공간에서  모두가   분리된 독립적인 미용을 받을 수 없지만 바로 옆에 있어도   어 애워싸는 아늑함을 가질 수 있는 영역감을 주는 경대와 의자 디자인을    했습니다 그 부분이 가장 마음에 들고 그래서 기억에    남는 것 같습니다.","expression":"d_brand_pref","category":"technology"}],"summary":{"text":"작년 진행했던 미용실 디자인 프로젝트가 가장 기억에 남습니다. 팀원 분들과 같이 설계를 진행해서 써포트하고 그런 방식이었는데 직접 설계 조닝을 꾸려나가면서 레이아웃도 짜고 도면도 쓰리디화하고 결국에 그것이 실물화되는 것까지 보니 정말 뿌듯했습니다. 아늑함을 가질 수 있는 영역감을 주는 디자인입니다.","wordCount":38}}},"rawDataInfo":{"question":{"fileFormat":"wav","fileSize":452558,"duration":14140,"samplingBit":16,"channelCount":1,"samplingRate":"16kHz","audioPath":"/Mock/06.Design/Female/Experienced/ckmk_q_ard_f_e_172358.wav"},"answer":{"fileFormat":"wav","fileSize":2674638,"duration":83580,"samplingBit":16,"channelCount":1,"samplingRate":"16kHz","audioPath":"/Mock/06.Design/Female/Experienced/ckmk_a_ard_f_e_172358.wav"}}}