{"version":"1.0","dataSet":{"info":{"date":"20230116","occupation":"ARD","channel":"MOCK","place":"ONLINE","gender":"FEMALE","ageRange":"45-54","experience":"EXPERIENCED"},"question":{"raw":{"text":"스트레스를 받으면 어떻게 하시는지 왜 그런 방법으로 스트레스를 해소하시는지 말씀해 주실 수 있으세요","wordCount":13},"emotion":[],"intent":[]},"answer":{"raw":{"text":"어 저는 스트레스를 받으면 어 다른 외부적으로 푸는 게 아니라 어 집에 돌아와서 다른 날보다 좀 더 수면을 많이 취하는 편입니다. 수면을 취하고 나면 좀 몸도 회복되고 그리고 정신적으로도 안정이 되어서 그 전에 받았던 스트레스가 좀 많이 사라지는 경험을 많이 했습니다. 그래서 잠으로 스트레스를 풀고 그리고 일주일에 규칙적으로 삼 회에서 오 회까지 어 운동을 진행을 하고 있습니다. 특히 요가 같은 경우는 정신적인 안정을 주는데 많이 효율적입니다. 그래서 그 요가와 잠을 통해서 스트레스를 많이 해소하고 있습니다.","wordCount":75},"emotion":[],"intent":[{"text":"","expression":"","category":"attitude"}],"summary":{"text":"저는 스트레스를 받으면 외부적으로 푸는 게 아니라 집에 돌아와서 좀 더 수면을 많이 취하는 편입니다. 그래서 잠으로 스트레스를 풀고 일주일에 규칙적으로 삼 회에서 오 회까지 운동을 하고 있습니다.","wordCount":28}}},"rawDataInfo":{"question":{"fileFormat":"wav","fileSize":312718,"duration":9770,"samplingBit":16,"channelCount":1,"samplingRate":"16kHz","audioPath":"/Mock/06.Design/Female/Experienced/ckmk_q_ard_f_e_109453.wav"},"answer":{"fileFormat":"wav","fileSize":1817998,"duration":56810,"samplingBit":16,"channelCount":1,"samplingRate":"16kHz","audioPath":"/Mock/06.Design/Female/Experienced/ckmk_a_ard_f_e_109453.wav"}}}