{"version":"1.0","dataSet":{"info":{"date":"20230116","occupation":"ARD","channel":"MOCK","place":"ONLINE","gender":"FEMALE","ageRange":"35-44","experience":"EXPERIENCED"},"question":{"raw":{"text":"지원자님께서 입사 후 기존에 원하던 일을 못 하게 되었습니다 그럴 때 지원자님은 어떻게 하시겠습니까 그렇게 하실 이유도 말씀해 주세요","wordCount":19},"emotion":[],"intent":[]},"answer":{"raw":{"text":"오 음 그거는 좀 생각만 해도 억울한데요. 왜냐하면 제가 오랫동안 공부하고 정말 오랫동안 노력을 들여서 공을 들이고 정성을 들여서 회사에 들어온 건데 그런 저의 능력을 제 기량을 발휘하지 못하게 아예 다른 분야로 업무를 주신다면 저는 솔직히 화날 것 같습니다. 네 이건 솔직한 생각입니다. 당연히 네 면담 신청해서 말씀드릴 거고요. 받아들여 주셔야지 맞다고 생각을 합니다. 왜냐하면 그러려고 해당 부분에서 공고를 내고 또 인재를 뽑고 사람을 뽑는 이유가 그런 건데 그거는 계약 위반이라고 할 수도 있고 아 물론 또 계약서 내용에 따라 다를 수는 있겠지만요. 그래서 제가 생각했던 일이 아니라면 제가 공부했던 그런 부분이 아니라면 저는 퇴사까지도 감수하고 네 저지를 생각이 있습니다.","wordCount":100},"emotion":[],"intent":[{"text":"","expression":"","category":"attitude"}],"summary":{"text":"저는 오랫동안 공부하고 정성 들여서 회사에 들어온 건데 이런 능력을 발휘하지 못하게 다른 분야로 업무를 주 된다면 솔직히 화날 것 같습니다. 그런 부분이 아니라면 저는 퇴사까지도 감수하고 저지를 생각이 있습니다.","wordCount":30}}},"rawDataInfo":{"question":{"fileFormat":"wav","fileSize":609678,"duration":19050,"samplingBit":16,"channelCount":1,"samplingRate":"16kHz","audioPath":"/Mock/06.Design/Female/Experienced/ckmk_q_ard_f_e_141180.wav"},"answer":{"fileFormat":"wav","fileSize":2779598,"duration":86860,"samplingBit":16,"channelCount":1,"samplingRate":"16kHz","audioPath":"/Mock/06.Design/Female/Experienced/ckmk_a_ard_f_e_141180.wav"}}}