{"version":"1.0","dataSet":{"info":{"date":"20230116","occupation":"ARD","channel":"MOCK","place":"ONLINE","gender":"FEMALE","ageRange":"-34","experience":"EXPERIENCED"},"question":{"raw":{"text":"입사 후 근무를 하면서 정작 지원한 분야가 본인과 잘 맞지 않는다는 사실을 깨닫게 된다면 본인은 어떻게 하실 생각인가요","wordCount":18},"emotion":[],"intent":[]},"answer":{"raw":{"text":"음 되게 저도 고민이 많아질 것 같긴 한데 음 사실 저도 제가 다른 일을 하다가 이 업무로 바꾸게 된 거라서 막상 제가 근무를 하게 됐을 때 잘 맞지 않을 수도 있다는 생각을 하게 될 때가 올지도 모른다는 생각은 하긴 하는데 음 조금 제가 이제 나이가 들면서 변한 부분들이 있긴 하거든요. 그래서 어릴 때는 좀 저랑 안 맞고 제가 맞지 않은 것 때문에 그 직장을 다니는 게 좀 괴로우면은 그만둬야 되는 게 맞다고 생각을 하는데. 사실 지금 제가 지금으로서 생각하고 있는 거는 일단은 그래도 일 년 정도는 다녀보고 싶습니다.어쨌든 적응 기간이 좀 필요할 것 같으니깐. 그래도 맞지 않는다는 걸 깨달았을 때 제가 어릴 때처럼 그만두는 게 아니라 그래도 한 일 년 정도는 한 번 견뎌 볼 수 있을 것 같습니다.","wordCount":119},"emotion":[],"intent":[{"text":"","expression":"","category":"attitude"}],"summary":{"text":"어릴 때는 좀 맞지 않아 그 직장을 다니는 게 좀 괴로우면 그만둬야 된다고 생각을 하는데 일단 일 년 정도는 다녀보고 싶습니다. 적응 기간이 좀 필요할 것 같으니 맞지 않는다는 걸 깨달을 때 한 일 년 정도는 견뎌 볼 수 있을 것 같습니다.","wordCount":42}}},"rawDataInfo":{"question":{"fileFormat":"wav","fileSize":570318,"duration":17820,"samplingBit":16,"channelCount":1,"samplingRate":"16kHz","audioPath":"/Mock/06.Design/Female/Experienced/ckmk_q_ard_f_e_194563.wav"},"answer":{"fileFormat":"wav","fileSize":2689678,"duration":84050,"samplingBit":16,"channelCount":1,"samplingRate":"16kHz","audioPath":"/Mock/06.Design/Female/Experienced/ckmk_a_ard_f_e_194563.wav"}}}