{"version":"1.0","dataSet":{"info":{"date":"20230116","occupation":"ARD","channel":"MOCK","place":"ONLINE","gender":"FEMALE","ageRange":"-34","experience":"EXPERIENCED"},"question":{"raw":{"text":"지원자분께서 대학에서 배우셨던 전공 과목들 중에서 가장 기억에 많이 남았던 과목에 대해서 이야기해 주시면 좋겠습니다 그중에서 한 가지만 골라서 인상 깊었던 내용을 설명해 주세요","wordCount":24},"emotion":[],"intent":[]},"answer":{"raw":{"text":"제가 대학 시절 배웠던 과목 중에 커뮤니케이션의 이해라는 과목들이 있었습니다. 제가 이 과목이 가장 기억에 남는 이유는요. 제가 생각했던 커뮤니케이션과 그 과목에서 배웠던 커뮤니케이션의 방법이 완전히 달랐기 때문입니다. 저는 그 과목을 수강하기 전에는 내가 말을 조리 있게 하고 또 상대방을 설득하는 것이 정말 가장 좋은 커뮤니케이션의 방법이라고 생각을 했었어요. 그렇지만 제가 그 과목을 듣고 나자 느낀 점은 내가 말을 하는 데 앞서서 타인의 의견을 듣는 게 더 힘들구나 라는 생각을 했었습니다. 이를 업무에 적용을 해 보자면 우리 디자인의 업무들은 동료들과 협업하고 끊임없이 피드백하고 그리고 클라이언트의 의견들을 듣는 점이 가장 중요한데요. 이때 이 과목에서 배웠던 것처럼 저는 타인에게 질문을 하고 타인의 말을 더 많이 들어주는 자세로 업무를 임하고 싶습니다.","wordCount":108},"emotion":[{"text":"제가 대학 시절 배웠던 과목 중에 커뮤니케이션의 이해라는 과목들이 있었습니다.","expression":"u-fact","category":"neutral"}],"intent":[{"text":"제가 대학 시절 배웠던 과목 중에 커뮤니케이션의 이해라는 과목들이 있었습니다.","expression":"c_private","category":"background"}],"summary":{"text":"디자인의 업무들은 동료들과 협업하고 끊임없이 피드백하고 그리고 클라이언트의 의견들을 듣는 점이 가장 중요하기 때문에 저는 타인에게 질문을 하고 타인의 말을 더 많이 들어주는 자세로 업무를 임하고 싶습니다.","wordCount":27}}},"rawDataInfo":{"question":{"fileFormat":"wav","fileSize":574798,"duration":17960,"samplingBit":16,"channelCount":1,"samplingRate":"16kHz","audioPath":"/Mock/06.Design/Female/Experienced/ckmk_q_ard_f_e_178540.wav"},"answer":{"fileFormat":"wav","fileSize":2792398,"duration":87260,"samplingBit":16,"channelCount":1,"samplingRate":"16kHz","audioPath":"/Mock/06.Design/Female/Experienced/ckmk_a_ard_f_e_178540.wav"}}}