{"version":"1.0","dataSet":{"info":{"date":"20230116","occupation":"ARD","channel":"MOCK","place":"ONLINE","gender":"FEMALE","ageRange":"35-44","experience":"EXPERIENCED"},"question":{"raw":{"text":"지금까지 협업을 하면서 가장 어려웠던 것은 무엇인가요 또한 그 어려움을 해결하기 위해서 어떻게 하셨었는지 말씀해 주세요","wordCount":16},"emotion":[],"intent":[]},"answer":{"raw":{"text":"저는 시나리오를 제가 쓰고 그 시나리오를 가지고 영화로 만드는 일을 계속 해 왔었는데 이제 페이를 많이 줄 수 없는 상황일 때가 사실은 많거든요. 개인적인 작업은 어떤 자금을 투자 받거나 지원받는 건 아니니까 제가 저의 개인 사비로 이제 진행을 해야 되는 것들이 많았는데 이제 제가 좀 해보고 싶었던 작품이 있었어요. 그래서 그 당시에 여자 배우 네 명이 필요했었고 아는 배우 동생 평소에 알고 지냈던 배우를 하는 동생을 통해서 어 배우를 이제 이루어서 촬영을 진행했었는데 그중에 세 명 친구가 동시에 공연을 준비하고 있었어 가지고 영화 촬영 자체가 바로 진행이 되기 어려웠었거든요. 그래서 뭔가 리딩 날짜도 밀리게 되고 결국은 그 친구들의 촬영 그 연극이 종료된 후에 촬영을 들어갔는데 사실은 완벽하게 준비를 해 오지 않았었고 제가 장소 헌팅 갔던 것도 생각보다 너무 별로였어 가지고 촬영을 끝내긴 했지만 결과물을 아직 제가 완성시키지 못한 상태입니다.","wordCount":129},"emotion":[],"intent":[{"text":"","expression":"","category":"attitude"}],"summary":{"text":"저는 시나리오를 쓰고 영화를 만드는 일을 계속 해 왔는데 페이를 많이 줄 수 없는 상황일 때가 많습니다. 제가 좀 해보고 싶었던 작품이 있어서 여자 배우 네 명이 필요했고 그 중에 세 명 친구가 동시에 공연을 준비하고 있었습니다. 연극이 종료된 후에 촬영을 들어갔는데 준비가 너무 부족했고 촬영도 끝났지만 결과물을 아직 완성시키지 못한 상태입니다.","wordCount":52}}},"rawDataInfo":{"question":{"fileFormat":"wav","fileSize":588238,"duration":18380,"samplingBit":16,"channelCount":1,"samplingRate":"16kHz","audioPath":"/Mock/06.Design/Female/Experienced/ckmk_q_ard_f_e_205623.wav"},"answer":{"fileFormat":"wav","fileSize":2814798,"duration":87960,"samplingBit":16,"channelCount":1,"samplingRate":"16kHz","audioPath":"/Mock/06.Design/Female/Experienced/ckmk_a_ard_f_e_205623.wav"}}}