{"version":"1.0","dataSet":{"info":{"date":"20230116","occupation":"ARD","channel":"MOCK","place":"ONLINE","gender":"FEMALE","ageRange":"35-44","experience":"EXPERIENCED"},"question":{"raw":{"text":"지원자님이 생각하기에 창의성과 팀워크 중에서 더 중요하다고 생각하는 거에 대해서 그 이유와 함께 설명해 주시기 바랍니다","wordCount":16},"emotion":[],"intent":[]},"answer":{"raw":{"text":"저는 당연히 팀워크라고 생각합니다. 모든 인간은 삶에 효과적으로 참여하고 상호 작용하는데 창의성이 무조건 필요한 불확실성의 시대에 살고 있습니다. 요즘의 세상에 모든 사람들은 실용적이거나 직업적이거나 심지어 개인적인 삶에도 새로운 관점을 계속해서 제시하기를 강요받고 있습니다. 그래서 우리는 어려서부터 창의성에 관한 다양한 교육을 받으며 자라야 하고 남보다 더 창의력인 생각과 아이디어를 끊임없이 내놓아야 하는 삶을 살고 있습니다. 창의적이지 못하면 남보다 뛰어날 수 없고 그러한 사회적 구조에서 살아남기 위해 타인을 짓밟고 올라서야 하고 팀워크는 이미 사라진 지 오래입니다. 그래서 저는 이미 준비되어 있고 만연한 개인의 창의성보다는 사라져가는 팀워크가 훨씬 중요하다고 생각합니다.","wordCount":87},"emotion":[],"intent":[{"text":"","expression":"","category":"attitude"}],"summary":{"text":"팀워크는 준비되어 있는 개인의 창의성보다는 사라져가는 팀워크가 훨씬 중요하다고 생각합니다. 모든 인간은 삶에 효과적으로 참여하고 상호 작용하는데 창의성이 무조건 필요한 불확실성의 시대에 살고 있습니다. 그래서 우리는 어려서부터 창의성에 관한 다양한 교육을 받습니다.","wordCount":32}}},"rawDataInfo":{"question":{"fileFormat":"wav","fileSize":345038,"duration":10780,"samplingBit":16,"channelCount":1,"samplingRate":"16kHz","audioPath":"/Mock/06.Design/Female/Experienced/ckmk_q_ard_f_e_274003.wav"},"answer":{"fileFormat":"wav","fileSize":2186638,"duration":68330,"samplingBit":16,"channelCount":1,"samplingRate":"16kHz","audioPath":"/Mock/06.Design/Female/Experienced/ckmk_a_ard_f_e_274003.wav"}}}