{"version":"1.0","dataSet":{"info":{"date":"20230116","occupation":"ARD","channel":"MOCK","place":"ONLINE","gender":"FEMALE","ageRange":"45-54","experience":"EXPERIENCED"},"question":{"raw":{"text":"전공 외에 자신의 실력이 수준급이 될 정도로 노력한 것이 있을까요 있다면 전공과 관련해서 어떤 도움이 되었는지 말씀해 주세요","wordCount":18},"emotion":[],"intent":[]},"answer":{"raw":{"text":"제가 전공한 것 이외에 수준급의 실력이 될 정도로 노력한 것이 있다면 스페인어라고 생각합니다. 제가 스페인으로 유학 갈 때는 스페인어를 잘 하지 못하는 상태였었고 또 전공이 특수한 케이스였다 보니까 많은 사람들이 스페인어를 그렇게 많이 공부하려고 하지 않았었던 것 같습니다. 그런데 저는 언어의 소통이 굉장히 중요하다 라고 생각하고 또 가치가 있는 일이라고 생각했기 때문에 굉장히 큰 노력을 기울여서 스페인어를 꾸준히 공부했고 결국은 스페인어 자격증도 받았습니다. 제가 스페인어를 공부하면서 정말 소통이라는 것이 얼마나 즐겁고 행복하기도 하고 또 중요한 것인가 이런 것도 많이 생각했었구요. 스페인어를 잘 할 수 있게 되니까 누릴 수 있고 느낄 수 있는 것이 훨씬 더 다양하고 풍부해졌다 라는 생각도 할 수 있었습니다. 전공과 관련해서 도움을 주는 지에 대해서는 구체적으로 생각해 보 생각해 본 바가 없지만 제가 만약에 전공과 관련해서 스페인에서 일을 하게 된다면 이 스페인어 실력이 굉장히 도움이 되는 것은 분명하다고 생각합니다. 음 노력을 통해서 무언가 이루었다는 그런 경험이 다른 노력을 해야 되는 상황이 왔을 때 충분히 저를 긍정적인 사람으로 만들어주었고 무언가 도전하는 것이 어렵고 힘든 일이 아니라는 것을 어 알게 해주었던 그런 일이라고 생각합니다.","wordCount":165},"emotion":[{"text":"제가 스페인어를 공부하면서 정말 소통이라는 것이 얼마나 즐겁고 행복하기도 하고 또 중요한 것인가 이런 것도 많이 생각했었구요.","expression":"p-happiness","category":"positive"}],"intent":[{"text":"","expression":"","category":"attitude"}],"summary":{"text":"스페인 유학 시절, 스페인어를 전공하지는 않았으나 언어의 소통이 중요하다고 생각하여 큰 노력을 기울여 스페인어 자격증을 받았습니다. 이를 통해 소통이라는 것이 얼마나 즐겁고 행복하며 중요한 것인지 많이 생각했습니다. 전공과 관련해 스페인에서 일을 하게 된다면 스페인어 실력이 도움이 될 것입니다. 노력을 통해 무언가를 이루었다는 경험이 다른 노력을 해야 될 때 긍정적인 사람으로 만들어주었습니다.","wordCount":51}}},"rawDataInfo":{"question":{"fileFormat":"wav","fileSize":633678,"duration":19800,"samplingBit":16,"channelCount":1,"samplingRate":"16kHz","audioPath":"/Mock/06.Design/Female/Experienced/ckmk_q_ard_f_e_247827.wav"},"answer":{"fileFormat":"wav","fileSize":2939598,"duration":91860,"samplingBit":16,"channelCount":1,"samplingRate":"16kHz","audioPath":"/Mock/06.Design/Female/Experienced/ckmk_a_ard_f_e_247827.wav"}}}