{"version":"1.0","dataSet":{"info":{"date":"20230116","occupation":"ARD","channel":"MOCK","place":"ONLINE","gender":"FEMALE","ageRange":"45-54","experience":"EXPERIENCED"},"question":{"raw":{"text":"만약 본인이 지금 지원한 이 직무가 아니라 다른 부서에 배치되게 된다면 어떻게 하실 건가요 그래도 괜찮으신가요","wordCount":16},"emotion":[],"intent":[]},"answer":{"raw":{"text":"제가 지금 지원하는 이 직무가 아닌 다른 부서에 배치가 된다면 저는 우선 받아들이고 제가 해낼 수 있는 일을 정리해 놓고 만약에 걱정되는 부분이 있다면 무엇이 있는지도 역시 정리를 해 놓겠습니다. 저는 무슨 일이 있으면 계획을 잡는다든지 여러 가지 리스트를 작성해서 그것을 좀 눈으로 볼 수 있게 차트화 시키는 것을 좋아합니다. 제가 생각했던 직무가 아닌 다른 부서에 대치가 되면 그 부서에 필요로 하는 능력이 무엇이 있는지를 생각해보고 제가 그중에 가지고 있는 능력이 무엇이 있는지를 생각해 본 후에 저에게 혹시 더 필요한 능력이 있다면 그것 이 무엇인지도 역시 파악을 해 놓고 싶습니다. 그래서 새로운 일에 적응을 빨리 할 수 있도록 노력하겠습니다. 어 생각지도 못한 직무에 음 배치가 됐을 때는 빨리 너를 저를 적응시키고 어 노력을 해서 그 부서에서 최대한 잘 일을 할 수 있도록 저를 바꾸는 것이 필요하지 않을까 저는 그렇게 생각합니다.","wordCount":130},"emotion":[],"intent":[{"text":"","expression":"","category":"attitude"}],"summary":{"text":"저는 새로운 일에 빨리 적응할 수 있도록 노력하겠습니다. 생각하지 못한 직무에 배치가 됐을 때는 빨리 저를 적응시키고 노력을 해서 그 부서에서 최대한 잘 일을 할 수 있도록 저를 바꾸는 것이 필요하다고 생각합니다.","wordCount":32}}},"rawDataInfo":{"question":{"fileFormat":"wav","fileSize":355278,"duration":11100,"samplingBit":16,"channelCount":1,"samplingRate":"16kHz","audioPath":"/Mock/06.Design/Female/Experienced/ckmk_q_ard_f_e_247725.wav"},"answer":{"fileFormat":"wav","fileSize":2281038,"duration":71280,"samplingBit":16,"channelCount":1,"samplingRate":"16kHz","audioPath":"/Mock/06.Design/Female/Experienced/ckmk_a_ard_f_e_247725.wav"}}}