{"version":"1.0","dataSet":{"info":{"date":"20230116","occupation":"ARD","channel":"MOCK","place":"ONLINE","gender":"FEMALE","ageRange":"45-54","experience":"EXPERIENCED"},"question":{"raw":{"text":"지원자님만의 스트레스 해소법이 있는지 있다면 왜 그런 방법으로 스트레스를 해소하시는지 설명 부탁드립니다","wordCount":12},"emotion":[],"intent":[]},"answer":{"raw":{"text":"제가 받은 스트레스 해소법은 걷기 산책 등산 그리고 여행입니다. 밖으로 나가서 걷는다든지 공원에서 선책을 한다든지 산에 올라간다든지 아니면 가까운 곳으로라도 여행을 간다면 조금 스트레스에서 우선 멀어지는 결과를 만들어 오더라구요. 그래서 스트레스 받는 곳에서부터 떠나서 새롭게 생각을 전환할 수 있을 것 같습니다. 내가 거기에 너무 매몰돼서 스트레스를 사서 받고 있는 건 아닐까 이런 생각도 할 수 있고 어떻게 하면 이 스트레스를 받지 않고 이 일을 즐겁게 할 수 있지 라는 생각도 할 수 있고 스트레스 그런 건 아무 것도 아니야 내가 원래 하고 싶었던 일이 지금 내 앞에 펼쳐져 있는데 이런 생각을 할 수도 있겠죠. 스트레스에 대해서 깊이 생각하지 않고 우선 그것을 버려두고 새로운 환경에서 어 심호흡을 하고 새로운 공기를 마시면 스트레스가 조금 해소된 이후에 다시 거기에 대해서 깊이 생각해보고 원인을 음 따져서 해결할 수도 있지 않을까 저는 그렇게 생각합니다.","wordCount":129},"emotion":[],"intent":[{"text":"","expression":"","category":"attitude"}],"summary":{"text":"제가 받은 스트레스 해소법은 걷기 산책 등산 그리고 여행입니다. 스트레스에 대해서 깊이 생각하지 않고 일단 그것을 버려두고 새로운 환경에서 심호흡을 하고 새로운 공기를 마시면 스트레스가 조금 해소된 이후에 다시 깊이 생각해보고 원인을 따져서 해결할 수도 있다고 생각합니다.","wordCount":37}}},"rawDataInfo":{"question":{"fileFormat":"wav","fileSize":360398,"duration":11260,"samplingBit":16,"channelCount":1,"samplingRate":"16kHz","audioPath":"/Mock/06.Design/Female/Experienced/ckmk_q_ard_f_e_247730.wav"},"answer":{"fileFormat":"wav","fileSize":2661198,"duration":83160,"samplingBit":16,"channelCount":1,"samplingRate":"16kHz","audioPath":"/Mock/06.Design/Female/Experienced/ckmk_a_ard_f_e_247730.wav"}}}