{"version":"1.0","dataSet":{"info":{"date":"20230116","occupation":"ARD","channel":"MOCK","place":"ONLINE","gender":"FEMALE","ageRange":"35-44","experience":"EXPERIENCED"},"question":{"raw":{"text":"아무래도 시험 기간이라던가 어떤 걸 앞두고 시간이 굉장히 촉박할 수 있습니다 어 이러한 시간 관리를 본인이 어떻게 하고 있는지 시간 관리법에 대해서 본인만의 노하우를 말씀을 해 보시죠","wordCount":27},"emotion":[],"intent":[]},"answer":{"raw":{"text":"아 저는 그런 시간이 촉박한 시간이 촉박함을 느끼지만 동시에 촉박하지 않습니다. 왜냐하면 그렇게 쓰는 게 일상이어서요. 저는 말 그대로 발등에 불 떨어 불 떨어지면 하는 스타일이라서요. 정말 최종의 최종의 최종까지 갔을 때 몸이 움직입니다. 그래서 시간 관리 관리를 한다 시간을 잘 모르겠습니다. 근데 그냥 시간에 쫓기는 거를 즐긴다고 해야 될까요 고통받는다고 해야 될까요 음 쫓겨서 집중하게 되는 거를 조금 즐기는 편인 것 같습니다. 네 집중이 잘 되더라구요. 이제 진짜 해야 될 때 라고 생각을 해서 그래서 어 막 불도저 같이 밀어붙이면서 무언가에 집중하고 공부를 하는 편이었었습니다.","wordCount":86},"emotion":[],"intent":[{"text":"","expression":"","category":"attitude"}],"summary":{"text":"저는 최종의 최종까지 갔을 때 몸이 움직여서 시간 관리 관리를 한다 시간을 잘 모르겠습니다. 그냥 시간에 쫓기는 것을 즐기고 집중하게 되는 것을 조금 즐기는 편인 것 같습니다.","wordCount":27}}},"rawDataInfo":{"question":{"fileFormat":"wav","fileSize":537678,"duration":16800,"samplingBit":16,"channelCount":1,"samplingRate":"16kHz","audioPath":"/Mock/06.Design/Female/Experienced/ckmk_q_ard_f_e_111985.wav"},"answer":{"fileFormat":"wav","fileSize":2812878,"duration":87900,"samplingBit":16,"channelCount":1,"samplingRate":"16kHz","audioPath":"/Mock/06.Design/Female/Experienced/ckmk_a_ard_f_e_111985.wav"}}}