{"version":"1.0","dataSet":{"info":{"date":"20230116","occupation":"ARD","channel":"MOCK","place":"ONLINE","gender":"FEMALE","ageRange":"55-","experience":"EXPERIENCED"},"question":{"raw":{"text":"어 역사 속에서 지원자님께서 가장 존경하는 인물에 대해 말씀해 주시길 바랍니다 또 그 인물을 가장 존경하는 이유도 있으실 텐데 그 이유도 함께 설명해 주시길 바랍니다","wordCount":25},"emotion":[],"intent":[]},"answer":{"raw":{"text":"제가 가장 존경하는 인물 중 하나는 이순신 장군인데요. 물론 이순신 장군을 굉장히 영웅화 하는 그런 영화를 봐서이기도 하지만 저는 현대에 필요한 리더라고 생각하기 때문입니다. 우리 사회는 서로 책임지지 않으려고 하는 경우가 굉장히 많습니다. 저 역시로 아르바이트를 하며 그런 경우들을 굉장히 많이 봐왔구요. 그래서 부하 직원들을 끝까지 책임지려고 하는 그런 모습을 보였던 이순신 장군이야말로 우리 사회에서 가장 필요한 리더가 아닐까 싶습니다.","wordCount":60},"emotion":[{"text":"제가 가장 존경하는 인물 중 하나는 이순신 장군인데요.","expression":"p-affection","category":"positive"}],"intent":[{"text":"","expression":"","category":"attitude"}],"summary":{"text":"저는 이순신 장군을 존경합니다. 우리 사회는 서로 책임지지 않으려고 하는 경우가 많은데, 이순신 장군이야말로 우리 사회에서 가장 필요한 리더가 아닐까 싶습니다.","wordCount":21}}},"rawDataInfo":{"question":{"fileFormat":"wav","fileSize":496718,"duration":15520,"samplingBit":16,"channelCount":1,"samplingRate":"16kHz","audioPath":"/Mock/06.Design/Female/Experienced/ckmk_q_ard_f_e_248017.wav"},"answer":{"fileFormat":"wav","fileSize":2031438,"duration":63480,"samplingBit":16,"channelCount":1,"samplingRate":"16kHz","audioPath":"/Mock/06.Design/Female/Experienced/ckmk_a_ard_f_e_248017.wav"}}}