{"version":"1.0","dataSet":{"info":{"date":"20230116","occupation":"ARD","channel":"MOCK","place":"ONLINE","gender":"FEMALE","ageRange":"35-44","experience":"EXPERIENCED"},"question":{"raw":{"text":"협업을 해야 할 일이 많이 생길 수가 있는데요 지원자님께서 이전 직장이나 대학에서 협업하는 작업을 할 때 혹시 어려운 점이 있었다면 무엇이었는지 말씀해 주세요","wordCount":23},"emotion":[],"intent":[]},"answer":{"raw":{"text":"아까 방금 주셨던 질문의 연장선인 것 같긴 한데 사실 그런 부분들이 어려웠었거든요 뭔가 각 파트가 분명하기 때문에 여기는. 각자가 서로에게 이만큼 해주면 좋겠다 라고 바라는 것들이 생기잖아요. 네 그것들을 서로 충족하지 못한다고 했을 때 못 했다고 생각이 들 때 실망이 많이 들기도 하고 뭔가 작업에 시간이 붙지가 않고 속도가 그런데 저 또한 저의 준비력이 분명히 미흡했던 부분들이 있었기 때문에 배우들이 또 상대적으로 실망을 했을 수도 있고 그래서 저는 그런 부분들이 항상 어려운 것 같다고 느껴져요. 그래서 이것들을 어떻게 극복할 수 있지 라고 생각도 많이 해 봤었는데 근데 저희의 일이 그냥 그 자체인 것 같더라고요. 어려울 수밖에 없고 그리고 사람이 모여서 뭔가를 만들어내는 거기 때문에 의견이 완벽하게 통일될 수 없다고 생각이 들거든요. 어느 정도 자기 거를 양보를 하고 가기는 해야 되니깐 그래서 항상 어렵지만 이거를 당연하게 받아들여야 하는 부분도 있다고 생각합니다.","wordCount":130},"emotion":[],"intent":[{"text":"","expression":"","category":"attitude"}],"summary":{"text":"각 파트가 분명하기 때문에 서로 충족하지 못한다고 했을 때 실망이 많이 들기도 하고, 준비력이 미흡했던 부분들이 있었기 때문에 배우들도 실망을 했을 수도 있습니다. 그래서 저희는 그냥 그 자체인 것 같았고 의견이 완벽하게 통일될 수 없기때문에 항상 어렵지만 당연하게 받아들여야 하는 부분도 있다고 생각합니다.","wordCount":43}}},"rawDataInfo":{"question":{"fileFormat":"wav","fileSize":625998,"duration":19560,"samplingBit":16,"channelCount":1,"samplingRate":"16kHz","audioPath":"/Mock/06.Design/Female/Experienced/ckmk_q_ard_f_e_205624.wav"},"answer":{"fileFormat":"wav","fileSize":2753998,"duration":86060,"samplingBit":16,"channelCount":1,"samplingRate":"16kHz","audioPath":"/Mock/06.Design/Female/Experienced/ckmk_a_ard_f_e_205624.wav"}}}