{"version":"1.0","dataSet":{"info":{"date":"20230116","occupation":"ARD","channel":"MOCK","place":"ONLINE","gender":"FEMALE","ageRange":"45-54","experience":"EXPERIENCED"},"question":{"raw":{"text":"만약 일을 하던 중에 팀원과 불화가 생긴다면 지원자님은 어떻게 해결하실 건가요 지원자님만의 해결 방법과 그 이유에 대해서 설명해 주시기 바랍니다","wordCount":20},"emotion":[],"intent":[]},"answer":{"raw":{"text":"만약에 일을 하다가 팀원과 불화가 생긴다면 저는 그 불화의 원인에 대해서 좀 생각해 볼 것 같습니다. 왜 이렇게 불화가 일어났을까. 이 불화가 일어난 책임이 누구에게 있을까. 내가 가지고 있는 책임은 얼마큼일까. 불화의 원인이 된 것은 어 어떤 사람의 어떤 성격이나 아니면 어떤 일 때문일까. 그것을 우선 구체적으로 분석을 해야 해결 할 수 있다고 생각합니다. 원인에 따라서 내가 원인이라고 파악한 것에 따라서 해결법은 달라지겠지요. 내 성격 때문인지 나의 태도 때문인지 아니면 내가 했던 어떤 말 때문인지 아니면 상대방의 이유가 있는지 그런 것을 잘 분석해서 해결법을 만들어서 어 불화를 빨리 해결하지 않으면 이 일이 제대로 진행되지 않을 것이고 그것은 회사에게 손해를 끼치는 일이기 때문에 불화가 생겼을 때는 적극적으로 어 분석하고 해결해 나가는 그런 방법을 저는 사용하고 싶습니다.","wordCount":115},"emotion":[],"intent":[{"text":"","expression":"","category":"attitude"}],"summary":{"text":"일을 하다가 팀원과 불화가 생긴다면 원인에 대해서 생각해 볼 것 같습니다. 원인을 구체적으로 분석해서 해결법을 만들어서 빨리 해결하지 않으면 이 일이 제대로 진행되지 않을 것이고 그것은 회사에게 손해를 끼치는 일이기 때문에 적극적으로 분석하고 해결해 나가는 방법을 사용하고 싶습니다.","wordCount":38}}},"rawDataInfo":{"question":{"fileFormat":"wav","fileSize":547278,"duration":17100,"samplingBit":16,"channelCount":1,"samplingRate":"16kHz","audioPath":"/Mock/06.Design/Female/Experienced/ckmk_q_ard_f_e_247729.wav"},"answer":{"fileFormat":"wav","fileSize":2275918,"duration":71120,"samplingBit":16,"channelCount":1,"samplingRate":"16kHz","audioPath":"/Mock/06.Design/Female/Experienced/ckmk_a_ard_f_e_247729.wav"}}}