{"version":"1.0","dataSet":{"info":{"date":"20230116","occupation":"ARD","channel":"MOCK","place":"ONLINE","gender":"FEMALE","ageRange":"-34","experience":"EXPERIENCED"},"question":{"raw":{"text":"지원자님의 성격상 장점과 단점에 대해 각각 말씀해 주세요 장점과 단점에 구체적인 예시를 들어 주셔도 좋습니다 말씀해 주세요","wordCount":17},"emotion":[],"intent":[]},"answer":{"raw":{"text":"저는 굉장히 웃음이 많은데 그게 제 단점이라고 저는 생각을 하거든요. 어 굉장히 진지한 상황에서도 자꾸 웃음이 터질 때가 많아 가지고 좀 곤란한 상황이 많았는데 어 장례식장에서 이렇게 인사를 그 그 조문을 할 때 같이 간 오빠의 그 너무 꽉 끼는 바지가 웃긴 거예요. 그래서 그러면 안 됐는데 웃음이 갑자기 삐져나와 가지고 진짜 이를 악물고 참았던 적이 있는데 그래서 눈물이 났거든요. 그래 갖고 상주분께서 되게 제가 우는 줄 알고 같이 이렇게 인사하면서 괜찮다 라고 막 하시는데 너무 죄송했던 기억이 있습니다. 근데 사실 제가 또 그런 점 때문에 되게 분위기를 잘 살리긴 하거든요. 좀 처져있는 데서 제가 그런 행동을 보일 때 사람들이 좀 같이 웃기도 하고 재미있는 상황이 많이 일어나기도 해서 좀 장점이자 단점인 것 같습니다.","wordCount":114},"emotion":[],"intent":[{"text":"저는 굉장히 웃음이 많은데 그게 제 단점이라고 저는 생각을 하거든요.","expression":"c_person","category":"background"},{"text":"근데 사실 제가 또 그런 점 때문에 되게 분위기를 잘 살리긴 하거든요.","expression":"c_person","category":"background"},{"text":"좀 처져있는 데서 제가 그런 행동을 보일 때 사람들이 좀   같이 웃기도 하고 재미있는 상황이 많이 일어나기도 해서 좀 장점이자 단점인 것 같습니다.","expression":"c_person","category":"background"}],"summary":{"text":"저는 굉장히 웃음이 많은데, 장례식장에서 같이 간 오빠의 바지가 웃기자 이를 악물고 참았는데, 상주분이 너무 죄송했던 기억이 있습니다. 하지만 제가 좀 처져있는 데서 그런 행동을 보일 때 사람들이 같이 웃기도 하고 재미있는 상황이 많이 일어나기도 해서 장점이자 단점입니다.","wordCount":38}}},"rawDataInfo":{"question":{"fileFormat":"wav","fileSize":481998,"duration":15060,"samplingBit":16,"channelCount":1,"samplingRate":"16kHz","audioPath":"/Mock/06.Design/Female/Experienced/ckmk_q_ard_f_e_155683.wav"},"answer":{"fileFormat":"wav","fileSize":2473678,"duration":77300,"samplingBit":16,"channelCount":1,"samplingRate":"16kHz","audioPath":"/Mock/06.Design/Female/Experienced/ckmk_a_ard_f_e_155683.wav"}}}