{"version":"1.0","dataSet":{"info":{"date":"20230116","occupation":"ARD","channel":"MOCK","place":"ONLINE","gender":"FEMALE","ageRange":"45-54","experience":"EXPERIENCED"},"question":{"raw":{"text":"이제까지 협업을 하면서 가장 어려웠던 점과 그 어려웠던 점을 어떤 방법으로 해결했는지 함께 말씀해 주세요","wordCount":15},"emotion":[],"intent":[]},"answer":{"raw":{"text":"협업을 하면서 가장 어려웠던 점은 대화가 되지 않는 동료와 일을 한다는 것입니다. 제가 에이라고 말했을 때 삐라고 대답을 한다거나 예의에 대한 질문 자체를 수용하지 않는다거나 그러한 대화의 소통 부재가 협업을 할 때 가장 어려운 점이며 그런 경우 서로의 생각만의 주장이 더 많고 상대방을 수용하지 않기 때문에 협업이 되어서 하나의 완성체를 이뤄 나가는 데는 매우 어려웠던 경험이 많습니다. 그래서 협업을 꽤 어려움을 해결했던 것은 저라 저부터 상대방의 얘기를 들으며 수용하려고 하면서 듣는 입장의 협업을 선호하고 있습니다.","wordCount":75},"emotion":[],"intent":[{"text":"","expression":"","category":"attitude"}],"summary":{"text":"협업을 하면서 가장 어려웠던 점은 대화가 되지 않는 동료와 일을 한다는 것입니다. 대화의 소통 부재가 협업을 할 때 가장 어려운 점이며 서로의 말만이 많아 하나의 완성체를 이뤄 나가는 데는 어려웠던 경험이 많습니다.","wordCount":32}}},"rawDataInfo":{"question":{"fileFormat":"wav","fileSize":276558,"duration":8640,"samplingBit":16,"channelCount":1,"samplingRate":"16kHz","audioPath":"/Mock/06.Design/Female/Experienced/ckmk_q_ard_f_e_264244.wav"},"answer":{"fileFormat":"wav","fileSize":2078158,"duration":64940,"samplingBit":16,"channelCount":1,"samplingRate":"16kHz","audioPath":"/Mock/06.Design/Female/Experienced/ckmk_a_ard_f_e_264244.wav"}}}