{"version":"1.0","dataSet":{"info":{"date":"20230116","occupation":"ARD","channel":"MOCK","place":"ONLINE","gender":"FEMALE","ageRange":"55-","experience":"EXPERIENCED"},"question":{"raw":{"text":"어 우리 회사가 해외 무대로 진출한다고 어 가정해 보겠습니다 그렇게 된다면 어느 나라로 진출하면 좋을까요 이유도 말씀해 주시길 바랍니다","wordCount":19},"emotion":[],"intent":[]},"answer":{"raw":{"text":"저는 우리 회사가 가지고 있는 장점 중의 하나가 세계 어딜 내놔도 뛰어난 인재들이 많다는 점입니다. 그래서 개발도상국가가 아닌 영미권으로 진출을 하더라도 충분히 성과를 낼 수 있다 라고 생각합니다. 요즘 한류는 굉장히 큰 성과를 내고 있습니다. 이런 흐름에 힘입어 우리 회사 역시도 해외로 진출하게 된다 라면 더 많은 수익과 그리고 홍보효과도 날 것이라 생각하고 있습니다.","wordCount":54},"emotion":[],"intent":[{"text":"","expression":"","category":"attitude"}],"summary":{"text":"요즘 한류가 큰 성과를 내고 있기 때문에 우리 회사 역시도 해외로 진출하게 된다면 더 많은 수익과 홍보효과도 날 것이라 생각하고 있습니다.","wordCount":21}}},"rawDataInfo":{"question":{"fileFormat":"wav","fileSize":532878,"duration":16650,"samplingBit":16,"channelCount":1,"samplingRate":"16kHz","audioPath":"/Mock/06.Design/Female/Experienced/ckmk_q_ard_f_e_248020.wav"},"answer":{"fileFormat":"wav","fileSize":1882958,"duration":58840,"samplingBit":16,"channelCount":1,"samplingRate":"16kHz","audioPath":"/Mock/06.Design/Female/Experienced/ckmk_a_ard_f_e_248020.wav"}}}