{"version":"1.0","dataSet":{"info":{"date":"20230116","occupation":"ARD","channel":"MOCK","place":"ONLINE","gender":"FEMALE","ageRange":"35-44","experience":"EXPERIENCED"},"question":{"raw":{"text":"지원자님께서 겪었던 경험이나 일들 중에 디자인 트렌드가 가장 인상 깊었던 것이 있다면 그것이 무엇이었는지 말씀해 주시겠습니까","wordCount":16},"emotion":[],"intent":[]},"answer":{"raw":{"text":"음 뭐 공연계라면 최근에는 이제 많이 또 사라졌지만 굉장히 큰 오브제를 메인에 딱 네 내세우는 그런 디자인이 좀 트렌드였죠. 한 십 년 전 쯤인 것 같아요. 네 거의 딱 십 년 전쯤 거 딱 무대 정면에 엄청 크게 무대를 거의 꽉 채울 정도로 큰 구조물이 그 형상이 된 구조물이 뭐 달려있기도 하고 어디 벽에 붙어있기도 하고 아니면 뭐 바닥이 기울어져서 막 떠 있기도 하고 정말 뭐 다양하죠. 네 그러한 형상을 띤 어떠한 것을 띤 구조물들 오브제들 공연과 연결되고 여러 가지로 이야기의 흐름과 네 어떤 서사의 부분과 직결되고 그런 것들이었죠. 네 이게 한번 히트를 치니까 그러한 흐름으로 또 네 대유행이 됐었던 적이 있습니다.","wordCount":102},"emotion":[],"intent":[{"text":"","expression":"","category":"attitude"}],"summary":{"text":"공연계에서는 굉장히 큰 오브제를 메인에 내세우는 디자인이 트렌드였습니다. 십 년 전쯤 큰 구조물들이 공연과 연결되고 이야기의 흐름과 서사의 부분과 직결되었습니다. 한번 히트를 치니 대유행이 됐습니다.","wordCount":25}}},"rawDataInfo":{"question":{"fileFormat":"wav","fileSize":431438,"duration":13480,"samplingBit":16,"channelCount":1,"samplingRate":"16kHz","audioPath":"/Mock/06.Design/Female/Experienced/ckmk_q_ard_f_e_179736.wav"},"answer":{"fileFormat":"wav","fileSize":2852558,"duration":89140,"samplingBit":16,"channelCount":1,"samplingRate":"16kHz","audioPath":"/Mock/06.Design/Female/Experienced/ckmk_a_ard_f_e_179736.wav"}}}