{"version":"1.0","dataSet":{"info":{"date":"20230116","occupation":"ARD","channel":"MOCK","place":"ONLINE","gender":"FEMALE","ageRange":"45-54","experience":"EXPERIENCED"},"question":{"raw":{"text":"남들과는 다른 본인만의 경쟁력을 설명해 주세요 경쟁력을 키우기 위해 어떤 노력을 하셨는지도 함께 말씀 부탁드립니다","wordCount":15},"emotion":[],"intent":[]},"answer":{"raw":{"text":"제가 생각하는 저만의 경쟁력은 상상력을 구체화 시키는 능력인 것 같습니다. 저는 항상 다양한 생각들을 많이 합니다. 그리고 제가 하고 싶은 일이나 해야 할 일에 접목을 시킬 포인트를 잘 캐치합니다. 그래서 지인들과 직장 동료들도 저에게 아이디어를 많이 물어보고 이를 구체화 시키는 것에 대한 도움 요청을 많이 받습니다. 그냥 단순히 상상하고 공상으로 끝나는 것이 아니라 제가 가진 아이디어들을 어떻게 구체화 시킬 것인지에 대한 생각을 정말 많이 합니다. 다들 자신의 아이디어는 꽁꽁 숨겨두고 알려주지 않는데 저는 저의 아이디어가 다른 사람에게 도움이 된다는 그 자체가 즐거움이고 기쁨이기 때문에 누군가에게 일적인 도움을 주는 것을 좋아합니다. 그래서 그것이 저의 경쟁력이라고 생각합니다.","wordCount":95},"emotion":[{"text":"다들 자신의 아이디어는 꽁꽁 숨겨두고 알려주지 않는데 저는 저의 아이디어가 다른 사람에게 도움이 된다는 그 자체가 즐거움이고 기쁨이기 때문에 누군가에게 일적인 도움을 주는 것을 좋아합니다.","expression":"p-happiness","category":"positive"}],"intent":[{"text":"","expression":"","category":"attitude"}],"summary":{"text":"저는 제 아이디어가 다른 사람에게 도움이 된다는 그 자체가 즐거움이고 기쁨이기 때문에 누군가에게 일적인 도움을 주는 것을 좋아합니다. 그래서 그것이 저의 경쟁력이라고 생각합니다.","wordCount":23}}},"rawDataInfo":{"question":{"fileFormat":"wav","fileSize":364878,"duration":11400,"samplingBit":16,"channelCount":1,"samplingRate":"16kHz","audioPath":"/Mock/06.Design/Female/Experienced/ckmk_q_ard_f_e_259214.wav"},"answer":{"fileFormat":"wav","fileSize":2095758,"duration":65489,"samplingBit":16,"channelCount":1,"samplingRate":"16kHz","audioPath":"/Mock/06.Design/Female/Experienced/ckmk_a_ard_f_e_259214.wav"}}}