{"version":"1.0","dataSet":{"info":{"date":"20230116","occupation":"ARD","channel":"MOCK","place":"ONLINE","gender":"FEMALE","ageRange":"-34","experience":"EXPERIENCED"},"question":{"raw":{"text":"남들과는 다른 자신만의 경쟁력이 있다면 말씀해 주세요 경쟁력을 키우기 위해 어떤 노력을 했나요","wordCount":13},"emotion":[],"intent":[]},"answer":{"raw":{"text":"네 저는 다른 저만의 방법으로 아무래도 지구력을 말씀드릴 수 있을 것 같고요. 디자이너들은 엉덩이가 무거워야 오래 버틴다는 말이 있습니다. 그래서 저는 이 다른 사람들이 식사하거나 이럴 때도 그냥 제 자리에서 할 일을 하면서 식사를 하거나 아니면 그냥 음료로 대처했던 그런 기억도 나구요. 그리고 또 이런 쪽에서는 프리젠테이션도 굉장히 많이 합니다. 그래서 저는 말을 잘 하기 위해 그리고 내 말이 남들에게 거슬리는지 안 거슬리는지 확인해 보기 위해서 핸드폰으로 제 모습을 녹화하면서 거기에서 문제점을 찾았던 적도 있었습니다. 나의 발음이라던지 아니면은 나의 말의 속도라던지 이런 거를 유심 깊게 볼 수 있었던 기회가 되었고요. 사실 그런 걸 확인할 때는 굉장히 부끄럽고 여러 번의 엔지라고 하나 그런 것도 맞습니다. 말을 하다가 제가 카메라를 의식하기도 하고 그러더라고요. 그러다가 나중에는 뭐 친한 친구라든지 아니면은 또 가족들 앞에서 연습하기도 했었고 네 그랬던 노력을 한 경험 경험이라고 해야 되나요. 기억이 있습니다.","wordCount":132},"emotion":[],"intent":[{"text":"","expression":"","category":"attitude"}],"summary":{"text":"저는 다른 저만의 방법으로 지구력을 말씀을 할 수 있을 것 같습니다. 또 프리젠테이션을 많이 하기 때문에 완벽한 발표를 위해 녹화를 하면서 발음,속도의 문제점을 찾아 개선하기도 했습니다. ","wordCount":26}}},"rawDataInfo":{"question":{"fileFormat":"wav","fileSize":320078,"duration":10000,"samplingBit":16,"channelCount":1,"samplingRate":"16kHz","audioPath":"/Mock/06.Design/Female/Experienced/ckmk_q_ard_f_e_187145.wav"},"answer":{"fileFormat":"wav","fileSize":2416078,"duration":75500,"samplingBit":16,"channelCount":1,"samplingRate":"16kHz","audioPath":"/Mock/06.Design/Female/Experienced/ckmk_a_ard_f_e_187145.wav"}}}