{"version":"1.0","dataSet":{"info":{"date":"20230116","occupation":"ARD","channel":"MOCK","place":"ONLINE","gender":"FEMALE","ageRange":"-34","experience":"EXPERIENCED"},"question":{"raw":{"text":"사적인 질문이라고 생각하실 수도 있는데요 주변 친구들 중 한 명을 골라 칭찬을 해 주세요 그 칭찬이 구체적이고 자세한 칭찬일수록 좋은 답변이라고 생각할 수 있겠습니다","wordCount":24},"emotion":[],"intent":[]},"answer":{"raw":{"text":"제 친구 중에 어 일을 할 때 굉장히 집중이 좋은 친구가 있습니다. 어 같이 이케 놀거나 할 때는 자신의 리듬을 되게 잘 지키는 친구거든요. 그래서 뭐 늦게까지 자지 않고 논다거나 할 때는 어쨌든 어 시간이 되면은 자기가 원래 자야 되는 시간이 되면은 꼭 잠을 자고 그 일어나는 시간도 잘 지키면서 하는 친군데 일을 할 때는 어 밤을 새더라도 그 일에 데게 집중을 잘하고 효율성이 좋더라구요. 그래서 그런 부분이 저는 잘 되지 않는 부분이라서 부럽기도 했고 뭔가 그 친구의 어떤 집념 자체가 굉장히 높이 살 수 있는 부분이라는 생각이 들었습니다. 그래서 어 지각도 잘 안하고 그리고 사실 퇴근도 되게 잘 지키는 친군데 어쨌든 자기가 돈을 벌어야겠다라고 마음을 먹으면 그 일을 굉장히 끝까지 집념 있게 해내는 그런 장점이 있습니다.","wordCount":117},"emotion":[],"intent":[{"text":"","expression":"","category":"attitude"}],"summary":{"text":"제 친구 중에 일을 할 때 굉장히 집중이 좋은 친구가 있습니다. 그 친구는 시간을 잘 지키면서 그 일에 집중을 잘하고 효율성이 좋았습니다. 그래서 그 친구가 돈을 벌야겠다라고 마음을 먹으면 그 일을 굉장히 끝까지 집념 있게 해내는 장점이 있었습니다.","wordCount":38}}},"rawDataInfo":{"question":{"fileFormat":"wav","fileSize":537038,"duration":16780,"samplingBit":16,"channelCount":1,"samplingRate":"16kHz","audioPath":"/Mock/06.Design/Female/Experienced/ckmk_q_ard_f_e_182777.wav"},"answer":{"fileFormat":"wav","fileSize":2604558,"duration":81390,"samplingBit":16,"channelCount":1,"samplingRate":"16kHz","audioPath":"/Mock/06.Design/Female/Experienced/ckmk_a_ard_f_e_182777.wav"}}}