{"version":"1.0","dataSet":{"info":{"date":"20230116","occupation":"ARD","channel":"MOCK","place":"ONLINE","gender":"FEMALE","ageRange":"45-54","experience":"EXPERIENCED"},"question":{"raw":{"text":"지원자님께서는 직무를 수행할 때 난관에 봉착했다면 어떻게 해결해 나가시겠습니까 지원자님의 해결법과 그 이유에 대해서 말씀 들어보고 싶습니다","wordCount":17},"emotion":[],"intent":[]},"answer":{"raw":{"text":"직무를 수행할 때 어려움에 부딪쳤다면 우선 같은 팀원들과 상의를 해 보도록 하겠습니다. 팀원과 상의했을 때 적당한 해결 방법이 나타나지 않는다면 우선 비슷한 사례들의 자료를 좀 찾아보고 그런 경우들에 어떻게 해결점을 찾았는지 먼저 확인해 보겠습니다. 그런데 그렇게 해도 해결점을 찾을 수 없다면 상사에게 도움을 요청하거나 가능한 전문가에게 도움을 받아 문제를 해결할 것입니다.","wordCount":51},"emotion":[],"intent":[{"text":"","expression":"","category":"attitude"}],"summary":{"text":"팀원들과 상의했을 때 해결 방법이 나타나지 않는다면 비슷한 사례들의 자료를 좀 찾아보고 해결점을 찾았는지 확인하고, 해결점이 없다면 상사나 전문가에게 도움을 요청해야 합니다.","wordCount":22}}},"rawDataInfo":{"question":{"fileFormat":"wav","fileSize":441678,"duration":13800,"samplingBit":16,"channelCount":1,"samplingRate":"16kHz","audioPath":"/Mock/06.Design/Female/Experienced/ckmk_q_ard_f_e_176983.wav"},"answer":{"fileFormat":"wav","fileSize":1128718,"duration":35270,"samplingBit":16,"channelCount":1,"samplingRate":"16kHz","audioPath":"/Mock/06.Design/Female/Experienced/ckmk_a_ard_f_e_176983.wav"}}}