{"version":"1.0","dataSet":{"info":{"date":"20230116","occupation":"ARD","channel":"MOCK","place":"ONLINE","gender":"FEMALE","ageRange":"45-54","experience":"EXPERIENCED"},"question":{"raw":{"text":"지원자님이 커뮤니케이션을 잘 할 수 있는 본인만에 스킬이 있다면 한번 소개해 주시겠어요 직접 한번 액팅과 같이 보여주셔도 좋습니다","wordCount":18},"emotion":[],"intent":[]},"answer":{"raw":{"text":"저는 커뮤니케이션에서 가장 중요한 건 존중과 배려라고 생각이 듭니다. 어 커뮤니케이션은 기본적으로 나와 타인 이렇게 두 명 이상이 하는 거기 때문에 서로를 이해하고 상호 존중하는 게 굉장히 중요하다고 생각이 듭니다. 기본적으로 저는 수평적인 마인드를 가지고 있고요. 또 업무를 진행할 때 어 상사와 뭐 부하 직원 이런 개념이 아니고 서로 협업하는 관계라고 생각이 듭니다. 파트너라는 생각으로 접근을 하게 되면 그 사람들을 존중하게 되고 그 의견을 수용할 수 있는 자세가 생기는 것 같은데요. 이런 마음으로 협업을 하고 커뮤니케이션을 해야 결과물이 좋았던 것 같습니다. 만약 어느 누가 하나가 수직적인 구조로 서로를 대하거나 서로 무시하게 된다면 그 협업이 잘 이루어지기 힘들다고 생각이 듭니다. 그렇기 때문에 커뮤니케이션에서는 기본적으로 서로 이해하고 배려하면서 그러면서도 각자 의견을 잘 낼 수 있는 어 그런 관계들이 굉장히 중요하다고 생각합니다.","wordCount":119},"emotion":[],"intent":[{"text":"저는 커뮤니케이션에서 가장 중요한 건 존중과 배려라고 생각이 듭니다.","expression":"c_value","category":"background"},{"text":"어 커뮤니케이션은 기본적으로 나와 타인 이렇게 두 명 이상이 하는 거기 때문에   서로를 이해하고 상호 존중하는 게 굉장히 중요하다고 생각이 듭니다.","expression":"c_value","category":"background"}],"summary":{"text":"커뮤니케이션에서 가장 중요한 건 존중과 배려입니다. 수평적인 마인드를 가지고 업무를 진행할 때 상사와 부하 직원이 아니라 파트너라는 생각으로 접근하면 존중하게 되고 그 의견을 수용할 수 있는 자세가 생깁니다. 수직적인 구조가 아니라 서로 이해하고 배려하면서 각자의 의견을 잘 낼 수 있는 관계들이 중요합니다.","wordCount":42}}},"rawDataInfo":{"question":{"fileFormat":"wav","fileSize":549198,"duration":17160,"samplingBit":16,"channelCount":1,"samplingRate":"16kHz","audioPath":"/Mock/06.Design/Female/Experienced/ckmk_q_ard_f_e_108139.wav"},"answer":{"fileFormat":"wav","fileSize":2268878,"duration":70900,"samplingBit":16,"channelCount":1,"samplingRate":"16kHz","audioPath":"/Mock/06.Design/Female/Experienced/ckmk_a_ard_f_e_108139.wav"}}}