{"version":"1.0","dataSet":{"info":{"date":"20230116","occupation":"ARD","channel":"MOCK","place":"ONLINE","gender":"FEMALE","ageRange":"35-44","experience":"EXPERIENCED"},"question":{"raw":{"text":"가장 자신있는 작업은 무엇일까요","wordCount":4},"emotion":[],"intent":[]},"answer":{"raw":{"text":"저는 손으로 만드는 것은 다 자신 있습니다. 깊게 배우지 않아도 어 뭔가를 만드는 거 손으로 어떤 것을 작업하는 거에 좀 능력이 뛰어난 편이고요. 대충 한 번 훑으면 그것들을 어떤 식으로 작업해야 하는지 감이 좀 있는 편입니다. 그래서 처음 접하는 분야일지라도 손으로 만들어야 하는 작업이라면 마음 편하게 할 수 있고 두려움이 없는 편입니다.","wordCount":52},"emotion":[],"intent":[{"text":"","expression":"","category":"attitude"}],"summary":{"text":"처음 접하는 분야라도 손으로 만드는 작업이라면 마음 편하게 할 수 있고 두려움이 없는 편입니다. 이는 제가 손으로 만드는 것에 자신감 있기 때문입니다.","wordCount":22}}},"rawDataInfo":{"question":{"fileFormat":"wav","fileSize":167758,"duration":5240,"samplingBit":16,"channelCount":1,"samplingRate":"16kHz","audioPath":"/Mock/06.Design/Female/Experienced/ckmk_q_ard_f_e_101879.wav"},"answer":{"fileFormat":"wav","fileSize":1348878,"duration":42150,"samplingBit":16,"channelCount":1,"samplingRate":"16kHz","audioPath":"/Mock/06.Design/Female/Experienced/ckmk_a_ard_f_e_101879.wav"}}}