{"version":"1.0","dataSet":{"info":{"date":"20230116","occupation":"ARD","channel":"MOCK","place":"ONLINE","gender":"FEMALE","ageRange":"-34","experience":"EXPERIENCED"},"question":{"raw":{"text":"면접자님께서 그동안 인생에서 겪었던 갈등들 중에서 가장 심각했던 갈등이 무엇일까요 그중 한 가지만 골라서 설명 부탁드립니다","wordCount":16},"emotion":[],"intent":[]},"answer":{"raw":{"text":"어 제가 학교를 휴학을 한 적이 있었습니다. 그래서 이 학교를 휴학하고 다른 일을 했었을 때 계속 이쪽 일을 해야 될지 아니면은 학교로 돌아가서 학업을 끝내야 될지 이런 갈등을 했었는데요. 이게 어찌 보면 저의 인생을 갈라 놓을 수 있는 기회라고 하면 좀 그렇고 큰 선택이었기 때문에 아무래도 갈등이 좀 있었던 것 같습니다. 그래도 저는 다시 학교를 돌아가서 이것을 끝 맞춰야겠다 라고 생각해서 다시 학교로 돌아왔고요. 지금은 현재 제가 원하는 일을 하면서 또 잘 지내고 있습니다. 그래서 이런 갈등 제 인생의 갈등이 있었을 때는 꽤나 신중하고 그리고 많은 방면으로 생각하는 편입니다. 그리고 인생에 있어서 후회가 없는 선택을 하기는 굉장히 어렵다고 생각합니다. 하지만 제가 또 느끼기에는 후회를 어차피 다 한다 그러면 조금은 후회가 적은 쪽으로 선택을 하자라고 생각하기에 조금 그런 갈등에 있어서는 신중하게 생각하는 편입니다.","wordCount":122},"emotion":[{"text":"어 제가 학교를 휴학을 한 적이 있었습니다.","expression":"u-fact","category":"neutral"}],"intent":[{"text":"","expression":"","category":"attitude"}],"summary":{"text":"저는 학교를 휴학한 적이 있어서 휴학하고 다른 일을 했었을 때 계속 이쪽 일을 해야 될지 아니면 학교로 돌아가서 학업을 끝내야 될지 고민을 했었습니다. 하지만 다시 학교로 돌아왔고 지금은 원하는 일을 하고 있습니다. 후회가 없는 선택을 하기는 어렵지만 후회가 적은 쪽으로 선택을 하자고 생각하기에 신중히 생각합니다.","wordCount":45}}},"rawDataInfo":{"question":{"fileFormat":"wav","fileSize":591758,"duration":18490,"samplingBit":16,"channelCount":1,"samplingRate":"16kHz","audioPath":"/Mock/06.Design/Female/Experienced/ckmk_q_ard_f_e_187047.wav"},"answer":{"fileFormat":"wav","fileSize":2019918,"duration":63120,"samplingBit":16,"channelCount":1,"samplingRate":"16kHz","audioPath":"/Mock/06.Design/Female/Experienced/ckmk_a_ard_f_e_187047.wav"}}}