{"version":"1.0","dataSet":{"info":{"date":"20230116","occupation":"ARD","channel":"MOCK","place":"ONLINE","gender":"FEMALE","ageRange":"-34","experience":"EXPERIENCED"},"question":{"raw":{"text":"일을 하게 되면 자료를 문서화할 일이 많습니다 지원자님께서는 이 문서화 작업이 왜 필요하다고 생각하시는지 들어보고 싶습니다","wordCount":16},"emotion":[],"intent":[]},"answer":{"raw":{"text":"어 객관적인 정보를 볼 수 있다고 생각이 들구요. 어쨌든 제가 혼자 하는 일이 아니기 때문에 서로 딱 봤을 때 간결하게 볼 수 있어야 한다고 생각을 해서 문서화 작업은 필요하다고 생각합니다. 생각보다 그런 것들을 문서화시키지 않으면 서로의 기억도 다르고 객관적인 기록이 없잖아요. 그러니깐 문서화 작업은 사실 항상 업무에 있어서 중요한 포인트인 것 같고. 그리고 회사 자체에서 그 문서 양식을 중요하게 통일해야 된다고 생각해요 근데 너무 자잘한 것까지 통일시키면은 효율성이 좀 떨어질 것 같고. 진짜 모든 사람들이 봐도 딱 중점을 알 수 있게 파악이 될 수 있게끔 문서화 작업이 이루어져야 된다고 생각합니다.","wordCount":90},"emotion":[],"intent":[{"text":"","expression":"","category":"attitude"}],"summary":{"text":"업무에서 문서화 작업은 중요한 포인트인데 회사 자체에서 문서 양식을 중요하게 통일해야 한다고 생각합니다. 자잘한 것까지 통일시키면 효율성이 떨어지니 모든 사람이 봐도 중점을 파악할 수 있게 문서화 작업이 이루어져야 합니다.","wordCount":29}}},"rawDataInfo":{"question":{"fileFormat":"wav","fileSize":390478,"duration":12200,"samplingBit":16,"channelCount":1,"samplingRate":"16kHz","audioPath":"/Mock/06.Design/Female/Experienced/ckmk_q_ard_f_e_149723.wav"},"answer":{"fileFormat":"wav","fileSize":1945678,"duration":60800,"samplingBit":16,"channelCount":1,"samplingRate":"16kHz","audioPath":"/Mock/06.Design/Female/Experienced/ckmk_a_ard_f_e_149723.wav"}}}