{"version":"1.0","dataSet":{"info":{"date":"20230116","occupation":"ARD","channel":"MOCK","place":"ONLINE","gender":"FEMALE","ageRange":"35-44","experience":"EXPERIENCED"},"question":{"raw":{"text":"시간이 촉박한 상황이 생기면 지원자님께서는 어떻게 시간 관리를 하십니까 지원자님의 시간 관리법이 궁금합니다","wordCount":13},"emotion":[],"intent":[]},"answer":{"raw":{"text":"어 뭐 일에 있어서 시간이 촉박을 해지면 얼마나 남았는지를 체크를 하고 어 사실 그래요 웬만하면은 어떻게든 어떻게 해서든 조금 서둘러 가지고 제가 애초에 하고 하고자 했던 디자인대로 다 진행을 하겠지만 정말 말도 안되는 그런 무리인 상황이라면 과감하게 포기해야 될 부분부터 먼저 다 제낄 거 같습니다. 네 그래서 현실적으로 가능한 부분 지금 당장 했을 때 가장 빠르게 어 가장 원래의 의도대로 완성시킬 수 있는 부분 거기에 우선순위를 두고 그 부분부터 붙이기 시작을 하고 네 가장 조금 서브인 부분 뭔가 배경으로서의 부분을 네 그 부분을 먼저 재끼고 그렇게 할 것 같아요. 그런데 촉박한 상황은 사실 정말 많아요. 그런데 그렇다고 그것 그러한 상황마다 다 포기하거나 하지는 않는데 그래서 웬만하면 다 꾸역꾸역 다 해내 냈는데 어쩌다 한번 어쩔 경우에는 이런 포기하는 경우가 있기도 합니다. 네","wordCount":121},"emotion":[],"intent":[{"text":"","expression":"","category":"attitude"}],"summary":{"text":"일에 있어서 시간이 촉박을 해지면 얼마나 남았는지를 체크하고 정말 말도 안되는 무리인 상황이라면 과감하게 포기해야 될 부분부터 먼저 다 제껴야 될 것 같습니다. 그런데 촉박한 상황은 사실 정말 많은데 그렇다고 다 포기하거나 하지는 않습니다.","wordCount":34}}},"rawDataInfo":{"question":{"fileFormat":"wav","fileSize":352078,"duration":11000,"samplingBit":16,"channelCount":1,"samplingRate":"16kHz","audioPath":"/Mock/06.Design/Female/Experienced/ckmk_q_ard_f_e_179733.wav"},"answer":{"fileFormat":"wav","fileSize":2896718,"duration":90520,"samplingBit":16,"channelCount":1,"samplingRate":"16kHz","audioPath":"/Mock/06.Design/Female/Experienced/ckmk_a_ard_f_e_179733.wav"}}}