{"version":"1.0","dataSet":{"info":{"date":"20230116","occupation":"ARD","channel":"MOCK","place":"ONLINE","gender":"FEMALE","ageRange":"45-54","experience":"EXPERIENCED"},"question":{"raw":{"text":"지원자님께서는 좋아하는 브랜드가 있나요 있다면 왜 그 브랜드를 좋아하는지 말씀해 주시고 브랜드란 뭐라고 생각하는지도 한번 설명해 보세요","wordCount":17},"emotion":[],"intent":[]},"answer":{"raw":{"text":"제가 좋아하는 브랜드는 신발 브랜드인데요. 그 신발을 브랜드를 좋아하게 된 이유는 우연한 기회에 그 신발이 어 할인가로 판매하고 있어서 한 번 신어볼까 요즘 이 신발이 유행하고 있던데 하면서 구입하서 해서 신게 됐는데 그 신을 신고 여행을 가서 걸어다니다 보니까 신발이 너무나 편안하고 형태도 틀어지지 않고 모양도 예쁘고 가볍고 만족감을 엄청 주는 거였었어요. 그래서 생각지도 못하게 저렴한 가격으로 구매한 신발이 나를 이렇게 즐겁게 해주네. 이런 기분이 들었고 다음에 신발을 고르러 갈 때 그 브랜드 신발을 또 고르게 됐습니다. 역시 가볍고 편안하고 또 누가 봐도 모양도 예쁘고 품질도 좋았습니다. 제가 우연한 기회에 선택했던 이 신발을 지금은 좋아하는 신발 브랜드로 어 마음에 두고 있는 것처럼 브랜드라는 것은 한 번 선택을 받으면 그 이후에 주는 만족과 불안으로 불안 만족과 불만족으로 인해서 다시 선택을 받을 수 있느냐 없느냐 굉장히 중요한 위치에 놓인 어떤 것이라고 생각합니다. 브랜드라는 것이 가지고 있는 장점과 특징을 잘 살려서 다시 선택 받을 수 있는 그런 것이 가장 중요한 브랜드의 힘이라고 생각합니다.","wordCount":150},"emotion":[{"text":"보니까 신발이 너무나 편안하고 형태도 틀어지지 않고 모양도 예쁘고 가볍고 만족감을 엄청 주는 거였었어요.","expression":"p-happiness","category":"positive"},{"text":"그래서 생각지도 못하게 저렴한 가격으로 구매한 신발이 나를 이렇게 즐겁게 해주네.","expression":"p-happiness","category":"positive"}],"intent":[{"text":"","expression":"","category":"attitude"}],"summary":{"text":"브랜드는 한 번 선택을 받으면 그 이후에 주는 만족과 불만족,  만족과 불만족으로 인해서 다시 선택을 받을 수 있느냐 없느냐 굉장히 중요한 위치에 놓인 어떤 것이라고 생각합니다. 브랜드라는 것이 가지고 있는 장점과 특징을 잘 살려서 다시 선택 받을 수 있는 그런 것이 가장 중요한 브랜드의 힘이라고 합니다.","wordCount":46}}},"rawDataInfo":{"question":{"fileFormat":"wav","fileSize":428878,"duration":13400,"samplingBit":16,"channelCount":1,"samplingRate":"16kHz","audioPath":"/Mock/06.Design/Female/Experienced/ckmk_q_ard_f_e_247732.wav"},"answer":{"fileFormat":"wav","fileSize":3052238,"duration":95380,"samplingBit":16,"channelCount":1,"samplingRate":"16kHz","audioPath":"/Mock/06.Design/Female/Experienced/ckmk_a_ard_f_e_247732.wav"}}}