{"version":"1.0","dataSet":{"info":{"date":"20230116","occupation":"ARD","channel":"MOCK","place":"ONLINE","gender":"FEMALE","ageRange":"-34","experience":"EXPERIENCED"},"question":{"raw":{"text":"음 평소에 개인 작업을 많이 하시는 편인가요 만약 그렇다면 어 그렇게 할 수 있는 원동력이 무엇이라고 생각하는지 말씀 부탁 드려요","wordCount":20},"emotion":[],"intent":[]},"answer":{"raw":{"text":"어 제가 배우 활동을 할 때는 일 인 작업을 많이 하긴 했었어요. 프로젝트성으로 일 인 작업을 많이 했었고 여기 지원하는 업무와 관련돼서 쫌 말씀을 드리자면 어 숨고라든지 그런 레슨을 제공하는 싸이트 플랫폼에서 제 이력을 등록을 해서 어 개인 레슨을 많이 진행하기는 했었어요. 그래서 어 실제로 좀 연기를 이제 시작하려고 하는데 선뜻 처음 하니까 선뜻 어떻게 해야 될지 모르겠는 사람들 있잖아요. 학원을 가기가 부담스러워하는 그런 사람들이 꽤 많거든요. 그래서 그런 분들을 좀 개인 레슨을 많이 시작해 줬었고 실제로 어 대입을 이어서 입시까지 제가 성공적으로 합격시켰던 경험이 많은데 사실 그 안에 고 삼 아이들보다는 성인이 돼서 다시 이 일을 하고 싶어서 찾아온 사람들의 비율이 더 높았던 것 같기는 해요. 아무래도 좀 비슷한 또래의 선생님을 좀 많이 찾아서 왔던 것 같습니다.","wordCount":118},"emotion":[],"intent":[{"text":"어 제가 배우 활동을 할 때는 일 인 작업을 많이 하긴 했었어요.","expression":"c_private","category":"background"}],"summary":{"text":"배우 활동을 할 때는 프로젝트성으로 일 인 작업을 많이 하고 이력 등록을 해서 개인 레슨을 많이 진행했습니다. 대입을 이어서 입시까지 성공적으로 합격시켰던 경험이 많은데 그 안에 성인이 돼 다시 일을 하고 싶어서 찾아온 사람들의 비율이 더 높았습니다.","wordCount":37}}},"rawDataInfo":{"question":{"fileFormat":"wav","fileSize":390478,"duration":12200,"samplingBit":16,"channelCount":1,"samplingRate":"16kHz","audioPath":"/Mock/06.Design/Female/Experienced/ckmk_q_ard_f_e_155684.wav"},"answer":{"fileFormat":"wav","fileSize":2587598,"duration":80860,"samplingBit":16,"channelCount":1,"samplingRate":"16kHz","audioPath":"/Mock/06.Design/Female/Experienced/ckmk_a_ard_f_e_155684.wav"}}}