{"version":"1.0","dataSet":{"info":{"date":"20230116","occupation":"ARD","channel":"MOCK","place":"ONLINE","gender":"FEMALE","ageRange":"-34","experience":"EXPERIENCED"},"question":{"raw":{"text":"어 일을 하다 보면 상사와 트러블이 생길 수 있습니다 어 이러한 상황에서 어떻게 대처를 하실 겁니까 그리고 또 상사가 혼내면 어 기분이 나쁘시지는 않으실까요","wordCount":24},"emotion":[],"intent":[]},"answer":{"raw":{"text":"네 일을 하다보면 당연히 상사분과 트러블이 생길 수 있다고 생각을 합니다. 거기에서 중요한 거는 내가 나의 잘못을 인정하고 받아들이는 태도라고 생각이 듭니다. 그리고 사람인 만큼 혼낸다고 하면은 기분이 나쁠 수도 있겠죠. 왜냐하면 저희는 기계가 아니고 사람이고 내 생각을 조금 더 우선시하기 때문에 기분이 나쁠 수도 있다고 생각이 듭니다. 하지만 그것을 어떻게 표현을 하고 그리고 거기에서 오는 생각을 어떻게 정리하는지 그 후에 일에 달렸다고 생각이 드는데요. 예를 들어서 나의 실수로 상사가 나에게 화를 냈다 라고 하면 처음에는 아 좀 화가 나도 이제 소리를 들었을 때는 좀 기분이 안 좋지만 그래도 저 사람 입장에서는 그러는 게 당연하겠다 이 프로젝트에서 내가 이 실수를 해서 이걸로 인해서 문제가 생겨서 나한테 화를 내는 거구나 너무 죄송하다 라고 받아들일 것 같습니다. 원래 사람은 자신의 문제를 바라보고 인정하는 게 굉장히 쉽지 않기 때문인데요. 그래서 저는 조금은 그러한 자세로 내 나의 잘못을 인정하는 자세로 내 일에 이 이 말을 계속 반복하게 되네요. 일에 임할 것 같고요. 만약에 트러블이 생긴다고 하면은 저에 잘못을 인정하고 그것을 받아들인 자세로 네 혼을 날 것 같습니다.","wordCount":163},"emotion":[],"intent":[{"text":"","expression":"","category":"attitude"}],"summary":{"text":"일을 하다 보면 상사분과 트러블이 생길 수 있습니다. 그 중 중요한 건 저의 잘못을 인정하고 받아들이는 태도입니다. 상사와 화났다고 하면 잘못을 인정하고 받아들인 자세로 혼을 날 것 같습니다.","wordCount":28}}},"rawDataInfo":{"question":{"fileFormat":"wav","fileSize":528078,"duration":16500,"samplingBit":16,"channelCount":1,"samplingRate":"16kHz","audioPath":"/Mock/06.Design/Female/Experienced/ckmk_q_ard_f_e_188151.wav"},"answer":{"fileFormat":"wav","fileSize":2544718,"duration":79520,"samplingBit":16,"channelCount":1,"samplingRate":"16kHz","audioPath":"/Mock/06.Design/Female/Experienced/ckmk_a_ard_f_e_188151.wav"}}}