{"version":"1.0","dataSet":{"info":{"date":"20230116","occupation":"ARD","channel":"MOCK","place":"ONLINE","gender":"FEMALE","ageRange":"-34","experience":"EXPERIENCED"},"question":{"raw":{"text":"그 이전 직장에서 그 퇴사를 하셨는데요 뭐 퇴사하신 것을 혹시라도 후회하신 적은 없으신지 그 만약에 있다면 그 왜인지도 고 이유 함께 말씀 부탁 드리겠습니다","wordCount":24},"emotion":[],"intent":[]},"answer":{"raw":{"text":"네 저는 전에 직장에서 일할 수 있었다는 걸 굉장히 감사하게 생각을 하고요. 퇴사한 것을 후회하지 않습니다. 다만 전에 회사에서 제가 디자인을 여러 가지를 배웠고 또 기반을 닦을 수 있어서 굉장히 고맙고 감사하게 생각을 합니다. 어 전에 회사에서 업무를 하면서 제가 굉장히 많은 점을 배웠는데요. 제가 디자인 공부를 하고 또 여러 가지를 어 겪었지만 그래도 그 회사에서 여러 가지 시스템적인 부분이라던가 아니면 디자인을 할 때 필요한 요소들을 많이 배웠습니다. 어 제가 특히 이제 많이 배울 수 있었던 건 어 제가 이제 저 바로 직속 상사 디자이너께서 굉장히 훌륭한 분이셨습니다. 저한테 많은 부분들을 알려주시고 또 제가 업무를 하면서 부족한 부분을 가르쳐 주셔서 제가 배울 수 있는 성장의 기회가 된 것 같은데요. 어 다만 제가 지금 퇴사를 한 이유는 더 나은 회사에서 더 큰 꿈을 위해서 온 만큼 어 퇴사를 후회하지는 않는 것 같습니다. 그리고 저에게는 앞으로 많은 기회들이 남아있고 또 제가 그걸 통해서 성장할 수 있기 때문에 어 퇴사를 후회한 것보다는 앞으로의 삶을 어떻게 살 것인지 어떤 회사에 입사해서 어떤 업무를 할 것인지가 저에게는 더 지금 중요한 과제인 것 같습니다.","wordCount":168},"emotion":[],"intent":[{"text":"","expression":"","category":"attitude"}],"summary":{"text":"전 직장에서 디자인에 대한 많은 것을 배웠고 기반을 닦을 수 있어서 감사하게 생각합니다. 회사에서 시스템적인 부분과 디자인에 필요한 요소들을 많이 배웠고, 직속상사 디자이너님 덕분에 배움의 성장의 기회가 되었습니다. 앞으로 어떤 회사에 입사해서 어떤 업무를 할 것인지가 저에게는 중요한 과제인 것 같습니다.","wordCount":41}}},"rawDataInfo":{"question":{"fileFormat":"wav","fileSize":613838,"duration":19180,"samplingBit":16,"channelCount":1,"samplingRate":"16kHz","audioPath":"/Mock/06.Design/Female/Experienced/ckmk_q_ard_f_e_120615.wav"},"answer":{"fileFormat":"wav","fileSize":2749198,"duration":85910,"samplingBit":16,"channelCount":1,"samplingRate":"16kHz","audioPath":"/Mock/06.Design/Female/Experienced/ckmk_a_ard_f_e_120615.wav"}}}