{"version":"1.0","dataSet":{"info":{"date":"20230116","occupation":"ARD","channel":"MOCK","place":"ONLINE","gender":"FEMALE","ageRange":"-34","experience":"EXPERIENCED"},"question":{"raw":{"text":"지원자님께서는 자신만의 스트레스 해소법이 있으신가요 있으시다면 왜 그러한 방법으로 스트레스를 해소를 하시는지에 대해서 설명을 부탁드립니다","wordCount":15},"emotion":[],"intent":[]},"answer":{"raw":{"text":"저만의 스트레스 해소법이 있다면 우선 혼자 시간을 가지는 것이고요. 혼자 디저트 카페에 가서 음식을 먹는 것도 굉장히 좋아합니다. 제가 단 것을 좋아하는데요. 이 단 것을 먹음으로써 굉장히 기분이 좋아지기도 하더라구요. 그래서 저는 일단 혼자만의 시간을 가지는 걸 좋아하고 내가 좋아하는 것들을 하면서 스트레스를 해소한다 라고 말씀드릴 수 있을 것 같아요. 누군가를 만나면서도 물론 재미있게 시간을 보내지만 나만의 생각을 정리한다던지 심적으로 안정을 하기 위해서는 결국은 저만의 시간이 필요하더라고요. 그래서 저는 스트레스를 해소하기 위해서 나만의 시간을 가지면서 내가 좋아하는 것들을 한다 라고 말씀드릴 수 있을 것 같습니다.","wordCount":85},"emotion":[],"intent":[{"text":"","expression":"","category":"attitude"}],"summary":{"text":"저만의 스트레스 해소법이 있다면 일단 혼자 시간을 가지는 것이고, 좋아하는 것들을 하면서 스트레스를 해소한다 라고 말씀을 할 수 있을 것 같습니다.","wordCount":21}}},"rawDataInfo":{"question":{"fileFormat":"wav","fileSize":526478,"duration":16450,"samplingBit":16,"channelCount":1,"samplingRate":"16kHz","audioPath":"/Mock/06.Design/Female/Experienced/ckmk_q_ard_f_e_187805.wav"},"answer":{"fileFormat":"wav","fileSize":1518798,"duration":47460,"samplingBit":16,"channelCount":1,"samplingRate":"16kHz","audioPath":"/Mock/06.Design/Female/Experienced/ckmk_a_ard_f_e_187805.wav"}}}