{"version":"1.0","dataSet":{"info":{"date":"20230116","occupation":"ARD","channel":"MOCK","place":"ONLINE","gender":"FEMALE","ageRange":"35-44","experience":"EXPERIENCED"},"question":{"raw":{"text":"현재부터 삼 년 뒤까지 삼 년 내에 본인의 주요 성장 계획이나 목표가 있다면 무엇인지 설명 부탁드립니다","wordCount":16},"emotion":[],"intent":[]},"answer":{"raw":{"text":"음 저요. 저는 뭐 순전히 제가 발표하는 제 목표니까 네 제가 국내에서 해보고 싶은 작품이 아직 몇 작품 남아있는 게 있어서 그 작품들을 이제 그 작품 제작진과 꼭 조인을 해서 네 그 공연에 무대 디자인을 제가 할 거라는 목표를 제 마음속에 새겨 놨고요. 그리고 정확히 이 년 뒤에 네 이 년 뒤에 저는 영국으로 어 유학을 생각을 하고 있습니다. 그래서 고민이 좀 되긴 했었는데 그래도 영국에 가서 네 공부를 하는 게 결론적으로 맞겠다는 생각이 들었고 한 삼 년 정도 생각하고 있구요. 그 유학 생활은 그러고 돌아와서 다시 활발하게 어떤 저의 자리를 찾아서 조금 쉼없이 제가 하고 싶은 공연을 저도 참여를 해서 함께 하고 싶은 그런 마음이 있습니다. 제발 그렇게 되길 바랍니다.","wordCount":111},"emotion":[],"intent":[{"text":"","expression":"","category":"attitude"}],"summary":{"text":"저는 국내에서 해보고 싶은 작품이 몇 작품 남아 있어서 그 작품들과 그 공연에 무대 디자인을 할 거라는 목표를 마음속에 새겨 뒀습니다. 그리고 이 년 뒤에 저는 영국으로 유학을 생각을 하고 있습니다. 제가 하고 싶은 공연을 함께 하고 싶은 마음이 있합니다.","wordCount":40}}},"rawDataInfo":{"question":{"fileFormat":"wav","fileSize":320078,"duration":10000,"samplingBit":16,"channelCount":1,"samplingRate":"16kHz","audioPath":"/Mock/06.Design/Female/Experienced/ckmk_q_ard_f_e_179740.wav"},"answer":{"fileFormat":"wav","fileSize":2793038,"duration":87280,"samplingBit":16,"channelCount":1,"samplingRate":"16kHz","audioPath":"/Mock/06.Design/Female/Experienced/ckmk_a_ard_f_e_179740.wav"}}}