{"version":"1.0","dataSet":{"info":{"date":"20230116","occupation":"ARD","channel":"MOCK","place":"ONLINE","gender":"FEMALE","ageRange":"45-54","experience":"EXPERIENCED"},"question":{"raw":{"text":"지원자님은 이루고 싶은 인생의 목표가 있나요 만약 있다면 왜 그 목표를 이루고 싶은지에 대해서도 함께 말씀해 주시길 바랍니다","wordCount":18},"emotion":[],"intent":[]},"answer":{"raw":{"text":"어 저는 은퇴 후에 작은 봉사 단체를 운영하는 게 제 작은 소망입니다. 어 예전에는 어 나만 잘 살면 되지. 나의 지갑이 배부르는 것에 좀 중점을 두고 생각을 했고 그렇게 살아왔는데 지내다 보니 어 나는 사회라는 것에 속해 있는 거고 이 사회가 좀 긍정적이고 밝고 이렇게 돼야지 나의 삶도 밝아지고 행복해질 수 있다라는 생각이 좀 들어서 어 봉사 단체를 통해서 그런 것들을 이루고자 하구요. 또 봉사를 함으로써 처음에는 내가 누군가를 도와준다라는 생각을 했는데 봉사를 함으로써 나 나가 느끼는 뿌듯함 뭔가 나의 만족 뭐 그런 것도 굉장히 크더라구요. 그래서 이거는 봉사는 남을 위한 게 아니라 나를 위하는 것도 되겠구나. 이런 깨달음을 얻어서 향후에는 좀 남들과 같이 사는 그런 풍요로운 삶을 살기 위해 작은 봉사 단체를 운영하는 게 저의 인생의 목표입니다.","wordCount":118},"emotion":[{"text":"또 봉사를 함으로써 처음에는 내가 누군가를 도와준다라는 생각을 했는데 봉사를 함으로써 나 나가 느끼는 뿌듯함 뭔가 나의 만족 뭐 그런 것도 굉장히 크더라구요.","expression":"p-achievement","category":"positive"}],"intent":[{"text":"","expression":"","category":"attitude"}],"summary":{"text":"저는 은퇴 후 배부르고 행복해지기 위해 작은 봉사 단체를 운영하고자 합니다. 봉사를 통해 타인을 도와준다라는 생각을 했지만, 봉사를 함으로써 느끼는 뿌듯함이나 만족감에 대해 깨달았습니다. 앞으로 풍요로운 삶을 살기 위해 작은 단체를 운영하는 것이 제 인생의 목표입니다.","wordCount":36}}},"rawDataInfo":{"question":{"fileFormat":"wav","fileSize":500558,"duration":15640,"samplingBit":16,"channelCount":1,"samplingRate":"16kHz","audioPath":"/Mock/06.Design/Female/Experienced/ckmk_q_ard_f_e_261367.wav"},"answer":{"fileFormat":"wav","fileSize":2123918,"duration":66370,"samplingBit":16,"channelCount":1,"samplingRate":"16kHz","audioPath":"/Mock/06.Design/Female/Experienced/ckmk_a_ard_f_e_261367.wav"}}}