{"version":"1.0","dataSet":{"info":{"date":"20230116","occupation":"ARD","channel":"MOCK","place":"ONLINE","gender":"FEMALE","ageRange":"-34","experience":"EXPERIENCED"},"question":{"raw":{"text":"어 나만의 스트레스 해소법이 있으신가요 그리고 있다면 왜 그런 방법으로 스트레스를 하게 되셨는지 그 이유를 말씀해 주실 수 있으신가요","wordCount":19},"emotion":[],"intent":[]},"answer":{"raw":{"text":"음 저는 우선 스트레스를 어느 정도 쌓아 놓고 어 뭐 단식 단 뭐 짧게 쪼끔 쌓인 스트레스를 가지고 해소를 하는 편은 아니구요. 어느 정도 깊게 쌓이면 그게 음 아예 뭐 정말 자연 자연적인 네 사람 많지 않고 어 정말 이동도 적은 곳으로 혼자도 괜찮고 뭐 다른 사람이 있어도 되고 하지만 너무 많지는 않게 인원이 그래서 떠납니다. 네 뭐 산이어도 되고 바다여도 되고 다 상관없이 그냥 자연적이기만 했으면 좋겠어요. 그냥 자연을 보다 와요. 그게 좋아요. 그냥 네 자연스러운 네 순수한 환경 그 자체를 보면서 거기서 그냥 어떤 정화를 시키는 그런 시간을 보내고 옵니다. 좋아요 그러면. 저는 그것 만으로도 충분히 해소가 돼요. 뭐 막 어떤 걸 퍼붓고 쏟아내고 굳이 이렇게 하지 않아도 그냥 저 자체를 스스로 정화시키면 되니까요. 그게 좋습니다.","wordCount":118},"emotion":[],"intent":[{"text":"","expression":"","category":"attitude"}],"summary":{"text":"스트레스 해소를 위해 자연적인 환경 그 자체를 보면서 정화를 시키는 시간을 보내고 오는 것이 좋습니다. 굳이 이렇게 하지 않아도 그냥 저 자체를 스스로 정화시킬 수 있습니다.","wordCount":26}}},"rawDataInfo":{"question":{"fileFormat":"wav","fileSize":445518,"duration":13920,"samplingBit":16,"channelCount":1,"samplingRate":"16kHz","audioPath":"/Mock/06.Design/Female/Experienced/ckmk_q_ard_f_e_188974.wav"},"answer":{"fileFormat":"wav","fileSize":2931918,"duration":91620,"samplingBit":16,"channelCount":1,"samplingRate":"16kHz","audioPath":"/Mock/06.Design/Female/Experienced/ckmk_a_ard_f_e_188974.wav"}}}