{"version":"1.0","dataSet":{"info":{"date":"20230116","occupation":"ARD","channel":"MOCK","place":"ONLINE","gender":"FEMALE","ageRange":"45-54","experience":"EXPERIENCED"},"question":{"raw":{"text":"지원자분께서는 만약에 상사분께서 업무와는 전혀 무관한 일을 시키신다고 하더라도 잘 수행해 낼 자신이 있으신지 궁금합니다 아니면 본인이 수행하지 않을 것인지에 대해서도 답변 부탁드리겠습니다","wordCount":23},"emotion":[],"intent":[]},"answer":{"raw":{"text":"만약에 상사가 업무와 무관한 일을 시킬 때 잘 수행할 수 있는지 물으셨는데 업무와 무관하더라도 시키실 수 있을 만한 일이다 라는 판단이 들면 저는 수행할 수 있습니다. 제가 기꺼이 도와드리고 싶고 도와드려야만 하는 상황이라면 그런 일을 시키셔도 해낼 수 있다고 생각합니다. 또 기꺼이 해드리고 싶은 생각도 합니다. 그런데 만약에 너무나 개인적인 일이고 부당하게 느껴지고 제 시간을 지나치게 잡아 먹는다든지 또는 어 제가 해낼 수 있는 마음을 갖지 못하는 일이라면 그런 일은 저는 수행하지 않을 것 같습니다. 제가 굉장히 긍정적이고 낙천적이기는 하지만 분명한 것을 좋아하기 때문에 이 일을 저에게 맡기셔도 된다라고 누구도 누구나 생각할 수 있는 그런 분명한 일이라면 충분히 해드릴 수 있지만 어 껄끄러운 일이라든지 어 기꺼이 해드릴 수 있는 일이 아니라는 생각이 들면 저는 그 일을 해내지 않을 것이고 제가 왜 해내지 않을 것인지에 대해서도 납득할 수 있으시게 설명을 드릴 수 있다고 생각합니다. 만약에 화를 내신다고 하더라도 제가 할 수 없는 일에 대해서는 저는 노라고 대답하겠습니다.","wordCount":146},"emotion":[],"intent":[{"text":"","expression":"","category":"attitude"}],"summary":{"text":"상사가 업무와 무관한 일을 시킬 때 업무와 무관하더라도 시키실 수 있을 만한 일이다 라는 판단이 들면 저는 수행할 수 있습니다. 하지만 부당한 일이거나 해낼 수 있는 마음을 갖지 못하는 일이라면 그런 일은 수행하지 않을 것 같습니다. 분명한 일을 해드릴 수 있지만 껄끄러운 일, 왜 해내지 않을 것인지에 대해 납득할 수 있게 설명을 드리겠습니다.","wordCount":53}}},"rawDataInfo":{"question":{"fileFormat":"wav","fileSize":646478,"duration":20200,"samplingBit":16,"channelCount":1,"samplingRate":"16kHz","audioPath":"/Mock/06.Design/Female/Experienced/ckmk_q_ard_f_e_247830.wav"},"answer":{"fileFormat":"wav","fileSize":2637838,"duration":82430,"samplingBit":16,"channelCount":1,"samplingRate":"16kHz","audioPath":"/Mock/06.Design/Female/Experienced/ckmk_a_ard_f_e_247830.wav"}}}