{"version":"1.0","dataSet":{"info":{"date":"20230116","occupation":"ARD","channel":"MOCK","place":"ONLINE","gender":"FEMALE","ageRange":"35-44","experience":"EXPERIENCED"},"question":{"raw":{"text":"지원자님께서 우리 회사에 들어오게 된다면 가장 가고 싶은 부서와 왜 그렇게 생각하셨는지 이유를 함께 말씀해 주세요","wordCount":16},"emotion":[],"intent":[]},"answer":{"raw":{"text":"음 저는 공연 기획 쪽인데 아 공연 수입 쪽 네 판권 수입 쪽 부서로 가고 싶습니다. 왜냐하면 아무래도 제가 기존에 했던 것도 어 창작 쪽이었고 그래서 그래도 현재 어떤 공연계 시류를 읽거나 그 흐름을 파악하는 데 있어서 어떤 시의 시선을 제가 가지고 있기 때문에 그걸 토대로 조금 현재 우리나라 관객들에게 관객들의 시선이나 관객들의 입맛에 조금 어떤 공연이 잘 어울릴지 혹은 어떤 공연을 가지고 와서 더 그 눈높이를 높여 드릴 수 있을지 이런 거를 조금 같은 창작자 입장에서 그리고 주 네 저 역시 관객층 입장에서 보고 잘 찾아올 수 있을 것 같기 때문에 그 판권을 수입을 하는 데 있어서 도움이 되고 싶고 제가 좋아하는 일이기 때문입니다.","wordCount":105},"emotion":[{"text":"왜냐하면 아무래도 제가 기존에 했던 것도 어 창작 쪽이었고 그래서   그래도 현재 어떤 공연계 시류를 읽거나   그 흐름을 파악하는 데 있어서 어떤 시의 시선을 제가 가지고 있기 때문에   그걸 토대로 조금 현재 우리나라 관객들에게   관객들의 시선이나 관객들의 입맛에 조금 어떤 공연이   잘 어울릴지 혹은 어떤 공연을 가지고 와서 더 그   눈높이를 높여 드릴 수 있을지 이런 거를 조금 같은 창작자 입장에서   그리고 주 네 저 역시 관객층 입장에서 보고 잘   찾아올 수 있을 것 같기 때문에 그 판권을 수입을 하는 데 있어서 도움이 되고 싶고   제가 좋아하는 일이기 때문입니다.","expression":"p-interest","category":"positive"}],"intent":[{"text":"","expression":"","category":"attitude"}],"summary":{"text":"판권 수입 쪽 부서로 가고 싶은데, 그 판권을 수입하는 데 있어서 도움이 되고 싶고 좋아하는 일이기 때문입니다. 이는 현재 우리나라 관객들의 시선이나 취향에 어떤 공연이 잘 어울릴지, 어떤 공연을 가지고 와서 눈높이를 높여드릴지 같은 창작자 입장에서 고민합니다.","wordCount":37}}},"rawDataInfo":{"question":{"fileFormat":"wav","fileSize":358478,"duration":11200,"samplingBit":16,"channelCount":1,"samplingRate":"16kHz","audioPath":"/Mock/06.Design/Female/Experienced/ckmk_q_ard_f_e_111984.wav"},"answer":{"fileFormat":"wav","fileSize":2894798,"duration":90460,"samplingBit":16,"channelCount":1,"samplingRate":"16kHz","audioPath":"/Mock/06.Design/Female/Experienced/ckmk_a_ard_f_e_111984.wav"}}}