{"version":"1.0","dataSet":{"info":{"date":"20230116","occupation":"ARD","channel":"MOCK","place":"ONLINE","gender":"FEMALE","ageRange":"35-44","experience":"EXPERIENCED"},"question":{"raw":{"text":"현대인은 하루 평균 세 번의 거짓말을 하고 산다고 해요 지원자님께서 해 본 가장 기억에 남는 거짓말은 어떤 게 있을까요","wordCount":19},"emotion":[],"intent":[]},"answer":{"raw":{"text":"진짜 재미없게 본 영화가 있었는데 일을 하면서 그 영화를 만든 감독님을 만날 기회가 있었어요. 그런데 사실 그 영화를 진짜 본 거의 직후였거든요. 그래서 어 그 영화에 대한 재미없는 영화를 봤을 때 어떤 분노도 있을 때가 있잖아요. 저렇게 만들었지 라고 생각이 들면서 화가 나는 어떤 지경에 이를 때가 있는데 갑자기 그 감독님 너무 생각보다 제가 그 제 감정이 아직 남아있는 상태에서 만나게 돼가지고 좀 당황을 했던 것 같아요. 그래서 사실은 어느 정도 정리되는 시간이 있고 만났다면은 더 자연스러웠을 텐데 그때는 진짜 뚝딱이처럼 영화 정말 재미있게 봤다고 말을 하는 제 모습이 진짜 쪼금 다시 생각해도 자기 전에 이게 이불을 걷어차는 것처럼 부끄러운 수준이라서 그 그게 계속 기억이 남아요. 제가 했던 거짓말 중에 그런데 또 그냥 잘 봤다고 하면 안 되잖아요. 재미있게 봤다고 하면 안 되잖아요. 그래서 어떤 장면에 이런 연출이 되게 좋았었고 이런 식으로 말했는데 제가 정말 별로였다고 생각하는 부분이었었거든요. 그런데 그거를 진짜 거짓말을 위해서 제가 애썼던 그런 적이 있습니다.","wordCount":148},"emotion":[{"text":"그래서 사실은 어느 정도 정리되는 시간이 있고 만났다면은 더 자연스러웠을 텐데 그때는 진짜 뚝딱이처럼 영화 정말 재미있게 봤다고 말을 하는 제 모습이 진짜 쪼금 다시 생각해도 자기 전에 이게 이불을 걷어차는 것처럼 부끄러운 수준이라서 그 그게 계속 기억이 남아요.","expression":"n-shame","category":"negative"}],"intent":[{"text":"","expression":"","category":"attitude"}],"summary":{"text":"영화를 진짜 재미없게 본 직후에 영화를 만든 감독을 만날 기회가 있었습니다. 영화 정말 재미있게 봤다고 말 하는 제 모습이 부끄러워 기억에 남습니다. 어떤 장면에 이런 연출이 되게 좋았고 이런 식으로 말했는데 제가 정말 별로였다고 생각한 부분이었습니다.","wordCount":36}}},"rawDataInfo":{"question":{"fileFormat":"wav","fileSize":544078,"duration":17000,"samplingBit":16,"channelCount":1,"samplingRate":"16kHz","audioPath":"/Mock/06.Design/Female/Experienced/ckmk_q_ard_f_e_195091.wav"},"answer":{"fileFormat":"wav","fileSize":2783758,"duration":86990,"samplingBit":16,"channelCount":1,"samplingRate":"16kHz","audioPath":"/Mock/06.Design/Female/Experienced/ckmk_a_ard_f_e_195091.wav"}}}