{"version":"1.0","dataSet":{"info":{"date":"20230116","occupation":"ARD","channel":"MOCK","place":"ONLINE","gender":"FEMALE","ageRange":"-34","experience":"EXPERIENCED"},"question":{"raw":{"text":"지원자님께서 일을 하다 보면 다른 지역에 업무를 수여하게 될 수 있습니다 지원자님이 타 지역 근무도 문제 없이 가능하시겠습니까","wordCount":18},"emotion":[],"intent":[]},"answer":{"raw":{"text":"어 저는 괜찮을 것 같아요. 어 다른 지역을 가도 음 근데 뭐 거기서 갑자기 제가 일하게 돼서 숙박이라던지 그런 생활하는 데 있어서 좀 한계적인 것들이 있을 수 밖에 없잖아요. 제가 뭐 아무 것도 없는 그 곳에 가서 갑자기 집도 없는데 근데 뭐 거기에 배치가 돼서 그냥 왔다 갔다 하는 정도면은 뭐 상관없는데 거기에 머물러야 하는 일이 생긴다면은 그런 면들은 회사에서 책임만 져준다면 저는 상관은 없습니다.","wordCount":65},"emotion":[],"intent":[{"text":"","expression":"","category":"attitude"}],"summary":{"text":"모든 권한을 주최국에게 전담하도록 하여, 거버넌스 체계 및 규정에 있어서 CDM과 JCM에 비해 각 국의 자유도가 높습니다.","wordCount":17}}},"rawDataInfo":{"question":{"fileFormat":"wav","fileSize":444878,"duration":13900,"samplingBit":16,"channelCount":1,"samplingRate":"16kHz","audioPath":"/Mock/06.Design/Female/Experienced/ckmk_q_ard_f_e_155689.wav"},"answer":{"fileFormat":"wav","fileSize":1584078,"duration":49500,"samplingBit":16,"channelCount":1,"samplingRate":"16kHz","audioPath":"/Mock/06.Design/Female/Experienced/ckmk_a_ard_f_e_155689.wav"}}}