{"version":"1.0","dataSet":{"info":{"date":"20230116","occupation":"ARD","channel":"MOCK","place":"ONLINE","gender":"FEMALE","ageRange":"45-54","experience":"EXPERIENCED"},"question":{"raw":{"text":"지금까지 살아오면서 가장 힘들었던 경험은 무엇인가요 어떻게 극복하셨을지 궁금합니다","wordCount":9},"emotion":[],"intent":[]},"answer":{"raw":{"text":"음 가장 힘들었던 경험은 음 오랜 기간 준비한 프로젝트를 앞두고 제가 몸이 건강 상태가 안 좋아졌었던 경험이 있습니다. 제가 정말 공을 들여 준비한 것이고 그것에 대한 결과에 자신이 있었기 때문에 제 건강상의 이유로 그 프로젝트에 문제가 생겼다고 생각했을 때 너무 마음이 힘들고 그리고 주변 사람들에게 미안한 생각이 들어서 그때 당시에는 몸도 마음도 너무 지치고 힘들었습니다. 그래서 제가 처음에는 저 아니면 안 된다고 끝까지 고집을 부려 끝 제가 마무리를 하고자 하는 의지가 있었는데 건강이 너무 안 좋아지다 보니까 제가 하려는 게 한계점이 많이 있었어요. 그래서 주변인들에게 제가 기획했던 것들의 자료를 모두 넘기고 제가 아니어도 이 프로젝트가 성공리에 마무리 될 수 있는 것이 더 중요하다고 그 당시에 다시 판단을 했기 때문에 모든 것을 어 팀원들에게 넘겼고 그래서 프로젝트는 성공리에 마무리가 되었습니다. 그래서 가장 힘들었던 아쉬운 경험은 그 당시였던 것 같습니다.","wordCount":128},"emotion":[{"text":"음 가장 힘들었던 경험은 음 오랜 기간 준비한 프로젝트를 앞두고 제가 몸이 건강 상태가 안 좋아졌었던 경험이 있습니다.","expression":"u-fact","category":"neutral"},{"text":"제가 정말 공을 들여 준비한 것이고 그것에 대한 결과에 자신이 있었기 때문에 제 건강상의 이유로 그 프로젝트에 문제가 생겼다고 생각했을 때   너무 마음이 힘들고 그리고 주변 사람들에게 미안한 생각이 들어서 그때 당시에는 몸도 마음도 너무 지치고 힘들었습니다.","expression":"n-distress","category":"negative"}],"intent":[{"text":"음 가장 힘들었던 경험은 음 오랜 기간 준비한 프로젝트를 앞두고 제가 몸이 건강 상태가 안 좋아졌었던 경험이 있습니다.","expression":"c_private","category":"background"},{"text":"그래서 주변인들에게 제가   기획했던 것들의 자료를 모두 넘기고 제가 아니어도 이 프로젝트가 성공리에 마무리 될 수 있는 것이 더 중요하다고 그 당시에 다시 판단을 했기 때문에 모든 것을 어 팀원들에게 넘겼고   그래서 프로젝트는 성공리에 마무리가 되었습니다.","expression":"c_private","category":"background"}],"summary":{"text":"프로젝트를 앞두고 건강이 안 좋아진 적이 있습니다. 주변인들에게 기획했던 것들의 자료를 모두 넘기고 제가 아니어도 이 프로젝트가 성공리에 마무리 될 수 있는 것이 더 중요하다고 판단을 했습니다. 모든 것을 팀원들에게 넘겼고 그래서 프로젝트는 실패리에 마무리 되었습니다. 가장 힘들었던 경험은 그 당시였던 것 같습니다.","wordCount":43}}},"rawDataInfo":{"question":{"fileFormat":"wav","fileSize":335438,"duration":10480,"samplingBit":16,"channelCount":1,"samplingRate":"16kHz","audioPath":"/Mock/06.Design/Female/Experienced/ckmk_q_ard_f_e_176986.wav"},"answer":{"fileFormat":"wav","fileSize":2596238,"duration":81130,"samplingBit":16,"channelCount":1,"samplingRate":"16kHz","audioPath":"/Mock/06.Design/Female/Experienced/ckmk_a_ard_f_e_176986.wav"}}}