{"version":"1.0","dataSet":{"info":{"date":"20230116","occupation":"ARD","channel":"MOCK","place":"ONLINE","gender":"FEMALE","ageRange":"45-54","experience":"EXPERIENCED"},"question":{"raw":{"text":"현대 사회에 없어서는 안 될 가장 중요하다고 생각하는 직업은 어떤 것입니까 지원자님의 생각으로 한 가지만 골라서 말씀해 주세요","wordCount":18},"emotion":[],"intent":[]},"answer":{"raw":{"text":"한 가지만 정하는 건 힘들어요 네. 가장 중요하다고 말하는 것도 이미 음 질문으로서의 어떤 가치를 잃은 네 맞지 않은 표현이기 때문에 하지만 현대 사회에서 없어서는 안 될 직업을 얘기를 하자면 저는 어 순수 예술이라는 카테고리 안에 들어갈 수 있는 모든 직업은 절대 없어서져는 안 될 직업들이라고 생각을 합니다. 그런데 이미 많이 없어지고들 있죠. 지원을 안 해주니까 학교든 사회든 국가든 모두 지원을 안 해주니까 버티고 버티고 버텨보려고 해도 점점 그 업을 하는 사람들이 나가 떨어지고 이직을 하고 자기의 의지와 관계없이 그렇게 돼버리는 것들인 것 같아요. 근데 포기해서는 안 된다고 생각해요. 학교든 사회든 국가든 그래야지 그 다음이 생깁니다.","wordCount":96},"emotion":[],"intent":[{"text":"","expression":"","category":"attitude"}],"summary":{"text":"순수 예술이라는 카테고리 안에 들어갈 수 있는 모든 직업은 없어져서는 안 될 직업이라고 생각합니다. 지원을 안 해주니까 사람들이 나가 떨어지고 이직을 하는 것 같습니다. 학교든 사회든 국가든 그래야 그 다음이 생깁니다.","wordCount":31}}},"rawDataInfo":{"question":{"fileFormat":"wav","fileSize":458318,"duration":14320,"samplingBit":16,"channelCount":1,"samplingRate":"16kHz","audioPath":"/Mock/06.Design/Female/Experienced/ckmk_q_ard_f_e_161063.wav"},"answer":{"fileFormat":"wav","fileSize":2773198,"duration":86660,"samplingBit":16,"channelCount":1,"samplingRate":"16kHz","audioPath":"/Mock/06.Design/Female/Experienced/ckmk_a_ard_f_e_161063.wav"}}}