{"version":"1.0","dataSet":{"info":{"date":"20230116","occupation":"ARD","channel":"MOCK","place":"ONLINE","gender":"FEMALE","ageRange":"35-44","experience":"EXPERIENCED"},"question":{"raw":{"text":"현대인은 하루 평균 세 번 거짓말을 하고 산다고 합니다 지원자님께서 해 본 가장 기억에 남는 거짓말은 무엇입니까","wordCount":17},"emotion":[],"intent":[]},"answer":{"raw":{"text":"네 질문해주신 걸 보고 현대인들이 하루에 세 번 정도 거짓말을 하는 걸 저도 처음 느꼈는데요. 어 저도 의식적으로 뭐 거짓말을 하고 산다고는 할 수 없지만 어 무의식 속에서 제가 아마 그런 게 있을 수 있을 것 같습니다. 어 사람은 누구나 이중적인 측면을 가지고 있다고 생각을 합니다. 본인이 내재적으로 마음속에 가지고 있는 게 있고 또 특히 밖으로 표출되고 상대방에게 보여지는 게 다를 수 있는 것 같은데요. 어 제가 해본 거짓말은 어 특별히 제가 뭐 도덕적으로 문제가 되는 거짓말은 아니었고요. 상대방의 기분에 맞추기 위해서 하는 거짓말들이 있을 것 같습니다. 어 제가 마음속으로는 원치 않은데 어 밖으로 표출했을 때는 그 상대방의 기분을 상하지 하지 않기 위해서 하는 거짓말들이 있을 것 같은데요. 예를 들어서 디자인을 하다 보면 상대방의 평가가 나쁘거나 아니면 피드백을 받을 때 또 제가 또 기분이 나쁜데 거짓말을 해야 되는 경우도 있을 것 같습니다. 어 제가 뭐 의도적으로 하는 거짓말이라기보다는 상대방의 기분에 맞추고 그 커뮤니케이션에 문제가 없는 그런 어 거짓말들은 저도 하는데요. 어 어쩌면 선의의 거짓말이라고 생각할 수가 있을 것 같습니다.","wordCount":159},"emotion":[],"intent":[{"text":"","expression":"","category":"attitude"}],"summary":{"text":"현대인들이 하루에 세 번 정도 거짓말을 하는 걸 느꼈습니다. 사람은 이중적인 측면을 가지고 있습니다. 의도적으로 하는 거짓말보다는 상대방의 기분에 맞추기 위해서 하는 거짓말들이 있고, 커뮤니케이션에 문제가 없는 그런 거짓말들은 선의의 거짓말이라고 생각할 수 있을 것 같습니다.","wordCount":36}}},"rawDataInfo":{"question":{"fileFormat":"wav","fileSize":527758,"duration":16490,"samplingBit":16,"channelCount":1,"samplingRate":"16kHz","audioPath":"/Mock/06.Design/Female/Experienced/ckmk_q_ard_f_e_115009.wav"},"answer":{"fileFormat":"wav","fileSize":2701838,"duration":84430,"samplingBit":16,"channelCount":1,"samplingRate":"16kHz","audioPath":"/Mock/06.Design/Female/Experienced/ckmk_a_ard_f_e_115009.wav"}}}