{"version":"1.0","dataSet":{"info":{"date":"20230116","occupation":"ARD","channel":"MOCK","place":"ONLINE","gender":"FEMALE","ageRange":"35-44","experience":"EXPERIENCED"},"question":{"raw":{"text":"문제에 부딪쳤을 때 혼자 해결하는 편인가요 아니면 여러 사람들에게 이야기를 하는 편인가요","wordCount":12},"emotion":[],"intent":[]},"answer":{"raw":{"text":"제가 어떤 위치에 있느냐에 따라서 달라질 것 같긴 한데 제가 조금 책임지는 자리에 있다면은 혼자 하려고 노력해 보려고 할 것 같애요. 근데 일단 제가 혼자 해결할 수 없는 위치에 있다면은 당연히 여러 사람들에게 이야기를 해야겠죠 이야기를 하고 방법을 공유 받아야 된다고 생각하고. 사실 회사에서 어떤 문제가 부딪쳤을 때 그거를 혼자 해결하도록 내버려두는 곳은 없다고 생각을 하거든요. 제가 뭐 책임지는 자리에 있어서 그때도 혼자 해결할 것 같다 라고 말씀드린 것도 그거를 책임지기 위해서 내가 끌고 가려고 하는 거지 그것 또한 다른 사람들의 말을 의견을 듣지 않는 건 아니잖아요. 그래서 저는 그거를 혼자 해결할 수 없는 시스템이 있게 하는 게 회사라고 생각을 하고 그곳에서 일을 하는 거 자체가 여러 사람이 함께 힘을 써야 하고 그리고 그 회사의 어떤 시스템 자체가 그런 문제들이 부딪쳤을 때 어 혼자 그거를 만약에 일으킨 사람이 있을 거 아니에요 그랬을 때 그 사람이 외로워지지 않도록 시스템이 이미 구축되어 있는 곳이 회사라고 생각을 하고 있습니다.","wordCount":146},"emotion":[],"intent":[{"text":"","expression":"","category":"attitude"}],"summary":{"text":"책임지는 자리에 있다면 혼자 하려고 노력해 보려고 할 것 같은데, 혼자 해결할 수 없는 위치에 있다면은 당연히 여러 사람들에게 이야기를 하고 방법을 공유 받아야 된다고 생각하고, 회사에서 어떤 문제가 부딪쳤을 때 혼자 해결하도록 내버려두는 곳은 없다고 생각하므로, 혼자 해결될 수 없는 시스템이 있게 하는 게 회사라고 생각합니다.","wordCount":47}}},"rawDataInfo":{"question":{"fileFormat":"wav","fileSize":282318,"duration":8820,"samplingBit":16,"channelCount":1,"samplingRate":"16kHz","audioPath":"/Mock/06.Design/Female/Experienced/ckmk_q_ard_f_e_149207.wav"},"answer":{"fileFormat":"wav","fileSize":2609038,"duration":81530,"samplingBit":16,"channelCount":1,"samplingRate":"16kHz","audioPath":"/Mock/06.Design/Female/Experienced/ckmk_a_ard_f_e_149207.wav"}}}