{"version":"1.0","dataSet":{"info":{"date":"20230116","occupation":"ARD","channel":"MOCK","place":"ONLINE","gender":"FEMALE","ageRange":"35-44","experience":"EXPERIENCED"},"question":{"raw":{"text":"지원자님께선 협업하는 과제와 혼자 하는 과제 중에서 무엇을 더 선호하시는지 그 이유와 함께 설명해 주시기 바랍니다","wordCount":16},"emotion":[],"intent":[]},"answer":{"raw":{"text":"네 아무래도 디자인 업무를 진행을 하다 보니까 협업하는 과제보다는 혼자 하는 과제를 조금 더 선호하는 것 같습니다. 어 왜냐하면 혼자 하는 과제는 저만의 아이디어를 통해서 어 어떤 하나의 디자인을 만들 수 있다고 생각을 하고요. 그리고 그걸 바탕으로 해서 업무 평가도 받을 수 있는데 좀 시간적으로 좀 재량이 많다는 점이 좋은 것 같습니다. 왜냐하면 제가 협의가 필요하지 않고 어떤 그 기간 안에만 디자인을 하면 되기 때문에 그런 점은 시간을 좀 자유롭게 활용할 수 있다는 장점이 있는 것 같은데요. 하지만 협업을 해야 되는 디자인 같은 경우에는 기한은 정해져 있지만 협의나 소통이 제대로 이루어지지 않으면 그 기한을 넘어가는 경우가 있기 때문에 저는 기본적으로 디자이너들은 혼자 하는 과제를 모두 선호할 것 같습니다. 하지만 어떨 때는 팀 별로 협업하는 과제도 저에게 큰 도움이나 영감을 줄 때가 있습니다. 왜냐하면 혼자 작업을 하다 보면 좀 작은 세계에 빠지거나 제가 하고 싶은 일만 하게 되는 경우가 있는데요. 하지만 같이 협업을 해서 이야기를 하고 소통을 하다 보면 시야도 넓어지고요. 그리고 당 상대방에 대한 이해도도 높아지면서 어떤 폭이 더 넓어진 것 같다 라는 생각도 들었습니다. 어 그래서 나중에 기회가 되면 협업도 진행을 해보고 싶습니다.","wordCount":174},"emotion":[],"intent":[{"text":"하지만   같이 협업을 해서 이야기를 하고 소통을 하다 보면 시야도 넓어지고요.","expression":"c_cop","category":"personality"}],"summary":{"text":"디자인 업무를 진행하다 보니 협업하는 과제 보다는 혼자 하는 과제를 더 선호하는 것 같습니다. 협업해야 되는 디자인의 경우에는 협의나 소통이 제대로 이루어지지 않으면 그 기한을 넘기는 경우가 있기 때문입니다. 혼자 작업을 하다 보면 시야도 넓어지고 당 상대방에 대한 이해도도 높아지면서 어떤 폭이 더 넓어진 것 같아 협업도 진행을 해보고 싶습니다.","wordCount":50}}},"rawDataInfo":{"question":{"fileFormat":"wav","fileSize":327758,"duration":10240,"samplingBit":16,"channelCount":1,"samplingRate":"16kHz","audioPath":"/Mock/06.Design/Female/Experienced/ckmk_q_ard_f_e_135468.wav"},"answer":{"fileFormat":"wav","fileSize":2750798,"duration":85960,"samplingBit":16,"channelCount":1,"samplingRate":"16kHz","audioPath":"/Mock/06.Design/Female/Experienced/ckmk_a_ard_f_e_135468.wav"}}}