{"version":"1.0","dataSet":{"info":{"date":"20230116","occupation":"ARD","channel":"MOCK","place":"ONLINE","gender":"FEMALE","ageRange":"35-44","experience":"EXPERIENCED"},"question":{"raw":{"text":"지원자님께서는 팀으로 일하는 것과 혼자 일하는 것 중에 어떤 것을 더 선호하시나요 그리고 그렇게 생각하시는 이유도 함께 말씀해 주시길 바랍니다","wordCount":20},"emotion":[],"intent":[]},"answer":{"raw":{"text":"저는 팀으로 함께 일하는 것을 더 선호합니다. 팀은 함께 업무를 해 나가기 위해서 존재합니다. 아무리 개인이 뛰어난 업무 능력을 가지고 있다 할지라도 사람은 완벽할 수 없습니다. 개인의 업무 능력을 가지고 일을 진행할 때에도 실수는 나타나기 마련이고 그렇기 때문에 팀으로 묶어서 프로젝트를 진행하는 것입니다. 서로의 장점을 가지고 힘을 모아 한 프로젝트를 함께 진행하고 성공시키는 기쁨은 이루 말할 수 없습니다. 또 프로젝트를 진행하면서 어려움과 기쁨을 함께 느끼는 그 일이야말로 팀으로 일하는 이유 중의 하나일 것입니다.","wordCount":73},"emotion":[],"intent":[{"text":"","expression":"","category":"attitude"}],"summary":{"text":"팀으로 함께 일하는 것을 더 선호합니다. 서로의 장점을 가지고 한 프로젝트를 함께 진행하고 성공시키는 기쁨은 이루 말할 수 없으며 프로젝트를 진행하면서 어려움과 기쁨을 함께 느끼는 그 일이야말로 팀으로 일하는 이유 중의 하나일 것입니다.","wordCount":33}}},"rawDataInfo":{"question":{"fileFormat":"wav","fileSize":467918,"duration":14620,"samplingBit":16,"channelCount":1,"samplingRate":"16kHz","audioPath":"/Mock/06.Design/Female/Experienced/ckmk_q_ard_f_e_274006.wav"},"answer":{"fileFormat":"wav","fileSize":1743758,"duration":54490,"samplingBit":16,"channelCount":1,"samplingRate":"16kHz","audioPath":"/Mock/06.Design/Female/Experienced/ckmk_a_ard_f_e_274006.wav"}}}