{"version":"1.0","dataSet":{"info":{"date":"20230116","occupation":"ARD","channel":"MOCK","place":"ONLINE","gender":"FEMALE","ageRange":"-34","experience":"EXPERIENCED"},"question":{"raw":{"text":"지원자님께서는 이전 직장에서 퇴사한 것을 후회하신 적은 없으신가요 만약 후회하신 적이 있으시다면 왜 후회한 적이 있으신지 그 이유와 함께 말씀해 주셔도 좋을 것 같습니다","wordCount":24},"emotion":[],"intent":[]},"answer":{"raw":{"text":"이전 직장에서 퇴사한 것을 후회한 적이 없습니다. 왜냐하면 제가 생각했었을 때 저는 퇴사할 때 여러 가지를 고려하는 편인데요. 일단 가장 우선적으로 내가 이 일을 미래까지 할 것인가 그리고 이 일이 지금 나에게 도움이 되는가 이것은 나에게 성장할 가치가 있는가를 우선적으로 보는데 그 세 가지를 모두 부합하지 못해서 저는 네 퇴사를 했었습니다. 그래서 후회는 없었고요 제가 선택한 결과였기 때문에요. 만약에 지금까지 그 회사에 다녔다면 너무 힘들었을 것 같습니다. 왜냐하면 제가 이야기했던 그 세 가지를 모두 충족할 수 없었기 때문에요. 사람들은 본인이 익숙한 일을 계속하는 것을 원합니다. 하지만 저는 그것보다는 내가 원하는 일 조금은 어렵더라도 목표라든지 내가 하고 수 있는 것들이 명확하게 보이는 왜 그런 일들을 하고 싶었고 저의 성향도 조금 진취적인 그런 것들이 있어서 그런데 결론적으로 말씀드리면은 이전 직장에서 퇴사를 한 것을 후회한 적은 없습니다.","wordCount":124},"emotion":[],"intent":[{"text":"","expression":"","category":"attitude"}],"summary":{"text":"사람들은 익숙한 일을 계속하는 것을 원합니다. 하지만 저는 제가 원하는 일이 어렵더라도 명확하게 하고 진취적으로 하는 성향이여서 이전 직장에서 퇴사를 한 것을 후회한 적은 없습니다.","wordCount":25}}},"rawDataInfo":{"question":{"fileFormat":"wav","fileSize":504078,"duration":15750,"samplingBit":16,"channelCount":1,"samplingRate":"16kHz","audioPath":"/Mock/06.Design/Female/Experienced/ckmk_q_ard_f_e_188143.wav"},"answer":{"fileFormat":"wav","fileSize":2084878,"duration":65150,"samplingBit":16,"channelCount":1,"samplingRate":"16kHz","audioPath":"/Mock/06.Design/Female/Experienced/ckmk_a_ard_f_e_188143.wav"}}}