{"version":"1.0","dataSet":{"info":{"date":"20230116","occupation":"ARD","channel":"MOCK","place":"ONLINE","gender":"FEMALE","ageRange":"55-","experience":"EXPERIENCED"},"question":{"raw":{"text":"어 직무 수행을 하다가 난관에 봉착하는 상황이 생길 수 있는데요 어 지원자님께서 이렇게 난관에 봉착을 하신다면 어떻게 해결하실 건가요","wordCount":19},"emotion":[],"intent":[]},"answer":{"raw":{"text":"직무를 진행하다 보면은 어쩔 수 없이 우리는 한 번씩 어려움을 봉착하는데요. 저는 이런 부분에 대해서 문제가 생긴다 라면 회피를 하는 게 아니라 문제를 해결하기 위해서 직면해야 된다 라고 생각합니다. 그래서 동료들과 함께 이런 부분이 우리가 문제구나 라고 먼저 문제 인식을 진행을 하고 그리고 나서 합리적으로 우리가 행동하고 또 해결할 수 있는 부분이 무엇인지 고찰해 볼 것 같습니다.","wordCount":57},"emotion":[],"intent":[{"text":"","expression":"","category":"attitude"}],"summary":{"text":"직무 수행 중 어려움에 봉착하면 회피가 아니라 문제 해결을 위해 직면해야 합니다. 문제 인식을 먼저 진행하고, 합리적으로 행동하고, 해결 가능한 부분을 고찰해보겠습니다.","wordCount":22}}},"rawDataInfo":{"question":{"fileFormat":"wav","fileSize":451918,"duration":14120,"samplingBit":16,"channelCount":1,"samplingRate":"16kHz","audioPath":"/Mock/06.Design/Female/Experienced/ckmk_q_ard_f_e_248015.wav"},"answer":{"fileFormat":"wav","fileSize":1833038,"duration":57280,"samplingBit":16,"channelCount":1,"samplingRate":"16kHz","audioPath":"/Mock/06.Design/Female/Experienced/ckmk_a_ard_f_e_248015.wav"}}}