{"version":"1.0","dataSet":{"info":{"date":"20230116","occupation":"ARD","channel":"MOCK","place":"ONLINE","gender":"FEMALE","ageRange":"45-54","experience":"EXPERIENCED"},"question":{"raw":{"text":"사람들과 협업을 하면서 가장 어려웠던 점은 무엇이었나요 또한 그것을 어떻게 극복하셨는지도 함께 말씀해 주세요","wordCount":14},"emotion":[],"intent":[]},"answer":{"raw":{"text":"제가 가장 어려움을 느꼈던 협업의 어려움은 모든 현장에는 한정된 예산 안에서 각자 자기 부서에 더 많은 예산을 타기 위해 소리를 내고 좀 더 수월한 프로젝트를 따내기 위해 보이거나 보이지 않는 싸움을 하기 마련입니다. 하지만 협업은 이러한 것들을 내려놓고 함께 공동의 목표를 향하는 것입니다. 제가 협업 시에 가장 어려움을 느꼈던 부분은 각 부서간의 이권 다툼이었습니다. 세 부서가 모여 하나의 프로젝트를 완성해야 했는데 우선적으로 각각 부서의 팀 리더들이 하나가 되지 못해서 나머지 팀원들도 이리저리 흩어질 수 밖에 없었습니다. 하지만 한 부서의 팀 리더께서 팀 단합을 위한 시간을 마련하고 협업의 목적과 목표 그리고 성공적인 팀워크를 강조하셨고 많은 팀원들의 마음을 하나로 모으셨습니다. 그 후로 자연스럽게 모든 참가자가 각각의 팀 리더를 필두로 자신의 역량을 발휘하였습니다. 결과적으로 큰 성과를 거둔 프로젝트는 아니었지만 그때의 분위기와 감정 등이 새로운 프로젝트를 진행할 때 밑거름이 된다고 생각합니다.","wordCount":127},"emotion":[],"intent":[{"text":"","expression":"","category":"attitude"}],"summary":{"text":"협업 시 각 부서간의 이권 다툼으로 인해 어려움을 겪었습니다. 한 부서의 팀 리더께서 팀 단합을 위한 시간을 마련하고 협업의 목적과 목표, 성공적인 팀워크를 강조하셨고 많은 팀원들의 마음을 하나로 모았습니다. 그 후로 모든 참가자가 각자의 팀 리더를 필두로 자신의 역량을 발휘하였습니다.","wordCount":40}}},"rawDataInfo":{"question":{"fileFormat":"wav","fileSize":561038,"duration":17530,"samplingBit":16,"channelCount":1,"samplingRate":"16kHz","audioPath":"/Mock/06.Design/Female/Experienced/ckmk_q_ard_f_e_259215.wav"},"answer":{"fileFormat":"wav","fileSize":2755918,"duration":86120,"samplingBit":16,"channelCount":1,"samplingRate":"16kHz","audioPath":"/Mock/06.Design/Female/Experienced/ckmk_a_ard_f_e_259215.wav"}}}