{"version":"1.0","dataSet":{"info":{"date":"20230116","occupation":"ARD","channel":"MOCK","place":"ONLINE","gender":"FEMALE","ageRange":"35-44","experience":"EXPERIENCED"},"question":{"raw":{"text":"우리 회사에 들어오면 기존과 업무 스타일이 달라질 수도 있습니다 그럴 때 기존과 다른 업무 스타일에 잘 적응할 수 있을까요","wordCount":19},"emotion":[],"intent":[]},"answer":{"raw":{"text":"네 저는 어떠한 업무 스타일에도 잘 맞추어 나갈 자신이 있습니다. 저는 어려서부터 물 같은 사람이다 라는 소리를 들어봤습니다. 어떠한 상황이든 인물이든 개의치 않고 제 자신을 잘 컨트롤해서 빨리 적응할 수 있습니다. 이것이 제 장점이라면 장점이라고 할 수 있습니다. 그동안 제가 해 왔던 업무 스타일은 개인적인 과제가 많았는데 협업이 많은 업무 스타일이라고 해도 저는 팀원들과 타 부서와도 잘 맞추어서 일을 진행할 수 있습니다. 저는 맡겨만 주시면 그 어떤 스타일이라도 잘 맞추어 나갈 자신이 있습니다.","wordCount":73},"emotion":[],"intent":[{"text":"","expression":"","category":"attitude"}],"summary":{"text":"저는 어떠한 업무 스타일에도 잘 맞추어 나갈 자신이 있습니다. 어떠한 상황이든 개의치 않고 제 자신을 잘 컨트롤해서 빨리 적응할 수 있는 것이 제 장점이라면 장점입니다.","wordCount":25}}},"rawDataInfo":{"question":{"fileFormat":"wav","fileSize":323278,"duration":10100,"samplingBit":16,"channelCount":1,"samplingRate":"16kHz","audioPath":"/Mock/06.Design/Female/Experienced/ckmk_q_ard_f_e_274008.wav"},"answer":{"fileFormat":"wav","fileSize":1552718,"duration":48520,"samplingBit":16,"channelCount":1,"samplingRate":"16kHz","audioPath":"/Mock/06.Design/Female/Experienced/ckmk_a_ard_f_e_274008.wav"}}}