{"version":"1.0","dataSet":{"info":{"date":"20230116","occupation":"ARD","channel":"MOCK","place":"ONLINE","gender":"FEMALE","ageRange":"35-44","experience":"EXPERIENCED"},"question":{"raw":{"text":"지원자님은 이 분야에 지원하기 위해 관련된 어떤 노력을 하셨나요 생각나는 대로 말씀해 주시길 바랍니다","wordCount":14},"emotion":[],"intent":[]},"answer":{"raw":{"text":"영어를 좋아하고 좋아하기 때문에 굉장히 많은 작품들을 찾아보고 이러는 노력은 사실 저희가 하는 일 안에서는 많은 사람들이 당연하게 기본적으로 하고 있다고 생각이 듭니다. 그래서 제가 여기 지원하기 전까지는 제가 정말 영화 광이라는 그 특징을 되게 무기를 삼고 있었는데 무기로 삼고 있었는데 좀 더 제가 넓은 세상에 발을 뻗치다 보니깐 그것만으로는 이 일을 계속할 수 없을 것 같더라고요. 그래서 이번 회사로 지금 지원하는 과정에서도 좀 더 제가 전문적으로 이 직업을 갖기 위해서 어떤 것들을 해야 될까 라고 생각을 하고 많이 고민하고 정보를 좀 찾아봤었는데 외국어를 많이 능력을 키우면 유리하더라고요. 그래서 제가 그때 당시에 알아봤을 때는 중국어랑 스페인어였는데 저한테는 스페인어가 좀 더 매력적이라고 느껴져서 스페인어 공부를 되게 오래 했었고요. 이번에 회사 지원 지원할 때 그 특이 사항에 외국어 능력이 있어서 저의 어떤 그 배움을 떨칠 시간이 온 것 같습니다.","wordCount":127},"emotion":[{"text":"그래서 제가 그때 당시에 알아봤을 때는 중국어랑 스페인어였는데 저한테는 스페인어가 좀 더 매력적이라고 느껴져서 스페인어 공부를 되게 오래 했었고요.","expression":"p-interest","category":"positive"}],"intent":[{"text":"","expression":"","category":"attitude"}],"summary":{"text":"영화 광이라는 특징을 무기로 삼고 있었는데 넓은 세상에 발을 뻗치다 보니 그것만으로는 이 일을 계속할 수 없을 것 같아 외국어를 능력을 키우면 유리하다고 느껴서 스페인어 공부를 오래 했습니다. 이번에 회사 지원할 때 외국어 능력이 있어서 배움을 떨칠 시간이 온 것 같습니다.","wordCount":41}}},"rawDataInfo":{"question":{"fileFormat":"wav","fileSize":340238,"duration":10630,"samplingBit":16,"channelCount":1,"samplingRate":"16kHz","audioPath":"/Mock/06.Design/Female/Experienced/ckmk_q_ard_f_e_195089.wav"},"answer":{"fileFormat":"wav","fileSize":2855118,"duration":89220,"samplingBit":16,"channelCount":1,"samplingRate":"16kHz","audioPath":"/Mock/06.Design/Female/Experienced/ckmk_a_ard_f_e_195089.wav"}}}