{"version":"1.0","dataSet":{"info":{"date":"20230116","occupation":"ARD","channel":"MOCK","place":"ONLINE","gender":"FEMALE","ageRange":"-34","experience":"EXPERIENCED"},"question":{"raw":{"text":"지원자님 주변의 친구분들 중에서 딱 한 명을 골라서 지금 칭찬을 해주시겠어요 최대한 그 묘사가 구체적이고 칭찬의 이유가 자세할수록 좋습니다","wordCount":19},"emotion":[],"intent":[]},"answer":{"raw":{"text":"어 저는 어 칭찬이긴 한데 부러운 친구가 있는데 그 친구는 어떤 친구냐면 굉장히 행복감을 잘 느껴요. 제가 기억나는 것 중의 하나가 그 친구가 아침에 눈을 떴을 때 자기의 손과 발이 잘 움직이는 것에 행복을 느낀다고 했었거든요. 그래서 어 나는 되게 건강하다 라는 거에서 행복을 느끼고 그 당시에도 밥을 같이 먹고 있는데 왼손으로 젓가락질을 성공하는 게 올해 목표라고 말하는 거예요. 그래서 어 어떤 이유에서 그게 목표야 왜 그걸 성취해야 해 라고 물어봤더니 그냥 재미있잖아 라고 말을 했었거든요. 그런데 그 친구는 지금도 계속 그렇게 살아요. 근데 제가 왜 이런 부분을 좋게 생각하냐면 그냥 곱게 자랐고 너무 화목한 집안에서 자라서 걔가 행복한 게 아니거든요. 되게 과거를 들으면 진짜 엄청난 일들이 많았고 집에서 힘든 일이 많았었는데 어떤 그 아이의 그 단단한 기반 같은 게 있는 거 같애요. 그래서 항상 자기가 이렇게 살고 있는 거에 행복을 잘 느끼는 그런 친구가 있었습니다.","wordCount":136},"emotion":[],"intent":[{"text":"","expression":"","category":"attitude"}],"summary":{"text":"행복감을 잘 느끼는 친구가 있는데 그는 손과 발이 잘 움직이는 것에 행복을 느낀다고 했습니다. 그는 올해 목표가 왼손으로 젓가락질을 성공하는 것이라고 말했습니다. 제가 좋게 생각한 건 곱게 자라서 행복한 게 아니라 자기가 이렇게 살고 있는 거에 행복을 잘 느끼는 친한 친구였기 때문입니다.","wordCount":42}}},"rawDataInfo":{"question":{"fileFormat":"wav","fileSize":669838,"duration":20930,"samplingBit":16,"channelCount":1,"samplingRate":"16kHz","audioPath":"/Mock/06.Design/Female/Experienced/ckmk_q_ard_f_e_149728.wav"},"answer":{"fileFormat":"wav","fileSize":2737678,"duration":85550,"samplingBit":16,"channelCount":1,"samplingRate":"16kHz","audioPath":"/Mock/06.Design/Female/Experienced/ckmk_a_ard_f_e_149728.wav"}}}