{"version":"1.0","dataSet":{"info":{"date":"20230116","occupation":"ARD","channel":"MOCK","place":"ONLINE","gender":"FEMALE","ageRange":"45-54","experience":"EXPERIENCED"},"question":{"raw":{"text":"어 지원자님께서 본인이 생각하는 본인의 단점이 있으시다면 그것을 말씀해 주시길 바랍니다 또 본인이 그것을 보완하기 위해서 지금까지 한 노력이 있다면 함께 말씀해 주세요","wordCount":23},"emotion":[],"intent":[]},"answer":{"raw":{"text":"제가 첫째이고 또 저 스스로 결정을 하는 일들이 조금 많다 보니 어느 순간 회의나 이런 것들을 할 때 다른 사람의 이야기를 자르고 혹은 미리 생각을 하고 예견을 하고 어 이거 이렇다는 거지 어 이건 그래서 안 돼라고 얘기하는 경우들이 조금 있었습니다. 물론 지금 사회에서는 아니구요. 학교 대학교 때 그런 경험들이 좀 있었습니다. 몇 번 지적을 받고 아 내가 왜 그랬을까 뭐 때문에 그러지 조금 스스로 혼자 빨리빨리 결정하는 그런 습관이 있다 보니 좀 그런 단점들이 나왔던 것 같더라구요. 그래서 그다음부터는 절대 다른 사람이 이야기할 때는 끼어들지 않겠다 예 결심을 하고 초반에는 조금 힘들었습니다. 지루하기도 하고 아 저거 내가 아는 내용인데 빨리 말해줘야 되는데 에 끝까이 좀 들으려고 노력을 했구요. 그러다 보니까 지금은 좀 그런 단점들이 좀 사라지지 않았나 생각합니다.","wordCount":119},"emotion":[],"intent":[{"text":"","expression":"","category":"attitude"}],"summary":{"text":"회의나 이런 것들을 할 때 다른 사람의 이야기를 자르고 혹은 미리 생각을 하고 예견을 하고 어 이건 그래서 안 돼라고 얘기하는 경우들이 있었습니다. 스스로 빨리 빨리 결정하는 습관이 있다 보니 그런 단점이 나왔던 것 같습니다. 지금은 그런 단점들이 좀 사라지지 않았나 생각합니다.","wordCount":42}}},"rawDataInfo":{"question":{"fileFormat":"wav","fileSize":499598,"duration":15610,"samplingBit":16,"channelCount":1,"samplingRate":"16kHz","audioPath":"/Mock/06.Design/Female/Experienced/ckmk_q_ard_f_e_261370.wav"},"answer":{"fileFormat":"wav","fileSize":1975758,"duration":61740,"samplingBit":16,"channelCount":1,"samplingRate":"16kHz","audioPath":"/Mock/06.Design/Female/Experienced/ckmk_a_ard_f_e_261370.wav"}}}