{"version":"1.0","dataSet":{"info":{"date":"20230116","occupation":"ARD","channel":"MOCK","place":"ONLINE","gender":"FEMALE","ageRange":"-34","experience":"EXPERIENCED"},"question":{"raw":{"text":"본인의 장점과 단점에 대해서 설명해 주시고 그것을 특화시키고 극복하기 위해 그동안 기울여 왔던 노력에 대해서도 함께 말씀해 주시길 바랍니다","wordCount":19},"emotion":[],"intent":[]},"answer":{"raw":{"text":"저는 제가 생각하는 장점이 좀 차분하다는 거였어요. 뭔가 어떤 급박한 상황이 오거나 깜짝 놀라는 상황 갑자기 위급한 상황이 생길 때 제가 좀 침착하게 대처를 하는 편이라서 어 오히려 그 사람들이 허둥지둥할 때 제가 그거를 좀 컨트롤 할 수 있는 그런 위치에 있었던 적이 많아서 저는 그런 부분을 저의 장점이라고 생각하는데 이런 부분이 저는 좀 타고난 성질 같다는 생각을 합니다. 제가 그거를 막 특화 시키려고 노력했다기보다는 저희 집안의 성격 자체가 다들 조금 차분하고 일단은 막 흥분하지 않으려고 하는 그런 좀 성향을 좀 타고난 것 같기는 해요. 그래서 제가 장점이 어쨌든 연기를 했었으니까 연기를 할 때 그 감정이 좀 더 극대화해서 표현하는 게 많이 부족했던 적이 많아서 그게 단점으로 좀 이어지기도 하는 것 같애요. 그래서 오히려 더 일부러 연기할 때는 좀 오버하는 식으로 많이 했었던 것 같습니다.","wordCount":125},"emotion":[],"intent":[{"text":"저는 제가 생각하는 장점이 좀 차분하다는 거였어요.","expression":"c_person","category":"background"},{"text":"뭔가 어떤 급박한 상황이 오거나 깜짝 놀라는 상황 갑자기 위급한 상황이 생길 때 제가 좀 침착하게 대처를 하는 편이라서 어 오히려 그 사람들이 허둥지둥할 때 제가 그거를 좀 컨트롤 할 수 있는 그런 위치에 있었던 적이 많아서 저는 그런 부분을 저의 장점이라고 생각하는데 이런 부분이 저는 좀 타고난 성질 같다는 생각을 합니다.","expression":"c_person","category":"background"},{"text":"제가 그거를 막 특화 시키려고 노력했다기보다는 저희 집안의 성격 자체가 다들 조금 차분하고 일단은 막 흥분하지 않으려고 하는 그런 좀 성향을 좀 타고난 것 같기는 해요.","expression":"c_person","category":"background"},{"text":"그래서 제가 장점이 어쨌든 연기를 했었으니까 연기를 할 때 그 감정이 좀 더 극대화해서 표현하는 게 많이 부족했던 적이 많아서 그게 단점으로 좀 이어지기도 하는 것 같애요.","expression":"c_person","category":"background"}],"summary":{"text":"위급한 상황이 발생했을 때 침착한 대처와 컨트롤을 하는 것이 저만의 장점입니다. 또 제가 연기를 할 때 감정을 극대화해서 표현하는 게 부족했던 게 단점인데, 오히려 더 일부러 연기할 때는 오버하는 식으로 많이 했었던 것 같습니다.","wordCount":34}}},"rawDataInfo":{"question":{"fileFormat":"wav","fileSize":600398,"duration":18760,"samplingBit":16,"channelCount":1,"samplingRate":"16kHz","audioPath":"/Mock/06.Design/Female/Experienced/ckmk_q_ard_f_e_194564.wav"},"answer":{"fileFormat":"wav","fileSize":2758798,"duration":86210,"samplingBit":16,"channelCount":1,"samplingRate":"16kHz","audioPath":"/Mock/06.Design/Female/Experienced/ckmk_a_ard_f_e_194564.wav"}}}