{"version":"1.0","dataSet":{"info":{"date":"20230116","occupation":"ARD","channel":"MOCK","place":"ONLINE","gender":"FEMALE","ageRange":"35-44","experience":"EXPERIENCED"},"question":{"raw":{"text":"좋은 디자인이란 무엇이라고 생각하나요","wordCount":4},"emotion":[],"intent":[]},"answer":{"raw":{"text":"제가 생각했을 때 좋은 디자인은 저도 만족하고 또 보는 사람도 함께 만족할 수 있는 디자인이라고 생각을 합니다. 결국에는 디자인이라는 게 두 가지가 모두 결합이 돼야 되는 것 같은데요. 어 기본적으로 작가가 본인이 추구하는 방향성이 있을 것이고 고 디자인을 만들어낸 이유와 그리고 그거를 어 제작한 그 방향성이라는 게 있을 것 같습니다. 그리고 저는 쪼금 남들과 다른 독창성이 풍부하고 또 아이디어가 있는 작품들을 쪼금 존중화를 하는 편인데요. 그 디자인을 작가가 만들어내기까지의 과정들과 또 고심한 흔적들이 굉장히 중요할 것 같습니다. 어 과거에 우리가 유명 작가들과 디자인 작품들을 보면 다른 사람이 따라 할 수 없는 그 굉장히 깊이가 있는 작품들이 많은데요. 그런 디자인들이 참 오랫동안 시간이 지나도 어 사람들에게 계속해서 영감을 주고 호응을 받는 것 같습니다. 그리고 그런 디자인 같은 경우에는 시간이 지날수록 오히려 더 사람들에게 좋은 평가를 받는 것 같은데요. 그래서 좋은 디자인은 세월이 지나도 사람들에게 계속해서 기억에 남고 회자가 되는 게 좋은 작품 좋은 디자인이라고 생각을 합니다.","wordCount":145},"emotion":[],"intent":[{"text":"","expression":"","category":"attitude"}],"summary":{"text":"디자인에는 작가 본인이 추구하는 방향성과 디자인을 만들어낸 이유, 그리고 제작한 그 방향성이 있습니다. 독창성과 아이디어가 있는 작품을 존중하는데, 그 디자인을 작가가 만들어내기까지의 과정들과 또 고심한 흔적들이 굉장히 중요할 것 같습니다. 깊이가 있는 디자인들이 오랫동안 사람들에게 영감을 주고 호응을 받는 것 같으며, 좋은 디자인은 기억에 남고 회자가 되는 게 좋은 작품이라고 생각합니다.","wordCount":51}}},"rawDataInfo":{"question":{"fileFormat":"wav","fileSize":187278,"duration":5850,"samplingBit":16,"channelCount":1,"samplingRate":"16kHz","audioPath":"/Mock/06.Design/Female/Experienced/ckmk_q_ard_f_e_115006.wav"},"answer":{"fileFormat":"wav","fileSize":2752718,"duration":86020,"samplingBit":16,"channelCount":1,"samplingRate":"16kHz","audioPath":"/Mock/06.Design/Female/Experienced/ckmk_a_ard_f_e_115006.wav"}}}