{"version":"1.0","dataSet":{"info":{"date":"20230116","occupation":"ARD","channel":"MOCK","place":"ONLINE","gender":"FEMALE","ageRange":"45-54","experience":"EXPERIENCED"},"question":{"raw":{"text":"얼마 전 구급 대원이 주취자에게 폭행을 당해 순직한 뉴스가 있었습니다 그 뉴스를 혹시 보셨나요 이 사건에서 이 사건에 대해 지원자님은 어떤 생각을 갖고 계신지 소감을 말씀해 주세요","wordCount":27},"emotion":[],"intent":[]},"answer":{"raw":{"text":"네 구급 대원이 술에 취한 사람에게 폭행을 당하는 아주 안타까운 일이 벌어졌는데요. 특히 순직을 하셨다는 기사를 봤습니다. 이런 사회가 정말 안타깝고요. 그리고 이런 일이 발생할 때마다 어 발생하지 않았으면 어땠을까 라는 생각이 듭니다. 그만큼 우리 사회에서는 좀 안타까운 일들도 많이 일어나게 되는데요. 저는 좀 이런 것들을 방지할 수 있는 교육과 대책들이 필요하다고 생각이 듭니다. 기본적으로 성인이 돼서도 재교육이라는 게 필요한데요. 술에 취할 때 처신해야 되는 방법들 그리고 해야 할 것과 하지 말아야 될 것에 대한 교육이 필요하다고 생각이 듭니다. 우리는 사실 고등학교 대학교가 끝나면 어 사회적인 교육을 받기가 참 힘든데요. 우리가 회사 생활을 하다보면 정말 다양한 사람들이 있을 수가 있습니다. 그런데 회사가 끝나고 개인 업무로 돌아가면 개인 사생활에서는 더 개인의 성향이 두드러지기 때문에 이런 문제가 발생할 수가 있고요. 그래서 우리가 이거를 재사회 교육을 통해서 방지를 하고 또 처벌을 좀 강화를 해서 다시는 이런 일이 일어나지 않았으면 좋겠습니다.","wordCount":137},"emotion":[{"text":"네 구급 대원이 술에 취한 사람에게 폭행을 당하는 아주 안타까운 일이   벌어졌는데요.","expression":"u-fact","category":"neutral"}],"intent":[{"text":"","expression":"","category":"attitude"}],"summary":{"text":"구급 대원이 술에 취한 사람에게 폭행을 당하는 안타까운 일이 벌어진 가운데, 이런 일을 방지할 수 있는 교육과 대책들이 필요합니다. 기본적으로 성인이 돼서도 재교육이라는 게 필요한데, 고등학교 대학교가 끝나면 사회적인 교육을 받기가 참 힘듭니다. 술에 취할 때 대처 방법들 그리고 해야 할 것과 말아야 할 것에 대한 교육이 필요하다고 생각합니다.","wordCount":49}}},"rawDataInfo":{"question":{"fileFormat":"wav","fileSize":590158,"duration":18440,"samplingBit":16,"channelCount":1,"samplingRate":"16kHz","audioPath":"/Mock/06.Design/Female/Experienced/ckmk_q_ard_f_e_108134.wav"},"answer":{"fileFormat":"wav","fileSize":2744718,"duration":85770,"samplingBit":16,"channelCount":1,"samplingRate":"16kHz","audioPath":"/Mock/06.Design/Female/Experienced/ckmk_a_ard_f_e_108134.wav"}}}