{"version":"1.0","dataSet":{"info":{"date":"20230116","occupation":"ARD","channel":"MOCK","place":"ONLINE","gender":"FEMALE","ageRange":"-34","experience":"EXPERIENCED"},"question":{"raw":{"text":"일을 하시다 보면 보통 여러 사람들과 함께 일을 하게 되는데 여러 사람들과 일을 함께 하다 보면 구성원들과 갈등이 생기기도 하죠 이럴 때 보통 지원자님께서는 어떻게 해결하시는 편일까요","wordCount":27},"emotion":[],"intent":[]},"answer":{"raw":{"text":"어 이 갈등을 되게 많은 회사들이 궁금해 하나 봐요. 이 갈등을 어떻게 해결해야 하는지를 되게 많이 질문을 주시더라고요. 그래서 저는 근데 진짜 갈등이 생길 때는 대화밖에 없다고 생각을 하거든요. 근데 대신 어 조금 진정이 되고 나서의 대화가 좋다고 생각해요. 근데 사실 갈등이라는 게 그냥 어떤 업무가 일을 하면서 그 시스템에서의 좀 다른 생각들로 인한 갈등인 거면 맞춰가면 되긴 하는데 뭔가 사적으로 감정적으로 갈등이 생겨버리면 사실 그게 푼다고 해도 완전히 서로 풀린 건지는 알 수가 없을 것 같거든요. 그래서 저는 사실 제 경험에 빗대면 그냥 일단 솔직하게 말했던 것 같애요. 솔직하게 말하고 제가 이 사람과 상대방과 은밀하게 해결되는 것이 아니라 조금 공개적으로 모든 사람들이 알 수 있게 객관적으로 그렇게 좀 공개를 하는 편이었고 그래서 겉으론 풀리지만 그 속에서 완전히 풀리지 않는 건 어쩔 수 없는 한계라고 생각합니다.","wordCount":126},"emotion":[],"intent":[{"text":"그래서   저는 근데 진짜 갈등이 생길 때는 대화밖에 없다고 생각을 하거든요.","expression":"c_confl_mg","category":"personality"},{"text":"솔직하게 말하고 제가 이 사람과 상대방과 은밀하게 해결되는 것이 아니라 조금 공개적으로   모든 사람들이 알 수 있게 객관적으로 그렇게 좀 공개를 하는 편이었고 그래서 겉으론 풀리지만 그 속에서 완전히 풀리지 않는 건 어쩔 수 없는 한계라고 생각합니다.","expression":"c_confl_mg","category":"personality"}],"summary":{"text":"갈등은 대화를 통해 진정이 되면 해소될 수 있습니다. 하지만 감정적 갈등의 경우 완전히 해소되진 않습니다. 그래서 제 경험상 은밀히 해결되는 것이 아니라 최대한 객관적으로 모든 사람이 알 수 있게 공개하는 편이었습니다. 그래서 겉으로는 해소되지만 속으로는 완전히 해결되지 않는 것이 한계라고 생각합니다.","wordCount":41}}},"rawDataInfo":{"question":{"fileFormat":"wav","fileSize":533198,"duration":16660,"samplingBit":16,"channelCount":1,"samplingRate":"16kHz","audioPath":"/Mock/06.Design/Female/Experienced/ckmk_q_ard_f_e_149726.wav"},"answer":{"fileFormat":"wav","fileSize":2486798,"duration":77710,"samplingBit":16,"channelCount":1,"samplingRate":"16kHz","audioPath":"/Mock/06.Design/Female/Experienced/ckmk_a_ard_f_e_149726.wav"}}}