{"version":"1.0","dataSet":{"info":{"date":"20230116","occupation":"ARD","channel":"MOCK","place":"ONLINE","gender":"FEMALE","ageRange":"35-44","experience":"EXPERIENCED"},"question":{"raw":{"text":"살면서 가장 힘들었던 경험이 있다면 그것은 무엇이었나요 그렇다면 그것을 어떻게 극복했는지도 궁금합니다","wordCount":12},"emotion":[],"intent":[]},"answer":{"raw":{"text":"어 그 전에 일했던 회사에서 그때는 제가 제작일을 하기 전이라서 영화 관련된 회사이긴 했지만 거기에서 밀린 돈을 못 받고 그만뒀던 경우가 있었습니다. 근데 계속 밀 밀어 미뤄지는 거를 알고 있기 했었는데 진짜 그 당시에는 이 일에 대한 애정으로 계속 일을 했었거든요. 그냥 모른 척 했던 거죠 그거를. 근데 계속 쌓이면서 미지급된 것들이 쌓이면서 결국은 그 회사가 없어지는 문을 닫아야 된다는 통보를 받았고 저를 비롯해서 꽤 많은 직원들이 임금을 못 받고 나오게 됐었고 그래서 다 같이 소송을 걸어놓기도 했긴 했는데 이게 지금 아직도 못 받았거든요. 그래서 그 당시에 그래도 일단은 카드를 긁으면서 살았는데 그 카드가 막힌 거죠. 그래서 그때 막 카드를 확인하고 그때 비가 오고 있었는데 그냥 막 울면서 걸었던 기억이 있습니다.","wordCount":111},"emotion":[],"intent":[{"text":"","expression":"","category":"attitude"}],"summary":{"text":"과거에 일했던 회사에서 급여지급이 계속 미뤄져 미지급된 것들이 쌓이면서 결국 회사가 없어져야 된다는 통보를 받았고 다 같이 소송을 걸어놓기도 했었는데 지금까지도 못 받았습니다. 그래서 일단 카드를 긁으면서 살았는데 그 카드가 막히게 됐고, 울면서 걸었던 기억이 있습니다.","wordCount":36}}},"rawDataInfo":{"question":{"fileFormat":"wav","fileSize":310478,"duration":9700,"samplingBit":16,"channelCount":1,"samplingRate":"16kHz","audioPath":"/Mock/06.Design/Female/Experienced/ckmk_q_ard_f_e_205629.wav"},"answer":{"fileFormat":"wav","fileSize":2714318,"duration":84820,"samplingBit":16,"channelCount":1,"samplingRate":"16kHz","audioPath":"/Mock/06.Design/Female/Experienced/ckmk_a_ard_f_e_205629.wav"}}}