{"version":"1.0","dataSet":{"info":{"date":"20230116","occupation":"ARD","channel":"MOCK","place":"ONLINE","gender":"FEMALE","ageRange":"35-44","experience":"EXPERIENCED"},"question":{"raw":{"text":"최근에 본 뉴스들 가운데에서 지원자님한테 가장 인상 깊었던 뉴스가 있을까요 그 뉴스가 어떤 부분에서 인상적으로 기억에 남았나요 개인적인 이유가 있을까요","wordCount":20},"emotion":[],"intent":[]},"answer":{"raw":{"text":"네 최근에 유명 연예인이 어 마약을 한 그런 뉴스가 있었습니다. 어 사실 우리나라에서 연예인들이 이제 마약을 하면서 적발된 사례들이 많았는데요. 하지만 최근에 어 이런 문제들은 굉장히 많이 일어나고 있고 그리고 정말 적절하게 대처하지 못하는 것 같아서 안타깝습니다. 최근에 나온 그 영화에서도 이 마약과 관련된 이야기가 소재로 나오는데요. 그런데 정말 놀랐던 거는 그게 실화라는 게 더 놀랐습니다. 현실에서 거의 있을 수 없는 일들이 일어났는데 그런 만큼 우리 사회에서 이런 마약과 관련된 범죄들이 심각하게 일어나고 있는 것 같습니다. 이런 문제들이 왜 계속해서 일어나고 있는 걸까요. 재발을 방지하기 위한 대책이 저는 제대로 이루어지지 않았다고 생각을 하고요. 그리고 그 연예인 같은 경우에는 어쨌든 공인으로서 굉장히 부적합한 행동을 한 것 같습니다. 공인으로서 사람들에게 인지도를 높이고 그걸 통해서 돈을 버는 사람인데 이렇게 불법적인 행동을 하고 또 이제 나라에서 막는 그런 행동을 하면서 불법적으로 취득을 했다는 게 저는 굉장히 윤리적인 문제라고 생각을 하고요. 좀 엄벌을 처해져서 이런 일이 발생하지 않았으면 좋겠습니다.","wordCount":144},"emotion":[],"intent":[{"text":"","expression":"","category":"attitude"}],"summary":{"text":"공인으로서 인지도를 높이고 돈을 버는 사람인데 불법적인 행동을 했다는 게 윤리적인 문제라고 생각하며, 이런 일이 일어나지 않았으면 좋겠습니다.","wordCount":18}}},"rawDataInfo":{"question":{"fileFormat":"wav","fileSize":667598,"duration":20860,"samplingBit":16,"channelCount":1,"samplingRate":"16kHz","audioPath":"/Mock/06.Design/Female/Experienced/ckmk_q_ard_f_e_114960.wav"},"answer":{"fileFormat":"wav","fileSize":2752718,"duration":86020,"samplingBit":16,"channelCount":1,"samplingRate":"16kHz","audioPath":"/Mock/06.Design/Female/Experienced/ckmk_a_ard_f_e_114960.wav"}}}