{"version":"1.0","dataSet":{"info":{"date":"20230116","occupation":"ARD","channel":"MOCK","place":"ONLINE","gender":"FEMALE","ageRange":"35-44","experience":"EXPERIENCED"},"question":{"raw":{"text":"다른 사람이 생각하는 지원자님의 장 단점은 뭐라고 생각하시나요 이유도 함께 말씀 부탁드립니다","wordCount":12},"emotion":[],"intent":[]},"answer":{"raw":{"text":"저를 보는 장점이라 함은 음 기복이 없다 네 그런 얘기는 좀 들었던 것 같습니다. 크게 동요하지 않는다 라는 얘기를 하더라구요 주변에서. 그래서 글쎄요 이게 제가 공감을 하는 건지 잘 모르겠습니다. 크게 공감 가지는 않는 말인 것 같기도 하고. 단점 이거는 뭐 제가 먼저 얘기를 하면서 어 소개를 한 편이라 주변 사람들도 아마 공감을 할 느립니다. 네 느려요 그래서 무언가를 결정하는데 오랜 시간이 걸리고 신중의 신중을 하려고 노력을 하는 편입니다. 음 하나는 공감이 갈듯 말듯 안 가고 하나는 제가 사서 얘기를 하는 편이라 어쨌든 둘 다 저인 거는 맞겠네요. 누구의 시선이든 간에 다 모두 저라고 생각을 합니다.","wordCount":96},"emotion":[],"intent":[{"text":"저를 보는 장점이라 함은   음 기복이 없다 네   그런 얘기는 좀 들었던 것 같습니다.","expression":"c_person","category":"background"}],"summary":{"text":"저는 크게 동요하지 않는다는 장점이 있지만, 주변 사람들이 공감할 속도가 느립니다. 그래서 무언가를 결정하는데 오랜 시간이 걸리고 신중을 하게 됩니다. 누구의 시선이든 간에 모두 저라고 생각 합니다.","wordCount":27}}},"rawDataInfo":{"question":{"fileFormat":"wav","fileSize":320078,"duration":10000,"samplingBit":16,"channelCount":1,"samplingRate":"16kHz","audioPath":"/Mock/06.Design/Female/Experienced/ckmk_q_ard_f_e_111989.wav"},"answer":{"fileFormat":"wav","fileSize":2750158,"duration":85940,"samplingBit":16,"channelCount":1,"samplingRate":"16kHz","audioPath":"/Mock/06.Design/Female/Experienced/ckmk_a_ard_f_e_111989.wav"}}}