{"version":"1.0","dataSet":{"info":{"date":"20230116","occupation":"ARD","channel":"MOCK","place":"ONLINE","gender":"FEMALE","ageRange":"-34","experience":"EXPERIENCED"},"question":{"raw":{"text":"네 열심히는 하지만 본인이 원하는 만큼 따라오지 못하는 팀 동료들이 있을 수 있는데요 어 그런 동료들에게 지원자님께서는 어떻게 하시겠는지요 어 본인이 생각한 말을 한 번 말씀해 보시겠습니까","wordCount":27},"emotion":[],"intent":[]},"answer":{"raw":{"text":"그런 동료들이 있다면 제가 어떻게 하는 거는 뭐 필요할까 생각이 듭니다. 그까 제가 주도를 하는 일에 그런 팀원이 있다면 어 솔직하게 보완되어야 하는 부분에 대해서는 말을 해줘야 되는 게 맞다고 생각합니다. 열심히는 하는데 어쨌든 원하는 만큼 못한다는 거는 능률 자체가 어 높지 않다는 건데 어쩌면 어떤 요인 때문에 그 사람이 능률이 오르지 못하는지를 모르고 있을 수도 있단 말이죠. 그러면 제가 동료로서 혹은 제가 만약에 이끈 사람으로서 만약에 존재한다면 그런 부분을 파악할 수 있는 선에서는 솔직하게 얘기해 줘야 되고 그렇게 하는 게 그 동료에게도 좀 많은 도움이 될 거라고 생각이 들구요. 어쨌든 함께 계속 일을 해나가야 한다면 그런 식으로 피드백을 계속해서 줘야 한다고 생각합니다.","wordCount":103},"emotion":[],"intent":[{"text":"","expression":"","category":"attitude"}],"summary":{"text":"제가 주도를 하는 일에 그런 팀원이 있다면 어 솔직하게 보완되어야 하는 부분에 대해서는 말을 해줘야 된다고 생각합니다. 함께 계속 일을 해나가야 한다면 그런 식의 피드백을 계속해서 줘야 한다고 생각합니다.","wordCount":29}}},"rawDataInfo":{"question":{"fileFormat":"wav","fileSize":544078,"duration":17000,"samplingBit":16,"channelCount":1,"samplingRate":"16kHz","audioPath":"/Mock/06.Design/Female/Experienced/ckmk_q_ard_f_e_182781.wav"},"answer":{"fileFormat":"wav","fileSize":2346958,"duration":73340,"samplingBit":16,"channelCount":1,"samplingRate":"16kHz","audioPath":"/Mock/06.Design/Female/Experienced/ckmk_a_ard_f_e_182781.wav"}}}