{"version":"1.0","dataSet":{"info":{"date":"20230116","occupation":"ARD","channel":"MOCK","place":"ONLINE","gender":"FEMALE","ageRange":"45-54","experience":"EXPERIENCED"},"question":{"raw":{"text":"이전 직장도 훌륭하다고 생각이 드는데 근데 그것을 그만둔 특별한 이유가 있으시나요 있다면 또한 이 지금 현 직장도 같은 이유로도 고만두실 수 있으십니까 그렇다면 그 가능성이 어느정도 되는지 이야기해 주시기 바랍니다","wordCount":30},"emotion":[],"intent":[]},"answer":{"raw":{"text":"제가 전 직장을 그만둔 이유는 더 넓은 곳에서 더 큰 곳에서 일을 해보고 싶었기 때문입니다. 어 저는 기본적으로 디자이너로서 어 넓은 꿈을 꾸면서 성공을 하고 싶은데요. 그러기 위해서는 다양한 경험이 필요했고 더 많은 기회가 저에게 필요했습니다. 그렇기 때문에 직장을 그만두고 이직 하기로 결정을 했습니다. 어 사실 전에 회사에서는 어 일이 재미있었지만 제가 활용할 수 있는 범위와 바운더리가 좀 작았습니다. 그렇기 때문에 저는 조금 더 많은 경험을 할 수 있는 회사로 옮기고 싶었는데요. 어 제가 회사를 찾다가 보니까 이 회사에서 직무도 다양하고 또 다양한 디자인도 개발하고 있는 것으로 알고 있습니다. 그렇기 때문에 더 큰 곳으로 와서 제 꿈을 펼치고 더 성장할 수 있는 기회를 가지기 위해서 도전을 하고 있는데요. 제가 직장을 그만둔 건 후회하지가 않습니다. 왜냐하면 어 전에 직장에서도 굉장히 재미있게 생활하고 있고요. 그다음에 제가 더 발전될 수 있기 때문에 아무래도 그런 점에서 결정을 하게 된 것 같습니다.","wordCount":137},"emotion":[],"intent":[{"text":"","expression":"","category":"attitude"}],"summary":{"text":"디자이너로서 넓은 꿈을 꾸면서 성공을 하고 싶기 때문에 직장을 그만두고 더 많은 경험을 할 수 있는 회사로 이직 하기로 결정을 했습니다. 전 직장에서 재미있게 생활하고 있고 더 발전될 수 있기 때문에 결정을 하게 된 것 같습니다.","wordCount":36}}},"rawDataInfo":{"question":{"fileFormat":"wav","fileSize":632398,"duration":19760,"samplingBit":16,"channelCount":1,"samplingRate":"16kHz","audioPath":"/Mock/06.Design/Female/Experienced/ckmk_q_ard_f_e_108142.wav"},"answer":{"fileFormat":"wav","fileSize":2487118,"duration":77720,"samplingBit":16,"channelCount":1,"samplingRate":"16kHz","audioPath":"/Mock/06.Design/Female/Experienced/ckmk_a_ard_f_e_108142.wav"}}}