{"version":"1.0","dataSet":{"info":{"date":"20230116","occupation":"ARD","channel":"MOCK","place":"ONLINE","gender":"FEMALE","ageRange":"35-44","experience":"EXPERIENCED"},"question":{"raw":{"text":"면접자분이 생각하시는 디자인이란 무엇인지 서술해 주시길 바랍니다","wordCount":7},"emotion":[],"intent":[]},"answer":{"raw":{"text":"네 저는 디자인은 사람들에게 영감을 불러 일으키는 일이라고 생각을 합니다. 어 디자인을 봤을 때 디자인에는 모든 게 함축적으로 들어있는데요. 사람들이 그 디자인을 보고 어떤 걸로 연상시키거나 아니면 감정적 생각에 그 깊이를 이해할 수 있게 해주는 것 같습니다. 아 그래서 우리는 어떤 글로 표현된 것 보다는 그림을 통해서 표현된 이 디자인이 사람들에게 영감을 주기도 하고 또 관심을 이끌게 해주는 것 같은데요. 하나의 상징성이라고 봐주시면 좋을 것 같습니다. 그 디자인이라는 하나의 상징물을 통해서 사람들이 어떤 감정을 느끼고 그리고 그 이미지가 투영되는 그런 결과가 있는데요. 그래서 저는 다양하고 독창적인 디자이너들이 어 여러 가지 아이디어를 통해서 디자인을 개발하는 게 중요하다고 생각을 합니다. 어 기존에는 좀 표면적이고 틀에 박히거나 혹은 상업성 위주로 돌아가는 그런 디자인들도 많은데요. 그런 거 나름의 의미도 있겠지만 다른 측면에서는 그 디자이너의 고유의 그 성격과 장점을 인정해주면서 가져가는 디자인의 그런 측면도 굉장히 좋다고 생각을 합니다. 그래서 제가 그런 디자인을 좋아하고 저도 그렇게 성장을 하고 싶습니다.","wordCount":143},"emotion":[],"intent":[{"text":"","expression":"","category":"attitude"}],"summary":{"text":"디자인이라는 하나의 상징물을 통해서 사람들이 어떤 감정을 느끼고 그리고 그 이미지가 투영되는 결과가 있습니다. 그래서 다양하고 독창적인 디자이너들이 여러 가지 아이디어를 통해서 디자인을 개발하는 게 중요하다고 생각합니다.","wordCount":27}}},"rawDataInfo":{"question":{"fileFormat":"wav","fileSize":218318,"duration":6820,"samplingBit":16,"channelCount":1,"samplingRate":"16kHz","audioPath":"/Mock/06.Design/Female/Experienced/ckmk_q_ard_f_e_114962.wav"},"answer":{"fileFormat":"wav","fileSize":2746958,"duration":85840,"samplingBit":16,"channelCount":1,"samplingRate":"16kHz","audioPath":"/Mock/06.Design/Female/Experienced/ckmk_a_ard_f_e_114962.wav"}}}