{"version":"1.0","dataSet":{"info":{"date":"20230116","occupation":"ARD","channel":"MOCK","place":"ONLINE","gender":"FEMALE","ageRange":"35-44","experience":"EXPERIENCED"},"question":{"raw":{"text":"여러분 아이 패드 맥북 에어 팟 지 플립 등과 같이 시장에서 관심받는 제품들의 특징은 각각 무엇인지 알고 계십니까 알고 계시다면 설명해 주시기 바랍니다","wordCount":23},"emotion":[],"intent":[]},"answer":{"raw":{"text":"디자인 네 디자인 그리고 어 어떤 혁신 어떤 최초의 이미지라고 해야 될까요. 글쎄 패드도 제가 잘못 알고 있나 이 아이폰 그니까 애플에서 처음 그 패드에 대한 이미지를 확 확고히 시킨 게 있었고 맥북은 근데 잘 모르겠네요. 이거는 아이폰도 아니고 맥북 아무래도 뭐 기술적인 부분에서 특히나 지금 뭐 저희 같은 공연 관계자들이 가장 선호하고 가장 작업에 많이 쓰는 노트북이기 때문에 여러 가지로 호환도 많이 되고 그러한 호환이 많이 되고 잘 되는 혁신적인 에어팟은 이제 무선 이어폰의 시대를 연 그러한 기기고 제트 플립도 네 폴더블 폰의 대표적인 디자인이죠. 그러한 어떤 혁신적이면서 동시에 미적인 거를 잃지 않는 그런 센스들인 거 같아요.","wordCount":98},"emotion":[],"intent":[{"text":"","expression":"","category":"attitude"}],"summary":{"text":"혁신적인 에어팟은 무선 이어폰의 시대를 연 기기이고, 제트 플립은 네 폴더블 폰의 대표적인 디자인입니다. 혁신적이면서 동시에 미적인 감각을 잃지 않는 것 같습니다.","wordCount":22}}},"rawDataInfo":{"question":{"fileFormat":"wav","fileSize":467918,"duration":14620,"samplingBit":16,"channelCount":1,"samplingRate":"16kHz","audioPath":"/Mock/06.Design/Female/Experienced/ckmk_q_ard_f_e_179738.wav"},"answer":{"fileFormat":"wav","fileSize":2667918,"duration":83370,"samplingBit":16,"channelCount":1,"samplingRate":"16kHz","audioPath":"/Mock/06.Design/Female/Experienced/ckmk_a_ard_f_e_179738.wav"}}}