{"version":"1.0","dataSet":{"info":{"date":"20230116","occupation":"ARD","channel":"MOCK","place":"ONLINE","gender":"FEMALE","ageRange":"-34","experience":"EXPERIENCED"},"question":{"raw":{"text":"열심히 하는데도 본인이 원하는 만큼 따라오지 못하는 팀 동료들이 가끔 있는데요 이럴 때 지원자님은 그 동료를 위해 어떻게 하시나요","wordCount":19},"emotion":[],"intent":[]},"answer":{"raw":{"text":"열심히 하지만 제가 원하는 만큼 따라오지 못하는 팀 동료가 있으면은요 저는 우선 다른 팀원들한테도 한 번 이야기를 들어볼 것 같습니다. 뭐 이런저런 전체적인 얘기를 하면서 또 개개인적인 이야기를 들어볼 것 같은데요. 왜냐하면 제가 느꼈을 때 따라오지 못하는 팀 동료일 수도 있잖아요. 다른 사람들은 모두 만족하는데 저만이 만약에 마음에 안 든다라고 하면은 제 생각을 바꿀 것 같습니다. 하지만 다른 사람들이 이야기하기에도 그분이 조금은 느리다 라고 한다면 그분과 따로 한 번 이야기를 할 것 같고요. 따로 이야기를 하면서 뭐 작업물의 문제인 건지 아니면 프로젝트를 이해를 못한 건지 그걸 한번 여쭤보고 최대한 저희는 팀이기 때문에 이 팀 우리의 팀이 잘 나아갈 수 있는 그런 방법을 한번 생각해 볼 것 같습니다. 무작정 싫어하거나 무작정 화를 낸다고 해서 잘 가는 건 아니잖아요. 이 사람의 입장에서 한 번도 생각을 하고 모르는 것은 짚어주고 그래도 전혀 갈피를 잡지 못한다면 한번 더 강하게 얘기해주고 그럴 것 같습니다.","wordCount":139},"emotion":[],"intent":[{"text":"","expression":"","category":"attitude"}],"summary":{"text":"저는 열심히 하지만 원하는 만큼 따라오지 못하는 팀 동료가 있다면 다른 팀원들한테 한 번 이야기를 들어볼 것 같습니다. 다른 팀원들이 모두 만족하는데 저만이 마음에 들지 않는다고 하면 생각을 바꿀 것 같지만, 다른 사람들이 이야기하기에도 제가 느리다 한다면 따로 이야기를 할 것입니다. 최대한 팀이 잘 나아갈 수 있는 방법을 생각해 볼 것입니다.","wordCount":51}}},"rawDataInfo":{"question":{"fileFormat":"wav","fileSize":614798,"duration":19210,"samplingBit":16,"channelCount":1,"samplingRate":"16kHz","audioPath":"/Mock/06.Design/Female/Experienced/ckmk_q_ard_f_e_187563.wav"},"answer":{"fileFormat":"wav","fileSize":2095438,"duration":65480,"samplingBit":16,"channelCount":1,"samplingRate":"16kHz","audioPath":"/Mock/06.Design/Female/Experienced/ckmk_a_ard_f_e_187563.wav"}}}