{"version":"1.0","dataSet":{"info":{"date":"20230116","occupation":"ARD","channel":"MOCK","place":"ONLINE","gender":"FEMALE","ageRange":"45-54","experience":"EXPERIENCED"},"question":{"raw":{"text":"지원자님께서 스터디를 따로 하고 계신 게 있는지 궁금한데요 있다면 어떤 공부를 왜 하고 계시는지도 함께 설명해 주시면 감사하겠습니다","wordCount":18},"emotion":[],"intent":[]},"answer":{"raw":{"text":"저는 요즘에 음 베이킹 스터디를 좀 하고 있습니다. 일단은 처음에는 어 아이들을 좀 키우고 있어서 요리 같은 거에 관심이 좀 많아서 학원을 알아봤다가 이렇게 여러 명이 그냥 스터디처럼 하는 것도 있더라구요. 그래서 그 스터디에 나가기 시작을 했구요. 주로 뭐 구운 과자 같은 것들을 먼저 하고 있습니다. 일단은 제가 이거를 취미로 소소하게 시작하면서 저희 아이들한테 이제 간식 제공 정도로 하고 있기는 한데 하다 보니까 좀 공부가 재미있기도 해서 좀 기회가 된다면 어 좀 먼 이야기일 수 있긴 한데 나중에 이제 이 기술을 좀 습득이 됐을 때 어 저만의 그 작은 가게를 좀 오픈을 하고 싶은 마음이 있어요. 그래서 지금 현재 취미지만 그래도 꾸준하게 이어가려고 하고 있습니다.","wordCount":105},"emotion":[{"text":"일단은 처음에는 어 아이들을 좀 키우고 있어서   요리 같은 거에 관심이 좀 많아서 학원을 알아봤다가 이렇게 여러 명이 그냥 스터디처럼 하는 것도 있더라구요.","expression":"p-interest","category":"positive"},{"text":"보니까 좀 공부가 재미있기도 해서 좀 기회가 된다면   어 좀 먼 이야기일 수 있긴 한데 나중에 이제 이 기술을 좀 습득이 됐을 때   어 저만의 그 작은 가게를 좀 오픈을 하고 싶은 마음이 있어요.","expression":"p-interest","category":"positive"}],"intent":[{"text":"","expression":"","category":"attitude"}],"summary":{"text":"요즘 베이킹 스터디를 하고 있습니다. 처음에는 요리에 관심이 있어서 학원을 알아봤다가 스터드처럼 하는 것도 있어서 나가면서 구운 과자를 먼저 했습니다. 나중에 기술을 습득해서 저만의 가게를 오픈하고 싶은 마음이 있어서 꾸준히 하고 있습니다.","wordCount":32}}},"rawDataInfo":{"question":{"fileFormat":"wav","fileSize":373838,"duration":11680,"samplingBit":16,"channelCount":1,"samplingRate":"16kHz","audioPath":"/Mock/06.Design/Female/Experienced/ckmk_q_ard_f_e_148553.wav"},"answer":{"fileFormat":"wav","fileSize":2273998,"duration":71060,"samplingBit":16,"channelCount":1,"samplingRate":"16kHz","audioPath":"/Mock/06.Design/Female/Experienced/ckmk_a_ard_f_e_148553.wav"}}}