{"version":"1.0","dataSet":{"info":{"date":"20230116","occupation":"ARD","channel":"MOCK","place":"ONLINE","gender":"FEMALE","ageRange":"45-54","experience":"EXPERIENCED"},"question":{"raw":{"text":"팀으로 일을 진행하실 때도 있고 혼자 일을 진행하실 때도 있으실 텐데 그중에서 더 무엇을 선호하시는지 궁금합니다 어떤 것을 선호하시는지 그 이유도 같이 이야기해 주시면 좋을 것 같아요","wordCount":27},"emotion":[],"intent":[]},"answer":{"raw":{"text":"팀으로 일하는 것과 혼자 일하는 것 중 저에게 선택을 하라고 한다면 저는 팀으로 일하는 것을 선택하겠습니다. 예전에는 혼자 일하는 것이 훨씬 편하다고 생각했는데요. 이제 업무를 진행하다 보면 제가 막히는 부분들이 있더라구요. 그런데 그때 주변 사람들에게 공유하고 그들의 의견을 들어보면 그들의 의견대로 하지 않더라도 제가 생각을 좀 전환하거나 새롭게 사고할 수 있는 부분들을 찾을 수가 있어서 문제 해결에 훨씬 더 근접할 수 있는 상황들이 많았습니다. 그렇기 때문에 혼자 일하는 것보다는 팀으로 일을 하면서 서로 아이디어를 공유하고 더 나은 방향을 구색 구색해 보는 것이 구상해 보는 것이 훨씬 저에게는 맞다고 생각이 들어 팀으로 일을 하는 그것을 저는 선호합니다.","wordCount":96},"emotion":[],"intent":[{"text":"그런데 그때 주변 사람들에게   공유하고 그들의 의견을 들어보면 그들의 의견대로 하지 않더라도 제가 생각을   좀 전환하거나 새롭게 사고할 수 있는 부분들을 찾을 수가 있어서 문제 해결에 훨씬   더 근접할 수 있는 상황들이 많았습니다.","expression":"c_cop","category":"personality"}],"summary":{"text":"저는 개인적으로 혼자 일하는 것보다는 팀으로 일하는 것을 선호합니다. 함께 일을 하면서 서로 아이디어를 공유하고 더 나은 방향을 구상해 보는 것이 훨씬 제에게는 맞다고 생각이 들어서 그렇게 생각합니다.","wordCount":28}}},"rawDataInfo":{"question":{"fileFormat":"wav","fileSize":563918,"duration":17620,"samplingBit":16,"channelCount":1,"samplingRate":"16kHz","audioPath":"/Mock/06.Design/Female/Experienced/ckmk_q_ard_f_e_174085.wav"},"answer":{"fileFormat":"wav","fileSize":1703758,"duration":53240,"samplingBit":16,"channelCount":1,"samplingRate":"16kHz","audioPath":"/Mock/06.Design/Female/Experienced/ckmk_a_ard_f_e_174085.wav"}}}