{"version":"1.0","dataSet":{"info":{"date":"20230116","occupation":"ARD","channel":"MOCK","place":"ONLINE","gender":"FEMALE","ageRange":"-34","experience":"EXPERIENCED"},"question":{"raw":{"text":"지원자님께서 최근에 본 뉴스나 접한 뉴스들 가운데 가장 인상 깊었던 뉴스는 무엇입니까 왜 그 뉴스가 인상 깊었는지 이유도 함께 말씀해 주시기 바랍니다","wordCount":22},"emotion":[],"intent":[]},"answer":{"raw":{"text":"어 오늘 봤던 뉴스였는데요. 외교부 직원이 어 비티에스 정국의 모자를 그 중고 판매점에 올렸던 그 일이 뉴스로 났던 걸 봤습니다. 네 찾아보니까 어 정확히 그 사람은 외교부 이제 공무원아니고 그 공무원들의 일을 도와주는 공무 직원이라고 하더라구요. 그래서 정확히 공무원으로 속하지 않는 근로자라고 기사에 써 있었는데 어쨌든 그 사람이 외교부라는 소속을 이용해서 그 물건을 중고에 올렸기 때문에 그리고 굉장히 비싼 가격에 그 금액 그 모자를 올렸거든요. 천만 원이었나 그래서 금방 글은 내려졌다고 기사가 나긴 했는데 어쨌든 공무원이 속해 있는 그 분야에서 근무를 한 사람이 그렇게 어떤 유명인의 물품을 돌려주지 않고 팔았다는 것 자체가 그리고 그 신분을 자기가 먼저 내세워서 했다는 게 좀 충격적으로 다가왔습니다.","wordCount":103},"emotion":[],"intent":[{"text":"","expression":"","category":"attitude"}],"summary":{"text":"외교부 직원이 비티에스 정국의 모자를 중고 판매점에 올렸던 그 일이 뉴스로 났던 걸 봤습니다. 공무원이 속한 그 분야에서 근무를 한 사람이 유명인의 물품을 돌려주지 않고 팔았다는 것 자체가 충격적으로 다가왔습니다.","wordCount":30}}},"rawDataInfo":{"question":{"fileFormat":"wav","fileSize":574158,"duration":17940,"samplingBit":16,"channelCount":1,"samplingRate":"16kHz","audioPath":"/Mock/06.Design/Female/Experienced/ckmk_q_ard_f_e_182776.wav"},"answer":{"fileFormat":"wav","fileSize":2668878,"duration":83400,"samplingBit":16,"channelCount":1,"samplingRate":"16kHz","audioPath":"/Mock/06.Design/Female/Experienced/ckmk_a_ard_f_e_182776.wav"}}}