{"version":"1.0","dataSet":{"info":{"date":"20230116","occupation":"ARD","channel":"MOCK","place":"ONLINE","gender":"FEMALE","ageRange":"-34","experience":"EXPERIENCED"},"question":{"raw":{"text":"어 최근에 가장 기억에 남는 디자인 사례가 있었으면 거기에 대해서 말씀 부탁드릴게요","wordCount":12},"emotion":[],"intent":[]},"answer":{"raw":{"text":"네 최근에 제가 유명 디자이너가 개최한 어 전시회를 다녀왔습니다. 그러면서 그 디자인들을 보고 제가 굉장히 배울 점이 많구나 라는 생각을 하면서 왔는데요. 그 디자이너에게 배울 점은 아주 간결하고 심플했습니다. 그러면서 그 디자인이 말하는 바를 명확하게 설명해 준다는 측면에서 저는 배울 점이 많다고 생각을 했는데요. 어 디자인을 하다보면 생각에 갇히게 되고 또 여러 가지 아이디어가 떠오르게 되면서 막 여러 가지 복잡해지거나 그 난해해지는 그런 디자인들이 있습니다. 하지만 그 디자인은 사람들이 봤을 때 어떤 의미를 담고 있는지 좀 이해하기 어렵고 어 난해하거나 해석하기 어렵다 이런 평가를 받긴 쉽습니다. 하지만 제가 이번에 본 디자인 같은 경우에는 아주 전달하는 바가 명확하고 심플해 보였구요. 그리고 별다른 특별한 기법이나 요소를 많이 가미하지 않았는데도 불구하고 굉장히 심플하고 또 영감을 받기에 좋은 디자인이라는 생각이 들었습니다. 어 저도 이렇게 간결하고 심플하지만 사람들에게 좋은 영향력을 주는 그런 디자인을 많이 해보고 싶구요. 사람들 속에서 기억에 남는 그런 디자인을 만드는 게 저의 목표이고 꿈이라고 말씀을 드리고 싶습니다.","wordCount":145},"emotion":[],"intent":[{"text":"그러면서   그 디자인이 말하는 바를 명확하게 설명해 준다는 측면에서 저는 배울 점이 많다고   생각을 했는데요.","expression":"d_sens","category":"attitude"},{"text":"그리고 별다른 특별한 기법이나 요소를 많이 가미하지 않았는데도 불구하고   굉장히 심플하고 또 영감을 받기에 좋은 디자인이라는 생각이 들었습니다.","expression":"d_sens","category":"attitude"}],"summary":{"text":"디자이너에게 배울 점은 간결하고 심플했으며, 그 말이 의미하는 바를 명확하게 설명해 준다는 측면에선 배울 점이 많다고 생각했지만, 해석을 어렵게 만드는 디자인도 있습니다. 하지만 제가 이번에 본 디자인 같은 경우에는 아주 명확하고, 심플하고, 영감을 받기에 좋은 디자인이라는 생각이 들었습니다.","wordCount":38}}},"rawDataInfo":{"question":{"fileFormat":"wav","fileSize":331278,"duration":10350,"samplingBit":16,"channelCount":1,"samplingRate":"16kHz","audioPath":"/Mock/06.Design/Female/Experienced/ckmk_q_ard_f_e_120622.wav"},"answer":{"fileFormat":"wav","fileSize":2750798,"duration":85960,"samplingBit":16,"channelCount":1,"samplingRate":"16kHz","audioPath":"/Mock/06.Design/Female/Experienced/ckmk_a_ard_f_e_120622.wav"}}}