{"version":"1.0","dataSet":{"info":{"date":"20230116","occupation":"ARD","channel":"MOCK","place":"ONLINE","gender":"FEMALE","ageRange":"-34","experience":"EXPERIENCED"},"question":{"raw":{"text":"면접자께서 읽으신 책 중에 가장 감명 깊게 읽은 책 혹은 감명 깊게 본 영화는 무엇인지 설명 부탁드리겠습니다","wordCount":17},"emotion":[],"intent":[]},"answer":{"raw":{"text":"네 그동안 가장 감명 깊게 읽은 책부터 말씀드리도록 하겠습니다. 이것은 아는 분들이 거의 없을 거라고 생각하는데요. 미술이 수리수리라는 한 회사에서 시리즈물로 나온 예술 도서 중의 하나입니다. 거기에는 약간 그림들도 함께 있고 그런 글의 내용들이 굉장히 재치있게 쓰여 있어져서 거기에서는 예를 들어서 초사실주의와 사실주의의 차이점이라든지 아니면 동굴의 벽화에 대한 알타미라 관련된 것들 등등 그리고 무슨 고흐라든지 아니면은 또 다른 화가들의 삶도 어느정도 볼 수 있는 도서입니다. 그래서 저는 그 도서를 굉장히 감명 깊게 보았고 계속해서 보고 있고요. 그리고 감명 깊게 보았던 영화는 이것은 예술 분야랑은 조금은 다른 뮤지컬 영화입니다. 라라 랜드라고 많이들 알고 있는데요. 그것을 보면 두 가지의 의견이 나뉜다고 합니다. 하나는 내가 이루지 못했던 첫사랑의 아픔을 느끼시는 분들이 있고 또 두 번째는 내가 원하는 일을 하게 된 그런 성취감이 보이는 영화라고 합니다. 그래서 제가 그 당시에 그 영화를 봤었는데는 네 애인이 헤어진 지 얼마 안 돼서 그런 첫 번째 소감이 제 마음 깊이 남았고요. 지금 이제 여기에 합격을 하고 나면은 그 이번에 소감이 제 마음에 와닿지 않을까 라는 생각이 듭니다.","wordCount":160},"emotion":[{"text":"그래서 저는 그 도서를 굉장히 감명 깊게 보았고 계속해서 보고 있고요.","expression":"p-gratitude","category":"positive"}],"intent":[{"text":"","expression":"","category":"attitude"}],"summary":{"text":"미술이 수리수리라는 회사에서 시리즈물로 나온 예술 도서 중에 초사실주의와 사실주의의 차이점, 동굴의 벽화에 대한 알타미라 관련된 것 등등 다른 화가들의 삶도 볼 수 있는 책입니다. 그리고 감명 깊게 본 영화는 뮤지컬 영화입니다. 라라랜드라고 뮤지컬 영화를 보면 첫사랑의 아픔을 느끼시는 분들과 원하는 일을 하게 된 성취감이 보이는 영화라는 의견이 있습니다.","wordCount":49}}},"rawDataInfo":{"question":{"fileFormat":"wav","fileSize":438478,"duration":13700,"samplingBit":16,"channelCount":1,"samplingRate":"16kHz","audioPath":"/Mock/06.Design/Female/Experienced/ckmk_q_ard_f_e_187143.wav"},"answer":{"fileFormat":"wav","fileSize":2641998,"duration":82560,"samplingBit":16,"channelCount":1,"samplingRate":"16kHz","audioPath":"/Mock/06.Design/Female/Experienced/ckmk_a_ard_f_e_187143.wav"}}}