{"version":"1.0","dataSet":{"info":{"date":"20230116","occupation":"ARD","channel":"MOCK","place":"ONLINE","gender":"FEMALE","ageRange":"45-54","experience":"EXPERIENCED"},"question":{"raw":{"text":"얼마 전 구급 대원이 주취자에게 폭행을 당해 순직 당하는 일이 있었습니다 이렇게 순직을 당하는 이러한 비극적인 사건에 대해서 지원자님께서는 어떻게 생각하시나요","wordCount":21},"emotion":[],"intent":[]},"answer":{"raw":{"text":"네 기억나네요. 음 어떻게 생각하겠어요. 다 똑같죠. 참담하고 참 또 지겹고 아 또 죽였네 이런 이런 반응이라고 해야 될까요. 참 신기해요. 분명히 어 원인이 있는데 심지어 그 원인을 어 참작해 달라는 거로 오히려 본인이 더 드러내서 공개를 하고 아주 막 늦지 않게 막 서둘러서 그거를 알리고 그거로 인해서 이렇게 됐다 라고 방어를 하고 보호를 하고 근데 또 그게 먹히고 왜 이럴까요. 참 웃겨요. 계속 그냥 죽이고 싶나 봐요 그냥. 우리나라는 우리나라 법은 우리나라 법으로 어 판결을 내리는 사람들은 그렇게 사람을 죽이는 걸 좋아하나 봐요 네 술로. 참 희한해요. 그런 것 같네요.","wordCount":91},"emotion":[],"intent":[{"text":"","expression":"","category":"attitude"}],"summary":{"text":"우리나라는 우리나라 법으로 판결을 내리는 사람들은 그렇게 사람을 죽이는 걸 좋아하나 봐요. 참 희한해요. ","wordCount":14}}},"rawDataInfo":{"question":{"fileFormat":"wav","fileSize":579278,"duration":18100,"samplingBit":16,"channelCount":1,"samplingRate":"16kHz","audioPath":"/Mock/06.Design/Female/Experienced/ckmk_q_ard_f_e_161069.wav"},"answer":{"fileFormat":"wav","fileSize":2846798,"duration":88960,"samplingBit":16,"channelCount":1,"samplingRate":"16kHz","audioPath":"/Mock/06.Design/Female/Experienced/ckmk_a_ard_f_e_161069.wav"}}}