{"version":"1.0","dataSet":{"info":{"date":"20230116","occupation":"ARD","channel":"MOCK","place":"ONLINE","gender":"FEMALE","ageRange":"35-44","experience":"EXPERIENCED"},"question":{"raw":{"text":"협업하는 과제와 혼자 하는 과제 중 어떤 것을 선호하시나요 그 이유도 함께 말씀해 주십시오","wordCount":14},"emotion":[],"intent":[]},"answer":{"raw":{"text":"네 아무래도 디자이너들은 어 개인이 혼자 하는 과제를 조금 더 선호하는 것 같습니다. 어 왜냐하면 디자인을 할 때 어 본인에게 집중하는 시간이 필요하고 내가 어떤 디자인을 만들어 낼 것인가에 그 생각하는 시간이 많이 필요합니다. 그래서 저 역시도 개인 작업을 쪼금 더 선호하는 편인데요. 어 저만의 색깔을 발휘할 수 있고 쪼금 더 몰입도 있게 작업을 할 수 있기 때문입니다. 하지만 디자이너 중에서도 또 협업하는 과제를 선호할 수도 있고요. 저도 유연하게 협업을 진행을 하는 편입니다. 하지만 이제 디자이너들 같은 경우에는 개인의 색깔이 워낙 강하기 때문에 협업을 할 때 부딪칠 수도 있고 또 전혀 타협이 안 되는 경우도 저는 많이 봤습니다. 어 저도 이제 여러 가지 공동 프로젝트를 진행을 했었는데요. 어떤 디자인이에너의 경우에는 타협이 좀 불가한 경우가 있었습니다. 본인만의 색깔이 너무 강해서 다른 사람과 디자이너로서 협업이 안되고 공동의 작품을 만들어내기에 좀 어려운 그런 사람들이 있었는데요. 그런 경우가 아니라고 하면 협업을 하는 것도 굉장히 좋은 것 같습니다. 다양한 아이디어를 모아서 또 새로운 더 독창적인 어 그런 작품을 만들어낼 수 있기 때문에 저는 협업도 굉장히 좋은 결과물을 만들어낼 수 있다고 생각을 합니다.","wordCount":167},"emotion":[],"intent":[{"text":"다양한 아이디어를 모아서 또 새로운 더 독창적인 어   그런 작품을 만들어낼 수 있기 때문에 저는 협업도 굉장히 좋은 결과물을 만들어낼 수   있다고 생각을 합니다.","expression":"c_cop","category":"personality"}],"summary":{"text":"디자인할 때 본인에게 집중하는 시간이 필요하고 어떤 디자인을 만들어 낼 것인가에 대한 생각이 필요하기 때문에 저 역시 개인 작업을 더 선호합니다. 하지만 개인의 색깔이 워낙 강하기 때문에 협업할 때 부딪칠 수도 있고 타협이 안 되는 경우도 많이 봤습니다. 하지만 협업하는 것도 굉장히 좋은 것 같습니다. 다양한 아이디어를 모아서 또 새로운 독창적인 작품을 만들어낼 수 있기 때문에 협업도 굉장히 좋은 결과물을 만들어 낼 수 있다고 생각합니다.","wordCount":65}}},"rawDataInfo":{"question":{"fileFormat":"wav","fileSize":299918,"duration":9370,"samplingBit":16,"channelCount":1,"samplingRate":"16kHz","audioPath":"/Mock/06.Design/Female/Experienced/ckmk_q_ard_f_e_115011.wav"},"answer":{"fileFormat":"wav","fileSize":2869198,"duration":89660,"samplingBit":16,"channelCount":1,"samplingRate":"16kHz","audioPath":"/Mock/06.Design/Female/Experienced/ckmk_a_ard_f_e_115011.wav"}}}