{"version":"1.0","dataSet":{"info":{"date":"20230116","occupation":"ARD","channel":"MOCK","place":"ONLINE","gender":"FEMALE","ageRange":"45-54","experience":"EXPERIENCED"},"question":{"raw":{"text":"우리 회사가 해외 무대로 진출하게 된다면 어디로 진출하는 것이 좋다고 생각하십니까 이유도 함께 말씀해 주시기 바랍니다","wordCount":16},"emotion":[],"intent":[]},"answer":{"raw":{"text":"해외 무대로 이제 진출할 계획이 있다면 저는 미국을 선택하겠습니다. 미국을 선택한 이유는 다양한 인종과 다양한 문화가 합쳐져 새롭게 나타나는 음 트렌드들이 많이 보이는 것 같습니다. 그래서 미국으로 진출해 그들의 문화를 조금 더 이해해 보고 그리고 그들이 다양한 문화를 흡수할 수 있었던 배경을 한 번 더 고민해 보겠습니다. 그래서 그것들을 지금 저희가 계획하고 있는 프로젝트에 접목을 시켜서 더 어 다양한 디자인이 나올 수 있도록 구상을 해 보도록 하겠습니다.","wordCount":67},"emotion":[],"intent":[{"text":"","expression":"","category":"attitude"}],"summary":{"text":"다양한 인종과 다양한 문화가 합쳐져 새롭게 나타나는 트렌드들이 많이 보이는 미국 진출을 위해 그들의 문화를 이해하고 흡수할 수 있었던 배경들을 프로젝트에 접목시켜 다양한 디자인을 구상해보겠습니다.","wordCount":25}}},"rawDataInfo":{"question":{"fileFormat":"wav","fileSize":528078,"duration":16500,"samplingBit":16,"channelCount":1,"samplingRate":"16kHz","audioPath":"/Mock/06.Design/Female/Experienced/ckmk_q_ard_f_e_176984.wav"},"answer":{"fileFormat":"wav","fileSize":1331598,"duration":41610,"samplingBit":16,"channelCount":1,"samplingRate":"16kHz","audioPath":"/Mock/06.Design/Female/Experienced/ckmk_a_ard_f_e_176984.wav"}}}