{"version":"1.0","dataSet":{"info":{"date":"20230116","occupation":"ARD","channel":"MOCK","place":"ONLINE","gender":"FEMALE","ageRange":"35-44","experience":"EXPERIENCED"},"question":{"raw":{"text":"본인의 장점과 단점을 말씀을 해 보시고요 그리고 그 단점을 극복하고 장점을 극대화하기 위해서 어떤 노력을 했는지도 함께 말씀을 해주세요","wordCount":19},"emotion":[],"intent":[]},"answer":{"raw":{"text":"저는 디자인을 할 때 저만의 아이디어와 저만의 아이덴티티를 표현하는 게 중요하다고 생각을 합니다. 어 저희가 가지고 있는 그런 독창성과 또 풍부한 아이디어가 저의 큰 장점이라고 생각을 하는데요. 저는 기본적으로 좀 아이디어 측면에서 여러 가지를 시도하려고 하고 있습니다. 다양한 기법과 또 디자인 기술을 통해서 그것들을 표현하려고 노력을 하는데요. 이런 그 작가만의 독창적인 표현의 그림 방식이 저는 반드시 필요하다고 생각이 들고요. 저도 그래서 그렇게 하기 위해서 많은 노력을 기울이고 있습니다. 어 다만 이제 그 디자인을 평가하는 사람들이 있을 텐데요. 어 매니아층 있을 정도로 그 디자인을 좋아하는 사람들이 있습니다. 하지만 반대로 생각해보면 그 방향성에 대해서 쪼금 어 부족하다고 느끼거나 아니면 본인의 취향이 아니라고 생각하는 사람도 있었습니다. 그거는 쪼금 단점이자 극복해 내야 될 점이라고 생각을 하는데요. 디자인의 독창성도 중요하지만 또 대중성도 가져야 되기 때문에 대중적으로 합리적으로 그걸 이해할 수 있고 또 공감 받을 수 있는 디자인이 필요하다고 생각을 합니다. 그래서 저는 양쪽에서 모두 호응을 받기 위해서 어 디자인 측면에서 장단점을 보완하고 있습니다.","wordCount":148},"emotion":[],"intent":[{"text":"","expression":"","category":"attitude"}],"summary":{"text":"디자인 할 때 작가만의 독창적이고 풍부한 아이디어와 아이덴티티를 표현하는 게 중요하다고 생각하며, 대중적으로 합리적으로 이해하고 공감 받을 수 있는 디자인의 장점과 단점을 보완하고 있습니다.","wordCount":24}}},"rawDataInfo":{"question":{"fileFormat":"wav","fileSize":507278,"duration":15850,"samplingBit":16,"channelCount":1,"samplingRate":"16kHz","audioPath":"/Mock/06.Design/Female/Experienced/ckmk_q_ard_f_e_114954.wav"},"answer":{"fileFormat":"wav","fileSize":2746318,"duration":85820,"samplingBit":16,"channelCount":1,"samplingRate":"16kHz","audioPath":"/Mock/06.Design/Female/Experienced/ckmk_a_ard_f_e_114954.wav"}}}