{"version":"1.0","dataSet":{"info":{"date":"20230116","occupation":"ARD","channel":"MOCK","place":"ONLINE","gender":"FEMALE","ageRange":"45-54","experience":"EXPERIENCED"},"question":{"raw":{"text":"본인이 협업을 할 때 가장 중요하게 여기는 것은 무엇입니까 왜 그것을 가장 중요하게 생각하시는지도 함께 말씀해 주세요","wordCount":17},"emotion":[],"intent":[]},"answer":{"raw":{"text":"협업을 할 때 가장 중요하게 생각하는 것은 저는 겸손함이라고 생각합니다. 겸손이라는 것이 저를 예의를 갖추는 것만이 아니라 상대방을 저보다 더 나은 사람이라고 여기고 평가하는 마음을 갖는 것이라고 되어 있습니다. 겸손한 마음을 갖고 있다면 상대방이 하는 업무에 대해서 무척 칭찬해 주고 싶고 그리고 더욱더 그 사람을 격려해서 더욱더 잘 할 수 있게 하는 것이 겸손한 마음이라고 생각합니다. 그렇게 된다면 상대방도 저를 무시하거나 그렇게 나쁘게 보지 않고 겸손한 마음으로 서로서로를 배려하고 독려할 때 가장 최고의 협업이 된다고 생각하기 때문입니다.","wordCount":77},"emotion":[],"intent":[{"text":"협업을 할 때 가장 중요하게 생각하는 것은 저는 겸손함이라고 생각합니다.","expression":"c_person","category":"background"}],"summary":{"text":"협업할 때 가장 중요하게 생각하는 것은 겸손함입니다. 겸손은 상대방을 더 나은 사람이라고 여기고 평가하는 마음을 갖는 것이라고 되어 있습니다. 겸손한 마음으로 서로서로를 배려, 독려할 때 최고의 협업이 된다고 생각하기 때문입니다.","wordCount":30}}},"rawDataInfo":{"question":{"fileFormat":"wav","fileSize":380558,"duration":11890,"samplingBit":16,"channelCount":1,"samplingRate":"16kHz","audioPath":"/Mock/06.Design/Female/Experienced/ckmk_q_ard_f_e_264250.wav"},"answer":{"fileFormat":"wav","fileSize":2014798,"duration":62960,"samplingBit":16,"channelCount":1,"samplingRate":"16kHz","audioPath":"/Mock/06.Design/Female/Experienced/ckmk_a_ard_f_e_264250.wav"}}}