{"version":"1.0","dataSet":{"info":{"date":"20230116","occupation":"ARD","channel":"MOCK","place":"ONLINE","gender":"FEMALE","ageRange":"45-54","experience":"EXPERIENCED"},"question":{"raw":{"text":"최근 접한 기억에 남는 디자인 사례는 무엇이었는지 설명 부탁드리겠습니다","wordCount":9},"emotion":[],"intent":[]},"answer":{"raw":{"text":"어 최근까지라고는 말하기 그런데 제가 좀 기억이 남는다 라고 느껴지는 거는 뭐 전문 용어는 잘 모르겠지만 좀 미니멀리즘한 그런 디자인이었던 것 같습니다. 예를 들어서 어 어느 날 이렇게 길을 가는데 대학로였던 것 같애요. 대학로를 지나가는데 그 연극 포스터가 많이 이제 걸려있는 걸 봤는데 사실 우리나라는 영화든 연극이든 좀 촌스럽다 라고 느낄 때가 있었거든요 포스터가. 근데 그때 뭔가 우연하게 그 포스터가 많이 붙어있는 게시판을 보게 됐는데 되게 제가 생각한 거랑 다르게 좀 감각적으로 느껴졌던 기억이 있어요. 그래서 뭔가 좀 비워둔 여백이 좀 많았고 거기에 텍스트로만 그 그게 제목을 좀 강조하고 출연진들의 리스트를 써 있는 걸 봤었는데. 어 그때 되게 굉장히 어 연극도 이런 포스터를 제작을 하는구나 라고 좀 선입견이 깨지기도 했었고 근데 또 시간이 지나다 보니까 좀 그 디자인이 반복이 되더라구요. 그래서 그거는 좀 지루하지 않나 라는 생각을 하고 있습니다.","wordCount":129},"emotion":[],"intent":[{"text":"","expression":"","category":"attitude"}],"summary":{"text":"미니멀리즘한 디자인인 것 같습니다. 대학로에서 연극 포스터를 본 적이 있습니다. 촌스럽다고 느꼈던 그때, 포스터가 붙어 있는 게시판을 보았습니다. 여백과 텍스트로 제목과 출연진의 리스트가 쓰여 있었습니다. 선입견이 깨졌고, 시간이 지나면서 디자인이 반복되어 지루하다고 생각했습니다.","wordCount":33}}},"rawDataInfo":{"question":{"fileFormat":"wav","fileSize":309198,"duration":9660,"samplingBit":16,"channelCount":1,"samplingRate":"16kHz","audioPath":"/Mock/06.Design/Female/Experienced/ckmk_q_ard_f_e_148561.wav"},"answer":{"fileFormat":"wav","fileSize":2714958,"duration":84840,"samplingBit":16,"channelCount":1,"samplingRate":"16kHz","audioPath":"/Mock/06.Design/Female/Experienced/ckmk_a_ard_f_e_148561.wav"}}}