{"version":"1.0","dataSet":{"info":{"date":"20230116","occupation":"ARD","channel":"MOCK","place":"ONLINE","gender":"FEMALE","ageRange":"35-44","experience":"EXPERIENCED"},"question":{"raw":{"text":"디자이너로서 앞으로의 목표에 관해서 설명해 주세요","wordCount":6},"emotion":[],"intent":[]},"answer":{"raw":{"text":"저는 디자이너로서 어 많은 경험들을 쌓아서 그것들을 토대로 제 개인 브랜드를 런칭하는 게 목표입니다. 어 회사에서 생활을 하다 보면 저의 개인적인 개성이 많이 무시당한다고 느낀 적이 많았습니다. 그래서 배웠던 것들을 토대로 제 개성을 살릴 수 있는 디자인 브랜드를 내고 싶습니다. 그리고 그 브랜드를 엄청 욕심 있게 크게 키우는 것이 아니라 제 혼자서 감당할 수 있는 선까지 키울 수 있는 그런 미래를 생각하고 있습니다.","wordCount":63},"emotion":[],"intent":[{"text":"","expression":"","category":"attitude"}],"summary":{"text":"저는 디자이너로서 경험들을 토대로 제 개인 브랜드를 런칭하는 게 목표입니다. 그 브랜드를 욕심있게 크게 키우는 것이 아니라 혼자서 감당할 수 있는 선까지 키울 수 있는 미래를 생각하고 있습니다.","wordCount":28}}},"rawDataInfo":{"question":{"fileFormat":"wav","fileSize":241358,"duration":7540,"samplingBit":16,"channelCount":1,"samplingRate":"16kHz","audioPath":"/Mock/06.Design/Female/Experienced/ckmk_q_ard_f_e_101874.wav"},"answer":{"fileFormat":"wav","fileSize":1855118,"duration":57970,"samplingBit":16,"channelCount":1,"samplingRate":"16kHz","audioPath":"/Mock/06.Design/Female/Experienced/ckmk_a_ard_f_e_101874.wav"}}}