{"version":"1.0","dataSet":{"info":{"date":"20230116","occupation":"ARD","channel":"MOCK","place":"ONLINE","gender":"FEMALE","ageRange":"45-54","experience":"EXPERIENCED"},"question":{"raw":{"text":"본인이 이해하고 있는 디자인 진행 프로세스를 설명해 보시기 바랍니다","wordCount":9},"emotion":[],"intent":[]},"answer":{"raw":{"text":"제가 디자인을 하고 있던 것은 유저 세일즈 포인팅이라고 해서 제품을 얼마나 판매에 잘 촉진할 수 있는지 어떤 제품에 대한 홍보 페이지를 만들고 있습니다. 그렇기 때문에 어 클라이언트들이 원하는 니즈와 그리고 고객 고객의 사용 조사와 고객의 페인 포인트 이런 것들을 충분히 조사를 한 후 어 어떤 게 그 기능에 대한 것을 우선 순위로 할지 그런 것들을 잘 셀렉트하고 포인트로 잘 뽑아내서 클라이언트와 충분한 의사소통을 한 다음에 제품에 대한 홍보물에 대한 기획을 하고 디자인을 하고 있습니다.","wordCount":74},"emotion":[],"intent":[{"text":"제가 디자인을 하고 있던 것은 유저 세일즈 포인팅이라고 해서 제품을 얼마나 판매에 잘 촉진할 수 있는지 어떤 제품에 대한 홍보 페이지를 만들고 있습니다.","expression":"d_brand_pref","category":"technology"},{"text":"그렇기 때문에 어 클라이언트들이 원하는 니즈와 그리고 고객 고객의 사용 조사와 고객의 페인 포인트 이런 것들을 충분히 조사를 한 후 어 어떤 게 그 기능에 대한 것을 우선 순위로 할지 그런 것들을 잘 셀렉트하고 포인트로 잘 뽑아내서 클라이언트와 충분한 의사소통을 한 다음에 제품에 대한 홍보물에 대한 기획을 하고 디자인을 하고 있습니다.","expression":"d_brand_pref","category":"technology"}],"summary":{"text":"유저 세일즈 포인팅은 클라이언트의 니즈와 사용 조사, 페인 포인트 등을 조사하여 기능에 대한 것을 우선 순위로 할지를 셀렉트하고 포인트로 잘 뽑아내서 홍보물에 대한 기획을 하고 디자인 하고 있습니다.","wordCount":28}}},"rawDataInfo":{"question":{"fileFormat":"wav","fileSize":320398,"duration":10010,"samplingBit":16,"channelCount":1,"samplingRate":"16kHz","audioPath":"/Mock/06.Design/Female/Experienced/ckmk_q_ard_f_e_269987.wav"},"answer":{"fileFormat":"wav","fileSize":1721678,"duration":53800,"samplingBit":16,"channelCount":1,"samplingRate":"16kHz","audioPath":"/Mock/06.Design/Female/Experienced/ckmk_a_ard_f_e_269987.wav"}}}