{"version":"1.0","dataSet":{"info":{"date":"20230116","occupation":"ARD","channel":"MOCK","place":"ONLINE","gender":"FEMALE","ageRange":"45-54","experience":"EXPERIENCED"},"question":{"raw":{"text":"시험 기간 시간이 촉박할 때 어떻게 시간 관리를 하셨습니까 지원자님만의 시간 관리법을 말씀해 주세요","wordCount":14},"emotion":[],"intent":[]},"answer":{"raw":{"text":"음 일단은 핸드폰을 꺼 놓습니다 . 절대 키지 않고요. 어 외부적인 요인을 좀 차단하는 것 같아요. 그래서 제가 그 시간 동안에 완전히 집중할 수 있게끔 그래서 항상 탁상시계를 구비를 해 두고 있고 그 시계로 알람을 의존을 해서 딱 그 알람이 울릴 때까지 절대 책상을 떠나지 않습니다. 그리고 어 그 자는 시간 같은 것들을 다 스킵 해요. 절대로 그 촉박할 때는 저한테 어떤 그 여유를 주지 않고 오로지 내가 수행해야 하는 그 문제에만 매달리는 편입니다.","wordCount":74},"emotion":[],"intent":[{"text":"","expression":"","category":"attitude"}],"summary":{"text":"핸드폰을 꺼 놓거나 탁상시계를 구비하고 알람이 울릴 때까지 책상을 떠나지 않습니다. 촉박할 때는 여유를 주지 않고 제가 수행해야 하는 문제에만 매달리는 편입니다.","wordCount":22}}},"rawDataInfo":{"question":{"fileFormat":"wav","fileSize":339918,"duration":10620,"samplingBit":16,"channelCount":1,"samplingRate":"16kHz","audioPath":"/Mock/06.Design/Female/Experienced/ckmk_q_ard_f_e_156843.wav"},"answer":{"fileFormat":"wav","fileSize":2165198,"duration":67660,"samplingBit":16,"channelCount":1,"samplingRate":"16kHz","audioPath":"/Mock/06.Design/Female/Experienced/ckmk_a_ard_f_e_156843.wav"}}}