{"version":"1.0","dataSet":{"info":{"date":"20230116","occupation":"ARD","channel":"MOCK","place":"ONLINE","gender":"FEMALE","ageRange":"-34","experience":"EXPERIENCED"},"question":{"raw":{"text":"디자인 전공자로서 비전공자와 협업할 때에 가장 어려웠던 점은 무엇이고 그 어려운 점을 극복하기 위해 적용하였던 방법은 무엇인지 말씀해 주시겠습니까","wordCount":19},"emotion":[],"intent":[]},"answer":{"raw":{"text":"그런데 사실 비전공자랑 협업을 하는 거는 되게 자주 있는 일이거든요 이 분야에서는. 그래서 특별히 고려해야 할 부분은 없는 것 같아요. 그러니까 그게 비전공자라서 제가 어떤 걸 고려해야 하는 게 아니라 그냥 협업을 할 때 어떤 사람과 협업을 하느냐에 따라서 아니죠 어떤 사람과 협업을 하느냐에 따라서가 아니라 그러니까 어떤 사람과 하던지 간에 그냥 항상 어 좀 열려있어야 한다고 생각을 합니다. 특히 비전공자랑 한다면 이렇게 질문을 주시는 거라면은 어떤 제가 전공자로서의 그 전문 지식에 대한 차이가 있을 거라고 생각이 드는데 사실 근데 뭔가 협업을 할 때는 결국 그 일을 가기까지의 언어들은 좀 단순할 수 있거든요. 그리고 그렇게 통일시켜야 서로 협업하기가 더 쉽고. 그래서 저는 어 굳이 뭐 비전공자라고 해서 특별히 고려하는 부분은 없고 그냥 모든 사람들과 협업을 할 때 항상 좀 열려있는 자세가 필요하다고 생각합니다. 오히려 전공자들이랑 협업을 할 때 더 힘들 수도 있거든요. 아는 게 서로 많기 때문에 더 충돌이 잦을 수도 있다고 생각합니다.","wordCount":143},"emotion":[{"text":"그래서 저는 어 굳이 뭐 비전공자라고 해서 특별히 고려하는 부분은 없고 그냥 모든 사람들과 협업을 할 때 항상 좀 열려있는 자세가 필요하다고 생각합니다.","expression":"u-belief","category":"neutral"}],"intent":[{"text":"그러니까 그게   비전공자라서 제가 어떤 걸 고려해야 하는 게 아니라 그냥 협업을 할 때 어떤 사람과 협업을 하느냐에 따라서   아니죠 어떤 사람과 협업을 하느냐에 따라서가 아니라 그러니까 어떤 사람과 하던지 간에   그냥 항상 어 좀 열려있어야 한다고 생각을 합니다.","expression":"c_cop","category":"personality"},{"text":"그래서 저는 어 굳이 뭐 비전공자라고 해서 특별히 고려하는 부분은 없고 그냥 모든 사람들과 협업을 할 때 항상 좀 열려있는 자세가 필요하다고 생각합니다.","expression":"c_cop","category":"personality"}],"summary":{"text":"비전공자와 협업하는 것은 굉장히 자주 있는 일이기 때문에 특별히 고려해야 할 부분은 없지만, 어떤 사람과 협업을 하던지 간에 항상 좀 열려있어야 한다고 생각합니다. 일을 가기까지의 언어들을 통일시켜야 서로 협업하기가 쉽기 때문입니다. 전공자들이랑 협업할 때 더 힘들 수도 있고, 충돌이 잦을 수도 있습니다.","wordCount":42}}},"rawDataInfo":{"question":{"fileFormat":"wav","fileSize":464718,"duration":14520,"samplingBit":16,"channelCount":1,"samplingRate":"16kHz","audioPath":"/Mock/06.Design/Female/Experienced/ckmk_q_ard_f_e_149725.wav"},"answer":{"fileFormat":"wav","fileSize":2478158,"duration":77440,"samplingBit":16,"channelCount":1,"samplingRate":"16kHz","audioPath":"/Mock/06.Design/Female/Experienced/ckmk_a_ard_f_e_149725.wav"}}}