{"version":"1.0","dataSet":{"info":{"date":"20230116","occupation":"ARD","channel":"MOCK","place":"ONLINE","gender":"FEMALE","ageRange":"55-","experience":"EXPERIENCED"},"question":{"raw":{"text":"지금 읽고 계신 책이 있으신가요 있다면 그것은 무슨 책인지 또한 왜 그 책을 읽고 계시는지 구체적으로 말씀 부탁드립니다","wordCount":18},"emotion":[],"intent":[]},"answer":{"raw":{"text":"현재 읽고 있는 책은 스티븐 잡스에 관련된 책입니다. 제가 이 책을 지금 읽고 있는 이유는 저 역시도 변화와 혁신에 굉장히 큰 관심을 갖고 있기 때문인데요. 그래서 저는 디자인적으로 제가 영감을 얻기 위해 이 책을 읽고 있고 실제로도 읽으면서 여러 가지 아이디어들을 많이 얻고 있습니다. 그래서 저는 여러 가지 책들을 읽으면서 디자이너로서 창의성을 얻는 기런 부분이 중요하다 라고 생각합니다.","wordCount":58},"emotion":[{"text":"제가 이 책을 지금 읽고 있는 이유는 저 역시도 변화와 혁신에 굉장히 큰 관심을 갖고 있기 때문인데요.","expression":"p-interest","category":"positive"}],"intent":[{"text":"","expression":"","category":"attitude"}],"summary":{"text":"변화와 혁신에 관심을 갖는 저는 스티븐 잡스에 관련된 책을 읽으며 디자이너로서 창의성을 얻는 기런 부분이 중요하다 라고 생각합니다.","wordCount":18}}},"rawDataInfo":{"question":{"fileFormat":"wav","fileSize":585358,"duration":18290,"samplingBit":16,"channelCount":1,"samplingRate":"16kHz","audioPath":"/Mock/06.Design/Female/Experienced/ckmk_q_ard_f_e_248013.wav"},"answer":{"fileFormat":"wav","fileSize":2220238,"duration":69380,"samplingBit":16,"channelCount":1,"samplingRate":"16kHz","audioPath":"/Mock/06.Design/Female/Experienced/ckmk_a_ard_f_e_248013.wav"}}}