{"version":"1.0","dataSet":{"info":{"date":"20230116","occupation":"ARD","channel":"MOCK","place":"ONLINE","gender":"FEMALE","ageRange":"55-","experience":"EXPERIENCED"},"question":{"raw":{"text":"만약 이 면접에서 최종 탈락하게 된다면 어떤 점이 부족해서 탈락하게 됐다고 생각하시겠습니까","wordCount":12},"emotion":[],"intent":[]},"answer":{"raw":{"text":"최근에 저는 삼 개월 반 정말 열심히 포트폴리오를 만들었는데요. 만약에 오늘 면접에서 합격하지 못한다면 이 포트폴리오를 더 보완해 볼 것 같습니다. 물론 저보다 더 열심히 포트폴리오를 만드신 분들도 있겠지만 저는 아직은 저의 모든 역량을 담아서 포트폴리오를 만들었다 라고는 생각하지 않기 때문에 이 부분을 더 집중적으로 보완해 볼 것이고 그리고 또한 이 회사가 제가 가장 들어오고 싶었던 회사이기 때문에 다시 한 번 도전해 볼 것 같습니다.","wordCount":65},"emotion":[],"intent":[{"text":"","expression":"","category":"attitude"}],"summary":{"text":"저는 열심히 포트폴리오를 만들었는데 오늘 면접에서 합격하지 못하면 이 부분을 더 집중적으로 보완해 볼 것 같습니다. 그리고 이 회사가 제가 가장 들어가고 싶었던 회사이기 때문에 다시 도전할 것 같아 보입니다.","wordCount":30}}},"rawDataInfo":{"question":{"fileFormat":"wav","fileSize":313326,"duration":9789,"samplingBit":16,"channelCount":1,"samplingRate":"16kHz","audioPath":"/Mock/06.Design/Female/Experienced/ckmk_q_ard_f_e_248014.wav"},"answer":{"fileFormat":"wav","fileSize":2280398,"duration":71260,"samplingBit":16,"channelCount":1,"samplingRate":"16kHz","audioPath":"/Mock/06.Design/Female/Experienced/ckmk_a_ard_f_e_248014.wav"}}}