{"version":"1.0","dataSet":{"info":{"date":"20230116","occupation":"ARD","channel":"MOCK","place":"ONLINE","gender":"FEMALE","ageRange":"55-","experience":"EXPERIENCED"},"question":{"raw":{"text":"스트레스를 받으면 어떻게 하시나요 또한 왜 그런 방법으로 스트레스를 해소하시는지 특별한 이유가 있으신가요","wordCount":13},"emotion":[],"intent":[]},"answer":{"raw":{"text":"저는 일과 그리고 사생활을 어느 정도 분리하는 것이 굉장히 중요하다 라고 생각하는데요. 그 이유는 우리가 업무를 하면서 받는 스트레스들을 잘 관리하는 것이 중요하기 때문입니다. 그래서 저는 일이 끝난 후에 집에 들어가기 전에 매일 한 시간 혹은 삼십 분씩 꼭 운동을 합니다. 이런 과정을 통해서 저는 스트레스들을 좀 해소를 하고 또한 체력 관리를 하고 있습니다. 직장인들은 시간이 많이 없다 라곤 하지만 어떤 식으로든지 시간을 내서 체력 관리를 하면 그런 부분도 자기계발에 해당되는 것 같습니다.","wordCount":73},"emotion":[],"intent":[{"text":"","expression":"","category":"attitude"}],"summary":{"text":"일과 사생활을 어느 정도 분리하는 것이 굉장히 중요하다고 생각하는데 그 이유는 업무로 받는 스트레스들을 잘 관리하는 것이 중요하기 때문이다. 어떤 식으로든 시간을 내서 체력 관리를 하면 자기계발에 해당되는 것 같다.","wordCount":30}}},"rawDataInfo":{"question":{"fileFormat":"wav","fileSize":492878,"duration":15400,"samplingBit":16,"channelCount":1,"samplingRate":"16kHz","audioPath":"/Mock/06.Design/Female/Experienced/ckmk_q_ard_f_e_248021.wav"},"answer":{"fileFormat":"wav","fileSize":2403918,"duration":75120,"samplingBit":16,"channelCount":1,"samplingRate":"16kHz","audioPath":"/Mock/06.Design/Female/Experienced/ckmk_a_ard_f_e_248021.wav"}}}