{"version":"1.0","dataSet":{"info":{"date":"20230116","occupation":"ARD","channel":"MOCK","place":"ONLINE","gender":"FEMALE","ageRange":"45-54","experience":"EXPERIENCED"},"question":{"raw":{"text":"다른 지원자들에 비해 본인만이 가진 차별성과 장점을 어필해야 한다면 어떤 것을 어필하시겠습니까","wordCount":12},"emotion":[],"intent":[]},"answer":{"raw":{"text":"저는 굉장히 꾸준한 특성이 있는데 그 부분이 어 살아가는 데 있어서 되게 어려운 부분이라는 것도 알고 있어서 저는 그게 저의 큰 재능이라고 생각합니다. 지금까지 제가 늘 어떤 일을 할 때 꾸준하게 처리해 왔었고 어 한번 시작한 공부 같은 것들은 포기하지 않고 제가 목표로 정했던 그 지점까지 도달하기 위해서 쉬지 않고 항상 꾸준히 공부를 해 왔었고요. 그게 저한테 굉장히 큰 재산이고 어 앞으로도 저의 이런 태도가 절대 바뀌지 않을 거라는 걸 알고 있어서 제가 회사에 들어와서도 이런 부분들이 크게 장점으로 작용을 하고 있다고 생각을 해요. 아 하고 있다고 가 아니라 해 왔었다고 생각을 하고 이 회사에서도 저의 그 점이 굉장히 회사의 이익을 가져다 줄 수 있는 큰 특징이라고 생각을 합니다.","wordCount":109},"emotion":[],"intent":[{"text":"지금까지 제가 늘 어떤 일을 할 때 꾸준하게 처리해 왔었고 어   한번 시작한 공부 같은 것들은 포기하지 않고 제가 목표로 정했던   그 지점까지 도달하기 위해서 쉬지 않고 항상 꾸준히 공부를 해 왔었고요.","expression":"c_imp","category":"personality"}],"summary":{"text":"저는 굉장히 꾸준한 특성이 있는데 그 부분이 어 살아가는 데 있어서 굉장히 어려운 부분이라는 것을 알고 있어서 제가 굉장히 큰 재능이라고 생각합니다. 지금까지 해 왔다고 생각을 하고 이 회사에서도 저의 그 점이 굉장히 회사의 이익을 가져다 줄 수 있는 큰 특징이라고 생각 합니다.","wordCount":43}}},"rawDataInfo":{"question":{"fileFormat":"wav","fileSize":392398,"duration":12260,"samplingBit":16,"channelCount":1,"samplingRate":"16kHz","audioPath":"/Mock/06.Design/Female/Experienced/ckmk_q_ard_f_e_156680.wav"},"answer":{"fileFormat":"wav","fileSize":2497998,"duration":78060,"samplingBit":16,"channelCount":1,"samplingRate":"16kHz","audioPath":"/Mock/06.Design/Female/Experienced/ckmk_a_ard_f_e_156680.wav"}}}