{"version":"1.0","dataSet":{"info":{"date":"20230116","occupation":"ARD","channel":"MOCK","place":"ONLINE","gender":"FEMALE","ageRange":"35-44","experience":"EXPERIENCED"},"question":{"raw":{"text":"지원자님이 우리 회사에 들어와 하고 싶으신 업무가 있으신가요 있으시다면 이유와 함께 말씀해 주세요","wordCount":13},"emotion":[],"intent":[]},"answer":{"raw":{"text":"어 저는 음 희곡 네 희곡 그 신작 희곡을 지원한 자료를 검토하는 업무를 하고 싶습니다. 왜냐하면 제 업무가 이제 희곡을 바탕으로 무대화시키는 일을 했었었고 그래서 희곡과 밀접한 연관이 있는 일을 애초에 해 왔었고 그래서 이게 어느정도 입체화가 되거나 이제 구상을 그릴 때 그 능력이 남들에 비해서는 조금 더 수월할 수 있다고 생각을 하기 때문이구요. 그리고 그 희곡으로 쓰여진 언어와도 어쨌든 조금 더 친숙한 편이기 때문에 그런 부분에 있어서 제가 이 업무를 맡는 게 조금 어 회사 측면에서도 용이하지 않을까 하는 생각이 제일 조금 쉽게 스치고 지나간 부분이긴 합니다. 네 저는 공연과 친하기 때문에 그 공연에 관련된 기타 부수적인 모든 사항과 재료들은 똑같이 저에게 친숙하고 쉽습니다.","wordCount":105},"emotion":[],"intent":[{"text":"","expression":"","category":"attitude"}],"summary":{"text":"저는 희곡을 바탕으로 무대화시키는 일을 했었고 희곡과 밀접한 연관이 있는 일을 해왔으므로 희곡의 지원 자료를 검토하는 업무를 하고 싶습니다. 그리고 희곡으로 쓰여진 언어와도 친숙하기 때문에 회사 측면에서도 용이할 것 같습니다.","wordCount":30}}},"rawDataInfo":{"question":{"fileFormat":"wav","fileSize":432078,"duration":13500,"samplingBit":16,"channelCount":1,"samplingRate":"16kHz","audioPath":"/Mock/06.Design/Female/Experienced/ckmk_q_ard_f_e_111991.wav"},"answer":{"fileFormat":"wav","fileSize":2908238,"duration":90880,"samplingBit":16,"channelCount":1,"samplingRate":"16kHz","audioPath":"/Mock/06.Design/Female/Experienced/ckmk_a_ard_f_e_111991.wav"}}}