{"version":"1.0","dataSet":{"info":{"date":"20230116","occupation":"ARD","channel":"MOCK","place":"ONLINE","gender":"FEMALE","ageRange":"-34","experience":"EXPERIENCED"},"question":{"raw":{"text":"주로 영감은 어디에서 찾으시나요","wordCount":4},"emotion":[],"intent":[]},"answer":{"raw":{"text":"네 디자인 일을 할 때는 아무래도 영감 그리고 아이디어를 얻는 일이 참 중요합니다. 어 사실 저는 업무를 하면서 영감을 얻는다기보다는 그 외에 일을 할 때 영감을 얻는 편이기도 한데요. 어 그 디자인에서 계속 생각을 하다보면 여러 가지 일을 할 때도 계속해서 그 디자인과 연결이 됩니다. 어 어떨 때는 영감이 걸어가다가 문득 날 때가 있는데요. 그럴 때는 바로 수첩을 꺼내서 적거나 아니면 그림을 통해서 디자인을 만들기도 합니다. 그리고 어떤 경우에는 길을 가다가 어떤 특정 물품을 보거나 아니면 디자인을 봤을 때 갑자기 제 영감이 떠오르기도 합니다. 이렇게 일상 생활 중에서 제가 문득 어떤 걸 보거나 느낄 때 그 영감이 결합되어서 오는 경우가 많았는데요. 어 이런 상황이 발생하는 건 제가 그래도 평상시에 항상 그 디자인에 대해서 고민하고 있고 또 영감을 얻기 위해서 항상 매사에 귀를 기울이면서 어 노력하고 있다는 점입니다. 그렇기 때문에 제가 항상 이 일에 대해서 자부심을 느끼고 있고 열정을 느끼면서 성실하게 하고 있기 때문에 앞으로 성장 가능성이 크다고 보구요. 이 업무에 저는 최선을 다해서 전문가가 되기 위해서 노력하도록 하겠습니다.","wordCount":158},"emotion":[],"intent":[{"text":"그리고 어떤 경우에는   길을 가다가 어떤 특정 물품을 보거나 아니면 디자인을 봤을 때 갑자기   제 영감이 떠오르기도 합니다.","expression":"d_sens","category":"attitude"}],"summary":{"text":"디자인 일을 할 때는 영감을 얻는 일이 참 중요합니다. 디자인에서 계속 생각을 하다보면 여러 가지 일을 할 때도 계속해서 디자인과 연결이 됩니다. 영감을 얻으려고 항상 매사에 귀를 기울이면서 노력하고 있기 때문에 앞으로 성장 가능성이 크다고 보구요. 이 업무에 최선을 다해서 전문가가 되기 위해서 노력하도록 하겠습니다.","wordCount":45}}},"rawDataInfo":{"question":{"fileFormat":"wav","fileSize":225998,"duration":7060,"samplingBit":16,"channelCount":1,"samplingRate":"16kHz","audioPath":"/Mock/06.Design/Female/Experienced/ckmk_q_ard_f_e_120616.wav"},"answer":{"fileFormat":"wav","fileSize":2752718,"duration":86020,"samplingBit":16,"channelCount":1,"samplingRate":"16kHz","audioPath":"/Mock/06.Design/Female/Experienced/ckmk_a_ard_f_e_120616.wav"}}}