{"version":"1.0","dataSet":{"info":{"date":"20230116","occupation":"ARD","channel":"MOCK","place":"ONLINE","gender":"FEMALE","ageRange":"45-54","experience":"EXPERIENCED"},"question":{"raw":{"text":"사람마다 각자 좋아하는 취향이 있죠 가장 좋아하는 디자인 브랜드가 무엇이 있을까요 그리고 그 브랜드를 좋아하는 이유는 무엇일까요","wordCount":17},"emotion":[],"intent":[]},"answer":{"raw":{"text":"저는 가방을 되게 좋아하는데 그 로로라는 브랜드를 좋아합니다. 일단 가성비가 굉장히 좋은 합리적인 브랜드고요. 일단 되게 가방이 튼튼해요. 그래 생각보다 덮개가 없는 그냥 스트링 방식으로 된 가방이 많이 판매되고 있는데 그 덮개가 없다 보니까 사람들이 꽤 안전하지 않다 고 생각하기도 하거든요. 근데 그 스트링이 굉장히 빡빡하고 칼라도 굉장히 다양하고 재질도 튼튼해서 어 쉽게 젖거나 그러지 않거든요. 뭐 물에 젖으면 탁 털어낼 수 있는 그런 재질이라서 실용적인 면에서도 되게 탁월하다고 생각이 드는 브랜드라서 제가 개인적으로 되게 선호하는 브랜드고 사실 쫌 좋은 것들 캐리어 라인이 되게 예쁘거든요. 근데 그거는 좀 가격이 있는 편이긴 해서 아직 선뜻 구입하지 못했지만 언젠가는 거기 브랜드에 상품을 구매를 해서 여행을 갔다 오고 싶습니다.","wordCount":106},"emotion":[],"intent":[{"text":"","expression":"","category":"attitude"}],"summary":{"text":"로로라는 브랜드는 가성비가 굉장히 좋고 튼튼한 가방이 특징입니다. 스트링 방식으로 된 가방은 안전하지 않다는 편견이 있지만 튼튼하고 실용적이라 좋아합니다. 캐리어 라인도 예쁜 브랜드입니다. 언젠가 그 브랜드에 상품을 구매해서 여행을 가고 싶습니다.","wordCount":31}}},"rawDataInfo":{"question":{"fileFormat":"wav","fileSize":553038,"duration":17280,"samplingBit":16,"channelCount":1,"samplingRate":"16kHz","audioPath":"/Mock/06.Design/Female/Experienced/ckmk_q_ard_f_e_156851.wav"},"answer":{"fileFormat":"wav","fileSize":2368078,"duration":74000,"samplingBit":16,"channelCount":1,"samplingRate":"16kHz","audioPath":"/Mock/06.Design/Female/Experienced/ckmk_a_ard_f_e_156851.wav"}}}