{"version":"1.0","dataSet":{"info":{"date":"20230116","occupation":"ARD","channel":"MOCK","place":"ONLINE","gender":"FEMALE","ageRange":"-34","experience":"EXPERIENCED"},"question":{"raw":{"text":"지원자님 본인의 장점과 단점을 설명해 주세요 그리고 그것을 특화시키고 극복하기 위한 노력도 함께 말씀해 주세요","wordCount":15},"emotion":[],"intent":[]},"answer":{"raw":{"text":"네 제 장점 같은 경우에는 어 굉장히 피드백을 동료에게 잘 한다는 점이 이제 어 좋은 부분이라고 주변 사람들이 평가해주곤 합니다. 그리고 제 단점은 한 가지에 집중하게 되면 너무 그 부분에 대해서 몰입을 하니 라고 개인적으로 연락하는 다른 사람들에게 연락을 좀 잘 안 하는 점이 이제 주변 사람들이 굉장히 섭섭한 부분이라고 말을 합니다. 그래서 저 같은 경우에는 평소에는 피드백을 잘하는 제 장점을 살려서 동료들에게 혹은 제 후배들에게 여러 가지 피드백을 자주 해주는 편이구요. 저 역시도 다른 사람들이 저에게 피드백을 해준다면 그 부분에 대해서 굉장히 경청하고 또 나아가서 어 이 부분을 고치려고 굉장히 노력하는 편입니다. 다만 저 같은 경우에는 어 너무 몰입하다 보면 주변 사람들에게 잘 연락하지 않는 그런 단점은 제가 만약에 우선 순위로 해야 되는 일이 있으면 그 일에 앞서서 나는 당분간 연락이 안 될 예정이다. 왜 연락이 안 되는지에 대해서 주변인들에게 이해를 구하 구하려고 해서 그 부분들을 좀 극복하려고 노력 중에 있습니다.","wordCount":142},"emotion":[],"intent":[{"text":"그리고 제 단점은 한 가지에 집중하게 되면   너무 그 부분에 대해서 몰입을 하니 라고 개인적으로 연락하는 다른 사람들에게 연락을 좀 잘 안 하는 점이 이제 주변 사람들이 굉장히 섭섭한 부분이라고 말을 합니다.","expression":"c_person","category":"background"}],"summary":{"text":"주변에서는 피드백을 잘 하는 장점이 있지만, 제 단점은 한 가지에 집중을 하다 보니 다른 사람들에게 연락을 잘 하지 않는다는 점입니다. 그래서 저는 평소에는 피드블을 잘하는 장점을 살려서 동료나 후배들에게 피드벡을 자주 해주는 편입니다. 다만 주변인들에게 이해를 구하려고 노력을 하고 있습니다.","wordCount":40}}},"rawDataInfo":{"question":{"fileFormat":"wav","fileSize":427278,"duration":13350,"samplingBit":16,"channelCount":1,"samplingRate":"16kHz","audioPath":"/Mock/06.Design/Female/Experienced/ckmk_q_ard_f_e_178536.wav"},"answer":{"fileFormat":"wav","fileSize":2777678,"duration":86800,"samplingBit":16,"channelCount":1,"samplingRate":"16kHz","audioPath":"/Mock/06.Design/Female/Experienced/ckmk_a_ard_f_e_178536.wav"}}}