{"version":"1.0","dataSet":{"info":{"date":"20230116","occupation":"ARD","channel":"MOCK","place":"ONLINE","gender":"FEMALE","ageRange":"-34","experience":"EXPERIENCED"},"question":{"raw":{"text":"면접자님은 평소에 검색을 자주 하시나요 그렇다면 어떤 검색을 주로 하시는지 왜 검색을 하시는지 궁금합니다","wordCount":14},"emotion":[],"intent":[]},"answer":{"raw":{"text":"네 평소에 검색을 자주 하는 편이구요. 저는 주로 정말 다양한 분야에서 많이 합니다. 요즘 유행하는 음악이라든지 요즘 유행하는 음식 그리고 요즘 유행하는 색감 등등을 보는데 여기에서 공통점이 있습니다. 바로 유행하는 이라는 건데요. 저는 요즘 사람들의 그 유행하는 것들을 보면 생활 방식이라든지 그리고 사고를 어느정도 알 수 있다 라고 생각이 듭니다. 요즘에 매운 것들이 굉장히 유행을 하는데 아무래도 사람들이 현대사회에서 스트레스를 받다 보니까 더 자극적인 것을 원하게 되고 거기에서 어느 정도의 스트레스를 해소한다 라는 것을 도출할 때 도출할 수 있듯이 네 다양한 부분을 많이 보는 편이고요. 그리고 저희가 접하게 되는 사람도 나이가 적은 사람도 있고 많은 사람도 있고 성별도 다르고 이러잖아요. 그런 많은 사람들에게서 공감을 할 수 있는 그래서 나중에 프로젝트를 한다던지 저희가 그런 출장이 있었을 때 다양한 사례에서 이런 유행하는 포인트들 뭐 예를 들어서 아이스 브레이킹 하기에 굉장히 좋은 요소라고 생각을 해서요. 뭐 예를 들면 아 요즘에 이게 굉장히 유행이라는데 드셔 보셨어요 라든지 아 요즘에 이 드라마가 굉장히 유행이더라구요 이런 식으로 한 번 이야기를 건네서 아이스 브레이킹을 할 수 있는 좋은 소재가 될 것 같아서 저는 이런저런 검색을 많이 하는 편입니다.","wordCount":171},"emotion":[{"text":"뭐 예를 들면 아 요즘에 이게 굉장히 유행이라는데 드셔 보셨어요 라든지 아 요즘에 이 드라마가 굉장히 유행이더라구요 이런 식으로 한 번 이야기를 건네서 아이스 브레이킹을 할 수 있는 좋은 소재가 될 것 같아서 저는 이런저런 검색을 많이 하는 편입니다.","expression":"p-interest","category":"positive"}],"intent":[{"text":"","expression":"","category":"attitude"}],"summary":{"text":"요즘 사람들의 유행하는 것들을 보면 생활 방식과 사고를 어느정도 알 수 있습니다. 현대사회에서 스트레스를 받으니 더 자극적인 것을 원하게 되고 그것에서 스트레스를 해소한다 라는 것을 도출할 수 있듯이 다양한 부분을 많이 봅니다. 유행하는 포인트들을 아이스 브레이킹 하기에 굉장히 좋은 요소라고 생각하여 여러 종류의 검색을 합니다.","wordCount":45}}},"rawDataInfo":{"question":{"fileFormat":"wav","fileSize":324878,"duration":10150,"samplingBit":16,"channelCount":1,"samplingRate":"16kHz","audioPath":"/Mock/06.Design/Female/Experienced/ckmk_q_ard_f_e_187811.wav"},"answer":{"fileFormat":"wav","fileSize":2700238,"duration":84380,"samplingBit":16,"channelCount":1,"samplingRate":"16kHz","audioPath":"/Mock/06.Design/Female/Experienced/ckmk_a_ard_f_e_187811.wav"}}}