{"version":"1.0","dataSet":{"info":{"date":"20230116","occupation":"ARD","channel":"MOCK","place":"ONLINE","gender":"FEMALE","ageRange":"35-44","experience":"EXPERIENCED"},"question":{"raw":{"text":"면접자 본인이 눈여겨 본 디자인은 무엇이며 최근 디자인 트렌드는 무엇입니까","wordCount":10},"emotion":[],"intent":[]},"answer":{"raw":{"text":"요즘에는 아무래도 쪼금 계속 어 돌아오고 다시 지나가고 하지만 또 날도 쌀쌀해지고 그리고 아무래도 또 지금 시대 흐름상 어 약간 조금 음 좀 시크해 보이는 네 쪼끔 직선 라인이 잘 맞아 떨어지고 쫌 시크함과 그 다음에 약간 차가운 듯한 인상을 줄 수도 있지만 또 너무 그렇진 않게 너무 과하진 않게 할 수 있는 어떤 포인트들을 주는 그런 디자인들이 많이 있는 것 같구요. 또 색감이 중요하기 때문에 아무래도 지금 또 갑자기 겨울이 되기 했지만 또 쌀쌀해 지는 가을에 달이 달이기 때문에 가을의 계절이기 때문에 그래서 그 가을에 맞는 또 고유한 그런 컬러들 뭐 그레이나 네이비나 뭐 카메도 여전히 인기구요. 블랙엔 화이트는 진리이니까 그냥 그래서 그런 부분들로 해서 또 이제 이미 구비를 하고 있더라도 또 새로운 디자인과 새로운 컬러로 컬러감으로 이렇게 배합해 가지고 될 수 있는 그런 디자인들이 또 나오고 있는 것 같습니다.","wordCount":131},"emotion":[],"intent":[{"text":"","expression":"","category":"attitude"}],"summary":{"text":"요즘에는 시크해 보이는 직선 라인이 잘 맞아 떨어지고 시크함과 차가운 인상을 줄 수 있지만 너무 과하진 않게 할 수 있는 포인트들을 주는 디자인들이 많이 나오는 것 같습니다. 가을이기 때문에 또 고유한 컬러들도 인기가 있고 새로운 디자인과 컬러로 배합해 가지고 될 수 있는 디자인들이 나오고 있는 것 같입니다.","wordCount":47}}},"rawDataInfo":{"question":{"fileFormat":"wav","fileSize":286798,"duration":8960,"samplingBit":16,"channelCount":1,"samplingRate":"16kHz","audioPath":"/Mock/06.Design/Female/Experienced/ckmk_q_ard_f_e_141176.wav"},"answer":{"fileFormat":"wav","fileSize":2804558,"duration":87640,"samplingBit":16,"channelCount":1,"samplingRate":"16kHz","audioPath":"/Mock/06.Design/Female/Experienced/ckmk_a_ard_f_e_141176.wav"}}}