{"version":"1.0","dataSet":{"info":{"date":"20230116","occupation":"ARD","channel":"MOCK","place":"ONLINE","gender":"FEMALE","ageRange":"35-44","experience":"EXPERIENCED"},"question":{"raw":{"text":"면접자님이 생각하는 글로벌 인재에게 필수적인 요소는 무엇이고 면접자님은 그 요소를 충족하기 위해 했던 노력은 무엇인지 말씀 부탁드립니다","wordCount":17},"emotion":[],"intent":[]},"answer":{"raw":{"text":"어 최근에 이제 디자인 업무에서도 글로벌 인재를 선호하고 있습니다. 아무래도 이제 소비자의 계층이 우리나라 뿐만이 아니라 어 여러 세계의 글로발한 나라에 초점이 맞춰져 있고 또 그리고 세계 시장으로 진출하려는 기업들이 늘어나다 보니까 어 해외 문화나 그런 정서를 받아들여서 디자인을 하는 추세인 것 같습니다. 그리고 수출이 이뤄지게 되면 그게 국내에서만 사용되는 디자인이 아니라 해외에서도 모두 사용이 되기 때문에 그런 것들을 개발할 때 좀 글로벌한 시각을 보고 연구할 수 있는 그런 디자이너들이 많이 선호가 되는 거 같습니다. 어 저도 그래서 그 디자인을 할 때 국내 정서와 문화에만 가치 기반을 두지 않고요. 이런 것들이 전세계적으로 좀 일반적으로 공통되고 이해할 수 있는 쪽으로 많이 관심을 가지려고 합니다. 어 실제로 제가 해외 디자인 프로젝트에도 참여해 본 적이 있는데요. 어 우리나라와 좀 다른 문화와 정서를 가지고 있어서 그런지 또 제가 배울 점이 굉장히 많았다고 생각을 합니다. 저도 이제 글로벌 인 한 그런 디자인을 만들기 위해서 여러 가지 배우고 느끼면서 접목할려고 하고 있고요. 그리고 가장 기본은 문화의 다양성을 존중하면서도 좀 심층 깊은 그런 아이디어를 내기 위해서 노력을 하고 있는 상황입니다.","wordCount":163},"emotion":[],"intent":[{"text":"","expression":"","category":"attitude"}],"summary":{"text":"디자인 업무에서도 글로벌 인재를 선호합니다. 해외 문화나 정서를 받아들여서 디자인을 하는 추세인 것 같습니다. 수출이 이뤄지게 되면 해외에서도 사용이 되기에 글로벌한 시각을 보고 연구할 수 있는 디자이너들이 많이 선호되는 거 같아 저는 디자인을 할 때 국내 정서와 문화에만 가치를 두지 않고 세계적으로 일반적으로 공통되고 이해할 수 있는 쪽으로 관심을 가지려고 합니다.","wordCount":51}}},"rawDataInfo":{"question":{"fileFormat":"wav","fileSize":599438,"duration":18730,"samplingBit":16,"channelCount":1,"samplingRate":"16kHz","audioPath":"/Mock/06.Design/Female/Experienced/ckmk_q_ard_f_e_135471.wav"},"answer":{"fileFormat":"wav","fileSize":2756238,"duration":86130,"samplingBit":16,"channelCount":1,"samplingRate":"16kHz","audioPath":"/Mock/06.Design/Female/Experienced/ckmk_a_ard_f_e_135471.wav"}}}