{"version":"1.0","dataSet":{"info":{"date":"20230116","occupation":"ARD","channel":"MOCK","place":"ONLINE","gender":"FEMALE","ageRange":"35-44","experience":"EXPERIENCED"},"question":{"raw":{"text":"지원자님이 태어나서 지금까지 한 일들 가운데 가장 후회했던 일이 무엇인가요 한 가지만 골라 말씀해 주세요","wordCount":15},"emotion":[],"intent":[]},"answer":{"raw":{"text":"어렸을 때 굉장히 친하게 지낸 친구가 있습니다. 어 제일 친하다고 생각했었고 모든 이야기를 공유하는 사이였습니다. 그래서 티비나 어떤 다른 사람들의 이야기에서 친구 관계가 갑자기 멀어질 수 있다는 그런 것들을 들었을 때 저한테는 전혀 생기지 않을 일이라고 생각했습니다. 그런데 성인이 되고 나서 어느 순간부터 그 친구와 굉장히 멀어지고 있다는 생각이 들었었어요. 그리고 그 멀어지는 이유에 그 친구가 저를 불편해 하고 있다 라는 걸 느꼈었는데 사실 그때는 자존심이 어 너무 커서 친구에게 직접적으로 그걸 물어보지 못했고 친구가 어떤 상황에 놓여있는지도 전혀 물어보지 않았었습니다. 어느 날 그 친구가 저의 연락을 끊기 시작했고 지금까지 연락이 되지 않고 있는데 그때 어떤 사연이었는지 묻지 못했던 것을 후회하고 있습니다.","wordCount":102},"emotion":[],"intent":[{"text":"","expression":"","category":"attitude"}],"summary":{"text":"어릴적부터 친했던 친구가 있었는데, 성인이 되고 나서 그 친구와의 사이가 멀어지고 있다는 생각이 들었습니다. 그 친구가 저를 불편해 한다는 걸 느꼈는데, 직접적으로 물어보지 못했고 어떤 상황에 놓여있는지 전혀 물어보지 않았던 것을 후회하고 있습니다.","wordCount":33}}},"rawDataInfo":{"question":{"fileFormat":"wav","fileSize":484558,"duration":15140,"samplingBit":16,"channelCount":1,"samplingRate":"16kHz","audioPath":"/Mock/06.Design/Female/Experienced/ckmk_q_ard_f_e_101877.wav"},"answer":{"fileFormat":"wav","fileSize":2780238,"duration":86880,"samplingBit":16,"channelCount":1,"samplingRate":"16kHz","audioPath":"/Mock/06.Design/Female/Experienced/ckmk_a_ard_f_e_101877.wav"}}}