{"version":"1.0","dataSet":{"info":{"date":"20230116","occupation":"ARD","channel":"MOCK","place":"ONLINE","gender":"FEMALE","ageRange":"45-54","experience":"EXPERIENCED"},"question":{"raw":{"text":"지원자님은 굉장히 똑 부러지는 스타일인 것 같은데 만약에 직무를 할 때 내가 모르는 과제가 나왔다면 이건 어떻게 해결을 하실 건가요 어떻게 해결할지 그 이유까지 한번 말씀을 부탁드릴게요","wordCount":27},"emotion":[],"intent":[]},"answer":{"raw":{"text":"제가 직무 수행을 하는 데 있어 잘 모르는 과제가 등장했다면 저는 이 부분에 자세히 알고 있는 직원을 섭외할 것 같습니다. 그래서 그 직원과 함께 협업을 하고 그 직원에게 받을 수 있는 도움 그리고 도움 받으면서 제가 공부해서 할 수 있는 것들을 찾아보고 그 상황을 해결하도록 하겠습니다. 어렵고 모른다고 해서 그냥 넘기게 되면 그 업무는 다른 사람에게 넘어갈 것이고 그들에게도 부담이 될 것입니다. 그렇기 때문에 제가 맡은 업무에 모르는 것이 있다고 하면 제가 알 수 있는 한 공부를 최대한 하고 그 업무를 함께 이제 도와줄 수 있는 직원들을 같이 모아서 해결하도록 하겠습니다.","wordCount":91},"emotion":[],"intent":[{"text":"그렇기 때문에 제가 맡은 업무에 모르는 것이 있다고 하면 제가 알 수 있는 한 공부를 최대한 하고   그 업무를 함께 이제 도와줄 수 있는 직원들을 같이 모아서 해결하도록 하겠습니다.","expression":"c_cop","category":"personality"}],"summary":{"text":"직무 수행에 있어 잘 모르는 과제가 등장했다면 제가 도울 수 있는 직원들을 같이 섭외하여 협업을 하고 도움 받으며 제가 할 수 있는 것들을 찾아보고 그 상황을 해결하도록 하겠습니다.","wordCount":28}}},"rawDataInfo":{"question":{"fileFormat":"wav","fileSize":588238,"duration":18380,"samplingBit":16,"channelCount":1,"samplingRate":"16kHz","audioPath":"/Mock/06.Design/Female/Experienced/ckmk_q_ard_f_e_174083.wav"},"answer":{"fileFormat":"wav","fileSize":1503758,"duration":46990,"samplingBit":16,"channelCount":1,"samplingRate":"16kHz","audioPath":"/Mock/06.Design/Female/Experienced/ckmk_a_ard_f_e_174083.wav"}}}