{"version":"1.0","dataSet":{"info":{"date":"20230116","occupation":"ARD","channel":"MOCK","place":"ONLINE","gender":"FEMALE","ageRange":"-34","experience":"EXPERIENCED"},"question":{"raw":{"text":"좋은 디자인이란 무엇이라고 생각하시는지 설명해 주시겠습니까","wordCount":6},"emotion":[],"intent":[]},"answer":{"raw":{"text":"그런 표현은 참 모호하죠 좋은 좋다 좋다. 이미 음 전체를 만족시킬 수 없고 너무나 주관적인 부분이 들어갈 수밖에 없는 표현인데. 음 좋은 디자인이요. 그래도 뭐 어 그 디자인이 필요한 그 어떠 그 사용돼야 하는 애초에 그 뭐 상품 뭐 여러 가지 어떤 물체 사물 그것이 어 어떤 것에도 쪼금 유해되지 않는 그런 부분을 염두에 두고 그것을 디자인도 마찬가지로 어떠한 것에 유해되지 않도록 네 그래서 그러한 제품을 설명할 수 있도록 똑같이 누군가에게 해가 되지 않도록 쪼금 그런 디자인이 좋다 라는 말이 붙여도 되지 않을까요.","wordCount":83},"emotion":[],"intent":[{"text":"","expression":"","category":"attitude"}],"summary":{"text":"어떤 것에도 유해되지 않는 것을 염두에 두고 디자인도 마찬가지로 어떠한 것에 유해되지 않도록 네 그래서 그러한 제품을 설명할 수 있도록 똑같이 누군가에게 해가 되지 않는 디자인이 좋다 라는 말을 붙여도 될 것 같습니다.","wordCount":33}}},"rawDataInfo":{"question":{"fileFormat":"wav","fileSize":249998,"duration":7810,"samplingBit":16,"channelCount":1,"samplingRate":"16kHz","audioPath":"/Mock/06.Design/Female/Experienced/ckmk_q_ard_f_e_188976.wav"},"answer":{"fileFormat":"wav","fileSize":2908878,"duration":90900,"samplingBit":16,"channelCount":1,"samplingRate":"16kHz","audioPath":"/Mock/06.Design/Female/Experienced/ckmk_a_ard_f_e_188976.wav"}}}