{"version":"1.0","dataSet":{"info":{"date":"20230116","occupation":"ARD","channel":"MOCK","place":"ONLINE","gender":"FEMALE","ageRange":"35-44","experience":"EXPERIENCED"},"question":{"raw":{"text":"지원자님이 생각하는 지원자님에 성격적인 장점과 단점에 대해서 각각 구체적인 예시를 들어서 설명해 주시기 바라겠습니다","wordCount":14},"emotion":[],"intent":[]},"answer":{"raw":{"text":"네 저는 한 가지에 빠지면 굉장히 몰두하는 그런 성격을 가지고 있는데요. 어 장점이라고 한다면 집중력과 몰입도가 뛰어난 것 같습니다. 그래서 제가 어떤 디자인을 할 때는 그 생각만 하게 되고요. 그 작업이 끝날 때까지 오로지 그 프 프로젝트에 푹 빠져서 지내는 것 같습니다. 어 사실 그 디자인 프로젝트를 제가 가장 잘 해내고 싶고 제가 하고 있는 현재 기준에서 제일 좋은 디자인을 만들어내고 싶은 욕심이 있기 때문에 어 모든 시간과 역량 그리고 정신을 쏟아서 그 디자인을 만들어내는 데 몰두하는 것 같습니다. 어 사실 그러다 보면 장점이라고 하면 최선을 다했다는 기쁨과 함께 또 그 안에서 어 최고의 디자인을 뽑아내기 위해서 노력을 하는데요. 하지만 조금 약간의 단점이라고 한다면 너무 한 가지에만 이제 몰두하다 보니까 어 시야를 좀 넓혀서 볼 수 있는 부분이 또 안 보이는 경우가 있습니다. 그럴 때에는 또 다른 사람의 조언을 참고하기도 하고요. 그리고 다른 사람이 만든 그런 어 디자인들을 보면서 참고하면서 또 배우는 점들도 있는 것 같습니다. 그래서 이런 점들이 장점이기도 하지만 또 어떻게 보면 시야가 좁아질 수 있기 때문에 그런 점들을 개선하기 위해서 노력을 많이 하고 있는 상황입니다.","wordCount":168},"emotion":[],"intent":[{"text":"네 저는 한 가지에 빠지면 굉장히 몰두하는 그런 성격을 가지고 있는데요.","expression":"c_person","category":"background"}],"summary":{"text":"저는 집중력과 몰입도가 뛰어난 디자인 프로젝트에 몰두하는 성격을 가지고 있습니다. 그러다 보니 시야를 넓혀서 볼 수 있는 부분이 안 보이는 경우가 있는데 다른 사람의 조언을 참고하기도 하고, 다른 디자인들을 보면서 참고하면서 배우는 점들도 있는 것 같습니다. 장점이기도 하지만 시야가 좁아질 수 있기 때문에 그런 점들을 개선하기 위해서 노력을 많이 하고 있는 상태입니다.","wordCount":52}}},"rawDataInfo":{"question":{"fileFormat":"wav","fileSize":361358,"duration":11290,"samplingBit":16,"channelCount":1,"samplingRate":"16kHz","audioPath":"/Mock/06.Design/Female/Experienced/ckmk_q_ard_f_e_135472.wav"},"answer":{"fileFormat":"wav","fileSize":2823118,"duration":88220,"samplingBit":16,"channelCount":1,"samplingRate":"16kHz","audioPath":"/Mock/06.Design/Female/Experienced/ckmk_a_ard_f_e_135472.wav"}}}