{"version":"1.0","dataSet":{"info":{"date":"20230116","occupation":"ARD","channel":"MOCK","place":"ONLINE","gender":"FEMALE","ageRange":"-34","experience":"EXPERIENCED"},"question":{"raw":{"text":"평소에 검색을 자주 하시는 편인가요 어떤 검색을 주로 하시는지 왜 그것을 검색하시는지 그 이유도 함께 말씀해 주셨으면 좋겠습니다","wordCount":18},"emotion":[],"intent":[]},"answer":{"raw":{"text":"네 저는 평소에 검색을 자주 하는 편이고요. 사람들이 좋아하는 음악 좋아하는 음식 좋아하는 색깔 그리고 지금 어떤 것들을 가장 많이 사는지 그런 것들을 보고 있습니다. 여기에서 공통점이 하나 있는데요. 바로 사람들이 좋아하는 이라는 겁니다. 사람들의 취향은 다르지만 정말 많은 사람들이 선택한 결과로 봤을 때는 이것이 가장 인기 있다 라는 통계를 보는 것인데 이것은 디자이너에게 매우 중요한 것이라고 생각이 듭니다. 결국 우리가 필요한 디자인을 만들 때는 사회에서 그리고 기 기 기업이나 아니면 전체적인 사람들이 썼을 때 편한 것이 디자인이라고 저는 생각을 하지만 그래도 그것도 심리적인 것과 또 미적인 것이 중요하다고 생각합니다. 그래서 저희가 뭐 예를 들어 그런 털을 활용한 그런 것들이 많이 제품이 잘 나가고 뾰족한 것보다는 둥근 것들이 잘 판매가 되는 것처럼요. 그런 것들이 봤을 때 사람들이 어떤 걸 선호하는지 이런 것들을 파악하고 거기에 대해서 또 결과물을 만들어내는 게 좋은 디자이너의 역할이기 때문에 사람들이 좋아하는 것 위주로 검색을 많이 하는 편입니다.","wordCount":141},"emotion":[{"text":"그런 것들이 봤을 때 사람들이 어떤 걸 선호하는지 이런 것들을 파악하고 거기에 대해서 또 결과물을 만들어내는 게 좋은 디자이너의 역할이기 때문에 사람들이 좋아하는 것 위주로 검색을 많이 하는 편입니다.","expression":"p-interest","category":"positive"}],"intent":[{"text":"","expression":"","category":"attitude"}],"summary":{"text":"디자인 할 때는 심리적인 것과 미적인 것이 중요하다고 생각합니다. 어떤 디자인을 만들 때는 사람들이 어떤 걸 선호하는지 이런 것들을 파악하고 거기에 대해서 또 결과물을 만들어내는 게 좋은 디자이너의 역할입니다.","wordCount":29}}},"rawDataInfo":{"question":{"fileFormat":"wav","fileSize":576718,"duration":18020,"samplingBit":16,"channelCount":1,"samplingRate":"16kHz","audioPath":"/Mock/06.Design/Female/Experienced/ckmk_q_ard_f_e_188149.wav"},"answer":{"fileFormat":"wav","fileSize":2366158,"duration":73940,"samplingBit":16,"channelCount":1,"samplingRate":"16kHz","audioPath":"/Mock/06.Design/Female/Experienced/ckmk_a_ard_f_e_188149.wav"}}}