{"version":"1.0","dataSet":{"info":{"date":"20230116","occupation":"ARD","channel":"MOCK","place":"ONLINE","gender":"FEMALE","ageRange":"45-54","experience":"EXPERIENCED"},"question":{"raw":{"text":"지원자님은 과거의 프로젝트를 수행했던 경험이 있을 텐데요 그 프로젝트 중에서 어떤 역할을 지원자님은 맡으셨는지 설명해 주시기 바랍니다","wordCount":17},"emotion":[],"intent":[]},"answer":{"raw":{"text":"어 어떤 거리극을 하는 팀에 참여했던 적이 있습니다. 그때 당시에 처음부터 참여했던 건 아니었고 그 팀에서 원래 본인들끼리 해결하려고 했었던 부분이었는데 자기들끼리 할 때 좀 한계가 있다고 느껴서 어 좀 전문성을 가진 사람을 초빙하고 싶어 했었어요. 그래서 저는 사실 공연 쪽에는 거의 무지했었죠. 그 아는 게 없었는데 어떻게 지인을 통해서 그 작업을 맡게 되었었고 어 하다보니깐 사실 좀 너무 내가 하던 거랑 다른 결이지 않을까 라고 생각을 해서 걱정이 좀 많았었는데 하다 보니깐 되게 재미있더라구요. 그리고 일단은 공연 분야지만 극장에 고정적으로 있는 것이 아니라 거리를 계속 돌아다니면서 하기 때문에 어쨌든 지나가는 사람들한테 이목을 받아야 하는 부분이 있었고 그리고 이 배우들이 연기를 할 때 계속 거리를 다니면서 연기할 때 행동하는 데 거리낌이 없어야 하는 그 지점들이 있었어 가지구 그때 의상으로 참여하면서 되게 즐거웠던 경험이 있습니다.","wordCount":124},"emotion":[],"intent":[{"text":"","expression":"","category":"attitude"}],"summary":{"text":"거리극을 하는 팀에 참여했던 적이 있습니다. 전문성을 가진 사람을 초빙하고 싶어 했었는데 지인을 통해서 작업을 맡게 되다보니 되게 재미있었습니다. 배우들은 거리를 돌아다니면서 연기할 때 거리낌이 없어야 하는 지점들이 있었는데 의상으로 참여하면서 즐거웠던 경험이 있습니다","wordCount":34}}},"rawDataInfo":{"question":{"fileFormat":"wav","fileSize":385358,"duration":12040,"samplingBit":16,"channelCount":1,"samplingRate":"16kHz","audioPath":"/Mock/06.Design/Female/Experienced/ckmk_q_ard_f_e_148556.wav"},"answer":{"fileFormat":"wav","fileSize":2725198,"duration":85160,"samplingBit":16,"channelCount":1,"samplingRate":"16kHz","audioPath":"/Mock/06.Design/Female/Experienced/ckmk_a_ard_f_e_148556.wav"}}}