{"version":"1.0","dataSet":{"info":{"date":"20230116","occupation":"ARD","channel":"MOCK","place":"ONLINE","gender":"FEMALE","ageRange":"35-44","experience":"EXPERIENCED"},"question":{"raw":{"text":"우리 회사에 들어와서 본인이 하고 싶은 업무가 있다면 왜 그 업무를 하고 싶은지 그 이유도 같이 말씀해 주세요","wordCount":18},"emotion":[],"intent":[]},"answer":{"raw":{"text":"저는 회사에 들어와서 일을 하게 된다면 팀으로 하는 협업보다는 혼자 일하는 개인 일을 더 선호합니다. 팀으로 협업하는 일은 많은 사람의 생각과 의견을 종합해서 공동의 목표를 이루어 나가야 하는데 자신의 의견만 계속해서 주장하는 사람들이 있기 때문에 그런 사람들로 인해 일이 진행되지 않고 스트레스만 쌓이는 상황이 싫습니다. 전에는 팀 협업의 과정 자체를 즐기고 협업을 통해 느낄 수 있는 장점들이 많았는데 그렇지 않은 일들이 너무 많아서 스트레스가 컸던 경험이 많습니다. 그래서 저는 이 회사에서 일을 하게 된다면 스스로 계획하고 결과를 만들어 낼 수 있는 개인 업무가 더 좋습니다.","wordCount":85},"emotion":[],"intent":[{"text":"","expression":"","category":"attitude"}],"summary":{"text":"회사로 와서 일을 하게 된다면 팀으로 하는 협업보다는 혼자 일하는 개인 일을 더 선호합니다. 팀으로 협업하는 일은 의견을 종합해서 공동의 목표를 이루어 나가야 하는데 자신의 의견만 계속해서 주장하는 사람들이 있기 때문입니다.","wordCount":31}}},"rawDataInfo":{"question":{"fileFormat":"wav","fileSize":276558,"duration":8640,"samplingBit":16,"channelCount":1,"samplingRate":"16kHz","audioPath":"/Mock/06.Design/Female/Experienced/ckmk_q_ard_f_e_274004.wav"},"answer":{"fileFormat":"wav","fileSize":1780558,"duration":55640,"samplingBit":16,"channelCount":1,"samplingRate":"16kHz","audioPath":"/Mock/06.Design/Female/Experienced/ckmk_a_ard_f_e_274004.wav"}}}