{"version":"1.0","dataSet":{"info":{"date":"20230116","occupation":"ARD","channel":"MOCK","place":"ONLINE","gender":"FEMALE","ageRange":"35-44","experience":"EXPERIENCED"},"question":{"raw":{"text":"지원자님은 자신의 의견을 주장하실 때 강하게 주장하는 편이신가요 평소 어떤 스타일로 의견을 주장하시는지 말씀해 주세요","wordCount":15},"emotion":[],"intent":[]},"answer":{"raw":{"text":"저는 우선 상대방의 의견을 끝까지 모두 들어봅니다. 그리고 그 속에서 상대방이 원하는 점과 제가 원하는 점이 일치하는지 아니면 반대되는 부분이 있는지를 파악하고 그 두 가지의 의견 중에 어떤 것이 더 유익한지에 대해 판단합니다. 만약 타인의 의견이 더 유익하다고 판단하면 저의 의견을 바로 접고 제 의견이 더 유익하다고 판단하면 상대방을 이해시키기 위해서 대화를 진행합니다. 이 경우 제가 주장하는 바를 먼저 설명하고 거기에 상대방의 의견에서 나와 부합하는 중요한 포인트 한 가지를 접목시켜 함께 해 나가면 더 좋은 결과를 얻을 수 있다고 설명합니다. 보통 제가 경험해 본 결과로는 상대방의 의견을 포함시켜 일에 진행할 경우 나타난 유익에 대해 예를 들어 보이고 결과의 정확도나 성과에 대해 설명을 하면 대부분 저의 주장에 동의하곤 하였습니다.","wordCount":108},"emotion":[],"intent":[{"text":"만약 타인의 의견이 더 유익하다고 판단하면 저의 의견을 바로 접고 제 의견이 더 유익하다고 판단하면 상대방을 이해시키기 위해서 대화를 진행합니다.","expression":"c_confl_mg","category":"personality"},{"text":"이 경우 제가 주장하는 바를 먼저 설명하고 거기에 상대방의 의견에서 나와 부합하는 중요한 포인트 한 가지를 접목시켜 함께 해 나가면 더 좋은 결과를 얻을 수 있다고 설명합니다.","expression":"c_confl_mg","category":"personality"}],"summary":{"text":"저는 상대방의 의견을 모두 청취한 후, 상대방의 원하는 점과 제가 원하는 점이 일치하는지 반대되는 부분이 있는지를 파악하고 두 가지의 의견 중 어떤 것이 더 유익한지에 대해 판단합니다. 보통 상대방의 의견을 포함시켜 일에 진행할 경우 대부분 저의 주장에 동의하곤 했습니다.","wordCount":39}}},"rawDataInfo":{"question":{"fileFormat":"wav","fileSize":593038,"duration":18530,"samplingBit":16,"channelCount":1,"samplingRate":"16kHz","audioPath":"/Mock/06.Design/Female/Experienced/ckmk_q_ard_f_e_274007.wav"},"answer":{"fileFormat":"wav","fileSize":2332878,"duration":72900,"samplingBit":16,"channelCount":1,"samplingRate":"16kHz","audioPath":"/Mock/06.Design/Female/Experienced/ckmk_a_ard_f_e_274007.wav"}}}