{"version":"1.0","dataSet":{"info":{"date":"20230116","occupation":"ARD","channel":"MOCK","place":"ONLINE","gender":"FEMALE","ageRange":"35-44","experience":"EXPERIENCED"},"question":{"raw":{"text":"기차가 운행 시 산사태로 삼십 분 동안 정차하게 되었습니다 그때 관리 책임의 위치 있다면 어떻게 조치하실 것인가요","wordCount":17},"emotion":[],"intent":[]},"answer":{"raw":{"text":"네 이렇게 만약에 돌발 상황이 발생을 하게 되면 제가 책임자일 경우에 당연히 최선을 다해야 된다고 생각을 합니다. 일단 고객들이 불편을 겪는 상황이기 때문에 그 긴급 상황을 빠르게 잘 대처하는 게 제일 중요하다고 생각을 하구요. 어 그러기 위해서는 조치가 빨리 이루어져야 될 것 같고요. 제가 책임자라고 하면 어떻게 어떻게 프로시스를 하겠다 라는 게 어 머릿속으로 더 그려질 것 같습니다. 왜냐하면 제가 책임자로서 진두지휘를 잘 해야 그것들이 어 잘 해결이 될 수 있으니까요. 일단은 저는 현재 상황을 파악하고 현재 상황에서 제가 할 수 있는 최대한의 빠른 속도로 업무 처리를 해야 될 것 같고요. 그다음에 이제 리더의 책임 역할이기 때문에 그걸 처리할 수 있도록 기관들에게 잘 통보를 하고 또 도움도 신속하게 요청을 해야 될 것 같습니다. 어차피 기차가 운행이 중단이 됐다면 저 혼자 할 수 있는 문제가 아니라 뭐 개발자라든가 그걸 처리할 수 있는 이제 기술 작업자들이 필요하기 때문에 그런 분들에게 하루 빨리 요청을 해서 업무 상황을 판단을 하고 또 중간중간에 문제가 있으면 체크를 해서 어 빠르게 복원될 수 있도록 하는 게 중요할 것 같은데요. 이 때는 리더가 어떻게 판단하느냐에 따라서 굉장히 중요할 것 같다는 생각이 듭니다.","wordCount":174},"emotion":[],"intent":[{"text":"","expression":"","category":"attitude"}],"summary":{"text":"돌발 상황이 발생했을 때, 제가 책임자일 경우 최선을 다해야 한다고 생각합니다. 우선 현재 상황을 파악하고 제가 할 수 있는 최대한의 빠른 업무 처리를 해야 될 것 같습니다. 또 리더의 책임 역할이기 때문에 기관들에게 잘 통보를 하고, 기술 작업자들에게 신속한 요청을 해야 합니다. 이 때는 리더의 판단에 따라 굉장히 중요할 것 같다는 생각이 들었습니다.","wordCount":53}}},"rawDataInfo":{"question":{"fileFormat":"wav","fileSize":375118,"duration":11720,"samplingBit":16,"channelCount":1,"samplingRate":"16kHz","audioPath":"/Mock/06.Design/Female/Experienced/ckmk_q_ard_f_e_135469.wav"},"answer":{"fileFormat":"wav","fileSize":2887758,"duration":90240,"samplingBit":16,"channelCount":1,"samplingRate":"16kHz","audioPath":"/Mock/06.Design/Female/Experienced/ckmk_a_ard_f_e_135469.wav"}}}