{"version":"1.0","dataSet":{"info":{"date":"20230116","occupation":"ARD","channel":"MOCK","place":"ONLINE","gender":"FEMALE","ageRange":"35-44","experience":"EXPERIENCED"},"question":{"raw":{"text":"지원자님이 생각하는 본인의 장단점 말고요 지원자님의 주변 사람들이 생각하는 지원자님의 장점과 단점에 대해서 모두 얘기해 주세요","wordCount":16},"emotion":[],"intent":[]},"answer":{"raw":{"text":"뭐 제가 평소에 제가 생각했던 거 말고 다른 사람들이 주로 저한테 말했던 걸 생각해보면은 일단은 되게 한 가지에 꽂히면 그거를 끝을 보는 그런 성격을 장점이라고 해줬던 것 같습니다. 항상 실행을 하는 편이었고 주변에서 저한테 어 너 항상 행동력이 좋다 이런 말을 들었던 것 같아요. 그런데 저도 되게 제가 하고 싶은 일이 생기고 호기심이 생기면 어쨌든 그거를 실행해 봐야 다음으로 넘어갈 수 있다고 생각하고 있어요. 그래서 사실 일적인 부분 말고도 취미적인 부분에서도 되게 많은 것들을 시도했던 경험이 있고요. 단점을 말하자면 좀 주변에서 제가 많이 들었던 게 자기 비하였던 것 같아요. 제가 좀 외적으로 콤플렉스를 스스로 느끼고 있는 부분들이 많은데 안 그래야지 라고 생각하면서도 스스로 좀 비하하는 말들을 많이 하게 되더라고요. 그래서 주변에서 그런 것들에 대해서 주의를 좀 많이 줬던 순간들이 있었어요. 그래서 저도 최대한 그런 것들을 좀 지양해야겠다고 스스로 좀 다지고 있습니다.","wordCount":131},"emotion":[],"intent":[{"text":"뭐 제가 평소에 제가 생각했던 거 말고 다른 사람들이 주로 저한테 말했던 걸 생각해보면은   일단은 되게 한 가지에 꽂히면 그거를 끝을 보는   그런 성격을 장점이라고 해줬던 것 같습니다.","expression":"c_person","category":"background"},{"text":"그런데 저도 되게 제가 하고 싶은 일이 생기고 호기심이 생기면   어쨌든 그거를 실행해 봐야 다음으로 넘어갈 수 있다고 생각하고 있어요.","expression":"c_person","category":"background"},{"text":"단점을 말하자면 좀 주변에서 제가 많이 들었던 게   자기 비하였던 것 같아요.","expression":"c_person","category":"background"},{"text":"제가 좀 외적으로 콤플렉스를 스스로 느끼고 있는 부분들이 많은데   안 그래야지 라고 생각하면서도 스스로 좀 비하하는 말들을 많이 하게 되더라고요.","expression":"c_person","category":"background"}],"summary":{"text":"다른 사람들은 제가 한 가지에 꽂히면 끝을 보는 성격을 장점이라고 했습니다. 그래서 일적인 부분 말고도 취미적인 부분에서도 많은 것들을 시도했던 경험이 있습니다. 단점을 말하자면 자기 비하였습니다. 제가 외적인 콤플렉스를 스스로 느끼고 있는 부분들이 많은데 안 그래야지 라고 생각하면서도 스스로 비하 말들을 많이 하게 되었습니다.","wordCount":44}}},"rawDataInfo":{"question":{"fileFormat":"wav","fileSize":456078,"duration":14250,"samplingBit":16,"channelCount":1,"samplingRate":"16kHz","audioPath":"/Mock/06.Design/Female/Experienced/ckmk_q_ard_f_e_102320.wav"},"answer":{"fileFormat":"wav","fileSize":2656078,"duration":83000,"samplingBit":16,"channelCount":1,"samplingRate":"16kHz","audioPath":"/Mock/06.Design/Female/Experienced/ckmk_a_ard_f_e_102320.wav"}}}