{"version":"1.0","dataSet":{"info":{"date":"20230116","occupation":"ARD","channel":"MOCK","place":"ONLINE","gender":"FEMALE","ageRange":"-34","experience":"EXPERIENCED"},"question":{"raw":{"text":"만약에 상사가 업무와 무관한 일을 시켜도 잘 수행할 자신이 있으신가요 아니면 솔직하게 수행하지 않으실 건지 말씀해 주세요","wordCount":17},"emotion":[],"intent":[]},"answer":{"raw":{"text":"상사가 업무와 무관한 일을 시켰을 때 내 만약에 제가 해 줄 수 있는 여건이 되면 할 것 같기는 합니다. 하지만 정말로 부당한 완전 무관한 것을 시키면 솔직하게 이야기를 하고 아니면 그래도 하라고 명령을 한다면 저는 회사 쪽에 이야기를 할 것 같습니다. 왜냐하면은 그런 말도 안 되는 업무를 시키는 사람은 저 말고도 다른 사람들에게도 그러한 태도를 가지고 있을 거라고 생각을 하거든요. 저한테만 피해를 주면 괜찮은데 또 다른 누군가한테 피해를 준다고 하면 그것은 굉장히 회사 쪽에도 손실이 클 거라고 생각이 듭니다. 만약 나한테만 그런다 라고 하면은 그 사람의 인성에도 문제가 있는 거겠죠. 또 그런 거에 따라서도 뭐 저는 우선 회사 쪽이랑 한 번 이야기를 해서 어 그런 직원에 대한 처우라든지 이런 선후배 상사와 지금 배우고 있는 제 입장에서도 한 번 볼 것 같지만 무관하다고 해서 정말 부당한 게 아니라면 어느 정도는 사실 수행할 것 같습니다.","wordCount":133},"emotion":[],"intent":[{"text":"","expression":"","category":"attitude"}],"summary":{"text":"부당한 업무와 무관한 일을 시키면 솔직하게 이야기를 하고 그래도 지시를 내린다면 저는 회사 쪽에 이야기를 할 것 같습니다. 그 사람이 누군가에게 피해를 준다면 회사 쪽에도 손실이 클 것이고 생각합니다. 부당한 게 아니라면 어느 정도는 수행할 것 같습니다.","wordCount":37}}},"rawDataInfo":{"question":{"fileFormat":"wav","fileSize":620238,"duration":19380,"samplingBit":16,"channelCount":1,"samplingRate":"16kHz","audioPath":"/Mock/06.Design/Female/Experienced/ckmk_q_ard_f_e_187806.wav"},"answer":{"fileFormat":"wav","fileSize":1991758,"duration":62240,"samplingBit":16,"channelCount":1,"samplingRate":"16kHz","audioPath":"/Mock/06.Design/Female/Experienced/ckmk_a_ard_f_e_187806.wav"}}}