{"version":"1.0","dataSet":{"info":{"date":"20230116","occupation":"ARD","channel":"MOCK","place":"ONLINE","gender":"FEMALE","ageRange":"35-44","experience":"EXPERIENCED"},"question":{"raw":{"text":"저희 회사 같은 경우에는 일의 특성에 따라 다르겠지만 외근이나 야근이 좀 많을 수도 있습니다 이런 근무 환경에 대해서 본인이 얼마큼 받아들일 수 있는지 한번 고민을 해 보시구요 그 이유에 대해서 설명을 해 주세요","wordCount":33},"emotion":[],"intent":[]},"answer":{"raw":{"text":"네 저도 디자인을 하게 되면 어 직업의 특성상 야근이나 또 잔업을 하는 경우가 굉장히 많습니다. 왜냐하면 어떤 프로젝트 디자인에 대한 결정이 나 있고 기한이 정해져 있으면 저희는 이제 그 기한에 맞춰서 작업을 하게 되는데요. 하지만 아이디어라는 게 이게 시간이 굉장히 많이 걸리는 일이고 또 특히 시간을 딱 정해놨다고 해도 그 아이디어가 바로 나올 수 있다는 그런 게 없습니다. 그렇기 때문에 저희 직업 같은 경우에는 특히 더 많이 야근이나 잔업이 굉장히 많고 또 외근이 많은 거라고 생각을 합니다. 어 근데 저희는 이제 기본적으로 일을 할 때 그 업무에 대한 가치를 높게 사고 또 제가 할 수 있는 역량에 집중하기 때문에 그런 것들은 쪼금 문제가 안 된다고 생각할 수 있을 것 같습니다. 다만 회사가 그 가치를 인정을 해주고 또 그거에 대한 적절한 보상이 이뤄지면 굉장히 어 저희가 어 동기부여가 될 것 같은데요. 만약에 그런 지원이 없다고 하더라도 저희가 자체적으로 디자인을 개발하면서 동기부여를 얻고 있기 때문에 아마 그런 여건들은 걱정하지 않으셔도 될 것 같고요. 저희 디자이너들 저를 포함해서 모두 열정을 가지고 참여하기 때문에 그러한 상황들은 적극적으로 헤쳐나갈 수 있을 것 같습니다.","wordCount":168},"emotion":[],"intent":[{"text":"","expression":"","category":"attitude"}],"summary":{"text":"디자인 직업의 특성상 야근과 잔업이 많은데 회사가 인정을 해주고 보상이 이뤄지면 동기부여가 될 것 같습니다. 지원이 없더라도 자체적으로 디자인을 개발하면서 동기부여는 얻고 있으며, 저희 디자이너들 모두 열정을 가지고 참여하기 때문에 그러한 상황들은 적극적으로 헤쳐나갈 수 있을 것 같다고 생각합니다.","wordCount":39}}},"rawDataInfo":{"question":{"fileFormat":"wav","fileSize":633038,"duration":19780,"samplingBit":16,"channelCount":1,"samplingRate":"16kHz","audioPath":"/Mock/06.Design/Female/Experienced/ckmk_q_ard_f_e_115008.wav"},"answer":{"fileFormat":"wav","fileSize":2775118,"duration":86720,"samplingBit":16,"channelCount":1,"samplingRate":"16kHz","audioPath":"/Mock/06.Design/Female/Experienced/ckmk_a_ard_f_e_115008.wav"}}}