{"version":"1.0","dataSet":{"info":{"date":"20230116","occupation":"ARD","channel":"MOCK","place":"ONLINE","gender":"FEMALE","ageRange":"45-54","experience":"EXPERIENCED"},"question":{"raw":{"text":"면접자님이 다룰 수 있는 프로그램은 무엇인가요 어느 수준으로 사용할 수 있으시죠","wordCount":11},"emotion":[],"intent":[]},"answer":{"raw":{"text":"네 저는 시각 디자인을 전공을 했기 때문에 관련 프로그램을 잘 다룰 수가 있습니다. 어 사용 수준 같은 경우에는 꽤 전문적이라고 할 정도로 모든 프로그램을 다 다룰 수가 있고요. 그리고 이 프로그램을 통해서 어 제가 디자인을 할 수도 있습니다. 저는 기본적으로 그림을 그리는 것 뿐만이 아니라 시각 디자인이 최근에 필요하다고 생각을 했는데요. 왜냐하면 디자이너들이 아이티와 아 그리고 이런 이제 디지털 기반을 활용한 디자인들을 많이 하고 있는 상황입니다. 그렇기 때문에 회사에서 어떤 프로젝트를 하던 건지 간에 어 제가 그 프로그램을 활용해서 여러 가지 디자인을 할 수 있을 것 같습니다. 어 기본적으로 이런 프로그램 뿐만이 아니라 또 디자인과 관련해서 어 저의 독창적인 아이디어와 결합이 된다면 아마 좋은 디자인으로 발전시킬 수 있을 것 같습니다.","wordCount":110},"emotion":[],"intent":[{"text":"","expression":"","category":"attitude"}],"summary":{"text":"시각 디자인을 전공했기 때문에 관련 프로그램을 잘 다룰 수 있고, 이것을 통해서 디자인도 할 수 있습니다. 최근에 시각 디자인이 필요하다고 생각했기 때문에 프로그램을 활용해서 여러 가지 디자인을 할 수 있을 것 같습니다. 독창적인 아이디어와 결합된다면 좋은 디자인으로 발전시킬 수 있을 것입니다.","wordCount":41}}},"rawDataInfo":{"question":{"fileFormat":"wav","fileSize":236238,"duration":7380,"samplingBit":16,"channelCount":1,"samplingRate":"16kHz","audioPath":"/Mock/06.Design/Female/Experienced/ckmk_q_ard_f_e_108135.wav"},"answer":{"fileFormat":"wav","fileSize":1978638,"duration":61830,"samplingBit":16,"channelCount":1,"samplingRate":"16kHz","audioPath":"/Mock/06.Design/Female/Experienced/ckmk_a_ard_f_e_108135.wav"}}}