{"version":"1.0","dataSet":{"info":{"date":"20230116","occupation":"ARD","channel":"MOCK","place":"ONLINE","gender":"FEMALE","ageRange":"-34","experience":"EXPERIENCED"},"question":{"raw":{"text":"업무를 하다가 만일 상사가 지원자님에게 어려운 지시를 준다면 어떻게 극복하시겠어요","wordCount":10},"emotion":[],"intent":[]},"answer":{"raw":{"text":"네 디자인을 하다가 제가 이제 메인 디자이너 상사께 받은 여러 가지 지시 사항이 있을 텐데요. 어 가장 어려웠던 점은 어떤 파트 부분을 해냄에 있어서 그 파트의 독창성이나 아니면 제 개인의 그거를 인정하지 않고 전체 파트에 맞추는 그런 업무들이 어려웠습니다. 왜냐하면 제가 파트 부분이 있고 그 나름대로의 제가 최선을 다하긴 하지만 어떤 전체적인 부분에 있어서는 합의를 하거나 양보해야 되는 부분들이 있었던 것 같고요. 그리고 만약에 이제 제가 어시스트의 역할을 하게 된다면 또 저만의 색깔을 나타낼 수 없기 때문에 그거는 조금 불합리하다고 생각한 측면도 있을 것 같습니다. 하지만 어쨌든 팀 프로젝트이고 또 상사께서 어 저한테 지시한 업무이기 때문에 저는 그거를 충분히 수용을 하면서 일을 해 왔고요. 앞으로도 그렇게 할 생각입니다. 제가 메인 디자이너 그리고 더 앞으로 성장하기 위해서는 그런 노력들이 필요하다고 생각을 하고요. 앞으로 더욱더 성장을 해서 제가 메인 디자이너로서 이것들을 컨트롤할 수 있도록 제가 그때까지는 어 여러 가지 업무들을 도와가면서 성장할 수 있도록 하겠습니다.","wordCount":143},"emotion":[],"intent":[{"text":"","expression":"","category":"attitude"}],"summary":{"text":"디자인 업무를 할 때, 파트의 독창성이나 개인을 인정하지 않고 전체 파트에 맞추는 업무가 어려웠습니다. 하지만 팀 프로젝트이고 또 상사께서 저한테 지시한 업무이기 때문에 수용하면서 일을 해 왔고 앞으로도 그렇게 할 계획입니다. 더 성장해서 제가 여러 가지 업무들을 도와가면서 성장할 수 있도록 하겠습니다.","wordCount":42}}},"rawDataInfo":{"question":{"fileFormat":"wav","fileSize":327758,"duration":10240,"samplingBit":16,"channelCount":1,"samplingRate":"16kHz","audioPath":"/Mock/06.Design/Female/Experienced/ckmk_q_ard_f_e_120614.wav"},"answer":{"fileFormat":"wav","fileSize":2560718,"duration":80020,"samplingBit":16,"channelCount":1,"samplingRate":"16kHz","audioPath":"/Mock/06.Design/Female/Experienced/ckmk_a_ard_f_e_120614.wav"}}}