{"version":"1.0","dataSet":{"info":{"date":"20230116","occupation":"ARD","channel":"MOCK","place":"ONLINE","gender":"FEMALE","ageRange":"35-44","experience":"EXPERIENCED"},"question":{"raw":{"text":"지금까지 협업을 하면서 가장 어려웠던 것은 무엇인가요 또한 그 어려움을 어떻게 해결하셨는지도 함께 말씀 부탁드립니다","wordCount":15},"emotion":[],"intent":[]},"answer":{"raw":{"text":"제가 배급사를 다니기 전에 그니까 그 전에 배급사 다니기 전에는 영화 현장에서 일을 했었는데 웹 드라마 현장에도 있었고 근데 어 성희롱 문제가 있었어요. 현장에서 근데 제가 아는 지인의 작품에 들어갔던 거여서 그 영화는 아니었고 웹 드라마였기 때문에 그 환경을 어 되게 체계적으로 관리해 줄 역할이 없었던 것 같아요. 그래서 감독을 하는 친구가 좀 그거를 적극적으로 해결해 줄 수 있는 그런 위치였는데 사실 그 친구도 자기 작품이고 또 작품을 하느라 여유가 없으니까 다른 스탭들의 어떤 그런 상황을 적극적으로 해결하지 못하더라고요. 그래서 저는 사실 그때 실망을 좀 많이 했었고 그 동시에 제가 또 어떻게 하지 못하는 사람이라는 걸 깨달았을 때 좀 괴로웠었던 것 같아요. 그래서 여러 역할들이 모인 그 현장에서 어 문제가 생겼을 때 그거를 해결해 줄 수 있는 역할이 부재되어 있는 상태가 되게 어려웠던 것 같고 사실 그거를 해결했다 기보다는 제가 그 팀에서 빠지는 걸로 좀 마무리를 했었던 일이 있습니다.","wordCount":139},"emotion":[],"intent":[{"text":"","expression":"","category":"attitude"}],"summary":{"text":"배급사를 다니기 전에 영화 현장에서 일을 했었는데, 웹 드라마 현장에도 성희롱 문제가 있었습니다. 그 환경을 체계적으로 관리해 줄 역할이 없었던 것 같은데, 감독을 하는 친구가 적극적으로 해결해 줄 수 있는 위치였는데 그 친구도 여유가 없으니까 다른 스텝들의 상황을 해결하지 못 했습니다. 그래서 제가 그 팀에서 빠지는 걸로 마무리 했었던 일이 있습니다.","wordCount":51}}},"rawDataInfo":{"question":{"fileFormat":"wav","fileSize":610638,"duration":19080,"samplingBit":16,"channelCount":1,"samplingRate":"16kHz","audioPath":"/Mock/06.Design/Female/Experienced/ckmk_q_ard_f_e_195084.wav"},"answer":{"fileFormat":"wav","fileSize":2834638,"duration":88580,"samplingBit":16,"channelCount":1,"samplingRate":"16kHz","audioPath":"/Mock/06.Design/Female/Experienced/ckmk_a_ard_f_e_195084.wav"}}}