{"version":"1.0","dataSet":{"info":{"date":"20230116","occupation":"ARD","channel":"MOCK","place":"ONLINE","gender":"FEMALE","ageRange":"-34","experience":"EXPERIENCED"},"question":{"raw":{"text":"남을 잘 따르는 팔로우형 남을 잘 이끄는 리더형 지원자님께서는 어떤 유형이라고 생각하시나요 이유와 함께 말씀해 주세요","wordCount":16},"emotion":[],"intent":[]},"answer":{"raw":{"text":"아 둘 다 아닌 거 같기는 한데요. 저는 남을 잘 이끄는 것도 모르겠고 못하는 거 같고 그렇다고 남을 잘 따르는 편도 아닌 거 같애요. 그래서 딱히 뭐 리더 아니면 팔로워라고 구분 짓기는 좀 어려운데 근데 왜 이렇게 딱 두 개만 있어야 되죠. 그것도 조금 생각이 드네요. 꼭 잘 따라야지만 되는 것도 아니잖아요. 잘 안 따르는 사람이 보이는 시선도 좀 관심을 가져 줘야지 또 새로운 걸 발견하죠. 그래서 저는 리더도 팔로워도 아닙니다. 저는 그 옆에 있는 음 반항아 음 소수 의견자 이런 거라고 할까요. 네 그냥 그 옆에 있는 자기만의 스타일을 유지 중인 그냥 네 소수 소수 의견 내는 사람으로 하겠습니다.","wordCount":100},"emotion":[],"intent":[{"text":"","expression":"","category":"attitude"}],"summary":{"text":"리더와 팔로워를 구분하기 어려운 이유는 잘 따르는 사람이 보이는 시선도 관심을 가져야 새로운 걸 발견하기 때문이죠. 그래서 저는 리더도 팔로워도 아니며 자기만의 스타일을 유지하는 소수 의견 내는 사람으로 하겠습니다.","wordCount":29}}},"rawDataInfo":{"question":{"fileFormat":"wav","fileSize":419278,"duration":13100,"samplingBit":16,"channelCount":1,"samplingRate":"16kHz","audioPath":"/Mock/06.Design/Female/Experienced/ckmk_q_ard_f_e_188977.wav"},"answer":{"fileFormat":"wav","fileSize":2919118,"duration":91220,"samplingBit":16,"channelCount":1,"samplingRate":"16kHz","audioPath":"/Mock/06.Design/Female/Experienced/ckmk_a_ard_f_e_188977.wav"}}}