{"version":"1.0","dataSet":{"info":{"date":"20230116","occupation":"ARD","channel":"MOCK","place":"ONLINE","gender":"FEMALE","ageRange":"-34","experience":"EXPERIENCED"},"question":{"raw":{"text":"존경하는 디자이너와 제품에 대해서 설명해 보십시오 패션 브랜드 그밖에 카테고리는 상관이 없습니다","wordCount":12},"emotion":[],"intent":[]},"answer":{"raw":{"text":"네 가장 좋아하는 디자이너라고 한다면 저는 이재석 디자이너를 말씀드리고 싶습니다. 그분은 남들이 볼지 못하는 또 다른 시각에서 그러한 것들을 보고 그런 이야기를 굉장히 충격적으로 이끌어내는 그런 디자이너 분 중의 하나인데요. 그분이 만든 디자인은 굉장히 여러 가지가 있지만 제가 가장 기억에 나는 포스터를 말씀드리도록 하겠습니다. 포스터라기보다는 약간 광고 느낌도 들었는데요. 계단에다가 에베레스트 사진을 조각조각해서 붙여 놨습니다. 그리고 밑에는 그런 문구가 적혀 있었습니다. 누군가한테는 이 계단에 오르는 게 에베레스트 산에 오르는 것처럼 굉장히 힘들다 라고 적혀 있었는데요. 네 바로 지체장애인들은 그런 계단에 오를 수가 없으며 오를 때도 굉장히 힘들다 라는 것을 적어놓은 그런 포스터를 제가 봤었습니다. 실제로는 그런 진짜로 그런 계단에 설치된 설치 미술이었는데요. 그걸 보고 저는 굉장히 충격을 받았습니다. 그래서 그것을 보고 아 이 사람은 정말 보는 사고가 다르구나 그리고 해외에서 굉장히 각광받아 왔는데 그 이유가 있구나 라고 여겼었고요. 그래서 저는 그 작 작가님 네 디자이너님의 포스터라던지 설치미술을 굉장히 좋아하고 저도 이제 그런 새로운 시선으로 무언가를 보려고 굉장히 많이 노력하는 편입니다.","wordCount":150},"emotion":[],"intent":[{"text":"","expression":"","category":"attitude"}],"summary":{"text":"제가 가장 좋아하는 디자이너인 이재석 디자이너의 디자인 중 가장 인상적인 것은 계단에 설치된 에베레스트 사진을 조각조각해서 붙여 놓은 것 인데, 실제로 지체장애인들은 계단에 오를 수가 없으며 오를 때도 굉장히 힘들다고 적어있었습니다. 그 포스터를 보고 아 이 사람은 정말 보는 사고가 다르구나 해외에서도 각광받아 왔는데 그 이유가 있구나 라고 여겼습니다.","wordCount":49}}},"rawDataInfo":{"question":{"fileFormat":"wav","fileSize":400078,"duration":12500,"samplingBit":16,"channelCount":1,"samplingRate":"16kHz","audioPath":"/Mock/06.Design/Female/Experienced/ckmk_q_ard_f_e_188147.wav"},"answer":{"fileFormat":"wav","fileSize":2749198,"duration":85910,"samplingBit":16,"channelCount":1,"samplingRate":"16kHz","audioPath":"/Mock/06.Design/Female/Experienced/ckmk_a_ard_f_e_188147.wav"}}}