{"version":"1.0","dataSet":{"info":{"date":"20230116","occupation":"ARD","channel":"MOCK","place":"ONLINE","gender":"FEMALE","ageRange":"35-44","experience":"EXPERIENCED"},"question":{"raw":{"text":"지원자님께서는 본인이 팀을 책임져야 하는 팀장이 맞을 거라고 생각하는지 아니면 팀에서 한 부분을 보조하는 팀원에 더 성향이 맞을 것 같다고 생각하는지 그 이유를 말씀해서 증명해 주세요","wordCount":26},"emotion":[],"intent":[]},"answer":{"raw":{"text":"저는 팀원에 더 잘 맞을 것 같고 제가 그렇게 말을 잘하거나 이를 잘 이끄는 편은 아니라서 좀 장의 위치에 있는 거는 항상 음 불안한 그런 상태를 좀 만드는 것 같아서 저는 팀원이 더 잘 맞다고 생각합니다. 그 대신에 저는 되게 그 주어지는 어떤 과제들을 잘 할 수 있는 사람이고 그거를 잘 따르기도 하고 어 보조의 능력을 좀 더 갖추고 있는 것 같기는 해요. 그래서 오히려 사람들이 이끈다기보다는 제가 누구를 위 누구를 위해서 아니지만 어쨌든 누군가의 지시에 따라 조금씩 움직이면서 제가 할 수 있는 일을 해내는 게 저한테 더 잘 어울리기도 하고 제 경험상 제가 리더로 있었던 곳에서는 좀 항상 결과물이 그렇게 좋지는 않았었고 항상 좀 과정 안에서 문제가 많아졌어요. 그래갖고 제가 그걸 잘 해결하지도 못하기도 했었고 그래서 저는 항상 팀원이 더 마음도 편하고 제가 그 편한 상태에서 더 일을 능률이 높게 하는 것 같아요.","wordCount":134},"emotion":[],"intent":[{"text":"","expression":"","category":"attitude"}],"summary":{"text":"저는 팀원이 더 잘 맞을 것 같습니다. 그 대신에 저는 과제들을 잘 할 수 있는 사람이고 그것을 잘 따르기도 해서 저는 누군가의 지시에 따라 조금씩 움직이며 수행할 수 있는 일을 해내는 게 더 잘 어울리고, 그 편안한 상태에서 더 일을 능률이 높게 하는 것 같다고 생각합니다.","wordCount":46}}},"rawDataInfo":{"question":{"fileFormat":"wav","fileSize":592398,"duration":18510,"samplingBit":16,"channelCount":1,"samplingRate":"16kHz","audioPath":"/Mock/06.Design/Female/Experienced/ckmk_q_ard_f_e_195085.wav"},"answer":{"fileFormat":"wav","fileSize":2610638,"duration":81580,"samplingBit":16,"channelCount":1,"samplingRate":"16kHz","audioPath":"/Mock/06.Design/Female/Experienced/ckmk_a_ard_f_e_195085.wav"}}}