{"version":"1.0","dataSet":{"info":{"date":"20230116","occupation":"ARD","channel":"MOCK","place":"ONLINE","gender":"FEMALE","ageRange":"-34","experience":"EXPERIENCED"},"question":{"raw":{"text":"주변 친구들 중에 한 명을 골라서 칭찬을 해 주세요 가능하다면 구체적이고 자세하게 칭찬해 주시면 더욱 좋을 것 같습니다","wordCount":18},"emotion":[],"intent":[]},"answer":{"raw":{"text":"저는 제 동생을 추천합니다. 제 동생은 침착하고 다정한 사람입니다. 저는 조금 성격이 급한 편인데 동생은 항상 침착합니다. 그래서 저의 급한 성격을 조금 중화시켜주는 역할을 합니다. 그리고 모두에게 다정합니다. 어린 시절부터 다른 사람을 잘 챙겼습니다. 또한 타인의 의견을 잘 들어주기도 합니다. 이렇게 제 동생은 많은 장점을 가지고 있는 사람입니다. 제 동생은 또한 저 밝은 성격을 가지고 있습니다. 밝게 다른 다른 사람을 대하고 타인과 거리낌 없이 대화를 나누는 편입니다. 또한 웃는 모습이 예쁩니다. 이렇게 모든 장점을 가지고 있습니다.","wordCount":76},"emotion":[],"intent":[{"text":"","expression":"","category":"attitude"}],"summary":{"text":"저는 성격이 급한 편인데 동생은 침착하고 다정해서 제 급한 성격을 중화시켜주고 모두에게 다정합니다. 또한 제 동생은 밝은 성격으로 다른 사람과 거리낌 없이 대화를 나누는 편이며 웃는 모습이 예쁨니다.","wordCount":28}}},"rawDataInfo":{"question":{"fileFormat":"wav","fileSize":601038,"duration":18780,"samplingBit":16,"channelCount":1,"samplingRate":"16kHz","audioPath":"/Mock/06.Design/Female/Experienced/ckmk_q_ard_f_e_274664.wav"},"answer":{"fileFormat":"wav","fileSize":2311118,"duration":72220,"samplingBit":16,"channelCount":1,"samplingRate":"16kHz","audioPath":"/Mock/06.Design/Female/Experienced/ckmk_a_ard_f_e_274664.wav"}}}