{"version":"1.0","dataSet":{"info":{"date":"20230116","occupation":"ARD","channel":"MOCK","place":"ONLINE","gender":"FEMALE","ageRange":"45-54","experience":"EXPERIENCED"},"question":{"raw":{"text":"지원자께서 본인의 생각이 아닌 지원자의 다른 주변 사람들이 생각하는 지원자님의 단점과 장점이 무엇인지 모두 말씀해 주시길 바랍니다","wordCount":17},"emotion":[],"intent":[]},"answer":{"raw":{"text":"저의 단점 주변에서 들었던 단점은 아 너무 어 하던 사람만 곁에 둔다 라고 해야 될까요. 네 그 동료들이 다 오래 됐어요. 함께 일하는 동료들이 그래서 뭐 대부분 제가 어떤 특정 뭐 스페셜한 프로젝트를 할 때는 그 특정 저 저와 오래 작업한 동료들을 제가 많이 불러요. 그래서 그 동료들과 함께 진행을 하는 경우가 정말 오래됐는데 그거에 대해서 얘기가 조금 나오기는 하더라고요. 왜냐하면 그렇게 됐었을 때에 그 프로젝트에 대한 어떤 느낌 이미지가 조금 고루할 수 있다 라는 평도 들었었었고 그리고 조금 또 새로운 사람들을 좀 찾았으면 좋겠다 라는 평도 들어봤었고 그러한 단점을 들었던 적이 있었었고요. 장점은 저는 상황 판단이 빠릅니다. 뭔가 현장에서 변수가 생기거나 어떠한 상황이 갑자기 발생했을 때 그거를 대처하는 게 조금 빠른 편이에요 판단이. 네.","wordCount":115},"emotion":[],"intent":[{"text":"저의 단점 주변에서 들었던 단점은   아 너무 어 하던 사람만 곁에 둔다 라고 해야 될까요.","expression":"c_person","category":"background"},{"text":"장점은 저는 상황 판단이 빠릅니다.","expression":"c_person","category":"background"}],"summary":{"text":"프로젝트에 대한 이미지가 고루하고 새로운 사람을 찾았으면 좋겠다는 단점도 있었던 적이 있었고, 장점은 상황 판단이 빠를 수 있다는 장점이 있습니다.","wordCount":20}}},"rawDataInfo":{"question":{"fileFormat":"wav","fileSize":549198,"duration":17160,"samplingBit":16,"channelCount":1,"samplingRate":"16kHz","audioPath":"/Mock/06.Design/Female/Experienced/ckmk_q_ard_f_e_159121.wav"},"answer":{"fileFormat":"wav","fileSize":2833998,"duration":88560,"samplingBit":16,"channelCount":1,"samplingRate":"16kHz","audioPath":"/Mock/06.Design/Female/Experienced/ckmk_a_ard_f_e_159121.wav"}}}