{"version":"1.0","dataSet":{"info":{"date":"20230116","occupation":"ARD","channel":"MOCK","place":"ONLINE","gender":"FEMALE","ageRange":"-34","experience":"EXPERIENCED"},"question":{"raw":{"text":"디자이너로서 일하면서 가장 힘들었던 경험에 대해 말씀해 주시겠습니까","wordCount":8},"emotion":[],"intent":[]},"answer":{"raw":{"text":"어 제가 인테리어 디자인 스튜디오에서 실내 디자이너로 일할 때 가장 힘든 경험이 있다면 음 디자인 스튜디오가 항상 일이 많은 것은 아니기 때문에 바쁠 때 일이 몰리고 나서 그 일이 없는 공백기 동안에 어 이를 따내기 위한 수많은 제안서를 넣습니다. 그때 제안서를 밤새워 가며 열심히 넣었지만 매번 어 계약을 진행하지 못한다는 답변을 받았을 때 그 밤샘 시간에 노력에 대한 허탈감과 또 일이 없는 것에 대한 약간 불안함 같은 것이 가장 힘들었던 경험인 것 같습니다. 그래서 저는 어 밤새워가면서 바쁘게 일을 해도 성취감을 느끼는 것이 일이 없어서 고민하고 허탈하고 불안한 것보 불안하는 것보다 훨씬 낫다고 생각합니다.","wordCount":94},"emotion":[{"text":"그때 제안서를 밤새워 가며 열심히 넣었지만 매번 어 계약을 진행하지 못한다는 답변을 받았을 때   그 밤샘 시간에 노력에 대한 허탈감과 또 일이 없는 것에 대한 약간    불안함 같은 것이 가장 힘들었던 경험인 것 같습니다.","expression":"n-anxiety","category":"negative"}],"intent":[{"text":"","expression":"","category":"attitude"}],"summary":{"text":"디자인 스튜디오가 항상 일이 많은 것은 아니기 때문에 바쁠 때 일이 몰리는 공백기 동안 일을 따내기 위해 수많은 제안서를 넣었지만 계약을 진행하지 못한다는 답변을 받았을 때의 허탈감과 불안함이 가장 힘들었던 경험입니다.","wordCount":31}}},"rawDataInfo":{"question":{"fileFormat":"wav","fileSize":262478,"duration":8200,"samplingBit":16,"channelCount":1,"samplingRate":"16kHz","audioPath":"/Mock/06.Design/Female/Experienced/ckmk_q_ard_f_e_172357.wav"},"answer":{"fileFormat":"wav","fileSize":2179278,"duration":68100,"samplingBit":16,"channelCount":1,"samplingRate":"16kHz","audioPath":"/Mock/06.Design/Female/Experienced/ckmk_a_ard_f_e_172357.wav"}}}