{"version":"1.0","dataSet":{"info":{"date":"20230116","occupation":"ARD","channel":"MOCK","place":"ONLINE","gender":"FEMALE","ageRange":"45-54","experience":"EXPERIENCED"},"question":{"raw":{"text":"입사 후에 근무를 하면서 정작 지원했던 분야가 자신과 잘 맞지 않는다는 사실을 깨달으신다면 지원자님은 어떻게 하실 건가요","wordCount":17},"emotion":[],"intent":[]},"answer":{"raw":{"text":"그럼 되게 난감하고 힘들고 고민이 많이 될 것 같네요. 이 일이 가치가 있는데 맞지가 않는 건지 그렇다면 좀 더 시간을 두고 일을 하면서 주말 시간이나 이럴 때 다른 흥미 있는 것들을 더 알아볼 것 같아요. 그때부터 나 자신에 대해서 진짜 연구해야 될 시간이 아닌가 싶습니다. 하지만 이 일이 괜찮은 일인 것 같애 그런데 잘 안 돼 그렇다면 더 노력을 해 볼 것 같아요. 왜냐하면 내 시작은 미약하였으나 내 끝은 창대하리라 이런 말도 있잖아요. 나중에 더 잘 할 수도 있지 않을까. 일단은 좀 더 노력을 해 보겠습니다.","wordCount":86},"emotion":[],"intent":[{"text":"","expression":"","category":"attitude"}],"summary":{"text":"이 일이 가치가 있는데 맞지 않는 건지 그렇다면 좀 더 시간을 두고 일을 하면서 주말 시간이나 이럴 때 다른 흥미 있는 것들을 더 알아볼 것 같습니다.","wordCount":26}}},"rawDataInfo":{"question":{"fileFormat":"wav","fileSize":578638,"duration":18080,"samplingBit":16,"channelCount":1,"samplingRate":"16kHz","audioPath":"/Mock/06.Design/Female/Experienced/ckmk_q_ard_f_e_248967.wav"},"answer":{"fileFormat":"wav","fileSize":2458318,"duration":76820,"samplingBit":16,"channelCount":1,"samplingRate":"16kHz","audioPath":"/Mock/06.Design/Female/Experienced/ckmk_a_ard_f_e_248967.wav"}}}