{"version":"1.0","dataSet":{"info":{"date":"20230116","occupation":"ARD","channel":"MOCK","place":"ONLINE","gender":"FEMALE","ageRange":"45-54","experience":"EXPERIENCED"},"question":{"raw":{"text":"지원자님께서 생각하시기에 자신의 노년은 어떤 모습이었으면 하시나요 본인이 그리고 있는 이상적인 노년의 모습에 대해서 말씀해 주세요","wordCount":16},"emotion":[],"intent":[]},"answer":{"raw":{"text":"제 자신의 노년의 모습은 욕심을 버리고 친구들과 여행 다니며 사는 모습이었으면 좋겠습니다. 언제 어느 때 나의 운명의 시계가 멈출지 모르기 때문에 그 시간을 충분히 즐기면서 그러나 무엇을 갖기보다는 나눌 수 있는 행복을 만끽하면서 살고 싶은 것이 제 자신의 노년의 모습입니다. 아무리 많은 것을 쌓아 두고 가지려고 애쓰지만 결국 인생 속의 모든 재물은 유한하기 때문에 그것이 저의 이상의 모습은 될 수 없습니다. 모든 것을 내려놓고 나누면서 최선을 다해 행복이라는 시간을 이웃과 친구와 가족과 나누고 싶은 게 제 노년의 모습입니다.","wordCount":78},"emotion":[],"intent":[{"text":"","expression":"","category":"attitude"}],"summary":{"text":"제 자신의 노년의 모습은 욕심을 버리고 친구들과 여행 다니며 사는 모습이었으면 좋겠습니다. 모든 것을 포기하고 최선을 다해 행복이라는 시간을 이웃과 가족과 나누고 싶은 게 제노년의 모습입니다.","wordCount":26}}},"rawDataInfo":{"question":{"fileFormat":"wav","fileSize":618638,"duration":19330,"samplingBit":16,"channelCount":1,"samplingRate":"16kHz","audioPath":"/Mock/06.Design/Female/Experienced/ckmk_q_ard_f_e_264246.wav"},"answer":{"fileFormat":"wav","fileSize":2105678,"duration":65800,"samplingBit":16,"channelCount":1,"samplingRate":"16kHz","audioPath":"/Mock/06.Design/Female/Experienced/ckmk_a_ard_f_e_264246.wav"}}}