{"version":"1.0","dataSet":{"info":{"date":"20230116","occupation":"ARD","channel":"MOCK","place":"ONLINE","gender":"FEMALE","ageRange":"35-44","experience":"EXPERIENCED"},"question":{"raw":{"text":"최근 들어 아주 재미있게 하고 있는 일이 있으신지 있으시다면 그 일이 왜 재미가 있는지 자세히 설명을 해 주시기 바랍니다","wordCount":19},"emotion":[],"intent":[]},"answer":{"raw":{"text":"네 저는 최근에 뭐 특별한 일은 하지는 않았는데요. 어 이제 이제 조카들이 있습니다. 그런데 그 조카들이 가지고 노는 이제 교구들이 있는데요. 오히려 저는 그걸 통해서 굉장히 재미있고 창의성을 얻었습니다. 어 요즘에 아이들이 사용하는 교구들 놀이기구들 같은 경우에 여러 가지 창의성을 개발할 수 있는 것들이 많았습니다. 과거에는 우리가 인제 글을 읽고 공부하고 외우고 이런 거 중심의 교육이었다면 최근에는 창의성이 개발 들도록 어떤 물건을 만들고 아니면 레고를 통해서 뭔가 본인의 창의적인 그 그걸 만드는 그런 거에 초점이 많이 맞춰져 있는 것 같은데요. 저는 일단 그런 교육 방식에는 굉장히 지지를 하는 편이고요. 어 저는 그냥 디자이너지만 제가 고 통해서 저도 같이 참여해서 여러 가지 이제 물품들을 만들어보고 또 창의성 있게 해보는 작업들을 해 봤습니다. 어 기존에 벗어나서 그냥 그런 것들을 아무 생각 없이 해보다 보니까 오히려 자유로워지고 또 그 놀이를 함으로써 또 생각이 열리는 그런 경험을 했습니다. 그래서 지금 반복적으로 하고 있는 일 외에 새로운 일 조금 더 다른 일을 해보면 훨씬 더 디자이너로서 창의성과 영감을 받을 수 있기 때문에 저는 요즘에 그렇게 재미있어 하는 일을 많이 하는 편입니다.","wordCount":166},"emotion":[{"text":"그래서 지금 반복적으로 하고 있는 일 외에   새로운 일 조금 더 다른 일을 해보면 훨씬 더 디자이너로서 창의성과 영감을 받을    수 있기 때문에 저는 요즘에 그렇게 재미있어 하는 일을 많이 하는 편입니다.","expression":"p-interest","category":"positive"}],"intent":[{"text":"그래서 지금 반복적으로 하고 있는 일 외에   새로운 일 조금 더 다른 일을 해보면 훨씬 더 디자이너로서 창의성과 영감을 받을    수 있기 때문에 저는 요즘에 그렇게 재미있어 하는 일을 많이 하는 편입니다.","expression":"d_trendy","category":"technology"}],"summary":{"text":"과거에는 글을 읽고 공부하고 외우는 거 중심의 교육이었다면 최근에는 창의성이 개발 들도록 어떤 물건을 만들고 또는 레고를 통해서 본인의 창의적인 그 그것을 만드는 거에 초점이 많이 맞춰진 것 같습니다. 저는 디자이너지만 지금 반복적으로 하고 있는 일 외에 다른 일을 해보면 훨씬 더 디자이너로서 창의성과 영감을 받을 수 있기 때문에 요즘 재미있게 하는 일을 많이 하는 편입니다.","wordCount":56}}},"rawDataInfo":{"question":{"fileFormat":"wav","fileSize":524878,"duration":16400,"samplingBit":16,"channelCount":1,"samplingRate":"16kHz","audioPath":"/Mock/06.Design/Female/Experienced/ckmk_q_ard_f_e_135470.wav"},"answer":{"fileFormat":"wav","fileSize":2752718,"duration":86020,"samplingBit":16,"channelCount":1,"samplingRate":"16kHz","audioPath":"/Mock/06.Design/Female/Experienced/ckmk_a_ard_f_e_135470.wav"}}}