{"version":"1.0","dataSet":{"info":{"date":"20230116","occupation":"ARD","channel":"MOCK","place":"ONLINE","gender":"FEMALE","ageRange":"-34","experience":"EXPERIENCED"},"question":{"raw":{"text":"본인이 작업한 디자인의 우수성을 알리고자 발표해 본 경험이 있으신가요 있으시다면 경험에 대해서 말씀해 주세요","wordCount":14},"emotion":[],"intent":[]},"answer":{"raw":{"text":"제가 디자인한 것에 대해서 우수성을 알리고자 발표를 한 경험은 사실 없는데 뭔가 비슷한 경험들을 한 번 생각해 보면은 어 제가 어쨌든 제 개인 브랜드를 만들기 위해서 그동안 계속 여러 디자인 회사에서 일을 했었고 그 경험들을 좀 축적시켜서 제가 제 브랜드를 냈었는데 어 아마 그 사례가 좀 저의 어떤 우수성을 알리고자 발표했다 라는 거와 좀 비슷하지 않을까 생각이 듭니다. 그래서 친구 동업하는 친구와 오랜 시간 좀 준비를 했었고 오픈을 딱 했을 때 처음에는 사실 생각보다 어 짜잔하고 반응이 오는 건 아니었었고 지인들이 많이 사주고 이제 홍보를 많이 해줬었는데 그래도 한 일 년을 보내고 나니깐 조금 저의 브랜드가 그래도 자리를 잡아가는 게 느껴지더라구요. 어느 고정적으로 좀 사시는 분들도 생기고 그리고 다양한 플랫폼을 통해서 좀 홍보를 하는 경우도 많이 생기게 됐었고 뭔가 그렇게 포기하지 않고 계속 했었던 경험이 있습니다.","wordCount":126},"emotion":[],"intent":[{"text":"","expression":"","category":"attitude"}],"summary":{"text":"저는 개인 브랜드를 만들기 위해서 여러 디자인 회사에서 일을 했었고 그 경험들을 축적시켜서 제 브랜드를 냈었는데, 아마 그 사례가 제 우수성을 알리고자 발표했다 라는 거와 비슷할 것 같습니다. 브랜드가 자리를 잡아가는 게 느껴지고 고정적으로 사시는 분들도 생기고 다양한 플랫폼을 통해서 홍보를 하는 경우도 많이 생겼습니다.","wordCount":45}}},"rawDataInfo":{"question":{"fileFormat":"wav","fileSize":369998,"duration":11560,"samplingBit":16,"channelCount":1,"samplingRate":"16kHz","audioPath":"/Mock/06.Design/Female/Experienced/ckmk_q_ard_f_e_194785.wav"},"answer":{"fileFormat":"wav","fileSize":2822158,"duration":88190,"samplingBit":16,"channelCount":1,"samplingRate":"16kHz","audioPath":"/Mock/06.Design/Female/Experienced/ckmk_a_ard_f_e_194785.wav"}}}