{"version":"1.0","dataSet":{"info":{"date":"20230116","occupation":"ARD","channel":"MOCK","place":"ONLINE","gender":"FEMALE","ageRange":"-34","experience":"EXPERIENCED"},"question":{"raw":{"text":"만약에 이직을 생각하는 동료를 만나게 된다면 뭐라고 말씀하실 건가요 또한 왜 그렇게 하실 건지도 설명 부탁드립니다","wordCount":16},"emotion":[],"intent":[]},"answer":{"raw":{"text":"어 이직을 생각하는 그 동료가 어떤 상태인지 와 그리고 저 어떤 친분이 있는지 에 따라서 뭐 해줄 수 있는 말들은 달라질 것 같기는 하거든요. 사실 뭐 저랑 그렇게 친분이 없고 동료지만 어 그렇게 제가 해줄 말이 없고 이렇다 고 생각되는 사람이면 뭐 그에 이직의 선택을 그냥 받아들이고 알겠다 고 하고 그렇게 보내줄 것 같은데 만약에 저랑 좀 가까운 동료라면은 저는 어 아무래도 제가 그 전에 많은 직업들을 거쳐왔기 때문에 쫌 물어볼 것 같기는 해요. 이유가 뭔지를 일단 물어볼 것 같고 이 사람이 정말 현명하게 이직 준비를 하고 있는가를 쫌 집요하게 물어볼 것 같기는 하거든요. 아무래도 제가 그 전에 보냈던 시간들이 어 굳이 경험하지 않아 됐었어 라고 생각되는 시간들이 있거든요. 그래서 만약에 제가 아끼는 동료라면은 그런 것들을 고려해서 어 쫌 질문을 던질 것 같고 그리고 저의 경험을 좀 가져와서 조언을 좀 해줄 것 같습니다. 더 나은 선택을 할 수 있게끔 이끌어 줄 수 있을 거라고 생각이 들어서 저는 그런 식으로 말할 것 같고 어쨌든 좋은 조건으로 갈 수 있게 도와줄 것 같애요.","wordCount":161},"emotion":[],"intent":[{"text":"사실 뭐 저랑 그렇게 친분이 없고 동료지만 어 그렇게 제가 해줄 말이 없고 이렇다 고 생각되는 사람이면 뭐 그에 이직의 선택을 그냥 받아들이고 알겠다 고 하고 그렇게 보내줄 것 같은데 만약에 저랑 좀 가까운 동료라면은 저는 어 아무래도 제가 그 전에 많은 직업들을 거쳐왔기 때문에 쫌 물어볼 것 같기는 해요.","expression":"d_sens","category":"attitude"}],"summary":{"text":"이직을 생각하는 그 동료가 어떤 상태와 어떤 친분이 있는지에 따라 해줄 수 있는 말은 달라질 것 같은데, 저와 가까운 동료라면 제가 많은 직업들을 거쳐왔기 때문에 어떤 이유를 물어볼 것 같기는 합니다. 제가 아끼는 동료라면 그런 것들을 고려해서 질문을 던지고 경험을 가져와서 조언을 해 줄 것 같습니다.","wordCount":46}}},"rawDataInfo":{"question":{"fileFormat":"wav","fileSize":615118,"duration":19220,"samplingBit":16,"channelCount":1,"samplingRate":"16kHz","audioPath":"/Mock/06.Design/Female/Experienced/ckmk_q_ard_f_e_194571.wav"},"answer":{"fileFormat":"wav","fileSize":2829518,"duration":88420,"samplingBit":16,"channelCount":1,"samplingRate":"16kHz","audioPath":"/Mock/06.Design/Female/Experienced/ckmk_a_ard_f_e_194571.wav"}}}