{"version":"1.0","dataSet":{"info":{"date":"20230116","occupation":"ARD","channel":"MOCK","place":"ONLINE","gender":"FEMALE","ageRange":"45-54","experience":"EXPERIENCED"},"question":{"raw":{"text":"지원자님은 주로 영감을 어디에서 받는 편인가요","wordCount":6},"emotion":[],"intent":[]},"answer":{"raw":{"text":"일할 때 주로 영감을 받는 분야는 다양합니다. 사람들과의 관계 속에서도 사람들의 그저 스치고 만나는 모습을 보면서도 영감을 얻을 때가 있습니다. 사람과 사람 속에서 얻어지는 영감이 많기 때문에 저는 특별히 말을 하기보다는 주로 듣거나 보는 쪽에서 영감을 얻습니다. 그래서 최근에 영감을 얻은 방법은 영화였습니다. 영화 탑건이라는 걸 보면서 새로운 아이디어로 영감을 받은 예시가 있습니다.","wordCount":53},"emotion":[],"intent":[{"text":"","expression":"","category":"attitude"}],"summary":{"text":"일할 때 영감을 받는 분야는 다양합니다. 사람들과의 관계 속에서도 스치고 만나는 모습을 보면서 영감을 얻을 때가 있습니다. 그래서 최근에 영화 탑건이라는 걸 보면서 새로운 아이디어를 얻었습니다.","wordCount":26}}},"rawDataInfo":{"question":{"fileFormat":"wav","fileSize":204878,"duration":6400,"samplingBit":16,"channelCount":1,"samplingRate":"16kHz","audioPath":"/Mock/06.Design/Female/Experienced/ckmk_q_ard_f_e_264243.wav"},"answer":{"fileFormat":"wav","fileSize":1506638,"duration":47080,"samplingBit":16,"channelCount":1,"samplingRate":"16kHz","audioPath":"/Mock/06.Design/Female/Experienced/ckmk_a_ard_f_e_264243.wav"}}}