{"version":"1.0","dataSet":{"info":{"date":"20230116","occupation":"ARD","channel":"MOCK","place":"ONLINE","gender":"FEMALE","ageRange":"55-","experience":"EXPERIENCED"},"question":{"raw":{"text":"지원자께서 일을 하다 보면 업무량이 과도하게 많아질 수도 있는데요 지원자님께서는 그래도 잘 버틸 자신이 있으신지 말씀해 주시기 바랍니다","wordCount":18},"emotion":[],"intent":[]},"answer":{"raw":{"text":"저는 제 능력을 초과한 과도한 업무를 오랫동안 지속해 온 경험이 있습니다. 첫 직장에서 육 년을 그렇게 근무했었는데 결국에는 과도한 업무 탓에 건강을 해치게 되었습니다. 그래서 결국 퇴사를 하고 이 삼 년 간을 꼬박 회복에만 전념해야 했습니다. 저는 다시는 과도한 업무로 인해 건강을 해치고 싶지 않습니다. 솔직한 말씀으로 버틸 자신도 없지만 버티고 싶지도 않습니다.","wordCount":53},"emotion":[],"intent":[{"text":"","expression":"","category":"attitude"}],"summary":{"text":"저는 과도한 업무로 인해 건강을 해친 경험이 있어서 퇴사 후 이 삼 년 간은 회복에만 전념해야 했습니다. 다시는 과도한 업무 때문에 건강을 해치고 싶지 않습니다.","wordCount":25}}},"rawDataInfo":{"question":{"fileFormat":"wav","fileSize":579278,"duration":18100,"samplingBit":16,"channelCount":1,"samplingRate":"16kHz","audioPath":"/Mock/06.Design/Female/Experienced/ckmk_q_ard_f_e_249037.wav"},"answer":{"fileFormat":"wav","fileSize":1107918,"duration":34620,"samplingBit":16,"channelCount":1,"samplingRate":"16kHz","audioPath":"/Mock/06.Design/Female/Experienced/ckmk_a_ard_f_e_249037.wav"}}}