{"version":"1.0","dataSet":{"info":{"date":"20230116","occupation":"ARD","channel":"MOCK","place":"ONLINE","gender":"FEMALE","ageRange":"-34","experience":"EXPERIENCED"},"question":{"raw":{"text":"지원자분께서는 협업을 진행하면서 가장 어려웠던 점이 있으시다고 한다면 무엇이었는지 그리고 그렇게 협업을 하며 어려운 상황에서도 그런 일들을 어떻게 극복하셨는지 이야기해 주세요","wordCount":21},"emotion":[],"intent":[]},"answer":{"raw":{"text":"사람들과 협업할 때 가장 어려웠던 점은 아무래도 전혀 의견들이 다른 인원들과 함께 그 의견을 하나로 합치고 또 나아가서 그 제 의견과 다른 사람들을 설득하는 과정들이 가장 힘들었었습니다. 저 같은 경우에는 저희 디자인 업무에서는 업무 협업을 하는 다른 동료들과 커뮤니케이션 하는 능력이 가장 중요한 요소 중의 하나라고 생각을 하는데요. 각각의 아이디어들이 다 다르기 때문에 그 내용들을 하나로 취합하고 또 저와 의견이 다른 그런 동료들의 의견을 묵살하는 게 아닌 내가 왜 이렇게 행동을 해야 하는지 왜 이렇게 디자인을 해야 하는지 설득하는 과정들이 업무 협업에서 가장 어려웠었습니다. 그리고 또한 클라이어트와 의견이 다를 때에는 클라이어트에게 내가 시행할 수 있는 지금 방법들이 어떤 부분이 있는지 설명하고 또 계속해서 그 의견들에 맞춰서 어 수정하는 과정들이 조금 어려웠습니다. 그렇지만 이런 업무 협업을 통해서 우리가 더 좋은 성과를 낼 수 있다라고 저는 생각합니다.","wordCount":125},"emotion":[],"intent":[{"text":"","expression":"","category":"attitude"}],"summary":{"text":"디자인 업무에서 다른 사람들과 협업할 때 가장 어려웠던 점은 의견들이 다른 인원들과 함께 그 의견을 하나로 합치고 또 그 제 의견과 다른 사람들을 설득하는 과정들이 가장 힘들었습니다. 그렇지만 이런 업무 협업을 통해서 우리가 더 좋은 성과를 낼 수 있다고 저는 생각합니다.","wordCount":41}}},"rawDataInfo":{"question":{"fileFormat":"wav","fileSize":566478,"duration":17700,"samplingBit":16,"channelCount":1,"samplingRate":"16kHz","audioPath":"/Mock/06.Design/Female/Experienced/ckmk_q_ard_f_e_178538.wav"},"answer":{"fileFormat":"wav","fileSize":2815438,"duration":87980,"samplingBit":16,"channelCount":1,"samplingRate":"16kHz","audioPath":"/Mock/06.Design/Female/Experienced/ckmk_a_ard_f_e_178538.wav"}}}