{"version":"1.0","dataSet":{"info":{"date":"20230116","occupation":"ARD","channel":"MOCK","place":"ONLINE","gender":"FEMALE","ageRange":"-34","experience":"EXPERIENCED"},"question":{"raw":{"text":"면접자께서는 지금부터 삼 년 뒤까지 삼 년 내 주요 성장 계획이나 목표가 있으십니까 있으시다면 무엇인지 설명 부탁드리겠습니다","wordCount":17},"emotion":[],"intent":[]},"answer":{"raw":{"text":"네 저는 디자이너로서 삼 년 안에 저만의 브랜드를 만드는 게 목표입니다. 어 아직까지 저는 디자이너로서 서포트한 업무를 많이 진행을 했습니다. 그래서 주요 디자이너의 업무를 제가 도와드리고 그리고 그거 관련해서 어떤 파트에 제가 일을 하는 경우가 많았는데요. 어 저는 앞으로 삼 년 안에 제가 주도하에 메인 디자이너로서 성공하는 게 저의 목표입니다. 어 아무래도 저만의 색깔 저만의 아이디어를 통해서 디자이너를 구축을 하고 싶고요. 그리고 또 제가 메인으로서 참여를 해서 어 브랜드를 좀 만드는 게 저의 목표입니다. 그러기 위해서 삼 년 동안 또 많은 연습과 준비를 해야 할 텐데요. 일단은 회사 입사해서 삼 년 동안 경력을 쌓으면서 어 계속해서 제 실력을 다져 나가고자 하는 목표가 있고요. 그리고 그 안에서는 트렌드를 파악하고 또 저만의 색깔을 구축함으로써 뭔가 그거를 확실하게 다질 수 있는 입지를 다질 수 있는 그런 계획을 가지고 있습니다. 앞으로 삼 년 동안 제가 최선을 다해서 일을 하고 또 디자인을 한다고 하면 저는 충분히 가능하다고 보고요. 저의 성장 가능성을 믿고 그리고 입사를 할 수 있었으면 좋겠습니다.","wordCount":153},"emotion":[],"intent":[{"text":"네 저는 디자이너로서 삼 년 안에 저만의 브랜드를 만드는 게   목표입니다.","expression":"c_chl","category":"personality"},{"text":"어 저는 앞으로 삼 년 안에   제가 주도하에 메인 디자이너로서 성공하는 게 저의 목표입니다.","expression":"c_chl","category":"personality"},{"text":"그리고 또 제가 메인으로서 참여를 해서 어 브랜드를 좀 만드는   게 저의 목표입니다.","expression":"c_chl","category":"personality"}],"summary":{"text":"저는 디자이너로서 삼 년 안에 저만의 브랜드를 만드는 게 목표입니다. 앞으로 3년 안에 제가 주도하에 메인 디자이너로서 성공하는 게 목표이고, 이것을 위해서 많은 연습과 준비를 해야 할 텐데요. 일단 회사 입사해서 삼 년간 경력을 쌓으면서 실력을 다져 나가고, 트렌드를 파악하고 또 제만의 색깔을 구축함으로써 입지를 다질 수 있는 계획을 가지고 있습니다.","wordCount":51}}},"rawDataInfo":{"question":{"fileFormat":"wav","fileSize":470158,"duration":14690,"samplingBit":16,"channelCount":1,"samplingRate":"16kHz","audioPath":"/Mock/06.Design/Female/Experienced/ckmk_q_ard_f_e_120613.wav"},"answer":{"fileFormat":"wav","fileSize":2752718,"duration":86020,"samplingBit":16,"channelCount":1,"samplingRate":"16kHz","audioPath":"/Mock/06.Design/Female/Experienced/ckmk_a_ard_f_e_120613.wav"}}}