{"version":"1.0","dataSet":{"info":{"date":"20230116","occupation":"ARD","channel":"MOCK","place":"ONLINE","gender":"FEMALE","ageRange":"-34","experience":"EXPERIENCED"},"question":{"raw":{"text":"귀하는 디자인 담당자로서 유엑스 디자인이 무엇이라고 생각하는지 본인의 생각을 말씀해 주세요","wordCount":11},"emotion":[],"intent":[]},"answer":{"raw":{"text":"어 제가 이해하고 있는 유엑스 디자인은 그 소비자 사용자들이 사용자들에게 어 최대한 맞춰주는 합리적으로 맞춰줄 수 있는 디자인을 유엑스 디자인이라고 알고 있습니다. 그래서 어떤 그 사용자들이 요구하는 것을 많이 벗어난 형태를 어 그러니까 그 요구를 벗어나지 않는 디자인이라고 생각을 하고 있어요 그게 유엑스 디자인이라고 알고 있고 좋은 유엑스 디자인이라고 만약에 본다면 저는 어 문고리 그 방문고리가 이제 저희가 예전에 이제 동그랗게 있는 거 말고 일 자 막대처럼 생긴 것들이 많아졌잖아요. 그런데 그게 뭐든 어 사람들이 그 편하게 열 수 있어야 하기 때문에 그 디자인이 됐다고 알고 있거든요. 그래서 팔을 손을 쓰지 못하는 사람들도 팔꿈치로 밀면서 열 수 있게끔 저는 지금 당장 생각나는 게 약간그런 게 아닐까 생각이 듭니다.","wordCount":108},"emotion":[],"intent":[{"text":"","expression":"","category":"attitude"}],"summary":{"text":"유엑스 디자인은 사용자들이 사용자들에게 최대한 맞춰줄 수 있는 디자인으로, 사용자들이 요구하는 것을 많이 벗어나지 않는 디자인이라고 생각합니다. 만약 좋은 유엑스 디자인이라고 한다면 사람들이 편하게 열 수 있어야 하기 때문에 그렇게 디자인 되었다고 생각합니다.","wordCount":33}}},"rawDataInfo":{"question":{"fileFormat":"wav","fileSize":393038,"duration":12280,"samplingBit":16,"channelCount":1,"samplingRate":"16kHz","audioPath":"/Mock/06.Design/Female/Experienced/ckmk_q_ard_f_e_182778.wav"},"answer":{"fileFormat":"wav","fileSize":2857038,"duration":89280,"samplingBit":16,"channelCount":1,"samplingRate":"16kHz","audioPath":"/Mock/06.Design/Female/Experienced/ckmk_a_ard_f_e_182778.wav"}}}