{"version":"1.0","dataSet":{"info":{"date":"20230116","occupation":"ARD","channel":"MOCK","place":"ONLINE","gender":"FEMALE","ageRange":"35-44","experience":"EXPERIENCED"},"question":{"raw":{"text":"다른 사람들이 생각하거나 얘기하는 지원자님의 장단점은 무엇인가요 또한 그 사람들이 그렇게 얘기하는 이유도 함께 말씀해 주세요","wordCount":16},"emotion":[],"intent":[]},"answer":{"raw":{"text":"이거 아까도 동일하게 주셨던 질문인데 방금 전에 네 그래서 제가 저의 장점은 굉장히 부지런하게 활동하는 점이라고 말씀을 드렸고 저의 단점은 좀 의식의 흐름대로 말하는 습관이라고 말을 했었습니다. 그래서 이유도 같이 말씀을 드렸는데 혹시 또 말씀을 드릴까요. 어 그러니까 제가 사람들이 주변에서 어 제가 좀 마른 편인데 그렇게 활동적인 것 때문에 살이 찔 틈이 없다 라고 말을 해줬었거든요. 그래서 아무래도 저의 그 살아가는 데 원동력이 그런 활동성이었던 것 같고 그러다 보니까 쉬지 않고 뭔가를 계속하는 습관이 있으니까 대화를 할 때도 제가 자꾸 의식의 흐름대로 뭔가 계속 말을 해야 된다는 압박감을 느끼나 봐요. 그래서 이 주제로 얘기를 하고 있다가 머릿속에 그게 딱 다른 게 생각나니까 그걸 빨리 말해야 되고 그래서 흐름이 끊어지고 원래 지금 자리에서 나오던 얘기에 흐름이 끊기게 되고 그런 경우들이 많아서 되게 친구들한테 핀잔을 많이 이렇게 받았다 라는 거를 방금 말씀을 드렸었습니다.","wordCount":132},"emotion":[],"intent":[{"text":"이거 아까도 동일하게 주셨던 질문인데 방금 전에 네 그래서 제가 저의 장점은 굉장히 부지런하게 활동하는 점이라고 말씀을 드렸고 저의 단점은 좀 의식의 흐름대로 말하는 습관이라고 말을 했었습니다.","expression":"c_person","category":"background"}],"summary":{"text":"부지런하지만, 의식의 흐름대로 말하는 습관이 있습니다. 마른 편인데 활동적인 것 때문에 살 찔 틈이 없습니다. 대화 할 때도 계속 말을 해야 한다는 압박감이 느껴집니다. 그래서 계속 이야기를 해 보다가 흐름이 끊어지는 경우가 많습니다.","wordCount":33}}},"rawDataInfo":{"question":{"fileFormat":"wav","fileSize":594638,"duration":18580,"samplingBit":16,"channelCount":1,"samplingRate":"16kHz","audioPath":"/Mock/06.Design/Female/Experienced/ckmk_q_ard_f_e_195092.wav"},"answer":{"fileFormat":"wav","fileSize":2546318,"duration":79570,"samplingBit":16,"channelCount":1,"samplingRate":"16kHz","audioPath":"/Mock/06.Design/Female/Experienced/ckmk_a_ard_f_e_195092.wav"}}}