{"version":"1.0","dataSet":{"info":{"date":"20230116","occupation":"SM","channel":"MOCK","place":"ONLINE","gender":"MALE","ageRange":"35-44","experience":"EXPERIENCED"},"question":{"raw":{"text":"입사 후에 쉬운 일이나 어려운 일이 생겼을 때 이 일에 대해서 분배를 어떻게 하실 겁니까 어떻게 나누어서 처리할 생각이신지 궁금합니다","wordCount":20},"emotion":[],"intent":[]},"answer":{"raw":{"text":"쉬운 일과 어려운 일이 있을 때 당연히 무조건 쉬운 일부터 끝내야 된다고 생각합니다. 두 가지 과업이 주어지면 우리의 뇌는 이게 쉽든 어렵든 간에 뇌에서 부담을 느끼게 됩니다. 그런데 어려운 일부터 만약에 하게 되면 어려운 일을 끝내지도 못하고 쉬운 일에 대한 부담까지 생겨서 두 가지의 부담으로 인하여 어려운 일 또한 진도가 안 나가게 됩니다. 하지만 쉬운 일을 먼저 해 나가 버리면 우리의 뇌는 오십 퍼센트의 부담만을 느끼기 때문에 그 오십 퍼센트에서 일 퍼센트씩 어려운 일을 조금씩 해 나가면서 결국은 시간이 지났을 땐 어려운 일에 거의 한 구십 구 퍼센트 정도가 해결이 되게 됩니다. 그래서 저는 무조건 쉬운 일은 빨리 끝내고 어려운 일을 어떻게 해결할 것인가에 대한 계획을 세웁니다. 특히 동료 상사 또는 매니저 또는 다른 회사에 이런 비슷한 일을 하고 있는 사람들에게 모든 데이터를 얻거나 이것에 대한 질문을 합니다. 그러면 한 사람의 머리보단 여러 사람의 뇌가 훨씬 더 활성화되어 있고 많은 정보를 갖고 있기 때문에 여기저기서 데이터를 모으고 지식을 모으다 보면 어려운 일도 어느 순간 해결에 기미가 보이기 시작합니다. 그런데 만약 어려운 일도 때문에 쉬운 일까지 하지 못하면 그때는 두 개의 과업 때문에 결국은 스트레스를 받게 될 것입니다.","wordCount":177},"emotion":[],"intent":[{"text":"","expression":"","category":"attitude"}],"summary":{"text":"어려운 일과 쉬운 일이 있을 때 무조건 쉬운 일부터 끝내야 한다고 생각합니다. 어려운 일에서 먼저 해 나가 버리면 뇌는 오십 퍼센트의 부담만을 느끼기 때문에 조금씩 해 나가면서 시간이 지났을 땐 어려운 일에 거의 구십 구 퍼센트 정도가 해결이 됩니다. 그래서 저는 무조건 쉬운 일은 빨리 끝내고 어려운 일을 어떻게 해결할 것인가에 대한 계획을 세웁니다.","wordCount":54}}},"rawDataInfo":{"question":{"fileFormat":"wav","fileSize":618638,"duration":19330,"samplingBit":16,"channelCount":1,"samplingRate":"16kHz","audioPath":"/Mock/02.SalesMarketing/Male/Experienced/ckmk_q_sm_m_e_178713.wav"},"answer":{"fileFormat":"wav","fileSize":2761678,"duration":86300,"samplingBit":16,"channelCount":1,"samplingRate":"16kHz","audioPath":"/Mock/02.SalesMarketing/Male/Experienced/ckmk_a_sm_m_e_178713.wav"}}}