{"version":"1.0","dataSet":{"info":{"date":"20230116","occupation":"SM","channel":"MOCK","place":"ONLINE","gender":"MALE","ageRange":"35-44","experience":"EXPERIENCED"},"question":{"raw":{"text":"지원자님께서는 본인이 교번 근무에 잘 적응할 수 있다고 생각하시나요 그렇다면 그 근거도 함께 말씀해 주시겠어요","wordCount":15},"emotion":[],"intent":[]},"answer":{"raw":{"text":"저의 몸은 실제적으로 교번 근무에 아주 잘 적응할 수 있는 체질은 아닙니다. 하지만 저에게 교번 근무가 주어진다면 교번 근무를 하기 위한 체력 관리나 자기 관리는 철저하게 할 자신이 있습니다. 왜냐하면 저는 원래 일찍 자고 일찍 일어나는 생계형 새벽형 인간입니다. 그래서 아침 일찍 일어나면 주간 근무하는 데 전혀 문제가 없습니다. 그런데 야간 근무 때가 문젠데요. 야간 근무를 해서 아침에 퇴근하게 되면 저는 블라인드 및 모든 환경을 깜깜하게 만들어 놓고 저의 몸 및 뇌가 밤이라고 생각하고 자게끔 만들고 충분한 휴식을 통해서 야간 근무에 적응할 수 있도록 육 개월 동안이나 일 년 동안 지속적으로 자기 관리를 할 생각입니다. 실제적으로 우리의 뇌에 있는 송과체는 뇌에 시계라고 불리는데요. 그 시계를 속이면 교번 근무를 몇 년 동안은 문제 없이 할 수 있다고 합니다. 하지만 교번 근무를 하게 되면 몸에 무리가 가는 게 사실이기 때문에 회사에서 적정한 지원이나 보상을 해 줬으면 좋겠습니다.","wordCount":135},"emotion":[{"text":"실제적으로 우리의 뇌에 있는 송과체는 뇌에 시계라고 불리는데요.","expression":"u-fact","category":"neutral"}],"intent":[{"text":"","expression":"","category":"attitude"}],"summary":{"text":"저는 생계형 새벽형 인간으로 교번 근무를 하기 위한 체력관리나 자기관리는 철저히 할 자신있습니다. 그런데 야간 근무 때가 문제인데, 블라인드 및 모든 환경을 깜깜하게 만들고 충분한 휴식을 통해서 야간 근무에 적응할 수 있도록 지속적으로 자기 관리를 할 계획입니다. 교번 근무는 몸에 무리가 가기 때문에 회사에서 적정한 지원이나 보상을 해 줘야 합니다.","wordCount":50}}},"rawDataInfo":{"question":{"fileFormat":"wav","fileSize":394318,"duration":12320,"samplingBit":16,"channelCount":1,"samplingRate":"16kHz","audioPath":"/Mock/02.SalesMarketing/Male/Experienced/ckmk_q_sm_m_e_184579.wav"},"answer":{"fileFormat":"wav","fileSize":2131918,"duration":66620,"samplingBit":16,"channelCount":1,"samplingRate":"16kHz","audioPath":"/Mock/02.SalesMarketing/Male/Experienced/ckmk_a_sm_m_e_184579.wav"}}}