{"version":"1.0","dataSet":{"info":{"date":"20230116","occupation":"SM","channel":"MOCK","place":"ONLINE","gender":"MALE","ageRange":"35-44","experience":"EXPERIENCED"},"question":{"raw":{"text":"귀하께서는 해외 영업부에 지원을 해주셨고 해외 영업에 대한 포부를 밝혀주셨는데 해외 영업으로써에 목표가 있으면 그 목표에 대해서 말씀해 주세요","wordCount":19},"emotion":[],"intent":[]},"answer":{"raw":{"text":"해외 영업은 해외에 있는 바이어 또는 대리점을 구축하고 그들에게 물건을 많이 판매할 것을 전략을 세워주는 일입니다. 특히나 저는 해외 쪽 관련된 일을 많이 했고 해외 영업을 하기 위한 대리점 관리를 오래 했습니다. 특히나 각 나라의 대리점 또는 딜러 디스 트리뷰터라고 하는 사람들이 어떤 판매 포인트에 제품을 판매할 수 있을지 또는 그 나라에 고객들이 어떤 성향을 갖고 있는지 있는지 또는 그 나라에는 필요한 판매에 전략적인 가격이 있는지를 파악하는 것을 잘하고 있습니다. 예를 들어 아프리카 같은 경우 대한민국이나 또는 일본에서 팔던 가격으로는 절대 팔 수 없습니다. 특히 동남아 같은 필리핀이나 베트남 같은 경운 물가나 워낙 경쟁이 치열하기 때문에 다량의 제품을 적은 마진으로 판매할 수 있는 전략을 세워야 되고 그들에게는 신뢰를 많이 줘야 됩니다. 그들은 의심도 많고 개발 도상국이기 때문에 기술 지원을 완벽하게 해주지 않으면 해외 영업을 할 때 판매를 하기가 아주 어렵다는 것을 잘 알고 있어서 저는 그런 전략을 많이 세워 놨습니다.","wordCount":140},"emotion":[],"intent":[{"text":"","expression":"","category":"attitude"}],"summary":{"text":"해외 영업은 해외에 있는 바이어 또는 대리점을 구축하고 그들에게 물건을 많이 판매할 것을 전략을 세워주는 일입니다. 저는 해외 쪽 관련된 일을 많이 했고 해외 영업을 하기 위한 대리점 관리를 오래 했습니다. 그들은 의심도 많고 개발 도상국이기 때문에 기술 지원을 완벽하게 해주지 않으면 해외 영업을 할 때 판매를 하기가 아주 어렵다는 것을 잘 알고 있어서 그런 전략을 많이 세워 뒀습니다.","wordCount":59}}},"rawDataInfo":{"question":{"fileFormat":"wav","fileSize":461198,"duration":14410,"samplingBit":16,"channelCount":1,"samplingRate":"16kHz","audioPath":"/Mock/02.SalesMarketing/Male/Experienced/ckmk_q_sm_m_e_197619.wav"},"answer":{"fileFormat":"wav","fileSize":2299278,"duration":71850,"samplingBit":16,"channelCount":1,"samplingRate":"16kHz","audioPath":"/Mock/02.SalesMarketing/Male/Experienced/ckmk_a_sm_m_e_197619.wav"}}}