{"version":"1.0","dataSet":{"info":{"date":"20230116","occupation":"SM","channel":"MOCK","place":"ONLINE","gender":"MALE","ageRange":"35-44","experience":"EXPERIENCED"},"question":{"raw":{"text":"만약 이직을 생각하는 동료가 있습니다 그렇게 된다면 뭐라고 말씀하시겠습니까 왜 그렇게 말씀하실지도 한 번 설명을 해 주세요","wordCount":17},"emotion":[],"intent":[]},"answer":{"raw":{"text":"이직을 하는 데는 몇 가지 이유가 있습니다. 그 중 첫 번째는 연봉 또는 진급입니다. 두 번째는 비전입니다. 그렇다면 연봉 및 진급은 제가 해결해 줄 수 없지만 비전에 대해서는 제가 도움을 줄 수 있습니다. 특히나 직장 동료 때문에 퇴사하는 사람들에 대해서는 제가 중재를 하거나 좋은 부서로 옮겨줄 수 있다고 대신 보고를 해줄 수 있습니다. 실제적으로 사람에 팔십 퍼센트 이상이 직장 동료 및 직장 상사 자기하고 맞지 않는 부서원들 때문에 퇴사를 하게 되는 경우가 많습니다. 이것은 서로에게 공감대가 없거나 타협점을 못 찾았거나 아니면 서로 성향이 너무 다른 사람들이기 때문에 서로 성향이 너무 다른 사람들은 절대 맞출 수가 없으니 팀을 바꾸거나 보직을 전환하는 게 가장 좋고 타협점을 못 찾은 사람은 제가 중재를 해서 왜 타협점을 못 찾았는지 어떤 부분이 문제였는지 둘이 어떻게 해결할 수 있는지에 대한 자료를 마련하고 그렇게 해서 직장을 더 다니게 하거나 아니면 이직을 하더라도 그런 사람을 피하라고 조언을 해주고 싶습니다.","wordCount":140},"emotion":[],"intent":[{"text":"","expression":"","category":"attitude"}],"summary":{"text":"이직을 하는 이유는 연봉 또는 진급과 비전 때문입니다. 연봉 및 진급은 제가 해결해 줄 수 없지만 비전에 대해서는 도움을 줄 수 있습니다. 특히 직장 동료 때문에 퇴사하는 사람들에 대해서는 중재를 하거나 좋은 부서로 옮겨줄 수 있다고 대신 보고를 해줄 수 있으니 팀을 바꾸거나 보직을 전환하는 게 좋습니다.","wordCount":47}}},"rawDataInfo":{"question":{"fileFormat":"wav","fileSize":454798,"duration":14210,"samplingBit":16,"channelCount":1,"samplingRate":"16kHz","audioPath":"/Mock/02.SalesMarketing/Male/Experienced/ckmk_q_sm_m_e_177289.wav"},"answer":{"fileFormat":"wav","fileSize":2354638,"duration":73580,"samplingBit":16,"channelCount":1,"samplingRate":"16kHz","audioPath":"/Mock/02.SalesMarketing/Male/Experienced/ckmk_a_sm_m_e_177289.wav"}}}