{"version":"1.0","dataSet":{"info":{"date":"20230116","occupation":"SM","channel":"MOCK","place":"ONLINE","gender":"MALE","ageRange":"-34","experience":"EXPERIENCED"},"question":{"raw":{"text":"최근 우리나라는 급격히 고령화 사회로 가고 있습니다 이 가운데 치매로 인한 문제가 많이 대두되고 있는데요 이에 대해서 건강 보험 공단이 하는 일과 개선할 방안에 대해서 말씀해 주시기 바랍니다","wordCount":28},"emotion":[],"intent":[]},"answer":{"raw":{"text":"최근 고령화 사회가 되면서 치매 환자가 급격하게 늘어나고 있습니다. 이에 따라서 건강보험 공단에서도 기존에 하던 일 외에 해야 할 일들이 늘어나고 있습니다. 기존의 건강보험 공단에서 치매 환자들을 위해서 금전적으로 많은 지원이 있었던 걸로 알고 있습니다. 하지만 금전적인 지원보다는 더 많은 지원이 이루어져야 된다고 생각합니다. 특히 치매 환자들을 관리할 수 있는 관리사들을 더 고용하고 더 지원해 줘야 된다고 생각합니다. 이를 위해서는 건강보험공단 외에도 각 지자체들이 같이 힘을 모아야 관리사들을 채용하고 관리할 수 있다고 생각합니다.","wordCount":73},"emotion":[],"intent":[{"text":"","expression":"","category":"attitude"}],"summary":{"text":"치매 환자들을 관리하기 위한 관리사들을 더 고용하고 더 지원해 줘야 한다고 생각합니다. 이를 위해서는 건강보험공단 외에도 각 지자체들이 같이 힘을 모아야 관리사들은 채용하고 관리할 수 있다고 생각한다","wordCount":27}}},"rawDataInfo":{"question":{"fileFormat":"wav","fileSize":605518,"duration":18920,"samplingBit":16,"channelCount":1,"samplingRate":"16kHz","audioPath":"/Mock/02.SalesMarketing/Male/Experienced/ckmk_q_sm_m_e_240059.wav"},"answer":{"fileFormat":"wav","fileSize":2211918,"duration":69120,"samplingBit":16,"channelCount":1,"samplingRate":"16kHz","audioPath":"/Mock/02.SalesMarketing/Male/Experienced/ckmk_a_sm_m_e_240059.wav"}}}