{"version":"1.0","dataSet":{"info":{"date":"20230116","occupation":"SM","channel":"MOCK","place":"ONLINE","gender":"MALE","ageRange":"35-44","experience":"EXPERIENCED"},"question":{"raw":{"text":"우리 회사에 지원을 하실 때 지원자님이 맡고 싶었던 직무가 있으셨을 겁니다 만약 지원자님이 하고 싶은 직무 말고 다른 직무를 맡게 되신다면 어떻게 하시겠습니까 그래도 괜찮으시겠습니까","wordCount":25},"emotion":[],"intent":[]},"answer":{"raw":{"text":"일단은 다른 업무를 맡는다고 하더라도 육 개월에서 일 년 정도는 최선을 다 해 볼 생각입니다. 왜냐하면 저는 해당 업무를 하고 싶어서 온 것은 아니지만 그래도 이 회사가 좋아서 왔기 때문에 다른 업무를 통해서 회사의 시스템이나 회사의 업무에 대한 적응을 먼저 하겠습니다. 기본적으로 어떤 회사를 가나 삼 개월 동안은 프로베이션이라고 하는 임시 보직 기간 있습니다. 즉 다시 말하면 삼 개월은 회사에 적응하는 시간이지 업무를 완벽하게 익히는 시간이 아니기 때문에 최소 육 개월에서 일 년 정도를 해보면 제가 이 업무에 적성이 맞는지 아니면 원래 하고 싶어 했던 직무로 돌아가는 게 맞는지에 대한 판단은 일 년 후에 하는 것이 맞다고 봅니다. 그리고 제가 원하는 일은 아니지만 이 업무를 통해서 제 스스로 성장을 하거나 또는 제가 알고 있는 지식의 업무의 틀을 넓힐 수도 있기 때문에 이 업무에 적응을 한 다음에 일 년 정도 후에 어느 정도 성과가 난다는 것을 확인하고 매니저 및 팀장 또는 본부장에게 요청을 하겠습니다. 본부장님 저는 원래 제가 하고 싶어 했던 직무와 다른 업무를 맡았습니다. 하지만 일 년 동안 저는 이 업무에 적응을 했고 여기서 고 성과를 냈습니다. 그러면 이 능력을 가지고 제가 원래 하려고 하던 업무에 배치를 한다면 저는 조금 더 잘 할 것 같습니다. 부서 이전을 요청 드립니다. 이렇게 할 것입니다.","wordCount":192},"emotion":[],"intent":[{"text":"","expression":"","category":"attitude"}],"summary":{"text":"저는 원래 하고 싶어 했던 직무와 다른 업무를 맡았습니다. 하지만 일 년 동안 이 업무에 적응했고 여기서 성과를 냈기 때문에 이 능력을 가지고 원래 하려고 하던 업무에 배치를 한다면 저는 조금 더 잘 할 것 같으니 부서 이전을 요청 드립니다 라고 할 것입니다.","wordCount":43}}},"rawDataInfo":{"question":{"fileFormat":"wav","fileSize":635278,"duration":19850,"samplingBit":16,"channelCount":1,"samplingRate":"16kHz","audioPath":"/Mock/02.SalesMarketing/Male/Experienced/ckmk_q_sm_m_e_178720.wav"},"answer":{"fileFormat":"wav","fileSize":2810318,"duration":87820,"samplingBit":16,"channelCount":1,"samplingRate":"16kHz","audioPath":"/Mock/02.SalesMarketing/Male/Experienced/ckmk_a_sm_m_e_178720.wav"}}}