{"version":"1.0","dataSet":{"info":{"date":"20230116","occupation":"SM","channel":"MOCK","place":"ONLINE","gender":"MALE","ageRange":"35-44","experience":"EXPERIENCED"},"question":{"raw":{"text":"소통 능력을 키우기 위해서 어떠한 노력을 할 수 있을까요 지원자님께서 소통 능력을 키우기 위한 방법들을 자세하게 이야기해 주시겠습니까","wordCount":18},"emotion":[],"intent":[]},"answer":{"raw":{"text":"소통 능력은 다른 사람과의 공감대를 형성하는 것이라고 배웠습니다. 특히 심리학에서는 이거를 라포를 형성한다고 하는데요. 라포를 형성하기 위한 가장 중요한 조건은 많은 지식이나 경험이 있거나 또는 공감대를 만들 수 있는 주제에 대해서 많이 알고 있어야 됩니다. 그러기 위해서는 책을 많이 읽거나 많은 매체를 통해서 정보를 많이 습득해야 합니다. 상대방들은 누군가가 먼저 다가올 때 거부감을 느끼는 사람이 있는데 그런 사람과 소통할 때 가장 중요한 것은 그 상대방이 좋아하는 관심사 또는 주제에 대해서 먼저 이야기를 꺼내는 것입니다. 예를 들어서 테니스를 좋아하는 사람이 있다면 그 사람과 테니스에 대한 기본 원리 테니스 선수 중 누구를 좋아하는지 최근에 있었던 테니스 주요 경기에 대한 내용에 대해서 같이 이야기를 하다 보면 그 사람은 자신도 모르게 테니스 관련된 이야기를 하면서 저와 가까워지는 것을 느끼게 될 것입니다. 그때 그 사람이 해주는 얘기를 잘 듣는 것 굿 리스너가 되는 것도 또 하나의 소통 능력입니다. 그러기 위해서 저는 그 사람이 테니스에 대한 얘기를 할 때마다 강력하게 리액션을 해주거나 박수를 친다거나 크게 웃거나 추임새를 넣어주는 것도 하나의 소통 능력입니다. 그렇게 해서 최소 세 번 이상을 마주하게 되면 사람은 친근감을 느끼고 자연스럽게 소통을 하게 됩니다.","wordCount":171},"emotion":[],"intent":[{"text":"상대방들은 누군가가 먼저 다가올 때 거부감을 느끼는 사람이 있는데   그런 사람과 소통할 때 가장 중요한 것은 그 상대방이 좋아하는 관심사 또는 주제에 대해서 먼저 이야기를 꺼내는 것입니다.","expression":"s_intp","category":"attitude"},{"text":"그때 그 사람이 해주는 얘기를 잘 듣는 것 굿 리스너가 되는 것도 또 하나의 소통 능력입니다.","expression":"s_intp","category":"attitude"},{"text":"그러기 위해서 저는 그 사람이 테니스에 대한 얘기를 할 때마다 강력하게 리액션을 해주거나   박수를 친다거나 크게 웃거나 추임새를 넣어주는 것도 하나의 소통 능력입니다.","expression":"s_intp","category":"attitude"}],"summary":{"text":"소통 능력은 타인과의 공감대를 형성하는 것이라고 배웠는데, 이를 형성하기 위한 가장 중요한 조건은 많은 지식이나 경험이 있거나 또는 공감대를 만들 수 있는 주제에 대해 많이 알고 있어야 됩니다. 그러기 위해서는 책을 많이 읽거나 많은 매체를 통해서 정보를 많이 습득해야 합니다.","wordCount":40}}},"rawDataInfo":{"question":{"fileFormat":"wav","fileSize":544078,"duration":17000,"samplingBit":16,"channelCount":1,"samplingRate":"16kHz","audioPath":"/Mock/02.SalesMarketing/Male/Experienced/ckmk_q_sm_m_e_164944.wav"},"answer":{"fileFormat":"wav","fileSize":2757838,"duration":86180,"samplingBit":16,"channelCount":1,"samplingRate":"16kHz","audioPath":"/Mock/02.SalesMarketing/Male/Experienced/ckmk_a_sm_m_e_164944.wav"}}}