{"version":"1.0","dataSet":{"info":{"date":"20230116","occupation":"SM","channel":"MOCK","place":"ONLINE","gender":"MALE","ageRange":"-34","experience":"EXPERIENCED"},"question":{"raw":{"text":"지원자님이 그동안 삶을 살아오면서 가장 힘들었던 점이 무엇이고 그 부분을 극복하기 위해서 어떤 노력을 하셨는지 궁금합니다","wordCount":16},"emotion":[],"intent":[]},"answer":{"raw":{"text":"제가 살면서 가장 힘들었던 점은 재활치료를 받을 때였던 것 같습니다. 제가 작년에 교통사고를 크게 나서 약 삼 개월 정도 병원에서 입원을 했던 적이 있었습니다. 이때 제가 재활치료를 계속 받았었는데 교통사고가 크게 나다 보니 몸이 제 마음대로 움직이질 않아서 많이 답답했던 것 같습니다. 몸을 제 마음대로 다시 사용하기 위해서는 나름대로 몇 가지의 노력이 필요했는데 그중에 한 가지가 재활치료를 열심히 하는 것이었습니다. 처음에는 너무 고통스럽고 몸이 마음대로 따라주지 않아서 힘들었는데 일주일 한 달이 지날수록 재활 치료가 잘 되는 것을 보고 힘이 나서 잘 치료를 받았던 것 같습니다. 그래서 현재는 이상 없이 일상생활을 하고 있습니다.","wordCount":92},"emotion":[{"text":"제가 작년에 교통사고를 크게 나서 약 삼 개월 정도 병원에서 입원을 했던 적이 있었습니다.","expression":"u-fact","category":"neutral"},{"text":"이때 제가 재활치료를 계속 받았었는데 교통사고가 크게 나다 보니 몸이 제 마음대로 움직이질 않아서 많이 답답했던 것 같습니다.","expression":"n-distress","category":"negative"}],"intent":[{"text":"","expression":"","category":"attitude"}],"summary":{"text":"교통사고가 크게 나서 재활치료를 받을 때 몸이 제 마음대로 움직이지 않아 답답했습니다. 몸을 제 마음대로 사용하기 위해서는 몇 가지의 노력이 필요했는데 그 중 재활치료를 열심히 하는 것이 가장 힘들었습니다. 지금은 이상 없이 일상생활을 하고 있습니다.","wordCount":35}}},"rawDataInfo":{"question":{"fileFormat":"wav","fileSize":345038,"duration":10780,"samplingBit":16,"channelCount":1,"samplingRate":"16kHz","audioPath":"/Mock/02.SalesMarketing/Male/Experienced/ckmk_q_sm_m_e_211857.wav"},"answer":{"fileFormat":"wav","fileSize":2488398,"duration":77760,"samplingBit":16,"channelCount":1,"samplingRate":"16kHz","audioPath":"/Mock/02.SalesMarketing/Male/Experienced/ckmk_a_sm_m_e_211857.wav"}}}