{"version":"1.0","dataSet":{"info":{"date":"20230116","occupation":"SM","channel":"MOCK","place":"ONLINE","gender":"MALE","ageRange":"55-","experience":"EXPERIENCED"},"question":{"raw":{"text":"지원자님께서 이 직무에 지원한 이유가 무엇인지 말씀해 주시고 본인이 이 업무에 왜 적합한 인재인지도 설명 부탁드리겠습니다","wordCount":16},"emotion":[],"intent":[]},"answer":{"raw":{"text":"이 직무에 지원한 이유가 무엇인지 설명해 주시고 본인이 왜 적합한 인재인지도 설명해 주세요. 아 예 제가 아 영업 판매 쪽에 지원하게 된 거는 삼십 년 간의 영업에 노하우라 또한 그 일을 계속해 왔기 때문에 가장 아 쉬운 일입니다. 그렇기 때문에 이 일에 아 지원을 하게 됐고 또한 회사에 운영 방침과 또한 여러 가지 어 회사의 그러한 네임 밸류 여러 가지가 아 좋았기 때문에 지원하게 됐습니다. 아 또한 적합한 인재인 것은 제가 이 분야에 또한 적합하다고 생각을 합니다. 왜냐하면은 제가 기술과 개발을 통하여서 기술 영업과 또한 그 영업적인 부분 판매적인 부분 계획적인 부분 아 마케팅적인 부분 이런 부분에서 주로 섭취를 했습니다. 삼십 년 간의 그러한 노하우가 거기에 숨어 있다고 생각을 합니다. 어떻게 보면 다른 일보다도 가장 쉬운 일이기 때문에 아 이 일을 지원하게 됐습니다. 또한 주어진 맡겨진 일에서 제가 그 중간에서의 일보다는 아 리더로서의 역할을 맡겨 주신다면 더욱더 회사에 도움이 될 것이라고 생각을 합니다. 또한 아 리더의 역량은 아 팀원들을 잘 관리하는 것도 중요하지만은 리더 한 사람이 또한 아 영업 매출액을 책임질 수 있는 그런 부분도 있어야 된다고 생각합니다. 그런 부분에서 어 일을 맡겨 주신다면 또한 큰 역할을 감당할 수 있을 것이라고 생각을 합니다. 아 좋은 기회가 되어서 귀사와의 그러한 매치가 되었으면 좋겠습니다.","wordCount":192},"emotion":[],"intent":[{"text":"어떻게 보면 다른 일보다도 가장 쉬운 일이기 때문에 아 이 일을 지원하게 됐습니다.","expression":"c_sincere_job","category":"etc"}],"summary":{"text":"영업 판매 쪽에 지원한 이유는 기술과 개발을 통하여서 기술 영업과 판매적인 부분 계획적인 부분 마케팅적인 부분에서 주로 섭취를 해왔기 때문에 적합하다고 생각합니다. 또한 주어진 일에서 리더로서의 역할을 맡겨 주 된다면 더욱더 회사에 도움이 될 것이라고 생각합니다. 그런 부분에서 일을 맡겨 주신다면 또한 큰 역할을 감당할 수 있을 것이라고 생각을 합니다.","wordCount":50}}},"rawDataInfo":{"question":{"fileFormat":"wav","fileSize":350798,"duration":10960,"samplingBit":16,"channelCount":1,"samplingRate":"16kHz","audioPath":"/Mock/02.SalesMarketing/Male/Experienced/ckmk_q_sm_m_e_240458.wav"},"answer":{"fileFormat":"wav","fileSize":3859598,"duration":120610,"samplingBit":16,"channelCount":1,"samplingRate":"16kHz","audioPath":"/Mock/02.SalesMarketing/Male/Experienced/ckmk_a_sm_m_e_240458.wav"}}}