{"version":"1.0","dataSet":{"info":{"date":"20230116","occupation":"SM","channel":"MOCK","place":"ONLINE","gender":"MALE","ageRange":"35-44","experience":"EXPERIENCED"},"question":{"raw":{"text":"어 일을 하다 보면 타 지역에서 업무를 하게 될 수도 있습니다 이러한 장기적인 출장이나 타 지역 근무도 어 괜찮으신가요","wordCount":19},"emotion":[],"intent":[]},"answer":{"raw":{"text":"전혀 연고도 없는 새로운 지역에서 적응을 한다는 것은 정말 힘든 일이라는 것에 대해서 저는 잘 이해를 하고 있습니다. 다만 우리가 근무를 하다 보면은 항상 내가 원하는 곳이 아니라 내가 전혀 예상하지 못했던 곳에서도 근무할 수 있습니다. 그렇지만 제가 자신 있게 말씀드릴 수 있는 것은 저는 제가 전혀 예측하지 못했던 곳에 갑자기 그 곳에서 영업을 해야 된다거나 혹은 완전히 스테이를 하면서 근무를 해야 되는 그런 시기가 올 때에도 빠르게 잘 적응해서 근무할 수 있다는 점입니다.","wordCount":74},"emotion":[],"intent":[{"text":"그렇지만 제가 자신 있게 말씀드릴 수 있는 것은 저는 제가 전혀 예측하지 못했던 곳에 갑자기 그 곳에서 영업을 해야 된다거나 혹은 완전히 스테이를 하면서 근무를 해야 되는 그런 시기가 올 때에도 빠르게 잘 적응해서 근무할 수 있다는 점입니다.","expression":"c_adp","category":"personality"}],"summary":{"text":"전혀 연고도 없는 새로운 지역에서 적응을 한다는 것은 정말 힘든 일이지만, 전혀 예상하지 못했던 곳에 갑자기 영업을 해야 되거나 완전히 스테이를 하면서 근무를 해야 될 때에도 빠르게 잘 적응해서 근무할 수 있습니다.","wordCount":32}}},"rawDataInfo":{"question":{"fileFormat":"wav","fileSize":544078,"duration":17000,"samplingBit":16,"channelCount":1,"samplingRate":"16kHz","audioPath":"/Mock/02.SalesMarketing/Male/Experienced/ckmk_q_sm_m_e_209573.wav"},"answer":{"fileFormat":"wav","fileSize":1752398,"duration":54760,"samplingBit":16,"channelCount":1,"samplingRate":"16kHz","audioPath":"/Mock/02.SalesMarketing/Male/Experienced/ckmk_a_sm_m_e_209573.wav"}}}