{"version":"1.0","dataSet":{"info":{"date":"20230116","occupation":"SM","channel":"MOCK","place":"ONLINE","gender":"MALE","ageRange":"35-44","experience":"EXPERIENCED"},"question":{"raw":{"text":"지원자님께서 생각하는 회사 내에서의 업무 직무의 가치에 대해서 말씀을 해주시겠습니까","wordCount":10},"emotion":[],"intent":[]},"answer":{"raw":{"text":"네 제가 생각하는 회사에서 영업의 역할은 또는 영업의 가치는 어느 정도가 될 것이 되는데 에 대해서 답변 드리겠습니다. 일단 영업 영업은 결국은 서비스고 또 회사 대 회사 영업이 있을 것이고 회사 대 개인의 영업이 있을 것입니다. 네 영업이 가장 기본이면서도 가장 중요한 역할이 될 수 밖에 없다는 걸 알고 있고 이 영업의 확대나 이런 것들이 확대되지 않으면 회사의 이익이나 회사의 확장은 힘들 것으로 판단이 됩니다. 이런 영업 파트가 성공하고 극대화 돼야만 회사의 물건이나 물자 이런 것도 우리의 서비스들이 어떻게 되는지에 대해서 더 널리 퍼질 수 있는 것이기 때문에 이러한 회사 대 회사의 영업과 회사 대 개인의 이런 영업들 이런 서비스들이 어 정말 큰 가치이고 또 회사의 미래에 있어서 엄청난 성과로 다가갈 수 있기 때문에 그 부분에 의해서는 영업의 역할이 점점 더 극대화돼야 하고 효과적이어야 한다고 생각합니다. 이상입니다.","wordCount":127},"emotion":[],"intent":[{"text":"","expression":"","category":"attitude"}],"summary":{"text":"영업은 가장 기본이면서 가장 중요한 역할이 될 수 밖에 없다는 걸 알고 있고 이 영업의 확대나 이런 것들이 확대되지 않으면 회사의 이익이나 회사의 확장은 힘들 것으로 판단됩니다. 영업 파트가 성공하고 극대화 돼야 회사의 물건이나 물자도 더 널리 퍼질 수 있기 때문에 영업의 역할이 극대화돼야 한다고 생각합니다.","wordCount":46}}},"rawDataInfo":{"question":{"fileFormat":"wav","fileSize":347278,"duration":10850,"samplingBit":16,"channelCount":1,"samplingRate":"16kHz","audioPath":"/Mock/02.SalesMarketing/Male/Experienced/ckmk_q_sm_m_e_214808.wav"},"answer":{"fileFormat":"wav","fileSize":2643918,"duration":82620,"samplingBit":16,"channelCount":1,"samplingRate":"16kHz","audioPath":"/Mock/02.SalesMarketing/Male/Experienced/ckmk_a_sm_m_e_214808.wav"}}}