{"version":"1.0","dataSet":{"info":{"date":"20230116","occupation":"SM","channel":"MOCK","place":"ONLINE","gender":"MALE","ageRange":"-34","experience":"EXPERIENCED"},"question":{"raw":{"text":"직무 지식 역량 태도 이 세 가지 요소 중에 가장 중요하다고 생각하시는 것은 무엇인가요 또 그렇게 생각하시는 이유도 말씀해 주세요","wordCount":20},"emotion":[],"intent":[]},"answer":{"raw":{"text":"영업 직원에게 직무 지식 역량 태도 중에 가장 중요한 요소는 태도라고 생각합니다. 영업 직원은 하루에도 많은 고객을 만나서 다양한 의사소통을 해야 되는 사람입니다. 이런 의사소통을 통해서 고객에게 상품이나 서비스를 판매를 하는 사람이기 때문에 태도가 가장 중요합니다. 고객을 만났을 때 불편한 태도 공손하지 못한 태도로 상품이나 서비스를 판매한다면 저의 이미지는 둘째 치고 기업의 이미지도 나빠질 것이라고 생각합니다. 그렇기 때문에 영업 직원의 태도에 따라서 기업 이미지가 많이 바뀔 수 있다고 생각합니다.","wordCount":69},"emotion":[{"text":"영업 직원은 하루에도 많은 고객을 만나서 다양한 의사소통을 해야 되는 사람입니다.","expression":"u-fact","category":"neutral"}],"intent":[{"text":"","expression":"","category":"attitude"}],"summary":{"text":"영업직원은 고객을 만나 의사소통을 하는 사람이기 때문에 태도가 가장 중요합니다. 공손하지 못한 태도로 판매한다면 기업의 이미지도 나빠질 것이므로 태도에 따라 기업이미지가 많이 바뀔 수 있다고 생각합니다.","wordCount":26}}},"rawDataInfo":{"question":{"fileFormat":"wav","fileSize":638158,"duration":19940,"samplingBit":16,"channelCount":1,"samplingRate":"16kHz","audioPath":"/Mock/02.SalesMarketing/Male/Experienced/ckmk_q_sm_m_e_211861.wav"},"answer":{"fileFormat":"wav","fileSize":2171918,"duration":67870,"samplingBit":16,"channelCount":1,"samplingRate":"16kHz","audioPath":"/Mock/02.SalesMarketing/Male/Experienced/ckmk_a_sm_m_e_211861.wav"}}}