{"version":"1.0","dataSet":{"info":{"date":"20230116","occupation":"SM","channel":"MOCK","place":"ONLINE","gender":"MALE","ageRange":"35-44","experience":"EXPERIENCED"},"question":{"raw":{"text":"지원자님께서는 이 분야에 지원하시기 위해서 지원자님께서 따로 노력하신 게 있으신가요 어떤 노력을 하셨는지 생각나는 대로 말씀해 주시기 바랍니다","wordCount":18},"emotion":[],"intent":[]},"answer":{"raw":{"text":"어 제가 이런 영업이나 서비스 쪽에 인제 지원하기 위해서 여러 가지 노력을 했었던 것 같은데 일단 서비스는 결국 사람을 상대하는 일입니다. 사람을 상대하는 일이다 보니까 어 이런 사람을 대하는 일들을 당연히 많이 접해 봐야 합니다. 그래야 그런 상황이나 어떤 환경에서도 잘 극복해 낼 수 있기 때문에 또한 영업이나 서비스에서 제일 중요한 것은 어 상대방에게 감동을 줄 수 있고 설득을 할 수 있는 능력인 것 같습니다. 그 능력은 자기가 뭐 공부를 한다거나 뭐 어떤 것을 준비했다고 해서 자격증이 따로 있는 게 아니고 정말 수많은 경험을 통해서 그런 노하우가 있어야 그런 것들이 자기의 만의 무기가 될 수 있을 것 같습니다. 그래서 이제 군 생활을 했을 때부터 이제 간부 생활을 하다 보니까 이런 병사들을 상대하는 그런 것도 서비스라고 생각이 했었고 그 이후에 이제 회사에서도 서비스 쪽으로 계속 하고 판매 쪽 이런 쪽으로 다 하다 보니까 상대방을 어떻게 설득해야 할지 딱 보면 이제 그런 사이즈가 나오는 것 같습니다. 그런 것들이 이제 노하우가 돼서 어 어떤 서비스업이나 영업을 해도 적극적으로 잘 할 수 있을 것 같습니다. 이상입니다.","wordCount":162},"emotion":[],"intent":[{"text":"","expression":"","category":"attitude"}],"summary":{"text":"서비스는 사람을 상대하는 일로 많이 접해 봐야 합니다. 그래야 어떤 상황이나 어떤 환경에서도 잘 극복해 낼 수 있기 때문에 가장 중요한 것은 상대방에게 감동을 줄 수 있고 설득을 할 수 있는 능력인 것 같습니다. 그 능력은 수많은 경험을 통해서만 노하우가 될 수 있습니다. 이런 것들이 노하우가 돼 어떤 서비스업이나 영업을 해도 적극적으로 잘 할 수 있을 것 같아 보입니다.","wordCount":59}}},"rawDataInfo":{"question":{"fileFormat":"wav","fileSize":408398,"duration":12760,"samplingBit":16,"channelCount":1,"samplingRate":"16kHz","audioPath":"/Mock/02.SalesMarketing/Male/Experienced/ckmk_q_sm_m_e_191804.wav"},"answer":{"fileFormat":"wav","fileSize":2667598,"duration":83360,"samplingBit":16,"channelCount":1,"samplingRate":"16kHz","audioPath":"/Mock/02.SalesMarketing/Male/Experienced/ckmk_a_sm_m_e_191804.wav"}}}