{"version":"1.0","dataSet":{"info":{"date":"20230116","occupation":"SM","channel":"MOCK","place":"ONLINE","gender":"MALE","ageRange":"35-44","experience":"EXPERIENCED"},"question":{"raw":{"text":"어 지원자님께서 입사 후에 이제 기존의 원하던 일을 하지 못하게 되실 수도 있습니다 그런 경우에는 어떻게 하실 건가요 그리고 그렇게 하시는 이유도 함께 말씀해 주시길 바랍니다","wordCount":26},"emotion":[],"intent":[]},"answer":{"raw":{"text":"제가 입사하고 나서 지원했던 일을 못 하게 되더라도 저는 이 회사에 열심히 일단 일을 할 것입니다. 왜냐하면 해당 업무가 좋아서 지원한 것도 있지만 이 회사의 성장성 또는 미래의 먹거리 급여가 맘에 들어서 입사한 것도 있습니다. 일단은 원하지 않는 일을 시 배정 받았어도 열심히 하겠습니다. 이 년에서 삼 년 정도 해당 일을 하다 보면 여기서 저의 또 다른 적성을 발견할 수도 있고 제가 원래 했던 업무보다 더 잘하거나 지원했던 업무보다 더 잘 맞을 수도 있기 때문에 이 년여 삼 년 정도 업무 성과를 올리고 역량을 키우겠습니다. 그렇게 이 삼 년을 해도 이 업무가 적성에 맞지 않고 제가 원래 하고 싶었던 일로 돌아가고 싶다면 그때는 부서장이나 팀장 또는 본부장에게 요청을 하겠습니다. 부서장님 저는 원래 제가 지원했던 에이 업무를 하고 싶은데 지금 비 업무를 하면서 이 년 동안 이 업무를 통해서 저도 성과도 많이 올리고 역량이 높아졌습니다. 하지만 제가 원래 하려고 하던 에이 업무로 가면 비 업무에 대한 내용을 가지고 에이 업무에서 더 많은 성과와 업적을 달성할 수 있을 것 같은데 부서 배치가 가능할까요. 티오가 생기면 저를 제일 일 순위로 배정을 부탁드리겠습니다 라고 요청을 할 겁니다.","wordCount":173},"emotion":[],"intent":[{"text":"","expression":"","category":"attitude"}],"summary":{"text":"업무가 적성에 맞지 않고 원래 하고 싶었던 일로 돌아가고 싶다면 부서장이나 팀장 또는 본부장에게 요청을 하겠습니다. 원래 지원했던 에이 업무를 하고 싶은데 비 업무를 하면서 이 년 동안 성과도 많이 올리고 역량이 높아졌습니다. 하지만 원래 하려고 하던 에이 업무로 가면 비 업무에서 더 많은 성과와 업적을 달성할 수 있을 것 같은데 부서 배치가 가능할가요 라고 요청을 할 것입니다.","wordCount":58}}},"rawDataInfo":{"question":{"fileFormat":"wav","fileSize":547278,"duration":17100,"samplingBit":16,"channelCount":1,"samplingRate":"16kHz","audioPath":"/Mock/02.SalesMarketing/Male/Experienced/ckmk_q_sm_m_e_197620.wav"},"answer":{"fileFormat":"wav","fileSize":2552398,"duration":79760,"samplingBit":16,"channelCount":1,"samplingRate":"16kHz","audioPath":"/Mock/02.SalesMarketing/Male/Experienced/ckmk_a_sm_m_e_197620.wav"}}}