{"version":"1.0","dataSet":{"info":{"date":"20230116","occupation":"SM","channel":"MOCK","place":"ONLINE","gender":"MALE","ageRange":"35-44","experience":"EXPERIENCED"},"question":{"raw":{"text":"지원자님께서 남들과는 다른 자신만의 경쟁력을 설명해 주시길 바랍니다 그리고 그러한 경쟁력을 키우기 위해서 지금까지 어떤 노력을 키웠는 기우렸는지도 말씀해 주시길 바랍니다","wordCount":21},"emotion":[],"intent":[]},"answer":{"raw":{"text":"어 남들과 다른 저만의 경쟁력이나 이런 경쟁력을 키우기 위한 노력에 대해서 답변 드리겠습니다. 일단 남들과 다른 저만의 이 경쟁력은 시간 관리의 능력이라고 생각합니다. 이런 시간 관리의 능력을 갖추는 데는 이 메모하는 습관을 갖게 되면은 이 시간과 관리가 되는데 그렇게 되면 하루 종일 바쁠 일도 없고 정말 내가 급한 일이 무엇인지를 빨리 캐치하게 될 겁니다. 그래서 내가 내일 할 일 일주일 동안에 처리해야 할 일 매번 한 달 동안에 내가 끝내야 할 할 일 길게는 뭐 분기 반기까지 계획을 미리 작성해 놓은다면은 그거에 맞춰서 진행을 하면 됩니다. 그렇게 해놓게 되면 오늘 할 일에 대해서 급한 일이 먼저 진행해 지어지고 우선 순위가 정해지게 되면 어 또 응급 상황이나 우발 상황이나 갑자기 생각지도 못한 스케줄이 생길 수 있는데 그런 부분에 대해서 당황하지 않고 그런 시간 계획이 있어 어 효율적으로 이루어진다고 생각합니다. 그래서 그런 시간 분배하는 능력이 저만의 경쟁력이라고 생각하고 그런 부분들을 더 보완하기 위해서 메모하고 스케줄화 하는 그런 것들을 노력이 필요할 것 같습니다. 이상입니다.","wordCount":151},"emotion":[],"intent":[{"text":"","expression":"","category":"attitude"}],"summary":{"text":"남들과 다른 저만의 경쟁력은 시간 관리의 능력이라고 생각합니다. 메모하는 습관을 갖게 되면은 하루 종일 바쁠 일도 없고 정말 제가 급한 일이 무엇인지를 빨리 캐치하게 될 겁니다. 그래서 그런 시간 분배하는 능력이 저만이의 경쟁력이라고 생각하고 보완하기 위해서 메모하고 스케줄화 하는 것들을 노력이 필요할 것 같습니다.","wordCount":44}}},"rawDataInfo":{"question":{"fileFormat":"wav","fileSize":568398,"duration":17760,"samplingBit":16,"channelCount":1,"samplingRate":"16kHz","audioPath":"/Mock/02.SalesMarketing/Male/Experienced/ckmk_q_sm_m_e_214812.wav"},"answer":{"fileFormat":"wav","fileSize":2704398,"duration":84510,"samplingBit":16,"channelCount":1,"samplingRate":"16kHz","audioPath":"/Mock/02.SalesMarketing/Male/Experienced/ckmk_a_sm_m_e_214812.wav"}}}