{"version":"1.0","dataSet":{"info":{"date":"20230116","occupation":"SM","channel":"MOCK","place":"ONLINE","gender":"MALE","ageRange":"35-44","experience":"EXPERIENCED"},"question":{"raw":{"text":"면접자님은 영업과 영업 관리의 차이는 무엇이라고 생각하십니까","wordCount":7},"emotion":[],"intent":[]},"answer":{"raw":{"text":"두 가지의 개념에 대해서는 굉장히 유사한 부분들이 분명히 있습니다. 예를 들어 관리 업무 같은 경우에는 현장에서 직접 영업하시는 분들이 발로 뛰게 되면 그 업무를 백업해주는 업무라고 볼 수 있는데요. 저는 영업과 영업 관리 이 두 가지의 질문은 사실 굉장히 유사한 부분이라고 생각을 합니다. 한 마디로 한 그룹이지만 서로 다른 이면이고 서로가 서로를 백업 해주는 그런 관계라고 생각을 하기 때문에 일종의 동물의 세계에서 보자면 악어와 악어새 같은 그런 관계라고 많이 생각을 하는데요. 서로가 부족한 부분이 있다 라면은 현장에서 뛰는 사람들이 직접 코멘트를 해줄 수도 있는 거고 혹은 영업 관리를 하는 사람들이 어 레포트나 혹은 데이터 분석을 보다가 의아한 부분이 생겼을 때 코멘트를 직접 해줄 수 있는 직업이 이 분야라고 많이 생각하고 있습니다. 그래서 저 같은 경우에는 한 마디로 서로 보완할 수 있는 그런 직무라고 말씀드리고 싶습니다.","wordCount":125},"emotion":[],"intent":[{"text":"","expression":"","category":"attitude"}],"summary":{"text":"관리 업무는 현장에서 직접 영업하시는 분들이 발 뛰게 되면 그 업무를 백업해주는 업무라고 볼 수 있고 영업 관리는 서로 다른 이면이고 서로가 서로를 백업 해주는 관계라고 생각합니다. 그래서 저 같은 경우에는 서로 보완할 수 있는 그런 직무라고 말씀드리겠습니다.","wordCount":38}}},"rawDataInfo":{"question":{"fileFormat":"wav","fileSize":284558,"duration":8890,"samplingBit":16,"channelCount":1,"samplingRate":"16kHz","audioPath":"/Mock/02.SalesMarketing/Male/Experienced/ckmk_q_sm_m_e_209581.wav"},"answer":{"fileFormat":"wav","fileSize":2497998,"duration":78060,"samplingBit":16,"channelCount":1,"samplingRate":"16kHz","audioPath":"/Mock/02.SalesMarketing/Male/Experienced/ckmk_a_sm_m_e_209581.wav"}}}