{"version":"1.0","dataSet":{"info":{"date":"20230116","occupation":"SM","channel":"MOCK","place":"ONLINE","gender":"MALE","ageRange":"35-44","experience":"EXPERIENCED"},"question":{"raw":{"text":"우리 회사에 입사해서 일을 하게 되면 종종 중국으로 출장을 갈 일이 생기는데요 지원자님께서는 중국 출장도 괜찮으시겠습니까","wordCount":16},"emotion":[],"intent":[]},"answer":{"raw":{"text":"네 업무를 하다 보면 뭐 중국이나 해외 출장 뭐 국내에서도 출장이 충분히 있을 수 있을 것 같습니다. 그런 상황에서 뭐 해외 출장 즉 중국이나 뭐 이런 데로 출장갔을 때 그건 오히려 저한테는 기회가 될 수 있을 것 같습니다. 해외에서 쌓은 경험은 당연히 국내에 와서도 활용할 수 있는 부분이고 어 이렇게 시야나 이런 직관 같은 게 더욱더 넓어질 수 있기 때문에 그런 부분이 있다면 당연히 오히려 자진해서 갈 수 있을 것 같습니다. 그런 상황에서 이제 중국으로 출장을 가면 이제 모든 환경이나 뭐 주거 환경부터 시작해서 뭐 식 식습관 뭐 이런 거부터 해서 여러 가지들이 이제 어 바뀌다 보니까 부담이 될 수 있긴 한데 어 그런데 그런 부분에 대해서는 뭐 부담이 없을 것 같습니다. 그런 환경이 바뀌는 업무나 뭐 이런 데서 생활을 많이 해 왔기 때문에 어 전혀 뭐 문제가 될 수 있을 것 같지는 않고 그것보다는 이제 가족들과 좀 떨어져서 지내야 한다는 게 조금은 큰 부담이 될 수 있을 것 같습니다. 하지만 뭐 길게 가는 것도 아닐 것이고 뭐 길게 장기적으로 가게 되면 가족들도 이동해서 진행해도 괜찮을 것 같습니다. 이상입니다.","wordCount":169},"emotion":[],"intent":[{"text":"","expression":"","category":"attitude"}],"summary":{"text":"업무를 하다 보면 해외 출장이나 이런 데로 출장갔을 때 오히려 저한테 기회가 될 수 있을 것 같습니다. 해외에서 쌓은 경험은 국내에 와서도 활용할 수 있는 부분이고 시야나 이런 게 더욱더 넓어질 수 있기 때문에 그런 부분이 있다면 오히려 자진해서 갈 수 있습니다. ","wordCount":42}}},"rawDataInfo":{"question":{"fileFormat":"wav","fileSize":540878,"duration":16900,"samplingBit":16,"channelCount":1,"samplingRate":"16kHz","audioPath":"/Mock/02.SalesMarketing/Male/Experienced/ckmk_q_sm_m_e_191803.wav"},"answer":{"fileFormat":"wav","fileSize":2633678,"duration":82300,"samplingBit":16,"channelCount":1,"samplingRate":"16kHz","audioPath":"/Mock/02.SalesMarketing/Male/Experienced/ckmk_a_sm_m_e_191803.wav"}}}