{"version":"1.0","dataSet":{"info":{"date":"20230116","occupation":"SM","channel":"MOCK","place":"ONLINE","gender":"MALE","ageRange":"35-44","experience":"EXPERIENCED"},"question":{"raw":{"text":"어 저의 일의 특성상 야근이나 잔업 또는 외근이 많아질 수도 있는데요 어 이런 경우에 본인은 이런 야근이나 잔업 외근을 아 잘 하실 수 있으신지요","wordCount":24},"emotion":[],"intent":[]},"answer":{"raw":{"text":"모든 업무에는 야근이나 잔업이나 외근이 많아질 수 있습니다. 이것은 제가 지금까지 살아오면서 모든 업무에서 느꼈던 것이고 야근이 필수적으로 필요한 행사 기간이나 데드라인이 정해져 있는 프로젝트에 저 혼자 평상시와 똑같이 퇴근을 한다면 모든 팀웍은 망가질 수 밖에 없습니다. 야근과 잔업 외근을 피할 수 없다면 즐길 수도 없지만 그것을 즐기기 위한 가장 좋은 방법은 회사에서의 적절한 보상이라고 생각합니다. 회사에서 적절한 보상을 해준다면 야근이나 잔업 외근은 어려운 일이 아니라 또 다른 일이라고 생각을 합니다. 지금까지 야근을 하면서 적절한 보상을 받아왔고 그 보상에 따른 야근이 즐거운 일이 되었던 경험이 생각보다 많습니다. 매일 주말에 쉬거나 노는 것도 즐겁지 않을 수가 있기 때문에 때로는 야근이나 잔업을 통해서 제가 또 다른 용돈 벌이를 할 수도 있고 회사에 기여를 할 수도 있기 때문에 저는 전혀 문제가 없다고 생각합니다.","wordCount":120},"emotion":[],"intent":[{"text":"","expression":"","category":"attitude"}],"summary":{"text":"모든 업무에는 야근이나 잔업이나 외근이 많아질 수 있는데 그것을 즐기기 위한 가장 좋은 방법은 회사에서의 적절한 보상이라고 생각합니다. 야근을 하면서 적절한 보상을 받아왔고 그 보상에 따른 야근이 즐거운 일이 되었던 경험이 많아서 저는 전혀 문제가 없다고 생각합니다.","wordCount":37}}},"rawDataInfo":{"question":{"fileFormat":"wav","fileSize":478158,"duration":14940,"samplingBit":16,"channelCount":1,"samplingRate":"16kHz","audioPath":"/Mock/02.SalesMarketing/Male/Experienced/ckmk_q_sm_m_e_156277.wav"},"answer":{"fileFormat":"wav","fileSize":2124878,"duration":66400,"samplingBit":16,"channelCount":1,"samplingRate":"16kHz","audioPath":"/Mock/02.SalesMarketing/Male/Experienced/ckmk_a_sm_m_e_156277.wav"}}}