{"version":"1.0","dataSet":{"info":{"date":"20230116","occupation":"SM","channel":"MOCK","place":"ONLINE","gender":"MALE","ageRange":"35-44","experience":"EXPERIENCED"},"question":{"raw":{"text":"어 직무 지식 역량 태도 이 세 가지 요소 다 굉장히 중요한 요소들이지만 그중에 가장 중요하다고 생각하시는 것과 또 그것을 중요하다고 생각하는 이유도 함께 설명해 주시길 바랍니다","wordCount":27},"emotion":[],"intent":[]},"answer":{"raw":{"text":"직무지식 역량 태도 즉 자세 이 세 가지 직무 요소 중에서 제가 중요하다는 지 여기는 것에 대한 이유까지 해서 답변 드리도록 하겠습니다. 직무지식 역량은 개인의 노력 개인의 열정으로 충분히 키울 수 있다고 생각합니다. 네 저 태도와 자세 같은 경우는 본인이 처음부터 만들어진 자세가 아니면은 갖추기가 어렵다고 생각합니다. 아무리 능력이 뛰어나고 해도 배우려는 자세가 없다면은 금방 배울 수 없을 것이고 또 그러다 보면 이런 실무 같은 데서는 많이 뒤쳐지게 될 겁니다. 그래서 저는 자세가 갖춰진 사람이 실무도 빨리 들고 또 더 효과적으로 실무를 하다 보니 그런 사람이 업무에서 같이 하고 싶지 그냥 스펙만 좋고 머리만 똑똑한 사람들은 같이 일하고 싶지 않습니다. 저는 그래서 저 세 가지 중에서 가장 크게 보는 게 이 배우려는 자세와 그 열정적인 자세를 가진 사람을 첫 번째로 보고 있습니다. 네 이상입니다.","wordCount":124},"emotion":[],"intent":[{"text":"","expression":"","category":"attitude"}],"summary":{"text":"직무지식 역량은 개인의 노력, 개인의 열정으로 충분히 키울 수 있다고 생각합니다. 저는 배우려는 자세와 열정적인 자세를 가진 사람을 가장 크게 보고 있습니다.","wordCount":22}}},"rawDataInfo":{"question":{"fileFormat":"wav","fileSize":541838,"duration":16930,"samplingBit":16,"channelCount":1,"samplingRate":"16kHz","audioPath":"/Mock/02.SalesMarketing/Male/Experienced/ckmk_q_sm_m_e_217004.wav"},"answer":{"fileFormat":"wav","fileSize":2618318,"duration":81820,"samplingBit":16,"channelCount":1,"samplingRate":"16kHz","audioPath":"/Mock/02.SalesMarketing/Male/Experienced/ckmk_a_sm_m_e_217004.wav"}}}