{"version":"1.0","dataSet":{"info":{"date":"20230116","occupation":"SM","channel":"MOCK","place":"ONLINE","gender":"MALE","ageRange":"55-","experience":"EXPERIENCED"},"question":{"raw":{"text":"우리 회사에 들어와서 본인이 가장 하고 싶은 업무는 무엇인가요 또한 왜 그것이 가장 하고 싶으신지 이유도 말씀해 주실 수 있을까요","wordCount":20},"emotion":[],"intent":[]},"answer":{"raw":{"text":"우리 회사에 들어와 본인이 하고 싶은 업무가 있으신가요. 있으시다면 이유와 함께 말씀해 주세요. 아 예 제가 회사에 들어와서 하고 싶은 업무는 아 경영이라든가 리더 역할 그리고 또한 아 총책임자의 역할을 맡겨 주시면 그 일을 해보고 싶습니다. 왜냐하면 제가 여태까지 서포트하고 어 관리적인 측면들 다 이렇게 해 봤는데 아 지위 감독하는 그런 부분에 제가 더욱더 맞다고 생각을 합니다. 많은 부분에서 실적을 많이 올린 경험이 있기 때문에 그렇습니다. 아 주어진 업무가 아 그런 업무 경영의 그런 업무라면은 제가 많은 일들을 할 수 있습니다. 아 직원들을 잘 관리하고 또한 제품을 개발하고 또한 거래선을 어 확충하고 또한 그러한 관계들을 원활하게 하는 데 있어서는 제가 큰 도움이 될 수 있을 거라고 생각을 합니다. 어 제가 하는 곳에서는 어 타 부서의 그러한 그 갈등이라든가 이런 부분도 많이 어 해소를 했었고 우리 부서에서도 팀 웍이라든가 새로운 제품들 그리고 또한 경쟁 업체보다는 높은 실적을 내는데 그런 쪽에 최선을 다 해 왔고 그러한 좋은 실적이 있기 때문에 아 귀사에도 아 큰 도움이 될 것이라고 생각을 합니다.","wordCount":157},"emotion":[],"intent":[{"text":"","expression":"","category":"attitude"}],"summary":{"text":"경영, 리더, 총책임자의 역할을 맡겨 주시면 제가 많은 일들을 할 수 있습니다. 직원들을 잘 관리하고, 제품을 개발하고, 거래선을 확충하고, 관계를 원활하게 하는 데 있어서는 큰 도움이 될 것입니다.","wordCount":28}}},"rawDataInfo":{"question":{"fileFormat":"wav","fileSize":598798,"duration":18710,"samplingBit":16,"channelCount":1,"samplingRate":"16kHz","audioPath":"/Mock/02.SalesMarketing/Male/Experienced/ckmk_q_sm_m_e_227909.wav"},"answer":{"fileFormat":"wav","fileSize":2810958,"duration":87840,"samplingBit":16,"channelCount":1,"samplingRate":"16kHz","audioPath":"/Mock/02.SalesMarketing/Male/Experienced/ckmk_a_sm_m_e_227909.wav"}}}