{"version":"1.0","dataSet":{"info":{"date":"20230116","occupation":"SM","channel":"MOCK","place":"ONLINE","gender":"MALE","ageRange":"35-44","experience":"EXPERIENCED"},"question":{"raw":{"text":"커뮤니케이션을 잘 할 수 있는 본인만의 스킬이 있으실까요 있다면 한번 소개해 주세요 가능하다면 직접 보여주셔도 좋을 것 같습니다","wordCount":18},"emotion":[],"intent":[]},"answer":{"raw":{"text":"네 커뮤니케이션 즉 의사 소통이 될 것 같습니다. 의사 소통을 하는 데 있어서 가장 좋은 방법은 어 일단 주변 사람들의 얘기를 잘 들어줘야 한다고 생각합니다. 물론 자기의 의견이 확실한 방법일 수도 있겠지만 어 이럴 때 부하 직원들의 아이디어도 들어볼 수도 있고 또 존중해 주고 또 사람 대 사람으로서 대해주면은 그 자기가 아무리 부하 직원이어도 어 인간적으로 존중을 해주면은 자기가 하려는 의지나 이런 것들이 극대화가 될 수 있습니다. 그러기 때문에 그런 것들이 갖춰지면은 한 개 정말 진짜 팀원이 돼서 어 서로에게 도움을 주려 어 노력을 할 수 밖에 없을 겁니다. 그렇게 되면 자연스럽게 의사 소통은 될 것이고 또 의사 소통이 되면 한 가지의 길로 어 정확한 목표를 향해서 팀이 달려갈 수 있을 것이고 그러면 팀원이 성과가 나게 되고 팀이 성과가 나는 회사에 어 이익이 창출이 될 수 있는 그런 분야에 있어서는 커뮤니케이션이 제일 중요하고 또 미래성을 봤을 때 잘 원활하게 이루어져야 하는 방법 중에 하나일 것 같습니다. 그때 이제 저만의 방법은 상대방의 얘기를 잘 들어주는 경청의 자세가 될 것 같습니다. 이상입니다.","wordCount":160},"emotion":[],"intent":[{"text":"","expression":"","category":"attitude"}],"summary":{"text":"의사 소통의 가장 좋은 방법은 주변 사람들의 얘기를 잘 들어줘야 한다고 생각합니다. 주변 사람들의 의견을 듣고 존중해 주고 사람 대 사람으로서 대하면 하려는 의지 등이 극대화 될 수 있습니다. 이런 것들이 갖춰지면은 서로에게 도움을 주려고 노력할 수 밖에 없을 것입니다. 그렇게 되면 자연스럽게 의사 소통이 될 것이고 정확한 목표를 향해 달려갈 수 있을 것입니다.","wordCount":54}}},"rawDataInfo":{"question":{"fileFormat":"wav","fileSize":606158,"duration":18940,"samplingBit":16,"channelCount":1,"samplingRate":"16kHz","audioPath":"/Mock/02.SalesMarketing/Male/Experienced/ckmk_q_sm_m_e_196460.wav"},"answer":{"fileFormat":"wav","fileSize":2706958,"duration":84590,"samplingBit":16,"channelCount":1,"samplingRate":"16kHz","audioPath":"/Mock/02.SalesMarketing/Male/Experienced/ckmk_a_sm_m_e_196460.wav"}}}