{"version":"1.0","dataSet":{"info":{"date":"20230116","occupation":"SM","channel":"MOCK","place":"ONLINE","gender":"MALE","ageRange":"35-44","experience":"EXPERIENCED"},"question":{"raw":{"text":"만약 지원자님께서 지금 지원하신 이 직무가 아닌 다른 부서에 배치가 된다면 어 그런 경우에는 어떻게 대처를 하신 하실 건가요 그리고 그래도 괜찮으신가요","wordCount":22},"emotion":[],"intent":[]},"answer":{"raw":{"text":"음 제가 지원한 업무나 직무에 대해서 배치가 되지 않고 어 생각지 못한 부서의 배치가 된다면 그 분야에 대해서 답변 드리겠습니다. 일단 처음에는 좀 당황할 것 같습니다. 당연히 하던 일을 하게 돼서 회사에 더 이익이 될 수 있는 역할을 맡을 줄 알았는데 생각지도 못한 다른 부서에 배처가 된다고 해도 어 저는 뭐 크게 문제가 될 건 없을 것 같습니다. 그나마 하든 일을 하면은 이제 쉽게 적응하고 빨리 업무 판단이 될 건데 이제 새로운 일을 하게 되면 그런 거는 약간은 좀 딜레이가 있을 겁니다. 하지만 새로운 업무 새로운 회사에서 새로운 방향을 캐치할 수 있는 또 기회이기 때문에 어 여러 가지 업무에서 기 능력을 갖춰야 상급 업무 단계에도 진출할 수 있을 것이고 하기 때문에 그 분야에 대해서는 오히려 저한테는 큰 기회가 될 것이고 또 자기 계발을 할 수 있는 하나의 또 기회가 될 수 있다고 생각합니다. 그래서 뭐 원하는 업무가 아니더라도 다른 데 다른 업무를 하게 돼도 그거는 기회로 삼아서 기회를 발판으로 삼아서 어 업무를 진행할 수 있을 것 같습니다. 이상입니다.","wordCount":158},"emotion":[],"intent":[{"text":"","expression":"","category":"attitude"}],"summary":{"text":"새로운 업무를 하게 되면 약간은 딜레이가 있을 수 있지만 새로운 회사에서 새로운 방향을 캐치할 수 있는 또 기회이기 때문에 그 분야에 대해서는 오히려 저한테 큰 기회가 될 것이고 또 자기 계발을 할 수 있는 하나의 기회가 될 수 있다고 생각합니다.","wordCount":40}}},"rawDataInfo":{"question":{"fileFormat":"wav","fileSize":454478,"duration":14200,"samplingBit":16,"channelCount":1,"samplingRate":"16kHz","audioPath":"/Mock/02.SalesMarketing/Male/Experienced/ckmk_q_sm_m_e_215305.wav"},"answer":{"fileFormat":"wav","fileSize":2615118,"duration":81720,"samplingBit":16,"channelCount":1,"samplingRate":"16kHz","audioPath":"/Mock/02.SalesMarketing/Male/Experienced/ckmk_a_sm_m_e_215305.wav"}}}