{"version":"1.0","dataSet":{"info":{"date":"20230116","occupation":"SM","channel":"MOCK","place":"ONLINE","gender":"MALE","ageRange":"55-","experience":"EXPERIENCED"},"question":{"raw":{"text":"본인이 생각하는 영업이란 무엇이며 회사에서 영업의 지위와 역할은 어떤 것이라고 생각하나요","wordCount":11},"emotion":[],"intent":[]},"answer":{"raw":{"text":"회사에서 영업이 차지하는 비중은 오십 프로가 넘는다고 생각됩니다. 왜냐하면 회사에서 좋은 제품을 생산 상품 가치가 있는 제품을 만들어 주지만 판매하는 몫은 영업이기 때문입니다. 그래서 영업이 가장 중요하고 또한 대우를 받아야 된다고 생각합니다. 모든 조직원이 다 잘 하지만 그중에 가장 중요한 것이 판매입니다. 회사에서 아무리 좋은 제품을 기획하고 만들어서 판매하는 과정까지 중요한 부분이 바로 영업 부분이기 때문입니다. 매출이 있어야 회사는 거기에서 이익을 창출을 해 내는 법입니다. 이익을 내야만이 모든 조직원이 그걸 가지고 또 재투자하고 또 급여로서 보상을 받기 때문이죠.","wordCount":78},"emotion":[],"intent":[{"text":"","expression":"","category":"attitude"}],"summary":{"text":"회사에서 좋은 제품을 생산 상품 가치가 있는 제품을 만들어 주지만 판매하는 몫은 영업이기 때문에 영업이 가장 중요하고 대우를 받아야 한다고 생각합니다. 회사는 이익을 내야지만 조직원이 재투자하고 급여로서 보상을 받기 때문입니다.","wordCount":30}}},"rawDataInfo":{"question":{"fileFormat":"wav","fileSize":466318,"duration":14570,"samplingBit":16,"channelCount":1,"samplingRate":"16kHz","audioPath":"/Mock/02.SalesMarketing/Male/Experienced/ckmk_q_sm_m_e_241594.wav"},"answer":{"fileFormat":"wav","fileSize":3281358,"duration":102540,"samplingBit":16,"channelCount":1,"samplingRate":"16kHz","audioPath":"/Mock/02.SalesMarketing/Male/Experienced/ckmk_a_sm_m_e_241594.wav"}}}