{"version":"1.0","dataSet":{"info":{"date":"20230116","occupation":"SM","channel":"MOCK","place":"ONLINE","gender":"MALE","ageRange":"35-44","experience":"EXPERIENCED"},"question":{"raw":{"text":"지원자님이 지금까지 살면서 이룬 성과 중에 가장 큰 성과는 무엇입니까 자랑 한번 해주세요","wordCount":13},"emotion":[],"intent":[]},"answer":{"raw":{"text":"제가 인생에 있어서 가장 이룬 큰 성과는 바로 큰 돈을 들이지 않고 영어 실력을 엄청나게 늘렸다는 것입니다. 우리 어렸을 때는 영어는 조기교육이 가장 필요하고 외국에서 태어나야지만 영어를 잘 할 수 있다 라는 인식이 강했습니다. 하지만 저는 어릴 때부터 학원을 다닐 돈도 없고 영어 교재를 살 돈도 없었습니다. 그래서 대학교 때는 그냥 책으로 토익 시험만 준비했던 수준이었고 졸업을 하고 난 다음에 영어 관련된 회사에 들어갔는데 외국계 회사에서 영어를 너무 못해서 서른 살 때부터 영어 책을 달달달 외우기 시작했습니다. 처음에는 외워도 되지 않던 회화가 육 개월에서 일 년 정도 지난 상태에서는 영어 까페나 영어 동아리에서 네이티브 스피커를 만나도 전혀 문제 없이 영어를 쪼금씩 알아듣고 제가 농담을 하기 시작했습니다. 그렇게 돈을 벌면서 영어 통번역 어학원을 쪼금 다니고 그 후에도 지속적으로 십 년 넘게 영어 까페에서 영어 모임 리더로서 지속적으로 영어 회화를 하고 영어 원서를 읽고 영어 어휘를 익히니까 지금은 누구보다도 영어를 잘하고 영어 업무에 있어서 전혀 불편함이 없는 수준까지 올라왔습니다. 큰 돈 들이지 않고 이렇게 큰 성과를 이룰 수 있었다는 것은 제가 영어에 미쳐 있고 영어에 그렇게 필요성을 많이 느꼈기 때문이 아닐까 싶습니다.","wordCount":170},"emotion":[{"text":"그렇게 돈을 벌면서 영어 통번역 어학원을 쪼금 다니고 그 후에도 지속적으로 십 년 넘게 영어 까페에서   영어 모임 리더로서 지속적으로 영어 회화를 하고 영어 원서를 읽고 영어 어휘를 익히니까 지금은 누구보다도 영어를 잘하고 영어 업무에 있어서 전혀 불편함이 없는 수준까지 올라왔습니다.","expression":"u-fact","category":"neutral"}],"intent":[{"text":"","expression":"","category":"attitude"}],"summary":{"text":"어릴 적부터 영어는 조기교육이 가장 중요하다는 인식이 강했습니다. 하지만 저는 어린 나이부터 영어를 너무 못해서 서른 살 때부터 영어 책을 달달 외우기 시작했습니다. 돈을 벌면서 영어 통번역 어학원을 다니고 십 년 넘게 영어 까페에서 영어 모임 리더로서 지속적으로 영어 회화를 하고 영어 원서를 읽고 영어 어휘를 익히니 이제는 누구보다도 영어를 잘하고 영어 업무에 불편함이 없는 수준까지 올라왔습니다.","wordCount":57}}},"rawDataInfo":{"question":{"fileFormat":"wav","fileSize":323598,"duration":10110,"samplingBit":16,"channelCount":1,"samplingRate":"16kHz","audioPath":"/Mock/02.SalesMarketing/Male/Experienced/ckmk_q_sm_m_e_182783.wav"},"answer":{"fileFormat":"wav","fileSize":2714958,"duration":84840,"samplingBit":16,"channelCount":1,"samplingRate":"16kHz","audioPath":"/Mock/02.SalesMarketing/Male/Experienced/ckmk_a_sm_m_e_182783.wav"}}}