{"version":"1.0","dataSet":{"info":{"date":"20230116","occupation":"SM","channel":"MOCK","place":"ONLINE","gender":"MALE","ageRange":"-34","experience":"EXPERIENCED"},"question":{"raw":{"text":"지원자는 영어를 말함에 있어서 얼마큼 자신이 있는지 말씀해 주세요","wordCount":9},"emotion":[],"intent":[]},"answer":{"raw":{"text":"저는 영어로 의사소통 하는데 자신이 있습니다. 제가 제약 회사에 다닐 때 이 제약회사는 외국계 제약회사였는데 외국인들을 만날 기회가 많았습니다. 이 때 제가 가지고 있던 영어 능력이 조금 더 향상되었다고 생각합니다. 그 전까지는 문법이나 말하는 부분이 조금 부족했었는데요. 제약회사에서 약 삼 년 정도 일을 하면서 외국인들과 실제로 대화를 하고 의사소통을 나누다 보니 제 영어 실력도 한층 향상했던 것 같습니다. 지금은 외국인을 만났을 때 영어로 일상적인 대화는 물론이고 제약과 관련된 전문적인 부분까지도 대화를 나눌 수 있기 때문에 충분히 영어로 의사소통이 가능하다고 자신합니다.","wordCount":80},"emotion":[],"intent":[{"text":"","expression":"","category":"attitude"}],"summary":{"text":"저는 외국계 제약회사에서 근무할 때 외국인들을 만날 기회가 많았습니다. 그 이후로 문법이나 말하는 부분이 향상되었고, 지금은 제약과 관련된 전문적인 부분까지 대화를 나눌 수 있기 때문에 영어로 의사소통이 가능합니다.","wordCount":28}}},"rawDataInfo":{"question":{"fileFormat":"wav","fileSize":266318,"duration":8320,"samplingBit":16,"channelCount":1,"samplingRate":"16kHz","audioPath":"/Mock/02.SalesMarketing/Male/Experienced/ckmk_q_sm_m_e_218867.wav"},"answer":{"fileFormat":"wav","fileSize":2263758,"duration":70740,"samplingBit":16,"channelCount":1,"samplingRate":"16kHz","audioPath":"/Mock/02.SalesMarketing/Male/Experienced/ckmk_a_sm_m_e_218867.wav"}}}