{"version":"1.0","dataSet":{"info":{"date":"20230116","occupation":"SM","channel":"MOCK","place":"ONLINE","gender":"MALE","ageRange":"35-44","experience":"EXPERIENCED"},"question":{"raw":{"text":"지원자분께서 직무를 수행함에 있어서 어떤 난관에 봉착했다고 하신다면 어떤 식으로 해결하시겠는지 이야기 해 주시고 그 해결법과 이유에 대해서도 보다 구체적으로 설명해 주세요","wordCount":22},"emotion":[],"intent":[]},"answer":{"raw":{"text":"어떤 업무를 하던 간에 난관에 봉착하는 일은 비일비재합니다. 저는 그럴 때마다 그 난관이 어떤 종류의 난관인지를 먼저 파악을 합니다. 내가 해결할 수 있는데 지금 당장 묘안이 떠오르지 않는 것인지 아니면 지금 당장 아무리 내가 열심히 해도 해결할 수 없는 것인지 그렇게 생각을 했을 때 제가 만약에 해결할 수 없는 것이면 직장의 동료 또는 선배 또는 타 부서 또는 매니저나 직급이 높고 경험이 많은 분들에게 요청을 합니다. 그래도 해결이 안된다고 하면 동종업계에 있는 지인들이나 지인의 지인까지 활용을 해서 문제점을 파악을 하고 해결점을 찾을려고 합니다. 그래도 해결이 안된다 하면 저는 유료 컨설팅 및 전문가들의 모인 곳에 비용을 주고 거기서 해답을 찾고자 합니다. 요즘은 인터넷이나 온라인에서 어떤 문제점을 올리면 거기에 대한 전문가가 전국 또는 해외에서 몰려들어서 묘안인 아니더라도 그것을 해결할 수 있는 차선책을 바로바로 알려주는 시스템들이 많습니다. 크몽이나 숨고 같은 곳에 제가 모르는 프로그래밍이나 기구 설계 또는 네트워크에 대한 아주 어려운 것을 어려 올려놓으면 십 분 또는 한 시간도 안 되서 먼저 답안이 오기 시작합니다. 물론 아주 좋은 답안은 하루 이틀 걸려서 올라오는 경우도 있는데요. 요즘은 이렇게 해서 가장 좋은 답안을 찾는 경우들이 많습니다.","wordCount":171},"emotion":[],"intent":[{"text":"","expression":"","category":"attitude"}],"summary":{"text":"어떤 업무를 하던 간에 난관에 봉착하는 일은 비일비재합니다. 그럴 때마다 난관이 어떤 종류의 난관인지를 먼저 파악을 합니다. 제가 해결할 수 없는 것이면 직장의 동료 또는 선배 또는 타 부서 또는 매니저나 경험이 많은 분들께 요청을 합니다. 해결이 안된다면 유료 컨설팅 및 전문가들의 모인 곳에 비용을 주고 거기서 해답을 찾고자 합니다. 요즘은 이렇게 해서 가장 좋은 답안을 찾는 경우들이 많습니다.","wordCount":59}}},"rawDataInfo":{"question":{"fileFormat":"wav","fileSize":609358,"duration":19040,"samplingBit":16,"channelCount":1,"samplingRate":"16kHz","audioPath":"/Mock/02.SalesMarketing/Male/Experienced/ckmk_q_sm_m_e_182787.wav"},"answer":{"fileFormat":"wav","fileSize":2808398,"duration":87760,"samplingBit":16,"channelCount":1,"samplingRate":"16kHz","audioPath":"/Mock/02.SalesMarketing/Male/Experienced/ckmk_a_sm_m_e_182787.wav"}}}