{"version":"1.0","dataSet":{"info":{"date":"20230116","occupation":"SM","channel":"MOCK","place":"ONLINE","gender":"MALE","ageRange":"55-","experience":"EXPERIENCED"},"question":{"raw":{"text":"만약 본인이 께임 속 캐릭터라면 어떤 께임에서 어떤 역할을 맡아서 해보고 싶으신가요","wordCount":12},"emotion":[],"intent":[]},"answer":{"raw":{"text":"만약 지원자님께서 게임 속 캐릭터라면 어떤 게임에서 어떤 역할을 맡아서 수행하고 싶은가요. 아 예 제가 아 게임 속 캐릭터라고 하면은 어 스타워즈 같은 우주 게임 이런 쪽에서 제가 게임을 하고 싶습니다. 그중에서도 전술과 전략을 통해서 그 게임을 운영하는 그런 능력의 소유자가 되고 싶습니다. 전체적으로 게임을 어 지휘할 수 있고 또한 그 게임에 실질적으로 들어가서 어 적군과 싸우는 아 그러한 게임에 아 실질적으로 하고 싶습니다. 많은 게임들이 있지만은 아 그런 쪽에서 현실에 그런 모습과 같은 연계에 그러한 게임을 많이 하고 싶습니다. 왜냐하면은 아 현실 세계와 게임 세계는 늘 다르게 아 연결해 놓면은 아 저한테도 도움이 별로 안 되고 어떻게 보면 시간 낭비에 그런 부분이기 때문에 그렇습니다. 제가 여태까지 경영이라든가 영엽이라든가 판매 쪽에서 신경을 쓰고 있었던 거와 마찬가지로 게임 속 캐릭터도 이와 같은 캐릭터가 돼서 제가 그 실생활에도 어 뭔가 이렇게 그 사이버로서 그러한 역할을 감당하는 쪽에 사용하고 싶습니다.","wordCount":137},"emotion":[],"intent":[{"text":"","expression":"","category":"attitude"}],"summary":{"text":"지원자님께서 게임 속 캐릭터라면 어떤 게임에서 어떤 역할을 맡아서 수행하고 싶가요. 제가 지금까지 경영이라든가 영엽이라든가 판매 쪽에 신경을 쓰고 있었던 거처럼 게임 속 캐릭터가 돼 제가 실생활에도 사이버로서 그러한 역할을 감당하는 쪽에 사용하고 싶습니다.","wordCount":34}}},"rawDataInfo":{"question":{"fileFormat":"wav","fileSize":241678,"duration":7550,"samplingBit":16,"channelCount":1,"samplingRate":"16kHz","audioPath":"/Mock/02.SalesMarketing/Male/Experienced/ckmk_q_sm_m_e_229004.wav"},"answer":{"fileFormat":"wav","fileSize":2818318,"duration":88070,"samplingBit":16,"channelCount":1,"samplingRate":"16kHz","audioPath":"/Mock/02.SalesMarketing/Male/Experienced/ckmk_a_sm_m_e_229004.wav"}}}