{"version":"1.0","dataSet":{"info":{"date":"20230116","occupation":"SM","channel":"MOCK","place":"ONLINE","gender":"MALE","ageRange":"55-","experience":"EXPERIENCED"},"question":{"raw":{"text":"지원자님께서 만약 이 면접에 최종적으로 탈락하신다고 하면 어떤 점이 부족해서 탈락했다고 생각을 하시겠습니까","wordCount":13},"emotion":[],"intent":[]},"answer":{"raw":{"text":"최종 탈락해 본다는 생각은 안 하고 있습니다. 그동안 직장 생활도 십 년 이상 했고 또한 자영업 시장에 뛰어들어서 그 어렵다는 자영업에서도 실패하지 않고 지금 하고 싶은 일을 열심히 하고 있기 때문에 자신이 있으며 혹 탈락한다면 인터뷰 과정에 스킬이 부족해서 그럴 수 있었겠구나 라고 생각합니다.","wordCount":44},"emotion":[],"intent":[{"text":"","expression":"","category":"attitude"}],"summary":{"text":"직장 생활 10년 이상, 자영업 시장 참여, 하고 싶은 일 열심히 하여 탈락하지 않고, 인터뷰 과정에 스킬 부족이 있었을 것이라고 생각합니다.","wordCount":21}}},"rawDataInfo":{"question":{"fileFormat":"wav","fileSize":473678,"duration":14800,"samplingBit":16,"channelCount":1,"samplingRate":"16kHz","audioPath":"/Mock/02.SalesMarketing/Male/Experienced/ckmk_q_sm_m_e_211159.wav"},"answer":{"fileFormat":"wav","fileSize":1894798,"duration":59210,"samplingBit":16,"channelCount":1,"samplingRate":"16kHz","audioPath":"/Mock/02.SalesMarketing/Male/Experienced/ckmk_a_sm_m_e_211159.wav"}}}