{"version":"1.0","dataSet":{"info":{"date":"20230116","occupation":"SM","channel":"MOCK","place":"ONLINE","gender":"MALE","ageRange":"35-44","experience":"EXPERIENCED"},"question":{"raw":{"text":"지원자님께서 그동안 인생에서 겪었던 갈등들 중에 가장 심각했던 갈등은 무엇인가요 한 가지만 골라서 구체적으로 말씀해 주시길 바랍니다","wordCount":17},"emotion":[],"intent":[]},"answer":{"raw":{"text":"어 제가 지금까지 겪었던 갈등 중에 가장 심각했던 갈등을 한번 고민해 봤습니다. 아 고민 했었던 경우가 이제 생각해 본 거는 어 일단 군 생활을 제가 직업 군인의 길을 선택하면서 어 군 생활 한 육 년 정도 했는데 그 육 년 하는 기간 동안에 안정적인 군인의 길과 이제 새로운 열정을 갖고 시작할 사회 생활을 꿈꿔 봤습니다. 그 기간에서 군 생활과 밖에 나가서 인제 사회 생활을 시작하는 거에 대해서 고민을 심각하게 하던 던 게 제일 큰 고민이었고 결국 했던 선택은 아 사회 생활을 해보면서 새로운 일을 또 해보자를 결정해서 지금 이 자리에서 면접을 또 보고 있는데 그 결정에 대한 거는 전혀 뭐 후회나 뭐 그런 것들은 없던 거 같습니다. 인생에 있어서 그때 한 몇 달 동안 정말 심도 깊게 여러 가지를 다 판단해 가면서 고민했던 그 심각했던 갈등이 있었던 거 같습니다. 그 부분이 제 인생에서 제일 큰 갈등이었던 것 같습니다. 이상입니다.","wordCount":139},"emotion":[],"intent":[{"text":"","expression":"","category":"attitude"}],"summary":{"text":"군 생활을 한 육 년 정도 했는데, 안정적인 군인의 길과 새로운 열정을 갖고 시작할 사회 생활을 꿈꿔서 군 생활과 밖에서 사회 생활을 시작하는 거에 대해 고민하다가 사회 생활을 해보면서 새로운 일을 또 해보자를 결정해서 지금 이 자리에서 면접을 보고 있는데 그 결정에 대한 것은 후회하지 않습니다.","wordCount":46}}},"rawDataInfo":{"question":{"fileFormat":"wav","fileSize":620878,"duration":19400,"samplingBit":16,"channelCount":1,"samplingRate":"16kHz","audioPath":"/Mock/02.SalesMarketing/Male/Experienced/ckmk_q_sm_m_e_196453.wav"},"answer":{"fileFormat":"wav","fileSize":2718478,"duration":84950,"samplingBit":16,"channelCount":1,"samplingRate":"16kHz","audioPath":"/Mock/02.SalesMarketing/Male/Experienced/ckmk_a_sm_m_e_196453.wav"}}}