{"version":"1.0","dataSet":{"info":{"date":"20230116","occupation":"SM","channel":"MOCK","place":"ONLINE","gender":"MALE","ageRange":"55-","experience":"EXPERIENCED"},"question":{"raw":{"text":"이전 직장을 그만두신 특별한 사유가 있으신가요 그리고 현 직장도 같은 이유로 그만둘 가능성이 있으신가요","wordCount":14},"emotion":[],"intent":[]},"answer":{"raw":{"text":"십 년 넘게 한 직장에서 한 우물만 팠기 때문에 회사에서 배운 지식과 경험을 바탕으로 제 개인의 능력을 펼칠 수 있는 더 성장할 수 있는 개인 사업을 하고 싶어서 그만두게 되었습니다. 현직장도 기회가 된다면 끝까지 한 우물만 파겠습니다.","wordCount":37},"emotion":[],"intent":[{"text":"","expression":"","category":"attitude"}],"summary":{"text":"십 년 넘게 한 직장에서 한 우물만 팠던 저는 더 성장할 수 있는 개인 사업을 하고 싶어서 그만두게 되었습니다. 현직장도 기회가 된다면 끝까지 하겠습니다.","wordCount":24}}},"rawDataInfo":{"question":{"fileFormat":"wav","fileSize":332878,"duration":10400,"samplingBit":16,"channelCount":1,"samplingRate":"16kHz","audioPath":"/Mock/02.SalesMarketing/Male/Experienced/ckmk_q_sm_m_e_210936.wav"},"answer":{"fileFormat":"wav","fileSize":1597198,"duration":49910,"samplingBit":16,"channelCount":1,"samplingRate":"16kHz","audioPath":"/Mock/02.SalesMarketing/Male/Experienced/ckmk_a_sm_m_e_210936.wav"}}}