{"version":"1.0","dataSet":{"info":{"date":"20230116","occupation":"SM","channel":"MOCK","place":"ONLINE","gender":"MALE","ageRange":"35-44","experience":"EXPERIENCED"},"question":{"raw":{"text":"지원자님이 일을 하면서 가장 어려울 것으로 예상되는 것은 무엇입니까 지원자님이 그리고 그에 어떻게 대처할 생각이신지 설명과 말씀 궁금합니다","wordCount":18},"emotion":[],"intent":[]},"answer":{"raw":{"text":"예 업 입사 후에 인제 업무가 시작이 되면 가장 어렵고 힘든 일이라고 판단되는 것이 사람 관계 즉 인간 관계인 것 같습니다. 일단 인간 관계가 갖춰지지 않고 사람들끼리 더불어가는 세상이기 때문에 인간 관계 갖춰지지 않고 이런 가족 느낌 이렇게 같은 팀이 소속이 되지 않을 거면은 아무리 자기가 일을 잘하고 능률이 있다 해도 절대 그 주변 조언이나 좋은 경험 노하우나 뭐 이런 조언들을 받을 수 없을 겁니다. 그러기 땜에 일단 사람을 얻고 난 후에 업무에 집중이 돼야지 업무에만 집중한다고 해서 절대 사람으로 얻을 수 없기 때문에 저는 그 부분이 가장 어렵고도 계속 지속돼야 할 과제 중에 하나인 그 팀원들 간에 갈등 없이 그런 인간 관계 교 뭐 그런 회사 관계에서 음 그런 것들이 가장 어려울 것으로 판단됩니다. 그 이후에 인제 자기 역량이나 직무 지식이나 뭐 팀웍이나 이런 것들을 만들어 가야 한다고 생각하기 때문에 그 부분이 가장 지속돼야 하고 끝까지 어 게을리 할 수 없는 분야 중에 하나인 인간 관계가 가장 어려울 것으로 생각하고 있습니다. 이상입니다.","wordCount":153},"emotion":[],"intent":[{"text":"","expression":"","category":"attitude"}],"summary":{"text":"입사 후 업무가 시작되면 가장 어렵고 힘든 일이라고 판단되는 것이 인간 관계인 것 같습니다. 인간 관계가 갖춰지지 않으면 주변 조언이나 좋은 경험 노하우 등을 받을 수 없기 때문입니다. 그 부분이 가장 지속돼야 하고 끝까지 어 게을리 할 수 없는 분야 중 하나인 인간 관계가 가장 어려울 것으로 생각합니다.","wordCount":48}}},"rawDataInfo":{"question":{"fileFormat":"wav","fileSize":461518,"duration":14420,"samplingBit":16,"channelCount":1,"samplingRate":"16kHz","audioPath":"/Mock/02.SalesMarketing/Male/Experienced/ckmk_q_sm_m_e_196459.wav"},"answer":{"fileFormat":"wav","fileSize":2693838,"duration":84180,"samplingBit":16,"channelCount":1,"samplingRate":"16kHz","audioPath":"/Mock/02.SalesMarketing/Male/Experienced/ckmk_a_sm_m_e_196459.wav"}}}