{"version":"1.0","dataSet":{"info":{"date":"20230116","occupation":"SM","channel":"MOCK","place":"ONLINE","gender":"MALE","ageRange":"35-44","experience":"EXPERIENCED"},"question":{"raw":{"text":"어 지금까지 살아오면서 가장 힘들었던 경험은 무엇인가요 그리고 그 힘들었던 경험을 어떻게 극복하셨는지도 궁금합니다","wordCount":14},"emotion":[],"intent":[]},"answer":{"raw":{"text":"가장 힘들었던 경험은 바로 가난이었습니다. 가난은 사람을 병들게 만들고 우울감과 자존감이 떨어지게 만듭니다. 특히나 고등학교 때는 자존심이 한창 세고 사춘기인 시절에 너무 가난해서 좋은 운동화 한번 못 신어보고 맛있는 반찬 한 번 싸간 적이 없습니다. 지금은 급식 문화였지만 저희 때는 학교의 도시락을 고등학교 때 두 개씩 싸 갖고 가야 되는데 그때마다 도시락 반찬은 항상 김치 아니면 콩자반이었습니다. 사춘기 나이에 남녀 공학에서 그렇게 사람들에게 무시를 당하고 가난으로 인하여 눈치를 보게 되면서 돈을 많이 벌어야겠다 라는 악바리 같은 근성만 생겼습니다. 고등학교 때 주말에는 거의 막노동을 하면서 생활비와 학비를 벌었고 그렇게 어렵게 졸업을 하고 나서 대학을 갈 수 있는 형편이 아닌데 저는 바득바득 우겨서 취업을 안하고 고등학교 진학 후에 바로 대학 시험을 받습니다. 대학에 입학하고 나서도 학자금 대출을 받으면서 방과 후 또는 주말에 막노동으로 하루하루를 연명할 수 있었습니다. 하루하루 연명하면서 끊임없이 공부하고 이렇게 다시는 가난해지면 안 되겠다 라는 악바리 같은 근성으로 지금 이렇게까지 올라왔고 결국은 공부를 더하고 지식을 많이 쌓고 돈을 벌어야 되겠다는 생각으로 모든 걸 이겨낸 것 같습니다.","wordCount":156},"emotion":[],"intent":[{"text":"","expression":"","category":"attitude"}],"summary":{"text":"가난은 사람을 병들게 만들고 우울감과 자존감을 떨어지게 만집니다. 사춘기에 가난으로 인하여 눈치를 보게 되면서 악바리 같은 근성만 생겼습니다. 대학에 입학하고 나서도 학자금 대출을 받으면서 방과 후 또는 주말에 막노동을 했습니다. 끊임없이 공부하고 돈을 벌어야 되겠다는 생각으로 모든 걸 이겨낸 것 같습니다.","wordCount":41}}},"rawDataInfo":{"question":{"fileFormat":"wav","fileSize":419278,"duration":13100,"samplingBit":16,"channelCount":1,"samplingRate":"16kHz","audioPath":"/Mock/02.SalesMarketing/Male/Experienced/ckmk_q_sm_m_e_191522.wav"},"answer":{"fileFormat":"wav","fileSize":2829518,"duration":88420,"samplingBit":16,"channelCount":1,"samplingRate":"16kHz","audioPath":"/Mock/02.SalesMarketing/Male/Experienced/ckmk_a_sm_m_e_191522.wav"}}}