{"version":"1.0","dataSet":{"info":{"date":"20230116","occupation":"SM","channel":"MOCK","place":"ONLINE","gender":"MALE","ageRange":"35-44","experience":"EXPERIENCED"},"question":{"raw":{"text":"이루고 싶은 인생의 목표가 있으신가요 있다면 그것은 무엇이고 지원자님은 왜 그것을 이루고 싶으신지도 말씀 부탁드립니다","wordCount":15},"emotion":[],"intent":[]},"answer":{"raw":{"text":"이 부분에 대해서는 저는 저의 직업적 가치관에 대해서 한번 말씀을 드리고 싶은데요. 왜냐하면 모든 직장인들에게는 자기만이 가지고 있는 이런 인생의 목표가 있을 거라고 생각하기 때문입니다. 저 같은 경우에는 좋은 직업을 가지고 그리고 이 직업에서 가지는 저의 커리어의 성장을 바탕으로 제 자신이 해당 분야에 굉장한 전문가로 크고 싶은 그런 바램들이 있습니다. 그래서 제가 가지고 있는 최종 목표는 제가 사십 대 쯤 되면은 직접 책을 편찬하는 부분인데요. 물론 저 같은 경우에는 대학 시절에 교직 자격증이 있어서 교육 업무에도 굉장히 관심이 있었다. 그런 부분에 대해서도 굉장히 좀 특별한 그런 계기들이 있기 합니다. 그래서 저는 제가 가진 이런 능력들을 잘 살려보고 해당 분야에서 전문가가 직접 되어보고 싶은 제 그런 소망들을 바탕으로 적어도 제가 한 십 년 뒤에는 직접 책을 편찬하고 글을 써서 교보문고 같은 데 제 책이 있는 모습을 보면은 저는 굉장히 뿌듯한 감정들을 느낄거 가 느낄 것 같습니다.","wordCount":135},"emotion":[],"intent":[{"text":"그래서 제가 가지고 있는 최종 목표는 제가 사십 대 쯤 되면은 직접 책을 편찬하는 부분인데요.","expression":"c_chl","category":"personality"}],"summary":{"text":"모든 직장인들에게 자기만이 가지고 있는 인생의 목표가 있을 것이라고 생각하기 때문에 저는 좋은 직업을 가지고 해당 분야에 굉장한 전문가로 크고 싶은 바램이 있습니다. 그래서 제가 가진 능력들을 잘 살려보고 해당 분야에서 전문가가 직접 되어보고 싶은 소망들을 바탕으로 한 십 년 뒤에는 직접 책을 편찬하고 글을 써서 교보문고에 책이 있는 모습을 보면은 뿌듯한 감정들을 느낄 것 같습니다.","wordCount":56}}},"rawDataInfo":{"question":{"fileFormat":"wav","fileSize":585678,"duration":18300,"samplingBit":16,"channelCount":1,"samplingRate":"16kHz","audioPath":"/Mock/02.SalesMarketing/Male/Experienced/ckmk_q_sm_m_e_209582.wav"},"answer":{"fileFormat":"wav","fileSize":2684238,"duration":83880,"samplingBit":16,"channelCount":1,"samplingRate":"16kHz","audioPath":"/Mock/02.SalesMarketing/Male/Experienced/ckmk_a_sm_m_e_209582.wav"}}}