{"version":"1.0","dataSet":{"info":{"date":"20230116","occupation":"SM","channel":"MOCK","place":"ONLINE","gender":"MALE","ageRange":"35-44","experience":"EXPERIENCED"},"question":{"raw":{"text":"지원자님이 생각하는 글로벌 인재에게 필수인 요소는 무엇이고 어 지원자님께서 그것을 위해 어떤 노력을 했는지 저에게 말해 주시겠어요","wordCount":17},"emotion":[],"intent":[]},"answer":{"raw":{"text":"어 글로벌 인재 세계적인 인재를 말씀해 주시는 것 같은데 어 그런 부분에 있어서 필수적인 요소는 일단 개방감인 것 같습니다. 오픈 마인드 그게 제일 중요할 것 같은데 음 미국에서 유래된 말 중의 하나가 오픈 마인드 내 마음은 항상 열려있다 뭐 이런 말인데 그런 오픈 마인드 자세가 제일 중요한 거 같습니다. 옛 것 옛날에는 이렇게 했다 뭐 일 년 전만 해도 이렇게 했다 이런 고지식한 생각은 버리고 마음을 열어 놓고 새로운 것이 왔을 때 그걸 받아들일 수 있는 빨리 적용시킬 수 있는 그런 사람이 글로벌 인재에 한 발 더 앞당겨지지 않을까 라고 생각을 해 봤고 그런 것들이 갖춰지기 위해서는 나의 인제 능력이나 실력도 당연히 갖춰져 있는 상태에서 영어라든지 외국어를 계속 자기개발을 통한 한 삼 개국어 미국어 중국어 독일어까지는 진행을 해야 글로벌 인재 요소에 갖춰지지 않을까 생각을 해 보았습니다. 예 앞으로도 그런 것들을 자기 개발을 통해서 더 노력할 거 같고 그런 데에 필요한 요소가 그렇게 갖춰질 것 같습니다. 이상입니다.","wordCount":146},"emotion":[],"intent":[{"text":"","expression":"","category":"attitude"}],"summary":{"text":"글로벌 인재의 필수 요소는 개방감이라고 봅니다. 마음을 열어 새로운 것을 빨리 받아들일 수 있는 사람이 글로벌 인재에 한 발 더 앞당겨질 것 같습니다. 앞으로도 그런 것들을 자기 개발을 통해 더 노력할 거 같고 그런 데에 필요한 요소가 그렇게 갖춰질 것 같아 보입니다.","wordCount":42}}},"rawDataInfo":{"question":{"fileFormat":"wav","fileSize":409678,"duration":12800,"samplingBit":16,"channelCount":1,"samplingRate":"16kHz","audioPath":"/Mock/02.SalesMarketing/Male/Experienced/ckmk_q_sm_m_e_146852.wav"},"answer":{"fileFormat":"wav","fileSize":2736718,"duration":85520,"samplingBit":16,"channelCount":1,"samplingRate":"16kHz","audioPath":"/Mock/02.SalesMarketing/Male/Experienced/ckmk_a_sm_m_e_146852.wav"}}}