{"version":"1.0","dataSet":{"info":{"date":"20230116","occupation":"SM","channel":"MOCK","place":"ONLINE","gender":"MALE","ageRange":"55-","experience":"EXPERIENCED"},"question":{"raw":{"text":"여러 사람들과 함께 근무를 하다 보면 구성원들과 갈등이 생길 일이 있습니다 이럴 때 어떻게 해결하시는 편인가요","wordCount":16},"emotion":[],"intent":[]},"answer":{"raw":{"text":"갈등은 어느 조직이나 있게 마련 입니다. 그런데 어떻게 잘 이를 극복하느냐가 문제입니다. 이 문제를 잘 해결해 나가야 더 큰 발전이 있다고 봅니다. 그래서 저는 이런 갈등이 있을 때는 서로 이해가 부족해서 나타나는 현상이라고 봅니다. 모든 것을 허심탄회하게 얘기할 수 있는 그런 어 팀 분위기가 무엇보다도 중요하다고 생각됩니다. 스스럼 없이 말할 수 있는 그런 분위기를 만드는 것이죠. 이것이 갈등을 해결하는 첫 걸음이라고 보여지기 때문입니다. 누구나 허심탄회하게 털어놓고 얘기할 수 있는 그런 조직 내 분위기 조성을 위해서 앞으로도 노력하겠지만 그런 부분들이 가장 중요시 되겠습니다.","wordCount":82},"emotion":[],"intent":[{"text":"그래서 저는 이런 갈등이 있을 때는 서로 이해가 부족해서 나타나는 현상이라고 봅니다.","expression":"c_confl_mg","category":"personality"},{"text":"모든 것을 허심탄회하게 얘기할 수 있는 그런 어 팀 분위기가 무엇보다도 중요하다고 생각됩니다.","expression":"c_confl_mg","category":"personality"}],"summary":{"text":"갈등은 어느 조직이나 있게 마련인데 잘 극복해 나가야 더 큰 발전이 있다고 봅니다. 갈등이 있을 때는 서로 이해가 부족해서 나타나는 현상이라고 봅니다. 누구나 허심탄회하게 털어놓고 말할 수 있는 조직 제 분위기 조성이 가장 중요합니다.","wordCount":34}}},"rawDataInfo":{"question":{"fileFormat":"wav","fileSize":375118,"duration":11720,"samplingBit":16,"channelCount":1,"samplingRate":"16kHz","audioPath":"/Mock/02.SalesMarketing/Male/Experienced/ckmk_q_sm_m_e_241599.wav"},"answer":{"fileFormat":"wav","fileSize":2584398,"duration":80760,"samplingBit":16,"channelCount":1,"samplingRate":"16kHz","audioPath":"/Mock/02.SalesMarketing/Male/Experienced/ckmk_a_sm_m_e_241599.wav"}}}