{"version":"1.0","dataSet":{"info":{"date":"20230116","occupation":"SM","channel":"MOCK","place":"ONLINE","gender":"MALE","ageRange":"45-54","experience":"EXPERIENCED"},"question":{"raw":{"text":"나만의 스트레스 해소법 무엇인가요 있다면 왜 그 방법으로 스트레스를 해소하는지 자세히 설명해 주시기 바랍니다","wordCount":14},"emotion":[],"intent":[]},"answer":{"raw":{"text":"저는 진짜 진짜 정말 단순한데요. 왜 그 티비에 보시면 드라마나 영화나 아니면 가끔 가다가 예능에도 나오는데요. 그 파괴시키는 스트레스를 푸는 그 공간이 있어요. 다 때려 부시면서 저 그거 합니다. 저도 몰랐어요 그런 게 있는지. 그런데 저도 저도 매체를 통해서 그런 공간과 그런 거를 어 해수 그까 그런 거를 하게 하는 그런 그런 영업 그런 사업체가 있는지도 몰랐는데 어느 날 문득 채널을 돌리다 그런 걸 하는 걸 보고 너무 신기해서 그냥 검색을 했다가 그냥 보기만 했다가 나중에 진짜 열 받는 상황이 있었는데 그게 딱 생각이 나더라구요. 그래서 가까운 근처에 가서 있길래 그냥 막 뭐 마네킹이고 막 물건이고 다 야구 방망이로 부셨거든요. 그 진짜로 정말 시원했습니다. 그게 있는 이유가 있어요. 때려 부신다는 게 해소감이 어마어마합니다.","wordCount":113},"emotion":[],"intent":[{"text":"","expression":"","category":"attitude"}],"summary":{"text":"티비에서 파괴시키는 스트레스 해소 공간을 보고 너무 신기해서 그냥 보기만 하다가 나중에 열 받는 상황이 있었는데 그게 생각이 났습니다. 가까운 곳에 있길래 가서 야구방망이로 물건을 부셨습니다. 정말 시원했습니다.","wordCount":28}}},"rawDataInfo":{"question":{"fileFormat":"wav","fileSize":330958,"duration":10340,"samplingBit":16,"channelCount":1,"samplingRate":"16kHz","audioPath":"/Mock/02.SalesMarketing/Male/Experienced/ckmk_q_sm_m_e_111581.wav"},"answer":{"fileFormat":"wav","fileSize":2922958,"duration":91340,"samplingBit":16,"channelCount":1,"samplingRate":"16kHz","audioPath":"/Mock/02.SalesMarketing/Male/Experienced/ckmk_a_sm_m_e_111581.wav"}}}