{"version":"1.0","dataSet":{"info":{"date":"20230116","occupation":"SM","channel":"MOCK","place":"ONLINE","gender":"MALE","ageRange":"35-44","experience":"EXPERIENCED"},"question":{"raw":{"text":"지원자님께서는 지금부터 삼 년 뒤까지 삼 년 내에 주요 성장 계획이나 목표가 혹시 있나요 있다면 어떠한 것인지 설명 부탁드립니다","wordCount":19},"emotion":[],"intent":[]},"answer":{"raw":{"text":"네 지금부터 삼 년 뒤 삼 년 내에 주요 저의 성장 계획이나 목표에 대해서 말씀드리겠습니다. 답변 드리도록 하겠습니다. 어 삼 년이라는 시간이 짧은 짧고 길면 긴 시간입니다. 그런데 또 정신없이 바쁘게 또 지내다 보면은 이 삼 년이라는 시간은 금방 흐를 것 같습니다. 아 일단 삼 년 뒤에 제가 이 회사에 입사 뒤에 제가 어떤 아 제는 좀 회사에 어떻게 돌아가고 어 회사에는 어떤 사람들이 있고 여기는 어떻게 구성이 되어 있고 내가 어떻게 더 잘 해야겠다 이런 느낌이 들지 않을까 싶습니다. 이제 어떻게 보면 회사에 이제 한 일 원이 되고 가족이 되지 않았을까 라는 생각을 해 볼 수 있을 것 같고 이제 삼 년 정도 됐으면 더 상급 단계 업무를 하고 싶은 욕심이 생길 겁니다. 그 욕심을 당하기 위해서 내가 맡은 파트 영업에서 팀장이 되게끔 음 관련된 자격증이라든지 그런 노하우 아니면은 더욱더 많은 지인들을 섭외하고 더 많은 성과를 내기 위해서 실적을 위해 또 많은 노력을 더 하고 있지 않을까 싶습니다. 또 개인적으로는 뭐 아이들도 키우고 있고 하기 때문에 어떻게 보면 한 가정에 가장으로서 또 가족을 잘 이끌어 나가고 있고 아이들이 커가는 모습과 하면서 그런 일과 어 영업의 어 그런 균형이 맞춰지면서 그런 워라벨도 지키고 있지 않을까 싶습니다. 그래서 저의 목표는 결국은 안정적인 지위를 갖는 것이고 그게 저의 목표가 될 것 같습니다. 이상입니다.","wordCount":201},"emotion":[],"intent":[{"text":"","expression":"","category":"attitude"}],"summary":{"text":"삼 년 내에 성장 계획이나 목표에 대해 답변 드리겠습니다. 저는 한 가정에 가장으로서 가족을 잘 이끌어가고 있고 아이들이 커가는 모습과 하면서 일과 영업의 균형이 맞춰지면서 그런 워라벨도 지키고 있습니다. 그래서 저는 안정적인 지위를 갖는 것이 목표가 될 것 같습니다. 이상입니다.","wordCount":40}}},"rawDataInfo":{"question":{"fileFormat":"wav","fileSize":524238,"duration":16379,"samplingBit":16,"channelCount":1,"samplingRate":"16kHz","audioPath":"/Mock/02.SalesMarketing/Male/Experienced/ckmk_q_sm_m_e_229800.wav"},"answer":{"fileFormat":"wav","fileSize":3607438,"duration":112730,"samplingBit":16,"channelCount":1,"samplingRate":"16kHz","audioPath":"/Mock/02.SalesMarketing/Male/Experienced/ckmk_a_sm_m_e_229800.wav"}}}