{"version":"1.0","dataSet":{"info":{"date":"20230116","occupation":"SM","channel":"MOCK","place":"ONLINE","gender":"MALE","ageRange":"45-54","experience":"EXPERIENCED"},"question":{"raw":{"text":"업무를 진행하다 보면 상사와 트러블이 생길 수 있는데 이때 어떻게 대처할 것이고 또 혼냈을 때 기분이 나쁘진 않을까요","wordCount":18},"emotion":[],"intent":[]},"answer":{"raw":{"text":"있을 수 있죠 네. 사람인데요. 뭐 혼남 제가 뭐 나이가 아주 적지는 않지만 기분이 나쁠 수는 있겠지만 없다고 하면 없을 사람은 없을 거예요. 근데 음 우선 저는 저를 돌이켜보는 시간을 가질 것 같애요. 왜 트러블이 일어났는지 어 제가 너무 어떤 특정 부분만 고수를 해서 일어난 건지 그까 저로 인한 부분인 건지 아니면 그냥 서로 간에 어 어떠한 입장 차이로 인해 어떤 견해 차이로 인해서 벌어진 쌍방 간의 트러블인 건지를 돌이켜보면서 판단을 해 봐야 될 것 같고요. 음 그게 억울한 일이라면 기분이 나쁘긴 할 것 같습니다. 네 왜냐하면 일을 하는 데 있어서 어 관점이 다르기 때문에 여러 가지 의견 차이가 있을 수는 있잖아요. 그래서 네 그 정도로 가면 되지 쪼금 그것보다 더 어떤 윗선에서의 압박으로 들어온다면 기분은 나쁠 수 있죠.","wordCount":119},"emotion":[],"intent":[{"text":"왜 트러블이 일어났는지 어 제가 너무   어떤 특정 부분만 고수를 해서 일어난 건지 그까 저로 인한 부분인 건지 아니면 그냥 서로 간에 어 어떠한 입장 차이로 인해 어떤 견해 차이로 인해서 벌어진   쌍방 간의 트러블인 건지를 돌이켜보면서 판단을 해 봐야 될 것 같고요.","expression":"c_confl_mg","category":"personality"}],"summary":{"text":"혼남인 저는 트러블이 일어난 이유를 돌이켜보는 시간을 가질 것 같습니다. 관점이 다르기 때문에 의견 차이가 있을 수 있으니 그 정도로 하고 그 이상 상급자의 압박으로 들어온다면 기분은 나쁠 수 있습니다.","wordCount":30}}},"rawDataInfo":{"question":{"fileFormat":"wav","fileSize":427598,"duration":13360,"samplingBit":16,"channelCount":1,"samplingRate":"16kHz","audioPath":"/Mock/02.SalesMarketing/Male/Experienced/ckmk_q_sm_m_e_160375.wav"},"answer":{"fileFormat":"wav","fileSize":2915278,"duration":91100,"samplingBit":16,"channelCount":1,"samplingRate":"16kHz","audioPath":"/Mock/02.SalesMarketing/Male/Experienced/ckmk_a_sm_m_e_160375.wav"}}}