{"version":"1.0","dataSet":{"info":{"date":"20230116","occupation":"SM","channel":"MOCK","place":"ONLINE","gender":"MALE","ageRange":"35-44","experience":"EXPERIENCED"},"question":{"raw":{"text":"커뮤니케이션을 잘 할 수 있는 본인만의 스킬이 있으시다면 어 한 번 소개해 주시고 어 직접 한 번 보여주셔도 좋을 것 같습니다","wordCount":21},"emotion":[],"intent":[]},"answer":{"raw":{"text":"커뮤니케이션의 기본 관점은 소통입니다. 소통은 공감대 형성이고 심리학에서는 이 공감대 형성을 라포라고 얘기를 합니다. 라포를 형성하기 위한 가장 좋은 것은 서로에게 필요한 주제를 찾는 것입니다. 예를 들어 상대방이 등산에 대한 관심이 많은 사람이라면 어떤 등산이 가장 좋았는지 등산 제품은 어떤 걸 쓰고 있는지에 대해서 먼저 질문을 유도하는 것입니다. 예를 들어 아 김 과장님 김 과장님 혹시 등산 좋아하시나요. 저는 소요산을 갔는데 소요산은 시 월 달에 굉장히 경치를 느낄 수 있고 단풍을 볼 수 있습니다. 그리고 내려오는 그 길에 막걸리와 파전이 유명한데요. 언제 한 번 저랑 같이 가시는 건 어떨까요 라고 얘기를 하면 등산에 관심이 있는 김 과장님은 바로 이런 얘기를 할 겁니다. 아 저도 소요산을 가봤습니다. 그런데 그 소요산이 그 시 월 달에 갔을 때 어떤 느낌인지는 보질 못했네요. 그리고 내려올 때 파전 및 막국수가 유명하다는 다고 했는데 저는 실제적으로 파전하고 막국수는 먹지 못하고 두부 김치만 먹었습니다. 언제 한 번 같이 소요산을 같이 가는 건 어떨까요 라고 똑같이 얘기를 하게 됩니다. 그러면서 등산 제품 어느 산이 좋은지 어느 산은 몇 월 달에 가면 좋은지 어느 산에 어떤 단풍 축제가 좋은지에 대한 서로 정보를 공유하면서 그렇게 공감대를 형성하다 보면 커뮤니케이션 스트 킬은 자동적으로 늘 수 밖에 없습니다.","wordCount":186},"emotion":[],"intent":[{"text":"그러면서 등산 제품 어느 산이 좋은지 어느 산은 몇 월 달에 가면 좋은지 어느 산에 어떤 단풍 축제가 좋은지에 대한 서로 정보를 공유하면서 그렇게 공감대를 형성하다 보면 커뮤니케이션 스트 킬은 자동적으로 늘 수 밖에 없습니다.","expression":"s_intp","category":"attitude"}],"summary":{"text":"커뮤니케이션의 기본 관점은 소통이며 심리학에서는 이 공감대 형성을 라포라고 합니다. 라포를 형성하기 위한 가장 좋은 것은 서로에게 필요한 주제를 찾는 것입니다. 예를 들어 등산 제품에 대한 정보를 공유하면서 공감대를 형성하다 보면 커뮤니케이션 스트 킬은 자동적으로 늘 수 밖에 없습니다.","wordCount":39}}},"rawDataInfo":{"question":{"fileFormat":"wav","fileSize":492878,"duration":15400,"samplingBit":16,"channelCount":1,"samplingRate":"16kHz","audioPath":"/Mock/02.SalesMarketing/Male/Experienced/ckmk_q_sm_m_e_164951.wav"},"answer":{"fileFormat":"wav","fileSize":2805198,"duration":87660,"samplingBit":16,"channelCount":1,"samplingRate":"16kHz","audioPath":"/Mock/02.SalesMarketing/Male/Experienced/ckmk_a_sm_m_e_164951.wav"}}}