{"version":"1.0","dataSet":{"info":{"date":"20230116","occupation":"SM","channel":"MOCK","place":"ONLINE","gender":"MALE","ageRange":"35-44","experience":"EXPERIENCED"},"question":{"raw":{"text":"본인이 생각하는 자신의 장점에 대해서 말씀해 주시구요 또 단점에 대해서도 말씀을 해 주시기 바랍니다 또한 그것을 특화시키고 극복하기 위한 노력에 대해서도 함께 말씀해 주세요","wordCount":24},"emotion":[],"intent":[]},"answer":{"raw":{"text":"저의 장점은 빠르고 확실하고 즉시 실천하는 것이 저의 장점입니다. 하지만 그 장점이 가끔은 더 단점일 수도 있습니다. 너무 빠르고 이제 성급하다고 볼 수도 있죠. 그런 경우들이 가끔씩 생겨서 그런 부분에서 일적으로 문제가 생긴 적도 몇 번 있습니다. 그래서 저는 그것을 극대화하고 또 약간 보완을 하기 위해서 저는 하루를 메모를 하는 습관을 가지고 있습니다. 그리고 메모하고 그것을 저녁에 한 번 보면서 제가 어떤 부분이 성급하지 않았을까 어떤 부분이 조금 더 보완을 해야 되지 않을까 그렇게 생각하는 시간을 가지면서 저의 장점이자 단점을 극복하고 또 보완하기 위해 노력하고 있습니다.","wordCount":86},"emotion":[],"intent":[{"text":"저의 장점은 빠르고 확실하고 즉시 실천하는 것이 저의 장점입니다.","expression":"c_person","category":"background"},{"text":"너무 빠르고 이제 성급하다고 볼 수도 있죠.","expression":"c_person","category":"background"},{"text":"그래서 저는 그것을 극대화하고 또 약간 보완을 하기 위해서 저는 하루를 메모를 하는 습관을 가지고 있습니다.","expression":"c_person","category":"background"}],"summary":{"text":"저는 빠르고 확실하고 즉시 실천하는 장점을 가지고 있지만, 너무 빠르고 성급하다고 볼 수도 있어서 이것을 극대화하고 보완하기 위해 하루의 메모를 하는 습관을 가지고 있습니다. 그리고 이것을 보완을 위해 보완을 위한 시간을 가지면서 노력중입니다.","wordCount":33}}},"rawDataInfo":{"question":{"fileFormat":"wav","fileSize":571278,"duration":17850,"samplingBit":16,"channelCount":1,"samplingRate":"16kHz","audioPath":"/Mock/02.SalesMarketing/Male/Experienced/ckmk_q_sm_m_e_242768.wav"},"answer":{"fileFormat":"wav","fileSize":1573518,"duration":49170,"samplingBit":16,"channelCount":1,"samplingRate":"16kHz","audioPath":"/Mock/02.SalesMarketing/Male/Experienced/ckmk_a_sm_m_e_242768.wav"}}}