{"version":"1.0","dataSet":{"info":{"date":"20230116","occupation":"SM","channel":"MOCK","place":"ONLINE","gender":"MALE","ageRange":"-34","experience":"EXPERIENCED"},"question":{"raw":{"text":"본인의 생각이 아니라 본인 주변의 다른 사람들이 생각하는 장점과 단점에 대해서 모두 말씀해 주세요","wordCount":14},"emotion":[],"intent":[]},"answer":{"raw":{"text":"다른 사람이 저에게 말해주는 저의 장점은 꼼꼼하다는 것입니다. 제가 어떤 일을 해도 항상 계획을 세우고 꼼꼼하게 하기 때문에 어떤 일을 맡겨도 믿고 맡길 수 있다 라는 말을 많이 들었던 것 같습니다. 반면에 저의 단점은 제가 너무 소심하다는 것입니다. 제가 부끄러움을 많이 타고 낯도 많이 가리는 스타일이라서 처음 보는 사람들과 대화를 잘 못하는 경향이 있습니다. 이런 저의 단점을 조금이라도 고치기 위해서 요즘 동호회 활동을 많이 하고 있는데요. 동호회 활동을 하면 처음 보는 사람과 그리고 다양한 사람들을 만나기 때문에 여기서 대화를 하다 보면 제가 조금 더 활발해지는 기분이 드는 것 같습니다. 그래서 저의 단점을 보완하기 위해 저는 동아리 활동들을 하고 있습니다.","wordCount":99},"emotion":[],"intent":[{"text":"반면에 저의 단점은 제가 너무 소심하다는 것입니다.","expression":"c_person","category":"background"},{"text":"제가 부끄러움을 많이 타고 낯도 많이 가리는 스타일이라서 처음 보는 사람들과 대화를 잘 못하는 경향이 있습니다.","expression":"c_person","category":"background"}],"summary":{"text":"저는 꼼꼼한 장점이 있는 반면, 소심하다는 단점이 있습니다. 이 단점을 보완하기 위해 동호회 활동을 하고 있는데, 여기서 대화를 하다 보면 조금 더 활발해지는 기분이 드는 것 같습니다. 그래서 저는 동아리 활동들을 하고 있합니다.","wordCount":33}}},"rawDataInfo":{"question":{"fileFormat":"wav","fileSize":300558,"duration":9390,"samplingBit":16,"channelCount":1,"samplingRate":"16kHz","audioPath":"/Mock/02.SalesMarketing/Male/Experienced/ckmk_q_sm_m_e_208284.wav"},"answer":{"fileFormat":"wav","fileSize":2252878,"duration":70400,"samplingBit":16,"channelCount":1,"samplingRate":"16kHz","audioPath":"/Mock/02.SalesMarketing/Male/Experienced/ckmk_a_sm_m_e_208284.wav"}}}