{"version":"1.0","dataSet":{"info":{"date":"20230116","occupation":"SM","channel":"MOCK","place":"ONLINE","gender":"MALE","ageRange":"-34","experience":"EXPERIENCED"},"question":{"raw":{"text":"상사가 회사의 이익에 반하는 행동을 하는 것을 만약에 직접 목격하게 됐다면 어 그런 상황에서 어떻게 행동하시겠는지요 어 지원자님이 어떻게 행동하실지 한 번 말씀해 보시겠습니까","wordCount":24},"emotion":[],"intent":[]},"answer":{"raw":{"text":"먼저 상사가 회사의 이익을 반하는 행동을 고의적으로 했는지 아니면 실수로 했는지에 따라서 어 달라질 것 같습니다. 어 만약에 어 실수로 했을 경우를 대비해서 먼저 이 부분이 회사의 이익에 반하는 행동이다 라고 먼저 이야기를 하고 어 설명을 해줄 것 같습니다. 그 후에도 이런 부분들이 달라지지 않는다면 어 고의적인 생각으로 회사의 이익에 반하는 행동을 하고 있구나 라고 판단을 하고 이 부분은 어 그 상급자의 상급자 즉 차 상급자에게 이야기를 해서 어 조치를 할 수 있도록 해야 된다고 생각합니다.","wordCount":76},"emotion":[],"intent":[{"text":"","expression":"","category":"attitude"}],"summary":{"text":"상사의 회사 이익에 반하는 행동이 고의적이었는지 실수했는지에 따라 달라질 것 같습니다. 실수했을 경우 상급자에게 이야기를 해서 조치를 할 수 있도록 해야 한다고 생각합니다.","wordCount":23}}},"rawDataInfo":{"question":{"fileFormat":"wav","fileSize":495118,"duration":15470,"samplingBit":16,"channelCount":1,"samplingRate":"16kHz","audioPath":"/Mock/02.SalesMarketing/Male/Experienced/ckmk_q_sm_m_e_192258.wav"},"answer":{"fileFormat":"wav","fileSize":1803598,"duration":56360,"samplingBit":16,"channelCount":1,"samplingRate":"16kHz","audioPath":"/Mock/02.SalesMarketing/Male/Experienced/ckmk_a_sm_m_e_192258.wav"}}}