{"version":"1.0","dataSet":{"info":{"date":"20230116","occupation":"SM","channel":"MOCK","place":"ONLINE","gender":"MALE","ageRange":"35-44","experience":"EXPERIENCED"},"question":{"raw":{"text":"지원자님의 십 년 후 미래는 어떨 것 같나요 저희 회사에 계속 다니고 계실 것 같으신가요 본인의 생각을 얘기해 주시기 바랍니다","wordCount":20},"emotion":[],"intent":[]},"answer":{"raw":{"text":"어 저희 이제 십 년 후 미래에는 어 이제 어느 정도 상급 업무를 진행하고 있을 것 같습니다. 그리고 지금 회사에 계속 다니고 있을 것으로 판단이 되는데 그 이후로는 전 회사에서도 이제 그만 두기 퇴사하기를 결심한 이유가 이 그 전 회사가 좀 소규모 회사이다 보니 조금 이제 개인의 미래적으로 봤을 때나 회사의 확장 속도 이런 것들이 이제 눈에 더디다 보니까 그런 데에서 좀 많이 회의감을 느꼈던 것 같습니다. 지금 회사는 여러 가지 분야를 할 수 있고 또 회사의 발전의 미래성 비전 같은 게 보이기 때문에 어 십 년 뒤에도 오히려 회사는 더 커져 있을 것이고 그러다 보면 이제 십 년 간의 경력 그 전에 경력들이 합쳐져서 어 상위 임무를 수행하고 있지 않을까 싶습니다. 그러다 보면 십 년 후의 미래에는 이제 하나의 가정을 이루고 하나의 이제 안정적인 사회적 지위를 갖고 있으면서 그렇게 하면서 지금도 이 회사에 합격을 한다면 십 년 후 이십 년 후에도 마찬가지로 지금 회사에 지속적으로 장기로적으로 회사를 다니고 있지 않을까 싶습니다. 이상입니다.","wordCount":153},"emotion":[],"intent":[{"text":"","expression":"","category":"attitude"}],"summary":{"text":"소규모 회사라 확장 속도가 눈에 띄지 않아 퇴사를 결심하게 되었습니다. 하지만 앞으로 회사가 발전하고 미래성 비전이 보이기 때문에 십 년 후에도 회사는 더 커질 것이고, 그 전의 경력들이 합쳐져 상위 임무 수행을 할 것 같습니다. 안정적인 사회적 지위를 갖고 있고 지금도 회사에 합격을 하면 십년 후에도 계속 회사를 다니고 있을 것입니다.","wordCount":51}}},"rawDataInfo":{"question":{"fileFormat":"wav","fileSize":599118,"duration":18720,"samplingBit":16,"channelCount":1,"samplingRate":"16kHz","audioPath":"/Mock/02.SalesMarketing/Male/Experienced/ckmk_q_sm_m_e_191810.wav"},"answer":{"fileFormat":"wav","fileSize":2645198,"duration":82660,"samplingBit":16,"channelCount":1,"samplingRate":"16kHz","audioPath":"/Mock/02.SalesMarketing/Male/Experienced/ckmk_a_sm_m_e_191810.wav"}}}