{"version":"1.0","dataSet":{"info":{"date":"20230116","occupation":"SM","channel":"MOCK","place":"ONLINE","gender":"MALE","ageRange":"35-44","experience":"EXPERIENCED"},"question":{"raw":{"text":"본인만의 스트레스 해소 방법이 있다면 무엇입니까 왜 그 방법으로 스트레스를 해소하는지도 함께 말씀해 주세요","wordCount":14},"emotion":[],"intent":[]},"answer":{"raw":{"text":"제가 스트레스를 해소하는 방법은 두 가지가 있습니다. 첫 번째는 피톤치드가 나오는 숲길을 한 시간에서 한 시간 반 동안 걷기입니다. 뇌 과학자들에 의하면 발바닥에 지속적인 자극을 통해서 뇌가 다시 생각하고 햇 스트레스를 전부 해소시킬 수 있다고 합니다. 특히나 많이 걸으면 혈액순환에도 좋고 건강에도 좋구 운동량도 많아지고 뇌도 깨끗해짐으로써 저에겐 스트레스 해소법 중에 가장 단연 좋은 최고의 방법입니다. 그리고 두 번째는 바로 테니스라는 운동을 하는 것입니다. 많은 사람들이 테니스는 어떻게 하는지만 관심 있지 실제로 해본 사람은 테니스가 얼마큼 스트레스에 해소에 도움이 되는지를 알 수 있습니다. 왜냐하면 일단은 자연이 자연 경관이 펼쳐진 코트에서 많은 사람들과 웃으면서 대화도 하고 경기를 하다 보면 내가 공을 한 번 칠 때마다 빵빵 소리가 나면서 스트레스가 날라가는 것입니다. 사람들이 스트레스를 많이 받을 때 펀치를 하거나 많이 모든 걸 때리거나 부수는 일을 많이 합니다. 그때 테니스 역시 공을 빵빵 때리기 시작하면 저도 모르게 마음속에 있는 스트레스나 마음의 짐이 조금씩 사라지는 느낌이 듭니다. 그리고 테니스 역시 발바닥에 자극을 많이 줄 수 있는 뜀박질을 지속적으로 하기 때문에 나중에 끝나고 나면 땀도 한 바가지 흘리고 실제로 스트레스가 엄청 많이 해소가 되곤 합니다.","wordCount":170},"emotion":[],"intent":[{"text":"","expression":"","category":"attitude"}],"summary":{"text":"저는 숲길을 한 시간에서 한 시간 반 동안 걷기와 테니스를 하는 방법으로 스트레스를 해소하고 있습니다. 사람들이 자연 경관이 펼쳐져 있는 코트에서 경기하다 보면 공에 부딪힐 때마다 스트레스가 터지는데, 테니스 역시 발바닥에 자극을 많이 줄 수 있는 뜀박질을 지속적으로 하기 때문에 나중에 끝나고 나면 땀도 한 바가지 맞고 스트레스가 많이 해소가 됩니다.","wordCount":51}}},"rawDataInfo":{"question":{"fileFormat":"wav","fileSize":345678,"duration":10800,"samplingBit":16,"channelCount":1,"samplingRate":"16kHz","audioPath":"/Mock/02.SalesMarketing/Male/Experienced/ckmk_q_sm_m_e_195789.wav"},"answer":{"fileFormat":"wav","fileSize":2844238,"duration":88880,"samplingBit":16,"channelCount":1,"samplingRate":"16kHz","audioPath":"/Mock/02.SalesMarketing/Male/Experienced/ckmk_a_sm_m_e_195789.wav"}}}