{"version":"1.0","dataSet":{"info":{"date":"20230116","occupation":"SM","channel":"MOCK","place":"ONLINE","gender":"MALE","ageRange":"45-54","experience":"EXPERIENCED"},"question":{"raw":{"text":"본인이 생각하는 최근 이 삼십 대 트렌드는 무엇인지 설명 부탁드리겠습니다","wordCount":10},"emotion":[],"intent":[]},"answer":{"raw":{"text":"본인이 생각하는 최근 이십 대 삼십 대의 트렌드는 무엇인가 라고 문의를 해 주셨는데요. 기본적으로 이 삼십 대와 이 삼 주의 트렌드는 회사를 위한 회사만을 위한 자기 시간을 포기한다든가 그런 부분 쪽보다는 개인주의적 성향이 이 이전 세대보다는 훨씬 더 강하다고 할 수 있겠습니다. 개인주의적 성향이 무조건 나쁜 것만은 아니라고 생각을 하고요. 개인주의와 이기주의는 극명한 차이점 공통점과 차이점을 가지고 있습니다. 공통점은 자기애가 강한 본인을 사랑하는 부분들이 강하다는 부분이고요. 다른 점이라고 한다면 개의 다른 점이라고 한다면 이 사 개인주의와 이기주의의 이의 가장 큰 다른 점이라고 한다면 일반적으로는 남아의 남에게 피해를 주지 않고 역으로 남이 나한테 피해를 주는 부분을 못 참아 한다는 얘기입니다. 따라서 극명한 어 삼십 사십 대 오십 대들은 회사생활이나 여러 가지 면에서 자기보다는 회사라든지 희생을 하는 부분들도 있지만 이 삼십 대 관련된 부분들은 그러한 부분들이 좀 약하다고 할 수 있겠습니다.","wordCount":129},"emotion":[],"intent":[{"text":"","expression":"","category":"attitude"}],"summary":{"text":"본인이 생각하는 최근 이십 대-30 대의 트렌드는 개인주의적 성향이 이전 세대보다는 훨씬 더 강합니다. 개인주의와 이기주의는 극명한 차이점 공통점과 차이점을 가지고 있습니다. 가장 큰 차이점이라면 일반적으로는 남아의 타인에게 피해를 주지 않고 역으로 남이 나한테 피해를 주는 부분을 못 참는 것입니다.","wordCount":40}}},"rawDataInfo":{"question":{"fileFormat":"wav","fileSize":279438,"duration":8730,"samplingBit":16,"channelCount":1,"samplingRate":"16kHz","audioPath":"/Mock/02.SalesMarketing/Male/Experienced/ckmk_q_sm_m_e_105508.wav"},"answer":{"fileFormat":"wav","fileSize":2695118,"duration":84220,"samplingBit":16,"channelCount":1,"samplingRate":"16kHz","audioPath":"/Mock/02.SalesMarketing/Male/Experienced/ckmk_a_sm_m_e_105508.wav"}}}