{"version":"1.0","dataSet":{"info":{"date":"20230116","occupation":"SM","channel":"MOCK","place":"ONLINE","gender":"MALE","ageRange":"45-54","experience":"EXPERIENCED"},"question":{"raw":{"text":"그 지원하신 해당 직무와 관련해서 본인이 가진 강점은 무엇이라고 생각하시는지 예 생각해보시고 말씀해 주시겠습니까","wordCount":14},"emotion":[],"intent":[]},"answer":{"raw":{"text":"해당 직무와 관련된 자신의 강점이 무엇이라고 생각하냐고 한 문 문의를 하셨는데 일단 직무는 해 해외 영업입니다. 해외 영업에서 자신만의 본인 자신만의 가질 수 있는 강점이라고 한다면 저는 중국 중국에서 오 년 동안 유학 생활을 하며 중국어 뿐만이 아니라 이 전공인 일본어 그리고 어 캐나다 밴쿠바에서 영어를 공부를 했었기 때문에 영어 중국어 일본어를 동시에 자유롭게 구사할 수 있는 소통 능력이라고 할 수 있겠습니다. 물론 언어만을 보면 저보다 잘하는 사람은 많이 있을 거라 생각을 합니다. 저는 회사 근무를 할 때 중국의 남방 지역인 광동성 심천 지역에 아무도 아는 사람이 없는 상태에서 직접 파견을 나가 지사를 설립하고 그 지사에서 일할 인원들을 직접 면접을 보아 채용을 하였었으며 그 인원들과 함께 영업을 진행을 해서 최종적으로는 신규 영업 매출을 창출한 경험을 가지고 있습니다. 매출 뿐만이 아니라 미수금까지 최종적으로는 다 챙긴 이러한 경험들은 많은 사람이 갖고 있다고 생각하진 않은 저만의 강점이라고 할 수 있겠습니다.","wordCount":137},"emotion":[],"intent":[{"text":"저는 회사 근무를 할 때   중국의 남방 지역인 광동성 심천 지역에 아무도 아는 사람이 없는 상태에서 직접 파견을 나가   지사를 설립하고 그 지사에서 일할 인원들을 직접 면접을 보아 채용을 하였었으며 그 인원들과 함께   영업을 진행을 해서 최종적으로는 신규 영업 매출을 창출한 경험을 가지고 있습니다.","expression":"s_sell_exp","category":"technology"}],"summary":{"text":"해외 영업의 강점은 영어, 중국어, 일본어를 동시에 구사할 수 있는 소통 능력입니다. 광동성 심천 지역에 아는 사람이 없는 상태에서 직접 파견을 나가 직접 면접을 보아 채용하였고 그 인원들과 함께 영업을 진행을 해서 최종적으로는 신규 영업 매출을 창출한 경험이 있습니다. 매출 뿐만 아니라 미수금까지 다 챙긴 이러한 경험들은 저만의 강점입니다.","wordCount":49}}},"rawDataInfo":{"question":{"fileFormat":"wav","fileSize":518478,"duration":16200,"samplingBit":16,"channelCount":1,"samplingRate":"16kHz","audioPath":"/Mock/02.SalesMarketing/Male/Experienced/ckmk_q_sm_m_e_105435.wav"},"answer":{"fileFormat":"wav","fileSize":2742798,"duration":85710,"samplingBit":16,"channelCount":1,"samplingRate":"16kHz","audioPath":"/Mock/02.SalesMarketing/Male/Experienced/ckmk_a_sm_m_e_105435.wav"}}}