{"version":"1.0","dataSet":{"info":{"date":"20230116","occupation":"SM","channel":"MOCK","place":"ONLINE","gender":"MALE","ageRange":"35-44","experience":"EXPERIENCED"},"question":{"raw":{"text":"어떤 목표를 달성하기 위해서 이 삼 년간 열심히 노력한 뒤 목표를 달성해 본 경험이 있나요","wordCount":15},"emotion":[],"intent":[]},"answer":{"raw":{"text":"네 입사 후에 제가 무언가를 달성하기 위해서 목표를 세우고 한 이 년이나 삼 년 오 년 십 년 목표를 설정해서 달성한 경험에 대해서 답변 드리겠습니다. 일단 뭐 군 생활을 말씀드리자면 군 생활 할 때는 어 삼 년간 정도 시간을 할애해서 중사 진급을 목표로 했었습니다. 그때 이제 삼 년간 이 년 빠르면 이 년 내지는 삼 년 안에 중사를 달겠다는 목표를 정확하게 정했었고 그에 맞춰서 진행하기 위해서 뭐 여러 가지 자립 관리라든지 뭐 이런 주변 이미지 생성 이런 것들을 최선을 다하고 정말 꾸준하게 어 음 마이너스가 되는 요소를 최소화 시키기 위해서 한 이 년 삼 년 간에서 이 년 만에 그 목표를 달성했던 경험이 있습니다. 어 굉장히 뿌듯했고 정말 이렇게 계획적으로 준비하고 어 관리를 본인이 자기의 자력을 관리해 주고 이렇게 하면서 이렇게 좋은 결과를 갖게 되는 거에 대해서 하나 배울 수 있었고 앞으로도 이런 식으로 접목시키면은 내가 원하는 것을 이루는 데 있어서 시간을 최대한 최소의 시간을 들여서 얻을 수 있겠구나. 그거를 많이 깨달았던 것 같습니다. 이상입니다.","wordCount":155},"emotion":[{"text":"어 굉장히 뿌듯했고 정말 이렇게 계획적으로 준비하고 어 관리를 본인이 자기의 자력을 관리해 주고 이렇게 하면서 이렇게 좋은 결과를 갖게 되는 거에 대해서 하나 배울 수 있었고 앞으로도 이런 식으로 접목시키면은 내가 원하는 것을 이루는 데 있어서 시간을 최대한 최소의 시간을 들여서 얻을 수 있겠구나.","expression":"p-achievement","category":"positive"}],"intent":[{"text":"일단 뭐 군 생활을 말씀드리자면 군 생활 할 때는 어 삼 년간 정도 시간을 할애해서 중사 진급을 목표로 했었습니다.","expression":"c_chl","category":"personality"},{"text":"그때 이제 삼 년간 이 년 빠르면 이 년 내지는 삼 년 안에 중사를 달겠다는 목표를 정확하게 정했었고 그에 맞춰서 진행하기 위해서 뭐 여러 가지 자립 관리라든지 뭐 이런 주변 이미지 생성 이런 것들을 최선을 다하고 정말 꾸준하게 어 음 마이너스가 되는 요소를 최소화 시키기 위해서 한 이 년 삼 년 간에서 이 년 만에 그 목표를 달성했던 경험이 있습니다.","expression":"c_chl","category":"personality"},{"text":"어 굉장히 뿌듯했고 정말 이렇게 계획적으로 준비하고 어 관리를 본인이 자기의 자력을 관리해 주고 이렇게 하면서 이렇게 좋은 결과를 갖게 되는 거에 대해서 하나 배울 수 있었고 앞으로도 이런 식으로 접목시키면은 내가 원하는 것을 이루는 데 있어서 시간을 최대한 최소의 시간을 들여서 얻을 수 있겠구나.","expression":"c_chl","category":"personality"}],"summary":{"text":"입사 후 목표를 설정하고 달성한 경험에 대해 답변 드리겠습니다. 군 생활 할 때는 중사 진급을 목표로 했었습니다. 그에 맞춰서 진행을 위해서 여러 가지 자립 관리 등을 최선을 다하고 꾸준하게 마이너스 요소를 최소화 시키기 위해서 목표를 달성했던 경험이 있습니다. 이것을 통해 시간에 대한 깨달음을 얻었습니다.","wordCount":44}}},"rawDataInfo":{"question":{"fileFormat":"wav","fileSize":281678,"duration":8800,"samplingBit":16,"channelCount":1,"samplingRate":"16kHz","audioPath":"/Mock/02.SalesMarketing/Male/Experienced/ckmk_q_sm_m_e_235879.wav"},"answer":{"fileFormat":"wav","fileSize":2792398,"duration":87260,"samplingBit":16,"channelCount":1,"samplingRate":"16kHz","audioPath":"/Mock/02.SalesMarketing/Male/Experienced/ckmk_a_sm_m_e_235879.wav"}}}