{"version":"1.0","dataSet":{"info":{"date":"20230116","occupation":"SM","channel":"MOCK","place":"ONLINE","gender":"MALE","ageRange":"55-","experience":"EXPERIENCED"},"question":{"raw":{"text":"글로벌 인재에게 필수적인 요소는 무엇이 있고 면접자님께서는 그것을 위해 노력했던 것은 무엇이 있는지 말씀 부탁드립니다","wordCount":15},"emotion":[],"intent":[]},"answer":{"raw":{"text":"글로벌 인재의 필수인 요소는 무엇이고 면접자님께서 그것을 위해 노력했던 것은 무엇입니까. 예 제가 봤을 때 글로벌 인재에서 중요한 것은 아 영어라고 보여집니다. 아 영어는 늘 아 기본적인 입장에서 어 잘 이해하고 잘 설명하고 할 필요가 있다고 생각합니다. 아 영어는 그 정도입니다. 하지만 글로벌 인재에서 중요한 것은 디테일한 어 정보력과 아 어떻게 이 일을 해결하고자 하는 그 제품에 대한 실로 깊은 분석이 필요하다고 봅니다. 어떻게 이 제품이 어 선도해 나가고 이 제품이 어 우리가 가지고 있는 이 마켓에서 먹혀가고 있는 것인가 이것을 알고자 하는 그러한 엔지니어로서의 생각이 더욱더 중요한 부분입니다. 언어적인 부분은 일 차적으로 중요하다고 보여지고 있지만 더욱더 중요한 부분은 그것을 분석하는 능력에 있다고 봅니다. 그래서 저도 어 공대에서 화학을 전공했던 그런 어 사실을 토대로 제가 늘 제품을 분석하고 그 제품이 어떻게 사용되어지고 그 제품이 어떻게 트렌드화 되었는가 늘 꼼꼼히 분석하는 그런 부분에 있어서 아 강점이라고 생각합니다. 그런 부분에서 제가 늘 어 염려해 왔고 그런 일들을 해왔기 때문에 지금까지 이러한 일에 아 어 중년의 일에까지 어 지내왔던 것으로 보여집니다. 어떻게 보면 창의적이면서 남들이 하지 못했던 그런 부분들을 발견해 내는 것 그리고 또한 그것을 회사와 매칭하는 것이 중요하다고 생각합니다.","wordCount":177},"emotion":[],"intent":[{"text":"","expression":"","category":"attitude"}],"summary":{"text":"글로벌 인재의 필수 요소는 영어이지만, 글로벌 인재에게 중요한 것은 정보력과 제품에 대한 깊은 분석이 필요합니다. 언어적 부분보다 더 중요한 부분은 분석하는 능력에 있다고 봅니다. 그래서 늘 제품을 분석하고 사용법과 트렌드를 분석하는 것이 강점이라고 생각합니다. 창의적이며 남들이 하지 못한 부분을 발견하고 회사와 매칭하는 것이 중요하다고 생각합니다.","wordCount":45}}},"rawDataInfo":{"question":{"fileFormat":"wav","fileSize":410318,"duration":12820,"samplingBit":16,"channelCount":1,"samplingRate":"16kHz","audioPath":"/Mock/02.SalesMarketing/Male/Experienced/ckmk_q_sm_m_e_240849.wav"},"answer":{"fileFormat":"wav","fileSize":3843598,"duration":120110,"samplingBit":16,"channelCount":1,"samplingRate":"16kHz","audioPath":"/Mock/02.SalesMarketing/Male/Experienced/ckmk_a_sm_m_e_240849.wav"}}}