{"version":"1.0","dataSet":{"info":{"date":"20230116","occupation":"SM","channel":"MOCK","place":"ONLINE","gender":"MALE","ageRange":"35-44","experience":"EXPERIENCED"},"question":{"raw":{"text":"지원자님께서는 어떤 계기를 통해 해외 영업에 관심을 두게 되셨나요","wordCount":9},"emotion":[],"intent":[]},"answer":{"raw":{"text":"국내 영업을 오랫동안 해 봤고 이제는 더 큰 시장인 해외를 두드려보고 싶었습니다 영어도 플루언틀리 하게 하고 영어의 의사소통에 문제가 없기 때문에 해외 영업을 통해서 고객들의 니즈를 맞추고 판매처를 많이 확보하고 싶습니다. 사람은 큰 꿈을 가져야 되고 큰 꿈을 갖기 위해선 대한민국의 시장보다는 더 큰 시장에 문을 두드려 볼 필요가 있었습니다. 특히나 저는 외국인들과 소통이 잘되고 공감대 형성 성 및 커뮤니케이션 스킬이 능하기 때문에 그들의 니즈가 무엇이고 그 니즈를 통해서 어떻게 세일즈 니즈를 만들 건지에 대한 전략을 많이 세웠습니다. 온라인 마케팅 및 디지털 마케팅을 통해서 페이스북 인스타 에스 각종 에스엔에스를 통해서 어떻게 광고를 하고 어떻게 홍보를 하면 고객들이 우리의 제품에 관심을 갖고 연락을 하는지에 대한 많은 공부를 했기 때문에 해외 영업 판촉이나 해외 영업 파트에서 큰 성과를 이룰 것으로 기대가 되어 지원하게 되었습니다.","wordCount":122},"emotion":[],"intent":[{"text":"온라인 마케팅 및 디지털 마케팅을 통해서 페이스북 인스타 에스 각종 에스엔에스를 통해서 어떻게 광고를 하고 어떻게 홍보를 하면   고객들이 우리의 제품에 관심을 갖고 연락을 하는지에 대한 많은 공부를 했기 때문에 해외 영업 판촉이나 해외 영업 파트에서   큰 성과를 이룰 것으로 기대가 되어 지원하게 되었습니다.","expression":"c_sincere_job","category":"etc"}],"summary":{"text":"해외 영업을 통해 고객들의 니즈를 맞추고 판매처를 많이 확보하고 싶습니다. 특히 외국인들과의 소통과 공감대 형성 및 커뮤니케이션 스킬이 능통하기 때문에 그들의 니즈가 무엇이고 그것을 통해서 어떻게 세일즈 욕구를 만들 건지에 대한 전략을 많이 세웠습니다.","wordCount":34}}},"rawDataInfo":{"question":{"fileFormat":"wav","fileSize":248398,"duration":7760,"samplingBit":16,"channelCount":1,"samplingRate":"16kHz","audioPath":"/Mock/02.SalesMarketing/Male/Experienced/ckmk_q_sm_m_e_170019.wav"},"answer":{"fileFormat":"wav","fileSize":2161678,"duration":67550,"samplingBit":16,"channelCount":1,"samplingRate":"16kHz","audioPath":"/Mock/02.SalesMarketing/Male/Experienced/ckmk_a_sm_m_e_170019.wav"}}}