{"version":"1.0","dataSet":{"info":{"date":"20230116","occupation":"SM","channel":"MOCK","place":"ONLINE","gender":"MALE","ageRange":"-34","experience":"EXPERIENCED"},"question":{"raw":{"text":"다른 지원자들에 비해 지원자님만이 가진 차별성도 있으실 것이고 또 장점도 있으실 텐데요 그러한 차별성과 장점을 어필해 주신다면 어떤 것이 있으실까요","wordCount":20},"emotion":[],"intent":[]},"answer":{"raw":{"text":"저는 다른 사람들보다 체력이 좋다고 생각합니다. 제가 중고등학교 때 태권도 선수 생활을 했었는데 이때부터 지금까지 끊임없이 체력을 관리하고 운동을 하고 있습니다. 면접관님들께서는 어 체력이 일하는 것과 무슨 상관이 있냐 라고 생각하실 수도 있지만 체력이 좋으면 일하는 데 더 오랜 시간 일을 할 수 있고 좀 더 빨리 스트레스도 해소할 수 있다고 생각합니다. 그래서 남들보다 좀 더 오랫동안 일을 하고 좀 더 스트레스도 빨리 해소를 하면서 일을 하기 때문에 능률을 가지고 일을 할 수 있다 라고 생각합니다.","wordCount":76},"emotion":[],"intent":[{"text":"제가 중고등학교 때 태권도 선수 생활을 했었는데 이때부터 지금까지 끊임없이 체력을 관리하고 운동을 하고 있습니다.","expression":"c_private","category":"background"}],"summary":{"text":"면접관님들의 생각은 다를 수 있지만, 저는 다른 사람들보다 체력이 좋다고 생각합니다. 그래서 남들보다 좀 더 오랫동안 일하고 스트레스도 빨리 해소하면서 일을 하기 때문에 능률을 가지고 일을 할 수 있는 것입니다.","wordCount":30}}},"rawDataInfo":{"question":{"fileFormat":"wav","fileSize":474638,"duration":14830,"samplingBit":16,"channelCount":1,"samplingRate":"16kHz","audioPath":"/Mock/02.SalesMarketing/Male/Experienced/ckmk_q_sm_m_e_208286.wav"},"answer":{"fileFormat":"wav","fileSize":1682958,"duration":52590,"samplingBit":16,"channelCount":1,"samplingRate":"16kHz","audioPath":"/Mock/02.SalesMarketing/Male/Experienced/ckmk_a_sm_m_e_208286.wav"}}}