{"version":"1.0","dataSet":{"info":{"date":"20230116","occupation":"SM","channel":"MOCK","place":"ONLINE","gender":"MALE","ageRange":"55-","experience":"EXPERIENCED"},"question":{"raw":{"text":"면접자님께서는 창의성과 팀워크 중 더 중요한 것은 무엇이라고 생각하십니까 근거도 함께 들어서 면접자님의 견해 말씀해 주시기 바랍니다","wordCount":17},"emotion":[],"intent":[]},"answer":{"raw":{"text":"창의성과 팀웍에 대해서 어떤 것이 정답이다 하고 구체적인 상황 없이 말하는 것은 아 굉장히 힘든 부분이라고 생각합니다. 예를 들어서 회사가 초창기 스타트 업 상황이라고 했을 때 둘 다 굉장히 중요합니다. 둘 다 인력 부족으로 인한 창의성과 그다음에 일에 효율성이 자리 잡지 않은 상황이기 때문에 둘 다 중요하다고 볼 수 있습니다. 아 회사가 공룡 사이즈로 커 간다 그러면 어 모든 사람들이 얘기하듯이 창의성이 더 중요할 수 있습니다. 아 인재는 충분히 확보할 수 있으나 그 공룡을 움직일 만한 아이디어를 내기가 쉽지 않습니다. 왜냐하면 어 이미 회사가 안정적인 기반이기 때문에 모든 사람이 아 위험을 감수하기를 꺼려하는 성향이 생길 수도 있기 때문입니다. 그래서 창의성과 팀웍 모두가 중요하지만 그거에 우선되는 어 부분은 어떤 인재를 확보하느냐가 더 중요하다고 개인적으로 생각을 합니다.","wordCount":115},"emotion":[],"intent":[{"text":"","expression":"","category":"attitude"}],"summary":{"text":"회사가 커 간다면 창의성이 더 중요할 수 있습니다. 인재는 충분히 확보할 수 있으나 그 공룡을 움직일 만한 아이디어를 내기가 쉽지 않습니다. 그래서 창의성과 팀웍 모두가 중요하지만 우선되는 부분은 어떤 인재를 확보하느냐가 더 중요하다고 생각합니다.","wordCount":34}}},"rawDataInfo":{"question":{"fileFormat":"wav","fileSize":468558,"duration":14640,"samplingBit":16,"channelCount":1,"samplingRate":"16kHz","audioPath":"/Mock/02.SalesMarketing/Male/Experienced/ckmk_q_sm_m_e_244985.wav"},"answer":{"fileFormat":"wav","fileSize":2510478,"duration":78450,"samplingBit":16,"channelCount":1,"samplingRate":"16kHz","audioPath":"/Mock/02.SalesMarketing/Male/Experienced/ckmk_a_sm_m_e_244985.wav"}}}