{"version":"1.0","dataSet":{"info":{"date":"20230116","occupation":"SM","channel":"MOCK","place":"ONLINE","gender":"MALE","ageRange":"35-44","experience":"EXPERIENCED"},"question":{"raw":{"text":"젊은 사람들이 아이폰을 선호하는 이유에 대해서 어떻게 생각하시나요","wordCount":8},"emotion":[],"intent":[]},"answer":{"raw":{"text":"음 젊은 사람들 엠제트 세대들 어 요즘 사람들이 제일 선호하는 게 결국은 아이폰을 선호하고 애플을 선호하다 보니까 그 이유는 결국 브랜드 차이인 것 같습니다. 그 애플 사과 모양에서 나오는 그 모양에 대한 어 많은 사람들의 선호 어 종 공감 그런 것들을 사로잡았지 않았나 싶습니다. 근데 물론 그렇게 브랜드 파워가 될 수 위해서는 그런 아이폰만의 기술력도 있어야 할 것이고 브랜드적인 이미지도 있어야 할 것이며 또 그에 따른 가격이 또 너무 터무니없이 비싸지도 않아야 할 것이며 여러 가지 이유를 다 갖췄을 때 젊은 사람들이 선호하지 않을까 싶습니다. 그래서 그런 모습을 봤을 때 어 결국은 저희 회사도 마찬가지일 겁니다. 그런 시장을 잡기 위해서는 젊은 사람들에 대한 영향력이 엄청 크기 때문에 그런 것들을 사로잡기 위해서는 그만한 조건을 맞춰줘야 하는 것이고 또 하기 위해서 젊은 사람들의 그런 브랜드적인 이미지도 중요하기 때문에 중요시 여겨야 할 것 같습니다. 네 이상입니다.","wordCount":133},"emotion":[],"intent":[{"text":"","expression":"","category":"attitude"}],"summary":{"text":"젊은 사람들은 애플을 가장 선호하는데 그 이유는 브랜드 차이인 것 같습니다. 브랜드 파워가 되기 위해서는 아이폰만의 기술력, 브랜드적 이미지, 비싼 가격 등의 조건을 충족해야 합니다. 또한 젊은 사람들의 브랜드적인 이미지도 중요하기 때문에 중요시 여겨야 합니다.","wordCount":35}}},"rawDataInfo":{"question":{"fileFormat":"wav","fileSize":264718,"duration":8270,"samplingBit":16,"channelCount":1,"samplingRate":"16kHz","audioPath":"/Mock/02.SalesMarketing/Male/Experienced/ckmk_q_sm_m_e_194146.wav"},"answer":{"fileFormat":"wav","fileSize":2603598,"duration":81360,"samplingBit":16,"channelCount":1,"samplingRate":"16kHz","audioPath":"/Mock/02.SalesMarketing/Male/Experienced/ckmk_a_sm_m_e_194146.wav"}}}