{"version":"1.0","dataSet":{"info":{"date":"20230116","occupation":"SM","channel":"MOCK","place":"ONLINE","gender":"MALE","ageRange":"-34","experience":"EXPERIENCED"},"question":{"raw":{"text":"지원자님만의 단점은 무엇인가요 또한 이것을 보완하기 위해서 그동안 해 오셨던 노력이 있다면 함께 구체적으로 말씀해 주세요","wordCount":16},"emotion":[],"intent":[]},"answer":{"raw":{"text":"저의 단점은 성격이 급하다는 것입니다. 제가 어떤 일을 하더라도 빨리빨리 해야 된다 라는 생각을 갖고 있어서 가끔은 실수를 하는 경우가 생기는 것 같습니다. 이런 저의 단점을 보완하기 위해서 최근에 명상 학원을 다니고 있습니다. 명상 학원을 다니면서 어 제가 조금 더 천천히 일을 해볼려고 하고 마음도 조금 편안하게 가질려고 노력을 하다 보니깐 제가 빨리빨리 하면서 실수했던 부분들도 많이 적어지고 있는 것 같습니다.","wordCount":61},"emotion":[],"intent":[{"text":"저의 단점은 성격이 급하다는 것입니다.","expression":"c_person","category":"background"}],"summary":{"text":"저는 성격이 급합니다. 이 단점을 보완하기 위해 명상 학원을 다니면서 좀 더 천천히 일을 해볼려고 하고 마음도 편안하게 가질려고 노력을 하다 보니 실수했던 부분들도 많이 적어지고 있습니다.","wordCount":27}}},"rawDataInfo":{"question":{"fileFormat":"wav","fileSize":624718,"duration":19520,"samplingBit":16,"channelCount":1,"samplingRate":"16kHz","audioPath":"/Mock/02.SalesMarketing/Male/Experienced/ckmk_q_sm_m_e_208285.wav"},"answer":{"fileFormat":"wav","fileSize":1512398,"duration":47260,"samplingBit":16,"channelCount":1,"samplingRate":"16kHz","audioPath":"/Mock/02.SalesMarketing/Male/Experienced/ckmk_a_sm_m_e_208285.wav"}}}