{"version":"1.0","dataSet":{"info":{"date":"20230116","occupation":"SM","channel":"MOCK","place":"ONLINE","gender":"MALE","ageRange":"35-44","experience":"EXPERIENCED"},"question":{"raw":{"text":"회사에 들어와서 선배를 만나게 된다면 어떤 모습에 선배를 만나고 싶으신지 이유도 함께 말씀해 주세요","wordCount":14},"emotion":[],"intent":[]},"answer":{"raw":{"text":"성과가 좋고 대인 관계가 좋아 회사 생활을 잘하는 선배를 만나고 싶습니다. 왜냐하면 직장에 다른 누군가를 보면서 귀감 또는 롤 모델을 삼습니다. 그런데 제가 들어왔을 때 선배의 모습이 저성과자에 사람들에게 왕따를 당하는 사람이라면 제 스스로 너무 슬프거나 직장생활이 암담하거나 참담하게 느낄 수도 있기 때문입니다. 그렇기 때문에 좋은 선배 능력이 있는 선배 십 년 후 오 년 후 저에 직장 생활을 끌어줄 수 있는 그런 선배를 만나서 좋은 직장 생활에 조언도 듣고 어떻게 하면 이 회사에 잘 적응할 수 있는지 업무에 성과를 어떻게 낼 수 있고 누구와 친해지면 조금 더 업무에 도움이 되는지에 대한 많은 도움을 받고 싶기 때문에 좀 성과가 좋은 그런 선배들을 만나고 싶습니다.","wordCount":104},"emotion":[],"intent":[{"text":"","expression":"","category":"attitude"}],"summary":{"text":"성과가 좋고 대인 관계가 좋아 회사 생활을 잘하는 선배를 만나고 싶습니다. 저성과자에 왕따를 당하는 사람이라면 저 스스로도 참담함을 느낄 수 있기 때문에 좋은 선배를 만나 좋은 직장 생활에 조언도 듣고 많은 도움을 받고 싶기 때문입니다.","wordCount":35}}},"rawDataInfo":{"question":{"fileFormat":"wav","fileSize":406158,"duration":12690,"samplingBit":16,"channelCount":1,"samplingRate":"16kHz","audioPath":"/Mock/02.SalesMarketing/Male/Experienced/ckmk_q_sm_m_e_177288.wav"},"answer":{"fileFormat":"wav","fileSize":1731278,"duration":54100,"samplingBit":16,"channelCount":1,"samplingRate":"16kHz","audioPath":"/Mock/02.SalesMarketing/Male/Experienced/ckmk_a_sm_m_e_177288.wav"}}}