{"version":"1.0","dataSet":{"info":{"date":"20230116","occupation":"SM","channel":"MOCK","place":"ONLINE","gender":"MALE","ageRange":"35-44","experience":"EXPERIENCED"},"question":{"raw":{"text":"자신만의 경쟁력을 말하세요","wordCount":3},"emotion":[],"intent":[]},"answer":{"raw":{"text":"어 저의 그 경쟁력에 대해서 말씀드리겠습니다. 어 일단 저의 경쟁력은 어 일단 수 많은 회사에서 겪었던 또는 군 생활을 통해 있었던 그런 경험 그런 거에 대한 어 경험과 노하우가 저의 경쟁력이라고 할 수 있을 것 같습니다. 어 지금 여기가 음 경력 지원자도 있고 신입 지원자도 있을 건데 어 경력 파트에서는 제가 경력이 제일 많지 않을까 라는 생각이 들고 있습니다. 그런 경쟁력을 갖고 있고 또 인제 나이도 있고 결혼도 했기 때문에 어느 정도 한 집안의 가장이기도 하고 하기 때문에 책임감이 갖고 있습니다. 이제 만약에 입사 하게 되면 정말 내 회사다 내 가족이라는 생각으로 접근할 거기 때문에 그런 부분에 대해서 음 젊은 인원들에 비해서 그런 책임감이 했을 때 회사도 장기적으로 생각을 했을 때 장기적으로 인력 관리를 했을 때도 훨씬 큰 도움이 될 수 있을 것 같습니다. 그런 부분에 대한 것이 저희 가장 큰 경쟁력일 것 같고 여기서 이제 뭐 업무 지식이라든지 업무 능력 같은 거는 당연히 기본 베이스로 설정이 된 상태에서 말씀드린 겁니다. 이상입니다.","wordCount":152},"emotion":[],"intent":[{"text":"","expression":"","category":"attitude"}],"summary":{"text":"저는 여러 회사의 경험, 군 생활 등에 대한 경험과 노하우가 경쟁력이라고 할 수 있습니다. 저는 경력 파트에서 경력이 제일 많을 것 같습니다. 한 집안의 가장이기 때문에 책임감이 있고 나중에 입사하게 되면 제 회사다 제 가족이라는 생각으로 접근할 것 같아 회사도 장기적 관점에서 큰 도움이 될 것 같아 책임감이 큽니다.","wordCount":49}}},"rawDataInfo":{"question":{"fileFormat":"wav","fileSize":189518,"duration":5920,"samplingBit":16,"channelCount":1,"samplingRate":"16kHz","audioPath":"/Mock/02.SalesMarketing/Male/Experienced/ckmk_q_sm_m_e_101742.wav"},"answer":{"fileFormat":"wav","fileSize":2748238,"duration":85880,"samplingBit":16,"channelCount":1,"samplingRate":"16kHz","audioPath":"/Mock/02.SalesMarketing/Male/Experienced/ckmk_a_sm_m_e_101742.wav"}}}