{"version":"1.0","dataSet":{"info":{"date":"20230116","occupation":"SM","channel":"MOCK","place":"ONLINE","gender":"MALE","ageRange":"45-54","experience":"EXPERIENCED"},"question":{"raw":{"text":"어 입사를 하시게 되면 본인이 원하는 직무에 어 배치가 안 될 수도 있습니다 만약 지원자님이 직무에 맞지 않는 일을 하시게 된다면 어떻게 하실지 그래도 괜찮으신지 거기에 대해서 말씀해 주시기 바랍니다","wordCount":30},"emotion":[],"intent":[]},"answer":{"raw":{"text":"음 어떤 일인지가 모르겠어서. 근데 우선 네 네 저는 괜찮습니다. 왜냐하면 저는 지금 무엇이든 그냥 되게 도전하고 싶은 상태예요. 그래서 어 어 쪼끔 또 이런 질문을 제안을 하시니까 쪼끔 또 놀랍고 설레기도 하고 네 쪼끔 즐겁네요. 어떤 일을 저의 어떤 부분을 보시고 어떤 일을 맡기려고 뭔가 생각이 드신 건지 이런 부분도 궁금하고 음 제가 그래도 배움이 늦은 편이 아니라 적응도 그래도 곧잘 하는 편이라서요. 가능한 한 빠르게 적응하고 어 습득한 해서 이제 일에 차질이 없게끔 노력을 하겠죠. 그래도 제가 지금 지원서에 써낸 업무가 아니기 때문에 긴장을 많이 또 하고 네 능숙하지는 당연히 능숙할 수는 없으니까요. 그래서 그런 부분은 쪼끔 초반에 이해를 해 주셔야 될 것 같습니다.","wordCount":106},"emotion":[],"intent":[{"text":"","expression":"","category":"attitude"}],"summary":{"text":"저는 무엇이든 도전하고 싶은 상태이고 어떤 일을 맡기려고 생각이 드신 건지도 궁금합니다. 또 배움이 늦은 편이 아니라 적응도 곧잘 하는 편이기 때문에 가능한 빠르게 적응해서 일에 차질이 없게끔 노력을 하겠습니다.","wordCount":30}}},"rawDataInfo":{"question":{"fileFormat":"wav","fileSize":642638,"duration":20080,"samplingBit":16,"channelCount":1,"samplingRate":"16kHz","audioPath":"/Mock/02.SalesMarketing/Male/Experienced/ckmk_q_sm_m_e_160380.wav"},"answer":{"fileFormat":"wav","fileSize":2801998,"duration":87560,"samplingBit":16,"channelCount":1,"samplingRate":"16kHz","audioPath":"/Mock/02.SalesMarketing/Male/Experienced/ckmk_a_sm_m_e_160380.wav"}}}