{"version":"1.0","dataSet":{"info":{"date":"20230116","occupation":"SM","channel":"MOCK","place":"ONLINE","gender":"MALE","ageRange":"35-44","experience":"EXPERIENCED"},"question":{"raw":{"text":"과거 프로젝트를 수행했던 경험이 있으신가요 그런 경험이 있다면 프로젝트 내에서 어떤 역할을 맡으셨는지 말씀해 주세요","wordCount":15},"emotion":[],"intent":[]},"answer":{"raw":{"text":"네 과거 프로젝트 수행했던 경험과 제가 맡았던 대부분의 역할들에 대해서 답변 드리도록 하겠습니다. 일단 과거에 이제 회사를 다녔을 때 또는 뭐 대학 생활을 했을 때 여러 가지 뭐 프로젝트는 다들 운영해 본 경험들이 있을 겁니다. 그 부분에서 제 제 대부분 마트트 역할들은 일단 리더가 무엇을 원하는지를 판단하고 이제 아래에 있는 하급자들과 같이 어 의사소통을 해서 겪었던 그런 중간 역할을 하는 그런 역할을 많이 맡았던 것 같습니다. 이제 중간 역할자의 가장 역할이 중요하다고 생각하는데 일단 상급자가 무엇을 원하는지 무엇을 의도하고 있는지 그 부분을 캐치하고 우리의 목표가 무엇인지를 두 번째 판단을 해야 할 것 같습니다. 목표가 정해지면은 일단은 중간 관리자는 그 하급자들과의 그런 임무 분담을 실시하고 서로 맡은 파트에 대해서 연구하고 노력해서 가져온 결과를 또 조율하고 조합하고 가장 좋은 아이디어를 통한 진행 방향에 대해서 설정해 주는 것이 가장 중요할 것 같습니다. 네 이상입니다.","wordCount":131},"emotion":[],"intent":[{"text":"","expression":"","category":"attitude"}],"summary":{"text":"프로젝트 수행 경험과 제가 맡았던 역할들에 대해 답변 드리겠습니다. 대부분 마트트 역할들은 리더가 무엇을 원하는지를 판단하고 아래에 있는 하급자들과 같이 의사소통을 해서 겪었던 그런 중간 역할을 하는 역할을 많이 맡았던 것 같습니다. 중간 역할자의 가장 역할이 중요하다고 생각하는데 상급자의 의도를 캐치하고 우리의 목표가 무엇인지 판단해야 하겠습니다.","wordCount":46}}},"rawDataInfo":{"question":{"fileFormat":"wav","fileSize":403278,"duration":12600,"samplingBit":16,"channelCount":1,"samplingRate":"16kHz","audioPath":"/Mock/02.SalesMarketing/Male/Experienced/ckmk_q_sm_m_e_215311.wav"},"answer":{"fileFormat":"wav","fileSize":2619598,"duration":81860,"samplingBit":16,"channelCount":1,"samplingRate":"16kHz","audioPath":"/Mock/02.SalesMarketing/Male/Experienced/ckmk_a_sm_m_e_215311.wav"}}}