{"version":"1.0","dataSet":{"info":{"date":"20230116","occupation":"SM","channel":"MOCK","place":"ONLINE","gender":"MALE","ageRange":"55-","experience":"EXPERIENCED"},"question":{"raw":{"text":"지원자님께서 생각하실 때 본인의 십 년 후 미래는 어떨 것 같으십니까 생각해 보신 적이 있으신가요 만약 저희 회사에 계속 다니고 계실 것 같으신지도 궁금합니다","wordCount":24},"emotion":[],"intent":[]},"answer":{"raw":{"text":"십 년 뒤에 회사에 계속 다닐 것이냐 이 문제는 아 개인적으로는 가정에 문제라고 보고 있습니다. 아 제가 가정 생활에 충실해서 행복한 가정을 유지를 하고 있다면 십 년이 아니라 십 년보다 더 긴 시간도 어 회사에 다니고 있을 것입니다만 가정 생활에 문제가 생겨서 불행한 사람이 된다든지 흔들리는 사람이 된다면 회사도 저를 원하지 않을 것 같습니다.","wordCount":54},"emotion":[],"intent":[{"text":"","expression":"","category":"attitude"}],"summary":{"text":"십 년 후 회사 다니냐 는 문제는 가정에 문제라 보고 있습니다. 가정 생활에 문제가 생겨 불행한 사람이 되면 회사도 저를 원하지 않을 것 같습니다.","wordCount":24}}},"rawDataInfo":{"question":{"fileFormat":"wav","fileSize":546638,"duration":17080,"samplingBit":16,"channelCount":1,"samplingRate":"16kHz","audioPath":"/Mock/02.SalesMarketing/Male/Experienced/ckmk_q_sm_m_e_244986.wav"},"answer":{"fileFormat":"wav","fileSize":1125838,"duration":35180,"samplingBit":16,"channelCount":1,"samplingRate":"16kHz","audioPath":"/Mock/02.SalesMarketing/Male/Experienced/ckmk_a_sm_m_e_244986.wav"}}}