{"version":"1.0","dataSet":{"info":{"date":"20230116","occupation":"SM","channel":"MOCK","place":"ONLINE","gender":"MALE","ageRange":"35-44","experience":"EXPERIENCED"},"question":{"raw":{"text":"당신은 사피가 무엇인지 알고 있습니까 사피의 의미를 말씀해 주시고 그리고 엘지전자의 마케팅 전략을 사피의 측면에서 비추어 이야기해 주십시오 상세하게 답변 바랍니다","wordCount":21},"emotion":[],"intent":[]},"answer":{"raw":{"text":"네 제가 생각하는 피의 의미와 엘지 전자 마케팅 전략을 포피 측면에서 어 답변 드리도록 하겠습니다. 어 일단 제가 생각하는 포피는 결국은 모든 걸 다 통합해서 한 회사에서 모든 걸 진행하겠다고 느껴집니다. 제품의 생산 유통 관리 추적까지 해 가지고 네 가지의 그런 전략들에 대해서 다 어 하창에 주지 않고 다른 기업에 의존하지 않고 우리 저 기업에서 모든 걸 다 소화해내겠다. 이게 마케팅 전략 포피가 될 것 같은데 예를 들어서 엘지 전자의 마케팅 전략을 포피 측면에서 한번 말씀을 드려보면 일단 뭐 냉장고를 생산해 냅니다. 일단 아이디어를 만들고 아이디어가 나오고 디자인이 나오고 생산을 하고 이거를 유통을 해주고 관리까지 되면은 포기 전략이 될 것 같은데 그렇게 인제 포피의 의미는 어 이런 유통이나 뭐 이런 데서 하청을 주거나 다른 기업에 의존하게 되면 거기에 빠져나가는 스스로가 만만치 않습니다. 그런 것들을 절약하는 측면에서는 굉장히 효율적이고 도움이 되는 전략이 될 것 같고 그 부분은 우리 회사에서도 어떻게 적용을 해서 우리도 이런 포피 측면으로 가는 데 있어서는 보통 큰 기업이 아니고서는 이 전략을 이용하기는 쉽지는 않다고 생각합니다. 그래서 이렇게 포피 전략을 쓸 수 있는 기업이 될 수 있도록 하는 게 가장 큰 의미가 있지 않을까 싶습니다. 네 이상입니다.","wordCount":179},"emotion":[],"intent":[{"text":"","expression":"","category":"attitude"}],"summary":{"text":"제가 생각하는 포피는 모든 걸 다 통합해서 한 회사에서 모든 걸 진행하겠다는 의미입니다. 포피의 의미는 유통이나 이런 데서 하청을 주거나 다른 기업에 의존하게 되면 거기에 빠져나가는 스스로가 만만치 않습니다. 그런 것들을 절약하는 측면에서는 굉장히 효율적이고 도움이 되는 전략이 될 것이고 그 부분은 우리 회사에서도 어떻게 적용을 해서 이렇게 포피 전략을 쓸 수 있는 기업이 될 수 있도록 하는 게 가장 큰 의미가 있습니다.","wordCount":63}}},"rawDataInfo":{"question":{"fileFormat":"wav","fileSize":666318,"duration":20820,"samplingBit":16,"channelCount":1,"samplingRate":"16kHz","audioPath":"/Mock/02.SalesMarketing/Male/Experienced/ckmk_q_sm_m_e_229796.wav"},"answer":{"fileFormat":"wav","fileSize":3677518,"duration":114920,"samplingBit":16,"channelCount":1,"samplingRate":"16kHz","audioPath":"/Mock/02.SalesMarketing/Male/Experienced/ckmk_a_sm_m_e_229796.wav"}}}