{"version":"1.0","dataSet":{"info":{"date":"20230116","occupation":"SM","channel":"MOCK","place":"ONLINE","gender":"MALE","ageRange":"35-44","experience":"EXPERIENCED"},"question":{"raw":{"text":"해당 직무에 지원을 해 주셨는데 이 직무는 한 번만 공부해서 되는 게 아니라 공부를 많이 해야 되잖아요 최근 이 전공과 관련해서 좀 부족하다고 느껴서 공부를 하고 있는 분야가 또 있을까요 답변 좀 부탁드리겠습니다","wordCount":33},"emotion":[],"intent":[]},"answer":{"raw":{"text":"전공 관련돼서 가장 많이 부족해서 따로 공부하고 있는 분야는 바로 네트워크 통신 분야입니다. 예전에 제가 어릴 때 배웠을 때는 단순히 유선 통신 와이어드 아이피 통신 티씨피 아이피 밖에 없었습니다. 우리는 그것을 이더넷 통신이라고 불렀고 이더넷 통신보다 조금 단방향 통신으로 오래된 게 알에스 이 삼 이나 알에스 사 팔 오 같은 텔레 통신이었습니다. 하지만 요즘은 알에스 이 삼 이를 넘어 알에스 사 팔 오 양방향 통신 이더넷 보다 더 높은 알에프 아이디 또는 엑세스 포인트를 이용한 와이파이 와이어리스 통신 등 굉장히 많은 통신들이 즐비하고 이제는 그 통신 또한 제가 공부를 많이 안 하면 따라가지 못할 단계까지 왔습니다. 그래서 전기적 전기 전자나 전파 공학에서 가장 핵심이었던 네트워크에 대해서 블루투스부터 아이오티 이런 티씨피 아이피 공부를 다시 시작하고 있습니다.","wordCount":115},"emotion":[],"intent":[{"text":"","expression":"","category":"attitude"}],"summary":{"text":"네트워크 통신 분야는 전공 관련돼서 가장 많이 부족해서 따로 공부하고 있는 분야는 바로 네트워크 통신 분야입니다. 제가 어릴 때 배웠을 때는 단순히 유선 통신 와이어드 아이피 통신 티씨피 아이피 밖에 없었지만 지금은 굉장히 많은 통신들이 즐비하고 제가 공부를 많이 안 하면 따라가지 못할 단계까지 왔습니다.","wordCount":45}}},"rawDataInfo":{"question":{"fileFormat":"wav","fileSize":642638,"duration":20080,"samplingBit":16,"channelCount":1,"samplingRate":"16kHz","audioPath":"/Mock/02.SalesMarketing/Male/Experienced/ckmk_q_sm_m_e_177291.wav"},"answer":{"fileFormat":"wav","fileSize":2049678,"duration":64050,"samplingBit":16,"channelCount":1,"samplingRate":"16kHz","audioPath":"/Mock/02.SalesMarketing/Male/Experienced/ckmk_a_sm_m_e_177291.wav"}}}