{"version":"1.0","dataSet":{"info":{"date":"20230116","occupation":"SM","channel":"MOCK","place":"ONLINE","gender":"MALE","ageRange":"35-44","experience":"EXPERIENCED"},"question":{"raw":{"text":"요즘 고령화 사회로 가면서 치매로 인한 문제가 많이 대두되고 있는데요 이에 대해서 건보 공단이 하는 일과 개선할 방안을 말씀해 주세요","wordCount":20},"emotion":[],"intent":[]},"answer":{"raw":{"text":"네 요즘 이제 고령화 사회 즉 노인의 나라로 되어가고 있다고 합니다. 그 부분에 에서 가장 큰 문제가 이제 뭐 각종 위험성이 있는 병들도 있겠지만 요즘에 최근에는 이제 치매로 인한 문제가 많이 대두되고 있는데 어 그런 부분에서 건보 공단에서 어 계산할 방법에 대해서 한번 답변 드려보겠습니다. 결국은 이런 사각지대의 노인 또 서민이나 시민들이 분명히 있을 겁니다. 그런 서민들에 대한 대처가 중요할 것 같은데 이런 건보 공단이 전 국민을 대상으로 형평성이 있는 그런 정책도 중요하겠지만 이런 사각지대에 놓인 도움을 받지 못 하고 도움이 필요한 분명히 서민들이 있을 것입니다. 그런 사람들에 대한 그 확대된 그 정책이 필요할 것 같은데 그런 부분에서 건보 공단이 어 형평성을 가지면서도 사각지대에 놓인 그런 도움이 필요한 사람들에게 어 도움을 준다고 한다면 더 좋은 사회에 더 좋은 대한민국이 될 것이라 의심되지 않습니다. 그래서 그런 부분에서 좀 더 강화돼야 할 것 같습니다. 이상입니다.","wordCount":133},"emotion":[],"intent":[{"text":"","expression":"","category":"attitude"}],"summary":{"text":"고령화 사회에서 치매로 인한 문제가 대두되고 있습니다. 건보공단에서 계산할 수 있는 방법에 대해서 답변 드려보겠습니다. 형평성있는 정책도 중요하지만 도움이 필요한 서민들을 위한 확대된 정책이 필요할 것 같습니다. 형평성을 가지면서도 도움을 준다면 더 좋은 대한민국이 될 것이라 의심되지 않습니다.","wordCount":38}}},"rawDataInfo":{"question":{"fileFormat":"wav","fileSize":650318,"duration":20320,"samplingBit":16,"channelCount":1,"samplingRate":"16kHz","audioPath":"/Mock/02.SalesMarketing/Male/Experienced/ckmk_q_sm_m_e_214811.wav"},"answer":{"fileFormat":"wav","fileSize":2631118,"duration":82220,"samplingBit":16,"channelCount":1,"samplingRate":"16kHz","audioPath":"/Mock/02.SalesMarketing/Male/Experienced/ckmk_a_sm_m_e_214811.wav"}}}