{"version":"1.0","dataSet":{"info":{"date":"20230116","occupation":"SM","channel":"MOCK","place":"ONLINE","gender":"MALE","ageRange":"35-44","experience":"EXPERIENCED"},"question":{"raw":{"text":"지원자님은 의견을 주장하실 때 강하게 주장하시나요 자신에 의견을 주장하는 스타일에 대하여 말씀해 주시기 바랍니다","wordCount":14},"emotion":[],"intent":[]},"answer":{"raw":{"text":"네 업무에 대해서 시작을 하게 되면은 다 자기만의 생각 가치관들이 생기게 되어 있습니다. 이때 의견을 주장하는 것을 강하게 할지 아니면 상대방의 의견을 최대한 맞춰 줄지 그거는 이제 자기의 스타일이 생기기 마련인데 그 부분에 대해서 답변드리겠습니다. 그래서 저 같은 경우에는 의견을 주장할 때 강하게 한다기보다는 일단 상대방의 의견을 들어봅니다. 들어보고 내 의견과 비슷한 점이 있고 공통점이 있다 하면은 거기에 덧붙여서 좀 서포터가 될 수 있는 그런 의견을 제공할 수 있을 것 같고 또한 논리적이나 근거적으로 봤을 때 내 의견이 정말 완벽하다 요번에는 내 의견대로 무조건 가야 한다 하는 경우도 있을 겁니다. 그럴 때는 당연히 강하게 요번에는 내 의견으로 접목시킬 수 있도록 어필을 강하게 할 것 같습니다. 그래서 그 상황에 맞게끔 의견을 주장해야지 그 상황에 맞지 않게끔 무조건 강하게만 자기의 의견을 어피나 두게 되면은 오히려 마이너스 요소가 생기고 불화가 생기고 트러블이 생길 수 있기 때문에. 저는 항상 업무를 하게 되면은 그런 식으로 최대한 접근해서 최대한 불화가 생기지 않도록 하는 게 저의 목표입니다. 이상입니다.","wordCount":151},"emotion":[],"intent":[{"text":"","expression":"","category":"attitude"}],"summary":{"text":"네 업무에 대해서 시작을 하게 되면은 다 자기만의 생각 가치관들이 생기게 되어 있습니다. 이때 의견을 주장하는 것을 강하게 할지 아니면 상대방의 의견을 최대한 맞춰 줄 것인지에 대해서 답변드리겠습니다. 저는 의견을 주장할 때 강하게 하는 것보다 상대방의 의견을 들어줍니다. 그 상황에 맞게끔 의견을 주장해야 마이너스 요소가 생기고 불화가 생기고 트러블이 생길 수 있기 때문입니다.","wordCount":53}}},"rawDataInfo":{"question":{"fileFormat":"wav","fileSize":484238,"duration":15130,"samplingBit":16,"channelCount":1,"samplingRate":"16kHz","audioPath":"/Mock/02.SalesMarketing/Male/Experienced/ckmk_q_sm_m_e_235877.wav"},"answer":{"fileFormat":"wav","fileSize":2769358,"duration":86540,"samplingBit":16,"channelCount":1,"samplingRate":"16kHz","audioPath":"/Mock/02.SalesMarketing/Male/Experienced/ckmk_a_sm_m_e_235877.wav"}}}