{"version":"1.0","dataSet":{"info":{"date":"20230116","occupation":"SM","channel":"MOCK","place":"ONLINE","gender":"MALE","ageRange":"35-44","experience":"EXPERIENCED"},"question":{"raw":{"text":"혹시 지원자님이 가지고 있는 커뮤니케이션 스킬이 있나요 만약 있다면 설명해 주시고 가능하다면 보여주셔도 좋습니다","wordCount":14},"emotion":[],"intent":[]},"answer":{"raw":{"text":"네 커뮤니케이션과 관련해서 가장 좋은 스킬과 방법이 있다면 무엇인지에 있어서 한 번 답변 드려보겠습니다. 아 일단 커뮤니케이션에 있어서 결국은 대화 의사소통이 잘 돼야하는 부분인데 어 가장 좋은 것은 내 나의 그 화려한 스킬이나 뭐 이런 능력보다도 상대방의 의견문을 존중한다는 그런 경청의 자세를 보여주는 게 어 저는 그런 것들이 커뮤니케이션이나 뭐 협업이나 뭐 여러 가지 협동이나 서로 간의 신뢰를 키워주는 데 가장 좋을 것 같습니다. 그런 부분에 있어서는 상대방의 얘기를 진심으로 들어주고 있다는 그런 내가 니 얘기를 듣고 진지하게 생각하고 있다. 이런 모습을 보여주는 이런 경청의 모습을 보여주는 자세가 가장 좋은 스킬이라면 스킬이 돼서 어 서로 간의 대화 커뮤니케이션 협업을 하는데 가장 효율적인 방법이고 또한 어 서로만의 그런 신뢰를 가질 수 있는 인간관계 그런 부분에서 제일 좋을 것 같습니다. 네 이상입니다.","wordCount":120},"emotion":[],"intent":[{"text":"아 일단 커뮤니케이션에 있어서 결국은 대화 의사소통이 잘 돼야하는 부분인데 어 가장 좋은 것은 내 나의 그 화려한 스킬이나 뭐 이런 능력보다도 상대방의 의견문을 존중한다는 그런 경청의 자세를 보여주는 게 어 저는 그런 것들이 커뮤니케이션이나 뭐 협업이나 뭐 여러 가지 협동이나 서로 간의 신뢰를 키워주는 데 가장 좋을 것 같습니다.","expression":"s_comn","category":"attitude"},{"text":"그런 부분에 있어서는 상대방의 얘기를 진심으로 들어주고 있다는 그런 내가 니 얘기를 듣고 진지하게 생각하고 있다.","expression":"s_comn","category":"attitude"},{"text":"이런 모습을 보여주는 이런 경청의 모습을 보여주는 자세가 가장 좋은 스킬이라면 스킬이 돼서 어 서로 간의 대화 커뮤니케이션 협업을 하는데 가장 효율적인 방법이고 또한 어 서로만의 그런 신뢰를 가질 수 있는 인간관계 그런 부분에서 제일 좋을 것 같습니다.","expression":"s_comn","category":"attitude"}],"summary":{"text":"커뮤니케이션에 있어 가장 좋은 스킬과 방법은 어떤것인지 답변 드려보겠습니다. 커뮤니케이션에 있어서 가장 좋은 것은 상대방의 의견문을 존중한다는 그런 경청의 자세를 보여주는 것이 커뮤니케이션이나 협업이나 서로 간의 신뢰를 키워주는 데 가장 좋을 것 같습니다.","wordCount":33}}},"rawDataInfo":{"question":{"fileFormat":"wav","fileSize":549198,"duration":17160,"samplingBit":16,"channelCount":1,"samplingRate":"16kHz","audioPath":"/Mock/02.SalesMarketing/Male/Experienced/ckmk_q_sm_m_e_214694.wav"},"answer":{"fileFormat":"wav","fileSize":2664398,"duration":83260,"samplingBit":16,"channelCount":1,"samplingRate":"16kHz","audioPath":"/Mock/02.SalesMarketing/Male/Experienced/ckmk_a_sm_m_e_214694.wav"}}}