{"version":"1.0","dataSet":{"info":{"date":"20230116","occupation":"SM","channel":"MOCK","place":"ONLINE","gender":"MALE","ageRange":"35-44","experience":"EXPERIENCED"},"question":{"raw":{"text":"자신에게 우호적이지 않은 상대를 설득하여 내 편으로 만든 경험이 있는지 설명하시오","wordCount":11},"emotion":[],"intent":[]},"answer":{"raw":{"text":"저 같은 경우에는 설득을 하는 것이 제가 가장 잘하는 업무 중의 하나입니다. 여러 사람들과 함께 근무를 하다 보면 가끔씩 까다로운 커뮤니케이션의 상대를 만나곤 하는데요. 저 같은 경우에는 그 대상이 설득을 하기가 힘든 사람이라고 생각을 합니다. 과거 저는 제가 가진 지역 배경 때문에 제가 가진 배경에 대해서 편견이 있는 그런 상사 분과 한 번 근무를 했었던 경험이 있습니다. 그분 같은 경우에도 어렸을 때부터 이제 쌓여왔던 그런 편견들 때문에 저에 대해서 색안경을 조금 끼고는 보시곤 했었는데요. 그렇지만 물론 처음에는 저에 대해서 우호적이지 않았을 수도 있지만 제가 꾸준히 지속적으로 업무에 대해서 꼼꼼하게 하는 모습을 보여드리고 점진적으로 신뢰를 쌓아가자 기존의 저를 받아 바라보시던 그런 시각과는 다르게 저를 가장 아끼는 그런 상사가 되셨습니다.","wordCount":108},"emotion":[],"intent":[{"text":"저 같은 경우에는 설득을 하는 것이 제가 가장 잘하는 업무 중의 하나입니다.","expression":"s_pers","category":"attitude"},{"text":"여러 사람들과 함께 근무를 하다 보면 가끔씩 까다로운 커뮤니케이션의 상대를 만나곤 하는데요.","expression":"s_comn","category":"attitude"},{"text":"그렇지만 물론 처음에는 저에 대해서 우호적이지 않았을 수도 있지만 제가 꾸준히 지속적으로 업무에 대해서 꼼꼼하게 하는 모습을 보여드리고 점진적으로 신뢰를 쌓아가자 기존의 저를 받아 바라보시던 그런 시각과는 다르게 저를 가장 아끼는 그런 상사가 되셨습니다.","expression":"c_confl_mg","category":"personality"}],"summary":{"text":"저 같은 경우에는 설득을 하는 것이 가장 잘하는 업무 중의 하나입니다. 과거 지역 배경 때문에 편견이 있는 상사 분과 한 번 근무를 했었던 경험이 있습니다. 하지만 꾸준히 업무에 대해서 꼼꼼하게 하는 모습을 보여주자 기존의 저를 받아 바라보 않던 시각과는 다르게 나를 가장 아끼는 상사가 되었습니다.","wordCount":45}}},"rawDataInfo":{"question":{"fileFormat":"wav","fileSize":493198,"duration":15410,"samplingBit":16,"channelCount":1,"samplingRate":"16kHz","audioPath":"/Mock/02.SalesMarketing/Male/Experienced/ckmk_q_sm_m_e_209574.wav"},"answer":{"fileFormat":"wav","fileSize":2714318,"duration":84820,"samplingBit":16,"channelCount":1,"samplingRate":"16kHz","audioPath":"/Mock/02.SalesMarketing/Male/Experienced/ckmk_a_sm_m_e_209574.wav"}}}