{"version":"1.0","dataSet":{"info":{"date":"20230116","occupation":"SM","channel":"MOCK","place":"ONLINE","gender":"MALE","ageRange":"45-54","experience":"EXPERIENCED"},"question":{"raw":{"text":"지원자님이 생각했을 때 지원자님의 노년은 과연 어떤 모습이었으면 좋을까요 이상적인 노년의 모습을 말씀해 주세요","wordCount":14},"emotion":[],"intent":[]},"answer":{"raw":{"text":"저는 어 모든지 간에 그냥 사회 그 바깥 활동은 하고 싶어요 네. 저는 가만히 있는 타입은 아니라서 뭐라도 제가 그냥 조금 충족감을 느낄 수 있을 만한 활동을 했으면 좋겠어요. 이게 뭐 경제적인 어떤 소득을 위한 게 아니라 그냥 제 자기만족을 위한 그래서 뭐라도 찾아서 할 것 같아요. 뭐 봉사 활동이든 아니면 뭐 그때 나중에 뭐 시니어를 위한 뭐를 이제 취미 활동을 만들 만들면 지역에서 그럼 거기에 아주 열심히 네 아주 모범생으로 참여할 것 같고 네 경제적인 게 우선 안정이 됐다는 그거 그런 걸 기반으로 두고 말씀을 드리는 거고요. 당연히 경제적인 안정이 돼야겠죠 네. 그거는 충분하기 때문에 그래서 나이가 들어도 바쁘게 사는 그런 노인이고 싶습니다 저는.","wordCount":105},"emotion":[],"intent":[{"text":"","expression":"","category":"attitude"}],"summary":{"text":"저는 가만히 있는 타입이 아니라서 뭔가를 제가 조금 충족감을 느낄 수 있을 만한 활동을 했으면 좋겠습니다. 경제적 안정이 됐다는 것을 기반으로 저는 나이가 들어도 바쁘게 사는 그런 노인이 되고 싶습니다.","wordCount":30}}},"rawDataInfo":{"question":{"fileFormat":"wav","fileSize":385358,"duration":12040,"samplingBit":16,"channelCount":1,"samplingRate":"16kHz","audioPath":"/Mock/02.SalesMarketing/Male/Experienced/ckmk_q_sm_m_e_160376.wav"},"answer":{"fileFormat":"wav","fileSize":2654798,"duration":82960,"samplingBit":16,"channelCount":1,"samplingRate":"16kHz","audioPath":"/Mock/02.SalesMarketing/Male/Experienced/ckmk_a_sm_m_e_160376.wav"}}}