{"version":"1.0","dataSet":{"info":{"date":"20230116","occupation":"SM","channel":"MOCK","place":"ONLINE","gender":"MALE","ageRange":"35-44","experience":"EXPERIENCED"},"question":{"raw":{"text":"만약 일을 하다가 상사에게 어려운 지시를 받게 된다면 어떻게 하실 건가요 그렇게 행동하시는 이유도 같이 말씀해 주세요","wordCount":17},"emotion":[],"intent":[]},"answer":{"raw":{"text":"네 상급자가 정말 어려운 지시를 했을 때 저희 대응에 대해서 한 번 말씀드리겠습니다. 일단 상급자가 어려운 임무를 줬다는 거는 두 가지가 있을 것 같습니다. 한 번 해볼 수 있으면 해볼 거냐 아니면은 어 니가 이제 어느 정도 성장했으니 이 정도 일까지는 한번 도전을 해 봤으면 좋겠다. 이런 두 가지 생각이 들 것 같은데 일단 상사의 의도가 무엇인지부터 알아보고 제가 충분히 임무 수행을 할 수 있는지 없는지가 일단 판단을 해 봐야 할 것 같습니다. 네 분명히 어려운 부분일 그것입니다. 그런 부분을 있을 때 처음부터 못한다기보다는 일단 최대한 노력을 해 보고 제한상에 있을 때 어 조언을 받는 식으로 진행을 하면은 상급자도 기분이 상하지 않고 본인의 발전을 위해서도 도움이 될 것 같습니다. 그런 부분에는 상력자의 의도를 먼저 파악을 하고 상력자의 의도를 최대한 맞춰서 그 방향으로 맞춰서 간다면은 어 서로 트러블이나 뭐 여러 가지 문제점이 있었을 때 서로 기분 상하지 않고 잘 해결이 될 수 있을 것 같습니다. 네 예상입니다.","wordCount":146},"emotion":[],"intent":[{"text":"","expression":"","category":"attitude"}],"summary":{"text":"상력자의 의도를 파악해서 최대한 노력을 해 보고 제한상에 있을 때 조언을 받는 식으로 진행을 하면은 상급자도 기분이 상하지 않고 본인의 발전을 위해서도 도움이 될 것 같습니다. 그런 부분에는 상력을 파악해서 그 방향으로 가면 서로 트러블이나 여러 가지 문제점이 있었을 때 기분 상하지 않게 잘 해결이 될 수 있을 것입니다.","wordCount":49}}},"rawDataInfo":{"question":{"fileFormat":"wav","fileSize":317838,"duration":9930,"samplingBit":16,"channelCount":1,"samplingRate":"16kHz","audioPath":"/Mock/02.SalesMarketing/Male/Experienced/ckmk_q_sm_m_e_215309.wav"},"answer":{"fileFormat":"wav","fileSize":2548558,"duration":79640,"samplingBit":16,"channelCount":1,"samplingRate":"16kHz","audioPath":"/Mock/02.SalesMarketing/Male/Experienced/ckmk_a_sm_m_e_215309.wav"}}}