{"version":"1.0","dataSet":{"info":{"date":"20230116","occupation":"SM","channel":"MOCK","place":"ONLINE","gender":"MALE","ageRange":"35-44","experience":"EXPERIENCED"},"question":{"raw":{"text":"협업을 할 때 가장 중요하게 생각하시는 것이 무엇인가요 또한 지원자님은 왜 그것을 가장 중요하다고 생각하고 계시는지 함께 말씀 부탁드립니다","wordCount":19},"emotion":[],"intent":[]},"answer":{"raw":{"text":"네 협업을 할 때 가장 중요한 게 생각하는 부분과 그것을 왜 가장 중요하게 생각하는지에 대해서 답변 드리겠습니다. 어 일단 협업을 할 때 제일 중요한 건 협동이고 사람 대 사람의 갖고 있는 신뢰라고 생각합니다. 이런 신뢰가 만들어진 데는 서로 간의 노력이 필요하다고 생각합니다. 그 중의 하나가 내 의견을 조금 더 근거 있고 논리적으로 말할 수 있는 내 의견에 대한 주장에 대한 그 근거에 뒷받침된 그런 의견 어 제시가 또 있을 것이고 두 번째는 상대방의 의견과 어 그런 거에 대한 사람 대 사람으로서 존중과 잘 들어줄 수 있는 경청의 자세가 있다고 생각합니다. 내 의견은 당연히 논리적이고 근거를 갖춰야겠지만 그 후자인 상대방 얘기를 잘 들어주고 어 조언해 줄 수 있는 그런 경청의 자세 그 부분이 저는 더욱더 중요하다고 생각합니다. 그런 것들이 갖춰졌을 때 커뮤니케이션이 이루어질 것이고 또 효과적인 협업이 만들어진다고 생각하기 때문에 그 두 가지가 가장 중요한 부분일 것 같습니다. 이상입니다.","wordCount":138},"emotion":[],"intent":[{"text":"어 일단 협업을 할 때 제일 중요한 건 협동이고 사람 대 사람의 갖고 있는 신뢰라고 생각합니다.","expression":"c_cop","category":"personality"}],"summary":{"text":"협업 시 가장 중요한 것은 협동이고 사람 대 사람의 신뢰라고 생각합니다. 이를 위해서는 제 의견을 뒷받침할 수 있는 의견 제시와 상대방의 의견을 존중하고 들어줄 수 있는 경청의 자세 두 가지가 필요합니다. 이런 것들이 갖춰졌을 때 효과적인 협업이 만들어질 것 같습니다.","wordCount":40}}},"rawDataInfo":{"question":{"fileFormat":"wav","fileSize":632398,"duration":19760,"samplingBit":16,"channelCount":1,"samplingRate":"16kHz","audioPath":"/Mock/02.SalesMarketing/Male/Experienced/ckmk_q_sm_m_e_214810.wav"},"answer":{"fileFormat":"wav","fileSize":2618638,"duration":81830,"samplingBit":16,"channelCount":1,"samplingRate":"16kHz","audioPath":"/Mock/02.SalesMarketing/Male/Experienced/ckmk_a_sm_m_e_214810.wav"}}}