{"version":"1.0","dataSet":{"info":{"date":"20230116","occupation":"SM","channel":"MOCK","place":"ONLINE","gender":"MALE","ageRange":"35-44","experience":"EXPERIENCED"},"question":{"raw":{"text":"다른 지원자들에 비해 지원자님만이 가진 차별성 또는 장점을 어필한다면 어떤 것이 있겠습니까 차별성과 장점을 어필해 주세요","wordCount":16},"emotion":[],"intent":[]},"answer":{"raw":{"text":"제가 가진 차별성 및 장점은 바로 학습 능력이 엄청 빠르다는 것입니다. 영어로는 패스트 러너라고 하는데요. 어떤 것을 배우면 저는 그것을 배움과 동시에 이것이 어떻게 적용될 수 있고 나중에 응용될 수 있는지까지의 먼 곳까지 바라보는 특징이 있습니다. 그렇게 해서 어떤 프로젝트를 맡으면 그 프로젝트를 데드라인 안에 끝내거나 반드시 성공해야 되는 방법에 대한 방법론까지 연구를 합니다. 그리고 가장 큰 장점 중의 하나는 사람들과 소통을 잘 한다는 것입니다. 사람들이 말하는 나이를 먹으면 꼰대가 된다고 하는데 저는 꼰대가 되지 않기 위한 가장 첫 번째 방법은 브레인스토밍 또는 공감 능력이라고 생각합니다. 브레인스토밍을 통해서 팀원들 또는 사람들에게 좋은 의견 모든 의견들을 청취하고 거기서 가장 합리적이고 가장 이상적이고 사람들이 좋아하는 의견의 동의를 얻어 그것으로 결정안을 내는 것 경우가 많습니다. 처음에는 사람들이 어 왜 이 브레인스토밍을 통해서 이렇게 시간 낭비를 하냐 라고 생각할 수 있지만 실제적으로 어떤 한 독단적인 조직의 리더의 의견보다는 팀원들의 각자 다양한 의견들을 통해서 가장 합리적인 방안을 도출할 수 있기 때문에 이것들이 저의 가장 큰 차별적 성을 가진 장점이라고 생각합니다.","wordCount":155},"emotion":[],"intent":[{"text":"","expression":"","category":"attitude"}],"summary":{"text":"저는 패스트 러너라서 배움과 동시에 적용과 응용까지의 먼 곳까지 바라보는 특징이 있습니다. 그리고 사람과 소통을 잘 합니다. 저는 브레인스토밍을 통해 팀원들의 의견을 듣고 공감하여 합리적인 방안을 도출하는 것을 가장 큰 장점으로 생각합니다.","wordCount":32}}},"rawDataInfo":{"question":{"fileFormat":"wav","fileSize":502798,"duration":15710,"samplingBit":16,"channelCount":1,"samplingRate":"16kHz","audioPath":"/Mock/02.SalesMarketing/Male/Experienced/ckmk_q_sm_m_e_185512.wav"},"answer":{"fileFormat":"wav","fileSize":2700238,"duration":84380,"samplingBit":16,"channelCount":1,"samplingRate":"16kHz","audioPath":"/Mock/02.SalesMarketing/Male/Experienced/ckmk_a_sm_m_e_185512.wav"}}}