{"version":"1.0","dataSet":{"info":{"date":"20230116","occupation":"SM","channel":"MOCK","place":"ONLINE","gender":"MALE","ageRange":"35-44","experience":"EXPERIENCED"},"question":{"raw":{"text":"면접자분이 생각하시기에 일반적으로 제품의 브랜드 가치를 높이기 위한 방법은 어떠한 방법이 있는지 설명해 주시겠습니까","wordCount":14},"emotion":[],"intent":[]},"answer":{"raw":{"text":"제품의 브랜드 가치를 높이려면 제일 먼저 선행해야 되는 부분은 제품 이미지 자체를 상승시키는 것이 가장 중요하다고 생각하고 있습니다. 가격적 문제라든지 그리고 기능적인 문제 여러 부분도 당연히 중요하겠지만 일단은 제품의 브랜드라는 부분을 절대적으로 무시할 수 없습니다. 요즘 단적인 예로 용품 샵 그리고 뭐 보냈다 보냈다 같은 경우에도 에스엔에스를 전부 다 접었습니다. 그 이유가 학생들이 이제 자기 제품들을 사용하면서 그 브랜드 자체가 떨어지는 현상을 방지하기 위해서 에스엔에스를 방지하고 자기 제품 이미지 자체를 상승시키기 위해서 노력한다는 바입니다. 당연히 제품을 장기적인 관점에서 브랜드 가치를 올리기 위해서는 단적인 가격적인 면과 뭐 유명 마케팅적인 부분이 아니라 지속적인 사회 가능한 사업 그리고 이 뭐 봉사 그리고 사회에 환원하는 가치에 대해서 지속적으로 계속 투자를 하면서 브렌지 자체의 이미지를 상승시키는 것이 가장 중요하다고 생각하고 있습니다.","wordCount":116},"emotion":[],"intent":[{"text":"제품의 브랜드 가치를 높이려면 제일 먼저 선행해야 되는 부분은 제품 이미지 자체를 상승시키는 것이 가장 중요하다고 생각하고 있습니다.","expression":"s_brand_strt","category":"technology"},{"text":"가격적 문제라든지 그리고 기능적인 문제 여러 부분도 당연히 중요하겠지만 일단은 제품의 브랜드라는 부분을 절대적으로 무시할 수 없습니다.","expression":"s_brand_strt","category":"technology"},{"text":"그 이유가 학생들이 이제 자기 제품들을 사용하면서 그 브랜드 자체가 떨어지는 현상을 방지하기 위해서 에스엔에스를 방지하고 자기 제품 이미지 자체를 상승시키기 위해서 노력한다는 바입니다.","expression":"s_brand_strt","category":"technology"},{"text":"당연히 제품을 장기적인 관점에서 브랜드 가치를 올리기 위해서는 단적인 가격적인 면과 뭐 유명 마케팅적인 부분이 아니라 지속적인 사회 가능한 사업 그리고 이 뭐 봉사 그리고 사회에 환원하는 가치에 대해서 지속적으로 계속 투자를 하면서 브렌지 자체의 이미지를 상승시키는 것이 가장 중요하다고 생각하고 있습니다.","expression":"s_brand_strt","category":"technology"}],"summary":{"text":"제품의 장기적인 브랜드 가치를 높이려면 단적인 가격적인 면과 유명 마케팅적인 부분이 아니라 지속적인 사회 가능한 사업 그리고 사회 환원하는 가치에 대해서 지속적으로 투자를 하면서 브렌지 자체의 이미지를 상승시키는 것이 가장 중요하다고 생각하고 있습니다.","wordCount":33}}},"rawDataInfo":{"question":{"fileFormat":"wav","fileSize":328718,"duration":10270,"samplingBit":16,"channelCount":1,"samplingRate":"16kHz","audioPath":"/Mock/02.SalesMarketing/Male/Experienced/ckmk_q_sm_m_e_246584.wav"},"answer":{"fileFormat":"wav","fileSize":2725198,"duration":85160,"samplingBit":16,"channelCount":1,"samplingRate":"16kHz","audioPath":"/Mock/02.SalesMarketing/Male/Experienced/ckmk_a_sm_m_e_246584.wav"}}}