{"version":"1.0","dataSet":{"info":{"date":"20230116","occupation":"SM","channel":"MOCK","place":"ONLINE","gender":"MALE","ageRange":"35-44","experience":"EXPERIENCED"},"question":{"raw":{"text":"본인의 의견을 다른 사람에게 설득하려고 노력했지만 실패했던 경험이 있으신가요 어 구체적으로 사례를 들어 말씀 부탁드립니다","wordCount":15},"emotion":[],"intent":[]},"answer":{"raw":{"text":"어 타인을 설득하려다 실패한 경험은 다 있을 것 같습니다. 사람을 설득한다는 게 제일 힘든 일이고 제일 고된 일이고 많은 에너지를 쏟아야 하지 않을까 싶습니다. 네 타인을 설득하려면 제일 중요한 것은 일단 경청을 먼저 해야 합니다. 타인이 무엇을 원하는지를 잘 캐치하지 못하고 설득하려고 덤비게 되면은 당연히 실패할 수밖에 없다고 생각합니다. 네 타인의 그 의견이 맞지 않는 부분을 잘 경청해서 든따 보면은 이 설득할 수 있는 타이밍이 있을 것이고 기회가 생긴다고 생각합니다. 그래서 그렇게 인제 실패하는 경험들을 통해서 지금은 인제 주변 사람들이나 누군가를 설득할 때 이 접근하는 방향에 대해서 인제 많이 변했고 또 인제는 이 설득하는 것도 어떻게 보면 자기의 실력일 것 같습니다. 설득해야 하는 상황이 많기 때문에 그런 상황이 많이 있을 것인데 그런 경험은 제가 여기에 있는 지원자들보다 훨씬 많지 않을까 싶습니다. 그래서 타인을 설득하는 데 있어서 필요한 요소와 어떤 게 제일 중요한지 알기 때문에 그런 것들이 가장 좋은 방법일 것 같습니다. 네 이상입니다.","wordCount":143},"emotion":[],"intent":[{"text":"","expression":"","category":"attitude"}],"summary":{"text":"사람들을 설득하기 위해서 가장 중요한 것은 경청입니다. 경청을 제대로 하지 않으면 설득에 실패할 수 밖에 없습니다. 네 사람의 의견이 다른 부분을 잘 경청하면 설득의 기회가 생깁니다. 이런 경험들을 통해서 설득하는 방향에 대해 많이 변했고, 설득하는 것도 본인의 실력입니다. 그래서 타인을 설득하는 데 필요한 요소와 중요한 것이 무엇인지 알 수 있습니다.","wordCount":50}}},"rawDataInfo":{"question":{"fileFormat":"wav","fileSize":407438,"duration":12730,"samplingBit":16,"channelCount":1,"samplingRate":"16kHz","audioPath":"/Mock/02.SalesMarketing/Male/Experienced/ckmk_q_sm_m_e_107672.wav"},"answer":{"fileFormat":"wav","fileSize":2747598,"duration":85860,"samplingBit":16,"channelCount":1,"samplingRate":"16kHz","audioPath":"/Mock/02.SalesMarketing/Male/Experienced/ckmk_a_sm_m_e_107672.wav"}}}