{"version":"1.0","dataSet":{"info":{"date":"20230116","occupation":"SM","channel":"MOCK","place":"ONLINE","gender":"MALE","ageRange":"35-44","experience":"EXPERIENCED"},"question":{"raw":{"text":"팔로우하고 있는 유튜브나 인스타그램 계정이 있으신가요","wordCount":6},"emotion":[],"intent":[]},"answer":{"raw":{"text":"어 이 지금 현대 사회에서는 에스엔에스를 뺄 수가 없을 것 같습니다. 뭐 모든 에스엔에스 계정을 다 갖고 있고 어 유튜브 인스타그램 페이스북 여러 가지를 하고 있는데 최초에는 처음 시작 단계였던 이 페이스 북을 많이 활용했었고 어 요즘에는 인스타그램을 많이 또 활용하고 있는 것 같습니다. 네 지금 제일 이제 활용을 많이 하고 시간을 많이 할애하면서 많이 좀 영향을 쏟는 부분은 이 유튜브 쪽인 것 같습니다. 네 유투브의 장점으로서는 모든 것을 정보력을 가는 데 있어서 제일 빠르게 정보를 획득할 수 있는 것 같습니다. 물론 이게 백 프로 신뢰할 수 있는 그런 신뢰감이 들지는 않지만 그래도 어느 정도 칠 팔십 프로는 이 유투브에서 많이 활용을 할 수 있을 것 같습니다. 유투브에서 이제 뭐 전문가라든지 뭐 교수 강사들에 의한 뭐 그런 교육 자료를 보고 칠 팔십 프로를 획득한 후에 그 이후에 부족한 부분이나 세부적인 부분을 좀 더 어 공부하고 싶을 때는 어 그럴 때는 이제 뭐 강의나 뭐 선 서적 등을 이용해서 어 많이 활용을 했던 것 같습니다. 그래서 모든 에스엔에스는 다 하고 있고 그에 대해서 잘 적용시킬 수 있을 것 같습니다. 이상입니다.","wordCount":169},"emotion":[],"intent":[{"text":"","expression":"","category":"attitude"}],"summary":{"text":"현대 사회에서 소셜미디어를 뺄 수 없을 것 같습니다. 모든 소셜미디어를 다 갖고 있고 유튜브, 인스타그램, 페이스북 등을 하고 있는데 제일 많이 활용을 하고 시간을 많이 할애하면서 많이 영향을 쏟는 부분은 유튜브 쪽인 것 같습니다. 유투브의 장점으로는 모든 것을 정보력을 가는 데 있어서 제일 빠르게 정보를 획득할 수 있다는 것입니다.","wordCount":49}}},"rawDataInfo":{"question":{"fileFormat":"wav","fileSize":243278,"duration":7600,"samplingBit":16,"channelCount":1,"samplingRate":"16kHz","audioPath":"/Mock/02.SalesMarketing/Male/Experienced/ckmk_q_sm_m_e_191806.wav"},"answer":{"fileFormat":"wav","fileSize":2696718,"duration":84270,"samplingBit":16,"channelCount":1,"samplingRate":"16kHz","audioPath":"/Mock/02.SalesMarketing/Male/Experienced/ckmk_a_sm_m_e_191806.wav"}}}