{"version":"1.0","dataSet":{"info":{"date":"20230116","occupation":"SM","channel":"MOCK","place":"ONLINE","gender":"MALE","ageRange":"55-","experience":"EXPERIENCED"},"question":{"raw":{"text":"지원자분께서는 지금까지 여러 가지 경험을 하셨을 거라 믿습니다 그렇다면 영업이란 무엇이라고 생각하십니까 그리고 회사에서 영업의 지위와 역할은 무엇인지 한번 말씀해 보십시오","wordCount":21},"emotion":[],"intent":[]},"answer":{"raw":{"text":"회사에서 영업이 차지하는 지위와 역할은 어느 정도라고 생각하십니까. 그렇게 생각하시는 이유도 말씀해 주세요. 네 제가 회사에서 영업이 차지하는 아 지위는 아 상당히 좋다고 어 높다고 생각합니다. 그러기 위해서는 영업을 하는 사람들한테 먼저 어 직급을 어 더욱더 올려주고 그거에 맞는 좋은 음 감투를 쓰고 아 밖으로 나갈 수 있도록 회사에서 도와주시는 것이 더욱더 중요하다고 생각합니다. 아 역할 또한 중요하다고 생각합니다. 좋은 제품이 있고 좋은 제품을 개발하고 많이 아 재고가 있고 하지만 그 제품을 실질적으로 좋은 가격에 아 좋아하는 그러한 고객에게 판매할 수 있는 것이 영업의 목표고 또한 영업 영업의 어 해야 될 그러한 일이라고 생각합니다. 무엇보다도 영업에서 계획을 갖고 또한 그 제품을 판매하는 그런 부분에서 최선의 노력을 다하도록 해야 될 것이고 생각합니다. 회사의 운명은 또한 아 영업에 있다고 생각합니다. 아 영업을 어 어떠한 목표에 어떠한 분야에 어떻게 하느냐에 따라서 아 우리가 아 회사의 운명 또한 아 바뀔 수 있고 아 우리의 또한 아 생산 부서도 어떠한 생각을 가지고 제품을 만들고 제품을 관리하고 하는 것인지 아 중요한 역할을 한다고 생각합니다. 저도 그래서 영업을 여태까지 해왔고 영업의 중요성을 알기 때문에 지금도 영업의 필요성을 가지고 여태까지 일을 해오고 있습니다. 아 주어진 분야가 저한테는 아 너무나 좀 광범위하기 하지만은 아 함께 해 주신다면 최선의 노력을 다할 수 있도록 하겠습니다.","wordCount":194},"emotion":[],"intent":[{"text":"","expression":"","category":"attitude"}],"summary":{"text":"회사에서 영업이 차지하는 지위와 역할에 대한 생각을 말씀해 주십시오. 회사에서 영업의 지위와 역할을 높이려면 영업을 하는 사람들한테 직급을 올려주고 좋은 음 감투를 쓰고 밖으로 나갈 수 있도록 도와주어야 합니다. 또한 좋은 제품을 개발하고 좋은 가격에 판매하는 것이 영업의 목표이고 영업에서 계획을 갖고 최선을 다해야 합니다. 주어진 분야가 저한테 너무 광범위하지만 함께 해 주신다면 최선의 노력을 다하도록 하겠습니다.","wordCount":57}}},"rawDataInfo":{"question":{"fileFormat":"wav","fileSize":585038,"duration":18280,"samplingBit":16,"channelCount":1,"samplingRate":"16kHz","audioPath":"/Mock/02.SalesMarketing/Male/Experienced/ckmk_q_sm_m_e_229192.wav"},"answer":{"fileFormat":"wav","fileSize":3824078,"duration":119500,"samplingBit":16,"channelCount":1,"samplingRate":"16kHz","audioPath":"/Mock/02.SalesMarketing/Male/Experienced/ckmk_a_sm_m_e_229192.wav"}}}