{"version":"1.0","dataSet":{"info":{"date":"20230116","occupation":"SM","channel":"MOCK","place":"ONLINE","gender":"MALE","ageRange":"55-","experience":"EXPERIENCED"},"question":{"raw":{"text":"커뮤니케이션을 잘 할 수 있는 지원자님만의 특별한 스킬이 있으신가요 가능하다면 직접 한 번 보여주시면 더욱 좋을 것 같아요","wordCount":18},"emotion":[],"intent":[]},"answer":{"raw":{"text":"의사소통이 잘 되기 위해서는 제일 우선시 되는 게 상대방의 얘기를 경청하는 자세가 필요하다고 봅니다. 본인의 주장이나 의견을 상대방에게 주입시키는 것보다 상대방의 의견이나 얘기를 잘 듣는 자세가 무엇보다 중요하겠습니다. 상대방에게 말을 시키는 것보다 본인이 듣는 자세 존중하는 자세가 중요하기 때문에 그렇게 하다 보면 상대방으로부터 말을 걸어올 수 있게끔 유도하는 게 중요합니다.","wordCount":50},"emotion":[],"intent":[{"text":"","expression":"","category":"attitude"}],"summary":{"text":"의사소통을 잘 하기 위해서는 상대방의 얘기를 경청하는 자세, 즉 존중하는 자세와 의사소통이 잘 이루어지게끔 유도하는 것이 중요합니다. 이는 의사소통에 중요한 부분입니다.","wordCount":21}}},"rawDataInfo":{"question":{"fileFormat":"wav","fileSize":574158,"duration":17940,"samplingBit":16,"channelCount":1,"samplingRate":"16kHz","audioPath":"/Mock/02.SalesMarketing/Male/Experienced/ckmk_q_sm_m_e_229516.wav"},"answer":{"fileFormat":"wav","fileSize":2044878,"duration":63900,"samplingBit":16,"channelCount":1,"samplingRate":"16kHz","audioPath":"/Mock/02.SalesMarketing/Male/Experienced/ckmk_a_sm_m_e_229516.wav"}}}