{"version":"1.0","dataSet":{"info":{"date":"20230116","occupation":"SM","channel":"MOCK","place":"ONLINE","gender":"MALE","ageRange":"35-44","experience":"EXPERIENCED"},"question":{"raw":{"text":"협업을 할 때 사교성이 좋은 편이신가요 또한 사교성을 키우기 위해 지원자님은 어떤 노력을 해 오셨을까요","wordCount":15},"emotion":[],"intent":[]},"answer":{"raw":{"text":"여러 사람들과 함께 진행하는 프로젝트 그리고 협업 과제 이런 것들이 제가 지금 맡을 직무에서는 가장 중요한 요소라고 생각을 합니다. 그리고 저만이 가지고 있는 업무 강점 중의 하나는 처음 보는 낯선 사람들과도 굉장히 밝은 분위기로 빠르게 친화된다는 저만의 친화력인데요. 제가 지원한 직무에서는 여러 사람들과 한 번에 친해질 수 있는 그런 친화력들이 가장 중요한 요소 중의 하나라고 저는 굳게 믿고 있습니다. 그래서 제가 가진 친화력들을 발휘를 해서 우리가 처음에는 조금 어색한 느낌이 들고 낯설더라도 아이스브레이크하는 그런 타입들을 갖고 그리고 또 나아가서 우리 다들 한번 오늘 업무를 잘 해보자고 서로 협업을 직접 주도할 수 있는 주도할 수 있는 그런 리더가 되고 싶습니다.","wordCount":99},"emotion":[],"intent":[{"text":"그리고 저만이 가지고 있는 업무 강점 중의 하나는 처음 보는 낯선 사람들과도 굉장히 밝은 분위기로 빠르게 친화된다는 저만의 친화력인데요.","expression":"c_person","category":"background"},{"text":"제가 지원한 직무에서는 여러 사람들과 한 번에 친해질 수 있는 그런 친화력들이 가장 중요한 요소 중의 하나라고 저는 굳게 믿고 있습니다.","expression":"c_cop","category":"personality"},{"text":"그래서 제가 가진 친화력들을 발휘를 해서 우리가 처음에는 조금 어색한 느낌이 들고 낯설더라도 아이스브레이크하는 그런 타입들을 갖고 그리고 또 나아가서 우리 다들 한번 오늘 업무를 잘 해보자고 서로 협업을 직접 주도할 수 있는 주도할 수 있는 그런 리더가 되고 싶습니다.","expression":"c_cop","category":"personality"}],"summary":{"text":"저만의 업무 강점 중 하나는 낯선 사람들과 빠르게 친화된다는 친화력입니다. 제가 지원한 직무에서는 친화력을 발휘해서 낯설더라도 아이스브레이크하는 타입을 갖고 서로 협업을 직접 주도할 수 있는 리더가 되고 싶습니다.","wordCount":28}}},"rawDataInfo":{"question":{"fileFormat":"wav","fileSize":577998,"duration":18060,"samplingBit":16,"channelCount":1,"samplingRate":"16kHz","audioPath":"/Mock/02.SalesMarketing/Male/Experienced/ckmk_q_sm_m_e_209578.wav"},"answer":{"fileFormat":"wav","fileSize":2161358,"duration":67540,"samplingBit":16,"channelCount":1,"samplingRate":"16kHz","audioPath":"/Mock/02.SalesMarketing/Male/Experienced/ckmk_a_sm_m_e_209578.wav"}}}