{"version":"1.0","dataSet":{"info":{"date":"20230116","occupation":"SM","channel":"MOCK","place":"ONLINE","gender":"MALE","ageRange":"45-54","experience":"EXPERIENCED"},"question":{"raw":{"text":"전공을 어떻게 직무에서 활용할 수 있습니까 말씀해 보십시오","wordCount":8},"emotion":[],"intent":[]},"answer":{"raw":{"text":"전공을 어떻게 직무해서 활용할 수 있겠습니까 라고 말씀을 하셨는데요. 저는 중국 상해 지역에 있는 로컬 대학에서 일본어학을 전공을 했습니다. 일본어학을 전공할 당시에 일본어 뿐만이 아니라 아 중국어는 중국에서 오 년을 생활을 했었기 때문에 당연히 유창하게 구사할 수 있어야 되고요. 중국어와 일본어만으로는 부족하다고 생각을 하여 영어를 일 중국 캐나다 밴쿠버에서 어학연수를 통해서 공부를 했었습니다. 따라서 남들은 중국어 하나만을 가지고 하 어 공부하는데도 힘들어 했었던 시기에 저는 영어 중국어 일본어를 동시에 재구사할 수 있는 능력을 가지게 되었습니다. 따라서 이 전공을 어떻게 지금 해외 영업이라는 직무에 사용할 수 있느냐의 부분은 이 세 가지의 언어를 가지고 지금까지 근 이십 여 년 동안을 영업을 해외 영업을 진행을 하였고 중국 심천 지역의 지사장으로 이 년 동안 파견 나갔던 시절에는 무에서 유를 창조하는 로칼 영업을 직접 진두지휘하여 최종적으로는 신규 영업 매출을 창출한 경험을 가지고 있습니다.","wordCount":128},"emotion":[{"text":"저는 중국 상해 지역에 있는 로컬 대학에서   일본어학을 전공을 했습니다.","expression":"u-fact","category":"neutral"}],"intent":[{"text":"","expression":"","category":"attitude"}],"summary":{"text":"저는 중국어와 일본어를 유창하게 구사할 수 있어야 하고, 영어와 중국어를 동시에 재구사할 수 있는 능력을 가지게 되었습니다. 따라서 이 전공을 해외 영업이라는 직무에 사용할 수 있는 부분은 이 세 가지의 언어를 가지고 근 20 여 년 동안을 영업을 진행 하였고 중국 심천 지역의 지사장 시절에는 신규 영업 매출을 창출한 경험이 있습니다.","wordCount":51}}},"rawDataInfo":{"question":{"fileFormat":"wav","fileSize":595598,"duration":18610,"samplingBit":16,"channelCount":1,"samplingRate":"16kHz","audioPath":"/Mock/02.SalesMarketing/Male/Experienced/ckmk_q_sm_m_e_105436.wav"},"answer":{"fileFormat":"wav","fileSize":2654798,"duration":82960,"samplingBit":16,"channelCount":1,"samplingRate":"16kHz","audioPath":"/Mock/02.SalesMarketing/Male/Experienced/ckmk_a_sm_m_e_105436.wav"}}}