{"version":"1.0","dataSet":{"info":{"date":"20230116","occupation":"SM","channel":"MOCK","place":"ONLINE","gender":"MALE","ageRange":"35-44","experience":"EXPERIENCED"},"question":{"raw":{"text":"해외 영업에서 본인이 맡고 싶은 국가가 있습니까","wordCount":7},"emotion":[],"intent":[]},"answer":{"raw":{"text":"제가 해외 영업을 가게 된다면 가장 먼저 가보고 싶은 곳은 바로 독일입니다. 독일은 우리가 생각하는 모든 기술의 최첨단의 나라입니다. 특히나 독일은 아시아의 유럽이라고 할 정도로 굉장히 성실하고 친근하고 열정이 많은 나라입니다. 그들은 중학교 때부터 프로그래밍을 공부해서 대학교를 나오지 않아도 이십 대 중후반이 되면 상급 프로그램 개발자가 된다고 합니다. 그들의 나라에 가서 어떻게 하면 우리나라의 기술을 판매할 수 있을지 또는 그들의 제품은 어떻게 만들어져서 우리와 협업을 할 수 있는지를 많이 고민하고 연구하고 싶습니다. 특히나 유럽의 허브로서 독일에 가면 다른 나라와도 교류가 많고 멀지 않기 때문에 판매하는 데 있어서 크게 문제가 되지 않거나 오히려 교두보 역할을 할 수 있다고 합니다. 유럽을 점령하면 유럽에서 먹히면 모든 장비는 먹힌다 라는 얘기가 있습니다. 즉 다시 말해서 해외 영업을 통해서 유럽을 진출한 나라들은 다른 나라에 또 다른 영업을 하는 시너지 효과를 또는 연계 효과를 내는 데 최적화가 돼 있다고 해 생각합니다.","wordCount":135},"emotion":[],"intent":[{"text":"","expression":"","category":"attitude"}],"summary":{"text":"해외 영업을 하게 된다면 가장 먼저 가보고 싶은 나라는 독일입니다. 그들은 중후반이 되면 상급 프로그램 개발자가 된다고 합니다. 그들의 나라에서 우리와 협업을 할 수 있을지 고민하고 연구하고 싶습니다. 해외 영업을 통해서 유럽을 진출한 나라들은 다른 나라에 또 다른 영업을 하는 데 최적화가 돼 있다고 해 생각합니다.","wordCount":46}}},"rawDataInfo":{"question":{"fileFormat":"wav","fileSize":243278,"duration":7600,"samplingBit":16,"channelCount":1,"samplingRate":"16kHz","audioPath":"/Mock/02.SalesMarketing/Male/Experienced/ckmk_q_sm_m_e_191518.wav"},"answer":{"fileFormat":"wav","fileSize":2316238,"duration":72380,"samplingBit":16,"channelCount":1,"samplingRate":"16kHz","audioPath":"/Mock/02.SalesMarketing/Male/Experienced/ckmk_a_sm_m_e_191518.wav"}}}