{"version":"1.0","dataSet":{"info":{"date":"20230116","occupation":"SM","channel":"MOCK","place":"ONLINE","gender":"MALE","ageRange":"55-","experience":"EXPERIENCED"},"question":{"raw":{"text":"귀하께서는 우리 회사 제품 중 해외에 물건을 파는 사업을 한다면 어떤 물건을 팔아보실 건지 어떻게 팔아보실 건지에 대해서 말씀해 보세요","wordCount":20},"emotion":[],"intent":[]},"answer":{"raw":{"text":"스포츠 웨에나 골프웨어 같은 의류를 팔고 싶습니다. 왜냐하면 제가 십 사 오 년 동안 패션 회사에서 근무를 해서 영업 노하우도 가지고 있고 또한 풍부한 판매 경험도 있기 때문에 그렇습니다.","wordCount":29},"emotion":[],"intent":[{"text":"","expression":"","category":"attitude"}],"summary":{"text":"판매경험을 살려 스포츠 웨에나 골프웨어 같은 의류를 팔고 싶은데, 이는 영업노하우와 판매경험이 있어서입니다.","wordCount":13}}},"rawDataInfo":{"question":{"fileFormat":"wav","fileSize":391758,"duration":12240,"samplingBit":16,"channelCount":1,"samplingRate":"16kHz","audioPath":"/Mock/02.SalesMarketing/Male/Experienced/ckmk_q_sm_m_e_210934.wav"},"answer":{"fileFormat":"wav","fileSize":1437838,"duration":44930,"samplingBit":16,"channelCount":1,"samplingRate":"16kHz","audioPath":"/Mock/02.SalesMarketing/Male/Experienced/ckmk_a_sm_m_e_210934.wav"}}}