{"version":"1.0","dataSet":{"info":{"date":"20230116","occupation":"SM","channel":"MOCK","place":"ONLINE","gender":"MALE","ageRange":"35-44","experience":"EXPERIENCED"},"question":{"raw":{"text":"혹시 시험 기간에 시간이 촉박할 때 어떤 방식으로 시간 관리를 했나요 본인만의 시간 관리 노하우가 궁금합니다","wordCount":16},"emotion":[],"intent":[]},"answer":{"raw":{"text":"저는 항상 시험 기간에 잠이 많아 잠을 쫓을 수 있는 방법을 찾는 것이 그것이 저의 시간 관리에 가장 특별한 방법이었습니다. 그때 제가 할 수 있는 것은 사람은 자기한테 맞는 수면 패턴이나 생활 패턴이 있다는 것을 대학교 때부터 저는 많이 알고 있었고 그래서 저에게 가장 필요한 것은 일찍 잠들어서 새벽 한 두 시에 깨서 맑은 정신으로 열 시간 정도를 집중적으로 공부하자는 게 제 목표였습니다. 그리고 평상시에는 제가 일곱 시간 여덟 시간을 자지만 시험 기간에는 잠을 세 시간에서 네 시간으로 줄이고 그 시험 기간이 어차피 길어봐야 이 주 미만이기 때문에 이 주 동안 만큼은 세 네 시간으로 잠을 쫓을 수 있는 운동이라든가 커피라든가 약간 카페인이 들어가 음료수를 마시면서 세 네 시간으로 잠을 채웠고 그 후에는 나머지 시간들은 지속적으로 공부를 몰아서 했습니다. 그렇게 하지 않으면 시험 기간에 많은 양의 전공 과목을 외울 수가 없어서 제가 시험을 잘 볼 수가 없었습니다. 그렇게 자기한테 맞는 생활 패턴 수면 패턴을 잘 관리해서 시험 기간 때 실제적으로 공부하는 시간을 기존 시간보다 약 두 배 정도 늘릴 수 있었습니다.","wordCount":161},"emotion":[],"intent":[{"text":"그때 제가 할 수 있는 것은 사람은 자기한테 맞는 수면 패턴이나 생활 패턴이 있다는 것을 대학교 때부터 저는 많이 알고 있었고   그래서 저에게 가장 필요한 것은 일찍 잠들어서 새벽 한 두 시에 깨서 맑은 정신으로 열 시간 정도를 집중적으로 공부하자는 게 제 목표였습니다.","expression":"c_chl","category":"personality"},{"text":"그리고 평상시에는 제가 일곱 시간 여덟 시간을 자지만   시험 기간에는 잠을 세 시간에서 네 시간으로 줄이고 그 시험 기간이 어차피 길어봐야 이 주 미만이기 때문에 이 주 동안 만큼은 세 네 시간으로 잠을   쫓을 수 있는 운동이라든가 커피라든가 약간 카페인이 들어가 음료수를 마시면서   세 네 시간으로 잠을 채웠고 그 후에는 나머지 시간들은 지속적으로 공부를 몰아서 했습니다.","expression":"c_chl","category":"personality"}],"summary":{"text":"시험 기간에 잠을 쫓을 수 있는 방법을 찾는 것이 제 시간 관리에 가장 특별한 방법이었습니다. 그래서 일찍 잠 들어서 새벽 한 두 시에 깨서 맑은 정신으로 열 시간 정도를 집중적으로 공부하자는 게 제 목표였습니다. 그렇게 해야 시험 기간에 많은 양의 전공 과목을 외울 수가 있어서 시험 기간 때 공부하는 시간을 기존 시간보다 약 두 배 정도 늘릴 수 있었습니다.","wordCount":59}}},"rawDataInfo":{"question":{"fileFormat":"wav","fileSize":391118,"duration":12220,"samplingBit":16,"channelCount":1,"samplingRate":"16kHz","audioPath":"/Mock/02.SalesMarketing/Male/Experienced/ckmk_q_sm_m_e_156274.wav"},"answer":{"fileFormat":"wav","fileSize":2631118,"duration":82220,"samplingBit":16,"channelCount":1,"samplingRate":"16kHz","audioPath":"/Mock/02.SalesMarketing/Male/Experienced/ckmk_a_sm_m_e_156274.wav"}}}