{"version":"1.0","dataSet":{"info":{"date":"20230116","occupation":"SM","channel":"MOCK","place":"ONLINE","gender":"MALE","ageRange":"55-","experience":"EXPERIENCED"},"question":{"raw":{"text":"저희 회사에 입사를 하면 협업을 할 일이 많이 생길 겁니다 그렇다면 이전 직장에서 혹은 대학에서 협업을 할 때 어려웠던 점이 있었다면 저에게 말씀해 주세요","wordCount":24},"emotion":[],"intent":[]},"answer":{"raw":{"text":"이전 직장에서 협업을 할 때 어려운 점이 가끔씩 있었습니다. 그 이유는 어떤 업무적인 문제가 발생해서 토론을 한다든가 업무 협조를 할 때 조직원 모두가 또 같지는 않습니다. 생각이나 의견이 충돌하게 마련입니다. 특히나 성격적으로 고집이 좀 센 사람 아집성이 있는 사람들은 특히 업무적으로 부딪치는 경우가 많은데 그런 경우에 해결하는 방안이 참 어렵습니다. 이런 것들이 가장 협업할 때 어려운 부분이었던 것 같습니다.","wordCount":59},"emotion":[],"intent":[{"text":"","expression":"","category":"attitude"}],"summary":{"text":"성격적으로 고집이 센 사람 아집성이 있는 사람들은 특히 업무적으로 부딪치는 경우가 많습니다. 이런 경우 해결하는 방안이 참 어렵습니다. 이런 것들이 협업할 때 어려운 부분입니다.","wordCount":24}}},"rawDataInfo":{"question":{"fileFormat":"wav","fileSize":539598,"duration":16860,"samplingBit":16,"channelCount":1,"samplingRate":"16kHz","audioPath":"/Mock/02.SalesMarketing/Male/Experienced/ckmk_q_sm_m_e_216673.wav"},"answer":{"fileFormat":"wav","fileSize":2208078,"duration":69000,"samplingBit":16,"channelCount":1,"samplingRate":"16kHz","audioPath":"/Mock/02.SalesMarketing/Male/Experienced/ckmk_a_sm_m_e_216673.wav"}}}