{"version":"1.0","dataSet":{"info":{"date":"20230116","occupation":"SM","channel":"MOCK","place":"ONLINE","gender":"MALE","ageRange":"-34","experience":"EXPERIENCED"},"question":{"raw":{"text":"영업과 영업 관리 차이가 무엇이라고 생각하는지 한번 말씀해 보세요","wordCount":9},"emotion":[],"intent":[]},"answer":{"raw":{"text":"영업과 영업 관리 두 가지는 기업의 이익을 극대화하는 부분에 있어서 가장 중요한 분야라고 생각합니다. 하지만 이 두 가지는 어 조금의 차이가 있는데 영업은 말 그대로 영업의 최전선에서 고객들을 만나고 많은 기업들을 만나면서 실제로 제품이나 서비스를 판매하는 일이라고 생각하고 영업 관리는 이 영업 직원들이 잘 영업을 할 수 있도록 뒷받침해주는 역할을 해 준다고 생각합니다. 어 쉽게 정리하자면 영업은 고객을 만나서 제품이나 서비스를 판매하는 사람 영업 관리는 영업을 하는 사람들이 영업을 더 잘 할 수 있게 노하우를 전수하고 관리를 해주는 역할이라고 생각합니다.","wordCount":80},"emotion":[],"intent":[{"text":"","expression":"","category":"attitude"}],"summary":{"text":"기업의 이익을 극대화하는 부분에서 영업과 영업 관리는 중요합니다. 영업은 고객과 만나 제품이나 서비스를 판매하는 일이며, 영업관리는 영업을 하는 사람들이 영업을 더 잘 할 수 있게 노하우를 전수하고 관리를 해주는 역할입니다.","wordCount":30}}},"rawDataInfo":{"question":{"fileFormat":"wav","fileSize":218318,"duration":6820,"samplingBit":16,"channelCount":1,"samplingRate":"16kHz","audioPath":"/Mock/02.SalesMarketing/Male/Experienced/ckmk_q_sm_m_e_211858.wav"},"answer":{"fileFormat":"wav","fileSize":2255438,"duration":70480,"samplingBit":16,"channelCount":1,"samplingRate":"16kHz","audioPath":"/Mock/02.SalesMarketing/Male/Experienced/ckmk_a_sm_m_e_211858.wav"}}}