{"version":"1.0","dataSet":{"info":{"date":"20230116","occupation":"SM","channel":"MOCK","place":"ONLINE","gender":"MALE","ageRange":"35-44","experience":"EXPERIENCED"},"question":{"raw":{"text":"창의성과 팀워크 중에서 더 중요한 것은 무엇이라고 생각하시나요 근거도 함께 들어서 가능한 구체적으로 말씀 부탁드립니다","wordCount":15},"emotion":[],"intent":[]},"answer":{"raw":{"text":"네 창의성과 팀워크에 대해서 답변드리겠습니다. 창의성과 이 팀워크라고 하면은 제가 봤을 때는 둘 다 중요하겠지만 일단 더욱더 중요한 것은 팀워크가 더 중요할 것 같습니다. 지금까지 이제 생활을 하면서 많은 팀워크를 이루었던 경우와 아이디어가 필요한 경우가 있었는데 일단 이제 팀워크가 갖춰진 상태에서 창의성이 발휘가 되는 거지 창의성 있는 상태인데 팀워크가 안 갖춰져 있다 그러면 성과가 미비할 수밖에 없을 것 같습니다. 네 팀워크를 이제 팀원들끼리 이제 파트별로 나눠서 임무 분담 후에 그 부분에 대해서 인제 각종 자기가 갖고 있는 창의성을 갖고 있는 것을 이제 조율해서 종합적으로 했을 때 가장 중요한 제일 성과가 있을 것 같은 것을 선택하게 되는데 그 부분에 있어서 팀워크가 갖춰지지 않으면 절대 창의성이 나올 수도 없고 물론 뭐 개인이 했을 때 창의성이 나올 수도 있겠지만 이런 팀워크로 해서 이제 각종 여러 가지 사례들이나 여러 가지 인제 좋은 정보들을 종합해서 나오는 것들은 더욱더 극대화될 수 있다고 생각합니다. 그러기 때문에 저는 창의성과 팀워크 중에는 팀워크가 더욱더 중요하다 그렇게 판단할 것 같습니다. 이상입이다.","wordCount":151},"emotion":[],"intent":[{"text":"지금까지 이제 생활을 하면서 많은 팀워크를 이루었던 경우와   아이디어가 필요한 경우가 있었는데 일단 이제 팀워크가 갖춰진 상태에서 창의성이 발휘가 되는 거지   창의성 있는 상태인데 팀워크가 안 갖춰져 있다 그러면 성과가 미비할 수밖에 없을 것 같습니다.","expression":"c_cop","category":"personality"},{"text":"네 팀워크를 이제 팀원들끼리 이제 파트별로 나눠서 임무 분담 후에 그 부분에 대해서 인제 각종 자기가 갖고 있는 창의성을 갖고 있는 것을 이제 조율해서 종합적으로 했을 때 가장 중요한   제일 성과가 있을 것 같은 것을 선택하게 되는데 그 부분에 있어서 팀워크가 갖춰지지 않으면 절대   창의성이 나올 수도 없고 물론 뭐 개인이 했을 때 창의성이 나올 수도 있겠지만 이런 팀워크로 해서 이제 각종 여러 가지 사례들이나 여러 가지 인제   좋은 정보들을 종합해서 나오는 것들은 더욱더 극대화될 수 있다고 생각합니다.","expression":"c_cop","category":"personality"},{"text":"그러기 때문에 저는 창의성과 팀워크 중에는 팀워크가 더욱더 중요하다 그렇게 판단할 것 같습니다.","expression":"c_cop","category":"personality"}],"summary":{"text":"창의성과 팀워크 중 팀워크가 가장 중요합니다. 팀워크를 팀원들끼리 나눠서 임무 분담 후에 그 부분에 대해서 자기가 갖고 있는 창의성을 조율해서 가장 중요한 가장 중요한 제일 성과가 있을 것 같은 것을 선택하게 되는데 그 부분에 있어서 팀워크로 해서 각종 사례들과 좋은 정보들을 종합해서 나오는 것들은 더욱더 극대화될 수 있습니다.","wordCount":48}}},"rawDataInfo":{"question":{"fileFormat":"wav","fileSize":590158,"duration":18440,"samplingBit":16,"channelCount":1,"samplingRate":"16kHz","audioPath":"/Mock/02.SalesMarketing/Male/Experienced/ckmk_q_sm_m_e_196457.wav"},"answer":{"fileFormat":"wav","fileSize":2661198,"duration":83160,"samplingBit":16,"channelCount":1,"samplingRate":"16kHz","audioPath":"/Mock/02.SalesMarketing/Male/Experienced/ckmk_a_sm_m_e_196457.wav"}}}