{"version":"1.0","dataSet":{"info":{"date":"20230116","occupation":"SM","channel":"MOCK","place":"ONLINE","gender":"MALE","ageRange":"35-44","experience":"EXPERIENCED"},"question":{"raw":{"text":"대한민국 금융 정책 기관인 우리의 신용보증기금에서 앞으로 확대해서 시행해야 할 사업은 어떤 것이라고 생각하십니까 지원자님께서 판단해서 말씀해 주세요","wordCount":18},"emotion":[],"intent":[]},"answer":{"raw":{"text":"네 금융 정책 기관으로서 신용보증기금이 있습니다. 어 그 부분에서 인제 앞으로 해야할 업무 영역을 늘려 가야 한다고 생각하는데 그 부분에 대해서는 이제 사각지대에 놓인 분명히 시민들이나 서민들이나 취약 계층들이 분명히 있을 것입니다. 예 신용 보증이라는 것은 결국은 나라를 대상으로 한 신용 대출이라든지 뭐 뭐 보금자리라든지 뭐 여러 가지 기 업무가 있을 것입니다. 그런 부분에서 가장 중요한 부분은 물론 대한민국 국민에 대한 그런 영역에 대해서는 분명히 형평성이 맞아야 하고 공평하게 진행이 돼야겠지만 그 부분보다도 더 분명히 사각지대에서 보이지 않는 곳에서 더 힘들어 하고 있는 그런 서민들이 있을 수 있습니다. 그런 부분들을 착안해서 그런 부분들에게 더 도움이 될 수 있는 그런 역할을 할 수 있는 그런 대한민국의 금융 정책 기관으로서 많은 도움이 될 수 있고 그런 것들이 돼야 잘 사는 대한민국이나 뭐 살기 좋은 대한민국이 되지 않을까 싶습니다. 네 이상입니다.","wordCount":128},"emotion":[{"text":"네 금융 정책 기관으로서 신용보증기금이 있습니다.","expression":"u-fact","category":"neutral"}],"intent":[{"text":"","expression":"","category":"attitude"}],"summary":{"text":"금융 정책 기관인 신용보증기금에서 해야할 업무 영역을 늘려 가야 한다고 생각하는데 그 부분에 대해서는 사각지대에 놓인 시민들이나 서민이나 취약 계층들이 있을 것입니다. 그런 부분들에 더 도움이 될 수 있는 그런 역할을 할 수 있는 대한민국의 금융 정책 기관이 되어야 합니다.","wordCount":40}}},"rawDataInfo":{"question":{"fileFormat":"wav","fileSize":643278,"duration":20100,"samplingBit":16,"channelCount":1,"samplingRate":"16kHz","audioPath":"/Mock/02.SalesMarketing/Male/Experienced/ckmk_q_sm_m_e_184807.wav"},"answer":{"fileFormat":"wav","fileSize":2632398,"duration":82260,"samplingBit":16,"channelCount":1,"samplingRate":"16kHz","audioPath":"/Mock/02.SalesMarketing/Male/Experienced/ckmk_a_sm_m_e_184807.wav"}}}