{"version":"1.0","dataSet":{"info":{"date":"20230116","occupation":"SM","channel":"MOCK","place":"ONLINE","gender":"MALE","ageRange":"55-","experience":"EXPERIENCED"},"question":{"raw":{"text":"지원자님께서 특별하게 좋아하는 앱이 있다면 말씀해 주시고 또한 그 앱에 광고를 넣게 된다면 어떠한 광고를 넣으면 좋을지도 함께 말씀해 주십시오","wordCount":20},"emotion":[],"intent":[]},"answer":{"raw":{"text":"좋아하는 앱이 있다면 말씀해 주시고 그 앱에 광고를 넣는다면 무엇이 좋을지 함께 말씀해 주세요. 아 예 제가 좋아하는 앱은 어 당근마켓 같은 그런 앱입니다. 아 많은 사람들이 소비 상품 아 소비재 그리고 생활용품 뭐 이런 것들을 관련돼 있는 그런 앱이기 때문에 제가 즐겨 하고 또한 우리가 아 필요 저렴하게 필요로 하는 제품이 있는지 우리가 구입하기에 참 좋은 아 앱이라고 생각합니다. 이 앱에 광고를 넣는다면은 어 저희가 음 여러 가지를 넣을 수 있을 거라고 생각합니다. 보험에 관련된 것들 그리고 실생활에 필요한 것들이기 때문에 전자 제품 아 아이폰 같은 거 그리고 또한 갤럭시 같은 거 이런 것들을 저렴하게 판매할 수 있는 그런 전자 제품들 그리고 또한 아 실상에 필요로 하는 자동차 용품 같은 것들 아 이런 것들도 어 앱에 광고를 넣어 주면 어 더 좋을 것 같습니다. 많은 사람들이 저렴한 쪽으로 찾는 것이 당근마켓이었고 또한 어 그런 광고를 통하여서 쉽게 접근한다면은 우리의 매출도 많이 일어날 수 있는 그런 분야라고 생각을 합니다. 아 뭐 많이 있을 것 같습니다. 또한 우리가 그 취업 알선 사이트 같은 아 그런 부분도 우리가 광고로서 어 넣으면 더욱더 좋을 것 같습니다. 왜냐하면 젊은이들이 어 정보도 많이 있지만은 그러한 알선 사이트를 통하여서 알바라든가 아 취업이라든가 이런 쪽에서 좋은 정보를 얻어 가면은 요즘 젊은이들이 어 정보는 많다고 하지만은 실질적으로 필요한 정보는 많이 없기 때문에 아 젊은이들이 원하는 그런 정보를 만들어 가는 것이 더욱더 중요하다고 생각합니다.","wordCount":215},"emotion":[],"intent":[{"text":"","expression":"","category":"attitude"}],"summary":{"text":"당근마켓 같은 앱에 광고를 넣는다면 여러 가지를 넣을 수 있을 것 같습니다. 보험, 실생활에 필요한 것, 전자 제품, 자동차 용품 같은 것들도 좋습니다. 또한 취업 알선 사이트도 광고로 넣으면 좋겠습니다. 젊은이들이 원하는 정보를 만들어 가는 것이 중요하다고 생각합니다.","wordCount":38}}},"rawDataInfo":{"question":{"fileFormat":"wav","fileSize":512078,"duration":16000,"samplingBit":16,"channelCount":1,"samplingRate":"16kHz","audioPath":"/Mock/02.SalesMarketing/Male/Experienced/ckmk_q_sm_m_e_229011.wav"},"answer":{"fileFormat":"wav","fileSize":3867598,"duration":120860,"samplingBit":16,"channelCount":1,"samplingRate":"16kHz","audioPath":"/Mock/02.SalesMarketing/Male/Experienced/ckmk_a_sm_m_e_229011.wav"}}}