{"version":"1.0","dataSet":{"info":{"date":"20230116","occupation":"SM","channel":"MOCK","place":"ONLINE","gender":"MALE","ageRange":"35-44","experience":"EXPERIENCED"},"question":{"raw":{"text":"지원자께서 생각하기에 동종업계에서 가장 좋았다고 생각했던 마케팅 사례가 있나요 그에 대해 설명해 주세요","wordCount":13},"emotion":[],"intent":[]},"answer":{"raw":{"text":"네 동종 업계에서 가장 좋았다고 생각했던 그런 사례에 대해서 말씀드리겠습니다. 어 일단 최근에 인제 코로나라는 것이 시작되면서 코로나 시대에 접다 보니까 이런 비대면 시대 이런 것들이 많이 강해진 것 같습니다. 그렇게 했을 때 최근에 제일 상공하고 했던 그런 사업이 무엇이고 또 어떤 사례가 있는 지 한번 생각해 봤는데 일단 뭐니뭐니 해도 배달과 관련된 그런 문화가 많이 변한 것 같습니다. 그러다 보니까 뭐 배달의 민족이라든지 쿠팝 요기요 뭐 이런 회사들에 어 상장이 엄청 커졌었는데 이제 그런 플랫폼과 관련된 회사들이 잘 될 수 밖에 없다는 거를 좀 알게 된 것 같습니다. 그러니까 이런 음식점이나 뭐 이렇게 가 실제로 대면을 해서 할 수 있는 것들이 인제 점점 줄어들다 보니까 이런 뭐 배달이라든지 뭐 관련된 마케팅과 관련된 부분에 있어서도 이렇게 연결해 주는 부분에 대한 플랫폼 회사들이 많이 성장할 수 있었던 것 같습니다. 그것이 이제 앞으로도 그렇게 진행될 것 같은 예감이 듭니다. 이상입니다.","wordCount":138},"emotion":[],"intent":[{"text":"","expression":"","category":"attitude"}],"summary":{"text":"코로나라는 것이 시작되면서 비대면 시대가 많이 강해졌고 배달과 관련된 문화가 많이 변해서 배달의 민족, 쿠팝, 요기요 같은 플랫폼 회사들이 잘 될 수 밖에 없었습니다. 대면을 할 수 있는 것이 점점 줄어들다 보니 마케팅과 관련된 부분에 있어서도 연결 부분에 대한 플랫폼 회사들 많이 성장할 수 있었습니다.","wordCount":45}}},"rawDataInfo":{"question":{"fileFormat":"wav","fileSize":357838,"duration":11180,"samplingBit":16,"channelCount":1,"samplingRate":"16kHz","audioPath":"/Mock/02.SalesMarketing/Male/Experienced/ckmk_q_sm_m_e_214693.wav"},"answer":{"fileFormat":"wav","fileSize":2598478,"duration":81200,"samplingBit":16,"channelCount":1,"samplingRate":"16kHz","audioPath":"/Mock/02.SalesMarketing/Male/Experienced/ckmk_a_sm_m_e_214693.wav"}}}