{"version":"1.0","dataSet":{"info":{"date":"20230116","occupation":"SM","channel":"MOCK","place":"ONLINE","gender":"MALE","ageRange":"35-44","experience":"EXPERIENCED"},"question":{"raw":{"text":"지원자께서는 해외에 파견 근무를 나가게 된다면은 어느 나라에서 일을 하고 싶고 그 이유가 무엇인지 같이 말씀해 주시겠습니까","wordCount":17},"emotion":[],"intent":[]},"answer":{"raw":{"text":"제가 해외 주재원으로 일을 하게 된다면 저는 단연코 유럽의 독일을 선택하고 싶습니다. 독일은 아시아의 유럽이라고 할 만큼 열정 성실 친근화감이 아주 좋은 나라입니다. 특히나 비엠더블유 벤츠 같은 자동차의 최첨단 강국이기도 하고 제가 오랫동안 업무에 종사했던 의료 기기의 최강국입니다. 독일은 중학생만 지나도 혼자서 프로그래밍을 하고 기구 설계를 공부한다고 들었습니다. 그들은 대학을 졸업하지 않아도 웬만한 엔지니어들이 이십 대 후반이 되면 대한민국에 있는 삼 급 상급 레벨의 엔지니어나 기구 설계 엔지니어 정도의 수준을 갖고 있다고 하고 또는 그들의 문화 및 그들의 최첨단 시스템을 익히고 그것을 익혀서 우리나라 우리 회사에 적용하고 싶습니다. 유럽 문화에 대해서 항상 동경을 해왔고 독일이 어떤 식으로 지금까지 기술 개발을 해왔으며 모든 시스템에서 자율 주행 딥러닝 머신러닝까지 최고의 길을 걷고 있는지 가장 궁금합니다. 그래서 월급도 조금 더 받고 유럽 문화도 경험하면서 독일이라고 하는 기술 최강국을 경험하여 제 인생 커리어 및 회사에 도움이 되고 싶습니다.","wordCount":134},"emotion":[],"intent":[{"text":"","expression":"","category":"attitude"}],"summary":{"text":"해외 주재원으로 일하게 된다면 저는 단연코 유럽의 독일을 선택하고 싶습니다. 독일은 아시아의 유럽이라고 할 만큼 열정 성실 친근화감이 아주 좋은 나라이기 때문입니다. 월급도 조금 더 받고 유럽 문화도 경험하면서 독일이라는 기술 최강국을 경험하여 제 인생 커리어 및 회사에 도움이 되고 싶었습니다.","wordCount":41}}},"rawDataInfo":{"question":{"fileFormat":"wav","fileSize":467278,"duration":14600,"samplingBit":16,"channelCount":1,"samplingRate":"16kHz","audioPath":"/Mock/02.SalesMarketing/Male/Experienced/ckmk_q_sm_m_e_173141.wav"},"answer":{"fileFormat":"wav","fileSize":2693198,"duration":84160,"samplingBit":16,"channelCount":1,"samplingRate":"16kHz","audioPath":"/Mock/02.SalesMarketing/Male/Experienced/ckmk_a_sm_m_e_173141.wav"}}}