{"version":"1.0","dataSet":{"info":{"date":"20230116","occupation":"SM","channel":"MOCK","place":"ONLINE","gender":"MALE","ageRange":"35-44","experience":"EXPERIENCED"},"question":{"raw":{"text":"여러 사람과 함께 일을 하다 보면 사람들끼리 갈등이 생길 수도 있습니다 그럴 때는 보통 어떻게 해결하시나요","wordCount":16},"emotion":[],"intent":[]},"answer":{"raw":{"text":"회사나 조직에서 협업을 하다 보면 구성원들 간의 갈등은 피할 수 없는 필수적인 요소입니다. 그 이유는 어차피 월급을 받고 똑같이 일하는 입장에서 자신이 덜 적게 일하고 싶지 많이 일하고 싶은 사람은 아무도 없습니다. 그럴 때는 회사 입장에서 모든 사람들에게 공동체로 책임 의식을 주거나 아니면 보상 안을 적절하게 마련해 줘야 됩니다. 우리는 너와 내가 남이 아니라 하나의 공동체고 하나의 책임 의식을 가진 집단이다. 이 업무가 잘못되면 나뿐만 아니라 여러분들 모두에게 제재가 가해지고 여러분들에게 좋은 일이 하나도 없다. 또는 이 프로젝트를 성취하고 이 프로젝트에서 목표를 달성하면 우리 모두에게 급여가 인상되거나 아니면 어떤 특별한 혜택이 주어질 것이다 라고 해서 모든 사람에게 생산적인 고취라든가 목표 달성에 대한 고무적인 이야기를 해줘야 됩니다. 그렇지 않고 그냥 열심히 해라 그러면 잘 될 것이다 라고 하면 결국 모든 사람들은 자기가 하고 싶은 일만 하게 되고 그러면서 구성원들과의 갈등은 피할 수 없게 됩니다.","wordCount":133},"emotion":[],"intent":[{"text":"","expression":"","category":"attitude"}],"summary":{"text":"회사나 조직에서 협업을 하다 보면 구성원들 간의 갈등은 피할 수 없는 필수적인 요소입니다. 그럴 때는 회사 입장에서 모든 사람들에게 공동체로 책임 의식을 주거나 또는 보상 안을 적절하게 마련해 줘야 됩니다. 우리는 하나의 공동체고 하나의 책임 의식을 가진 집단입니다.","wordCount":38}}},"rawDataInfo":{"question":{"fileFormat":"wav","fileSize":290638,"duration":9080,"samplingBit":16,"channelCount":1,"samplingRate":"16kHz","audioPath":"/Mock/02.SalesMarketing/Male/Experienced/ckmk_q_sm_m_e_170013.wav"},"answer":{"fileFormat":"wav","fileSize":2337998,"duration":73060,"samplingBit":16,"channelCount":1,"samplingRate":"16kHz","audioPath":"/Mock/02.SalesMarketing/Male/Experienced/ckmk_a_sm_m_e_170013.wav"}}}