{"version":"1.0","dataSet":{"info":{"date":"20230116","occupation":"SM","channel":"MOCK","place":"ONLINE","gender":"MALE","ageRange":"35-44","experience":"EXPERIENCED"},"question":{"raw":{"text":"면접자는 마케터로서 본인이 가진 가장 뛰어난 역량은 무엇인지 이야기해 주십시오","wordCount":10},"emotion":[],"intent":[]},"answer":{"raw":{"text":"어 제가 마케터로서 마케터로서 제가 가지고 있는 역량은 무엇일까 한번 생각해 보았습니다. 그거에 대해서 답변 드리겠습니다. 일단 제가 마케터가 돼서 회사의 이익을 창출해 내야 하는 입장에서 아마 내가 할 수 있는 일이 무엇일까 한번 생각을 해 보았는데 일단 제일 중요한 거는 어 고객 우리의 회사에 물건을 써주고 회사의 서비스를 사용해주는 그런 고객이 무엇을 원하는지를 빨리 캐치했던 것 같습니다. 회사에서 회사에서 인제 충분하게 인제 마케팅을 갖추고 여러 가지 조율을 끝내서 어 서비스나 물건을 출시했는데 그게 인제 고객들이 관심이 없고 만족하지 못한다면 아무 의미가 없다고 생각합니다. 그래서 마케터로서 제일 중요한 것은 일단 손님들 고객들이 무엇을 원하는지 무엇을 어떤 서비스를 받고 싶은지 내가 어느 정도의 돈을 지불하고 나서 내가 받을 수 있는 서비스가 어디까지인지 그거를 정확하게 인지시켜 주고 그런 서비스를 내논다면 절대 실패하지 않는다고 생각합니다. 그런 부분을 빨리 캐치하는 게 저의 가장 큰 역량이라고 생각합니다. 이상입니다.","wordCount":133},"emotion":[],"intent":[{"text":"일단 제가 마케터가 돼서 회사의 이익을   창출해 내야 하는 입장에서 아마 내가 할 수 있는 일이 무엇일까 한번 생각을 해 보았는데 일단 제일 중요한 거는   어 고객 우리의 회사에 물건을 써주고 회사의 서비스를 사용해주는 그런 고객이 무엇을 원하는지를 빨리 캐치했던 것 같습니다.","expression":"s_brand_strt","category":"technology"},{"text":"회사에서 회사에서 인제 충분하게 인제 마케팅을 갖추고 여러 가지 조율을 끝내서 어 서비스나 물건을 출시했는데 그게 인제 고객들이 관심이 없고   만족하지 못한다면 아무 의미가 없다고 생각합니다.","expression":"s_brand_strt","category":"technology"},{"text":"그래서 마케터로서 제일 중요한 것은   일단 손님들 고객들이 무엇을 원하는지 무엇을 어떤 서비스를 받고 싶은지 내가 어느 정도의   돈을 지불하고 나서 내가 받을 수 있는 서비스가 어디까지인지 그거를 정확하게 인지시켜 주고 그런 서비스를 내논다면 절대 실패하지 않는다고 생각합니다.","expression":"s_brand_strt","category":"technology"}],"summary":{"text":"마케터로서 제가 가진 역량에 대해서 답변 드리겠습니다. 우선, 제가 할 수 있는 일은 고객에게 물건을 써주고 회사의 서비스를 사용해주는 고객이 무엇을 원하는지를 빨리 캐치했던 것 같습니다. 돈을 지불하고 나서 받을 수 있는 서비스가 어디까지인지 정확하게 인지시켜 주고 그런 서비스를 내논다면 절대 실패하지 않는다고 생각합니다.","wordCount":44}}},"rawDataInfo":{"question":{"fileFormat":"wav","fileSize":290638,"duration":9080,"samplingBit":16,"channelCount":1,"samplingRate":"16kHz","audioPath":"/Mock/02.SalesMarketing/Male/Experienced/ckmk_q_sm_m_e_139007.wav"},"answer":{"fileFormat":"wav","fileSize":2675918,"duration":83620,"samplingBit":16,"channelCount":1,"samplingRate":"16kHz","audioPath":"/Mock/02.SalesMarketing/Male/Experienced/ckmk_a_sm_m_e_139007.wav"}}}