{"version":"1.0","dataSet":{"info":{"date":"20230116","occupation":"SM","channel":"MOCK","place":"ONLINE","gender":"MALE","ageRange":"35-44","experience":"EXPERIENCED"},"question":{"raw":{"text":"요즘 고령화 사회로 가면서 치매로 인한 문제가 많이 대두되고 있습니다 이에 대해 건보공단이 하는 일과 개선할 방안에 대해 지원자님이 아시는 대로 말씀해 주세요","wordCount":23},"emotion":[],"intent":[]},"answer":{"raw":{"text":"치매는 이십 일 세기가 낳은 가장 무서운 질병이란 말이 있습니다. 알츠하이머 치매는 치료가 되지 않고 호전이 되지 않는 무서운 병으로서 결국 건강보험공단에서는 치매 환자들 또는 치매에 끼가 보이는 환자들을 위해서 데이케어 센터나 치매 전문 요양센터를 전국 곳곳에 유비쿼터스로 설립을 해야 됩니다. 모든 것을 검봉 건강보험공단에서 지원을 할 수는 없지만 치매 환자 들을 각 간병인이나 집안에 있는 사람들이 돌보지 않고 그들에게 부담을 줄여 주는 것이 건강보험공단이 할 수 있는 최선의 선택이라고 생각합니다. 예를 들어 우리가 어린 아이들을 맡길 수 있는 어린이집이나 유치원처럼 치매 요양보호센터 데이케어 센터를 통해서 아침 여덟 시나 아홉 시에 치매 요양보호센터로 환자 가족들이 모셔다 드리면 그때부터 전문 의료진이나 치매 전문 간병인들이 일정의 비용을 받고 하루 종일 그들을 돌봄 일을 하는 것입니다. 왜냐면 치매 환자가 집에 한 명 있으면 오 년이나 십 년 안에 집안에 있는 모든 것들이 다 무너지고 힘들어진다 라는 통계가 있습니다. 그래서 건강보험 공단에서는 그런 치료 전문 센터 또는 데이케어 센터를 설립하여 모든 사람들의 치매 환자들의 부담을 경감시킬 수 있을 것이라고 생각합니다.","wordCount":156},"emotion":[{"text":"왜냐면   치매 환자가 집에 한 명 있으면 오 년이나 십 년 안에 집안에 있는 모든 것들이 다   무너지고 힘들어진다 라는 통계가 있습니다.","expression":"u-fact","category":"neutral"}],"intent":[{"text":"","expression":"","category":"attitude"}],"summary":{"text":"알츠하이머 치매는 치료가 되지 않고 호전이 되지 않는 병입니다. 건강보험공단은 치매 환자들을 위해 데이케어 센터나 치매 전문 요양센터를 전국 곳곳에 유비쿼터스로 설립해야 합니다. 모든 것을 건강보험공단에서 지원할 수는 없지만 치매 환자 들을 각 간병인이나 집안에 있는 사람들이 돌보지 않고 그들에게 부담을 줄여 주는 것이 건강보험공단이 할 수 있는 최선의 선택입니다.","wordCount":50}}},"rawDataInfo":{"question":{"fileFormat":"wav","fileSize":480078,"duration":15000,"samplingBit":16,"channelCount":1,"samplingRate":"16kHz","audioPath":"/Mock/02.SalesMarketing/Male/Experienced/ckmk_q_sm_m_e_164948.wav"},"answer":{"fileFormat":"wav","fileSize":2832078,"duration":88500,"samplingBit":16,"channelCount":1,"samplingRate":"16kHz","audioPath":"/Mock/02.SalesMarketing/Male/Experienced/ckmk_a_sm_m_e_164948.wav"}}}