{"version":"1.0","dataSet":{"info":{"date":"20230116","occupation":"SM","channel":"MOCK","place":"ONLINE","gender":"MALE","ageRange":"55-","experience":"EXPERIENCED"},"question":{"raw":{"text":"만약 상사가 업무와 무관한 일을 지시해도 잘 수행할 자신이 있으실까요 혹은 수행하지 않을 것인지 궁금합니다","wordCount":15},"emotion":[],"intent":[]},"answer":{"raw":{"text":"만약 상사가 업무와 무관한 일을 시켜도 잘 수행할 자신이 있나요 아니면 수행하지 않을 것인지 궁금합니다. 예 상사가 업무와 무관한 일을 시켰을 때에는 먼저 어 처음에 무턱대고 하는 것보다는 대화를 하는 게 중요할 것 같습니다. 왜 내가 이런 일을 해야 되는 건지 이런 일이 무관한데 어 어떤 일에서 제가 이 일을 해야 되는지 그러한 원인을 이유를 먼저 확인한 다음에 일을 진행하는 것이 중요하다고 생각합니다. 제가 말단 직원도 아니고 업무에 어 리더로서의 역할을 감당하는 그러한 회사에서의 일을 하고 있기 때문에 어 제가 어떠한 이유에서 이 일을 어 해야 되고 앞으로 어떤 일에 어 도움이 되고 어떻게 해서 이 일을 어 만들어 갈 것인지 그리고 또한 어 확장해 나갈 것인지 그런 것에 대해서 어 협의를 거친 다음에 일을 하는 것이 중요하다고 생각합니다. 그 이유가 합당하지 않는다면은 이 일을 수행하는 일에 대해서 부정적으로 보고 또한 이 일을 어 드랍하는 것이 좋다고 생각합니다. 하지만은 업무와 무관하지만은 그래도 제가 이 일에 대해서는 적임자기 때문에 저한테 이 일이 왔다고 하면은 또한 우리 부서원들과 협의하여서 이 일을 또한 어 최선으로 어 도와서 이 일을 완성하는 것이 또한 중요한 가치가 있다고 생각할 수도 있습니다. 또한 소홀히 했던 것이 어떻게 보면 효자가 되는 그런 부분도 경험했기 때문에 그렇다고 생각합니다.","wordCount":189},"emotion":[],"intent":[{"text":"","expression":"","category":"attitude"}],"summary":{"text":"상사가 업무와 무관한 일을 시킬 때는 그 이유를 확인한 후에 일을 진행하는 것이 중요하다고 생각합니다. 그 이유가 합당하지 않을 경우에는 업무를 수행하는 일에 대해서 부정적으로 보고 일을 드랍하는 것이 좋다고 봅니다. 업무와 무관하지만은 그래도 제가 이 일에 대해서는 적임자기 때문에 부서원들과 협의하여서 이 일을 또한 최선을 다하여 도와서 이 일을 완성하는 것이 또한 중요한 가치가 있다고 생각할 수 있습니다.","wordCount":59}}},"rawDataInfo":{"question":{"fileFormat":"wav","fileSize":382478,"duration":11950,"samplingBit":16,"channelCount":1,"samplingRate":"16kHz","audioPath":"/Mock/02.SalesMarketing/Male/Experienced/ckmk_q_sm_m_e_240462.wav"},"answer":{"fileFormat":"wav","fileSize":3839438,"duration":119980,"samplingBit":16,"channelCount":1,"samplingRate":"16kHz","audioPath":"/Mock/02.SalesMarketing/Male/Experienced/ckmk_a_sm_m_e_240462.wav"}}}