{"version":"1.0","dataSet":{"info":{"date":"20230116","occupation":"SM","channel":"MOCK","place":"ONLINE","gender":"MALE","ageRange":"35-44","experience":"EXPERIENCED"},"question":{"raw":{"text":"만약 일을 하던 도중 팀원과 불화가 생기게 되었으면 어떻게 해결하실 건가요 해결법과 그렇게 해결하시는 이유에 대해서 설명해 주세요","wordCount":18},"emotion":[],"intent":[]},"answer":{"raw":{"text":"일을 하다 보면 팀원들 간에 불화는 반드시 발생할 수 밖에 없습니다. 그것은 각자의 개인적인 성향이 다르거나 아니면 이기심 또는 개인주의 또는 회사의 구조적인 문제일 수도 있습니다. 그렇다면 어디서 문제가 비롯됐는지를 먼저 원인 파악을 해 봐야 됩니다. 이기적인 마음 때문인지 타협점을 못 찾았는지를 확인하고 타협점을 못 찾았다면 중간 보스 또는 상위 관리자에게 타협점에 대해서 요청하여 타협점을 찾아 달라고 할 것입니다. 하지만 이기적인 마음 때문에 협업이 안 된다고 하고 불화가 생긴다고 한다면 이것은 그 친구의 태도나 인성을 바꾸거나 아니면 이기적인 마음을 없앨 수 밖에 없습니다. 하지만 사람의 인성은 절대 바꿀 수 없듯이 이기적인 마음을 한순간에 돌이킬 수는 없을 것입니다. 그래서 직장 상사에게 저 팀원과 업무를 하지 않게끔 하던가 아니면 제가 다른 팀으로 가겠습니다 라고 얘기를 하는 것입니다. 왜냐하면 제가 아무리 양보를 해도 부정적인 시각과 이기적인 마음을 가진 사람은 제가 스스로 그 사람의 인성을 바꾸거나 태도를 절대 바꿀 수 없기 때문에 똥이 무서워서 피하는 것이 아니라 더러운 것이 피한다는 마음으로 다른 부서로 보직을 바꾸거나 같이 업무를 할 수 하지 않을 방법을 찾겠습니다.","wordCount":159},"emotion":[],"intent":[{"text":"그렇다면 어디서 문제가 비롯됐는지를 먼저 원인 파악을 해 봐야 됩니다.","expression":"c_confl_mg","category":"personality"}],"summary":{"text":"일을 하다 보면 팀원들 간에 불화는 반드시 발생할 수 밖에 없습니다. 원인 파악을 먼저 해 봐야 합니다. 이기적인 마음 때문인지 타협점을 못 찾았다면 중간 보스 또는 상위 관리자에게 타협점에 대해서 요청하여 타협점을 찾아 달라고 할 것입니다. 하지만 사람의 인성은 절대 바꿀 수 없듯이 이기적인 마음을 한순간에 돌이킬 수는 없을 것입니다.","wordCount":50}}},"rawDataInfo":{"question":{"fileFormat":"wav","fileSize":368078,"duration":11500,"samplingBit":16,"channelCount":1,"samplingRate":"16kHz","audioPath":"/Mock/02.SalesMarketing/Male/Experienced/ckmk_q_sm_m_e_177287.wav"},"answer":{"fileFormat":"wav","fileSize":2736718,"duration":85520,"samplingBit":16,"channelCount":1,"samplingRate":"16kHz","audioPath":"/Mock/02.SalesMarketing/Male/Experienced/ckmk_a_sm_m_e_177287.wav"}}}