{"version":"1.0","dataSet":{"info":{"date":"20230116","occupation":"SM","channel":"MOCK","place":"ONLINE","gender":"MALE","ageRange":"35-44","experience":"EXPERIENCED"},"question":{"raw":{"text":"무언가 달성하기 위해서 목표를 세우고 이 삼 년 동안 열심히 노력해서 목표를 달성한 경험이 있으신가요","wordCount":15},"emotion":[],"intent":[]},"answer":{"raw":{"text":"서른 살에 시작한 영어 공부를 삼 년 동안 끊임없이 했던 경험이 있습니다. 처음 삼 개월 육 개월 동안은 영어 책을 외우고 그 영어 책을 외운 토대로 누군가에게 말을 해도 외국인들이 알아듣지 못했지만 육 개월 정도 지난 시점부터는 외국인들이 조금씩 알아듣기 시작했고 저 역시 거기에 더 흥미를 느껴 통번역 어학원 및 외국인들이 많은 네이버 영어 카페를 다녔던 것 같습니다. 그렇게 다니면서 그들과 친분을 쌓고 그들의 문화를 익숙하게 알아들었고 그렇게 되면서 영어의 실력이 점차 기하급수적으로 늘었습니다. 처음에는 떠듬떠듬하던 영어가 점점 자연스럽게 나왔고 예전에는 간단하게 하던 농담도 이제는 진지하고 심도 깊은 대화를 하게 되었습니다. 그 후에는 영어를 못하는 성인들을 위한 영어를 가르친 적도 있고 현재는 영어 못하는 성인들을 위한 영어 컨설팅도 하고 있습니다. 또 어려운 중학교 고등학생들을 위한 영어 스터디를 만들어서 어떻게 하면 영어 회화를 잘할 수 있는지 영어 말하기 쓰기 듣기를 잘할 수 있는지에 대한 봉사 활동도 꾸준히 하고 있습니다. 이 년 삼 년 동안 미친 듯이 열심히 하니 앞길이 보였고 이제는 영어에 대한 두려움이 없어졌습니다.","wordCount":154},"emotion":[],"intent":[{"text":"","expression":"","category":"attitude"}],"summary":{"text":"영어 공부를 삼 년 동안 꾸준히 했던 경험이 있습니다. 처음에는 영어 책을 외우고 누군가에게 말을 해도 외국인들이 알아듣지 못했지만 시간이 지날수록 외국인들이 조금씩 알아듣기 시작했고 저 역시 그들과 친분을 쌓고 그들의 문화를 익숙하게 알아들었고 그렇게 되면서 영어의 실력이 점차 기하급수적으로 늘었습니다. 이제는 영어에 대한 두려움이 없어졌습니다.","wordCount":46}}},"rawDataInfo":{"question":{"fileFormat":"wav","fileSize":266318,"duration":8320,"samplingBit":16,"channelCount":1,"samplingRate":"16kHz","audioPath":"/Mock/02.SalesMarketing/Male/Experienced/ckmk_q_sm_m_e_170021.wav"},"answer":{"fileFormat":"wav","fileSize":2627278,"duration":82100,"samplingBit":16,"channelCount":1,"samplingRate":"16kHz","audioPath":"/Mock/02.SalesMarketing/Male/Experienced/ckmk_a_sm_m_e_170021.wav"}}}