{"version":"1.0","dataSet":{"info":{"date":"20230116","occupation":"SM","channel":"MOCK","place":"ONLINE","gender":"MALE","ageRange":"35-44","experience":"EXPERIENCED"},"question":{"raw":{"text":"본인이 상사가 회사의 이익에 반하는 행동을 직접 목격하게 되었습니다 그때 어떻게 행동하실 건가요","wordCount":13},"emotion":[],"intent":[]},"answer":{"raw":{"text":"우선 상사가 하는 행동에 대해서 먼저 조용히 지켜보고 나름 분석을 할 것입니다. 그리고 조용히 찾아가 상사에게 이렇게 말할 것입니다. 부장님 부장님이 하시는 행동이 지금 회사 정책에 완전히 잘못됐고 회사의 이익에 반대되는 행동인 걸 알고 계시나요. 지금 이게 굉장히 심각한 문제를 초래하고 있습니다. 당장 그만두십시오 라고 얘기를 할 겁니다. 그런데 상사가 이 얘기를 듣고 어 나도 사실 잘 몰랐어 라고 한다면 이 번은 그냥 넘어가겠습니다. 하지만 다들 이렇게 하는데 왜 당신만 유난을 떠나 당신도 같이 하던지 아니면 모른 척하고 눈 감아주게 라고 얘기를 한다면 저는 당장 그만두라고 다시 한 번 만류하고 다른 상사 또는 윤리위원회에 회부하겠습니다. 그래서 직장 상사가 지금까지 어떤 일을 했고 어떻게 해 왔고 이거 말고도 지금까지 몇 번의 잘못을 했는지에 대한 보고를 하여 철저하게 분석하고 끝을 내겠습니다.","wordCount":119},"emotion":[],"intent":[{"text":"","expression":"","category":"attitude"}],"summary":{"text":"직장 상사가 하는 행동에 대해 분석하여 문제를 초래하고 있음을 알고 있다면 그만두라고 말하고 다른 상사 또는 윤리위원회에 회부하겠습니다. 그리고 지금까지 어떤 일을 했고 어떻게 해 왔고 이것 말고도 몇 번의 잘못을 했는지에 대한 보고를 하여 철저하게 분석하고 끝을 내겠습니다.","wordCount":39}}},"rawDataInfo":{"question":{"fileFormat":"wav","fileSize":300558,"duration":9390,"samplingBit":16,"channelCount":1,"samplingRate":"16kHz","audioPath":"/Mock/02.SalesMarketing/Male/Experienced/ckmk_q_sm_m_e_178717.wav"},"answer":{"fileFormat":"wav","fileSize":2051598,"duration":64110,"samplingBit":16,"channelCount":1,"samplingRate":"16kHz","audioPath":"/Mock/02.SalesMarketing/Male/Experienced/ckmk_a_sm_m_e_178717.wav"}}}