{"version":"1.0","dataSet":{"info":{"date":"20230116","occupation":"SM","channel":"MOCK","place":"ONLINE","gender":"MALE","ageRange":"35-44","experience":"EXPERIENCED"},"question":{"raw":{"text":"직무 수행 시 모르는 과제가 등장했다면 어떻게 해결하시겠습니까 해결법과 이유를 말씀해 주시기 바랍니다","wordCount":13},"emotion":[],"intent":[]},"answer":{"raw":{"text":"직장 동료나 주변 전문가 또는 상사에게 물어볼 것입니다. 기존에 제가 모르던 과제가 등장했을 때 기존에 있던 다른 직원들이나 아니면 직장 상사는 충분히 경험이 있을 것으로 생각됩니다. 만약 동료나 직장 상사 다른 부서에도 요청을 했는데 모른다면 저는 유료 컨설팅 및 전문가에게 상담을 받을 것입니다. 요즘은 온라인 시대에 각 분야의 상담 전문가들이 뛰어나게 많습니다. 프로그래밍부터 기구 설계 모든 판매에 대한 전략 이런 전문가들이 각각 온라인에서 비용만 내면 해결을 해 줄 수 있는 것들이 많습니다.","wordCount":72},"emotion":[],"intent":[{"text":"","expression":"","category":"attitude"}],"summary":{"text":"온라인 시대에 각 분야의 상담 전문가들이 뛰어나게 많습니다. 프로그래밍부터 기구 설계, 모든 판매에 대한 전략 이런 전문가들이 각각 온라인에서 비용만 내면 해결을 해 줄 수 있는 것들이 많아졌습니다.","wordCount":28}}},"rawDataInfo":{"question":{"fileFormat":"wav","fileSize":361038,"duration":11280,"samplingBit":16,"channelCount":1,"samplingRate":"16kHz","audioPath":"/Mock/02.SalesMarketing/Male/Experienced/ckmk_q_sm_m_e_164945.wav"},"answer":{"fileFormat":"wav","fileSize":1403598,"duration":43860,"samplingBit":16,"channelCount":1,"samplingRate":"16kHz","audioPath":"/Mock/02.SalesMarketing/Male/Experienced/ckmk_a_sm_m_e_164945.wav"}}}