{"version":"1.0","dataSet":{"info":{"date":"20230116","occupation":"SM","channel":"MOCK","place":"ONLINE","gender":"MALE","ageRange":"35-44","experience":"EXPERIENCED"},"question":{"raw":{"text":"지원자분들께서 살면서 가장 힘들었던 점이 무엇인지 그리고 그 점을 극복하시기 위해서 어떠한 노력들을 해 오셨는지에 대해서 설명해 주시면 좋겠습니다","wordCount":19},"emotion":[],"intent":[]},"answer":{"raw":{"text":"어 살면서 가장 힘들었던 점 또 그걸 극복하기 위해서 무슨 노력을 했는지를 한번 생각해 봤는데 어 어렸을 때 학창시절이나 가정생활은 평범한 집에서 지내면서 어 크게 어려움 없이 잘 지냈던 것 같습니다. 네 이제 가장 힘들었던 점이 이제 군생활을 병사 생활을 하기 싫어 가지고 어 또 군에 대한 또 갈망도 있고 해서 간부 생활을 시작했었습니다. 네 간부 생활할 때 이제 사관육성생 생도 기관에서 그때가 이제 정신적으로나 육체적으로나 굉장히 힘들었던 기억으로 남아있습니다. 아직도 그 그때 생각하면 정말 어떻게 극복했는지 참 제 자신이 대견스러울 때가 있었는데 그걸 극복기 위해서 전 여러 가지 마인드 컨트롤 도 많이 했던 것 같고 어 남들도 다 하는데 나만 못해서 퇴교를 당할 수는 없다. 그런 강한 굳은 심지로 하루하루 잘 버티고 잘 배우고 하면서 임관을 했었던 그런 기억이 남는 것 같습니다. 그래서 여러 가지 면으로 봤을 때 뭐든지 극복하는 데서는 정신적인 마인드가 가장 중요할 것 같습니다. 이상입니다.","wordCount":139},"emotion":[],"intent":[{"text":"","expression":"","category":"attitude"}],"summary":{"text":"어릴적 부터 군생활을 싫어해 간부 생활을 시작했습니다. 간부 생활할 때 사관육성생 생도 기관에서 힘들었던 기억으로 남아있습니다. 극복하기 위해서 마인드 컨트롤도 많이 했었고, 남들도 다 하는데 나만 못해서 퇴교를 당할 수는 없습니다. 그런 강한 심지로 열심히 임관을 했었던 기억이 납니다.","wordCount":39}}},"rawDataInfo":{"question":{"fileFormat":"wav","fileSize":681038,"duration":21280,"samplingBit":16,"channelCount":1,"samplingRate":"16kHz","audioPath":"/Mock/02.SalesMarketing/Male/Experienced/ckmk_q_sm_m_e_215306.wav"},"answer":{"fileFormat":"wav","fileSize":2605838,"duration":81430,"samplingBit":16,"channelCount":1,"samplingRate":"16kHz","audioPath":"/Mock/02.SalesMarketing/Male/Experienced/ckmk_a_sm_m_e_215306.wav"}}}