{"version":"1.0","dataSet":{"info":{"date":"20230116","occupation":"SM","channel":"MOCK","place":"ONLINE","gender":"MALE","ageRange":"45-54","experience":"EXPERIENCED"},"question":{"raw":{"text":"지원자님께서 생각하시기에 공동체의 가치에 입각하여 무형 문화 유산의 보호에 있어서 적용되는 사회적인 관념이라는 것은 무엇이라고 생각하시나요","wordCount":16},"emotion":[],"intent":[]},"answer":{"raw":{"text":"음 이게 맞는 표현일지 모르겠는데요. 지금 딱 생각이 드는 건 저는 조금 뭐 번식력 이런 게 생각이 납니다. 이게 좀 웃기는 말일 수도 있기 한데 어 공동체 이기에 앞서 인간으로서 계속 이거를 이제 무언가를 이어나가야 한다는 쭉 유지되어야 한다는 그 욕구 번식 욕구 말하자면 생물로서의 그게 어 공동체라는 단위로 들어갈 때는 그 공동체가 이룬 성과들이 있으면 어 오래되면 오래될수록 그거를 더 오래 유지하고 싶은 그 욕구 말하자면 그게 또 번식력 번식 욕구가 아닐지 눈앞에 그냥 바로 있는 유산도 있겠지만 무형에 것일수록 더 힘들지만 그 번식 욕구가 미치지 않을지 하는 생각이 듭니다.","wordCount":91},"emotion":[],"intent":[{"text":"","expression":"","category":"attitude"}],"summary":{"text":"공동체라는 단위로 들어갈 때 그 공동체가 이룬 성과들이 있으면 그것을 더 오래 유지하고 싶은 번식 욕구가 번식력이라고 할 수 있습니다. 무형에 것일수록 더 힘들지만 번식욕구는 미치지 않을까 하는 생각이 듭니다.","wordCount":30}}},"rawDataInfo":{"question":{"fileFormat":"wav","fileSize":558158,"duration":17440,"samplingBit":16,"channelCount":1,"samplingRate":"16kHz","audioPath":"/Mock/02.SalesMarketing/Male/Experienced/ckmk_q_sm_m_e_111580.wav"},"answer":{"fileFormat":"wav","fileSize":2781518,"duration":86920,"samplingBit":16,"channelCount":1,"samplingRate":"16kHz","audioPath":"/Mock/02.SalesMarketing/Male/Experienced/ckmk_a_sm_m_e_111580.wav"}}}