{"version":"1.0","dataSet":{"info":{"date":"20230116","occupation":"SM","channel":"MOCK","place":"ONLINE","gender":"MALE","ageRange":"55-","experience":"EXPERIENCED"},"question":{"raw":{"text":"어 지원자님께서 가지고 있는 어 상위 일 퍼센트의 능력이 있으신가요 어 있으시다면 그 능력을 최대한 자세하게 설명해 주시기를 바랍니다","wordCount":19},"emotion":[],"intent":[]},"answer":{"raw":{"text":"저게 상위 일 퍼센트의 능력이 있다면 그것은 바로 끈질긴 집요한 인내력과 집중력 열정이라고 생각 됩니다. 방금 얘기한 집중력과 끈기 인내력 열정은 어느 누구보다도 뛰어나다고 생각됩니다. 저는 한 가지 일에 몰두하면 끝까지 책임감을 가지고 완수해 내는 그런 끈질긴 집요한 노력가이기도 합니다. 그래서 어느 누구보다도 방금 얘기한 능력은 상위 일 퍼센트에 속한다고 생각되어지기 때문입니다.","wordCount":52},"emotion":[],"intent":[{"text":"","expression":"","category":"attitude"}],"summary":{"text":"한 가지 일에 몰두하면 끝까지 책임감을 가지고 완수해 내는 끈질긴 집요한 인내력과 집중력 열정이 저는 상위 일 퍼센트에 속한다고 생각되어집니다.","wordCount":20}}},"rawDataInfo":{"question":{"fileFormat":"wav","fileSize":445518,"duration":13920,"samplingBit":16,"channelCount":1,"samplingRate":"16kHz","audioPath":"/Mock/02.SalesMarketing/Male/Experienced/ckmk_q_sm_m_e_246924.wav"},"answer":{"fileFormat":"wav","fileSize":2432398,"duration":76010,"samplingBit":16,"channelCount":1,"samplingRate":"16kHz","audioPath":"/Mock/02.SalesMarketing/Male/Experienced/ckmk_a_sm_m_e_246924.wav"}}}