{"version":"1.0","dataSet":{"info":{"date":"20230116","occupation":"SM","channel":"MOCK","place":"ONLINE","gender":"MALE","ageRange":"35-44","experience":"EXPERIENCED"},"question":{"raw":{"text":"뭐 우리가 흔히 말하는 용어가 있죠 뭐 마케팅 팀이 있고 영업팀이 있고 또 구매팀도 있고 뭐 다양합니다 세일즈가 있고 뭐 마케팅 있고 한데 영업과 판매 차이를 아시나요","wordCount":27},"emotion":[],"intent":[]},"answer":{"raw":{"text":"영업과 판매는 똑같은 말처럼 보이지만 엄연히 다른 얘기입니다. 영업은 영어로 세일이라고 하고요. 약간은 전략 마케팅에 대한 전략과 판매에 대한 기술을 합치는 것이 영업입니다. 단순하게 매대에서 판매를 하는 것은 고객들이 지나가던 아니면 지나가지 않던 고객을 유도해서 판매를 하게 되는 것이 판매고요. 영업은 전략을 통해서 고객들과 라포를 형성하고 공감대를 통해서 그들의 니즈를 파악하는 것입니다. 그들의 니즈를 정확하게 파악을 해야 다음에 이 사람이 아니더라도 이와 비슷한 고객을 만났을 때 또는 이 고객이 나에게 필요한 영업 사원을 도다 또 다른 사람에게 연결 연결시켜 줄 수 있기 때문에 단순히 매장이나 이런 데서 판매직이 아니라 영업은 많은 기술과 경험과 전략을 세워야 됩니다. 가격적인 전략 또는 고객에 따른 전략 또는 환경에 따른 전략을 지속적으로 바꿔가면서 어떻게 계획을 세워서 분기별로 반기별로 연도별로 판매할 수 있는지에 대한 전략을 세우는 것이 영업이고 그런 것들을 직접 현장에서 판매하는 것이 판매라고 볼 수 있습니다. 감사합니다.","wordCount":133},"emotion":[],"intent":[{"text":"","expression":"","category":"attitude"}],"summary":{"text":"영업은 세일이며 전략 마케팅에 대한 전략과 판매에 대한 기술을 합치는 것입니다. 단순히 매장이나 이런 데서 판매직이 아니라 영업은 많은 기술과 경험과 전략을 세워야 합니다. 가격적인 전략 또는 고객에 따른 전략 또는 환경에 따른 전략을 지속적으로 바꿔가면서 어떻게 계획을 세워서 분기별로 반기별로 연도별로 판매할 수 있는지에 대한 전략을 세우는 것이 영업입니다.","wordCount":50}}},"rawDataInfo":{"question":{"fileFormat":"wav","fileSize":544398,"duration":17010,"samplingBit":16,"channelCount":1,"samplingRate":"16kHz","audioPath":"/Mock/02.SalesMarketing/Male/Experienced/ckmk_q_sm_m_e_156279.wav"},"answer":{"fileFormat":"wav","fileSize":2593358,"duration":81040,"samplingBit":16,"channelCount":1,"samplingRate":"16kHz","audioPath":"/Mock/02.SalesMarketing/Male/Experienced/ckmk_a_sm_m_e_156279.wav"}}}