{"version":"1.0","dataSet":{"info":{"date":"20230116","occupation":"SM","channel":"MOCK","place":"ONLINE","gender":"MALE","ageRange":"35-44","experience":"EXPERIENCED"},"question":{"raw":{"text":"지원자님께서 본인이 현재 가지고 있는 위치보다 훨씬 어려운 목표를 달성한 경험이 있다면 한번 말씀해 주세요","wordCount":15},"emotion":[],"intent":[]},"answer":{"raw":{"text":"저는 저만의 목표치를 정해놓고 항상 직접 달성하는 것에 대해서 굉장히 큰 애정들을 가지고 있습니다. 과거에 지역 저 같은 경우에는 이제 요즘 굉장히 유명한 그런 플랫폼 업체에서 삼 개월 간 단기 계약직으로 씨에스 업무를 담당했던 경험이 있습니다. 제가 처음에 온보딩 기간을 제외하고 이 주 정도의 온보딩 기간 이후에 바로 실무에 투입이 됐었는데요. 투입 이후에 제가 평소에 담당했었던 콜은 하루 평균 서른 다섯 건이었습니다. 그렇지만 다른 직원들이 하루에 응대한 건 수는 대략적으로 육십 건이었는데요. 이 부분 때문에 평균치에 미치지 못한다는 점이 저는 스스로 조금 힘들었었습니다. 그래서 오늘은 다섯 번을 더 해보자 내일은 다섯 번 더 잘 해보자 오늘은 다섯 번 달성하지 못했네 그러면 내일은 목표를 좀 낮춰서 네 건을 더 해보자 이런 목포치를 정해 놓고 스스로 움직이기 시작했고 나중에는 동료들의 평균을 훨씬 웃도는 수치를 어 자랑하는 그런 직원이 되었었습니다.","wordCount":127},"emotion":[{"text":"과거에 지역 저 같은 경우에는 이제 요즘 굉장히 유명한 그런 플랫폼 업체에서 삼 개월 간 단기 계약직으로 씨에스 업무를 담당했던 경험이 있습니다.","expression":"u-fact","category":"neutral"}],"intent":[{"text":"과거에 지역 저 같은 경우에는 이제 요즘 굉장히 유명한 그런 플랫폼 업체에서 삼 개월 간 단기 계약직으로 씨에스 업무를 담당했던 경험이 있습니다.","expression":"c_private","category":"background"},{"text":"그래서 오늘은 다섯 번을 더 해보자 내일은 다섯 번 더 잘 해보자 오늘은 다섯 번 달성하지 못했네 그러면 내일은 목표를 좀 낮춰서 네 건을 더 해보자 이런 목포치를 정해 놓고 스스로 움직이기 시작했고 나중에는 동료들의 평균을 훨씬 웃도는 수치를 어 자랑하는 그런 직원이 되었었습니다.","expression":"c_chl","category":"personality"}],"summary":{"text":"저는 저만의 목표치를 정해놓고 항상 직접 달성하는 것에 대해서 굉장히 큰 애정들을 가지고 있습니다. 예전에 플랫폼 업체에서 삼 개월 간 단기 계약직으로 씨에스 업무를 담당했던 적이 있었는데, 이 주 정도의 온보딩 기간 이후에 바로 실무에 투입됐었습니다. 이후 동료들의 평균을 훨씬 웃도는 수치를 어 자랑하는 직원이 되었습니다.","wordCount":46}}},"rawDataInfo":{"question":{"fileFormat":"wav","fileSize":382478,"duration":11950,"samplingBit":16,"channelCount":1,"samplingRate":"16kHz","audioPath":"/Mock/02.SalesMarketing/Male/Experienced/ckmk_q_sm_m_e_209580.wav"},"answer":{"fileFormat":"wav","fileSize":2685838,"duration":83930,"samplingBit":16,"channelCount":1,"samplingRate":"16kHz","audioPath":"/Mock/02.SalesMarketing/Male/Experienced/ckmk_a_sm_m_e_209580.wav"}}}