{"version":"1.0","dataSet":{"info":{"date":"20230116","occupation":"SM","channel":"MOCK","place":"ONLINE","gender":"MALE","ageRange":"45-54","experience":"EXPERIENCED"},"question":{"raw":{"text":"면접자가 생각하는 영업인으로서 필요한 역량은 무엇이라고 생각합니까","wordCount":7},"emotion":[],"intent":[]},"answer":{"raw":{"text":"영업인으로써 필요한 역량은 무엇이라고 생각하느냐에 대한 부분은 회사에서 가장 영업은 꽃이라는 말을 많이 합니다. 그렇다면 왜 이런 얘기를 했을까 라고 생각을 해 본다면 영업이 회사의 가장 큰 중요한 부분은 회사의 어 이익을 창출을 해야 되는 부분이기 때문에 매출과 가장 접점에 있는 영업이 영업 세일즈 부분들이 가장 중요하고 그렇기 때문에 영업 관련된 부분들을 더 높게 평가를 하는 부분이 있다고 생각을 합니다. 그렇다면 영업인으로써 필요한 역량은 무엇인가 라고 생각을 한다면 매출을 창출할 수 있는 능력이라고 생각을 합니다. 누구나 영업은 할 수 있지만 그 영업에서 어 매출을 창출해서 어 수금까지 하는 이 일련의 부분들은 어 영업 이외의 지원 부서들 관 느끼지 못하는 영업인만이 느낄 수 있는 음 성취감이라고 할 수 있겠습니다. 따라서 영업인으로써 필요한 역량은 매출 창출을 일으킬 수 있는 역량이라고 생각합니다.","wordCount":119},"emotion":[],"intent":[{"text":"","expression":"","category":"attitude"}],"summary":{"text":"매출과 가장 접점에 있는 영업이 영업 세일즈 부분이 가장 중요하고 영업 관련 부분들을 더 높게 평가하는 부분이 있다고 생각합니다. 영업인으로써 필요한 역량은 매출을 창출할 수 있는 능력이라 생각합니다.","wordCount":28}}},"rawDataInfo":{"question":{"fileFormat":"wav","fileSize":382798,"duration":11960,"samplingBit":16,"channelCount":1,"samplingRate":"16kHz","audioPath":"/Mock/02.SalesMarketing/Male/Experienced/ckmk_q_sm_m_e_100647.wav"},"answer":{"fileFormat":"wav","fileSize":2666958,"duration":83340,"samplingBit":16,"channelCount":1,"samplingRate":"16kHz","audioPath":"/Mock/02.SalesMarketing/Male/Experienced/ckmk_a_sm_m_e_100647.wav"}}}