{"version":"1.0","dataSet":{"info":{"date":"20230116","occupation":"SM","channel":"MOCK","place":"ONLINE","gender":"MALE","ageRange":"35-44","experience":"EXPERIENCED"},"question":{"raw":{"text":"지원자님이 왜 이 분야에 관심을 가지게 되었고 입사 지원하게 되셨는지 궁금합니다 본인만의 솔직한 지원 동기를 말씀 부탁드립니다","wordCount":17},"emotion":[],"intent":[]},"answer":{"raw":{"text":"네 제가 왜 이 분야에 관심을 갖게 되었고 또 다시 한 번 이 영어 분야에 대해서 재원하게 됐는지 그 이유와 동기에 대해서 말씀 드리겠습니다. 답변 드리도록 하겠습니다. 어 영업 분야에 관심을 가지게 된 거는 영업으로 사회생활을 시작을 했고 지금까지 영업에 관련된 일만 하다 보니 다시 지금 이제 영업에 더 큰 기업에서 영업을 해보고 싶고 더 꿈을 키워보고 싶고 욕심이 갖쳐져서 지금 지원하게 되었고 최초에 관심을 갖게 된 계기는 영업은 하는 만큼 성과를 발휘할 수 있고 하는 만큼 그만한 보상이 주어진다고 생각합니다. 그게 매력으로도 와 닿았었고 그래서 영업에 대해서 관심을 갖고 지금까지 진행이 되는 과제인 것 같습니다. 어 일단 영업에 대한 경험은 어 일단 전 회사에서도 영업 파트에서 이제 많은 경험을 했고 팀장까지 해봤기 때문에 뭐 경험이나 노하우는 충분하다고 생각합니다. 이제 제가 중요한 거는 이 회사에 입사한 뒤에는 어떻게 하면은 내가 이 가진 노하우나 이런 경험들을 잘 적용시킬 수 있을까 를 고민해야 한다고 생각합니다. 이 회사에도 분명히 제가 들어오게 되면 분명히 회사의 성과도 줘야 하고 회사의 이익을 만들어 줘야 하는데 영업이 잘 원활하게 이루어지지 않으면 회사의 이익이나 이런 부분에서 굉장히 타격을 입습니다. 고객의 우리 기업의 음 제가 간판이 되고 어 또 어떻게 보면 제가 얼굴이 된다는 생각으로 그렇게 잘 할 수 있을 것 같습니다. 이상입니다.","wordCount":194},"emotion":[],"intent":[{"text":"어 영업 분야에 관심을 가지게 된 거는 영업으로 사회생활을 시작을 했고 지금까지 영업에 관련된 일만 하다.","expression":"c_sincere_job","category":"etc"},{"text":"보니 다시 지금 이제 영업에 더 큰 기업에서 영업을 해보고 싶고 더 꿈을 키워보고 싶고 욕심이 갖쳐져서 지금 지원하게 되었고 최초에 관심을 갖게 된 계기는 영업은 하는 만큼 성과를 발휘할 수 있고 하는 만큼 그만한 보상이 주어진다고 생각합니다.","expression":"c_sincere_job","category":"etc"},{"text":"그게 매력으로도 와 닿았었고 그래서 영업에 대해서 관심을 갖고 지금까지 진행이 되는 과제인 것 같습니다.","expression":"c_sincere_job","category":"etc"}],"summary":{"text":"영업 분야에 관심을 갖게 된 계기는 하는 만큼 성과를 발휘할 수 있고 하는 만큼 보상이 주어진다고 생각해서입니다. 이 회사에 입사한 뒤에는 어떻게 하면은 이 노하우나 이런 경험들을 잘 적용시킬 수 있을까 를 고민해야 한다고 생각합니다. 영업이 잘 원활하게 이루어지지 않으면 회사의 이익이나 이런 부분에서 타격을 입습니다.","wordCount":46}}},"rawDataInfo":{"question":{"fileFormat":"wav","fileSize":624078,"duration":19500,"samplingBit":16,"channelCount":1,"samplingRate":"16kHz","audioPath":"/Mock/02.SalesMarketing/Male/Experienced/ckmk_q_sm_m_e_229799.wav"},"answer":{"fileFormat":"wav","fileSize":3546958,"duration":110840,"samplingBit":16,"channelCount":1,"samplingRate":"16kHz","audioPath":"/Mock/02.SalesMarketing/Male/Experienced/ckmk_a_sm_m_e_229799.wav"}}}