{"version":"1.0","dataSet":{"info":{"date":"20230116","occupation":"SM","channel":"MOCK","place":"ONLINE","gender":"MALE","ageRange":"-34","experience":"EXPERIENCED"},"question":{"raw":{"text":"만약 타 부서와 갈등이 생긴다면 어떻게 해결하시겠는지요 어 그러한 상황을 한 번 가정해 보시고 그 해결할 수 있는 방법을 한 번 말씀해 보시겠습니까","wordCount":23},"emotion":[],"intent":[]},"answer":{"raw":{"text":"우두머리들이 나와서 타협을 봐야 된다고 생각을 합니다. 타 부서와 갈등이 생겼다는 것은 타 부서와 갈등이 생겼다고 했을 때 타 부서의 구성원 이 사람과 저쪽 그 사람의 갈등으로 처음 보여질 수도 있지만 어쨌든 간에 부서와의 어떤 이견이 교환되었다는 것은 그 부서 장의 결정이 있었기 때문에 이 의견이 저쪽으로 넘어갔고 저쪽에서도 그 부서 부서 장에 이견 의견 결정이 있었기 때문에 그 의견이 저에게 온 것이라고 생각을 합니다. 그렇다고 한다면 여기에서 갈등 상황이 발생했다고 하면 문제의 책임은 부서장 부장에게 있는 것입니다. 부장과 부장이 이렇게 외 나무 다리에서 만나서 단번에 문제를 해결하는 것이 가장 빠른 방법이라고 생각을 합니다. 그렇지 않고서 부하들끼리 의견을 나누다 보면은 밑 빠진 독에 물 붓기와 다름이 없다고 생각합니다.","wordCount":108},"emotion":[],"intent":[{"text":"","expression":"","category":"attitude"}],"summary":{"text":"타 부서와 갈등이 생겼다는 것은 부서 장의 결정으로 이 의견이 이쪽에 넘어갔고 이쪽에서도 그 부서 부서 장에 의견 결정이 있었기 때문에 그 의견이 저한테 온 것이라고 생각합니다. 문제의 책임은 부서장 부장에게 있고 부장과 부장이 만나서 단번에 해결하는 것이 가장 빠른 방법이라 생각합니다.","wordCount":42}}},"rawDataInfo":{"question":{"fileFormat":"wav","fileSize":416078,"duration":13000,"samplingBit":16,"channelCount":1,"samplingRate":"16kHz","audioPath":"/Mock/02.SalesMarketing/Male/Experienced/ckmk_q_sm_m_e_199459.wav"},"answer":{"fileFormat":"wav","fileSize":2545998,"duration":79560,"samplingBit":16,"channelCount":1,"samplingRate":"16kHz","audioPath":"/Mock/02.SalesMarketing/Male/Experienced/ckmk_a_sm_m_e_199459.wav"}}}