{"version":"1.0","dataSet":{"info":{"date":"20230116","occupation":"SM","channel":"MOCK","place":"ONLINE","gender":"MALE","ageRange":"35-44","experience":"EXPERIENCED"},"question":{"raw":{"text":"다른 부서와 갈등 상황이 발생했다고 가정을 해 봅시다 이때 어떻게 해결을 하실래요 상황을 가정하고 설명해 주시기 바랍니다","wordCount":17},"emotion":[],"intent":[]},"answer":{"raw":{"text":"다른 부서와 갈등이 발생했다는 상황은 사실 워낙 흔한 일이기도 하고 가장 중요한 해결 방식은 서로 간의 소통과 긴밀한 커뮤니케이션을 통해서 그 문제를 최선을 다해서 빨리 해결해야 되는 것이라고 생각합니다. 간단한 예로 제가 해외 영업이고 그리고 납기를 맞춰야 되는 상황이지만은 그 설계 도서에서 도면에 대한 부분이 확정이 되지가 않았습니다. 그래서 그 부분을 해결하기 위해서 저는 설계와 함께 지속적으로 그 문제에 대해서 협업을 했고요. 어 피드백이 필요한 상황에서는 바로 옆에서 제가 달라 붙어서 바로 전화를 즉시 이제 해외 중국 조선소 쪽 설계 부서와 다이렉트로 연결해서 그 문제점이 뭐 메일로 오고 가면 계속 며칠이 걸리겠지만 그 부분에 대해서는 제가 바로 삼십 분 안으로 모든 것을 바로 확정을 지어 버리고 최대한 도면 작업을 확정해서 납기 시간을 최대한 단축시켜서 확 그 부분에 해결했던 적이 있습니다. 일단은 가장 중요한 점은 서로 긴밀한 커뮤니케이션을 통해서 바로 즉시 답변을 내는 것이 중요하다고 생각합니다.","wordCount":135},"emotion":[],"intent":[{"text":"다른 부서와 갈등이 발생했다는 상황은 사실 워낙 흔한 일이기도 하고 가장 중요한 해결 방식은 서로 간의 소통과 긴밀한 커뮤니케이션을 통해서 그 문제를 최선을 다해서 빨리 해결해야 되는 것이라고 생각합니다.","expression":"c_confl_mg","category":"personality"},{"text":"어 피드백이 필요한 상황에서는 바로 옆에서 제가 달라 붙어서 바로 전화를 즉시 이제 해외 중국 조선소 쪽 설계 부서와 다이렉트로 연결해서 그 문제점이 뭐 메일로 오고 가면 계속 며칠이 걸리겠지만 그 부분에 대해서는 제가 바로 삼십 분 안으로 모든 것을 바로 확정을 지어 버리고 최대한 도면 작업을 확정해서 납기 시간을 최대한 단축시켜서 확 그 부분에 해결했던 적이 있습니다.","expression":"c_confl_mg","category":"personality"},{"text":"일단은 가장 중요한 점은 서로 긴밀한 커뮤니케이션을 통해서 바로 즉시 답변을 내는 것이 중요하다고 생각합니다.","expression":"c_confl_mg","category":"personality"}],"summary":{"text":"다른 부서와 갈등이 발생했다는 상황은 흔하기도 하고 가장 중요한 해결 방식은 서로 간의 소통과 긴밀한 커뮤니케이션을 통해서 그 문제를 최선을 다해서 빨리 해결하는 것이라고 생각합니다. 가장 중요한 점은 서로 긴밀한 커뮤니케이션으로 바로 즉시 답변을 내는 것이 중요하다고 생각합니다.","wordCount":38}}},"rawDataInfo":{"question":{"fileFormat":"wav","fileSize":459278,"duration":14350,"samplingBit":16,"channelCount":1,"samplingRate":"16kHz","audioPath":"/Mock/02.SalesMarketing/Male/Experienced/ckmk_q_sm_m_e_242765.wav"},"answer":{"fileFormat":"wav","fileSize":2443278,"duration":76350,"samplingBit":16,"channelCount":1,"samplingRate":"16kHz","audioPath":"/Mock/02.SalesMarketing/Male/Experienced/ckmk_a_sm_m_e_242765.wav"}}}