{"version":"1.0","dataSet":{"info":{"date":"20230116","occupation":"SM","channel":"MOCK","place":"ONLINE","gender":"MALE","ageRange":"55-","experience":"EXPERIENCED"},"question":{"raw":{"text":"본인이 스스로 생각했을 때 본인은 숫자와 창의 중 어떤 것에 더 가까운 사람이라고 생각하시나요 그렇게 생각하시는 이유도 같이 말씀해 주세요","wordCount":20},"emotion":[],"intent":[]},"answer":{"raw":{"text":"저는 창의보다는 숫자에 더 강하다고 생각됩니다. 이유는 어릴 때부터 주산을 배웠습니다. 학교 생활 할 때도 성과를 전공했기 때문에 어떤 숫자에 대해서 강하고 제가 군대 생활을 할 때도 통신병으로 근무해 가지고 거기에서 또 마찬가지로 숫자를 관여하는 그런 부대에서 근무했기 때문에 숫자는 아주 경쟁력이 있다고 생각되어집니다.","wordCount":44},"emotion":[],"intent":[{"text":"","expression":"","category":"attitude"}],"summary":{"text":"저는 성과를 전공하고 군대에서도 통신병 근무로 숫자를 관여하는 부대에서 근무했기 때문에 창의보다 숫자에 더 강하다고 생각합니다.","wordCount":16}}},"rawDataInfo":{"question":{"fileFormat":"wav","fileSize":396878,"duration":12400,"samplingBit":16,"channelCount":1,"samplingRate":"16kHz","audioPath":"/Mock/02.SalesMarketing/Male/Experienced/ckmk_q_sm_m_e_216676.wav"},"answer":{"fileFormat":"wav","fileSize":1643598,"duration":51360,"samplingBit":16,"channelCount":1,"samplingRate":"16kHz","audioPath":"/Mock/02.SalesMarketing/Male/Experienced/ckmk_a_sm_m_e_216676.wav"}}}