{"version":"1.0","dataSet":{"info":{"date":"20230116","occupation":"SM","channel":"MOCK","place":"ONLINE","gender":"MALE","ageRange":"-34","experience":"EXPERIENCED"},"question":{"raw":{"text":"지금 본인이 내일 죽는다 라는 사실을 알게 된다면 바로 당장 어떤 거를 할 예정인가요 이 면접을 끝까지 계속 볼 건가요","wordCount":20},"emotion":[],"intent":[]},"answer":{"raw":{"text":"내가 당장 내일 죽더라도 이 면접은 계속 볼 생각입니다. 그리고 나서 저는 이 회사의 제품을 가지고 우리 나라에서 가장 큰 대기업의 회장을 만나서 영업 활동을 하고 싶습니다. 물론 그 회장이 저를 만나주지 않을 수 있지만 그 회사 앞에서 기다리는 열정을 보인다면 충분히 그 회사에 회장을 만날 수 있다고 생각합니다. 제가 이렇게 하려고 하는 이유는 영업에서 가장 어려운 일이 누군가를 만나는 일입니다. 그 사람을 만나는 것조차도 어렵고 그 사람에게 제품을 판매하려는 열정 또한 보여주기가 어렵습니다. 하지만 당장 내일 죽는다면 겁나는 게 없다고 생각을 하고 그 회장을 직접 찾아가서 우리 회사의 제품을 판매해 보고 싶습니다.","wordCount":93},"emotion":[],"intent":[{"text":"","expression":"","category":"attitude"}],"summary":{"text":"영업에서 가장 어려운 일은 누군가를 만나는 것이며, 제품을 판매하려는 열정 또한 보여주기가 어렵습니다. 하지만 당장 내일 죽더라도 그 회장을 직접 찾아가 우리 회사의 제품을 판매해 보고 싶습니다.","wordCount":27}}},"rawDataInfo":{"question":{"fileFormat":"wav","fileSize":576078,"duration":18000,"samplingBit":16,"channelCount":1,"samplingRate":"16kHz","audioPath":"/Mock/02.SalesMarketing/Male/Experienced/ckmk_q_sm_m_e_218869.wav"},"answer":{"fileFormat":"wav","fileSize":2221518,"duration":69420,"samplingBit":16,"channelCount":1,"samplingRate":"16kHz","audioPath":"/Mock/02.SalesMarketing/Male/Experienced/ckmk_a_sm_m_e_218869.wav"}}}