{"version":"1.0","dataSet":{"info":{"date":"20230116","occupation":"SM","channel":"MOCK","place":"ONLINE","gender":"MALE","ageRange":"35-44","experience":"EXPERIENCED"},"question":{"raw":{"text":"본인이 알고 있는 마케팅 용어를 한 가지를 선정해 주시고 사례와 함께 의미를 설명해 주시겠습니까","wordCount":14},"emotion":[],"intent":[]},"answer":{"raw":{"text":"어 제가 알고 있는 이제 마케팅 용어 중에서 지금 제일 먼저 생각나는 부분에 대해서 한 번 말씀드려 보겠습니다. 어 일단 피비에 대 피비라는 마케팅 용어에 대해서 설명을 드릴 건데 일단 피비는 뭐 마케팅 중에서 가장 흔히들 알고 있는 뭐 노브랜드라든지 뭐 코스트코 이런 부분이 있을 것입니다. 피비라는 마케팅 용어는 몰라도 노브랜드를 모르는 국민은 없을 것입니다. 그런 식으로 인제 하나의 회사를 이름으로 해서 만들어진 그 추가적인 브랜드 그런 것들이 이제 피비라고 하는데 그런 부분들이 요즘에는 점점 더 커지고 있는 것 같습니다. 그런 건 브랜드의 그 대 대기업의 그런 브랜드의 그 명성이라든지 그런 부분에 대해 신뢰성 뭐 이런 것들을 이용해서 하는 마케팅인데 지금 그런 부분들이 점점 더 커질 것 같고 더 커졌을 때 또 이제 그로 인한 뭐 소상공인이나 뭐 이렇게 해서 피해를 보거나 손해를 보거나 하는 부분도 분명히 공존할 것 같습니다. 그런 부분들에 대해서 뭐 어 피비 상품이라든지 뭐 이런 부분들에 서 잘 정리가 돼서 모두가 잘 될 수 있는 그런 사회가 돼야 할 것 같습니다. 이상입니다.","wordCount":156},"emotion":[],"intent":[{"text":"","expression":"","category":"attitude"}],"summary":{"text":"하나의 회사를 이름으로 해서 만들어진 추가적인 브랜드가 피비라고 하는데 그런 것들이 점점 더 커지고 있는 것 같습니다. 그런 것들은 브랜드의 명성이나 신뢰성을 이용해서 하는 마케팅인데 점점 더 커질 것 같고 더 커졌을 때 소상공인이나 피해를 보거나 하는 부분도 분명히 공존할 것입니다. 피비 상품 등에서 정리가 되면 모두가 잘 될 수 있는 사회가 될 것입니다.","wordCount":54}}},"rawDataInfo":{"question":{"fileFormat":"wav","fileSize":281678,"duration":8800,"samplingBit":16,"channelCount":1,"samplingRate":"16kHz","audioPath":"/Mock/02.SalesMarketing/Male/Experienced/ckmk_q_sm_m_e_184808.wav"},"answer":{"fileFormat":"wav","fileSize":2775758,"duration":86740,"samplingBit":16,"channelCount":1,"samplingRate":"16kHz","audioPath":"/Mock/02.SalesMarketing/Male/Experienced/ckmk_a_sm_m_e_184808.wav"}}}