{"version":"1.0","dataSet":{"info":{"date":"20230116","occupation":"SM","channel":"MOCK","place":"ONLINE","gender":"MALE","ageRange":"35-44","experience":"EXPERIENCED"},"question":{"raw":{"text":"면접자님께서는 동물 실험이 인간에게 주는 이익에 관해 말씀해 주시겠습니까 또 동물 실험에 대한 면접자님의 생각도 함께 말씀해 주시기 바랍니다","wordCount":19},"emotion":[],"intent":[]},"answer":{"raw":{"text":"동물 실험을 반대하는 사람들은 인간이 동물을 확대한다고 생각합니다. 하지만 인간이 지금까지 많은 실험을 통해서 발전을 해온 것은 지금까지 우리가 동물 실험을 통해서 많은 결과와 데이터를 얻었기 때문입니다. 복제양 둘리라든가 인슐린 테스트라든가 인간에게 꼭 필요한 암치료제 또는 뭐 당뇨병 치료제 이런 것들은 인간이 만들어낸 약물이긴 하지만 이것이 인간을 통해서 실험을 할 수가 없기에 어쩔 수 없이 차선책으로 동물 실험을 하는 것입니다. 물론 동물들에게 이렇게 실험을 하면 그들에게 피해가 간다고 생각하는 동물 애호가들이 있겠지만 그렇다고 인간이 죽어가는 몹쓸 질병이나 암이라든가 희귀병 난치병을 치료하기 위해서는 누군가는 희생을 해야 되고 그 희생이 이익보다 조금 더 앞서지 않는다면 그 희생은 반드시 필요하다고 생각합니다. 그래서 하얀 쥐라든가 아니면 둘리 같은 복제양 또는 개들에게 이런 실험을 할 수 밖에 없는 것이고 이 실험을 통해서 인간이 점점 더 발전할 수 있기 때문에 동물 실험은 꼭 필요하다고 생각합니다.","wordCount":129},"emotion":[],"intent":[{"text":"물론   동물들에게 이렇게 실험을 하면 그들에게 피해가 간다고 생각하는 동물 애호가들이 있겠지만   그렇다고 인간이 죽어가는 몹쓸 질병이나 암이라든가 희귀병 난치병을 치료하기 위해서는   누군가는 희생을 해야 되고 그 희생이 이익보다 조금 더 앞서지 않는다면   그 희생은 반드시 필요하다고 생각합니다.","expression":"c_value","category":"background"},{"text":"그래서 하얀 쥐라든가   아니면 둘리 같은 복제양 또는 개들에게 이런 실험을 할 수 밖에 없는 것이고 이 실험을 통해서 인간이 점점 더 발전할 수 있기 때문에   동물 실험은 꼭 필요하다고 생각합니다.","expression":"c_value","category":"background"}],"summary":{"text":"인간이 동물 실험을 통해 많은 결과와 데이터를 얻었기 때문에 동물 실험을 반대하는 사람들은 인간이 동물을 확대한다고 생각합니다. 인간이 만들어낸 약물이 인간을 통해서 실험을 할 수가 없기 때문에 차선책으로 동물 실험을 하는 것이고 이 실험을 통해서 인간이 점점 더 발전할 수 있기 때문에 동물 실험은 꼭 필요합니다.","wordCount":46}}},"rawDataInfo":{"question":{"fileFormat":"wav","fileSize":449998,"duration":14060,"samplingBit":16,"channelCount":1,"samplingRate":"16kHz","audioPath":"/Mock/02.SalesMarketing/Male/Experienced/ckmk_q_sm_m_e_156282.wav"},"answer":{"fileFormat":"wav","fileSize":2579918,"duration":80620,"samplingBit":16,"channelCount":1,"samplingRate":"16kHz","audioPath":"/Mock/02.SalesMarketing/Male/Experienced/ckmk_a_sm_m_e_156282.wav"}}}