{"version":"1.0","dataSet":{"info":{"date":"20230116","occupation":"SM","channel":"MOCK","place":"ONLINE","gender":"MALE","ageRange":"35-44","experience":"EXPERIENCED"},"question":{"raw":{"text":"우리 회사에 들어와서 본인이 하고 싶은 업무가 있으신가요 만약 있다면 그 업무는 무엇인지 또한 왜 그것이 하고 싶은지 함께 말씀해 주세요","wordCount":21},"emotion":[],"intent":[]},"answer":{"raw":{"text":"어 이 회사에 지원한 부분이나 입사한 이유나 뭐 여러 가지를 봤을 때 저는 영업 쪽으로가 제일 적성에 잘 맞는 것 같고 영업으로 한번 지속적으로 해보고 싶은 마음이 있습니다. 그 이유로는 영업을 하는 데 있어서 좀 뭐 불편한 감이나 이런 것들이 없습니다. 성격이 좀 외향적인 성격이다 보니까 이렇게 활동적이고 여러 사람을 만나는 게 좀 적성에 맞는 것 같습니다. 제가 지원한 부분에는 이제 영업 쪽에서 이제 팀장급을 지원하게 되었는데 그 전에 회사에서도 이런 경험이 많기 때문에 충분히 이제 경력직으로 해서 어 처음부터 팀장 임무 수행을 해도 전혀 지장이 없을 것 같습니다. 그래서 결국 팀장이라는 거는 이제 중간 관리자 역할이 될 것인데 하나의 팀을 맡아서 이제 팀의 성과를 위해서 달려나가는 모습이 보일 겁니다. 그런 경험이 많이 있어서 그런 것들을 활용하게 된다면은 어 이 회사에 와서도 충분히 회사의 이익을 창출을 해낼 수 있는 그런 능력이 있다고 생각합니다. 그런 것들이 이제 제가 이 회사에 들어와서 하고 싶은 업무이고 또한 잘 할 수 있는 제가 적성에 맞는 그런 자리가 될 수 있을 것 같습니다. 이상입니다.","wordCount":159},"emotion":[],"intent":[{"text":"성격이 좀 외향적인 성격이다 보니까   이렇게 활동적이고 여러 사람을 만나는 게 좀 적성에 맞는 것 같습니다.","expression":"c_person","category":"background"}],"summary":{"text":"이 회사에 지원한 부분이나 입사한 이유나 여러 가지를 봤을 때 저는 영업 쪽으로가 가장 적성에 잘 맞고 지속적으로 해보고 싶은 마음이 있습니다. 성격이 외향적이라 여러 사람을 만나는 게 적성에 맞는 것 같습니다. 제가 지원한 부분에는 영업 쪽의 팀장급을 지원하게 되었는데 경력직으로 해서 처음부터 팀장 임무 수행을 해도 지장이 없을 것 같아 보입니다. 이상입니다.","wordCount":53}}},"rawDataInfo":{"question":{"fileFormat":"wav","fileSize":601678,"duration":18800,"samplingBit":16,"channelCount":1,"samplingRate":"16kHz","audioPath":"/Mock/02.SalesMarketing/Male/Experienced/ckmk_q_sm_m_e_191805.wav"},"answer":{"fileFormat":"wav","fileSize":2661198,"duration":83160,"samplingBit":16,"channelCount":1,"samplingRate":"16kHz","audioPath":"/Mock/02.SalesMarketing/Male/Experienced/ckmk_a_sm_m_e_191805.wav"}}}