{"version":"1.0","dataSet":{"info":{"date":"20230116","occupation":"SM","channel":"MOCK","place":"ONLINE","gender":"MALE","ageRange":"35-44","experience":"EXPERIENCED"},"question":{"raw":{"text":"지원자님만의 스트레스 해소법이 있으신가요 있다면 그것은 무엇이고 왜 그 방법으로 스트레스를 해소하시는지 구체적으로 말씀해 주세요","wordCount":15},"emotion":[],"intent":[]},"answer":{"raw":{"text":"저만에 스트레스 해소법을 저는 두 가지 갖고 있습니다. 첫 번째는 피톤치드가 잔뜩 나오는 숲길을 한 시간에서 두 시간 조용히 걷는 것입니다. 피톤치드 숲길을 걷다 보면 저도 모르게 기분이 좋아지고 피톤치드를 통해서 우리의 폐가 깨끗해지고 혈액순환이 잘됩니다. 특히나 발바닥에 자극을 통한 걷기는 뇌 과학자들에 의하면 뇌 혈류량을 높이고 혈액순환을 좋아지게 한다고 합니다. 그렇게 하다 보면 한 시간 두 시간 시간 가는 줄 모르고 정신이 맑아지고 육체의 피로가 자연스럽게 해소가 됩니다. 두 번째 해소법은 바로 테니스장에서 동료 친구들과 테니스를 치는 것입니다. 일단 제가 좋아하는 사람들과 모여서 대화를 하면서 제가 좋아하는 테니스 얘기도 하고 테니스를 치게 되다 보면 땀도 많이 나고 땀을 흘리고 난 다음에 물 한 잔 마시면 제가 사 세상에 살아 있으면 감사를 느끼게 됩니다. 사람은 감사할 때 가장 좋은 도파민 호르몬이 분비된다고 합니다. 그리고 한 발짝 한 발짝 뛰거나 또는 테니스 공을 칠 때마다 쾌감이 느껴집니다. 원래 라켓 운동을 하는 사람들은 라켓에 공이 맞았을 때 그 소리와 나의 뇌의 주파수가 일치하여 그 모든 스트레스가 한 순간에 사라진다 라는 연구 결과가 있습니다. 그래서 저는 이 두 가지를 스트레스 해소법으로 자주 사용하고 있습니다.","wordCount":171},"emotion":[{"text":"일단 제가 좋아하는 사람들과 모여서 대화를 하면서 제가 좋아하는 테니스 얘기도 하고 테니스를 치게 되다 보면   땀도 많이 나고 땀을 흘리고 난 다음에 물 한 잔 마시면 제가 사 세상에 살아 있으면 감사를 느끼게 됩니다.","expression":"p-gratitude","category":"positive"}],"intent":[{"text":"","expression":"","category":"attitude"}],"summary":{"text":"스트레스 해소법으로는 피톤치드가 잔뜩 나오는 숲길을 한 시간에서 두 시간 조용히 걷는 것, 그리고 테니스장에서 동료 친구들과 테니스를 치는 것이 있습니다. 감사할 때 가장 좋은 도파민 호르몬이 분비되고, 공을 칠 때마다 쾌감이 느껴지는데, 라켓 운동을 하는 사람들은 그 소리와 뇌의 주파수가 일치하여 그 모든 스트레스가 한 번에 사라진다 라는 연구 결과가 있어서 이 두 가지를 스트레스 해소법으로 자주 사용합니다.","wordCount":59}}},"rawDataInfo":{"question":{"fileFormat":"wav","fileSize":590798,"duration":18460,"samplingBit":16,"channelCount":1,"samplingRate":"16kHz","audioPath":"/Mock/02.SalesMarketing/Male/Experienced/ckmk_q_sm_m_e_197622.wav"},"answer":{"fileFormat":"wav","fileSize":2812878,"duration":87900,"samplingBit":16,"channelCount":1,"samplingRate":"16kHz","audioPath":"/Mock/02.SalesMarketing/Male/Experienced/ckmk_a_sm_m_e_197622.wav"}}}