{"version":"1.0","dataSet":{"info":{"date":"20230116","occupation":"SM","channel":"MOCK","place":"ONLINE","gender":"MALE","ageRange":"35-44","experience":"EXPERIENCED"},"question":{"raw":{"text":"지원자님께서 협업하는 과제와 혼자 하는 과제 중 그 무엇을 더 선호하시나요 그 이유도 함께 설명과 말씀해 주시겠습니까","wordCount":17},"emotion":[],"intent":[]},"answer":{"raw":{"text":"저는 협업하는 과제가 훨씬 더 저에게 유리하고 도움이 된다고 생각합니다. 이유는 사람은 혼자 하다 보면 빠르게 무언 것을 할 수 있지만 자기 스스로 어떤 프레임 갇히거나 스스로의 확정 편향 오류에 갇히면 내가 어디서 잘못됐는지 무엇을 잘못했는지 문제점을 파악하지 못하는 경우들이 아주 많습니다. 특히나 엔지니어 같이 혼자 일하는 사람들은 자기 스스로에 대한 자문 자부심과 자만심이 강해서 자기가 항상 잘하던 거를 못 하게 되면 본인의 문제라고 생각하지 않고 환경 탓을 하거나 특별한 문제가 생겼다고 하는 경우들이 많습니다. 그래서 협업을 하게 되면 서로서로 모니터링을 해주고 필요한 부분을 지적해 주고 필요한 부분을 서로 이해시킬 수 있는 많은 창구를 마련할 수 있습니다. 또한 브레인스테밍을 통해서 내가 생각하지 못한 뜻밖의 아이디어나 의견들을 받을 수 있고 그 의견을 서로서로 조율을 하다보면 아주 좋안 좋은 묘안이 나오는 경우들을 저는 종종 경험했습니다. 제가 오십 개가 넘는 프로젝트를 하면서 항상 중요하게 생각하는 것이 브레인스토밍이고 브레인스테밍인의 기본이 바로 협업입니다. 협업은 사람들을 성장시키고 서로의 부족한 부분을 채워줄 수 있는 가장 좋은 수단이라고 생각하기 때문에 항상 모든 것을 협업을 통해서 합니다. 백짓장도 맞들면 낫다 라는 말은 여기서 나온 것 같습니다.","wordCount":167},"emotion":[],"intent":[{"text":"그래서 협업을 하게 되면 서로서로 모니터링을 해주고   필요한 부분을 지적해 주고 필요한 부분을 서로 이해시킬 수 있는 많은 창구를 마련할 수 있습니다.","expression":"c_cop","category":"personality"}],"summary":{"text":"사람은 혼자 하다 보면 빠르게 무언 것을 할 수 있지만 자기 스스로에 대한 자부심과 자만심이 강해서 자기가 항상 잘하던 것을 하지 못하게 되면 환경 탓을 하거나 특별한 문제가 생겼다고 하는 경우들이 많습니다. 그래서 협업을 하게 되면 서로서로 모니터링을 해주고 필요한 부분을 지적해 주고 필요한 부분을 서로 이해시킬 수 있는 많은 창구를 마련할 수 있습니다.","wordCount":54}}},"rawDataInfo":{"question":{"fileFormat":"wav","fileSize":381518,"duration":11920,"samplingBit":16,"channelCount":1,"samplingRate":"16kHz","audioPath":"/Mock/02.SalesMarketing/Male/Experienced/ckmk_q_sm_m_e_182788.wav"},"answer":{"fileFormat":"wav","fileSize":2797518,"duration":87420,"samplingBit":16,"channelCount":1,"samplingRate":"16kHz","audioPath":"/Mock/02.SalesMarketing/Male/Experienced/ckmk_a_sm_m_e_182788.wav"}}}