{"version":"1.0","dataSet":{"info":{"date":"20230116","occupation":"SM","channel":"MOCK","place":"ONLINE","gender":"MALE","ageRange":"35-44","experience":"EXPERIENCED"},"question":{"raw":{"text":"커뮤니케이션을 잘 할 수 있는 본인만의 스킬이 있으신지 궁금합니다 있으시다면 어 한 번 소개해 주시길 바랍니다 어 직접 한 번 보여주셔도 좋습니다","wordCount":22},"emotion":[],"intent":[]},"answer":{"raw":{"text":"네 커뮤니케이션을 잘 할 수 있는 저만의 스킬이 있다면 그 부분에서 답변 드리도록 하겠습니다. 어 일단 커뮤니케이션 대화 뭐 협업 뭐 팀워크 여러 가지들을 포함해서 커뮤니케이션이라고 할 수 있을 것 같습니다. 원활한 커뮤니케이션이라고 하는데 그런 부분을 봤을 때 제가 봤을 때는 여기에서 또 인간관계가 중요할 것 같습니다. 이런 협동이나 협업 이런 것들이 잘 이루어지려면은 그 도움을 요청했을 때 협업을 받고 싶은 사람이 있을 때 그 사람이 오십 프로에 대한 협업만 해줄 것인지 나의 진짜 전력을 다해서 모든 거를 다 협업을 해 줬을 것인지 그거는 그 사람이 가져온 인간관계에 따라서 선정된다고 생각합니다. 그래서 저만의 스킬이라고 하자면은 이런 모든 사람들 도움이 될 수 있는 사람들은 무조건 연결고리를 만들어 놓고 공통점을 만들어 놓고 어 서로에게 도움이 될 수 있는 그런 자리를 만들어 놓다면은 이러한 커뮤니케이션이나 뭐 여러 가지 협업 프로젝트를 진행할 때 큰 도움을 받을 수 있고 또 나도 도움을 줄 수도 있는 상황이 올 것이고 하기 때문에 그런 관계들을 많이 형성해 놔야 이런 커뮤니케이션 같은 게 잘 이루어질 것 같습니다. 네 이상입니다.","wordCount":160},"emotion":[],"intent":[{"text":"","expression":"","category":"attitude"}],"summary":{"text":"커뮤니케이션을 잘 할 수 있는 저만의 스킬이 있다면 그 부분에서 답변 드리도록 하겠습니다. 네 이상입니다. 원활한 커뮤니케이션이라고 하는데 인간관계가 중요할 것 같습니다. 모든 사람들 도움이 될 수 있는 사람들은 무조건 연결고리를 만들어 놓고 공통점을 만들어 놓어야지만 커뮤니케이션이나 협업 프로젝트를 진행할 때 큰 도움을 받을 수 있습니다.","wordCount":46}}},"rawDataInfo":{"question":{"fileFormat":"wav","fileSize":537678,"duration":16800,"samplingBit":16,"channelCount":1,"samplingRate":"16kHz","audioPath":"/Mock/02.SalesMarketing/Male/Experienced/ckmk_q_sm_m_e_226587.wav"},"answer":{"fileFormat":"wav","fileSize":2657998,"duration":83060,"samplingBit":16,"channelCount":1,"samplingRate":"16kHz","audioPath":"/Mock/02.SalesMarketing/Male/Experienced/ckmk_a_sm_m_e_226587.wav"}}}