{"version":"1.0","dataSet":{"info":{"date":"20230116","occupation":"SM","channel":"MOCK","place":"ONLINE","gender":"MALE","ageRange":"-34","experience":"EXPERIENCED"},"question":{"raw":{"text":"지원자님께서는 태어나서 지금까지 한 일들 가운데 어떤 일을 가장 후회하실까요 어 본인이 가장 후회했던 일 중에 한 가지만 골라서 말씀해 주시기 바랍니다","wordCount":22},"emotion":[],"intent":[]},"answer":{"raw":{"text":"제가 태어나서 지금까지 한 일 중에 제일 후회하는 일은 주식 투자를 했던 일입니다. 제가 스무 살 때부터 돈을 모아서 삼천만 원 정도가 있었습니다. 이 돈을 조금 더 큰 돈으로 불리기 위해서 주식 투자를 했었습니다. 주식 투자를 제대로 공부하지 않고 투자를 시작하다 보니 계속 매수하고 매도하고 이런 행동들을 반복했었습니다. 그러다보니 계속 손실이 커졌고 나중에는 제 삼천만 원이 천 오백만 원으로 감소하게 되었습니다. 이처럼 수익률이 마이너스 오십 프로 날 정도로 투자를 잘못 했었고 이게 태어나서 가장 후회했던 일 같습니다.","wordCount":77},"emotion":[],"intent":[{"text":"","expression":"","category":"attitude"}],"summary":{"text":"저는 주식 투자를 제대로 공부하지 않고 시작했습니다. 그러다 보니 계속 매수, 매도하는 행동을 반복하면서 손실이 커졌고 후에 삼천만 원이 천 오백만 원으로 감소하게 되었습니다. 가장 후회하는 일은 주식 투자를 했던 일입니다.","wordCount":31}}},"rawDataInfo":{"question":{"fileFormat":"wav","fileSize":487758,"duration":15240,"samplingBit":16,"channelCount":1,"samplingRate":"16kHz","audioPath":"/Mock/02.SalesMarketing/Male/Experienced/ckmk_q_sm_m_e_240060.wav"},"answer":{"fileFormat":"wav","fileSize":2320078,"duration":72500,"samplingBit":16,"channelCount":1,"samplingRate":"16kHz","audioPath":"/Mock/02.SalesMarketing/Male/Experienced/ckmk_a_sm_m_e_240060.wav"}}}