{"version":"1.0","dataSet":{"info":{"date":"20230116","occupation":"SM","channel":"MOCK","place":"ONLINE","gender":"MALE","ageRange":"55-","experience":"EXPERIENCED"},"question":{"raw":{"text":"지원자님은 개인적으로 어떻게 공부를 하시는지 말씀해 주세요 강의나 책을 활용한 공부를 말씀해 주셔도 좋습니다","wordCount":14},"emotion":[],"intent":[]},"answer":{"raw":{"text":"개인적으로 공부를 어떻게 하시는지 말씀해 주세요. 강의나 책을 활용하는 공부를 말씀해 주셔도 좋습니다. 네 저는 어 공부를 하는 데 있어서 어 책이나 강의를 많이 활용을 하고 있습니다. 에스엔에스를 보게 되면 좋은 강의를 들을 수 있는 부분들이 참으로 많습니다. 경제적인 부분이라든가 정치적인 부분들 그리고 또한 그 성공의 그런 스토리를 어 통해서 많이 공부를 하고 있습니다. 또한 책을 통해서도 어 준비를 많이 하고 있습니다.무엇보다도 어 인터넷 환경을 통해서 에스엔에스를 통해서 공부를 많이 하고 있다고 생각합니다. 아 나보다 훌륭한 사람들 나보다 똑똑한 아 분야에서 성공했던 그러한 지식들을 많이 얻고 있습니다. 참으로 도움이 많이 된다고 생각합니다. 제가 몰랐던 분야 제가 좀 부족했던 분야는 디테일하게 아 설명해주는 그런 전문가들이 많이 있어서 큰 도움이 됐다고 생각을 합니다. 아 여러모로 어 제가 가지고 있는 그러한 지식의 한계는 너무나 많기 때문에 그러한 에스엔에스 유튜브 이런 걸 통해서 제가 많이 지식을 얻고 있습니다. 저에게는 무엇보다도 그런 부분이 도움이 많이 되는 부분이라고 생각합니다.","wordCount":143},"emotion":[],"intent":[{"text":"","expression":"","category":"attitude"}],"summary":{"text":"개인적으로 강의나 책을 활용하는 공부를 하는 데 있어 책이나 강의를 많이 활용을 하고 있고, 인터넷 환경을 통해서 공부를 많이 하고 있다고 생각합니다. 제가 가지고 있는 지식의 한계는 많기 때문에 유튜브 이런 걸 통해서 많이 지식을 얻고 있습니다. 그런 부분이 저에게는 무엇보다 도움이 많이 되는 부분이라고 생각합니다.","wordCount":46}}},"rawDataInfo":{"question":{"fileFormat":"wav","fileSize":403278,"duration":12600,"samplingBit":16,"channelCount":1,"samplingRate":"16kHz","audioPath":"/Mock/02.SalesMarketing/Male/Experienced/ckmk_q_sm_m_e_227904.wav"},"answer":{"fileFormat":"wav","fileSize":2842638,"duration":88830,"samplingBit":16,"channelCount":1,"samplingRate":"16kHz","audioPath":"/Mock/02.SalesMarketing/Male/Experienced/ckmk_a_sm_m_e_227904.wav"}}}