{"version":"1.0","dataSet":{"info":{"date":"20230116","occupation":"SM","channel":"MOCK","place":"ONLINE","gender":"MALE","ageRange":"35-44","experience":"EXPERIENCED"},"question":{"raw":{"text":"지원자님께서는 평소 지원자님의 의견을 주장할 때 강하게 주장하는 편인가요 어떤 스타일로 지원자님의 의견을 주장하시는지 궁금합니다","wordCount":15},"emotion":[],"intent":[]},"answer":{"raw":{"text":"저는 어떤 업무나 논쟁이 있을 때 절대 제 주장을 강하게 하지 않는 편입니다. 왜냐하면 사람은 강한 것에 대한 거부감도 있고 강하게 제가 주장을 했을 때 그거에 대한 뒷받침되는 증거라던가 어떤 명확한 근거가 없으면 추후에 저는 바보가 되거나 아니면 그냥 억지 쓰는 사람밖에 되지 않기 때문입니다. 우리 조상의 속담 중에 돌다리도 두들겨 보고 건너라는 말이 있습니다. 그 얘긴 즉 조심스럽고 항상 신중하게 행동하라는 뜻이지 내가 알고 있는 지식이 십 년 전 지식인지 이십 년 전 지식인지 또는 트렌드에서 완전히 밀려난 것인지 때로는 제가 잘못된 기억을 하고 있는지 정말 여러 변수가 있기 때문에 절대 자만을 해서 자기 주장을 함부로 관철시키려고 하면 안 됩니다. 특히나 조직에서는 제가 가지고 있는 지식보다 더 뛰어난 지식 경험을 가진 사람이 있을 수도 있고 제가 때로는 원숭이도 나무에서 떨어지듯이 오랫동안 했던 경험이 잘못됐을 수도 있고 잘못된 기억일 수도 있기 때문에 일단은 주장을 조심스럽게 하고 추후에 그거에 대한 증거를 지속적으로 수집을 한 다음에 그 뒷받침할 수 있는 논리적인 근거를 대고 그때 어느 정도 주장을 하면 사람들이 논리적인 근거에 의해서 수긍을 많이 하는 편입니다. 무조건적인 강한 주장은 절대 필요하지 않습니다.","wordCount":170},"emotion":[],"intent":[{"text":"","expression":"","category":"attitude"}],"summary":{"text":"저는 어떤 업무나 논쟁이 있을 때 절대 제 주장을 강하게 하지 않는 편입니다. 왜냐하면 사람은 강한 것에 대한 거부감도 있고 강하게 주장을 했을 때 뒷받침되는 증거이라던가 어떤 명확한 근거가 없으면 억지 쓰는 사람밖에 되지 않기 때문입니다. 무조건적인 강한 주장은 절대 필요하지 않습니다.","wordCount":42}}},"rawDataInfo":{"question":{"fileFormat":"wav","fileSize":484558,"duration":15140,"samplingBit":16,"channelCount":1,"samplingRate":"16kHz","audioPath":"/Mock/02.SalesMarketing/Male/Experienced/ckmk_q_sm_m_e_177285.wav"},"answer":{"fileFormat":"wav","fileSize":2800718,"duration":87520,"samplingBit":16,"channelCount":1,"samplingRate":"16kHz","audioPath":"/Mock/02.SalesMarketing/Male/Experienced/ckmk_a_sm_m_e_177285.wav"}}}