{"version":"1.0","dataSet":{"info":{"date":"20230116","occupation":"SM","channel":"MOCK","place":"ONLINE","gender":"MALE","ageRange":"35-44","experience":"EXPERIENCED"},"question":{"raw":{"text":"영업에서 가장 중요한 것은 무엇이라고 생각하십니까 그렇게 생각하시는 이유도 함께 설명해 주시기 바랍니다","wordCount":13},"emotion":[],"intent":[]},"answer":{"raw":{"text":"영업에서 가장 중요한 점은 아무래도 고객을 불편하지 않고 가장 문제 없이 편하게 만들어주는 것이 가장 중요한 일이라고 생각합니다. 물론 가격적인 면이라든지 품질적인 면 모든 것들이 가장 중요하겠지만 아무리 좋은 회사고 좋은 물건이라도 결과적으로 어떤 것들이 문제가 발생이 될 수 밖에 없습니다. 그런데 그러한 문제점을 결국 해결해 주는 것이 영업 사원이고 그 영업 사원을 믿고 각종 회사 구매차 라든지 최종 고객들이 그 물건을 선택을 하는 것이라고 생각합니다. 결과적으로 최종 고객들은 불편하지 않고 제가 그 중간에서 과도교 역할을 해서 문제 없이 최종 문 나 물건을 납품시키는 것이 저의 영업 방식이고 그것이 최고의 영업이라고 생각하고 있습니다.","wordCount":93},"emotion":[],"intent":[{"text":"","expression":"","category":"attitude"}],"summary":{"text":"영업에서 가장 중요한 점은 고객을 불편하지 않게 편하게 만들어주는 것이라고 생각합니다. 최종 고객들은 불편하지 않고 제가 그 중간에서 과도교 역할을 해서 문제 없이 납품시키는 것이 최고의 영업이라고 생각하고 있습니다.","wordCount":29}}},"rawDataInfo":{"question":{"fileFormat":"wav","fileSize":468878,"duration":14650,"samplingBit":16,"channelCount":1,"samplingRate":"16kHz","audioPath":"/Mock/02.SalesMarketing/Male/Experienced/ckmk_q_sm_m_e_242767.wav"},"answer":{"fileFormat":"wav","fileSize":1884238,"duration":58880,"samplingBit":16,"channelCount":1,"samplingRate":"16kHz","audioPath":"/Mock/02.SalesMarketing/Male/Experienced/ckmk_a_sm_m_e_242767.wav"}}}