{"version":"1.0","dataSet":{"info":{"date":"20230116","occupation":"SM","channel":"MOCK","place":"ONLINE","gender":"MALE","ageRange":"35-44","experience":"EXPERIENCED"},"question":{"raw":{"text":"당신이 생각하는 영업이란 무엇인가 또 회사에서 영업의 지위와 역할은 무엇이 있는지 말씀해 보시오","wordCount":13},"emotion":[],"intent":[]},"answer":{"raw":{"text":"어 회사에서 갖고 있는 인제 영업 부서에 대해서 이제 차지하는 지위와 역할에 대해서 답변 드리겠습니다. 어 일단 회사에서 어느 회사든지 이런 영업이 차지하는 비율은 어 상당할 것으로 판단이 되는데 그 이유는 영업이 갖고 있는 그 위치는 그 회사의 간판이자 얼굴이라고 생각해도 될 것 같습니다. 이 영업이 잘 이루어지지 않는다면은 회사의 발전도 없을 것이고 회사의 이미지도 만들어지지 않을 겁니다. 그래서 이런 영업이 잘 갖춰져 있는 회사가 항상 회사의 발전도 컸고 또 회사 대 개인의 영업도 있겠지만 회사 대 회사의 영업이 또 있을 것이고 이런 영업이 이뤄진지 않는다면 회사의 발전은 어 미미할 것으로 판단이 되고 있습니다. 그래서 어느 회사든지 영업에 투자하는 돈이 생각보다 큽니다. 투자를 해야 영업에 대한 것이 영향력이 있어져야 그 회사의 발전과 미래성이 있기 때문에 그런 회사의 그런 역할은 어 가장 큰 역할을 하고 있지 않나 그렇게 생각해서 영업에 대한 매력을 느끼고 있습니다. 네 이상입니다.","wordCount":135},"emotion":[],"intent":[{"text":"","expression":"","category":"attitude"}],"summary":{"text":"영업 부서에 대한 지위와 역할에 대해 답변 드리겠습니다. 영업이 차지하는 비율은 어 상당할 것으로 판단되는데 그 이유는 영업이 갖고 있는 위치는 회사의 간판이자 얼굴이라고 봐도 될 것 같습니다. 투자를 해야 영업에 대한 것이 영향력으로 이어져야 회사의 발전과 미래성이 있기 때문에 회사의 가장 큰 역할이라고 생각합니다.","wordCount":45}}},"rawDataInfo":{"question":{"fileFormat":"wav","fileSize":444878,"duration":13900,"samplingBit":16,"channelCount":1,"samplingRate":"16kHz","audioPath":"/Mock/02.SalesMarketing/Male/Experienced/ckmk_q_sm_m_e_145358.wav"},"answer":{"fileFormat":"wav","fileSize":2561038,"duration":80030,"samplingBit":16,"channelCount":1,"samplingRate":"16kHz","audioPath":"/Mock/02.SalesMarketing/Male/Experienced/ckmk_a_sm_m_e_145358.wav"}}}