{"version":"1.0","dataSet":{"info":{"date":"20230116","occupation":"SM","channel":"MOCK","place":"ONLINE","gender":"MALE","ageRange":"35-44","experience":"EXPERIENCED"},"question":{"raw":{"text":"과거 프로젝트를 수행했던 경험이 있으신가요 있다면 어떤 프로젝트 내에서 어떤 역할을 맡으셨나요","wordCount":12},"emotion":[],"intent":[]},"answer":{"raw":{"text":"이천 이십 년 이 월 코로나가 발생했을 때 저희는 큰 프로젝트를 하나 얻었습니다. 대학병원에 이십 억이 넘는 장비 두 대를 삼 개월 안에 설치 가동 운영 검수까지 완료하는 것이었습니다. 그때 저는 프로젝트 총괄 리더로서 기술 팀장을 맡고 있었고 실제적으로 일본에서 제조된 장비를 한국에 들여와서 그 장비를 설치 및 운영을 해야 하는데 저희는 그 장비를 처음 다뤄봤습니다. 그런데 일본에서는 코로나로 인하여 입국이 금지되었고 그 누구도 와서 이 장비를 설치해 주고 기술 지원을 해 줄 사람이 전혀 없었습니다. 그때 저희 영업부서에서는 병원에 심한 압박을 받고 있었고 그 프로젝트를 달성하지 못하면 병원에서는 하루 당 오십만 원에서 백만 원이 넘는 지체 보상금을 물으라고 압박을 하기 시작했습니다. 그때 저는 영화 마스를 통해서 멧 데이먼이 나 나사 직원과 온라인으로 장비를 고치고 수리하고 운영하는 것을 보고 착안을 하여 그렇게 온라인 줌 미팅을 통해서 각 사이트에 이십 대가 넘는 카메라를 설치하고 하루에 열 시간에서 열 다섯 시간씩 마이크로 매니지먼트를 당했습니다. 예를 들어 어디부터 어떻게 설치하고 어떤 나산 어디다가 끼어야 되고 어떤 프로그램을 어떻게 운영해야 되는지에 대한 각 각의 조언 및 통역을 통해서 문제 없이 프로젝트를 완성했던 기억이 있습니다.","wordCount":170},"emotion":[],"intent":[{"text":"","expression":"","category":"attitude"}],"summary":{"text":"코로나가 발생했을 때 저희는 대학병원에 장비 두 대를 삼 개월 안에 설치 가동 운영 검수까지 완료하는 프로젝트를 얻었습니다. 그때 영업부서에서는 병원에 심한 압박을 받고 있었고 그 프로젝트를 달성하지 못하면 지체 보상금을 물으라고 압박을 받기 시작했습니다. 온라인 줌 미팅을 통해서 각 사이트에 수십 대의 카메라를 설치하고 마이크로 매니지먼트를 당했습니다.","wordCount":48}}},"rawDataInfo":{"question":{"fileFormat":"wav","fileSize":432078,"duration":13500,"samplingBit":16,"channelCount":1,"samplingRate":"16kHz","audioPath":"/Mock/02.SalesMarketing/Male/Experienced/ckmk_q_sm_m_e_197617.wav"},"answer":{"fileFormat":"wav","fileSize":2820558,"duration":88140,"samplingBit":16,"channelCount":1,"samplingRate":"16kHz","audioPath":"/Mock/02.SalesMarketing/Male/Experienced/ckmk_a_sm_m_e_197617.wav"}}}