{"version":"1.0","dataSet":{"info":{"date":"20230116","occupation":"SM","channel":"MOCK","place":"ONLINE","gender":"MALE","ageRange":"35-44","experience":"EXPERIENCED"},"question":{"raw":{"text":"어 일을 하면서 항상 예상하시기에 가장 어려운 점 어 어려운 점은 무엇인가요 그리고 그에 대해서 어떻게 대처하실 생각이신지 어 궁금합니다","wordCount":20},"emotion":[],"intent":[]},"answer":{"raw":{"text":"일을 하면서 가장 어려울 것으로 예상되는 점은 아무래도 제가 경력직 사원이다 보니까 이 단체에 조금 더 빨리 융합되고 그리고 제가 비슷한 업종을 경험을 했지만은 회사마다 다 프로세스가 다르고 또 사용하는 이제 업무 규정이라든지 내규 절차들이 조금씩 다를 것이기 때문에 제가 최대한 빨리 그 시간에 적응하는 것이 제일 관건이라고 생각하고 그리고 그점이 아무래도 제일 힘들지 않을까 그 그래서 더 더욱 노력해야 되는 점이 제가 경력직 사원이다 보니까 최대한 빨리 이 적응을 해 서 이 저희가 실적을 보여드려야 되기 때문에 그 부분에 대해서 제일 신경을 쓰고 열심히 노력 할 거라고 지금 다짐하고 있습니다.","wordCount":91},"emotion":[],"intent":[{"text":"","expression":"","category":"attitude"}],"summary":{"text":"경력직 사원인 제가 일을 하면서 가장 어려운 점은 회사마다 프로세스와 업무 규정 등이 조금씩 다를 것이기 때문에 최대한 빨리 적응하는 것이 가장 관건이라고 생각하고 더 노력해야 될 것 같습니다.","wordCount":29}}},"rawDataInfo":{"question":{"fileFormat":"wav","fileSize":452558,"duration":14140,"samplingBit":16,"channelCount":1,"samplingRate":"16kHz","audioPath":"/Mock/02.SalesMarketing/Male/Experienced/ckmk_q_sm_m_e_242233.wav"},"answer":{"fileFormat":"wav","fileSize":1672078,"duration":52250,"samplingBit":16,"channelCount":1,"samplingRate":"16kHz","audioPath":"/Mock/02.SalesMarketing/Male/Experienced/ckmk_a_sm_m_e_242233.wav"}}}