{"version":"1.0","dataSet":{"info":{"date":"20230116","occupation":"SM","channel":"MOCK","place":"ONLINE","gender":"MALE","ageRange":"-34","experience":"EXPERIENCED"},"question":{"raw":{"text":"지원자에게 질문 드리겠습니다 지원자께서는 회사 경험이 많다고 하시는데요 그렇다면 영업과 판매의 차이는 무엇이라고 생각하시는지 본인의 의견을 말씀해 보십시오","wordCount":18},"emotion":[],"intent":[]},"answer":{"raw":{"text":"영업과 판매는 비슷해 보이지만 조금 다른 의미를 가지고 있다고 생각합니다. 저는 영업이 판매보다 조금 더 큰 개념이라고 생각합니다. 판매는 단순히 제품이나 서비스를 한 개 또는 두 개 판매할 때 판매한다고 이야기합니다. 반대로 영업은 판매보다 더 큰 개념을 가지고 있기 때문에 영업을 한다는 것 자체는 더 많은 제품을 판매하는 것이라고 생각합니다. 예를 들어서 영업을 통해서 기업의 대표를 만나고 기업의 대표에게 꾸준히 이어나갈 제품 판매를 하는 것이 영업이라고 생각합니다. 이처럼 비슷해 보이지만 영업이 조금 더 큰 개념이라고 생각합니다.","wordCount":76},"emotion":[],"intent":[{"text":"","expression":"","category":"attitude"}],"summary":{"text":"판매는 제품이나 서비스를 한 개 또는 두 개 판매할 때 판매한다고 이야기합니다. 반대로 영업은 판매를 더 큰 개념으로 더 많은 제품을 판매하는 것이라고 생각합니다.","wordCount":24}}},"rawDataInfo":{"question":{"fileFormat":"wav","fileSize":514958,"duration":16090,"samplingBit":16,"channelCount":1,"samplingRate":"16kHz","audioPath":"/Mock/02.SalesMarketing/Male/Experienced/ckmk_q_sm_m_e_240053.wav"},"answer":{"fileFormat":"wav","fileSize":2265358,"duration":70790,"samplingBit":16,"channelCount":1,"samplingRate":"16kHz","audioPath":"/Mock/02.SalesMarketing/Male/Experienced/ckmk_a_sm_m_e_240053.wav"}}}