{"version":"1.0","dataSet":{"info":{"date":"20230116","occupation":"SM","channel":"MOCK","place":"ONLINE","gender":"MALE","ageRange":"35-44","experience":"EXPERIENCED"},"question":{"raw":{"text":"지원자님께서는 휴식을 취할 때는 주로 어떤 일들을 하시나요 그리고 그 일들을 왜 하는지 이유와 함께 말씀해 주시기 바랍니다","wordCount":18},"emotion":[],"intent":[]},"answer":{"raw":{"text":"제가 휴식을 취할 때 하는 것은 두 가지가 있습니다. 하나는 피톤치드가 듬뿍 나오는 숲길을 한 시간에서 두 시간 동안 무작정 걷기입니다. 걷기는 사람들이 아 일도 힘들고 쉬고 있을 때 왜 굳이 또 이렇게 운동을 하냐 라고 생각하는데 노동과 운동은 전혀 다릅니다. 특히나 피톤치드 숲길을 걷는 것은 운동도 아니고 그냥 간단한 그냥 산보라고 생각하시면 됩니다. 그 산보를 통해서 저는 일 주일 또는 한 달 동안 쌓여있던 육체적인 피로와 정신적인 피로를 한 번에 씻어낼 수 있습니다. 왜냐하면 피톤치드를 마시면 우리의 육체는 육체와 혈액은 공급을 더 많이 하고 혈액 순환이 잘되고 많이 걷게 되면 발바닥에 자극을 많이 주게 되어 뇌에 신선한 공기를 유입한다는 뇌 과학자들에 이론이 있습니다. 그리고 두 번째는 테니스장에 가서 테니스를 칩니다. 일단 테니스장은 녹색이 어우러진 환경에 많이 만들어져서 녹색은 사람의 마음을 휴식을 마 취하게 만들고 기분을 좋게 만듭니다. 특히나 산속이나 숲속에 있는 테니스장에 가서 테니스를 칠 때마다 저 스스로가 아 이게 살아있는 거구나 라는 걸 느낄 정도로 에너지가 샘솟습니다. 그러면서 활성화 에너지가 줄어 들고 저 스스로에 세포가 많이 성장해 가는 느낌이 듭니다.","wordCount":162},"emotion":[],"intent":[{"text":"","expression":"","category":"attitude"}],"summary":{"text":"피톤치드가 나오는 숲길을 한 시간에서 두 시간 동안 무작정 걷기를 하면 육체와 혈액의 순환이 잘되고 발바닥에 자극을 많이 주게 되어 뇌에 신선한 공기가 유입된다는 뇌 과학자들에 이론이 있습니다. 그리고 테니스장에 가서 테니스를 치는 것은 사람의 마음을 휴식하게 만들고 기분을 좋게 만집니다.","wordCount":41}}},"rawDataInfo":{"question":{"fileFormat":"wav","fileSize":459278,"duration":14350,"samplingBit":16,"channelCount":1,"samplingRate":"16kHz","audioPath":"/Mock/02.SalesMarketing/Male/Experienced/ckmk_q_sm_m_e_197615.wav"},"answer":{"fileFormat":"wav","fileSize":2760398,"duration":86260,"samplingBit":16,"channelCount":1,"samplingRate":"16kHz","audioPath":"/Mock/02.SalesMarketing/Male/Experienced/ckmk_a_sm_m_e_197615.wav"}}}