{"version":"1.0","dataSet":{"info":{"date":"20230116","occupation":"SM","channel":"MOCK","place":"ONLINE","gender":"MALE","ageRange":"45-54","experience":"EXPERIENCED"},"question":{"raw":{"text":"지원자님께서는 저희 일의 특성상에 야근이나 잔업 또는 외근이 좀 많을 수가 있는데 이러한 점에 있어서 어떻게 생각하시는지 궁금합니다","wordCount":18},"emotion":[],"intent":[]},"answer":{"raw":{"text":"저는 야근이나 잔업 외근이 필요가 없는 일이에요. 저는 복권 판매를 해요. 그리고 저희는 딱 영업 시간이 정해져 있어요. 그래서 그럴 일이 생길 이유가 없는데 네 그럴 일이 없어요 저는. 하고 싶어도 안 돼요 정해져 있기 때문에. 정말 하고 싶네요 사실. 네 조금 더 늦게까지 판매하고 싶고 한데 그게 안 돼요. 막혀있어요. 그래서 안되구요. 아 근데 뭐 일반 어떤 회사원 네 사무직 뭐 이런 분들을 상대로 한 얘 이야기라면 저한테 이야기를 하시는 거라면 전 그래도 노우에요 노. 반대합니다. 거절합니다. 이런 문화 때문에 제가 아무래도 퇴사를 한 거 같애요. 네 이렇게 은근하게 자연스럽게 어 노동 강도를 무리하게 높여서 애초에 입사하기도 전부터 물어보는 이 질문 황당하네요 지금 돌이켜 생각을 해보니까. 안 괜찮죠 당연히.","wordCount":110},"emotion":[],"intent":[{"text":"","expression":"","category":"attitude"}],"summary":{"text":"저는 야근이나 잔업 외근이 필요가 없는 일이며, 복권 판매를 하는데 영업 시간이 정해져 있어서 그럴 일이 없어요. 조금 더 늦게까지 판매하고 싶어도 막혀서 안되요. 노동 강도를 무리하게 높여서 입사하기 전부터 물어보는 이 질문은 납득할 수 없습니다.","wordCount":36}}},"rawDataInfo":{"question":{"fileFormat":"wav","fileSize":427598,"duration":13360,"samplingBit":16,"channelCount":1,"samplingRate":"16kHz","audioPath":"/Mock/02.SalesMarketing/Male/Experienced/ckmk_q_sm_m_e_179702.wav"},"answer":{"fileFormat":"wav","fileSize":2823118,"duration":88220,"samplingBit":16,"channelCount":1,"samplingRate":"16kHz","audioPath":"/Mock/02.SalesMarketing/Male/Experienced/ckmk_a_sm_m_e_179702.wav"}}}