{"version":"1.0","dataSet":{"info":{"date":"20230116","occupation":"SM","channel":"MOCK","place":"ONLINE","gender":"MALE","ageRange":"55-","experience":"EXPERIENCED"},"question":{"raw":{"text":"본인의 단점이 있다면 그것을 말씀해 주시고 그것을 보완하기 위해 어떤 노력들을 했는지 그것도 같이 말씀해 주세요","wordCount":16},"emotion":[],"intent":[]},"answer":{"raw":{"text":"저의 단점은 주변에 눈치를 좀 본다는 것입니다. 그렇지 않고 주도적으로 적극적인 그런 자세가 좀 부족한 것 같습니다. 이를 보완하기 위해서 저는 앞으로 어떤 업무나 어떤 안건이 주어지면 거기에 대해서 적극성을 가지고 업무에 임할 것이고 주변 사람들꽈도 아주 친하게 친밀하게 가깝게 지낼 수 있도록 할 것입니다. 지금 제 단점이라고 말씀드린 부분은 제가 어릴 때부터 자란 어떤 환경적인 요인이 있지 않나 싶습니다. 앞으로는 개선코자 합니다.","wordCount":63},"emotion":[],"intent":[{"text":"","expression":"","category":"attitude"}],"summary":{"text":"주변 눈치를 보는 주도적 자세 부족을 보완하기 위해 적극성을 가지고 업무에 임하고 주변 사람들과 친밀하게 지낼 것입니다. 이런 단점은 어릴 때부터 자란 환경적인 요인이 아닌가 싶습니다.","wordCount":26}}},"rawDataInfo":{"question":{"fileFormat":"wav","fileSize":306958,"duration":9590,"samplingBit":16,"channelCount":1,"samplingRate":"16kHz","audioPath":"/Mock/02.SalesMarketing/Male/Experienced/ckmk_q_sm_m_e_216675.wav"},"answer":{"fileFormat":"wav","fileSize":2113358,"duration":66040,"samplingBit":16,"channelCount":1,"samplingRate":"16kHz","audioPath":"/Mock/02.SalesMarketing/Male/Experienced/ckmk_a_sm_m_e_216675.wav"}}}