{"version":"1.0","dataSet":{"info":{"date":"20230116","occupation":"SM","channel":"MOCK","place":"ONLINE","gender":"MALE","ageRange":"55-","experience":"EXPERIENCED"},"question":{"raw":{"text":"입사 후 근무를 하면서 정작 지원한 분야가 지원자님과 잘 맞지 않는다는 사실을 깨닫게 된다면 지원자님께서는 어떻게 하실 생각이십니까","wordCount":18},"emotion":[],"intent":[]},"answer":{"raw":{"text":"입사 후 근무를 하면서 정작 지원한 분야가 지원자님과 잘 맞지 않다는 사실을 깨닫는다면 어떻게 하실 생각이십니까. 예 제가 입사한 후에 제가 원하는 그러한 어 분야하고 맞지 않는 경우에는 어 상급자하고 대화를 통하여서 그러한 일들을 심도 있게 얘기하는 게 좋을 것 같습니다. 어 귀사의 회사는 어떻게 보면 참 좋은 회사이기 때문에 아 제가 그런 분야는 안 맞지만 그 회사가 마음에 들기 때문에 근무를 해야 되는 그런 상황일 수도 있습니다. 그런데 지원한 분야가 안 맞는다면 아 이거 너무 심각한 상황입니다. 그럴 경우에는 상급자와 잘 얘기하고 그의 윗부분과 아 얘기를 통해서 어 조율을 하는 것이 중요하다고 생각합니다. 때에 따라서는 제가 회사를 그만둘 수도 있겠지만 그렇지가 않고 서로의 커뮤니케이션을 통하여서 그 일을 조율을 한다면은 제가 다른 분야에서 일할 수 있도록 기회를 주시면 더 좋을 것 같습니다. 하지만은 제가 여태까지 일을 많이 해왔습니다. 여러 가지 상황들 여러 가지 분야들 이런 가운데서 일을 많이 해왔기 때문에 어울리지 않는 분야는 없다고 생각합니다. 하지만은 제가 아 잘 맞는 분야면 더 좋겠습니다. 그리고 또한 제가 또 여태까지 해왔던 분야가 아 생산 쪽이라든가 개발이라든가 영업이라든가 관리 쪽 이런 쪽까지 해왔기 때문에 특별히 맞지 않는 분야는 없을 것이라고 생각을 합니다. 아 회사에서 도와준다면은 어 저의 역량을 최대한 발휘할 수 있는 그런 회사의 저를 심어 두었으면 좋을 것 같습니다. 그래야만이 회사에서도 저를 통하여서 큰 아 보탬이 될 수 있는 그러한 회사가 되기 때문에 그렇습니다.","wordCount":212},"emotion":[],"intent":[{"text":"","expression":"","category":"attitude"}],"summary":{"text":"지원한 분야가 잘 맞지 않는다면 상급자와의 대화를 통해 조율하는 것이 중요합니다. 서로의 커뮤니케이션을 통해 일을 조율한다면 다른 분야에서 일할 수 있습니다. 하지만은 그동안 여러 가지 분야들 가운데서 일을 많이 해왔기 때문에 잘 맞는 분야면 더 좋습니다. 회사에서 도와준다면 역량을 최대한 발휘할 수 있는 회사면 좋겠습니다. 그래야 회사에서도 나를 통하여 큰 보탬이 되기 때문입니다.","wordCount":53}}},"rawDataInfo":{"question":{"fileFormat":"wav","fileSize":373838,"duration":11680,"samplingBit":16,"channelCount":1,"samplingRate":"16kHz","audioPath":"/Mock/02.SalesMarketing/Male/Experienced/ckmk_q_sm_m_e_229189.wav"},"answer":{"fileFormat":"wav","fileSize":3735118,"duration":116720,"samplingBit":16,"channelCount":1,"samplingRate":"16kHz","audioPath":"/Mock/02.SalesMarketing/Male/Experienced/ckmk_a_sm_m_e_229189.wav"}}}