{"version":"1.0","dataSet":{"info":{"date":"20230116","occupation":"SM","channel":"MOCK","place":"ONLINE","gender":"MALE","ageRange":"55-","experience":"EXPERIENCED"},"question":{"raw":{"text":"모바일 게임이나 인터닉 게임의 브랜드 마케팅은 어떻게 누구를 대상으로 하는 것이 좋겠습니까","wordCount":12},"emotion":[],"intent":[]},"answer":{"raw":{"text":"게임의 브랜드 마케팅은 어떻게 하는 것이 좋다고 생각하십니까. 이유도 함께 말씀해 주세요. 예 어 브랜드는 상당히 중요합니다. 아 브랜드를 어떻게 관리하느냐에 따라서 우리의 아이템과 회사가 롱런할 수가 있고 또한 그 브랜드를 키워 나가는 것이 중요하다고 생각합니다. 코카콜라의 브랜드가 백 년을 유지했던 것처럼 그런 브랜드를 만들어 가는 것이 우리나라에 있어서도 어 중요합니다. 그리고 또한 우리 회사에 있어서도 무엇보다도 중요하다고 생각합니다. 아 마케팅은 어 뭐 여러 가지 방법으로 마케팅을 해야 되겠습니다. 많은 사람들이 보는 곳에서 마케팅을 할 필요가 있다고 생각합니다. 요즘은 네이버라든가 카카오 또한 다음을 통하여서 에스엔에스를 통하여서 마케팅을 하는 것이 젊은이들에게 많은 그러한 시각적인 모습과 많은 접하는 것이라고 생각을 합니다. 또한 해외에서의 마케팅도 중요하다고 생각합니다. 우리가 가지고 있는 그 게임이 해외에서 어떻게 팔릴지 또한 어 해외의 그러한 그 아시아권이라든가 이런 데서는 우리나라의 제품을 좋아하기 때문에 그러한 마케팅을 하는 것이 더욱더 중요할 것으로 생각합니다. 아 해외에는 인도라든가 아 중국 베트남 이런 데는 인구가 워낙 많기 때문에 어 소홀히 하면 안 될 것이라고 생각합니다. 아 브랜드와 아 마케팅을 통하여서 우리 회사를 키워 나가는 아 그런 영업의 자세를 갖도록 하겠습니다. 어 게임은 어 앞으로 더욱더 커질 수 있는 산업이라고 생각합니다. 그러기 위해서 우리 회사에 아 지원이 더욱더 필요하다고 생각을 합니다.","wordCount":186},"emotion":[],"intent":[{"text":"","expression":"","category":"attitude"}],"summary":{"text":"게임의 브랜드 마케팅은 브랜드 관리 방식에 따라 아이템과 회사가 롱런할 수 있고 회사를 키워 나갈 수 있으므로 중요합니다. 마케팅은 많은 사람들이 보는 곳에서, 네이버, 카카오, 소셜미디어 등에서, 특히 해외에서는 우리나라의 제품을 선호하므로 브랜드와 마케팅을 통해 회사를 키워 나가야 합니다. 게임은 앞으로 더욱 커질 수 있기 때문에 회사에 지원이 필요합니다.","wordCount":49}}},"rawDataInfo":{"question":{"fileFormat":"wav","fileSize":325838,"duration":10180,"samplingBit":16,"channelCount":1,"samplingRate":"16kHz","audioPath":"/Mock/02.SalesMarketing/Male/Experienced/ckmk_q_sm_m_e_229007.wav"},"answer":{"fileFormat":"wav","fileSize":3719758,"duration":116240,"samplingBit":16,"channelCount":1,"samplingRate":"16kHz","audioPath":"/Mock/02.SalesMarketing/Male/Experienced/ckmk_a_sm_m_e_229007.wav"}}}