{"version":"1.0","dataSet":{"info":{"date":"20230116","occupation":"SM","channel":"MOCK","place":"ONLINE","gender":"MALE","ageRange":"55-","experience":"EXPERIENCED"},"question":{"raw":{"text":"어 지원자님께서 이제 이전 직장을 그만둔 특별한 이유가 있으신지 궁금합니다 또 있으시다면 현재의 직장도 같은 이유로 그만둘 가능성이 있으신가요","wordCount":19},"emotion":[],"intent":[]},"answer":{"raw":{"text":"이전 직장을 그만둔 특별한 이유가 있나요. 그리고 현 직장도 같은 이유로 그만둘 가능성이 있을까요. 아 예 이전 직장에는 제가 그만뒀을 경우에는 대인관계라든가 아 오너 하고의 그러한 아 영업 적인 어 방향 경영의 그런 방향들 대외적인 그러한 신뢰도 이런 것들이 안 맞아 가지고 그만둔 적이 몇 번 있었습니다. 현 직장도 같은 이유로 그만둘 가능성이 아 있습니다. 만약에 음 경영에 그러한 어 하고자 하는 일이 어 단순한 그러한 이익만을 찾고자 한다든가 많은 신뢰라든가 다른 경쟁 업체라든가 다른 많은 아 세상 속에서 어 칭찬을 받지 못하는 그런 쪽일 경우에는 제가 어 회사를 그만둘 아 이유가 있다고 생각합니다. 그런 면에서 늘 신중히 아 해야 될 것으로 생각을 합니다.그리고 또한 이 회사를 저희가 아 선택하게 된 배경은 어 많은 연구를 했고 많은 정보를 통하여서 수집을 했습니다. 그러한 정보 수집을 통하여서 이 회사는 미래의 가치를 투자할 만한 그러한 회사라고 생각을 합니다. 또한 거기에서는 충분한 가능성이 있고 아 성장의 그러한 목표가 있고 많은 이들에게 유익을 끼치고 앞으로 더욱더 많은 이들이 부러워하는 그러한 아 회사의 아이템과 회사의 그러한 목표를 가두고 가지고 있다고 생각하기에 제가 입사 지원을 했습니다. 앞으로 최선을 다할 수 있도록 하겠습니다.","wordCount":175},"emotion":[],"intent":[{"text":"","expression":"","category":"attitude"}],"summary":{"text":"이전 직장과 현 직장의 대인관계, 신뢰 등의 문제가 맞지 않아 그만둔 경우가 있습니다. 경영에 있어 단순한 이익 추구, 신뢰, 다른 경쟁 업체 등에서 칭찬을 받지 못하는 경우에는 회사를 그만둘 이유가 있다고 생각합니다. 이 회사를 선택한 배경은 많은 연구를 통해 미래의 가치를 투자할 만한 회사라고 생각하여 입사 지원을 했습니다.","wordCount":48}}},"rawDataInfo":{"question":{"fileFormat":"wav","fileSize":454478,"duration":14200,"samplingBit":16,"channelCount":1,"samplingRate":"16kHz","audioPath":"/Mock/02.SalesMarketing/Male/Experienced/ckmk_q_sm_m_e_229005.wav"},"answer":{"fileFormat":"wav","fileSize":3838478,"duration":119950,"samplingBit":16,"channelCount":1,"samplingRate":"16kHz","audioPath":"/Mock/02.SalesMarketing/Male/Experienced/ckmk_a_sm_m_e_229005.wav"}}}