{"version":"1.0","dataSet":{"info":{"date":"20230116","occupation":"SM","channel":"MOCK","place":"ONLINE","gender":"MALE","ageRange":"55-","experience":"EXPERIENCED"},"question":{"raw":{"text":"지원자님께서 네이버 다음 구글을 검색을 해 보고 네이버 다음 구글 검색 비교해 보시고 각각 검색 엔진들의 차이점과 장점 단점을 말씀해 보세요","wordCount":21},"emotion":[],"intent":[]},"answer":{"raw":{"text":"네이버 다음 구글의 검색을 비교해 보시고 각각 검색 엔진들의 차이쩜과 장 단쩜을 설명해 주세요. 아 예 어 네이버 다음 구글을 검색해 보게 되면 네이버는 참으로 친숙한 그런 어 검색 엔진을 가지고 있습니다. 검색하면은 아 개인적으로도 잘 알게 되고 모든 것이 쇼핑하고 생활에 밀접한 관련을 많이 가지고 있기 때문에 어 우리나라 국민들은 네이버를 통하여서 검색을 많이 하는 것들을 잘 알려져 있습니다. 하지만은 좀 더 디테일한 것을 아 찾을 때는 네이버보다는 아 구글 쪽으로 넘어가는 것 같습니다. 구글 같은 경우는 더욱 더 전문적이고 글로벌한 아 그런 부분들이 좀 많 좀 더 많이 있고 구체적이고 또한 보편적인 그런 부분들이 많이 있기 때문에 구글을 통하여서 검색을 하는 것은 더욱더 유익하다고 볼 수 있습니다. 아 구글은 어떻게 보면 어 정치적이라든가 그러한 어 사회 환경적인 그런 부분들을 떠나서 어 어떻게 보면은 어 개인의 그러한 관심이 아니라 보편적인 그런 부분을 가지고 어 하기 때문에 더욱더 구글을 많이 사용하는 것 같습니다. 무엇보다도 이 다음은 아 전체적인 면에서 많이 좀 약하다고 보여집니다. 아 이메일 같은 경우는 다음을 통해서 저도 많이 좀 사용하고 있고 많은 사람들이 사용하고 있는 좋은 점도 있습니다. 하지만은 다음은 전체적으로 많이 부족해 있고 또한 아 좌편향돼 있는 그런 부분도 있기 때문에 많은 사람들이 많이 아 사용하지 않는다고 그런 생각을 합니다.","wordCount":194},"emotion":[],"intent":[{"text":"","expression":"","category":"attitude"}],"summary":{"text":"네이버 다음 구글의 검색을 비교해 보면 네이버는 친숙한 검색 엔진을 가지고 있습니다. 하지만 좀 더 세부적인 것을 찾을 때는 구글 쪽으로 넘어가는 것 같습니다. 구글 같은 경우는 더욱 더 전문적이고 글로벌한 부분이 많이 있고 구체적이고 또한 보편적인 부분이 많이 있기 때문에 구글을 통하여서 검색을 하는 것은 더욱더 유익하다고 볼 수 있습니다.","wordCount":51}}},"rawDataInfo":{"question":{"fileFormat":"wav","fileSize":579278,"duration":18100,"samplingBit":16,"channelCount":1,"samplingRate":"16kHz","audioPath":"/Mock/02.SalesMarketing/Male/Experienced/ckmk_q_sm_m_e_240851.wav"},"answer":{"fileFormat":"wav","fileSize":3817998,"duration":119310,"samplingBit":16,"channelCount":1,"samplingRate":"16kHz","audioPath":"/Mock/02.SalesMarketing/Male/Experienced/ckmk_a_sm_m_e_240851.wav"}}}