{"version":"1.0","dataSet":{"info":{"date":"20230116","occupation":"SM","channel":"MOCK","place":"ONLINE","gender":"MALE","ageRange":"55-","experience":"EXPERIENCED"},"question":{"raw":{"text":"어 얼마 전에 구급 대원이 주취자에게 폭행을 당해서 어 순직을 당하는 사건이 발생했습니다 어 이 사건에 대해서 어 지원자님께서는 어떻게 생각하시는지 말씀해 주시길 바랍니다","wordCount":24},"emotion":[],"intent":[]},"answer":{"raw":{"text":"두 가지 이유가 있지 않았을까 생각을 합니다. 엄청난 고통 속에서 구급대원의 행동이 마음에 안들어 설 수도 있었겠지요. 고통이 심하게 되면 나타나는 현상은 폭력으로 나타날 수도 있습니다. 어떤 순간에 그런 행동이 나타날 수도 있겠지요. 하지만 그분은 스스로 기본적으로 폭력성을 가지고 있지 않았었는가 생각합니다. 구급대원의 입장에서 어떤 사람인지를 알 길이 없지요. 시급히 생명을 구하겠다는 일념으로 뭐 열심히 일을 하는 구급대원이 그러한 성격의 소유자 어떤 감정 조절이 안 되는 사람에게 폭행을 당해서 순직했다는 것은 끔찍한 일일 수 밖에 없습니다. 순 구급대원이 시 시각을 다투면서 구해야 되는 사람에게 폭행을 당하지 않도록 어떤 제도적인 장치가 마련되어야 하지 않을까 싶습니다. 그 차의 구조라든지 어떤 이해 처리의 과정을 좀 더 개선해 나가야 할 필요가 있다고 생각합니다.","wordCount":109},"emotion":[],"intent":[{"text":"","expression":"","category":"attitude"}],"summary":{"text":"구급대원이 엄청난 고통 속에서 폭력성을 가질 수 밖에 없는 이유는 시급히 생명을 구하겠다는 일념으로 열심히 일하는데 감정 조절이 안 되는 사람에게 폭행을 당했다는 것은 끔찍한 일일 수 밖에 없습니다. 순 구급대원이 시간을 다투면서 구해야 되는 사람에게 폭행 당하지 않도록 제도적 장치가 마련되어야 합니다.","wordCount":43}}},"rawDataInfo":{"question":{"fileFormat":"wav","fileSize":541518,"duration":16920,"samplingBit":16,"channelCount":1,"samplingRate":"16kHz","audioPath":"/Mock/02.SalesMarketing/Male/Experienced/ckmk_q_sm_m_e_249079.wav"},"answer":{"fileFormat":"wav","fileSize":2730318,"duration":85320,"samplingBit":16,"channelCount":1,"samplingRate":"16kHz","audioPath":"/Mock/02.SalesMarketing/Male/Experienced/ckmk_a_sm_m_e_249079.wav"}}}