{"version":"1.0","dataSet":{"info":{"date":"20230116","occupation":"SM","channel":"MOCK","place":"ONLINE","gender":"MALE","ageRange":"35-44","experience":"EXPERIENCED"},"question":{"raw":{"text":"어 동물 실험이 인간에게 주는 여러 가지 이익이 있는데요 그러한 이익들에 관해서 말씀해 주시길 바랍니다 그리고 동물 실험에 대한 지원자님의 생각도 함께 말씀해 주세요","wordCount":24},"emotion":[],"intent":[]},"answer":{"raw":{"text":"네 동물 실험이 인간에게 주는 이익이 무엇일까 해서 생각을 해봤는데 저희 생각을 답변드리도록 하겠습니다. 일단 동물 실험이 이루어지는 것이 어딜까 생각해 봤는데 이제 의학 부분이 대부분인 것 같습니다. 현대 의학 부분의 발전을 위한 인간이 오래 살기 위한 많은 동물들의 희생을 통해서 지금 백 세 시대에 접어들었습니다. 약이 좋아지고 주사가 좋아지고 수술 요건이 좋아지고 이런 데에는 동물 실험을 통한 많은 임상 실험을 통해서 이런 결과가 나오지 않았나 싶습니다. 네 사람의 욕심은 끝도 없습니다. 더 부모님이 오래 살았으면 좋겠고 본인도 더 오래 살기 위해서 노력하고 더 그 경제적 자유로 얻기 위해서 노력하는데 그 부분에 있어서는 동물 실험이 매우 중요한 요소입니다. 그래서 이런 희생적인 부분에 대해서는 감사하게 느끼고 해야겠지만 어 꼭 필요한 요건이기 때문에 그걸 없앨 수는 없다고 생각합니다. 그런데 하지만 최소한으로 동물 실험을 진행을 해서 많은 희생을 줄이게 된다면은 오히려 더 좋은 역할이지 않을까 싶습니다. 네 이상입니다.","wordCount":135},"emotion":[],"intent":[{"text":"","expression":"","category":"attitude"}],"summary":{"text":"동물 실험이 인간에게 주는 이익이 무엇인지 생각을 해 봤는데 의학 부분이 대부분인 것 같습니다. 인간이 오래 살기 위한 동물들의 희생을 통해서 지금 백 세 시대에 접어들었습니다. 동물 실험을 통해 많은 희생을 줄이게 된다면 오히려 더 좋은 역할이 되지 않을까 싶습니다.","wordCount":40}}},"rawDataInfo":{"question":{"fileFormat":"wav","fileSize":473678,"duration":14800,"samplingBit":16,"channelCount":1,"samplingRate":"16kHz","audioPath":"/Mock/02.SalesMarketing/Male/Experienced/ckmk_q_sm_m_e_235873.wav"},"answer":{"fileFormat":"wav","fileSize":2703118,"duration":84470,"samplingBit":16,"channelCount":1,"samplingRate":"16kHz","audioPath":"/Mock/02.SalesMarketing/Male/Experienced/ckmk_a_sm_m_e_235873.wav"}}}