{"version":"1.0","dataSet":{"info":{"date":"20230116","occupation":"SM","channel":"MOCK","place":"ONLINE","gender":"MALE","ageRange":"35-44","experience":"EXPERIENCED"},"question":{"raw":{"text":"만약에 이직을 생각하는 동료를 만나게 된다면 아 그에게 어떤 말을 해주고 싶으신가요 또 왜 그렇게 말씀하실지 그 이유도 함께 설명해 주시기 바랍니다","wordCount":22},"emotion":[],"intent":[]},"answer":{"raw":{"text":"이직을 하는 이유 중에 가장 큰 것은 바로 연봉 및 진급입니다. 역 연봉 및 진급은 제가 해결해 줄 수 있는 사안이 아니지만 다른 팔십 퍼센트 이상 퇴사하는 사람들을 보면 대부분 사람 간의 관계 때문입니다. 특히 직원 동료 또는 타 부서와의 갈등 직장 상사와의 갈등이 있다면 저는 그것에 대해서는 강력하게 조언을 해줄 수 있습니다. 지금 이 또한 곧 지나가리라 또는 저 이해하지 못할 부서원을 한 번 끝까지 이해를 해 보고 그래도 안 된다 그러면 저 부서원이 없는 다른 부서로 보직 전환을 요청할 것을 강력하게 얘기할 것입니다. 보직 전환을 하고 저 부서원을 마주치지 않는다면 본인이 이 회사를 엄청나게 그만두고 싶은 퇴사 욕구는 조금씩 들어 줄어들 것이고 그러다 보면 다른 부서에서 자기 스스로의 자존감과 또는 업무 업무 능력이 향상되어 계속 다니게 될 확률이 높기 때문에 일단은 사람 땜에 그만두는 것이라면 보직 전환 및 부서 전환을 하라고 강력하게 이야기해 주고 싶습니다.","wordCount":137},"emotion":[],"intent":[{"text":"","expression":"","category":"attitude"}],"summary":{"text":"이직을 하는 이유 중 가장 큰 것은 연봉 및 진급입니다. 직원 동료 또는 타 부서와의 갈등 직장 상사와의 갈등이 있다면 제가 강력하게 조언해 주고 싶습니다. 일단 사람 때문에 그만두는 것이라면 보직 전환 및 부서 전환을 하라고 강력하게 이야기해 주고 싶습니다.","wordCount":40}}},"rawDataInfo":{"question":{"fileFormat":"wav","fileSize":500238,"duration":15630,"samplingBit":16,"channelCount":1,"samplingRate":"16kHz","audioPath":"/Mock/02.SalesMarketing/Male/Experienced/ckmk_q_sm_m_e_182791.wav"},"answer":{"fileFormat":"wav","fileSize":2196558,"duration":68640,"samplingBit":16,"channelCount":1,"samplingRate":"16kHz","audioPath":"/Mock/02.SalesMarketing/Male/Experienced/ckmk_a_sm_m_e_182791.wav"}}}