{"version":"1.0","dataSet":{"info":{"date":"20230116","occupation":"SM","channel":"MOCK","place":"ONLINE","gender":"MALE","ageRange":"55-","experience":"EXPERIENCED"},"question":{"raw":{"text":"어 지원자님께서 소통 능력을 키우기 위해서 어떤 일을 할 수 있으신가요 그리고 그러한 소통 능력을 키우기 위해서 생각나는 방법들을 어 자세하게 말씀해 주시길 바랍니다","wordCount":24},"emotion":[],"intent":[]},"answer":{"raw":{"text":"소통 능력을 키우기 위해서는 본인의 생각이나 의견을 강하게 어필하는 것보다 우선적으로 주변 사람들의 말을 청취하는 그런 습관을 들여야 된다고 봅니다. 다른 사람의 의견이나 생각을 충분하게 청취해서 자신의 생각과 의견이 불일치 된 부분은 상대방과 잘 이야기할 수 있는 그런 듣는 자세가 매우 중요하다고 봅니다.","wordCount":43},"emotion":[],"intent":[{"text":"소통 능력을 키우기 위해서는 본인의 생각이나 의견을 강하게 어필하는 것보다 우선적으로 주변 사람들의 말을 청취하는 그런 습관을 들여야 된다고 봅니다.","expression":"s_comn","category":"attitude"},{"text":"다른 사람의 의견이나 생각을 충분하게 청취해서 자신의 생각과 의견이 불일치 된 부분은 상대방과 잘 이야기할 수 있는 그런 듣는 자세가 매우 중요하다고 봅니다.","expression":"s_comn","category":"attitude"}],"summary":{"text":"소통 능력 향상을 위해서는 주변 사람의 의견을 청취하는 습관을 들여야 합니다. 즉, 불일치하는 부분은 잘 말할 수 있는 듣는 자세가 매우 중요합니다.","wordCount":22}}},"rawDataInfo":{"question":{"fileFormat":"wav","fileSize":512718,"duration":16020,"samplingBit":16,"channelCount":1,"samplingRate":"16kHz","audioPath":"/Mock/02.SalesMarketing/Male/Experienced/ckmk_q_sm_m_e_211157.wav"},"answer":{"fileFormat":"wav","fileSize":1979598,"duration":61860,"samplingBit":16,"channelCount":1,"samplingRate":"16kHz","audioPath":"/Mock/02.SalesMarketing/Male/Experienced/ckmk_a_sm_m_e_211157.wav"}}}