{"version":"1.0","dataSet":{"info":{"date":"20230116","occupation":"SM","channel":"MOCK","place":"ONLINE","gender":"MALE","ageRange":"45-54","experience":"EXPERIENCED"},"question":{"raw":{"text":"공동체로서 무형문화유산의 보호에 있어서 적용되는 사회적 관념 그것은 무엇이라고 생각하십니까","wordCount":10},"emotion":[],"intent":[]},"answer":{"raw":{"text":"공동체로서 무형 문화유산의 보호에 있어서 적용되는 사회적 관념은 무엇이라고 생각하느냐에 대한 말씀을 하셨는데요. 일반적으로는 무형 문화유산 관련된 부분은 많이 인식을 못하는 것 같습니다. 대체적으로는 유형 문화유산 관련돼서는 여러 가지 사람들이 인식하는 부분들도 많이 있고 직접적으로 현장에 가서 어 보게 되는 경우들이 많이 있기 때문에 사회 관념상 지켜야 내야 되는 부분이라고 생각을 하지만 눈에 보이지 않는 부분에 대해서는 관심도가 유형 문화유산에 비해서 떨어진다고 생각을 합니다. 이런 부분들을 단지 사람들이 생각 만의 부분으로 해서 남겨 관심을 갖기를 기대하는 것 쪽 보다는 정부나 국가에서 어느 정도 이런 부분들에 대해서는 먼저 부각을 시키고 유형 뿐만이 아니라 무형 관련된 부분들도 우리가 지켜서 보존해 나가야 될 부분인 부분들에 대해서는 야 피 국가적으로도 관련 관심을 갖고 해야 된다고 생각합니다.","wordCount":112},"emotion":[],"intent":[{"text":"","expression":"","category":"attitude"}],"summary":{"text":"유형 문화유산에 비해 무형 문화유산의 보호에 있어서 적용되는 사회적 관념은 눈에 보이지 않는 부분에 대해서는 관심이 떨어진다 생각합니다. 정부나 국가에서 이런 부분들에 대해서는 먼저 부각을 시키고 무형 관련된 부분들도 우리가 지켜서 보존해 나가야 될 부분인 부분에는 국가적으로도 관련 관심을 가져야 한다고 생각합니다.","wordCount":42}}},"rawDataInfo":{"question":{"fileFormat":"wav","fileSize":353038,"duration":11030,"samplingBit":16,"channelCount":1,"samplingRate":"16kHz","audioPath":"/Mock/02.SalesMarketing/Male/Experienced/ckmk_q_sm_m_e_100645.wav"},"answer":{"fileFormat":"wav","fileSize":2678478,"duration":83700,"samplingBit":16,"channelCount":1,"samplingRate":"16kHz","audioPath":"/Mock/02.SalesMarketing/Male/Experienced/ckmk_a_sm_m_e_100645.wav"}}}