{"version":"1.0","dataSet":{"info":{"date":"20230116","occupation":"SM","channel":"MOCK","place":"ONLINE","gender":"MALE","ageRange":"35-44","experience":"EXPERIENCED"},"question":{"raw":{"text":"지원자분께서 최근에 무언가 재미있게 활동하고 계신 일이 있으시다고 한다면 무엇인지 설명해 주셨으면 좋겠고 그 일이 지원자분께 왜 재밌는지에 관해서도 이야기해 주세요","wordCount":21},"emotion":[],"intent":[]},"answer":{"raw":{"text":"제가 최근에 가장 재미있게 하고 있는 일은 바로 테니스라는 운동입니다. 테니스는 굉장히 어렵지만 굉장히 매력적인 운동입니다. 네트를 사이에 두고 단식 또는 복식으로 서브를 넣고 맞받아치고 발리라고 하는 앞에서 블로킹을 하고 또는 로브라고 해서 공을 높게 띄웁니다. 테니스의 가장 큰 묘미는 바로 공마다 또는 코트마다 라켓마다 사람의 자세마다 공의 위치라든가 공의 튀는 성질 바운스가 천차만별이라는 것입니다. 그래서 테니스의 과학 원리에 관련된 논문들이 상당히 많고 대학원에 테니스 학을 전공하는 사람들이 많습니다. 우리가 생각했을 때 배드민턴이나 탁구처럼 그냥 공놀이 하는 거 아니야 라고 생각할 수 있지만 전혀 그렇지 않습니다. 테니스에는 바람의 저항 또는 바람의 기류를 이용해서 칠 수도 있고 또는 바람을 이겨내서 칠 수도 있으며 고무 바닥 잔디 또는 흙바닥에서 튀는 성질을 또 이용하여 테니스를 치는 방법이 너무 많습니다. 테니스에 한 번 빠지면 중독이 된다고 할 정도로 테니스는 한 번 배운 사람들은 절대 테니스 장을 떠나지 않습니다. 다만 체력이 받쳐주지 않으면 테니스는 칠 수 없기 때문에 체력은 필수적으로 길러야 되는 요소라고 생각합니다.","wordCount":149},"emotion":[{"text":"테니스에는 바람의 저항 또는 바람의 기류를 이용해서 칠 수도 있고 또는 바람을 이겨내서 칠 수도 있으며   고무 바닥 잔디 또는 흙바닥에서 튀는 성질을 또 이용하여 테니스를 치는 방법이 너무 많습니다.","expression":"u-fact","category":"neutral"}],"intent":[{"text":"","expression":"","category":"attitude"}],"summary":{"text":"테니스의 과학 원리에 관한 논문들과 대학원에 테니스학을 전공하는 사람들이 많습니다. 테니스는 바람의 저항, 바람의 기류, 고무 바닥잔디나 흙바닥에서 튀는 성질을 이용해서 치는 방법이 많습니다. 한 번 배운 사람들은 절대 테니스 장을 떠나지 않습니다. 다만, 체력은 필수적으로 길러야 하는 요소입니다.","wordCount":39}}},"rawDataInfo":{"question":{"fileFormat":"wav","fileSize":579918,"duration":18120,"samplingBit":16,"channelCount":1,"samplingRate":"16kHz","audioPath":"/Mock/02.SalesMarketing/Male/Experienced/ckmk_q_sm_m_e_177283.wav"},"answer":{"fileFormat":"wav","fileSize":2751438,"duration":85980,"samplingBit":16,"channelCount":1,"samplingRate":"16kHz","audioPath":"/Mock/02.SalesMarketing/Male/Experienced/ckmk_a_sm_m_e_177283.wav"}}}