{"version":"1.0","dataSet":{"info":{"date":"20230116","occupation":"SM","channel":"MOCK","place":"ONLINE","gender":"MALE","ageRange":"35-44","experience":"EXPERIENCED"},"question":{"raw":{"text":"본인이 대학에서 배운 전공 과목 중에서 가장 기억에 남는 과목을 한 가지만 골라서 말씀해 주세요","wordCount":15},"emotion":[],"intent":[]},"answer":{"raw":{"text":"제가 대학교 때 배운 전공 과목 중 가장 기억에 남는 것은 바로 방사선 생물학입니다. 중고등학교 때 지구 과학이나 물리학 화학과 함께 같이 배웠던 생물학에 방사선이라고 하는 특수한 학문이 결합된 것입니다. 방사선을 노출되면 사람의 몸은 어떻게든 변화가 생깁니다. 많은 방사선을 맞으면서 암이 발생하거나 많은 방사선에 의해서 암이 치료가 되기도 합니다. 그리고 적당한 방사선은 우리 몸에 변화를 주면서 면역력을 향상시킨다는 방사선의 이익론도 있습니다. 많은 사람들이 방사선이 우리 몸에 최악에 영향을 미칠 것이라고 생각하지만 실제적으로 적당한 방사선을 통해서 우리는 건강해지고 있고 우리가 모르는 인공 방사선 말고도 우주 방사선이나 자연 방사선에 우리는 항상 노출돼 있지만 멀쩡하게 살아가고 있습니다. 그러한 내용들에 대한 것이 방사선 생물학이고 우리 조직의 세포는 에이치투오라고 하는 물의 성분인데 방사선을 맞으면 이 에이치투오의 분자의 결합기가 해리가 되기 시작하면서 세포들이 하나씩 죽어서 떨어져 나가는 때가 옵니다. 이래서 방사선을 많이 맞으면 위험하지만 적당히 맞으면 세포들의 면역력이 생기는 것에 대한 것이 바로 방사선 생물학입니다.","wordCount":139},"emotion":[{"text":"방사선을 노출되면 사람의 몸은   어떻게든 변화가 생깁니다.","expression":"u-fact","category":"neutral"},{"text":"많은 사람들이 방사선이 우리 몸에 최악에 영향을 미칠 것이라고 생각하지만 실제적으로   적당한 방사선을 통해서 우리는 건강해지고 있고 우리가 모르는 인공 방사선 말고도 우주 방사선이나 자연 방사선에 우리는 항상 노출돼 있지만 멀쩡하게 살아가고 있습니다.","expression":"u-fact","category":"neutral"},{"text":"이래서 방사선을 많이 맞으면 위험하지만 적당히 맞으면 세포들의 면역력이 생기는 것에 대한 것이 바로 방사선 생물학입니다.","expression":"u-fact","category":"neutral"}],"intent":[{"text":"","expression":"","category":"attitude"}],"summary":{"text":"방사선을 많이 맞으면 위험하지만 적당히 맞으면 세포들의 면역력이 생기는 것에 대한 것이 바로 방사선 생물학입니다. 우리 조직의 세포는 에이치투오라고 하는 물의 성분인데 방사선을 맞으면 이 에이치 투오의 분자의 결합기가 해리되면서 세포들이 하나씩 죽어 나가는 때가 옵니다. 그래서 방사선을 너무 많이 맞거나 위험하지만 적당한 방사선을 통해서 우리 몸은 계속 건강해지고 있습니다.","wordCount":50}}},"rawDataInfo":{"question":{"fileFormat":"wav","fileSize":250958,"duration":7840,"samplingBit":16,"channelCount":1,"samplingRate":"16kHz","audioPath":"/Mock/02.SalesMarketing/Male/Experienced/ckmk_q_sm_m_e_178716.wav"},"answer":{"fileFormat":"wav","fileSize":2702158,"duration":84440,"samplingBit":16,"channelCount":1,"samplingRate":"16kHz","audioPath":"/Mock/02.SalesMarketing/Male/Experienced/ckmk_a_sm_m_e_178716.wav"}}}