{"version":"1.0","dataSet":{"info":{"date":"20230116","occupation":"SM","channel":"MOCK","place":"ONLINE","gender":"MALE","ageRange":"35-44","experience":"EXPERIENCED"},"question":{"raw":{"text":"지원자분만의 설득 능력이 있다면 어 어떤 것인지 말씀해 주세요","wordCount":9},"emotion":[],"intent":[]},"answer":{"raw":{"text":"아 영업을 하다 보면 설득이 필요한 순간이 있는데 그 부분에 대해서는 어 설득이 필요한 순간 아니라 매 순간이 설득이 필요할 것 같습니다. 설득이라는 거는 결국은 그 상대방에 대해서 마음을 얻는다고 생각하는데 그런 소통하는 능력이 필요할 것 같습니다. 항상 그 나는 너에게 고객에게 어 해주고 싶었다 나는 너에게 최대한 써비스를 해주고 싶다 이런 모습을 보이고 그런 느낌을 준다고 하면은 고객은 당연히 설득이 될 겁니다. 고객을 설득하는데 이렇게 내가 너에게 주고 싶다 이런 느낌을 받지 못한다면 고객을 설득하는 데 있어서 뭐 친구를 사귀는 것도 아니고 고객을 설득하는 거기 때문에 그런 부분에 있어서는 그런 것들이 중요할 거 같습니다. 그래서 그런 경험을 또 많이 해 봤고 많이 상대해 봤기 때문에 그런 것들에 대해서는 저만의 노하우가 또 갖고 있습니다. 이 말로 표현하지 못하는 그런 노하우가 있는데 그런 것들을 잘 조화롭게 이룬다면 어 부족함 없이 어 설득이 돼서 영업을 하는데 지장이 없을 것 같습니다. 네 이상입니다.","wordCount":140},"emotion":[],"intent":[{"text":"항상 그 나는 너에게   고객에게 어 해주고 싶었다 나는 너에게 최대한 써비스를 해주고 싶다 이런 모습을 보이고 그런 느낌을 준다고 하면은 고객은 당연히   설득이 될 겁니다.","expression":"s_pers","category":"attitude"}],"summary":{"text":"영업을 하다 보면 설득이 필요한 순간이 있는데 그 순간보다는 매 순간 설득이 필요할 것 같습니다. 설득이란 결국 상대방에 대해서 마음을 얻는 것이라고 생각하는데 그런 소통 능력이 필요할 것 같습니다. 고객을 설득하는데 이런 느낌을 받지 못하면 설득하는 데 있어서 중요한 부분이 될 것 같고, 이런 경험을 많이 해 봤기 때문에 노하우가 또 있습니다.","wordCount":52}}},"rawDataInfo":{"question":{"fileFormat":"wav","fileSize":300878,"duration":9400,"samplingBit":16,"channelCount":1,"samplingRate":"16kHz","audioPath":"/Mock/02.SalesMarketing/Male/Experienced/ckmk_q_sm_m_e_145361.wav"},"answer":{"fileFormat":"wav","fileSize":2617358,"duration":81790,"samplingBit":16,"channelCount":1,"samplingRate":"16kHz","audioPath":"/Mock/02.SalesMarketing/Male/Experienced/ckmk_a_sm_m_e_145361.wav"}}}