{"version":"1.0","dataSet":{"info":{"date":"20230116","occupation":"SM","channel":"MOCK","place":"ONLINE","gender":"MALE","ageRange":"35-44","experience":"EXPERIENCED"},"question":{"raw":{"text":"역사 속 가장 존경하는 인물을 말씀해 주시고 그 인물을 가장 존경하는 이유에 대해 말씀해 주세요","wordCount":15},"emotion":[],"intent":[]},"answer":{"raw":{"text":"제가 역사 속에서 가장 존경하는 인물은 바로 이순신 장군님입니다. 영화 명량이나 한산을 보셔서 아시겠지만 그 부분에 보면 이순신 장군님은 그 척박하고 힘든 해군들의 자원이 없음에도 이 임진왜란 때 일본인들과 싸워서 그들을 전부 다 물리치고 우리나라의 바다를 지켜내신 분입니다. 저는 항상 불 그럼에도 불구하고 참 좋아합니다. 이랬음에도 불구하고 어떤 일을 해결할 수 있다는 것은 그 사람의 의지와 능력이 따르는 것입니다. 이순신 장군님을 보면 열 두 척의 배를 가지고 명량 대전에서 수백 척이 넘는 일본 왜구들을 물리치는 엄청난 전술을 볼 수 있습니다. 그런 장군이나 뛰어난 리더들을 보면 항상 고민이 많고 어떻게 전략을 세울 것인가 한정된 자원을 가지고 어떻게 활용하여 이 시장에서 승부할 것인가 돈은 또는 이 전장에서 승리할 것인가를 고민합니다. 저는 그런 리더로서 어떻게 하면 이 프로젝트에서 성공할 수 있을까 어떻게 하면 이 시장에서 살아남을 수 있을까를 항상 고민하는 문제 해결형 뛰어난 리더가 되기 위해서 항상 이순신 장군님의 그런 뛰어난 전술과 절 전략에 대해서 공부하고 있습니다.","wordCount":144},"emotion":[{"text":"제가 역사 속에서 가장 존경하는 인물은 바로 이순신 장군님입니다.","expression":"p-affection","category":"positive"}],"intent":[{"text":"","expression":"","category":"attitude"}],"summary":{"text":"이순신 장군님은 척박하고 힘든 해군들의 자원이 없음에도 임진왜란 때 일본인들과 싸워서 그들을 전부 다 물리치고 우리나라의 바다를 지켜내신 분입니다. 이런 장군이나 뛰어난 리더들을 보면 항상 고민이 많고 어떻게 전략을 세울 것인가 한정된 자원을 가지고 어떻게 활용하여 시장에서 승부할 것인가를 고민합니다. 문제 해결형 뛰어난 리더가 되기 위해 이순신 장군님의 전술과 전략에 대해서 공부하고 있습니다.","wordCount":53}}},"rawDataInfo":{"question":{"fileFormat":"wav","fileSize":288398,"duration":9010,"samplingBit":16,"channelCount":1,"samplingRate":"16kHz","audioPath":"/Mock/02.SalesMarketing/Male/Experienced/ckmk_q_sm_m_e_191514.wav"},"answer":{"fileFormat":"wav","fileSize":2619598,"duration":81860,"samplingBit":16,"channelCount":1,"samplingRate":"16kHz","audioPath":"/Mock/02.SalesMarketing/Male/Experienced/ckmk_a_sm_m_e_191514.wav"}}}