{"version":"1.0","dataSet":{"info":{"date":"20230116","occupation":"SM","channel":"MOCK","place":"ONLINE","gender":"MALE","ageRange":"-34","experience":"EXPERIENCED"},"question":{"raw":{"text":"그동안 경력을 보니 영업을 오랫동안 해오셨는데 영업을 할 때에 본인만의 필살기가 있다면 그 사례와 함께 말씀해 주시겠습니까","wordCount":17},"emotion":[],"intent":[]},"answer":{"raw":{"text":"영업을 할 때 저의 필살기는 마무리 멘트입니다. 저는 고객들에게 제품이나 서비스를 판매할 때 마무리 멘트로 질문을 하지 않습니다. 그 전에 제품이나 서비스에 대해서 충분히 설명을 하고 마지막 멘트는 이 제품이나 서비스를 사세요 라고 이야기합니다. 잘못 영업을 하시는 분들은 사실래요 라고 질문 형으로 이야기를 하는데 이렇게 하는 것보다 사세요 라고 끊어서 이야기 해주는 것이 제품이나 서비스를 판매하는데 더 효과적이었다고 생각합니다.","wordCount":59},"emotion":[],"intent":[{"text":"","expression":"","category":"attitude"}],"summary":{"text":"영업을 할 때 저의 필살기는 마무리 멘트입니다. 저는 고객들에게 제품이나 서비스를 판매할 때 마무리로 질문을 하지 않습니다. 그 전에 제품이나 서비스에 대해서 충분히 설명을 하고 마지막은 제품이나서비스를 사시요 라고 이야기 합니다. ","wordCount":31}}},"rawDataInfo":{"question":{"fileFormat":"wav","fileSize":400718,"duration":12520,"samplingBit":16,"channelCount":1,"samplingRate":"16kHz","audioPath":"/Mock/02.SalesMarketing/Male/Experienced/ckmk_q_sm_m_e_240062.wav"},"answer":{"fileFormat":"wav","fileSize":1988238,"duration":62130,"samplingBit":16,"channelCount":1,"samplingRate":"16kHz","audioPath":"/Mock/02.SalesMarketing/Male/Experienced/ckmk_a_sm_m_e_240062.wav"}}}