{"version":"1.0","dataSet":{"info":{"date":"20230116","occupation":"SM","channel":"MOCK","place":"ONLINE","gender":"MALE","ageRange":"35-44","experience":"EXPERIENCED"},"question":{"raw":{"text":"본인의 경험 중에 고객의 불만이나 클레임을 해결한 경험이 있다면 어땠었는지 말씀해 주세요","wordCount":12},"emotion":[],"intent":[]},"answer":{"raw":{"text":"팔 년 전에 제가 어떤 대학 병원에 비싼 엑스레이 장비를 납품하고 설치해서 운영했던 적이 있습니다. 하지만 그 장비는 희한하게도 제가 테스트 했을 때는 멀쩡하게 잘 되다가 고객들이 사용할 때는 이유 없이 됐다 안됐다 하는 간헐적인 오류가 발생했습니다. 저는 처음에 사용자의 업무 부족 또는 사 사용자의 숙지 부족 작동 장비 부족으로 알고 있었습니다. 그런데 어느 날부턴가 사용자들이 동영상을 찍어서 저한테 보냈을 때 분명히 문제가 있는 것이 발견되었습니다. 저는 한 걸음에 해당 사이트에 달려가서 장비가 무엇이 문제인지 지속적으로 확인을 했습니다. 그러니까 며칠 지나니까 실제적으로 장비가 됐다 안 됐다 하는 간헐적인 오류가 발생했고 고객들은 당장 장비를 바꾸고 쌔 것으로 갖고 오라고 했습니다. 하지만 그 장비는 한 대당 이 억이 넘는 장비로서 스페인에서 수입해서 갖고 온 장비로 다시 그 장비를 고치거나 다시 그 본사로 보내는 것은 쉽지 않은 일이었습니다. 그때 제가 삼 박 사 일 동안 팀원들과 프로젝트를 만들어서 어떻게 하면 이 장비의 문제점이 뭔지를 해결하는 것을 계속적으로 노력하고 발견하여 결국은 삼 박 사 일 마지막 날 고객들이 안 되면 바꾸라고 했던 날 그 문제를 점을 찾아서 명확하게 고치고 지금은 아직도 잘 쓰고 있습니다.","wordCount":170},"emotion":[{"text":"그때 제가 삼 박 사 일 동안 팀원들과 프로젝트를 만들어서 어떻게 하면 이 장비의 문제점이 뭔지를 해결하는 것을   계속적으로 노력하고 발견하여 결국은 삼 박 사 일 마지막 날 고객들이 안 되면 바꾸라고 했던 날 그 문제를 점을 찾아서   명확하게 고치고 지금은 아직도 잘 쓰고 있습니다.","expression":"u-fact","category":"neutral"}],"intent":[{"text":"","expression":"","category":"attitude"}],"summary":{"text":"팔 년 전 병원에 비싼 엑스레이 장비를 납품하고 설치해서 운영했던 적이 있습니다. 그런데 고객들이 사용할 때는 이유 없이 됐다 안됐다 하는 간헐적 오류가 발생했습니다. 그래서 제가 삼 박 사 일 동안 팀원들과 프로젝트를 만들어서 어떻게 하면 이 장비의 문제점이 뭔지를 해결하고 결국 마지막 날 문제를 명확하게 고치고 지금까지 잘 쓰고 있습니다.","wordCount":51}}},"rawDataInfo":{"question":{"fileFormat":"wav","fileSize":581198,"duration":18160,"samplingBit":16,"channelCount":1,"samplingRate":"16kHz","audioPath":"/Mock/02.SalesMarketing/Male/Experienced/ckmk_q_sm_m_e_195785.wav"},"answer":{"fileFormat":"wav","fileSize":2776398,"duration":86760,"samplingBit":16,"channelCount":1,"samplingRate":"16kHz","audioPath":"/Mock/02.SalesMarketing/Male/Experienced/ckmk_a_sm_m_e_195785.wav"}}}