{"version":"1.0","dataSet":{"info":{"date":"20230116","occupation":"SM","channel":"MOCK","place":"ONLINE","gender":"MALE","ageRange":"35-44","experience":"EXPERIENCED"},"question":{"raw":{"text":"어 이전 직장에서 퇴사하셨잖아요 어 그 퇴사한 것을 후회한 적이 있으신지 궁금하고 있다면 왜인지도 이유를 함께 설명해 주세요","wordCount":18},"emotion":[],"intent":[]},"answer":{"raw":{"text":"이직을 했을 때 후회를 하는 경험이 저 말고도 다른 사람들에게 많이 나타난다고 합니다. 인사 담당자들 오백 명이 조사한 내용에 의하면 이직한 사람들 칠십 오 퍼센트가 전 직장으로 돌아가고 싶어 한다거나 이직한 것을 굉장히 후회한다고 합니다. 그 이유는 전에 직장에 있던 사람 또는 상사 또는 회사 시스템 체계들이 마음에 안 들어서 연봉을 조금 더 받고 이직을 했지만 실제 막상 다른 회사를 가 보니 업무의 양 시스템의 빈곤 부재 또는 집단 이기주의 왕따 이런 것들이 너무 자신을 괴롭힌다고 합니다. 저 역시도 전 회사의 불성실하고 저 성과자들도 많고 타성에 젖은 사람들도 많고 회사 자체에 성장이 둔화되어 앞으로 미래가 보이지 않아 새로운 회사로 이직을 하게 됐는데 새로운 회사 또한 보이지 않는 타성에 젖은 고인 물 및 부정적인 시각과 회의적인 시각을 가진 사람들이 상당히 많았다는 것입니다. 그리고 실제로 제가 조사했던 회사 자체의 매출도 어느 정도 부풀려진 내용이고 비전도 볼 수가 없었습니다. 이렇게 되는 경우 차라리 전 회사를 계속 오래 다닐 걸 그러면서 조금 더 신중하게 생각을 하고 쪼금 더 좋은 회사를 찾을 걸 이라고 생각하면서 역시 구관이 명관이다 라는 말을 되돌릴 수 밖에 없었습니다.","wordCount":169},"emotion":[],"intent":[{"text":"","expression":"","category":"attitude"}],"summary":{"text":"이직에 대한 후회 경험은 저 말고도 다른 사람들에게 많이 나타납니다. 인사 담당자들에 의하면 이직한 사람들의 칠십 오 퍼센트가 전 직장으로 돌아가고 싶어 한다거나 이직한 것을 후회한다고 합니다. 업무 양 시스템의 빈곤 부재 또는 집단 이기주의 왕따 등이 자신을 괴롭힙니다. 저 역시도 전 회사의 불성실하고 성과자들도 많고 타성에 젖은 사람들도 많아 새로운 회사로 이직을 하게 됐는데 새로운 회사 또한 부정적 시각과 회의적인 시각을 가진 사람들이 많습니다.","wordCount":65}}},"rawDataInfo":{"question":{"fileFormat":"wav","fileSize":490318,"duration":15320,"samplingBit":16,"channelCount":1,"samplingRate":"16kHz","audioPath":"/Mock/02.SalesMarketing/Male/Experienced/ckmk_q_sm_m_e_178722.wav"},"answer":{"fileFormat":"wav","fileSize":2721038,"duration":85030,"samplingBit":16,"channelCount":1,"samplingRate":"16kHz","audioPath":"/Mock/02.SalesMarketing/Male/Experienced/ckmk_a_sm_m_e_178722.wav"}}}