{"version":"1.0","dataSet":{"info":{"date":"20230116","occupation":"SM","channel":"MOCK","place":"ONLINE","gender":"MALE","ageRange":"45-54","experience":"EXPERIENCED"},"question":{"raw":{"text":"마케팅 용어라 하면은 여러 종류의 용어가 떠오르죠 지원자님이 알고 있는 마케팅 용어를 그중에 한 가지를 선정해 주시고 사례와 함께 의미를 설명해 주시겠습니까","wordCount":22},"emotion":[],"intent":[]},"answer":{"raw":{"text":"마케팅 용어요. 이거는 이거는 저는 이제 직원들한테 들었던 클릭이요 클릭. 클릭하는 거 네 이게 찾아서 검색하고 찾아서 아니면 뭐 검색이 아니더라도 뭘 볼 때 조회해서 클릭해서 보는 그 조회수 같은 그런 거를 들은 적이 있어요. 그게 지금 바로 생각나는 뭐 제가 많이 알지를 못해서 근데. 뭐 저부터도 뭐 그런 거 있잖아요. 동영상 볼 때도 그 맨날 그거 홍보할 때 뭐 좋아요 구독 뭐 댓글 알림 뭐 이런 거 하는 거 그래서 구독 같은 경우가 아닐까요 그게. 이렇게 구독을 해서 구독을 하면 그 사람이 그 영상을 새로 올릴 때마다 뜨고 그럼 자연스럽게 누르게 되고 내가 이미 구독을 한 건 관심이 있는 거니까 그런 자연스러운 흐름으로 이루어지도록 되는 그 구조니까 그 시스템이 그래서 그 클릭수가 그런 거를 나타내는 게 아닐까요.","wordCount":118},"emotion":[],"intent":[{"text":"","expression":"","category":"attitude"}],"summary":{"text":"마케팅 용어 중의 하나가 클릭입니다. 클릭을 하면 사람들이 그 영상에 관심을 갖는다는 자연스런 흐름이 나타나는데, 이런 시스템이 그래서 클릭수가 그런 것을 나타내는 것입니다.","wordCount":23}}},"rawDataInfo":{"question":{"fileFormat":"wav","fileSize":536078,"duration":16750,"samplingBit":16,"channelCount":1,"samplingRate":"16kHz","audioPath":"/Mock/02.SalesMarketing/Male/Experienced/ckmk_q_sm_m_e_160382.wav"},"answer":{"fileFormat":"wav","fileSize":2770638,"duration":86580,"samplingBit":16,"channelCount":1,"samplingRate":"16kHz","audioPath":"/Mock/02.SalesMarketing/Male/Experienced/ckmk_a_sm_m_e_160382.wav"}}}