{"version":"1.0","dataSet":{"info":{"date":"20230116","occupation":"SM","channel":"MOCK","place":"ONLINE","gender":"MALE","ageRange":"55-","experience":"EXPERIENCED"},"question":{"raw":{"text":"본인이 그동안 인생에서 겪었던 갈등들 중 가장 심각했던 갈등은 무엇인가요 한 가지만 골라서 말씀해 주실 수 있으실까요","wordCount":17},"emotion":[],"intent":[]},"answer":{"raw":{"text":"직장 생활을 하면서 직장 내에서 인정을 받는 것이 먼저 인가 아니면 직장 생활을 하면서 동시에 학업까지 두 마리 토끼를 잡을 수 있는가 이런 두 가지 고민을 가장 심각하게 했던 것 같습니다. 결국은 학업을 포기하고 직장 생활만 계속했고 한 우물만 파게 되었습니다.","wordCount":41},"emotion":[],"intent":[{"text":"","expression":"","category":"attitude"}],"summary":{"text":"학업을 포기하고 직장 생활만 계속했고 한 우물만 파게 되었지만 직장 내에서 인정받는 것이 먼저인가 학업까지 두 마리 토끼를 잡을 수 있는가 고민했습니다.","wordCount":22}}},"rawDataInfo":{"question":{"fileFormat":"wav","fileSize":411918,"duration":12870,"samplingBit":16,"channelCount":1,"samplingRate":"16kHz","audioPath":"/Mock/02.SalesMarketing/Male/Experienced/ckmk_q_sm_m_e_210940.wav"},"answer":{"fileFormat":"wav","fileSize":1571918,"duration":49120,"samplingBit":16,"channelCount":1,"samplingRate":"16kHz","audioPath":"/Mock/02.SalesMarketing/Male/Experienced/ckmk_a_sm_m_e_210940.wav"}}}