{"version":"1.0","dataSet":{"info":{"date":"20230116","occupation":"SM","channel":"MOCK","place":"ONLINE","gender":"MALE","ageRange":"-34","experience":"EXPERIENCED"},"question":{"raw":{"text":"만약 지원자님의 직무에 맞지 않는 일을 하시게 된다면 어떻게 하시겠습니까 괜찮으실까요","wordCount":11},"emotion":[],"intent":[]},"answer":{"raw":{"text":"네 저는 당장 직무에 맞지 않는 일을 하게 된다고 해도 괜찮다고 생각을 합니다. 그 이유는 이 회사는 본인의 직무에 맞지 않는 일을 하다가도 다른 직무로 직무를 전환할 수 있는 시스템이 갖춰져 있다고 알고 있습니다. 그래서 당장에 직무에 맞지 않는다고 해도 앞으로 일 년 이 년이 지났을 때는 제가 원하는 직무로 전환을 할 수 있기 때문에 저는 괜찮다고 생각을 합니다. 뿐만 아니라 어 당장에 제가 직무에 맞지 않아서 힘들 수도 있지만 이 부분이 어 제 자신을 성장시키고 나아가서 회사의 이익에도 도움이 된다 라고 생각하기 때문에 당장 지금만 보는 것이 아니라 향후 일 년 나아가서 오 년 십 년을 바라보고 한다면 어 충분히 괜찮다 감사할 수 있는 부분이다 라고 생각합니다.","wordCount":108},"emotion":[],"intent":[{"text":"","expression":"","category":"attitude"}],"summary":{"text":"이 회사는 직무에 맞지 않는 일을 하다가도 다른 직무로 전환할 수 있는 시스템이 갖춰져 있습니다. 이것이 제 자신을 성장시키고 나아가서 회사의 이익에도 도움이 된다고 생각하기 때문에 앞으로도 충분히 괜찮다고 생각합니다.","wordCount":30}}},"rawDataInfo":{"question":{"fileFormat":"wav","fileSize":462478,"duration":14450,"samplingBit":16,"channelCount":1,"samplingRate":"16kHz","audioPath":"/Mock/02.SalesMarketing/Male/Experienced/ckmk_q_sm_m_e_192260.wav"},"answer":{"fileFormat":"wav","fileSize":2414158,"duration":75440,"samplingBit":16,"channelCount":1,"samplingRate":"16kHz","audioPath":"/Mock/02.SalesMarketing/Male/Experienced/ckmk_a_sm_m_e_192260.wav"}}}