{"version":"1.0","dataSet":{"info":{"date":"20230116","occupation":"SM","channel":"MOCK","place":"ONLINE","gender":"MALE","ageRange":"-34","experience":"EXPERIENCED"},"question":{"raw":{"text":"어 지원자님께서 그동안 살면서 어 많은 갈등을 겪으셨을 것이라고 생각을 하는데요 그 그러한 갈등들 갈등 갈등들 중에서 가장 심각했던 갈등을 말씀해 주세요","wordCount":22},"emotion":[],"intent":[]},"answer":{"raw":{"text":"제가 살면서 가장 기억에 남는 갈등은 이 전 직장에서 고객과 겪었던 갈등입니다. 그 고객은 흔히 우리가 갑질 고객이라고 하는 고객이었습니다. 아침이나 저녁이나 새벽이나 시도 때도 없이 저에게 전화를 걸어서 무리한 요구를 하는 고객이었는데요. 이런 고객이 있음으로써 일을 하는데 지장이 있었습니다. 이 고객을 어떻게 하면 대처할 수 있을까 라고 생각한 결과 이 고객에게 저의 느끼는 감정을 솔직하게 이야기를 하고 이런 무리한 요구는 하지 않았으면 좋겠다 라는 식으로 잘 설명을 해서 그 고객과 갈등을 풀 수가 있었습니다. 제가 이 회사에 입사를 해서 이런 일이 또 발생한다면 조금 더 현명한 방법으로 대처를 하도록 하겠습니다.","wordCount":91},"emotion":[],"intent":[{"text":"이 고객을 어떻게 하면 대처할 수 있을까 라고 생각한 결과 이 고객에게 저의 느끼는 감정을 솔직하게 이야기를 하고 이런 무리한 요구는 하지 않았으면 좋겠다 라는 식으로 잘 설명을 해서 그 고객과 갈등을 풀 수가 있었습니다.","expression":"s_pers","category":"attitude"}],"summary":{"text":"갑질 고객이라는 고객의 무리한 요구에 대처하기 위해 감정을 솔직하게 이야기를 하고 무리한 요구는 하지 않았으면 좋겠다 라는 식으로 잘 설명을 해서 갈등을 풀 수가 있었습니다.","wordCount":25}}},"rawDataInfo":{"question":{"fileFormat":"wav","fileSize":481358,"duration":15040,"samplingBit":16,"channelCount":1,"samplingRate":"16kHz","audioPath":"/Mock/02.SalesMarketing/Male/Experienced/ckmk_q_sm_m_e_211859.wav"},"answer":{"fileFormat":"wav","fileSize":2396238,"duration":74880,"samplingBit":16,"channelCount":1,"samplingRate":"16kHz","audioPath":"/Mock/02.SalesMarketing/Male/Experienced/ckmk_a_sm_m_e_211859.wav"}}}