{"version":"1.0","dataSet":{"info":{"date":"20230116","occupation":"SM","channel":"MOCK","place":"ONLINE","gender":"MALE","ageRange":"35-44","experience":"EXPERIENCED"},"question":{"raw":{"text":"지원자님께서 지금부터 삼 년 뒤까지 즉 삼 년 이내로 주요 성장 계획이나 목표가 있으신가요 이러한 목표가 있다면 무엇인지 말씀해 주시겠습니까","wordCount":20},"emotion":[],"intent":[]},"answer":{"raw":{"text":"삼 년 내에 저는 다른 중소기업의 핵심 기술을 가지고 이 회사를 더 성장시킬 것입니다. 그러기 위해서는 엠오유를 맺거나 아니면 전략적인 또는 적대적인 엠엔에이를 해야 합니다. 그러기 위해서는 제가 가지고 있는 업무의 추진성 빅데이터 머신 러닝 딥 러닝에 대한 기술력을 가지고 엠엔에이를 어떻게 할 건지에 대한 티에프티를 만들어야 될 것 같습니다. 삼 년 안에 우수한 기술을 가진 중소기업을 엠엔에이하여 그 기술을 가지고 공장 자동화를 만들고 공장 자동화를 통해서 완벽한 에이아이가 탑재된 생산 라인을 설비할 것입니다.","wordCount":74},"emotion":[],"intent":[{"text":"","expression":"","category":"attitude"}],"summary":{"text":"저는 다른 중소기업의 핵심 기술을 가지고 회사를 더 성장시킬 것입니다. 이를 위해 전략적인 또는 적대적인 엠엔에이를 해야 합니다. 그 기술을 가지고 공장 자동화를 만들고 완벽한 생산 라인을 설비할 것입니다.","wordCount":29}}},"rawDataInfo":{"question":{"fileFormat":"wav","fileSize":627278,"duration":19600,"samplingBit":16,"channelCount":1,"samplingRate":"16kHz","audioPath":"/Mock/02.SalesMarketing/Male/Experienced/ckmk_q_sm_m_e_184582.wav"},"answer":{"fileFormat":"wav","fileSize":1370318,"duration":42820,"samplingBit":16,"channelCount":1,"samplingRate":"16kHz","audioPath":"/Mock/02.SalesMarketing/Male/Experienced/ckmk_a_sm_m_e_184582.wav"}}}