{"version":"1.0","dataSet":{"info":{"date":"20230116","occupation":"SM","channel":"MOCK","place":"ONLINE","gender":"MALE","ageRange":"35-44","experience":"EXPERIENCED"},"question":{"raw":{"text":"사피의 의미와 엘지전자의 마케팅 전략을 사피 측면에서 구체적으로 한번 지원자님께서 설명해 보시기 바랍니다","wordCount":13},"emotion":[],"intent":[]},"answer":{"raw":{"text":"마케팅에서의 포피는 프로덕트 상품의 선 선정 프라이스 가격의 설정 플레이스 상품 유통의 경로 그리고 마지막으로 우리가 잘 알고 있는 광고 판매 전략 촉진 프로모션이 있습니다. 이것은 마케팅에 기본적인 전략으로서 엘지 전자는 많은 사람들에게 백색 가전에 글로벌 최첨단 회사라는 것으로 인식을 하게끔 만들고 특히나 광고나 이런 것들은 사람들에게 꼭 필요한 전 엘지 전자 제품을 사야 한다 라는 그런 광고를 많이 합니다. 특히나 살림을 많이 하는 주부들에게 엘지 전자에 깨끗하고 안정적인 이미지는 하나쯤은 갖고 싶은 물품으로 인지하게 만들었고요. 특히나 상품의 경로는 엘지 베스트 샵이나 또는 하이마트 백화점과 같은 고가의 제품을 판매하는 전자제품 매장에서 운영이 되고 있습니다. 상품은 다이슨이나 일렉트로록스 또는 삼성전자보다는 약간 십 퍼센트에서 오 퍼센트 더 저렴한 가격을 운영하고 있고 상품에 선정은 항상 백색 가전 또는 주부들 살림하는 사람들에게 필요한 티비 냉장고 세탁기 건조기 스타일러 같은 것들을 운영하고 있습니다.","wordCount":128},"emotion":[{"text":"마케팅에서의 포피는 프로덕트 상품의 선 선정 프라이스 가격의 설정 플레이스 상품 유통의 경로   그리고 마지막으로 우리가 잘 알고 있는 광고 판매 전략 촉진   프로모션이 있습니다.","expression":"u-fact","category":"neutral"}],"intent":[{"text":"","expression":"","category":"attitude"}],"summary":{"text":"마케팅에서의 포피는 프로덕트 상품의 선정, 프라이스 가격의 설정, 플레이스 상품, 유통의 경로 그리고 광고 판매 전략 촉진 프로모션이 있습니다. 마케팅 전략으로서 엘지 전자는 백색 가전에 글로벌 최첨단 회사라는 인식을 하게끔 만들고 특히 살림을 많이 하는 주부들에게 엘지 전자에 깨끗하고 안정적인 이미지는 하나쯤은 갖고 싶은 물품으로 인지하게 만들었습니다.","wordCount":47}}},"rawDataInfo":{"question":{"fileFormat":"wav","fileSize":368078,"duration":11500,"samplingBit":16,"channelCount":1,"samplingRate":"16kHz","audioPath":"/Mock/02.SalesMarketing/Male/Experienced/ckmk_q_sm_m_e_197371.wav"},"answer":{"fileFormat":"wav","fileSize":2684238,"duration":83880,"samplingBit":16,"channelCount":1,"samplingRate":"16kHz","audioPath":"/Mock/02.SalesMarketing/Male/Experienced/ckmk_a_sm_m_e_197371.wav"}}}