{"version":"1.0","dataSet":{"info":{"date":"20230116","occupation":"SM","channel":"MOCK","place":"ONLINE","gender":"MALE","ageRange":"-34","experience":"EXPERIENCED"},"question":{"raw":{"text":"지원자분께서 이와 같은 직무에 지원한 이유가 무엇인지 이야기해 주시면 좋겠고 본인이 이 직무에 왜 적합한 인재라고 생각하시는지에 대해서도 설명해 주신다면 좋겠습니다","wordCount":21},"emotion":[],"intent":[]},"answer":{"raw":{"text":"제가 기획 전략 팀에 지원한 이유는 이 회사와 미래를 함께 하고 싶기 때문입니다. 기획을 어떻게 하는지 그리고 전략을 어떻게 세우는지에 따라서 기업의 미래가 백 팔십 도 바뀔 수 있다 라고 생각합니다. 그래서 제가 내는 아이디어들과 전략을 가지고 이 회사의 미래를 함께 하고 싶습니다. 그러기 위해서 제가 이 전에 회사에서도 기획 전략팀을 맡아서 일을 했던 경험이 있습니다. 이 전에 회사는 스타트업이었기 때문에 그 회사가 처음부터 그리고 제가 퇴사하기 이전까지 기획부터 전략을 모두 제가 총괄해서 했던 경험을 갖고 있기 때문에 지금 회사에 입사를 하더라도 저의 이런 노하우를 가지고 좋은 성과를 이끌어낼 수 있도록 노력하겠습니다.","wordCount":92},"emotion":[{"text":"그러기 위해서 제가 이 전에 회사에서도 기획 전략팀을 맡아서 일을 했던 경험이 있습니다.","expression":"u-fact","category":"neutral"}],"intent":[{"text":"이 전에 회사는 스타트업이었기 때문에 그 회사가 처음부터 그리고 제가 퇴사하기 이전까지 기획부터 전략을 모두 제가 총괄해서 했던 경험을 갖고 있기 때문에 지금 회사에 입사를 하더라도 저의 이런 노하우를 가지고 좋은 성과를 이끌어낼 수 있도록 노력하겠습니다.","expression":"c_sincere_co","category":"etc"}],"summary":{"text":"기획을 어떻게 하는지, 전략을 어떻게 세우는지에 따라서 기업의 미래가 백 80% 도 바뀔 수 있다 라고 생각합니다. 그래서 제가 내는 아이디어들과 전략을 가지고 이 회사의 미래를 함께 하고 싶습니다.","wordCount":29}}},"rawDataInfo":{"question":{"fileFormat":"wav","fileSize":581198,"duration":18160,"samplingBit":16,"channelCount":1,"samplingRate":"16kHz","audioPath":"/Mock/02.SalesMarketing/Male/Experienced/ckmk_q_sm_m_e_208292.wav"},"answer":{"fileFormat":"wav","fileSize":2194318,"duration":68570,"samplingBit":16,"channelCount":1,"samplingRate":"16kHz","audioPath":"/Mock/02.SalesMarketing/Male/Experienced/ckmk_a_sm_m_e_208292.wav"}}}