{"version":"1.0","dataSet":{"info":{"date":"20230116","occupation":"SM","channel":"MOCK","place":"ONLINE","gender":"MALE","ageRange":"35-44","experience":"EXPERIENCED"},"question":{"raw":{"text":"면접자님이 생각하시는 면접자님 본인의 장점과 단점을 설명해 주시고 그것을 특화시키고 혹은 극복하기 위해 노력했던 것도 함께 말씀 부탁드립니다","wordCount":18},"emotion":[],"intent":[]},"answer":{"raw":{"text":"네 본인의 장점과 단점에 대해서 말씀드리겠습니다. 그래서 그런 부분에 대해서는 어 극복하기 위해서 뭐 또 노력했던 부분까지 해서 한번 말씀드려 보겠습니다. 일단 저의 장점과 단점은 한 가지 입니다. 장점이자 단점인 부분인데 이 주변 사람들에게 많이 들었던 얘기고 제가 느끼는 것 중에서도 하나인데 어 일단 뭐 사람이 여유로워 보인다 운이 좋아 보인다 이런 얘기를 많이 듣고 또 저 본인도 느끼는 것 같습니다. 그래서 이제 어떻게 보면 그게 장점이 될 수 있는 부분은 이제 시간 관리나 뭐 급한 것들을 미리미리 처리하기 때문에 항상 여유로워 보이고 대응할 수 있는 자세를 갖췄다 그런 부분이 이제 장점이 될 수 있을 것 같고 또 그게 반대로 인제 단점이 될 수도 있습니다. 어 한가해 보일 수도 있는 것이고 저 사람은 일을 좀 많이 안 하나 바쁘지가 않아 보이네 이렇게 보일 수도 있기 때문에 그 여유로워 보이는 그런 자세들이 장점이자 단점이 될 수 있을 것 같고 그런 것들을 최대한 부정적으로 보이지 않기 위해서 어 또 할 일은 다 끝내 가면서 성과 있는 그런 모습을 보이도록 하는 게 저만의 극복하는 방법이었습니다. 이상입니다.","wordCount":163},"emotion":[],"intent":[{"text":"","expression":"","category":"attitude"}],"summary":{"text":"주변 사람들에게 많이 들은 얘기 중 하나가 사람이 여유로워 보인다 운이 좋아 보인다 라는 것입니다. 그래서 시간 관리나 급한 것들을 미리처리하기 때문에 여유가 있고 대응을 할 수 있는 장점이 될 수 있고 또 그게 반대로 단점이 될 수도 있습니다. 최대한 할 일은 다 끝내 가면서 성과 있는 모습을 보이도록 하는 게 저만의 극복 방법입니다.","wordCount":54}}},"rawDataInfo":{"question":{"fileFormat":"wav","fileSize":584398,"duration":18260,"samplingBit":16,"channelCount":1,"samplingRate":"16kHz","audioPath":"/Mock/02.SalesMarketing/Male/Experienced/ckmk_q_sm_m_e_184805.wav"},"answer":{"fileFormat":"wav","fileSize":2743118,"duration":85720,"samplingBit":16,"channelCount":1,"samplingRate":"16kHz","audioPath":"/Mock/02.SalesMarketing/Male/Experienced/ckmk_a_sm_m_e_184805.wav"}}}