{"version":"1.0","dataSet":{"info":{"date":"20230116","occupation":"SM","channel":"MOCK","place":"ONLINE","gender":"MALE","ageRange":"35-44","experience":"EXPERIENCED"},"question":{"raw":{"text":"우리 회사에 들어오게 된다면 가장 가고 싶은 부서와 왜 그렇게 그 부서를 생각하셨는지 그 이유를 함께 얘기해 주시기 바랍니다","wordCount":19},"emotion":[],"intent":[]},"answer":{"raw":{"text":"저 같은 경우에는 제가 가진 업무 경험을 바탕으로 지금 현재 영업이나 판매 직무에서 가장 적합한 성향들을 가지고 있다 라고 자신합니다. 예를 들면은 과거 대학교 시절에 저는 여러 가지 아르바이트들을 했었는데요. 그 경험을 통해서 저 같은 경우에는 이제 여러 가지 재정 수단들을 마련했었던 그런 경험들이 있습니다.. 물론 당시에는 굉장히 고되고 힘든 일이었지만 지금 생각해보면 제가 바로 실무에 투입할 수 있을 만큼 좋은 경험들을 해 보았던 저한테는 인생에서 가장 소중했었던 순간 중에 한 번 일 것 같습니다. 그래서 제가 입사를 하게 된다면 제가 과거에 열심히 노력했었던 이런 경험들을 바탕으로 꼭 성과를 낼 수 있는 직원이 되도록 하겠습니다.","wordCount":95},"emotion":[],"intent":[{"text":"예를 들면은 과거 대학교 시절에 저는 여러 가지 아르바이트들을 했었는데요.","expression":"c_private","category":"background"}],"summary":{"text":"업무 경험을 바탕으로 지금 현재 영업이나 판매 직무에서 가장 적합한 성향들을 가지고 있다 라고 자신합니다. 제가 입사를 하게 된다면 과거에 열심히 노력했었던 이런 경험들을 바탕으로 꼭 성과를 낼 수 있는 직원이 되도록 하겠습니다.","wordCount":33}}},"rawDataInfo":{"question":{"fileFormat":"wav","fileSize":619918,"duration":19370,"samplingBit":16,"channelCount":1,"samplingRate":"16kHz","audioPath":"/Mock/02.SalesMarketing/Male/Experienced/ckmk_q_sm_m_e_209575.wav"},"answer":{"fileFormat":"wav","fileSize":2283278,"duration":71350,"samplingBit":16,"channelCount":1,"samplingRate":"16kHz","audioPath":"/Mock/02.SalesMarketing/Male/Experienced/ckmk_a_sm_m_e_209575.wav"}}}