{"version":"1.0","dataSet":{"info":{"date":"20230116","occupation":"SM","channel":"MOCK","place":"ONLINE","gender":"MALE","ageRange":"35-44","experience":"EXPERIENCED"},"question":{"raw":{"text":"스트레스를 받으면 어떻게 하시는지 왜 그런 방법으로 스트레스를 해소하시는지 이유와 함께 말씀해 주세요","wordCount":13},"emotion":[],"intent":[]},"answer":{"raw":{"text":"사람은 누구나 다 스트레스에 시달리게 돼 있습니다. 제가 스트레스를 받을 때 스트레스 해소 방법은 두 가지가 있습니다. 첫 번째는 테니스장에 가서 테니스라는 운동을 하는 것입니다. 테니스를 하게 되면 저의 생체 에너지가 다시 살아나는 것 같고 스트록을 한 번씩 할 때마다 공을 한 번씩 칠 때마다 제 스스로의 스트레스가 조금씩 사라지기 시작합니다. 그리고 집에 와서 따뜻한 물로 샤워를 한 다음에 쇼파에 앉아서 맥주를 한 잔 마시면 이 세상에 모든 근심 걱정이 사라집니다. 두 번째 스트레스 해소법은 바로 명상과 자연의 숲길을 걷기입니다. 우리는 트래킹 또는 그냥 걷기라고 부르는 이 걷기가 뇌 과학자들에 의하면 발바닥에 지속적인 자극을 통해서 뇌가 명상을 함과 동시에 스트레스가 자연스럽게 줄어든다고 합니다. 뇌 과학자들은 그래서 아무 생각 없이 삼십 분 이상 하루에 꼭 한 시간씩이라도 걸으라고 합니다 .그렇게 걷다 보면 저도 모르게 육체적인 피로도 풀리고 뇌의 스트레스가 점점점 줄어들게 됩니다. 가끔 어떤 분들은 피곤해 죽겠는데 밖에 나가서 또 걸어야 되냐 라고 하지만 노동과 운동은 엄연히 다른 영역입니다. 조용한 숲길을 오래 걷다 보면 스트레스가 자연히 해소되는 기분을 분명히 느끼게 되실 겁니다.","wordCount":161},"emotion":[{"text":"우리는 트래킹 또는 그냥 걷기라고 부르는 이 걷기가 뇌 과학자들에 의하면 발바닥에 지속적인 자극을 통해서 뇌가   명상을 함과 동시에 스트레스가 자연스럽게 줄어든다고 합니다.","expression":"u-fact","category":"neutral"}],"intent":[{"text":"","expression":"","category":"attitude"}],"summary":{"text":"스트레스 해소법은 테니스를 하거나 명상과 자연의 숲길을 걷는 것 두 가지가 있습니다. 노동과 운동은 엄연히 다른 영역입니다. 조용한 숲길을 오래 걷다 보면 스트레스가 자연히 해소되는 기분을 분명히 느끼게 되실 것입니다.","wordCount":30}}},"rawDataInfo":{"question":{"fileFormat":"wav","fileSize":318798,"duration":9960,"samplingBit":16,"channelCount":1,"samplingRate":"16kHz","audioPath":"/Mock/02.SalesMarketing/Male/Experienced/ckmk_q_sm_m_e_185503.wav"},"answer":{"fileFormat":"wav","fileSize":2817998,"duration":88060,"samplingBit":16,"channelCount":1,"samplingRate":"16kHz","audioPath":"/Mock/02.SalesMarketing/Male/Experienced/ckmk_a_sm_m_e_185503.wav"}}}