{"version":"1.0","dataSet":{"info":{"date":"20230116","occupation":"SM","channel":"MOCK","place":"ONLINE","gender":"MALE","ageRange":"-34","experience":"EXPERIENCED"},"question":{"raw":{"text":"살면서 다양한 커뮤니케이션을 경험해 봤을 텐데 그중 가장 어려웠던 경험 한 가지만 말씀해 주세요","wordCount":14},"emotion":[],"intent":[]},"answer":{"raw":{"text":"제가 현장직에서 일했을 때 경험이었습니다. 현장직에 현장직에 있을 때 물건이 들어와서 그 물건을 저희 창고에 이렇게 쌓는 과정을 해야 하는 그런 장소였어요. 그런 장소에서 이 커뮤니케이션을 해야 할 일이 있었어요. 이 물건을 어디다 둬야 할지 같이 일하는 우리 동료들에게 내가 물어봤어야 하는 상황이었었어요. 근데 그때 저는 지게 차를 타고 있었습니다. 상대방도 지게차를 타고 있었고 그러다보니까 이거 물건을 어디다 놔야 하나 물어봤는데 그 장소의 지게차의 소음과 큰 트럭의 소음과 장소 자체의 소음이 너무 크다 보니까 말하는 것이 잘 들리지가 않았었어요. 그래서 저는 더 크게 말할 수 밖에 없었고 더 크게 말하니까 그 사람은 제가 본인한테 화를 내는 줄 알고 있었더라고요. 그래서 상대방도 그쪽에서 저한테 화를 내더라고요. 근데 알고 보니까 그 사람은 저한테 화를 냈던 게 아니었어요. 더 크게 얘기해 가지고 제가 원하고자 하는 답을 그쪽에서 얘기해 주는 거였는데 너무 주변 소음이 시끄럽다 보니까 정확한 소통이 하기가 어려웠던 것 그게 제가 가장 어려웠던 경험인 것 같습니다.","wordCount":144},"emotion":[],"intent":[{"text":"","expression":"","category":"attitude"}],"summary":{"text":"현장직에서 일했을 때, 물건을 창고에 쌓는 과정을 해야 하는 장소에서 커뮤니케이션을 해야 할 일이 있었습니다. 물건을 어디에 둬야 할지 동료들에게 물어봤어야 했는데, 지게차를 타고 있었기 때문에 더 크게 말할 수 밖에 없었습니다. 더 크게 말해 가지고 제가 원하고자 하는 답을 쪽에서는 정확히 소통을 하기가 어려웠던 것이 가장 어려웠던 경험입니다.","wordCount":49}}},"rawDataInfo":{"question":{"fileFormat":"wav","fileSize":307278,"duration":9600,"samplingBit":16,"channelCount":1,"samplingRate":"16kHz","audioPath":"/Mock/02.SalesMarketing/Male/Experienced/ckmk_q_sm_m_e_199455.wav"},"answer":{"fileFormat":"wav","fileSize":2856398,"duration":89260,"samplingBit":16,"channelCount":1,"samplingRate":"16kHz","audioPath":"/Mock/02.SalesMarketing/Male/Experienced/ckmk_a_sm_m_e_199455.wav"}}}