{"version":"1.0","dataSet":{"info":{"date":"20230116","occupation":"SM","channel":"MOCK","place":"ONLINE","gender":"MALE","ageRange":"-34","experience":"EXPERIENCED"},"question":{"raw":{"text":"어 본인이 생각하기에 본인이 다른 사람에 비해서 가지고 있는 차별성이나 장점이 있으시다면 어떤 것들인지 어필해 주시기를 바랍니다","wordCount":17},"emotion":[],"intent":[]},"answer":{"raw":{"text":"저만이 가진 차별성은 의사소통 능력이라고 생각합니다. 저는 남들보다 커뮤니케이션 능력이 뛰어나다고 생각합니다. 누구를 언제 만나더라도 분위기를 좋게 풀어나갈 수 있고 대화를 끊임없이 이어나갈 수 있습니다. 영업 사원은 처음 보는 고객들을 만나서 제품이나 서비스를 판매해야 하는 경우가 많이 있습니다. 이런 부분에 있어서 활발한 성격과 커뮤니케이션 능력은 필수라고 생각합니다. 이 부분에 있어서 저의 의사소통 능력이 굉장히 큰 도움이 될 것이라고 생각하고 나아가서 회사의 이익에 큰 보탬이 될 것이라고 생각합니다.","wordCount":67},"emotion":[],"intent":[{"text":"","expression":"","category":"attitude"}],"summary":{"text":"영업 사원은 처음 보는 고객들을 만나 제품이나 서비스를 판매해야 하는 경우가 많이 있습니다. 이런 부분에 있어서 활발한 성격과 커뮤니케이션 능력은 필수입니다. 의사소통 능력이 회사 이익에 큰 보탬이 될 것입니다.","wordCount":29}}},"rawDataInfo":{"question":{"fileFormat":"wav","fileSize":420878,"duration":13150,"samplingBit":16,"channelCount":1,"samplingRate":"16kHz","audioPath":"/Mock/02.SalesMarketing/Male/Experienced/ckmk_q_sm_m_e_240058.wav"},"answer":{"fileFormat":"wav","fileSize":2117198,"duration":66160,"samplingBit":16,"channelCount":1,"samplingRate":"16kHz","audioPath":"/Mock/02.SalesMarketing/Male/Experienced/ckmk_a_sm_m_e_240058.wav"}}}