{"version":"1.0","dataSet":{"info":{"date":"20230116","occupation":"SM","channel":"MOCK","place":"ONLINE","gender":"MALE","ageRange":"35-44","experience":"EXPERIENCED"},"question":{"raw":{"text":"본인이 생각했을 때가 아니라 다른 주변 사람들이 생각하는 본인의 단점 그리고 장점을 편하게 말씀해 주시기 바랍니다","wordCount":16},"emotion":[],"intent":[]},"answer":{"raw":{"text":"저에 가장 큰 장점은 바로 업무에 추진력이 뛰어나고 솔루션을 잘 찾고 사람들과 소통을 잘 한다는 것입니다. 소통을 잘한다는 것은 사람들과 어떤 문제가 생겼을 때 타협을 통해서 대안을 찾아가고 그 대안을 통해서 업무에 대한 개선점을 찾아가는 것이었습니다. 특히나 프로젝트를 오십 개가 넘는 걸 맡았을 때 열 명이 넘는 각 각의 팀들을 조율하여 그 팀원들이 어떤 일을 잘하고 어떤 일을 최적화 됐고 어떤 일이 부족한지를 먼저 대화를 통해서 알아 본 다음에 그 대 그 내용에 따라서 적재 적소에 인력을 배치하여 최고의 성과를 낼 수 있는 시너지를 발견하는 것이 가장 큰 장점이었습니다. 때로는 너무 업무 추진을 빠르게 하다보면 사람들이 아 너무 독재자가 아니냐 라는 핀잔을 듣기도 하지만 좋은 성과를 냈기 때문에 그런 것들은 추후에 다 잊혀졌던 것 같습니다. 저의 가장 큰 단점은 어떤 것을 시도했을 때 잘 안 되면 바로 실패라고 생각하고 포기를 한다는 것입니다. 실패가 아니라 가설의 검증이고 제가 성공을 하기 위한 한 걸음 한 걸음 나아가는 하나의 과정일 뿐인데 그것에 너무 쉽게 포기를 하게 되어 제 스스로도 다음에 도전을 꺼리게 되는 것입니다. 그래서 저는 이것을 극복하기 위해서 이것을 제 써머리 노트에 적어 놓고 언제 어떻게 실패했는지를 면밀히 분석하고 그것을 이겨내려고 노력하고 있습니다.","wordCount":181},"emotion":[],"intent":[{"text":"","expression":"","category":"attitude"}],"summary":{"text":"저에 가장 큰 장점은 업무에 추진력이 뛰어나고 솔루션을 잘 찾고 사람들과 소통을 잘 한다는 것입니다. 소통을 잘한다는 것은 사람들과 어떤 문제가 생겼을 때 타협을 통해서 대안을 찾아가고 그 대안을 통해서 업무에 대한 개선점을 찾아가는 것입니다. 저는 어떤 것을 시도했을 때 잘 안 되면 바로 실패라고 생각하고 포기를 한다는 단점이 있어서 이것을 극복하기 위해 노력하고 있습니다.","wordCount":55}}},"rawDataInfo":{"question":{"fileFormat":"wav","fileSize":489678,"duration":15300,"samplingBit":16,"channelCount":1,"samplingRate":"16kHz","audioPath":"/Mock/02.SalesMarketing/Male/Experienced/ckmk_q_sm_m_e_197614.wav"},"answer":{"fileFormat":"wav","fileSize":2828878,"duration":88400,"samplingBit":16,"channelCount":1,"samplingRate":"16kHz","audioPath":"/Mock/02.SalesMarketing/Male/Experienced/ckmk_a_sm_m_e_197614.wav"}}}