{"version":"1.0","dataSet":{"info":{"date":"20230116","occupation":"SM","channel":"MOCK","place":"ONLINE","gender":"MALE","ageRange":"-34","experience":"EXPERIENCED"},"question":{"raw":{"text":"면접자님은 영업이란 무엇이라고 생각하고 영업이 회사에서 가지고 있는 지위와 역할은 무엇이라고 생각하십니까","wordCount":12},"emotion":[],"intent":[]},"answer":{"raw":{"text":"저는 회사에서 영업이 차지하는 지위와 역할이 가장 중요하다 라고 생각을 합니다. 그래서 회사의 약 구십 퍼센트의 중요도를 나타낸다고 생각을 합니다. 우리가 흔히 음식을 사 먹는 음식점들 또한 이 영업이 굉장히 중요한 일입니다. 그만큼 우리 생활과 영업은 떼 놓을래야 떼 놓을 수 없는 부분이라고 생각을 합니다. 그래서 어 영업이 아무리 좋은 상품이나 서비스가 나온다고 해도 영업이 제대로 되지 않는다면 실질적으로 어 기업 회사에 수익을 창출할 수 없기 때문에 회사에서 가장 중요한 부분이 결국에는 영업이 돼야 된다 라고 생각을 하고 저는 어 보험 설계사로 일을 했던 경험을 토대로 영업에서 많은 장점 그리고 성과를 나타낼 수 있다 라고 생각합니다.","wordCount":96},"emotion":[],"intent":[{"text":"","expression":"","category":"attitude"}],"summary":{"text":"회사에서의 영업은 매우 중요합니다. 좋은 상품이나 서비스가 나온다 해도 영업이 제대로 되지 않는다면 실질적으로 기업 회사에 수익을 창출할 수 없기 때문입니다. 보험 설계사로 일을 했던 경험을 토대로 영업에서 많은 장점과 성과를 나타낼 수 있다고 생각합니다.","wordCount":35}}},"rawDataInfo":{"question":{"fileFormat":"wav","fileSize":321998,"duration":10060,"samplingBit":16,"channelCount":1,"samplingRate":"16kHz","audioPath":"/Mock/02.SalesMarketing/Male/Experienced/ckmk_q_sm_m_e_192254.wav"},"answer":{"fileFormat":"wav","fileSize":2463438,"duration":76980,"samplingBit":16,"channelCount":1,"samplingRate":"16kHz","audioPath":"/Mock/02.SalesMarketing/Male/Experienced/ckmk_a_sm_m_e_192254.wav"}}}