{"version":"1.0","dataSet":{"info":{"date":"20230116","occupation":"SM","channel":"MOCK","place":"ONLINE","gender":"MALE","ageRange":"55-","experience":"EXPERIENCED"},"question":{"raw":{"text":"지원자님께서는 직장을 선택할 때 무엇을 가장 중요하다고 생각하는지요 그중에 세 가지만 각각 어 무엇인지 말씀해 주시기 바랍니다","wordCount":17},"emotion":[],"intent":[]},"answer":{"raw":{"text":"지원자님께서 직장을 선택할 때 가장 중요하게 생각하는 세 가지가 있다면 각각 무엇인지 말씀해 주세요. 네 저는 직장을 선택할 때 중요하게 생각하는 것은 미래 가치가 있어야 된다고 생각합니다. 무엇보다도 제가 가지고 있는 그 꿈을 이룰 수 있는 그런 회사여야만이 어 좋은 직장의 선택 조건이라고 생각을 합니다. 또한 두 번째로 경제적인 그러한 자립을 할 수 있고 경제적으로 어렵지 않도록 도와줄 수 있는 그런 회사여야만이 좋은 선택이라고 생각을 합니다. 또한 제가 워레벨이 있는 그러한 직장이었으면 좋겠습니다. 아 그런 직장을 통하여서 개인적인 그러한 시간이라든가 또한 가족과의 그러한 시간에 아 부족하지 않도록 어 도움을 받는 아 그러한 직장이었으면 좋겠습니다. 저의 생각뿐만이 아니라 다른 직원들의 생각도 마찬가지라고 생각합니다. 또한 우리가 성장과 성숙을 이뤄 가는 그러한 회사를 만들기 위해서는 이러한 가치가 많이 필요하다고 생각합니다. 그러기 위해서는 우리가 각각 좋은 회사를 만들어 가는 것이 더욱더 중요하다고 생각을 합니다.","wordCount":130},"emotion":[],"intent":[{"text":"","expression":"","category":"attitude"}],"summary":{"text":" 회사를 선택할 때 미래 가치가 있어야 된다고 생각합니다. 첫째로 꿈을 이룰 수 있는 회사여야지, 둘째로 경제적으로 자립을 할 수 있고 경제적으로 어렵지 않게 도와줄 수 있는 그런 회사이어야지 좋은 회사라고 생각합니다.","wordCount":31}}},"rawDataInfo":{"question":{"fileFormat":"wav","fileSize":390478,"duration":12200,"samplingBit":16,"channelCount":1,"samplingRate":"16kHz","audioPath":"/Mock/02.SalesMarketing/Male/Experienced/ckmk_q_sm_m_e_227912.wav"},"answer":{"fileFormat":"wav","fileSize":2808078,"duration":87750,"samplingBit":16,"channelCount":1,"samplingRate":"16kHz","audioPath":"/Mock/02.SalesMarketing/Male/Experienced/ckmk_a_sm_m_e_227912.wav"}}}