{"version":"1.0","dataSet":{"info":{"date":"20230116","occupation":"SM","channel":"MOCK","place":"ONLINE","gender":"MALE","ageRange":"35-44","experience":"EXPERIENCED"},"question":{"raw":{"text":"역사 속 인물들 중 지원자님이 가장 존경하는 한 사람을 말해 주시고 그 인물을 가장 존경하는 이유에 대해서 말씀해 주세요","wordCount":19},"emotion":[],"intent":[]},"answer":{"raw":{"text":"어 역사 속에서 가장 존경하는 인물을 어 답변 드리겠습니다. 여러 인물들이 있을 것 같은데 그중에서 인제 하나의 인물만 뽑아야 한다 하오면은 어 당연히 이순신 장군을 뽑을 수 있을 것 같습니다. 그 이유는 그 이순신 장군에 갖고 있는 그런 환경이나 역경에 있었을 때 그 극복해 나가는 그런 과정들을 봤을 때 어 영화로도 봤고 책으로도 읽어봤는데 아 그 환경이 눈앞에 그려지면서 어떤 느낌일지 얼마나 그 열악했었을 그런 환경들에 대해서 어 눈앞에 그려지는 겁니다. 그런 환경에서 그런 선택을 할 수 있다는 거는 누구나 할 수 있는 선택은 아닌 것 같은데 항상 그런 선택들이 있어서 지금의 우리의 나라가 있다고 생각하고 있습니다. 그래서 그런 선택들에 대해서 했었을 때에 그런 판단력과 이런 것들이 정말 배우고 싶고 어 존경하는 인물 중에서 이순신 장군을 뽑아 본 것 같습니다. 그래도 앞으로도 그런 뭐 영화나 뭐 책이나 뭐 이런 것들이 나오고 있는데 다 챙겨서 보고 있고 그런 것들에 대한 도움을 많이 받고 있습니다. 이상입니다.","wordCount":144},"emotion":[],"intent":[{"text":"","expression":"","category":"attitude"}],"summary":{"text":"역사 속 가장 존경하는 인물로는 이순신 장군을 뽑을 수 있을 것 같습니다. 그 이유는 이순신 장군의 환경이나 역경에 있었을 때 극복해 나가는 과정들을 영화로도, 책으로도 읽어봤기 때문입니다. 항상 그런 환경에서 그런 선택을 하는 것들이 지금 우리 나라가 있다고 생각하고 있습니다. 그런 판단력과 이런 것들을 배우고 싶습니다.","wordCount":46}}},"rawDataInfo":{"question":{"fileFormat":"wav","fileSize":414158,"duration":12940,"samplingBit":16,"channelCount":1,"samplingRate":"16kHz","audioPath":"/Mock/02.SalesMarketing/Male/Experienced/ckmk_q_sm_m_e_145356.wav"},"answer":{"fileFormat":"wav","fileSize":2639438,"duration":82480,"samplingBit":16,"channelCount":1,"samplingRate":"16kHz","audioPath":"/Mock/02.SalesMarketing/Male/Experienced/ckmk_a_sm_m_e_145356.wav"}}}