{"version":"1.0","dataSet":{"info":{"date":"20230116","occupation":"SM","channel":"MOCK","place":"ONLINE","gender":"MALE","ageRange":"35-44","experience":"EXPERIENCED"},"question":{"raw":{"text":"그동안 면접자님께서 진행한 프로젝트들 가운데 가장 기억에 남는 프로젝트가 있다면 어떤 점에서 기억에 남는지 설명해 주세요","wordCount":16},"emotion":[],"intent":[]},"answer":{"raw":{"text":"그동안 진행한 이제 프로젝트들은 여러 가지가 있었을 건데 이제 가장 기억에 남는 것은 어 누구나 할 수 없고 못할 거라고 했었던 그런 어려운 프로젝트가 있었습니다. 근데 이 프로젝트를 하는 데 있어서 그때 네 명의 팀원과 같이 진행을 했었던 것 같은데 그 팀원들과 하셨던 그런 협동력이 아직도 기억이 남는 것 같습니다. 그러니까 넷 다 생각이 똑같았습니다. 목표가 정확했고 그런 것들에 대해서 어 그런 이 진화력이 어마어마했었던 순간이 있었는데 그 그 넷 다 또 같은 생각을 하고 같은 방향을 보니까 아 이게 없던 힘도 생기면서 그렇게 진행했었던 프로젝트가 있었던 것 같습니다. 근데 거기서 나 혼자만 열심히 했더라면 그걸 이룰 수 있었을까 라는 생각을 해보게 되면서 아 이래서 협동심이 중요하고 그런 것들이 대단한 거구나 하면서 다시 한번 느낄 수 있었던 그런 프로젝트에서 가장 기억에 남는 프로젝트였던 것 같습니다. 네 이상입니다.","wordCount":127},"emotion":[],"intent":[{"text":"목표가 정확했고 그런 것들에 대해서 어 그런 이 진화력이 어마어마했었던 순간이 있었는데 그   그 넷 다 또 같은 생각을 하고 같은 방향을 보니까 아 이게   없던 힘도 생기면서 그렇게 진행했었던 프로젝트가 있었던 것 같습니다.","expression":"c_cop","category":"personality"},{"text":"근데 거기서 나 혼자만 열심히 했더라면 그걸 이룰 수 있었을까 라는 생각을 해보게 되면서   아 이래서 협동심이 중요하고 그런 것들이 대단한 거구나 하면서 다시 한번 느낄 수 있었던   그런 프로젝트에서 가장 기억에 남는 프로젝트였던 것 같습니다.","expression":"c_cop","category":"personality"}],"summary":{"text":"그동안 진행한 프로젝트 중 가장 기억에 남는 프로젝트는 누구나 할 수 없고 못할 것이라고 했었던 어려운 프로젝트였습니다. 그때 네 명의 팀원들과 했었던 협동력이 아직도 기억에 남습니다. 목표가 정확했고 같은 생각을 하고 같은 방향을 보니 없던 힘도 생기면서 진행했었던 프로젝트였던 것 같습니다.","wordCount":41}}},"rawDataInfo":{"question":{"fileFormat":"wav","fileSize":345038,"duration":10780,"samplingBit":16,"channelCount":1,"samplingRate":"16kHz","audioPath":"/Mock/02.SalesMarketing/Male/Experienced/ckmk_q_sm_m_e_145357.wav"},"answer":{"fileFormat":"wav","fileSize":2297358,"duration":71790,"samplingBit":16,"channelCount":1,"samplingRate":"16kHz","audioPath":"/Mock/02.SalesMarketing/Male/Experienced/ckmk_a_sm_m_e_145357.wav"}}}