{"version":"1.0","dataSet":{"info":{"date":"20230116","occupation":"SM","channel":"MOCK","place":"ONLINE","gender":"MALE","ageRange":"35-44","experience":"EXPERIENCED"},"question":{"raw":{"text":"시간이 촉박한 상황이 생기면 지원자님은 어떻게 시간 관리를 하시나요 지원자님의 시간 관리법을 말씀해 주세요","wordCount":14},"emotion":[],"intent":[]},"answer":{"raw":{"text":"시간이 촉박할 때 저는 기존에 있던 일상적인 생활들에 시간을 조금씩 줄입니다. 수면 패턴 운동 패턴 출 퇴근 패턴 그런 패턴들에 시간을 쪼금씩만 줄이면 시간을 많이 확보하게 됩니다. 예를 들어서 저는 하루에 일곱 시간에서 여덟 시간에 숙면을 취합니다. 그런데 시간이 촉박할 때는 단기간에 수면 시간을 네 시간에서 네 시간 반으로 줄입니다. 운동 등 운동은 하루에 한 시간에서 한 시간 반 하던 것을 일 이십 분으로 줄입니다. 그리고 출 퇴근은 기본적으로 지하철 버스를 타고 하루에 왕복 두 시간에서 두 시간 반 걸리던 것을 자차를 이용하여 사십 분에서 오십 분으로 줄이면 일 주일에 삼십 시간에서 삼십 다섯 시간 정도의 시간이 남습니다. 그렇게 되면 이 주일에는 약 칠십 시간이라는 엄청난 시간을 확보하게 되고 이렇게 프로젝트 또는 시험 어떤 강의를 듣거나 스케줄 관리를 해야 될 때 이 주일 동안 칠십 시간을 확보했다는 것은 새로운 프로젝트를 하나 이루기에도 충분한 시간입니다. 이렇게 이 주 삼 주 동안 시간 관리를 하게 해서 촉박한 일정을 다 끝내고 나면 그때부터는 다시 정상적인 패턴으로 돌아옵니다. 사람의 몸은 육 개월 이상 이런 정상적인 패턴으로 살다가 일 이 주 정도 무리를 한다고 해서 크게 느끼지 않기 때문에 이것은 시간 저에게 시간 관리에 있어서 가장 효율적인 방법이었습니다.","wordCount":183},"emotion":[],"intent":[{"text":"","expression":"","category":"attitude"}],"summary":{"text":"시간이 촉박할 때 기존에 있던 일상적인 생활들에 시간을 조금씩 줄이면 시간을 많이 확보하게 됩니다. 이렇게 이 주 삼 주 동안 시간 관리를 하게 해서 촉박한 일정을 다 끝내고 나서 그때부터는 다시 정상적인 패턴으로 돌아옵니다. 사람의 몸은 육 개월 이상 이렇게 정상적인 패턴에서 삽니다. 이것은 시간 관리에 있어서 가장 효율적인 방법이었습니다.","wordCount":50}}},"rawDataInfo":{"question":{"fileFormat":"wav","fileSize":360398,"duration":11260,"samplingBit":16,"channelCount":1,"samplingRate":"16kHz","audioPath":"/Mock/02.SalesMarketing/Male/Experienced/ckmk_q_sm_m_e_197616.wav"},"answer":{"fileFormat":"wav","fileSize":2821198,"duration":88160,"samplingBit":16,"channelCount":1,"samplingRate":"16kHz","audioPath":"/Mock/02.SalesMarketing/Male/Experienced/ckmk_a_sm_m_e_197616.wav"}}}