{"version":"1.0","dataSet":{"info":{"date":"20230116","occupation":"SM","channel":"MOCK","place":"ONLINE","gender":"MALE","ageRange":"35-44","experience":"EXPERIENCED"},"question":{"raw":{"text":"지원자님만의 커뮤니케이션을 잘 할 수 있는 스킬이 있다면 한번 소개해 주실 수 있을까요 가능하다면 한번 보여주셔도 좋을 것 같습니다","wordCount":19},"emotion":[],"intent":[]},"answer":{"raw":{"text":"커뮤니케이션을 잘하라면 바로 공감대를 형성해야 됩니다. 커뮤니케이션은 우리나라 말로 소통입니다. 소통을 잘 하기 위해서는 상대방과 공감대를 형성해야 되고 공감대를 형성하기 위해서는 상대방이 좋아하는 주제를 먼저 화두로 꺼내는 겁니다. 예를 들어서 회사에 김 대리가 있다고 하면 김 대리가 엠지 세대로서 테니스를 많이 좋아하는 것을 들었을 것입니다. 그러면 저도 테니스를 잘 모르거나 아니면 테니스를 잘한다면 테니스에 대한 가벼운 관심사를 가지고 김 대리에게 먼저 이야기를 합니다. 김 대리님 요즘 엠지 세대한테 테니스가 참 많이 관심을 갖고 있는데요. 김 대리님은 테니스 어떻게 자주 치고 계신가요. 라고 얘기를 하면 매주 마다 테니스를 치는 사람들 입장에선 테니스 얘기만 나오면 저절로 관심을 갖게 되고 테니스를 어떻게 배웠고 어떻게 레슨을 받고 지금 매주 몇 시간씩 하고 있는지 또는 테니스 라켓은 무엇이 좋고 테니스 옷은 어떻게 구매하는지에 대한 자세한 얘기를 지속적으로 할 것입니다. 그때부터 심리학에서 말하는 라포가 형성이 되면서 저는 김 대리님의 이야기만 그냥 들어주면서 경청을 하는 겁니다. 그러면 중간중간에 신나 할 때 리액션을 해주면서 테니스를 통해서 서로의 공감대가 형성되고 이것이 저만의 커뮤니케이션 스킬입니다.","wordCount":155},"emotion":[],"intent":[{"text":"","expression":"","category":"attitude"}],"summary":{"text":"커뮤니케이션은 우리나라 말로 소통입니다. 소통을 잘 하기 위해서는 상대방과 공감대를 형성해야 되고 그러기 위해서는 상대방이 좋아하는 주제를 먼저 화두로 꺼내는 것입니다. 심리학에서 말하는 라포가 형성이 됩니다. 경청하면 중간중간에 리액션을 해주면서 서로의 공감대가 형성됩니다. 이것이 저만의 커뮤니케이션 스킬입니다.","wordCount":37}}},"rawDataInfo":{"question":{"fileFormat":"wav","fileSize":602318,"duration":18820,"samplingBit":16,"channelCount":1,"samplingRate":"16kHz","audioPath":"/Mock/02.SalesMarketing/Male/Experienced/ckmk_q_sm_m_e_185508.wav"},"answer":{"fileFormat":"wav","fileSize":2833358,"duration":88540,"samplingBit":16,"channelCount":1,"samplingRate":"16kHz","audioPath":"/Mock/02.SalesMarketing/Male/Experienced/ckmk_a_sm_m_e_185508.wav"}}}