{"version":"1.0","dataSet":{"info":{"date":"20230116","occupation":"SM","channel":"MOCK","place":"ONLINE","gender":"MALE","ageRange":"35-44","experience":"EXPERIENCED"},"question":{"raw":{"text":"지원자님의 성격상 장점과 단점에 대해서 각각 말씀해 주세요 말씀해 주실 때 구체적인 예시를 들어 주셔도 괜찮습니다","wordCount":16},"emotion":[],"intent":[]},"answer":{"raw":{"text":"저의 가장 큰 장점은 업무를 추진하는 데 있어서 추진력이 아주 빠르다는 것과 결정을 빠르게 하고 솔루션을 찾아낸다는 것입니다. 그렇게 해서 프로젝트를 할 때마다 단 한 번도 실패를 겪지 않았고 데드라인을 조금 넘긴 경우는 있었지만 항상 좋은 성과를 유지했습니다. 하지만 그런 부분들이 다른 사람에게는 가끔 독선적이고 독단적으로 비춰질 때도 있었습니다. 저의 가장 큰 단점은 포기와 좌절이 빠르다는 것입니다. 인내심이 부족하다 보니 한 두 번의 실패를 겪으면 그 실패가 어디서 비롯되는 것인지 분석을 하고 그 분석을 통해서 더 나아가야 되는데 포기하기를 자주 하다 보니 어떤 도전을 하는 것도 이제는 조금씩 무서워졌습니다. 그래서 제가 생각해낸 좋은 방법은 어떤 성공한 사업가의 책을 보면 여러분들이 하는 실패는 실패가 아니라 가설의 검증의 시간이다 그러니까 그 가설을 들어맞지 않는다고 한들 그 가설을 실패로 받아들이지 말라는 말이었습니다. 그래서 저는 제가 실패할 때마다 이것을 실패라고 생각하지 않고 이것들을 전부 다 일기장에 복기해 놓고 문제가 생길 때마다 이것을 들여다보면서 어느 시점에 무엇이 문제였는지를 복기하면서 제 스스로 빅데이터를 쌓아나갔던 것 같습니다.","wordCount":150},"emotion":[],"intent":[{"text":"저의 가장 큰 단점은 포기와 좌절이 빠르다는 것입니다.","expression":"c_person","category":"background"}],"summary":{"text":"업무 추진의 추진력이 빠르고 결정을 빠르게 하여 항상 좋은 성과를 유지했지만, 다른 사람들에게는 독선적이고 독단적으로 비춰질 때도 있었습니다. 또 제 가장 큰 단점은 포기와 좌절이 빨라서 어떤 도전을 하는 것도 무서워졌습니다. 그래서 저는 제가 실패할 때마다 이것을 실패라고 생각하지 않고 이것을 일기장에 복기해 놓고 문제를 들여다보면서 스스로 빅데이터를 쌓아나갔던 것 같습니다.","wordCount":51}}},"rawDataInfo":{"question":{"fileFormat":"wav","fileSize":394318,"duration":12320,"samplingBit":16,"channelCount":1,"samplingRate":"16kHz","audioPath":"/Mock/02.SalesMarketing/Male/Experienced/ckmk_q_sm_m_e_170018.wav"},"answer":{"fileFormat":"wav","fileSize":2666318,"duration":83320,"samplingBit":16,"channelCount":1,"samplingRate":"16kHz","audioPath":"/Mock/02.SalesMarketing/Male/Experienced/ckmk_a_sm_m_e_170018.wav"}}}