{"version":"1.0","dataSet":{"info":{"date":"20230116","occupation":"SM","channel":"MOCK","place":"ONLINE","gender":"MALE","ageRange":"35-44","experience":"EXPERIENCED"},"question":{"raw":{"text":"지원자님께서는 왜 이 분야에 관심을 가지게 되었는지 또 지원하게 왜 지원하게 되셨는지 그런 관심을 가진 이유와 지원 동기를 간략하게 말씀 부탁드립니다","wordCount":21},"emotion":[],"intent":[]},"answer":{"raw":{"text":"저는 오랜 기간 기술 개발 및 서비스 품질 관리 업무에 종사해 왔습니다. 당연히 이 회사의 영업 판매는 기술 개발 및 서비스와 관련이 있고 기술 개발 및 서비스를 통해서 어떻게 하면 영업을 잘 할 수 있고 판매 전략을 세울 수 있는지에 대해서 오랜 기간 고민해 왔습니다. 그리고 실제적으로 테크니컬 세일즈 기술 서비스 및 기술 영업을 오랫동안 하면서 입찰 수의 계약에 대한 경험이 많습니다. 사람이 가장 영업을 잘 할 때는 그 제품에 대한 지식이 넘칠 때라고 합니다. 단순히 친화력 또는 고객에게 찾아가기만 한다고 이제는 물품을 사주던 시대가 지났습니다. 제품의 기술력과 지식과 노하우를 녹여야만 고객의 마음을 움직일 수 있는 이십 일 세기에 단순히 물건을 판매하는 것이 아니라 판매 전략을 세워 고객의 마음을 우리의 제품에 심는 것입니다. 특히나 제품을 단순히 판매한다는 생각이 아니라 우리의 기술력과 서비스 그리고 마케팅을 그들의 마음속에 심기 위해서는 그것에 대한 전략이 필요하고 저는 그런 전략을 십 오 년 이상 쌓아왔고 그래서 현재 이 회사에서 이런 판매 전략을 가지고 여기에 지원하게 되었습니다.","wordCount":151},"emotion":[{"text":"저는 오랜 기간 기술 개발 및 서비스 품질 관리 업무에 종사해 왔습니다.","expression":"u-fact","category":"neutral"},{"text":"그리고 실제적으로 테크니컬 세일즈 기술 서비스 및 기술 영업을 오랫동안 하면서 입찰 수의 계약에 대한 경험이 많습니다.","expression":"u-fact","category":"neutral"}],"intent":[{"text":"특히나 제품을 단순히 판매한다는 생각이 아니라 우리의 기술력과 서비스 그리고 마케팅을 그들의   마음속에 심기 위해서는 그것에 대한 전략이 필요하고 저는 그런 전략을 십 오 년 이상 쌓아왔고 그래서 현재 이 회사에서 이런 판매  전략을 가지고   여기에 지원하게 되었습니다.","expression":"c_sincere_job","category":"etc"}],"summary":{"text":"제품을 단순히 판매하는 것이 아니라 우리의 기술력과 서비스 그리고 마케팅을 그들의 마음속에 심기 위해서는 그것에 대한 전략이 필요하고 저는 이런 전략을 십 오 년 이상 쌓아왔고 그래서 현재 이 회사에서 이런 판매 전략을 가지고 여기에 지원하게 되었습니다.","wordCount":37}}},"rawDataInfo":{"question":{"fileFormat":"wav","fileSize":474638,"duration":14830,"samplingBit":16,"channelCount":1,"samplingRate":"16kHz","audioPath":"/Mock/02.SalesMarketing/Male/Experienced/ckmk_q_sm_m_e_173140.wav"},"answer":{"fileFormat":"wav","fileSize":2704718,"duration":84520,"samplingBit":16,"channelCount":1,"samplingRate":"16kHz","audioPath":"/Mock/02.SalesMarketing/Male/Experienced/ckmk_a_sm_m_e_173140.wav"}}}