{"version":"1.0","dataSet":{"info":{"date":"20230116","occupation":"SM","channel":"MOCK","place":"ONLINE","gender":"MALE","ageRange":"45-54","experience":"EXPERIENCED"},"question":{"raw":{"text":"마케팅은 트렌드를 따라가는 것이 정말 중요한데요 마케팅 트렌드를 따라가는 본인만의 노하우 또는 습관에 대해서 있으시다면 말씀 부탁드립니다","wordCount":17},"emotion":[],"intent":[]},"answer":{"raw":{"text":"아 저는 아예 조금 제가 날 잡고 아니면 너무 바쁠 때는 그 휴일 그까 뭐 주말이 아니지만 거의 주말이라면 그 하루에 있는 홈쇼핑 채널을 다 봅니다. 가능한 그 편성표를 보고 아 그냥 어차피 현 홈쇼핑 채널을 틀어놓기만 하면 되니까요. 근데 그 홈쇼핑 채널이 워낙 많기 때문에 그 편성표를 보면서 제가 조금 괜찮을 만한 참고할 만한 그 상품을 판매하는 시간에 예약으로 걸어놓고 챙겨 봅니다. 네 왜냐하면 홈쇼핑은 그 현재의 그 때에 또 사람들에게 가장 혹할 만한 핫할 만한 그리고 이전에 핫했던 그런 메인 상품들이 나오기 때문에 편성이 되는 거고 그렇기 때문에 그게 뽑혔기 때문에 또 쇼호스트들이 그거를 또 잘 포장을 시켜 가지고 진행을 해서 소개를 하는 거라 어 아주 쏙쏙들이 뽑아 먹을 그런 방법 들이 있습니다. 그래서 저만의 노하우는 그것입니다.","wordCount":119},"emotion":[],"intent":[{"text":"","expression":"","category":"attitude"}],"summary":{"text":"주말이면 거의 매일 홈쇼핑 채널을 봅니다. 편성표를 보면 알 수 있는 현 홈쇼핑 채널을 틀고, 참고할 만한 상품을 예약해 놓고 봅니다. 그 날 가장 핫한 상품들이 나오기 때문입니다. 쇼호스트가 포장해서 소개하는 거를 쏙쏙 뽑아 먹는 방법이 저만의 노하우입니다.","wordCount":38}}},"rawDataInfo":{"question":{"fileFormat":"wav","fileSize":416078,"duration":13000,"samplingBit":16,"channelCount":1,"samplingRate":"16kHz","audioPath":"/Mock/02.SalesMarketing/Male/Experienced/ckmk_q_sm_m_e_111573.wav"},"answer":{"fileFormat":"wav","fileSize":2891918,"duration":90370,"samplingBit":16,"channelCount":1,"samplingRate":"16kHz","audioPath":"/Mock/02.SalesMarketing/Male/Experienced/ckmk_a_sm_m_e_111573.wav"}}}