{"version":"1.0","dataSet":{"info":{"date":"20230116","occupation":"SM","channel":"MOCK","place":"ONLINE","gender":"MALE","ageRange":"55-","experience":"EXPERIENCED"},"question":{"raw":{"text":"사내 스터디를 만들어서 공부를 할 수 있다면 어떤 분야를 공부하고 싶으신가요 그 이유와 함께 말씀해 주시기 바랍니다","wordCount":17},"emotion":[],"intent":[]},"answer":{"raw":{"text":"어 사내에서 스터디를 한다면 여러 가지가 있을 수 있는데요. 특별히 저는 최근에 아이티 기반에 디지털 리터러시가 강화된다고 하는 것을 본다면 어 에스엔에스에 대한 부분을 같이 에 공부하는 것도 좋겠다 라고 생각합니다. 좀 더 구체적으로 말씀드리면 페이스북 블로그 인스타그램 링크데인 등의 여러 에스엔에스 요소가 있죠 뭐 카톡도 있고 이러한 부분들에 대한 것을 잘 활용해서 나에게 맞는 역량의 희소리를 엮어 나가는 거죠. 예를 들어서 블로그를 내가 만들었다면 어 블로그 내에 내가 그동안 했던 여러 가지 일들을 어 아카이빙 함으로써 나의 역량에 대한 부분도 나타낼 수가 있고 또 그것을 주변에 알릴 수 있는 그런 기회가 된다고 봅니다. 그걸 통해서 뭐 파워 블로거가 되시는 분도 있고 더 나아가서 유튜브 일 인 방송을 통해서 본인이 가지고 있는 역량을 어 외부에 노출할 수도 있는 기회를 만들 수 있다고 봅니다. 그래서 이러한 부분의 역량을 서로 도울 수 있는 사내 스터디를 만들고 싶습니다. 감사합니다.","wordCount":136},"emotion":[],"intent":[{"text":"","expression":"","category":"attitude"}],"summary":{"text":"사내에서 스터디를 한다면 sns에 대한 부분을 같이 공부하는 것도 좋겠습니다. 소셜미디어 요소를 잘 활용해서 역량의 희소리를 엮어 나가는 것입니다. 블로그를 만들었다면 아카이빙 함으로써 저의 역량에 대한 부분도 나타낼 수 있고 그것을 주변에 알릴 수 있는 기회가 됩니다.","wordCount":37}}},"rawDataInfo":{"question":{"fileFormat":"wav","fileSize":373838,"duration":11680,"samplingBit":16,"channelCount":1,"samplingRate":"16kHz","audioPath":"/Mock/02.SalesMarketing/Male/Experienced/ckmk_q_sm_m_e_246482.wav"},"answer":{"fileFormat":"wav","fileSize":2914318,"duration":91070,"samplingBit":16,"channelCount":1,"samplingRate":"16kHz","audioPath":"/Mock/02.SalesMarketing/Male/Experienced/ckmk_a_sm_m_e_246482.wav"}}}