{"version":"1.0","dataSet":{"info":{"date":"20230116","occupation":"SM","channel":"MOCK","place":"ONLINE","gender":"MALE","ageRange":"35-44","experience":"EXPERIENCED"},"question":{"raw":{"text":"어 스트레스를 받는 상황이 생기면 스트레스를 해소하는 것도 못지않게 굉장히 중요한데요 지원자님만의 스트레스 해소 방법이 있다면 그것은 무엇인가요 그리고 그 이유는 무엇인지 말씀해 주시길 바랍니다","wordCount":25},"emotion":[],"intent":[]},"answer":{"raw":{"text":"저의 스트레스 해소 방법은 바로 편안히 명상을 하면서 커피를 마시면서 눈을 감고 있는 겁니다. 그렇게 편안한 상태에서 눈을 감고 제가 가장 행복했던 때 예를 들어 대회에서 일 등을 했다거나 아니면 테니스 대회에서 우승을 했다거나 아니면 경시대회에서 상을 탔다거나 부모님과 즐거운 곳에 여행을 했던 이런 기억들을 떠올리면서 그냥 눈을 감고 있습니다. 그렇게 눈을 감으면 일단 안구에 대한 스트레스가 줄어들고 뇌에 대한 휴식을 한다고 합니다. 그리고 두 번째는 뇌에 자극을 하기 위해서 많이 걷습니다. 발바닥에 자극을 주게 되면 실제적으로 뇌가 새로운 생각을 하게 되고 기존에 갖고 있던 잘못된 생각이나 부정적인 생각을 전부 다 씻어 버린다고 합니다. 그래서 우리는 뇌 리플레시를 한다고 하는데요. 이건 뇌 과학자가 밝힌 근거 있는 얘기입니다. 그래서 가장 좋은 방법은 명상을 하면서 음악을 들으며 피 메타세콰이어 같은 피톤치드가 나오는 길을 한 시간에서 한 시간 반 동안 아무 생각하지 않고 걷거나 아니면 즐거운 생각만 해서 걷는다면 한 시간이나 한 시간 후에는 땀이 쪼금씩 나면서 기존에 있었던 스트레스가 말끔히 사라집니다.그렇게 되면 새로운 어떤 일을 적응하기도 더 좋아집니다.","wordCount":156},"emotion":[],"intent":[{"text":"","expression":"","category":"attitude"}],"summary":{"text":"명상을 하며 눈을 감으면 안구에 대한 스트레스가 줄고 뇌에 대한 휴식을 합니다. 발바닥에 자극을 주게 되면 뇌가 새로운 생각을 하게 되고 기존에 갖고 있던 잘못된 생각이나 부정적인 생각을 전부 다 씻어버린다고 합니다. 가장 좋은 방법은 명상을 하면서 음악을 들으며 피톤치드가 나오는 길을 한 시간에서 한 시간 반 동안 아무 생각하지 않고 걷는다면 기존의 스트레스가 말끔히 사라집니다.","wordCount":56}}},"rawDataInfo":{"question":{"fileFormat":"wav","fileSize":535118,"duration":16720,"samplingBit":16,"channelCount":1,"samplingRate":"16kHz","audioPath":"/Mock/02.SalesMarketing/Male/Experienced/ckmk_q_sm_m_e_178715.wav"},"answer":{"fileFormat":"wav","fileSize":2777678,"duration":86800,"samplingBit":16,"channelCount":1,"samplingRate":"16kHz","audioPath":"/Mock/02.SalesMarketing/Male/Experienced/ckmk_a_sm_m_e_178715.wav"}}}