{"version":"1.0","dataSet":{"info":{"date":"20230116","occupation":"SM","channel":"MOCK","place":"ONLINE","gender":"MALE","ageRange":"45-54","experience":"EXPERIENCED"},"question":{"raw":{"text":"당신의 전공은 무엇입니까 전공 외에 자신이 수준급의 실력이 될 정도로 노력한 것이 있나요 그것은 무엇이었습니까 전공과 관련하여 어떤 도움을 주나요","wordCount":20},"emotion":[],"intent":[]},"answer":{"raw":{"text":"전공 외에 자신이 수준 급의 실력이 될 정도로 노력한 것이 있나요 전공과 관련하여 어떤 도움을 주나요 라고 말씀을 하셨는데요. 저의 경우는 중국에서 일본어를 전공을 일본어학을 전공을 했습니다. 전공 외에 수준급이 될 정도의 노력한 부분들은 중국어와 영어라고 할 수 있겠습니다. 중국에서 일본어학을 전공했다고 하면 다른 사람들은 의아하게 생각하는 부분이 있습니다. 발상의 전환이라고 생각을 했었고 당시에 일본어 룸메이트가 일본 이었 일본어 인이었다는 부분도 작용을 했었습니다. 따라서 일본어 이외에 룸메이트 일본어 외에 영어와 중국어를 수준급 이상으로 어 구사할 수 있으며 당연히 중국이기 때문에 중국어는 어느 정도 가능 했었고요. 영어의 경우는 캐나다 밴쿠버에서 어학연수를 했었고 제가 기숙사 생활을 하는 제 옆방에 영국 사람이 살고 있었습니다. 따라서 이 매일매일 저녁에 맥주 한 병을 가지고 가면서 이런저런 얘기들을 나누게 나누면서 회화 능력은 어 키워졌었습니다. 따라서 영어 중국어 본인의 에 전공인 일본어학을 포함해서 한국 삼 개 국어는 자유롭게 구사할 수 있습니다.","wordCount":134},"emotion":[{"text":"저의 경우는 중국에서 일본어를 전공을 일본어학을 전공을 했습니다.","expression":"u-fact","category":"neutral"},{"text":"영어의 경우는 캐나다 밴쿠버에서   어학연수를 했었고 제가 기숙사 생활을 하는 제 옆방에 영국 사람이 살고 있었습니다.","expression":"u-fact","category":"neutral"}],"intent":[{"text":"","expression":"","category":"attitude"}],"summary":{"text":"전공 외에 수준 급의 실력이 될 정도로 노력한 것은 중국어와 영어입니다. 중국에서 일본어학을 전공했다는 발상의 전환으로 룸메이트 일본어 외에 영어와 중국어를 수준급 이상으로 구사할 수 있었고, 캐나다의 밴쿠버 어학연수를 통해 회화 능력이 어 키워졌습니다. 전공인 일본어학을 포함해서 한국 삼 개 국어는 자유롭게 구사합니다.","wordCount":43}}},"rawDataInfo":{"question":{"fileFormat":"wav","fileSize":685838,"duration":21430,"samplingBit":16,"channelCount":1,"samplingRate":"16kHz","audioPath":"/Mock/02.SalesMarketing/Male/Experienced/ckmk_q_sm_m_e_105344.wav"},"answer":{"fileFormat":"wav","fileSize":2738318,"duration":85570,"samplingBit":16,"channelCount":1,"samplingRate":"16kHz","audioPath":"/Mock/02.SalesMarketing/Male/Experienced/ckmk_a_sm_m_e_105344.wav"}}}