{"version":"1.0","dataSet":{"info":{"date":"20230116","occupation":"SM","channel":"MOCK","place":"ONLINE","gender":"MALE","ageRange":"35-44","experience":"EXPERIENCED"},"question":{"raw":{"text":"전공 외에 자신의 실력이 수준급이 될 정도로 노력하신 게 있을까요 있다면 그것은 무엇이고 전공과 관련해서 어떤 도움이 됐었나요","wordCount":18},"emotion":[],"intent":[]},"answer":{"raw":{"text":"네 전공 외 본인이 수준급의 실력이 될 정도로 노력한 부분에서 말씀드리겠습니다. 어 일단 경영 파트나 여러 가지 파트에서 지금 우리나라 현대사회에서 어떤 직업을 갖더라도 이런 컴퓨터를 관리할 수 있는 다룰 수 있는 능력이 없으면은 굉장히 어 업무를 하거나 따라가는 데 힘들 것입니다. 우리나라는 전체적으로 다 공기관이 든 회사들 모두 다 문서화 작업을 시켜서 근거 유지를 하고 역사가 되기 때문에 이런 문서화 작업이 될려면은 한글이나 워드에 대해서 능력이 없다면 어 전혀 절대 상급 단계 업무로 갈 수가 없을 것입니다. 우리나라는 보고서를 시작해서 보고서로 끝난다는 말이 있습니다. 그만큼 보고서가 강조가 되기 때문에 이 보고서 하나만 잘 만드는 능력을 갖고 있어도 어 크게 성공할 수 있을 것입니다. 그래서 저는 그거를 좀 빨리 캐치해서 이런 워드나 한글에 대해서 능력을 키우기 위해서 굉장히 노력을 많이 했고 또 일부러 시간 날 때마다 어 관련이 없는 보고서도 만들어보고 해서 이런 능력들을 키우기 위해서 노력을 했던 거 같습니다. 제가 이제 수준급 실력이 되는 부분은 이런 워드 작성 보고서 작성이 될 것 같습니다. 네 이상입니다.","wordCount":156},"emotion":[],"intent":[{"text":"","expression":"","category":"attitude"}],"summary":{"text":"컴퓨터를 다룰 수 있는 능력이 없으면 업무를 하거나 따라가기 힘들 것입니다. 우리나라는 모든 회사들이 문서화 작업을 하기 때문에 한글이나 워드에 대한 능력이 없이는 절대 상급 단계 업무로 갈 수가 없습니다. 그래서 저는 워드나 한글에 대한 능력을 키우기 위해서 노력을 많이 했습니다. 제가 실력이 되는 부분은 이런 워드 작성 보고서 작성이 될 것 같습니다.","wordCount":53}}},"rawDataInfo":{"question":{"fileFormat":"wav","fileSize":600398,"duration":18760,"samplingBit":16,"channelCount":1,"samplingRate":"16kHz","audioPath":"/Mock/02.SalesMarketing/Male/Experienced/ckmk_q_sm_m_e_226589.wav"},"answer":{"fileFormat":"wav","fileSize":2688718,"duration":84020,"samplingBit":16,"channelCount":1,"samplingRate":"16kHz","audioPath":"/Mock/02.SalesMarketing/Male/Experienced/ckmk_a_sm_m_e_226589.wav"}}}