{"version":"1.0","dataSet":{"info":{"date":"20230116","occupation":"SM","channel":"MOCK","place":"ONLINE","gender":"MALE","ageRange":"35-44","experience":"EXPERIENCED"},"question":{"raw":{"text":"본인이 직접 해외 출장 장소를 선택할 수 있다면 꼭 한 번 가서 일해 보고 싶은 나라가 있을까요 어떤 나라일까요 지원자님의 생각을 말씀해 보세요","wordCount":23},"emotion":[],"intent":[]},"answer":{"raw":{"text":"어 일단 제가 직접 해외 출장을 가서 꼭 한 번 가서 일해보고 싶은 나라라고 말씀을 드리면은 일단 세 가지 나라가 떠오르는 것 같습니다. 그래도 가장 영토가 크고 인구가 많은 가장 이제 비전이 있는 또 중국이라는 나라가 있을 것이고 또 우리 세계에서 가장 유망받는 기업들이 많은 이 미국에서 비전을 또 배워보고 싶을 것이고 또 그리고 이제 인력 인력비가 싼 나라를 한 번 또 가보고 싶습니다. 그래서 인제 또 기회가 있을 것 같고 그래서 인제 세 가지 나라를 생각해 볼 것 같은데 일단 그중에서 제일 가보고 싶은 나라는 어 제가 중국은 한번 출장을 몇 번 갔던 경험이 있기 때문에 유럽 쪽 어 미국 제일 이제 기회 나라라고 하는 미국이라는 나라를 가서 어 우리가 생각하는 기업과 어 또 미국에서 생각하는 기업의 다른 점이 분명히 있을 것입니다. 이제 그렇게 같이 협업을 해보고 업무를 진행하다 보면 분명히 겹치는 부분도 있을 것이고 배울 수 있는 게 분명히 많을 겁니다. 그래서 꼭 미국이라는 나라를 가서 한 번 일을 해보고 싶습니다. 네 이상입니다.","wordCount":155},"emotion":[],"intent":[{"text":"","expression":"","category":"attitude"}],"summary":{"text":"가장 영토가 크고 인구가 많은 중국, 가장 유망받는 기업들이 많은 미국, 인력 인력비가 싼 세 가지 나라를 가보고 싶습니다. 미국을 가서 우리가 생각하는 기업과 또 미국에서 생각하는 기업의 다른 점이 분명히 있을 것입니다. 협업을 해보고 배울 수 있는 게 많을 것입니다.","wordCount":41}}},"rawDataInfo":{"question":{"fileFormat":"wav","fileSize":636238,"duration":19880,"samplingBit":16,"channelCount":1,"samplingRate":"16kHz","audioPath":"/Mock/02.SalesMarketing/Male/Experienced/ckmk_q_sm_m_e_139003.wav"},"answer":{"fileFormat":"wav","fileSize":2672718,"duration":83520,"samplingBit":16,"channelCount":1,"samplingRate":"16kHz","audioPath":"/Mock/02.SalesMarketing/Male/Experienced/ckmk_a_sm_m_e_139003.wav"}}}