{"version":"1.0","dataSet":{"info":{"date":"20230116","occupation":"SM","channel":"MOCK","place":"ONLINE","gender":"MALE","ageRange":"55-","experience":"EXPERIENCED"},"question":{"raw":{"text":"이 직무에 지원한 본인만의 이유가 궁금한데요 어 왜 지원하셨는지 말씀해 주시고 본인이 왜 이 분야에 적합한 인재인지도 함께 타당한 이유를 설명해 주시기 바랍니다","wordCount":23},"emotion":[],"intent":[]},"answer":{"raw":{"text":"제가 이 직무에 지원하게 된 이유는 간단합니다. 전에 이 직무에서 경험을 많이 했고 또한 이 직무에 대한 노하우도 가지고 있기 때문에 지원하게 되었습니다. 제가 이 직무에 적합한 이유는 과거에 직장 생활을 하면서 어느 누구보다도 성실하게 직장 생활을 했고 또한 주어진 일에 대해서 책임감을 가지고 어느 누구보다도 잘 해 냈다고 보아지기 때문입니다.","wordCount":51},"emotion":[],"intent":[{"text":"전에 이 직무에서 경험을 많이 했고 또한 이 직무에 대한 노하우도 가지고 있기 때문에 지원하게 되었습니다.","expression":"c_sincere_job","category":"etc"},{"text":"제가 이 직무에 적합한 이유는 과거에 직장 생활을 하면서 어느 누구보다도 성실하게 직장 생활을 했고 또한 주어진 일에 대해서 책임감을 가지고 어느 누구보다도 잘 해 냈다고 보아지기 때문입니다.","expression":"c_sincere_job","category":"etc"}],"summary":{"text":"이 직무에 지원하는 이유는 과거에 성실하게 직장 생활을 했고 주어진 일에 대해 책임감을 가지고 잘 해냈기 때문입니다. 성실성과 노하우가 있어서 지원하게 되었습니다.","wordCount":22}}},"rawDataInfo":{"question":{"fileFormat":"wav","fileSize":642638,"duration":20080,"samplingBit":16,"channelCount":1,"samplingRate":"16kHz","audioPath":"/Mock/02.SalesMarketing/Male/Experienced/ckmk_q_sm_m_e_241595.wav"},"answer":{"fileFormat":"wav","fileSize":1826638,"duration":57080,"samplingBit":16,"channelCount":1,"samplingRate":"16kHz","audioPath":"/Mock/02.SalesMarketing/Male/Experienced/ckmk_a_sm_m_e_241595.wav"}}}