{"version":"1.0","dataSet":{"info":{"date":"20230116","occupation":"SM","channel":"MOCK","place":"ONLINE","gender":"MALE","ageRange":"-34","experience":"EXPERIENCED"},"question":{"raw":{"text":"지금 본인이 내일 죽는다는 사실을 알게 된다면 당장 무얼 하실 건가요 또 이 면접을 일단 끝까지 계속 보실 의향이 있으신가요","wordCount":20},"emotion":[],"intent":[]},"answer":{"raw":{"text":"제가 당장 내일 죽는다면 저는 가족들과 행복한 식사를 하겠습니다. 그리고 이 면접도 끝까지 보고 싶습니다. 제가 죽을 때 살면서 최선을 다하지 않았다 라는 생각이 들면 아쉬울 것 같습니다. 이 면접 또한 저에게 주어진 일이기 때문에 최선을 다해야 죽을 때 후회하지 않는다고 생각합니다. 그리고 제가 가족들과 식사를 하겠다고 말씀드렸는데 지금 생각해보면 가족이 가장 소중한 것 같습니다. 물론 돈도 중요하지만 제가 내일 죽는다고 생각하면 돈도 필요가 없고 저에게는 가족만 생각날 것 같습니다. 그래서 제가 내일 죽는다면 가족과 행복한 식사를 하고 이 면접도 끝까지 보고 싶습니다.","wordCount":83},"emotion":[],"intent":[{"text":"","expression":"","category":"attitude"}],"summary":{"text":"내일 죽는다면 가족과 행복한 식사를 하고 이 면접도 끝까지 보고 싶습니다. 최선을 다하지 않았다는 생각이 들면 아쉬울 것 같습니다. 가족과 식사하는 것이 가장 소중한 것 같기 때문에 가족만 생각날 것 같아 이 면접을 보려고 합니다.","wordCount":35}}},"rawDataInfo":{"question":{"fileFormat":"wav","fileSize":608718,"duration":19020,"samplingBit":16,"channelCount":1,"samplingRate":"16kHz","audioPath":"/Mock/02.SalesMarketing/Male/Experienced/ckmk_q_sm_m_e_240054.wav"},"answer":{"fileFormat":"wav","fileSize":2511438,"duration":78480,"samplingBit":16,"channelCount":1,"samplingRate":"16kHz","audioPath":"/Mock/02.SalesMarketing/Male/Experienced/ckmk_a_sm_m_e_240054.wav"}}}