{"version":"1.0","dataSet":{"info":{"date":"20230116","occupation":"SM","channel":"MOCK","place":"ONLINE","gender":"MALE","ageRange":"35-44","experience":"EXPERIENCED"},"question":{"raw":{"text":"면접자님께서 우리 회사에 들어오시게 된다면 기존과 업무 스타일이 달라질 수 있습니다 기존과 다른 업무 스타일에 잘 적응하실 수 있으십니까","wordCount":19},"emotion":[],"intent":[]},"answer":{"raw":{"text":"회사마다 업무를 하는 방식이나 스타일은 많이 다릅니다. 제가 기존에 고수하고 있던 업무 스타일이 저에게 맞는 업무 스타일이지 회사에 백 퍼센트 맞는 업무 스타일이 아니기 때문에 저는 사람은 어딜 가나 그 조직에 적응해야 한다고 생각합니다. 그래서 새로운 스타일의 업무가 나오더라도 저는 거기에 맞춰서 업무를 할 수 있고 그 업무 또한 저의 스타일로 맞춰서 삼 년 후 오 년 후에는 완벽히 적응할 수 있을 것이라고 생각합니다. 특별히 문제가 되는 부분은 없으나 완벽히 새로운 부분이 생긴다면 그 부분에 대해서는 하나씩 익히고 배워서 다른 분들에게 피해가 되지 않는 그런 업무 스타일로 발전해 나가도록 하겠습니다.","wordCount":90},"emotion":[],"intent":[{"text":"","expression":"","category":"attitude"}],"summary":{"text":"회사마다 업무 방식이나 스타일은 많이 다르기 때문에 저는 사람은 어디든지 그 조직에 적응해야 한다고 생각합니다. 그래서 새로운 스타일의 업무가 나와도 거기에 맞춰서 업무를 할 수 있고 적응할 수 있을 것이라고 생각합니다.","wordCount":31}}},"rawDataInfo":{"question":{"fileFormat":"wav","fileSize":490958,"duration":15340,"samplingBit":16,"channelCount":1,"samplingRate":"16kHz","audioPath":"/Mock/02.SalesMarketing/Male/Experienced/ckmk_q_sm_m_e_173133.wav"},"answer":{"fileFormat":"wav","fileSize":1444558,"duration":45140,"samplingBit":16,"channelCount":1,"samplingRate":"16kHz","audioPath":"/Mock/02.SalesMarketing/Male/Experienced/ckmk_a_sm_m_e_173133.wav"}}}