{"version":"1.0","dataSet":{"info":{"date":"20230116","occupation":"SM","channel":"MOCK","place":"ONLINE","gender":"MALE","ageRange":"35-44","experience":"EXPERIENCED"},"question":{"raw":{"text":"영업에서 가장 중요한 것은 무엇일까요 본인의 철학과 신념을 담아 답변 부탁드립니다","wordCount":11},"emotion":[],"intent":[]},"answer":{"raw":{"text":"네 영업에서 가장 중요하다고 생각하는 부분에 대해서 답변 드리겠습니다. 영업 결국은 성과가 눈앞에 보여야 그 성공한 영업이라고 될 것 같습니다. 그런 성과를 늘리려면 저는 입소문이 제일 중요하다고 생각합니다. 내가 어떤 파트의 영업을 맡을지는 모르겠지만 그 파트가 성공하기 위해서는 그 주변 사람이나 고객들에 의한 입소문 그런 소문이 나야 그것을 거기에서 갖고 있는 그 영업에 대한 타이의 부분을 저희가 다 성과로 만들 수 있지 않을까 싶습니다. 그런 것들에서 제일 중요한 것은 고객에 대한 감동을 줘야 그 감동을 받은 사람이 정말 진심으로 아 나에게 도움이 되었구나 이런 감 느낌을 줘야 그런 부분에서 여러 주변 사람들에게 소문이 나고 또 전파가 되고 그런 부분이 영업에 있어서 가장 좋은 서비스일 것 같고 그런 부분에서 가장 큰 성과가 나지 않을까 싶습니다. 그 부분에 대해서는 정말 바뀌지 않을 것 같습니다. 알기 때문에 한 명의 한 명의 고객을 더욱 더 소중하게 여기면 성과가 있을 것 같습니다. 이상입니다.","wordCount":138},"emotion":[],"intent":[{"text":"","expression":"","category":"attitude"}],"summary":{"text":"영업에서 가장 중요한 부분은 성과가 눈앞에 보여야 성공한 영업이라고 될 것 같습니다. 성과를 늘리려면 주변 사람이나 고객들에 의한 입소문이 제일 중요하다고 생각합니다. 고객에 대한 감동을 줘야 그 사람이 진심으로 도움이 되었구나 이런 감 느낌을 줘야 영업에 있어서 가장 좋은 서비스일 것 같고 큰 성과가 나지 않을까 싶습니다.","wordCount":47}}},"rawDataInfo":{"question":{"fileFormat":"wav","fileSize":342478,"duration":10700,"samplingBit":16,"channelCount":1,"samplingRate":"16kHz","audioPath":"/Mock/02.SalesMarketing/Male/Experienced/ckmk_q_sm_m_e_214699.wav"},"answer":{"fileFormat":"wav","fileSize":2732238,"duration":85380,"samplingBit":16,"channelCount":1,"samplingRate":"16kHz","audioPath":"/Mock/02.SalesMarketing/Male/Experienced/ckmk_a_sm_m_e_214699.wav"}}}