{"version":"1.0","dataSet":{"info":{"date":"20230116","occupation":"SM","channel":"MOCK","place":"ONLINE","gender":"MALE","ageRange":"35-44","experience":"EXPERIENCED"},"question":{"raw":{"text":"영업 관리에 필요한 역량이나 경험은 무엇이라 생각하시는지 경험에 빗대어 한번 설명해 주시겠습니까","wordCount":12},"emotion":[],"intent":[]},"answer":{"raw":{"text":"예전에는 영업 관리를 하기 위해서 지속적으로 고객에게 연락만 하고 소통만 하면 되는 시대였습니다. 하지만 이제는 빅데이터를 기반으로 고객 관리를 하는 프로그램들이 많이 나왔습니다. 세일즈포스 닷컴이나 기타 이알피 같은 것에서는 고객 관리를 하기 위해서 고객에 대한 데이터를 뭐든 다 수집합니다. 예를 들어서 영업 관리 프로그램에 고객이 어떻게 어떤 성향으로 어떤 제품을 언제 설치하고 언제 구매했는지 또는 소모품을 한 달에 몇 개씩 사용하고 언제 우리에게 연락을 주며 가격은 어느 정도 선에서 합의가 이뤄졌는지에 대한 모든 데이터를 그런 영업 관리 프로그램에 집어넣고 그 프로그램에 딥러닝을 하다 보면 언제 고객이 또 무슨 제품을 필요로 할지 어떤 가격에는 고객이 오케이를 할지에 대한 모든 데이터를 운용할 수가 있습니다. 비투비나 비투씨 날 때에 따라서 고객 관리가 달라질 수 있고 현재의 트렌드에나 환경 분석에 따라서 고객을 어떻게 관리해야 될 지에 대한 중요한 자료들을 만들 수 있습니다. 이제는 단순히 소통 하나만으로 영업 관리를 하던 시대는 지났고 소통에 따른 모든 데이터 베이스를 기반으로 영업 관리를 어떻게 할 건지에 대한 전략을 짜야 되고 그것에 대한 분석에 따라 영업 관리가 달라질 거 같습니다.","wordCount":161},"emotion":[],"intent":[{"text":"","expression":"","category":"attitude"}],"summary":{"text":"빅데이터를 기반으로 한 고객 관리 프로그램들이 많이 나왔습니다. 비투비나 비투씨 날 때에 따라 고객 관리가 달라질 수 있고 현재의 트렌드에나 환경 분석에 따라 고객을 어떻게 관리해야 될 지에 대한 중요한 자료들을 만들 수 있습니다. 이제는 소통에 따른 모든 데이터 베이스를 기반으로 영업 관리를 어떻게 할 건지에 대한 전략을 짜야 됩니다.","wordCount":50}}},"rawDataInfo":{"question":{"fileFormat":"wav","fileSize":373838,"duration":11680,"samplingBit":16,"channelCount":1,"samplingRate":"16kHz","audioPath":"/Mock/02.SalesMarketing/Male/Experienced/ckmk_q_sm_m_e_185504.wav"},"answer":{"fileFormat":"wav","fileSize":2784718,"duration":87020,"samplingBit":16,"channelCount":1,"samplingRate":"16kHz","audioPath":"/Mock/02.SalesMarketing/Male/Experienced/ckmk_a_sm_m_e_185504.wav"}}}