{"version":"1.0","dataSet":{"info":{"date":"20230116","occupation":"SM","channel":"MOCK","place":"ONLINE","gender":"MALE","ageRange":"35-44","experience":"EXPERIENCED"},"question":{"raw":{"text":"지원자님은 팀으로 일하는 거랑 혼자 일하는 것 중에 무엇을 더 선호하나요 그리고 그 이유도 같이 한번 설명해 주세요","wordCount":18},"emotion":[],"intent":[]},"answer":{"raw":{"text":"네 팀으로 일하는 거 협력하는 관계와 혼자 일하는 거 개인적인 업무가 있을 것입니다. 어 일단 서두에 말씀드리면 저는 개인적으로 혼자서 하는 업무를 좀 더는선호하고 어 팀으로 하는 일도 그 매력이 있다고 생각합니다. 네 두 가지 다 매력이 있는데 혼자 하는 일은 내가 완벽을 더 추구하고 좀 더 보완을 하고 싶고 더 이거는 내 책임 하에 가는 거기 때문에 상대방에 어 상황까지 판단을 안 해도 되고 여건을 만들지 않기 때문에 그런 것들이 편리하기 때문에 혼자 서 하는 업무에 대해서 선호하는 거 같고 근데 여기에 또 안 좋은 점도 있습니다. 안 좋은 점은 이 프로젝트에 대해서 내 개인이 진행하는 거기 때문에 내가 책임도 져야 하고 내가 부담도 가져야 하고 결국은 결론도 제가 내야 하는 거기 때문에 그런 나눠서 하는 업무가 아니 아닌 혼자서 하는 일은 그런 것들이 업무가 과중할 수 있다 그런 게 돼 있고 팀으로 하는 일은 업무 파트를 나눌 수가 있을 겁니다. 자기가 잘하는 파트가 있었기 때문에 그렇게 나눠서 업무를 해서 종합을 하게 되면은 훨씬 시간도 빠르 진행이 될 것이고 좀 더 창의적인 아이디어가 나오지 않을까 그런 차이점이 있을 것 같으며 저는 그 중에서도 혼자 일하는 것을 선호하고 있습니다. 이상입니다.","wordCount":180},"emotion":[],"intent":[{"text":"","expression":"","category":"attitude"}],"summary":{"text":"저는 개인적으로 혼자 하는 업무를 선호하고 팀으로 하는 일도 매력있다고 생각합니다. 혼자 하는 일은 제가 완벽을 추구하고 보완을 하고 싶고 제 책임 하에 가는 거라서 편리하기 때문에 선호하는 것 같습니다. 팀으로 하는 일은 업무 파트를 나눌 수가 있을 것입니다. 그렇게 나눠서 업무를 해서 종합을 하게 되면은 훨씬 빠르고 창의적인 아이디어가 나올 것이라고 생각합니다.","wordCount":53}}},"rawDataInfo":{"question":{"fileFormat":"wav","fileSize":306958,"duration":9590,"samplingBit":16,"channelCount":1,"samplingRate":"16kHz","audioPath":"/Mock/02.SalesMarketing/Male/Experienced/ckmk_q_sm_m_e_146851.wav"},"answer":{"fileFormat":"wav","fileSize":2707598,"duration":84610,"samplingBit":16,"channelCount":1,"samplingRate":"16kHz","audioPath":"/Mock/02.SalesMarketing/Male/Experienced/ckmk_a_sm_m_e_146851.wav"}}}