{"version":"1.0","dataSet":{"info":{"date":"20230116","occupation":"SM","channel":"MOCK","place":"ONLINE","gender":"MALE","ageRange":"45-54","experience":"EXPERIENCED"},"question":{"raw":{"text":"지원자님께서 본인이 스스로 평가를 했을 때 숫자와 창의 중에 어 어떤 쪽에 더 가깝다고 생각을 하시나요 그 이유도 함께 말씀해 주시겠습니까","wordCount":21},"emotion":[],"intent":[]},"answer":{"raw":{"text":"저는 창의요 창의. 네 이게 그냥 딱 숫자 창의만 두고 반 본다면 저는 언제나 창의라고 생각을 해요. 근데 사람마다의 성향이 또 있을 거기 때문에 그 부분으로는 제가 함부로 어 입을 놀릴 수 없지만 굳이 두 개를 두고 비교를 하자면 숫자보다는 창의다. 네 창의가 대부분의 사람들에게 뭔가 더 큰 어떤 걸 제공을 하는 것 같다. 네 어 애초에 포부가 없던 사람이더라도 용기가 없던 사람이더라도 그 순간에 어떤 번뜩임이 음 그 사람을 더 부풀게 만들고 아 부푼다면 좀 뭔가 부정적일 수 있는데 헛 뭐 뜬구름 잡는 것 같아서 그러니까 좀 크게 만드는 거 사람을 시야도 되게 저 멀리까지 보게 만들고 그래서 저는 네 창의가 더 중요하다고 또 제가 더 그게 더 가깝다고 생각을 합니다. 그렇게 살아왔어요.","wordCount":114},"emotion":[],"intent":[{"text":"","expression":"","category":"attitude"}],"summary":{"text":"창의가 사람들에게 더 큰 어떤 것을 제공하게 합니다. 포부가 없던 사람이더라도 그 순간에 어떤 번뜩임이 그 사람을 더 부풀게 만들고 부풀다면 뭔가 부정적일 수 있는데 시야도 되게 저 멀리까지 보게 만듭니다.","wordCount":31}}},"rawDataInfo":{"question":{"fileFormat":"wav","fileSize":507278,"duration":15850,"samplingBit":16,"channelCount":1,"samplingRate":"16kHz","audioPath":"/Mock/02.SalesMarketing/Male/Experienced/ckmk_q_sm_m_e_179700.wav"},"answer":{"fileFormat":"wav","fileSize":2926798,"duration":91460,"samplingBit":16,"channelCount":1,"samplingRate":"16kHz","audioPath":"/Mock/02.SalesMarketing/Male/Experienced/ckmk_a_sm_m_e_179700.wav"}}}