{"version":"1.0","dataSet":{"info":{"date":"20230116","occupation":"SM","channel":"MOCK","place":"ONLINE","gender":"MALE","ageRange":"55-","experience":"EXPERIENCED"},"question":{"raw":{"text":"혹시 지원자님께서는 이전 직장을 그만둔 특별한 이유가 있으십니까 그리고 현 직장도 같은 이유로 그만둘 가능성이 있을지 말씀해 주시기 바랍니다","wordCount":19},"emotion":[],"intent":[]},"answer":{"raw":{"text":"십 년 넘게 한 직장에서 한 직무만 맡아 일 해 왔기 때문에 회사를 그만두고 싶은 생각은 없었습니다. 허나 점차 경력이 쌓이고 나이가 들면서 앞으로는 회사 내에서 경험한 모든 노하우를 밖에 나가서 저의 꿈을 펼칠 수 있는 기회라고 생각해서 직장을 그만두게 되었습니다.","wordCount":41},"emotion":[],"intent":[{"text":"","expression":"","category":"attitude"}],"summary":{"text":"십 년 넘게 한 직장에서 한 직무만 맡아 일 해 왔기 때문에 회사를 그만두고 싶은 생각은 없었으나 앞으로 경력을 펼칠 기회라고 생각해서 그만두게 되었습니다.","wordCount":24}}},"rawDataInfo":{"question":{"fileFormat":"wav","fileSize":574798,"duration":17960,"samplingBit":16,"channelCount":1,"samplingRate":"16kHz","audioPath":"/Mock/02.SalesMarketing/Male/Experienced/ckmk_q_sm_m_e_229514.wav"},"answer":{"fileFormat":"wav","fileSize":1606478,"duration":50200,"samplingBit":16,"channelCount":1,"samplingRate":"16kHz","audioPath":"/Mock/02.SalesMarketing/Male/Experienced/ckmk_a_sm_m_e_229514.wav"}}}