{"version":"1.0","dataSet":{"info":{"date":"20230116","occupation":"SM","channel":"MOCK","place":"ONLINE","gender":"MALE","ageRange":"35-44","experience":"EXPERIENCED"},"question":{"raw":{"text":"최근에 이슈들이 참 많았죠 그렇다면 그 뉴스들 가운데 가장 인상 깊었던 뉴스는 어떤 건지 궁금한데요 그것을 말씀해 주시고 왜 인상 깊었는지 이유도 함께 말씀해 주시기 바랍니다","wordCount":26},"emotion":[],"intent":[]},"answer":{"raw":{"text":"최근에 본 뉴스 중에 가장 인상 깊었던 내용은 푸루밀 사업 전체를 바로 접어 버린 사건이 저에게는 가장 인상이 깊었습니다. 이 한 회사가 갑작스럽게 모든 직원들을 전부 다 내버리고 사업을 종료한다는 것이 참 저에겐 충격적이기도 했고요. 어떻게 보면 참 책임감도 없구나 이런 생각도 들었습니다. 그래서 더 더욱 좋은 회사를 찾아서 제가 꼭 입사를 해서 제 능력을 발휘 해야겠다. 제가 찾은 회사가 바로 이곳입니다.","wordCount":62},"emotion":[],"intent":[{"text":"","expression":"","category":"attitude"}],"summary":{"text":"푸루밀 사업 전체를 바로 접어버린 한 회사의 사건은 책임감도 없고 참 인상 깊었습니다. 더 좋은 회사를 찾아서 꼭 입사해서 제 능력을 발휘해야겠다는 생각이 들었습니다.","wordCount":24}}},"rawDataInfo":{"question":{"fileFormat":"wav","fileSize":603598,"duration":18860,"samplingBit":16,"channelCount":1,"samplingRate":"16kHz","audioPath":"/Mock/02.SalesMarketing/Male/Experienced/ckmk_q_sm_m_e_242771.wav"},"answer":{"fileFormat":"wav","fileSize":1125838,"duration":35180,"samplingBit":16,"channelCount":1,"samplingRate":"16kHz","audioPath":"/Mock/02.SalesMarketing/Male/Experienced/ckmk_a_sm_m_e_242771.wav"}}}