{"version":"1.0","dataSet":{"info":{"date":"20230116","occupation":"SM","channel":"MOCK","place":"ONLINE","gender":"MALE","ageRange":"55-","experience":"EXPERIENCED"},"question":{"raw":{"text":"저희 일은 특성상 야근이나 잔업 외근이 많아질 수도 있습니다 그럴 때에도 괜찮으신가요","wordCount":12},"emotion":[],"intent":[]},"answer":{"raw":{"text":"저희 일의 특성상 야근이나 잔업 외근이 많아질 수도 있습니다. 그래도 괜찮으시겠어요. 아 예 저는 여태까지 살아오면서 어 야근이나 잔업 외근이 많이 있었습니다. 또한 그런 일들을 많이 즐겨 하고 또한 제가 그런 일들에 대해서 어 좀 피하거나 그런 적이 없다고 생각합니다. 그런 면에서 볼 때 저희가 주어진 일은 저희 한테는 크게 어려움이 아니라고 생각합니다. 아 맡겨진 일에 대해서 최선을 다할 수 있습니다. 제가 또한 운동도 많이 하고 어 여러 가지 체력 관리에도 신경을 많이 써 왔기 때문에 아 여러 종류의 다른 부류의 사람들과 비교한다면 뒤쳐지지 않을 거라고 생각을 합니다. 아 야근 예전에는 참으로 많이 했습니다. 잔업도 그랬고 외근은 어떻게 보면 더욱더 괜찮은 것이라고 생각합니다. 그 중에서도 외근이 많으면 좋을 것 같습니다. 외근은 어 외부의 사람들과 만나고 대화를 통하여서 좋은 아이디어를 만들어낼 수 있고 그들에게도 좋은 음 포인트를 어 줄 수 있는 그런 부분이 있다고 생각되기 때문입니다. 어떻게 보면 이런 부분은 저에게 큰 단점이 되지 않는 부분입니다.","wordCount":145},"emotion":[],"intent":[{"text":"","expression":"","category":"attitude"}],"summary":{"text":"우리 일의 특성상 야근이나 잔업 외근이 많아질 수 있지만, 맡겨진 일에 최선을 다할 수 있습니다. 또한 운동도 많이 하고 체력 관리에도 신경 써 왔기 때문에 다른 사람들과 비교해서 뒤쳐지지 않을 것입니다. 그 중에서도 외근은 대화를 통하여서 좋은 아이디어를 만들어낼 수 있고 그들에게 좋은 포인트를 줄 수 있는 부분이 있다고 생각됩니다.","wordCount":50}}},"rawDataInfo":{"question":{"fileFormat":"wav","fileSize":281678,"duration":8800,"samplingBit":16,"channelCount":1,"samplingRate":"16kHz","audioPath":"/Mock/02.SalesMarketing/Male/Experienced/ckmk_q_sm_m_e_227905.wav"},"answer":{"fileFormat":"wav","fileSize":2735758,"duration":85490,"samplingBit":16,"channelCount":1,"samplingRate":"16kHz","audioPath":"/Mock/02.SalesMarketing/Male/Experienced/ckmk_a_sm_m_e_227905.wav"}}}