{"version":"1.0","dataSet":{"info":{"date":"20230116","occupation":"SM","channel":"MOCK","place":"ONLINE","gender":"MALE","ageRange":"-34","experience":"EXPERIENCED"},"question":{"raw":{"text":"네 만약에 이 면접에서 최종 탈락하시게 된다면 지원자님께서는 본인의 어떤 점이 부족해서 탈락을 했다고 생각을 하시겠는지요 생각하시는 바를 말씀해 주시기 바랍니다","wordCount":21},"emotion":[],"intent":[]},"answer":{"raw":{"text":"제가 이 면접에서 좋은 결과를 얻을 것이라고 생각하지만 만약에라도 최종 탈락하게 된다면 어 저의 영업적인 능력을 다 보여주지 못해서 탈락했다고 생각합니다. 영업적인 저의 능력이나 스킬을 단 시간에 보여줄 수가 없기 때문에 만약 일 박 이 일 면접이나 좀 더 면접 시간이 길었다면 제가 저의 영업적인 능력을 좀 더 발휘하고 보여드릴 수 있었을 텐데 그런 부분이 아쉬워서 탈락 탈락을 했을 것이라고 생각합니다.","wordCount":61},"emotion":[],"intent":[{"text":"","expression":"","category":"attitude"}],"summary":{"text":"영업적인 능력을 단시간에 보여줄 수 없기 때문에 일 박 이 일 면접이나 좀 더 면접 시간이 길었다면 좀 더 발휘하고 보여드릴 수 있었을 텐데 그런 부분이 아쉬워서 탈락했다고 생각합니다.","wordCount":29}}},"rawDataInfo":{"question":{"fileFormat":"wav","fileSize":492878,"duration":15400,"samplingBit":16,"channelCount":1,"samplingRate":"16kHz","audioPath":"/Mock/02.SalesMarketing/Male/Experienced/ckmk_q_sm_m_e_199853.wav"},"answer":{"fileFormat":"wav","fileSize":1534446,"duration":47949,"samplingBit":16,"channelCount":1,"samplingRate":"16kHz","audioPath":"/Mock/02.SalesMarketing/Male/Experienced/ckmk_a_sm_m_e_199853.wav"}}}