{"version":"1.0","dataSet":{"info":{"date":"20230116","occupation":"SM","channel":"MOCK","place":"ONLINE","gender":"MALE","ageRange":"35-44","experience":"EXPERIENCED"},"question":{"raw":{"text":"어 사람은 저마다 장점과 단점을 가지고 있는데요 지원자님의 생각 말고 다른 사람이 생각하는 지원자님의 장점과 단점은 무엇이라고 생각하는지 그 이유도 함께 말씀해 주시길 바랍니다","wordCount":24},"emotion":[],"intent":[]},"answer":{"raw":{"text":"남들이 생각하는 저의 가장 큰 장점은 바로 추진력과 업무 효율성입니다. 특히 저는 남들보다 업무에 대한 적응이 빨라 남들이 패스트 러너 또는 빠른 학습자라고 얘기를 합니다. 그렇게 빠르게 무엇이든 배우기 때문에 어떤 프로젝트를 맡아서도 빠르게 진행이 가능하고 빠르게 성과를 냈던 경험이 있습니다. 지금까지 오십 개가 넘는 프로젝트를 하면서 단 한 번의 실패를 경험한 적이 없을 정도니 또 특히나 어떤 팀원들 직원들의 장단점을 면밀히 파악해서 적재적소에 배치하는 능력을 갖고 있습니다. 대신에 저의 가장 큰 단점은 바로 인내심이 부족해서 도전을 하다가 실패를 하면 바로 좌절을 하고 포기하는 경우가 굉장히 많습니다. 실제로 어떤 일을 했을 때 또는 무슨 운동을 했을 때 힘들면 포기하거나 좌절을 하고 다시는 그걸 쳐다보지 않는 그런 인내심 결여가 저의 가장 큰 단점입니다. 그렇게 저의 인내심이나 포기가 빠른 저의 부분 때문에 저는 그거를 극복하기 위해서 스스로 포기를 하거나 실패했을 때 써머리 노트나 일기장을 만들어서 그때에 생생한 기록들을 적어 놓습니다 . 그 기록들에 언제 어떻게 무엇 때문에 포기를 했고 그때 심정이 어떻겠는지를 계속 빅데이터화 해니까 추후에 힘들 때나 포기하고 싶을 때 그거를 보면 다시 생생하게 일어날 수 있었습니다.","wordCount":166},"emotion":[],"intent":[{"text":"대신에 저의 가장 큰 단점은 바로 인내심이 부족해서   도전을 하다가 실패를 하면 바로 좌절을 하고 포기하는 경우가 굉장히 많습니다.","expression":"c_person","category":"background"},{"text":"실제로 어떤 일을 했을 때   또는 무슨 운동을 했을 때 힘들면 포기하거나 좌절을 하고 다시는 그걸 쳐다보지 않는 그런 인내심 결여가 저의 가장 큰 단점입니다.","expression":"c_person","category":"background"}],"summary":{"text":"저는 패스트 러너 또는 빠른 학습자라고 불리는 추진력과 업무 효율성이 뛰어난 장점이 있습니다. 하지만 인내심이 부족하여 도전을 하다가 실패를 하면 바로 좌절을 하고 포기하는 경우가 많습니다. 그것을 극복하기 위해서 써머리 노트나 일기장을 만들어서 그때의 생생한 기록들을 적어 놓습니다. 그 기록들을 빅데이터화 하니 추후에 힘들 때나 포기하고 싶을 때 다시 생생하게 일어날 수 있었습니다.","wordCount":53}}},"rawDataInfo":{"question":{"fileFormat":"wav","fileSize":618318,"duration":19320,"samplingBit":16,"channelCount":1,"samplingRate":"16kHz","audioPath":"/Mock/02.SalesMarketing/Male/Experienced/ckmk_q_sm_m_e_195784.wav"},"answer":{"fileFormat":"wav","fileSize":2821198,"duration":88160,"samplingBit":16,"channelCount":1,"samplingRate":"16kHz","audioPath":"/Mock/02.SalesMarketing/Male/Experienced/ckmk_a_sm_m_e_195784.wav"}}}