{"version":"1.0","dataSet":{"info":{"date":"20230116","occupation":"SM","channel":"MOCK","place":"ONLINE","gender":"MALE","ageRange":"35-44","experience":"EXPERIENCED"},"question":{"raw":{"text":"어 지원자님께서 본인이 역사 속에서 가장 존경하는 인물을 말씀해 주시길 바랍니다 그리고 해당 인물을 가장 존경하는 이유에 대해서도 어 말씀해 주세요","wordCount":21},"emotion":[],"intent":[]},"answer":{"raw":{"text":"제가 역사 속에서 가장 존경하는 인물은 바로 이순신 장군입니다. 이순신 장군은 임진왜란 해상 전의 왕으로서 명량해전에서 열 두 척의 배를 가지고 왜구에 이백 대가 넘는 배를 물리치고 우리나라를 지키셨습니다. 그것 말고도 해 한산대첩 노량해전 등을 통해서 수백 대 수천 대에 왜구를 물리치면서 단 한 번에 패배를 하지 않았다는 것입니다. 이순신 장군의 가장 뛰어난 것은 전략 전술을 잘 알고 어떻게 하면 지형지물을 확 활용하는 것이냐 입니다. 학익진이라고 야 학이 날개를 편 듯한 진영을 통해서 왜구들이 그 안으로 들어오면 그 안에 있는 물살이 소용돌이 칠 때 그때 왜구들이 힘들어 할 때 포 공격을 해서 왜구들의 배를 침몰시키는 전략입니다. 누구나 생각했을 때는 쉽 쉬운 전략이고 전술이라고 생각하지만 원래 뛰어난 리더는 항상 어떤 묘수를 통해서 전쟁이나 어떤 상황에서 그것을 헤쳐나갈 수 있는 용기를 갖고 있고 지혜를 갖고 있습니다. 저 역시도 프로젝트를 오십 개 넘게 하면서 항상 모든 문제에 부딪쳤을 때 그것을 어떻게 해결해 나갈까 고민을 했으며 그럴 때마다 묘수가 떠올라서 문제 없이 지금까지 프로젝트를 성공리에 마친 거 같습니다. 저는 그런 모습 때문에 이순신 장군님을 존경하게 되었습니다.","wordCount":162},"emotion":[{"text":"저는 그런 모습 때문에 이순신 장군님을 존경하게 되었습니다.","expression":"p-affection","category":"positive"}],"intent":[{"text":"","expression":"","category":"attitude"}],"summary":{"text":"이순신 장군은 임진왜란 해상 전의 왕으로서 명량해전에서 이백 대가 넘는 배를 물리치고 우리나라를 지키셨습니다. 또 해 한산대첩 노량해전 등을 통해서 수백 대 수천 대에 왜구를 물리치면서 단 한 번에 패배를 하지 않았습니다. 이순신 장군의 가장 뛰어난 것은 지형지물을 확 활용하는 것인데, 학익진을 통해서 왜구들이 힘들어 할 때 포 공격을 해서 왜구들의 배를 침몰시키는 전략입니다.","wordCount":54}}},"rawDataInfo":{"question":{"fileFormat":"wav","fileSize":505038,"duration":15780,"samplingBit":16,"channelCount":1,"samplingRate":"16kHz","audioPath":"/Mock/02.SalesMarketing/Male/Experienced/ckmk_q_sm_m_e_195787.wav"},"answer":{"fileFormat":"wav","fileSize":2740878,"duration":85650,"samplingBit":16,"channelCount":1,"samplingRate":"16kHz","audioPath":"/Mock/02.SalesMarketing/Male/Experienced/ckmk_a_sm_m_e_195787.wav"}}}