{"version":"1.0","dataSet":{"info":{"date":"20230116","occupation":"SM","channel":"MOCK","place":"ONLINE","gender":"MALE","ageRange":"-34","experience":"EXPERIENCED"},"question":{"raw":{"text":"커뮤니케이션을 잘 할 수 있는 나만의 스킬이 있으실까요 있다면 한 번 소개해 주시고 직접 한 번 보여주시면 정말 좋을 것 같습니다","wordCount":21},"emotion":[],"intent":[]},"answer":{"raw":{"text":"우리나라는 동방예의지국입니다. 입니다. 동방예의지국이란 동쪽의 나라 중에서 제일 예의가 바르다는 어떤 그런 뜻이거든요. 그럼 동방예의지국에 살고 있으면 동방예의지국에 살고 있는 만큼 예의를 잘 지켜야 됩니다. 상대방에게 만나는 사람에게 공손하게 대하는 것이 저는 정말 중요하다고 생각을 해요. 이런 얘기를 하면은 요즘과 같은 시대에는 꼰대가 아니냐 뭐 그런 얘기를 들을 수 있을 정도로 저는 상대방에게 공손해요. 그런데 문제는 상대도 나에게 그렇게 공손해야 되는데 그렇게 공손하지 않은 상대를 보면 쪼끔 언짢아지기도 하지만 그것조차도 이해를 해주는 게 그 사람에 대한 저의 공손함이라고 생각을 해서 저는 모든 사람들을 대할 때 이 낮은 자세로 항상 이렇게 숙이는 태도로 아 네 네 네 하는 저만의 그런 공손함을 가진 독특한 스킬이 있습니다.","wordCount":104},"emotion":[],"intent":[{"text":"상대방에게 만나는 사람에게 공손하게 대하는 것이 저는 정말 중요하다고 생각을 해요.","expression":"c_value","category":"background"}],"summary":{"text":"우리나라는 동방예의지국이기 때문에 동방 예의지국에 살고 있으면 예의를 잘 지켜야 합니다. 저는 상대방에게 공손한 편이고, 공손하지 않은 상대도 이해를 해주는 게 공손함이라고 생각하여 모든 사람들을 대할 때 낮은 자세로 항상 숙이는 스킬이 있습니다.","wordCount":33}}},"rawDataInfo":{"question":{"fileFormat":"wav","fileSize":589518,"duration":18420,"samplingBit":16,"channelCount":1,"samplingRate":"16kHz","audioPath":"/Mock/02.SalesMarketing/Male/Experienced/ckmk_q_sm_m_e_199454.wav"},"answer":{"fileFormat":"wav","fileSize":2457038,"duration":76780,"samplingBit":16,"channelCount":1,"samplingRate":"16kHz","audioPath":"/Mock/02.SalesMarketing/Male/Experienced/ckmk_a_sm_m_e_199454.wav"}}}