{"version":"1.0","dataSet":{"info":{"date":"20230116","occupation":"SM","channel":"MOCK","place":"ONLINE","gender":"MALE","ageRange":"35-44","experience":"EXPERIENCED"},"question":{"raw":{"text":"면접자님께서는 그동안 진행하셨던 프로젝트들 가운데 가장 기억에 남으셨던 프로젝트가 있으신가요 그렇다면 어떠한 점이 기억에 남으셨는지에 대해서 말씀 부탁드립니다","wordCount":18},"emotion":[],"intent":[]},"answer":{"raw":{"text":"네 그동안 제가 전 회사에서부터 해서 이제 여러 가지 각종의 프로젝트를 진행한 경험이 있는데 어 가장 기억에 남는 부분은 뭐니 뭐니 해도 내 개인이 정말 노력에서 하는 그 성과보다는 한 개 팀에서 어느 큰 프로젝트를 맡았을 때 어 그 팀원들에 의한 그 한 곳을 바라보는 방향 그리고 한 곳을 바라보는 목표 그게 정해졌을 때 정말 파트별로 남아서 정말 불가능할 것 같은 성공하지 못할 것 같은 그 프로젝트들이 정말 큰 아이디어가 나오고 그러한 아이디어를 정말 서로에게 신뢰가 돼서 정말 믿음이 되고 에서 그 부분에 대해서 큰 성과를 내기 위한 각자 맡은 파트에 대한 그런 최선을 다하는 그런 모습을 보였을 때 아 이번 프로젝트 성공할 수 있겠다. 성과가 있겠다. 이렇게 느낌이 왔던 것 같습니다. 서로 간의 협업이나 협동이 정말 중요한 것 같고 그러다보니 그때 했었던 그런 불가능할 것 같은 이런 프로젝트가 성공하면서 가장 기억에 지금도 남고 좋은 교훈으로 삼고 있습니다. 이상입니다.","wordCount":139},"emotion":[],"intent":[{"text":"","expression":"","category":"attitude"}],"summary":{"text":"그동안 회사에서부터 여러 가지 각종의 프로젝트를 진행한 경험이 있는데, 가장 기억에 남는 부분은 한 개 팀이 어느 큰 프로젝트를 맡았을 때 어 그 팀원들에 의한 한 곳을 바라보는 방향과 목표가 정해졌을 때 정말 힘들 것 같은 그 프로젝트들이 성공하지 못할 것 같은 프로젝트들이 성공하면서 좋은 교훈으로 삼고 있습니다.","wordCount":48}}},"rawDataInfo":{"question":{"fileFormat":"wav","fileSize":514958,"duration":16090,"samplingBit":16,"channelCount":1,"samplingRate":"16kHz","audioPath":"/Mock/02.SalesMarketing/Male/Experienced/ckmk_q_sm_m_e_214700.wav"},"answer":{"fileFormat":"wav","fileSize":2670158,"duration":83440,"samplingBit":16,"channelCount":1,"samplingRate":"16kHz","audioPath":"/Mock/02.SalesMarketing/Male/Experienced/ckmk_a_sm_m_e_214700.wav"}}}