{"version":"1.0","dataSet":{"info":{"date":"20230116","occupation":"SM","channel":"MOCK","place":"ONLINE","gender":"MALE","ageRange":"35-44","experience":"EXPERIENCED"},"question":{"raw":{"text":"어 사람들은 살면서 어떤 선택에 있어서 후회를 많이 하곤 합니다 어 그래서 지금까지 한 일들 가운데 가장 후회됐던 일이 어떤 건지 궁금한데요 한 가지만 골라서 말씀해 주시기 바랍니다","wordCount":28},"emotion":[],"intent":[]},"answer":{"raw":{"text":"인생에 있어서 가장 후회했던 일은 바로 중학교 삼 학년 때 고등학교를 배정받는 원서를 쓸 때의 일이었습니다. 저희 때는 자기의 성적에 맞게끔 고등학교를 정할 수 있었는데요. 저는 그때 당시에 특수목적고등학교 다시 말해 특목고를 갈 수 있을 상위 오 퍼센트의 성적을 갖고 있었습니다. 그런데 고등학교 때 하루에 열 세 시간씩 매일 공부하는 것에 대한 두려움과 특목고에는 성적이 뛰어난 학생들이 모여있기 때문에 그들과 경쟁을 해서 이길 자신이 없어 저는 현실 도피를 하고 싶었습니다. 그리고 공부를 쪼금 못하는 곳에 가서 뱀에 머리가 되고 거기서 어린 마음에 여자친구를 사귀고 싶다는 생각에 담임 선생님과 부모님의 극구 만류에도 불구하고 저는 결국 공부 못하는 남녀 공학 학교로 지원을 하고 그렇게 삼 년을 다니면서 성적은 매년 떨어지고 결국 고 삼 때 수학능력시험 성적을 받았을 때 저는 좌절할 수밖에 없었습니다. 뱀의 머리가 아니라 뱀의 꼬리만도 못한 성적이 나왔고 그리고 나서 저는 그 성적표를 받아들고 제가 삼 년 전에 했던 그 어리석은 선택이 결국은 이렇게 큰 실패로 다가오는구나 라는 것을 생각하고 부모님에게 평생 죄스러운 마음으로 지금까지도 제 인생에 있어서 가장 후회되는 일로 기억에 남습니다.","wordCount":163},"emotion":[{"text":"그리고 공부를 쪼금 못하는 곳에 가서 뱀에 머리가 되고 거기서 어린 마음에 여자친구를 사귀고 싶다는 생각에 담임 선생님과   부모님의 극구 만류에도 불구하고 저는 결국 공부 못하는 남녀 공학 학교로 지원을 하고 그렇게 삼 년을 다니면서 성적은 매년 떨어지고 결국 고 삼 때 수학능력시험 성적을 받았을 때 저는 좌절할 수밖에 없었습니다.","expression":"n-sadness","category":"positive"}],"intent":[{"text":"","expression":"","category":"attitude"}],"summary":{"text":"중학교 삼 학년 때 고등학교를 배정 받을 때의 일이 가장 후회스러웠습니다. 저는 특목고를 갈 수 있을 성적의 특수목적고등학교를 진학할 수 있었습니다. 그런데 고등학교 때 매일 공부하는 것에 대한 두려움과 그들과 경쟁해서 이길 자신이 없어 현실 도피를 하고 싶었습니다. 결국 공부하는 남녀 공학 학교로 지원을 하고 성적은 매년 떨어졌는데, 수학능력시험 성적에서 좌절할 수밖에 없었습니다.","wordCount":53}}},"rawDataInfo":{"question":{"fileFormat":"wav","fileSize":548558,"duration":17140,"samplingBit":16,"channelCount":1,"samplingRate":"16kHz","audioPath":"/Mock/02.SalesMarketing/Male/Experienced/ckmk_q_sm_m_e_182786.wav"},"answer":{"fileFormat":"wav","fileSize":2726158,"duration":85190,"samplingBit":16,"channelCount":1,"samplingRate":"16kHz","audioPath":"/Mock/02.SalesMarketing/Male/Experienced/ckmk_a_sm_m_e_182786.wav"}}}