{"version":"1.0","dataSet":{"info":{"date":"20230116","occupation":"SM","channel":"MOCK","place":"ONLINE","gender":"MALE","ageRange":"35-44","experience":"EXPERIENCED"},"question":{"raw":{"text":"만약 지원자님께서 지금 지원하신 이 직무가 아니라 다른 부서에 배치를 받게 되신다면 어떻게 하실 건가요 그래도 업무를 하실 의향이 있으신가요","wordCount":20},"emotion":[],"intent":[]},"answer":{"raw":{"text":"당연히 회사에서 제 능력을 필요한 곳이라면 어디지 이 갈 수 갈 수 있습니다. 저는 영업 쪽에 근무 했지만 사실적으로 프로젝트 매니저로서 여러 가지 부서에 대해서 제 경험들이 있습니다. 당장에는 바로 적응하기가 힘들 수 있겠지만 다른 사람보다 훨씬 더 빠르고 확실하게 적응할 수 있고 재능력도 발휘할 수 있습니다. 그래서 그 그런 문제는 저희에게 전혀 문제가 되지 않기 때문에 저를 믿어 주셨으면 합니다.","wordCount":61},"emotion":[],"intent":[{"text":"","expression":"","category":"attitude"}],"summary":{"text":"저는 영업 쪽에 근무했지만 프로젝트 매니저로서 여러 부서에 대한 경험들이 있어서 다른 사람보다 훨씬 빠르고 확실하게 적응할 수 있고 재능력도 발휘할 수 있습니다.","wordCount":23}}},"rawDataInfo":{"question":{"fileFormat":"wav","fileSize":634958,"duration":19840,"samplingBit":16,"channelCount":1,"samplingRate":"16kHz","audioPath":"/Mock/02.SalesMarketing/Male/Experienced/ckmk_q_sm_m_e_242772.wav"},"answer":{"fileFormat":"wav","fileSize":1071758,"duration":33490,"samplingBit":16,"channelCount":1,"samplingRate":"16kHz","audioPath":"/Mock/02.SalesMarketing/Male/Experienced/ckmk_a_sm_m_e_242772.wav"}}}