{"version":"1.0","dataSet":{"info":{"date":"20230116","occupation":"SM","channel":"MOCK","place":"ONLINE","gender":"MALE","ageRange":"55-","experience":"EXPERIENCED"},"question":{"raw":{"text":"휴식을 취할 때 어떤 일들을 하시는지 말씀해 주시고 왜 그런 일을 하면서 휴식을 취하는지 그 이유도 같이 설명해 주세요","wordCount":19},"emotion":[],"intent":[]},"answer":{"raw":{"text":"휴식을 취할 때는 보통 취미 활동을 합니다. 제가 자주 하는 취미 활동은 운동이나 수영 이런 거를 주로 하고요. 나머지 시간 숙면을 충분하게 취합니다. 이렇게 함으로써 다음 일에 대비하기 위한 것이기도 하고 숙면을 취한다는 거는 그만큼 다음 일을 준비하는데 매우 중요한 과정 중의 하나라고 생각되어지기 때문입니다. 그 외 하는 거는 통키타를 취미 활동으로 주로 배우고 있고 독학으로 하고 있습니다. 지금은 초보 단계이지만 앞으로는 실력을 쌓아서 스스로 연주도 할 수 있는 그런 취미 활동이 되도록 하겠습니다.","wordCount":74},"emotion":[],"intent":[{"text":"제가 자주 하는 취미 활동은 운동이나 수영 이런 거를 주로 하고요.","expression":"c_person","category":"background"}],"summary":{"text":"숙면을 취하는 것은 다음 일을 준비하는데 매우 중요한 과정 중의 하나라고 생각되어져서 보통 취미 활동을 합니다. 그 외에는 통키타를 취미 활동으로 하고 있고 앞으로 실력을 쌓아서 스스로 연주도 할 수 있는 취미 활동이 되도록 하겠습니다.","wordCount":35}}},"rawDataInfo":{"question":{"fileFormat":"wav","fileSize":297038,"duration":9280,"samplingBit":16,"channelCount":1,"samplingRate":"16kHz","audioPath":"/Mock/02.SalesMarketing/Male/Experienced/ckmk_q_sm_m_e_241593.wav"},"answer":{"fileFormat":"wav","fileSize":2892558,"duration":90390,"samplingBit":16,"channelCount":1,"samplingRate":"16kHz","audioPath":"/Mock/02.SalesMarketing/Male/Experienced/ckmk_a_sm_m_e_241593.wav"}}}