{"version":"1.0","dataSet":{"info":{"date":"20230116","occupation":"SM","channel":"MOCK","place":"ONLINE","gender":"MALE","ageRange":"35-44","experience":"EXPERIENCED"},"question":{"raw":{"text":"소통 능력을 키우기 위해서 어떤 일을 하실 수 있을까요","wordCount":9},"emotion":[],"intent":[]},"answer":{"raw":{"text":"어 소통 능력을 키우기 위해서는 이제 여러 가지 방법이 있습니다. 결국 소통 능력을 키운다는 거는 커뮤니케이션을 키워야 하고 또 협업할 수 있는 그런 능력 여러 가지 들이 포함 됐을 때 이 소통이라는 말에 함축돼 있을 것 같습니다. 어 소통을 일단 저희 키우기 위해서는 상대방의 마음을 잘 읽을 줄도 알아야 하고 제일 중요한 거는 상대방 말을 잘 들을 수 있는 준비 경청의 자세가 제일 중요할 것 같습니다. 소통이라는 것은 상대방의 말을 듣고 내의 의견을 해서 그거에 대한 거에 대한 답변이 나오는 게 소통인데 내 하고 싶은 말만 내 의견만 계속 강조하다 보면 상대방은 마음을 닫게 될 겁니다. 그때부터 소통이 아닌 교육이 될 겁니다. 그러기 때문에 소통을 하기 위해서는 상대방 말을 잘 들어줄 수 있는 그런 경청의 자세가 제일 중요할 것 같고 그러기 위해서는 이 심적 안정이 필요합니다. 상대방 말을 듣기 위해서는 내 마음의 준비가 항상 되어 있기 때문에 그런 부분에 대해서는 항상 마음을 열어놓고 준비를 한 상태에서 대 기다리다 보면은 어 저 사람은 말이 참 잘 통해 이런 느낌을 줄 수 있을 것 같습니다. 그래서 여유와 경청의 자세가 제가 생각 했을 때 소통에 가장 핵심이 될 것 같습니다. 이상입니다.","wordCount":178},"emotion":[],"intent":[{"text":"그러기 때문에 소통을 하기 위해서는 상대방 말을 잘 들어줄 수 있는 그런 경청의 자세가   제일 중요할 것 같고 그러기 위해서는 이 심적 안정이 필요합니다.","expression":"c_value","category":"background"},{"text":"그래서 여유와 경청의 자세가 제가 생각 했을 때 소통에   가장 핵심이 될 것 같습니다.","expression":"c_value","category":"background"}],"summary":{"text":"소통 능력을 키우기 위해서는 상대방의 마음을 잘 읽을 줄도 알아야 하고,  제가 하고 싶은 말만 계속 강조하다 보면 상대방이 마음을 닫게 될 것이기 때문에 상대방 말을 잘 들어줄 수 있는 그런 경청의 자세가 제일 중요할 것 같습니다.","wordCount":37}}},"rawDataInfo":{"question":{"fileFormat":"wav","fileSize":213198,"duration":6660,"samplingBit":16,"channelCount":1,"samplingRate":"16kHz","audioPath":"/Mock/02.SalesMarketing/Male/Experienced/ckmk_q_sm_m_e_101741.wav"},"answer":{"fileFormat":"wav","fileSize":2783438,"duration":86980,"samplingBit":16,"channelCount":1,"samplingRate":"16kHz","audioPath":"/Mock/02.SalesMarketing/Male/Experienced/ckmk_a_sm_m_e_101741.wav"}}}