{"version":"1.0","dataSet":{"info":{"date":"20230116","occupation":"SM","channel":"MOCK","place":"ONLINE","gender":"MALE","ageRange":"35-44","experience":"EXPERIENCED"},"question":{"raw":{"text":"지원자님이 생각하는 자신의 노년은 어떤 모습이었으면 좋겠습니까 이상적인 노년의 모습을 설명해 주세요","wordCount":12},"emotion":[],"intent":[]},"answer":{"raw":{"text":"음 제가 생각했을 때 이제 노년의 모습이면 한 제 나이가 육십 넘어서 그때 가면 뭐 칠십 정도 됐을 때가 노년이라고 하지 않을까 한번 생각해 보았습니다. 육십 정도가 됐을 때는 한 삼십 년 정도 뒤 얘긴데 삼십 년 뒤에 모습을 한번 생각해 보았습니다. 일단 개인 취미생활을 많이 하는 그런 모습이 보이는 거 같고 또 여행이나 뭐 산책을 주로 하는 그런 노년의 모습을 그려 봤습니다. 네 그런 모습을 만들기 위해서 내가 나머지 노년의 모습 때는 그렇게 하고 싶은 일을 하고 살기 위해서는 지금 현재가 되게 중요하다고 생각합니다. 어 이제 점점 노인의 나라가 돼가고 있는 대한민국인데 그런 부분에서 봤을 때 경제적인 여건을 만들어 놓은 노인과 그게 그 여건이 되지 않고 칠십이 넘어서도 팔십이 넘어서도 계속 일을 해야 하는 노년이 있을 것입니다. 현재 그렇게 원하는 이상형의 노년의 생활을 보내기 위해서는 현재 회사의 일을 집중하고 어떤 안정적인 지위에 들어갈 수 있는 그런 여건이 만들어져야 그게 가능할 것 같습니다. 이상입니다.","wordCount":144},"emotion":[],"intent":[{"text":"","expression":"","category":"attitude"}],"summary":{"text":"노년의 모습을 그리기 위해서 현재가 중요하다고 생각합니다. 경제적인 여건을 만들어 놓은 노인과 그렇지 않고 계속 일을 해야 하는 노년이 있을 것입니다. 현재 회사에서 일을 집중하고 안정적인 지위에 들어갈 수 있는 여건이 만들어져야 합니다. 이상입니다.","wordCount":34}}},"rawDataInfo":{"question":{"fileFormat":"wav","fileSize":361038,"duration":11280,"samplingBit":16,"channelCount":1,"samplingRate":"16kHz","audioPath":"/Mock/02.SalesMarketing/Male/Experienced/ckmk_q_sm_m_e_146848.wav"},"answer":{"fileFormat":"wav","fileSize":2657358,"duration":83040,"samplingBit":16,"channelCount":1,"samplingRate":"16kHz","audioPath":"/Mock/02.SalesMarketing/Male/Experienced/ckmk_a_sm_m_e_146848.wav"}}}