{"version":"1.0","dataSet":{"info":{"date":"20230116","occupation":"SM","channel":"MOCK","place":"ONLINE","gender":"MALE","ageRange":"55-","experience":"EXPERIENCED"},"question":{"raw":{"text":"업무를 하다 보면 스케줄에 없던 일이 생길 때가 많습니다 지원자님은 이런 상황이 생긴다면 어떻게 대처하실 건지 말씀 부탁드립니다","wordCount":18},"emotion":[],"intent":[]},"answer":{"raw":{"text":"업무적으로 스케줄에 없던 일이 갑작스럽게 생긴다면 급한 업무부터 처리해야 된다고 봅니다. 스케줄에 없던 일을 우선적으로 처리하고 스케줄 관리는 평상시 계획성 있게 진행하기 때문에 우선 순위를 두고 일 처리를 하면 원만하게 할 수 있다 라고 보여집니다.","wordCount":35},"emotion":[],"intent":[{"text":"","expression":"","category":"attitude"}],"summary":{"text":"스케줄에 없던 일을 우선적으로 처리하고 스케줄 관리는 계획성 있게 진행하기 때문에 원만하게 할 수 있다 라고 보여지고 있습니다.","wordCount":18}}},"rawDataInfo":{"question":{"fileFormat":"wav","fileSize":594958,"duration":18590,"samplingBit":16,"channelCount":1,"samplingRate":"16kHz","audioPath":"/Mock/02.SalesMarketing/Male/Experienced/ckmk_q_sm_m_e_211156.wav"},"answer":{"fileFormat":"wav","fileSize":1573198,"duration":49160,"samplingBit":16,"channelCount":1,"samplingRate":"16kHz","audioPath":"/Mock/02.SalesMarketing/Male/Experienced/ckmk_a_sm_m_e_211156.wav"}}}