{"version":"1.0","dataSet":{"info":{"date":"20230116","occupation":"SM","channel":"MOCK","place":"ONLINE","gender":"MALE","ageRange":"55-","experience":"EXPERIENCED"},"question":{"raw":{"text":"지원자님께서는 무언가를 달성하기 위해 목표를 세우고 이 삼 년간 열심히 노력해서 목표를 달성한 경험이 있나요 얘기해 보세요","wordCount":17},"emotion":[],"intent":[]},"answer":{"raw":{"text":"제가 이천 십 년도에 나를 위한 제 이의 인생 설계를 하였습니다. 제가 처음 대학을 입학했을 때는 전공이 전산통계학이었어요. 그걸 기반으로 해서 아이티 기업에서 한 십 오 년 정도의 에 사회적 경력을 다졌는데요. 그 이후에 제가 이천 십 년도에 와서 인문학에 대한 공부를 해야 되겠다 라고 계획을 세웠습니다. 그래서 한국방송통신대학교에 교육학과 또 동대학원의 평생교육학을 공부하면서 인문학에 대한 중요한 요소 또 인문학에 대한 중요한 부분을 배우고 되었어요. 특별히 인제 사회적 복지에 대한 부분 또 개인적 복지에 대한 부분 또 인간 행동 연구에 대한 부분 또 어 프로이드가 이야기하는 성격 분석에 대한 부분 이런 부분을 이제 공부를 하게 되었죠. 그러면서 뭔가 아 인문학적 요소 사회과학적 요소가 왜 중요한지를 좀 알게 되었습니다. 그걸 통해서 대학원을 졸업할 때 여러 커뮤니 활동도 하면서 어 대학원을 졸업하게 되었는데요 졸업하면서 사백 오십 명 중에서 삼십 명이 수상하는 평생 학습상을 수상을 하였습니다. 결국 이것이 에 나 하나의 목표는 아니었으나 단기적인 나의 어떤 사항을 이루는 데 있어서 중요한 요소로 작용을 하였습니다. 감사합니다.","wordCount":152},"emotion":[{"text":"제가 처음 대학을 입학했을 때는 전공이 전산통계학이었어요.","expression":"u-fact","category":"neutral"},{"text":"그걸 기반으로 해서 아이티 기업에서 한 십 오 년 정도의 에 사회적 경력을 다졌는데요.","expression":"u-fact","category":"neutral"},{"text":"그걸 통해서 대학원을 졸업할 때 여러 커뮤니 활동도 하면서 어 대학원을 졸업하게 되었는데요 졸업하면서 사백 오십 명 중에서 삼십 명이 수상하는 평생 학습상을 수상을 하였습니다.","expression":"u-fact","category":"neutral"}],"intent":[{"text":"제가 처음 대학을 입학했을 때는 전공이 전산통계학이었어요.","expression":"c_private","category":"background"},{"text":"그 이후에 제가 이천 십 년도에 와서 인문학에 대한 공부를 해야 되겠다 라고 계획을 세웠습니다.","expression":"c_imp","category":"personality"},{"text":"그래서 한국방송통신대학교에 교육학과 또 동대학원의 평생교육학을 공부하면서 인문학에 대한 중요한 요소 또 인문학에 대한 중요한 부분을 배우고 되었어요.","expression":"c_imp","category":"personality"},{"text":"특별히 인제 사회적 복지에 대한 부분 또 개인적 복지에 대한 부분 또 인간 행동 연구에 대한 부분 또 어 프로이드가 이야기하는 성격 분석에 대한 부분 이런 부분을 이제 공부를 하게 되었죠.","expression":"c_imp","category":"personality"}],"summary":{"text":"이천 십 년도에 나를 위한 제 이의 인생 설계를 하였습니다. 대학 입학 당시 전공이 전산통계학이었고, 그 후 한국방송통신대학교에 교육학과, 동대학원의 평생교육학을 공부하면서 인문학적 요소 사회과학적 요소가 왜 중요한지를 알게 되었습니다. 대학원을 졸업하면서 평생 학습상을 수상하기도 했습니다. 이것이 단기적인 저의 어떤 사항을 이루는 데 중요한 요소로 작용하였습니다.","wordCount":46}}},"rawDataInfo":{"question":{"fileFormat":"wav","fileSize":633038,"duration":19780,"samplingBit":16,"channelCount":1,"samplingRate":"16kHz","audioPath":"/Mock/02.SalesMarketing/Male/Experienced/ckmk_q_sm_m_e_246476.wav"},"answer":{"fileFormat":"wav","fileSize":3461198,"duration":108160,"samplingBit":16,"channelCount":1,"samplingRate":"16kHz","audioPath":"/Mock/02.SalesMarketing/Male/Experienced/ckmk_a_sm_m_e_246476.wav"}}}