{"version":"1.0","dataSet":{"info":{"date":"20230116","occupation":"SM","channel":"MOCK","place":"ONLINE","gender":"MALE","ageRange":"45-54","experience":"EXPERIENCED"},"question":{"raw":{"text":"지원자분께서는 인생을 살아가면서 무언가 하나에만 푹 빠져서 이와 관련해서 몰두해 보신 경험이 있으신지 궁금합니다 그런 경험이 있으시다고 한다면 그게 무엇일지에 대해서도 얘기해 주세요","wordCount":23},"emotion":[],"intent":[]},"answer":{"raw":{"text":"저 지금이요. 저는 저는 제 사업 제 가게에 정말 큰 희망을 품고 시작을 했어요. 네 왜냐하면 봐왔던 것도 많고 정말 들어온 소문들도 무성해서 저도 조금 그런 결로 할 수 있지 않을까 싶었는데 아 생각보다 너무 오래 걸리네요. 그래서 열심히 일을 하고 있습니다. 정말 제가 한 점 부끄러움 없이 정말 제가 열심히 날마다 그 다른 지점보다 더 일찍 나가서 다 청소하고 새로운 마음으로 항상 이제 매대에 있는데 아직 뭔가 생각만큼의 결과가 안 나와요. 네 그래서 뭐 이 등 당첨까지는 저희 가게에서 저희 매장에서 나왔지만 아직 일 등이 없기 때문에 좀 그런 영향들을 제가 받고 그까 저도 좀 손님들에게 좋은 기운을 드릴 수 있는 네 지금 제가 하는 일이 좋은 기운이 필요한 일이니까 서로 오가는 그런 에너지가 좀 필요하다는 생각이 들어요.","wordCount":119},"emotion":[],"intent":[{"text":"","expression":"","category":"attitude"}],"summary":{"text":"저는 제 사업 제 가게에 큰 희망을 품고 시작했으나 생각보다 긴 시간이 걸려 열심히 일을 하고 있습니다. 아직 생각만큼의 결과가 안 나오는 경우, 손님에게 좋은 기운이 필요한 일이니 서로 오가는 에너지가 좀 필요하다는 생각이 듭니다.","wordCount":35}}},"rawDataInfo":{"question":{"fileFormat":"wav","fileSize":632398,"duration":19760,"samplingBit":16,"channelCount":1,"samplingRate":"16kHz","audioPath":"/Mock/02.SalesMarketing/Male/Experienced/ckmk_q_sm_m_e_179695.wav"},"answer":{"fileFormat":"wav","fileSize":2745038,"duration":85780,"samplingBit":16,"channelCount":1,"samplingRate":"16kHz","audioPath":"/Mock/02.SalesMarketing/Male/Experienced/ckmk_a_sm_m_e_179695.wav"}}}