{"version":"1.0","dataSet":{"info":{"date":"20230116","occupation":"SM","channel":"MOCK","place":"ONLINE","gender":"MALE","ageRange":"35-44","experience":"EXPERIENCED"},"question":{"raw":{"text":"일을 하다 보면 상사와 트러블이 생길 수 있는데 어떻게 할 것입니까 지원자님께서는 또 상사가 혼내면 기분 나쁘시진 않을까요","wordCount":18},"emotion":[],"intent":[]},"answer":{"raw":{"text":"어 업무를 진행하다 보면 이제 상사나 하급자와 트러블이 생길 수 있습니다. 분명히 있을 수밖에 없는 것이고 다 생각하는 가치관이 틀리고 업무 추구 방식이 틀리기 때문에 원하지 않는 방향으로 상대방이 보인다는 것은 당연한 일입니다. 그 부분에서 상사가 본인에게 혼내거나 뭐 나무랄 수는 있는데 그 상황이 감정적인 혼냄인지 아니면 어 형식적인 뭐 업무적으로써 어 조언을 해주는 건지 지도를 해주는 것은 그 사람 눈을 보면 알 수 있을 것입니다. 억양을 본다든지 이렇게 판단했을 때 그게 감정적이지 않고 정말 가르쳐주고 싶다 뭐 이런 느낌이 든다면은 혼내준다는 거는 그만큼 조언을 해주고 싶은 거고 알려주고 싶은 거기 때문에 그 부분에 대해서는 뭐 기분이 나쁘거나 하지는 않을 것 같습니다. 오히려 그 상사에게 아 나를 많이 가르쳐주고 싶고 키워주고 싶구나 이런 느낌이 들어서 오히려 감사해 할 것 같습니다. 네 이런 이제 여러 가지로 인제 업무적으로 트러블이 생기는 부분은 이제 어쩔 수가 없는데 그 부분에 대해서는 서로 자기만의 그런 감정적인 것들만 건드리지 않고 자존심만 상하지 않게 한다면은 큰 트러블이 생길 것 같지는 않습니다. 이상입니다.","wordCount":155},"emotion":[],"intent":[{"text":"억양을 본다든지 이렇게 판단했을 때 그게 감정적이지 않고 정말 가르쳐주고 싶다   뭐 이런 느낌이 든다면은 혼내준다는 거는 그만큼 조언을 해주고 싶은 거고 알려주고 싶은 거기 때문에 그 부분에 대해서는 뭐 기분이 나쁘거나 하지는 않을 것 같습니다.","expression":"c_confl_mg","category":"personality"}],"summary":{"text":"업무 진행 중 상사나 하급자와 트러블이 생길 수 있습니다. 상사가 본인에게 혼내거나 나무랄 수는 있지만 그 상황이 감정적인 혼냄인지 업무적 조언을 하는 것인지는 그 사람 눈을 보면 알 수 있을 것입니다. 그렇다고 해서 기분 나쁘지는 않을 것 같습니다. 서로 자기만의 감정적인 것들만 건드리지 않고 자존심을 상하지 않게 하면 될 것 같습니니다.","wordCount":51}}},"rawDataInfo":{"question":{"fileFormat":"wav","fileSize":679118,"duration":21220,"samplingBit":16,"channelCount":1,"samplingRate":"16kHz","audioPath":"/Mock/02.SalesMarketing/Male/Experienced/ckmk_q_sm_m_e_146850.wav"},"answer":{"fileFormat":"wav","fileSize":2688718,"duration":84020,"samplingBit":16,"channelCount":1,"samplingRate":"16kHz","audioPath":"/Mock/02.SalesMarketing/Male/Experienced/ckmk_a_sm_m_e_146850.wav"}}}