{"version":"1.0","dataSet":{"info":{"date":"20230116","occupation":"SM","channel":"MOCK","place":"ONLINE","gender":"MALE","ageRange":"55-","experience":"EXPERIENCED"},"question":{"raw":{"text":"창의성과 팀워크 중 더 중요하다고 여기시는 것은 무엇입니까 근거도 함께 들어서 말씀해 주시기 바랍니다","wordCount":14},"emotion":[],"intent":[]},"answer":{"raw":{"text":"창의성보다 더 중요한 것은 팀 워크입니다. 저는 개인적으로 팀웍이 더 중요하다고 봅니다. 우리가 축구 경기와 똑같다고 생각되어 집니다. 축구에서도 스타 플레이어 혼자서 그 게임을 승리로 이끌 수는 없습니다. 열 한 명의 축구 선수 중에 한 명 내지 두 명이 잘한다 해서 그 경기를 승리로 이끌 수 없는 것처럼 그래서 팀 워크가 가장 중요하다고 봅니다. 개개인의 팀웍이 결국은 승리로 이끈다고 생각되어지기 때문입니다. 열 한 명 중 한 명만 우수하다고 해서 그 팀이 우수하다고 볼 수 없습니다. 그래서 저는 전체 인원이 팀 워크를 만들어서 모든 경기에서 승리할 수 있다고 보여지기 때문이지요.","wordCount":89},"emotion":[],"intent":[{"text":"","expression":"","category":"attitude"}],"summary":{"text":"창의성보다 더 중요한 것은 팀 워크입니다. 개개인의 팀워크가 결국은 승리로 이끈다고 생각되어지기 때문입니다. 전체 인원이 팀워크를 만들어서 모든 경기에서 승리할 수 있다고 보여지기 때문입니다.","wordCount":24}}},"rawDataInfo":{"question":{"fileFormat":"wav","fileSize":353998,"duration":11060,"samplingBit":16,"channelCount":1,"samplingRate":"16kHz","audioPath":"/Mock/02.SalesMarketing/Male/Experienced/ckmk_q_sm_m_e_241597.wav"},"answer":{"fileFormat":"wav","fileSize":2938318,"duration":91820,"samplingBit":16,"channelCount":1,"samplingRate":"16kHz","audioPath":"/Mock/02.SalesMarketing/Male/Experienced/ckmk_a_sm_m_e_241597.wav"}}}