{"version":"1.0","dataSet":{"info":{"date":"20230116","occupation":"SM","channel":"MOCK","place":"ONLINE","gender":"MALE","ageRange":"35-44","experience":"EXPERIENCED"},"question":{"raw":{"text":"우리 회사에 입사를 했는데 생각했던 것보다 업무 내용이나 강도가 전혀 다르다면 어떻게 대처하실 건가요","wordCount":14},"emotion":[],"intent":[]},"answer":{"raw":{"text":"어떤 업무든 제가 예상했던 것과는 항상 달랐습니다. 업무 내용이나 강도가 많이 다르다면 일단 최선은 삼 개월에서 육 개월 정도 업무에 대한 적응 시기를 두겠습니다. 제가 이 업무에 적응하지 못하거나 아니면 업무에 대한 역량이 부족하 해서 업무가 힘든 건지 아니면 실제적으로 이 업무가 혼자 할 수 있는 업무가 아닌 건지에 대해서 육 개월까지 파악을 해 보고 그 후부터는 부서장 및 대표 이사님과 또 다른 합의점을 찾겠습니다. 지금 당장 받은 업무가 제가 생각했던 것과 다르거나 업무의 강도가 너무 강하다고 해서 퇴사를 하는 것은 직장인의 덕목으로 맞지 않습니다. 특히나 업무 강도가 너무 쎄서 업무량이 많거나 또는 혼자 감당할 수 없는 일이거나 한다면 전문가를 붙여주거나 또 다른 직원을 배치해서 같이 업무를 할당하여 해나가는 것도 하나의 방법입니다. 또는 주말 근무 야근에 대한 적정한 보상이 있다고 하거나 보상 휴가를 대체 휴가로 해 준다면 업무에 대해서 육 개월 정도까지는 적응해서 진행해 볼 요량이 있습니다. 그 후에 업무에 대한 개선이 일어나지 않는다면 또 다른 논의를 통해서 업무를 진행하도록 하겠습니다.","wordCount":151},"emotion":[],"intent":[{"text":"업무 내용이나 강도가 많이 다르다면 일단 최선은   삼 개월에서 육 개월 정도 업무에 대한 적응 시기를 두겠습니다.","expression":"c_adp","category":"personality"},{"text":"제가 이 업무에 적응하지 못하거나 아니면 업무에 대한 역량이 부족하 해서   업무가 힘든 건지 아니면 실제적으로 이 업무가 혼자 할 수 있는 업무가 아닌 건지에 대해서 육 개월까지 파악을 해 보고 그 후부터는 부서장 및 대표 이사님과 또 다른 합의점을 찾겠습니다.","expression":"c_adp","category":"personality"},{"text":"지금 당장 받은 업무가 제가 생각했던 것과 다르거나 업무의 강도가 너무 강하다고 해서 퇴사를 하는 것은 직장인의 덕목으로 맞지 않습니다.","expression":"c_value","category":"background"},{"text":"그 후에 업무에 대한 개선이 일어나지 않는다면 또 다른 논의를 통해서 업무를 진행하도록 하겠습니다.","expression":"c_adp","category":"personality"}],"summary":{"text":"업무 내용이나 강도가 다르다면 일단 삼 개월에서 육 개월 정도 업무에 대한 적응 시기를 두고, 그 후부터는 부서장 및 대표 이사님과 또 다른 합의점을 찾겠습니다. 그 후 업무에 대한 개선이 일어나지 않는다면 또 다른 논의를 통해서 업무를 진행하도록 하겠습니다.","wordCount":39}}},"rawDataInfo":{"question":{"fileFormat":"wav","fileSize":326478,"duration":10200,"samplingBit":16,"channelCount":1,"samplingRate":"16kHz","audioPath":"/Mock/02.SalesMarketing/Male/Experienced/ckmk_q_sm_m_e_164943.wav"},"answer":{"fileFormat":"wav","fileSize":2504398,"duration":78260,"samplingBit":16,"channelCount":1,"samplingRate":"16kHz","audioPath":"/Mock/02.SalesMarketing/Male/Experienced/ckmk_a_sm_m_e_164943.wav"}}}