{"version":"1.0","dataSet":{"info":{"date":"20230116","occupation":"SM","channel":"MOCK","place":"ONLINE","gender":"MALE","ageRange":"45-54","experience":"EXPERIENCED"},"question":{"raw":{"text":"어 본인이 자영업자라고 한 번 생각을 해보고 그래서 이제 해외랑 한번 거래를 한다 생각을 한 번 해보세요 해외에 직접 물건을 파는 사업을 한다면 어떤 물건을 팔고 싶은지 생각해 봤어요","wordCount":29},"emotion":[],"intent":[]},"answer":{"raw":{"text":"직접 해외에 물건을 파는 사업을 한다면 어떤 물건을 팔아 볼 것인지 이에 대해서 문의를 해 주셨는데요. 일 일단 직접 해외에 물건을 파는 부분이 사업을 한다고 하면 비투비인지 비투씨인지 일단 고민을 해 봐야 될 것 같구요. 저 개인적으로는 비투씨보다는 비투비 영업 쪽에 특화가 돼 있다고 생각을 해서 예전부터 여러 가지 제품을 팔아본 경험을 가지고 있습니다. 특히 인더스트레스 소잉 머신 쪽이나 아니면 케미컬 쪽 그리고 엘이디 엘이디 백 라이트 등등 이러한 부분들은 비투씨가 아닌 비투비 영업을 진행을 했었습니다. 따라서 어떤 지금 이상 제가 지금 하고 있는 비즈니스 관련된 부분들은 아 엘씨디를 판매하는 회사에서 에프에이이 로서 근무를 했었습니다. 따라서 그 당시에 지금도 어떤 물건을 팔아볼 건지에 관련된 부분들은 백 라이트나 아 엘이디 일을 해서 하는 부분들을 팔아볼 것이라고 생각을 합니다. 비투씨는 가격 경쟁력에 노출되어 있는 부분이 많이 있지만 비투비에 관련된 부분들은 가격도 가격이 당연히 중요하지만 나름대로는 나름대로 노하우 갖고 있습니다.","wordCount":137},"emotion":[],"intent":[{"text":"","expression":"","category":"attitude"}],"summary":{"text":"비투비 영업에 특화된 저 개인적으로 인더스트레스 소잉 머신 쪽이나,케미컬 쪽,엘이디 엘이디 백 라이트 등은 비투씨 영업을 진행을 했습니다. 비투비는 가격 경쟁력에 노출되어 있는 부분이 많지만 비투비에 관련된 부분들은 가격도 가격도 중요하지만 나름의 노하우 갖고 있습니다.","wordCount":35}}},"rawDataInfo":{"question":{"fileFormat":"wav","fileSize":581518,"duration":18170,"samplingBit":16,"channelCount":1,"samplingRate":"16kHz","audioPath":"/Mock/02.SalesMarketing/Male/Experienced/ckmk_q_sm_m_e_105512.wav"},"answer":{"fileFormat":"wav","fileSize":2780238,"duration":86880,"samplingBit":16,"channelCount":1,"samplingRate":"16kHz","audioPath":"/Mock/02.SalesMarketing/Male/Experienced/ckmk_a_sm_m_e_105512.wav"}}}