{"version":"1.0","dataSet":{"info":{"date":"20230116","occupation":"SM","channel":"MOCK","place":"ONLINE","gender":"MALE","ageRange":"35-44","experience":"EXPERIENCED"},"question":{"raw":{"text":"그동안 인생을 살아오면서 지원자님께서 겪어왔던 갈등들 가운데 가장 심각했던 갈등은 무엇인가요 한 가지만 골라서 말씀해 주시기 바랍니다","wordCount":17},"emotion":[],"intent":[]},"answer":{"raw":{"text":"제가 인생에서 겪었던 갈등 중에 가장 심각했던 것은 바로 직장 상사와의 불화입니다. 모든 사람들이 직장 상사 때문에 굉장히 많은 스트레스를 받는데요 한 연구 결과에 따르면 팔십 오 퍼센트가 직장 상사와의 불화 때문에 퇴사를 결정하는 일이 상당히 많다고 합니다. 모든 직장 상사나 매니저 팀장 또는 대표이사가 굉장히 똑똑하고 합리적일 것 같지만 실제적으로 그렇지 않은 사람들이 많습니다. 그래서 그런 직장 상사를 만날 때 처음에는 직장 상사의 의견이나 결과치가 분명히 틀린 것을 알지만 그래서 저의 의견을 관철하기 위해서 지속적으로 의견 제시를 하고 갈등을 겪었습니다. 하지만 직장생활을 하면서 가장 필요한 것은 팀원들과의 융화입니다. 그 팀장이 옳지 않은 일을 하고 옳지 않은 결정을 하다고 하더라도 때로는 그것을 받아들이고 우회적으로 표현을 하면서 좋은 솔루션을 찾아나가는 것도 직장인들이 해야할 직장 생활의 태도라고 생각합니다. 직장 상사와의 불화 때문에 약 한 삼 년 동안 퇴사에 대한 압박도 받았고 고민도 했었지만 그 직장 상사를 이겨내고 그 그와 융화하면서 이제는 웬만한 사람들을 다 견딜 수 있는 내성이 생긴 것 같습니다.","wordCount":149},"emotion":[],"intent":[{"text":"","expression":"","category":"attitude"}],"summary":{"text":"직장 상사와의 불화로 약 한 삼 년 동안 퇴사에 대한 압박도 받았고 고민도 했었지만 그 직장 상사를 이겨내고 그 그와 융화하면서 이제는 웬만한 사람들을 다 견딜 수 있는 내성이 생긴 것 같습니다.","wordCount":32}}},"rawDataInfo":{"question":{"fileFormat":"wav","fileSize":459598,"duration":14360,"samplingBit":16,"channelCount":1,"samplingRate":"16kHz","audioPath":"/Mock/02.SalesMarketing/Male/Experienced/ckmk_q_sm_m_e_156278.wav"},"answer":{"fileFormat":"wav","fileSize":2603598,"duration":81360,"samplingBit":16,"channelCount":1,"samplingRate":"16kHz","audioPath":"/Mock/02.SalesMarketing/Male/Experienced/ckmk_a_sm_m_e_156278.wav"}}}