{"version":"1.0","dataSet":{"info":{"date":"20230116","occupation":"SM","channel":"MOCK","place":"ONLINE","gender":"MALE","ageRange":"55-","experience":"EXPERIENCED"},"question":{"raw":{"text":"일반인들의 생활 속에는 아 첨단 제품들이 많이 활용되고 있습니다 이렇듯 어 가상 현실이라든지 어떤 최신 어 아이티 기술을 활용한 어 마케팅 방안이 있는지 한번 제시해 주시겠습니까","wordCount":26},"emotion":[],"intent":[]},"answer":{"raw":{"text":"지금 떠오르는 브이알 등 최신 아이티 기술을 활용한 괜찮은 마케팅 방안이 있다면 무엇인지 말씀해 주세요. 아 예 아 요즘에 떠오르는 것은 뭔가 그 가상 현실이라든가 현실을 보는 그런 아이티 기술을 활용한 그런 기계들이 많이 아 만들어지고 있고 또한 앞으로는 그러한 그 디스플레이 같은 그러한 아 내용을 통하여서 뭔가를 볼 수 있는 그러한 아 아이티 기술들이 많이 개발될 것이라고 생각합니다. 또한 이 기술을 활용한 좋은 마케팅 방안이 있다면 어떤 것이 있을까요. 글쎄요 저는 어 마케팅을 통하여서 많은 것들을 할 수 있을 거라고 생각합니다. 왜냐하면 아 뭔가를 어 이런 브이알이라든가 이런 걸 통해서 경험해볼 수 있는 것 자기가 직접 써 볼 수 있는 거 자기가 직접 뭔가를 할 수 있는 것들 그러한 스포츠 분야 이런 쪽이 더욱더 유망하다고 생각할 수 있을 것 같습니다. 직접 브이알을 끼고 그거 그 일을 가상 현실을 직접 하는 겁니다. 아 골프채를 들고 골프 스윙을 하고 탁구채를 잡고 탁구를 하고 그러한 가상 현실을 통하여서 브이알을 통하여서 직접 해보는 것 이런 것이 어떻게 보면은 앞으로 우리가 해야 될 그러한 일인 것 같고 아이티 분야에서 혁신을 줄 수 있는 그런 부분인 것 같습니다. 또한 생활에 밀접한 그런 부분들 운전을 하는 거라든가 이런 것들도 직접 브이알을 통하여서 해보는 것이 더욱더 중요하다고 생각합니다. 어떻게 보면은 어 이 그 실질적인 그러한 모습을 가지고 일을 하는 것이 어떻게 보면 큰 도움이 될 것이라고 생각을 합니다. 아 많은 아 도움이 되도록 노력을 하도록 하겠습니다.","wordCount":219},"emotion":[],"intent":[{"text":"","expression":"","category":"attitude"}],"summary":{"text":"요즘 떠오르는 브이알 등 최신 아이티 기술을 활용한 마케팅 방안이 있다면 무엇인가요? 브이알이라든가 이런 걸 통해서 경험해볼 수 있는 것 자기가 직접 써 볼 수 있는 것들 스포츠 분야 이런 쪽이 더욱더 유망하다고 생각할 수 있을 것 같습니다. 직접 브이알을 끼고 거기서 일을 하는 것이 어떻게 보면은 우리가 해야 될 일인 것 같고, 아이티 분야에서 혁신을 줄 수 있는 부분인 것 같으며, 생활에 밀접한 부분들 운전이나 자동차 분야도 브이알이 큰 도움이 될 것입니다.","wordCount":73}}},"rawDataInfo":{"question":{"fileFormat":"wav","fileSize":612558,"duration":19140,"samplingBit":16,"channelCount":1,"samplingRate":"16kHz","audioPath":"/Mock/02.SalesMarketing/Male/Experienced/ckmk_q_sm_m_e_229190.wav"},"answer":{"fileFormat":"wav","fileSize":3792078,"duration":118500,"samplingBit":16,"channelCount":1,"samplingRate":"16kHz","audioPath":"/Mock/02.SalesMarketing/Male/Experienced/ckmk_a_sm_m_e_229190.wav"}}}