{"version":"1.0","dataSet":{"info":{"date":"20230116","occupation":"SM","channel":"MOCK","place":"ONLINE","gender":"MALE","ageRange":"35-44","experience":"EXPERIENCED"},"question":{"raw":{"text":"일을 하다 보면은 상사와 트러블이 생길 수 있는데 지원자님께서는 어떻게 하실 건가요 그리고 또 상사가 혼내면 기분 나쁘시진 않을까요","wordCount":19},"emotion":[],"intent":[]},"answer":{"raw":{"text":"직장에서 모든 일을 어떤 일을 하든 상사와 트러블이 생기지 않을 수 없습니다. 왜냐하면 상사 역시 저와 다른 인격체고 저와 다른 경험과 지식과 지금까지의 모든 업무에 대한 파악을 하고 있기 때문에 제가 알고 있는 내용이 틀릴 수도 있고 상사가 알고 있는 내용이 잘못됐을 수도 있습니다. 그래서 트러블은 피할 수 있는 것이 아니라 맞닥뜨려서 어떻게 대응하는 것이냐가 가장 중요합니다. 당연히 저의 직장 상사기 때문에 직장 상사의 의견을 먼저 수렴합니다. 그리고 상사가 혼내면 누구나 다 기분은 나쁩니다. 하지만 조직 경영 이론에 따르면 조직에서 내가 혼이 나거나 기분 나쁜 소리를 듣는 것은 월급 받는 것의 일부분이라고 하는 어떤 표현이 있습니다. 그렇기 때문에 내가 남의 돈을 받고 회사에서 조직 생활을 하면 기분 나쁜 소리는 당연히 들을 수 있는 거고요. 그 듣는 것을 기분 나빠 함과 동시에 내가 어떤 점이 부족할까 스스로를 한번 되돌아보는 기회라고 생각합니다. 상사와 트러블이 생겼을 때 상사와의 입장을 더 이해하고 상사를 와 대화를 통해서 어떻게 하면 이 트러블을 앞으로 만들지 않을 수 있는지 그리고 내가 잘못한 부분은 무엇인지 상사가 잘못한 부분은 무엇인지 브레인스토밍을 통해서 해결해 나갈 수 있으면 될 것 같습니다.","wordCount":169},"emotion":[],"intent":[{"text":"","expression":"","category":"attitude"}],"summary":{"text":"직장에서 트러블은 피할 수 있는 것이 아니라 어떻게 대응하느냐가 가장 중요합니다. 조직 경영 이론에 따르면 조직에서 제가 혼이 나거나 기분 나쁜 소리를 듣는 것은 월급 받는 것의 일부분이라고 하는 어떤 표현이 있습니다. 상사와의 입장을 더 이해하고 대화를 통해서 제가 잘못한 부분은 무엇인지 상사가 지적한 부분은 무엇인지 브레인스토밍을 통해 해결해 나가야 될 것 같습니다.","wordCount":53}}},"rawDataInfo":{"question":{"fileFormat":"wav","fileSize":538318,"duration":16820,"samplingBit":16,"channelCount":1,"samplingRate":"16kHz","audioPath":"/Mock/02.SalesMarketing/Male/Experienced/ckmk_q_sm_m_e_156281.wav"},"answer":{"fileFormat":"wav","fileSize":2713358,"duration":84790,"samplingBit":16,"channelCount":1,"samplingRate":"16kHz","audioPath":"/Mock/02.SalesMarketing/Male/Experienced/ckmk_a_sm_m_e_156281.wav"}}}