{"version":"1.0","dataSet":{"info":{"date":"20230116","occupation":"SM","channel":"MOCK","place":"ONLINE","gender":"MALE","ageRange":"-34","experience":"EXPERIENCED"},"question":{"raw":{"text":"이제까지 일하면서 협업을 하며 가장 어려웠던 점과 그 어려움을 어떻게 해결하셨는지 말씀해 주세요","wordCount":13},"emotion":[],"intent":[]},"answer":{"raw":{"text":"협업을 하면서 가장 힘들었던 건 다른 사람과 의견이 맞지 않아서 힘들었던 것 같습니다. 이런 의견 충돌을 어떻게 하면 해결할 수 있을까 라고 고민을 하던 중에 데이터를 가지고 이야기를 하자 라는 의견이 나왔습니다. 쉽게 얘기해서 과거에 있던 데이터와 사례를 가지고 와서 본인의 논리를 뒷받침하는 것입니다. 이렇게 하니깐 그냥 억지를 부리는 사람들보다는 좀 더 논리를 가지고 이야기를 할 수 있었고 의견 충돌이 조금은 줄어들었던 것 같습니다.","wordCount":64},"emotion":[],"intent":[{"text":"","expression":"","category":"attitude"}],"summary":{"text":"협업할 때 의견 충돌을 해결하기 위해 과거 데이터와 사례를 가지고 본인의 논리를 뒷받침하면 의견 충돌이 줄어들 것 같습니다. 의견 충돌 해결에 도움이 되었습니다.","wordCount":23}}},"rawDataInfo":{"question":{"fileFormat":"wav","fileSize":274318,"duration":8570,"samplingBit":16,"channelCount":1,"samplingRate":"16kHz","audioPath":"/Mock/02.SalesMarketing/Male/Experienced/ckmk_q_sm_m_e_208287.wav"},"answer":{"fileFormat":"wav","fileSize":1549198,"duration":48410,"samplingBit":16,"channelCount":1,"samplingRate":"16kHz","audioPath":"/Mock/02.SalesMarketing/Male/Experienced/ckmk_a_sm_m_e_208287.wav"}}}