{"version":"1.0","dataSet":{"info":{"date":"20230116","occupation":"SM","channel":"MOCK","place":"ONLINE","gender":"MALE","ageRange":"35-44","experience":"EXPERIENCED"},"question":{"raw":{"text":"입사 후 어떤 채널을 마케팅 하고 싶나요 신중하게 생각하여 말씀해 주세요","wordCount":11},"emotion":[],"intent":[]},"answer":{"raw":{"text":"마케팅 채널 중에 가장 어렵고 익히기 힘들다고 하는 메타 회사의 페이스북과 인스타를 해보고 싶습니다. 제가 온라인 마케팅을 공부하면서 가장 어려웠던 것이 페이스북 광고 설정 및 페이스북 페이지 설정이었습니다. 하지만 페이스북은 전세계 삼십 억 명 이상이 사용하는 엄청난 채널이고 파급 효과가 큽니다. 파급 효과가 크고 많은 사람들이 사용하지만 그만큼 다루기도 어렵고 웬만한 사람들이 단순하게 한 두 번의 강의로 알아들을 수 있는 광고를 할 수가 없습니다. 그렇기 때문에 저만의 독보적인 영역을 만들어서 페이스북과 인스타를 통해서 저희 제품을 사람들에게 많이 알리고 세일즈 리드 또는 마케팅 리드를 일으키고 싶습니다. 페이스북은 빅데이터와 구글 머신 러닝 같은 것들을 많이 알아야 됩니다. 단순하게 그냥 광고만 올린다고 광고가 노출되거나 사람들이 관심을 보이지 않습니다. 페이스 북에는 픽셀이라는 기능을 통해서 한 번 내 이 광고에 관심을 가졌던 사람들에게 지속적으로 에이아이가 그 광고를 보여주고 그렇게 해서 그 사람이 어느 시점에 어떤 물품에 몇 초 이상을 머물렀는지까지 전부 파악이 되기 때문에 나중에 빅데이터로서 활용하기도 좋고 마케팅 채널로서 최고의 플랫폼이 아닌가 이런 생각이 듭니다.","wordCount":151},"emotion":[],"intent":[{"text":"","expression":"","category":"attitude"}],"summary":{"text":"페이스북은 전세계 삼 억 명 이상이 사용하는 엄청난 채널이고 파급 효과가 크기 때문에 저만의 독보적인 영역을 만들어서 페이스북과 인스타를 통해서 저희 제품을 사람들에게 많이 알리고 세일즈 리드 또는 마케팅 리드를 일으키고 싶습니다. 페이스북은 빅데이터와 구글 머신 러닝 같은 것들을 많이 알아야 합니다.","wordCount":42}}},"rawDataInfo":{"question":{"fileFormat":"wav","fileSize":272078,"duration":8500,"samplingBit":16,"channelCount":1,"samplingRate":"16kHz","audioPath":"/Mock/02.SalesMarketing/Male/Experienced/ckmk_q_sm_m_e_170022.wav"},"answer":{"fileFormat":"wav","fileSize":2767438,"duration":86480,"samplingBit":16,"channelCount":1,"samplingRate":"16kHz","audioPath":"/Mock/02.SalesMarketing/Male/Experienced/ckmk_a_sm_m_e_170022.wav"}}}