{"version":"1.0","dataSet":{"info":{"date":"20230116","occupation":"SM","channel":"MOCK","place":"ONLINE","gender":"MALE","ageRange":"35-44","experience":"EXPERIENCED"},"question":{"raw":{"text":"지원자님은 협업을 할 때 가장 중요하게 생각하는 것이 무엇입니까 왜 그것을 가장 중요하게 생각하는지 이유도 함께 덧붙여 말씀해 주세요","wordCount":19},"emotion":[],"intent":[]},"answer":{"raw":{"text":"네 협업을 하면서 가장 중요하게 생각하는 것에 대해서 답변 드리겠습니다. 어 일단 협업을 할 때 중요한 거는 일단 협동심이 제일 중요할 것 같고 어 결국은 팀워크가 생명일 것 같습니다. 어 서로 간의 의사 의견을 조율하고 의사소통을 원활하게 하는 게 제일 중요할 것 같은데 그래야 그 우리가 하는 목표 정한 목표에 대해서 다가가야 하는데 인제 분명히 다른 방향으로 생각하는 사람도 있을 겁니다. 그 사람들을 잘 조율을 해서 한 가지의 길로 갈 수 있도록 하는 게 이제 중간 관리자의 역할이고 또 이제 리더로서 인제 책임자 마지막에 승인권자가 있었는데 그 승인권자의 판단력으로 인해서 이 협업에 따라서 이제 어떤 프로젝트를 맡더라도 그런 것들에 대해서 어 성과 있는 그런 결과물이 나올 거라고 생각합니다. 그래서 이 서로 간에 이제 자기의 의사를 너무 강조하기보다는 또는 리더자의 의견만 너무 강조되기 보다는 어 모든 사람의 아이디어가 조율이 돼서 어 원하는 목표에 제일 접근하는 그런 아이디어를 선정하는 게 어 제일 중요할 것 같습니다. 네 이상입니다.","wordCount":145},"emotion":[],"intent":[{"text":"어 일단 협업을 할 때 중요한 거는 일단 협동심이 제일 중요할 것 같고   어 결국은 팀워크가 생명일 것 같습니다.","expression":"c_cop","category":"personality"},{"text":"그 사람들을   잘 조율을 해서 한 가지의 길로 갈 수 있도록 하는 게 이제 중간 관리자의 역할이고   또 이제 리더로서 인제 책임자 마지막에  승인권자가 있었는데 그 승인권자의 판단력으로 인해서   이 협업에 따라서 이제 어떤 프로젝트를 맡더라도 그런 것들에 대해서 어 성과 있는 그런 결과물이 나올 거라고 생각합니다.","expression":"c_cop","category":"personality"}],"summary":{"text":"협업 시 가장 중요한 것은 협동심이며 팀워크가 생명입니다. 의견을 조율하고 의사소통을 원활하게 하는 게 가장 중요하며 목표에 대해서 다른 방향으로 생각하는 사람들까지도 잘 조율해서 한 가지 길로 갈 수 있도록 중간관리자나 승인권자의 아이디어들이 조율돼야 합니다.","wordCount":35}}},"rawDataInfo":{"question":{"fileFormat":"wav","fileSize":409678,"duration":12800,"samplingBit":16,"channelCount":1,"samplingRate":"16kHz","audioPath":"/Mock/02.SalesMarketing/Male/Experienced/ckmk_q_sm_m_e_101733.wav"},"answer":{"fileFormat":"wav","fileSize":2698958,"duration":84340,"samplingBit":16,"channelCount":1,"samplingRate":"16kHz","audioPath":"/Mock/02.SalesMarketing/Male/Experienced/ckmk_a_sm_m_e_101733.wav"}}}