{"version":"1.0","dataSet":{"info":{"date":"20230116","occupation":"SM","channel":"MOCK","place":"ONLINE","gender":"MALE","ageRange":"55-","experience":"EXPERIENCED"},"question":{"raw":{"text":"주변 친구들 중 한 명을 골라 칭찬해 주세요 구체적이고 자세한 칭찬일수록 좋습니다","wordCount":12},"emotion":[],"intent":[]},"answer":{"raw":{"text":"아 칭찬을 받을 만한 사람은 화를 내지 않는 사람이라고 생각을 합니다. 어 그 친구는 어떤 상황에서도 화를 안 냅니다. 어 일단 자기 자신의 컨트롤을 잘 한다고 생각을 하고 있습니다. 그리고 남의 말을 하지 않습니다. 어 그것이 중요한 이유는 개인적으로 어 남한테 원인을 찾는 것이 아니라 아 모든 원인을 자기 안에 두고 자기를 좀 더 다스리고 어 자기를 반성하고 분석하고 좋은 방향으로 노력할 수 있는 보다 나은 방향이라고 생각을 하기 때문에 그렇습니다.","wordCount":71},"emotion":[],"intent":[{"text":"","expression":"","category":"attitude"}],"summary":{"text":"칭찬을 받을 만한 사람은 자기 자신의 컨트롤을 잘 하고 남의 말을 하지 않습니다. 그 이유는 모든 원인을 자기 안에 두고 자기를 더 다스리고 반성, 분석, 좋은 방향으로 노력할 수 있기 때문입니다.","wordCount":31}}},"rawDataInfo":{"question":{"fileFormat":"wav","fileSize":279758,"duration":8740,"samplingBit":16,"channelCount":1,"samplingRate":"16kHz","audioPath":"/Mock/02.SalesMarketing/Male/Experienced/ckmk_q_sm_m_e_244990.wav"},"answer":{"fileFormat":"wav","fileSize":2084238,"duration":65129,"samplingBit":16,"channelCount":1,"samplingRate":"16kHz","audioPath":"/Mock/02.SalesMarketing/Male/Experienced/ckmk_a_sm_m_e_244990.wav"}}}