{"version":"1.0","dataSet":{"info":{"date":"20230116","occupation":"SM","channel":"MOCK","place":"ONLINE","gender":"MALE","ageRange":"35-44","experience":"EXPERIENCED"},"question":{"raw":{"text":"본인이 생각할 때 영업과 판매에 차이가 무엇이라고 생각하시나요","wordCount":8},"emotion":[],"intent":[]},"answer":{"raw":{"text":"영업과 판매는 전략적인 차이부터 시작해서 많은 부분이 다릅니다. 즉 영업은 판매 전략을 가지고 고객들에게 다가가서 고객에 니즈 파악 경쟁자 분석 현황 파악 사용량 분석 고객에 불만 접수까지 그리고 판매하고 난 후에 애프터 세일즈 서비스까지 모든 것을 영업에 일련에 행동으로 간주합니다. 그런데 판매는 현장이나 또는 어떤 부분에서 그냥 물건을 판매를 하는 것 물건을 사게끔 하는 것이 판매입니다. 영업은 전략과 전술 또는 경쟁자 분석 수학 분석이라고 하는 나의 스 스트렝스 위크니스 스레트닝 기회 어퍼튜니티까지 전부 다 분석을 해서 어떻게 하면 이 시장에서 나의 우위를 차지할 수 있을까를 파악하는 것이 영업이고 판매는 단순하게 물건을 매대 또는 매장에서 고객에게 팔 파는 것이 판매입니다.","wordCount":99},"emotion":[],"intent":[{"text":"","expression":"","category":"attitude"}],"summary":{"text":"영업은 판매 전략을 가지고 고객에게 다가가서 고객에 니즈 파악 경쟁자 분석 현황 파악 사용량 분석 고객에 불만 접수까지 그리고 판매하고 난 후에 애프터 세일즈 서비스까지 모든 것을 영업에 일련에 행동으로 간주합니다.","wordCount":31}}},"rawDataInfo":{"question":{"fileFormat":"wav","fileSize":275918,"duration":8620,"samplingBit":16,"channelCount":1,"samplingRate":"16kHz","audioPath":"/Mock/02.SalesMarketing/Male/Experienced/ckmk_q_sm_m_e_197367.wav"},"answer":{"fileFormat":"wav","fileSize":2032078,"duration":63500,"samplingBit":16,"channelCount":1,"samplingRate":"16kHz","audioPath":"/Mock/02.SalesMarketing/Male/Experienced/ckmk_a_sm_m_e_197367.wav"}}}