{"version":"1.0","dataSet":{"info":{"date":"20230116","occupation":"SM","channel":"MOCK","place":"ONLINE","gender":"MALE","ageRange":"45-54","experience":"EXPERIENCED"},"question":{"raw":{"text":"만약 상사가 업무와 무관한 일을 시켜도 지원자님께서는 잘 수행할 자신이 있습니까 아니면 수행하지 않을 것인지 말씀해 주세요","wordCount":17},"emotion":[],"intent":[]},"answer":{"raw":{"text":"음 저는 사실 자영업을 오래 해서 제가 조금 저는 일을 찾아서 하는 스타일이기는 해요. 네 그래서 무관한 일에 그 기준 범위 그거를 제가 잘 모를 수도 있을 것 같기는 하네요 네. 저는 우선 필요해서 하는 거면 성실히 수행할 자신이 있습니다. 수행은 네 해야죠. 할 거 같습니다 네. 일이고 저에게 맡기는 거면 우선 일의 전반적인 부분에 있어서 필요한 거기 때문에 맡기실 거라고 생각을 해서 그래서 저는 네 제가 맡은 바 제가 할 수 있는 안에서 최선을 다해서 성실하게 임하겠습니다 네.","wordCount":79},"emotion":[],"intent":[{"text":"","expression":"","category":"attitude"}],"summary":{"text":"자영업을 오래해서 업무의 기준 범위는 잘 모르겠지만, 우선 필요해서 하는 일이라면 성실히 수행할 자신이 있습니다. 일의 전반적인 부분에 있어서 필요한 거라서 제가 맡은 바 안에서 최선을 다해서 임하겠습니다.","wordCount":28}}},"rawDataInfo":{"question":{"fileFormat":"wav","fileSize":428878,"duration":13400,"samplingBit":16,"channelCount":1,"samplingRate":"16kHz","audioPath":"/Mock/02.SalesMarketing/Male/Experienced/ckmk_q_sm_m_e_160373.wav"},"answer":{"fileFormat":"wav","fileSize":2257358,"duration":70540,"samplingBit":16,"channelCount":1,"samplingRate":"16kHz","audioPath":"/Mock/02.SalesMarketing/Male/Experienced/ckmk_a_sm_m_e_160373.wav"}}}