{"version":"1.0","dataSet":{"info":{"date":"20230116","occupation":"SM","channel":"MOCK","place":"ONLINE","gender":"MALE","ageRange":"35-44","experience":"EXPERIENCED"},"question":{"raw":{"text":"지원자님께서는 본인의 교번 근무에 잘 적응할 수 있다고 생각하시나요 지원자님이 그렇다면 그 근거로 함께 설명과 말씀 해 주실 수 있으실까요","wordCount":20},"emotion":[],"intent":[]},"answer":{"raw":{"text":"저는 원래 야간 근무를 하는 것에 아주 힘들어하는 사람입니다. 특히나 일찍 자고 일찍 일어나는 새벽형 인간이기 때문에 밤에 밤새는 근무는 저에게 아주 쥐약과 같았습니다. 하지만 제가 가장 잘 할 수 있는 것은 바로 생활 패턴과 자기 관리가 뛰어나다는 것입니다. 다시 말해서 주간 업무는 누구보다 잘 할 수 것이고 야간 근무 때는 저의 생활 패턴 및 수면 패턴을 관리하여 잘 적응할 수 있도록 준비를 할 것입니다. 예를 들어 우리 뇌에는 송과체라고 하는 우리 신체 신호를 측정해 주는 어떤 기반이 있습니다. 그런데 우리 송과체가 밤에 일을 하면 계속적으로 헷갈려서 송과체가 아주 안 좋은 호르몬을 분비한다고 합니다. 저는 그것을 방지하기 위해서 제가 밤에 일하고 낮에 잘 때 모든 집안을 깜깜하게 만들어서 우리 송과체가 밤에 잠을 자는 것처럼 저희 뇌를 속이면서까지 생활 패턴을 만들 것입니다. 주간에 생활 패턴은 누구보다 자신 있지만 야간의 생활 패턴은 육 개월에서 일 년 정도 많이 맞추다 보면 교 교번 근무를 하는데 특별히 문제가 없을 것 같습니다. 대신에 교번 근무를 할 때 야간에는 회사에서 적정한 보상안을 통해서 야간에 끝나고 운동을 하거나 치료를 받을 수 있는 시스템을 만들어 줬으면 좋겠습니다.","wordCount":169},"emotion":[{"text":"예를 들어 우리 뇌에는 송과체라고 하는 우리 신체 신호를 측정해 주는 어떤 기반이 있습니다.","expression":"u-fact","category":"neutral"}],"intent":[{"text":"","expression":"","category":"attitude"}],"summary":{"text":"주간 업무는 누구보다 잘 할 수 있고, 야간 근무 때는 생활 패턴 및 수면 패턴을 관리하여 잘 적응할 수 있도록 준비를 할 것입니다. 예를 들어 우리 뇌에는 송과체라고 하는 우리 신체 신호를 측정해 주는 어떤 기반이 있는데, 밤에 일을 하면 계속적으로 헷갈려서 아주 안 좋은 호르몬을 분비합니다. 제가 밤에 일하고 낮에 잘 때 모든 집안을 깜깜하게 만들어서 뇌를 속이면서까지 생활 패턴을 만들겠습니다.","wordCount":62}}},"rawDataInfo":{"question":{"fileFormat":"wav","fileSize":427598,"duration":13360,"samplingBit":16,"channelCount":1,"samplingRate":"16kHz","audioPath":"/Mock/02.SalesMarketing/Male/Experienced/ckmk_q_sm_m_e_185506.wav"},"answer":{"fileFormat":"wav","fileSize":2815118,"duration":87970,"samplingBit":16,"channelCount":1,"samplingRate":"16kHz","audioPath":"/Mock/02.SalesMarketing/Male/Experienced/ckmk_a_sm_m_e_185506.wav"}}}