{"version":"1.0","dataSet":{"info":{"date":"20230116","occupation":"SM","channel":"MOCK","place":"ONLINE","gender":"MALE","ageRange":"55-","experience":"EXPERIENCED"},"question":{"raw":{"text":"입사 후에 어려운 일과 쉬운 일이 있다면 이 일에 대한 분배를 어떻게 하실 건가요 어떻게 나눠서 처리하실 건지 말씀 부탁드립니다","wordCount":20},"emotion":[],"intent":[]},"answer":{"raw":{"text":"어려운 일이 주어졌을 때 우선적으로 어려운 일부터 처리하도록 하겠습니다. 쉬운 일은 어려운 일을 우선적으로 처리한 후 쉬운 일을 해도 충분하다고 생각되었습니다. 물론 어려운 일이 힘들 수는 있으나 제 개인을 위해서도 어려운 일에 우선시 하고 싶습니다.","wordCount":35},"emotion":[],"intent":[{"text":"","expression":"","category":"attitude"}],"summary":{"text":"어려운 일을 우선 처리 후 쉬운 일을 해도 충분하다고 생각되었습니다. 어려운 일이 힘들 수는 있으나 제 개인을 위해서도 우선시 하고 싶습니다.","wordCount":21}}},"rawDataInfo":{"question":{"fileFormat":"wav","fileSize":593998,"duration":18560,"samplingBit":16,"channelCount":1,"samplingRate":"16kHz","audioPath":"/Mock/02.SalesMarketing/Male/Experienced/ckmk_q_sm_m_e_210937.wav"},"answer":{"fileFormat":"wav","fileSize":1443918,"duration":45120,"samplingBit":16,"channelCount":1,"samplingRate":"16kHz","audioPath":"/Mock/02.SalesMarketing/Male/Experienced/ckmk_a_sm_m_e_210937.wav"}}}