{"version":"1.0","dataSet":{"info":{"date":"20230116","occupation":"SM","channel":"MOCK","place":"ONLINE","gender":"MALE","ageRange":"35-44","experience":"EXPERIENCED"},"question":{"raw":{"text":"저희 회사는 해외 영업을 자주 나가게 됩니다 그렇다면 지원자님께서 가고 싶은 나라가 있습니까 왜 그 나라에서 영업을 하고 싶으십니까","wordCount":19},"emotion":[],"intent":[]},"answer":{"raw":{"text":"해외 영업을 나가게 된다면 제일 가고 싶은 나라는 당연히 저는 중국입니다. 제가 중어 중문학과 출신이기도 하고요. 그리고 주제원으로 삼 년 이상 나간 경험이 있기 때문에 중국이라는 나라에 대해 제일 자신감이 있고 또 제일 잘할 수 있는 영역이기도 합니다. 제가 중국 체류 기간만 해도 거의 사 년 반이 이상 되어 있기 때문에 중국 사람들에 대해 많이 알고 있고요. 그리고 인맥도 중국에 어느 정도 많이 형성이 돼 있습니다. 그래서 꼭 나간다면 중국으로 나가야 고 싶고 제가 제 이 능력을 잘 발휘할 수 있는 분야도 중국입니다. 그래서 특히 중국은 꽌시라는 문화 특히 그 인맥이라는 문화가 되게 중요한 부분이기 때문에 제 역량을 제일 발 잘 발휘 할 수 있습니다.","wordCount":105},"emotion":[],"intent":[{"text":"제가 중어 중문학과 출신이기도 하고요.","expression":"c_private","category":"background"},{"text":"그리고 주제원으로 삼 년 이상 나간 경험이 있기 때문에 중국이라는 나라에 대해 제일 자신감이 있고 또 제일 잘할 수 있는 영역이기도 합니다.","expression":"c_private","category":"background"},{"text":"제가 중국 체류 기간만 해도 거의 사 년 반이 이상 되어 있기 때문에 중국 사람들에 대해 많이 알고 있고요.","expression":"c_private","category":"background"}],"summary":{"text":"저는 중어 중문학과 출신이며, 주제원으로 삼 년 이상 일한 경험이 있어서 해외 영업을 나가게 된다면 중국을 가고 싶습니다. 특히 중국은 인맥이라는 문화가 중요한 부분이기 때문에 제 역량을 가장 잘 발휘 할 수 있을 것입니다.","wordCount":34}}},"rawDataInfo":{"question":{"fileFormat":"wav","fileSize":595598,"duration":18610,"samplingBit":16,"channelCount":1,"samplingRate":"16kHz","audioPath":"/Mock/02.SalesMarketing/Male/Experienced/ckmk_q_sm_m_e_242234.wav"},"answer":{"fileFormat":"wav","fileSize":1687758,"duration":52740,"samplingBit":16,"channelCount":1,"samplingRate":"16kHz","audioPath":"/Mock/02.SalesMarketing/Male/Experienced/ckmk_a_sm_m_e_242234.wav"}}}