{"version":"1.0","dataSet":{"info":{"date":"20230116","occupation":"SM","channel":"MOCK","place":"ONLINE","gender":"MALE","ageRange":"35-44","experience":"EXPERIENCED"},"question":{"raw":{"text":"기차가 운행도 중 산사태로 인해 삼십 분 동안 정치하게 되었습니다 이때 본인이 관리 책임의 위치에 있다면 어떤 방법으로 조치하실 건가요","wordCount":20},"emotion":[],"intent":[]},"answer":{"raw":{"text":"네 기차가 운행 간의 산 산사태로 삼십 분 동안 정차된 상황입니다. 이때 제가 관리책임자에 위치해 있다면 어떻게 조치할 것인지에 대한 답변을 드리도록 하겠습니다. 어 일단 뭐 생명의 위험이 있는지부터 파악을 하고 부상자라든지 뭐 다친 사람이 있는 지 그 판단한 후에 일단 상급 부대에 바로 보고 해서 어 적절하게 지원을 받아야 할 것 같습니다. 또한 이제 이 차 위험 요소가 있는지 또 다른 분야에서 위험 요소가 있는지를 또 판단하고 일단 고객들을 제일 안전한 곳으로 이동을 시켜서 안전한 곳에서 대피한 상태로 대기를 하면 될 것 같습니다. 또한 중간중간에 일어나는 뭐 문제라든지 뭐 생기는 요소에 대해서 중간 보고를 해주고 이렇게 해주면서 어 지원 요소가 있을 때까지 기다리고 또한 위험 요소가 더욱더 추가적으로 발생하지 않도록 예방하면서 그렇게 대기를 하고 있는 상태에서 어 중간 보호를 철저히 해주면은 어 지원 요소가 올 때까지 대기하는 데는 큰 문제가 생기지 않을 것 같고 그 현장에서 위기 조치를 하는 데 있어서 대응하는 절차가 필요할 것 같습니다. 이상입니다.","wordCount":148},"emotion":[],"intent":[{"text":"어 일단 뭐 생명의 위험이 있는지부터 파악을 하고 부상자라든지 뭐 다친 사람이 있는 지 그 판단한 후에 일단 상급 부대에 바로 보고 해서 어 적절하게 지원을 받아야 할 것 같습니다.","expression":"c_adp","category":"personality"},{"text":"또한 이제 이 차 위험 요소가 있는지 또 다른 분야에서 위험 요소가 있는지를 또 판단하고 일단 고객들을 제일 안전한 곳으로 이동을 시켜서 안전한 곳에서 대피한 상태로 대기를 하면 될 것 같습니다.","expression":"c_adp","category":"personality"},{"text":"또한 중간중간에 일어나는 뭐 문제라든지 뭐 생기는 요소에 대해서 중간 보고를 해주고 이렇게 해주면서 어 지원 요소가 있을 때까지 기다리고 또한 위험 요소가 더욱더 추가적으로 발생하지 않도록 예방하면서 그렇게 대기를 하고 있는 상태에서 어 중간 보호를 철저히 해주면은 어 지원 요소가 올 때까지 대기하는 데는 큰 문제가 생기지 않을 것 같고 그 현장에서 위기 조치를 하는 데 있어서 대응하는 절차가 필요할 것 같습니다.","expression":"c_adp","category":"personality"}],"summary":{"text":"기차가 산 산사태로 정차된 상황에서의 조치 방법에 대한 답변을 드리겠습니다. 우선 생명의 위험부터 판단하고 상급 부대에 보고해서 지원을 받아야 할 것 같습니다. 또 다른 위험 요소도 판단하고 고객들을 제일 안전한 곳으로 이동해서 대기하면 될 것 같으며 중간 보고를 해주고 위험 요소가 추가적으로 발생하지 않도록 예방해주어야 합니다.","wordCount":46}}},"rawDataInfo":{"question":{"fileFormat":"wav","fileSize":409678,"duration":12800,"samplingBit":16,"channelCount":1,"samplingRate":"16kHz","audioPath":"/Mock/02.SalesMarketing/Male/Experienced/ckmk_q_sm_m_e_217010.wav"},"answer":{"fileFormat":"wav","fileSize":2682318,"duration":83820,"samplingBit":16,"channelCount":1,"samplingRate":"16kHz","audioPath":"/Mock/02.SalesMarketing/Male/Experienced/ckmk_a_sm_m_e_217010.wav"}}}