{"version":"1.0","dataSet":{"info":{"date":"20230116","occupation":"SM","channel":"MOCK","place":"ONLINE","gender":"MALE","ageRange":"35-44","experience":"EXPERIENCED"},"question":{"raw":{"text":"만약 지원자님께서 게임 속 캐릭터가 된다면 지원자님은 어떤 게임에서 어떤 역할을 맡아서 어떤 것을 수행하고 싶으신지 말씀해 주세요","wordCount":18},"emotion":[],"intent":[]},"answer":{"raw":{"text":"네 제가 만약에 게임 속 캐릭터라면 어 뭐 여러 가지 요즘에 뭐 롤 롤이라는 게임이 있을 건데 뭐 많이들 하는 게임인데 거기서 뭐 제가 제일 하고 싶은 역할은 음 이런 몸빵을 해줄 수 있는 탱커 역할을 해주고 싶습니다. 결국 팀장이라는 것은 어 상급자나 뭐 회사의 압박 이런 것들에 대해서 대응해주고 어 막아주는 역할이라고 생각합니다. 그 결국은 게임 속에를 치자면 탱커 역할을 해주고 뒤에 인제 저희 팀원들은 음 뭐 궁수라든지 뭐 딜러라든지 이런 역할을 하면서 어 적에게 공격을 날릴 수 있는 그런 역할이기 때문에 제가 앞에서 몸빵을 해주고 그 팀원들이 잘 살 수 있다면은 저는 그런 역할을 해 계속 해야 할 것 같습니다. 그 좀 더 어느 딜러에게도 당하지 않을 그런 강력한 봄빵을 할 수 있는 멘탈 정신력을 갖고 그런 역할을 받아 수행하고 우리 팀원들이 잘 싸울 수 있게끔 성과를 낼 수 있게끔 그런 도움을 주는 그런 팀원 그리고 그런 팀장이 되고 싶습니다. 이상입니다.","wordCount":143},"emotion":[],"intent":[{"text":"","expression":"","category":"attitude"}],"summary":{"text":"팀장이라는 것은 상급자나 회사의 압박 이런 것들에 대해서 대응해주고 막아주는 역할이라고 생각합니다. 팀원들이 잘 살 수 있다면 그런 역할을 계속 해야 할 것 같습니다. 강력한 봄빵을 할 수 있는 멘탈 정신력을 갖고 잘 싸울 수 있게끔 도움을 주는 팀원 그리고 팀장이 되고 싶습니다.","wordCount":43}}},"rawDataInfo":{"question":{"fileFormat":"wav","fileSize":600398,"duration":18760,"samplingBit":16,"channelCount":1,"samplingRate":"16kHz","audioPath":"/Mock/02.SalesMarketing/Male/Experienced/ckmk_q_sm_m_e_194152.wav"},"answer":{"fileFormat":"wav","fileSize":2679118,"duration":83720,"samplingBit":16,"channelCount":1,"samplingRate":"16kHz","audioPath":"/Mock/02.SalesMarketing/Male/Experienced/ckmk_a_sm_m_e_194152.wav"}}}