{"version":"1.0","dataSet":{"info":{"date":"20230116","occupation":"SM","channel":"MOCK","place":"ONLINE","gender":"MALE","ageRange":"-34","experience":"EXPERIENCED"},"question":{"raw":{"text":"지금까지 여러 사람들과 협업을 하면서 일을 해 오셨을 텐데요 사람들과 협업을 하면서 가장 어려웠던 점이 있다면 무엇이었습니까 그리고 지원자님께서는 그것을 어떻게 극복했는지도 함께 말씀해 주시기 바랍니다","wordCount":26},"emotion":[],"intent":[]},"answer":{"raw":{"text":"협업을 하면서 가장 힘들었던 점은 열정 없이 협업을 하는 사람들 때문이었습니다. 저는 열심히 일을 하고 있는데 열정 없이 일을 하는 사람들이 보이면 저까지 힘이 빠졌던 것 같습니다. 이런 사람들을 조금이나마 열심히 일하게 하려면 인센 인센티브 제도를 적용해야 된다고 생각했었습니다. 열심히 일하는 사람에게 그에 따른 좋은 대우와 처우를 해줘야 된다고 끊임없이 요구를 했었고 이런 처우나 대우 부분이 개선되었을 때 다른 사람들도 열심히 일하는 모습을 볼 수 있었습니다.","wordCount":66},"emotion":[],"intent":[{"text":"","expression":"","category":"attitude"}],"summary":{"text":"열심히 일하는 사람에게 좋은 대우와 처우를 해줘야 된다고 끊임없이 요구를 했었고 이런 처우나 대우 부분이 개선되었을 때 다른 사람들도 열심히 일하는 모습을 볼 수 있었습니다.","wordCount":25}}},"rawDataInfo":{"question":{"fileFormat":"wav","fileSize":629198,"duration":19660,"samplingBit":16,"channelCount":1,"samplingRate":"16kHz","audioPath":"/Mock/02.SalesMarketing/Male/Experienced/ckmk_q_sm_m_e_218872.wav"},"answer":{"fileFormat":"wav","fileSize":1725518,"duration":53920,"samplingBit":16,"channelCount":1,"samplingRate":"16kHz","audioPath":"/Mock/02.SalesMarketing/Male/Experienced/ckmk_a_sm_m_e_218872.wav"}}}