{"version":"1.0","dataSet":{"info":{"date":"20230116","occupation":"SM","channel":"MOCK","place":"ONLINE","gender":"MALE","ageRange":"35-44","experience":"EXPERIENCED"},"question":{"raw":{"text":"지원자님께서 생각하실 때에 십 년 후에 지원자님의 미래는 어떨 것 같으신지 저희 회사에서 계속 다니고 계실 것 같은지에 대해서 또 한 번 말씀해 주시기 바랍니다","wordCount":25},"emotion":[],"intent":[]},"answer":{"raw":{"text":"십 년 후에 저는 이 회사에 기술 센터 본부장을 역임하고 있을 것 같습니다. 저는 기존의 십 오 년 이상 되는 기술 지원 서비스 센터에 총괄 매니저를 맡고 이 회사에 오면서 이 회사의 총괄 센터장을 꿈꾸고 있습니다. 당연히 저는 많은 시스템을 통합하고 어떤 서비스 품질 관리 정책에 대해서 능통하며 이것을 기반으로 또 다른 사업부를 확장하는 모습으로 지속적으로 회사에 영향을 끼치고 있을 것으로 생각됩니다. 당연히 쉽지 않은 선택이고 쉽지 않은 일이라고 생각합니다. 하지만 프로젝트 오십 개 이상을 완수했었고 데드라인을 며칠 지난 것 빼고는 지금까지 프로젝트를 한 번도 망친 적이 없기에 저는 지금 이 회사에서도 십 년 후에는 반드시 성과를 내어 대표이사를 보조하는 본부장급으로 성장할 것으로 기대하고 있습니다.","wordCount":105},"emotion":[],"intent":[{"text":"","expression":"","category":"attitude"}],"summary":{"text":"저는 시스템 통합과 서비스 품질 관리 정책에 능통하며 또 다른 사업부를 확장하는 모습으로 지속적으로 회사에 영향을 끼치고 있을 것으로 생각됩니다. 이 회사에서도 십 년 후에는 반드시 성과를 내어 대표이사를 보조하는 본부장급으로 성장할 것으로 기대하고 있습니다.","wordCount":35}}},"rawDataInfo":{"question":{"fileFormat":"wav","fileSize":481358,"duration":15040,"samplingBit":16,"channelCount":1,"samplingRate":"16kHz","audioPath":"/Mock/02.SalesMarketing/Male/Experienced/ckmk_q_sm_m_e_173139.wav"},"answer":{"fileFormat":"wav","fileSize":1920718,"duration":60020,"samplingBit":16,"channelCount":1,"samplingRate":"16kHz","audioPath":"/Mock/02.SalesMarketing/Male/Experienced/ckmk_a_sm_m_e_173139.wav"}}}