{"version":"1.0","dataSet":{"info":{"date":"20230116","occupation":"SM","channel":"MOCK","place":"ONLINE","gender":"MALE","ageRange":"-34","experience":"EXPERIENCED"},"question":{"raw":{"text":"스트레스를 받으면 어떻게 하시나요 왜 그런 방법으로 스트레스를 해소하시는지 그 이유와 같이 구체적으로 말씀 부탁드립니다","wordCount":15},"emotion":[],"intent":[]},"answer":{"raw":{"text":"네 저는 스트레스를 받을 때 저의 취미생활로 스트레스를 많이 해소하고 있습니다. 제 취미는 낚시를 하는 것인데요. 낚시를 할 때는 다른 생각이 안 들고 낚시에만 집중을 할 수 있기 때문에 낚시를 하면 스트레스가 잘 해소되는 것 같습니다. 물론 다른 사람들은 활동적인 취미를 하면서 스트레스를 풀 수도 있지만 저는 낚시를 하면서 조용한 바다를 보면 제 마음도 편안해지는 것 같고 그에 따른 잡념들도 사라지는 것 같아서 저는 낚시를 하면서 스트레스를 해소하고 있습니다.","wordCount":69},"emotion":[],"intent":[{"text":"","expression":"","category":"attitude"}],"summary":{"text":"취미로 낚시를 하며 스트레스를 많이 해소하고 있습니다. 다른 생각이 들고 집중을 할 수 있어 스트레스 해소에 좋습니다. 조용한 바다를 보면 마음이 편안해지고 그에 따른 잡념들도 사라집니다.","wordCount":26}}},"rawDataInfo":{"question":{"fileFormat":"wav","fileSize":604878,"duration":18900,"samplingBit":16,"channelCount":1,"samplingRate":"16kHz","audioPath":"/Mock/02.SalesMarketing/Male/Experienced/ckmk_q_sm_m_e_211854.wav"},"answer":{"fileFormat":"wav","fileSize":1626958,"duration":50840,"samplingBit":16,"channelCount":1,"samplingRate":"16kHz","audioPath":"/Mock/02.SalesMarketing/Male/Experienced/ckmk_a_sm_m_e_211854.wav"}}}