{"version":"1.0","dataSet":{"info":{"date":"20230116","occupation":"SM","channel":"MOCK","place":"ONLINE","gender":"MALE","ageRange":"35-44","experience":"EXPERIENCED"},"question":{"raw":{"text":"그동안 속해 있었던 조직이나 단체 속에서 지원자님께서는 주로 어떤 역할을 하는 사람이었는지 말씀해 주시면 되겠습니다","wordCount":15},"emotion":[],"intent":[]},"answer":{"raw":{"text":"네 그동안 제가 인제 전 회사에서나 군 생활을 할 때나 전에 인제 속해 있던 조직 속에서 단체 속에서 저는 주로 무슨 역할을 했고 무슨 일을 주로 했는지에 대해서 답변드리겠습니다. 일단 지금은 여기는 경력자를 뽑는 자리이기 때문에 자세하게 속 시원하게 말씀드리겠습니다. 어 일단 제가 있던 회사나 군 생활 할 때는 이제 제가 어느 정도 다 군 생활도 오 년 했고 전 회사에서도 오 년이라는 시간을 보냈기 때문에 어 주로 인제 중간 관리자 역할 팀장급 그 정도 역할을 많이 했던 것 같습니다. 그러다 보니까 인제 부하 직원도 있을 것이고 팀원들도 있었을 것이고 당연히 상급자들도 있었을 겁니다. 그런 중간 역할을 하는 역할을 많이 하다 보니까 중간 역할의 중요성에 대해서 점점 더 잘 알게 되었고 내 역할이 매우 중요하다는 것도 깨달았던 것 같습니다. 그래서 그런 중간 관리자 팀장급 업무를 많이 하다 보니까 아래 부하 직원과 상급자와의 연결고리가 되어주고 또 다리가 되어주는 또 같이 섞여서 한 방향으로 갈 수 있게끔 해주는 윤활유 역할을 해야 한다고 생각합니다. 주로 그런 역할들을 많이 해왔던 것 같습니다. 이상입니다.","wordCount":159},"emotion":[],"intent":[{"text":"그런 중간 역할을 하는 역할을 많이 하다 보니까 중간 역할의 중요성에 대해서 점점 더 잘 알게 되었고 내 역할이 매우 중요하다는 것도 깨달았던 것 같습니다.","expression":"c_private","category":"background"}],"summary":{"text":"저는 중간 관리자 역할 팀장급 역할을 많이 했던 것 같습니다. 그러다 보니 아래 부하 직원과 상급자와의 연결고리가 되어주고 다리역할을 하는 윤활유 역할을 해야 한다고 생각합니다. 주로 그런 역할들을 많이 해왔던 것 같습니다. 이상입니다.","wordCount":33}}},"rawDataInfo":{"question":{"fileFormat":"wav","fileSize":355278,"duration":11100,"samplingBit":16,"channelCount":1,"samplingRate":"16kHz","audioPath":"/Mock/02.SalesMarketing/Male/Experienced/ckmk_q_sm_m_e_235878.wav"},"answer":{"fileFormat":"wav","fileSize":2727758,"duration":85240,"samplingBit":16,"channelCount":1,"samplingRate":"16kHz","audioPath":"/Mock/02.SalesMarketing/Male/Experienced/ckmk_a_sm_m_e_235878.wav"}}}