{"version":"1.0","dataSet":{"info":{"date":"20230116","occupation":"SM","channel":"MOCK","place":"ONLINE","gender":"MALE","ageRange":"-34","experience":"EXPERIENCED"},"question":{"raw":{"text":"일을 하다가 상사에게 어려운 지시를 받는다면 어떻게 행동하시겠습니까 이유도 함께 말씀해 주세요","wordCount":12},"emotion":[],"intent":[]},"answer":{"raw":{"text":"상사님이 저에게 지시를 주셨다는 것은 할 만한 일이니까 지시를 주셨겠죠. 그 회사 안에서 해결하지 못할 일인데 제 저에게 해결하라고 그렇게 문제를 주시지는 않을 거라고 뭐 상식적으로 생각을 합니다. 그런데 제가 그 문제를 어렵다고 느끼는 순간은 제가 아직 그 업무를 모르고 있기 때문에 그런 생각이 든다고 생각을 해요. 그렇기 때문에 일단 제 자리에 앉아서 그것과 관련된 어떤 자료가 있겠죠. 자료를 먼저 찾아보겠죠 자료를 찾아봐서 내가 어렵다고 생각하는 그 지점이 어떤 지점을 내가 몰라 어떤 지점을 내가 모르기 때문에 어렵다고 느끼는 것인지 컴퓨터를 열어보고 내 컴퓨터에 들어가서 우리가 만들어 놨던 그런 자료들을 한 번 살펴보는 것이 중요하다고 생각합니다. 그런데 그것은 뭐 이유라기보다는 회사 생활하는 데 있어서 당연한 과정이 아닐까요. 항상 모든 회사 일은 알았던 일을 처리하는 것이 아니라 모르는 것을 어떻게 처리할 것인가. 그 과정 안에서는 항상 어려운 일들이 발생을 하죠. 그렇다면 그 과정에서는 우린 찾아봐야죠.","wordCount":134},"emotion":[],"intent":[{"text":"","expression":"","category":"attitude"}],"summary":{"text":"모든 회사 일이 알았던 일을 처리하는 것이 아니라 모르는 것을 어떻게 처리할 것인가. 그 과정 안에서는 항상 어려운 일들이 발생합니다. 그렇다면 그 과정에서는 우리가 찾아봐야 합니다.","wordCount":26}}},"rawDataInfo":{"question":{"fileFormat":"wav","fileSize":339918,"duration":10620,"samplingBit":16,"channelCount":1,"samplingRate":"16kHz","audioPath":"/Mock/02.SalesMarketing/Male/Experienced/ckmk_q_sm_m_e_199462.wav"},"answer":{"fileFormat":"wav","fileSize":2866958,"duration":89590,"samplingBit":16,"channelCount":1,"samplingRate":"16kHz","audioPath":"/Mock/02.SalesMarketing/Male/Experienced/ckmk_a_sm_m_e_199462.wav"}}}