{"version":"1.0","dataSet":{"info":{"date":"20230116","occupation":"SM","channel":"MOCK","place":"ONLINE","gender":"MALE","ageRange":"35-44","experience":"EXPERIENCED"},"question":{"raw":{"text":"네 남을 잘 이끄는 리더형과 또 남을 잘 따르는 팔로워형이 있는데요 본인이 생각하시기에 지원자님은 어떤 유형인지 그리고 또 그 이유는 무엇인지 함께 설명해 주세요","wordCount":24},"emotion":[],"intent":[]},"answer":{"raw":{"text":"어 리더형과 인제 팔로워 형에 대해서 답변 드리겠습니다. 어 리더형과 인제 팔로워 형에 대해서는 인제 두 가지의 성향을 갖고 있는 것 같습니다. 두 가지의 성 스타일로 진행을 해봤는데 저한테 잘 맞는 스타일은 팔로워 형이 저한테 더욱더 잘 맞는 스타일인 거 같습니다. 그 뭔가 하나의 목표가 정해지면은 그거에 대한 써포터 역할을 좀 보완할 점 보완을 좀 해주고 부족한 점은 무엇인지 체크하고 완성도를 만들어 가는 그런 단계를 가지면서 좀 갖는 그런 뿌듯함이 더욱더 강했던 거 같아서 팔로워 형을 더욱 더 선호하는 거 같고 이제 리더형 같은 경우에는 이제 경험은 있지만 어 뭔가를 이 책임감이나 뭐 이런 부담감이 좀 이 리더의 하나의 선택을 통해서 실패했을 때 그런 것들에 대한 책임감 그런 것들이 조금 부담이 느껴지지 않았나 싶습니다. 그래서 팔로워 형 같은 경우에는 이제 정말 최선을 다해서 이제 이렇게 해서 보완해 줄 건 해주고 이런 것들을 했을 때가 가장 성향에 더 잘 맞지 않았나 그렇게 생각하고 있습니다. 이상입니다.","wordCount":144},"emotion":[],"intent":[{"text":"어 리더형과 인제 팔로워 형에 대해서는 인제 두 가지의 성향을 갖고 있는 것 같습니다.","expression":"c_person","category":"background"},{"text":"두 가지의 성 스타일로 진행을 해봤는데 저한테 잘 맞는 스타일은 팔로워 형이 저한테 더욱더 잘 맞는 스타일인 거 같습니다.","expression":"c_person","category":"background"}],"summary":{"text":"리더형과 인제 팔로워 형에 대해서 답변 드리겠습니다. 리더형은 경험은 있지만 책임감 같은 것들이 조금 부담이 느껴지지 않았나 싶습니다. 팔로우형 같은 경우에는 최선을 다해서 보완해 줄 건 해주고 이런 것들을 했을 때가 가장 성향에 더 잘 맞는 스타일인 거 같습니다. 이상입니다.","wordCount":40}}},"rawDataInfo":{"question":{"fileFormat":"wav","fileSize":467278,"duration":14600,"samplingBit":16,"channelCount":1,"samplingRate":"16kHz","audioPath":"/Mock/02.SalesMarketing/Male/Experienced/ckmk_q_sm_m_e_145354.wav"},"answer":{"fileFormat":"wav","fileSize":2593998,"duration":81060,"samplingBit":16,"channelCount":1,"samplingRate":"16kHz","audioPath":"/Mock/02.SalesMarketing/Male/Experienced/ckmk_a_sm_m_e_145354.wav"}}}