{"version":"1.0","dataSet":{"info":{"date":"20230116","occupation":"SM","channel":"MOCK","place":"ONLINE","gender":"MALE","ageRange":"35-44","experience":"EXPERIENCED"},"question":{"raw":{"text":"어 지금까지 수많은 협업을 하셨을 텐데요 그러한 협업들을 하면서 가장 어려웠던 점과 그리고 그러한 어려웠던 것들을 어떻게 해결하셨는지 함께 말씀해 주시길 바랍니다","wordCount":22},"emotion":[],"intent":[]},"answer":{"raw":{"text":"아 협업을 하면서 가장 어려운 것은 일단 팀웍이 또 중요할 것이고 또 협업이 이루어지는 데 가장 중요한 것이 또 신뢰성도 있어야 할 것이며 어 협업을 하는 데 가장 중요한 것 중에 제일 중요한 것이 일단 경청의 자세가 제일 중요할 것 같습니다. 협업을 한다는 건 어느 한 프로젝트를 하는 데 있어서 각자의 그 협동심을 발휘하는 건데 그 부분에 있어서 뭐 뭐 말단 부하 직원도 있을 것이고 뭐 리더의 역할을 하는 뭐 팀장도 있을 것인데 그런 데에서 말단 직원의 얘기는 다 묵사발되고 무조건 리더의 결정만 따르는 건 아니라고 생각합니다. 어 다른 직원에 좋은 아이디어가 있을 수도 있고 또 그 프로젝트를 경험을 해 봤던 또 인원이 있을 수도 있기 때문에 그런 데서 전수받을 수 있는 뭐 노하우나 이런 것들 그렇게 되면 협업이 원활하게 이루어지지 않을까 싶습니다. 그래서 그런 것들을 해결하는 방법은 일단 상대방에 의견을 존중해주고 잘 경청해 주게 되면은 그 상대방도 내 의사나 의견을 존중할 것이고 서로 그렇게 배려하다 보면 협업을 이루는 데 가장 훌륭한 방법일 것 같습니다. 이상입니다.","wordCount":156},"emotion":[],"intent":[{"text":"협업을 한다는 건 어느 한 프로젝트를 하는 데 있어서 각자의 그 협동심을 발휘하는 건데   그 부분에 있어서 뭐 뭐 말단 부하 직원도 있을 것이고 뭐 리더의 역할을 하는 뭐 팀장도 있을 것인데   그런 데에서 말단 직원의 얘기는 다 묵사발되고 무조건 리더의 결정만 따르는 건 아니라고 생각합니다.","expression":"c_cop","category":"personality"}],"summary":{"text":"협업 시 가장 중요한 것은 경청입니다. 협업은 각자의 협동심을 발휘하는 것이므로 다른 직원이나 팀원을 통해 전수받을 수 있는 노하우를 통해 원활하게 협업할 수 있습니다. 이런 것들을 해결하는 방법은 상대방에 의견을 존중하고 경청해 주는 것입니다.","wordCount":34}}},"rawDataInfo":{"question":{"fileFormat":"wav","fileSize":492878,"duration":15400,"samplingBit":16,"channelCount":1,"samplingRate":"16kHz","audioPath":"/Mock/02.SalesMarketing/Male/Experienced/ckmk_q_sm_m_e_196462.wav"},"answer":{"fileFormat":"wav","fileSize":2602318,"duration":81320,"samplingBit":16,"channelCount":1,"samplingRate":"16kHz","audioPath":"/Mock/02.SalesMarketing/Male/Experienced/ckmk_a_sm_m_e_196462.wav"}}}