{"version":"1.0","dataSet":{"info":{"date":"20230116","occupation":"SM","channel":"MOCK","place":"ONLINE","gender":"MALE","ageRange":"35-44","experience":"EXPERIENCED"},"question":{"raw":{"text":"본인이 살면서 가장 힘들었던 점이 무엇이 있었는지 좀 말씀해 주시고 어 또 그 점을 극복하기 위해 본인은 어떤 노력을 해 왔는지 거기에 대해서도 상세히 말씀해 주시기 바랍니다","wordCount":27},"emotion":[],"intent":[]},"answer":{"raw":{"text":"살면서 가장 힘들었던 점은 아마 어릴 때부터 극복할 수 없었던 지독한 가난이었습니다. 초등학교 중학교 고등학교 단 한 번 원하는 문제집 운동화 옷 그 흔한 도시락을 제대로 싸 갈 수가 없어서 그 시간만큼은 자존심이 너무 강한 저의 입장에서 사춘기 내내 상처였습니다. 그것을 극복할 수 있는 것 중의 하나는 공부를 미친 듯이 열심히 하는 것이 없고 주말에는 신문 배달 또는 짜장면 배달 가스 배달 모든 아르바이트를 다 섭렵했던 것 같습니다. 아르바이트를 하고 싶어 한 것이 아니라 아르바이트를 하지 않으면 다른 학생들과 똑같이 문제집을 살 수도 없었고 그 흔한 매점에서 빵 하나를 사 먹을 수가 없었습니다. 그래서 그 가난을 이기기 위해서 죽을 만큼 독서와 아르바이트를 했고 그 아르바이트와 독서를 통해서 세상을 먼저 배웠습니다. 세상을 배우면서 느낀 것은 아무리 그 각박한 환경이나 척박한 환경 속에서도 자신이 원하면 어떤 것이든 남들 만큼은 따라갈 수 있다라는 것을 제 스스로 열 살 때부터 깨달았던 것 같습니다. 그런 점들이 저를 지금 이 자리에 있게 했고 그 어떤 것도 극복할 수 있다라고 하는 믿음과 신념이 생긴 것 같습니다. 그것은 어려운 게 아니라 하나의 어렵다고 생각하는 관점일 뿐입니다.","wordCount":168},"emotion":[{"text":"그런 점들이 저를 지금 이 자리에 있게 했고 그 어떤 것도 극복할 수 있다라고 하는 믿음과 신념이 생긴 것 같습니다.","expression":"u-belief","category":"neutral"}],"intent":[{"text":"살면서 가장 힘들었던 점은 아마 어릴 때부터 극복할 수 없었던 지독한 가난이었습니다.","expression":"c_private","category":"background"},{"text":"초등학교 중학교 고등학교 단 한 번 원하는 문제집 운동화 옷   그 흔한 도시락을 제대로 싸 갈 수가 없어서 그 시간만큼은 자존심이 너무 강한 저의 입장에서 사춘기 내내 상처였습니다.","expression":"c_private","category":"background"},{"text":"그것을 극복할 수 있는 것 중의 하나는 공부를 미친 듯이 열심히 하는 것이 없고 주말에는   신문 배달 또는 짜장면 배달 가스 배달 모든 아르바이트를 다 섭렵했던 것 같습니다.","expression":"c_private","category":"background"},{"text":"아르바이트를 하고 싶어 한 것이 아니라 아르바이트를 하지 않으면 다른 학생들과 똑같이 문제집을 살 수도 없었고   그 흔한 매점에서 빵 하나를 사 먹을 수가 없었습니다.","expression":"c_private","category":"background"},{"text":"세상을 배우면서 느낀 것은   아무리 그 각박한 환경이나 척박한 환경 속에서도 자신이 원하면 어떤 것이든 남들 만큼은 따라갈 수 있다라는 것을 제 스스로 열 살 때부터 깨달았던 것 같습니다.","expression":"c_value","category":"background"}],"summary":{"text":"어릴 때부터 극복할 수 없었던 지독한 가난을 극복하기 위해 독서와 아르바이트를 했고 그것을 통해서 세상을 배웠습니다. 세상을 배우면서 느낀 것은 자신이 원하면 어떤 것이든 남들 만큼은 따라갈 수 있다라는 것을 열 살 때부터 깨달았습니다. 그것이 지금 이 자리에 있고 어떤 것도 극복할 수 있다는 믿음과 신념이 생긴 것 같습니다.","wordCount":49}}},"rawDataInfo":{"question":{"fileFormat":"wav","fileSize":608718,"duration":19020,"samplingBit":16,"channelCount":1,"samplingRate":"16kHz","audioPath":"/Mock/02.SalesMarketing/Male/Experienced/ckmk_q_sm_m_e_156275.wav"},"answer":{"fileFormat":"wav","fileSize":2822478,"duration":88200,"samplingBit":16,"channelCount":1,"samplingRate":"16kHz","audioPath":"/Mock/02.SalesMarketing/Male/Experienced/ckmk_a_sm_m_e_156275.wav"}}}