{"version":"1.0","dataSet":{"info":{"date":"20230116","occupation":"SM","channel":"MOCK","place":"ONLINE","gender":"MALE","ageRange":"35-44","experience":"EXPERIENCED"},"question":{"raw":{"text":"지원자님께서는 휴식을 취할 때 주로 어떤 일을 하시나요 왜 그 일을 하는지 저에게 이유와 함께 설명해 주세요","wordCount":17},"emotion":[],"intent":[]},"answer":{"raw":{"text":"아 퇴근 후에 인제 각자 개인 여가 생활 때 휴식을 여러 가지 방법으로 취할 겁니다. 휴식에는 두 가지 방법이 있다고 생각합니다. 첫번째는 자기가 좋아하는 일 즐거워하는 일을 하면서 휴식을 하는 사람도 있고 말 그대로 누워서 뭐 티비를 본다거나 책을 본다거나 그런 게 휴식인 사람도 있을 것입니다. 네 저는 이제 전자 후자 둘 다 적용이 될 것 같습니다. 일단 저는 여가 시간 때 주로 운동을 합니다. 어 테니스라든지 마라톤이라든지 이런 좀 격렬한 운동을 좋아하다 보니까 그렇게 했을 때 두 가지 공통점이 땀을 많이 흘릴 수가 있었습니다. 이제 땀을 많이 흘리다 보면은 어 일단 그 날에 있었던 스트레스나 뭐 이런 것들이 좀 리플래쉬 되면서 다음날에 또 출근해서 또 이 업무를 할 수 있는 그런 리플래쉬 되는 마음을 가졌던 것들이 가장 큰 것 같고 두 번째는 뭐 말 그대로 정말 몸이 피곤하거나 좀 쳐질 때는 뭐 영화 시청이나 뭐 예능 시청을 하면서 좀 많이 웃는다던지 이런 식으로 하면서 휴식 시간을 주로 사용하고 있습니다. 그런 것들이 휴식 시간이 잘 적용이 되어야 또 다음날 업무를 하는 데도 지장이 없을 것이고 하기 때문에 그런 요소에서 많은 도움이 되고 있습니다. 이상입니다.","wordCount":174},"emotion":[],"intent":[{"text":"","expression":"","category":"attitude"}],"summary":{"text":"휴식에는 두 가지 방법이 있습니다. 자기가 좋아하는 일을 하면서 휴식을 하는 사람과 말 그대로 누워서 티비를 본다거나 책을 본다거나 그런 게 휴식인 사람이 있을 것입니다. 전자는 후자에 적용이 될 것 같습니다. 우선 여가 시간 때 주로 운동을 하는데, 그 날에 있었던 스트레스나 이런 것들이 리플래쉬 되면서 다음날 출근해서 업무를 할 수 있는 마음을 가졌던 것이 가장 큰 이유였습니다.","wordCount":58}}},"rawDataInfo":{"question":{"fileFormat":"wav","fileSize":312718,"duration":9770,"samplingBit":16,"channelCount":1,"samplingRate":"16kHz","audioPath":"/Mock/02.SalesMarketing/Male/Experienced/ckmk_q_sm_m_e_146846.wav"},"answer":{"fileFormat":"wav","fileSize":2736398,"duration":85510,"samplingBit":16,"channelCount":1,"samplingRate":"16kHz","audioPath":"/Mock/02.SalesMarketing/Male/Experienced/ckmk_a_sm_m_e_146846.wav"}}}