{"version":"1.0","dataSet":{"info":{"date":"20230116","occupation":"SM","channel":"MOCK","place":"ONLINE","gender":"MALE","ageRange":"35-44","experience":"EXPERIENCED"},"question":{"raw":{"text":"현대사회에서 없어서는 안 될 가장 중요하다고 생각하시는 직업을 한 가지만 골라 설명해 주실 수 있겠습니까 듣고 싶습니다","wordCount":17},"emotion":[],"intent":[]},"answer":{"raw":{"text":"가장 중요하게 될 직업 및 사람은 소프트웨어 개발자 및 엔지니어입니다. 이제는 몸을 사용해서 업무를 하던 시대가 거의 저물고 디지털 트랜스포메이션이라고 하는 시대로 완벽히 도래되었습니다. 벌써 구글 애플 바이두 같은 자동차 회사는 이제 자율 주행 삼 단계에서 사 단계 개발을 앞두고 이 년 앞 안에 자율 주행 자동차가 세상을 누비게 될 것입니다. 그리고 빅데이타 및 인공 지능은 세상을 완벽히 뒤바꾸어 놨고 제가 있었던 회사도 팩토리 오토메이션이라고 하는 공장 자동화로 인하여 공장 근로자들이 칠십 퍼센트 이상 줄어들었습니다. 그럼에도 생산성은 더 늘어나고 이십 사 시간 장비를 풀 가동하면 생산성도 늘어나고 인건비 줄어나 들게 되어 소비자들에게 더 질 좋은 제품을 저렴한 가격으로 제공할 수 있게 되었습니다. 이 모든 것들이 빅데이터와 인공 지능 딥 러닝 머신 러닝을 운영하고 개발할 수 있는 소프트웨어 엔지니어 및 개발자가 필요하기 때문입니다. 요즘 금융권에서도 일반 인문학을 인문학이나 문과를 졸업한 학생들보다는 대부분 코딩이나 소프트웨어를 아는 사람들을 기본적으로 채용한다고 합니다. 앞으로는 이런 시대가 도래될 것이라고 생각합니다.","wordCount":144},"emotion":[],"intent":[{"text":"","expression":"","category":"attitude"}],"summary":{"text":"디지털 트랜스포메이션 시대에서 소프트웨어 개발자 및 엔지니어는 가장 중요한 직업 및 사람입니다. 빅데이타 및 인공 지능은 세상을 완전히 뒤바꾸어 놓았고 공장 자동화로 인하여 공장 근로자들이 줄어들었지만 생산성은 더 늘어나고 있습니다. 이 모든 것이 빅데이터와 인공 지능 딥 러닝 머신 러닝을 운영하고 개발할 수 있는 소프트웨어 엔지니어 및 개발자가 필요하기 때문입니다.","wordCount":50}}},"rawDataInfo":{"question":{"fileFormat":"wav","fileSize":618318,"duration":19320,"samplingBit":16,"channelCount":1,"samplingRate":"16kHz","audioPath":"/Mock/02.SalesMarketing/Male/Experienced/ckmk_q_sm_m_e_173142.wav"},"answer":{"fileFormat":"wav","fileSize":2777998,"duration":86810,"samplingBit":16,"channelCount":1,"samplingRate":"16kHz","audioPath":"/Mock/02.SalesMarketing/Male/Experienced/ckmk_a_sm_m_e_173142.wav"}}}