{"version":"1.0","dataSet":{"info":{"date":"20230116","occupation":"SM","channel":"MOCK","place":"ONLINE","gender":"MALE","ageRange":"-34","experience":"EXPERIENCED"},"question":{"raw":{"text":"면접자님은 얼마 전 구급 대원이 주취자에게 폭행을 당해 순직 당하는 일이 있었다는 사실을 알고 계셨나요 이 사건에 대해서 어떻게 생각하시는지에 대해서 말씀을 부탁드립니다","wordCount":23},"emotion":[],"intent":[]},"answer":{"raw":{"text":"이런 일은 앞으로 대한민국에서 근절되어야 되는 일이라고 생각합니다. 구급대원 뿐만 아니라 경찰관들도 주취자들에게 폭행을 당하는 경우가 많이 발생하는 것으로 알고 있습니다. 뉴스에서도 심심치 않게 많이 보여지는 뉴스들인데요. 구급대원이나 경찰관처럼 공적인 업무를 하는 사람들을 지킬 수 있는 법안이 마련돼야 된다고 생각합니다. 지금까지는 단순히 벌금 정도로 끝난 일이었다면 앞으로는 조금 더 처벌이 강화되어서 구급대원이나 경찰관들이 마음 놓고 국민들을 위해 일할 수 있는 환경이 제공되어야 된다고 생각합니다.","wordCount":64},"emotion":[{"text":"구급대원이나 경찰관처럼 공적인 업무를 하는 사람들을 지킬 수 있는 법안이 마련돼야 된다고 생각합니다.","expression":"u-belief","category":"neutral"},{"text":"지금까지는 단순히 벌금 정도로 끝난 일이었다면 앞으로는 조금 더 처벌이 강화되어서 구급대원이나 경찰관들이 마음 놓고 국민들을 위해 일할 수 있는 환경이 제공되어야 된다고 생각합니다.","expression":"u-belief","category":"neutral"}],"intent":[{"text":"","expression":"","category":"attitude"}],"summary":{"text":"구급대원, 경찰관 등 공적인 업무를 하는 사람들을 지킬 수 있는 법안이 마련돼야 합니다. 지금보다 처벌이 강화되어 구급대원, 경찰관들이 마음 놓고 국민들을 위해 일할 수 있는 환경이 제공되어야 합니다.","wordCount":28}}},"rawDataInfo":{"question":{"fileFormat":"wav","fileSize":512078,"duration":16000,"samplingBit":16,"channelCount":1,"samplingRate":"16kHz","audioPath":"/Mock/02.SalesMarketing/Male/Experienced/ckmk_q_sm_m_e_218868.wav"},"answer":{"fileFormat":"wav","fileSize":1799118,"duration":56220,"samplingBit":16,"channelCount":1,"samplingRate":"16kHz","audioPath":"/Mock/02.SalesMarketing/Male/Experienced/ckmk_a_sm_m_e_218868.wav"}}}