{"version":"1.0","dataSet":{"info":{"date":"20230116","occupation":"SM","channel":"MOCK","place":"ONLINE","gender":"MALE","ageRange":"55-","experience":"EXPERIENCED"},"question":{"raw":{"text":"커뮤니케이션을 잘할 수 있는 지원자님만의 노하우가 있다면 한 번 소개해 주시겠어요 직접 보여주시면 감사하겠습니다","wordCount":14},"emotion":[],"intent":[]},"answer":{"raw":{"text":"커뮤니케이션을 잘할 수 있는 본인만의 스킬이 있다면 한 번 소개해 주시겠어요. 직접 한번 보여주셔도 좋습니다. 제가 커뮤니케이션을 잘할 수 있는 스킬은 아 책을 많이 읽고 많은 정보를 통하여서 아 지식화 하였고 이 지식을 하나씩 하나씩 꺼내면서 적재적소에 유머와 또한 그 어 경제 분야라든가 정치학 분야라든가 또한 군사적인 그런 거에 대해서 제가 아는 그러한 정보를 하나씩 하나씩 흘리면서 아 대화의 아 물꼬를 트는 그런 일들을 많이 했던 것 같습니다. 특히 아이스 브레이크의 그러한 시간에는 그런 일들을 많이 좀 하는데 어 큰 도움이 되어 왔습니다. 그러기 위해서는 어 커뮤니케이션에 아 잘하는 그러한 아 시간들을 많이 잘했던 것으로 생각을 합니다. 그런 부분에서는 아 많이 도움이 될 것이라고 생각합니다. 제가 또한 최근에 배우는 것 중의 하나는 그러한 음 성대묘사 그러한 어 어떠한 연예인의 그러한 아 웃기는 그런 모습을 보여주는 것들 성대모사와 같은 그런 것들을 보여주는 것을 아 좀 요즘 배우고 있습니다. 아 그런다면은 어 커뮤니케이션을 무엇보다 더 잘 할 수가 있고 또한 그 말투라든가 행동이라든가 이런 것들을 어 또한 귀엽게 봐주고 또한 때로는 어 정말 그 애교 넘치게 봐줌으로 인하여서 그러한 분위기가 화기애애하게 아 바뀌는 것들을 많이 보아왔습니다. 어떻게 보면 더욱더 그런 부분을 더 노력할 수 있도록 하겠습니다. 요즘은 유튜브를 통하여서 그러한 어 재능 끼 이런 것들을 배움으로 인하여서 서로 간의 대화에 어려움을 없애도록 더욱더 노력할 수 있습니다.","wordCount":204},"emotion":[],"intent":[{"text":"","expression":"","category":"attitude"}],"summary":{"text":"제가 커뮤니케이션을 잘할 수 있는 스킬은 책을 많이 읽고 지식화 하였고 지식을 하나씩 꺼내면서 적재적소에 유머와 경제 분야, 정치학 분야, 군사적인 거에 대해서 대화를 하는 일들을 많이 했던 것 같습니다. 최근에는 성대모사를 요즘 배우고 있습니다. 말투, 행동 등을 애교 넘치게 봐줌으로 인하여 분위기가 화기애애하게 바뀌는 것들을 많이 보아왔습니다. 이제는 유튜브를 통하여서 소통에 어려움을 없애도록 더욱더 노력할 수 있습니다","wordCount":58}}},"rawDataInfo":{"question":{"fileFormat":"wav","fileSize":396238,"duration":12380,"samplingBit":16,"channelCount":1,"samplingRate":"16kHz","audioPath":"/Mock/02.SalesMarketing/Male/Experienced/ckmk_q_sm_m_e_229188.wav"},"answer":{"fileFormat":"wav","fileSize":3861198,"duration":120660,"samplingBit":16,"channelCount":1,"samplingRate":"16kHz","audioPath":"/Mock/02.SalesMarketing/Male/Experienced/ckmk_a_sm_m_e_229188.wav"}}}