{"version":"1.0","dataSet":{"info":{"date":"20230116","occupation":"SM","channel":"MOCK","place":"ONLINE","gender":"MALE","ageRange":"35-44","experience":"EXPERIENCED"},"question":{"raw":{"text":"소통 능력을 키우기 위해서 어떤 일을 할 수 있을까요 생각나는 방법들이나 직접 해 보셨던 방법들을 자세하게 말씀 부탁드립니다","wordCount":18},"emotion":[],"intent":[]},"answer":{"raw":{"text":"네 소통 능력을 키우기 위해서 제가 어떤 일들을 했는지 한 번 더 해서 생각해 봤고 답변 드리도록 하겠습니다. 일단 소통 능력을 키우기 위해서는 어 상대방에 말을 잘 들어주지 않으면 이렇게 소통이 될 수가 없습니다. 그거는 본인 얘기만 하고 본인 의사만 주장하게 되면은 그거는 이제 조언이 되는 거지 소통이라고 할 수가 없을 겁니다. 소통이라는 거는 내가 얘기도 잘 들어야 하고 내 얘기도 잘 할 줄 알아야 소통이 된다고 생각합니다. 그런데 우리나라 사람들 대부분이 소통 중에서 말하는 능력은 뛰어나지만 듣는 능력이 매우 미약하다고 생각합니다. 그러기 때문에 저는 이 듣는 거를 연습을 많이 했었던 거 같고 분명히 제가 아는 부분이 나오고 얘기가 좀 길어지고 하면 집중력이 떨어지고 그게 되면 딴짓을 하게 되고 이러면 이제 대화가 단절이 되는 건데 그런 부분들에서 연습을 정말 많이 했던 거 같습니다. 우리나라에서 인제 말하는 사람을 말하는 말 잘하는 사람은 많지만 이 듣는 능력을 갖고 있는 사람 매우 적기 때문에 저희 소통 능력을 키우기 위해서는 제가 노력했던 부분은 듣는 연습 경청하려는 자세 진심성을 다해서 들어주는 모습일 보여지는 그런 제스처 이런 것들을 연구를 많이 했던 거 같습니다. 네 이상입니다.","wordCount":169},"emotion":[],"intent":[{"text":"우리나라에서 인제 말하는 사람을 말하는 말 잘하는 사람은 많지만 이 듣는 능력을 갖고 있는 사람 매우 적기 때문에 저희 소통 능력을 키우기 위해서는 제가 노력했던 부분은 듣는 연습 경청하려는 자세 진심성을 다해서 들어주는 모습일 보여지는 그런 제스처 이런 것들을 연구를 많이 했던 거 같습니다.","expression":"s_comn","category":"attitude"}],"summary":{"text":"소통이란 제가 얘기를 잘 듣고 제 얘기를 잘 할 줄 알아야 소통이라고 할 수 있습니다. 그런데 우리나라 사람들은 소통 중에서 말하는 능력은 뛰어나지만 듣는 능력이 매우 미약하다고 생각합니다. 그래서 저는 듣는 연습을 많이 했었던 것 같습니다. 네 이상입니다.","wordCount":38}}},"rawDataInfo":{"question":{"fileFormat":"wav","fileSize":579918,"duration":18120,"samplingBit":16,"channelCount":1,"samplingRate":"16kHz","audioPath":"/Mock/02.SalesMarketing/Male/Experienced/ckmk_q_sm_m_e_226591.wav"},"answer":{"fileFormat":"wav","fileSize":2704718,"duration":84520,"samplingBit":16,"channelCount":1,"samplingRate":"16kHz","audioPath":"/Mock/02.SalesMarketing/Male/Experienced/ckmk_a_sm_m_e_226591.wav"}}}