{"version":"1.0","dataSet":{"info":{"date":"20230116","occupation":"SM","channel":"MOCK","place":"ONLINE","gender":"MALE","ageRange":"35-44","experience":"EXPERIENCED"},"question":{"raw":{"text":"남을 잘 이끄는 리더형과 남을 잘 따르는 팔로워형 지원자님 본인은 어떤 유형인지 이유는 무엇인지 설명해 주실 수 있겠습니까","wordCount":18},"emotion":[],"intent":[]},"answer":{"raw":{"text":"저는 무엇보다도 남을 아주 잘 이끄는 리더라고 말씀드리고 싶습니다. 지금까지 오십 개가 넘는 프로젝트를 진행했고 단 한 번도 프로젝트에서 데드라인을 며칠 넘긴 경우는 있었지만 실패한 적이 없었습니다. 저의 가장 큰 장점은 리더로서 사람들의 능력을 파악하여 누가 어떤 업무를 가장 잘하는지를 알아낸 다음에 그 사람들을 적재적소에 배치합니다. 예를 들어 에이라는 사람은 창의적인 일을 잘하고 비라는 사람은 팀워크에 맞는 일을 잘하는데 두 개를 바꿔서 일을 시키면 서로 일도 못할 뿐만 아니라 스트레스를 받습니다. 하지만 에이의 능력 비의 능력을 각각 파악하여 본인이 잘할 수 있는 일에 배치를 한 다음에 거기서 시너지를 날 수 있게끔 다른 더 좋은 동료를 붙여서 프로젝트를 마무리하는 좋은 리더로서 지금까지 성장했습니다.","wordCount":102},"emotion":[],"intent":[{"text":"","expression":"","category":"attitude"}],"summary":{"text":"저는 사람을 아주 잘 이끄는 리더라고 말씀드리겠습니다. 저는 리더로서 사람들의 능력을 파악하여 누가 어떤 업무를 가장 잘하는지를 알아낸 다음에 그 사람들을 적재적소에 배치합니다. 그로 인해 시너지를 날 수 있게끔 다른 더 좋은 동료를 붙여서 프로젝트를 마무리하는 좋은 리더로 성장했습니다.","wordCount":39}}},"rawDataInfo":{"question":{"fileFormat":"wav","fileSize":512718,"duration":16020,"samplingBit":16,"channelCount":1,"samplingRate":"16kHz","audioPath":"/Mock/02.SalesMarketing/Male/Experienced/ckmk_q_sm_m_e_184580.wav"},"answer":{"fileFormat":"wav","fileSize":1776078,"duration":55500,"samplingBit":16,"channelCount":1,"samplingRate":"16kHz","audioPath":"/Mock/02.SalesMarketing/Male/Experienced/ckmk_a_sm_m_e_184580.wav"}}}