{"version":"1.0","dataSet":{"info":{"date":"20230116","occupation":"SM","channel":"MOCK","place":"ONLINE","gender":"MALE","ageRange":"35-44","experience":"EXPERIENCED"},"question":{"raw":{"text":"지원자님께서는 지금부터 삼 년 뒤까지 삼 년 내에 주요 성장 계획이나 목표가 있나요 있다면 어떤 계획인지 궁금합니다","wordCount":17},"emotion":[],"intent":[]},"answer":{"raw":{"text":"삼 년 뒤 저의 목표는 기술 지원부 센터장 또는 개발 팀장입니다. 그리고 연매출 오백 억을 달성하는 것이 저의 첫 번째 목표입니다. 지금 현재 사백 억을 넘어서고 있고 좋은 제품을 개발하여 삼 년 안에 백 억 현재 사백 억에서 이십 오 퍼센트가 넘어가는 매출 성장을 목표로 하고 있습니다. 개발을 잘하면 생산 관리에 박차를 가할 수 있고 품질 관리를 통해서 제품을 출시하여 지금보다 더 좋은 제품을 판매하는 데 일조할 수 있을 것이라고 생각합니다. 당장 개발을 한다고 돈을 벌 수 있지는 않습니다. 하지만 개발은 삼 년 주기를 보고 한다고 하여 지금 이천 이십 오 년에 개발을 시작하면 이천 이십 오 년 또는 이천 이십 팔 년에는 약 지금보다 생산량 육십 퍼센트가 늘어난 제품을 판매할 수 있을 것으로 예상하고 있습니다.","wordCount":116},"emotion":[],"intent":[{"text":"","expression":"","category":"attitude"}],"summary":{"text":"기술 지원부 센터장 또는 개발 팀장은 연매출 오백 억을 달성하는 것이 첫 번째 목표입니다. 개발을 못하면 생산 관리에 박차를 가할 수 있고 품질 관리를 통해서 지금보다 더 좋은 제품을 판매하는 데 일조할 수 있을 것입니다.","wordCount":35}}},"rawDataInfo":{"question":{"fileFormat":"wav","fileSize":373838,"duration":11680,"samplingBit":16,"channelCount":1,"samplingRate":"16kHz","audioPath":"/Mock/02.SalesMarketing/Male/Experienced/ckmk_q_sm_m_e_177292.wav"},"answer":{"fileFormat":"wav","fileSize":1881998,"duration":58810,"samplingBit":16,"channelCount":1,"samplingRate":"16kHz","audioPath":"/Mock/02.SalesMarketing/Male/Experienced/ckmk_a_sm_m_e_177292.wav"}}}