{"version":"1.0","dataSet":{"info":{"date":"20230116","occupation":"SM","channel":"MOCK","place":"ONLINE","gender":"MALE","ageRange":"35-44","experience":"EXPERIENCED"},"question":{"raw":{"text":"일을 하면서 가장 어려울 것으로 예상되는 것은 무엇인가요 또한 그 상황을 어떻게 대처하실 건지도 말씀 부탁드립니다","wordCount":16},"emotion":[],"intent":[]},"answer":{"raw":{"text":"네 답변 드리겠습니다. 어 업무를 하면서 가장 어려 것으로 판단되는 것과 그의 예상되는 부분 그리고 그에 대해서 어떻게 대처해야 할지 그 부분에 대해서 생각을 해 봤고 답변 드리겠습니다. 어 업무적인 그 능력이나 업무에 힘든 것은 개인의 노력이나 어 개인의 판단으로 충분히 대처가 가능하고 역량이나 전체적인 것은 다 능률을 올릴 수 있다고 생각하는데 여기서 이제 추가적으로 인간관계 부분에서가 제일 어려움이 많을 것 같습니다. 어 인간관계에서 이제 신뢰나 믿음이 있어야 같은 팀원으로서 한 가지 방향으로 나아갈 수 있는데 그런 것들이 제한될 시에는 어 신뢰가 없다 보니까 업무적으로나 여러 가지 면으로 했을 때 어 많은 대처가 필요할 것 같습니다. 그래서 제일 갖기 어려운 것도 인간관계이고 그 신뢰를 쌓아가고 상대방의 마음을 얻는 것이 가장 고난이지 않을까 싶습니다. 그런 것들을 대비해서 사람들 사람으로서 판단하고 상대방을 존중하고 배려하는 자세에서 그런 것들이 신뢰를 갖춰질 것 같습니다. 이상입니다.","wordCount":130},"emotion":[],"intent":[{"text":"","expression":"","category":"attitude"}],"summary":{"text":"업무적 능력이나 업무가 힘든 것은 개인의 판단으로 대처가 가능하고 역량이나 전체적인 것은 다 능률을 올릴 수 있다고 생각하는데 인간관계 부분에서는 신뢰가 없어 많은 대처가 필요할 것 같습니다. 그래서 신뢰를 쌓아가고 상대방의 마음을 얻는 것이 가장 어렵다고 생각합니다. 사람으로서 판단하고 상대방을 존중하고 배려하는 자세에서 신뢰가 갖춰질 것 같습니다.","wordCount":47}}},"rawDataInfo":{"question":{"fileFormat":"wav","fileSize":588878,"duration":18400,"samplingBit":16,"channelCount":1,"samplingRate":"16kHz","audioPath":"/Mock/02.SalesMarketing/Male/Experienced/ckmk_q_sm_m_e_215303.wav"},"answer":{"fileFormat":"wav","fileSize":2618318,"duration":81820,"samplingBit":16,"channelCount":1,"samplingRate":"16kHz","audioPath":"/Mock/02.SalesMarketing/Male/Experienced/ckmk_a_sm_m_e_215303.wav"}}}