{"version":"1.0","dataSet":{"info":{"date":"20230116","occupation":"SM","channel":"MOCK","place":"ONLINE","gender":"MALE","ageRange":"35-44","experience":"EXPERIENCED"},"question":{"raw":{"text":"소통 능력을 키우기 위해서 어떤 일을 할 수 있을까요 생각나는 방법들을 자세하게 말씀해 주실 수 있으실까요","wordCount":16},"emotion":[],"intent":[]},"answer":{"raw":{"text":"네 소통 능력을 키우기 위해서 제일 좋은 방법은 어 부분에 대해서 답변 드리겠습니다. 어 일단 소통 능력을 키우기 위해서는 나의 의견을 자연스럽게 원활하게 상대방에게 인지시켜주는 것도 중요하지만 어 내가 아는 내용이라 해도 상대방이 하는 의사 전달이나 의견 같은 것들을 묵시하지 않고 어 경청하는 자세로 집중해서 잘 들어준다면은 그랬을 때 인제 서로 원활하게 대화가 될 것이고 그러다 보면은 소통이 될 것이고 그러면 더 신뢰감이 있는 소통이 되지 않을까 싶습니다. 그래서 그런 부분에 있어서 나의 의견에 대한 논리나 근거를 키우기 위한 또 말하는 능력을 키우는 방법들이 있을 것이고 두 번째로는 상대방의 얘기를 잘 들어주는 것도 연습이 필요합니다. 그런 것들에 대한 것도 노하우가 있기 때문에 그런 부분에서도 보완하고 나의 의견에 대해서 대답할 수 있는 그런 말하는 자세 이런 것들이 보완이 된다고 하면 서로 간의 소통 능력이 더욱더 커지지 않을까 싶습니다. 네 이상입니다.","wordCount":129},"emotion":[],"intent":[{"text":"어 일단 소통 능력을 키우기 위해서는 나의 의견을 자연스럽게 원활하게 상대방에게 인지시켜주는 것도 중요하지만 어 내가 아는 내용이라 해도 상대방이 하는 의사 전달이나 의견 같은 것들을 묵시하지 않고 어 경청하는 자세로 집중해서 잘 들어준다면은 그랬을 때 인제 서로 원활하게 대화가 될 것이고 그러다 보면은 소통이 될 것이고 그러면 더 신뢰감이 있는 소통이 되지 않을까 싶습니다.","expression":"s_comn","category":"attitude"},{"text":"그래서 그런 부분에 있어서 나의 의견에 대한 논리나 근거를 키우기 위한 또 말하는 능력을 키우는 방법들이 있을 것이고 두 번째로는 상대방의 얘기를 잘 들어주는 것도 연습이 필요합니다.","expression":"s_comn","category":"attitude"}],"summary":{"text":"소통 능력을 키우기 위해서는 저의 의견을 원활하게 상대방에게 인지시켜주는 것도 중요하지만 상대방의 의사 전달이나 의견 같은 것들을 묵시하지 않고 경청하는 자세로 잘 들어준다면 더 신뢰감이 있는 소통이 될 것이고 그런 부분에 있어서 저의 의견에 대한 논리나 근거를 키우는 방법들이 있을 것입니다.","wordCount":41}}},"rawDataInfo":{"question":{"fileFormat":"wav","fileSize":346958,"duration":10840,"samplingBit":16,"channelCount":1,"samplingRate":"16kHz","audioPath":"/Mock/02.SalesMarketing/Male/Experienced/ckmk_q_sm_m_e_214697.wav"},"answer":{"fileFormat":"wav","fileSize":2595918,"duration":81120,"samplingBit":16,"channelCount":1,"samplingRate":"16kHz","audioPath":"/Mock/02.SalesMarketing/Male/Experienced/ckmk_a_sm_m_e_214697.wav"}}}