{"version":"1.0","dataSet":{"info":{"date":"20230116","occupation":"SM","channel":"MOCK","place":"ONLINE","gender":"MALE","ageRange":"35-44","experience":"EXPERIENCED"},"question":{"raw":{"text":"지원자님께서는 태어나서 지금까지 한 일들 가운데 가장 후회했던 일이 무엇인가요 한 가지만 골라서 말씀 부탁드리겠습니다","wordCount":15},"emotion":[],"intent":[]},"answer":{"raw":{"text":"음 제가 태어나서 지금까지 했던 일들 중에서 가장 후회됐던 일에 대해서 말씀드리겠습니다 답변 드리겠습니다. 음 일단 지금 생각해보면은 저는 뭐 그렇게 지난 일에 대해서 후회하는 차이는 아닙니다. 그런데 아쉬웠던 일들은 몇 가지가 있을 건데 아 아쉬웠던 일류 중에 제 하나가 제가 이제 군 복무를 해야 하는 과정에 있어서 어 병자 생활을 하고 이 년만 하고 사회로 나올지 아니면 부사관이라는 제도를 활용해서 군생활을 계속 이어서 할지에 대해서 고민을 하다가 이것도 하나의 도움이 되고 많은 아 성장할 수 있는 계기가 될 것 같아서 부사관으로 입대를 해서 육 년 간의 군생활을 했었습니다. 네 사 년 만 하고 전형 할 수 있었는데 어 제가 좀 더 했었습니다. 그 이유는 계속 군 생활을 하려는 목표가 있었었고 그래서 하다 보니까 육 년이나 시간이 흘렀는데 어 제가 이 군생활도 적성에 맞았고 했는데 뭔가 이런 개인에 대한 미래에 대한 열정 비전 이런 것들이 조금 부족하다고 느껴져서 어 지금은 저녁하고 지금 이 자리에서 제가 면접을 보고 있는데 어 그런 것들이 있었을 때 그 육 년이라는 시간이 짧은 시간이 아닌데 그 시간을 만약에 사회에 좀 더 빨리 나와서 집중했더라면 지금 좀 더욱더 안전한 지위를 갖고 있지 않을까 라는 생각을 하면서 조금은 아쉬운 부분이 있습니다. 그렇지만 그 육 년간의 분석을 하면서 저는 제 삶의 영양분을 다 갖췄다고 생각을 합니다. 그래서 후회되지는 않고 조금은 아쉬운 부분이 될 것 같습니다. 이상입니다.","wordCount":208},"emotion":[],"intent":[{"text":"그런데 아쉬웠던 일들은 몇 가지가 있을 건데 아 아쉬웠던 일류 중에 제 하나가 제가 이제 군 복무를 해야 하는 과정에 있어서 어 병자 생활을 하고 이 년만 하고 사회로 나올지 아니면 부사관이라는 제도를 활용해서 군생활을 계속 이어서 할지에 대해서 고민을 하다가 이것도 하나의 도움이 되고 많은 아 성장할 수 있는 계기가 될 것 같아서 부사관으로 입대를 해서 육 년 간의 군생활을 했었습니다.","expression":"c_private","category":"background"}],"summary":{"text":"지난 일에 대해서 후회하는 차이는 없지만, 아쉬웠던 일류 중 하나는 병자 생활을 하고 이 년만 하고 사회로 나올 지, 부사관으로 입대를 해서 육 년 간의 군생활을 했습니다. 사년만하고 전형할 수 있었는데 적성에 맞고 미래에 대한 열정 비전이 부족하다고 느껴져서 지금은 저녁하고 이 자리에서 면접을 보고 있는데, 좀 더 빨리 나와서 집중했더라면 지금 더 안전한 지위를 갖고 있지 않을까 라는 생각을 하면서 아쉬웠습니다","wordCount":62}}},"rawDataInfo":{"question":{"fileFormat":"wav","fileSize":393998,"duration":12310,"samplingBit":16,"channelCount":1,"samplingRate":"16kHz","audioPath":"/Mock/02.SalesMarketing/Male/Experienced/ckmk_q_sm_m_e_229797.wav"},"answer":{"fileFormat":"wav","fileSize":3708878,"duration":115900,"samplingBit":16,"channelCount":1,"samplingRate":"16kHz","audioPath":"/Mock/02.SalesMarketing/Male/Experienced/ckmk_a_sm_m_e_229797.wav"}}}