{"version":"1.0","dataSet":{"info":{"date":"20230116","occupation":"SM","channel":"MOCK","place":"ONLINE","gender":"MALE","ageRange":"35-44","experience":"EXPERIENCED"},"question":{"raw":{"text":"네 한참 이슈인 쓰리디 티비에 기술적인 중요한 점은 무엇이며 또한 소비자의 관점에서는 어떻게 바라보시는지 말씀해 주십시오","wordCount":16},"emotion":[],"intent":[]},"answer":{"raw":{"text":"네 쓰리디 티비가 지금 이슈이고 기술적인 부분 에서 어 많이들 신기해 하고 또 관심을 갖고 있는데 어 근데 이제는 쓰리디 티비에 대해서는 좀 시대가 지난 거 같고 이제 포디 티비가 조만간 나오지 않을까 싶습니다. 쓰리디 입체감을 줘서 사람들에게 어 현실감을 준다 이런 게 이제 이슈가 될 것 같고 포디로 넘어가게 되면 이제 눈으로 보는 데를 넘어서서 뭐 바람을 느낄 수 있다든지 뭐 촉감까지 활용해서 하는 그런 기능이 이제 포디인데 어 이 포디까지 넘어갈 수 있는 단계에서 쓰리디 티비가 지금 성행을 많이 하고 있는 거 같습니다. 그래서 이런 기술적인 부분에서는 어쩔 수 없습니다. 현대사에서는 다음 단계 다음 단계 다음 단계 더 좋은 거 더 좋은 거 이렇게 계속 발전해 나가야 하기 때문에 그런 부분에 있어서는 계속 개발을 해야 하고 그리야 세계적으로도 인정을 받을 수 있고 하기 때문에 그런 부분에 있어서는 기술적인 부분에서 이런 부분들이 되게 좋은 점이고 우리나라를 돋보일 수 있게 하는 가장 원동력이 될 수 있을 거 같습니다. 네 이상입니다.","wordCount":150},"emotion":[],"intent":[{"text":"","expression":"","category":"attitude"}],"summary":{"text":"쓰리디 티비에 대해서는 이제 시대가 지나 포디 티비가 곧 나올 것 같습니다. 입체감을 줘서 사람들에게 현실감을 준다는 게 이슈이고, 포디로 넘어가면 촉감까지 활용해서 하는 기능이 포디인데, 이 포디까지 넘어갈 수 있는 단계에서 성행을 많이 하고 있습니다. 기술적인 부분에서는 어쩔 수 없습니다. 계속 개발을 해야 하고, 세계적으로도 인정을 받을 수 있기 때문입니다.","wordCount":51}}},"rawDataInfo":{"question":{"fileFormat":"wav","fileSize":508238,"duration":15880,"samplingBit":16,"channelCount":1,"samplingRate":"16kHz","audioPath":"/Mock/02.SalesMarketing/Male/Experienced/ckmk_q_sm_m_e_226590.wav"},"answer":{"fileFormat":"wav","fileSize":2682318,"duration":83820,"samplingBit":16,"channelCount":1,"samplingRate":"16kHz","audioPath":"/Mock/02.SalesMarketing/Male/Experienced/ckmk_a_sm_m_e_226590.wav"}}}