{"version":"1.0","dataSet":{"info":{"date":"20230116","occupation":"SM","channel":"MOCK","place":"ONLINE","gender":"MALE","ageRange":"55-","experience":"EXPERIENCED"},"question":{"raw":{"text":"어 이전 직장이나 혹은 대학에서 어떤 프로젝트를 해 보셨는지 어 생각나시는 게 있다면 한 번 말씀해 주시겠습니까","wordCount":17},"emotion":[],"intent":[]},"answer":{"raw":{"text":"이전 직장 혹은 대학에서 어떤 프로젝트를 해 봤는지 생각나시는 게 있다면 한번 말씀해 주시겠습니까. 아 예 제가 전에서 프로젝트를 많이 했는데 저희가 이제 화학 제품이어서 어 접착제라든가 이런 쪽에 매출을 올리는 쪽에 아 집중을 했습니다. 하지만은 생활용품 쪽 시장도 크기 때문에 우리가 화학이라고 해 가지고 어 건축 분야만 하는 것이 아니라 생활용품 쪽으로도 접목하는 것이 중요하다고 생각합니다. 그쪽 분야가 우리하고의 그런 관계가 없다고 하더라도 또한 새롭게 도전하는 것 그리고 또한 마켓을 늘리는 것 여러 가지의 그런 아이템을 늘리는 것이 더욱더 중요하다고 생각합니다. 그래서 저희가 아 스포츠 용품 쪽으로 어 준비를 많이 해 가지고 아 작은 매출이지만은 어 매출을 꾸준하게 생활용품에서 소비성으로 일으켜서 큰 도움을 받았던 적도 있습니다. 그리고 또한 생활용품으로 말하면은 아 샴푸를 우리가 개발하고 생산하여서 그 제품을 판매했던 적이 있습니다. 그럼으로 인하여서 우리가 우리 회사 직원들도 사용하고 또한 우리 친인척도 사용하고 우리 주위의 모든 아는 사람들이 샴푸를 쓰기 때문에 그 제품을 통하여서 꾸준한 매출과 또한 기업 이미지를 더욱더 이렇게 확장해 가는 데 도움이 되었다고 생각합니다. 그런 면에서 봤을 때는 우리가 하고자 하는 그러한 전문적인 아이템 하고 어 커스터머는 꼭 있어야 되겠지만은 어 많은 아 부분을 통하여서 하는 것이 더 중요하다고 생각을 합니다.","wordCount":183},"emotion":[{"text":"그리고 또한 생활용품으로 말하면은 아 샴푸를 우리가 개발하고 생산하여서 그 제품을 판매했던 적이 있습니다.","expression":"u-fact","category":"neutral"}],"intent":[{"text":"그래서 저희가 아 스포츠 용품 쪽으로 어 준비를 많이 해 가지고 아 작은 매출이지만은 어 매출을 꾸준하게 생활용품에서 소비성으로 일으켜서 큰 도움을 받았던 적도 있습니다.","expression":"s_sell_exp","category":"technology"},{"text":"그리고 또한 생활용품으로 말하면은 아 샴푸를 우리가 개발하고 생산하여서 그 제품을 판매했던 적이 있습니다.","expression":"s_sell_exp","category":"technology"}],"summary":{"text":"우리가 화학 제품이어서 접착제나 이런 쪽에 매출을 올리는 것에 집중했습니다. 하지만 생활용품 쪽 시장도 크기 때문에 건축 분야만 하는 것이 아니라 생활용품 쪽으로 접목하는 것이 중요하다고 생각합니다. 그래서 우리가 스포츠 용품 쪽으로 준비를 많이 해 가지고 매출이 꾸준하게 생활용품에서 소비성으로 일으켜서 큰 도움을 받았던 적도 있습니다.","wordCount":46}}},"rawDataInfo":{"question":{"fileFormat":"wav","fileSize":439438,"duration":13730,"samplingBit":16,"channelCount":1,"samplingRate":"16kHz","audioPath":"/Mock/02.SalesMarketing/Male/Experienced/ckmk_q_sm_m_e_229008.wav"},"answer":{"fileFormat":"wav","fileSize":3842638,"duration":120080,"samplingBit":16,"channelCount":1,"samplingRate":"16kHz","audioPath":"/Mock/02.SalesMarketing/Male/Experienced/ckmk_a_sm_m_e_229008.wav"}}}