{"version":"1.0","dataSet":{"info":{"date":"20230116","occupation":"SM","channel":"MOCK","place":"ONLINE","gender":"MALE","ageRange":"55-","experience":"EXPERIENCED"},"question":{"raw":{"text":"젊은 사람들이 아이폰을 선호하는 이유에 대해서 어떻게 생각하시나요","wordCount":8},"emotion":[],"intent":[]},"answer":{"raw":{"text":"요즘 젊은이들이 아이폰을 선호하는 이유는 다양한 어떤 디자인인 것 같습니다. 젊은 취향에 맞는 디자인을 개발해서 다양하게 내놓기 때문에 삼성폰보다는 젊은이들이 아이폰을 선호하는 유인 것 같고 또 한 가지는 어떤 보안적인 부분도 국내 삼성보다는 아이폰이 훨씬 보안성이 뛰어나기 때문에 젊은이들이 선호하지 않는가 싶습니다.","wordCount":42},"emotion":[],"intent":[{"text":"","expression":"","category":"attitude"}],"summary":{"text":"요즘 젊은이들이 보안성을 중시하므로 애플을 선호하는 것 같습니다. 또한 국내 삼성폰보다 보안성이 뛰어난 아이폰을 선호하기 때문이라 생각합니다.","wordCount":17}}},"rawDataInfo":{"question":{"fileFormat":"wav","fileSize":236878,"duration":7400,"samplingBit":16,"channelCount":1,"samplingRate":"16kHz","audioPath":"/Mock/02.SalesMarketing/Male/Experienced/ckmk_q_sm_m_e_216681.wav"},"answer":{"fileFormat":"wav","fileSize":1507598,"duration":47110,"samplingBit":16,"channelCount":1,"samplingRate":"16kHz","audioPath":"/Mock/02.SalesMarketing/Male/Experienced/ckmk_a_sm_m_e_216681.wav"}}}