{"version":"1.0","dataSet":{"info":{"date":"20230116","occupation":"SM","channel":"MOCK","place":"ONLINE","gender":"MALE","ageRange":"35-44","experience":"EXPERIENCED"},"question":{"raw":{"text":"만약 지원자님께서 지금 지원하신 이 직무가 아니라 다른 부서에 배치 받게 되신다면 어떻게 하실 건가요 그래도 업무를 하실 건가요","wordCount":19},"emotion":[],"intent":[]},"answer":{"raw":{"text":"네 제가 이제 이 회사에 합격해서 업무를 맡게 됐는데 어 막상 지원한 직무가 아니고 생각지도 못한 다른 부서에 배치가 된다면 어떻게 할 지에 대해서 답변 드리겠습니다. 일단 정답은 어 전혀 상관이 없다 입니다. 어차피 다른 부서에 가서 다른 업무도 꼭 해봐야 되는 일이기 때문에 그 시기가 앞당겨졌다고 생각하면 되는 겁니 됩니다. 다른 부서로 간다는 거는 결국은 새로운 업무를 한다는 건데 새로운 업무로 해서 제가 또 거기에 따른 또 업무에 대한 능력을 갖추고 많은 걸 배우게 되면은 저 자신한테는 또 하나의 무기가 생기는 겁니다. 더 스펙이 되는 것이고 다음 상급 업무에 할 수 있는 기회가 더 빨리 올 수 있다고 생각하기 때문에 저는 긍정적으로 접근할 것 같습니다. 제가 이제 군생활을 했을 때 이런 진급과 관련된 그런 심사 같은 것도 봤었는데 일단 경력이 많고 좀 경험 여러 가지 업무에 대한 경험이 많은 사람을 제일 우선시하는 그 현상을 봤었습니다. 근데 저도 그렇게 그게 맞다고 생각하고 여러 가지 유능하게 되면은 그게 최고의 무기이고 최고의 스펙이 되지 않을까 싶은 마음이기 때문에 저한테는 오히려 기회일 것 같습니다. 이상입니다.","wordCount":162},"emotion":[],"intent":[{"text":"","expression":"","category":"attitude"}],"summary":{"text":"이 회사에 합격해서 업무를 맡게 됐는데 다른 부서에 배치가 된다면 어떻게 할 지에 대해 답변 드리겠습니다. 그 시기가 앞당겨졌다고 생각하면 되는 겁니 됩니다. 새로운 업무로 해서 업무에 대한 능력을 갖추고 많은 걸 배우게 되면은 저 자신한테 또 하나의 무기가 생기는 것입니다. 더 스펙이 되는 것이고 다음 상급 업무에 할 수 있는 기회가 더 빨리 올 수 있다고 생각하기 때문에 긍정적으로 접근할 것 같습니다.","wordCount":63}}},"rawDataInfo":{"question":{"fileFormat":"wav","fileSize":619598,"duration":19360,"samplingBit":16,"channelCount":1,"samplingRate":"16kHz","audioPath":"/Mock/02.SalesMarketing/Male/Experienced/ckmk_q_sm_m_e_235882.wav"},"answer":{"fileFormat":"wav","fileSize":2706958,"duration":84590,"samplingBit":16,"channelCount":1,"samplingRate":"16kHz","audioPath":"/Mock/02.SalesMarketing/Male/Experienced/ckmk_a_sm_m_e_235882.wav"}}}