{"version":"1.0","dataSet":{"info":{"date":"20230116","occupation":"SM","channel":"MOCK","place":"ONLINE","gender":"MALE","ageRange":"35-44","experience":"EXPERIENCED"},"question":{"raw":{"text":"아 오늘 이 면접을 준비하시느라고 고생을 많이 하셨을 텐데요 어 어떤 방식으로 어떻게 면접을 준비하셨는지 상세히 말씀을 드릴 수 있나요","wordCount":20},"emotion":[],"intent":[]},"answer":{"raw":{"text":"어 일단 제가 오늘 면접을 준비하는 방향에 대해서는 그동안 제가 살아온 인생 어떻게 살았는지를 제일 많이 중점으로 생각했던 것 같습니다. 그리고 그 전에 인제 여러 회사에서 했었던 그런 노하우나 경험 그 부분을 어 어떻게 하면 잘 설명을 하고 내 방식이 무엇이고 나의 이런 노하우들을 이 회사에서 적용을 시키면 분명히 회사의 이익으로 창출이 될 수 있을 거다 이 부분을 강조하고 싶었고 그런 부분으로 면접을 준비를 했었습니다. 그래서 물론 인제 저만의 스펙이나 뭐 개인 능력 이런 것들은 그 회사에 가면은 일단 백 프로는 발휘는 못 할 겁니다. 왜그나 회사마다 스타일이 있고 또 거쳐야 하는 과정이 틀리기 때문에 그런 과정을 제가 빨리 캐치해서 이 회사에 녹아 든다면은 그런 부분은 전혀 뭐 한 달 안에 준비가 될 것 같고 거기에 인제 저의 경험이나 노하우들을 접목시키게 된다면은 어 회사에서 분명히 필요한 인재가 될 수 있을까 생각합니다. 그런 부분으로 그런 방향으로 면접을 준비했습니다. 네 이상입니다.","wordCount":139},"emotion":[],"intent":[{"text":"","expression":"","category":"attitude"}],"summary":{"text":"그간의 살아온 인생과 회사에서의 경험을 접목시켜 회사 이익 창출 가능성을 강조하고 싶었습니다. 그래서 저만의 스펙 등은 회사마다 스타일이 다르고 과정이 다르기 때문에 빨리 회사에 녹아 든다면 회사에서 필요로 하는 인재가 될 수 있을 것이라고 생각합니다.","wordCount":35}}},"rawDataInfo":{"question":{"fileFormat":"wav","fileSize":409678,"duration":12800,"samplingBit":16,"channelCount":1,"samplingRate":"16kHz","audioPath":"/Mock/02.SalesMarketing/Male/Experienced/ckmk_q_sm_m_e_139008.wav"},"answer":{"fileFormat":"wav","fileSize":2690638,"duration":84080,"samplingBit":16,"channelCount":1,"samplingRate":"16kHz","audioPath":"/Mock/02.SalesMarketing/Male/Experienced/ckmk_a_sm_m_e_139008.wav"}}}