{"version":"1.0","dataSet":{"info":{"date":"20230116","occupation":"SM","channel":"MOCK","place":"ONLINE","gender":"MALE","ageRange":"35-44","experience":"EXPERIENCED"},"question":{"raw":{"text":"전공 외에 자신이 수준급의 실력이 될 정도로 어 노력한 것이 있으시다면 어 전공 관련해서 어 어떠한 도움을 주는지 말씀해 주세요","wordCount":20},"emotion":[],"intent":[]},"answer":{"raw":{"text":"제가 수준급 정도로 노력한 것은 바로 영어 회화입니다 .서른 살에 영어 회화 책을 사서 무조건 외우고 그걸 가지고 영어 회화에 시도했습니다. 당연히 그것은 통하지 않았고 그때부터 저는 방법을 연구하기 시작했습니다. 그래서 무작정 영어 실력도 되지 않았지만 네이티브들이 있는 영어 카페에 가서 그들과 농담하면서 커피 마시고 술 마시며 영어를 하기 시작했습니다. 자신감이 상승되고 육 개월에서 일 년 정도 지나니까 영어에 대한 귀와 입이 트이기 시작했습니다. 입이 트이는 영어라는 교재를 통해서 지속적으로 영어를 내뱉었습니다. 결국 그렇게 하다 보니까 저의 뇌극이 뇌 자극이 됐고 그래서 영어 실력이 지금은 많이 향상됐고 제가 하고 있는 회사의 업무 전 회사의 업무 또한 외국계 회사의 일이라서 외국인들과 소통을 할 일이 상당히 많았습니다. 특히나 요즘은 기술 개발 또는 엔지니어링 쪽은 해외 특히 유럽 미국에 대한 지식과 업무 교류가 상당히 많아 업무적으로 도움을 상당히 많이 받고 있습니다. 현재 다른 엔지니어들은 영어가 안 돼서 그들과 기술 그룹이 회의가 안 되지만 저는 지금 하루에도 영어 회의가 삼 회에서 다섯 차례 이상 지속되고 있습니다.","wordCount":152},"emotion":[],"intent":[{"text":"","expression":"","category":"attitude"}],"summary":{"text":"저는 영어 회화 실력이 부족했으나 네이티브들과 대화하며 영어를 하기 시작하면서 자신감이 상승하고 점점 영어에 대한 귀와 입이 트이기 시작했습니다. 외국계 회사의 일 때문에 외국인들과 소통할 일이 많았는데, 특히 기술 개발 또는 엔지니어링 쪽에서는 유럽 미국에 대한 지식과 업무 교류가 많아 업무적으로 도움을 많이 받고 있습니다.","wordCount":45}}},"rawDataInfo":{"question":{"fileFormat":"wav","fileSize":532558,"duration":16640,"samplingBit":16,"channelCount":1,"samplingRate":"16kHz","audioPath":"/Mock/02.SalesMarketing/Male/Experienced/ckmk_q_sm_m_e_191516.wav"},"answer":{"fileFormat":"wav","fileSize":2597838,"duration":81180,"samplingBit":16,"channelCount":1,"samplingRate":"16kHz","audioPath":"/Mock/02.SalesMarketing/Male/Experienced/ckmk_a_sm_m_e_191516.wav"}}}