{"version":"1.0","dataSet":{"info":{"date":"20230116","occupation":"SM","channel":"MOCK","place":"ONLINE","gender":"MALE","ageRange":"55-","experience":"EXPERIENCED"},"question":{"raw":{"text":"지원자님께서는 지금까지 인생을 살면서 가장 후회되는 일이 있으신가요 있다면 어떤 일일까요 한 가지만 골라서 말씀해 주시기 바랍니다","wordCount":17},"emotion":[],"intent":[]},"answer":{"raw":{"text":"지금 생각해보니 가장 후회되는 부분은 고등학교 시절에 사춘기를 겪게 되면서 학교 공부를 소홀히 했던 것 같습니다. 이게 가장 후회스러운 부분입니다. 중학교까지는 시골에서 학교를 다녔고 고등학교에 오면서 도시로 유학하게 되었습니다. 그러면서 자취 생활하면서 많은 친구들과 어울려 같이 놀고 또한 여행도 다니면서 중학교 때 못 했던 그런 시간들을 갖게 되었습니다. 가장 중요한 시기인 고등학교 때 이렇게 학교 공부를 소홀히 하다 보니 지금에 와서도 그 부분이 가장 후회로 남습니다.","wordCount":66},"emotion":[],"intent":[{"text":"중학교까지는 시골에서 학교를 다녔고 고등학교에 오면서 도시로 유학하게 되었습니다.","expression":"c_private","category":"background"}],"summary":{"text":"고등학교 시절에 사춘기를 겪으면서 학교 공부를 소홀했던 것이 가장 후회스러운 부분입니다. 가장 중요한 시기인 고등학교 때 학교 공부를 소홀히 하다 보니 지금에 와서도 후회합니다.","wordCount":24}}},"rawDataInfo":{"question":{"fileFormat":"wav","fileSize":403278,"duration":12600,"samplingBit":16,"channelCount":1,"samplingRate":"16kHz","audioPath":"/Mock/02.SalesMarketing/Male/Experienced/ckmk_q_sm_m_e_229518.wav"},"answer":{"fileFormat":"wav","fileSize":2564878,"duration":80150,"samplingBit":16,"channelCount":1,"samplingRate":"16kHz","audioPath":"/Mock/02.SalesMarketing/Male/Experienced/ckmk_a_sm_m_e_229518.wav"}}}