{"version":"1.0","dataSet":{"info":{"date":"20230116","occupation":"SM","channel":"MOCK","place":"ONLINE","gender":"MALE","ageRange":"35-44","experience":"EXPERIENCED"},"question":{"raw":{"text":"이전 직장을 그만두셨던 특별한 이유가 있을까요 그렇다면 현재 직장도 같은 이유로 그만둘 가능성이 있다고 보시나요","wordCount":15},"emotion":[],"intent":[]},"answer":{"raw":{"text":"제가 이전 직장을 그만둔 특별한 이유는 바로 성장성 둔화 사업성 부재 그리고 직장인들의 타성의 잦은 모습입니다. 어떤 회사든 이제는 백 년 기업이 없습니다. 그 흔한 노키아 같은 회사도 오십 년 삼십 년도 안 돼서 디지털 트랜스포메이션에 실패하여 결국은 이 세상 없어진 기업으로 명 명맥만 남았습니다. 제가 항상 중요하게 생각하는 건 비전입니다. 사업성이 없는 회사를 계속 다니면 저는 연차가 쌓이는데 연봉도 안 올라가고 진급도 안 되게 돼 있습니다. 사람들은 가끔 회사에 버티기만 하면 월급이 나온다고 생각하는데 이제는 회사도 언제 문 닫고 도산할지 모르는 그런 무한 경쟁 시대에 있습니다. 하지만 현 회사는 빅데이터 및 인공지능 머신러닝 딥러닝 같은 최첨단 기술을 가지고 앞으로 성장해 나가는 회사에 발맞춤을 하고 있습니다. 특히나 공장 자동화 같은 경우는 이제는 인건비를 줄이고 공장 자동화를 통해서 모든 것이 제품화되고 소비자들에게 싼 가격으로 제공이 되기 때문에 성장성이 무한하다고 생각합니다. 특히나 이런 트렌드를 배움으로써 저는 전 직장과 많은 다른 점을 느꼈으며 당연히 이런 부분들 때문에는 퇴사하지 않을 것입니다.","wordCount":147},"emotion":[{"text":"그 흔한 노키아 같은 회사도   오십 년 삼십 년도 안 돼서 디지털 트랜스포메이션에 실패하여 결국은 이 세상 없어진 기업으로 명 명맥만 남았습니다.","expression":"u-fact","category":"neutral"}],"intent":[{"text":"","expression":"","category":"attitude"}],"summary":{"text":"저는 성장성 둔화 사업성 부재 그리고 직장인들의 타성의 잦은 모습으로 이전 직장을 그만둘 수밖에 없었습니다. 하지만 현 회사는 빅데이터 및 인공지능 머신러닝 딥러닝 같은 최첨단 기술을 가지고 성장해 나가는 회사에 발맞춤을 하고 있으며, 공장 자동화 같은 경우는 인건비를 줄이고 공장 자동화를 통해서 모든 것이 제품화되고 소비자들에게 싼 가격으로 제공이 되기 때문에 성장성이 무한합니다.","wordCount":53}}},"rawDataInfo":{"question":{"fileFormat":"wav","fileSize":584398,"duration":18260,"samplingBit":16,"channelCount":1,"samplingRate":"16kHz","audioPath":"/Mock/02.SalesMarketing/Male/Experienced/ckmk_q_sm_m_e_182789.wav"},"answer":{"fileFormat":"wav","fileSize":2720078,"duration":85000,"samplingBit":16,"channelCount":1,"samplingRate":"16kHz","audioPath":"/Mock/02.SalesMarketing/Male/Experienced/ckmk_a_sm_m_e_182789.wav"}}}