{"version":"1.0","dataSet":{"info":{"date":"20230116","occupation":"SM","channel":"MOCK","place":"ONLINE","gender":"MALE","ageRange":"55-","experience":"EXPERIENCED"},"question":{"raw":{"text":"소통 능력을 키우기 위해서 우리가 어떤 일을 할 수 있을까요 생각나는 방법들을 자세하게 말씀해 주시길 바랍니다","wordCount":16},"emotion":[],"intent":[]},"answer":{"raw":{"text":"역지사지의 생각을 항시 갖고 있습니다. 상대방의 입장을 충분히 이해한다면은 소통은 저절로 잘 될 것이라고 생각합니다. 우선 남의 말을 잘 들어 주어야 할 것입니다. 내 말을 삼십을 한다면 남의 말을 칠십을 들어야 할 것으로 생각합니다. 또 내가 주장하는 바를 얘기하고 얘기하고자 할 때 일목요연하게 설명할 수 있어야 합니다. 따라서 내 말을 잘 할 수 있도록 미리 내가 하고자 하는 말을 연습해 둘 필요가 있습니다. 간단하고 명료하게 상대방에게 전달해 주어야 할 것입니다. 상대방의 의견을 존중하고 내가 그 의견에 따를 자세가 충분히 있다고 상대방이 믿게끔 하는 것이 의사소통에 가장 중요한 점이 아닐까 합니다. 실질적으로 그러한 자세로 상대를 대하면 소통의 어려움은 없을 거라고 봅니다.","wordCount":100},"emotion":[],"intent":[{"text":"","expression":"","category":"attitude"}],"summary":{"text":"소통은 상대방의 입장을 충분히 이해한다면 자연스럽게 잘 될 것입니다. 제가 주장하는 바를 일목요연하게 설명할 수 있어야 합니다. 미리 제가 하고자 하는 말을 연습해 두어야 합니다. 상대방의 의견을 존중하고 따를 자세가 충분히 있다고 상대방이 믿게끔 하는 것이 의사소통에 가장 중요한 점입니다.","wordCount":40}}},"rawDataInfo":{"question":{"fileFormat":"wav","fileSize":345678,"duration":10800,"samplingBit":16,"channelCount":1,"samplingRate":"16kHz","audioPath":"/Mock/02.SalesMarketing/Male/Experienced/ckmk_q_sm_m_e_249075.wav"},"answer":{"fileFormat":"wav","fileSize":2448078,"duration":76500,"samplingBit":16,"channelCount":1,"samplingRate":"16kHz","audioPath":"/Mock/02.SalesMarketing/Male/Experienced/ckmk_a_sm_m_e_249075.wav"}}}