{"version":"1.0","dataSet":{"info":{"date":"20230116","occupation":"SM","channel":"MOCK","place":"ONLINE","gender":"MALE","ageRange":"35-44","experience":"EXPERIENCED"},"question":{"raw":{"text":"본인의 장점과 단점을 설명해 주세요 그것을 특화시키고 극복하기 위해서 해 오셨던 노력에 대해서도 말씀 부탁드립니다","wordCount":15},"emotion":[],"intent":[]},"answer":{"raw":{"text":"네 저의 장점과 단점은 동일한 상황이 될 것 같은데 그 부분에 대해서 답변 드리겠습니다. 어 장점과 단점은 제가 이제 장점이라고 느끼는 게 이제 시간 계획이나 이런 계획성 있게 업무를 진행하다 보니까 어 평상시에 좀 여유를 가지려고 노력을 합니다. 그런 부분에서 어 좀 여유로 보이는 그런 모습이 장점이 될 거 같고 또 그걸 단점으로 보는 사람은 저 사람은 일을 좀 많이 안 하고 한가로워 보인다 이런 식으로 느끼는 사람들이 있었던 것 같습니다. 이 두 가지를 제가 특화시키기 위해서 또는 극복하기 위해서 노력한 부분이 무엇이냐면 오히려 그렇게 보는 사람들에게 어 더 이상 빈틈을 보이지 않고 어 구멍이 있는 업무를 보이지 않고 더 성과 있는 그런 업무 능력을 보여 주니 그때부터는 말을 못 했던 그런 기억이 있습니다. 그래서 단점으로 보이는 이 부분도 제가 성과만 내고 충분히 부족한 부분이 없고 어 업무에 뛰어나게 되면 저 단점도 다시 장점으로 승화시킬 수 있지 않을까 싶습니다. 그래서 그 부분에 대해서는 저희 마인드로 바꾸고 싶지는 않고 계속 단점에서 장점 장점으로 보이게끔 그렇게 극복하기 위해서 노력하고 있습니다. 이상입니다.","wordCount":159},"emotion":[],"intent":[{"text":"","expression":"","category":"attitude"}],"summary":{"text":"시간 계획이나 계획성 있는 업무 진행의 장점이 장점인 것 같습니다. 단점인 것은 업무의 빈틈이 없고 성과가 있는 업무 능력을 보여 주니 말을 못 했던 기억입니다. 업무가 뛰어나면 저 단점도 장점으로 승화시킬 수 있다고 생각합니다. 그래서 계속 단점에서 장점 장점으로 보이게끔 극복하려고 노력하고 있습니다. 이상입니다.","wordCount":44}}},"rawDataInfo":{"question":{"fileFormat":"wav","fileSize":583758,"duration":18240,"samplingBit":16,"channelCount":1,"samplingRate":"16kHz","audioPath":"/Mock/02.SalesMarketing/Male/Experienced/ckmk_q_sm_m_e_217005.wav"},"answer":{"fileFormat":"wav","fileSize":2669518,"duration":83420,"samplingBit":16,"channelCount":1,"samplingRate":"16kHz","audioPath":"/Mock/02.SalesMarketing/Male/Experienced/ckmk_a_sm_m_e_217005.wav"}}}