{"version":"1.0","dataSet":{"info":{"date":"20230116","occupation":"SM","channel":"MOCK","place":"ONLINE","gender":"MALE","ageRange":"35-44","experience":"EXPERIENCED"},"question":{"raw":{"text":"업무와 관련되어 중국으로 출장을 갈 일이 생길 수도 있습니다 중국 출장도 가실 수 있으십니까","wordCount":14},"emotion":[],"intent":[]},"answer":{"raw":{"text":"네 업무를 하게 되면 중국 출장이라든지 국내에서도 출장 갈 확률이 있을 겁니다. 그런데 이제 중국 출장 같은 경우에는 환경이 바뀌고 이제 거주할 수 있는 장소도 바뀌고 또 사람도 바뀌고 하다 보면 분명히 바뀌는 환경에 대해서 약간에 스트레스는 있다고 생각을 합니다. 하지만 어 기회 땅이 그 넓은 땅 땅덩어리를 볼 수 있고 또 거런 대해서 많은 또 인력비를 활용해서 중국이 발전한 나라이기 때문에 그런 부분에서 또 중국에만의 그런 어 성장할 수 있었던 원동력이 있을 것입니다. 그런 원동력을 배울 수 있고 벤치마킹 할 수 있는 또 좋은 기회일 수도 있기 때문에 중국이라는 나라에서 또 우리 회사가 더욱더 발전하고 확장하고 이익을 창출할 수 있는 방법이 무엇인가를 고민을 해다 보면 좋은 아이템이 또 나올 수도 있습니다. 그러기 때문에 이런 출장 같은 거는 오히려 기회일 거 같고 오히려 이런 기회를 살려서 음 뭐 선발한다고 하면 꼭 지원해서 가고 싶을 정도로 오히려 출장에 대해서는 어 긍정적으로 생각하고 있습니다. 네 이상입니다.","wordCount":144},"emotion":[],"intent":[{"text":"","expression":"","category":"attitude"}],"summary":{"text":"업무의 환경과 거주 장소, 사람의 변화로 중국 출장은 스트레스를 받습니다. 하지만 중국은 넓은 땅과 인력비를 활용해 발전할 수 있는 나라이기 때문에 좋은 기회가 될 수 있습니다. 따라서 이런 기회를 살려서 선발한다면 꼭 지원하고 싶습니다. 이상입니다.","wordCount":35}}},"rawDataInfo":{"question":{"fileFormat":"wav","fileSize":330958,"duration":10340,"samplingBit":16,"channelCount":1,"samplingRate":"16kHz","audioPath":"/Mock/02.SalesMarketing/Male/Experienced/ckmk_q_sm_m_e_226586.wav"},"answer":{"fileFormat":"wav","fileSize":2510158,"duration":78440,"samplingBit":16,"channelCount":1,"samplingRate":"16kHz","audioPath":"/Mock/02.SalesMarketing/Male/Experienced/ckmk_a_sm_m_e_226586.wav"}}}