{"version":"1.0","dataSet":{"info":{"date":"20230116","occupation":"SM","channel":"MOCK","place":"ONLINE","gender":"MALE","ageRange":"35-44","experience":"EXPERIENCED"},"question":{"raw":{"text":"일을 하다 보면 상사와 트러블이 생길 수도 있는데요 이럴 때 어떻게 하실 건가요 또 상사가 혼낸다면 기분 나쁘게 느끼지는 않으실까요","wordCount":20},"emotion":[],"intent":[]},"answer":{"raw":{"text":"네 업무를 진행하다 보면 이 상급자나 하급자와 직장 동료들과의 트러블이 충분히 생길 수 있고 또한 상급자에게 혼나게 되면 그 부분에 대해서 답변 드리도록 하겠습니다. 어 다시 한 번 말씀드리면은 이 직원들 간의 트러블은 충분히 생길 수 있습니다. 살아온 인생이 틀리고 서로 간의 가치관이 틀리기 때문에 그게 부딪치게 되고 또 완성도를 백으로 노자면 누군 백 가지의 완성도를 높이고 싶어 할 것이고 다 생각이 틀린 거기 때문에 그런 트러블이 생기지 않도록 하는 거는 인간관계가 중요할 것 같습니다. 서로 간에 신뢰감이 있는 그런 어 자리와 그런 것들이 갖춰진다면 이런 트러블이 쭐 것 같고 또 상급자에게 공식적인 자리에서 혼나거나 꾸지람을 당했을 때 그 상급자의 의도가 무엇인지부터 판단해 보았 습니다. 감정적인 그런 꾸지람인지 아니면 직원들에게 작원 자극을 주기 위한 그런 무엇이었는지를 어 의도로 알게 되면은 그 부분에 대해서 받아들일 수 있을 것 같습니다. 어 물론 이런 것들이 잦아지면은 서로 기분이 나쁜 상태가 되겠지만 그거에 대해서는 긍정적으로 접근하면 될 것 같습니다. 이상입니다.","wordCount":146},"emotion":[],"intent":[{"text":"","expression":"","category":"attitude"}],"summary":{"text":"업무 수행 중 상급자나 하급자와 직장 동료간의 트러블은 발생할 수 있습니다. 서로 신뢰감이 있는 자리와 이런 것들이 갖춰지며, 상급자에게 혼나거나 꾸지람을 당했을 때 그 상급자의 의도가 무엇인지 파악해 그 부분에 대해 받아들일 수 있을 것 같습니다. 이런 것들이 잦아지면 서로 기분 나쁜 상태가 되겠지만 긍정적으로 접근할 수 있을 것입니다.","wordCount":49}}},"rawDataInfo":{"question":{"fileFormat":"wav","fileSize":581198,"duration":18160,"samplingBit":16,"channelCount":1,"samplingRate":"16kHz","audioPath":"/Mock/02.SalesMarketing/Male/Experienced/ckmk_q_sm_m_e_217009.wav"},"answer":{"fileFormat":"wav","fileSize":2777038,"duration":86780,"samplingBit":16,"channelCount":1,"samplingRate":"16kHz","audioPath":"/Mock/02.SalesMarketing/Male/Experienced/ckmk_a_sm_m_e_217009.wav"}}}