{"version":"1.0","dataSet":{"info":{"date":"20230116","occupation":"SM","channel":"MOCK","place":"ONLINE","gender":"MALE","ageRange":"35-44","experience":"EXPERIENCED"},"question":{"raw":{"text":"검색 엔진인 네이버 다음 구글 검색을 서로 간에 비교해서 설명을 해주세요","wordCount":11},"emotion":[],"intent":[]},"answer":{"raw":{"text":"어 네이버 다음 구글 어 검색에 대해서 비교 설명을 드리겠습니다. 어 제 일 세대 엔진 검색이 다음인 거 같고 지금 현재 세계에서 어 경쟁하고 있는 네이버와 구글 검색이 될 것 같습니다. 어 일단 제일 선호하는 거는 네이버를 선호하고 그 이유는 네이버가 제일 그 파트별로 보기 쉽게 누구나 접근하기 좋게끔 잘 한국 사람 스타일에 맞춰서 어 이렇게 설정이 되어 있다 보니까 제일 많은 사람들이 사용하는 것 같습니다. 인제 다음이 이제 네이버 세대 전 세대 인제 검색인데 다음은 이제 뭐 카페라든지 뭐 이런 블로그나 뭐 이런 부분에 대해서 제일 강화가 돼 있고 아직도 다음 카페는 많이들 사용하고 있는 것 같습니다. 이제 그런 것들이 네이버와 다음의 차이점이고 이제 구글의 제일 장점은 이 세계적인 이런 정확성이 있을 것 같습니다. 저 정보도 많을 것 같 많고 또 구글링이라고 해서 이제 여러 가지 어 좀 세부적인 검색 좀 전문적인 검색을 할 때는 구글이 제일 효율적인 것 같습니다. 그래서 그 세 가지의 차이점은 그렇게 비교 설명할 수 있을 것 같습니다. 이상입니다.","wordCount":154},"emotion":[],"intent":[{"text":"어 제 일 세대 엔진 검색이 다음인 거 같고   지금 현재 세계에서 어 경쟁하고 있는 네이버와 구글 검색이 될 것 같습니다.","expression":"s_anls_prod","category":"technology"},{"text":"어 일단 제일 선호하는 거는 네이버를 선호하고 그 이유는   네이버가 제일 그 파트별로 보기 쉽게 누구나 접근하기 좋게끔 잘 한국 사람 스타일에 맞춰서   어 이렇게 설정이 되어 있다 보니까 제일 많은 사람들이 사용하는 것 같습니다.","expression":"s_anls_prod","category":"technology"},{"text":"인제 다음이 이제 네이버 세대 전 세대 인제 검색인데 다음은 이제 뭐 카페라든지 뭐 이런   블로그나 뭐 이런 부분에 대해서 제일 강화가 돼 있고 아직도 다음 카페는 많이들 사용하고 있는 것 같습니다.","expression":"s_anls_prod","category":"technology"},{"text":"이제 그런 것들이   네이버와 다음의 차이점이고 이제 구글의 제일 장점은 이 세계적인 이런 정확성이 있을 것 같습니다.","expression":"s_anls_prod","category":"technology"},{"text":"저 정보도 많을 것 같   많고 또 구글링이라고 해서 이제 여러 가지 어 좀 세부적인 검색 좀   전문적인 검색을 할 때는 구글이 제일 효율적인 것 같습니다.","expression":"s_anls_prod","category":"technology"}],"summary":{"text":"네이버는 누구나 접근이 용이하게 설정이 되어 있고, 다음은 네이버 전 세대 검색엔진이며 다음은 카페를 많이 사용하고 있습니다. 구글의 장점은 세계적인 정확성이 있고, 세부적인 검색을 할 때는 구글링이 가장 효율적입니다. 세 가지를 이렇게 비교 설명할 수 있을 것 같습니다.","wordCount":38}}},"rawDataInfo":{"question":{"fileFormat":"wav","fileSize":302158,"duration":9440,"samplingBit":16,"channelCount":1,"samplingRate":"16kHz","audioPath":"/Mock/02.SalesMarketing/Male/Experienced/ckmk_q_sm_m_e_101736.wav"},"answer":{"fileFormat":"wav","fileSize":2810958,"duration":87840,"samplingBit":16,"channelCount":1,"samplingRate":"16kHz","audioPath":"/Mock/02.SalesMarketing/Male/Experienced/ckmk_a_sm_m_e_101736.wav"}}}