{"version":"1.0","dataSet":{"info":{"date":"20230116","occupation":"SM","channel":"MOCK","place":"ONLINE","gender":"MALE","ageRange":"55-","experience":"EXPERIENCED"},"question":{"raw":{"text":"이전 직장에서 퇴사하신 후에 퇴사했던 것을 후회하신 적은 없나요 있다면 왜 후회 하셨었는지 함께 말씀해 주실 수 있을까요","wordCount":18},"emotion":[],"intent":[]},"answer":{"raw":{"text":"이전 직장에서 퇴사한 것을 후회해 본 적은 없습니다. 이유는 직장 생활을 충분히 한 곳에서 해 봤기 때문에 그것을 바탕으로 제 개인의 능력을 발휘할 수 있는 그런 기회로 삼았기 때문에 후회한 적은 없습니다. 물론 과정에 시행착오나 실수도 있었지만 제가 원하고 제가 좋아하고 하는 업이기 때문에 오히려 더 열심히 하고 여가 시간도 쭐여가며 제 개인의 성장을 위해서 투자하고 있습니다.","wordCount":57},"emotion":[],"intent":[{"text":"","expression":"","category":"attitude"}],"summary":{"text":"이전 직장에서의 퇴사를 후회해 본 적은 없습니다. 시행착오와 실수도 있었지만 제 능력을 발휘할 수 있는 기회로 삼아서 더 열심히 하고 여가 시간을 투자하고 있습니다.","wordCount":24}}},"rawDataInfo":{"question":{"fileFormat":"wav","fileSize":581518,"duration":18170,"samplingBit":16,"channelCount":1,"samplingRate":"16kHz","audioPath":"/Mock/02.SalesMarketing/Male/Experienced/ckmk_q_sm_m_e_211158.wav"},"answer":{"fileFormat":"wav","fileSize":2462158,"duration":76940,"samplingBit":16,"channelCount":1,"samplingRate":"16kHz","audioPath":"/Mock/02.SalesMarketing/Male/Experienced/ckmk_a_sm_m_e_211158.wav"}}}