{"version":"1.0","dataSet":{"info":{"date":"20230116","occupation":"SM","channel":"MOCK","place":"ONLINE","gender":"MALE","ageRange":"35-44","experience":"EXPERIENCED"},"question":{"raw":{"text":"이 분야에 지원하기 위해 개인적으로 진행한 노력이 있다면 무엇이 있는지 궁금합니다","wordCount":11},"emotion":[],"intent":[]},"answer":{"raw":{"text":"저는 영업 판매팀에 지원하기 위해서 지금까지 했던 프로젝트들을 많은 성과를 이뤄냈습니다. 그리고 각 고객별로 어떤 데이터를 가지고 움직이는지 어떤 고객이 어떤 제품을 좋아하고 어떤 가격에 만족을 얻는지에 대한 고객 관리 프로그램을 많이 다뤘습니다. 특히나 고객들은 시시각각 변하는 트렌드에 쫓아가고 시시각각 변화는 새로운 제품에 대한 호기심이 많은 사람들입니다. 그렇다면 고객이 어떤 제품에 관심을 보이고 어떤 소구점에서 판매를 하게 되는지에 대한 데이터 분석을 많이 하였고 그렇게 해서 이 제품을 판매하기 위한 전략을 많이 만들어 놨습니다.","wordCount":73},"emotion":[],"intent":[{"text":"","expression":"","category":"attitude"}],"summary":{"text":"저는 영업 판매팀에 지원하기 위해서 지금까지 했던 프로젝트들을 많은 성과를 이뤄냈습니다. 그리고 고객별로 어떤 데이터를 가지고 움직이는지 어떤 고객이 어떤 제품을 좋아하고 어떤 가격에 만족을 얻는지 고객 관리 프로그램을 많이 다뤘습니다.","wordCount":31}}},"rawDataInfo":{"question":{"fileFormat":"wav","fileSize":252878,"duration":7900,"samplingBit":16,"channelCount":1,"samplingRate":"16kHz","audioPath":"/Mock/02.SalesMarketing/Male/Experienced/ckmk_q_sm_m_e_185505.wav"},"answer":{"fileFormat":"wav","fileSize":1478158,"duration":46190,"samplingBit":16,"channelCount":1,"samplingRate":"16kHz","audioPath":"/Mock/02.SalesMarketing/Male/Experienced/ckmk_a_sm_m_e_185505.wav"}}}