{"version":"1.0","dataSet":{"info":{"date":"20230116","occupation":"SM","channel":"MOCK","place":"ONLINE","gender":"MALE","ageRange":"35-44","experience":"EXPERIENCED"},"question":{"raw":{"text":"영업의 관점에서 커스터머 서비스 씨에스에 에 대해서 설명해 주시고 좋은 씨에스가 무엇인지 지원자의 생각을 말씀해 주세요","wordCount":16},"emotion":[],"intent":[]},"answer":{"raw":{"text":"고객 관계의 관점인 씨알엠에서 커스터머 서비스는 아주 중요한 부분입니다. 특히 영업을 하고 나서 판매 후에 커스터머 서비스 판매 이전의 커스터머 서비스에 따라서 그 고객이 영원한 우리의 고객이 될지 아니면 잠재 고객이 될지 아니면 또 다른 고객을 끌고 오는 충성 고객이 될지는 커스터머 서비스에 달려있다고 생각합니다. 예를 들어 고객이 제품에 약간의 불만을 통해서 자신에게 이익이 되는 관점을 관철하려고 할 때 예전에는 무조건 다 들어주는 시스템이었습니다. 하지만 요즘은 블랙 컨슈머 십 오 퍼센트의 블랙 컨슈머와 약 십 퍼센트의 체리 피커들을 걸러내야 될 필요가 있습니다. 그런데 전문적이지 않은 회사에서는 커스터머 서비스가 단순히 그냥 콜 접수만 받는 사람들로 생각하지만 실제적으로 커스터머 서비스는 아주 전문적이고 고객을 능수능란하게 다룰 수 있어야 합니다. 그리고 무조건 고객이 불만을 한다고 해서 모든 것을 다 들어주고 모든 것을 다 받아주면 안 됩니다. 왜냐하면 블랙 컨슈머나 체리 피커는 습관적으로 고객의 입장에서 불만을 토로하는 것이 아니라 자신의 입장에서만 불만을 토로하는 것이기 때문에 적절하게 판단을 해야 됩니다. 그래서 어떤 것이 좋은 것인지를 판단하고 쳐낼 땐 쳐낼 수 있는 커스터머 서비스가 돼야 될 것입니다.","wordCount":160},"emotion":[],"intent":[{"text":"","expression":"","category":"attitude"}],"summary":{"text":"커스터머 서비스는 고객 관계의 관점인 씨알엠에서 아주 중요한 부분입니다. 과거에 고객들은 무조건 다 들어주는 시스템 이었지만 지금은 블랙 컨슈머와 체리 피커들을 걸러내야 될 필요가 있습니다. 고객 입장에서 불만을 토로하는 것이 아니라 자신의 입장에서만 불만을 토하는 것이기 때문에 어떤 것이 좋은 것인지 판단하고 쳐낼 땐 쳐낼 수 있는 커스터머 서비스가 되어야 될 것입니다.","wordCount":52}}},"rawDataInfo":{"question":{"fileFormat":"wav","fileSize":410318,"duration":12820,"samplingBit":16,"channelCount":1,"samplingRate":"16kHz","audioPath":"/Mock/02.SalesMarketing/Male/Experienced/ckmk_q_sm_m_e_164950.wav"},"answer":{"fileFormat":"wav","fileSize":2792398,"duration":87260,"samplingBit":16,"channelCount":1,"samplingRate":"16kHz","audioPath":"/Mock/02.SalesMarketing/Male/Experienced/ckmk_a_sm_m_e_164950.wav"}}}