{"version":"1.0","dataSet":{"info":{"date":"20230116","occupation":"SM","channel":"MOCK","place":"ONLINE","gender":"MALE","ageRange":"55-","experience":"EXPERIENCED"},"question":{"raw":{"text":"우리 회사에 들어온 다음 본인이 하고 싶은 업무가 있나요 있다면 왜 그 일을 하고 싶은지 그 이유와 함께 말씀해 주세요","wordCount":20},"emotion":[],"intent":[]},"answer":{"raw":{"text":"제가 맡고 싶은 업무는 유통망 관리를 하고 싶습니다. 전 직장에서도 유통망 관리 업무를 수년 했기 때문에 그런 경험과 노하우를 살려 앞으로 더 잘 할 수 있는 기회가 주어지면 열심히 한 번 해보겠습니다. 이유는 효율적인 유통망을 관리하고 또한 유통망 분석 상권 분석 또는 매출 어떤 그런 관리적인 측면에서 충분하게 타 직원들과는 차별화가 될 수 있다고 느껴집니다.","wordCount":55},"emotion":[],"intent":[{"text":"","expression":"","category":"attitude"}],"summary":{"text":"전 직장에서도 유통망 관리 업무를 수년 했습니다. 그 경험과 노하우를 살려 타 직원들과 차별화 되고 효율적인 유통망 관리를 하고 싶습니다.","wordCount":20}}},"rawDataInfo":{"question":{"fileFormat":"wav","fileSize":291918,"duration":9120,"samplingBit":16,"channelCount":1,"samplingRate":"16kHz","audioPath":"/Mock/02.SalesMarketing/Male/Experienced/ckmk_q_sm_m_e_216674.wav"},"answer":{"fileFormat":"wav","fileSize":2200718,"duration":68770,"samplingBit":16,"channelCount":1,"samplingRate":"16kHz","audioPath":"/Mock/02.SalesMarketing/Male/Experienced/ckmk_a_sm_m_e_216674.wav"}}}