{"version":"1.0","dataSet":{"info":{"date":"20230116","occupation":"SM","channel":"MOCK","place":"ONLINE","gender":"MALE","ageRange":"35-44","experience":"EXPERIENCED"},"question":{"raw":{"text":"시간 관리를 하는 것에 대해서 질문을 한번 해 보겠습니다 시간이 촉박한 상황이 발생하게 되었을 때 어떻게 시간 관리를 효율적으로 하고 계신지 지원자님 본인만의 시간 관리법에 대해서 말씀해 주십시오","wordCount":28},"emotion":[],"intent":[]},"answer":{"raw":{"text":"네 시간 관리에 대해서 말씀을 드리겠습니다. 일단 시간관리라는 것은 이제 개인이 터득해야 부분이고 그런 부분에 대해서 자기만의 노하우가 분명히 있을 것입니다. 저는 이제 시간이 촉박하게 안 만드는 게 저의 시간 관리 방법인데 어 항상 출근하거나 전날에 미리 다음날 일정에 대해서 한번 싹 적어 봅니다. 아마 일고여덟 개에서 한 열 개 뭐 그 정도 내가 내일 해야 할 일들이 나올 건데 그 해야 할 일을 우선순위를 일 번부터 십 번까지 정리를 합니다. 그러면은 그날 해야 할 일 제일 중요한 일을 맨 위에 우선순위에 올라오게 되는데 그렇게 하나씩 하나씩 끝내나가게 되면은 어 뭐 촉 시간이 촉박하다는 거는 우발 상황이 생겼다는 겁니다. 갑자기 생각지는 못한 일이 치고 들어왔기 때문에 시간이 촉박해지는 건데 그런 부분이 촉박한 상황에서 그 부분에 집중하기 위해서는 내 일을 내가 빨리 끝내야 할 일을 미리 우선순위를 적용해서 끝내 놓으면 뭐 칠 번 팔 번 그 뒤에 있는 일은 솔직히 내일로 또 미뤄도 되는 것입니다. 그렇게 해서 이제 조율을 해 놓고 나만의 방법으로 시간 정리를 해 놓게 되면 그 부분이 제일 효율적이었던 것 같습니다. 이상입니다.","wordCount":164},"emotion":[],"intent":[{"text":"갑자기 생각지는 못한 일이 치고 들어왔기 때문에 시간이 촉박해지는 건데   그런 부분이 촉박한 상황에서 그 부분에 집중하기 위해서는 내 일을 내가 빨리   끝내야 할 일을 미리 우선순위를 적용해서 끝내 놓으면 뭐 칠 번 팔 번 그 뒤에 있는 일은 솔직히 내일로 또 미뤄도 되는 것입니다.","expression":"c_adp","category":"personality"},{"text":"그렇게 해서 이제 조율을 해 놓고 나만의 방법으로 시간 정리를 해 놓게 되면 그 부분이 제일 효율적이었던 것 같습니다.","expression":"c_adp","category":"personality"}],"summary":{"text":"시간관리는 개인이 터득해야 하는 부분이고 자기만의 노하우가 분명히 있을 것입니다. 저는 매일 출근하거나 전날에 미리 다음날 일정에 대해서 싹 적어 봅니다. 그리고 그날 해야 할 일 제일 중요한 일을 우선순위에 올라갈수록 시간이 촉박해집니다. 조율을 해 놓고 나만의 방법으로 시간 정리를 하면 그 부분이 제일 효율적이었던 것 같습니다.","wordCount":47}}},"rawDataInfo":{"question":{"fileFormat":"wav","fileSize":686158,"duration":21440,"samplingBit":16,"channelCount":1,"samplingRate":"16kHz","audioPath":"/Mock/02.SalesMarketing/Male/Experienced/ckmk_q_sm_m_e_139005.wav"},"answer":{"fileFormat":"wav","fileSize":2762638,"duration":86330,"samplingBit":16,"channelCount":1,"samplingRate":"16kHz","audioPath":"/Mock/02.SalesMarketing/Male/Experienced/ckmk_a_sm_m_e_139005.wav"}}}