{"version":"1.0","dataSet":{"info":{"date":"20230116","occupation":"SM","channel":"MOCK","place":"ONLINE","gender":"MALE","ageRange":"55-","experience":"EXPERIENCED"},"question":{"raw":{"text":"지원자님께서 다른 부서와 갈등 상황이 발생했다면 어떻게 해결하시겠나요 상황을 가정하고 상세하게 말씀해 주세요","wordCount":13},"emotion":[],"intent":[]},"answer":{"raw":{"text":"만약 타 부서와 갈등 상황이 발생한다면 어떻게 해결하시겠습니까. 상황을 가정하고 말씀해 주세요. 예 타 부서와 갈등 사항은 늘 어 생길 수는 있습니다. 어 서로의 그러한 이기적인 그런 부분에서 어 갈등이 생길 수 있지만 서로 잘 할려고 하다보니 그러한 어 갈등이 생긴다면은 서로를 이해하고 타협하는 그런 부분이 중요하다고 생각합니다. 아 어떻게 보면은 회사의 전체 이익을 위해서 우리가 일을 하는 것이기 때문에 그렇습니다. 그런 부분에서는 설명을 잘 하는 것이 무엇보다도 필요하다고 생각합니다. 아 그런 부분은 제가 어떻게 보면은 더 전문적이라고 할 수 있습니다. 그런 부분에 대해서는 여태까지 좋은 경험을 토대로 아 그런 일들을 해결하는 데 어려움이 없다고 생각합니다. 예전에는 제가 어 그런 어 수평적인 그러한 어 관계라든가 수직적인 관계 속에서 해결한 경험들이 상당히 많이 있습니다. 수평적으로 어려움이 된다고 하면은 그런 부분에 의해서는 좀 더 쉬울 수 있습니다. 대신에 수직적인 부분에 대해서는 제가 개입을 많이 했고 또한 그 중재 역할을 많이 했던 경험들이 많이 있습니다.","wordCount":142},"emotion":[],"intent":[{"text":"","expression":"","category":"attitude"}],"summary":{"text":"갈등은 생길 수 있지만 서로 잘 할려고 하다보니 갈등이 생기는 것입니다. 회사 전체 이익을 위해서 일을 하는 것이므로 서로 이해하고 타협하는 부분이 중요하다고 생각합니다. 그 부분은 제가 더 전문적이라고 할 수 있습니다.","wordCount":32}}},"rawDataInfo":{"question":{"fileFormat":"wav","fileSize":433038,"duration":13530,"samplingBit":16,"channelCount":1,"samplingRate":"16kHz","audioPath":"/Mock/02.SalesMarketing/Male/Experienced/ckmk_q_sm_m_e_227906.wav"},"answer":{"fileFormat":"wav","fileSize":2728718,"duration":85270,"samplingBit":16,"channelCount":1,"samplingRate":"16kHz","audioPath":"/Mock/02.SalesMarketing/Male/Experienced/ckmk_a_sm_m_e_227906.wav"}}}