{"version":"1.0","dataSet":{"info":{"date":"20230116","occupation":"SM","channel":"MOCK","place":"ONLINE","gender":"MALE","ageRange":"35-44","experience":"EXPERIENCED"},"question":{"raw":{"text":"영업에 관점에서 카스터머 서비스 씨에스 즉 이것에 대해서 설명해 주시고 과연 어떤 씨에스가 좋은 씨에스일지 생각도 같이 함께 말씀해 주세요","wordCount":20},"emotion":[],"intent":[]},"answer":{"raw":{"text":"네 영업의 관점에서 씨에스 업무에 대해서 설명하고 씨에스가 어떤 역할을 하는지에 대해서도 답변 드리겠습니다. 일단 씨에스 업무는 커스터머 서비스로서 고객에게 서비스를 해주는 그런 어 처부가 될 것 같습니다. 일단 저희 회사 우리 기업의 이미지가 될 것이고 또 간판 얼굴이 될 수 있기 때문에 항상 긍정적인 자세인 고객 고 고객을 접근을 해야 할 것이고 항상 웃으면서 접근을 해야 할 겁니다. 이런 커스터마 서비스 씨에스 업무가 제대로 이루어지지 않으면은 회사에 대한 불만이 쌓아지고 이미지가 나빠지게 되면 회사의 이익과 그런 데서도 손실이 있는 부분이 분명히 생길 겁니다. 그래서 이 씨에스 업무가 강화가 돼야 이 회사에 대한 이미지 이런 어 보상이나 뭐 이런 것들 혜택 이런 것들에 대해서 적시 적소하게 진행이 돼야 고객들이 만족을 할 수 있고 더 우리의 서비스를 이용해 주지 않을까 싶습니다. 그래서 이런 씨에스가 갖춰진 회사가 더욱더 강해질 수 있고 더욱더 좋은 이미지로 발전할 수 있기 때문에 되게 중요한 부서에 있고 중요한 임무인 것 같습니다. 이상입니다.","wordCount":145},"emotion":[],"intent":[{"text":"","expression":"","category":"attitude"}],"summary":{"text":"영업의 관점에서 씨에스 업무의 설명과 역할에 대해 답변 드리겠습니다. 씨스 업무는 커스터머 서비스로서 고객에게 서비스를 해 주는 처부가 될 것 같습니다. 이 업무가 제대로 이루어지지 않으면 회사의 이익에 손실이 생길 수 있기 때문에 회사에 대한 이미지 보상이나 혜택 등에 대해서 적시 적소하게 진행이 돼야 고객이 만족을 할 수 있고 더 우리의 서비스를 이용해 줄 것입니다.","wordCount":55}}},"rawDataInfo":{"question":{"fileFormat":"wav","fileSize":592718,"duration":18520,"samplingBit":16,"channelCount":1,"samplingRate":"16kHz","audioPath":"/Mock/02.SalesMarketing/Male/Experienced/ckmk_q_sm_m_e_217007.wav"},"answer":{"fileFormat":"wav","fileSize":2671438,"duration":83480,"samplingBit":16,"channelCount":1,"samplingRate":"16kHz","audioPath":"/Mock/02.SalesMarketing/Male/Experienced/ckmk_a_sm_m_e_217007.wav"}}}