{"version":"1.0","dataSet":{"info":{"date":"20230116","occupation":"SM","channel":"MOCK","place":"ONLINE","gender":"MALE","ageRange":"55-","experience":"EXPERIENCED"},"question":{"raw":{"text":"어 지원자님께서는 평소에 검색을 자주 사용하시는 편이신가요 또 자주 하신 하는 편이시라면 어떤 검색을 주로 하시는지 그리고 그것들을 하는 이유는 무엇인지 설명해 주시길 바랍니다","wordCount":24},"emotion":[],"intent":[]},"answer":{"raw":{"text":"요즘 제가 많이 검색하는 부분은 통키타 연주하는 것입니다. 제가 어릴 때부터 통키타에 대한 관심이 있었습니다만은 학생 신분으로 공부에 열중하다 보니 시간적으로 여유가 없었습니다. 지금은 시간이 좀 있어서 통키타 연주하는 거를 자주 검색하고 취미 활동으로 독학을 하고 있습니다. 지금은 초보 단계이지만 앞으로는 이 부분에 대해서 제가 편하게 언제든지 제가 할 수 있는 노래 통키타로 한 번 해보고 싶습니다.","wordCount":57},"emotion":[],"intent":[{"text":"","expression":"","category":"attitude"}],"summary":{"text":"요즘 통기타 연주를 자주 검색하고 독학을 하고 있습니다. 초보 단계이지만 언제든지 제가 할 수 있는 노래 통기타로 한번 해보고 싶습니다.","wordCount":20}}},"rawDataInfo":{"question":{"fileFormat":"wav","fileSize":507278,"duration":15850,"samplingBit":16,"channelCount":1,"samplingRate":"16kHz","audioPath":"/Mock/02.SalesMarketing/Male/Experienced/ckmk_q_sm_m_e_216680.wav"},"answer":{"fileFormat":"wav","fileSize":1794318,"duration":56070,"samplingBit":16,"channelCount":1,"samplingRate":"16kHz","audioPath":"/Mock/02.SalesMarketing/Male/Experienced/ckmk_a_sm_m_e_216680.wav"}}}