{"version":"1.0","dataSet":{"info":{"date":"20230116","occupation":"SM","channel":"MOCK","place":"ONLINE","gender":"MALE","ageRange":"35-44","experience":"EXPERIENCED"},"question":{"raw":{"text":"영어 외에 다른 외국어에 자신이 있습니까","wordCount":6},"emotion":[],"intent":[]},"answer":{"raw":{"text":"네 영어 부분에 대해서 말씀드리겠습니다. 아 영어를 예 원활하게 의사소통할 정도의 수준은 되지 않습니다. 되지 않는데 어 업무를 하는 데 지장이 있지는 않습니다. 어 뭐 제가 통역을 해야 한다고 하든지 그런 부분은 제한이 되겠지만 어 업무를 하는 데 있을 때 용어 정도나 뭐 그 정도 의사소통은 충분히 가능하기 때문에 어 영어에 자신은 없지만 어 업무하는 데는 전혀 지장이 없다 그렇게 말씀드리고 싶습니다. 어 어차피 결국은 업무하는 데 있어서 어 제한 사항만 없으면 될 거로 판단이 되고 어 영어에 대한 부분은 항상 생각은 하고 있었습니다. 영어에 대한 부분은 이제 원활하게 점점 더 내 한국말처럼 더 어 융통이 돼야 어 이 해외 진출이라든지 이제 어 외국인을 상대는 안 할 수가 없는데 그런 부분에서 영어는 필수 요건이 점점 되 가는 것 같습니다. 어 영어에 대한 부분은 말씀해 주신 거 같이 중요성을 충분히 알고 있기 때문에 더욱더 자신감을 가질 수 있도록 어 저 또 자기계발을 통한 보완을 할 수 있도록 하겠습니다. 네 이상입니다.","wordCount":149},"emotion":[],"intent":[{"text":"","expression":"","category":"attitude"}],"summary":{"text":"영어는 원활하게 의사소통할 정도의 수준은 되지 않으며 업무에는 지장이 없습니다. 제한 사항만 없으면 될 것입니다. 영어는 점점 더 원활히 융통이 돼야 해외 진출이나 외국인을 상대는 안 할 수가 없는데 그런 부분에서 영어는 필수 요건이 점점 되고 있습니다. 영어의 중요성을 알고 있기 때문에 자기계발을 통한 보완을 할 수 있도록 하겠습니다.","wordCount":49}}},"rawDataInfo":{"question":{"fileFormat":"wav","fileSize":241678,"duration":7550,"samplingBit":16,"channelCount":1,"samplingRate":"16kHz","audioPath":"/Mock/02.SalesMarketing/Male/Experienced/ckmk_q_sm_m_e_101740.wav"},"answer":{"fileFormat":"wav","fileSize":2714958,"duration":84840,"samplingBit":16,"channelCount":1,"samplingRate":"16kHz","audioPath":"/Mock/02.SalesMarketing/Male/Experienced/ckmk_a_sm_m_e_101740.wav"}}}