{"version":"1.0","dataSet":{"info":{"date":"20230116","occupation":"SM","channel":"MOCK","place":"ONLINE","gender":"MALE","ageRange":"35-44","experience":"EXPERIENCED"},"question":{"raw":{"text":"이전 직장을 그만둔 특별한 이유가 있나요 그리고 지금 직장도 같은 이유로 그만둘 가능성이 있는지 궁금합니다","wordCount":15},"emotion":[],"intent":[]},"answer":{"raw":{"text":"네 이전 직장을 그만둔 특별한 이유나 현 직장에서도 제가 그만둘 가능성이 있는지에 대해서 한 번 생각을 해 보고 그 부분에 대해서 답변을 드리겠습니다. 일단 이전 회사에서 그만둔 특별한 이유라고 하자면은 그렇게 답변드릴 것 같습니다. 일단 회사의 미래에 대한 비전이 안 보여서 가장 그만 둔 원인이 될 것 같고 두 번째는 매너리즘이 좀 빠졌던 것 같습니다. 그 부분은 어 워낙 이제 경험이 많이 있다 보니까 그 일주일 뒤에 모습과 한 달 뒤에 모습이 눈앞에 그려진 상황이 그려졌습니다. 그러다보니 어 미래에 대한 모습이 다 보이다 보니까 이런 열정이 없어지는 모습이 보였고 그런 부분에서 지금 이 자리에 면접을 보고 있습니다. 이번 회사에서 된다고 하면 그때는 소규모 회사였고 지금은 큰 규모의 회사를 갖고 있는 회사이다 보니까 여러 가지 일을 또 배우다 보면은 어 충분히 비전이 있을 것이고 미래에 대한 불안감이 없을 것으로 판단이 되어서 현 직장에서는 그만둘 가능성이 없을 것 같습니다. 이상입니다.","wordCount":138},"emotion":[],"intent":[{"text":"","expression":"","category":"attitude"}],"summary":{"text":"이전 직장에서 그만둔 특별한 이유로는 미래에 대한 비전이 보이지 않아 가장 큰 원인이 되었고, 둘째는 어 경험의 부족으로 인한 매너리즘이 빠졌던 것 같습니다. 이번 회사에서 된다면 충분히 비전이 있을 것이고 미래에 대한 불안감이 없을 것으로 판단되어 현 직장에서는 그만둘 가능성이 없을 것 같습니다.","wordCount":43}}},"rawDataInfo":{"question":{"fileFormat":"wav","fileSize":453838,"duration":14180,"samplingBit":16,"channelCount":1,"samplingRate":"16kHz","audioPath":"/Mock/02.SalesMarketing/Male/Experienced/ckmk_q_sm_m_e_214803.wav"},"answer":{"fileFormat":"wav","fileSize":2615758,"duration":81740,"samplingBit":16,"channelCount":1,"samplingRate":"16kHz","audioPath":"/Mock/02.SalesMarketing/Male/Experienced/ckmk_a_sm_m_e_214803.wav"}}}