{"version":"1.0","dataSet":{"info":{"date":"20230116","occupation":"SM","channel":"MOCK","place":"ONLINE","gender":"MALE","ageRange":"35-44","experience":"EXPERIENCED"},"question":{"raw":{"text":"아 만약에 해외에 파견 근무를 나가시게 된다면 어느 나라에서 일을 해 보고 싶으신지요 그 나라에 대해 소개시켜 주시고 또 왜 그렇게 생각하시는지 그 이유도 함께 말씀해 주시기 바랍니다","wordCount":28},"emotion":[],"intent":[]},"answer":{"raw":{"text":"해외 파견을 간다 그러면 무조건 유럽을 가고 싶습니다. 유럽 중에서도 독일을 가장 가고 싶은데요. 그 이유는 바로 독일은 모든 씨스템 모든 기기에 에 있어서 최첨단입니다. 우리가 잘 알고 있는 자동차만 해도 비엠떠블유 벤쯔 아무도 모르는 사람이 없을 정도로 최고의 자동차를 만드는 회사입니다. 의료기기 역시 지멘스라고 하는 세계 최고의 기기를 만드는 곳도 있고 비행기 최첨단 씨스템 보안 이런 모든 것들이 독일을 따라갈 수가 없습니다. 독일은 중학교만 졸업을 해도 웬만한 프로그램을 짜고 대학을 나오지 않은 프로그래머들도 웬만한 프로그램을 혼자서 다 만들어서 그걸 기구 설계까지 다 연동시킨다고 합니다. 그들의 교육 문화 씨스템 이런 것들이 어떻게 이루어졌는지 현지에 가서 많은 것을 좀 보고 그것을 익혀서 우리나라 씨스템에 좀 접목을 하고 싶습니다. 특히나 주재원으로 가게 되면 월급도 많이 받고 그곳에 문화도 많이 배울 수 있는 기회가 많다고 하여 독일로 무조건 가고 싶습니다.","wordCount":127},"emotion":[],"intent":[{"text":"","expression":"","category":"attitude"}],"summary":{"text":"해외 파견을 간다면 무조건 유럽을 가고 싶은데, 그 이유는 독일은 모든 씨스템 모든 기기에 있어서 최첨단이기 때문입니다. 특히 주재원으로 가게 되면 월급도 많이 받고 그곳에 문화도 많이 배울 수 있는 기회가 많다고 하여 독일로 무조건 가고 싶습니다.","wordCount":37}}},"rawDataInfo":{"question":{"fileFormat":"wav","fileSize":507278,"duration":15850,"samplingBit":16,"channelCount":1,"samplingRate":"16kHz","audioPath":"/Mock/02.SalesMarketing/Male/Experienced/ckmk_q_sm_m_e_184573.wav"},"answer":{"fileFormat":"wav","fileSize":2265358,"duration":70790,"samplingBit":16,"channelCount":1,"samplingRate":"16kHz","audioPath":"/Mock/02.SalesMarketing/Male/Experienced/ckmk_a_sm_m_e_184573.wav"}}}