{"version":"1.0","dataSet":{"info":{"date":"20230116","occupation":"SM","channel":"MOCK","place":"ONLINE","gender":"MALE","ageRange":"35-44","experience":"EXPERIENCED"},"question":{"raw":{"text":"우리 사회에 입사하게 되면 본인이 꼭 하고 싶은 업무는 무엇인가요 그리고 그 이유도 같이 설명을 해 주시기 바랍니다","wordCount":18},"emotion":[],"intent":[]},"answer":{"raw":{"text":"어 제가 이 회사에 입사하고 싶으면 제가 제일 하고 싶은 업무에 대해서는 어 당연히 아래에서부터 사원부터 시작해서 어 이 회사에 대해서 업무를 파악하는 게 맞는 건데 저는 그런 이제 사원의 역할에서를 경험이 굉장히 많이 있습니다. 경험도 많고 또 상급자 직책도 해 봤기 때문에 그런 경험과 노하우가 많은 직원이 사원부터 하게 된다면은 당연히 회사의 입장에서도 불필요하다고 생각합니다. 그래서 중간 관리자의 역할을 지원하게 되었는데 이런 중앙 관리자를 저의 경력과 저의 노하우를 잘 봐주셔서 하게 된다면 저는 이런 중간 관리자 역할을 최근에도 했고 제일 많이 했던 자리이기 때문에 그 부분에 대해서는 상급자와 하급자에서 중간 다리 역할을 정말 잘 할 수 있을 것 같습니다. 하급자가 생각하는 아이디어가 분명히 좋을 수가 있습니다. 그 부분을 꼭 들어야 합니다. 그 부분을 들어서 우리 회사의 이익에 맞다면 그걸로 말 밀고 가야 하는 것입니다. 당연히 이제 상급자 경력도 많고 경험도 많기 때문에 좋은 의견이 나오는 거 당연한 건데 그 두 가지의 조율을 잘 이룰 수 있을 것 같습니다. 이상입니다.","wordCount":150},"emotion":[],"intent":[{"text":"","expression":"","category":"attitude"}],"summary":{"text":"이 회사에 입사하고 싶으면 사원부터 시작해서 회사에 대해 업무를 파악하는 게 맞는 건데 저는 사원의 역할에서 경험이 굉장히 많이 있습니다. 그래서 중간 관리자의 역할을 지원하게 되었는데 저는 이런 중간 관리자 역할을 최근에도 했고 제일 많이 했던 자리이기 때문에 상급자와 하급자에서 중간 다리 역할을 정말 잘 할 수 있을 것 같습니다.","wordCount":50}}},"rawDataInfo":{"question":{"fileFormat":"wav","fileSize":534798,"duration":16710,"samplingBit":16,"channelCount":1,"samplingRate":"16kHz","audioPath":"/Mock/02.SalesMarketing/Male/Experienced/ckmk_q_sm_m_e_139011.wav"},"answer":{"fileFormat":"wav","fileSize":2723278,"duration":85100,"samplingBit":16,"channelCount":1,"samplingRate":"16kHz","audioPath":"/Mock/02.SalesMarketing/Male/Experienced/ckmk_a_sm_m_e_139011.wav"}}}