{"version":"1.0","dataSet":{"info":{"date":"20230116","occupation":"SM","channel":"MOCK","place":"ONLINE","gender":"MALE","ageRange":"35-44","experience":"EXPERIENCED"},"question":{"raw":{"text":"만약 지원자님이 내일 죽는다는 사실을 지금 알게 되었습니다 당장 무엇을 하실 건가요 그리고 이 면접을 끝까지 보실 건가요","wordCount":18},"emotion":[],"intent":[]},"answer":{"raw":{"text":"아 내일 죽는다면 오늘은 뭐 할 것이냐에 대해서 말씀드리겠습니다. 이건 뭐 누구나 다 동일할 것 같은데 일단 가족들을 다 만날 것 같습니다. 일단 저희 어머니 아버지를 모시고 저희 아이들과 저희 와이프와 캠핑을 가지 않을까 싶습니다. 마지막으로 맛있는 음식 해 먹으면서 어 그동안에 뭐 서로 서운했던 점이라든지 서로 고마웠던 점을 얘기하면서 아 되게 좀 좀 좀 너무 몰입했는데 그런 시간을 갖지 않을까 싶습니다. 그래서 어 내일 우리 죽는다면 아빠가 죽는다면 어 다음 생에 또 만나자 이런 말들을 하면서 음 감사한 얘기를 더 많이 할 것 같습니다. 부모님께도 감사하고 저희 아이들 아프지 않고 건강하게 이렇게 잘 커주는 것도 너무 감사하고 또 저희 와이프를 만나서 또 우리 아이들도 갖게 되었고 뭐 이런 과정들을 통한 와이프에 대한 감사 다 감사할 일 밖에 없는 것 같습니다. 이렇게 감사한 사람들한테 감사함을 전하고 내일 죽는다면 원이 없을 것 같습니다. 이상입니다.","wordCount":133},"emotion":[],"intent":[{"text":"","expression":"","category":"attitude"}],"summary":{"text":"내일 죽는다면 가족들을 다 만날 것 같습니다. 어머니 아버지를 모시고 아이들과 캠핑을 가리라 생각됩니다. 그리고 맛있는 음식을 먹으면서 그동안의 서로 아쉬웠던 점을 얘기하면서 몰입할 시간이 아닐까 싶습니다. 부모님께 그리고 와이프에 대한 감사함을 전할 것 같습니다.","wordCount":35}}},"rawDataInfo":{"question":{"fileFormat":"wav","fileSize":480398,"duration":15010,"samplingBit":16,"channelCount":1,"samplingRate":"16kHz","audioPath":"/Mock/02.SalesMarketing/Male/Experienced/ckmk_q_sm_m_e_107671.wav"},"answer":{"fileFormat":"wav","fileSize":2746318,"duration":85820,"samplingBit":16,"channelCount":1,"samplingRate":"16kHz","audioPath":"/Mock/02.SalesMarketing/Male/Experienced/ckmk_a_sm_m_e_107671.wav"}}}