{"version":"1.0","dataSet":{"info":{"date":"20230116","occupation":"SM","channel":"MOCK","place":"ONLINE","gender":"MALE","ageRange":"35-44","experience":"EXPERIENCED"},"question":{"raw":{"text":"이 직무에 지원한 이유가 있다면 그것이 무엇인지 궁금합니다 또한 본인이 왜 이 직무에 적합한 인재라고 생각하는지 설명해 주세요","wordCount":18},"emotion":[],"intent":[]},"answer":{"raw":{"text":"아 네 이런 제가 이 직무에 지원한 이유와 왜 제가 여기에 필요한 인재인지에 대해서도 어 답변 드리도록 하겠습니다. 일단 제가 지원한 직목 결국 중간 관리자 이 서비스업에 있어서 팀장급 정도 되는 자리에 지금 지원하게 되었는데 제가 이 팀장급에 지원한 계기도 그에 맞는 경력이나 노하우 스펙 이런 것들을 다 갖추고 있다고 생각해서 팀장급을 지원하게 되었는데 이런 팀장급 생활을 과연 오 년 정도 했습니다. 전 사에서 그러다 보니까 이제 그런 팀원들 관리나 뭐 상급자에게 하는 대안을 대응 방법이라든지 그런 것들을 다 정확히 갖고 있기 때문에 그런 노하우드를 녹여서 제가 이 회사에도 큰 도움이 될 수 있지 않을까 싶어서 이 팀장급으로 지원하게 되었는데 중간 관리자의 역할은 저는 그렇게 생각합니다. 결국 본인이 하는 업무도 있겠지만 이런 팀원들에 의한 성과를 최대한 낼 수 있도록 격려나 조언을 통해서 사기 진작을 해 주는 것도 중요하고 또 상급자에게 그런 내용들을 잘 종합하고 정리해서 가장 보기 좋게 또 성과에 있게끔 그렇게 해서 보고하는 역할을 해주는 그런 중간 역할이 될 것 같습니다. 이런 중간 역할자가 어 위와 아래를 정확히 보고 윤활유처럼 잘 이렇게 섞이게끔 내려 하는 자리이기 때문에 그 부분이 제일 무엇을 중요시 요구하고 무엇을 또 잘 해줘야 하고 어 놓치는 부분이 무엇이 없는지를 또 잘 체크해 주야 하는 것들의 경험이 다 있기 때문에 그런 부분에서 제가 제일 적합한 인재가 될 수 있을 것 같습니다. 네 이상입니다.","wordCount":207},"emotion":[],"intent":[{"text":"일단 제가 지원한 직목 결국 중간 관리자 이 서비스업에 있어서 팀장급 정도 되는 자리에 지금 지원하게 되었는데 제가 이 팀장급에 지원한 계기도 그에 맞는 경력이나 노하우 스펙 이런 것들을 다 갖추고 있다고 생각해서 팀장급을 지원하게 되었는데 이런 팀장급 생활을 과연 오 년 정도 했습니다.","expression":"c_sincere_job","category":"etc"},{"text":"전 사에서 그러다 보니까 이제 그런 팀원들 관리나 뭐 상급자에게 하는 대안을 대응 방법이라든지 그런 것들을 다 정확히 갖고 있기 때문에 그런 노하우드를 녹여서 제가 이 회사에도 큰 도움이 될 수 있지 않을까 싶어서 이 팀장급으로 지원하게 되었는데 중간 관리자의 역할은 저는 그렇게 생각합니다.","expression":"c_sincere_job","category":"etc"},{"text":"이런 중간 역할자가 어 위와 아래를 정확히 보고 윤활유처럼 잘 이렇게 섞이게끔 내려 하는 자리이기 때문에 그 부분이 제일 무엇을 중요시 요구하고 무엇을 또 잘 해줘야 하고 어 놓치는 부분이 무엇이 없는지를 또 잘 체크해 주야 하는 것들의 경험이 다 있기 때문에 그런 부분에서 제가 제일 적합한 인재가 될 수 있을 것 같습니다.","expression":"c_sincere_job","category":"etc"}],"summary":{"text":"이 직무에 지원한 계기도 그에 맞는 경력이나 노하우 스펙 이런 것들을 다 갖추고 있다고 생각해서 팀장급을 지원하게 되었는데 이 중간 관리자의 역할은 그렇게 생각합니다. 본인이 하는 업무도 있겠지만 팀원들에 의한 성과를 최대한 낼 수 있도록 격려나 조언을 통해서 사기 진작을 해 주는 것도 중요하고 또 상급자에게 그런 내용들을 잘 종합하고 정리해서 가장 보기 좋게 또 성과에 있게끔 그렇게 해서 보고하는 역할을 해주는 그런 중간 역할자가 될 것 같습니다.","wordCount":68}}},"rawDataInfo":{"question":{"fileFormat":"wav","fileSize":609998,"duration":19060,"samplingBit":16,"channelCount":1,"samplingRate":"16kHz","audioPath":"/Mock/02.SalesMarketing/Male/Experienced/ckmk_q_sm_m_e_229794.wav"},"answer":{"fileFormat":"wav","fileSize":3746638,"duration":117080,"samplingBit":16,"channelCount":1,"samplingRate":"16kHz","audioPath":"/Mock/02.SalesMarketing/Male/Experienced/ckmk_a_sm_m_e_229794.wav"}}}