{"version":"1.0","dataSet":{"info":{"date":"20230116","occupation":"SM","channel":"MOCK","place":"ONLINE","gender":"MALE","ageRange":"-34","experience":"EXPERIENCED"},"question":{"raw":{"text":"이 직무에 지원한 이유가 무엇인지 말씀해 주시고 본인이 생각할 때 왜 자신이 적합한 인재라고 보시는지 함께 설명해 주시기 바랍니다","wordCount":19},"emotion":[],"intent":[]},"answer":{"raw":{"text":"제가 영업 직무의 경력직으로 지원하게 된 이유는 영업 활동이 재미있다고 생각하기 때문입니다. 제가 지금까지 영업과 관련된 일을 두 가지를 해봤는데요. 제약 회사에서 제약 영업을 했었고 보험 회사에서 보험을 판매하는 영업직을 했었습니다. 이렇게 영업을 하면서 굉장히 다양한 사람을 만나고 제품이나 서비스를 판매할 때 희열을 느꼈던 것 같습니다. 물론 많은 사람들을 만나서 영업을 한다는 게 쉽지만은 않았습니다. 하지만 제가 원하는 제품이나 서비스를 고객들에게 판매를 하면 그때의 기분은 너무나 좋기 때문에 앞으로도 영업과 관련된 일을 하고 싶다는 생각을 했습니다. 제가 영업 활동을 하면서 계속 엠브이피로 수상을 받았었는데 이런 결과를 봤을 때 제 자신이 영업과 잘 맞는 사람이라고 생각해서 지원하게 되었습니다.","wordCount":97},"emotion":[{"text":"제가 영업 직무의 경력직으로 지원하게 된 이유는 영업 활동이 재미있다고 생각하기 때문입니다.","expression":"p-interest","category":"positive"},{"text":"이렇게 영업을 하면서 굉장히 다양한 사람을 만나고 제품이나 서비스를 판매할 때 희열을 느꼈던 것 같습니다.","expression":"p-happiness","category":"positive"}],"intent":[{"text":"제가 영업 직무의 경력직으로 지원하게 된 이유는 영업 활동이 재미있다고 생각하기 때문입니다.","expression":"c_sincere_job","category":"etc"},{"text":"이렇게 영업을 하면서 굉장히 다양한 사람을 만나고 제품이나 서비스를 판매할 때 희열을 느꼈던 것 같습니다.","expression":"s_sell_exp","category":"technology"}],"summary":{"text":"제약 회사에서 제약 영업을 했었고 보험 회사에서 보험을 판매하는 영업직을 했었습니다. 영업을 하면서 다양한 사람을 만나고 제품이나 서비스를 판매할 때 희열을 느꼈습니다. 엠브이피로 수상을 받았는데 제 자신이 영업과 잘 맞는 사람이라고 생각해서 지원하게 되었습니다.","wordCount":34}}},"rawDataInfo":{"question":{"fileFormat":"wav","fileSize":590158,"duration":18440,"samplingBit":16,"channelCount":1,"samplingRate":"16kHz","audioPath":"/Mock/02.SalesMarketing/Male/Experienced/ckmk_q_sm_m_e_218866.wav"},"answer":{"fileFormat":"wav","fileSize":2593358,"duration":81040,"samplingBit":16,"channelCount":1,"samplingRate":"16kHz","audioPath":"/Mock/02.SalesMarketing/Male/Experienced/ckmk_a_sm_m_e_218866.wav"}}}