{"version":"1.0","dataSet":{"info":{"date":"20230116","occupation":"SM","channel":"MOCK","place":"ONLINE","gender":"MALE","ageRange":"35-44","experience":"EXPERIENCED"},"question":{"raw":{"text":"본인의 생각이 아닌 지원자님의 다른 주변 사람들이 생각하는 지원자님의 단점과 장점에 대해서 모두 다 말씀해 주실 수 있을까요","wordCount":18},"emotion":[],"intent":[]},"answer":{"raw":{"text":"네 제 생각이 아니고 주변 사람들 주변 동료들이 생각하는 저만의 단점과 장점에 대해서 답변 드리겠습니다. 일단 장점과 단점이 주는 동일할 것 같다고 생각합니다. 장점이 될 수도 있고 단점이 될 수 있는 부분인데 어 저는 모든 일에 대해서 좀 여유롭게 접근하자 좀 마인드를 갖고 있습니다. 그러다보니 어떻게 보면 저 사람은 좀 여유가 넘치고 저렇게 항상 웃을 수 있을까 라는 부분에 대해서 좋게 보는 사람도 있을 것이고 아 또는 반대로 저 사람은 항상 여유가 있는 거 보니까 업무를 대충하고 또 업무를 좀 게을리하는 사람인 것 같다 이렇게 보이는 단점이 있을 것 같은데 이게 인제 장점 단점을 둘 다 갖고 있는 부분이다 보니 그런 부분에 있어서 최대한 단점으로 보이지 않는 게 제가 어떻게 이제 헤쳐나가야 하는 방법이라고 생각합니다. 어 단점으로 보이지 않기 위해서는 내 업무에 대한 성과라든지 그런 부분에서 어 구멍이 있는 부분이 없고 어 점점 성과가 늘어나는 부분이 보인다면 아 저건 단점이 아닌 장점이었구나 로 판단이 될 것 같습니다. 이상입니다.","wordCount":148},"emotion":[],"intent":[{"text":"장점이 될 수도 있고 단점이 될 수 있는 부분인데 어 저는 모든 일에 대해서 좀 여유롭게 접근하자 좀 마인드를 갖고 있습니다.","expression":"c_person","category":"background"}],"summary":{"text":"주변 사람들이 생각하는 저만의 단점과 장점에 대해서 답변 드리겠습니다. 장점과 단점은 동일할 것 같다고 생각합니다. 장점은 모든 일에 대해 좀 여유롭게 접근하자 라는 마인드를 갖고 있습니다. 단점은 업무 성과 등에서 구멍이 있는 부분이 없고 점점 성과가 늘어나는 부분이 보인다면 이것이 장점이로구나 로 판단이 될 것 같습니다.","wordCount":46}}},"rawDataInfo":{"question":{"fileFormat":"wav","fileSize":626638,"duration":19580,"samplingBit":16,"channelCount":1,"samplingRate":"16kHz","audioPath":"/Mock/02.SalesMarketing/Male/Experienced/ckmk_q_sm_m_e_214807.wav"},"answer":{"fileFormat":"wav","fileSize":2787278,"duration":87100,"samplingBit":16,"channelCount":1,"samplingRate":"16kHz","audioPath":"/Mock/02.SalesMarketing/Male/Experienced/ckmk_a_sm_m_e_214807.wav"}}}