{"version":"1.0","dataSet":{"info":{"date":"20230116","occupation":"SM","channel":"MOCK","place":"ONLINE","gender":"MALE","ageRange":"35-44","experience":"EXPERIENCED"},"question":{"raw":{"text":"자신에게 우호적이지 않는 상대를 설득하여 내 편으로 만든 경험이 있으십니까","wordCount":10},"emotion":[],"intent":[]},"answer":{"raw":{"text":"아 저 본인에게 우호적이지 않은 상대 즉 뭐 상급 자가 될 수도 있을 것이고 뭐 같은 동료들이 인제 호의적으로 보지 않는 그렇게 판단되는 직원도 분명히 있을 것입니다. 근데 그런 사람들을 내 편으로 만드는 내 사람으로 만드는 게 그때부터가 정말 프로 의식인 것 같습니다. 그런 프로의식이 만들어지기 위해서는 일단 본인이 능력에서나 여러 가지 면으로 여유를 갖고 있어야 합니다. 그래야 이제 그 사람에게 결국은 내 에너지를 나눠줘야 그런 것들이 그 사람의 감동을 받게 되고 내 편이 되는 것인데 그렇게 내 편으로 만드는 과정에서는 여러 가지가 필요할 겁니다. 정말로 나의 호의와 그런 관심들을 그 사람이 잘 받아줄 수 있을 것인지도 판단해 봐야 하고 어 예를 들어서 뭐 밥을 많이 산다든지 아니면 뭐 같은 취미를 한다든지 아니면 뭐 같이 뭐 중종 뭐 술자리를 한다든지 뭐 여러 가지의 방법으로 상대방을 설득하고 내 편으로 만드는 그런 것들이 기억에 남는 것 같습니다. 이상입니다.","wordCount":136},"emotion":[],"intent":[{"text":"정말로 나의 호의와 그런 관심들을 그 사람이 잘 받아줄 수 있을 것인지도 판단해 봐야 하고   어 예를 들어서 뭐 밥을 많이 산다든지 아니면 뭐 같은 취미를 한다든지   아니면 뭐 같이 뭐 중종 뭐 술자리를 한다든지 뭐 여러 가지의 방법으로 상대방을 설득하고 내 편으로 만드는   그런 것들이 기억에 남는 것 같습니다.","expression":"s_intp","category":"attitude"}],"summary":{"text":"제 편으로 만드는 과정에는 여러 가지가 필요할 것입니다. 저의 호의와 관심들을 잘 받아줄 수 있을 것인지도 판단해보고 여러 가지의 방법으로 상대방을 설득하고 제 사람으로 만드는 것들이 기억에 남을 것 같습니다.","wordCount":30}}},"rawDataInfo":{"question":{"fileFormat":"wav","fileSize":245838,"duration":7680,"samplingBit":16,"channelCount":1,"samplingRate":"16kHz","audioPath":"/Mock/02.SalesMarketing/Male/Experienced/ckmk_q_sm_m_e_146849.wav"},"answer":{"fileFormat":"wav","fileSize":2759118,"duration":86220,"samplingBit":16,"channelCount":1,"samplingRate":"16kHz","audioPath":"/Mock/02.SalesMarketing/Male/Experienced/ckmk_a_sm_m_e_146849.wav"}}}