{"version":"1.0","dataSet":{"info":{"date":"20230116","occupation":"SM","channel":"MOCK","place":"ONLINE","gender":"MALE","ageRange":"35-44","experience":"EXPERIENCED"},"question":{"raw":{"text":"지원자님만의 스트레스 해소 방법이 있으신가요 그리고 왜 그 방법으로 스트레스를 해소하는지 말씀 부탁드립니다","wordCount":13},"emotion":[],"intent":[]},"answer":{"raw":{"text":"어 저만의 스트레스 해소 방법은 한 세 가지가 있습니다. 일단 첫 번째는 그 예능이나 영화 시청 같은 거를 또 하면서 많이 리플레쉬를 하고 있고 두 번째는 이 땀 흘리는 운동을 좋아하는데 어 테니스하고 마라톤을 즐겨하고 있습니다. 이제 두 개의 운동의 공통점이 아 땀을 굉장히 많이 흘릴 수 있다 이겁니다. 그래서 땀을 많이 흘렸을 때 그 리플레쉬 되는 그 느낌은 운동 해 본 사람들은 다 알 겁니다. 그래서 그렇게 두 번째가 있고 세 번째는 저희 아이들을 데꼬 어디 새로운 곳이나 여행이나 뭐 캠핑 같은 데를 갔을 때 그 가족에서 오는 그 안정감과 그런 것들이 행복감 그런 또 더 열심히 살아야겠다 라는 활력소 에너지를 얻는 것 같습니다. 그래서 저는 이제 스트레스 해소 방법은 그 세 가지로 하고 있고 평일에는 운동 주말에는 아이들과 뭐 캠핑이나 어디 여행 같은 걸 위주로 하고 있고 그리고 어 이제 남 몸이 좀 안 좋거나 남는 시간에는 뭐 예능 시청이나 뭐 영화 시청 이렇게 하면서 여가 생활을 보내면서 스트레스도 충분히 해소하면서 지내고 있습니다. 네 이상입니다.","wordCount":157},"emotion":[],"intent":[{"text":"","expression":"","category":"attitude"}],"summary":{"text":"저만의 스트레스 해소 방법은 예능이나 영화 시청, 테니스와 마라톤, 캠핑이나 여행 등이 있습니다. 평일에는 운동 주말에는 아이들과 캠핑이나 어디 여행 같은 걸 위주로 하고, 몸이 안 좋거나 남는 시간에는 예능과 영화를 보면서 스트레스도 충분히 해소하면서 지내고 있습니니다.","wordCount":37}}},"rawDataInfo":{"question":{"fileFormat":"wav","fileSize":367118,"duration":11470,"samplingBit":16,"channelCount":1,"samplingRate":"16kHz","audioPath":"/Mock/02.SalesMarketing/Male/Experienced/ckmk_q_sm_m_e_107668.wav"},"answer":{"fileFormat":"wav","fileSize":2700558,"duration":84390,"samplingBit":16,"channelCount":1,"samplingRate":"16kHz","audioPath":"/Mock/02.SalesMarketing/Male/Experienced/ckmk_a_sm_m_e_107668.wav"}}}