{"version":"1.0","dataSet":{"info":{"date":"20230116","occupation":"SM","channel":"MOCK","place":"ONLINE","gender":"MALE","ageRange":"35-44","experience":"EXPERIENCED"},"question":{"raw":{"text":"지원자님은 책 읽기를 좋아하시나요 지금 내가 읽고 있는 책이 있는지 그리고 그 책이 무슨 책인지 왜 그 책을 읽으시는지 한 번 말씀해 주십시오","wordCount":23},"emotion":[],"intent":[]},"answer":{"raw":{"text":"현재 읽고 있는 책은 인생의 중간에서 논어를 말하다 입니다. 우리는 어릴 때 유교 공자 장자 맹자 사상에 대해서 가끔 한 번씩은 들어봤을 겁니다. 하지만 어렸을 때 읽었던 논어와 현재 오십 가까이 된 나이에서 읽는 논어는 인생을 논하는 데 있어서 완전 천지 차이입니다. 사람들은 특히나 이공계 저희 같은 사람들은 많은 기술적인 용어들만 알고 기술적인 서적만 읽게 됩니다. 하지만 기계와 컴퓨터만 대화를 하다 보면 어느새 인문학에 대한 정서가 메말라 있는 것들이 사실입니다. 하지만 추후에 경영자나 상급 관리자를 가다 보면 실제적으로 우리에게 가장 필요한 것은 인문학입니다. 인생의 중반에서 논어를 말하다에는 삶을 살아가면서 사람들에게 필요한 지침이나 깨달음 또는 교훈 같은 것을 우회적으로 많이 표현합니다. 어릴 때 탈무드를 읽어보면 그냥 단순한 동화처럼 느껴지지만 지금 나이가 많이 먹은 상태에서 탈무드나 이런 논어 같은 책을 읽다 보면 삶에 얼마나 깊은 깨달음이 수천 년 전부터 지혜로운 사상으로 내려왔는지를 알게 되며 어릴 때 못 느꼈던 것들을 알게 되면서 깊은 세상을 깨닫게 됩니다. 그러면서 인간관계도 좋아지게 되었습니다.","wordCount":147},"emotion":[],"intent":[{"text":"","expression":"","category":"attitude"}],"summary":{"text":"어릴 때 읽었던 논어와 현재 오십 가까이 된 나이에서 읽는 논어는 인생을 논하는 데 있어서 완전 천지 차이입니다. 어린 시절 탈무드를 읽다 보면 삶에 깊은 깨달음이 수천 년 전부터 지혜로운 사상으로 내려왔는지를 알게 되며 어릴 때 못 느꼈던 것들을 알게 되면서 깊은 세상을 깨닫게 됩니다. 그러면서 인간관계도 좋아지게 되었습니다.","wordCount":49}}},"rawDataInfo":{"question":{"fileFormat":"wav","fileSize":451598,"duration":14110,"samplingBit":16,"channelCount":1,"samplingRate":"16kHz","audioPath":"/Mock/02.SalesMarketing/Male/Experienced/ckmk_q_sm_m_e_173134.wav"},"answer":{"fileFormat":"wav","fileSize":2735438,"duration":85480,"samplingBit":16,"channelCount":1,"samplingRate":"16kHz","audioPath":"/Mock/02.SalesMarketing/Male/Experienced/ckmk_a_sm_m_e_173134.wav"}}}