{"version":"1.0","dataSet":{"info":{"date":"20230116","occupation":"SM","channel":"MOCK","place":"ONLINE","gender":"MALE","ageRange":"35-44","experience":"EXPERIENCED"},"question":{"raw":{"text":"만약에 지원자님이 일을 하던 중에 이 이 적성에 맞지 않는다면 어떻게 하실 생각이세요 그 상황이라고 가장하고 한 번 말씀해 주세요","wordCount":20},"emotion":[],"intent":[]},"answer":{"raw":{"text":"제가 이 적성에 맞지 않는 업무를 얼마나 오래 했는지부터 먼저 확인을 해 봐야 될 것입니다. 삼 개월에서 육 개월 정도 하고 아 이 업무가 정말 맞지 않는다 너무 힘들다 라고 생각하는 거는 어떻게 보면 업무에 적응할 시간도 없었고 업무의 성과를 내기도 전에 비겁한 변명을 하는 것 밖에 안 됩니다. 하지만 일 년에서 삼 년 정도를 했지만 그래도 이 업무는 나하고 너무 맞지 않는다 라고 생각을 한다면 반드시 직장 상사 또는 팀 매니저에게 보직 전환 및 부서 변경을 요청해야 될 것입니다. 예를 들어서 저는 기술 지원팀의 일을 하기로 하고 지원을 했는데 갑자기 회계팀이라든가 아니면 영업 지원팀이라든가 물류 시스템에 팀으로 발 발령이 난다고 하면 나 스스로에 대한 자괴감이나 전공에 대한 지식이 하나도 쓸모가 없어지는 잉여 인력으로 느껴질 수 있습니다. 그렇지만 그래도 불구하고 여기서 내 스스로를 견뎌 낼 수 있다면 최소한 육 개월에서 일 년 정도 버텨 보고 그래서 그래도 적성에 안 맞는다면 그때 보직 순환을 하는 것이 맞다고 생각합니다.","wordCount":147},"emotion":[],"intent":[{"text":"","expression":"","category":"attitude"}],"summary":{"text":"적성에 맞지 않는 업무를 얼마나 오래 했는지 직장 상사 또는 팀 매니저에게 보직 전환 및 부서 변경을 요청해야 될 것입니다. 그래도 최소한 육 개월에서 일 년 정도 버텨 보고 적성에 안 맞는다면 그때 보직 순환을 하는 것이 맞다고 생각합니다.","wordCount":39}}},"rawDataInfo":{"question":{"fileFormat":"wav","fileSize":386638,"duration":12080,"samplingBit":16,"channelCount":1,"samplingRate":"16kHz","audioPath":"/Mock/02.SalesMarketing/Male/Experienced/ckmk_q_sm_m_e_178718.wav"},"answer":{"fileFormat":"wav","fileSize":2262478,"duration":70700,"samplingBit":16,"channelCount":1,"samplingRate":"16kHz","audioPath":"/Mock/02.SalesMarketing/Male/Experienced/ckmk_a_sm_m_e_178718.wav"}}}