{"version":"1.0","dataSet":{"info":{"date":"20230116","occupation":"SM","channel":"MOCK","place":"ONLINE","gender":"MALE","ageRange":"35-44","experience":"EXPERIENCED"},"question":{"raw":{"text":"혼매 판매와 전매 판매 중에 앞으로 어느 부분의 역량을 집중해야 하는지 말씀해 보시고 그 이유 또한도 함께 말씀해 주시기 바랍니다","wordCount":20},"emotion":[],"intent":[]},"answer":{"raw":{"text":"음 저희 회사가 이제 앞으로 혼매 판매 전매 판매 그 분에 대해서 어느 판매에 대해서 역량을 집중하고 어 한 곳으로 힘을 모아야 하는지에 대해서 답변을 드려보겠습니다. 어 또 혼모 판매 여러 가지 물건에 대해서 이제 종류를 혼합해서 하는 부분이 될 것이고 전매 한 가지 아이템을 딱 정해서 그 부분에 대해서 집중 판매 될 것 같은데 저는 이제 전매 판매보다는 혼매 판매가 더욱더 회사의 성과나 이익을 창출하는 데도 좋을 것 같습니다. 워낙 한 파트만의 그 영향력에 대해서는 한계가 있다고 생각합니다. 워낙 정보화 시대에서 많은 아이템이나 많은 어 물건들이 나오기 때문에 어 빨리빨리 적용시켜서 또 다른 것들을 이제 여러 가지를 혼합을 시켜서 판매하는 것이 회사의 이익이나 그 회사의 확장 이런 것들을 창출하는 데 있어서는 여러 가지 물건들을 어 같이 종합해서 하나의 그런 세트 아이템처럼 적용시키는 것이 더욱더 효율적일 것 같습니다. 네 이상입니다.","wordCount":130},"emotion":[],"intent":[{"text":"어 또 혼모 판매 여러 가지 물건에 대해서 이제 종류를 혼합해서 하는 부분이 될 것이고 전매 한 가지 아이템을 딱 정해서 그 부분에 대해서 집중 판매 될 것 같은데 저는 이제 전매 판매보다는 혼매 판매가 더욱더 회사의 성과나 이익을 창출하는 데도 좋을 것 같습니다.","expression":"s_anls_prod","category":"technology"},{"text":"워낙 정보화 시대에서 많은 아이템이나 많은 어 물건들이 나오기 때문에 어 빨리빨리 적용시켜서 또 다른 것들을 이제 여러 가지를 혼합을 시켜서 판매하는 것이 회사의 이익이나 그 회사의 확장 이런 것들을 창출하는 데 있어서는 여러 가지 물건들을 어 같이 종합해서 하나의 그런 세트 아이템처럼 적용시키는 것이 더욱더 효율적일 것 같습니다.","expression":"s_anls_prod","category":"technology"}],"summary":{"text":"정보화 시대에서 많은 물건들이 나오기 때문에 빨리 빨리 적용시켜서 여러 가지를 혼합해서 판매하는 것이 회사의 이익이나 그 회사의 확장 이런 것들을 창출하는 데 있어서는 여러 가지 물건들을 종합해서 하나의 세트 아이템처럼 적용시키는 것이 더욱더 효율적일 것 같습니다.","wordCount":37}}},"rawDataInfo":{"question":{"fileFormat":"wav","fileSize":441358,"duration":13790,"samplingBit":16,"channelCount":1,"samplingRate":"16kHz","audioPath":"/Mock/02.SalesMarketing/Male/Experienced/ckmk_q_sm_m_e_214702.wav"},"answer":{"fileFormat":"wav","fileSize":2681038,"duration":83780,"samplingBit":16,"channelCount":1,"samplingRate":"16kHz","audioPath":"/Mock/02.SalesMarketing/Male/Experienced/ckmk_a_sm_m_e_214702.wav"}}}