{"version":"1.0","dataSet":{"info":{"date":"20230116","occupation":"SM","channel":"MOCK","place":"ONLINE","gender":"MALE","ageRange":"55-","experience":"EXPERIENCED"},"question":{"raw":{"text":"직무를 수행하는 과정에서 모르는 과제가 등장한다면 어떻게 해결하시겠습니까 해결법과 그 이유에 대해서 말씀해 주시기 바랍니다","wordCount":15},"emotion":[],"intent":[]},"answer":{"raw":{"text":"직무 수행 시 모르는 과제가 등장했다면 어떻게 해결하시겠습니까 해결법과 이유를 말씀해 주세요. 아 예 제가 직무를 수행할 때 모르는 과제가 등장했다면 아 어려운 부분이겠지만 먼저 후배들과 선배들과 또한 아 상사에게 특별히 어 대화를 통하여서 그 문제를 해결하는 방법을 찾아야 된다고 생각을 합니다. 아 회사에 여태까지 쌓아 왔던 히스토리를 다시 한번 익히면서 어 어떠한 해결법이 가장 최선의 방법인지 어 해결해야 된다고 생각합니다. 어 모르는 과제라고 하면은 어 여태까지 해보지 못했던 새로운 과제가 될 것일 것 같습니다. 그런 부분에 대해서는 에스앤에스라든가 책을 통해서 또한 많은 정보를 통하여서 그러한 과제를 또한 습득하고 공부하면서 어 트렌드를 찾아가는 것이 더욱더 중요하다고 생각합니다. 그런 면에 있어서 제가 주위에 아 좋은 아 맨파워라든가 좋은 어 사람들을 통하여서 정보를 습득하는 것이 더욱더 중요하다고 생각합니다. 그런 부분에 대해서는 제가 좋은 인맥을 가지고 있고 또한 좋은 정보를 통하여서 여러 가지 그러한 과제들을 해결해 왔고 또한 그러한 솔루션을 잘 알 수 있는 많은 석 박사들이 주위에 있었기 때문에 그런 사람들의 도움을 많이 얻었던 것 같습니다. 앞으로도 어 모르는 그런 과제가 있다 하더라도 아 여태까지 아 도전하면서 새롭게 배워가면서 했던 그런 경험을 토대로 최선을 다 할 것입니다.","wordCount":175},"emotion":[],"intent":[{"text":"","expression":"","category":"attitude"}],"summary":{"text":"직무 수행 시 모르는 과제가 등장했다면 후배, 선배, 상사에게 대화를 통하여 해결법을 찾아야 합니다. 모르는 과제라고 하면은 지금까지 해보지 못했던 새로운 과제가 될 것이므로 많은 정보를 통하여서 과제를 습득하고 공부하면서 트렌드를 찾아가는 것이 중요합니다. 좋은 인맥을 가지고, 좋은 정보를 통하여 여러 가지 과제들을 해결해 왔고 많은 석 박사들의 도움을 많이 얻었습니다. 앞으로도 이런 경험을 토대로 최선을 다 할 것입니다.","wordCount":59}}},"rawDataInfo":{"question":{"fileFormat":"wav","fileSize":414158,"duration":12940,"samplingBit":16,"channelCount":1,"samplingRate":"16kHz","audioPath":"/Mock/02.SalesMarketing/Male/Experienced/ckmk_q_sm_m_e_240459.wav"},"answer":{"fileFormat":"wav","fileSize":3747598,"duration":117110,"samplingBit":16,"channelCount":1,"samplingRate":"16kHz","audioPath":"/Mock/02.SalesMarketing/Male/Experienced/ckmk_a_sm_m_e_240459.wav"}}}