{"version":"1.0","dataSet":{"info":{"date":"20230116","occupation":"SM","channel":"MOCK","place":"ONLINE","gender":"MALE","ageRange":"35-44","experience":"EXPERIENCED"},"question":{"raw":{"text":"지원자님이 장점과 단점을 말씀해 주시고 장점을 특화시키고 단점을 극복하기 위해 지금껏 어떠한 노력을 해야 하는지도 말씀해 주세요","wordCount":17},"emotion":[],"intent":[]},"answer":{"raw":{"text":"어 저의 장점과 단점에 대해서 말씀드리고 그것을 어 발전시키려고 노력했던 부분에 대해서 한 번 말씀드리겠습니다. 일단 저의 장점과 단점은 아 장점은 일단은 많은 경험과 노하우를 갖고 있고 또 지금까지 이끌어 온 그런 성실함과 그런 것들이 장점이 될 수 있을 것 같습니다. 그리고 또 시간 관리를 잘하는 거에 대해서도 장점이라 말씀드릴 수 있는데 그거를 발전시키고 노력하기 위해서 메모하는 습관을 항상 가졌던 거 같습니다. 그래서 항상 다이어리를 들고 다녀서 다이어리에 오늘 할 일과 일주일 뒤에 할 일 한 달 뒤에 할 일 그런 내용들을 매일 적어 나가면서 어 놓치는 부분 없이 또 진행했었던 것들이 저희 그거를 발전시키기 위한 그런 단계였던 거 같고 일단 단점 같은 경우에는 일단은 부족한 부분이라고 하는 거는 제가 특별히 생각나는 건 없는데 단점은 일단 개인 시간을 많이 필요로 한다는 겁니다. 그래서 휴식을 좀 중요시 여겨서 워라밸을 조금 뭐 필요로 하는 스타일인 것 같습니다. 이제 그런 것들이 겉으로 보기에는 좀 약간 개인주의 성향이 있지 않을까 라는 생각을 갖는 것이 단점이라면 단점일 것 같습니다. 이상입니다.","wordCount":155},"emotion":[],"intent":[{"text":"이제 그런 것들이   겉으로 보기에는 좀 약간 개인주의 성향이 있지 않을까 라는 생각을 갖는 것이 단점이라면 단점일 것 같습니다.","expression":"c_person","category":"background"}],"summary":{"text":"저는 많은 경험과 노하우를 갖고 있고 지금까지 이끌어 온 성실함과 시간 관리를 잘하는 장점이 있습니다. 그리고 메모하는 습관을 항상 가졌었는데 그것을 발전시키기 위한 단계였던 것 같습니다. 단점은 개인 시간을 많이 필요로 한다는 것인데 워라밸을 조금 필요로 하는 스타일인 것 같은데 개인주의 성향이지 않을까 하는 생각을 갖는 것이 단점입니다.","wordCount":48}}},"rawDataInfo":{"question":{"fileFormat":"wav","fileSize":552398,"duration":17260,"samplingBit":16,"channelCount":1,"samplingRate":"16kHz","audioPath":"/Mock/02.SalesMarketing/Male/Experienced/ckmk_q_sm_m_e_145353.wav"},"answer":{"fileFormat":"wav","fileSize":2768398,"duration":86510,"samplingBit":16,"channelCount":1,"samplingRate":"16kHz","audioPath":"/Mock/02.SalesMarketing/Male/Experienced/ckmk_a_sm_m_e_145353.wav"}}}