{"version":"1.0","dataSet":{"info":{"date":"20230116","occupation":"SM","channel":"MOCK","place":"ONLINE","gender":"MALE","ageRange":"55-","experience":"EXPERIENCED"},"question":{"raw":{"text":"지원자님은 팀으로 일하는 것과 혼자 일하는 것 중 어느 것을 더 선호하시나요 그것을 선호하시는 이유도 같이 말씀해 주세요","wordCount":18},"emotion":[],"intent":[]},"answer":{"raw":{"text":"팀으로 일하는 것과 혼자 일하는 것 중 무엇을 더 선호하시나요 이유도 함께 말씀해 주세요. 아 예 제가 팀으로 일하는 것을 어 선호합니다. 아 팀으로 일 할 때 일이 좀 더 스피드하게 진행할 수가 있고 더 큰 일들을 만들어내는 데 중요하기 때문에 아 팀으로서 제가 리더로서의 역할을 아 감당했던 일들이 아 상당히 많이 있습니다. 아 여러모로 어 볼 때 아 팀으로 일하게 되면은 참으로 스피드하고 아 큰 일들을 많이 할 수 있었습니다. 특히 정부 과제 그리고 정책에 관련된 그러한 일들을 진행할 때는 아 중요한 일들이 많이 있었습니다. 거기는 적재 적소에 인원을 어 투입함으로 인하여서 어 프로젝트가 컸던 일들이 많이 있었다고 생각합니다. 십 억 오십 억 정도의 일들을 진행하는 데 있어서 팀으로서 일을 하고 그러한 그 과제를 아 짧은 시간에 아 디테일하게 그 일들을 어 했던 적들이 많이 있었습니다. 그런 부분에서의 경험을 토대로 어 회사에서도 새로운 그러한 어 팀웍을 만들어 간다면은 아 작은 일들은 어 혼자 하는 것이 중요하지만 큰 일들 같은 경우는 아 세 명 다섯 명이 이루었던 그런 팀웍을 다시 한번 짜보고 싶습니다. 아 인원적으로 어느정도 어 효율성을 부여한다면 그러한 이십 억에서 오십 억 정도 되는 그러한 프로젝트를 한 번 파워포인트를 통하여서 한번 설명을 하고 그러한 일을 진행하는데 도움을 받으면 충분히 감당할 것이라고 생각을 합니다.","wordCount":195},"emotion":[],"intent":[{"text":"","expression":"","category":"attitude"}],"summary":{"text":"팀으로 일하는 것을 선호합니다. 팀으로 일하면 더 스피드하게 진행할 수 있고 더 큰 일들을 만들어내는 데 중요하기 때문에 리더로서의 역할을 해왔습니다. 적재 적소에 인원을 투입함으로 인해 프로젝트가 컸던 일이 많았습니다. 작은 일들은 혼자 하는 것이 중요하지만 큰 일은 세 명 다섯 명이 이루었던 팀웍을 다시 짜보고 싶습니다. 인원적으로 효율성을 부여한다면 한번 파워포인트를 통하여 설명하고 일을 진행하는데 도움을 받으면 충분할 것입니다.","wordCount":60}}},"rawDataInfo":{"question":{"fileFormat":"wav","fileSize":366158,"duration":11440,"samplingBit":16,"channelCount":1,"samplingRate":"16kHz","audioPath":"/Mock/02.SalesMarketing/Male/Experienced/ckmk_q_sm_m_e_240847.wav"},"answer":{"fileFormat":"wav","fileSize":3880078,"duration":121250,"samplingBit":16,"channelCount":1,"samplingRate":"16kHz","audioPath":"/Mock/02.SalesMarketing/Male/Experienced/ckmk_a_sm_m_e_240847.wav"}}}