{"version":"1.0","dataSet":{"info":{"date":"20230116","occupation":"SM","channel":"MOCK","place":"ONLINE","gender":"MALE","ageRange":"-34","experience":"EXPERIENCED"},"question":{"raw":{"text":"배달의민족을 사용하시면서 서비스에서 아쉬웠던 부분이 있으셨나요 있었다면 그 부분에 대해 구체적으로 말씀해 주실 수 있을까요","wordCount":15},"emotion":[],"intent":[]},"answer":{"raw":{"text":"저는 배달의 민족을 굉장히 좋아하고 자주 사용합니다. 제가 아무리 적어도 일 주일에 세 번은 사용하는 것 같은데 저는 이제 배달의민족 안에 단건 배달 시스템이라고 해 가지고 다른 집 가지 않고 저희 집으로 바로 와주는 그런 시스템이 있는데 그것만 이용하거든요. 그런데 대체적으로 다 만족을 해요. 어떤 뭐 배달해주는 만큼 수수료가 수수료가 비싼 것도 인정하고 기꺼이 낼 의향이 있고 일단 저는 근데 한 가지 아쉬운 거는 그 서비스를 보다 보며는 그 서비스에 우리 집으로 와주는 그 배달 기사님의 위치가 이렇게 표시가 됩니다. 배달의 민족에서는 근데 그 위치가 너무 그 프레임이 너무 낮아요. 프레임이 너무 낮아서 뚝 있다가 좀 지난 후에 뚝 저쪽으로 가버려요. 그런데 그거를 조금 더 프레임을 높여서 정말 움직일 수 있는 움직이고 있는 기사님이 움직이고 있는 경로를 더 실시간으로 볼 수 있었으면 좋겠어요. 그게 이제 내 먹을 음식이 음식이 저렇게 실시간으로 오고 있구나 라는 것을 보는 재미가 있을 것 같은데 너무 프레임이 끊어지니까 밥맛이 끊키는 느낌 그런 느낌이 좀 저 아쉽습니다.","wordCount":151},"emotion":[],"intent":[{"text":"","expression":"","category":"attitude"}],"summary":{"text":"배달의 민족을 아주 좋아하고 자주 사용하는데, 단건 배달 시스템만 이용하는데도 만족합니다. 근데 그 서비스에 우리 집으로 와주는 배달 기사의 위치가 이렇게 표시가 돼 있는데, 프레임이 너무 낮아서 뚝 있다가 좀 지난 후에 반대편으로 가버립니다. 프레임을 높여서 움직임을 실시간으로 볼 수 있었으면 좋겠습니다.","wordCount":42}}},"rawDataInfo":{"question":{"fileFormat":"wav","fileSize":607118,"duration":18970,"samplingBit":16,"channelCount":1,"samplingRate":"16kHz","audioPath":"/Mock/02.SalesMarketing/Male/Experienced/ckmk_q_sm_m_e_199456.wav"},"answer":{"fileFormat":"wav","fileSize":2764878,"duration":86400,"samplingBit":16,"channelCount":1,"samplingRate":"16kHz","audioPath":"/Mock/02.SalesMarketing/Male/Experienced/ckmk_a_sm_m_e_199456.wav"}}}