{"version":"1.0","dataSet":{"info":{"date":"20230116","occupation":"SM","channel":"MOCK","place":"ONLINE","gender":"MALE","ageRange":"45-54","experience":"EXPERIENCED"},"question":{"raw":{"text":"네 지원자님께서는 휴식을 취할 때 주로 어떤 일들을 하시는지요 어 또 왜 그 일을 하면서 휴식을 취하는지 그 이유도 함께 말씀해 주시면 좋겠습니다","wordCount":23},"emotion":[],"intent":[]},"answer":{"raw":{"text":"저 당구 칩니다. 네 취미라고 할 만한 게 당구 말고 없는 거 같애요. 친구들이랑 시간 나면 이제 모이 모여서 아예 저희는 또 이제 그 그룹이 모임이 있어가지구요. 저쪽 뭐 영등포 이쪽 가가지고 저희가 아예 잡아 놓은 집이 있기 때문에 그쪽에서 각자 큐대 들고 만나 가지고 네 당구 몇 판 치죠 내기 걸고 짜장면 먹고. 그까 가장 저한테 제 어떤 심리적인 안정감을 주는 놀이 활동인 거 같애요. 네 가장 저한테 익숙한 사람들과 그 익숙한 공간에서 하는 익숙한 재밋거리. 네 그래서 편한가 봐요. 그리고 서로서로 다 아는 수준들이니까 엄청 충격적이고 놀랄 만한 것도 없고 있어도 있다면 또 그 나름대로의 어떤 재미이고요. 그런데 그런 게 조금 필요한 거 같애요. 그런 안정감 네 그런 것들 중요하죠.","wordCount":112},"emotion":[],"intent":[{"text":"","expression":"","category":"attitude"}],"summary":{"text":"당구는 가장 저한테 심리적인 안정감을 주는 놀이 활동인 것 같습니다. 익숙한 사람들과 익숙한 공간에서 하는 익숙한 재밋거리라 편합니다. 서로 다 아는 수준들이니 충격과 재미도 없고 있어도 있다면 재미입니다. 안정감, 그런 것들이 필요합니다.","wordCount":32}}},"rawDataInfo":{"question":{"fileFormat":"wav","fileSize":459598,"duration":14360,"samplingBit":16,"channelCount":1,"samplingRate":"16kHz","audioPath":"/Mock/02.SalesMarketing/Male/Experienced/ckmk_q_sm_m_e_179696.wav"},"answer":{"fileFormat":"wav","fileSize":2905038,"duration":90780,"samplingBit":16,"channelCount":1,"samplingRate":"16kHz","audioPath":"/Mock/02.SalesMarketing/Male/Experienced/ckmk_a_sm_m_e_179696.wav"}}}