{"version":"1.0","dataSet":{"info":{"date":"20230116","occupation":"SM","channel":"MOCK","place":"ONLINE","gender":"MALE","ageRange":"35-44","experience":"EXPERIENCED"},"question":{"raw":{"text":"일을 하다 보면 다른 지역에서 업무를 수행하게 될 수도 있습니다 지원자님은 타 지역 근무도 문제 없이 가능하십니까","wordCount":17},"emotion":[],"intent":[]},"answer":{"raw":{"text":"타 지역에 근무하는 것은 한 지역에 근무하는 것보다 더 많은 인식의 틀을 넓히고 겸허 경험을 할 수 있을 거라는 확신을 갖고 있습니다. 한 곳에서만 일을 하다보면 그곳에 안주하게 되고 더 나은 진취적인 업무를 하지 못합니다. 하지만 여러 곳을 다니다 보면 각 지역의 특색 또는 사람들의 문화를 익숙하게 익힐 수 있습니다. 하지만 타 지역에 지속적으로 근무를 하다 보면 어떤 회사에서의 혜택이 주어져야 할 것 같습니다. 예를 들어서 제가 살고 있는 지역이 아닌 타 지역에 갔을 때 생활비 주거 환경비 또는 물품 지원비 등을 지원해 주거나 또는 어떤 주재원 식으로 생활비를 지원해 준다고 하면 타 지역에서 근무하는데 크게 문제는 없을 것으로 생각됩니다.","wordCount":100},"emotion":[],"intent":[{"text":"","expression":"","category":"attitude"}],"summary":{"text":"타 지역에 근무하는 것은 한 지역에 근무하는 것보다 더 많은 경험을 할 수 있을 거라는 확신을 갖고 있습니다. 타 지역에 지속적으로 근무를 하다 보면 어떤 회사에서의 혜택이 주어져야 할 것 같습니다.","wordCount":31}}},"rawDataInfo":{"question":{"fileFormat":"wav","fileSize":337038,"duration":10530,"samplingBit":16,"channelCount":1,"samplingRate":"16kHz","audioPath":"/Mock/02.SalesMarketing/Male/Experienced/ckmk_q_sm_m_e_170020.wav"},"answer":{"fileFormat":"wav","fileSize":1593038,"duration":49780,"samplingBit":16,"channelCount":1,"samplingRate":"16kHz","audioPath":"/Mock/02.SalesMarketing/Male/Experienced/ckmk_a_sm_m_e_170020.wav"}}}