{"version":"1.0","dataSet":{"info":{"date":"20230116","occupation":"SM","channel":"MOCK","place":"ONLINE","gender":"MALE","ageRange":"35-44","experience":"EXPERIENCED"},"question":{"raw":{"text":"직무 지식 역량 태도 이 세 가지 요소 중 지원자님께서 가장 중요하다고 생각하시는 것과 그 이유를 함께 말씀 부탁드리겠습니다","wordCount":19},"emotion":[],"intent":[]},"answer":{"raw":{"text":"이 세 가지가 가장 조화로울 때 좋은 직원이 될 수 있지만 이 세 가지를 다 갖춘 직원을 구하기는 정말 힘듭니다. 이유는 직무 지식이 뛰어나거나 역량이 뛰어난 사람은 태도나 인성이 안 좋고 태도가 좋은 사람은 직무 지식이나 역량이 조금 떨어지는 경우가 있습니다. 우리는 이 정반합을 통해서 가장 최적화된 인재를 찾아야 되는데요. 저는 이 중에 가장 으뜸은 바로 태도라고 생각합니다. 이 직원의 태도는 인성에서 비롯되고 인성은 절대 고쳐 쓰는 게 아니라는 말이 있듯이 태도가 좋은 사람은 직무 지식이나 역량이 조금 부족해더라도 제가 팀 리더로서 끝까지 끌고 갈 수 있거나 다른 프로젝트나 다른 부서로 보직 전환을 해도 이 인성이 좋고 태도가 좋은 사람은 항상 같이 함께 할 수 있기 때문입니다. 초반에는 직무 지식이 좋고 역량이 뛰어난 사람이 업무에 조금 좋은 성과를 낼 수 있을지언정 이런 사람들이 태도가 안 좋으면 추후에 부정적인 요소라든가 회의적인 요소 때문에 충분히 앞으로도 같은 사업에 투입될 수가 없습니다. 하지만 역량이 조금 부족하거나 직무 지식이 부족한 사람은 제가 이런 부분을 충분히 보듬어주고 돌봐주면서 같이 끌고 가면 성장할 수 있기 때문에 결국은 직무 지식이나 역량보다는 태도가 훨씬 더 중요한 덕목이라고 생각합니다.","wordCount":170},"emotion":[],"intent":[{"text":"하지만 역량이 조금 부족하거나 직무 지식이 부족한 사람은 제가 이런 부분을   충분히 보듬어주고 돌봐주면서 같이 끌고 가면 성장할 수 있기 때문에 결국은   직무 지식이나 역량보다는 태도가 훨씬 더 중요한 덕목이라고 생각합니다.","expression":"c_value","category":"background"}],"summary":{"text":"직무 지식, 태도, 인성, 역량의 세 가지가 조화로울 때 좋은 직원이 될 수 있지만 이 세 가지를 다 갖춘 직원을 구하기는 정말 힘듭니다. 이 중 가장 으뜸은 바로 태도라고 생각합니다. 태도가 좋은 사람은 팀 리더로서 끝까지 끌고 갈 수 있으며 다른 부서로 보직 전환을 해도 태도가 좋으면 항상 같이 함께 할 수 있기 때문입니다. 결국은 직무 지식이나 역량보다는 태도가 훨씬 더 중요한 덕목이라고 생각합니다.","wordCount":64}}},"rawDataInfo":{"question":{"fileFormat":"wav","fileSize":393998,"duration":12310,"samplingBit":16,"channelCount":1,"samplingRate":"16kHz","audioPath":"/Mock/02.SalesMarketing/Male/Experienced/ckmk_q_sm_m_e_164949.wav"},"answer":{"fileFormat":"wav","fileSize":2801998,"duration":87560,"samplingBit":16,"channelCount":1,"samplingRate":"16kHz","audioPath":"/Mock/02.SalesMarketing/Male/Experienced/ckmk_a_sm_m_e_164949.wav"}}}