{"version":"1.0","dataSet":{"info":{"date":"20230116","occupation":"SM","channel":"MOCK","place":"ONLINE","gender":"MALE","ageRange":"55-","experience":"EXPERIENCED"},"question":{"raw":{"text":"최근 읽고 있는 책이 있다면 그것이 무슨 책인지 궁금합니다 왜 그 책을 읽는지 전부 말씀해 주세요","wordCount":16},"emotion":[],"intent":[]},"answer":{"raw":{"text":"지금 읽고 계신 책이 있는지 있다면 무슨 책인지 궁금합니다 왜 그 책을 읽으시는지도 함께 말씀해 주세요. 예 제가 최근에 읽고 있는 책은 어 바이블 입니다. 아 성경책입니다. 아 이 책을 읽는 거는 어 여러 번을 봤지만은 또한 새롭게 또 보면은 아 변화가 없기 때문에 그렇습니다. 늘 고 속에 그 속에 숨겨져 있는 진주와 같은 그러한 아 말씀이 늘 아 진실이 되고 또한 우리의 속사람을 바꾸고 또한 우리의 인상을 또한 바꿔 주고 또한 많은 사람들에게 유익을 끼치는 그러한 선한 영향력을 끼치기 때문에 바이블을 아 좋아한다고 볼 수 있습니다. 제가 에스엔에스를 통해서 좋은 정보도 얻고 많은 그러한 유익한 그런 부분들을 많이 접하는 경우가 많이 있습니다. 그럼에도 불구하고 바이블을 제가 꾸준히 아 읽고 이렇게 묵상하는 것은 아 그 속에 선한 영향력 아 좋은 점들이 많이 있기 때문에 늘 읽고 있습니다. 그리고 또한 제가 그러한 지혜를 얻을 수 있는 좋은 부분이 또한 그 안에 있다고 생각합니다. 어떻게 보면 현대 사회에서 자기와 자기 이익만을 추구하는 그러한 어 이기적인 그러한 모습들 속에서 살아가고 있지 않습니까 그런 부분에서 어떻게 보면은 자기 자신을 아 수양하고 또한 아 자기 자신을 다시 한번 성찰해 볼 수 있는 그런 부분에서 꼭 필요한 아 책이고 제가 늘 읽음으로 인해서 내 자신의 그러한 아 자기 자신만의 에고이즘에 빠지지 않도록 늘 다시 한 번 어 거울로서 어 살펴보고 있는 그러한 책이기도 합니다. 아 더욱더 어 좋은 면이 많이 부각되길 바랍니다.","wordCount":216},"emotion":[],"intent":[{"text":"","expression":"","category":"attitude"}],"summary":{"text":"제가 최근에 읽고 있는 책은 성경책인 바이블입니다. 성경책은 늘 변화가 없기 때문에 읽습니다. 바이블을 꾸준히 읽고 묵상하는 것은 그 안에 선한 영향력 좋은 점들이 많이 있기 때문에 늘 읽고 있습니다. 자기 자신을 수양하고 자기 자신을 성찰해 볼 수 있는 그런 부분에서 꼭 필요한 책입니다. 아 좋은 면이 많이 부각되길 바랍니다.","wordCount":50}}},"rawDataInfo":{"question":{"fileFormat":"wav","fileSize":275918,"duration":8620,"samplingBit":16,"channelCount":1,"samplingRate":"16kHz","audioPath":"/Mock/02.SalesMarketing/Male/Experienced/ckmk_q_sm_m_e_240454.wav"},"answer":{"fileFormat":"wav","fileSize":3858958,"duration":120590,"samplingBit":16,"channelCount":1,"samplingRate":"16kHz","audioPath":"/Mock/02.SalesMarketing/Male/Experienced/ckmk_a_sm_m_e_240454.wav"}}}