{"version":"1.0","dataSet":{"info":{"date":"20230116","occupation":"SM","channel":"MOCK","place":"ONLINE","gender":"MALE","ageRange":"35-44","experience":"EXPERIENCED"},"question":{"raw":{"text":"남을 잘 이끄는 리더형과 남을 잘 따르는 팔로워형 본인은 어떤 유형이십니까 이유는 무엇인지 설명해 주시길 바랍니다","wordCount":16},"emotion":[],"intent":[]},"answer":{"raw":{"text":"저는 누구보다 남을 잘 이끌어 가는 리더입니다. 기존에 저는 오십 개가 넘는 프로젝트를 진행했고 오십 개의 프로젝트를 거의 다 완성시켰습니다. 그리고 저의 가장 큰 장점은 가 저의 팀원들이 어떤 업무를 각각 잘하는지를 파악하여 그들을 프로젝트에 각각 적재적소에 배분을 한다는 것입니다. 예를 들어서 어떤 사람은 숫자에 뛰어나고 어떤 사람은 팀워크에 뛰어나고 어떤 사람은 창의적인 내용으로 프로그래밍을 잘하는 사람이 있습니다. 그것에 따라서 어떤 사람을 어떻게 배분하고 어떻게 배치해야 되는지는 아무나 할 수 있는 일이 절대 아닙니다. 저는 누군가를 독재나 독산 독단으로 끄는 것이 아니라 그들과 충분한 소통을 통해서 그 그들이 어떤 일을 잘하는지 어떤 일을 하고 싶어하는지 지금까지 어떤 성과를 냈는지를 면밀히 분석해서 리더로서 이렇게 이렇게 업무를 하는 것을 지시하고 이렇게 해서 많은 사람들이 서로 자기의 분야에서 최선을 다하고 좋은 성과를 내서 시너지를 만들 수 있게 하는 능력을 갖고 있습니다. 그래서 누구보다 저는 남을 잘 이끄는 리더형이라고 생각합니다.","wordCount":136},"emotion":[],"intent":[{"text":"그래서 누구보다 저는 남을 잘 이끄는 리더형이라고 생각합니다.","expression":"c_person","category":"background"}],"summary":{"text":"팀원들이 어떤 업무를 잘하는지를 파악하여 그들을 프로젝트에 적재적소에 배분하는 것이 저의 큰 장점입니다. 저는 그들과 충분한 소통을 통해서 그 아이들이 어떤 일을 잘하고 싶어하는지 지금까지 어떤 성과를 냈는지를 면밀히 분석해서 제가 리더형이라고 생각합니다.","wordCount":33}}},"rawDataInfo":{"question":{"fileFormat":"wav","fileSize":427278,"duration":13350,"samplingBit":16,"channelCount":1,"samplingRate":"16kHz","audioPath":"/Mock/02.SalesMarketing/Male/Experienced/ckmk_q_sm_m_e_185507.wav"},"answer":{"fileFormat":"wav","fileSize":2447118,"duration":76470,"samplingBit":16,"channelCount":1,"samplingRate":"16kHz","audioPath":"/Mock/02.SalesMarketing/Male/Experienced/ckmk_a_sm_m_e_185507.wav"}}}