{"version":"1.0","dataSet":{"info":{"date":"20230116","occupation":"SM","channel":"MOCK","place":"ONLINE","gender":"MALE","ageRange":"35-44","experience":"EXPERIENCED"},"question":{"raw":{"text":"동물 실험이 인간에게 주는 이익에 관련해서 말씀해 주세요 그리고 동물 실험에 대한 본인의 생각도 말씀해 주세요","wordCount":16},"emotion":[],"intent":[]},"answer":{"raw":{"text":"네 동물 실험이 인간에게 주는 이익 동물의 희생으로 인한 인간에게 주는 이익은 당연히 엄청날 겁니다. 암세포에 대한 연구 인간의 건강에 대한 연구 뭐 여러 가지 뭐를 인간으로 사람으로 대체하는 실험을 할 수가 없기 때문에 인권 사상 때문에 그런 것들이 동물들이 대체해서 쥐라든지 뭐 돼지라든지 이렇게 동물들을 활용해서 동물 실험이 이루어지는 걸 알고 있는데 어 저는 이게 뭐 대규모적인 희생이 아니라면은 그게 당연히 맞다고 생각합니다. 어쩔 수 없는 상황이고 가장 인간과 디엔에이 적으로나 이런 호르몬 쪽으로 봤을 때 제일 유사한 동물들이 결국은 희생이 될 텐데 그런 부분에서는 최소한의 희생을 통해서 인간의 많은 인간들에게 영향력이 있다면은 저는 찬성하는 부분이고 물론 이게 뭐 대규모로 학살이다 뭐 이런 느낌이 드는 그런 실험을 말하는 게 아닙니다. 그런 부분에서는 꼭 필요한 부분이라고 생각하고 고맙게 생각하는 부분이 될 것 같습니다. 이상입니다.","wordCount":124},"emotion":[],"intent":[{"text":"","expression":"","category":"attitude"}],"summary":{"text":"인간으로 사람을 대체하는 실험을 할 수 없기 때문에 동물들이 대체해서 쥐, 돼지 등을 활용해서 동물 실험이 이루어지는데 대규모적인 희생이 아니라면 당연히 맞다고 생각합니다. 최소한의 희생을 통해서 인간의 많은 인간들에게 영향력이 있다면 찬성하는 부분입니다.","wordCount":33}}},"rawDataInfo":{"question":{"fileFormat":"wav","fileSize":316238,"duration":9880,"samplingBit":16,"channelCount":1,"samplingRate":"16kHz","audioPath":"/Mock/02.SalesMarketing/Male/Experienced/ckmk_q_sm_m_e_194148.wav"},"answer":{"fileFormat":"wav","fileSize":2634318,"duration":82320,"samplingBit":16,"channelCount":1,"samplingRate":"16kHz","audioPath":"/Mock/02.SalesMarketing/Male/Experienced/ckmk_a_sm_m_e_194148.wav"}}}