{"version":"1.0","dataSet":{"info":{"date":"20230116","occupation":"SM","channel":"MOCK","place":"ONLINE","gender":"MALE","ageRange":"35-44","experience":"EXPERIENCED"},"question":{"raw":{"text":"귀하가 입사 후 회사로부터 과도한 실적 압박이 있다면 그때 어떻게 대처할 것인지 그것에 대해서 말씀해 주세요","wordCount":16},"emotion":[],"intent":[]},"answer":{"raw":{"text":"아 만약 상급자가 실적에 대해서 과도하게 압박을 한다는 것은 그 상급자가 이제 승진이나 진급을 앞둔 인원일 것으로 판단이 됩니다. 그리고 이런 실적이 있어야 또 성과가 있어야 또 그런 것들이 종합이 돼서 상급자한테도 좋고 저한테도 좋은 상황이 올 수 있는 상황이 올 건데 뭐 물론 본인 같은 경우에는 뭐 그렇게 승진이나 진급이 앞두고 있지 않아서 그렇게 조급한 마음은 없겠지만 상급자가 그렇게 막 과도하게 압박을 한다는 것은 분명히 그런 이유가 클 겁니다. 이제 시즌 진급 시즌이나 뭐 승진할 수 있는 기회를 잡은 그런 상급자로 판단이 될 수 있을 것 같고 그 부분에 대해서는 최대한 맞춰줘야 할 것 같습니다. 왜냐면 본인의 마음이 급한 것이고 조급하고 오래 안에는 성과를 내고 싶은 그런 마음이 드는 거기 때문에 음 최대한 상급자가 잘 될 수 있게끔 좋은 성과 좋은 팀 선수를 받을 수 있도록 하기 위해서 일단 그 부분에 맞춰서 최대한 음 상급자 분위기에 맞춰서 진행을 할 것 같습니다. 이상입니다.","wordCount":143},"emotion":[],"intent":[{"text":"","expression":"","category":"attitude"}],"summary":{"text":"상급자가 실적에 대해 과도하게 압박을 하는 것은 승진이나 진급을 앞둔 인원일 것으로 판단되며, 조급한 마음보다는 좋은 성과 좋은 팀 선수를 받을 수 있도록 최대한 상급자 분위기에 맞춰서 진행을 할 것 같습니다.","wordCount":31}}},"rawDataInfo":{"question":{"fileFormat":"wav","fileSize":411278,"duration":12850,"samplingBit":16,"channelCount":1,"samplingRate":"16kHz","audioPath":"/Mock/02.SalesMarketing/Male/Experienced/ckmk_q_sm_m_e_194145.wav"},"answer":{"fileFormat":"wav","fileSize":2616078,"duration":81750,"samplingBit":16,"channelCount":1,"samplingRate":"16kHz","audioPath":"/Mock/02.SalesMarketing/Male/Experienced/ckmk_a_sm_m_e_194145.wav"}}}