{"version":"1.0","dataSet":{"info":{"date":"20230116","occupation":"SM","channel":"MOCK","place":"ONLINE","gender":"MALE","ageRange":"55-","experience":"EXPERIENCED"},"question":{"raw":{"text":"창의성과 팀워크 중에 어떤 것이 더 중요할까요 본인이 더 중요하다고 생각되는 것에 대해 말씀해 주시고 그 근거도 함께 들어서 말씀해 주시면 좋겠습니다","wordCount":22},"emotion":[],"intent":[]},"answer":{"raw":{"text":"창의성과 팀워크 중 더 중요한 것은 무엇이라고 생각하십니까. 근거도 함께 들어서 말씀해 주세요. 저는 창의성과 팀워크 중에서 창의성을 더 중요하다고 생각을 합니다. 앞으로의 세상은 어 팀워크를 통해서 많은 일들을 하는 것도 상당히 중요합니다. 하지만 한 사람의 창의성 그 제품 어떠하고자 하는 어 방법들 이러한 독창적인 방법이 아 많은 사람들 구십 프로 이상의 아 직원들의 역할을 감당할 수 있다고 생각합니다. 그래서 아이폰 그리고 테슬라의 머스크의 그러한 스페이스 엑스의 그런 일들 전기차 이런 것들이 나오는 것 아니겠습니까 아마존의 아 회장 이런 독창적인 그런 부분들이 나온다고 생각합니다. 앞으로의 아 세상은 아 독창적이고 창의성이 있는 그러한 제품의 개발 디자인 그리고 방법들 영업하는 영업하고자 하는 그러한 목표들 어떠한 일을 실행하고자 하는 그런 일들을 통하여서 참으로 중요하다고 생각합니다. 그래서 저도 어 영업과 판매 쪽에 일은 했지만은 제가 공대 출신이다 보니까 제품을 개발하고 생산하는 쪽에 관심이 많았습니다. 어떻게 하면 고객과 서로 밀접한 그러한 제품들 어 단순하면서도 그들에게 최고의 히트가 될 수 있는 제품들을 선보일까 그런 그 협업을 많이 했던 것으로 생각이 됩니다. 저도 늘 생각하는 게 독창적인 그러한 제품들이 늘 있어 주어야만이 이 회사가 또한 롱런할 수 있다고 생각을 합니다.","wordCount":173},"emotion":[],"intent":[{"text":"그래서 저도 어 영업과 판매 쪽에 일은 했지만은 제가 공대 출신이다","expression":"c_private","category":"background"}],"summary":{"text":"앞으로의 세상은 팀워크를 통해서 많은 일들을 하는 것도 중요하지만, 한 사람의 독창적인 창의성이 직원들의 역할을 감당해 낼 수 있다고 생각합니다. 독창적이고 창의적인 제품의 개발 디자인 방법들 영업하는 영업하고자 하는 목표들 어떠한 일을 실행하고자 하는 것들을 통하여서 중요하다고 생각하며 독창적 제품들이 늘 있어 주어야만 회사가 롱런할 수 있을 것이라고 생각합니다.","wordCount":49}}},"rawDataInfo":{"question":{"fileFormat":"wav","fileSize":487758,"duration":15240,"samplingBit":16,"channelCount":1,"samplingRate":"16kHz","audioPath":"/Mock/02.SalesMarketing/Male/Experienced/ckmk_q_sm_m_e_240848.wav"},"answer":{"fileFormat":"wav","fileSize":3864398,"duration":120760,"samplingBit":16,"channelCount":1,"samplingRate":"16kHz","audioPath":"/Mock/02.SalesMarketing/Male/Experienced/ckmk_a_sm_m_e_240848.wav"}}}