{"version":"1.0","dataSet":{"info":{"date":"20230116","occupation":"SM","channel":"MOCK","place":"ONLINE","gender":"MALE","ageRange":"45-54","experience":"EXPERIENCED"},"question":{"raw":{"text":"아 최근에 재미있게 하고 있는 일이 있으신가요 어 어떤 일인지 설명해 주시고 그리고 또 왜 그 일이 재미있는지도 함께 설명해 주시면 좋겠습니다","wordCount":22},"emotion":[],"intent":[]},"answer":{"raw":{"text":"저는 그냥 이 지금 이렇게 요즘에 아 구직하고 있는 이 생활 자체가 이 활동 자체가 조금 제가 재미를 느끼는 거 같애요. 네 왜냐하면 쪼금 제가 이게 생소해요. 생소합니다. 어 그러니까 제가 오랫동안 자영업을 했던 그 저의 업 안에서는 쪼금 능숙하고 숙련이 되어 있지만 이런 취업 활동을 하는 것 자체로는 쪼금 새로워서 그래서 이러한 만남 자체가 저 넌 저는 조금 재미가 있어요. 그래서 이렇게 대화하는 것도 재미있고 어떠한 기준으로 말씀을 하시는 건지 제가 다 완전히 이해가 되는 건 아니지만 그래도 제가 아는 한에서 제가 파악할 수 있는 한에서는 생각해 보고 답변을 드리는 거라 이게 뭐 어떤 결과를 알려줄지 그거는 저는 알 수가 없지만 재미가 있어요 그냥 이 활동 자체가.","wordCount":108},"emotion":[{"text":"어 그러니까 제가 오랫동안 자영업을 했던 그 저의 업 안에서는   쪼금 능숙하고 숙련이 되어 있지만 이런 취업 활동을 하는 것 자체로는 쪼금 새로워서   그래서 이러한 만남 자체가 저 넌 저는 조금 재미가 있어요.","expression":"p-interest","category":"positive"}],"intent":[{"text":"","expression":"","category":"attitude"}],"summary":{"text":"요즘 구직하는 생활 자체가 생소하기 때문에 대화도 재미있고 어떠한 기준으로 말씀을 하시는 건지 이해가 잘 되지 않지만 그래도 생각해 보고 답변하는 거라 어떤 결과를 알려줄 수 없지만 그냥 이 활동 자체가 재미있습니다.","wordCount":32}}},"rawDataInfo":{"question":{"fileFormat":"wav","fileSize":466638,"duration":14580,"samplingBit":16,"channelCount":1,"samplingRate":"16kHz","audioPath":"/Mock/02.SalesMarketing/Male/Experienced/ckmk_q_sm_m_e_160374.wav"},"answer":{"fileFormat":"wav","fileSize":2517198,"duration":78660,"samplingBit":16,"channelCount":1,"samplingRate":"16kHz","audioPath":"/Mock/02.SalesMarketing/Male/Experienced/ckmk_a_sm_m_e_160374.wav"}}}