{"version":"1.0","dataSet":{"info":{"date":"20230116","occupation":"SM","channel":"MOCK","place":"ONLINE","gender":"MALE","ageRange":"35-44","experience":"EXPERIENCED"},"question":{"raw":{"text":"어 협업을 하는 과제와 혼자 하는 과제 중에 지원자님께서는 어떤 것을 더 선호하시나요 그리고 그것을 더 선호하는 이유가 있으실 텐데요 그것도 함께 말씀해 주시길 바랍니다","wordCount":25},"emotion":[],"intent":[]},"answer":{"raw":{"text":"네 협업 과제와 혼자 개인 과제 중에서 선호하는 부분과 그 이유에 대해서 답변 드리겠습니다. 두 가지는 장단점이 있을 겁니다. 이 협업 협력 팀워크를 활용해서 하나의 업무를 클리어하고 보완하는 그런 과제가 될 것 같고 이 개인무는 개인의 이제 맡은 파트에 대해서 그 부분에서 완성도를 깊게 할 수 있는 그런 장점이 있을 겁니다. 두 가지는 분명히 장단점이 있을 겁니다. 더 개인 과제 라면은 본인이 더 시간을 할애하고 더 완성도를 키우기 위해서 노력할 수 있는 반면에 데 협업 하는 과제는 어느 정도 목표령이 정해져 있고 또 업무 분담을 하기 때문에 한 제가 맡은 파트 밖에 집중을 못 할 수밖에 없습니다. 그래서 최종 결과물이 나와야 결론을 알 수 있는 그런 관계가 될 것이고 하기 때문에 업무 성향 상 저는 개인이 하는 개인 과제가 더 업무 성향이 맞을 것 같습니다. 좀 완성도를 추구하다 보니 좀 부족한 부분이나 이런 걸 더 보완하고 싶은 거를 개인 욕심에 의해서 최대 치까지 끌 올릴 수 있다고 생각하기 때문에 저는 이제 완벽성이나 이런 걸 나타낼 때는 개인 과제를 더욱 더 선호하는 것 같습니다. 네 이상입니다.","wordCount":165},"emotion":[],"intent":[{"text":"이 협업 협력 팀워크를 활용해서 하나의 업무를 클리어하고 보완하는 그런 과제가 될 것 같고 이 개인무는 개인의 이제 맡은 파트에 대해서 그 부분에서 완성도를 깊게 할 수 있는 그런 장점이 있을 겁니다.","expression":"c_cop","category":"personality"}],"summary":{"text":"협업 과제는 어느 정도 목표령이 정해져 있고 업무 분담을 하기 때문에 한 제가 맡은 파트 밖에 집중을 못 할 수밖에 없기 때문에 최종 결과물이 나와야 결론을 알 수 있는 관계이기 때문에 개인 과제를 더 선호하는 것 같습니다. 개인 욕심에 의해서 최대 치까지 끌어 올릴 수 있다고 생각하기 때문에 완벽성이나 이런 걸 나타낼 때는 개인 과제를 더욱 더 선호합니다.","wordCount":58}}},"rawDataInfo":{"question":{"fileFormat":"wav","fileSize":521678,"duration":16300,"samplingBit":16,"channelCount":1,"samplingRate":"16kHz","audioPath":"/Mock/02.SalesMarketing/Male/Experienced/ckmk_q_sm_m_e_217006.wav"},"answer":{"fileFormat":"wav","fileSize":2651598,"duration":82860,"samplingBit":16,"channelCount":1,"samplingRate":"16kHz","audioPath":"/Mock/02.SalesMarketing/Male/Experienced/ckmk_a_sm_m_e_217006.wav"}}}