{"version":"1.0","dataSet":{"info":{"date":"20230116","occupation":"SM","channel":"MOCK","place":"ONLINE","gender":"MALE","ageRange":"-34","experience":"EXPERIENCED"},"question":{"raw":{"text":"본인의 장점과 단점을 설명해 주시고 그것을 특화하고 극복하기 위해 한 노력도 함께 말씀해 주시기 바랍니다","wordCount":15},"emotion":[],"intent":[]},"answer":{"raw":{"text":"저의 장점은 활발하다는 것입니다. 제 성격이 워낙 활발하기 때문에 언제 어디서 누구를 만나더라도 대화를 잘 이어나가고 분위기를 잘 띄우는 역할을 하고 있습니다. 특히 영업 사원에게는 활발한 성격이 굉장히 큰 도움이 된다고 생각합니다. 영업 직원은 다양한 사람들을 만나서 커뮤니케이션을 이어나가야 되는 사람입니다. 이를 통해서 고객들에게 제품과 서비스도 판매를 하려면 활발한 성격이 필수라고 생각합니다. 반대로 저의 단점은 너무 꼼꼼하다는 것입니다. 제가 일을 할 때 완벽하게 하고 싶어하는 성향을 가지고 있기 때문에 일을 하면서 시간이 오래 걸리고 꼼꼼하게 하려다 보니 오래 일을 해야 되는 경우가 많이 발생 했었습니다.","wordCount":85},"emotion":[],"intent":[{"text":"저의 장점은 활발하다는 것입니다.","expression":"c_person","category":"background"},{"text":"제 성격이 워낙 활발하기 때문에 언제 어디서 누구를 만나더라도 대화를 잘 이어나가고 분위기를 잘 띄우는 역할을 하고 있습니다.","expression":"c_person","category":"background"}],"summary":{"text":"저는 성격이 활발하기 때문에 어떤 사람들을 만나더라도 대화를 잘 이어나가고 분위기를 잘 띄우는 역할을 하고 있습니다. 하지만 꼼꼼하다는 단점은 제가 완벽한 성향을 가지고 있어서 일을 하면서 시간이 오래걸리는 경우가 많이 발생 했었습니다.","wordCount":32}}},"rawDataInfo":{"question":{"fileFormat":"wav","fileSize":389198,"duration":12160,"samplingBit":16,"channelCount":1,"samplingRate":"16kHz","audioPath":"/Mock/02.SalesMarketing/Male/Experienced/ckmk_q_sm_m_e_240056.wav"},"answer":{"fileFormat":"wav","fileSize":2640078,"duration":82500,"samplingBit":16,"channelCount":1,"samplingRate":"16kHz","audioPath":"/Mock/02.SalesMarketing/Male/Experienced/ckmk_a_sm_m_e_240056.wav"}}}