{"version":"1.0","dataSet":{"info":{"date":"20230116","occupation":"SM","channel":"MOCK","place":"ONLINE","gender":"MALE","ageRange":"45-54","experience":"EXPERIENCED"},"question":{"raw":{"text":"어 창의성과 팀워크 그 두 가지 다 굉장히 중요한 것인데요 지원자님이 생각하시기에 그 두 가지 중에 더 중요한 것은 무엇이라고 생각하시나요 그리고 그 근거도 함께 들어서 말씀해 주시길 바랍니다","wordCount":29},"emotion":[],"intent":[]},"answer":{"raw":{"text":"창의성이죠. 네 사람은 이 창의적인 머리가 있어야 뭐든지 그 무슨 큰 일을 하더라도 하는 거 같애요. 그런 의미에서 저의 일이 그런 분들이 많이 나온다면 저 역시 그 영향에 이미 힘입어 그 분위기를 타서 같이 이제 업될 수 있는 그런 일이기 때문에 그러한 창의적인 그 에너지 그리고 어떤 그 시 넓은 시야 이런 것들을 보고 좀 네 찍기도 잘 해야 될 것 같고 찍기가 아닌 나름의 어떤 수학적 계산이 있다면 그런 걸 통해서라도 잘 분석을 해서 네 선택을 해야지 또 큰 대박을 또 터트릴 수 있을 것 같고 네 뭐 모든 게 다 창의성 아니겠어요. 복권도 마찬가지죠. 네 저는 그러한 복권들을 많이 판매를 해서 제가 그 영향을 조금 네 받을 수 있는 게 저희 희망 사항입니다.","wordCount":115},"emotion":[],"intent":[{"text":"","expression":"","category":"attitude"}],"summary":{"text":"창의적인 두뇌가 있어야 큰 일을 할 수 있는 것 같습니다. 복권도 마찬가지입니다. 복권을 많이 판매를 해서 제가 그 영향을 조금 받을 수 있는 게 저의 희망 사항입니다.","wordCount":27}}},"rawDataInfo":{"question":{"fileFormat":"wav","fileSize":602318,"duration":18820,"samplingBit":16,"channelCount":1,"samplingRate":"16kHz","audioPath":"/Mock/02.SalesMarketing/Male/Experienced/ckmk_q_sm_m_e_179694.wav"},"answer":{"fileFormat":"wav","fileSize":2910798,"duration":90960,"samplingBit":16,"channelCount":1,"samplingRate":"16kHz","audioPath":"/Mock/02.SalesMarketing/Male/Experienced/ckmk_a_sm_m_e_179694.wav"}}}