{"version":"1.0","dataSet":{"info":{"date":"20230116","occupation":"SM","channel":"MOCK","place":"ONLINE","gender":"MALE","ageRange":"45-54","experience":"EXPERIENCED"},"question":{"raw":{"text":"어려운 문제를 해결하기 위해 어떤 아이디어를 제안하였고 무엇을 하였나요","wordCount":9},"emotion":[],"intent":[]},"answer":{"raw":{"text":"아 제가 예전에 음 공개적인 판매를 하는 자리였는데요. 그때 이제 그 판매를 해야 되는 상품이 그까 그 거래 업체가 이제 부도 위기라 그 부도를 바로 앞둔 그래서 사실상 이제 처분을 해야 되는 상품들을 그런 위기의 업체였는데 제가 그때 그 업체 사장님 대표님을 모셔서 그냥 조금 공개적으로 이 업체가 상황 위 그 위기에 처하 처한 상황을 그대로 노출을 시키고 네 소비자들에게 고객들에게 그렇기 때문에 이게 이렇게 저렴하게 나올 수 있었고 그렇기 때문에 이거는 이제 앞으로 잘 볼 수 없는 희소성 있는 상품이다 라고 하면서 어필을 하면서 얘기를 했는데 어 그게 아주 잘 통해서 네 다 팔렸습니다. 품절이었습니다 그때. 그래서 그 대표님이 너무나 너무나 감사해 하셨던 기억이 지금 생각이 납니다.","wordCount":108},"emotion":[],"intent":[{"text":"","expression":"","category":"attitude"}],"summary":{"text":"부도 위기에 처한 거래 업체의 상황을 노출시키고 희소성 있는 상품이다 라고 어필하였는데 잘 통해서 네 다 팔렸습니다. 대표님이 너무나 감사해 하셨던 기억이 지금 납니다.","wordCount":24}}},"rawDataInfo":{"question":{"fileFormat":"wav","fileSize":452558,"duration":14140,"samplingBit":16,"channelCount":1,"samplingRate":"16kHz","audioPath":"/Mock/02.SalesMarketing/Male/Experienced/ckmk_q_sm_m_e_111579.wav"},"answer":{"fileFormat":"wav","fileSize":2773198,"duration":86660,"samplingBit":16,"channelCount":1,"samplingRate":"16kHz","audioPath":"/Mock/02.SalesMarketing/Male/Experienced/ckmk_a_sm_m_e_111579.wav"}}}