{"version":"1.0","dataSet":{"info":{"date":"20230116","occupation":"SM","channel":"MOCK","place":"ONLINE","gender":"MALE","ageRange":"35-44","experience":"EXPERIENCED"},"question":{"raw":{"text":"지원자분께서 입사하셨는데 만약에 지원자분에게 영업소 소장이라는 직책이 주어진다면 그 후에 어떻게 영업소를 운영해 나가실지 그것에 대해서 말씀해 주십시오","wordCount":18},"emotion":[],"intent":[]},"answer":{"raw":{"text":"아 제가 만약에 하나의 파트에 영업소의 소장 팀장 이제 책임자라는 직책이 주어진다면은 어 그런 부분에 대해서는 경험이 또 있습니다. 결국은 영업소 소장이면 하나의 그 영업장을 책임지는 부분인데 결국은 본사가 있을 것이고 본사에 이제 상급자가 있을 것이고 할 겁니다. 결국은 중간 관리자라고 생각합니다. 어차피 영업소 소장이라는 것은 결국은 그 부분만 책임지는 거기 때문에 어 정말 내 성과를 극대화시킬 수 있는 제일 좋은 위치이지 않을까 싶습니다. 그렇게 할려면은 본인만 열심히 해서는 절대 그 영업소가 영업장이 확대 되거나 성장할 수 없다고 생각합니다. 어 거기 영업소 영업장에 있는 직원들 간의 목표가 같아야 할 것이고 어느 정도 성과를 내기 위한 그런 방향이 정해져야 거기가 이제 커지고 이제 성과가 있을 걸로 판단되는데 이제 거기에 있는 직원들과의 그런 인간관계라든지 아 믿음 신뢰 이런 것들이 갖춰지는 게 제일 가장 중요할 것 같습니다. 그런 부분들에 있어서는 어 경험이 있기 때문에 이 맡아진다면 최선을 다할 수 있을 것 같습니다. 이상입니다.","wordCount":140},"emotion":[],"intent":[{"text":"","expression":"","category":"attitude"}],"summary":{"text":"하나의 파트에 영업소의 소장 팀장이라는 직책이 주어진다면, 그 영업장에 있는 직원들 간의 목표가 같아야 하고 성과를 내기 위한 방향이 정해져야 성과가 있을 걸로 판단되는데 거기에 있는 직원들과의 인간관계, 믿음 신뢰 이런 것들이 갖춰지는 게 가장 중요할 것 같습니다.","wordCount":38}}},"rawDataInfo":{"question":{"fileFormat":"wav","fileSize":522958,"duration":16340,"samplingBit":16,"channelCount":1,"samplingRate":"16kHz","audioPath":"/Mock/02.SalesMarketing/Male/Experienced/ckmk_q_sm_m_e_214698.wav"},"answer":{"fileFormat":"wav","fileSize":2777038,"duration":86780,"samplingBit":16,"channelCount":1,"samplingRate":"16kHz","audioPath":"/Mock/02.SalesMarketing/Male/Experienced/ckmk_a_sm_m_e_214698.wav"}}}