{"version":"1.0","dataSet":{"info":{"date":"20230116","occupation":"SM","channel":"MOCK","place":"ONLINE","gender":"MALE","ageRange":"55-","experience":"EXPERIENCED"},"question":{"raw":{"text":"사람들과 협업을 하면서 가장 어렵게 느껴졌던 것은 무엇이었나요 그리고 그것은 어떻게 극복했는지도 말씀해 주세요","wordCount":14},"emotion":[],"intent":[]},"answer":{"raw":{"text":"어 협업을 한다는 것은 대단히 중요합니다. 특별히 인제 팀별로 협업을 많이 하게 되는데요. 팀장이와 팀은 네 명이 있다고 봤을 때 일반적으로 에이 와 비는 서로 협업하게 하고 씨와 디는 서로 협업을 하게 합니다. 그 팀장이 전체를 이제 주관을 하게 되는데요. 에이 비 가 협업을 하는 과정에서 각자 맡은 분야가 또 있죠 공통적 사항도 있지만 그런데 갑자기 에이가 집안에 급한 일이 생겨서 어 비가를 하는 사이 발생할 수 있습니다. 이러한 일들이 실질적으로 발생을 했다고 가정한다면 비는 에이 의 공백을 메울 수 있다는 거죠. 그래서 이러한 형태로 해서 에이 비 가 서로 어 각자의 역할도 있지만 공통된 사항으로 서로 업무를 크로스 체크하게 되면 결국 협업을 통해서 팀 전체 프로젝트가 수행하는데 문제 없이 갈 수 있다는 거죠. 그래서 일반적으로 어 팀별로 협업을 하게 되면 어 팀원의 구성원들끼리 협업을 할 수 있도록 구성을 하는 게 중요하고요. 팀장은 전체적인 상황에서 이러한 사항을 잘 확인해서 전제 프로젝트가 제 시간에 완성되도록 하는 것이 매우 중요하다 라고 생각합니다.","wordCount":150},"emotion":[],"intent":[{"text":"어 협업을 한다는 것은 대단히 중요합니다.","expression":"c_cop","category":"personality"},{"text":"에이 비 가 협업을 하는 과정에서 각자 맡은 분야가 또 있죠 공통적 사항도 있지만 그런데 갑자기 에이가 집안에 급한 일이 생겨서 어 비가를 하는 사이 발생할 수 있습니다.","expression":"c_cop","category":"personality"},{"text":"그래서 이러한 형태로 해서 에이 비 가 서로 어 각자의 역할도 있지만 공통된 사항으로 서로 업무를 크로스 체크하게 되면 결국 협업을 통해서 팀 전체 프로젝트가 수행하는데 문제 없이 갈 수 있다는 거죠.","expression":"c_cop","category":"personality"},{"text":"그래서 일반적으로 어 팀별로 협업을 하게 되면 어 팀원의 구성원들끼리 협업을 할 수 있도록 구성을 하는 게 중요하고요.","expression":"c_cop","category":"personality"},{"text":"팀장은 전체적인 상황에서 이러한 사항을 잘 확인해서 전제 프로젝트가 제 시간에 완성되도록 하는 것이 매우 중요하다 라고 생각합니다.","expression":"c_cop","category":"personality"}],"summary":{"text":"팀별로 협업을 많이 하게 되는데, 일반적으로 에이 와 비는 서로 협업하게 하고 씨디는 서로 협업을 하게 합니다. 팀장이 전체를 주관하게 되었는데, 에이 비의 협업 과정에서 각자의 맡은 분야가 있습니다. 공통된 사항으로 업무를 크로스 체크하게 되면 결국 협업을 통해서 팀 전체 프로젝트가 수행하는데 문제 없이 갈 수 있다는 것입니다.","wordCount":48}}},"rawDataInfo":{"question":{"fileFormat":"wav","fileSize":312398,"duration":9760,"samplingBit":16,"channelCount":1,"samplingRate":"16kHz","audioPath":"/Mock/02.SalesMarketing/Male/Experienced/ckmk_q_sm_m_e_246479.wav"},"answer":{"fileFormat":"wav","fileSize":2908878,"duration":90900,"samplingBit":16,"channelCount":1,"samplingRate":"16kHz","audioPath":"/Mock/02.SalesMarketing/Male/Experienced/ckmk_a_sm_m_e_246479.wav"}}}