{"version":"1.0","dataSet":{"info":{"date":"20230116","occupation":"SM","channel":"MOCK","place":"ONLINE","gender":"MALE","ageRange":"-34","experience":"EXPERIENCED"},"question":{"raw":{"text":"지원자님께서는 직무를 수행할 때 난관에 봉착했다면 어떤 방식으로 좀 해결을 하시나요 지원자님만의 좀 그런 해결 방법 난관 해결 방법과 이유를 함께 설명을 좀 부탁드리고 싶습니다","wordCount":25},"emotion":[],"intent":[]},"answer":{"raw":{"text":"인수인계 노트를 잘 살펴봐야 된다 고 생각합니다. 인수인계 노트라는 것은 전임자가 전임자가 제 자리에서 일했을 때 다음 사람들이 여기 자리에 와서도 이것을 보고 조금 업무를 이어나가라 하는 그런 마음에서 자기가 일 했던것들을 정리해 놓은 것이잖아요. 그 인수인계 노트를 봤을 때 나오지 않는 말이라고 할지라도 그 행간과 행간에는 다 정답이 있다고 생각을 해요. 그래서 모르는 문제가 발견했을 때 무작정 전임자에게 전화를 하거나 성사를 찾아가서 질문을 하거나 하기 전에 우선 제가 할 수 있는 최선의 노력을 다 한 후에 저는 그것이 인수인계 노트를 살펴보는 것이라고 생각을 하고 인수인계 노트를 거의 다 암기가 될 정도로 보고 나서 그래도 난관을 헤쳐나갈 수 없다면 그때가 진정한 난관에 봉착한 것이라고 생각을 합니다. 이제 그때는 어쩔 수 없죠 질문을 해야죠. 문제 해결을 위해서.","wordCount":116},"emotion":[],"intent":[{"text":"","expression":"","category":"attitude"}],"summary":{"text":"인수인계 노트라는 것은 전임자가 제 자리에서 일했을 때 다음 사람들이 여기 와서 업무를 이어나가라 하는 마음에서 자신이 일했던것들을 정리해 놓은 것입니다. 문제 해결을 위해서 질문해야 합니다.","wordCount":26}}},"rawDataInfo":{"question":{"fileFormat":"wav","fileSize":672078,"duration":21000,"samplingBit":16,"channelCount":1,"samplingRate":"16kHz","audioPath":"/Mock/02.SalesMarketing/Male/Experienced/ckmk_q_sm_m_e_199460.wav"},"answer":{"fileFormat":"wav","fileSize":2563278,"duration":80100,"samplingBit":16,"channelCount":1,"samplingRate":"16kHz","audioPath":"/Mock/02.SalesMarketing/Male/Experienced/ckmk_a_sm_m_e_199460.wav"}}}