{"version":"1.0","dataSet":{"info":{"date":"20230116","occupation":"SM","channel":"MOCK","place":"ONLINE","gender":"MALE","ageRange":"35-44","experience":"EXPERIENCED"},"question":{"raw":{"text":"지원자님께서는 시간이 남으실 때 어떠한 일을 하시는지 그리고 그 일을 하는 이유가 어떠한 것인지에 대해서 말씀을 부탁드리겠습니다","wordCount":17},"emotion":[],"intent":[]},"answer":{"raw":{"text":"시간이 남을 때는 저는 예전에는 독서를 많이 했었습니다. 하지만 요즘은 독서는 단방향 통신이라 많은 정보를 얻기보다는 졸립거나 또는 지루한 경향들이 많아 저는 온라인 사이트에서 필요한 강의를 수강합니다. 요즘은 온라인 사이트에 어떤 개인적인 지식 또는 사회적인 트렌드에 대한 강의들이 생각보다 많습니다. 제 전문 분야는 빅데이타 인공지능 분야이기 때문에 어떻게 빅데이타 관련된 프로그램을 구성하고 만들 수 있는지 그렇게 빅데이타 프로그램을 만들어서 앞으로 산업이나 회사에서 어떻게 활용할지에 대한 고민을 많이 합니다. 특히나 요즘은 빅데이타 기반으로 머신 러닝 및 인공지능을 통한 많은 광고 시스템 온라인 마케팅 시스템이 잘 발달되어 있습니다. 예를 들어 페이스북이나 인스타 같은 경우는 단순히 그냥 광고만 돌리면 또는 어떤 피드만 올리면 모든 것들이 많은 사람들에게 노출될 것 같지만 요즘 인공지능은 각각에 맞는 알고리즘을 통해서 그 사람들에게 저의 동영상이나 글들이 노출되게 됩니다. 이런 기본적인 원리를 많이 배워 놓으면 추후에 인공지능이 지배하는 세상에서 제가 이 소프트웨어 전문가가 되지 않을까 라는 생각 때문에 지속적으로 강의를 수강하고 있습니다.","wordCount":143},"emotion":[],"intent":[{"text":"","expression":"","category":"attitude"}],"summary":{"text":"요즘에는 온라인 사이트에서 필요한 강의를 수강합니다. 전문 분야는 빅데이터 인공지능 분야이기 때문에 관련 프로그램을 구성하고 만들 수 있는지, 프로그램을 만들어서 어떻게 활용할지에 대한 고민을 많이 합니다. 특히 요즘은 빅데이터 기반으로 머신 러닝 및 인공지능을 통한 광고 시스템 온라인 마케팅 시스템이 잘 발달되어 있습니다.","wordCount":43}}},"rawDataInfo":{"question":{"fileFormat":"wav","fileSize":438478,"duration":13700,"samplingBit":16,"channelCount":1,"samplingRate":"16kHz","audioPath":"/Mock/02.SalesMarketing/Male/Experienced/ckmk_q_sm_m_e_185509.wav"},"answer":{"fileFormat":"wav","fileSize":2750158,"duration":85940,"samplingBit":16,"channelCount":1,"samplingRate":"16kHz","audioPath":"/Mock/02.SalesMarketing/Male/Experienced/ckmk_a_sm_m_e_185509.wav"}}}