{"version":"1.0","dataSet":{"info":{"date":"20230116","occupation":"SM","channel":"MOCK","place":"ONLINE","gender":"MALE","ageRange":"35-44","experience":"EXPERIENCED"},"question":{"raw":{"text":"우리 회사에 들어오면 기존과는 업무 스타일이 달라질 수도 있는데요 지원자님은 이런 다른 업무 스타일에 대체로 잘 적응하는 편이신가요","wordCount":18},"emotion":[],"intent":[]},"answer":{"raw":{"text":"어 지금 여기 회사에 들어오게 되면 기존과 업무 스타일이 달라지는 부분 또 다른 업무에 대해서 잘 적응할 수 있는 부분에 대해서 답변 드리겠습니다. 어 이거는 당연한 원리이고 당연한 이치이기 때문에 그만한 마음의 준비는 충분히 하고 있는 것 같습니다. 어 회사에서 팀만 바뀌어도 각 자기가 있었던 부서만 바뀌어도 업무 스타일이 확 달라집니다. 근데 회사가 바뀌었습니다. 회사가 바뀌었는데 업무 스타일이 다른 건 당연한 것이고 또 그 회사만의 스타일이 분명히 있다고 생각합니다. 그 부분이 무엇인지를 빨리 캐치하고 적응해서 그 팀원 그 부서에 녹아 들을 수 있는 게 가장 중요할 것 같고 그런 부분에서 바뀌는 업무에 대해서는 또 경험이 많이 있기 때문에 전혀 문제가 될 것 같지는 않고 어 본인의 역할이 더 제일 중요할 것 같습니다. 얼마나 진심을 다해서 적응하려 하고 그 팀먼 들가의 융화를 잘 일으키냐에 따라서 어 그 부분에 대해서 그 팀원에 대한 도움이 되지 않을까 싶습니다. 네 이상으로 답변 마추겠습니다.","wordCount":139},"emotion":[],"intent":[{"text":"","expression":"","category":"attitude"}],"summary":{"text":"회사만의 스타일이 분명히 있고 그 부분을 빨리 캐치하고 적응해서 그 팀원 그 부서에 녹아 들을 수 있는 게 가장 중요하다고 생각합니다. 얼마나 진심을 다해서 적응하려 하고 그 팀먼들의 융화를 잘 일으키냐에 따라서 그 부분에 대해서 그 팀원에 대한 도움이 되지 않을까 싶습니다.","wordCount":42}}},"rawDataInfo":{"question":{"fileFormat":"wav","fileSize":576078,"duration":18000,"samplingBit":16,"channelCount":1,"samplingRate":"16kHz","audioPath":"/Mock/02.SalesMarketing/Male/Experienced/ckmk_q_sm_m_e_214701.wav"},"answer":{"fileFormat":"wav","fileSize":2666318,"duration":83320,"samplingBit":16,"channelCount":1,"samplingRate":"16kHz","audioPath":"/Mock/02.SalesMarketing/Male/Experienced/ckmk_a_sm_m_e_214701.wav"}}}