{"version":"1.0","dataSet":{"info":{"date":"20230116","occupation":"SM","channel":"MOCK","place":"ONLINE","gender":"MALE","ageRange":"55-","experience":"EXPERIENCED"},"question":{"raw":{"text":"만약 일을 하다가 직무가 적성에 맞지 않는 것을 발견하게 되는 상황이 올 수 있는데요 어 이렇게 직무가 적성에 맞지 않는다는 것을 알게 된다면 어 이런 상황에는 어떻게 대처를 하실 것인지 어 말씀해 주세요","wordCount":33},"emotion":[],"intent":[]},"answer":{"raw":{"text":"일단 적성에 맞지 않는 일이라도 일단 주어진 업무에 대해서는 책임감을 가지고 끝까지 노력하겠습니다. 노력해서도 어떤 성과를 내지 못하면 생각을 다시 한번 해보겠습니다. 그래서 제가 업무적으로 즐거움을 가지고 성과를 낼 수 있는 그런 적성을 찾아서 다른 직무를 맡도록 하겠습니다.","wordCount":38},"emotion":[],"intent":[{"text":"","expression":"","category":"attitude"}],"summary":{"text":"주어진 업무에 대해 책임감을 가지고 끝까지 노력하겠습니다. 노력해서도 성과를 내지 못하면 다른 직무를 맡겠습니다. 적성을 찾아 다른 직무에 맡도록 하겠습니다.","wordCount":20}}},"rawDataInfo":{"question":{"fileFormat":"wav","fileSize":577998,"duration":18060,"samplingBit":16,"channelCount":1,"samplingRate":"16kHz","audioPath":"/Mock/02.SalesMarketing/Male/Experienced/ckmk_q_sm_m_e_216677.wav"},"answer":{"fileFormat":"wav","fileSize":1470478,"duration":45950,"samplingBit":16,"channelCount":1,"samplingRate":"16kHz","audioPath":"/Mock/02.SalesMarketing/Male/Experienced/ckmk_a_sm_m_e_216677.wav"}}}