{"version":"1.0","dataSet":{"info":{"date":"20230116","occupation":"SM","channel":"MOCK","place":"ONLINE","gender":"MALE","ageRange":"35-44","experience":"EXPERIENCED"},"question":{"raw":{"text":"지원자님의 전공과 관련해 최근 부족하다고 느끼고 따로 공부하고 있는 분야가 있나요","wordCount":11},"emotion":[],"intent":[]},"answer":{"raw":{"text":"제가 요즘 많이 부족하다고 느끼는 것은 바로 네트워크와 통신 분야입니다. 제가 졸업할 무렵만 해도 통신에 대한 목 프로토콜이 그렇게 많이 개발이 되어 있지 않아서 유선통신 또는 알에스 이 삼이 많게는 이더넷 통신만 알면 됐었습니다. 하지만 요즘은 무선 통신도 많고 무선도 근거리 통신 또는 장거리 통신 어떻게 하면 엑세스 포인트라든가 이런 거를 배치하여 신호 간섭을 줄일 수 있는지 알에프아이디는 어떻게 움직이고 아이오티하고 어떻게 연동할 수 있는지에 대한 많은 프로토콜이 개발돼었습니다. 요즘 트렌드는 이 삼 년에 한 번씩 새로운 네트워크나 프로그램이나 인공지능이 발달하기 때문에 그것들을 접목하기 위해서는 저는 네트워크 및 무선통신에 대해서 많은 공부를 해야 했습니다. 특히나 쓰리지 포지 엘티이 파이브지의 차이는 무엇인지 알에프아이디와 블루스 투스의 차이는 뭔지 근거리 통신과 엔에프씨의 차이는 무엇인지 각각에 어떤 문제가 있고 어떨 때 어떤 통신 프로토콜을 사용해야 되는지에 대한 명확한 답을 줄 수 있는 사람이 없기 때문에 저 역시도 그것을 공부해서 회사 및 개발 업무에 많은 도움을 받고 있습니다.","wordCount":143},"emotion":[],"intent":[{"text":"","expression":"","category":"attitude"}],"summary":{"text":"요즘 네트워크와 통신 분야는 새로운 네트워크나 프로그램, 인공지능이 발달하기 때문에 더 많은 공부를 해야 하기 때문에 회사 및 개발 업무에 도움을 받고 있습니다.","wordCount":23}}},"rawDataInfo":{"question":{"fileFormat":"wav","fileSize":419278,"duration":13100,"samplingBit":16,"channelCount":1,"samplingRate":"16kHz","audioPath":"/Mock/02.SalesMarketing/Male/Experienced/ckmk_q_sm_m_e_195791.wav"},"answer":{"fileFormat":"wav","fileSize":2439758,"duration":76240,"samplingBit":16,"channelCount":1,"samplingRate":"16kHz","audioPath":"/Mock/02.SalesMarketing/Male/Experienced/ckmk_a_sm_m_e_195791.wav"}}}