{"version":"1.0","dataSet":{"info":{"date":"20230116","occupation":"SM","channel":"MOCK","place":"ONLINE","gender":"MALE","ageRange":"35-44","experience":"EXPERIENCED"},"question":{"raw":{"text":"경영학을 전공하셨는데요 이번 영업 관리 직무를 지원하기 위해서 전공을 선택할 것인지 그게 아니라면 처음 자신의 전공을 선택한 이유는 무엇인지 설명해 보세요","wordCount":21},"emotion":[],"intent":[]},"answer":{"raw":{"text":"아 영업 관리 직무를 지원하기 위해서 어 전공을 선택했다기보다는 일단 경영학 쪽을 전공을 했습니다. 경영 쪽에는 모든 게 다 포함이 될 텐데 뭐 영업도 될 것이고 서비스 뭐 여러 가지가 다 적용이 될 것 같습니다. 그 경영 했을 때 이제 선택 과목 중에서 전공 과목 중에서 이제 유통 쪽으로도 많이 했었는데 이제 그런 것들이 다 모든 게 포괄적으로 갖춰져야 영업 관리를 하거나 영업 관리에서 성공할 수 있기 때문에 지금도 하고 있고 또 유통이나 뭐 영업 쪽으로 관련된 뭐 자격증이라든지 뭐 개인적으로 필요한 경험이라든지 이런 것들을 쌓고 있는 중입니다. 그리고 전 회사에서도 영업 관리 직무를 한 오 년 정도 했기 때문에 영업에 대해서는 뭐 누구보다 잘 할 수 있다 이건 아니지만 또 영업에 대해서 기본적인 직무 지식이나 노하우 이런 것들은 충분히 가졌다고 생각합니다. 그래서 영업 관리 직무를 지원하게 되었고 제일 잘 할 수 있는 분야이고 제일 회사에 이익을 줄 수 있는 그런 역할이라고 생각합니다. 그러므로 영업 관리 직무를 지원했고 꼭 된다면 꼭 잘 활용할 수 있을 것 같습니다. 이상입니다.","wordCount":158},"emotion":[{"text":"아 영업 관리 직무를 지원하기 위해서 어 전공을 선택했다기보다는 일단 경영학 쪽을 전공을 했습니다.","expression":"u-fact","category":"neutral"}],"intent":[{"text":"그래서 영업 관리 직무를 지원하게 되었고 제일 잘 할 수 있는 분야이고 제일 회사에 이익을 줄 수 있는   그런 역할이라고 생각합니다.","expression":"c_sincere_co","category":"etc"}],"summary":{"text":"영업 관리 직무를 지원하기 위해서 경영학 쪽을 전공했습니다. 경영을 할 때 전공 과목 중에서 유통 쪽으로도 많이 했었는데 이런 것들이 다 포괄적으로 갖춰져야 영업 관리나 영업 관리에서 성공할 수 있기 때문에 지금 하고 있고, 유통이나 영업 쪽으로 관련된 자격증이나 개인적인 경험들을 쌓고 있는 중입니다.","wordCount":44}}},"rawDataInfo":{"question":{"fileFormat":"wav","fileSize":550478,"duration":17200,"samplingBit":16,"channelCount":1,"samplingRate":"16kHz","audioPath":"/Mock/02.SalesMarketing/Male/Experienced/ckmk_q_sm_m_e_191807.wav"},"answer":{"fileFormat":"wav","fileSize":2673358,"duration":83540,"samplingBit":16,"channelCount":1,"samplingRate":"16kHz","audioPath":"/Mock/02.SalesMarketing/Male/Experienced/ckmk_a_sm_m_e_191807.wav"}}}