{"version":"1.0","dataSet":{"info":{"date":"20230116","occupation":"SM","channel":"MOCK","place":"ONLINE","gender":"MALE","ageRange":"35-44","experience":"EXPERIENCED"},"question":{"raw":{"text":"본인의 장점과 단점을 설명해 주시고 그것을 특화시키고 극복하기 위한 노력도 함께 말씀 부탁드립니다","wordCount":13},"emotion":[],"intent":[]},"answer":{"raw":{"text":"어 저의 이제 장점과 단점에 대해서 말씀드리겠습니다. 일단 장점이라 하면은 본인이 생각했을 때 제일 자신 있는 분야 또는 뭐 장점으로 여길만한 성격 뭐 이런 것들이 될 수 있을 것 같습니다. 그래서 장점 같은 장점과 단점은 동일하게 적용될 수 있을 것 같습니다. 일단 장점은 제가 시간 관리나 뭐 이런 계획성 있게 좀 하루를 진행하다 보니까 이런 남들이 봤을 때 여유로워 보이거나 조금 어 한가해 보인다 이렇게 느낀다고 보인다고 합니다. 이제 그게 장점이 되는 부분에는 그만큼 시간 관리나 어 놓치지 않게끔 꼼꼼하게 계획성이 있기 때문에 그런 여유를 가질 수 있는 부분에서 장점이 될 수 있을 것 같고 또한 이제 단점으로 보자면은 그게 오히려 이제 반대로 봤을 때는 어 너무 한가해 보인다거나 저 친구는 어 업무에 대한 열정이 낮나 이렇게 보일 수 있었기 때문에 그게 더 장점이자 단점이 될 수도 있을 것 같습니다. 그래서 그런 부분을 특화시키기 위해서 제가 노력했던 부분은 그런 모습이 보이지만 어 놓치는 부분이 없고 오히려 더 업무 성과나 어 회사의 이익에 앞장서는 부분을 보인다면 그렇게 보이지 않을 거기 때문에 그걸 극복하기 위해 노력했던 것 같습니다. 이상입니다.","wordCount":167},"emotion":[],"intent":[{"text":"이제 그게 장점이 되는 부분에는 그만큼 시간 관리나   어 놓치지 않게끔 꼼꼼하게 계획성이 있기 때문에 그런 여유를 가질 수 있는 부분에서 장점이 될 수 있을 것 같고   또한 이제 단점으로 보자면은 그게 오히려 이제 반대로 봤을 때는 어 너무 한가해 보인다거나   저 친구는 어 업무에 대한 열정이 낮나 이렇게 보일 수 있었기 때문에 그게 더 장점이자 단점이 될 수도 있을 것 같습니다.","expression":"c_person","category":"background"}],"summary":{"text":"장점은 본인이 생각했을 때 제일 자신 있는 분야 또는 장점으로 여길만한 성격이 될 수 있을 것 같습니다. 장점은 제가 시간 관리나 계획성 있게 일을 진행하니 여유가 있어 보이고, 단점은 업무 열정이 낮아보일 수 있어서 그것을 특화시키기 위해 노력했던 부분입니다. ","wordCount":39}}},"rawDataInfo":{"question":{"fileFormat":"wav","fileSize":333518,"duration":10420,"samplingBit":16,"channelCount":1,"samplingRate":"16kHz","audioPath":"/Mock/02.SalesMarketing/Male/Experienced/ckmk_q_sm_m_e_191809.wav"},"answer":{"fileFormat":"wav","fileSize":2707918,"duration":84620,"samplingBit":16,"channelCount":1,"samplingRate":"16kHz","audioPath":"/Mock/02.SalesMarketing/Male/Experienced/ckmk_a_sm_m_e_191809.wav"}}}