{"version":"1.0","dataSet":{"info":{"date":"20230116","occupation":"SM","channel":"MOCK","place":"ONLINE","gender":"MALE","ageRange":"35-44","experience":"EXPERIENCED"},"question":{"raw":{"text":"최근 본 뉴스 가운데 가장 인상 깊었던 뉴스는 무엇인가요 이유와 함께 말씀해 주세요","wordCount":13},"emotion":[],"intent":[]},"answer":{"raw":{"text":"어 최근에 본 뉴스 중에 가장 인상 깊었던 것은 어 일단 뉴스이자 뭐 영상 시청일 것 같은데 일단은 최근에 그 대통령 선거가 있었습니다. 그 대통령 선거를 뭐 여기서 전체적인 얘기를 하는 건 아니지만 대통령이 이제 예상치 못한 그렇게 됐을 때 어 참 그 부분이 제일 인상 깊었고 또 그에 따라오는 뭐 관련 뉴스들이 좀 인상이 깊었던 것 같습니다. 어 또한 뭐 인제 정치적이나 뭐 이런 것들도 있겠지만 요즘에 뭐 북한의 도발이라든지 어 이런 부분에서도 좀 관심 있게 보고 있는 것 같고 이게 더 강해지다 보니까 지금 지금 정치적인 얘기로 했을 때는 또 그에 대하는 대응이 또 인제 강경 대응으로 많이 가는 부분이다 보니까 요즘에 그런 부분에 대해서 좀 인상깊게 보고 있는 것 같고 또 많이 관심을 가지면서 보는 것 같습니다. 그러면 이제 정치적인 부분도 알고 있고 사회가 어떻게 돌아가는지 뭐 경제적인 부분은 어떤지 그런 부분들도 다 캐치가 돼야 회사의 이익을 만들어내는 데 큰 도움이 될 수 있을 것 같습니다. 이상입니다.","wordCount":150},"emotion":[],"intent":[{"text":"","expression":"","category":"attitude"}],"summary":{"text":"최근 본 뉴스 중 가장 인상 깊었던 것은 뉴스이자 영상 시청입니다. 정치적인 부분도 알고 있고 사회가 어떻게 돌아가는지 경제적인 부분들도 캐치가 돼야 회사 이익을 만들어내는 데 큰 도움이 될 것 같습니니다.","wordCount":31}}},"rawDataInfo":{"question":{"fileFormat":"wav","fileSize":304718,"duration":9520,"samplingBit":16,"channelCount":1,"samplingRate":"16kHz","audioPath":"/Mock/02.SalesMarketing/Male/Experienced/ckmk_q_sm_m_e_184806.wav"},"answer":{"fileFormat":"wav","fileSize":2675598,"duration":83610,"samplingBit":16,"channelCount":1,"samplingRate":"16kHz","audioPath":"/Mock/02.SalesMarketing/Male/Experienced/ckmk_a_sm_m_e_184806.wav"}}}