{"version":"1.0","dataSet":{"info":{"date":"20230116","occupation":"SM","channel":"MOCK","place":"ONLINE","gender":"MALE","ageRange":"35-44","experience":"EXPERIENCED"},"question":{"raw":{"text":"본인이 좋아하는 브랜드가 있습니까 있다면 그 브런 브랜드에 대해서 간단하게 왜 좋아하는지 말씀해 주세요","wordCount":14},"emotion":[],"intent":[]},"answer":{"raw":{"text":"음 브랜드라고 하면은 결국 자기 본인의 개인의 취향이 중요할 것 같습니다. 저 같은 경우는 저 언더마나라는 이라는 이제 브랜드를 좀 선호하는데 어 여러 가지 인제 뭐 나이키 아디다스 여러 가지 브랜드들이 있을 건데 저는 이제 스포츠들을 좀 좋아하다 보니까 일단 몸에 딱 붙고 좀 이렇게 몸에 달라붙는다 이런 느낌이 강한 옷을 좋아하다 보니까 어 그러다 보니 브랜드적으로 봤을 때는 그런 언더아머가 입었을 때 제일 편하고 디자인도 훌륭하고 가격 면에서도 가성비가 좋다 보니까 그러다 보니까 언더아머 옷을 좀 즐겨 입었던 것 같습니다. 그래서 이제 브랜드란 결국은 이미지인데 그런 이미지가 점점 좋아져야 그런 브랜드 파워가 커지게 되고 또 많은 사람들이 또 그게 유행처럼 따라갈 수 있는 그런 또 브랜드 파워가 될 겁니다. 그래서 그런 브랜드의 장점을 키우기 위해서 노력을 해야 우리 회사도 제국은 하나의 브랜드가 돼서 어 시장을 이끌고 갈 수 있는 원동력이 될 수 있을 것 같습니다. 이상입니다.","wordCount":137},"emotion":[],"intent":[{"text":"","expression":"","category":"attitude"}],"summary":{"text":"브랜드란 결국은 이미지인데 그런 이미지가 점점 좋아져야 브랜드 파워가 커지게 되고 또 많은 사람들이 또 유행처럼 따라갈 수 있는 브랜드파워가 될 것이고 그러한 브랜드의 장점을 키우기 위해서 노력을 해야 우리 회사도 하나의 브랜드가 돼서 시장을 이끌고 갈 수 있는 원동력이 될 수 있을 것 같습니다.","wordCount":45}}},"rawDataInfo":{"question":{"fileFormat":"wav","fileSize":339278,"duration":10600,"samplingBit":16,"channelCount":1,"samplingRate":"16kHz","audioPath":"/Mock/02.SalesMarketing/Male/Experienced/ckmk_q_sm_m_e_194144.wav"},"answer":{"fileFormat":"wav","fileSize":2618958,"duration":81840,"samplingBit":16,"channelCount":1,"samplingRate":"16kHz","audioPath":"/Mock/02.SalesMarketing/Male/Experienced/ckmk_a_sm_m_e_194144.wav"}}}