{"version":"1.0","dataSet":{"info":{"date":"20230116","occupation":"SM","channel":"MOCK","place":"ONLINE","gender":"MALE","ageRange":"-34","experience":"EXPERIENCED"},"question":{"raw":{"text":"이전 직장에서 퇴사한 다음 퇴사한 것을 후회한 적은 있나요 있다면 왜 후회했는지도 같이 말씀해 주세요","wordCount":15},"emotion":[],"intent":[]},"answer":{"raw":{"text":"저는 이 전 직장을 퇴사한 것을 후회한 적이 없습니다. 남자라면 누구나 더 큰 조직에서 더 큰 일을 하고 싶어하는 경향을 가지고 있습니다. 저 또한 업계 최고인 회사 이 회사를 입사해서 일해보고 싶었기 때문에 이직을 신청한 것입니다. 물론 이전 회사에서 같이 일했던 동료들과 헤어질 때 아쉬운 마음이 들었지만 그것과는 별개로 더 큰 일을 해보고 싶다는 생각을 가지고 퇴사를 하였고 이 회사에 취업을 해서 더 큰 사람으로 성장하고 싶습니다.","wordCount":67},"emotion":[],"intent":[{"text":"","expression":"","category":"attitude"}],"summary":{"text":"저는 업계 최고인 회사 이직을 신청했습니다. 더 큰 일을 해보고 싶다는 생각을 가지고 퇴사를 하였고 이 회사에 취업해서 더 큰 사람으로 성장하고 싶습니다.","wordCount":23}}},"rawDataInfo":{"question":{"fileFormat":"wav","fileSize":333518,"duration":10420,"samplingBit":16,"channelCount":1,"samplingRate":"16kHz","audioPath":"/Mock/02.SalesMarketing/Male/Experienced/ckmk_q_sm_m_e_240057.wav"},"answer":{"fileFormat":"wav","fileSize":1827598,"duration":57110,"samplingBit":16,"channelCount":1,"samplingRate":"16kHz","audioPath":"/Mock/02.SalesMarketing/Male/Experienced/ckmk_a_sm_m_e_240057.wav"}}}