{"version":"1.0","dataSet":{"info":{"date":"20230116","occupation":"SM","channel":"MOCK","place":"ONLINE","gender":"MALE","ageRange":"35-44","experience":"EXPERIENCED"},"question":{"raw":{"text":"네 혹시 지원자님께서는 시간이 남을 때 무슨 일을 하시는지요 또 왜 그 일을 하는지 그 이유가 무엇인지도 함께 설명해 주시기 바랍니다","wordCount":21},"emotion":[],"intent":[]},"answer":{"raw":{"text":"시간이 남을 때 저는 온라인 강의 사이트에서 온라인 강의를 수강합니다. 최근에 들은 강의는 빅데이터와 인공지능을 이용한 온라인 마케팅 제대로 하기 사이트입니다. 그렇다면 빅데이터를 가지고 어떻게 온라인 마케팅을 할 수 있는지 한번 말씀드리겠습니다. 요즘은 페이스북이나 인스타 구글 또는 블로그 등이 단순하게 글만 쓰면 또는 광고만 돌리면 아니면 사진만 올리면 많은 사람들에게 노출이 되고 많은 사람들이 클릭을 할 것 같지만 절대 그렇지 않습니다. 요즘은 인공지능이 어떤 알고리즘을 가지고 어떤 연령대에 어떤 성별 어떤 취미를 가진 사람들에게 딱딱 맞게끔 그 제품이나 글을 노출시키기 시작합니다. 그런데 노출이 되었지만 어떤 광고에 소구점을 찾지 못한다던가 아니면 데이터를 활용하지 못하면 고객이 그 광고나 피드를 보고 그냥 클릭을 안하고 나가는 경우들이 있습니다. 그러면 나중에는 제품에 대한 관심도도 떨어지고 어 또 귀찮은 광고가 올라왔구나 라는 생각을 합니다. 하지만 고객이 어떤 니즈를 갖고 이런 광고에 관심을 보여서 몇 초 동안 우리 광고나 피드를 클릭하고 읽었는지에 대한 데이터를 분석하면 추후에 우리 회사의 제품을 온라인 마케팅할 때 많은 도움이 되고 이것을 지속적으로 제 스스로 써머리 노트를 만들고 있습니다.","wordCount":156},"emotion":[],"intent":[{"text":"","expression":"","category":"attitude"}],"summary":{"text":"저는 빅데이터와 인공지능을 이용한 온라인 마케팅을 수강합니다. 인공지능이 어떤 알고리즘을 가지고 사람들에게 제품이나 글을 노출시키기 시작하는데, 노출이 되었지만 데이터를 활용하지 못하면 고객이 그 광고나 피드를 보고 그냥 클릭을 안하고 나가는 경우들이 있습니다. 데이터를 분석하면 추후에 우리 회사의 제품을 온라인 마케팅할 때 도움이 되고 이것을 계속적으로 제 스스로 써머리 노트를 만들려고 합니다.","wordCount":51}}},"rawDataInfo":{"question":{"fileFormat":"wav","fileSize":448718,"duration":14020,"samplingBit":16,"channelCount":1,"samplingRate":"16kHz","audioPath":"/Mock/02.SalesMarketing/Male/Experienced/ckmk_q_sm_m_e_182792.wav"},"answer":{"fileFormat":"wav","fileSize":2803278,"duration":87600,"samplingBit":16,"channelCount":1,"samplingRate":"16kHz","audioPath":"/Mock/02.SalesMarketing/Male/Experienced/ckmk_a_sm_m_e_182792.wav"}}}