{"version":"1.0","dataSet":{"info":{"date":"20230116","occupation":"SM","channel":"MOCK","place":"ONLINE","gender":"MALE","ageRange":"45-54","experience":"EXPERIENCED"},"question":{"raw":{"text":"만약 상사가 업무와 무관한 일을 시킨다면 지원자님은 어떻게 하실 건가요 그 일도 잘 수행하실 건지 아니면 수행하지 않을 건지 알려주세요","wordCount":20},"emotion":[],"intent":[]},"answer":{"raw":{"text":"저는 상사가 있는 업무가 아닌데요. 네 저는 그런 어떤 직급 체계가 이루어진 업무가 아니라서 무관합니다 제 업무는. 그런데 뭐 질문에 답을 해보자면 그것도 또 아닐 것 같아요. 왜 업무랑 무관한 일을 시키는지 우선 그것부터 이상한 거 같구요. 그리고 그래서 수행하지 않을 것 같고 만약에 제가 수행을 했는데 본인 마음에 뭐 본인 만족이 안되면 성에 안 차면 또 그거로 뭐라 할 수 있을 것 같아서 그 상사가 업무랑 무관한 것도 시키는데 다른 얼마나 황당무계한 것도 잘 하겠어요. 그래서 그러면 정말 싸움날 수도 있을 것 같아서 애초에 안 하는 게 넓게 보나 어 마음의 안정을 위해서 거나 다 그게 어떤 좋은 해결책일 것 같다는 생각이 드네요.","wordCount":104},"emotion":[],"intent":[{"text":"","expression":"","category":"attitude"}],"summary":{"text":"저는 직급 체계가 이루어진 업무가 아니라서 무관합니다. 그런데 왜 업무와 무관한 일을 시키는지 이해가 되지 않습니다. 애초에 안 하는 게 어떤 좋은 해결책일 것 같다는 생각이 듭니다.","wordCount":27}}},"rawDataInfo":{"question":{"fileFormat":"wav","fileSize":609358,"duration":19040,"samplingBit":16,"channelCount":1,"samplingRate":"16kHz","audioPath":"/Mock/02.SalesMarketing/Male/Experienced/ckmk_q_sm_m_e_179693.wav"},"answer":{"fileFormat":"wav","fileSize":2638158,"duration":82440,"samplingBit":16,"channelCount":1,"samplingRate":"16kHz","audioPath":"/Mock/02.SalesMarketing/Male/Experienced/ckmk_a_sm_m_e_179693.wav"}}}