{"version":"1.0","dataSet":{"info":{"date":"20230116","occupation":"SM","channel":"MOCK","place":"ONLINE","gender":"MALE","ageRange":"-34","experience":"EXPERIENCED"},"question":{"raw":{"text":"이전 직장을 그만두신 특별한 사유가 있으십니까 그리고 현 직장도 같은 이유로 그만둘 가능성이 있을까요","wordCount":14},"emotion":[],"intent":[]},"answer":{"raw":{"text":"제가 이 전에 다니던 회사는 경영 문제로 인해서 파산을 했기 때문에 그만둘 수 밖에 없었습니다. 제 의지와 상관없이 경영 문제로 인해서 그만둘 수 밖에 없는 상황이었고 제가 지원한 이 회사는 경영에서 굉장히 좋은 평가를 받는 것으로 알고 있습니다. 그리고 수익적인 부분에서도 이전 회사와 비교할 수 없을 정도로 굉장히 큰 수익을 보고 있는 회사로 알고 있기 때문에 이런 문제로 제가 다시 그만둘 이윤 일은 없다고 생각합니다.","wordCount":65},"emotion":[],"intent":[{"text":"","expression":"","category":"attitude"}],"summary":{"text":"이 전에 다니던 회사는 경영 문제로 파산했기 때문에 그만둘 수 밖에 없었지만, 지원한 이회사는 굉장히 좋은 평가를 받고 있으며 수익적 부분에서도 굉장히 큰 수익을 보고 있습니다.","wordCount":26}}},"rawDataInfo":{"question":{"fileFormat":"wav","fileSize":367758,"duration":11490,"samplingBit":16,"channelCount":1,"samplingRate":"16kHz","audioPath":"/Mock/02.SalesMarketing/Male/Experienced/ckmk_q_sm_m_e_208290.wav"},"answer":{"fileFormat":"wav","fileSize":1487438,"duration":46480,"samplingBit":16,"channelCount":1,"samplingRate":"16kHz","audioPath":"/Mock/02.SalesMarketing/Male/Experienced/ckmk_a_sm_m_e_208290.wav"}}}