{"version":"1.0","dataSet":{"info":{"date":"20230116","occupation":"SM","channel":"MOCK","place":"ONLINE","gender":"MALE","ageRange":"35-44","experience":"EXPERIENCED"},"question":{"raw":{"text":"회사에서 지원자님에게 해외로 파견 근무를 나가라고 한다면 어느 나라에 가서 일을 하고 싶으신가요 그리고 왜 그 나라에 가서 일을 하고 싶으신지 이유도 함께 말씀해 주세요","wordCount":25},"emotion":[],"intent":[]},"answer":{"raw":{"text":"네 해외 파견 근무를 가게 된다면 어느 나라에서 일을 하고 싶고 그 이유에 대해서 답변 드리겠습니다. 어 해외 파견을 가게 된다면 이제 세 가지 정도 선정할 수 있을 거 같습니다. 일단 우리나라에 이 세계적으로 매우 유명한 뭐 에프이라든지 티에스엠씨 아마존 뭐 등등해서 모두를 소유하고 있는 그 미국이라는 세계의 경제를 좌지우지할 수 있는 그런 미국이라는 강대국에 대해서 어 제일 먼저 일 번으로 가서 그런 부분에 대해서 벤치마킹 활동을 무엇이고 또 우리 회사에 적용할 수 있는 부분은 무엇이 있을 것이고 그런 부분 들에서 배우고 싶고 어 하기 때문에 한 미국이라는 나라를 일단 일 번으로 가보고 싶고 이 번은 이제 중국입니다. 중국은 이제 넓은 땅덩어리 아직도 개발할 곳이 많은 곳이 중국입니다. 그런 중국이라는 나라에서 우리 한국만에 특징을 개발해서 진행을 한다면 분명히 거기도 기회의 땅이라고 불리는 이유가 있을 것이고 세 번째는 인력비가 가성비가 아주 좋은 이제 동남아시아 계열 어 나라에 가서 회사일을 확장시키고 싶은 그런 마음이 있기 때문에 그렇게 세 가지 나라를 선정해 보았습니다. 이상입니다.","wordCount":151},"emotion":[{"text":"일단 우리나라에 이 세계적으로 매우 유명한 뭐 에프이라든지 티에스엠씨 아마존 뭐 등등해서 모두를 소유하고 있는 그 미국이라는 세계의 경제를 좌지우지할 수 있는 그런 미국이라는 강대국에 대해서 어 제일 먼저 일 번으로 가서 그런 부분에 대해서 벤치마킹 활동을 무엇이고 또 우리 회사에 적용할 수 있는 부분은 무엇이 있을 것이고 그런 부분 들에서 배우고 싶고 어 하기 때문에 한 미국이라는 나라를 일단 일 번으로 가보고 싶고 이 번은 이제 중국입니다.","expression":"p-interest","category":"positive"}],"intent":[{"text":"","expression":"","category":"attitude"}],"summary":{"text":"해외 파견 근무를 가게 된다면 세 가지 나라를 선정할 수 있을 거 같습니다. 첫째는 미국입니다. 둘째는 중국입니다. 셋째는 인력비가 가성비가 아주 좋은 동남아시아 계열입니다. 이상입니다.","wordCount":25}}},"rawDataInfo":{"question":{"fileFormat":"wav","fileSize":604878,"duration":18900,"samplingBit":16,"channelCount":1,"samplingRate":"16kHz","audioPath":"/Mock/02.SalesMarketing/Male/Experienced/ckmk_q_sm_m_e_226588.wav"},"answer":{"fileFormat":"wav","fileSize":2673038,"duration":83530,"samplingBit":16,"channelCount":1,"samplingRate":"16kHz","audioPath":"/Mock/02.SalesMarketing/Male/Experienced/ckmk_a_sm_m_e_226588.wav"}}}