{"version":"1.0","dataSet":{"info":{"date":"20230116","occupation":"SM","channel":"MOCK","place":"ONLINE","gender":"MALE","ageRange":"55-","experience":"EXPERIENCED"},"question":{"raw":{"text":"네 지원자님의 십 년 후에 미래는 어떻게 돼 있을까요 어 그 십 년 후 미래에 대해서 생각해 보신 적이 있는지 궁금하군요 그리고 그때까지 계속 저희 회사에 다니고 계실지도 궁금합니다","wordCount":29},"emotion":[],"intent":[]},"answer":{"raw":{"text":"앞으로 십 년 후 미래는 직장 내에서 정년까지 행복하고 가장 가족적인 분위기에서 근무하는 그런 미래입니다. 저는 앞으로 이런 행복한 직장 생활을 할 것 같습니다. 그래서 십 년 후에도 정년까지 계속 꾸준하게 나의 꿈을 펼치는 그런 꿈 같은 그런 직장 생활을 하겠습니다.","wordCount":41},"emotion":[],"intent":[{"text":"","expression":"","category":"attitude"}],"summary":{"text":"십 년 후에도 정년까지 행복하고 가족적인 직장에서 근무하며 저의 꿈 같은 직장 생활을 하겠습니다. 저는 앞으로 정년까지 저의 꿈을 펼칠 것입니다.","wordCount":21}}},"rawDataInfo":{"question":{"fileFormat":"wav","fileSize":501198,"duration":15660,"samplingBit":16,"channelCount":1,"samplingRate":"16kHz","audioPath":"/Mock/02.SalesMarketing/Male/Experienced/ckmk_q_sm_m_e_241601.wav"},"answer":{"fileFormat":"wav","fileSize":1479118,"duration":46220,"samplingBit":16,"channelCount":1,"samplingRate":"16kHz","audioPath":"/Mock/02.SalesMarketing/Male/Experienced/ckmk_a_sm_m_e_241601.wav"}}}