{"version":"1.0","dataSet":{"info":{"date":"20230116","occupation":"SM","channel":"MOCK","place":"ONLINE","gender":"MALE","ageRange":"55-","experience":"EXPERIENCED"},"question":{"raw":{"text":"팀으로 일하는 것과 혼자 일하는 것 중에 지원자님은 어떤 것을 더욱 선호하시나요 또한 그 이유에 대해서도 함께 말씀해 주시기 바랍니다","wordCount":20},"emotion":[],"intent":[]},"answer":{"raw":{"text":"저는 개인적으로 여러 사람이 같이 하는 팀으로 하는 것보다 개인적으로 혼자 일하는 것을 더 좋아합니다. 이유는 평소 제 성격상 책임강이 강하고 어떤 주어진 업무에 대해서 집중력을 가지고 모든 열정을 쏟아붓기 때문에 저는 혼자 일하는 것을 중요시하고 또한 거기에 대한 보상도 충분히 받을 수 있기 때문에 팀 워크 보다는 혼자 제가 스스로 해결해 나가는 일을 하고 싶습니다.","wordCount":56},"emotion":[],"intent":[{"text":"이유는 평소 제 성격상 책임강이 강하고 어떤 주어진 업무에 대해서 집중력을 가지고 모든 열정을 쏟아붓기 때문에 저는 혼자 일하는 것을 중요시하고 또한 거기에 대한 보상도 충분히 받을 수 있기 때문에 팀 워크 보다는 혼자 제가 스스로 해결해 나가는 일을 하고 싶습니다.","expression":"c_person","category":"background"}],"summary":{"text":"저는 책임강이 강하고 집중력이 강한 성격상 팀 워크 보다는 혼자 일하는 것을 더 좋아합니다. 그 이유는 보상도 충분히 받을 수 있고 스스로 해결해 나가는 일을 원하기 때문입니다.","wordCount":27}}},"rawDataInfo":{"question":{"fileFormat":"wav","fileSize":583758,"duration":18240,"samplingBit":16,"channelCount":1,"samplingRate":"16kHz","audioPath":"/Mock/02.SalesMarketing/Male/Experienced/ckmk_q_sm_m_e_241602.wav"},"answer":{"fileFormat":"wav","fileSize":1716238,"duration":53630,"samplingBit":16,"channelCount":1,"samplingRate":"16kHz","audioPath":"/Mock/02.SalesMarketing/Male/Experienced/ckmk_a_sm_m_e_241602.wav"}}}