{"version":"1.0","dataSet":{"info":{"date":"20230116","occupation":"SM","channel":"MOCK","place":"ONLINE","gender":"MALE","ageRange":"35-44","experience":"EXPERIENCED"},"question":{"raw":{"text":"네 지원자님께서는 본인이 교번 근무에 잘 적응할 수 있다고 생각하시는지요 어 왜 그렇게 생각하시는지 그 근거도 함께 말씀해 주시면 좋겠습니다","wordCount":20},"emotion":[],"intent":[]},"answer":{"raw":{"text":"아 교번근무에 대해서 말씀드리겠습니다. 일단 제가 교번근무에 대한 경험이 없으면 말씀을 못 드릴 것 같은데 어 교번근무는 이제 여러 종류의 교번근무를 적용해 봤던 것 같습니다. 군 생활을 했을 때도 간부 생활하면서 그 스케줄 근무 즉 교번근무를 했었고 뭐 종류를 따지자면 뭐 주간 야간 비번 비번 아니면 뭐 주간 주간 야간 야간 비번 비번 뭐 이런 식으로 여러 가지 종류가 있는데 대부분 이제 삼 교대 근무나 사 교대 근무가 될 것 같습니다. 그런 부분에 봤을 때 교번근무에 대한 그 장점도 분명히 있다고 생각합니다. 어 단점도 있을 수 있는데 그런 장점이라 하자고 하면은 그 낮 시간이나 어 또 자기만의 시간을 조율을 하면은 야간에 이제 뭐 잠을 못 자는 부분이 있겠지만 분명히 얻는 게 있으면 잃는 게 있다고 생각합니다. 그러다 보니 그런 부분을 긍정적으로 생각하고 또 좋은 부분만 잘 캐치한다고 하면은 그것도 오히려 보면 기회가 될 수도 있고 시간 활용을 잘 할 수 있는 그런 부분이라고 생각합니다. 그래서 경험이 많이 있기 때문에 적응하는 데는 전혀 문제가 없을 것 같습니다. 이상입니다.","wordCount":157},"emotion":[],"intent":[{"text":"","expression":"","category":"attitude"}],"summary":{"text":"교번근무는 여러가지 종류가 있는데 대부분 삼 교대 근무나 사 교대 근무가 될 것 같습니다. 장점은 낮 시간이나 자기만의 시간을 조율을 하면은 야간에 잠을 못 자는 부분이 있겠지만 분명히 얻는 게 있으면 잃는 게 있다고 생각합니다. 좋은 부분만 잘 캐치한다고 하면은 기회가 될 수도 있고 시간 활용을 잘 할 수 있는 부분이라고 생각합니다.","wordCount":52}}},"rawDataInfo":{"question":{"fileFormat":"wav","fileSize":459598,"duration":14360,"samplingBit":16,"channelCount":1,"samplingRate":"16kHz","audioPath":"/Mock/02.SalesMarketing/Male/Experienced/ckmk_q_sm_m_e_184810.wav"},"answer":{"fileFormat":"wav","fileSize":2682958,"duration":83840,"samplingBit":16,"channelCount":1,"samplingRate":"16kHz","audioPath":"/Mock/02.SalesMarketing/Male/Experienced/ckmk_a_sm_m_e_184810.wav"}}}