{"version":"1.0","dataSet":{"info":{"date":"20230116","occupation":"SM","channel":"MOCK","place":"ONLINE","gender":"MALE","ageRange":"45-54","experience":"EXPERIENCED"},"question":{"raw":{"text":"업무 중 스케줄에 없던 일이 생길 때가 많습니다 이러한 상황이 생긴다면 어떻게 대처하시겠습니까","wordCount":13},"emotion":[],"intent":[]},"answer":{"raw":{"text":"업무 중 스케줄에 없던 일이 생길 때가 많이 있습니다. 어떻게 대처해야 될 것인가에 대해서 말씀을 하셨는데요. 일반적으로 업무를 진행을 하다보면 스케줄에 없던 일들이 생길 경우가 있습니다. 그런 경우에는 그 기존에 있었던 업무 스케줄 이외에 새롭게 스케줄이 들어왔던 부분이기 때문에 이 업무가 어느 정도의 경중을 따져서 그걸 앞 에다가 놀 지 아니면 나중에 해야 될 지에 대한 초보 초보적인 판단을 해야 될 것 같습니다. 그 판단의 기준은 이 일로 인해서 어떻게 중요한 일이 이 이런 일로 인해 뒤에 영향을 줄지를 먼저 판단을 해 돼야 할 것 같구요. 이걸 이 문제에 대해서 어떤 누군가 먼저 상사가 중요한 상사가 얘기를 했다고 해서 가장 먼 최종적 앞으로 늘 건지 이런 부분들은 굉장히 고민이 되는 부분이 많이 있습니다. 하지만 기존의 업무들을 지 어 보다 더 먼저 해야 될 부분에 대해서는 계속 고민을 해 봐야 될 것 같습니다.","wordCount":132},"emotion":[],"intent":[{"text":"","expression":"","category":"attitude"}],"summary":{"text":"일반적으로 업무를 진행 하다보면 스케줄에 없던 일들이 생길 때가 있는데 업무의 경중을 따져서 나중에 해야 될 지에 대한 초보 초보적인 판단을 해야 될 것 같습니다. 중요한 일이 어떻게 이런 일로 인해 뒤에 영향을 줄지를 먼저 판단을 해 줘야 하지만 기존의 업무들을 보다 먼저 해야 될 부분에 대해서는 고민이 필요합니다.","wordCount":49}}},"rawDataInfo":{"question":{"fileFormat":"wav","fileSize":281678,"duration":8800,"samplingBit":16,"channelCount":1,"samplingRate":"16kHz","audioPath":"/Mock/02.SalesMarketing/Male/Experienced/ckmk_q_sm_m_e_100643.wav"},"answer":{"fileFormat":"wav","fileSize":2736718,"duration":85520,"samplingBit":16,"channelCount":1,"samplingRate":"16kHz","audioPath":"/Mock/02.SalesMarketing/Male/Experienced/ckmk_a_sm_m_e_100643.wav"}}}