{"version":"1.0","dataSet":{"info":{"date":"20230116","occupation":"SM","channel":"MOCK","place":"ONLINE","gender":"MALE","ageRange":"-34","experience":"EXPERIENCED"},"question":{"raw":{"text":"여러 사람들과 함께 일을 하다 보면 구성원들과 갈등이 생길 일이 있는데요 지원자님은 이런 갈등 상황 속에서 어떻게 해결하시나요","wordCount":18},"emotion":[],"intent":[]},"answer":{"raw":{"text":"네 여러 사람과 일을 하다 보면 분명히 갈등이 생기는 경우가 발생을 합니다. 저 같은 경우에는 이런 경우에 그 사람들과의 대화를 통해서 이 갈등을 해결하려고 많이 노력을 했던 것 같습니다. 어쨌든 어 의견이 달라서 갈등이 생기는 부분이다 보니깐 대화를 통해서 충분히 해결을 할 수 있었고 특히 어 군대에 있으면서 다양한 사람들 많은 사람들을 만났던 경험이 저에게는 많이 도움이 되었던 것 같습니다. 그래서 제가 보험 설계사로 일을 하면서도 갈등이 생겼을 경우에 대화를 통해서 많이 갈등을 해결할 수가 있었습니다.","wordCount":76},"emotion":[],"intent":[{"text":"저 같은 경우에는 이런 경우에   그 사람들과의 대화를 통해서 이 갈등을 해결하려고 많이 노력을 했던 것 같습니다.","expression":"c_confl_mg","category":"personality"},{"text":"그래서 제가 보험 설계사로 일을 하면서도 갈등이 생겼을 경우에 대화를 통해서 많이 갈등을 해결할 수가 있었습니다.","expression":"c_confl_mg","category":"personality"}],"summary":{"text":"여러 사람과 일을 하다 보면 갈등이 생기는 경우가 있는데, 대화를 통해 충분히 해결할 수 있습니다. 군 생활을 하면서 다양한 사람들을 만났던 경험이 도움이 되었습니다.","wordCount":24}}},"rawDataInfo":{"question":{"fileFormat":"wav","fileSize":620558,"duration":19390,"samplingBit":16,"channelCount":1,"samplingRate":"16kHz","audioPath":"/Mock/02.SalesMarketing/Male/Experienced/ckmk_q_sm_m_e_192253.wav"},"answer":{"fileFormat":"wav","fileSize":1747278,"duration":54600,"samplingBit":16,"channelCount":1,"samplingRate":"16kHz","audioPath":"/Mock/02.SalesMarketing/Male/Experienced/ckmk_a_sm_m_e_192253.wav"}}}