{"version":"1.0","dataSet":{"info":{"date":"20230116","occupation":"SM","channel":"MOCK","place":"ONLINE","gender":"MALE","ageRange":"35-44","experience":"EXPERIENCED"},"question":{"raw":{"text":"비투비 마케팅이란 무엇입니까","wordCount":3},"emotion":[],"intent":[]},"answer":{"raw":{"text":"비투비 마케팅은 비즈니스 투 비즈니스로 기업과 기업 간의 거래를 말합니다. 우리가 일반적으로 기업들이 고객에게 물건을 파는 것은 비투씨라고 하고 기업이 기업에게 물건을 팔거나 어떤 업무를 대행해주는 것은 비투비 마케팅입니다. 예를 들어서 대기업에서 물품 구매를 따로 한다든지 아니면 대기업 인사 팀의 채용 솔루션을 하고 있는 소프트웨어를 따로 판다든지 대기업에서 진행하고 있는 광고를 대행해 줄 업체를 찾아서 그들에게 물건을 판매하게끔 하는 것이 비투비 마케팅의 예가 되겠습니다. 특히나 에스케이바이오사이언스 같은 대기업이 화이자라든가 지에스케이 같은 백신을 따로 생산 물량을 받아서 오이엠이나 오디엠 으로 만들어주는 것도 비투비 마케팅 중의 하나입니다. 다시 말해 비투비 마케팅은 기업 대 기업 간의 거래로서 개인이 거의 참여하지 않는 그런 시장입니다.","wordCount":100},"emotion":[{"text":"비투비 마케팅은 비즈니스 투 비즈니스로 기업과 기업 간의 거래를 말합니다.","expression":"u-fact","category":"neutral"},{"text":"우리가 일반적으로 기업들이 고객에게 물건을 파는 것은 비투씨라고 하고 기업이 기업에게 물건을 팔거나 어떤 업무를 대행해주는 것은 비투비 마케팅입니다.","expression":"u-fact","category":"neutral"}],"intent":[{"text":"","expression":"","category":"attitude"}],"summary":{"text":"비투비 마케팅은 비즈니스 투 비즈니스로 기업과 기업 간의 거래를 말합니다. 기업이 기업에 물건을 팔거나 업무를 대행해주는 것을 비투씨라고 하는데, 다시 말해 이 시장은 개인은 거의 참여하지 않는 시장입니다.","wordCount":28}}},"rawDataInfo":{"question":{"fileFormat":"wav","fileSize":242638,"duration":7580,"samplingBit":16,"channelCount":1,"samplingRate":"16kHz","audioPath":"/Mock/02.SalesMarketing/Male/Experienced/ckmk_q_sm_m_e_170016.wav"},"answer":{"fileFormat":"wav","fileSize":1993678,"duration":62300,"samplingBit":16,"channelCount":1,"samplingRate":"16kHz","audioPath":"/Mock/02.SalesMarketing/Male/Experienced/ckmk_a_sm_m_e_170016.wav"}}}