{"version":"1.0","dataSet":{"info":{"date":"20230116","occupation":"SM","channel":"MOCK","place":"ONLINE","gender":"MALE","ageRange":"55-","experience":"EXPERIENCED"},"question":{"raw":{"text":"오늘 면접을 준비하느라고 고생을 많이 하셨을 텐데 어떤 방법으로 면접을 준비하셨는지 말씀해 주세요","wordCount":13},"emotion":[],"intent":[]},"answer":{"raw":{"text":"지금까지 사회생활을 해오면서 인터뷰 면접이라는 것은 생소한 부분이고 처음 겪는 부분입니다. 그래서 저로서는 굉장히 어려움을 느꼈습니다. 면접 준비는 문제가 주어지면 한 번 읽고 수 분 동안 머릿속에 정리를 했습니다. 답변할 자료에 대해서 어느 정도 머릿속으로 정리는 했지만 막상 인터뷰 과정에서 제대로 정리된 내용을 인터뷰 하지 못했던 느낌이 듭니다.","wordCount":48},"emotion":[],"intent":[{"text":"","expression":"","category":"attitude"}],"summary":{"text":"인터뷰 면접은 생소하고 처음 겪어서 굉장히 어려웠습니다. 면접 준비는 문제가 있으면 읽고 수분 동안 머릿속에 정리를 했지만, 제대로 된 내용을 인터뷰하지 못했던 것 같습니다.","wordCount":24}}},"rawDataInfo":{"question":{"fileFormat":"wav","fileSize":333518,"duration":10420,"samplingBit":16,"channelCount":1,"samplingRate":"16kHz","audioPath":"/Mock/02.SalesMarketing/Male/Experienced/ckmk_q_sm_m_e_216678.wav"},"answer":{"fileFormat":"wav","fileSize":1928398,"duration":60260,"samplingBit":16,"channelCount":1,"samplingRate":"16kHz","audioPath":"/Mock/02.SalesMarketing/Male/Experienced/ckmk_a_sm_m_e_216678.wav"}}}