{"version":"1.0","dataSet":{"info":{"date":"20230116","occupation":"SM","channel":"MOCK","place":"ONLINE","gender":"MALE","ageRange":"55-","experience":"EXPERIENCED"},"question":{"raw":{"text":"면접자님께서 이제까지 살면서 이룬 성과 중에 가장 큰 성과는 무엇인지 자랑 한번만 해주세요","wordCount":13},"emotion":[],"intent":[]},"answer":{"raw":{"text":"가정이 아닐까 생각합니다. 노력한다고 되는 것만은 아닌 것이 가정을 잘 이루는 것입니다. 이것 역시 지나고 와서 생각하면 저의 융화 특성이 잘 이루게 되는 것이 아닌가 생각합니다. 모르는 사람과 살면서 그 사람과 뜻을 맞추고 새로 태어난 아이들이 제가 키웠다고 하지만 각자의 능력과 각자의 생각을 가지고 자라나고 있었습니다. 그들의 의견을 존중하지 않는다면 아무리 가장이라 하더라도 가족들은 따르지 않을 것입니다. 가족들이 잘 따르게 한다는 거는 이미 내가 그들을 이해하고 그들의 뜻에 따르기를 마음을 먹었기 때문이라고 생각합니다. 따라서 아내나 가족이 자식들이나 이렇게 가족이 저를 따르는 이유는 제가 그들을 잘 이해하려고 노력했기 때문이 아닌가 매우 자랑스럽게 생각합니다. 이러한 일은 회사 조직에서도 마찬가지로 적응이 적응이 적용이 가능하다고 생각합니다.","wordCount":102},"emotion":[],"intent":[{"text":"","expression":"","category":"attitude"}],"summary":{"text":"노력하는다고 되는 것만은 아닌 것이 가정을 잘 이루는 것입니다. 모르는 사람과 살면서 그 사람과 뜻을 맞추고 새로 태어난 아이들이 키웠다고 하지만 각자의 능력과 생각을 가지고 자라나고 있었습니다. 가족들의 의견을 존중하지 않는다면 아무리 가장이라도 그들을 따르지 않을 것입니다.","wordCount":37}}},"rawDataInfo":{"question":{"fileFormat":"wav","fileSize":282318,"duration":8820,"samplingBit":16,"channelCount":1,"samplingRate":"16kHz","audioPath":"/Mock/02.SalesMarketing/Male/Experienced/ckmk_q_sm_m_e_249076.wav"},"answer":{"fileFormat":"wav","fileSize":2552078,"duration":79750,"samplingBit":16,"channelCount":1,"samplingRate":"16kHz","audioPath":"/Mock/02.SalesMarketing/Male/Experienced/ckmk_a_sm_m_e_249076.wav"}}}