{"version":"1.0","dataSet":{"info":{"date":"20230116","occupation":"SM","channel":"MOCK","place":"ONLINE","gender":"MALE","ageRange":"-34","experience":"EXPERIENCED"},"question":{"raw":{"text":"만약에 이직을 생각하는 동료를 만나게 된다고 가정을 해 봅시다 그렇다면 뭐라고 말씀을 하시겠어요 왜 그렇게 말씀하실 건지도 설명해 주세요","wordCount":19},"emotion":[],"intent":[]},"answer":{"raw":{"text":"물론 일을 하다보면 이직을 생각하는 동료들이 많이 생깁니다. 저 또한 이직을 생각하는 동료들을 많이 봤었고 저도 이직을 준비하고 있는 사람입니다. 저는 이직을 생각하는 동료를 만나게 된다면 먼저 우리 일에 가치에 대해서 이야기할 것 같습니다. 보험은 누구에게나 필요한 일입니다. 보험을 싫어하는 사람은 있어도 필요로 하지 않는 사람은 없다. 라는 말이 있습니다. 그만큼 보험은 도움이 되는 일이고 누구 에게 필요한 것 입니다. 그렇기 때문에 보험이 누군가에게 필요한 일이고 그에 따라서 가치 있는 일을 하고 있다 라는 것을 동료 직원들에게 이야기 해 줌으로써 이직을 말리고 싶습니다.","wordCount":83},"emotion":[],"intent":[{"text":"","expression":"","category":"attitude"}],"summary":{"text":"보험은 누구에게나 필요한 일이므로 보험이 누군가에게 필요한 일이고 그에 따라서 가치 있는 일을 하고 있다는 것을 동료 직원들에게 이야기 해 줌으로써 이직을 말리고 싶습니다.","wordCount":24}}},"rawDataInfo":{"question":{"fileFormat":"wav","fileSize":517838,"duration":16180,"samplingBit":16,"channelCount":1,"samplingRate":"16kHz","audioPath":"/Mock/02.SalesMarketing/Male/Experienced/ckmk_q_sm_m_e_240055.wav"},"answer":{"fileFormat":"wav","fileSize":2407438,"duration":75230,"samplingBit":16,"channelCount":1,"samplingRate":"16kHz","audioPath":"/Mock/02.SalesMarketing/Male/Experienced/ckmk_a_sm_m_e_240055.wav"}}}