{"version":"1.0","dataSet":{"info":{"date":"20230116","occupation":"SM","channel":"MOCK","place":"ONLINE","gender":"MALE","ageRange":"35-44","experience":"EXPERIENCED"},"question":{"raw":{"text":"만약 지원자님께서 지금 지원하신 이 직무가 아니라 다른 부서에 배치 받게 된다면 어떻게 하실 건가요 그래도 근무를 하실 건가요","wordCount":19},"emotion":[],"intent":[]},"answer":{"raw":{"text":"네 제가 만약에 이 지원한 부분이 아닌 또 생각지도 못한 다른 부서 다른 업무를 받게 된다면은 어 일단 처음에는 조금은 당황하겠지만 어 그 부분에 대해서 답변 드리도록 하겠습니다. 일단 서두에도 말했다시피 어 처음에는 조금 당황할 것 같습니다. 아 나는 내가 해왔던 일만도 이렇게 진행할 줄 알았는데 어 전혀 다른 업무를 받게 된다면 어 그런데 뭐 처음에는 좀 당황하겠지만 문제 될 건 없을 것 같습니.다 어차피 다 해봐야 할 일이고 또 그 업무도 배워야 하는 게 맞는 것이기 때문에 그래 주위가 미루왔던 것 뿐이지 또 새롭게 한다는 것은 또 뭔가 하나의 활력소가 될 수 있고 또 리플레이가 될 수 있기 때문에 그런 부분에서는 긍정적으로 생각하고 있습니다. 분명히 더 배우는 게 더 많을 것이고 또 장점이 많이 있을 거라고 생각하기 때문에 어 그 직후에 더 정통하기 위해서 개인의 노력이 많이 필요할 것 같습니다. 그 사람들이 새로운 업무를 맡았을 때 제일 거부감을 느끼는 게 바로 그겁니다. 그 적응 기간 그 그 업무에 대해서 내가 길들여지는 그 시간이 불편하고 좀 괴로운 면이 없지 않아 있기 때문에 그 부분 때문에 다 꺼려하지 않을까 싶습니다. 근데 그 시간은 제가 보다 딱 삼 개월 정도라고 생각합니다. 이 한 개 분기 정도만 돌아가면은 어 어떻게 진행하고 그 몸에 있기 되 이 몸에 이어지기 때문에 그런 부분에 있어서는 삼 개월만 딱 집중해서 고민하고 또 집중해서 배우게 되면은 어 전혀 문제 될 것 같지는 않습니다. 저는 기회를 발판을 삼아서 그거를 오히려 기회로 만들지 않을까 싶습니다. 이상입니다.","wordCount":226},"emotion":[],"intent":[{"text":"","expression":"","category":"attitude"}],"summary":{"text":"새로운 업무를 맡게 되면 처음에는 당황하겠지만 어 문제 될 건 없을 것 같습니다. 하지만 새로운 업무는 하나의 활력소가 될 수 있고 리플레이가 될 수 있기 때문에 긍정적으로 생각하고 있습니다. 사람들이 새로운 업무를 맡았을 때 가장 거부감을 느끼는 게 바로 적응 기간인데 저는 삼 개월 정도만 집중해서 배우게 되면은 전혀 문제 될 것 같지는 않습니다.","wordCount":54}}},"rawDataInfo":{"question":{"fileFormat":"wav","fileSize":615438,"duration":19230,"samplingBit":16,"channelCount":1,"samplingRate":"16kHz","audioPath":"/Mock/02.SalesMarketing/Male/Experienced/ckmk_q_sm_m_e_229802.wav"},"answer":{"fileFormat":"wav","fileSize":3605838,"duration":112680,"samplingBit":16,"channelCount":1,"samplingRate":"16kHz","audioPath":"/Mock/02.SalesMarketing/Male/Experienced/ckmk_a_sm_m_e_229802.wav"}}}