{"version":"1.0","dataSet":{"info":{"date":"20230116","occupation":"SM","channel":"MOCK","place":"ONLINE","gender":"MALE","ageRange":"35-44","experience":"EXPERIENCED"},"question":{"raw":{"text":"만약 면접자님에의 직무에 맞지 않은 일을 하게 된다면 어떻게 하시겠습니까 그래도 면접자님은 괜찮으신가요","wordCount":13},"emotion":[],"intent":[]},"answer":{"raw":{"text":"제가 만약 신입 사원이라면 직무에 맞지 않는 일을 하게 됐을 때 불만을 많이 느끼거나 퇴사를 생각할 것입니다. 하지만 저는 오랜 기간 직장생활을 해 왔고 제가 원하는 직무 말고도 여러 가지 직무에 경험이 많습니다. 즉 다시 말하면 관리자급으로 업무를 하다 보면 내가 원하든 원하지 않든 많은 업무를 섭렵해야 되고 저 자신의 인식의 틀을 넓혀야 됩니다. 하고 싶은 일만 하면 회사에서 스스로 자신을 가둬버리는 경우가 많기 때문에 내가 원하던 원하지 않던 여러 가지 업무를 함으로써 제 스스로에 대한 커리어를 발전시키고 추후에 그것이 다른 프로젝트를 할 때도 많은 시너지를 발생하는 경험을 했습니다. 많은 일을 하는 것과 넓은 일을 하는 것 둘 중의 하나를 고르라면 저는 당연히 넓은 분야에 일을 하는 것을 택하겠습니다. 지금 당장 제가 원하는 직무가 아니지만 다른 직무를 하다 보면 또 그 직무를 제가 원하게 될 수 있고 전문성을 띠고 추후에 제가 원하는 직무를 했을 때 더 높은 시너지와 성과를 낼 수 있을 거라고 자신하기 때문에 현재 원하지 않는 직무에 배치 받아도 크게 불만이 있거나 힘들어 하지는 않을 것 같습니다.","wordCount":159},"emotion":[{"text":"하지만 저는 오랜 기간 직장생활을 해 왔고 제가 원하는 직무 말고도 여러 가지 직무에 경험이 많습니다.","expression":"u-fact","category":"neutral"}],"intent":[{"text":"","expression":"","category":"attitude"}],"summary":{"text":"저는 오랜 기간 직장생활을 해 왔고 여러 가지 직무에 경험이 많습니다. 관리자급으로 업무를 하다 보면 많은 업무를 섭렵하고 저 자신의 인식의 틀을 넓혀야 합니다. 현재 원하지 않는 직무에 배치 받아도 크게 불만이 있거나 힘들어 하지는 않을 것 같습니다.","wordCount":38}}},"rawDataInfo":{"question":{"fileFormat":"wav","fileSize":375118,"duration":11720,"samplingBit":16,"channelCount":1,"samplingRate":"16kHz","audioPath":"/Mock/02.SalesMarketing/Male/Experienced/ckmk_q_sm_m_e_173136.wav"},"answer":{"fileFormat":"wav","fileSize":2459598,"duration":76860,"samplingBit":16,"channelCount":1,"samplingRate":"16kHz","audioPath":"/Mock/02.SalesMarketing/Male/Experienced/ckmk_a_sm_m_e_173136.wav"}}}