{"version":"1.0","dataSet":{"info":{"date":"20230116","occupation":"SM","channel":"MOCK","place":"ONLINE","gender":"MALE","ageRange":"35-44","experience":"EXPERIENCED"},"question":{"raw":{"text":"저희 회사는 마케팅의 방법 중 비투비랑 비투씨 두 종류를 하고 있는데요 지원자님이 지원하신 파트는 비투비입니다 그러면 비투비의 마케팅이란 무엇인가요","wordCount":19},"emotion":[],"intent":[]},"answer":{"raw":{"text":"비투비 마케팅이라고 하면 비투씨 마케팅과는 전혀 다른 내용입니다. 비즈니스 투 비즈니스 즉 기업과 기업 간의 판매 전략을 비투비 마케팅이라고 합니다. 예를 들어서 어떤 기업이 필요에 의한 소프트웨어를 사게 되는 경우 우리가 제일 유명한 에스에이피 같은 이알피 또는 국내에 있는 더존 같은 이알피 회사 또는 가장 필요한 에스에프디씨 라고 하는 씨알엠 소프트웨어 같은 경우 이런 것들이 전부 다 비투비 마케팅 중에 하나의 판매 채널입니다. 그리고 광고 영업 등이 비투비에 가장 최적화된 판매 방식이라고 생각하시면 됩니다. 예를 들어 어떤 기업이 고객에게 물품을 판매하기 위해서 플랫폼을 이용해야 된다면 우리는 네이버 광고나 카카오 광고 구글 유튜브 광고 같은 것을 생각할 수 있습니다. 그런데 웬만한 회사들이 바로 구글에 들어가서 광고를 하는 경우보다는 광고 대행사를 이용하게 되는데요. 그런 광고 대행사들이 바로 비투비 마케팅의 대표적인 것이라고 할 수 있습니다.","wordCount":122},"emotion":[],"intent":[{"text":"","expression":"","category":"attitude"}],"summary":{"text":"비투비 마케팅은 기업과 기업 간의 판매 전략을 말하는데, 예를 들어 어떤 기업이 소프트웨어를 사게 되면 우리가 제일 유명한 에스에이피 같은 이알피 또는 국내에 있는 더존 같은 이 알피 회사 또는 가장 필요한 에스에프디씨 라고 하는 씨알엠 소프트웨어 같은 것들이 전부 다 이 마케팅 중의 하나의 판매 채널입니다.","wordCount":47}}},"rawDataInfo":{"question":{"fileFormat":"wav","fileSize":569678,"duration":17800,"samplingBit":16,"channelCount":1,"samplingRate":"16kHz","audioPath":"/Mock/02.SalesMarketing/Male/Experienced/ckmk_q_sm_m_e_191521.wav"},"answer":{"fileFormat":"wav","fileSize":2188238,"duration":68380,"samplingBit":16,"channelCount":1,"samplingRate":"16kHz","audioPath":"/Mock/02.SalesMarketing/Male/Experienced/ckmk_a_sm_m_e_191521.wav"}}}