{"version":"1.0","dataSet":{"info":{"date":"20230116","occupation":"SM","channel":"MOCK","place":"ONLINE","gender":"MALE","ageRange":"55-","experience":"EXPERIENCED"},"question":{"raw":{"text":"계속해서 열심히 일하고 있는데 본사에서 매출을 현재보다 더 올리라고 한다면 그때는 좀 어떻게 하시겠는지 말씀해 주시겠습니까","wordCount":16},"emotion":[],"intent":[]},"answer":{"raw":{"text":"만약 본사에서 매출을 올리라고 압박을 한다면 어떻게 대처하실 생각이신가요. 생각나는 대로 말씀해 주세요. 네 본사에서 매출이라고 압박을 한다면 참으로 뭐 쉬운 일은 아닐 것 같습니다. 어 하지만은 어 못하는 이유에 대해서 충분히 설명할 필요는 있을 것이라고 생각합니다. 왜냐하면 지원이 부족하기 때문에 그 매출을 원하는 매출을 못 올리는 경우도 많이 있기 때문에 그렇습니다. 아 그러기 위해서는 어 자금적인 문제 경제적인 문제를 많이 이렇게 대화를 통해서 해결하는 것이 중요하다고 생각합니다. 만약에 그런 것까지 다 지원이 됐을 경우에는 매출을 올리는 거는 어 뭐 최선의 노력을 하는 것밖에는 없을 것 같습니다. 하지만은 매출을 올리고자 하는 거는 거기에 대한 어 못하는 이유가 분명히 있을 겁니다. 그거를 먼저 해결해야 될 것으로 생각합니다. 매출을 올리기 위해서는 단가 경쟁력이라든가 지런 어 원가적인 부담을 어 최대한으로 줄이고 또한 판매액을 쪼암 낮추면서 어 박리다매로 가는 그런 방법을 생각하지 않을 수가 없습니다. 만약 재고가 많다면 박라 박리다매를 통하여서 그러한 제품을 아 밀어내는 쪽으로 어 하는 것이 어떻게 보면 좋을 것이라고 생각합니다. 그러한 어떠한 가격 경쟁이라든가 제품의 개발이라든가 이런 것들이 안되고 나서 뭔가 매출을 많이 올리는 것은 어 어떤 사람이든 간에 어 동일한 아 능력이라고 대부분 보여집니다. 많은 그러한 변수들을 우리가 어떻게 해결하느냐에 따라서 그러한 매출을 올리고 못 올리고의 차이가 있다고 생각을 합니다.","wordCount":191},"emotion":[],"intent":[{"text":"","expression":"","category":"attitude"}],"summary":{"text":"본사에서 매출 압박을 한다면 자금적인 문제, 경제적인 문제를 대화로 해결하는 것이 중요합니다. 만약 지원이 부족하기 때문에 원하는 매출을 못 올리는 경우가 있기 때문에 매출을 올리는 것은 최선의 노력을 하는 것뿐입니다. 매출을 올리기 위해서는 단가 경쟁력, 원가적인 부담을 최대한 줄이고, 박리다매로 가는 방법을 생각해야 합니다. 가격 경쟁, 제품의 개발 등이 되고 나서 매출을 많이 올리는 것은 동일한 능력입니다.","wordCount":57}}},"rawDataInfo":{"question":{"fileFormat":"wav","fileSize":424398,"duration":13260,"samplingBit":16,"channelCount":1,"samplingRate":"16kHz","audioPath":"/Mock/02.SalesMarketing/Male/Experienced/ckmk_q_sm_m_e_229184.wav"},"answer":{"fileFormat":"wav","fileSize":3866318,"duration":120820,"samplingBit":16,"channelCount":1,"samplingRate":"16kHz","audioPath":"/Mock/02.SalesMarketing/Male/Experienced/ckmk_a_sm_m_e_229184.wav"}}}