{"version":"1.0","dataSet":{"info":{"date":"20230116","occupation":"SM","channel":"MOCK","place":"ONLINE","gender":"MALE","ageRange":"35-44","experience":"EXPERIENCED"},"question":{"raw":{"text":"지원자님의 십 년 후 미래의 모습에 대해서 생각해 보신 적이 있을까요 어 십 년 후에 모습에 관해서 설명해 주시고 그리고 십 년 후에도 저희 회사에 계속 다니고 계실 것 같으신지도 어 얘기해 주시면 감사하겠습니다","wordCount":34},"emotion":[],"intent":[]},"answer":{"raw":{"text":"십 년 후 저의 미래는 이 쎈터에 본부장이 되는 것입니다. 저는 지금까지 오십 개 넘는 프로젝트를 이끌어 왔고 단 한 번도 실패한 사례가 없습니다. 그런데 이 회사는 현재 빅데이타 및 머신 러닝 딥러닝을 통해서 새로운 공장 자동화를 하고 있는 회삽니다. 공장 자동화에 맞춰서 어떻게 공장 자동화를 할 것이며 인건비를 얼만큼 줄이고 줄인 인건비를 가지고 어떻게 생산 관리 및 품질 관리를 하여 소비자에게 저렴한 단가로 판매하는 판매 전략까지 갖고 있습니다. 당연히 십 년 후에도 이 회사를 계속 다니고 있을 것이고 이 회사에서 많이 성장한 저의 모습을 발견할 수 있을 것이라고 생각합니다.","wordCount":90},"emotion":[],"intent":[{"text":"","expression":"","category":"attitude"}],"summary":{"text":"빅데이타 및 머신 러닝 딥러닝을 통해 공장을 자동화하는 이 회사는 공장 자동화를 어떻게 할 것인지, 인건비를 얼만큼 줄이고 어떻게 생산 관리 및 품질 관리를 하여 소비자에게 저렴한 단가로 판매하는 판매 전략을 갖고 있습니다.","wordCount":33}}},"rawDataInfo":{"question":{"fileFormat":"wav","fileSize":634958,"duration":19840,"samplingBit":16,"channelCount":1,"samplingRate":"16kHz","audioPath":"/Mock/02.SalesMarketing/Male/Experienced/ckmk_q_sm_m_e_184581.wav"},"answer":{"fileFormat":"wav","fileSize":1399758,"duration":43740,"samplingBit":16,"channelCount":1,"samplingRate":"16kHz","audioPath":"/Mock/02.SalesMarketing/Male/Experienced/ckmk_a_sm_m_e_184581.wav"}}}