{"version":"1.0","dataSet":{"info":{"date":"20230116","occupation":"SM","channel":"MOCK","place":"ONLINE","gender":"MALE","ageRange":"55-","experience":"EXPERIENCED"},"question":{"raw":{"text":"업무 중 상사와 트러블이 생길 수 있습니다 그럴 때 어떻게 조치하실 것입니까 또 상사가 혼내면 기분이 나쁘진 않으실지요","wordCount":18},"emotion":[],"intent":[]},"answer":{"raw":{"text":"일을 하다 보면 상사와 트러블이 생길 수 있는데 어떻게 할 것입니까. 또 상사가 혼내면 기분 나쁘지 않을까요. 아 예 상사와 트러블이 생길 수 있습니다. 네 그럴 때마다 아 제가 먼저 어 잘못했다고 어 얘기를 하고 또한 시간이 된 지나면 제가 그 이유에 대해서 한 번 설명을 하고 그 상사가 그 이유를 이해할 수 있도록 시간을 주는 것이 또한 좋을 것이라고 생각합니다. 상사가 혼내면 기분이 나쁘겠지요. 하지만은 어 그 일들을 어 이해를 하고 역지사지에 그러한 상황으로 다시 한 번 설명을 하고 이해를 하며 아 그분에 대한 또한 아 관대한 그러한 아 설명을 또한 할 필요가 있다고 생각합니다. 또한 오해로서 생길 수 있는 부분들이 많이 있기 때문에 그러한 오해를 오랫동안 끌고 가는 것은 서로 간의 균열이 생기기 때문에 좋지 않다고 생각합니다. 그런 부분에서 제가 즉각적으로 얘기하고 어 당신의 잘못된 그러한 부분이라든가 오해했던 그런 부분들을 이해시키는 데 중점을 둘 수 있도록 그렇게 하겠습니다. 그런 부분들은 시간이 오래 걸리지 않을 것 같습니다.","wordCount":148},"emotion":[],"intent":[{"text":"","expression":"","category":"attitude"}],"summary":{"text":"일을 하다 보면 상사와 트러블이 생길 수 있는데 그럴 때마다 제가 먼저 잘못했다고 얘기하고 시간이 지난 후에 그 이유를 설명하면 상사가 이해할 수 있을 것이라고 생각합니다. 그 일들을 이해하고 역지사지에 다시 한 번 설명을 하고 이해를 하며 관대한 설명을 할 필요가 있다고 생각합니다.","wordCount":43}}},"rawDataInfo":{"question":{"fileFormat":"wav","fileSize":474638,"duration":14830,"samplingBit":16,"channelCount":1,"samplingRate":"16kHz","audioPath":"/Mock/02.SalesMarketing/Male/Experienced/ckmk_q_sm_m_e_227911.wav"},"answer":{"fileFormat":"wav","fileSize":2899278,"duration":90600,"samplingBit":16,"channelCount":1,"samplingRate":"16kHz","audioPath":"/Mock/02.SalesMarketing/Male/Experienced/ckmk_a_sm_m_e_227911.wav"}}}