{"version":"1.0","dataSet":{"info":{"date":"20230116","occupation":"SM","channel":"MOCK","place":"ONLINE","gender":"MALE","ageRange":"35-44","experience":"EXPERIENCED"},"question":{"raw":{"text":"지원자님께서는 지금 이 분야에 대해 지원하시기 위해서 어떠한 노력을 하셨는지 그간 어떤 노력을 하셨는지 간략하게 생각나는 대로 말씀 부탁드립니다","wordCount":19},"emotion":[],"intent":[]},"answer":{"raw":{"text":"저는 영업 판매를 하기 위해서 어릴 째부터 판촉 및 마트에서 판매 전문을 담당했습니다. 예를 들어서 마트 행사가 있으면 와인 마트 행사 대회에서 한 달 동안 지속적으로 와인에 대해서 공부를 합니다. 그리고 커피 판매대에 가게 되면 커피에 대해서 한 달 동안 지속적으로 공부를 합니다. 이러한 지속적인 공부를 통해서 고객들에게 많은 정보를 제공할 수 있고 판매를 일으키지 못하지만 고객들에게 브랜딩을 할 수 있습니다. 예를 들어서 제가 좋아하는 콜드 브르 라떼에 대해서 어떤 고객들에게 시연을 하게 됩니다. 고객님이 콜드 브루가 무엇이며 콜드 브루 라떼는 어떤 맛입니까 라고 물어봤을 때 콜드 브르 라떼를 모르는 사람들이 기본적으로 팔십 퍼센트가 넘습니다. 그럴 때 콜드 브르는 더치 커피이고 더치 커피는 찬물로 만들어서 카페인이 굉장히 적습니다. 카페인이 적기 때문에 카페인을 드셨을 때 심장 떨림이라든가 두근거림을 줄일 수 있습니다. 이런 식으로 기본 판매에 대한 어떤 스킬을 익힙니다. 그리고 고객들과 공감대를 형성할 수 있는 심리학을 많이 공부했습니다. 우리는 심리학에서 공감대 형성을 라포라고 부르는데요. 라포를 많이 형성하다 보면 고객은 이 제품이 필요하기도 하지만 이 사람과 공감대를 형성했기 때문에 이 제품을 사야 된다 라고 하는 어떤 마음의 빛을 지게 됩니다. 그러면 마음의 빚 때문에 물건을 많이 사는 경우들이 많습니다.","wordCount":177},"emotion":[{"text":"우리는 심리학에서 공감대 형성을 라포라고 부르는데요.","expression":"u-fact","category":"neutral"}],"intent":[{"text":"예를 들어서 마트 행사가 있으면 와인 마트 행사 대회에서 한   달 동안 지속적으로 와인에 대해서 공부를 합니다.","expression":"s_brand_strt","category":"technology"},{"text":"그리고 커피 판매대에 가게 되면 커피에   대해서 한 달 동안 지속적으로 공부를 합니다.","expression":"s_brand_strt","category":"technology"},{"text":"이러한 지속적인 공부를 통해서 고객들에게   많은 정보를 제공할 수 있고 판매를 일으키지 못하지만 고객들에게 브랜딩을 할 수 있습니다.","expression":"s_brand_strt","category":"technology"}],"summary":{"text":"영업 판매를 하기 위해서 어릴 째부터 판촉 및 마트에서 판매 전문을 담당했습니다. 마트 행사 대회에서 한 달 동안 지속적으로 와인에 대해 공부하고, 커피 판매대에서는 커피에 대해 한 달 간 지속적으로 공부를 합니다. 이런 지속적인 공부를 통해서 고객들에게 많은 정보를 제공하고 판매를 일으키지 못하지만 고객들에게 브랜딩을 할 수 있습니다.","wordCount":48}}},"rawDataInfo":{"question":{"fileFormat":"wav","fileSize":526478,"duration":16450,"samplingBit":16,"channelCount":1,"samplingRate":"16kHz","audioPath":"/Mock/02.SalesMarketing/Male/Experienced/ckmk_q_sm_m_e_164952.wav"},"answer":{"fileFormat":"wav","fileSize":2835598,"duration":88610,"samplingBit":16,"channelCount":1,"samplingRate":"16kHz","audioPath":"/Mock/02.SalesMarketing/Male/Experienced/ckmk_a_sm_m_e_164952.wav"}}}