{"version":"1.0","dataSet":{"info":{"date":"20230116","occupation":"SM","channel":"MOCK","place":"ONLINE","gender":"MALE","ageRange":"35-44","experience":"EXPERIENCED"},"question":{"raw":{"text":"현대 사회에서는 어 여러 가지 직업군이 계속해서 생기고 있는데요 현대 사회에서는 없어서 나왔는데 어 본인이 생각하기에 가장 중요한 직업은 무엇입니까","wordCount":20},"emotion":[],"intent":[]},"answer":{"raw":{"text":"현대사회에서 꼭 필요한 직업은 바로 소프트웨어 개발자 및 엔지니어라고 생각합니다. 예전에는 단순히 물리력 또는 이 인력으로 일을 해결했다면 이제는 소프트웨어 및 기구 설계 또는 머신 러닝 딥 러닝 등으로 모든 업무를 처리할 수 있는 시대가 되었습니다. 최근에 공장 자동화라든가 웬만한 시스템 업무들 또는 데이터 수집 또는 마케팅 업무들은 웬만한 머신 러닝이나 딥 러닝이 더 사람보다 완벽하게 할 수 있고 사람이 하는 어떤 피로 또는 업무에 대한 반복 그런 것들을 다 피해 나갈 수가 있습니다. 공장 자동화 역시 요즘은 팩터리 오토메이션이라고 해서 모든 시스템이 인공지능에 의해서 돌아가기도 하고 인공지능에 의해서 돌아가게 되면 불량률도 줄어들고 생산률은 훨씬 더 높아지게 됩니다. 특히나 요즘 카페나 이런 것도 인공지능이 주문을 받고 로봇이 카페에서 커피를 중 재조 받고 그다음에 음료수를 만들어서 사람들에게 제 제공을 합니다. 그런데 실제로 블라인드 테스트를 했을 때 로봇이 만든 커피와 바리스타가 만든 커피의 맛의 차이는 거의 없다고 합니다. 즉 다시 말해서 이제는 사람이 할 수 있는 일을 기계가 대처함으로써 기계를 움직일 수 있는 소프트웨어 전문가와 개발자들이 필요하다고 생각합니다.","wordCount":156},"emotion":[],"intent":[{"text":"","expression":"","category":"attitude"}],"summary":{"text":"현대사회에서 꼭 필요한 직업은 소프트웨어 개발자 및 엔지니어입니다. 기계가 사람이 할 수 있는 일을 대처함으로써 기계를 움직일 수 있는 소프트웨어 전문가와 개발자들이 필요하다고 생각합니다.","wordCount":24}}},"rawDataInfo":{"question":{"fileFormat":"wav","fileSize":474638,"duration":14830,"samplingBit":16,"channelCount":1,"samplingRate":"16kHz","audioPath":"/Mock/02.SalesMarketing/Male/Experienced/ckmk_q_sm_m_e_195790.wav"},"answer":{"fileFormat":"wav","fileSize":2752398,"duration":86010,"samplingBit":16,"channelCount":1,"samplingRate":"16kHz","audioPath":"/Mock/02.SalesMarketing/Male/Experienced/ckmk_a_sm_m_e_195790.wav"}}}