{"version":"1.0","dataSet":{"info":{"date":"20230116","occupation":"SM","channel":"MOCK","place":"ONLINE","gender":"MALE","ageRange":"35-44","experience":"EXPERIENCED"},"question":{"raw":{"text":"지원자님이 만약에 이 면접에서 최종 탈락을 하신다면 어 어떤 부분이 부족해서 탈락했다고 생각하시는지 궁금합니다","wordCount":14},"emotion":[],"intent":[]},"answer":{"raw":{"text":"제가 오늘 이 면접에 탈락을 하게 된다면 아마 전공 점수가 좀 많이 낮고 이 회사에 업무와 조금 맞지 않는 부분이 있다고 생각합니다. 저는 빅데이터를 기반으로 한 머신 러닝 또는 딥 러닝을 통해서 판매 전략을 세우고 그 분야에서 어떻게 성공할 수 있는지에 대한 프로젝트 만을 많이 해 왔습니다. 하지만 이 회사는 아직은 디지털 트렌스 포메이션이 완벽히 이뤄지지 않았고 아날로그 방식의 판매 전략에 의해서 저의 판매 전략과는 조금 많이 다르다고 생각합니다. 그렇게 해서 이 회사에 어떤 경영 전략이나 시스템과는 맞지 않아서 탈락을 했을 것이라고 생각합니다.","wordCount":83},"emotion":[],"intent":[{"text":"","expression":"","category":"attitude"}],"summary":{"text":"저는 빅데이터를 기반으로 한 머신 러닝 또는 딥 러닝을 통해서 판매 전략을 세우고 그 분야에서 어떻게 성공할 수 있는지에 대한 프로젝트 만을 해 왔지만 이 회사에 어떤 경영 전략이나 시스템과는 맞지 않아 탈락을 했을 것입니다.","wordCount":35}}},"rawDataInfo":{"question":{"fileFormat":"wav","fileSize":389198,"duration":12160,"samplingBit":16,"channelCount":1,"samplingRate":"16kHz","audioPath":"/Mock/02.SalesMarketing/Male/Experienced/ckmk_q_sm_m_e_197363.wav"},"answer":{"fileFormat":"wav","fileSize":1399758,"duration":43740,"samplingBit":16,"channelCount":1,"samplingRate":"16kHz","audioPath":"/Mock/02.SalesMarketing/Male/Experienced/ckmk_a_sm_m_e_197363.wav"}}}