{"version":"1.0","dataSet":{"info":{"date":"20230116","occupation":"SM","channel":"MOCK","place":"ONLINE","gender":"MALE","ageRange":"35-44","experience":"EXPERIENCED"},"question":{"raw":{"text":"지원자님은 특별히 가고 싶은 회사가 있나요 특정 도메인이 중요한지 회사의 분위기가 중요한지 어떤 점을 중점적으로 보시는지 설명해 주세요","wordCount":18},"emotion":[],"intent":[]},"answer":{"raw":{"text":"네 특별히 가고 싶은 회사 또는 회사의 분위기 어떤 걸 중점적으로 보는지에 대해서 저에 생각과 의견을 답변 드리도록 하겠습니다. 저는 이 부분에 대해서는 정확히 일 번이라고 하자면 회사에 분위기가 일 번이 될 것 같습니다. 웃음이 많고 부드럽고 딱딱하지 않은 그런 회사들이 있습니다. 최고 경영자 씨이오에 그 경영 방식과 그런 것들이 많이 접목될 것 같은데 이렇게 군대 방식으로 진행되는 회사가 있을 것이고 이렇게 부드럽고 대 직원들끼리 대화도 많고 웃음이 많은 그런 회사들이 왜 제가 일 번으로 생각하냐면 저는 어느 회사를 들어가든 그 회사에서 십 년 이십 년 삼십 년 장기근속을 해야 한다고 생각합니다. 그러기 때문에 장기적으로 봤을 때는 연봉이 좀 적고 조금 뭐 복지는 안 좋더라도 이런 회사에 분위기가 좋아야 장기근속 하는데 매우 유리하기 때문에 제가 특별히 가고 싶은 회사는 이런 딱딱하지 않고 정체되지 않고 이런 부드러운 분위기를 가지는 회사를 제일 선호하고 어 제일 가고 싶은 회사가 되겠습니다. 네 이상입니다.","wordCount":139},"emotion":[],"intent":[{"text":"","expression":"","category":"attitude"}],"summary":{"text":"저는 특별히 가고 싶은 회사 또는 회사의 분위기를 일 번으로 꼽고 싶습니다. 군대 방식으로 진행되는 회사, 부드럽고 딱딱하지 않은 회사, 십 년 20 년 30 년 장기근속하는 회사, 이런 부드러운 분위기를 가지는 회사를 가장 선호하고 가장 가고 싶은 회사가 되겠습니다.","wordCount":40}}},"rawDataInfo":{"question":{"fileFormat":"wav","fileSize":515278,"duration":16100,"samplingBit":16,"channelCount":1,"samplingRate":"16kHz","audioPath":"/Mock/02.SalesMarketing/Male/Experienced/ckmk_q_sm_m_e_226592.wav"},"answer":{"fileFormat":"wav","fileSize":2723278,"duration":85100,"samplingBit":16,"channelCount":1,"samplingRate":"16kHz","audioPath":"/Mock/02.SalesMarketing/Male/Experienced/ckmk_a_sm_m_e_226592.wav"}}}