{"version":"1.0","dataSet":{"info":{"date":"20230116","occupation":"SM","channel":"MOCK","place":"ONLINE","gender":"MALE","ageRange":"-34","experience":"EXPERIENCED"},"question":{"raw":{"text":"역사 속에서 존경하는 인물을 말씀해 주세요 그리고 그 인물을 가장 존경하는 이유도 같이 말씀해 주세요","wordCount":15},"emotion":[],"intent":[]},"answer":{"raw":{"text":"제가 가장 존경하는 인물은 봉이 김선달 입니다. 봉이 김선달은 영업을 하는 사람이라면 누구나 한 번쯤 들어봤을 만한 이름입니다. 영업을 하는 사람은 최대한 많은 제품이나 서비스를 판매를 해야 되고 거기에 따른 이익을 극대화해야 된다 된다고 생각합니다. 조선시대에 이렇게 크게 이윤을 받던 장사꾼인 봉이 김선달은 지금까지도 그 이름을 남기고 있는데요. 이런 모습을 보았을 때 영업을 하는 제가 후대의 이름을 남기게 된다면 큰 영광이라고 생각을 합니다. 그래서 장사를 하면서 큰 이윤을 보고 이름을 남기고 있는 봉이 김선달처럼 되고 싶은 게 저의 목표입니다.","wordCount":79},"emotion":[{"text":"제가 가장 존경하는 인물은 봉이 김선달 입니다.","expression":"p-affection","category":"positive"}],"intent":[{"text":"","expression":"","category":"attitude"}],"summary":{"text":"제가 가장 존경하는 봉이 김선달은 조선시대에 크게 이윤을 받던 장사꾼인 것으로 후대에 이름을 남기게 된다면 큰 영광이라고 생각합니다. 그래서 봉이 선달처럼 되고 싶은 게 저의 목표입니다.","wordCount":26}}},"rawDataInfo":{"question":{"fileFormat":"wav","fileSize":293198,"duration":9160,"samplingBit":16,"channelCount":1,"samplingRate":"16kHz","audioPath":"/Mock/02.SalesMarketing/Male/Experienced/ckmk_q_sm_m_e_218863.wav"},"answer":{"fileFormat":"wav","fileSize":2103118,"duration":65720,"samplingBit":16,"channelCount":1,"samplingRate":"16kHz","audioPath":"/Mock/02.SalesMarketing/Male/Experienced/ckmk_a_sm_m_e_218863.wav"}}}