{"version":"1.0","dataSet":{"info":{"date":"20230116","occupation":"SM","channel":"MOCK","place":"ONLINE","gender":"MALE","ageRange":"35-44","experience":"EXPERIENCED"},"question":{"raw":{"text":"우리 회사 제품 중 본인이 직접 해외 물건을 파는 사업을 한다면 어떤 제품을 팔 것인지 말씀해 주세요","wordCount":17},"emotion":[],"intent":[]},"answer":{"raw":{"text":"어 직접 회의에 나가서 어 어떤 물건을 팔아서 그 사업을 번창시켜야 하는 확장시켜서 회사에 이익이 될 수 있다고 생각을 해 봤습니다. 그 부분에 대해서 답변 드리겠습니다. 일단 가장 해외에 나가서 영향력이 있는 게 무엇일까 생각해 봤는데 일단 대한민국이 자동차 부분과 이런 핸드폰 부분 이런 부분에서 되게 세계에서 뒤지지 않는다고 생각을 합니다. 그래서 새롭게 어떤 물건을 팔 수 있다고 한다 면은 어 핸드폰과 관련된 것과 핸드폰을 하게 되면 당연히 이제 통신업무가 중요할 겁니다. 그런 통신업무에 관련된 뭐 인터넷이라든지 뭐 와이 파이 뭐 이런 부분에 대해서 이 통신망을 구축을 해 주고 그 나라에서 이 나라를 대상으로 사업을 하게 된다면은 엄청나게 큰 회사의 이익이 되지 않을까 싶습니다. 그래서 이런 우리나라에 빨리빨리 문화에 적용되다 보니 이런 빠른 인터넷 속도 이런 것들을 팔게 되면은 엄청난 성과가 있지 않을까 싶습니다. 이상입니다.","wordCount":125},"emotion":[],"intent":[{"text":"그래서 새롭게 어떤 물건을 팔 수 있다고 한다 면은 어 핸드폰과 관련된 것과 핸드폰을 하게 되면 당연히 이제 통신업무가 중요할 겁니다.","expression":"s_brand_strt","category":"technology"},{"text":"그런 통신업무에 관련된 뭐 인터넷이라든지 뭐 와이 파이 뭐 이런 부분에 대해서 이 통신망을 구축을 해 주고 그 나라에서 이 나라를 대상으로 사업을 하게 된다면은 엄청나게 큰 회사의 이익이 되지 않을까 싶습니다.","expression":"s_brand_strt","category":"technology"},{"text":"그래서 이런 우리나라에 빨리빨리 문화에 적용되다 보니 이런 빠른 인터넷 속도 이런 것들을 팔게 되면은 엄청난 성과가 있지 않을까 싶습니다.","expression":"s_brand_strt","category":"technology"}],"summary":{"text":"핸드폰과 관련된 것과 핸드폰을 하게 되면 통신업무가 중요합니다. 통신업무에 관련된 통신망을 구축해 주고 그 나라에서 사업을 하게 된다면 엄청난 성과가 있지 않을까 싶습니다.","wordCount":23}}},"rawDataInfo":{"question":{"fileFormat":"wav","fileSize":453838,"duration":14180,"samplingBit":16,"channelCount":1,"samplingRate":"16kHz","audioPath":"/Mock/02.SalesMarketing/Male/Experienced/ckmk_q_sm_m_e_214695.wav"},"answer":{"fileFormat":"wav","fileSize":2648718,"duration":82770,"samplingBit":16,"channelCount":1,"samplingRate":"16kHz","audioPath":"/Mock/02.SalesMarketing/Male/Experienced/ckmk_a_sm_m_e_214695.wav"}}}