{"version":"1.0","dataSet":{"info":{"date":"20230116","occupation":"SM","channel":"MOCK","place":"ONLINE","gender":"MALE","ageRange":"35-44","experience":"EXPERIENCED"},"question":{"raw":{"text":"일을 하시면서 가장 어려울 것으로 예상되는 것은 어떤 것이 있는지요 어 그리고 또 그것에 대처하기 위해서는 어떻게 하실 생각인지 아 그 생각에 대해서 말씀해 주시기 바랍니다","wordCount":26},"emotion":[],"intent":[]},"answer":{"raw":{"text":"현재에 업무를 할 때 가장 어려울 것으로 예상되는 것은 업무에 양이 지속적으로 많이 쌓일 것인 것과 인원이 부족하다는 것 그 다음에 이 제품을 개발 또는 판매하기 위한 예산이 너무 적다는 것입니다. 예를 들어 현재 아홉 시부터 여섯 시까지 할 수 있는 근무의 양보다는 훨씬 더 많을 것이고 야간 근무 또는 주말 근무 공휴일 근무를 하게 될 것인데 이때는 회사에서 어떻게 보상안을 마련해 줄 지를 먼저 알아야 될 것 같습니다. 그리고 삼 개월 육 개월 정도는 기존에 있는 직원으로 이런 업무량을 처리한다고 하더라도 이것은 주먹구구에 불과하지 저 그 근본적인 해결책은 절대 될 수가 없습니다. 그랬을 때 제가 입사하고 난 다음에 몇 개월 후에 또는 일 년 후에는 티오를 충원해 주실 수 있는지 그리고 티오가 충원되면 이거에 대한 대한 사업부가 생성이 되고 예산이 배정이 되는지도 궁금합니다. 지금 일을 해결하다 보면 판매 전략 비용 및 마케팅 비용이 현재보다는 일 점 오 배에서 두 배 정도 더 많이 소요될 것으로 생각하고 그렇게 영업을 하는 데 있어서 판매 전략 비용을 쓰게 되면 또 그만큼 많은 물량을 받아들이게 될 것입니다. 그러면 그 물량을 해결하기 위하고 그 물량을 판매하기 위한 인원이 많이 필요하기 때문에 그런 업무들을 회사에서 정확히 지침을 마련해 주셨으면 좋겠습니다.","wordCount":185},"emotion":[],"intent":[{"text":"","expression":"","category":"attitude"}],"summary":{"text":"현재 업무를 할 때 가장 어려운 것은 업무에 양이 지속적으로 많이 쌓일 것이고, 인원이 부족하고, 이 제품을 개발 또는 판매하기 위한 예산이 너무 적다는 것입니다. 판매 전략 비용을 쓰게 되면 그만큼 많은 물량을 받아들이게 될 것입니다. 그럼 그 물량을 해결하기 위하고 그 인원을 해결하기 위한 업무들을 회사에서 정확히 지침을 마련해 주셨으면 좋겠습니다.","wordCount":52}}},"rawDataInfo":{"question":{"fileFormat":"wav","fileSize":505678,"duration":15800,"samplingBit":16,"channelCount":1,"samplingRate":"16kHz","audioPath":"/Mock/02.SalesMarketing/Male/Experienced/ckmk_q_sm_m_e_197372.wav"},"answer":{"fileFormat":"wav","fileSize":2818638,"duration":88080,"samplingBit":16,"channelCount":1,"samplingRate":"16kHz","audioPath":"/Mock/02.SalesMarketing/Male/Experienced/ckmk_a_sm_m_e_197372.wav"}}}