{"version":"1.0","dataSet":{"info":{"date":"20230116","occupation":"SM","channel":"MOCK","place":"ONLINE","gender":"MALE","ageRange":"55-","experience":"EXPERIENCED"},"question":{"raw":{"text":"나만의 스트레스 해소법이 있는지 있다면 왜 그런 방법으로 스트레스를 해소하시는지 구체적으로 말씀해 주실 수 있을까요","wordCount":15},"emotion":[],"intent":[]},"answer":{"raw":{"text":"나만의 스트레스 해소법이 있는지 있다면 왜 그런 방법으로 스트레스를 해소하는지 말씀해 주시겠어요. 네 저는 스트레스 해소법으로는 아 주로 영화를 감상하고 아 음악을 감상하는 쪽에서 스트레스를 해결하는 경우가 많이 있습니다. 아 그것은 제가 그 정신적으로 그러한 스트레스를 받았을 때에는 그런 부분들이 상당히 좀 좋은 방법입니다. 하지만 스트레스를 더 강하게 받았을 때는 제가 체육관에 가서 탁구라든가 다른 족구라든가 운동을 많이 합니다. 땀을 많이 배출하고 그리고 또한 집중적으로 하게 되면 아 땀을 배출함에 있어서 스트레스도 해소되는 경우가 많이 있습니다. 그럴 경우에는 제가 종종 많이 사용하는 방법입니다. 아 땀 배출에 있어서는 어 스트레스를 해결하는 방법이 가장 좋다고 생각하기 때문입니다. 그래서 제가 주로 한 달에 한 열 번 이상은 탁구라든가 그러한 축구라든가 이런 것들을 많이 합니다. 어떻게 보면 그것이 또 스트레스를 많이 해소하는 그런 방법입니다. 그래서 제가 웬만해서는 아 음악이라든가 영화 감상을 통해서 실내에서 스트레스를 해결하는 그런 방법들이 종종 많이 있습니다. 될 수 있으면 작은 스트레스믄 어 좋긴 하겠습니다.","wordCount":144},"emotion":[],"intent":[{"text":"","expression":"","category":"attitude"}],"summary":{"text":"스트레스 해소법으로는 주로 영화를 감상하고 음악을 감상하는 쪽으로 스트레스를 해소하는 경우가 많은데, 더 강하게 스트레스를 받았을 때는 탁구나 족구 등을 통해 스트레스를 해소하고 있습니다. 되도록이면 음악이나 영화 감상을 통해서 실내에서 스트레스를 해결하는 방법들이 종종 많이 있었으면 좋겠습니다.","wordCount":37}}},"rawDataInfo":{"question":{"fileFormat":"wav","fileSize":595918,"duration":18620,"samplingBit":16,"channelCount":1,"samplingRate":"16kHz","audioPath":"/Mock/02.SalesMarketing/Male/Experienced/ckmk_q_sm_m_e_227907.wav"},"answer":{"fileFormat":"wav","fileSize":2842958,"duration":88840,"samplingBit":16,"channelCount":1,"samplingRate":"16kHz","audioPath":"/Mock/02.SalesMarketing/Male/Experienced/ckmk_a_sm_m_e_227907.wav"}}}