{"version":"1.0","dataSet":{"info":{"date":"20230116","occupation":"SM","channel":"MOCK","place":"ONLINE","gender":"MALE","ageRange":"55-","experience":"EXPERIENCED"},"question":{"raw":{"text":"다른 사람이 생각하는 본인의 장점이나 단점이 무엇이 있다고 생각하세요 그렇게 생각하시는 이유도 같이 말씀해 주시겠어요","wordCount":15},"emotion":[],"intent":[]},"answer":{"raw":{"text":"다른 사람이 생각하는 지원자님의 장단점은 뭐라고 생각하시나요. 이유도 함께 말씀해 주세요. 아 예 저는 아 장점으로 말하면은 온유한 성격이라고 할 수 있습니다. 제가 이렇게 악의적인 그러한 성격을 가지고 어 싫은 소리라든가 어 저런 악행을 하는 그런 적은 해 본 적이 별로 없었습니다. 하지만은 선한 능력을 가지고 어 좋은 관계와 또한 많은 사람들과 좋은 관계를 통하여서 수평적인 관계 수직적인 관계에서 늘 좋은 평점을 얻었다고 생각을 합니다. 그리고 또한 그 업무에서도 그러한 것이 어 지장이 안 되고 늘 저한테도 어 플러스 요인이 됐었고 우리 동료들한테도 늘 선행에 그러한 아 장점이 되었다고 생각합니다. 그리고 제가 단점으로 말하면 제가 크리스찬이다 보니까 아 술 하고 담배 또한 그러한 음 분야에서 제가 관심이 없다 보니까 많은 사람 어려운 사람 어려운 환경 속에서 이렇게 어 대화를 시작할 때 그 어려운 쪽에서 그러한 아이스 브레이크를 할 때 그런 것들이 좀 어려웠던 적은 있습니다. 하지만 그런 것들은 큰 문제가 아니라고 생각을 합니다. 그리고 또한 제가 소심한 성격이고 혼자 일을 할려고 하는 그러한 성격도 좀 있습니다. 그런 성격이 어떻게 보면 단점이 될 수도 있는 것 같습니다. 그런 부분으로 인해서 저를 처음에 이렇게 사귈 때는 좀 시간이 걸리는 부분도 많았다고 생각합니다. 아 그런 분만 아 지나고 난다면은 원활하고 어 숙련된 그러한 어 좋은 관계를 유지할 수 있을 거라고 생각합니다.","wordCount":198},"emotion":[],"intent":[{"text":"아 예 저는 아 장점으로 말하면은 온유한 성격이라고 할 수 있습니다.","expression":"c_person","category":"background"},{"text":"그리고 또한 제가 소심한 성격이고 혼자 일을 할려고 하는 그러한 성격도 좀 있습니다.","expression":"c_person","category":"background"}],"summary":{"text":"지원자님의 장점은 온유한 성격이며 선한 능력을 가지고 좋은 사람들과 좋은 관계를 통하여서 좋은 평점을 얻었다고 생각합니다. 단점은 제가 크리스찬이다 보니 술과 담배에 관심이 없어서 어려운 환경 속에서 대화를 할 때 어려웠던 적은 있지만 큰 문제는 아니라고 생각합니다. 소심한 성격이고 혼자 일을 하려는 성격도 있습니다. 그런 성격이 단점이 될 수도 있지만 그런 분만 지나고 나면 원활하고 숙련된 좋은 관계를 유지할 수 있을 거라고 생각합니다.","wordCount":63}}},"rawDataInfo":{"question":{"fileFormat":"wav","fileSize":328718,"duration":10270,"samplingBit":16,"channelCount":1,"samplingRate":"16kHz","audioPath":"/Mock/02.SalesMarketing/Male/Experienced/ckmk_q_sm_m_e_229009.wav"},"answer":{"fileFormat":"wav","fileSize":3731918,"duration":116620,"samplingBit":16,"channelCount":1,"samplingRate":"16kHz","audioPath":"/Mock/02.SalesMarketing/Male/Experienced/ckmk_a_sm_m_e_229009.wav"}}}