{"version":"1.0","dataSet":{"info":{"date":"20230116","occupation":"SM","channel":"MOCK","place":"ONLINE","gender":"MALE","ageRange":"-34","experience":"EXPERIENCED"},"question":{"raw":{"text":"어 커뮤니케이션을 잘 할 수 있는 본인만의 스킬이 있으신가요 있으시다면 한 번 소개해 주시길 바랍니다 어 직접 한번 보여주셔도 좋습니다","wordCount":20},"emotion":[],"intent":[]},"answer":{"raw":{"text":"네 커뮤니케이션에 있어서 어 저만의 스킬이 있는데 그건 바로 공감대를 이끌어내는 능력입니다. 그래서 그 사람을 처음 만났을 때도 어색하지 않게 커뮤니케이션을 하는 방법은 어 식사를 했느냐 라는 등의 어 가벼운 인사로부터 시작을 하고 그 후에 공감대를 이끌어내는 방식으로 하다 보면 그 사람과의 커뮤니케이션이 어렵지 않다 라고 생각합니다. 어 쉽게 한 번 예를 들어보면 어 좋은 아침입니다 식사하셨습니까 라고 이야기를 한 후에 그분이 아침으로 어 김치찌개를 먹었다 라고 하면 아 제가 김치찌개 굉장히 잘하는 집 알고 있는데 다음에 김치찌개 한번 같이 드시죠 라는 식으로 공감대를 이끌어내면서 대화를 이어나가면 어 좀 더 편하게 커뮤니케이션을 할 수 있었던 것 같습니다.","wordCount":97},"emotion":[],"intent":[{"text":"","expression":"","category":"attitude"}],"summary":{"text":"커뮤니케이션에 있어서 저만의 스킬은 공감대를 이끌어내는 능력입니다. 그 사람과 처음 만날 때도 가벼운 인사로 시작하고 그 후 공감대를 이끌어가는 방식으로 하다 보면 그 사람과의 커뮤니케이션이 어렵지 않다 라고 생각합니다.","wordCount":29}}},"rawDataInfo":{"question":{"fileFormat":"wav","fileSize":427598,"duration":13360,"samplingBit":16,"channelCount":1,"samplingRate":"16kHz","audioPath":"/Mock/02.SalesMarketing/Male/Experienced/ckmk_q_sm_m_e_192262.wav"},"answer":{"fileFormat":"wav","fileSize":2240718,"duration":70020,"samplingBit":16,"channelCount":1,"samplingRate":"16kHz","audioPath":"/Mock/02.SalesMarketing/Male/Experienced/ckmk_a_sm_m_e_192262.wav"}}}