{"version":"1.0","dataSet":{"info":{"date":"20230116","occupation":"SM","channel":"MOCK","place":"ONLINE","gender":"MALE","ageRange":"35-44","experience":"EXPERIENCED"},"question":{"raw":{"text":"앞으로 삼 년 내에 이루고자 하는 자신의 주요 성장 계획이나 목표가 있으십니까","wordCount":12},"emotion":[],"intent":[]},"answer":{"raw":{"text":"아 삼 년 내 저의 주요 성장 계획이나 목표에 대해서 말씀드리겠습니다. 아 일단 삼 년 내에 그 상급 업무를 맡을 수 있도록 최선을 다 할 것 같습니다. 그럴려면은 지금 좀 부족한 부분에 대해서 스펙이나 이런 부분들을 더 보완해야 할 것이고 그 자기계발을 통한 어 상급 업무를 갈 수 있도록 더욱더 노력할 것 같습니다. 어 삼 년 이후에는 아마 안 자리를 잡고 안정된 모습이 있을 건데 어 제가 그 전 회사나 지금까지 가졌던 경력 노하우를 통한 어 최대한 빠르게 회사에 도움이 되는 그런 직원이 될 수 있도록 하는 게 저의 성장 계획이고 뭐 개인적인 목표라 하면은 어 지금 이제 제 결혼하고 자녀가 있는데 어 내 집 마련에 대한 개인적인 목표도 있습니다. 그러한 목표에 대한 것을 이루기 위해서는 당연히 제가 어느 정도 사회적인 안전한 지위가 또 있어야 할 것이고 여러 가지 제 목표를 갖고 있는데 삼 년이 아닌 오 년 오 년 뒤 십 년 뒤에 모습까지 잘 그려서 아 원하는 대로 다 이루고 또 회사에도 이익이 되는 회사의 이익 창출이 될 수 있는 그런 데 도움이 되는 직원이 되는 게 제 목표가 되겠습니다. 이상입니다.","wordCount":173},"emotion":[],"intent":[{"text":"아 일단 삼 년 내에 그 상급 업무를 맡을 수 있도록 최선을 다 할 것 같습니다.","expression":"c_chl","category":"personality"}],"summary":{"text":"삼 년 내에 상급 업무를 맡을 수 있도록 최선을 다할 것 같습니다. 삼년 이후에는 전 회사나 지금까지 가졌던 경력 노하우를 통해 회사에 도움이 되는 그런 직원이 되는 게 제 성장 계획이고 개인적인 목표는 제 집 마련에 대한 목표도 있습니다. 이를 이루기 위해서는 사회적인 안전한 지위가 있어야 할 것이고 회사의 도움이 되는 직원이 되는 것 또한 목표가 되겠습니다.","wordCount":57}}},"rawDataInfo":{"question":{"fileFormat":"wav","fileSize":327758,"duration":10240,"samplingBit":16,"channelCount":1,"samplingRate":"16kHz","audioPath":"/Mock/02.SalesMarketing/Male/Experienced/ckmk_q_sm_m_e_107663.wav"},"answer":{"fileFormat":"wav","fileSize":2796238,"duration":87380,"samplingBit":16,"channelCount":1,"samplingRate":"16kHz","audioPath":"/Mock/02.SalesMarketing/Male/Experienced/ckmk_a_sm_m_e_107663.wav"}}}