{"version":"1.0","dataSet":{"info":{"date":"20230116","occupation":"SM","channel":"MOCK","place":"ONLINE","gender":"MALE","ageRange":"55-","experience":"EXPERIENCED"},"question":{"raw":{"text":"지원자님께서 일로 인해서 중국으로 출장 갈 일이 생겼습니다 만약에 지원자님은 중국으로 출장 갈 일이 있을 때 중국 출장도 괜찮으신가 지원자님의 생각은 어떠신가요 대답해 보세요","wordCount":24},"emotion":[],"intent":[]},"answer":{"raw":{"text":"일을 하게 되면 중국으로 출장을 갈 일이 조금 생길 수도 있습니다 중국 출장도 괜찮으신가요. 아 예 아 제가 원하는 것은 국내에서의 그 영업 뿐만이 아니라 해외에서의 그 영업과 아 또한 어 해외 그러한 낙후된 그러한 나라에서도 어 출장을 많이 다녔습니다. 아 그런데 중국으로의 출장 가는 것은 그렇게 어려운 일은 아니라고 생각을 합니다. 그리고 또한 제가 중국에서의 출장을 또한 많이 했었고 중국과의 그러한 거래 관계도 많이 있었습니다. 어 청주와 또한 베이징과 상해와 또한 아 이런 분야에서 제가 이 일을 좀 어 했던 경험이 있었고 출장을 어 또한 자주 갔던 적이 있었습니다. 그런 면에서 볼 때 중국은 어떻게 보면 어 친화적인 그러한 나라가 될 수 있다 고 생각을 합니다. 여태까지 해왔던 그러한 아 일들 가운데 또한 중국에 포함된 일들이 많았던 것이기 때문에 중국으로의 출장은 그렇게 어렵지 않다고 보여집니다. 하지만 제가 중국어를 잘하거나 이해하거나 그러지 못하는 부분이 있어서 어 단점은 될 수도 있다고 생각합니다. 하지만 조선족과의 그런 관계들 이런 것들을 잘 연결이 된다면 중국으로의 출장은 어 어렵지 않다고 보여집니다. 중국에서의 그러한 아 출장 가운데 비즈니스의 역량은 더욱더 많이 있습니다. 좋은 제품들도 많고 좋은 거래선도 여태까지 많이 있었기 때문에 아 귀사에 많은 도움이 될 것이라고 생각을 합니다.","wordCount":183},"emotion":[{"text":"어 청주와 또한 베이징과 상해와 또한 아 이런 분야에서 제가 이 일을 좀 어 했던 경험이 있었고 출장을 어 또한 자주 갔던 적이 있었습니다.","expression":"u-fact","category":"neutral"}],"intent":[{"text":"","expression":"","category":"attitude"}],"summary":{"text":"저는 국내 뿐만 아니라 해외에서의 영업과 해외의 낙후된 나라에서의 출장을 많이 다녔기 때문에 중국으로의 출장은 어렵지 않다고 생각합니다. 또한 중국에서의 출장 가운데 비즈니스의 역량은 더욱더 많이 있으므로 귀사에 많은 도움이 될 것이라고 생각합니다.","wordCount":33}}},"rawDataInfo":{"question":{"fileFormat":"wav","fileSize":602638,"duration":18830,"samplingBit":16,"channelCount":1,"samplingRate":"16kHz","audioPath":"/Mock/02.SalesMarketing/Male/Experienced/ckmk_q_sm_m_e_240845.wav"},"answer":{"fileFormat":"wav","fileSize":3793998,"duration":118560,"samplingBit":16,"channelCount":1,"samplingRate":"16kHz","audioPath":"/Mock/02.SalesMarketing/Male/Experienced/ckmk_a_sm_m_e_240845.wav"}}}