{"version":"1.0","dataSet":{"info":{"date":"20230116","occupation":"SM","channel":"MOCK","place":"ONLINE","gender":"MALE","ageRange":"45-54","experience":"EXPERIENCED"},"question":{"raw":{"text":"만약 본인께서 오늘 면접에서 떨어진다면 본인이 어떤 점이 부족해서 떨어졌다라고 생각할지 어 본인은 그것을 알고 있을지 한번 생각 좀 말씀해 보세요","wordCount":21},"emotion":[],"intent":[]},"answer":{"raw":{"text":"어 아무래도 저의 어떤 경력으로나 어떤 경험으로나 있을 노련함을 제가 잘 이케 설득을 못 드린 거 그 납득시키지 않게 해 드린 거 제 잘못일 거라고 생각을 합니다. 만약에 그렇게 될 경우에 왜냐하면 저는 충분한 경험과 경력을 가지고 있다고 자부하구요. 뭐 이 정도면 사실 충분히 도움을 드릴 수 있고 저도 떳떳하고 자신 있게 일을 할 수 있는 커리어라고 생각을 합니다. 근데 그게 안 된다면 채용이 저의 노련함을 못 보신 거죠. 그럼 뭐 그걸 더 들어가면 제가 노련하지 않게 보이는 사람이었다는 거니까 보시기에 제 잘못인 거죠. 그건 또 이렇게 말씀을 드려야지 네 조금 좋게 보시지 않을까 싶은데 아 근데 맞습니다. 네 저는 근데 그만큼 자신이 있습니다. 제 일에 대해서 제 분야에 대해서는 저는 저를 믿습니다.","wordCount":113},"emotion":[],"intent":[{"text":"","expression":"","category":"attitude"}],"summary":{"text":"저는 충분한 경험과 경력을 가지고 있고 자신감 있게 일을 할 수 있는 커리어라고 생각하며, 채용이 저의 노련함을 못 보신 건 잘못이라고 생각합니다. 하지만 제 일에 대해서는 자신이 있으며 제 분야에 대해서는 믿습니다.","wordCount":32}}},"rawDataInfo":{"question":{"fileFormat":"wav","fileSize":654798,"duration":20460,"samplingBit":16,"channelCount":1,"samplingRate":"16kHz","audioPath":"/Mock/02.SalesMarketing/Male/Experienced/ckmk_q_sm_m_e_111574.wav"},"answer":{"fileFormat":"wav","fileSize":2817358,"duration":88040,"samplingBit":16,"channelCount":1,"samplingRate":"16kHz","audioPath":"/Mock/02.SalesMarketing/Male/Experienced/ckmk_a_sm_m_e_111574.wav"}}}