{"version":"1.0","dataSet":{"info":{"date":"20230116","occupation":"SM","channel":"MOCK","place":"ONLINE","gender":"MALE","ageRange":"35-44","experience":"EXPERIENCED"},"question":{"raw":{"text":"다른 사람이 생각하는 본인의 장단점은 뭐라고 생각하십니까 이유도 함께 말씀해 주시기 바랍니다","wordCount":12},"emotion":[],"intent":[]},"answer":{"raw":{"text":"네 주변 사람이 생각하는 저의 장단점에 대해서 답변 드리겠습니다. 저는 제가 느끼기에는 그 장단점이 동일할 것으로 판단이 됩니다. 어 일단 장점으로 말씀을 드리자면 좀 시간 계획이나 계획성 있게 업무를 추진하다 보니까 어 평상시에 좀 여유로워 보일 때가 많습니다. 그 이유는 아침에 좀 집중해서 최대한 오늘 급한 일 위주로 끝내다 보니까 어 솔직히 내일에도 될 일들은 조금 미룹니다. 미루고 그 시간에 맞춰서 하려고 노력을 하고 그렇게 하다 보면은 여유를 갖게 됩니다. 사람이 여유를 갖게 되면 어 위기 상황이나 뭐 우발 상황가처럼 어 갑자기 치고 들어오는 스케줄 같은 거에 대해서 집중할 수 있고 그런 거에 치고 들어오는 것에 대해서 스트레스를 받지 않게 되더라고 합니다. 그런 것들을 좀 연구하다 보니까 조금 꼼수가 생긴 건데 그런 부분에서는 이제 장점이 될 것 같고 또 그거를 반대로 단점으로 보는 사람들도 있습니다. 뭔가 좀 한가로워 보이고 서로는 항상 여유가 넘치는 어 일을 열심히 안 하나 이렇게 보는 사람들도 있었기 때문에 이 장단점이 로 선정하게 되었습니다. 이상입니다.","wordCount":149},"emotion":[],"intent":[{"text":"","expression":"","category":"attitude"}],"summary":{"text":"저는 시간 계획이나 계획성 있게 업무를 추진하다 보니 평상시에 좀 여유로워 보일 때가 많은데 그 이유는 아침에 좀 집중해서 최대한 오늘 급한 일 위주로 끝내다 보니 내일에도 될 일들은 조금 미루는 것입니다. 사람이 여유를 갖게 되면 갑자기 치고 들어오는 것에 대해서 집중할 수 있고 스트레스를 받지 않게 됩니다.","wordCount":48}}},"rawDataInfo":{"question":{"fileFormat":"wav","fileSize":307278,"duration":9600,"samplingBit":16,"channelCount":1,"samplingRate":"16kHz","audioPath":"/Mock/02.SalesMarketing/Male/Experienced/ckmk_q_sm_m_e_217003.wav"},"answer":{"fileFormat":"wav","fileSize":2626638,"duration":82080,"samplingBit":16,"channelCount":1,"samplingRate":"16kHz","audioPath":"/Mock/02.SalesMarketing/Male/Experienced/ckmk_a_sm_m_e_217003.wav"}}}