{"version":"1.0","dataSet":{"info":{"date":"20230116","occupation":"SM","channel":"MOCK","place":"ONLINE","gender":"MALE","ageRange":"35-44","experience":"EXPERIENCED"},"question":{"raw":{"text":"어 시험 기간이나 시간이 촉박한 상황에 님께서는 어떤 방식으로 시간 관리를 하셨나요 어 본인만의 시간 관리 방법을 알려주시길 바랍니다","wordCount":19},"emotion":[],"intent":[]},"answer":{"raw":{"text":"네 시험 기간이나 뭐 업무 간에 뭐 시간이 촉박할 때 어떻게 시간을 관리하는가에 대해서 시간 관리법에 대해서 답변 드리겠습니다. 일단 현대사회에서 시간 관리는 정말 중요하고 또 많은 일을 소화해야 하기 때문에 꼭 필요한 이유도 입니다. 그런 부분으로 봤을 때 이러한 시험 기간이 될 수도 있고 업무 간에 시간이 촉박할 수도 있고 아니면 개인 하루 스케줄이 너무 바빠서 시간이 촉박할 수도 있고 여러 가지 상황이 있을 겁니다. 그때 인제 제가 대처할 수 있었던 노하우에 대해서 말씀 드리면은 어 일단 가장 먼저 시간관리 계속 기본은 메모하는 습관입니다. 내가 해야 할 일들이 생겼을 때 이렇게 메모를 계속 해 놓게 되면은 어 내가 놓치는 부분이 없을 것이고 그런 메모에 해놓는 것을 정리를 합니다. 오늘 안에 정리 끝내야 할 일 아니면 내일 아니면 일주일 한 달 뭐 분기 반기 연강까지 해 가지고 이런 시간은 리스트를 좀 만들어 놓으면은 제일 좋을 것 같고요. 여기서 제일 중요한 것은 당장 내일 할 일이 제일 중요할 건데 이 내일 할 일은 시간이 제일 최소하게 되는 것부터 해서 우선순위를 정합니다. 우선순위를 정했을 때 어 끝내기 놓게 되면은 그 부분에 대해서 어 오래 시간이 걸릴 일들이 남을 겁니다. 그 이게 다 안 맞춰져도 내일 와서 할 수도 있는 것이고 하기 때문에 그런 식으로 했을 때는 이런 시간 관리나 시간이 촉박한 상황이 어 관리가 되면서 놓치는 부분 없이 그렇게 진행하고 그렇게 업무 방식을 취하고 있습니다. 앞으로도 그럴 것 같고 이게 가장 효율적인 것 같습니다. 이상입니다.","wordCount":223},"emotion":[],"intent":[{"text":"","expression":"","category":"attitude"}],"summary":{"text":"시험 기간이나 업무 간에 시간이 촉박할 때 어떻게 시간을 관리하는가에 대해서 답변 드리겠습니다. 현대사회에서 시간 관리는 정말 중요하고 많은 일을 소화해야 하기 때문에 꼭 필요한 이유도 입니다. 제가 대처할 수 있었던 노하우에 대해서 말씀 드리자면, 시간관리는 기본은 메모하는 습관입니다. 내일 할 일이 제일 중요할 텐데 이 내일 할 일은 시간이 제일 최소하게 되는 것부터 우선순위를 정합니다.","wordCount":56}}},"rawDataInfo":{"question":{"fileFormat":"wav","fileSize":445518,"duration":13920,"samplingBit":16,"channelCount":1,"samplingRate":"16kHz","audioPath":"/Mock/02.SalesMarketing/Male/Experienced/ckmk_q_sm_m_e_229793.wav"},"answer":{"fileFormat":"wav","fileSize":3687118,"duration":115220,"samplingBit":16,"channelCount":1,"samplingRate":"16kHz","audioPath":"/Mock/02.SalesMarketing/Male/Experienced/ckmk_a_sm_m_e_229793.wav"}}}