{"version":"1.0","dataSet":{"info":{"date":"20230116","occupation":"SM","channel":"MOCK","place":"ONLINE","gender":"MALE","ageRange":"55-","experience":"EXPERIENCED"},"question":{"raw":{"text":"지원자님께서 직접 해외 출장 장소를 선택할 수 있다면 꼭 한 번 가서 일해보고 싶은 나라가 있으십니까 있다면 그 이유에 대해서도 말씀 부탁드리겠습니다","wordCount":22},"emotion":[],"intent":[]},"answer":{"raw":{"text":"본인이 직접 해외 출장 장소를 선택할 수 있다면 꼭 한번 가서 일해 보고 싶은 나라가 있을까요. 아 예 아 저는 해외 출장 장소를 선택하여서 가보고 싶은 나라가 많이 있습니다. 아 무엇보다도 어 남미 쪽으로 한번 가서 제가 그 해외 출장을 해보고 싶고 거기서 일을 해보고 싶습니다. 왜 그러냐면은 아 미국하고 가까이 있고 또한 유럽하고도 가까이 있으면서 아 천연 자원도 많고 인구도 많고 좋은 조건들을 많이 가지고 있지만은 어 많은 발전을 이루지 못한 나라가 남미라고 생각합니다. 아 그런 면에서 제가 여행도 제일 많이 가고 싶은 안 했고 또한 멀지만 가지 못했던 나라가 이제 남미라고 보는데 아 그런 나라들을 좀 가고 싶습니다. 어 특별히 이제 하고 싶은 거는 저희가 가지고 있는 전자 제품이라든가 저는 아이티 기기라든가 이런 쪽 판매라든가 아 이런 분야에서 더욱더 일을 해 보고 싶습니다. 아 간다면은 아 그쪽에 이제 그 아이티라든가 이런 쪽들이 많이 취약하고 많이 부족하기 때문에 그런 쪽에 가면 영업을 하는 데 있어서 더욱더 어려움이 없을 거라고 생각합니다. 아 제가 우리 회사가 가지고 있는 좋은 아이템과 많은 이제 그러한 어 그레이드라든가 이런 것들이 많이 있기 때문에 어떻게 보면 아이티하고 전자 제품이 저하고는 맞을 거라고 보여지고 있습니다. 아 제가 기회가 된다면 이런 아이템을 통하여서 매출을 늘리고 아 해외 영업망을 늘리는 아 회사에 도움이 되는 그런 일을 한번 해보고 싶습니다. 뭐 이런 부분이 아니라고 하면 제가 생활용품 같은 이런 쪽도 한번 도전해보고 이런 것도 한번 저희가 판매하고 싶은 그런 생각도 있습니다.","wordCount":222},"emotion":[],"intent":[{"text":"","expression":"","category":"attitude"}],"summary":{"text":"해외 출장 장소를 선택해서 일해 보고 싶은 나라는 남미 쪽입니다. 자연 자원도 많고 인구도 많으나 많은 발전을 이루지 못한 나라입니다. 특별히 전자 제품, 아이티 기기, 판매 등에서 일을 하고 싶습니다. 아 그쪽으로 가면 영업에 있어서 어려움이 없을 것이라고 생각합니다. 기회가 된다면 해외 영업망을 늘리는 아 회사에 도움이 되는 일을 해보겠습니다. 생활용품 쪽도 도전해보고 싶은 생각도 있습니다.","wordCount":56}}},"rawDataInfo":{"question":{"fileFormat":"wav","fileSize":448078,"duration":14000,"samplingBit":16,"channelCount":1,"samplingRate":"16kHz","audioPath":"/Mock/02.SalesMarketing/Male/Experienced/ckmk_q_sm_m_e_229191.wav"},"answer":{"fileFormat":"wav","fileSize":3754958,"duration":117340,"samplingBit":16,"channelCount":1,"samplingRate":"16kHz","audioPath":"/Mock/02.SalesMarketing/Male/Experienced/ckmk_a_sm_m_e_229191.wav"}}}