{"version":"1.0","dataSet":{"info":{"date":"20230116","occupation":"SM","channel":"MOCK","place":"ONLINE","gender":"MALE","ageRange":"35-44","experience":"EXPERIENCED"},"question":{"raw":{"text":"혹시 매일 공부하고 있는 분야가 따로 있으신가요 있다면 그것은 무엇이고 왜 공부하고 계시는지도 함께 설명해 주시길 바랍니다","wordCount":17},"emotion":[],"intent":[]},"answer":{"raw":{"text":"제가 매일매일 지속적으로 따로 공부하고 있는 분야는 바로 빅데이터와 딥러닝입니다. 빅데이터는 예전에 우리가 하나하나의 데이터를 그냥 데이터화 해 놓고 따로 어떤 작업을 하지 않는 것이었지만 요즘은 그 데이터들을 하나의 큰 데이터로 모아서 빅데이터라고 부르며 그 빅데이터를 통해서 다음에 어떤 데이터 값을 도출할까에 대한 명확한 시스템입니다. 데이터 사이언티스트라고 하는 직업이 빅데이터를 다루는 직업이고 데이터 사이언티스트가 되기 위해서는 역시 데이터를 움직일 수 있는 프로그램 파이선을 좀 배워야 합니다. 파이선은 육 개월에서 일 년 정도 인터넷 강의나 학원 강의를 통해서 기본적인 빅데이터를 다루는 시스템을 만들 수 있고 변형할 수 있으며 응용도 가능합니다. 이 빅데이터를 가지고 요즘 하는 것이 딥러닝에 의한 자율주행입니다. 이 빅데이터 자율주행 딥러닝은 거의 뗄래야 뗄 수 없는 관계들이고 디지털 트랜스포메이션 즉 디지털 전환으로 된 시대에서는 이런 기본적인 내용들을 알고 있어야 추후에 어떤 사업에 방향이라든가 사업에 응용이 가능할 수 있을 것입니다. 만약 예전에 아날로그 시대에 업무 방식으로 계속 일을 하다 보면 삼 년 후 오 년 후 변화해 가는 시대에 적응을 할 수 없어서 저는 지속적으로 이 분야에 대해서 따로 공부를 하고 있습니다.","wordCount":162},"emotion":[{"text":"제가 매일매일 지속적으로 따로 공부하고 있는 분야는 바로 빅데이터와 딥러닝입니다.","expression":"u-fact","category":"neutral"},{"text":"빅데이터는 예전에 우리가 하나하나의 데이터를 그냥 데이터화 해 놓고 따로 어떤 작업을 하지 않는 것이었지만   요즘은 그 데이터들을 하나의 큰 데이터로 모아서 빅데이터라고 부르며   그 빅데이터를 통해서 다음에 어떤 데이터 값을 도출할까에 대한 명확한 시스템입니다.","expression":"u-fact","category":"neutral"},{"text":"이 빅데이터를 가지고 요즘 하는 것이   딥러닝에 의한 자율주행입니다.","expression":"u-fact","category":"neutral"}],"intent":[{"text":"","expression":"","category":"attitude"}],"summary":{"text":"빅데이터는 하나의 큰 데이터로 모아 빅데이터라 부르며 그 빅데이터를 통해서 다음에 어떤 데이터 값을 도출할까에 대한 명확한 시스템입니다. 데이터 사이언티스트가 되기 위해서는 파이선을 배워야 합니다. 파이선은 빅데이터를 다루는 시스템을 만들 수 있고 변형할 수 있으며 응용도 가능합니다. 이 빅데이터를 가지고 요즘 하는 것이 딥러닝에 의한 자율주행입니다.","wordCount":46}}},"rawDataInfo":{"question":{"fileFormat":"wav","fileSize":617678,"duration":19300,"samplingBit":16,"channelCount":1,"samplingRate":"16kHz","audioPath":"/Mock/02.SalesMarketing/Male/Experienced/ckmk_q_sm_m_e_197368.wav"},"answer":{"fileFormat":"wav","fileSize":2818638,"duration":88080,"samplingBit":16,"channelCount":1,"samplingRate":"16kHz","audioPath":"/Mock/02.SalesMarketing/Male/Experienced/ckmk_a_sm_m_e_197368.wav"}}}