{"version":"1.0","dataSet":{"info":{"date":"20230116","occupation":"SM","channel":"MOCK","place":"ONLINE","gender":"MALE","ageRange":"45-54","experience":"EXPERIENCED"},"question":{"raw":{"text":"지원자께서는 현재 시장 상황에 대해 어떻게 분석하고 계시는지 그렇게 분석하는 이유는 무엇인지 설명 부탁드리겠습니다","wordCount":14},"emotion":[],"intent":[]},"answer":{"raw":{"text":"현재 시장이요. 이거는 음 그냥 어떤 경제 흐름 경제 시장으로만 제가 말씀을 드리자면 너무 힘들죠 요즘. 너무 어렵죠. 정말 안 그런 때가 어딨었냐고들 하지만 정말 요즘은 다 주변에 곡소리 나고 정말 악 소리 날 만큼 에 시기인 것 같아요. 그런데 또 이게 우리나라뿐만 아니라 전 세계적으로 그런 시기인 것 같고 그래서 아 참 그래요 조심스러워요. 그래서 이게 뭐 나만 힘든 게 아니니까 라는 마음으로 위로를 해야 되는 건지 그게 위로가 되는 게 맞는 건지부터 시작해서 정말 여러 가지 생각들이 드는데 음 그래서 이제 이전에 조금 비전이 좋았던 그런 산업에 대해서 다시 재고해 볼 게 필요한 것 같고 그리고 그만큼 또 우리가 전 세계적으로 큰 네 바이러스를 겪었기 때문에 그걸 토대로 바뀐 상황들에 대해서 다시 재고를 하면서 조금 다시 재기를 꿈꿀 그런 비전을 세워야 될 것 같습니다.","wordCount":126},"emotion":[],"intent":[{"text":"","expression":"","category":"attitude"}],"summary":{"text":"현재 시장이 힘든 시기이지만, 전 세계적으로 힘든 시기입니다. 그래서 이전에 비전이 좋았던 산업에 대해 재고해 볼 게 필요하고, 큰 바이러스를 겪었기 때문에 바뀐 상황들에 대해 다시 재고하며 재기를 꿈꿀 그런 비전을 세워야 할 것 같습니다.","wordCount":35}}},"rawDataInfo":{"question":{"fileFormat":"wav","fileSize":355278,"duration":11100,"samplingBit":16,"channelCount":1,"samplingRate":"16kHz","audioPath":"/Mock/02.SalesMarketing/Male/Experienced/ckmk_q_sm_m_e_160377.wav"},"answer":{"fileFormat":"wav","fileSize":2855118,"duration":89220,"samplingBit":16,"channelCount":1,"samplingRate":"16kHz","audioPath":"/Mock/02.SalesMarketing/Male/Experienced/ckmk_a_sm_m_e_160377.wav"}}}