{"version":"1.0","dataSet":{"info":{"date":"20230116","occupation":"SM","channel":"MOCK","place":"ONLINE","gender":"MALE","ageRange":"55-","experience":"EXPERIENCED"},"question":{"raw":{"text":"만약 일을 하던 중 직무가 적성에 맞지 않는 것을 알게 된다면 어떻게 하실 것인가요 상황을 가정하고 말씀해 주시길 바랍니다","wordCount":19},"emotion":[],"intent":[]},"answer":{"raw":{"text":"적성에 맞지 않는 직무가 주어졌을 경우 자기가 좋아하는 즐길 수 있는 직업을 선택하도록 하겠습니다. 적성에 맞지 않는 일을 하다 보면 부작용이 클 수 밖에 없기 때문에 결과적으로 시간적으로 또는 체력적으로 많은 것을 잃는다고 생각되어지기 때문입니다.","wordCount":35},"emotion":[],"intent":[{"text":"","expression":"","category":"attitude"}],"summary":{"text":"적성에 맞지 않는 일을 하다 보면 부작용이 크기 때문에 자신이 좋아하는 즐길 수 있는 직업을 선택하도록 하겠습니다. 이는 결과적으로 많은 것을 잃는다고 생각되어지기 때문입니다.","wordCount":24}}},"rawDataInfo":{"question":{"fileFormat":"wav","fileSize":403278,"duration":12600,"samplingBit":16,"channelCount":1,"samplingRate":"16kHz","audioPath":"/Mock/02.SalesMarketing/Male/Experienced/ckmk_q_sm_m_e_211160.wav"},"answer":{"fileFormat":"wav","fileSize":1662798,"duration":51960,"samplingBit":16,"channelCount":1,"samplingRate":"16kHz","audioPath":"/Mock/02.SalesMarketing/Male/Experienced/ckmk_a_sm_m_e_211160.wav"}}}