{"version":"1.0","dataSet":{"info":{"date":"20230116","occupation":"SM","channel":"MOCK","place":"ONLINE","gender":"MALE","ageRange":"35-44","experience":"EXPERIENCED"},"question":{"raw":{"text":"다른 사람을 어 설득을 하려다가 실패한 경험이 있습니까 있다면 어 자세히 말씀해 주시겠습니까","wordCount":13},"emotion":[],"intent":[]},"answer":{"raw":{"text":"제가 타인을 설득하려다 실패했던 가장 큰 경험은 바로 오 년 전에 대학병원에서 사용하고 있는 장비를 저희 장비로 교체하는 일이었습니다. 그때 고객은 다 또 다른 장비 다섯 대를 구매할려고 했었고 원래 병원에 있는 사람들은 한 번 사용했던 장비 브랜드를 지속적으로 사용할려고 하는 경험이 있습니다. 왜냐하면 새로운 장비를 배우게 되면 많은 어려움과 또는 어 어플리케이션이라든가 소프트웨어를 배워야 되고 또 새로운 담당자와 이야기하는 것을 힘들어 하기 때문입니다. 하지만 그때 많은 영업권이 있었고 그때 매출이 약 십 오억 원이 넘는 장비였기 때문에 저희는 거기에 있는 실장 또는 의사 담당자들을 전부 한 달 동안 찾아가면서 저희 장비를 전부 다 바꾸진 않더라도 삼 분의 이 또는 이 분의 일만이라도 바꿔 달라고 간곡하게 요청을 하고 저희 장비의 장점 혜택 프로모션 그리고 워런티 품질 보증 기간을 남들보다 두 배 정도 더 늘려준다고 그렇게 이야기하고 맛있는 커피도 사다 드렸습니다. 하지만 결국은 총괄 팀장 또는 사업부장은 거기서 장비를 바꾸지 않겠다 라는 결론을 냈고 자기들은 그 장비를 바꾸게 되면 얻는 이득보다 훨씬 더 손해가 많다고 하여 결국은 저는 그들을 실패 사이 타인을 설득하는데 완벽하게 실패했던 경험이 있습니다.","wordCount":166},"emotion":[{"text":"하지만 결국은 총괄 팀장 또는 사업부장은 거기서 장비를 바꾸지 않겠다 라는 결론을 냈고 자기들은 그 장비를 바꾸게 되면   얻는 이득보다 훨씬 더 손해가 많다고 하여 결국은 저는 그들을 실패 사이 타인을 설득하는데 완벽하게 실패했던 경험이 있습니다.","expression":"u-fact","category":"neutral"}],"intent":[{"text":"","expression":"","category":"attitude"}],"summary":{"text":"제가 타인을 설득하려다 실패했던 가장 큰 경험은 바로 오 년 전 대학병원에서 사용하고 있는 장비를 저희 장비로 교체하는 일이었습니다. 하지만 결국은 총괄 팀장 또는 사업부장은 거기서 장비를 바꾸지 않겠다 라는 결론을 냈고 자기들은 그 장비를 바꾸게 되면 얻는 이득보다 훨씬 더 손해가 많다고 하여 결국은 저들을 실패 사이 설득하는데 완벽하게 실패했던 경험이 있습니다.","wordCount":53}}},"rawDataInfo":{"question":{"fileFormat":"wav","fileSize":463118,"duration":14470,"samplingBit":16,"channelCount":1,"samplingRate":"16kHz","audioPath":"/Mock/02.SalesMarketing/Male/Experienced/ckmk_q_sm_m_e_195786.wav"},"answer":{"fileFormat":"wav","fileSize":2707278,"duration":84600,"samplingBit":16,"channelCount":1,"samplingRate":"16kHz","audioPath":"/Mock/02.SalesMarketing/Male/Experienced/ckmk_a_sm_m_e_195786.wav"}}}