{"version":"1.0","dataSet":{"info":{"date":"20230116","occupation":"SM","channel":"MOCK","place":"ONLINE","gender":"MALE","ageRange":"35-44","experience":"EXPERIENCED"},"question":{"raw":{"text":"지원자분께서 휴식을 취할 수 있는 시간이 많아졌다고 했을 때 주로 어떤 일을 하시는지 궁금합니다 왜 휴식 시간에 그러한 일들을 하시는지 이유까지도 같이 이야기해 주시면 좋겠습니다","wordCount":25},"emotion":[],"intent":[]},"answer":{"raw":{"text":"제가 휴식을 취할 때는 가장 먼저 누워 있거나 아니면 안마 의자에서 안마를 받습니다. 그러면서 명상을 들으면 제 마음이 완전히 녹아내리는 것처럼 편안해집니다. 또는 휴식을 취할 때는 피톤치드가 많이 나오는 메타세콰이어 길 같은 곳을 조용히 음악을 들으면서 걷는 것도 좋습니다. 직장인은 대부분 스트레스에 많이 쌓여있고 스트레스가 쌓일 수 밖에 없습니다. 그런데 스트레스는 약간의 쓰레기통과 같아서 스트레스를 계속 담아 놓으면 쓰레기통에 쓰레기가 쌓이는 것처럼 많은 짐이 돼 버립니다. 그럴 때는 그 쓰레기통을 정기적으로 주기적으로 한 번씩 비워줘야 됩니다. 그 그것을 비워주는 것이 바로 휴식을 취하거나 아니면 휴식을 취할 때 저의 마음을 리플레시하는 것입니다. 그 리플레시 하는 것 중에 가장 뛰어난 것은 명상이고 명상을 할 때는 좋은 음악을 같이 들으면 가장 좋습니다. 특히나 명상을 하면서 발에 자극을 주는 것이 가장 좋은데요. 그래서 사람들은 명상 음악을 들으면서 주변에 숲길이나 또는 산길을 걷기를 많이 추천합니다. 뇌 과학자들은 발바닥에 자극을 줬을 때 우리의 뇌는 지속적으로 리플레시를 하고 새로운 에너지를 생성하고 산소를 공급한다고 합니다. 그래서 발바닥에 자극을 주면서 명상을 하는 것이 가장 휴식 시간에 좋은 것입니다.","wordCount":159},"emotion":[{"text":"뇌 과학자들은 발바닥에 자극을 줬을 때 우리의 뇌는 지속적으로 리플레시를 하고 새로운 에너지를 생성하고 산소를 공급한다고 합니다.","expression":"u-fact","category":"neutral"}],"intent":[{"text":"","expression":"","category":"attitude"}],"summary":{"text":"휴식 취할 때는 먼저 누워서 안마를 받거나 메타세콰이어 길을 걸으며 명상을 하면 편안해집니다. 직장인은 스트레스때문에 스트레스가 쌓일 수 밖에 없습니다. 스트레스는 쓰레기통과 같기에 주기적으로 휴지를 비워야 합니다. 그 중에 가장 좋은 것은 명상인데 명상을 할 때 발바닥에 자극을 주면서 하면 뇌는 지속적으로 리플레시를 하고 새로운 에너지를 생성하고 산소를 공급합니다.","wordCount":49}}},"rawDataInfo":{"question":{"fileFormat":"wav","fileSize":555278,"duration":17350,"samplingBit":16,"channelCount":1,"samplingRate":"16kHz","audioPath":"/Mock/02.SalesMarketing/Male/Experienced/ckmk_q_sm_m_e_164946.wav"},"answer":{"fileFormat":"wav","fileSize":2827918,"duration":88370,"samplingBit":16,"channelCount":1,"samplingRate":"16kHz","audioPath":"/Mock/02.SalesMarketing/Male/Experienced/ckmk_a_sm_m_e_164946.wav"}}}