{"version":"1.0","dataSet":{"info":{"date":"20230116","occupation":"SM","channel":"MOCK","place":"ONLINE","gender":"MALE","ageRange":"35-44","experience":"EXPERIENCED"},"question":{"raw":{"text":"만약 지원자님께서 면접에 합격해 저희 회사에 입사를 딱 했는데 지원자님이 들었던 업무 내용이나 그 업무 강도가 예상했던 것과 너무 다르다면 지원자님께서는 어떻게 하시겠어요","wordCount":23},"emotion":[],"intent":[]},"answer":{"raw":{"text":"네 회사에 입사 후에 본인이 생각했던 업무 방식이나 업무 스타일이라든지 업무 강도가 틀릴 겁니다. 어 생각할 때 보다 더 약할 수도 있고 어 생각해 보다 이거 버겁겠다 이렇게 생각이 들 수도 있을 것입니다. 내 회사의 입사 후에 어 업무 강도가 쎄다는 것은 제일 빠른 시간 내에 제일 단 시간 내에 빨리 회사에 적응할 수 있을 것이고 또 그러다 보면은 회사에 대한 그런 자기애도 강해질 겁니다. 그러다 보면 이제 주인 의식이 생길 것이고 그렇게 되면 이제는 내가 지원해 해었 했던 회사가 아닌 아 내 회사가 될 수도 있을 것입니다. 그런 주인의식이 많은 직원 수가 회사의 발전에 큰 도움이 된다고 생각하기 때문에 업무 강도가 많은 것은 오히려 고마울 것 같습니다 초반에는. 물론 그게 이제 일 년이 되고 이 년이 되고 계속 지속된다면 좀 생각을 해 봐야겠지만 저는 초반에 그런 업무 강도가 많으면 긍정의 요소로 보고 판단할 것 같습니다. 이상입니다.","wordCount":137},"emotion":[],"intent":[{"text":"","expression":"","category":"attitude"}],"summary":{"text":"업무 강도가 세면 빨리 회사에 적응하고 자기애도 강해질 것입니다. 그러다 보면 주인 의식이 생기고 제 회사가 될 수도 있을 것입니다. 그런 주인의식이 많은 직원 수가 회사의 발전에 큰 도움이 된다고 생각하기 때문에 업무 강도가 많은 것은 오히려 고마울 것 같습니다.","wordCount":40}}},"rawDataInfo":{"question":{"fileFormat":"wav","fileSize":471758,"duration":14740,"samplingBit":16,"channelCount":1,"samplingRate":"16kHz","audioPath":"/Mock/02.SalesMarketing/Male/Experienced/ckmk_q_sm_m_e_146845.wav"},"answer":{"fileFormat":"wav","fileSize":2559118,"duration":79970,"samplingBit":16,"channelCount":1,"samplingRate":"16kHz","audioPath":"/Mock/02.SalesMarketing/Male/Experienced/ckmk_a_sm_m_e_146845.wav"}}}