{"version":"1.0","dataSet":{"info":{"date":"20230116","occupation":"SM","channel":"MOCK","place":"ONLINE","gender":"MALE","ageRange":"35-44","experience":"EXPERIENCED"},"question":{"raw":{"text":"지원자님은 스트레스를 받으면 어떻게 하시는지 왜 그런 방법으로 스트레스를 해소하는지 말씀해 주세요","wordCount":12},"emotion":[],"intent":[]},"answer":{"raw":{"text":"네 스트레스를 받으면 하는 방법에 대해서 말씀드리겠습니다. 저는 이제 스트레스를 그렇게 많이 받는 스타일은 아닙니다. 스트레스를 많이 받지는 않는데 물론 이제 사람이나 모든 동물이나 모든 것들에 스트레스가 있을 것입니다. 어느 정도의 스트레스는 자기 본인에게도 도움이 되고 또 그게 활력소가 될 수 있기 때문에 스트레스에 대한 거부감은 없고 이제 저 같은 경우는 이제 스트레스를 좀 받았다 싶으면은 어 매일 하는 게 있습니다. 운동을 좀 많이 하는데 또 운동도 저는 테니스하고 이제 조깅을 좋아하는데 어 이런 운동의 공통점은 땀을 굉장히 많이 흘릴 수 있습니다. 저 같은 경우는 스트레스는 땀으로 많이 해소하는 것 같습니다. 온몸이 적을 젖을 정도로 그 땀을 흘리고 나면은 그 땀이 마르면서 그 몸에서 그 아지랑이 같은 게 피어 오릅니다. 이제 그런 순간이 가장 아 이제 스트레스가 해소가 되고 좀 리플래시가 되는구나 이런 많이 느끼기 때문에 제가 딴 건 몰라도 그 운동은 좀 게을리지 하지 않기 때문에 그거는 이제 저의 활력소가 되고 다음날 또 할 수 있는 에너지원이 된다고 생각하기 때문에 저 같은 경우 스트레스 해소를 그렇게 하고 있습니다. 네 이상입니다.","wordCount":161},"emotion":[],"intent":[{"text":"저는 이제 스트레스를 그렇게 많이 받는 스타일은 아닙니다.","expression":"c_person","category":"background"}],"summary":{"text":"스트레스는 본인에게도 도움이 되고 또 활력소가 될 수 있기 때문에 스트레스에 대한 거부감은 없고 저 같은 경우는 스트레스는 땀으로 많이 해소하는 것 같습니다. 땀을 흘리고 그 땀이 마르면 몸에 아지랑이 같은 게 피어 오릅니다. 그 순간이 가장 스트레스 해소가 되고 리플래시가 된다고 느끼기 때문에 운동으로 스트레스 해소를 하고 있습니다.","wordCount":49}}},"rawDataInfo":{"question":{"fileFormat":"wav","fileSize":271438,"duration":8480,"samplingBit":16,"channelCount":1,"samplingRate":"16kHz","audioPath":"/Mock/02.SalesMarketing/Male/Experienced/ckmk_q_sm_m_e_107665.wav"},"answer":{"fileFormat":"wav","fileSize":2735758,"duration":85490,"samplingBit":16,"channelCount":1,"samplingRate":"16kHz","audioPath":"/Mock/02.SalesMarketing/Male/Experienced/ckmk_a_sm_m_e_107665.wav"}}}