{"version":"1.0","dataSet":{"info":{"date":"20230116","occupation":"SM","channel":"MOCK","place":"ONLINE","gender":"MALE","ageRange":"35-44","experience":"EXPERIENCED"},"question":{"raw":{"text":"개인적으로 공부를 어떻게 하시는지 말씀해 주세요 강의 혹은 책을 활용한 공부를 말씀해 주셔도 좋습니다","wordCount":14},"emotion":[],"intent":[]},"answer":{"raw":{"text":"제가 개인적으로 공부를 많이 하는 것은 바로 영어 회화입니다. 예전에 영어 회화 책을 사서 무식하게 책을 외우고 그 외운 책을 토대로 그냥 교과서적인 영어 회화를 네이티브 스피커들이랑 했던 것 같습니다. 그렇게 네이티 네이티브 스피커들과 이야기를 하다 보니까 네이티브 스피커들이 알아듣지를 못합니다. 저 역시 그들이 하는 말을 알아듣지 못했고 그렇게 육 개월 일 년 공부를 하면서 영어 회화 카페에서 리더를 맡으면서 영어 실력이 점차 상승하기 시작했습니다. 예전에는 무조건 영어 책 또는 녹화 테이프 음악을 들으면서 했지만 요즘은 양방향 통신으로 온라인 강의 또는 온라인 미팅을 통해서 영어를 지속적으로 아 사용할 수 있고 또는 향상시킬 수 있습니다. 요즘은 줌 미팅 웹 세미나 또는 팀즈 미팅 같은 것으로 음질도 좋고 영상도 잘 나오는 것을 가지고 외국인들과 실시간으로 밤늦게도 이야기 할 수 있으며 또는 영어 카페에 사람들과 만나지 않아도 실시간으로 온라인 미팅을 통해서 영어를 주고받을 수 있습니다. 영어를 공부하다 보니 꼭 책만 아니라 인터넷 동영상을 통해서도 할 수 있다는 것을 보아 보았습니다.","wordCount":147},"emotion":[],"intent":[{"text":"","expression":"","category":"attitude"}],"summary":{"text":"저는 영어 회화를 많이 공부합니다. 책을 사서 공부하다가 네이티브 스피커들과 대화를 하다 보니 잘 알아듣지 못했습니다. 영어 회화 카페 리더를 맡으면서 영어 실력이 상승하기 시작했습니다. 요즘은 양방향 통신으로 온라인 강의 또는 온라인 미팅을 통해서 영어를 지속적으로 사용할 수 있고 향상시킬 수 있습니다. 책을 넘어 인터넷 동영상을 통해서도 영어가 가능합니다.","wordCount":49}}},"rawDataInfo":{"question":{"fileFormat":"wav","fileSize":326478,"duration":10200,"samplingBit":16,"channelCount":1,"samplingRate":"16kHz","audioPath":"/Mock/02.SalesMarketing/Male/Experienced/ckmk_q_sm_m_e_191515.wav"},"answer":{"fileFormat":"wav","fileSize":2563278,"duration":80100,"samplingBit":16,"channelCount":1,"samplingRate":"16kHz","audioPath":"/Mock/02.SalesMarketing/Male/Experienced/ckmk_a_sm_m_e_191515.wav"}}}