{"version":"1.0","dataSet":{"info":{"date":"20230116","occupation":"SM","channel":"MOCK","place":"ONLINE","gender":"MALE","ageRange":"35-44","experience":"EXPERIENCED"},"question":{"raw":{"text":"어 지원자님께서 이루고 싶은 인생의 목표가 있으신지 궁금합니다 어 있으시다면 이제 그것이 왜 이루고 싶으신지 그것도 함께 말씀해 주시길 바랍니다","wordCount":20},"emotion":[],"intent":[]},"answer":{"raw":{"text":"네 이루고 싶은 인생의 목표에 대해서 또 왜 그것을 꼭 이루어야만 하는지에 서도 말씀드리겠습니다. 어 일단 사람의 인생의 목표는 다 비슷할 것 같습니다. 최종적으로 행복을 원하는 삶을 원하게 될 텐데 행복감을 느낀다는 것은 여러 가지 많은 조건이 필요할 것 같습니다. 이런 궁핍한 삶을 살면은 과연 행복한 삶이 될 것인가에 대해 생각을 해봤는데 일단 궁핍이라는 걸 벗어나기 위해서는 일단 사회적으로도 안전한 질이 직위를 가져야 하고 또 경제적인 거에 대한 궁핍이 없어 갖고 경제적인 자유를 꼭 이뤄야만 노년이나 나중에 자식들에게도 어 불편감을 끼치지 않고 쭉 같이 상생할 수 있는 그렇게 되려면은 일단 건강과 그리고 돈과 그리고 사회적인 안전적인 직위 이 세 가지가 갖춰져야만 이 행복이라는 거에 최대한 접근할 수 있지 않을까 싶습니다. 그래서 지금 이 회사에 면접을 보고 있는 것도 제가 그런 사회적인 안정적인 지위를 갖고 싶고 이 회사에 다니게 되면 제가 행복감이 생길 수 있기 때문에 지금 지원하고 있고 답변 드리고 있습니다. 이상입니다.","wordCount":142},"emotion":[],"intent":[{"text":"","expression":"","category":"attitude"}],"summary":{"text":"인생의 목표는 비슷할 것 같은데 행복감을 느낀다는 것은 많은 조건이 필요할 것 같습니다. 궁핍에서 벗어나기 위해서는 경제적인 자유를 꼭 이뤄야만 노년이나 자식들에게 불편감을 끼치지 않고 상생할 수 있습니다. 그래서 지금 이 회사에 면접을 보고 있고, 안정적인 지위를 갖고 싶고 회사 다니게 되면 행복감이 생길 수 있어 지원하고 있고 답변 드리고 있습니다","wordCount":51}}},"rawDataInfo":{"question":{"fileFormat":"wav","fileSize":441678,"duration":13800,"samplingBit":16,"channelCount":1,"samplingRate":"16kHz","audioPath":"/Mock/02.SalesMarketing/Male/Experienced/ckmk_q_sm_m_e_235880.wav"},"answer":{"fileFormat":"wav","fileSize":2729038,"duration":85280,"samplingBit":16,"channelCount":1,"samplingRate":"16kHz","audioPath":"/Mock/02.SalesMarketing/Male/Experienced/ckmk_a_sm_m_e_235880.wav"}}}