{"version":"1.0","dataSet":{"info":{"date":"20230116","occupation":"SM","channel":"MOCK","place":"ONLINE","gender":"MALE","ageRange":"35-44","experience":"EXPERIENCED"},"question":{"raw":{"text":"우리 회사에 입사 후 업무 내용이나 강도가 지원자님이 예상했던 것과 전혀 다르다면 어떻게 하실 것인가요","wordCount":15},"emotion":[],"intent":[]},"answer":{"raw":{"text":"네 회사에 입사 후에 막상 업무를 시작하니 생각했던 것보다 엄청 어렵고 또 시간도 많이 소요가 되고 업무 강도가 굉장히 세다고 느낄 수 있습니다. 근데 이거는 뭐 충분히 예상했던 부분이라고 생각합니다. 회사가 스타일이 바뀌었고 회사에 원하는 절차 규정 뭐 이런 것들이 다 바뀌는 거기 때문에 처음에는 당연히 업무 강도가 힘들다고 느낄 수 밖에 없습니다. 적응 기간이기 때문에 그렇습니다. 근데 이 적응기간을 갖추고 나서 이제 방향이 보이고 좀 어느 정도 유도리를 부릴 수 있는 그런 정도의 그 단계가 오면은 그런 것들은 다 해소가 될 수 있을 거라고 생각합니다. 그래서 이 때 힘들다고 해서 포기하는 직원이 많고 이직을 결심하고 하는 직원들이 많은데 그거는 딱 일 년만 참으면 저는 다 해결이 된다고 생각합니다. 뭐든지 업무에는 일 년 간 진행되는 그 사이클을 한번 보면은 그 내년에는 좀 더 수월해지고 더욱더 적응이 돼 있기 때문에 저는 그런 부분에 있을 때는 딱 일 년만 잡자 일 년만 죽어라 파보자 이런 마인드로 접근하면은 금방 적응해서 업무 강도가 많이 수월해질 것 같습니다. 이상입니다.","wordCount":154},"emotion":[],"intent":[{"text":"","expression":"","category":"attitude"}],"summary":{"text":"회사에 입사 후 업무를 시작하니 굉장히 어렵고 시간도 많이 소요되고 업무 강도가 세다고 느낄 수 있는데 적응 기간이기 때문에 힘들다고 느낄 수밖에 없습니다. 하지만 이 적응기간을 갖추고 나서 어느 정도 유도리를 부릴 수 있는 정도의 단계가 오면 그런 것들은 다 해소가 될 수 있을 거라고 생각합니다.","wordCount":46}}},"rawDataInfo":{"question":{"fileFormat":"wav","fileSize":381518,"duration":11920,"samplingBit":16,"channelCount":1,"samplingRate":"16kHz","audioPath":"/Mock/02.SalesMarketing/Male/Experienced/ckmk_q_sm_m_e_235875.wav"},"answer":{"fileFormat":"wav","fileSize":2689358,"duration":84040,"samplingBit":16,"channelCount":1,"samplingRate":"16kHz","audioPath":"/Mock/02.SalesMarketing/Male/Experienced/ckmk_a_sm_m_e_235875.wav"}}}