{"version":"1.0","dataSet":{"info":{"date":"20230116","occupation":"SM","channel":"MOCK","place":"ONLINE","gender":"MALE","ageRange":"55-","experience":"EXPERIENCED"},"question":{"raw":{"text":"회사에 입사를 하게 되면 다양한 선배들을 만나게 되실 텐데요 지원자님께서 회사에 들어와서 선배를 만나게 된다면 어떤 모습의 선배를 만나고 싶으신가요 이유도 함께 말씀해 주시기 바랍니다","wordCount":25},"emotion":[],"intent":[]},"answer":{"raw":{"text":"회사 내 선배를 만나고 싶은 상은 제일 중요한 게 의사소통이라고 생각되기 때문에 소통이 잘 되는 그런 선배를 만나고 싶습니다. 이유는 업무적으로 소통이 잘 돼야 직장 생활 하는데 많은 도움이 되고 선배로부터 지식과 업무를 충분하게 인수할 수 있다고 생각되기 때문에 개인적으로 또 도움이 된다고 봅니다.","wordCount":44},"emotion":[],"intent":[{"text":"","expression":"","category":"attitude"}],"summary":{"text":"회사 제 의사소통이 잘 되는 선배를 만나고 싶습니다. 그래야 직장 생활과 지식과 업무를 충분히 인수할 수 있다고 생각하기 때문입니다.","wordCount":19}}},"rawDataInfo":{"question":{"fileFormat":"wav","fileSize":584398,"duration":18260,"samplingBit":16,"channelCount":1,"samplingRate":"16kHz","audioPath":"/Mock/02.SalesMarketing/Male/Experienced/ckmk_q_sm_m_e_210935.wav"},"answer":{"fileFormat":"wav","fileSize":1954958,"duration":61090,"samplingBit":16,"channelCount":1,"samplingRate":"16kHz","audioPath":"/Mock/02.SalesMarketing/Male/Experienced/ckmk_a_sm_m_e_210935.wav"}}}