{"version":"1.0","dataSet":{"info":{"date":"20230116","occupation":"SM","channel":"MOCK","place":"ONLINE","gender":"MALE","ageRange":"55-","experience":"EXPERIENCED"},"question":{"raw":{"text":"어 지원자님께서는 이제 본인이 팀장에 더 잘 맞을 것 같은지 팀원에 더 잘 맞을 것 같은지 그 이유와 함께 설명해 주시기를 바랍니다","wordCount":22},"emotion":[],"intent":[]},"answer":{"raw":{"text":"지원자님께서는 팀장에 더 잘 맞을 것 같은지 팀원에 더 잘 맞을 것 같은지 이유와 함께 설명해 주세요. 아 예 저는 팀장에 더 잘 맞을 것 같습니다. 리더로서의 역할을 어 여태까지 충분히 감당해 왔고 맡겨 준 그런 일들 가운데 프로세스와 그 진행 절차에 대해서 그런 것들을 많이 해 왔고 그 과제를 통하여서 어 많은 사람들을 데리고 이일을 해 왔기 때문에 이런 쪽에 더 맞을 거라고 생각을 합니다. 제가 또한 성격도 어 이렇게 술 하고 담배 이런 것들은 안 하지만은 아 많은 문화생활과 또한 젊은이들이 좋아하는 그런 부분을 통하여서 어 많은 팀웍을 어 좋게 이렇게 꾸려 왔던 것들을 생각해 볼 때 아 팀장에 더 잘 맞을 거라고 생각합니다. 또한 좋은 실적도 또한 얻을 수 있을 거라고 생각합니다. 아 팀장이 된다면은 팀원들을 통하여서 어 매출의 실적도 올려야 되겠지만은 아 팀장 나름대로 어 이렇게 어 뭔가의 특별한 이벤트를 만들어 가고 또한 큰 실적을 혼자만으로 어 만들어 가야 되는 것도 중요하기 때문에 그런 쪽에는 제가 자신이 있다고 생각합니다. 아 특별히 좋은 여건이 된다면은 아 팀장으로서 아 좋은 회사를 만들어 가고 좋은 부서를 아 키워 가고 또한 좋은 인재들을 만들어 가는 아 그런 일에 저를 사용해 주신다면은 아 회사에도 큰 도움이 되고 아 우리 회원들한테도 많은 유익을 끼칠 것으로 생각합니다. 그리고 또한 제가 우리 팀원들을 한 사람 한 사람 잘 키워 가는 아 그런 역할을 잘 합니다. 그러기 위해서는 아 제가 무엇보다도 더욱더 노력이 많이 필요한데 회사의 지원이 필요하다고 생각을 합니다.","wordCount":225},"emotion":[],"intent":[{"text":"","expression":"","category":"attitude"}],"summary":{"text":"저는 리더로서의 역할을 충분히 감당해 왔고 많은 사람들을 데리고 이 일을 해 왔기 때문에 팀장에 더 잘 맞을 것 같습니다. 팀장이 되면은 큰 실적을 혼자 만들어 가야 되기 때문에 그런 쪽에는 제가 자신이 있다고 생각합니다. 아 특별히 좋은 여건이 된다면 팀장으로서 좋은 회사를 만들어 가고 좋은 부서를 키워 가고 또한 좋은 인재들을 만들어 가는 일에 사용해 주신다면은 회사에도 큰 도움이 되고 우리 회원들한테도 많은 유익을 끼칠 것입니다.","wordCount":67}}},"rawDataInfo":{"question":{"fileFormat":"wav","fileSize":380558,"duration":11890,"samplingBit":16,"channelCount":1,"samplingRate":"16kHz","audioPath":"/Mock/02.SalesMarketing/Male/Experienced/ckmk_q_sm_m_e_229012.wav"},"answer":{"fileFormat":"wav","fileSize":3816398,"duration":119260,"samplingBit":16,"channelCount":1,"samplingRate":"16kHz","audioPath":"/Mock/02.SalesMarketing/Male/Experienced/ckmk_a_sm_m_e_229012.wav"}}}