{"version":"1.0","dataSet":{"info":{"date":"20230116","occupation":"SM","channel":"MOCK","place":"ONLINE","gender":"MALE","ageRange":"35-44","experience":"EXPERIENCED"},"question":{"raw":{"text":"상품을 직접 판매해 본 경험이 있으신가요 그 경험을 통해서 무엇을 배웠는지 설명 부탁드리겠습니다","wordCount":13},"emotion":[],"intent":[]},"answer":{"raw":{"text":"저는 영업 판매 기술 지원 등 많은 고객을 만나면서 파 물건을 판매해 봤습니다. 아까 말씀드린 대로 락토핏 같은 건강기능 식품 또는 건강식품을 고객에게 직접 판매한 경우도 있고 유통업자들에게 천만 원 일 억 원어치 물건을 직접 넘겨 본 적도 있으며 일 억 원에서 삼 억 원 되는 아주 비싼 의료기기 장비를 병원에 의사들에게 판매한 적도 있습니다. 물건을 판매하다 보면 사람들이 가장 두려워하는 것이 과연 고객이 이 비싼 제품을 사줄까 지금 이 제품의 가격이 너무 비싸지는 않을까 항상 그런 고민과 두려움 속에 삽니다. 하지만 우리가 말하는 라포 공감대 형성을 통해서 이 물건이 비싸더라도 판매할 수 있는 전략기술과 고객의 심리를 먼저 알아야 됩니다. 그래서 그들에게 처음 물건을 판매하기 위해서 다가가는 것이 아니라 그들과의 공감대 형성을 통해서 이 고객이 어떤 물건을 어떤 가격에 원하는지를 먼저 파악하고 그것에 대한 전략을 세운 다음에 최소 세 번 이상 고객을 만납니다. 그 경험으로부터 배운 것은 남의 돈을 버는 것은 쉽지 않지만 사람의 마음을 얻으면 그 제품이 아무리 비싸다고 하더라도 그 물건의 가치를 인정하고 사주는 고객이 있다는 것을 배웠습니다.","wordCount":160},"emotion":[],"intent":[{"text":"저는 영업 판매 기술 지원 등 많은 고객을 만나면서 파 물건을 판매해 봤습니다.","expression":"s_sell_exp","category":"technology"},{"text":"아까 말씀드린 대로 락토핏 같은 건강기능 식품 또는 건강식품을 고객에게 직접 판매한 경우도 있고 유통업자들에게 천만 원 일 억 원어치 물건을 직접 넘겨 본 적도 있으며   일 억 원에서 삼 억 원 되는 아주 비싼 의료기기 장비를 병원에 의사들에게 판매한 적도 있습니다.","expression":"s_sell_exp","category":"technology"},{"text":"그래서 그들에게 처음 물건을 판매하기 위해서 다가가는 것이 아니라   그들과의 공감대 형성을 통해서 이 고객이 어떤 물건을 어떤 가격에 원하는지를 먼저 파악하고 그것에 대한 전략을 세운 다음에 최소 세 번 이상 고객을 만납니다.","expression":"s_sell_exp","category":"technology"},{"text":"그 경험으로부터 배운 것은 남의 돈을 버는 것은 쉽지 않지만 사람의 마음을 얻으면 그 제품이 아무리 비싸다고 하더라도 그 물건의 가치를 인정하고 사주는 고객이 있다는 것을 배웠습니다.","expression":"s_sell_exp","category":"technology"}],"summary":{"text":"저는 많은 고객을 만나면서 파 물건을 판매해 봤습니다. 물건을 판매하다 보면 사람들이 가장 두려워하는 것은 가격이 너무 비싸지는 않을까 하는 것입니다. 하지만 라포 공감대 형성을 통해서 판매 전략기술과 고객의 심리를 먼저 알아야 합니다. 그 경험으로부터 사람의 마음을 얻으면 그 물건의 가치를 인정하고 사주는 고객이 있다는 것을 배웠습니다.","wordCount":47}}},"rawDataInfo":{"question":{"fileFormat":"wav","fileSize":366158,"duration":11440,"samplingBit":16,"channelCount":1,"samplingRate":"16kHz","audioPath":"/Mock/02.SalesMarketing/Male/Experienced/ckmk_q_sm_m_e_156276.wav"},"answer":{"fileFormat":"wav","fileSize":2726158,"duration":85190,"samplingBit":16,"channelCount":1,"samplingRate":"16kHz","audioPath":"/Mock/02.SalesMarketing/Male/Experienced/ckmk_a_sm_m_e_156276.wav"}}}