{"version":"1.0","dataSet":{"info":{"date":"20230116","occupation":"SM","channel":"MOCK","place":"ONLINE","gender":"MALE","ageRange":"35-44","experience":"EXPERIENCED"},"question":{"raw":{"text":"열심히 하는데도 본인이 원하는 만큼 따라오지 못하는 팀 동료들이 간혹 있는데요 지원자님은 이럴 때 팀원으로서 어떻게 행동하시나요","wordCount":17},"emotion":[],"intent":[]},"answer":{"raw":{"text":"네 업무를 하다 보면 부하 직원이나 뭐 동기들을 봤을 때 굉장히 열심히 하고 시간도 할애하고 야근하고 주말 출근해서 최선을 다하는데 그만큼 성과가 나오지 못해서 어 혼나고 또 자괴감에 빠지고 이런 동료들이 있습니다. 이럴 때에 대처할 수 있는 방법에 대해서 한번 답변 드리겠습니다. 이제 그런 직원들은 아직 그런 업무에를 할 수 있는 그런 업무 일머리가 없기 때문에 어 최선은 다하지만 그 방향이 틀린 것입니다. 업무라 했을 때 이런 방향 선정이 가장 중요한 건데 일단 다른 방향으로 가고 있으면 그제서 부터는 아무리 시간을 쏟아붓는다 해도 성과가 나올 수가 없습니다. 근데 처음에 첫 방향을 정할 때 그때 시간을 차라리 할애를 많이 해서 정확한 방향을 선정한 후에 노를 저어야 하는데 지금 엄은 방향으로 노를 젓고 있기 때문에 어 노력은 하지만 따라오지 못하는 그런 직원들이 보일 겁니다. 저는 그래서 업무를 진행할 수 있는 방향 선정에 대해서 그런 것들에 대해서 좀 조언을 해주고 싶고 그런 노하우들을 좀 전수해 주고 싶습니다. 네 이상입니다.","wordCount":146},"emotion":[],"intent":[{"text":"","expression":"","category":"attitude"}],"summary":{"text":"업무 수행의 방향 설정이 가장 중요한 것인데 다른 방향으로 가고 있으면 성과가 나올 수 없습니다. 첫 방향을 정할 때 시간을 좀 할애해서 정확한 방향을 선정한 후에 노를 젓는 것이 필요합니다. 업무를 진행할 수 있는 방향 선정에 대해 조언을 해주고 노하우를 좀 전수해 주고 싶습니다.","wordCount":44}}},"rawDataInfo":{"question":{"fileFormat":"wav","fileSize":611918,"duration":19120,"samplingBit":16,"channelCount":1,"samplingRate":"16kHz","audioPath":"/Mock/02.SalesMarketing/Male/Experienced/ckmk_q_sm_m_e_226585.wav"},"answer":{"fileFormat":"wav","fileSize":2668878,"duration":83400,"samplingBit":16,"channelCount":1,"samplingRate":"16kHz","audioPath":"/Mock/02.SalesMarketing/Male/Experienced/ckmk_a_sm_m_e_226585.wav"}}}