{"version":"1.0","dataSet":{"info":{"date":"20230116","occupation":"SM","channel":"MOCK","place":"ONLINE","gender":"MALE","ageRange":"35-44","experience":"EXPERIENCED"},"question":{"raw":{"text":"면접자님께서는 이전 직장이나 혹은 대학에서 어떤 프로젝트를 해 봤는지 생각나시는 게 있다면 한 번 설명해 주시겠습니까 관련 내용을 자세히 말씀해 주세요","wordCount":21},"emotion":[],"intent":[]},"answer":{"raw":{"text":"네 저는 예전 직장이 이제 조선 기자재 업체로서 중국 조선 해외 영업에서 근무를 했습니다. 해외 영업에서 근무하면서 신규 조선소 및 기존 조선소 소화 각종 소화 설비 시스템을 설계를 하고 기술적 영업을 해서 납품 진행하는 일까지 해서 프로젝트 매니저적 경험으로 살려서 계속 진행을 해 왔고요. 여지껏 이제 납품을 못 했던 중국 제 일의 민간 조선소인 양찌장 조선소까지 납품을 진행해서 최대 수주 실적까지 발생을 했었습니다.","wordCount":63},"emotion":[{"text":"네 저는 예전 직장이 이제 조선 기자재 업체로서 중국 조선 해외 영업에서 근무를 했습니다.","expression":"u-fact","category":"neutral"}],"intent":[{"text":"네 저는 예전 직장이 이제 조선 기자재 업체로서 중국 조선 해외 영업에서 근무를 했습니다.","expression":"c_private","category":"background"},{"text":"여지껏 이제 납품을 못 했던 중국 제 일의 민간 조선소인 양찌장 조선소까지 납품을 진행해서 최대 수주 실적까지 발생을 했었습니다.","expression":"s_sell_exp","category":"technology"}],"summary":{"text":"예전 직장은 조선 기자재 업체로 중국 조선 해외 영업에서 근무 했습니다. 해외영업에서 근무하며 설비 시스템 설계와 기술적 영업까지 해서 최대 수주 실적까지 발생했습니다.","wordCount":23}}},"rawDataInfo":{"question":{"fileFormat":"wav","fileSize":518478,"duration":16200,"samplingBit":16,"channelCount":1,"samplingRate":"16kHz","audioPath":"/Mock/02.SalesMarketing/Male/Experienced/ckmk_q_sm_m_e_242766.wav"},"answer":{"fileFormat":"wav","fileSize":1315278,"duration":41100,"samplingBit":16,"channelCount":1,"samplingRate":"16kHz","audioPath":"/Mock/02.SalesMarketing/Male/Experienced/ckmk_a_sm_m_e_242766.wav"}}}