{"version":"1.0","dataSet":{"info":{"date":"20230116","occupation":"SM","channel":"MOCK","place":"ONLINE","gender":"MALE","ageRange":"35-44","experience":"EXPERIENCED"},"question":{"raw":{"text":"특별히 입사하고 싶은 회사가 있으십니까 특정 도메인이 중요한지 혹은 회사의 분위기가 중요한지 어떤 점을 중점적으로 보시는지 궁금합니다","wordCount":17},"emotion":[],"intent":[]},"answer":{"raw":{"text":"저는 우선 국내 대기업 중에 천 대 기업 외국계 기업 중엔 매출 오백 대 기업 그리고 코스닥 상장 백 대 기업 내부에 있는 회사를 들어가고 싶습니다. 일단 큰 회사를 들어가고 싶은 이유는 앞으로의 성장성 안정성 급여 그리고 시스템을 배우기 배우고 싶기 때문입니다. 특정 도메인도 중요하지만 가장 중요한 건 회사의 분위기입니다. 왜냐하면 제가 지원하는 회사들은 저희 전공 분야 또는 저의 전공과 관련된 분야와 지원을 해 왔고 그런 부분들은 제가 이미 어떤 도메인인지 파악이 된 상태이기 때문입니다. 하지만 회사 분위기는 아주 중요하다고 하더라도 입사하기 전까지는 절대 알 수가 없습니다. 특히나 그 회사의 분위기를 알기 위해서는 지인이나 지인의 친구 또는 가까운 사람을 통해서 그 회사를 직접 다니고 있는 현직자의 이야기를 들을 수 밖에 없는데 그렇게 현직자를 알아보기가 쉽지 않기 때문에 저는 도메인이 가장 중요하고 그다음에 회사 분위기가 중요하다고 생각합니다.","wordCount":126},"emotion":[],"intent":[{"text":"","expression":"","category":"attitude"}],"summary":{"text":"저는 국내 대기업 중 천 대 기업 외국계 기업 중엔 매출 오백 대 기업 그리고 코스닥 상장 백 대 기업 내부에 있는 회사를 들어가고 싶습니다. 특정 도메인도 중요하지만 회사 분위기가 가장 중요하다고 생각합니다.","wordCount":33}}},"rawDataInfo":{"question":{"fileFormat":"wav","fileSize":416078,"duration":13000,"samplingBit":16,"channelCount":1,"samplingRate":"16kHz","audioPath":"/Mock/02.SalesMarketing/Male/Experienced/ckmk_q_sm_m_e_197369.wav"},"answer":{"fileFormat":"wav","fileSize":2129358,"duration":66540,"samplingBit":16,"channelCount":1,"samplingRate":"16kHz","audioPath":"/Mock/02.SalesMarketing/Male/Experienced/ckmk_a_sm_m_e_197369.wav"}}}