{"version":"1.0","dataSet":{"info":{"date":"20230116","occupation":"SM","channel":"MOCK","place":"ONLINE","gender":"MALE","ageRange":"-34","experience":"EXPERIENCED"},"question":{"raw":{"text":"어 지원자님께서는 의견을 주장하실 때 강하게 주장하는 편이신가요 아니면 어떤 스타일로 자신의 의견을 주장하는지 그 그 모습을 설명해 주시기를 바랍니다","wordCount":20},"emotion":[],"intent":[]},"answer":{"raw":{"text":"근데 저는 업무를 할 때는 의견을 강하게 주장하는 편입니다. 특히 업무를 할 때는 과거의 사례나 데이터를 통해서 제 주장에 의견을 뒷받침하는 경우가 다수 있는데 단순히 본인의 의견 생각만 이야기하는 것이 아니라 과거의 데이터나 사례들을 통해서 미래에도 이런 데이터나 사례들이 어 좋은 방향으로 이끌어갈 수 있다 라는 식으로 제 주장을 강하게 하는 편입니다.","wordCount":52},"emotion":[],"intent":[{"text":"특히 업무를 할 때는 과거의 사례나 데이터를 통해서 제 주장에   의견을 뒷받침하는 경우가 다수 있는데 단순히   본인의 의견 생각만 이야기하는 것이 아니라 과거의 데이터나 사례들을 통해서 미래에도   이런 데이터나 사례들이 어 좋은 방향으로 이끌어갈 수 있다 라는 식으로 제 주장을 강하게 하는 편입니다.","expression":"s_pers","category":"attitude"}],"summary":{"text":"업무 시 과거 사례를 통해 제 주장을 뒷받침하는 경우가 다수 있는데, 단순히 본인의 의견만 말하는 것이 아니라 과거의 사례를 통해 좋은 방향으로 이끌어갈 수 있다고 주장합니다.","wordCount":26}}},"rawDataInfo":{"question":{"fileFormat":"wav","fileSize":558158,"duration":17440,"samplingBit":16,"channelCount":1,"samplingRate":"16kHz","audioPath":"/Mock/02.SalesMarketing/Male/Experienced/ckmk_q_sm_m_e_192255.wav"},"answer":{"fileFormat":"wav","fileSize":1407438,"duration":43980,"samplingBit":16,"channelCount":1,"samplingRate":"16kHz","audioPath":"/Mock/02.SalesMarketing/Male/Experienced/ckmk_a_sm_m_e_192255.wav"}}}