{"version":"1.0","dataSet":{"info":{"date":"20230116","occupation":"SM","channel":"MOCK","place":"ONLINE","gender":"MALE","ageRange":"35-44","experience":"EXPERIENCED"},"question":{"raw":{"text":"지금 본인이 내일 당장 죽는다는 사실을 알게 된다면 무엇을 할 것인가요 이 면접을 끝까지 계속 보시겠습니까","wordCount":16},"emotion":[],"intent":[]},"answer":{"raw":{"text":"어 지금 만약에 제가 내일 죽는다는 것을 알게 돼서 우리나라의 아니 지구에 위성이 떨어져서 죽는다는 사실을 알게 된다면 지금 저는 당장 뭘 할 것인가를 판단해 봤습니다. 어 그러면 이 면접을 끝까지 볼까에 대한 질문에 대한 답변에 대해 드리도록 하면은 일단 면접은 끝까지 볼 것 같습니다. 왜 그러면 이 면접을 준비하기 위한 저희 시간과 그런 것들이 너무 아깝고 그 결과는 들을 수 없겠지만 그래도 이 면접을 끝까지는 보고 싶습니다. 왜냐면 제가 지금까지 할애한 한 시간에 대한 보상이기 때문에 이 면접은 끝까지 보고 그 이후에 저는 가족들과 함께 캠핑을 갈 것 같습니다. 거기서 이제 많은 얘기들도 하고 어 다음 생에 또 만날 수 있어서 만나고 싶다 뭐 이런 얘기를 꼭 하고 싶고 일단 저희 뭐 가족 내 가족하고 부모님까지 모시고 캠핑을 가서 거의 캠핑장에서 하루를 마감하고 싶습니다. 그렇게 생각하기가 굉장히 슬픈데 어 그걸 알게 된다면은 지금 당장 떠오르는 거는 다 되고 캠핑을 가야겠다 그 생각 밖에 안 드는 것 같습니다. 이상입니다.","wordCount":149},"emotion":[],"intent":[{"text":"","expression":"","category":"attitude"}],"summary":{"text":"지구에 위성이 떨어져서 죽는다는 사실을 알게 된다면 당장 무엇을 할 것인가를 판단해 봤습니다. 일단 면접은 끝까지 볼 것 같습니다. 그 이후에 가족들과 함께 캠핑을 갈 것 같은데 거기서 많은 얘기를 하고 싶다 이런 얘기를 꼭 하고 싶다 일단 저희 가족하고 부모님까지 모시고 캠핑장에서 하루를 마감하고 싶습니다. 이상입니다.","wordCount":47}}},"rawDataInfo":{"question":{"fileFormat":"wav","fileSize":389198,"duration":12160,"samplingBit":16,"channelCount":1,"samplingRate":"16kHz","audioPath":"/Mock/02.SalesMarketing/Male/Experienced/ckmk_q_sm_m_e_235881.wav"},"answer":{"fileFormat":"wav","fileSize":2787278,"duration":87100,"samplingBit":16,"channelCount":1,"samplingRate":"16kHz","audioPath":"/Mock/02.SalesMarketing/Male/Experienced/ckmk_a_sm_m_e_235881.wav"}}}