{"version":"1.0","dataSet":{"info":{"date":"20230116","occupation":"SM","channel":"MOCK","place":"ONLINE","gender":"MALE","ageRange":"35-44","experience":"EXPERIENCED"},"question":{"raw":{"text":"지원자께서는 이 직무에 지원한 이유가 무엇인지 말씀해 주시겠습니까 그리고 본인이 생각하기에 왜 적합한 인재인진지도 함께 설명해 주시길 바랍니다","wordCount":18},"emotion":[],"intent":[]},"answer":{"raw":{"text":"어 이 직무에 지원한 이유는 어 당연히 본인이 제일 자신 있는 분야인기 때문에 지원했을 거라고 생각합니다. 저도 마찬가지고 어 지금까지 영업이나 서비스 쪽으로 이제 일한 지도 어느덧 한 칠 팔 년이 됐고 또 이제 전 회사는 좋은 소규모 회사이다 보니까 발전성이나 미래성이나 어 개인의 발전 회사의 발전이 어 눈에 보이지 않을 정도로 조금 더딘 부분을 느낀 뒤로부터 이 회사를 지원하고 싶어서 그에 맞는 인재가 될 수 있도록 스펙을 쌓고 또 경험을 하면서 노하우를 키워 갔던 것 같습니다. 그래서 지금 영업 쪽에 관련된 지금 이 중간 관리자급 되는 이제 지원하게 되었는데 그 전 회사에도 중간관리자 역할을 주로 하다 보니까 지금 그대로 임무 수행을 한다 해도 제한이 없을 것 같아서 이 회사에 제일 적합한 인재이지 않을까 그렇게 생각하다가 과감하게 전 회사를 이제 퇴직하고 이 회사를 이직을 결심하게 되었는데 어 충분한 자신감이 있기 때문에 어 지원한 계기도 될 것 같습니다. 네 이상입니다.","wordCount":139},"emotion":[],"intent":[{"text":"어 이 직무에 지원한 이유는 어 당연히 본인이 제일 자신 있는 분야인기    때문에 지원했을 거라고 생각합니다.","expression":"c_sincere_job","category":"etc"}],"summary":{"text":"이 직무에 지원한 계기는 본인이 제일 자신 있는 분야인기 때문이라 생각합니다. 전 회사의 발전이 눈에 보이지 않을 정도로 더딘 부분을 느낀 뒤로부터 스펙을 쌓고 경험을 하면서 노하우를 키워 갔던 것 같습니다. 그래서 지금 영업 쪽에 관련된 중간 관리자급 되는 지원하게 되었는데 이 회사에 제일 적합한 인재라고 생각하다가 과감하게 이직을 결심하게 되었습니다.","wordCount":51}}},"rawDataInfo":{"question":{"fileFormat":"wav","fileSize":514958,"duration":16090,"samplingBit":16,"channelCount":1,"samplingRate":"16kHz","audioPath":"/Mock/02.SalesMarketing/Male/Experienced/ckmk_q_sm_m_e_191808.wav"},"answer":{"fileFormat":"wav","fileSize":2637518,"duration":82420,"samplingBit":16,"channelCount":1,"samplingRate":"16kHz","audioPath":"/Mock/02.SalesMarketing/Male/Experienced/ckmk_a_sm_m_e_191808.wav"}}}