{"version":"1.0","dataSet":{"info":{"date":"20230116","occupation":"SM","channel":"MOCK","place":"ONLINE","gender":"MALE","ageRange":"35-44","experience":"EXPERIENCED"},"question":{"raw":{"text":"다른 사람들과 협업을 하며 가장 어려웠던 점이 있다면 무엇이었습니까 어떻게 극복하셨는지도 함께 말씀해 주세요","wordCount":14},"emotion":[],"intent":[]},"answer":{"raw":{"text":"아 사람들과 협업을 하면서 가장 불편하고 어려웠던 부분 또는 극복했던 방법에 대해서 답변 드리겠습니다. 일단 사람들과 협업하면서 어려웠던 점은 일단 사람들마다 생각이 틀리고 또 가치관이 틀리기 때문에 그거를 동일하게 같은 목표로 이끌어 간다는 게 쉽지는 않을 겁니다. 협업이라는 거는 사람이 정말 신뢰가 있고 이름이 있고 친밀성도 있어야 그 자기가 알고 있는 노하우나 경험에 대해서 백 프로 격려나 조언을 해줄 것이고 그렇지 않으면 이 협업의 내용이 부실할 겁니다. 그래서 이런 좋은 협업을 받기 위해서는 그동안에 갖고 어떤 인간관계라든지 그런 부족했던 부분 같은 것을 충분히 보완하고 정말 가족 같은 분위기가 된다면 백 프로의 협업을 받지 않을까 싶습니다. 그런 것들이 어려운 것이 오 원이 지나면 이런 신뢰가 있는 관계를 유지를 해 줘야 하는데 그 관계를 지속해서 유지하는 게 쉽지 않을 겁니다. 그 부분이 제일 어려운 부분이 될 것 같고 그걸 극복하기 위해서는 이런 신뢰적인 관계들을 지속하기 위해서 어 꾸준하게 노력을 해 줘 것 같습니다. 이상입니다.","wordCount":142},"emotion":[],"intent":[{"text":"그래서 이런 좋은 협업을 받기 위해서는 그동안에 갖고 어떤 인간관계라든지 그런 부족했던 부분 같은 것을 충분히 보완하고 정말 가족 같은 분위기가 된다면 백 프로의 협업을 받지 않을까 싶습니다.","expression":"c_cop","category":"personality"}],"summary":{"text":"사람과 협업을 하면서 가장 불편했던 부분 또는 극복했던 방법에 대해서 답변 드리겠습니다. 협업은 사람이 정말 신뢰가 있고 이름이 있고 친밀성도 있어야 합니다. 신뢰적인 관계들을 지속하기 위해서 꾸준하게 노력을 해 준 것 같습니다. 이상입니다.","wordCount":33}}},"rawDataInfo":{"question":{"fileFormat":"wav","fileSize":367118,"duration":11470,"samplingBit":16,"channelCount":1,"samplingRate":"16kHz","audioPath":"/Mock/02.SalesMarketing/Male/Experienced/ckmk_q_sm_m_e_217011.wav"},"answer":{"fileFormat":"wav","fileSize":2630158,"duration":82190,"samplingBit":16,"channelCount":1,"samplingRate":"16kHz","audioPath":"/Mock/02.SalesMarketing/Male/Experienced/ckmk_a_sm_m_e_217011.wav"}}}