{"version":"1.0","dataSet":{"info":{"date":"20230116","occupation":"SM","channel":"MOCK","place":"ONLINE","gender":"MALE","ageRange":"55-","experience":"EXPERIENCED"},"question":{"raw":{"text":"인생을 살아오면서 가장 힘들었던 경험은 무엇이었나요 또한 그것을 어떻게 극복하셨는지도 자세하게 설명해 주시기 바랍니다","wordCount":14},"emotion":[],"intent":[]},"answer":{"raw":{"text":"지금까지 살아오면서 가장 힘들었던 경험은 무엇인가요 그것을 어떻게 극복하고 하셨는지도 궁금합니다. 아 예 제가 아 중년에 사업을 하면서 아 사업에 어 실패를 통하여서 많이 어려웠던 적이 있었습니다. 그래서 어 여러 가지 어 다른 장사라든가 이런 걸 통해서 어 어려웠던 점들이 더욱더 많았던 것 같습니다. 아 무엇보다도 내가 여태까지 경험했던 것들 내가 여태까지 직장 생활을 해왔던 것들 사업을 영위해 왔던 것들 이런 것들이 어떻게 보면 가장 아 쉬운 일이고 가장 이해하기 쉬웠던 그런 부분이었던 것 같습니다. 아 장사가 그렇게 쉬운 부분은 아니었던 것 같습니다. 그래서 지금까지 삼십 년 동안 해왔던 그 영업적인 부분들 기술 개발 그리고 경영적인 부분들 이 부분들이 저희한테는 어떠한 환경이 있어도 어려운 부분이 아니었던 것 같습니다. 그래서 지금도 사업을 하고 있습니다. 하지만 귀사에서 원하시는 아 그런 부분에 아 좋은 경험이 될 거라고 생각합니다. 삼십 년의 노하우가 또한 귀사에 그 팀원과 또한 회사에도 큰 이익이 아 될 것이라고 생각을 합니다. 아 가장 힘들어면서 어 많은 아 공부를 어 했다고 보여집니다. 어떻게 보면 조그마한 회사가 뭔가를 이렇게 이루어 가고 성장하고 한다는 것이 처음에는 쉽지만은 시간이 가면 갈수록 참으로 어렵고 많은 직원들과 또한 회사의 그러한 시스템을 통하여서 같이 협업하면서 그러한 목표를 달성하는 것이 어떻게 보면 쉬운 것이고 우리가 이렇게 달성해야 될 것이라고 생각을 합니다.","wordCount":193},"emotion":[],"intent":[{"text":"","expression":"","category":"attitude"}],"summary":{"text":"지금까지 살아오면서 가장 힘들었던 경험은 무엇인가요 그것을 어떻게 극복하고 하었나요? 사업을 하면서 사업을 영위해 왔던 것들 이런 것들이 가장 쉬운 일이고 가장 이해하기 쉬웠던 그런 부분이었던 것 같습니다. 십 년 동안 해왔던 영업적인 부분들 기술 개발 그리고 경영적인 부분들 이 부분들이 저희한테 어떤 환경이 있어도 어려운 부분이 아니었던 것 같아 지금까지 사업을 하고 있습니다.","wordCount":54}}},"rawDataInfo":{"question":{"fileFormat":"wav","fileSize":551118,"duration":17220,"samplingBit":16,"channelCount":1,"samplingRate":"16kHz","audioPath":"/Mock/02.SalesMarketing/Male/Experienced/ckmk_q_sm_m_e_240456.wav"},"answer":{"fileFormat":"wav","fileSize":3809998,"duration":119060,"samplingBit":16,"channelCount":1,"samplingRate":"16kHz","audioPath":"/Mock/02.SalesMarketing/Male/Experienced/ckmk_a_sm_m_e_240456.wav"}}}