{"version":"1.0","dataSet":{"info":{"date":"20230116","occupation":"SM","channel":"MOCK","place":"ONLINE","gender":"MALE","ageRange":"55-","experience":"EXPERIENCED"},"question":{"raw":{"text":"본인이 생각하기에 자신의 노년은 어떤 모습이었으면 좋겠나요 이상적인 노년의 모습을 저에게 말씀해 주시기 바랍니다","wordCount":14},"emotion":[],"intent":[]},"answer":{"raw":{"text":"지원자님께서 생각하시기에 자신의 노년은 어떤 모습이었으면 좋겠습니까. 이상적인 노년의 모습을 말씀해 주세요. 아 예 제가 한 육십 오 세까지 일을 하고 그 이후에 칠십 세 팔십 세에는 아 시골에 가서 전원주택 생활을 하면서 농작물을 키우고 또한 아 많은 헌신을 하는 그런 곳에 사용이 되기를 원합니다. 또한 시간이 된다면은 아 해외에 아프리카라든가 남미라든가 이런 쪽에 가서 자원 봉사 활동 또한 그런 쪽에서 제가 할 수 있는 그런 일들을 찾아서 어 노년에 그러한 모습을 보여 주고 싶습니다. 그러기 위해서는 체력적으로 뒷 받침이 되어야 될 것 같고 경제적으로도 어느정도 뒷 받침이 되어야만이 그러한 일들을 할 수 있기 때문에 지금 앞으로 남은 십 년의 그런 삶을 더욱더 열심히 또한 건강으로 또한 정신적으로도 어 지치지 않는 그러한 건강으로 어 살려고 부단히 애쓰고 있습니다. 제가 무엇보다도 어 해외에 관심이 많습니다. 그리고 또한 어려움에 처해 있는 그런 분들 그런 분들에게 도움이 되는 그러한 삶을 살고 싶습니다. 동남아시아라든가 중동이라든가 아프리카 지역에서 어 체육 활동을 통하여서 그들에게 선한 영향력을 끼쳐 주고 싶고 또한 제가 아 건축이라든가 그러한 아 복음의 그런 분야에서 그들에게 많은 아 이익이 될 수 있는 그런 부분들을 제가 할기를 원합니다. 제가 가지고 있는 앞으로의 그러한 십 년이 더욱더 중요하다고 볼 수 있습니다.","wordCount":186},"emotion":[],"intent":[{"text":"","expression":"","category":"attitude"}],"summary":{"text":"지원자님께서 생각하시는 이상적인 노년의 모습은 제가 한 60오 세까지 일을 하고 그 이후에 70세 80세에는 시골에 가서 농작물을 키우고 또 많은 헌신을 하는 그런 곳에 사용이 되길 원합니다. 시간이 된다면 해외에 자원 봉사 활동을 해서 제가 할 수 있는 그런 일들을 찾아서 노년에 그러한 모습을 보여 주고 싶습니다. 앞으로의 십 년이 더욱더 중요하다고 볼 수 있습니다.","wordCount":56}}},"rawDataInfo":{"question":{"fileFormat":"wav","fileSize":364878,"duration":11400,"samplingBit":16,"channelCount":1,"samplingRate":"16kHz","audioPath":"/Mock/02.SalesMarketing/Male/Experienced/ckmk_q_sm_m_e_240455.wav"},"answer":{"fileFormat":"wav","fileSize":3826638,"duration":119580,"samplingBit":16,"channelCount":1,"samplingRate":"16kHz","audioPath":"/Mock/02.SalesMarketing/Male/Experienced/ckmk_a_sm_m_e_240455.wav"}}}