{"version":"1.0","dataSet":{"info":{"date":"20230116","occupation":"SM","channel":"MOCK","place":"ONLINE","gender":"MALE","ageRange":"45-54","experience":"EXPERIENCED"},"question":{"raw":{"text":"회사에 들어와서 선배를 만나게 될 텐데 어떤 모습의 선배를 만나고 싶으신가요 그 이유도 같이 얘기해 주세요","wordCount":16},"emotion":[],"intent":[]},"answer":{"raw":{"text":"입사해서 원하는 선배의 모습은 무엇이냐는 질문에 대해서는 회사생활이나 조직 사회를 하다 보면 첫 입사를 하게 된 후에 사수 사수라는 는 부분들이 있습니다. 그 사수가 제가 적응을 못 하는 부분이라든지 그런 부분에 대해서 어 조언을 해주고 그리고 그 사수를 따라서 회사 생활에 적어 용어 적응을 하는 경우가 많이 있습니다. 저의 경우도 그런 부분들이 있었고요. 그렇다면 어떤 사수가 본인한테 좋은 사수인지는 상대방에 따라 틀리겠지만 저의 경우에는 일을 잘하고 안 하고는 시간의 흐름에 따라서 어 적응을 하면 함에 따라서 할 수 있는 부분이라고 생각을 합니다. 지나고 나서 생각을 해보면 저한테 좋았던 사수는 선배는 어떤 모습이었는지를 생각을 하다고 하는 거 보면 그 직무나 회사나 직업을 대하는 태도나 관련된 부분들이 어떻게 하는지에 대해 한 부분들이 저에게는 이래라 잘 하고 못하고 보다도 훨씬 더 중요하다고 생각을 합니다.","wordCount":121},"emotion":[],"intent":[{"text":"","expression":"","category":"attitude"}],"summary":{"text":"첫 입사한 선배가 본인에게 좋은 사수인지는 상대방에 따라 다르겠지만 저에게는 일을 잘하고 안 하고는 시간의 흐름에 따라서 적응을 하면 할 수 있는 부분이라고 생각합니다. 직무나 회사나 직업을 대하는 태도나 관련된 부분들에 대해 한 부분들이 저에게는 훨씬 더 중요하다고 생각합니다.","wordCount":39}}},"rawDataInfo":{"question":{"fileFormat":"wav","fileSize":389198,"duration":12160,"samplingBit":16,"channelCount":1,"samplingRate":"16kHz","audioPath":"/Mock/02.SalesMarketing/Male/Experienced/ckmk_q_sm_m_e_100646.wav"},"answer":{"fileFormat":"wav","fileSize":2718158,"duration":84940,"samplingBit":16,"channelCount":1,"samplingRate":"16kHz","audioPath":"/Mock/02.SalesMarketing/Male/Experienced/ckmk_a_sm_m_e_100646.wav"}}}