{"version":"1.0","dataSet":{"info":{"date":"20230116","occupation":"SM","channel":"MOCK","place":"ONLINE","gender":"MALE","ageRange":"35-44","experience":"EXPERIENCED"},"question":{"raw":{"text":"지금 읽고 계신 책이 있다면 그것이 어떤 책인지 궁금합니다 그리고 왜 그 책을 읽는지도 같이 설명해 주세요","wordCount":17},"emotion":[],"intent":[]},"answer":{"raw":{"text":"제가 한 달째 몇 번을 계속해서 정독하고 있는 책은 바로 시크릿 끌어당김의 법칙이라는 책입니다. 영어로는 더 로우 오브 어트랙션이라는 뜻이고 끌어당김의 법칙이란 말 그대로 자기가 어떤 것을 간절하게 원하고 소원하고 노력하면 그것이 내 곁으로 온다 라는 약간은 종교적이고 약간은 미신적인 내용인 것 같지만 실제로 그 책을 읽다 보면 왜 그런 현상이 일어나는지에 대한 것을 깨닫게 됩니다. 예를 들어 양자 역학에서는 어떤 주파수에 맞는 행동을 하면 그 주파수에 맞게끔 본인이 행동을 하고 그거에 맞는 주파수에 어떤 물질이나 사람이나 그런 것들이 내 곁으로 온다고 합니다. 얘기만 들으면 어 주파수가 어떻게 우리 곁으로 오나 하지만 다시 말하면 내가 테니스에 관심을 갖고 테니스 책을 많이 읽고 테니스 훈련을 많이 하고 레슨을 받으면 테니스에 당연히 많은 지식을 갖고 테니스를 잘 칠 수 밖에 없는 것입니다. 그런데 그냥 머릿속으로 테니스만을 생각하고 말면 테니스는 그냥 내가 알고 있는 지식에 불과한 겁니다. 그러니까 끌어당김의 법칙이라는 것은 자기가 지속적으로 실천하고 노력하고 실패하더라도 아 이건 언젠가 된다 라는 생각으로 하다보면 결국은 내 곁으로 온다는 뜻이기 때문에 결국 내 자신의 인내심과 열심히 노력하라는 지시서입니다.","wordCount":163},"emotion":[],"intent":[{"text":"","expression":"","category":"attitude"}],"summary":{"text":"시크릿 끌어당김의 법칙은 종교적이고 미신적인 내용일 것 같지만 실제로는 제 자신의 인내심과 열심히 노력하라는 지시서입니다. 독서를 통해 그 현상에 대해 깨달을 수 있습니다. 양자 역학에서 주파수에 맞는 행동을 하면 그 주파수에 있는 물질이나 사람이나 것들이 제 곁으로 온다고 합니다.","wordCount":39}}},"rawDataInfo":{"question":{"fileFormat":"wav","fileSize":326478,"duration":10200,"samplingBit":16,"channelCount":1,"samplingRate":"16kHz","audioPath":"/Mock/02.SalesMarketing/Male/Experienced/ckmk_q_sm_m_e_184576.wav"},"answer":{"fileFormat":"wav","fileSize":2810318,"duration":87820,"samplingBit":16,"channelCount":1,"samplingRate":"16kHz","audioPath":"/Mock/02.SalesMarketing/Male/Experienced/ckmk_a_sm_m_e_184576.wav"}}}