{"version":"1.0","dataSet":{"info":{"date":"20230116","occupation":"SM","channel":"MOCK","place":"ONLINE","gender":"MALE","ageRange":"55-","experience":"EXPERIENCED"},"question":{"raw":{"text":"지금 공부하고 있는 분야가 있나요 만약에 있다면 그것을 왜 공부를 하시고 그리고 그것을 통해 어떤 거를 배웠는지 저에게 말씀해 주시기 바랍니다","wordCount":21},"emotion":[],"intent":[]},"answer":{"raw":{"text":"노년 생활에 대해서 특별히 공부를 좀 하고 있습니다. 최근에 고령자가 늘어나면서 사회적인 문제도 되고 있고 또 고령자들 스스로도 많은 시간을 할애해서 고령화 시대에 잘 사는 방법을 공부하고 있는 걸로 압니다. 이거는 제가 저 자신의 윤택한 생활을 위해서도 필요하겠지만 그런 공부를 함으로 해서 사회에 기여할 수 있는 부분도 충분히 되지 않겠는가. 지금 하고 있는 일의 연관성은 당장 없다 하더라도 앞으로 많은 조직에서 나이 많은 시니어들을 활용하게 될 수도 있을 것입니다. 그때 그 시니어들의 생각 노년의 생활은 어떻게 하는 것이 좋은지를 서로 도움을 주면서 대화할 수 있는 조건이 된다면 업무에도 많은 도움이 될 거라고 봅니다. 어떻든 우선은 저 개인을 위해서 노년 생활에 대한 공부를 다각적으로 책을 구입해서 보기도 하고 강좌를 듣기도 하고 그러고 있습니다.","wordCount":112},"emotion":[],"intent":[{"text":"","expression":"","category":"attitude"}],"summary":{"text":"최근 고령자가 늘어나면서 고령화 시대에 잘 사는 방법에 대한 공부를 하고 있습니다. 앞으로 많은 조직에서 시니어들을 활용하게 될 것인데, 그 시니어들이 노년의 생활에 대해 서로 도움을 주면서 대화할 수 있는 조건이 되면 업무에도 많은 도움이 될 것입니다.","wordCount":37}}},"rawDataInfo":{"question":{"fileFormat":"wav","fileSize":449358,"duration":14040,"samplingBit":16,"channelCount":1,"samplingRate":"16kHz","audioPath":"/Mock/02.SalesMarketing/Male/Experienced/ckmk_q_sm_m_e_248208.wav"},"answer":{"fileFormat":"wav","fileSize":2586958,"duration":80840,"samplingBit":16,"channelCount":1,"samplingRate":"16kHz","audioPath":"/Mock/02.SalesMarketing/Male/Experienced/ckmk_a_sm_m_e_248208.wav"}}}