{"version":"1.0","dataSet":{"info":{"date":"20230116","occupation":"SM","channel":"MOCK","place":"ONLINE","gender":"MALE","ageRange":"55-","experience":"EXPERIENCED"},"question":{"raw":{"text":"업무 수행 시 모르는 과제가 등장했다면 어떠한 방식으로 해결하시겠습니까 해결법과 이유를 말씀해 주세요","wordCount":13},"emotion":[],"intent":[]},"answer":{"raw":{"text":"직무 수행 시에 모르는 과제가 등장했다면 어떻게 해결하시겠습니까. 해결법과 이유를 말씀해 주세요. 아 예 제가 직무을 수행하는 데 있어서 과제가 등장했는데 어 어려운 어 부분이 있다면 어 이런 부분들은 어 협업을 통해서 그러한 문제들을 해결하는 것이 중요하다고 생각을 합니다. 아 다른 거는 필요 없다고 생각합니다. 무엇보다도 음 서로 도움을 주고 도움을 받는 그런 부분에서 과제를 해결해 나가는 것이 가장 중요하다고 생각합니다. 아 주어진 과제는 아 제가 못하면 남들도 어렵다고 생각을 합니다. 그런 부분에서는 서로 간의 협업을 통해서 서로 간의 아 도움을 어 줌으로 인하여서 그런 과제들을 잘 수행하는 것이 중요하다고 생각합니다. 그런 과제는 우리 회사에서 또한 커다란 그러한 판매 실적하고 관련된 분야들이 많이 있다고 생각합니다. 어 세심하게 그런 분야들을 잘 관리하고 집중적으로 어 이렇게 해야만이 그러한 것이 우리 회사의 판매 실적과 아 영업 이익에 큰 도움이 될 거라고 생각합니다. 주어진 일들은 어 어렵지만은 최선을 다하도록 하겠습니다.","wordCount":136},"emotion":[],"intent":[{"text":"","expression":"","category":"attitude"}],"summary":{"text":"협업을 통해 서로 도움을 주고 받으며 과제를 해결해 나가는 것이 가장 중요하다고 생각합니다. 주어진 과제는 제가 못하면 남들도 어렵다고 생각하므로 서로 간의 협업을 통해서 서로 간의 도움으로 인해서 그런 과제들을 잘 수행하는 것이 중요하다고 생각됩니다.","wordCount":35}}},"rawDataInfo":{"question":{"fileFormat":"wav","fileSize":361038,"duration":11280,"samplingBit":16,"channelCount":1,"samplingRate":"16kHz","audioPath":"/Mock/02.SalesMarketing/Male/Experienced/ckmk_q_sm_m_e_227910.wav"},"answer":{"fileFormat":"wav","fileSize":2822478,"duration":88200,"samplingBit":16,"channelCount":1,"samplingRate":"16kHz","audioPath":"/Mock/02.SalesMarketing/Male/Experienced/ckmk_a_sm_m_e_227910.wav"}}}