{"version":"1.0","dataSet":{"info":{"date":"20230116","occupation":"SM","channel":"MOCK","place":"ONLINE","gender":"MALE","ageRange":"35-44","experience":"EXPERIENCED"},"question":{"raw":{"text":"커뮤니케이션을 잘 할 수 있는 본인만의 스킬이 있다면 소개 부탁드리겠습니다 직접 보여주셔도 좋습니다","wordCount":13},"emotion":[],"intent":[]},"answer":{"raw":{"text":"커뮤니케이션은 한국말로 소통이라는 뜻입니다. 소통을 잘하기 위해서는 남들과 공감대 형성을 해야 되는데요. 공감대를 형성하기 위해선 많은 양의 주제 또는 트렌드에 맞는 주제를 좀 알고 있어야 됩니다. 예를 들어서 엠지 세대 테니스를 좋아하는 옆부서에 이 대리님에게 가서 먼저 대화를 꺼낼 때 딱딱한 업무 얘기보다는 우리가 말하는 공감대 형성 라포 형성을 먼저 해야 됩니다. 이 대리님 요즘 테니스 많이 치신다고 들었는데 테니스 어떻게 치고 있나요. 저도 오랫동안 테니스를 치고 있어서 테니스에 관심이 많습니다 라고 얘기하면 이 대리님은 실제적으로 테니스의 전문가는 아니지만 이제 테니스를 배우기 시작하고 재미와 중독에 빠진 사람들이 많습니다. 그러면 테니스 라켓은 어떤 것을 사용하고 일주일에 두 번씩 또는 일과 후에 어떤 테니스 장을 가서 누구와 치는지에 대해서 지속적으로 서로 이야기를 하게 됩니다. 저 또한 테니스를 많이 알고 있고 테니스에 대한 지식이 많기 때문에 중간 중간에 첨언을 해주거나 리액션을 해주고 그 면서 경청을 하면 이 대리님은 테니스 관련된 이야기를 저와 최소 십 분에서 이십 분 정도 하게 됩니다. 그러면서 우리에게는 서로의 높았던 장벽은 사라지고 조금씩 공감대가 형성이 되게 됩니다. 그렇게 삼 회 이상 하게 되면 커뮤니케이션은 자연스럽게 이루어집니다.","wordCount":167},"emotion":[],"intent":[{"text":"","expression":"","category":"attitude"}],"summary":{"text":"소통을 잘하기 위해서는 공감대 형성을 해야 됩니다. 공감대를 형성을 위해서는 많은 양의 주제 또는 트렌드에 맞는 주제를 알고 있어야 됩니다. 예를 들어서 엠지 세대 테니스를 좋아하는 옆부서에 대리님께 가서 먼저 대화를 꺼낼 때 딱딱한 업무 얘기보다는 공감대 형성하고 라포 형성을 먼저 하면 서로의 높았던 장벽은 사라지고 조금씩 공감대가 형성이 됩니다. 커뮤니케이션은 자연스럽게 이루어집니다.","wordCount":53}}},"rawDataInfo":{"question":{"fileFormat":"wav","fileSize":410958,"duration":12840,"samplingBit":16,"channelCount":1,"samplingRate":"16kHz","audioPath":"/Mock/02.SalesMarketing/Male/Experienced/ckmk_q_sm_m_e_185510.wav"},"answer":{"fileFormat":"wav","fileSize":2828238,"duration":88380,"samplingBit":16,"channelCount":1,"samplingRate":"16kHz","audioPath":"/Mock/02.SalesMarketing/Male/Experienced/ckmk_a_sm_m_e_185510.wav"}}}