{"version":"1.0","dataSet":{"info":{"date":"20230116","occupation":"SM","channel":"MOCK","place":"ONLINE","gender":"MALE","ageRange":"-34","experience":"EXPERIENCED"},"question":{"raw":{"text":"지원자님만의 단점이 있으시다면 그것을 말씀해 주시길 바랍니다 그리고 어 해당 단점을 보완하기 위해서 어 노력을 하신 것이 있다면 함께 말씀해 주세요","wordCount":21},"emotion":[],"intent":[]},"answer":{"raw":{"text":"네 저의 단점은 너무 꼼꼼하다는 게 저의 단점이라고 생각합니다. 일을 함에 있어서 가끔은 어 빠르고 신속하게 업무를 해야 하는 경우가 있는데 이런 경우에도 꼼꼼하게 일을 할려고 하다 보니 간혹 어 늦어지는 경우가 발생했던 거 같습니다. 그래서 이를 이런 저의 단점을 보완하기 위해서 업무를 시작하기 전에 경 중 완급으로 해서 어 빠르게 신속하게 해야 되는 그리고 신속 정확하게 해야 되는 업무 그리고 중요도가 조금 떨어지고 어 천천히 해도 되는 업무 등 여러 가지 분야로 업무를 나눈 후에 업무를 시작하는 습관을 가지게 되었습니다. 그 결과 어 중요하고 빨리 해야 되는 업무에 어 정확도나 성과는 오히려 더 좋아졌고 어 조금 중요한 부분이 떨어지는 업무는 좀 더 빨리 할 수 있었던 부분이 있어서 업무를 시작하기 전에 이렇게 경중 완급을 나누고 업무를 시작하는 습관을 들이게 되었습니다.","wordCount":121},"emotion":[],"intent":[{"text":"네 저의 단점은 너무 꼼꼼하다는 게 저의 단점이라고 생각합니다.","expression":"c_person","category":"background"}],"summary":{"text":"꼼꼼한 단점을 보완하기 위해 업무를 시작하기 전에 경중완급으로 해서 빠르게 신속하게 해야 되는, 신속 정확하게 해야 되는 업무 그리고 중요도가 조금 떨어지고 천천히 해도 되는 업무 등 여러 가지 분야로 업무를 나눈 후에 업무를 시작하는 습관을 들이게 되었습니다.","wordCount":38}}},"rawDataInfo":{"question":{"fileFormat":"wav","fileSize":441678,"duration":13800,"samplingBit":16,"channelCount":1,"samplingRate":"16kHz","audioPath":"/Mock/02.SalesMarketing/Male/Experienced/ckmk_q_sm_m_e_192261.wav"},"answer":{"fileFormat":"wav","fileSize":2632078,"duration":82250,"samplingBit":16,"channelCount":1,"samplingRate":"16kHz","audioPath":"/Mock/02.SalesMarketing/Male/Experienced/ckmk_a_sm_m_e_192261.wav"}}}