{"version":"1.0","dataSet":{"info":{"date":"20230116","occupation":"SM","channel":"MOCK","place":"ONLINE","gender":"MALE","ageRange":"45-54","experience":"EXPERIENCED"},"question":{"raw":{"text":"지원자께서는 지원했던 업무에 대해서 예상이나 상상했던 것이 있으실 것입니다 혹시 예상했던 것과 업무 내용이나 강도가 전혀 다르면 어떻게 하시겠습니까","wordCount":19},"emotion":[],"intent":[]},"answer":{"raw":{"text":"예상했던 것과 업무 내용이나 강도가 전혀 다르다면 어떻게 할 것인가에 대한 부분은 먼저 당황을 할 것 같습니다. 하지만 이 그 일 업무 강도가 내용이나 강도가 다르다고 한다면 당황을 한 살짝 당황을 한 후에 그 일이 개인적 역량으로 해결이 가능한 문제인지 아니면 협업을 해야되는 부분인지 판단을 해야 될 것 같습니다. 그게 판단이 해 개인이 혼자서 처리할 수 있는 문제라면 시간이 걸리더라도 혼자 처리하면 됩니다. 하지만 혼자 힘으로 처리할 문제가 아닌 협업이 필요하다 한다고 한다면 내부적으로 팀 내부적으로 해서 협업이 필요한 부분인지 아니면 타 부서와의 협업이 필요한지에 따라서 특히 타 부서와의 협업이 필요한 경우에는 본인이 그 업 타 부서에 어 무조건 협조 요청을 하는 부분이 아니라 팀 리더와 상의를 해서 어떤 방식으로 협조 요청을 할 부분이 있는지에 대해서 얘기를 하고 그렇게 함으로써 어 시간이라든지 얼마 어느 정도의 일을 끝낼 수 있는지를 판단을 해야 될 것 같습니다. 무조건 타 부서에게 도와달라고 요청하는 것보다는 어느 선까지 할 부분인지에 대해서는 먼저 고민을 해야 될 것 같습니다.","wordCount":151},"emotion":[],"intent":[{"text":"","expression":"","category":"attitude"}],"summary":{"text":"업무 내용이나 강도가 다르다면 당황을 한 후에 그 일이 개인적 역량으로 해결이 가능한 문제인지 협업을 해야되는 부분인지 판단을 해야 될 것 같습니다. 협업이 필요하다 한다면 팀 내부적으로 해서 필요한 부분인지 아니면 타 부서와의 협업이 필요한지에 따라서 팀 리더와 상의를 해서 어떤 방식으로 협조 요청을 할 부분이 있는지 얘기를 하고 그렇게 함으로써 어느 선까지 할 부분인지에 대해서는 먼저 고민을 해야 됩니다.","wordCount":60}}},"rawDataInfo":{"question":{"fileFormat":"wav","fileSize":500878,"duration":15650,"samplingBit":16,"channelCount":1,"samplingRate":"16kHz","audioPath":"/Mock/02.SalesMarketing/Male/Experienced/ckmk_q_sm_m_e_105510.wav"},"answer":{"fileFormat":"wav","fileSize":2741518,"duration":85670,"samplingBit":16,"channelCount":1,"samplingRate":"16kHz","audioPath":"/Mock/02.SalesMarketing/Male/Experienced/ckmk_a_sm_m_e_105510.wav"}}}