{"version":"1.0","dataSet":{"info":{"date":"20230116","occupation":"SM","channel":"MOCK","place":"ONLINE","gender":"MALE","ageRange":"35-44","experience":"EXPERIENCED"},"question":{"raw":{"text":"지원자님이 그동안 인생에서 겪었던 갈등들 중 가장 심각했던 것은 무엇인가요 한 가지만 골라 말씀해 주시길 바랍니다","wordCount":16},"emotion":[],"intent":[]},"answer":{"raw":{"text":"어 제가 인생을 살면서 제일 겪었던 갈등 중 가장 심각했던 부분을 한번 생각을 해 보았습니다. 어 일단 제가 사회생활을 하기 전에 군 생활을 지금 직업 군인으로 진행하고 원해서 갔고 또 가서도 적성에 맞았고 여러 가지 이유를 직업 군인의 길을 선택을 했었는데 어느 순간 이 직업군인의 길로 계속 가기에는 내 인생이 좀 허무하다 이런 생각을 갖다 보니까 사회로 나갈 준비를 쪼금씩 했었던 것 같습니다. 그러다 보니 많은 갈등을 했었던 것 같습니다. 왜 그냐면 음 이제 직업 군인을 지금 해왔던 일이고 계속 삼십 년 동안 진행하면 연금도 나오고 조건이 또 있기 때문에 지금까지 해 왔던 군 생활이 굉장히 아깝게 느껴지는 그런 상황이었습니다. 네 이제 내 꿈 내 사회적인 뭐 퀄리티 뭐 이런 것들을 누려보고 싶은 마음에 계속해서 드는 갈등을 어떻게 멈출 수가 없었습니다. 그래서 지금 현재는 결국은 전역의 길을 선택하고 지금 여기서 면접을 보고 있는데 그런 부분에 있어서 제 인생에서 제일 심한 갈등이라고 하자면은 그때 군 생활을 계속 할지 말지에 대한 고민이 굉장히 컸던 것 같습니다. 이상입니다.","wordCount":155},"emotion":[{"text":"왜 그냐면   음 이제 직업 군인을 지금 해왔던 일이고 계속 삼십 년 동안 진행하면 연금도 나오고   조건이 또 있기 때문에 지금까지 해 왔던 군 생활이 굉장히 아깝게 느껴지는 그런 상황이었습니다.","expression":"u-fact","category":"neutral"}],"intent":[{"text":"","expression":"","category":"attitude"}],"summary":{"text":"직업군인의 길로 가기에는 너무 허무하다는 생각을 하면서 사회 진출을 위한 준비를 조금씩 하다보니 많은 갈등을 했었던 것 같습니다. 지금 현재 전역의 길을 선택하고 지금 여기서 면접을 보고 있는데 그때 군 생활을 계속 할지 말지에 대한 고민에 가장 심한 갈등이었습니다. ","wordCount":39}}},"rawDataInfo":{"question":{"fileFormat":"wav","fileSize":404558,"duration":12640,"samplingBit":16,"channelCount":1,"samplingRate":"16kHz","audioPath":"/Mock/02.SalesMarketing/Male/Experienced/ckmk_q_sm_m_e_194147.wav"},"answer":{"fileFormat":"wav","fileSize":2703438,"duration":84480,"samplingBit":16,"channelCount":1,"samplingRate":"16kHz","audioPath":"/Mock/02.SalesMarketing/Male/Experienced/ckmk_a_sm_m_e_194147.wav"}}}