{"version":"1.0","dataSet":{"info":{"date":"20230116","occupation":"SM","channel":"MOCK","place":"ONLINE","gender":"MALE","ageRange":"55-","experience":"EXPERIENCED"},"question":{"raw":{"text":"만약에 다른 부서와 갈등 상황이 발생한다면 어떻게 해결을 하시겠습니까 상황을 가정하고 말씀을 해 주시기 바랍니다","wordCount":15},"emotion":[],"intent":[]},"answer":{"raw":{"text":"직장생활을 하다 보면 영업 파트와 관리 파트 간에 의견 충돌 내지 갈등이 빚어집니다. 주변에서도 많이 보아왔고 저 또한 그런 경험이 있습니다. 그럴 때마다 서로 자기 위주의 얘기만 하다 보면 풀리지가 않습니다. 그래서 업무 외적인 시간에 서로 만나서 허심탄회한 얘기를 하는 게 좋습니다. 무엇보다 평소 인간 관계가 중요하다고 봅니다. 꼭 갈등이 빚어졌을 때 해결할려고 하면은 이미 늦을 수도 있고 시간이 많이 걸립니다. 조직 내에서도 항상 맡은 파트는 틀렸다 하더라도 항상 서로 인간관계 유대관계를 돈독히 해야 회사 내부에서도 업무 처리 하는데 훨씬 수월하다고 봅니다.","wordCount":82},"emotion":[],"intent":[{"text":"그래서 업무 외적인 시간에 서로 만나서 허심탄회한 얘기를 하는 게 좋습니다.","expression":"c_confl_mg","category":"personality"},{"text":"조직 내에서도 항상 맡은 파트는 틀렸다 하더라도 항상 서로 인간관계 유대관계를 돈독히 해야 회사 내부에서도 업무 처리 하는데 훨씬 수월하다고 봅니다.","expression":"c_confl_mg","category":"personality"}],"summary":{"text":"업무 외적인 시간에 서로 만나서 허심탄회한 얘기를 하는 게 좋습니다. 무엇보다 평소 인간 관계가 중요합니다. 조직 내에서도 항상 서로 인간관계 유대관계를 돈독히 해야 업무 처리에 훨씬 수월하다고 봅니다.","wordCount":28}}},"rawDataInfo":{"question":{"fileFormat":"wav","fileSize":481998,"duration":15060,"samplingBit":16,"channelCount":1,"samplingRate":"16kHz","audioPath":"/Mock/02.SalesMarketing/Male/Experienced/ckmk_q_sm_m_e_229522.wav"},"answer":{"fileFormat":"wav","fileSize":2889678,"duration":90300,"samplingBit":16,"channelCount":1,"samplingRate":"16kHz","audioPath":"/Mock/02.SalesMarketing/Male/Experienced/ckmk_a_sm_m_e_229522.wav"}}}