{"version":"1.0","dataSet":{"info":{"date":"20230116","occupation":"SM","channel":"MOCK","place":"ONLINE","gender":"MALE","ageRange":"35-44","experience":"EXPERIENCED"},"question":{"raw":{"text":"어 지금까지 살아오시면서 가장 힘들었던 경험은 어떤 힘들었던 경험인지 궁금합니다 그리고 당시에 많이 힘드셨을 텐데 그것을 어떻게 극복하셨는지도 함께 말씀해 주시길 바랍니다","wordCount":22},"emotion":[],"intent":[]},"answer":{"raw":{"text":"어 지금까지 제일 살아오면서 힘들었던 경험과 정신적으로나 육체적으로 매우 힘들었던 경험이 있긴 합니다. 그 부분이 무엇인지 한번 생각을 해 보았는데 일단 직업군인에 길을 했었던 그때 인제 사관학교 시절에 겪었던 한 십 육 주간에 기간이 어 육체적으로나 정신적으로 굉장히 힘들었던 기억이 있습니다. 어 이제 그때 당시에는 일단 극복하는 방법은 버티는 방법밖에 없었습니다. 하루하루 힘들지만 육체적으로 알베기고 정신적으로 이제 훈련을 받고 정신 교육을 받고 하는 와중에서 아 육체적으로나 진짜 정신적으로나 아 극한에 길을 가고 있구나. 이 고민을 많이 했었고 포기할까도 많이 생각했었습니다. 다시 어 퇴교 처리를 당하면 다시 돌아갈 수 있기 때문에 그 고민을 엄청 많이 했었는데 내 이 순간을 못 이겨내면 그 어떤 일도 못 할 것 같은 생각이 들어서 어 계속 자기 암시를 걸었던 것 같습니다. 버티고 버티자 그래서 지금까지 해때서 그때가 제일 힘들었던 경험했던 것 같습니다. 예상입니다.","wordCount":128},"emotion":[],"intent":[{"text":"","expression":"","category":"attitude"}],"summary":{"text":"사관학교 시절은 육체적으로나 정신적으로 굉장히 힘들었던 기억이 있습니다. 극한의 길을 가고 있고, 다시 퇴교 처리를 당하면 다시 돌아갈 수 있기 때문에 계속 자기 암시를 걸었던 것 같습니다.  그때가 제일 힘들었던 경험이었습니다.","wordCount":31}}},"rawDataInfo":{"question":{"fileFormat":"wav","fileSize":524878,"duration":16400,"samplingBit":16,"channelCount":1,"samplingRate":"16kHz","audioPath":"/Mock/02.SalesMarketing/Male/Experienced/ckmk_q_sm_m_e_196454.wav"},"answer":{"fileFormat":"wav","fileSize":2752078,"duration":86000,"samplingBit":16,"channelCount":1,"samplingRate":"16kHz","audioPath":"/Mock/02.SalesMarketing/Male/Experienced/ckmk_a_sm_m_e_196454.wav"}}}