{"version":"1.0","dataSet":{"info":{"date":"20230116","occupation":"SM","channel":"MOCK","place":"ONLINE","gender":"MALE","ageRange":"55-","experience":"EXPERIENCED"},"question":{"raw":{"text":"최근에 보셨던 뉴스들 중에서 가장 인상 깊었던 뉴스는 무엇인가요 또한 왜 그 뉴스가 특별히 인상 깊었었는지 이유도 말씀해 주세요","wordCount":19},"emotion":[],"intent":[]},"answer":{"raw":{"text":"최근에 본 뉴스들 가운데 가장 인상 깊었던 뉴스는 무엇인가요. 무엇인지와 이유도 함께 말씀해 주세요. 예 제가 최근에 본 뉴스들 가운데 가장 인상 깊었던 뉴스는 머스크 테슬라의 머스크가 아 여러 가지 일들을 시도하는 데 있어서 스페이스엑스의 그러한 아 원가를 낮추고 우주로 쏘아 올리는 인공위성을 쏘아 올리는 그러한 우주 계획을 보면서 참으로 대견하다고 생각을 했습니다. 참으로 어떻게 보면은 어 나사라든가 그 국가적인 그러한 부분에서 그런 것들을 일을 하는데 어떻게 보면 테슬라는 스페이스엑스를 통해서 기업이 그러한 일을 했다는 것은 참으로 대단하고 원가를 낮추어서 그러한 또한 일을 진행했다는 건 대단한 일이라고 할 수 있습니다. 그러기 때문에 유명세를 타는 아 씨이오라고 생각도 듭니다. 우리가 그런 가운데 느낄 수 있었던 것은 우리가 생각하지 못했던 가운데 원가 절감을 하니까 그런 것들이 가능하고 또한 큰 비용 없이 많은 인공위성을 쏘아 올린다는 그러한 장기적인 목표를 세울 수 있었다고 생각을 합니다. 이런 것들이 보면은 오늘의 머스크가 있도록 어 한 내용인 것 같습니다. 우리도 회사에서 보게 되면은 참으로 보면 어 원가적인 그런 부분들 제품의 개발들 이런 것들이 어떻게 보면 늘 숙지해 있고 잘 안되는 것들이 많이 있습니다. 하지만 우리의 생각과 아 이념적인 부분들 이런 것들을 우리가 아 변화한다면 정말 그 머스크와 같이 원가 절감을 하고 제품을 개발하고 어 특별한 제품을 만드는 그런 회사가 될 것이라고 생각합니다.","wordCount":195},"emotion":[{"text":"예 제가 최근에 본 뉴스들 가운데 가장 인상 깊었던 뉴스는 머스크 테슬라의 머스크가 아 여러 가지 일들을 시도하는 데 있어서 스페이스엑스의 그러한 아 원가를 낮추고 우주로 쏘아 올리는 인공위성을 쏘아 올리는 그러한 우주 계획을 보면서 참으로 대견하다고 생각을 했습니다.","expression":"p-gratitude","category":"positive"}],"intent":[{"text":"","expression":"","category":"attitude"}],"summary":{"text":"테슬라의 머스크가 스페이스엑스를 통해 원가를 낮추고 인공위성을 쏘아 올리는 우주 계획을 보면서 대견하다고 생각했습니다. 우리가 생각지 못했던 가운데 원가 절감을 하니 큰 비용 없이 많은 인공위성을 발사할 수 있었다고 생각합니다. 이념적인 부분들 이런 것들을 우리가 변화한다면 머스크처럼 원가 절감하고 제품을 개발하고 특별한 제품을 만드는 회사가 될 것이라고 생각합니다.","wordCount":48}}},"rawDataInfo":{"question":{"fileFormat":"wav","fileSize":600398,"duration":18760,"samplingBit":16,"channelCount":1,"samplingRate":"16kHz","audioPath":"/Mock/02.SalesMarketing/Male/Experienced/ckmk_q_sm_m_e_229186.wav"},"answer":{"fileFormat":"wav","fileSize":3817038,"duration":119280,"samplingBit":16,"channelCount":1,"samplingRate":"16kHz","audioPath":"/Mock/02.SalesMarketing/Male/Experienced/ckmk_a_sm_m_e_229186.wav"}}}