{"version":"1.0","dataSet":{"info":{"date":"20230116","occupation":"SM","channel":"MOCK","place":"ONLINE","gender":"MALE","ageRange":"35-44","experience":"EXPERIENCED"},"question":{"raw":{"text":"배달의민족을 사용하시면서 어 서비스에서 아쉬웠던 부분이 있으셨다면 어 무엇인지 말씀해 주세요","wordCount":11},"emotion":[],"intent":[]},"answer":{"raw":{"text":"네 배달의민족이라는 어플이 있고 또 우아한형제들이란 회사에서 관리를 하고 있는 그런 어플입니다. 결국은 배달의민족이라는 것은 이름과 같이 인제 배달을 해주는 어플인데 결국은 배달의민족이라는 어플이 이렇게 커질 줄은 몰랐고 이렇게 성장할 줄도 몰랐던 것 같습니다. 인제 코로나라는 시대를 잡으면서 또 그게 기회가 되고 또 그게 찬스가 되다 보니 배달의민족 즉 배달이라는 문화가 엄청 커지게 되다 보니 그런 파이에 대한 그런 것들을 다 갖게 되면서 어 우아한형제들 회사가 어 대기업으로 성장했던 거 같습니다. 이제 그런 부분은 어떻게 운도 좋았고 그런 것들이 따라 그 거에 대해서 인제 베풀 줄도 알아야 한다고 생각합니다. 그렇게 대기업이 그렇다보다 더 요금을 늘린다든지 아니면 뭐 업체들에게 더 많은 것을 요구한다든지 그런 부분들에 대해서 이제 좀 아쉬웠던 부분인 것 같은데 그러다보니 더욱더 힘들어지는 서민들이 있다 보니 그런 부분에 조금의 조금의 이득만 원하고 더 큰 이익을 극대화시키려 하다 보지 않다 보면은 그런 부분들이 아쉬운 부분인 것 같습니다. 이상입니다.","wordCount":138},"emotion":[{"text":"네 배달의민족이라는 어플이 있고 또 우아한형제들이란 회사에서 관리를 하고 있는 그런 어플입니다.","expression":"u-fact","category":"neutral"},{"text":"그렇게 대기업이 그렇다보다 더 요금을 늘린다든지   아니면 뭐 업체들에게 더 많은 것을 요구한다든지 그런 부분들에 대해서 이제 좀 아쉬웠던 부분인 것 같은데 그러다보니 더욱더 힘들어지는 서민들이   있다","expression":"n-distress","category":"negative"}],"intent":[{"text":"인제 코로나라는 시대를 잡으면서 또 그게 기회가 되고 또 그게 찬스가 되다 보니   배달의민족 즉 배달이라는 문화가 엄청 커지게 되다 보니 그런 파이에 대한 그런 것들을 다 갖게 되면서   어 우아한형제들 회사가 어 대기업으로 성장했던 거 같습니다.","expression":"s_anls_prod","category":"technology"}],"summary":{"text":"배달의민족이라는 이름과 같이 배달을 해주는 어플입니다. 코로나라는 시대를 잡으면서 기회가 되고 또 기회가 되다 보니 배달이라는 문화가 굉장히 커지게 되었습니다. 배달이라는 문화에 대한 파이에 대한 것들을 다 갖게 되면서 배달의민족이라는 어플이 대기업으로 성장하게 된 것입니다. 그러나 더 많은 요금을 늘린다든지 업체들에게 더 많은 것을 요구한다든지 하는 부분들은 아쉬웠습니다.","wordCount":48}}},"rawDataInfo":{"question":{"fileFormat":"wav","fileSize":411598,"duration":12860,"samplingBit":16,"channelCount":1,"samplingRate":"16kHz","audioPath":"/Mock/02.SalesMarketing/Male/Experienced/ckmk_q_sm_m_e_184809.wav"},"answer":{"fileFormat":"wav","fileSize":2746958,"duration":85840,"samplingBit":16,"channelCount":1,"samplingRate":"16kHz","audioPath":"/Mock/02.SalesMarketing/Male/Experienced/ckmk_a_sm_m_e_184809.wav"}}}