{"version":"1.0","dataSet":{"info":{"date":"20230116","occupation":"SM","channel":"MOCK","place":"ONLINE","gender":"MALE","ageRange":"35-44","experience":"EXPERIENCED"},"question":{"raw":{"text":"본인은 에스엔에스 채널을 가지고 있나요 가지고 있다면 에스엔에스를 어떻게 활용하고 있습니까","wordCount":11},"emotion":[],"intent":[]},"answer":{"raw":{"text":"저는 블로그 및 페이스북 인스타를 오 년 동안 운영하고 있습니다. 실제적으로 사람들은 에스앤에스나 블로그를 단순히 자기네 일기장이나 아니면 자랑거리로 생각하는 사람들이 많습니다. 하지만 실제적으로 블로그는 많은 사람들에게 키워드에 따라서 검색을 할 수 있고 검색해서 들어온 사람들로 하여금 좋은 정보를 줄 수 있는 엄청나게 훌륭한 마케팅 채널입니다. 또한 페이스북이나 인스타그램은 이미 오 년 전부터 키워드 및 에스이오에 따라서 머신 러닝으로 나에게 관련된 사람들에게 지속적으로 노출시켜 주는 기능이 있는 마케팅 채널입니다. 저는 마케팅 채널을 오 년 이상 운영해서 거의 상급자 수준으로 마케팅을 통해서 어떤 물품을 판매한다거나 제품을 홍보하는 것에 대해서 아주 능숙합니다.","wordCount":90},"emotion":[{"text":"저는 블로그 및 페이스북 인스타를 오 년 동안 운영하고 있습니다.","expression":"u-fact","category":"neutral"},{"text":"저는 마케팅 채널을 오 년 이상 운영해서 거의 상급자 수준으로 마케팅을 통해서 어떤   물품을 판매한다거나 제품을 홍보하는 것에 대해서 아주 능숙합니다.","expression":"u-fact","category":"neutral"}],"intent":[{"text":"","expression":"","category":"attitude"}],"summary":{"text":"사람들은 에스앤에스나 블로그를 자랑거리로 생각하겠지만, 실제적으로 블로그는 많은 사람들에게 키워드에 따라 검색을 할 수 있고 좋은 정보를 줄 수 있는 훌륭한 마케팅 채널이며, 페이스북이나 인스타그램은 머신 러닝으로 지속적으로 노출시켜 주는 기능의 마케팅 채널입니다.","wordCount":33}}},"rawDataInfo":{"question":{"fileFormat":"wav","fileSize":332878,"duration":10400,"samplingBit":16,"channelCount":1,"samplingRate":"16kHz","audioPath":"/Mock/02.SalesMarketing/Male/Experienced/ckmk_q_sm_m_e_178719.wav"},"answer":{"fileFormat":"wav","fileSize":1851598,"duration":57860,"samplingBit":16,"channelCount":1,"samplingRate":"16kHz","audioPath":"/Mock/02.SalesMarketing/Male/Experienced/ckmk_a_sm_m_e_178719.wav"}}}