{"version":"1.0","dataSet":{"info":{"date":"20230116","occupation":"SM","channel":"MOCK","place":"ONLINE","gender":"MALE","ageRange":"35-44","experience":"EXPERIENCED"},"question":{"raw":{"text":"지원자님은 팀 단위 업무 혹은 개인 업무 중 어느 것을 더 선호하시는지 궁금합니다 이유도 같이 말씀해 주시겠어요","wordCount":17},"emotion":[],"intent":[]},"answer":{"raw":{"text":"저는 당연히 팀으로 일하는 것이 저에게 더 잘 맞고 저에게 더 큰 성과를 가져다 주었습니다. 제가 오십 개가 넘는 프로젝트를 하면서 단 한 번도 실패를 겪지 않았던 것은 바로 좋은 팀원을 만나고 그 팀원들과 서로 서로 협업하면서 서로의 부족한 부분을 채워준 시너지 효과가 난다고 생각했기 때문입니다. 또 역시 팀원들은 저랑 같이 일하면 스스로 성장할 수 있는 피그말리온 효과를 본다고도 합니다. 사람은 혼자 하게 되면 자기 스스로 일을 하거나 아니면 빠르게 일을 치고 나갈 수 있기 합니다. 하지만 예전에 이런 속담이 있습니다. 혼자 가면 빠르게 갈 수 있으나 여럿이 가면 멀리 갈 수 있다. 이야기는 생각보다 많은 얘기를 내포하고 있습니다. 혼자 자기의 창의성을 가지고 일을 하게 되면 빠르게 무엇인가가 진도가 나가는 것 같아 보이지만 여기는 조직 생활이고 회사 생활입니다 .회사에서는 나 혼자 모든 업무를 처리할 수 없고 모든 내용을 다 알 수 없고 우리의 뇌는 한 개의 용량이 있기 때문에 그것을 다 감당할 수가 없습니다. 그래서 우리는 예전부터 십시일반 또는 백지장도 맞들면 낫다 라는 속담이 있듯이 여러 사람이 협업하면서 시너지를 내면 협업에 따른 결과가 아주 좋게 나왔고 그래서 저는 팀으로 일하는 것이 저한테 가장 적고 효과적이라고 생각합니다.","wordCount":176},"emotion":[],"intent":[{"text":"저는 당연히 팀으로 일하는 것이 저에게 더 잘 맞고 저에게 더 큰 성과를 가져다 주었습니다.","expression":"c_cop","category":"personality"},{"text":"제가 오십 개가 넘는 프로젝트를 하면서 단 한 번도 실패를 겪지 않았던 것은 바로 좋은 팀원을 만나고 그 팀원들과 서로 서로 협업하면서 서로의 부족한 부분을 채워준 시너지 효과가 난다고 생각했기 때문입니다.","expression":"c_cop","category":"personality"},{"text":"그래서 우리는 예전부터 십시일반   또는 백지장도 맞들면 낫다 라는 속담이 있듯이 여러 사람이 협업하면서 시너지를 내면   협업에 따른 결과가 아주 좋게 나왔고 그래서 저는 팀으로 일하는 것이 저한테 가장 적고 효과적이라고 생각합니다.","expression":"c_cop","category":"personality"}],"summary":{"text":"팀원들과 협업하면서 서로의 부족한 부분을 채워준 시너지 효과가 나고 피그말리온 효과가 난다고 생각했기 때문에 저는 팀으로 일하는 것이 저한테 가장 효과적이라고 생각합니다.","wordCount":22}}},"rawDataInfo":{"question":{"fileFormat":"wav","fileSize":375758,"duration":11740,"samplingBit":16,"channelCount":1,"samplingRate":"16kHz","audioPath":"/Mock/02.SalesMarketing/Male/Experienced/ckmk_q_sm_m_e_191520.wav"},"answer":{"fileFormat":"wav","fileSize":2801998,"duration":87560,"samplingBit":16,"channelCount":1,"samplingRate":"16kHz","audioPath":"/Mock/02.SalesMarketing/Male/Experienced/ckmk_a_sm_m_e_191520.wav"}}}