{"version":"1.0","dataSet":{"info":{"date":"20230116","occupation":"SM","channel":"MOCK","place":"ONLINE","gender":"MALE","ageRange":"35-44","experience":"EXPERIENCED"},"question":{"raw":{"text":"대학에서 배운 전공 과목 중에서 가장 기억에 남는 과목을 한 가지만 골라서 말씀해 주시고 그 이유도 함께 말씀해 주세요","wordCount":19},"emotion":[],"intent":[]},"answer":{"raw":{"text":"제가 대학교 때 배운 과목 중 가장 기억에 남는 것은 바로 방사선 생물학입니다. 방사선이라고 하는 학문도 어렵지만 방사선 생물학은 더 어렵습니다. 우리가 중고등학교 때 배웠던 지구과학 화학 물리학과 다른 생물학에 방사선이 결합됐을 때 어떤 식으로 우리의 몸이 작용을 하는지 세포들이 어떻게 반응을 하는지를 분석한 것이 방사선생물학입니다. 예를 들어서 우리의 피부 조직 뼈 눈 치아 각각의 방사선생물학에 다르게 작용을 합니다. 예를 들어면 같은 방사선을 맞아도 우리의 치아나 뼈는 굉장히 단단하기 땜에 그렇게 영향을 많이 받지 않습니다. 하지만 이중 편평 상피 세포라고 하는 이 위 입술 이런 부분들은 방사선을 맞으면 바로 방사선 감수성이 너무 약해서 사 세포가 망가지거나 분열이 됩니다. 또는 우리의 눈에 수정체 동공 같은 경우도 엑스레이나 방사선을 맞으면 바로 녹내장이라든가 백내장에 걸릴 확률이 높아집니다. 그래서 방사선은 굉장히 유익하면서도 피해가 많은 위험한 에너지기 때문에 이 방사선은 이 에너지를 어떻게 피할 수 있는 거를 나타낸 것이 방사선생물학입니다. 단순하게 생물학에서 방사선을 결합하여 많은 내용을 내포하고 있었습니다.","wordCount":143},"emotion":[{"text":"우리가 중고등학교 때 배웠던 지구과학 화학 물리학과 다른 생물학에 방사선이 결합됐을 때   어떤 식으로 우리의 몸이 작용을 하는지 세포들이 어떻게 반응을 하는지를 분석한 것이   방사선생물학입니다.","expression":"u-fact","category":"neutral"},{"text":"그래서 방사선은 굉장히 유익하면서도 피해가 많은 위험한   에너지기 때문에 이 방사선은 이 에너지를 어떻게 피할 수 있는 거를 나타낸 것이 방사선생물학입니다.","expression":"u-fact","category":"neutral"}],"intent":[{"text":"","expression":"","category":"attitude"}],"summary":{"text":"방사선 생물학은 중고등학교 때 배웠던 지구과학 화학 물리학과 다른 생물학에 방사선이 결합했을 때 어떤 식으로 우리의 몸이 작용을 하는지 세포들이 어떻게 반응을 하는지를 분석한 것입니다. 방사선은 굉장히 유익하면서도 피해가 많은 에너지기 때문에 이 에너지를 어떻게 피할 수 있는지를 나타낸 것이 방사선생물학입니다.","wordCount":41}}},"rawDataInfo":{"question":{"fileFormat":"wav","fileSize":463438,"duration":14480,"samplingBit":16,"channelCount":1,"samplingRate":"16kHz","audioPath":"/Mock/02.SalesMarketing/Male/Experienced/ckmk_q_sm_m_e_184575.wav"},"answer":{"fileFormat":"wav","fileSize":2857678,"duration":89300,"samplingBit":16,"channelCount":1,"samplingRate":"16kHz","audioPath":"/Mock/02.SalesMarketing/Male/Experienced/ckmk_a_sm_m_e_184575.wav"}}}