{"version":"1.0","dataSet":{"info":{"date":"20230116","occupation":"SM","channel":"MOCK","place":"ONLINE","gender":"MALE","ageRange":"55-","experience":"EXPERIENCED"},"question":{"raw":{"text":"영업에 관점에서 카스터마서비스 씨에스에 대해서 설명해 주시고 어떤 씨에스가 좋은 씨에스 일지에 대해서 생각도 함께 말씀을 해 주세요","wordCount":18},"emotion":[],"intent":[]},"answer":{"raw":{"text":"영업의 관점에서 커스터머 써비스 씨에스에 대해 설명해 주시고 어떤 씨에스가 좋은 씨에스일지 생각도 함께 말씀해 주세요. 예 제가 영업의 관점에서 커스터머 서비스 씨에스는 상당히 중요합니다. 아 어떠한 생각을 가지고 있고 고객에 앞으로 원하는 니즈가 무엇인가를 아는 것이 어 참으로 중요합니다. 그러기 위해서는 하루라도 다르게 고객의 관점을 늘 관찰해야 될 것이고 고객이 어떤 생각을 가지고 있는 것인가에 대해서 늘 깊은 생각과 회의와 그리야 또한 관점을 두어야 한다고 생각합니다. 아 우리의 아이템도 늘 중요합니다. 우리 아이템이 아 몇 년을 갈 것인가 얼마를 어 롱런을 할 것인가 기존 경쟁 업체의 아이템에 비해서 월등한 면은 은 그리고 또한 부족한 면 무엇인가 늘 어 생각을 해야 되고 늘 그것에 대해서 피드백을 해야 합니다. 그래서 커스터머 써비스의 그러한 역할을 충분히 해야만이 우리 회사의 그러한 운명과도 같고 우리 아 직장인들의 그러한 오랫동안 아 직장을 다니면서 또한 우리가 거기에서 음 긍정적인 마인드로 늘 어 발전할 수 있는 그러한 역량을 키우는 그런 부분에서 꼭 필요하다고 생각합니다. 어떻게 보면은 앞으로는 애프터 서비스뿐만이 아니라 아 먼저 가는 그러한 비포 서비스를 통하여서 고객을 감동하고 고객에게 접근하는 그러한 회사가 되어야 될 것으로 생각을 합니다.","wordCount":171},"emotion":[],"intent":[{"text":"","expression":"","category":"attitude"}],"summary":{"text":"영업의 관점에서 커스터머 서비스 씨에스는 중요합니다. 이를 위해 고객의 관점을 관찰하고 깊은 생각과 회의, 관점을 두어야 합니다. 우리의 아이템도 중요합니다. 경쟁 업체 대비 월등한 면은 항상 생각을 하고 피드백을 해야 합니다. 커스터 머 써비스의 역할을 충분히 하는 것이 우리의 운명과도 같습니다. 애프터 서비스뿐만 아니라 먼저 가는 비포 서비스로 고객에게 접근하는 회사가 되어야 합니다.","wordCount":53}}},"rawDataInfo":{"question":{"fileFormat":"wav","fileSize":515598,"duration":16110,"samplingBit":16,"channelCount":1,"samplingRate":"16kHz","audioPath":"/Mock/02.SalesMarketing/Male/Experienced/ckmk_q_sm_m_e_229006.wav"},"answer":{"fileFormat":"wav","fileSize":3725518,"duration":116420,"samplingBit":16,"channelCount":1,"samplingRate":"16kHz","audioPath":"/Mock/02.SalesMarketing/Male/Experienced/ckmk_a_sm_m_e_229006.wav"}}}