{"version":"1.0","dataSet":{"info":{"date":"20230116","occupation":"SM","channel":"MOCK","place":"ONLINE","gender":"MALE","ageRange":"35-44","experience":"EXPERIENCED"},"question":{"raw":{"text":"지원자님이 지금까지 인생을 살면서 가장 후회하는 일이 있다면 어떤 일인가요 한 가지만 말씀 부탁드려도 될까요","wordCount":15},"emotion":[],"intent":[]},"answer":{"raw":{"text":"중학교 겨울방학 무렵에 고등학교 원서를 쓰는 때였습니다. 그때 특목고 특수 목적 고등학교를 들어갈 수 있을 정도에 최상위권에 성적을 받았는데 제가 특목고를 가면 우수한 친구들과 경쟁할 자신도 없고 하루에 열 다섯 시간씩 공부할 자신이 없어 공부를 좀 못하고 남녀공학인 그런 학교로 갑자기 원서를 바꾸던 때가 있었습니다. 그때 담임 선생님과 부모님이 극구 만류를 하며 너 지금이 얼마나 중요한 시기인데 이렇게 바보 같은 결정을 하냐 왜 도대체 니 성적을 갖고 특목고를 포기하고 공부 못하는 남녀공학 이 학교를 갈려고 하냐 라고 했을 때 저는 겉으로는 여기 가서 뱀에 머리가 돼서 더 좋은 성적으로 특목고 때보다 더 좋은 대학을 가겠습니다 라고 말을 했지만 실제로 어린 마음에 피할 수도 있었고 그다음에 여자친구를 사귀고 싶은 마음에 바보 같은 행동을 했습니다. 지금 와서 지나고 나니 부모님이 그때가 얼마나 중요한 때인데 왜 그때 그런 선택을 하냐 라고 물어보면 지금은 솔직하게 말합니다. 그때는 여자친구도 사귀고 싶고 친구들과 경쟁하는 게 너무 힘들었습니다 라고요. 하지만 지금 생각해보니 그때에 결정이 인생에 있어서 가장 후회되는 순간이었고 그 결정으로 인하여 결국은 좋은 대학을 가지 못했습니다.","wordCount":160},"emotion":[],"intent":[{"text":"","expression":"","category":"attitude"}],"summary":{"text":"중학교 겨울방학 무렵에 특목고 특수 목적 고등학교를 들어갈 수 있을 정도의 최상위권의 성적을 받았는데, 저는 공부를 좀 못하고 남녀공학인 학교로 원서를 바꾸었습니다. 당시에 담임 선생님과 부모님이 극구 만류했지만, 친구들과 경쟁하는 게 너무 힘들었고 여자친구를 사귀고 싶은 마음에 바보 같은 행동을 했습니다. 하지만 지금은 그 결정이 인생에 있어서 가장 후회되는 순간이고, 결국 좋은 대학을 가지 못했습니다.","wordCount":55}}},"rawDataInfo":{"question":{"fileFormat":"wav","fileSize":310478,"duration":9700,"samplingBit":16,"channelCount":1,"samplingRate":"16kHz","audioPath":"/Mock/02.SalesMarketing/Male/Experienced/ckmk_q_sm_m_e_177286.wav"},"answer":{"fileFormat":"wav","fileSize":2776718,"duration":86770,"samplingBit":16,"channelCount":1,"samplingRate":"16kHz","audioPath":"/Mock/02.SalesMarketing/Male/Experienced/ckmk_a_sm_m_e_177286.wav"}}}