{"version":"1.0","dataSet":{"info":{"date":"20230116","occupation":"SM","channel":"MOCK","place":"ONLINE","gender":"MALE","ageRange":"35-44","experience":"EXPERIENCED"},"question":{"raw":{"text":"지원자님이 생각했을 때 본인에 단점이 있다면 어떤 거라고 생각하는지 말씀해 주시구요 실제로 그 단점을 보완하기 위해서 어떤 노력을 했는지도 설명을 해주시죠","wordCount":21},"emotion":[],"intent":[]},"answer":{"raw":{"text":"아 일단 저의 단점에 대해서 말씀해 주고 그 부분에 대해서 보완하기 위한 방법이 있다면 답변 드리도록 하겠습니다. 일단 저의 단점은 어 일단 좀 개인 시간을 좀 중요시 여깁니다. 즉 말해서 휴식 시간 여건 보장을 좀 중요시 여기는데 그 이유는 제가 업무에 더욱더 집중하고 싶고 업무에 대해서 빈틈이 없는 모습을 보이기 위해서 그런 모습이 보일 수도 있다고 생각합니다. 그런 부분들이 어 저는 좀 개인주의인가 아니면 조금 자기만 생각하는 사람인가 이렇게 볼 수도 있다고 생각합니다. 그래서 저만의 그 단점이라고 하자면은 어 여건이 된다면 업무 시간에 집중해서 업무를 끝내고 어 퇴근 이후 시간에는 충분히 휴식을 취하는 방법을 많이 선호하고 있습니다. 그래서 이거를 보완을 한다면 저는 보완까지는 필요 없을 것 같고 절대 그 회사에 누를 끼치는 범위 안에서 진행하기 때문에 그런 부분이 저의 단점이라면 단점이 될 수 있을 것 같습니다. 네 이상입니다.","wordCount":128},"emotion":[],"intent":[{"text":"그런 부분들이 어 저는 좀 개인주의인가   아니면 조금 자기만 생각하는 사람인가 이렇게 볼 수도 있다고 생각합니다.","expression":"c_person","category":"background"}],"summary":{"text":"업무 시간에 집중하고 퇴근 이후에는 충분히 휴식을 취하는 방법을 선호합니다. 이것을 보완한다면 보완까지는 필요 없을 것 같고 절대 회사에 끼치는 범위 안에서 진행하기 때문에 그런 부분이 저의 단점이라면 단점이 될 수 있을 것 같습니다.","wordCount":34}}},"rawDataInfo":{"question":{"fileFormat":"wav","fileSize":640078,"duration":20000,"samplingBit":16,"channelCount":1,"samplingRate":"16kHz","audioPath":"/Mock/02.SalesMarketing/Male/Experienced/ckmk_q_sm_m_e_139006.wav"},"answer":{"fileFormat":"wav","fileSize":2390478,"duration":74700,"samplingBit":16,"channelCount":1,"samplingRate":"16kHz","audioPath":"/Mock/02.SalesMarketing/Male/Experienced/ckmk_a_sm_m_e_139006.wav"}}}