{"version":"1.0","dataSet":{"info":{"date":"20230116","occupation":"SM","channel":"MOCK","place":"ONLINE","gender":"MALE","ageRange":"-34","experience":"EXPERIENCED"},"question":{"raw":{"text":"지원자님께서는 휴식을 취하실 때 주로 어떤 일들을 하십니까 어 왜 그 일을 하시는지 이유도 함께 말씀 부탁드릴게요","wordCount":17},"emotion":[],"intent":[]},"answer":{"raw":{"text":"그 저는 휴식을 취할 때 대체로 책을 많이 읽는 편입니다. 집에서 책을 읽는 것보다는 동네 카페나 산 속에 있는 카페를 찾아서 책을 읽는 것을 좋아하는데요. 이렇게 카페에서 조용하게 책을 읽다보면 스트레스도 풀리고 마음도 편안해지는 느낌을 받아서 카페에서 책을 읽는 것을 주로 하고 있습니다. 많은 사람들이 카페에서 공부를 하거나 책을 읽는 경우가 많은데 왜 이렇게 카페에서 책을 읽는지 이제 서야 조금 느끼고 있는 것 같습니다.","wordCount":64},"emotion":[],"intent":[{"text":"","expression":"","category":"attitude"}],"summary":{"text":"저는 휴식을 취할 때 주로 동네 카페나 산 속에 있는 카페를 찾아 책을 읽습니다. 책을 읽다 보면 스트레스도 풀리고 마음도 편안해지는 느낌을 받아서 카페 독서를 주로 하고 있습니다.","wordCount":28}}},"rawDataInfo":{"question":{"fileFormat":"wav","fileSize":444878,"duration":13900,"samplingBit":16,"channelCount":1,"samplingRate":"16kHz","audioPath":"/Mock/02.SalesMarketing/Male/Experienced/ckmk_q_sm_m_e_211855.wav"},"answer":{"fileFormat":"wav","fileSize":1645518,"duration":51420,"samplingBit":16,"channelCount":1,"samplingRate":"16kHz","audioPath":"/Mock/02.SalesMarketing/Male/Experienced/ckmk_a_sm_m_e_211855.wav"}}}