{"version":"1.0","dataSet":{"info":{"date":"20230116","occupation":"SM","channel":"MOCK","place":"ONLINE","gender":"MALE","ageRange":"35-44","experience":"EXPERIENCED"},"question":{"raw":{"text":"남을 잘 이끄는 리더형과 남을 잘 따르는 팔로워 형이 있는데 지원자님 본인은 어떤 유형인지 한번 말씀해 주세요 그리고 그 이유도 함께 말씀해 주십시오","wordCount":23},"emotion":[],"intent":[]},"answer":{"raw":{"text":"어 저는 이제 리더형인지 팔로워형인지에 대해서 한번 말씀드려보겠습니다. 어 제 성향은 완벽한 팔로워형입니다. 그러니까 이제 리더형일 때는 또 리더형에 맞춰서 리더십을 갖고 진행을 할 수는 있는데 저는 무언가 이렇게 회사의 오너가 이렇게 정해진 방향이나 이런 걸 좀 캐치를 더 빨리 하고 또 원하는 것이 무엇인지를 잘 이뤄내는 스타일입니다. 그래서 이 팔로워형이라고 하면은 그 리더가 원하는 것을 서포터를 충분히 해줘서 어 우리가 가는 방향에 대해서 보완을 시키고 위험 요소는 없는지 확인하고 또 부족한 게 무엇인지를 빨리 캐치해서 그것을 보완해 주는 게 팔로워형이라고 생각합니다. 그래서 그런 것들이 갖춰졌을 때 어 리더의 그 냉철한 또 결심 사항이 있어야 할 것이고 또 그 결심 사항을 잘 따라가 주는 이제 직원들의 팔로워형이 대한 그런 것에 대한 또 보필이 중요할 것 같습니다. 그런 것들의 조화가 잘 이루어져야 완벽한 프로젝트가 될 것이고 그런 것들을 통해서 회사의 이익 창출이 될 수 있다고 생각하기 때문에 저는 현재까지는 이 팔로워형 이렇게 주변에 서포트 해주는 형이 저한테 더 잘 맞는 성향인 것 같습니다. 이상입니다.","wordCount":153},"emotion":[],"intent":[{"text":"어 제 성향은 완벽한 팔로워형입니다.","expression":"c_person","category":"background"}],"summary":{"text":"저는 완벽한 팔로워형입니다. 리더형일 때는 리더형에 맞춰서 진행을 할 수는 있지만 저는 리더가 정해진 방향이나 원하는 것이 무엇인지를 잘 이뤄내는 스타일입니다. 그래서 리더가 원하는 것을 서포터를 충분히 해주고 위험 요소는 없는지 확인하고, 부족한 것이 무엇인지 빨리 캐치해서 그것을 보완해 주는 게 팔로 워형이라고 생각합니다.","wordCount":44}}},"rawDataInfo":{"question":{"fileFormat":"wav","fileSize":502158,"duration":15690,"samplingBit":16,"channelCount":1,"samplingRate":"16kHz","audioPath":"/Mock/02.SalesMarketing/Male/Experienced/ckmk_q_sm_m_e_107669.wav"},"answer":{"fileFormat":"wav","fileSize":2846798,"duration":88960,"samplingBit":16,"channelCount":1,"samplingRate":"16kHz","audioPath":"/Mock/02.SalesMarketing/Male/Experienced/ckmk_a_sm_m_e_107669.wav"}}}