{"version":"1.0","dataSet":{"info":{"date":"20230116","occupation":"SM","channel":"MOCK","place":"ONLINE","gender":"MALE","ageRange":"55-","experience":"EXPERIENCED"},"question":{"raw":{"text":"업무를 하다 보면 출장이 잦아지게 되고 시차로 인해서 밤낮이 바뀔 수 있는데 버티고 열심히 할 수 있는 자신이 있습니까","wordCount":19},"emotion":[],"intent":[]},"answer":{"raw":{"text":"출장 때문에 모든 개인의 생활까지 맽기는 건 아니라고 봅니다. 스물 네 시간 중 업무 시간을 제외한 부분은 자기 관리를 철저히 해서 자신의 컨디션을 항상 유지할 수 있도록 그렇게 관리하면은 어떤 어려운 스케줄도 소화시킬 수 있다고 봅니다.","wordCount":36},"emotion":[],"intent":[{"text":"","expression":"","category":"attitude"}],"summary":{"text":"자기관리를 철저히 하면 어떤 스케줄도 소화시킬 수 있습니다. 업무 시간을 제외한 나머지 시간을 철저히 관리하면은 어려운 스케줄도 극복할 수 있다고 봅니다.","wordCount":21}}},"rawDataInfo":{"question":{"fileFormat":"wav","fileSize":450638,"duration":14080,"samplingBit":16,"channelCount":1,"samplingRate":"16kHz","audioPath":"/Mock/02.SalesMarketing/Male/Experienced/ckmk_q_sm_m_e_210942.wav"},"answer":{"fileFormat":"wav","fileSize":1397518,"duration":43670,"samplingBit":16,"channelCount":1,"samplingRate":"16kHz","audioPath":"/Mock/02.SalesMarketing/Male/Experienced/ckmk_a_sm_m_e_210942.wav"}}}