{"version":"1.0","dataSet":{"info":{"date":"20230116","occupation":"SM","channel":"MOCK","place":"ONLINE","gender":"MALE","ageRange":"55-","experience":"EXPERIENCED"},"question":{"raw":{"text":"지원자님이 본인이 현재 가지고 있는 위치보다 어려운 목표를 설정하여 달성한 적이 있다면 그 경험에 관하여 말씀해 주세요","wordCount":17},"emotion":[],"intent":[]},"answer":{"raw":{"text":"지원자님께서 본인이 현재 가지고 있는 위치보다 어려운 목표를 달성한 적이 있다면 그 경험을 말씀해 주세요. 아 예 제가 현재 가지고 있는 그러한 역량보다 어 어려운 목표 더 큰 목표를 달성한 적이 있습니다. 그러한 경험도 있다고 생각을 합니다. 제가 해외에 그러한 전시회를 통하여서 어 우리의 제품과 우리의 회사를 홍보를 했었고 우리의 제품이 한 이 삼 년 정도 꾸준히 전시회를 통하여서 해외에 어 판매망을 일으켰고 또한 해외 거래선을 여러 군데를 어 둠으로 인하여서 어 매출을 일으켰던 그런 경험이 있습니다. 그 제품이 또한 아 예전에 다녔던 그 회사에 큰 또한 실적이 됐었고 꾸준하게 연결이 되고 그들과의 신뢰와 경험을 통하여서 아 국내에서도 매출에 아 극대화를 시켰던 적들이 많이 있었습니다. 그리고 또한 귀사하고의 그런 어 어 관계와 또한 어 서포트를 많이 받는다면 해외에 아 전시회를 많이 하고자 합니다. 홍콩과 중국 또한 독일 미국 등에서의 그러한 전시회를 통하여서 유럽 망을 어 더 넓힌다면은 아 좋은 경험이 될 수 있을 거라고 생각합니다. 단기간에는 그런 것들이 얻기가 힘듭니다. 하지만 삼 년 오 년의 목표를 두고 한다면 오 년 부터는 아 큰 매출에 증대가 일어날 수도 있다고 생각을 합니다.","wordCount":170},"emotion":[{"text":"제가 해외에 그러한 전시회를 통하여서 어 우리의 제품과 우리의 회사를 홍보를 했었고 우리의 제품이 한 이 삼 년 정도 꾸준히 전시회를 통하여서 해외에 어 판매망을 일으켰고 또한 해외 거래선을 여러 군데를 어 둠으로 인하여서 어 매출을 일으켰던 그런 경험이 있습니다.","expression":"u-fact","category":"neutral"}],"intent":[{"text":"제가 해외에 그러한 전시회를 통하여서 어 우리의 제품과 우리의 회사를 홍보를 했었고 우리의 제품이 한 이 삼 년 정도 꾸준히 전시회를 통하여서 해외에 어 판매망을 일으켰고 또한 해외 거래선을 여러 군데를 어 둠으로 인하여서 어 매출을 일으켰던 그런 경험이 있습니다.","expression":"s_sell_exp","category":"technology"}],"summary":{"text":"지원자님께서 본인이 현재 가지고 있는 위치보다 어려운 목표를 달성한 적이 있다면 그 경험을 말씀해 보세요. 제가 현재 갖고 있는 역량보다 어려운 목표 더 큰 목표를 달성한 경험이 있다고 생각을 합니다. 해외에 전시회를 많이 하여 유럽 망을 더 넓힌다면 좋은 경험이 될 수 있을 것입니다. 삼 년 오 년의 목표를 두고 한다면오 년 부터는 큰 매출에 증대가 일어날 수도 있다고 생각 합니다.","wordCount":61}}},"rawDataInfo":{"question":{"fileFormat":"wav","fileSize":434318,"duration":13570,"samplingBit":16,"channelCount":1,"samplingRate":"16kHz","audioPath":"/Mock/02.SalesMarketing/Male/Experienced/ckmk_q_sm_m_e_240846.wav"},"answer":{"fileFormat":"wav","fileSize":3855438,"duration":120480,"samplingBit":16,"channelCount":1,"samplingRate":"16kHz","audioPath":"/Mock/02.SalesMarketing/Male/Experienced/ckmk_a_sm_m_e_240846.wav"}}}