{"version":"1.0","dataSet":{"info":{"date":"20230116","occupation":"SM","channel":"MOCK","place":"ONLINE","gender":"MALE","ageRange":"35-44","experience":"EXPERIENCED"},"question":{"raw":{"text":"현대인은 하루 평균 세 번에 거짓말을 하고 산다고 하는데요 지원자님이 했던 가장 기억에 남는 거짓말에 대해서 말씀해 주시기 바랍니다","wordCount":19},"emotion":[],"intent":[]},"answer":{"raw":{"text":"아 현대인은 하루 평균 세 번 거짓말을 하고 산다 정말 전적으로도 맞는 말인 것 같고 어 저도 하루에 세 번 이상은 거짓말 하는 거 같습니다. 뭐 피곤하지 않은데 오늘 기분은 어떠냐 했을 때 어 기분이 별로 좋지 않은데 좋다고 해야 하는 상황이 있을 것이고 별로 웃고 싶지 않은데 재미없는 얘기 했을 때 웃어야 하는 상황이 오 올 수도 있을 것입니다. 그런 것들이 다 선의의 거짓말이고 서로에게 감정을 상하지 않기 위한 그런 거짓말을 한다고 생각합니다. 예 물론 제가 인제 또 많은 거짓말 중에 이제 또 기억에 남는 것은 어 누구나 다 승진 욕심이나 진급 욕심이 다 있을 겁니다. 그런 상황이 왔을 때 정말 잘하고 싶은 마음이 많이 듭니다. 들었을 때 어 무슨 이제 뭐 프로젝트가 인제 완벽하게 성공하지는 않았지만 어 이거 좀 과장 표현해서 어 성공한 요구나 뭐 이런 것들을 상급자에게 또는 뭐 오너에게 인제 허위 보고를 한다든지 그런 했던 기억들이 있었던 것 같습니다. 잘 해보려고 했던 거고 더 잘 할려고 결과물을 좋게 하기 위한 그런 거짓말들이 기억에 남는 것 같습니다. 이상입니다.","wordCount":161},"emotion":[],"intent":[{"text":"","expression":"","category":"attitude"}],"summary":{"text":"현대인은 하루 평균 세 번 거짓말을 하고 삽니다. 기분은 좋지 않은데 좋다고 해야 하는 상황이 있을 것이고 별로 웃고 싶지 않은데 지루한 얘기 였을 때 웃어야 하는 상황이 올 수 있습니다. 그런 것들이 다 선의의 거짓말이며 서로에게 감정을 상하지 않기 위한 것입니다. 잘 해보려고 했던 것이고 더 잘 할려고 결과물을 좋게 하기 위한 거짓말들이 기억에 남습니다.","wordCount":56}}},"rawDataInfo":{"question":{"fileFormat":"wav","fileSize":368078,"duration":11500,"samplingBit":16,"channelCount":1,"samplingRate":"16kHz","audioPath":"/Mock/02.SalesMarketing/Male/Experienced/ckmk_q_sm_m_e_146847.wav"},"answer":{"fileFormat":"wav","fileSize":2658638,"duration":83080,"samplingBit":16,"channelCount":1,"samplingRate":"16kHz","audioPath":"/Mock/02.SalesMarketing/Male/Experienced/ckmk_a_sm_m_e_146847.wav"}}}