{"version":"1.0","dataSet":{"info":{"date":"20230116","occupation":"SM","channel":"MOCK","place":"ONLINE","gender":"MALE","ageRange":"55-","experience":"EXPERIENCED"},"question":{"raw":{"text":"일을 하다 보면 업무 중 스케줄에 없던 일이 생길 때가 많습니다 이러한 상황이 생긴다면 지원자님께서는 어떻게 대처를 하실지 들어보고 싶습니다","wordCount":20},"emotion":[],"intent":[]},"answer":{"raw":{"text":"업무 중 스케줄에 없던 일이 생길 때가 많습니다. 이런 상황이 생긴다면 어떻게 대처하시겠습니까. 업무 중에 스케줄이 어 없던 일이 생길 때가 많이 있습니다. 아 그거는 바쁜 일들 급한 일들을 먼저 해결하는 것이 중요하다고 생각합니다. 이런 생각 이런 상황은 어 뭐 당황할 일은 아니라고 생각합니다. 아 대처하는 데에 있어서 어 큰 어려움은 없을 것이라고 생각합니다. 업무 중에는 어 계획했던 그런 업무만 하는 것이 아니라 급진적으로 발생하는 그러한 어 스케줄 이런 것들이 있기 때문에 또한 업무의 연장이라고 생각을 합니다. 제가 여태까지 해왔던 그런 일들 중에는 이러한 아 급진적인 아 일이 발생함으로 인하여서 그런 스케줄이 변경되는 때가 아 늘 아 일상적인 그러한 일이었다고 생각을 합니다. 이런 것들은 어 큰 문제가 아니고 우리 어 동료들과 또한 팀원들과의 관계에서도 이런 일에 대해서 늘 숙지하고 우리가 늘 서로를 양해하고 어 서로를 이해하는 그런 기업 문화가 필요하다고 생각합니다. 아 자기의 욕심만을 가지고 자기에 맡겨진 일만 가지고 하는 사람을 회사에서는 원할 수도 있지만 어 공통적인 일 공통적으로 우리가 같이 가야 할 일 그런 것들을 우리가 해결할 때가 더욱더 많이 있다고 생각합니다. 그런 업무 중에 스케줄이 없던 일이 생기는 일을 우리가 늘 이해하고 그것을 어 검토하고 또한 중요하게 생각할수록 우리 회사의 어 동료애가 아 있다고 생각이 듭니다.","wordCount":188},"emotion":[],"intent":[{"text":"","expression":"","category":"attitude"}],"summary":{"text":"급진적으로 발생하는 업무 스케줄 때문에 업무 중 스케줄에 없던 일이 생길 때가 많습니다. 대처하는 데에 있어서 큰 어려움은 없을 것이라고 생각합니다. 업무 중에 스케줄이 없던 일이 생기는 일을 우리가 늘 이해하고 검토하고 중요하게 생각할수록 우리 회사의 동료애가 있다고 생각합니다.","wordCount":39}}},"rawDataInfo":{"question":{"fileFormat":"wav","fileSize":447758,"duration":13990,"samplingBit":16,"channelCount":1,"samplingRate":"16kHz","audioPath":"/Mock/02.SalesMarketing/Male/Experienced/ckmk_q_sm_m_e_229185.wav"},"answer":{"fileFormat":"wav","fileSize":3831758,"duration":119740,"samplingBit":16,"channelCount":1,"samplingRate":"16kHz","audioPath":"/Mock/02.SalesMarketing/Male/Experienced/ckmk_a_sm_m_e_229185.wav"}}}