{"version":"1.0","dataSet":{"info":{"date":"20230116","occupation":"SM","channel":"MOCK","place":"ONLINE","gender":"MALE","ageRange":"35-44","experience":"EXPERIENCED"},"question":{"raw":{"text":"지원자님이 직무 수행시 난관에 봉착했다면 어떻게 해결하실 건가요 지원자님이 생각하는 해결법과 그렇게 할 이유를 함께 말씀해 주세요","wordCount":17},"emotion":[],"intent":[]},"answer":{"raw":{"text":"어 직무 수행 시에 업무 하는 중에 난관에 봉착하고 위기 상황이 왔다는 판단 하에 어떻게 저만에 노하우와 저만에 대응법 있는지에 대해서 답변 드리겠습니다. 어 일단 업무 간에는 생각지는 못한 난관 위기 위험 상황이 수시로 오는 거 같습니다. 이 그럴 때 해결 방법은 이제 자기가 갖고 있는 노하우나 경험이 있으면 충분히 바로 해결이 가능하겠지만 저는 이런 경험과 노하우에 의해서 진행되는 업무 처리 방식이 가장 효율적이고 빠른 시간 내에 처리할 수 있다고 생각합니다. 그렇기 때문에 뭐 제가 규정을 찾아본다든지 뭐 어떤 지식을 찾기 위해서 검색을 해본다든지 이런 것보다는 주변에 이 난관에 대해서 경험해 본 사람이라든지 또는 이런 노하우로 갖고 있는 뭐 선배들이라든지 뭐 이렇게 뭐 인접 직원들이라든지 이렇게 해서 수소문을 해서 그런 경험이 있는 사람을 찾아서 어 노하우를 듣고 조언을 받아서 어 조치하는 방식을 많이 취하고 있습니다. 그 부분이 내가 정말 정보를 찾아서 해결하는 것보다 몇 배는 더 빨리 진행돼 있었던 것 같습니다. 이상입니다.","wordCount":142},"emotion":[],"intent":[{"text":"","expression":"","category":"attitude"}],"summary":{"text":"업무 수행 시 난관에 봉착하고 위기 상황이 왔다는 판단 하에 어떻게 저만에 노하우와 대응법이 있는지에 대해서 답변 드리겠습니다. 업무 간에는 생각지 못한 난관 위기 위험 상황이 수시로 오는 거 같습니다. 경험과 노하우에 의해서 진행되는 업무 처리 방식이 가장 효율적이고 빠른 시간 내에 처리할 수 있다고 생각합니다.","wordCount":46}}},"rawDataInfo":{"question":{"fileFormat":"wav","fileSize":481358,"duration":15040,"samplingBit":16,"channelCount":1,"samplingRate":"16kHz","audioPath":"/Mock/02.SalesMarketing/Male/Experienced/ckmk_q_sm_m_e_226583.wav"},"answer":{"fileFormat":"wav","fileSize":2659918,"duration":83120,"samplingBit":16,"channelCount":1,"samplingRate":"16kHz","audioPath":"/Mock/02.SalesMarketing/Male/Experienced/ckmk_a_sm_m_e_226583.wav"}}}