{"version":"1.0","dataSet":{"info":{"date":"20230116","occupation":"SM","channel":"MOCK","place":"ONLINE","gender":"MALE","ageRange":"35-44","experience":"EXPERIENCED"},"question":{"raw":{"text":"현재 시장 상황에 대해 면접자님이 어떻게 분석하고 계시는지 그렇게 분석하는 이유는 무엇인지에 대해 궁금합니다 말씀해 주시겠습니까","wordCount":16},"emotion":[],"intent":[]},"answer":{"raw":{"text":"네 현재 시장 상황 형제 경제 상황에 대해서 어떻게 분석하고 개인이 판단하고 있는지에 대해서 답변 드리겠습니다. 어 일단 작년까지 해서 엄청난 부동산 호재들과 부동산에 상승 기간이었습니다. 어 이 울타리를 넘어서 지금 현재는 어 러시아 전쟁 그리고 금리 상승 등 해서 진행되고 있는 분야에서 어 굉장히 많은 서민들이 지금 힘들어하고 있고 이자 부담 아파트 전세 들어갔을 때 그 전세 대출에 의한 이자 상승으로 인한 어 서민들에 생활고 이런 것들이 이제 많이 겹치다 보니까 어 전체적으로 경제 상황이 매우 안 좋은 거 같습니다. 그러다 보면 자영업자들은 장사가 안 돼서 힘들고 회사원들은 자기 월급은 오르지 않지만 물가는 계속해서 오르는 인플레이션 현상이 이루어지고 지하다 보니까 많은 사람들이 다 힘들어하고 위기인 순간인 거 같습니다. 어 저는 그렇게 지금 분석하고 있고 그거에 따라서 대응하기 위해서 연구하고 있겠습니다. 네 이상입니다.","wordCount":123},"emotion":[],"intent":[{"text":"","expression":"","category":"attitude"}],"summary":{"text":"현재 시장 상황과 형제 경제 상황에 대해 어떻게 분석하고 개인이 판단하고 있는지에 대해서 답변 드리겠습니다. 작년까지 엄청난 부동산 호재들과 부동산에 상승 기간이었습니다. 지금은 러시아 전쟁과 금리 상승 등 해서 진행되고 있는 분야에서 서민들의 생활고 등이 겹치면서 전체적으로 경제 상황이 매우 안 좋은 거 같습니다.","wordCount":44}}},"rawDataInfo":{"question":{"fileFormat":"wav","fileSize":477198,"duration":14910,"samplingBit":16,"channelCount":1,"samplingRate":"16kHz","audioPath":"/Mock/02.SalesMarketing/Male/Experienced/ckmk_q_sm_m_e_226584.wav"},"answer":{"fileFormat":"wav","fileSize":2690638,"duration":84080,"samplingBit":16,"channelCount":1,"samplingRate":"16kHz","audioPath":"/Mock/02.SalesMarketing/Male/Experienced/ckmk_a_sm_m_e_226584.wav"}}}