{"version":"1.0","dataSet":{"info":{"date":"20230116","occupation":"SM","channel":"MOCK","place":"ONLINE","gender":"MALE","ageRange":"35-44","experience":"EXPERIENCED"},"question":{"raw":{"text":"두 가지 유형이 있습니다 남을 잘 이끄는 리더형 그리고 남을 잘 따르는 팔로워형 그렇다면 본인은 어떤 유형인지 말씀해 주시고 이유와 함께 설명해 주시기 바랍니다","wordCount":24},"emotion":[],"intent":[]},"answer":{"raw":{"text":"네 남을 잘 이끌어가는 리더형과 남을 잘 따르는 팔로우형 그 부분에 대해서 저는 어떤 유형인지 대해서 한번 생각해 보았는데 그 부분에 답변 드리겠습니다. 일단 지금 현재는 제가 이 리더형보다는 팔로우형에 대한 업무를 많이 해 봤기 때문에 어 현재 제 유형은 팔로워형이 맞을 것 같고 하지만 사람은 그 상황이나 직책이나 자리에 따라서 바뀌어야 한다고 생각합니다. 그러기 때문에 제가 그런 리더형의 자리로 간다고 하면은 또 리더형에 맞춰서 또 어 그 부분에서 최선을 다 할 수 있을 것 같고 제 현재는 지금은 리더자가 책임자가 무엇을 원하는지 무엇을 어떤 방향으로 가고 싶어하는지에 대한 캐치가 좀 빠릅니다. 그런 부분에 있어서는 팔로우형으로서 최선을 다하다 보면은 리더형으로 할 수 있는 그런 상급 업무를 또 맡을 수 있지 않을까 싶습니다. 이런 팔로우형을 해보지 않고 리더형이 될 수 없다고 생각합니다. 그러니까 현재 맡은 자기의 업무나 자리에서 최선을 다한다면 그런 상급 업무까지 해볼 수 있는 기회가 생기지 않을까 싶습니다. 이상입니다.","wordCount":140},"emotion":[],"intent":[{"text":"","expression":"","category":"attitude"}],"summary":{"text":"네 남을 잘 이끌어가는 리더형과 남을 잘 따르는 팔로우형 그 부분에 대해서 저는 어떤 유형인지 한번 생각해 보았는데, 저는 현재 맡은 자기의 업무나 자리에서 최선을 다한다면 그런 상급 업무까지 해볼 수 있는 기회가 생기지 않을까 싶습니다. 이상입니다.","wordCount":37}}},"rawDataInfo":{"question":{"fileFormat":"wav","fileSize":513998,"duration":16059,"samplingBit":16,"channelCount":1,"samplingRate":"16kHz","audioPath":"/Mock/02.SalesMarketing/Male/Experienced/ckmk_q_sm_m_e_214809.wav"},"answer":{"fileFormat":"wav","fileSize":2657678,"duration":83050,"samplingBit":16,"channelCount":1,"samplingRate":"16kHz","audioPath":"/Mock/02.SalesMarketing/Male/Experienced/ckmk_a_sm_m_e_214809.wav"}}}