{"version":"1.0","dataSet":{"info":{"date":"20230116","occupation":"SM","channel":"MOCK","place":"ONLINE","gender":"MALE","ageRange":"35-44","experience":"EXPERIENCED"},"question":{"raw":{"text":"일을 하다 보면 가끔 업무량이 과도하게 많아질 수도 있습니다 혹시 그래도 잘 버틸 자신이 있으신가요","wordCount":15},"emotion":[],"intent":[]},"answer":{"raw":{"text":"업무량이 과도하게 밀리는 것은 회사의 매출이 늘어나거나 회사의 일이 늘어나는 좋은 징조입니다. 다만 과도한 업무량으로 인해서 일이 힘들거나 그럴 때는 회사에서 적정한 보상이나 어떤 혜택이 주어져야 된다고 생각합니다. 무조건 희생을 강요하고 월급은 똑같이 주면서 이렇게 늦게까지 일해 줬으면 좋겠다 라고 하는 것은 누구와도 협상할 수가 없는 내용입니다. 다만 주말에 야근 이렇게 할 때마다 우리가 생각했던 것보다 더 많은 보상을 준다거나 아니면 이 프로젝트가 끝나면 당신들에게 특별 보너스를 지급한다는 정확하고 명확한 약속이 주어진다면 과도한 업무량은 일을 하는 데 있어서 크게 문제가 되지 않을 것 같습니다.","wordCount":84},"emotion":[],"intent":[{"text":"","expression":"","category":"attitude"}],"summary":{"text":"업무량이 과도하게 밀리는 것은 회사의 매출이 늘어나거나 일이 늘어나는 좋은 징조이지만, 과도한 업무량으로 힘들어서 일이 힘들거나 그럴 때는 회사에서 보상이나 어떤 혜택이 주어져야 한다고 생각합니다.","wordCount":25}}},"rawDataInfo":{"question":{"fileFormat":"wav","fileSize":274318,"duration":8570,"samplingBit":16,"channelCount":1,"samplingRate":"16kHz","audioPath":"/Mock/02.SalesMarketing/Male/Experienced/ckmk_q_sm_m_e_170014.wav"},"answer":{"fileFormat":"wav","fileSize":1532238,"duration":47880,"samplingBit":16,"channelCount":1,"samplingRate":"16kHz","audioPath":"/Mock/02.SalesMarketing/Male/Experienced/ckmk_a_sm_m_e_170014.wav"}}}