{"version":"1.0","dataSet":{"info":{"date":"20230116","occupation":"SM","channel":"MOCK","place":"ONLINE","gender":"MALE","ageRange":"-34","experience":"EXPERIENCED"},"question":{"raw":{"text":"일을 하다 보면 타 부서와 함께 의논을 할 때나 협업을 할 때가 있는데요 만약에 타 부서와 갈등 상황이 발생한다면 지원자님께서는 어떻게 해결하시겠습니까 상황을 가정하고 말씀해 주세요","wordCount":26},"emotion":[],"intent":[]},"answer":{"raw":{"text":"일을 하다 보면 차 부서와 갈등이 생기는 상황이 자주 발생합니다. 실제로 저 같은 경우에는 이전 회사에서 타 부서와 갈등을 겪었었는데요. 이런 갈등을 어떻게 해결할까 고민하다가 퇴근 이후에 술자리를 가지면서 갈등을 해결했던 기억이 납니다. 업무를 할 때 같이 업무를 하지 않기 때문에 어떤 생각을 하고 어떻게 일을 하는지 잘 몰랐던 부분이 있었습니다. 하지만 퇴근 후에 술자리를 가지면서 저희가 어떤 생각으로 어떻게 일을 하는지 설명을 해줬고 그런 부분에서 오해가 풀렸던 것 같습니다. 제가 혹시라도 입사를 해서 타 부서와 갈등이 생긴다면 앞으로도 이런 방식으로 현명하게 대처하겠습니다.","wordCount":83},"emotion":[],"intent":[{"text":"이런 갈등을 어떻게 해결할까 고민하다가 퇴근 이후에 술자리를 가지면서 갈등을 해결했던 기억이 납니다.","expression":"c_confl_mg","category":"personality"},{"text":"하지만 퇴근 후에 술자리를 가지면서 저희가 어떤 생각으로 어떻게 일을 하는지 설명을 해줬고 그런 부분에서 오해가 풀렸던 것 같습니다.","expression":"c_confl_mg","category":"personality"}],"summary":{"text":"업무 도중 차 부서와 갈등이 생기면 퇴근 후 술자리를 통해 해결했던 기억이 납니다. 같이 업무를 하지 않아 오해가 풀렸던 것 같습니다. 혹시 입사 후 갈등이 생긴다면 앞으로도 이런 방식으로 현명하게 대처하겠습니다.","wordCount":31}}},"rawDataInfo":{"question":{"fileFormat":"wav","fileSize":627278,"duration":19600,"samplingBit":16,"channelCount":1,"samplingRate":"16kHz","audioPath":"/Mock/02.SalesMarketing/Male/Experienced/ckmk_q_sm_m_e_218871.wav"},"answer":{"fileFormat":"wav","fileSize":2193998,"duration":68560,"samplingBit":16,"channelCount":1,"samplingRate":"16kHz","audioPath":"/Mock/02.SalesMarketing/Male/Experienced/ckmk_a_sm_m_e_218871.wav"}}}