{"version":"1.0","dataSet":{"info":{"date":"20230116","occupation":"SM","channel":"MOCK","place":"ONLINE","gender":"MALE","ageRange":"35-44","experience":"EXPERIENCED"},"question":{"raw":{"text":"일을 하다 보면 상사와 트러블이 생길 수도 있는데요 이럴 때 어떻게 하실 건가요 또한 상사가 혼낸다면 기분 나쁘게 느껴지지는 않으실까요","wordCount":20},"emotion":[],"intent":[]},"answer":{"raw":{"text":"네 업무를 하다 보면은 상사와 트러블이 생길 수 있는데 또 나는 상사한테 혼났을 때 그런 상황에 대비해서 대응하는 방법에 대해서 답변 드리겠습니다. 일단 업무를 하다보면 상급자 또는 하급자와 업무를 진행하다보면 다 생각이 틀리고 가치관이 틀리고 업무의 완벽도에 그 기대치가 다 틀리기 때문에 그 부분에서 충분히 다 트러블이 생길 수 있다고 생각합니다. 그런 부분과 또 이제 상급자가 어 이 공식적인 회의 석상이라든지 이런 자리에서 어 혼냈을 때 이 사람의 의도가 무엇인지를 또 판단을 해야 할 것이고 그러한 상대방의 의도를 잘 파악을 한다면은 서로 기분 상하지 않고 이런 트러블이 최소화가 될 수 있다고 생각합니다. 그 상급자가 공식 석상에서 혼냈을 때는 분명히 전체적으로 자극을 주기 위한 그런 방법도 있을 것이고 아니면 정말 감정적으로 혼내거나 사람의 인격을 모독한다든지 했을 때에는 대응 방법이 좀 틀려질 것 같습니다. 그래서 결국은 상 하급자든 사람 대 사람으로서 서로 배려하고 존중하는 그런 관계가 갖는다면은 이런 트러블이 최소화가 될 수 있을 거라 판단되고 있습니다. 네 이상입니다.","wordCount":146},"emotion":[],"intent":[{"text":"그런 부분과 또 이제 상급자가 어 이 공식적인 회의 석상이라든지 이런 자리에서 어 혼냈을 때 이 사람의 의도가 무엇인지를 또 판단을 해야 할 것이고 그러한 상대방의 의도를 잘 파악을 한다면은 서로 기분 상하지 않고 이런 트러블이 최소화가 될 수 있다고 생각합니다.","expression":"c_confl_mg","category":"personality"},{"text":"그 상급자가 공식 석상에서 혼냈을 때는 분명히 전체적으로 자극을 주기 위한 그런 방법도 있을 것이고 아니면 정말 감정적으로 혼내거나 사람의 인격을 모독한다든지 했을 때에는 대응 방법이 좀 틀려질 것 같습니다.","expression":"c_confl_mg","category":"personality"},{"text":"그래서 결국은 상 하급자든 사람 대 사람으로서 서로 배려하고 존중하는 그런 관계가 갖는다면은 이런 트러블이 최소화가 될 수 있을 거라 판단되고 있습니다.","expression":"c_confl_mg","category":"personality"}],"summary":{"text":"업무 수행시 상사와 트러블이 생길 수 있는데 이에 대응하는 방법에 대해 답변 드리겠습니다. 일단 업무를 하다보면 상급자나 하급자, 상급자가 공식적인 자리에서 혼냈을 때 상대방의 의도를 잘 파악을 한다던지 아니면 감정적으로 혼내거나 사람의 인격을 모독한다든지 했을 때에는 대응 방법이 좀 틀려질 것 같습니다.","wordCount":42}}},"rawDataInfo":{"question":{"fileFormat":"wav","fileSize":605838,"duration":18930,"samplingBit":16,"channelCount":1,"samplingRate":"16kHz","audioPath":"/Mock/02.SalesMarketing/Male/Experienced/ckmk_q_sm_m_e_215310.wav"},"answer":{"fileFormat":"wav","fileSize":2671438,"duration":83480,"samplingBit":16,"channelCount":1,"samplingRate":"16kHz","audioPath":"/Mock/02.SalesMarketing/Male/Experienced/ckmk_a_sm_m_e_215310.wav"}}}