{"version":"1.0","dataSet":{"info":{"date":"20230116","occupation":"SM","channel":"MOCK","place":"ONLINE","gender":"MALE","ageRange":"35-44","experience":"EXPERIENCED"},"question":{"raw":{"text":"지원자님만의 특별한 스트레스 해소 방법이 있으신가요 만약에 있다면 왜 그런 방법으로 스트레스를 해소하는지 말씀 한 번 해 주시기 바랍니다","wordCount":19},"emotion":[],"intent":[]},"answer":{"raw":{"text":"어 저의 스트레스 해소 방법에 대해서 말씀드리겠습니다. 일단 스트레스를 해소한다는 거는 본인이 그 날에 있었던 일들을 이제 날릴 수 있는 방법과 그걸 통해서 그 날의 하루를 마무리 지으면서 리플레시 됐을 때가 이제 스트레스 해소라고 판단을 할 수 있을 것 같습니다. 네 저 만의 이제 방법으로는 일단 땀을 많이 흘리는 운동을 했을 때 그런 것들이 해소가 되고 또 회복이 돼서 또 다음날 또 일과를 진행할 수 있는 그런 것들이 있는 것 같습니다. 저 같은 경우는 이제 테니스하고 마라톤을 좀 즐겨 합니다. 두 가지 운동의 공통점이 어 땀을 굉장히 많이 흘릴 수 있다는 장점이 있습니다. 그렇게 했을 때 이제 그 날의 일들에 뭐 안 좋았던 일이나 뭐 스트레스 받았던 일 뭐 미웠던 사람 뭐 이런 것들을 다 날리면서 또 다음날에 회복이 충분히 돼서 어 또 하루를 보낼 수 있지 않을까 또 일 주일을 보낼 수 있지 않을까 정기적으로 보낼 수 있지 않을까 싶습니다. 그런 것들이 이제 저만의 방법이고 또한 뭐 여유가 있거나 주말 같은 때는 뭐 영화 시청이라든지 뭐 예능을 본다든지 아니면 뭐 책을 보면서도 스트레스 해소가 될 것 같고 그런 방법들이 있는 것 같습니다. 이상입니다.","wordCount":174},"emotion":[],"intent":[{"text":"","expression":"","category":"attitude"}],"summary":{"text":"스트레스 해소는 그 날에 있었던 일들을 날릴 수 있는 방법과 그 날의 하루를 마무리 지으면서 리플레시 했을 때가 스트레스 해소라고 할 수 있습니다. 저 같은 경우는 테니스와 마라톤을 즐겨 하는데, 그 날들에 안 좋거나 스트레스 받았던 일, 미웠던 사람 등을 다 날려보내면서 다음날에 회복이 돼 또 하루를 보낼 수 있지 않을까 싶습니다.","wordCount":52}}},"rawDataInfo":{"question":{"fileFormat":"wav","fileSize":507278,"duration":15850,"samplingBit":16,"channelCount":1,"samplingRate":"16kHz","audioPath":"/Mock/02.SalesMarketing/Male/Experienced/ckmk_q_sm_m_e_191811.wav"},"answer":{"fileFormat":"wav","fileSize":2734798,"duration":85460,"samplingBit":16,"channelCount":1,"samplingRate":"16kHz","audioPath":"/Mock/02.SalesMarketing/Male/Experienced/ckmk_a_sm_m_e_191811.wav"}}}