{"version":"1.0","dataSet":{"info":{"date":"20230116","occupation":"SM","channel":"MOCK","place":"ONLINE","gender":"MALE","ageRange":"55-","experience":"EXPERIENCED"},"question":{"raw":{"text":"지원자님 지금부터 삼 년 뒤까지 삼 년 내 주요 성장 계획이나 목표가 있습니까 지원자님이 있다면 무엇인지 궁금합니다 설명도 함께 부탁드립니다","wordCount":20},"emotion":[],"intent":[]},"answer":{"raw":{"text":"삼 년 뒤에 성장 목표를 세운 적이 있습니다. 제가 젊었을 때는 세울 수가 있었습니다. 기회도 많이 주어졌고 하고 싶은 것도 많이 있었고 꿈도 컸었습니다. 그러나 오십이 넘은 다음에 삼 년 뒤에 성장 목표는 어 그 가치의 비중이 지금은 그렇게 크지 않습니다. 어 내가 무엇이 삼 년 뒤에 될 것이냐 보다는 내가 내일 어떤 마음을 가지고 어떤 자세를 가지고 나한테 주어진 일을 하느냐가 더 중요하게 바꼈습니다. 만약에 필요에 의해서 삼 년 뒤에 목표가 목표를 정해야 한다면 어 저는 책을 내고 싶습니다. 다만 어 현대 문학이 원하는 책이 아니라 내가 더 나이 먹음으로써 내 자신을 진실되게 표현할 수 있는 내 속마음을 그대로 쓸 수 있는 용기를 가진 사람이 되어서 책을 냈으면 좋겠습니다.","wordCount":110},"emotion":[],"intent":[{"text":"어 내가 무엇이 삼 년 뒤에 될 것이냐 보다는 내가 내일 어떤 마음을 가지고 어떤 자세를 가지고 나한테 주어진 일을 하느냐가 더 중요하게 바꼈습니다.","expression":"c_value","category":"background"}],"summary":{"text":"저는 젊었을 때는 삼 년 뒤에 성장 목표를 세운 적이 있습니다. 그러나 현재는 가치의 비중이 크지 않습니다. 앞으로 어떤 마음을 가지고 일을 하느냐가 중요해졌습니다. 책을 내고 싶은데, 현대 문학이 아닌 제 속마음을 쓸 수 있는 사람이 됐으면 좋겠습니다.","wordCount":38}}},"rawDataInfo":{"question":{"fileFormat":"wav","fileSize":463118,"duration":14470,"samplingBit":16,"channelCount":1,"samplingRate":"16kHz","audioPath":"/Mock/02.SalesMarketing/Male/Experienced/ckmk_q_sm_m_e_244989.wav"},"answer":{"fileFormat":"wav","fileSize":2618638,"duration":81830,"samplingBit":16,"channelCount":1,"samplingRate":"16kHz","audioPath":"/Mock/02.SalesMarketing/Male/Experienced/ckmk_a_sm_m_e_244989.wav"}}}