{"version":"1.0","dataSet":{"info":{"date":"20230116","occupation":"SM","channel":"MOCK","place":"ONLINE","gender":"MALE","ageRange":"-34","experience":"EXPERIENCED"},"question":{"raw":{"text":"지원자님께서 생각하시는 남들과는 다른 나만의 경쟁력 남들과는 다른 자신만의 경쟁력이 있으시다면 설명을 좀 부탁드리구요 또 이러한 경쟁력을 키우기 위해서 어떤 노력을 해 오셨는지도 함께 말씀을 좀 부탁드리고 싶습니다","wordCount":28},"emotion":[],"intent":[]},"answer":{"raw":{"text":"네 저는 어 영업 분야에 있어서 제 경쟁력을 키우기 위해서 어 보험회사에서 일 년간 영업직을 경험했습니다. 어 통상 보험설계사 하면 어 영업의 끝판왕이라고 할 정도로 굉장히 치열하고 어려운 부분이라고 많이들 이야기를 하시는데 어 거기에서 제가 일 년 간 경험을 한다면 영업 분야에 있어서 제 경쟁력을 키울 수 있다 라고 생각을 했습니다. 어 그렇게 노력을 했던 결과 그 영업 부분에 있어서 일 년 간 엠브이피를 달성을 했고 전국에서 일 등을 했던 경험을 가지고 있습니다. 앞으로 이 회사에도 취업을 하게 된다면 저의 이런 경쟁력과 열정을 가지고 영업 부분에서 가장 뛰어난 영업사원이 되기 위해 노력하겠습니다.","wordCount":92},"emotion":[{"text":"네 저는 어 영업 분야에 있어서 제 경쟁력을 키우기 위해서 어 보험회사에서   일 년간 영업직을 경험했습니다.","expression":"u-fact","category":"neutral"},{"text":"어 그렇게 노력을 했던 결과 그 영업 부분에 있어서 일 년 간 엠브이피를   달성을 했고 전국에서 일 등을 했던   경험을 가지고 있습니다.","expression":"u-fact","category":"neutral"}],"intent":[{"text":"네 저는 어 영업 분야에 있어서 제 경쟁력을 키우기 위해서 어 보험회사에서   일 년간 영업직을 경험했습니다.","expression":"c_private","category":"background"}],"summary":{"text":"저는 보험회사에서 일 년간 영업직을 경험했습니다. 그 결과 엠브이피를 달성했고 전국에서 일 등을 했습니다. 앞으로 이 회사에 취업하게 된다면 경쟁력과 열정을 가지고 영업 부분에서 가장 뛰어난 영업사원이 되겠습니다.","wordCount":28}}},"rawDataInfo":{"question":{"fileFormat":"wav","fileSize":669838,"duration":20930,"samplingBit":16,"channelCount":1,"samplingRate":"16kHz","audioPath":"/Mock/02.SalesMarketing/Male/Experienced/ckmk_q_sm_m_e_192257.wav"},"answer":{"fileFormat":"wav","fileSize":2449358,"duration":76540,"samplingBit":16,"channelCount":1,"samplingRate":"16kHz","audioPath":"/Mock/02.SalesMarketing/Male/Experienced/ckmk_a_sm_m_e_192257.wav"}}}