{"version":"1.0","dataSet":{"info":{"date":"20230116","occupation":"SM","channel":"MOCK","place":"ONLINE","gender":"MALE","ageRange":"35-44","experience":"EXPERIENCED"},"question":{"raw":{"text":"지원자님께서는 이전 직장에서 퇴사한 후에 퇴사한 것을 후회하신 적은 없나요 만약 있다면 왜인지도 함께 말씀 부탁드립니다","wordCount":16},"emotion":[],"intent":[]},"answer":{"raw":{"text":"퇴사를 할 때 팔십 퍼센트 이상은 직장에 사람들이 싫거나 그 부서가 싫거나 할 때 퇴사한다고 합니다. 그래서 다른 회사를 결정을 했는데 그 회사보다 더 안 좋은 문화를 갖고 있거나 그 회사보다 더 나쁜 사람들이 있으면 당연히 후회를 하게 됩니다. 특히나 퇴사를 하고 이직하는 사람들은 새로운 문화에 적응을 해야 되는데 적응을 하는 데는 최소한 육 개월에서 일 년이 걸린다고 합니다. 이직한 회사에 갔더니 기존에 있던 사람들보다 더 안 좋고 더 부도덕한 행동을 하는 사람이 많거나 더 업무량이라든 이 많고 또는 어떤 프로젝트가 많아진다면 당연히 후회를 할 수 밖에 없다고 생각합니다.","wordCount":89},"emotion":[],"intent":[{"text":"","expression":"","category":"attitude"}],"summary":{"text":"퇴사할 때 80% 이상은 직장이나 부서가 싫거나 할 때 퇴사한다고 합니다. 이직한 회사에 갔더니 기존에 있던 사람들보다 더 안 좋고 더 업무량이 많아진다면 당연히 후회를 할 수 밖에 없다고 생각합니다.","wordCount":30}}},"rawDataInfo":{"question":{"fileFormat":"wav","fileSize":444878,"duration":13900,"samplingBit":16,"channelCount":1,"samplingRate":"16kHz","audioPath":"/Mock/02.SalesMarketing/Male/Experienced/ckmk_q_sm_m_e_170015.wav"},"answer":{"fileFormat":"wav","fileSize":1507278,"duration":47100,"samplingBit":16,"channelCount":1,"samplingRate":"16kHz","audioPath":"/Mock/02.SalesMarketing/Male/Experienced/ckmk_a_sm_m_e_170015.wav"}}}