{"version":"1.0","dataSet":{"info":{"date":"20230116","occupation":"SM","channel":"MOCK","place":"ONLINE","gender":"MALE","ageRange":"35-44","experience":"EXPERIENCED"},"question":{"raw":{"text":"일을 하다 보면 업무 특성상 영어로 서류를 작성해야 할 일이 생길 수 있습니다 지원자님께서는 영어로 서류를 작성하실 수 있으신가요","wordCount":19},"emotion":[],"intent":[]},"answer":{"raw":{"text":"저는 이천 십 년부터 지속적으로 영어 공부를 오래 해왔고 이천 십 년 이천 십 일 년 이천 십 팔 년까지 영어 동아리를 통해서 영어 리더로서 영어 회화에 자신이 있었습니다. 특히나 이천 십 칠 년부터 이천 이십 년까지는 회사에서 영어 매뉴얼 작성 및 영어 매뉴얼을 한글화하는 작업에 프로젝트 리더를 했었습니다. 오랫동안 해외 영업도 했고 해외 계열사에서 사람들을 많이 설득하고 컨퍼런스를 열고 서비스 트레이닝을 하면서 영어에 대한 적응도도 많이 늘어서 영어 업무를 작성하는 거나 영어 서류를 작성하는 것은 저에게 전혀 어려움이 되지 되지 않습니다.","wordCount":82},"emotion":[],"intent":[{"text":"","expression":"","category":"attitude"}],"summary":{"text":"2010년부터 영어 공부를 오래 해왔고 영어 동아리를 통해 영어 리더로서 영어 회화에 자신이 있었습니다. 영어 매뉴얼을 한글화하는 작업에 프로젝트 리더를 했었는데 영어에 대한 적응도가 많이 늘었습니다.","wordCount":26}}},"rawDataInfo":{"question":{"fileFormat":"wav","fileSize":495438,"duration":15480,"samplingBit":16,"channelCount":1,"samplingRate":"16kHz","audioPath":"/Mock/02.SalesMarketing/Male/Experienced/ckmk_q_sm_m_e_195788.wav"},"answer":{"fileFormat":"wav","fileSize":1358158,"duration":42440,"samplingBit":16,"channelCount":1,"samplingRate":"16kHz","audioPath":"/Mock/02.SalesMarketing/Male/Experienced/ckmk_a_sm_m_e_195788.wav"}}}