{"version":"1.0","dataSet":{"info":{"date":"20230116","occupation":"SM","channel":"MOCK","place":"ONLINE","gender":"MALE","ageRange":"45-54","experience":"EXPERIENCED"},"question":{"raw":{"text":"면접자님은 광고주가 비윤리적 캠페인을 요구한다면 만약에 어떻게 하실 건가요","wordCount":9},"emotion":[],"intent":[]},"answer":{"raw":{"text":"안 되죠. 거부하겠습니다. 네 거부합니다. 단호하게. 요즘은 이런 거 큰일 납니다. 네 어설프게 또 조금 간 보고 눈치 보면서 거부할까 응할까 이런 거를 오히려 드러냈다가는 나중에 후폭풍 맞습니다. 네 어설픈 포지션을 취할 바에는 단호하게 애초부터 깔끔하게 입장을 밝히는 게 낫기 때문에 더구나 또 그게 어 뭐랄까요 어 다수의 어떤 그 상식을 가진 입장일 경우여야지 그 반대 쪽의 입장이라면 정말 큰일 납니다. 네 그거는 뭐 그 비윤리적인 캠페인을 하는 것과 다를 게 없으니까요. 먼저 먼저 그걸 끊어내는 게 오히려 나중에 어찌될지 모를 그 후폭풍에 대해서 조금이라도 커버가 처질 부분이 아닐까 생각이 듭니다. 거부 합니다.","wordCount":93},"emotion":[],"intent":[{"text":"","expression":"","category":"attitude"}],"summary":{"text":"어설프게 눈치 보면서 거부해야하나 응해야하나 이런 것을 드러내면 나중에 후폭풍 맞습니다. 차라리 단호하게 입장을 밝히는 게 낫습니다. 반대 쪽의 입장이라면 정말 큰일입니다. 먼저 끊어내는 것이 후폭풍에 대해서 조금이라도 커버가 처질 부분이 아닐까 생각합니다.","wordCount":33}}},"rawDataInfo":{"question":{"fileFormat":"wav","fileSize":241358,"duration":7540,"samplingBit":16,"channelCount":1,"samplingRate":"16kHz","audioPath":"/Mock/02.SalesMarketing/Male/Experienced/ckmk_q_sm_m_e_111575.wav"},"answer":{"fileFormat":"wav","fileSize":2773838,"duration":86680,"samplingBit":16,"channelCount":1,"samplingRate":"16kHz","audioPath":"/Mock/02.SalesMarketing/Male/Experienced/ckmk_a_sm_m_e_111575.wav"}}}