{"version":"1.0","dataSet":{"info":{"date":"20230116","occupation":"SM","channel":"MOCK","place":"ONLINE","gender":"MALE","ageRange":"35-44","experience":"EXPERIENCED"},"question":{"raw":{"text":"면접자님께서는 회사에 들어와서 선배를 만나게 된다면 어떤 모습에 선배를 만나고 싶으신가요 이유도 함께 말씀해 주세요","wordCount":15},"emotion":[],"intent":[]},"answer":{"raw":{"text":"어 회사에 입사하게 된다면 입사 후에 제 어 만나고 싶은 선배의 이상형에 대해서 한번 생각을 해 보았습니다. 어 일단 서로 의지하는 관계인 사람을 만나고 싶습니다. 내가 선배한테 의지만 하는 그런 선배가 말고 어 새로 생각하는 거나 말하는 거나 이런 것들이 비슷한 사람들이 있습니다. 그런 사람들이 만나면 나보다 나이가 많은 선배일 지라도 그 선배가 나한테 의지를 할 수 있는 부분이 분명히 있을 것이고 그렇게 서로 의지하다 가보면 힘든 일이 있고 좋은 일이 있고 하더라도 같이 생각하고 같이 판단해서 그래서 서로 어 서로의 영향치를 올릴 수 있지 않을까 싶습니다. 그래서 그런 선배를 꼭 만나고 싶고 후배도 마찬가지입니다. 아래 사람들도 마찬가지고 그렇게 의사소통이 잘되는 동료를 만나는 게 또 천운이라고 생각을 합니다. 그래서 그런 그 전 회사에서도 그런 운이 있었는데 그래서 좀 어 업무 하면서도 많은 도움을 받고 도움도 주고 서로 의지했던 그런 기억들이 있습니다. 여기서도 꼭 그런 선배를 만날 수 있을 거라 생각하고 있습니다. 이상입니다.","wordCount":142},"emotion":[],"intent":[{"text":"","expression":"","category":"attitude"}],"summary":{"text":"회사 입사 후 서로 의지하는 관계인 선배를 만나고 싶습니다. 보다 나이가 많은 선배일지라도 그 선배가 나한테 의지를 할 수 있는 부분이 분명히 있을 것이고 그렇게 의지하다 보면 서로 서로의 영향치를 올릴 수 있을 것입니다. 그렇게 의사소통이 잘되는 동료를 만나는 게 또 천운이라고 생각합니다.","wordCount":43}}},"rawDataInfo":{"question":{"fileFormat":"wav","fileSize":369998,"duration":11560,"samplingBit":16,"channelCount":1,"samplingRate":"16kHz","audioPath":"/Mock/02.SalesMarketing/Male/Experienced/ckmk_q_sm_m_e_139004.wav"},"answer":{"fileFormat":"wav","fileSize":2656718,"duration":83020,"samplingBit":16,"channelCount":1,"samplingRate":"16kHz","audioPath":"/Mock/02.SalesMarketing/Male/Experienced/ckmk_a_sm_m_e_139004.wav"}}}