{"version":"1.0","dataSet":{"info":{"date":"20230116","occupation":"SM","channel":"MOCK","place":"ONLINE","gender":"MALE","ageRange":"55-","experience":"EXPERIENCED"},"question":{"raw":{"text":"지원자님께서 태어나서 지금까지 한 일 가운데 생각해 볼 때 가장 후회되는 일이 있으신가요 있다면 한 가지만 골라서 그것이 어떤 일인지 말씀을 해 주시기 바랍니다","wordCount":24},"emotion":[],"intent":[]},"answer":{"raw":{"text":"군대를 전역 후 대학 진학을 준비했었는데 직장 생활과 결혼 생활 때문에 중도에 대학 진학을 포기하게 되었습니다. 물론 직장 생활하면서 야간에 대학 진학 공부를 일 년 정도 했었는데 가정생활도 해야 되고 직장 생활도 해야 되고 그런 핑계로 대학 진학을 포기하 했던 게 가장 후회스럽습니다.","wordCount":43},"emotion":[],"intent":[{"text":"군대를 전역 후 대학 진학을 준비했었는데 직장 생활과 결혼 생활 때문에 중도에 대학 진학을 포기하게 되었습니다.","expression":"c_private","category":"background"}],"summary":{"text":"군대 전역 후 대학 진학을 준비했으나, 직장 생활과 결혼 생활 때문에 중도에 포기하게 되었습니다. 이를 포기한 것이 가장 후회스럽습니다.","wordCount":19}}},"rawDataInfo":{"question":{"fileFormat":"wav","fileSize":569998,"duration":17810,"samplingBit":16,"channelCount":1,"samplingRate":"16kHz","audioPath":"/Mock/02.SalesMarketing/Male/Experienced/ckmk_q_sm_m_e_210933.wav"},"answer":{"fileFormat":"wav","fileSize":1557838,"duration":48680,"samplingBit":16,"channelCount":1,"samplingRate":"16kHz","audioPath":"/Mock/02.SalesMarketing/Male/Experienced/ckmk_a_sm_m_e_210933.wav"}}}