{"version":"1.0","dataSet":{"info":{"date":"20230116","occupation":"SM","channel":"MOCK","place":"ONLINE","gender":"MALE","ageRange":"-34","experience":"EXPERIENCED"},"question":{"raw":{"text":"어 비투비 영업 비투씨 영업 간의 접근 전략 상의 차이점이 있는지 그게 무엇이라고 생각하시는지 말씀 부탁드리겠습니다","wordCount":16},"emotion":[],"intent":[]},"answer":{"raw":{"text":"비투비 영업과 비투 씨 영업의 차이는 기업이 기업을 상대로 영업을 하느냐 아니면 기업이 개인 고객을 상대로 영업을 하느냐의 차이가 있다고 생각합니다. 물론 비투비 영업은 한 번에 많은 상품을 영업할 수 있다는 장점이 있지만 비투씨 영업은 기업의 이미지를 좋게 만들 수 있는 최적의 방법이기 때문에 비투비 영업과 비투 씨 영업이 어느 게 더 중요하다고 판정할 수는 없다고 생각합니다. 물론 기업의 영업 이익만 봤을 때는 비투비 영업이 더 좋은 사업 모델이지만 기업의 미래 가치를 보고 미래의 성장성을 볼 때는 비트 씨 영업 또한 매우 중요한 영업이라고 생각합니다.","wordCount":85},"emotion":[],"intent":[{"text":"","expression":"","category":"attitude"}],"summary":{"text":"비투비 영업과 비투 씨 영업의 차이는 기업이 기업을 상대로 영업을 하느냐 아니면 개인 고객을 상대로 영업을 하는느냐의 차이입니다. 기업의 이미지를 좋게 만드는 최적의 방법이기에 어느 게 더 중요하다고 판정할 수는 없습니다.","wordCount":31}}},"rawDataInfo":{"question":{"fileFormat":"wav","fileSize":364878,"duration":11400,"samplingBit":16,"channelCount":1,"samplingRate":"16kHz","audioPath":"/Mock/02.SalesMarketing/Male/Experienced/ckmk_q_sm_m_e_211860.wav"},"answer":{"fileFormat":"wav","fileSize":2395598,"duration":74860,"samplingBit":16,"channelCount":1,"samplingRate":"16kHz","audioPath":"/Mock/02.SalesMarketing/Male/Experienced/ckmk_a_sm_m_e_211860.wav"}}}