{"version":"1.0","dataSet":{"info":{"date":"20230116","occupation":"SM","channel":"MOCK","place":"ONLINE","gender":"MALE","ageRange":"55-","experience":"EXPERIENCED"},"question":{"raw":{"text":"지원자님께서 지원한 분야가 있으신데요 만약 입사를 하고 난 후에 근무를 하다가 정작 지원한 분야가 본인과 잘 맞지 않는다는 사실을 깨닫게 된다면 어떻게 하실 생각이신가요","wordCount":24},"emotion":[],"intent":[]},"answer":{"raw":{"text":"입사 후 근무를 하면서 정작 지원한 분야가 지원자님과 잘 맞지 않다는 사실을 깨닫는다면 어떻게 하실 생각이십니까. 아 입사한 후에 근무를 하다보니 지원한 분야가 저와 맞지 않는다면 어 상사와 먼저 상의를 통하여서 그 일을 해결하는 것이 중요하다고 생각합니다. 정말 너무나 맞지 않는다면 이 일을 하는데 어 큰 도움이 되지 않을 것이고 또한 이직도 생각하는 것이 좋다고 생각을 합니다. 하지만 제가 삼십 년간 지내왔던 여러 가지 일들을 통하여서 그 일들이 그렇게 힘들지는 안 했다고 보여집니다. 어떠한 분야에 있어서도 그 여러 가지 일들을 잘 적응해 왔기 때문에 어렵지 않다고 보여집니다. 제가 여태까지 해 왔던 일들이 개발하고 연구하고 또한 생산하고 영업하고 판매하며 또한 프리젠테이션을 통하여서 계획을 짜왔던 그러한 일들이었습니다. 이러 여러 가지 일들을 해왔는데 여기에서 어 분야와 더욱더 어 상관이 없는 분야는 없지 않을 것 같습니다. 아 여러 가지 경험이 어떻게 보면은 제가 가지고 있는 장점이기 때문에 어 맞고 맞지 않는 일들 하지만 어떠한 일에든 어 적응하는 데에는 큰 어려움이 없다고 봅니다. 여러 가지 일들을 경험했던 것이 저의 아 단점이 될 수 있지만 큰 장점이라고 생각을 합니다.","wordCount":163},"emotion":[],"intent":[{"text":"","expression":"","category":"attitude"}],"summary":{"text":"잘 맞지 않는다면 상사와 먼저 상의하여 그 일을 해결하는 것이 중요하다고 생각합니다. 제가 지금껏 해 왔던 개발, 연구, 생산, 영업, 판매, 프리젠테이션 등 다양한 일들을 해왔기 때문에 어떤 분야에서도 상관 없는 분야는 없을 것 같습니다. 하지만 어떠한 일에든 적응하는 데는 큰 어려움이 없으며 단점이 될 수 있지만 큰 장점이라고 생각합니다.","wordCount":50}}},"rawDataInfo":{"question":{"fileFormat":"wav","fileSize":601678,"duration":18800,"samplingBit":16,"channelCount":1,"samplingRate":"16kHz","audioPath":"/Mock/02.SalesMarketing/Male/Experienced/ckmk_q_sm_m_e_240844.wav"},"answer":{"fileFormat":"wav","fileSize":3859278,"duration":120600,"samplingBit":16,"channelCount":1,"samplingRate":"16kHz","audioPath":"/Mock/02.SalesMarketing/Male/Experienced/ckmk_a_sm_m_e_240844.wav"}}}