{"version":"1.0","dataSet":{"info":{"date":"20230116","occupation":"SM","channel":"MOCK","place":"ONLINE","gender":"MALE","ageRange":"55-","experience":"EXPERIENCED"},"question":{"raw":{"text":"지원자님은 창의성과 팀워크 중 더 중요한 것은 무엇이라고 생각하시나요 그렇게 생각하는 이유도 함께 말씀해 주세요","wordCount":15},"emotion":[],"intent":[]},"answer":{"raw":{"text":"창의성과 팀워크 중 더 중요한 것은 무엇이라고 생각하십니까. 근거도 함께 들어서 말씀해 주세요. 창의성이 더욱더 중요하다고 생각합니다. 하나의 창조적인 그런 아이템과 업체를 통하여서 우리 회사가 어 수명이 길어질 수 있기 때문에 그렇습니다. 팀워크도 당연히 중요하지만은 더 중요한 것은 아 창의성이라고 합니다. 스티브 잡스의 애플 아이폰 그리고 또한 테슬라 머스크의 그러한 전기 차 스페이스엑스의 인공위성을 띄우는 그러한 기술들 이런 것들이 어떻게 보면 창의적인 생각이고 따라오지 못하는 그러한 독창적인 그러한 어 제품이고 또한 생각이라고 생각합니다. 무엇보다도 팀웍을 중요하는 것도 중요하지만 아 창의적인 그러한 제품을 만들어내는 것이 상당히 중요하다고 생각합니다. 어떻게 보면 모방을 하는 것도 또한 창의성이라고 생각을 합니다. 아 이등을 할 수 있는 그러한 창의성 그것도 우리 기업 문화에서는 더욱더 중요하고 어 또 그런 것이 우리 회사의 운명을 좌지우지할 수 있다고 생각합니다. 일등 기업 창의적인 기업 어 중요합니다. 이등이면서 카피를 하는 것도 중요하다고 생각하기에 어 무시해서는 안 된다고 생각을 합니다. 저는 여태까지 그러한 제품을 개발하고 생산하고 또한 그 제품을 판매하고 그러한 제품을 관리하는 그런 부분에 여태까지 일을 해왔었습니다. 귀사에 아 제가 도움이 된다면 그런 부분에 큰 역할을 아 감당할 수 있을 것이라고 생각을 합니다. 창의적인 부분에서 저의 주특기라고 생각을 합니다.","wordCount":178},"emotion":[],"intent":[{"text":"","expression":"","category":"attitude"}],"summary":{"text":"창의성이 더 중요하다고 생각합니다. 팀워크도 중요하지만 더 중요한 것은 창의성이라고 생각합니다. 무엇보다도 팀웍을 중요하는 것도 중요하지만 아 창의적인 제품을 만들어내는 것이 상당히 중요하다고 생각하며 모방을 하는 것도 역시 창의성과 마찬가지로 중요한 일이며, 이등이면서 카피를 하는 것도 중요하다고 생각하기에 무시해서는 안 된다고 생각을 합니다.","wordCount":43}}},"rawDataInfo":{"question":{"fileFormat":"wav","fileSize":419918,"duration":13120,"samplingBit":16,"channelCount":1,"samplingRate":"16kHz","audioPath":"/Mock/02.SalesMarketing/Male/Experienced/ckmk_q_sm_m_e_229187.wav"},"answer":{"fileFormat":"wav","fileSize":3704398,"duration":115760,"samplingBit":16,"channelCount":1,"samplingRate":"16kHz","audioPath":"/Mock/02.SalesMarketing/Male/Experienced/ckmk_a_sm_m_e_229187.wav"}}}