{"version":"1.0","dataSet":{"info":{"date":"20230116","occupation":"SM","channel":"MOCK","place":"ONLINE","gender":"MALE","ageRange":"35-44","experience":"EXPERIENCED"},"question":{"raw":{"text":"영업을 한 단어로 정의한다면 무엇이라고 생각합니까 말씀해 보세요","wordCount":8},"emotion":[],"intent":[]},"answer":{"raw":{"text":"네 영업을 한 단어로 정리한다면 어 뭐라고 말할 수 있을까 그 이유도 함께 답변 드리겠습니다. 영업 저는 딱 두 글자로 설명할 수 있을 것 같습니다. 영업은 감동이다 감동이 될 것 같습니다. 왜 그러냐면 영업은 상대방에게 감동을 주지 못한다면 절대 이 어 프로젝트나 이런 영업에 대해서 성공할 수 없다고 생각합니다. 아 고객이 결국은 감동을 받고 만족을 해야 하고 어 즐거워해야만 꼭 성공을 할 수 있기 때문에 어 이런 영업에서 가장 중요한 것은 상대방에 대한 만족감을 어떻게 줄 것인지 그거를 계속 고민을 한다고 하면은 어 성공적으로 많이 어 계약이 될 거라고 생각합니다. 이런 영업을 두 가지로 나누면 이제 회사 대 회사 뭐 기업 대 기업 어 회사 대 개인 개인 대 회사 뭐 이런 식으로 해서 영업을 다 파트별로 나눌 수 있을 것 같습니다. 네 이렇게 파트별로 나눴을 때 영업의 결론은 어 상대방이 이익을 주고 우리도 위익 이익을 가질 수 있는 그런 윈윈의 관계가 돼야만 서로 웃을 수 있기 때문에 그런 부분에서 우리가 조금의 손해가 있다라 하더라도 이렇게 고객의 숫자를 늘려간다면은 우리의 회사의 이미지나 어 회사의 이익 창출을 하는 데 있어서 미래적으로 봤을 때는 더욱더 이득인 상황이 될 수도 있습니다. 그런 상황 판단 능력도 중요할 것이고 그렇기 때문에 저는 영업을 다 한 단어로 감동으로 표현하고 싶습니다. 이상입니다.","wordCount":195},"emotion":[],"intent":[{"text":"","expression":"","category":"attitude"}],"summary":{"text":"영업은 상대방에게 감동을 주고 우리도 위익 이익을 가질 수 있는 윈윈의 관계여야 성공할 수 있기 때문에, 영업은 감동입니다. 영업에서 가장 중요한 것은 상대방에 대한 만족감을 어떻게 줄 것인지 고민을 한다고 하면은 성공적으로 많이 계약이 될 것입니다. 영업을 파트별로 나누었을 때 영업의 결론은 상대방의 이익을 주고 우리도 이익을 얻을 수 있는 관계가 돼야만 서로 웃습니다. 이러한 상황 판단 능력도 중요할 것입니다.","wordCount":60}}},"rawDataInfo":{"question":{"fileFormat":"wav","fileSize":599118,"duration":18720,"samplingBit":16,"channelCount":1,"samplingRate":"16kHz","audioPath":"/Mock/02.SalesMarketing/Male/Experienced/ckmk_q_sm_m_e_229795.wav"},"answer":{"fileFormat":"wav","fileSize":3615438,"duration":112980,"samplingBit":16,"channelCount":1,"samplingRate":"16kHz","audioPath":"/Mock/02.SalesMarketing/Male/Experienced/ckmk_a_sm_m_e_229795.wav"}}}