{"version":"1.0","dataSet":{"info":{"date":"20230116","occupation":"SM","channel":"MOCK","place":"ONLINE","gender":"MALE","ageRange":"55-","experience":"EXPERIENCED"},"question":{"raw":{"text":"어 지원자님께서 이제 본인이 게임 속 캐릭터라고 가정해 보겠습니다 그렇다면 본인은 어떤 게임에서 어떤 역할을 맡아서 수행하고 싶으신가요","wordCount":18},"emotion":[],"intent":[]},"answer":{"raw":{"text":"만약 지원자님께서 게임 속 캐릭터라면 어떤 게임에서 어떤 역할을 맡아서 수행하고 싶으신가요. 아 예 제가 게임 속 캐릭터라면은 어 전략에 관련돼서 이렇게 싸우는 스타크래프 같은 그런 쪽에서 어 하고 역할을 맡고 싶습니다. 역할은 뭔가 이제 이렇게 그 전략 시뮬레이션을 할 수 있는 그러한 일들을 하고 싶습니다. 어떻게 보면 그런 쪽에서는 아 제가 지금 좋아했던 그런 부분인 것 같습니다. 아 생각을 하고 계획을 짜서 어떤 식으로 공격을 하고 어떻게 일을 진행할지 그런 일들을 제가 관심이 많습니다. 그리고 또한 제가 고전적인 그 게임을 아 좋아합니다. 여기 벽돌 깨기라든가 테트리스 같은 아 그런 것들을 아 예전에 선호를 했었습니다. 그런 것들을 통하여서 어 게임을 어 한다면은 더욱 더 도움이 될 거라고 생각합니다. 제가 이제 주로 했던 역할들은 어 많은 경험을 통해서 어떻게 하면 그런 것들을 많이 좀 했었을까 해 가지고 많이 또 지도하고 어 그렇게 서포트 했던 그런 부분들이 많이 있습니다. 제가 직접 하는 거는 조금 감히 드려서 좀 서툴 수는 있습니다. 하지만은 경험을 토대로 해서 그러한 그 확률적인 그런 게임을 통하여서 많이 아 도움을 주고 또 그거에 대해서 아 피드백을 얻을 수 있는 그런 부분이었으면 더욱더 좋을 것 같습니다. 제가 게임을 많이 좋아하지는 못하는 것이 또한 아 단점이라고 볼 수 있습니다.","wordCount":188},"emotion":[],"intent":[{"text":"","expression":"","category":"attitude"}],"summary":{"text":"전략 시뮬레이션을 할 수 있는 그런 일을 하고 싶습니다. 또한 고전적인 게임을 좋아합니다. 제가 주로 했던 역할들은 경험을 토대로 해서 확률적인 게임을 통해서 많이 도움을 주고 또 그것에 대해서 피드백을 얻을 수 있는 부분이었으면 더욱더 좋을 것 같습니다.","wordCount":38}}},"rawDataInfo":{"question":{"fileFormat":"wav","fileSize":544718,"duration":17020,"samplingBit":16,"channelCount":1,"samplingRate":"16kHz","audioPath":"/Mock/02.SalesMarketing/Male/Experienced/ckmk_q_sm_m_e_240852.wav"},"answer":{"fileFormat":"wav","fileSize":3708558,"duration":115890,"samplingBit":16,"channelCount":1,"samplingRate":"16kHz","audioPath":"/Mock/02.SalesMarketing/Male/Experienced/ckmk_a_sm_m_e_240852.wav"}}}