{"version":"1.0","dataSet":{"info":{"date":"20230116","occupation":"SM","channel":"MOCK","place":"ONLINE","gender":"MALE","ageRange":"-34","experience":"EXPERIENCED"},"question":{"raw":{"text":"우리 회사에 들어오시게 된다면 가장 가고 싶은 부서와 왜 그렇게 생각하셨는지 이유를 함께 말씀 부탁드립니다","wordCount":15},"emotion":[],"intent":[]},"answer":{"raw":{"text":"제가 입사를 하게 된다면 기획 전략실에서 일해 보고 싶습니다. 기획 전략실은 이 회사의 성장을 이끌어내는 부서라고 생각합니다. 어떤 식으로 일을 기획해서 어떻게 성과를 이끌어낼 것인지 수익은 어디서 극대화 할 것인지 등 이 회사의 전반적인 전략을 짜는 부서이기 때문입니다. 기획 전략실에서 일을 한다는 것 자체가 이 회사의 미래를 함께 한다는 의미이기 때문에 저는 다른 부서에서 일하는 것도 분명 중요하지만 기획 전략실에서 일을 하면서 이 회사와 미래를 함께하는 인재로 성장하고 싶습니다.","wordCount":69},"emotion":[],"intent":[{"text":"","expression":"","category":"attitude"}],"summary":{"text":"저는 기획 전략실에서 일하며 이 회사와 미래를 함께하는 인재로 성장하고 싶습니다. 어떤 식으로 일을 기획해서 어떻게 성과를 이끌어낼 것인지 등 이 회사의 전반적인 전략을 짜는 부서이기 때문입니다.","wordCount":27}}},"rawDataInfo":{"question":{"fileFormat":"wav","fileSize":396878,"duration":12400,"samplingBit":16,"channelCount":1,"samplingRate":"16kHz","audioPath":"/Mock/02.SalesMarketing/Male/Experienced/ckmk_q_sm_m_e_208289.wav"},"answer":{"fileFormat":"wav","fileSize":1640398,"duration":51260,"samplingBit":16,"channelCount":1,"samplingRate":"16kHz","audioPath":"/Mock/02.SalesMarketing/Male/Experienced/ckmk_a_sm_m_e_208289.wav"}}}