{"version":"1.0","dataSet":{"info":{"date":"20230116","occupation":"SM","channel":"MOCK","place":"ONLINE","gender":"MALE","ageRange":"55-","experience":"EXPERIENCED"},"question":{"raw":{"text":"여러 사람들과 함께 일을 하다 보면 구성원들과 갈등이 생길 일이 종종 있습니다 지원자님께서는 이럴 때 어떻게 해결하시는지 지원자님의 해결 방법을 말씀해 주세요","wordCount":22},"emotion":[],"intent":[]},"answer":{"raw":{"text":"어 조직에서 일을 하다보면 항상 갈등이라고 하는 요소는 발생하는 것 같아요. 어 왜냐하면 내가 무심히 던진 말 한 마디가 상대방한테 상처를 줄 수 있기 때문이죠. 그래서 그것이 어 뭐 아무 것도 아니야 라고 그냥 어 투부시 해버리면 되는데 그렇지 못할 경우에는 하나의 그 조그마한 것이 시발이 되어서 큰 문제로 갈등으로 이렇게 발생하는 경우가 있습니다. 그래서 이런 부분을 해소하는 것은 여러 가지 사실 방법이 있다고 생각합니다. 첫 번째로는 본인의 어떤 그 인내 가장 중요한 것 같고요. 그래서 어 본인이 상대방한테 해야 될 말에 대한 것도 조심해야 되겠지만 상대방이 나한테 했던 말도 다시 한 번 내가 생각하면서 좋은 방향으로 생각하는 것이 구성원들과 같이 지내면서 갈등을 최소화시킬 수 있는 방법이 아닐까 생각합니다. 갈등은 발생할 수 있으나 최소화시킬 수는 있다는 거죠. 그것은 결국 개개인 구성원들의 노력이 필요한데 무엇보다도 나 자신이 먼저 노력하는 것이 더 중요하지 않을까 라고 생각합니다. 그러면서 구성원들과의 조화로운 모습을 자꾸 만들어내려고 노력하고 또 긍정적인 단어와 어법을 사용하는 것 이러한 부분들이 아마 중요한 요소로 작용할 수 있다 라고 생각을 합니다. 감사합니다.","wordCount":159},"emotion":[],"intent":[{"text":"갈등은 발생할 수 있으나 최소화시킬 수는 있다는 거죠.","expression":"c_confl_mg","category":"personality"},{"text":"그것은 결국 개개인 구성원들의 노력이 필요한데 무엇보다도 나 자신이 먼저 노력하는 것이 더 중요하지 않을까 라고 생각합니다.","expression":"c_confl_mg","category":"personality"},{"text":"그러면서 구성원들과의 조화로운 모습을 자꾸 만들어내려고 노력하고 또 긍정적인 단어와 어법을 사용하는 것 이러한 부분들이 아마 중요한 요소로 작용할 수 있다 라고 생각을 합니다.","expression":"c_confl_mg","category":"personality"}],"summary":{"text":"조직에서 일을 하다보면 무심히 던져진 말 한 마디가 상대방에게 상처를 줄 수 있기 때문에 갈등이라고 하는 요소는 발생하는 것 같습니다. 이를 해소하기 위해서는 본인의 인내가 중요하고, 구성원들과의 조화로운 모습을 만들려고 노력하는 것이 중요한 요소로 작용할 수 있다고 생각합니다.","wordCount":38}}},"rawDataInfo":{"question":{"fileFormat":"wav","fileSize":603598,"duration":18860,"samplingBit":16,"channelCount":1,"samplingRate":"16kHz","audioPath":"/Mock/02.SalesMarketing/Male/Experienced/ckmk_q_sm_m_e_246477.wav"},"answer":{"fileFormat":"wav","fileSize":3156558,"duration":98640,"samplingBit":16,"channelCount":1,"samplingRate":"16kHz","audioPath":"/Mock/02.SalesMarketing/Male/Experienced/ckmk_a_sm_m_e_246477.wav"}}}