{"version":"1.0","dataSet":{"info":{"date":"20230116","occupation":"SM","channel":"MOCK","place":"ONLINE","gender":"MALE","ageRange":"35-44","experience":"EXPERIENCED"},"question":{"raw":{"text":"지원자님께서는 소통 능력을 키우기 위해서 어떤 일을 할 수 있을까요 생각나는 대로 방법들을 자세하게 한 번 설명해 주세요","wordCount":18},"emotion":[],"intent":[]},"answer":{"raw":{"text":"어 소통 능력을 키우기 위해서 중요한 것들이 있을 것입니다. 네 저는 그중에서도 제일 중요하다고 판단되는 것은 일단 소통의 능력을 키우기 위해서는 상대방의 의견을 잘 들을 줄 아는 그런 경청의 자세 좀 마음을 열어 놓는 상태가 제일 중요할 것 같습니다. 그게 되지 않으면은 다 사람마다 생각은 틀립니다. 틀리기 때문에 이 사람은 이쪽 생각하고 저 사람은 저쪽 생각을 하고 그러면 자꾸 딴 생각을 하게 되고 이러면 중구난방이 될 것입니다. 그렇게 되면 소통이 되지 않는 것이고 그렇게 해서 같은 팀원으로써 팀으로써 분명히 악조건이 될 겁니다. 그래서 이런 소통 능력을 키우기 위해서는 아 상대방 얘기를 잘 들어보고 분명히 중요시 여기는 부분이 있을 것입니다. 그 부분이 나와 생각하는 게 일맥상통하는지 보고 그게 만약에 통한다면 더 할 나위 없을 겁니다. 근데 인제 반대로 생각하는 부분이 있다면은 그 부분에 대해서 인제 조율을 해야 합니다. 조율을 해서 어 더 좋은 방향이 무엇인지를 서로 설득을 해서 어 그런 부분들이 만들어진다면은 어 소통이 되지 않을까 소통이 잘 되지 않을까 생각해 보았습니다. 이상입니다.","wordCount":152},"emotion":[],"intent":[{"text":"","expression":"","category":"attitude"}],"summary":{"text":"소통의 능력을 키우기 위해서는 상대방의 의견을 잘 들을 줄 아는 경청의 자세와 마음을 열어 놓는 상태가 중요합니다. 소통 능력 향상을 위해서는 상대방이 중요시 여기는 부분과 자신의 의견이 일맥상통하는지 봐야 합니다. 반대로 생각하는 부분이 있다면 조율을 해야 합니다.","wordCount":37}}},"rawDataInfo":{"question":{"fileFormat":"wav","fileSize":339278,"duration":10600,"samplingBit":16,"channelCount":1,"samplingRate":"16kHz","audioPath":"/Mock/02.SalesMarketing/Male/Experienced/ckmk_q_sm_m_e_146844.wav"},"answer":{"fileFormat":"wav","fileSize":2568398,"duration":80260,"samplingBit":16,"channelCount":1,"samplingRate":"16kHz","audioPath":"/Mock/02.SalesMarketing/Male/Experienced/ckmk_a_sm_m_e_146844.wav"}}}