{"version":"1.0","dataSet":{"info":{"date":"20230116","occupation":"SM","channel":"MOCK","place":"ONLINE","gender":"MALE","ageRange":"35-44","experience":"EXPERIENCED"},"question":{"raw":{"text":"오늘 면접을 준비하시느라 정말 고생이 많으셨을 텐데요 어떤 방식으로 해당 면접을 준비해 오셨는지 구체적으로 말씀해 주실 수 있을까요","wordCount":18},"emotion":[],"intent":[]},"answer":{"raw":{"text":"제가 오늘 이 회사에 면접을 준비하면서 가장 많이 중점적으로 준비한 것은 바로 회사에 매출 성장성 미래의 먹거리 투자 사업에 대한 것들입니다. 개인 또는 지인들을 통해서 많은 내용들을 접수하였고 그 내용을 토대로 어떻게 사업부가 운영되고 어떤 식으로 매출을 내고 어떤 고객을 보유하고 있는지를 지속적으로 파악했습니다. 왜냐하면 제가 입사하게 되면 그 고객들이 저의 고객이 될 것이고 앞으로 미래의 먹거리 사업이 제가 하는 일이 될 것이기 때문입니다. 예전에 신입 때는 그냥 그 회사가 들어가고 싶어 그 회사에 대한 내용만 알면 그리고 그 면접을 준비하면 될 것이었지만 현재 저는 경력직으로 매니저보다 더 높은 상급 매니저로 가게 되면서 입사하자마자 어떻게 경영을 하고 어떻게 팀을 운영할 것인지에 대한 사업적인 전략을 가지고 면접을 준비했습니다. 특히 이 미래의 먹거리 사업 빅데이터나 구글 딥 러닝 또는 바이두 같은 회사의 자율주행을 우리 회사가 어떻게 접목하고 응용할 수 있을지에 대한 분야도 많이 공부했습니다. 요즘은 인공지능이 대세이고 인공지능에 따른 판매 전략 또는 생산화 전략 모든 마케팅 전략이 수반되기 때문에 그거에 대한 공부도 또한 같이 했었습니다.","wordCount":153},"emotion":[],"intent":[{"text":"","expression":"","category":"attitude"}],"summary":{"text":"저는 경력직으로 상급 매니저로 가게 되면서 입사하자마자 어떻게 경영을 하고 어떻게 팀을 운영할 것인지에 대한 사업적인 전략을 가지고 면접을 준비했습니다. 특히 미래의 먹거리 사업 빅데이터나 구글 딥 러닝 또는 바이두 같은 회사의 자율주행을 우리가 어떻게 접목하고 응용할 수 있을지에 대한 분야도 많이 공부했습니다.","wordCount":43}}},"rawDataInfo":{"question":{"fileFormat":"wav","fileSize":613198,"duration":19160,"samplingBit":16,"channelCount":1,"samplingRate":"16kHz","audioPath":"/Mock/02.SalesMarketing/Male/Experienced/ckmk_q_sm_m_e_197370.wav"},"answer":{"fileFormat":"wav","fileSize":2633678,"duration":82300,"samplingBit":16,"channelCount":1,"samplingRate":"16kHz","audioPath":"/Mock/02.SalesMarketing/Male/Experienced/ckmk_a_sm_m_e_197370.wav"}}}