{"version":"1.0","dataSet":{"info":{"date":"20230116","occupation":"SM","channel":"MOCK","place":"ONLINE","gender":"MALE","ageRange":"45-54","experience":"EXPERIENCED"},"question":{"raw":{"text":"지원자님께서는 현재 본인이 갖고 있는 위치보다 더 어려운 목표와 더 어려운 일을 해결하고 달성해 본 경험이 있으신가요 경험이 있으시면 어떤 경험이었는지 저희에게 한 번 말씀해 주시기 바랍니다","wordCount":27},"emotion":[],"intent":[]},"answer":{"raw":{"text":"네 저는 제가 이제 경력을 봐서 아시겠지만 꽤 오랫동안 자영업을 했기 때문에 그거를 해낸 거 자영업을 해낸 거 그게 지금 제 현재 위치보다 제가 지금 어 사원으로서 이렇게 경력직 사원으로서 구직 활동을 하고 있는 현재 위치보다 네 어려운 목표를 달성을 한 것이라고 생각을 해요. 뭐 규모만 다를 뿐이지 제가 그냥 사업 자체를 그 회사 자체를 운영한 거기 때문에 어 정말 다사다난한 일들이 정말 정말 많았고 정말 음 가늠할 수 없는 매일매일이 참 희한한 일들도 많았었고요. 그래서 근데 저는 재밌었어요. 저는 그렇게 하면서 저를 성장시키는 이런 일상들이 좋았고 그래서 또 이제 그러한 큰 경험을 해봤으니까 이제는 제가 나이는 조금 찼지만 그래도 새로운 환경에서 또 처음 초심 어떤 새싹과 같은 마음으로 좀 다시 일을 또 해보자 이런 하는 생각에 이렇게 도전을 하게 되었습니다.","wordCount":121},"emotion":[],"intent":[{"text":"","expression":"","category":"attitude"}],"summary":{"text":"자영업을 해낸 건 사원으로서 구직 활동을 하고 있는 현재 위치보다 어려운 목표를 달성을 한 것이라고 생각했어요. 규모만 다를 뿐이지 사업 자체를 그 회사 자체를 운영한 거라서 정말 다사다난한 일들이 정말 많았는데 그런 일상들이 재미있었고 다시 일을 해보자 라는 생각에 이렇게 도전을 하게 되었습니다.","wordCount":43}}},"rawDataInfo":{"question":{"fileFormat":"wav","fileSize":590798,"duration":18460,"samplingBit":16,"channelCount":1,"samplingRate":"16kHz","audioPath":"/Mock/02.SalesMarketing/Male/Experienced/ckmk_q_sm_m_e_160378.wav"},"answer":{"fileFormat":"wav","fileSize":2885198,"duration":90160,"samplingBit":16,"channelCount":1,"samplingRate":"16kHz","audioPath":"/Mock/02.SalesMarketing/Male/Experienced/ckmk_a_sm_m_e_160378.wav"}}}