{"version":"1.0","dataSet":{"info":{"date":"20230116","occupation":"SM","channel":"MOCK","place":"ONLINE","gender":"MALE","ageRange":"35-44","experience":"EXPERIENCED"},"question":{"raw":{"text":"우리가 살다 보면 열심히 하지만 본인이 원하는 만큼 따라오지 못하는 동료들이 있을 수 있습니다 이럴 때 지원자님은 어떻게 해 오셨나요","wordCount":20},"emotion":[],"intent":[]},"answer":{"raw":{"text":"네 입사 후에 또는 전 회사에서 아니면 뭐 여러 가지 생활을 했을 때 어 분명히 본인이 최선을 다하고 누가 봐도 열심히 하는 그런 직원이 있습니다. 내 업무 성과가 따라오지 않고 항상 뒤쳐지고 부족한 부분 초등인 그런 동료들이 어딜 가든 꼭 있습니다. 그런 동료들을 봤을 때 저는 그렇게 생각합니다. 방향을 잡고 잘못 잡고 접근하기 때문에 아무리 노력해도 결과가 나오지 못한다 제가 그렇게 생각하기 때문에 처음에 업무를 시작하고 기초부터 가칠 때 업무에 대한 어떤 자기만의 자기에 대한 할당량이 있을 건데 그 할당량을 어떻게 처리할지에 대해서 방향을 잘 선택하면은 그 방향을 잘 맞춰서 가는 것만으로도 어느 정도는 따라갈 수 있다고 생각합니다. 저는 그래서 이런 방향 선택에 대해서 조언을 일단 해주고 싶고 그 조언이 받아들여지고 하게 됐을 때에는 그에 따른 어떻게 하면 업무 성과를 낼 수 있는 그런 것들에 대한 또 조언이나 옆에서 확인해주고 체크해주고 하면은 분명히 좋은 게끔 그 변화하는 그런 모습이 보일 거라 생각합니다. 그래서 저는 꼭 그렇게 조언을 해주고 싶습니다. 이상입니다.","wordCount":150},"emotion":[],"intent":[{"text":"저는 그래서 이런 방향 선택에 대해서 조언을 일단 해주고 싶고 그 조언이 받아들여지고 하게 됐을 때에는 그에 따른 어떻게 하면 업무 성과를 낼 수 있는 그런 것들에 대한 또 조언이나 옆에서 확인해주고 체크해주고 하면은 분명히 좋은 게끔 그 변화하는 그런 모습이 보일 거라 생각합니다.","expression":"s_intp","category":"attitude"}],"summary":{"text":"업무 성과와 뒤쳐지고 부족한 부분이 있는 동료들에게 조언을 해주고 싶습니다. 처음에는 방향을 잡고 잘못 잡고 접근하기 때문에 결과가 나오지 못한다고 생각하기 때문에, 업무를 시작하고 기초부터 가칠 때 그 할당량을 어떻게 처리할지에 대해 방향을 잘 선택하면 어느 정도는 따라갈 수 있다고 생각합니다.","wordCount":41}}},"rawDataInfo":{"question":{"fileFormat":"wav","fileSize":616398,"duration":19260,"samplingBit":16,"channelCount":1,"samplingRate":"16kHz","audioPath":"/Mock/02.SalesMarketing/Male/Experienced/ckmk_q_sm_m_e_235874.wav"},"answer":{"fileFormat":"wav","fileSize":2693838,"duration":84180,"samplingBit":16,"channelCount":1,"samplingRate":"16kHz","audioPath":"/Mock/02.SalesMarketing/Male/Experienced/ckmk_a_sm_m_e_235874.wav"}}}