{"version":"1.0","dataSet":{"info":{"date":"20230116","occupation":"SM","channel":"MOCK","place":"ONLINE","gender":"MALE","ageRange":"35-44","experience":"EXPERIENCED"},"question":{"raw":{"text":"만약 일을 하던 중 직무가 적성에 맞지 않는다면 어떻게 하시겠는지 상황을 가정하여 말씀해 주시기 바랍니다","wordCount":15},"emotion":[],"intent":[]},"answer":{"raw":{"text":"어 무슨 일을 하든 간에 맡은 업무가 적성에 맞지 않을 수 있습니다. 나는 아주 개방적이어서 좀 이렇게 나가는 영업 스타일 외부로 하는 이런 활발한 스타일인데 어 회사에 하루 종일 앉아서 사무직을 하게 된다면 분명히 적성에 맞지 않을 겁니다. 근데 내 성격이 좀 내성적이어서 이런 회사에서 사무적인 스타일을 선호하는데 밖에 나가서 아 많은 사람을 상대하고 하는 영업을 하라고 하면은 분명히 적성에 맞지 않을 겁니다. 근데 그런 상황들을 만들어 봤었을 때 누구에게나 외향적인 모습이나 내성적인 모습은 다 갖고 있다고 생각합니다. 근데 그거를 극복해야만 하는 것이고 어 외부적인 업무도 할 줄 알아야 하고 내부적인 업무도 할 줄 알아야 한다고 생각합니다. 그리고 분명히 적성에 맞지 않는 일을 할 수밖에 없는 상황이 분명히 올 겁니다. 그 상황에서 극복하려고 노력을 하면은 누구나 다 할 수 있는 일들입니다. 어 내부적인 업무는 뭐 업무 뭐 한글이나 워드 뭐 이런 것들에 대한 뭐 자기가 노력을 하면은 되는 것이고 외부적인 거는 자기가 항상 웃고 떠들고 상냥하려고 노력하다 보면 다 극복할 수 있다고 생각합니다. 네 이상입니다.","wordCount":155},"emotion":[],"intent":[{"text":"","expression":"","category":"attitude"}],"summary":{"text":"어떤 사람들은 외향적이고 내성적인 모습을 가지고 있습니다. 하지만 그것을 극복해야만 합니다. 외부적인 업무와 내부적인 업무를 할 줄 알아야 합니다. 그리고 분명히 적성에 맞지 않는 일을 할 수밖에 없는 상황이 올 것입니다. 그 상황에서 극복하려고 노력하면 누구나 다 할 수 있는 일입니다.","wordCount":41}}},"rawDataInfo":{"question":{"fileFormat":"wav","fileSize":389198,"duration":12160,"samplingBit":16,"channelCount":1,"samplingRate":"16kHz","audioPath":"/Mock/02.SalesMarketing/Male/Experienced/ckmk_q_sm_m_e_145359.wav"},"answer":{"fileFormat":"wav","fileSize":2582478,"duration":80700,"samplingBit":16,"channelCount":1,"samplingRate":"16kHz","audioPath":"/Mock/02.SalesMarketing/Male/Experienced/ckmk_a_sm_m_e_145359.wav"}}}