{"version":"1.0","dataSet":{"info":{"date":"20230116","occupation":"SM","channel":"MOCK","place":"ONLINE","gender":"MALE","ageRange":"35-44","experience":"EXPERIENCED"},"question":{"raw":{"text":"회사마다 각 회사의 업무 스타일이 있을 텐데요 지원자님께서 우리 회사에 들어오시면 기존과는 다른 업무 스타일을 할 수도 있습니다 기존과 다른 업무 스타일에 잘 적응하실 수 있으신가요","wordCount":26},"emotion":[],"intent":[]},"answer":{"raw":{"text":"근무를 하다 보면 항상 같은 환경에서 근무를 할 수 없다는 점에 대해서는 저도 잘 이해를 하고 있습니다. 그래서 기존의 직장에서 지금의 직장으로 이직을 하게 된다 라면은 저 같은 경우에는 물론 업무 스타일도 많이 달라지겠지만 기존보다 출퇴근 거리가 좀 멀어지는 그런 부분도 있기 때문에 체력적으로도 분명히 부담이 될 것이라고 생각을 하고 있습니다. 다만 그 영역은 제가 직업에 있어서 프로로서 제 스스로 이겨내야 될 부분이라고 생각하고 있습니다. 그래서 비록 여러 가지 환경에서 낯설고 어렵겠지만 모든 환경이 달라지더라도 저는 결코 당황하지 않고 최대한 빠르게 새로운 환경에 적응하기 위해서 노력하는 저만의 시간들을 가져볼 거 같습니다. 그게 제가 제 직업에 프로로서 저만이 갖는 그런 노하우 중의 하나입니다.","wordCount":102},"emotion":[],"intent":[{"text":"그래서 비록 여러 가지 환경에서 낯설고 어렵겠지만 모든 환경이 달라지더라도 저는 결코 당황하지 않고 최대한 빠르게 새로운 환경에 적응하기 위해서 노력하는 저만의 시간들을 가져볼 거 같습니다.","expression":"c_adp","category":"personality"}],"summary":{"text":"기존의 직장에서 지금의 직장으로 이직하게 된다면 출퇴근 거리가 멀어지는 부분이 있어서 체력적으로도 부담이 될 것입니다. 하지만 그 영역은 제가 직업에 있어서 프로로서 제가 스스로 이겨내야 될 부분이라고 생각하고 있습니다.","wordCount":29}}},"rawDataInfo":{"question":{"fileFormat":"wav","fileSize":631758,"duration":19740,"samplingBit":16,"channelCount":1,"samplingRate":"16kHz","audioPath":"/Mock/02.SalesMarketing/Male/Experienced/ckmk_q_sm_m_e_209577.wav"},"answer":{"fileFormat":"wav","fileSize":2314958,"duration":72340,"samplingBit":16,"channelCount":1,"samplingRate":"16kHz","audioPath":"/Mock/02.SalesMarketing/Male/Experienced/ckmk_a_sm_m_e_209577.wav"}}}