{"version":"1.0","dataSet":{"info":{"date":"20230116","occupation":"SM","channel":"MOCK","place":"ONLINE","gender":"MALE","ageRange":"35-44","experience":"EXPERIENCED"},"question":{"raw":{"text":"어 지원자님께서는 본인이 교번근무에 잘 적응할 수 있다고 생각하시는지 궁금하구요 어 잘 적응할 수 있다고 생각하신다면 그 근거와 함께 말씀해 주시기 바랍니다","wordCount":22},"emotion":[],"intent":[]},"answer":{"raw":{"text":"제가 교번 근무에 잘 적응할 수 있는 이유 중에 하나는 저는 자기 관리를 아주 잘 한다는 것입니다. 교번 근무 특히나 주간 근무는 일상 근무이기 때문에 전혀 문제가 되지 않지만 새벽 근무 또는 야간 근무 삼 교대 중에 이 교대 삼 교대는 특히나 많은 사람들에게 육체적인 피로 및 정신적인 피로를 많이 줍니다. 저는 예전에 대학교 때도 야간 아르바이트를 할 때 야간에 업무할 수 있을 때 가장 최고에 컨디션을 내기 위한 방법을 많이 노력했었고 그중에 하나는 잠을 잘 자고 숙면을 취할 때 가습기라든가 이런 것들을 위해서 낮 시간에 최적에 잠을 자야 된다는 것입니다. 그리고 여섯 시간에서 일곱 시간 이상은 낮에 자면 안되고 밤에 야간 근무를 할 때 약간 잠 쪼개서 잠을 자는 것도 하나의 야간 근무를 할 수 있을 때 가장 큰 도움이 된다고 생각합니다. 그렇게 야간 근무를 하다 보니 왜 뇌에 있는 송과채 우리의 뇌 시계라고 하는 것을 약간은 속일 수 있어서 피로감이 좀 덜 했고 그렇게 일 년에서 육 개월 정도 야간 근무를 하다 보니 추후에는 야간 근무가 몸에 익게 되었습니다.","wordCount":161},"emotion":[],"intent":[{"text":"","expression":"","category":"attitude"}],"summary":{"text":"제가 교번 근무에 잘 적응할 수 있는 이유 중 하나는 자기 관리를 아주 잘 한다는 것입니다. 대학교 때도 야간 아르바이트를 할 때 야간에 업무할 때 가장 최고에 컨디션을 내기 위해 낮 시간에 최적에 잠을 자야 한다는 노력을 했었습니다. 그렇게 일년에서 육 개월 정도 야간 근무를 하다 보니 추후에는 야간 근무가 몸에 익게 되었습니다.","wordCount":53}}},"rawDataInfo":{"question":{"fileFormat":"wav","fileSize":389198,"duration":12160,"samplingBit":16,"channelCount":1,"samplingRate":"16kHz","audioPath":"/Mock/02.SalesMarketing/Male/Experienced/ckmk_q_sm_m_e_197613.wav"},"answer":{"fileFormat":"wav","fileSize":2249358,"duration":70290,"samplingBit":16,"channelCount":1,"samplingRate":"16kHz","audioPath":"/Mock/02.SalesMarketing/Male/Experienced/ckmk_a_sm_m_e_197613.wav"}}}