{"version":"1.0","dataSet":{"info":{"date":"20230116","occupation":"SM","channel":"MOCK","place":"ONLINE","gender":"MALE","ageRange":"35-44","experience":"EXPERIENCED"},"question":{"raw":{"text":"지원자님 주변인들이 지원자님의 장점과 단점을 뭐라고 이야기하나요","wordCount":7},"emotion":[],"intent":[]},"answer":{"raw":{"text":"아 제 본인의 생각이 아닌 주변 사람들에 대한 저의 장점과 단점을 한번 생각해 보았습니다. 어 일단 장점은 주변 사람들한테 인제 많이 들었던 얘기 중의 하나가 어 운이 좋아 운이 좋다는 말과 또 아니면 여유로워 보인다 뭐 이런 얘기를 많이 들었던 것 같습니다. 솔직히 여유롭은 사람이 있을 수도 있지만 모든 사람이 다 바쁠 거라 생각합니다. 항상 정신없고 바쁜데 그 와중에 여유로워 보이는 그런 자세 저는 그것을 좀 더 중요시 여깁니다. 그래서 그런 얘기도 많이 들었던 것 같고 분명히 바쁜 것 같으면서도 사람이 여유로워 보인다 이것은 항상 미리 준비가 돼 있고 미리 급한 일이라든지 이렇게 진행되야 할 일들을 잘 시간 관리를 잘 할 수 있었기 때문에 여유로워 보이지 않았나 그런 부분에 대해서 어 주변 사람들이 봤을 때 그런 부분이 장점으로도 느낄 거 같고 또 단점이라고 하면 이제 또 그런 부분들이 여유로워 보이고 또 한가로워 보이는 그런 모습들이 또 단점이자 또 장점이 됐을 수도 있을 것 같아서 그 부분이 저의 장점과 단점으로 보일 것 같습니다. 네 이상입니다.","wordCount":154},"emotion":[],"intent":[{"text":"","expression":"","category":"attitude"}],"summary":{"text":"주변 사람들에 대한 저의 장점과 단점을 생각해 보았습니다. 저는 항상 정신없고 바쁜데 그 와중에 여유로워 보이는 것을 중요시 여깁니다. 그리고 미리 준비가 돼 있고 미리 진행해야 할 일들을 잘 시간 관리를 잘 할 수 있었기 때문에 여유가 있어 보인다고 생각합니다. 그 부분이 장점으로 느껴지고 단점으로 보일 것 같습니다.","wordCount":48}}},"rawDataInfo":{"question":{"fileFormat":"wav","fileSize":246158,"duration":7690,"samplingBit":16,"channelCount":1,"samplingRate":"16kHz","audioPath":"/Mock/02.SalesMarketing/Male/Experienced/ckmk_q_sm_m_e_184803.wav"},"answer":{"fileFormat":"wav","fileSize":2672718,"duration":83520,"samplingBit":16,"channelCount":1,"samplingRate":"16kHz","audioPath":"/Mock/02.SalesMarketing/Male/Experienced/ckmk_a_sm_m_e_184803.wav"}}}