{"version":"1.0","dataSet":{"info":{"date":"20230116","occupation":"SM","channel":"MOCK","place":"ONLINE","gender":"MALE","ageRange":"35-44","experience":"EXPERIENCED"},"question":{"raw":{"text":"지원자님께서 지금부터 삼 년 뒤까지 삼 년 내 주요 성장 계획이나 목표가 있습니까 지원자님이 있다면 무엇인지 설명과 말씀해 주세요","wordCount":19},"emotion":[],"intent":[]},"answer":{"raw":{"text":"제가 지금 이 회사에서 삼 년 내에 성장을 계획하는 목표는 바로 인공 지능을 통한 모든 업무 시스템을 자동화를 하겠다는 것입니다. 그렇다고 현재 일하고 있는 사람들을 급격하게 줄인다거나 퇴사를 하게 시키겠다는 건 아닙니다. 공장 자동화 물류 시스템 자동화 배송 자동화 업무 자동화입니다. 예를 들어서 지금 하고 있는 업무들을 사람들이 일일이 검토하거나 일일이 손수 작업을 하게 된다면 인력 비용 또는 작업 비용 효율성이 많이 떨어집니다. 하지만 공장 자동화를 시키면 공장에 있는 로봇이 주문을 받고 그 주문을 처리하고 그 로봇이 생산 관리 및 품질 관리를 하게 됩니다. 그러면 나머지 다른 사람들은 더 효율적인 업무에 에너지를 투입할 수가 있습니다. 그래서 전 회사에서도 공장 자동화를 통해서 소프트웨어 구축 하드웨어와의 통신 설계 그리고 최종 품질 관리까지 로봇이나 프로그램이 맡다 보니까 사람은 어떤 품질 관리나 생산 관리를 할 때 약 십 퍼센트에서 팔 퍼센트 정도의 오류가 검출되었지만 인공 지능이나 자동화 시스템에서는 전혀 문제가 검출되지 않습니다. 다만 그 프로그램이나 시스템을 운영하는 사람들의 레벨 업이 돼야 되고 그들을 교육하여 어떻게 이 시스템을 잘 구축하고 운영할 것인지만 교육하면 됩니다.","wordCount":159},"emotion":[],"intent":[{"text":"","expression":"","category":"attitude"}],"summary":{"text":"모든 업무의 자동화를 통해 다른 사람들은 더 효율적인 업무를 할 수 있습니다. 그래서 전 회사에서도 공장 자동화를 통해서 소프트웨어 구축 하드웨어와의 통신 설계 그리고 최종 품질 관리까지 로봇이나 프로그램이 맡다 보니 사람은 품질 관리나 생산 관리를 할 때 오류가 검출되었지만 인공 지능이나 자동화 시스템에서는 문제가 검출되지 않습니다.","wordCount":47}}},"rawDataInfo":{"question":{"fileFormat":"wav","fileSize":475918,"duration":14870,"samplingBit":16,"channelCount":1,"samplingRate":"16kHz","audioPath":"/Mock/02.SalesMarketing/Male/Experienced/ckmk_q_sm_m_e_191513.wav"},"answer":{"fileFormat":"wav","fileSize":2819278,"duration":88100,"samplingBit":16,"channelCount":1,"samplingRate":"16kHz","audioPath":"/Mock/02.SalesMarketing/Male/Experienced/ckmk_a_sm_m_e_191513.wav"}}}