{"version":"1.0","dataSet":{"info":{"date":"20230116","occupation":"SM","channel":"MOCK","place":"ONLINE","gender":"MALE","ageRange":"35-44","experience":"EXPERIENCED"},"question":{"raw":{"text":"지원자님께서 이 분야에 지원하시기 위해 관련된 어떤 노력들을 해 오셨는지 들어보고 싶습니다 생각나시는 대로 모두 다 말씀해 주실 수 있을까요","wordCount":20},"emotion":[],"intent":[]},"answer":{"raw":{"text":"어 제가 이제 이 분야에 대해서 지원하게 되면서 어떠한 노력을 했고 앞으로 어떠한 노력을 해야 하는지에 대해서 답변 드리겠습니다. 일단 이런 서비스 관련된 분야에서는 어 고객이 어떻게 하면 만족을 주고 감동을 주었을 때 그런 고객들이 하나하나 늘어나게 되면서 어떻게 하면 그런 좋은 모습이나 장점들이 입소문이 나기 시작하면 그거에 대한 회사의 이익이나 뭐 회사의 이미지가 좋아지는 데 있어서 엄청난 극대화가 된다고 생각합니다. 어 저 같은 경우에는 서비스 업을 주종으로 하기 때문에 그 부분에 있어서 그 고객들 하나하나 한 명의 한 명의 그런 고객들의 감동을 준다고 생각하고 업무를 강향을 찾고 있습니다. 그런 감동이 점점 더 커지게 되면 당연히 회사의 이미지가 좋아질 것이고 그게 또 회사의 이익으로 변환될 수 있다고 생각하기 때문에 그런 것들은 저만의 노하우로 인해서 고객에게 감동을 줄 수 있는 노하우를 펼쳐서 효과를 불 것 같습니다. 이상입니다.","wordCount":126},"emotion":[],"intent":[{"text":"일단 이런 서비스 관련된 분야에서는 어 고객이 어떻게 하면 만족을 주고 감동을 주었을 때 그런 고객들이 하나하나 늘어나게 되면서 어떻게 하면 그런 좋은 모습이나 장점들이 입소문이 나기 시작하면 그거에 대한 회사의 이익이나 뭐 회사의 이미지가 좋아지는 데 있어서 엄청난 극대화가 된다고 생각합니다.","expression":"s_brand_strt","category":"technology"}],"summary":{"text":"서비스 관련 분야에서는 고객이 만족을 주고 감동을 주었을 때 그런 모습이 입소문이 나면 그에 대한 회사의 이익이나 이미지가 좋아지는 데 있어서 극대화가 된다고 생각합니다. 저 같은 경우 서비스업을 주종으로 하기 때문에 그런 감동이 점점 더 커지게 되면 회사의 이미지도 좋아지고 회사 이익으로 변환될 수 있다고 생각하기 때문에 노하우가 효과적일 것 같습니다.","wordCount":51}}},"rawDataInfo":{"question":{"fileFormat":"wav","fileSize":629838,"duration":19680,"samplingBit":16,"channelCount":1,"samplingRate":"16kHz","audioPath":"/Mock/02.SalesMarketing/Male/Experienced/ckmk_q_sm_m_e_214806.wav"},"answer":{"fileFormat":"wav","fileSize":2648398,"duration":82760,"samplingBit":16,"channelCount":1,"samplingRate":"16kHz","audioPath":"/Mock/02.SalesMarketing/Male/Experienced/ckmk_a_sm_m_e_214806.wav"}}}