{"version":"1.0","dataSet":{"info":{"date":"20230116","occupation":"SM","channel":"MOCK","place":"ONLINE","gender":"MALE","ageRange":"45-54","experience":"EXPERIENCED"},"question":{"raw":{"text":"대학 생활을 했을 때 가장 힘들었던 경험은 무엇인지 말씀해 주시죠","wordCount":10},"emotion":[],"intent":[]},"answer":{"raw":{"text":"대학 생활 중 가장 힘들었던 경험은 무엇인가 라고 말씀을 하셨는데요. 저의 경우는 한국에서도 물론 대학 생활은 해보았지만 대부분 마지막 졸업은 중국 상해에 있는 대학을 졸업을 했습니다. 따라서 저의 대부분의 대학 생활 이야기는 중국으로 중국에서 진행을 한 유학생활이라 할 수 있겠습니다. 대학 생활에서 가장 힘들었던 경험은 당연히 언어 문제였습니다. 물론 일 학년 삼 학년 사 학년 때에는 어느정도 대화를 하는 데 무리가 없이 진행을 했었지만 갓 들어가 입학을 했을 경우 때에는 대학 교수께서 말씀하셨던 강의 내용들을 전부 다 캐치하기는 쉽지 않았습니다. 그 다음 당시에 어 녹음을 해서 그 내용을 다시 들어보거나 아니면 옆에 있는 동료들에게 전체적인 내용을 다시 문의를 한다거나 이런 부분들로 해서 남들보다는 몇 배 더 공부에 더 매진을 해야 되는 상황이었습니다. 물론 외국사 외국 학생이 에 언어 쪽 관련된 부분은 당연하다고 생각할지 모르겠지만 이런 부분에 대해서 몇 배 각고의 노력을 한 결과 아 삼 학년 사 학년 정도 때에서는 나름 편안하게 대학 교수님의 강의를 들을 수 있을 정도의 수준이 되었습니다.","wordCount":151},"emotion":[{"text":"저의 경우는 한국에서도 물론 대학 생활은 해보았지만   대부분 마지막 졸업은 중국 상해에 있는 대학을 졸업을 했습니다.","expression":"u-fact","category":"neutral"}],"intent":[{"text":"","expression":"","category":"attitude"}],"summary":{"text":"대학 생활 중 가장 힘들었던 경험은 당연히 언어 문제였습니다. 갓 입학을 했을 경우 강의 내용들을 전부 다 캐치하기가 쉽지 않았고 녹음을 해서 그 내용을 다시 들어보거나 옆의 동료들에게 전체적인 내용을 다시 문의를 한다거나 이런 부분들로 해서 남들보다 몇 배 더 공부에 매진해야 되는 상황이었습니다.","wordCount":44}}},"rawDataInfo":{"question":{"fileFormat":"wav","fileSize":267278,"duration":8350,"samplingBit":16,"channelCount":1,"samplingRate":"16kHz","audioPath":"/Mock/02.SalesMarketing/Male/Experienced/ckmk_q_sm_m_e_105504.wav"},"answer":{"fileFormat":"wav","fileSize":2755278,"duration":86100,"samplingBit":16,"channelCount":1,"samplingRate":"16kHz","audioPath":"/Mock/02.SalesMarketing/Male/Experienced/ckmk_a_sm_m_e_105504.wav"}}}