{"version":"1.0","dataSet":{"info":{"date":"20230116","occupation":"SM","channel":"MOCK","place":"ONLINE","gender":"MALE","ageRange":"35-44","experience":"EXPERIENCED"},"question":{"raw":{"text":"우리 회사는 국내 영업과 해외 영업이 있습니다 차이점에 대해서 알고 있는 대로 설명을 해주시겠습니까","wordCount":14},"emotion":[],"intent":[]},"answer":{"raw":{"text":"네 국내 영업과 해외 영업의 차분점에 대해서 답변 드리겠습니다. 어 국내 영업과 해외 영업의 차이점은 분명히 나눠질 것입니다. 그 차이점은 일단 국내 영업은 일단은 국내 스타일이 있고 해외라고 하자면 제 해외 각국의 나라만의 특징이 있을 것입니다. 거기에서 인제 어 배제되는 그런 절차라든지 뭐 규정 이런 것들이 다 틀리기 때문에 당연히 나아가는 방향이 틀릴 것이고 또 접근하는 방법이 틀려질 것 같습니다. 일단 국내에서는 국내법을 따라 할 것이고 해외는 그 뭐 미국이라든지 중국 뭐 동남아 계열 그런 나이 나라들만의 특징에 대해서 가장 먼저 판단이 서고 또 어떤 절차를 따라 하는지에 대해서 가장 먼저 캐치를 해야 할 것 같고 또한 국내에서 잘 되는 것이 해외에 나가면 안 될 수도 있고 국내에서 잘 안 되던 것이 해외에서는 엄청난 성과를 또 이룰 수가 있습니다. 그 부분에 대해서 그 미래나 비전에 대해서 고민을 지속적으로 해야 할 것 같고 그 부분에 있어서 미래적으로나 여러 가지로 차이점이 있을 것 같습니다. 이상입니다.","wordCount":143},"emotion":[],"intent":[{"text":"","expression":"","category":"attitude"}],"summary":{"text":"국내 영업과 해외 영업의 차분점에 대해 답변 드리겠습니다. 국내 영업은 국내 스타일과 해외 특징이 있습니다. 국내는 국내법을 따르고, 해외는 특징에 대해 판단하여 어떤 절차를 따라 하는지 캐치해야 합니다. 국내가 잘 되는 것이 해외에 나가면 안 될 수도 있고, 안 되던 것이 해외에서는 엄청난 성과를 이룰 수도 있어 비전이 필요합니다.","wordCount":49}}},"rawDataInfo":{"question":{"fileFormat":"wav","fileSize":333518,"duration":10420,"samplingBit":16,"channelCount":1,"samplingRate":"16kHz","audioPath":"/Mock/02.SalesMarketing/Male/Experienced/ckmk_q_sm_m_e_214804.wav"},"answer":{"fileFormat":"wav","fileSize":2694478,"duration":84200,"samplingBit":16,"channelCount":1,"samplingRate":"16kHz","audioPath":"/Mock/02.SalesMarketing/Male/Experienced/ckmk_a_sm_m_e_214804.wav"}}}