{"version":"1.0","dataSet":{"info":{"date":"20230116","occupation":"SM","channel":"MOCK","place":"ONLINE","gender":"MALE","ageRange":"35-44","experience":"EXPERIENCED"},"question":{"raw":{"text":"업무를 하다 보면 업무량이 과도하게 많아질 수 있습니다 그래도 본인은 잘 버틸 자신이 있으십니까","wordCount":14},"emotion":[],"intent":[]},"answer":{"raw":{"text":"업무의 양이 많아지는 것은 전혀 상관이 없습니다. 왜냐하면 회사에 업무는 제가 마음대로 조절할 수 없고 회사 또한 어떤 때는 물량이 많이 넘쳐나고 어떨 때는 물량이 없고 코로나 같은 특수한 상황이 생기면 돈을 많이 벌 번다거나 갑자기 생산량이 늘어나는 경우들이 상당히 많기 때문입니다. 하지만 이렇게 업무가 과도하게 늘어났을 때는 그것에 대한 전략을 회사에서도 세워야 된다고 생각합니다. 뭐 두 달 세 달 정도는 야근 또는 주말 근무 잔업으로 해결할 수 있지만 이것이 육 개월 일 년 또는 또 다른 사람의 채용이 필요하다고 하면 그 부분에 대해서는 회사에서 당연히 그만큼의 티오를 내서 인원을 채용해야 된다고 생각합니다. 그리고 야간 근무 주말 근무를 하게 되면 그에 대한 피로도가 많이 늘기 때문에 업무 시간에 조정이라든가 보상휴가 또는 수당은 당연히 회상에 회사에서 지원해 줘야 된다고 생각합니다. 실제적으로 여섯 시까지 근무하고 밤 열 시까지 야근을 하게 되면 그 다음날 아홉 시에 다시 출근할 때 엄청난 피로와 육체적인 스트레스를 받게 됩니다. 이것을 주간 교대 근무라든가 아니면 어떤 보상 휴가를 통해서 적절한 보상이 있으면 충분히 문제 없이 지낼 수 있을 것 같습니다.","wordCount":162},"emotion":[],"intent":[{"text":"","expression":"","category":"attitude"}],"summary":{"text":"업무의 양이 많아지는 것은 상관이 없습니다. 하지만 업무가 과도하게 늘어났을 때는 그것에 대한 전략을 회사에서도 세워야 한다고 생각합니다. 또한 야간 근무 주말 근무를 하게 되면 그에 대한 피로도가 많이 늘기 때문에 업무 시간에 조정이라든가 보상휴가 또는 수당은 당연히 회상에 회사에서 지원해 줘야 합니다.","wordCount":43}}},"rawDataInfo":{"question":{"fileFormat":"wav","fileSize":307278,"duration":9600,"samplingBit":16,"channelCount":1,"samplingRate":"16kHz","audioPath":"/Mock/02.SalesMarketing/Male/Experienced/ckmk_q_sm_m_e_197364.wav"},"answer":{"fileFormat":"wav","fileSize":2715598,"duration":84860,"samplingBit":16,"channelCount":1,"samplingRate":"16kHz","audioPath":"/Mock/02.SalesMarketing/Male/Experienced/ckmk_a_sm_m_e_197364.wav"}}}