{"version":"1.0","dataSet":{"info":{"date":"20230116","occupation":"SM","channel":"MOCK","place":"ONLINE","gender":"MALE","ageRange":"55-","experience":"EXPERIENCED"},"question":{"raw":{"text":"어 최근에 여러 가지 뉴스들이 방영을 하는데요 어 지원자님께서 그중에 보셨던 가장 인상 깊었던 뉴스는 무엇인가요 그리고 그것이 인상 깊었던 이유도 함께 말씀해 주시길 바랍니다","wordCount":25},"emotion":[],"intent":[]},"answer":{"raw":{"text":"요즘에 눈만 뜨면 하루가 멀다 하고 물가들이 오르고 있습니다. 인플레이션 현상인데요. 여기에는 어떤 이상 기온 현상도 일부 있을 수 있으나 더 더 더 큰 문제는 지금 러시아와 우크라이나 전쟁이 가장 중요한 원인이 아닌가 싶기도 합니다.","wordCount":35},"emotion":[],"intent":[{"text":"","expression":"","category":"attitude"}],"summary":{"text":"인플레이션 현상은 지금 러시아와 우크라이나 전쟁 때문에 물가가 오르는데, 여기에 더해 러시아와 우크라이나 전쟁이 가장 큰 원인일 수 있습니다.","wordCount":19}}},"rawDataInfo":{"question":{"fileFormat":"wav","fileSize":518478,"duration":16200,"samplingBit":16,"channelCount":1,"samplingRate":"16kHz","audioPath":"/Mock/02.SalesMarketing/Male/Experienced/ckmk_q_sm_m_e_216679.wav"},"answer":{"fileFormat":"wav","fileSize":1030158,"duration":32189,"samplingBit":16,"channelCount":1,"samplingRate":"16kHz","audioPath":"/Mock/02.SalesMarketing/Male/Experienced/ckmk_a_sm_m_e_216679.wav"}}}