{"version":"1.0","dataSet":{"info":{"date":"20230116","occupation":"SM","channel":"MOCK","place":"ONLINE","gender":"MALE","ageRange":"35-44","experience":"EXPERIENCED"},"question":{"raw":{"text":"어 엔 년간 살아오셨을 텐데요 지원자님께서 그동안 인생에서 겪었던 갈등들 중에 가장 심각했던 갈등은 어떤 거였는지 어 생각을 해서 한 가지만 골라서 말씀해 주시기 바랍니다","wordCount":25},"emotion":[],"intent":[]},"answer":{"raw":{"text":"중학교 삼 학년 때 특목 고등학교를 갈 수 있는 실력이 있음에도 불구하고 특목고에 삼 년 동안 다니면서 하루에 열 다섯 시간씩 공부하며 뛰어난 학생들과 경쟁할 자신이 없어서 원서 쓰는 마지막 날 제 마음대로 공부를 좀 못하는 남녀 공학으로 진로를 바꿨던 경험이 있습니다. 그때 담임 선생님이 부모님이 극구 만료를 하였고 저에게 엄청난 꾸지람을 주셨지만 저는 제 뜻을 굽히지 않았습니다. 저는 그래서 공부 못하는 남녀 공학을 가서 여자 친구도 사귀고 뱀에 머리가 돼서 더 좋은 성적을 받겠다고 부모님을 설득했지만 그건 부모님의 생각이 맞는 생각이었습니다. 막상 가서 공부를 해보니 학교의 분위기 및 학급의 분위기가 공부를 그렇게 열심히 하는 분위기도 아니었고 거기서 뱀의 머리가 된다 한들 특목고에서 하는 공부의 양을 따라갈 수가 없었고 수준 또한 좋지 못했습니다. 여자 친구도 사귈 수 없었고 저는 지속적으로 성적이 나오지 않아 방황을 많이 했고 고등학교 삼 학년 때 수능을 보고 좋은 대학을 갈 수 있을 성적도 나오지 않아 많이 좌절했던 경험이 있습니다. 지금 생각해 보면 얼마나 어리고 바보 같은 생각이었는지 그때가 아마 부모님과 인생에 살면서 가장 많은 갈등을 겪었던 때였던 것 같습니다.","wordCount":164},"emotion":[{"text":"여자 친구도 사귈 수 없었고 저는 지속적으로 성적이 나오지 않아 방황을 많이 했고   고등학교 삼 학년 때 수능을 보고 좋은 대학을 갈 수 있을 성적도 나오지 않아 많이 좌절했던 경험이 있습니다.","expression":"n-sadness","category":"positive"}],"intent":[{"text":"중학교 삼 학년 때 특목 고등학교를 갈 수 있는 실력이 있음에도 불구하고   특목고에 삼 년 동안 다니면서 하루에 열 다섯 시간씩 공부하며 뛰어난 학생들과 경쟁할 자신이 없어서   원서 쓰는 마지막 날 제 마음대로 공부를 좀 못하는 남녀 공학으로 진로를 바꿨던 경험이 있습니다.","expression":"c_private","category":"background"}],"summary":{"text":"중학교 삼 학년 때 특목고에서 뛰어난 학생들과 경쟁할 자신이 없어서 공부 못하는 남녀 공학으로 진로를 바꾸었습니다. 담임 선생님이 부모님께 꾸지람을 받았지만 뜻을 굽히지 않아 여자 친구도 사귀고 뱀의 머리가 돼 더 좋은 성적을 받겠다고 부모님을 설득했지만 부모님의 생각이 맞는 생각이었습니다. 막상 가서 공부를 해보니 학교의 분위기 및 학급의 분위기가 공부를 열심히 하는 분위기도 아니었고 좋은 대학을 갈 수 있을 성적도 나오지 않아 많이 좌절했던 경험이 있습니다.","wordCount":66}}},"rawDataInfo":{"question":{"fileFormat":"wav","fileSize":669518,"duration":20920,"samplingBit":16,"channelCount":1,"samplingRate":"16kHz","audioPath":"/Mock/02.SalesMarketing/Male/Experienced/ckmk_q_sm_m_e_170017.wav"},"answer":{"fileFormat":"wav","fileSize":2696398,"duration":84260,"samplingBit":16,"channelCount":1,"samplingRate":"16kHz","audioPath":"/Mock/02.SalesMarketing/Male/Experienced/ckmk_a_sm_m_e_170017.wav"}}}