{"version":"1.0","dataSet":{"info":{"date":"20230116","occupation":"SM","channel":"MOCK","place":"ONLINE","gender":"MALE","ageRange":"35-44","experience":"EXPERIENCED"},"question":{"raw":{"text":"만약 지원자님께서 지금 지원하신 이 직무가 아니라 다른 부서에 배치를 받게 되신다면 어떻게 하실 건가요 그래도 업무를 진행하실 건가요","wordCount":19},"emotion":[],"intent":[]},"answer":{"raw":{"text":"제가 이 회사에서 다른 부서에 배치되거나 다른 직무에 배치돼도 저는 전혀 문제가 없을 거 같습니다. 왜냐하면 제가 지원한 직무도 좋아서 지원했지만 이 회사의 비전이나 성장성을 보고 지원했기 때문에 회사에서 업무를 할 수 있다면 일단은 해당 부서의 업무에 대해서 익히고 최선을 다하겠습니다. 그렇게 육 개월에서 일 년 정도 열심히 해보고 일 년 정도 지나면 전문성이라든가 성과가 많이 날 것으로 생각합니다. 그렇게 해서 제가 원래 할려고 했던 일이 아닌 다른 업무를 통해서 제 스스로의 적성을 발견하고 사람은 원래 자기가 하고 싶은 일만 하며 살 수 없기 때문에 하고 싶지 않은 일 또는 내가 알지 못하는 일을 통해서도 또 다른 적성이라든가 개인적인 발전을 하는 경우가 많습니다. 그렇게 이 삼 년 정도 지나다 보면 제 스스로 성장이라던가 발전을 많이 하게 될 것이고 회사의 업무에 많은 적응을 할 것입니다. 그래도 그때 제가 원래 지원했던 직무에 관심이 많다면 그때는 부서장이나 본부장 또는 대표이사님에게 건의를 하겠습니다. 대표이사님 제가 원래 지원하려고 했던 직무가 아닌 다른 부서에 와서 다른 업무를 하고 있는데 제가 삼 년 동안 해보면서 많은 성과를 냈습니다. 혹시라도 저에게 기회를 주신다면 제가 원래 했던 직무를 지금에 가고 있는 역량을 가지고 시너지를 낼 수 있도록 할 테니 부서 전환을 부탁드리겠습니다 라고 얘기하겠습니다.","wordCount":185},"emotion":[],"intent":[{"text":"","expression":"","category":"attitude"}],"summary":{"text":"원래 하려고 했던 일이 아닌 다른 업무를 통해서 제 스스로의 적성을 찾고 개인적인 발전을 하는 경우가 많습니다. 그렇게 이 삼 년 정도 지나다 보면 제 스스로 성장과 발전을 많이 하게 될 것이고 회사의 업무에 많은 적응을 할 것입니다. ","wordCount":38}}},"rawDataInfo":{"question":{"fileFormat":"wav","fileSize":588558,"duration":18390,"samplingBit":16,"channelCount":1,"samplingRate":"16kHz","audioPath":"/Mock/02.SalesMarketing/Male/Experienced/ckmk_q_sm_m_e_195783.wav"},"answer":{"fileFormat":"wav","fileSize":2841678,"duration":88800,"samplingBit":16,"channelCount":1,"samplingRate":"16kHz","audioPath":"/Mock/02.SalesMarketing/Male/Experienced/ckmk_a_sm_m_e_195783.wav"}}}