{"version":"1.0","dataSet":{"info":{"date":"20230116","occupation":"SM","channel":"MOCK","place":"ONLINE","gender":"MALE","ageRange":"55-","experience":"EXPERIENCED"},"question":{"raw":{"text":"본인의 생각이 아니라 본인 주변 사람들이 생각하는 본인의 장점과 단점을 전부 말씀해 주세요","wordCount":13},"emotion":[],"intent":[]},"answer":{"raw":{"text":"단점은 지인들이나 모든 사람들한테 너무 베푼다는 겁니다. 이게 단점이고요. 주변 사람들에 장점 얘기는 한 번 마음 먹으면 끝까지 끈기를 끈기를 가지고 열정적으로 집중해서 몰두한다는 것입니다.","wordCount":25},"emotion":[],"intent":[{"text":"단점은 지인들이나 모든 사람들한테 너무 베푼다는 겁니다.","expression":"c_person","category":"background"},{"text":"주변 사람들에 장점 얘기는 한 번 마음 먹으면 끝까지 끈기를 끈기를 가지고 열정적으로 집중해서 몰두한다는 것입니다.","expression":"c_person","category":"background"}],"summary":{"text":"주변 사람들은 끈기를 가지고 열정적으로 집중한다는 장점이 있지만, 주변 사람들에게만 너무 베푼다는 단점이 있습니다. 이는 단점입니다.","wordCount":16}}},"rawDataInfo":{"question":{"fileFormat":"wav","fileSize":257998,"duration":8060,"samplingBit":16,"channelCount":1,"samplingRate":"16kHz","audioPath":"/Mock/02.SalesMarketing/Male/Experienced/ckmk_q_sm_m_e_211153.wav"},"answer":{"fileFormat":"wav","fileSize":1379278,"duration":43100,"samplingBit":16,"channelCount":1,"samplingRate":"16kHz","audioPath":"/Mock/02.SalesMarketing/Male/Experienced/ckmk_a_sm_m_e_211153.wav"}}}