{"version":"1.0","dataSet":{"info":{"date":"20230116","occupation":"SM","channel":"MOCK","place":"ONLINE","gender":"MALE","ageRange":"55-","experience":"EXPERIENCED"},"question":{"raw":{"text":"지원자님께서 어떤 목표를 쫌 달성하기 위해 목표를 설정하시고 이 삼 년간 열심히 좀 노력을 하셔서 해당 목표를 달성해 내신 그런 경험이 있으실까요","wordCount":22},"emotion":[],"intent":[]},"answer":{"raw":{"text":"지금 현재는 족발 전문점을 운영하고 있습니다. 지금 현재 팔 년 차인데 첫 해부터 삼 년 차까지는 연평균 이십 프로에서 삼십 프로 정도 목표를 세워 신장을 하게 되었습니다. 그 이후 고정 고객도 많이 늘어났고 지금은 고정 고객 위주로 영업을 하고 있습니다. 그러나 최근 코로나로 인해서 자영업 시장이 굉장히 어려움을 받고 있습니다. 그중에 저 또한 코로나를 피해갈 수 없는 입장이었고 현재는 현상 유지 정도 하고 있습니다.","wordCount":64},"emotion":[{"text":"지금 현재는 족발 전문점을 운영하고 있습니다.","expression":"u-fact","category":"neutral"},{"text":"지금 현재 팔 년 차인데 첫 해부터 삼 년 차까지는 연평균 이십 프로에서 삼십 프로 정도 목표를 세워 신장을 하게 되었습니다.","expression":"u-fact","category":"neutral"},{"text":"그러나 최근 코로나로 인해서 자영업 시장이 굉장히 어려움을 받고 있습니다.","expression":"u-fact","category":"neutral"}],"intent":[{"text":"지금 현재는 족발 전문점을 운영하고 있습니다.","expression":"c_private","category":"background"},{"text":"지금 현재 팔 년 차인데 첫 해부터 삼 년 차까지는 연평균 이십 프로에서 삼십 프로 정도 목표를 세워 신장을 하게 되었습니다.","expression":"c_chl","category":"personality"}],"summary":{"text":"족발 전문점을 운영하며 고정 고객 위주로 영업을 하고 있으나 최근 코로나 때문에 자영업 시장이 어려워져 현제는 현상 유지 정도로 하고 있습니다.","wordCount":21}}},"rawDataInfo":{"question":{"fileFormat":"wav","fileSize":525518,"duration":16420,"samplingBit":16,"channelCount":1,"samplingRate":"16kHz","audioPath":"/Mock/02.SalesMarketing/Male/Experienced/ckmk_q_sm_m_e_229515.wav"},"answer":{"fileFormat":"wav","fileSize":2502798,"duration":78210,"samplingBit":16,"channelCount":1,"samplingRate":"16kHz","audioPath":"/Mock/02.SalesMarketing/Male/Experienced/ckmk_a_sm_m_e_229515.wav"}}}