{"version":"1.0","dataSet":{"info":{"date":"20230116","occupation":"SM","channel":"MOCK","place":"ONLINE","gender":"MALE","ageRange":"-34","experience":"EXPERIENCED"},"question":{"raw":{"text":"직무 지식 역량 태도 이 세 가지 요소 중에서 어떤 것이 가장 중요하다고 생각하시는가요 어 본인이 중요하다고 생각하시는 것과 그 이유를 함께 말씀해 주시면 좋겠습니다","wordCount":25},"emotion":[],"intent":[]},"answer":{"raw":{"text":"네 저는 직무 지식 역량 태도 중에 태도가 가장 중요하다 라고 생각합니다. 업무를 하는 부분에 있어서 어 지식이나 역량은 시간이 지나면 자연스럽게 향상이 될 수 있다 라고 생각합니다. 하지만 기본적인 태도는 어 그 사람이 지금까지 살아오는 인생의 인생을 나타내는 부분이기 때문에 어 단시간에 바뀌지 않는다 라고 생각하기 때문에 업무를 함에 있어서 가장 중요한 건 태도라고 생각합니다. 뿐만 아니라 일을 함에 있어서 배우려고 하고 그리고 내 동료들과 그리고 내 상급자와 어떻게 지내는지 어떻게 그 사람과 행동 커뮤니케이션 함에 있어서 어떤 태도로 임해야 되는지 등에 따라 그 분위기 또한 많이 달라지기 때문에 이 세 가지 중에 가장 중요한 것은 그 사람의 업무를 대하는 태도가 가장 중요하다 라고 생각합니다.","wordCount":106},"emotion":[],"intent":[{"text":"","expression":"","category":"attitude"}],"summary":{"text":"업무를 하는 데에 있어서 지식이나 역량은 시간이 지나면 자연스럽게 향상이 될 수 있지만 그 사람의 인생을 나타내는 부분이기 때문에 업무를 함에 있어서 가장 중요한 건 태도라고 생각합니다.","wordCount":27}}},"rawDataInfo":{"question":{"fileFormat":"wav","fileSize":529998,"duration":16560,"samplingBit":16,"channelCount":1,"samplingRate":"16kHz","audioPath":"/Mock/02.SalesMarketing/Male/Experienced/ckmk_q_sm_m_e_192256.wav"},"answer":{"fileFormat":"wav","fileSize":2503758,"duration":78240,"samplingBit":16,"channelCount":1,"samplingRate":"16kHz","audioPath":"/Mock/02.SalesMarketing/Male/Experienced/ckmk_a_sm_m_e_192256.wav"}}}