{"version":"1.0","dataSet":{"info":{"date":"20230116","occupation":"SM","channel":"MOCK","place":"ONLINE","gender":"MALE","ageRange":"-34","experience":"EXPERIENCED"},"question":{"raw":{"text":"면접자께서는 아이패드와 같이 시장에서 관심을 받는 제품들에 특징을 설명 부탁드리겠습니다","wordCount":10},"emotion":[],"intent":[]},"answer":{"raw":{"text":"아이패드 맥북 그리고 제트 플립처럼 시장에서 끊임없이 사랑을 받고 있는 제품들은 마케팅을 잘하고 있기 때문이라고 생각합니다. 사실 아이 패드나 맥북 같은 경우에는 다른 브랜드에서도 충분히 찾아볼 수 있는 제품입니다. 테블릿 피씨 그리고 일반 컴퓨터 이런 모델들은 다른 브랜드에서도 많이 나오고 있는데 왜 유독 아이패드나 맥북 에어팟 이런 제품들이 더 사랑을 받고 있는지 궁금증이 생겼었습니다. 제가 내린 결론은 마케팅을 잘하고 있는 회사고 마케팅에 따라서 고객들의 관심이나 사랑이 이어지고 있다고 생각합니다.","wordCount":69},"emotion":[],"intent":[{"text":"아이패드 맥북 그리고 제트 플립처럼 시장에서 끊임없이 사랑을 받고 있는 제품들은 마케팅을 잘하고 있기 때문이라고 생각합니다.","expression":"s_anls_prod","category":"technology"},{"text":"사실 아이 패드나 맥북 같은 경우에는 다른 브랜드에서도 충분히 찾아볼 수 있는 제품입니다.","expression":"s_anls_prod","category":"technology"}],"summary":{"text":"아이패드나 맥북은 타 브랜드에서도 충분히 찾을 수 있는 제품이지만 유독 맥북 에어팟이 인기를 받는 것은 마케팅을 잘하고 있는 회사고 마케팅에 따라서 고객들의 관심이나 사랑이 이어지고 있기 때문입니다.","wordCount":27}}},"rawDataInfo":{"question":{"fileFormat":"wav","fileSize":288398,"duration":9010,"samplingBit":16,"channelCount":1,"samplingRate":"16kHz","audioPath":"/Mock/02.SalesMarketing/Male/Experienced/ckmk_q_sm_m_e_218864.wav"},"answer":{"fileFormat":"wav","fileSize":1849998,"duration":57810,"samplingBit":16,"channelCount":1,"samplingRate":"16kHz","audioPath":"/Mock/02.SalesMarketing/Male/Experienced/ckmk_a_sm_m_e_218864.wav"}}}