{"version":"1.0","dataSet":{"info":{"date":"20230116","occupation":"SM","channel":"MOCK","place":"ONLINE","gender":"MALE","ageRange":"35-44","experience":"EXPERIENCED"},"question":{"raw":{"text":"아 만약 지원자님의 직무에 맞지 않는 일을 하게 되실 경우도 있을 건데요 어 그러한 경우에 어떻게 하시겠는지요 어 그런 일이 생겨도 괜찮으실지 한번 말씀해 주시기 바랍니다","wordCount":26},"emotion":[],"intent":[]},"answer":{"raw":{"text":"어 만약에 제가 직무에 원하지 않는 일을 하게 된다고 하면은 그 부분에 대해서는 뭐 문제 될 건 없을 것 같습니다. 요 부분에서 답변 드리도록 하겠습니다. 어 일단 제가 하던 일을 하면은 몸이 편하고 어 이 정신적으로도 안정된 자세로 임무를 할 수 있을 건데 어 원하지 않는 뭐 보직을 받게 되거나 부서에서 일을 하게 된다 해도 그 부분에 대해서 어 문제 될 건 없을 것 같습니다. 왜 그러냐면 또 새로운 일을 배운다는 것은 그만한 자기만의 스펙이 만들어지는 거고 또 자기만의 그 개인 자력이 발전하는 거기 때문에 물론 처음에는 쉽지 않을 겁니다. 새로운 일을 한다는 것을 네 금방 또 자기가 노력을 하고 본인이 의지를 갖고 하게 되면 충분히 키울 수 있다고 생각하기 때문에 그 부분에 대해서는 문제 될 게 없을 것 같습니다. 오히려 그거를 기회로 발판을 삼아서 어 발전시키게 된다면 오히려 더 효과적이지 않을까 싶습니다. 그래서 전혀 문제 될 건은 없을 것 같습니다 .이상입니다.","wordCount":142},"emotion":[],"intent":[{"text":"","expression":"","category":"attitude"}],"summary":{"text":"저는 원래 하던 일을 하면 몸이 편하고 정신도 안정된 자세로 임무를 수행할 수 있는데, 원하지 않는 보직이나 부서에서 일을 하게 된다고 해도 문제 될 건 없을 것 같습니다. 그 이유는 새로운 일을 배운다는 것은 자기만의 스펙이 만들어지고 개인 자력이 발전하는 것이기 때문입니다.","wordCount":42}}},"rawDataInfo":{"question":{"fileFormat":"wav","fileSize":544718,"duration":17020,"samplingBit":16,"channelCount":1,"samplingRate":"16kHz","audioPath":"/Mock/02.SalesMarketing/Male/Experienced/ckmk_q_sm_m_e_217008.wav"},"answer":{"fileFormat":"wav","fileSize":2347598,"duration":73360,"samplingBit":16,"channelCount":1,"samplingRate":"16kHz","audioPath":"/Mock/02.SalesMarketing/Male/Experienced/ckmk_a_sm_m_e_217008.wav"}}}