{"version":"1.0","dataSet":{"info":{"date":"20230116","occupation":"SM","channel":"MOCK","place":"ONLINE","gender":"MALE","ageRange":"-34","experience":"EXPERIENCED"},"question":{"raw":{"text":"현대인은 하루 평균 세 번 거짓말을 하고 산다고 합니다 본인이 해 본 가장 기억에 남는 거짓말은 무엇입니까","wordCount":17},"emotion":[],"intent":[]},"answer":{"raw":{"text":"제가 가장 기억에 남는 거짓말은 부모님께 했던 거짓말인 것 같습니다. 제가 대학교 시절 자취를 하면서 부모님과 떨어져서 생활을 했었는데요. 이때 부모님께서 항상 먹는 거는 잘 먹는지 잠은 잘 자는지 걱정을 하셨던 것 같습니다. 특히 남자 혼자서 자취 생활을 했기 때문에 먹는 게 가장 힘들었던 것 같습니다. 음식을 잘 챙겨 먹지 못할 때도 부모님께 전화가 오면 항상 잘 먹고 있다고 거짓말을 했던 것 같습니다. 그래서 제가 가장 기억에 남는 건 부모님께 밥을 잘 먹고 있다고 대학 시절에 거짓말 했던 게 가장 기억에 남는 것 같습니다.","wordCount":84},"emotion":[],"intent":[{"text":"","expression":"","category":"attitude"}],"summary":{"text":"제가 가장 기억에 남는 건 부모님께 했던 거짓말인 것 같습니다. 부모님과 떨어져서 자취 생활을 했을 때, 부모님께서 항상 음식을 잘 먹는지, 잠은 잘 자는지 걱정 하셨습니다. 그래서 제가 가장 인상적인 것은 부모님께했던 거짓말입니다.","wordCount":33}}},"rawDataInfo":{"question":{"fileFormat":"wav","fileSize":326478,"duration":10200,"samplingBit":16,"channelCount":1,"samplingRate":"16kHz","audioPath":"/Mock/02.SalesMarketing/Male/Experienced/ckmk_q_sm_m_e_218870.wav"},"answer":{"fileFormat":"wav","fileSize":1883278,"duration":58850,"samplingBit":16,"channelCount":1,"samplingRate":"16kHz","audioPath":"/Mock/02.SalesMarketing/Male/Experienced/ckmk_a_sm_m_e_218870.wav"}}}