{"version":"1.0","dataSet":{"info":{"date":"20230116","occupation":"SM","channel":"MOCK","place":"ONLINE","gender":"MALE","ageRange":"-34","experience":"EXPERIENCED"},"question":{"raw":{"text":"인생을 살면서 무엇인가 하나에 푹 빠져 몰두해 본 경험이 있으신가요 있다면 그것이 무엇인지 궁금합니다","wordCount":14},"emotion":[],"intent":[]},"answer":{"raw":{"text":"제가 살면서 가장 몰두했던 일은 영업 활동을 했던 것입니다. 저는 영업 직원으로 일을 시작하면서 영업에 대해서 재미를 느꼈던 것 같습니다. 처음에는 모르는 사람들을 만나서 제품과 서비스를 판매해야 한다는 것이 쉽지만은 않았습니다. 하지만 이 어려움을 이겨내고 제품과 서비스를 하나하나 판매할 때마다 희열을 느꼈던 것 같습니다. 처음에는 어려웠지만 나중에는 엠브이피까지 선정이 될 정도로 좋은 성과를 냈고 좋은 성과가 날수록 영업이라는 일이 더 재미있어졌던 것 같습니다. 저의 이런 능력을 가지고 회사에서도 더 뛰어난 인재가 될 수 있도록 노력하겠습니다.","wordCount":75},"emotion":[{"text":"저는 영업 직원으로 일을 시작하면서 영업에 대해서 재미를 느꼈던 것 같습니다.","expression":"p-interest","category":"positive"},{"text":"하지만 이 어려움을 이겨내고 제품과 서비스를 하나하나 판매할 때마다 희열을 느꼈던 것 같습니다.","expression":"p-happiness","category":"positive"},{"text":"처음에는 어려웠지만 나중에는 엠브이피까지 선정이 될 정도로 좋은 성과를 냈고 좋은 성과가 날수록 영업이라는 일이 더 재미있어졌던 것 같습니다.","expression":"p-interest","category":"positive"}],"intent":[{"text":"처음에는 어려웠지만 나중에는 엠브이피까지 선정이 될 정도로 좋은 성과를 냈고 좋은 성과가 날수록 영업이라는 일이 더 재미있어졌던 것 같습니다.","expression":"s_sell_exp","category":"technology"}],"summary":{"text":"영업 직원으로 일하며 영업에 재미를 느껴 제품과 서비스를 하나하나 판매할 때마다 희열을 느꼈습니다. 좋은 성과가 날수록 영업이 재미있어졌고 이런 능력을 가지고 회사에서도 더 뛰어난 인재가 될 수 있도록 노력하겠습니다.","wordCount":29}}},"rawDataInfo":{"question":{"fileFormat":"wav","fileSize":353998,"duration":11060,"samplingBit":16,"channelCount":1,"samplingRate":"16kHz","audioPath":"/Mock/02.SalesMarketing/Male/Experienced/ckmk_q_sm_m_e_240061.wav"},"answer":{"fileFormat":"wav","fileSize":2345678,"duration":73300,"samplingBit":16,"channelCount":1,"samplingRate":"16kHz","audioPath":"/Mock/02.SalesMarketing/Male/Experienced/ckmk_a_sm_m_e_240061.wav"}}}