{"version":"1.0","dataSet":{"info":{"date":"20230116","occupation":"SM","channel":"MOCK","place":"ONLINE","gender":"MALE","ageRange":"45-54","experience":"EXPERIENCED"},"question":{"raw":{"text":"어 본사는 일을 하자 일을 하는 와중에 영어로 서류를 작성할 일이 많이 있어요 일을 하다가 영어로 서류를 잘 작성할 일이 생길 때 영어로 서류를 작성하실 수 있으신지 어느 정도로 가능하신지 말씀해 주세요","wordCount":32},"emotion":[],"intent":[]},"answer":{"raw":{"text":"영어로 서류 작성이 가능하냐고 문의를 해 봤습 해 주셨는데요. 저의 경우는 중국 상해에서 일본어학을 전공을 했습니다. 총 오 년간 유학 생활을 했었고요. 그 당시에 중국어와 일본어만 한 것이 아니라 나중에라도 어떠한 일을 할 때에도 영어는 꼭 필수적인 부분이라고 생각을 했었기 때문에 캐나다 밴쿠버에 어학연수를 다녀왔습니다. 따라서 이 입사한 이후에 계속 해외 영업 관련된 업무를 진행을 했었기 때문에 대화는 대부분 중국어로 중국어나 일본어를 사용을 했었지만 실질적으로 제가 중화권을 맡았던 혹은 일본 유럽 쪽을 맡았을 때 이메일은 다 영어로 발송을 하거나 받았습니다. 그래야 제 상사나 그 이후에 동료들과 공유를 진행을 할 때 번역을 한 번 더 하는 이중적인 일을 하지 않아도 되었기 때문이었습니다. 따라서 지금까지 해외 영업 중화권 위주로 어 커리어를 쌓아왔지만 영어로 서류 작성은 가장 기본 중의 기본이라고 생각을 합니다. 따라서 저는 영어로 서류 작성이 가능합니다.","wordCount":125},"emotion":[{"text":"저의 경우는 중국 상해에서   일본어학을 전공을 했습니다.","expression":"u-fact","category":"neutral"},{"text":"총 오 년간 유학 생활을 했었고요.","expression":"u-fact","category":"neutral"}],"intent":[{"text":"","expression":"","category":"attitude"}],"summary":{"text":"영어로 서류 작성이 가능하다고 문의를 해 봤습니다. 저는 중국 상해에서 일본어학을 전공하고 오 년간 유학 생활을 했습니다. 그래서 해외 영업 업무를 진행할 때 대화는 대부분 중국어로, 일본어를 사용했습니다. 상사나 그 이후에 동료들과 공유를 할 때 번역을 한 번 더 하는 이중적인 일을 하지 않아도 되었기 때문입니다.","wordCount":46}}},"rawDataInfo":{"question":{"fileFormat":"wav","fileSize":661198,"duration":20660,"samplingBit":16,"channelCount":1,"samplingRate":"16kHz","audioPath":"/Mock/02.SalesMarketing/Male/Experienced/ckmk_q_sm_m_e_105506.wav"},"answer":{"fileFormat":"wav","fileSize":2615118,"duration":81720,"samplingBit":16,"channelCount":1,"samplingRate":"16kHz","audioPath":"/Mock/02.SalesMarketing/Male/Experienced/ckmk_a_sm_m_e_105506.wav"}}}