{"version":"1.0","dataSet":{"info":{"date":"20230116","occupation":"SM","channel":"MOCK","place":"ONLINE","gender":"MALE","ageRange":"55-","experience":"EXPERIENCED"},"question":{"raw":{"text":"최근 사회가 고령화 사회로 가면서 치매로 인한 문제가 많이 대두되고 있습니다 이에 대해 건보 공단이 하는 일과 개선할 방안에 대해 말씀해 주실 수 있으실까요","wordCount":24},"emotion":[],"intent":[]},"answer":{"raw":{"text":"요즘 고령화 사회로 가면서 치매로 인한 문제가 많이 대두되고 있는데 이에 대해 건보 공단이 하는 일과 개선할 방안에 대해 말씀해 주세요. 네 요즘 사회는 고령화로 가는 사회입니다. 그리고 또한 치매로 인한 문제가 많이 발생되고 있습니다. 나이가 들면은 아 치매로까지 연결이 되는 것이 상당히 큰 사회의 문제라고 볼 수가 있습니다. 그런 부분에서 우리 사회에 그 문제를 해결하는 방법은 어 정부에서 주로 해결해야 될 것이라고 생각을 하고 있습니다. 건보 공단이 하는 일과 개선할 방안은 어 건강보험 어 공단에서 주로 해야 될 거는 아 노령자와 또 하나 소외 받는 그런 사람들을 위해서 일을 더 해야 될 것으로 생각하고 있습니다. 아 개선할 방법들은 어 구체적으로 어 디테일하게 우리가 설정을 해야 된다고 생각합니다, 그런 부분에서 정부의 노력과 아 또한 홍보의 노력 그리고 또한 어 공무원들의 그러한 노력이 더욱더 중요하다고 할 수 있습니다, 그런 부분에 더욱더 중요한 부분입니다.","wordCount":132},"emotion":[],"intent":[{"text":"","expression":"","category":"attitude"}],"summary":{"text":"요즘 고령화 사회로 가면서 치매로 인한 문제가 많이 대두되고 있는데 이에 대해 건보 공단이 하는 일과 개선할 방안에 대해 말씀해 보세요. 고령화로 인한 치매로의 연결이 큰 사회문제이기 때문에 정부에서 주로 해결해야 될 것이라고 생각합니다. 건보공단은 노령자와 소외 받는 사람들을 위해서 일을 더 해야 될 것으로 생각합니다.","wordCount":46}}},"rawDataInfo":{"question":{"fileFormat":"wav","fileSize":460878,"duration":14400,"samplingBit":16,"channelCount":1,"samplingRate":"16kHz","audioPath":"/Mock/02.SalesMarketing/Male/Experienced/ckmk_q_sm_m_e_229003.wav"},"answer":{"fileFormat":"wav","fileSize":2974158,"duration":92940,"samplingBit":16,"channelCount":1,"samplingRate":"16kHz","audioPath":"/Mock/02.SalesMarketing/Male/Experienced/ckmk_a_sm_m_e_229003.wav"}}}