{"version":"1.0","dataSet":{"info":{"date":"20230116","occupation":"SM","channel":"MOCK","place":"ONLINE","gender":"MALE","ageRange":"35-44","experience":"EXPERIENCED"},"question":{"raw":{"text":"지원자께서는 본인이 직무 지원한 직무 쎄일즈맨은 무엇이라고 생각하는지 설명 부탁드리겠습니다","wordCount":10},"emotion":[],"intent":[]},"answer":{"raw":{"text":"제가 과거에 연극을 한 번 봤던 적이 있는데요. 그 연극 그 연극 같은 경우에는 세일즈 맨의 비애라는 그런 연극이었었습니다. 매일 돌아다니면서 다른 사람들에게 내가 가지고 있는 프로덕트들을 이야기하고 제시하고 또 그리고 발로 뛰는 그런 모습들을 보면서 따라 할 때도 있었지만 저는 저런 직무가 좀 저와 잘 맞는다 라는 생각도 했었습니다. 왜냐하면 이 부분은 제가 가지고 있는 업무적인 특성 때문인데요. 저 같은 경우에는 하루 종일 앉아서 컴퓨터 작업을 하는 부분보다는 직접 발로 뛰면서 사람들을 설득하는 작업이 저한테 정말 잘 맞는 직업 중의 하나라고 생각하고 있습니다. 그런 부분은 과거에 이제 저희 어머니도 세일즈 부분에서 근무를 하셨었는데 어머니가 근무하시는 모습들을 보면서 저는 저의 롤 모델이라는 생각들을 많이 했었습니다. 나이가 많이 들어도 몸만 건강하다 라면은 내가 가지고 있는 업무 노하우들을 계속 차 계속 잘 활용할 수 있는 그런 특별한 직무라고 생각합니다.","wordCount":127},"emotion":[],"intent":[{"text":"제가 과거에 연극을 한 번 봤던 적이 있는데요.","expression":"c_private","category":"background"},{"text":"그 연극 그 연극 같은 경우에는 세일즈 맨의 비애라는 그런 연극이었었습니다.","expression":"c_private","category":"background"}],"summary":{"text":"세일즈 맨의 비애라는 연극을 본 적이 있습니다. 직접 발로 뛰면서 사람들을 설득하는 작업이 저한테 잘 맞는 직업 중의 하나라고 생각하고 있고, 어머니가 근무하시는 모습을 보면서 롤 모델이라는 생각들을 많이 했습니다. 나이가 들어도 업무 노하우들을 계속 차 계속 잘 활용할 수 있는 특별한 직무라고 생각합니다.","wordCount":44}}},"rawDataInfo":{"question":{"fileFormat":"wav","fileSize":470798,"duration":14710,"samplingBit":16,"channelCount":1,"samplingRate":"16kHz","audioPath":"/Mock/02.SalesMarketing/Male/Experienced/ckmk_q_sm_m_e_209579.wav"},"answer":{"fileFormat":"wav","fileSize":2715598,"duration":84860,"samplingBit":16,"channelCount":1,"samplingRate":"16kHz","audioPath":"/Mock/02.SalesMarketing/Male/Experienced/ckmk_a_sm_m_e_209579.wav"}}}