{"version":"1.0","dataSet":{"info":{"date":"20230116","occupation":"SM","channel":"MOCK","place":"ONLINE","gender":"MALE","ageRange":"55-","experience":"EXPERIENCED"},"question":{"raw":{"text":"남을 잘 이끄는 리더 형과 남을 잘 따르는 팔로워 형이 있습니다 어 그렇다면 본인은 어떤 유형인지 말씀해 주시고 이유와 함께 설명해 주시기 바랍니다","wordCount":23},"emotion":[],"intent":[]},"answer":{"raw":{"text":"남을 잘 이끄는 리더 형과 남을 잘 따르는 팔로워 형. 본인은 어떤 유형인지 이유는 무엇인지 설명해 주세요. 아 예 저는 어 리더 형에 가깝다고 생각을 합니다. 어떻게 보면은 어 예전에는 제가 그 좋은 선배들을 잘 따라서 지금의 이 모습이 되어 있다고 생각을 합니다. 하지만은 지금 중년이 되어서는 아 리더의 역할을 많이 해 왔고 비즈니스에서도 그러한 어 중 책임에 그러한 역할을 많이 해 오다 보니까 리더로서의 역할이 저에게는 참 맞다고 생각합니다. 그런 면에서 주어진 환경에 어 많은 일들을 맡겨 주신다면은 리더로서의 역할에 어떻게 보면은 가장 적합하다고 볼 수 있습니다. 그런 어 일들을 통하여서 어 최선을 다할 수 있도록 어 늘 노력하도록 하겠습니다. 또한 좋은 후배들을 만나서 그러한 팔로우 형이 될 수 있도록 또한 리더 형을 만들어 가는 그러한 직원들을 어 케어하고 그러한 직원들을 만들어가는 그런 일에도 제가 아 일가견이 있다고 생각합니다. 그런 면에서 리더로서의 역할이 참 중요하고 압으로도 어 리더로서의 역할 그리고 또한 리더를 만들어가는 그런 일에 최선을 다할 수 있도록 어 도움이 되고자 합니다. 아 귀한 아 시간입니다. 아 제가 지금 아 중년의 나이에 좋은 리더로서 많은 후배들에게 본이 될 수 있는 그러한 회사에도 유익을 끼치는 그러한 아 분야에 가장 적합한 사람이 될 수 있도록 또한 노력하고 어 최선을 다하도록 하겠습니다.","wordCount":191},"emotion":[],"intent":[{"text":"아 예 저는 어 리더 형에 가깝다고 생각을 합니다.","expression":"c_person","category":"background"}],"summary":{"text":"본인의 유형은 리더 형에 가깝다고 생각합니다. 예전에는 좋은 선배들을 잘 따라 지금의 모습이 되어 있다고 생각하며, 지금 중년이 되어서는 리더로서의 역할이 저에게는 참 맞다고 생각됩니다. 주어진 환경에 어 많은 일들을 맡겨 주신다면은 리더로서의 역할에 가장 적합하다고 볼 수 있습니다. 또한 좋은 후배들을 만나서 팔로우 형이 될 수 있도록 하고, 리더 형을 만들어 가는 일에 일가견이 있다고 생각합니다.","wordCount":57}}},"rawDataInfo":{"question":{"fileFormat":"wav","fileSize":504398,"duration":15760,"samplingBit":16,"channelCount":1,"samplingRate":"16kHz","audioPath":"/Mock/02.SalesMarketing/Male/Experienced/ckmk_q_sm_m_e_240457.wav"},"answer":{"fileFormat":"wav","fileSize":3673038,"duration":114780,"samplingBit":16,"channelCount":1,"samplingRate":"16kHz","audioPath":"/Mock/02.SalesMarketing/Male/Experienced/ckmk_a_sm_m_e_240457.wav"}}}