{"version":"1.0","dataSet":{"info":{"date":"20230116","occupation":"SM","channel":"MOCK","place":"ONLINE","gender":"MALE","ageRange":"35-44","experience":"EXPERIENCED"},"question":{"raw":{"text":"지원자님께서는 시간이 촉박한 상황이 생기면 어떻게 시간 관리를 하십니까 지원자님의 시간 관리법이 궁금합니다","wordCount":13},"emotion":[],"intent":[]},"answer":{"raw":{"text":"일상생활에서 시간이 촉박한 상황이 생기면 저는 바로 기존의 일상적인 루틴 생활들을 모두 축소하거나 변경합니다. 예를 들어서 저는 하루에 일곱 시간에서 여덟 시간 정도 수면을 취하는데 그 수면의 시간을 네 시간으로 줄입니다. 그리고 출퇴근 시간이 기본 왕복 두 시간에서 두 시간 반이 걸리는데 이것을 차량을 이용하여 한 시간 반으로 줄입니다. 그리고 운동하는 시간 하루에 한 시간에서 한 시간 반 정도를 십 분으로 줄이면 이렇게 줄이고 줄이면 일 주일에 약 삼십 시간에서 삼십 이 이 시간 정도의 여유 시간이 생깁니다. 그러면 이 주면 약 육십 시간에서 육십 오 시간 정도의 여유 시간이 생기고 이때 이 주 동안 밀어놨던 일들 또는 촉박한 일정이나 데드라인이 걸린 생산 관리 문제 같은 것들을 빠르게 해결합니다. 그렇게 해결을 하고 나서 다시 원상태인 원래의 일상으로 돌아 다시 돌아오게 됩니다.","wordCount":121},"emotion":[],"intent":[{"text":"","expression":"","category":"attitude"}],"summary":{"text":"저는 일상생활에서 시간이 촉박한 상황이 생기면 기존의 일상적인 루틴 생활들을 모두 축소하거나 변경합니다. 그리고 이 주 동안 밀어넣었던 일들 또는 촉박한 일정이나 생산 관리 문제 같은 것들을 빠르게 해결합니다. 그렇게 해결 후 원상태인 원래의 일상으로 돌아오게 됩니다.","wordCount":37}}},"rawDataInfo":{"question":{"fileFormat":"wav","fileSize":412238,"duration":12880,"samplingBit":16,"channelCount":1,"samplingRate":"16kHz","audioPath":"/Mock/02.SalesMarketing/Male/Experienced/ckmk_q_sm_m_e_182784.wav"},"answer":{"fileFormat":"wav","fileSize":1993678,"duration":62300,"samplingBit":16,"channelCount":1,"samplingRate":"16kHz","audioPath":"/Mock/02.SalesMarketing/Male/Experienced/ckmk_a_sm_m_e_182784.wav"}}}