{"version":"1.0","dataSet":{"info":{"date":"20230116","occupation":"SM","channel":"MOCK","place":"ONLINE","gender":"MALE","ageRange":"35-44","experience":"EXPERIENCED"},"question":{"raw":{"text":"여러 사람들과 함께 일을 하다 보면 갈등이 생기는 경우들이 있습니다 만약 일을 하던 도중에 팀원과 불화가 생긴다면 어떻게 해결을 하시겠습니까 지원자님만의 해결법과 그 이유에 대해서 말씀을 해 주세요","wordCount":28},"emotion":[],"intent":[]},"answer":{"raw":{"text":"여러 사람들이 함께 근무를 하다 보면 분명히 불화가 발생할 수 밖에 없습니다. 예를 들면 저는 여덟 명의 팀원들과 함께 프로젝트를 진행해 왔었던 경험이 있는데요. 지난해 여름이 너무 덥다 보니까 우리가 함께 프로젝트를 진행하다가 날씨로 인해서 서로 이제 기분이 조금 안 좋아지기도 했었고 체력적으로도 굉장히 저조해지는 그런 상황들이 생겼었습니다. 그런 상황이 생겼을 때 여러 팀원들이 함께 우리 지금 너무 다들 힘들지만 한 번 다시 한 번 힘을 내서 이겨내보자 라고 서로 으쌰으쌰하는 분위기가 생겼을 때 오히려 더 큰 좋은 시너지 효과가 나섰던 것 같습니다.","wordCount":83},"emotion":[{"text":"예를 들면 저는 여덟 명의 팀원들과 함께 프로젝트를 진행해 왔었던 경험이 있는데요.","expression":"u-fact","category":"neutral"}],"intent":[{"text":"예를 들면 저는 여덟 명의 팀원들과 함께 프로젝트를 진행해 왔었던 경험이 있는데요.","expression":"c_private","category":"background"}],"summary":{"text":"여러명이 함께 근무하면 불화가 발생할 수 밖에 없는데, 지난해 여름의 더위에 함께 근무했을 때 팀원들이 서로 으샤으샤하는 분위기가 생겼을 때 더 큰 시너지 효과가 나선 것 같습니다.","wordCount":27}}},"rawDataInfo":{"question":{"fileFormat":"wav","fileSize":605518,"duration":18920,"samplingBit":16,"channelCount":1,"samplingRate":"16kHz","audioPath":"/Mock/02.SalesMarketing/Male/Experienced/ckmk_q_sm_m_e_209576.wav"},"answer":{"fileFormat":"wav","fileSize":1849678,"duration":57800,"samplingBit":16,"channelCount":1,"samplingRate":"16kHz","audioPath":"/Mock/02.SalesMarketing/Male/Experienced/ckmk_a_sm_m_e_209576.wav"}}}