{"version":"1.0","dataSet":{"info":{"date":"20230116","occupation":"SM","channel":"MOCK","place":"ONLINE","gender":"MALE","ageRange":"35-44","experience":"EXPERIENCED"},"question":{"raw":{"text":"나만의 스트레스 해소법이 있는지 만약에 있다면 왜 그런 방법으로 스트레스를 해소하는지 지원자님께서 말씀해 주실 수 있겠습니까","wordCount":16},"emotion":[],"intent":[]},"answer":{"raw":{"text":"어 저의 스트레스 해소법에 대해서 말씀드리겠습니다. 이거는 지극히 개인적인 건데 어 저의 인제 스트레스 해소법은 일단 제일 일번으로 생각하는 것은 땀을 흘리는 겁니다. 뭐 찜질방에서 땀을 흘려도 되고 운동으로 땀을 흘려도 되는데 제일 좋은 방법은 운동으로 땀을 흘릴 때가 제일 스트레스 해소가 빨랐던 것 같습니다. 그러다 보니까 개인적으로는 이제 테니스라든지 이런 마라톤 같은 땀을 많이 흘릴 수 있는 그런 운동을 좀 선호하고 그때가 제일 어 땀을 흘리면서 그날 받았던 뭐 고민이라든지 걱정이라든지 이런 스트레스가 해소가 되면서 다시 리플래시가 되는 것 같습니다. 리플래시가 된 다음으로 내일 또 출근해서 또 하루를 또 보낼 수 있는 그런 힘을 얻는 것 같고 두 번째로 좀 여유가 있거나 할 경우에는 뭐 영화 시청이라든지 예능 시청 이런 것도 좋아하고 또한 이제 또 독서를 좀 꾸준히 하려고 노력하고 있습니다. 또 독서 하면서도 또 책에서 얻는 그런 지혜와 방법들이 분명히 효율적인 걸 알기 때문에 그러한 삼 세 가지의 방법을 이용해서 저는 이제 삼 박자 시스템이라고 하는데 그 부분이 제가 여가 시간이라든지 개인 시간이 있을 때 활용하는 스트레스 해소법이 되겠습니다. 이상입니다.","wordCount":162},"emotion":[],"intent":[{"text":"","expression":"","category":"attitude"}],"summary":{"text":"스트레스 해소법은 우선 운동으로 땀을 흘릴 때가 스트레스 해소가 제일 빨랐던 것 같습니다. 그러다 보니 운동을 좀 선호하고 그날 받았던 고민 등의 스트레스가 해소가 되면서 다시 리플래시가 되는 것 같았습니다. 다음으로 여유가 있거나 할 경우에는 영화나 예능 시청도 좋아하고 독서도 꾸준히 하고 있습니다. 삼 박자 시스템으로 여가 시간 등에 활용하는 스트레스 해소법이 되겠습니다.","wordCount":53}}},"rawDataInfo":{"question":{"fileFormat":"wav","fileSize":500558,"duration":15640,"samplingBit":16,"channelCount":1,"samplingRate":"16kHz","audioPath":"/Mock/02.SalesMarketing/Male/Experienced/ckmk_q_sm_m_e_139012.wav"},"answer":{"fileFormat":"wav","fileSize":2694798,"duration":84210,"samplingBit":16,"channelCount":1,"samplingRate":"16kHz","audioPath":"/Mock/02.SalesMarketing/Male/Experienced/ckmk_a_sm_m_e_139012.wav"}}}