{"version":"1.0","dataSet":{"info":{"date":"20230116","occupation":"SM","channel":"MOCK","place":"ONLINE","gender":"MALE","ageRange":"35-44","experience":"EXPERIENCED"},"question":{"raw":{"text":"회사에 들어온 후에 본인이 직접 해외 출장 장소를 선택할 수 있다면 지원자님께서는 어느 나라에 가서 일을 해보고 싶으신가요 그리고 왜 그 나라에 가서 꼭 일을 해보고 싶으신지도 말씀해 주세요","wordCount":29},"emotion":[],"intent":[]},"answer":{"raw":{"text":"네 해외 출장 부분에서 꼭 제가 일해보고 싶은 나라에 대해서 답변 드리겠습니다. 어 해외 출장 같은 해외 업무를 판단했을 때 일단 판단되는 나라가 한 세 군데 정도 판단이 되는 것 같습니다. 일단 세계적으로 가장 유망한 기업 가장 큰 기업들이 모여있는 미국이란 나라가 있을 것이고 두 번째는 땅 덩어리가 넓고 많은 인력으로 대처가 되는 중국이라는 나라 세 번째는 동남아 계열 이제 나라들이 될 것 같은데 어 우리나라에 비해서 인력비가 굉장히 저렴하기 때문에 가성비적으로 했을 때 굉장히 효과적일 것 같은 나라가 들이 될 것 같습니다. 네 저 같은 경우에는 회사에 이익 창출을 위해서 이 동남아 쪽을 진출을 해서 어 회사의 확장이라든지 이렇게 이제 생산과 관련된에서 많은 절약을 하게 되면은 회사의 이익이나 회사의 발전 오히려 그 돈으로 확보된 자금으로 더 확장할 수 있는 그런 기회도 있을 것 같고 그래서 저는 이제 동남아 쪽으로 이제 진출을 해서 어 영업을 하거나 업무를 하게 되면은 효과적일 것 같습니다. 이상입니다.","wordCount":143},"emotion":[],"intent":[{"text":"","expression":"","category":"attitude"}],"summary":{"text":"해외 업무를 판단했을 때 판단되는 나라는 미국, 중국, 동남아 계열인데 우리나라에 비해 인력비가 저렴하기 때문에 가성비적으로 효과적일 것 같은 나라들이 될 것 같습니다. 저 같은 경우에는 동남아 쪽을 진출을 해서 이익을 창출하거나 영업을 하거나 업무를 하게 되면은 효과적이라고 생각합니다.","wordCount":39}}},"rawDataInfo":{"question":{"fileFormat":"wav","fileSize":567758,"duration":17740,"samplingBit":16,"channelCount":1,"samplingRate":"16kHz","audioPath":"/Mock/02.SalesMarketing/Male/Experienced/ckmk_q_sm_m_e_215304.wav"},"answer":{"fileFormat":"wav","fileSize":2570958,"duration":80340,"samplingBit":16,"channelCount":1,"samplingRate":"16kHz","audioPath":"/Mock/02.SalesMarketing/Male/Experienced/ckmk_a_sm_m_e_215304.wav"}}}