{"version":"1.0","dataSet":{"info":{"date":"20230116","occupation":"SM","channel":"MOCK","place":"ONLINE","gender":"MALE","ageRange":"35-44","experience":"EXPERIENCED"},"question":{"raw":{"text":"지원자님께서 생각하시기에 우리 회사가 해외 무대로 진출을 하게 된다면 어느 나라로 진출하는 것이 좋을 것 같다고 생각하시나요 이유도 함께 말씀해 주시기 바랍니다","wordCount":22},"emotion":[],"intent":[]},"answer":{"raw":{"text":"어 해외 진출 부분에서는 인제 그 부분에 대해서는 제가 틈틈히 생각하는 부분입니다. 어 우리나라에서의 발전은 한계가 있다고 생각하고 어 파 그 판매에 대한 파이를 넓히기 위해서는 세계 진출은 꼭 필요한 부분입니다. 어 제가 장단점이 있었 건데 이 동남아 계열 쪽은 이제 뭐 진출해서 이제 사업소가 생기게 되면은 어 저렴한 인력비가 제일 장점이 될 것 같고 그 부분에 대해서는 당연히 회사의 이익이나 이익 창출이나 이런 부분에서는 동남아 뭐 필리핀 뭐 베트남 뭐 이런 쪽이 적당할 것 같고 또 인제 완전히 회사의 어 발전이나 뭐 비전 이런 부분에 대해서 개발 이런 부분에 대해서 많이 뭐 피드백을 받거나 서비스에 대한 배울 것들에 대해서는 이제 유럽 쪽이 미국이나 프랑스 이런 곳에 대해서 진출하게 되면은 그 유명한 어 세계 최고의 기업들에 대한 것에 되어서 어떻게 진행되는지에서 배울 수 있는 그런 단계에 대한 장점이 있을 것 같습니다. 어 그래서 어디를 진출하든가에는 일단은 도전이 필요할 것 같고 그에 따른 어 노력과 결과물이 필요할 것 같습니다. 네 이상입니다.","wordCount":150},"emotion":[],"intent":[{"text":"","expression":"","category":"attitude"}],"summary":{"text":"우리나라에서의 발전은 한계가 있다고 생각하고 판매에 대한 파이를 넓히기 위해서는 세계 진출은 꼭 필요한 부분입니다. 동남아 계열은 저렴한 인력비가 장점이 될 수 있고, 유럽 쪽은 세계 최고의 기업들에서 배울 수 있는 장점이 될 수 있습니다. 어디에 진출하든지 도전이 필요할 것이며 그에 따른 노력과 결과물이 필요합니다.","wordCount":45}}},"rawDataInfo":{"question":{"fileFormat":"wav","fileSize":620238,"duration":19380,"samplingBit":16,"channelCount":1,"samplingRate":"16kHz","audioPath":"/Mock/02.SalesMarketing/Male/Experienced/ckmk_q_sm_m_e_101738.wav"},"answer":{"fileFormat":"wav","fileSize":2822798,"duration":88210,"samplingBit":16,"channelCount":1,"samplingRate":"16kHz","audioPath":"/Mock/02.SalesMarketing/Male/Experienced/ckmk_a_sm_m_e_101738.wav"}}}