{"version":"1.0","dataSet":{"info":{"date":"20230116","occupation":"SM","channel":"MOCK","place":"ONLINE","gender":"MALE","ageRange":"35-44","experience":"EXPERIENCED"},"question":{"raw":{"text":"상사가 회사의 이익에 반하는 행동을 직접 목격한다면 그때 어떻게 행동하실 생각입니까","wordCount":11},"emotion":[],"intent":[]},"answer":{"raw":{"text":"상급자가 회사의 이익에 반대되는 행동을 제가 목격했다면은 그 부분에서 어떻게 대응할지에 대해서 답변 드리겠습니다. 일단 그 상급자의 의도를 먼저 알아볼 것 같습니다. 그 상급자가 어떤 의도로 그런 일을 했는지 그 우선 사정이 있을 수도 있을 것이고 아니면 요번에는 이익에 반대되지만 다음번에 극대화되는 이익을 창출할 수 있는 내용일 수도 있기 때문에 그 의도로 확인 했는데 그래도 이거 도저히 납득이 되지 않는 행동이다고 판단이 되면 과감하게 지이브에 보고 후에 조치를 받아야 할 것 같습니다. 결국 여기에 목적은 회사의 이익을 창출하는 게 목적인데 회사의 회사의 이익이 반대되는 행동이 나왔다는 것은 그만한 이유가 있을 것이고 그것을 조치하기 위해서는 그만한 대가도 있어야 서로 판단하기 때문에 이거는 적시 적소하게 보고해서 대응할 수 있어야 할 것 같습니다. 그래서 내 힘으로 안 될 것 같으면 충분히 또는 조치를 받아서 회사 차원에서 조치를 충분히 취해야 하는 내용이 될 것 같습니다. 이상입니다.","wordCount":132},"emotion":[],"intent":[{"text":"","expression":"","category":"attitude"}],"summary":{"text":"회사의 이익을 창출하는 게 목적인데 회사 이익에 반대되는 행동을 한 것은 그만한 이유가 있을 것이고 조치하기 위해서는 그만한 대가도 있어야 서로 판단하기 때문에 이건 적시 적소하게 보고해서 대응할 수 있어야 할 것 같습니다.","wordCount":33}}},"rawDataInfo":{"question":{"fileFormat":"wav","fileSize":327758,"duration":10240,"samplingBit":16,"channelCount":1,"samplingRate":"16kHz","audioPath":"/Mock/02.SalesMarketing/Male/Experienced/ckmk_q_sm_m_e_217012.wav"},"answer":{"fileFormat":"wav","fileSize":2644558,"duration":82640,"samplingBit":16,"channelCount":1,"samplingRate":"16kHz","audioPath":"/Mock/02.SalesMarketing/Male/Experienced/ckmk_a_sm_m_e_217012.wav"}}}