{"version":"1.0","dataSet":{"info":{"date":"20230116","occupation":"SM","channel":"MOCK","place":"ONLINE","gender":"MALE","ageRange":"35-44","experience":"EXPERIENCED"},"question":{"raw":{"text":"본인이 지금까지 살면서 이룬 성과 중 가장 큰 성과는 무엇입니까","wordCount":10},"emotion":[],"intent":[]},"answer":{"raw":{"text":"어 제가 지금까지 이룬 성과라고 하자면 뭐 여러 가지가 있을 것 같은데 일단은 제일 생각나는 거는 일단 가정을 꾸리고 어 딸과 아들 해서 네 가족으로 지금 지내고 있는데 어 제일 빨리 선택하고 빨리 결정을 해서 어 지금 좀 안정적인 인제 가정이 됐다 그렇게 생각하고 있습니다. 그래서 그 성과이면서 앞으로 더 노력해야 할 과제이기 때문에 그런 부분들이 좀 성과일 것 같고 또한 제가 이제 스무 살이 넘어서 바로 독립을 하다 보니 부모님께 뭐 손을 벌린다든지 뭐 이런 부분에 대해서 일절 없었던 것 같습니다. 지금까지 이제 독립한 후에 안정적으로 이렇게 사회적으로 지위도 얻으면서 자리를 잡았던 것들이 어떻게 보면 요즘 같은 시대에 힘든 일이라고 생각하는데 그런 부분을 잘 극복하고 지금까지 더 성장 할 수 있었던 그런 독립적인 자세들이 어떻게 보면 제가 이룬 성과 중 가장 큰 성과이지 않을까 싶습니다. 네 이상입니다.","wordCount":128},"emotion":[],"intent":[{"text":"","expression":"","category":"attitude"}],"summary":{"text":"제가 이룬 성과 중 가장 큰 성과라고 한다면 우선 가정을 꾸린 것입니다. 딸과 아들 해서 네 가족으로 지금 지내고 있는데 빨리 선택하고 빨리 결정을 해서 안정적인 가정이 됐다 이렇게 생각하고 있습니다.","wordCount":31}}},"rawDataInfo":{"question":{"fileFormat":"wav","fileSize":250958,"duration":7840,"samplingBit":16,"channelCount":1,"samplingRate":"16kHz","audioPath":"/Mock/02.SalesMarketing/Male/Experienced/ckmk_q_sm_m_e_184812.wav"},"answer":{"fileFormat":"wav","fileSize":2665038,"duration":83280,"samplingBit":16,"channelCount":1,"samplingRate":"16kHz","audioPath":"/Mock/02.SalesMarketing/Male/Experienced/ckmk_a_sm_m_e_184812.wav"}}}