{"version":"1.0","dataSet":{"info":{"date":"20230116","occupation":"SM","channel":"MOCK","place":"ONLINE","gender":"MALE","ageRange":"45-54","experience":"EXPERIENCED"},"question":{"raw":{"text":"마케팅 홍보 광고 기획 이 세 가지는 매우 비슷한데요 이 세 가지의 차이점은 무엇이라고 생각하시는지 지원자님의 생각이 궁금합니다","wordCount":18},"emotion":[],"intent":[]},"answer":{"raw":{"text":"마케팅 홍보 광고 계획의 차이점은 무엇인가 라고 문의를 하셨는데 먼저 마케팅은 영업을 하기 이전에 어떻게 하면 어 영업을 잘 할 수 있는지 부분에 대해서 기획을 하는 개념이라고 생각을 합니다. 따라서 마케팅에서 중요한 부분은 이 제품의 현재 포지션이 그리고 타겟팅 관련된 부분이 어 주가 될 것이라고 생각을 합니다. 홍보에 관련된 부분은 이러한 계획을 짜서 어떤 식의 계획을 에 제품을 마케팅을 통해서 상하 상품 기획을 했다면 이 제품을 어떤 식으로 코머셜 광고를 통해서 아니면 내 홍보를 할 것인지 알려서 어 지명도를 높일 것인지 그것이 어떠한 라디오를 할려 할 것인지 온라인으로 할 것인지 여러 가지 방안들에 대해서 대중들한테 타겟 대상자들을 아이에게 선전을 하는 부분이라고 할 수 있겠습니다. 마지막으로 광고 기획은 이 제품이 이 서비스 제품이나 서비스를 광고를 해야 되는데요. 이 광고 같은 경우를 어 티비나 이런 거 아니면 모바일이나 그 이외에 타겟 관련된 부분들로 해 어떤 것을 타겟 수도 할 건지에 대한 기획을 하는 것이라 할 수 있겠습니다.","wordCount":145},"emotion":[],"intent":[{"text":"","expression":"","category":"attitude"}],"summary":{"text":"마케팅은 영업을 하기 전에 어떻게 하면 영업을 잘 할 수 있는지에 대해서 기획을 하는 개념이라고 생각을 합니다. 따라서 마케팅에서 중요한 부분은 이 제품의 현재 포지션이 그리고 타겟팅 관련된 부분이 주가 될 것이라고 생각합니다.","wordCount":33}}},"rawDataInfo":{"question":{"fileFormat":"wav","fileSize":471438,"duration":14730,"samplingBit":16,"channelCount":1,"samplingRate":"16kHz","audioPath":"/Mock/02.SalesMarketing/Male/Experienced/ckmk_q_sm_m_e_105503.wav"},"answer":{"fileFormat":"wav","fileSize":2733198,"duration":85410,"samplingBit":16,"channelCount":1,"samplingRate":"16kHz","audioPath":"/Mock/02.SalesMarketing/Male/Experienced/ckmk_a_sm_m_e_105503.wav"}}}