{"version":"1.0","dataSet":{"info":{"date":"20230116","occupation":"SM","channel":"MOCK","place":"ONLINE","gender":"MALE","ageRange":"-34","experience":"EXPERIENCED"},"question":{"raw":{"text":"어 우리 회사에 들어오게 된다면 가장 가고 싶은 부서 그리고 그 부서를 왜 가야 하는지 이유도 함께 말씀해 주세요","wordCount":19},"emotion":[],"intent":[]},"answer":{"raw":{"text":"제가 입사를 하게 된다면 저는 영업 관리 부서에서 일을 하고 싶습니다. 제가 이전에 제약회사에서 이 년 정도 일을 했었고 보험회사에서 삼 년 정도 영업직으로 일을 했었는데 이때는 제가 직접 영업을 했었습니다. 영업을 하면서 제가 배웠던 노하우나 기술들을 제가 영업 관리직으로 일을 하면서 후배들에게 전수하고 싶다는 생각을 하게 되었습니다. 그리고 제가 군대에서도 장교로 근무를 하면서 많은 사람들을 이끌어 봤고 관리해 봤던 경험이 있기 때문에 제가 지금까지 배웠던 영업 노하우와 장교를 하면서 배웠던 저의 리더십을 잘 활용한다면 영업 관리직이 잘 맞겠다 라는 생각을 하였습니다.","wordCount":82},"emotion":[{"text":"제가 이전에 제약회사에서 이 년 정도 일을 했었고 보험회사에서 삼 년 정도 영업직으로 일을 했었는데 이때는 제가 직접 영업을 했었습니다.","expression":"u-fact","category":"neutral"}],"intent":[{"text":"제가 이전에 제약회사에서 이 년 정도 일을 했었고 보험회사에서 삼 년 정도 영업직으로 일을 했었는데 이때는 제가 직접 영업을 했었습니다.","expression":"c_private","category":"background"}],"summary":{"text":"저는 제약회사, 보험회사, 군대 등에서 배웠던 영업 노하우나 기술을 영업 관리직으로 일을 하면서 후배들에게 전수하고 싶습니다. 그리고 지금까지 배웠던 노하우와 리더십을 잘 활용하면 영업 관리직이 잘 맞겠다는 생각을 했습니다.","wordCount":29}}},"rawDataInfo":{"question":{"fileFormat":"wav","fileSize":339278,"duration":10600,"samplingBit":16,"channelCount":1,"samplingRate":"16kHz","audioPath":"/Mock/02.SalesMarketing/Male/Experienced/ckmk_q_sm_m_e_211862.wav"},"answer":{"fileFormat":"wav","fileSize":2460238,"duration":76880,"samplingBit":16,"channelCount":1,"samplingRate":"16kHz","audioPath":"/Mock/02.SalesMarketing/Male/Experienced/ckmk_a_sm_m_e_211862.wav"}}}