{"version":"1.0","dataSet":{"info":{"date":"20230116","occupation":"SM","channel":"MOCK","place":"ONLINE","gender":"MALE","ageRange":"35-44","experience":"EXPERIENCED"},"question":{"raw":{"text":"일을 하게 되면 자료를 문서화 하게 될 일이 많습니다 이때 문서화 작업이 왜 필요하다고 생각하시는지 말씀해 주세요","wordCount":17},"emotion":[],"intent":[]},"answer":{"raw":{"text":"네 업무를 하다 보면 모든 자료를 문서화하고 또 문서화 해 놓은 것이 저장이 되고 또 그 문서를 어떻게 활용해 하고 또 필요한 부분이 무엇인지에 대해서 한번 답변 드리도록 하겠습니다. 어 문서화 한다는 것은 눈에 보기 좋게 보고서화 시키고 또 그 부분은 항상 인터넷에서 어떻게 산에 이제 사이트에서 어 계속 저장이 돼 갈 겁니다. 이렇게 저장이 돼가면 수없이 몇 년 전에 문서가 되고 십 년 전에 문서가 되고 이렇게 점점 뒤로 밀리면서 그런 문서 하나 하나가 아 이 회사에 우리 기업의 보물이 될 수도 있을 것이고 또 역사가 될 수 있다고 생각합니다. 그리고 가장 임시계에서 제일 중요하고 빨리 할 수 있는 방법은 기존 전임자가 어떤 문서를 만들었고 어 그 문서 내용에 무엇이 녹아들어있는가를 확인해 오면은 아 내가 해야 할 일이 무엇인가 구나도 제일 빨리 판단이 있었던 것 같습니다. 그래서 제일 쉬운 거는 말로 때우면 제일 좋긴 합니다. 뭐 보고 할 일을 꼭 굳이 문서화해서 보고서 안 만들고 어 이렇게 말하는 언변으로 해결할 수도 있는데 이렇게 문서화를 시켜 놔야 나중에 본인도 또 그 네이 그 때 어떻게 했었지 어떻게 줄지 했을지 이거를 고민하다 보면 문서를 열어보면 답이 있을 것이고 하기 때문에 문서화 작업이 꼭 필요하다고 생각을 합니다. 그리고 더 그 문서는 간결하고 핵심만 들어있게끔 그렇게 문서화 작업이 이루어지지 않아야 하나 생각해보고 있습니다. 네 이상입니다.","wordCount":202},"emotion":[],"intent":[{"text":"","expression":"","category":"attitude"}],"summary":{"text":"업무 중에 문서화 한 것은 눈에 보이게 보고서화 시키고 저장이 되면 기업의 보물이 될 수 있고 역사가 될 수 있습니다. 임시계에서 가장 중요하고 빨리 할 수 있는 것은 말로 때우는 것 같습니다. 보고 할 일을 문서화해서 보고서 안 만들고 언변으로 해결할 수도 있는데 문서화를 시켜 놔야 나중에 본인이 어떻게 했는지 어떻게 줄지 했는지 할 수 있기 때문에 문서화 작업이 꼭 필요합니다.","wordCount":61}}},"rawDataInfo":{"question":{"fileFormat":"wav","fileSize":291918,"duration":9120,"samplingBit":16,"channelCount":1,"samplingRate":"16kHz","audioPath":"/Mock/02.SalesMarketing/Male/Experienced/ckmk_q_sm_m_e_229801.wav"},"answer":{"fileFormat":"wav","fileSize":3612238,"duration":112880,"samplingBit":16,"channelCount":1,"samplingRate":"16kHz","audioPath":"/Mock/02.SalesMarketing/Male/Experienced/ckmk_a_sm_m_e_229801.wav"}}}