{"version":"1.0","dataSet":{"info":{"date":"20230116","occupation":"SM","channel":"MOCK","place":"ONLINE","gender":"MALE","ageRange":"35-44","experience":"EXPERIENCED"},"question":{"raw":{"text":"만약 지원자님께서 직접 해외 출장 장소를 선택할 수 있다면 꼭 한 번 가서 일해보고 싶은 나라가 있습니까","wordCount":17},"emotion":[],"intent":[]},"answer":{"raw":{"text":"네 제가 직접 해외 출장 장소를 선택할 수 있다면 제가 가고 싶은 곳은 일본입니다. 일본 사람들과 직접적으로 저는 일을 별로 해본 적이 없지만 옆에서 일본 사람들을 봤을 때 그 일본 사람들의 꼼꼼함과 그 디테일함은 정말 제가 깜짝 놀랐습니다. 제가 그 부분에 대해서는 항상 정말 일본의 장인 정신과 비슷할 정도로 그런 부분들을 조금 배워와서 제가 부족했던 그런 일적인 부분을 조금 수정하거나 제가 받아들일 수 있는 부분을 받아들이고 하면 정말 좋을 것 같다고 생각을 하고 일본인들의 그 조직 그 관리 체계라든지 이런 부분들이 너무 확실해서 그런 분들을 좀 벤치 마킹 하고 싶습니다.","wordCount":90},"emotion":[],"intent":[{"text":"","expression":"","category":"attitude"}],"summary":{"text":"직접 해외 출장 장소를 고를 수 있다면 일본을 가보고 싶습니다. 일본 사람들의 꼼꼼함과 디테일함에 놀라고, 일본의 장인 정신과 비슷한 부분을 배워와서 수정하거나 받아들일 수 있는 부분을 받아들이면 좋겠습니다.","wordCount":28}}},"rawDataInfo":{"question":{"fileFormat":"wav","fileSize":400718,"duration":12520,"samplingBit":16,"channelCount":1,"samplingRate":"16kHz","audioPath":"/Mock/02.SalesMarketing/Male/Experienced/ckmk_q_sm_m_e_242769.wav"},"answer":{"fileFormat":"wav","fileSize":1505998,"duration":47060,"samplingBit":16,"channelCount":1,"samplingRate":"16kHz","audioPath":"/Mock/02.SalesMarketing/Male/Experienced/ckmk_a_sm_m_e_242769.wav"}}}