{"version":"1.0","dataSet":{"info":{"date":"20230116","occupation":"SM","channel":"MOCK","place":"ONLINE","gender":"MALE","ageRange":"35-44","experience":"EXPERIENCED"},"question":{"raw":{"text":"고객의 불만이나 클레임을 해결한 경험이 있어요 그리고 그걸 어떻게 대처하셨을까요","wordCount":10},"emotion":[],"intent":[]},"answer":{"raw":{"text":"어 제가 생각했을 때 이제 과거에 고객에 대한 불만 뭐 민원 클레임 여러 가지 경험에 대해서 말씀드리고 답변 드리겠습니다. 일단 고객들의 불만이나 이런 민원 클레임에 대한 문제는 저희가 가져가야 할 과제이고 또 어떻게 극복하고 현명하게 해야 할지에 대한 고민은 지속적으로 이루어야 한다고 생각합니다. 어 일단 고객들의 불만은 대부분은 자기들의 뭐 보상이라든지 어느 정도 뭐 이렇게 보상 절차가 있었으면 좋겠다가 구십 프로는 차지할 것 같습니다. 그 부분에서 회사의 이익을 최소화시키면서 가장 효율적으로 보상해주고 그 불만에 대한 그 해소가 제일 중요할 것 같습니다. 여기서 중점은 그런 고객들도 다 우리의 고객이고 그런 불만이 많은 고객이 해결이 안 됐을 시에 그 안 좋은 이미지로 보이는 것들의 파급력은 어마어마하다고 생각합니다. 그런 부분에 있어서 고객의 불만이나 그런 보상 절차에 대해서 가장 먼저 적시하고 해결해 준다고 하면은 그 부분에 대한 문제는 해결이 되었던 것 같습니다. 이상입니다.","wordCount":129},"emotion":[],"intent":[{"text":"그런 부분에 있어서 고객의 불만이나 그런 보상 절차에 대해서 가장 먼저 적시하고 해결해 준다고 하면은 그 부분에 대한 문제는 해결이 되었던 것 같습니다.","expression":"c_adp","category":"personality"}],"summary":{"text":"과거의 고객에 대한 불만과 민원 클레임 경험들에 대해 답변 드리겠습니다. 고객 불만에 대한 문제는 저희가 가져가야 할 과제이고, 어떻게 극복하고 현명하게 해야 할지에 대한 고민은 지속적으로 해야 한다고 생각합니다. 불만이나 보상 절차에 대해서 가장 먼저 적시하고 해결해 준다면 그 부분에 대한 문제는 해결이 되었던 것 같습니다.","wordCount":46}}},"rawDataInfo":{"question":{"fileFormat":"wav","fileSize":286478,"duration":8950,"samplingBit":16,"channelCount":1,"samplingRate":"16kHz","audioPath":"/Mock/02.SalesMarketing/Male/Experienced/ckmk_q_sm_m_e_214805.wav"},"answer":{"fileFormat":"wav","fileSize":2718158,"duration":84940,"samplingBit":16,"channelCount":1,"samplingRate":"16kHz","audioPath":"/Mock/02.SalesMarketing/Male/Experienced/ckmk_a_sm_m_e_214805.wav"}}}