{"version":"1.0","dataSet":{"info":{"date":"20230116","occupation":"SM","channel":"MOCK","place":"ONLINE","gender":"MALE","ageRange":"35-44","experience":"EXPERIENCED"},"question":{"raw":{"text":"본인이 생각하는 자신의 장점과 단점이 아닌 지원자님의 다른 주변 사람들이 생각하는 지원자님의 장단점을 모두 말씀해 주세요","wordCount":16},"emotion":[],"intent":[]},"answer":{"raw":{"text":"남들이 생각했을 때 저의 가장 큰 장점은 바로 추진력이 뛰어나고 문제 해결 능력이 뛰어나다는 것입니다. 어떤 문제에 봉착했을 때 저는 최선의 정책을 찾기보다는 차선의 정책 또는 차선의 솔루션이 무엇이 있을까를 고민을 합니다. 그렇게 하다 보면 어떤 문제도 해결이 되는 기미를 보이고 지금까지 제가 오십 개를 넘는 프로젝트를 성공했던 이유가 그런 부분이라고 합니다. 다만 저의 가장 큰 단점은 남들이 생각했을 때 생각보다 포기를 너무 빠르게 한다는 겁니다. 인내심이 어렸을 때부터 많이 결여되어 있어서 그런지 어떤 문제에 봉착했을 때 한 번 도전하고 그리고 안 되면 포기하고 좌절하고 무너지는 경향이 있습니다. 그러면서 저도 모르게 회의적인 모습으로 스스로 변하는 모습 땜에 사람들이 왜 이렇게 빨리 포기하냐 아직 포기하기엔 이르지 않냐 라는 핀잔을 많이 듣기도 합니다. 주변에 성공한 사업가들에 의하면 당신이 하는 일에 도전해서 실패한 건 실패가 아니라 성공으로 가기 위한 그냥 밑거름이고 하나의 과정일 뿐이다 라고 합니다. 그 과정을 겪은 사람만이 결국은 성공이 무엇인지 실패가 무엇인지를 깨닫는 거지 실패했다고 무조건 좌절하고 넘어지는 사람은 결국 성공이 뭔지를 모르는 패배자에 불과하다고 생각합니다.","wordCount":156},"emotion":[],"intent":[{"text":"다만 저의 가장 큰 단점은 남들이 생각했을 때 생각보다 포기를 너무 빠르게 한다는 겁니다.","expression":"c_person","category":"background"},{"text":"인내심이 어렸을 때부터 많이 결여되어 있어서 그런지 어떤 문제에 봉착했을 때 한 번 도전하고   그리고 안 되면 포기하고 좌절하고 무너지는 경향이 있습니다.","expression":"c_person","category":"background"}],"summary":{"text":"성공했던 이유는 추진력과 문제 해결 능력이 뛰어난 추진력 덕분입니다. 하지만 포기를 너무 빠르게 하는 것이 단점입니다. 주변에서는 실패가 성공의 밑거름이라고 합니다. 그 과정을 겪은 사람만이 성공이 무엇인지 실패가 무엇인지를 깨닫는 것이지, 실패했다고 무조건 좌절하고 넘어지는 사람은 성공이 뭔지를 모르는 패배자라고 생각합니다.","wordCount":41}}},"rawDataInfo":{"question":{"fileFormat":"wav","fileSize":440398,"duration":13760,"samplingBit":16,"channelCount":1,"samplingRate":"16kHz","audioPath":"/Mock/02.SalesMarketing/Male/Experienced/ckmk_q_sm_m_e_178714.wav"},"answer":{"fileFormat":"wav","fileSize":2672718,"duration":83520,"samplingBit":16,"channelCount":1,"samplingRate":"16kHz","audioPath":"/Mock/02.SalesMarketing/Male/Experienced/ckmk_a_sm_m_e_178714.wav"}}}