{"version":"1.0","dataSet":{"info":{"date":"20230116","occupation":"SM","channel":"MOCK","place":"ONLINE","gender":"MALE","ageRange":"35-44","experience":"EXPERIENCED"},"question":{"raw":{"text":"만약에 상사가 업무와 무관한 일을 시키게 된다면 그것을 잘 수행할 것인가요 아니면 수행하지 않으실 건가요","wordCount":15},"emotion":[],"intent":[]},"answer":{"raw":{"text":"상사가 업무와 전혀 무관한 일을 시키더라도 일단은 먼저 업무를 수행하겠습니다. 왜냐하면 이 업무가 상사와 관련된 일인지 아니면 회사와 관련된 일인지 파악하는 데 시간이 걸리기 때문에 일단은 먼저 업무를 수행하고 나서 다시 한 번 업무에 대해서 면밀히 파악합니다. 그런데 아무리 생각해도 이 업무가 회사와는 전혀 무관한 일이고 상사의 개인적인 업무라고 하면 저는 조용히 상사에게 다가가서 이 업무에 대해서 물어볼 것입니다. 누구 누구 부장님 이 업무는 회사와 전혀 무관하고 부장님의 개인적인 업무 같은데 왜 제가 이 일을 해야 되었나요 라고 물어보면 부장 부장님은 당연히 아무렇지 않다는 듯이 원래 이렇게 한다고 한 할 수도 있습니다. 그러면 저는 회사와 무관된 일을 하지 않는 사람으로서 저는 회사에 직원으로 월급을 받고 일하고 회사에 업무수행을 하게 되어 있습니다. 다음부터는 이런 일을 저에게 시키지 마시고 만약에 시키셔도 하지 않겠습니다. 이 번 일은 제가 그냥 한 번이니까 조용히 물러나지만 다음부터는 이 업무에 대해서 또 한 번 시키신다면 본부장이나 대표이사님에게 직접 보고 하겠습니다. 회사에는 회사 돈을 받고 일하는 직원이 있고 직원은 회사와 관련된 일을 하는 것이지 상사에 개인적인 업무를 하는 것이 아니기 때문입니다.","wordCount":163},"emotion":[],"intent":[{"text":"","expression":"","category":"attitude"}],"summary":{"text":"저는 회사와 무관한 일을 하지 않는 사람으로서 한 번 더 시킨다면 본부장이나 대표이사님에게 직접 보고할 것입니다.  직원은 회사와 관련된 일을 하는 것이지 상사에 개인적인 업무를 하는 것이 아니기 때문입니다.","wordCount":29}}},"rawDataInfo":{"question":{"fileFormat":"wav","fileSize":349518,"duration":10920,"samplingBit":16,"channelCount":1,"samplingRate":"16kHz","audioPath":"/Mock/02.SalesMarketing/Male/Experienced/ckmk_q_sm_m_e_197621.wav"},"answer":{"fileFormat":"wav","fileSize":2544718,"duration":79520,"samplingBit":16,"channelCount":1,"samplingRate":"16kHz","audioPath":"/Mock/02.SalesMarketing/Male/Experienced/ckmk_a_sm_m_e_197621.wav"}}}