{"version":"1.0","dataSet":{"info":{"date":"20230116","occupation":"SM","channel":"MOCK","place":"ONLINE","gender":"MALE","ageRange":"35-44","experience":"EXPERIENCED"},"question":{"raw":{"text":"창의성과 팀워크 중 더 중요한 것은 무엇이라고 생각하시나요 그렇게 생각하시는 이유에 대해서 근거도 함께 말씀해 주시길 바랍니다","wordCount":17},"emotion":[],"intent":[]},"answer":{"raw":{"text":"창의성과 팀워크 중 저는 단연 팀워크가 훨씬 더 중요하다고 생각합니다. 혼자서 일하는 스타트업이나 한 사람의 능력으로 인해서 엄청난 시너지를 내는 회사가 아니라면 모든 회사는 톱니바퀴처럼 유기적으로 움직여야 됩니다. 요즘은 아무리 뛰어난 창의성을 가진 소프트웨어 개발자나 판매 정책을 가진 사람조차도 혼자서 모든 업무를 할 수 없습니다. 즉 본인이 프론트엔드에서 엄청난 아이디어를 가지고 혼자 일을 한다고 한들 뒤에서 빽엔드나 또는 생산 품질 관리 서비스 마케팅 부서에서 지원이 안되면 높은 매출을 발생시킬 수가 없습니다. 모든 시스템이 그렇게 되어 있기 때문에 팀워크가 좋은 사람이 훨씬 더 오래 같이 일하고 시너지를 내기에는 최적화되어 있다고 생각합니다. 비록 실무에 역량이 좀 떨어지고 성과가 아주 좋지는 않더라도 항상 긍정적이고 인간적이고 인성이 뛰어난 사람 이런 사람들이 팀워크가 좋고 이런 팀워크가 좋은 사람은 어느 부서 어느 팀을 가거나 항상 필요로 하는 존재가 되고 항상 중간 이상은 한다고 생각하기 때문에 저는 무조건 팀워크가 창의성보다 훨씬 더 중요하다고 생각합니다.","wordCount":137},"emotion":[],"intent":[{"text":"창의성과 팀워크 중 저는 단연 팀워크가 훨씬 더 중요하다고 생각합니다.","expression":"c_cop","category":"personality"},{"text":"모든 시스템이 그렇게 되어 있기 때문에 팀워크가   좋은 사람이 훨씬 더 오래 같이 일하고 시너지를 내기에는 최적화되어 있다고 생각합니다.","expression":"c_cop","category":"personality"},{"text":"비록 실무에 역량이 좀 떨어지고 성과가 아주 좋지는 않더라도 항상 긍정적이고   인간적이고 인성이 뛰어난 사람 이런 사람들이 팀워크가 좋고 이런 팀워크가 좋은 사람은 어느 부서   어느 팀을 가거나 항상 필요로 하는 존재가 되고 항상 중간 이상은 한다고 생각하기 때문에 저는 무조건 팀워크가 창의성보다 훨씬 더 중요하다고 생각합니다.","expression":"c_cop","category":"personality"}],"summary":{"text":"팀워크가 좋은 사람이 오래 같이 일하고 시너지를 내기에는 최적화되어 있다고 생각합니다. 비록 실무에 역량이 좀 떨어지고 성과가 아주 좋지는 않더라도 항상 긍정적이고 인간적이고 인성이 뛰어난 사람 이런 사람들 이런 사람들 팀워크도 좋고 이런 사람들은 어느 부서 어느 팀을 가거나 항상 필요로 하는 존재가 되고 항상 중간 이상은 한다고 생각하기 때문입니다.","wordCount":50}}},"rawDataInfo":{"question":{"fileFormat":"wav","fileSize":613198,"duration":19160,"samplingBit":16,"channelCount":1,"samplingRate":"16kHz","audioPath":"/Mock/02.SalesMarketing/Male/Experienced/ckmk_q_sm_m_e_178721.wav"},"answer":{"fileFormat":"wav","fileSize":2510798,"duration":78460,"samplingBit":16,"channelCount":1,"samplingRate":"16kHz","audioPath":"/Mock/02.SalesMarketing/Male/Experienced/ckmk_a_sm_m_e_178721.wav"}}}