{"version":"1.0","dataSet":{"info":{"date":"20230116","occupation":"SM","channel":"MOCK","place":"ONLINE","gender":"MALE","ageRange":"45-54","experience":"EXPERIENCED"},"question":{"raw":{"text":"당신은 현대 사회에서 없어선 안 될 직업은 무엇이라고 생각합니까","wordCount":9},"emotion":[],"intent":[]},"answer":{"raw":{"text":"현대 사회에서 없어서는 안 될 직업은 무엇이라고 생각하느냐에 대한 부분은 제가 최근에 어머님이 병원에 다니 계시면서 느꼈던 부분 중의 하나인데요. 일반적으로 어 없 현대 사회에서 없어서는 안 될 직업 관련된 부분은 간병인이라고 생각합니다. 간병인 관련 물론 부모님이 병에 걸리셔서 병원에 입원을 하시게 된 경우에는 누구보다도 제 가족이 먼저 챙겨야 되는 건 맞다고 생각을 합니다. 가족이 모든 사람들이 가족이 다 부모님을 케어를 하게 된다면 문제는 없을 없겠지만 그렇지 않은 상황에서 누군가는 제가 해야 될 부분들을 챙겨야 된다고 생각을 하면 그 부분은 간병인이라고 생각을 하구요. 원래는 의사나 간호사가 그런 부분들을 해야 되는 부분 케어를 해야 되는 부분이지만 현실적으로는 그렇지 않은 경우가 많이 있습니다. 따라서 제가 생각하는 부분은 간병인들이 그런 부분들을 해 챙겨주는 부분들이 있어서 현대 사회에서는 없어서 안 될 직업이라고 생각합니다.","wordCount":119},"emotion":[],"intent":[{"text":"","expression":"","category":"attitude"}],"summary":{"text":"현대 사회에서 없어서는 안 될 직업과 관련된 부분은 간병인이라고 생각합니다. 원래는 의사나 간호사가 그런 부분들을 해야 되는 부분들을 해 챙겨주는 부분이 있지만 현실적으로는 그렇지 않은 경우가 많이 있기 때문에 현대 사회에서는 없어서 안 될 직업이라 생각합니다.","wordCount":36}}},"rawDataInfo":{"question":{"fileFormat":"wav","fileSize":319118,"duration":9970,"samplingBit":16,"channelCount":1,"samplingRate":"16kHz","audioPath":"/Mock/02.SalesMarketing/Male/Experienced/ckmk_q_sm_m_e_100644.wav"},"answer":{"fileFormat":"wav","fileSize":2758798,"duration":86210,"samplingBit":16,"channelCount":1,"samplingRate":"16kHz","audioPath":"/Mock/02.SalesMarketing/Male/Experienced/ckmk_a_sm_m_e_100644.wav"}}}