{"version":"1.0","dataSet":{"info":{"date":"20230116","occupation":"SM","channel":"MOCK","place":"ONLINE","gender":"MALE","ageRange":"45-54","experience":"EXPERIENCED"},"question":{"raw":{"text":"과도하게 실적 압박을 받을 경우 어떻게 대처할 것인지 설명해 보세요","wordCount":10},"emotion":[],"intent":[]},"answer":{"raw":{"text":"아니 상사가 없다니까요. 저는 상사가 없어요. 저예요 저. 그건 맞아요. 상사가 없고 저 제가 상사고 부하 직원이고 혼자 다 해 먹는데 실적에 대한 과도한 압박을 제가 저한테 하고 있어요. 웃기는 상황이죠 이게. 어떻게 대처하냐고 하면 모르겠어요. 그냥 우선 열심히 하고 있어요. 뭘 열심히 하냐고 하시면 그것도 모르겠어요. 그냥 눈에 보이는 것들을 다 그냥 제가 어 열심히 한다고 하는 그 강도 내에서 하고 있어요. 청소도 열심히 정리도 열심히 손님 응대도 열심히 그렇게 하고 있어요. 그래서 뭐 제가 할 수 있는 지금 하고 있는 것 이외에 다르게 조금 더 열심히 할 수 있는 무언가가 있다면 그거를 주변에서 누가 저에게 조금 조언을 준다면 전 당장 오늘부터라도 내일부터라도 바로 적용할 그런 상태이기 때문에 어 네 만족스럽지 못해서 지금 저의 현재 상태가 가게 매출이 만족스럽지 못하기 때문에 가게 매출보다도 그 결과가 만족스럽지 못하기 때문에 그렇습니다.","wordCount":130},"emotion":[],"intent":[{"text":"","expression":"","category":"attitude"}],"summary":{"text":"저는 지금 하고 있는 것 이외에 조금 더 열심히 할 수 있는 무언가가 있다면 주변에 조언을 준다면 당장 오늘부터라도 내일부터라도 바로 적용할 그런 상태이기 때문에 지금 저의 현재 상태가 가게 매출보다도 그 결과가 만족스럽지 못하기 때문에 그렇습니다.","wordCount":37}}},"rawDataInfo":{"question":{"fileFormat":"wav","fileSize":293198,"duration":9160,"samplingBit":16,"channelCount":1,"samplingRate":"16kHz","audioPath":"/Mock/02.SalesMarketing/Male/Experienced/ckmk_q_sm_m_e_179699.wav"},"answer":{"fileFormat":"wav","fileSize":2902478,"duration":90700,"samplingBit":16,"channelCount":1,"samplingRate":"16kHz","audioPath":"/Mock/02.SalesMarketing/Male/Experienced/ckmk_a_sm_m_e_179699.wav"}}}