{"version":"1.0","dataSet":{"info":{"date":"20230116","occupation":"SM","channel":"MOCK","place":"ONLINE","gender":"MALE","ageRange":"35-44","experience":"EXPERIENCED"},"question":{"raw":{"text":"만약에 저희 팀 영업에 들어오면 영업 관리에 필요한 역량이나 경험은 무엇인지 그 부분에 대해서 설명을 좀 해주시겠습니까","wordCount":17},"emotion":[],"intent":[]},"answer":{"raw":{"text":"영업은 엄청 어려운 직무 중의 하나입니다. 특히나 영업을 통한 영업 관리를 하려면 고객과의 소통은 필수이고 고객이 처해 있는 환경 우리가 처해있는 환경에 대해서 정확한 분석이 필요합니다. 예를 들어서 우리의 판매 환경이 아주 열악하거나 아니면 경쟁 업체들이 너무 단가를 낮춰서 치킨 게임이 된 상태에서 그 시장을 파고드는 것은 바보짓입니다. 때로는 그런 치킨 싸움이 된 시장은 피하고 또 다른 시장을 개척하거나 아니면 이 시장을 버린 만큼 어디서 더 마진을 얻을 것인가에 대한 전략이 필요합니다. 그리고 고객이 우리가 아닌 경쟁업체를 선택한 이유에 대한 분석도 필요합니다. 똑같은 가격인지 아니면 그들은 우리보다 더 좋은 제품을 낮은 단가에 선보였는지 이런 모든 것들을 파악하고 그것을 자료화하여 다음엔 어떤 고객에게 몇 퍼센트 정도의 할인으로 또는 비투비나 비투씨는 어떤 식으로 정책을 갈 것인가에 대한 정확한 데이터 분석이 필요하다고 생각합니다.","wordCount":120},"emotion":[],"intent":[{"text":"","expression":"","category":"attitude"}],"summary":{"text":"영업은 굉장히 어려운 직무 중의 하나인데, 특히 영업을 통한 영업 관리를 하려면 고객과의 소통은 필수이고 고객이 처해있는 환경에 대해서 정확한 분석이 필요합니다. 또한 고객이 경쟁업체를 선택한 이유에 대한 분석도 필요합니다.","wordCount":30}}},"rawDataInfo":{"question":{"fileFormat":"wav","fileSize":323278,"duration":10100,"samplingBit":16,"channelCount":1,"samplingRate":"16kHz","audioPath":"/Mock/02.SalesMarketing/Male/Experienced/ckmk_q_sm_m_e_182785.wav"},"answer":{"fileFormat":"wav","fileSize":2089678,"duration":65300,"samplingBit":16,"channelCount":1,"samplingRate":"16kHz","audioPath":"/Mock/02.SalesMarketing/Male/Experienced/ckmk_a_sm_m_e_182785.wav"}}}