{"version":"1.0","dataSet":{"info":{"date":"20230116","occupation":"SM","channel":"MOCK","place":"ONLINE","gender":"MALE","ageRange":"35-44","experience":"EXPERIENCED"},"question":{"raw":{"text":"살면서 무언가에 푹 빠져 몰두해 본 경험이 있나요 있다면 그것이 무엇인지 궁금합니다","wordCount":12},"emotion":[],"intent":[]},"answer":{"raw":{"text":"제가 인생에서 폭 빠져 몰두해 본 것은 바로 테니스입니다. 테니스는 예전에 영국에서 귀족 스포츠라고 해서 웬만한 하층민들은 할 수도 없는 운동이었습니다. 하지만 이제는 전 세계적으로 특히 요즘 대한민국의 엠지 세대들에게 엄청나게 열풍을 불고 있는 것이 테니스입니다. 테니스는 각각의 상대방이 라켓을 가지고 테니스공을 네트를 넘겨서 치는 운동인데요. 단순하게 보이지만 실제로 테니스는 대학원에서 논문이 수천 개가 있을 정도로 엄청난 과학이 숨겨진 운동입니다. 첫 번째 테니스 라켓에 공이 맞을 때 순간 속도는 기본적으로 백에서 백 오십 킬로미터 정도의 속도와 어떤 스핀을 걸었을 때 어떤 탄성을 이용할 때 어떤 코트에 부딪쳤을 때 공이 튀어나가는지 공의 바운스에 넣 그 높이에 따라 얼마큼의 치기 어려운 공을 상대방에게 보낼 수 있는지 또는 포핸드 빽 핸드 빽 핸드도 원 한 손으로 하는 원 핸드 빽 핸드 두 손으로 하는 투 핸드 빽 핸드 또는 빽 핸드를 슬라이스로 칠 것인지 드라이브로 칠 것인지 수십 가지의 경우의 수가 있어 엄청나게 많은 경우에 공을 침으로써 스트레스를 풀 수 있고 다양한 공부를 할 수 있는 운동입니다.","wordCount":154},"emotion":[{"text":"테니스는 각각의 상대방이 라켓을 가지고 테니스공을 네트를 넘겨서 치는 운동인데요.","expression":"u-fact","category":"neutral"}],"intent":[{"text":"","expression":"","category":"attitude"}],"summary":{"text":"테니스는 상대방의 라켓을 가지고 테니스공을 네트를 넘겨서 치는 운동으로, 백에서 백 오십 킬로미터 정도의 속도와 어떤 스핀을 걸었을 때 어떤 탄성을 이용할 때 어떤 코트에 부딪쳤을 때 공이 튀어나가는지 등 수십 가지의 경우의 수가 있어 스트레스를 풀 수 있고 다양한 공부를 할 수 있는 운동입니다.","wordCount":45}}},"rawDataInfo":{"question":{"fileFormat":"wav","fileSize":320078,"duration":10000,"samplingBit":16,"channelCount":1,"samplingRate":"16kHz","audioPath":"/Mock/02.SalesMarketing/Male/Experienced/ckmk_q_sm_m_e_173137.wav"},"answer":{"fileFormat":"wav","fileSize":2785998,"duration":87060,"samplingBit":16,"channelCount":1,"samplingRate":"16kHz","audioPath":"/Mock/02.SalesMarketing/Male/Experienced/ckmk_a_sm_m_e_173137.wav"}}}