{"version":"1.0","dataSet":{"info":{"date":"20230116","occupation":"SM","channel":"MOCK","place":"ONLINE","gender":"MALE","ageRange":"35-44","experience":"EXPERIENCED"},"question":{"raw":{"text":"귀하께서는 홍보부에 지원해 주셨습니다 자신이 맡은 브랜드를 바이어에게 어떤 식으로 홍보하실지 본인만의 방법이 있다면 말씀해 주세요","wordCount":16},"emotion":[],"intent":[]},"answer":{"raw":{"text":"제가 맡은 브랜드를 바이어에게 홍보를 하기 위해서는 가장 먼저 저희 회사 브랜드가 얼마큼 세상에 알려져 있고 많은 사람들이 사용하고 있는지를 알려주면 됩니다. 첫 번째 레퍼런스 사이트를 교재로 만들어서 다 보여드립니다. 기존에 레퍼런스 사이트가 몇 개가 있고 어떤 대기업 연매출이 어느 정도인지에 대해서 먼저 보여줍니다. 그리고 포탈 엔진에서 구글 또는 네이버에서 저희 브랜드를 검색하여 블로그에는 어떤 글이 올라와 있고 유투브에는 어떤 글이 올라와 있는지에 대한 정확한 내용과 고객들에 정확한 후기를 보여줍니다. 그리고 각 사이트별로 연 매출이 어떻게 되고 어떤 제품이 어떤 어떤 고객에게 판매되고 있는지 에스엔에스 라든가 이런 것을 통해서 많이 보여드리게 됩니다. 그리고 저희 레퍼런스 사이스 또는 랜드마크가 되는 대기업 또는 대형 마 매장에 입점해 있는 제품에 대한 동영상을 통해서 고객들의 반응이 어떻고 실제로 하루에 몇 개 정도의 주문량이 나오는지를 생산량까지 다 보여주게 되면 바이어는 저희 제품에 대해서 많은 관심을 갖고 판매에 대한 어 관 관심을 끌게 할 수 있습니다.","wordCount":140},"emotion":[],"intent":[{"text":"","expression":"","category":"attitude"}],"summary":{"text":"바이어에게 홍보를 하기 위해서는 먼저 저희 회사 브랜드가 얼마나 세상에 알려져 있고 많은 사람들이 사용하고 있는지를 알려주면 됩니다. 레퍼런스 사이트를 교재로 만들어서 다 보여줍니다. 그리고 각 사이트별로 연 매출이 어떻게 되고 어떤 제품이 어떤 고객에게 판매되고 있는지 소셜미디어 이라든가 이런 것을 통해서 많이 보여주게 됩니다.","wordCount":45}}},"rawDataInfo":{"question":{"fileFormat":"wav","fileSize":478158,"duration":14940,"samplingBit":16,"channelCount":1,"samplingRate":"16kHz","audioPath":"/Mock/02.SalesMarketing/Male/Experienced/ckmk_q_sm_m_e_197366.wav"},"answer":{"fileFormat":"wav","fileSize":2421838,"duration":75680,"samplingBit":16,"channelCount":1,"samplingRate":"16kHz","audioPath":"/Mock/02.SalesMarketing/Male/Experienced/ckmk_a_sm_m_e_197366.wav"}}}