{"version":"1.0","dataSet":{"info":{"date":"20230116","occupation":"SM","channel":"MOCK","place":"ONLINE","gender":"MALE","ageRange":"45-54","experience":"EXPERIENCED"},"question":{"raw":{"text":"이전 직장을 그만둔 특별한 이유가 있는지 궁금하구요 어 그리고 현 직장도 이와 같은 이유로 그만둘 가능성이 있는지도 궁금합니다","wordCount":18},"emotion":[],"intent":[]},"answer":{"raw":{"text":"어 그냥 이제 어느 정도 경험해 볼 만큼 해봤고 해서 그만해도 되겠다 싶었어요 저는 네. 그냥 제 사업이기 때문에 제가 이제 끝내면 되는 거였어서 그런 생각이 들어왔을 때 근데 바로 한 건 또 아니고요. 저 나름대로 꽤 오래 고민을 했죠 네. 그래서 얼핏 생각이 들었던 거는 뭐 한 삼 년 전이더라도 본격적으로 이제 아 진짜 그만둬야 될 것 같다 라는 거는 한 일 년 네 정도 고민하고 사실 고민하는 제대로 고민하는 순간부터 거의 결심은 섰었는데 이러저러한 사정상 네 환경상 바로 접을 수는 없어 가지고 조금 시간을 두고 천천히 대신에 천천히 제대로 정리를 하는 시간을 가졌고요. 아니죠. 왜냐하면 그거는 저의 제가 꾸린 저의 자영업 업이었고 저는 지금 네 회사에 들어가서 소속되려고 하는 거기 때문에 뭐 내가 이런 생각이 들었다 그럼 그만둬야 된다 이런 흐름으로 갈 수는 없는 거라서요. 완전히 다른 마음가짐으로 지금 지원하고 있습니다.","wordCount":133},"emotion":[],"intent":[{"text":"","expression":"","category":"attitude"}],"summary":{"text":"이제 그만둬야 될 것 같다 라는 것은 한 일 년 정도 고민하고 결심은 섰는데 여러 사정상 바로 접을 수는 없어 조금 시간을 두고 천천히 정리하는 시간을 가졌습니다. 그 이유는 제가 꾸린 자영업 업이고 지금 네 회사에 소속되려고 하기 때문에 완전히 다른 마음가짐으로 지금 지원하고 있습니다.","wordCount":45}}},"rawDataInfo":{"question":{"fileFormat":"wav","fileSize":469198,"duration":14660,"samplingBit":16,"channelCount":1,"samplingRate":"16kHz","audioPath":"/Mock/02.SalesMarketing/Male/Experienced/ckmk_q_sm_m_e_160381.wav"},"answer":{"fileFormat":"wav","fileSize":2917838,"duration":91180,"samplingBit":16,"channelCount":1,"samplingRate":"16kHz","audioPath":"/Mock/02.SalesMarketing/Male/Experienced/ckmk_a_sm_m_e_160381.wav"}}}