{"version":"1.0","dataSet":{"info":{"date":"20230116","occupation":"SM","channel":"MOCK","place":"ONLINE","gender":"MALE","ageRange":"55-","experience":"EXPERIENCED"},"question":{"raw":{"text":"어 협업을 해야 할 일 일은 일을 하다 보면 굉장히 많아질 수 있는데요 어 지원자님께서 이전 직장이나 대학교에서 협업을 하면서 어려웠던 점은 없으셨나요","wordCount":23},"emotion":[],"intent":[]},"answer":{"raw":{"text":"협업을 할 일이 많이 생길 수 있는데 이전 직장에서나 대학에서 협업을 할 때 어려운 점은 없으셨나요. 예 제가 협업을 아주 즐겨합니다. 또한 협업을 해야만이 실적을 많이 올릴 수 있고 나의 발전과 타인의 발전에 아 동반 상승할 수 있는 그런 점들이 많이 있기 때문에 그렇습니다. 제가 여태까지 일들은 주로 협업을 통해서 지금까지 이 자리에 왔다고 아 생각을 합니다. 직장에서나 대학에서 어 협업했을 때 어 어려운 점은 특별히 없었습니다. 저를 싫어하는 사람들은 아 상당히 적었습니다. 아 만에 하나 뭐 있긴 했지만은 제가 어느 정도 적과의 동침까지도 그렇게 했던 적들은 많이 있었다고 생각을 합니다. 특히 대학에서는 아 성적을 많이 내야 되는 그런 부분에 있었기 때문에 협업에 어려움은 있을 수 있었습니다. 하지만은 제가 아 여러모로 어 동성이라든가 이성 간에도 그러한 협업을 통해서 많이 좋은 실적을 얻었던 경험들이 많이 있습니다. 아 시험을 준비한다든가 실험을 할 때라든가 이럴 때에서도 큰 도움이 됐었던 그런 많은 부분들이 있었습니다. 특히 직장에서는 제가 아 협업을 함에 있어서 부족함이 없었고 어 되려 제가 도움을 많이 준다고 생각을 합니다.","wordCount":157},"emotion":[],"intent":[{"text":"","expression":"","category":"attitude"}],"summary":{"text":"협업을 해서 실적을 많이 올릴 수 있고 저의 발전과 타인의 발전에 동반 상승할 수 있기 때문에 전 직장과 대학에서 협업할 때 어려운 점은 없었습니다. 대학에서는 성적을 많이 내야 되는 부분에 있었기 때문에 협업에 어려움은 있었지만 동성이라든가 이성 간에도 협업을 통해서 많이 좋은 실적을 얻었던 경험들이 있습니다.","wordCount":46}}},"rawDataInfo":{"question":{"fileFormat":"wav","fileSize":467918,"duration":14620,"samplingBit":16,"channelCount":1,"samplingRate":"16kHz","audioPath":"/Mock/02.SalesMarketing/Male/Experienced/ckmk_q_sm_m_e_227908.wav"},"answer":{"fileFormat":"wav","fileSize":2843918,"duration":88870,"samplingBit":16,"channelCount":1,"samplingRate":"16kHz","audioPath":"/Mock/02.SalesMarketing/Male/Experienced/ckmk_a_sm_m_e_227908.wav"}}}