{"version":"1.0","dataSet":{"info":{"date":"20230116","occupation":"SM","channel":"MOCK","place":"ONLINE","gender":"MALE","ageRange":"35-44","experience":"EXPERIENCED"},"question":{"raw":{"text":"지원자님께서는 요즘 공부하고 계셨던 것이 있으신가요 있으시다면 왜 그것을 공부하시는지 그리고 지금까지 어떠한 것을 배우셨는지에 대해서도 설명 부탁드립니다","wordCount":18},"emotion":[],"intent":[]},"answer":{"raw":{"text":"제가 요즘 한참 공부하고 있는 것은 바로 빅데이터입니다. 예전에는 그냥 데이터를 하나하나 끄집어내고 말았는데 그 데이터들을 모아서 빅데이터라고 하고 그 빅데이터들을 가지고 인공지능이 머신러닝이나 딥러닝을 하게 되면서 더 많은 좋은 결과를 도출하게 됩니다. 예를 들어서 팔 년 전에 이세돌과 알파고가 바둑을 두었을 때 사람들은 이세돌이 밭 알파고를 무조건 이길 거라고 생각했지만 이세돌은 한 판을 빼고 알파고에게 상대도 안되게 불계패를 당했습니다. 다시 말하면 팔 년 전에 알파고도 그렇게 엄청난 딥러닝을 통해서 아 이세돌 같은 천재 바둑가를 이겼는데 지금은 딥러닝이 엄청나게 발전을 했기 때문에 그때 당시에 알파고보다 더 많은 진보를 했다는 것입니다. 우리는 이제 빅데이터와 머신러닝 딥러닝의 세대에 와 있으며 그것을 굳이 내가 프로그램을 짜지 않더라도 어떻게 빅데이터를 가지고 머신러닝이나 군 딥러닝을 하는지 그것들이 앞으로 우리 세상에 어떻게 미칠 것인지에 대해서 지속적으로 응용할 수 있는 응용학에 대해서 공부를 하고 있습니다. 그렇게 응용학을 공부하다 보니 지금 세계 곳곳에 어떤 식으로 딥러닝이 움직이고 있고 기술 개발이 되고 있는지를 공부하고 있고 자율주행에 대해서도 많이 공부하게 되었습니다.","wordCount":151},"emotion":[{"text":"예를 들어서 팔 년 전에 이세돌과 알파고가 바둑을 두었을 때   사람들은 이세돌이 밭 알파고를 무조건 이길 거라고 생각했지만 이세돌은 한 판을 빼고   알파고에게 상대도 안되게 불계패를 당했습니다.","expression":"u-fact","category":"neutral"}],"intent":[{"text":"","expression":"","category":"attitude"}],"summary":{"text":"빅데이터를 가지고 인공지능이 머신러닝이나 딥러닝을 하게 되면서 더 많은 좋은 결과를 도출하게 됩니다. 우리는 이제 빅데이터와 머신러닝 딥학습의 세대에 와있으며 어떻게 빅데이터를 갖고머신러닝이나 군디러닝을 하는지 그것들이 앞으로 어떻게 미칠 것인지에 대해서 지속적으로 응용할 수 있는 응용학에 대해서 공부를 하고 있습니다.","wordCount":40}}},"rawDataInfo":{"question":{"fileFormat":"wav","fileSize":508238,"duration":15880,"samplingBit":16,"channelCount":1,"samplingRate":"16kHz","audioPath":"/Mock/02.SalesMarketing/Male/Experienced/ckmk_q_sm_m_e_184577.wav"},"answer":{"fileFormat":"wav","fileSize":2817998,"duration":88060,"samplingBit":16,"channelCount":1,"samplingRate":"16kHz","audioPath":"/Mock/02.SalesMarketing/Male/Experienced/ckmk_a_sm_m_e_184577.wav"}}}