{"version":"1.0","dataSet":{"info":{"date":"20230116","occupation":"SM","channel":"MOCK","place":"ONLINE","gender":"MALE","ageRange":"35-44","experience":"EXPERIENCED"},"question":{"raw":{"text":"네 만약에 지원자님께서 지금 직 지원하신 이 직무가 아닌 다른 부서에 배치가 된다면 어떻게 하시겠는지요 어 다른 부서에서 일을 하시게 돼도 괜찮으실까요","wordCount":22},"emotion":[],"intent":[]},"answer":{"raw":{"text":"다른 부서에 배치돼서 다른 업무를 하는 것은 전혀 문제가 되지 않습니다. 제가 현재 직무가 좋아서 지원한 것도 맞지만 이 회사의 비전이나 성장성을 보고 지원한 것도 있기 때문에 일단은 회사를 믿고 다른 부서에 배치되더라도 그 업무를 열심히 배워볼 예정입니다. 특히나 전화위복이라는 말이 있습니다. 화가 되려 되려 복이 된다는 뜻으로 제가 지금 맞지 않은 이 업무가 오히려 저에게 더 적성에 잘 맞을 수도 있고 추후에 직장 커리어에 있어서 훨씬 더 도움이 될 수도 있기 때문입니다. 그렇게 일 년에서 이 년 삼 년 정도 하다 보면 저는 이 업무에 적응을 하게 될 것이고 이 업무에서 다양한 성과 및 경험을 하게 될 것입니다. 그렇게 삼 년 정도 지났는데도 이 업무보다는 전에 원래 지원했던 제 업무가 더 하고 싶다면 저는 매니저 및 본부장급에게 건의나 요청을 하겠습니다. 본부장님 제가 원래 원하던 직무가 아니라 다른 부서에 배치가 되었는데 저는 여기서도 좋은 성과를 냈습니다. 업무에 전문성도 키웠고 이제는 제가 원래 가고 싶어 했던 그 직무로 배치를 해 주신다면 여기서 쌓아 온 직무의 경험과 다양한 전략을 통해서 제가 원래 가려고 했던 직무에 가서 더 높은 성과를 내는 시너지를 발생시키고 싶습니다. 제발 옮겨 주실 수 있다면 가서 열심히 하겠습니다 라고 요청을 드릴 것입니다.","wordCount":183},"emotion":[],"intent":[{"text":"","expression":"","category":"attitude"}],"summary":{"text":"전화위복이라는 말이 있듯이 현재 직무가 좋은 것도 사실이지만 이 회사의 비전이나 성장성을 보고 지원한 것도 있기 때문에 일단 회사를 믿고 다른 부서에 배치되더라도 그 업무를 열심히 배워볼 예정입니다. 그렇게 삼 년 정도 하다 보면 이 업무에 적응을 하게 되고 다양한 성과 및 경험을 하게 될 것입니다. 전에 지원했던 업무가 더 하고 싶다면 매니저 및 본부장급에게 건의하겠습니다.","wordCount":56}}},"rawDataInfo":{"question":{"fileFormat":"wav","fileSize":488398,"duration":15260,"samplingBit":16,"channelCount":1,"samplingRate":"16kHz","audioPath":"/Mock/02.SalesMarketing/Male/Experienced/ckmk_q_sm_m_e_191517.wav"},"answer":{"fileFormat":"wav","fileSize":2741198,"duration":85660,"samplingBit":16,"channelCount":1,"samplingRate":"16kHz","audioPath":"/Mock/02.SalesMarketing/Male/Experienced/ckmk_a_sm_m_e_191517.wav"}}}