{"version":"1.0","dataSet":{"info":{"date":"20230116","occupation":"SM","channel":"MOCK","place":"ONLINE","gender":"MALE","ageRange":"35-44","experience":"EXPERIENCED"},"question":{"raw":{"text":"근무를 하다 보면 피치 못한 분쟁이 발생할 수 있는데요 이럴 때를 대비한 지원자님만의 대처법이 있나요 있다면 지원자님만의 대처법을 저에게 말해 주시겠어요","wordCount":21},"emotion":[],"intent":[]},"answer":{"raw":{"text":"어떤 업무를 하든 간에 갈등이나 분쟁은 피할 수 없는 요소들입니다. 그것은 많은 사람들이 각자에 자기의 성격 스타일 성향 또는 이기적인 마음 때문에 어떤 직장인도 정말 적극적인 사람이 아니면 같은 월급으로 많은 업무를 하고 싶어하는 사람이 없습니다. 그렇기 때문에 자기한테 많은 업무가 넘겨졌을 때 사람들은 일단 거부감부터 들거나 아니면 자기가 친하지 않은 사람들이 업무를 요청하거나 도움을 요청할 때 대부분 다 거절합니다. 그럴 때 저는 냉정하게 판단을 합니다. 이것이 직장인으로서의 소명을 잃어버린 행동인지 아니면 자기의 이기심 때문에 발생하는 행동인지를 정확하게 파악한 후에 이게 이기적인 행동이나 고인물적인 성격으로 내 일만 하고자 하는 편협한 시각이라면 저는 그 부분에 대해서 따끔하게 지적을 하고 위에다 보고를 합니다. 회사 생활은 조직 생활이고 모든 직원들은 서로 협업을 해야 됩니다. 협업을 했을 때 우리는 시너지라는 효과를 발생할 수 있는데 효과를 발생하는 것이 아니라 업무를 제 저해하거나 부정적인 시각이나 회의적인 시각을 다른 사람에게 전염시킨다면 이것은 회사에 필요하지 않은 행동이라고 생각하고 과감하게 제재를 가합니다.","wordCount":143},"emotion":[],"intent":[{"text":"","expression":"","category":"attitude"}],"summary":{"text":"어떤 업무든 갈등이나 분쟁은 피할 수 없는 요소들이기 때문에 많은 업무가 넘겨졌을 때 사람들은 일단 거부감부터 들거나 자기가 친하지 않은 사람들이 업무를 요청하거나 도움을 요청할 때 대부분 다 거절합니다. 이럴 때 저는 이것이 직장인으로서의 소명을 잃어버린 행동인지 아니면 자기의 이기심 때문에 발생하는 행동인지를 정확하게 판단한 후 제재를 가합니다.","wordCount":48}}},"rawDataInfo":{"question":{"fileFormat":"wav","fileSize":425678,"duration":13300,"samplingBit":16,"channelCount":1,"samplingRate":"16kHz","audioPath":"/Mock/02.SalesMarketing/Male/Experienced/ckmk_q_sm_m_e_177284.wav"},"answer":{"fileFormat":"wav","fileSize":2720078,"duration":85000,"samplingBit":16,"channelCount":1,"samplingRate":"16kHz","audioPath":"/Mock/02.SalesMarketing/Male/Experienced/ckmk_a_sm_m_e_177284.wav"}}}