{"version":"1.0","dataSet":{"info":{"date":"20230116","occupation":"SM","channel":"MOCK","place":"ONLINE","gender":"MALE","ageRange":"35-44","experience":"EXPERIENCED"},"question":{"raw":{"text":"만약 지원자님께서 지금 지원하신 이 직무가 아니라 다른 직무를 받게 된다면 어떻게 하실 것인가요 그래도 괜찮으십니까","wordCount":16},"emotion":[],"intent":[]},"answer":{"raw":{"text":"어 제가 이 회사에 일단 영업에 대해서 이제 자신 있는 부분이기 때문에 지원하게 되었는데 그게 만약에 조금 뭐 틀어져서 좀 일정이 바뀌게 된다 해도 문제가 될 거는 없을 것 같습니다. 그 여러 가지 일을 배울 수 있고 또 할 수 있다는 것은 저에게 오히려 또 기회가 될 수 있기 때문에 어 다른 완전 다른 부서에 배치가 돼도 그 부분에 대해서 어 배우자하는 의지가 있기 때문에 금방 또 적응할 수 있을 것이고 또 새로운 걸 배웠다는 것은 또 저만의 스펙이 되고 또 경험 노하우가 만들어 지는 거기 때문에 그런 노하우들이 또 쌓인다는 것에 대해서는 저한테는 호재일 것 같습니다. 그래서 뭐 제가 하던 일을 하게 되면 오히려 더 안정적으로 빨리 회사에 이익이 될 수 있는 인재가 되는 시간이 마련 됐지만 또 다른 부서에 배출된다는 건 그게 조금만 시간이 더딜 수는 있을 겁니다. 하지만 그건 뭐 전혀 문제될 게 아니고 제가 그거는 이제 조율을 해서 나만의 업무에 대한 역량이라든지 직무 지식 이런 거는 개인적인 시간을 할애해서 어 소화를 한다면은 그러면 뭐 금방 또 그 배 부서에서도 인정을 받을 수 있지 않을까 싶습니다. 예 이상입니다.","wordCount":171},"emotion":[],"intent":[{"text":"","expression":"","category":"attitude"}],"summary":{"text":"제가 이 회사에 지원하게 되었지만 다른 부서에 배치가 되어도 여러 가지를 배울 수 있고, 새로운 걸 배웠다는 것은 저만의 스펙이 되고 또 경험 노하우가 만들어 지는 것 때문에 저한테 호재일 것 같습니다. 조율을 해서 나만의 업무에 대한 역량이나 직무 지식은 개인적인 시간을 할애하면 금방 그 부서에서도 인정을 받을 수 있을 것입니다.","wordCount":51}}},"rawDataInfo":{"question":{"fileFormat":"wav","fileSize":411918,"duration":12870,"samplingBit":16,"channelCount":1,"samplingRate":"16kHz","audioPath":"/Mock/02.SalesMarketing/Male/Experienced/ckmk_q_sm_m_e_191812.wav"},"answer":{"fileFormat":"wav","fileSize":2654798,"duration":82960,"samplingBit":16,"channelCount":1,"samplingRate":"16kHz","audioPath":"/Mock/02.SalesMarketing/Male/Experienced/ckmk_a_sm_m_e_191812.wav"}}}