{"version":"1.0","dataSet":{"info":{"date":"20230116","occupation":"SM","channel":"MOCK","place":"ONLINE","gender":"MALE","ageRange":"45-54","experience":"EXPERIENCED"},"question":{"raw":{"text":"지원자님께서는 지원자님의 의견을 주장하실 때 강하게 주장하시는 편인가요 어떠한 스타일로 자신의 의견을 주장하시는지 말씀해 주시기 바랍니다","wordCount":16},"emotion":[],"intent":[]},"answer":{"raw":{"text":"아니요. 저는 네 조용한 편입니다. 저는 제 주장을 얘기를 잘 안 합니다. 왜냐하면 조심스러운 부분이라서요. 네 제 주장은 어 저만 알고 있으면 됩니다. 왜냐하면 저만 제가 주장하는 그 바대로 움직일 수 있는 움직이게 할 수 있는 것도 저 밖에 없구요. 그래서 딱히 어떤 제 생각을 막 강하게 피력을 해야 될 경우를 많이 만난 적이 없습니다. 뭐 일을 할 때는 제 의견은 전혀 완전히 배제시킵니다. 저는 네 상대 일 일 순위 이 순위 삼 순위 모두 상대가 고객이겠죠. 네 상대의 취향이든 뭐 생각이든 이런 부분을 다 이제 듣고 경청을 하면서 메모를 하고 거기에 맞춰서 얘기를 해 드리지 제 생각은 거기에 반영하지 않습니다. 저는 예 이런 사람입니다.","wordCount":105},"emotion":[],"intent":[{"text":"저는   네 조용한 편입니다.","expression":"c_person","category":"background"},{"text":"저는 제 주장을 얘기를 잘 안 합니다.","expression":"c_person","category":"background"}],"summary":{"text":"저는 조용한 편입니다. 제 주장은 저만 알고 있으면 되기 때문에 제 주장을 강하게 피력해야 될 경우를 많이 만나본 적이 없습니다. 일을 할 때는 제 의견은 전혀 배제합니다. 상대의 취향이든 생각이든 거기에 맞춰서 얘기를 해 드리겠습니다.","wordCount":35}}},"rawDataInfo":{"question":{"fileFormat":"wav","fileSize":597838,"duration":18680,"samplingBit":16,"channelCount":1,"samplingRate":"16kHz","audioPath":"/Mock/02.SalesMarketing/Male/Experienced/ckmk_q_sm_m_e_111578.wav"},"answer":{"fileFormat":"wav","fileSize":2897358,"duration":90540,"samplingBit":16,"channelCount":1,"samplingRate":"16kHz","audioPath":"/Mock/02.SalesMarketing/Male/Experienced/ckmk_a_sm_m_e_111578.wav"}}}