{"version":"1.0","dataSet":{"info":{"date":"20230116","occupation":"SM","channel":"MOCK","place":"ONLINE","gender":"MALE","ageRange":"55-","experience":"EXPERIENCED"},"question":{"raw":{"text":"저희는 마케팅이 굉장히 중요한데 혹시 에스앤에스 하시나요 에스엔에스의 활용 능력은 얼마나 되시나요","wordCount":12},"emotion":[],"intent":[]},"answer":{"raw":{"text":"아주 초보 단계인 지금 배우는 입장에서 유튜브 채널을 하고 있습니다. 물론 학원을 다니지 않고 인터넷으로 가입 방법을 알았고 취미활동으로 아주 초보 단계입니다. 앞으로 이 분야에 대해서도 직업과 관련해서 꾸준하게 채널을 확대코자 합니다.","wordCount":32},"emotion":[],"intent":[{"text":"앞으로 이 분야에 대해서도 직업과 관련해서 꾸준하게 채널을 확대코자 합니다.","expression":"c_chl","category":"personality"}],"summary":{"text":"초보적인 저는 유튜브 채널을 하고 있으며 앞으로 직업과 관련해 채널을 확대코자 합니다. 현재는 초보적이지만 앞으로 채널을 확대하고자 합니다. 이는 초보적인 가입법입니다.","wordCount":21}}},"rawDataInfo":{"question":{"fileFormat":"wav","fileSize":449998,"duration":14060,"samplingBit":16,"channelCount":1,"samplingRate":"16kHz","audioPath":"/Mock/02.SalesMarketing/Male/Experienced/ckmk_q_sm_m_e_210938.wav"},"answer":{"fileFormat":"wav","fileSize":1470798,"duration":45960,"samplingBit":16,"channelCount":1,"samplingRate":"16kHz","audioPath":"/Mock/02.SalesMarketing/Male/Experienced/ckmk_a_sm_m_e_210938.wav"}}}