{"version":"1.0","dataSet":{"info":{"date":"20230116","occupation":"SM","channel":"MOCK","place":"ONLINE","gender":"MALE","ageRange":"55-","experience":"EXPERIENCED"},"question":{"raw":{"text":"어떤 제품이든 브랜드 마케팅이 아주 중요합니다 아 우리 회사의 게임에 경우 어 이런 브랜드 마케팅을 어떻게 하는 것이 좋겠다고 생각을 하시나요","wordCount":21},"emotion":[],"intent":[]},"answer":{"raw":{"text":"가장 대중들이 많이 보는 티브이에 그다음에 젊은 세대들이 많이 이용하는 에스엔에스 등을 활용해서 이 매체 광고가 굉장히 중요하다고 봅니다. 브랜드는 우선 노출이 많아야 된다고 생각됩니다. 요즘 젊은이들을 상대로 한 소셜 네트워크가 중요하다고 생각되어지기 때문입니다.","wordCount":34},"emotion":[],"intent":[{"text":"브랜드는 우선 노출이 많아야 된다고 생각됩니다.","expression":"s_brand_strt","category":"technology"}],"summary":{"text":"티브이와 소셜미디어를 활용한 매체광고가 중요한데, 브랜드는 노출이 많아야 합니다. 젊은 세대 대상 소셜 네트워크가 중요하기 때문입니다.","wordCount":16}}},"rawDataInfo":{"question":{"fileFormat":"wav","fileSize":513358,"duration":16040,"samplingBit":16,"channelCount":1,"samplingRate":"16kHz","audioPath":"/Mock/02.SalesMarketing/Male/Experienced/ckmk_q_sm_m_e_210939.wav"},"answer":{"fileFormat":"wav","fileSize":1483598,"duration":46360,"samplingBit":16,"channelCount":1,"samplingRate":"16kHz","audioPath":"/Mock/02.SalesMarketing/Male/Experienced/ckmk_a_sm_m_e_210939.wav"}}}