{"version":"1.0","dataSet":{"info":{"date":"20230116","occupation":"SM","channel":"MOCK","place":"ONLINE","gender":"MALE","ageRange":"45-54","experience":"EXPERIENCED"},"question":{"raw":{"text":"여러 가지 일을 많이 해 보셨을 텐데요 그중에서 자신이 하는 것 중에서 가장 자신 있고 잘 할 수 있는 작업은 무엇인지 이야기해 주세요","wordCount":23},"emotion":[],"intent":[]},"answer":{"raw":{"text":"가장 자신 있는 작업은 무엇인가 라고 해서 물어보셨는데요. 제가 가장 자신 있는 작업은 해외 영업 관련돼서 로컬 아 업체들을 직접 현지에서 영업하는 부분들을 제가 가장 잘 할 수 있는 부분이라고 생각을 합니다. 저보다 중국어나 외국어를 잘하는 사람은 많이 있을 수 있습니다. 하지만 제가 연고도 없는 중국 남방지역 광동성의 심청이라는 곳에서 지사를 설립을 하고 그 지사에서 일하는 중국 인원들을 면접을 보고 채용을 하였으며 그 인원들과 함께 로컬 영업을 진행을 해서 꽌시를 형성하고 미팅들을 주선해 프로머 당사의 제품을 프로모션하는 일련의 과정들을 통해서 최종적으로는 신규 영업 매출을 창출했던 부분들은 모든 사람이 할 수 있는 일은 아니라고 생각을 합니다. 따라서 저의 경우는 영어 중국어 일본어를 할 능숙하게 구사할 수 있는 능력을 바탕으로 무에서 유를 창출하는 신규 매출을 영어 신규 영업 쪽을 진행을 하는 매체에서 매출을 창출하는 부분들이 제가 가 가장 자신 있게 할 수 있는 작업이라고 생각합니다.","wordCount":133},"emotion":[],"intent":[{"text":"하지만 제가 연고도 없는 중국 남방지역 광동성의 심청이라는 곳에서 지사를 설립을 하고   그 지사에서 일하는 중국 인원들을 면접을 보고 채용을 하였으며   그 인원들과 함께 로컬 영업을 진행을 해서 꽌시를 형성하고 미팅들을 주선해 프로머 당사의 제품을 프로모션하는 일련의 과정들을 통해서   최종적으로는 신규 영업 매출을 창출했던 부분들은 모든 사람이 할 수 있는 일은 아니라고 생각을 합니다.","expression":"s_sell_exp","category":"technology"}],"summary":{"text":"해외 영업 관련돼서 로컬 업체들을 직접 현지에서 영업하는 부분들을 제가 가장 잘 할 수 있는 부분입니다. 영어 중국어 일본어를 할 능숙하게 구사할 수 있는 능력을 바탕으로 무에서 유를 창출하는 신규 매출을 영어 신규 영업 쪽을 진행을 하는 매체에서 매출을 창출하는 부분들이 제가 가장 자신 있게 할 작업이라고 생각합니다.","wordCount":48}}},"rawDataInfo":{"question":{"fileFormat":"wav","fileSize":356558,"duration":11140,"samplingBit":16,"channelCount":1,"samplingRate":"16kHz","audioPath":"/Mock/02.SalesMarketing/Male/Experienced/ckmk_q_sm_m_e_105509.wav"},"answer":{"fileFormat":"wav","fileSize":2672078,"duration":83500,"samplingBit":16,"channelCount":1,"samplingRate":"16kHz","audioPath":"/Mock/02.SalesMarketing/Male/Experienced/ckmk_a_sm_m_e_105509.wav"}}}