{"version":"1.0","dataSet":{"info":{"date":"20230116","occupation":"BM","channel":"MOCK","place":"ONLINE","gender":"MALE","ageRange":"35-44","experience":"EXPERIENCED"},"question":{"raw":{"text":"지원자님께서는 이 분야에 지원하기 위해서 어떤 노력을 어 어떻게 하셨는지요 어 생각나는 대로 말씀해 주시기 바랍니다","wordCount":16},"emotion":[],"intent":[]},"answer":{"raw":{"text":"이 분야에 지원하기 위해서 저는 오랜 기간 영어 공부를 했고 비즈니스 회화 비즈니스 미팅 또는 기술 교육 컨퍼런스 등을 주체할 수 있는 정도의 영어 실력을 키웠습니다. 그리고 온라인 마케팅 디지털 마케팅 그리고 빅데이터 및 에이아이 인공지능에 대한 많은 지식과 프로그래밍을 다룰 줄 압니다. 실제적으로 이 업무를 하기 위해서는 외국인들과 많은 비즈니스 협업을 해야 되고 빅데이타 및 머신러닝 딥러닝에 대한 내용을 서로 공유를 해야 되며 이것을 우리 사업에 어떻게 적용할 지에 대해서도 많이 알아야 됩니다.","wordCount":74},"emotion":[],"intent":[{"text":"","expression":"","category":"attitude"}],"summary":{"text":"이 분야에 지원하기 위해서 저는 오랜 기간 영어 공부를 했고 비즈니스 회화 비즈니스 미팅 또는 기술 교육 컨퍼런스 등을 주체할 수 있는 정도의 영어 실력을 키웠습니다.","wordCount":26}}},"rawDataInfo":{"question":{"fileFormat":"wav","fileSize":349198,"duration":10910,"samplingBit":16,"channelCount":1,"samplingRate":"16kHz","audioPath":"/Mock/01.Management/Male/Experienced/ckmk_q_bm_m_e_167237.wav"},"answer":{"fileFormat":"wav","fileSize":1297998,"duration":40560,"samplingBit":16,"channelCount":1,"samplingRate":"16kHz","audioPath":"/Mock/01.Management/Male/Experienced/ckmk_a_bm_m_e_167237.wav"}}}