{"version":"1.0","dataSet":{"info":{"date":"20230116","occupation":"BM","channel":"MOCK","place":"ONLINE","gender":"MALE","ageRange":"45-54","experience":"EXPERIENCED"},"question":{"raw":{"text":"해당 직무에서 어떤 일을 하는지 그리고 어떤 능력이 필요한지 알고 있으세요","wordCount":11},"emotion":[],"intent":[]},"answer":{"raw":{"text":"네 저는 경력직으로 지원한 것인 만큼 해당 직무에서 제가 어떠한 위치에 있는지 어떤 일을 하는지 어 또는 동료 부하 직원을 어떻게 어 관리하고 어 도와주어야 도와주어야 하는지에 대해서 정확히 잘 알고 있다고 자부합니다. 어 저는 동 업종에서 어 약 이십 오 년 정도를 근무했으며 어 저는 사원에서부터 시작해 가지고 대리 과장 부장을 거쳐 이사 타이틀을 달 때까지 동일한 업종에서 일을 계속해 왔습니다. 어 상품을 준비하고 기획하고 이것을 어 만들고 판매하고 어 그리고 나서 시장 조사까지 어 전반적인 모든 분야를 관리해 봤으며 나름 각각의 파트에서 어 중요한 역할을 수행해 왔습니다. 저는 단순히 어 경험이 많은 것 맛을 많은 것만을 말씀드리는 게 아니라 어 저는 이 일을 하면서 어 주변에 네트워크를 잘 구성하고 대인관계도 잘 맺고 있다고 생각합니다. 어 우리와 경쟁사인 회사도 있고 우리와 협력사도 있지만 그와의 관계를 매우 중요시하며 현재도 그 관계를 잘 유지하고 있습니다.","wordCount":134},"emotion":[],"intent":[{"text":"","expression":"","category":"attitude"}],"summary":{"text":"저는 경력직으로 지원한 것 만큼 해당 직무에서 제가 어떠한 위치에 있는지 어떤 일을 하는지 어떤 동료 부하 직원을 어떻게 어 관리하고 도와주어야 하는지에 대해 정확히 알고 있다고 자부합니다. 저는 이 일을 하면서 주변에 네트워크를 잘 구성하고 대인관계도 잘 맺고 있으며 현재도 그 관계를 매우 중요시하고 있습니다.","wordCount":46}}},"rawDataInfo":{"question":{"fileFormat":"wav","fileSize":259598,"duration":8109,"samplingBit":16,"channelCount":1,"samplingRate":"16kHz","audioPath":"/Mock/01.Management/Male/Experienced/ckmk_q_bm_m_e_100892.wav"},"answer":{"fileFormat":"wav","fileSize":2769998,"duration":86560,"samplingBit":16,"channelCount":1,"samplingRate":"16kHz","audioPath":"/Mock/01.Management/Male/Experienced/ckmk_a_bm_m_e_100892.wav"}}}