{"version":"1.0","dataSet":{"info":{"date":"20230116","occupation":"BM","channel":"MOCK","place":"ONLINE","gender":"MALE","ageRange":"35-44","experience":"EXPERIENCED"},"question":{"raw":{"text":"지원자분께서 이전에 보고서 기안 등 결재를 위한 문서를 작성 또는 보고해 본 경험이 있다면 설명해 주시겠습니까","wordCount":16},"emotion":[],"intent":[]},"answer":{"raw":{"text":"삼 년에 한 번씩 본사 출장을 가기 위한 품질 관리 시스템 출장이 있었습니다. 그때 저만 가는 것이 아니라 식품의약품안전청에 관련된 공무원들까지도 같이 제가 비용을 내야 되는 것이었기 때문에 처음에 항공비 숙박비 일비 등을 계산해서 먼저 보고서를 작성하고 갔다 왔을 때 얼만큼의 추후 사전 경비를 계산해야 되는지를 계산한 다음에 숙박비까지 다 집어넣고 보고서를 결재 받은 적이 있습니다.","wordCount":56},"emotion":[],"intent":[{"text":"","expression":"","category":"attitude"}],"summary":{"text":"품질 관리 시스템 출장에 식품의약품안전청 공무원들과 함께 출장을 갔고, 항공비, 숙박비, 일비 등을 계산해서 나중에 사전 경비와 숙박비를 계산해서 보고서를 결재 받았습니다.","wordCount":22}}},"rawDataInfo":{"question":{"fileFormat":"wav","fileSize":360398,"duration":11260,"samplingBit":16,"channelCount":1,"samplingRate":"16kHz","audioPath":"/Mock/01.Management/Male/Experienced/ckmk_q_bm_m_e_167242.wav"},"answer":{"fileFormat":"wav","fileSize":1063438,"duration":33230,"samplingBit":16,"channelCount":1,"samplingRate":"16kHz","audioPath":"/Mock/01.Management/Male/Experienced/ckmk_a_bm_m_e_167242.wav"}}}