{"version":"1.0","dataSet":{"info":{"date":"20230116","occupation":"BM","channel":"MOCK","place":"ONLINE","gender":"MALE","ageRange":"35-44","experience":"EXPERIENCED"},"question":{"raw":{"text":"네 오늘 면접 준비하느라 고생 많이 하셨을 텐데 어떤 방식으로 면접을 준비하셨는지 말씀해 주세요","wordCount":14},"emotion":[],"intent":[]},"answer":{"raw":{"text":"지금 제가 면접 보고 있는 이 회사에 대한 기본 정보를 많이 찾았습니다. 그리고 독학사라고 하는 카페에 들어가서 기존의 어떤 질문들이 나왔고 신입과 경력들에 대한 어떤 질문과 어떤 답변이 최고의 답변이었는지에 대한 분석을 했습니다. 그리고 요즘은 디지털 트랜스포메이션에 대한 내용과 마케팅에 대한 온라인 마케팅에 대한 내용들을 많이 물어본다는 것을 준비하여 그것에 대한 답안지를 열 가지 이상씩 준비하였습니다. 특히나 제 전공 또는 제 커리어와 관련된 답변은 예전에 제가 준비했던 답안지를 보고 하나씩 준비했으며 이 회사의 비전 및 미래 성장 가능성 그리고 이 회사가 지금 투자하고 있는 미래 먹거리에 대해서도 공부를 많이 했습니다. 기존에 합격했던 사람 떨어졌던 사람들의 후기도 많이 보았으며 어떤 면접식으로 진행을 했고 각 연도마다 했던 면접에 대한 방식을 많이 찾아봤던 것 같습니다. 불과 오 년 전 십 년 전만 해도 압박 면접이 주를 이었다면 이제는 어떤 논문이나 에세이를 토론하듯이 본인의 생각 및 앞으로의 전략 방안에 대해서 이야기하는 면접을 준비하면 합격할 수 있을 것이라는 많은 조언을 받았습니다.","wordCount":146},"emotion":[],"intent":[{"text":"","expression":"","category":"attitude"}],"summary":{"text":"이 회사에 대한 기본 정보를 찾고 디지털 트랜스포메이션과 온라인 마케팅에 대한 내용 답안지를 열 가지 이상씩 준비했으며 이 회사의 비전 및 미래 성장 가능성 그리고 이 회사가 투자하고 있는 미래 먹거리에 대해서도 공부를 많이 했습니다. 기존의 합격했던 사람 떨어졌던 사람들의 후기도 많이 보았으며 어떤 면접식으로 진행했는지 많은 조언을 받았습니다.","wordCount":49}}},"rawDataInfo":{"question":{"fileFormat":"wav","fileSize":371278,"duration":11600,"samplingBit":16,"channelCount":1,"samplingRate":"16kHz","audioPath":"/Mock/01.Management/Male/Experienced/ckmk_q_bm_m_e_172344.wav"},"answer":{"fileFormat":"wav","fileSize":2719438,"duration":84980,"samplingBit":16,"channelCount":1,"samplingRate":"16kHz","audioPath":"/Mock/01.Management/Male/Experienced/ckmk_a_bm_m_e_172344.wav"}}}