{"version":"1.0","dataSet":{"info":{"date":"20230116","occupation":"BM","channel":"MOCK","place":"ONLINE","gender":"MALE","ageRange":"35-44","experience":"EXPERIENCED"},"question":{"raw":{"text":"지원자님 지금부터 삼 년 뒤까지 삼 년 내 주요 성장 계획이나 목표가 있습니까 지원자님이 있다면 무엇인지 설명과 함께 이야기 궁금합니다","wordCount":20},"emotion":[],"intent":[]},"answer":{"raw":{"text":"네 지금부터 삼 년 뒤 삼 년 후에 주요 저에 성장 계획이나 어떤 모습일지 어떤 목표를 가져야 할 지에 대해서 한 번 생각해보고 그 부분에 대해서 답변 드리도록 하겠습니다. 삼 년 뒤 면은 길면 길고 짧으면 짧은 시간입니다. 내가 아마 이 회사에 입사하고 삼 년 되면은 어느 정도 이 안정적인 위치와 회사가 어떻게 흘러가는지 회사의 목표가 무엇인지 회사가 어떻게 해야 더욱더 성장한 후 이익을 창출할 수 있을지 그런 부분에서 이제 어느 정도 감이 잡히고 어떻게 방향을 잡아가는 단계일 것 같습니다. 그러면 그때 쯤에는 이제 회사에서도 그 팀에서도 어느 정도 영향력이 있을 것이고 그 상급 단계로 가기 위한 그런 준비 단계이지 않을까 싶습니다. 그서 저는 이제 삼 년 동안에 이제 자기의 개발도 통해서 좀 더 발전 일 시켜서 아마 그때 쯤이면 상급 단계의 업무를 위해서 정말 최선을 다하고 있는 그런 시점이지 않을까 싶습니다. 그래서 제가 원하는 분야 개인적으로나 회사적으로나 원하는 목표를 정해 놓고 진행할 것 같습니다. 이상입니다.","wordCount":146},"emotion":[],"intent":[{"text":"","expression":"","category":"attitude"}],"summary":{"text":"삼 년 뒤면 회사 입사 후 안정적인 위치와 회사의 목표, 이익을 창출할 수 있는 방향을 잡아가는 단계일 것 같습니다. 그때 쯤이면 상급 단계로 가기 위한 준비 단계일 것이고, 저는 상급 단계의 업무를 위해서 최선을 다하고 있는 시점일 것입니다. 이상입니다.","wordCount":39}}},"rawDataInfo":{"question":{"fileFormat":"wav","fileSize":427598,"duration":13360,"samplingBit":16,"channelCount":1,"samplingRate":"16kHz","audioPath":"/Mock/01.Management/Male/Experienced/ckmk_q_bm_m_e_226369.wav"},"answer":{"fileFormat":"wav","fileSize":2638798,"duration":82460,"samplingBit":16,"channelCount":1,"samplingRate":"16kHz","audioPath":"/Mock/01.Management/Male/Experienced/ckmk_a_bm_m_e_226369.wav"}}}