{"version":"1.0","dataSet":{"info":{"date":"20230116","occupation":"BM","channel":"MOCK","place":"ONLINE","gender":"MALE","ageRange":"35-44","experience":"EXPERIENCED"},"question":{"raw":{"text":"어 배달의민족을 사용하시면서 어 해당 어플에서 아쉬웠던 부분이 있아 있으신가요 있으시다면 어떤 부분이 아쉬우셨는지 어 구체적으로 설명해 주시기를 바랍니다","wordCount":19},"emotion":[],"intent":[]},"answer":{"raw":{"text":"저는 배달의 민족과 같은 배달 서비스를 그렇게 신뢰하고 신뢰하지 않고 또한 많이 사용하지도 않습니다. 하지만 종종 배달의 민족을 사용할 때는 있기 때문에 굉장히 어 그 서비스에 대해서 아쉬웠던 부분이 어 있습니다. 일단 어 배달의 민족 같은 경우에는 배송료가 조금 크다고 할 수 있습니다. 어 저는 음식을 주문하 주문하면 보통 이제 제가 직접 가서 찾아오는데요. 가까운 거리에 있다면 걸어가면 되겠지만 먼 거리 있다면은 어 제 차로 직접 가서 음식을 찾아옵니다. 그렇게 되면 보통 기름값이 어 천 원에서 이천 원 정도지만 배달의 민족을 사용한다면은 보통 배송료가 배달료가 삼 사천 원 정도 합니다 .그래서 어 직접 가는 것이 어 굉장히 더 이익이 되고 배달 배달의 민족 같은 배달 서비스가 그런 부분에 대해서 어 큰 단점이 되기도 합니다. 또한 배달 배달의 민족은 배달의 민족을 통해서 음식을 배달하면은 종종 배달 배달부들이 음식을 어 조금 꺼내 먹는 경우도 있다고 저는 들었습니다. 어 또한 저도 저 또한 그 부분에 대해서 그러한 경험을 한 적이 있기 때문에 배달의 민족을 저는 그렇게 시대하지 않고 그런 부분에 있어서 배달의 민족 서비스가 많이 아쉽습니다.","wordCount":163},"emotion":[],"intent":[{"text":"","expression":"","category":"attitude"}],"summary":{"text":"배달의 민족 같은 경우에는 직접 가는 것이 굉장히 더 이익이 되고 배달 배달부들이 음식을 조금 꺼내 먹는 경우도 있다고 들었습니다. 또한 저 또한 그 부분에 대해서 그런 경험을 한 적이 있기 때문에 배달의민족 서비스가 많이 아쉽습니다.","wordCount":36}}},"rawDataInfo":{"question":{"fileFormat":"wav","fileSize":480078,"duration":15000,"samplingBit":16,"channelCount":1,"samplingRate":"16kHz","audioPath":"/Mock/01.Management/Male/Experienced/ckmk_q_bm_m_e_246651.wav"},"answer":{"fileFormat":"wav","fileSize":3271438,"duration":102230,"samplingBit":16,"channelCount":1,"samplingRate":"16kHz","audioPath":"/Mock/01.Management/Male/Experienced/ckmk_a_bm_m_e_246651.wav"}}}