{"version":"1.0","dataSet":{"info":{"date":"20230116","occupation":"BM","channel":"MOCK","place":"ONLINE","gender":"MALE","ageRange":"35-44","experience":"EXPERIENCED"},"question":{"raw":{"text":"만약 일을 하다가 상사에게 어려운 지시를 받으면 어떻게 하시겠습니까 이유도 함께 말씀해 주세요","wordCount":13},"emotion":[],"intent":[]},"answer":{"raw":{"text":"네 업무를 하다가 상급자에게 어려운 지시를 받았거나 아 또 그런 분야에 대해서 어떻게 제가 대응할지에 대해서 한번 답변을 드리겠습니다. 일단 상급자의 의도를 먼저 파악 할 거 같습니다. 상급자가 이런 생각지도 못한 어려운 임무를 주었을 때 어 이 사람이 날 믿고 날 성장 시켜주고 싶어서 어려운 임무를 준 건지 아니면 나에 한계를 보여주기 위한 감정적인 그런 지시 일지를 판단을 해서 이게 뭐 두 가지 상황이어도 결국은 제가 이 업무를 맞추기 위해서 최선을 다 하겠지만 그 저에 그 진정성이라든지 진심 같은 것들이 들어가는 분야가 조금은 틀릴 거 같습니다. 그렇게 봤을 때 어 상급자의 의도를 먼저 파악하고 일단은 못한다는 소리보다는 일단은 내가 하는 만큼의 최선을 다하고 또 조언을 받고 또 많은 경험자들에게 노하우를 받은 뒤에 또 제한될 것 같으면 그 부분에 대해서는 과감하게 어 제한되는 부분이 있을 끔 점을 설명을 해주고 어 거부할 수 있는 그렇게 진행이 될 것 같습니다. 네 이상입니다.","wordCount":139},"emotion":[],"intent":[{"text":"","expression":"","category":"attitude"}],"summary":{"text":"업무 수행 중 상급자에게 어려운 지시를 받았거나 그런 분야에 어떻게 대응할지 답변 드립니다. 우선 상급자의 의도를 파악해 최선을 다하고 많은 경험자들에게 노하우를 받은 뒤에 제한될 것 같으면 제한되는 부분이 있을 끔 설명을 해주고 거부할 수 있는 그렇게 진행이 될 것 같습니다.","wordCount":41}}},"rawDataInfo":{"question":{"fileFormat":"wav","fileSize":332878,"duration":10400,"samplingBit":16,"channelCount":1,"samplingRate":"16kHz","audioPath":"/Mock/01.Management/Male/Experienced/ckmk_q_bm_m_e_226370.wav"},"answer":{"fileFormat":"wav","fileSize":2631118,"duration":82220,"samplingBit":16,"channelCount":1,"samplingRate":"16kHz","audioPath":"/Mock/01.Management/Male/Experienced/ckmk_a_bm_m_e_226370.wav"}}}