{"version":"1.0","dataSet":{"info":{"date":"20230116","occupation":"BM","channel":"MOCK","place":"ONLINE","gender":"MALE","ageRange":"55-","experience":"EXPERIENCED"},"question":{"raw":{"text":"그동안 속해 있었던 조직 단체 속에서 지원자님께서는 주로 어떤 역할을 하는 사람이었는지 지원자님의 생각을 말씀해주시겠습니까","wordCount":15},"emotion":[],"intent":[]},"answer":{"raw":{"text":"그동안 속해 있었던 조직 단체 속에서 지원자님께서는 주로 어떤 역할을 하는 사람이 있는지 말씀해 주시겠습니까 예 저는 신입사원이라든가 중간 직책에 있을 때는 써프트하고 어 도와주는 그러한 역할에 최선을 다했던 것으로 생각합니다. 어느 정도 중년이 되었을 때에는 이제는 리더로서의 역할을 충분히 했다고 생각합니다. 제가 사업도 했었고 어떠한 회사에서 어 큰 일을 많이 했어 왔습니다. 그럴 때마다 경영에 책임을 지고 리더로서의 역할을 하고 또한 아 미래의 먹거리에 대해서 준비하고 계획하고 또한 그것을 어 접목하는 일에 최선을 다해 왔다고 생각합니다. 어 해외 개척에도 어 일가견이 있었고 좋은 네트워크를 통하여서 좋은 아이템과 좋은 거래처와 또한 해외 사업망까지 두루 경험해 왔던 그러한 사례가 있습니다. 어 어쨌든 간에 제가 주로 했던 거는 어 기업의 이윤을 극대화하는 기업의 매출을 어 상승시키는 그러한 일에 여태까지 노력해 왔기 때문에 귀사에도 도움이 될 것이라고 생각합니다.","wordCount":125},"emotion":[],"intent":[{"text":"어 어쨌든 간에 제가 주로 했던 거는 어 기업의 이윤을 극대화하는   기업의 매출을 어 상승시키는 그러한 일에 여태까지 노력해 왔기 때문에 귀사에도 도움이 될 것이라고 생각합니다.","expression":"c_sincere_co","category":"etc"}],"summary":{"text":"저는 신입사원이라든가 중간 직책에 있을 때는 서포트하고 도와주는 그런 역할에 최선을 다했던 것으로 생각합니다. 제가 주로 했던 것은 기업의 이윤을 극대화하는 기업의 매출을 상승시키는 일에 노력해 왔기 때문에 귀사에도 도움이 될 것입니다.","wordCount":32}}},"rawDataInfo":{"question":{"fileFormat":"wav","fileSize":604878,"duration":18900,"samplingBit":16,"channelCount":1,"samplingRate":"16kHz","audioPath":"/Mock/01.Management/Male/Experienced/ckmk_q_bm_m_e_160193.wav"},"answer":{"fileFormat":"wav","fileSize":2738638,"duration":85580,"samplingBit":16,"channelCount":1,"samplingRate":"16kHz","audioPath":"/Mock/01.Management/Male/Experienced/ckmk_a_bm_m_e_160193.wav"}}}