{"version":"1.0","dataSet":{"info":{"date":"20230116","occupation":"BM","channel":"MOCK","place":"ONLINE","gender":"MALE","ageRange":"-34","experience":"EXPERIENCED"},"question":{"raw":{"text":"현재에 따로 진행하고 있는 프로젝트가 있습니까 있다면 어떤 프로젝트인지 간략하게 설명해 주시기 바랍니다","wordCount":13},"emotion":[],"intent":[]},"answer":{"raw":{"text":"저는 현재 재직 중인 회사에서 홈페이지 리뉴얼 개편을 맡고 있습니다. 그래서 그 티에프를 꾸려서 지금 저는 사업 분야 부분을 에 대한 컨텐츠를 제작을 하고 있는데요. 그걸 통해서 지금 현재 재직 중인 회사의 사업에 대해 이해도가 많이 높아졌고 앞으로 어떻게 사업을 꾸려나가는 것이 좋을지에 대해서 많이 알게 되었습니다. 제가 지금 이렇게 지원한 회사에서도 저의 과거 경험들을 살려서 이런 사업들을 어떻게 적용하면 더 좋을지 어떻게 하면 더 효율적으로 운영할 수 있을지를 적용하도록 하겠습니다.","wordCount":71},"emotion":[],"intent":[{"text":"그래서 그 티에프를 꾸려서 지금 저는 사업 분야 부분을 에 대한 컨텐츠를 제작을 하고 있는데요.","expression":"m_admin","category":"technology"}],"summary":{"text":"저는 재직 중인 회사에서 티에프를 꾸려서 사업 분야 부분에 대한 컨텐츠를 제작하고 있습니다. 이를 통해 사업에 대한 이해도를 높이고 어떻게 사업을 꾸려나갈지 많이 알게 되었습니다.","wordCount":25}}},"rawDataInfo":{"question":{"fileFormat":"wav","fileSize":382478,"duration":11950,"samplingBit":16,"channelCount":1,"samplingRate":"16kHz","audioPath":"/Mock/01.Management/Male/Experienced/ckmk_q_bm_m_e_156988.wav"},"answer":{"fileFormat":"wav","fileSize":1260878,"duration":39400,"samplingBit":16,"channelCount":1,"samplingRate":"16kHz","audioPath":"/Mock/01.Management/Male/Experienced/ckmk_a_bm_m_e_156988.wav"}}}