{"version":"1.0","dataSet":{"info":{"date":"20230116","occupation":"BM","channel":"MOCK","place":"ONLINE","gender":"MALE","ageRange":"35-44","experience":"EXPERIENCED"},"question":{"raw":{"text":"현재 많은 대기업들이 해외로 공장을 이전하고 있는데요 본인은 찬성하는지 반대하는지 말씀해 주시겠습니까","wordCount":12},"emotion":[],"intent":[]},"answer":{"raw":{"text":"대기업들은 해외로 공장을 반드시 이전해야 된다고 생각합니다. 왜냐하면 귀족 노조 강성 노조로 인하여 대기업들은 상당히 높은 인건비를 감당해야 합니다. 그런데 그 감당할 수 없는 인건비는 결국 소비자에게 전부 다 전가되게 될 것이고 실제로 기아차 현대차는 매년 엄청나게 높은 인상률에 의해서 십 년 전 이십 년 전에 비해서 물가상승률 대비 자동차 값이 너무 많이 올랐습니다. 그것은 바로 자동차 원자재에 대한 상승분도 있지만 인건비에 대한 상승률이 엄청나게 차지하고 있다고 봅니다. 그럼으로써 대기업들은 해외로 공장을 이전하여 동남아시아 아프리카 등에 있는 값비싼 인력으로 비슷한 품질을 만들어내는 또 하나의 자구책을 마련해야 합니다. 그렇지 않으면 결국 소비자는 점점 더 올라가는 물가를 감당하지 못할 것이고 소비자가 그 물건을 사지 않으면 역시 대기업 또한 파산할 수 있는 위험에 도래할 것입니다.","wordCount":112},"emotion":[],"intent":[{"text":"","expression":"","category":"attitude"}],"summary":{"text":"귀족 노조 강성 노조로 인하여 대기업들은 상당히 높은 인건비를 감당해야 합니다. 그 인건비는 소비자에게 전부 다 전가될 것이고 결국 소비자는 점점 더 오르는 물가를 감당하지 못할 것이고 소비자가 그 물건을 사지 않으면 역시 대기업 또한 파산할 수 있는 위험에 도래할 것입니다.","wordCount":41}}},"rawDataInfo":{"question":{"fileFormat":"wav","fileSize":536398,"duration":16760,"samplingBit":16,"channelCount":1,"samplingRate":"16kHz","audioPath":"/Mock/01.Management/Male/Experienced/ckmk_q_bm_m_e_156380.wav"},"answer":{"fileFormat":"wav","fileSize":2379598,"duration":74360,"samplingBit":16,"channelCount":1,"samplingRate":"16kHz","audioPath":"/Mock/01.Management/Male/Experienced/ckmk_a_bm_m_e_156380.wav"}}}