{"version":"1.0","dataSet":{"info":{"date":"20230116","occupation":"BM","channel":"MOCK","place":"ONLINE","gender":"MALE","ageRange":"55-","experience":"EXPERIENCED"},"question":{"raw":{"text":"지원자님께서 가지고 있는 상위 일 퍼센트의 능력이 있다면 그 능력에 대해 최대한 자세하게 설명해 보세요","wordCount":15},"emotion":[],"intent":[]},"answer":{"raw":{"text":"지원자님께서 가지고 있는 상위 일 퍼센트 능력이 있다면 그 능력을 최대한 자세하게 설명해 주세요 아 네 제가 상위 일 퍼센트 능력이 있다면 어 무엇이 있을까 참 어 어려운 부분입니다. 아 무엇보다도 제가 가지고 있는 장점은 아 서로 융합하고 서로 화해할 수 있는 그러한 적군과도 화해할 수 있는 그러한 아 친화력이라고 볼 수 있습니다. 제가 무엇보다도 아 유한 성격을 가지고 어 덕장과 같은 그런 모습에서 많은 사람들과 많은 어 어려웠던 그런 커스터마와 하고의 그런 관계에서 무엇보다도 어 친밀도가 높았던 그런 모습을 볼 수 있었을 것 같습니다. 제가 어떠한 어 어려움이 있을 때 그 커스터마 고객과의 그러한 어 어려운 관계 속에서도 그 관계를 참으로 어 선의로서 어 만들어가는 그런 모습이 어 능력이라고 볼 수 있습니다. 어떻게 보면 그것을 아 짧은 시간에 배울 수 있는 것들 책을 통해서 쉽게 배울 수 있는 것은 아니라고 생각합니다. 제가 여태까지 가지고 있었던 그러한 모습이었기 때문에 더욱더 강점이라고 생각을 할 수 있습니다.","wordCount":145},"emotion":[],"intent":[{"text":"아 무엇보다도 제가 가지고 있는 장점은 아   서로 융합하고 서로 화해할 수 있는 그러한 적군과도 화해할 수 있는 그러한 아 친화력이라고 볼 수 있습니다.","expression":"c_person","category":"background"}],"summary":{"text":"융합, 화해, 친화력입니다. 제가 가진 장점은 덕장에서 커스터마와 하는 관계에서 친밀도가 높았던 모습을 볼 수 있었던 것 같습니다. 어려운 관계 속에서도 관계를 선의로 만들어가는 모습이 능력이라고 봅니다. 그것을 책을 통해 쉽게 배울 수 있는 것은 아니라고 생각합니다.","wordCount":37}}},"rawDataInfo":{"question":{"fileFormat":"wav","fileSize":381518,"duration":11920,"samplingBit":16,"channelCount":1,"samplingRate":"16kHz","audioPath":"/Mock/01.Management/Male/Experienced/ckmk_q_bm_m_e_159944.wav"},"answer":{"fileFormat":"wav","fileSize":2885838,"duration":90180,"samplingBit":16,"channelCount":1,"samplingRate":"16kHz","audioPath":"/Mock/01.Management/Male/Experienced/ckmk_a_bm_m_e_159944.wav"}}}