{"version":"1.0","dataSet":{"info":{"date":"20230116","occupation":"BM","channel":"MOCK","place":"ONLINE","gender":"MALE","ageRange":"35-44","experience":"EXPERIENCED"},"question":{"raw":{"text":"평소 지원자님은 검색을 자주 하는 편이신가요 그렇다면 어떤 검색을 주로 하시는지 또 왜 그것을 검색하시는지 함께 답변해 주시길 바랍니다","wordCount":19},"emotion":[],"intent":[]},"answer":{"raw":{"text":"제가 요즘 자주 검색하는 것은 빅데이터를 활용한 인공지능 또는 자율 주행입니다. 요즘은 빅데이터라는 말을 여기저기서 많이 쓰는데요. 예전에는 우리가 데이터를 모아서 그냥 하나의 자료로만 활용했습니다. 하지만 이제는 인공 지능을 통해서 빅데이터를 활용하면 어떤 정확한 결론에 도달하게 됩니다 .그래서 빅데이터가 앞으로 세상에 어떻게 펼쳐질 것인지 인공 지능이 머신 러닝이나 딥러닝을 통해서 어떤 제품을 개발하고 어떤 어떤 산업의 전반에 걸쳐서 우리에게 활용이 될 것인지에 대한 논문이라든가 동영상 강의를 많이 보게 됩니다. 현재 바이두나 애플 구글은 자율 주행 삼 점 오 단계에 다달랐고 삼 점 오 단계에 다다른 자율 주행 테스트가 매일 매달 매년 지속되고 있습니다. 저 역시도 현장에서 공장 자동화라든가 어떤 딥러닝을 이용한 로봇 개발에 있어서 많은 관심이 있고 현업에서도 사용하고 있습니다. 앞으로는 이 인공 지능이나 빅데이터가 우리 세상을 어떻게 바꿀 것인지 이미 이천 십 오 년 이후에 디지털 트랜스포메이션이라고 하는 디지털 시대로 완벽한 전환을 이뤘습니다. 이 세상에 적응하기 위해서는 지속적인 끊임없는 이 빅데이터와 인공 지능에 대한 트렌드를 알아야 되고 이것을 알아야 저희도 먹고 살 수 있을 것 같습니다.","wordCount":157},"emotion":[],"intent":[{"text":"","expression":"","category":"attitude"}],"summary":{"text":"바이두나 애플 구글은 자율 주행 삼 점 오 단계에 다다른 자율 주행 테스트가 매일 매달 매년 지속되고 있습니다. 저 역시도 딥러닝을 이용한 로봇 개발에 있어서 많은 관심을 가지고 있으며 현업에서도 사용하고 있습니니다. 앞으로의 시대에 적응하기 위해서는 지속적인 빅데이터와 인공 지능에 대한 트렌드를 알아야 저희는 먹고 살 수 있을 것 같습니다.","wordCount":50}}},"rawDataInfo":{"question":{"fileFormat":"wav","fileSize":598478,"duration":18700,"samplingBit":16,"channelCount":1,"samplingRate":"16kHz","audioPath":"/Mock/01.Management/Male/Experienced/ckmk_q_bm_m_e_191497.wav"},"answer":{"fileFormat":"wav","fileSize":2777038,"duration":86780,"samplingBit":16,"channelCount":1,"samplingRate":"16kHz","audioPath":"/Mock/01.Management/Male/Experienced/ckmk_a_bm_m_e_191497.wav"}}}