{"version":"1.0","dataSet":{"info":{"date":"20230116","occupation":"BM","channel":"MOCK","place":"ONLINE","gender":"MALE","ageRange":"55-","experience":"EXPERIENCED"},"question":{"raw":{"text":"물류 판매업에서 가장 중요한 역량은 무엇이라고 생각합니까","wordCount":7},"emotion":[],"intent":[]},"answer":{"raw":{"text":"물류업을 수행함에 있어 가장 중요한 역량은 무엇이라고 생각하시나요 지원자님께서는 그 역량을 갖추고 계시나요 네 어 물류업을 어 수행하는 데 있어서는 어 정직과 신뢰입니다. 정직이라고 하면은 어 정확한 고객의 제품을 안전하게 갖다 줄 수 있는 부분이고 어 신뢰라고 하면은 어 오늘 발주하면은 내일은 꼭 어 물건을 도달할 수 있는 그런 부분을 책임져야 한다고 생각합니다. 아 안전도 거기에 중요한 역할이라고 할 수 있습니다. 그리고 회사의 어 직원들이 무엇보다도 솔선수범하고 정직과 신뢰와 안전에 그러한 교육에 우선 해야 된다고 생각합니다. 앞으로는 물류업이 더욱더 유행할 것이고 물류업이 더욱더 성장 가능성이 있다고 생각합니다. 아 이런 부분에서도 어 저에게도 정직과 신뢰와 책임 아 또 이런 분야에서 어 적격이라고 생각을 합니다. 아 주어진 그 일에 대해서 최선을 다할 수 있도록 물류업에 맞게 아 그런 리더의 역할을 잘 감당할 수 있도록 하겠습니다.","wordCount":123},"emotion":[],"intent":[{"text":"","expression":"","category":"attitude"}],"summary":{"text":"물류업을 수행함에 있어 가장 중요한 역량은 정직과 신뢰입니다. 정직은 고객의 제품을 안전하게 가져다 줄 수 있는 부분이고 신뢰는 물건을 도달할 수 있는 부분을 책임져야 합니다. 안전도 중요한 역할입니다. 직원들의 솔선수범과 정직, 신뢰, 안전에 대한 교육에 우선 해야 합니다.","wordCount":38}}},"rawDataInfo":{"question":{"fileFormat":"wav","fileSize":259278,"duration":8100,"samplingBit":16,"channelCount":1,"samplingRate":"16kHz","audioPath":"/Mock/01.Management/Male/Experienced/ckmk_q_bm_m_e_160196.wav"},"answer":{"fileFormat":"wav","fileSize":2883918,"duration":90120,"samplingBit":16,"channelCount":1,"samplingRate":"16kHz","audioPath":"/Mock/01.Management/Male/Experienced/ckmk_a_bm_m_e_160196.wav"}}}