{"version":"1.0","dataSet":{"info":{"date":"20230116","occupation":"BM","channel":"MOCK","place":"ONLINE","gender":"MALE","ageRange":"55-","experience":"EXPERIENCED"},"question":{"raw":{"text":"이 직무에 지원한 이유가 무엇인지 말씀해 주시고 본인이 왜 적합한 인재인지도 설명해 주십시오","wordCount":13},"emotion":[],"intent":[]},"answer":{"raw":{"text":"제가 디지털 금융 기획을 지원하게 된 이유는 제 전공이 디지털 금융이었으며 그리고 직장에서 약 이십 년 동안 디지털 금융과 관련된 업무를 수행하여 이 부분에 대한 업무 경력이 다른 사람에 비해서 많이 축적되어 있고 또 다른 사람들보다도 더 잘 할 수 있다 라고 생각이 돼서 지원을 하게 되었습니다. 저는 이십 년 동안 이 직무를 수행하면서 디지털 관련한 서비스를 여러 가지 완성하여 출시를 해서 사용자들로부터 호퐁을 받은 그런 상품 서비스들도 상당수 있습니다. 저는 그러한 것들을 경험을 했고 또 그러한 능력을 갖추고 있으며 요즘 디지털 금융 기획과 관련해서 어느 누구 못지않게 제가 경륜과 경력과 업무 수준이 상당히 높다 라고 제 스스로 자부합니다. 저를 뽑아준다면 회사에서도 큰 인재가 복덩이로 들어왔다 라고 생각을 하실 겁니다.","wordCount":110},"emotion":[],"intent":[{"text":"제가 디지털 금융 기획을 지원하게 된 이유는 제 전공이 디지털 금융이었으며 그리고 직장에서 약 이십 년 동안 디지털 금융과 관련된 업무를 수행하여 이 부분에 대한 업무 경력이 다른 사람에 비해서 많이 축적되어 있고 또 다른 사람들보다도 더 잘 할 수 있다 라고 생각이 돼서 지원을 하게 되었습니다.","expression":"c_sincere_job","category":"etc"}],"summary":{"text":"전공이 디지털 금융이었고 직장에서 약 십 년 동안 디지털 금융과 관련된 업무를 수행하여 업무 경력이 축적되어 있고 다른 사람들보다도 더 잘 할 수 있다 라고 생각되어 디지털 금융 기획을 지원하게 되었습니다. 저는 디지털 관련 서비스를 완성하여 출시하는 상품 서비스들도 많이 있습니다.","wordCount":41}}},"rawDataInfo":{"question":{"fileFormat":"wav","fileSize":325838,"duration":10180,"samplingBit":16,"channelCount":1,"samplingRate":"16kHz","audioPath":"/Mock/01.Management/Male/Experienced/ckmk_q_bm_m_e_239681.wav"},"answer":{"fileFormat":"wav","fileSize":3013838,"duration":94180,"samplingBit":16,"channelCount":1,"samplingRate":"16kHz","audioPath":"/Mock/01.Management/Male/Experienced/ckmk_a_bm_m_e_239681.wav"}}}