{"version":"1.0","dataSet":{"info":{"date":"20230116","occupation":"BM","channel":"MOCK","place":"ONLINE","gender":"MALE","ageRange":"55-","experience":"EXPERIENCED"},"question":{"raw":{"text":"본인은 창의성과 팀워크 중 더 중요한 것은 무엇이라고 생각하세요 근거도 함께 들어 말씀해 주세요","wordCount":14},"emotion":[],"intent":[]},"answer":{"raw":{"text":"아이디어가 많고 다른 사람들에 비해 창의성이 뛰어난 사람이 조직에 있는 것도 중요하지만 조직원 단체이기에 팀워크가 더 중요하다고 생각합니다. 단체 운동 경기를 보더라도 특출 난 한 사람이 있다고 게임을 모두 승리하지는 않습니다. 약간의 승패를 좌우할 수 있거나 우세할 수는 있으나 항상 승리할 수는 없다고 봅니다. 그러나 팀워크가 탄탄한 팀은 조직적으로 잘 갖추어 있기에 승률이 높고 팀이 안정적입니다. 또한 팀워크는 자연스럽게 계승되어 오랫동안 체계적으로 조직된 팀이 되어 쉽게 팀워크가 무너지지 않는다고 봅니다. 여러 관점에서 본다면 창의성과 팀워크 모두 중요하다고 보지만 제 생각에는 개인기가 뛰어난 직원보다는 팀워크에 적응된 직원이 더 중요하다고 보여집니다. 따라서 창의성보다는 팀워크가 조직에서는 더 중요하다고 생각합니다.","wordCount":96},"emotion":[],"intent":[{"text":"","expression":"","category":"attitude"}],"summary":{"text":"조직에서는 창의성보다 팀워크가 더 중요하다고 생각합니다. 창의성과 팀워크 모두 중요하다고 보지만 개인기가 뛰어난 직원보다는 팀워크에 적응된 직원보다 개인기가 뛰어나지 못한 직원이 조직에서는 더 중요합니다.","wordCount":24}}},"rawDataInfo":{"question":{"fileFormat":"wav","fileSize":332878,"duration":10400,"samplingBit":16,"channelCount":1,"samplingRate":"16kHz","audioPath":"/Mock/01.Management/Male/Experienced/ckmk_q_bm_m_e_239680.wav"},"answer":{"fileFormat":"wav","fileSize":2421198,"duration":75660,"samplingBit":16,"channelCount":1,"samplingRate":"16kHz","audioPath":"/Mock/01.Management/Male/Experienced/ckmk_a_bm_m_e_239680.wav"}}}