{"version":"1.0","dataSet":{"info":{"date":"20230116","occupation":"BM","channel":"MOCK","place":"ONLINE","gender":"MALE","ageRange":"35-44","experience":"EXPERIENCED"},"question":{"raw":{"text":"만약 본인이 입사 후 기존에 원하던 일을 못 하게 되었을 경우 어떻게 대처하시겠습니까 그렇게 하실 이유도 함께 말씀해 주세요","wordCount":19},"emotion":[],"intent":[]},"answer":{"raw":{"text":"어 기존에 이제 하던 업무를 못 했을 때에 대해서 말씀드리겠습니다. 어 당연히 이제 회사가 바뀌고 업무가 바뀌게 되면은 당연히 하던 일을 못할 확률이 매우 높을 겁니다. 그런 상황은 당연히 예정돼 있었고 그거에 따라서 또 준비를 한 게 있습니다. 그런 부분에 대해서는 전혀 뭐 걱정할 필요가 없고 당연히 새로운 일을 한다는 것에 대해서는 부담감은 있겠지만 그런 새로운 일을 또 한다는 것은 또 다른 경력이 생기는 거고 또 다른 경험 또 다른 노하우 또 다른 스펙이 될 수 있기 때문에 그런 것은 오히려 더욱 본인에게는 기회가 될 수 있어서 그걸 잘 활용해서 어 좀 더 이제 여러 가지 경험이 많은 직원이 될 수 있을 것 같습니다. 그런 상황이 왔을 때를 대비해서 여러 가지 이제 자격증이나 뭐 이런 스펙들을 준비해 놨기 때문에 또 그 상황에 맞춰서 그 역할에 맞춰서 할 수 있기 때문에 전혀 문제가 되지 않을 것 같습니다. 네 이상입니다.","wordCount":138},"emotion":[],"intent":[{"text":"","expression":"","category":"attitude"}],"summary":{"text":"회사와 업무가 바뀌게 되면 당연히 하던 업무를 못할 확률이 매우 높지만, 새로운 일을 한다는 것은 또 다른 경력이 생기고 또 다른 경험 또 다른 노하우 스펙이 될 수 있기 때문에 그것을 잘 활용해서 여러 가지 경험이 많은 직원이 될 수 있을 것 같습니다.","wordCount":43}}},"rawDataInfo":{"question":{"fileFormat":"wav","fileSize":393998,"duration":12310,"samplingBit":16,"channelCount":1,"samplingRate":"16kHz","audioPath":"/Mock/01.Management/Male/Experienced/ckmk_q_bm_m_e_191753.wav"},"answer":{"fileFormat":"wav","fileSize":2355918,"duration":73620,"samplingBit":16,"channelCount":1,"samplingRate":"16kHz","audioPath":"/Mock/01.Management/Male/Experienced/ckmk_a_bm_m_e_191753.wav"}}}