{"version":"1.0","dataSet":{"info":{"date":"20230116","occupation":"BM","channel":"MOCK","place":"ONLINE","gender":"MALE","ageRange":"35-44","experience":"EXPERIENCED"},"question":{"raw":{"text":"기업 교육 훈련이 계속 변하고 있죠 기업 교육 훈련이 어 십 년 후에 모습은 어떻게 바뀌어 있을 것으로 예상하시는지 간단한 예를 들어서 말씀해 주시기 바랍니다","wordCount":25},"emotion":[],"intent":[]},"answer":{"raw":{"text":"현재 기업에서 하고 있는 기업 훈련은 약 이십 년 삼십 년 전의 모습과 별반 다르지 않습니다. 요즘은 디지털 트랜스 포메이션으로 많은 디지털화 되어있는 시스템들이 갖춰져 있습니다. 특히 이제는 기업 훈련을 할 때는 브이알이라든가 에이알 또는 메타버스를 이용해서 직접 가지 않더라도 현장을 생생하게 느낄 수 있는 메타버스 세상의 캐릭터가 되어야 된다고 생각합니다. 예를 들어서 내가 판매를 에 대한 기업 훈련을 배운다고 하면 실제로 메타버스 세상에 제가 가서 판매할 수 있는 아이콘이나 아니면 캐릭터를 만들어서 제 캐릭터가 가서 실제 제 목소리를 가지고 고객을 상대하는 것입니다. 그랬을 때 실제로 고객이 이렇게 얘기했을 때 어떻게 반응하는지 또 나의 심박동수는 어떻게 바뀌는지 내 표정은 어떻게 바뀌는지를 일일이 기록해서 아 이럴 때 이런 블랙 컨슈머 또는 진상 고객을 만났을 때 이렇게 내가 대처해야겠다. 또는 이렇게 가격 전략이 안 맞았을 때는 어떻게 임기응변으로 빠르게 대응을 해야겠다 라고 하는 멀티버스 세상에서 저희 기록을 하나하나 남기고 그 기록을 가지고 빅데이터화하여 육 개월 후 일 년 후 삼 년 후 오 년 후 어떻게 성장해 나가는지에 대한 끼림 께임에 있는 성장 캐릭터를 비교하듯이 그렇게 바뀌는 것도 좋을 것 같습니다.","wordCount":169},"emotion":[],"intent":[{"text":"","expression":"","category":"attitude"}],"summary":{"text":"기업 훈련을 할 때는 브이알이나 에이알 또는 메타버스를 이용해서 직접 가지 않더라도 현장을 생생하게 느낄 수 있는 메타버스 세상의 캐릭터가 되어야 한다고 생각합니다. 멀티버스 세상에서 기록을 하나하나 기록하고 그 기록을 가지고 빅데이터화하여 어떻게 성장해 나가는지에 대한 성장 캐릭터를 비교하듯이 그렇게 바뀌는 것도 좋습니다.","wordCount":43}}},"rawDataInfo":{"question":{"fileFormat":"wav","fileSize":620238,"duration":19380,"samplingBit":16,"channelCount":1,"samplingRate":"16kHz","audioPath":"/Mock/01.Management/Male/Experienced/ckmk_q_bm_m_e_160222.wav"},"answer":{"fileFormat":"wav","fileSize":2739918,"duration":85620,"samplingBit":16,"channelCount":1,"samplingRate":"16kHz","audioPath":"/Mock/01.Management/Male/Experienced/ckmk_a_bm_m_e_160222.wav"}}}