{"version":"1.0","dataSet":{"info":{"date":"20230116","occupation":"BM","channel":"MOCK","place":"ONLINE","gender":"MALE","ageRange":"45-54","experience":"EXPERIENCED"},"question":{"raw":{"text":"시간이 촉박한 시험 기간에 본인은 어떻게 시간 관리를 하셨나요","wordCount":9},"emotion":[],"intent":[]},"answer":{"raw":{"text":"지금 학창 시절을 생각해보면 시험 기간에서 항상 시간이 부족했던 것 같습니다. 뭐 미리 주리 미리미리 준비한다고 하는데도 뭐 공부란 어떻게 보면 끝이 없는 거니깐 어 항상 시간이 부족했습니다. 어 저는 개인적으로 촉박한 시간이 촉박한 시험 기간에는 일단 우선순위를 좀 정했던 것 같습니다. 어 좀 제가 그 동일한 시간을 사용했을 때 좀 더 효과를 낼 수 있고 어 성과를 낼 수 있는 것부터 어 했던 것 같습니다. 뭐 국영수 같은 경우야 뭐 어 단기간 한다고 해 가지고 성적이 나오는 건 아니겠지만 그래도 암기 과목이라든지 제가 같은 시간을 투자했을 때 어 좀 더 좋은 성적을 낼 수 있는 것을 어 우선 순위를 했습니다. 그런데 사실 뭐 일반 과목이랑 국영수를 중요한 수 순위를 놓고 본다면 비교할 수가 없습니다. 그래서 저는 이 시간이 촉박한 경우에는 어 일의 우선순위 공부의 우선순위를 먼저 정하는 것이 맞다 라고 생각을 합니다. 어떤 것이 나한테 더 중요한 가를 선택해서 동일한 시간 내에서 그것을 수행하는 것이 어 올바른 시간 관리법이라고 생각합니다.","wordCount":151},"emotion":[],"intent":[{"text":"어 저는 개인적으로 촉박한 시간이 촉박한 시험 기간에는   일단 우선순위를 좀 정했던 것 같습니다.","expression":"m_sche","category":"technology"},{"text":"어 좀 제가 그 동일한 시간을 사용했을 때 좀 더 효과를 낼 수 있고 어 성과를 낼 수 있는 것부터   어 했던 것 같습니다.","expression":"m_sche","category":"technology"},{"text":"뭐 국영수 같은 경우야 뭐 어 단기간 한다고 해 가지고 성적이 나오는 건 아니겠지만 그래도 암기 과목이라든지 제가 같은 시간을 투자했을 때   어 좀 더 좋은 성적을 낼 수 있는 것을 어 우선 순위를 했습니다.","expression":"m_sche","category":"technology"},{"text":"그래서 저는 이 시간이 촉박한 경우에는   어 일의 우선순위 공부의 우선순위를 먼저 정하는 것이 맞다 라고 생각을 합니다.","expression":"m_sche","category":"technology"},{"text":"어떤 것이 나한테 더 중요한 가를 선택해서   동일한 시간 내에서 그것을 수행하는 것이 어 올바른 시간 관리법이라고 생각합니다.","expression":"m_sche","category":"technology"}],"summary":{"text":"시험 기간이 촉박한 경우에는 우선순위를 좀 정했습니다. 동일한 시간을 사용했을 때 좀 더 성과를 낼 수 있는 것부터 했습니다. 국영수 같은 경우에는 일반 과목과 국영수를 비교할 수 없기 때문에 우선순위를 정하는 것이 맞다고 생각합니다. 어떤 것이 나한테 더 중요한 가를 선택해서 동일한 시간 내에 수행하는 것이 올바른 시간 관리법이라고 생각합니다.","wordCount":50}}},"rawDataInfo":{"question":{"fileFormat":"wav","fileSize":596558,"duration":18640,"samplingBit":16,"channelCount":1,"samplingRate":"16kHz","audioPath":"/Mock/01.Management/Male/Experienced/ckmk_q_bm_m_e_100890.wav"},"answer":{"fileFormat":"wav","fileSize":2614478,"duration":81700,"samplingBit":16,"channelCount":1,"samplingRate":"16kHz","audioPath":"/Mock/01.Management/Male/Experienced/ckmk_a_bm_m_e_100890.wav"}}}