{"version":"1.0","dataSet":{"info":{"date":"20230116","occupation":"BM","channel":"MOCK","place":"ONLINE","gender":"MALE","ageRange":"35-44","experience":"EXPERIENCED"},"question":{"raw":{"text":"새로운 서비스 또는 제품을 제안해 보시겠습니까","wordCount":6},"emotion":[],"intent":[]},"answer":{"raw":{"text":"네 새로운 서비스 제품 부분에 대해서 어 어떤 것이 장점이 있는 것인지 아니면 미래적인 어 영향력이 무엇이 있을 것인지 생각을 해 봤는데 그 부분에 대해서 답변 드리겠습니다. 어 일단 저는 제품보다는 새로운 서비스 부분에 대해서 말씀드리겠습니다. 어 이제는 점점 플랫폼 회사가 커지고 성장하는 게 이제 다 대부분 아실 겁니다. 그 부분에 있어서 우리도 그런 서비스를 해야 하지 않을까 싶은 부분에서 어 분명히 원하는 부분이 있을 것이고 또 아직 제공되지 않은 서비스가 있을 것입니다. 그걸 연결해 주는 것이 무엇인지에 대해서 생각을 고민을 해보면은 뭐 여러 가지 종류의 서비스가 있을 것입니다. 그러한 서비스를 개발하고 플랫폼화 시켜서 진행을 한다면 그 이 회사의 이익이나 회사의 확장이나 이런 부분에 있어서 엄청난 큰 성과로 나타날 것이라 생각합니다. 그런데 저는 저희 회사도 이런 서비스를 플랫폼화 시키는 게 가장 중요할 것 같고 그러 플랫폼화가 서비스화가 된다면 굉장히 큰 성과를 나타낼 것 같습니다. 이상입니다.","wordCount":135},"emotion":[],"intent":[{"text":"그러한 서비스를 개발하고 플랫폼화 시켜서 진행을 한다면 그 이 회사의 이익이나 회사의 확장이나 이런 부분에 있어서 엄청난 큰 성과로 나타날 것이라 생각합니다.","expression":"c_sincere_co","category":"etc"},{"text":"그런데 저는 저희 회사도 이런 서비스를 플랫폼화 시키는 게 가장 중요할 것 같고 그러 플랫폼화가 서비스화가 된다면 굉장히 큰 성과를 나타낼 것 같습니다.","expression":"c_sincere_co","category":"etc"}],"summary":{"text":"점점 플랫폼 회사가 커지는데 우리는 그런 서비스를 해야 한다고 생각합니다. 아직 제공되지 않은 서비스가 있을 것이고, 그것을 연결해 주는 것이 무엇인지 생각을 해 보면 여러 가지 종류의 서비스가 있을 것입니다. 그런 서비스를 개발하고 플랫폼화시켜서 진행을 한다면 엄청난 성과를 나타낼 것입니다.","wordCount":40}}},"rawDataInfo":{"question":{"fileFormat":"wav","fileSize":243278,"duration":7600,"samplingBit":16,"channelCount":1,"samplingRate":"16kHz","audioPath":"/Mock/01.Management/Male/Experienced/ckmk_q_bm_m_e_214742.wav"},"answer":{"fileFormat":"wav","fileSize":2705358,"duration":84540,"samplingBit":16,"channelCount":1,"samplingRate":"16kHz","audioPath":"/Mock/01.Management/Male/Experienced/ckmk_a_bm_m_e_214742.wav"}}}