{"version":"1.0","dataSet":{"info":{"date":"20230116","occupation":"BM","channel":"MOCK","place":"ONLINE","gender":"MALE","ageRange":"55-","experience":"EXPERIENCED"},"question":{"raw":{"text":"커뮤니케이션을 잘 할 수 있는 지원자님만의 특별한 기술이 있을까요 있다면 신입분들을 위해 이걸 짧게 소개해 주실 수 있을까요 직접 보여주셔도 좋습니다","wordCount":21},"emotion":[],"intent":[]},"answer":{"raw":{"text":"저는 제가 음 맡아야 되거나 아니면 제가 관심 있어 하는 대상인 경우에는 꼭 한 달 정도는 웬만해서는 좀 점심 식사를 같이 자주 하는 편입니다. 일부러 제가 접근해서 다가가서 먼저 어 식사하자고 먼저 많이 권하고요. 그때 이제 너무 부담을 느낄 정도는 아니게 그러니까 한 달이라서 이게 안 좋아 보일 수도 있겠지만 일 주일에 한 많으면 한 네 번 세 네 번 적으면 두 세 번 정도 이제 제가 먼저 뭐 이런 거 어떠냐 저런 거 어떠냐 하면서 먼저 얘기할 것도 찾고 사실 또 얘기를 하면 또 다음 얘깃거리가 생기기 때문에 식사하는 그 시간 동안 또 밥 먹는 게 되게 중요하기 때문에 그런 시간을 짧지만 조금 어떤 굉장히 유용한 그런 시간을 만들어보자 한 한 달 정도는 그 대상에게 쏟는 것 같습니다.","wordCount":119},"emotion":[],"intent":[{"text":"","expression":"","category":"attitude"}],"summary":{"text":"제가 맡아야 되거나 관심 있어 하는 대상인 경우에는 꼭 한 달 정도는 점심 식사를 같이 자주 하는 편입니다. 일부러 제가 접근해서 다가가서 먼저 식사하자고 권합니다. 시간을 짧지만 굉장히 유용한 시간을 만들어보는 것 같습니다.","wordCount":33}}},"rawDataInfo":{"question":{"fileFormat":"wav","fileSize":654478,"duration":20450,"samplingBit":16,"channelCount":1,"samplingRate":"16kHz","audioPath":"/Mock/01.Management/Male/Experienced/ckmk_q_bm_m_e_100013.wav"},"answer":{"fileFormat":"wav","fileSize":2704718,"duration":84520,"samplingBit":16,"channelCount":1,"samplingRate":"16kHz","audioPath":"/Mock/01.Management/Male/Experienced/ckmk_a_bm_m_e_100013.wav"}}}