{"version":"1.0","dataSet":{"info":{"date":"20230116","occupation":"BM","channel":"MOCK","place":"ONLINE","gender":"MALE","ageRange":"35-44","experience":"EXPERIENCED"},"question":{"raw":{"text":"만약 지원자님이 현재 지원한 직무가 아닌 다른 직무에 배치가 된다면 어떻게 하실 건가요","wordCount":13},"emotion":[],"intent":[]},"answer":{"raw":{"text":"처음에는 제가 원했던 직무가 아닌 다른 부서에 배치되면 조금 당황할 것 같습니다. 하지만 제가 꼭 이 직무 때문에 이 회사를 지원한 게 아니라 이 회사의 비전 및 분위기 그리고 모든 것을 확인해서 지원을 했기 땜에 일단은 다른 부서에서 어떤 일을 하는지 확인해 보겠습니다. 그 다른 부서에 배치된 일이 저에게 아주 잘 맞지는 않지만 그래도 어느 정도 할 수 있고 미래의 비전을 제시할 수 있는 곳이라면 저는 그 일도 기꺼이 마다하지 않고 하겠습니다. 왜냐하면 직장생활을 하다보면 자신이 하고 있는 일 하고 싶은 일만 한다고 해서 엄청나게 자신의 커리어가 발전되지는 않습니다. 특히 해 하고 싶은 일 했던 일만 하다보면 우리가 소위 말하는 고인물이 되고 자신만의 프레임에 갇혀서 더는 발전하지 못하는 사례들을 많이 들었습니다. 그렇기 때문에 다른 부서에 배치되어 그 업무도 익히고 그 업무에서 파생된 일을 많이 하고 전문가 수준으로 올라오면 제가 원래 하고자 했던 그 업무의 보직 순환이라든가 보직 이전에 대한 신청을 한 번 해보겠습니다. 그렇게 되면서 제 스스로 성장해 나가는 능력을 가지고 기존에 있던 능력과 새로운 부서에 가서 새로운 능력을 합쳐서 시너지를 낼 수 있는 방법에 대해서 생각해보고 부서장에게 건의를 해 보고 싶습니다.","wordCount":172},"emotion":[],"intent":[{"text":"","expression":"","category":"attitude"}],"summary":{"text":"직장생활을 하다보면 자신이 하고 싶은 일 했던 일이라고 해서 굉장히 자신의 커리어가 발전되지는 않습니다. 다른 부서에 배치되어 그 업무도 익히고 그 업무에서 파생된 일을 많이 하고 전문가 수준으로 올라오면 원래 하고자 했던 그 업무의 보직 순환이라든가 보직 이전에 대한 신청을 한 번 해보겠습니다. 그렇게 되면서 기존에 있던 능력과 새로운 부서에서 시너지를 낼 수 있는 방법에 대해서 생각해보고 부서장에게 건의를 해 보고 싶습니다.","wordCount":62}}},"rawDataInfo":{"question":{"fileFormat":"wav","fileSize":316238,"duration":9880,"samplingBit":16,"channelCount":1,"samplingRate":"16kHz","audioPath":"/Mock/01.Management/Male/Experienced/ckmk_q_bm_m_e_164818.wav"},"answer":{"fileFormat":"wav","fileSize":2725198,"duration":85160,"samplingBit":16,"channelCount":1,"samplingRate":"16kHz","audioPath":"/Mock/01.Management/Male/Experienced/ckmk_a_bm_m_e_164818.wav"}}}