{"version":"1.0","dataSet":{"info":{"date":"20230116","occupation":"BM","channel":"MOCK","place":"ONLINE","gender":"MALE","ageRange":"55-","experience":"EXPERIENCED"},"question":{"raw":{"text":"아 지금 현재 경영 지식을 쌓기 위해서 따로 그 노력한 것이 있으실까요 있다면 어떤 부분인지 말씀해 주시겠습니까","wordCount":17},"emotion":[],"intent":[]},"answer":{"raw":{"text":"경영 지식을 쌓기 위해서 따로 노력하신 일이 있나요 있다면 성과가 있었는지도 궁금합니다. 아 예 제가 경영 지식을 쌓기 위해서는 어 실질적으로 경영을 해 왔습니다. 제품도 개발하고 생산하고 또한 거래처도 발굴하고 영업도 하고 또한 해외 영업도 개척하고 출장도 가고 이러한 노력을 많이 해 왔습니다. 제가 가지고 있는 풍부한 아 경험이 바로 그것이라고 할 수 있습니다. 그걸 통해서 성과는 당연히 있었습니다. 많은 성장도 했지만 경기의 어려움들이 많이 발목을 잡는 경우도 있었습니다. 아 경영의 그 세계화에 어 많은 어려움들 금융 위기들 이런 것들이 저의 아 살아가는 데서 많이 어려웠던 그런 부분도 많이 있었던 것 같습니다. 하지만은 어 여러 가지 노력과 성과가 많이 있었기에 귀사에서 만약에 저를 채용해 주신다면은 어 어려움 없이 어 리더로서 또한 경영에 어 매출을 올리고 어 회사를 성장시키고 또한 어 직원들의 사기를 높이는 일에 최선을 다할 수 있을 것이라고 생각합니다. 참으로 좋은 기회가 될 수 있을 거라고 생각을 합니다.","wordCount":139},"emotion":[],"intent":[{"text":"하지만은   어 여러 가지 노력과 성과가 많이 있었기에 귀사에서 만약에 저를 채용해 주신다면은   어 어려움 없이 어 리더로서 또한 경영에 어 매출을 올리고   어 회사를 성장시키고 또한 어 직원들의 사기를 높이는 일에 최선을 다할 수 있을 것이라고 생각합니다.","expression":"c_sincere_co","category":"etc"}],"summary":{"text":" 제가 경영을 해 왔고, 성과는 당연히 있었습니다. 하지만 경기 어려움들이 발목을 잡는 경우도 있었는데, 귀사에서 저를 채용해 주신다면 리더로서 매출과 회사 성장, 직원들의 사기를 높이는 일에 최선을 다할 수 있을 것입니다.","wordCount":31}}},"rawDataInfo":{"question":{"fileFormat":"wav","fileSize":513998,"duration":16059,"samplingBit":16,"channelCount":1,"samplingRate":"16kHz","audioPath":"/Mock/01.Management/Male/Experienced/ckmk_q_bm_m_e_160202.wav"},"answer":{"fileFormat":"wav","fileSize":2853838,"duration":89180,"samplingBit":16,"channelCount":1,"samplingRate":"16kHz","audioPath":"/Mock/01.Management/Male/Experienced/ckmk_a_bm_m_e_160202.wav"}}}