{"version":"1.0","dataSet":{"info":{"date":"20230116","occupation":"BM","channel":"MOCK","place":"ONLINE","gender":"MALE","ageRange":"55-","experience":"EXPERIENCED"},"question":{"raw":{"text":"정보 전달 채널에는 총 세 가지가 있는데요 그중 멀티채널과 옴니채널이 무엇인지 그 개념과 차이점에 대해서 설명해 주세요","wordCount":17},"emotion":[],"intent":[]},"answer":{"raw":{"text":"멀티 채널과 옴니 채널의 개념과 차이점에 대해 알고 계신가요 아 예 제가 좀 알고 있습니다. 멀티 라고 하면은 아 다기능적인 복합적인 그런 부분을 말합니다. 네트워크가 정말로 그 저기 다양한 분야에 많이 이렇게 그 넓어 있는 그런 부분이라고 봅니다. 옴니 채널이라고 하는 것은 어 저의 그러한 집중적인 그런 분야일 수도 있을 것 같습니다. 요즘에서는 어 그 다양하면서도 깊이 있는 그런 분야가 선호되는 아 상황에 살고 있습니다. 아 그런 분야이기 때문에 제가 이제 집중력이 있으면서 어 복합적인 그런 분야에도 자신이 많이 있습니다. 아 귀사에서 하시는 일들이 어떻게 보면 종합 상사와 같은 그런 일들에서 인재를 필요로 한다고 어 생각이 듭니다. 아 이런 부분에서는 어 무엇보다도 멀티한 그런 부분이 더욱더 힘을 발휘할 것이라고 생각합니다. 아 저에게 주어진다면 아 저의 네트워크와 아 귀사의 그러한 아 일들 가운데 복합적인 서로의 그 시너지가 이루어질 수 있도록 어 최선을 다하는 것이 저의 숙제입니다.","wordCount":135},"emotion":[],"intent":[{"text":"","expression":"","category":"attitude"}],"summary":{"text":"멀티 채널은 다기능적인 복합적인 부분을 말하고, 옴니 채널은 집중적인 분야를 말합니다. 집중력이 있고 복합적인 분야에도 자신이 있습니다. 종합 상사와 같은 일에서 인재를 필요로 합니다. 네트워크와 귀사의 복합적인 시너지가 이루어질 수 있도록 최선을 다해야 합니다.","wordCount":34}}},"rawDataInfo":{"question":{"fileFormat":"wav","fileSize":435278,"duration":13600,"samplingBit":16,"channelCount":1,"samplingRate":"16kHz","audioPath":"/Mock/01.Management/Male/Experienced/ckmk_q_bm_m_e_160195.wav"},"answer":{"fileFormat":"wav","fileSize":2750798,"duration":85960,"samplingBit":16,"channelCount":1,"samplingRate":"16kHz","audioPath":"/Mock/01.Management/Male/Experienced/ckmk_a_bm_m_e_160195.wav"}}}