{"version":"1.0","dataSet":{"info":{"date":"20230116","occupation":"BM","channel":"MOCK","place":"ONLINE","gender":"MALE","ageRange":"35-44","experience":"EXPERIENCED"},"question":{"raw":{"text":"지원자님께서는 과거에 이직을 몇 번 하신 적이 있는데요 이전 직장들을 그만두었을 때 특별한 이유가 있었나요 그리고 입사를 하게 되어서 같은 이유로 그만둘 가능성이 있으신가요","wordCount":24},"emotion":[],"intent":[]},"answer":{"raw":{"text":"어 이전 직장은 제가 그만둔 사유에 대해서 답변드리고 또 현 직장에서는 그게 적용되지 않을 않을 수 있다는 그런 가능성을 말씀드리겠습니다. 일단 이전 직장에서 그만두겐 이유는 어 가장 큰 거는 매너리즘이었습니다. 어 그 전 회사에서 한 육 년 차 정도 됐었습니다. 그러다 보니까 조금 소규모 회사이기도 하다 보니까 회사가 다음날 일어날 일 일 주일 뒤에 일어날 일 한 일 년 뒤에 일어날 기까지도 눈앞에 다 그려지는 상황이 왔었습니다. 그런데 또 그 상황에서 또 다른 업무 그 윗 단계 업무가 있었다면은 또 그 상황을 잘 극복해 나갈 수 있었을 것 같습니다. 그런데 이제 좀 소규모 회사다 보니까 나의 열정과 나의 능력을 펼칠 수가 없는 곳이다 라고 판단이 들었습니다. 그래서 지금 이 회사에 지원하게 됐는데 이 회사에서는 그런 매너리즘에 빠질 틈이 없을 겁니다. 이 파트를 제가 정통하게 되면은 또 다음 파트가 있을 것이고 그 윗 단계 파트가 있을 것이고 그렇기 때문에 그런 매너리즘에 빠지지 않을 것 같아서 인식을 개신하게 되었습니다. 네 이상입니다.","wordCount":149},"emotion":[],"intent":[{"text":"","expression":"","category":"attitude"}],"summary":{"text":"이전 직장은 제가 그만둔 사유에 대해서 답변드리고 현 직장에서는 그게 적용되지 않을 수 있다는 그런 가능성을 말씀드리겠습니다. 일단 이전 직장에서 그만두겐 이유는 가장 큰 거는 매너리즘이었습니다. 전 회사에서 한 육 년 차 정도 됐고, 소규모 회사라서 다음 파트가 없을 것 같아 인식을 개신하게 되었습니다.","wordCount":44}}},"rawDataInfo":{"question":{"fileFormat":"wav","fileSize":582478,"duration":18200,"samplingBit":16,"channelCount":1,"samplingRate":"16kHz","audioPath":"/Mock/01.Management/Male/Experienced/ckmk_q_bm_m_e_138918.wav"},"answer":{"fileFormat":"wav","fileSize":2638798,"duration":82460,"samplingBit":16,"channelCount":1,"samplingRate":"16kHz","audioPath":"/Mock/01.Management/Male/Experienced/ckmk_a_bm_m_e_138918.wav"}}}