{"version":"1.0","dataSet":{"info":{"date":"20230116","occupation":"BM","channel":"MOCK","place":"ONLINE","gender":"MALE","ageRange":"55-","experience":"EXPERIENCED"},"question":{"raw":{"text":"어 지원자님께서 입사 후에 어 근무를 하시다가 어 지원한 분야가 지원자님과 잘 맞지 않는다는 사실을 깨닫는다면 어떻게 하시겠습니까","wordCount":18},"emotion":[],"intent":[]},"answer":{"raw":{"text":"입사 후 근무를 하면서 정작 지원하는 분야가 지원자님과 잘 맞지 않다는 사실을 깨닫는다면 어떻게 하실 생각입니까 예 제가 여태까지 일을 하면서 여러 종류의 일을 했었고 여러 부서에 일을도 했었습니다. 하지만 분야가 안 맞는다고 해 가지고 어 쉽게 포기한 적도 없었고 오랫동안 아 그 일을 맡아서 진행했던 경험들이 많이 있습니다. 전혀 맞지 않는다고 하면은 제가 아 정중히 그 일은 저한테 맞지 않고 다른 쪽으로 어 옮겨 달라고 어 얘기할 수 밖에 없을 거 같습니다. 아 제가 이제 신체적인 부분이라든가 정신적인 부분이라든가 잘 안 맞는 부분이 있다면 그런 부분들은 어 서로 고려의 대상이라고 생각이 듭니다. 어 왜냐하면 회사의 유익을 끼치 되고 회사의 이윤을 창출할 수 밖에 없는 그런 분야에 안 맞는다면 그것이 더 큰 문제일 수가 있습니다. 그럴 때일수록 더욱더 어 맞춰나가는 것이 중요하고 서로의 소통의 능력이 이런 데서 또한 발휘한다고 볼 수 있습니다. 이럴 때일수록 어 제가 솔직하고 담백하게 얘기를 함으로 해서 문제를 해결해야 될 것으로 생각합니다.","wordCount":146},"emotion":[],"intent":[{"text":"","expression":"","category":"attitude"}],"summary":{"text":"지원하는 분야가 맞지 않는다면 다른 쪽으로 옮겨 달라고 말할 수 밖에 없을 것 같습니다. 회사와 이윤을 창출할 수 밖에 없는 분야에 안 맞는다면 그것은 더 큰 문제일 수 있습니다. 그럴 때일수록 저는 솔직하고 담백하게 얘기를 해서 문제를 해결해야 될 것으로 생각합니다.","wordCount":41}}},"rawDataInfo":{"question":{"fileFormat":"wav","fileSize":569358,"duration":17790,"samplingBit":16,"channelCount":1,"samplingRate":"16kHz","audioPath":"/Mock/01.Management/Male/Experienced/ckmk_q_bm_m_e_159952.wav"},"answer":{"fileFormat":"wav","fileSize":2774158,"duration":86690,"samplingBit":16,"channelCount":1,"samplingRate":"16kHz","audioPath":"/Mock/01.Management/Male/Experienced/ckmk_a_bm_m_e_159952.wav"}}}