{"version":"1.0","dataSet":{"info":{"date":"20230116","occupation":"BM","channel":"MOCK","place":"ONLINE","gender":"MALE","ageRange":"35-44","experience":"EXPERIENCED"},"question":{"raw":{"text":"태어나서 지금까지 해오신 일들 중에 가장 후회했던 일이 있다면 무엇인가요 한 가지만 골라서 구체적으로 말씀해 주세요","wordCount":16},"emotion":[],"intent":[]},"answer":{"raw":{"text":"제가 인생을 살면서 가장 후회했던 일은 바로 중학교 삼 학년 때 고등학교를 입학하는 원서를 쓸 때의 일입니다. 저는 중학교 삼 학년 때까지 성적이 상위 오 퍼센트 안에 드는 수준이어서 특목고를 갈 수 있었고 특목고를 부모님이 지원하라고 그렇게 얘기했지만 저는 특목고에 가서 하루에 열 다섯 시간씩 삼 년 이상 공부할 자신이 없었습니다. 특히나 공부 잘하는 학생들과 무한 경쟁을 하면서 스 학업에 대한 스트레스와 압박을 받고 싶지 않아서 그리고 또는 여자친구를 사귀고 싶어서 공부를 좀 못하는 남녀 공학으로 제 마음대로 갑자기 바꿔버렸습니다. 그때 부모님과 담임 선생님에게 엄청나게 며칠 동안 시달리고 혼나면서 왜 이렇게 바보 같은 결정을 했냐고 주변에서도 많은 핀잔을 들었습니다. 저는 부모님에게 뱀에 머리가 돼서 그곳에서 더 좋은 성적을 받아 좋은 대학교를 가겠습니다 전 할 수 있습니다 라고 어린 마음에 객기에 그렇게 대답했습니다. 그런데 학교를 다닐 때마다 성적은 점점 떨어지고 학년이 올라갈 때마다 저는 점점 자신이 없었고 학업에 스트레스도 많았고 흥미가 없었습니다. 그러고 결국 내신도 안 좋아져서 고 삼 때 대학 수학능력시험을 보고 점수도 안 나와서 결국은 저는 재수를 할 수 밖에 없어서 가장 후회를 많이 했습니다.","wordCount":166},"emotion":[],"intent":[{"text":"","expression":"","category":"attitude"}],"summary":{"text":"중학교 삼학년 때 고등학교를 입학하는 원서를 쓸 때의 일이 가장 후회스러웠습니다. 특목고에서 삼 년 이상 공부할 자신이 없었고, 학업에 스트레스와 압박을 받고 싶지 않아 남녀 공학으로 바꾸었습니다. 학교 다닐 때마다 성적은 점점 떨어지고 학년이 올라갈 때마다 저는 점점 자신이 없었습니다. 결국 내신도 안 좋아져서 고3 때 재수를 할 수 밖에 없어서 가장 후회를 많이 했습니다.","wordCount":55}}},"rawDataInfo":{"question":{"fileFormat":"wav","fileSize":609358,"duration":19040,"samplingBit":16,"channelCount":1,"samplingRate":"16kHz","audioPath":"/Mock/01.Management/Male/Experienced/ckmk_q_bm_m_e_197393.wav"},"answer":{"fileFormat":"wav","fileSize":2839118,"duration":88720,"samplingBit":16,"channelCount":1,"samplingRate":"16kHz","audioPath":"/Mock/01.Management/Male/Experienced/ckmk_a_bm_m_e_197393.wav"}}}