{"version":"1.0","dataSet":{"info":{"date":"20230116","occupation":"BM","channel":"MOCK","place":"ONLINE","gender":"MALE","ageRange":"35-44","experience":"EXPERIENCED"},"question":{"raw":{"text":"일을 하다 보면 예정에 없던 스케줄이 생길 때가 많이 있습니다 만약 이런 상황이 생긴다면 지원자님께서는 어떻게 대처를 하실지 궁금합니다 상황을 그려서 말씀해 주세요","wordCount":23},"emotion":[],"intent":[]},"answer":{"raw":{"text":"직장 생활을 하다 보면 항상 변수라는 것이 생깁니다. 우리가 생각했던 스케줄에 없던 또 다른 업무가 생긴다면 그것 또한 먼저 처리해야 되는 업무 중의 하나라고 생각합니다. 우리는 매니저가 되거나 아니면 어느 정도 이상의 직장 경력을 가지면 항상 모든 변수에 대응하는 능력을 기릅니다. 그게 바로 스케줄에 없던 일이라든가 과도한 업무량 또는 갑작스럽게 매출이 늘어나서 생산량이 늘어나거나 판매량이 늘어나서 물건을 조달해야 되는 특별한 스케줄을 말하는 것입니다. 저는 스케줄이 없던 많던 간에 그거를 조정하는 코디네이터로서 능력이 있다고 생각하고 이런 일이 생겼을 때 어떻게 스케줄을 조정해야 되는지 각 협업 부서와 논의를 해보고 미룰 수 있는 일은 최대한 미루고 빨리 해야 되는 일은 빨리 함으로써 그 스케줄을 최대한 맞출 수 있을 것 같습니다.","wordCount":107},"emotion":[],"intent":[{"text":"저는 스케줄이 없던 많던 간에 그거를 조정하는 코디네이터로서 능력이 있다고 생각하고 이런 일이 생겼을 때 어떻게 스케줄을 조정해야 되는지 각 협업 부서와   논의를 해보고 미룰 수 있는 일은 최대한 미루고 빨리 해야 되는 일은 빨리 함으로써 그 스케줄을 최대한 맞출 수 있을 것 같습니다.","expression":"m_sche","category":"technology"}],"summary":{"text":"저는 스케줄이 없던 많던 간에 코디네이터로서 능력이 있다고 생각하고 어떻게 스케줄 조정해야 되는지 각 협업 부서와 논의를 해보고 미룰 수 있는 일은 최대한 미루고 빨리 해야 되는 일은 빨리 함으로써 그 일정을 최대한 맞출 수 있을 것 같습니다.","wordCount":38}}},"rawDataInfo":{"question":{"fileFormat":"wav","fileSize":602318,"duration":18820,"samplingBit":16,"channelCount":1,"samplingRate":"16kHz","audioPath":"/Mock/01.Management/Male/Experienced/ckmk_q_bm_m_e_164815.wav"},"answer":{"fileFormat":"wav","fileSize":1780878,"duration":55650,"samplingBit":16,"channelCount":1,"samplingRate":"16kHz","audioPath":"/Mock/01.Management/Male/Experienced/ckmk_a_bm_m_e_164815.wav"}}}