{"version":"1.0","dataSet":{"info":{"date":"20230116","occupation":"BM","channel":"MOCK","place":"ONLINE","gender":"MALE","ageRange":"35-44","experience":"EXPERIENCED"},"question":{"raw":{"text":"어 지원자님께서는 혹시 매일 공부하고 있는 분야가 따로 있으신가요 있으시다면 그 분야를 왜 공부하고 있는지도 함께 설명해 주시기를 바랍니다","wordCount":19},"emotion":[],"intent":[]},"answer":{"raw":{"text":"어 지금 최근에 이제 왜 공부하는 분야는 일단 제가 경영학과를 나왔고 어 회사를 경영하거나 직원으로서 경영을 하거나 모든 분야에서는 이 돈의 흐름을 모른다면은 회사의 이익이 어떻게 창출이 되는지 회사의 발전에 대해서 고민을 할 수 없다고 생각합니다. 결국은 개인적으로나 회사적으로 봤을 때 이 돈의 흐름을 알아야 어 모든 것에 다 어떻게 해야 발전이 되는지를 알 수 있기 때문에 최근에는 이 돈에 대해서 좀 공부를 하는 것 같습니다. 이 자본주의 대한민국에서 돈의 흐름을 어디까지 이해하고 어 이걸 적용을 시켜야 어 개인이나 회사에 이익이 될 수 있는 걸 알기 때문에 어 그러다 보니 자연스럽게 인제 재테크 분야 뭐 투자 분야 뭐 이런 분야도 좀 관심을 갖게 되는 것 같고 그런 부분에 있어서는 공부하는 거는 이제 유투브나 관련 서적 그리고 이제 주말 같은 때를 이용해서 어 전문가에 의한 강의 같은 것도 들으러 다니고 있습니다. 그래서 지금 최근에 공부하는 분야는 돈의 흐름에 대해서 공부하고 있겠습니다. 이상입니다.","wordCount":141},"emotion":[],"intent":[{"text":"","expression":"","category":"attitude"}],"summary":{"text":"요즘 공부하는 분야는 돈의 흐름을 알기 위해서 입니다. 자본주의 사회에서 돈의 흐름의 어디까지 이해하고 적용을 해야 개인이나 회사에 이익이 될 수 있기 때문에 최근에 돈의 흐름에 대해서 공부하고 있습니다.","wordCount":29}}},"rawDataInfo":{"question":{"fileFormat":"wav","fileSize":454158,"duration":14190,"samplingBit":16,"channelCount":1,"samplingRate":"16kHz","audioPath":"/Mock/01.Management/Male/Experienced/ckmk_q_bm_m_e_214729.wav"},"answer":{"fileFormat":"wav","fileSize":2597198,"duration":81160,"samplingBit":16,"channelCount":1,"samplingRate":"16kHz","audioPath":"/Mock/01.Management/Male/Experienced/ckmk_a_bm_m_e_214729.wav"}}}