{"version":"1.0","dataSet":{"info":{"date":"20230116","occupation":"BM","channel":"MOCK","place":"ONLINE","gender":"MALE","ageRange":"35-44","experience":"EXPERIENCED"},"question":{"raw":{"text":"만약 기차가 운행 시에 산사태로 삼십 분 동안 정차가 돼 있다고 가정을 해 봅시다 이때 지원자님께서 관리자의 위치에 계시다면 어떻게 대처하실 생각이신가요","wordCount":22},"emotion":[],"intent":[]},"answer":{"raw":{"text":"열차 내에 있는 모든 승객들에게 가장 먼저 안내 멘트를 드립니다. 열차 내에 있는 모든 고객님 지금 이러이러한 이유로 삼십 분 동안 열차가 정차되고 있습니다. 조만간 신속하게 복구하여 빠르게 운행 가동하도록 하겠습니다 라고 이야기합니다 .그리고 각 열 차 내에 비상 상황 또는 응급 환자가 발생했는지를 파악합니다. 응급 환자가 발생했을 경우 구급 키트로 인하여 사람들을 빨리 치료할 수 있도록 하고 열차 내에 의료인이 인이 있는지 먼저 확인을 합니다. 그렇게 해서 긴급 상황이 발생하면 심폐 소생술를 통해서 환자를 살리도록 하겠습니다. 그리고 어떤 문제로 인하여 문제가 발생했고 지금 사태가 어떻게 되는지 정확하게 부기 기장과 파악하여 본부와 연락 체계를 유지하도록 하겠습니다. 그리고 추위에 떨고 있거나 배고픔을 느끼고 있는 승객들에게 음식을 나눠 주겠습니다. 삼십 분 안에 해결할 수 있는 방안이 무엇인지 얘기하고 일 일 구에 먼저 또 신고를 하겠습니다.","wordCount":123},"emotion":[],"intent":[{"text":"","expression":"","category":"attitude"}],"summary":{"text":"열차 내에 비상 상황 또는 응급 환자가 발생했는지를 파악하여 응급 환자가 발생했을 경우 구급 키트로 사람들을 빨리 치료할 수 있도록 하고 열차 내에 의료인이 있는지 먼저 확인을 해서 긴급 상황이 발생하면 심폐 소생술로 환자를 살리도록 하겠습니다.","wordCount":36}}},"rawDataInfo":{"question":{"fileFormat":"wav","fileSize":535758,"duration":16740,"samplingBit":16,"channelCount":1,"samplingRate":"16kHz","audioPath":"/Mock/01.Management/Male/Experienced/ckmk_q_bm_m_e_191494.wav"},"answer":{"fileFormat":"wav","fileSize":2131278,"duration":66600,"samplingBit":16,"channelCount":1,"samplingRate":"16kHz","audioPath":"/Mock/01.Management/Male/Experienced/ckmk_a_bm_m_e_191494.wav"}}}