{"version":"1.0","dataSet":{"info":{"date":"20230116","occupation":"BM","channel":"MOCK","place":"ONLINE","gender":"MALE","ageRange":"-34","experience":"EXPERIENCED"},"question":{"raw":{"text":"전공 이외에 지원자님이 수준급의 실력이 될 정도로 노력한 어떤 분야가 있을까요 그렇다면 전공과 관련해서 어떤 도움을 줄 수 있는지도 궁금합니다","wordCount":20},"emotion":[],"intent":[]},"answer":{"raw":{"text":"저는 회사를 재직하면서 엠에스 오피스 활용 능력이 굉장히 향상됐습니다. 이것은 어느 자리를 가더라도 제가 자신 있게 말할 수 있는 부분인데요. 이것은 제가 전공한 경제학과도 많이 연관이 있어서 데이터 분삭이라든가 피피티를 통한 문서 작성 등에 많이 연관이 되어 그 부분이 많이 도움을 주고 있습니다. 그래서 저의 제가 지원한 경영 사무 부분에서도 이 능력을 살려서 업무에 더 업무를 더 향상하도록 노력하겠습니다. 감사합니다.","wordCount":60},"emotion":[],"intent":[{"text":"저는 회사를 재직하면서 엠에스 오피스 활용 능력이 굉장히 향상됐습니다.","expression":"m_admin","category":"technology"}],"summary":{"text":"저는 경영 사무 부분에 있어서 엠에스 오피스 활용 능력이 굉장히 향상됐습니다. 앞으로 이 능력을 살려서 업무에 더 업무를 더 향상하도록 노력하겠습니다.","wordCount":21}}},"rawDataInfo":{"question":{"fileFormat":"wav","fileSize":473678,"duration":14800,"samplingBit":16,"channelCount":1,"samplingRate":"16kHz","audioPath":"/Mock/01.Management/Male/Experienced/ckmk_q_bm_m_e_156989.wav"},"answer":{"fileFormat":"wav","fileSize":1148878,"duration":35900,"samplingBit":16,"channelCount":1,"samplingRate":"16kHz","audioPath":"/Mock/01.Management/Male/Experienced/ckmk_a_bm_m_e_156989.wav"}}}