{"version":"1.0","dataSet":{"info":{"date":"20230116","occupation":"BM","channel":"MOCK","place":"ONLINE","gender":"MALE","ageRange":"-34","experience":"EXPERIENCED"},"question":{"raw":{"text":"만약 해외로 진출할 기회가 생긴다면 진출하고 싶은 나라가 있는지 한번 여쭤볼게요","wordCount":11},"emotion":[],"intent":[]},"answer":{"raw":{"text":"저는 영어로 외국인들과 말하는 걸 굉장히 좋아하는데요. 그래서 조금 단편적으로 생각하자면 미국에서 일을 하고 싶습니다. 저희 회사가 미국으로 진출을 하게 된다면 미국은 굉장히 다국적의 나라입니다. 흑인들도 많고 백인들도 많고 혼혈도 많고 아시아인도 많습니다. 그래서 거의 세계 공통화가 영어인 상황에서 이 영어를 모국어로 쓰는 가장 강대국 미국이라는 기회의 장에서 또 다른 나라로 진출할 수 있는 굉장히 중요한 좋은 기회라고 생각하기 때문에 저는 생각하기에 해외로 진출한다면 미국으로 진출하는 것이 좋을 것 같습니다.","wordCount":70},"emotion":[],"intent":[{"text":"","expression":"","category":"attitude"}],"summary":{"text":"영어를 모국어로 쓰는 강대국 미국이라는 기회의 장에서 또 다른 나라로 진출할 수 있는 좋은 기회라고 생각하기 때문에 해외 진출시 미국으로 진출하는 것이 좋다고 생각합니다.","wordCount":24}}},"rawDataInfo":{"question":{"fileFormat":"wav","fileSize":247118,"duration":7720,"samplingBit":16,"channelCount":1,"samplingRate":"16kHz","audioPath":"/Mock/01.Management/Male/Experienced/ckmk_q_bm_m_e_105986.wav"},"answer":{"fileFormat":"wav","fileSize":1950158,"duration":60940,"samplingBit":16,"channelCount":1,"samplingRate":"16kHz","audioPath":"/Mock/01.Management/Male/Experienced/ckmk_a_bm_m_e_105986.wav"}}}