{"version":"1.0","dataSet":{"info":{"date":"20230116","occupation":"BM","channel":"MOCK","place":"ONLINE","gender":"MALE","ageRange":"35-44","experience":"EXPERIENCED"},"question":{"raw":{"text":"지원자님께서 협업을 하면서 가장 어려웠던 것과 그 어려움을 어떻게 해결했는지 함께 설명과 말씀해 주세요","wordCount":14},"emotion":[],"intent":[]},"answer":{"raw":{"text":"어 지금까지 수많은 협업을 하면서 겪었던 일들이 있었는데 순탄하게 흘러가는 협업 관계가 있었고 또는 이제 여러 가지 의사소통의 문제라든지 갈등 요소로 인해서 좀 힘겨웠던 그런 기억이 있는 협업 과제도 있었던 것 같습니다. 일단 협업이라는 게 결국은 협동심을 만들어 내는 건데 어 그 부분에 있어서 조금은 애로사항이 있는 것 같습니다. 왜 그러냐면 사람들 간에 살아온 가치관이 틀리고 또 이 프로젝트에 따른 또 추구하는 방향이 틀릴 것이고 하기 때문에 그런 것들을 잘 조율해 내는 게 협업을 성공적으로 하고 또 음 서로의 그 회사의 이익을 또는 개인의 발전을 위해서 도움이 될 것 같습니다. 그래서 협업을 하면서 어려웠던 부분은 이제 의사소통 문제였고 좋았던 부분은 의사소통 문제가 순탄하게 끝나고 결론이 지어지는 그리고 한 가지 목표만을 향해서 달릴 수 있었을 때 그때 순탄했던 그런 협업이 있었던 것 같습니다. 그래서 그런 것들을 극복하기 위해서는 어 팀원들 간에 어 의사를 잘 존중해 주고 잘 경청하다 보면은 그 해결 방법이 나올 것 같습니다. 이상입니다.","wordCount":145},"emotion":[],"intent":[{"text":"그래서 그런 것들을 극복하기 위해서는 어 팀원들 간에   어 의사를 잘 존중해 주고 잘 경청하다 보면은 그 해결 방법이 나올 것 같습니다.","expression":"c_confl_mg","category":"personality"}],"summary":{"text":"수많은 협업을 하면서 의사소통 문제, 갈등 요소로 힘겨웠던 적이 있었습니다. 협업은 협동심을 만들어 내는 것인데 가치관, 추구하는 방향 등이 잘 조율해 내는 게 협업에 도움이 될 것 같습니다. 그래서 의사소통 문제가 순탄하게 끝나고 한 가지 목표만을 향해 달릴 수 있었을 때 좋았던 협업이 있었던 것 같았습니다.","wordCount":46}}},"rawDataInfo":{"question":{"fileFormat":"wav","fileSize":413838,"duration":12930,"samplingBit":16,"channelCount":1,"samplingRate":"16kHz","audioPath":"/Mock/01.Management/Male/Experienced/ckmk_q_bm_m_e_146715.wav"},"answer":{"fileFormat":"wav","fileSize":2706958,"duration":84590,"samplingBit":16,"channelCount":1,"samplingRate":"16kHz","audioPath":"/Mock/01.Management/Male/Experienced/ckmk_a_bm_m_e_146715.wav"}}}