{"version":"1.0","dataSet":{"info":{"date":"20230116","occupation":"BM","channel":"MOCK","place":"ONLINE","gender":"MALE","ageRange":"35-44","experience":"EXPERIENCED"},"question":{"raw":{"text":"혹시 지원자님이 매일 공부하고 있는 분야가 따로 있으십니까 있다면 왜 공부하는지도 함께 설명해 주세요","wordCount":14},"emotion":[],"intent":[]},"answer":{"raw":{"text":"어 제가 매일 공부하고 자기계발에 대해서 요즘에 집중하고 있는 부분에 대해서 말씀드리겠습니다. 어 일단 경영 파트에서 유통의 원리를 이해를 못하고 자본주의에 대해서 이해를 못 한다면 어 이 경영 파트에서는 회사의 이익을 낼 수가 없다고 생각을 합니다. 그래서 요즘에 유통관리사 자격지랑을 준비하고 있고 그거를 어 삼 개월 이내에 요번에 올해 안에 취득하는 걸 목표로 하고 있습니다. 또한 자본주의 세상을 이해를 해야 어 회사가 어떻게 운영이 되는지 회사의 흐름이 어떻게 되는지 판단이 설 겁니다. 그래서 인제 자본주의 또는 재테크 또는 돈의 흐름 돈이 무엇인지 이런 것들에 대해서 좀 관심이 많이 생겨서 그런 부분에 대한 서적도 많이 읽고 있고 어 또 유튜브 이런 데서 도움을 받아서 어 개인적으로 공부를 좀 하고 있는 것 같습니다. 그래서 그 부분은 한 형 삼 년 까지는 이어지지 않을까 싶습니다. 그래서 이런 돈의 흐름이나 이런 재테크 부분에 대해서 관심이 많아진 것 같습니다. 네 이상입니다.","wordCount":136},"emotion":[],"intent":[{"text":"그래서 요즘에 유통관리사 자격지랑을 준비하고 있고 그거를 어 삼 개월 이내에   요번에 올해 안에 취득하는 걸 목표로 하고 있습니다.","expression":"c_chl","category":"personality"}],"summary":{"text":"경영 파트에서 유통의 원리와 자본주의를 이해하지 못하면 회사의 이익을 낼 수 없다고 생각하여 유통관리사 자격지랑을 준비하고 있습니다. 자본주의 세상을 이해를 해야 회사의 운영과 회사의 흐름이 어떻게 되는지 판단이 설 것 같습니다. 돈의 흐름이나 재테크 부분에 관심이 많아진 것 같습니다.","wordCount":39}}},"rawDataInfo":{"question":{"fileFormat":"wav","fileSize":387598,"duration":12110,"samplingBit":16,"channelCount":1,"samplingRate":"16kHz","audioPath":"/Mock/01.Management/Male/Experienced/ckmk_q_bm_m_e_138922.wav"},"answer":{"fileFormat":"wav","fileSize":2642638,"duration":82580,"samplingBit":16,"channelCount":1,"samplingRate":"16kHz","audioPath":"/Mock/01.Management/Male/Experienced/ckmk_a_bm_m_e_138922.wav"}}}