{"version":"1.0","dataSet":{"info":{"date":"20230116","occupation":"BM","channel":"MOCK","place":"ONLINE","gender":"MALE","ageRange":"35-44","experience":"EXPERIENCED"},"question":{"raw":{"text":"어 지원자님께서 이 분야에 관심을 가지게 된 이유가 있으실 텐데요 그 이유가 무엇인지 궁금합니다 또 지원을 하게 된 동기가 어떤 것인지도 말씀해 주시기를 바랍니다","wordCount":24},"emotion":[],"intent":[]},"answer":{"raw":{"text":"면접관님들이 아시는 것처럼 저는 오랜 교육 경력을 갖추고 있습니다. 우선 저는 첫 직장이었던 공군에서부터 교육 업무를 시작하여 이후 다른 여러 직장에서 계속 교육업을 맡아 왔습니다. 그렇기 때문에 귀사의 에이치알이 포지션을 제가 굉장히 자신 있게 할 수 있는 부분이고 그보다 더 중요한 것은 귀사가 환경보호에 앞장서서 회사를 경영하기 때문입니다. 환경은 현재 그 무엇보다도 중요한 일입니다. 지금 환경의 오염으로 기상은 옛날과 같지 않아 매년 악화된 기상 속에서 우리는 큰 고통 속에 살고 있고 바다는 크게 오염되어 많은 수산물들이 중금속에 노출되어 우리의 먹거리를 위협하고 있습니다. 이런 환경을 귀사는 소중하게 여겨 환경보호를 우선으로 하기 때문에 저는 귀사에서 꼭 근무하면 하 하고 싶고 귀사에서 근무하며 저의 능력을 마음껏 활용하면서 귀사가 추구하는 경영 이념을 충실히 수행하고 싶습니다.","wordCount":111},"emotion":[{"text":"우선 저는 첫 직장이었던 공군에서부터 교육 업무를 시작하여 이후 다른 여러 직장에서 계속 교육업을 맡아 왔습니다.","expression":"u-fact","category":"neutral"}],"intent":[{"text":"우선 저는 첫 직장이었던 공군에서부터 교육 업무를 시작하여 이후 다른 여러 직장에서 계속 교육업을 맡아 왔습니다.","expression":"c_private","category":"background"},{"text":"이런 환경을 귀사는 소중하게 여겨 환경보호를 우선으로 하기 때문에 저는 귀사에서 꼭 근무하면 하 하고 싶고 귀사에서 근무하며 저의 능력을 마음껏 활용하면서 귀사가 추구하는 경영 이념을 충실히 수행하고 싶습니다.","expression":"c_sincere_co","category":"etc"}],"summary":{"text":"저는 오랜 교육 경력을 갖추고 있으며 귀사가 환경보호에 앞장서서 회사를 경영하기 때문에 환경보호를 우선으로 하기 때문에 귀사에서 근무하여 능력을 마음껏 활용하면서 귀사가 추구하는 경영 이념을 충실히 수행하고 싶습니다.","wordCount":28}}},"rawDataInfo":{"question":{"fileFormat":"wav","fileSize":501518,"duration":15670,"samplingBit":16,"channelCount":1,"samplingRate":"16kHz","audioPath":"/Mock/01.Management/Male/Experienced/ckmk_q_bm_m_e_246645.wav"},"answer":{"fileFormat":"wav","fileSize":2455118,"duration":76720,"samplingBit":16,"channelCount":1,"samplingRate":"16kHz","audioPath":"/Mock/01.Management/Male/Experienced/ckmk_a_bm_m_e_246645.wav"}}}