{"version":"1.0","dataSet":{"info":{"date":"20230116","occupation":"BM","channel":"MOCK","place":"ONLINE","gender":"MALE","ageRange":"55-","experience":"EXPERIENCED"},"question":{"raw":{"text":"현대 사회에서 없어서는 안 될 가장 중요하다고 생각하는 직업을 한 가지만 골라 말씀해 주시겠습니까","wordCount":14},"emotion":[],"intent":[]},"answer":{"raw":{"text":"현대사회에서 없어서는 안 될 가장 중요하다고 생각하시는 직업을 한 가지만 골라 말씀해 주시겠습니까 아 예 어 현대 사회에서는 더욱더 네트워크가 되었기 때문에 가장 중요한 일들이 어 많이 있을 걸로 생각합니다. 어떻게 보고 보게 되면 리더의 역할도 중요하지만 아 아래에서 서포트한 일들이 더욱더 중요하다고 생각합니다. 많은 서포트 하는 일들이 참으로 많이 있잖습니까. 택배를 통하여서 포장을 통하여서 또한 생산과 관리와 그러한 그 아 주위에 많은 어 네트워크 시스템을 통해서 참으로 중요한 일들이 많습니다. 무엇보다도 가장 중요한 일은 리더의 역할이라고 봅니다. 리더가 어떻게 키를 가지고 운전하느냐에 따라서 거기에서 어 우리의 미래가 바뀌고 우리의 방향이 바뀔 수 있다고 봅니다. 좋은 리더를 만들어가고 좋은 리더가 역할을 하는 것은 무엇보다도 중요합니다. 그렇기 때문에 저는 경영에 관련된 그런 일들이 더욱더 관심이 많고 여기에서 어떻게 우리가 어 계획하고 어떻게 일들을 진행하느냐에 따라서 우리의 배가 아 어디로 갈 것인가를 아 좌우할 수 있는 일이라고 생각합니다.","wordCount":136},"emotion":[],"intent":[{"text":"","expression":"","category":"attitude"}],"summary":{"text":"현대 사회에서 네트워크가 되었기 때문에 가장 중요한 일은 리더의 역할이라고 생각합니다. 리더가 어떻게 키를 가지고 운전하느냐에 따라서 우리의 미래가 바뀌고 우리의 방향이 바뀔 수 있다고 봅니다. 따라서 경영에 관련된 일들이 더욱더 관심이 많고 어떻게 계획하느냐에 따라 우리의 배가 어디로 갈 것인가를 좌우할 수 있는 일이라고 생각합니다","wordCount":46}}},"rawDataInfo":{"question":{"fileFormat":"wav","fileSize":313678,"duration":9800,"samplingBit":16,"channelCount":1,"samplingRate":"16kHz","audioPath":"/Mock/01.Management/Male/Experienced/ckmk_q_bm_m_e_159398.wav"},"answer":{"fileFormat":"wav","fileSize":2903118,"duration":90720,"samplingBit":16,"channelCount":1,"samplingRate":"16kHz","audioPath":"/Mock/01.Management/Male/Experienced/ckmk_a_bm_m_e_159398.wav"}}}