{"version":"1.0","dataSet":{"info":{"date":"20230116","occupation":"BM","channel":"MOCK","place":"ONLINE","gender":"MALE","ageRange":"55-","experience":"EXPERIENCED"},"question":{"raw":{"text":"지원자께서 오늘 면접 준비하느라 고생을 많이 했을 거라 생각합니다 지원자께서 이 면접을 준비할 때 어떠한 방식으로 준비를 하셨는지 의견을 듣고 싶습니다","wordCount":21},"emotion":[],"intent":[]},"answer":{"raw":{"text":"오늘 면접 준비하느라고 고생을 많이 하셨을 텐데 어떤 방식으로 면접을 준비하셨는지 말씀해 주실 수 있나요 아 예 제가 그렇게 고생을 많이 한 건 없습니다. 아 면접에 이렇게 참여해주신 어 귀사에서 많이 아 힘드실 거라고 생각합니다. 제가 여태까지 즐겨왔던 일들 그리고 여태까지 해왔던 일들을 토대로 아 많은 경험을 통해서 뭐 얘기를 했을 뿐인 것 같습니다. 그리고 제가 뭐 특별히 뭐 준비한 건 없었던 것 같습니다. 아 경험이 여태까지 많이 있었습니다. 왜냐하면 바닥에 좋다 해서 어 중간까지 또한 경영까지 리더로서의 역할도 지금까지 충분히 해왔었기 때문에 아 모든 것이 그 경험의 풍부함에 있었다고 볼 수 있습니다. 아 제가 아 연령에 상관없이 그 남녀에 상관없이 많이 이렇게 어 잘 어 협업하는 그러한 어 유한 성격이라고 생각합니다. 그러다 보니까 제가 젊은이들과 어 이해를 많이 할려고 하고 젊은이들의 좋은 것을 많이 닮아가려고 노력을 하기 때문에 아 어떻게 보면은 그 면접을 하고 이런 것에 대해서 좀 약간 올드할 수 있었을 텐데 늘 변할려고 노력을 하는 중에 있습니다.","wordCount":150},"emotion":[],"intent":[{"text":"아 제가   아 연령에 상관없이 그 남녀에 상관없이 많이 이렇게   어 잘 어 협업하는 그러한 어 유한 성격이라고 생각합니다.","expression":"c_person","category":"background"}],"summary":{"text":"지금까지 해왔던 일들을 토대로 아 많은 경험을 통해서 얘기를 했을 뿐이고 특별히 준비한 건 없습니다. 제가 연령에 상관없이 남녀에 상관없이 많이 협업하는 유한 성격이라고 생각합니다. 그러다 보니 제가 젊은이들의 좋은 것을 많이 닮아가려고 노력을 하기 때문에 늘 변할려고 노력을 하고 있습니다.","wordCount":41}}},"rawDataInfo":{"question":{"fileFormat":"wav","fileSize":538638,"duration":16830,"samplingBit":16,"channelCount":1,"samplingRate":"16kHz","audioPath":"/Mock/01.Management/Male/Experienced/ckmk_q_bm_m_e_160200.wav"},"answer":{"fileFormat":"wav","fileSize":2833998,"duration":88560,"samplingBit":16,"channelCount":1,"samplingRate":"16kHz","audioPath":"/Mock/01.Management/Male/Experienced/ckmk_a_bm_m_e_160200.wav"}}}