{"version":"1.0","dataSet":{"info":{"date":"20230116","occupation":"BM","channel":"MOCK","place":"ONLINE","gender":"MALE","ageRange":"55-","experience":"EXPERIENCED"},"question":{"raw":{"text":"지금까지 살아오시면서 가장 힘들었던 경험은 무엇인지 어떻게 극복하셨는지 말씀해 주세요","wordCount":10},"emotion":[],"intent":[]},"answer":{"raw":{"text":"지금까지 살아오면서 가장 힘들었던 건 아무래도 직장 생활이었던 것 같습니다. 순탄하기만 했던 직장 생활은 아니었고요. 간혹 직장 생활을 하다보면 큰 이슈들이 있었습니다. 특히 손님 고객 가구의 문제 트러블로 인해서 고객 민원이 발생이 돼서 상당한 오랜 기간 동안 스트레스를 받은 적이 있었습니다. 그 고객의 민원에 대여 해결을 하기까지는 상당한 시간과 노력이 필요했었는데 그것을 해결하기 까지는 정말 많은 어 스트레스와 그리고 그거를 해결하기 위한 아이디어 해결 방안을 모색하느라고 굉장히 힘들었습니다. 하지만 그렇 그것도 이 또한 지나가리 하는 것처럼 민원을 해결하기 위해서 머리 싸매고 고민하고 연구를 하다 보니깐 방안이 나오더군요. 자연스럽게 해결돼서 지금은 추억으로 생각을 하고 있습니다.","wordCount":94},"emotion":[],"intent":[{"text":"","expression":"","category":"attitude"}],"summary":{"text":"직장 생활을 하며 고객 고객 가구의 문제 트러블로 인한 고객 민원이 발생해 스트레스를 받은 적이 있습니다. 대여 해결을 하기까지 상당한 시간과 노력이 필요했었는데 그것을 해결하기 위한 아이디어 해결 방안을 모색하느라 굉장히 힘들었습니다.","wordCount":32}}},"rawDataInfo":{"question":{"fileFormat":"wav","fileSize":306638,"duration":9580,"samplingBit":16,"channelCount":1,"samplingRate":"16kHz","audioPath":"/Mock/01.Management/Male/Experienced/ckmk_q_bm_m_e_239682.wav"},"answer":{"fileFormat":"wav","fileSize":2710798,"duration":84710,"samplingBit":16,"channelCount":1,"samplingRate":"16kHz","audioPath":"/Mock/01.Management/Male/Experienced/ckmk_a_bm_m_e_239682.wav"}}}