{"version":"1.0","dataSet":{"info":{"date":"20230116","occupation":"BM","channel":"MOCK","place":"ONLINE","gender":"MALE","ageRange":"35-44","experience":"EXPERIENCED"},"question":{"raw":{"text":"우리가 여러 사람들과 함께 일을 하다 보면 구성원들 간에 갈등이 생길 일이 많죠 이럴 때 지원자님께서는 보통 어떤 식으로 해결을 하는 편이신가요","wordCount":22},"emotion":[],"intent":[]},"answer":{"raw":{"text":"어 여러 사람들과 협업을 하다거나 협동심을 키우는 그런 일들이 대부분일 겁니다. 그러다 보면 이제 구성원들 즉 상 하급자의 관계에 있어서 분명히 갈등이 생기는 부분이 있을 것입니다. 그런 일들을 많이 겪어봤을 때 제일 중요한 것은 사람마다 다 자기만의 가치관이 있습니다. 살아온 세월이 틀리고 인생관이 틀리고 다 가치관이 틀리기 때문에 그럴 때 제일 중요한 것 부분은 소통이 제일 중요할 것 같습니다. 그런 소통에서 어 의사소통을 맞추고 또 하는 데 있어서 중요한 것은 어 일단 상대방의 말을 들을 줄 아는 들을 자세가 되어 있는 그런 경청을 할 수 있는 자세 그게 제일 중요할 것 같습니다. 네 하급자나 뭐 부하 직원도 분명히 자기만에 아이디어가 있을 것이고 자기만에 원하는 방향이 있을 것입니다. 그런 부분들에서 더 좋은 아이디어가 나올 수 있고 어 오히려 상급자에 아이디어보다 더 좋은 아이디어가 될 수도 있기 때문에 저는 인제 중간 역할을 해서 어 아이디어나 뭐 이런 것들을 경청할 수 있는 그런 자세를 취하다 보며는 갈등이 해소가 됐었던 것 같습니다. 이상입니다.","wordCount":149},"emotion":[],"intent":[{"text":"","expression":"","category":"attitude"}],"summary":{"text":"여러 사람과 협업을 하거나 협동심을 키우다 보면 상,하급자의 관계에 갈등이 생길 수 있습니다. 소통에 가장 중요한 것은 상대방의 말을 들을 줄 아는 경청 자세입니다. 중간 역할을 해서 아이디어나 아이디어를 경청하다 보면 갈등이 해소되었던 것 같습니다.","wordCount":35}}},"rawDataInfo":{"question":{"fileFormat":"wav","fileSize":611918,"duration":19120,"samplingBit":16,"channelCount":1,"samplingRate":"16kHz","audioPath":"/Mock/01.Management/Male/Experienced/ckmk_q_bm_m_e_184699.wav"},"answer":{"fileFormat":"wav","fileSize":2734158,"duration":85440,"samplingBit":16,"channelCount":1,"samplingRate":"16kHz","audioPath":"/Mock/01.Management/Male/Experienced/ckmk_a_bm_m_e_184699.wav"}}}