{"version":"1.0","dataSet":{"info":{"date":"20230116","occupation":"BM","channel":"MOCK","place":"ONLINE","gender":"MALE","ageRange":"35-44","experience":"EXPERIENCED"},"question":{"raw":{"text":"지원자님 이력서에는 나와 있지 않는데요 뭔가를 달성하기 위해서 목표를 세워 가지고 장기적으로 이 삼 년 간 노력해서 목표를 달성하신 경험이 혹시 있으실까요 있으시다면 말씀 좀 부탁드리겠습니다","wordCount":26},"emotion":[],"intent":[]},"answer":{"raw":{"text":"서른 살 때 영어에 대한 필요성이 느껴져서 영어 회화를 죽도록 열심히 했던 기억이 있습니다.처음에 영어 회화 책을 사서 한 달 두 달 동안 달달달 외우고 시간당 삼만 원 오만 원 짜리 외국인 전용 학원을 가서 영어 회화를 시작했습니다. 하지만 한 두 달 안에 영어가 늘지를 않아 육 개월 일 년 동안 영어 동아리에 가서 외국인들과 지속적으로 영어를 했습니다. 처음에는 그들이 저의 말을 못 알아듣고 저 역시 그들의 말을 못 알아들었습니다. 하지만 육 개월 일 년 이 년이 지나니까 그 후부터는 그들과 제가 농담도 하고 심도 있는 대화도 하고 진지한 얘기들을 하고 있는 저를 발견했습니다. 그렇게 끊임없이 이 년 삼 년 동안 통번역 어학원을 다니고 유튜브에 나와있는 영어 교재를 익히고 또 익히고 외워서 지금은 비즈니스 미팅 또는 컨퍼런스 또는 기술 교육 등을 영어로 자유자재로 할 수 있으며 지금은 영어를 한국어만큼 자연스럽게 하는 때가 되었습니다. 이 년 삼 년 내 시간이 정말 저에게는 죽을 만큼 힘들었지만 하루에 다섯 시간에서 일곱 시간 동안 열심히 영어를 하니 결국 목표를 달성할 수 있게 되었습니다.","wordCount":159},"emotion":[],"intent":[{"text":"이 년 삼 년 내 시간이 정말 저에게는 죽을 만큼 힘들었지만 하루에 다섯 시간에서 일곱 시간 동안   열심히 영어를 하니 결국 목표를 달성할 수 있게 되었습니다.","expression":"c_chl","category":"personality"}],"summary":{"text":"서른 살 때 영어에 대한 필요성이 느껴져서 영어 회화를 열심히 했던 기억이 있습니다. 처음 영어 회화 책을 사서 한 달 두 달 동안 달달 외우고 외국인 전용 학원에서 영어회화를 시작했습니다. 그 후로는 통번역 어학원을 다니고 유튜브의 영어 교재를 익히고 외워서 비즈니스 미팅 또는 컨퍼런스 또는 기술 교육 등을 영어로 자유자재로 할 수 있게 되었습니다.","wordCount":54}}},"rawDataInfo":{"question":{"fileFormat":"wav","fileSize":617038,"duration":19280,"samplingBit":16,"channelCount":1,"samplingRate":"16kHz","audioPath":"/Mock/01.Management/Male/Experienced/ckmk_q_bm_m_e_169686.wav"},"answer":{"fileFormat":"wav","fileSize":2707278,"duration":84600,"samplingBit":16,"channelCount":1,"samplingRate":"16kHz","audioPath":"/Mock/01.Management/Male/Experienced/ckmk_a_bm_m_e_169686.wav"}}}