{"version":"1.0","dataSet":{"info":{"date":"20230116","occupation":"BM","channel":"MOCK","place":"ONLINE","gender":"MALE","ageRange":"35-44","experience":"EXPERIENCED"},"question":{"raw":{"text":"업무를 수행하다 보면 영어로 서류를 작성해야 할 일이 발생할 수 있습니다 영어로 서류를 작성하실 수 있으십니까","wordCount":16},"emotion":[],"intent":[]},"answer":{"raw":{"text":"네 업무를 하다보면 영어로 서류를 작성해야 하는 부분에 대해서 또 그거를 작성하는 데 경험이 있는지에 대해서 답변 드리겠습니다. 어 업무를 하다보면 이제 해외나 뭐 이렇게 해외 파견이나 해외 출장이나 아니면 해외 미국 외국인과의 통화를 한다든지 하는 부분에 있어서 이제 영어를 활용해야 하는 부분이 점점 더 늘어나고 있는 추세입니다. 그렇게 되면 영어로 인한 서류 작성도 있을 것인데 이 부분에 대해서는 어 조금 완벽하게 추구하자고 하면은 이 번역기 어플이나 뭐 번역을 할 수 있는 업체 또는 그런 부분에 있어서 좀 더 완성도를 높일 수 있는 그런 것들을 경험하다 보면은 또 저만의 그런 서류 작성할 수 있는 영어에 대한 부분에 대해서 자심감도 생길 것이고 해서 그 부분들을 적용한다면은 전혀 문제는 될 것 같지가 않습니다. 물론 한 한글로 하는 그 서류 작성이 많기 때문에 영어에 대해서는 서류 작성에 대해서는 크게 큰 자신감은 없지만 이것도 경험이 늘어나고 노하우가 생길 것 같은 그거를 잘 적용시킨다면 전혀 문제가 될 것 같지는 않습니다. 네 이상입니다.","wordCount":147},"emotion":[],"intent":[{"text":"","expression":"","category":"attitude"}],"summary":{"text":"업무를 하다보면 영어를 활용해야 하는 부분이 늘어나고 있는 추세인데, 완벽하게 추구하자고 하면은 번역기 어플이나 번역을 할 수 있는 업체 등에서 좀 더 완성도를 높일 수 있는 그런 것들을 경험하다 보면 전혀 문제가 될 것 같지 않습니다. 네 이상입니다.","wordCount":38}}},"rawDataInfo":{"question":{"fileFormat":"wav","fileSize":380238,"duration":11880,"samplingBit":16,"channelCount":1,"samplingRate":"16kHz","audioPath":"/Mock/01.Management/Male/Experienced/ckmk_q_bm_m_e_214740.wav"},"answer":{"fileFormat":"wav","fileSize":2615758,"duration":81740,"samplingBit":16,"channelCount":1,"samplingRate":"16kHz","audioPath":"/Mock/01.Management/Male/Experienced/ckmk_a_bm_m_e_214740.wav"}}}