{"version":"1.0","dataSet":{"info":{"date":"20230116","occupation":"BM","channel":"MOCK","place":"ONLINE","gender":"MALE","ageRange":"35-44","experience":"EXPERIENCED"},"question":{"raw":{"text":"소통 능력을 키우기 위해서 어떤 일들을 할 수 있을까요 생각나는 방법들이나 시도해 봤던 방법들에 대해서 자세하게 말씀해 주시길 바랍니다","wordCount":19},"emotion":[],"intent":[]},"answer":{"raw":{"text":"남들과 소통을 하기 위한 소통 능력을 키우기 위해서는 일단 자기 자신에 대해서 먼저 알아야 됩니다. 소통이라는 것은 남들을 이해하고 남들과 공감대를 형성한다는 것이고 남들과 공감대를 형성하기 위해서는 타인들이 가지고 있는 주제 또는 대화거리에 대한 내용을 어느 정도 알고 있어야 합니다. 즉 그러기 위해서는 저는 재미있는 소설책 또는 재미있는 유튜브 블로그 또는 뉴스 같은 것들을 많이 접해야 된다고 생각합니다. 그런 소일거리 또는 소 주제거리들을 많이 알고 다른 사람이 궁금해 하는 부분 또는 다른 사람과 대화할 때 최소한의 맞장구를 칠 정도의 어느 정도의 지식이나 경험이 있어야 그들과 깊은 대화는 아니더라도 간단한 대화를 통해서 서로의 마음의 장벽을 허물 수 있다고 생각합니다. 사람들이 누군가와 소통을 하기 위해서는 반드시 깊은 주제 또는 항상 술이라던가 식사 자리를 마련해야 된다고 생각하지만 가장 먼저 해야 될 것은 간단한 커피 또는 우리가 말하는 캐주얼 토크라고 하는 간단한 농담입니다. 그런 농담을 통해서도 서로의 마음의 거리를 줄이고 마음의 장벽을 허무는 것이 첫 번째고 그리고 남이 어떤 것을 좋아하는지를 빨리 파악을 해야 합니다. 자기가 좋아하는 것을 이야기 가 하게 되면 소통에 부재인 사람으로 느껴지기 때문에 남이 좋아하는 것을 먼저 파악해서 다가가야 합니다.","wordCount":170},"emotion":[],"intent":[{"text":"","expression":"","category":"attitude"}],"summary":{"text":"남들과 소통을 하기 위한 소통 능력을 키우기 위해서는 일단 자기 자신에 대해서 먼저 알아야 됩니다. 소통이란 남들을 이해하고 남들과 공감대를 형성한다는 것이고 남들이 가지고 있는 주제 또는 대화거리에 대한 내용을 어느 정도 알고 있어야 합니다. 어떤 사람을 소통하기 위해서는 깊은 대화보다는 간단한 대화를 통해 서로의 마음의 거리를 줄이고 마음의 장벽을 허물어야 합니다.","wordCount":52}}},"rawDataInfo":{"question":{"fileFormat":"wav","fileSize":592398,"duration":18510,"samplingBit":16,"channelCount":1,"samplingRate":"16kHz","audioPath":"/Mock/01.Management/Male/Experienced/ckmk_q_bm_m_e_197396.wav"},"answer":{"fileFormat":"wav","fileSize":2841358,"duration":88790,"samplingBit":16,"channelCount":1,"samplingRate":"16kHz","audioPath":"/Mock/01.Management/Male/Experienced/ckmk_a_bm_m_e_197396.wav"}}}