{"version":"1.0","dataSet":{"info":{"date":"20230116","occupation":"BM","channel":"MOCK","place":"ONLINE","gender":"MALE","ageRange":"55-","experience":"EXPERIENCED"},"question":{"raw":{"text":"지원자님의 성격상 장점과 단점에 대해서 각각 말씀 부탁드립니다 가능하다면 구체적인 예시를 함께 말씀해 주시면 좋을 것 같습니다","wordCount":17},"emotion":[],"intent":[]},"answer":{"raw":{"text":"어 저는 성격이 에 조금 급한 부분이 있어요. 그래서 그러한 부분들이 어 제 이제 성격의 장점으로 작용하기도 하고 혹은 단점으로 작용하기도 하는데 예를 들어서 어 업무를 추진하거나 어떤 일을 함에 있어서 빠른 결정이 결국 도움이 될 때가 있었어요 그러한 부분들도 있었고요. 또 너무 급한 부분에 결정을 함으로써 아 이거 조금 더 생각을 했어야 되는데 빠른 결정을 함으로써 저에게 아 이런 부분은 반성의 시간이 되는 그러한 부분도 있었습니다. 그리고 제가 가지고 있는 가장 큰 강점은 뭐냐 하면 한 가지 일에 에 그 일을 결정하고 해 나가게 되면 빠른 습득을 합니다. 그래서 어 이해력이 좀 음 타인에 비해서 어 좋은 장점을 가지고 있어서 빠른 이해력을 하구요. 그리고 그걸 통해서 업무에 적용을 해서 어 성과를 내는 데 있어서 좋은 부분으로 작용하고 있습니다. 그래서 이해력이 좋구요. 또 창의력이 있어서 어떠한 부분을 함에 있어서 이러한 부분은 이런 이런 형태로 풀어나간다면 나에게 좋은 결과를 가져오겠다 해서 어 주어진 프로젝트에 대해서 어 생각을 해보고 다시 한 번 더 어 만들어보는 그런 창의성에 대한 장점도 가지고 있습니다.","wordCount":159},"emotion":[],"intent":[{"text":"어 저는 성격이 에 조금 급한 부분이 있어요.","expression":"c_person","category":"background"},{"text":"그래서 어 이해력이 좀 음 타인에 비해서 어 좋은 장점을 가지고 있어서 빠른 이해력을 하구요.","expression":"c_person","category":"background"},{"text":"또 창의력이 있어서 어떠한 부분을 함에 있어서 이러한 부분은 이런 이런 형태로 풀어나간다면 나에게 좋은 결과를 가져오겠다 해서 어 주어진 프로젝트에 대해서 어 생각을 해보고 다시 한 번 더 어 만들어보는 그런 창의성에 대한 장점도 가지고 있습니다.","expression":"c_person","category":"background"}],"summary":{"text":"저는 성격이 급해서 업무 추진 시 빠른 결정이 도움이 되거나 반성의 시간이 되기도 했습니다. 또 한 가지 일을 결정하고 해 나가게 되면 빠른 이해력을 습득해서 업무에 적용하여 성과를 내는 데 있어서 좋은 부분으로 작용하고 있으며, 주어진 프로젝트에 대해 생각을 해보고 다시 한 번 만들어보는 창의성에 대한 장점도 가지고 있습니다.","wordCount":49}}},"rawDataInfo":{"question":{"fileFormat":"wav","fileSize":606478,"duration":18950,"samplingBit":16,"channelCount":1,"samplingRate":"16kHz","audioPath":"/Mock/01.Management/Male/Experienced/ckmk_q_bm_m_e_229445.wav"},"answer":{"fileFormat":"wav","fileSize":2877518,"duration":89920,"samplingBit":16,"channelCount":1,"samplingRate":"16kHz","audioPath":"/Mock/01.Management/Male/Experienced/ckmk_a_bm_m_e_229445.wav"}}}