{"version":"1.0","dataSet":{"info":{"date":"20230116","occupation":"BM","channel":"MOCK","place":"ONLINE","gender":"MALE","ageRange":"35-44","experience":"EXPERIENCED"},"question":{"raw":{"text":"지원자님께서 경영 전략 회의에 왔다고 생각하시고 전략적인 경영을 위한 신사업 아이디어를 최대한 많이 말씀해 주세요","wordCount":15},"emotion":[],"intent":[]},"answer":{"raw":{"text":"네 제가 만약에 경영을 책임질 수 있는 위치 아마 최고 경영자 자리를 얘기하시는 것 같은데 이런 전략적인 경영을 위한 아이디어에 대해서 말씀드리겠습니다. 어 일단 저는 앞으로의 신 사업은 이런 플랫폼화가 되지 않으면은 어 이루지 않 힘들다고 생각하고 있습니다. 그래서 결국은 플랫폼화된 사업이 가장 미래적으로나 가치 상승이나 이런 것들로 봤을 때 제일 성공적이지 않을까 싶어서 제가 생각해 낸 아이디어는 결국 이 플랫폼은 음 저희가 인력을 고용해서 사용하게 되면 이게 엄청난 높은 인력 비용이 들고 그런 데서 회사의 이익이 줄어들 수 있기 때문에 이런 인력을 고용하지 않고 모든 사람에게 오픈해서 다 할 수 있게끔 만들어지는 게 저는 이제 플랫폼 사업이라고 생각합니다. 그래서 뭐 예를 들어서 배달의민족 이나 뭐 요기요 쿠팡 처럼 이런 배달 플랫폼 회사에서 성공한 사례들이 많이 있는데 이제 그쪽은 좀 약간 레드 오션 느낌이 들고 어 저는 생각했을 때 수요를 원하는 이런 수요자와 이런 공급에 대해서 연결만 시켜주면 된다고 생각합니다. 연결하는 부분에 있어서 저는 팻 사업이 이런 반려동물을 뭐 드라이빙 시켜주고 그 반려동물을 드라이빙하면서 자차 차량이 있는 사람이 그거를 수행을 하게 되면 저희는 이제 수수료를 획득을 하고 그 연결해 주었슨 수수료와 그 운전한 사람에게 인제 어느 정도의 수료를 더 주는 그런 방식의 팻 사업이 가장 아이디어가 좋을 것 같습니다. 이상입니다.","wordCount":190},"emotion":[],"intent":[{"text":"","expression":"","category":"attitude"}],"summary":{"text":"저는 앞으로의 신 사업은 플랫폼화가 되지 않으면 이루지 않는다고 생각하고 있습니다. 그래서 플랫폼화된 사업이 미래적으로나 가치 상승이나 이런 것들을 봤을 때 가장 성공적이지 않을까 해서 생각해 낸 아이디어는 결국 이 플랫폼은 인력을 고용하지 않고 모든 사람에게 오픈해서 다 할 수 있게 만들어지는 게 플랫폼 사업이라고 생각합니다.","wordCount":46}}},"rawDataInfo":{"question":{"fileFormat":"wav","fileSize":349198,"duration":10910,"samplingBit":16,"channelCount":1,"samplingRate":"16kHz","audioPath":"/Mock/01.Management/Male/Experienced/ckmk_q_bm_m_e_229642.wav"},"answer":{"fileFormat":"wav","fileSize":3662798,"duration":114460,"samplingBit":16,"channelCount":1,"samplingRate":"16kHz","audioPath":"/Mock/01.Management/Male/Experienced/ckmk_a_bm_m_e_229642.wav"}}}