{"version":"1.0","dataSet":{"info":{"date":"20230116","occupation":"BM","channel":"MOCK","place":"ONLINE","gender":"MALE","ageRange":"35-44","experience":"EXPERIENCED"},"question":{"raw":{"text":"오늘 면접 준비하느라 고생 많이 하셨습니다 혹시 면접은 어떤 방식으로 준비하셨는지 말씀해 주실 수 있을까요","wordCount":15},"emotion":[],"intent":[]},"answer":{"raw":{"text":"아 오늘 면접을 준비하면서 어 이제 뭐 다 대부분 정해져 있다고 생각합니다. 그래서 저는 이 면접의 방향을 저의 경험이나 노하우 이런 자신감이나 자존감으로 어필할 수 있는 시간을 많이 만들려고 노력을 했고 어 제가 갖고 있던 그런 지금까지 시간을 지내오면서 겪어온 다른 지원자들에 비해서 어 경력이나 이런 노하우는 확실히 우월할 거라고 생각합니다. 하지만 반대로 이제 스펙이나 이런 세부적인 자격증 이런 분야에서는 조금 떨어질 것으로 판단이 되는데 저는 그렇게 생각합니다. 개인 능력이나 이런 것들 실무 경험에서 나오지 않는 그런 스펙으로는 이런 업무 실무에서는 따라가는데 어 맨몸으로 부딪쳐 보는 게 제일 효과적이지 않을까 싶습니다. 저는 그런 맨몸으로 부딪쳐 본 경험도 많고 또 몸으로 부딪치면서 느낀 노하우나 이런 경험들 그리고 위험 대처 능력이라든지 이런 것들을 다 갖췄다고 생각합니다. 그래서 실무 경력으로 인해서 저는 어필하고 싶고 그렇게 준비했던 것 같습니다. 이상입니다.","wordCount":126},"emotion":[],"intent":[{"text":"","expression":"","category":"attitude"}],"summary":{"text":"저는 면접의 방향을 자신감과 자존감으로 어필할 수 있는 시간을 많이 만들려고 노력하였습니다. 하지만 스펙이나 세부적인 자격증 분야에서는 떨어질 것으로 판단되어 맨몸으로 부딪쳐 보는 게 가장 효과적일 것 같습니다. 실무 경력으로 인해서 저는 어필하고 싶고 그렇게 준비했던 것 같입니다.","wordCount":38}}},"rawDataInfo":{"question":{"fileFormat":"wav","fileSize":339278,"duration":10600,"samplingBit":16,"channelCount":1,"samplingRate":"16kHz","audioPath":"/Mock/01.Management/Male/Experienced/ckmk_q_bm_m_e_216841.wav"},"answer":{"fileFormat":"wav","fileSize":2635598,"duration":82360,"samplingBit":16,"channelCount":1,"samplingRate":"16kHz","audioPath":"/Mock/01.Management/Male/Experienced/ckmk_a_bm_m_e_216841.wav"}}}