{"version":"1.0","dataSet":{"info":{"date":"20230116","occupation":"BM","channel":"MOCK","place":"ONLINE","gender":"MALE","ageRange":"35-44","experience":"EXPERIENCED"},"question":{"raw":{"text":"만약 이직을 생각하는 동료를 만나게 된다면 뭐라고 말씀하시겠어요 왜 그렇게 말씀하실지도 설명해 주시기 바랍니다","wordCount":14},"emotion":[],"intent":[]},"answer":{"raw":{"text":"이직을 함에 있어서 생각해야 될 게 많다. 지금까지 본인이 했던 업무들이 본인의 역량으로만 결정되는 것이 아니라 회사의 리소스와 인프라를 사용했기 때문에 달성할 수 있었던 것이라고 판단된다. 따라서 이직을 생각하고 있다면 해당 이직 하려는 회사에 대한 정보를 많이 획득해서 본인과 잘 맞는지 적합한지 잘 판단해야 된다고 생각한다.","wordCount":46},"emotion":[],"intent":[{"text":"","expression":"","category":"attitude"}],"summary":{"text":"이직 시 회사 정보를 많이 획득해 본인과 잘 맞는지 적합한지 잘 판단해야 합니다. 업무가 본인의 역량으로만 결정되는 것이 아니라 회사의 리소스와 인프라를 사용했습니다.","wordCount":23}}},"rawDataInfo":{"question":{"fileFormat":"wav","fileSize":358478,"duration":11200,"samplingBit":16,"channelCount":1,"samplingRate":"16kHz","audioPath":"/Mock/01.Management/Male/Experienced/ckmk_q_bm_m_e_228523.wav"},"answer":{"fileFormat":"wav","fileSize":1137678,"duration":35550,"samplingBit":16,"channelCount":1,"samplingRate":"16kHz","audioPath":"/Mock/01.Management/Male/Experienced/ckmk_a_bm_m_e_228523.wav"}}}