{"version":"1.0","dataSet":{"info":{"date":"20230116","occupation":"BM","channel":"MOCK","place":"ONLINE","gender":"MALE","ageRange":"35-44","experience":"EXPERIENCED"},"question":{"raw":{"text":"혹시 일을 하면서 가장 어려울 것으로 예상되는 것이 있다면 그것이 무엇인지 그리고 그 어려운 것은 어떤 방법으로 대처할 생각인지가 궁금합니다","wordCount":20},"emotion":[],"intent":[]},"answer":{"raw":{"text":"네 제가 생각했을 때 업무를 하면서 가장 어려운 것으로 판단되고 예상되는 것은 그에 따른 대처 방법도 한 번 말씀드려보겠습니다. 네 업무 간에 일단 가장 어려울 것으로 판단되는 것은 어 업무적인 어 과도한 일이나 뭐 어려운 일보다는 저는 인간관계가 가장 어려울 것으로 판단이 됩니다. 인간관계 라는 게 바로 자기가 노력한다고 해서 형성되는 것도 아니고 상대방의 마음을 사야 하는 부분도 있고 또 상대를 해서 인간관계가 형성이 되었지만 또 그거를 관리를 안 해주고 지속적인 관리가 없으면은 또 인간관계가 깨질 수 밖에 없는 상황이 옵니다. 그렇기 때문에 인간관계는 이제 가져가야 할 숙제이고 이 부분이 해결이 되지 않으면 업무적으로나 회사 생활을 하는 데 있어서도 많은 어려움이 있을 것으로 판단되기 때문에 그 부분에 있어서 인간관계를 형성하고 지속시키는 힘 그 부분이 가장 어려울 것이고 가장 시간이 많이 소요가 되고 에너지를 많이 뺏길 것으로 판단이 됩니다. 그래서 어 이런 인간관계를 시간 내서 만들어 나 할려고 하지 말고 순간순간에 인간관계가 형성이 될 수 있도록 어 순간순간의 노력이 필요할 것 같고 그래야 인간관계로서 만들어진 그런 전 성과가 만들어질 것 같습니다. 네 이상입니다","wordCount":162},"emotion":[],"intent":[{"text":"","expression":"","category":"attitude"}],"summary":{"text":"업무 중 인간관계가 가장 어려울 것으로 판단됩니다. 인간관계는 노력을 해서 형성되는 것도 아니고 상대방의 마음을 줘야 하는 부분도 있고 인간관계가 형성이 되었지만 관리를 안 해주고 지속적인 관리가 없으면 인간관계가 깨질 수 밖에 없습니다. 인간관계를 형성하고 지속시키는 힘이 가장 어렵고 시간이 많이 소요되고 에너지를 많이 뺏길 것입니다. 순간순간의 노력이 필요할 것 같습니다.","wordCount":51}}},"rawDataInfo":{"question":{"fileFormat":"wav","fileSize":353358,"duration":11040,"samplingBit":16,"channelCount":1,"samplingRate":"16kHz","audioPath":"/Mock/01.Management/Male/Experienced/ckmk_q_bm_m_e_236652.wav"},"answer":{"fileFormat":"wav","fileSize":2701518,"duration":84420,"samplingBit":16,"channelCount":1,"samplingRate":"16kHz","audioPath":"/Mock/01.Management/Male/Experienced/ckmk_a_bm_m_e_236652.wav"}}}