{"version":"1.0","dataSet":{"info":{"date":"20230116","occupation":"BM","channel":"MOCK","place":"ONLINE","gender":"MALE","ageRange":"35-44","experience":"EXPERIENCED"},"question":{"raw":{"text":"입사 후에 업무를 진행하면서 가장 어려울 것으로 예상되는 것은 어떤 걸까요 그리고 그 상황이 온다면 어떻게 대처할 것인지도 궁금합니다","wordCount":19},"emotion":[],"intent":[]},"answer":{"raw":{"text":"네 일을 하고 업무를 진행하면서 가장 어렵거나 힘들 것으로 예상되는 것은 어 당연히 사람 관계일 거 같습니다. 보통 인간관계라고 하는데 그런 인간관계가 제일 중요하다고 하면서도 제일 어렵다고 판단하는 것이 업무적인 일이나 그 영업 쪽이나 모든 일에는 본인의 노력이나 의지가 있으면 어느 정도 보상이 되고 해결이 됩니다. 근데 인간관계라는 것은 사람의 감정의 동물이기 때문에 그런 인간관계로써 상급자와 뭐 트러블이 많다든지 아니면 하급자가 내 생각대로 따라와 주지 않는다든지 뭐 여러 가지 상황이 있을 겁니다. 그런 상황에서 어 의사소통이 잘 되지 않으면은 당연히 서로 힘든 구조가 만들어질 것입니다. 그래서 그런 것들을 대처할 수 있는 방법은 일단은 같은 팀원으로써 감정싸움은 되지 말아야 합니다. 사람 대 사람이기 때문에 사람의 자존심을 다치게 한다든지 이런 상황들이 이루어지면 점점 악순환이 될 수 있기 때문에 서로에게 상처 주는 말 하지 않고 그런 감정싸움이 되지 않게끔 하는 게 인간관계에서 제일 원활할 것 같습니다.이상입니다.","wordCount":133},"emotion":[],"intent":[{"text":"","expression":"","category":"attitude"}],"summary":{"text":"업무 진행 시 인간관계가 가장 힘들 것으로 예상되는데, 인간관계는 사람의 감정의 동물이기 때문에 상급자와 트러블이 많다든지, 하급자가 제 생각대로 따라와 주지 않다든지 등의 상황이 발생할 수 있고, 이런 상황들을 대처할 수 있는 방법은 일단 같은 팀원으로써 감정싸움은 되지 말아야 한다는 것입니다.","wordCount":41}}},"rawDataInfo":{"question":{"fileFormat":"wav","fileSize":427278,"duration":13350,"samplingBit":16,"channelCount":1,"samplingRate":"16kHz","audioPath":"/Mock/01.Management/Male/Experienced/ckmk_q_bm_m_e_146718.wav"},"answer":{"fileFormat":"wav","fileSize":2707598,"duration":84610,"samplingBit":16,"channelCount":1,"samplingRate":"16kHz","audioPath":"/Mock/01.Management/Male/Experienced/ckmk_a_bm_m_e_146718.wav"}}}