{"version":"1.0","dataSet":{"info":{"date":"20230116","occupation":"BM","channel":"MOCK","place":"ONLINE","gender":"MALE","ageRange":"55-","experience":"EXPERIENCED"},"question":{"raw":{"text":"지원자님께서 그동안 진행한 프로젝트들 가운데 가장 기억에 남는 프로젝트가 있다면 어떤 점에서 기억에 남는지 지원자님의 생각을 말씀해 주세요","wordCount":18},"emotion":[],"intent":[]},"answer":{"raw":{"text":"이천 십 년 경 재무 팀에서 근무할 때 였는데 전사적자원관리 시스템을 새로 구축하면서 일일 자금 보고서를 전산화하는 프로젝트를 추진하였습니다. 약 육 개월 정도 진행되었는데 일 별로 우리 회사에 자금 수입 지출을 한 장에 표현하는 보고서입니다. 한 장이지만 여기에는 우리 회사에 외상 매출금 외상 매입금 현금 예금 각종 공과금 등이 수입되고 지출되는 것을 경영진에게 보고하는 자료라 굉장히 신경이 쓰였습니다. 프로젝트가 완료되고 이 자금 보고서가 경영진에게 매일같이 보고되어 자금 현황 보고서가 도움이 된다고 할 때 성취감 뿌듯함을 느꼈습니다. 제가 직장 생활 하면서 가장 기억에 남는 프로젝트 였다고 보여집니다.","wordCount":86},"emotion":[{"text":"프로젝트가 완료되고 이 자금 보고서가 경영진에게 매일같이 보고되어 자금 현황 보고서가 도움이 된다고 할 때 성취감 뿌듯함을 느꼈습니다.","expression":"p-achievement","category":"positive"}],"intent":[{"text":"한 장이지만 여기에는 우리 회사에 외상 매출금 외상 매입금 현금 예금 각종 공과금 등이 수입되고 지출되는 것을 경영진에게 보고하는 자료라 굉장히 신경이 쓰였습니다.","expression":"m_acct","category":"technology"}],"summary":{"text":"이천 십 년 경 전사적자원관리 시스템을 구축하면서 일일 자금 보고서를 전산화하는 프로젝트를 추진하였습니다. 프로젝트가 완료되고 이 자금 보고서가 경영진에게 매일같이 보고되어 성취감 뿌듯함을 느꼈습니다. 가장 기억에 남는 프로젝트 였다고 보여지습니다.","wordCount":30}}},"rawDataInfo":{"question":{"fileFormat":"wav","fileSize":640398,"duration":20010,"samplingBit":16,"channelCount":1,"samplingRate":"16kHz","audioPath":"/Mock/01.Management/Male/Experienced/ckmk_q_bm_m_e_243978.wav"},"answer":{"fileFormat":"wav","fileSize":2105678,"duration":65800,"samplingBit":16,"channelCount":1,"samplingRate":"16kHz","audioPath":"/Mock/01.Management/Male/Experienced/ckmk_a_bm_m_e_243978.wav"}}}