{"version":"1.0","dataSet":{"info":{"date":"20230116","occupation":"BM","channel":"MOCK","place":"ONLINE","gender":"MALE","ageRange":"35-44","experience":"EXPERIENCED"},"question":{"raw":{"text":"최근 몇 년 전부터 우버 택시와 관련된 논란이 많이 있었는데요 지원자님께서는 찬반 양론에 대해서 각각 어떻게 생각하고 있는지 궁금합니다","wordCount":19},"emotion":[],"intent":[]},"answer":{"raw":{"text":"우버 택시나 카카오 택시 이런 것들은 점점 시대의 흐름에 맞춰서 변화되고 있는 것입니다. 기존의 택시 기사들이 자신의 밥그릇 싸움을 하기 위해서 야간에 일부러 먼 곳은 가지 않고 열 한 시 사십 분부터는 택시를 운전하지 않고 열 두 시간 땡 하면 할증을 받기 위해서 운전하는 지방 지역들도 수두룩 합니다. 그렇다면 그들의 이런 얌체 운전 얌체 행태에 대해서 눈 감고 모든 것을 다 소비자나 국민 국민이나 시민들이 책임을 져고 모든 것을 감내해야 될까요. 그렇지 않습니다. 우버 택시 및 모든 카카오 택시 같은 것들은 시대의 흐름이고 이것에 맞춰서 개인 택시라든가 법인 택시들의 시스템도 바꿔나가야 될 필요가 있습니다. 저는 우버 택시는 당연히 필요하고 특히나 야간에 강남역이나 홍대역 신청 같은 번화가에서는 밤 열 두 시부터 새벽 두 세 시까지 지근 거리에 있는 사람들은 택시를 아예 잡을 수가 없습니다. 이유는 그 택시 기사들이 기본적으로 삼만 원에서 오만 원 이상 나오는 장거리 운수를 하기 위한 하나의 꿈수로 알고 있습니다. 자 그렇다면 그들의 경쟁 심리 또는 위기의식을 느껴주기 위해서 우버 택시 같은 자동차 교통수단은 반드시 필요하고 그것은 시대를 역행할 수 없는 또 하나의 디지털 트레스 포메이션이라고 생각합니다.","wordCount":169},"emotion":[],"intent":[{"text":"","expression":"","category":"attitude"}],"summary":{"text":"우버 택시나 카카오 택시 같은 것들은 시대의 흐름이고 이것에 맞춰서 개인 택시들이나 법인 택시들의 시스템도 바꿔나가야 될 필요가 있습니다. 저는 우버 택시가 시대에 역행할 수 없는 디지털 트레스 포메이션이라고 생각합니다.","wordCount":30}}},"rawDataInfo":{"question":{"fileFormat":"wav","fileSize":397838,"duration":12430,"samplingBit":16,"channelCount":1,"samplingRate":"16kHz","audioPath":"/Mock/01.Management/Male/Experienced/ckmk_q_bm_m_e_160217.wav"},"answer":{"fileFormat":"wav","fileSize":2656078,"duration":83000,"samplingBit":16,"channelCount":1,"samplingRate":"16kHz","audioPath":"/Mock/01.Management/Male/Experienced/ckmk_a_bm_m_e_160217.wav"}}}