{"version":"1.0","dataSet":{"info":{"date":"20230116","occupation":"BM","channel":"MOCK","place":"ONLINE","gender":"MALE","ageRange":"55-","experience":"EXPERIENCED"},"question":{"raw":{"text":"네이버 다음 구글 검색 엔진에 비교해 보시고 각각 그 엔진들이 가진 차이점과 장단점을 비교 설명해 보실 수 있으실까요","wordCount":18},"emotion":[],"intent":[]},"answer":{"raw":{"text":"제가 계열사로 저축 은행을 선택한 이유는 제 전공이 디지털 금융 이기에 전공을 살려 조직의 발전과 제 개인의 역량을 펼칠 수 있을 것이라고 판단하였습니다. 카카오 뱅크 케이 뱅크 등 인터넷 전문 은행도 출연됐지만 저축 은행이 비록 규모는 작아 경쟁하는데 버겁기는 하지만 고객 지향적인 마인드와 새로운 디지털 상품을 판매하여 경쟁에서 이길 수 있도록 제가 갖고 있는 실력과 노력을 경주해 나가도록 하겠습니다. 또한 계열사 중 규모가 작은 저축 은행을 제일 큰 조직으로 성장시킬 수 있도록 책임감을 갖고 충성도를 높이겠습니다.","wordCount":76},"emotion":[],"intent":[{"text":"","expression":"","category":"attitude"}],"summary":{"text":"디지털 금융 전공을 살려 조직의 발전과 개인의 역량을 펼칠 수 있을 것이라고 판단해 저축 은행을 선택했습니다. 작은 저축 은행이지만 큰 조직으로 성장시킬 수 있도록 책임감을 갖고 충성도를 높이겠습니다.","wordCount":28}}},"rawDataInfo":{"question":{"fileFormat":"wav","fileSize":451918,"duration":14120,"samplingBit":16,"channelCount":1,"samplingRate":"16kHz","audioPath":"/Mock/01.Management/Male/Experienced/ckmk_q_bm_m_e_233649.wav"},"answer":{"fileFormat":"wav","fileSize":1988878,"duration":62150,"samplingBit":16,"channelCount":1,"samplingRate":"16kHz","audioPath":"/Mock/01.Management/Male/Experienced/ckmk_a_bm_m_e_233649.wav"}}}