{"version":"1.0","dataSet":{"info":{"date":"20230116","occupation":"BM","channel":"MOCK","place":"ONLINE","gender":"MALE","ageRange":"35-44","experience":"EXPERIENCED"},"question":{"raw":{"text":"어 아무래도 열심히 하는데 본인이 원하는 만큼 따라가지 못하는 팀 동료가 있을 수 있어요 이럴 때 어떻게 어 행동을 하고 그 사람을 챙길 건지 말씀해 주시기 바랍니다","wordCount":27},"emotion":[],"intent":[]},"answer":{"raw":{"text":"먼저 성과를 내지 못하는 동료에 대한 면밀한 분석이 필요합니다. 이 친구가 정말 열심히 하고 열심히 할려고 하는데도 성과가 나지 않는 것인지 아니면 평상시에 열심히 하지 않고 요령만 피워서 성과가 나지 않는 것인지 입니다. 만약 열심히 할려고 하는데 개인의 능력이 쪼금 부족하지만 인성이 좋고 태도가 좋다면 저는 이 친구를 충분히 끌어주고 쪼끔 더 이 친구한테 맞는 부서 또는 업무에 배치를 시킬 것입니다. 하지만 요령만 피우고 남들과 불화가 많고 태도가 좋지 않고 인성이 나쁜 친구라면 그래서 성적이 나오지 않고 실적이 나오지 않는다면 저는 과감하게 이 동료에게 어떻게 했으면 좋은지를 먼저 물어볼 것입니다. 그런데 자기 객관화가 안 되어 있거나 자기 스스로에 대한 성찰이 안 된 친구라면 자기는 충분히 열심히 하고 있는데 다른 사람들이 자기를 도와주지 않는다 다른 사람들 때문에 내가 힘들었다 라고 하는 핑계 및 남 탓을 한다고 하면 이런 사람은 빨리 정리를 하거나 아니면 다른 사람들 아닌 혼자 일할 수 있는 그런 부서로 배치를 하는 것이 맞고 그래서 본부장이나 대표 이사에게 그렇게 건의를 하겠습니다.","wordCount":152},"emotion":[],"intent":[{"text":"","expression":"","category":"attitude"}],"summary":{"text":"성과를 내지 못하는 동료에 대한 분석이 필요한데, 자기 객관화가 안 되어 있거나 자기 스스로에 대한 성찰이 안 된 친구라면 빨리 정리를 하거나 혼자 일할 수 있는 그런 부서로 배치를 하는 것이 맞고 그래서 본부장이나 대표 이사에게 그렇게 건의를 하겠습니다.","wordCount":39}}},"rawDataInfo":{"question":{"fileFormat":"wav","fileSize":622798,"duration":19460,"samplingBit":16,"channelCount":1,"samplingRate":"16kHz","audioPath":"/Mock/01.Management/Male/Experienced/ckmk_q_bm_m_e_167241.wav"},"answer":{"fileFormat":"wav","fileSize":2503438,"duration":78230,"samplingBit":16,"channelCount":1,"samplingRate":"16kHz","audioPath":"/Mock/01.Management/Male/Experienced/ckmk_a_bm_m_e_167241.wav"}}}