{"version":"1.0","dataSet":{"info":{"date":"20230116","occupation":"BM","channel":"MOCK","place":"ONLINE","gender":"MALE","ageRange":"35-44","experience":"EXPERIENCED"},"question":{"raw":{"text":"공동체의 가치에 입각해서 무형문화유산의 보호에 있어 적용되는 사회적 관념이 무엇이라고 생각하시나요","wordCount":11},"emotion":[],"intent":[]},"answer":{"raw":{"text":"네 공동체의 가치로 봤을 때 무형문화 유산의 보호에 있어서는 사회적 관념을 따졌을 때 어떻게 대응할 것인지에 대해서 답변 드리겠습니다. 일단 사회적 관념은 봤을 때 문화유산 보호는 어 가장 기본적인 관념 중의 하나인 어 우리의 조상들의 유산들을 보호할 수 있는 그런 것들은 사회적으로 봤을 때 어 정부에서 강력한 통제가 있어야 한다고 생각합니다. 공동체 가치에서 이제 맞추다 보니 사회적인 기업이나 어 어 기관에서 이렇게 문화유산을 훼손해 가면서까지 회사의 확장이라든지 뭐 문화유산지에 대한 어 발전 개발을 통해서 훼손된다든지 그런 상황이 많아지게 되면 저희 나라만의 어 유산이나 이런 것들에 흔적이 없어지게 되고 그러면은 어 많은 것들이 마이너스가 되는 효과가 많을 겁니다. 저희들 지금 현재 시대에 살고 있는 우리들은 어 후손들에게 이런 것들을 보여줘야 하고 어 문화적으로 어 되물려줘야 한다는 게 맞다고 생각합니다. 그래서 이거 정책적으로 좀 더 강하게 통제를 해서 어 문화유산이 훼손되지 않게끔 보호해 줘야 할 것 같습니다. 이상입니다.","wordCount":136},"emotion":[],"intent":[{"text":"","expression":"","category":"attitude"}],"summary":{"text":"무형문화 유산의 보호에 있어서 사회적 관념을 따졌을 때 정부의 강력한 통제가 있어야 한다고 생각합니다. 기업이나 기관에서 문화유산을 훼손해 가면서까지 발전 개발을 하게 되면 우리 나라만의 유산이나 이런 것들에 흔적이 없어지게 되어 마이너스 효과가 많습니다. 정책적으로 좀 더 강하게 통제를 해서 문화유산이 훼손되지 않게끔 보호해야 합니다.","wordCount":45}}},"rawDataInfo":{"question":{"fileFormat":"wav","fileSize":375118,"duration":11720,"samplingBit":16,"channelCount":1,"samplingRate":"16kHz","audioPath":"/Mock/01.Management/Male/Experienced/ckmk_q_bm_m_e_236645.wav"},"answer":{"fileFormat":"wav","fileSize":2770638,"duration":86580,"samplingBit":16,"channelCount":1,"samplingRate":"16kHz","audioPath":"/Mock/01.Management/Male/Experienced/ckmk_a_bm_m_e_236645.wav"}}}