{"version":"1.0","dataSet":{"info":{"date":"20230116","occupation":"BM","channel":"MOCK","place":"ONLINE","gender":"MALE","ageRange":"55-","experience":"EXPERIENCED"},"question":{"raw":{"text":"어 일을 하다 보면요 업무량이 과도하게 많아질 가능성이 높습니다 어 그래도 괜찮으신가요 잘 버틸 자신이 있나요","wordCount":16},"emotion":[],"intent":[]},"answer":{"raw":{"text":"일을 하다보면 업무량이 과도해 게 많아질 수 당연히 있다고 봅니다. 그리고 일을 하다 보면 주변에 있는 엄 같이 일하는 동료가 부재중이거나 휴가 등으로 그 직원의 일도 더 하게 되는 경우도 있고 월말이나 특정일에 대해서는 업무량이 과도하게 집중되는 경우에도 있을 것 같습니다. 직장인이라면은 충분히 이 부분에 있어서 당연히 짊어지고 가야 된다 라고 생각을 하고 버텨야 되지 않을까요. 그게 직장인이니까요. 그래서 저는 업무량이 과도하다 라고 생각이 되더라도 충분히 적응하고 버틸 수 있다고 생각합니다. 그렇다고 해서 업무량이 과도하다고 하는 게 어 몇날 며칠 몇 달 그렇게 되지는 않을 것 아닙니까. 또 그리고 주말에는 쉬는 날이 있으니깐 힘든 평일의 일을 또 거기에 맞 주말에는 쉴 수 있도록 체력을 보충하면 충분히 과도한 업무에도 수행하는 데에도 문제가 없을 거라고 보여집니다.","wordCount":114},"emotion":[],"intent":[{"text":"","expression":"","category":"attitude"}],"summary":{"text":"업무량이 과도할 수 있으나 주말에는 쉬는 날이 있으니 힘든 평일의 일을 주말에는 쉴 수 있도록 체력을 보충하면 충분히 과도한 업무에도 문제가 없을 것으로 보여집니다.","wordCount":24}}},"rawDataInfo":{"question":{"fileFormat":"wav","fileSize":478798,"duration":14960,"samplingBit":16,"channelCount":1,"samplingRate":"16kHz","audioPath":"/Mock/01.Management/Male/Experienced/ckmk_q_bm_m_e_244224.wav"},"answer":{"fileFormat":"wav","fileSize":2615118,"duration":81720,"samplingBit":16,"channelCount":1,"samplingRate":"16kHz","audioPath":"/Mock/01.Management/Male/Experienced/ckmk_a_bm_m_e_244224.wav"}}}