{"version":"1.0","dataSet":{"info":{"date":"20230116","occupation":"BM","channel":"MOCK","place":"ONLINE","gender":"MALE","ageRange":"35-44","experience":"EXPERIENCED"},"question":{"raw":{"text":"만약 지원자님께서 지금 지원하신 이 직무가 아닌 다른 부서에 배치되게 된다면 어떻게 하시겠습니까 그래도 괜찮으신지 궁금합니다","wordCount":16},"emotion":[],"intent":[]},"answer":{"raw":{"text":"다른 부서에 배치가 된다고 하더라도 저는 최선을 다해서 열심히 일할 것입니다. 직무가 좋아서 지원한 것도 있지만 이 회사의 성장성과 비전을 보고 이 회사가 좋아서 지원한 부분도 있기 때문에 두 개 다 충족할 수 있다면 좋지만 일단은 회사에 입사한 만큼 다른 부서에서 그 부서에 대한 업무를 적응하고 일 년 동안 그 분야 그 분야에서 성과를 내겠습니다. 그렇게 성과 기여자가 되어 회사의 인식을 좋게 한 다음에 일 년 후에도 제가 이 업무가 너무 잘 맞지만 원래 지원했던 그 직무로 돌아가고 싶다면 팀장 또는 본부장에게 직접 요청을 하 해 볼 것입니다. 본부장님 제가 원래 이 직무가 아니고 다른 업무로 지원을 했지만 회사에서 티오가 여기에 났기 때문에 이렇게 배치가 됐습니다. 하지만 저는 일 년 동안 열심히 해서 성과도 냈고 전문성도 많이 길렀습니다. 하지만 제가 원래 할려고 했던 업무로 배치를 받으면 지금의 능력을 가지고 조금 더 높은 성과를 낼 수 있고 회사의 발전적인 요소로 기여를 많이 할 수 있는 성과 기여자가 될 것 같습니다. 본부장님 특별히 문제가 없다면 제가 그 부서로 배치를 받을 수 있는지 고려해 주십시오. 지금 당장 아니더라도 저는 이 부서에서 최선을 다하겠지만 언젠간 그 부서로 돌아가 수 있는 확답을 주신다면 저는 회사에서 더 몸 바쳐 열심히 일할 수 있을 것입니다.","wordCount":188},"emotion":[],"intent":[{"text":"","expression":"","category":"attitude"}],"summary":{"text":"직무와 회사의 성장성과 비전을 보고 지원했습니다. 부서의 업무를 적응하고 성과를 내겠습니다. 성과 기여자가 되어 회사 인식을 좋게 한 후 원래 지원했던 직무로 돌아가면 팀장이나 본부장에게 직접 요청을 하겠습니다. 본부장님 제가 원래 할려고 했던 업무로 배치를 받으면 지금의 능력을 가지고 더 높은 성과를 낼 수 있고 회사의 발전적인 요소로 기여를 많이 할 수 있습니다.","wordCount":53}}},"rawDataInfo":{"question":{"fileFormat":"wav","fileSize":510158,"duration":15940,"samplingBit":16,"channelCount":1,"samplingRate":"16kHz","audioPath":"/Mock/01.Management/Male/Experienced/ckmk_q_bm_m_e_182629.wav"},"answer":{"fileFormat":"wav","fileSize":2779598,"duration":86860,"samplingBit":16,"channelCount":1,"samplingRate":"16kHz","audioPath":"/Mock/01.Management/Male/Experienced/ckmk_a_bm_m_e_182629.wav"}}}