{"version":"1.0","dataSet":{"info":{"date":"20230116","occupation":"BM","channel":"MOCK","place":"ONLINE","gender":"MALE","ageRange":"35-44","experience":"EXPERIENCED"},"question":{"raw":{"text":"회사의 업무를 경영과 사무의 측면에서 봤을 때 물류란 무엇이라고 생각하시나요 어 구체적으로 말씀해 주시면 감사하겠습니다","wordCount":15},"emotion":[],"intent":[]},"answer":{"raw":{"text":"네 경영 사무의 측면으로 봤을 때 이제 물류라고 하면은 모든 걸 다 통괄하고 있다고 생각합니다. 어 일단 물류라는 것은 모든 물자나 뭐 물건 물질적으로 이렇게 행동화되는 것들인데 그런 것들에 있어서 가장 먼저 물류라는 것은 전체적인 그 순환 흐름에 있어서 이제 회사의 이익 창출이 될 수도 있고 이 물류라는 것이 확장이 됐을 때는 어 해외로 수입하는 분야 국내에서 많은 업체에 대한 분야 여러 가지 종류가 있을 것 같습니다. 그래서 이런 물류라는 거에서 이해하기 위해서는 뭐 각장 실무적인 경험이 제일 중요하겠지만 네 추가적으로 뭐 유통에 관련된 어떤 식으로 하면 제일 저렴하고 가성비가 좋게 어 중간 거래를 거치지 않고 제일 이렇게 물류라는 것이 순환적인 순환이 되었을 때 가장 효과적으로 보일 거라고 생각합니다. 그래서 물류라는 것은 제일 전체적인 큰 틀이 될 것 같고 제일 중요한 분야인 것 같습니다. 이상입니다.","wordCount":125},"emotion":[],"intent":[{"text":"","expression":"","category":"attitude"}],"summary":{"text":"물류라는 것은 모든 물자나 물건 물질적으로 행동화되는 것들의 순환 흐름에 있어서 회사의 이익 창출이 될 수도 있고, 확장됐을 때는 해외 수입 분야 국내 여러 가지 종류가 있을 것 같습니다. 물류라는 것을 이해하기 위해서는 실무적인 경험뿐만 아니라 순환적인 순환이 되었을 때 가장 효과적일 것으로 생각합니다.","wordCount":44}}},"rawDataInfo":{"question":{"fileFormat":"wav","fileSize":521038,"duration":16280,"samplingBit":16,"channelCount":1,"samplingRate":"16kHz","audioPath":"/Mock/01.Management/Male/Experienced/ckmk_q_bm_m_e_214723.wav"},"answer":{"fileFormat":"wav","fileSize":2643278,"duration":82600,"samplingBit":16,"channelCount":1,"samplingRate":"16kHz","audioPath":"/Mock/01.Management/Male/Experienced/ckmk_a_bm_m_e_214723.wav"}}}