{"version":"1.0","dataSet":{"info":{"date":"20230116","occupation":"BM","channel":"MOCK","place":"ONLINE","gender":"MALE","ageRange":"-34","experience":"EXPERIENCED"},"question":{"raw":{"text":"저희 일이 특성상 야근이나 잔업 외근이 많아지실 수도 있습니다 그래도 괜찮으신지요","wordCount":11},"emotion":[],"intent":[]},"answer":{"raw":{"text":"야근이나 잔업 외근 다 경험해 봤습니다. 야근 같은 경우에는 최대 사십 팔 시간 동안 회사에서 일을 한 적이 있고요. 잔업 같은 경우도 어떻게 보면은 굉장히 비일비재했었던 적이 있습니다. 외근 같은 경우는 제가 영업직으로 있을 때 거리처 관리를 해야 하고 거리처 발굴을 해야 되니까 굉장히 자주 나가기도 했고요. 야근이나 잔업 외근 모두 적절한 보상만 주어진다면 기꺼이 하고 싶습니다. 그리고 이 부분이 충족되지 않더라도 야근이나 작업 외근을 함으로써 제가 회사에 다른 부분에 이익 창출을 도울 수 있다면 제 능력을 인정받을 수 있는 기회고 저를 보일 수 있는 기회이기 때문에 괜찮습니다.","wordCount":88},"emotion":[],"intent":[{"text":"","expression":"","category":"attitude"}],"summary":{"text":"제가 영업직으로 있을 때 거리처 관리나 거리처 발굴을 해야 되니까 야근이나 잔업 외근을 다 경험해 봤습니다. 적절한 보상이 주어진다면 야근이나 작업 외근 함으로써 능력을 인정받을 수 있고 나를 보여줄 기회이기 때문에 괜찮습니다.","wordCount":32}}},"rawDataInfo":{"question":{"fileFormat":"wav","fileSize":376078,"duration":11750,"samplingBit":16,"channelCount":1,"samplingRate":"16kHz","audioPath":"/Mock/01.Management/Male/Experienced/ckmk_q_bm_m_e_105989.wav"},"answer":{"fileFormat":"wav","fileSize":1967438,"duration":61480,"samplingBit":16,"channelCount":1,"samplingRate":"16kHz","audioPath":"/Mock/01.Management/Male/Experienced/ckmk_a_bm_m_e_105989.wav"}}}