{"version":"1.0","dataSet":{"info":{"date":"20230116","occupation":"BM","channel":"MOCK","place":"ONLINE","gender":"MALE","ageRange":"-34","experience":"EXPERIENCED"},"question":{"raw":{"text":"지원자님께서는 여러 능력을 가지고 계실 텐데요 그중에 자신이 생각할 때 상위 일 퍼센트의 능력이 있다고 생각한다면 어떤 것인지 최대한 자세하게 설명 부탁드립니다","wordCount":22},"emotion":[],"intent":[]},"answer":{"raw":{"text":"제가 가지고 있는 상위 일 퍼센트의 능력은 바로 리더십입니다. 저는 남들보다 뛰어난 리더십을 가지고 있다고 생각합니다. 제가 이전 직장에서 프로젝트 세 개 정도를 진행했었는데요. 이 때 제 밑에 있는 팀원들이 열 명 정도씩 있었습니다. 이 직원들이 의견 충돌이 단 한 번도 없었고 프로젝트도 좋은 성과를 내서 마칠 수 있었습니다. 여기에는 저의 리더십이 굉장히 크게 작용했다고 생각합니다. 리더가 그 집단을 제대로 이끌지 못한다면 끊임없이 의견 충돌이 일어날 것이고 그런 의견 충돌이 일어난다면 좋은 성과를 얻을 수가 없습니다. 이런 점에 있어서 저는 리더십을 잘 발휘했고 저의 리더십 덕분에 의견 충돌 없이 좋은 성과를 냈던 것 같습니다.","wordCount":94},"emotion":[{"text":"제가 이전 직장에서 프로젝트 세 개 정도를 진행했었는데요.","expression":"u-fact","category":"neutral"},{"text":"이 때 제 밑에 있는 팀원들이 열 명 정도씩 있었습니다.","expression":"u-fact","category":"neutral"}],"intent":[{"text":"제가 가지고 있는 상위 일 퍼센트의 능력은 바로 리더십입니다.","expression":"c_person","category":"background"},{"text":"저는 남들보다 뛰어난 리더십을 가지고 있다고 생각합니다.","expression":"c_person","category":"background"}],"summary":{"text":"저는 리더가 집단을 제대로 이끌지 못하면 의견 충돌이 일어나고 좋은 성과를 얻을 수 없다고 생각합니다. 그런 점에서 저는 리더십을 잘 발휘했고 덕분에 의견 충돌 없이 좋은 결과를 냈던 것 같습니다.","wordCount":30}}},"rawDataInfo":{"question":{"fileFormat":"wav","fileSize":624078,"duration":19500,"samplingBit":16,"channelCount":1,"samplingRate":"16kHz","audioPath":"/Mock/01.Management/Male/Experienced/ckmk_q_bm_m_e_231968.wav"},"answer":{"fileFormat":"wav","fileSize":2513998,"duration":78560,"samplingBit":16,"channelCount":1,"samplingRate":"16kHz","audioPath":"/Mock/01.Management/Male/Experienced/ckmk_a_bm_m_e_231968.wav"}}}