{"version":"1.0","dataSet":{"info":{"date":"20230116","occupation":"BM","channel":"MOCK","place":"ONLINE","gender":"MALE","ageRange":"35-44","experience":"EXPERIENCED"},"question":{"raw":{"text":"본인이 생각하는 본인의 장점과 단점에 대해서 설명을 해 주시기 바랍니다 그리고 그것을 특화 시키고 극복하기 위해서 지금까지 지원자님께서는 어떤 노력을 해 오셨는지도 함께 말씀해 주세요","wordCount":25},"emotion":[],"intent":[]},"answer":{"raw":{"text":"저의 장점과 단점에 대해서 말씀드리겠습니다. 우선 저의 장점에 대해서 말씀드린다면 가장 큰 장점은 뭐니 뭐니 해도 인내심입니다. 저는 성격이 급하지 않습니다. 이것은 아버지를 많이 닮은 부분인데요. 그래서 성격이 급하지 않기 때문에 모든 일을 신중하게 생각하고 결정할 수 있는 바탕이 됩니다. 하지만 이 장점은 때로는 단점으로 변하기도 하는데요. 너무 신중하게 생각하고 이를 급하지 않게 생각하기 때문에 때로는 일의 진도가 빠르게 나가지 않을 수 있습니다. 그래서 이 단점을 단점을 극복하고자 저는 업무를 수행할 때는 항상 계획을 철저히 세우고 그 계획에 따라 시간 분배를 철저히 합니다. 그러면 시간에 맞춰 일을 하기 때문에 게으르지 않게 일을 할 수 있고 또한 그 시간에 맞춰 생각도 하면서 완벽히 업무를 수행할 수 있는 바탕이 됩니다.","wordCount":108},"emotion":[],"intent":[{"text":"우선 저의 장점에 대해서 말씀드린다면 가장 큰 장점은 뭐니 뭐니 해도 인내심입니다.","expression":"c_person","category":"background"},{"text":"저는 성격이 급하지 않습니다.","expression":"c_person","category":"background"},{"text":"그래서 성격이 급하지 않기 때문에 모든 일을 신중하게 생각하고 결정할 수 있는 바탕이 됩니다.","expression":"c_person","category":"background"},{"text":"그래서 이 단점을 단점을 극복하고자 저는 업무를 수행할 때는 항상 계획을 철저히 세우고 그 계획에 따라 시간 분배를 철저히 합니다.","expression":"m_sche","category":"technology"},{"text":"그러면 시간에 맞춰 일을 하기 때문에 게으르지 않게 일을 할 수 있고 또한 그 시간에 맞춰 생각도 하면서 완벽히 업무를 수행할 수 있는 바탕이 됩니다.","expression":"m_sche","category":"technology"}],"summary":{"text":"저는 성격이 급하지 않아 모든 일을 신중하게 생각하고 결정할 수 있는 장점이 있지만 일의 진도가 빠르게 나가지 않을 수 있는 단점이 있습니다. 그래서 업무를 수행할 때는 항상 계획을 철저히 세우고 그 계획에 따라 시간 분배를 철저히 합니다.","wordCount":37}}},"rawDataInfo":{"question":{"fileFormat":"wav","fileSize":619598,"duration":19360,"samplingBit":16,"channelCount":1,"samplingRate":"16kHz","audioPath":"/Mock/01.Management/Male/Experienced/ckmk_q_bm_m_e_246650.wav"},"answer":{"fileFormat":"wav","fileSize":2359758,"duration":73740,"samplingBit":16,"channelCount":1,"samplingRate":"16kHz","audioPath":"/Mock/01.Management/Male/Experienced/ckmk_a_bm_m_e_246650.wav"}}}