{"version":"1.0","dataSet":{"info":{"date":"20230116","occupation":"BM","channel":"MOCK","place":"ONLINE","gender":"MALE","ageRange":"-34","experience":"EXPERIENCED"},"question":{"raw":{"text":"현대인은 하루 평균 세 번 거짓말을 한다고 합니다 지원자분께서 해봤던 가장 기억에 남는 거짓말은 무엇이 있을까요","wordCount":16},"emotion":[],"intent":[]},"answer":{"raw":{"text":"거짓말을 하는 거를 사실 별로 좋아하지 않아서 어 기억에 남는 거짓말이라고 말씀을 드릴 것 같으면 딱히 떠오르는 게 없는 것 같습니다. 누군가와 신뢰 관계를 굉장히 중요하게 여기기 때문에 거짓말을 하는 거에 대해서 굉장히 좋아하지 않습니다. 근데 어 이렇게 말을 하면서 지금 막상 생각을 해보니 지금 가장 큰 거짓말 이것이 남들에게 비춰졌을 때는 지금 제가 하는 말일 수도 있을 거라고 생각을 합니다.","wordCount":61},"emotion":[],"intent":[{"text":"","expression":"","category":"attitude"}],"summary":{"text":"신뢰 관계를 중요하게 여기기 때문에 거짓말 하는 걸 별로 좋아하지 않지만, 남들에게 비춰졌을 때 가장 큰 거짓말은 지금 제가 하는 말일 수도 있다고 생각합니다.","wordCount":24}}},"rawDataInfo":{"question":{"fileFormat":"wav","fileSize":397198,"duration":12410,"samplingBit":16,"channelCount":1,"samplingRate":"16kHz","audioPath":"/Mock/01.Management/Male/Experienced/ckmk_q_bm_m_e_133879.wav"},"answer":{"fileFormat":"wav","fileSize":1193038,"duration":37280,"samplingBit":16,"channelCount":1,"samplingRate":"16kHz","audioPath":"/Mock/01.Management/Male/Experienced/ckmk_a_bm_m_e_133879.wav"}}}