{"version":"1.0","dataSet":{"info":{"date":"20230116","occupation":"BM","channel":"MOCK","place":"ONLINE","gender":"MALE","ageRange":"35-44","experience":"EXPERIENCED"},"question":{"raw":{"text":"만약 지원자님께서 지금 지원하신 이 직무가 아닌 다른 부서에 배치가 되게 된다면 어떻게 대처하시겠습니까 그래도 괜찮으신지 궁금합니다","wordCount":17},"emotion":[],"intent":[]},"answer":{"raw":{"text":"다른 부서에 배치가 되더라도 일단은 이 회사가 좋아서 지원한 것이고 입사한 것이기 때문에 육 개월에서 일 년 동안은 열심히 할 것입니다. 새로운 업무를 배우는 것도 제 직장 커리어에 있어서 하나의 과정이고 꼭 필요한 사항이라고 생각합니다. 육 개월에서 일 년 정도 새로운 업무를 배우고 그 업무를 익히고 전문성을 익힌 다음에 육 개월 일 년 후에도 제가 이 업무보다는 원래 지원했던 직무가 훨씬 더 잘 할 것 같고 원한다면 그때 대표 이사나 본부장에게 건의를 하겠습니다. 대표 이사님 저는 원래 기술개발 팀에 지원을 했는데 갑작스럽게 품질관리 팀으로 배정이 되었습니다. 그런데 저는 일 년 동안 품질 관리를 새롭게 배워서 이만큼의 성과를 냈는데 지금 해보니 저는 기술 개발 쪽이 훨씬 더 저에게 잘 맞을 것 같습니다. 품질 관리에서 배운 내용과 업무에 대한 이 성과로 기술 개발 쪽으로 이직을 하여 더 많은 성과를 낼 수 있으니 재고를 부탁드립니다. 새롭게 가서 더 열심히 하고 지금 가지고 있는 품질 관리를 기술개발에 시너지를 낼 수 있도록 열심히 하겠습니다 라고 대답을 할 것입니다.","wordCount":153},"emotion":[],"intent":[{"text":"","expression":"","category":"attitude"}],"summary":{"text":"이 회사에 입사한 이상 새로운 업무를 배우고 전문성을 익힌 후에 원할 경우 대표 이사나 본부장에게 건의하겠습니다. 대표 이사는 이전에 기술개발팀에서 품질관리팀으로 배정받았는데 지금은 기술개발 쪽이 더 잘 맞습니다. 품질 관리에서 배운 내용과 업무에 대한 이 성과로 이직을 하여 더 많은 성과를 낼 수 있으니 재고해 주시기 바랍니다.","wordCount":47}}},"rawDataInfo":{"question":{"fileFormat":"wav","fileSize":434318,"duration":13570,"samplingBit":16,"channelCount":1,"samplingRate":"16kHz","audioPath":"/Mock/01.Management/Male/Experienced/ckmk_q_bm_m_e_182623.wav"},"answer":{"fileFormat":"wav","fileSize":2480078,"duration":77500,"samplingBit":16,"channelCount":1,"samplingRate":"16kHz","audioPath":"/Mock/01.Management/Male/Experienced/ckmk_a_bm_m_e_182623.wav"}}}