{"version":"1.0","dataSet":{"info":{"date":"20230116","occupation":"BM","channel":"MOCK","place":"ONLINE","gender":"MALE","ageRange":"35-44","experience":"EXPERIENCED"},"question":{"raw":{"text":"지원자님께서는 지금 공부하고 있는 분야는 어떤 것이 있나요 왜 그것을 공부하고 계시는지 지금까지 무엇을 배웠는지도 함께 말해 주세요","wordCount":18},"emotion":[],"intent":[]},"answer":{"raw":{"text":"제가 지금 열심히 공부하고 있는 분야는 바로 딕 빅데이터입니다. 빅데이터는 우리가 알고 있는 데이터들의 조각조각을 모아서 하나의 커다란 빅데이터로 서버에 저장하여 이것을 앞으로 어떻게 사업에 활용할까에 대한 업무를 많이 하게 됩니다. 특히나 이런 빅데이터들이 모여서 머신러닝을 통해서 딥러닝까지 앞으론 어떤 제품이 좋게 될 것이며 앞으로 고객들이 어떤 제품을 찾고 어디서 이 물품이 팔릴 것인가에 대한 정확한 데이터가 나옵니다. 특히 요즘은 페이스북이나 인스타 우리가 가볍게 생각하는 에스엔에스에서도 이런 빅데이터화하여 머신러닝 및 딥러닝을 통해서 어떤 고객이 어떤 키워드를 찾고 어떤 키워드를 가지고 들어왔을 때 몇 초 이상 머물렀는지까지 파악을 합니다. 우리는 이걸 구글의 지디엔이라고 하는 구글 디스플레이 네트워크라고까지 연결할 수 있는데요. 예를 들어 우리가 구글에서 어떤 광고나 기사를 봤다면 구글은 이 사람의 연령 성별 취미 지역까지 전부 파악을 하여 이 사람이 보는 페이지마다 각 관련된 광고 및 기사를 지속적으로 뿌립니다. 그러면 결국은 사람은 자기 눈에 띄고 자기 눈에 노출된 광고 및 기사를 클릭하게 되고 거기서 결국은 판매에 소구점이 생겨 사람들이 관심을 갖고 세일즈 리드가 생성되게 됩니다. 저는 이런 빅데이터 관련된 온라인 마케팅을 지속적으로 공부하고 있습니다.","wordCount":163},"emotion":[{"text":"제가 지금 열심히 공부하고 있는 분야는 바로 딕  빅데이터입니다.","expression":"u-fact","category":"neutral"}],"intent":[{"text":"","expression":"","category":"attitude"}],"summary":{"text":"빅데이터는 우리가 알고 있는 데이터들의 조각조각을 모아서 하나의 커다란 빅데이터로 서버에 저장하여 이것을 어떻게 사업에 활용할가에 대한 업무를 많이 하게 됩니다. 빅데이터들이 모여서 머신러닝을 통해서 딥러닝까지 앞으로 어떤 제품이 좋게 될 것이며 앞으로 고객들이 어떤 제품을 찾고 어디서 이 물품이 팔릴 것인가에 대한 정확한 데이터가 나왔습니다.","wordCount":46}}},"rawDataInfo":{"question":{"fileFormat":"wav","fileSize":528398,"duration":16510,"samplingBit":16,"channelCount":1,"samplingRate":"16kHz","audioPath":"/Mock/01.Management/Male/Experienced/ckmk_q_bm_m_e_182631.wav"},"answer":{"fileFormat":"wav","fileSize":2822478,"duration":88200,"samplingBit":16,"channelCount":1,"samplingRate":"16kHz","audioPath":"/Mock/01.Management/Male/Experienced/ckmk_a_bm_m_e_182631.wav"}}}