{"version":"1.0","dataSet":{"info":{"date":"20230116","occupation":"BM","channel":"MOCK","place":"ONLINE","gender":"MALE","ageRange":"35-44","experience":"EXPERIENCED"},"question":{"raw":{"text":"지금까지 살아오시면서 가장 힘들었던 경험이 있다면 무엇인가요 그리고 그것을 어떻게 극복하셨는지도 함께 들어보고 싶습니다","wordCount":14},"emotion":[],"intent":[]},"answer":{"raw":{"text":"네 지금까지 제가 살아오면서 인생적으로 가장 힘들었던 경험이 무엇일까에 대해서 한번 고민을 해 봤습니다. 어 그 부분에서 답변 드리도록 하겠습니다. 어 일단 제일 먼저 머리에 떠오르는 것은 뭐 학창시절이나 뭐 살아오면서 힘들었던 경험은 다 추억이 그렇게 나누어지는데 아직도 아 그때 너무 힘들었다 제가 죽고 싶을 만큼 힘들었다 느껴지는 그 한 장면이 떠오르는 것 같습니다. 일단 제가 군 생활을 병사생활을 해서 이 년만 할지 부사관 간부 생활을 하면서 사 년에 시간을 보낼 것인지에 대해 고민을 많이 했었는데 어 간부 생활이 많은 경험이 될 것 같아서 간부 생활을 지원을 했었습니다. 네 이런 간부 육성하는 그런 학교에 가서 십 육 주 라는 교육을 받게 되는데 그 십 육 주의 교육을 받으면서 정말 정신적으로나 육체적으로 굉장히 고달펐던 그 경험이 아직도 남아 있습니다. 그래서 아마 제 인생 중에서 그때가 제일 힘들지 않을까 싶고 그때 인제 싸워왔던 그런 것들이 포함이 돼서 지금 영양분이 돼서 지금 많은 여러 가지로 도움이 될 수 있는 부분이 분명하게 있는 것 같습니다. 그러므로 제가 생각했을 때 그 부산 생도 생활 할 때가 굉장히 힘들었던 기억이 있습니다. 이상입니다.","wordCount":166},"emotion":[],"intent":[{"text":"","expression":"","category":"attitude"}],"summary":{"text":"제가 인생에서 가장 힘들었던 경험에 대해 답변 드리겠습니다. 제가 군 생활을 병사생활을 해서 이 년만 할지 부사관 간부 생활을 하면서 사 년에 시간을 보낼 것인지에 대해 고민을 많이 했습니다. 간부 육성하는 학교에 가서 십 육 주의 교육을 받는데 정신적으로나 육체적으로 굉장히 고달프던 경험이 아직도 남아 있습니다. 부산 생도 생활 할 때가 굉장히 힘들었습니다.","wordCount":53}}},"rawDataInfo":{"question":{"fileFormat":"wav","fileSize":373518,"duration":11670,"samplingBit":16,"channelCount":1,"samplingRate":"16kHz","audioPath":"/Mock/01.Management/Male/Experienced/ckmk_q_bm_m_e_235717.wav"},"answer":{"fileFormat":"wav","fileSize":2714958,"duration":84840,"samplingBit":16,"channelCount":1,"samplingRate":"16kHz","audioPath":"/Mock/01.Management/Male/Experienced/ckmk_a_bm_m_e_235717.wav"}}}