{"version":"1.0","dataSet":{"info":{"date":"20230116","occupation":"BM","channel":"MOCK","place":"ONLINE","gender":"MALE","ageRange":"35-44","experience":"EXPERIENCED"},"question":{"raw":{"text":"대한민국 금융정책기관인 우리 신용보증기금이 있습니다 어 업무의 영역에 대해서 본인이 어떻게 생각하는지 궁금하구요 앞으로 어떤 일을 중점적으로 해야 한다고 생각을 하십니까","wordCount":21},"emotion":[],"intent":[]},"answer":{"raw":{"text":"대한민국 금융정책 기관이라면 뭐 한국은행도 있을 것이고 좀 금융정책 기관이 있을 것입니다. 뭐 주택보증공사도 있을 것이고 이때 이제 신용보증기금이 이제 맡아줘야 할 임무가 무엇일까 한번 생각을 해 보았는데 일단 이제 늘어나는 금리나 여러 가지 정책 뭐 주택담보대출 뭐 이런 것들을 했을 때 다 신용보증입니다. 신용보증이기 때문에 이런 신용보증 쪽에서 국가기관으로써 어 그거에 대한 형평성 문제라든지 아니면 어느 정도 책임을 져줘야 하는 뭐 허그 집단이라든지 아 이런 집단들을 생각해 봤을 때 어 이런 보증기금을 잘 활용을 해서 어 힘든 서민들이 분명히 있을 겁니다. 사각지대가 분명히 있을 거기 때문에 그러한 사각지대에서 피해 받거나 소외 당하는 그런 서민들을 까지 잘 확대가 돼 가지고 어 지원해 주는 부분이 무엇일까 이런 것들에 대해서 이 신용 보증기금을 활용한 그런 정책들이 많이 이루어지고 또 많이 적용이 돼서 결국은 서로 윈윈하는 서민들도 잘 살고 그런 걸 보장 받을 수 있는 게 그 부분이 업무 영역이 될 것 같습니다. 이상입니다.","wordCount":141},"emotion":[],"intent":[{"text":"","expression":"","category":"attitude"}],"summary":{"text":"신용보증기금은 늘어나는 금리나 여러 가지 정책들에서 형평성 문제나 책임을 져줘야 하는 허그 집단 등의 집단을 생각해 봤을 때, 보증기금을 잘 활용해서 서민들을 지원해 주는 것이 업무 영역입니다.","wordCount":27}}},"rawDataInfo":{"question":{"fileFormat":"wav","fileSize":501198,"duration":15660,"samplingBit":16,"channelCount":1,"samplingRate":"16kHz","audioPath":"/Mock/01.Management/Male/Experienced/ckmk_q_bm_m_e_146717.wav"},"answer":{"fileFormat":"wav","fileSize":2666958,"duration":83340,"samplingBit":16,"channelCount":1,"samplingRate":"16kHz","audioPath":"/Mock/01.Management/Male/Experienced/ckmk_a_bm_m_e_146717.wav"}}}