{"version":"1.0","dataSet":{"info":{"date":"20230116","occupation":"BM","channel":"MOCK","place":"ONLINE","gender":"MALE","ageRange":"35-44","experience":"EXPERIENCED"},"question":{"raw":{"text":"지원자분께서는 기업의 가치 산출 방법에 대해 잘 알고 계신가요 만약 알고 계시다면 아는 한도 내에서 기업의 가치 산출 방법을 순서대로 설명해 주셨으면 좋겠습니다","wordCount":23},"emotion":[],"intent":[]},"answer":{"raw":{"text":"네 제가 알고 있는 내에서 어 기업의 가치 산출 방법에 대해서 어 답변 드리도록 하겠습니다. 어 일단 가치 산출 방법은 다 기업의 어 회사의 자산을 판단을 해야 할 것이고 매달 매년 연간 수익을 산정하고 그 회사에 대출이나 빚이 있을 겁니다. 그거를 판단했을 때 이 가치를 산출할 수 있는 방법을 선정할 수 있을 것 같습니다. 기업마다 주식에서 보시다시피 재무제표가 있듯이 이 회사는 한 달에 얼마의 수익을 벌고 연관을 했을 때 얼마의 수익이 있고 또 대출이나 이런 것들이 빚이 얼마 있는지 나면은 어 순수익이 나올 것입니다. 거기서 또 직원들 월급이나 뭐 여러 가지 뭐 부가적 가치세가 포함이 돼서 그랬을 때 회사에 어 순 자산이 얼마씩 늘어나고 있는지 그 부분을 보면 같이 산출이 판단이 될 겁니다. 그런 걸 판단해서 기업의 어 이제 자산 내부성이 갖춰지고 그로 인해서 가치 산출이 정해지겠습니다. 이상입니다.","wordCount":128},"emotion":[],"intent":[{"text":"어 일단 가치 산출 방법은 다 기업의 어 회사의 자산을 판단을 해야 할 것이고 매달 매년 연간 수익을 산정하고 그 회사에 대출이나 빚이 있을 겁니다.","expression":"m_acct","category":"technology"},{"text":"기업마다 주식에서 보시다시피 재무제표가 있듯이 이 회사는 한 달에 얼마의 수익을 벌고 연관을 했을 때 얼마의 수익이 있고 또 대출이나 이런 것들이 빚이 얼마 있는지 나면은 어 순수익이 나올 것입니다.","expression":"m_acct","category":"technology"},{"text":"거기서 또 직원들 월급이나 뭐 여러 가지 뭐 부가적 가치세가 포함이 돼서 그랬을 때 회사에 어 순 자산이 얼마씩 늘어나고 있는지 그 부분을 보면 같이 산출이 판단이 될 겁니다.","expression":"m_acct","category":"technology"},{"text":"그런 걸 판단해서 기업의 어 이제 자산 내부성이 갖춰지고 그로 인해서 가치 산출이 정해지겠습니다.","expression":"m_acct","category":"technology"}],"summary":{"text":"기업의 가치 산출 방법은 회사의 자산을 판단해서 매달 연간 수익을 산정하고 그 회사에 대출이나 빚이 있을 것입니다. 그것들을 판단했을 때 이 가치를 산출할 수 있는 방법을 선정할 수 있을 것 같습니다. 그런 걸 판단해서 기업의 자산 내부성이 갖춰져서 가치 산출이 정해집니다.","wordCount":41}}},"rawDataInfo":{"question":{"fileFormat":"wav","fileSize":522958,"duration":16340,"samplingBit":16,"channelCount":1,"samplingRate":"16kHz","audioPath":"/Mock/01.Management/Male/Experienced/ckmk_q_bm_m_e_216834.wav"},"answer":{"fileFormat":"wav","fileSize":2654798,"duration":82960,"samplingBit":16,"channelCount":1,"samplingRate":"16kHz","audioPath":"/Mock/01.Management/Male/Experienced/ckmk_a_bm_m_e_216834.wav"}}}