{"version":"1.0","dataSet":{"info":{"date":"20230116","occupation":"BM","channel":"MOCK","place":"ONLINE","gender":"MALE","ageRange":"35-44","experience":"EXPERIENCED"},"question":{"raw":{"text":"게임이 출시되고 있는 상황을 가정하시고 그것에 생길 수 있는 문제에 대해 지원자께서 이야기해 보십시오","wordCount":14},"emotion":[],"intent":[]},"answer":{"raw":{"text":"어떤 게임이든 알파 버전을 넘어 베타 버전이 있고 베타 버전이 끝나고 나면 이제 정식 버전이 출시하는 경우가 많습니다. 그런데 아무리 게임을 프로그래머들이 잘 만들었다고 해도 그래픽에서의 오류 또는 이미지에서의 오류 또는 프로그램에서의 버그가 상당히 많이 발생합니다. 그리고 과금 결제 및 로그인 기타 모든 서버에 대한 문제들이 발생을 할 때 우리는 그것을 바로 다시 롤백을 시켜서 베타 버전으로 돌려야 됩니다. 현장에서 무조건 게임을 출시만 한다고 돈을 버는 게 아니라 수년 동안 만들었던 게임 개발이 어떠한 그런 서비스나 버그나 서버의 문제로 인하여 명성이라든가 브랜드에 치명적인 결함이 생길 수가 있기 때문입니다.","wordCount":88},"emotion":[],"intent":[{"text":"","expression":"","category":"attitude"}],"summary":{"text":"어떤 게임이든 알파 버전과 베타 버전이 있고 정식 버전이 출시하는 경우가 많은데, 수년 동안 만들었던 게임 개발이 어떠한 서비스나 버그나 서버의 문제로 명성이라든가 브랜드에 결함이 생길 수가 있기 때문입니다.","wordCount":29}}},"rawDataInfo":{"question":{"fileFormat":"wav","fileSize":385998,"duration":12060,"samplingBit":16,"channelCount":1,"samplingRate":"16kHz","audioPath":"/Mock/01.Management/Male/Experienced/ckmk_q_bm_m_e_166189.wav"},"answer":{"fileFormat":"wav","fileSize":1590478,"duration":49700,"samplingBit":16,"channelCount":1,"samplingRate":"16kHz","audioPath":"/Mock/01.Management/Male/Experienced/ckmk_a_bm_m_e_166189.wav"}}}