{"version":"1.0","dataSet":{"info":{"date":"20230116","occupation":"BM","channel":"MOCK","place":"ONLINE","gender":"MALE","ageRange":"35-44","experience":"EXPERIENCED"},"question":{"raw":{"text":"저희 회사에 입사하시면 기존과는 업무 스타일이 달라질 수도 있는데요 지원자님은 이런 기존과 다른 업무 스타일에 잘 적응하는 편이신가요","wordCount":18},"emotion":[],"intent":[]},"answer":{"raw":{"text":"네 회사에 제가 입사하게 되면 기존에 하던 업무 스타일과 많이 달라지는 부분에 대해서 답변 드리도록 하겠습니다. 전 회사는 좀 소규모 회사고 지금 제가 여기 회사에 들어오게 되면 여기는 대규모 회사다 보니까 분명히 업무 스타일이 틀릴 것로 판단이 됩니다. 분명히 그 부서만 바뀌어도 업무 스타일이 바뀌어지는데 또 그 회사 최고 경영자가 어떤 방식으로 어떤 방향으로 리드하냐에 따라서도 또 많이 달라진다고 생각합니다. 그렇기 때문에 분명히 달라지는 거에 대해서 제가 적응을 빨리 해야 하는 것이고 그런 전 회사와 틀린 그런 절차와 규정 이런 것들을 제가 먼저 제 판단을 해야 하고 그런 부분에서 제일 실수할 확률이 높다고 생각합니다. 그런 부분에 실수를 적일려면 일단은 회사가 무엇을 의도를 하고 무엇을 원하고 어떤 절차 무엇을 중요시 여기는지 그런 부분들을 제일 먼저 제가 판단을 쓰고 그 판단에 맞춰서 그 업무 스타일에 맞춰서 대응해야 한다고 생각합니다. 그런 거에 대해서 이제 바뀌는 환경에 대해서 적응을 많이 해 본 스타일이기 때문에 적응하는 데는 금방 적응할 수 있을 것 같습니다. 이상입니다.","wordCount":149},"emotion":[],"intent":[{"text":"","expression":"","category":"attitude"}],"summary":{"text":"대규모 회사라 부서만 바뀌어도 업무 스타일이 달라지고 최고 경영자의 방향성에 따라 업무 스타일도 많이 달라집니다. 그래서 제가 적응을 빨리해야 하고 회사와 다른 절차와 규정을 판단해야 합니다. 실수를 적으려면 회사가 어떤 의도를 갖고 어떤 절차를 중요시 여기는지 그런 것들을 제가 판단을 쓰고 그 판단에 맞춰서 그 업무 스타일에 맞춰서 대응해야 한다고 생각합니다.","wordCount":51}}},"rawDataInfo":{"question":{"fileFormat":"wav","fileSize":644558,"duration":20140,"samplingBit":16,"channelCount":1,"samplingRate":"16kHz","audioPath":"/Mock/01.Management/Male/Experienced/ckmk_q_bm_m_e_215376.wav"},"answer":{"fileFormat":"wav","fileSize":2599118,"duration":81220,"samplingBit":16,"channelCount":1,"samplingRate":"16kHz","audioPath":"/Mock/01.Management/Male/Experienced/ckmk_a_bm_m_e_215376.wav"}}}