{"version":"1.0","dataSet":{"info":{"date":"20230116","occupation":"BM","channel":"MOCK","place":"ONLINE","gender":"MALE","ageRange":"35-44","experience":"EXPERIENCED"},"question":{"raw":{"text":"대학에서 배운 지원자님에 전공 과목들 중에서 가장 기억에 남는 과목을 한 가지만 골라서 답변해 주시기 바랍니다","wordCount":16},"emotion":[],"intent":[]},"answer":{"raw":{"text":"어 제가 대학에서 이제 배웠던 저의 인제 전공 과목 중에서 가장 기억에 남는 것은 어 경영 파트에서 이제 또 유통을 빼놓을 수는 없습니다. 그래서 유통관리사 자격증을 준비했었는데 그 과목에서 유통 파트에서 이제 전공과목으로 들었었습니다. 어 근데 거기서 이제 많은 것들을 유통의 원리를 알게 되니까 어 자본주의 세상에 대해서도 이해가 빨랐던 것 같고 또 자본주의를 이해하니 돈의 흐름을 알았던 것 같습니다. 그래서 이런 유통과 관련된 일들이라든지 이 경영에 필요한 파트라든지 이런 것들에 대해서 꼭 말씀드리자면 저는 가장 기억에 남는 게 이런 유통 파트 유통에서 인제 물건이나 물자들 이런 것들이 어떤 식으로 어떤 선순환을 일으켜서 이뤄 가는지 그런 과정을 이해하게 된다면 경영 파트나 이런 내가 하는 이 사업이나 내가 하는 이 추진하는 목표에 따라서 그런 부분들에 대한 이해가 가장 빠르게 와닿았던 것 같습니다. 네 그래서 유통 파트가 가장 기억에 남는 과목이 될 것 같습니다. 이상입니다.","wordCount":133},"emotion":[],"intent":[{"text":"","expression":"","category":"attitude"}],"summary":{"text":"대학에서 배웠던 전공 과목 중 가장 기억에 남는 것은 전공과목에서 유통을 빼놓을 수 없는데, 여기서 많은 것들을 유통의 원리를 알게 되니까 자본주의 세상에 대해서도 이해가 빨랐던 것 같고 또 돈의 흐름을 알았던 것 같습니다. 그래서 유통 파트가 가장 인상적인 과목이 될 것 같습니다. 이상입니다.","wordCount":44}}},"rawDataInfo":{"question":{"fileFormat":"wav","fileSize":330958,"duration":10340,"samplingBit":16,"channelCount":1,"samplingRate":"16kHz","audioPath":"/Mock/01.Management/Male/Experienced/ckmk_q_bm_m_e_138915.wav"},"answer":{"fileFormat":"wav","fileSize":2519758,"duration":78740,"samplingBit":16,"channelCount":1,"samplingRate":"16kHz","audioPath":"/Mock/01.Management/Male/Experienced/ckmk_a_bm_m_e_138915.wav"}}}