{"version":"1.0","dataSet":{"info":{"date":"20230116","occupation":"BM","channel":"MOCK","place":"ONLINE","gender":"MALE","ageRange":"35-44","experience":"EXPERIENCED"},"question":{"raw":{"text":"우리나라에서 우버 택시와 관련된 여러 가지 문제점들이 있었습니다 실제로 이것과 관련된 찬반 논란이 계속되고 있는데요 본인이 생각했을 때는 찬성하는 입장인지 아니면 그렇지 않은 입장인지 한번 설명을 해 보시죠","wordCount":28},"emotion":[],"intent":[]},"answer":{"raw":{"text":"네 우버 택시 관련해서 모든 것이 포함돼 있을 것 같습니다. 우버 택시도 결국은 플랫폼 회사이고 뭐 각종 뭐 쿠팡이라든지 뭐 네이버라든지 다 모든 게 플랫폼에 위주로 흘러가고 있는 사 차 산업의 혁명에도 맞는 것 같습니다. 그래서 우버 택시를 하게 됐을 때 이제 우버 택시가 모든 택시 쪽을 이제 장악을 하게 되면서 그와 관련돼서 인제 소상공인 인제 기본 서민들이 인제 피해를 보는 현황이 만들어졌었습니다. 근데 이거는 앞으로도 더욱더 강하게 어 올 여파인 것 같고 또 새로운 빈틈을 파고드는 플랫폼 회사들이 더 확장하게 될 것이고 어 더 커지게 되면은 이런 거와 관련된 일들은 더 많이 일어날 것 같습니다. 그래서 서로 어 서로 피해를 끼치지 않고 서로 이익이 되고 윈윈이 되는 그런 시스템을 만들어야 할 것 같은데 저는 그런 거와 관련해서 우버 택시와 관련해서 반대하는 입장은 아닙니다. 당연히 찬성하는 입장이고 그런 것들이 더 커져야 한다고 생각하는 입장에서 말씀 드렸습니다. 네 이상입니다.","wordCount":138},"emotion":[],"intent":[{"text":"","expression":"","category":"attitude"}],"summary":{"text":"우버 택시와 관련된 모든 것이 플랫폼 위주로 흘러가고 있는 사차 산업의 혁명에도 맞는 것 같습니다. 우버 택시가 모든 택시 쪽을 장악하게 되면서 소상공인들이 피해를 보는 현황이 만들어졌습니다. 서로 피해를 끼치지 않고 서로 이익이 되는 시스템을 만들어야 할 것 같은데 저는 우버 택시에 반대 입장은 아닙니다.","wordCount":45}}},"rawDataInfo":{"question":{"fileFormat":"wav","fileSize":609358,"duration":19040,"samplingBit":16,"channelCount":1,"samplingRate":"16kHz","audioPath":"/Mock/01.Management/Male/Experienced/ckmk_q_bm_m_e_146716.wav"},"answer":{"fileFormat":"wav","fileSize":2634318,"duration":82320,"samplingBit":16,"channelCount":1,"samplingRate":"16kHz","audioPath":"/Mock/01.Management/Male/Experienced/ckmk_a_bm_m_e_146716.wav"}}}