{"version":"1.0","dataSet":{"info":{"date":"20230116","occupation":"BM","channel":"MOCK","place":"ONLINE","gender":"MALE","ageRange":"-34","experience":"EXPERIENCED"},"question":{"raw":{"text":"지금까지 본인은 다양한 대외 활동을 해 보셨을 텐데요 그렇다면 대외 활동에서 어떤 것을 배웠고 어떤 자세로 임했는지 말씀해 주시기 바랍니다","wordCount":20},"emotion":[],"intent":[]},"answer":{"raw":{"text":"특히 대학교 시절 대외 활동을 많이 했던 거 같습니다. 대외 활동을 여러 가지 하면서 느꼈던 것은 다양한 사람을 만나서 커뮤니케이션 한다는 게 굉장히 재미있구나 라는 것을 느꼈습니다. 우리가 흔히 대학생들은 공부만 한다고 생각을 하는데 다양한 사람들을 만나서 다양한 일을 경험하다 보면 보는 눈이 더 넓어진다고 생각합니다. 저 같은 경우에는 다양한 사람을 만나면서 커뮤니케이션 능력이 향상됐던 거 같습니다. 처음 보는 사람 그리고 나이가 저보다 많고 적은 사람들을 다양하게 만나다 보니 어떻게 의사소통을 해야 되는지 어떤 태도로 말을 해야 되는지를 배웠던 거 같습니다. 이렇게 어떤 태도로 이야기할지 고민하고 노력하다 보니 어떤 사람을 만나도 다양한 이야기로 의사소통을 이어나갈 수 있는 능력을 갖추게 되었던 거 같습니다.","wordCount":102},"emotion":[{"text":"대외 활동을 여러 가지 하면서 느꼈던 것은 다양한 사람을 만나서 커뮤니케이션 한다는 게 굉장히 재미있구나 라는 것을 느꼈습니다.","expression":"p-interest","category":"positive"}],"intent":[{"text":"특히 대학교 시절 대외 활동을 많이 했던 거 같습니다.","expression":"c_private","category":"background"}],"summary":{"text":"대학생들은 공부만 한다고 생각하지만 다양한 사람들을 만나다 보면 보는 눈이 넓어진다고 생각합니다. 다양한 사람을 만나다 보니 어떻게 의사소통을 해야 되는지 어떤 태도로 말을 해야 되는지를 배웠고 다양한 이야기로 의사소통을 이어나갈 수 있는 능력을 갖추게 되었습니다.","wordCount":35}}},"rawDataInfo":{"question":{"fileFormat":"wav","fileSize":533838,"duration":16680,"samplingBit":16,"channelCount":1,"samplingRate":"16kHz","audioPath":"/Mock/01.Management/Male/Experienced/ckmk_q_bm_m_e_226798.wav"},"answer":{"fileFormat":"wav","fileSize":2577678,"duration":80550,"samplingBit":16,"channelCount":1,"samplingRate":"16kHz","audioPath":"/Mock/01.Management/Male/Experienced/ckmk_a_bm_m_e_226798.wav"}}}