{"version":"1.0","dataSet":{"info":{"date":"20230116","occupation":"BM","channel":"MOCK","place":"ONLINE","gender":"MALE","ageRange":"45-54","experience":"EXPERIENCED"},"question":{"raw":{"text":"대학 생활을 하면서 가장 힘들었던 경험이 있다면 그것은 무엇이었나요 그리고 그것을 어떤 방법으로 극복했는지도 말씀해 주세요","wordCount":16},"emotion":[],"intent":[]},"answer":{"raw":{"text":"저는 음 우선 술 문화가 저는 힘들었어요. 네 제가 술을 잘 못합니다. 그리고 좋아하지도 않아요. 네 근데 어 지금도 그 문화가 좀 심하지만 저 때는 네 많이 마셨어요. 그래서 이게 체질적으로 몸에서도 안 받고 개인적으로 정말 뭐 맛도 없는데 그냥 같이 있는다고 해도 좀 이따가 친구들이 취해서 또 헛소리 하면 제 정신이 아닌 상태에서 말을 하는 걸 알고 있기 때문에 굳이 그 과정을 보고 싶지도 헛소리를 듣고 싶지도 않고 이런 게 저는 다 싫어서 뭐 가져야 되는 자리가 있다거나 했을 때 술 마시러 가자 이러면 저는 조금 안 가려고 하고 했는데 이게 대학 생활의 그 생활에 있어서 그걸 거부했을 때 뭔가 이렇게 단합되지 못하는 그 분위기가 저는 너무 힘들었습니다 네 아싸 되는. 네","wordCount":113},"emotion":[],"intent":[{"text":"","expression":"","category":"attitude"}],"summary":{"text":"저는 술을 잘 못하고 좋아하지도 않는데, 대학 생활속에서 술 문화를 거부하면서 단합되지 못하는 그 분위기가 너무 힘들었습니다. 아싸 되는 되는 그 분위기가 정말 힘들었습니다.","wordCount":24}}},"rawDataInfo":{"question":{"fileFormat":"wav","fileSize":322638,"duration":10080,"samplingBit":16,"channelCount":1,"samplingRate":"16kHz","audioPath":"/Mock/01.Management/Male/Experienced/ckmk_q_bm_m_e_178113.wav"},"answer":{"fileFormat":"wav","fileSize":2883278,"duration":90100,"samplingBit":16,"channelCount":1,"samplingRate":"16kHz","audioPath":"/Mock/01.Management/Male/Experienced/ckmk_a_bm_m_e_178113.wav"}}}