{"version":"1.0","dataSet":{"info":{"date":"20230116","occupation":"BM","channel":"MOCK","place":"ONLINE","gender":"MALE","ageRange":"45-54","experience":"EXPERIENCED"},"question":{"raw":{"text":"네 만약 불합격했을 경우에 어떤 점이 미흡해서 떨어졌다고 생각하시는지 말씀하세요","wordCount":10},"emotion":[],"intent":[]},"answer":{"raw":{"text":"어 저는 경력직으로 지원을 한 케이스입니다. 그런데 제가 만약 떨어진다고 그러면 어 일단은 회사에서 요구하는 어 그 경력과 제가 가지고 있는 경력이 맞지 안 않은 것이기 때문에 저의 부족함이라고 생각하겠습니다. 하지만 저는 제가 지원한 업무에 대해서 만큼은 그 누구보다 잘 수행할 자신이 있습니다. 저는 이 일을 어 약 이십 오 년 이상 해왔고 이 일을 해오면서 수많은 뭐 때로는 뭐 실패도 하고 때로는 어 성과도 이루어냈지만 어 저는 이 일에 대해서 열정을 가지고 있고 누구보다 이 일을 잘 해낼 자신이 있습니다. 경력이 있는 만큼 어 여러 가지 돌발 상황이라든지 어 회사에서 제가 수행해야 될 직무와 제 위치를 누구보다 잘 알고 있고 제가 하는 일에 대해서 어 자신감을 갖고 있으며 저 역시 제가 하는 일에 대해서 어 긍지와 자부심을 가지고 있습니다.","wordCount":120},"emotion":[],"intent":[{"text":"","expression":"","category":"attitude"}],"summary":{"text":"저는 경력직으로 지원한 케이스인데, 만약 떨어진다면 저 자신의 부족함이라 생각하겠지만, 저는 이 일을 약 20 오 년 이상 해왔고 실패와 성과도 이루어냈기에 저 역시 제가 하는 일에 대해 긍지와 자부심을 가지고 있습니다.","wordCount":32}}},"rawDataInfo":{"question":{"fileFormat":"wav","fileSize":320078,"duration":10000,"samplingBit":16,"channelCount":1,"samplingRate":"16kHz","audioPath":"/Mock/01.Management/Male/Experienced/ckmk_q_bm_m_e_100888.wav"},"answer":{"fileFormat":"wav","fileSize":2220558,"duration":69390,"samplingBit":16,"channelCount":1,"samplingRate":"16kHz","audioPath":"/Mock/01.Management/Male/Experienced/ckmk_a_bm_m_e_100888.wav"}}}