{"version":"1.0","dataSet":{"info":{"date":"20230116","occupation":"BM","channel":"MOCK","place":"ONLINE","gender":"MALE","ageRange":"55-","experience":"EXPERIENCED"},"question":{"raw":{"text":"기업이 자금을 조달하는 직 간접적인 방법을 아는 것까지 설명 부탁드리겠습니다","wordCount":10},"emotion":[],"intent":[]},"answer":{"raw":{"text":"기업이 자금을 조달하는 직 간접적인 방법을 아시는 만큼 모두 최대한 자세하게 말씀해 주세요. 예 자금을 조달하는 방법은 많이 있을 걸로 보고 있습니다. 저희가 은행에서 자금을 조달하는 방법도 가장 단순한 방법이지만은 정책 자금을 통하여서 국가에서 우리가 그 개발 아이템을 통해서 개발되고자 하는 그런 부분을 통해서 자금을 조달하는 방법이 더 좋을 것으로 생각을 합니다. 그런 부분에서도 제가 몸담고 있었고 또한 아 기획력을 통하여서 아 자금을 조달하는 그런 방법을 잘 알고 있다고 생각을 합니다. 어떻게 보면 국가하고 뭐 정부에서 도와주는 그러한 아 정책자금이 가장 좋을 것이라고 생각합니다. 운영하는 그러한 자금도 규모가 크고 우리가 설비적인 투자라든가 시설 자금을 충분히 우리가 투자할 수 있는 방법이라고 생각하기 때문입니다.","wordCount":102},"emotion":[],"intent":[{"text":"저희가 은행에서 자금을 조달하는 방법도 가장 단순한 방법이지만은 정책 자금을 통하여서 국가에서 우리가 그   개발 아이템을 통해서 개발되고자 하는 그런 부분을 통해서 자금을 조달하는 방법이 더 좋을 것으로 생각을 합니다.","expression":"m_acct","category":"technology"},{"text":"어떻게 보면 국가하고 뭐 정부에서 도와주는 그러한 아   정책자금이 가장 좋을 것이라고 생각합니다.","expression":"m_acct","category":"technology"},{"text":"운영하는 그러한 자금도 규모가 크고 우리가 설비적인 투자라든가 시설 자금을 충분히 우리가 투자할 수 있는 방법이라고 생각하기 때문입니다.","expression":"m_acct","category":"technology"}],"summary":{"text":"기업이 자금을 조달하는 직간접적인 방법은 많이 있을 걸로 보고 있습니다. 정책 자금을 통하여서 국가에서 개발 아이템을 통해서 개발되고자 하는 부분을 통해서 자금 조달하는 방법이 더 좋을 것으로 생각합니다.","wordCount":28}}},"rawDataInfo":{"question":{"fileFormat":"wav","fileSize":294158,"duration":9190,"samplingBit":16,"channelCount":1,"samplingRate":"16kHz","audioPath":"/Mock/01.Management/Male/Experienced/ckmk_q_bm_m_e_137541.wav"},"answer":{"fileFormat":"wav","fileSize":2332878,"duration":72900,"samplingBit":16,"channelCount":1,"samplingRate":"16kHz","audioPath":"/Mock/01.Management/Male/Experienced/ckmk_a_bm_m_e_137541.wav"}}}