{"version":"1.0","dataSet":{"info":{"date":"20230116","occupation":"BM","channel":"MOCK","place":"ONLINE","gender":"MALE","ageRange":"35-44","experience":"EXPERIENCED"},"question":{"raw":{"text":"휴식을 취할 때는 주로 어떤 일들을 하세요 왜 그런 일을 하는지 그 이유도 같이 말씀해 주세요","wordCount":16},"emotion":[],"intent":[]},"answer":{"raw":{"text":"휴식 시간에 저는 명상을 하거나 주변을 걷습니다. 걷다 보면 발바닥에 자극이 되고 자극이 되면 뇌가 리플레시가 된다 라고 하는 뇌 과학자의 이론이 있습니다. 또는 눈을 감고 가만히 아무 것도 안하고 커피 한 잔을 마시고 있으면 세상에 모든 근심이 사라지는 것 같은 느낌이 들 때가 있습니다. 사람들은 휴식이라고 하면 무조건 누워 있거나 아니면 맛있는 것만 먹는 것을 생각하지만 실제적으로 휴식에는 우리 육체적인 휴식이 있고 정신적인 휴식이 있습니다. 우리 육체도 쉬어야 하지만 실제로 우리가 가장 많은 피로를 느끼는 것은 뇌 피로입니다. 사람들은 뇌가 뭘 했다고 피로를 느끼나 라고 생각하지만 뇌가 실제적으로 공부를 하거나 어떤 연산 논리 기억 등을 많이 하다 보면 뇌는 단백질을 많이 필요로 하고 단백질을 필요로 하다 보면 뇌도 모르 뇌는 자신도 모르게 자신이 피로해지고 있다 라는 걸 점점점 느끼게 되어 스스로 늙거나 아니면 생각이 멈춘다고 합니다. 이럴 때 가장 좋은 것은 바로 뇌 뇌를 리프레시 하는 개념입니다.","wordCount":138},"emotion":[],"intent":[{"text":"","expression":"","category":"attitude"}],"summary":{"text":"휴식 시간에 명상하거나 주변을 걷다 보면 발바닥에 자극이 되어 뇌가 리플레시가 된다는 뇌 과학자의 이론이 있습니다. 실제로 우리가 가장 많은 피로를 느끼는 것은 뇌 피로인데, 공부를 하거나 어떤 연산 논리 기억 등을 많이 하다 보면 뇌도 자신도 모르게 자신이 피로해지고 있다는 걸 느끼게 됩니다.","wordCount":44}}},"rawDataInfo":{"question":{"fileFormat":"wav","fileSize":264398,"duration":8260,"samplingBit":16,"channelCount":1,"samplingRate":"16kHz","audioPath":"/Mock/01.Management/Male/Experienced/ckmk_q_bm_m_e_169688.wav"},"answer":{"fileFormat":"wav","fileSize":2366158,"duration":73940,"samplingBit":16,"channelCount":1,"samplingRate":"16kHz","audioPath":"/Mock/01.Management/Male/Experienced/ckmk_a_bm_m_e_169688.wav"}}}