{"version":"1.0","dataSet":{"info":{"date":"20230116","occupation":"BM","channel":"MOCK","place":"ONLINE","gender":"MALE","ageRange":"55-","experience":"EXPERIENCED"},"question":{"raw":{"text":"이제까지 협업을 하면서 가장 어려웠던 점과 그 어려웠던 점을 어떻게 해결했는지 한번 말씀해 주세요","wordCount":14},"emotion":[],"intent":[]},"answer":{"raw":{"text":"협업하면서 가장 어려웠던 거는 회의 시간이었습니다. 일을 하면서 다른 부서와 같이 협업을 하는 경우가 많은데 그렇게 할 때마다 항상 어려웠던 게 회의 시간이었습니다. 회의를 시작하기 전에 미리 회의를 할 내용과 토론할 내용들을 미리 정리해서 준비를 해 와야 되는데 그런 것들을 해 오지 않다 보니깐 맨 처음에 시작할 때 잡담하는 얘기서부터 시작해서 중간 중간 얘기하는 과정에서 곁 가지에 얘기를 하지 않아도 될 내용들을 상당한 시간을 소비해 가면서 얘기를 하다 보니 회의 시간도 많이 길어지는 문제점이 있었습니다. 그래서 참다 참다 못해서 회의 시 시간에 대해서 공지를 사전에 하면서 미리 준비할 사항과 그다음에 시간을 한 시간이면 한 시간 정해서 그 시간 안에 끝내도록 하고 딱 그 시간이 됐을 때 벨이 울릴 수 있도록 그렇게 만들었었죠. 그러니까 좀 나아지더라고요.","wordCount":115},"emotion":[],"intent":[{"text":"","expression":"","category":"attitude"}],"summary":{"text":"협업하면서 가장 어려웠던 건 회의 시간이었습니다. 회의 전에 미리 정리해서 와야 되는데 그런 것들을 해 오지 않다 보니 회의 시간도 많이 길어지는 문제점이 있었습니다. 그래서 미리 공지를 사전에 하면서 미리 준비할 사항과 시간을 한 시간 정해서 그 시간 안에 끝내도록 했습니다.","wordCount":41}}},"rawDataInfo":{"question":{"fileFormat":"wav","fileSize":287438,"duration":8980,"samplingBit":16,"channelCount":1,"samplingRate":"16kHz","audioPath":"/Mock/01.Management/Male/Experienced/ckmk_q_bm_m_e_243973.wav"},"answer":{"fileFormat":"wav","fileSize":2625678,"duration":82050,"samplingBit":16,"channelCount":1,"samplingRate":"16kHz","audioPath":"/Mock/01.Management/Male/Experienced/ckmk_a_bm_m_e_243973.wav"}}}