{"version":"1.0","dataSet":{"info":{"date":"20230116","occupation":"BM","channel":"MOCK","place":"ONLINE","gender":"MALE","ageRange":"35-44","experience":"EXPERIENCED"},"question":{"raw":{"text":"공기업 민영화에 대한 면접자님의 의견을 말해주세요","wordCount":6},"emotion":[],"intent":[]},"answer":{"raw":{"text":"아 최근에 이제 공기업이 민영화를 시킨다는 얘기가 많고 또 찬반 토론 또 논란이 여러 가지가 많이 나오고 있습니다. 공기업이 민영화가 돼버리면은 그나마 약간의 나라에서 통제할 수 있는 그런 기관에서 통제 자체가 안 될 겁니다. 이 민영화가 되게 되면은 이제 자체적으로 다 자기 회사의 이익만을 위해서 다가갈 거고 어 나라의 공익을 위한 그런 모습들은 이제 점점 줄어들게 되고 이러면 결국은 우리나라 국민들에게 피해가 갈 수 있는 부분이기 때문에 그 부분에 대해서는 당연히 지금 현재 더 정책에서 정부에서 통제가 가능하게끔 그런 원리가 갖춰지는 게 맞는 것 같습니다. 이렇게 따지고 보면은 결국은 나라에서 자원을 지원해주고 자금이나 이런 게 지원해서 공기업이 탄생한 것인데 그런 공기업이 결국은 어 부모를 버리고 어 혼자 독립하겠다는 건데 아 그거는 말도 안 되는 것 같습니다. 그래서 공기업의 목적이 무엇이고 어 해야 할 일이 무엇인지를 정확히 안다면은 민영화에 대한 얘기는 더 이상 나오지 않을 것 같은데 그 부분에서는 저는 공기업 민영화는 반대하는 입장이 되겠습니다. 이상입니다.","wordCount":145},"emotion":[],"intent":[{"text":"","expression":"","category":"attitude"}],"summary":{"text":"최근 공기업이 민영화를 시킨다는 얘기가 많고 여러 논란이 많이 나오고 있습니다. 공기업의 목적이 무엇이고 해야 할 일이 무엇인지를 정확히 안다면 그 부분에서는 공기업 민영화는 반대하는 입장이 되겠습니다.","wordCount":27}}},"rawDataInfo":{"question":{"fileFormat":"wav","fileSize":234318,"duration":7320,"samplingBit":16,"channelCount":1,"samplingRate":"16kHz","audioPath":"/Mock/01.Management/Male/Experienced/ckmk_q_bm_m_e_236644.wav"},"answer":{"fileFormat":"wav","fileSize":2799118,"duration":87470,"samplingBit":16,"channelCount":1,"samplingRate":"16kHz","audioPath":"/Mock/01.Management/Male/Experienced/ckmk_a_bm_m_e_236644.wav"}}}