{"version":"1.0","dataSet":{"info":{"date":"20230116","occupation":"BM","channel":"MOCK","place":"ONLINE","gender":"MALE","ageRange":"35-44","experience":"EXPERIENCED"},"question":{"raw":{"text":"과거에 직면하는 어려운 문제를 해결하기 위해 지원자님은 어떤 아이디어를 제안하였고 또 무엇을 하셨는지 과정을 자세하게 말씀해 주세요","wordCount":17},"emotion":[],"intent":[]},"answer":{"raw":{"text":"이천 이십 년 이 월 저희는 대학 병원에 한 대당 이십 억이 넘는 의료 장비를 설치하는 계약서를 완료했습니다. 그런데 그때 전세계적으로 코로나가 창궐하여 본사 해외에 있는 엔지니어들이 한국에 방문을 할 수 없었습니다. 그런데 이미 제품은 생산이 되어 병원에 납품이 되었고 이제 제품을 설치 운영 가동 검수까지 삼 개월 안에 맞춰야 되는 상황인데 도저히 해외에 있는 본사 엔지니어들이 한국에 입국하여 제 제품을 설치할 수는 없었습니다. 그때 모든 사람들이 발을 동동 구르고 삼 개월 안에 일을 해결하지 못하면 지체 보상금을 내야 된다 라고 하는 그 계획을 세우고 있을 때 저는 번뜩이는 아이디어로 온라인 줌미팅 또는 팀지미팅으로 카메라를 이십 개 이상 설치하여 현장에 있는 엔지니어들에게 본사 엔지니어들의 어드바이스 및 설치에 대한 꿀팁을 제공받는 것을 제가 제안을 하였습니다. 특히나 본사에 있는 엔지니어들은 해외 사람들이라 영어로 제가 중간에 통역을 하고 기술적인 내용에 대해서 지속적으로 충고를 해주면서 어떻게 하면 잘 설치할까 고민을 하면서 실제적으로 삼 개월 안에 모든 장비가 설치되어 저희는 지체 보상금을 물지 않게 되었습니다.","wordCount":150},"emotion":[],"intent":[{"text":"","expression":"","category":"attitude"}],"summary":{"text":"이천 20 년 이 월 대학 병원에 한 대당 20 억이 넘는 의료 장비를 설치하는 계약서를 완료했습니다. 그런데 코로나로 본사 해외에 있는 엔지니어들이 한국에 방문을 할 수 없었습니다. 그래서 온라인 줌미팅이나 팀지미팅으로 카메라를 이십 개 이상 설치하여 현장에 있는 엔지니어들에게 본사 엔지니어들의 어드바이스 및 설치에 대한 꿀팁을 제공받는 것을 제안하였습니다.","wordCount":50}}},"rawDataInfo":{"question":{"fileFormat":"wav","fileSize":470798,"duration":14710,"samplingBit":16,"channelCount":1,"samplingRate":"16kHz","audioPath":"/Mock/01.Management/Male/Experienced/ckmk_q_bm_m_e_164820.wav"},"answer":{"fileFormat":"wav","fileSize":2765838,"duration":86430,"samplingBit":16,"channelCount":1,"samplingRate":"16kHz","audioPath":"/Mock/01.Management/Male/Experienced/ckmk_a_bm_m_e_164820.wav"}}}