{"version":"1.0","dataSet":{"info":{"date":"20230116","occupation":"BM","channel":"MOCK","place":"ONLINE","gender":"MALE","ageRange":"-34","experience":"EXPERIENCED"},"question":{"raw":{"text":"지원자님은 왜 이 분야에 관심을 가지게 되었고 지원하게 되었는지 말씀해 주실 수 있을까요 어 관심을 가지신 이유와 지원 동기도 함께 말씀해 주세요","wordCount":22},"emotion":[],"intent":[]},"answer":{"raw":{"text":"제가 이 분야에 관심을 가지게 된 이유는 제가 우선 경제학과를 졸 졸업을 하면서 이런 경영 사무 쪽에 관심이 많게 되었고요. 그걸 통해서 제가 쫌 더 잘 할 수 있는 분야라고 생각을 하게 되었습니다. 그리고 여러 업 경력을 통해서 제가 기획이나 경영 쪽 업무에 에 적합하다는 것을 경험적으로 알게 되었고요. 그래서 이 회사에서 제가 잘 할 수 있는 업무라 생각해서 지원하게 되었습니다. 감사합니다.","wordCount":62},"emotion":[],"intent":[{"text":"제가 이 분야에 관심을 가지게 된 이유는 제가 우선 경제학과를 졸 졸업을 하면서 이런 경영 사무 쪽에 관심이 많게 되었고요.","expression":"c_sincere_job","category":"etc"},{"text":"그리고 여러 업 경력을 통해서 제가 기획이나 경영 쪽 업무에 에 적합하다는 것을 경험적으로   알게 되었고요.","expression":"c_sincere_job","category":"etc"},{"text":"그래서 이 회사에서 제가 잘 할 수 있는 업무라 생각해서 지원하게 되었습니다.","expression":"c_sincere_job","category":"etc"}],"summary":{"text":" 경제학과를 졸업을 하면서 경영 사무 쪽에 관심이 많이 생겨서 이 회사에 지원하게 되었습니다.","wordCount":13}}},"rawDataInfo":{"question":{"fileFormat":"wav","fileSize":435278,"duration":13600,"samplingBit":16,"channelCount":1,"samplingRate":"16kHz","audioPath":"/Mock/01.Management/Male/Experienced/ckmk_q_bm_m_e_156987.wav"},"answer":{"fileFormat":"wav","fileSize":1083918,"duration":33870,"samplingBit":16,"channelCount":1,"samplingRate":"16kHz","audioPath":"/Mock/01.Management/Male/Experienced/ckmk_a_bm_m_e_156987.wav"}}}