{"version":"1.0","dataSet":{"info":{"date":"20230116","occupation":"BM","channel":"MOCK","place":"ONLINE","gender":"MALE","ageRange":"35-44","experience":"EXPERIENCED"},"question":{"raw":{"text":"본인이 직접 해외 출장 장소를 선택할 수 있다면 꼭 가서 일해보고 싶은 나라가 어디인가요","wordCount":14},"emotion":[],"intent":[]},"answer":{"raw":{"text":"저는 단연코 유럽을 가보고 싶습니다. 유럽 중에서도 독일이나 벨기에처럼 모든 의료기기 장비 자동차 항공 등의 최첨단을 달리고 있는 독일이 가장 가보고 싶습니다. 독일은 우리가 알고 있는 것처럼 자동차의 비엠더블유 메르센스 벤츠 그다음에 증기 터빈 지멘스라고 하는 엄청난 회사들을 보유하고 있습니다. 모든 의료 장비 및 모든 장비 자동차부터 항만까지 독일에서 만든 것들 중에 최고가 아닌 장비가 없습니다. 독일은 중학생 때부터 학생들이 프로그래밍을 설계하고 그렇게 프로그래밍을 통해서 기구 설계를 한다고 들었습니다. 즉 대학교를 나오지 않은 고등학교만 졸업한 프로그래머들도 웬만한 대한민국의 삼십 대에 상위권 레벨에 프로그래머들하고 맞먹는 수준의 레벨이 된다고 합니다.","wordCount":88},"emotion":[],"intent":[{"text":"","expression":"","category":"attitude"}],"summary":{"text":"독일을 가보고 싶습니다. 비엠더블유 메르센스 벤츠, 증기 터빈 지멘스 같은 회사들을 보유하고 있는 독일은 의료 장비와 장비, 자동차부터 항만까지 독일이 만든 것들 중에 최고가 아닌 장비가 없습니다.","wordCount":27}}},"rawDataInfo":{"question":{"fileFormat":"wav","fileSize":281678,"duration":8800,"samplingBit":16,"channelCount":1,"samplingRate":"16kHz","audioPath":"/Mock/01.Management/Male/Experienced/ckmk_q_bm_m_e_166187.wav"},"answer":{"fileFormat":"wav","fileSize":1788238,"duration":55880,"samplingBit":16,"channelCount":1,"samplingRate":"16kHz","audioPath":"/Mock/01.Management/Male/Experienced/ckmk_a_bm_m_e_166187.wav"}}}