{"version":"1.0","dataSet":{"info":{"date":"20230116","occupation":"BM","channel":"MOCK","place":"ONLINE","gender":"MALE","ageRange":"55-","experience":"EXPERIENCED"},"question":{"raw":{"text":"우리 회사에서 해외 파견 근무를 나갈 수 있는 일들이 있습니다 본인이 가게 된다면 어떤 나라에 가고 싶은지 궁금하구요 그리고 우리 회사가 진출을 하게 된다면 어느 나라가 적합할지도 생각해 본 게 있습니까","wordCount":31},"emotion":[],"intent":[]},"answer":{"raw":{"text":"어 음 제가 보기에는 저는 말레이시아요. 네 아무래도 이게 뭐 근무인데 뭐 놀러 나가는 것도 아니고 전망이 네 저는 동남아 쪽을 계속 봐야 될 것 같고 그렇게 따지면 말레이시아 쪽을 조금 가서 좀 제대로 그쪽에 뿌리를 박아야지 앞으로 좋을 거라고 생각을 합니다. 그래서 회사 차원에서도 뭐 유럽은 이미 많이들 가셨을 거고 동남아 시장을 조금 더 계속 공을 들여서 하려면 네 아예 파견으로 해서 좀 제대로 거기 거점을 잡고 진행을 해야 된다고 생각을 해요. 그래서 말레이시아 인도네시아는 누가 봐도 레드 오션이죠. 아 블루 오션이죠. 그래서 그런 부분에 대해서 우리 회사가 발 빠르게 조금 움직여야 될 필요가 있다고 생각을 합니다.","wordCount":98},"emotion":[],"intent":[{"text":"","expression":"","category":"attitude"}],"summary":{"text":"저는 동남아 쪽을 계속 봐야 될 것 같고 그렇게 따지면 말레이시아 쪽을 조금 가서 제대로 거기서 뿌리를 박아야 앞으로 좋을 거라고 생각합니다. 그래서 회사 차원에서도 아예 파견을 해서 제대로 거기서 거점을 잡고 진행을 해야 한다고 생각합니다.","wordCount":36}}},"rawDataInfo":{"question":{"fileFormat":"wav","fileSize":620238,"duration":19380,"samplingBit":16,"channelCount":1,"samplingRate":"16kHz","audioPath":"/Mock/01.Management/Male/Experienced/ckmk_q_bm_m_e_156420.wav"},"answer":{"fileFormat":"wav","fileSize":2461518,"duration":76920,"samplingBit":16,"channelCount":1,"samplingRate":"16kHz","audioPath":"/Mock/01.Management/Male/Experienced/ckmk_a_bm_m_e_156420.wav"}}}