{"version":"1.0","dataSet":{"info":{"date":"20230116","occupation":"BM","channel":"MOCK","place":"ONLINE","gender":"MALE","ageRange":"35-44","experience":"EXPERIENCED"},"question":{"raw":{"text":"지원자님께서는 본인이 현재 가지고 있는 위치보다 어려운 목표를 달성한 적이 있나요 그런 적이 있다면 경험을 자세하게 말씀해 주세요","wordCount":18},"emotion":[],"intent":[]},"answer":{"raw":{"text":"저희는 기술 지원을 하는 서비스 팀입니다. 그런데 어느 순간 본사에서 서비스 팀에서도 매출 실적을 내라고 하는 명령이 하달되었습니다. 그때 저희가 할 수 있는 방법은 기술 지원료를 고객들한테 많이 청구하는 것인데 그렇게 고객들에게 많은 비용을 청구하면 고객들은 저희를 이탈할 수 밖에 없었습니다. 그래서 저희가 고안해 낸 생각은 바로 렌탈 시스템이었습니다. 렌탈을 통해서 고객들에게 처음에 저렴한 비용으로 제품을 임대를 하고 고객들이 그 제품에 임대를 하면서 조금씩 익숙해져 나갈 때 쯤에 소모품을 판매하는 것이었습니다. 소모품은 한 달에 한 번 두 달에 한 번씩 지속적으로 고객이 요청하는 것이었고 소모품을 제공함으로써 고객들은 아 지속적으로 서비스를 받고 있구나 라고 하는 안심을 하고 케어 받고 있다 라는 느낌으로 저희를 신뢰했습니다. 그리고 저희는 그 소모품을 통해서 전국에서 약 월 일 억 원 정도 되는 소모품 매출 실력이 나와서 그 매출 실적을 기반으로 지속적으로 실적을 달성할 수 있었습니다.","wordCount":129},"emotion":[],"intent":[{"text":"","expression":"","category":"attitude"}],"summary":{"text":"본사에서 기술 지원료 매출 실적을 내라는 명령이 하달되면서 고객들에게 많은 비용을 청구하면 고객들은 이탈할 수 밖에 없었습니다. 그래서 저희는 렌탈 시스템을 고안하여 저렴한 비용으로 제품을 임대하고 고객들이 그 제품에 익숙해져 나갈 쯤에 소모품을 판매하는 것을 판매하였습니다. 그 매출 실적을 기반으로 지속적으로 실적을 달성할 수 있었습니다.","wordCount":45}}},"rawDataInfo":{"question":{"fileFormat":"wav","fileSize":589518,"duration":18420,"samplingBit":16,"channelCount":1,"samplingRate":"16kHz","audioPath":"/Mock/01.Management/Male/Experienced/ckmk_q_bm_m_e_156377.wav"},"answer":{"fileFormat":"wav","fileSize":2377358,"duration":74290,"samplingBit":16,"channelCount":1,"samplingRate":"16kHz","audioPath":"/Mock/01.Management/Male/Experienced/ckmk_a_bm_m_e_156377.wav"}}}