{"version":"1.0","dataSet":{"info":{"date":"20230116","occupation":"BM","channel":"MOCK","place":"ONLINE","gender":"MALE","ageRange":"35-44","experience":"EXPERIENCED"},"question":{"raw":{"text":"다른 사람이 생각하는 지원자님의 장점과 단점은 무엇이라고 생각하시는지요 또 그렇게 생각하시는 이유도 함께 말씀해 주시면 좋겠습니다","wordCount":16},"emotion":[],"intent":[]},"answer":{"raw":{"text":"저의 가장 큰 장점은 추진력이 뛰어나고 많은 사람들의 이야기를 잘 들어준다는 것입니다. 가끔 추진력이 너무 뛰어난 모습 때문에 독선적이고 독단적인 모습으로 비춰질 때도 많습니다. 하지만 그렇게 빠른 추진력과 빠른 판단 결정력 때문에 업무가 지체되지 않고 병원이나 산업 현장에서 장비를 빠르게 설치하여 지체 보상금 및 업무에 대한 만족도가 상당히 높았습니다. 하지만 저의 가장 큰 단점은 바로 포기가 너무 빠르다는 것입니다. 어떤 사회학자에 의하면 사람들은 어떤 성공을 하기 위해서 열 다섯 번 이상의 실패를 경험한다고 합니다. 그런데 그 실패를 실패로 받아들이는 것이 아니라 내가 했던 가설에 대한 검증이고 가설이 틀렸음을 인정하면 되는데 이것을 그냥 실패 페일리어 라고 생각을 하기 때문에 좌절을 겪게 됩니다. 실패는 좌절을 할 것이 아니라 제가 성공을 하기 위한 것으로 진입하기 위한 하나의 장벽일 뿐인데 그 장벽을 못 넘어서 좌절하는 저의 모습을 보고 많이 느꼈습니다. 그래서 실패와 인내가 부족한 저 자신을 위해서 저는 항상 제가 실패했던 업무에 대해서 또는 일에 대해서 기록해 놓는 습관을 가지고 있고 그 습관을 통해서 저는 매번 복귀하면서 다음부터는 이런 실패를 하지 않고 인정할 수 있는 사람이 되고 있습니다.","wordCount":164},"emotion":[],"intent":[{"text":"저의 가장 큰 장점은 추진력이 뛰어나고 많은 사람들의 이야기를 잘 들어준다는 것입니다.","expression":"c_person","category":"background"},{"text":"하지만 저의 가장 큰 단점은 바로 포기가 너무 빠르다는 것입니다.","expression":"c_person","category":"background"}],"summary":{"text":"저는 추진력이 뛰어나고 많은 사람들의 이야기를 잘 들어주는 장점이 있습니다. 하지만 가장 큰 단점은 바로 포기가 너무 빠르다는 것입니다. 저는 항상 제가 실패했던 업무에 대해서 또는 일에 대해서 기록해 놓는 습관을 가지고 있고 그 습관을 통해서 항상복귀하면서 다음부터는 실패를 하지 않고 인정할 수 있는 사람이 되려고 합니다.","wordCount":47}}},"rawDataInfo":{"question":{"fileFormat":"wav","fileSize":416078,"duration":13000,"samplingBit":16,"channelCount":1,"samplingRate":"16kHz","audioPath":"/Mock/01.Management/Male/Experienced/ckmk_q_bm_m_e_165145.wav"},"answer":{"fileFormat":"wav","fileSize":2830798,"duration":88460,"samplingBit":16,"channelCount":1,"samplingRate":"16kHz","audioPath":"/Mock/01.Management/Male/Experienced/ckmk_a_bm_m_e_165145.wav"}}}