{"version":"1.0","dataSet":{"info":{"date":"20230116","occupation":"BM","channel":"MOCK","place":"ONLINE","gender":"MALE","ageRange":"35-44","experience":"EXPERIENCED"},"question":{"raw":{"text":"네 지원자님께서는 사내에서 쫌 스터디를 만들어서 함께 공부하는 분위기가 있다면 쫌 어떤 것을 공부를 해보고 싶으신가요 또 그런 공부를 하고 싶으신 이유도 함께 말씀 부탁드립니다","wordCount":25},"emotion":[],"intent":[]},"answer":{"raw":{"text":"네 사내 스터디 그룹 관련해서 말씀드리겠습니다. 사내 스터디 그룹 뭐 여러 가지 있을 겁니다. 뭐 등산 좋아하는 사람들도 있을 것이고 아니면 영어의 능력을 키우고 싶은 뭐 영어 스터디도 있을 것이고 아니면 뭐 승진을 위한 뭐 진급을 위한 그런 뭐 스터디도 있을 것입니다. 네 제가 만약에 이제 스터디를 만든다고 하면은 저는 지금 현대사회에서 제일 중요한 거는 결국은 자본주의이고 돈의 흐름을 이해할 줄 아는 그런 재테크에도 능한 그런 직원이 돼야 한다고 생각을 합니다. 그래서 저는 재테크 스터디 그룹을 만들어서 음 본인에게서도 도움이 되고 또 서로에 대한 정보도 공유하면서 뭐 주식이라든지 어 비트코인도 있고 뭐 부동산이라든지 이런 부분에 대해서 이해가 되고 충분히 습득이 된다면은 이 돈의 흐름을 이해가 될 겁니다. 그러면은 회사가 어떻게 진행해야 하는지 회사의 이익을 위해서 어떤 흐름이 있어야 하는지 그런 것들도 다 확대될 수 있기 때문에 어 회사에도 이익이 되고 개인에도 이익이 될 수 있다고 생각합니다. 그래서 저는 재테크 스터디 그룹을 만들어보고 싶습니다. 이상입니다.","wordCount":144},"emotion":[],"intent":[{"text":"","expression":"","category":"attitude"}],"summary":{"text":"사내 스터디 그룹을 만든다고 하면 자본주의와 돈의 흐름을 이해할 줄 아는 재테크에 능한 직원이 되어야 한다고 생각합니다. 그래서 저는 재테크 스터티 그룹을 만들어서 본인에게서도 도움이 되고 서로에 대한 정보도 공유하면서 돈의 흐름도 이해할 수 있도록 하겠습니다.","wordCount":36}}},"rawDataInfo":{"question":{"fileFormat":"wav","fileSize":548558,"duration":17140,"samplingBit":16,"channelCount":1,"samplingRate":"16kHz","audioPath":"/Mock/01.Management/Male/Experienced/ckmk_q_bm_m_e_146720.wav"},"answer":{"fileFormat":"wav","fileSize":2647118,"duration":82720,"samplingBit":16,"channelCount":1,"samplingRate":"16kHz","audioPath":"/Mock/01.Management/Male/Experienced/ckmk_a_bm_m_e_146720.wav"}}}