{"version":"1.0","dataSet":{"info":{"date":"20230116","occupation":"BM","channel":"MOCK","place":"ONLINE","gender":"MALE","ageRange":"-34","experience":"EXPERIENCED"},"question":{"raw":{"text":"지원자님 시험 기간 시간이 촉박할 때 어떻게 시간 관리를 하셨나요 지원자님만의 노하우 시간관리법에 궁금합니다","wordCount":14},"emotion":[],"intent":[]},"answer":{"raw":{"text":"시험 기간을 생각하면 항상 시간이 부족했던 기억이 납니다. 이를 위해서 저는 시간 관리를 어떻게 해야 할지 어떻게 해야 시간을 효과적으로 사용할 수 있을지 고민했던 것 같습니다. 시험 기간에 시간이 촉박하면 저는 제가 잘 아는 부분과 잘 모르는 부분을 나눠서 공부했던 것 같습니다. 제가 잘 아는 부분은 시간을 조금만 써도 공부를 할 수 있는 부분이기 때문에 뒤쪽에 배치를 하고 제가 어려워하거나 잘 모르는 부분은 앞쪽에 배치를 함으로써 더 많은 시간을 공부할 수 있게 배치했던 것 같습니다. 이렇게 계획을 세워서 시간을 배치한 후에 공부를 시작하니 공부가 좀 더 효율적으로 이루어졌던 것 같고 시험 성적도 많이 올랐었던 것 같습니다.","wordCount":96},"emotion":[],"intent":[{"text":"제가 잘 아는 부분은 시간을 조금만 써도 공부를 할 수 있는 부분이기 때문에 뒤쪽에 배치를 하고 제가 어려워하거나 잘 모르는 부분은 앞쪽에 배치를 함으로써 더 많은 시간을 공부할 수 있게 배치했던 것 같습니다.","expression":"m_sche","category":"technology"},{"text":"이렇게 계획을 세워서 시간을 배치한 후에 공부를 시작하니 공부가 좀 더 효율적으로 이루어졌던 것 같고 시험 성적도 많이 올랐었던 것 같습니다.","expression":"m_sche","category":"technology"}],"summary":{"text":"시험 기간에 시간이 부족하면 잘 아는 부분과 잘 모르는 부분을 나눠서 공부했습니다. 잘 아는 부분은 뒤쪽에 배치를 하고 어려워하는 부분은 앞쪽에 배치를 해서 더 많은 시간을 공부할 수 있게 배치했습니다. 이렇게 시간을 배치하니 공부가 더 효율적으로 이루어졌고 성적도 많이 올랐습니다.","wordCount":40}}},"rawDataInfo":{"question":{"fileFormat":"wav","fileSize":473678,"duration":14800,"samplingBit":16,"channelCount":1,"samplingRate":"16kHz","audioPath":"/Mock/01.Management/Male/Experienced/ckmk_q_bm_m_e_231972.wav"},"answer":{"fileFormat":"wav","fileSize":2190798,"duration":68460,"samplingBit":16,"channelCount":1,"samplingRate":"16kHz","audioPath":"/Mock/01.Management/Male/Experienced/ckmk_a_bm_m_e_231972.wav"}}}