{"version":"1.0","dataSet":{"info":{"date":"20230116","occupation":"BM","channel":"MOCK","place":"ONLINE","gender":"MALE","ageRange":"55-","experience":"EXPERIENCED"},"question":{"raw":{"text":"어 스터디를 따로 하고 계신 것이 있으신지 궁금합니다 어 있으시다면 어떤 공부를 왜 하고 계신지 어 좀 말씀 부탁드립니다","wordCount":19},"emotion":[],"intent":[]},"answer":{"raw":{"text":"스터디를 따로 하고 계신 것이 있으십니까 있다면 어떤 공부를 왜 하고 계신지도 말씀 부탁드립니다. 제가 스터디를 따로 하고 있는 것은 최근의 세계사와 역사를 통해서 좀 공부를 많이 하고 있습니다. 학교 다닐 때는 그러한 일들에 대해서 좀 소홀 했었는데 지금 문과에 경험을 토대로 그런 일들을 하고 있다 보니까 참으로 재미있는 일들이 많고 지금에 세상 속에서도 많이 관련돼 있다고 생각을 합니다. 그런 면에서 세계사와 역사를 통해서 그리고 어 지리를 통하해서 많이 공부를 하고 있는데 아 흥미가 많이 있습니다. 또한 이 회사에서도 여러 가지 아 해외 개척이라든가 이런 분야에 있어서 큰 도움이 될 수 있을 것이라고 생각합니다. 그리고 또한 제가 지금은 늦었지만은 영어 공부를 좀 더 하고 있습니다. 아 영어에 아 부족했던 부분들 아 리스닝이라는가 히어링들 그런 것들을 좀 많이 좀 하고 있습니다. 그런 분야에서 음 많이 좀 성취력도 있고 조금씩 실질적인 영어를 통해서 도움이 되는 것을 느낄 수 있습니다. 회사에서도 어 이런 부분에 대해서 도움이 될 수 있을 것이라고 생각을 하고 있습니다. 어 필요한 스터디는 열심히 하고 있습니다.","wordCount":156},"emotion":[{"text":"그런 면에서 세계사와 역사를 통해서   그리고 어 지리를 통하해서 많이 공부를 하고 있는데 아 흥미가 많이 있습니다.","expression":"p-interest","category":"positive"}],"intent":[{"text":"또한 이 회사에서도 여러 가지   아 해외 개척이라든가 이런 분야에 있어서 큰 도움이 될 수 있을 것이라고 생각합니다.","expression":"c_sincere_co","category":"etc"}],"summary":{"text":"스터디를 따로 하는 이유가 있는지 궁금합니다. 세계사와 역사를 통해서 공부를 많이 하고 있고, 지리를 통해서도 많이 공부를 하고 있습니다. 또한 영어 공부를 좀 더 하고 있는데, 영어에 부족했던 부분들, 리스닝이나 히어링들 그런 것들을 많이 하고 있어서 회사에서도 도움이 될 것이라고 생각합니다.","wordCount":41}}},"rawDataInfo":{"question":{"fileFormat":"wav","fileSize":512078,"duration":16000,"samplingBit":16,"channelCount":1,"samplingRate":"16kHz","audioPath":"/Mock/01.Management/Male/Experienced/ckmk_q_bm_m_e_145080.wav"},"answer":{"fileFormat":"wav","fileSize":2905998,"duration":90810,"samplingBit":16,"channelCount":1,"samplingRate":"16kHz","audioPath":"/Mock/01.Management/Male/Experienced/ckmk_a_bm_m_e_145080.wav"}}}