{"version":"1.0","dataSet":{"info":{"date":"20230116","occupation":"BM","channel":"MOCK","place":"ONLINE","gender":"MALE","ageRange":"35-44","experience":"EXPERIENCED"},"question":{"raw":{"text":"지원자분께서 만약 지금 진행 중인 이 면접에서 최종 탈락하게 되신다고 한다면 어떠한 점이 부족해서 본인이 탈락을 했다고 생각하실까요 대답해 주시면 좋겠습니다","wordCount":21},"emotion":[],"intent":[]},"answer":{"raw":{"text":"아 면접에서 이 최종 탈락한다면은 한번 뭐 땜에 떨어졌을까를 한번 생각을 해 보았습니다. 네 일단은 뭐 경력이나 뭐 이런 것들은 하지만 제가 좀 이제 학 학벌이라든지 뭐 이런 것들 스펙이 좀 부족해서 탈락하지 않았을까 생각을 해 볼 것 같습니다. 그래서 다시 한 번 말씀드리자면 물론 스펙이 중요하다고 생각합니다. 근데 제가 이제 회사도 많이 다녀보면서 여러 가지 이제 군 생활을 해보면서 느낀 것은 아 이게 뭐 스펙이나 학력 이런 것보다도 실무를 경험을 누가 많이 했고 여러 다양한 환경에서 경험을 해 본 게 어 모든 환경에서도 어 제일 우선시가 돼야겠구나 이 생각을 했던 것 같습니다. 그 그런 면에서 봤을 때는 스펙이나 이런 점에서는 다른 지원자들에 대해서 제가 많이 부족할 텐데 이런 경험이나 노하우 이런 실무 경험 등 뭐 이런 데에서나 저 엄청 제일 뛰어날 거라 생각합니다. 그런 부분들에 의해서 만약에 탈락했다고 하면 좀 더 보완을 해야 할 것 같습니다. 이상입니다.","wordCount":138},"emotion":[],"intent":[{"text":"","expression":"","category":"attitude"}],"summary":{"text":"면접에서 최종 탈락한다면 어떤 스펙이 부족한지 생각 해 보았습니다. 군 생활을 하면서 실무 경험이 모든 환경에서도 우선시돼야 한다는 것을 느꼈습니다. 다른 지원자들에 비해 실무 경험이 많이 부족할 텐데, 그런 부분들에 의해서 탈락했다고 하면 좀 더 보완을 해야 할 것 같습니다.","wordCount":40}}},"rawDataInfo":{"question":{"fileFormat":"wav","fileSize":637518,"duration":19920,"samplingBit":16,"channelCount":1,"samplingRate":"16kHz","audioPath":"/Mock/01.Management/Male/Experienced/ckmk_q_bm_m_e_193999.wav"},"answer":{"fileFormat":"wav","fileSize":2648718,"duration":82770,"samplingBit":16,"channelCount":1,"samplingRate":"16kHz","audioPath":"/Mock/01.Management/Male/Experienced/ckmk_a_bm_m_e_193999.wav"}}}