{"version":"1.0","dataSet":{"info":{"date":"20230116","occupation":"BM","channel":"MOCK","place":"ONLINE","gender":"MALE","ageRange":"45-54","experience":"EXPERIENCED"},"question":{"raw":{"text":"얼마 전 그 구급 대원이 주취자에게 폭행을 당해 순직하는 그 일이 있었고 이제 그런 부분 매체에서 많이 나왔는데요 이 사건에 대해서 어떻게 생각하시는지 말씀해 주시겠습니까","wordCount":25},"emotion":[],"intent":[]},"answer":{"raw":{"text":"이와 같은 일은 절대로 일어나서는 안되고 일어나서도 안 될 일입니다. 하지만 뭐 뉴스 같은 것을 보면 이런 일이 실제로 우리 주변에서 종종 일어나고 있는 것이 현실입니다. 어 공공을 위해서 근무하시는 분들 구급대원이라든지 뭐 경찰과 아니면 뭐 공무원 기타 어 사회 전반적인 공공 업무를 어 위해서 일하시는 분들이 이런 뭐 주취자나 뭐 주취자나 아니면 뭐 어 뭐 범인 이런 사람들한테 뭐 구타를 당하거나 심지어는 뭐 목숨을 잃는 일은 절대로 있어서는 안되고 어 사회적으로도 어 그런 일이 생겼다 라고 하면 국가나 사회에서 반드시 보상을 해야 된다 라고 생각을 합니다. 또한 그런 일을 저지른 사람은 어 엄벌에 처해야 된다고 생각합니다. 어 이것은 일반적인 일반인한테 뭐 폭행을 하거나 그런 것보다도 더 중대차한 일입니다. 저는 개인적으로 어 공무원이나 이런 구급대원들이 어 본인의 일을 수행하다가 다치거나 어 순직한다고 그러면 그것은 나라에서 절대적으로 보상을 해 주어야 된다 라고 생각합니다.","wordCount":132},"emotion":[],"intent":[{"text":"어 공공을 위해서 근무하시는 분들 구급대원이라든지 뭐 경찰과 아니면 뭐 공무원 기타 어 사회 전반적인 공공 업무를   어 위해서 일하시는 분들이 이런 뭐 주취자나 뭐 주취자나 아니면 뭐   어 뭐 범인 이런 사람들한테 뭐 구타를 당하거나 심지어는 뭐 목숨을 잃는 일은 절대로 있어서는 안되고 어 사회적으로도   어 그런 일이 생겼다 라고 하면 국가나 사회에서 반드시 보상을 해야 된다 라고 생각을 합니다.","expression":"m_critical","category":"attitude"},{"text":"저는   개인적으로 어 공무원이나 이런 구급대원들이 어   본인의 일을 수행하다가 다치거나 어 순직한다고 그러면 그것은 나라에서 절대적으로 보상을 해 주어야 된다 라고 생각합니다.","expression":"c_value","category":"background"}],"summary":{"text":"공공 업무를 위해서 일하시는 분들이 주취자나 범인들한테 구타를 당하거나 목숨을 잃는 일은 절대로 있어서는 안되고 사회적으로도 어 그런 일이 생겼다 라고 하면 국가나 사회에서 반드시 보상을 해야 된다고 생각합니다. 또한 그런 일을 저지른 사람은 엄벌을 받아야 된다고 생각합니다.","wordCount":38}}},"rawDataInfo":{"question":{"fileFormat":"wav","fileSize":657358,"duration":20540,"samplingBit":16,"channelCount":1,"samplingRate":"16kHz","audioPath":"/Mock/01.Management/Male/Experienced/ckmk_q_bm_m_e_100889.wav"},"answer":{"fileFormat":"wav","fileSize":2791118,"duration":87220,"samplingBit":16,"channelCount":1,"samplingRate":"16kHz","audioPath":"/Mock/01.Management/Male/Experienced/ckmk_a_bm_m_e_100889.wav"}}}