{"version":"1.0","dataSet":{"info":{"date":"20230116","occupation":"BM","channel":"MOCK","place":"ONLINE","gender":"MALE","ageRange":"35-44","experience":"EXPERIENCED"},"question":{"raw":{"text":"지원자님께서 경영 지식을 쌓기 위해 배우거나 경험하거나 한 따로 노력한 내용에 대해 말씀해 주세요","wordCount":14},"emotion":[],"intent":[]},"answer":{"raw":{"text":"조직 경영 및 조직 경영 마케팅 이론 회계 이론 등에 관련된 서적을 많이 보았습니다. 저는 이공계 출신으로 저런 인문학적인 내용이나 경영학적인 내용을 학교나 어디 다른 단체에서 배울 일이 없었습니다. 하지만 직장 생활을 오래 하다 보면 이공계 출신들이 가장 부족한 부분이 저런 경영 지식이 부족하기 때문에 각각의 필요한 교육들을 들을 때가 많았습니다. 온라인 강의 또는 인터넷 강의를 통해서 경영 지식을 쌓으면서 아 내가 이런 부분에 있어서 많이 부족했구나 어떤 매니지먼트를 할 때는 이런 조직 경영 이론이 필요하구나 마케팅이 이런 식으로 되는구나 라는 것을 많이 깨닫고 업무에 적용을 했던 것 같습니다. 실제로 기술지원 팀에서 있으면서 서비스만 잘하거나 개발만 잘하면 모든 것이 일사천리로 이뤄질 줄 알았지만 실제로 모든 회사의 업무는 하나의 유기체로 움직이기 때문에 저의 경영 이론이 서비스에도 많은 영향을 주었고 그래서 서비스 쪽에 매출을 일으키는 데 큰 도움을 줬던 것 같습니다.","wordCount":129},"emotion":[{"text":"하지만 직장 생활을 오래 하다 보면 이공계 출신들이 가장 부족한 부분이 저런 경영 지식이   부족하기 때문에 각각의 필요한 교육들을 들을 때가 많았습니다.","expression":"u-fact","category":"neutral"}],"intent":[{"text":"","expression":"","category":"attitude"}],"summary":{"text":"이공계 출신들은 경영 지식이 부족하기 때문에 온라인 강의 또는 인터넷 강의를 통해서 경영 지식을 쌓으면서 조직 경영 이론이 필요하구나 마케팅이 이런 식으로 되었구나 라는 것을 깨닫고 업무에 적용을 했습니다. 경영 이론은 서비스에도 많은 영향을 주었고 그래서 서비스 쪽에 매출을 일으키는 데 큰 도움을 줬던 것 같습니다.","wordCount":46}}},"rawDataInfo":{"question":{"fileFormat":"wav","fileSize":326798,"duration":10210,"samplingBit":16,"channelCount":1,"samplingRate":"16kHz","audioPath":"/Mock/01.Management/Male/Experienced/ckmk_q_bm_m_e_169689.wav"},"answer":{"fileFormat":"wav","fileSize":2266318,"duration":70820,"samplingBit":16,"channelCount":1,"samplingRate":"16kHz","audioPath":"/Mock/01.Management/Male/Experienced/ckmk_a_bm_m_e_169689.wav"}}}