{"version":"1.0","dataSet":{"info":{"date":"20230116","occupation":"BM","channel":"MOCK","place":"ONLINE","gender":"MALE","ageRange":"35-44","experience":"EXPERIENCED"},"question":{"raw":{"text":"만약 상사가 지원자님께 업무와 무관한 일을 시켜도 잘 수행할 자신이 있나요 아니면 수행하지 않을 것인지 궁금합니다 말씀해 주세요","wordCount":18},"emotion":[],"intent":[]},"answer":{"raw":{"text":"일단 업무와 무관한 일이 어느 정도 무관한지부터 파악을 하겠습니다. 그리고 그 업무를 수행하고 난 다음에 그 후에도 이 업무가 회사 일과 전혀 무관한 일이고 상사의 개인적인 일이라든가 자신의 이익에 대변되는 일이라면 추후에 상사에게 조용히 다가가서 이렇게 얘기할 것입니다. 무슨 무슨 부장님 이 업무는 회사 업무도 아니고 제가 회사에서 해야 될 업무가 아닌 것 같습니다. 다음부터는 이런 업무를 저에게 주지면 안 되고 다음부터는 하지 않겠습니다. 저는 회사에서 월급을 받는 직원이고 회사 일을 하라고 이곳에 배치가 되었지 부장님의 부하 직원이라고 해서 이 부장님의 개인적인 일을 하라고 이곳에 배치된 것이 아닙니다. 이것은 회사의 정책 윤리에 벗어난 것이고 다음부터 한 번만 더 이런 업무를 시키신다면 저는 다른 부서장 및 회사의 윤리 위원회에 보고 하도록 하겠습니다. 처음에는 한 번은 상사이기 때문에 도와는 드릴 수 있지만 다음부터 이런 업무는 저에게는 맞지 않다고 생각합니다. 이렇게 얘기할 것입니다.","wordCount":130},"emotion":[],"intent":[{"text":"","expression":"","category":"attitude"}],"summary":{"text":"이 부장님 이 업무는 회사 업무도 아니고 제가 회사에서 해야 될 업무가 아닌 것 같습니다. 이것은 회사의 정책 윤리에 벗어난 것이고 다시는 이런 업무를 시키시면 다른 부서장 및 회사의 윤리 위원회에 보고 하도록 하겠습니다.","wordCount":34}}},"rawDataInfo":{"question":{"fileFormat":"wav","fileSize":522318,"duration":16320,"samplingBit":16,"channelCount":1,"samplingRate":"16kHz","audioPath":"/Mock/01.Management/Male/Experienced/ckmk_q_bm_m_e_165144.wav"},"answer":{"fileFormat":"wav","fileSize":2178638,"duration":68080,"samplingBit":16,"channelCount":1,"samplingRate":"16kHz","audioPath":"/Mock/01.Management/Male/Experienced/ckmk_a_bm_m_e_165144.wav"}}}