{"version":"1.0","dataSet":{"info":{"date":"20230116","occupation":"BM","channel":"MOCK","place":"ONLINE","gender":"MALE","ageRange":"35-44","experience":"EXPERIENCED"},"question":{"raw":{"text":"지원님께서 사내 스터디를 만들어 공부할 수 있다면 지원자님은 어떤 것을 공부하고 싶으신가요 이유도 함께 설명과 말씀해 주세요","wordCount":17},"emotion":[],"intent":[]},"answer":{"raw":{"text":"어 스터디 부분에 대해 사내 스터디에 대해서 답변드리겠습니다. 아 이런 제도는 정말 만들어진다면야 굉장히 훌륭한 제도일 거 같고 만약에 한다면 저는 재테크 스터디를 만들고 싶습니다. 저희 회사 뭐 경영 써비스 뭐 업무 이런 것들이 주인데 회사의 흐름을 알려면은 돈의 흐름을 알아야 한다고 생각합니다. 돈의 흐름을 알게 되면 이제 자본주의 세상에서 살고 있다는 거를 또 깨닫게 되고 거기서 인제 승리자가 되기 위해서는 재테크는 필수 이 필수일 거 같습니다. 그 개인에게도 도움이 되고 회사에도 도움이 될 수 있기 때문에 그런 스터디를 만들어서 여러 사람들의 그 갖고 있는 정보들을 공유하면서 또 배울 수 있는 부분 또 알려줄 수 있는 부분 이런 것들이 공유가 된다면은 서로에게 윈윈이 되는 시스템이 되지 않을까 싶습니다. 그래서 뭐 사내 스터디를 제가 만들어서 할 수 있다고 하면은 그런 재테크와 관련된 그런 스터디 그룹을 만들어서 한번 추진해 보고 싶은 생각도 있습니다. 그런 것들은 인제 뭐 사 회사 복지 차원에도 많은 도움이 될 것 같습니다. 이상입니다.","wordCount":145},"emotion":[],"intent":[{"text":"","expression":"","category":"attitude"}],"summary":{"text":"회사의 흐름을 알기위해 돈의 흐름을 알아야 하며 자본주의 세계에서 승리자가 되기 위해 재테크는 필수입니다. 라는 것을 깨닫게 되기 때문에 사내 스터디를 만들고 싶습니다. 이는 개인과 회사 모두에게 도움이 될 것이며 서로에게 윈윈이 되는 시스템이 될 것입니다.","wordCount":36}}},"rawDataInfo":{"question":{"fileFormat":"wav","fileSize":489038,"duration":15280,"samplingBit":16,"channelCount":1,"samplingRate":"16kHz","audioPath":"/Mock/01.Management/Male/Experienced/ckmk_q_bm_m_e_145287.wav"},"answer":{"fileFormat":"wav","fileSize":2642638,"duration":82580,"samplingBit":16,"channelCount":1,"samplingRate":"16kHz","audioPath":"/Mock/01.Management/Male/Experienced/ckmk_a_bm_m_e_145287.wav"}}}