{"version":"1.0","dataSet":{"info":{"date":"20230116","occupation":"BM","channel":"MOCK","place":"ONLINE","gender":"MALE","ageRange":"35-44","experience":"EXPERIENCED"},"question":{"raw":{"text":"우리 회사에 중국 시장에서의 점유율이 점점 좀 떨어지고 있는데 귀하께서 생각하는 중국 시장에서의 저 시장 점유율을 확대하기 위해서 어떤 방안을 방안을 제시하는지 본인의 방안을 말씀해 주세요","wordCount":26},"emotion":[],"intent":[]},"answer":{"raw":{"text":"중국은 한국 제품에 대한 열망을 갖고도 있지만 한국 제품을 은근히 무시하는 경향이 있습니다. 그 이유는 바로 한국의 제품이 좋긴 하지만 자기들이 훨씬 더 낮은 원가와 낮은 개발비로 따라 할 수 있다라는 카피켓에 대한 자신감입니다. 그러면 중국 시장에서 우리의 제품이 어떻게 조금 더 효율적일까를 고민해 봤을 때 중국인들 특성상 중국이 든 아주 작은 마진에도 수십만 수천 명 수억 명이 물건을 살 수 있기 때문에 작은 마진으로 소마진으로 운영할 수 있는 방법을 써야 됩니다. 그중의 하나가 바로 인건비하고 원자재비인데요. 중국 자체에 공장을 두어 거기서 적은 인건비와 적은 원자재로 만들어서 적은 이익이지만 많은 사람에게 팔 수 있는 바이럴 마케팅이 반드시 필요할 것 같습니다. 중국은 현재 알리바바 타오바오 같은 곳에 웬만한 한국이나 전 세계의 제품 카피켓이 널리고 널렸습니다. 그런 그들 시장에서 우리 한국 시장의 제품이 어떻게 조금 더 효율적이고 그들에게 효과적인지를 알려주기 위해서는 첫.번째는 가격을 대폭 낮춰야 되고 두.번째는 인건비 하고 원자재 값을 낮춰서 그들 시장에 침투할 수 있는 매력적인 요소들을 여러 가지를 갖춰야 됩니다. 특히나 중국인들이 미처하는 한국인 한류 열풍을 통해서 판매하는 것도 하나의 방법이라고 생각합니다.","wordCount":163},"emotion":[],"intent":[{"text":"","expression":"","category":"attitude"}],"summary":{"text":"중국은 한국 제품 카피켓에 대한 자신감으로 한국 제품을 무시하는 경향이 있습니다. 중국 시장에서 우리 제품의 효율적 운영을 위해 인건비와 원자재비를 낮추는 바이럴 마케팅이 반드시 필요할 것 같습니다. 한국 제품의 효과적인 효과를 알리기 위해서는 가격을 낮추고 인건비, 원자재 값을 낮춰서 시장에 침투할 수 있는 매력적인 요소들을 갖추어야 합니다.","wordCount":47}}},"rawDataInfo":{"question":{"fileFormat":"wav","fileSize":627278,"duration":19600,"samplingBit":16,"channelCount":1,"samplingRate":"16kHz","audioPath":"/Mock/01.Management/Male/Experienced/ckmk_q_bm_m_e_160218.wav"},"answer":{"fileFormat":"wav","fileSize":2699598,"duration":84360,"samplingBit":16,"channelCount":1,"samplingRate":"16kHz","audioPath":"/Mock/01.Management/Male/Experienced/ckmk_a_bm_m_e_160218.wav"}}}