{"version":"1.0","dataSet":{"info":{"date":"20230116","occupation":"BM","channel":"MOCK","place":"ONLINE","gender":"MALE","ageRange":"55-","experience":"EXPERIENCED"},"question":{"raw":{"text":"지원자님 본인은 창의적으로 어떤 문제를 해결한 경험이 있나요 창의적으로 어떤 문제를 해결할 때 그 과정을 최대한 자세하게 설명해 주세요","wordCount":19},"emotion":[],"intent":[]},"answer":{"raw":{"text":"일을 수행하면서 대부분은 전임자가 했던 일들을 그대로 답습하는 경우가 많이 있습니다. 실질적으로 그렇구요. 전임자가 해왔던 일을 더 창조적으로 창의적으로 어떤 걸 한다면은 그만큼 일이 힘들거든요. 그러기 때문에 전임자가 해었던 거를 많이 참고해서 합니다. 그런데 그래도 가끔은 창의적으로 일을 하고자 하는 그런 경우가 생기게 되죠. 그래서 저도 가끔 창의적으로 전에 예상치 못했던 아니면 다른 각도의 생각으로 어떤 문제를 해결한 경험이 있었습니다. 그 과정을 보 말씀을 드리면 예산에 매년 책정하는 그 금액을 획기적으로 줄인 적이 있습니다. 그 획기적으로 예산을 줄이게 되는 이유가 생각을 한 번쯤 바꿔보니깐 그게 가능하더라구요. 그런 것들이 전 제가 경험한 하나라고 말씀드릴 수 있겠습니다.","wordCount":95},"emotion":[],"intent":[{"text":"","expression":"","category":"attitude"}],"summary":{"text":"대부분 전임자의 일들을 그대로 답습하는 경우가 많지만 때로는 창의적으로 일을 하고자 하는 경우도 있습니다. 그래서 예산에 매년 책정하는 그 금액을 획기적으로 줄인 적이 있는데 그 이유가 생각을 한 번쯤 바꿔보며는 그게 가능하더군요.","wordCount":32}}},"rawDataInfo":{"question":{"fileFormat":"wav","fileSize":525518,"duration":16420,"samplingBit":16,"channelCount":1,"samplingRate":"16kHz","audioPath":"/Mock/01.Management/Male/Experienced/ckmk_q_bm_m_e_244228.wav"},"answer":{"fileFormat":"wav","fileSize":2544718,"duration":79520,"samplingBit":16,"channelCount":1,"samplingRate":"16kHz","audioPath":"/Mock/01.Management/Male/Experienced/ckmk_a_bm_m_e_244228.wav"}}}