{"version":"1.0","dataSet":{"info":{"date":"20230116","occupation":"BM","channel":"MOCK","place":"ONLINE","gender":"MALE","ageRange":"35-44","experience":"EXPERIENCED"},"question":{"raw":{"text":"지원자님께서는 무언가를 달성하기 위해서 목표를 세우고 이 삼 년간 열심히 노력해서 목표를 달성한 경험이 있으신가요","wordCount":15},"emotion":[],"intent":[]},"answer":{"raw":{"text":"제가 이십 대 후반에 새로운 목표를 설정했습니다. 바로 영어에 대한 갈망이었는데요. 외국계 회사를 다니다 보니 영어의 쓰임새가 너무나도 많았습니다. 단순히 문장 하나만 읽고 쓰는 게 아니라 회의를 하고 의견을 제시하고 그 의견에 따른 행동을 해야 되는데 영어를 할 줄 몰라서 저희 상사 또는 외국 바이어와 대화가 전혀 되지 않았습니다. 그래서 그날부터 미친 듯이 영어책을 외우기 시작했습니다. 무식한 방법이긴 하지만 영어를 어디서 배우는 곳도 없었고 회화는 생각보다 한국인에게 아주 어려운 난제였습니다. 그래서 그 외운 영어 책을 기준으로 일 주일에 한 번씩 영어 동아리에 가서 외국인들한테 되도 않는 영어를 미친 듯이 쏟아내기 시작했습니다. 그랬더니 처음에는 알아듣지도 못하던 외국인들이 일 주 한 달 육 개월 정도 지난달부터 그들과 대화가 시작되기 시작했고 그 다음부터는 제가 그들과 농담을 하고 있었습니다. 그렇게 삼 년 정도 미친 듯이 영어 공부를 하고 난 다음에는 지금은 영어로 뭐 노래 통역 번역 어려움 없이 외국계 회사에서 업무도 할 수 있는 수준이 되었습니다.","wordCount":142},"emotion":[],"intent":[{"text":"","expression":"","category":"attitude"}],"summary":{"text":"외국계 회사를 다니다 보니 영어를 할 줄 몰라서 상사 또는 외국 바이어와 대화가 되지 않아 미친 듯이 영어책을 외우기 시작했습니다. 그 책을 기준으로 일 주일에 한 번씩 영어 동아리에 가서 외국인들한테 되도 않는 영어를 미치도록 쏟아 부었습니다. 그렇게 삼 년 정도 영어 공부를 하고 난 후 외국계 회사에서 업무도 할 수 있는 수준이 되었습니다.","wordCount":54}}},"rawDataInfo":{"question":{"fileFormat":"wav","fileSize":364878,"duration":11400,"samplingBit":16,"channelCount":1,"samplingRate":"16kHz","audioPath":"/Mock/01.Management/Male/Experienced/ckmk_q_bm_m_e_156375.wav"},"answer":{"fileFormat":"wav","fileSize":2549198,"duration":79660,"samplingBit":16,"channelCount":1,"samplingRate":"16kHz","audioPath":"/Mock/01.Management/Male/Experienced/ckmk_a_bm_m_e_156375.wav"}}}