{"version":"1.0","dataSet":{"info":{"date":"20230116","occupation":"BM","channel":"MOCK","place":"ONLINE","gender":"MALE","ageRange":"55-","experience":"EXPERIENCED"},"question":{"raw":{"text":"일을 하다 보면 영어로 서류를 작성해야 할 일이 발생할 수 있습니다 영어로 서류를 작성하실 수 있으실까요","wordCount":16},"emotion":[],"intent":[]},"answer":{"raw":{"text":"예 간혹 영어로 서류를 작성해야 되는 경우가 있는데 물론 할려고 하면은 할 수가 있겠죠. 근데 아무래도 저는 구 세대이다 보니 영어로 가 그렇게 능숙하지는 않습니다. 그래서 업무적으로 영어를 활용해서 어 하 업무 수행을 하는 데 있어서는 좀 부족함이 있지만 그래도 영어로 서류를 작성한다고 하면은 할 수 있다고 봅니다. 또 실제 간단한 것들은 어 해 왔었고요. 이거를 수행하는 데 있어서 네이버에 영어 라던가 아니면 그 앱에도 어 그런 것들이 있는데 그것을 활용을 해 가지고 영어로 서류를 작성을 종종 했었습니다. 하지만 아까도 말씀드렸듯이 영어에 능숙하지 않기 때문에 그게 잘 작성된 영어 서류인지는 잘 모르겠으나 어찌됐던 서류를 작성하는 데는 전혀 못할 이유는 없다고 보여집니다.","wordCount":101},"emotion":[],"intent":[{"text":"","expression":"","category":"attitude"}],"summary":{"text":"구세대이기 때문에 영어로 서류를 작성하는 데 어려움이 있지만 실제 간단한 것들은 해왔고, 네이버나 앱등을 활용해서 서류를 작성하곤 했습니다. 하지만 영어에 능숙하지 않기 때문에 잘 작성된 영어 서류인지는 모르겠지만 서류를 작성하는데 전혀 못할 이유는 없다고 보여지습니다.","wordCount":35}}},"rawDataInfo":{"question":{"fileFormat":"wav","fileSize":340238,"duration":10630,"samplingBit":16,"channelCount":1,"samplingRate":"16kHz","audioPath":"/Mock/01.Management/Male/Experienced/ckmk_q_bm_m_e_243981.wav"},"answer":{"fileFormat":"wav","fileSize":2334478,"duration":72950,"samplingBit":16,"channelCount":1,"samplingRate":"16kHz","audioPath":"/Mock/01.Management/Male/Experienced/ckmk_a_bm_m_e_243981.wav"}}}