{"version":"1.0","dataSet":{"info":{"date":"20230116","occupation":"BM","channel":"MOCK","place":"ONLINE","gender":"MALE","ageRange":"35-44","experience":"EXPERIENCED"},"question":{"raw":{"text":"경영 지원 중에 본인이 하고 싶은 직무와 그 이유는 무엇인지 설명해 주시기 바랍니다","wordCount":13},"emotion":[],"intent":[]},"answer":{"raw":{"text":"인수합병 엠엔에이 사업부에 총괄 리더를 맡고 싶습니다. 왜냐하면 저희 회사는 기술적으로는 대단하지만 소프트웨어나 프로그래밍에 대해서는 많이 부족한 부분이 있습니다. 그래서 저희 회사에서 가지고 있는 자본으로 중소기업 또는 스타트업이 가지고 있는 기술력을 엠엔에이 인수합병하여 우리 회사에 어떻게 적용할 것인 것인지에 대한 프로젝트를 세워야 되고 그것에 대한 적임자는 제가 할 수 있다고 생각합니다. 왜냐하면 저는 전기 전자와 소프트웨어 공학을 복수 전공했고 기존의 다른 회사에서도 어떻게 하면 엠엔에이를 효율적으로 운영할 수 있고 엠엔에이의 실패 사례를 많이 봐왔기 때문에 그것에 대한 후유증 또는 사전에 준비해야 되는 것들 티에프티 를 많이 운영해서 효과를 낼 수 있을 것으로 생각하고 있습니다.","wordCount":94},"emotion":[],"intent":[{"text":"","expression":"","category":"attitude"}],"summary":{"text":"우리 회사는 기술적으로는 대단하지만 소프트웨어나 프로그래밍에 대해서는 많이 부족한 부분이 있습니다. 그래서 기존의 다른 회사에서도 엠엔에이를 효율적으로 운영할 수 있고 실패 사례를 많이 봐서 티에프티를 많이 운영해서 효과를 낼 수 있을 것입니다.","wordCount":32}}},"rawDataInfo":{"question":{"fileFormat":"wav","fileSize":301518,"duration":9420,"samplingBit":16,"channelCount":1,"samplingRate":"16kHz","audioPath":"/Mock/01.Management/Male/Experienced/ckmk_q_bm_m_e_167238.wav"},"answer":{"fileFormat":"wav","fileSize":1662158,"duration":51940,"samplingBit":16,"channelCount":1,"samplingRate":"16kHz","audioPath":"/Mock/01.Management/Male/Experienced/ckmk_a_bm_m_e_167238.wav"}}}