{"version":"1.0","dataSet":{"info":{"date":"20230116","occupation":"BM","channel":"MOCK","place":"ONLINE","gender":"MALE","ageRange":"35-44","experience":"EXPERIENCED"},"question":{"raw":{"text":"인생을 살면서 무엇인가 하나에 푹 빠져 몰두해 보신 적이 있나요 있다면 그것이 무엇인지 가능한 자세하게 답변 부탁드립니다","wordCount":17},"emotion":[],"intent":[]},"answer":{"raw":{"text":"네 인생을 살면서 무언가에 푹 빠져서 몰두해 져 본 기억에 대해서 한 번 말씀드리겠습니다. 이거는 지극히 개인적인 일인데 말씀드리겠습니다. 제가 좀 모든 일에 대해서 좀 이렇게 싫증을 좀 빨리 느끼는 편입니다. 그래서 뭔가를 하나하나 하면은 이렇게 꾸준히 하는 모습이 없는데 어 제가 한 삼 년 전에 시작했던 그 테니스라는 운동을 시작하면서 지금까지도 푹 빠져서 몰두하고 있는 것 같습니다. 아 머릿속에서도 계속 그 테니스 공 넘어가는 거 요 자세 어떻게 해야 빨리 성장할 수 있을까. 이런 식으로 해서 몰두를 지금도 하고 있는데 참 그것이 어려운 일인데 또 그게 쉽지 않은 일인데도 그게 몸이 반응하고 집중을 한다는 것은 그만큼 개인이 재미있다 이걸 할 때 행복감을 느낀다 이런 상황이 있을 때 그렇게 몰두가 할 수 있다고 생각합니다. 그래서 무슨 일이든 간에 이렇게 몰두하고 싶으면 내가 재미를 느껴 하고 행복을 느낀다면 누가 시키지 않아도 그렇게 몰두하고 집중할 수 있는 효과가 있다고 생각합니다. 그 모든 일을 다 긍정적으로 재미있게 한다면은 이 테니스 효과처럼 있을 수 있다고 생각합니다. 이상입니다.","wordCount":153},"emotion":[{"text":"그래서 뭔가를 하나하나 하면은 이렇게 꾸준히 하는 모습이 없는데 어 제가 한 삼 년 전에 시작했던 그 테니스라는 운동을 시작하면서 지금까지도 푹 빠져서 몰두하고 있는 것 같습니다.","expression":"p-interest","category":"positive"}],"intent":[{"text":"제가 좀 모든 일에 대해서 좀 이렇게 싫증을 좀 빨리 느끼는 편입니다.","expression":"c_person","category":"background"}],"summary":{"text":"저는 모든 일에 싫증을 빨리 느끼는 편인데, 삼 년 전부터 테니스를 하면서 몰두하고 있는 것 같습니다. 어려운 일이지만 개인이 재미있다 할 때 행복감을 느낀다고 할 때 그렇게 할 수 있다고 생각합니다. 모든 일을 긍정적으로 재미있게 하는 것이 테니스 효과처럼 있을 것이라고 생각합니다.","wordCount":42}}},"rawDataInfo":{"question":{"fileFormat":"wav","fileSize":622158,"duration":19440,"samplingBit":16,"channelCount":1,"samplingRate":"16kHz","audioPath":"/Mock/01.Management/Male/Experienced/ckmk_q_bm_m_e_215381.wav"},"answer":{"fileFormat":"wav","fileSize":2672078,"duration":83500,"samplingBit":16,"channelCount":1,"samplingRate":"16kHz","audioPath":"/Mock/01.Management/Male/Experienced/ckmk_a_bm_m_e_215381.wav"}}}