{"version":"1.0","dataSet":{"info":{"date":"20230116","occupation":"BM","channel":"MOCK","place":"ONLINE","gender":"MALE","ageRange":"55-","experience":"EXPERIENCED"},"question":{"raw":{"text":"어 만약에 본인이 이 면접에서 최선을 다 하셨더라도 최종 탈락하게 되실 수 있는데요 어 그렇게 된다면 본인의 어떤 점이 부족해서 탈락했다고 생각하시겠습니까","wordCount":22},"emotion":[],"intent":[]},"answer":{"raw":{"text":"이 면적에서 최종 탈락하고 싶지는 않습니다. 그렇지만 만약에 찰 탈락이 된다면 그거는 제 경력이 부족하다 라고 생각이 듭니다. 지금 이 지원하게 된 직무는 디지털 금융 부분인데 제가 학교는 전공으로서 디지털 경영학은 공부하였지만 실무는 전혀 없습니다. 그런데 귀사에서 이 업무 자체가 수행을 하는 데 있어서 신입 직워보다는 경력 직원을 선호하는 것 같습니다. 그러다보니 저같이 경력이 없는 신입 같은 사람이 면접에서 탈락은 당연히 할 수 밖에 없다 라는 생각도 쫌 듭니다마는 그래도 일이라고 하는 거는 해봐야 알지 않겠습니까. 그렇다면은 신입 직원에도 공부를 하고 실력을 배울 수 있는 그런 기회를 주시고 저를 선택해 주셨으면 감사하겠습니다.","wordCount":92},"emotion":[],"intent":[{"text":"","expression":"","category":"attitude"}],"summary":{"text":"디지털 금융 부분에 지원하게 되었습니다. 그런데 이 업무 자체가 경력 직원을 선호하는 것 같습니다. 경력이 없는 신입이 면접에서 탈락하는 것은 어쩔 수 없지만 신입 직원에게도 실력을 배울 수 있는 기회를 주기를 바랍니다.","wordCount":32}}},"rawDataInfo":{"question":{"fileFormat":"wav","fileSize":488078,"duration":15250,"samplingBit":16,"channelCount":1,"samplingRate":"16kHz","audioPath":"/Mock/01.Management/Male/Experienced/ckmk_q_bm_m_e_253469.wav"},"answer":{"fileFormat":"wav","fileSize":2567118,"duration":80220,"samplingBit":16,"channelCount":1,"samplingRate":"16kHz","audioPath":"/Mock/01.Management/Male/Experienced/ckmk_a_bm_m_e_253469.wav"}}}