{"version":"1.0","dataSet":{"info":{"date":"20230116","occupation":"BM","channel":"MOCK","place":"ONLINE","gender":"MALE","ageRange":"35-44","experience":"EXPERIENCED"},"question":{"raw":{"text":"씨에스 포지션에 지원하셨는데 씨에스 업무가 어떤 것이 있는지 알고 계신가요 그렇다면 저에게 설명 부탁드리겠습니다","wordCount":14},"emotion":[],"intent":[]},"answer":{"raw":{"text":"커스터머 서비스에 가장 중요한 것은 고객 관계 관리입니다. 우리는 이것을 씨알엠이라고도 부르는데요. 고객을 어떻게 관리하는 것이 좋은 것인가에 대한 관점에서 커스터머 서비스는 무조건 고객이 불만을 토로한다고 그것을 다 들어주는 것이 최고의 커스터머 서비스가 아닙니다. 고객이 원하는 것이 무엇인지를 먼저 파악을 해야 됩니다. 우리는 마케팅에서 이걸 니즈라고 하는데요. 그 서비스 마케팅을 통해서 봤을 때는 이 니즈를 파악하고 그 니즈를 충족시켰을 때 과연 이 고객이 우리 회사의 충성 고객 로얄티를 할 수 있을 것이냐 없을 것이냐도 판단을 해야 됩니다. 그리고 이 사람은 지속적으로 체리 피커나 블랙 컨 슈머로 활동을 하게 된다면 한 번의 기회를 줘서 블랙 컨슈머에게 보상안을 마련을 해주고 다시는 우리 회사 제품을 사용할 수 없게끔 막는 것도 하나의 방법입니다. 체리 피커들 또한 커스터머 서비스에서 가 걸러내야 될 또 하나의 중요한 일입니다. 단순하게 무조건 친절하게만 하면 된다 라고 하는 이천 십 년도에 방식이 아니라 요즘은 어떤 고객이 우리에게 필요하고 어떤 고객은 우리에게 도움이 되지 않는지에 대한 빅데이터를 가지고 그것을 걸러내고 그것에 대한 커스터 서비스를 지속적으로 해야 된다고 생각합니다.","wordCount":157},"emotion":[],"intent":[{"text":"","expression":"","category":"attitude"}],"summary":{"text":"커스터머 서비스에 가장 중요한 것은 고객 관계 관리인데, 고객 관계 관리를 위해서는 먼저 고객이 원하는 것을 파악해야 합니다. 마케팅에서 니즈를 파악하면 충성 고객 로얄티를 할 수 있을 것인지 판단을 해야 됩니다. 체리 피커나 블랙 컨슈머로 활동을 하게 된다면 한 번의 기회를 주고 다시는 우리 회사 제품을 사용할 수 없게 막는 것도 하나의 방법입니다.","wordCount":53}}},"rawDataInfo":{"question":{"fileFormat":"wav","fileSize":464398,"duration":14510,"samplingBit":16,"channelCount":1,"samplingRate":"16kHz","audioPath":"/Mock/01.Management/Male/Experienced/ckmk_q_bm_m_e_163285.wav"},"answer":{"fileFormat":"wav","fileSize":2682958,"duration":83840,"samplingBit":16,"channelCount":1,"samplingRate":"16kHz","audioPath":"/Mock/01.Management/Male/Experienced/ckmk_a_bm_m_e_163285.wav"}}}