{"version":"1.0","dataSet":{"info":{"date":"20230116","occupation":"BM","channel":"MOCK","place":"ONLINE","gender":"MALE","ageRange":"35-44","experience":"EXPERIENCED"},"question":{"raw":{"text":"어 그동안 프로젝트를 많이 진행을 해 보셨을 텐데 그동안 진행했던 프로젝트 등 중에서 가장 기억에 남는 프로젝트가 혹시 있으실까요 있다면 어떤 게 있었는지 그리고 어떤 점에서 기억에 가장 남는지 설명해 주세요","wordCount":31},"emotion":[],"intent":[]},"answer":{"raw":{"text":"이천 이십 년 이 월에 대학 병원에 각 이십 억이 넘는 의료 장비를 설치하는 프로젝트를 맡았습니다. 코로나가 시작된 시절이라 해외에 있는 기술 엔지니어들이 국내에 파견되어 기술 지원 및 설치 지원을 전혀 할 수 없는 상황이었으면 습니다. 하지만 영업 사원 팀은 병원과 두 대의 장비에 사십 억 원의 계약서를 마치고 삼 개월 안에 설치해야 된다 라는 특명을 우리 기술 팀에 넘겼습니다. 그때 본부장 및 모든 마케팅 부서에서 해당 업무를 할 수 없을 것이라고 포기하여 지체 보상금을 얼마큼 물어야 되는지에 대한 고민을 하고 있을 때 제가 묘안을 짜내 영화 마스에서 나온 맷 데이먼이 나사 직원들과 온라인으로 연결하여 자 자동차를 고치는 걸 보았습니다. 그것에 착안하여 저는 온라인 줌 미팅을 통해서 각 사이트에 최소 이십 개가 넘는 카메라를 설치하고 일본에 있는 본사 엔지니어들에게 우리 현장에 있는 엔지니어들이 기술력을 높여주고 설치하는 것들을 일일이 조언하도록 요청하고 중간에 저는 통역 및 시스템 지원 업무를 했었습니다. 그렇게 해서 삼 개월 내에 두 대의 사십 억 장비를 설치하고 가동하여 검수까지 완료하여 지체 보상금을 물지 않을 수 있었습니다.","wordCount":158},"emotion":[{"text":"이천 이십 년 이 월에 대학 병원에 각 이십 억이 넘는 의료 장비를 설치하는 프로젝트를 맡았습니다.","expression":"u-fact","category":"neutral"},{"text":"그것에 착안하여 저는 온라인 줌 미팅을 통해서 각 사이트에   최소 이십 개가 넘는 카메라를 설치하고 일본에 있는 본사 엔지니어들에게 우리 현장에 있는 엔지니어들이   기술력을 높여주고 설치하는 것들을 일일이 조언하도록 요청하고 중간에 저는 통역 및 시스템 지원 업무를 했었습니다.","expression":"u-fact","category":"neutral"}],"intent":[{"text":"","expression":"","category":"attitude"}],"summary":{"text":"이천년에 대학 병원에 여러 대의 의료 장비를 설치하는 프로젝트를 맡았는데, 해외 엔지니어들이 국내에 파견되어 지원을 할 수 없었습니다. 하지만 영업 사원 팀의 특명을 받고 지체 보상금에 대한 고민을 하다가 온라인 줌 미팅을 통해 현장에 있는 엔지니어들이 기술력을 높여주고 설치하는 것들을 조언하도록 요청하고 통역 및 시스템 지원 업무를 했습니다.","wordCount":48}}},"rawDataInfo":{"question":{"fileFormat":"wav","fileSize":519118,"duration":16219,"samplingBit":16,"channelCount":1,"samplingRate":"16kHz","audioPath":"/Mock/01.Management/Male/Experienced/ckmk_q_bm_m_e_172350.wav"},"answer":{"fileFormat":"wav","fileSize":2805838,"duration":87680,"samplingBit":16,"channelCount":1,"samplingRate":"16kHz","audioPath":"/Mock/01.Management/Male/Experienced/ckmk_a_bm_m_e_172350.wav"}}}