{"version":"1.0","dataSet":{"info":{"date":"20230116","occupation":"BM","channel":"MOCK","place":"ONLINE","gender":"MALE","ageRange":"35-44","experience":"EXPERIENCED"},"question":{"raw":{"text":"만약 지원자님이 게임 속의 어떤 캐릭터라면 과연 어떤 게임에서 어떤 역할을 맡아서 그 역할을 수행하고 싶으신가요 왜 그 게임인지 왜 그 역할인지 그것도 함께 설명 부탁드릴게요","wordCount":26},"emotion":[],"intent":[]},"answer":{"raw":{"text":"저는 게임 속 캐릭터 중에 마법사가 되고 싶습니다. 마법사는 모든 어떤 재능을 가지고 어려운 사람들에게 재능을 기부할 수 있는 사람입니다. 예를 들어 어떤 게임 속 캐릭터가 길을 찾아가는데 길을 잃었다거나 아니면 성을 침략하고 점유하고 싶은데 방법을 모른다고 그러면 삼국지에 제갈 공명처럼 방법을 알려주고 어떤 무기를 가지고 누구와 싸워야 어떻게 이길 수 있다 라고 하는 전략 전술을 다 알려줄 것입니다. 특히나 게임 속 캐릭터가 수명이 얼마 남지 않았고 많이 다쳤다면 물약을 통해서 다시 회생할 수 있는 방법을 알려주고 도와주고 싶습니다.","wordCount":79},"emotion":[],"intent":[{"text":"","expression":"","category":"attitude"}],"summary":{"text":"저는 게임 속 캐릭터 중에 마법사가 되고 싶습니다. 게임 속 캐릭터가 길을 잃었거나 성을 침략하고 점유하는 방법을 모른다면 삼국지의 제갈 공명처럼 방법을 알려줄 것입니다.","wordCount":24}}},"rawDataInfo":{"question":{"fileFormat":"wav","fileSize":545678,"duration":17050,"samplingBit":16,"channelCount":1,"samplingRate":"16kHz","audioPath":"/Mock/01.Management/Male/Experienced/ckmk_q_bm_m_e_160221.wav"},"answer":{"fileFormat":"wav","fileSize":1460238,"duration":45630,"samplingBit":16,"channelCount":1,"samplingRate":"16kHz","audioPath":"/Mock/01.Management/Male/Experienced/ckmk_a_bm_m_e_160221.wav"}}}