{"version":"1.0","dataSet":{"info":{"date":"20230116","occupation":"BM","channel":"MOCK","place":"ONLINE","gender":"MALE","ageRange":"55-","experience":"EXPERIENCED"},"question":{"raw":{"text":"네이버와 다음 구글의 검색을 비교해 주시기 바랍니다 그리고 각각 검색 엔진들의 차이점과 장단점에 대하여 설명해 주시기 바랍니다","wordCount":17},"emotion":[],"intent":[]},"answer":{"raw":{"text":"네이버 다음 구글의 검색을 비교해 보시고 각각 검색 엔진들의 차이점과 장단점을 설명해 주세요 아 네 어 구글 같은 경우는 전 세계적으로 많은 사람들이 쓰고 있고 보편화되고 있고 더욱더 성장 가능성이 높다고 생각합니다. 어 저도 구글에서 검색은 그렇게 많이 하지는 않지만 어 유니버스한 그런 쪽에서는 이제 구글을 사용할려고 하고 있습니다. 구글에서는 많은 사람들이 쓰다 보니까 이런 이미지라든가 이런 쪽에 검색이 더욱더 유리한 경우가 많이 있습니다. 그리고 네이버는 어 국내에서는 독보적이라고 생각을 합니다. 또한 여러 가지 어 사이드 사이트가 상당히 많기 때문에 블로그라든가 이런 것들이 너무 잘 되어 있어 가지고 도움을 받고 어 저희가 광고를 이렇게 하는 부분에서 큰 도움을 어 주곤 합니다. 정말로 좋은 업체고 좋은 검색 엔진이라고 생각합니다. 아 다음은 저희가 많이 그렇게 사용하지는 않습니다. 이메일만을 어 사용하고 있는 어 상황인데요. 어 다음은 특별히 이렇게 특출난 어 검색에서의 도움을 많이 주지는 못하는 것 같습니다. 생활에서 부동산이라든가 뭐 이런 증권이라든가 이런 쪽에서는 좀 도움을 좀 받지만 큰 도움을 받지 못하는 그런 업체인 것 같습니다.","wordCount":153},"emotion":[],"intent":[{"text":"","expression":"","category":"attitude"}],"summary":{"text":"검색 엔진들의 차이점과 장단점을 비교해 보면, 구글 같은 경우는 유니버스한 쪽에서는 검색이 유리하고, 네이버는 국내에서는 독보적이라고 생각합니다. 다음은 이메일만을 사용하는데 검색에서 도움을 많이 주지는 못하는 것 같습니다.","wordCount":27}}},"rawDataInfo":{"question":{"fileFormat":"wav","fileSize":606158,"duration":18940,"samplingBit":16,"channelCount":1,"samplingRate":"16kHz","audioPath":"/Mock/01.Management/Male/Experienced/ckmk_q_bm_m_e_160197.wav"},"answer":{"fileFormat":"wav","fileSize":2826958,"duration":88340,"samplingBit":16,"channelCount":1,"samplingRate":"16kHz","audioPath":"/Mock/01.Management/Male/Experienced/ckmk_a_bm_m_e_160197.wav"}}}