{"version":"1.0","dataSet":{"info":{"date":"20230116","occupation":"BM","channel":"MOCK","place":"ONLINE","gender":"MALE","ageRange":"55-","experience":"EXPERIENCED"},"question":{"raw":{"text":"지원자에게 질문 드리겠습니다 기업이 전체 프로세스나 각각의 역할에 대해서 잘하고 있는지 지원자의 생각을 말씀해 주시면 감사하겠습니다","wordCount":16},"emotion":[],"intent":[]},"answer":{"raw":{"text":"현재 우리나라의 기업들이 전체 프로세스나 각각의 역할에 대해 다들 잘하고 있다고 생각하십니까 아 예 우리나라의 기업들이 참으로 어떻게 보면 수출을 해서 먹고 사는 그러한 기업들이기 때문에 정말로 그 첨단화되어 있고 조직화되어 있으면서 가격 경쟁력이 있고 모든 면에서 잘하고 있다고 생각합니다. 그 프로세스나 역할에 대해서 어 부족함이 없다고 생각합니다. 지금은 우리가 선진국의 대열에 있기 때문에 아 부족한 기업들이 없다고 생각합니다. 무엇보다도 어 프로세스라고 하면 진행의 절차 이런 것들이 많은 일들을 해 온 그러한 협업하는 그러한 자세가 있기 때문에 어 어떠한 얘기를 하면은 그 그 계획에 아 동조하는 현상들이 더욱더 많다고 봅니다. 아 가격적인 문제에서도 어 가격에 대한 애로 사항이라든가 가격을 통해서 우리가 경쟁력을 얻어야 된다고 생각을 한다면 그것을 도와주는 업체들이 많이 있었던 것으로 생각합니다. 그리고 기술적인 분야에 대해서 우리가 이렇게 미팅을 하게 되더라도 그 부분에서 도움을 많이 주는 어 업체들이 상당히 많이 있었습니다. 이제는 어 세계화라고 볼 수 있습니다.","wordCount":138},"emotion":[],"intent":[{"text":"","expression":"","category":"attitude"}],"summary":{"text":"우리나라 기업들이 첨단화, 조직화되어 있으면서 가격 경쟁력 있고 모든 면에서 잘하고 있다고 생각합니다. 무엇보다 프로세스가 많은 일들을 해 온 협업하는 자세가 있기 때문에 동조하는 현상들이 많다고 봅니다. 가격적인 문제에서도 경쟁력을 얻어야 된다고 생각한다면 그것을 도와주는 업체들이 많이 있었습니다. 이제는 세계화라고 볼 수 있습니다.","wordCount":43}}},"rawDataInfo":{"question":{"fileFormat":"wav","fileSize":494158,"duration":15440,"samplingBit":16,"channelCount":1,"samplingRate":"16kHz","audioPath":"/Mock/01.Management/Male/Experienced/ckmk_q_bm_m_e_159399.wav"},"answer":{"fileFormat":"wav","fileSize":2925518,"duration":91420,"samplingBit":16,"channelCount":1,"samplingRate":"16kHz","audioPath":"/Mock/01.Management/Male/Experienced/ckmk_a_bm_m_e_159399.wav"}}}