{"version":"1.0","dataSet":{"info":{"date":"20230116","occupation":"BM","channel":"MOCK","place":"ONLINE","gender":"MALE","ageRange":"35-44","experience":"EXPERIENCED"},"question":{"raw":{"text":"지원자님께서는 따로 공부하고 있는 것이 있으신가요 공부하고 있다면 왜 그걸 공부하시는지 지금까지 배우신 건 어떤 것인지 함께 말씀해 주세요","wordCount":19},"emotion":[],"intent":[]},"answer":{"raw":{"text":"네 제가 요즘에 공부하고 있는 분야 그리고 왜 그걸 공부하고 왜 관심을 갖고 있는지 그 부분까지 해서 답변 드리도록 하겠습니다. 일단 지금 제가 이 에 공부를 하고 제일 최대의 관심으로 갖고 있는 부분은 바로 돈 입니다. 아 돈의 흐름 돈이 어떻게 흘러 들어가고 돈이 어디에 멈춰 있고 돈은 어떻게 해서 이게 세 사회에서 세계적으로 돌고 있는지 그 부분에 대해서 공부하고 있는데 음 정말 흥미로운 것 같습니다. 제가 지금 이 대한민국도 자본주의 나라인데 이런 자본주의 세상에서 극복하고 어느 걸 가져야 하고 해야 하는 것에 대해서 알게 되면은 아 그동안에 정말 무지하게 살았구나 이런 생각들을 많이 느끼면서 이런 돈을 공부하다 보니 당연히 재테크에도 관심이 가게 되고 저는 이제 반대로 투자 주식이라든지 비트코인이라든지 이런 분야에 대한 투자 그리고 부동산으로 해서 이제 왜 내 집 마련을 해야 하고 내 집을 마련해도 또 이 주택 삼 주택까지 해서 추가적으로 외 주택이 늘어나야 하고 내가 왜 현금이 아닌 자산을 왜 보유해야 하고 자산이 많게 됐을 때 그 자산 가치 효과가 어떨 것인지 이런 부분을 계속 공부하다 보면 한도 끝도 없는 것 같습니다. 지금 현재 예금 이자부터 시작해서 모든 대출에 대한 이자 부담이 늘게 되면서 인플레이션 시대가 왔습니다. 이런 시대에 맞춰 가지고 어떻게 대응해야 하고 이런 것들에 대해서는 공부를 하고 정보를 얻어야 대응할 수 있지 않을까 생각하고 있습니다. 이상입니다.","wordCount":202},"emotion":[{"text":"아 돈의 흐름 돈이 어떻게 흘러 들어가고 돈이 어디에 멈춰 있고 돈은 어떻게 해서 이게 세 사회에서 세계적으로 돌고 있는지 그 부분에 대해서 공부하고 있는데 음 정말 흥미로운 것 같습니다.","expression":"p-interest","category":"positive"}],"intent":[{"text":"","expression":"","category":"attitude"}],"summary":{"text":"돈의 흐름 돈이 어떻게 흘러 들어가고 돈은 어디에 멈춰 있고 돈은 어떻게 해서 세 사회에서 세계적으로 돌고 있는지 그 부분에 대해 공부하고 있는데 정말 흥미롭습니다. 돈을 공부하다 보니 재테크에도 관심이 가게 되고 계속 공부하다 보면 한도 끝도 없는 것 같습니다. 지금 현재 예금 이자부터 시작해서 모든 대출에 대한 이자 부담이 늘게 되면서 인플레이션 시대가 왔습니다. 이런 시대에 맞춰 가지고 어떻게 대응해야 하고 이런 것들에 대해서는 공부를 하고 정보를 얻어야 대응할 수 있지 않을까 생각합니다","wordCount":74}}},"rawDataInfo":{"question":{"fileFormat":"wav","fileSize":445518,"duration":13920,"samplingBit":16,"channelCount":1,"samplingRate":"16kHz","audioPath":"/Mock/01.Management/Male/Experienced/ckmk_q_bm_m_e_229637.wav"},"answer":{"fileFormat":"wav","fileSize":3623118,"duration":113220,"samplingBit":16,"channelCount":1,"samplingRate":"16kHz","audioPath":"/Mock/01.Management/Male/Experienced/ckmk_a_bm_m_e_229637.wav"}}}