{"version":"1.0","dataSet":{"info":{"date":"20230116","occupation":"BM","channel":"MOCK","place":"ONLINE","gender":"MALE","ageRange":"-34","experience":"EXPERIENCED"},"question":{"raw":{"text":"이루고 싶은 인생의 목표가 있을까요 있다면 왜 그것을 이루고 싶은지 그 이유도 같이 말씀해 주세요","wordCount":15},"emotion":[],"intent":[]},"answer":{"raw":{"text":"저는 이루고 싶은 인생의 목표가 한 가지 있습니다. 그 목표는 바로 이 회사의 부사장이 되는 것입니다. 부사장은 지금까지 경영 지원 팀에서 단 한 명도 선발되지 못했던 걸로 알고 있습니다. 저는 이 회사에 최초의 경영 지원 팀 출신의 부사장이 되고 싶습니다. 이러한 목표를 가지고 있기 때문에 저는 남들보다 열심히 일할 자신이 있고 이 목표를 이루기 위해 끊임없이 노력할 것입니다.","wordCount":58},"emotion":[],"intent":[{"text":"","expression":"","category":"attitude"}],"summary":{"text":"저는 이 회사의 최초의 경영 지원 팀 출신의 부사장이 되고 싶습니다. 이것을 이루기 위해 끊임없이 노력할 것입니다. 이는 제 인생의 목표가 되었습니다.","wordCount":22}}},"rawDataInfo":{"question":{"fileFormat":"wav","fileSize":268878,"duration":8400,"samplingBit":16,"channelCount":1,"samplingRate":"16kHz","audioPath":"/Mock/01.Management/Male/Experienced/ckmk_q_bm_m_e_231969.wav"},"answer":{"fileFormat":"wav","fileSize":1470158,"duration":45940,"samplingBit":16,"channelCount":1,"samplingRate":"16kHz","audioPath":"/Mock/01.Management/Male/Experienced/ckmk_a_bm_m_e_231969.wav"}}}