{"version":"1.0","dataSet":{"info":{"date":"20230116","occupation":"BM","channel":"MOCK","place":"ONLINE","gender":"MALE","ageRange":"35-44","experience":"EXPERIENCED"},"question":{"raw":{"text":"전공 외에 본인이 수준급의 실력이 될 정도로 노력해 본 것이 있나요 있다면 전공과 관련해 어떤 도움을 주는지도 궁금합니다","wordCount":18},"emotion":[],"intent":[]},"answer":{"raw":{"text":"면접관님들이 아시다시피 저는 대학교에서 항공우주공학을 전공하였습니다. 하지만 저는 대학교를 졸업하고 공군에서 교관으로 근무하면서 미 공군과 협조 협력하는 연락 장교 역할도 하였습니다. 그렇기 때문에 그때 저는 영어를 굉장히 열심히 공부하였고 그래서 지금은 원어민 수준은 아니지만 원만히 외국인과 소통할 수 있는 정도의 영어 능력을 갖추고 있습니다. 그래서 저의 영어 영어 능력은 실제로 해외 영업이나 또는 해외 기술을 분석하고 도입할 때 굉장히 큰 도움이 되고 에이치알이 직종에서 해외의 에이치알이 발전된 해외의 에이치알이 기술을 도입하여 우리 회사가 크게 발전할 수 있는 기틀을 마련하고 싶습니다.","wordCount":80},"emotion":[{"text":"면접관님들이 아시다시피 저는 대학교에서 항공우주공학을 전공하였습니다.","expression":"u-fact","category":"neutral"},{"text":"하지만 저는 대학교를 졸업하고 공군에서 교관으로 근무하면서 미 공군과 협조 협력하는 연락 장교 역할도 하였습니다.","expression":"u-fact","category":"neutral"}],"intent":[{"text":"하지만 저는 대학교를 졸업하고 공군에서 교관으로 근무하면서 미 공군과 협조 협력하는 연락 장교 역할도 하였습니다.","expression":"c_private","category":"background"},{"text":"그래서 저의 영어 영어 능력은 실제로 해외 영업이나 또는 해외 기술을 분석하고 도입할 때 굉장히 큰 도움이 되고 에이치알이 직종에서 해외의 에이치알이 발전된 해외의 에이치알이 기술을 도입하여 우리 회사가 크게 발전할 수 있는 기틀을 마련하고 싶습니다.","expression":"c_sincere_co","category":"etc"}],"summary":{"text":"저는 대학교를 졸업하고 공군에서 교관으로 근무하면서 미 공군과 협조 협력하는 연락 장교 역할도 하였습니다. 그래서 영어 영어 능력은 해외 영업이나 해외 기술을 분석하고 도입할 때 큰 도움이 되고 있습니다.","wordCount":29}}},"rawDataInfo":{"question":{"fileFormat":"wav","fileSize":403278,"duration":12600,"samplingBit":16,"channelCount":1,"samplingRate":"16kHz","audioPath":"/Mock/01.Management/Male/Experienced/ckmk_q_bm_m_e_246646.wav"},"answer":{"fileFormat":"wav","fileSize":2343758,"duration":73240,"samplingBit":16,"channelCount":1,"samplingRate":"16kHz","audioPath":"/Mock/01.Management/Male/Experienced/ckmk_a_bm_m_e_246646.wav"}}}