{"version":"1.0","dataSet":{"info":{"date":"20230116","occupation":"BM","channel":"MOCK","place":"ONLINE","gender":"MALE","ageRange":"35-44","experience":"EXPERIENCED"},"question":{"raw":{"text":"지원자분은 회계에 관해 잘 알고 계십니까 세무 회계와 재무 회계 관리 회계의 차이점은 무엇입니까","wordCount":14},"emotion":[],"intent":[]},"answer":{"raw":{"text":"어 세무회계 재무회계 그리고 관리회계 까지의 각각의 차이점과 특징에 대해서 답변 드리겠습니다. 일단 회사 회 세무회계는 일단 개인과 기업에 일어나는 각종 회계들을 모아서 이제 세무회계라고 하고 재무회계는 각 회사에서 각 파트별로 이루어진 그런 재무 재무와 관련된 것들이 이루어지는 회계가 될 것 같습니다. 그리고 이제 마지막으로 이제 관리 회계는 어 이제 회사 경 최고 경영자부터 말단 직원까지에 이루어지는 관리적으로 이루어지는 그런 회계 분야들을 관리 회계라고 지금 그러고 있습니다. 그까 이제 다 같은 막 같은 계통에 망라하고 있는데 일단 뭐 개인과 기업의 차이인지 아니면 회사 대 회사의 회계인지 아니면 회사에서 이제 최고 높은 사람부터 최 말단 직원까지에 이루어지는 각종 이루어지는 회계라든지 이런 들의 들의 각각의 차이점이 있을 것 같습니다. 각 파트별로 이제 다른 부분이고 이제 경영에서는 이제 세무와 회계 부분에 대해서는 절대 빠질 수 없기 때문에 이 부분에 대한 자격증도 많이 보유하고 있습니다. 네 이상입니다.","wordCount":133},"emotion":[],"intent":[{"text":"","expression":"","category":"attitude"}],"summary":{"text":"세무회계는 개인과 기업에 일어나는 각종 회계들을 모아 세무회계라고 하고 재무회계는 각 회사에서 파트별로 이루어진 재무와 관련된 것들이 이루어지는 회계가 될 것 같습니다. 관리회계는 회사 최고 경영자부터 말단 직원사이에 이루어지는회계 분야들을 관리 회계라고 하고 있습니다.","wordCount":34}}},"rawDataInfo":{"question":{"fileFormat":"wav","fileSize":332878,"duration":10400,"samplingBit":16,"channelCount":1,"samplingRate":"16kHz","audioPath":"/Mock/01.Management/Male/Experienced/ckmk_q_bm_m_e_145284.wav"},"answer":{"fileFormat":"wav","fileSize":2633038,"duration":82280,"samplingBit":16,"channelCount":1,"samplingRate":"16kHz","audioPath":"/Mock/01.Management/Male/Experienced/ckmk_a_bm_m_e_145284.wav"}}}