{"version":"1.0","dataSet":{"info":{"date":"20230116","occupation":"BM","channel":"MOCK","place":"ONLINE","gender":"MALE","ageRange":"35-44","experience":"EXPERIENCED"},"question":{"raw":{"text":"비투비 시장을 공략하는데 어떤 전략이 필요하실까요 가장 효과적이라고 생각하는 전략을 설명 부탁드리겠습니다","wordCount":12},"emotion":[],"intent":[]},"answer":{"raw":{"text":"네 비투비 시장 공략 관련해서 답변드리겠습니다. 어 모든 영업에서 제일 중요한 것 중의 하난데 어 회사 대 개인을 공략하는 방법과 회사 대 회사를 영업하는 방법이 있는데 이 비투비 시장은 어 비즈니스 투 비즈니로서 어 회사를 영업해서 회사로 통해서 이익을 얻는 시스템이 되겠습니다. 이때 가장 효과적인 전략이라고 했을 때는 일단 회사는 이익을 추구하는 집단입니다. 그러니까 그쪽 반대쪽 영업을 진행하는 회사에 어떤 이익을 줄 수 있을까를 고민을 해보면은 답변이 나올 겁니다. 그 비투비 시장을 공략하는 데 있어서 많은 회사를 영업하고 많은 회사에 우리의 물건을 영업을 할 수 있는 방법으로 고민하다 보면은 어 모든 시장을 다 공략해야지만 그 회사에서도 분명히 그 단계가 있을 겁니다. 단계가 있을 건데 그 단계를 극복해서 공략을 하게 되면 어 회사 대 개인보다는 회사 대 회사를 공략하는 데 있어서 어 훨씬 더 큰 회사의 이익이 있을 거라 판단이 돼 있습니다. 이상입니다.","wordCount":132},"emotion":[],"intent":[{"text":"","expression":"","category":"attitude"}],"summary":{"text":"비투비 시장은 비즈니스 투 비즈니로서 회사를 영업해서 회사로 통해서 이익을 얻는 시스템입니다. 모든 시장을 다 공략해야 그 회사에서도 단계가 있습니다. 그 단계를 극복해서 공략을 하게 되면 회사 대 개인보다는 회사 대 회사를 공략하는 데 있어서 훨씬 더 큰 회사의 이익이 있을 것이라 판단됩니다.","wordCount":43}}},"rawDataInfo":{"question":{"fileFormat":"wav","fileSize":352078,"duration":11000,"samplingBit":16,"channelCount":1,"samplingRate":"16kHz","audioPath":"/Mock/01.Management/Male/Experienced/ckmk_q_bm_m_e_146713.wav"},"answer":{"fileFormat":"wav","fileSize":2707918,"duration":84620,"samplingBit":16,"channelCount":1,"samplingRate":"16kHz","audioPath":"/Mock/01.Management/Male/Experienced/ckmk_a_bm_m_e_146713.wav"}}}