{"version":"1.0","dataSet":{"info":{"date":"20230116","occupation":"BM","channel":"MOCK","place":"ONLINE","gender":"MALE","ageRange":"35-44","experience":"EXPERIENCED"},"question":{"raw":{"text":"지원자님께서 입사 후에 기존에 원하던 일을 못 하게 된다면 어떻게 하실 건가요 그 이유도 함께 말씀해 주세요","wordCount":17},"emotion":[],"intent":[]},"answer":{"raw":{"text":"음 제가 이제 이 회사에 입사 후에 기존에 원하던 일을 못하게 되었을 경우가 생길 수도 있습니다. 그런 상황에 대해서 제가 어떻게 대응하고 어떻게 접근해야 할지에 대해서 답변드리겠습니다. 일단 뭐 예상은 다 충분히 하고 있기 때문에 어 처음에는 조금은 당황스럽겠지만 오히려 기회로 발판 삼아서 어 더 새로운 거 더 새로운 업무 또 새로운 무기가 만들어진다는 마인드로 어 밑바닥부터 맨 땅에 헤딩 한다는 마음으로 정말 기초적인 것 다 다시 시작하고 싶은 마음이 있습니다. 사람이 매우 바쁘게 살고 뭔가 할 게 있고 배우고 싶은 게 생기면은 어 열정이 생기고 의욕이 생기고 삶의 원동력이 생깁니다. 그 저는 이런 새로운 일을 할 때 그런 느낌들을 많이 받는데 오 오히려 그런 것들이 더욱더 기회가 될 수 있다고 생각합니다. 그래서 원하던 일을 하게 되면은 당연히 해 왔던 일이 있기 때문에 자신감이 있기 때문에 지원을 했을 거고 뭐 하게 되면 더 금방 적응할 수는 있겠지만 새로운 일을 했을 때 또 그에 따라오는 또 대가거나 뭐 이런 저한테 그러한 플러스 요인이 있기 때문에 전혀 뭐 상관없을 것 같습니다. 이상입니다.","wordCount":160},"emotion":[],"intent":[{"text":"","expression":"","category":"attitude"}],"summary":{"text":"이 회사에 입사 후에 원하던 일을 못하게 되었을 경우에 어떻게 대응하고 어떻게 접근해야 할지 답변드리겠습니다. 처음에는 당황스럽겠지만 오히려 기회로 발판 삼아서 더 새로운 업무 또 새로운 무기가 만들어진다는 마인드로 어 밑바닥부터 맨 땅에 헤딩 한다는 마음으로 다시 시작하고 싶은 마음이 있습니다.","wordCount":41}}},"rawDataInfo":{"question":{"fileFormat":"wav","fileSize":590158,"duration":18440,"samplingBit":16,"channelCount":1,"samplingRate":"16kHz","audioPath":"/Mock/01.Management/Male/Experienced/ckmk_q_bm_m_e_235721.wav"},"answer":{"fileFormat":"wav","fileSize":2769358,"duration":86540,"samplingBit":16,"channelCount":1,"samplingRate":"16kHz","audioPath":"/Mock/01.Management/Male/Experienced/ckmk_a_bm_m_e_235721.wav"}}}