{"version":"1.0","dataSet":{"info":{"date":"20230116","occupation":"BM","channel":"MOCK","place":"ONLINE","gender":"MALE","ageRange":"35-44","experience":"EXPERIENCED"},"question":{"raw":{"text":"어 이전에 직장을 그만둔 것으로 보이시는데 이전 직장을 그만둔 특별한 이유가 있으신가요 그리고 현 직장도 같은 이유로 그만둘 가능성이 있으실까요","wordCount":20},"emotion":[],"intent":[]},"answer":{"raw":{"text":"이전 직장을 그만둔 가장 큰 특별한 이유는 바로 사업성의 둔화 그리고 비전을 제시하지 못하는 회사의 입장이었습니다. 십 오 년 전에 처음 입사했을 때 큰 꿈을 갖고 들어갔고 그때 당시에 네트워크 쪽으로 최적화된 회사라고 하여 추후 이십 년 후 삼십 년 후까지 성장이 될 줄 알았지만 현재 그 회사의 업무는 지금 트렌드에 전혀 맞지 않습니다. 요즘은 모든 것들이 빅데이터 또는 구글의 머신러닝 같은 것들로 이루어져 있는데 전 회사는 아직도 아날로그 적으로 일을 하고 있고 매출 성장에 둔화가 된 지가 벌써 십 년이 넘었습니다. 당연히 성장이 안되고 매출이 줄어들면 회사 직원들에게는 좋을 것이 하나도 없습니다. 첫 번째 진급이 안되고 연봉이 오라가지 않으며 앞으로의 미래를 꿈꿀 수가 없기 때문에 이직을 하게 되었습니다. 하지만 현 직장은 이천 이십 이 년 현재도 발 빠르게 빅데이터 및 머신러닝 딥러닝 인공지능을 통해서 새로운 트렌드를 빠르게 따라가고 있습니다. 그렇게 해서 고속으로 성장하고 있고 제가 봤을 때는 이 분야는 앞으로 백 년 간은 끄떡없이 진행될 것 같습니다. 저는 그래서 전 직장을 그만뒀고 현 직장은 그런 문제가 없기 땜에 똑같은 이유로 그만두진 않을 것입니다.","wordCount":164},"emotion":[],"intent":[{"text":"","expression":"","category":"attitude"}],"summary":{"text":"이전 직장을 그만둔 가장 큰 이유는 사업성의 둔화 그리고 비전을 제시하지 못하는 회사의 입장이었기 때문입니다. 현 직장은 빅데이터 및 머신러닝 딥러닝 인공지능을 통해서 새로운 트렌드를 빠르게 따라가고 있고 앞으로 백 년 간은 끄떡없이 성장할 것 같습니다. 저는 그런 문제가 없기 때문에 전 직장을 그만뒀고 현 직장에서는 똑같은 이유로 그만두진 않을 것입니다.","wordCount":51}}},"rawDataInfo":{"question":{"fileFormat":"wav","fileSize":441678,"duration":13800,"samplingBit":16,"channelCount":1,"samplingRate":"16kHz","audioPath":"/Mock/01.Management/Male/Experienced/ckmk_q_bm_m_e_182630.wav"},"answer":{"fileFormat":"wav","fileSize":2689358,"duration":84040,"samplingBit":16,"channelCount":1,"samplingRate":"16kHz","audioPath":"/Mock/01.Management/Male/Experienced/ckmk_a_bm_m_e_182630.wav"}}}