{"version":"1.0","dataSet":{"info":{"date":"20230116","occupation":"BM","channel":"MOCK","place":"ONLINE","gender":"MALE","ageRange":"35-44","experience":"EXPERIENCED"},"question":{"raw":{"text":"다른 사람이 생각하는 지원자님의 장단점은 무엇이라고 생각하시나요 또한 그렇게 생각하는 이유에 대해서도 함께 말씀 부탁드립니다","wordCount":15},"emotion":[],"intent":[]},"answer":{"raw":{"text":"다른 사람들이 생각하는 저의 가장 큰 장점은 업무에 추진력이 뛰어나다는 것과 남들과 소통을 잘한다는 것입니다. 업무에 추진력이 뛰어나기 때문에 저는 오랫동안 프로젝트 오십 개를 하면서 단 한 번에 실패를 한 적이 없습니다. 데드 라인을 약간 넘긴 경우는 있었어도 프로젝트를 실패한 경험도 없었고 항상 프로젝트를 할 때마다 좋은 성과 및 좋은 솔루션을 제공했던 것 같습니다. 그리고 소통이 뛰어나다는 것은 팀원들 또는 다른 팀 부서들 또는 상사에게 보고를 잘하여 어떤 부분이 문제고 어떤 부분을 해결하면 좋은지에 대한 솔루션을 제공할 때 가장 큰 장점이었던 것 같습니다. 하지만 저에 가장 큰 단점은 혼자 업무 추진을 빠르게 하다 보니 가끔 독단적이고 독선적인 게 아니냐는 핀잔 아닌 핀잔을 듣기도 하고 어떤 것을 노력했을 때 실패를 하게 되면 저도 모르게 바로 좌절을 하게 됩니다. 어떤 일을 하다 보면 도전은 당연한 것이고 도전을 하다 보면 실패는 당연한 것인데 저는 실패는 다시는 일어설 수 없는 좌절이라고 생각하고 거기서 무너지게 됩니다. 그런데 이 실패는 성공을 하기 위한 하나의 가설의 검증의 시간이지 본인이 완벽히 무너지는 타이밍이 아니라고 어떤 성공한 사업가가 그랬기 때문에 저 또한 실패라고 받아들이지 않고 이거를 가설에 검증의 시간이라고 생각하여 꾸준히 노력하고 있습니다.","wordCount":174},"emotion":[],"intent":[{"text":"다른 사람들이 생각하는 저의 가장 큰 장점은 업무에 추진력이 뛰어나다는 것과 남들과 소통을 잘한다는 것입니다.","expression":"c_person","category":"background"},{"text":"하지만 저에 가장 큰 단점은 혼자 업무 추진을 빠르게 하다 보니   가끔 독단적이고 독선적인 게 아니냐는 핀잔 아닌 핀잔을 듣기도 하고 어떤 것을 노력했을 때 실패를 하게 되면   저도 모르게 바로 좌절을 하게 됩니다.","expression":"c_person","category":"background"}],"summary":{"text":"업무에 추진력이 뛰어나고 남들과 소통을 잘하기 때문에 저는 오랫동안 프로젝트를 오십 개를 하면서 단 한 번에 실패를 한 적이 없습니다. 하지만 혼자 업무 추진을 하다 보니 간혹 독단적이고 독선적인 게 아니냐는 핀잔을 듣기도 하고, 어떤 것을 노력했을 때 실패를 하게 되면 바로 좌절을 하게 되어서 이것을 가설에 검증의 시간이라고 생각하여 꾸준히 노력하고 있습니다.","wordCount":53}}},"rawDataInfo":{"question":{"fileFormat":"wav","fileSize":611918,"duration":19120,"samplingBit":16,"channelCount":1,"samplingRate":"16kHz","audioPath":"/Mock/01.Management/Male/Experienced/ckmk_q_bm_m_e_197402.wav"},"answer":{"fileFormat":"wav","fileSize":2757838,"duration":86180,"samplingBit":16,"channelCount":1,"samplingRate":"16kHz","audioPath":"/Mock/01.Management/Male/Experienced/ckmk_a_bm_m_e_197402.wav"}}}