{"version":"1.0","dataSet":{"info":{"date":"20230116","occupation":"BM","channel":"MOCK","place":"ONLINE","gender":"MALE","ageRange":"-34","experience":"EXPERIENCED"},"question":{"raw":{"text":"그동안 속해 왔었던 조직 또는 단체 속에서 지원자님께서는 주로 어떤 역할을 하시 하신 사람이었는지 말씀 한 번 부탁드립니다","wordCount":18},"emotion":[],"intent":[]},"answer":{"raw":{"text":"어떠한 조직이나 단체에서 항상 리더나 어 대표의 자리에 있었습니다. 거기서 팀원들이 어떻게 하고 그리고 어떻게 하면 조직을 좀 더 좋게 이끌어갈 수 있을지 그리고 우리가 만들고 있는 프로 프로젝트나 또는 서비스 그리고 제품들을 어떻게 고객한테 제공할 수 있을지 어떤 상품을 좋아하는지 그리고 어떻게 바뀌는지 어떤 비전을 제시해 주는지 이런 거를 혼자서 끊임없이 고민을 하는 그러한 사람이었습니다.","wordCount":56},"emotion":[],"intent":[{"text":"거기서 팀원들이 어떻게 하고 그리고 어떻게 하면 조직을 좀 더 좋게 이끌어갈 수 있을지   그리고 우리가 만들고 있는 프로 프로젝트나 또는 서비스 그리고 제품들을 어떻게 고객한테 제공할 수 있을지 어떤 상품을 좋아하는지 그리고 어떻게 바뀌는지 어떤 비전을 제시해 주는지   이런 거를 혼자서 끊임없이 고민을 하는 그러한 사람이었습니다.","expression":"m_holistic","category":"attitude"}],"summary":{"text":"어떠한 조직이나 단체에서 항상 리더나 어 대표의 자리에 있었습니다. 거기서 팀원들이 어떻게 하고 어떻게 조직을 좋게 이끌어갈 수 있을지 등을 혼자서 끊임없이 고민을 하는 사람이었습니다.","wordCount":25}}},"rawDataInfo":{"question":{"fileFormat":"wav","fileSize":345038,"duration":10780,"samplingBit":16,"channelCount":1,"samplingRate":"16kHz","audioPath":"/Mock/01.Management/Male/Experienced/ckmk_q_bm_m_e_133880.wav"},"answer":{"fileFormat":"wav","fileSize":1038798,"duration":32460,"samplingBit":16,"channelCount":1,"samplingRate":"16kHz","audioPath":"/Mock/01.Management/Male/Experienced/ckmk_a_bm_m_e_133880.wav"}}}