{"version":"1.0","dataSet":{"info":{"date":"20230116","occupation":"BM","channel":"MOCK","place":"ONLINE","gender":"MALE","ageRange":"45-54","experience":"EXPERIENCED"},"question":{"raw":{"text":"만약 일을 하던 중 팀원과 불화가 생기게 되었습니다 이때 어떻게 해결하실지 해결법과 그렇게 해결하시는 이유에 대해 설명해 주세요","wordCount":18},"emotion":[],"intent":[]},"answer":{"raw":{"text":"뭘 어떻게 해결을 하나요. 네 불화가 생기면 생기는 거죠. 불화가 안 생길 수 없죠. 사람이 하는 일이고 사람과 사람이 만나서 하는 일인데 그죠. 네 그리고 대부분 불화가 뭐 상하 간의 어떤 관계에서 불화가 일어나는 일은 드물잖아요. 일어난다고 해도 그것도 조금 아래 직급 간의 네 저기 조금 밑에 직급 간에서는 조금 발생 가능성이 높을 수는 있어도 뭐 죄가 있는 이런 위쪽의 관계에서는 일어나기 힘듭니다. 그래서 보통은 대등한 비슷한 직급에서의 불화가 생기곤 하는데 뭐 해결을 왜 하나요. 서로 이미 안 맞는 상태에서 서로를 알기 때문에 벌어지는 거고 그냥 각자 서로 마이웨이 하는 거죠. 너는 너 나는 나 그리고 뭐 때에 따라 또 그런 불화의 감정에서 다시 동지가 될 수도 있고요.","wordCount":108},"emotion":[],"intent":[{"text":"","expression":"","category":"attitude"}],"summary":{"text":"불화가 상하 간의 어떤 관계에서 일어나는 일은 드물기 때문에 보통 비슷한 직급에서의 불화가 생기곤 하는데 해결을 왜해요. 서로 이미 안 맞는 상태에서 서로를 알기 때문에 벌어지는 것이고 그냥 각자 서로 마이웨이 하는 겁니다.","wordCount":33}}},"rawDataInfo":{"question":{"fileFormat":"wav","fileSize":373518,"duration":11670,"samplingBit":16,"channelCount":1,"samplingRate":"16kHz","audioPath":"/Mock/01.Management/Male/Experienced/ckmk_q_bm_m_e_178122.wav"},"answer":{"fileFormat":"wav","fileSize":2782798,"duration":86960,"samplingBit":16,"channelCount":1,"samplingRate":"16kHz","audioPath":"/Mock/01.Management/Male/Experienced/ckmk_a_bm_m_e_178122.wav"}}}