{"version":"1.0","dataSet":{"info":{"date":"20230116","occupation":"BM","channel":"MOCK","place":"ONLINE","gender":"MALE","ageRange":"55-","experience":"EXPERIENCED"},"question":{"raw":{"text":"만약 상사가 업무와 무관한 일을 시켜도 잘 수행하실 자신이 있나요 아니면 수행하지 않을 것인지도 궁금합니다","wordCount":15},"emotion":[],"intent":[]},"answer":{"raw":{"text":"만약 상사가 업무와 무관한 일을 시켜도 잘 수행할 자신이 있나요. 아니면 수행하지 않을 것인지 궁금합니다. 예 상사가 업무에 관한 일을 시킬 때는 잘 생각하고 어 시킬 것이라고 생각합니다. 아 수행하지 않을 경우에는 먼저 결정을 내리는 것이 중요하다고 봅니다. 어려운 일이면은 아 제가 아 사양을 하는 것이 맞다고 생각합니다. 하지만 회사에서 하는 일은 어 웬만해서는 아 수행할 수 없는 일들이 없다고 생각을 합니다. 아 맡긴 일이면 최선을 다할 수 있도록 어 진행할 것입니다. 먼저 상사의 그러한 생각을 잘 이해하고 서로의 대화를 통하여서 그것이 왜 중요한지 그 일을 왜 해야 하는지 어떻게 해야 어 최적의 좋은 일들을 감당할 수 있는지 서로 협의하는 것이 중요하다고 생각합니다. 왜냐하면 고액 연봉으로서 아 시간을 낭비할 이유가 전혀 없기 때문입니다. 어 주어진 일들을 어 원활하게 마무리함으로 인해 어 서로 간의 그러한 신뢰를 쌓고 아 상하 간에서도 어 서로의 그러한 이익을 끼칠 수 있는 좋은 기억입니다.","wordCount":138},"emotion":[],"intent":[{"text":"","expression":"","category":"attitude"}],"summary":{"text":"업무와 무관한 일을 시켜도 잘 수행할 자신이 있는지 궁금합니다. 아 수행하지 않을 경우에는 먼저 결정을 내리는 것이 중요하다고 생각합니다. 주어진 일들을 원활하게 마무리함으로 인해 서로 간의 신뢰를 쌓고 상하 간에서도 서로의 이익을 끼칠 수 있는 좋은 기억입니다.","wordCount":37}}},"rawDataInfo":{"question":{"fileFormat":"wav","fileSize":353678,"duration":11050,"samplingBit":16,"channelCount":1,"samplingRate":"16kHz","audioPath":"/Mock/01.Management/Male/Experienced/ckmk_q_bm_m_e_173463.wav"},"answer":{"fileFormat":"wav","fileSize":2841678,"duration":88800,"samplingBit":16,"channelCount":1,"samplingRate":"16kHz","audioPath":"/Mock/01.Management/Male/Experienced/ckmk_a_bm_m_e_173463.wav"}}}