{"version":"1.0","dataSet":{"info":{"date":"20230116","occupation":"BM","channel":"MOCK","place":"ONLINE","gender":"MALE","ageRange":"35-44","experience":"EXPERIENCED"},"question":{"raw":{"text":"지원자분께 질문 드리겠습니다 지원자께서는 지금까지 많은 서비스를 보고 느끼셨을 텐데요 최근의 인상 깊게 본 서비스는 무엇인지 그것에 대해서 말씀해 보십시오","wordCount":20},"emotion":[],"intent":[]},"answer":{"raw":{"text":"피부과에서 인공지능의 피부 측정 기기를 사용했던 경험이 있습니다. 예전에는 그냥 내시경이나 현미경으로 피부를 측정하고 현재 피부가 어떻습니다 라고만 알려주는데 요즘은 피부 나이를 측정을 하고 어떤 화장품 어떻게 관리를 하고 어떻게 치료를 받으면 몇 달 후에 어떻게 피부가 된다 라고 하는 에이 아이 프로그램이 미리 몇 달 후에 것까지 브이 알로 다 보여주게 되어 있습니다. 그리고 그 진료가 끝난 다음에 자동적으로 카톡에 한 달 후의 모습입니다. 다섯 달 후에 모습입니다. 육 개월 후의 모습입니다 라고 해서 저에게 실제적으로 메타버스 세상에서 피부가 얼마큼 좋아지는지에 대한 지속적인 피드백을 해줍니다. 그 피드백을 통해서 아 내가 꾸준히 치료를 하면 또는 꾸준히 관리를 받으면 이렇게 피부가 좋아지고 있겠구나 라고 하는 확신이 들어서 가격이 비싸지만 그래도 또 피부과를 가야겠구나 라고 하는 자극제가 되었습니다. 특히나 집에서 화장품을 아무거나 쓰면 절대 안 된다라고 하는 저에게 맞는 피부 맞춤형 화장품 또는 피부 맞춤형 비누를 클렌징을 선택해 줘서 하루에 몇 번씩 몇 번씩 문지르고 몇 회씩 따뜻한 물로 해야 되는지까지 정확한 안내 지침이 있어 피부를 관리하는 데 굉장히 도움이 많이 됐습니다.","wordCount":160},"emotion":[],"intent":[{"text":"","expression":"","category":"attitude"}],"summary":{"text":"인공지능 피부 측정 기기를 사용한 경험이 있습니다. 인공지능이 미리 몇 달 후의 모습을 브이알로 보여주면서 진료가 끝난 뒤에 자동적으로 카카오톡에 한 달 후, 다섯 달 후 라고 해서 피부에 대한 피드백을 해줍니다. 그 피드벡을 통해서 꾸준히 관리를 받으면 피부도 좋아지고 있겠다는 확신이 들어서 가격이 비싸지만 피부과를 가야겠다 라는 자극제가 되었습니다.","wordCount":50}}},"rawDataInfo":{"question":{"fileFormat":"wav","fileSize":585358,"duration":18290,"samplingBit":16,"channelCount":1,"samplingRate":"16kHz","audioPath":"/Mock/01.Management/Male/Experienced/ckmk_q_bm_m_e_166190.wav"},"answer":{"fileFormat":"wav","fileSize":2718158,"duration":84940,"samplingBit":16,"channelCount":1,"samplingRate":"16kHz","audioPath":"/Mock/01.Management/Male/Experienced/ckmk_a_bm_m_e_166190.wav"}}}