{"version":"1.0","dataSet":{"info":{"date":"20230116","occupation":"BM","channel":"MOCK","place":"ONLINE","gender":"MALE","ageRange":"35-44","experience":"EXPERIENCED"},"question":{"raw":{"text":"회계 분야에도 세부 분야가 있는데 세무 회계와 관리 회계 재무 회계에 각각 어떤 차이점이 있는지 저한테 설명해 주실 수 있으신가요","wordCount":20},"emotion":[],"intent":[]},"answer":{"raw":{"text":"네 세무회계 재무회계 그리고 관리회계 각각의 차이점과 특징에 대해서 어 답변 드리도록 하겠습니다. 일단 세무와 재무에 차이점은 세무는 각종의 그러한 세금이나 이런 관련된 회사에서 지불해야 하는 세금과 뭐 이자 뭐 이런 것들을 포함 될 것 같고 일단 재무회계는 최고 경력부터 말단 사원까지 어 또는 관리회계는 그 시이오 부터 어 맨 아래 직원까지 해서 이루어지는 어 각종 뭐 급여라든지 뭐 진행되는 뭐 복지분야 이런 부분은 이제 회계로서 판단하는 점이 되겠습니다. 그래서 이런 부분에서는 각 회사마다 회계사가 정해져 있어서 그런 것들을 직접 관리하고 운영하는 그런 팀이 있는데 그런 팀에서 이런 각종 세무와 재무 그리고 관리해주는 분야에서 여러 가지 분야로 해주는 파트가 되겠습니다. 그렇게 해서 어 회사가 운영이 되고 회사에 세금이나 모든 복지나 뭐 급여 문제 등 해서 다 이렇게 회계로 이제 꼭 필요한 분야일 것 같습니다. 이상입니다.","wordCount":125},"emotion":[],"intent":[{"text":"그래서 이런 부분에서는 각 회사마다 회계사가 정해져 있어서 그런 것들을 직접 관리하고 운영하는 그런 팀이 있는데 그런 팀에서 이런 각종 세무와 재무 그리고 관리해주는 분야에서 여러 가지 분야로 해주는 파트가 되겠습니다.","expression":"c_sincere_job","category":"etc"}],"summary":{"text":"세무회계, 재무회계, 관리회계의 차이점과 특징에 대해 답변 드리겠습니다. 세무는 각종 세금이나 이자가 포함 될 것이고 재무회계는 최고 경력부터 말단 사원까지 또는 관리회계는 시이이부터 맨 아래 직원까지 해서 이루어지는 복지분야 이런 부분은 회계로서 판단하는 점이 되겠습니다.","wordCount":35}}},"rawDataInfo":{"question":{"fileFormat":"wav","fileSize":407438,"duration":12730,"samplingBit":16,"channelCount":1,"samplingRate":"16kHz","audioPath":"/Mock/01.Management/Male/Experienced/ckmk_q_bm_m_e_226368.wav"},"answer":{"fileFormat":"wav","fileSize":2500558,"duration":78140,"samplingBit":16,"channelCount":1,"samplingRate":"16kHz","audioPath":"/Mock/01.Management/Male/Experienced/ckmk_a_bm_m_e_226368.wav"}}}