{"version":"1.0","dataSet":{"info":{"date":"20230116","occupation":"BM","channel":"MOCK","place":"ONLINE","gender":"MALE","ageRange":"55-","experience":"EXPERIENCED"},"question":{"raw":{"text":"흔히 고객 서비스라고 말하는 씨에스 란 무엇이라고 생각되시는지 지원자님의 견해가 궁금합니다 한번 말씀해 주시겠습니까","wordCount":14},"emotion":[],"intent":[]},"answer":{"raw":{"text":"경영 관점에서 커스터머 서비스 씨에스에 대해 설명해 주시고 어떤 씨에스가 좋은 씨에스일지 생각도 함께 해 주세요. 경영 관점에서 어 커스터머 서비스는 꼭 필요한 일이라고 생각합니다. 비포 서비스였으면은 더 좋은 일이었을 테지만은 커스터머 서비스는 고객 관리 차원에서 늘 서비스가 필요하다고 생각을 합니다. 회사에 운명과도 같고 제품에 어 롱런를 할 수 있는 그러한 부분에 있기 때문에 커스터머 서비스가 중요한 일이 되어 있습니다. 모든 회사들이 그러한 고객 관리 차원에서 커스터머 서비스는 매우 중요하다고 생각을 합니다. 어 어떤 게 좋으냐 하면은 어 고객과의 관계라고 생각을 합니다. 아 고객을 잘 관리할 수 있는 그런 부분에서 서비스가 필요할 텐데 제품에 대해서 잘 숙지해야 되고 늘 어 관리를 철저히 할 수 있는 그런 부분에 있어야 됩니다. 경쟁의 시대이기 때문에 코스터머 서비스를 우리가 소홀히 하는 그런 시간에 우리의 고객이 떨어져 나갈 수 있는 부분이고 우리의 제품의 쿼리티가 어 소멸될 수 있는 부분이기 때문에 더욱더 그렇습니다. 최선을 다할 수 있는 방법이 최선이라고 생각합니다.","wordCount":144},"emotion":[],"intent":[{"text":"","expression":"","category":"attitude"}],"summary":{"text":"경영 관점에서 커스터머 서비스는 고객 관리 차원에서 꼭 필요한 일이라고 생각합니다. 경쟁의 시대이기 때문에 코스터머 서비스를 소홀히 하는 시간에 우리의 고객이 떨어져 나갈 수 있는 부분이고 우리의 제품의 쿼리티가 소멸될 수 있는 부분입니다. 최선을 다할 수 있는 방법이 최선이라 생각합니다.","wordCount":40}}},"rawDataInfo":{"question":{"fileFormat":"wav","fileSize":403278,"duration":12600,"samplingBit":16,"channelCount":1,"samplingRate":"16kHz","audioPath":"/Mock/01.Management/Male/Experienced/ckmk_q_bm_m_e_145076.wav"},"answer":{"fileFormat":"wav","fileSize":2898638,"duration":90580,"samplingBit":16,"channelCount":1,"samplingRate":"16kHz","audioPath":"/Mock/01.Management/Male/Experienced/ckmk_a_bm_m_e_145076.wav"}}}