{"version":"1.0","dataSet":{"info":{"date":"20230116","occupation":"BM","channel":"MOCK","place":"ONLINE","gender":"MALE","ageRange":"35-44","experience":"EXPERIENCED"},"question":{"raw":{"text":"입사 후에 일을 하다 보면 타 지역에서 업무를 수행해야 될 때도 있습니다 타 지역 근무도 문제없이 가능하신가요","wordCount":17},"emotion":[],"intent":[]},"answer":{"raw":{"text":"예 업무를 하다 보면 각종 출장이라던지 다른 지역에서 업무를 진행해야 하는 상황 타 지역 뭐 해외 출장 여러 가지 상황이 있을 겁니다. 그 부분에 대해서 제가 그런 상황이 왔을 때 어떻게 조치하고 어떻게 대응할 건지에 대한 답변을 드리겠습니다. 일단 타 지역 근무 환경이 바뀌고 어 주거 환경이 바뀌고 사람이 바뀌고 다 모든 것이 바뀐다고 보면 됩니다. 네 이제 군 생활을 했을 때 간부 생활을 오 년 정도 했는데 군 생활을 하는 동안에 그런 경험을 수없이 많이 해봤기 때문에 어 절대 그 바뀌는 환경에 대해서 부담감이나 뭐 그런 것은 없습니다. 오히려 그런 환경이 오는 거는 어느 순간부터 즐기고 있는 저의 모습을 보았을 때 어 절대 뭐 바뀌는 것에 대한 뭐 부담감이나 뭐 이런 거는 없고 대신 그렇게 했을 때 나에게 어떤 이익이 있고 어떤 나에게 스펙적으로 도움이 되는지 그런 여건만 맞춰진다면 어 뭐 그런 제가 생활하는데 불편감이 있어서 어렵다 이런 거는 없을 것 같습니다. 그래서 많이 배울 수 있는 환경이 되고 뭐 여러 가지 조건이 맞는다면 저는 오히려 지원해서라도 어 타 지역 근무를 어 지원하고 싶습니다. 네 이상입니다.","wordCount":167},"emotion":[],"intent":[{"text":"","expression":"","category":"attitude"}],"summary":{"text":"업무를 하다 보면 각종 출장이나 타 지역에서 업무를 진행해야 하는 상황 타 지역 또는 해외 출장 등 여러 가지 상황이 있을 것입니다. 그런 상황이 왔을 때 어떻게 조치하고 어떻게 대응할 건지에 대한 답변을 드리겠습니다. 타 지역 근무 환경이 바뀌고 주거 환경이 바뀌고 사람이 바뀌고 다 모든 것이 바뀌는 것이라 보면 될 것입니다.","wordCount":52}}},"rawDataInfo":{"question":{"fileFormat":"wav","fileSize":399118,"duration":12470,"samplingBit":16,"channelCount":1,"samplingRate":"16kHz","audioPath":"/Mock/01.Management/Male/Experienced/ckmk_q_bm_m_e_235720.wav"},"answer":{"fileFormat":"wav","fileSize":2756558,"duration":86140,"samplingBit":16,"channelCount":1,"samplingRate":"16kHz","audioPath":"/Mock/01.Management/Male/Experienced/ckmk_a_bm_m_e_235720.wav"}}}