{"version":"1.0","dataSet":{"info":{"date":"20230116","occupation":"BM","channel":"MOCK","place":"ONLINE","gender":"MALE","ageRange":"55-","experience":"EXPERIENCED"},"question":{"raw":{"text":"지원자님은 본인 스스로 숫자와 창의 중 어떤 것에 더 가깝다고 생각하시나요 이유와 함께 설명해 주세요","wordCount":15},"emotion":[],"intent":[]},"answer":{"raw":{"text":"지원자님께서는 본인 스스로 숫자와 창의중 어떤 것에 더 가깝다고 생각하십니까 이유도 말씀해 주세요. 네 저는 숫자에 대해서 어 아주 친화적입니다. 그리고 창의성도 상당히 있다고 생각합니다. 무엇보다도 아 숫자는 경영에 대해서 그리고 어떠한 실적에 대해서 어떠한 일을 하는 데 있어서 중요한 부분입니다. 계산적으로 또한 숫자적으로 많이 중요하기 때문에 아 친밀하다고 생각을 합니다. 또한 창의성은 제의 아 트레이드 마크라고 생각합니다. 창의적인 부분들 그리고 창조적인 부분들 그런 부분에 대해서 많이 설명하고 또한 어 관련이 있다고 생각합니다. 창의로운 그러한 일을 계획을 많이 세워 왔고 또한 그런 일들을 많이 하여서 어 귀사에 많이 도움이 될 것이라고 생각을 합니다. 제가 하는 일들 자체가 창의적인 일들을 많이 해 왔습니다. 그런 면에서 큰 도움이 될 것이라고 생각을 합니다. 제가 제품을 또한 만드는 것도 많이 했었고 또한 개발하는 일에도 많이 관여했던 점을 생각한다면은 많이 도움이 될 것이라고 생각을 합니다.","wordCount":130},"emotion":[],"intent":[{"text":"","expression":"","category":"attitude"}],"summary":{"text":"지원자님 스스로 숫자와 창의중 어떤 것에 더 가깝다고 생각하십니까 이유도 말씀해 보세요. 저는 숫자에 아주 친화적이며 창의성도 상당히 있다고 생각합니다. 또한 창의성은 제 트레이드 마크라고 생각합니다. 창의로운 일을 많이 하여 귀사에 많이 도움이 될 것이라고 생각합니다.","wordCount":36}}},"rawDataInfo":{"question":{"fileFormat":"wav","fileSize":360398,"duration":11260,"samplingBit":16,"channelCount":1,"samplingRate":"16kHz","audioPath":"/Mock/01.Management/Male/Experienced/ckmk_q_bm_m_e_145075.wav"},"answer":{"fileFormat":"wav","fileSize":2892238,"duration":90380,"samplingBit":16,"channelCount":1,"samplingRate":"16kHz","audioPath":"/Mock/01.Management/Male/Experienced/ckmk_a_bm_m_e_145075.wav"}}}