{"version":"1.0","dataSet":{"info":{"date":"20230116","occupation":"BM","channel":"MOCK","place":"ONLINE","gender":"MALE","ageRange":"35-44","experience":"EXPERIENCED"},"question":{"raw":{"text":"스터디를 따로 하고 계신 것이 있으신가요 만약 있다면 어떤 공부를 하고 있고 왜 그것을 하고 계신지에 대해서도 함께 말씀해 주시길 바랍니다","wordCount":21},"emotion":[],"intent":[]},"answer":{"raw":{"text":"어 사내에서 인제 스터디 그룹을 만들 수 있다는 거는 어떤 뭐 동아리 개념 식으로 해서 어 만들고 싶은 분야가 있습니다. 있는 부분에 대해서는 어 일단 돈에 대한 공부를 계속하고 싶고 또 그러다보니 재테크에 대한 관심이 생기고 어 그런 세부적으로 갔을 때 뭐 부동산이라든지 뭐 주식 코인 등 뭐 여러 가지 종류가 있을 것입니다. 그런 부분에 대해서 이제 돈의 흐름에 대해서 어 여러 가지 정보들이 또 많이 있는데 그런 스터디를 만들었을 때 다 각자만이 갖고 있는 정보력과 또 노하우 뭐 이런 것들이 있을 겁니다. 그래서 그런 스터디를 만들면 요즘에는 또 이런 자본주의에 대해서 인제 젊은 사람들도 관심이 많고 하기 때문에 많은 사람들이 또 모일 것 같고 또 많이 모여서 되면 또 좋은 정보나 공유할 수 있는 부분들이 분명히 있을 것입니다. 그런 것들이 모였을 때 더 극대화가 될 수 있기 때문에 그러한 스터디를 만들어서 꼭 운영을 한번 해 보고 싶고 그런 데서 또 많은 정보력도 얻고 얻는 부분에 대해서 좋은 결과가 있을 것 같습니다. 이상입니다.","wordCount":153},"emotion":[],"intent":[{"text":"","expression":"","category":"attitude"}],"summary":{"text":"사내에서 스터디 그룹을 만들 수 있는 분야가 있습니다. 돈의 흐름에 대한 정보와 각자만의 정보, 노하우가 있을 것입니다. 그런 것들을 모았을 때 더 극대화가 될 수 있기 때문에 꼭 운영을 해 보고 싶은 데서 많은 정보력도 얻고 얻는 부분에 대해서 좋은 결과가 있을 것 같습니다.","wordCount":44}}},"rawDataInfo":{"question":{"fileFormat":"wav","fileSize":543758,"duration":16990,"samplingBit":16,"channelCount":1,"samplingRate":"16kHz","audioPath":"/Mock/01.Management/Male/Experienced/ckmk_q_bm_m_e_184700.wav"},"answer":{"fileFormat":"wav","fileSize":2702158,"duration":84440,"samplingBit":16,"channelCount":1,"samplingRate":"16kHz","audioPath":"/Mock/01.Management/Male/Experienced/ckmk_a_bm_m_e_184700.wav"}}}