{"version":"1.0","dataSet":{"info":{"date":"20230116","occupation":"BM","channel":"MOCK","place":"ONLINE","gender":"MALE","ageRange":"55-","experience":"EXPERIENCED"},"question":{"raw":{"text":"지원자님은 동물 실험이 인간에게 주는 이익에 관하여 말씀해 보세요 동물 실험에 대한 지원자님의 생각도 궁금합니다 말씀 부탁드립니다","wordCount":17},"emotion":[],"intent":[]},"answer":{"raw":{"text":"동물 보호론자가 들으면 기분 나쁠지는 모르겠지만 저 인간을 위해서 동물 실험하는 것에 대해서는 찬성을 합니다. 물론 동물 실험이 동물을 학대하고 하는 측면에서는 저도 잘못되었다 라고 생각을 하지만 그래도 지금 현재 사회는 인간 중심이지 않겠습니까. 그래서 어쩔 수 없이 우리 인간을 위해서 동물 실험이 행해주고 있는 것에 대해서 법적으로 제한을 가한다던가 아니면 금지를 한다던가 하는 것에 대해서는 저는 반대를 하는 편이라고 생각을 합니다. 단 동물 실험을 무작위로 그 다음에 이거를 아무나 심각하게 한다면 그거는 문제가 되겠죠. 동물 실험도 법을 제정해서 적정한 범위 내에서 인간에게 주어지는 이익을 위해서 적정하게 하는 부분에 대해서는 찬성하는 편입니다.","wordCount":92},"emotion":[],"intent":[{"text":"동물 실험도 법을 제정해서 적정한 범위 내에서 인간에게 주어지는 이익을 위해서 적정하게 하는 부분에 대해서는 찬성하는 편입니다.","expression":"c_value","category":"background"}],"summary":{"text":"인간 중심의 사회에서 인간을 위한 동물 실험에 법적으로 제한을 가하는 것에 대해서는 반대하는 편이지만 동물 실험도 적정한 범위 내에서 인간에게 주어지는 이익을 위해서 적정하게 하는 부분에 대해서는 찬성하는 편입니다.","wordCount":29}}},"rawDataInfo":{"question":{"fileFormat":"wav","fileSize":640078,"duration":20000,"samplingBit":16,"channelCount":1,"samplingRate":"16kHz","audioPath":"/Mock/01.Management/Male/Experienced/ckmk_q_bm_m_e_244230.wav"},"answer":{"fileFormat":"wav","fileSize":2300878,"duration":71900,"samplingBit":16,"channelCount":1,"samplingRate":"16kHz","audioPath":"/Mock/01.Management/Male/Experienced/ckmk_a_bm_m_e_244230.wav"}}}