{"version":"1.0","dataSet":{"info":{"date":"20230116","occupation":"BM","channel":"MOCK","place":"ONLINE","gender":"MALE","ageRange":"35-44","experience":"EXPERIENCED"},"question":{"raw":{"text":"지원자님의 성격상 장점과 단점에 대해서 각각 말씀해 주실 수 있을까요 가능하다면 구체적인 예시를 들어서 말씀 부탁드립니다","wordCount":16},"emotion":[],"intent":[]},"answer":{"raw":{"text":"저의 성격상 장점 단점 예를 들어서 답변을 드리도록 하겠습니다. 일단 제 성격상 장점과 단점이 갖고 있는 제가 갖고 있는 성격으로 인해서 동일하게 느껴질 것 같습니다. 그 공통점으로서 저는 굉장히 여유로운 자세와 여유로운 성격을 갖고 있는데 사소한 일을 하고 업무 간에도 항상 조급해 하지 않고 뭔가 쫓기지 않고 어 여유롭게 하는 습관을 갖고 있습니다. 그러다 보니까 그런 부분이 어 외부인이 봤을 때는 그게 장점으로 느껴질 수도 있고 또한 단점으로도 느껴질 수 있다고 느꼈습니다. 어 어떤 면에서 그러나 하면은 일단 여유로운 성격을 갖게 해서 시간 계획을 좀 철저히 사용합니다. 어차피 뭐든 각자 맡은 인물은 정해져 있고 그 인물을 어떻게 잘 활용하느냐에 따라서 자기의 시간이 여유가 있을 수도 있고 또 부족해서 계속 쫓기면서 지내할 수도 있고 그럴 것입니다. 그런 모습들이 항상 여유를 갖는 모습이 사람이 바쁜 사람한테 말을 못 걸듯이 여유가 느끼다 보니까 이제 사람들이 어 봤을 때 긍정적인 모습으로 봐주는 지원들이 있었고 또 이제 반대로 이런 모습을 단점으로 보는 사람도 많았습니다. 그 봤을 때 좀 한가해 보이고 업무에 대한 그런 어 자세나 뭐 이런 것들을 좀 안 좋게 보는 사람도 있었는데 이제 저 같은 경우는 이런 단점으로 느끼는 사람 그 장점으로 보이게끔 하기 위해서 업무의 성과라든지 업무에 놓치는 부분을 없게끔 더욱더 치밀하고 어 예리하게 그렇게 업무를 진행했다 했었습니다. 그게 저의 장점이 단점이 될 것 같습니다. 이상입니다.","wordCount":204},"emotion":[],"intent":[{"text":"그 공통점으로서 저는 굉장히 여유로운 자세와 여유로운 성격을 갖고 있는데 사소한 일을 하고 업무 간에도 항상 조급해 하지 않고 뭔가 쫓기지 않고 어 여유롭게 하는 습관을 갖고 있습니다.","expression":"c_person","category":"background"},{"text":"어 어떤 면에서 그러나 하면은 일단 여유로운 성격을 갖게 해서 시간 계획을 좀 철저히 사용합니다.","expression":"c_person","category":"background"},{"text":"그런 모습들이 항상 여유를 갖는 모습이 사람이 바쁜 사람한테 말을 못 걸듯이 여유가 느끼다 보니까 이제 사람들이 어 봤을 때 긍정적인 모습으로 봐주는 지원들이 있었고 또 이제 반대로 이런 모습을 단점으로 보는 사람도 많았습니다.","expression":"c_person","category":"background"},{"text":"그 봤을 때 좀 한가해 보이고 업무에 대한 그런 어 자세나 뭐 이런 것들을 좀 안 좋게 보는 사람도 있었는데 이제 저 같은 경우는 이런 단점으로 느끼는 사람 그 장점으로 보이게끔 하기 위해서 업무의 성과라든지 업무에 놓치는 부분을 없게끔 더욱더 치밀하고 어 예리하게 그렇게 업무를 진행했다 했었습니다.","expression":"c_person","category":"background"}],"summary":{"text":"저는 여유로운 자세와 여유로운 성격을 갖고 있는데, 조급해 하지 않고 여유롭게 하는 습관을 갖고 있습니다. 그래서 외부인이 봤을 때는 장점으로 느껴질 수도, 단점으로도 느껴질 수 있었습니다. 그래서 업무의 성과나 업무에 놓치는 부분이 없도록 더욱더 치밀하고 예리하게 업무를 진행했습니다.","wordCount":38}}},"rawDataInfo":{"question":{"fileFormat":"wav","fileSize":587278,"duration":18350,"samplingBit":16,"channelCount":1,"samplingRate":"16kHz","audioPath":"/Mock/01.Management/Male/Experienced/ckmk_q_bm_m_e_229635.wav"},"answer":{"fileFormat":"wav","fileSize":3745038,"duration":117030,"samplingBit":16,"channelCount":1,"samplingRate":"16kHz","audioPath":"/Mock/01.Management/Male/Experienced/ckmk_a_bm_m_e_229635.wav"}}}