{"version":"1.0","dataSet":{"info":{"date":"20230116","occupation":"BM","channel":"MOCK","place":"ONLINE","gender":"MALE","ageRange":"35-44","experience":"EXPERIENCED"},"question":{"raw":{"text":"시간이 남을 때 지원자님은 어떤 일을 하시나요 또한 그 일을 꼭 하시는 이유는 무엇인지 함께 설명해 주실 수 있을까요","wordCount":19},"emotion":[],"intent":[]},"answer":{"raw":{"text":"저는 시간이 남을 때 온라인 강의 사이트에서 온라인 강의를 수강하는 편입니다. 빅데이터나 인공 지능은 아무리 공부를 하고 제가 익히고 프로그래밍을 해도 모르는 분야가 생각보다 많습니다. 특히나 전 회사에서 사용하던 사터리 오토메이션 공장 자동화 같은 경우는 제가 생각하지도 못했던 많은 내용들을 내포하고 있었고 또 소프트웨어만 하나만 안다고 해도 그것을 완벽하게 이해할 수는 없었습니다. 이제는 소프트웨어와 하드웨어 기구 설계 또는 업무의 프로세스들을 모든 것을 합쳐서 사용하는 방법을 익히고 공부해야 됩니다. 빅데이터를 활용한 인공지능이나 딥러닝이 어떻게 우리 기업에 적용할 수 있는지 또는 그렇게 응용 분야가 어떻게 되는지 앞으로는 이 년 삼 년 오 년 마다 디지털 트랜스 포메이션에 대한 트렌드가 엄청나게 바뀔 거라고 합니다. 그 시대에 앞서기 위해서는 끊임없이 제 돈을 들여서라도 인터넷 강의 또는 온라인 강의를 수강을 해야 됩니다. 그렇지 않으면 현재 바이두나 애플 구글에서 하고 있는 자율 주행과 딥 러닝의 방향성을 읽을 수가 없기 때문입니다. 저는 영업 판매를 위해서라도 또는 경영을 위해서라도 딥러닝 및 빅데이터에 대한 활용 방안에 대해서 지속적으로 공부를 해야 될 것이고 공부하고 있습니다.","wordCount":155},"emotion":[],"intent":[{"text":"저는 영업 판매를 위해서라도 또는 경영을 위해서라도 딥러닝 및 빅데이터에 대한 활용 방안에 대해서 지속적으로 공부를 해야 될 것이고 공부하고 있습니다.","expression":"c_imp","category":"personality"}],"summary":{"text":"빅데이터나 인공 지능은 소프트웨어와 하드웨어 기구 설계 또는 업무의 프로세스들을 전부 합쳐서 사용하는 방법을 익히고 공부해야 됩니다. 빅데이터를 활용한 인공지능이나 딥러닝이 어떻게 우리 기업에 적용할 수 있는지 또는 그렇게 응용 분야가 어떻게 되는지 앞으로 이 년 삼 년 오 년 마다 디지털 트랜스 포메이션에 대한 트렌드가 엄청 바뀔 거라고 합니다.","wordCount":50}}},"rawDataInfo":{"question":{"fileFormat":"wav","fileSize":522318,"duration":16320,"samplingBit":16,"channelCount":1,"samplingRate":"16kHz","audioPath":"/Mock/01.Management/Male/Experienced/ckmk_q_bm_m_e_191500.wav"},"answer":{"fileFormat":"wav","fileSize":2710478,"duration":84700,"samplingBit":16,"channelCount":1,"samplingRate":"16kHz","audioPath":"/Mock/01.Management/Male/Experienced/ckmk_a_bm_m_e_191500.wav"}}}