{"version":"1.0","dataSet":{"info":{"date":"20230116","occupation":"BM","channel":"MOCK","place":"ONLINE","gender":"MALE","ageRange":"35-44","experience":"EXPERIENCED"},"question":{"raw":{"text":"네 특별히 가고 싶은 회사가 있으신가요 어 또한 어 회사를 고르실 때 특정 도메인이 중요한지 아니면 그 회사의 분위기가 중요한지 어떤 점을 중점적으로 보시는지 말씀 부탁드립니다","wordCount":26},"emotion":[],"intent":[]},"answer":{"raw":{"text":"국내 천 대 기업 또는 외국계 매출 오천 억 이상의 기업에 가고 싶습니다. 특정 도메인은 바로 매출이 많고 비전을 제시할 수 있고 복리 후생이 좋은 회사를 가야 앞으로 제 인생의 커리어에 큰 도움이 될 것입니다. 특히 회사 분위기도 많이 중요합니다. 예를 들어 군대 문화 수직적인 문화 이런 문화는 모든 사람들이 원치 않습니다. 특히나 술자리가 많고 회식 자리에서 원하지 원하던 원하지 않던 매번 회식을 참가하는 그런 회사들은 요즘 사람들이 원하지 않는 회사입니다. 매출이 많은 회사는 비전을 많이 제시하거나 비전을 통해서 저의 연봉도 올릴 수 있고 추후에 제가 회사를 다니면서 아 이 회사의 가능성을 볼 수 있는 회사입니다.","wordCount":96},"emotion":[],"intent":[{"text":"","expression":"","category":"attitude"}],"summary":{"text":"국내 천 대 기업 또는 외국계 매출 오천 억 이상의 기업에 가고 싶습니다. 특정 도메인은 매출이 많고 비전을 제시할 수 있고 복리 후생이 좋은 회사를 가야 앞으로 제 인생의 커리어에 큰 도움이 될 것입니다.","wordCount":34}}},"rawDataInfo":{"question":{"fileFormat":"wav","fileSize":568398,"duration":17760,"samplingBit":16,"channelCount":1,"samplingRate":"16kHz","audioPath":"/Mock/01.Management/Male/Experienced/ckmk_q_bm_m_e_169692.wav"},"answer":{"fileFormat":"wav","fileSize":1623758,"duration":50740,"samplingBit":16,"channelCount":1,"samplingRate":"16kHz","audioPath":"/Mock/01.Management/Male/Experienced/ckmk_a_bm_m_e_169692.wav"}}}