{"version":"1.0","dataSet":{"info":{"date":"20230116","occupation":"BM","channel":"MOCK","place":"ONLINE","gender":"MALE","ageRange":"35-44","experience":"EXPERIENCED"},"question":{"raw":{"text":"지원자분께서는 우리 회사가 속해있는 분야에 근무하기 위해 어떤 경험을 했고 어떤 노력을 했고 어떤 공부를 했는지 생각나는 대로 최대한 말씀해 주시기 바랍니다","wordCount":22},"emotion":[],"intent":[]},"answer":{"raw":{"text":"어 제가 이 분야에서 지원하기 전에 노력한 부분은 일단 제일 먼저 그 경영에 필요한 것들을 많이 준비했습니다. 그중에서 인제 자본주의에 대해서 일깨우기 위해서 이제 돈의 흐름에 대해서 좀 공부를 많이 했었던 거 같고 이어서 이제 추가되는 그런 것들은 뭐 유통관리사라든지 뭐 이런 자격증들을 많이 땄던 거 같습니다. 그런 자격증을 통해서 어 부족한 부분이나 이런 부분에서 채웠던 거 같고 또 이제 제일 중요한 이제 경험을 많이 했었던 거 같습니다. 나만의 노하우 경영이나 뭐 써비스 뭐 업무를 하는 데 있어서 필요한 이제 노하우들을 한 두 군데 회사에서 이제 많은 직책을 하면서 쌓았던 경험이 있고 또는 이제 군 생활을 간부로 또 했었습니다. 그래서 또 간부 생활을 하면서 이제 사람 간의 이제 이루어지는 사람 관계들에 대해서 많이 또 공부를 했었고 그런 것들이 인제 제가 노력한 부분이 될 거 같고 그런 것들을 통해서 이제 노하우가 생기지 않았나 생각하고 있습니다. 또 이런 자기계발이나 그런 노력은 지금도 꾸준히 진행할 예정입니다. 이상입니다.","wordCount":144},"emotion":[],"intent":[{"text":"","expression":"","category":"attitude"}],"summary":{"text":"이 분야에 지원하기 전 경영에 필요한 것들을 준비했습니다. 돈의 흐름을 공부했고, 유통관리사 자격증을 따고, 나만의 노하우 경영이나 써비스 업무를 하는 데 필요한 노하우들을 회사에서 많이 쌓았던 경험이 있고, 군 생활을 하면서 사람 관계에 대해서 많이 공부를 했습니다. 이런 것들을 통해 노하우가 생겼다고 생각합니다.","wordCount":43}}},"rawDataInfo":{"question":{"fileFormat":"wav","fileSize":619598,"duration":19360,"samplingBit":16,"channelCount":1,"samplingRate":"16kHz","audioPath":"/Mock/01.Management/Male/Experienced/ckmk_q_bm_m_e_145283.wav"},"answer":{"fileFormat":"wav","fileSize":2632718,"duration":82270,"samplingBit":16,"channelCount":1,"samplingRate":"16kHz","audioPath":"/Mock/01.Management/Male/Experienced/ckmk_a_bm_m_e_145283.wav"}}}