{"version":"1.0","dataSet":{"info":{"date":"20230116","occupation":"BM","channel":"MOCK","place":"ONLINE","gender":"MALE","ageRange":"35-44","experience":"EXPERIENCED"},"question":{"raw":{"text":"본인이 창의적으로 어떤 문제를 해결한 경험이 있나요 그 과정을 최대한 자세하게 설명해 주시기 바랍니다","wordCount":14},"emotion":[],"intent":[]},"answer":{"raw":{"text":"제가 창의적으로 문제를 해결했던 가장 큰 경험 중의 하나는 이천 이십 년 이 월 영업부에서 한 대당 이십 억이 넘는 의료 장비를 병원에 두 달 안에 납품해서 완벽하게 설치 가동 검수까지 하는 것으로 계약을 한 적이 있습니다. 하지만 그때는 코로나로 인하여 전세계 팬데믹이 왔고 모든 엔지니어 및 관련자들이 입출국이 금지가 되어 있는 상황이었습니다. 저희 장비는 일본에서 제조되어 한국으로 수입되고 그렇게 일본에 있는 엔지니어들이 한국에 와서 기술 지원 및 설치 지원을 하는 것으로 계약이 되어 있었지만 코로나로 인하여 그 어떤 누구도 한국에 입국을 할 수가 없었습니다. 그때 제가 창의적인 생각을 했던 것이 바로 영화 마스에서 멧 데이먼이 나사 직원들과 소통을 하면서 장비를 고치고 수리하는 부분이었습니다. 저 역시 그것에 착안을 하여 병원에 있는 곳곳에 카메라 스무 대를 넘게 설치한 다음에 줌 미팅을 통해서 온라인으로 그들에게 설치에 대한 조언 및 지원 또는 품질 관리를 받았습니다. 제가 거기서 통역 및 모든 총괄 프로젝트를 담당했으며 그 프로젝트를 통하여 일 저 일 점 오 개월 만에 장비 두 개를 완벽하게 설치하고 검수까지 하여 지금은 풀 가동을 하고 있습니다. 전혀 문제가 없었으며 오히려 설치가 잘 되었다고 칭찬을 받았습니다.","wordCount":171},"emotion":[{"text":"제가 창의적으로 문제를 해결했던 가장 큰 경험 중의 하나는 이천 이십 년 이 월   영업부에서 한 대당 이십 억이 넘는 의료 장비를 병원에 두 달 안에 납품해서   완벽하게 설치 가동 검수까지 하는 것으로 계약을 한 적이 있습니다.","expression":"u-fact","category":"neutral"},{"text":"전혀 문제가 없었으며 오히려 설치가 잘 되었다고 칭찬을 받았습니다.","expression":"p-achievement","category":"positive"}],"intent":[{"text":"제가 창의적으로 문제를 해결했던 가장 큰 경험 중의 하나는 이천 이십 년 이 월   영업부에서 한 대당 이십 억이 넘는 의료 장비를 병원에 두 달 안에 납품해서   완벽하게 설치 가동 검수까지 하는 것으로 계약을 한 적이 있습니다.","expression":"c_private","category":"background"},{"text":"제가 거기서 통역 및 모든 총괄 프로젝트를 담당했으며 그 프로젝트를 통하여   일 저 일 점 오 개월 만에 장비 두 개를 완벽하게 설치하고 검수까지 하여 지금은 풀 가동을 하고 있습니다.","expression":"c_private","category":"background"}],"summary":{"text":"이천 년 영업부에서 한 대당 20 억이 넘는 의료 장비를 병원에 두 달 안에 납품해서 완벽하게 설치 가동 검수까지 하는 것으로 계약을 한 적이 있습니다. 그때 제가 창의적인 생각을 했던 것이 영화 마스에서 맷 데이먼이 나사 직원들과 소통을 하면서 장비를 고치고 수리하는 부분이었습니다. 그 때 제가 통역 및 모든 총괄 프로젝트를 담당했으며 지금은 풀 가동을 하고 있다고 생각합니다.","wordCount":58}}},"rawDataInfo":{"question":{"fileFormat":"wav","fileSize":326478,"duration":10200,"samplingBit":16,"channelCount":1,"samplingRate":"16kHz","audioPath":"/Mock/01.Management/Male/Experienced/ckmk_q_bm_m_e_191501.wav"},"answer":{"fileFormat":"wav","fileSize":2839438,"duration":88730,"samplingBit":16,"channelCount":1,"samplingRate":"16kHz","audioPath":"/Mock/01.Management/Male/Experienced/ckmk_a_bm_m_e_191501.wav"}}}