{"version":"1.0","dataSet":{"info":{"date":"20230116","occupation":"BM","channel":"MOCK","place":"ONLINE","gender":"MALE","ageRange":"55-","experience":"EXPERIENCED"},"question":{"raw":{"text":"기업이 자금을 조달하는 직접적인 방법과 간접적인 방법에 대해서 설명해 주세요","wordCount":10},"emotion":[],"intent":[]},"answer":{"raw":{"text":"기업이 자금을 조달하는 직 간접적인 방법을 아시는 만큼 모두 최대한 자세하게 말씀해 주세요. 네 기업이 자금을 조달하는 방법에는 여러 가지가 있습니다. 은행에서 대출을 받을 수 있는 그런 방법이 있고 한계적인 부분이 많이 있습니다. 하지만은 인맥을 통해서 더욱더 어 자금을 많이 얻을 수 있도록 하는 것이 아 직원의 또한 능력이고 회사의 그러한 역량이라고 볼 수가 있습니다. 또한 정부에서 주는 정책 자금을 최대한 활용하는 것이 무엇보다도 중요하다고 생각할 수 있습니다. 정책 자금이 아 많이 열려 있기 때문에 저희가 회사의 그러한 규모와 회사에서 운영하는 아이템이라든가 새로운 개발품 새로운 신제품 그런 부분들을 통해 가지고 우리가 그 기업의 자금을 조달하는 방법을 많이 써야 한다고 생각합니다. 그러면서 어 직원을 채용할 수가 있고 또한 시설을 투자하고 그러한 부분에서도 자금을 조달할 수 있는 방법은 많이 있다고 보여집니다. 그러기 위해서는 우리가 최선을 다하는 방법이 또한 그 회사의 그러한 아이템이라든가 회사가 어떻게 가는 방향이라든가 그런 부분이 더욱더 중요하다고 생각됩니다. 그런 부분에서는 더욱더 노력이 필요하다고 생각을 합니다.","wordCount":146},"emotion":[],"intent":[{"text":"","expression":"","category":"attitude"}],"summary":{"text":"기업이 자금을 조달하는 방법에는 대출, 인맥, 정부의 정책 자금 활용 등이 있습니다. 정책 자금이 많이 열려 있기 때문에 회사의 규모와 회사의 운영 아이템, 신제품 등을 통해 자금 조달 방법을 써야 합니다. 직원 채용, 시설 투자, 자금 조달의 방법은 많다고 보여지며 이를 위해 회사의 방향성 등이 중요하다고 생각됩니다.","wordCount":47}}},"rawDataInfo":{"question":{"fileFormat":"wav","fileSize":301518,"duration":9420,"samplingBit":16,"channelCount":1,"samplingRate":"16kHz","audioPath":"/Mock/01.Management/Male/Experienced/ckmk_q_bm_m_e_145726.wav"},"answer":{"fileFormat":"wav","fileSize":2903758,"duration":90740,"samplingBit":16,"channelCount":1,"samplingRate":"16kHz","audioPath":"/Mock/01.Management/Male/Experienced/ckmk_a_bm_m_e_145726.wav"}}}