{"version":"1.0","dataSet":{"info":{"date":"20230116","occupation":"BM","channel":"MOCK","place":"ONLINE","gender":"MALE","ageRange":"55-","experience":"EXPERIENCED"},"question":{"raw":{"text":"본인 스스로 생각할 때 지원자님께서는 숫자와 창의 중 어떤 것에 더 가깝다고 생각하시나요 이유도 함께 말씀해 주시기 바랍니다","wordCount":18},"emotion":[],"intent":[]},"answer":{"raw":{"text":"지원자님께서는 본인 스스로 숫자와 창의 중 어떤 것에 더 가깝다고 생각하십니까. 이유도 말씀해 주세요. 예 저는 어 숫자와 창의 중에 있어서 어 두 개 다 아 관심이 많습니다. 왜냐하면 제가 공대를 나왔기 때문에 숫자에는 더욱더 관심이 많고 그리고 제가 과학자의 생각도 예전에는 했었습니다. 그렇기 때문에 창조적인 것들 창의적인 것들 이런 거에는 더욱더 관심이 많다고 볼 수 있습니다. 아 숫자를 통하여서 모든 것을 어 합리화할 수가 있고 모든 것을 계획을 하고 그리고 성취를 하고 결과물을 내는 데 있어서는 숫자만 한 그런 것이 없다고 생각을 합니다. 그리고 창의적인 것은 아 제가 그 분야에도 관심이 많습니다. 어떠한 것을 만들고 어떤 것을 그 이렇게 이루어내는 것들 그런 것들은 창의적인 것이 아니겠습니까. 제가 그런 쪽에도 관심이 상당히 많이 있습니다. 그래서 새로운 업체 발굴이라든가 새로운 아이템을 만들어내는 것들 그리고 직원과 아 협력을 통하여서 새로운 아 부서를 아 아 현재의 부서를 참으로 그 어 튼튼한 그런 부서로 만들어가고 성장하는 것에 제가 관심이 많았던 것을 아 생각을 할 수 있습니다. 그런 부분에 대해서 제가 관심이 많습니다. 앞으로 많이 도와주시기 바랍니다","wordCount":162},"emotion":[],"intent":[{"text":"","expression":"","category":"attitude"}],"summary":{"text":"지원자님은 숫자와 창의 중 어떤 것에 더 가깝다고 생각하십니까? 숫자를 통하여 모든 것을 합리화할 수 있고 모든 것을 계획하고 성취를 하고 결과물을 내는 데 숫자만 한 것이 없다고 생각합니다. 그리고 창의적인 것은 새로운 업체를 발굴하고 새로운 아이템을 만들어내는 것 등에 관심이 많습니다. 앞으로 많이 도와주시기 바랍니다.","wordCount":46}}},"rawDataInfo":{"question":{"fileFormat":"wav","fileSize":529358,"duration":16540,"samplingBit":16,"channelCount":1,"samplingRate":"16kHz","audioPath":"/Mock/01.Management/Male/Experienced/ckmk_q_bm_m_e_145728.wav"},"answer":{"fileFormat":"wav","fileSize":2817038,"duration":88030,"samplingBit":16,"channelCount":1,"samplingRate":"16kHz","audioPath":"/Mock/01.Management/Male/Experienced/ckmk_a_bm_m_e_145728.wav"}}}