{"version":"1.0","dataSet":{"info":{"date":"20230116","occupation":"BM","channel":"MOCK","place":"ONLINE","gender":"MALE","ageRange":"55-","experience":"EXPERIENCED"},"question":{"raw":{"text":"만약에 입사하시고 난 이후에 지원자님이 하고 싶은 직무 말고 다른 파트에 다른 직무를 맡게 되시면 어떠실 것 같아요 혹시 그런 상황이 와도 괜찮으실까요","wordCount":23},"emotion":[],"intent":[]},"answer":{"raw":{"text":"우리는 현재 사 차 산업혁명 시대에 가치관의 혼란과 미래가 어떻게 바뀌어갈지 불안한 가운데 지금까지 생각하지 못한 많은 새로운 경험을 하는 중입니다. 기업들의 이러한 시대에 적응하기 위해서 혁신 기업들을 중심으로 새로운 질서를 기업의 가치로 내세우고 있고 특히 젊은 직원들의 이야기에 귀를 기울이고 있다고 들었습니다. 그래서 지금 시대에 회사의 덕목 중 가장 중요한 것이 소통이라 생각합니다. 요즘 고성장 혁신 기업들은 소통을 매우 중시한다고 합니다. 지금은 탈 권위적인 시대이며 수평적인 문화가 중심이 되고 있고 의사 결정도 의견 수렴을 통해 정하는 등 다양한 직원들의 의견을 듣습니다. 소통의 원활한 회사는 근무 분위기 및 직원들의 충성도도 매우 높은 편이라 생각되며 이런 분위기의 회사가 좋은 회사가 아닐까 생각 됩니다.","wordCount":102},"emotion":[],"intent":[{"text":"","expression":"","category":"attitude"}],"summary":{"text":"요즘 고성장 혁신 기업들은 소통을 매우 중시한다고 합니다. 소통의 원활한 회사는 근무 분위기 및 직원들의 충성도도 매우 높은 편이라 생각되며 이런 분위기의 회사가 좋은 회사 아닐까 생각합니다.","wordCount":27}}},"rawDataInfo":{"question":{"fileFormat":"wav","fileSize":522638,"duration":16329,"samplingBit":16,"channelCount":1,"samplingRate":"16kHz","audioPath":"/Mock/01.Management/Male/Experienced/ckmk_q_bm_m_e_233644.wav"},"answer":{"fileFormat":"wav","fileSize":2890958,"duration":90340,"samplingBit":16,"channelCount":1,"samplingRate":"16kHz","audioPath":"/Mock/01.Management/Male/Experienced/ckmk_a_bm_m_e_233644.wav"}}}