{"version":"1.0","dataSet":{"info":{"date":"20230116","occupation":"BM","channel":"MOCK","place":"ONLINE","gender":"MALE","ageRange":"35-44","experience":"EXPERIENCED"},"question":{"raw":{"text":"어 열심히는 하지만 본인이 원하는 만큼 따라오지 못하는 팀 동료들이 있을 수도 있다고 생각을 합니다 어 이럴 때는 어떻게 하실 건지 어 생각해 보시고 말씀해 주세요","wordCount":26},"emotion":[],"intent":[]},"answer":{"raw":{"text":"아 열심히 하는데 자기가 원하는 만큼 또는 팀에서 원하는 만큼 따라오지 못하고 뒤떨어지는 그런 동료는 분명히 있습니다. 누구나 다 훌륭할 수는 없고 누구나 잘 할 수는 없기 때문에 그런 직원이 있는 건 당연한 상황입니다. 이거는 직원들은 많이 피곤 피드백을 해주고 또 많은 도움을 줘야 한다고 생각합니다. 어차피 이렇게 같은 팀이 된 것도 어떻게 인연인 거고 운명인 거고 같은 집단에서 누구를 배척한다는 거는 안 된다고 생각이 있기 때문에 어떻게해서든 끌고 가야 할 것 같습니다. 같이 한 배를 탄 입장에서 그런 직원 하나하나도 다 소중하게 여긴다면은 그 팀이 더욱더 큰 협동심을 만들 수 있고 그렇게 도움을 많이 받은 직원 같은 경우가 이제 나중에 중요한 순간 때 뭐 회사에 위기가 있다든지 이러한 중요한 순간 때 큰 도움이 될 수 있고 또 그런 직원이 발전했을 때 또 다른 따라오지 못하는 동료들을 챙겨주게끔 되어 있기 때문에 그러한 선순환을 만들어야 회사가 더욱더 크게 되고 발전할 수 있을 거라 생각하고 있습니다. 그로 인해서 저는 이끌고 가야 한다고 답변 드리고 싶습니다. 이상입니다.","wordCount":154},"emotion":[],"intent":[{"text":"어차피 이렇게 같은 팀이 된 것도 어떻게 인연인 거고 운명인 거고   같은 집단에서 누구를 배척한다는 거는 안 된다고 생각이 있기 때문에 어떻게해서든 끌고 가야 할 것 같습니다.","expression":"c_cop","category":"personality"},{"text":"같이 한 배를 탄 입장에서   그런 직원 하나하나도 다 소중하게 여긴다면은 그 팀이 더욱더 큰 협동심을 만들 수 있고 그렇게 도움을 많이 받은   직원 같은 경우가 이제 나중에 중요한 순간 때 뭐 회사에 위기가 있다든지 이러한 중요한 순간 때 큰 도움이 될 수 있고 또 그런 직원이 발전했을 때 또 다른   따라오지 못하는 동료들을 챙겨주게끔 되어 있기 때문에 그러한 선순환을 만들어야 회사가 더욱더 크게 되고 발전할 수 있을 거라 생각하고 있습니다.","expression":"c_cop","category":"personality"}],"summary":{"text":"직원들은 열심히 하는데 자기가 원하는 만큼 또는 팀의 원하는 만큼 따라오지 못하고 뒤떨어지는 동료는 분명히 있습니다. 직원들은 많이 피곤 피드백을 해주고 많은 도움을 줘야 합니다. 같이 한 배를 탄 입장에서 직원 하나하나를 다 소중하게 여긴다면 그 팀이 더욱더 큰 협동심을 만들 수 있고 그러한 선순환을 만들어야 회사가 더욱 크게 되고 발전할 수 있을 거라고 생각합니다.","wordCount":55}}},"rawDataInfo":{"question":{"fileFormat":"wav","fileSize":627278,"duration":19600,"samplingBit":16,"channelCount":1,"samplingRate":"16kHz","audioPath":"/Mock/01.Management/Male/Experienced/ckmk_q_bm_m_e_146722.wav"},"answer":{"fileFormat":"wav","fileSize":2657998,"duration":83060,"samplingBit":16,"channelCount":1,"samplingRate":"16kHz","audioPath":"/Mock/01.Management/Male/Experienced/ckmk_a_bm_m_e_146722.wav"}}}