{"version":"1.0","dataSet":{"info":{"date":"20230116","occupation":"BM","channel":"MOCK","place":"ONLINE","gender":"MALE","ageRange":"35-44","experience":"EXPERIENCED"},"question":{"raw":{"text":"만약 지원자님께서 해외에 파견 근무를 나갈 기회가 생겼다고 했을 때 어떤 나라에서 일하고 싶으신지 이유와 함께 말씀 부탁드리겠습니다","wordCount":18},"emotion":[],"intent":[]},"answer":{"raw":{"text":"유럽 국가로 근무 파견을 가고 싶습니다. 주변에 유럽 국가에서 주재원으로 근무한 분의 이야기를 들으면 실제로 벨기에 이탈리아 독일 덴마크 이런 곳에 가서 최첨단 장비도 많이 배우고 그들과의 기술 협업을 통해서 새로운 문화를 많이 익히고 온다고 들었습니다. 특히나 주재원으로 가면 많은 문화를 경험할 수 있고 또 높은 연봉을 받을 수도 있으며 새로운 경험을 통해서 지식이나 인식 경험의 확장을 이룰 수 있다고 생각합니다. 특히 독일 같은 경우는 자동차 선박 또는 모든 최첨단 의료기기 등을 포함해서 증기 터빈까지 전세계 탑 클래스입니다. 그런 탑 클래스의 엔지니어들 개발자들과 협업을 하면서 이들은 어떻게 나라를 위해서 일을 하고 있고 조직을 위해서 일을 하고 있는지 그런 시스템도 배워보고 싶습니다. 제가 지금까지 써봤던 장비들 중에 유럽 장비를 특히나 독일 장비 같은 경우는 어디 하나 내놓아도 빠지지 않을 만큼의 기술력과 내구성과 품질 관리가 되어 있습니다. 이런 부분은 대한민국의 중소기업이나 대기업에서 쉽게 배울 수 없는 시스템이므로 외국을 나가서 직접 몸소 겪어보고 싶습니다.","wordCount":141},"emotion":[{"text":"그런 탑 클래스의 엔지니어들 개발자들과 협업을 하면서 이들은 어떻게 나라를 위해서 일을 하고 있고   조직을 위해서 일을 하고 있는지 그런 시스템도 배워보고 싶습니다.","expression":"p-interest","category":"positive"},{"text":"이런 부분은 대한민국의 중소기업이나 대기업에서 쉽게 배울 수 없는 시스템이므로 외국을 나가서 직접 몸소 겪어보고 싶습니다.","expression":"p-interest","category":"positive"}],"intent":[{"text":"","expression":"","category":"attitude"}],"summary":{"text":"유럽 국가에 근무 파견을 가보고 싶습니다. 특히 주재원으로 가면 많은 문화를 경험하고 높은 연봉을 받을 수도 있으며 새로운 경험을 통해서 지식이나 인식 경험의 확장을 이룰 수 있다고 생각합니다. 특히 독일 장비는 기술력과 내구성과 품질 관리가 되어 있습니다. 이런 부분은 대한민국의 중소기업이나 대기업에서 쉽게 배울 수 없는 시스템입니다.","wordCount":47}}},"rawDataInfo":{"question":{"fileFormat":"wav","fileSize":385678,"duration":12050,"samplingBit":16,"channelCount":1,"samplingRate":"16kHz","audioPath":"/Mock/01.Management/Male/Experienced/ckmk_q_bm_m_e_160213.wav"},"answer":{"fileFormat":"wav","fileSize":2409038,"duration":75280,"samplingBit":16,"channelCount":1,"samplingRate":"16kHz","audioPath":"/Mock/01.Management/Male/Experienced/ckmk_a_bm_m_e_160213.wav"}}}