{"version":"1.0","dataSet":{"info":{"date":"20230116","occupation":"BM","channel":"MOCK","place":"ONLINE","gender":"MALE","ageRange":"35-44","experience":"EXPERIENCED"},"question":{"raw":{"text":"글로벌 인재에게 필수 요소는 무엇이라고 생각하시나요 또한 지원자님은 그것을 갖추기 위해서 어떤 노력들을 해 오셨는지 말씀해 주세요","wordCount":17},"emotion":[],"intent":[]},"answer":{"raw":{"text":"제가 생각하는 글로벌 인재의 필수적인 요소는 바로 이 사교성이라고 할 수 있습니다. 어 우리가 지금까지 많은 어 저는 지금까지 많은 사람들과 어울리면서 일을 했는데 하였는데요. 어 어떤 사람은 굉장히 능력도 출중하고 사교적인 사람이 있었고 어떤 사람은 능력이 그 사람보다 더 출중했지만 사교성이 쪼끔 부족했던 사람 지습니다. 아 물론 그 둘과 어 둘과 업무를 함에있어 불편한 점은 없었습니다. 왜냐하면 그 둘 모두 업무 능력이 뛰어났기 때문이죠. 하지만 어 어떤 사람과 더 업무를 하고 싶냐면은 사교성이 깊은 사교성이 많은 사람과 대부분 사람들이 사교성이 많은 사람과 업무를 하고 싶다고 할 수 있습니다. 그것은 사교성이 많은 사 많은 것은 팀에 큰 음 장점이 됩니다. 그것은 팀원을 결속시켜 시키는 능력이 될 뿐더러 어 사람에게 어 특히 이제 고객사나 아니면은 발주처에 쪼끔 더 가까이 갈 수 있게 하는 능력이 되기 때문에 그것이 굉장히 중요하다고 할 수 있고 저는 이 사교성을 기르기 위해서 어 일상적인 뭐 뉴스나 이야깃거리 이런 것들에 대해서 많이 평소에 많이 익혀도 어 우리가 어 업무 외 시간에도 그런 것을 업무 관계자와 이야기함으로써 좀 더 업무 관계자와 가까이 갈 수 있게 노력을 하였습니다.","wordCount":169},"emotion":[],"intent":[{"text":"","expression":"","category":"attitude"}],"summary":{"text":"글로벌 인재의 필수적인 요구는 사교성이라고 할 수 있습니다. 저는 지금까지 많은 사람들과 어 어울리면서 일을 했는데, 능력이 출중하고 사교적인 사람이 있었고 사교성이 조금 부족했던 사람이 지었습니다. 하지만 어떤 사람과 업무를 하고 싶냐는 질문에 사교심이 많은 사람과 업무를 하는 것이 팀원을 결속시키고 어 발주처에 가까이 갈 수 있게 하는 능력이 되기 때문에 굉장히 중요하다고 할 수 있고 업무 외 시간에도 업무 관계자와 이야기함으로써 가까이 갈","wordCount":64}}},"rawDataInfo":{"question":{"fileFormat":"wav","fileSize":590158,"duration":18440,"samplingBit":16,"channelCount":1,"samplingRate":"16kHz","audioPath":"/Mock/01.Management/Male/Experienced/ckmk_q_bm_m_e_246867.wav"},"answer":{"fileFormat":"wav","fileSize":3459918,"duration":108120,"samplingBit":16,"channelCount":1,"samplingRate":"16kHz","audioPath":"/Mock/01.Management/Male/Experienced/ckmk_a_bm_m_e_246867.wav"}}}