{"version":"1.0","dataSet":{"info":{"date":"20230116","occupation":"BM","channel":"MOCK","place":"ONLINE","gender":"MALE","ageRange":"55-","experience":"EXPERIENCED"},"question":{"raw":{"text":"지원자님께서는 개인적으로 공부를 어떻게 하시는지 말씀해 주세요 강의나 책을 활용한 공부를 말씀해 주셔도 좋습니다","wordCount":14},"emotion":[],"intent":[]},"answer":{"raw":{"text":"개인적으로 공부를 어떻게 하시는지 말씀해 주세요. 강의나 책을 활용한 공부를 말씀해 주셔도 좋습니다. 개인적으로 공부는 제가 책을 많이 보면서 하고 있고 컴퓨터를 통해서 공부를 하고 있습니다. 또한 요즘에는 에스엔에스 라든가 유투브를 통하여서 공부를 많이 하고 있고 제가 모르는 부분으로서는 상당히 많이 보충을 하고 있습니다. 제가 알고 있는 네트워크 개인적인 네트워크가 상당히 어떻게 보면 좋다고 생각합니다. 전문적인 지식을 가지고 있는 사람들도 많이 있기 때문에 그분들과 또한 서로 교제하면서 좋은 정보를 얻기도 합니다. 무엇보다도 강의 같은 경우는 시간이 많이 없기 때문에 책을 통하여서 정보 공부를 많이 하고 있다고 생각을 합니다.","wordCount":88},"emotion":[],"intent":[{"text":"","expression":"","category":"attitude"}],"summary":{"text":"개인적인 공부는 책을 많이 보면서 하고 있고 컴퓨터를 통해서 공부하고 있고 인터넷으로 많이 보충을 하고 있습니다. 전문적인 지식을 가지고 있는 사람들도 많이 있기 때문에 서로 교제하면서 좋은 정보를 얻기도 합니다.","wordCount":30}}},"rawDataInfo":{"question":{"fileFormat":"wav","fileSize":523278,"duration":16350,"samplingBit":16,"channelCount":1,"samplingRate":"16kHz","audioPath":"/Mock/01.Management/Male/Experienced/ckmk_q_bm_m_e_137537.wav"},"answer":{"fileFormat":"wav","fileSize":2209998,"duration":69060,"samplingBit":16,"channelCount":1,"samplingRate":"16kHz","audioPath":"/Mock/01.Management/Male/Experienced/ckmk_a_bm_m_e_137537.wav"}}}