{"version":"1.0","dataSet":{"info":{"date":"20230116","occupation":"BM","channel":"MOCK","place":"ONLINE","gender":"MALE","ageRange":"35-44","experience":"EXPERIENCED"},"question":{"raw":{"text":"일을 하다가 영어로 서류를 작성해야 할 일이 생길 수도 있습니다 혹시 영어로 서류를 작성할 수 있나요","wordCount":16},"emotion":[],"intent":[]},"answer":{"raw":{"text":"저는 서른 살부터 꾸준하게 영어 공부를 하여 지금은 영어 수준이 거의 플루언트 수준입니다. 영어 회화 미팅 컨퍼런스 영어 기술 교육 다큐멘트 작업 또는 통번역 작업에 능통하여 영어 업무를 하는 것은 전혀 문제가 되지 않습니다. 영어를 통해서 제 스스로 이 회사를 지원할 수 있는 기반을 마련했기 때문에 회사에서 영어 관련된 업무가 필요하시다고 하면 언제든지 저한테 요청을 주실 수 있으며 대신 추후에 영어 관련된 업무에 특화된 포지션에 저를 추천해 주시길 간곡하게 부탁드립니다. 해외 출장 또는 해외 통역 해외 문서 해외 품질관리 관련된 업무에 특화되어 있으며 추후에도 영어 관련된 업무를 통해서 제 스스로의 커리어를 발전하여 조직에 도움이 되고자 합니다.","wordCount":96},"emotion":[{"text":"저는 서른 살부터 꾸준하게 영어 공부를 하여 지금은 영어 수준이 거의 플루언트 수준입니다.","expression":"u-fact","category":"neutral"}],"intent":[{"text":"","expression":"","category":"attitude"}],"summary":{"text":"저는 영어 수준이 플루언트 수준입니다. 회사를 지원할 수 있는 기반을 마련했기 때문에 회사에서 영어 관련 업무가 필요하시면 언제든지 요청 가능합니다. 추후에도 영어 관련 업무를 통해서 커리어를 발전하여 조직에 도움이 되고자 합니다.","wordCount":31}}},"rawDataInfo":{"question":{"fileFormat":"wav","fileSize":261198,"duration":8160,"samplingBit":16,"channelCount":1,"samplingRate":"16kHz","audioPath":"/Mock/01.Management/Male/Experienced/ckmk_q_bm_m_e_172351.wav"},"answer":{"fileFormat":"wav","fileSize":1800398,"duration":56260,"samplingBit":16,"channelCount":1,"samplingRate":"16kHz","audioPath":"/Mock/01.Management/Male/Experienced/ckmk_a_bm_m_e_172351.wav"}}}