{"version":"1.0","dataSet":{"info":{"date":"20230116","occupation":"BM","channel":"MOCK","place":"ONLINE","gender":"MALE","ageRange":"35-44","experience":"EXPERIENCED"},"question":{"raw":{"text":"지원자님께서 가지고 있는 상위 일 퍼센트의 능력이 있다면 그 능력은 무엇인지 또 어떻게 그것을 활용했었는지 자세하게 말씀해 주세요","wordCount":18},"emotion":[],"intent":[]},"answer":{"raw":{"text":"어 제가 가지고 있는 상위 일 퍼센트의 능력이 있다면 일단 이 다른 지원자들에 비해서 많은 경험과 노하우를 갖고 있는 그러한 것들이 어 저의 능력이 될 수 있을 것 같습니다. 이런 실무 경험이 많이 있다 보니까 어떤 위기 상황이나 우발 상황에 대해서 대처 능력을 갖고 있는 것 같고 이런 것들은 뭐 스펙이 좋거나 머리가 좋다고 해서 가질 수 있는 능력이 아니라고 생각합니다. 이거는 몸으로 부딪쳐 봐야 하고 몸으로 겪어봐야 하고 자기가 생각해 내서 해 했어야만 그게 인제 경험이 되고 자기만의 노하우가 될 수 있기 때문에 그런 부분이 저한테 인제 장점이자 무기가 될 수 있을 것 같고 그거를 최대한 어 영향력 있게 살려 가지고 어 더욱더 발전시킨다면 그리고 거기서 추가적으로 개인적인 뭐 업무 지식이라든지 이런 능력들을 더욱더 보완한다면 어 완벽한 집 저만의 무기가 될 수 있을 것 같습니다 .이상입니다.","wordCount":127},"emotion":[],"intent":[{"text":"","expression":"","category":"attitude"}],"summary":{"text":"제가 가지고 있는 상위 일 퍼센트의 능력이 있다면 다른 지원자들에 비해서 많은 경험과 노하우를 갖고 있는 것들이 저한테 장점이자 무기가 될 수 있을 것 같습니다. 이것을 최대한 영향력 있게 살려 가지고 추가적인 능력들을 더욱더 보완한다면 완벽한 저만의 무기를 가질 수 있을 것입니다.","wordCount":42}}},"rawDataInfo":{"question":{"fileFormat":"wav","fileSize":602958,"duration":18840,"samplingBit":16,"channelCount":1,"samplingRate":"16kHz","audioPath":"/Mock/01.Management/Male/Experienced/ckmk_q_bm_m_e_217252.wav"},"answer":{"fileFormat":"wav","fileSize":2188878,"duration":68400,"samplingBit":16,"channelCount":1,"samplingRate":"16kHz","audioPath":"/Mock/01.Management/Male/Experienced/ckmk_a_bm_m_e_217252.wav"}}}