{"version":"1.0","dataSet":{"info":{"date":"20230116","occupation":"BM","channel":"MOCK","place":"ONLINE","gender":"MALE","ageRange":"35-44","experience":"EXPERIENCED"},"question":{"raw":{"text":"인사 그룹에서 일하게 된다면 일원으로서 갖춰야 할 많은 덕목들 중에 가장 중요한 것은 무엇이라고 생각합니까","wordCount":15},"emotion":[],"intent":[]},"answer":{"raw":{"text":"어 인사팀에 제가 이제 부서에 들어가게 되면 일원으로서 제가 갖춰야 할 것이 무엇인가를 생각해 보았습니다. 그 부분에 대해서 답변 드리겠습니다, 아 인사는 제가 생각했을 때는 회사 내부에서 이루어지는 서비스라고 생각합니다, 이런 서비스가 갖춰져야 어 인사팀이 될 것 같고 인사는 이 즉각적으로 뭐 직원들의 휴가나 복지 뭐 월급 뭐 이런 것들을 다 관리가 돼야 하는데 그런 부분에 있어서는 항상 직원들의 복지가 무엇이 우선일지 무엇을 더 챙겨낼 수 있을지 그런 부분들로 해서 어 서비스 정신을 갖고 있을 있다 보면은 직원들에게 그런 어 혜택들을 돌려줄 수 있지 않을까 싶습니다. 또한 인제 인재개발이라든지 어 인력 확보 등 이런 부분들이 있을 것인데 그런 부분들에 의해면은 인사팀이 어 회사에 있어서 중요한 자리를 차지하고 있지 않나 싶습니다. 그리고 또 생각보다 인사 쪽에 업무도 또 양도 많기 때문에 그런 부분에서는 항상 자부심을 갖고 인사팀이 된다면은 그 부분에 대한 자부심을 갖고 업무를 진행해야 할 것 같습니다. 이상입니다.","wordCount":138},"emotion":[],"intent":[{"text":"","expression":"","category":"attitude"}],"summary":{"text":"인사는 회사 내부에서 이루어지는 서비스라고 생각합니다. 그런 서비스가 갖춰져야 인사팀이 될 것 같고 그런 부분에 있어서는 항상 직원들의 복지가 우선일지 무엇을 더 챙겨낼 수 있을지 그런 부분들로 해서 서비스 정신을 갖고 있으면 직원들에게 혜택들을 돌려줄 수 있지 않을까 싶습니다.","wordCount":39}}},"rawDataInfo":{"question":{"fileFormat":"wav","fileSize":404558,"duration":12640,"samplingBit":16,"channelCount":1,"samplingRate":"16kHz","audioPath":"/Mock/01.Management/Male/Experienced/ckmk_q_bm_m_e_216837.wav"},"answer":{"fileFormat":"wav","fileSize":2632398,"duration":82260,"samplingBit":16,"channelCount":1,"samplingRate":"16kHz","audioPath":"/Mock/01.Management/Male/Experienced/ckmk_a_bm_m_e_216837.wav"}}}