{"version":"1.0","dataSet":{"info":{"date":"20230116","occupation":"BM","channel":"MOCK","place":"ONLINE","gender":"MALE","ageRange":"35-44","experience":"EXPERIENCED"},"question":{"raw":{"text":"살면서 가장 힘들었던 경험이 있습니까 또 그 점을 극복하기 위해 어떤 노력을 해 왔었는지 궁금합니다","wordCount":15},"emotion":[],"intent":[]},"answer":{"raw":{"text":"살면서 가장 힘들었던 것은 바로 가난이었습니다. 가난이 창문으로 들어오면 대문으로 사랑이 나간다 라는 속담이 있듯이 가난은 나랏님도 구제를 못한다고 합니다. 즉 학생 때 돈이 너무 없어서 친구들과 어울릴 수 없었고 그 변변한 학원 한 번 가지 못하고 자습사를 살 돈이 없어서 맨날 남들 자습서 빌리거나 아니면 교과서에 있는 내용만으로 공부를 하다 보면 분명히 학습 효과도 떨어지고 친구들과 어울리기도 쉽지 않습니다. 저 때 당시에는 분식점이 유행하여 친구들과 방과 후에 분식점 및 아이스크림을 먹는 게 하나의 문화였는데 학교 다닐 돈도 없고 공책 살 돈도 없는 저에게 분식점은 그냥 꿈만 같았습니다. 그 가난을 극복하기 위해서 저는 고등학교 때부터 주말에 막노동 및 많은 이삿짐 업무 같은 거를 했습니다. 그렇게 고등학교를 졸업하고 대학교도 갈 수 없는 상황이었지만 그래도 대학이라는 문턱을 밟아보고 싶어서 학자금 대출을 통해서 대학교를 다니고 그 대학교 내내 아르바이트 이삿짐 물류센터 주말에 막노동 건설 현장을 전전하면서 그렇게 사 년을 미친 듯이 버텼습니다. 그렇게 노력을 하고 났더니 남들보다 웬만한 고통은 느끼지 못할 뿐 아니라 고통을 이겨내는 법도 터득하게 되었습니다.","wordCount":155},"emotion":[],"intent":[{"text":"그렇게 고등학교를 졸업하고 대학교도 갈 수 없는 상황이었지만 그래도 대학이라는 문턱을 밟아보고 싶어서 학자금 대출을 통해서 대학교를 다니고 그 대학교 내내 아르바이트   이삿짐 물류센터 주말에 막노동 건설 현장을 전전하면서 그렇게 사 년을 미친 듯이 버텼습니다.","expression":"c_private","category":"background"}],"summary":{"text":"가난은 나랏님도 구제하지 못한다고 합니다. 저 당시에는 분식점이 유행하여 친구들과 방과 후에 분식점 및 아이스크림을 먹는 게 하나의 문화였는데 그것을 극복하기 위해서 저는 주말에 막노동 및 많은 이삿짐 업무를 했습니다. 그렇게 노력을 하고 났더니 남들보다 웬만한 고통은 느끼지 못할 뿐 아니라 고통을 이겨내는 법도 터득하게 되었습니다.","wordCount":46}}},"rawDataInfo":{"question":{"fileFormat":"wav","fileSize":339278,"duration":10600,"samplingBit":16,"channelCount":1,"samplingRate":"16kHz","audioPath":"/Mock/01.Management/Male/Experienced/ckmk_q_bm_m_e_166188.wav"},"answer":{"fileFormat":"wav","fileSize":2723278,"duration":85100,"samplingBit":16,"channelCount":1,"samplingRate":"16kHz","audioPath":"/Mock/01.Management/Male/Experienced/ckmk_a_bm_m_e_166188.wav"}}}