{"version":"1.0","dataSet":{"info":{"date":"20230116","occupation":"BM","channel":"MOCK","place":"ONLINE","gender":"MALE","ageRange":"35-44","experience":"EXPERIENCED"},"question":{"raw":{"text":"혹시 본인은 대차대조표가 어떤 건지 알고 계신가요","wordCount":7},"emotion":[],"intent":[]},"answer":{"raw":{"text":"네 경영 사무 관련 일을 하다 보면 대차 대조표를 다룰 일이 많습니다. 어 대차 대조표가 무엇인지에 대해서 답변드리겠습니다. 어 어떤 회사나 기업이나 어느 기관이든 어 이런 경영이나 사고 같은 거에 파트에서 보면은 대차 대차대조표에 대한 얘기가 많습니다. 대차 대조표는 일단 그 기업이 갖고 있는 자산이 총 재산이 얼마이고 부채가 얼마인데 그거에 대한 차입금이 얼마인지가 나오지 않겠습니까. 그런 거에 대한 어 과정을 얘기해 주는 건데 어 일단 회사의 순수익이 일 일 단위 월간 단위 어 분기 단위 이렇게 반기 연간까지 해서 이렇게 순이익이 나오게 되는데 근데 또 그런 과정에 이제 부채가 늘어날 수도 있고 부채가 또 줄어들 수도 있고 그렇게 해서 회사의 자산이 총 얼마이고 얼마씩 늘어나고 있고 뭐 줄어든다는 언제고 이런 위기감이나 뭐 이렇게 했을 때 리스터로에서 표로 나타냈을 때가 대차 대조표가 될 것 같습니다. 대차 대조표의 관리는 이 경영 사무 파트에서 어 맡아서 어 리서치 하고 있습니다. 이상입니다.","wordCount":139},"emotion":[],"intent":[{"text":"","expression":"","category":"attitude"}],"summary":{"text":"경영 사무 관련 일을 하다 보면 대차대조표를 다룰 일이 많은데, 대차 대조표는 기업이 갖고 있는 자산과 부채, 차입금의 액수가 나오는데, 그 과정에서 부채나 부채의 증가 혹은 감소, 이런 위기감이나 위기감을 리스터로에서 나타냈을 때가대차 대조표의 시점입니다.","wordCount":35}}},"rawDataInfo":{"question":{"fileFormat":"wav","fileSize":246158,"duration":7690,"samplingBit":16,"channelCount":1,"samplingRate":"16kHz","audioPath":"/Mock/01.Management/Male/Experienced/ckmk_q_bm_m_e_236643.wav"},"answer":{"fileFormat":"wav","fileSize":2779598,"duration":86860,"samplingBit":16,"channelCount":1,"samplingRate":"16kHz","audioPath":"/Mock/01.Management/Male/Experienced/ckmk_a_bm_m_e_236643.wav"}}}