{"version":"1.0","dataSet":{"info":{"date":"20230116","occupation":"BM","channel":"MOCK","place":"ONLINE","gender":"MALE","ageRange":"35-44","experience":"EXPERIENCED"},"question":{"raw":{"text":"만약 지원자분께서 이 면접에서 최종 탈락하신다면 어떤 점이 부족해서 탈락했다고 생각을 하실 것 같으신지 말씀해 주시기 바랍니다","wordCount":17},"emotion":[],"intent":[]},"answer":{"raw":{"text":"네 만약에 제가 이 면접에서 최종 탈락한다면은 어 가장 큰 이유는 무엇일까 한번 생각해보고 그 부분에 대해서 답변 드리겠습니다. 어 일단 제가 이렇게 면접을 했을 때 인제 주로 경력이나 이런 노하우 이런 위주로 돼서 어필을 많이 했는데 어 이런 경력과 노하우보다는 학벌이나 스펙에서 제가 뭐 다른 지원자들에 비해서 많이 부족해서 떨어질 수도 있다고 생각하고 있습니다. 네 저는 여기서 다시 한번 어필을 해 보겠습니다. 과연 실무 능력이나 어 일을 잘하는 사람이 필요한 것인지 아니면 정말 똑똑하고 미래적으로 어 많은 발전이 있을 것 같은 회사에 도움이 될 것 같은 사람을 원하는지 그 두 가지를 잘 생각해 보시면은 우리 회사에 필요한 인재가 도대체 어떤 케이스가가 나올 것 같습니다. 네 제가 그렇게 어필을 했는데도 어 미래적인 가치만을 판단하신다고 하면은 어 제가 탈락해도 그런 부분들을 더욱더 보완해서 어 진행을 해야 할 것 같습니다. 뭐 떨어진다면 어 제가 부족한 부분에 대해서 스펙이나 이런 부분에 대해서 좀 더 보완해서 다시 한 번 도전을 할수 있도록 하겠습니다. 네 이상입니다.","wordCount":151},"emotion":[],"intent":[{"text":"","expression":"","category":"attitude"}],"summary":{"text":"면접에서 최종 탈락한 이유에 대해 답변 드리겠습니다. 제가 면접을 했을 때 주로 경력이나 노하우 등으로 어필을 많이 했는데 학벌이나 스펙에서 많이 부족해서 떨어질 수도 있다고 생각합니다. 제가 어필을 했는데도 미래적인 가치만을 판단한다면 탈락해도 보완해서 진행을 해야 할 것 같습니다. 네 이상입니다.","wordCount":41}}},"rawDataInfo":{"question":{"fileFormat":"wav","fileSize":500558,"duration":15640,"samplingBit":16,"channelCount":1,"samplingRate":"16kHz","audioPath":"/Mock/01.Management/Male/Experienced/ckmk_q_bm_m_e_236646.wav"},"answer":{"fileFormat":"wav","fileSize":2671758,"duration":83490,"samplingBit":16,"channelCount":1,"samplingRate":"16kHz","audioPath":"/Mock/01.Management/Male/Experienced/ckmk_a_bm_m_e_236646.wav"}}}