{"version":"1.0","dataSet":{"info":{"date":"20230116","occupation":"BM","channel":"MOCK","place":"ONLINE","gender":"MALE","ageRange":"35-44","experience":"EXPERIENCED"},"question":{"raw":{"text":"어 협업을 할 일이 많이 있을 텐데요. 협업을 할 때 가장 중요하게 생각하시는 게 무엇인지 또 왜 그것을 중요하게 생각하는지 그 이유도 함께 말씀해 주시기 바랍니다","wordCount":26},"emotion":[],"intent":[]},"answer":{"raw":{"text":"협업 시 가장 중요한 것은 바로 부서 간에 갈등을 줄이고 이기심을 줄이는 것입니다. 협업을 하다 보면 각자 자기가 맡은 업무 그리고 교집합의 업무들이 상당히 많은데 부서 이기주의 및 갈등은 대부분 교집합이 뭉친 곳에서 서로 내 일이 아니다 니 일이 아니다 라고 떠넘기기 식에 의해서 문제가 발생을 합니다. 그러면 이 공유화된 교집합의 문제들을 해결하려면 서로의 이해심이 먼저 구축이 돼야 됩니다. 나에게 연결된 업무 너에게 연결된 업무 이것이 모두의 업무라고 인식을 하고 이 프로젝트를 각각 부서에 할당될 것이 아니라 이 프로젝트 하나가 여러분의 하나의 성과이고 성과를 달성했을 때 여러분에게 적절한 보상이 이뤄질 것입니다 라고 얘기를 하면 사람들은 아 이게 우리 부서만의 업무가 아니고 다 같은 업무구나. 그러니까 어떻게든 함께 해서 이것을 해결해 나가야겠구나 라는 공동체 의식이 생깁니다. 그런데 너희는 너희 업무 우리는 우리 업무만 잘하면 돼 라는 이야기를 먼저 처음부터 하면 사람들은 부서 이기주의가 발동해서 내 일만 잘하면 모든 것이 끝난다 라고 생각을 하고 굳이 보상안을 마련해 주지 않으면 어차피 이 일을 안 해도 나는 똑같은 월급을 받는데 뭐하러 이 일을 더 해 라는 생각을 하기 때문에 반드시 보상안과 공동체 의식을 심어 줘야 된다고 생각합니다.","wordCount":173},"emotion":[],"intent":[{"text":"","expression":"","category":"attitude"}],"summary":{"text":"협업 시 가장 중요한 것은 부서 간의 갈등을 줄이고 이기심을 줄이는 것입니다. 협업 시 공유화된 교집합의 문제들을 해결하려면 서로의 이해심이 먼저 구축이 되어야 합니다. 프로젝트 하나가 하나의 성과이고 성과를 달성했을 때 적절한 보상이 이뤄질 것이라고 이야기하면 공동체 의식이 생깁니다. 꼭 보상안과 공동체 의식을 심어 줘야 한다고 생각합니다.","wordCount":47}}},"rawDataInfo":{"question":{"fileFormat":"wav","fileSize":425678,"duration":13300,"samplingBit":16,"channelCount":1,"samplingRate":"16kHz","audioPath":"/Mock/01.Management/Male/Experienced/ckmk_q_bm_m_e_167236.wav"},"answer":{"fileFormat":"wav","fileSize":2766798,"duration":86460,"samplingBit":16,"channelCount":1,"samplingRate":"16kHz","audioPath":"/Mock/01.Management/Male/Experienced/ckmk_a_bm_m_e_167236.wav"}}}