{"version":"1.0","dataSet":{"info":{"date":"20230116","occupation":"BM","channel":"MOCK","place":"ONLINE","gender":"MALE","ageRange":"35-44","experience":"EXPERIENCED"},"question":{"raw":{"text":"어 배달의민족 어플을 사용하시면서 서비스에서 아쉬웠던 부분이 있으실까요 있었다면 어떤 것이 있었는지 말씀해 주세요","wordCount":14},"emotion":[],"intent":[]},"answer":{"raw":{"text":"네 배달의 민족 어플 즉 우아한 형제들이라는 회사에서 만든 어플이 될 것 같은데 어 처음에는 이런 배달의 문화가 갖춰지지 않다 보니 어 처음에는 분명히 이게 커지는 회사가 아닐 것 같았었습니다. 근데 이제 좀 기가 막히게 또 코로나라는 시대를 맞이하면서 이런 배달의 민족이나 뭐 쿠팡 여기요 등 여러 가지 배달 문화가 생기면서 거기서 가장 큰 점유율을 갖고 있는 게 배달에 민족인 것 같습니다. 근데 이제 아쉬웠던 부분이라고 하자면 여러 가지 운도 따르고 그 상황에 맞춰져서 회사가 많이 발전을 했는데 이제 지금은 고객들이나 뭐 업주들 뭐 이런 데다가 인제 자기네들의 성과에 의해서 좀 베풀 수 있는 그런 자세로 접근을 하면 좋을 것 같은데 오히려 더 많은 요금이라든지 뭐 이런 배달비를 깎는다든지 뭐 그런 부분에 대해서 조금은 회사의 욕심이 과하지 않나 그러다보니 지금에 와서 배달의 민족이 좀 하향하지 않을까 그렇게 생각을 해 보았습니다. 네 잘 된다고 해서 그 부분을 유지하기 위해서 또 그만한 서비스가 필요할 것 같습니다. 이상입니다.","wordCount":145},"emotion":[],"intent":[{"text":"","expression":"","category":"attitude"}],"summary":{"text":"배달의 민족은 여러 가지 배달 문화가 생기면서 가장 큰 점유율을 갖게 되었는데, 아쉽게도 고객이나 업주들 이런 데에서 자신들의 성과에 의해서 좀 베풀 수 있는 자세로 접근을 하면 좋겠습니다. 네 잘 된다고 해서 그 부분을 유지하기 위해서 또 그만한 서비스가 필요할 것 같습니다.","wordCount":42}}},"rawDataInfo":{"question":{"fileFormat":"wav","fileSize":275278,"duration":8600,"samplingBit":16,"channelCount":1,"samplingRate":"16kHz","audioPath":"/Mock/01.Management/Male/Experienced/ckmk_q_bm_m_e_184702.wav"},"answer":{"fileFormat":"wav","fileSize":2657358,"duration":83040,"samplingBit":16,"channelCount":1,"samplingRate":"16kHz","audioPath":"/Mock/01.Management/Male/Experienced/ckmk_a_bm_m_e_184702.wav"}}}