{"version":"1.0","dataSet":{"info":{"date":"20230116","occupation":"BM","channel":"MOCK","place":"ONLINE","gender":"MALE","ageRange":"35-44","experience":"EXPERIENCED"},"question":{"raw":{"text":"어 코로나 사태로 인해서 요즘은 물류 전쟁 물류 대란이라고 표현을 하는데 본인이 생각하는 물류의 미래는 어떨 것 같은가요","wordCount":18},"emotion":[],"intent":[]},"answer":{"raw":{"text":"이미 이십 년 전부터 국경 없는 시대가 초월했습니다. 물류 시스템 또한 국경 없는 시대로 이제는 에스씨엠 서플라이 체인 매니지먼트나 로지스틱이 하나의 대세로 자리 잡았습니다. 이번 코로나 때 물류 쪽에 가장 큰 문제가 생겨서 항공 물류나 선정 물류들이 많은 곤란함을 겪었습니다. 이제는 물류가 모든 허브로서 통합이 돼야 돼서 보세 창고 관세 시스템도 역시 많이 발전을 해야 될 것이라고 생각하였습니다.","wordCount":58},"emotion":[],"intent":[{"text":"","expression":"","category":"attitude"}],"summary":{"text":"에스씨엠 서플라이 체인 매니지먼트나 로지스틱이 대세가 되었으며 보세 창고 관세 시스템도 많이 발전을 해야 될 것이라고 생각하였습니다.","wordCount":17}}},"rawDataInfo":{"question":{"fileFormat":"wav","fileSize":419278,"duration":13100,"samplingBit":16,"channelCount":1,"samplingRate":"16kHz","audioPath":"/Mock/01.Management/Male/Experienced/ckmk_q_bm_m_e_163291.wav"},"answer":{"fileFormat":"wav","fileSize":1153998,"duration":36060,"samplingBit":16,"channelCount":1,"samplingRate":"16kHz","audioPath":"/Mock/01.Management/Male/Experienced/ckmk_a_bm_m_e_163291.wav"}}}