{"version":"1.0","dataSet":{"info":{"date":"20230116","occupation":"BM","channel":"MOCK","place":"ONLINE","gender":"MALE","ageRange":"55-","experience":"EXPERIENCED"},"question":{"raw":{"text":"지원자님께서 창의적으로 어떠한 문제를 해결했던 경험이 있다면 그 과정에 대해서 최대한 자세한 설명 부탁드립니다","wordCount":14},"emotion":[],"intent":[]},"answer":{"raw":{"text":"본인이 창의적으로 어떤 문제를 해결한 경험이 있나요. 그 과정을 최대한 자세하게 설명해 주세요. 네 제가 창의적으로 어떤 문제를 해결한 경험들이 많이 있습니다. 어 클레임의 문제 아 있었습니다. 회사의 그런 문제들 속에서 정말로 그 우리한테는 중요한 업체였고 어 클레임을 통하여서 서로 간의 관계가 어 브레이크 될 수 밖에 없는 그런 관계였지만 그거는 어 일부의 그러한 제품의 문제였기 때문에 그 문제를 해결한다면 앞으로의 십 년은 또한 그 거래처와 관계를 유지할 수 있었기 때문입니다. 그런 부분에서 클레임의 액수를 어 최대한을 줄일 수 있는 방법을 저희가 생각을 했습니다. 그 방법은 어 일 년 안에 그 클레임을 해결한다면 우리의 그러한 감가 손실이 너무나 컸기 때문에 그걸 최대한 아 늘려서 삼 년으로 끌어서 클레임을 해결했던 그런 방법이 있었습니다. 그런 방법을 통해서 삼 년 동안 어 클레임을 해결했고 그 기간 안에 또한 새로운 제품들 그리고 문제를 또한 해결을 했고 그리고 또 지금 이 오 년이 지났었을 때까지 거래가 계속 유지하고 있고 좋은 관계를 계속 맺었다는 것이 저희의 특징이라고 볼 수 있습니다.","wordCount":154},"emotion":[],"intent":[{"text":"회사의 그런 문제들 속에서   정말로 그 우리한테는 중요한 업체였고 어 클레임을 통하여서 서로 간의 관계가 어   브레이크 될 수 밖에 없는 그런 관계였지만 그거는 어 일부의 그러한 제품의 문제였기 때문에 그 문제를 해결한다면 앞으로의 십 년은 또한 그 거래처와 관계를 유지할 수 있었기 때문입니다.","expression":"c_adp","category":"personality"},{"text":"그런 부분에서 클레임의 액수를 어 최대한을 줄일 수 있는 방법을 저희가 생각을 했습니다.","expression":"c_adp","category":"personality"},{"text":"그 방법은 어 일 년 안에 그 클레임을 해결한다면 우리의 그러한 감가 손실이 너무나 컸기 때문에 그걸 최대한   아 늘려서 삼 년으로 끌어서 클레임을 해결했던 그런 방법이 있었습니다.","expression":"c_adp","category":"personality"},{"text":"그런 방법을 통해서 삼 년 동안 어 클레임을 해결했고 그 기간 안에 또한 새로운 제품들   그리고 문제를 또한 해결을 했고 그리고 또 지금 이 오 년이 지났었을 때까지 거래가 계속 유지하고 있고 좋은 관계를 계속 맺었다는 것이 저희의   특징이라고 볼 수 있습니다.","expression":"c_adp","category":"personality"}],"summary":{"text":"창의적으로 어떤 문제를 해결한 경험들이 많이 있습니다. 클레임을 통해서 서로 브레이크 될 수 밖에 없는 관계였지만 십 년은 거래처와 관계를 유지할 수 있었기 때문에 클레임의 액수를 최대한 줄였습니다. 그 방법으로 삼 년 동안 해결했고 그 기간 안에 새로운 제품들과 문제를 해결하고 좋은 관계를 계속 맺었습니다.","wordCount":45}}},"rawDataInfo":{"question":{"fileFormat":"wav","fileSize":327758,"duration":10240,"samplingBit":16,"channelCount":1,"samplingRate":"16kHz","audioPath":"/Mock/01.Management/Male/Experienced/ckmk_q_bm_m_e_145732.wav"},"answer":{"fileFormat":"wav","fileSize":2888398,"duration":90260,"samplingBit":16,"channelCount":1,"samplingRate":"16kHz","audioPath":"/Mock/01.Management/Male/Experienced/ckmk_a_bm_m_e_145732.wav"}}}