{"version":"1.0","dataSet":{"info":{"date":"20230116","occupation":"BM","channel":"MOCK","place":"ONLINE","gender":"MALE","ageRange":"55-","experience":"EXPERIENCED"},"question":{"raw":{"text":"어 대학 생활을 보내면서 가장 힘들었던 경험은 어떤 것들이 있으신가요 또 본인이 그것을 어떻게 극복했는지도 함께 설명해 주시기를 바랍니다","wordCount":19},"emotion":[],"intent":[]},"answer":{"raw":{"text":"네 대학 생활을 제가 하면서 어 여러 가지 생각이 드는데요. 우선적으로는 어 전곤 과정에 대한 전공 과목에 대한 어 나의 실력이 제대로 어 쌓아질 수 있도록 어 과목 하나하나에 신경을 쓰면서 공부했던 것 이것이 좀 기억에 남고요. 그리고 내가 과연 이 전공을 잘 선택했는가 또 이 과정을 어 수료했을 때 내가 원하는 직장에 들어갈 수 있을까 마 이러한 부분들이 어 대학 생활에서 어 중요한 고민에 순간이었던 것 같습니다. 그리고 본다면 이제 동아리 활동을 통해서 교우들과의 관계 또 네트웍에 대한 형성 이런 중요한 부분에 대한 것을 알게 되었구요. 결국 사회 생활에 대한 중요한 부분으로 인지가 되었던 것으로 기억을 합니다. 그래서 이러한 모든 부분들이 하나로 합쳐져서 어 나의 인격 형성에 또한 나의 어떤 학업 생활에 중요한 부분으로 어 되었던 것으로 기억을 합니다. 어 여러 가지로 어 생각이 많이 나지만 어 시간 관계상 여기까지만 제가 말씀드리겠습니다. 감사합니다.","wordCount":134},"emotion":[],"intent":[{"text":"","expression":"","category":"attitude"}],"summary":{"text":"대학 생활을 하면서 전공 과목에 신경 쓰며 공부했던 것, 전공을 잘 선택했는가, 원하는 직장에 들어갈 수 있을까, 동아리 활동을 통해 교우들과의 관계와 네트웍에 대한 형성, 사회 생활에 대한 중요한 부분을 알게 되었고 이것이 저의 인격 형성과 학업 생활에 중요한 부분으로 되었습니다.","wordCount":41}}},"rawDataInfo":{"question":{"fileFormat":"wav","fileSize":422478,"duration":13200,"samplingBit":16,"channelCount":1,"samplingRate":"16kHz","audioPath":"/Mock/01.Management/Male/Experienced/ckmk_q_bm_m_e_229443.wav"},"answer":{"fileFormat":"wav","fileSize":2909838,"duration":90930,"samplingBit":16,"channelCount":1,"samplingRate":"16kHz","audioPath":"/Mock/01.Management/Male/Experienced/ckmk_a_bm_m_e_229443.wav"}}}