{"version":"1.0","dataSet":{"info":{"date":"20230116","occupation":"BM","channel":"MOCK","place":"ONLINE","gender":"MALE","ageRange":"35-44","experience":"EXPERIENCED"},"question":{"raw":{"text":"지원자님께서는 과거에 직면한 어려운 문제를 해결하기 위해서 여태껏 어떠한 아이디어를 제시하셨고 또 무엇을 했는지 과정 설명을 부탁드리겠습니다","wordCount":17},"emotion":[],"intent":[]},"answer":{"raw":{"text":"네 과거에 어려운 문제를 해결 해결하기 위해서 아이디어를 냈었고 그 무엇에 대해서 어떻게 진행이 되어야 되는지에 대해서 답변 드리겠습니다. 일단 지금 새앙해보면 과거에 어려운 문제들은 충분히 많았었던 것 같고 그 문제를 해결하기 위해서 여러 가지 아이디어를 냈었는데 제가 느꼈을 때 제일 좋은 방법은 경험자를 찾는 게 제일 빨라 조치였던 것 같습니다. 그 자리에서 이 방법을 찾아내기 위해서 규정을 찾아다 보다든지 어떤 아이디어를 제출해서 조치하는 것보다는 어 경험자 이 뭐 전 후임자 중에서 경험이 있었던 사람들이라든지 직원들이라든지 이게 해봤던 사람들에게 제일 실제적인 조치 방안을 듣고 조치하는게 제일 빨랐던 것 같습니다. 근데 저는 주변 사람들의 경험자들을 수소문 해서 그 경험자들에게 얻어내는 그 소스로 그 내용을 좀 더 보완해서 해결해는 경험이 많았던 것 같습니다. 그래서 저는 다시 한 번 얘기하면은 이런 경험과 노하우를 가진 사람들에게 정보를 얻어서 어 그에 맞는 조치를 취하는 게 가장 좋은 아이디어가 될 것 같습니다. 이상입니다.","wordCount":137},"emotion":[],"intent":[{"text":"일단 지금 새앙해보면 과거에 어려운 문제들은 충분히 많았었던 것 같고 그 문제를 해결하기 위해서 여러 가지 아이디어를 냈었는데 제가 느꼈을 때 제일 좋은 방법은 경험자를 찾는 게 제일 빨라 조치였던 것 같습니다.","expression":"c_adp","category":"personality"},{"text":"그 자리에서 이 방법을 찾아내기 위해서 규정을 찾아다 보다든지 어떤 아이디어를 제출해서 조치하는 것보다는 어 경험자 이 뭐 전 후임자 중에서 경험이 있었던 사람들이라든지 직원들이라든지 이게 해봤던 사람들에게 제일 실제적인 조치 방안을 듣고 조치하는게 제일 빨랐던 것 같습니다.","expression":"c_adp","category":"personality"}],"summary":{"text":"과거의 어려움을 해결하기 위해 아이디어를 냈을 때 제일 빠른 방법은 경험자를 찾는 게 제일 빨라 조치하는 게 빨랐던 것 같습니다. 주변 사람들의 경험자들을 수소문해서 얻은 소스로 내용을 보완해서 해결해 보는 경험이 많았던 것 같은데 이런 경험과 노하우를 가진 사람들에게 정보를 얻어 그에 맞는 조치를 취하는 게 가장 좋은 아이디어가 될 것 같습니다.","wordCount":52}}},"rawDataInfo":{"question":{"fileFormat":"wav","fileSize":512078,"duration":16000,"samplingBit":16,"channelCount":1,"samplingRate":"16kHz","audioPath":"/Mock/01.Management/Male/Experienced/ckmk_q_bm_m_e_217243.wav"},"answer":{"fileFormat":"wav","fileSize":2632398,"duration":82260,"samplingBit":16,"channelCount":1,"samplingRate":"16kHz","audioPath":"/Mock/01.Management/Male/Experienced/ckmk_a_bm_m_e_217243.wav"}}}