{"version":"1.0","dataSet":{"info":{"date":"20230116","occupation":"BM","channel":"MOCK","place":"ONLINE","gender":"MALE","ageRange":"35-44","experience":"EXPERIENCED"},"question":{"raw":{"text":"업무 특성상 협업을 할 일이 많이 생길 수 있는데요 어 협업을 할 때 이전 직장이나 대학에서 어려운 점은 없으셨나요 그리고 어려운 점이 있으셨다면 그것들을 어떻게 극복했는지도 함께 말씀해 주세요","wordCount":29},"emotion":[],"intent":[]},"answer":{"raw":{"text":"네 협업 관련돼서 답변드리겠습니다. 어 어떤 직장이나 뭐 회사 생활이나 뭐 학교생활이나 모든 분야에서 이 협업을 빠뜨릴 수는 없습니다. 결국은 인제 더불어 가는 세상이고 혼자서 할 수 있는 거는 한계치가 있다고 생각합니다. 그런데 이런 협업이 잘 성공적으로 돼야 직장 생활이나 학교생활이나 모든 분야에서 어 빠르게 적용할 수 있는 부분이기 때문에 어 이런 협업을 하는 데 있어서는 제일 중요한 게 인간관계 이렇게 인제 직원들과의 그런 관계가 좀 돈독해져야 이 협업을 신뢰감 있고 정확성 있게 진행이 될 것 같습니다. 그래서 이러한 협업을 하는 데 있어서 어려운 점은 결국은 의사소통이 잘 돼야 할 것이고 그 서로 간의 신뢰 믿음이 있어야 효율적인 그런 협업이 가능할 것 같습니다. 어 협업을 하는 경우에는 인제 경험이 많이 있기 때문에 어 그 상황에 맞춰서 할 수 있는 분야이기 때문에 어 하는데는 뭐 어려운 점은 없을 것 같고 어 인간관계나 뭐 이런 저 그 직원 간의 관계를 돈독하게 한다면 문제가 될 게 없을 것 같습니다. 이상입니다.","wordCount":147},"emotion":[],"intent":[{"text":"","expression":"","category":"attitude"}],"summary":{"text":"협업의 성공은 인간관계가 좋고 직원들과의 관계가 돈독해져야 원활한 협업이 될 것 같습니다. 소통과 신뢰 믿음이 있어야 효율적인 협업이 가능하다고 생각합니다. 협업의 경우에는 경험이 많아 어려운 점은 없을 것 같으며 직원 간의 관계를 돈독하게 한다면 문제될 것이 없다고 생각됩니다.","wordCount":38}}},"rawDataInfo":{"question":{"fileFormat":"wav","fileSize":537678,"duration":16800,"samplingBit":16,"channelCount":1,"samplingRate":"16kHz","audioPath":"/Mock/01.Management/Male/Experienced/ckmk_q_bm_m_e_214727.wav"},"answer":{"fileFormat":"wav","fileSize":2710478,"duration":84700,"samplingBit":16,"channelCount":1,"samplingRate":"16kHz","audioPath":"/Mock/01.Management/Male/Experienced/ckmk_a_bm_m_e_214727.wav"}}}