{"version":"1.0","dataSet":{"info":{"date":"20230116","occupation":"BM","channel":"MOCK","place":"ONLINE","gender":"MALE","ageRange":"-34","experience":"EXPERIENCED"},"question":{"raw":{"text":"직무 수행 시에 모르는 과제가 등장한다면 지원자님은 어떻게 해결하실 건가요 본인의 해결법과 그렇게 하시려는 이유를 말씀해 주시길 바랍니다","wordCount":18},"emotion":[],"intent":[]},"answer":{"raw":{"text":"일을 하다 보면 제가 잘 모르는 과제가 등장할 수 있습니다. 이럴 경우에 저는 선배들에게 조언을 얻겠습니다. 선배들은 저보다 업무도 많이 해 봤고 다양한 경험을 가지고 있다고 생각합니다. 저에게는 어려운 문제일 수 있지만 선배들은 이미 경험을 했던 문제일 수 있기 때문에 선배들에게 조언을 얻는다면 조금 더 쉽게 해결할 수 있다고 생각합니다. 이런 사례는 기업에서 일을 하다 보면 많이 겪게 되는 사례인데 실제로 제가 이전 직장에서도 선배들에게 조언을 얻어서 쉽게 일을 해결했던 경우가 많이 있었습니다. 이 회사에 입사한다면 저 혼자 어려운 문제를 해결할려고 하기보다는 선배들에게 조언을 얻음으로써 조금 빠르고 더 현명하게 문제를 해결하겠습니다.","wordCount":91},"emotion":[],"intent":[{"text":"","expression":"","category":"attitude"}],"summary":{"text":"이 회사에 입사하면 저 혼자 어려운 문제를 해결하려고 하기보다는 선배들에게 조언을 얻음으로써 조금 빠르고 더 현명하게 문제를 해결하겠습니다. 이는 이미 경험을 했던 문제일 수 있기 때문에 선배들에게 조언을 얻는다면 조금 더 쉽게 해결할 수 있다고 생각합니다.","wordCount":36}}},"rawDataInfo":{"question":{"fileFormat":"wav","fileSize":599438,"duration":18730,"samplingBit":16,"channelCount":1,"samplingRate":"16kHz","audioPath":"/Mock/01.Management/Male/Experienced/ckmk_q_bm_m_e_231965.wav"},"answer":{"fileFormat":"wav","fileSize":2487758,"duration":77740,"samplingBit":16,"channelCount":1,"samplingRate":"16kHz","audioPath":"/Mock/01.Management/Male/Experienced/ckmk_a_bm_m_e_231965.wav"}}}