{"version":"1.0","dataSet":{"info":{"date":"20230116","occupation":"BM","channel":"MOCK","place":"ONLINE","gender":"MALE","ageRange":"35-44","experience":"EXPERIENCED"},"question":{"raw":{"text":"대학에서 배운 지원자님의 전공 과목 중에서 가장 기억에 남는 과목을 한 가지 골라서 말씀해 주시기 바랍니다","wordCount":16},"emotion":[],"intent":[]},"answer":{"raw":{"text":"가장 기억에 남는 전공 교양 필수 과목은 데이터 통신입니다. 우리는 기본적으로 십 년 전 이십 년 전에는 무선 통신이라는 말을 쓰지 않았습니다. 하지만 핸드폰에 와이파이라는 무선 통신 회사라가 고유 명사가 된 것처럼 이제는 와이어리스 무선 통신이 하나의 세상에 또 다른 프로토콜로 잡혀있습니다. 데이터 중계기를 통해서 또는 엑세스 포인트를 통해서 데이터가 어떻게 신호가 전달되고 알에프아이디는 어떤 식으로 움직이는지 블루투스는 이 점 영 삼 점 영에 따라서 어떻게 작동을 하고 신호에는 어떤 간섭이 일어나면 하고 그다음에 우리가 블루투스 무선 이어폰을 꼈을 때 왜 버스 안에서는 멀쩡한데 지하철이라든가 기차 안에서는 중간중간 신호가 간섭이 일어나서 들리지 않는지에 대한 명확한 어떤 시스템이나 구조 원리에 대해서 공부하기 시작했습니다. 단순히 그냥 인터넷에서 듣고 본 내용이 아니라 데이터 통신의 기초 원리를 이해하고 데이터의 패킷이 어떻게 전송되면서 어떤 식으로 사라지기도 하고 다시 생성되기도 하고 제대로 전송됐을 땐 어떤 값을 갖고 에스엔알에 따라서 시그날과 노이지의 비율이 어떻게 되는지에 대한 공부를 많이 하면서 지식이 많이 늘어난 것 같습니다.","wordCount":147},"emotion":[],"intent":[{"text":"","expression":"","category":"attitude"}],"summary":{"text":"가장 기억에 남는 전공 교양 필수 과목은 데이터 통신입니다. 데이터 중계기, 엑세스 포인트, 블루투스, 무선 이어폰 등 데이터 통신의 기초 원리를 이해하고 데이터의 패킷이 어떻게 전송되면서 사라지기도 하고 다시 생성되기도 하고 제대로 전송됐을 땐 어떤 값을 갖고 에스엔알에 따라 시그날과 노이지의 비율이 어떻게 되는지에 대한 공부를 많이 하게 되었습니다.","wordCount":49}}},"rawDataInfo":{"question":{"fileFormat":"wav","fileSize":346958,"duration":10840,"samplingBit":16,"channelCount":1,"samplingRate":"16kHz","audioPath":"/Mock/01.Management/Male/Experienced/ckmk_q_bm_m_e_163290.wav"},"answer":{"fileFormat":"wav","fileSize":2670478,"duration":83450,"samplingBit":16,"channelCount":1,"samplingRate":"16kHz","audioPath":"/Mock/01.Management/Male/Experienced/ckmk_a_bm_m_e_163290.wav"}}}