{"version":"1.0","dataSet":{"info":{"date":"20230116","occupation":"BM","channel":"MOCK","place":"ONLINE","gender":"MALE","ageRange":"55-","experience":"EXPERIENCED"},"question":{"raw":{"text":"본인의 장점과 단점을 설명해 주시고 그것을 특화하고 극복하기 위해 한 노력도 함께 말씀 부탁드립니다","wordCount":14},"emotion":[],"intent":[]},"answer":{"raw":{"text":"장점으로는 성격이 내성적이지만 사람 만나는 걸 좋아하고 바깥 활동을 좋아하는 편이라 여러 사람과 같이 어울려 사이클링 등산 등 사 모임에 적극적으로 활동하고 성격이 모나지 않아 좋다고 많이 얘기를 합니다. 단점으로는 주어진 업무 수행의 과도한 집중력으로 인해 조급하고 서두르는 경향이 있고 사안이 발생하면 혼자 해결하는 개인 성향이 있다고 합니다. 그래서 저는 이 단점들을 보완하기 위해서 어떠한 주어진 일에 수행하는 데 있어서 조금은 여유를 가지고 업무를 수행할려고 노력을 하고 있고 한 템포 쉰다 라는 그런 생각으로 업무 추진을 하고 서두르고 조급하고 하는 부분에 있어서도 그런 사항이 발생이 되면 잠시 자리에서 일어나서 긴 호흡을 하거나 바깥에 나가서 잠깐 쉬다가 들어오면 그런 마음들 여유가 생기게 됩니다. 그렇게 해소를 하고 있습니다.","wordCount":106},"emotion":[],"intent":[{"text":"장점으로는 성격이 내성적이지만 사람 만나는 걸 좋아하고 바깥 활동을 좋아하는 편이라 여러 사람과 같이 어울려 사이클링 등산 등 사 모임에 적극적으로 활동하고 성격이 모나지 않아 좋다고 많이 얘기를 합니다.","expression":"c_person","category":"background"},{"text":"단점으로는 주어진 업무 수행의 과도한 집중력으로 인해 조급하고 서두르는 경향이 있고 사안이 발생하면 혼자 해결하는 개인 성향이 있다고 합니다.","expression":"c_person","category":"background"}],"summary":{"text":"성격은 내성적이지만 사모임에 적극적으로 참여하는 장점이 있습니다. 하지만 업무 수행의 집중력이 조급하고 서두르는 경향이 있고 사안이 발생하면 혼자 해결하는 개인 성향이 있다고 합니다. 그래서 이 단점들을 보완하기 위해 한 템포 쉬다 라는 생각으로 업무를 수행하려 노력합니다.","wordCount":36}}},"rawDataInfo":{"question":{"fileFormat":"wav","fileSize":387278,"duration":12100,"samplingBit":16,"channelCount":1,"samplingRate":"16kHz","audioPath":"/Mock/01.Management/Male/Experienced/ckmk_q_bm_m_e_239679.wav"},"answer":{"fileFormat":"wav","fileSize":2624718,"duration":82020,"samplingBit":16,"channelCount":1,"samplingRate":"16kHz","audioPath":"/Mock/01.Management/Male/Experienced/ckmk_a_bm_m_e_239679.wav"}}}