{"version":"1.0","dataSet":{"info":{"date":"20230116","occupation":"BM","channel":"MOCK","place":"ONLINE","gender":"MALE","ageRange":"35-44","experience":"EXPERIENCED"},"question":{"raw":{"text":"대차 대조표가 뭔지 아신다면 설명 부탁드리겠습니다","wordCount":6},"emotion":[],"intent":[]},"answer":{"raw":{"text":"대차대조표란 쉽게 말해 기업에서 얼마큼의 돈을 썼고 얼마큼의 돈을 빌렸고 얼마큼의 이익을 내고 있는지에 대한 회계상의 자료라고 생각하시면 됩니다. 예전에는 주판을 뚜들겨서 얼마큼 돈이 들어왔는지에 대한 수기로 남겼던 것이 이제는 대차 대조표를 통해서 기업의 잉여금이 얼만지 부채가 얼마고 자산이 얼만지 그리고 유동 흐르 현금의 유동 흐름은 얼마인지에 대한 정확한 내용을 나타내는 회계상법의 자료라고 보시면 됩니다. 회계팀 재무팀에서 많이 사용하게 되며 이 대차대조표를 통해서 우리가 대손 충당금은 얼마고 갚아야 돈을 돈 될 돈은 얼마인지를 파악하는 것이 쉬운 것으로 알고 있습니다.","wordCount":79},"emotion":[{"text":"예전에는 주판을 뚜들겨서 얼마큼 돈이 들어왔는지에 대한 수기로 남겼던 것이 이제는 대차 대조표를 통해서   기업의 잉여금이 얼만지 부채가 얼마고 자산이 얼만지 그리고 유동 흐르 현금의 유동 흐름은 얼마인지에 대한 정확한 내용을 나타내는   회계상법의 자료라고 보시면 됩니다.","expression":"u-fact","category":"neutral"},{"text":"회계팀 재무팀에서 많이 사용하게 되며 이 대차대조표를 통해서 우리가 대손 충당금은 얼마고 갚아야 돈을 돈 될 돈은 얼마인지를 파악하는 것이   쉬운 것으로 알고 있습니다.","expression":"u-fact","category":"neutral"}],"intent":[{"text":"","expression":"","category":"attitude"}],"summary":{"text":"대차대조표란 기업의 잉여금, 부채, 자산, 유동흐름에 대한 정확한 내용을 나타내는 회계상법의 자료입니다. 이는 재무팀에서 많이 사용하며 이를 통해 대손 충당금과 돈 될 돈은 파악하는 것이 쉬운 것으로 알고 있습니다.","wordCount":29}}},"rawDataInfo":{"question":{"fileFormat":"wav","fileSize":241358,"duration":7540,"samplingBit":16,"channelCount":1,"samplingRate":"16kHz","audioPath":"/Mock/01.Management/Male/Experienced/ckmk_q_bm_m_e_164814.wav"},"answer":{"fileFormat":"wav","fileSize":1479438,"duration":46230,"samplingBit":16,"channelCount":1,"samplingRate":"16kHz","audioPath":"/Mock/01.Management/Male/Experienced/ckmk_a_bm_m_e_164814.wav"}}}