{"version":"1.0","dataSet":{"info":{"date":"20230116","occupation":"BM","channel":"MOCK","place":"ONLINE","gender":"MALE","ageRange":"35-44","experience":"EXPERIENCED"},"question":{"raw":{"text":"지금까지 여러 대외 활동을 경험하셨을 텐데 대외 활동에서 어떤 것을 배웠고 어떤 자세로 임했는지 말씀해 주세요","wordCount":16},"emotion":[],"intent":[]},"answer":{"raw":{"text":"많은 대외 활동 중에서 특히 스타트업 업체들과 이노메이션 오픈 이노메이션 행사를 하면서 많은 것을 배웠습니다. 금융 회사에 다니면서 알지 못했던 다양한 인프라를 인프라와 정보를 들을 수 있었고 특히 플랫폼에 대해서 많이 공부하는 계기가 되었습니다. 앞으로도 해당 업무를 했던 경험을 주워 열심히 그리고 오픈된 마인드로 업무를 진행하도록 하겠습니다.","wordCount":47},"emotion":[],"intent":[{"text":"","expression":"","category":"attitude"}],"summary":{"text":"금융 회사에 다니면서 스타트업 업체들과 이노메이션 오픈 이노베이션 행사를 하면서 많은 것을 배웠습니다. 앞으로도 이러한 경험을 주워 오픈된 마인드로 업무를 진행하겠습니다.","wordCount":21}}},"rawDataInfo":{"question":{"fileFormat":"wav","fileSize":375118,"duration":11720,"samplingBit":16,"channelCount":1,"samplingRate":"16kHz","audioPath":"/Mock/01.Management/Male/Experienced/ckmk_q_bm_m_e_228525.wav"},"answer":{"fileFormat":"wav","fileSize":1206798,"duration":37710,"samplingBit":16,"channelCount":1,"samplingRate":"16kHz","audioPath":"/Mock/01.Management/Male/Experienced/ckmk_a_bm_m_e_228525.wav"}}}