{"version":"1.0","dataSet":{"info":{"date":"20230116","occupation":"BM","channel":"MOCK","place":"ONLINE","gender":"MALE","ageRange":"-34","experience":"EXPERIENCED"},"question":{"raw":{"text":"해외 파견 근무에 나가게 된다면 어느 나라에서 일을 하고 싶으신가요 이유와 함께 말씀해 주세요","wordCount":14},"emotion":[],"intent":[]},"answer":{"raw":{"text":"제가 해외 파견 근무를 할 수 있다면 저는 중국에서 일을 해보고 싶습니다. 앞에서도 말씀드렸지만 저는 중국에서 일 년 정도 유학 생활을 했었습니다. 중국이라는 나라는 굉장히 빨리 발전하는 나라이고 흥미로운 나라 중에 하나입니다. 물론 미국이 조금 더 경제적으로 큰 나라지만 중국도 굉장히 빠르게 발전하는 나라이기 때문에 글로벌 시대에서 빼놓고 이야기할 수 없는 나라 라고 생각합니다. 이런 부분에서 저는 중국어 능력을 갖추고 있어야만 글로벌 시대에 맞는 인재로 성장할 수 있다고 생각을 했고 중국어 공부를 끊임없이 하고 있습니다. 제가 해외에 파견 근무를 갈 수 있다면 중국에 파견 근무를 가서 저에 어학 능력을 발휘하고 조금 더 넓은 시야를 갖도록 노력하고 싶습니다.","wordCount":97},"emotion":[],"intent":[{"text":"앞에서도 말씀드렸지만 저는 중국에서 일 년 정도 유학 생활을 했었습니다.","expression":"c_private","category":"background"}],"summary":{"text":"중국이라는 나라는 굉장히 빠르게 발전하는 나라이기 때문에 글로벌 시대에서 뺄 수 없는 나라라고 생각합니다. 이런 부분에서 중국어 능력을 갖추고 있어야만 글로벌 시대에 맞는 인재로 성장할 수 있다고 생각합니다.","wordCount":28}}},"rawDataInfo":{"question":{"fileFormat":"wav","fileSize":288398,"duration":9010,"samplingBit":16,"channelCount":1,"samplingRate":"16kHz","audioPath":"/Mock/01.Management/Male/Experienced/ckmk_q_bm_m_e_226799.wav"},"answer":{"fileFormat":"wav","fileSize":2425358,"duration":75790,"samplingBit":16,"channelCount":1,"samplingRate":"16kHz","audioPath":"/Mock/01.Management/Male/Experienced/ckmk_a_bm_m_e_226799.wav"}}}