{"version":"1.0","dataSet":{"info":{"date":"20230116","occupation":"BM","channel":"MOCK","place":"ONLINE","gender":"MALE","ageRange":"35-44","experience":"EXPERIENCED"},"question":{"raw":{"text":"어 만약 지원자님께서 이 직무에 지원을 하셨지만 이 직무가 아닌 다른 부서에 배치가 되실 수도 있는데요 그렇다면 어떻게 하실 건가요 그리고 그렇다고 하더라도 괜찮으신가요","wordCount":24},"emotion":[],"intent":[]},"answer":{"raw":{"text":"음 만약 제가 지금 지원한 직무가 아니고 어 생각지도 못한 부서에 배치가 된다면 한번 생각을 해 보았습니다. 그 부분에 대해서 답변을 드리겠습니다. 일단 제가 자신이 있어 하는 부분이기 때문에 지원한 분야이지만 다른 업무를 맡게 된다면 전혀 뭐 불편하거나 그런 건 없을 것 같습니다. 그 이유는 또 새로운 것을 배우고 또 몸으로 부딪쳐서 경험을 하게 된다면 저에게 또 다른 스펙이 될 것이고 또 다른 능력이 갖춰진다고 생각을 합니다. 그러기 때문에 꼭 하던 거 자신 있는 분야보다도 새로운 또 해보지 않은 그런 부서를 해보게 된다면 저한테 개인적으로나 그 많은 도움이 될 것 같습니다. 그분에 의해서 저가 생각했을 때 어느 부서를 가더라도 제일 적용시킬 수 있는 제일 빠르게 흡수될 수 있는 방법은 그 사람들을 활용하는 게 제일 중요할 것 같습니다. 결국 그 부분에서 경험해 많고 노하우가 있는 직원들에 의해서 많은 도움을 받게 된다면 금방 또 흡수하고 적응해서 뭐가 들 수 있지 않을까 싶습니다. 네 이상입니다.","wordCount":142},"emotion":[],"intent":[{"text":"","expression":"","category":"attitude"}],"summary":{"text":"만약 제가 지원한 직무가 아닌 다른 부서에 배치가 된다면 전혀 불편하거나 그런 건 없을 것 같습니다. 그 이유는 새로운 것을 배우고 몸으로 부딪쳐서 경험을 하게 된다면 또 다른 스펙이 될 것이고 또 다른 능력이 갖춰진다고 생각을 하기 때문입니다. 경험해 많고 노하우가 있는 직원들에 의해서 많은 도움을 받게 된다면 흡수하고 적응해서 무엇이 들 수 있지 않을까 싶습니다.","wordCount":56}}},"rawDataInfo":{"question":{"fileFormat":"wav","fileSize":505678,"duration":15800,"samplingBit":16,"channelCount":1,"samplingRate":"16kHz","audioPath":"/Mock/01.Management/Male/Experienced/ckmk_q_bm_m_e_214734.wav"},"answer":{"fileFormat":"wav","fileSize":2640718,"duration":82520,"samplingBit":16,"channelCount":1,"samplingRate":"16kHz","audioPath":"/Mock/01.Management/Male/Experienced/ckmk_a_bm_m_e_214734.wav"}}}