{"version":"1.0","dataSet":{"info":{"date":"20230116","occupation":"BM","channel":"MOCK","place":"ONLINE","gender":"MALE","ageRange":"35-44","experience":"EXPERIENCED"},"question":{"raw":{"text":"저희 회사의 특성상 야근이나 잔업 외근이 많아질 수도 있습니까 지원자님은 그래도 괜찮으시겠습니까","wordCount":12},"emotion":[],"intent":[]},"answer":{"raw":{"text":"직장 생활을 하다 보면 잔업이나 외근은 필수적인 요소가 될 수도 있습니다. 항상 모든 업무가 정해진 시간 안에 끝내야 되는 것도 아니고 정해진 시간만큼 업무가 주어지지도 않습니다. 가끔 물량이 쏟아지거나 데드라인이 긴 긴박하게 다가 오거나 코로나 같은 특수한 상황에서는 당연히 야근이나 잔업 주말 근무가 많아질 수 밖에 없습니다. 다만 야근이나 잔업 등에 대한 회사에서의 적정한 보상안이 마련된다면 동기 부여를 위해서도 훨씬 더 도움되고 저도 열심히 일하면서 업무에 성과를 높일 수 있을 것 같습니다.","wordCount":72},"emotion":[],"intent":[{"text":"","expression":"","category":"attitude"}],"summary":{"text":"모든 업무가 정해진 시간 안에 끝나야 되는 것도 아니고 정해진 시간만큼 업무가 주어지지 않기도 합니다. 야근이나 잔업 등에 대한 적정한 보상안이 마련된다면 동기 부여를 위해서도 도움이 될 것 같습니다.","wordCount":29}}},"rawDataInfo":{"question":{"fileFormat":"wav","fileSize":430798,"duration":13460,"samplingBit":16,"channelCount":1,"samplingRate":"16kHz","audioPath":"/Mock/01.Management/Male/Experienced/ckmk_q_bm_m_e_178603.wav"},"answer":{"fileFormat":"wav","fileSize":1319758,"duration":41240,"samplingBit":16,"channelCount":1,"samplingRate":"16kHz","audioPath":"/Mock/01.Management/Male/Experienced/ckmk_a_bm_m_e_178603.wav"}}}