{"version":"1.0","dataSet":{"info":{"date":"20230116","occupation":"BM","channel":"MOCK","place":"ONLINE","gender":"MALE","ageRange":"35-44","experience":"EXPERIENCED"},"question":{"raw":{"text":"경영 지원 중에 본인이 하고 싶은 직무와 그 이유를 말씀해 주시고 과거가 과거에 다른 회사에서 본인이 맡았던 그 경영 지원 업무를 설명해 주시기 바랍니다","wordCount":24},"emotion":[],"intent":[]},"answer":{"raw":{"text":"경영 지원에서 업무를 하게 된다면 저는 경영 전략 또는 에이치알 인사팀에 들어가고 싶습니다. 경영 전략이나 인사팀은 회사의 인적 자원을 관리하거나 인적 자원 및 자원을 배분하는 업무를 많이 하게 됩니다. 예를 들어서 현재 저희 회사가 빅데이타 및 머신러닝 딥러닝 같은 인공지능에 많이 취약하다면 우리는 또 다른 엠엔에이를 통해서 빅데이타 및 전산화가 잘 된 회사를 인수합병을 해야 됩니다. 그때 얼마의 비용으로 어떻게 적대적인 엠엔에이를 할 것인가 아니면 우호적인 엠엔에이를 할 것인가 엠엔에이에 대한 티에프 팀을 만들어서 이것을 어떻게 운영하고 어떻게 받아들일까에 대한 모든 시스템을 만들고 싶습니다. 이제는 없는 시스템을 개발하기보다는 잘 만들어진 스타트업 회사 작은 중소기업에 있는 핵심 기술을 인수하는 것이 가장 큰 회사의 발전이고 그것이 오히려 기회비용을 더 많이 줄인다 라는 경영 통계가 있습니다. 그래서 저는 삼성의 미래 전략실 같은 경영전략팀이라든가 인사팀에 들어가서 그런 좋은 인재 및 티에프티를 구성하여 회사의 성장을 돕고 싶습니다. 그렇게 현재 일 조 밖에 못하는 이 회사를 백 조의 회사로 만드는 것이 저의 꿈입니다.","wordCount":147},"emotion":[{"text":"이제는 없는 시스템을 개발하기보다는 잘 만들어진 스타트업 회사 작은 중소기업에 있는 핵심 기술을 인수하는 것이 가장 큰 회사의 발전이고 그것이 오히려 기회비용을 더 많이 줄인다 라는 경영 통계가 있습니다.","expression":"u-fact","category":"neutral"}],"intent":[{"text":"그래서 저는 삼성의 미래 전략실 같은 경영전략팀이라든가 인사팀에 들어가서 그런 좋은 인재 및 티에프티를 구성하여 회사의 성장을 돕고 싶습니다.","expression":"c_sincere_co","category":"etc"}],"summary":{"text":"저는 경영 전략 또는 에이치알 인사팀에 들어가겠습니다. 경영 전략이나 인사팀은 회사의 인적 자원을 관리하거나 인적 자원 및 자원을 배분하는 업무를 많이 하게 됩니다. 저는 삼성의 미래 전략실 같은 경영전략팀이라든가 인사팀에 들어가서 좋은 인재 및 티에프티를 구성하여 회사의 성장을 돕고 싶습니다. 회사를 백 조의 회사로 만드는 것이 저의 꿈입니다.","wordCount":48}}},"rawDataInfo":{"question":{"fileFormat":"wav","fileSize":642638,"duration":20080,"samplingBit":16,"channelCount":1,"samplingRate":"16kHz","audioPath":"/Mock/01.Management/Male/Experienced/ckmk_q_bm_m_e_182625.wav"},"answer":{"fileFormat":"wav","fileSize":2707278,"duration":84600,"samplingBit":16,"channelCount":1,"samplingRate":"16kHz","audioPath":"/Mock/01.Management/Male/Experienced/ckmk_a_bm_m_e_182625.wav"}}}