{"version":"1.0","dataSet":{"info":{"date":"20230116","occupation":"BM","channel":"MOCK","place":"ONLINE","gender":"MALE","ageRange":"35-44","experience":"EXPERIENCED"},"question":{"raw":{"text":"만약 같은 상품이고 조건이 다 같은데 다른 지점에서 상품 가격을 낮춰 판매하고 있는 것을 지원자님이 알게 되신다면 지원자님은 그때 어떻게 행동하시겠습니까","wordCount":21},"emotion":[],"intent":[]},"answer":{"raw":{"text":"네 만약에 같은 상품에다가 조건이 다 같은데 다른 지점에서 이제 그 낮춰서 판매하고 있는 것을 알게 되면 그 부분에 대한 조치 방법을 대해서 어떻게 대응을 해야 할지에 대해서 한번 답변을 드려보겠습니다. 이 굉장히 예민하고 회사 이익 창출에 있어서 치명타가 될 수 있는 부분인데 아 저는 그렇게 생각합니다. 결국은 거기서 또 이익을 손해 볼 것을 알면서 이미 과감하게 도전을 한 것이고 저희도 그거에 따라서 맞춰서 가야 하지 않을까 싶습니다. 그 이유에 대해서 말씀을 드리면은 저도 고객에 입장에서 봤을 때 처음에는 그 싼 데에서 같은 조건이면 싼 데를 찾아다니면서 발품을 많이 팝니다. 모든 사람이 그럴 것 같은데 그러면 결국은 똑같은 제품이어도 어 저희가 팔지 못하는 경우가 많을 텐데 그렇게 되면 저희는 점점 재고가 쌓일 것이고 그렇게 되면 더욱더 큰 손실이 있을 수 있기 때문에 저희도 그 상 낮춰진 상품 가격에 맞춰서 어느 정도는 비율을 맞춰서 좀 낮춰서 판매를 해야 하지 않을까 싶습니다. 그게 더 효율적인 것 같고 더 회사의 손실을 좀 최소화 하지 않을까 싶습니다. 이상입니다.","wordCount":154},"emotion":[],"intent":[{"text":"","expression":"","category":"attitude"}],"summary":{"text":"동일한 상품에 조건이 같은 상품에 다른 지점에서 낮춰서 판매하고 있는 것을 알게 되면 어떻게 대응해야 할지 답변을 드려보겠습니다. 이익을 손해 볼 것을 알면서 과감하게 도전을 한 것이고 저희는 거기에 맞춰서 가야하지 않을까 싶습니다. 낮아진 상품 가격에 맞춰서 비율을 맞춰서 판매하는것이 더 효율적일 것 같습니다.","wordCount":44}}},"rawDataInfo":{"question":{"fileFormat":"wav","fileSize":556878,"duration":17400,"samplingBit":16,"channelCount":1,"samplingRate":"16kHz","audioPath":"/Mock/01.Management/Male/Experienced/ckmk_q_bm_m_e_235718.wav"},"answer":{"fileFormat":"wav","fileSize":2703438,"duration":84480,"samplingBit":16,"channelCount":1,"samplingRate":"16kHz","audioPath":"/Mock/01.Management/Male/Experienced/ckmk_a_bm_m_e_235718.wav"}}}