{"version":"1.0","dataSet":{"info":{"date":"20230116","occupation":"BM","channel":"MOCK","place":"ONLINE","gender":"MALE","ageRange":"35-44","experience":"EXPERIENCED"},"question":{"raw":{"text":"그동안 진행한 프로젝트들 가운데 가장 기억에 남는 프로젝트가 있다면 어떤 점에서 기억에 남는지에 대해 설명해 주세요","wordCount":16},"emotion":[],"intent":[]},"answer":{"raw":{"text":"어 제가 그동안 수많은 프로젝트를 진행했었는데 가장 기억에 남는 것은 어 일단 중국으로 이제 사업을 확장하는 단계에서 어 이제 책임자 역할을 맡았던 그런 프로젝트가 있습니다. 그러면서 중국을 몇 번 왔다 갔다 하면서 이 중국에서 원하는 부분은 무엇이고 중국에서 인제 성공할 수 있는 분야가 무엇인가를 엄청 고민을 많이 했었던 것 같습니다. 그 과정에서 이제 이 프로젝트가 잘 성공은 됐었는데 그 과정이 쉽지는 않았습니다. 이제 우리나라와 중국의 틀린 점이 굉장히 많기 때문에 그 부분을 회사의 이익에 맞추면서 중국의 입장도 판단이 있으면서 그런 것들이 조율을 맞추는 게 굉장히 어려웠던 것 같습니다. 그로 인한 또 의사소통도 있었고 의사소통의 문제도 있었고 그런 의사소통을 조금씩 점차 좁혀가면서 조금씩 해결이 돼 가면서 이 프로젝트가 아 이 방향이 서는 기분이 들었던 것 같습니다. 그래서 어떤 프로젝트든 어 그 부분에 대해서 내가 열정을 갖고 끈기있게 다가간다면은 아 해결이 되고 성공할 수 있다는 것을 그때 교훈을 얻었었던 거 기억이 남는 게 같습니다. 네 이상입니다.","wordCount":144},"emotion":[],"intent":[{"text":"","expression":"","category":"attitude"}],"summary":{"text":"그동안 수많은 프로젝트를 진행했었는데 가장 기억에 남는 것은 중국에서 사업을 확장하는 단계에서 책임자 역할을 맡았던 프로젝트가 있습니다. 중국과의 차이점을 회사의 이익에 맞추면서 중국의 입장도 판단하며 조율을 맞추는 게 굉장히 어려웠던 것 같습니다. 그래도 끈기있게 다가간다면 성공할 수 있다는 교훈을 얻었던 거 기억이 납니다.","wordCount":43}}},"rawDataInfo":{"question":{"fileFormat":"wav","fileSize":458958,"duration":14340,"samplingBit":16,"channelCount":1,"samplingRate":"16kHz","audioPath":"/Mock/01.Management/Male/Experienced/ckmk_q_bm_m_e_138919.wav"},"answer":{"fileFormat":"wav","fileSize":2652238,"duration":82880,"samplingBit":16,"channelCount":1,"samplingRate":"16kHz","audioPath":"/Mock/01.Management/Male/Experienced/ckmk_a_bm_m_e_138919.wav"}}}