{"version":"1.0","dataSet":{"info":{"date":"20230116","occupation":"BM","channel":"MOCK","place":"ONLINE","gender":"MALE","ageRange":"55-","experience":"EXPERIENCED"},"question":{"raw":{"text":"커뮤니케이션을 잘 할 수 있는 본인만의 스킬이 있을까요 그렇다면 한번 소개해 주시구 직접 보여주시면 더욱 좋습니다 한번 보여주세요","wordCount":18},"emotion":[],"intent":[]},"answer":{"raw":{"text":"대인 강대를 결정 짓는 대인 커뮤니케이션 기술은 모든 사람의 관심사 입니다. 이를 위해서는 감성 지능을 갖추는 것이 중요한데요. 감성 지능은 자기 스스로 문제를 냉철하게 파악할 수 있는 자아 인식 자신이 처한 상황에서 가장 적절한 방식으로 감정을 표현할 줄 아는 감정 관리 충동을 억제하면서 목표에 도달하는 동기부여 타인의 감정을 공유할 수 있는 태도와 능력 등을 지니는 것이라고 봅니다. 저 같은 경우에 커뮤니케이션을 잘 할 수 있는 나만의 스킬이 있다면은 일단 상대방의 현재 기분과 분위기 그다음에 나의 친밀도 등등을 먼저 고려해서 거기에 맞는 그 사람과 커뮤니케이션을 하는 부분에 있어서 남들보다 쉽게 상대방의 접근하고 친근감 있게 다가가고 있는 것 같습니다.","wordCount":97},"emotion":[],"intent":[{"text":"","expression":"","category":"attitude"}],"summary":{"text":"대인 커뮤니케이션 기술은 모든 사람의 관심사로, 이를 위해 감성 지능을 갖추는 것이 중요합니다. 이는 자아 인식, 감정 관리, 동기부여 등을 지니는 것입니다. 저 같은 경우, 상대방에 대한 기분과 분위기를 먼저 고려하여 친근감 있게 다가가고 있습니다.","wordCount":35}}},"rawDataInfo":{"question":{"fileFormat":"wav","fileSize":456078,"duration":14250,"samplingBit":16,"channelCount":1,"samplingRate":"16kHz","audioPath":"/Mock/01.Management/Male/Experienced/ckmk_q_bm_m_e_239673.wav"},"answer":{"fileFormat":"wav","fileSize":2597838,"duration":81180,"samplingBit":16,"channelCount":1,"samplingRate":"16kHz","audioPath":"/Mock/01.Management/Male/Experienced/ckmk_a_bm_m_e_239673.wav"}}}