{"version":"1.0","dataSet":{"info":{"date":"20230116","occupation":"BM","channel":"MOCK","place":"ONLINE","gender":"MALE","ageRange":"35-44","experience":"EXPERIENCED"},"question":{"raw":{"text":"다른 사람들이 생각하는 지원자님의 장단점은 무엇이라고 생각하시나요 그렇게 생각하시는 이유도 함께 구체적으로 말씀해 주세요","wordCount":14},"emotion":[],"intent":[]},"answer":{"raw":{"text":"저의 장점은 납기에 맞춰 일을 완수한다는 것입니다. 납기가 정해지면 우선순위를 정하고 해당 과업에 마다 맞는 투두 리스트를 작성해서 제가 맡은 업무를 해당 납기에 맞출 수 있도록 준비하고 업무를 진행합니다. 만약에 특정 과제나 또는 허들이 생겨서 해당 업무를 특정 일자에 맞출 수 없다면 팀장 또는 실장님께 보고 드리고 해당 업무에 대한 플랜 비를 수립해서 납기가 미 미루어지는 일정을 컨펌 받아 진행을 합니다. 단점으로는 제가 과업 중심의 사람이다 보니 과업에 해가 되는 업무나 사람관에 대해서 되게 직설적으로 얘기한 점이 있는데 해당 업무는 단점이라고 생각합니다.","wordCount":82},"emotion":[],"intent":[{"text":"납기가 정해지면 우선순위를 정하고 해당 과업에 마다 맞는 투두 리스트를 작성해서 제가 맡은 업무를 해당 납기에 맞출 수 있도록 준비하고 업무를 진행합니다.","expression":"m_sche","category":"technology"},{"text":"만약에 특정 과제나 또는 허들이 생겨서 해당 업무를 특정 일자에 맞출 수 없다면 팀장 또는 실장님께 보고 드리고 해당 업무에 대한 플랜 비를 수립해서 납기가 미 미루어지는 일정을 컨펌 받아 진행을 합니다.","expression":"m_sche","category":"technology"},{"text":"단점으로는 제가 과업 중심의 사람이다 보니 과업에 해가 되는 업무나 사람관에 대해서 되게 직설적으로 얘기한 점이 있는데 해당 업무는 단점이라고 생각합니다.","expression":"c_person","category":"background"}],"summary":{"text":"저는 납기에 맞춰 일을 완수하는 것이 장점인데, 우선순위를 정하고 투두 리스트를 작성해 맡은 업무를 해당 납기에 맞출 수 있도록 준비하고 업무를 진행합니다. 단점은 직설적으로 얘기하는 것이 단점이라고 생각합니다.","wordCount":28}}},"rawDataInfo":{"question":{"fileFormat":"wav","fileSize":589518,"duration":18420,"samplingBit":16,"channelCount":1,"samplingRate":"16kHz","audioPath":"/Mock/01.Management/Male/Experienced/ckmk_q_bm_m_e_228526.wav"},"answer":{"fileFormat":"wav","fileSize":2175438,"duration":67980,"samplingBit":16,"channelCount":1,"samplingRate":"16kHz","audioPath":"/Mock/01.Management/Male/Experienced/ckmk_a_bm_m_e_228526.wav"}}}