{"version":"1.0","dataSet":{"info":{"date":"20230116","occupation":"BM","channel":"MOCK","place":"ONLINE","gender":"MALE","ageRange":"35-44","experience":"EXPERIENCED"},"question":{"raw":{"text":"네 지원자님께서는 본인 스스로 숫자나 창의 중에 어떤 쪽에 더 가깝다고 생각을 하십니까 또 숫자나 창의 어느 쪽이 더 가깝다고 생각하시는 그 이유도 함께 말씀을 부탁드립니다","wordCount":26},"emotion":[],"intent":[]},"answer":{"raw":{"text":"네 제가 본인을 느끼고 했을 때 스스로를 판단해 봤을 때 나는 숫자일까 창의 그러니까 어느 부분에 가까운 것이야 한 번 생각을 해 보고 그 부분에 대해 답변을 드리겠습니다. 어 질문에 이 숫자와 창의라는 말이 있는데 결국은 그건 것 같습니다. 숫자는 뭔가 확실하게 정답이 있는 거고 창의는 정답이 없이 여러 가지 생각을 하고 더 좋은 아이디어를 만든다고 생각합니다. 이 두 가지 분야를 둘 다 갖고 있고 다 훌륭하게 소화하면 좋을텐데 아 저는 창의보다는 숫자가 더 와닿을 것 같습니다. 그 이유는 어 숫자는 모든 일의 노력과 어 자기가 어 집중하고 노력했을 때 가장 눈앞에 보일 수 있는 정확한 답 결과가 눈앞에 있을 겁니다. 네 창의는 어느 정도의 그 미래를 예측을 해야 하고 또한 생각지 보도 못한 아이디어를 나와서 이게 포텐이 발휘돼서 엄청난 더 큰 성과를 만들 수도 있겠지만 이 숫자와 차의 차이점은 그렇다고 생각합니다. 그래서 저는 개인적으로 어 숫자에 더욱더 가깝지 않을까 생각을 해 보았는데 그 데 창의에 대한 부분도 분명히 필요한 요소입니다. 결국은 이런 창의력에서 나오는 기발한 아이디어를 통한 또 회사에 엄청난 큰 이익을 안 배려 수 있는 거기 때문에 두 운에 분명히 장단점이 있을 것 같습니다. 이 두 가지의 능력을 발휘하고 두 가지 분야에 더 가까워지려고 노력을 해야 할 것 같습니다. 이상입니다.","wordCount":192},"emotion":[],"intent":[{"text":"숫자는 뭔가 확실하게 정답이 있는 거고 창의는 정답이 없이 여러 가지 생각을 하고 더 좋은 아이디어를 만든다고 생각합니다.","expression":"c_value","category":"background"},{"text":"결국은 이런 창의력에서 나오는 기발한 아이디어를 통한 또 회사에 엄청난 큰 이익을 안 배려 수 있는 거기 때문에 두 운에 분명히 장단점이 있을 것 같습니다.","expression":"c_value","category":"background"}],"summary":{"text":"숫자와 창의라는 말이 있는데, 숫자는 정답이 있는 것이고 창의는 정답이 없이 여러 가지 생각을 하고 더 좋은 아이디어를 만든다고 생각합니다. 창의력에서 나오는 기발한 아이디어를 통해 회사에 큰 이익을 안 배려할 수 있기 때문에 이 두 가지의 능력을 발휘하고 두 가지 분야에 더 가까워지려고 노력해야 할 것 같습니다.","wordCount":47}}},"rawDataInfo":{"question":{"fileFormat":"wav","fileSize":551118,"duration":17220,"samplingBit":16,"channelCount":1,"samplingRate":"16kHz","audioPath":"/Mock/01.Management/Male/Experienced/ckmk_q_bm_m_e_229639.wav"},"answer":{"fileFormat":"wav","fileSize":3651278,"duration":114100,"samplingBit":16,"channelCount":1,"samplingRate":"16kHz","audioPath":"/Mock/01.Management/Male/Experienced/ckmk_a_bm_m_e_229639.wav"}}}