{"version":"1.0","dataSet":{"info":{"date":"20230116","occupation":"BM","channel":"MOCK","place":"ONLINE","gender":"MALE","ageRange":"55-","experience":"EXPERIENCED"},"question":{"raw":{"text":"많은 대기업들이 최근에 여러 가지 이슈 때문에 공장을 해외로 이전하고 있잖아요 이 부분에 대해서 찬성하시는지 반대하시는지 의견을 여쭙습니다","wordCount":18},"emotion":[],"intent":[]},"answer":{"raw":{"text":"현재 많은 대기업들이 해외로 공장을 이전하고 있습니다 이에 찬성하십니까 반대하십니까 입장과 이유가 궁금합니다 어 대기업들이 해외로 공장을 많이 이전하고 있었구 지금 많이 또 들어오고 있지 않습니까. 우리가 가진 아이템이 어떤 것이냐에 따라 따라서 해외에서 어 승부가 날 수도 있고 이것을 인재가 많이 필요한 그런 부분이라면 어 한국의 그 실리콘밸리와 같은 그러한 판교에서 아 승부를 보는 것도 좋을 것이라고 생각합니다. 아 우리가 가지고 있는 이 어 품목에 대해서는 굳이 해외로 안 가더라도 공장 자동화를 시켜서 국내에서 승부를 걸 수 있는 아이템이라고 생각합니다. 국내에는 좋은 인프라가 구축되어 있고 좋은 네트웍이 있으며 또한 많은 인재들이 있기 때문에 그 인재를 활용해서 어 뛰어난 아이템을 만들어가는 것이 더욱더 중요하다고 생각합니다. 해외 시장 개척도 어렵지 않다고 봅니다. 저희가 가지고 있는 인재가 너무나 좋은 인재들이 많기 때문에 해외에서도 잘 먹힐 수 있을 것이라고 생각합니다. 무엇보다도 공장 자동화로 통해서 해외 하고의 그런 경쟁력을 키워나갈 때입니다 .","wordCount":138},"emotion":[],"intent":[{"text":"","expression":"","category":"attitude"}],"summary":{"text":"우리가 가진 아이템이 어떤 것이냐에 따라 해외에서 승부가 날 수도 있고 인재가 많이 필요한 부분이라면 한국의 실리콘밸리와 같은 판교에서 승부를 보는 것도 좋을 것이라고 생각합니다. 공장 자동화로 해외에서 경쟁력을 키워나갈 때입니다.","wordCount":31}}},"rawDataInfo":{"question":{"fileFormat":"wav","fileSize":396878,"duration":12400,"samplingBit":16,"channelCount":1,"samplingRate":"16kHz","audioPath":"/Mock/01.Management/Male/Experienced/ckmk_q_bm_m_e_159945.wav"},"answer":{"fileFormat":"wav","fileSize":2776398,"duration":86760,"samplingBit":16,"channelCount":1,"samplingRate":"16kHz","audioPath":"/Mock/01.Management/Male/Experienced/ckmk_a_bm_m_e_159945.wav"}}}