{"version":"1.0","dataSet":{"info":{"date":"20230116","occupation":"BM","channel":"MOCK","place":"ONLINE","gender":"MALE","ageRange":"35-44","experience":"EXPERIENCED"},"question":{"raw":{"text":"만약 이 면접에서 최종 탈락하신다면 어떤 점이 부족해서 탈락했다고 생각을 하시겠습니까 생각을 하신 것이 있으십니까 말씀해 주세요","wordCount":17},"emotion":[],"intent":[]},"answer":{"raw":{"text":"전공 지식 및 학점이 그리 높지 않습니다. 대학교 때 핑계같지만 하 집안이 어려워서 아르바이트 및 다른 업무들을 많이 병행하면서 학교를 다니다 보니 공대에 있는 많은 전공 과목들을 특히나 랩실에서 해야 되는 업무들을 이루지 못했습니다. 학교 수업이 끝나면 밤 열 두 시 한 시까지 아르바이트를 통해서 학비를 벌다 보니 저도 모르게 전공 과목에 소홀하게 됐고 사 점 오 만점에 삼 점 팔 밖에 받지 못하여 요즘은 기본적으로 공대생들도 사 점 영에 사 점 일 이까지 받는 사람들이 많다고 알고 있습니다. 거기다가 실제적으로 제 전공 말고도 관련된 자격증이나 필수 자격 전공 관련된 자격증이 많지가 않습니다. 이런 부분들로 인하여 회사에서는 저보다는 조금 더 젊고 조금 더 능력이 뛰어나고 학점이 높은 사람을 뽑지 않았을까 라는 생각을 하게 됩니다.","wordCount":114},"emotion":[],"intent":[{"text":"대학교 때   핑계같지만 하 집안이 어려워서 아르바이트 및 다른 업무들을 많이 병행하면서 학교를   다니다.","expression":"c_private","category":"background"}],"summary":{"text":"대학교 때 아르바이트를 통해 학비를 벌다 보니 전공과목에 소홀하게 됐고 전공 지식 및 학점이 그리 높지 않습니다. 게다가 자격증도 많지가 않아 회사에서는 저보다 조금 더 젊고 능력이 뛰어나고 학점이 높은 사람을 채용하지 않을까 라는 생각을 하게 됩니다.","wordCount":37}}},"rawDataInfo":{"question":{"fileFormat":"wav","fileSize":558158,"duration":17440,"samplingBit":16,"channelCount":1,"samplingRate":"16kHz","audioPath":"/Mock/01.Management/Male/Experienced/ckmk_q_bm_m_e_163288.wav"},"answer":{"fileFormat":"wav","fileSize":1966798,"duration":61460,"samplingBit":16,"channelCount":1,"samplingRate":"16kHz","audioPath":"/Mock/01.Management/Male/Experienced/ckmk_a_bm_m_e_163288.wav"}}}