{"version":"1.0","dataSet":{"info":{"date":"20230116","occupation":"BM","channel":"MOCK","place":"ONLINE","gender":"MALE","ageRange":"35-44","experience":"EXPERIENCED"},"question":{"raw":{"text":"협업을 할 때 사교성이 좋은 편이신지 궁금합니다 또한 사교성을 키우기 위해서 지원자님은 그동안 어떤 노력들을 해 오셨나요","wordCount":17},"emotion":[],"intent":[]},"answer":{"raw":{"text":"네 협업을 할 때 사교성 부분에 대해서 답변 드리도록 하겠습니다. 협업을 할 때 가장 중요한 게 사교성이라고도 생각할 수 있는데 결국 사교성이라는 거는 사람 관계입니다. 즉 인간관계라고 할 수 있는데 이런 인간관계가 잘 형성이 되어 있어야 협업이 효과가 극대화 될 수 있다고 생각합니다. 네 인간 간의 신뢰감은 정말 한순간에 나락으로 떨어질 수도 있고 이걸 사교성 신뢰를 만들어가는 그 기간이 상당히 오랜 시간에 걸립니다. 이제 그런 부분에 있어서는 모든 사람을 다 내 편으로 끌어들일 수 있는 능력이 필요하고 여기서 제일 안 좋은 게 적이 많아지면은 이런 협업이나 회사 생활을 하는 데 있어서 어 큰 악영향을 끼칠 수가 있습니다. 그런 부분을 봤을 때 저 개인의 이익이나 회사의 이익을 위해서라도 이러한 협업이 적재적소하게 적절하게 이제 협업이 이루어져야 하는데 그런 부분에서 극대화하기 위해서는 어 사교성과 친밀감 여러 가지 방법들을 거쳐서 인간관계가 만들어져야 훌륭한 협업이 이루어 수 있다고 생각합니다. 이상입니다.","wordCount":135},"emotion":[],"intent":[{"text":"","expression":"","category":"attitude"}],"summary":{"text":"협업할 때 가장 중요한 사교성은 인간관계라고 할 수 있는데 이런 인간관계가 잘 형성이 되어 있어야 협업이 효과가 극대화 될 수 있습니다. 사교성과 친밀감 여러 가지 방법들을 거쳐서 인간관계가 만들어져야 훌륭한 협업이 이루어집니다.","wordCount":32}}},"rawDataInfo":{"question":{"fileFormat":"wav","fileSize":585678,"duration":18300,"samplingBit":16,"channelCount":1,"samplingRate":"16kHz","audioPath":"/Mock/01.Management/Male/Experienced/ckmk_q_bm_m_e_215377.wav"},"answer":{"fileFormat":"wav","fileSize":2602958,"duration":81340,"samplingBit":16,"channelCount":1,"samplingRate":"16kHz","audioPath":"/Mock/01.Management/Male/Experienced/ckmk_a_bm_m_e_215377.wav"}}}