{"version":"1.0","dataSet":{"info":{"date":"20230116","occupation":"BM","channel":"MOCK","place":"ONLINE","gender":"MALE","ageRange":"35-44","experience":"EXPERIENCED"},"question":{"raw":{"text":"협업을 할 때는 사교성이 좋으신 편인가요 그렇다면 사교성을 키우기 위해서는 어떤 노력들을 하셨나요","wordCount":13},"emotion":[],"intent":[]},"answer":{"raw":{"text":"협업을 할 때 이제 사교성이 좋은 편이나 이런 친밀성을 키우기 위한 어 협업을 하는데 효율적인 방법이 무엇일까에 대해서 답변을 드리겠습니다. 일단 협업이라는 것은 상대방이 진심성을 다 해서 백 프로로 이렇게 지원을 해주는 분야 아니면 조언해주는 분야 자기 경험에 대해서 이렇게 어필해주는 부분을 이제 좋은 협업이라고 할 수 있을 것 같은데 이런 것들을 협업을 백 프로로 보장받기 위해서는 그 인원과에 그 직원과에 신뢰성 믿음 또 나는 친밀성을 갖추고 있어야 합니다. 그러한 사교성을 키우기 위해서는 제일 빠른 공통점을 찾아내서 그 공통점 등에 연결고리를 해서 어느 정도의 인간관계를 형성해 놓으면 어떤 협업을 하더라도 인간관계에 형성되어 있는 자와 하는 협업과 어 모르는 그런 걸 모르는 사람과 협업을 했을 때의 차이점은 엄청 크다고 생각합니다. 그런 거그로 왔을 때 어 일단 사람마다 어느 정도 관계를 유지해 주는 게 좋고 또 이런 사교성을 키우기 위해서는 공통점을 찾고 이런 친밀성을 갖고 해서 접근하다 보면 훌륭한 협업이 될 수 있을 것 같습니다. 이상입니다.","wordCount":144},"emotion":[],"intent":[{"text":"","expression":"","category":"attitude"}],"summary":{"text":"협업은 상대방이 진심성을 다 해서 백 프로로 지원을 해주는 분야 또는 조언해주는 분야 자기 경험에 대해서 어필해주는 부분을 좋은 협업이라고 할 수 있습니다. 협업을 백프로로 보장받기 위해서는 그 인원과 그 직원과에 신뢰성 믿음 또 친밀성을 갖추고 있어야 합니다. 사교성을 키우기 위해서는 공통점을 찾고 친밀성을 갖고 접근하다 보면 훌륭한 협업이 될 수 있을 것 같습니다.","wordCount":54}}},"rawDataInfo":{"question":{"fileFormat":"wav","fileSize":306638,"duration":9580,"samplingBit":16,"channelCount":1,"samplingRate":"16kHz","audioPath":"/Mock/01.Management/Male/Experienced/ckmk_q_bm_m_e_226363.wav"},"answer":{"fileFormat":"wav","fileSize":2641998,"duration":82560,"samplingBit":16,"channelCount":1,"samplingRate":"16kHz","audioPath":"/Mock/01.Management/Male/Experienced/ckmk_a_bm_m_e_226363.wav"}}}