{"version":"1.0","dataSet":{"info":{"date":"20230116","occupation":"BM","channel":"MOCK","place":"ONLINE","gender":"MALE","ageRange":"35-44","experience":"EXPERIENCED"},"question":{"raw":{"text":"요즘 면접자님이 따로 공부하고 있는 것이 있으실까요 만약 있다면 왜 그걸 공부하는지 그리고 지금까지 무엇을 배우셨는지도 말씀 부탁드립니다","wordCount":18},"emotion":[],"intent":[]},"answer":{"raw":{"text":"요즘 공부하는 것은 빅데이터와 에이아이 머신러닝 딥 러닝입니다. 에이아이와 머신 러닝 딥 러닝 빅데이터는 어쩌면 디지털 트랜스포메이션에 핵심 가치라고 생각할 수 있습니다. 빅데이터를 공부하다 보면 자연스럽게 빅데이터를 만들어낸 파이선이라고 하는 프로그램 또한 공부해야 됩니다. 파이선은 씨 뿔 뿔 씨 샵 같은 아주 어려운 코딩 프로그램은 아니지만 그래도 많은 라이브러리를 차용해서 간단한 프로그램 이 및 또는 구글에서 필요한 구글링 같은 거를 데이터를 수집할 수 있는 그런 프로그램을 짤 수가 있습니다. 앞으로는 사람이 아닌 인공지능 및 로봇이 모든 세상을 움직일 것이라고 생각합니다. 현재 주변에 식당이나 카페만 가도 로봇들이 서빙을 하고 로봇들이 주문을 받습니다. 특히나 일인 무인 카페는 로봇이 주문 받고 결제하고 카페에서 보다 더 맛있는 커피 및 라떼 음료수를 제조하여 고객에게 서비스를 하고 있습니다. 실제로 블라인드 테스트를 했을 때 사람이 만든 커피와 로봇이 만든 커피의 맛의 차이를 거의 못 느낀다고 합니다. 그런 면에서 빅데이타 및 인공지능은 필수인 것 같습니다.","wordCount":137},"emotion":[{"text":"파이선은 씨 뿔 뿔 씨 샵 같은 아주 어려운 코딩 프로그램은 아니지만 그래도 많은 라이브러리를 차용해서 간단한 프로그램 이 및   또는 구글에서 필요한 구글링 같은 거를 데이터를 수집할 수 있는 그런 프로그램을 짤 수가 있습니다.","expression":"u-fact","category":"neutral"}],"intent":[{"text":"","expression":"","category":"attitude"}],"summary":{"text":"요즘 공부하는 것은 빅데이터와 에이아이 머신러닝 딥 러닝으로 빅데이터는 디지털 트랜스포메이션의 핵심 가치입니다. 파이선은 파이선 프로그램을 통해 간단한 프로그램이나 또는 구글링 같은 데이터를 수집할 수 있습니다. 앞으로는 인공지능 및 로봇이 모든 세상을 움직일 것이므로 빅데이터 및 인공지능은 필수입니다.","wordCount":38}}},"rawDataInfo":{"question":{"fileFormat":"wav","fileSize":574798,"duration":17960,"samplingBit":16,"channelCount":1,"samplingRate":"16kHz","audioPath":"/Mock/01.Management/Male/Experienced/ckmk_q_bm_m_e_172347.wav"},"answer":{"fileFormat":"wav","fileSize":2793678,"duration":87300,"samplingBit":16,"channelCount":1,"samplingRate":"16kHz","audioPath":"/Mock/01.Management/Male/Experienced/ckmk_a_bm_m_e_172347.wav"}}}