{"version":"1.0","dataSet":{"info":{"date":"20230116","occupation":"BM","channel":"MOCK","place":"ONLINE","gender":"MALE","ageRange":"35-44","experience":"EXPERIENCED"},"question":{"raw":{"text":"다른 계열사도 많이 있습니다 그러나 해당 계열사에 지원해 주신 특별한 이유가 있으실까요 그 이유를 한번 자세하게 들어보고 싶습니다","wordCount":18},"emotion":[],"intent":[]},"answer":{"raw":{"text":"네 다른 계열사 다른 기업도 많이 있었습니다. 그리고 많이 고민을 했었고 어 제가 이 계열사에 특별하게 지원한 이유에 대해서 답변 드리겠습니다. 일단 전 회사가 어 좀 소규모 회사이다 보니까 이런 인제 업무에 대한 그 좀 디테일이나 좀 미래적인 비전 이런 것들이 많이 부족했습니다. 그러다보니 많이 회의감에도 빠지고 좀 무기력해지는 그런 부분이 있어서 좀 이제 모든 그런 분야들을 다 배울 수 있는 그런 계열사를 찾다가 어 여기가 하게 되면 진짜 이것도 배울 수 있는 게 많고 저것도 배울 수 있는 게 많을 것 같아서 어 이렇게 회의감이나 매널리즘에 빠질 여유가 없는 정말 바쁘고 배울 게 많은 그런 계열사이지 않을까 싶어 가지고 지원하게 되었고 어 오게 된다면 서두에 얘기했다시피 정말 한 가지 분야만 아니고 여러 가지 분야를 접목시켜서 좀 많은 경험을 해보고 많은 노하우를 갖고 있는 또는 많은 여러 가지 업무를 하다 보니 이러한 능력이 방대한 그런 직원이 되고 싶습니다. 네 이상입니다.","wordCount":140},"emotion":[],"intent":[{"text":"그러다보니 많이 회의감에도 빠지고 좀 무기력해지는 그런 부분이 있어서 좀 이제 모든 그런 분야들을 다 배울 수 있는 그런 계열사를 찾다가 어 여기가 하게 되면 진짜 이것도 배울 수 있는 게 많고 저것도 배울 수 있는 게 많을 것 같아서 어 이렇게 회의감이나 매널리즘에 빠질 여유가 없는 정말 바쁘고 배울 게 많은 그런 계열사이지 않을까 싶어 가지고 지원하게 되었고 어 오게 된다면 서두에 얘기했다시피 정말 한 가지 분야만 아니고 여러 가지 분야를 접목시켜서 좀 많은 경험을 해보고 많은 노하우를 갖고 있는 또는 많은 여러 가지 업무를 하다 보니 이러한 능력이 방대한 그런 직원이 되고 싶습니다.","expression":"c_sincere_job","category":"etc"}],"summary":{"text":"소규모 회사라 업무에 대한 디테일이나 미래적 비전이 부족했습니다. 그래서 모든 분야를 다 배울 수 있는 계열사를 찾다가 이 계열사를 지원하게 되었습니다. 여러 가지 분야를 접목시켜 많은 경험을 해보고 많은 노하우를 갖고 있는 이런 능력이 방대한 직원이 되고 싶습니다.","wordCount":38}}},"rawDataInfo":{"question":{"fileFormat":"wav","fileSize":567758,"duration":17740,"samplingBit":16,"channelCount":1,"samplingRate":"16kHz","audioPath":"/Mock/01.Management/Male/Experienced/ckmk_q_bm_m_e_235715.wav"},"answer":{"fileFormat":"wav","fileSize":2597198,"duration":81160,"samplingBit":16,"channelCount":1,"samplingRate":"16kHz","audioPath":"/Mock/01.Management/Male/Experienced/ckmk_a_bm_m_e_235715.wav"}}}