{"version":"1.0","dataSet":{"info":{"date":"20230116","occupation":"BM","channel":"MOCK","place":"ONLINE","gender":"MALE","ageRange":"35-44","experience":"EXPERIENCED"},"question":{"raw":{"text":"우리 회사에 들어오게 된다면 가장 가고 싶은 부서와 왜 그렇게 생각하셨는지 그 이유를 함께 말씀해 주세요","wordCount":16},"emotion":[],"intent":[]},"answer":{"raw":{"text":"어 회사에 들어오게 된다면 일단 가장 가고 싶은 부서는 어 일단 영업 부서를 한 번 해보고 싶습니다. 영업도 그 전 회사에서 많이 해 봤었는데 영업이 생각보다 내 적성에 맞고 뭔가 눈에 보이는 성과가 가장 보이지 않았나 싶습니다. 영업 파트를 가게 되면 일단 회사가 어떻게 돌아가는지 흐름이나 뭐 이렇게 우리 회사를 대표해서 어 고 우리 회사의 얼굴이 되어야 하는데 그렇게 했을 때 뭐 회사 대 회사의 영업이라든지 회사 대 개인의 영업이라든지 이런 것들이 포함이 되는 그런 영업이 재미있었지 않나 싶습니다. 또 잘 할 수 있는 분야이고 그래서 어 어느 부서를 가도 상관은 없는데 어 제일 그래도 희망하는 부서는 영업 부서를 가서 그동안 쌓았던 경험을 통해서 좀 더 효꽈를 내고 빨리 회사에 기여할 수 있는 그런 사람이 될 수 있지 않을까 싶습니다. 네 이상입니다.","wordCount":122},"emotion":[],"intent":[{"text":"","expression":"","category":"attitude"}],"summary":{"text":"회사에 들어온다면 가장 가고 싶은 부서는 영업 부서입니다. 영업 파트를 가게 되면 회사 대 회사의 영업, 회사 대 개인의 영업 등이 포함이 되는 영업이 재미있고 잘 할 수 있기 때문입니다. 희망 부서는 이 경험을 통해 빨리 회사에 기여할 수 있는 사람이 될 수 있습니다.","wordCount":44}}},"rawDataInfo":{"question":{"fileFormat":"wav","fileSize":490958,"duration":15340,"samplingBit":16,"channelCount":1,"samplingRate":"16kHz","audioPath":"/Mock/01.Management/Male/Experienced/ckmk_q_bm_m_e_145290.wav"},"answer":{"fileFormat":"wav","fileSize":2235598,"duration":69860,"samplingBit":16,"channelCount":1,"samplingRate":"16kHz","audioPath":"/Mock/01.Management/Male/Experienced/ckmk_a_bm_m_e_145290.wav"}}}