{"version":"1.0","dataSet":{"info":{"date":"20230116","occupation":"BM","channel":"MOCK","place":"ONLINE","gender":"MALE","ageRange":"35-44","experience":"EXPERIENCED"},"question":{"raw":{"text":"면접자님 우리 팀에 들어오게 될 경우에 우리 팀이 궁 목표하는 목표나 또 성과에 대해서 잘 알고 계신가요","wordCount":17},"emotion":[],"intent":[]},"answer":{"raw":{"text":"네 성과나 목표를 어떻게 관리하는지에 대해서 저의 노하우에 대해서 답변 드리도록 하겠습니다. 어 성과나 목표 정말 인간으로서 가지면서 어 살아가야 할 어 목표 정말 자기만의 목표가 되게 중요할 것 같습니다. 일단 성과 부분에서는 자기가 어 자존감을 키우기 위해서라도 성과를 지속적으로 내다 보면은 그에 따른 자기 업무에 대한 인지도나 그런 것들이 올라가기 때문에 제 개인적인 그런 개인 성향이나 개인의 미래에 있어서도 긍정적인 효과를 나타낼 겁니다. 또한 사람의 목표가 없으면 의지가 없어지고 어 이 활력소가 생기지가 않을 겁니다. 그래서 내가 몇 년 안에 어 뭐 승진을 하겠다. 뭐 이런 식으로 구체적인 목표를 세우다 보면은 그 목표의 향에 달려가다 보면은 어 긍정적인 에너지도 나오게 되고 또 적극적인 모습도 나오게 될 겁니다. 그래서 목표를 정해 놓으면 성과가 나올 것이고 성과를 이루다 보면 목표를 이루지 않을까. 두 개의 어 연결 고리는 어 똑같이 이어질 것 같습니다. 이상입니다.","wordCount":132},"emotion":[],"intent":[{"text":"","expression":"","category":"attitude"}],"summary":{"text":"성과나 목표를 어떻게 관리하는지에 대해서 답변 드리겠습니다. 성과를 지속적으로 내다 보면 그에 따른 자기 업무에 대한 인지도나 그런 것들이 올라가기 때문에 제 개인적인 성향이나 개인의 미래에 있어서도 긍정적인 효과를 나타낼 것이고, 구체적인 목표를 세우다 보면 긍정적인 에너지도 나오고 적극적인 모습도 나오게 될 것입니다.","wordCount":43}}},"rawDataInfo":{"question":{"fileFormat":"wav","fileSize":481358,"duration":15040,"samplingBit":16,"channelCount":1,"samplingRate":"16kHz","audioPath":"/Mock/01.Management/Male/Experienced/ckmk_q_bm_m_e_216839.wav"},"answer":{"fileFormat":"wav","fileSize":2599118,"duration":81220,"samplingBit":16,"channelCount":1,"samplingRate":"16kHz","audioPath":"/Mock/01.Management/Male/Experienced/ckmk_a_bm_m_e_216839.wav"}}}