{"version":"1.0","dataSet":{"info":{"date":"20230116","occupation":"BM","channel":"MOCK","place":"ONLINE","gender":"MALE","ageRange":"55-","experience":"EXPERIENCED"},"question":{"raw":{"text":"인사 업무 중 아는 것이 있다면 구체적으로 말씀해 보세요 연봉제 성과 연봉 인사 고과 등","wordCount":15},"emotion":[],"intent":[]},"answer":{"raw":{"text":"연봉제 성과 연봉 인사 고과 등 인사 업무에 관해 아는 것이 있다면 구체적으로 얘기해 주세요. 예 제가 뭐 특별히 뭐 전문가는 아니지만 연봉제는 아 연 연으로 받을 수 있는 그러한 봉급을 가지고 말할 수 있고 성과 연봉은 어 인센티브를 통해서 어 받을 수 있는 그런 부분인 거고 인사 고과는 어 저희가 어 진급을 한다든가 어떠한 그 타이틀에 있어서 어 고과를 내는 그런 부분이라고 할 수 있습니다. 어 요즘 같은 때 경쟁이 많이 심하고 이런 부분에 있어서는 어 연봉을 중요시한다고 생각할 수 밖에 없습니다. 주어진 아 일에서 어 연봉을 많이 받을 수 있는 부분 그리고 인센티브를 많이 받을 수 있도록 나만이 아니라 아 우리 어 부서의 직원들과 같이 일을 했을 때 그러한 성과 연봉이 높아질 수 있도록 최선을 다할 수 있도록 하겠습니다. 무엇보다도 유즘 같은 때에는 아 성과 연봉이 더욱더 중요하다고 생각합니다. 아 인사 고과보다도 어 팀원의 그러한 성과를 높여서 인센티브가 많아지는 아 그런 아 우리 팀원이 될 수 있도록 늘 협조하고 도움을 줄 수 있도록 하겠습니다.","wordCount":156},"emotion":[],"intent":[{"text":"","expression":"","category":"attitude"}],"summary":{"text":"연봉제는 봉급으로 말할 수 있고 성과 연봉은 인센티브를 통해 받을 수 있는 부분이고 인사 고과는 진급, 고과를 내는 부분이라고 할 수 있습니다. 요즘 경쟁이 심한 만큼 성과 연봉이 중요하다고 생각합니다. 팀원의 성과를 높여 인센티브가 많아지는 팀원이 될 수 있도록 늘 협조하고 도움을 줄 수 있도록 하겠습니다.","wordCount":46}}},"rawDataInfo":{"question":{"fileFormat":"wav","fileSize":486158,"duration":15190,"samplingBit":16,"channelCount":1,"samplingRate":"16kHz","audioPath":"/Mock/01.Management/Male/Experienced/ckmk_q_bm_m_e_145725.wav"},"answer":{"fileFormat":"wav","fileSize":2828558,"duration":88390,"samplingBit":16,"channelCount":1,"samplingRate":"16kHz","audioPath":"/Mock/01.Management/Male/Experienced/ckmk_a_bm_m_e_145725.wav"}}}