{"version":"1.0","dataSet":{"info":{"date":"20230116","occupation":"BM","channel":"MOCK","place":"ONLINE","gender":"MALE","ageRange":"35-44","experience":"EXPERIENCED"},"question":{"raw":{"text":"우리 회사가 중국 시장에 진출했을 때 점유율을 높일 수 있는 점유율 확대 방안을 제시해 주세요","wordCount":15},"emotion":[],"intent":[]},"answer":{"raw":{"text":"네 우리 회사가 이제 중국 시장에 진출하게 됐을 때 어 이제 중국을 잡고 점유율을 높일 수 있는 점유율을 확대할 수 있는 방법에 대해서 답변 드리겠습니다. 제일 좋은 방법은 좋은 품질로 접근하는 게 제일 좋을 것 같습니다. 이 중국에서 따라 올 수 없는 그 퀄리티를 보여주게 됐을 때 어 중국인들도 이제 경제 상황이 중국이 많이 좋아졌기 때문에 가격에 그렇게 크게 연연하지 않을 것 같습니다. 그리고 많은 사람이 사용할 수 있는 그런 물건들을 제출을 하게 된다면은 당연히 점유율은 따라오지 않을까 싶습니다. 결국 사람의 본성은 자기 나라의 애국애족의 자세보다는 자기가 정말 필요한 게 무엇인지 어떤 더 좋은 물건 그런 욕구가 있기 때문에 그 점을 잘 활용을 한다면은 어 중국에 있는 그런 시장에 어 점유율을 가져올 수 있지 않을까 싶습니다. 그리고 가격적인 측면에서도 어 어느 정도 중국하고 너무 차이나지 않게끔 해서 컬리티를 높인 어 물건이 나온다면은 충분히 어 점유율을 장악할 수 있을 것 같습니다. 네 이상입니다.","wordCount":142},"emotion":[],"intent":[{"text":"","expression":"","category":"attitude"}],"summary":{"text":"우리 회사가 중국 시장에 진출하게 됐을 때 점유율을 높일 수 있는 방법에 대해서 답변 드리겠습니다. 좋은 품질로 접근하는 게 제일 좋을 것 같습니다. 그리고 많은 사람이 사용할 수 있는 물건을 제출을 하게 되면 점유율은 따라올 것입니다. 그리고 가격적인 측면에서도 중국하고 차이나지 않게 컬리티를 높인 물건이 나온다면 점유율을 장악할 수 있을 것입니다.","wordCount":51}}},"rawDataInfo":{"question":{"fileFormat":"wav","fileSize":318798,"duration":9960,"samplingBit":16,"channelCount":1,"samplingRate":"16kHz","audioPath":"/Mock/01.Management/Male/Experienced/ckmk_q_bm_m_e_236649.wav"},"answer":{"fileFormat":"wav","fileSize":2510798,"duration":78460,"samplingBit":16,"channelCount":1,"samplingRate":"16kHz","audioPath":"/Mock/01.Management/Male/Experienced/ckmk_a_bm_m_e_236649.wav"}}}