{"version":"1.0","dataSet":{"info":{"date":"20230116","occupation":"BM","channel":"MOCK","place":"ONLINE","gender":"MALE","ageRange":"35-44","experience":"EXPERIENCED"},"question":{"raw":{"text":"면접자님이 우리 회사에 입사를 했더니 생각했던 업무 내용이나 강도가 아니라 전혀 다른 업무 내용이나 강도가 있다면 어떻게 처리를 하시겠습니까","wordCount":19},"emotion":[],"intent":[]},"answer":{"raw":{"text":"어 회사에 입사 후에 업무 내용이나 이제 강도가 분명히 이제 예상과는 틀릴 거를 예상하고 있습니다. 그 이유는 어 회사의 업무 강도나 이런 것들은 당연히 회사마다 틀리다고 생각합니다. 똑같은 일이어도 회사마다 그 분위기도 틀리고 진행하는 과정이나 이런 방향들이 틀리기 때문에 그거는 당연히 예상했던 분야이고 그런 것들을 통해서 회사에 입사 했을 때 그런 업무 내용이나 뭐 이런 강도에 대해서는 전혀 반감이 없을 거 같고 오히려 그 제가 가졌던 그런 경험이나 업무 했던 스타일을 빨리 적용시켜서 이 회사에 맞게끔 그렇게 진행을 하게 되면은 그런 뭐 업무 강도나 내용 뭐 이런 거는 전혀 문제가 되지 않을 거 같습니다. 새로운 거를 또 배울 수 있고 새로운 업무를 할 수 있다는 거에 대해서 또 배우는 거고 또 회사 만의 특징을 알 수 있는 거기 때문에 그런 거에 대해서는 전혀 어 뭐 문제가 되지 않을 거 같고 제가 빨리 적응해서 회사에 누가 끼치지 않는 그런 것들이 더 중요할 것 같습니다. 이상입니다.","wordCount":144},"emotion":[],"intent":[{"text":"","expression":"","category":"attitude"}],"summary":{"text":"회사마다 업무 강도나 진행 방향이 틀리기 때문에 입사 후 업무 내용이나 강도가 예상과는 다를 것입니다. 하지만 새로운 업무를 할 수 있고 회사 만의 특징을 알 수 있는 것이므로 그런 거에 대해서는 문제가 되지 않을 것 같습니다. 이상입니다.","wordCount":37}}},"rawDataInfo":{"question":{"fileFormat":"wav","fileSize":518478,"duration":16200,"samplingBit":16,"channelCount":1,"samplingRate":"16kHz","audioPath":"/Mock/01.Management/Male/Experienced/ckmk_q_bm_m_e_145291.wav"},"answer":{"fileFormat":"wav","fileSize":2447118,"duration":76470,"samplingBit":16,"channelCount":1,"samplingRate":"16kHz","audioPath":"/Mock/01.Management/Male/Experienced/ckmk_a_bm_m_e_145291.wav"}}}