{"version":"1.0","dataSet":{"info":{"date":"20230116","occupation":"BM","channel":"MOCK","place":"ONLINE","gender":"MALE","ageRange":"45-54","experience":"EXPERIENCED"},"question":{"raw":{"text":"지원자님이 평소 스트레스를 받으면 어떻게 하시는지 그리고 스트레스 해소를 왜 그런 방법으로 하시는지 같이 말씀해 주시겠어요","wordCount":16},"emotion":[],"intent":[]},"answer":{"raw":{"text":"저는 정말 단순한데 네 이거는 저는 자요 스트레스 받으면. 네 도피하는 거죠 도피 현실 도피. 잠으로써 아무 것도 생각하고 싶지 않고 어떠한 감정도 느끼고 싶지 않고 어떠한 것도 그냥 눈이 떠있는 상태라면 아무 아무런 이미지도 보고 싶지 않기 때문에 어떤 소리도 듣고 싶지 않고 그래서 자요. 자려고 해요. 뭐 수면 유도제를 먹고 잔 적도 있고 아 근데 호텔 가서 자요 저는. 집에 가서 잠을 자는 게 아니라 아예 그냥 저 혼자만 동떨어진 네 좀 새로운 환경의 호텔로 가서 바로 자요. 그 샤워하고 바로 자요. 그리고 이제 푹 자고 일어나서 생각을 하는 거죠. 뭐 네 그래도 잠을 못 자지 않아요. 잠은 자요. 한 다섯 여섯 시간은 자요. 그러면 이제 다시 그때부터 현실에 부딪치면서 시작을 하는 거죠. 그렇습니다.","wordCount":116},"emotion":[],"intent":[{"text":"","expression":"","category":"attitude"}],"summary":{"text":"현실도피를 위해 잠을 자요. 어떤 감정이나 이미지도 보고 싶지 않기 때문에 수면 유도제를 먹거나 혼자 동떨어진 호텔로 갑니다. 그리고 샤워하고 바로 일어나 생각에 잠깁니다. 한 다섯 여섯 시간은 자야 하는데 그때부터 현실에 부딪치면서 시작합니다.","wordCount":34}}},"rawDataInfo":{"question":{"fileFormat":"wav","fileSize":322638,"duration":10080,"samplingBit":16,"channelCount":1,"samplingRate":"16kHz","audioPath":"/Mock/01.Management/Male/Experienced/ckmk_q_bm_m_e_178121.wav"},"answer":{"fileFormat":"wav","fileSize":2897678,"duration":90550,"samplingBit":16,"channelCount":1,"samplingRate":"16kHz","audioPath":"/Mock/01.Management/Male/Experienced/ckmk_a_bm_m_e_178121.wav"}}}