{"version":"1.0","dataSet":{"info":{"date":"20230116","occupation":"BM","channel":"MOCK","place":"ONLINE","gender":"MALE","ageRange":"35-44","experience":"EXPERIENCED"},"question":{"raw":{"text":"에스씨엠은 무엇이라고 생각하시는지요","wordCount":3},"emotion":[],"intent":[]},"answer":{"raw":{"text":"네 에스씨엠 공급망 관리에 대해서 답변 드리도록 하겠습니다. 어 에스씨엠 결국은 회사에서 공급와 유통까지 통합해서 관리하는 시스템이 되겠습니다. 이런 공급망을 잘 관리하기 위해서는 어 신뢰가 중요하다고 생각합니다. 여기서 이제 서로 간의 신뢰가 중요할 것 같은데 이런 공급망 관리는 유통까지 이어지는 거기 때문에 어 뭐 제품에 문제가 있어서도 안 되겠지만 문제가 있을 시에 바로바로 회수가 되고 또 유통까지 가는 과정에서의 그런 인건비나 무슨 절차에 있어서 그런 검 점검 관계도 대단히 중요하다고 생각하기 때문입니다. 그래서 이런 공급망 관리에 있어서 제일 중요한 거는 그 작업자들에 대한 그런 능력들도 중요하겠지만 이런 체계적인 시스템이 만들어져서 항나의 톱니바퀴가 돌듯이 체계적으로 관리가 되는 그런 시스템이 잘 갖춰져야 하고 그 부분을 유지하는 데도 굉장한 시간이 걸릴 겁니다. 그래서 이런 것들을 잘 관리하기 위해서는 이런 직원들 간의 신뢰에 직원을 믿고 직원의 부족한 점이 무엇인지를 잘 판단는 것도 중요할 것 같습니다. 이상입니다.","wordCount":132},"emotion":[],"intent":[{"text":"","expression":"","category":"attitude"}],"summary":{"text":"에스씨엠의 공급망 관리는 유통까지 이어져 문제 발생 시 바로 회수되고 유통 과정에서의 인건비나 검 점검 관계도 중요하기 때문에 작업자들에 대한 능력뿐만 아니라 체계적인 시스템이 잘 구축되어야 합니다. 이를 위해서는 직원들 간의 신뢰와 직원 부족한 점의 판단이 중요할 것 같습니다.","wordCount":39}}},"rawDataInfo":{"question":{"fileFormat":"wav","fileSize":241678,"duration":7550,"samplingBit":16,"channelCount":1,"samplingRate":"16kHz","audioPath":"/Mock/01.Management/Male/Experienced/ckmk_q_bm_m_e_215374.wav"},"answer":{"fileFormat":"wav","fileSize":2615758,"duration":81740,"samplingBit":16,"channelCount":1,"samplingRate":"16kHz","audioPath":"/Mock/01.Management/Male/Experienced/ckmk_a_bm_m_e_215374.wav"}}}