{"version":"1.0","dataSet":{"info":{"date":"20230116","occupation":"BM","channel":"MOCK","place":"ONLINE","gender":"MALE","ageRange":"35-44","experience":"EXPERIENCED"},"question":{"raw":{"text":"지원자님이 대학에 다니실 때 대학에서 배운 전공 과목 중에 가장 기억에 남는 과목이 있다면 그 과목을 한 가지만 골라서 왜 기억에 많이 남는지 이유를 함께 설명 부탁드리겠습니다","wordCount":27},"emotion":[],"intent":[]},"answer":{"raw":{"text":"제일 기억에 남는 과목은 바로 방사선 생물학입니다. 우리가 중고등학교 배웠던 생물학은 그냥 세포의 움직임 또는 세포의 갯수 우리에게 필요한 어떤 특별한 영양 물질은 무엇인지 그다음에 우리의 장기 뼈 이런 것들은 어떻게 생겼는지에 대한 것을 배운 것이라면 방사선 생물학은 사람이 방사선에 노출되었을 때 생물학적으로 어떻게 움직임을 갖고 어떻게 변화가 되는지에 대한 내용을 다루는 학문인 학문입니다. 우리가 생각하는 방사선은 생각보다 굉장히 위험하고 노출되면 큰일 날 것 같지만 적당한 방사선은 우리 몸에 수명 연장을 해주고 세포를 건강하게 해주기 합니다. 하지만 씨티나 엑스레이 같은 방사선 또는 방사능에 많이 노출이 되면 우리 세포는 노화가 빨리 오거나 아니면 수소와 산소의 결합기가 깨지면서 암세포로 변모할 수가 있습니다. 또는 방사선을 맞음으로써 태아에 영향을 미치거나 임산부 같은 경우는 기형아를 낳는 경우도 있습니다. 특히나 우리 눈에 가장 예민한 수정체 같은 부분은 방사선을 맞으면서 실명이 되거나 녹내장이나 백내장 같은 것이 올 수 있다 라는 방사선 생물학에서의 교육 내용이 지금까지 살면서 가장 기억에 남는 과목이었습니다.","wordCount":143},"emotion":[],"intent":[{"text":"","expression":"","category":"attitude"}],"summary":{"text":"방사선 생물학은 사람이 방사선에 노출되었을 때 생물학적으로 어떻게 움직임을 갖고 변화가 되는지에 대한 내용을 다루는 학문인 학문입니다. 방사선에 많이 노출될 경우 우리 세포는 노화가 빨리 오거나 암세포로 변모할 수가 있습니다. 방사선을 맞으면서 실명이 되거나 녹내장이나 백내장 같은 것이 올 수 있다 라는 교육 내용이 가장 기억에 남습니다.","wordCount":47}}},"rawDataInfo":{"question":{"fileFormat":"wav","fileSize":611278,"duration":19100,"samplingBit":16,"channelCount":1,"samplingRate":"16kHz","audioPath":"/Mock/01.Management/Male/Experienced/ckmk_q_bm_m_e_165146.wav"},"answer":{"fileFormat":"wav","fileSize":2775758,"duration":86740,"samplingBit":16,"channelCount":1,"samplingRate":"16kHz","audioPath":"/Mock/01.Management/Male/Experienced/ckmk_a_bm_m_e_165146.wav"}}}