{"version":"1.0","dataSet":{"info":{"date":"20230116","occupation":"BM","channel":"MOCK","place":"ONLINE","gender":"MALE","ageRange":"55-","experience":"EXPERIENCED"},"question":{"raw":{"text":"만약 이 면접에서 최종적으로 탈락을 하신다 면 어떤 점이 부족해서 탈락을 했다고 생각을 하시겠습니까","wordCount":14},"emotion":[],"intent":[]},"answer":{"raw":{"text":"만약 이 면접에서 최종 탈락하신다면 어떤 점이 부족해서 탈락했다고 생각을 하시겠습니까 아 예 제가 탈락을 하게 된다면 어 비교적이기 때문에 어 저하고 동등한 경쟁자들한테 제가 어 많이 좀 부족했기 때문에 탈락한다고 생각합니다. 아니면 어 회사에 있어서를 탈락시켰다고 한다면 어 무엇보다도 독선적인 그런 면이라고 할까 아 너무 경영의 아 리더로서의 역할이 좀 부족하다고 할까 그런 부분에서 어 탈락했다고 그런 생각이 들 것 같습니다. 어떻게 보면 저의 단점이 될 수 있는 부분일 것 같습니다. 제가 더욱더 노력하는 그런 어 일을 해야 될 것 같습니다. 아 무엇보다도 제가 여러 가지 일을 했기 때문에 탈락의 아쉬움보다는 아 귀사에서 도움이 될 것이라고 하는 생각이 더 깊다고 생각합니다. 아 제가 여태까지 해왔던 일들 가운데 중소기업과 또한 중견기업에서 일했던 그런 일들이 귀사에 큰 도움이 될 것이라고 생각합니다. 아 많은 후배들에게도 어 칭찬을 받고 있는 그런 일들이 많이 있기 때문에 그런 생각을 가질 수 있습니다. 무엇보다도 네트워크가 강점이라고 생각을 합니다.","wordCount":142},"emotion":[],"intent":[{"text":"아 제가 여태까지 해왔던 일들 가운데 중소기업과 또한 중견기업에서 일했던   그런 일들이 귀사에 큰 도움이 될 것이라고 생각합니다.","expression":"c_sincere_co","category":"etc"}],"summary":{"text":"비교적이기 때문에 탈락한다고 한다면 무엇보다도 독선적인 면 때문이라고 생각할 것 같습니다. 리더로서의 역할이 부족하여 탈락했다고 그런 생각이 들 것 같습니다.","wordCount":20}}},"rawDataInfo":{"question":{"fileFormat":"wav","fileSize":427598,"duration":13360,"samplingBit":16,"channelCount":1,"samplingRate":"16kHz","audioPath":"/Mock/01.Management/Male/Experienced/ckmk_q_bm_m_e_160194.wav"},"answer":{"fileFormat":"wav","fileSize":2867278,"duration":89600,"samplingBit":16,"channelCount":1,"samplingRate":"16kHz","audioPath":"/Mock/01.Management/Male/Experienced/ckmk_a_bm_m_e_160194.wav"}}}