{"version":"1.0","dataSet":{"info":{"date":"20230116","occupation":"BM","channel":"MOCK","place":"ONLINE","gender":"MALE","ageRange":"-34","experience":"EXPERIENCED"},"question":{"raw":{"text":"본인이 신입 사원을 채용하는 프로세스를 바꿀 수 있다면 본인께서는 어떻게 바꾸게 바꾸고 싶으십니까","wordCount":13},"emotion":[],"intent":[]},"answer":{"raw":{"text":"그 제가 신입사원 채용 프로세스를 바꿀 기회가 있다면 저는 면접 방식을 조금 바꾸고 싶습니다. 단순히 면접 장에 들어와서 오 분 십 분 면접을 보는 것이 아니라 그 사람들과 집단 면접 그리고 어 일 박 이 일 정도의 숙박을 하면서 면접을 진행하는 방식으로 면접을 진행해 보고 싶습니다. 그 이유는 단 시간 동안 그 사람을 파악하는 데 어려움이 있기 때문에 일 박 이 일 정도 기간을 두고 그 사람이 다른 사람들과 어떻게 어울리는지 그리고 본인의 상사가 될 분들에게 어 예절은 어떤지 그리고 평소에 태도는 어떤지 등을 함께 관찰을 해야 회사에서 일을 함에 있어서 더 수월하게 그리고 효과적으로 일을 할 수 있다고 생각합니다.","wordCount":100},"emotion":[],"intent":[{"text":"","expression":"","category":"attitude"}],"summary":{"text":"신입사원 채용 프로세스를 바꿀 기회가 있다면 저는 집단 면접, 일 박 이 일 정도의 숙박을 하면서 면접을 진행하는 방식으로 면접을 진행하고 싶습니다. 그래야 회사에서 더 수월하게 그리고 효과적으로 일을 할 수 있다고 생각합니다.","wordCount":33}}},"rawDataInfo":{"question":{"fileFormat":"wav","fileSize":333518,"duration":10420,"samplingBit":16,"channelCount":1,"samplingRate":"16kHz","audioPath":"/Mock/01.Management/Male/Experienced/ckmk_q_bm_m_e_199630.wav"},"answer":{"fileFormat":"wav","fileSize":2251598,"duration":70360,"samplingBit":16,"channelCount":1,"samplingRate":"16kHz","audioPath":"/Mock/01.Management/Male/Experienced/ckmk_a_bm_m_e_199630.wav"}}}