{"version":"1.0","dataSet":{"info":{"date":"20230116","occupation":"BM","channel":"MOCK","place":"ONLINE","gender":"MALE","ageRange":"35-44","experience":"EXPERIENCED"},"question":{"raw":{"text":"협업을 할 때 가장 중요하게 생각하는 것이 무엇입니까 이유와 함께 말씀해 주세요","wordCount":12},"emotion":[],"intent":[]},"answer":{"raw":{"text":"어 협업을 할 때 가장 중요한 부분은 의사소통이 될 것 같습니다. 의사소통이라는 것은 일단 상급자든 하급자든 사람 대 사람으로서 했을 때 어 말이 통하고 같은 방향을 보고 그런 부분들이 이루어졌을 때 가장 협업이 성공적으로 이루어졌던 것 같습니다. 이렇게 인제 정확하게 이루어지는 데 있어서는 분명한 것은 음 협업을 할려면 주변 사람들과의 아니면 상 하급자 구성원들이 어 의사소통이 돼야 하는데 그 부분은 사실 좋은 부분은 상대방의 말을 무시하거나 묵시하거나 이런 것보다는 잘 들어줄 수 있는 그런 자세를 갖추는 게 제일 중요할 것 같습니다. 하급자에게도 분명히 좋은 아이디어가 있을 것이고 상급자는 그동안의 경험이나 뭐 이런 노하우들이 갖고 있는 아이 아이디어가 있을 것이고 그런 것들이 잘 이루어졌 있을 때 이 훌륭하게 협업이 될 수 있지 않을까 싶습니다. 그래서 저는 이제 제일 중요하게 여기는 부분은 어 상대방의 말을 들을 수 있는 자세 경청의 자세가 제일 중요하지 않을까 싶습니다. 그랬을 때 어 그 협업에 대한 부분에 대해서 가장 극대화되지 않을까 싶습니다. 이상입니다.","wordCount":146},"emotion":[],"intent":[{"text":"어 협업을 할 때 가장 중요한 부분은 의사소통이 될 것 같습니다.","expression":"c_cop","category":"personality"},{"text":"이렇게 인제 정확하게 이루어지는 데 있어서는 분명한 것은 음 협업을 할려면 주변 사람들과의 아니면 상 하급자   구성원들이 어 의사소통이 돼야 하는데 그 부분은 사실 좋은 부분은 상대방의 말을   무시하거나 묵시하거나 이런 것보다는 잘 들어줄 수 있는 그런 자세를 갖추는 게 제일 중요할 것 같습니다.","expression":"c_cop","category":"personality"}],"summary":{"text":"협업을 할 때 가장 중요한 것은 상급자든 하급자든 말이 통하고 같은 방향을 보고 이루어져야 한다는 것입니다. 협업을 하려면 주변 사람과의 의사소통이 되어야 하는데, 상대방의 말을 잘 들어줄 수 있는 자세를 갖추는 게 가장 중요합니다. 상급자에게도 좋은 아이디어가 있을 것이고 하급자도 노하우들이 있을 것이고 그런 것들이 잘 이루어졌을 때 협업이 될 것입니다.","wordCount":51}}},"rawDataInfo":{"question":{"fileFormat":"wav","fileSize":304718,"duration":9520,"samplingBit":16,"channelCount":1,"samplingRate":"16kHz","audioPath":"/Mock/01.Management/Male/Experienced/ckmk_q_bm_m_e_184701.wav"},"answer":{"fileFormat":"wav","fileSize":2655118,"duration":82970,"samplingBit":16,"channelCount":1,"samplingRate":"16kHz","audioPath":"/Mock/01.Management/Male/Experienced/ckmk_a_bm_m_e_184701.wav"}}}