{"version":"1.0","dataSet":{"info":{"date":"20230116","occupation":"BM","channel":"MOCK","place":"ONLINE","gender":"MALE","ageRange":"55-","experience":"EXPERIENCED"},"question":{"raw":{"text":"면접자님께서는 스트레스를 받으면 어떻게 하시는지 왜 그런 방법으로 스트레스를 해소하는지 설명 부탁드립니다","wordCount":12},"emotion":[],"intent":[]},"answer":{"raw":{"text":"일단 스트레스를 받으면 저는 제 자리에서 뛰쳐나갑니다. 그리고 바깥에서 공기를 마시면서 긴 한숨을 쉽니다. 이렇게 호흡을 길게 하다 보면은 마음의 정리가 좀 되고요. 그래서 평일에는 어 이렇게 해서 스트레스를 순간 순간 푼다던가 해소를 하게 되고요. 혹시라도 일찍 퇴근하거나 아니면 주말 같은 경우에는 추가적으로 쌓였던 그런 스트레스는 유산소 운동을 하면서 해소를 합니다. 특히 저는 유서 소 운동을 좋아해서 사이클링 그다음에 달리기 그리고 축구 같은 땀 흘려면서 운동하는 그런 유산소 운동을 특히 좋아해서 그런 데에 시간을 보내면서 스트레스를 해소합니다. 그렇게 되면 주말에도 하다 보면은 월요일날은 아무리 월요병이 있다 할지라도 조금은 스트레스가 풀려서 상쾌한 기본으로 출근하게 된답니다.","wordCount":94},"emotion":[],"intent":[{"text":"","expression":"","category":"attitude"}],"summary":{"text":"스트레스 해소를 위해 평일에는 스트레스를 순간 순간 푼다거나 해소를 하게 되고, 주말 같은 경우에는 추가적으로 쌓였던 스트레스는 유산소 운동을 하면서 해소를 합니다.","wordCount":22}}},"rawDataInfo":{"question":{"fileFormat":"wav","fileSize":417998,"duration":13060,"samplingBit":16,"channelCount":1,"samplingRate":"16kHz","audioPath":"/Mock/01.Management/Male/Experienced/ckmk_q_bm_m_e_243976.wav"},"answer":{"fileFormat":"wav","fileSize":2430478,"duration":75950,"samplingBit":16,"channelCount":1,"samplingRate":"16kHz","audioPath":"/Mock/01.Management/Male/Experienced/ckmk_a_bm_m_e_243976.wav"}}}