{"version":"1.0","dataSet":{"info":{"date":"20230116","occupation":"BM","channel":"MOCK","place":"ONLINE","gender":"MALE","ageRange":"55-","experience":"EXPERIENCED"},"question":{"raw":{"text":"현대 사회에 없어서는 안 될 가장 중요하게 생각하는 직업 한 가지를 골라서 말씀해 주세요","wordCount":14},"emotion":[],"intent":[]},"answer":{"raw":{"text":"현대 사회에서 없어서는 안 될 중요한 직업이 한 두 가지는 아닐 거라고 보여지는데요. 저는 이 발전해 나가는 그런 아이티 세계 이전에 지금도 그렇고 과거에도 있었던 직업 저는 청소 하는 청소부 인 것 같습니다. 이 청소부가 없다면은 우리 주변에 지저분하고 그리고 사람이 살기에 쾌적하지 못하게 만들어지는 그런 환경들을 고쳐 나가는 이런 청소부가 있기 때문에 저희가 편안하고 쾌적하게 생활을 하고 있는 것 같습니다. 이런 청소원이 당연히 있음으로써 우리 현재 이용하고 있는 거리나 전철역이나 아니면은 우리가 살고 있는 아파트 던 모두 다 깨끗하게 되는 거죠. 그래서 저는 이 직업이 가장 중요하다고 보여집니다.","wordCount":89},"emotion":[],"intent":[{"text":"","expression":"","category":"attitude"}],"summary":{"text":"현대 사회에서 중요한 직업은 청소부입니다. 지저분하고 사람이 살기에 쾌적하지 못하게 만드는 환경들을 고쳐 나가는 청소부가 있기 때문에 우리가 이용하고 있는 거리나 전철역이나 아파트던 모두 다 깨끗해지는 것입니다.","wordCount":27}}},"rawDataInfo":{"question":{"fileFormat":"wav","fileSize":235598,"duration":7360,"samplingBit":16,"channelCount":1,"samplingRate":"16kHz","audioPath":"/Mock/01.Management/Male/Experienced/ckmk_q_bm_m_e_243980.wav"},"answer":{"fileFormat":"wav","fileSize":2331598,"duration":72860,"samplingBit":16,"channelCount":1,"samplingRate":"16kHz","audioPath":"/Mock/01.Management/Male/Experienced/ckmk_a_bm_m_e_243980.wav"}}}