{"version":"1.0","dataSet":{"info":{"date":"20230116","occupation":"BM","channel":"MOCK","place":"ONLINE","gender":"MALE","ageRange":"55-","experience":"EXPERIENCED"},"question":{"raw":{"text":"일을 하다 보면 이제 중국으로 출장을 갈 일이 생길 수도 있습니다 어 그런 상황에서 잦은 출장 잦은 중국 출장도 지원자님께서는 괜찮으신가요","wordCount":21},"emotion":[],"intent":[]},"answer":{"raw":{"text":"중국으로의 출장을 가는 일이 생긴다 할지라도 저는 기꺼이 중국 출장을 갈 수 있다 라고 생각을 합니다. 왜냐하면 중국 출장을 꼭 가야 된다 라고 하면은 회사에서도 항공료라든가 체제비 등 그러한 비용들이 많이 드는데도 불구하고 출장을 꼭 갈 수 밖에 없는 그러한 경우고 그것을 요청을 했는데 제가 그것을 마다하고 못 갈 이유는 없다고 보여지고 조직의 일원으로써 당연히 출장을 가야 된다 라고 생각을 합니다. 그리고 제 개인적으로는 중국이라면은 그래도 해외인데 해외에 출장도 가서 일도 물론 보겠지만은 일이 끝나고 난 뒤에 중국 사람들의 살아가는 모습도 추가적으로 볼 수 있다면은 제 인생의 자리에 더 도움이 되는 것 아닐까요. 저는 출장 가는 거에 대해서 당연히 괜찮다고 생각합니다.","wordCount":101},"emotion":[],"intent":[{"text":"","expression":"","category":"attitude"}],"summary":{"text":"저는 조직의 일원으로써 중국 출장을 가는 일이 생겨도 기꺼이 갈 수 있다고 생각합니다. 그리고 일이 끝나고 난 뒤 중국 사람들의 살아가는 모습도 볼 수 있다면 더 도움이 될 것이라고 생각합니다.","wordCount":30}}},"rawDataInfo":{"question":{"fileFormat":"wav","fileSize":470798,"duration":14710,"samplingBit":16,"channelCount":1,"samplingRate":"16kHz","audioPath":"/Mock/01.Management/Male/Experienced/ckmk_q_bm_m_e_239675.wav"},"answer":{"fileFormat":"wav","fileSize":2420878,"duration":75650,"samplingBit":16,"channelCount":1,"samplingRate":"16kHz","audioPath":"/Mock/01.Management/Male/Experienced/ckmk_a_bm_m_e_239675.wav"}}}