{"version":"1.0","dataSet":{"info":{"date":"20230116","occupation":"BM","channel":"MOCK","place":"ONLINE","gender":"MALE","ageRange":"35-44","experience":"EXPERIENCED"},"question":{"raw":{"text":"본인은 스트레스를 받으면 어떻게 하시는지 궁금한데요 왜 그렇게 스트레스를 해소하는지 이유를 함께 말씀을 해 주시면 되겠습니다","wordCount":16},"emotion":[],"intent":[]},"answer":{"raw":{"text":"네 스트레스 부분에서 어 어떻게 스트레스 해소하는 방법을 개인적으로 하고 있는지 부분에 대해서 말씀드리겠습니다. 일단 스트레스는 만병의 근원입니다. 그 이 스트레스가 쌓이고 또 쌓이고 하면은 불면증부터 시작해서 여러 가지의 병에 노출될 텐데 그거를 해결하는 방법은 그 날의 스트레스는 그 날에 푸는 게 제일 좋은 효과적인 방법인 것 같습니다. 어 일단 스트레스를 해소하는 방법 중에 제 각자 만의 방법이 있을 건데 저 같은 경우는 이제 운동으로 많이 그 부분을 해소하고 있습니다. 일단 땅을 많이 흘리는 운동을 하고 나면은 그 날에 있었던 스트레스가 날라가면서 다음날 다시 달릴 수 있게끔 해주는 리플레이 효과가 있다고 생각합니다. 그래서 제가 추천하고 싶은 방법은 제가 테니스하고 마라톤을 좋아하는데 두 가지 공통점은 땀을 굉장히 많이 흘릴 수 있다는 겁니다. 그 운동도 뭐 여러 가지 운동이 있겠지만 땀을 흘리는 운동이 있을 것이고 그냥 운동 효과만 있는 것이 있을 건데 저는 땀을 많이 흘려라 이 부분을 강조하고 싶고 이 땀을 많이 흘렸을 때 그때 나오는 그런 쾌감 그런 것들이 참 효과적인 것 같습니다. 네 이상입니다.","wordCount":155},"emotion":[],"intent":[{"text":"","expression":"","category":"attitude"}],"summary":{"text":"스트레스는 만병의 근원으로 그 날의 스트레스는 그 날에 푸는 게 제일 좋은 방법입니다. 스트레스를 해소하는 방법 중에 저 같은 경우는 운동을 많이 하고 있습니다. 땅을 많이 흐르는 운동을 하고 나면은 스트레스로 인해 다음날 다시 달릴 수 있게 해주는 리플레이 효과가 있다고 생각합니다. 운동을 할 때 나오는 쾌감들이 참 효과적인 것 같습니다.","wordCount":51}}},"rawDataInfo":{"question":{"fileFormat":"wav","fileSize":431438,"duration":13480,"samplingBit":16,"channelCount":1,"samplingRate":"16kHz","audioPath":"/Mock/01.Management/Male/Experienced/ckmk_q_bm_m_e_215382.wav"},"answer":{"fileFormat":"wav","fileSize":2594638,"duration":81080,"samplingBit":16,"channelCount":1,"samplingRate":"16kHz","audioPath":"/Mock/01.Management/Male/Experienced/ckmk_a_bm_m_e_215382.wav"}}}