{"version":"1.0","dataSet":{"info":{"date":"20230116","occupation":"BM","channel":"MOCK","place":"ONLINE","gender":"MALE","ageRange":"55-","experience":"EXPERIENCED"},"question":{"raw":{"text":"지원자님께서는 본인이 교번근무에 잘 적응할 수 있다고 생각하시나요 교번근무를 잘 적응할 수 있다면 그 근거도 함께 말씀해 주시기 바랍니다","wordCount":19},"emotion":[],"intent":[]},"answer":{"raw":{"text":"예 출퇴근이 일정치 않은 교번 근무에 잘 할 수 있고 잘 적응할 거라고 생각합니다. 자신이 있습니다. 그 이유는 교번 근무를 몇 년 전에도 제가 건축 건설 현장에 일을 하면서 근무한 경험이 있었고 그때 경험 바탕으로 지금 일을 한다면 큰 어려움이 없다고 보여집니다. 출퇴근이 좀 불규칙하다고 해서 제가 이 직장에 지원을 못할 이유도 없고 그렇게 해서 교번 근무가 어 힘들어서 일을 못할 이유는 충분히 없다고 보여집니다. 교번 근무의 에 스케줄에 맞춰서 근무를 하는 데는 전혀 문제가 없다고 보여지고 직장 생활의 한 일환으로서 어 체계적으로 갖춰져 있는 이런 교번 근무에 잘 맞춰서 근무를 할 수 있도록 그렇게 하겠습니다.","wordCount":96},"emotion":[],"intent":[{"text":"","expression":"","category":"attitude"}],"summary":{"text":"출퇴근이 일정치 않은 교번 근무에 잘 할 수 있고 잘 적응할 거라고 생각합니다. 그 이유는 제가 교번 근무를 몇 년 전에도 근무한 경험이 있어서 지금 일을 한다면 큰 어려움이 없다고 보여지기 때문입니다.","wordCount":32}}},"rawDataInfo":{"question":{"fileFormat":"wav","fileSize":626318,"duration":19570,"samplingBit":16,"channelCount":1,"samplingRate":"16kHz","audioPath":"/Mock/01.Management/Male/Experienced/ckmk_q_bm_m_e_244223.wav"},"answer":{"fileFormat":"wav","fileSize":2132878,"duration":66650,"samplingBit":16,"channelCount":1,"samplingRate":"16kHz","audioPath":"/Mock/01.Management/Male/Experienced/ckmk_a_bm_m_e_244223.wav"}}}