{"version":"1.0","dataSet":{"info":{"date":"20230116","occupation":"BM","channel":"MOCK","place":"ONLINE","gender":"MALE","ageRange":"35-44","experience":"EXPERIENCED"},"question":{"raw":{"text":"지원자는 경영이란 무엇이라고 생각하고 계신가요","wordCount":5},"emotion":[],"intent":[]},"answer":{"raw":{"text":"경영은 매니지먼트라고 하고 조직 사회 기업을 운영하는 것을 총괄하여 경영이라고 합니다. 경영은 인사 재무 회계 마케팅 이런 부분들을 전부 총괄하고 있으며 이것에 대한 총괄 책임자로서 어떻게 회사를 운영하는지에 대한 것을 배우는 것입니다. 예를 들어 마케팅 부서에서 해야 되는 일이 무엇인지 인사 관리는 어떻게 해야 되는지 조직 관리 또는 회계 관리 재무 관리 또는 영업 관리 이런 것들을 총괄하여 경영을 해야 합니다. 좋은 경영은 이런 각 부서의 유기적인 움직임들을 하나로 모아서 잘 시스템화 하는 것입니다. 예를 들어 어떤 회사는 영업 위주의 회사로 만들어서 모든 사람들이 영업을 지원하게끔 만드는 회사도 있고 어떤 회사들은 마케팅만을 해서 다른 부서들이 마케팅을 돕게끔 만드는 회사가 있는데 이렇게 한쪽 부서에 치우치게 되면 그것은 경영을 하는 것이 아니라 한쪽 부서를 위한 모든 시스템을 운영을 하게끔 되는 것입니다.","wordCount":119},"emotion":[{"text":"경영은 매니지먼트라고 하고 조직 사회 기업을 운영하는 것을   총괄하여 경영이라고 합니다.","expression":"u-fact","category":"neutral"},{"text":"경영은 인사 재무 회계   마케팅 이런 부분들을 전부 총괄하고 있으며 이것에 대한 총괄 책임자로서 어떻게 회사를 운영하는지에 대한 것을 배우는 것입니다.","expression":"u-fact","category":"neutral"}],"intent":[{"text":"","expression":"","category":"attitude"}],"summary":{"text":"매니지먼트라고 하고 조직 사회 기업을 운영하는 것을 총괄하여 경영이라고 합니다. 경영은 인사 재무 회계 마케팅 이런 부분들을 전부 총괄하고 있으며 이것에 대한 총괄 책임자로서 어떻게 회사를 운영하는지에 대한 것을 배우는 것입니다.","wordCount":31}}},"rawDataInfo":{"question":{"fileFormat":"wav","fileSize":232718,"duration":7270,"samplingBit":16,"channelCount":1,"samplingRate":"16kHz","audioPath":"/Mock/01.Management/Male/Experienced/ckmk_q_bm_m_e_169691.wav"},"answer":{"fileFormat":"wav","fileSize":2310478,"duration":72200,"samplingBit":16,"channelCount":1,"samplingRate":"16kHz","audioPath":"/Mock/01.Management/Male/Experienced/ckmk_a_bm_m_e_169691.wav"}}}