{"version":"1.0","dataSet":{"info":{"date":"20230116","occupation":"BM","channel":"MOCK","place":"ONLINE","gender":"MALE","ageRange":"35-44","experience":"EXPERIENCED"},"question":{"raw":{"text":"어 일을 하던 중에 어 팀원과 불화가 생기는 것은 어 굉장히 자연스러운 현상인데요 이렇게 팀어 팀원과 불화가 생긴다면 어떻게 해결하시겠습니까","wordCount":20},"emotion":[],"intent":[]},"answer":{"raw":{"text":"만약 일을 하던 중에 이 팀원들과 불화가 생겼던 경우에는 여러 가지 방법이 있을 것 같습니다. 어 일단 불화가 생긴다는 것은 어 팀원 간의 의사 선택에 있어서 갈등이 있었을 확률이 높고 그에 따른 이 자기만의 가치관 자기만의 생각들이 틀리다 보니까 그런 것들이 충돌하다 보니 아 감정 대 감정 싸움이 돼요. 불화가 발생했을 확률이 높습니다. 그런 것들의 해결 방법은 이렇게 불화가 생기기 전에 상대방의 의견에 존중해 주고 어 의견을 경청해 주는 습관을 들인다면은 이런 불화가 생기는 건 쉽지가 않습니다. 또한 그런 불화가 생겼을 때는 상대방의 의견이 무엇이고 무엇을 원하는지 알아보고 그에 따른 내용을 최대한 존중해 주다 보면은 어 의사에 대한 조율이 되게 됩니다. 그렇게 이제 조율이 됐을 때 어 불화나 뭐 이런 것들에 대해서 협력이 바뀔 수 있는 것이고 그렇기 때문에 인간 대 인간으로 사람 대 사람으로 감정을 상하지 않게 아제하게 하고 그에 따르게 되면 이런 불화가 최소화될 것으로 판단됩니다. 이상입니다.","wordCount":139},"emotion":[],"intent":[{"text":"그런 것들의 해결 방법은 이렇게 불화가 생기기 전에 상대방의 의견에   존중해 주고 어 의견을 경청해 주는 습관을 들인다면은 이런 불화가 생기는 건 쉽지가 않습니다.","expression":"c_confl_mg","category":"personality"}],"summary":{"text":"일을 하던 중 팀원들과 불화가 생겼을 경우에는 여러 가지 방법이 있을 것 같습니다. 불화란 팀원 간의 의사 선택에 갈등이 있었을 확률이 높고 그에 따른 자기만의 가치관과 생각이 충돌하다 보니 감정 대 감정 싸움이 됩니다. 따라서 상대방의 의견에 존중해 주고 의견을 경청해 주는 습관을 들일 경우 불화가 최소화됩니다.","wordCount":47}}},"rawDataInfo":{"question":{"fileFormat":"wav","fileSize":485518,"duration":15170,"samplingBit":16,"channelCount":1,"samplingRate":"16kHz","audioPath":"/Mock/01.Management/Male/Experienced/ckmk_q_bm_m_e_193993.wav"},"answer":{"fileFormat":"wav","fileSize":2705358,"duration":84540,"samplingBit":16,"channelCount":1,"samplingRate":"16kHz","audioPath":"/Mock/01.Management/Male/Experienced/ckmk_a_bm_m_e_193993.wav"}}}