{"version":"1.0","dataSet":{"info":{"date":"20230116","occupation":"BM","channel":"MOCK","place":"ONLINE","gender":"MALE","ageRange":"35-44","experience":"EXPERIENCED"},"question":{"raw":{"text":"저희 회사에서는 파견 근무가 많습니다 만약 지원자님께서 해외 파견 근무를 나가시게 된다면 어느 나라에서 어떤 일을 하고 싶으신지 그 이유와 함께 말씀 부탁드립니다","wordCount":23},"emotion":[],"intent":[]},"answer":{"raw":{"text":"해업 파견은 단연코 유럽으로 하고 싶습니다. 유럽 중에서도 최첨단 기기를 다루는 독일이 가장 저에게 잘 맞을 것 같습니다. 저는 오랫동안 의료 기기에 전공을 했었고 의료 기기를 다루왔는데요. 독일은 최첨단 기계 중에 의료 기기 자동차 항공 이 모든 것들에 부족함이 없는 나라입니다. 특히나 독일 같은 경우는 중학교 이후부터 프로그래밍을 시작해서 대학교를 졸업하지 않은 이십 대 중반들이 웬만한 우리나라의 프로그램 상급 개발자보다 더 뛰어난 프로그래밍 실력과 기구 설계를 할 수 있다고 합니다. 대한민국에서는 업무가 나눠져 있으면 그 해당 업무에 대해서 아무리 좋은 사수를 만나도 전부 다 익히고 배우기가 쉽지 않습니다. 하지만 독일이라는 나라를 가면 주재원으로 일하게 되어 월급도 조금 더 더 받고 독일의 문화로 익힐 수 있고 독일 쪽에서 관련된 학위 또는 개발자들과 일을 하면서 많은 프로그램 및 시스템을 배울 수 있을 것 같습니다. 선진국에서 배우는 시스템이야말로 대한민국에 다시 적용하기에 최고의 조건이 아닌가 싶어서 저는 독일로 출장 가기를 간곡하게 요청드립니다.","wordCount":138},"emotion":[{"text":"저는 오랫동안 의료 기기에 전공을 했었고 의료 기기를 다루왔는데요.","expression":"u-fact","category":"neutral"}],"intent":[{"text":"","expression":"","category":"attitude"}],"summary":{"text":"최첨단 기기를 다루는 독일에 파견을 가고 싶습니다. 대한민국에서는 업무가 나눠져 있으면 전부 다 익히고 배우기가 쉽지 않습니다. 하지만 독일이라는 나라를 가면 주재원으로 일하게 되어 월급도 더 받고 독일의 문화로 익힐 수 있고 독일 쪽에서 많은 프로그램 및 시스템을 배울 수 있을 것 같습니다.","wordCount":43}}},"rawDataInfo":{"question":{"fileFormat":"wav","fileSize":437198,"duration":13660,"samplingBit":16,"channelCount":1,"samplingRate":"16kHz","audioPath":"/Mock/01.Management/Male/Experienced/ckmk_q_bm_m_e_172348.wav"},"answer":{"fileFormat":"wav","fileSize":2626638,"duration":82080,"samplingBit":16,"channelCount":1,"samplingRate":"16kHz","audioPath":"/Mock/01.Management/Male/Experienced/ckmk_a_bm_m_e_172348.wav"}}}