{"version":"1.0","dataSet":{"info":{"date":"20230116","occupation":"BM","channel":"MOCK","place":"ONLINE","gender":"MALE","ageRange":"55-","experience":"EXPERIENCED"},"question":{"raw":{"text":"업무 시 분쟁이 발생할 때를 대비한 지원자님만의 특별한 대체법이 있나요 그 대처법을 소개해 주실 수 있으실까요","wordCount":16},"emotion":[],"intent":[]},"answer":{"raw":{"text":"업무 시 분쟁이 발생할 때를 대비한 지원자님만의 대처법이 있나요 있다면 무엇인지 궁금합니다 어 업무 시 문쟁이 발생은 여태까지 잘 없었습니다. 아 뭐 있었다면 뭐 사소한 일들 정도가 있었다고 볼 수 있습니다. 아 저만의 대처법이 있다면 어 특별히 어 제가 늘 사람과의 관계를 제일 중요시 합니다. 사람과의 관계를 늘 소홀히 한다는 것 보다는 늘 어 하루에 한 번 이상 늘 서로 연락을 하고 서로의 관계를 늘 중요시하기 때문에 대처법이 더욱더 쉽다고 볼 수가 있습니다. 제가 그 나이와 또한 성별을 가리지 않고 어 잘 관계를 유지하고 있습니다. 그러므로 인해서 대체를 잘하고 있다고 볼 수 있습니다. 또한 그 업무적으로도 그렇습니다. 다른 어 거래처와의 그런 관계를 속에서 늘 관계가 제일 중요합니다. 그러다 보니까 제가 시간을 그런 쪽에 더욱더 많이 할애하는 것 같습니다. 골프를 통해서 운동을 통해서 또한 그런 관계도 좋다고 볼 수 있습니다. 그런 것들이 나중에 문제가 생겼을 때 신속하게 대응할 수 있는 그런 대처법이라고 볼 수 있습니다.","wordCount":144},"emotion":[],"intent":[{"text":"","expression":"","category":"attitude"}],"summary":{"text":"저는 늘 사람과의 관계를 중요시 하기 때문에 대처법이 더욱 쉽다고 볼 수 있습니다. 또 나이와 성별을 가리지 않고 관계를 유지하고 있으며 다른 거래처와의 관계도 중요하기 때문에 시간을 많이 할애하고, 나중에 문제가 생겼을 때 신속하게 대응할 수 있는 대처법입니다.","wordCount":38}}},"rawDataInfo":{"question":{"fileFormat":"wav","fileSize":482638,"duration":15080,"samplingBit":16,"channelCount":1,"samplingRate":"16kHz","audioPath":"/Mock/01.Management/Male/Experienced/ckmk_q_bm_m_e_159394.wav"},"answer":{"fileFormat":"wav","fileSize":2912718,"duration":91020,"samplingBit":16,"channelCount":1,"samplingRate":"16kHz","audioPath":"/Mock/01.Management/Male/Experienced/ckmk_a_bm_m_e_159394.wav"}}}