{"version":"1.0","dataSet":{"info":{"date":"20230116","occupation":"BM","channel":"MOCK","place":"ONLINE","gender":"MALE","ageRange":"55-","experience":"EXPERIENCED"},"question":{"raw":{"text":"협업을 해야 하는 과제와 혼자 해야 하는 과제가 이렇게 있다고 하였을 때 지원자님께서 더 선호하시는 과제는 무엇인지 이유와 함께 설명해 주십시오","wordCount":21},"emotion":[],"intent":[]},"answer":{"raw":{"text":"협업하는 과제와 혼자 하는 과제 중 무엇을 더 선호하시나요 그 이유도 함께 말씀해 주세요 아 예 저는 협업하는 그런 과제를 더욱더 좋아한다고 볼 수 있습니다. 어 왜냐하면 협업을 할 때는 더 빨리 끝낼 수 있고 더 높은 그러한 기대를 할 수 있기 때문에 그렇습니다. 아 혼자 하는 것도 늘 즐기고 혼자 하는 거는 제가 시간이 좀 어 여유가 있을 때 그리고 제가 그 야간에 일하는 것을 좋아합니다. 그럴 때는 혼자 하는 것에 성과가 더욱 더 있다고 볼 수 있습니다. 하지만은 대부분의 일은 협업을 통해서 더욱더 큰 일을 큰 과제를 진행하는 데 있어서 어 도움을 많이 얻었던 경험을 알 수 있습니다. 제가 또 이제 많은 사람들을 좋아하고 저를 또 싫어하는 사람들은 별로 없다고 봅니다. 그러므로 인해서 저희가 그러한 협업하는 과제를 통해서 많은 성과를 얻었던 그런 경험이 있습니다. 또한 정보를 많이 우리가 검토할 수가 있고 서로의 의견을 통해서 어 좋은 최적의 그러한 기능을 얻을 수 있는 부분이 협업 하는 그러한 과제였던 것 같습니다. 많은 이유가 있겠지만은 어 여러 사람의 의견을 수렴화함으로 인하여서 더욱더 좋은 경험이 있었던 것 같습니다.","wordCount":166},"emotion":[],"intent":[{"text":"","expression":"","category":"attitude"}],"summary":{"text":"협업할 때는 더 빨리 끝낼 수 있고 더 높은 기대를 할 수 있기 때문에 협업하는 과제를 더욱더 좋아합니다. 하지만은 협업을 통해서 더욱더 큰 일을 큰 과제를 진행하는 데 있어서 많은 도움을 많이 얻었던 경험을 알 수 있습니다. 여러 사람의 의견을 수렴함으로 인해서 더욱더 좋은 경험이 있었던 것 같습니다.","wordCount":48}}},"rawDataInfo":{"question":{"fileFormat":"wav","fileSize":593358,"duration":18540,"samplingBit":16,"channelCount":1,"samplingRate":"16kHz","audioPath":"/Mock/01.Management/Male/Experienced/ckmk_q_bm_m_e_159397.wav"},"answer":{"fileFormat":"wav","fileSize":2914318,"duration":91070,"samplingBit":16,"channelCount":1,"samplingRate":"16kHz","audioPath":"/Mock/01.Management/Male/Experienced/ckmk_a_bm_m_e_159397.wav"}}}