{"version":"1.0","dataSet":{"info":{"date":"20230116","occupation":"BM","channel":"MOCK","place":"ONLINE","gender":"MALE","ageRange":"35-44","experience":"EXPERIENCED"},"question":{"raw":{"text":"만약 상사가 업무와 무관한 일을 시켜도 잘 수행할 자신이 있으신가요 아니면 솔직하게 말씀드리고 수행하지 않을 건지 답변 부탁드립니다","wordCount":18},"emotion":[],"intent":[]},"answer":{"raw":{"text":"업무와 무관한 일을 시켜도 처음에는 반드시 수행하겠습니다. 왜냐하면 그게 상사와 관련된 일인지 아니면 회사와 관련된 일인지 제가 백 퍼센트 파악을 하고 할 수 있는 상황이 아니라면 먼저 무조건 시키는 대로 하겠습니다. 하지만 그 업무를 다 수행하고 난 다음에 그 업무가 진짜 회사와 관계된 일인지 면밀히 조사해 보고 파악할 것입니다. 왜냐하면 저는 회사에서 월급을 받는 회사원이고 조직원입니다. 그 조직원은 회사와 월급을 받았기 때문에 회사와 관련된 일을 해야 되지 상사와 관련된 업무만 하는 것은 회사에 윤리나 정책에 절대 맞지 않습니다. 그리고 그 업무가 회사와 절대 관련되지 않고 상사에 일이라고 하면 저는 상사에게 찾아가서 조용히 말할 것입니다. 누구누구 부장님 이 업무는 회사와 관련된 일이 아니라 누구 부장님에 개인적인 업문데 이 업무를 왜 저에게 시키십니까 이것은 회사에 윤리와 정책에 어긋나는 일이고 회사에서는 이런 거를 하면 안 되는 것을 알고 있습니다. 이것은 시정 조치 부탁드리며 다음부터는 이 업무를 저는 절대 하지 않을 것입니다. 만약에 한 번 더 이런 업무에 대한 지시를 내린다면 저는 본부장이나 대표이사에게 직접 보고하고 부장님이 지금까지 시켰던 업무까지도 전부 저는 다 말씀드리겠습니다 라고 이야기하면 웬만한 상사는 이 업무를 시키지 않게 될 것입니다.","wordCount":170},"emotion":[],"intent":[{"text":"","expression":"","category":"attitude"}],"summary":{"text":"저는 회사에서 월급 받는 회사원이고 조직원입니다. 상사와 관련된 업무만 하는 것은 회사에 윤리나 정책에 맞지 않습니다. 그리고 그 업무가 회사와 관련되지 않고 상사에게 일이라고 한다면 상사에게 찾아가 조용히 말할 것입니다. 만약 이 업무에 대한 지시를 내린다면 본부장이나 대표이사에게 직접 보고하고 부장님이 지금까지 시키던 업무까지도 전부 제가 이야기하면 이 업무를 시키지 않게 될 것입니다.","wordCount":53}}},"rawDataInfo":{"question":{"fileFormat":"wav","fileSize":610638,"duration":19080,"samplingBit":16,"channelCount":1,"samplingRate":"16kHz","audioPath":"/Mock/01.Management/Male/Experienced/ckmk_q_bm_m_e_197400.wav"},"answer":{"fileFormat":"wav","fileSize":2778958,"duration":86840,"samplingBit":16,"channelCount":1,"samplingRate":"16kHz","audioPath":"/Mock/01.Management/Male/Experienced/ckmk_a_bm_m_e_197400.wav"}}}