{"version":"1.0","dataSet":{"info":{"date":"20230116","occupation":"BM","channel":"MOCK","place":"ONLINE","gender":"MALE","ageRange":"35-44","experience":"EXPERIENCED"},"question":{"raw":{"text":"본인의 단점이 있다면 말씀해 주세요 그리고 그것을 보완하기 위해서 어떤 노력을 했는지 노력한 점도 같이 말씀해 주세요","wordCount":17},"emotion":[],"intent":[]},"answer":{"raw":{"text":"네 저의 단점에 대해서 말씀드리고 그걸 보완하기 위한 노력이나 그런 성과에 대해서 답변 드리겠습니다. 단 단점이라고 하면은 이 주변에서 봤을 때 조금은 여유로워 보이고 한가로워 보이는 그런 부분이 단점이 되지 않을까 싶습니다. 저는 시간을 계획성 있게 작성하고 어 좀 계획성 있게 업무를 추진하다 보니까 그날 해야 할 일들을 미리미리 판단을 해 놓고 우선순위를 선정을 하게 됩니다. 그래서 급한 일 위주로 먼저 처리를 해주게 되면은 어 조금 어려운 일이 시간이 많이 걸리는 일을 조금씩 뒤로 미루다 보면 여유를 갖게 됩니다. 여유를 갖게 되고 그 여유 있는 틈에서 뭐 우발적인 상황이라든지 어 위기 상황이 생긴다든지 이런 상황에서 좀 더 그 부분에 집중할 수 있고 하게 되면은 조율이 되었던 것 같습니다. 그런 부분들이 주변에서 봤을 때는 좀 한가롭게 보인다든지 업무에 대한 열정이 없다는 것이 느끼게 될 것 같은데 그에 대한 보완 방법은 오히려 업무에 대한 성과나 뭐 구멍 있는 업무가 아닌 이렇게 성과 있는 업무력을 보여주게 되면은 그 단점이 또 장점으로 승화되는 그런 과정이 될 수 있을 것 같습니다. 이상입니다.","wordCount":157},"emotion":[],"intent":[{"text":"단 단점이라고 하면은 이 주변에서 봤을 때 조금은 여유로워 보이고 한가로워 보이는 그런 부분이 단점이 되지 않을까 싶습니다.","expression":"c_person","category":"background"}],"summary":{"text":"저는 계획성 있게 업무를 추진하다 보니 그날 해야 할 일들을 미리 판단해 놓고 우선순위를 선정하게 됩니다. 그 여유 있는 틈에서 우발적인 상황 등에서 좀 더 그 부분에 집중할 수 있고 하게 되면은 조율이 되었던 것 같습니다. 그에 대한 보완 방법은 성과 있는 업무력을 보여주게 되면은 그 단점이 또 장점으로 승화되는 과정이 될 수 있을 것입니다.","wordCount":55}}},"rawDataInfo":{"question":{"fileFormat":"wav","fileSize":333518,"duration":10420,"samplingBit":16,"channelCount":1,"samplingRate":"16kHz","audioPath":"/Mock/01.Management/Male/Experienced/ckmk_q_bm_m_e_217249.wav"},"answer":{"fileFormat":"wav","fileSize":2690958,"duration":84090,"samplingBit":16,"channelCount":1,"samplingRate":"16kHz","audioPath":"/Mock/01.Management/Male/Experienced/ckmk_a_bm_m_e_217249.wav"}}}