{"version":"1.0","dataSet":{"info":{"date":"20230116","occupation":"BM","channel":"MOCK","place":"ONLINE","gender":"MALE","ageRange":"55-","experience":"EXPERIENCED"},"question":{"raw":{"text":"만약 같은 상품이고 조건이 다 같은 상품이 있습니다 그 상품을 다른 지점에서 가격을 낮춰 판매하고 있는 걸 알고 계신다면 지원자님은 어떻게 하시겠습니까","wordCount":22},"emotion":[],"intent":[]},"answer":{"raw":{"text":"같은 상품으로서 조건이 다 같은데 다른 지점에서 상품 가격을 낮춰서 판매한다고 해서 그거를 제재하거나 아니면은 강하게 항의를 하기 한다는 것은 잘못됐다고 보여집니다. 똑같은 제품 상품을 다른 지점에서는 낮춰 판매한다고 한다면 우리 지점보다도 그만큼 그 지점에서는 이유가 있고 그마만큼 판매 전략이 우리보다 낫다라고 보여집니다. 같은 법인 내의 지점이라 할지라도 똑같은 상품에 대한 판매는 독립 채산제이기 때문에 어찌 됐던 매출을 늘리고자 이런 전략으로 나갔을 때는 우리보다 더 그마만큼 수준이 뛰어났다고 보여집니다. 상품 가격을 낮춘 거에 대한 원인을 찾고 우리도 그렇게 할 수 있는지를 파악을 해서 우리가 그 지점보다도 꺼꾸로 가격을 더 낮춰서 판매를 해서 매출 신장을 할 수 있는 방법을 저는 찾게 될 거라고 생각합니다.","wordCount":103},"emotion":[],"intent":[{"text":"","expression":"","category":"attitude"}],"summary":{"text":"같은 상품으로서 조건이 같은 상품이라도 다른 지점에서 상품 가격을 낮춰서 판매한다고 해서 제재나 항의를 한다는 것은 잘못됐다고 보여지며, 그 지점에서는 이유가 있고 그마만큼 판매 전략이 우리보다 낫다라고 보여지므로 우리는 그 지점보다도 가격을 더 낮춰서 판매해서 매출 신장을 할 수 있는 방법을 찾게 될 거라고 생각합니다.","wordCount":45}}},"rawDataInfo":{"question":{"fileFormat":"wav","fileSize":634958,"duration":19840,"samplingBit":16,"channelCount":1,"samplingRate":"16kHz","audioPath":"/Mock/01.Management/Male/Experienced/ckmk_q_bm_m_e_248448.wav"},"answer":{"fileFormat":"wav","fileSize":2561678,"duration":80050,"samplingBit":16,"channelCount":1,"samplingRate":"16kHz","audioPath":"/Mock/01.Management/Male/Experienced/ckmk_a_bm_m_e_248448.wav"}}}