{"version":"1.0","dataSet":{"info":{"date":"20230116","occupation":"BM","channel":"MOCK","place":"ONLINE","gender":"MALE","ageRange":"35-44","experience":"EXPERIENCED"},"question":{"raw":{"text":"전공이 아니라 자신이 수준급의 실력이 될 정도로 노력한 것이 있다면 그것이 전공과 관련해서 어떤 도움을 주는지도 궁금합니다","wordCount":17},"emotion":[],"intent":[]},"answer":{"raw":{"text":"저는 비록 영어영문학과를 졸업하였지만은 어 컴퓨터 능력이 어 따른 누구의 누구보다도 더 우수하다고 믿고 있습니다. 어 제가 졸업했을 때는 어 막 컴퓨터가 어 회사에 보편적으로 사용이 됐기 때문에 저는 대학 생활 때 컴퓨터를 어 컴퓨터 프로그램에 대해서 많이 배워뒀습니다. 특히 마이크로소프트 오피스 관련 프로그램들을 어 어 오피스 오피스를 익히는 능력을 많이 배웠는데요. 특히 워드나 엑셀 그리고 파워포인트 같은 경우에는 자격증까지 보유하고 있어서 다른 그 누구보다도 마이크로소프트 오피스 사용 능력이 우수하다고 할 수 있습니다. 또한 파 어 어 어도비 포토샵 사용 능력 또 어 사용도 가능하기 때문에 이것이 업무에 지금까지 했던 업무에 많은 도움이 되었습니다.","wordCount":94},"emotion":[],"intent":[{"text":"","expression":"","category":"attitude"}],"summary":{"text":"저는 영어영문학과를 졸업했지만 어 컴퓨터 능력이 어 따른 누구보다도 더 우수하다고 믿고 있습니다. 제가 졸업했을 때는 컴퓨터가 회사에 보편적으로 사용되었기 때문에 대학 생활 때 컴퓨터 프로그램에 대해서 많이 배워뒀습니다.","wordCount":29}}},"rawDataInfo":{"question":{"fileFormat":"wav","fileSize":350798,"duration":10960,"samplingBit":16,"channelCount":1,"samplingRate":"16kHz","audioPath":"/Mock/01.Management/Male/Experienced/ckmk_q_bm_m_e_246866.wav"},"answer":{"fileFormat":"wav","fileSize":2221518,"duration":69420,"samplingBit":16,"channelCount":1,"samplingRate":"16kHz","audioPath":"/Mock/01.Management/Male/Experienced/ckmk_a_bm_m_e_246866.wav"}}}