{"version":"1.0","dataSet":{"info":{"date":"20230116","occupation":"BM","channel":"MOCK","place":"ONLINE","gender":"MALE","ageRange":"55-","experience":"EXPERIENCED"},"question":{"raw":{"text":"어떤 문제에 부딪쳤어요 그럴 경우에 지원자님은 혼자 스스로 해결하시는 편인지 아니면 주변 사람들에게 좀 이야기를 해서 도움을 구하는 편인지 얘기해 주세요","wordCount":21},"emotion":[],"intent":[]},"answer":{"raw":{"text":"어떤 문제에 부딪쳤을 때 혼자 해결하는 편입니까. 아니면 여러 사람들에게 이야기를 하는 편입니까. 예 어 문제에 부딪치게 되면은 먼저는 혼자 해결을 하는 편이라고 생각을 합니다. 어떻게 보면은 제가 그런 문제들을 쉽게 해결할 수 있다고 생각하는 그런 자신감이 있기 때문에 그런 생각을 갖는 것 같습니다. 거기에는 많은 오류와 또한 시간이 더욱더 지체되는 경우도 많이 경험해 보는 적도 많이 있었습니다. 하지만은 어 혼저 하다 보면은 또한 더욱더 집중이 되는 것 같고 또한 어 생각을 많이 하는 것 같습니다. 그래서 저에게는 혼자 해결하는 편이 어 많았던 것 같습니다. 하지만 꼭 혼자만 하는 건 아니었습니다. 여러 사람들과 이야기를 하는 것도 종종 있곤 합니다. 유익한 것들이 많고 또한 종합적으로 생각해 볼 때 여러 사람과 이렇게 협의하는 것은 또한 많은 도움이 되고 그 사람들에게도 좋은 점이 있다고 생각을 합니다.","wordCount":123},"emotion":[],"intent":[{"text":"예 어 문제에 부딪치게 되면은 먼저는 혼자 해결을 하는 편이라고 생각을 합니다.","expression":"c_adp","category":"personality"}],"summary":{"text":"어떤 문제에 부딪쳤을 때 혼자 해결하는 편입니다. 혼자 해결하는 데는 많은 오류와 시간이 지체되는 경우도 많이 있었지만 집중을 하고 생각을 많이 하는 것 같습니다. 여러 사람들과 이야기를 하는 것도 종종 있었는데, 유익한 것들이 많고 종합적으로 생각해 볼 때 협의하는 것은 많은 도움이 되고 그 사람들에게도 좋은 점이 있다고 생각합니다.","wordCount":49}}},"rawDataInfo":{"question":{"fileFormat":"wav","fileSize":549838,"duration":17180,"samplingBit":16,"channelCount":1,"samplingRate":"16kHz","audioPath":"/Mock/01.Management/Male/Experienced/ckmk_q_bm_m_e_137538.wav"},"answer":{"fileFormat":"wav","fileSize":2518478,"duration":78700,"samplingBit":16,"channelCount":1,"samplingRate":"16kHz","audioPath":"/Mock/01.Management/Male/Experienced/ckmk_a_bm_m_e_137538.wav"}}}