{"version":"1.0","dataSet":{"info":{"date":"20230116","occupation":"BM","channel":"MOCK","place":"ONLINE","gender":"MALE","ageRange":"35-44","experience":"EXPERIENCED"},"question":{"raw":{"text":"이전 직장에서 퇴사하신 후에 퇴사했던 것을 후회하신 적은 없나요 있다면 왜 후회 하셨는지도 함께 말씀 부탁드립니다","wordCount":16},"emotion":[],"intent":[]},"answer":{"raw":{"text":"네 이전 직장에서 퇴사한 것은 어 특별한 사유라고 하자면 일단 매너리즘에 빠졌던 것 같습니다. 그런 매너리즘에 빠지다 보니까 어 의욕이 없어지고 열정이 없어지는 그런 모습을 보게 되었고 그로 인해서 저는 소규모 회사이다 보니까 미래에 대한 비전이나 미래에 대한 걱정이 좀 크다 보니 어 퇴사한 것을 결정하게 되었습니다. 그 부분에 대해서는 절대 후회하지는 않고 그런데 또 그 회사에서 배운 것들이 많이 있습니다. 또 경험이나 노하우 뭐 여러 가지들을 많이 배웠었기 때문에 그런 경험들을 쌓아서 지금에 저로 있는 것 같고 그래서 그런 것들이 스펙이 또 되어서 지금 회사에 지원하게 된 계기도 될 것 같습니다. 그런 경험을 살려서 지금 회사에서도 아 맡은 업무에 대해서 그 충실하게 되면은 또 안정적인 사회적인 안정적인 지위를 가질 수 있을 것이며 자리를 잡을 수 있을 것 같습니다. 이상입니다.","wordCount":120},"emotion":[],"intent":[{"text":"또 경험이나 노하우 뭐 여러 가지들을 많이 배웠었기 때문에 그런 경험들을 쌓아서 지금에 저로 있는 것 같고 그래서 그런 것들이 스펙이 또 되어서 지금 회사에 지원하게 된 계기도 될 것 같습니다.","expression":"c_sincere_job","category":"etc"}],"summary":{"text":"이전 직장에서 퇴사한 것은 어 특별한 사유라고 하자면 일단 매니리즘에 빠졌던 것 같습니다. 그로 인해서 저는 소규모 회사라서 미래에 대한 비전이나 미래에 대한 걱정이 커서 퇴사한 것을 결정하게 되었습니다. 맡은 업무에 충실하게 되면은 안정적인 지위를 가질 수 있을 것 같습니니다.","wordCount":40}}},"rawDataInfo":{"question":{"fileFormat":"wav","fileSize":562318,"duration":17570,"samplingBit":16,"channelCount":1,"samplingRate":"16kHz","audioPath":"/Mock/01.Management/Male/Experienced/ckmk_q_bm_m_e_217248.wav"},"answer":{"fileFormat":"wav","fileSize":2222798,"duration":69460,"samplingBit":16,"channelCount":1,"samplingRate":"16kHz","audioPath":"/Mock/01.Management/Male/Experienced/ckmk_a_bm_m_e_217248.wav"}}}