{"version":"1.0","dataSet":{"info":{"date":"20230116","occupation":"BM","channel":"MOCK","place":"ONLINE","gender":"MALE","ageRange":"35-44","experience":"EXPERIENCED"},"question":{"raw":{"text":"지원자님께서 본인의 의견을 주장하실 때 있어서 최대한 강하게 주장하려고 하는 편이신지 혹은 본인의 의견을 쪼끔 덜 주장하려고 하는 편이신지 어떤 스타일이신지에 대해서 대답해 주세요","wordCount":24},"emotion":[],"intent":[]},"answer":{"raw":{"text":"조직 생활을 할 때 자신의 의견을 강하게 주장하는 것이 때로는 필요할 수도 있겠지만 거의 팔십 퍼센트 이상은 자신한테 손해이고 조직에게 필요가 없다고 생각합니다. 왜냐면 저의 주장이 엄청난 증거를 뒷받침한다고 한들 추후에 변수가 많이 생길 확률이 있다는 것입니다. 특히 여러 사람이 일하는 조직에서는 저보다 많은 사람들의 의견이 더 취합이 되어 있고 그들의 의견이 맞을 확률이 높기 때문에 일단은 제 얘기가 백 퍼센트 옳은 사실이고 확률이라고 하더라도 저는 일단은 제 의견을 강하게 주장하기보다는 어느 정도 주장하는 선에 올려놓고 그거에 대한 근거를 천천히 뒷받침하겠습니다. 왜냐면 제가 강하게 주장했다가 혹시라도 제가 기존의 트렌드에서 무엇인가를 놓쳤거나 잘못 알고 있거나 또는 잘못된 지식으로 제 주장이 강하게 관철시켰는데 아주 나쁜 결과를 일으킨다면 저 스스로에 대한 창피함과 부 성과에 대한 문제점이 생길 뿐만 아니라 조직에 많은 피해를 끼칠 수가 있기 때문에 제 주장을 조금 높은 선상에 올려놓되 많은 증거를 확보하고 하나하나씩 검증해 나가는 스타일입니다. 무조건 제께 옳다가 아니라 이런 의견도 있으니까 한 번 같이 고민해 보자는 식으로 할 것 같습니다.","wordCount":152},"emotion":[],"intent":[{"text":"","expression":"","category":"attitude"}],"summary":{"text":"조직 생활을 할 때 자신의 의견을 강하게 주장하는 것이 꼭 필요할 수도 있지만 거의 80% 이상은 자신한테 손해이고 조직에게 필요가 없다고 생각합니다. 왜냐하면 제 주장이 엄청난 증거를 뒷받침한다고 하더라도 추후에 변수가 많이 생길 확률이 있기 때문입니다. 일단 제 주장을 어느 정도 주장하는 선에 올려놓고 거기에 대한 근거를 천천히 뒷받침하겠습니다.","wordCount":49}}},"rawDataInfo":{"question":{"fileFormat":"wav","fileSize":629198,"duration":19660,"samplingBit":16,"channelCount":1,"samplingRate":"16kHz","audioPath":"/Mock/01.Management/Male/Experienced/ckmk_q_bm_m_e_164817.wav"},"answer":{"fileFormat":"wav","fileSize":2745038,"duration":85780,"samplingBit":16,"channelCount":1,"samplingRate":"16kHz","audioPath":"/Mock/01.Management/Male/Experienced/ckmk_a_bm_m_e_164817.wav"}}}