{"version":"1.0","dataSet":{"info":{"date":"20230116","occupation":"BM","channel":"MOCK","place":"ONLINE","gender":"MALE","ageRange":"35-44","experience":"EXPERIENCED"},"question":{"raw":{"text":"본인이 알고 있는 프로젝트 관리 기법에 관해서 설명 부탁드리겠습니다","wordCount":9},"emotion":[],"intent":[]},"answer":{"raw":{"text":"아 프로젝트 관리 기법에 대해서 답변 드리겠습니다. 프로젝트를 관리하는 데 있어서 여러 가지 기법이 있을 것인데 일단 협동심이 제일 중요할 것 같습니다. 협동심은 뭐 각종 협업 관계라든지 아 서로에게 같은 목표를 향해서 한 곳에 목표를 설정 후에 어 여럿이 힘을 합쳐 아이디어나 뭐 이런 것들을 어 조합해서 가장 좋은 성과를 낼 수 있는 방법 그런 관리 기법들이 있을 것 같습니다. 어 일단 프로젝트원들끼리 협동 시 협업이 잘 되어야만 성공적인 프로젝트를 이뤄낼 수 있고 그를 이해하기 위해서는 어 제 말단 사원부터 저기 이제 리더까지 같은 목표 같은 목표 설정이 중요할 것 같습니다. 그러기 위해서는 말단 사원까지 어 아이디어나 의사에 대해서 존중해주고 사람으 대 사람으로서 배려해주고 어 남의 의견이라서 무시하지 말고 어 같이 조합하다 보면은 좋은 프로젝트 방향이 나올 것으로 판단이 됩니다. 이상입니다.","wordCount":121},"emotion":[],"intent":[{"text":"프로젝트를 관리하는 데 있어서 여러 가지 기법이 있을 것인데 일단 협동심이 제일 중요할 것 같습니다.","expression":"c_cop","category":"personality"},{"text":"협동심은 뭐 각종 협업 관계라든지   아 서로에게 같은 목표를 향해서 한 곳에 목표를 설정 후에   어 여럿이 힘을 합쳐 아이디어나 뭐 이런 것들을 어 조합해서 가장 좋은 성과를 낼 수 있는 방법   그런 관리 기법들이 있을 것 같습니다.","expression":"c_cop","category":"personality"},{"text":"어 일단 프로젝트원들끼리 협동 시 협업이 잘 되어야만 성공적인 프로젝트를   이뤄낼 수 있고 그를 이해하기 위해서는 어 제 말단 사원부터   저기 이제 리더까지 같은 목표 같은 목표 설정이 중요할 것 같습니다.","expression":"c_cop","category":"personality"}],"summary":{"text":"프로젝트 관리 기법 중 협동심이 가장 중요할 것 같습니다. 협동심은 서로에게 같은 목표를 향해 한 곳에 목표를 설정 후에 함께 아이디어를 조합해서 가장 좋은 성과를 낼 수 있는 관리 기법들이 있을 것 같은데, 일단 프로젝트원들끼리 협동 시 협업이 잘 되어야만 성공적인 프로젝트를 이뤄낼 수 있습니다.","wordCount":45}}},"rawDataInfo":{"question":{"fileFormat":"wav","fileSize":255438,"duration":7980,"samplingBit":16,"channelCount":1,"samplingRate":"16kHz","audioPath":"/Mock/01.Management/Male/Experienced/ckmk_q_bm_m_e_193994.wav"},"answer":{"fileFormat":"wav","fileSize":2660558,"duration":83140,"samplingBit":16,"channelCount":1,"samplingRate":"16kHz","audioPath":"/Mock/01.Management/Male/Experienced/ckmk_a_bm_m_e_193994.wav"}}}