{"version":"1.0","dataSet":{"info":{"date":"20230116","occupation":"BM","channel":"MOCK","place":"ONLINE","gender":"MALE","ageRange":"35-44","experience":"EXPERIENCED"},"question":{"raw":{"text":"지원자님이 생각하는 지원자님의 단점에 대해서 말씀해 주시고 이를 보완하기 위해 한 노력이 있다면 함께 말씀 부탁드립니다","wordCount":16},"emotion":[],"intent":[]},"answer":{"raw":{"text":"저의 가장 큰 단점은 바로 인내심이 많이 부족하다는 것입니다. 인내심은 살아가는 데 있어서 가장 필요한 덕목입니다. 그런데 이 필요한 인내심이 부족하여 저 스스로가 모든 일을 그르친 적이 많습니다. 운동할 때 공부할 때 직장생활 할 때 업무할 때 연애할 때 이 인내심이 이 기다림이 가장 필요했습니다. 그래서 저는 인내심이 부족한 제 스스로가 한계점이 왔을 때 제 스스로 일기장을 썼습니다. 지금 이 상태에서 딱 세 시간만 더 버텨보자 딱 삼 개월만 더 버텨보자 딱 삼 일만 더 참아보자 그렇게 스스로 일기장에 적어놨습니다. 그러면서 스스로 마인드 컨트롤을 했고 그 마인드 컨트롤이 어느 순간부터 세 시간 삼 일 삼 개월 그렇게 해서 삼 년을 넘어가다 보니 이제는 그 인내심이 저도 모르게 굉장히 저의 큰 장점으로 발전이 되었습니다.","wordCount":113},"emotion":[],"intent":[{"text":"저의 가장 큰 단점은 바로 인내심이 많이 부족하다는 것입니다.","expression":"c_person","category":"background"}],"summary":{"text":"인내심은 살아가는데 가장 필요한 덕목인데, 저 스스로가 모든 일을 그르친 적이 많았습니다. 그래서 인내심이 부족한 자신이 한계점이 왔을 때 스스로 일기장을 썼습니다. 그러면서 스스로 마인드 컨트롤을 했고 어느 순간부터 그 인내심이 제 큰 장점으로 발전이 되었습니다.","wordCount":36}}},"rawDataInfo":{"question":{"fileFormat":"wav","fileSize":511438,"duration":15980,"samplingBit":16,"channelCount":1,"samplingRate":"16kHz","audioPath":"/Mock/01.Management/Male/Experienced/ckmk_q_bm_m_e_156381.wav"},"answer":{"fileFormat":"wav","fileSize":2037518,"duration":63670,"samplingBit":16,"channelCount":1,"samplingRate":"16kHz","audioPath":"/Mock/01.Management/Male/Experienced/ckmk_a_bm_m_e_156381.wav"}}}