{"version":"1.0","dataSet":{"info":{"date":"20230116","occupation":"BM","channel":"MOCK","place":"ONLINE","gender":"MALE","ageRange":"35-44","experience":"EXPERIENCED"},"question":{"raw":{"text":"역사 속에서 가장 존경하는 인물을 말씀해 주시고 왜 그 인물을 가장 존경하게 되었는지 그 이유에 대해서도 함께 말씀해 주세요","wordCount":19},"emotion":[],"intent":[]},"answer":{"raw":{"text":"네 역사 속에서 가장 존경하는 인물에 대해서 말씀드리겠습니다. 어 지금 제가 이제 어렸을 때 읽었을 때 역사 책 중에서 장영실이라는 책을 제일 좀 감명 있게 봤었고 지금 우리나라에서 일어나는 뭐 지금 진행되고 있는 뭐 시계라든지 어 나이 시 판단 뭐 이런 것들이 다 장영실 역사 속의 인물에 의해서 지금까지도 그게 역사가 돼서 쭉 발전해온 과정이 될 것 같습니다. 과학기술의 발전에 기초가 됐고 또한 그런 끈기와 그 낙후된 그런 장비 속에서도 그런 것들을 발견해내고 아이디어 창의성 이런 것들을 다 갖추지 않았나 싶습니다. 지금 시대에서도 충분히 본받을 만한 그런 역할이었고 그런 것들을 본받기 위해서 어 새로운 것들을 찾아내려고 노력해야 하고 또 아이디어나 이런 것들을 점점 창의성을 드는 게 필요한 것 같은데 그런 것들이 보완이 됐을 때 그때에서야 이 만들어지는 것 같습니다. 그로 인해서 그 시대 때 그러한 낙후된 환경에서도 진행했던 장영실 역사 속 인물을 제일 존경하고 있습니다.","wordCount":135},"emotion":[{"text":"그로 인해서 그 시대 때 그러한 낙후된 환경에서도 진행했던 장영실 역사 속 인물을 제일 존경하고 있습니다.","expression":"p-affection","category":"positive"}],"intent":[{"text":"","expression":"","category":"attitude"}],"summary":{"text":"역사 속에서 가장 존경하는 인물에 대해 말씀드리겠습니다. 제가 어렸을 때 읽었을 때부터 지금까지 과학 기술의 발전에 기초가 됐고, 아이디어 창의성 등을 다 갖추지 않았나 싶습니다. 지금 시대에서도 충분히 본받을 만한 역할이며, 새로운 것들을 찾아내려고 노력하고 점점 창의성을 드는 것이 필요한 것 같습니다.","wordCount":42}}},"rawDataInfo":{"question":{"fileFormat":"wav","fileSize":393998,"duration":12310,"samplingBit":16,"channelCount":1,"samplingRate":"16kHz","audioPath":"/Mock/01.Management/Male/Experienced/ckmk_q_bm_m_e_216835.wav"},"answer":{"fileFormat":"wav","fileSize":2696718,"duration":84270,"samplingBit":16,"channelCount":1,"samplingRate":"16kHz","audioPath":"/Mock/01.Management/Male/Experienced/ckmk_a_bm_m_e_216835.wav"}}}