{"version":"1.0","dataSet":{"info":{"date":"20230116","occupation":"BM","channel":"MOCK","place":"ONLINE","gender":"MALE","ageRange":"35-44","experience":"EXPERIENCED"},"question":{"raw":{"text":"만약 일을 하다가 직무가 적성에 맞지 않는다는 것을 깨닫게 되었습니다 그때 어떻게 하실 것인지 상황을 한번 가정하고 말씀해 주세요","wordCount":19},"emotion":[],"intent":[]},"answer":{"raw":{"text":"어 저는 지금까지 어 긴 경력을 통해서 어 직무가 적성에 맞지 않는 경우도 종종 많이 있었습니다. 그래서 그중 한 상황을 제 경험을 말씀드리고자 한다면은 제가 군에 입대하고 나서 제 첫 번째로 받았던 보직이 행정계정이었습니다. 행정계장이었습니다 어 보통 행 어 한 회사에서 행정계장은 어 상업 쪽 상대 쪽에 어 삼 대 상대를 졸업했던 사람들이 그 행정계장 업무를 하는데 어 왜 제가 행정계장을 했는지는 아직도 얘는 되지 않는다 않지마 제가 그 직무가 굉장히 적성에 맞지 않았다는 것은 분명히 했습니다 왜냐하면 저는 이제 여러분들이 아시다시피 항공우주공학을 전공하기 때문 하였기 때문에 계산이라든지 아 그러니까 동 계산 뭐 한 살림 사이 이런 것들에 대해서는 조금 부족한 부분이었죠. 그래서 저는 그때는 어 그 그때 제가 했던 것은 어 제 직속 상관에게 그 직무에 대해서 맞지 않음을 어 맞는 않다는 것을 분 똑똑하게 의사 표현 했습니다. 그래서 어 제 상가 제 직속 상사는 저의 어 업무를 조금 해소시킬 수 있기 위해 다른 부서로 이동할 수 있는 것을 어 많이 고려해줘서 조금은 시간이 걸렸지만 결국 저는 제 적성에 맞는 부서를 찾아 즉 교관 업무를 찾아서 이동할 수 있게 되었습니다.","wordCount":171},"emotion":[],"intent":[{"text":"","expression":"","category":"attitude"}],"summary":{"text":"저는 항공우주공학을 전공했기 때문에 행정계정 업무 수행에 적성이 맞지 않았습니다. 그래서 제 직속 상관에게 그 직무에 맞지 않는다는 것을 의사 표현 했습니다. 그 결과, 제 적성에 맞는 부서를 찾아 교관 업무를 수행할 수 있게 되었습니다.","wordCount":35}}},"rawDataInfo":{"question":{"fileFormat":"wav","fileSize":428878,"duration":13400,"samplingBit":16,"channelCount":1,"samplingRate":"16kHz","audioPath":"/Mock/01.Management/Male/Experienced/ckmk_q_bm_m_e_246652.wav"},"answer":{"fileFormat":"wav","fileSize":3329038,"duration":104030,"samplingBit":16,"channelCount":1,"samplingRate":"16kHz","audioPath":"/Mock/01.Management/Male/Experienced/ckmk_a_bm_m_e_246652.wav"}}}