{"version":"1.0","dataSet":{"info":{"date":"20230116","occupation":"BM","channel":"MOCK","place":"ONLINE","gender":"MALE","ageRange":"35-44","experience":"EXPERIENCED"},"question":{"raw":{"text":"이전 직장이나 혹은 대학에서 어떤 프로젝트를 해 봤는지 생각나는 게 있으시다면 한 번 말씀해 주세요","wordCount":15},"emotion":[],"intent":[]},"answer":{"raw":{"text":"이제 여러 가지 회사에서 프로젝트를 진행했던 경험이 있는 것 같습니다. 어 이제 가장 기억에 남는 프로젝트라고 하자면은 어 충분히 우리 팀에서 할 수 있는 그런 역량을 넘어선 프로젝트였었는데 처음에는 다들 자포자기 하는 자세였습니다. 어느 한 목표 목표가 딱 정해지고 나서는 그 직원들이 같이 인제 상 하급자가 상급자가 인제 같은 목표 한 곳에 대한 목표를 설정했을 때 그 변하는 모습을 볼 수 있었고 그러다보니 아 충분히 가능성이 있겠다고 판단이 됐었던 그런 프로젝트가 있었습니다. 그래서 인제 개인적인 하는 업무도 있겠지만 이런 프로젝트 협업을 통한 협동심이 강조됐을 때 그런 부분에서 많은 가능성을 봤었습니다. 그래서 한 혼자 생각하는 것보다는 여러 사람이서 아이디어를 내고 또 분야를 나눠서 파트를 나눠서 같은 분야에 대해서 만들어 온 분야에 대해서 종합을 해서 또 조율을 했을 때 아 이게 그 성과를 이룰 수 있겠구나 그런 가능성을 봤었을 때 좀 신기한 부분이 있었습니다. 네 이상입니다.","wordCount":134},"emotion":[],"intent":[{"text":"그래서 인제 개인적인 하는 업무도 있겠지만 이런 프로젝트 협업을 통한 협동심이 강조됐을 때   그런 부분에서 많은 가능성을 봤었습니다.","expression":"c_cop","category":"personality"},{"text":"그래서 한 혼자 생각하는 것보다는 여러 사람이서 아이디어를 내고   또 분야를 나눠서 파트를 나눠서 같은 분야에 대해서 만들어 온 분야에 대해서 종합을 해서 또 조율을 했을 때   아 이게 그 성과를 이룰 수 있겠구나 그런 가능성을 봤었을 때 좀 신기한 부분이 있었습니다.","expression":"c_cop","category":"personality"}],"summary":{"text":"프로젝트 협업을 통한 협동심이 강조됐을 때 많은 가능성을 봤습니다. 여러 사람이서 아이디어를 내고 또 분야를 나눠서 같은 분야에 대해서 만들어 온 분야에 대해서 종합을 해서 또 조율을 했을 때 아 이게 성과를 이룰 수 있겠구나 그런 가능성을 봤었을 때 좀 신기하였습니다.","wordCount":41}}},"rawDataInfo":{"question":{"fileFormat":"wav","fileSize":426318,"duration":13320,"samplingBit":16,"channelCount":1,"samplingRate":"16kHz","audioPath":"/Mock/01.Management/Male/Experienced/ckmk_q_bm_m_e_184697.wav"},"answer":{"fileFormat":"wav","fileSize":2665038,"duration":83280,"samplingBit":16,"channelCount":1,"samplingRate":"16kHz","audioPath":"/Mock/01.Management/Male/Experienced/ckmk_a_bm_m_e_184697.wav"}}}