{"version":"1.0","dataSet":{"info":{"date":"20230116","occupation":"BM","channel":"MOCK","place":"ONLINE","gender":"MALE","ageRange":"35-44","experience":"EXPERIENCED"},"question":{"raw":{"text":"만약 지원자님께서 지금 지원하신 직무가 아니라 다른 부서에 배치되어서 다른 직무를 하게 된다면 어떻게 할 예정입니까 다른 업무를 수행할 예정이신가요","wordCount":20},"emotion":[],"intent":[]},"answer":{"raw":{"text":"일단은 직무가 좋고 회사가 좋아서 지원한 것입니다. 하지만 직무가 다른 부서에 배치하게 되더라도 저는 이 회사가 좋아서 지원한 부분도 있기 때문에 삼 개월에서 육 개월 동안 업무에 적응을 하겠습니다. 사람이 해보지 해보기도 전에 포기하는 것은 비겁한 사람들이라고 배웠습니다. 제가 아무리 원하는 직무도 막상 하다 보면 어려움에 봉착하고 난관에 부딪치고 사람들과 갈등이 생길 수 밖에 없고 새로운 부서 가서 또 다른 일을 배우다 보면 저도 모르게 저의 또 다른 적성을 발견할 수도 있습니다. 그래서 다른 부서에 배치되더라도 이 회사의 시스템을 믿고 한 번 육 개월 정도 또는 일 개월 일 년 정도를 꾸준히 한 번 하면서 이 분야의 전문가가 되도록 해 보겠습니다. 그래도 죽어도 맞지 않는다 그러면 일 년 후에 부서장이나 매니저에게 보직 전환에 대해서 한 번 협의를 볼 것입니다. 그런데 제가 느끼기에 어떠한 일도 적응을 하다 보면 사람은 다 할 수 있다고 생각합니다. 그리고 자기 스스로의 커리어를 발전시키기 위해서는 한 가지 업무만 오래 하는 것보단 여러 업무를 두루두루 섭렵하는 것이 자신의 커리어에도 발전이 되고 회사나 조직에도 큰 도움이 된다 라는 것을 많은 사업가들을 통해서 배웠습니다.","wordCount":165},"emotion":[],"intent":[{"text":"일단은 직무가 좋고 회사가 좋아서 지원한 것입니다.","expression":"c_sincere_job","category":"etc"}],"summary":{"text":"자신의 커리어를 발전시키기 위해서는 한 가지 업무만 오래 하는 것보단 여러 업무를 두루두루 섭렵하는 것이 자신의 커리어에도 발전이 되고 회사나 조직에도 큰 도움이 된다 라는 것을 많은 사업가들을 통해서 배웠습니다.","wordCount":30}}},"rawDataInfo":{"question":{"fileFormat":"wav","fileSize":644558,"duration":20140,"samplingBit":16,"channelCount":1,"samplingRate":"16kHz","audioPath":"/Mock/01.Management/Male/Experienced/ckmk_q_bm_m_e_163287.wav"},"answer":{"fileFormat":"wav","fileSize":2574158,"duration":80440,"samplingBit":16,"channelCount":1,"samplingRate":"16kHz","audioPath":"/Mock/01.Management/Male/Experienced/ckmk_a_bm_m_e_163287.wav"}}}