{"version":"1.0","dataSet":{"info":{"date":"20230116","occupation":"BM","channel":"MOCK","place":"ONLINE","gender":"MALE","ageRange":"-34","experience":"EXPERIENCED"},"question":{"raw":{"text":"만약에 지금 본인이 내일 죽는다는 사실을 알게 되신다면 지원자님께서는 당장 뭘 하실 건가요 이 면접을 끝까지 계속 보시겠습니까","wordCount":18},"emotion":[],"intent":[]},"answer":{"raw":{"text":"만약 내일 제가 죽는다면 오늘 가족들과 시간을 보내겠습니다. 가족이라는 존재는 항상 옆에 있지만 마음을 온전히 표현하지는 못하는 사람들입니다. 저 또한 굉장히 무뚝뚝한 편이라 집에 있을 땐 너무 조용한데요. 다 알고 있으면서도 표현을 하지 않으면 온전히 전달이 안 되잖아요. 비록 마지막 날 다 표현을 하겠지만 그간 제가 가족들에게 느꼈던 고마움 존경심 미안함 등을 이제서야 마 이제서야 나마 표현하고 싶습니다. 표현할 수 있는 방법이 같이 시간을 보내는 거일 거구요. 시간을 보내다 보면 그런 제 마음을 표현할 수 있는 기회가 더 많을 것으로 생각이 됩니다. 가장 가깝지만 어떻게 보면 가장 모르는 존재 부모님도 있고요 형제도 있고요. 그런 사람들에게 그동안에 제 마음을 표현해 주고 싶습니다.","wordCount":101},"emotion":[],"intent":[{"text":"","expression":"","category":"attitude"}],"summary":{"text":"가족이라는 존재는 항상 옆에 있지만 마음을 온전히 표현하지 못하는 사람들입니다. 마지막 날 다 표현을 하겠지만 그동안 제가 가족들에게 느꼈던 고마움 존경심 미안함 등을 이제서야 마 이제서야 나마 표현하고 싶습니다.","wordCount":29}}},"rawDataInfo":{"question":{"fileFormat":"wav","fileSize":569678,"duration":17800,"samplingBit":16,"channelCount":1,"samplingRate":"16kHz","audioPath":"/Mock/01.Management/Male/Experienced/ckmk_q_bm_m_e_105991.wav"},"answer":{"fileFormat":"wav","fileSize":2448718,"duration":76520,"samplingBit":16,"channelCount":1,"samplingRate":"16kHz","audioPath":"/Mock/01.Management/Male/Experienced/ckmk_a_bm_m_e_105991.wav"}}}