{"version":"1.0","dataSet":{"info":{"date":"20230116","occupation":"BM","channel":"MOCK","place":"ONLINE","gender":"MALE","ageRange":"55-","experience":"EXPERIENCED"},"question":{"raw":{"text":"지원자님께서는 지원자님만의 스트레스 해소법이 혹시 따로 있으실까요 그렇다면 왜 그 방법으로 스트레스를 해소하시는지도 같이 말씀해 주시기 바랍니다","wordCount":17},"emotion":[],"intent":[]},"answer":{"raw":{"text":"지원자님만의 스트레스 해소 방법이 있다면 무엇일까요 왜 그 방법으로 스트레스를 해소하시는지 말씀해 주세요 예 제가 가지고 있는 스트레스 해소는 아 운동입니다. 제가 골프라든가 자전거라든가 탁구를 함으로 인해서 땀을 배출하고 또한 운동을 할 때에는 그러한 스트레스를 잊어버립니다. 업무적인 것도 잊어버릴 때가 많이 있습니다. 자전거 탈 때는 어 업무의 연장이 될 수 있습니다. 혼자만이 아 이렇게 자전거를 타다보면은 그 업무가 되돌아나고 어 생각나는 경우가 많이 있기 때문에 때로는 스트레스였을지도 모르지만은 또한 그 혼자만의 그러한 그 자연의 바람을 맞으면서 달리는 것이 또한 저한테는 좋은 어 기회였던 것 같기도 합니다. 그리고 또한 제가 좋아하는 운동이 탁굽니다. 탁구를 하다보면 전혀 생각이 안 납니다. 아 땀도 많이 배출되고 스트레스를 해소하는 그러한 아 방법이었는가 그리고 또 저한테 큰 도움이 되었던 그런 일들이었던 것 같습니다. 아 제가 기존에는 이러한 세 가지 정도로 운동을 하고 있는데 무엇보다도 스트레스를 해소하는 좋은 방법이 세 가지를 통해서 다 나왔던 것 같습니다.","wordCount":139},"emotion":[],"intent":[{"text":"","expression":"","category":"attitude"}],"summary":{"text":" 운동입니다. 자전거 타보면 업무가 되돌아나고 생각나는 경우가 많아서 스트레스였지만 자연의 바람을 맞으면서ㅜ달리는 것이 저한테 좋은 기회였던 것 같습니다. 탁구를 하다보면 전혀 생각이 안 나서 스트레스 해소에 좋은 방법이 세 가지 정도로 나왔습니다.","wordCount":32}}},"rawDataInfo":{"question":{"fileFormat":"wav","fileSize":434318,"duration":13570,"samplingBit":16,"channelCount":1,"samplingRate":"16kHz","audioPath":"/Mock/01.Management/Male/Experienced/ckmk_q_bm_m_e_159950.wav"},"answer":{"fileFormat":"wav","fileSize":2772238,"duration":86630,"samplingBit":16,"channelCount":1,"samplingRate":"16kHz","audioPath":"/Mock/01.Management/Male/Experienced/ckmk_a_bm_m_e_159950.wav"}}}