{"version":"1.0","dataSet":{"info":{"date":"20230116","occupation":"BM","channel":"MOCK","place":"ONLINE","gender":"MALE","ageRange":"35-44","experience":"EXPERIENCED"},"question":{"raw":{"text":"본인이 지금까지 어떤 협업이든 간에 협업을 진행하면서 가장 어려웠던 것과 그 어려움을 본인은 어떻게 해결하셨는지 두 가지 함께 말씀해 주시면 되겠습니다","wordCount":21},"emotion":[],"intent":[]},"answer":{"raw":{"text":"부정적인 시각 회의적인 시각을 가진 사람들과 협업을 하게 되면 정말 많이 힘듭니다. 왜냐하면 그들은 이렇게 해도 안 돼 저렇게 해도 안돼 해봤는데 다 안 됩니다 라는 끊임없는 부정적인 시각을 내비칩니다. 특히나 오랫동안 자기 업무에만 익숙해진 사람들은 어떤 프로젝트라든가 협업을 할 때 기존에 이렇게 하지 않아도 월급이 똑같이 나왔는데 왜 내가 이 업무를 이렇게 해야 되는지에 대한 필요성을 전혀 느끼지 못합니다. 그럴 때 그들에게 가장 좋은 제시는 보상안을 먼저 제시해주고 그 보상에 따라서 여러분들의 월급이나 직급이 올라갈 것이다. 또는 공동체에 대한 책임 의식을 주는 겁니다. 여러분들이 이 책임 의식을 가지고 나의 일이 아니라 우리의 일이라고 생각을 해서 이거를 성공시킨다면 우리에게는 특별한 무언가가 주어질 것이라고 하는 당근과 채찍을 같이 주어야 했습니다. 처음에는 그들의 부정적인 시각 때문에 열심히 하던 사람들도 전염이 되고 전염이 되다 보니 조금만 힘들면 다들 포기하려고 하는 경향이 있었습니다. 그럴 때마다 새로운 비전을 제시하고 우리가 이것을 해냈을 때 어떤 것을 얻게 되는지에 대한 비전을 제시했을 때 그들은 잘 따라와 줬던 것 같습니다.","wordCount":152},"emotion":[],"intent":[{"text":"","expression":"","category":"attitude"}],"summary":{"text":"자기 업무에만 익숙한 사람들은 회의적인 시각을 가진 사람들과 협업할 때 부정적인 시각을 갖게 됩니다. 그럴 때 가장 좋은 제시는 보상안을 먼저 제시해주고 공동체에 대한 책임 의식을 주는 것입니다. 이것을 성공시킨다면 특별한 무언가가 주어질 것이라고 하는 당근과 채찍을 같이 주어야 했습니다.","wordCount":40}}},"rawDataInfo":{"question":{"fileFormat":"wav","fileSize":471438,"duration":14730,"samplingBit":16,"channelCount":1,"samplingRate":"16kHz","audioPath":"/Mock/01.Management/Male/Experienced/ckmk_q_bm_m_e_169684.wav"},"answer":{"fileFormat":"wav","fileSize":2709198,"duration":84660,"samplingBit":16,"channelCount":1,"samplingRate":"16kHz","audioPath":"/Mock/01.Management/Male/Experienced/ckmk_a_bm_m_e_169684.wav"}}}