{"version":"1.0","dataSet":{"info":{"date":"20230116","occupation":"BM","channel":"MOCK","place":"ONLINE","gender":"MALE","ageRange":"35-44","experience":"EXPERIENCED"},"question":{"raw":{"text":"개인적으로 공부를 어떻게 하시는지 궁금한데요 강의나 책을 활용한 공부를 어 예시를 들어서 한번 말씀을 해 주시기 바랍니다","wordCount":17},"emotion":[],"intent":[]},"answer":{"raw":{"text":"어 저는 어 따른 사람과는 쪼끔 다르게 어 제가 흥미롭게 생각하는 부분에 대해서만 어 공부를 많이 합니다. 어 그것이 어 그것이 가장 크게 두드러졌던 경험은 바로 이 대학 입학 준비 때였는데요. 저는 그때 어 뭐 우리가 일반적으로 국어 영어 수학 이런 것들이 대학 입시에 중요하다고 생각하지 않습니까 하지만 저는 그 부분은 쪼끔 재미가 없었기 때문에 어 그것보다는 역사라든지 뭐 과학 이런 부분에 쫌 더 관심이 많았기 때문에 그런 것들을 더 열심히 공부를 하였습니다. 하지만 요로케 한다고 해서 어 좋은 대학에 갈 수 있는 길이 되지는 않기 때문에 제가 비록 좋아하지는 않더라도 어 국어 영어 수학 이런 것들을 열심히 공부를 하긴 했는데 어떻게 하였냐면은 어 주로 이제 학습지 학습지를 통해서 어 많이 공부를 하였습니다. 어 그리고 제가 좋아했던 과목에 대해서는 음 책을 교과서를 기준으로 공부를 하되 좀 더 궁금한 점이 있으면 인터넷을 통해서 더 많은 부분 알아본다든지 이런 식으로 공부를 하였습니다.","wordCount":140},"emotion":[],"intent":[{"text":"","expression":"","category":"attitude"}],"summary":{"text":"저는 흥미있게 생각하는 부분에 대해서만 공부를 많이 합니다. 대학 입학 준비 때 국어 영어 수학 같은 것들이 입시에 중요하다고 생각하지 않아 역사나 과학에 관심이 많았기에 더 열심히 공부했습니다. 학습지 학습지를 통해서 많이 공부를 했고, 좋아하는 과목은 책을 기준으로 공부를 했습니다.","wordCount":40}}},"rawDataInfo":{"question":{"fileFormat":"wav","fileSize":459278,"duration":14350,"samplingBit":16,"channelCount":1,"samplingRate":"16kHz","audioPath":"/Mock/01.Management/Male/Experienced/ckmk_q_bm_m_e_246868.wav"},"answer":{"fileFormat":"wav","fileSize":2974798,"duration":92960,"samplingBit":16,"channelCount":1,"samplingRate":"16kHz","audioPath":"/Mock/01.Management/Male/Experienced/ckmk_a_bm_m_e_246868.wav"}}}