{"version":"1.0","dataSet":{"info":{"date":"20230116","occupation":"BM","channel":"MOCK","place":"ONLINE","gender":"MALE","ageRange":"35-44","experience":"EXPERIENCED"},"question":{"raw":{"text":"저희 회사에 들어와서 본인이 하고 싶은 업무가 있으실까요 만약 있다면 그 이유도 함께 말씀해 주세요","wordCount":15},"emotion":[],"intent":[]},"answer":{"raw":{"text":"어 제가 인제 하고 싶은 분야에 대해서 답변 드리겠습니다. 일단 전 회사에서 중간 관리자 역할을 많이 했다 보니까 어 그걸 이어서 중간 관리자 주로 뭐 팀장급에서 업무를 하게 된다면은 그에 대한 경험이 많아서 제일 활용도가 높을 것 같습니다. 어 하고 싶은 업무는 일단 중간 관리자를 하면서 이 하급자와 상급자의 관계를 돈독하게 이어주면서 중간자 역할로서 어 원활하게 윤활유 역할을 해주는 그런 역할이 하고 싶습니다. 이상입니다.","wordCount":64},"emotion":[],"intent":[{"text":"","expression":"","category":"attitude"}],"summary":{"text":"회사에서 중간 관리자 역할을 했던 것을 이어서 팀장급에서 업무를 하게 되면 가장 활용도가 높을 것 같습니다. 중간자 역할로서 원활하게 윤활유 역할을 하는 역할을 하고 싶습니다.","wordCount":25}}},"rawDataInfo":{"question":{"fileFormat":"wav","fileSize":326798,"duration":10210,"samplingBit":16,"channelCount":1,"samplingRate":"16kHz","audioPath":"/Mock/01.Management/Male/Experienced/ckmk_q_bm_m_e_214730.wav"},"answer":{"fileFormat":"wav","fileSize":1382158,"duration":43190,"samplingBit":16,"channelCount":1,"samplingRate":"16kHz","audioPath":"/Mock/01.Management/Male/Experienced/ckmk_a_bm_m_e_214730.wav"}}}