{"version":"1.0","dataSet":{"info":{"date":"20230116","occupation":"BM","channel":"MOCK","place":"ONLINE","gender":"MALE","ageRange":"55-","experience":"EXPERIENCED"},"question":{"raw":{"text":"지원자가 겪었던 갈등 중 가장 심각했던 갈등에 대해 이야기 해 주시겠어요","wordCount":11},"emotion":[],"intent":[]},"answer":{"raw":{"text":"음 아무래도 제가 아팠을 때 같아요. 네 제가 일 때문에 이제 음주를 많이 하면서 술을 많이 마시면서 간이 안 좋아졌었거든요. 네 그래서 그때 뭐 간경화 초기 네 그 간경화가 진행되기 직전 단계였어요. 그래서 그때 뭐 병원에서는 이제 술 마시면 안 된다 보통 의사들은 그렇게 말을 하니까요. 그래서 집에서는 가족들은 술을 마시지 말라고 하고 뭐 이제 죽는다 그러면은 뭐 일이 대수냐 라고 하는데 일이 대수죠. 근데 누가 그러면은 돈을 벌어 옵니까. 그래서 또 제 업무가 술을 아예 안 마실 수는 없는 업무라서 그래서 그게 어렵다 라고 하면서 뭐 조절이야 하긴 했지만 아예 끊을 수는 없었죠. 그래서 그 부분에 대해서 조금 가족 내에 반발이 심했고 가족 내에서 갈등을 좀 적지 않게 겪었었죠. 그래도 이제 많이 좋아졌고 건강을 되찾았으니까 네 결론적으로는 잘 됐습니다 이제.","wordCount":121},"emotion":[],"intent":[{"text":"","expression":"","category":"attitude"}],"summary":{"text":"일 때문에 술을 많이 하게 되면서 간이 안 좋아지다가 간경화 진행 직전까지 갔고, 집에서는 일이 대수라고 하면서 술을 끊을 수 없었습니다. 그 부분에 대해 가족 제 갈등이 심했습니다. 하지만 건강도 되찾고 이제 잘 됐습니다.","wordCount":34}}},"rawDataInfo":{"question":{"fileFormat":"wav","fileSize":243278,"duration":7600,"samplingBit":16,"channelCount":1,"samplingRate":"16kHz","audioPath":"/Mock/01.Management/Male/Experienced/ckmk_q_bm_m_e_156421.wav"},"answer":{"fileFormat":"wav","fileSize":2908238,"duration":90880,"samplingBit":16,"channelCount":1,"samplingRate":"16kHz","audioPath":"/Mock/01.Management/Male/Experienced/ckmk_a_bm_m_e_156421.wav"}}}