{"version":"1.0","dataSet":{"info":{"date":"20230116","occupation":"BM","channel":"MOCK","place":"ONLINE","gender":"MALE","ageRange":"-34","experience":"EXPERIENCED"},"question":{"raw":{"text":"팀으로 일하는 것과 혼자 일하는 것 중 지원자님은 무엇을 더 선호하시나요 그렇게 생각하시는 이유도 함께 말씀 부탁드립니다","wordCount":17},"emotion":[],"intent":[]},"answer":{"raw":{"text":"근데 저는 팀으로 일하는 것을 더 선호하는 편입니다. 다양한 사람들을 만나서 같이 일을 하다 보면 제가 생각하지 못했던 부분들까지 생각을 하고 아이디어도 떠오르기 때문에 저는 혼자 일을 하는 것보다는 팀으로 같이 일하는 게 더 효과적이라고 생각합니다. 물론 팀으로 일하다 보면 의견이 맞지 않는 경우도 발생하지만 그런 경우를 해결함으로써 제 커뮤니케이션 능력도 같이 향상된다고 생각하기 때문에 팀으로 같이 일하는 게 더 효과적이고 더 좋은 성과를 나타낸다고 생각합니다.","wordCount":66},"emotion":[],"intent":[{"text":"","expression":"","category":"attitude"}],"summary":{"text":"저는 혼자 일하는 것보다는 팀으로 일하는 것을 더 선호하는 편입니다. 의견 불일치의 경우도 있지만 그 경우 해결함으로써 커뮤니케이션 능력도 향상된다고 생각하기 때문에 더 효과적이라고 생각합니다.","wordCount":25}}},"rawDataInfo":{"question":{"fileFormat":"wav","fileSize":602638,"duration":18830,"samplingBit":16,"channelCount":1,"samplingRate":"16kHz","audioPath":"/Mock/01.Management/Male/Experienced/ckmk_q_bm_m_e_199624.wav"},"answer":{"fileFormat":"wav","fileSize":1655118,"duration":51720,"samplingBit":16,"channelCount":1,"samplingRate":"16kHz","audioPath":"/Mock/01.Management/Male/Experienced/ckmk_a_bm_m_e_199624.wav"}}}