{"version":"1.0","dataSet":{"info":{"date":"20230116","occupation":"BM","channel":"MOCK","place":"ONLINE","gender":"MALE","ageRange":"55-","experience":"EXPERIENCED"},"question":{"raw":{"text":"만약 지금 본인이 내일 죽는다는 사실을 알게 된다면 당장 무엇을 하시겠습니까 이 면접을 끝까지 계속 보시겠습니까","wordCount":16},"emotion":[],"intent":[]},"answer":{"raw":{"text":"면접은 계속 볼 겁니다. 어 죽음이 두려운 건 사실입니다. 어 모두가 마찬가지일 것입니다. 그러나 그 신념에 따라서 죽음을 받아들이는 태도가 굉장히 다를 것이라고 생각합니다. 또한 내가 만약에 죽는다고 해도 어 외로움을 외로움에 대한 도움을 받거나 어 다른 사람의 도움을 받는 것 뿐만이 아니라 분명히 할 수 있는 일은 존재한다고 생각하고 있습니다. 그리고 내가 아 내일 당장 죽는다고 하더라도 어 다른 사람을 도와줄 수 있는 방법이 있습니다. 이 면접은 제가 내일 죽는데도 어 반드시 끝까지 수행을 할 겁니다.","wordCount":77},"emotion":[{"text":"어 죽음이 두려운 건 사실입니다.","expression":"n-anxiety","category":"negative"}],"intent":[{"text":"","expression":"","category":"attitude"}],"summary":{"text":"면접은 계속 볼 것입니다. 죽음이 두려운 건 모두가 마찬가지이지만 신념에 따라 죽음을 받아들이는 태도는 다를 것입니다. 면접은 제가 내일 죽더라도 끝까지 수행 할 것입니다.","wordCount":24}}},"rawDataInfo":{"question":{"fileFormat":"wav","fileSize":352078,"duration":11000,"samplingBit":16,"channelCount":1,"samplingRate":"16kHz","audioPath":"/Mock/01.Management/Male/Experienced/ckmk_q_bm_m_e_244775.wav"},"answer":{"fileFormat":"wav","fileSize":1783758,"duration":55740,"samplingBit":16,"channelCount":1,"samplingRate":"16kHz","audioPath":"/Mock/01.Management/Male/Experienced/ckmk_a_bm_m_e_244775.wav"}}}