{"version":"1.0","dataSet":{"info":{"date":"20230116","occupation":"BM","channel":"MOCK","place":"ONLINE","gender":"MALE","ageRange":"55-","experience":"EXPERIENCED"},"question":{"raw":{"text":"지금부터 삼 년 뒤까지 삼 년 내 주요 성장 계획이나 목표가 있나요 있다면 지원자님의 계획이 무엇인지 궁금합니다","wordCount":17},"emotion":[],"intent":[]},"answer":{"raw":{"text":"삼 년 뒤면 현재 제가 다니고 있는 직장에서 만기가 되어 정년 퇴임을 하는 시기입니다. 그래서 저는 어 삼 년 내 제 목표는 아무 문제 없이 사고 없이 무탈하게 정년 퇴임하는 게 목표입니다. 물론 무탈하게 퇴임을 하는 거 퇴직을 하는 것이 굉장히 어려운 일 중의 하나겠지만 삼 년 안에 정년 퇴직을 하기 위해서 마무리를 잘 하려고 합니다. 마무리를 잘 하려고 할려면 현재 맡고 있는 업무에 아무리 퇴직이 얼마 안 남았다 할지라도 어영부영 소홀히 하지 않고 최선을 다해서 주어진 일에 열심히 해 나가서 좋은 성과를 얻어 내야 되겠죠. 그런 목표를 좀 갖고 있고요. 그리고 가정으로는 정년 퇴임 삼 년 남았지만 물론 현재 직장을 다니면서 시간은 없겠지만 그래도 시간을 내서 가족 특히 어 저의 배우자 하고 많은 여행을 갈려고 노력하고 있습니다.","wordCount":118},"emotion":[],"intent":[{"text":"","expression":"","category":"attitude"}],"summary":{"text":"저는 아무 문제 없이 사고 없이 무탈하게 정년 퇴임하는 게 목표입니다. 삼 년 안에 정년 퇴직을 하기 위해서 최선을 다해서 좋은 성과를 얻어 내야 될 것 같습니다. 그리고 가정에으로는 정년 퇴임삼 년 남았지만 가족과 많은 여행을 가려고 노력하고 있습니다.","wordCount":39}}},"rawDataInfo":{"question":{"fileFormat":"wav","fileSize":494798,"duration":15460,"samplingBit":16,"channelCount":1,"samplingRate":"16kHz","audioPath":"/Mock/01.Management/Male/Experienced/ckmk_q_bm_m_e_243982.wav"},"answer":{"fileFormat":"wav","fileSize":2533198,"duration":79160,"samplingBit":16,"channelCount":1,"samplingRate":"16kHz","audioPath":"/Mock/01.Management/Male/Experienced/ckmk_a_bm_m_e_243982.wav"}}}