{"version":"1.0","dataSet":{"info":{"date":"20230116","occupation":"BM","channel":"MOCK","place":"ONLINE","gender":"MALE","ageRange":"55-","experience":"EXPERIENCED"},"question":{"raw":{"text":"저희 일의 특성상 야근이나 잔업 외근이 많아질 수도 있습니다 그래도 지원자님은 이런 업무 스타일 괜찮으신가요","wordCount":15},"emotion":[],"intent":[]},"answer":{"raw":{"text":"일을 하다보면 야근이나 잔업이 많아서 늦게 퇴근하는 경우도 있을 테고 그리고 외근도 경우에 따라서는 많을 수도 있을 것이라고 생각이 됩니다. 어찌됐던 제가 조직의 한 일원으로서 몸담고서 조직의 발전을 위해서 일한다면은 야근이나 외근 같은 것들이 많다 할지라도 그것은 장애가 되지 않을 거라고 생각합니다. 단 회사에 요청을 드리고 싶은 것은 그렇게 야근과 잔업과 외근이 많은 것에 대해서 어느 정도의 직원들 복지나 인사상 급여상 인정을 해서 지원을 해 추가적으로 해 준다면 우리 직원들에게 많은 힘과 용기 그런 것들을 북돋아 줄 수 있기 때문에 조직에 대한 로열티가 더 올라가리라고 보여집니다.","wordCount":86},"emotion":[],"intent":[{"text":"","expression":"","category":"attitude"}],"summary":{"text":"조직 발전을 위해 야근, 잔업, 외근이 많아도 장애가 되지 않습니다. 다만 복지나 급여상 인정을 해 준다면 직원들에게 힘을 북돋아 줄 수 있기 때문에 조직 로열티가 더 올라가리라 생각됩니다.","wordCount":28}}},"rawDataInfo":{"question":{"fileFormat":"wav","fileSize":599438,"duration":18730,"samplingBit":16,"channelCount":1,"samplingRate":"16kHz","audioPath":"/Mock/01.Management/Male/Experienced/ckmk_q_bm_m_e_239674.wav"},"answer":{"fileFormat":"wav","fileSize":2386638,"duration":74580,"samplingBit":16,"channelCount":1,"samplingRate":"16kHz","audioPath":"/Mock/01.Management/Male/Experienced/ckmk_a_bm_m_e_239674.wav"}}}