{"version":"1.0","dataSet":{"info":{"date":"20230116","occupation":"BM","channel":"MOCK","place":"ONLINE","gender":"MALE","ageRange":"35-44","experience":"EXPERIENCED"},"question":{"raw":{"text":"그동안 인생에서 겪었던 갈등 중에서 지원자님이 생각하셨을 때 가장 심각했던 갈등은 무엇이었나요 한 가지만 골라서 말씀해 주세요","wordCount":17},"emotion":[],"intent":[]},"answer":{"raw":{"text":"어 제가 그동안 인생을 살면서 겪었던 갈등에 대해서 말씀드리겠습니다. 수없이 선택하고 수없이 후회하고 수없이 갈등했던 경험들이 있을 건데 가장 기억에 남는 것은 음 제가 어 군 생활을 좀 길게 했습니다. 어 간부 생활을 하다 보니까 육 년 정도 했는데 그때 할애했던 그 육 년이라는 이십 대 청춘을 바쳤던 그 육 년이라는 시간이 그때 당시에는 어 만족하고 어 이 군 생활에 안정감도 있고 해서 적성에 맞다고 생각했는데 어느 순간 어 비전을 찾게 되고 욕심이 생기게 되고 하고 싶은 일이 또 생겼던 것 같습니다. 그렇게 했을 때 안정적인 군 생활의 길과 아 사회에 나와서 도전할 수 있는 그런 도전의 길에서 굉장히 갈등을 많이 했던 것 같습니다. 그래서 결국은 지금 전역을 하고 지금 이 자리에서 면접을 보고 있는데 저의 선택이 맞을 거라고 생각하고 입사 후에 정말 최선을 다해서 여러 가지 저의 경험이나 노하우 이런 것들을 어 극대화시켜서 어 회사에 꼭 이익이 될 수 있는 그런 직원이 될 수 있도록 하겠습니다. 이상입니다.","wordCount":148},"emotion":[],"intent":[{"text":"그래서 결국은 지금 전역을 하고 지금 이 자리에서 면접을 보고 있는데 저의 선택이 맞을 거라고 생각하고 입사 후에 정말 최선을 다해서 여러 가지 저의 경험이나 노하우 이런 것들을 어 극대화시켜서 어 회사에 꼭 이익이 될 수 있는 그런 직원이 될 수 있도록 하겠습니다.","expression":"c_sincere_co","category":"etc"}],"summary":{"text":"저는 군 생활을 육 년 정도 했습니다. 그 기간이 적성에 맞고 안정적이었는데 어느 순간 비전과 욕심이 생기고 하고 싶은 일이 생겼던 것 같습니다. 그래서 전역하고 지금 이 자리에서 면접을 보고 있는데 제가 가진 경험과 노하우들을 극대화시켜서 회사에 꼭 이익이 되는 직원이 되도록 하겠습니다.","wordCount":43}}},"rawDataInfo":{"question":{"fileFormat":"wav","fileSize":431438,"duration":13480,"samplingBit":16,"channelCount":1,"samplingRate":"16kHz","audioPath":"/Mock/01.Management/Male/Experienced/ckmk_q_bm_m_e_236650.wav"},"answer":{"fileFormat":"wav","fileSize":2730958,"duration":85340,"samplingBit":16,"channelCount":1,"samplingRate":"16kHz","audioPath":"/Mock/01.Management/Male/Experienced/ckmk_a_bm_m_e_236650.wav"}}}