{"version":"1.0","dataSet":{"info":{"date":"20230116","occupation":"BM","channel":"MOCK","place":"ONLINE","gender":"MALE","ageRange":"35-44","experience":"EXPERIENCED"},"question":{"raw":{"text":"미래의 핵심 트렌드 세 가지와 그 이유를 말씀해 주세요","wordCount":9},"emotion":[],"intent":[]},"answer":{"raw":{"text":"핵심 트렌드 하나는 빅데이타 인공지능 두 번째는 메타버스 세 번째는 자율 주행이라고 생각합니다. 왜냐면 이 세계가 거의 연결된 것처럼 보입니다. 디지털 트랜스포메이션이라고 하는 디지털 시대로의 전환이 핵심 트렌드라고 생각합니다. 예전에는 그냥 좋은 손재주 기술 또는 의학 법학 이런 것만 전공하면 모든 것이 먹고 살기 편한 시대라고 생각했지만 이제는 에이아이가 모든 것을 대체할 수 있는 시대가 왔습니다. 예를 들어 우리가 아무리 좋은 데이터를 만 엑셀에 취합해서 만드는 것보다 구글에 있는 크롤링이라든가 스크롤러를 통해서 모으면 훨씬 더 좋은 데이터가 만들어지고 이제는 메타버스 세상에서 모든 사람들이 전 세계에 한 곳에 모일 수 있고 시간에 공간에 제약 없이 만나서 인사하고 업무를 할 수 있는 시대가 되었기 때문입니다. 특히나 이천 이 이십 오 년에는 바이두 애플 구글 삼성 현대 등도 자율 주행 차를 완벽하게 만들 것으로 보이고 있고 이미 바이두와 구글은 자율 주행 삼 점 오 단계 수준에 이르는 것으로 보이고 있습니다.","wordCount":137},"emotion":[],"intent":[{"text":"","expression":"","category":"attitude"}],"summary":{"text":"디지털 트랜스포메이션이라 하는 디지털 시대로의 전환이 핵심 트렌드라고 생각합니다. 빅데이터 인공지능, 메타버스, 자율 주행이 핵심 트랜드입니다. 모든 것을 대체할 수 있는 시대가 온 것입니다. 모든 사람들이 전 세계에 모일 수 있고 시간에 제약 없이 만나서 인사하고 업무를 할 수 있는 시대이기 때문입니다.","wordCount":42}}},"rawDataInfo":{"question":{"fileFormat":"wav","fileSize":262478,"duration":8200,"samplingBit":16,"channelCount":1,"samplingRate":"16kHz","audioPath":"/Mock/01.Management/Male/Experienced/ckmk_q_bm_m_e_167234.wav"},"answer":{"fileFormat":"wav","fileSize":2490958,"duration":77840,"samplingBit":16,"channelCount":1,"samplingRate":"16kHz","audioPath":"/Mock/01.Management/Male/Experienced/ckmk_a_bm_m_e_167234.wav"}}}