{"version":"1.0","dataSet":{"info":{"date":"20230116","occupation":"BM","channel":"MOCK","place":"ONLINE","gender":"MALE","ageRange":"35-44","experience":"EXPERIENCED"},"question":{"raw":{"text":"어 지원자님께서 이제 본인이 현재 가지고 있는 위치보다 어려운 목표를 달성하시는 경험이 있으신가요 있으시다면 어떤 경험인지 설명해 주시기를 바랍니다","wordCount":19},"emotion":[],"intent":[]},"answer":{"raw":{"text":"아 제가 지금 가지고 있는 위치에서 그것보다 어려운 상위 단계의 목표를 달성한 적이 있을 거에 대해서 답변을 드리겠습니다. 어 제가 전 회사에 있을 때 이제 저는 이제 사원이었고 일반 사원이었는데 저희 팀장이 육아휴직을 하게 되면서 팀장의 일을 대리로 하게 되는 경우가 있었습니다. 아침에 회의 주간부터 해서 뭐 프로젝트 주간 뭐 이런 것들을 어 위치에서 맞지 않는 일을 하다 보니까 처음에는 굉장히 부담스럽고 아침에 출근하는 것도 힘들고 어렵고 정신적으로도 괴롭고 그랬던 경험이 있습니다 .그런데 그런 시간을 육 개월을 보내면서 사람이 하는 일은 다 똑같구나 누구나 다 할 수 있는 일이라는 걸 알 수 있었고 그러다 보니까 어느 정도의 인정도 받게 되고 그렇게 하면서 승진도 했던 경험이 있는 것 같습니다. 그래서 어떤 위치보다 어떠한 일에 대한 그런 자기의 진정성을 갖고 접근을 한다면은 그 어떤 어려운 일도 다 수월하게 다 이겨낼 수 있을 거라고 생각합니다. 그런 것들이 저의 경험이 될 것 같고 그 부분이 될 것 같습니다. 네 이상입니다.","wordCount":146},"emotion":[],"intent":[{"text":"","expression":"","category":"attitude"}],"summary":{"text":"저는 사원이었고 일반 사원이었는데 육아휴직을 하게 되면서 팀장의 일을 대리로 하게 되는 경우가 있었습니다. 그 시간을 보내면서 사람이 하는 일은 다 똑같구나 누구나 다 할 수 있다는 걸 알 수 있었고 그러다 보니 인정도 받고 승진도 했던 경험이 있습니다. 어떤 위치보다 어떤 일에 대한 본인의 진정성을 갖고 접근을 하면 어떤 어려움이라도 극복할 수 있을 것 같습니다.","wordCount":56}}},"rawDataInfo":{"question":{"fileFormat":"wav","fileSize":460878,"duration":14400,"samplingBit":16,"channelCount":1,"samplingRate":"16kHz","audioPath":"/Mock/01.Management/Male/Experienced/ckmk_q_bm_m_e_216842.wav"},"answer":{"fileFormat":"wav","fileSize":2717518,"duration":84920,"samplingBit":16,"channelCount":1,"samplingRate":"16kHz","audioPath":"/Mock/01.Management/Male/Experienced/ckmk_a_bm_m_e_216842.wav"}}}