{"version":"1.0","dataSet":{"info":{"date":"20230116","occupation":"BM","channel":"MOCK","place":"ONLINE","gender":"MALE","ageRange":"35-44","experience":"EXPERIENCED"},"question":{"raw":{"text":"입사 후에 만약 지원자님의 직무에 맞지 않는 일을 하시게 된다면 어떻게 하시겠습니까 그래도 괜찮을까요","wordCount":14},"emotion":[],"intent":[]},"answer":{"raw":{"text":"직무에 맞지 않는 일을 맡게 되더라도 일단은 먼저 받아 들이고 열심히 할 것입니다. 왜냐하면 저는 직무가 좋아서도 왔지만 이 회사에 대한 비전과 회사가 좋아서 지원한 것이기 때문에 단순히 직무가 맞지 않는다고 해서 이 회사를 그만두거나 불만을 토로할 생각은 없습니다. 다만 육 개월에서 일 년 정도 저에게 맞지 않은 직무라고 한들 최선을 다해서 어떻게 최선을 다하면 성과를 낼 수 있는지 어떻게 하면 이 분야에서 최고가 될 수 있는지에 대해서 연구와 몰두를 하면서 직무를 찾아 가겠습니다. 그렇게 일 년에서 육 개월 정도 하 했을 때 제가 이 업무를 익숙해 졌는데도 이 업무가 저에게 너무 맞지 않는다면 그때는 부서장 및 팀 매니저 본부장님에게 건의를 하겠습니다. 본부장님 저는 현재 이 업무를 일 년 동안 열심히 했고 좋은 성과를 거뒀습니다. 하지만 아무리 일 년 동안 해도 저에게 이 업무가 너무 맞지 않는다는 것을 깨달았고 제가 지금까지 여기서 낸 업무의 성과를 가지고 제가 원래 하려고 했던 직무에 배치된다면 훨씬 더 탁월한 성과를 낼 수 있을 것 같으니 보직에 대한 전환 또는 부서 배치에 대한 전환을 한 번 고려해 주시길 바랍니다. 만약 그렇게 부서 배치를 요청했는데도 배치를 해주지 않는다면 저는 과감하게 퇴사를 생각할 것입니다.","wordCount":177},"emotion":[],"intent":[{"text":"","expression":"","category":"attitude"}],"summary":{"text":"직무에 맞지 않는 일을 맡게 되더라도 최선을 다해서 성과를 낼 수 있는 방법을 연구하면서 직무를 찾아 가겠습니다. 그렇게 일 년에서 육 개월 정도 하였을 때 부서장 및 팀 매니저 본부장님께 건의를 하겠습니다. 본부장님 저는 이 업무를 일 년 동안 열심히 했고 좋은 성과를 거뒀습니다. 앞으로 보직에 대한 전환이나 부서 배치에 대한 전환을 한 번 고려해 주시길 바랍니다.","wordCount":57}}},"rawDataInfo":{"question":{"fileFormat":"wav","fileSize":472398,"duration":14760,"samplingBit":16,"channelCount":1,"samplingRate":"16kHz","audioPath":"/Mock/01.Management/Male/Experienced/ckmk_q_bm_m_e_178606.wav"},"answer":{"fileFormat":"wav","fileSize":2775758,"duration":86740,"samplingBit":16,"channelCount":1,"samplingRate":"16kHz","audioPath":"/Mock/01.Management/Male/Experienced/ckmk_a_bm_m_e_178606.wav"}}}