{"version":"1.0","dataSet":{"info":{"date":"20230116","occupation":"BM","channel":"MOCK","place":"ONLINE","gender":"MALE","ageRange":"35-44","experience":"EXPERIENCED"},"question":{"raw":{"text":"본인의 장단점을 설명해 주세요 그리고 그것들을 특화 시키고 극복하기 위해서 이제까지 해왔던 노력들도 같이 말씀해 주세요","wordCount":16},"emotion":[],"intent":[]},"answer":{"raw":{"text":"저의 가장 큰 장점은 업무에 대한 추진력 또는 업무에 대한 적응성이 굉장히 빠르다는 겁니다. 어떤 문제에 봉착했을 때 끙끙대거나 너무 힘들어 하지 않고 어떻게 하면 이 방법으로 빠르게 해결할 수 있을지에 대한 최선책이 아니라 차선책이라도 제시를 합니다. 그래서 가끔 다른 사람들은 이런 부분을 독선적이고 독단적이고 너무 자기 마음대로 하는 것 아니냐 라고는 핀잔을 주기도 하는데요. 이런 부분들 때문에 제가 지금까지 많은 프로젝트에서 좋은 성과를 낼 수 있었습니다. 가장 큰 단점 중의 하나는 바로 포기와 좌절이 빠르다는 겁니다. 인내심이 적기 때문에 한 번 도전해보고 안되면 바로 포기를 하거나 좌절을 합니다. 그런데 성공한 사업가들이 항상 하는 얘기는 본인이 지금 한 도전은 실패가 아니라 성공으로 가기 위한 가설의 검증의 시간이다. 가설이란 것은 아닐 확률이 높기 때문에 여러 가지 가설을 세우고 그 가설에 대한 검증을 함으로써 결국 맞는 결과를 도출하기 위한 과정일 뿐인데 한 번 하고 실패하면 좌절하고 그다음에 또 도전을 하지 않는 것은 아주 좋지 않아 제 스스로 그런 좌절을 할 때마다 포기라고 생각하지 않고 일기장 또는 제 블로그에 그런 내용들을 적어놓고 힘들 때마다 다시 한 번 반추하면서 그것들을 복기하는 습관을 통해 제 스스로 많은 것을 극복해 나가고 있습니다.","wordCount":176},"emotion":[],"intent":[{"text":"저의 가장 큰 장점은 업무에 대한 추진력 또는 업무에 대한 적응성이 굉장히 빠르다는 겁니다.","expression":"c_person","category":"background"},{"text":"가장 큰 단점 중의 하나는 바로   포기와 좌절이 빠르다는 겁니다.","expression":"c_person","category":"background"}],"summary":{"text":"저는 업무에 대한 추진력과 적응성이 굉장히 빠르다는 장점이 있어서 많은 프로젝트에서 좋은 성과를 낼 수 있었습니다. 하지만 가장 큰 단점은 바로 포기와 좌절이 빠르다는 것인데, 저는 인내심이 적기 때문에 한번 실패하면 좌절하고 그다음 또 도전을 하지 않는 것은 아주 좋지 않아 좌절을 할 때마다 복기하는 습관을 통해 많은 것을 극복해 나가고 있습니다.","wordCount":52}}},"rawDataInfo":{"question":{"fileFormat":"wav","fileSize":361358,"duration":11290,"samplingBit":16,"channelCount":1,"samplingRate":"16kHz","audioPath":"/Mock/01.Management/Male/Experienced/ckmk_q_bm_m_e_165152.wav"},"answer":{"fileFormat":"wav","fileSize":2818318,"duration":88070,"samplingBit":16,"channelCount":1,"samplingRate":"16kHz","audioPath":"/Mock/01.Management/Male/Experienced/ckmk_a_bm_m_e_165152.wav"}}}