{"version":"1.0","dataSet":{"info":{"date":"20230116","occupation":"BM","channel":"MOCK","place":"ONLINE","gender":"MALE","ageRange":"-34","experience":"EXPERIENCED"},"question":{"raw":{"text":"면접자께서는 다른 직무로 배정된다면 어떻게 하겠는지에 대해서 설명 부탁드리겠습니다","wordCount":9},"emotion":[],"intent":[]},"answer":{"raw":{"text":"원래 제 전공은 사실 전기와 기계 파트입니다. 하지만 경영과 사무와 관련된 경력이 있죠. 어떻게 크게 본다면 문과의 경력이 있고 전공은 이과 쪽입니다. 그렇기 때문에 지금 현재 경영과 사무와 관련된 직무로 배정받는 것이 아닌 이과 관련 계열에 직무로 배정을 받는다고 하더라도 저는 전공도 있고 관련 경험이 또 있습니다. 그래서 다른 직무로 배정을 받는다고 해도 저는 그 직무가 적성에 맞을 것이고 더 나아가 적성에 맞으면 제 흥미를 이끌 수 있다고 생각을 합니다.","wordCount":70},"emotion":[],"intent":[{"text":"","expression":"","category":"attitude"}],"summary":{"text":"전공은 전기와 기계이지만 경영과 사무 관련 경력이 있어 이과 계열에 배정받더라도 전공과 관련 경험이 있어서 그 직무가 적성에 맞고 흥미가 생길 것이라 생각합니다.","wordCount":23}}},"rawDataInfo":{"question":{"fileFormat":"wav","fileSize":247118,"duration":7720,"samplingBit":16,"channelCount":1,"samplingRate":"16kHz","audioPath":"/Mock/01.Management/Male/Experienced/ckmk_q_bm_m_e_105985.wav"},"answer":{"fileFormat":"wav","fileSize":1685198,"duration":52660,"samplingBit":16,"channelCount":1,"samplingRate":"16kHz","audioPath":"/Mock/01.Management/Male/Experienced/ckmk_a_bm_m_e_105985.wav"}}}