{"version":"1.0","dataSet":{"info":{"date":"20230116","occupation":"BM","channel":"MOCK","place":"ONLINE","gender":"MALE","ageRange":"-34","experience":"EXPERIENCED"},"question":{"raw":{"text":"시험 기간 시간이 촉박할 때 어떻게 시간 관리를 하셨나요 지원자님의 시간 관리법에 대해서 구체적으로 말씀 부탁드립니다","wordCount":16},"emotion":[],"intent":[]},"answer":{"raw":{"text":"저는 시험 기간에 항상 시간이 부족했던 기억이 나는데요. 저 같은 경우에는 공부를 할 때 제가 어려워하고 많이 틀렸던 문제 위주로 공부를 많이 했던 것 같습니다. 그 그리고 제가 쉽게 이해가 가고 문제도 잘 맞췄던 문제들은 시험장이나 아니면 집중이 잘 안되는 시끄러운 곳에서 잠깐 잠깐 공부할 때 어 쉬운 문제를 공부했던 것 같습니다.","wordCount":52},"emotion":[],"intent":[{"text":"","expression":"","category":"attitude"}],"summary":{"text":"시험 기간에 시간이 부족했던 기억은 제가 어려워하고 많이 틀렸던 문제 위주로 공부했던 것 같습니다. 그리고 쉬운 문제를 공부했던것 같습니다.","wordCount":19}}},"rawDataInfo":{"question":{"fileFormat":"wav","fileSize":607438,"duration":18980,"samplingBit":16,"channelCount":1,"samplingRate":"16kHz","audioPath":"/Mock/01.Management/Male/Experienced/ckmk_q_bm_m_e_199626.wav"},"answer":{"fileFormat":"wav","fileSize":1465678,"duration":45800,"samplingBit":16,"channelCount":1,"samplingRate":"16kHz","audioPath":"/Mock/01.Management/Male/Experienced/ckmk_a_bm_m_e_199626.wav"}}}