{"version":"1.0","dataSet":{"info":{"date":"20230116","occupation":"BM","channel":"MOCK","place":"ONLINE","gender":"MALE","ageRange":"35-44","experience":"EXPERIENCED"},"question":{"raw":{"text":"살면서 가장 힘들었던 점은 무엇이었나요 그것을 극복하기 위해서 지원자님은 어떤 노력을 해 오셨는지 말씀 부탁드립니다","wordCount":15},"emotion":[],"intent":[]},"answer":{"raw":{"text":"누구나 다 어려웠던 시절이 있었고 그들 대부분이 금전적인 문제에 귀추되고 있습니다. 저 또한 가장 어려웠던 시절이 바로 금전적인 문제와 관련되어 있는데요. 제가 대학 이 학년 시절 저희 집은 아버지가 돌아가셔서 가정 형편이 크게 악화되었습니다. 그래서 어머니가 홀로 집안의 경제를 꾸리셨는데요. 어 물론 어머니가 아버지가 살아 계실 때도 일을 하셨기 때문에 일을 계속 하시는 것은 문제가 되지 않았으나 아버지가 오랫동안 투병하셨기 때문에 어머니가 많은 돈을 빌려요 그 돈을 갚느라 계속 고생을 하였습니다. 그래서 저도 어머니를 도와 가정을 살리기 위해 직업 군인의 길을 택하여 군인이 되기 위한 시험을 준비하면서 아르바이트도 졸업까지 계속하여 제가 공부하고 학비에 도움이 될 수 있게 하였습니다. 그때는 젊음의 활기로 힘든 지 모르고 하루하루 미래를 꿈꾸며 살아갔는데요. 지금 돌이켜보면 그 시 시절이 제 인생에서 가장 힘든 시기였던 것 같습니다.","wordCount":120},"emotion":[{"text":"제가 대학 이 학년 시절 저희 집은 아버지가 돌아가셔서 가정 형편이 크게 악화되었습니다.","expression":"u-fact","category":"neutral"},{"text":"그래서 어머니가 홀로 집안의 경제를 꾸리셨는데요.","expression":"u-fact","category":"neutral"}],"intent":[{"text":"제가 대학 이 학년 시절 저희 집은 아버지가 돌아가셔서 가정 형편이 크게 악화되었습니다.","expression":"c_private","category":"background"}],"summary":{"text":"저 또한 가장 어려웠던 시절은 금전적인 문제와 관련되어 있습니다. 제가 대학 이학년 때 부모님의 병환을 도와 가정을 부양하기 위해 직업군인의 길을 택하였습니다. 그 시절은 젊음의 활기로 매일 미래를 꿈꾸며 살아갔습니다. 지금 돌이켜보면 그 시 시절은 제 인생에서 가장 힘든 시기였던 것 같습니다.","wordCount":42}}},"rawDataInfo":{"question":{"fileFormat":"wav","fileSize":618638,"duration":19330,"samplingBit":16,"channelCount":1,"samplingRate":"16kHz","audioPath":"/Mock/01.Management/Male/Experienced/ckmk_q_bm_m_e_246648.wav"},"answer":{"fileFormat":"wav","fileSize":2522958,"duration":78840,"samplingBit":16,"channelCount":1,"samplingRate":"16kHz","audioPath":"/Mock/01.Management/Male/Experienced/ckmk_a_bm_m_e_246648.wav"}}}