{"version":"1.0","dataSet":{"info":{"date":"20230116","occupation":"BM","channel":"MOCK","place":"ONLINE","gender":"MALE","ageRange":"55-","experience":"EXPERIENCED"},"question":{"raw":{"text":"앞으로 일을 하다 보면 업무량이 아 과도하게 많아질 때도 발생을 할 텐데요 그래도 잘 버텨낼 자신이 있습니까","wordCount":17},"emotion":[],"intent":[]},"answer":{"raw":{"text":"일을 하다 보면 업무량이 과도하게 많아질 수 있습니다. 그래도 잘 버틸 자신이 있습니까. 아 예 제가 여태까지 했던 일들이 업무량이 상당히 많이 있었습니다. 그럼에도 불구하고 업무를 어 해결하는 능력은 어 탁월하다고 생각합니다. 제가 체력도 강하기 때문에 그러한 일들을 감당하는 것은 큰 어려움이 없을 것으로 보입니다. 거기에는 많은 어 도움이 아 지원이 필요하다고 생각합니다. 그런 부분들만 충분히 지원이 된다면 그 업무량이 과도하더라도 어 잘 해결할 수 있는 능력은 충분하다고 봅니다. 제가 그런 일들을 위해서 운동을 많이 하고 몸 관리를 많이 준비해 왔습니다. 그렇기 때문에 그런 것들은 큰 어려움이 안 될 것이라고 생각합니다. 하지만 저희 부서와 아 저희들을 위해서 아 회사에서 지원하는 아 여러 가지 그러한 어 금융적인 부분 그리고 또한 여러 가지 환경적인 부분들을 지원하는 것이 필요하다고 생각합니다. 많이 협조해 주시고 지원을 해 주신다면 많은 업무량이 맡는 것은 아 저희가 어떻게 보면 즐긴다고 할 수 있을 것입니다. 네 감사합니다.","wordCount":138},"emotion":[],"intent":[{"text":"","expression":"","category":"attitude"}],"summary":{"text":"업무량이 과도해도 극복할 자신이 있습니다. 체력도 강하기 때문에 큰 어려움이 없을 것이며, 그런 부분들만 지원해 준다면 업무를 잘 해결할 수 있는 능력은 충분하다고 생각합니다. 금융적인 부분, 환경적인 부분들을 지원해 주신다면 많은 업무를 맡는 것을 즐길 수 있을 것입니다.","wordCount":38}}},"rawDataInfo":{"question":{"fileFormat":"wav","fileSize":517838,"duration":16180,"samplingBit":16,"channelCount":1,"samplingRate":"16kHz","audioPath":"/Mock/01.Management/Male/Experienced/ckmk_q_bm_m_e_173464.wav"},"answer":{"fileFormat":"wav","fileSize":2902478,"duration":90700,"samplingBit":16,"channelCount":1,"samplingRate":"16kHz","audioPath":"/Mock/01.Management/Male/Experienced/ckmk_a_bm_m_e_173464.wav"}}}