{"version":"1.0","dataSet":{"info":{"date":"20230116","occupation":"BM","channel":"MOCK","place":"ONLINE","gender":"MALE","ageRange":"35-44","experience":"EXPERIENCED"},"question":{"raw":{"text":"본인은 이루고 싶은 인생의 목표가 있으십니까 있다면 왜 그것을 이루고 싶은지도 함께 말씀해 주시겠습니까","wordCount":14},"emotion":[],"intent":[]},"answer":{"raw":{"text":"저는 어 군 장교로 입대하기 전까지는 제 인생의 목표가 바로 군 장교가 되는 것이었습니다. 어 그때는 제가 아 장교가 굉장히 멋있었고 어 또한 어느 정도 어 성공적인 인생을 살 수 있다고 여겼기 때문에 어 어려운 시험을 거쳐서 공군 장교로 입대하게 되어 제 인생의 목표를 이뤄냈습니다. 하지만 제가 목표로 했던 그 공군 장교가 어 제가 근무하는 동안 많은 실망으로 다가왔기 때문에 저는 다른 목표를 찾아 찾고자 아 전역을 하기 제대를 하게 되었는데요. 그 다른 목표는 바로 어 작가로서 성공하는 것이었습니다. 저는 음 책 읽는 것을 굉장히 좋아하고 또한 상상력이 풍부하여 제가 상상하는 것들을 글로 많이 남기고 싶습니다. 그렇기 때문에 어 제가 글을 쓰고자 어 공군에서 전역을 하여 국어국문학교를 새로운 사이버 대학에서 국어국문학과를 졸업하고 글을 쓰는 음 노력을 지금도 계속하고 있습니다. 그래서 언젠가는 저만의 책을 출판하여 제가 추구하고 있는 가치를 책을 통해서 많은 사람들에게 알리고 싶습니다.","wordCount":134},"emotion":[],"intent":[{"text":"하지만 제가 목표로 했던 그 공군 장교가 어 제가 근무하는 동안 많은 실망으로 다가왔기 때문에 저는 다른 목표를 찾아 찾고자 아 전역을 하기 제대를 하게 되었는데요.","expression":"c_private","category":"background"},{"text":"그렇기 때문에 어 제가 글을 쓰고자 어 공군에서 전역을 하여 국어국문학교를 새로운 사이버 대학에서 국어국문학과를 졸업하고 글을 쓰는 음 노력을 지금도 계속하고 있습니다.","expression":"c_imp","category":"personality"}],"summary":{"text":"저는 군 장교로 입대하기 전까지는 군 장교가 성공적인 인생을 살 수 있을 것이라고 생각해 공군 장교가 되는 것을 목표로 했습니다. 하지만 근무 동안 많은 실망을 했고 다른 목표를 찾아 전역하게 되었습니다. 그 다른 목표는 작가로서 성공하는 것이었습니다. 언젠가 저만의 책을 출판하여 제 가치를 많은 사람들에게 알리고 싶습니다.","wordCount":47}}},"rawDataInfo":{"question":{"fileFormat":"wav","fileSize":440398,"duration":13760,"samplingBit":16,"channelCount":1,"samplingRate":"16kHz","audioPath":"/Mock/01.Management/Male/Experienced/ckmk_q_bm_m_e_246863.wav"},"answer":{"fileFormat":"wav","fileSize":3146958,"duration":98340,"samplingBit":16,"channelCount":1,"samplingRate":"16kHz","audioPath":"/Mock/01.Management/Male/Experienced/ckmk_a_bm_m_e_246863.wav"}}}