{"version":"1.0","dataSet":{"info":{"date":"20230116","occupation":"BM","channel":"MOCK","place":"ONLINE","gender":"MALE","ageRange":"35-44","experience":"EXPERIENCED"},"question":{"raw":{"text":"미래에는 없어질 수도 있는 직업들에 대한 글들이 많이 있습니다 그렇다면 지원자님께서 생각하실 때 현대 사회에서 없어서는 안 될 가장 중요하다고 생각하시는 직업 한 가지만을 골라서 말씀해 주세요","wordCount":27},"emotion":[],"intent":[]},"answer":{"raw":{"text":"현대 사회에서 가장 필요한 직업은 바로 소프트웨어 전문가 및 엔지니어입니다. 이제는 몸으로 모든 것을 해결할 수 있는 시대는 저물고 디지털 트랜스포메이션에 의해서 빅데이타 인공지능 구글과 바이두와 같은 자율 주행에 특화된 회사들이 앞으로 시장을 선도할 것입니다. 우리나라 현대 기아차도 현재 이 점 오 에서 삼 점 오 단계에 자율 주행을 준비하고 있지만 아직까지 많이 부족합니다. 전세계 트렌드는 자율 주행 구글에 있는 머신 러닝 딥 러닝 빅데이타이고 빅데이터를 움직일 수 있는 데이터 사이언티스트들이 앞으로 세상을 주도할 것인데 이런 것들이 이 세상에 앞으로 가장 중요한 직업이 될 것으로 생각합니다. 이제는 공장 자동화부터 그 흔한 음식점에 서빙 커피를 만드는 로봇까지 모든 것들이 전부 소프트웨어와 하드웨어에 의해서 움직이게 되어 있습니다. 그런데 하드웨어와 소프트웨어를 움직이려면 소프트웨어 개발 전문가 또는 소프트웨어 엔지니어가 아니면 이 시장에서는 살아남을 수가 없고 앞으로는 그런 코딩과 프로그램을 이해하지 못하는 사람은 직장을 구하기가 또 힘들 것이며 결국은 나락에 떨어질 것으로 생각합니다.","wordCount":138},"emotion":[{"text":"이제는 공장 자동화부터 그 흔한 음식점에 서빙 커피를 만드는 로봇까지 모든 것들이 전부 소프트웨어와 하드웨어에 의해서 움직이게 되어 있습니다.","expression":"u-fact","category":"neutral"}],"intent":[{"text":"","expression":"","category":"attitude"}],"summary":{"text":"현대 사회에서 가장 필요한 직업은 빅데이타 인공지능 구글과 바이두와 같은 자율 주행에 특화된 회사들이 될 것입니다. 모든 것이 소프트웨어와 하드웨어에 의해서 움직이게 되어 소프트웨어 개발 전문가 또는 소프트웨어 엔지니어가 아니면 이 시장에서는 살아남을 수가 없습니다. 앞으로 이런 코딩과 프로그램을 이해하지 못하는 사람은 직장을 구하기 힘들 것입니다.","wordCount":46}}},"rawDataInfo":{"question":{"fileFormat":"wav","fileSize":625998,"duration":19560,"samplingBit":16,"channelCount":1,"samplingRate":"16kHz","audioPath":"/Mock/01.Management/Male/Experienced/ckmk_q_bm_m_e_178608.wav"},"answer":{"fileFormat":"wav","fileSize":2596558,"duration":81140,"samplingBit":16,"channelCount":1,"samplingRate":"16kHz","audioPath":"/Mock/01.Management/Male/Experienced/ckmk_a_bm_m_e_178608.wav"}}}