{"version":"1.0","dataSet":{"info":{"date":"20230116","occupation":"BM","channel":"MOCK","place":"ONLINE","gender":"MALE","ageRange":"35-44","experience":"EXPERIENCED"},"question":{"raw":{"text":"면접 준비를 하시면서 한번 생각해보셨을 텐데요 새로운 서비스나 또는 새로운 제품을 한번 이 자리에서 제안해 보십시오","wordCount":16},"emotion":[],"intent":[]},"answer":{"raw":{"text":"이중 주차 및 불법 주차를 해결할 수 있는 좋은 제품을 제한하고 싶습니다. 이것은 이중 주차 불법 주차를 하고 차주들이 연락처도 안 남긴 채 사이드 브레이크를 채워 놓은 상태에서 빠르게 차를 빼야 되는 사람들한테 유용한 것들인데요. 바로 버튼 하나로 자동차 밑으로 견인차 같은 레카가 들어가서 자동차를 들어 올린 다음에 자기 스스로 조정할 수 있는 에이아이가 탑재된 장비입니다.그 장비는 굳이 레카를 부를 필요도 없고 버튼 하나로 조작을 통해서 차를 옆 앞 뒤 또는 주차까지 가능하게 하는 최첨단 에이아이 주차 서비스입니다. 이것은 초반에 가격은 좀 비싸게 느껴질 수 있으나 굉장히 품질도 좋고 크기가 작아서 휴대용으로 쓸 수도 있습니다. 특히나 불법주차 또는 이중 주차를 많이 하는 곳에서 누군가가 연락이 안 됐을 때 바로 버튼 하나만 가지고 그 자동차 밑으로 그 에이아이 자동차 주차 기기를 집어넣고 운전을 하면 바로 앞 옆 뒤 이렇게 움직일 수 있는 아주 좋은 장비입니다.","wordCount":134},"emotion":[],"intent":[{"text":"","expression":"","category":"attitude"}],"summary":{"text":"이중 주차 및 불법 주차를 하고 차주들이 연락처도 없이 사이드 브레이크를 채워 놓은 상태에서 빠르게 차를 빼야 되는 사람들한테 유용한 장비는 버튼 하나로 자동차 밑으로 견인차 같은 레카가 들어가 자동차를 들어 올린 후에 자기 스스로 조정할 수 있는 최첨단 에이아이 주차 서비스입니다.","wordCount":42}}},"rawDataInfo":{"question":{"fileFormat":"wav","fileSize":349198,"duration":10910,"samplingBit":16,"channelCount":1,"samplingRate":"16kHz","audioPath":"/Mock/01.Management/Male/Experienced/ckmk_q_bm_m_e_156376.wav"},"answer":{"fileFormat":"wav","fileSize":2548238,"duration":79630,"samplingBit":16,"channelCount":1,"samplingRate":"16kHz","audioPath":"/Mock/01.Management/Male/Experienced/ckmk_a_bm_m_e_156376.wav"}}}