{"version":"1.0","dataSet":{"info":{"date":"20230116","occupation":"BM","channel":"MOCK","place":"ONLINE","gender":"MALE","ageRange":"-34","experience":"EXPERIENCED"},"question":{"raw":{"text":"본인께서는 멀티 채널과 옴니 채널의 개념과 차이점에 대해 알고 계십니까 아시는 만큼 본인의 의견을 말씀해 주세요","wordCount":16},"emotion":[],"intent":[]},"answer":{"raw":{"text":"멀티 채널은 기존에 우리가 사용하고 있는 채널을 말하는데 어 쉽게 이야기하면 티비나 인터넷 오프라인에 동시 교차 구매를 유통한 시너지 효과를 얻는 것이라고 생각합니다. 반면에 옴니 채널은 온 오프라인 모바일 등 다양한 채널을 통해서 상품을 검색하고 구매할 수 있는 서비스를 말합니다. 예를 들어 스마트폰 근거리 통신 기술을 이용해서 마트 앞을 지나는 고객에게 쿠폰을 제공하는 게 옴니 채널에 한 예라고 볼 수 있습니다. 두 개에 차이점은 멀티 채널은 운영하고 있는 각 채널을 독립적으로 운영해서 온 오프라인이 경쟁 상대라고 한다면 옴니 채널은 온 오프라인이 경쟁 상대가 아니라 상생 관계라는 점에서 차이점이 있다고 생각합니다.","wordCount":90},"emotion":[{"text":"멀티 채널은 기존에 우리가 사용하고 있는 채널을 말하는데 어 쉽게 이야기하면 티비나 인터넷 오프라인에 동시 교차 구매를 유통한 시너지 효과를 얻는 것이라고 생각합니다.","expression":"u-fact","category":"neutral"},{"text":"반면에 옴니 채널은 온 오프라인 모바일 등 다양한 채널을 통해서 상품을 검색하고 구매할 수 있는 서비스를 말합니다.","expression":"u-fact","category":"neutral"},{"text":"예를 들어 스마트폰 근거리 통신 기술을 이용해서 마트 앞을 지나는 고객에게 쿠폰을 제공하는 게 옴니 채널에 한 예라고 볼 수 있습니다.","expression":"u-fact","category":"neutral"},{"text":"두 개에 차이점은 멀티 채널은 운영하고 있는 각 채널을 독립적으로 운영해서 온 오프라인이 경쟁 상대라고 한다면 옴니 채널은 온 오프라인이 경쟁 상대가 아니라 상생 관계라는 점에서 차이점이 있다고 생각합니다.","expression":"u-fact","category":"neutral"}],"intent":[{"text":"","expression":"","category":"attitude"}],"summary":{"text":"멀티 채널은 티비나 인터넷 오프라인에 동시 교차 구매를 유통한 시너지 효과를 얻는 것이고, 옴니 채널은 다양한 채널을 통해서 상품을 검색하고 구매할 수 있는 것으로 온 오프라인이 경쟁 상대가 아닌 상생 관계라는 점이 차이점입니다.","wordCount":33}}},"rawDataInfo":{"question":{"fileFormat":"wav","fileSize":457358,"duration":14290,"samplingBit":16,"channelCount":1,"samplingRate":"16kHz","audioPath":"/Mock/01.Management/Male/Experienced/ckmk_q_bm_m_e_226797.wav"},"answer":{"fileFormat":"wav","fileSize":2187598,"duration":68360,"samplingBit":16,"channelCount":1,"samplingRate":"16kHz","audioPath":"/Mock/01.Management/Male/Experienced/ckmk_a_bm_m_e_226797.wav"}}}