{"version":"1.0","dataSet":{"info":{"date":"20230116","occupation":"BM","channel":"MOCK","place":"ONLINE","gender":"MALE","ageRange":"35-44","experience":"EXPERIENCED"},"question":{"raw":{"text":"지금까지 인생을 살면서 가장 후회되는 일이 있다면 어떤 일이 가장 후회되나요 본인이 가장 후회되는 일 한 가지만 말씀해 주세요","wordCount":19},"emotion":[],"intent":[]},"answer":{"raw":{"text":"중학교 삼 학년 때 특목고로 갈 수 있는 실력이 있었음에도 불구하고 특목고에 가서 많은 양의 공부를 할 자신이 없어서 공부를 좀 못하지만 남녀공학을 택했던 일이 있었습니다. 그때 부모님 선생님의 엄청난 만류와 꾸짖음에도 불구하고 막상 공포에 두려움이 있어서 특목고를 가지 않겠다고 생떼를 썼습니다. 그리고 나서 남녀공학을 택했는데 그 이유는 거기를 가면 여자친구를 만들 수 있을 거라는 작은 기대 때문이었습니다. 그 어린 마음에 공부를 더하고 나중에 좋은 대학을 가거나 그런 미래를 꿈꿨던 것이 아니라 당장 눈앞에 공부를 많이 해야 되고 하루에 열 시간 열 다섯 시간씩 책상 앞에 앉아 있어야 되는 특목고에서 잘 버틸 수 없었던 것 같습니다. 그때 부모님이 엄청나게 혼을 내시면서 너 고등학교가 살아가면서 얼마나 중요한 건데 이렇게 쉬운 선택을 하냐 라고 하고 결국 제 편을 들어주셨는데 지금 와서 생각해보니 부모님이 왜 그때 그렇게 혼을 내시면서 말렸는지 이해가 갑니다. 조금 더 공부 잘하는 학교를 가서 잘하는 친구들과 어울리면서 경쟁을 했으면 지금보다 더 나은 삶을 살거나 아니면 지금보다 더 좋은 대학교를 갈 수 있었을 것 같은데 그때 남녀공학인 고등학교를 가서 제대로 여자친구도 사귀지 못하면서 삼 년 동안 방황을 하면서 허송세월을 보냈던 것 같습니다.","wordCount":172},"emotion":[],"intent":[{"text":"중학교 삼 학년 때 특목고로 갈 수 있는 실력이 있었음에도 불구하고   특목고에 가서 많은 양의 공부를 할 자신이 없어서 공부를 좀 못하지만 남녀공학을 택했던 일이 있었습니다.","expression":"c_private","category":"background"}],"summary":{"text":"중학교 삼학년 때 특목고로 갈 수 있는 실력이 있었음에도 불구하고 특목고에 가지 않겠다고 생떼를 썼습니다. 그 이유는 여자친구를 만들 수 있을 거라는 작은 기대 때문이었습니다. 그런데 부모님이 엄청 혼을 내면서 제 편을 들어주셨는데 지금은 이해가 됩니다. 그때 남녀공학인 고등학교를 가서 제대로 여자친구도 사귀지 못하면서 삼 년 동안 방황을 하면서 허송세월을 보냈던 것 같습니다.","wordCount":53}}},"rawDataInfo":{"question":{"fileFormat":"wav","fileSize":389198,"duration":12160,"samplingBit":16,"channelCount":1,"samplingRate":"16kHz","audioPath":"/Mock/01.Management/Male/Experienced/ckmk_q_bm_m_e_166184.wav"},"answer":{"fileFormat":"wav","fileSize":2795598,"duration":87360,"samplingBit":16,"channelCount":1,"samplingRate":"16kHz","audioPath":"/Mock/01.Management/Male/Experienced/ckmk_a_bm_m_e_166184.wav"}}}