{"version":"1.0","dataSet":{"info":{"date":"20230116","occupation":"BM","channel":"MOCK","place":"ONLINE","gender":"MALE","ageRange":"35-44","experience":"EXPERIENCED"},"question":{"raw":{"text":"그동안 속해 있었던 조직이나 단체에서 지원자님께서는 어떤 역할을 맡으셨는지 어떤 위치에 있었는지 어 상세하게 설명해 주시기를 바랍니다","wordCount":17},"emotion":[],"intent":[]},"answer":{"raw":{"text":"아 제가 지금 속해 있던 이 조직 단체 이런 데서 제가 주로 어떤 역할을 맡았고 어떤 사람이었는지를 한번 생각해 보았습니다. 그 부분에 대해서 답변을 드리도록 하겠습니다. 어 일단 전 회사에서는 중간 관리자 역할을 했었던 것 같고 그 전 회사에서는 일단 뭐 사원이었기 때문에 어 이렇게 반론 해 하는 그런 단계가 될 것 같습니다. 이 제일 최근에 했던 경험으로 말씀드리면은 일단 중간 관리자 역할을 했었는데 예 중간 관리자는 인제 사람으로 비유하자면은 중간에서 다리를 놓아주는 역할이라고 생각합니다. 이제 부하 직원이 있을 것이고 상급자가 있을 것이고 그 중간에서 중간 다리 역할을 해주는 단계가 어 중간 관리자 역할이 될 것 같습니다. 지금 회사에도 지원한 분야인 기도 하고 하기 때문에 이런 중간 관리자 역할을 제일 많이 해 봤고 또 경험이 많이 있기 때문에 어떻게 해야 이런 중간 관리자의 역할을 해야 하는지를 알고 있습니다. 그런 부분에 대해서는 경험과 노하우를 갖고 있기 때문에 전혀 걱정되지는 않습니다. 네 이상입니다.","wordCount":141},"emotion":[],"intent":[{"text":"","expression":"","category":"attitude"}],"summary":{"text":"조직 단체에서 수행한 중간관리자의 역할은 부하직원과 상급자가 중간 다리 역할을 하는 단계라고 생각합니다. 지금 회사에도 지원한 분야이기도 하고 많이 해 봤기 때문에 어떻게 해야 이 중간 관리자의 역할을 해야 하는지를 알고 있습니다. 그런 부분에 대해서는 걱정하지 않습니다.","wordCount":37}}},"rawDataInfo":{"question":{"fileFormat":"wav","fileSize":452558,"duration":14140,"samplingBit":16,"channelCount":1,"samplingRate":"16kHz","audioPath":"/Mock/01.Management/Male/Experienced/ckmk_q_bm_m_e_214728.wav"},"answer":{"fileFormat":"wav","fileSize":2631118,"duration":82220,"samplingBit":16,"channelCount":1,"samplingRate":"16kHz","audioPath":"/Mock/01.Management/Male/Experienced/ckmk_a_bm_m_e_214728.wav"}}}