{"version":"1.0","dataSet":{"info":{"date":"20230116","occupation":"BM","channel":"MOCK","place":"ONLINE","gender":"MALE","ageRange":"35-44","experience":"EXPERIENCED"},"question":{"raw":{"text":"이 직무에 지원한 이유가 무엇인지 말씀해 주시고 또 본인이 이 직무에 왜 접합한 인재인지도 설명해 주십시오","wordCount":16},"emotion":[],"intent":[]},"answer":{"raw":{"text":"어 제가 이 직무에 지원한 이유 지금 어떻게 보면 팀장급 중간 관리자 역할을 지원하게 된 이유와 제가 왜 적합한 위치에 있어도 될 사람인지 대해 답변 드리겠습니다. 어 일단 지원하는 이유는 제일 자신 있는 분야이고 또 그 부분에 대한 경험이 굉장히 많이 있고 그거에 대한 노하우도 충분하다고 생각하기 때문에 어 지금 이 회사 그 지원한 직무가 될 것 같은데 그 부분에 대해서 제가 왜 적합한지에 대해서는 일단 수많은 경험이 있습니다. 그런 역할을 많이 진행을 해 봤고 어떻게 해야 그 자리에서 성과를 낼 수 있는 방법도 알기 때문에 제가 제일 적합하다고 생각한 부분이 될 것 같고 또한 뭐 거기 제가 원하는 지원한 질문이 되지 않아도 그런 경험이나 노하우를 통해서 어느 자리에서든 최선을 다할 수 있을 것 같습니다. 그러기 때문에 제가 갖고 있는 그런 경험이나 노하우를 회사에 이익 창출해 있어서 많은 도움이 될 수 있을 것 같습니다. 네 이상입니다.","wordCount":136},"emotion":[],"intent":[{"text":"그런 역할을 많이 진행을 해 봤고 어떻게 해야 그 자리에서 성과를 낼 수 있는 방법도 알기 때문에 제가 제일 적합하다고 생각한 부분이 될 것 같고 또한 뭐 거기 제가 원하는 지원한 질문이 되지 않아도 그런 경험이나 노하우를 통해서 어느 자리에서든 최선을 다할 수 있을 것 같습니다.","expression":"c_sincere_job","category":"etc"},{"text":"그러기 때문에 제가 갖고 있는 그런 경험이나 노하우를 회사에 이익 창출해 있어서 많은 도움이 될 수 있을 것 같습니다.","expression":"c_sincere_co","category":"etc"}],"summary":{"text":"중간 관리자 역할을 지원하게 된 이유와 제가 왜 적합한 위치에 있어도 될 사람인지 답변 드리겠습니다. 지원하는 이유는 자신 있는 분야이고 경험과 노하우도 충분하기 때문에 지원한 직무가 될 것 같은데 왜 적합한지에 대해서는 수많은 경험이 있습니다. 경험을 통해 최선을 다할 수 있을 것 같습니다.","wordCount":43}}},"rawDataInfo":{"question":{"fileFormat":"wav","fileSize":528718,"duration":16520,"samplingBit":16,"channelCount":1,"samplingRate":"16kHz","audioPath":"/Mock/01.Management/Male/Experienced/ckmk_q_bm_m_e_214733.wav"},"answer":{"fileFormat":"wav","fileSize":2622158,"duration":81940,"samplingBit":16,"channelCount":1,"samplingRate":"16kHz","audioPath":"/Mock/01.Management/Male/Experienced/ckmk_a_bm_m_e_214733.wav"}}}