{"version":"1.0","dataSet":{"info":{"date":"20230116","occupation":"BM","channel":"MOCK","place":"ONLINE","gender":"MALE","ageRange":"45-54","experience":"EXPERIENCED"},"question":{"raw":{"text":"본인은 무언가를 달성하기 위해서 목표를 세우고 이 년 또는 삼 년간 열심히 노력을 해서 목표를 달성한 경험이 있나요","wordCount":18},"emotion":[],"intent":[]},"answer":{"raw":{"text":"네 저는 약 한 칠 팔 년 전에 어 몸이 좀 아팠습니다. 뭐 그냥 말씀드리면 그때 그 암에 걸렸었는데 그래서 그 치료하고 수술하고 치료하는 과정에서 회사를 좀 당 한동안 쉬어야 되는 상황이었습니다. 당시 솔직히 말씀드려서 여러 가지로 많이 힘들었습니다. 물론 저보다도 저를 지켜보고 있는 가족 어 주변에 있는 뭐 친구 동료들이 더 동료들 역시 힘들었겠지만 어 저는 지금은 수술도 잘 됐고 어 병원으로부터 완치 판정을 받은 상태입니다. 어 저는 그 당시에 시간도 좀 많이 남고 해 가지고 보육교사 자격증을 따려고 공부를 했습니다. 어 대학교에 평생교육원에 등록을 해 가지고 주말에는 강의를 듣고 주중에는 인터넷으로 강의 듣고 시험 보고 어 나중에는 실습까지 나가서 최종적으로 약 한 이 년에 걸쳐서 어 보육교사 자격증을 취득했습니다. 어 그리고 나서 어 잠깐이지만 시간이 돼서 실습 생활도 했고 저는 어 나중에 그 제가 뭐 은퇴를 하고 나면 보육 사 아이들의 보육 사업에 관심이 있습니다. 그때 저에게 어 도움이 많이 될 것 같다 라고 많이 들 거라고 생각합니다.","wordCount":150},"emotion":[],"intent":[{"text":"","expression":"","category":"attitude"}],"summary":{"text":"저는 암에 걸렸었는데 치료하는 과정에서 회사를 잠시 쉬어야 되는 상황이었습니다. 지금은 수술도 잘 됐고, 병원으로부터 완치 판정을 받았습니다. 저는 보육교사 자격증을 따려고 공부를 했는데, 대학교에 평생교육원에 등록을 해 가지고 시험도 보고 실습도 했습니다. 나중에 제가 은퇴하면 보육사업에 관심이 많을 것 같습니다.","wordCount":41}}},"rawDataInfo":{"question":{"fileFormat":"wav","fileSize":367118,"duration":11470,"samplingBit":16,"channelCount":1,"samplingRate":"16kHz","audioPath":"/Mock/01.Management/Male/Experienced/ckmk_q_bm_m_e_100891.wav"},"answer":{"fileFormat":"wav","fileSize":2758478,"duration":86200,"samplingBit":16,"channelCount":1,"samplingRate":"16kHz","audioPath":"/Mock/01.Management/Male/Experienced/ckmk_a_bm_m_e_100891.wav"}}}