{"version":"1.0","dataSet":{"info":{"date":"20230116","occupation":"BM","channel":"MOCK","place":"ONLINE","gender":"MALE","ageRange":"35-44","experience":"EXPERIENCED"},"question":{"raw":{"text":"대학 생활을 보내면서 가장 힘들었던 경험이 있으실까요 만약 있으시다면 그것을 어떻게 극복했는지도 한 번 말씀해 주세요","wordCount":16},"emotion":[],"intent":[]},"answer":{"raw":{"text":"가장 힘들었던 것은 무엇보다도 돈이었습니다. 저의 가정 형편상 고등학교를 졸업하고 바로 취업을 할 수 밖에 없는 상황이었습니다. 하지만 그때 뉴스에서 가정 형편이 어려운 학생들을 위해서 학자금 대출을 국가적으로 아주 저금리로 지원해 준다고 하여 바득바득 우겨서 저는 대학교를 들어갔습니다. 그런데 대학교를 들어간 것이 문제가 아니라 대학교에 들어가자마자 모든 것이 다 돈이었습니다. 심지어 오티 엠티 학교에서의 회식 그리고 친구들과의 술자리 이런 것들을 저는 아무것도 할 수 없었고 교재도 살 돈이 없고 교재 참가비를 낼 돈도 없었습니다. 그래서 제가 항상 고민했던 것이 학교 방과 후 주말에 지속적으로 아르바이트를 구하고 야간에는 물류 센터에서 일을 하면서 학교를 다녔고 주말에는 건설 현장 막노동에서 많은 업무를 했었습니다. 그러다보니 몸도 지치고 젊은 나이지만 마음도 지쳐 공부에 집중을 못했던 때가 많았습니다. 특히나 친구들과 어울려야 하는데 어울릴 시간이 없고 아르바이트만 하다 보니 그렇게 한 달 두 달 일 년이 지나가게 되었습니다. 그렇게 일 년 이 년 삼 년이 지나도 친구를 만들 수가 없었고 겨우겨우 졸업은 할 수 있었지만 지금도 대학 생활에 큰 낭만이 없었습니다.","wordCount":154},"emotion":[],"intent":[{"text":"저의 가정 형편상 고등학교를 졸업하고 바로 취업을 할 수 밖에 없는 상황이었습니다.","expression":"c_private","category":"background"},{"text":"그래서 제가 항상 고민했던 것이   학교 방과 후 주말에 지속적으로 아르바이트를 구하고 야간에는 물류 센터에서 일을 하면서 학교를 다녔고 주말에는   건설 현장 막노동에서 많은 업무를 했었습니다.","expression":"c_private","category":"background"}],"summary":{"text":"가정형편이 어려워 취업을 할 수 밖에 없던 나는, 학자금대출을 국가적으로 저금리로 지원해주는 방송을 보고 대학교를 들어갔습니다. 그런데 들어가자마자 모든 것이 돈이었습니다. 그래서 주말에 아르바이트를 구하고, 주말에는 막노동을 했습니다. 그러다 보니 공부에 집중을 못했던 저는 시간이 흘러, 지금은 대학생활에 큰 낭만이 없습니다.","wordCount":41}}},"rawDataInfo":{"question":{"fileFormat":"wav","fileSize":419278,"duration":13100,"samplingBit":16,"channelCount":1,"samplingRate":"16kHz","audioPath":"/Mock/01.Management/Male/Experienced/ckmk_q_bm_m_e_164813.wav"},"answer":{"fileFormat":"wav","fileSize":2759758,"duration":86240,"samplingBit":16,"channelCount":1,"samplingRate":"16kHz","audioPath":"/Mock/01.Management/Male/Experienced/ckmk_a_bm_m_e_164813.wav"}}}