{"version":"1.0","dataSet":{"info":{"date":"20230116","occupation":"BM","channel":"MOCK","place":"ONLINE","gender":"MALE","ageRange":"-34","experience":"EXPERIENCED"},"question":{"raw":{"text":"지원자님의 성격상 장점과 단점에 대해서 어 각각 말씀해 주십시오 어 구체적인 예시를 들어 주셔도 어 좋습니다","wordCount":16},"emotion":[],"intent":[]},"answer":{"raw":{"text":"제 성격은 긍정적이라는 것입니다. 그래서 다른 사람과의 협업이나 어떤 업무를 할 때 항상 능동적으로 적극적으로 협업을 해서 사람들의 긍정적인 호응을 얻고 있고요. 제 제 단점은 쪼금은 덤벙 더 거린다는 것입니다. 그래서 그런 점들을 보완하기 위해서 메모를 많이 하고 체크리스트를 만들어서 업무에 임하고 있습니다. 이 회사에 입사하여서도 저의 이런 장점을 살리고 단점은 보완해서 업무에 임해 임하도록 하겠습니다. 감사합니다.","wordCount":57},"emotion":[],"intent":[{"text":"제 성격은 긍정적이라는 것입니다.","expression":"c_person","category":"background"},{"text":"제 제 단점은   쪼금은 덤벙 더 거린다는 것입니다.","expression":"c_person","category":"background"},{"text":"그래서 그런 점들을 보완하기 위해서 메모를 많이 하고 체크리스트를 만들어서 업무에 임하고 있습니다.","expression":"m_sche","category":"technology"}],"summary":{"text":"긍정적인 성격의 제 성격은 다른 사람과의 협업이나 어떤 업무를 할 때 능동적으로 협업을 하여 사람들의 긍정적인 호응을 얻고 있습니다. 단점은 덤벙거리는 편이라 메모를 많이 하여 보완하고 있습니다.","wordCount":27}}},"rawDataInfo":{"question":{"fileFormat":"wav","fileSize":471758,"duration":14740,"samplingBit":16,"channelCount":1,"samplingRate":"16kHz","audioPath":"/Mock/01.Management/Male/Experienced/ckmk_q_bm_m_e_156986.wav"},"answer":{"fileFormat":"wav","fileSize":1295438,"duration":40480,"samplingBit":16,"channelCount":1,"samplingRate":"16kHz","audioPath":"/Mock/01.Management/Male/Experienced/ckmk_a_bm_m_e_156986.wav"}}}