{"version":"1.0","dataSet":{"info":{"date":"20230116","occupation":"BM","channel":"MOCK","place":"ONLINE","gender":"MALE","ageRange":"35-44","experience":"EXPERIENCED"},"question":{"raw":{"text":"만약 해외에 파견 근무를 나가게 된다면 어떤 나라에서 일을 하고 싶으신가요 그 이유도 함께 말씀해 주세요","wordCount":16},"emotion":[],"intent":[]},"answer":{"raw":{"text":"해외 파견 근무에 대해서 저의 의견을 말씀드리겠습니다. 일단 해외 파견을 나가게 되면은 이제 여러 가지 전제 조건이 있을 건데 어 해외 파견을 좋아하는 직원도 있을 것이고 어 그에 따른 어 환경이 바뀌기 때문에 그런 것에 조금 여유를 갖지 못하는 그런 환경이 될 수도 있습니다. 저 같은 경우는 이제 해외 파견 근무를 선호하는 입장이고 어 혹시 가게 된다면은 그 영토가 넓은 중국이라는 나라가 있을 것입니다. 과연 거기서는 확장할 수 있는 그런 전제 조건이 많이 깔려 있습니다. 그러기 때문에 기회의 땅이라고 하는 중국에서 어 번창해 나가게 되면 또 거기는 아직은 우리나라보다는 그래도 인력비가 저렴합니다. 저렴하기 때문에 가성비 측면에서도 회사를 확장했을 때 또는 회사에서 영업을 그쪽으로 중국으로 확장을 했을 때 많은 그 극대화될 수 있는 회사의 이익이 창출할 수도 있는 그런 여건이 만들어질 것이라 판단이 돼서 어 중국이라는 나라를 선택하게 되었고 어 중국이란 나라의 미래성을 투자해 보고 싶습니다. 이상입니다.","wordCount":136},"emotion":[],"intent":[{"text":"","expression":"","category":"attitude"}],"summary":{"text":"해외 파견 근무를 선호하는 저 같은 경우는 영토가 넓은 중국이라는 나라가 있을 것입니다. 그곳은 확장할 수 있는 전제 조건이 많이 깔려 있습니다. 그러므로 중국에서 번창해 나가게 되면 우리나라보다는 인력비가 저렴합니다. 그래서 저는 중국이라는 나라를 선택하게 되었고, 중국의 미래성을 투자해 보고 싶습니다.","wordCount":41}}},"rawDataInfo":{"question":{"fileFormat":"wav","fileSize":474638,"duration":14830,"samplingBit":16,"channelCount":1,"samplingRate":"16kHz","audioPath":"/Mock/01.Management/Male/Experienced/ckmk_q_bm_m_e_146714.wav"},"answer":{"fileFormat":"wav","fileSize":2676558,"duration":83640,"samplingBit":16,"channelCount":1,"samplingRate":"16kHz","audioPath":"/Mock/01.Management/Male/Experienced/ckmk_a_bm_m_e_146714.wav"}}}