{"version":"1.0","dataSet":{"info":{"date":"20230116","occupation":"BM","channel":"MOCK","place":"ONLINE","gender":"MALE","ageRange":"35-44","experience":"EXPERIENCED"},"question":{"raw":{"text":"지원자님께서는 이 분야에 지원하시기 위해 특정한 노력을 하셨다면 어떤 노력을 하셨는지 생각하 나시는 대로 한 번 말씀해 주실 수 있으신가요","wordCount":20},"emotion":[],"intent":[]},"answer":{"raw":{"text":"어 여기에 지원하기 전에 제가 인제 노력했던 부분에서 말씀드리겠습니다. 어 일단 뭐 경영이나 뭐 이런 서비스 모든 업무에는 사람이 제일 중요하다고 생각합니다. 그래서 사람 관리를 좀 중요시 여기고 있다 보니 어 회사에 입사해서도 일단 인간관계를 형성하는 데 집중하려고 합니다. 어 그런 노력들을 갖추기 위해서 어 군복무를 했을 때도 인제 간부로 군 생활 하게 되면서 그때 인제 많은 여러 가지의 종류의 사람들을 겪어 봤든 것 같습니다. 그런 경험들을 만들어서 지금 인제 하게 됐을 때 그런 분야에 대해서 인간관계에 대해서 제일 중요시 여길 거 같고 또한 인제 경영에 필요한 여러 가지 인제 각종 스펙들이 필요합니다. 그런 것들에 비해서 음 어 자기계발은 인제 지속적으로 진행이 돼야 할 것 같고 그런 것들을 통해서 회사에 꼭 필요한 인재가 될 수 있지 않을까 싶습니다. 그래서 그런 부분을 대비해서 그런 자기 계발이나 인간관계에 집중할 수 있도록 하겠습니다. 이상입니다.","wordCount":131},"emotion":[],"intent":[{"text":"","expression":"","category":"attitude"}],"summary":{"text":"모든 업무에는 사람이 제일 중요하므로 회사에 입사해서도 인간관계를 형성하는 데 집중하려고 합니다. 그런 노력을 갖추기 위해서 군복무를 했을 때도 여러 가지 종류의 사람들을 겪어봤을 것 같습니다. 그런 경험을 만들어 지금 인제 하게 됐을 때 인간관계에 대해 제일 중요시 여길 거 같고 각종 스펙들이 필요합니다.","wordCount":44}}},"rawDataInfo":{"question":{"fileFormat":"wav","fileSize":385358,"duration":12040,"samplingBit":16,"channelCount":1,"samplingRate":"16kHz","audioPath":"/Mock/01.Management/Male/Experienced/ckmk_q_bm_m_e_184694.wav"},"answer":{"fileFormat":"wav","fileSize":2593998,"duration":81060,"samplingBit":16,"channelCount":1,"samplingRate":"16kHz","audioPath":"/Mock/01.Management/Male/Experienced/ckmk_a_bm_m_e_184694.wav"}}}