{"version":"1.0","dataSet":{"info":{"date":"20230116","occupation":"BM","channel":"MOCK","place":"ONLINE","gender":"MALE","ageRange":"35-44","experience":"EXPERIENCED"},"question":{"raw":{"text":"소통 능력을 키우기 위해서는 어떠한 일을 할 수 있을까요 지원자님께서 생각나는 방법들을 한 번 자세하게 말씀해 주시겠어요","wordCount":17},"emotion":[],"intent":[]},"answer":{"raw":{"text":"소통 능력을 키우는 것 중에 가장 중요한 것이 바로 남들과의 공감대입니다. 공감대라는 것은 나와 남이 같이 느낄 수 있는 어떤 공통 분모인데요. 그러기 위해서는 책이나 동영상 또는 다양한 매체를 접해야 합니다 예를 들어 최근에 트렌드가 엠지 세대에 테니스 열풍이라고 합니다. 엠지 세대가 왜 테니스를 좋아하는지 먼저 뉴스를 검색해보고 테니스는 어떤 것이 좋은 점이며 테니스의 장점 테니스 선수는 누가 유명한지 국내에서는 어떻게 테니스 중계가 이뤄지고 테니스 대회가 열리는지를 먼저 검색하고 그런 내용들을 하나하나 섭렵하다 보면 저도 그 내용에 대해서 관심이 많아지고 누군가와 소통할 주제거리가 많아집니다. 이렇게 소통을 주제거리를 하나하나 쌓다보면 많은 사람들이 그 각자마다 관심 있는 부분에 대해서 그 부분을 파악하고 그들에게 먼저 그런 화제를 던지게 됩니다. 그렇게 되면 그 사람들은 자기 관심 있는 분야의 내용이 나오면 자 자신도 모르게 그 내용을 자연스럽게 얘기하게 되고 관심과 집중을 가지면서 저와의 대화를 하기 시작할 겁니다. 그러면 그때 저는 이제부터는 그거에 대한 대화를 하기보다는 굿 리스너가 되어 그들에 대해 이야기를 잘 청취하면서 중간중간 리액션을 해주면 됩니다. 결국은 사람은 자기가 관심 있는 분야를 같이 관심가진 사람에게 소통을 하게 되어 있습니다.","wordCount":165},"emotion":[],"intent":[{"text":"","expression":"","category":"attitude"}],"summary":{"text":"공감대란 나와 남이 같이 느낄 수 있는 공통 분모로, 소통을 위해서는 다양한 매체를 접해야 합니다. 예를 들어 엠지 세대의 테니스 열풍에 대해 뉴스, 테니스의 장점과 단점 등을 검색하다 보면 소통할 주제거리가 많아지고, 사람들이 각자 관심 있는 부분에 대해 먼저 화제를 던지게 됩니다. 그러면 그 사람들은 자연스럽게 관심과 집중을 가지면서 저와 대화를 하기 시작할 것입니다.","wordCount":54}}},"rawDataInfo":{"question":{"fileFormat":"wav","fileSize":435278,"duration":13600,"samplingBit":16,"channelCount":1,"samplingRate":"16kHz","audioPath":"/Mock/01.Management/Male/Experienced/ckmk_q_bm_m_e_165151.wav"},"answer":{"fileFormat":"wav","fileSize":2818638,"duration":88080,"samplingBit":16,"channelCount":1,"samplingRate":"16kHz","audioPath":"/Mock/01.Management/Male/Experienced/ckmk_a_bm_m_e_165151.wav"}}}