{"version":"1.0","dataSet":{"info":{"date":"20230116","occupation":"BM","channel":"MOCK","place":"ONLINE","gender":"MALE","ageRange":"55-","experience":"EXPERIENCED"},"question":{"raw":{"text":"네 직무 지식 역량 태도 이렇게 세 가지 요소 중에 어 지원자님께서 생각하실 때 가장 중요한 것이 어떤 것이라고 생각하시나요 또 그 이유는 또 어떻게 생각하시는지 함께 말씀 부탁드립니다","wordCount":29},"emotion":[],"intent":[]},"answer":{"raw":{"text":"태도요. 태도라고 생각합니다. 이게 사람이 보면 그 태도에서 많은 것들을 알 수 있어요. 많은 것들을 예측할 수 있어요. 그래서 제가 보면은 이제 신입 사원들이 들어와서 어떤 지를 보면은 아 쟤는 몇 년 버티겠구나. 아 쟤는 어디까지 올라가겠구나. 저 친구 괜찮네. 요런 것들이 보입니다. 네 태도예요. 그 단발적인 그 역량은 관계없어요. 네 어차피 한 삼 년 정도 신입 사원 때 삼 년 정도 고 때 익히는 일들 가지고는 또 다 고만고만하게 역량 채워요. 뭐 아주 완벽한 그거 아닌 이상 그런 건 저기 예술 계통이고 이쪽은 아니에요. 그래서 태도로 봐야지 그 사람을 알 수 있다고 생각합니다.","wordCount":94},"emotion":[],"intent":[{"text":"","expression":"","category":"attitude"}],"summary":{"text":"사람이 태도에서 많은 것들을 알 수 있습니다. 신입 사원들의 태도는 단발적인 역량이 아니라 태도입니다. 예술 계통과는 다릅니다. 그래서 태도로 봐야 사람을 알 수 있다고 생각합니다.","wordCount":25}}},"rawDataInfo":{"question":{"fileFormat":"wav","fileSize":585678,"duration":18300,"samplingBit":16,"channelCount":1,"samplingRate":"16kHz","audioPath":"/Mock/01.Management/Male/Experienced/ckmk_q_bm_m_e_156419.wav"},"answer":{"fileFormat":"wav","fileSize":2712398,"duration":84760,"samplingBit":16,"channelCount":1,"samplingRate":"16kHz","audioPath":"/Mock/01.Management/Male/Experienced/ckmk_a_bm_m_e_156419.wav"}}}