{"version":"1.0","dataSet":{"info":{"date":"20230116","occupation":"BM","channel":"MOCK","place":"ONLINE","gender":"MALE","ageRange":"55-","experience":"EXPERIENCED"},"question":{"raw":{"text":"살면서 지금까지 가장 후회되는 일이 있다면 그것은 무엇이었는지 한 가지만 골라서 말씀해 주세요","wordCount":13},"emotion":[],"intent":[]},"answer":{"raw":{"text":"지금까지 인생을 살면서 후회되는 것이 몇 가지 있었습니다. 그중에 가장 대표적인 거는 압구정 현대 아파트를 사지 않은 것입니다. 제가 거기 아파트를 사라고 권유를 받았던 때가 약 십오억 정도였습니다. 일반 사람이 십오억을 준비하기는 굉장히 힘들죠. 그러기 때문에 저도 이거를 살 수가 없었고 사기가 힘들 것 같아서 사지 못했습니다. 몇 년이 지나고 현재 보니까 십오억이 삼십억이 되어 있더라고요. 아 그래서 그때 당시에 대출을 받아서 이 집을 아파트를 샀더라면 큰 돈을 경제적으로 좀 낫지 않겠나 그런 생각이 듭니다. 정말 후회되는 것 중에 가장 대표적인 것이었다고 봅니다.","wordCount":83},"emotion":[],"intent":[{"text":"","expression":"","category":"attitude"}],"summary":{"text":"인생에서 후회되는 것 중 대표적인 것은 압구정 현대 아파트를 사지 않은 것인데, 대출을 받아서 아파트를 샀더라면 경제적으로 좀 나았을 것이라는 생각이 듭니다. 정말 후회되는 것이 가장 대표적인 것입니다.","wordCount":28}}},"rawDataInfo":{"question":{"fileFormat":"wav","fileSize":281678,"duration":8800,"samplingBit":16,"channelCount":1,"samplingRate":"16kHz","audioPath":"/Mock/01.Management/Male/Experienced/ckmk_q_bm_m_e_248354.wav"},"answer":{"fileFormat":"wav","fileSize":2412878,"duration":75400,"samplingBit":16,"channelCount":1,"samplingRate":"16kHz","audioPath":"/Mock/01.Management/Male/Experienced/ckmk_a_bm_m_e_248354.wav"}}}