{"version":"1.0","dataSet":{"info":{"date":"20230116","occupation":"BM","channel":"MOCK","place":"ONLINE","gender":"MALE","ageRange":"55-","experience":"EXPERIENCED"},"question":{"raw":{"text":"지원자님 본인 생각으로가 아니라 어 주변 사람들이 생각하는 지원자님에 장점과 단점에 대해서 생각나는 대로 모두 말씀해 주시겠어요","wordCount":17},"emotion":[],"intent":[]},"answer":{"raw":{"text":"저의 단점은 쪼금 주변 사람들은 잘 알지만 제가 일을 하는 데 있어서 좀 호흡이 느립니다. 네 제가 그래서 어떤 중요한 계약을 앞두거나 무언가를 이제 진행을 시켜야 될 때 그런 거를 볼 때 제 승인이 필요한 경우에서 제가 좀 신중한 편이에요. 그래서 그거에 대한 기다림을 쪼금 직원들이 힘들어 하는 경우가 왕왕 있었죠. 그런 부분이 제가 조금 들어온 그런 단점이라고 할 수 있겠고요. 장점은 네 그렇게 시간을 들여서 어 결정을 하는 만큼 제대로 합니다. 네 그래서 쪼금 저는 이 일에 있어서 어떤 실패율은 적은 편이었고요. 저 제가 계약해서 네 진행했던 사업들 저의 거래처들은 모두 장기라서 그리고 점점 더 브랜드의 규모도 커졌어요 상대 회사가. 그래서 저는 그만큼 제 오랜 고민에 대해서 자신이 있는 편입니다. 저의 장점입니다 그게.","wordCount":114},"emotion":[],"intent":[{"text":"","expression":"","category":"attitude"}],"summary":{"text":"저는 일을 하는 데 있어서 좀 호흡이 느립니다. 단점은 승인이 필요한 경우에서 좀 신중한 편입니다. 장점은 시간을 들여서 결정을 하는 만큼 제대로 합니다. 장점은 오랜 고민에 대해서 자신이 있는 편이라는 것입니다.","wordCount":31}}},"rawDataInfo":{"question":{"fileFormat":"wav","fileSize":403278,"duration":12600,"samplingBit":16,"channelCount":1,"samplingRate":"16kHz","audioPath":"/Mock/01.Management/Male/Experienced/ckmk_q_bm_m_e_156422.wav"},"answer":{"fileFormat":"wav","fileSize":2777038,"duration":86780,"samplingBit":16,"channelCount":1,"samplingRate":"16kHz","audioPath":"/Mock/01.Management/Male/Experienced/ckmk_a_bm_m_e_156422.wav"}}}