{"version":"1.0","dataSet":{"info":{"date":"20230116","occupation":"BM","channel":"MOCK","place":"ONLINE","gender":"MALE","ageRange":"55-","experience":"EXPERIENCED"},"question":{"raw":{"text":"만약 다른 부서와 갈등 상황이 발생한다면 어떻게 해결하시겠습니까 갈등 상황을 가정하고 어 그 가정에 관해서 함께 말씀해 주세요","wordCount":18},"emotion":[],"intent":[]},"answer":{"raw":{"text":"타 부서와 갈등이 발생을 한다면 어 만약에 제가 책임권자라면 일단 생각을 할 것입니다. 책임자가 아니라면 제 위에 상사하고 상의를 할 것입니다. 그리고 그의 조언을 어 상당히 심각하게 받아들이고 따를 것이라고 생각을 합니다. 상황을 가정한다면 쉽게 이런 경우가 있을 것 같습니다. 어 두 부서와 같이 회식을 해야 되는데 어 한 부서는 중식을 원하고 한 부서는 한식을 원하고 이랬을 경우 어 어떻게 해결을 할까 이런 생각을 할 수 있을 것 같습니다. 아 답은 아까 말씀드렸다시피 어 상사하고 상의를 할 수 있으면 어 그의 지도를 따를 것이고 만약에 그게 가능하지 않다면 답변은 잘 모르겠습니다.","wordCount":91},"emotion":[],"intent":[{"text":"","expression":"","category":"attitude"}],"summary":{"text":"타 부서와 갈등이 발생한다면, 제가 책임자라면 상사와 상의를 하고 그의 조언을 상당히 심각하게 받아들이고 따를 것입니다. 만약 그렇게 할 수 있다면 그의 지도를 따를 것이고 그렇지 않다면 답변은 잘 모르겠습니다.","wordCount":30}}},"rawDataInfo":{"question":{"fileFormat":"wav","fileSize":481358,"duration":15040,"samplingBit":16,"channelCount":1,"samplingRate":"16kHz","audioPath":"/Mock/01.Management/Male/Experienced/ckmk_q_bm_m_e_244777.wav"},"answer":{"fileFormat":"wav","fileSize":2199118,"duration":68720,"samplingBit":16,"channelCount":1,"samplingRate":"16kHz","audioPath":"/Mock/01.Management/Male/Experienced/ckmk_a_bm_m_e_244777.wav"}}}