{"version":"1.0","dataSet":{"info":{"date":"20230116","occupation":"BM","channel":"MOCK","place":"ONLINE","gender":"MALE","ageRange":"55-","experience":"EXPERIENCED"},"question":{"raw":{"text":"글로벌 인재에게 필수인 요소는 무엇일까요 또 면접자님께서는 그것을 위해서 어떤 노력을 했는지 어 말씀해 주시면 좋겠습니다","wordCount":16},"emotion":[],"intent":[]},"answer":{"raw":{"text":"글로벌 인재에게 필수인 요소는 무엇이고 면접 자님께서 그것을 위해 노력했던 것은 무엇입니까. 글로벌 인재에게서 필요한 것은 어 영어라고 생각합니다. 영어를 더욱더 잘 할 수 있도록 잘 이해할 수 있도록 어 최선을 다하고 있습니다. 제가 에스엔에스를 통해서 영어를 실질적으로 생활 영어를 공부를 최근에 많이 하고 있습니다. 많이 좀 도움이 되는 것 같고 어 학교 다닐 때보다 지금 공부하는 것이 더욱더 도움이 되는 것으로 생각을 하고 있습니다. 아 글로벌 인재가 된다는 것은 참으로 아 세상 속에서 어 많은 경쟁력 있는 그런 부분 속에서 싸워 가야 될 그러한 일이기도 합니다. 무엇보다도 어학을 통해서 준비를 많이 하고 있습니다. 그리고 두 번째로는 제가 여기 피씨에 대해서 워드라든가 파워포인트라든가 이런 기획하는 그런 능력을 준비를 많이 하고 있습니다. 설득을 할려면은 아 도표적인 거라든가 아 이런 어 계획적인 그런 모습을 통해 가지고 많이 설명을 하는 것이 제일 중요하다고 생각합니다. 그런 면을 통해서 더욱더 저희가 만고 보드라든가 이런 것들을 통해서 공부를 하고 있습니다. 설득력 있는 그런 부분이 필요하다고 생각하기 때문에 그렇습니다.","wordCount":152},"emotion":[],"intent":[{"text":"","expression":"","category":"attitude"}],"summary":{"text":"글로벌 인재에게 필요한 것은 영어라 생각합니다. 영어를 잘 할 수 있도록 잘 이해할 수 있도록 최선을 다하고 있습니다. 어학을 통해서 준비를 많이 하고 있고, 도표적인 거, 이런 계획적인 모습을 통해 많이 설명하는 것이 중요하다고 생각합니다. 설득력 있는 부분이 필요하다고 생각하기 때문에 그렇습니다.","wordCount":42}}},"rawDataInfo":{"question":{"fileFormat":"wav","fileSize":393998,"duration":12310,"samplingBit":16,"channelCount":1,"samplingRate":"16kHz","audioPath":"/Mock/01.Management/Male/Experienced/ckmk_q_bm_m_e_145081.wav"},"answer":{"fileFormat":"wav","fileSize":2827598,"duration":88360,"samplingBit":16,"channelCount":1,"samplingRate":"16kHz","audioPath":"/Mock/01.Management/Male/Experienced/ckmk_a_bm_m_e_145081.wav"}}}