{"version":"1.0","dataSet":{"info":{"date":"20230116","occupation":"BM","channel":"MOCK","place":"ONLINE","gender":"MALE","ageRange":"35-44","experience":"EXPERIENCED"},"question":{"raw":{"text":"당신은 신입사원 채용 프로세스를 바꾸게 된다면 어떠한 식으로 바꾸고 싶습니까 그 바꾸고 싶은 이유에 대해서도 함께 말씀해 주십시오","wordCount":18},"emotion":[],"intent":[]},"answer":{"raw":{"text":"기존에 신입사원 채용 프로세스는 거의 학벌 또는 모든 스펙을 기준으로 필터링 하는 방식이었습니다. 또 어떤 대기업들은 아예 컨설팅 회사에다가 이력서만 걸러내는 팀을 만들어서 먼저 일 차로 걸러내고 이 차로 대기업 인사팀으로 전달하는 것으로 알고 있습니다. 물론 좋은 학교 학점 자격증 등이 회사에 들어와서 업무를 하는데 어느 정도 필요하긴 하지만 공부만 잘하고 자격증만 많고 학점만 높은 이기적이고 태도가 나쁜 사람들을 뽑을 확률이 굉장히 높습니다. 그렇기 때문에 이제는 모든 스펙을 걸러내는 필터링보다는 가장 기초적인 스펙을 만족하는 사람들을 기준으로 기본적인 집단 토의라든가 아니면 인성 시험을 먼저 보게 했으면 좋겠습니다. 왜냐하면 직장생활을 오래 하다보면 가장 중요한 인재는 창의력이 뛰어난 영 점 영 영 일 퍼센트의 천재가 아니라 모든 사람들과 잘 협업하고 남에게 양보를 할 수 있는 그런 팀워크가 뛰어난 인재가 가장 필요하기 때문입니다. 사람의 인성이나 태도는 고쳐 쓸 수 없고 절대 바꿀 수 없습니다. 신입사원 때는 선배 사원이나 팀장에게 잘 보이기 위해 자신이 희생적인 태도를 취하지만 과장 이상이 되면 아주 안 좋은 습관들이 스스로 나타나기 때문입니다.","wordCount":152},"emotion":[{"text":"사람의 인성이나 태도는 고쳐 쓸 수 없고 절대 바꿀 수 없습니다.","expression":"u-belief","category":"neutral"}],"intent":[{"text":"","expression":"","category":"attitude"}],"summary":{"text":"기존의 신입사원 채용 프로세스는 학벌이나 모든 스펙을 기준으로 필터링 하는 방식이었습니다. 이제는 가장 기초적인 스펙을 만족하는 사람들을 기준으로 기본적인 집단 토의나 인성 시험을 먼저 보게 했으면 좋겠습니다. 사람은 고쳐 쓸 수 없고 절대 바꿀 수 없습니다.","wordCount":36}}},"rawDataInfo":{"question":{"fileFormat":"wav","fileSize":617678,"duration":19300,"samplingBit":16,"channelCount":1,"samplingRate":"16kHz","audioPath":"/Mock/01.Management/Male/Experienced/ckmk_q_bm_m_e_166185.wav"},"answer":{"fileFormat":"wav","fileSize":2823758,"duration":88240,"samplingBit":16,"channelCount":1,"samplingRate":"16kHz","audioPath":"/Mock/01.Management/Male/Experienced/ckmk_a_bm_m_e_166185.wav"}}}