{"version":"1.0","dataSet":{"info":{"date":"20230116","occupation":"BM","channel":"MOCK","place":"ONLINE","gender":"MALE","ageRange":"-34","experience":"EXPERIENCED"},"question":{"raw":{"text":"미래 핵심 트렌드 세 가지와 그 이유를 설명해 주세요","wordCount":9},"emotion":[],"intent":[]},"answer":{"raw":{"text":"미래 핵심 트렌드를 세 가지 꼽자 그러면 첫 번째로 웹쓰리 블록체인 그리고 친환경 에너지라고 할 수 있을 것 같습니다. 자 첫 번째 웹쓰리에 대해서 말씀드릴 것 같다면 지금의 다가오는 미래에 대해서는 소득에 대해 한 사람이 다 모든 걸 가져가는 형태에 대해서 사람들이 불합리하다고 생각을 합니다. 그렇게 이것이 합리적인 구조를 짤 수 있는 웹쓰리를 어떻게 잘 구성하는지가 중요한 트렌드일거라 생각합니다. 이어서 블록체인입니다. 블록체인은 지금 현대 사회에서 갖고 있는 많은 문제들을 해결할 수 있는 핵심 기술이라고 생각합니다. 거리나 공간적으로 그리고 빠르게 또 보완적인 부분을 어떻게 해결할 수 있는가. 저는 이 문제를 다 해결할 수 있는 방법이 바로 블록체인 기술이라고 생각합니다. 세 번째는 친환경 에너지입니다. 이제 사람들이 점점 환경에 대해서 이제는 조심을 해야 된다 라는 사실을 인지하고 시작합니다. 그렇게 어떻게 납득할 수 있을 만한 친환경 에너지를 제공을 할 것인가 그것이 핵심 트렌드라고 생각합니다.","wordCount":130},"emotion":[],"intent":[{"text":"","expression":"","category":"attitude"}],"summary":{"text":"미래 핵심 트렌드는 첫째로 웹쓰리, 블록체인, 친환경 에너집니다. 웹쓰리는 소득에 대해 한 사람이 다 가져가는 형태에 불합리하다고 생각하여 합리적인 구조를 짤 수 있어야 합니다. 둘째로 블록체인은 현대 사회의 많은 문제들을 해결할 수 있는 핵심 기술입니다. 셋째로 친환경 에너지는 환경에 대한 조심을 해야 된다는 사실을 인지해야 합니다.","wordCount":46}}},"rawDataInfo":{"question":{"fileFormat":"wav","fileSize":241358,"duration":7540,"samplingBit":16,"channelCount":1,"samplingRate":"16kHz","audioPath":"/Mock/01.Management/Male/Experienced/ckmk_q_bm_m_e_133877.wav"},"answer":{"fileFormat":"wav","fileSize":2218318,"duration":69320,"samplingBit":16,"channelCount":1,"samplingRate":"16kHz","audioPath":"/Mock/01.Management/Male/Experienced/ckmk_a_bm_m_e_133877.wav"}}}