{"version":"1.0","dataSet":{"info":{"date":"20230116","occupation":"BM","channel":"MOCK","place":"ONLINE","gender":"MALE","ageRange":"-34","experience":"EXPERIENCED"},"question":{"raw":{"text":"본인이 속한 부서와 다른 부서와 갈등 상황이 생긴다면 어떻게 해결하시겠습니까 상황을 가정하고 말씀해 주시기 바랍니다","wordCount":15},"emotion":[],"intent":[]},"answer":{"raw":{"text":"타 부서와 같이 일을 하다 보면 갈등이 생기는 경우가 종종 있습니다. 이런 경우에 이런 갈등을 잘 해결해야지만 저희가 하고 있는 프로젝트를 잘 끝낼 수 있다고 생각합니다. 실제로 이전 회사에서 타 부서와 갈등을 겪었던 적이 있습니다. 이런 경우에 저는 갈등을 겪는 팀에 팀장과 이야기를 나누면서 갈등을 해소할려고 했었 했었습니다. 팀원들은 결국에 팀장을 바라보고 일을 하는 사람들이기 때문에 팀장이 갈등을 겪지 않는다면 밑에 있는 팀원들은 갈등이 해소되었습니다. 그래서 팀장님과 같이 술 자리를 가지면서 이야기를 나눴던 것이 기억납니다.","wordCount":75},"emotion":[],"intent":[{"text":"타 부서와 같이 일을 하다 보면 갈등이 생기는 경우가 종종 있습니다.","expression":"c_confl_mg","category":"personality"},{"text":"실제로 이전 회사에서 타 부서와 갈등을 겪었던 적이 있습니다.","expression":"c_confl_mg","category":"personality"},{"text":"이런 경우에 저는 갈등을 겪는 팀에 팀장과 이야기를 나누면서 갈등을 해소할려고 했었 했었습니다.","expression":"c_confl_mg","category":"personality"},{"text":"팀원들은 결국에 팀장을 바라보고 일을 하는 사람들이기 때문에 팀장이 갈등을 겪지 않는다면 밑에 있는 팀원들은 갈등이 해소되었습니다.","expression":"c_confl_mg","category":"personality"}],"summary":{"text":"타 부서와 같이 일을 하다 보면 갈등이 생기는 경우가 있는데, 이런 경우 갈등을 잘 해결해야지만 프로젝트를 잘 끝낼 수 있습니다. 그래서 저는 갈등을 겪는 팀에 팀장과 이야기를 나누면서 갈등을 해소할려고 했었습니다.","wordCount":31}}},"rawDataInfo":{"question":{"fileFormat":"wav","fileSize":435278,"duration":13600,"samplingBit":16,"channelCount":1,"samplingRate":"16kHz","audioPath":"/Mock/01.Management/Male/Experienced/ckmk_q_bm_m_e_226801.wav"},"answer":{"fileFormat":"wav","fileSize":1991118,"duration":62220,"samplingBit":16,"channelCount":1,"samplingRate":"16kHz","audioPath":"/Mock/01.Management/Male/Experienced/ckmk_a_bm_m_e_226801.wav"}}}