{"version":"1.0","dataSet":{"info":{"date":"20230116","occupation":"BM","channel":"MOCK","place":"ONLINE","gender":"MALE","ageRange":"-34","experience":"EXPERIENCED"},"question":{"raw":{"text":"지원자님이 생각하는 현대사회에서는 없어서는 안 될 가장 중요한 직업을 한 가지만 골라 말씀해 주세요","wordCount":14},"emotion":[],"intent":[]},"answer":{"raw":{"text":"현대 사회에서 기술이 발전해도 반드시 사람이 해야 하는 직업들이 있습니다. 그 중에 가장 기억남는 직업은 헤어 디자이너입니다. 아무리 기술이 발전한다고 해도 전문직처럼 창의력을 가지고 해야 되는 일들은 기계가 할 수 없다고 생각합니다. 물론 이발을 하는 데 있어서 기계에 도움을 받긴 하지만 기계가 백 퍼센트 혼자 헤어 디자이너 역할을 할 수 없기 때문에 지금까지는 헤어 디자이너가 잘 유지되는 직업이라고 생각합니다.","wordCount":59},"emotion":[],"intent":[{"text":"물론 이발을 하는 데 있어서 기계에 도움을 받긴 하지만 기계가 백 퍼센트 혼자 헤어 디자이너 역할을 할 수 없기 때문에 지금까지는 헤어 디자이너가 잘 유지되는 직업이라고 생각합니다.","expression":"c_value","category":"background"}],"summary":{"text":"현대 사회에서 기술이 발전해도 반드시 사람이 해야 하는 직업 중 가장 기억나는 직업은 헤어 디자이너입니다. 창의력을 가지고 해야 되는 일은 기계가 할 수 없기 때문입니다.","wordCount":25}}},"rawDataInfo":{"question":{"fileFormat":"wav","fileSize":373838,"duration":11680,"samplingBit":16,"channelCount":1,"samplingRate":"16kHz","audioPath":"/Mock/01.Management/Male/Experienced/ckmk_q_bm_m_e_226793.wav"},"answer":{"fileFormat":"wav","fileSize":1556558,"duration":48640,"samplingBit":16,"channelCount":1,"samplingRate":"16kHz","audioPath":"/Mock/01.Management/Male/Experienced/ckmk_a_bm_m_e_226793.wav"}}}