{"version":"1.0","dataSet":{"info":{"date":"20230116","occupation":"BM","channel":"MOCK","place":"ONLINE","gender":"MALE","ageRange":"55-","experience":"EXPERIENCED"},"question":{"raw":{"text":"동물 실험이 인간에게 주는 이익에 대해서 말씀해 주시기 바랍니다 그리고 지원자님께서는 동물 실험에 대해서 어떻게 생각하시는지도 궁금합니다","wordCount":17},"emotion":[],"intent":[]},"answer":{"raw":{"text":"동물 실험이 인간에게 주는 이익에 관해서 말씀해 보세요. 동물 실험에 대한 지원자님의 생각도 궁금합니다. 네 동물 실험은 아 인간을 대체할 수 있는 그러한 실험 아니겠습니까. 동물은 인간의 구조와 가장 흡사하고 어 내부가 가장 어 흡사한 그러한 조직을 가지고 있기 때문에 유리하다고 생각합니다. 사람을 실험할 수는 없지 않겠습니까 그래서 동물의 생명도 중요하지만은 사람의 생명을 더욱더 중요시하기 때문에 실험하는 거에 대해서 음 이익 유익하다고 생각을 합니다. 그렇기 때문에 주로 실험하는 거는 아 원숭이라든가 취라든가 이런 쪽에 관해서 실험을 많이 하는 걸로 알고 있습니다. 우리가 늘 어 자연에 대해서 늘 고마워해야 되고 감사한 그런 마음을 가질 수 밖에 없는 것인 것 같습니다.","wordCount":99},"emotion":[],"intent":[{"text":"사람을 실험할 수는 없지 않겠습니까 그래서 동물의 생명도 중요하지만은 사람의 생명을 더욱더 중요시하기 때문에 실험하는 거에 대해서 음 이익   유익하다고 생각을 합니다.","expression":"c_value","category":"background"}],"summary":{"text":"동물 실험은 인간의 구조와 가장 흡사한 조직을 가지고 있기 때문에 유리하다고 생각합니다. 사람의 생명을 더욱더 중요시하기 때문에 실험하는 것의 유익함을 알고 있습니다.","wordCount":22}}},"rawDataInfo":{"question":{"fileFormat":"wav","fileSize":624078,"duration":19500,"samplingBit":16,"channelCount":1,"samplingRate":"16kHz","audioPath":"/Mock/01.Management/Male/Experienced/ckmk_q_bm_m_e_137539.wav"},"answer":{"fileFormat":"wav","fileSize":2460878,"duration":76900,"samplingBit":16,"channelCount":1,"samplingRate":"16kHz","audioPath":"/Mock/01.Management/Male/Experienced/ckmk_a_bm_m_e_137539.wav"}}}