{"version":"1.0","dataSet":{"info":{"date":"20230116","occupation":"BM","channel":"MOCK","place":"ONLINE","gender":"MALE","ageRange":"35-44","experience":"EXPERIENCED"},"question":{"raw":{"text":"만약 지금부터 삼 년 뒤까지 삼 년 내에 주요 성장 계획이나 목표가 혹시 있으실까요 있으시다면 그 목표와 성장 계획을 한번 말씀해 주시기 바랍니다","wordCount":23},"emotion":[],"intent":[]},"answer":{"raw":{"text":"네 앞으로 삼 년 뒤 상장 계획에 있는 목표에 대해서 말씀드리겠습니다. 어 지금 이 회사에 입사 후에 삼 년 뒤면은 어느 정도 이 자리도 잡고 적응을 하고 이 회사의 일원이 되어 있을지 않을까 싶습니다. 네 그렇게 일원만 될 뿐만 아니라 개인의 성장이라든지 업무적으로 상당히 성장이 되어 있어야 하는데 그래야 이제 상급 단계 업무까지도 접근할 수 있는 그런 자격이 주어질 것 같은데 그 부분에 대해서 일단 업무에 정통할 수 있도록 삼 년 안에 회사의 분위기라든지 회사의 미래성 같은 것도 연구를 해서 그런 부분이 충분히 성장이 돼 있을 것 같고 개인적으로는 많이 이제 뭐 운동이라든지 건강 관리를 해 가면서 개인적인 영어 공부라든지 미래에 대한 자기 계발 자격증 출연 이런 것들을 충분히 해서 또 개인적인 성장까지 이루어진다면 좋을 것 같습니다. 그게 목표가 될 것 같습니다. 이상입니다.","wordCount":123},"emotion":[],"intent":[{"text":"","expression":"","category":"attitude"}],"summary":{"text":"삼 년 뒤 상장 목표에 대해 말씀드리겠습니다. 이 회사에 입사 후에 어느 정도 자리도 잡고 이 회사의 일원이 되어 있을 것 같습니다. 그래야 상급 단계 업무까지 접근할 수 있는 자격이 주어질 것 같은데 그 부분에 대해서는 회사 분위기, 회사의 미래성 같은 것도 연구를 해서 성장이 돼 있을 것입니다.","wordCount":48}}},"rawDataInfo":{"question":{"fileFormat":"wav","fileSize":483918,"duration":15120,"samplingBit":16,"channelCount":1,"samplingRate":"16kHz","audioPath":"/Mock/01.Management/Male/Experienced/ckmk_q_bm_m_e_217251.wav"},"answer":{"fileFormat":"wav","fileSize":2155598,"duration":67360,"samplingBit":16,"channelCount":1,"samplingRate":"16kHz","audioPath":"/Mock/01.Management/Male/Experienced/ckmk_a_bm_m_e_217251.wav"}}}