{"version":"1.0","dataSet":{"info":{"date":"20230116","occupation":"BM","channel":"MOCK","place":"ONLINE","gender":"MALE","ageRange":"55-","experience":"EXPERIENCED"},"question":{"raw":{"text":"네 지원자께서 알고 계신 프로젝트 관리 기법에 관하여 설명 부탁드리겠습니다","wordCount":10},"emotion":[],"intent":[]},"answer":{"raw":{"text":"지원자님께서 알고 있는 프로젝트 관리 기법에 관해 설명해 주시겠습니까 알고 계신 만큼 말씀해 주세요 예 제가 가지고 있는 프로젝트 관리 기법은 어 무엇보다도 철두철미한 그러한 세밀한 그러한 어 계획에서 온다고 볼 수 있습니다. 먼저 시장을 분석하고 정확한 계획을 통해서 그러한 프로젝트를 관리하는 그러한 분야에 여태까지 어 성과를 냈던 경험들이 많이 있습니다. 시장을 면밀히 파악을 해야 된다고 생각을 합니다. 시장을 면밀히 파악을 했을 때 그것을 좋은 어 성과를 이루었던 적들을 많이 볼 수가 있습니다. 그리고 저희가 어 프리젠테이션을 통해서 좋은 그런 관리를 많이 했던 경험이 있습니다. 어 프리젠테이션을 정말로 어 실전과 같이 잘하고 또한 보완을 하고 또한 그 커스터머에게 그것이 최고의 방법 좋은 시각적인 효과 그리고 여러 가지 그러한 효과가 될 수 있도록 어 상황을 표현하고 설명하는 것이 무엇보다도 중요하다고 볼 수 있습니다. 그랬을 때 고객을 감동할 수 있는 그러한 일들이 아닐까 생각을 합니다.","wordCount":133},"emotion":[],"intent":[{"text":"","expression":"","category":"attitude"}],"summary":{"text":"프로젝트 관리 기법은 세밀한 계획에서 온다고 볼 수 있습니다. 시장을 면밀히 파악을 했을 때 좋은 성과를 이루었던 적들을 많이 볼 수가 있고 프리젠테이션을 실전과 같이 잘하고 보완을 하며 커스터머에게 최고의 방법 좋은 시각적인 효과와 여러 가지 효과가 될 수 있도록 상황을 표현하고 설명하는 것이 중요합니다.","wordCount":45}}},"rawDataInfo":{"question":{"fileFormat":"wav","fileSize":317518,"duration":9920,"samplingBit":16,"channelCount":1,"samplingRate":"16kHz","audioPath":"/Mock/01.Management/Male/Experienced/ckmk_q_bm_m_e_159396.wav"},"answer":{"fileFormat":"wav","fileSize":2834638,"duration":88580,"samplingBit":16,"channelCount":1,"samplingRate":"16kHz","audioPath":"/Mock/01.Management/Male/Experienced/ckmk_a_bm_m_e_159396.wav"}}}