{"version":"1.0","dataSet":{"info":{"date":"20230116","occupation":"BM","channel":"MOCK","place":"ONLINE","gender":"MALE","ageRange":"-34","experience":"EXPERIENCED"},"question":{"raw":{"text":"지원자님은 회사의 덕목이 무엇이라고 생각하시나요 어떤 회사가 좋은 회사라고 생각하시는지 말씀 부탁드립니다","wordCount":12},"emotion":[],"intent":[]},"answer":{"raw":{"text":"저는 회사의 덕목은 정직함이라고 생각합니다. 회사가 경영함에 있어서 정직한 덕목은 빼놓고 이야기할 수 없습니다. 정직함은 회사 직원들에게도 적용이 되겠지만 고객들에게도 적용이 되는 덕목입니다. 우리는 좋은 제품을 만들고 좋은 써비스를 고객들에게 제공을 하는 회사입니다. 이런 회사는 고객을 정직하게 대해야 하고 거기에 따라서 정직하게 이익을 추구해야 합니다. 이런 부분에서 정직함을 잃는다면 고객에게 신뢰를 곧 잃을 수 있다고 생각합니다. 뿐만 아니라 회사에서 일하는 직원들에게도 정직하게 그리고 정직한 수당을 제공을 함에 있어서 직원들의 사기를 높일 수 있다고 생각합니다. 그래서 제가 생각하는 회사의 덕목은 정직함이라고 생각합니다.","wordCount":81},"emotion":[],"intent":[{"text":"그래서 제가 생각하는 회사의 덕목은 정직함이라고 생각합니다.","expression":"c_value","category":"background"}],"summary":{"text":"좋은 제품을 만들고 좋은 써비스를 고객들에게 제공하는 회사는 고객을 정직하게 대해야 하고 거기에 따라 정직하게 이익을 추구해야 합니다. 이런 부분에서 정직함을 잃으면 고객에게 신뢰를 잃고 직원들에게도 사기를 높일 수 있습니다.","wordCount":30}}},"rawDataInfo":{"question":{"fileFormat":"wav","fileSize":569678,"duration":17800,"samplingBit":16,"channelCount":1,"samplingRate":"16kHz","audioPath":"/Mock/01.Management/Male/Experienced/ckmk_q_bm_m_e_231970.wav"},"answer":{"fileFormat":"wav","fileSize":2423758,"duration":75740,"samplingBit":16,"channelCount":1,"samplingRate":"16kHz","audioPath":"/Mock/01.Management/Male/Experienced/ckmk_a_bm_m_e_231970.wav"}}}