{"version":"1.0","dataSet":{"info":{"date":"20230116","occupation":"BM","channel":"MOCK","place":"ONLINE","gender":"MALE","ageRange":"-34","experience":"EXPERIENCED"},"question":{"raw":{"text":"면접하시는 분들 제 대답에 대답해 주시기 바랍니다 질문에 다룰 수 있는 프로그램은 무엇인지 또는 어떤 수준으로 사용할 수 있는지 한번 대답해 주세요","wordCount":22},"emotion":[],"intent":[]},"answer":{"raw":{"text":"저는 엑셀 프로그램을 굉장히 잘 사용하는데요. 보통 통계를 내거나 문서와 문서 사이를 연결해서 두 번 작업하지 않게 하는 함수를 만들기도 하고 일종의 도표를 활용해 나타낼 때도 함수와 도표를 연계하여서 프로그래밍을 잘합니다. 지금 설명으로만 드리면 조금 부족할 수 있으니 공인된 시험 자격증으로 인증을 하자면 컴퓨터 활용 능력 일 급 자격증이 있고요. 한때 관련 인터넷 강의에서도 강의를 한 적이 있습니다. 그렇게 강의를 하면서 주위 사람들 주변 동료 수강생들한테 많이 제 비법을 전수한 적이 있고요. 가르칠 정도의 수준으로 사용합니다.","wordCount":76},"emotion":[{"text":"한때 관련 인터넷 강의에서도   강의를 한 적이 있습니다.","expression":"u-fact","category":"neutral"}],"intent":[{"text":"","expression":"","category":"attitude"}],"summary":{"text":"저는 엑셀 프로그램을 굉장히 잘 사용합니다. 통계나 문서와의 연결을 통해 함수를 만들거나 도표를 활용할때 함수와 도표로 연계해서 프로그래밍을 잘합니다. 공인된 자격증으로 컴퓨터 활용 능력 일 급 자격증이 있습니다.","wordCount":28}}},"rawDataInfo":{"question":{"fileFormat":"wav","fileSize":402638,"duration":12580,"samplingBit":16,"channelCount":1,"samplingRate":"16kHz","audioPath":"/Mock/01.Management/Male/Experienced/ckmk_q_bm_m_e_105984.wav"},"answer":{"fileFormat":"wav","fileSize":1970958,"duration":61590,"samplingBit":16,"channelCount":1,"samplingRate":"16kHz","audioPath":"/Mock/01.Management/Male/Experienced/ckmk_a_bm_m_e_105984.wav"}}}