{"version":"1.0","dataSet":{"info":{"date":"20230116","occupation":"BM","channel":"MOCK","place":"ONLINE","gender":"MALE","ageRange":"55-","experience":"EXPERIENCED"},"question":{"raw":{"text":"지원자께서 입사 후에 근무를 하게 되면서 스스로 지원한 분야가 잘 맞지 않는다 라는 사실을 알게 되었습니다 그렇게 깨닫게 된다 라고 한다면은 어떻게 행동하실지 궁금합니다","wordCount":24},"emotion":[],"intent":[]},"answer":{"raw":{"text":"음 글쎄요. 뭐 어떻게 해야 되나. 제가 지원을 한 분야인데 제가 안 맞는다고요. 그럴 일은 없을 것 같은데요 이거는. 네 제가 내가 지금 사십 년 가까이 일한 분야인데 갑자기 안 맞는다는 게 말이 안 되잖아요. 이게 질문이 뭔가 이상한데요 이거는. 네 그 내가 나를 모르나 그건 아닐 거 아니에요. 제가 네 회사를 그래도 꽤 여러곳을 거쳐서 다녀봤는데 모르겠습니까 어떤 업무 방향이나 업무 스타일이 조금 조금 달랐을 수는 있어도 이 분야가 나랑 안 맞는다 라면 예전에 저는 전향을 했겠죠 업종을. 근데 저는 이제 이 분야에서 퇴직을 하려는 사람이기 때문에 충분히 이 분야에 대해서 잘 알고 잘 맞고 그래서 그럴 일은 없습니다.","wordCount":100},"emotion":[],"intent":[{"text":"","expression":"","category":"attitude"}],"summary":{"text":"저는 이 분야에서 퇴직을 하려는 사람이기 때문에 이 분야에 대해 잘 알고 잘 맞고 그래서 그럴 일은 없습니다. 라고 말하고 싶습니다. 업무 방향이나 업무 스타일이 조금 다르지만 이 분야가 자신과 안 맞다면 전향을 했을 것입니다.","wordCount":35}}},"rawDataInfo":{"question":{"fileFormat":"wav","fileSize":560398,"duration":17510,"samplingBit":16,"channelCount":1,"samplingRate":"16kHz","audioPath":"/Mock/01.Management/Male/Experienced/ckmk_q_bm_m_e_156417.wav"},"answer":{"fileFormat":"wav","fileSize":2622798,"duration":81960,"samplingBit":16,"channelCount":1,"samplingRate":"16kHz","audioPath":"/Mock/01.Management/Male/Experienced/ckmk_a_bm_m_e_156417.wav"}}}