{"version":"1.0","dataSet":{"info":{"date":"20230116","occupation":"BM","channel":"MOCK","place":"ONLINE","gender":"MALE","ageRange":"55-","experience":"EXPERIENCED"},"question":{"raw":{"text":"인생을 살면서 무엇인가 하나에 푹 빠져 몰두해 본 경험이 있으십니까 있다면 그것에 대해 말씀해 주세요","wordCount":15},"emotion":[],"intent":[]},"answer":{"raw":{"text":"인생을 살면서 무언가에 한 번쯤은 빠져가지고 몰두한 적이 여러 번 있었습니다. 어렸을 때는 게임 관련해 가지고 오랜 기간 몰두해서 열심히 게임을 한 적이 있었고요. 그다음엔 대학 시절에는 당구를 처음 배워 가지고 당구에 관심을 꽤 오랜 기간 동안 가져본 적이 있었습니다. 저녁에 잠을 잘 때면 천장에 당구 알이 보였을 정도였으니까요. 지금은 현재 몰두해 있는 게 축구입니다. 어언 벌써 삼십 년 정도를 계속 하고 있는데 현재도 축구에 대해서 계속 하고 있습니다. 그까 꽤 오래 하고 있는 거죠. 이렇게 몰두하게 된 그 이유는 축구가 굉장히 격한 운동입니다. 그리고 굉장히 힘듭니다. 예 최선을 다해서 공을 소유하기 위해서 뛰다 보면은 숨이 헐떡헐떡 열어서 정말 숨을 못 쉴 정도로 힘들 때가 있었는데 그런 순간에 쾌감 같은 거를 느껴서 굉장히 좋아합니다.","wordCount":114},"emotion":[{"text":"예 최선을 다해서 공을 소유하기 위해서 뛰다 보면은 숨이 헐떡헐떡 열어서 정말 숨을 못 쉴 정도로 힘들 때가 있었는데 그런 순간에 쾌감 같은 거를 느껴서 굉장히 좋아합니다.","expression":"p-interest","category":"positive"}],"intent":[{"text":"","expression":"","category":"attitude"}],"summary":{"text":"인생에서 무언가에 한 번쯤은 빠져가지고 몰두한 적이 여러 번 있습니다. 축구가 굉장히 격한 운동인 이유는 공을 소유하기 위해서 뛰다 보면 숨이 헐떡헐떡 열어서 숨 못 쉴 정도로 힘들 때가 있는데 그런 순간에 쾌감 같은 것을 느껴서 굉장히 좋아합니다.","wordCount":38}}},"rawDataInfo":{"question":{"fileFormat":"wav","fileSize":333518,"duration":10420,"samplingBit":16,"channelCount":1,"samplingRate":"16kHz","audioPath":"/Mock/01.Management/Male/Experienced/ckmk_q_bm_m_e_248294.wav"},"answer":{"fileFormat":"wav","fileSize":2605166,"duration":81409,"samplingBit":16,"channelCount":1,"samplingRate":"16kHz","audioPath":"/Mock/01.Management/Male/Experienced/ckmk_a_bm_m_e_248294.wav"}}}