{"version":"1.0","dataSet":{"info":{"date":"20230116","occupation":"BM","channel":"MOCK","place":"ONLINE","gender":"MALE","ageRange":"35-44","experience":"EXPERIENCED"},"question":{"raw":{"text":"혹시 생각했을 때 본인은 노년에 어떤 모습이었으면 좋겠다고 생각하시나요 생각하시는 가장 이상적인 노년의 모습을 말씀해 주세요","wordCount":16},"emotion":[],"intent":[]},"answer":{"raw":{"text":"제가 생각했을 때 미래 이십 년 뒤 삼십 년 뒤에 제 노년의 모습을 생각해 보았습니다. 어 이제 백세시대고 노인의 나라가 될 거라는 그런 얘기가 많습니다. 그렇다는 것은 우리 모두가 다 길게 오래 살게 될 건데 그러면 노년이라는 시간이 예전엔 짧은 시간이었지만 이제는 노년의 시간이 정말 길어질 수 있는 시대가 되었습니다. 그래서 가장 이상적인 노년의 모습을 생각해 보았는데 일단 경제적인 능력을 갖춘 노년 생활이 제일 클 것 같습니다. 어 나이를 먹어서 몸이 아프고 하는 것도 서러운데 경제적인 능력도 미천하게 되면은 정말 초라해 보일 수 있다고 생각합니다. 그 부분에 따라서 경제적인 자유를 갖고 있는 상태에서 어 노년를 맞이한다면 그게 가장 이상적일 것 같고 가족 관계를 만들어 놔야 나중에 자식들에게도 어 행복하게 지낼 수 있는 그런 노년의 모습이 있지 않을까 싶습니다. 그런 훌륭한 노년의 모습을 갖기 위해서 지금 현재 최선을 다하고 살아 할 것 같습니다. 이상입니다.","wordCount":133},"emotion":[],"intent":[{"text":"","expression":"","category":"attitude"}],"summary":{"text":"백세시대라 노인의 나라가 될 거라는 얘기가 많습니다. 노년이라는 시간이 길어질 수 있는 시대가 되었습니다. 이상적인 노년의 모습은 경제적인 능력을 갖춘 노년 생활이 제일 클 것 같습니다. 경제적 자유를 갖고 있는 상태에서 노년을 맞이하면 그게 가장 이상적일 것 같고 가족 관계를 만들어 둬야 만족할 수 있는 노년이 될 것입니다.","wordCount":48}}},"rawDataInfo":{"question":{"fileFormat":"wav","fileSize":345038,"duration":10780,"samplingBit":16,"channelCount":1,"samplingRate":"16kHz","audioPath":"/Mock/01.Management/Male/Experienced/ckmk_q_bm_m_e_215378.wav"},"answer":{"fileFormat":"wav","fileSize":2692558,"duration":84140,"samplingBit":16,"channelCount":1,"samplingRate":"16kHz","audioPath":"/Mock/01.Management/Male/Experienced/ckmk_a_bm_m_e_215378.wav"}}}