{"version":"1.0","dataSet":{"info":{"date":"20230116","occupation":"BM","channel":"MOCK","place":"ONLINE","gender":"MALE","ageRange":"35-44","experience":"EXPERIENCED"},"question":{"raw":{"text":"혹시 본인 스스로 생각했을 때 숫자와 창의 중 어떤 것에 더 가까운 사람이라고 생각하시나요 그리고 그렇게 생각하시는 이유도 같이 말씀해 주세요","wordCount":21},"emotion":[],"intent":[]},"answer":{"raw":{"text":"저는 단연코 저 자신은 창의적인 사람이라고 생각합니다. 왜냐하면 저는 브레인 스토밍을 통해서 번뜩이는 아이디어를 지속적으로 낼 수 있고 그 아이디어를 가지고 어떻게 사업을 하는지에 대한 로드맵을 그릴 수 있습니다. 현재까지 오십 개가 넘는 프로젝트 대학교 때부터 논문에 대한 조장 그 프로젝트에 대한 리더 네이버 동아리 카페에서 영어 회화 리더를 오랫동안 맡았습니다. 즉 이렇게 리더십이 강한 사람은 창의적인 사람들이 많고 어떤 난제에 부딪쳤거나 어떤 문제에 봉착했을 때 그것을 해결해 나갈 수 있는 창의적인 생각을 많이 한다는 뜻입니다. 저는 엔지니어로서 어떤 문제가 발생하거나 마케팅적으로 문제가 발생하면 그 문제를 어떻게 해결해야 되는지 이 문제는 어디서 비롯됐는지에 대한 끊임없는 해결책을 찾고 있습니다. 우리가 말하는 논리 회로 로직을 통하여 어떤 알고리즘으로 어떤 시스템이 어떻게 움직이는지를 분석하는 것을 좋아합니다.","wordCount":113},"emotion":[{"text":"현재까지 오십 개가 넘는 프로젝트 대학교 때부터 논문에 대한 조장   그 프로젝트에 대한 리더 네이버 동아리 카페에서 영어 회화 리더를 오랫동안 맡았습니다.","expression":"u-fact","category":"neutral"}],"intent":[{"text":"","expression":"","category":"attitude"}],"summary":{"text":"저는 브레인 스토밍을 통해 아이디어를 지속적으로 낼 수 있고 그 아이디어를 가지고 어떻게 사업을 하는지에 대한 로드맵을 그릴 수 있습니다. 저는 논리 회로 로직을 통하여 어떤 알고리즘으로 어떤 시스템이 어떻게 움직이는지를 분석하는 것을 좋아합니다.","wordCount":34}}},"rawDataInfo":{"question":{"fileFormat":"wav","fileSize":391118,"duration":12220,"samplingBit":16,"channelCount":1,"samplingRate":"16kHz","audioPath":"/Mock/01.Management/Male/Experienced/ckmk_q_bm_m_e_178605.wav"},"answer":{"fileFormat":"wav","fileSize":2093518,"duration":65420,"samplingBit":16,"channelCount":1,"samplingRate":"16kHz","audioPath":"/Mock/01.Management/Male/Experienced/ckmk_a_bm_m_e_178605.wav"}}}