{"version":"1.0","dataSet":{"info":{"date":"20230116","occupation":"BM","channel":"MOCK","place":"ONLINE","gender":"MALE","ageRange":"45-54","experience":"EXPERIENCED"},"question":{"raw":{"text":"네 국내 물류 산업이 나아가야 할 방향에 관해서 지원자의 생각을 말씀하십시오","wordCount":11},"emotion":[],"intent":[]},"answer":{"raw":{"text":"어 그냥 이제 그 전세계 지구촌이 네 생전 처음 겪는 사태를 맞으면서 지금 모든 게 다 어떤 예측 불가능한 시대로 가고 있는 것 같은데 예상보다 느릴 수도 있고 예상보다 빠를 수도 있는 그런 지점들이 정말 우후죽순 생기는 거 같애요. 네 우선 그만큼 비대면에 어 현실화가 정말 정말 급 급속 그런 페달 정말 가속화가 그냥 가속화가 아니라 정말 확 이루어진 거기 때문에 우리가 생존을 걸고 진행 진행을 시켰기 때문에요. 그래서 저는 우리나라가 안 좋으면서도 그 단점이면서 장점인 그 빨리빨리에 성격을 담아 좀 비대면인 상태에서 확인할 수 있는 서로의 어떤 신분과 그다음에 그런 서명이라든지 이런 것들을 다 확인할 수 있는 걸 구축을 해서 어 속도는 그래도 우리나라가 그대로 빠르니까 그걸 좀 이용을 했으면 좋겠습니다.","wordCount":112},"emotion":[],"intent":[{"text":"","expression":"","category":"attitude"}],"summary":{"text":"전세계 지구촌이 처음 겪는 사태를 맞으면서 예측 불가능한 시대로 가고 있는 것 같은데 예상보다 빠를 수도 있는 지점들이 우후죽순 생기는 것 같습니다. 빨리 빨리에 성격을 담아 비대면인 상태에서 확인할 수 있는 걸 구축해서 이용을 했으면 좋겠습니다.","wordCount":36}}},"rawDataInfo":{"question":{"fileFormat":"wav","fileSize":307278,"duration":9600,"samplingBit":16,"channelCount":1,"samplingRate":"16kHz","audioPath":"/Mock/01.Management/Male/Experienced/ckmk_q_bm_m_e_178116.wav"},"answer":{"fileFormat":"wav","fileSize":2849358,"duration":89040,"samplingBit":16,"channelCount":1,"samplingRate":"16kHz","audioPath":"/Mock/01.Management/Male/Experienced/ckmk_a_bm_m_e_178116.wav"}}}