{"version":"1.0","dataSet":{"info":{"date":"20230116","occupation":"BM","channel":"MOCK","place":"ONLINE","gender":"MALE","ageRange":"35-44","experience":"EXPERIENCED"},"question":{"raw":{"text":"혹시 따로 하고 있는 스터디가 있나요 있다면 어떤 공부를 하고 있고 그 공부를 왜 하고 있는지 설명해 주시겠어요","wordCount":18},"emotion":[],"intent":[]},"answer":{"raw":{"text":"아 스터디 부분에서 얘기를 해 주셨는데 스터디를 얘기를 하자면은 저는 요즘에 개인적으로나 어 여러 가지 면으로 해서 배우려고 하는 분야가 있습니.다 그 분야는 바로 간단합니다. 돈입니다 돈. 돈에 대해서 많이 공부하고 있고 돈에 대해서 연구를 하고 있을 정도로 어 돈에 대한 솔직히 관심이 이십 대까지만 해도 이렇게 집요하게 생각을 해 본 적이 없는 것 같습니다. 뭐 어느 순간 이런 경제적인 자유를 누리고 어 그런 것을 누리지 못한다면은 나의 노년 생활 이라든지 내 자식들이 지금의 갖고 있는 이 행복이 유지되지 않을 수도 있겠다 이 생각이 부터 들었습니다. 그 이제 아이들을 낳고 아빠가 되다 보니까 이런 돈에 대한 것은 이제 총각일 때나 혼자 있을 때는 혼자 쓰고 여유롭게 사용하기 때문에 부담이 없었는데 이 아이들을 키우기 위해서 이 돈에 대한 관심이 많아진 것 같습니다. 그래서 돈에 대한 관련된 공부를 뭐 유투브를 활용한 어 영상 시청이라든지 아니면 관련된 서점을 최대한 많이 읽고 있고 아직도 읽어야할 책이 너무 많이 남았습니다. 그런 책들도 많이 읽어야 하고 또한 이런 돈과 관련된 교수님이나 전문가의 강의가 주말에 한 번씩 있습니다. 그런 강의도 지방으로 한 번씩 어 리플래시 할 겸 해서 강의도 들으러 다니고 하면서 이런 돈에 대한 스터디를 계속하다 보면 정말 흥미롭고 더 재미있고 또 나에게 정말 도움이 많이 된다 이 부분을 많이 느끼고 있는 것 같습니다. 어 지금은 계속하고 당분간에 이 돈에 대한 공부를 좀 지속할 것 같습니다. 이상입니다.","wordCount":211},"emotion":[],"intent":[{"text":"","expression":"","category":"attitude"}],"summary":{"text":"요즘 개인적으로나 여러 가지 면으로 해서 배우려고 하는 분야는 바로 돈입니다. 예전에 경제적 자유를 누리지 못하면 저의 노년 생활 이나 제 자식들이 현재의 행복이 유지되지 않을 수도 있겠다는 생각이 들었습니다. 아이들을 키우기 위해서 돈에 대한 관심이 많아졌습니다. 유투브를 활용한 영상 시청이나 관련된 서점을 최대한 많이 읽고 있고 아직도 읽어야 할 책이 많이 남았습니다. 은행에 대한 스터디를 계속하다 보면 정말 도움이 많이 됩니다.","wordCount":62}}},"rawDataInfo":{"question":{"fileFormat":"wav","fileSize":339278,"duration":10600,"samplingBit":16,"channelCount":1,"samplingRate":"16kHz","audioPath":"/Mock/01.Management/Male/Experienced/ckmk_q_bm_m_e_229640.wav"},"answer":{"fileFormat":"wav","fileSize":3641678,"duration":113800,"samplingBit":16,"channelCount":1,"samplingRate":"16kHz","audioPath":"/Mock/01.Management/Male/Experienced/ckmk_a_bm_m_e_229640.wav"}}}