{"version":"1.0","dataSet":{"info":{"date":"20230116","occupation":"BM","channel":"MOCK","place":"ONLINE","gender":"MALE","ageRange":"45-54","experience":"EXPERIENCED"},"question":{"raw":{"text":"요즘 사회는 인공지능이다 해서 예전에 사람이 했던 것을 대부분의 기계가 하는데 어 귀하가 생각하는 현대사회에서 없어서는 안 될 직업은 무엇이라고 생각하십니까","wordCount":21},"emotion":[],"intent":[]},"answer":{"raw":{"text":"요즘 현대사회에는 어 에이아이 어 뭐 인공지능 이런 식으로 해 가지고 나날이 발전하고 있습니다. 뭐 심지어는 식당에 가도 서빙을 주문을 기계가 받고 서빙 마저 로봇이 하는 세상이 왔습니다. 하지만 저는 개인적으로 교육이랑 저 보육만큼은 어 로봇이나 아무리 인공지능이 발달한다고 해도 어 대신할 수 없다 라고 생각합니다. 그래서 뭐 교사라든지 이런 부분에서 만큼은 아무리 현대사회가 발전하고 어 인공지능이 발달한다고 해도 어 교육 부분에서 만큼은 어 사람이 직접 교육을 해야 된다 라고 생각합니다. 교육은 단순히 뭐 지식을 전달하는 것만이 전부가 아닙니다. 오히려 그냥 단순한 지식 전달이라면 뭐 로봇이나 컴퓨터가 오히려 더 나을 수도 있다고 생각합니다. 하지만 보육은 사람과 사람이 정을 나누는 과정이 있고 그 관계라는 것을 형성하는 것이기 때문에 저는 교사 만큼은 절대로 대 대체할 직업이 없다 라고 저는 생각합니다.","wordCount":118},"emotion":[{"text":"하지만 저는 개인적으로 교육이랑 저 보육만큼은   어 로봇이나 아무리 인공지능이 발달한다고 해도 어 대신할 수 없다 라고 생각합니다.","expression":"u-belief","category":"neutral"},{"text":"그래서 뭐   교사라든지 이런 부분에서 만큼은 아무리 현대사회가 발전하고   어 인공지능이 발달한다고 해도 어 교육 부분에서 만큼은   어 사람이 직접 교육을 해야 된다 라고 생각합니다.","expression":"u-belief","category":"neutral"},{"text":"하지만 보육은 사람과 사람이 정을 나누는 과정이 있고 그   관계라는 것을 형성하는 것이기 때문에 저는 교사 만큼은 절대로 대 대체할 직업이   없다 라고 저는 생각합니다.","expression":"u-belief","category":"neutral"}],"intent":[{"text":"","expression":"","category":"attitude"}],"summary":{"text":"현대사회는 인공지능으로 인해 나날이 발전하고 있지만, 교육이나 보육만큼은 로봇이나 아무리 인공지능이 발달한다고 해도 사람이 직접 교육을 해야 된다 생각합니다. 교육은 단순한 지식 전달이 전부가 아니며, 보육은 사람과 사람이 정을 나누는 과정이므로 교사 만큼은 반드시 대체할 수 없습니다.","wordCount":37}}},"rawDataInfo":{"question":{"fileFormat":"wav","fileSize":522958,"duration":16340,"samplingBit":16,"channelCount":1,"samplingRate":"16kHz","audioPath":"/Mock/01.Management/Male/Experienced/ckmk_q_bm_m_e_100886.wav"},"answer":{"fileFormat":"wav","fileSize":2574478,"duration":80450,"samplingBit":16,"channelCount":1,"samplingRate":"16kHz","audioPath":"/Mock/01.Management/Male/Experienced/ckmk_a_bm_m_e_100886.wav"}}}