{"version":"1.0","dataSet":{"info":{"date":"20230116","occupation":"BM","channel":"MOCK","place":"ONLINE","gender":"MALE","ageRange":"55-","experience":"EXPERIENCED"},"question":{"raw":{"text":"그 기획이라는 것이 있지 않습니까 고 기획이라는 것이 어떤 것이라고 생각하시는지 어 지원자님만의 기획이라는 거에 대한 생각을 좀 자세하게 말씀해 주시겠습니까","wordCount":21},"emotion":[],"intent":[]},"answer":{"raw":{"text":"기획은 영어로 표현하는 플레닝이 되는데요. 어 기획을 통해서 새로운 프로젝트를 만들어내는 또 새로운 사업을 영위할 수 있는 중요한 단계라고 생각을 합니다. 결국 기획 단계에서 어 새로운 사업이나 새로운 영역에 대한 부분이 만들어지기 때문에 가장 중요한 요소는 첫 번째로는 창의성이라고 생각합니다. 그 두 번째로는 본인이 가지고 있는 역량 나의 기술성 그리고 어 그동안 가지고 있던 경험 그래서 기술적인 경험 혹은 교육적인 경험 혹은 그동안 어 본인이 누려왔던 여러 영역에 대한 경험을 기획이라고 하는 요소에 집어넣어서 어 새로운 분야에 대한 것을 만들어내는 창의적 작업이라고 생각을 합니다. 결국 이러한 기획이라고 하는 단계가 어 실제 실무에 적용되었을 때 그것을 통해서 이루어지는 과정 과정 하나하나가 결국 하나의 테스크로서 성과를 나타내게 되는데요. 그러한 부분들이 회사에 혹은 어떤 단체에 중요한 요소로 작용할 수 있다고 생각을 합니다. 어 창의성 있는 기획자 회사 발전에 큰 요소라고 생각합니다. 감사합니다.","wordCount":129},"emotion":[],"intent":[{"text":"","expression":"","category":"attitude"}],"summary":{"text":"기획은 영어로 표현하면 플레닝인데, 기획을 통해서 새로운 프로젝트를 만들어내고 새로운 사업을 영위할 수 있는 중요한 단계라고 생각합니다. 기획 단계에서 가장 중요한 요소는 창의성이라고 생각합니다. 그 다음으로는 역량 저의 기술성 그리고 그동안 누려왔던 여러 영역에 대한 경험을 기획에 집어넣어서 새로운 분야에 대한 것을 만들어내는 창의적 작업입니다.","wordCount":45}}},"rawDataInfo":{"question":{"fileFormat":"wav","fileSize":661838,"duration":20680,"samplingBit":16,"channelCount":1,"samplingRate":"16kHz","audioPath":"/Mock/01.Management/Male/Experienced/ckmk_q_bm_m_e_229447.wav"},"answer":{"fileFormat":"wav","fileSize":2841998,"duration":88810,"samplingBit":16,"channelCount":1,"samplingRate":"16kHz","audioPath":"/Mock/01.Management/Male/Experienced/ckmk_a_bm_m_e_229447.wav"}}}