{"version":"1.0","dataSet":{"info":{"date":"20230116","occupation":"BM","channel":"MOCK","place":"ONLINE","gender":"MALE","ageRange":"35-44","experience":"EXPERIENCED"},"question":{"raw":{"text":"지원자께서 자료를 수집하고 정리하는 본인만의 습관이나 노하우가 있으시다면 설명 한번 해 주십시오","wordCount":12},"emotion":[],"intent":[]},"answer":{"raw":{"text":"어 자료를 수집하고 또 그러한 자료에 대해서 종합하고 정리하고 하는 저만의 뭐 방법이라든지 노하우가 대해서 답변 드리겠습니다. 일단 자료 수집 어 부분에 대해서는 일단 정보화 시대에서 이러한 자료를 수집하고 획득하고 정보를 얻어내고 하는 부분에는 굉장히 중요한 부분이 된 것 같습니다. 이런 수집하고 정리하는 저만의 방법은 메모하는 습관을 키우면 됩니다. 어느 내가 부분을 봤을 때 아 이건 충분히 나중에 써먹을 수 있고 적용시킬 수 있다고 생각하면 그런 것들을 모아놓는 습관을 들여놓게 되면 자기만의 리스트가 만들어질 것입니다. 어느 파트 별의 리스뷰 리스트를 잘 적용시켜 놓으면 그게 내 업무 일지가 될 것이고 업무 족보가 될 것이고 나중에 후임자나 인수인계 하는 상황이 왔을 때 그러한 리스트를 만들어 놓게 되면 인수인계 할 때도 편하고 하기 때문에 그런 부분이 저한테 있어서는 메모하는 습관과 자료를 항상 이렇게 스케치 해 놓는 그런 저만의 어 습관이 어떻게 보면 노하우가 되지 않을까 싶습니다. 네 이상입니다.","wordCount":135},"emotion":[],"intent":[{"text":"","expression":"","category":"attitude"}],"summary":{"text":"자료 수집 어 부분에 대해서는 정보화 시대에서 자료 수집과 획득, 정보 획득에 중요한 부분이 된 것 같습니다. 수집하고 정리하는 방법은 메모하는 습관을 키우면 됩니다. 그 습관을 들여놓게 되면 자기만의 리스트가 만들어질 것이고 나중에 후임자나 인수인계 할 때도 편하고 하기 때문에 노하우가 될 수 있습니다.","wordCount":44}}},"rawDataInfo":{"question":{"fileFormat":"wav","fileSize":333518,"duration":10420,"samplingBit":16,"channelCount":1,"samplingRate":"16kHz","audioPath":"/Mock/01.Management/Male/Experienced/ckmk_q_bm_m_e_214741.wav"},"answer":{"fileFormat":"wav","fileSize":2583118,"duration":80720,"samplingBit":16,"channelCount":1,"samplingRate":"16kHz","audioPath":"/Mock/01.Management/Male/Experienced/ckmk_a_bm_m_e_214741.wav"}}}