{"version":"1.0","dataSet":{"info":{"date":"20230116","occupation":"BM","channel":"MOCK","place":"ONLINE","gender":"MALE","ageRange":"55-","experience":"EXPERIENCED"},"question":{"raw":{"text":"태어나서 지금까지의 기억들 중에서 지원자님한테 가장 후회스러운 행동이 있을까요 왜 그 기억에서 그 행동이 후회스럽게 남을까요","wordCount":16},"emotion":[],"intent":[]},"answer":{"raw":{"text":"태어나서 지금까지 한 일들 가운데 가장 후회했던 일이 무엇인가요. 한 가지만 골라 말씀해 주세요. 예 제가 여태까지 태어나서 후회했던 일들은 많이 있지 않은 것 같습니다. 늘 최선을 다하고 있는 가운데 열심을 다했기 때문이라고 생각을 합니다. 후회했던 일이 한 가지 있다면 제가 시골에서 태어나서 수영은 어느 정도 할 수 있는데 전문적인 수영을 못해서 지금도 여름철이 되면 해수욕장에서 뭔가 수영을 할 수 있는 그러한 부분들이 많이 취약한 것이 저의 단점이라고 생각합니다. 지금이라도 시간이 된다면은 수영하는 스킬을 한번 배워보고 싶습니다. 아 기술적인 그런 면을 통해서 정말로 그 수영의 기술이 정말로 진보되는 그러한 부분들을 배워보고 싶습니다.","wordCount":92},"emotion":[],"intent":[{"text":"","expression":"","category":"attitude"}],"summary":{"text":"가장 후회했던 일은 전문적인 수영을 못해 지금도 해수욕장에서 수영을 할 수 없다는 것입니다. 지금이라도 수영 스킬을 배워보고 싶습니다.","wordCount":18}}},"rawDataInfo":{"question":{"fileFormat":"wav","fileSize":622478,"duration":19450,"samplingBit":16,"channelCount":1,"samplingRate":"16kHz","audioPath":"/Mock/01.Management/Male/Experienced/ckmk_q_bm_m_e_137536.wav"},"answer":{"fileFormat":"wav","fileSize":2149198,"duration":67160,"samplingBit":16,"channelCount":1,"samplingRate":"16kHz","audioPath":"/Mock/01.Management/Male/Experienced/ckmk_a_bm_m_e_137536.wav"}}}