{"version":"1.0","dataSet":{"info":{"date":"20230116","occupation":"BM","channel":"MOCK","place":"ONLINE","gender":"MALE","ageRange":"45-54","experience":"EXPERIENCED"},"question":{"raw":{"text":"어 지금까지 다양한 협업을 해 오셨을 텐데요 어 그 그중에서 가장 어려웠던 것과 그리고 그 어려움을 어떻게 해결을 하셨는지 함께 말씀을 해 주시기 바랍니다","wordCount":24},"emotion":[],"intent":[]},"answer":{"raw":{"text":"협업이요. 저는 그냥 협업을 해야 되는 것 자체가 어려워요. 네 그 협업 협업을 하면서 어려운 게 아니라 어 네 뭔가 사람들과 어울려야 되는 그게 사회이긴 하지만 그것 자체의 어떤 피로함 정말 피곤함 어쩔 수가 없잖아요 근데. 어 제가 무슨 온전한 어떤 저만의 재주가 있어서 그거를 그냥 갖다 내기만 하면 되는 뭐 그런 기술자라면 정말 행복했을 것 같은데 제가 그런 기술은 또 없고 함께 모여서 머리를 맞대고 고민을 하며 서로 생각이 다르면 또 입씨름도 하고 또 감정이 상한거면 또 그거를 또 다시 좋게 좋게 풀어나가고 이런 과정들을 다 해야 되는 어떤 협업의 사무직을 하는 저이다 보니 그냥 사람을 만나는 것 자체가 너무 어렵고 힘들고 피곤하고 짜증나고 그랬었던 거 같애요.","wordCount":108},"emotion":[],"intent":[{"text":"","expression":"","category":"attitude"}],"summary":{"text":"협업을 하는 것 자체가 어려운 게 아니라 사람들과 어울려야 되는 사회이긴 하지만 그것 자체의 피로함 어쩔 수가 없잖아요 근데 그런 기술은 또 없고 함께 머리를 맞대고 고민을 하고 감정 상하면 다시 좋게 풀어나가고 이런 과정들을 다 해야 되니 너무 힘들었던 거 같습니다.","wordCount":42}}},"rawDataInfo":{"question":{"fileFormat":"wav","fileSize":494798,"duration":15460,"samplingBit":16,"channelCount":1,"samplingRate":"16kHz","audioPath":"/Mock/01.Management/Male/Experienced/ckmk_q_bm_m_e_178115.wav"},"answer":{"fileFormat":"wav","fileSize":2878798,"duration":89960,"samplingBit":16,"channelCount":1,"samplingRate":"16kHz","audioPath":"/Mock/01.Management/Male/Experienced/ckmk_a_bm_m_e_178115.wav"}}}