{"version":"1.0","dataSet":{"info":{"date":"20230116","occupation":"BM","channel":"MOCK","place":"ONLINE","gender":"MALE","ageRange":"35-44","experience":"EXPERIENCED"},"question":{"raw":{"text":"일을 하다 보면 업무량이 과도하게 많아질 때가 있을 수 있습니다 그럴 때에 잘 버틸 수 있을까요","wordCount":16},"emotion":[],"intent":[]},"answer":{"raw":{"text":"어릴 적부터 체력도 많이 길렀고 체력이 워낙 좋기 때문에 과도한 업무량은 저한테 문제가 전혀 되질 않습니다. 하지만 지속적으로 삼 개월에서 육 개월 동안 열심히 업무량을 많이 쳐냈는데도 나아지는 게 없다고 하면 이것은 회사 자체 내에서도 어떤 개선의 여지가 필요한 것으로 보이며 이것에 대해서 직장 동료 상사 또는 팀 매니저에게 어떤 보고서를 통해서 개선의 여지를 합일점을 찾아야 될 것 같습니다. 예를 들어서 이것은 세 명이 해야 될 일인데 한 명이나 한 명 반에서 한다고 하면 이거는 인원 채용을 통해서 업무량을 줄이고 복리 후생을 높이고 워라벨를 높여야 되는 일이지 무조건 직원에게 과도한 업무량을 다 버텨라 그래야지만 니가 성장할 수 있다 그래야지만 조직에서 필요한 인재가 될 것이다 라고 하는 건 약간 부당하다고 생각합니다. 그리고 업무량이 과도하게 많다면 이것에 대한 적절한 배분을 팀 매니저에게 요청하고 그리고 업무량이 많아질 때 야근을 하는 것과 주말 근무에 대한 적절한 보상이 이뤄지고 그에 대한 성과가 이뤄졌을 때 추후에 진급이라든 거지 특별한 혜택을 받을 수 있어야 된다고 생각합니다.","wordCount":149},"emotion":[],"intent":[{"text":"","expression":"","category":"attitude"}],"summary":{"text":"업무량이 지나치게 많다면 업무량에 대한 적절한 배분을 팀 매니저에게 요청하고 업무량이 많아질 때 야근을 하는 것과 주말 근무에 대한 보상이 이뤄지고 그에 대한 성과가 이뤄졌을 때 추후에 진급이라든 거지 특별한 혜택을 받을 수 있어야 된다고 생각합니다.","wordCount":36}}},"rawDataInfo":{"question":{"fileFormat":"wav","fileSize":288078,"duration":9000,"samplingBit":16,"channelCount":1,"samplingRate":"16kHz","audioPath":"/Mock/01.Management/Male/Experienced/ckmk_q_bm_m_e_160214.wav"},"answer":{"fileFormat":"wav","fileSize":2482318,"duration":77570,"samplingBit":16,"channelCount":1,"samplingRate":"16kHz","audioPath":"/Mock/01.Management/Male/Experienced/ckmk_a_bm_m_e_160214.wav"}}}