{"version":"1.0","dataSet":{"info":{"date":"20230116","occupation":"BM","channel":"MOCK","place":"ONLINE","gender":"MALE","ageRange":"-34","experience":"EXPERIENCED"},"question":{"raw":{"text":"일을 수행하다 보면 업무량이 과도하게 많아질 수 있는데 그래도 잘 버틸 자신이 있으십니까","wordCount":13},"emotion":[],"intent":[]},"answer":{"raw":{"text":"업무량이 많아도 잘 버틸 수 있습니다. 저는 이 전 회사에서도 어 굉장히 많은 업무량을 소화했었는데요. 그 당시에도 매일 야근을 하고 가끔 주말에도 출근해서 일을 했었습니다. 물론 일을 하면서 힘들고 어려운 부분들도 많이 있었지만 일을 하면서 좋은 성과를 냈을 때 보람을 크게 느꼈던 것 같습니다. 저는 일을 하면서 힘든 부분보다 그 일이 끝나고 좋은 성과가 났을 때 보람을 느끼는 부분이 더 컸던 것 같습니다.","wordCount":63},"emotion":[{"text":"물론 일을 하면서 힘들고 어려운 부분들도 많이 있었지만 일을 하면서 좋은 성과를 냈을 때 보람을 크게 느꼈던 것 같습니다.","expression":"p-achievement","category":"positive"},{"text":"저는 일을 하면서 힘든 부분보다 그 일이 끝나고 좋은 성과가 났을 때 보람을 느끼는 부분이 더 컸던 것 같습니다.","expression":"p-achievement","category":"positive"}],"intent":[{"text":"","expression":"","category":"attitude"}],"summary":{"text":"업무량이 많아도 잘 버틸 수 있습니다. 힘든 부분보다 그 일이 끝나고 좋은 성과가 났을 때 보람을 느끼는 부분이 더 컸던 것 같습니다.","wordCount":22}}},"rawDataInfo":{"question":{"fileFormat":"wav","fileSize":311758,"duration":9740,"samplingBit":16,"channelCount":1,"samplingRate":"16kHz","audioPath":"/Mock/01.Management/Male/Experienced/ckmk_q_bm_m_e_231964.wav"},"answer":{"fileFormat":"wav","fileSize":1628238,"duration":50880,"samplingBit":16,"channelCount":1,"samplingRate":"16kHz","audioPath":"/Mock/01.Management/Male/Experienced/ckmk_a_bm_m_e_231964.wav"}}}