{"version":"1.0","dataSet":{"info":{"date":"20230116","occupation":"BM","channel":"MOCK","place":"ONLINE","gender":"MALE","ageRange":"-34","experience":"EXPERIENCED"},"question":{"raw":{"text":"일을 하다 보면 업무량이 과도하게 많아질 때도 있습니다 만약 그럴 때에도 잘 버틸 자신이 있으신가요","wordCount":15},"emotion":[],"intent":[]},"answer":{"raw":{"text":"업무량이 많아도 잘 버틸 자신이 있습니다. 제가 이전 직장에서도 업무량이 굉장히 많았었는데요. 그때도 매일 여덟 시 아홉 시까지 야근을 하고 가끔 주말에도 출근해서 일을 했던 것이 기억납니다. 업무량이 많아서 힘들기도 했지만 그만큼 좋은 성과를 얻고 보람을 느꼈기 때문에 열심히 일을 할 수 있었던 거 같습니다. 제가 입사하게 된다면 앞으로도 이런 마음가짐으로 언제나 최선을 다하는 인재로 거듭나겠습니다.","wordCount":56},"emotion":[],"intent":[{"text":"제가 입사하게 된다면 앞으로도 이런 마음가짐으로 언제나 최선을 다하는 인재로 거듭나겠습니다.","expression":"c_sincere_co","category":"etc"}],"summary":{"text":"이전 직장에서도 업무량이 많아 힘들었지만 좋은 성과를 얻고 보람을 느꼈기 때문에 열심히 할 수 있었던 것 같습니다. 앞으로 최선을 다하는 인재로 거듭나겠습니다.","wordCount":22}}},"rawDataInfo":{"question":{"fileFormat":"wav","fileSize":261198,"duration":8160,"samplingBit":16,"channelCount":1,"samplingRate":"16kHz","audioPath":"/Mock/01.Management/Male/Experienced/ckmk_q_bm_m_e_226794.wav"},"answer":{"fileFormat":"wav","fileSize":1492558,"duration":46640,"samplingBit":16,"channelCount":1,"samplingRate":"16kHz","audioPath":"/Mock/01.Management/Male/Experienced/ckmk_a_bm_m_e_226794.wav"}}}