{"version":"1.0","dataSet":{"info":{"date":"20230116","occupation":"BM","channel":"MOCK","place":"ONLINE","gender":"MALE","ageRange":"35-44","experience":"EXPERIENCED"},"question":{"raw":{"text":"다른 사람이 생각하는 본인의 장점 그리고 단점은 뭐라고 생각을 하세요 그 이유와 함께 상세하게 설명해 주시기 바랍니다","wordCount":17},"emotion":[],"intent":[]},"answer":{"raw":{"text":"어 주변 사람들이 생각했을 때 저의 장단점이 무엇일까 한번 생각을 해 봤습니다. 그 부분에서 답변 드리도록 하겠습니다. 일단 제가 전 회사 생활이나 뭐 군 생활을 했을 때 이제 많이 들었던 얘기 중의 하나가 아 항상 여유가 있어 보인다. 뭔가 이렇게 업무에 치이지 않고 이렇게 할 건 하면서 여유를 갖는 그런 모습이 어 좋게 보는 사람도 있었고 또 한편으로는 업무를 좀 미루는 성향이 있지 않나 그렇게 봐서 단점으로 봐주시는 사람들도 있었습니다. 네 저는 그 부분에서 이제 단점으로 느끼는 사람들에게 그 부분도 장점으로 바꿀 수 있는 부분이 무엇인가 생각을 해봤는데 여유로 보이지만 업무의 구멍이 없고 또 놓치는 부분이 없이 성과 있는 업무 능력을 갖춘다면 그 부분은 정말 강한 장점이 되지 않을까 싶습니다. 뭔가 사 업무에 치여서 사는 것보다는 이렇게 여유로운 데서 창의성도 나오고 기발한 아이디어도 나온다고 생각하기 때문에 어 매사에 좀 긍정적으로 생각을 합니다. 그런 긍정적인 마인드를 갖다 보니 여유를 갖게 되었고 그 부분에 대해서 장점과 단점으로 오는 것 같습니다. 이상입니다.","wordCount":149},"emotion":[],"intent":[{"text":"네 저는 그 부분에서 이제 단점으로 느끼는 사람들에게 그 부분도 장점으로 바꿀 수 있는 부분이 무엇인가 생각을 해봤는데 여유로 보이지만 업무의 구멍이 없고 또 놓치는 부분이 없이 성과 있는 업무 능력을 갖춘다면 그 부분은 정말 강한 장점이 되지 않을까 싶습니다.","expression":"c_person","category":"background"},{"text":"뭔가 사 업무에 치여서 사는 것보다는 이렇게 여유로운 데서 창의성도 나오고 기발한 아이디어도 나온다고 생각하기 때문에 어 매사에 좀 긍정적으로 생각을 합니다.","expression":"c_person","category":"background"},{"text":"그런 긍정적인 마인드를 갖다 보니 여유를 갖게 되었고 그 부분에 대해서 장점과 단점으로 오는 것 같습니다.","expression":"c_person","category":"background"}],"summary":{"text":"주변 사람들이 봤을 때의 저의 장점은 어디에 있을까 생각해 본 결과, 업무의 빈틈이 없고 또 놓치는 부분이 없이 성과 있는 업무 능력을 갖춘다면 그 부분은 아주 강한 장점이 될 수 있다고 생각합니다. 이러한 긍정적인 마인드를 가져다 보니 여유를 갖게 되었고 그 부분에 대해서 장점과 단점으로 오는 것 같습니다.","wordCount":48}}},"rawDataInfo":{"question":{"fileFormat":"wav","fileSize":460238,"duration":14380,"samplingBit":16,"channelCount":1,"samplingRate":"16kHz","audioPath":"/Mock/01.Management/Male/Experienced/ckmk_q_bm_m_e_216836.wav"},"answer":{"fileFormat":"wav","fileSize":2700238,"duration":84380,"samplingBit":16,"channelCount":1,"samplingRate":"16kHz","audioPath":"/Mock/01.Management/Male/Experienced/ckmk_a_bm_m_e_216836.wav"}}}