{"version":"1.0","dataSet":{"info":{"date":"20230116","occupation":"BM","channel":"MOCK","place":"ONLINE","gender":"MALE","ageRange":"55-","experience":"EXPERIENCED"},"question":{"raw":{"text":"남을 잘 이끄는 리더형과 남을 잘 따르는 팔로워형 두 유형 중 본인은 어떤 유형인지 이유는 무엇인지 설명해 줄 수 있나요","wordCount":20},"emotion":[],"intent":[]},"answer":{"raw":{"text":"먼저 우리 가정을 잘 보살피고 자식들 무탈하게 잘 성장시켜서 독립하여 사회의 한 일원이 되도록 키운 것에 대해 보람을 느끼고 다른 곳에 한 눈 팔지 않고 묵묵히 가정을 지키면서 평화롭게 온 정을 있는 가정을 이룬 것에 스스로 자랑스럽게 생각합니다. 직장에서는 임원까지 올라가지는 못하였지만 정년 퇴임할 정도로 조직에서 어느정도 인정을 받았고 포상과 안식년 휴가 보장도 받았습니다. 또한 정년 이후에도 이 년간 계약직으로 근무하는 혜택도 늘릴 만큼 조직에서 노고를 알아줄 정도로 최선을 다해 직장생활 한 것에 큰 성과를 냈다고 자부합니다.","wordCount":77},"emotion":[{"text":"먼저 우리 가정을 잘 보살피고 자식들 무탈하게 잘 성장시켜서 독립하여 사회의 한 일원이 되도록 키운 것에 대해 보람을 느끼고 다른 곳에 한 눈 팔지 않고 묵묵히 가정을 지키면서 평화롭게 온 정을 있는 가정을 이룬 것에 스스로 자랑스럽게 생각합니다.","expression":"p-achievement","category":"positive"},{"text":"또한 정년 이후에도 이 년간 계약직으로 근무하는 혜택도 늘릴 만큼 조직에서 노고를 알아줄 정도로 최선을 다해 직장생활 한 것에 큰 성과를 냈다고 자부합니다.","expression":"p-achievement","category":"positive"}],"intent":[{"text":"","expression":"","category":"attitude"}],"summary":{"text":"직장에서는 임원까지 올라가지는 못하였지만 정년 퇴임할 정도로 조직에서 어느정도 인정을 받았고 포상과 안식년 휴가 보장도 받았으며, 정년 이후에도 계약직으로 근무하는 혜택도 늘렸습니다.","wordCount":22}}},"rawDataInfo":{"question":{"fileFormat":"wav","fileSize":373838,"duration":11680,"samplingBit":16,"channelCount":1,"samplingRate":"16kHz","audioPath":"/Mock/01.Management/Male/Experienced/ckmk_q_bm_m_e_233652.wav"},"answer":{"fileFormat":"wav","fileSize":2102478,"duration":65700,"samplingBit":16,"channelCount":1,"samplingRate":"16kHz","audioPath":"/Mock/01.Management/Male/Experienced/ckmk_a_bm_m_e_233652.wav"}}}