{"version":"1.0","dataSet":{"info":{"date":"20230116","occupation":"BM","channel":"MOCK","place":"ONLINE","gender":"MALE","ageRange":"-34","experience":"EXPERIENCED"},"question":{"raw":{"text":"본인은 비투비 시장을 공략하는데 어떠한 전략이 필요할지 필요하다면 가장 효과적이라고 생각하는 전략을 말씀해 주시겠어요","wordCount":14},"emotion":[],"intent":[]},"answer":{"raw":{"text":"네 비투피 시장을 전략하는 전략은 결국에는 우리 회사에 인지도와 신뢰도를 상승시키는 데 있다고 생각합니다. 이를 위해서 한 가지 예시를 들어 보면 기업의 씨이오가 신뢰도와 인지도가 높은 사람이라면 상대방 기업에서 우리 회사의 씨이오를 보고 계약을 하는 경우가 많이 발생 할 것입니다. 이런 사례를 토대로 기업 이미지를 좋게 개선하기 위해서 노력을 하는 게 첫 번째고 두 번째는 어 씨이오가 본인의 인지도와 신뢰도를 올리는데 노력한다면 비투피 비투비 시장에서 좋은 성과를 낼 수 있다고 생각합니다.","wordCount":71},"emotion":[],"intent":[{"text":"","expression":"","category":"attitude"}],"summary":{"text":"비투비 시장 전략은 결국 우리 회사에 인지도와 신뢰도를 상승시키는 데 있으며, 이를 위해 기업 이미지를 좋게 개선하기 위한 노력이 필요합니다.","wordCount":20}}},"rawDataInfo":{"question":{"fileFormat":"wav","fileSize":414158,"duration":12940,"samplingBit":16,"channelCount":1,"samplingRate":"16kHz","audioPath":"/Mock/01.Management/Male/Experienced/ckmk_q_bm_m_e_199625.wav"},"answer":{"fileFormat":"wav","fileSize":1840078,"duration":57500,"samplingBit":16,"channelCount":1,"samplingRate":"16kHz","audioPath":"/Mock/01.Management/Male/Experienced/ckmk_a_bm_m_e_199625.wav"}}}