{"version":"1.0","dataSet":{"info":{"date":"20230116","occupation":"BM","channel":"MOCK","place":"ONLINE","gender":"MALE","ageRange":"-34","experience":"EXPERIENCED"},"question":{"raw":{"text":"최근에 재미있게 하고 있는 일이 어 있으신가요 어 그 일이 왜 재미있는지 어 함께 좀 설명 부탁드립니다","wordCount":17},"emotion":[],"intent":[]},"answer":{"raw":{"text":"최근에는 오티티를 통해 드라마나 영화를 많이 보고 있습니다. 그 일들은 별도의 공간이나 시간에 제약을 받지 않고 스마트폰만 있으면 저만의 시간을 시간을 통해서 제가 좋아하는 드라마나 영화를 즐길 수 있기 때문입니다. 그리고 그 새 그걸 통해서 많은 교훈도 얻고 많은 경험들을 간접적으로 익히고 있습니다. 그런 경험들 간접적으로 얻은 경험들을 통해서 회사에 입사해서도 열심히 하 일을 하겠습니다.","wordCount":55},"emotion":[],"intent":[{"text":"","expression":"","category":"attitude"}],"summary":{"text":"스마트폰만 있으면 시간의 제약 없이 드라마나 영화를 즐길 수 있어서 오티티를 통해 많은 교훈을 얻고 간접적 경험을 하고 있습니다. ","wordCount":19}}},"rawDataInfo":{"question":{"fileFormat":"wav","fileSize":462798,"duration":14460,"samplingBit":16,"channelCount":1,"samplingRate":"16kHz","audioPath":"/Mock/01.Management/Male/Experienced/ckmk_q_bm_m_e_156984.wav"},"answer":{"fileFormat":"wav","fileSize":1424078,"duration":44500,"samplingBit":16,"channelCount":1,"samplingRate":"16kHz","audioPath":"/Mock/01.Management/Male/Experienced/ckmk_a_bm_m_e_156984.wav"}}}