{"version":"1.0","dataSet":{"info":{"date":"20230116","occupation":"BM","channel":"MOCK","place":"ONLINE","gender":"MALE","ageRange":"-34","experience":"EXPERIENCED"},"question":{"raw":{"text":"지금까지 협업을 하면서 가장 어려웠던 경우와 지원자님께서는 그 어려움을 어떻게 해결했는지에 대해서 함께 말씀 부탁드리겠습니다","wordCount":15},"emotion":[],"intent":[]},"answer":{"raw":{"text":"지금까지 협업하면서 가장 어려웠던 것은 사람들의 적극적인 협조였습니다. 그래서 그런 협조들을 더 적극적으로 얻기 위해서 미리 사람들과 사전에 밥도 많이 먹고 커피 티타임을 가지면서 먼저 친목을 도모해서 사람들의 협업을 유도했고 그걸 통해서 좋은 성과를 이룰 수 있었습니다.","wordCount":37},"emotion":[],"intent":[{"text":"그래서 그런 협조들을 더 적극적으로 얻기 위해서 미리 사람들과 사전에   밥도 많이 먹고 커피 티타임을 가지면서 먼저 친목을 도모해서 사람들의 협업을 유도했고   그걸 통해서 좋은 성과를 이룰 수 있었습니다.","expression":"c_adp","category":"personality"}],"summary":{"text":"사람들의 적극적인 협조를 얻는 것이었습니다. 그래서 미리 친목을 도모하여 협업을 유도했고 좋은 성과를 이룰 수 있었습니다.","wordCount":16}}},"rawDataInfo":{"question":{"fileFormat":"wav","fileSize":438478,"duration":13700,"samplingBit":16,"channelCount":1,"samplingRate":"16kHz","audioPath":"/Mock/01.Management/Male/Experienced/ckmk_q_bm_m_e_156983.wav"},"answer":{"fileFormat":"wav","fileSize":973518,"duration":30420,"samplingBit":16,"channelCount":1,"samplingRate":"16kHz","audioPath":"/Mock/01.Management/Male/Experienced/ckmk_a_bm_m_e_156983.wav"}}}