{"version":"1.0","dataSet":{"info":{"date":"20230116","occupation":"BM","channel":"MOCK","place":"ONLINE","gender":"MALE","ageRange":"45-54","experience":"EXPERIENCED"},"question":{"raw":{"text":"그 업무 내용이나 강도가 내가 예상했던 거하고는 다르게 그 전혀 다르다면 내가 들었던 혹은 예상했던 부분하고 다르다면 어떻게 하시겠습니까","wordCount":19},"emotion":[],"intent":[]},"answer":{"raw":{"text":"저는 경력직으로 지원한 것인 만큼 어 업무 내용이 제가 전에 해왔던 것과 크게 다르지 않다 라고 생각합니다. 저는 동 업종의 일을 약 이십 오 년 동안 해왔으며 이 일을 누구보다 열정을 가지고 열심히 일해 왔습니다. 어 일을 하면서 나름 많은 경험을 쌓았고 그것이 노하우가 되어 어 저에게 남아있다 라고 저는 생각합니다. 그 업무 강도에 대해서는 조금 생각을 달리 해 봐야 될 것 같습니다. 어 제가 전에 일하던 직장에서도 그렇게 업무 강도가 약하지는 않았지만 뭐 회사마다 그 분위기가 있고 그러다 보니까 업무 강도에 대해서는 어 제가 경험을 해 봐야 되겠지만 그것 역시 그렇게 크게 무리가 될 거라고 생각하지는 않습니다. 어 업무 강도가 전에 직장과 다르다면 그것은 제가 적응해야 될 문제고 제가 극복해야 될 문제라고 생각합니다. 하지만 업무 어 내용에 대해서 만큼은 그 누구보다 잘 알고 있고 어 잘 수행해 수행해 낼 수 있다 라는 자신감이 있습니다.","wordCount":135},"emotion":[],"intent":[{"text":"","expression":"","category":"attitude"}],"summary":{"text":"저는 경력직으로 지원한 것으로 업무 내용이 전에 해왔던 것과 크게 다르지 않습니다. 업무 강도가 전에 직장과 다르다면 그것은 제가 적응해야 될 문제고 극복해야 될 문제라고 생각합니다. 하지만 업무 내용에 대해서 만큼은 그 누구보다 잘 알고 있고 잘 수행해 수행해 낼 수 있다 라는 자신감이 있습니다.","wordCount":45}}},"rawDataInfo":{"question":{"fileFormat":"wav","fileSize":636558,"duration":19890,"samplingBit":16,"channelCount":1,"samplingRate":"16kHz","audioPath":"/Mock/01.Management/Male/Experienced/ckmk_q_bm_m_e_100884.wav"},"answer":{"fileFormat":"wav","fileSize":2469198,"duration":77160,"samplingBit":16,"channelCount":1,"samplingRate":"16kHz","audioPath":"/Mock/01.Management/Male/Experienced/ckmk_a_bm_m_e_100884.wav"}}}