{"version":"1.0","dataSet":{"info":{"date":"20230116","occupation":"BM","channel":"MOCK","place":"ONLINE","gender":"MALE","ageRange":"35-44","experience":"EXPERIENCED"},"question":{"raw":{"text":"지원자님께서 이전 직장을 그만둔 좀 특별한 이유가 있으셨는지 궁금한데요 어 또 그 이유와 함께 또 들려주실 이야기로 만약 현 직장도 같은 이유로 그만두실 수 있을 게 될 건지 가능성에 대해 말씀 부탁드립니다","wordCount":32},"emotion":[],"intent":[]},"answer":{"raw":{"text":"제가 전 회사를 퇴사한 가장 결정적인 이유는 성장 둔화 비전의 불투명 그리고 많은 사람들이 태 타성에 젖었다는 것입니다. 대기업에서 오랫동안 일을 하다 보면 모든 사람들은 자신의 월급만큼만 일하라고 하거나 월급보다 적게 일해도 똑같은 월급이 나온다고 하는 잘못된 생각을 가진 사람들이 많습니다. 그런 사람들이 많이 모이다 보니 당연히 사업의 성장은 둔화되고 비전은 점점 불투명해지고 매출이 점점 떨어지게 되요. 진급은 커녕 월급의 인상률 또한 너무 낮았습니다. 그렇기 때문에 그 회사를 계속 다닐 수가 없었고 그 회사에선 저 역시 타성에 젖어 고인물이 될까봐 두려움이 왔었습니다. 그래서 저는 지금 이직을 했고 현재 회사는 그런 비전 제시를 확실하게 해주고 보상체계 또 업무의 양도 상당히 많은 것으로 알고 있습니다. 매출도 지속적으로 상승하여 전 회사와는 비교가 될 수 없을 만큼 성장세를 이루고 있어 저는 지금 이 회사를 지원한 것을 후회하지 않고 전 직장과 같은 이유로 이 회사를 그만둘 이유는 절대 없을 것이라고 단언할 수 있습니다.","wordCount":138},"emotion":[],"intent":[{"text":"","expression":"","category":"attitude"}],"summary":{"text":"대기업에서 오랫동안 일을 하다 보면 사업의 성장은 둔화되고 비전은 점점 불투명해지고 매출이 점점 떨어지게 됩니다. 진급은 커녕 월급의 인상률 또한 너무 낮았습니다. 그래서 저는 지금 이직을 했고 현재 회사는 비전 제시를 확실히 해주고 보상 체계 업무의 양도 상당히 많은 것으로 알고 있습니다.","wordCount":42}}},"rawDataInfo":{"question":{"fileFormat":"wav","fileSize":625678,"duration":19550,"samplingBit":16,"channelCount":1,"samplingRate":"16kHz","audioPath":"/Mock/01.Management/Male/Experienced/ckmk_q_bm_m_e_178604.wav"},"answer":{"fileFormat":"wav","fileSize":2281038,"duration":71280,"samplingBit":16,"channelCount":1,"samplingRate":"16kHz","audioPath":"/Mock/01.Management/Male/Experienced/ckmk_a_bm_m_e_178604.wav"}}}