{"version":"1.0","dataSet":{"info":{"date":"20230116","occupation":"BM","channel":"MOCK","place":"ONLINE","gender":"MALE","ageRange":"35-44","experience":"EXPERIENCED"},"question":{"raw":{"text":"본인은 팀 구성원 내에서 팀장이 더 잘 맞을 것 같은지 팀원에 더 잘 맞을 것 같은지 그 이유와 함께 저희한테 설명 좀 부탁드릴게요","wordCount":23},"emotion":[],"intent":[]},"answer":{"raw":{"text":"저는 단연코 팀장이 더 잘 맞는다고 생각합니다. 왜냐면 지금까지 십 오 년 동안 프로젝트 오십 개 이상을 진행해 왔고 거의 실패한 사례가 없었습니다. 약간의 데드라인을 넘긴 케이스들은 있었지만 그것 또한 저희 회사의 문제가 아니었고 고객사와의 가격 또는 인수합병에 따른 법적인 절차의 문제였던 것이었습니다. 실제적으로 프로젝트의 리더를 오랫동안 맡아서 프로젝트의 결과를 성 산출해 낼 수 있다 라는 것은 팀원보다는 팀장으로서의 역할이 더 크고 저는 많은 경험들과 기술 개발 통신 생산 제조 관리 이런 부분에 대해서 능통하기 때문에 팀장으로서 하나의 시스템을 이끌어 나갈 수 있다고 생각합니다.","wordCount":84},"emotion":[],"intent":[{"text":"","expression":"","category":"attitude"}],"summary":{"text":"프로젝트의 리더를 오랫동안 맡아서 프로젝트의 결과를 성과 산출해 낼 수 있다 라는 것은 팀원보다는 팀장으로서의 역할이 더 크고 많은 경험들과 기술 개발 통신 생산 제조 관리 이런 부분에 대해서 능통하기 때문에 팀장이 더 잘 맞는다고 생각합니다.","wordCount":36}}},"rawDataInfo":{"question":{"fileFormat":"wav","fileSize":410318,"duration":12820,"samplingBit":16,"channelCount":1,"samplingRate":"16kHz","audioPath":"/Mock/01.Management/Male/Experienced/ckmk_q_bm_m_e_167239.wav"},"answer":{"fileFormat":"wav","fileSize":1587278,"duration":49600,"samplingBit":16,"channelCount":1,"samplingRate":"16kHz","audioPath":"/Mock/01.Management/Male/Experienced/ckmk_a_bm_m_e_167239.wav"}}}