{"version":"1.0","dataSet":{"info":{"date":"20230116","occupation":"BM","channel":"MOCK","place":"ONLINE","gender":"MALE","ageRange":"55-","experience":"EXPERIENCED"},"question":{"raw":{"text":"어 지원자님께서 지금까지 협업을 하면서 가장 어려웠던 점과 그리고 그 어려움을 어떻게 해결했는지 함께 말씀해 주시길 바랍니다","wordCount":17},"emotion":[],"intent":[]},"answer":{"raw":{"text":"제가 아이티 기업에 한 십 오 년 정도 근무하고 난 이후에 엔지오 단체에서 인제 제 이의 에 인생 전환기를 맞이하게 되었어요. 근데 와서 보니까 사업 본무장으로 계셨던 분이 육 개월 있다가 그만두고 삼 개월 있다 그만둔 그러한 자리였습니다. 제가 그 자리에 에 합류를 하게 되었는데요. 거기에서 이제 어려웠던 점이 무엇이었냐 하면 여러 가지가 있었는데 중요한 요소는 이 사무국의 안정인데 엔지오 단체는 그 사무국의 안정은 무엇을 통해서 할 것인가 였습니다. 그래서 제가 어 일 년 여 시간을 거기에서 근무를 하면서 이런 생각을 하게 됐죠 아 맞아 이 삼 오 국 엔지오 단체에서 가장 중요한 요소는 이사회다 그러 이사님들의 협조가 있다면 이 단체는 발전할 수 있겠다 라는 생각을 하게 되었습니다. 그래서 결국은 이 년 삼 년 사 년 흐르면서 이사 협조를 구해서 후원의 밤 행사를 크게 기획하고 적용해서 성공적인 국제적 행사로 진행하였던 것이 지금 기억에 남는 아주 중요한 부분입니다. 결국 협업이라고 하는 것이 어렵지만 같이 해 나간다면 이룰 수 있다는 것을 배우게 되었습니다.","wordCount":151},"emotion":[],"intent":[{"text":"","expression":"","category":"attitude"}],"summary":{"text":"엔지오 단체에서 인생 전환기를 맞이했는데, 사업 본무장을 그만두고 그 자리에 합류하게 되었습니다. 그 과정에서 중요한 요소는 사무국의 안정인데 이것을 어떻게 할 것인가 했습니다. 결국 협업은 같이 해 나간다면 이룰 수 있다는 것을 배웠습니다.","wordCount":33}}},"rawDataInfo":{"question":{"fileFormat":"wav","fileSize":424398,"duration":13260,"samplingBit":16,"channelCount":1,"samplingRate":"16kHz","audioPath":"/Mock/01.Management/Male/Experienced/ckmk_q_bm_m_e_229451.wav"},"answer":{"fileFormat":"wav","fileSize":2913998,"duration":91060,"samplingBit":16,"channelCount":1,"samplingRate":"16kHz","audioPath":"/Mock/01.Management/Male/Experienced/ckmk_a_bm_m_e_229451.wav"}}}