{"version":"1.0","dataSet":{"info":{"date":"20230116","occupation":"BM","channel":"MOCK","place":"ONLINE","gender":"MALE","ageRange":"55-","experience":"EXPERIENCED"},"question":{"raw":{"text":"만약 우리 회사가 해외 무대로 진출한다고 가정했을 때 어디로 진출하는 것이 좋을지 그렇게 생각하시는 이유와 함께 말씀해 주세요","wordCount":18},"emotion":[],"intent":[]},"answer":{"raw":{"text":"해외 무대로 진출을 하기 전에 어 국내 무대에 신경을 많이 쓰는 것이 좋다고 생각을 합니다. 그 이유는 국내에서 열심히 해서 인정을 받고 국내에서 열심히 해서 그 가치를 인정받기 전에 해외에 나가서 그 유사한 해외 시장을 대하는 태도가 인정되기란 굉장히 어려울 것 같습니다. 어 집안일을 먼저 잘 해야 밖에 나가서 더 큰 일도 할 수 있는 법이고 어 제 생각에는 해외보다는 집안일을 더 중요하다고 생각하고 있습니다. 만약에 어쩔 수 없는 상황에서 집안일이 정리되기 전에 해외로 진출을 한다면 어 역시 데이터를 많이 모아서 충분히 과학적인 근거를 가지고 결정을 하는 것이 좋다고 생각합니다. 내가 속한 시장에서 어느 시장에 진출하기 제일 쉬울 것인지 생존하기 쉬울 것인지 제일 필요로 할 것인지 이런 거에 대한 과학적인 자료가 필요합니다.","wordCount":112},"emotion":[],"intent":[{"text":"","expression":"","category":"attitude"}],"summary":{"text":"해외 무대 진출을 전 국내 무대 신경 쓰는게 좋습니다. 해외에서 그 가치를 인정받기 전에 해외에서 유사한 해외 시장을 대하는 태도가 인정되긴 어려울 것 같습니다. 집안일을 먼저 해야 큰 일도 할 수 있으니 해외보다 집안일을 더 중요하다고 생각하고 있습니다. 해외 진출 전 해외 시장에 대한 과학적인 자료가 필요합니다.","wordCount":47}}},"rawDataInfo":{"question":{"fileFormat":"wav","fileSize":356558,"duration":11140,"samplingBit":16,"channelCount":1,"samplingRate":"16kHz","audioPath":"/Mock/01.Management/Male/Experienced/ckmk_q_bm_m_e_244779.wav"},"answer":{"fileFormat":"wav","fileSize":2651598,"duration":82860,"samplingBit":16,"channelCount":1,"samplingRate":"16kHz","audioPath":"/Mock/01.Management/Male/Experienced/ckmk_a_bm_m_e_244779.wav"}}}