{"version":"1.0","dataSet":{"info":{"date":"20230116","occupation":"BM","channel":"MOCK","place":"ONLINE","gender":"MALE","ageRange":"55-","experience":"EXPERIENCED"},"question":{"raw":{"text":"기획이라는 것이 무어라고 생각하는지 지원자님만의 기획에 대한 생각을 간단하게 말씀해 주세요","wordCount":11},"emotion":[],"intent":[]},"answer":{"raw":{"text":"계획이라는 것이 어떤 것이라고 생각하시는지 지원자님만의 기획에 대한 생각을 말씀해 주세요. 아 네 어 저는 뭔가를 기획하는 일을 여태까지 즐겨 해왔습니다. 참으로 파워포인트를 통해서 제가 발표도 하고 많은 일들을 계획을 했습니다. 또한 일 년 치 계획 오 년 치 십 년 치를 늘 내다볼 수 있는 그러한 일들에 대해서 생각을 많이 했습니다. 아 이 중견 기업이기 때문에 기획은 필수적인 그러한 일들이고 제가 그러한 경영자로서의 좋은 어 사례가 될 것이라고 생각합니다. 앞으로도 계획 기획을 통하여서 어 우리 회사에 가고자 하는 그런 방향 그러한 방향성이 있는 그런 부분을 기획하는 데 많은 도움이 될 수 있기를 바랍니다. 제가 가지고 있는 것은 또한 많은 또한 발표를 통해서 우리 팀원들에게 또한 이해를 높이고 그리고 또한 경영자에게 아 미래에 그러한 가치 미래에 그러한 투자라든가 어떤 일이 우리 회사에 맞는지를 기획하는 것이 더욱더 중요한 일입니다. 또한 거래처를 발굴하고 아이템을 또한 늘려가는 일에 어 기획에 앞장 설 수 있도록 최선을 다하겠습니다.","wordCount":143},"emotion":[],"intent":[{"text":"참으로 파워포인트를 통해서 제가 발표도 하고 많은 일들을 계획을 했습니다.","expression":"c_private","category":"background"}],"summary":{"text":"기획하는 일을 여태까지 즐겨 해왔습니다. 발표를 통해 팀원들에게 이해를 높이고 경영자에게 미래에 투자나 어떤 일이 회사에 맞는지를 기획하는 것이 더 중요합니다. 또한 거래처 발굴과 아이템 늘리는 일에 기획에 앞장 설 수 있도록 하겠습니다.","wordCount":33}}},"rawDataInfo":{"question":{"fileFormat":"wav","fileSize":429518,"duration":13420,"samplingBit":16,"channelCount":1,"samplingRate":"16kHz","audioPath":"/Mock/01.Management/Male/Experienced/ckmk_q_bm_m_e_173472.wav"},"answer":{"fileFormat":"wav","fileSize":2890638,"duration":90330,"samplingBit":16,"channelCount":1,"samplingRate":"16kHz","audioPath":"/Mock/01.Management/Male/Experienced/ckmk_a_bm_m_e_173472.wav"}}}