{"version":"1.0","dataSet":{"info":{"date":"20230116","occupation":"BM","channel":"MOCK","place":"ONLINE","gender":"MALE","ageRange":"-34","experience":"EXPERIENCED"},"question":{"raw":{"text":"전공 외에 본인이 수준급의 실력이 될 정도로 노력했던 것이 있나요 있다면 그것이 전공과 관련해서 어떤 도움을 주는지도 궁금합니다","wordCount":18},"emotion":[],"intent":[]},"answer":{"raw":{"text":"전공 외에 저만에 장점을 살리기 위해 저는 중국어 공부를 했습니다. 제가 중국어를 공부해야 된다고 생각했던 이유는 중국은 미국에 버금가는 큰 나라 중에 하나입니다. 그에 따라서 인구도 굉장히 많고 경제 활동도 활발하게 이루어지는 국가 중에 하나입니다. 이제 중국을 빼놓고는 어 글로벌 시대를 이야기할 수 없기 때문에 중국어 능력과 그리고 중국 시장에 대한 진출이 필수라고 생각합니다. 단순히 중국어를 한국에서 공부한 것이 아니라 직접 중국에 일 년 정도 유학 생활을 다녀왔는데요. 이렇게 중국에 가서 공부를 하면서 중국어 공부도 됐지만 중국의 문화도 같이 알 수 있었던 것 같습니다. 이처럼 글로벌 시대에 맞는 언어를 득 획득하기 위해서 열심히 노력하고 있습니다.","wordCount":95},"emotion":[],"intent":[{"text":"전공 외에 저만에 장점을 살리기 위해 저는 중국어 공부를 했습니다.","expression":"c_private","category":"background"}],"summary":{"text":"저는 전공 외에 중국어를 공부해야 된다고 생각했습니다. 중국은 미국에 버금가는 큰 나라이고 경제 활동도 활발하기 때문입니다. 따라서 중국어 능력과 중국 시장에 대한 진출이 필수라고 생각합니다. 글로벌 시대에 맞는 언어를 얻기 위해 열심히 노력하고 있습니다.","wordCount":34}}},"rawDataInfo":{"question":{"fileFormat":"wav","fileSize":414158,"duration":12940,"samplingBit":16,"channelCount":1,"samplingRate":"16kHz","audioPath":"/Mock/01.Management/Male/Experienced/ckmk_q_bm_m_e_226795.wav"},"answer":{"fileFormat":"wav","fileSize":2339278,"duration":73100,"samplingBit":16,"channelCount":1,"samplingRate":"16kHz","audioPath":"/Mock/01.Management/Male/Experienced/ckmk_a_bm_m_e_226795.wav"}}}