{"version":"1.0","dataSet":{"info":{"date":"20230116","occupation":"BM","channel":"MOCK","place":"ONLINE","gender":"MALE","ageRange":"35-44","experience":"EXPERIENCED"},"question":{"raw":{"text":"만약 이직을 생각하는 동료를 만나게 된다면 뭐라고 말씀하실 건가요 또한 왜 그렇게 말씀하실 건지도 설명 부탁드립니다","wordCount":16},"emotion":[],"intent":[]},"answer":{"raw":{"text":"음 이직을 생각하는 동료를 만났을 때 대응하는 방법 저의 어 대응 방법에 대해서 말씀드리겠습니다. 어 일단 이직을 생각하는 동료와 몇 마디 나눠 보면은 설득이 될지 아니면 이제 거의 마음이 떠난 단계인지 알 수 있을 것 같습니다. 그래서 일단 얘기를 좀 나눠보고 그 사람의 마음이 어 반반에 지은 느낌인 것인지 아니면 한 구십 오 프로는 마음이 떠난 사람인지를 몇 마디 나눠보면 알 수가 있습니다. 결국은 이 직을 생각한다는 거는 반반일 겁니다. 어 더 많은 연봉과 더 좋은 조건에 비전 있는 회사에 다니는 마음도 크겠지만 지금 다니는 회사와 어느 정도 비슷한 회사고 굉장히 이 워라벨이나 뭐 여러 가지 삶의 질로 봤을 때 그 부분이 만족스럽다면은 그렇게 쉽게 이직을 못 할 겁니다. 이제 그런 부분들을 다 조율해 봤을 때 어 확실한 결심을 슨 동료에 대해서는 과감하게 어 잘 떠나라 이렇게 이해해 줄 것 같습니다. 그래서 어 그런 동료들을 만났을 때 가 최대한 설득은 하되 안될 것 같으면 과감하게 보내주는 게 맞을 것 같습니다. 이상입니다.","wordCount":151},"emotion":[],"intent":[{"text":"","expression":"","category":"attitude"}],"summary":{"text":"이직을 생각하는 동료를 만나 대화를 나누면 설득이 될지 마음이 떠난 단계인지 알 수 있습니다. 결국 이직을 생각한다는 것은 반반일 것이며 설득은 하되 안될 것 같으면 과감하게 보내주는 게 맞을 것 같습니다. 이상입니다.","wordCount":32}}},"rawDataInfo":{"question":{"fileFormat":"wav","fileSize":602958,"duration":18840,"samplingBit":16,"channelCount":1,"samplingRate":"16kHz","audioPath":"/Mock/01.Management/Male/Experienced/ckmk_q_bm_m_e_194000.wav"},"answer":{"fileFormat":"wav","fileSize":2771918,"duration":86620,"samplingBit":16,"channelCount":1,"samplingRate":"16kHz","audioPath":"/Mock/01.Management/Male/Experienced/ckmk_a_bm_m_e_194000.wav"}}}