{"version":"1.0","dataSet":{"info":{"date":"20230116","occupation":"BM","channel":"MOCK","place":"ONLINE","gender":"MALE","ageRange":"55-","experience":"EXPERIENCED"},"question":{"raw":{"text":"일을 하다 보면 업무량이 과도하게 많아질 수도 있습니다 그래도 지원자님은 이런 과한 업무량 속에서 잘 버틸 자신이 있으신가요","wordCount":18},"emotion":[],"intent":[]},"answer":{"raw":{"text":"오늘도 실은 이 그 질문에 대한 답변을 준비하면서 나의 전문성에 대한 부분 나의 그동안에 어 경험에 대한 부분 경력에 대한 부분이 어느 만큼 표현될 수 있을까 라고 하는 게 사실 고민이 많이 되었어요. 그래서 이 부분도 결국 업무량으로 본다면 나 좀 과한 게 아닌가 라는 생각도 하게 되었거든요. 그러나 다시 한번 제가 이 내용을 보면서 그래 나도 할 수 있다 한번 해보자 이런 마음으로 어 이 질문에 에 제가 대응하게 되었습니다. 그런데 한 가지 에 해보면서 느낀 것은 뭐냐 하면 첫 번째로는 야 참 질문의 내용이 다양하다 라고 하는 것이 었구요. 두 번째로는 다양한 질문 속에서 내 자신이 성숙돼 가는구나 하는 걸 또 느꼈습니다. 그것은 무엇이냐 하면 아 생각하지 못했던 것도 다시 한번 생각하게 되고 그러한 부분들이 적용이 되니까 아 이건 나한테 과도한 것이 아니라 오히려 나를 발전시키는 요소가 될 수도 있겠다 라는 생각을 하게 되었습니다. 그래서 이런 빅 데이터 사업을 통해서 나 자신도 같이 발전될 수 있겠다 라는 생각을 하게 되었습니다. 이러한 점에서 오히려 감사한 마음이 좀 들고요. 어 질문이 넘어가면 갈수록 마음이 편안해집니다. 고맙습니다.","wordCount":166},"emotion":[],"intent":[{"text":"","expression":"","category":"attitude"}],"summary":{"text":"질문의 내용이 다양하고, 다양한 질문 속에서 제 자신이 성숙해 가구나 하는 것을 느꼈습니다. 이러한 것들이 오히려 나를 발전시키는 요소가 될 수도 있겠다는 생각을 하게 되었습니다. 이러한 빅 데이터 사업을 통해서 나 자신도 같이 발전될 수 있겠다는 생각에 마음이 편안해집니다.","wordCount":39}}},"rawDataInfo":{"question":{"fileFormat":"wav","fileSize":589198,"duration":18410,"samplingBit":16,"channelCount":1,"samplingRate":"16kHz","audioPath":"/Mock/01.Management/Male/Experienced/ckmk_q_bm_m_e_229452.wav"},"answer":{"fileFormat":"wav","fileSize":2962958,"duration":92590,"samplingBit":16,"channelCount":1,"samplingRate":"16kHz","audioPath":"/Mock/01.Management/Male/Experienced/ckmk_a_bm_m_e_229452.wav"}}}