{"version":"1.0","dataSet":{"info":{"date":"20230116","occupation":"BM","channel":"MOCK","place":"ONLINE","gender":"MALE","ageRange":"35-44","experience":"EXPERIENCED"},"question":{"raw":{"text":"디스플레이 산업과 타 산업 간의 융합에 대한 아이디어가 혹시 있으신가요 아이디어가 있다면 그 아이디어에 대해서 말씀해 주세요","wordCount":17},"emotion":[],"intent":[]},"answer":{"raw":{"text":"디스플레이 산업과 가장 융합을 하면 좋은 것은 저는 최첨단 의료 기기 진단이라고 생각을 합니다. 예전에는 엑스레이를 통해서 뼈의 모습을 보면서 의사들이 바로바로 진단을 할 수 있었습니다. 그런데 엑스레이는 병원에서만 써야 되고 또 엑스레이에 대한 노출 때문에 많은 위험에 도사리는 것도 있습니다. 하지만 이제는 디스플레이에서 엑스레이가 아니고 가시광선을 통해서 환자의 피부 또는 깊은 곳은 아니지만 어떤 몸의 상태를 체형을 따라서 진단할 수 있는 메타버스 세상의 의료 프로그램을 만들었으면 좋겠습니다. 단순히 엑스레이는 뼈나 근육만을 볼 수 있지만 디스플레이를 통해서 어떠한 망원경이나 또는 육체를 볼 수 있는 현미경을 통해 몸의 형태 또는 동공의 상태 수정체의 형태 또는 머리 스타일 또는 체형을 통해서 그 사람이 가지고 있는 현재 몸의 상태라든가 문제점을 파악하는 그런 비교 자료를 만들고 그 비교 자료를 빅데이터 화하여 삼 개월 육 개월 일 년에 한 번씩 정기적으로 이메일이나 핸드폰으로 그 사람의 신체 상태를 보내주는 것입니다. 이것은 다이어트 시장에도 충분히 먹힐 것으로 생각하며 의료 시장에 또 하나의 멀티플랫폼으로 작용할 수 있을 것으로 생각합니다.","wordCount":151},"emotion":[],"intent":[{"text":"","expression":"","category":"attitude"}],"summary":{"text":"엑스레이는 뼈나 근육만을 볼 수 있지만 가시광선을 통해서 어떤 몸의 상태를 체형을 따라 진단할 수 있는 메타버스 세상의 의료 프로그램을 만들었으면 좋겠습니다. 이것은 다이어트 시장에도 충분히 먹힐 것으로 생각하며 의료 시장에 또 하나의 멀티플랫폼으로 작용할 수 있을 것으로 생각합니다.","wordCount":39}}},"rawDataInfo":{"question":{"fileFormat":"wav","fileSize":407438,"duration":12730,"samplingBit":16,"channelCount":1,"samplingRate":"16kHz","audioPath":"/Mock/01.Management/Male/Experienced/ckmk_q_bm_m_e_163284.wav"},"answer":{"fileFormat":"wav","fileSize":2715598,"duration":84860,"samplingBit":16,"channelCount":1,"samplingRate":"16kHz","audioPath":"/Mock/01.Management/Male/Experienced/ckmk_a_bm_m_e_163284.wav"}}}