{"version":"1.0","dataSet":{"info":{"date":"20230116","occupation":"BM","channel":"MOCK","place":"ONLINE","gender":"MALE","ageRange":"55-","experience":"EXPERIENCED"},"question":{"raw":{"text":"직전 회사를 그만두신 이유가 있으실 겁니다 혹시 동일한 이유로 현 직장도 그만둘 가능성이 있을까요","wordCount":14},"emotion":[],"intent":[]},"answer":{"raw":{"text":"이전 직장을 그만둔 특별한 이유가 있다면 전 직장에 대표 이사나 경영진들이 직원들을 돈을 벌어 갖고 오는 기계 그런 도구로서 취급을 하였던 것에 대해서 제 개인적으로 불만이 있어서 직장을 그만두게 되었습니다. 물론 현 직장도 대표 이사나 경영진들이 전 직장과 같은 그런 상황으로 우리 직원들을 한다면 그만둘 가능성은 있을 수 있겠죠. 하지만 전 직장에 그런 대표나 경영진들이 직원들을 돈을 버는 기계로서 도구로서 어 생각하는 그런 사람들은 다른 직장에는 없었던 특이한 케이스라고 보여집니다. 저는 현 직장에 지원하게 된 이유는 물론 전 직장에 그러한 똑같은 이유가 발생되지 않을 거라고 생각을 하고 있고 그리고 제가 듣기로는 지금 대표의사나 경영진들이 직원들을 너무 너무 잘 해 준다 라고 하는 게 소문이 자자하다고 들었습니다.","wordCount":106},"emotion":[],"intent":[{"text":"","expression":"","category":"attitude"}],"summary":{"text":"전 직장에 대표 이사나 경영진들이 직원들을 돈을 벌어 갖고 오는 기계 그런 도구로서 취급 하였던 것에 대해 개인적으로 불만이 있어서 직장을 그만두게 되었습니다. 저는 현 직장에 지원하게 된 이유가 전 직장에는 같은 이유가 발생하지 않을 것이라고 생각을 하고 있습니다.","wordCount":39}}},"rawDataInfo":{"question":{"fileFormat":"wav","fileSize":313678,"duration":9800,"samplingBit":16,"channelCount":1,"samplingRate":"16kHz","audioPath":"/Mock/01.Management/Male/Experienced/ckmk_q_bm_m_e_239676.wav"},"answer":{"fileFormat":"wav","fileSize":2778958,"duration":86840,"samplingBit":16,"channelCount":1,"samplingRate":"16kHz","audioPath":"/Mock/01.Management/Male/Experienced/ckmk_a_bm_m_e_239676.wav"}}}