{"version":"1.0","dataSet":{"info":{"date":"20230116","occupation":"BM","channel":"MOCK","place":"ONLINE","gender":"MALE","ageRange":"35-44","experience":"EXPERIENCED"},"question":{"raw":{"text":"지원자도 아시다시피 시장 점유율이 중요합니다 그렇다면 중국 시장에서의 시장 점유율 확대 방안을 한번 제시하십시오","wordCount":14},"emotion":[],"intent":[]},"answer":{"raw":{"text":"중국 진출을 하게 됐을 때 가장 큰 이점은 물류의 허브임과 동시에 아시아의 중심이라는 것입니다. 국제 정세상 우리나라는 중국과 좋지는 않지만 중국이 경제 대국이라는 것은 반드시 인정해야 합니다. 특히나 전 세계 중국인들은 곳곳에 안 퍼져있는 곳이 없고 우리나라 미국 유럽 아프리카에도 중국 인구가 엄청나게 많은 시장을 차지하고 있습니다. 즉 우리 회사의 브랜딩을 중국에게 먼저 알리게 되면 그 중국인들이 사용함으로써 전 세계 자체적으로 브랜드 마케팅이 되는 것입니다. 이들에게는 고마진의 정책으로 판매를 해서는 절대 안 됩니다. 대한민국 특히나 케이팝 한류 열풍에 입어 제품에 대한 홍보를 하고 한국 제품이 좋다 라는 인식이 이미 있기 때문에 저 마진 정책으로 다양한 채널을 늘려서 많은 판매를 이루어야 됩니다. 우리나라는 고 마진으로 소수에게 물건을 파는 전략이 있지만 중국은 엄청난 마케팅이 되어 있거나 아니면 명품이 아닌 이상은 그렇게 마진을 높게 정하면 판매가 되지 않으니 저 마진으로 다양한 유통 경로를 통해서 많은 판매를 이루다 보면 우리가 말하는 박리다매 그 박리다매를 통해서 퍼스널 브랜딩 또는 기업 자체의 브랜딩이 되거나 아니면 제품 판매고를 올릴 수 있을 거라고 생각합니다.","wordCount":156},"emotion":[],"intent":[{"text":"우리나라는 고 마진으로 소수에게 물건을 파는 전략이 있지만 중국은 엄청난   마케팅이 되어 있거나 아니면 명품이 아닌 이상은 그렇게 마진을 높게 정하면 판매가 되지 않으니 저 마진으로   다양한 유통 경로를 통해서 많은 판매를 이루다 보면 우리가 말하는 박리다매 그 박리다매를 통해서 퍼스널 브랜딩 또는 기업 자체의 브랜딩이 되거나 아니면 제품 판매고를 올릴 수 있을 거라고 생각합니다.","expression":"m_holistic","category":"attitude"}],"summary":{"text":"우리 회사가 브랜딩을 중국에게 먼저 알리면 그 중국인들이 사용함으로써 전 세계 자체적으로 브랜드 마케팅이 되는 것이고, 이들에게는 고마진의 정책으로 판매를 해서는 절대 안 됩니다. 우리나라는 고 마진으로 소수에게 물건을 파는 전략이 있지만 중국은 엄청난 마케팅이 되어 있거나 명품이 아닌 이상은 마진을 높게 정하면 판매가 되지 않으니 저 마진을 통해 다양한 유통 경로를 통해서 많은 판매를 이루다 보면 될 것입니다.","wordCount":59}}},"rawDataInfo":{"question":{"fileFormat":"wav","fileSize":396238,"duration":12380,"samplingBit":16,"channelCount":1,"samplingRate":"16kHz","audioPath":"/Mock/01.Management/Male/Experienced/ckmk_q_bm_m_e_191498.wav"},"answer":{"fileFormat":"wav","fileSize":2813518,"duration":87920,"samplingBit":16,"channelCount":1,"samplingRate":"16kHz","audioPath":"/Mock/01.Management/Male/Experienced/ckmk_a_bm_m_e_191498.wav"}}}