{"version":"1.0","dataSet":{"info":{"date":"20230116","occupation":"BM","channel":"MOCK","place":"ONLINE","gender":"MALE","ageRange":"35-44","experience":"EXPERIENCED"},"question":{"raw":{"text":"저희 회사에 입사하여 일을 하다 보면 다른 지역에서 업무를 수행하게 될 수 있는데 타 지역 근무도 가능하실까요","wordCount":17},"emotion":[],"intent":[]},"answer":{"raw":{"text":"타 지역에서 업무를 하는 것은 전혀 문제가 되지 않습니다. 다만 타 지역에서 너무 오랫동안 근무를 하게 될 경우 저의 본 지역과의 거리차라든가 생활이 망가질 수 있어 그것에 대한 배려를 조금 부탁드립니다. 그리고 본사에서 먼저 업무를 시작한다고 한들 추후에 타 지역을 이전을 해야 된다면 저는 타 지역을 먼저 선택하고 그다음에 기회가 된다면 본사로 와서 업무를 하고 싶습니다. 한 곳에서만 근무를 하게 되면 일단 마음이 편해지고 한 곳에 안주하게 되어 스스로 발전을 안 하게 됩니다. 하지만 언제든지 다른 부서 또는 다른 지역에 가서 다른 문화를 접해야 된다 라는 긴장감을 통해서 제 스스로 발전을 할 수 있고 그 발전이 제 인생 또는 직장 커리어에 큰 도움이 될 것이라고 생각합니다.","wordCount":106},"emotion":[],"intent":[{"text":"","expression":"","category":"attitude"}],"summary":{"text":"본사에서 먼저 업무를 시작한다고 하더라도 추후에 타 지역을 이전해야 한다면 저는 타 지역을 먼저 선택하고 다음에 본사에서 업무를 하고 싶습니다. 한 곳에서만 근무를 하게 되면 마음이 편해지고 스스로 발전을 안 하게 되지만 그 발전이 제 인생 또는 직장 커리어에 큰 도움이 될 것입니다.","wordCount":43}}},"rawDataInfo":{"question":{"fileFormat":"wav","fileSize":475598,"duration":14860,"samplingBit":16,"channelCount":1,"samplingRate":"16kHz","audioPath":"/Mock/01.Management/Male/Experienced/ckmk_q_bm_m_e_172345.wav"},"answer":{"fileFormat":"wav","fileSize":1805518,"duration":56420,"samplingBit":16,"channelCount":1,"samplingRate":"16kHz","audioPath":"/Mock/01.Management/Male/Experienced/ckmk_a_bm_m_e_172345.wav"}}}