{"version":"1.0","dataSet":{"info":{"date":"20230116","occupation":"BM","channel":"MOCK","place":"ONLINE","gender":"MALE","ageRange":"35-44","experience":"EXPERIENCED"},"question":{"raw":{"text":"어 지원자님이 생각하시기에 본인의 성격상 장점과 단점에 대해서 각각 말씀해 주시길 바랍니다 그리고 그것에 대한 구체적인 예시도 어 해 주셔도 좋습니다","wordCount":21},"emotion":[],"intent":[]},"answer":{"raw":{"text":"네 저의 성격상 장점 맛 단점에 대해서 말씀드리겠습니다. 그리고 구체적인 예문도 해 가지고 답변 드리도록 하겠습니다. 일단 장점과 단점이 동일한 내용인데 그 분의 설명을 드리면은 어 일단 저의 장점과 단점은 어 좀 여유로운 성격을 갖고 있다는 겁니다. 이게 장점으로 보일 수 있는 부분은 모든 일에 조금 온화롭고 좀 여유롭고 이렇게 접근하는 분야가 있어서 좀 긍정적인 마인드를 가지려고 노력을 합니다. 이제 그 부분은 단점으로 보는 주변 사람들도 있어서 장단점을 동일하게 설정을 하였습니다. 어 좀 시간계획을 좀 철저히 나눠서 업무를 진행을 합니다. 오늘 할 일과 일주일 뒤 한 달 뒤 한 분기 연간까지 해 가지고 계획을 작성을 해 놓고 어 또 거기에서 세부적으로 우선 세을 정해서 오늘 끝내야 할 일 어 급한 일을 위 그 주로 해서 순위를 매기서 진행하다 보니까 어 시간적 여유가 좀 생깁니다. 그랬을 때 여유로워 보이는 현상이 나타나고 그 모습을 보고 좀 여유가 있어 보이는 거에 있어 단점까지 느껴지는 것 같습니다. 이 상입니다.","wordCount":145},"emotion":[],"intent":[{"text":"일단 장점과 단점이 동일한 내용인데 그 분의 설명을 드리면은 어 일단 저의 장점과 단점은 어 좀 여유로운 성격을 갖고 있다는 겁니다.","expression":"c_person","category":"background"},{"text":"이게 장점으로 보일 수 있는 부분은 모든 일에 조금 온화롭고 좀 여유롭고 이렇게 접근하는 분야가 있어서 좀 긍정적인 마인드를 가지려고 노력을 합니다.","expression":"c_person","category":"background"},{"text":"오늘 할 일과 일주일 뒤 한 달 뒤 한 분기 연간까지 해 가지고 계획을 작성을 해 놓고 어 또 거기에서 세부적으로 우선 세을 정해서 오늘 끝내야 할 일 어 급한 일을 위 그 주로 해서 순위를 매기서 진행하다 보니까 어 시간적 여유가 좀 생깁니다.","expression":"m_sche","category":"technology"}],"summary":{"text":"저는 좀 여유로운 성격을 가지고 있습니다. 장점은 모든 일에 온화롭고 여유롭고 접근하는 분야가 있어서 긍정적인 마인드를 가지려고 노력을 합니다. 단점은 장점으로 보는 주변 사람들이 있어서 장단점을 동일하게 설정하였습니다. 시간계획을 철저히 나눠서 업무를 진행하다 보니 시간적 여유가 생깁니다. 그러면서 단점까지 느껴지는 것 같습니다.","wordCount":42}}},"rawDataInfo":{"question":{"fileFormat":"wav","fileSize":494798,"duration":15460,"samplingBit":16,"channelCount":1,"samplingRate":"16kHz","audioPath":"/Mock/01.Management/Male/Experienced/ckmk_q_bm_m_e_216833.wav"},"answer":{"fileFormat":"wav","fileSize":2594638,"duration":81080,"samplingBit":16,"channelCount":1,"samplingRate":"16kHz","audioPath":"/Mock/01.Management/Male/Experienced/ckmk_a_bm_m_e_216833.wav"}}}