{"version":"1.0","dataSet":{"info":{"date":"20230116","occupation":"BM","channel":"MOCK","place":"ONLINE","gender":"MALE","ageRange":"55-","experience":"EXPERIENCED"},"question":{"raw":{"text":"자 지금부터 이야기해 드리겠습니다 만약 지원자님께서 게임 속 캐릭터라면 어떤 게임에서 또는 어떤 역할을 맡아서 수행하고 계속 하고 싶은지 그 부분에 대해서 자세하게 이야기해 주시기 바랍니다","wordCount":26},"emotion":[],"intent":[]},"answer":{"raw":{"text":"저는 음 책략가일 것 같습니다. 음 아무래도 이제 직접 나가서 무언가를 수행하는 역할보다는 이렇게 전체를 조금 아우러 보고 다음에 이 지금 이 상황이 어떤 식으로 앞으로 발생이 될 건지를 조금 가늠하면서 예측해 보고 그러면서 이제 우리 팀이 어떻게 해야 도움이 될지를 제가 계속 조언을 주면서 네 시뮬레이션을 굴려보고 그러고 확인하면 동시에 도 조언을 하는 그런 어떤 책략가의 그 위치로 할 수 있지 않을까 하는 생각이 듭니다. 그게 제가 보기에는 제가 가장 잘 쓰일 수 있는 역할인 것 같습니다. 네 앞에 나가기에는 너무 힘이 없어서요 네.","wordCount":85},"emotion":[],"intent":[{"text":"","expression":"","category":"attitude"}],"summary":{"text":"저는 책략가일 것 같습니다. 전체를 바라보고 예측해 보고 조언을 주면서 시뮬레이션을 굴려보고 확인하면 동시에 조언을 하는 책략가의 위치로 할 수 있다고 생각합니다.","wordCount":22}}},"rawDataInfo":{"question":{"fileFormat":"wav","fileSize":609358,"duration":19040,"samplingBit":16,"channelCount":1,"samplingRate":"16kHz","audioPath":"/Mock/01.Management/Male/Experienced/ckmk_q_bm_m_e_100015.wav"},"answer":{"fileFormat":"wav","fileSize":2474958,"duration":77340,"samplingBit":16,"channelCount":1,"samplingRate":"16kHz","audioPath":"/Mock/01.Management/Male/Experienced/ckmk_a_bm_m_e_100015.wav"}}}