{"version":"1.0","dataSet":{"info":{"date":"20230116","occupation":"BM","channel":"MOCK","place":"ONLINE","gender":"MALE","ageRange":"55-","experience":"EXPERIENCED"},"question":{"raw":{"text":"저희 회사에 들어오시게 되면 기존과는 업무 스타일이 달라질 수 있는데 기존과 다른 업무 스타일에 잘 적응하실 수 있으실까요","wordCount":18},"emotion":[],"intent":[]},"answer":{"raw":{"text":"우리 회사에 들어오면 기존과는 업무 스타일이 달라질 수 있는데 기존과 다른 업무 스타일에 잘 적응할 수 있나요 아 예 저는 어디에서든 업무 스타일이 좀 늘 변해 왔습니다. 그 현지에 적응하는 그 스타일에는 여태까지 잘 적응해 왔고 앞으로도 적응하는 데 어려움이 없을 거라고 생각을 합니다. 제가 아주 어 험남한 어 험한 그런 지역이라든가 그런 어 분야에 있다면 모를까 그렇지 않고는 아 업무 스타일이 달라진다고 하더라도 크게 변화가 없을 것이라고 생각을 합니다. 맡겨주신다면 그런 일들에 대해서 더욱더 즐기는 스타일이기 때문에 어 믿고 기다려주시는 것이 더욱더 저에게는 큰 도움이 될 것이라고 생각을 합니다. 아 믿고 기다려주시면 어 제가 즐기는 스타일이기 때문에 그런 쪽에서 좋은 어 실적과 좋은 어 대처 능력이 더욱더 빛을 바랄 것이라고 생각을 합니다. 참 어떻게 보면 그런 일들을 더욱더 즐겨 했고 재미있어 했기 때문에 큰 어려움이 없을 것이라고 생각을 합니다. 참 어떤 일이 저한테 업무 스타일이 맡겨 질지 궁금하기도 합니다. 아 맡겨주시면 최선을 다하도록 하겠습니다.","wordCount":145},"emotion":[],"intent":[{"text":"","expression":"","category":"attitude"}],"summary":{"text":"저는 어디에서든 업무 스타일이 늘 변해 왔고 앞으로도 그럴 것입니다. 맡겨주신다면 그런 일들에 대해서 더욱더 즐기는 스타일이기 때문에 믿고 기다려주시는 것이 저에게는 큰 도움이 될 것입니다. ","wordCount":26}}},"rawDataInfo":{"question":{"fileFormat":"wav","fileSize":393998,"duration":12310,"samplingBit":16,"channelCount":1,"samplingRate":"16kHz","audioPath":"/Mock/01.Management/Male/Experienced/ckmk_q_bm_m_e_159395.wav"},"answer":{"fileFormat":"wav","fileSize":2890318,"duration":90320,"samplingBit":16,"channelCount":1,"samplingRate":"16kHz","audioPath":"/Mock/01.Management/Male/Experienced/ckmk_a_bm_m_e_159395.wav"}}}