{"version":"1.0","dataSet":{"info":{"date":"20230116","occupation":"BM","channel":"MOCK","place":"ONLINE","gender":"MALE","ageRange":"35-44","experience":"EXPERIENCED"},"question":{"raw":{"text":"면접자님께서는 특별히 가고 싶은 회사가 있나요 혹시 특정 도메인을 중요하게 생각하는지 회사의 분위기를 중요하게 생각하는지 어떤 점들을 중점적으로 보시는지 궁금합니다","wordCount":20},"emotion":[],"intent":[]},"answer":{"raw":{"text":"특별히 가고 싶은 회사는 미국이나 유럽계에 기반을 둔 외국계 회사입니다. 그런 회사들은 일단 처음에 복지정책이 훌륭하고 회사 내부의 분위기가 상당히 좋은 것으로 알고 있습니다. 국내 제조업체나 약간 생산업체들은 군대식 문화에 수평적인 문화가 아니라 수직적이고 봉건적인 군대식 문화를 지향하는 곳이 있습니다. 하지만 요즘 세대 특히나 저희 같은 세대들은 그런 수직적인 문화보다는 수평적이고 워라벨를 지켜줄 수 있고 복리 후생이 좋은 그런 회사를 택할 수 밖에 없습니다. 왜냐하면 어차피 직장생활에선 엄청난 돈을 벌 수 있는 게 아니라 회사생활을 통해서 적정한 보수를 받고 그렇게 톱니바퀴처럼 일을 하는 것이기 때문에 너무 많은 과도한 업무량과 또는 군대 같은 분위기를 가지고 있다면 업무의 시너지도 낫지 않을 것이고 성과 및 효율성은 대폭 떨어질 것이라고 생각합니다. 실제로 주변의 친구들을 보면 회사 분위기가 안 좋은 곳은 사람들 간의 친목도 없고 대화도 없고 어떤 공감대가 없어서 퇴사율도 상당히 높다고 들었습니다. 회사의 퇴사율도 아주 중요하기 때문에 저는 회사 특정 회사도 가고 싶고 회사의 분위기도 아주 중요하다고 생각합니다. 평화로운 분위기 수직적인 분위기가 더 높은 성과를 만든다고 생각합니다.","wordCount":154},"emotion":[],"intent":[{"text":"","expression":"","category":"attitude"}],"summary":{"text":"미국, 유럽계 기반의 외국계 회사는 복지정책이 훌륭하고 회사 내부 분위기가 상당히 좋습니다. 국내 제조업체나 약간 생산업체들은 군대식 문화에 수평적인 문화가 아니라 수직적이고 봉건적인 군대식 문화를 지향하는 곳이 있습니다. 하지만 요즘은 수평적이고 워라벨을 지켜줄 수 있고 복리 후생이 좋은 회사를 택할 수 밖에 없습니다. 평화로운 분위기 수직적인 분위기가 더 높은 성과를 만든다고 생각합니다.","wordCount":52}}},"rawDataInfo":{"question":{"fileFormat":"wav","fileSize":474638,"duration":14830,"samplingBit":16,"channelCount":1,"samplingRate":"16kHz","audioPath":"/Mock/01.Management/Male/Experienced/ckmk_q_bm_m_e_160215.wav"},"answer":{"fileFormat":"wav","fileSize":2747598,"duration":85860,"samplingBit":16,"channelCount":1,"samplingRate":"16kHz","audioPath":"/Mock/01.Management/Male/Experienced/ckmk_a_bm_m_e_160215.wav"}}}