{"version":"1.0","dataSet":{"info":{"date":"20230116","occupation":"BM","channel":"MOCK","place":"ONLINE","gender":"MALE","ageRange":"35-44","experience":"EXPERIENCED"},"question":{"raw":{"text":"귀하는 공급망 관리 에스씨엠은 무엇이라고 생각하십니까","wordCount":6},"emotion":[],"intent":[]},"answer":{"raw":{"text":"에스씨엠 은 서프라이 체인 매니지먼트라고 제조회사에서 부품의 공급 및 물류 유통에 대한 모든 시스템을 하나의 시스템화로 전산화로 만들어서 그 시스템을 공유하고 많은 사람들이 함께 볼 수 있도록 만든 것입니다. 예를 들어 부품의 원자재 공급 부품 공급 물류 공급 이런 것들이 문제가 생겼을 때 어디서 어떻게 문제가 생겼는지 확인할 수 있고 실제 제가 원하는 부품 또는 고객의 물품이 어디에 배송되고 어떻게 진행되는지를 한눈에 파악할 수 있는 것입니다. 데이터 웨얼 하우스 또는 씨알엠 이알피까지 전사적인 관리를 할 수 있는 모든 시스템을 에스씨엠 이라고 부르고 이 공급망 에스씨엠을 관리하기 위해서는 첫 번째 물류 시스템이 잘 발달돼 있고 전산화에서 한 눈에 볼 수 있는 프로그램이 운영되어야 됩니다. 예를 들어서 에이라는 사람과 디라는 사람이 같은 에스씨엠을 운영하고 있지만 서로 정보의 오픈이 안 됐거나 서로 보여지는 프로그램이 다르다면 어디서 어떻게 물품이 운영되고 원자재가 어떻게 수급이 되어 제조되어 그리고 배송이 되는지를 확인할 수가 없습니다.","wordCount":137},"emotion":[{"text":"에스씨엠 은 서프라이 체인 매니지먼트라고 제조회사에서 부품의 공급 및   물류 유통에 대한 모든 시스템을 하나의 시스템화로 전산화로 만들어서 그 시스템을 공유하고 많은 사람들이 함께 볼 수 있도록 만든 것입니다.","expression":"u-fact","category":"neutral"}],"intent":[{"text":"","expression":"","category":"attitude"}],"summary":{"text":"에스씨엠은 서프라이 체인 매니지먼트라고 제조회사에서 부품의 공급 및 물류 유통에 대한 모든 시스템을 하나의 시스템화로 만들어서 그 시스템을 공유하고 많은 사람들이 함께 볼 수 있도록 만든 것입니다. 데이터 웨얼 하우스 또는 씨알엠 이알피까지 전사적인 관리를 할 수 있는 모든 시스템을 씨씨엠이라고 부릅니다.","wordCount":42}}},"rawDataInfo":{"question":{"fileFormat":"wav","fileSize":250958,"duration":7840,"samplingBit":16,"channelCount":1,"samplingRate":"16kHz","audioPath":"/Mock/01.Management/Male/Experienced/ckmk_q_bm_m_e_182624.wav"},"answer":{"fileFormat":"wav","fileSize":2470798,"duration":77210,"samplingBit":16,"channelCount":1,"samplingRate":"16kHz","audioPath":"/Mock/01.Management/Male/Experienced/ckmk_a_bm_m_e_182624.wav"}}}