{"version":"1.0","dataSet":{"info":{"date":"20230116","occupation":"BM","channel":"MOCK","place":"ONLINE","gender":"MALE","ageRange":"55-","experience":"EXPERIENCED"},"question":{"raw":{"text":"지원자님이 업무를 수행하다가 모르는 과제가 나온다면 일을 어떻게 완수하실 것인가요 그 방식을 선택하신 이유도 설명 부탁드립니다","wordCount":16},"emotion":[],"intent":[]},"answer":{"raw":{"text":"직무 수행시 모르는 과제가 등장했다면 어떻게 해결하시겠습니까 해결법 과 이유를 말씀해 주세요 아 제가 맡겨진 이 분야에서는 제가 어 특별히 어 어려운 그러한 과제는 없을 거라고 생각합니다. 만약 과제가 있다면 어 응용에 그러한 과제였을 것 같습니다. 그런 응용 분야 어 어프리케이션을 잘 적용하여서 어 공부하고 또 한 에스엔에스를 통하여서 또한 어 상황을 파악하며 많은 네트워크를 통해서 어 이해도를 높인다면은 좋은 해결법이 될 수 있을 거라고 생각합니다. 아 무엇보다도 제가 모르는 것이 있다면 후배들에게 아 도움을 요청하고 또한 후배의 그러한 어드바이스를 듣는 것 또한 아 좋은 일이라고 생각합니다. 어 제가 가지고 있는 어 것은 대하가 졸업을 한 대학을 졸업한 것도 아 한 삼십 년이 되다 보니까 어떻게 보면 올드한 그러한 아 자료일 수 있습니다. 그렇기 때문에 아 신제품 아 신 아 젊은이들을 통하여서 그런 것들을 많이 배우고 대화하고 또한 섭취하는 것도 게을리지 않도록 노력하는 것이 또한 좋은 해결책이 아닌가 생각합니다. 최선을 다해 보도록 하겠습니다.","wordCount":143},"emotion":[],"intent":[{"text":"그렇기 때문에 아 신제품   아 신 아  젊은이들을 통하여서 그런 것들을 많이 배우고 대화하고   또한 섭취하는 것도 게을리지 않도록 노력하는 것이 또한 좋은 해결책이 아닌가 생각합니다.","expression":"c_adp","category":"personality"}],"summary":{"text":"직무 수행에 모르는 과제가 있다면 응용에 과제였을 것 같습니다. 응용 분야 어프리케이션을 잘 적용하고 네트워크를 통해 이해도를 높인다면 좋은 해결법이 될 수 있을 것입니다. 모르는 것이 있으면 후배에게 도움을 요청하고 후배의 어드바이스를 듣는 것도 좋은 일이라고 생각합니다.","wordCount":37}}},"rawDataInfo":{"question":{"fileFormat":"wav","fileSize":368078,"duration":11500,"samplingBit":16,"channelCount":1,"samplingRate":"16kHz","audioPath":"/Mock/01.Management/Male/Experienced/ckmk_q_bm_m_e_160199.wav"},"answer":{"fileFormat":"wav","fileSize":2830158,"duration":88440,"samplingBit":16,"channelCount":1,"samplingRate":"16kHz","audioPath":"/Mock/01.Management/Male/Experienced/ckmk_a_bm_m_e_160199.wav"}}}