{"version":"1.0","dataSet":{"info":{"date":"20230116","occupation":"BM","channel":"MOCK","place":"ONLINE","gender":"MALE","ageRange":"35-44","experience":"EXPERIENCED"},"question":{"raw":{"text":"지원자님께서는 본인이 교번 근무에 잘 적응할 수 있다고 생각하시나요 그렇게 생각하신다면 그 근거도 함께 말씀해 주세요","wordCount":16},"emotion":[],"intent":[]},"answer":{"raw":{"text":"네 교번 근무에 대해서 한번 생각을 해 보았습니다. 어 지금 일반적으로 생각하는 그런 뭐 주 오 일제 근무가 있을 것이고 또 인제 많은 어 생산 라인이나 모든 기관에서는 이십 사 시간 물건을 만들어야 하는 뭐 물자를 만들어야 하는 그런 상황이 있을 것입니다. 보통 그런 회사에 이런 교번 근무를 적용을 하는데 어 교번 근무에 장단점이 있을 것입니다. 교번 근무를 선호하는 사람도 있을 것이고 어 싫어하는 사람도 있을 것입니다. 근데 이제 저 같은 경우는 교번 근무에 대한 경험이 많이 있습니다. 좀 여유로웠던 교번 근무 뭐 사 교대 근무도 있었고 사 점 오 교대 근무도 있었고 이 교대 삼 교대 다 있는데 그 부분에 대해서는 경험도 많이 해봤고 또 야간 업무도 많이 해봤습니다. 그래서 야간 근무하는 데에 서는 뭐 부담이 있거나 뭐 걱정이 되는 부분은 없고 그 상황에 맞춰서 잘 적응할 수 있을 것 같습니다. 뭐 사 교대 근무 뭐 여건이 더 좋으면은 좋겠지만 뭐 그 상황이 되지 않는다면 어 미래에 더 나아질 상황을 생각하고 긍정적으로 접근하다 보면은 어느 근무 체계에서든지 잘 적응해서 진행할 수 있을 것 같습니다. 이상입니다.","wordCount":166},"emotion":[],"intent":[{"text":"","expression":"","category":"attitude"}],"summary":{"text":"일반적으로 생각하는 주오 일제 근무와 모든 기관에서 20 사 시간 물건을 만들어야 하는 상황에서의 교번 근무 중 저 같은 경우는 교번 근무를 경험한 경험이 많이 있습니다. 야간 근무는 부담이 없으며 상황에 맞춰서 잘 적응할 수 있을 것 같습니다.","wordCount":38}}},"rawDataInfo":{"question":{"fileFormat":"wav","fileSize":533838,"duration":16680,"samplingBit":16,"channelCount":1,"samplingRate":"16kHz","audioPath":"/Mock/01.Management/Male/Experienced/ckmk_q_bm_m_e_146719.wav"},"answer":{"fileFormat":"wav","fileSize":2622798,"duration":81960,"samplingBit":16,"channelCount":1,"samplingRate":"16kHz","audioPath":"/Mock/01.Management/Male/Experienced/ckmk_a_bm_m_e_146719.wav"}}}