{"version":"1.0","dataSet":{"info":{"date":"20230116","occupation":"BM","channel":"MOCK","place":"ONLINE","gender":"MALE","ageRange":"35-44","experience":"EXPERIENCED"},"question":{"raw":{"text":"창의성과 팀워크 중에서 어 더 중요한 것이 무엇이라고 생각하십니까 근거도 함께 들어서 말씀해 주세요","wordCount":14},"emotion":[],"intent":[]},"answer":{"raw":{"text":"당연히 팀워크가 훨씬 더 중요합니다. 조직은 모든 사람들이 큰 톱니바퀴 안에서 작은 톱니바퀴 같은 역할을 하게 되어 있습니다. 물론 스타트업이나 일인 기업 또는 한 사람의 천재성으로 인하여 그 창의성으로 회사가 성공하는 케이스들도 많지만 요즘은 그런 회사의 시스템은 거의 없다고 봅니다. 왜냐면 창의적인 인재가 어떤 아이디어를 냈다고 한들 그 창의적인 인재 아이디어 하나만으로 조직에서는 제품을 시장에 출시까지 하는데 쉽지 않기 때문입니다. 각 부서에 해야 될 일이 있고 각 부서마다 그 내용을 가지고 어떤 플랫폼에 어떻게 적용하고 어떻게 개발을 하고 어떻게 생산할지에 대한 모든 로드맵에 따라 움직이고 또 그 로드맵이 조금씩 달라질 때마다 많은 사람들이 업무가 쪼금씩 변동됩니다. 즉 다시 얘기해서 사람의 팀워크에 의해 의해서 회사는 돌아가게 돼 있고 팀워크가 뛰어난 직원 같은 경우는 어떤 부서에 어떻게 배치를 해도 바로 적응을 하고 다른 사람들과 협업을 잘 하게 돼 있습니다. 하지만 창의성만 뛰어난 사람들은 팀워크가 약한 경우들이 많고 팀워크가 약하다 보면 다른 사람들과 분명히 갈등과 갈등이 생겨 업무에 불화가 생기게 되어 있습니다. 그래서 저는 무조건 팀워크가 중요하다고 생각합니다.","wordCount":155},"emotion":[],"intent":[{"text":"","expression":"","category":"attitude"}],"summary":{"text":"창의적인 인재의 경우 아이디어 하나로 제품을 시장에 출시하기 어렵기 때문에 조직은 팀워크가 중요합니다. 조직은 모든 사람들이 큰 톱니바퀴 안에서 작은 톱니 바퀴 같은 역할을 하게 되어 있기 때문에, 창의성만 뛰어난 사람들은 팀워크에 약하고 다른 사람들과 갈등을 일으키기도 합니다. 그래서 저는 무조건 팀워크를 중요시합니다.","wordCount":43}}},"rawDataInfo":{"question":{"fileFormat":"wav","fileSize":421198,"duration":13160,"samplingBit":16,"channelCount":1,"samplingRate":"16kHz","audioPath":"/Mock/01.Management/Male/Experienced/ckmk_q_bm_m_e_164816.wav"},"answer":{"fileFormat":"wav","fileSize":2773838,"duration":86680,"samplingBit":16,"channelCount":1,"samplingRate":"16kHz","audioPath":"/Mock/01.Management/Male/Experienced/ckmk_a_bm_m_e_164816.wav"}}}