{"version":"1.0","dataSet":{"info":{"date":"20230116","occupation":"BM","channel":"MOCK","place":"ONLINE","gender":"MALE","ageRange":"55-","experience":"EXPERIENCED"},"question":{"raw":{"text":"공동체 가치에 입각해서 무형 문화유산의 보호에 있어서 적용되는 사회적인 관념 관념은 어떤 것이 있을까요 본인이 생각하는 사회적 관념에 대해서 말씀해 주시기 바랍니다","wordCount":22},"emotion":[],"intent":[]},"answer":{"raw":{"text":"무형 문화 유산의 보호는 굉장히 중요한 문제라고 생각을 하고 있습니다. 어 모든 나라의 기독교가 허용이 되지만 어 기독교를 믿고 따르는 방식에는 약간의 차이점이 있습니다. 아 그 이후는 어 그 사람이 태어나고 자란 곳에 기후와 환경이 굉장히 중요한 역할을 한다고 생각을 하고 있습니다. 어 이 사회적 관점이라는 것은 그런 부분에 영향이 많이 있다고 생각을 합니다. 그렇기 때문에 각자의 문화를 각국의 나라가 가지고 있는 거라고 생각을 합니다. 어 사회적 관점이라는 것은 내가 처한 위치 내가 살고 있는 나라 나의 가족 크게는 나의 사회에 그 구성원 그다음에 국가 아 이런 것에 대한 특성을 이해하고 어 조상한테 배운 그런 문화를 유지를 하는 것이라고 알고 있습니다. 어 그런 측면에서 사회적 관점은 개인적인 생각에는 내가 자라온 어 정신적인 환경뿐만이 아니라 자연적인 환경이라고 생각을 합니다.","wordCount":118},"emotion":[],"intent":[{"text":"","expression":"","category":"attitude"}],"summary":{"text":"무형 문화 유산의 보호는 굉장히 중요한 문제라고 생각합니다. 사회적 관점은 정신적인 환경뿐만 아니라 자연적인 환경도 영향을 많이 받는다고 생각합니다.","wordCount":19}}},"rawDataInfo":{"question":{"fileFormat":"wav","fileSize":499278,"duration":15600,"samplingBit":16,"channelCount":1,"samplingRate":"16kHz","audioPath":"/Mock/01.Management/Male/Experienced/ckmk_q_bm_m_e_244780.wav"},"answer":{"fileFormat":"wav","fileSize":2562638,"duration":80080,"samplingBit":16,"channelCount":1,"samplingRate":"16kHz","audioPath":"/Mock/01.Management/Male/Experienced/ckmk_a_bm_m_e_244780.wav"}}}