{"version":"1.0","dataSet":{"info":{"date":"20230116","occupation":"BM","channel":"MOCK","place":"ONLINE","gender":"MALE","ageRange":"55-","experience":"EXPERIENCED"},"question":{"raw":{"text":"지원자님의 장점과 단점을 설명해 주시고 그것을 특화시키고 극복하기 위한 노력도 함께 말씀해 주시면 좋겠습니다","wordCount":14},"emotion":[],"intent":[]},"answer":{"raw":{"text":"본인의 장점과 단점을 설명해 주시고 그것을 특화 시키고 극복하기 위한 노력도 함께 말씀해 주세요 예 저는 장점이 아 융화적이고 친화적인 그런 부분에서 장점이라고 생각합니다. 어떠한 사람도 아 저의 그러한 성격을 보고 어 늘 친화력에서 뒤지지 않는 모습을 볼 수 있습니다. 그것이 바로 장점이라고 하고 때로는 제가 가지고 있는 독선적인 그런 생각 그리고 나만의 그런 밀어붙이고자 하는 그런 것들 때문에 많이 다툼이 일어나는 경우도 많이 있었던 것 같습니다. 아 어떻게 보면 모든 사람을 다 만족시킬 수는 없겠지만 일을 할 때에는 그 독선적인 부분에서 저희가 아 성취도를 더 높였던 것을 볼 수 있습니다. 무엇보다도 장점을 더욱더 살리려고 노력합니다. 아 많은 사람과 서로 융화하고 서로를 격려하고 어 칭찬을 하면서 그러한 조직의 어 화합을 높여가는 일에 앞장섰던 것으로 어 보여지고 있습니다. 제가 이 회사에 들어오게 된다면 무엇보다도 조직을 더욱더 화기애애한 분위기로 만들어가는 데 부족함이 없도록 노력을 할 수 있을 것 같습니다.","wordCount":137},"emotion":[],"intent":[{"text":"어떠한 사람도 아 저의 그러한 성격을 보고 어 늘 친화력에서 뒤지지 않는 모습을 볼 수 있습니다.","expression":"c_person","category":"background"}],"summary":{"text":" 융화적이고 친화적인 부분이 장점이라고 생각합니다. 때로느 제가 가진 독선적인 생각과 나만의 고집 때문에 다툼이 많이 있었던 것 같습니다. 일을 할 때에는 독선적인 부분이 성취도를 높였던 것을 볼 수 있습니다. ","wordCount":29}}},"rawDataInfo":{"question":{"fileFormat":"wav","fileSize":352078,"duration":11000,"samplingBit":16,"channelCount":1,"samplingRate":"16kHz","audioPath":"/Mock/01.Management/Male/Experienced/ckmk_q_bm_m_e_159943.wav"},"answer":{"fileFormat":"wav","fileSize":2841038,"duration":88780,"samplingBit":16,"channelCount":1,"samplingRate":"16kHz","audioPath":"/Mock/01.Management/Male/Experienced/ckmk_a_bm_m_e_159943.wav"}}}