{"version":"1.0","dataSet":{"info":{"date":"20230116","occupation":"BM","channel":"MOCK","place":"ONLINE","gender":"MALE","ageRange":"35-44","experience":"EXPERIENCED"},"question":{"raw":{"text":"지원자님께서 지금까지 인생을 살아오면서 가장 후회되는 일은 무엇입니까 한 가지만 말씀해 주시기 바랍니다","wordCount":13},"emotion":[],"intent":[]},"answer":{"raw":{"text":"중학교 삼 학년 때 고등학교를 입학하기 위한 원서를 쓰는 때가 있었습니다. 저는 그때 당시 높은 성적을 유지하고 있어서 특목고를 지원할 수 있는 수준이었습니다. 하지만 저는 특목고에 가서 열 시간씩 공부할 자신도 없었고 뛰어난 학생들과 경쟁에서 이길 자신이 없어 그 두려운 마음과 공부 못하는 고등학교에 남녀공학을 가서 여자친구를 사귀고 싶다는 마음에 결국은 부모님과 선생님의 만류에도 불구하고 특목고를 포기하고 공부 못하는 남녀공학에 학교로 지원을 하게 되었습니다. 그리고 나서 학교생활도 행복하지 않았고 여자친구도 사귈 수 없었고 성적은 매년 바닥을 기고 있었습니다. 그리고 대학교 시험을 앞둔 고등학교 삼 학년 말 내신 성적도 점점점 떨어지고 수학 능력 시험을 봤는데 결국은 제가 원하는 대학에 문턱조차 밟을 수 없는 점수였습니다. 그때 당시 저희 부모님께서 결국 니가 원하는 고등학교를 가서 지금 이렇게 비참한 성적을 받았는데 넌 지금도 그때 중학교 삼 학년 때 선택을 후회하지 않느냐 라고 물어봤을 때 저는 눈물을 흘리면서 말했습니다. 어린 나이에 철없는 객기와 호기로 한 선택에 의해서 저의 삼 년이라는 시간을 버렸고 그 삼 년 동안 성적은 떨어지고 결국 저 스스로 좌절하게 만드는 힘든 시간이었습니다.","wordCount":160},"emotion":[{"text":"어린 나이에   철없는 객기와 호기로 한 선택에 의해서 저의 삼 년이라는 시간을 버렸고 그 삼 년 동안   성적은 떨어지고 결국 저 스스로 좌절하게 만드는 힘든 시간이었습니다.","expression":"n-sadness","category":"positive"}],"intent":[{"text":"","expression":"","category":"attitude"}],"summary":{"text":"중학교 삼 학년 때 특목고에서 열 시간씩 공부할 자신도 없으며 뛰어난 학생들과 경쟁에서 이길 자신이 없어 특목고를 포기하고 공부 못하는 남녀공학에 학교로 지원을 하게 되었습니다. 그리고 학교생활도 행복하지 않았고 여자친구도 사귈 수 없었으며 성적은 매년 바닥을 기고 있었습니다. 부모님께서 제가 원하는 대학에 문턱조차 밟을 수 없는 점수라고 했을 때 저는 눈물을 흘렸습니다.","wordCount":52}}},"rawDataInfo":{"question":{"fileFormat":"wav","fileSize":440718,"duration":13770,"samplingBit":16,"channelCount":1,"samplingRate":"16kHz","audioPath":"/Mock/01.Management/Male/Experienced/ckmk_q_bm_m_e_178611.wav"},"answer":{"fileFormat":"wav","fileSize":2825678,"duration":88300,"samplingBit":16,"channelCount":1,"samplingRate":"16kHz","audioPath":"/Mock/01.Management/Male/Experienced/ckmk_a_bm_m_e_178611.wav"}}}