{"version":"1.0","dataSet":{"info":{"date":"20230116","occupation":"BM","channel":"MOCK","place":"ONLINE","gender":"MALE","ageRange":"55-","experience":"EXPERIENCED"},"question":{"raw":{"text":"만약에 여러 부서들이 협력해야 하는 프로젝트에서 어 부서 간의 일정을 조율하기 위해서 본인만의 노하우가 있다면 어떤 게 있는지 말씀을 좀 해주시죠","wordCount":21},"emotion":[],"intent":[]},"answer":{"raw":{"text":"여러 부서들하고 협력을 한다는 거는 상당히 어렵습니다. 각기 각 부서들의 입장과 일정들이 있기 때문에 그런 것들을 서로 조율하기에는 정말 어려운 일이죠. 그래서 저 같은 경우에 근무를 할 때 이런 부서 간의 일정을 조율하기 위해서 사전에 각 부서들의 키 맨들을 먼저 접촉을 합니다. 그리고 키 맨들과 이런 프로젝트에 대한 충분한 의견 수렴을 나누고요. 그리고 공감대를 형성합니다. 그리고 각 부서에 이 프로젝트를 추진함에 있어서 애로사항이 무엇인지 그 다음에 어 기대하는 그런 사항들은 어떤 것인지를 물어보고 그거를 정리해서 그런 불편한 사항들을 제거한 후에 부서간의 그런 일정들을 조율을 한다 그러면은 보다 효과적으로 잘 원만하게 조율이 되더라고요. 어떻게 보면은 저만의 이것이 노하우일 수도 있다고 보여집니다.","wordCount":100},"emotion":[],"intent":[{"text":"그래서 저 같은 경우에 근무를 할 때 이런 부서 간의 일정을 조율하기 위해서 사전에 각 부서들의 키 맨들을 먼저 접촉을 합니다.","expression":"m_sche","category":"technology"}],"summary":{"text":"여러 부서들하고 협력을 한다는 것은 굉장히 어려운 일입니다. 그래서 사전에 각 부서들의 키 맨들을 접촉을 합니다. 그리고 키 맨들과 프로젝트에 대한 충분한 의견 수렴을 나누고 공감대를 형성합니다. 그리고 불편한 사항들을 제거한 후에 부서간의 일정들을 조율합니다.","wordCount":35}}},"rawDataInfo":{"question":{"fileFormat":"wav","fileSize":441678,"duration":13800,"samplingBit":16,"channelCount":1,"samplingRate":"16kHz","audioPath":"/Mock/01.Management/Male/Experienced/ckmk_q_bm_m_e_243977.wav"},"answer":{"fileFormat":"wav","fileSize":2368718,"duration":74020,"samplingBit":16,"channelCount":1,"samplingRate":"16kHz","audioPath":"/Mock/01.Management/Male/Experienced/ckmk_a_bm_m_e_243977.wav"}}}