{"version":"1.0","dataSet":{"info":{"date":"20230116","occupation":"BM","channel":"MOCK","place":"ONLINE","gender":"MALE","ageRange":"55-","experience":"EXPERIENCED"},"question":{"raw":{"text":"다른 계열사도 많이 있는데 이 계열사에 지원해 주신 특별한 이유가 있으신가요 궁금합니다","wordCount":12},"emotion":[],"intent":[]},"answer":{"raw":{"text":"다른 계열사도 많이 있습니다만 이 계열사에 지원해 주신 특별한 이유가 있나요. 들어보고 싶습니다. 예 귀사는 많은 계열사를 거느리고 있는 것으로 알고 있습니다. 제가 특별히 지원한 것은 경영에 특별한 관심이 많고 전에도 해왔던 일도 경영을 통하여서 또한 회사의 이익을 창출하고 직원들과 그리고 팀원들에게 같이 성장할 수 있는 그런 좋은 기회들이 많았습니다. 저의 그러한 장점이 또한 그러한 계획과 그러한 성장과 매출을 극대화시키는 일에 최선을 다 했습니다. 어떻게 보면 그거에 맞는다고 볼 수가 있습니다. 그렇기 때문에 아 많은 계열사도 있었지만 이 어 험지에 특별히 제가 지원하게 됐던 이유이기도 합니다. 주어진 일들은 그렇게 어렵지 않을 것으로 보여집니다. 회사에서의 지원이 적극적으로 필요한 때입니다. 많이 도와주신다면 남들이 꺼려하는 이러한 분야지만은 제가 좋은 결실을 맺을 수 있도록 귀사에 아 도움이 될 수 있도록 최선을 다하도록 하겠습니다. 무엇보다도 지켜봐 주시길 기대합니다. 감사합니다.","wordCount":124},"emotion":[],"intent":[{"text":"","expression":"","category":"attitude"}],"summary":{"text":"많은 계열사가 있는 귀사에 지원해 주신 특별한 이유가 있습니다. 경영에 특별한 관심이 많고 전에도 해왔던 일도 경영을 통하여서 회사의 이익을 창출하고 직원들과 팀원들에게 같이 성장할 수 있는 좋은 기회들이 많았습니다. 따라서 주어진 일들은 그렇게 어렵지 않을 것으로 보여집니다. 회사에서의 지원이 적극적으로 필요한 때입니다.","wordCount":43}}},"rawDataInfo":{"question":{"fileFormat":"wav","fileSize":323598,"duration":10110,"samplingBit":16,"channelCount":1,"samplingRate":"16kHz","audioPath":"/Mock/01.Management/Male/Experienced/ckmk_q_bm_m_e_173465.wav"},"answer":{"fileFormat":"wav","fileSize":2817678,"duration":88050,"samplingBit":16,"channelCount":1,"samplingRate":"16kHz","audioPath":"/Mock/01.Management/Male/Experienced/ckmk_a_bm_m_e_173465.wav"}}}