{"version":"1.0","dataSet":{"info":{"date":"20230116","occupation":"BM","channel":"MOCK","place":"ONLINE","gender":"MALE","ageRange":"35-44","experience":"EXPERIENCED"},"question":{"raw":{"text":"네 배달의민족을 사용하시면서 좀 지원자님께서 사용 중에 서비스에서 아쉬웠던 부분이 좀 있으셨을까요 어 만약에 있으셨다면 무엇인지도 함께 말씀을 부탁드립니다 배달의민족 서비스 부분입니다","wordCount":22},"emotion":[],"intent":[]},"answer":{"raw":{"text":"오 년 전에 배달의 민족이 처음 나왔을 때는 우리 동네에 있는 모든 음식점을 검색할 수 있고 음식점의 내용을 상세히 보고 리뷰에 따라서 제가 원하는 음식점에 주문을 할 수 있었습니다. 그런데 시간이 지나니까 배달의 민족은 결국은 플랫폼이 돈을 벌기 위해 자영업자를 죽이고 있는 나쁜 회사라는 것이 인식되었고 그래서 저는 배달의 민족에서 광고를 하지 않는 업체들 위주로만 물품을 시켰습니다. 특히 리뷰도 작업을 통해서 나쁜 리뷰를 쓰면 그 업체 사장들이 직접 고객에게 전화를 걸어 협박을 한다고 합니다. 결국 그러면 고객이 좋은 제품을 선택하고 좋은 음식을 내 식성에 따라서 고를 수 있는 게 아니라 마케팅적으로 사기 친 리뷰 후기만을 보고 비싼 값을 지불해야 됩니다. 특히나 비 배달의 민족은 배달비가 사천 원에서 칠천 원까지 너무 많은 부담을 갖고 있어 음식 값이 만 오천 원인데 배달비가 칠천 원이라 이거는 배보다 배꼽이 더 큰 상황이 되는 경우들이 아주 많았습니다. 특히나 배달의 민족이 성장을 해 가면서 기업의 가치가 높아지고 직원이 많아지다 보니까 배달의 민족 플랫폼에 가격이 많이 올라 진짜 맛집들은 이제는 배달의 민족을 탈 이탈하고 있어서 더 이상 이용할 필요가 없다고 느꼈습니다.","wordCount":164},"emotion":[],"intent":[{"text":"","expression":"","category":"attitude"}],"summary":{"text":"배달의 민족이 나왔을 때는 플랫폼이 돈을 벌기 위해 자영업자를 죽이는 나쁜 회사라는 것이 인식되어 광고를 하지 않는 업체들 위주로만 물품을 시켰습니다. 특히 리뷰도 작업을 통해서 나쁜 리뷰를 쓰면 그 업체 사장들이 직접 고객에게 전화해 협박을 한다고 합니다. 따라서 마케팅적으로 사기 친 리뷰 후기만을 보고 비싼 값을 지불해야 됩니다. 이제는 더 이상 이용할 필요가 없다고 느꼈습니다.","wordCount":55}}},"rawDataInfo":{"question":{"fileFormat":"wav","fileSize":537678,"duration":16800,"samplingBit":16,"channelCount":1,"samplingRate":"16kHz","audioPath":"/Mock/01.Management/Male/Experienced/ckmk_q_bm_m_e_182626.wav"},"answer":{"fileFormat":"wav","fileSize":2647118,"duration":82720,"samplingBit":16,"channelCount":1,"samplingRate":"16kHz","audioPath":"/Mock/01.Management/Male/Experienced/ckmk_a_bm_m_e_182626.wav"}}}