{"version":"1.0","dataSet":{"info":{"date":"20230116","occupation":"BM","channel":"MOCK","place":"ONLINE","gender":"MALE","ageRange":"55-","experience":"EXPERIENCED"},"question":{"raw":{"text":"면접자님께선 스트레스를 받으면 어떻게 해소하시나요 그 방법에 대해 말씀해 주세요","wordCount":10},"emotion":[],"intent":[]},"answer":{"raw":{"text":"제 성격상 스트레스는 자주 받는 편입니다. 그래서 제 나름대로 스트레스를 받게 되면은 풀기 위해서 일단은 사무실이면 바깥으로 나갑니다. 먼저 바깥에 나가서 긴 호흡을 함으로써 정신을 좀 가다로습니다. 글구 스트레스 수로 인한 화가 난다던가 하는 그런 것들을 완화시키기 위해서 긴 호흡을 하게 되면은 자연스럽게 제 마음이 평안해집니다. 그래서 저는 스트레스를 받으면 일단 바깥으로 나가서 긴 호흡을 하고 그리고 나서 한 번쯤 이 스트레스를 받은 이유에 대해서 곰곰이 생각을 해 봅니다. 그래서 스트레스를 해소시키고 스트레스를 받은 그 업무에 대해서 어떻게 처리할지에 대해서 고민을 하다 보면은 그거에 대한 처리 결과가 결과물 같은 것들이 알 수 있는 방법이 나오게 되더라구요.","wordCount":96},"emotion":[],"intent":[{"text":"","expression":"","category":"attitude"}],"summary":{"text":"제 성격상 스트레스는 자주 받는 편이라 스트레스를 받으면 사무실이면 바깥으로 나가요. 먼저 바깥에 나가 긴 호흡을 함으로써 정신을 가다듬고, 스트레스로 인한 화를 완화시키기 위해 긴 호흡을 하게 되면 자연스럽게 마음이 평안해집니다.","wordCount":31}}},"rawDataInfo":{"question":{"fileFormat":"wav","fileSize":286478,"duration":8950,"samplingBit":16,"channelCount":1,"samplingRate":"16kHz","audioPath":"/Mock/01.Management/Male/Experienced/ckmk_q_bm_m_e_248381.wav"},"answer":{"fileFormat":"wav","fileSize":2481998,"duration":77560,"samplingBit":16,"channelCount":1,"samplingRate":"16kHz","audioPath":"/Mock/01.Management/Male/Experienced/ckmk_a_bm_m_e_248381.wav"}}}