{"version":"1.0","dataSet":{"info":{"date":"20230116","occupation":"BM","channel":"MOCK","place":"ONLINE","gender":"MALE","ageRange":"35-44","experience":"EXPERIENCED"},"question":{"raw":{"text":"몇 년 전 우버 택시에 대해 논란이 있었던 것을 알고 계실 겁니다 지원자님께서는 찬반 양론에 대해 각각 어떻게 생각하십니까","wordCount":19},"emotion":[],"intent":[]},"answer":{"raw":{"text":"네 우버 택시와 관련해서 저의 의견을 말씀드리겠습니다. 어 일단 우버 택시 어 플랫폼 회사였고 플랫폼 회사로서 이렇게 한때 택시 업계를 마비시켰던 그런 사건이었던 것 같습니다. 네 지금은 이제 그런 것들에 대해서 여러 가지 뭐 찬반 토론도 많이 있을 건데 저는 우버 택시와 같은 플랫폼 회사가 커지는 거에 대해서 굉장히 찬성하는 방면입니다. 물론 그 쫑 업계에 있었던 소상공인이라든지 작은 소규모 사업체들 이런 데들이 굉장히 타격을 받는 걸 알고 있습니다. 근데 이제 앞으로는 그런 것들을 이제 같이 공생해 가는 과정이 되어야 한다고 생각하고 어 이런 플랫폼 회사는 결국은 고객들에게 서비스를 제공하는 부분입니다. 고객들이 편하고 하면은 당연히 그쪽으로 기울 수 밖에 없는 거기 때문에 결국은 사람들이 제일 편하고 어 유용하고 저렴한 가성비 좋은 서비스를 원하기 때문에 그런 부분은 점점 공생해야 할 과제이지 않을까 싶습니다. 이상입니다.","wordCount":122},"emotion":[],"intent":[{"text":"","expression":"","category":"attitude"}],"summary":{"text":"우버 택시와 관련해서는 한때 택시 업계를 마비시켰던 사건 때문에 저는 플랫폼 회사가 커지는 거에 대해서 굉장히 찬성합니다. 플랫폼 회사는 결국은 고객들에게 서비스를 제공하는 부분이기 때문에 점점 공생해 가는 과정이 되어야 한다고 생각합니다.","wordCount":32}}},"rawDataInfo":{"question":{"fileFormat":"wav","fileSize":403278,"duration":12600,"samplingBit":16,"channelCount":1,"samplingRate":"16kHz","audioPath":"/Mock/01.Management/Male/Experienced/ckmk_q_bm_m_e_193998.wav"},"answer":{"fileFormat":"wav","fileSize":2556878,"duration":79900,"samplingBit":16,"channelCount":1,"samplingRate":"16kHz","audioPath":"/Mock/01.Management/Male/Experienced/ckmk_a_bm_m_e_193998.wav"}}}