{"version":"1.0","dataSet":{"info":{"date":"20230116","occupation":"BM","channel":"MOCK","place":"ONLINE","gender":"MALE","ageRange":"35-44","experience":"EXPERIENCED"},"question":{"raw":{"text":"어 포털 사이트가 있죠 네이버나 다음이나 구글 이 세 가지의 차이점을 말씀을 해 주시구요 각 장단점을 함께 설명해 주시면 더욱 좋습니다 답변을 부탁드리겠습니다","wordCount":23},"emotion":[],"intent":[]},"answer":{"raw":{"text":"네 네이버 다음 구글 검색 엔진이 있습니다. 그 세 가지 검색 엔진들의 차이점과 장단점을 제가 느끼는 대로 답변을 드리도록 하겠습니다. 일단 제일 먼저 네이버입니다. 네이버는 우리나라에서 가장 많이 사용하는 검색에 엔진이지 않을까 싶습니다. 어 보기 쉽게 잘 간결하게 잘 있으나 모든 것들이 분류가 되어 있고 또 네이버를 통한 플랫폼 사업이라든지 이런 것들이 정말 많이들 사용하고 우리나라에서 꼭 필수 요건이 될 수 있는 검색 엔진이 될 수 있을 것 같고 다음은 네이버가 생기기 전에 이제 많이 활성화됐던 엔진인데 어 다음은 이제 특징에서는 카페라든지 다음 카페 뭐 다 모임 등 뭐 이런 식으로 해서 그런 것들은 아직까지도 활성화가 잘 되어있는 것 같습니다. 또한 이런 구글 같은 경우에는 음 이 좀 신뢰적인 내용이 원한다 좀 이렇게 전문적인 내용 검색을 하고 싶다 할 때는 이 구글을 활용하게 되면 좀 더 방대하고 신뢰감이 있는 그런 것들을 검증할 수 있기 때문에 어 장단점들이 다 있는 것 같습니다. 예 세 가지를 잘 조율해서 하면은 어 적절하게 잘 사용할 수 있을 것 같습니다. 이상입니다.","wordCount":156},"emotion":[],"intent":[{"text":"","expression":"","category":"attitude"}],"summary":{"text":"네이버, 다음 구글 검색 엔진의 차이점과 장단점을 제가 느끼는대로 답변 드리겠습니다. 먼저 네이버는 우리나라에서 가장 많이 사용하는 검색 엔진이지 않을까 싶습니다. 다음 구글은 전문적 내용 검색을 하고 싶다 할 때, 구글을 활용하면 좀 더 방대하고 신뢰감이 있는 검증이 가능해서 세 가지를 잘 조율하면 적절하게 잘 사용할 수 있을 것 같습니다.","wordCount":50}}},"rawDataInfo":{"question":{"fileFormat":"wav","fileSize":610638,"duration":19080,"samplingBit":16,"channelCount":1,"samplingRate":"16kHz","audioPath":"/Mock/01.Management/Male/Experienced/ckmk_q_bm_m_e_235714.wav"},"answer":{"fileFormat":"wav","fileSize":2663118,"duration":83220,"samplingBit":16,"channelCount":1,"samplingRate":"16kHz","audioPath":"/Mock/01.Management/Male/Experienced/ckmk_a_bm_m_e_235714.wav"}}}