{"version":"1.0","dataSet":{"info":{"date":"20230116","occupation":"BM","channel":"MOCK","place":"ONLINE","gender":"MALE","ageRange":"35-44","experience":"EXPERIENCED"},"question":{"raw":{"text":"본인만의 스트레스 해소 방법이 있다면 그것은 무엇인가요 그렇다면 왜 그런 방법으로 스트레스를 해소하는지 그 이유도 같이 말씀해 주세요","wordCount":18},"emotion":[],"intent":[]},"answer":{"raw":{"text":"네 자기만의 다 스트레스 해소 방법이 있을 겁니다. 일단 저는 개인적으로 저희 스트레스 방법 어떻게 해소하는지에 대해서 답변 드리도록 하겠습니다. 어 일단 저는 좀 땀을 흘리는 운동을 하면서 스트레스 해소하는 거를 좀 선호하고 이어서 뭐 영화 시청이라든지 독서 캠핑 이런 걸 위주로 하면서 음 좀 재미있게 사려고 하고 좀 뜻깊은 하루를 보내려고 노력을 합니다. 그래서 그중에서 운동을 가장 중요시 여기는 이유는 일단 땀을 한 번 쫙 흘려주면은 그 날에 있었던 스트레스나 걱정 미움 뭐 이런 것들 안 좋은 부정적인 요소들이 어 다 잊혀지는 것 같습니다. 어 운동에만 집중할 수 있고 그 부분에 대해서 땀을 흘리고 나면 그 날의 스트레스가 해소가 되는 걸 느껴지고 어 긍정적인 리플레시가 되는 그런 느낌을 받았기 때문에 어 최대한 매일 운동하려고 노력하고 있고 이어서 이제 뭐 또 남는 시간에는 주로 독서나 영화 시청 등을 하면서 하루를 보내고 있습니다. 어 자기만의 스트레스 해소법은 꼭 필요하고 현대 시대에 이런 해소법이 없다면은 스트레스가 점점 쌓여만 가면 건강 도 악화가 되기 때문에 꼭 필요할 것 같습니다. 이상입니다.","wordCount":157},"emotion":[],"intent":[{"text":"","expression":"","category":"attitude"}],"summary":{"text":"개인적으로 스트레스 방법 어떻게 해소하는지에 대해서 답변 드리겠습니다. 일단 저는 운동을 하면서 스트레스 해소를 좀 선호하고 영화 시청이나 독서 캠핑 등을 위주로 하면서 좀 뜻깊은 하루를 보내려고 노력을 합니다. 현대 시대에 자기만의 스트레스 해소법은 꼭 필요하고 스트레스는 점점 쌓여만 가면 건강 도 악화가 되기 때문에 꼭 필요할 것 같습니다.","wordCount":49}}},"rawDataInfo":{"question":{"fileFormat":"wav","fileSize":361358,"duration":11290,"samplingBit":16,"channelCount":1,"samplingRate":"16kHz","audioPath":"/Mock/01.Management/Male/Experienced/ckmk_q_bm_m_e_216838.wav"},"answer":{"fileFormat":"wav","fileSize":2708878,"duration":84650,"samplingBit":16,"channelCount":1,"samplingRate":"16kHz","audioPath":"/Mock/01.Management/Male/Experienced/ckmk_a_bm_m_e_216838.wav"}}}