{"version":"1.0","dataSet":{"info":{"date":"20230116","occupation":"BM","channel":"MOCK","place":"ONLINE","gender":"MALE","ageRange":"35-44","experience":"EXPERIENCED"},"question":{"raw":{"text":"아 인생을 살면서 무엇인가 하나에 푹 빠져서 몰두해 본 경험이 있으신지요 그러한 경험이 있다면 그것이 어떤 것일지 무척 궁금하네요","wordCount":19},"emotion":[],"intent":[]},"answer":{"raw":{"text":"네 인생을 살면서 무언가 하나에 푹 빠져서 몰두해 본 경험에 대해서 말씀드리겠습니다. 어 학생 시절부터 가면은 뭐 많은 일들이 있었겠지만 최근 일로 한 번 답변 드려보겠습니다. 어 일단 최근에 테니스 라는 운동을 시작을 했는데 어 이제 내 돈 내 돈 내 산이라고 하지 않습니까. 내 돈을 내고 레슨도 받으면서 정말 많은 시간을 할애하면서 이 테니스 실력을 키우기 위해서 진짜 푹 빠져서 몰두하고 있는 것 같습니다. 그런 부분에서 봤을 때 사람이 푹 빠지고 몰두한다는 것은 본인이 재미있고 이 일을 했을 때 행복감이 느껴질 때 그게 가능하다고 생각합니다. 그렇기 때문에 제가 이거에 푹 빠졌다는 것은 지금 테니스를 사랑하고 있고 굉장히 만족해 하고 있다는 것을 알 수 있었기 때문에 그런 부분에 대해서 자기가 분명히 몰두한다는 거에서는 집중할 수 있는 그런 에너지가 나올 것이고 있기 때문에 그런 데서 또 긍정 에너지가 나올 수가 있습니다. 그래서 지금 최근에는 이런 테니스라는 운동을 배우면서 굉장히 삶의 질이 올라가는 것을 느낄 수 있었고 그런 부분에서 최근에는 테니스 라는 운동에서 푹 빠져서 몰두하고 있는 것 같습니다. 이상입니다.","wordCount":158},"emotion":[{"text":"그렇기 때문에 제가 이거에 푹 빠졌다는 것은 지금 테니스를 사랑하고 있고 굉장히 만족해 하고 있다는 것을 알 수 있었기 때문에 그런 부분에 대해서 자기가 분명히 몰두한다는 거에서는 집중할 수 있는 그런 에너지가 나올 것이고 있기 때문에 그런 데서 또 긍정 에너지가 나올 수가 있습니다.","expression":"p-happiness","category":"positive"}],"intent":[{"text":"","expression":"","category":"attitude"}],"summary":{"text":"최근 테니스 라는 운동을 시작했는데, 레슨도 받으면서 테니스 실력을 키우기 위해서 몰두하는 것 같습니다. 사람이 몰두한다는 것은 본인이 재미있고 이 일을 했을 때 행복감이 느껴질 때 가능하다고 생각합니다. 지금 테니스를 사랑하고 만족해 하고 있다는 것을 알 수 있었기 때문에 몰입할 수 있는 에너지가 나올 수 있고, 삶의 질이 올라가는 것을 느낄 수 있었습니다.","wordCount":53}}},"rawDataInfo":{"question":{"fileFormat":"wav","fileSize":379598,"duration":11860,"samplingBit":16,"channelCount":1,"samplingRate":"16kHz","audioPath":"/Mock/01.Management/Male/Experienced/ckmk_q_bm_m_e_226372.wav"},"answer":{"fileFormat":"wav","fileSize":2654158,"duration":82940,"samplingBit":16,"channelCount":1,"samplingRate":"16kHz","audioPath":"/Mock/01.Management/Male/Experienced/ckmk_a_bm_m_e_226372.wav"}}}