{"version":"1.0","dataSet":{"info":{"date":"20230116","occupation":"BM","channel":"MOCK","place":"ONLINE","gender":"MALE","ageRange":"45-54","experience":"EXPERIENCED"},"question":{"raw":{"text":"본인이 교번 근무를 잘 적응할 수 있다고 생각 하십니까 말씀해 주세요","wordCount":11},"emotion":[],"intent":[]},"answer":{"raw":{"text":"네 저는 교번 근무 경험이 있습니다. 뭐 열 두 시간 맞교대는 심적으로도 힘들고 육체적으로도 힘들겠지만 개인적으로 삼교대 같은 경우에는 오히려 어 저는 장점이 많다 라고 생각을 합니다. 물론 교번 근무를 하게 되면 휴일이나 공휴일에도 일을 해야 되는 경우가 있지만 저는 오히려 평일이나 이럴 때 쉴 수 있는 것이 더 장점이라고 생각을 합니다. 어 특히 삼교대 같은 경우는 근무시간은 동일 하면서도 제가 저 스스로에게 쓸 수 있는 시간이 더 많아지는 것이기 때문에 저는 어 교번 근무를 오히려 더 선호하는 편입니다. 교번 근무를 하게 되면 평일에 쉴 수 있기 때문에 어 좀 남들보다 저 개인 시간을 더 많이 가질 수 있고 어 평일 낮이라든지 사람이 붐비지 않을 때 제 개인적으로 취미 활동이나 이런 것을 할기 할 수 있기 때문에 저는 오히려 교번 근무를 더 선호하는 편입니다. 어 나름 삼교대 근무를 제일 선호하고 이교대 근무는 아무래도 좀 힘들지 않을까 하는 생각이 있습니다.","wordCount":139},"emotion":[],"intent":[{"text":"","expression":"","category":"attitude"}],"summary":{"text":"삼교대는 심적, 육체적으로 힘들겠지만 개인적으로 교번 근무가 장점이 많습니다. 평일에 쉴 수 있기 때문에 남들보다 저 개인 시간을 더 많이 가질 수 있고, 평일 낮에 취미 활동이나 이런 것을 할 수 있기 때문입니다.","wordCount":33}}},"rawDataInfo":{"question":{"fileFormat":"wav","fileSize":601038,"duration":18780,"samplingBit":16,"channelCount":1,"samplingRate":"16kHz","audioPath":"/Mock/01.Management/Male/Experienced/ckmk_q_bm_m_e_100885.wav"},"answer":{"fileFormat":"wav","fileSize":2443918,"duration":76370,"samplingBit":16,"channelCount":1,"samplingRate":"16kHz","audioPath":"/Mock/01.Management/Male/Experienced/ckmk_a_bm_m_e_100885.wav"}}}