{"version":"1.0","dataSet":{"info":{"date":"20230116","occupation":"BM","channel":"MOCK","place":"ONLINE","gender":"MALE","ageRange":"55-","experience":"EXPERIENCED"},"question":{"raw":{"text":"지원자님께서는 본인 스스로 숫자와 창의 중에서 어떤 것에 더 가깝다고 생각을 하십니까 그 이유도 함께 말씀해 주세요","wordCount":17},"emotion":[],"intent":[]},"answer":{"raw":{"text":"지원자님께서는 본인 스스로 숫자와 창의 중 어떤 것에 더 가깝다고 생각하십니까 이유도 말씀해 주세요 아 예 저는 어 숫자에 아 더욱더 이렇게 가까운 것 같습니다. 제가 공대 화학을 아 이렇게 전공을 했기 때문에 아 숫자 계산이 좀 더 빠르고 숫자에 더 가깝지 않나 그런 생각을 많이 합니다. 하지만은 창의 또한 제가 지치질 않습니다. 왜냐하면 좋은 아이템과 좋은 거래처 어 좋은 사람들을 창의적으로 만들어가고 또한 발굴해 놓는 일에 여태까지 힘을 썼기 때문이라고 생각합니다. 아 주어진 맡겨진 일에 제가 최선을 다할 수 있는 것은 아 귀사에 그러한 맡겨진 일에 아 좀 적합하다고 생각할 수 있습니다. 숫자적이라고 보면은 아 제가 여태까지 했던 일 자체가 그러한 개발하고 또한 생산하고 또한 거래처를 발굴하고 그러한 일들을 이렇게 만들어낼 결과를 만들어내는 그러한 일이 있었고 창의적이라고 얘기하면은 아 많은 아 좋은 일들을 좋은 아이템들을 만들어 갔던 그런 경험들이 많이 있습니다. 무에서 유를 창조했던 아 창의했던 아 그런 것도 상당히 많이 있다고 생각합니다. 아 귀사하고 좋은 접촉점이 많을 것이라고 생각하기에 아 도움이 될 것 같습니다.","wordCount":156},"emotion":[],"intent":[{"text":"","expression":"","category":"attitude"}],"summary":{"text":"숫자적으로는 지금까지 했던 일 자체가 개발, 생산, 거래처 발굴 그리고 좋은 일들을 만들어 했던 경험들이 많이 있습니다. 창의적으로는 무에서 유를 창조했던 것들이 많이 있다고 생각합니다. 귀사하고 좋은 접촉점이 많을 것이라고 생각합니다.","wordCount":31}}},"rawDataInfo":{"question":{"fileFormat":"wav","fileSize":465998,"duration":14560,"samplingBit":16,"channelCount":1,"samplingRate":"16kHz","audioPath":"/Mock/01.Management/Male/Experienced/ckmk_q_bm_m_e_160201.wav"},"answer":{"fileFormat":"wav","fileSize":2911438,"duration":90980,"samplingBit":16,"channelCount":1,"samplingRate":"16kHz","audioPath":"/Mock/01.Management/Male/Experienced/ckmk_a_bm_m_e_160201.wav"}}}