{"version":"1.0","dataSet":{"info":{"date":"20230116","occupation":"BM","channel":"MOCK","place":"ONLINE","gender":"MALE","ageRange":"35-44","experience":"EXPERIENCED"},"question":{"raw":{"text":"회사에 입사하여 선배를 만나게 되었을 때 지원자님께서는 어떤 모습의 선배를 만나고 싶으신가요 그 이유도 함께 말씀해 주세요","wordCount":17},"emotion":[],"intent":[]},"answer":{"raw":{"text":"어 회사에 입사 후에 이제 선배 후배를 어떤 인원을 만나는가도 엄청 중요할 것 같습니다. 왜 그러냐면 말이 선배이고 말이 후배이지만 같은 직장 동료로서 어떻게 보면 같은 전우가 될 것 같습니다. 힘든 일이 있고 좋은 일이 있고 슬픈 일이 있을 때 같이 했을 때 정말 기분 좋은 사람 그런 사람이었으면 좋을 것 같습니다. 슬픈 일도 같이 상의할 수 있는 선배 또는 어 힘든 일이거나 좋은 일이 생겼을 때 제일 먼저 알리고 싶은 선배 이렇게 서로 의지할 수 있는 어 후배이지만 또 선배를 또 의지할 수 있게 해줄 수 충분히 있다고 생각합니다. 서로 그런 의지하는 관계가 제일 협업이나 업무적이나 개인 감정이나 여러 가지 부분에서 제일 효율적일 것 같습니다. 그래서 꼭 이런 모습에 선배를 만나서 어 내 얘기를 잘 들어주고 나도 또 선배보다 나이가 많을 수도 있고 여러 가지로 아는 부분이 또 다를 수도 있기 때문에 서로 공유하는 입장에 그러한 선배를 만나고 싶습니다. 이상입니다.","wordCount":141},"emotion":[],"intent":[{"text":"","expression":"","category":"attitude"}],"summary":{"text":"회사 입사 후 같은 직장 동료로서 같은 전우가 될 수 있는 선배 후배를 어떤 인원을 만나는가는 굉장히 중요할 것 같습니다. 서로 의지하는 관계가 제일 협업이나 업무적이나 개인 감정이나 여러 가지 부분에서 가장 효율적일 것 같으며, 꼭 그런 모습에 선배를 만나서 제 얘기를 잘 들어주고 싶습니다. 이상입니다.","wordCount":46}}},"rawDataInfo":{"question":{"fileFormat":"wav","fileSize":442318,"duration":13820,"samplingBit":16,"channelCount":1,"samplingRate":"16kHz","audioPath":"/Mock/01.Management/Male/Experienced/ckmk_q_bm_m_e_138917.wav"},"answer":{"fileFormat":"wav","fileSize":2630478,"duration":82200,"samplingBit":16,"channelCount":1,"samplingRate":"16kHz","audioPath":"/Mock/01.Management/Male/Experienced/ckmk_a_bm_m_e_138917.wav"}}}