{"version":"1.0","dataSet":{"info":{"date":"20230116","occupation":"BM","channel":"MOCK","place":"ONLINE","gender":"MALE","ageRange":"35-44","experience":"EXPERIENCED"},"question":{"raw":{"text":"일을 하시다 보면 상사와 트러블이 생길 수가 있는데요 이런 상황에서는 어떻게 행동을 하시겠는지요 또 상사가 혼을 낸다면 혹시 기분이 나쁘시지는 않을까요 어 본인의 생각을 듣고 싶네요","wordCount":26},"emotion":[],"intent":[]},"answer":{"raw":{"text":"어떤 상사를 만나던 개인적인 성향이 너무 다르기 때문에 트러블은 발생할 수 밖에 없습니다. 과연 이 트러블을 쉽게 넘기고 해결할 날라고 하는 건지 아니면 이것은 절대 해결할 수 없는 것인지를 먼저 파악해야 됩니다. 예를 들어 상사가 너무 고집스럽고 완전히 잘못된 방법으로 이거를 고수한다면 누가 봐도 이 프로젝트나 이 일은 망칠 수 밖에 없지만 어쨌건 직장 상사가 저의 윗사람이고 저보다 계급이 높기 때문에 일단은 먼저 대화와 타협을 하려고 할 것입니다. 그런데 이 상사는 비도덕적이고 모럴 해저드가 없어서 도덕적인 해이로 인해서 자기가 하고 싶은 대로 하고 자기의 이익이 대변되는 곳을 움직이겠다 그래서 도저히 회사에 도움이 안 되겠다 싶으면 그 직장 상사의 상사 또는 윤리위원회 대표 대표 이사 또는 그룹 정책본부에 이러한 내용들을 전부 다 보고하고 처빌점을 찾을 것입니다. 직장 상사가 틀린 일을 하고 그런 일을 했다고 해서 그것을 무조건 받아들이면 결국은 처음에는 제가 직장 상사한테 인정을 받을지 모르겠지만 나중에 문제가 생겼을 때 같이 뒤집어 써서 같은 공범이 될 수도 있습니다. 최근의 우리은행에 몇 백 억을 횡령한 사람 역시 그의 직장 상사와 몇 십 년 동안 짜고 친 것으로 알고 있습니다. 이런 부분들은 반드시 누군가의 위선에 알려야 되는 일들입니다.","wordCount":175},"emotion":[],"intent":[{"text":"예를 들어 상사가 너무 고집스럽고 완전히 잘못된 방법으로 이거를 고수한다면 누가   봐도 이 프로젝트나 이 일은 망칠 수 밖에 없지만 어쨌건 직장 상사가 저의 윗사람이고   저보다 계급이 높기 때문에 일단은 먼저 대화와 타협을 하려고 할 것입니다.","expression":"c_confl_mg","category":"personality"}],"summary":{"text":"어떤 상사를 만나던 개인적인 성향이 너무 다르기 때문에 트러블은 발생할 수 밖에 없습니다. 상사가 비도덕적이고 모럴 해저드가 없어서 회사 도움이 안 된다 싶으면 그 직장 상사의 상사 또는 윤리위원회 대표 대표 이사 또는 그룹 정책본부에 이러한 내용들을 전부 보고하고 처빌점을 찾을 것입니다. 이런 부분들은 반드시 누군가의 위선에 알려야 되는 일입니다.","wordCount":50}}},"rawDataInfo":{"question":{"fileFormat":"wav","fileSize":580558,"duration":18140,"samplingBit":16,"channelCount":1,"samplingRate":"16kHz","audioPath":"/Mock/01.Management/Male/Experienced/ckmk_q_bm_m_e_160219.wav"},"answer":{"fileFormat":"wav","fileSize":2710478,"duration":84700,"samplingBit":16,"channelCount":1,"samplingRate":"16kHz","audioPath":"/Mock/01.Management/Male/Experienced/ckmk_a_bm_m_e_160219.wav"}}}