{"version":"1.0","dataSet":{"info":{"date":"20230116","occupation":"BM","channel":"MOCK","place":"ONLINE","gender":"MALE","ageRange":"55-","experience":"EXPERIENCED"},"question":{"raw":{"text":"대학에서 배운 지원자님의 전공 과목 중 가장 기억에 남는 과목을 한 가지만 골라 말씀해 주세요 어떤 것이 가장 기억에 남을까요","wordCount":20},"emotion":[],"intent":[]},"answer":{"raw":{"text":"대학에서 배운 지원자님의 전공 과목 중 가장 기억에 남는 과목을 한 가지만 골라 말씀해 주세요 아 예 아 제가 대학 다닐 때 화학을 전공을 했습니다. 거기에서 뭔가를 새로운 제품을 만들어낼 내는 어 유기 화학 분야 고분자에 대해서 관심이 많았었습니다. 아 졸업하고 나서 가장 관련이 많았던 것이 또한 유기 화학 분야고 고분자 종합에 관한 그러한 분야였던 것 같습니다. 새로운 제품을 만들어내고 그 제품을 분석하고 또한 그 제품의 특성에서 차별화를 두는 것 그것이 어떻게 보면 신성장 동력의 중요한 부분이었다고 생각합니다. 지금도 마찬가지입니다. 경영을 하지만은 기술적인 부분이 더욱더 중요하다고 생각을 합니다. 무엇보다도 제가 기술적인 분야 생산적인 분야 그런 프로세스 커스터머 분야까지 다 알아야만이 경영에 도움을 주고 직원들을 교육하는 데 있어서 뒤쳐지지 않는다고 생각합니다. 그런 면에서 더욱더 기술적이고 또한 전문적인 분야가 저한테는 중요하고 회사에서도 큰 도움이 될 것이라고 생각을 하고 있습니다.","wordCount":127},"emotion":[],"intent":[{"text":"대학에서 배운 지원자님의 전공 과목 중 가장 기억에 남는 과목을 한 가지만 골라 말씀해 주세요   아 예 아 제가 대학 다닐 때 화학을 전공을 했습니다.","expression":"c_private","category":"background"}],"summary":{"text":"제가 대학에서 화학을 전공하고 졸업 후 유기 화학 분야 고분자 종합에 관심이 많았습니다. 새로운 제품을 만들어내고 분석하며 차별화를 두는 것이 신성장 동력의 중요한 부분이었다고 생각합니다. 경영 뿐만 아니라 기술적인 부분이 더 중요하다고 생각합니다.","wordCount":33}}},"rawDataInfo":{"question":{"fileFormat":"wav","fileSize":502798,"duration":15710,"samplingBit":16,"channelCount":1,"samplingRate":"16kHz","audioPath":"/Mock/01.Management/Male/Experienced/ckmk_q_bm_m_e_159946.wav"},"answer":{"fileFormat":"wav","fileSize":2772558,"duration":86640,"samplingBit":16,"channelCount":1,"samplingRate":"16kHz","audioPath":"/Mock/01.Management/Male/Experienced/ckmk_a_bm_m_e_159946.wav"}}}