{"version":"1.0","dataSet":{"info":{"date":"20230116","occupation":"BM","channel":"MOCK","place":"ONLINE","gender":"MALE","ageRange":"35-44","experience":"EXPERIENCED"},"question":{"raw":{"text":"지원자분께서는 본인이 교번근무에 잘 적응할 수 있다고 생각하십니까 그렇게 생각하시는 근거와 함께 말씀해 주시기 바랍니다","wordCount":15},"emotion":[],"intent":[]},"answer":{"raw":{"text":"예 제가 만약에 교번 근무 교대 근무를 잘 적응할 수 있을까 라는 생각을 해봤는데 어 그 부분에 대해서 답변 드리도록 하겠습니다. 일단 결론은 매우 잘 적응할 수 있다 입니다. 그 이유는 교번 근무를 안 해봤으면 또 적응 기간이 필요할 수 있을 건데 이런 교번 근무 삼 교대도 해 봤고 사 교대 근무도 진행을 해 봤습니다. 그래서 어 어떤 게 장점이 있고 또 어떻게 해야 이걸 장점으로 살릴 수 있는지도 알고 있습니다. 물론 이제 야간과 낮 시간이 바뀌면서 쪼금은 이 생체 리듬이나 바이오리듬 같은 부분에 있어서 처음에는 좀 힘들 겁니다. 이런 걸 적응하는 기간이 필요한데 그걸 적응을 하게 되면은 오히려 낮 시간에 또 쉬는 날에 평일에 쉬는 날이 있고 한 번 볼 일 볼 시간도 여유도 생기고 할 수 있기 때문에 그런 부분에 있어서는 또 오히려 적응하면 그것이 기회가 될 수 있다고 생각합니다. 그래서 교번 근무를 하는 데 있어서 어 전혀 부담감 없고 잘 맞춰서 그 어 생산이나 뭐 이런 데서 부질 없도록 차질 없도록 진행할 수 있을 것 같습니다. 이상입니다.","wordCount":160},"emotion":[],"intent":[{"text":"","expression":"","category":"attitude"}],"summary":{"text":"교번 근무 교대 근무는 생체 리듬이나 바이오리듬에 적응하는 기간이 필요한데, 적응을 하게 되면 오히려 낮 시간에 또 쉬는 날에 평일에 쉬는 날이 있고 한 번 볼 일 볼 시간도 여유도 생기고 할 수 있기 때문에 오히려 교번 근무를 하는 데 있어서 부담감이 없고 잘 맞춰서 진행할 수 있을 것 같습니다.","wordCount":50}}},"rawDataInfo":{"question":{"fileFormat":"wav","fileSize":417358,"duration":13040,"samplingBit":16,"channelCount":1,"samplingRate":"16kHz","audioPath":"/Mock/01.Management/Male/Experienced/ckmk_q_bm_m_e_236648.wav"},"answer":{"fileFormat":"wav","fileSize":2437838,"duration":76180,"samplingBit":16,"channelCount":1,"samplingRate":"16kHz","audioPath":"/Mock/01.Management/Male/Experienced/ckmk_a_bm_m_e_236648.wav"}}}