{"version":"1.0","dataSet":{"info":{"date":"20230116","occupation":"BM","channel":"MOCK","place":"ONLINE","gender":"MALE","ageRange":"35-44","experience":"EXPERIENCED"},"question":{"raw":{"text":"네 몇 년 전에 우버 택시와 관련해서 논란이 있었던 것을 알고 계실 겁니다 어 지원자님께서는 그 우버 택시에 관련한 찬반 양론에 대해서 각각 어떻게 생각하시는지 생각을 말씀해 주시기 바랍니다","wordCount":29},"emotion":[],"intent":[]},"answer":{"raw":{"text":"저는 우버 택시에 대해서 강력한 찬성론자입니다. 왜냐하면 교통 특히나 야간에 택시를 타야 될 수 밖에 없는 상황에 있는 시민들에 발을 묶게 만드는 것이 바로 택시 기사들 또는 택시 조합의 문제입니다. 자신들이 할증 또는 장거리를 운행함으로써 많은 돈을 벌기 위해 강남역이나 신촌역 이런 번화가에 밤 열 시 열 한 시 정도가 되면 택시가 서지를 않고 콜을 아예 접수를 하지 않습니다. 그래서 나온 것들이 타다와 카카오 택시인데 이 카카오 택시와 타다 같은 것들이 운송법에 위반된다고 택시 조합이나 법인 택시 회사에서 강력하게 반대를 하고 결국은 자기들에 밥그릇 싸움을 하고 있습니다. 그래서 우버 택시 같은 공유 택시를 만든 것인데 이 공유택시가 들어오면 자기들에 꼼수 또는 밥그릇 싸움에서 불리해지기 때문에 지속적으로 반대를 하고 있는 것입니다. 어느 뉴스에서 밤 열한 시 삼십 분이 넘어가니 택스 택시가 승강장 앞에서 운행을 하지 않고 전부 다 대기를 하고 있습니다. 그 이유는 열 두 시가 넘어가는 할증 업무가 되면 본인들이 현재 받고 있는 기 기사의 요금보다 약 이십 퍼센트에서 이십 오 퍼센트에 더 많은 돈을 받기 때문에 그렇게 삼십 분 정도 시민에 발을 묶고 시민에 불편함을 자신들에 이익을 통해서 전부 다 감수하라고 하는 양심 없는 행동들입니다.","wordCount":176},"emotion":[],"intent":[{"text":"","expression":"","category":"attitude"}],"summary":{"text":"택시 기사들이 할증이나 장거리 운행으로 많은 돈을 벌기 위해 택시가 서지 않고 콜을 접수하지 않아 운송법에 위반된다고 택시 조합이나 법인 택시 회사에서 강력하게 반대를 하고 결국은 자신들에 밥그릇 싸움을 하고 있습니다. 그래서 우버 택시 같은 공유 택시를 만든 것인데 이 공유택시가 들어오면 자신들에 꼼수 또는 밥그릇 싸움에서 불리해지기 때문에 지속적으로 반대를 하고 있는 것입니다.","wordCount":54}}},"rawDataInfo":{"question":{"fileFormat":"wav","fileSize":584078,"duration":18250,"samplingBit":16,"channelCount":1,"samplingRate":"16kHz","audioPath":"/Mock/01.Management/Male/Experienced/ckmk_q_bm_m_e_197397.wav"},"answer":{"fileFormat":"wav","fileSize":2866638,"duration":89580,"samplingBit":16,"channelCount":1,"samplingRate":"16kHz","audioPath":"/Mock/01.Management/Male/Experienced/ckmk_a_bm_m_e_197397.wav"}}}