{"version":"1.0","dataSet":{"info":{"date":"20230116","occupation":"BM","channel":"MOCK","place":"ONLINE","gender":"MALE","ageRange":"35-44","experience":"EXPERIENCED"},"question":{"raw":{"text":"지원자님께서 지금까지 살면서 이룬 성과 중에 가장 큰 성과는 무엇이라고 생각하십니까 어떠한 것이든 상관없이 자랑을 한 번 해 주시기 바랍니다","wordCount":20},"emotion":[],"intent":[]},"answer":{"raw":{"text":"어려운 가정 형편에 어려서 부터 학원을 한 번도 다니지 못한 저는 서른 살에 비로서야 영어 회화를 해야겠다 라는 결심을 했습니다. 그때 당시 역시 돈이 없었지만 영어 회화책을 삼 개월 동안 외우면서 외운 내용을 기반으로 영어 동아리 카페에서 영어 네이티브 스피커들과 조심스럽게 대화를 시작했습니다. 물론 그때는 네이티브 스피커들이 제 대화를 알아듣지도 못했고 저 역시 그들이 하는 말을 알아듣지 못했습니다. 하지만 그렇게 지속적으로 공부를 하고 육 개월 일 년이 지난 시점에 외국인들이 제 이야기를 알아 들으면서 깊은 대화를 하기 시작했습니다. 그렇게 일 년에서 오 년 동안 네이버 영어 까페에서 영어 동아리 리더를 맡으면서 제가 토의도 조 준비하고 회화도 준비하고 영어 통번역도 이수를 하면서 어느 순간 이제는 영어에 자신감이 붙었고 영어 컨퍼런스 영어 회의 영어 포럼 또는 영어 매뉴얼 및 통 번역을 담당하고 있습니다. 전 회사에서도 영어 통 번역은 제가 다 했으며 영어 문서 또한 만들고 가끔 어려운 고학생들에게 영어 문법 및 회화 강의도 하고 있습니다. 또한 직장인 영어에 대해서 울렁증이 있는 사람들에게 영어 컨설팅을 통해서 어떻게 하면 영어 점수를 또는 영어 실력을 늘리는 것에 대한 조언도 많이 하고 있습니다.","wordCount":167},"emotion":[{"text":"전 회사에서도 영어 통 번역은 제가 다   했으며 영어 문서 또한 만들고 가끔 어려운 고학생들에게 영어 문법 및   회화 강의도 하고 있습니다.","expression":"u-fact","category":"neutral"}],"intent":[{"text":"","expression":"","category":"attitude"}],"summary":{"text":"저는 서른 살에 영어 회화를 해야겠다는 결심을 하고 영어 동아리 카페의 네이티브 스피커들과 대화를 시작했습니다. 꾸준히 공부를 하고 일년에서 일년 동안 네이버 영어 까페에서 영어 동아리 리더를 맡으면서 영어에 자신감이 붙었고 영어 컨퍼런스 영어 회의 영어 포럼 또는 영어 매뉴얼 및 통 번역을 담당하고 있습니다.","wordCount":45}}},"rawDataInfo":{"question":{"fileFormat":"wav","fileSize":496718,"duration":15520,"samplingBit":16,"channelCount":1,"samplingRate":"16kHz","audioPath":"/Mock/01.Management/Male/Experienced/ckmk_q_bm_m_e_178612.wav"},"answer":{"fileFormat":"wav","fileSize":2840398,"duration":88760,"samplingBit":16,"channelCount":1,"samplingRate":"16kHz","audioPath":"/Mock/01.Management/Male/Experienced/ckmk_a_bm_m_e_178612.wav"}}}