{"version":"1.0","dataSet":{"info":{"date":"20230116","occupation":"BM","channel":"MOCK","place":"ONLINE","gender":"MALE","ageRange":"45-54","experience":"EXPERIENCED"},"question":{"raw":{"text":"면접자님이 배달의민족을 사용하시면서 서비스에서 아쉬웠던 부분이 있으셨을까요 만약 있으셨다면 무엇이 아쉬웠는지 말씀 부탁드립니다","wordCount":13},"emotion":[],"intent":[]},"answer":{"raw":{"text":"어 저는 서비스 서비스요 저는 이게 점점 아 배달료가 오르는 거를 느낄 때 그까 볼 때 바로 그냥 제가 그거를 겪고 있고 그럼에도 불구하고 배달을 끊지 못할 때 그냥 이 배달의 민족이라는 앱 자체가 너무 이전에도 썼지만 이 바이러스 시기를 겪으면서 급속도로 더 없으면 안 될 어떤 앱이 되었을 때. 네 아쉬운 게 아니라 그냥 좀 화가 났어요. 네 우선 이들은 이 시기에 이렇게 네 배달과 포장업 비대면을 이렇게 할 수 있는 이것 자체로 대박이 나고 있고 그리고 이들이 커질수록 자영업자분들은 더 힘들어지고 있고 여기 입점하지 못하면 또 너무 뭔가 도태되는 것 같은 그런 분위기들 이런 것들이 복합적으로 보이면서 조금 화가 났던 거 같애요. 네","wordCount":105},"emotion":[{"text":"네 아쉬운 게 아니라 그냥 좀 화가 났어요.","expression":"n-anger","category":"negative"},{"text":"네   우선 이들은 이 시기에 이렇게 네 배달과 포장업 비대면을 이렇게 할 수 있는 이것 자체로   대박이 나고 있고 그리고 이들이 커질수록 자영업자분들은   더 힘들어지고 있고 여기 입점하지 못하면 또 너무 뭔가 도태되는 것 같은 그런 분위기들   이런 것들이 복합적으로 보이면서 조금 화가 났던 거 같애요.","expression":"n-anger","category":"negative"}],"intent":[{"text":"","expression":"","category":"attitude"}],"summary":{"text":"배달의 민족이라는 앱이 바이러스 시기를 겪으면서 배달과 포장업 비대면을 할 수 있는 것 자체가 대박이 나고 자영업자분들은 더 힘들어지고, 여기 입점하지 못하면 또 도태되는 것 같은 분위기들이 복합적으로 보이면서 화가 났던 거 같습니다.","wordCount":33}}},"rawDataInfo":{"question":{"fileFormat":"wav","fileSize":543758,"duration":16990,"samplingBit":16,"channelCount":1,"samplingRate":"16kHz","audioPath":"/Mock/01.Management/Male/Experienced/ckmk_q_bm_m_e_178114.wav"},"answer":{"fileFormat":"wav","fileSize":2867918,"duration":89620,"samplingBit":16,"channelCount":1,"samplingRate":"16kHz","audioPath":"/Mock/01.Management/Male/Experienced/ckmk_a_bm_m_e_178114.wav"}}}