{"version":"1.0","dataSet":{"info":{"date":"20230116","occupation":"BM","channel":"MOCK","place":"ONLINE","gender":"MALE","ageRange":"-34","experience":"EXPERIENCED"},"question":{"raw":{"text":"지원자님만이 가진 차별성과 장점을 어필한다면 각각 어떤 것이 있나요","wordCount":9},"emotion":[],"intent":[]},"answer":{"raw":{"text":"제가 가진 차별성은 다양한 경험을 해 봤다는 것입니다. 저는 이 회사에 입사하기 전에도 네 군데 정도의 회사에서 일을 했었습니다. 그 회사에서 여러 경험을 해봤기 때문에 신입 직원들보다는 조금 더 차별성을 가지고 있다고 생각합니다. 특히 이 전 직장에서는 기업의 씨이오 역할까지도 했었는데요. 씨이오 역할을 하면서 그 회사가 어떻게 경영이 되는지 그리고 어떻게 해야 성장을 하는지 이런 부분들을 총괄적으로 관리를 했었습니다. 이런 일련의 과정들을 모두 아는 사람이기 때문에 이 회사에서 일을 한다면 수익을 창출하는데 조금 더 도움이 되는 인재가 될 것이라고 생각합니다.","wordCount":80},"emotion":[{"text":"저는 이 회사에 입사하기 전에도 네 군데 정도의 회사에서 일을 했었습니다.","expression":"u-fact","category":"neutral"},{"text":"특히 이 전 직장에서는 기업의 씨이오 역할까지도 했었는데요.","expression":"u-fact","category":"neutral"},{"text":"씨이오 역할을 하면서 그 회사가 어떻게 경영이 되는지 그리고 어떻게 해야 성장을 하는지 이런 부분들을 총괄적으로 관리를 했었습니다.","expression":"u-fact","category":"neutral"}],"intent":[{"text":"이런 일련의 과정들을 모두 아는 사람이기 때문에 이 회사에서 일을 한다면 수익을 창출하는데 조금 더 도움이 되는 인재가 될 것이라고 생각합니다.","expression":"c_sincere_co","category":"etc"}],"summary":{"text":"저는 이 회사에 입사하기 전에도 네 군데 정도의 회사에서 일을 했습니다. 그 회사에서 여러 경험을 해봤기 때문에 신입 직원들보다는 조금 더 차별성을 가지고 있고 수익을 창출하는데 조금 더 도움이 되는 인재가 될 것입니다.","wordCount":33}}},"rawDataInfo":{"question":{"fileFormat":"wav","fileSize":320398,"duration":10010,"samplingBit":16,"channelCount":1,"samplingRate":"16kHz","audioPath":"/Mock/01.Management/Male/Experienced/ckmk_q_bm_m_e_231967.wav"},"answer":{"fileFormat":"wav","fileSize":2188878,"duration":68400,"samplingBit":16,"channelCount":1,"samplingRate":"16kHz","audioPath":"/Mock/01.Management/Male/Experienced/ckmk_a_bm_m_e_231967.wav"}}}