{"version":"1.0","dataSet":{"info":{"date":"20230116","occupation":"BM","channel":"MOCK","place":"ONLINE","gender":"MALE","ageRange":"-34","experience":"EXPERIENCED"},"question":{"raw":{"text":"살면서 다양한 커뮤니케이션을 경험해 보셨을 텐데요 그중에서 지원자님이 느꼈던 혹은 경험했던 가장 어려웠던 커뮤니케이션에 대해서 말씀해 주실 수 있을까요","wordCount":19},"emotion":[],"intent":[]},"answer":{"raw":{"text":"제가 다양한 사람들과 다양하게 커뮤니케이션을 했던 경험이 있지만 그중에서 제일 힘들었던 경험은 중국 사람을 만났을 때 였던 것 같습니다. 그분이 영어를 제대로 사용하지 못하시는 분이라서 번역기를 통해서 계속 대화를 이어 나갔던 게 기억이 납니다. 어 그래서 이때 느꼈던 건 다양한 사람을 만나는 것도 중요하지만 이제 글로벌 시대에 앞서서 어학 능력을 좀 더 키워야 되겠다 라는 생각을 하게 됐습니다. 그 결과 저는 현재 영어 그리고 일본어를 같이 공부를 하고 있고 일상적인 대화를 가능할 정도로 공부를 했기 때문에 언어 능력에서 뛰어난 자신감을 보이고 있습니다.","wordCount":82},"emotion":[],"intent":[{"text":"","expression":"","category":"attitude"}],"summary":{"text":"글로벌 시대에 앞서 어학 능력을 키워야 겠다는 생각을 하게 됐습니다. 그 결과 현재 영어, 일본어를 같이 공부하고 있고 일상 대화를 할 수 있을 정도로 공부를 해서 언어 능력에서 뛰어난 자신감을 보이고 있습니다.","wordCount":32}}},"rawDataInfo":{"question":{"fileFormat":"wav","fileSize":606158,"duration":18940,"samplingBit":16,"channelCount":1,"samplingRate":"16kHz","audioPath":"/Mock/01.Management/Male/Experienced/ckmk_q_bm_m_e_199623.wav"},"answer":{"fileFormat":"wav","fileSize":2117198,"duration":66160,"samplingBit":16,"channelCount":1,"samplingRate":"16kHz","audioPath":"/Mock/01.Management/Male/Experienced/ckmk_a_bm_m_e_199623.wav"}}}