{"version":"1.0","dataSet":{"info":{"date":"20230116","occupation":"BM","channel":"MOCK","place":"ONLINE","gender":"MALE","ageRange":"35-44","experience":"EXPERIENCED"},"question":{"raw":{"text":"일을 하다 보면 영어로 또는 다른 언어로 서류를 작성해야 할 일이 생길 수도 있습니다 영어로 서류를 작성하실 수 있으신가요","wordCount":19},"emotion":[],"intent":[]},"answer":{"raw":{"text":"저는 서른 살 때부터 영어 회화책을 달달달 외우면서 영어에 대한 집중 투자를 많이 했습니다. 영어 네이버 까페를 통해 네이티브 스피커들과 오랜 기간 대화를 해왔고 현재까지 십 년이 넘는 세월 동안 영어 통 번역 학원 및 외국인 네이티브 스피커 전문 학원을 다니면서 영어에 대한 자신감을 얻었습니다. 현재 저의 영어 상태는 어드밴스를 넘어서 플루언틀리에 가깝고 그렇기 때문에 기존의 영어 원서 영어 매뉴얼 통 번역을 많이 했어서 지금 영어로 서류 작업 또는 이메일 전화 회의 이 모든 것들이 하나도 어렵지 않습니다. 가끔 영어를 어려워하는 성인들에게 무료로 영어를 가르치거나 고학생들에게 영어 강의를 할 정도로 영어 레벨이 상당히 높은 편입니다.","wordCount":95},"emotion":[{"text":"영어 네이버 까페를 통해 네이티브 스피커들과 오랜 기간 대화를 해왔고 현재까지 십 년이 넘는 세월 동안 영어 통 번역 학원 및 외국인 네이티브 스피커 전문 학원을 다니면서 영어에 대한   자신감을 얻었습니다.","expression":"u-fact","category":"neutral"}],"intent":[{"text":"","expression":"","category":"attitude"}],"summary":{"text":"저는 서른 살 때부터 영어 회화책을 달달 외우며 영어에 대한 집중 투자를 많이 했습니다. 현재 저는 어드밴스를 넘어 플루언틀리에 가깝고 기존의 영어 원서 영어 매뉴얼 통 번역을 많이 했어서 지금 영어로 서류 작업 등이 하나도 어렵지 않습니다.","wordCount":37}}},"rawDataInfo":{"question":{"fileFormat":"wav","fileSize":451278,"duration":14100,"samplingBit":16,"channelCount":1,"samplingRate":"16kHz","audioPath":"/Mock/01.Management/Male/Experienced/ckmk_q_bm_m_e_178607.wav"},"answer":{"fileFormat":"wav","fileSize":1653838,"duration":51680,"samplingBit":16,"channelCount":1,"samplingRate":"16kHz","audioPath":"/Mock/01.Management/Male/Experienced/ckmk_a_bm_m_e_178607.wav"}}}