{"version":"1.0","dataSet":{"info":{"date":"20230116","occupation":"BM","channel":"MOCK","place":"ONLINE","gender":"MALE","ageRange":"35-44","experience":"EXPERIENCED"},"question":{"raw":{"text":"일은 열심히 하지만 본인이 원하는 만큼 따라오지 못하는 동료들이 있을 수도 있습니다 그럴 때는 어떻게 하시겠습니까","wordCount":16},"emotion":[],"intent":[]},"answer":{"raw":{"text":"팀의 리더로서 모든 사람들이 열심히 하지만 성과가 안 좋은 사람들이 있습니다. 그러면 그 친구의 성과가 왜 안 좋은지에 대한 분석을 먼저 하고 그 분석을 한 다음에 그만큼 따라오지 못하는 팀 동료에게 같이 면담을 신청할 것입니다. 과연 어떤 부분이 어려운지 본인이 생각했을 때 본인은 열심히 한다고 하는데 왜 이게 안 되는지에 대한 어떤 서로의 분석이 필요하고 논의가 필요할 것 같습니다. 간혹 자기는 충분히 잘하고 있는데 사람들이 나를 인정하지 않는 거다 자기는 충분히 성과를 냈지만 사람들이 나를 질투하는 거다 라고 자기만의 프레임에 갇혀있는 사람이 있습니다. 이런 사람들은 제가 어떤 부분을 도와주고 끌어준다고 해서 바뀔 사람이 아니기 때문에 다른 부서로 보직 순환을 하든가 아니면 다른 업무로 전환을 시켜야 됩니다. 하지만 인성도 훌륭하고 태도도 좋지만 다만 성과가 좋지 못한 친구는 이 친구를 어떻게 어떤 부서에서 일을 시켰을 때 가장 효과가 날 수 있을지에 대한 그 친구의 어떤 이력서라든가 포트폴리오를 보고 좋은 곳에 배치하는 것도 하나의 방법이라고 생각합니다. 예를 들어 필드에서 엔지니어로 일을 하고 있지만 기술력이 부족한 친구는 내부에서 서비스를 지원할 수 있는 서포트 업무라든가 어드민 업무를 시키는 것도 주한 좋은 방법이라고 생각을 합니다.","wordCount":169},"emotion":[],"intent":[{"text":"","expression":"","category":"attitude"}],"summary":{"text":"팀 리더로서 열심히 하지만 성과가 좋지 않은 친구가 있다면 그 친구에 대한 분석을 먼저 해야 합니다. 그 후에 따라오지 못하는 팀 동료와 면담을 신청할 것입니다. 어떤 부분이 어려운지 서로 분석이 필요하고 논의가 필요합니다. 간혹 자기만의 프레임에 갇혀있는 사람이 있습니다. 이런 사람들은 다른 부서로 보직 순환을 하거나 다른 업무로 전환을 시켜야 합니다.","wordCount":51}}},"rawDataInfo":{"question":{"fileFormat":"wav","fileSize":312398,"duration":9760,"samplingBit":16,"channelCount":1,"samplingRate":"16kHz","audioPath":"/Mock/01.Management/Male/Experienced/ckmk_q_bm_m_e_164822.wav"},"answer":{"fileFormat":"wav","fileSize":2743438,"duration":85730,"samplingBit":16,"channelCount":1,"samplingRate":"16kHz","audioPath":"/Mock/01.Management/Male/Experienced/ckmk_a_bm_m_e_164822.wav"}}}