{"version":"1.0","dataSet":{"info":{"date":"20230116","occupation":"BM","channel":"MOCK","place":"ONLINE","gender":"MALE","ageRange":"35-44","experience":"EXPERIENCED"},"question":{"raw":{"text":"기차가 운행 시 산사태로 삼십 분 동안 정차되어 있습니다 이때 관리 책임에 위치했다면 지원자님은 어떻게 조치하실 건가요","wordCount":17},"emotion":[],"intent":[]},"answer":{"raw":{"text":"네 기차가 운행 간에 어 산사태로 삼십 분 동안 정차가 되었습니다. 이때 제가 관리 책임의 위치 뒤에 있다면 어떤 식으로 조치할 것인가에 대해서 답변드리겠습니다. 일단 가장 먼저 어 위험 요소가 없는지를 제일 먼저 판단할 것 같습니다. 위험 요소가 확인됐을 시에는 바로 어 이제 상 상급자나 뭐 윗 단계를 걸쳐서 보고 절차가 이루어져야 할 것이고 그에 따른 바로 상황 조치가 필요할 것 같습니다. 그 현재 위험 상태는 무엇인지 어 조치되기 위해서는 무엇은 무슨 노력을 해야 할지를 빨리 판단을 해서 어 관리 책임자의 입장에서 이 이 차 산사태 그 추가 피해가 생기지 않도록 조치해 주는 것이 제일 중요할 것 같습니다. 또한 그로 인해서 지금 현재 피해 현황은 무엇인지 우리 회사에게 지금 끼치는 불이익이 무엇인지를 빨리 캐치를 해서 그 부분을 최소화하는 부분을 어 가장 빨리 판단하고 제일 빨리 조치하고 또 관리 책임자이기 때문에 주변 인력들을 어떻게 활용해서 어 이 위기를 헤쳐 나갈 것인지에 대한 판단을 제일 먼저 할 것 같습니다. 네 이상입니다.","wordCount":149},"emotion":[],"intent":[{"text":"또한 그로 인해서 지금 현재 피해 현황은 무엇인지 우리 회사에게 지금 끼치는 불이익이 무엇인지를 빨리 캐치를 해서 그 부분을 최소화하는 부분을   어 가장 빨리 판단하고 제일 빨리 조치하고 또 관리 책임자이기 때문에 주변 인력들을 어떻게 활용해서   어 이 위기를 헤쳐 나갈 것인지에 대한 판단을 제일 먼저 할 것 같습니다.","expression":"m_holistic","category":"attitude"}],"summary":{"text":"기차가 산사태로 정차되었을 때 조치할 방법에 대해 답변하겠습니다. 우선 위험 요소가 없는지 판단해야 하고, 위험 요소가 확인되면 바로 상급자나 윗 단계를 거쳐서 보고 절차가 이루어져야 할 것이고 그에 따른 바로 상황 조치가 필요할 것 같습니다. 현재 위험 상태를 빨리 판단해서 추가 피해가 생기지 않도록 조치해 주는 것이 제일 중요합니다.","wordCount":49}}},"rawDataInfo":{"question":{"fileFormat":"wav","fileSize":570958,"duration":17840,"samplingBit":16,"channelCount":1,"samplingRate":"16kHz","audioPath":"/Mock/01.Management/Male/Experienced/ckmk_q_bm_m_e_138916.wav"},"answer":{"fileFormat":"wav","fileSize":2674638,"duration":83580,"samplingBit":16,"channelCount":1,"samplingRate":"16kHz","audioPath":"/Mock/01.Management/Male/Experienced/ckmk_a_bm_m_e_138916.wav"}}}