{"version":"1.0","dataSet":{"info":{"date":"20230116","occupation":"BM","channel":"MOCK","place":"ONLINE","gender":"MALE","ageRange":"55-","experience":"EXPERIENCED"},"question":{"raw":{"text":"일을 하면서 가장 어려울 것으로 예상되는 것이 무엇인가요 또한 그에 대해 어떻게 대처할 생각이신지도 말씀해 주십시오","wordCount":16},"emotion":[],"intent":[]},"answer":{"raw":{"text":"일을 하면서 가장 어려울 것으로 예상되는 것은 무엇인가요 그리고 그에 어떻게 대처할 생각이신가요 궁금합니다 아 일을 하면서 어려운 거는 어 서로의 분쟁이 났을 때 제일 어려울 것으로 생각합니다. 그 분쟁은 어 짧은 시간에 그 문제를 해결하는 것도 또한 긴 시간에 걸쳐서 해결하는 것도 상당히 숙제이고 사람과의 관계는 서로의 입장을 생각하고 서로를 어 도움을 주고 어 서로에게 유익을 가져올 수 있는 그런 부분을 찾는 것인데 아 참으로 어 어렵습니다. 회사의 입장도 그리고 또한 그 어 직원과의 그러한 관계들 속에서 참으로 어려운 것이 사람과의 관계인 것 같습니다. 어떻게 대처하냐면은 어 저는 그 사람과 깊은 대화를 하고 자주 만나고 식사도 많이 하고 어 차도 많이 마시면서 어 서로를 깊이 이해하고 어려울수록 더욱더 전화하고 문자하고 만나는 게 더욱더 중요하다고 봅니다. 제가 가지고 있는 그러한 어려움도 설명을 할 것이고 그 분이 가지고 있는 그러한 그럴 수 밖에 없었던 일을 깊이 듣고 이해하면서 서로의 접촉점을 찾아갈 수 밖에 없을 것 같습니다.","wordCount":145},"emotion":[{"text":"어떻게 대처하냐면은 어 저는 그 사람과 깊은 대화를 하고   자주 만나고 식사도 많이 하고 어 차도 많이 마시면서 어 서로를 깊이 이해하고 어려울수록 더욱더 전화하고 문자하고 만나는 게 더욱더 중요하다고 봅니다.","expression":"u-belief","category":"neutral"}],"intent":[{"text":"","expression":"","category":"attitude"}],"summary":{"text":"일을 하면서 어려운 것은 서로의 분쟁이 났을 때입니다. 회사도 직원과의 관계들 속에서 어려운 것이 사람과의 관계입니다. 어려울수록 전화하고 문자하고 만나는 게 중요합니다. 제가 가지고 있는 어려움도 설명할 것이고 그 분이 가지고 있는 일을 이해하면서 접촉점을 찾아갈 수 밖에 없을 것 같습니다.","wordCount":41}}},"rawDataInfo":{"question":{"fileFormat":"wav","fileSize":451918,"duration":14120,"samplingBit":16,"channelCount":1,"samplingRate":"16kHz","audioPath":"/Mock/01.Management/Male/Experienced/ckmk_q_bm_m_e_159951.wav"},"answer":{"fileFormat":"wav","fileSize":2798798,"duration":87460,"samplingBit":16,"channelCount":1,"samplingRate":"16kHz","audioPath":"/Mock/01.Management/Male/Experienced/ckmk_a_bm_m_e_159951.wav"}}}