{"version":"1.0","dataSet":{"info":{"date":"20230116","occupation":"BM","channel":"MOCK","place":"ONLINE","gender":"MALE","ageRange":"35-44","experience":"EXPERIENCED"},"question":{"raw":{"text":"어떠한 업무를 하든 소통 능력은 굉장히 중요하다고 볼 수 있는데요 소통 능력을 키우기 위해서 어떠한 일을 하는 것이 좋을 것인지 지원자님이 생각하는 방법을 자세하게 설명해 주시기 바라겠습니다","wordCount":27},"emotion":[],"intent":[]},"answer":{"raw":{"text":"어 소통 능력을 키우기 위해서 제가 노력했던 부분에 대해서 말씀드리겠습니다. 일단 소통 소통이라는 거는 사람과의 의사소통을 얘기할 수 있을 것 같습니다. 이 소통 능력을 키우기 위해서 제일 중요하고 제일 정확하고 제일 명확한 방법이 있는데 제가 생각했을 때는 경청이 다른 사람의 말을 상급자든 하급자든 그런 말들에 대해서 의견에 대해서 소통하는 부분에서 먼저 경청하는 게 제일 좋은 방법이었던 것 같습니다. 내 의견만 계속 강조하고 강요하고 계속 얘기하게 되면 상대방은 이제 더 이상 소통하고 싶은 마음이 들지 않을 겁니다. 그게 상급자든 하급자든. 그거를 겪어 봤고 또 그 단계가 된다고 하면은 저는 일단 상대방 말을 들어볼 것 같습니다. 너는 무슨 생각이니 뭐 고참의 생각은 무엇이니 이런 식으로 해서 그 얘기를 들어보고 아 내 얘기가 맞는 부분이 있구나 틀린 부분이 있구나 그거를 먼저 캐치해서 이런 소통 능력을 키워 왔던 기억이 있습니다. 그리고 이거는 지금 뿐만 아니라 앞으로도 제가 봤을 때 소통 능력은 이 부분이 제일 좋을 것 같습니다. 이상입니다.","wordCount":144},"emotion":[],"intent":[{"text":"","expression":"","category":"attitude"}],"summary":{"text":"소통 소통이란 사람과의 의사소통을 할 때 가장 중요하고 제일 정확하고 제일 명확한 방법이 있는데 제가 생각했을 때는 경청이 다른 사람의 말을 상급자든 하급자든 소통하는 부분에서 먼저 경청하는 게 제일 좋은 방법이었던 것 같습니다.","wordCount":33}}},"rawDataInfo":{"question":{"fileFormat":"wav","fileSize":512078,"duration":16000,"samplingBit":16,"channelCount":1,"samplingRate":"16kHz","audioPath":"/Mock/01.Management/Male/Experienced/ckmk_q_bm_m_e_138921.wav"},"answer":{"fileFormat":"wav","fileSize":2623438,"duration":81980,"samplingBit":16,"channelCount":1,"samplingRate":"16kHz","audioPath":"/Mock/01.Management/Male/Experienced/ckmk_a_bm_m_e_138921.wav"}}}