{"version":"1.0","dataSet":{"info":{"date":"20230116","occupation":"BM","channel":"MOCK","place":"ONLINE","gender":"MALE","ageRange":"55-","experience":"EXPERIENCED"},"question":{"raw":{"text":"지원자님의 단점이 있다면 말씀해 주시고 지원자님의 단점을 보완하기 위해 했던 노력이 있다면 함께 말씀해 주시기 바랍니다","wordCount":16},"emotion":[],"intent":[]},"answer":{"raw":{"text":"성격이 내성적이지만 사람 만나는 걸 좋아하고 바깥 활동을 좋아하는 편이라 여러 사람들과 같이 잘 어울려 사이클링 등산 등 사 모임에 적극적으로 활동하고 성격이 못나지 않아 좋고 업무적으로도 주어진 일에 최선을 다하는 소리 소문 없이 묵묵히 일하는 모습이 저의 장점이기도 하지만 또 단점도 있습니다. 제 단점으로는 주어진 업무를 수행하는 데 있어서 너무 과도하게 집중력을 발휘해서 너무 조급하고 성급하게 서두리는 경향이 있고 사안이 발생하면 이것을 혼자 해결하려는 그런 개인 성향이 강하게 나타납니다. 또한 이런 것들을 에 대한 결과를 다른 사람들과 얘기할 때 제 주장을 강하게 피는 그런 단점이 있다고 얘기를 하더라고요. 그래서 이런 것들을 고치기 위해서 제 의견 제가 생각하는 이 개인적인 부분에 대해서 너무 강하게 밀어붙이는 부분들을 줄일라고 노력하고 있습니다.","wordCount":109},"emotion":[],"intent":[{"text":"성격이 내성적이지만 사람 만나는 걸 좋아하고 바깥 활동을 좋아하는 편이라 여러 사람들과 같이 잘 어울려 사이클링 등산 등 사 모임에 적극적으로 활동하고 성격이 못나지 않아 좋고 업무적으로도 주어진 일에 최선을 다하는 소리 소문 없이 묵묵히 일하는 모습이 저의 장점이기도 하지만 또 단점도 있습니다.","expression":"c_person","category":"background"},{"text":"제 단점으로는 주어진 업무를 수행하는 데 있어서 너무 과도하게 집중력을 발휘해서 너무 조급하고 성급하게 서두리는 경향이 있고 사안이 발생하면 이것을 혼자 해결하려는 그런 개인 성향이 강하게 나타납니다.","expression":"c_person","category":"background"}],"summary":{"text":"성격이 내성적이지만 사모임에 적극적으로 참여하고 성격이 못나지 않아 좋고 업무에 있어서는 조급하고 성급하게 서두르는 경향이 있고 사안이 발생하면 혼자 해결하려는 성향이 있습니다. 그래서 이 개인적인 부분에 대해 강하게 밀어붙이는 부분들을 줄일려고 노력 중입니다.","wordCount":33}}},"rawDataInfo":{"question":{"fileFormat":"wav","fileSize":579278,"duration":18100,"samplingBit":16,"channelCount":1,"samplingRate":"16kHz","audioPath":"/Mock/01.Management/Male/Experienced/ckmk_q_bm_m_e_243979.wav"},"answer":{"fileFormat":"wav","fileSize":2548558,"duration":79640,"samplingBit":16,"channelCount":1,"samplingRate":"16kHz","audioPath":"/Mock/01.Management/Male/Experienced/ckmk_a_bm_m_e_243979.wav"}}}