{"version":"1.0","dataSet":{"info":{"date":"20230116","occupation":"BM","channel":"MOCK","place":"ONLINE","gender":"MALE","ageRange":"35-44","experience":"EXPERIENCED"},"question":{"raw":{"text":"협업을 할 때 가장 중요하게 생각하시는 것은 무엇인가요 또한 왜 다른 것 보다도 그것을 가장 중요하게 생각하시는지 말씀해 주세요","wordCount":19},"emotion":[],"intent":[]},"answer":{"raw":{"text":"네 협업을 진행할 때 가장 중요하게 생기는 부분이 어 이 사람이 백 프로의 협업으로 나에게 도움을 주는지 아니면 나도 누군가에게 협업을 유치해 왔을 때 어 백 프로의 신뢰성을 갖고 어 백 프로의 협업을 해줄 것인지 다 기본적으로 생각을 할 것입니다. 그래서 이런 협업을 할 때도 많이 받아서 좋은 게 아니라 정말 저 사람이 진실성 있게 진심을 다해서 도와주고 싶은 마음이 있는 것인지를 알아야 하는 것이고 때로 그런 관계를 만들기 위해서 노력을 해야 합니다. 결국은 사람이 진심을 갖고 사람이 하는 업무이기 때문에 이 사람이 진심을 갖고 도와주고 싶은 마음이 드는 게 사실 쉽지 않습니다. 그러나 관계를 만들려면 많은 시간이 또 필요하고 많은 그런 신뢰적인 관계가 형성이 돼야 하기 때문에 그런 부분에서 협업할 때 가장 중요한 게 사람이고 그런 것들에 의해서는 어 상대방의 의견을 잘 존중해주고 배려해주고 이런 관계를 형성했을 때 가장 훌륭한 협업과 팀워크가 만들어진다고 생각하겠습니다. 이상입니다.","wordCount":136},"emotion":[],"intent":[{"text":"그러나 관계를 만들려면 많은 시간이 또 필요하고 많은 그런 신뢰적인 관계가 형성이 돼야 하기 때문에 그런 부분에서 협업할 때 가장 중요한 게 사람이고 그런 것들에 의해서는 어 상대방의 의견을 잘 존중해주고 배려해주고 이런 관계를 형성했을 때 가장 훌륭한 협업과 팀워크가 만들어진다고 생각하겠습니다.","expression":"c_cop","category":"personality"}],"summary":{"text":"협업을 진행할 때 가장 중요한 것은 사람이 진실성 있게 도와주고 싶은 마음이 있는 것인지 알고 때로 그런 관계를 만들기 위해서 노력을 해야 합니다. 그러한 신뢰적인 관계가 형성이 돼야 가장 훌륭한 협업과 팀워크가 만들어진다고 생각합니다.","wordCount":34}}},"rawDataInfo":{"question":{"fileFormat":"wav","fileSize":593998,"duration":18560,"samplingBit":16,"channelCount":1,"samplingRate":"16kHz","audioPath":"/Mock/01.Management/Male/Experienced/ckmk_q_bm_m_e_217245.wav"},"answer":{"fileFormat":"wav","fileSize":2572878,"duration":80400,"samplingBit":16,"channelCount":1,"samplingRate":"16kHz","audioPath":"/Mock/01.Management/Male/Experienced/ckmk_a_bm_m_e_217245.wav"}}}