{"version":"1.0","dataSet":{"info":{"date":"20230116","occupation":"BM","channel":"MOCK","place":"ONLINE","gender":"MALE","ageRange":"35-44","experience":"EXPERIENCED"},"question":{"raw":{"text":"지원자가 아는 범위 내에서 기업의 가치 산출 방법을 순서대로 말씀해 주세요","wordCount":11},"emotion":[],"intent":[]},"answer":{"raw":{"text":"저는 공학을 전공하였기 때문에 기업 경영과 기업의 가치 산출 방법에 대해서는 많이 알지는 못합니다. 하지만 제가 아는 한도 내에서 말씀을 드린다면 기업 가치 평가에는 두 가지가 있는데 그중 하나는 절대 가치 평가이고 나머지는 상대 가치 평가입니다. 절대 가치 평가 중 가장 대표적인 것은 소득 접근법으로 미래의 소득 흐름을 할인율을 통해서 현재 가치로 전환해 평가 대상의 가치를 측정하는 방법이고 상대가치 평가는 기업 가치 평가를 가장 잘 반영해 나갈 수 있다 러 있다고 생각되는 지표로 그중 비교법에 대해서 말씀드린다면 비교법은 동종 업계와 비교하여 기업 가치를 유추해 내는 방법입니다. 그래서 기업의 가치 평가는 절대 가치평가 그 중 소득 접근법 그리고 상대 가치평가 그중 비교법으로 가치를 평가할 수 있습니다.","wordCount":105},"emotion":[],"intent":[{"text":"","expression":"","category":"attitude"}],"summary":{"text":"기업 가치 평가에는 절대 가치 평가와 상대 가치 평가가 있습니다. 절대 가치 평가는 소득 접근법으로 평가 대상의 가치를 측정하는 방법이며, 상대 가치 평가는 동종 업계와 비교하여 기업 가치를 유추해 내는 방법입니다. 따라서 기업의 가치 평가는 비교법으로 평가할 수 있다고 봅니다.","wordCount":40}}},"rawDataInfo":{"question":{"fileFormat":"wav","fileSize":289358,"duration":9040,"samplingBit":16,"channelCount":1,"samplingRate":"16kHz","audioPath":"/Mock/01.Management/Male/Experienced/ckmk_q_bm_m_e_246647.wav"},"answer":{"fileFormat":"wav","fileSize":2172878,"duration":67900,"samplingBit":16,"channelCount":1,"samplingRate":"16kHz","audioPath":"/Mock/01.Management/Male/Experienced/ckmk_a_bm_m_e_246647.wav"}}}