{"version":"1.0","dataSet":{"info":{"date":"20230116","occupation":"BM","channel":"MOCK","place":"ONLINE","gender":"MALE","ageRange":"35-44","experience":"EXPERIENCED"},"question":{"raw":{"text":"업무를 하다 보면 영어로 서류를 작성해야 할 일이 생길 수 있습니다 지원자님께서는 영어로 서류 작성 가능하신가요","wordCount":16},"emotion":[],"intent":[]},"answer":{"raw":{"text":"예 업무를 하다 보면 영어를 사용을 할 일들이 많습니다. 이제 뭐 스피킹하는 부분도 있을 것이고 서류를 작성하는 부분도 있습니다. 서류를 만든다는 거에 대해서는 어 회사의 역사가 될 수가 있고 그 서류를 통한 또 다음 전임 근무자라든지 이어지는 근무자가 또 그 서류를 보고 어 문서를 보고 그 부분에 대해서 어떤 식으로 업무 했었는지 배울 수가 있을 거 같습니다. 인제 물론 한글로 관련된 뭐 문서는 중요하겠지만 여기서 인제 영어로 작성하는 경우가 분명히 있을 겁니다. 어 외국으로 보내야 하는 해외로 보내야 하는 그런 상황이 있을 수가 있기 때문에 그러한 상황에서 인제 작성해 본 경험이 몇 번은 있는 거 같습니다. 그런데 많지는 않았던 거 같고 그래서 요즘에는 번역 시스템이나 뭐 이런 것들이 잘 돼있기 때문에 어 일단은 제 자의에 의해서 한 번 다 작성을 해보고 또 앞뒤가 맞아야 하기 때문에 또 번역기를 돌려서 이게 일맥상통하는 지에 대해서 다시 한번 체크한 후에 하면은 시간은 좀 걸리겠지만 아 영어로 서류를 작성하는데 문제는 없을 거 같습니다. 이상입니다.","wordCount":150},"emotion":[],"intent":[{"text":"","expression":"","category":"attitude"}],"summary":{"text":"업무를 하다 보면 영어를 사용하는 일이 많은데, 서류를 만드는 건 회사의 역사가 될 수 있고 그 서류를 통한 근무자가 문서를 보고 어떤 식으로 업무를 했는지 배울 수가 있을 거 같습니다. 영어로 서류를 작성하는 경우가 분명히 있을 텐데, 일단 제 자의에 의해서 한 번 작성해 보고 또 번역기를 돌려서 일맥상통하는 지에 대해 다시 체크한 후에 하면은 문제는 없을 듯합니다.","wordCount":58}}},"rawDataInfo":{"question":{"fileFormat":"wav","fileSize":367118,"duration":11470,"samplingBit":16,"channelCount":1,"samplingRate":"16kHz","audioPath":"/Mock/01.Management/Male/Experienced/ckmk_q_bm_m_e_145288.wav"},"answer":{"fileFormat":"wav","fileSize":2632398,"duration":82260,"samplingBit":16,"channelCount":1,"samplingRate":"16kHz","audioPath":"/Mock/01.Management/Male/Experienced/ckmk_a_bm_m_e_145288.wav"}}}