{"version":"1.0","dataSet":{"info":{"date":"20230116","occupation":"BM","channel":"MOCK","place":"ONLINE","gender":"MALE","ageRange":"35-44","experience":"EXPERIENCED"},"question":{"raw":{"text":"씨에스란 무엇이라 생각하십니까","wordCount":3},"emotion":[],"intent":[]},"answer":{"raw":{"text":"네 경영 관점에서 씨에스 업무에 대해서 답변 드리도록 하겠습니다. 일단 씨에스 커스터머 서비스로서 어 일단 고객에 대한 서비스를 해 준다고 생각하면 될 것 같습니다. 고객이 무엇을 원하고 예약을 하고 제품에 문제가 있다든지 이런 거에 대한 거에 대한 서비스를 해주는 것인데 일단 가장 좋은 씨에스 방법은 상대방 즉 고객에 대하게 어 믿음을 줘야 한다고 생각합니다. 그래서 저희 씨에스 업무에서 어 민원도 들어오고 여러 가지 일들이 있을 건데 이 씨에스 업무가 사실 그 하나의 회사의 이미지이고 회사의 간판이 될 수 있습니다. 그래서 회사의 민원이 들어왔을 때도 대응할 때 이 씨에스에서 가장 먼저 조취가 돼야 하는 것인데 여기서 좀 부정적인 언행이라든지 좀 약간 무조건 안 된다는 식과 이런 것들이 있을 때 분명히 고객이 반감을 가질 수 밖에 없습니다. 그래서 훌륭한 씨에스는 상대방을 기분 상하게 하지 않고 회사에 어느 정도 손이익이 끼치더라도 적절한 보상과 절차가 이루어져 한다고 생각하고 그래서 회사에서도 씨에스 파트가 가장 중요하다고 생각하고 있습니다.이상입니다.","wordCount":142},"emotion":[],"intent":[{"text":"","expression":"","category":"attitude"}],"summary":{"text":"경영 관점에서 씨에스 업무에 대해 답변 드리겠습니다. 가장 좋은 방법은 고객에 대한 믿음을 줘야 한다고 생각합니다. 민원이 들어왔을 때 대응할 때 제일 먼저 조취를 취해야 하는 것인데 부정적인 언행다든지 무조건 안 된다는 식 등이 있을 때 고객이 반감을 가질 수 밖에 없습니다.","wordCount":42}}},"rawDataInfo":{"question":{"fileFormat":"wav","fileSize":225998,"duration":7060,"samplingBit":16,"channelCount":1,"samplingRate":"16kHz","audioPath":"/Mock/01.Management/Male/Experienced/ckmk_q_bm_m_e_215375.wav"},"answer":{"fileFormat":"wav","fileSize":2661198,"duration":83160,"samplingBit":16,"channelCount":1,"samplingRate":"16kHz","audioPath":"/Mock/01.Management/Male/Experienced/ckmk_a_bm_m_e_215375.wav"}}}