{"version":"1.0","dataSet":{"info":{"date":"20230116","occupation":"BM","channel":"MOCK","place":"ONLINE","gender":"MALE","ageRange":"-34","experience":"EXPERIENCED"},"question":{"raw":{"text":"지원자님 지금까지 살아오면서 가장 힘들었던 경험은 무엇인가요 지원자님은 그것을 어떻게 극복하셨는지 설명해 주세요","wordCount":13},"emotion":[],"intent":[]},"answer":{"raw":{"text":"지금까지 제가 살아오면서 가장 힘들었던 것은 대학교 시절 스타트업 회사를 설립했던 일이었습니다. 대학교 시절 경영에 대해서 학문으로만 배우다 보니 실제 경험을 해보고 싶다는 생각을 했었습니다. 그래서 저는 대학교 동기들과 같이 스타트업 회사를 설립하고 직접 경영을 해보자 라는 생각을 했습니다. 이렇게 이 년 정도 준비를 하고 스타트업 회사를 설립을 했었는데요. 이렇게 설립만 한다고 회사가 잘 유지되는 것은 아니었습니다. 회사를 경영함에 있어서 고정적으로 나가는 비용도 많이 있었고 직원들 월급도 줘야 됐기 때문에 금전적으로 많이 부담이 됐던 거 같습니다. 실제 경영을 해보면서 우리가 학교에서 배웠던 내용들이 어떻게 적용되는지 알 수 있었고 이런 경험을 가지고 회사에서도 열심히 일하는 인재가 되겠습니다.","wordCount":96},"emotion":[],"intent":[{"text":"지금까지 제가 살아오면서 가장 힘들었던 것은 대학교 시절 스타트업 회사를 설립했던 일이었습니다.","expression":"c_private","category":"background"},{"text":"이렇게 이 년 정도 준비를 하고 스타트업 회사를 설립을 했었는데요.","expression":"c_private","category":"background"}],"summary":{"text":"대학교 시절 스타트업 회사를 설립했던 일이 가장 힘들었습니다. 경영에 대해서 학문으로만 배우다 보니 실제 경험을 해보고 싶다는 생각을 했습니다. 실제 경영을 해보면서 학교에서 배웠던 내용들이 어떻게 적용되는지 알 수 있었고 이런 경험을 가지고 열심히 일하는 인재가 되겠습니다.","wordCount":37}}},"rawDataInfo":{"question":{"fileFormat":"wav","fileSize":397198,"duration":12410,"samplingBit":16,"channelCount":1,"samplingRate":"16kHz","audioPath":"/Mock/01.Management/Male/Experienced/ckmk_q_bm_m_e_226796.wav"},"answer":{"fileFormat":"wav","fileSize":2530638,"duration":79080,"samplingBit":16,"channelCount":1,"samplingRate":"16kHz","audioPath":"/Mock/01.Management/Male/Experienced/ckmk_a_bm_m_e_226796.wav"}}}