{"version":"1.0","dataSet":{"info":{"date":"20230116","occupation":"BM","channel":"MOCK","place":"ONLINE","gender":"MALE","ageRange":"35-44","experience":"EXPERIENCED"},"question":{"raw":{"text":"본인만의 스트레스 해소 방법이 있다면 그것은 무엇인가요 그렇다면 왜 그 방법으로 스트레스를 해소하는지도 함께 말씀해 주시겠어요","wordCount":16},"emotion":[],"intent":[]},"answer":{"raw":{"text":"어 많은 사람들이 자신만의 스트레스 해소 방법이 있는데요. 뭐 그 스트레스 해소 방법이 아마 크게 서로 차이가 다 나지 않을 거라고 저는 믿습니다. 어 제 저의 스트레스 해소 방법에는 세 가지가 있는데 제 첫 번째가 저 운동입니다. 저는 집안에 스피닝 바이크를 배치해 두어 매일 운동을 합니다. 스피닝 바이크는 서서 자전거를 타는 운동인데요. 굉장히 에너지 소모가 많고 어 리듬에 맞춰서 자전거를 타기 때문에 아주 재미가 있는 운동입니다. 보통 하루에 세 시간씩 운동을 하면은 스트레스가 많이 해소가 되고 또한 저는 따른 사람과 다른 남성들과 마찬가지로 게임을 즐겨 합니다. 어 저는 하지만 어 컴퓨터 게임을 오랫동안 하기보다는 스마트폰으로 작은 게임을 한 시간 정도 하고 있습니다. 이렇게 두 가지 방법으로 저는 하루에 스트레스를 많이 해소할 수 있습니다.","wordCount":113},"emotion":[{"text":"굉장히 에너지 소모가 많고 어 리듬에 맞춰서 자전거를 타기 때문에 아주 재미가 있는 운동입니다.","expression":"p-interest","category":"positive"}],"intent":[{"text":"","expression":"","category":"attitude"}],"summary":{"text":"저는 스트레스 해소 방법으로 집안 스피닝 바이크를 배치해 놓고 매일 운동을 합니다. 그 방법으로 에너지 소모가 많고 리듬에 맞춰서 자전거를 타기 때문에 아주 재미있는 운동입니다. 또한 게임을 즐겨합니다. 이렇게 두 가지 방법으로 스트레스를 많이 해소할 수 있습니다.","wordCount":37}}},"rawDataInfo":{"question":{"fileFormat":"wav","fileSize":350478,"duration":10950,"samplingBit":16,"channelCount":1,"samplingRate":"16kHz","audioPath":"/Mock/01.Management/Male/Experienced/ckmk_q_bm_m_e_246649.wav"},"answer":{"fileFormat":"wav","fileSize":2531918,"duration":79120,"samplingBit":16,"channelCount":1,"samplingRate":"16kHz","audioPath":"/Mock/01.Management/Male/Experienced/ckmk_a_bm_m_e_246649.wav"}}}