{"version":"1.0","dataSet":{"info":{"date":"20230116","occupation":"BM","channel":"MOCK","place":"ONLINE","gender":"MALE","ageRange":"55-","experience":"EXPERIENCED"},"question":{"raw":{"text":"지원자님 본인의 장점과 단점을 설명해 주시고 그것을 특화시키고 극복하기 위한 노력도 함께 말씀해 주십시오","wordCount":14},"emotion":[],"intent":[]},"answer":{"raw":{"text":"장점으로는 성격이 내성적이지만 사람 만나는 걸 좋아하고 바깥 활동을 좋아하는 편이라 여러 사람들과 같이 어울려 사이클링 등산 등 사 모임에 적극적으로 활동하고 성격이 모나지 않아 좋고 업무적으로는 주어진 일에 최선을 다하고 소리 소문 없이 묵묵히 일하는 모습이 멋있다고 주변에서 얘기합니다. 단점으로는 주어진 업무 수행에 과도한 집중력으로 인해서 너무 조급하게 서두르는 경향이 있고 급한 성격이 있어서 사안이 발생하면 혼자 막 해결하려는 개인 성향도 있다고 합니다. 이런 단점도 도 있는 반면에 이 단점을 파발할 파악 하고 그다음에 이 단점을 묻히기 위해서 장점을 더 부각시키려고 노력을 하고 있고요. 그리고 아무래도 단점은 최대한 줄여지는 게 낫기 때문에 조급하고 서두르고 과도하게 집중력을 발휘하거나 개인 성향이 강하게 있는 부분에 있어서는 뭔가를 수행할 때에 어 한 번쯤 더 먼 발치에서 생각을 한 템포 어 늦게 행동할 수 있도록 노력하고 있습니다.","wordCount":123},"emotion":[],"intent":[{"text":"장점으로는 성격이 내성적이지만 사람 만나는 걸 좋아하고 바깥 활동을 좋아하는 편이라 여러 사람들과 같이 어울려 사이클링 등산 등 사 모임에 적극적으로 활동하고 성격이 모나지 않아 좋고 업무적으로는 주어진 일에 최선을 다하고 소리 소문 없이 묵묵히 일하는 모습이 멋있다고 주변에서 얘기합니다.","expression":"c_person","category":"background"},{"text":"단점으로는 주어진 업무 수행에 과도한 집중력으로 인해서 너무 조급하게 서두르는 경향이 있고 급한 성격이 있어서 사안이 발생하면 혼자 막 해결하려는 개인 성향도 있다고 합니다.","expression":"c_person","category":"background"}],"summary":{"text":"성격은 내성적이지만 사모임에 적극적으로 참여하고 성격이 모나지 않아 좋고 업무적으로는 최선을 다하는 모습이 멋져요. 단점으로는 집중력이 너무 조급하게 서두르는 경향이 있고, 성격이 급한 성격이 있어서 사안이 발생하면 혼자 막 해결하려는 개인 성향도 있다고 합니다. 장점을 부각시키려고 노력하고 있습니다.","wordCount":38}}},"rawDataInfo":{"question":{"fileFormat":"wav","fileSize":353678,"duration":11050,"samplingBit":16,"channelCount":1,"samplingRate":"16kHz","audioPath":"/Mock/01.Management/Male/Experienced/ckmk_q_bm_m_e_244226.wav"},"answer":{"fileFormat":"wav","fileSize":3086158,"duration":96440,"samplingBit":16,"channelCount":1,"samplingRate":"16kHz","audioPath":"/Mock/01.Management/Male/Experienced/ckmk_a_bm_m_e_244226.wav"}}}