{"version":"1.0","dataSet":{"info":{"date":"20230116","occupation":"BM","channel":"MOCK","place":"ONLINE","gender":"MALE","ageRange":"35-44","experience":"EXPERIENCED"},"question":{"raw":{"text":"기차가 운행 중에 산사태로 인하여 삼십 분 동안 정차되었습니다 만약 이때 관리 책임의 위치에 있다면 어떻게 조치 하실 생각이십니까","wordCount":19},"emotion":[],"intent":[]},"answer":{"raw":{"text":"기차가 운행 시에 어 산사태나 응급 상황으로 인해서 삼십 분 동안 정차된 상황입니다. 이때 만약에 제가 현장에서 관리 책임자의 위치에 만약에 있다면은 어떻게 조치하고 어떻게 대응할 것인가에 대해서 답변 드리겠습니다. 어 일단 가장 먼저 생명의 위협이 있는 고객이 있는지 없는지부터 판단을 해야 할 것 같습니다. 어 응급조치를 가장 먼저 취해야 할 것 같고 이어서 이 차적으로 삼 차적으로 이어지는 산사태로 인한 추가 피해 요소가 있는지 없는지를 먼저 또 판단을 해야 할 것 같고 거기있는 이제 직원들을 활용해서 고객들을 일단 최대한 안전한 칸으로 이동을 해서 대피를 시킬 것 같습니다. 그 이후에 인제 본부에 보고한 후에 본부에서 대응할 수 있는 지원 요소라든지 어 지금 일 일 구 라든지 일 일 이 까지 해서 모든 가용 요소를 포함해서 지원 요청을 해야 할 것 같습니다. 또 이어서 환자라든지 또 추가적인 요소 또 이제 식량 문제도 해결이 돼야 하기 때문에 그런 부분에서 조금 부족한 부분이 무엇인지를 현장에서 계속 확인하고 관리해 가면서 중간중간 보고 해가면서 조치를 취하다 보면은 해결이 될 것 같습니다. 이상입니다.","wordCount":157},"emotion":[],"intent":[{"text":"","expression":"","category":"attitude"}],"summary":{"text":"기차가 운행 시에 산사태나 응급 상황으로 인해서 정차된 상황에서의 관리 책임자의 위치에 대해서 답변 드리겠습니다. 우선 응급조치를 가장 먼저 취해야 할 것 같습니다. 그 다음 산사태로 인한 추가 피해 요소가 있는지 없는지를 판단을 해야 하고 직원들을 활용해서 고객들을 최대한 안전한 칸으로 이동해서 대피시켜야 합니다. 그 이후 본부에 보고한 후에 모든 가용 요소를 포함해서 지원 요청을 해야 합니다.","wordCount":57}}},"rawDataInfo":{"question":{"fileFormat":"wav","fileSize":431438,"duration":13480,"samplingBit":16,"channelCount":1,"samplingRate":"16kHz","audioPath":"/Mock/01.Management/Male/Experienced/ckmk_q_bm_m_e_229633.wav"},"answer":{"fileFormat":"wav","fileSize":2926798,"duration":91460,"samplingBit":16,"channelCount":1,"samplingRate":"16kHz","audioPath":"/Mock/01.Management/Male/Experienced/ckmk_a_bm_m_e_229633.wav"}}}