{"version":"1.0","dataSet":{"info":{"date":"20230116","occupation":"BM","channel":"MOCK","place":"ONLINE","gender":"MALE","ageRange":"55-","experience":"EXPERIENCED"},"question":{"raw":{"text":"자 만약에 업무를 하다가 어떤 문제점에 부딪쳤습니다 이럴 때 본인은 혼자 해결을 하시는 편이신가요 아니면 주변에게 도움을 요청해서 사람들에게 이야기를 하면서 해결을 하시는 편인가요 어 그리고 그렇게 해결하는 이유도 궁금하네요","wordCount":30},"emotion":[],"intent":[]},"answer":{"raw":{"text":"이거는 어 바뀌었습니다. 원래 저는 혼자 해결하려고 하는 편이었었습니다. 저라는 사람은 그런데 이게 사회생활을 오래 해보니까 그게 능사가 아니라는 걸 깨달았습니다. 음 혼자 해결할 수 있는 선이 있고 꼭 누군가와 털어놓고 다수의 의견을 조금 이제 조언을 들으면서 진행해야 될 그런 일이 있는데 그런데 생각보다 후자가 또 많더라구요. 왜냐하면 사람은 또 의지를 하는 그런 동물이기 때문에 어 혼자 해결하는 게 음 마음적인 측면에서는 쪼금 편하고 아 시원하고 그럴 수도 있겠지만 사실 다수의 얘기를 듣고 하는 게 어 개인으로 볼 때도 조금 그런 무게를 덜면서 조금 더 건강하게 해결할 수 있는 방법으로 저는 이제 좀 생각이 바뀐 것 같아요 그런 식으로.","wordCount":99},"emotion":[],"intent":[{"text":"","expression":"","category":"attitude"}],"summary":{"text":"사람은 의지하는 동물이기 때문에 혼자 해결하는 게 마음적인 측면에서는 편리하고 시원하고 그럴 수도 있지만, 개인으로 볼 때도 조금 그런 무게를 덜면서 조금 더 건강하게 해결할 수 있는 방법으로 생각이 바뀐 것 같습니다.","wordCount":32}}},"rawDataInfo":{"question":{"fileFormat":"wav","fileSize":631118,"duration":19720,"samplingBit":16,"channelCount":1,"samplingRate":"16kHz","audioPath":"/Mock/01.Management/Male/Experienced/ckmk_q_bm_m_e_100017.wav"},"answer":{"fileFormat":"wav","fileSize":2793038,"duration":87280,"samplingBit":16,"channelCount":1,"samplingRate":"16kHz","audioPath":"/Mock/01.Management/Male/Experienced/ckmk_a_bm_m_e_100017.wav"}}}