{"version":"1.0","dataSet":{"info":{"date":"20230116","occupation":"BM","channel":"MOCK","place":"ONLINE","gender":"MALE","ageRange":"35-44","experience":"EXPERIENCED"},"question":{"raw":{"text":"커뮤니케이션을 잘 할 수 있는 본인만의 스킬이 있다면 한번 소개해 주시겠습니까 직접 한번 보여주셔도 좋습니다","wordCount":15},"emotion":[],"intent":[]},"answer":{"raw":{"text":"네 커뮤니케이션을 잘 할 수 있는 저만의 스킬에 대해서 답변 드리도록 하겠습니다. 일단 커뮤니케이션이 잘 이루어질 수 있는 방법에는 서로 의사소통 대화가 돼야 하고 서로 신뢰할 수 있는 관계 서로 믿음이 되는 관계가 있다면은 어 이런 커뮤니케이션이 더 원활하게 될 수 있다고 생각합니다. 여기서 인제 기본적으로는 저의 의견을 논리적으로 얘기할 수 있어야 하고 그 내 주장이 펼칠 때는 펼쳐야겠지만 상대방의 주장이 펼쳤을 때 그 부분에서 깔보다거나 좀 안 좋게 본다거나 이런 점이 어 접목이 된다면 커뮤니케이션이 잘 이루어질 수가 없습니다. 그 상대방의 의견 제시를 한다든지 상대방이 어느 정도 대화를 할 때는 꼭 경청하는 자세가 제일 중요하다고 생각합니다. 상대방 의견을 아는 내용이든 잘못된 얘기여도 끝까지 들어주어야 한다고 생각하고 그렇게 했을 때 하급자의 하급자이든 상급자이든 그런 의사소통을 갖게 된다면 서로 간의 이제 신뢰가 생기고 그 직원의 발전이 있을 거라 생각합니다. 그서 저는 이런 커뮤니케이션이 잘 이루어져야 협업도 되고 어 회사의 발전이 될 수 있다고 생각합니다. 이상입니다.","wordCount":144},"emotion":[],"intent":[{"text":"","expression":"","category":"attitude"}],"summary":{"text":"커뮤니케이션이 잘 이루어질 수 있는 방법에는 서로 의사소통 대화가 돼야 하고 서로 믿음이 되는 관계가 있다면 이런 커뮤니케이션이 더 원활하게 될 수 있다고 생각합니다. 상대방의 의견을 아는 내용이든 잘못된 얘기여도 끝까지 들어주어야 한다고 생각하고 그렇게 했을 때 서로 간의 신뢰가 생기고 그 직원의 발전이 있을 거라고 생각합니다.","wordCount":47}}},"rawDataInfo":{"question":{"fileFormat":"wav","fileSize":330958,"duration":10340,"samplingBit":16,"channelCount":1,"samplingRate":"16kHz","audioPath":"/Mock/01.Management/Male/Experienced/ckmk_q_bm_m_e_215373.wav"},"answer":{"fileFormat":"wav","fileSize":2693198,"duration":84160,"samplingBit":16,"channelCount":1,"samplingRate":"16kHz","audioPath":"/Mock/01.Management/Male/Experienced/ckmk_a_bm_m_e_215373.wav"}}}