{"version":"1.0","dataSet":{"info":{"date":"20230116","occupation":"BM","channel":"MOCK","place":"ONLINE","gender":"MALE","ageRange":"55-","experience":"EXPERIENCED"},"question":{"raw":{"text":"지원자님에 앞으로 삼 년 내 주요 성장 계획이나 목표에 대해서 설명해 주시길 바랍니다","wordCount":13},"emotion":[],"intent":[]},"answer":{"raw":{"text":"음 저는 이제 나이가 있는 만큼 음 사실 제 위치에서는 어 조금 안정적으로 더 이 회사가 잘 굴러갈 수 있게 안정적으로 음 도움을 주면서 어 조용히 그냥 이제 정년퇴직하고 싶은 부분입니다 저는. 그래서 뭐 제품의 퀄리티 이런 거를 제가 이제까지 보고 또 제가 해왔던 그런 경험과 노하우를 살려서 어 우리 회사의 제품이 기존에 있던 제품을 조금 해외에 제가 알고 있는 디자인 뭐 이런 것들과 같이 접목을 시켜 가지고 조금 더 보완해야 될 부분을 한다든지 그런 식으로 제품의 퀄리티 쪽의 부분을 어 조금 네 도와드리고 싶은 그런 부분이 있어요 저는. 그래서 네 이 회사의 안정화와 저의 어떤 안정적인 퇴직이 목표라고 할 수 있겠네요 저는.","wordCount":103},"emotion":[],"intent":[{"text":"","expression":"","category":"attitude"}],"summary":{"text":"저는 나이가 있는 만큼 안정적인 회사 운영에 도움을 주면서 정년퇴직을 하고 싶습니다. 그래서 기존에 있는 제품을 해외에 접목시켜 보완할 부분을 한다든지, 제품의 퀄리티를 도와드리고 싶은 부분이 있습니다.","wordCount":27}}},"rawDataInfo":{"question":{"fileFormat":"wav","fileSize":264078,"duration":8250,"samplingBit":16,"channelCount":1,"samplingRate":"16kHz","audioPath":"/Mock/01.Management/Male/Experienced/ckmk_q_bm_m_e_156416.wav"},"answer":{"fileFormat":"wav","fileSize":2871118,"duration":89720,"samplingBit":16,"channelCount":1,"samplingRate":"16kHz","audioPath":"/Mock/01.Management/Male/Experienced/ckmk_a_bm_m_e_156416.wav"}}}