{"version":"1.0","dataSet":{"info":{"date":"20230116","occupation":"BM","channel":"MOCK","place":"ONLINE","gender":"MALE","ageRange":"55-","experience":"EXPERIENCED"},"question":{"raw":{"text":"지원자님은 본인의 의견을 주장하실 때 어떤 스타일로 주장하시는지 궁금합니다 주장을 하실 때 강하게 주장하시는 편인지 본인의 스타일을 말씀 부탁드립니다","wordCount":19},"emotion":[],"intent":[]},"answer":{"raw":{"text":"지원자님의 의견을 주장하실 때 강하게 주장하는 편인가요. 어떤 스타일로 자신의 의견을 주장하시는지 궁금합니다. 예 저는 주장할 때 어 의견이 어 강한 것 같습니다. 왜냐하면은 제가 알고 있는 내용은 어 어떻게 보면 강하게 전달할 수 밖에 없습니다. 왜냐하면은 소신이 있고 제가 아는 그런 전문적인 분야도 있고 제가 그거에 관심이 많았던 부분은 제가 많은 지식이 아 있다고 생각하기 때문입니다. 하지만 모르는 분야에 대해서는 제가 많은 경청을 통해서 배움을 얻게 되고 또한 그것을 어 피드백을 할 수 있는 그러한 일을 준비를 하고 있습니다. 나름대로 공부를 한다는 그런 뜻이겠지요. 어 어떤 스타일이냐면은 아 저는 어 좀 이렇게 잠잠한 아 파도와 같은 아 저수지와 같은 그런 생각에 의견으로 이렇게 주장을 합니다. 왜냐하면 논리적인 부분도 중요하다고 생각을 합니다. 설명을 할려면 너무 강압적인 그런 부분에서 설명하는 것은 또한 서로 간의 대화에 어 흠을 낼 수 있다고 생각을 합니다. 아 조용하면서도 잠잠하고 그런 스타일 아닌가 생각을 합니다.","wordCount":139},"emotion":[],"intent":[{"text":"","expression":"","category":"attitude"}],"summary":{"text":"지원자님의 의견을 주장할 때 강하게 주장하는 편인지 궁금합니다. 저는 알고 있는 내용은 강하게 전달할 수 밖에 없지만 모르는 분야에 대해서는 경청을 통해서 배움을 얻고 피드백을 할 수 있는 일을 준비하고 있습니다. 조용한 침묵과 같은 생각에 의견으로 주장을 하는데, 논리적인 부분도 중요하다고 생각합니다.","wordCount":42}}},"rawDataInfo":{"question":{"fileFormat":"wav","fileSize":631118,"duration":19720,"samplingBit":16,"channelCount":1,"samplingRate":"16kHz","audioPath":"/Mock/01.Management/Male/Experienced/ckmk_q_bm_m_e_145729.wav"},"answer":{"fileFormat":"wav","fileSize":2772558,"duration":86640,"samplingBit":16,"channelCount":1,"samplingRate":"16kHz","audioPath":"/Mock/01.Management/Male/Experienced/ckmk_a_bm_m_e_145729.wav"}}}