{"version":"1.0","dataSet":{"info":{"date":"20230116","occupation":"BM","channel":"MOCK","place":"ONLINE","gender":"MALE","ageRange":"35-44","experience":"EXPERIENCED"},"question":{"raw":{"text":"네 만약에 일을 하던 중에 팀원과 불화가 생긴다면 어떻게 해결을 하시겠는지요 어 그런 상황에서의 해결법과 또 그 이유도 함께 말씀해 주시면 좋겠습니다","wordCount":22},"emotion":[],"intent":[]},"answer":{"raw":{"text":"서로 각자의 개성이 다른 사람들이 모여서 일을 하다 보면 불화는 필수적인 요소입니다. 불화를 피하려고 하지 말고 받아들이고 극복해 나가려고 해야 합니다. 예를 들어 부정적인 시각 또는 이기적인 마인드를 가진 사람들은 원래 누군가와 협업하는 것을 굉장히 싫어합니다. 특히나 자기가 알고 있는 지식이나 경험을 남에게 나눠주는 것을 굉장히 아까워하거나 내가 왜 이렇게 해야 되지 이렇게 하지 않아도 월급은 똑같이 받는데 라는 마인드를 가진 사람들이 있습니다. 이럴 때 저는 팀원과의 불화가 어디서 비롯됐는지를 먼저 확인하고 그에게 인격적으로 대하면서 합일점을 찾습니다. 어떤 이기적인 마인드 공감대 형성이 안 되었거나 또는 다른 사람의 행동이 불만이 되었다면 그 부분을 해결해 주고 회사의 구조적인 문제가 있다면 이 구조적인 문제를 해결하기 위해 대표이사 또는 팀장들에게 요런 내용들을 전부 다 보고합니다. 예를 들어서 대표님 현재 일 억 원에 마케팅 비용을 가지고는 지금 이 업무를 할 수 없습니다 마케팅 비용을 조금 더 늘려주시거나 아니면 마케팅의 범위를 좀 줄여 주십시오 라고 하면 거기서 해결책을 찾을 수 있었고 그래도 못한다고 하면 업무의 양을 줄이는 것입니다.","wordCount":152},"emotion":[],"intent":[{"text":"","expression":"","category":"attitude"}],"summary":{"text":"서로 각자의 개성이 다른 사람들이 모여서 일을 하다 보면 불화는 필수적인 요소입니다. 이것을 피하기보다는 받아들이고 극복해 나가려고 해야 합니다. 저는 팀원과의 불화가 어디서 비롯됐는지를 먼저 확인하고 그에게 인격적으로 대하면서 합일점을 찾습니다. 회사의 구조적인 문제가 있다면 대표이사 또는 팀장들에게 이런 내용들을 전부 다 보고합니다.","wordCount":43}}},"rawDataInfo":{"question":{"fileFormat":"wav","fileSize":467918,"duration":14620,"samplingBit":16,"channelCount":1,"samplingRate":"16kHz","audioPath":"/Mock/01.Management/Male/Experienced/ckmk_q_bm_m_e_169685.wav"},"answer":{"fileFormat":"wav","fileSize":2681038,"duration":83780,"samplingBit":16,"channelCount":1,"samplingRate":"16kHz","audioPath":"/Mock/01.Management/Male/Experienced/ckmk_a_bm_m_e_169685.wav"}}}