{"version":"1.0","dataSet":{"info":{"date":"20230116","occupation":"BM","channel":"MOCK","place":"ONLINE","gender":"MALE","ageRange":"55-","experience":"EXPERIENCED"},"question":{"raw":{"text":"지원자님께서 역사 속에서 가장 존경하는 인물을 말씀해 주시고 지원자님이 그 인물을 가장 존경하는 이유에 대해서도 구체적으로 말씀해 주시기 바랍니다","wordCount":19},"emotion":[],"intent":[]},"answer":{"raw":{"text":"예 역사 적에 세종 대왕이나 이순신 장군 등 존경하는 인물들이 많이 있죠. 근데 저한테 역사 속에 가장 존경하는 인물을 한번 말씀을 한다면은 홍경래 장군을 생각합니다. 그분은 평민으로서 조선 시대에 아무 힘없는 하자 것 없는 평민의 위치에서 난을 일으켜서 중앙 정보 그다음에 임금도 두려워 할 만큼 어 여러 성을 점령하고 그다음에 그 따르는 무리들을 그 사람들을 다 취합을 해서 나름대로 모든 사람은 다 똑같다 모든 사람들은 다 하늘 아래 모든 사람들은 다 같은 사람이다. 인내천 사상을 펼쳤던 그런 분으로서 그 사람의 그분의 동 사상에 동의하는 수많은 양반과 평민과 노비들을 규합해서 힘을 과시한 그분 정말 대단하고 하다고 생각합니다.","wordCount":96},"emotion":[{"text":"예 역사 적에 세종 대왕이나 이순신 장군 등 존경하는 인물들이 많이 있죠.","expression":"p-affection","category":"positive"},{"text":"근데 저한테 역사 속에 가장 존경하는 인물을 한번 말씀을 한다면은 홍경래 장군을 생각합니다.","expression":"p-affection","category":"positive"},{"text":"인내천 사상을 펼쳤던 그런 분으로서 그 사람의 그분의 동 사상에 동의하는 수많은 양반과 평민과 노비들을 규합해서 힘을 과시한 그분 정말 대단하고 하다고 생각합니다.","expression":"p-affection","category":"positive"}],"intent":[{"text":"","expression":"","category":"attitude"}],"summary":{"text":"역사 속에는 세종 대왕이나 이순신 장군 등 존경하는 인물들이 많지만 저는 홍경래 장군을 가장 존경합니다. 그는 조선 시대에 평민으로서 난을 일으켜 많은 양반과 평민과 노비들을 규합해 힘을 과시한 분이기 때문입니다.","wordCount":30}}},"rawDataInfo":{"question":{"fileFormat":"wav","fileSize":601998,"duration":18810,"samplingBit":16,"channelCount":1,"samplingRate":"16kHz","audioPath":"/Mock/01.Management/Male/Experienced/ckmk_q_bm_m_e_248359.wav"},"answer":{"fileFormat":"wav","fileSize":2641358,"duration":82540,"samplingBit":16,"channelCount":1,"samplingRate":"16kHz","audioPath":"/Mock/01.Management/Male/Experienced/ckmk_a_bm_m_e_248359.wav"}}}