{"version":"1.0","dataSet":{"info":{"date":"20230116","occupation":"BM","channel":"MOCK","place":"ONLINE","gender":"MALE","ageRange":"35-44","experience":"EXPERIENCED"},"question":{"raw":{"text":"만약 일을 하던 중 직무가 적성에 맞지 않는다면 어떻게 대처하시겠습니까 그리고 상황을 가정하고 저희한테 그 상황을 얘기해 주십시오","wordCount":18},"emotion":[],"intent":[]},"answer":{"raw":{"text":"제가 일을 하던 중에 직무가 맞지 않으면 제 스스로 먼저 그 직무에 대해서 즉 명확한 파악을 해 볼 것입니다. 저는 원래 문제가 생기면 그 문제에 대해서 되돌아보고 곱씹어 보는 것이 저의 장점이고 특기입니다. 그 업무를 제 나름대로 써머리 노트에 정리하여 어떤 부분이 저에게 안 맞고 이 업무가 혹시 저의 전문성이라든가 역량 미달로 인하여 안 맞는 것인지 아니면 정말 제 성향상 이런 업무를 못하는 것인지부터 파악을 할 것입니다. 그렇게 일 년에서 삼 년 정도 업무를 했는데도 안 맞는다면 저는 그 업무와 안 맞는 것으로 판단하고 저의 보직을 맡고 있는 매니저 또는 그 위에 상사 또는 그 위에 본부장까지 면담을 신청하겠습니다. 면담을 신청하여 제가 이 삼 년 정도 이 업무를 꾸준히 열심히 했고 성과도 어느정도 달성해서 나름 전문성을 띠고 있는데 도저히 이 업무가 저의 적성과는 맞지 않아 이러다가는 제가 스트레스를 받거나 아니면 퇴사에 위 위기에 올 수도 있으니 이 업무를 다른 회사에 다른 부서에 업무와 바꿔주시던가 부서 전환을 부탁드립니다 라고 간곡하게 요청을 할 것입니다. 스스로 열심히 해보고 열심히 해서도 안되면 저는 반드시 그 길은 포기하거나 바꿔야 된다고 생각합니다.","wordCount":166},"emotion":[],"intent":[{"text":"","expression":"","category":"attitude"}],"summary":{"text":"저는 일을 하는 중에 직무가 맞지 않으면 스스로 그 직무에 대해 명확한 파악을 할 것입니다. 업무를 일 년에서 삼 년 정도 했는데도 안 맞는다면 저는 보직을 맡고 있는 매니저 또는 상사 또는 본부장까지 면담을 신청하겠습니다. 면담을 신청하여 이 업무를 다른 회사에 다른 부서에 업무와 바꿔주던가 부서 전환을 요청하겠습니다. 스스로 열심히 해도 안되면 반드시 그 길은 포기하거나 바꿔야 된다고 생각합니다.","wordCount":59}}},"rawDataInfo":{"question":{"fileFormat":"wav","fileSize":608718,"duration":19020,"samplingBit":16,"channelCount":1,"samplingRate":"16kHz","audioPath":"/Mock/01.Management/Male/Experienced/ckmk_q_bm_m_e_197394.wav"},"answer":{"fileFormat":"wav","fileSize":2666318,"duration":83320,"samplingBit":16,"channelCount":1,"samplingRate":"16kHz","audioPath":"/Mock/01.Management/Male/Experienced/ckmk_a_bm_m_e_197394.wav"}}}