{"version":"1.0","dataSet":{"info":{"date":"20230116","occupation":"BM","channel":"MOCK","place":"ONLINE","gender":"MALE","ageRange":"35-44","experience":"EXPERIENCED"},"question":{"raw":{"text":"지원자님이 생각하는 씨에스란 무엇이고 또 씨에스를 운영하는 업무자의 자세는 어떤 것이 가장 필요한 역량이라고 생각하시나요","wordCount":15},"emotion":[],"intent":[]},"answer":{"raw":{"text":"커스터머 서비스는 고객 서비스라고도 합니다. 고객에게 상담을 하고 제품을 설치하고 반품 환불 불만 사항을 처리하는 모든 일련의 과정입니다. 각 산업에 따라서 다양한 내용을 포함하지면 경영 관점에서는 고객 관리가 가장 우선이라고 할 수 있습니다. 예를 들어 장비를 사기 전에 또는 장비를 사고 난 후에 장비를 설치하고 고객이 사용할 수 있게끔 좋은 재화와 서비스를 제공하는 것입니다. 고객은 제품을 사용하면서 또는 사용하고 난 후에 사용하기 전에 각각 원하는 방식이 다릅니다. 하지만 어떤 제품을 설치해 주고 그냥 나 몰라라 하는 경우나 어떤 제품이 작동이 잘 안되거나 사자마자 문제가 발생했는데 고객 서비스 쪽에서 아 이거는 고객님의 잘못입니다 또는 이거는 저의 귀책 사유가 아닙니다 라고 발뺌을 하는 경우가 있습니다. 그렇게 되면 경영 관점에서는 고객 서비스를 엉망으로 한 것이고 고객 서비스를 엉망으로 했을 경우 고객은 이탈을 하게 됩니다. 한 번 이탈된 고객을 다시 붙잡는 것은 기존에 있는 고객을 유지하는 비용보다 훨씬 더 많은 비용이 소비되기 때문에 고객 만족도 차원에서 씨에스는 반드시 잘 이루어져야 합니다.","wordCount":147},"emotion":[{"text":"커스터머 서비스는 고객 서비스라고도 합니다.","expression":"u-fact","category":"neutral"}],"intent":[{"text":"","expression":"","category":"attitude"}],"summary":{"text":"커스터머 서비스는 고객에게 상담을 하고 제품을 설치하고 반품 환불 불만 사항을 처리하는 모든 일련의 과정으로 경영 관점에서는 고객 관리가 가장 우선입니다. 한 번 이탈된 고객을 다시 잡는 것은 기존에 있는 고객을 유지하는 비용보다 훨씬 더 많은 비용이 소비되기 때문에 고객 만족도 차원에서 씨에스는 반드시 잘 이루어져야 합니다.","wordCount":47}}},"rawDataInfo":{"question":{"fileFormat":"wav","fileSize":407438,"duration":12730,"samplingBit":16,"channelCount":1,"samplingRate":"16kHz","audioPath":"/Mock/01.Management/Male/Experienced/ckmk_q_bm_m_e_169687.wav"},"answer":{"fileFormat":"wav","fileSize":2696718,"duration":84270,"samplingBit":16,"channelCount":1,"samplingRate":"16kHz","audioPath":"/Mock/01.Management/Male/Experienced/ckmk_a_bm_m_e_169687.wav"}}}