{"version":"1.0","dataSet":{"info":{"date":"20230116","occupation":"BM","channel":"MOCK","place":"ONLINE","gender":"MALE","ageRange":"55-","experience":"EXPERIENCED"},"question":{"raw":{"text":"어 커뮤니케이션을 잘 할 수 있는 본인만의 스킬이 있으신지 궁금합니다 또 그것이 무엇인지 한번 소개해 주시길 바랍니다 직접 한번 보여주셔도 좋습니다","wordCount":21},"emotion":[],"intent":[]},"answer":{"raw":{"text":"커뮤니케이션은 사람과 사람과의 소통이라고 보여집니다. 그러므로 다른 사람에 대한 배려가 제일 먼저 생각을 해야 될 것 같습니다. 그래서 저만의 스킬이라고 본다면 상대방을 배려하는 그러한 마음을 갖고서 상대방과 커뮤니케이션을 합니다. 상대방의 오늘 컨디션 그리고 그동안 만나면서 이 사람과의 친분 정도 그리고 이 사람의 관심사 등등을 사전에 미리 파악을 해서 그 사람과 만났을 때 거기에 해당되는 그런 얘기를 나누게 된다면 상대방은 내가 많은 배려를 하고 있다 라고 하는 것을 느끼게 됨으로써 그 나와의 커뮤니케이션이 잘 되는 이루어지는 그런 사항을 연출할 수가 있을 거라고 보여집니다. 그래서 저는 상대방 배려를 먼저 하는 어 그런 스킬을 갖고 있다고 보면 되겠습니다.","wordCount":95},"emotion":[],"intent":[{"text":"","expression":"","category":"attitude"}],"summary":{"text":"커뮤니케이션은 사람과 사람과의 소통으로, 저는 상대방을 배려하는 마음을 갖고서 상대방과 소통합니다. 사전 파악을 통해 그 사람과의 커뮤니케이션이 잘 되는 사항을 연출할 수가 있을 것입니다. 그래서 저는 상대방 배려를 먼저 하는 스킬을 갖고 있다고 보시면 되겠습니다.","wordCount":35}}},"rawDataInfo":{"question":{"fileFormat":"wav","fileSize":568718,"duration":17770,"samplingBit":16,"channelCount":1,"samplingRate":"16kHz","audioPath":"/Mock/01.Management/Male/Experienced/ckmk_q_bm_m_e_239678.wav"},"answer":{"fileFormat":"wav","fileSize":2453838,"duration":76680,"samplingBit":16,"channelCount":1,"samplingRate":"16kHz","audioPath":"/Mock/01.Management/Male/Experienced/ckmk_a_bm_m_e_239678.wav"}}}