{"version":"1.0","dataSet":{"info":{"date":"20230116","occupation":"BM","channel":"MOCK","place":"ONLINE","gender":"MALE","ageRange":"55-","experience":"EXPERIENCED"},"question":{"raw":{"text":"지원자님이 생각하시기에 지원자님의 십 년 후 미래는 어떨 것 같습니까 저희 회사에 계속 다니고 계실 것 같은지도 궁금합니다","wordCount":18},"emotion":[],"intent":[]},"answer":{"raw":{"text":"예 십 년 후 제 미래는 회사에 계속 다니고 있을 것 같습니다. 그 이유는 현재의 직장에 만족을 하고 있고 그 다음에 오랜 기간 동안 이 직장에 있으면서 쌓은 경력과 업력을 고려했을 때 이만한 직장 외에 다른 직장에 옮긴다고 해서 더 나을 것 같지가 않다고 보여집니다. 또한 이 회사에서 제가 갖고 있는 능력과 실력을 발휘할 수 있는 기회를 충분히 제공해 줄 걸로 믿어 의심치 않습니다. 다른 직장에 옮겨서 새로 시작한 곳 같은 그런 느낌을 받을 바에야 지금 현재 다니고 있는 곳에서 제 능력과 실력을 인정받으면서 저의 제 미래에 인생을 보다 나은 것으로 해 나갈 수 있는 그런 기회가 충분히 있을 것 같아서 제 생각에는 십 년 후에도 이 회사에 계속 다니고 있을 걸로 생각이 됩니다.","wordCount":114},"emotion":[],"intent":[{"text":"","expression":"","category":"attitude"}],"summary":{"text":"현재 직장에 만족하고 오랜 기간 동안 이 직장에 있으면서 쌓은 경력과 업력을 고려했을 때 십 년 후에도 제 미래는 회사에 계속 다니고 있을 것 같습니다. 그 이유는 회사에서 제 능력과 실력을 발휘할 수 있는 기회를 충분히 제공해 줄 거라고 믿기 때문입니다.","wordCount":41}}},"rawDataInfo":{"question":{"fileFormat":"wav","fileSize":361358,"duration":11290,"samplingBit":16,"channelCount":1,"samplingRate":"16kHz","audioPath":"/Mock/01.Management/Male/Experienced/ckmk_q_bm_m_e_239443.wav"},"answer":{"fileFormat":"wav","fileSize":2675918,"duration":83620,"samplingBit":16,"channelCount":1,"samplingRate":"16kHz","audioPath":"/Mock/01.Management/Male/Experienced/ckmk_a_bm_m_e_239443.wav"}}}