{"version":"1.0","dataSet":{"info":{"date":"20230116","occupation":"BM","channel":"MOCK","place":"ONLINE","gender":"MALE","ageRange":"55-","experience":"EXPERIENCED"},"question":{"raw":{"text":"일을 하다 보면 여러 가지 스트레스를 받는 경우가 있습니다 지원자님만의 스트레스 해소 방법이 있으십니까 있다면 왜 그 방법으로 스트레스를 해소하는지 말씀해 주시기 바랍니다","wordCount":23},"emotion":[],"intent":[]},"answer":{"raw":{"text":"저는 운동해요. 운동합니다. 음 저는 테니스를 치는데요. 어 재미있어요 테니스가. 네 원래 제가 또 옛날 고등학교 때 잠깐 테니스를 쳤었다가 음 젊을 때는 이 삼십 대 때는 회사 일이 너무 바뻐가지고 그때는 운동을 안 했더니 정말 몸이 망가지더라구요. 계속 술을 마시고 계속 이제 돌아다니면서 오더도 따내야 되니까 막 접대도 해야 되고 하니까 술을 계속 마시고 하면서 막 이제 간이랑 다 망가지기 시작을 해 가지고 그때부터 다시 운동을 다시 시작을 해야겠다 라고 해서 뭐 유산소보다 저는 그 그냥 무작정 런닝 이런 것보다 조금 스포츠를 하고 싶어서 다시 테니스를 시작을 했고 잘 맞아요 저는. 네 그 라켓을 휘둘를 때 시원해요. 네 그래서 서로 간에 이제 그 호흡을 맞추면서 하는 것도 재미있고 네 저는 이게 잘 맞아서 오랫동안 치고 있어요. 그래서 건강도 많이 돌아온 편이라 꾸준히 유지하고 있습니다.","wordCount":125},"emotion":[],"intent":[{"text":"","expression":"","category":"attitude"}],"summary":{"text":"제가 고등학교 때 테니스를 친 적이 있었는데, 일이 바빠서 운동하지 않다보니 몸이 망가져버렸습니다. 그래서 유산소보다 조금 스포츠를 하고 싶어서 다시 테니스를 시작했습니다. 서로 간에 호흡을 맞추면서 하는 것도 재미있고, 건강도 많이 돌아온 편이라 꾸준히 유지하고 있습니다.","wordCount":36}}},"rawDataInfo":{"question":{"fileFormat":"wav","fileSize":597838,"duration":18680,"samplingBit":16,"channelCount":1,"samplingRate":"16kHz","audioPath":"/Mock/01.Management/Male/Experienced/ckmk_q_bm_m_e_156418.wav"},"answer":{"fileFormat":"wav","fileSize":2833358,"duration":88540,"samplingBit":16,"channelCount":1,"samplingRate":"16kHz","audioPath":"/Mock/01.Management/Male/Experienced/ckmk_a_bm_m_e_156418.wav"}}}