{"version":"1.0","dataSet":{"info":{"date":"20230116","occupation":"BM","channel":"MOCK","place":"ONLINE","gender":"MALE","ageRange":"35-44","experience":"EXPERIENCED"},"question":{"raw":{"text":"멀티채널과 옴니채널의 개념에 대해서 말씀해 주시고 또한 이 둘의 차이점에 대해서 말씀해 주세요","wordCount":13},"emotion":[],"intent":[]},"answer":{"raw":{"text":"멀티 채널이라는 것은 멀티 다양하다는 뜻과 채널 제품의 유통 경로를 합치 합친 것입니다. 예를 들어 티비 홈쇼핑 인터넷 판매 이런 것들이 멀티 채널이 될 수 있습니다. 우리가 어떤 한 제품을 구매하다 보면 티비에서 광고를 통해서 볼 수도 있고 또는 대형 마트를 갈 수도 있고 또는 인터넷에 스마트스터나 쿠팡 이런 오픈 마켓을 통해서 플랫폼에서 모든 정보를 통해서 각자의 다른 사이트에서 제품을 구매할 수 있습니다. 이것이 바로 마케팅의 멀티 채널의 개념입니다. 그렇다면 옴니 채널은 라틴어에서 온 옴니 모든 것이라는 뜻으로 모든 것과 채널 유통 경로라는 뜻으로 고객이 어떤 쇼핑의 여정을 겪을 때 모든 사이트가 하나의 사이트처럼 느낄 수 있게 만드는 것입니다. 예를 들어서 오투오 서비스 같은 경우를 예를 들면 여기서 물건을 구매하나 저기서 물건을 구매하나 메타버스 세상에서 똑같은 쇼핑을 하는 것 만큼 고객에게 책 쇼핑의 체험을 안겨주는 게 옴니 채널입니다. 즉 온 옴니 채널은 고객으로 하여금 수고로움을 덜어 주고 어떻게 하면 이 제품에 대해서 완벽하게 다양한 채널이 아닌 하나의 채널에서 사는 것 같은 특별한 경험을 해주게 만드는 것이 옴니 채널입니다.","wordCount":158},"emotion":[],"intent":[{"text":"","expression":"","category":"attitude"}],"summary":{"text":"옴니 채널은 모든 것과 채널 유통 경로라는 뜻으로 고객이 어떤 쇼핑의 여정을 겪을 때 모든 사이트가 하나의 사이트처럼 느낄 수 있게 만드는 것입니다. 즉, 옴니채널은 고객으로 하여금 수고로움을 덜어 주고 어떻게 하면 이 제품에 대해서 완벽하게 다양한 채널이 아닌 하나의 채널에서 사는 것 같은 특별한 경험을 해주게 만드는 것이 합니다.","wordCount":50}}},"rawDataInfo":{"question":{"fileFormat":"wav","fileSize":294478,"duration":9200,"samplingBit":16,"channelCount":1,"samplingRate":"16kHz","audioPath":"/Mock/01.Management/Male/Experienced/ckmk_q_bm_m_e_191496.wav"},"answer":{"fileFormat":"wav","fileSize":2696398,"duration":84260,"samplingBit":16,"channelCount":1,"samplingRate":"16kHz","audioPath":"/Mock/01.Management/Male/Experienced/ckmk_a_bm_m_e_191496.wav"}}}