{"version":"1.0","dataSet":{"info":{"date":"20230116","occupation":"BM","channel":"MOCK","place":"ONLINE","gender":"MALE","ageRange":"35-44","experience":"EXPERIENCED"},"question":{"raw":{"text":"지원자님께서 우리 회사에 입사하게 된다면 가장 가고 싶은 부서와 왜 그렇게 생각하시는지 이유를 함께 말씀해 주시기 바랍니다","wordCount":17},"emotion":[],"intent":[]},"answer":{"raw":{"text":"저는 서비스 지원팀에 지원하고 싶습니다. 왜냐면 대학교 때부터 컴퓨터 공학 전자 공학을 복수 전공하면서 기술 지원에 대한 꿈을 갖고 있었고 대학교 때도 컴퓨터 및 전기 전자 관련된 수리 업무를 아르바이트로 많이 했었습니다. 그래서 저에게 최적화된 업무는 서비스 지원 기술 지원팀 업무라고 생각을 합니다. 특히나 고객의 어려움을 빠르게 해결해 줄 수 있고 어떤 기기 장비 컴퓨터 서버 같은 거를 고침으로써 회사나 다른 고객에게 빠른 정보를 제공하여 편리함을 제공하는 엔지니어의 삶을 사는 게 저한테 가장 맞다고 생각합니다. 현재 에이 사의 서비스 지원팀은 개발 인력과 품질 관리 인력 그리고 현장 엔지니어들이 같이 모여서 좋은 제품을 선보이고 그것에 대한 품질 관리를 하고 그 품질 관리를 통해서 좋은 제품을 선보이는 걸로 알고 있고 저는 그러면서 기술적인 내용을 좀 더 공부하고 익히고 싶습니다.","wordCount":117},"emotion":[],"intent":[{"text":"","expression":"","category":"attitude"}],"summary":{"text":"기술 지원에 대한 꿈을 갖고 컴퓨터 및 전기 전자 관련된 수리 업무를 아르바이트로 많이 했으므로 최적화된 업무는 서비스 지원 기술 지원팀 업무라고 생각합니다. 현재 에이 사의 서비스 지원팀은 개발 인력과 품질 관리 인력 그리고 현장 엔지니어들이 같이 모여서 좋은 제품을 만들고 그 품질 관리를 합니다.","wordCount":45}}},"rawDataInfo":{"question":{"fileFormat":"wav","fileSize":417358,"duration":13040,"samplingBit":16,"channelCount":1,"samplingRate":"16kHz","audioPath":"/Mock/01.Management/Male/Experienced/ckmk_q_bm_m_e_163283.wav"},"answer":{"fileFormat":"wav","fileSize":2120398,"duration":66260,"samplingBit":16,"channelCount":1,"samplingRate":"16kHz","audioPath":"/Mock/01.Management/Male/Experienced/ckmk_a_bm_m_e_163283.wav"}}}