{"version":"1.0","dataSet":{"info":{"date":"20230116","occupation":"BM","channel":"MOCK","place":"ONLINE","gender":"MALE","ageRange":"55-","experience":"EXPERIENCED"},"question":{"raw":{"text":"만약 지원자님께서 지금 지원하신 이 직무가 아닌 다른 부서에 배치되게 된다면 지원자님은 어떻게 하시겠습니까 그래도 괜찮으신가요 얘기해 주세요","wordCount":18},"emotion":[],"intent":[]},"answer":{"raw":{"text":"만약 지원자님께서 지금 지원하신 이 직무와 다른 부사에 배치되게 된다면 어떻게 하시겠습니까 그래도 괜찮으시겠습니까 아 저는 경영에 관련된 일들 아 리더로서의 역할들 이런 재무적인 일들 이런 것들을 많이 해 본 경험이 있었고 앞으로도 이런 일들을 하는데 아 큰 도움이 될 거라고 생각을 합니다. 다른 부서에 배치가 된다면 어 그곳에서도 최선을 다할 수 있는 용의가 있습니다. 아 괜찮습니다. 아 어떤 분야든 간에 서로 간에 네트워크로 연결되어 있고 어 다른 부서에서도 어 동일한 그러한 목표를 위해서 일을 하는데 큰 어려움은 없다고 생각을 합니다. 그러기 위해서 어 늘 준비되어 있고 그러한 회사의 전체적인 업무 그리고 어 그러한 다른 분야가 또한 회사의 전체적인 그런 프로세스와 관련이 있기 때문에 아 꼭 필요하다고 생각합니다. 그곳에서의 좋은 경험도 또한 나중에 제가 맡게 될 그러한 분야에서 큰 도움이 될 것이고 이해가 된다면 업무를 하는 데 있어서 어 많은 도움이 될 것이라고 생각하기 때문입니다. 그런 쪽에서 어 생각할 때 큰 도움이 될 것이라고 생각을 합니다.","wordCount":146},"emotion":[],"intent":[{"text":"","expression":"","category":"attitude"}],"summary":{"text":"어떤 분야든 네트워크로 연결되어 있고 동일한 목표를 위해서 일을 하는데 큰 어려움은 없다고 생각하므로 꼭 필요하다고 생각합니다. 그곳에서의 좋은 경험도 나중에 제가 맡게 될 그러한 분야에서 큰 도움이 될 것이라고 생각하기 때문입니다.","wordCount":32}}},"rawDataInfo":{"question":{"fileFormat":"wav","fileSize":633038,"duration":19780,"samplingBit":16,"channelCount":1,"samplingRate":"16kHz","audioPath":"/Mock/01.Management/Male/Experienced/ckmk_q_bm_m_e_159402.wav"},"answer":{"fileFormat":"wav","fileSize":2878158,"duration":89940,"samplingBit":16,"channelCount":1,"samplingRate":"16kHz","audioPath":"/Mock/01.Management/Male/Experienced/ckmk_a_bm_m_e_159402.wav"}}}