{"version":"1.0","dataSet":{"info":{"date":"20230116","occupation":"BM","channel":"MOCK","place":"ONLINE","gender":"MALE","ageRange":"35-44","experience":"EXPERIENCED"},"question":{"raw":{"text":"어 업무 중에 스케줄을 하다 보면 없던 일이 생길 때가 있습니다 어 이런 상황에 이제 지원자님께서는 어떻게 대처를 하실 건가요","wordCount":20},"emotion":[],"intent":[]},"answer":{"raw":{"text":"네 업무를 진행하다 보면 생각지도 못한 일 스케줄이 없다는 일이 생길 때가 많습니다. 저는 이런 상황들을 맞춰서 어떻게 대처할 지에 대해서 답변 드리겠습니다. 일단 제일 중요한 것은 시간 관리가 제일 중요합니다. 그래서 오늘 내가 해야 할 일에 대해서 급한 일 오늘 꼭 처리해 할 일을 먼저 어 처리를 해 놓게 되면 이런 상황이 응급상황이라든지 우발 상황 이런 갑자기 생각 지도 못할 상황이 왔을 때 당황하지 않습니다. 네 급한 일을 먼저 끝내 놓게 되면은 이런 상황이 왔을 때 대응할 수 있는 그런 집중할 수 있는 어 정신적으로나 시간적으로나 여유를 만들어 놓게 된다면 이런 상황에서 충분히 대처할 수가 있기 때문에 이런 시간관리 계획성 있는 업무 방식이 중요할 것 같습니다. 그렇게 되면은 이런 우발 상황이 있었을 때 효과적으로 또는 어 성과가 있게끔 대처가 가능하기 때문에 제가 이런 노하우라고 말씀드리자면 이런 시간 관리나 이런 계획성이 있는 그런 업무 방식이 대처하는 방법 중의 하나가 될 것 같습니다. 이상입니다.","wordCount":143},"emotion":[],"intent":[{"text":"일단 제일 중요한 것은 시간 관리가 제일 중요합니다.","expression":"m_sche","category":"technology"},{"text":"네 급한 일을 먼저 끝내 놓게 되면은 이런 상황이 왔을 때 대응할 수 있는 그런 집중할 수 있는 어 정신적으로나 시간적으로나 여유를 만들어 놓게 된다면 이런 상황에서 충분히 대처할 수가 있기 때문에 이런 시간관리 계획성 있는 업무 방식이 중요할 것 같습니다.","expression":"m_sche","category":"technology"},{"text":"그렇게 되면은 이런 우발 상황이 있었을 때 효과적으로 또는 어 성과가 있게끔 대처가 가능하기 때문에 제가 이런 노하우라고 말씀드리자면 이런 시간 관리나 이런 계획성이 있는 그런 업무 방식이 대처하는 방법 중의 하나가 될 것 같습니다.","expression":"m_sche","category":"technology"}],"summary":{"text":"업무 진행 중 예상치 못한 일 스케줄이 없는 경우가 생길 때가 있는데, 시간 관리가 제일 중요합니다. 그래서 급한 일을 먼저 처리해 놓으면 응급상황 등 우발 상황에도 당황하지 않습니다. 네 시급한 일을 먼저 끝내 놓으면 정신이나 시간적 여유를 만들어 놓게 되면 충분히 대처할 수가 있기 때문에 시간관리 계획성 있는 업무 방식이 중요할 것 같습니다.","wordCount":53}}},"rawDataInfo":{"question":{"fileFormat":"wav","fileSize":513678,"duration":16050,"samplingBit":16,"channelCount":1,"samplingRate":"16kHz","audioPath":"/Mock/01.Management/Male/Experienced/ckmk_q_bm_m_e_214735.wav"},"answer":{"fileFormat":"wav","fileSize":2618958,"duration":81840,"samplingBit":16,"channelCount":1,"samplingRate":"16kHz","audioPath":"/Mock/01.Management/Male/Experienced/ckmk_a_bm_m_e_214735.wav"}}}