{"version":"1.0","dataSet":{"info":{"date":"20230116","occupation":"BM","channel":"MOCK","place":"ONLINE","gender":"MALE","ageRange":"55-","experience":"EXPERIENCED"},"question":{"raw":{"text":"다음 질문입니다 연봉제 성과 연봉 인사 고가 등 인사 업무에 관해 아는 것이 있으신가요 있으시다면 구체적으로 답변해 주시기 바랍니다","wordCount":19},"emotion":[],"intent":[]},"answer":{"raw":{"text":"경영이란 한 기업이나 조직을 관리하고 운영하여 이익을 창출하고 직원들을 고용하여 사회적 기여를 하고 국가가 지향하는 정책에 따라 국가 발전에 공헌하는 것이라 생각합니다. 기업 경영의 성과를 측정함에 있어 과거에는 재무적 성과를 강조하였으나 지금은 재무적 성과를 제외한 친환경 사회적 기여 투명한 지배 구조 등의 분야에서의 기업 성과를 가리킵니다. 재무적인 요소에서 드러나지 않는 기업의 사회적 활동을 계량화해 기업의 계속 경영 가능성을 평가하기 위해 개발한 지표로 기업 경영의 사회적 책임을 강조한 것이라고 생각합니다. 경영이 기업이라는 조직을 관리하는 것이지만 조직을 이끄는 것은 사람이며 또한 사회 국가의 일원인 것입니다. 그러므로 이익 추구만 하는 것이 아닌 사회적 책임 국가의 책무를 다하는 경영이 좋은 경영이라고 생각합니다.","wordCount":98},"emotion":[],"intent":[{"text":"그러므로 이익 추구만 하는 것이 아닌 사회적 책임 국가의 책무를 다하는 경영이 좋은 경영이라고 생각합니다.","expression":"c_value","category":"background"}],"summary":{"text":"기업 경영의 성과를 측정함에 있어 과거에 재무적 성과를 강조하였으나 지금은 친환경 사회적 기여 투명한 지배 구조 등의 분야에서의 기업 성과를 가리키는데 이익 추구만 하는 것이 아닌 사회적 책임 국가의 책무를 다하는 경영이 좋은 경영이라고 생각합니다.","wordCount":35}}},"rawDataInfo":{"question":{"fileFormat":"wav","fileSize":511438,"duration":15980,"samplingBit":16,"channelCount":1,"samplingRate":"16kHz","audioPath":"/Mock/01.Management/Male/Experienced/ckmk_q_bm_m_e_233645.wav"},"answer":{"fileFormat":"wav","fileSize":2626638,"duration":82080,"samplingBit":16,"channelCount":1,"samplingRate":"16kHz","audioPath":"/Mock/01.Management/Male/Experienced/ckmk_a_bm_m_e_233645.wav"}}}