{"version":"1.0","dataSet":{"info":{"date":"20230116","occupation":"BM","channel":"MOCK","place":"ONLINE","gender":"MALE","ageRange":"-34","experience":"EXPERIENCED"},"question":{"raw":{"text":"업무를 하다 보면 영어로 서류를 작성해야 할 겁니다 본인은 영어로 서류를 잘 작성하실 수 있는지 말씀해 주세요","wordCount":17},"emotion":[],"intent":[]},"answer":{"raw":{"text":"저는 영어로 문서 작업을 할 수 있습니다. 제가 중국에서 일 년 정도 유학 생활을 했었는데요. 중국에서 유학 생활을 할 때 외국인들도 많이 만났습니다. 특히 유럽이나 미국에서 온 유학생들도 많이 있었는데요. 그러다 보니 다양한 언어를 익힐 수 있었던 것 같습니다. 중국어 뿐만 아니라 영어까지 같이 능력이 향상됐기 때문에 단순히 문법 능력만 향상됐던 것이 아니라 어학 능력까지도 같이 향상됐기 때문에 충분히 영어로 문서 작업을 할 수 있습니다.","wordCount":65},"emotion":[{"text":"제가 중국에서 일 년 정도 유학 생활을 했었는데요.","expression":"u-fact","category":"neutral"}],"intent":[{"text":"제가 중국에서 일 년 정도 유학 생활을 했었는데요.","expression":"c_private","category":"background"}],"summary":{"text":"중국어 뿐만 아니라 영어까지 같이 능력이 향상되었기 때문에 단순히 문법 능력만 향상된 것이 아니라 어학 능력까지도 같이 향상되어서 영어로 문서 작업을 할 수 있습니다.","wordCount":24}}},"rawDataInfo":{"question":{"fileFormat":"wav","fileSize":396878,"duration":12400,"samplingBit":16,"channelCount":1,"samplingRate":"16kHz","audioPath":"/Mock/01.Management/Male/Experienced/ckmk_q_bm_m_e_226800.wav"},"answer":{"fileFormat":"wav","fileSize":1750798,"duration":54710,"samplingBit":16,"channelCount":1,"samplingRate":"16kHz","audioPath":"/Mock/01.Management/Male/Experienced/ckmk_a_bm_m_e_226800.wav"}}}