{"version":"1.0","dataSet":{"info":{"date":"20230116","occupation":"BM","channel":"MOCK","place":"ONLINE","gender":"MALE","ageRange":"35-44","experience":"EXPERIENCED"},"question":{"raw":{"text":"현재 지원자님께서 어 개인적으로 따로 스터디를 하고 있는 것이 있습니까 있다면 어떤 공부를 하고 있고 또 그 공부를 왜 하고 계신지 말씀 부탁드리겠습니다","wordCount":23},"emotion":[],"intent":[]},"answer":{"raw":{"text":"저는 십 삼 년 전부터 지속적으로 영어 스터디를 운영하고 있습니다. 왜냐하면 업무에 가장 필요한 것이 영어이고 외국인들과 대화하고 회의하고 업무 보고를 할 때가 많기 때문입니다. 이 서른 살부터 영어에 대한 갈망이 생겨서 지속적으로 영어 책을 외우고 쓰고 외우고 외국인들과 대화해 봤는데 실제적으로 효과가 전혀 없었습니다. 그래서 저는 일주일에 한 번씩 영어 스터디 카페를 가서 외국인들에게 되도 않는 영어로 지속적으로 얘기하고 그들이 하는 말도 알아 들으려고 하고 하다 보니 육 개월 정도 지났을 때부터는 이제 조금씩 영어로 대화가 되기 시작했습니다. 실제적으로 살아보면 구글 통역기라든가 파파오 번역기를 통해서 영어 없이 살 수 있을 것 같지만 실제로 외국어를 잘하는 사람들이 구글 번역기라든가 통역기를 써도 더 완벽한 영어를 구사할 수 있기 때문입니다. 요즘 이메일 하나를 쓸 때도 구글 번역기를 돌려서 막 쓰는 사람이 있는데요. 실제로 그렇게 영어를 함부로 번역기를 돌리면 엉망인 영어가 나오고 외국인들 입장에서 봤을 때는 엉터리 영어를 번역기를 돌렸다는 걸 바로 알아챌 수도 있습니다. 저는 저의 인생 커리어를 위해서 또는 업무 커리어를 위해서도 영어 스터디를 계속해서 하고 있고 앞으로도 할 예정입니다.","wordCount":159},"emotion":[],"intent":[{"text":"저는 저의 인생 커리어를 위해서 또는 업무 커리어를 위해서도 영어 스터디를 계속해서 하고 있고 앞으로도 할 예정입니다.","expression":"c_imp","category":"personality"}],"summary":{"text":"업무에 가장 필요한 것이 영어이기 때문에 십 삼 년 전부터 지속적으로 영어 스터디를 운영하고 있습니다. 영어를 함부로 번역기를 돌리면 엉망인 영어가 나오고 외국인들 입장에서는 영어를 번역기를 돌렸다는 걸 바로 알아챌 수도 있기 때문에 저는 저의 인생 또는 업무 커리어를 위해서 영어 스터디를 계속해서 하고 있고 앞으로도 할 예정입니다.","wordCount":48}}},"rawDataInfo":{"question":{"fileFormat":"wav","fileSize":519758,"duration":16239,"samplingBit":16,"channelCount":1,"samplingRate":"16kHz","audioPath":"/Mock/01.Management/Male/Experienced/ckmk_q_bm_m_e_167233.wav"},"answer":{"fileFormat":"wav","fileSize":2687438,"duration":83980,"samplingBit":16,"channelCount":1,"samplingRate":"16kHz","audioPath":"/Mock/01.Management/Male/Experienced/ckmk_a_bm_m_e_167233.wav"}}}