{"version":"1.0","dataSet":{"info":{"date":"20230116","occupation":"BM","channel":"MOCK","place":"ONLINE","gender":"MALE","ageRange":"35-44","experience":"EXPERIENCED"},"question":{"raw":{"text":"회사에서 진출하려는 다음 국가를 선택하려고 할 때 어떤 기준으로 국가를 선택해야 할까요","wordCount":12},"emotion":[],"intent":[]},"answer":{"raw":{"text":"진출 국가를 선택할 때 가장 적합한 것은 바로 시장성 및 시장의 크기입니다. 아무리 우리 제품이 좋아도 시장의 크기가 작고 매출량이 얼마 나오지 않고 우리나라의 제품을 받아 들이지 않으려는 최첨단 유럽 국가부터 먼저 진출을 한다면 판매량은 저조할 것이고 마케팅 비용 및 인건비만 나갈 것입니다. 회사는 결국 영리를 목적으로 하는 곳이기 때문에 중국 같은 나라로 먼저 선점을 해서 중국은 우리나라보다 판매 매출이나 시장 크기가 약 천 배에서 만 배가 큽니다. 대한민국이나 일본은 단가를 높이고 또는 마진을 높여서 고마진 정책을 써서 물건을 사고 팔지만 중국은 저마진을 가지고도 수많은 사람들에게 팔아서 이익을 남긴다는 어떤 시장의 크기 및 시장의 패러다임이 있기 때문에 우리가 가장 먼저 선택해야 될 조건은 바로 시장의 크기 및 우리 식 우리 제품이 그 시장에서 통하느냐 안 통하느냐 가장 중요한 것으로 생각합니다.","wordCount":120},"emotion":[],"intent":[{"text":"","expression":"","category":"attitude"}],"summary":{"text":"진출 국가를 선택할 때 가장 적합한 것은 시장성 및 시장의 크기입니다. 우리가 가장 먼저 선택해야 될 조건은 바로 시장의 크기 및 우리 제품이 그 시장에서 통하느냐 안 통하느냐가 가장 중요한 것으로 생각합니다.","wordCount":32}}},"rawDataInfo":{"question":{"fileFormat":"wav","fileSize":347278,"duration":10850,"samplingBit":16,"channelCount":1,"samplingRate":"16kHz","audioPath":"/Mock/01.Management/Male/Experienced/ckmk_q_bm_m_e_165147.wav"},"answer":{"fileFormat":"wav","fileSize":2120718,"duration":66270,"samplingBit":16,"channelCount":1,"samplingRate":"16kHz","audioPath":"/Mock/01.Management/Male/Experienced/ckmk_a_bm_m_e_165147.wav"}}}