{"version":"1.0","dataSet":{"info":{"date":"20230116","occupation":"BM","channel":"MOCK","place":"ONLINE","gender":"MALE","ageRange":"-34","experience":"EXPERIENCED"},"question":{"raw":{"text":"현재 많은 대기업들이 그 해외로 공장을 이전하는 중인데 이런 현상에 대해서 어떻게 생각하십니까","wordCount":13},"emotion":[],"intent":[]},"answer":{"raw":{"text":"현재 많은 대기업들이 해외로 공장을 이전하는 문제에 있어서 다양한 이슈들이 발생하고 있습니다. 저는 공장을 해외로 이전하는 부분에 있어서 반대 입장을 가지고 있습니다. 물론 기업의 입장에서는 해외에 값싼 노동력을 이용할 수 있고 그에 따라서 더 많은 이익을 창출할 수 있습니다. 하지만 이 기업들의 경영 부서는 국내에 위치하고 있습니다. 국내에 일자리 창출 문제도 분명히 깊게 생각해야 되는 부분입니다. 단순히 해외 공장을 두는 문제만 가지고 이야기할 것이 아니라 국내 시장을 어떤 식으로 일자리 창출을 할지 제품과 써비스는 어떻게 판매할지도 끊임없이 생각해야 하는 부분이기 때문에 단순히 해외로 공장을 이전해서 값싼 노동력을 제공받는 것보다는 국내에 이미지와 그리고 일자리 창출 문제까지도 같이 생각을 해야 한다고 생각합니다.","wordCount":100},"emotion":[],"intent":[{"text":"저는 공장을 해외로 이전하는 부분에 있어서 반대 입장을 가지고 있습니다.","expression":"m_critical","category":"attitude"}],"summary":{"text":"현재 많은 대기업들이 해외로 공장을 이전하고 있습니다. 저는 공장을 해외로 이전하는 부분에 있어서 반대 입장을 가지고 있으며, 국내에 일자리 창출 문제도 생각해야 한다고 생각합니다. 단순히 해외 공장을 두는 문제 뿐만 아니라 국내 시장의 일자리 창출 방식도 생각해야 합니다.","wordCount":38}}},"rawDataInfo":{"question":{"fileFormat":"wav","fileSize":307278,"duration":9600,"samplingBit":16,"channelCount":1,"samplingRate":"16kHz","audioPath":"/Mock/01.Management/Male/Experienced/ckmk_q_bm_m_e_231963.wav"},"answer":{"fileFormat":"wav","fileSize":2694798,"duration":84210,"samplingBit":16,"channelCount":1,"samplingRate":"16kHz","audioPath":"/Mock/01.Management/Male/Experienced/ckmk_a_bm_m_e_231963.wav"}}}