{"version":"1.0","dataSet":{"info":{"date":"20230116","occupation":"BM","channel":"MOCK","place":"ONLINE","gender":"MALE","ageRange":"35-44","experience":"EXPERIENCED"},"question":{"raw":{"text":"아 저 업무를 수행하다가 어려운 일에 봉착을 했다면 어떻게 해결하실 건지 궁금합니다 지원자님의 음 본인만의 해결법과 왜 그렇게 해결할 건지 이유도 함께 말씀을 해 주시기 바랍니다","wordCount":26},"emotion":[],"intent":[]},"answer":{"raw":{"text":"어떤 업무를 하든 간에 우리는 난관에 봉착할 수 밖에 없습니다. 그럴 때마다 어떻게 해야 될까 큰 고민을 하게 된다면 저 역시도 해결법을 찾기 힘들 것입니다. 저는 난관에 부딪쳤을 때 항상 제일 먼저 생각하는 것이 이 문제를 분명히 저보다 누군가가 먼저 빠르게 경험하고 해결했을 것이라고 생각하기 때문에 그 회사의 동료 또는 직장 상사 또는 비슷한 분야의 동종업계 사람에게 먼저 조언을 구합니다. 특히나 제가 알지 못하는 분야나 제가 알았지만 예전에는 경험하지 못한 분야에 대해서는 타 부서의 전문가나 또는 그 윗 상사에게 같이 모여서 좋은 의견을 낼 수 있도록 브레인스토밍을 하는 편입니다. 브레임스토밍을 하다 보면 제가 모르는 부분 또는 제가 놓친 부분까지도 서로 모니터링을 하거나 서로 짚어 주기 때문에 좋은 방법을 찾는 경우들이 종종 있습니다. 그렇게 해도 좋은 방법을 찾지 못한다면 저는 유료 컨설팅 및 유료 상담을 통해서 전문가들에게 의뢰를 하고 싶습니다. 요즘은 크몽이나 숭고 또는 각종 온라인 광고 사이트에 많은 전문가들이 자신의 능력을 어 요청하는 경우들이 많습니다. 그분들에게 연락을 하거나 아니면 직접 모시면 문제는 반드시 해결되게 되어 있습니다.","wordCount":156},"emotion":[],"intent":[{"text":"","expression":"","category":"attitude"}],"summary":{"text":"난관에 부딪쳤을 때 그 회사 동료나 직장 상사 또는 비슷한 분야의 동종업계 사람에게 먼저 조언을 구합니다. 브레임스토밍을 하다 보면 모르는 부분까지도 서로 모니터링을 하여 좋은 방법을 찾는 경우들이 있습니다. 유료 컨설팅 및 유료 상담을 통해서 전문가들에게 의뢰를 하고 싶습니다.","wordCount":39}}},"rawDataInfo":{"question":{"fileFormat":"wav","fileSize":564558,"duration":17640,"samplingBit":16,"channelCount":1,"samplingRate":"16kHz","audioPath":"/Mock/01.Management/Male/Experienced/ckmk_q_bm_m_e_191493.wav"},"answer":{"fileFormat":"wav","fileSize":2686798,"duration":83960,"samplingBit":16,"channelCount":1,"samplingRate":"16kHz","audioPath":"/Mock/01.Management/Male/Experienced/ckmk_a_bm_m_e_191493.wav"}}}