{"version":"1.0","dataSet":{"info":{"date":"20230116","occupation":"BM","channel":"MOCK","place":"ONLINE","gender":"MALE","ageRange":"55-","experience":"EXPERIENCED"},"question":{"raw":{"text":"오늘 면접을 준비하기 위해서 여러 가지를 준비를 하셨을 텐데요 어떤 방식으로 준비를 했는지 궁금하구요 다른 지원자에 비해서 본인의 가장 큰 장점은 뭐라고 생각하십니까","wordCount":23},"emotion":[],"intent":[]},"answer":{"raw":{"text":"저는 회사에 관련된 모든 배경 지식을 달달달 외웠습니다. 정말 그 역사 공부 역사 시험 보듯이 이 기업의 탄생 배경부터 그 지금 이제 앞으로의 성장 목표 뭐 올해 올해에 또 발표되어 있는 올해의 어떤 비전이라든지 이런 거를 잔뜩 외우고 샅샅이 다 찾아보고 갔었구요. 심지어 저는 그 확인할 수 있는 그 조직표 조직표를 외웠습니다. 그래서 그 각 임원분들의 성함과 그 직급 체계 이런 것들을 외워서 사실 성함이 쪼금 간당간당하긴 했지만 그런 것들을 외우면서 이 회사에 대해서 내가 얼마나 잘 알고 있고 얼마나 여기에 소속되고 싶어하는지를 조금 어필해 보려고 그 절실함을 보여드리려고 많이 노력을 했었습니다.","wordCount":92},"emotion":[],"intent":[{"text":"","expression":"","category":"attitude"}],"summary":{"text":"저는 회사에 관련된 모든 배경 지식을 달달 외웠습니다. 그리고 임원분들의 성함과 직급 체계를 외워서 이 회사에 대해 제가 얼마나 잘 알고 있고 소속되고 싶어하는지를 어필해 보려고 많이 노력을 했습니다.","wordCount":29}}},"rawDataInfo":{"question":{"fileFormat":"wav","fileSize":558798,"duration":17460,"samplingBit":16,"channelCount":1,"samplingRate":"16kHz","audioPath":"/Mock/01.Management/Male/Experienced/ckmk_q_bm_m_e_100022.wav"},"answer":{"fileFormat":"wav","fileSize":2618318,"duration":81820,"samplingBit":16,"channelCount":1,"samplingRate":"16kHz","audioPath":"/Mock/01.Management/Male/Experienced/ckmk_a_bm_m_e_100022.wav"}}}