{"version":"1.0","dataSet":{"info":{"date":"20230116","occupation":"BM","channel":"MOCK","place":"ONLINE","gender":"MALE","ageRange":"35-44","experience":"EXPERIENCED"},"question":{"raw":{"text":"향후 이제 게임이 출시되는 상황을 가정하고요 그럴 때 생길 수 있는 문제에 대해서 생각해 보고 그 말씀해 주셨으면 좋겠습니다","wordCount":19},"emotion":[],"intent":[]},"answer":{"raw":{"text":"게임이 출시되면 가장 먼저 생기는 문제점은 버그라는 것입니다. 모든 프로그램은 우리가 알파 버전 베타 버전에서 도 생기지만 모든 것이 양산화되고 시장에 출시됐을 때 가장 뜻하지 않는 오류가 발생할 수 있습니다. 이 오류가 발생했을 때 가장 먼저 해야 될 것은 오류의 포인트가 무엇이며 이것을 현장에서 해결할 건지 아니면 품질 팀에 해결할 건지 아니면 알엔디인 개발팀에서 해결할 건지에 대해서 다 같이 논의를 해야 됩니다. 그리고 나서 하나하나씩 어디서 문제가 발견됐고 어떻게 해결할 수 있는지에 대한 깊은 논의가 필요합니다.","wordCount":76},"emotion":[],"intent":[{"text":"이 오류가 발생했을 때 가장 먼저 해야 될 것은 오류의 포인트가 무엇이며 이것을 현장에서 해결할 건지 아니면 품질 팀에 해결할 건지 아니면 알엔디인 개발팀에서 해결할 건지에 대해서 다 같이 논의를 해야 됩니다.","expression":"m_critical","category":"attitude"}],"summary":{"text":"게임이 출시됐을 때 가장 먼저 생기는 문제점은 버그입니다. 오류의 포인트와 해결 방법에 대해 개발팀과 현장팀, 품질팀, 개발팀 모두에 대한 깊은 논의가 필요합니다.","wordCount":22}}},"rawDataInfo":{"question":{"fileFormat":"wav","fileSize":475598,"duration":14860,"samplingBit":16,"channelCount":1,"samplingRate":"16kHz","audioPath":"/Mock/01.Management/Male/Experienced/ckmk_q_bm_m_e_156382.wav"},"answer":{"fileFormat":"wav","fileSize":1403918,"duration":43870,"samplingBit":16,"channelCount":1,"samplingRate":"16kHz","audioPath":"/Mock/01.Management/Male/Experienced/ckmk_a_bm_m_e_156382.wav"}}}