{"version":"1.0","dataSet":{"info":{"date":"20230116","occupation":"BM","channel":"MOCK","place":"ONLINE","gender":"MALE","ageRange":"35-44","experience":"EXPERIENCED"},"question":{"raw":{"text":"만약에 지원자님께서 사내 스터디를 만들어서 공부할 수 있는 기회가 있다면 어떤 것을 공부하고 싶으신지요 또 그것을 공부하고 싶은 이유도 함께 말씀해 주시기 바랍니다","wordCount":23},"emotion":[],"intent":[]},"answer":{"raw":{"text":"네 사내 스터디를 만약에 회사에서 만들어서 공부할 수 있고 많은 사람들과 사교성을 키울 수 있는 그런 자리를 만들 수 있다면 어 저 같으면 지금 제가 관심사를 갖고 있는 이런 재테크나 돈의 흐름 뭐 부동산 투자 주식 이런 분야를 통괄해서 재테크 스터디 그룹을 만들어서 어 많은 사람을 모집한 후에 각자의 노하우나 좋은 방법 좋은 정보 등을 공유하는 자리를 만들면 좋을 거 같습니다. 어차피 현대사회에서는 경제적인 자유를 다들 목표로 하고 열심히들 자기 본연에 업무에 대해서 충실하고 있는데 결국은 이런 것들을 최대한 공유하고 해서 그 효과를 극대화시킨다면은 어 회사 직원들도 사기가 올라갈 것이고 회사 입장에서도 직원들이 잘 되면 직원들의 그 업무 효율도 좋아지게 되고 그러면 회사에 이익도 창출이 될 수 있고 있기 때문에 여러 가지로 봤을 때 크게 봤을 때는 회사의 이익도 될 수 있고 개인의 이익도 될 수 있기 때문에 어 저는 재테크 스터디를 만들어서 많은 정보를 공유하고 싶습니다. 이상입니다.","wordCount":138},"emotion":[],"intent":[{"text":"","expression":"","category":"attitude"}],"summary":{"text":"사내 스터디그룹을 만들어 많은 사람과 사교성을 키울 수 있는 자리를 만들 수 있다면 회사 입장에서도 직원들의 사기진작과 업무 효율을 높일 수 있어 회사와 개인 모두 이익을 얻을 수 있기 때문에 많은 정보를 공유하는 자리를 만들고 싶습니다.","wordCount":36}}},"rawDataInfo":{"question":{"fileFormat":"wav","fileSize":442958,"duration":13840,"samplingBit":16,"channelCount":1,"samplingRate":"16kHz","audioPath":"/Mock/01.Management/Male/Experienced/ckmk_q_bm_m_e_226365.wav"},"answer":{"fileFormat":"wav","fileSize":2667598,"duration":83360,"samplingBit":16,"channelCount":1,"samplingRate":"16kHz","audioPath":"/Mock/01.Management/Male/Experienced/ckmk_a_bm_m_e_226365.wav"}}}