{"version":"1.0","dataSet":{"info":{"date":"20230116","occupation":"BM","channel":"MOCK","place":"ONLINE","gender":"MALE","ageRange":"55-","experience":"EXPERIENCED"},"question":{"raw":{"text":"만약에 입사 후에 기존에 원하던 일을 못 하게 되셨을 경우에 혹시 어떻게 하실지 그렇게 하실 이유도 한 번만 저희에게 설명해 주세요","wordCount":21},"emotion":[],"intent":[]},"answer":{"raw":{"text":"지원자님께서 입사 후 기존에 원하던 일을 못하게 되었을 경우 어떻게 하시겠습니까 그렇게 하실 이유도 말씀해 주세요. 기존에 원하던 일이 제가 원하던 일은 경영이라든가 기획하는 그런 일들일 것입니다. 그런 일들을 못 하게 됐을 때 어 상관은 없다고 생각합니다. 모든 일들이 제가 관심을 가졌던 일들이고 어떠한 일이든 간에 그런 일들에 최선을 다할 수 있는 그러한 자신감이 있습니다. 늘 여러 가지 일들을 해왔기 때문에 어 맡겨주는 여러 가지 분야에서도 최선을 다할 수 있을 것이라고 생각합니다. 저의 경험을 통해서 생각한다면은 현장에서도 일을 여태까지 해 왔습니다. 그러기 때문에 어떠한 일이든지 어 상관은 없다고 생각합니다. 왜 그러냐면은 참으로 그 남들이 하기 싫어하는 일들이 어떻게 보면 더욱더 재미있는 일이었던 거 같습니다. 그런 일들 속에서 새로운 사람과의 관계를 또한 만들어가고 또한 좋은 만남을 통해서 또 한 새로운 일들을 또한 성취했다고 생각을 합니다.","wordCount":124},"emotion":[{"text":"왜 그러냐면은 참으로 그 남들이 하기 싫어하는 일들이 어떻게 보면 더욱더 재미있는 일이었던 거 같습니다.","expression":"p-interest","category":"positive"}],"intent":[{"text":"","expression":"","category":"attitude"}],"summary":{"text":"저는 늘 여러 가지 일들을 해왔기 때문에 맡겨주는 여러 가지 분야에서도 최선을 다할 수 있을 것입니다. 남들이 하기 싫어하는 일들 속에서 새로운 사람과의 관계를 만들어가고 또 좋은 만남을 통해서 또 한 새로운 일을 성취했다고 생각합니다.","wordCount":35}}},"rawDataInfo":{"question":{"fileFormat":"wav","fileSize":411278,"duration":12850,"samplingBit":16,"channelCount":1,"samplingRate":"16kHz","audioPath":"/Mock/01.Management/Male/Experienced/ckmk_q_bm_m_e_145079.wav"},"answer":{"fileFormat":"wav","fileSize":2913358,"duration":91040,"samplingBit":16,"channelCount":1,"samplingRate":"16kHz","audioPath":"/Mock/01.Management/Male/Experienced/ckmk_a_bm_m_e_145079.wav"}}}