{"version":"1.0","dataSet":{"info":{"date":"20230116","occupation":"BM","channel":"MOCK","place":"ONLINE","gender":"MALE","ageRange":"55-","experience":"EXPERIENCED"},"question":{"raw":{"text":"본인은 이 분야의 지원을 하기 위해 어떤 관련된 노력을 하셨는지 말씀을 해 주시고 편하게 생각나는 대로 말씀해 주시기 바랍니다","wordCount":19},"emotion":[],"intent":[]},"answer":{"raw":{"text":"제가 디지털 금융을 지원하게 된 이유는 물론 제가 대학교 전공이 디지털 경제학이었기 때문에 그래서 아는 부분도 있고 배운 게 있어서 물론 여기에 지원을 하게 됐습니다. 학교에서 배운 지식 가지고는 굉장히 많이 부족하죠. 그래서 저는 디지컬탈 디지털 금융과 관련한 강의 학원 수강을 많이 들은 편이었습니다. 또 거기에 관련된 서적도 좀 읽었고요. 그래서 실제 이 기업에 가서 일을 실무적으로 할 때에 큰 불편함이 없도록 이론적인 것 외에도 실무적인 것도 사전에 배워서 준비를 좀 했었고요. 그리고 제가 아르바이트도 이런 부분에 경력을 쌓기 위해서 은행권에서도 아르바이트를 수행했고 또 어떤 은행에서는 인턴 생활도 잠시 했었습니다.","wordCount":90},"emotion":[],"intent":[{"text":"제가 디지털 금융을 지원하게 된 이유는 물론 제가 대학교 전공이 디지털 경제학이었기 때문에 그래서 아는 부분도 있고 배운 게 있어서 물론 여기에 지원을 하게 됐습니다.","expression":"c_sincere_job","category":"etc"},{"text":"그리고 제가 아르바이트도 이런 부분에 경력을 쌓기 위해서 은행권에서도 아르바이트를 수행했고 또 어떤 은행에서는 인턴 생활도 잠시 했었습니다.","expression":"c_private","category":"background"}],"summary":{"text":"디지털 금융을 지원하게 된 이유는 대학교 전공이 디지털 경제학이었기 때문에 아는 부분도 있고 배운 게 있어서 입니다. 학교에서 배운 지식 가지고는 부족하기 때문에 학원 수강은 많이 들은 편이고 실무적인 것도 미리 배워서 준비를 좀 했습니다.","wordCount":35}}},"rawDataInfo":{"question":{"fileFormat":"wav","fileSize":417358,"duration":13040,"samplingBit":16,"channelCount":1,"samplingRate":"16kHz","audioPath":"/Mock/01.Management/Male/Experienced/ckmk_q_bm_m_e_244225.wav"},"answer":{"fileFormat":"wav","fileSize":2227918,"duration":69620,"samplingBit":16,"channelCount":1,"samplingRate":"16kHz","audioPath":"/Mock/01.Management/Male/Experienced/ckmk_a_bm_m_e_244225.wav"}}}