{"version":"1.0","dataSet":{"info":{"date":"20230116","occupation":"BM","channel":"MOCK","place":"ONLINE","gender":"MALE","ageRange":"35-44","experience":"EXPERIENCED"},"question":{"raw":{"text":"지원자님께서는 뵤 본인이 교번 근무에 잘 적응할 수 있다고 생각하시나요 그렇다면 그 근거와 함께 말씀 부탁드립니다","wordCount":16},"emotion":[],"intent":[]},"answer":{"raw":{"text":"네 저희 그 본인이 교번근무에 잘 적응할 수 있냐고 한 번 말씀해 주셨는데 그 부분에 대해서 한번 생각해보고 또 답변 드리도록 하겠습니다. 일단 교번근무라고 하면 뭐 이 교대 삼 교대 사 교대 이런 교대 근무가 일 것인데 교대 근무를 한다는 것은 그 이십 사 시간 동안 생산을 한다든지 그런 부분에 있어서 교번근무가 적용돼서 진행이 될 것입니다. 이런 교번근무에 대한 경험이 또 있습니다. 삼 교대 사 교대 뭐 다 해봤기 때문에 그런 부분에 있어서는 뭐 적응하는 데는 뭐 한 일주일에서 한 달 정도면 충분하게 적용할 수 있다고 생각합니다. 모든 일에는 장단점이 있습니다. 야간 일을 하다보면 낮과 밤이 바뀔 것이고 그런 부분에서는 몸의 생체적 리듬이나 이런 것들이 조금 깨지게 되는 부분이 단점이 될 것입니다. 하지만 또 장점도 있습니다. 장점은 낮 시간이라든지 자기가 좀 효율적으로 활용하고 부지런하고 한다고 하면은 오히려 또 이점도 많이 있습니다. 이 그런 부분이 있기 때문에 어 잘 적용시킨다고 하면은 적응하는 데는 문제가 없을 것 같습니다. 이상입니다.","wordCount":147},"emotion":[],"intent":[{"text":"","expression":"","category":"attitude"}],"summary":{"text":"교번근무에 대한 적응 질문에는 일주일에서 한 달 정도면 충분히 적응할 수 있다고 생각합니다. 모든 일에 장단점이 있기 때문에 잘 적용시킨다면 적응하는 데는 문제가 없을 것 같습니다.","wordCount":26}}},"rawDataInfo":{"question":{"fileFormat":"wav","fileSize":621518,"duration":19420,"samplingBit":16,"channelCount":1,"samplingRate":"16kHz","audioPath":"/Mock/01.Management/Male/Experienced/ckmk_q_bm_m_e_214739.wav"},"answer":{"fileFormat":"wav","fileSize":2636238,"duration":82380,"samplingBit":16,"channelCount":1,"samplingRate":"16kHz","audioPath":"/Mock/01.Management/Male/Experienced/ckmk_a_bm_m_e_214739.wav"}}}