{"version":"1.0","dataSet":{"info":{"date":"20230116","occupation":"BM","channel":"MOCK","place":"ONLINE","gender":"MALE","ageRange":"55-","experience":"EXPERIENCED"},"question":{"raw":{"text":"과거에 프로젝트를 수행했던 경험이 있으신가요 만약 있다면 그것은 어떤 프로젝트였고 그 안에서 지원자님이 어떤 역할을 맡으셨나요","wordCount":16},"emotion":[],"intent":[]},"answer":{"raw":{"text":"이 질문은 제가 이해하기가 난해하고 어렵습니다. 무형문화유산의 보호는 후손을 위해서 반드시 지켜야 하고 보존해야 할 의무라 생각하며 사회적 관념도 동일하다고 생각합니다. 무형문화유산을 보호하기 위해서는 국가의 많은 관심과 상당한 자원이 필요하다고 보여집니다. 또한 사회적으로도 국민들이 공감대를 갖고 문화재에 대한 존경과 관심을 꾸준히 갖고 필요하다면 계도도 하고 전파도 하고 문화 유산의 우수성을 홍보도 하는 등 노력이 필요하다고 보여집니다.","wordCount":56},"emotion":[],"intent":[{"text":"","expression":"","category":"attitude"}],"summary":{"text":"무형문화유산의 보호는 후손을 위해 반드시 지켜야 하고 보존해야 할 의무로 국가의 많은 관심과 상당한 자원이 필요합니다. 또한 국민적 관심과 홍보도 필요합니다.","wordCount":21}}},"rawDataInfo":{"question":{"fileFormat":"wav","fileSize":569358,"duration":17790,"samplingBit":16,"channelCount":1,"samplingRate":"16kHz","audioPath":"/Mock/01.Management/Male/Experienced/ckmk_q_bm_m_e_233650.wav"},"answer":{"fileFormat":"wav","fileSize":1765838,"duration":55180,"samplingBit":16,"channelCount":1,"samplingRate":"16kHz","audioPath":"/Mock/01.Management/Male/Experienced/ckmk_a_bm_m_e_233650.wav"}}}