{"version":"1.0","dataSet":{"info":{"date":"20230116","occupation":"BM","channel":"MOCK","place":"ONLINE","gender":"MALE","ageRange":"35-44","experience":"EXPERIENCED"},"question":{"raw":{"text":"면접자님은 남들과 다른 자신만의 경쟁력을 설명해 주세요 경쟁력을 키우기 위해 어떤 노력을 했는지도 말씀해 주시기 바랍니다","wordCount":16},"emotion":[],"intent":[]},"answer":{"raw":{"text":"어 남들과 다른 저만의 경쟁력을 말씀드리겠습니다. 어 저는 가장 큰 경쟁력은 경험일 거 같습니다. 이런 경험에서 나오는 그런 노하우를 저만의 경쟁력이라 말씀드릴 수 있을 거 같은데 지금 여기 지원자들에 비해서 제가 좀 나이도 좀 있고 어 한 세 군데 회사에서 업무를 많이 했었기 때문에 그런 경험이 아무리 뛰어난 능력을 다 커버할 수 있다고 생각합니다. 그래서 아무리 능력이 좋고 개인 능력이 좋고 뭐 공부를 잘 했다고 해서 이 회사 실무는 모든 게 경험을 이길 수는 없었다고 생각합니다. 그래서 저는 여러 군데에서 많은 경험을 해야 한다고 생각하기 때문에 아 그래서 지금 이 회사 인제 큰 회사도 와보게 됐습니다. 그래서 그런 경쟁력을 어 저를 포함한다고 하면 여기서 제가 이제 개인 능력이나 회사에 빨리 적응해서 회사에 도움이 될 수 있는 인재가 되지 않을까 싶습니다. 네 이상입니다.","wordCount":122},"emotion":[],"intent":[{"text":"","expression":"","category":"attitude"}],"summary":{"text":"저는 나이가 좀 있고 세 군데 회사에서 업무를 많이 해서 경험이 아무리 뛰어난 능력을 다 커버할 수 있다고 생각합니다. 그래서 저는 여러 군데에서 많은 경험을 해야 한다고 생각하기 때문에 앞으로 회사에 도움이 될 수 있는 인재가 되지 않을까 생각합니다.","wordCount":39}}},"rawDataInfo":{"question":{"fileFormat":"wav","fileSize":361358,"duration":11290,"samplingBit":16,"channelCount":1,"samplingRate":"16kHz","audioPath":"/Mock/01.Management/Male/Experienced/ckmk_q_bm_m_e_145289.wav"},"answer":{"fileFormat":"wav","fileSize":2260558,"duration":70640,"samplingBit":16,"channelCount":1,"samplingRate":"16kHz","audioPath":"/Mock/01.Management/Male/Experienced/ckmk_a_bm_m_e_145289.wav"}}}