{"version":"1.0","dataSet":{"info":{"date":"20230116","occupation":"BM","channel":"MOCK","place":"ONLINE","gender":"MALE","ageRange":"35-44","experience":"EXPERIENCED"},"question":{"raw":{"text":"지원자님의 의견을 주장하실 때 강하게 주장하는 편이신가요 평소 어떤 스타일로 본인의 의견을 주장하시는지 말씀 부탁드립니다","wordCount":15},"emotion":[],"intent":[]},"answer":{"raw":{"text":"저는 저의 의견을 표할 때 매우 부드럽게 표현합니다. 어떻게 보면 저의 의견이 약하게 보일 수도 있지만 팀원과 의견 충돌을 가능하면 줄이려는 저의 노력입니다. 하지만 의견 충돌이 일어나면 저희 의견을 조금은 강하게 밀어붙일 때도 있습니다. 일단 저의 의견과 다른 팀원의 의견을 나머지 팀원들이 충분히 고려할 시간을 주고 그들이 선택할 시간을 줍니다. 만약 저의 의견에 다른 팀원들의 동의가 부족하다면 저 그때는 조금 더 주장을 뒷받침하여 의견을 강하게 밀어붙이는 경우도 조금은 있습니다. 하지만 제가 가장 중요하게 여기는 것은 팀원의 결속력이고 팀원의 의견이 서로 다를지언정 팀원이 의견 다툼으로 인해서 서로 갈라지는 일이 없도록 하는 것이 제일 중요하다고 저는 생각합니다.","wordCount":95},"emotion":[],"intent":[{"text":"","expression":"","category":"attitude"}],"summary":{"text":"팀원과의 의견 충돌을 줄이려는 노력으로 의견을 표할 때 부드러운 표현을 사용합니다. 의견 충돌이 일어났을 때 강하게 밀어붙일 때도 있지만 팀원의 결속력이 가장 중요합니다. 의견이 다를 뿐 의견 다툼으로 인해 갈라지는 일이 없도록 하는 것이 가장 중요하다고 생각합니다.","wordCount":37}}},"rawDataInfo":{"question":{"fileFormat":"wav","fileSize":606798,"duration":18960,"samplingBit":16,"channelCount":1,"samplingRate":"16kHz","audioPath":"/Mock/01.Management/Male/Experienced/ckmk_q_bm_m_e_246643.wav"},"answer":{"fileFormat":"wav","fileSize":2190798,"duration":68460,"samplingBit":16,"channelCount":1,"samplingRate":"16kHz","audioPath":"/Mock/01.Management/Male/Experienced/ckmk_a_bm_m_e_246643.wav"}}}