{"version":"1.0","dataSet":{"info":{"date":"20230116","occupation":"BM","channel":"MOCK","place":"ONLINE","gender":"MALE","ageRange":"-34","experience":"EXPERIENCED"},"question":{"raw":{"text":"직무 수행 시 난관에 봉착했다면 지원자님께서는 어떻게 해결하시겠습니까 지원자님의 해결법과 또 그 이유를 말씀해 주세요","wordCount":15},"emotion":[],"intent":[]},"answer":{"raw":{"text":"일을 하면서 어려운 일에 봉착했다면 어 저라면 선배들에게 조언을 얻을 것 같습니다. 선배들은 여기서 일을 하면서 다양한 어려움도 겪어봤을 거고 시행착오도 겪어봤을 것이라고 생각합니다. 그런 선배들에게 어려운 일을 같이 도와달라고 하거나 조언을 얻는다면 제가 혼자서 어려운 일을 해결하는 것보다 훨씬 빠르고 효과적으로 해결할 수 있다고 생각합니다. 그래서 저는 선배들에게 조언을 얻는 게 가장 효과적인 방법이라고 생각합니다.","wordCount":56},"emotion":[],"intent":[{"text":"","expression":"","category":"attitude"}],"summary":{"text":"일을 하면서 많은 어려움을 겪고 시행착오도 겪었을 선배에게 조언을 얻는다면 혼자서는 어려운 일을 해결하는 것보다 빠르고 효과적으로 해결할 수 있다고 생각합니다.","wordCount":21}}},"rawDataInfo":{"question":{"fileFormat":"wav","fileSize":539598,"duration":16860,"samplingBit":16,"channelCount":1,"samplingRate":"16kHz","audioPath":"/Mock/01.Management/Male/Experienced/ckmk_q_bm_m_e_199628.wav"},"answer":{"fileFormat":"wav","fileSize":1642958,"duration":51340,"samplingBit":16,"channelCount":1,"samplingRate":"16kHz","audioPath":"/Mock/01.Management/Male/Experienced/ckmk_a_bm_m_e_199628.wav"}}}