{"version":"1.0","dataSet":{"info":{"date":"20230116","occupation":"BM","channel":"MOCK","place":"ONLINE","gender":"MALE","ageRange":"55-","experience":"EXPERIENCED"},"question":{"raw":{"text":"기획이라는 것이 어떤 것이라고 생각하는지 본인만의 생각대로 말씀해 주세요","wordCount":9},"emotion":[],"intent":[]},"answer":{"raw":{"text":"그 기획은 음 어떤 아이디어가 떠올랐을 때 이제 그거를 어 상품 가치가 있도록 어 열심히 그 구상을 해서 그거를 판매하기까지의 그 과정을 모두 그려내는 것 그게 기획이 아닐까요 그게 기획인 것 같아요. 어떤 상품을 생각하고 어떻게 만들지 구체화하고 어떻게 이거를 판매할 수 있을지 판매할 수 있도록 홍보를 생각하고 또 그 홍보를 실행하고 그래서 눈앞에 소비자한테 그것이 전달되기까지 고 전체 부분을 이제 기획이 기획자로서 그런 큰 흐름을 관리하는 거 그게 아닐까요. 그거라고 생각합니다.","wordCount":72},"emotion":[],"intent":[{"text":"","expression":"","category":"attitude"}],"summary":{"text":"기획이란 어떤 아이디어가 떠올랐을 때 상품 가치가 있도록 구상해서 판매하기까지의 과정을 모두 그려내는 것입니다. 판매 수 있도록 홍보하고 소비자에게 전달되기까지 기획이 기획자로서 큰 흐름을 관리하는 것입니다.","wordCount":26}}},"rawDataInfo":{"question":{"fileFormat":"wav","fileSize":327758,"duration":10240,"samplingBit":16,"channelCount":1,"samplingRate":"16kHz","audioPath":"/Mock/01.Management/Male/Experienced/ckmk_q_bm_m_e_156413.wav"},"answer":{"fileFormat":"wav","fileSize":2620238,"duration":81880,"samplingBit":16,"channelCount":1,"samplingRate":"16kHz","audioPath":"/Mock/01.Management/Male/Experienced/ckmk_a_bm_m_e_156413.wav"}}}