{"version":"1.0","dataSet":{"info":{"date":"20230116","occupation":"BM","channel":"MOCK","place":"ONLINE","gender":"MALE","ageRange":"55-","experience":"EXPERIENCED"},"question":{"raw":{"text":"어 본인이 스터디를 따로 하고 계신 게 있으신가요 있으시다면 이제 어떤 스터디를 하고 계신지 이제 그 공부를 왜 하고 계신지도 함께 설명해 주시길 바랍니다","wordCount":24},"emotion":[],"intent":[]},"answer":{"raw":{"text":"네 저는 그 이천 십 년부터 자기 계발을 시작을 했어요. 그래서 방송통신대학교에 입학을 해서 교육학을 제가 전공을 하고 또 대학원 동 대학원에 또 입학을 편입학을 해서 어 평생교육학을 제가 전공을 하게 되었습니다. 이러한 과정을 통해서 어 제가 어 배웠던 것은 무엇이냐 하면 어 그 전에 학부에서는 제가 이과 계통 전산학을 전공을 했었는데 다시 자기 계발 계획을 세우면서 교육학을 접하면서 문과에 대한 부분을 제가 접하게 되었다 하는 것이죠. 이것을 통해서 이과적 삶에서 문과적 삶 자연과학의 삶에서 사회 과학에 대한 삶도 배우게 되었다는 것입니다. 그래서 양쪽에 대한 밸런스에 대한 부분을 배우게 된 것이 가장 큰 강점이었구요. 이것을 통해서 자기 계발을 하다 보니 목표가 또 하나 생기게 되었어요. 그래서 올해는 사회 복지사를 취득하려고 사회복지학에 대한 부분을 또한 공부를 현재 하고 있습니다. 그래서 이러한 자기 계발은 끊임없는 나 나 자신과의 싸움이다 나 자신을 발전시키는 요소다 라고 생각을 합니다. 감사합니다.","wordCount":135},"emotion":[],"intent":[{"text":"그래서 방송통신대학교에 입학을 해서 교육학을 제가 전공을 하고 또 대학원 동 대학원에 또 입학을 편입학을 해서 어 평생교육학을 제가 전공을 하게 되었습니다.","expression":"c_private","category":"background"},{"text":"그래서 올해는 사회 복지사를 취득하려고 사회복지학에 대한 부분을 또한 공부를 현재 하고 있습니다.","expression":"c_imp","category":"personality"}],"summary":{"text":"저는 이천 십 년부터 자기 계발을 시작했습니다. 방송통신대학교에 입학 후 교육학을 전공하고 대학원에서 평생교육학을 전공했습니다. 이것을 통해 문과와 자연과학의 삶 사이에 균형에 대한 부분을 배웠고 이것을 통해 목표가 생겼습니다. 자기 계발은 나 자신을 발전시키는 요소라고 생각합니다.","wordCount":36}}},"rawDataInfo":{"question":{"fileFormat":"wav","fileSize":530638,"duration":16580,"samplingBit":16,"channelCount":1,"samplingRate":"16kHz","audioPath":"/Mock/01.Management/Male/Experienced/ckmk_q_bm_m_e_229450.wav"},"answer":{"fileFormat":"wav","fileSize":2985678,"duration":93300,"samplingBit":16,"channelCount":1,"samplingRate":"16kHz","audioPath":"/Mock/01.Management/Male/Experienced/ckmk_a_bm_m_e_229450.wav"}}}