{"version":"1.0","dataSet":{"info":{"date":"20230116","occupation":"BM","channel":"MOCK","place":"ONLINE","gender":"MALE","ageRange":"35-44","experience":"EXPERIENCED"},"question":{"raw":{"text":"본인이 알고 있는 프로젝트 관리 기법에 대해서 설명해 주세요","wordCount":9},"emotion":[],"intent":[]},"answer":{"raw":{"text":"어 프로젝트 관리 기법에 대해서 어 설명을 해 드리겠습니다. 답변 드리겠습니다. 어 일단 프로젝트 관리 기법은 여러 가지가 있을 건데 파트별로 나눠서 맡은 업무에 대해서 어 연구해 온 후에 만 이틀 뒤에 다시 만나서 그 부분에 대해서 조율을 하고 좋은 아이디어가 무엇인지 또 성과가 있을 만한 것은 무엇인지들을 선택하게 돼서 다시 그 과제를 통해서 또 다시 업무 분담을 합니다. 그렇게 해서 업무 분담을 해서 세부적인 분야 이제 뭐 수치화되는 그런 과정까지 실측을 한 다음에 그 부분에 대해서 제 최종적으로 결정을 하고 그 프로젝트에 대해서 리서치 해 내게 되면 그에 대한 프로젝트 관리가 되면서 그렇게 하면서 성과 있는 프로젝트가 진행이 될 것 같습니다. 이상입니다.","wordCount":103},"emotion":[],"intent":[{"text":"","expression":"","category":"attitude"}],"summary":{"text":"프로젝트 관리 기법은 파트별로 맡은 업무에 대해 연구한 후에 이틀 뒤에 다시 만나 조율하고 업무 분담을 합니다. 세부적인 분야 수치화 과정을 실측한 후 최종 결정을 하고 리서치를 하면 그에 대한 프로젝트 관리가 되면서 성과 있는 프로젝트가 진행됩니다.","wordCount":37}}},"rawDataInfo":{"question":{"fileFormat":"wav","fileSize":227278,"duration":7100,"samplingBit":16,"channelCount":1,"samplingRate":"16kHz","audioPath":"/Mock/01.Management/Male/Experienced/ckmk_q_bm_m_e_217250.wav"},"answer":{"fileFormat":"wav","fileSize":1815758,"duration":56740,"samplingBit":16,"channelCount":1,"samplingRate":"16kHz","audioPath":"/Mock/01.Management/Male/Experienced/ckmk_a_bm_m_e_217250.wav"}}}