{"version":"1.0","dataSet":{"info":{"date":"20230116","occupation":"BM","channel":"MOCK","place":"ONLINE","gender":"MALE","ageRange":"35-44","experience":"EXPERIENCED"},"question":{"raw":{"text":"지원자님께서 역사 속에서 가장 존경하는 인물을 말씀해 주시고 지원자님이 그 임무를 가장 존경하는 이유에 대해서도 말씀해 주시기 바랍니다","wordCount":18},"emotion":[],"intent":[]},"answer":{"raw":{"text":"제가 가장 존경하는 인물은 이순신 장군입니다. 첫 번째 그 이유로는 자원을 최적 최적으로 활용해서 효율적으로 임무를 완수하였습니다. 전라 좌수사로서 가진 리소스는 부족했지만 해당 리소스를 최적으로 갈분해서 임무을 완수하였습니다. 두 번째는 포기하지 않고 임무를 완수했던 것입니다. 배경 전략 즉 모든 것이 부족했지만 조선 수군을 승리로 이끌었던 임무를 완수했던 인물입니다. 세 번째로는 전략이었습니다. 승리하기 위해 모든 전략을 가지고 싸웠던 인물이어서 제가 가장 존경합니다. 이상입니다.","wordCount":62},"emotion":[{"text":"제가 가장 존경하는 인물은 이순신 장군입니다.","expression":"p-affection","category":"positive"},{"text":"승리하기 위해 모든 전략을 가지고 싸웠던 인물이어서 제가 가장 존경합니다.","expression":"p-affection","category":"positive"}],"intent":[{"text":"","expression":"","category":"attitude"}],"summary":{"text":"이순신 장군은 자원을 최적으로 활용해서 효율적으로 임무를 완수하였고, 실패하지 않고 임무를 완수했으며, 모든 전략을 가지고 싸웠던 인물이어서 제가 가장 존경합니다.","wordCount":20}}},"rawDataInfo":{"question":{"fileFormat":"wav","fileSize":661838,"duration":20680,"samplingBit":16,"channelCount":1,"samplingRate":"16kHz","audioPath":"/Mock/01.Management/Male/Experienced/ckmk_q_bm_m_e_240983.wav"},"answer":{"fileFormat":"wav","fileSize":1701198,"duration":53160,"samplingBit":16,"channelCount":1,"samplingRate":"16kHz","audioPath":"/Mock/01.Management/Male/Experienced/ckmk_a_bm_m_e_240983.wav"}}}