{"version":"1.0","dataSet":{"info":{"date":"20230116","occupation":"BM","channel":"MOCK","place":"ONLINE","gender":"MALE","ageRange":"-34","experience":"EXPERIENCED"},"question":{"raw":{"text":"평소에 검색은 자주 하시는 편인가요 구체적으로 어떤 검색을 왜 하시는지 말씀해 주세요","wordCount":12},"emotion":[],"intent":[]},"answer":{"raw":{"text":"저는 핸드폰을 달고 살기 때문에 검색도 많이 하는데요. 보통 해외에 대한 궁금한 걸 찾아볼 때는 구글을 통해서 찾아보는 편이고요. 국내 어떤 정보를 찾고자 할 때는 네이버를 사용합니다. 그런데 보통 퇴근하고 나면 피곤하기도 하고 핸드폰에서 주로 스트레스를 풀 수 있는 어떠한 검색을 합니다. 그래서 요즘은 유튜브를 많이 봅니다. 유튜브에서 보는 유익한 정보들 재미있는 영상들 요즘 트렌드 그런 거와 관련된 검색을 자주 하는 편입니다.","wordCount":62},"emotion":[],"intent":[{"text":"","expression":"","category":"attitude"}],"summary":{"text":"핸드폰을 달고 사는 저는 해외에 대한 정보를 검색할 때는 구글을, 국내 정보를 찾으려 할 때는 네이버를 주로 검색합니다. 최근엔 유튜브를 자주 보는 편입니다.","wordCount":23}}},"rawDataInfo":{"question":{"fileFormat":"wav","fileSize":473358,"duration":14790,"samplingBit":16,"channelCount":1,"samplingRate":"16kHz","audioPath":"/Mock/01.Management/Male/Experienced/ckmk_q_bm_m_e_105990.wav"},"answer":{"fileFormat":"wav","fileSize":1604558,"duration":50140,"samplingBit":16,"channelCount":1,"samplingRate":"16kHz","audioPath":"/Mock/01.Management/Male/Experienced/ckmk_a_bm_m_e_105990.wav"}}}