{"version":"1.0","dataSet":{"info":{"date":"20230116","occupation":"BM","channel":"MOCK","place":"ONLINE","gender":"MALE","ageRange":"35-44","experience":"EXPERIENCED"},"question":{"raw":{"text":"직장을 선택할 때 지원자님께서 가장 중요하게 생각하시는 것이 있습니까 중요하게 생각하시는 것이 있다면 세 가지의 세 가지만 말씀 부탁드립니다","wordCount":19},"emotion":[],"intent":[]},"answer":{"raw":{"text":"어 제가 직장을 선택할 때 제일 중요하게 여기는 세 가지에 대해서 답변드리겠습니다. 일단 첫 번째는 뭐니뭐니 해도 회사의 분위기가 제일 중요할 것으로 판단이 됩니다. 회사에 인제 분위기가 좋고 부드럽고 딱딱하지 않은 그런 회사에서는 제가 이런 분위기상이나 뭐 이런 세밀한 부분까지 봤을 때 눈치를 보지 않고 하기 때문에 장기적으로 근무할 수 있는 여건을 갖춘다고 생각합니다. 그 두 번째는 회사의 보 복지 분야가 있을 것이고 세 번째는 어 인제 연봉 분야가 있을 것인데 그래서 일단 첫 번째 제일 중요하게 여기는 게 저는 그 회사만이 갖고 있는 그 분위기를 중요시 여기고 싶습니다. 네 이상입니다.","wordCount":91},"emotion":[],"intent":[{"text":"","expression":"","category":"attitude"}],"summary":{"text":"직장 선택 시 중요하게 여기는 세 가지에 대해 답변드리겠습니다. 첫째, 회사 분위기가 제일 중요합니다. 둘째, 회사의 복지 분야가 있고 셋째, 연봉 분야가 있습니다. 회사만의 그 분위기를 중요시 여기고 싶습니다.","wordCount":29}}},"rawDataInfo":{"question":{"fileFormat":"wav","fileSize":457678,"duration":14300,"samplingBit":16,"channelCount":1,"samplingRate":"16kHz","audioPath":"/Mock/01.Management/Male/Experienced/ckmk_q_bm_m_e_214731.wav"},"answer":{"fileFormat":"wav","fileSize":1622478,"duration":50700,"samplingBit":16,"channelCount":1,"samplingRate":"16kHz","audioPath":"/Mock/01.Management/Male/Experienced/ckmk_a_bm_m_e_214731.wav"}}}