{"version":"1.0","dataSet":{"info":{"date":"20230116","occupation":"BM","channel":"MOCK","place":"ONLINE","gender":"MALE","ageRange":"55-","experience":"EXPERIENCED"},"question":{"raw":{"text":"어 해외에 이제 파견 근무를 나가게 되는 상황이 발생할 수 있는데요 어 지원자님께서는 어느 나라에서 근무를 하고 싶으신지 궁금합니다 그리고 그렇게 생각하신 이유도 함께 말씀해 주세요","wordCount":26},"emotion":[],"intent":[]},"answer":{"raw":{"text":"해외 파견 근무를 하게 된다 면은 싱가폴을 가고 싶습니다. 그 이유는 제가 회사에 근무하면서 약 이 년 정도 싱가폴에서 주자원으로 근무를 해 본 적이 있습니다. 그런데 한 번 가고 나면은 또 다시 간다는 게 쉽지가 않지만 다시 한 번 파격 근무가 주어지게 된다 면은 다른 나라보다도 제가 갔었던 싱가폴을 다시 한 번 가보고 싶습니다. 날씨가 일 년 열 두 답 덥고 하긴 하지만 에어컨 시스템이 잘 갖춰져 있어서 그렇게 근무하는데 덥거나 습하거나 그러지는 않더라고요. 또한 싱가폴이 지역별로 좁다 보니깐 걸어서 아니면은 대중교통이 잘 발달돼서 타고 다니면 싱가폴 곳곳을 다 볼 수 있고 싱가폴 주민들 또 싱가폴의 역사 문화 들을 쉽게 접할 수 있는 장점이 있어서 다시 한 번 일을 하고 싶습니다.","wordCount":111},"emotion":[{"text":"그 이유는 제가 회사에 근무하면서 약 이 년 정도 싱가폴에서 주자원으로 근무를 해 본 적이 있습니다.","expression":"u-fact","category":"neutral"},{"text":"면은 다른 나라보다도 제가 갔었던 싱가폴을 다시 한 번 가보고 싶습니다.","expression":"p-interest","category":"positive"},{"text":"또한 싱가폴이 지역별로 좁다 보니깐 걸어서 아니면은 대중교통이 잘 발달돼서 타고 다니면 싱가폴 곳곳을 다 볼 수 있고 싱가폴 주민들 또 싱가폴의 역사 문화 들을 쉽게 접할 수 있는 장점이 있어서 다시 한 번 일을 하고 싶습니다.","expression":"p-interest","category":"positive"}],"intent":[{"text":"","expression":"","category":"attitude"}],"summary":{"text":"해외 파견 근무를 하게 되면 다시 한번 싱가폴을 가보고 싶습니다. 그 이유는제가 이 년 정도 싱가폴에서 주자원으로 근무를 해 본 적이 있는데, 다시 한 번 파격 근무가 주어지게 되면 다른 나라보다도 제가 다시 한번 가 보고 싶기 때문입니다.","wordCount":38}}},"rawDataInfo":{"question":{"fileFormat":"wav","fileSize":524878,"duration":16400,"samplingBit":16,"channelCount":1,"samplingRate":"16kHz","audioPath":"/Mock/01.Management/Male/Experienced/ckmk_q_bm_m_e_243975.wav"},"answer":{"fileFormat":"wav","fileSize":2529038,"duration":79030,"samplingBit":16,"channelCount":1,"samplingRate":"16kHz","audioPath":"/Mock/01.Management/Male/Experienced/ckmk_a_bm_m_e_243975.wav"}}}