{"version":"1.0","dataSet":{"info":{"date":"20230116","occupation":"BM","channel":"MOCK","place":"ONLINE","gender":"MALE","ageRange":"35-44","experience":"EXPERIENCED"},"question":{"raw":{"text":"어 성과나 목표 관리는 참 중요한 어 업무죠 어 중요한 사항이죠 본인이 그 성과나 목표 관리에 대해서 잘 아시는지 거기에 대해서 세부적으로 설명해 주시기 바랍니다","wordCount":25},"emotion":[],"intent":[]},"answer":{"raw":{"text":"기존의 방식인 성과와 목표를 관리하기 위한 케이 피 아이 라는 게 있었습니다. 키 퍼포먼스 인덱스라고 하는데요. 이제는 케이 피 아이 보다는 오케이 알 이라고 하는 구글에서 쓰는 방법을 쓰고 있습니다. 오케이 알 은 오브젝티브 키 바이 리절트인데요. 결과에 따른 목표 성과입니다. 구글이 케이 피 아이 를 지양하고 오케이 알 를 지양함으로 인하여 오 년 안에 팔십 퍼센트 이상의 성장을 했다고 합니다. 그러면 오케이 알은 어떤 식으로 성과를 정하고 목표를 관리할까요. 바로 오케이알 은 우리 팀의 목표를 설정합니다. 그 팀의 목표 부서의 목표 각자의 목표를 어떻게 성과를 관리할 수 있는지에 대한 케이 피 아이 와 약간 유사하지만 전체적인 시스템을 상승시킬 수 있는 방법입니다. 케이 피 아이 는 단순하게 내 것만 잘하면 되는 시스템이었지만 오케이 알은 우리 팀이 어떻게 한 단계 성장할 수 있는지 인건비를 어떻게 줄일 수 있고 효율성을 어떻게 높일 수 있고 그 효율성 이 어 프로세스를 절차를 줄임으로써 어떻게 나중에 다른 값을 도출할 수 있는지에 대한 빅 데이터를 활용합니다. 예를 들어서 지금 하고 있는 개발 업무를 한 시간 걸릴 거를 오십 오 분으로 단축하면 일 년 후 이 년 후에 인건비와 개발 능력이 어떻게 향상 되는지에 대한 데이터를 눈으로 보면서 실시간으로 관리를 하고 있습니다.","wordCount":185},"emotion":[],"intent":[{"text":"","expression":"","category":"attitude"}],"summary":{"text":"구글에서 쓰는 방법인 케이 피 아이 보다는 오브젝티브 키 바이 리절트인 승인 알 이라는 방법을 쓰고 있습니다. 승인 알은 우리 팀의 목표를 설정하고 그 팀의 목표 부서의 목표 각자의 목표를 어떻게 성과를 관리할 수 있는지에 대한 케이피 아이 와 약간 유사하지만 전체적인 시스템을 상승시킬 수 있는 방법입니다.","wordCount":47}}},"rawDataInfo":{"question":{"fileFormat":"wav","fileSize":654798,"duration":20460,"samplingBit":16,"channelCount":1,"samplingRate":"16kHz","audioPath":"/Mock/01.Management/Male/Experienced/ckmk_q_bm_m_e_165150.wav"},"answer":{"fileFormat":"wav","fileSize":2787918,"duration":87120,"samplingBit":16,"channelCount":1,"samplingRate":"16kHz","audioPath":"/Mock/01.Management/Male/Experienced/ckmk_a_bm_m_e_165150.wav"}}}