{"version":"1.0","dataSet":{"info":{"date":"20230116","occupation":"BM","channel":"MOCK","place":"ONLINE","gender":"MALE","ageRange":"55-","experience":"EXPERIENCED"},"question":{"raw":{"text":"지원자님께서 가지고 있는 상위 일 퍼센트의 능력이 있나요 있다면 그 능력을 최대한 자세하게 설명해서 어필 해 주세요","wordCount":17},"emotion":[],"intent":[]},"answer":{"raw":{"text":"제가 갖고 있는 능력 중에 상위 일 프로에 해당되는 그런 능력이 있는지 생각해 본 적은 없는데 남들 보다 능력이 좀 있다 라고 생각되는 부분이 집중력인 것 같습니다. 다른 사람들보다도 어떤 사안에 대해서 집중을 하는 데 있어서 그 사람들 보다도 더 집중을 잘하는 그래서 집중력이 대단하다고 하는 그런 얘기를 들은 적이 있습니다. 그 집중력이라고 하는 거는 업무를 수행하는 데 있어서 똑같이 일을 하더래도 다른 사람들과 성과를 좀 더 많이 낼 수 있는 그런 부분이 발생이 되고 되기도 하고요. 그 다음에 그 집중력이 강하다 보니까 업무의 능률도 상당히 많이 오르고 효과적으로 일을 또 처리하고 경우에 따라서는 정시에 퇴근도 할 수 있는 그런 장점이 생기 더 라구요. 그래서 제 능력을 최대한 발휘 할 수 있었던 것 같습니다.","wordCount":114},"emotion":[],"intent":[{"text":"","expression":"","category":"attitude"}],"summary":{"text":"집중력이 다른 사람들 보다 조금 더 집중을 잘하는 것 같습니다. 집중력이 강하다 보니 업무의 능률도 상당히 오르고 효율적으로 일을 처리하고 정시에 퇴근도 할 수 있는 장점이 생깁니다. 그래서 제 능력을 최대한 발휘 할 수 있었습니다.","wordCount":35}}},"rawDataInfo":{"question":{"fileFormat":"wav","fileSize":604878,"duration":18900,"samplingBit":16,"channelCount":1,"samplingRate":"16kHz","audioPath":"/Mock/01.Management/Male/Experienced/ckmk_q_bm_m_e_243974.wav"},"answer":{"fileFormat":"wav","fileSize":2545038,"duration":79530,"samplingBit":16,"channelCount":1,"samplingRate":"16kHz","audioPath":"/Mock/01.Management/Male/Experienced/ckmk_a_bm_m_e_243974.wav"}}}