{"version":"1.0","dataSet":{"info":{"date":"20230116","occupation":"BM","channel":"MOCK","place":"ONLINE","gender":"MALE","ageRange":"35-44","experience":"EXPERIENCED"},"question":{"raw":{"text":"살면서 지금까지 면접자님께서 이룬 성과 중에서 가장 큰 성과에 대해서 말씀해 주세요","wordCount":12},"emotion":[],"intent":[]},"answer":{"raw":{"text":"서른 살 때 영어 회화 책을 죽도록 외우면서 영어 회화를 시작했던 것입니다. 학원을 다니고 지속적으로 영어 동아리를 다니면서 네이티브 스피커들과 대화를 하려고 끊임없이 또 시도를 했습니다. 삼 개월 육 개월 동안은 다니면서 아 외국어가 이렇게 진짜 늘지 않는구나 나는 외국어에 대한 감각도 없고 재능이 없구나 라고 좌절을 했었지만 육 개월에서 일 년이 지난 시점부터는 제가 외국인들과 조금씩 농담을 하고 그들의 언어와 문화를 이해하고 있었습니다. 그렇게 이 년 삼 년 오 년 십 년 정도를 꾸준하게 영어 동아리 영어 카페 또는 영어 회의에 참석을 한 결과 현재는 영어로 누군가에게 기술 교육 및 비즈니스 미팅 주도 또는 컨퍼런스 포럼 등에서 자유롭게 의사 표현을 할 수 있는 수준까지 되었습니다. 때로는 영어를 힘들어 하는 성인들 직장인 반을 가르치기도 했었으며 어려운 중고등학교 학생들에게 영어 문법 및 영어 회화를 무료로 강의도 하고 있습니다. 지금도 영어에 힘들어 하는 사람에게 영어 컨설팅을 해주면서 제가 영어도 한 마디 못하는 사람이 이렇게 영어를 남들에게 가르치고 컨설팅을 할 수 있다는 것에 좀 많이 놀라고 자랑스럽게 생각합니다.","wordCount":155},"emotion":[{"text":"지금도 영어에 힘들어 하는 사람에게 영어 컨설팅을 해주면서   제가 영어도 한 마디 못하는 사람이 이렇게 영어를 남들에게 가르치고 컨설팅을 할 수 있다는 것에   좀 많이 놀라고 자랑스럽게 생각합니다.","expression":"p-achievement","category":"positive"}],"intent":[{"text":"","expression":"","category":"attitude"}],"summary":{"text":"저는 서른 살 때부터 영어 회화를 시작했습니다. 영어 동아리를 다니면서 네이티브 스피커들과 대화를 하려고 끊임없이 노력을 했습니다. 꾸준히 영어 동아리 영어 카페 또는 영어 회의에 참석을 한 결과 이제는 영어로 누군가에게 기술 교육 및 비즈니스 미팅 주도 또는 컨퍼런스 포럼 등에서 자유롭게 의사 표현을 할 수 있는 수준까지 되었습니다.","wordCount":49}}},"rawDataInfo":{"question":{"fileFormat":"wav","fileSize":241678,"duration":7550,"samplingBit":16,"channelCount":1,"samplingRate":"16kHz","audioPath":"/Mock/01.Management/Male/Experienced/ckmk_q_bm_m_e_169690.wav"},"answer":{"fileFormat":"wav","fileSize":2666958,"duration":83340,"samplingBit":16,"channelCount":1,"samplingRate":"16kHz","audioPath":"/Mock/01.Management/Male/Experienced/ckmk_a_bm_m_e_169690.wav"}}}