{"version":"1.0","dataSet":{"info":{"date":"20230116","occupation":"BM","channel":"MOCK","place":"ONLINE","gender":"MALE","ageRange":"35-44","experience":"EXPERIENCED"},"question":{"raw":{"text":"우리 회사에 입사를 딱 했더니 업무 내용이나 강도가 생각했던 것과 전혀 다르다면 어떻게 하실 생각이신가요","wordCount":15},"emotion":[],"intent":[]},"answer":{"raw":{"text":"업무 내용이나 업무 강도는 제가 입사하기 전에 전혀 파악할 수 없는 것입니다. 어떤 회사를 가든 제가 생각했던 것과는 많이 다른 경험을 했고 그것이 당연하다고 생각합니다. 예를 들어서 나는 이 업무가 다섯 시간 안에 끝날 것이고 강도는 좀 편할 것이다 라고 하는 건 저만의 인식의 틀이고 저만의 프레임입니다. 그렇다면 제가 생각했던 것과 다르더라도 일단은 업무를 적응하는데 시간 할애를 하고 전문성을 기르기 위해 노력을 할 것입니다. 예를 들어 제가 입사를 해서 업무를 하고 있는데 업무의 전문성이 부족하거나 아직 적응하지 못해서 강도가 세다고 느끼는 거라면 제 스스로의 노력이 필요한 것입니다. 그리고 업무 내용이 약간 달라진다고 하더라도 기존에 가지고 있던 저의 업무 지식이나 업무의 전문성을 가지고 그것에 접목할 수 있다고 생각합니다. 어떤 한 업무에 너무 오랫동안 하다보면 자신만의 틀에 갇히게 되고 그 틀에 갇히게 됨으로써 요즘 말하는 고인 물이 되는 것입니다. 사람은 끊임없이 변화해야 되고 조직과 트렌드도 끊임없이 변화해야 되기 때문에 변화하는 세상 속에서 당연히 적응해야 되고 적응을 하다 보면 그 분야에서 또 다른 어떤 전문성과 역량을 함양할 수 있다고 생각합니다. 전혀 다른 것이 문제가 아니라 회사의 비전만 있다고 하면 그 업무를 하는 데는 전혀 문제가 없고 최소 이 년 정도는 최선을 다 해 볼 생각입니다.","wordCount":182},"emotion":[],"intent":[{"text":"","expression":"","category":"attitude"}],"summary":{"text":"업무 내용이나 강도는 저만의 인식의 틀이고 프레임이기 때문에 저는 입사하기 전부터 업무를 적응하는데 시간을 할애하고 전문성을 기르기 위해 노력할 것입니다. 그리고 업무 내용이 약간 달라진다고 하더라도 기존에 가지고 있던 업무 지식이나 전문성을 가지고 그것에 접목할 수 있다고 생각합니다. 회사의 비전만 있다면 최소 이 년 정도는 최선을 다 해 볼 계획입니다.","wordCount":50}}},"rawDataInfo":{"question":{"fileFormat":"wav","fileSize":346958,"duration":10840,"samplingBit":16,"channelCount":1,"samplingRate":"16kHz","audioPath":"/Mock/01.Management/Male/Experienced/ckmk_q_bm_m_e_191499.wav"},"answer":{"fileFormat":"wav","fileSize":2831118,"duration":88470,"samplingBit":16,"channelCount":1,"samplingRate":"16kHz","audioPath":"/Mock/01.Management/Male/Experienced/ckmk_a_bm_m_e_191499.wav"}}}