{"version":"1.0","dataSet":{"info":{"date":"20230116","occupation":"BM","channel":"MOCK","place":"ONLINE","gender":"MALE","ageRange":"35-44","experience":"EXPERIENCED"},"question":{"raw":{"text":"혹시 전공하는 것 외에 자신이 수준급의 실력이 될 정도로 노력한 것이 있나요 있다면 그것이 전공과 관련해서 어떤 도움을 주는지도 설명해 주세요","wordCount":21},"emotion":[],"intent":[]},"answer":{"raw":{"text":"서른 살 때부터 열심히 공부했던 영어 회화입니다. 저는 대학교를 졸업하고 나서 취업하고 난 후에 영어 회화에 대해서 엄청나게 관심이 많아졌고 실제 회사가 외국계 회사였기 때문에 영어를 쓸 일이 많았습니다. 그래서 그때부터 영어 회어 책을 달달달 외우기 시작했습니다. 하지만 외국 언어가 그런 식으로 한 번에 익혀지지는 않기 때문에 삼 개월 육 개월 동안 지속적으로 네이티브 스피커들이 있는 영어 카페에 출퇴근을 하기 시작했습니다. 일주일에 두 세 번씩 영어 카페를 가서 외국인들과 되도 않는 영어를 먼저 하면서 처음에는 그들과 전혀 소통이 안되고 그들이 하는 말을 알아듣지 못했습니다. 하지만 현재는 외국인들과 심도 있는 대화와 컨퍼런스 기술 교육 또는 비즈니스 미팅을 하루에도 두 세 번씩 할 정도로 플루언트리하게 영어를 하고 있습니다. 가끔 재능 기부 차원에서 성인들 또는 중고등학교들 학생들에게 영어 회화를 무료로 가르치기도 하고 있습니다. 가르치다 보면 저의 부족한 부분이나 저에게 필요한 부분을 굉장히 많이 느끼기 때문에 저 스스로에게도 공부가 많이 되고 이 부분이 제가 가지고 있는 뛰어난 능력 중의 하나입니다.","wordCount":146},"emotion":[{"text":"저는 대학교를 졸업하고 나서 취업하고 난 후에 영어 회화에 대해서   엄청나게 관심이 많아졌고 실제 회사가 외국계 회사였기 때문에 영어를 쓸 일이 많았습니다.","expression":"u-fact","category":"neutral"}],"intent":[{"text":"","expression":"","category":"attitude"}],"summary":{"text":"서른 살 때부터 영어 회화에 관심을 가졌습니다. 외국계 회사에서 근무하며 영어 회화 책을 달달 외우기 시작했으나 한 번에 익혀지지 않아 네이티브 스피커들이 있는 영어 카페에 출퇴근을 했습니다. 현재는 외국인들과 심도 있는 대화와 컨퍼런스 기술 교육 또는 비즈니스 미팅을 영어를 하고 있습니다. 간혹 재능 기부 차원에서 성인 또는 중고등학교들 학생들에게 무료로 영어 회화를 가르치고 있으며 이 부분이 제가 가지고 있는 능력 중의 하나입니다.","wordCount":62}}},"rawDataInfo":{"question":{"fileFormat":"wav","fileSize":452558,"duration":14140,"samplingBit":16,"channelCount":1,"samplingRate":"16kHz","audioPath":"/Mock/01.Management/Male/Experienced/ckmk_q_bm_m_e_169683.wav"},"answer":{"fileFormat":"wav","fileSize":2688718,"duration":84020,"samplingBit":16,"channelCount":1,"samplingRate":"16kHz","audioPath":"/Mock/01.Management/Male/Experienced/ckmk_a_bm_m_e_169683.wav"}}}