{"version":"1.0","dataSet":{"info":{"date":"20230116","occupation":"BM","channel":"MOCK","place":"ONLINE","gender":"MALE","ageRange":"55-","experience":"EXPERIENCED"},"question":{"raw":{"text":"협업을 할 때 가장 중요하게 생각하시는 것은 무엇인가요 왜 그것을 가장 중요하게 생각하시는지 이유에 대해서도 말씀 부탁드립니다","wordCount":17},"emotion":[],"intent":[]},"answer":{"raw":{"text":"협업할 때 가장 중요하게 생각하는 것은 소통이라고 봅니다. 특히 의사소통이 잘 되어야지 서로 간의 협업이 원만하게 잘 되지 않을까요. 저희 부서 뿐만이 아니라 다른 부서하고 프로젝트를 수행을 할 때 각 부서들의 입장 차이가 상당히 많이 차이가 있습니다. 부서들마다 처해진 환경도 그렇고 또 해야 할 일들 그리고 그 부서의 입장들이 각기 틀리기 때문에 그런 것들을 원만하게 맞출려고 하면은 충분한 소통이 좀 필요하다고 봅니다. 그래서 협업하기 전에 해당되는 그 협업 부서들과의 모임을 갖는다던가 할 때 사전에 각 부서의 입장과 애로사항과 그런 것들을 서로 조율하고 공유를 한다면은 어 협업을 할 때에 원만하게 더 잘 되는 경향이 있을 거라고 보여지고 실제 그렇게 한 결과 좋은 성과를 얻게 되었습니다.","wordCount":104},"emotion":[],"intent":[{"text":"","expression":"","category":"attitude"}],"summary":{"text":"협업할 때 가장 중요하게 생각하는 것은 소통입니다. 특히 의사소통이 잘 되어야만 서로 간의 협업이 원만하게 잘 될 수 있습니다. 그래서 협업 전에 각 부서의 입장과 애로사항과 그런 것들을 미리 조율하고 공유를 한 후에 협업을 하면 더 좋은 결과를 얻게 됩니다.","wordCount":40}}},"rawDataInfo":{"question":{"fileFormat":"wav","fileSize":586958,"duration":18340,"samplingBit":16,"channelCount":1,"samplingRate":"16kHz","audioPath":"/Mock/01.Management/Male/Experienced/ckmk_q_bm_m_e_244227.wav"},"answer":{"fileFormat":"wav","fileSize":2377998,"duration":74310,"samplingBit":16,"channelCount":1,"samplingRate":"16kHz","audioPath":"/Mock/01.Management/Male/Experienced/ckmk_a_bm_m_e_244227.wav"}}}