{"version":"1.0","dataSet":{"info":{"date":"20230116","occupation":"BM","channel":"MOCK","place":"ONLINE","gender":"MALE","ageRange":"35-44","experience":"EXPERIENCED"},"question":{"raw":{"text":"직무 지식 역량 태도 이 세 가지 요소 중에 가장 중요하다고 생각하시는 것과 그 이유를 함께 말씀해 주시겠어요","wordCount":18},"emotion":[],"intent":[]},"answer":{"raw":{"text":"직무지식 역량 태도 세 가지 요소 중에서 어 가장 중요하다고 판단되는 것을 답변드리겠습니다. 어 직무지식이나 역량 같은 경우에는 비슷한 거 있을 거 같습니다. 이 부분은 누구나 다 할 수 있는 노력이나 자기네 의지를 통해서 발전시킬 수 있는 부분인데 저 태도 부분은 정말 갖지 못할 거 같습니다. 왜 그러냐면 태도 같은 경우에는 이제 본인이 갖고 있는 그런 성격이나 이런 것들이 추가돼야 만들어질 수 있는 태도라이기 때문에 저는 이 세 가지 중에서 제일 중요하다고 판단을 하는 것은 자세 태도가 될 거 같습니다. 어 아무리 능력이 좋고 뭐 스펙이 좋고 학벌이 좋아도 이런 태도를 갖추 있지 않다고 하면 이 배우는 습득하는 그 속도가 틀릴 겁니다. 이 배우려고 하는 의지와 열정이 있는 그런 태도가 가장 일 번일 거 같고 두 번째는 역량일 거 같습니다 역량은 사람이 갖고 있는 역량이라고 하는데 이 사람이 어디까지 배울 수 있고 어느 선까지 할 수 있는 그런 역량 등이 그 다음으로 중요할 거 같습니다. 이상입니다.","wordCount":146},"emotion":[],"intent":[{"text":"","expression":"","category":"attitude"}],"summary":{"text":"직무지식 역량 태도 세 가지 요소 중에서 가장 중요하다고 판단되는 것을 답변드리겠습니다. 역량은 사람이 갖고 있는 역량이라고 하는데 이 사람이 어디까지 배울 수 있고 어느 선까지 할 수 있는 그런 역량 등이 그 다음으로 중요할 거 같습니다. 이상입니다.","wordCount":38}}},"rawDataInfo":{"question":{"fileFormat":"wav","fileSize":403278,"duration":12600,"samplingBit":16,"channelCount":1,"samplingRate":"16kHz","audioPath":"/Mock/01.Management/Male/Experienced/ckmk_q_bm_m_e_145292.wav"},"answer":{"fileFormat":"wav","fileSize":2648398,"duration":82760,"samplingBit":16,"channelCount":1,"samplingRate":"16kHz","audioPath":"/Mock/01.Management/Male/Experienced/ckmk_a_bm_m_e_145292.wav"}}}