{"version":"1.0","dataSet":{"info":{"date":"20230116","occupation":"BM","channel":"MOCK","place":"ONLINE","gender":"MALE","ageRange":"35-44","experience":"EXPERIENCED"},"question":{"raw":{"text":"혹시 본인이 매일 공부하고 있는 분야가 있나요 있다면 그것을 왜 매일 공부하는지도 같이 말씀해 주세요","wordCount":15},"emotion":[],"intent":[]},"answer":{"raw":{"text":"빅데이터와 에이아이 인공지능에 대해서 지속적으로 공부하고 있습니다. 빅데이터를 공부하기 위한 프로그램으로는 가장 먼저 파이썬이 있는데요. 파이썬을 공부하면 알이라고 하는 빅데이터를 끌어모으는 수집기를 만들 수도 있고 그것을 크로올링하는 방법에 대해서 정확히 알 수 있습니다. 이십 일 세기 이천 이십 년이 되면서 자율 주행 인공 지능 딥러닝 알파고 같은 이런 디지털 트랜스포메이션으로 완벽하게 추세가 전환된 것으로 보입니다. 즉 이제는 몸 쓰는 일로 세상을 해결할 수 있는 것이 아니라 머리 쓰고 기계들이 일을 하게끔 만드는 인공 지능 시대가 앞으로 대두되고 있고 앞으로는 자율 주행이 뭐든 내연 기관차라든지 내연기관 직 차의 운전사들을 없앤다 라는 그런 바이두의 정책을 보았습니다. 그래서 우리 회사도 반드시 오 년 십 년 안에 인공 지능이나 공장 자동화 딥러닝 이런 것들로 인하여 세상을 바꿀 수 있는 시스템을 만들 것이라고 생각해서 지속적으로 빅데이터와 구글에서 쓰고 있는 인공 지능 딥러닝에 대해서 많이 공부를 하고 있습니다. 실제로 그것을 공부하다 보니 온라인 세상이나 온라인 디지털 마케팅이 세상에 어떻게 미치는지에 대해서도 많은 공부가 되었습니다.","wordCount":148},"emotion":[],"intent":[{"text":"그래서 우리 회사도 반드시 오 년 십 년 안에 인공 지능이나 공장 자동화   딥러닝 이런 것들로 인하여 세상을 바꿀 수 있는 시스템을 만들 것이라고 생각해서 지속적으로 빅데이터와 구글에서   쓰고 있는 인공 지능 딥러닝에 대해서 많이 공부를 하고 있습니다.","expression":"c_imp","category":"personality"}],"summary":{"text":"인공지능을 공부하기 위한 프로그램으로는 파이썬을 공부하면 알이라고 하는 빅데이터를 끌어모으는 수집기를 만들 수도 있고 그것을 크로올링하는 방법에 대해서 정확히 알 수 있습니다. 빅데이터와 구글에서 쓰고 있는 인공 지능 딥러닝에 대해서 많이 공부를 하고 있으며, 실제로 온라인 세상이나 온라인 디지털 마케팅이 세상에 어떻게 미치는지에 대해서도 많은 공부가 되었습니다.","wordCount":47}}},"rawDataInfo":{"question":{"fileFormat":"wav","fileSize":293198,"duration":9160,"samplingBit":16,"channelCount":1,"samplingRate":"16kHz","audioPath":"/Mock/01.Management/Male/Experienced/ckmk_q_bm_m_e_163289.wav"},"answer":{"fileFormat":"wav","fileSize":2702158,"duration":84440,"samplingBit":16,"channelCount":1,"samplingRate":"16kHz","audioPath":"/Mock/01.Management/Male/Experienced/ckmk_a_bm_m_e_163289.wav"}}}