{"version":"1.0","dataSet":{"info":{"date":"20230116","occupation":"BM","channel":"MOCK","place":"ONLINE","gender":"MALE","ageRange":"35-44","experience":"EXPERIENCED"},"question":{"raw":{"text":"두 가지 유형이 있습니다 남을 잘 이끄는 리더형 그리고 남을 잘 따르는 팔로워형 그렇다면 본인은 어떤 유형인지 말씀해 주시고 이유와 함께 설명해 주시기 바랍니다","wordCount":24},"emotion":[],"intent":[]},"answer":{"raw":{"text":"네 남을 잘 이끄는 리더형과 남의 의견을 잘 따르는 팔로워형 어 이거에 대해서 내 자신의 무슨 유형인지 대해서 한번 생각을 해 보았고 그 부분에 대해서 답변 드리겠습니다. 어 일단 남을 잘 이끄는 리더형과 팔로우형 두 가지의 성향을 갖고 있다고 생각합니다. 어 직책이나 자리가 사람을 만든다는 말이 있습니다. 리더형이 돼야 되는 리더형이 될 것이고 팔로우형이 되야되면 팔로우형이 돼야 할 것입니다. 네 지금 현지에서 저는 무슨 유형인지 생각했을 때는 지금은 리더형보다는 팔로우형을 해야 하는 시점이고 더 많은 팔로우형을 했을 때 그런 경험이 있기 때문에 현재는 팔로우형이 제 유형이 맞는 것 같고 어느 상급자나 리더가 원하는 방향이나 이런 것들을 빨리 캐취해서 어떻게 하면 리더형의 책임을 갖고 선택을 할 때 도움을 주지 않을까 생각해보면은 어떤 팔로우 해주는 직원의 입장에서 어떤 부분이 가장 기억에 남는 직원이 될까 라고 생각을 하고 접근하다 보면은 해결 방법이 나올 것 같습니다. 이상입니다.","wordCount":133},"emotion":[],"intent":[{"text":"","expression":"","category":"attitude"}],"summary":{"text":"네 저는 리더형보다 팔로우형을 해야 하는 시점이며 더 많은 팔로우형에서 경험을 했기 때문에 지금은 팔로우형이 제 유형이 맞는 것 같습니다. 리더가 원하는 방향이나 이런 것들을 빨리 캐취해서 어떻게 하면 리더형의 책임을 갖고 선택을 할 때 도움을 주지 않을까 생각하면서 접근하다 보면 해결 방법이 나올 것 같아 답변 드리겠습니다.","wordCount":48}}},"rawDataInfo":{"question":{"fileFormat":"wav","fileSize":511438,"duration":15980,"samplingBit":16,"channelCount":1,"samplingRate":"16kHz","audioPath":"/Mock/01.Management/Male/Experienced/ckmk_q_bm_m_e_214738.wav"},"answer":{"fileFormat":"wav","fileSize":2645518,"duration":82670,"samplingBit":16,"channelCount":1,"samplingRate":"16kHz","audioPath":"/Mock/01.Management/Male/Experienced/ckmk_a_bm_m_e_214738.wav"}}}