{"version":"1.0","dataSet":{"info":{"date":"20230116","occupation":"BM","channel":"MOCK","place":"ONLINE","gender":"MALE","ageRange":"55-","experience":"EXPERIENCED"},"question":{"raw":{"text":"본인이 생각하기에 회사의 덕목은 무엇이라고 생각하십니까 그리고 어떤 회사가 좋은 회사인지에 대해서 본인의 생각을 구체적으로 말씀해 주세요","wordCount":17},"emotion":[],"intent":[]},"answer":{"raw":{"text":"회사의 덕목이 무엇이라고 생각하세요. 어떤 회사가 좋은 회사라고 생각하시는지 궁금합니다. 아 회사의 덕목은 이윤 창출을 하는 데 목표가 있습니다. 이익을 창출을 하기 위해서는 먼저 회사의 아 팀웍이 중요하다고 생각합니다. 아 직장 내에 아 상하 관계 수평 관계 아 회사 전 직원의 그러한 어 덕목들 중에서 서로 간에 그러한 신뢰와 믿음의 그러한 아 화합할 수 있는 그런 부분이 중요하다고 생각합니다. 회사에는 잘 나갈 때는 그런 부분이 어 좋지 않아도 성장할 수 있습니다. 하지만 어려움이 닥칠 때에는 어 회사의 그러한 서로의 화합이 무엇보다도 중요하다고 생각합니다. 늘 어려울 때가 있기 마련입니다. 그럴 때를 위해서 우리가 인간관계 서로 간에 믿고 맡길 수 있는 그런 일들 그것이 무엇보다도 중요하다고 생각합니다.왜냐하면 여러 가지 어려운 환경에서 쉽게 어 큰 회사가 내리막길을 가는 경우가 많이 있었습니다. 무엇보다도 서로를 믿어주는 그러한 덕장과 같은 그러한 상사가 필요할 때라고 생각합니다. 그런 부분이 또한 제가 맡을 임무입니다.","wordCount":135},"emotion":[],"intent":[{"text":"아 직장 내에 아 상하 관계 수평 관계 아 회사 전 직원의 그러한 어 덕목들 중에서 서로 간에 그러한 신뢰와 믿음의 그러한 아 화합할 수 있는 그런 부분이 중요하다고 생각합니다.","expression":"c_cop","category":"personality"}],"summary":{"text":"어떤 회사를 좋은 회사로 생각하는지 궁금합니다. 회사의 덕목은 이윤 창출을 하는 데 목표가 있으며, 이를 위해서는 팀웍이 중요하다고 생각합니다. 회사에는 잘 나갈 때는 성장하지만 어려움이 닥칠 때는 서로의 화합이 무엇보다 중요합니다. 늘 어려울 때가 있기 마련이며, 이때 서로를 믿어주는 상사가 필요할 때라고 생각합니다.","wordCount":43}}},"rawDataInfo":{"question":{"fileFormat":"wav","fileSize":454478,"duration":14200,"samplingBit":16,"channelCount":1,"samplingRate":"16kHz","audioPath":"/Mock/01.Management/Male/Experienced/ckmk_q_bm_m_e_173468.wav"},"answer":{"fileFormat":"wav","fileSize":2880718,"duration":90020,"samplingBit":16,"channelCount":1,"samplingRate":"16kHz","audioPath":"/Mock/01.Management/Male/Experienced/ckmk_a_bm_m_e_173468.wav"}}}