{"version":"1.0","dataSet":{"info":{"date":"20230116","occupation":"BM","channel":"MOCK","place":"ONLINE","gender":"MALE","ageRange":"35-44","experience":"EXPERIENCED"},"question":{"raw":{"text":"공부를 할 때 개인적으로 어떻게 하시나요 강의나 책을 활용한 공부 방법을 말씀해 주시는 것도 좋습니다","wordCount":15},"emotion":[],"intent":[]},"answer":{"raw":{"text":"제가 개인적으로 공부를 오 년 전에는 책을 통해서 많이 했습니다. 책에 있는 내용을 익히고 배우고 저만의 써머리 노트에다가 요약을 했었습니다. 하지만 책은 단 방향 통신이기 때문에 제가 지식을 일방적으로 흡수하지 그 흡수한 지식을 몰랐을 때 누군가에게 물어볼 수 있는 그런 체계는 아니었습니다. 하지만 요즘은 온라인 강의 인터넷 강의 화상 면접 강의 등이 있어서 실제적으로 양 방향으로 공부를 하기 아주 쉬운 시대입니다. 특히나 온라인 강의나 화상 강의는 실시간으로 진행되기 때문에 제가 중간중간에 모르는 영어 또는 프로그램에 대해서 물어 보면 거기에 있는 조교나 강사들이 바로바로 답을 해주거나 그런 비슷한 질문을 한 것들을 그룹핑하여 나중에 한 번에 이메일로 답변을 보내 줍니다. 이제는 양 방향 통신에 공부를 할 수 있는 온라인 시대가 되었고 그 많은 질문들이 전부 다 빅데이터화 되어 에이아이가 그것에 맞는 답변이 미리미리 매크로로 만들어서 주기도 합니다. 그렇게 공부를 하다보니 예전에는 한 달 정도 걸릴 내용들을 이제는 삼 일 정도면 지식을 습득하고 제가 응용하고 활용할 수 있는 시대가 되었고 그렇게 해서 저 또한 남들에게 그 내용을 공부하는 것들을 가르치고 전파하고 공유할 수 있게 되었습니다.","wordCount":162},"emotion":[],"intent":[{"text":"","expression":"","category":"attitude"}],"summary":{"text":"책을 통해 지식을 흡수했지만 누군가에게 물어볼 수 있는 체계는 아니었습니다. 하지만 요즘은 온라인 강의 인터넷 강의 화상 면접 강의 등이 있어서 양 방향으로 공부를 하기 아주 쉬운 시대입니다. 공부를 하다보니 삼 일 정도면 지식을 습득하고 응용 및 활용할 수 있는 시대가 되었고 그래서 저 또한 남들에게 그 내용을 가르치고 전파하고 공유할 수 있게 되었습니다.","wordCount":54}}},"rawDataInfo":{"question":{"fileFormat":"wav","fileSize":279758,"duration":8740,"samplingBit":16,"channelCount":1,"samplingRate":"16kHz","audioPath":"/Mock/01.Management/Male/Experienced/ckmk_q_bm_m_e_197399.wav"},"answer":{"fileFormat":"wav","fileSize":2748878,"duration":85900,"samplingBit":16,"channelCount":1,"samplingRate":"16kHz","audioPath":"/Mock/01.Management/Male/Experienced/ckmk_a_bm_m_e_197399.wav"}}}