{"version":"1.0","dataSet":{"info":{"date":"20230116","occupation":"BM","channel":"MOCK","place":"ONLINE","gender":"MALE","ageRange":"55-","experience":"EXPERIENCED"},"question":{"raw":{"text":"지원자님께서 만약에 이직을 생각하는 동료를 만나게 된다면 어떻게 조언을 해 줄 예정입니까 그리고 왜 그렇게 조언을 해 줄 예정인지도 함께 설명해 주십시오","wordCount":22},"emotion":[],"intent":[]},"answer":{"raw":{"text":"만약 이직을 생각하는 동료를 만나게 된다면 뭐라고 말씀하시겠습니까 왜 그렇게 말씀하실지도 설명해 주세요. 저 같은 경우는 이직을 생각하는 동료에게는 좋은 생각이 있고 좋은 경험을 만날 수 있는 그런 분야이기 때문에 이직을 생각하고 있다고 생각합니다. 먼저 무엇보다도 많은 생각을 했을 텐데 다시 한번 생각해보라고 조언을 해주고 싶습니다. 그리고 저의 경험도 설명해 주고 싶고 그리고 무엇보다도 어 미래에 그러한 희망을 어 심어주는 쪽으로 이곳에 남든가 이직을 하든가 생각할 수 있는 기회를 만들어 주고 싶습니다. 왜 그러냐면은 저에게도 그런 경험 이직을 했던 경험들이 많이 있었기 때문입니다. 이직이 저에 에게는 어 큰 단점이 됐었고 또한 한편으로는 큰 도움이 됐었던 적이 많이 있었기 때문에 그러한 얘기들을 해주고 싶습니다. 무엇보다도 이직을 한다는 거는 새로운 경험을 쌓는 것이고 새로운 일에 도전하는 것이기 때문에 한편으로는 또한 칭찬해주고 싶습니다.","wordCount":120},"emotion":[],"intent":[{"text":"","expression":"","category":"attitude"}],"summary":{"text":"이직을 생각하는 동료에게 좋은 생각이 있고 좋은 경험을 만날 수 있는 분야이기 때문에 이직을 생각하고 있다고 생각합니다. 이직이 저에게는 큰 단점이 되었고 또한 큰 도움이 되었던 적이 많이 있었기 때문에 그런 얘기들을 해주고 싶습니다. 이직을 하는 것은 새로운 경험을 쌓는 것이고 새로운 일에 도전하는 것이므로 칭찬해주고 싶습니다","wordCount":47}}},"rawDataInfo":{"question":{"fileFormat":"wav","fileSize":542798,"duration":16960,"samplingBit":16,"channelCount":1,"samplingRate":"16kHz","audioPath":"/Mock/01.Management/Male/Experienced/ckmk_q_bm_m_e_145073.wav"},"answer":{"fileFormat":"wav","fileSize":2758798,"duration":86210,"samplingBit":16,"channelCount":1,"samplingRate":"16kHz","audioPath":"/Mock/01.Management/Male/Experienced/ckmk_a_bm_m_e_145073.wav"}}}