{"version":"1.0","dataSet":{"info":{"date":"20230116","occupation":"BM","channel":"MOCK","place":"ONLINE","gender":"MALE","ageRange":"35-44","experience":"EXPERIENCED"},"question":{"raw":{"text":"업무를 하면서 가장 어려울 것으로 예상되는 부분은 어떤 것인가요 그리고 그 외에 어떻게 대처를 할 생각인지도 저에게 말씀해 주시기 바랍니다","wordCount":20},"emotion":[],"intent":[]},"answer":{"raw":{"text":"네 업무를 하면서 가장 어려울 것으로 판단되는 거에 대해서 답변 드리도록 하겠습니다. 일단 가장 어려운 것으로 판단되는 것은 업무나 업무 양 뭐 이런 거 보다도 저는 부서원들 간의 인간관계를 형성하는 부분이 제일 어려울 것 같습니다. 어 새로운 이런 가치관도 다 틀릴 것이고 업무에 접근하는 방식 그리고 생각하는 게 다 틀리기 때문에 그런 것들을 다 공통점을 찾고 같은 편이 되고 같은 직원이 되고 같은 가족 같은 분위기가 된다는 게 사실 제일 어려운 것입니다. 그런 부분들이 갖춰진다면 서로 도와가면서 하는 그런 문화가 만들어지고 서로 경험을 있는 분야에서 도움을 받는 게 제일 빠른 효과적이 대응 방법인 것을 알기 때문에 그런 부분에 있어서 이런 직원들과의 내 주변 팀원들과의 이런 관계를 형성하는 것이 가장 어려울 것으로 예상이 됩니다. 이제 그런 부분은 단기간에 될 수 있는 부분이 아니기 때문에 이제 회사에 입사 후에 내가 먼저 다가가서 접근해서 이제 공통점을 찾고 그렇게 하면서 친밀감을 만들어 가면 어 금방 또 만들어질 것 같습니다. 이상입니다.","wordCount":146},"emotion":[],"intent":[{"text":"","expression":"","category":"attitude"}],"summary":{"text":"업무 중 가장 어려운 것은 부서원들 간의 인간관계 형성인데, 새로운 가치관, 업무 접근 방식, 생각하는 것들을 공통점을 찾고 같은 편이 되고 같은 가족 같은 분위기를 형성하는 것이 가장 어렵습니다. 이런 부분들이 갖춰진다면 서로 도와가면서 하는 문화가 만들어지고 서로 경험을 있는 분야에서 도움을 받는 게 가장 빠른 대응 방법인 것을 알기 때문에 그렇게 해 나가야 합니다.","wordCount":55}}},"rawDataInfo":{"question":{"fileFormat":"wav","fileSize":459598,"duration":14360,"samplingBit":16,"channelCount":1,"samplingRate":"16kHz","audioPath":"/Mock/01.Management/Male/Experienced/ckmk_q_bm_m_e_217244.wav"},"answer":{"fileFormat":"wav","fileSize":2741198,"duration":85660,"samplingBit":16,"channelCount":1,"samplingRate":"16kHz","audioPath":"/Mock/01.Management/Male/Experienced/ckmk_a_bm_m_e_217244.wav"}}}