{"version":"1.0","dataSet":{"info":{"date":"20230116","occupation":"BM","channel":"MOCK","place":"ONLINE","gender":"MALE","ageRange":"55-","experience":"EXPERIENCED"},"question":{"raw":{"text":"최근에 본 뉴스들 가운데 가장 인상깊었던 뉴스는 무엇인가요 무엇인지와 면접자님이 생각하시는 이유도 함께 말씀해 주시기 바랍니다","wordCount":16},"emotion":[],"intent":[]},"answer":{"raw":{"text":"최근에 본 뉴스들 가운데 가장 인상 깊었던 뉴스는 무엇인가요. 무엇인지와 이유도 함께 말씀해 주세요. 예 제가 최근에 봤던 어 뉴스들 중에 가장 인상깊었던 것은 아 세계의 그 킹 달러와 인플레이션으로 인해서 아 후진국의 그러한 경제가 부도의 위기 그리고 부도를 당한 그런 나라들이 많이 있다는 겁니다. 그리고 또한 영국과 같은 선진국들도 어 아이엠에프의 구제 음 금융 그리고 부도의 위기에 놓여 있다는 부분이 많이 있습니다. 특별히 영국과 같은 경우는 아 제조업은 많이 후퇴를 했고 지금 남아있는 것은 금융이지만은 미국의 금리의 인상에 따라서 어 금융이 더욱더 타격을 받을 수 있는 부분이 영국의 경제라는 것을 알게 되어 있습니다. 아 우리도 마찬가지로 그러한 어 금융적인 부분 그러한 증권적인 부분 이런 것들도 상당히 중요하다고 보여집니다. 그런 쪽의 인원이 어 연봉 고가도 많고 돈도 많이 벌고 이렇게 회사 규모도 커질 수 있습니다. 하지만 무엇보다도 제조업에 기반을 둔 그러한 우리 회사를 잘 운영해 나가야 될 걸로 생각합니.다 어려운 때에서도 흔들리지 않는 것이 제조업의 그러한 핵심인 것 같습니다.","wordCount":149},"emotion":[],"intent":[{"text":"","expression":"","category":"attitude"}],"summary":{"text":"세계의 킹 달러와 인플레이션으로 인해 후진국의 경제가 부도의 위기, 부도를 당한 나라들이 많이 있습니다. 영국과 같은 선진국들도 아이엠에프의 구제 음 금융 그리고 부도의 위기에 놓여 있다는 부분입니다. 우리는 제조업에 기반을 둔 우리 회사를 잘 운영해 나가야 될 걸로 생각합니다. 어려운 때에서도 흔들리지 않는 것이 제조업의 핵심인 것 같습니다.","wordCount":48}}},"rawDataInfo":{"question":{"fileFormat":"wav","fileSize":420878,"duration":13150,"samplingBit":16,"channelCount":1,"samplingRate":"16kHz","audioPath":"/Mock/01.Management/Male/Experienced/ckmk_q_bm_m_e_145727.wav"},"answer":{"fileFormat":"wav","fileSize":2914638,"duration":91080,"samplingBit":16,"channelCount":1,"samplingRate":"16kHz","audioPath":"/Mock/01.Management/Male/Experienced/ckmk_a_bm_m_e_145727.wav"}}}