{"version":"1.0","dataSet":{"info":{"date":"20230116","occupation":"BM","channel":"MOCK","place":"ONLINE","gender":"MALE","ageRange":"35-44","experience":"EXPERIENCED"},"question":{"raw":{"text":"회사에 들어와서 선배를 만나게 되었습니다 그렇다면 어떤 모습에 선배를 만나고 싶으신가요 왜 그런 사람을 만나고 싶은지 그 이유도 같이 설명해 주세요","wordCount":21},"emotion":[],"intent":[]},"answer":{"raw":{"text":"커뮤니케이션도 잘하고 소통 능력도 좋고 사람들과 업무도 잘하는 그런 선배를 만나고 싶습니다. 왜냐하면 선배라는 것은 저의 귀감이 되거나 롤모델이 되는 사람을 만나야지 단순히 기존에 알던 사람 학교에서 알던 사람 사회에서 알던 사람의 수준을 넘어서야 합니다. 왜냐면 배울 점이 많은 사람을 회사에서 가까이 둬야 저 스스로의 역량도 발전할 수 있고 제가 회사에 적응하는 데 큰 도움을 줄 수 있기 때문입니다. 예를 들어서 선배가 회사에서 맨날 요령만 피우고 업무 성과도 저조하고 사람들하고 관계도 좋지 않은 사람과 친해지게 되면 저 역시 그 선배를 따라서 업무를 배울 수도 없고 사람과의 대인 관계도 좋을 수도 없고 그렇다고 업무를 제대로 배울 수도 없기 때문입니다.","wordCount":98},"emotion":[],"intent":[{"text":"","expression":"","category":"attitude"}],"summary":{"text":"소통도 잘하고 사람들과 업무도 잘하는 선배를 만나고 싶습니다. 왜냐하면 선배는 귀감이 되거나 롤모델이 되는 사람을 만나야 합니다. 배울 점이 많은 사람을 회사에서 가까이 두면 저 스스로의 역량도 발전할 수 있고 회사 적응에 큰 도움을 줄 수 있기 때문입니다.","wordCount":38}}},"rawDataInfo":{"question":{"fileFormat":"wav","fileSize":436558,"duration":13640,"samplingBit":16,"channelCount":1,"samplingRate":"16kHz","audioPath":"/Mock/01.Management/Male/Experienced/ckmk_q_bm_m_e_165143.wav"},"answer":{"fileFormat":"wav","fileSize":1662158,"duration":51940,"samplingBit":16,"channelCount":1,"samplingRate":"16kHz","audioPath":"/Mock/01.Management/Male/Experienced/ckmk_a_bm_m_e_165143.wav"}}}