{"version":"1.0","dataSet":{"info":{"date":"20230116","occupation":"BM","channel":"MOCK","place":"ONLINE","gender":"MALE","ageRange":"55-","experience":"EXPERIENCED"},"question":{"raw":{"text":"저희 회사에 들어와 본인이 하고 싶은 업무가 있으십니까 만약에 있다면 이유와 함께 말씀 부탁드립니다","wordCount":14},"emotion":[],"intent":[]},"answer":{"raw":{"text":"제가 회사에 입사해서 하고 싶은 직무는 디지털 금융을 하고 싶습니다. 그 이유는 첫째로는 제 전공이 디지털 경영이였기 때문에 제가 어느 정도 알고 있고 그 지식을 활용해서 보다 나은 회사의 디지털 금융을 발전시켜 나가고 싶습니다. 그래서 우리 조직의 발전과 제 개인의 역량을 펼칠 수 있는 것이라 판단이 돼서 디지털 금융을 업무를 하고 싶습니다. 또한 이런 업무를 수행하면서 경쟁 업체인 카카오뱅크나 케이뱅크 같은 인터넷 전문 은행들하고의 경쟁에서도 같이 싸워 이길 수 있는 그런 어 실력과 노력을 경지해 나가도록 하겠습니다. 경쟁에서 이길 수 있을려면 무엇보다도 최선의 노력을 어 해야 되겠고 물론 책임감도 충분히 가져야 되고 충성도도 높이 야 되겠다고 생각이 듭니다.","wordCount":98},"emotion":[],"intent":[{"text":"","expression":"","category":"attitude"}],"summary":{"text":"디지털 금융을 하고 싶습니다. 전공을 살려 조직을 발전시키고 개인의 역량을 펼치면서, 인터넷 전문 은행들과 경쟁도 해서 이길 수 있는 실력과 노력을 경지해 나가도록 하겠습니다. 경쟁에서 이길 수 있으려면 최선의 노력을 해야 되고 책임감과 충성도도 높이야 되겠다고 생각합니다.","wordCount":37}}},"rawDataInfo":{"question":{"fileFormat":"wav","fileSize":333518,"duration":10420,"samplingBit":16,"channelCount":1,"samplingRate":"16kHz","audioPath":"/Mock/01.Management/Male/Experienced/ckmk_q_bm_m_e_248374.wav"},"answer":{"fileFormat":"wav","fileSize":2571918,"duration":80370,"samplingBit":16,"channelCount":1,"samplingRate":"16kHz","audioPath":"/Mock/01.Management/Male/Experienced/ckmk_a_bm_m_e_248374.wav"}}}