{"version":"1.0","dataSet":{"info":{"date":"20230116","occupation":"BM","channel":"MOCK","place":"ONLINE","gender":"MALE","ageRange":"35-44","experience":"EXPERIENCED"},"question":{"raw":{"text":"직무 지식 역량 태도 이 세 가지 요소 중에 지원자님이 가장 중요하다고 생각하시는 것은 무엇인가요 이유를 함께 설명해 주세요","wordCount":19},"emotion":[],"intent":[]},"answer":{"raw":{"text":"직무지식 역량 태도 뭐 삼 세 가지 요소 중에서 가장 중요하고 무엇이 제일 필요한가에 대해서 한번 생각을 해 보았습니다. 그 부분에 대해서 답변 드리겠습니다. 일단 직무 지식과 역량은 비슷한 계열인 것 같고 역량이라는 거는 자기가 본인이 노력해서 그 자신의 역량은 충분히 키울 수 있고 직무 지식은 자기가 이제 부족하다고 생각하는 부분은 개인 시간을 좀 할애해서 아니면 야근을 한다든지 이런 식으로 해서 직무에 관련된 지식은 충분히 쌓을 수 있을 것입니다. 여기서 제일 중요한 게 저는 태도 자세라고 생각합니다. 이런 태도가 갖춰지지 않은 인성이 갖춰지지 않는 직원이 있을 건데 그런 직원은 그런 직무 지식이나 아무리 역량이 뛰어나도 어 저는 반대하는 입장입니다. 그래서 배우려는 의지와 이런 적극적인 자세를 가진 그런 태도를 가진 그런 직원 그런 직원이 저는 오히려 회사에 봤을 때도 미래적으로 봤을 때도 도움이 되는 직원이 될 거 같기 때문에 그 이유로 저는 그 세 가지 역량 중에서 태도 즉 자세를 갖춘 세 요소를 가장 훌륭하다고 판단하겠습니다. 이상입니다.","wordCount":146},"emotion":[],"intent":[{"text":"","expression":"","category":"attitude"}],"summary":{"text":"직무지식 역량 태도 삼 세 가지 요소 중 가장 중요한 것은 태도 자세라고 생각합니다. 배우려는 의지와 적극적인 자세를 가진 직원 이런 직원이 회사와 미래적으로 도움이 될 거 같기 때문에 저는 그 세 가지 역량 중에서 태도 즉 자세를 갖춘 세 요소를 가장 훌륭하다고 판단하겠습니다. 이상입니다.","wordCount":45}}},"rawDataInfo":{"question":{"fileFormat":"wav","fileSize":442958,"duration":13840,"samplingBit":16,"channelCount":1,"samplingRate":"16kHz","audioPath":"/Mock/01.Management/Male/Experienced/ckmk_q_bm_m_e_146721.wav"},"answer":{"fileFormat":"wav","fileSize":2677198,"duration":83660,"samplingBit":16,"channelCount":1,"samplingRate":"16kHz","audioPath":"/Mock/01.Management/Male/Experienced/ckmk_a_bm_m_e_146721.wav"}}}