{"version":"1.0","dataSet":{"info":{"date":"20230116","occupation":"BM","channel":"MOCK","place":"ONLINE","gender":"MALE","ageRange":"35-44","experience":"EXPERIENCED"},"question":{"raw":{"text":"어 지금까지 협업을 하시면서 어려웠던 점도 있었을 텐데요 가장 어려웠던 것은 어떤 것이 있었는지 또 그 어려움을 어떻게 해결했는지 함께 말씀해 주세요","wordCount":22},"emotion":[],"intent":[]},"answer":{"raw":{"text":"어 지금까지 어 협업을 하면서 가장 어려웠던 점과 그 어려움을 제가 해결했던 부분에 대해서 답변드리겠습니다. 어 지금까지 협업을 하면서 제일 어려웠던 부분은 그래도 의사소통의 문제가 제일 컸던 것 같습니다. 사업이라는 게 어차피 협동심이 제일 큰 거기 때문에 서로 간의 의견 조율과 그거에 따른 목표치를 이루기 위한 한 가지 목표가 나와야 였는데 그거를 정하는 게 어려운 것 같습니다. 물론 인제 많은 의견 조율 끝에 이제 리더 팀장에 의한 그 인제 가는 길이 정해지면 거기서 결정이 되게 되는데 그런 조율한 단계와 그런 과정에서 어 여러 가지 어려움이 생기는 것 같습니다. 일단은 제일 좋은 방법은 어 경청을 하는 방법인 것 같습니다. 일단 부하 직원이든 뭐 상급자들라든지 그런 인원들에 대한 의견을 제일 경청한 후에 어 조율이 시키는 게 제일 좋은 것 같습니다. 그 이유에 대해 의견을 말을 해게 돼서 그런 것들에 대한 완벽한 조화가 이루어진 후에 진행하는 게 제일 좋은 방법인 것 같습니다. 이상입니다.","wordCount":140},"emotion":[],"intent":[{"text":"","expression":"","category":"attitude"}],"summary":{"text":"사업이라는 게 협동심이 제일 크기 때문에 서로 간의 의견 조율과 목표치를 이루기 위한 하나의 목표가 나와야 였는데 그걸 정하는 게 어려운 것 같습니다. 가장 좋은 방법은 경청하는 방법인데, 일단 부하 직원이든 상급자들에 대한 의견을 제일 경청한 후에 조율이 시키는 게 제일 좋습니다.","wordCount":42}}},"rawDataInfo":{"question":{"fileFormat":"wav","fileSize":428238,"duration":13380,"samplingBit":16,"channelCount":1,"samplingRate":"16kHz","audioPath":"/Mock/01.Management/Male/Experienced/ckmk_q_bm_m_e_138913.wav"},"answer":{"fileFormat":"wav","fileSize":2678158,"duration":83690,"samplingBit":16,"channelCount":1,"samplingRate":"16kHz","audioPath":"/Mock/01.Management/Male/Experienced/ckmk_a_bm_m_e_138913.wav"}}}