{"version":"1.0","dataSet":{"info":{"date":"20230116","occupation":"BM","channel":"MOCK","place":"ONLINE","gender":"MALE","ageRange":"55-","experience":"EXPERIENCED"},"question":{"raw":{"text":"면접자님은 대한민국의 금융 정책 기관으로서 우리 신용 보증 기금이 호가대해야 할 업무 영역은 무엇이라고 생각하세요","wordCount":15},"emotion":[],"intent":[]},"answer":{"raw":{"text":"대한민국의 금융 정책 기관으로서 우리 신용보증기금이 호까 대비해야 할 업무 영역은 무엇이라고 생각합니까. 아 네 아 금융 정책은 참으로 중요합니다. 아 금융을 어떻게 다스리느냐에 따라서 많은 이들에게 이익을 끼칠 수 있고 많은 이들에게 도움을 줄 수 있는 중요한 아 정책 기관이기 때문에 그렇습니다. 아 우리 신용보증기금이 무엇보다도 신뢰를 우선으로 하고 또한 어려워하는 그런 기업들에게 자금을 골고루 지원할 수 있는 그런 분야 아 업무 분야가 무엇보다도 중요하다고 생각을 합니다. 참으로 어 어려워하고 또한 좋은 아이템 좋은 아 성장 동력을 가진 회사가 아 귀한 정책을 가지고 또한 아 좋은 기회를 사용할 수 있도록 우리 신용보증기금이 도움을 줘야 한다고 생각을 합니다. 그런 부분에서는 우리가 좋은 어 책임을 또한 가지고 있습니다. 그런 부분에 우리가 최선을 다해야 할 것으로 생각합니다. 아 최근에는 우리나라의 경제가 성장하다 보니까 아 이러한 그 금융에 대한 그런 분야가 너무나 중요하게 생각되고 있습니다. 적극적으로 우리가 도와줄 수 있도록 하겠습니다.","wordCount":138},"emotion":[],"intent":[{"text":"","expression":"","category":"attitude"}],"summary":{"text":"신용보증기금이 대비해야 할 업무 영역은 신뢰와 자금 지원을 통한 좋은 아이템과 성장 동력을 가진 회사들에게 자금을 골고루 지원하는 업무 분야라고 생각합니다. 아 최근에는 우리나라의 경제가 성장하니 이러한 금융에 대한 분야가 중요하다고 생각되어 적극적으로 도울 수 있도록 하겠습니다.","wordCount":37}}},"rawDataInfo":{"question":{"fileFormat":"wav","fileSize":389198,"duration":12160,"samplingBit":16,"channelCount":1,"samplingRate":"16kHz","audioPath":"/Mock/01.Management/Male/Experienced/ckmk_q_bm_m_e_173469.wav"},"answer":{"fileFormat":"wav","fileSize":2798798,"duration":87460,"samplingBit":16,"channelCount":1,"samplingRate":"16kHz","audioPath":"/Mock/01.Management/Male/Experienced/ckmk_a_bm_m_e_173469.wav"}}}