{"version":"1.0","dataSet":{"info":{"date":"20230116","occupation":"BM","channel":"MOCK","place":"ONLINE","gender":"MALE","ageRange":"55-","experience":"EXPERIENCED"},"question":{"raw":{"text":"일을 하다 보면 업무량이 과도하게 많아질 수도 있는데요 지원자님은 이런 과도한 업무량 속에서도 잘 버틸 자신이 있는지 솔직하게 답변해 주세요","wordCount":20},"emotion":[],"intent":[]},"answer":{"raw":{"text":"두 가지 방법이 있습니다. 일의 업무량이 너무 많다 내가 감당하기가 힘들다 그렇다면 첫 번째 방법은 내 상황을 설명을 하고 양을 택할 것이냐 질을 택할 것이냐 이런 부분에 대한 윗 상사의 조언을 기다리겠습니다. 두 번째 방법은 음 위임을 하겠습니다. 내가 어 한계치에서 벗어나서 내 힘으로 주어진 업무를 다 하지 못했을 경우는 다른 사람의 도움을 어 비용을 지불하든 비용을 지불하지 않던 적절한 사람을 찾아서 위임하는 것도 좋은 방법이라고 생각을 합니다. 만약에 이것도 잘 안 된다고 하면 버틸 자신은 없습니다.","wordCount":77},"emotion":[],"intent":[{"text":"","expression":"","category":"attitude"}],"summary":{"text":"업무량이 많아 감당하기 힘들면 상황 설명과 양/질 선택에 대한 상사의 조언을 듣고 위임을 하겠습니다. 한계치에서 벗어나 업무를 다하지 못했을 경우 적절한 사람을 찾아 위임하는 것이 좋습니다.","wordCount":26}}},"rawDataInfo":{"question":{"fileFormat":"wav","fileSize":638158,"duration":19940,"samplingBit":16,"channelCount":1,"samplingRate":"16kHz","audioPath":"/Mock/01.Management/Male/Experienced/ckmk_q_bm_m_e_244782.wav"},"answer":{"fileFormat":"wav","fileSize":1989838,"duration":62180,"samplingBit":16,"channelCount":1,"samplingRate":"16kHz","audioPath":"/Mock/01.Management/Male/Experienced/ckmk_a_bm_m_e_244782.wav"}}}