{"version":"1.0","dataSet":{"info":{"date":"20230116","occupation":"BM","channel":"MOCK","place":"ONLINE","gender":"MALE","ageRange":"55-","experience":"EXPERIENCED"},"question":{"raw":{"text":"만약 지원자님께서 이제 하고 싶은 직무가 있 있으실 텐데 그 직무 말고 다른 직무를 맡게 되실 수도 있습니다 그렇게 된다면 어떻게 하실 건가요 또 그래도 괜찮으신가요","wordCount":26},"emotion":[],"intent":[]},"answer":{"raw":{"text":"제가 하고 싶은 직무가 아닌 다른 직무가 부여진다면 일단은 저는 그 새로운 직무에 대해서 수행을 하는데 문제가 없다고 봅니다. 그래서 괜찮습니다. 하지만 제가 하고 싶은 직무가 아닌 다른 직무를 수행하는 데 있어서 그 직무 결과에 대한 좋은 결과가 잘 나올지 그거에 대해서는 약간의 의심이 듭니다. 제가 하고 싶은 그런 직무을 수행해야 좋은 결과가 나올 수 있는데 그렇지 않은 경우에는 약간의 자신이 없을 수 있습니다. 그래서 일단은 이런 경우에는 인사 부서에 얘기를 해서 제가 맡고 싶은 직무를 먼저 얘기하고 그런게 얘기했는데도 불구하고 다른 직무를 부여를 하게 된다면은 우리 조직에서도 업무 수행 결과에 대해서는 약간의 감안도 필요하지 않을까 생각합니다.","wordCount":97},"emotion":[],"intent":[{"text":"","expression":"","category":"attitude"}],"summary":{"text":"제가 하고 싶은 직무가 아닌 다른 직무가 부여되면 새로운 직무에 대한 수행에 문제가 없습니다. 하지만 다른 직무를 수행하는 데 있어서 좋은 결과가 잘 나오지 않을 수 있습니다. 그런 경우에는 우리 조직에서도 업무 수행 결과에 대한 약간의 감안도 필요하다고 생각합니다.","wordCount":39}}},"rawDataInfo":{"question":{"fileFormat":"wav","fileSize":501518,"duration":15670,"samplingBit":16,"channelCount":1,"samplingRate":"16kHz","audioPath":"/Mock/01.Management/Male/Experienced/ckmk_q_bm_m_e_250249.wav"},"answer":{"fileFormat":"wav","fileSize":2318798,"duration":72460,"samplingBit":16,"channelCount":1,"samplingRate":"16kHz","audioPath":"/Mock/01.Management/Male/Experienced/ckmk_a_bm_m_e_250249.wav"}}}