{"version":"1.0","dataSet":{"info":{"date":"20230116","occupation":"BM","channel":"MOCK","place":"ONLINE","gender":"MALE","ageRange":"55-","experience":"EXPERIENCED"},"question":{"raw":{"text":"성과나 목표 관리에 대해서 잘 아는지","wordCount":6},"emotion":[],"intent":[]},"answer":{"raw":{"text":"잘 안다고는 말하기 쉽지 않다고 생각합니다. 어느 누군가가 감히 잘 안다고 할 수 있겠어요. 그래도 음 어떤 기업적인 측면에서 봤었을 때 최종 기업이 지향하는 목표를 위해서 그 안에 그 전에 이제 단계 단계별로 어떤 그런 소규모의 성과들을 이루면서 그 목표를 실행하기 위한 단계를 꾸준하게 밟아가는 부분일 거구요. 그랬었을 때 기업은 음 최대한의 리스크를 줄이면서 안전한 부분으로 이제 그런 성과들을 내기 위해서 그리고 결국에 그것이 기업이 최종적으로 원하는 목표에 다다르기 위해서 하는 방향으로 보통은 그런 목표 방향성을 설계하는 것으로 알고 있습니다.","wordCount":80},"emotion":[],"intent":[{"text":"","expression":"","category":"attitude"}],"summary":{"text":"기업이 리스크를 줄이면서 안전한 부분으로 최종 기업이 원하는 목표에 다다르기 위한 목표 방향성을 설계하는 것으로 알고 있습니다.","wordCount":17}}},"rawDataInfo":{"question":{"fileFormat":"wav","fileSize":243278,"duration":7600,"samplingBit":16,"channelCount":1,"samplingRate":"16kHz","audioPath":"/Mock/01.Management/Male/Experienced/ckmk_q_bm_m_e_100021.wav"},"answer":{"fileFormat":"wav","fileSize":2674638,"duration":83580,"samplingBit":16,"channelCount":1,"samplingRate":"16kHz","audioPath":"/Mock/01.Management/Male/Experienced/ckmk_a_bm_m_e_100021.wav"}}}