{"version":"1.0","dataSet":{"info":{"date":"20230116","occupation":"BM","channel":"MOCK","place":"ONLINE","gender":"MALE","ageRange":"55-","experience":"EXPERIENCED"},"question":{"raw":{"text":"과거에 어려운 문제에 직면하였을 때 그를 해결하기 위해 어떤 아이디어를 제안하였고 또 무엇을 하셨는지 과정을 말씀해 주세요","wordCount":17},"emotion":[],"intent":[]},"answer":{"raw":{"text":"과거 직면한 어려운 문제를 해결하기 위해 어떤 아이디어를 제안하였고 또 무엇을 하셨는지 과정을 말씀해 주세요 예 제가 과거에 직면한 어려운 문제들은 많이 있었습니다. 아 경기가 어렵기 때문에 어 결제를 못 받고 또한 결제가 지연되는 바람에 서로 간에 어려운 점들이 많이 있었습니다. 아 참으로 그러한 어 거래처와 아이템을 없애고자 하는 것은 참으로 쉽지 않은 일이었던 것 같습니다. 그렇다고 그 어려운 업체를 끌고 가자니 경영이 어려움이 됐던 것이 더욱더 많았던 것 같습니다. 그런 때일수록 어 특별한 아이디어는 없었던 것 같습니다. 아 현실에 아 입각해서 아 저희가 어 오 년 후 십 년 후를 내다볼 수는 없고 이 년 안에 일 년 안에 이런 것들을 해결해야 되기 때문에 어 과감한 결단력이 더욱더 필요했던 것 같습니다. 그래서 아이템을 줄이고 그런 거래선을 어 폭파시키는 그런 부분이 저한테는 어 어떻게 보면 과감하고 좋은 아이디어였는가 아이디어였지 않나 아 생각을 하게 됩니다. 어떻게 보면 과감한 그러한 부분이 저에게는 어 문제 해결이 됐던 것 같습니다.","wordCount":146},"emotion":[],"intent":[{"text":"아 현실에 아 입각해서 아 저희가 어 오 년 후 십 년 후를 내다볼 수는 없고   이 년 안에 일 년 안에 이런 것들을 해결해야 되기 때문에 어 과감한 결단력이 더욱더 필요했던 것 같습니다.","expression":"c_adp","category":"personality"}],"summary":{"text":"어려운 업체를 끌고 가자니 경영이 어려웠던 것이 더욱 많았던 것 같습니다. 그런 때일수록 과감한 결단력이 더욱더 필요했던 것 같았습니다.","wordCount":19}}},"rawDataInfo":{"question":{"fileFormat":"wav","fileSize":350798,"duration":10960,"samplingBit":16,"channelCount":1,"samplingRate":"16kHz","audioPath":"/Mock/01.Management/Male/Experienced/ckmk_q_bm_m_e_159949.wav"},"answer":{"fileFormat":"wav","fileSize":2894158,"duration":90440,"samplingBit":16,"channelCount":1,"samplingRate":"16kHz","audioPath":"/Mock/01.Management/Male/Experienced/ckmk_a_bm_m_e_159949.wav"}}}