{"version":"1.0","dataSet":{"info":{"date":"20230116","occupation":"BM","channel":"MOCK","place":"ONLINE","gender":"MALE","ageRange":"35-44","experience":"EXPERIENCED"},"question":{"raw":{"text":"지원자님께서 가지고 있는 상위 일 퍼센트의 능력은 무엇이라고 생각하시나요 만약 그 능력이 있다면 능력에 대해서 자세하게 말씀 부탁드립니다","wordCount":18},"emotion":[],"intent":[]},"answer":{"raw":{"text":"저는 사람을 삼 분 안에 파악하고 그 사람의 기질을 구십 퍼센트를 파악할 수 있는 엠비티아이 및 관상학에 대한 공부를 오래 했습니다. 예를 들어 얼굴 형이 이렇고 눈빛이 이렇고 웃음소리가 저런 사람은 저럴 확률이 높다 라고 하는 과학적인 분석입니다. 예전에 몇 몇 몇 백 년 전에 마의 성법이란 것이 관상학인데요. 관상학을 사람들은 그냥 찍어 맞추는 사주나 미신으로 생각하지만 몇 백 년 전에 만들어진 관상학은 관상에 대한 빅데이터입니다. 이러이러한 얼굴형을 가진 사람 이러이러한 말투와 목소리를 가진 사람 이러이러한 체형과 눈빛을 가진 사람은 어떻게 행동한다 라고 하는 데이터를 달마 대사가 그것을 가지고 빅데이터화 하여 책으로 쓴 것입니다. 현재에는 프로그램에서 관상학 또는 사주학에 대한 빅데이터가 있긴 하지만 저는 그걸 공부한 게 아니라 책으로써 십 몇 년 동안 관상학을 공부했습니다. 예를 들어서 뱀의 눈빛 또는 눈꼬리가 처진 사람 사백안은 사기꾼의 기질이 강하다 라는 기질을 가 갖고 있기 때문에 그런 사람들을 무조건 선입견을 가지고 바라보는 것이 아니라 이런 사람들은 이럴 기질이 갖고 있기 때문에 조심해야 된다 라고 하는 타산지석을 삼아서 사람들에게 가끔 조언을 해주기도 합니다.","wordCount":159},"emotion":[],"intent":[{"text":"","expression":"","category":"attitude"}],"summary":{"text":"저는 사람을 삼 분 안에 파악하고 그 사람의 기질을 십 퍼센트 파악할 수 있는 엠비티아이 및 관상학에 대한 공부를 오래 했습니다. 뱀의 눈빛 또는 눈꼬리가 처진 사람 이백안은 사기꾼의 기질이 강하다 라는 기질이 있기 때문에 선입견을 가지고 접근하는 것이 아니라 조심해야 된다는 타산지석을 삼아서 사람들에게 종종 조언을 해주기도 합니다.","wordCount":49}}},"rawDataInfo":{"question":{"fileFormat":"wav","fileSize":485518,"duration":15170,"samplingBit":16,"channelCount":1,"samplingRate":"16kHz","audioPath":"/Mock/01.Management/Male/Experienced/ckmk_q_bm_m_e_163286.wav"},"answer":{"fileFormat":"wav","fileSize":2753358,"duration":86040,"samplingBit":16,"channelCount":1,"samplingRate":"16kHz","audioPath":"/Mock/01.Management/Male/Experienced/ckmk_a_bm_m_e_163286.wav"}}}