{"version":"1.0","dataSet":{"info":{"date":"20230116","occupation":"BM","channel":"MOCK","place":"ONLINE","gender":"MALE","ageRange":"35-44","experience":"EXPERIENCED"},"question":{"raw":{"text":"회사에 들어오면 다양한 선배를 만나게 될 겁니다 지원자님께서 만나고 싶은 선배의 모습에는 어떤 모습이 있나요 그 이유도 함께 말씀해 주세요","wordCount":20},"emotion":[],"intent":[]},"answer":{"raw":{"text":"네 회사에 인제 입사 후에 이 업무를 시작하게 되면 주변 사람들이 매우 중요합니다. 이때 어떤 선배를 만나냐 어떤 멘토를 만나냐에 따라서 저의 성장 속도나 이례적으로 봤을 때 큰 영향력이 있다고 생각합니다. 그래서 제가 회사에 들어와서 선배를 만나게 된다면 어떤 모습에 선배를 만나고 싶은지에 대한 답변을 드리도록 하겠습니다. 서두에도 말씀드렸다시피 어 업무가 시작이 되면 주변의 인간관계 주변 직원들 선후배들의 관계가 매우 중요합니다. 여기서 후배와의 관계는 내가 설정할 수 있지만 선배와의 관계는 어 정말 어떤 사람을 만냐에 따라서 이 회사에 대한 그러한 업무의 질이 틀려질 거라고 생각합니다. 그런 부분을 봤을 때 정말 그 선배 이런 느낌보다는 이제 형동생 같은 그런 선배를 만나게 되면은 업무에 대한 좀 여유가 생길 것이고 또 서로에게 의지할 수 있는 그런 형 같은 또는 나이는 어리더라도 좀 배울 게 많은 그런 선배를 만나고 싶습니다. 이상입니다.","wordCount":127},"emotion":[],"intent":[{"text":"","expression":"","category":"attitude"}],"summary":{"text":"업무가 시작되면 주변의 인간관계 주변 직원들 선후배들의 관계가 매우 중요합니다. 업무의 질이 틀려질 것이라고 생각합니다. 형 동생 같은 선배를 만나면은 업무에 대한 여유가 생기고 서로에게 의지할 수 있는 그런 형 같은 또는 나이는 어리더라도 좀 배울 게 많은 그런 선배를 만나고 싶습니다.","wordCount":42}}},"rawDataInfo":{"question":{"fileFormat":"wav","fileSize":456398,"duration":14260,"samplingBit":16,"channelCount":1,"samplingRate":"16kHz","audioPath":"/Mock/01.Management/Male/Experienced/ckmk_q_bm_m_e_235713.wav"},"answer":{"fileFormat":"wav","fileSize":2685518,"duration":83920,"samplingBit":16,"channelCount":1,"samplingRate":"16kHz","audioPath":"/Mock/01.Management/Male/Experienced/ckmk_a_bm_m_e_235713.wav"}}}