{"version":"1.0","dataSet":{"info":{"date":"20230116","occupation":"BM","channel":"MOCK","place":"ONLINE","gender":"MALE","ageRange":"55-","experience":"EXPERIENCED"},"question":{"raw":{"text":"현재 우리 회사는 중국 시장 진출을 눈앞에 두고 있습니다 중국 시장에 진출하게 됐을 때 점유율을 높일 수 있는 점유율 확대 방안을 제시해 주시기 바랍니다","wordCount":24},"emotion":[],"intent":[]},"answer":{"raw":{"text":"중국 시장에 진출을 하게 된다면 중국 사람들을 이해하는 거는 물론이고 점유율을 높일 수 있는 가장 좋은 방법은 어 그 사람들이 겪어보지 못했던 어 새로운 어떤 방식이나 어떤 새로운 문화나 새로운 제품을 제공하는 것이라고 생각합니다. 역사적으로 중국의 변화하는 모습을 살펴봤을 때 중국의 경우 대장경을 쓸 때마다 크게 사상이 바뀌는 것을 보았습니다. 아 그런 것을 봤을 때도 어 중국 사람들이 새로운 곳에 대한 아 반응이나 감각이 무디지 않다고 생각합니다. 크게 점유율을 높일려면 이런 부분을 공략하는 것이 어 하나의 제안이 된다고 생각합니다.","wordCount":79},"emotion":[],"intent":[{"text":"","expression":"","category":"attitude"}],"summary":{"text":"중국 시장에 진출하면 중국 사람들을 이해하고 점유율을 높일 수 있는 가장 좋은 방법은 그 사람들이 겪어보지 못했던 새로운 어떤 방식이나 어떤 문화나 제품을 제공하는 것입니다.","wordCount":25}}},"rawDataInfo":{"question":{"fileFormat":"wav","fileSize":598478,"duration":18700,"samplingBit":16,"channelCount":1,"samplingRate":"16kHz","audioPath":"/Mock/01.Management/Male/Experienced/ckmk_q_bm_m_e_244781.wav"},"answer":{"fileFormat":"wav","fileSize":2138958,"duration":66840,"samplingBit":16,"channelCount":1,"samplingRate":"16kHz","audioPath":"/Mock/01.Management/Male/Experienced/ckmk_a_bm_m_e_244781.wav"}}}