{"version":"1.0","dataSet":{"info":{"date":"20230116","occupation":"BM","channel":"MOCK","place":"ONLINE","gender":"MALE","ageRange":"35-44","experience":"EXPERIENCED"},"question":{"raw":{"text":"지원자께서는 공동체에 가치에 입각 무형문화유산의 보호에 있어서 적용되는 사회적 관념은 무엇이라고 생각하시는지 저에게 말씀해 주시길 바랍니다","wordCount":16},"emotion":[],"intent":[]},"answer":{"raw":{"text":"어 공동체 지금 공동체 사회에서 살고 있는데 이런 공동체 사회에서는 이기주의 현상이 나타납니다. 어 왜 그러면 이런 자본주의 국가에서의 이기주의는 개인 이기주의는 당연한 건데 그 분야에서 봤을 때 회사든 기업이든 개인이든 모든 사람이 자기 본인의 이익을 제일 중요시 여길 수 밖에 없습니다. 그게 자본주의의 장점이자 단점이 될 수 있을 것 같은데 이런 이제 기업들이 사회적인 기업들이 돼서 이런 무형 문화유산이라든지 뭐 유형 문화유산이라든지 모든 문화의 유산은 역사적으로 호손들에게 또 물려줘야 하는 부분이고 꼭 보호가 돼야 하는 부분입니다. 이런 부분에서 제가 사회적 관념에 대한 서 답변을 드리면은 이런 사회적 관념은 이런 것들을 지킬 것은 지켜가면서 보호할 것은 보호해 가면서 회사의 이익도 전출을 해야 하고 회사의 확장도 해야 하고 해 하는데 이런 것들이 지켜지지 않고 다 어겨지고 회사의 확장만 회사에 미래의 가치성만 보고 그렇게 접근하게 되면은 나중에 정말 후회할 일이 생길 수도 있습니다. 그 짧은 순간에 이익과 그 짧은 순간에 본인의 어 사회 계산을 늘리기 위해서 이런 예술 문화나 문화 예산들을 지키지 못한다면 그거는 버더 벌어들인 이익 창출보다도 훨씬 큰 손해가 될 것입니다. 이런 공동체 가치에 대해서 사회적으로도 많이 개념이 바뀌어야 할 것 같고 그런 부분에서 이제 정부에서도 많은 강한 주치와 어 처벌에 대해서도 많이 홍보가 돼야 하고 어 모든 사람이 알아야 거 같습니다. 이상입니다.","wordCount":193},"emotion":[],"intent":[{"text":"이런 부분에서 제가 사회적 관념에 대한 서 답변을 드리면은 이런 사회적 관념은 이런 것들을 지킬 것은 지켜가면서 보호할 것은 보호해 가면서 회사의 이익도 전출을 해야 하고 회사의 확장도 해야 하고 해 하는데 이런 것들이 지켜지지 않고 다 어겨지고 회사의 확장만 회사에 미래의 가치성만 보고 그렇게 접근하게 되면은 나중에 정말 후회할 일이 생길 수도 있습니다.","expression":"m_critical","category":"attitude"},{"text":"그 짧은 순간에 이익과 그 짧은 순간에 본인의 어 사회 계산을 늘리기 위해서 이런 예술 문화나 문화 예산들을 지키지 못한다면 그거는 버더 벌어들인 이익 창출보다도 훨씬 큰 손해가 될 것입니다.","expression":"m_critical","category":"attitude"}],"summary":{"text":"공동체 사회에서는 이기주의 현상이 나타나는데 회사든 개인이든 자기 본인의 이익을 제일 중요시 여길 수 밖에 없습니다. 기업이 사회적인 기업들이 돼서 이런 무형 문화유산, 유형 문화의 유산은 역사적으로 호손들에게 물려줘야 하는 부분이며 꼭 보호가 돼야 하는 부분입니다. 이런 공동체 가치에 대해서 사회적으로도 많이 개념이 바뀌어야 할 것 같고 그런 부분에서 정부에서도 많은 주치와 처벌에 대해서도 많이 홍보가 돼야 하고 모든 사람이 알아야 거 같습니다.","wordCount":63}}},"rawDataInfo":{"question":{"fileFormat":"wav","fileSize":514958,"duration":16090,"samplingBit":16,"channelCount":1,"samplingRate":"16kHz","audioPath":"/Mock/01.Management/Male/Experienced/ckmk_q_bm_m_e_229638.wav"},"answer":{"fileFormat":"wav","fileSize":3613198,"duration":112910,"samplingBit":16,"channelCount":1,"samplingRate":"16kHz","audioPath":"/Mock/01.Management/Male/Experienced/ckmk_a_bm_m_e_229638.wav"}}}