{"version":"1.0","dataSet":{"info":{"date":"20230116","occupation":"BM","channel":"MOCK","place":"ONLINE","gender":"MALE","ageRange":"35-44","experience":"EXPERIENCED"},"question":{"raw":{"text":"본인의 장점과 단점을 설명해 주세요 그리고 그것을 특화시키고 극복하기 위해서 했던 노력들도 함께 말씀해 주세요","wordCount":15},"emotion":[],"intent":[]},"answer":{"raw":{"text":"저의 장점은 어떤 업무나 일을 아주 빠르게 배우는 패스트 러너의 기질을 갖고 있다는 것입니다. 두 번째 장점은 업무의 추진력 및 솔루션을 제공하는 상황 판단 능력이 엄청 빠르다는 것입니다. 다만 이렇게 상황 판단 능력이 빠르고 빠르게 업무를 적응하다 보니 가끔 주변 사람들에게 너무 독선적이고 독단적인 독재자처럼 보일 수도 있다 라는 이야기를 많이 들었습니다. 그리고 저의 가장 큰 단점 중의 하나는 인내심이 너무 부족하다는 것입니다. 어떤 노력을 했을 때 도전을 했을 때 실패를 하면 저는 그 자리에서 좌절하는 경우가 많습니다. 그런데 어느 성공한 사업가의 말에 를 의하면 도전했다 실패하는 건 실패가 아니라 나의 가설에 대한 검증이라고 합니다. 즉 다시 말해서 가설은 가설을 세웠다가 증명을 했다가 아니면 그 가설은 그냥 패기를 하고 또 다른 가설을 세우면 되는데 그것을 패배라고 생각하고 실패라고 생각했기 때문에 거기서 스스로 좌절을 많이 했던 것 같습니다. 그럴 때 저는 항상 제가 했었던 일에 대한 복기를 위해서 일기장이나 블로그에 했던 일에 대해서 지속적으로 써 놓고 그날 무엇이 잘못됐고 어떤 점에서 제가 좌절을 했는지 지속적으로 복기를 했습니다. 그렇게 하다 보니 제 스스로 조금씩 많이 성장해 가는 사람이 되었습니다.","wordCount":167},"emotion":[],"intent":[{"text":"저의 장점은 어떤 업무나 일을 아주 빠르게 배우는 패스트 러너의 기질을 갖고 있다는 것입니다.","expression":"c_person","category":"background"},{"text":"두 번째 장점은 업무의 추진력 및 솔루션을 제공하는 상황 판단 능력이 엄청 빠르다는 것입니다.","expression":"c_person","category":"background"},{"text":"그리고 저의 가장 큰 단점 중의 하나는 인내심이 너무 부족하다는 것입니다.","expression":"c_person","category":"background"}],"summary":{"text":"저는 어떤 업무나 일을 아주 빠르게 배우는 패스트 러너의 기질을 갖고 있습니다. 그리고 업무의 추진력 및 솔루션을 제공하는 상황 판단 능력이 엄청 빠르지만, 주변 사람들에게 너무 독선적이고 독단적인 독재자처럼 보일 수도 있습니다, 그리고 인내심이 너무 부족합니다. 도전했다 실패하는 건 저의 가설에 대한 검증이라고 합니다. 스스로 좌절을 많이 했던 것 같을 때 항상 복기를 했습니다. 그러다보니 제가 조금씩 많이 성장해 가는 사람이 되었습니다.","wordCount":62}}},"rawDataInfo":{"question":{"fileFormat":"wav","fileSize":352078,"duration":11000,"samplingBit":16,"channelCount":1,"samplingRate":"16kHz","audioPath":"/Mock/01.Management/Male/Experienced/ckmk_q_bm_m_e_164819.wav"},"answer":{"fileFormat":"wav","fileSize":2848078,"duration":89000,"samplingBit":16,"channelCount":1,"samplingRate":"16kHz","audioPath":"/Mock/01.Management/Male/Experienced/ckmk_a_bm_m_e_164819.wav"}}}