{"version":"1.0","dataSet":{"info":{"date":"20230116","occupation":"BM","channel":"MOCK","place":"ONLINE","gender":"MALE","ageRange":"35-44","experience":"EXPERIENCED"},"question":{"raw":{"text":"지원자님은 협업하는 과제와 혼자 하는 과제 중 어떤 것을 더 선호하십니까 이유와 함께 말씀해 주세요","wordCount":15},"emotion":[],"intent":[]},"answer":{"raw":{"text":"네 협업하는 과제와 혼자 하는 개인 과제에 대해서 선호하는 부분 또 그 이유까지 한 번 해 가지고 어 장단점으로 해 가지고 답변을 드리도록 하겠습니다. 일단 협업 하는 과정 결국은 팀 워크가 될 겁니다. 협업을 한다는 건 협동심이 필요할 것이고 서로 간의 의사소통이나 뭐 이런 것들을 통해서 어 어떤 프로젝트는 큰 프로젝트를 가장 기발한 아이디어를 찾아내고 그 기발한 아이디어에 대한 근거와 논리적으로 다 대응을 해서 어 찾아낼 수 있는 게 이제 협업하다 과제가 될 거 같고 개인하는 과제는 이제 어떠한 정확한 답변이 있는 부분에서 창의적인 부분보다는 아 답변이 정해져 있는 부분에서 그 부분에 대한 근거와 논리적인 부분을 다 찾아내고 어 리서치 해내고 숫자화 시켜서 할 수 있는 일이 대부분이 될 것 같습니다. 그래서 저는 이 두 가지를 생각해봤을 때 둘 다 꼭 필요한 일이고 각자 맡은 파트의 역할이 쪼금은 틀릴 것 같은데 어 선호하는 부분은 음 개인이 하는 과제들 좀 더 선호할 것 같습니다. 그 이유는 이 협업하는 과제는 사람들마다 생각이 틀리고 또 의견이 분명히 틀릴 겁니다. 그 의견을 일치하는 과정도 쉽지 않을 것이고 하기 때문에 시간 소비가 많을 것으로 판단이 돼서 저는 혼자 더 연구하고 내가 밤을 새서라도 그 부분에서 성과를 낼 수 있는 데에서 어느정도 완성도를 더 높일 수 있지 않을까 싶어서 저는 혼자 하는 이런 개인 과제 어 내가 리서치를 내고 내가 결과물까지 만들어 낼 수 있는 그런 개인 과제를 좀 더 선호하고 선호하고 있는 것 같습니다. 이상입니다.","wordCount":220},"emotion":[],"intent":[{"text":"일단 협업 하는 과정 결국은 팀 워크가 될 겁니다.","expression":"c_cop","category":"personality"},{"text":"협업을 한다는 건 협동심이 필요할 것이고 서로 간의 의사소통이나 뭐 이런 것들을 통해서 어 어떤 프로젝트는 큰 프로젝트를 가장 기발한 아이디어를 찾아내고 그 기발한 아이디어에 대한 근거와 논리적으로 다 대응을 해서 어 찾아낼 수 있는 게 이제 협업하다.","expression":"c_cop","category":"personality"},{"text":"그 이유는 이 협업하는 과제는 사람들마다 생각이 틀리고 또 의견이 분명히 틀릴 겁니다.","expression":"c_cop","category":"personality"}],"summary":{"text":"협업하는 과정 결국은 팀 워크가 될 것이고, 협업하는 과제는 창의적인 부분보다는 답변이 정해져 있는 부분에서 그 부분에 대한 근거와 논리적인 부분을 다 찾아내고 리서치 해내고 숫자화시켜서 할 수 있는 일이 대부분이 될 것 같습니다. 각자 맡은 파트의 역할이 약간은 틀릴 것 같은데 선호하는 부분은 개인이 하는 과제들 좀 더 선호할 것 같은 이유까지 한번 해 가지고 답변을 드리도록 하겠습니다.","wordCount":59}}},"rawDataInfo":{"question":{"fileFormat":"wav","fileSize":353038,"duration":11030,"samplingBit":16,"channelCount":1,"samplingRate":"16kHz","audioPath":"/Mock/01.Management/Male/Experienced/ckmk_q_bm_m_e_229641.wav"},"answer":{"fileFormat":"wav","fileSize":3733198,"duration":116660,"samplingBit":16,"channelCount":1,"samplingRate":"16kHz","audioPath":"/Mock/01.Management/Male/Experienced/ckmk_a_bm_m_e_229641.wav"}}}