{"version":"1.0","dataSet":{"info":{"date":"20230116","occupation":"BM","channel":"MOCK","place":"ONLINE","gender":"MALE","ageRange":"55-","experience":"EXPERIENCED"},"question":{"raw":{"text":"지원자님 생각이 아닌 지원자님 주변 사람들이 지원자님을 생각하실 때 장점과 단점에 대해서 어떻게 말씀하는지 모두 말씀해 주시기 바랍니다","wordCount":18},"emotion":[],"intent":[]},"answer":{"raw":{"text":"본인의 생각이 아닌 지원자님의 다른 주변 사람들이 생각하는 지원자님의 단점과 장점을 모두 말씀해 주세요. 아 제가 가지고 있는 단점은 너무 좀 독선적인 그런 모습이 많이 있다고 볼 수 있습니다. 독선적이다 보니까 아 사람의 입장을 아 타인의 입장을 이해해 주지 못하고 아 업무가 진행될 때는 저의 그러한 관점을 통해서 너무 집중적으로 몰아붙이는 그런 구석이 있다고 생각합니다. 그런 면에서 제가 아 여러 사람의 의견을 듣지 못하는 그러한 상황이 있을 때는 아 실패를 했을 그러한 경험도 많이 있습니다. 하지만은 어 어떠한 일을 어 집중적으로 할 때는 그러한 분야에 있어서 큰 성과물을 낸 경우도 많이 있습니다. 그것이 어떻게 보면 단점이자 장점이 될 수 있을 것 같습니다. 제가 말하고자 하는 장점은 늘 아 체력이 좋다는 거고 늘 그러한 일을 할 때마다 아 집중적으로 일을 할 수 있고 주위에 많은 네트워크가 있고 좋은 인맥이 있기 때문에 그것을 최대한으로 활용하여서 업무에 좋은 정보와 또한 좋은 결과물들을 많이 얻었다고 생각할 수 있습니다. 앞으로도 많은 도움이 될 수 있을 거라고 생각을 합니다.","wordCount":153},"emotion":[],"intent":[{"text":"아 제가 가지고 있는 단점은 너무 좀 독선적인 그런 모습이 많이 있다고 볼 수 있습니다.","expression":"c_person","category":"background"},{"text":"독선적이다 보니까 아 사람의 입장을 아 타인의 입장을 이해해 주지 못하고   아 업무가 진행될 때는 저의 그러한 관점을 통해서 너무 집중적으로 몰아붙이는 그런 구석이 있다고 생각합니다.","expression":"c_person","category":"background"}],"summary":{"text":"제가 가지고 있는 단점은 너무 독선적인 그런 모습이 많이 있다고 볼 수 있습니다. 하지만 어떤 일을 집중적으로 할 때는 큰 성과물을 낸 경우도 많이 있었습니다. 제가 말하고자 하는 장점은 늘 체력이 좋다는 것이고 그것을 최대한으로 활용하여서 좋은 결과물들을 많이 얻었다고 생각할 수 있을 것입니다.","wordCount":44}}},"rawDataInfo":{"question":{"fileFormat":"wav","fileSize":441038,"duration":13780,"samplingBit":16,"channelCount":1,"samplingRate":"16kHz","audioPath":"/Mock/01.Management/Male/Experienced/ckmk_q_bm_m_e_145724.wav"},"answer":{"fileFormat":"wav","fileSize":2896078,"duration":90500,"samplingBit":16,"channelCount":1,"samplingRate":"16kHz","audioPath":"/Mock/01.Management/Male/Experienced/ckmk_a_bm_m_e_145724.wav"}}}