{"version":"1.0","dataSet":{"info":{"date":"20230116","occupation":"BM","channel":"MOCK","place":"ONLINE","gender":"MALE","ageRange":"35-44","experience":"EXPERIENCED"},"question":{"raw":{"text":"새로운 서비스나 새로운 제품을 제안해 보세요","wordCount":6},"emotion":[],"intent":[]},"answer":{"raw":{"text":"요즘 유행하고 있는 메타버스의 플랫폼을 만들어서 버츄얼 리얼리티 라고 하는 브이알을 통해서 우리 회사의 제품을 실제적으로 만져보지 않고도 사용해보지도 않고도 미리 써볼 수 있는 그런 시스템을 제한하고 싶습니다. 요즘 많이 하고 있는 브이알 온라인 마케팅인데요 브이알 안경을 쓰고 우리 회사에 멀티버스로 되어있는 플랫폼에 입장을 하면 그때부터 일 층에 있는 멀티플렉스관 전시관 뭐 매점들을 활용할 수 있고요. 그다음에 이 층에 와서 다른 개발을 어떻게 하고 있는지 개발의 진행 속도들을 볼 수도 있고요. 삼 층에서는 경영팀에서 어떻게 회사를 운영하고 어떻게 직원들이 회의를 하는지를 멀티버스를 통해서 전부 다 확인할 수가 있습니다. 이 메타베스 세상을 통해서 우리는 고객들에게 아 우리가 이렇게 투명하게 개발을 하고 판매를 하고 경영을 하고 있다라는 걸 보여주고 그러면서 고객은 제품에 대한 신뢰도를 점점 더 쌓게 됩니다. 그렇게 제품과 브랜드에 대한 신뢰도를 쌓게 되면 고객들은 다시 우리 회사를 찾을 수 밖에 없고 그러면 잠재 고객들 또한 우리 제품에 대한 신뢰로 인하여 나중에 연쇄 구매를 일으킬 것이라고 생각합니다.","wordCount":146},"emotion":[],"intent":[{"text":"","expression":"","category":"attitude"}],"summary":{"text":"브이알 안경으로 회사에 멀티버스 플랫폼에 입장하면 일 층과 삼 층으로 입장이 가능합니다. 이 메타버스 세상을 통해 우리는 투명하게 개발, 판매, 경영을 하고 있다는 걸 보여주고 고객은 제품에 대한 신뢰도를 쌓을 수 있고 이는 다시 우리 회사를 찾을 것이며 잠재 고객들 또한 우리 제품에 대한 신뢰를 바탕으로 연쇄 구매를 일으킬 것입니다.","wordCount":50}}},"rawDataInfo":{"question":{"fileFormat":"wav","fileSize":221518,"duration":6920,"samplingBit":16,"channelCount":1,"samplingRate":"16kHz","audioPath":"/Mock/01.Management/Male/Experienced/ckmk_q_bm_m_e_160216.wav"},"answer":{"fileFormat":"wav","fileSize":2565838,"duration":80180,"samplingBit":16,"channelCount":1,"samplingRate":"16kHz","audioPath":"/Mock/01.Management/Male/Experienced/ckmk_a_bm_m_e_160216.wav"}}}