{"version":"1.0","dataSet":{"info":{"date":"20230116","occupation":"BM","channel":"MOCK","place":"ONLINE","gender":"MALE","ageRange":"55-","experience":"EXPERIENCED"},"question":{"raw":{"text":"본인만의 스트레스 해소법이 있는지 만약 있다면 왜 그런 방법으로 스트레스를 해소하시는지 말씀해 주세요","wordCount":13},"emotion":[],"intent":[]},"answer":{"raw":{"text":"아 네 저는 제 나름대로 스트레스 해소법은 어 첫 번째로는 등산을 좋아합니다. 그래서 등산을 통해서 어 자연을 접하고 자연에서 어 아름다운 산을 보면서 어 거기에서 오는 그 상쾌함 그런 부분들이 이 제 스트레스 해소에 도움이 되구요. 그리고 주말을 이용해서 어 수영을 합니다. 수영을 통해서 건강 관리를 하게 되는데 결국 이런 두 가지가 예 스트레스 해소에 도움이 되구요. 또 하나 본다면 이제 영화를 제가 워낙 좋아해서 특별히 그 어 좋아하는 그 부분은 장르가 아 그 스파이 그까 그 어 공 공 칠 영화에 해당되는 그런 영화를 제가 좋아하거든요. 그래서 그런 영화를 통해서도 어 제 나름대로 스트레스를 어 푸는 방법으로 어 현재 제가 하고 있습니다. 이러한 부분들이 결국 어 내가 이제 살아가면서 어 건강에 대한 부분도 어 자신을 갖게 되고 또 어 영화를 통해서도 어 간접적인 경험을 하게 되는 그런 어 방법이 되는 것 같습니다.","wordCount":133},"emotion":[],"intent":[{"text":"아 네 저는 제 나름대로 스트레스 해소법은 어 첫 번째로는 등산을 좋아합니다.","expression":"c_private","category":"background"}],"summary":{"text":"저는 스트레스 해소법으로 등산을 좋아하는데, 자연을 접하는 것이 스트레스 해소에 도움이 되며, 주말을 이용해서 수영을 합니다. 그리고 영화를 좋아해서 스파이 영화를 통해서도 스트레스 해소를 하고 있습니다. 이러한 것들이 스트레스를 풀면서 간접적인 경험을 하게 되는 것 같습니다.","wordCount":36}}},"rawDataInfo":{"question":{"fileFormat":"wav","fileSize":318798,"duration":9960,"samplingBit":16,"channelCount":1,"samplingRate":"16kHz","audioPath":"/Mock/01.Management/Male/Experienced/ckmk_q_bm_m_e_229444.wav"},"answer":{"fileFormat":"wav","fileSize":2781838,"duration":86930,"samplingBit":16,"channelCount":1,"samplingRate":"16kHz","audioPath":"/Mock/01.Management/Male/Experienced/ckmk_a_bm_m_e_229444.wav"}}}