{"version":"1.0","dataSet":{"info":{"date":"20230116","occupation":"BM","channel":"MOCK","place":"ONLINE","gender":"MALE","ageRange":"-34","experience":"EXPERIENCED"},"question":{"raw":{"text":"어 회사에 들어와서 이제 선배들을 만나게 되는 상황이 생기실 수 있는데요 어 그런 상황에서 어떤 모습의 선배를 만나고 싶으신가요 그리고 그런 선배들을 만나고 싶으신 이유는 무엇인가요","wordCount":26},"emotion":[],"intent":[]},"answer":{"raw":{"text":"제가 회사에 입사한다면 활력이 넘치는 선배를 만나고 싶습니다. 활력이 넘치는 선배를 만나면 본인에 노하우를 저에게 아낌없이 전수해 줄 것 같습니다. 실제로 이전 회사에서 활력이 넘치는 선배들이 많이 있었는데요. 이런 선배들은 본인이 잘하고 있는 일 그리고 실수했던 일들을 저에게 끊임없이 이야기해 줬었습니다. 그렇게 본인에 노하우를 끊임없이 저에게 전수해주면서 제 자신도 많이 성장할 수 있었던 계기가 되었습니다. 반대로 활력이 없이 일을 하는 선배들도 만나봤는데 이런 선배들은 본인 하는 일만 하기에 바쁘기 때문에 활력이 넘치는 선배들과 많은 부분에서 비교가 되었던 거 같습니다. 그래서 회사에 입사해서 선배들을 만나게 된다면 활력이 넘치는 선배들을 다시 만나서 일을 하고 싶습니다.","wordCount":93},"emotion":[],"intent":[{"text":"","expression":"","category":"attitude"}],"summary":{"text":"활력이 넘치는 선배를 만나면 본인에 노하우를 아낌없이 전수해 줄 것 같습니다. 실제로 이전 회사에서 활력 넘치는 선배들이 많이 있었는데 제 자신도 많이 성장할 수 있었던 계기가 되었습니다. 반대로 활력이 없이 일을 하는 선배들은 본인 하는 일에 바쁘기 때문에 많이 비교되었습니다.","wordCount":40}}},"rawDataInfo":{"question":{"fileFormat":"wav","fileSize":489038,"duration":15280,"samplingBit":16,"channelCount":1,"samplingRate":"16kHz","audioPath":"/Mock/01.Management/Male/Experienced/ckmk_q_bm_m_e_226802.wav"},"answer":{"fileFormat":"wav","fileSize":2369998,"duration":74060,"samplingBit":16,"channelCount":1,"samplingRate":"16kHz","audioPath":"/Mock/01.Management/Male/Experienced/ckmk_a_bm_m_e_226802.wav"}}}