{"version":"1.0","dataSet":{"info":{"date":"20230116","occupation":"BM","channel":"MOCK","place":"ONLINE","gender":"MALE","ageRange":"35-44","experience":"EXPERIENCED"},"question":{"raw":{"text":"면접자께서 생각하는 현재 시장 상황에 대해 설명을 해 본다면 어떻게 설명을 하시겠는지 설명 부탁드리겠습니다","wordCount":14},"emotion":[],"intent":[]},"answer":{"raw":{"text":"많은 사람들이 알다시피 이 전기 자동차는 현대 화석 연료를 쓰는 사용하는 자동차를 대체하는 미래 핵심 업종으로 즉 전기 자동차를 주업종으로 하는 귀사의 전망은 음 매우 밝다고 할 수 있습니다. 어 이 전기 자동차는 아 많은 국가에서 이천 삼십 년까지 화학 연료를 사용하는 자동차를 더 이상 생산하지 않기로 하였기 때문에 전기 자동차만이 미래의 교통 수단이 될 수 있을 거라고 저는 믿고 있는데요. 하지만 최근 들어서 큰 문제가 발생한 것이 바로 미국에서 음 중국의 부품을 사용하는 전기 자동차에 대해 관세를 크게 부여하겠다 라고 발표하였습니다. 그래서 이것이 어 귀사와 전혀 관련이 없다고 할 수 없습니다. 왜냐하면 귀사의 제가 알기로는 귀사의 자동차 또한 전기 자동차 또한 일부 부품은 중국의 전기 부품을 사용하고 있기 때문입니다. 그래서 만약 귀사가 이 중국의 전기 전 중국의 부품을 계속 사용한다면은 앞으로의 향후 한 몇 년 정도 오 년 정도는 이 이 귀사의 전기 자동차 전망이 어 크게 발전되지는 않지만 그렇다고 나쁘다고는 할 수 없습니다. 하지만 어 많은 수익을 이뤄내기 위해서면 위 위에서는 반드시 귀사가 사용하는 중국의 부품을 국산 또는 미국산으로 대체해야 된다고 할 수 있습니다.","wordCount":166},"emotion":[],"intent":[{"text":"","expression":"","category":"attitude"}],"summary":{"text":"전기 자동차만이 미래의 교통 수단이 될 수 있지만 최근 미국에서 중국의 부품을 사용하는 전기 자동차에 대해 관세를 크게 부여하겠다고 발표하였습니다. 하지만 귀사가 많은 수익을 이뤄내기 위해서는 반드시 귀사가 사용하는 중국의 부품을 국산 또는 미국산으로 대체해야 합니다.","wordCount":36}}},"rawDataInfo":{"question":{"fileFormat":"wav","fileSize":316238,"duration":9880,"samplingBit":16,"channelCount":1,"samplingRate":"16kHz","audioPath":"/Mock/01.Management/Male/Experienced/ckmk_q_bm_m_e_246870.wav"},"answer":{"fileFormat":"wav","fileSize":3490638,"duration":109080,"samplingBit":16,"channelCount":1,"samplingRate":"16kHz","audioPath":"/Mock/01.Management/Male/Experienced/ckmk_a_bm_m_e_246870.wav"}}}