{"version":"1.0","dataSet":{"info":{"date":"20230116","occupation":"BM","channel":"MOCK","place":"ONLINE","gender":"MALE","ageRange":"35-44","experience":"EXPERIENCED"},"question":{"raw":{"text":"면접자님의 상사가 회사의 이익에 반하는 행동을 하는 것을 직접 목격했다면 그때 어떻게 행동을 하시겠습니까 그 이유도 함께 설명해 주시겠습니까","wordCount":19},"emotion":[],"intent":[]},"answer":{"raw":{"text":"직장 상사의 행동이나 행위가 회사에 반하는 것이면 반드시 이거는 직장 상사에게 먼저 주지를 시키고 대화와 타협을 해야 됩니다. 이것을 옳지 않다고 얘기했는데 내가 너보다 직급이 높기 때문에 내가 시키는 대로 해 라고 한다면 그 직장 상사의 윗사람 또는 그 직장 상사의 윗사람이나 윗사람 또는 본부장 대표 이사 급까지 전부 다 보고를 합니다. 그래도 해결되지 않는다면 그룹의 정책 본부라든가 아니면 윤리위원회 자세한 내용 및 서술 경위를 써서 이러이러한 문제로 보고를 하거나 이거에 대한 적발을 할 수 있도록 감사를 요청해야 합니다. 실제로 직장이나 이런 조직에서 자신보다 높은 사람들이 이런 비윤리적인 행동 또는 이익에 반대하는 행동들을 통해서 자신의 이익만을 추구하는 사람들이 꽤 많습니다. 그런데 조직의 특성상 마음대로 상사의 행위나 행동을 제 스스로 거절할 수 없기 때문에 이런 부분에 대해서는 그 높은 위선에 보고를 하는 것이 맞다고 생각합니다.","wordCount":124},"emotion":[],"intent":[{"text":"","expression":"","category":"attitude"}],"summary":{"text":"직장 상사의 행동이나 행위가 회사에 반하는 것이면 반드시 직장 상사에게 먼저 주지를 시키고 대화와 타협을 해야 합니다. 조직의 특성상 마음대로 상사의 행위나 행동을 제 스스로 거절할 수 없기 때문에 이런 부분은 그 높은 위선에 보고를 하는 것이 맞다고 생각합니다.","wordCount":39}}},"rawDataInfo":{"question":{"fileFormat":"wav","fileSize":605518,"duration":18920,"samplingBit":16,"channelCount":1,"samplingRate":"16kHz","audioPath":"/Mock/01.Management/Male/Experienced/ckmk_q_bm_m_e_160220.wav"},"answer":{"fileFormat":"wav","fileSize":2042958,"duration":63840,"samplingBit":16,"channelCount":1,"samplingRate":"16kHz","audioPath":"/Mock/01.Management/Male/Experienced/ckmk_a_bm_m_e_160220.wav"}}}