{"version":"1.0","dataSet":{"info":{"date":"20230116","occupation":"BM","channel":"MOCK","place":"ONLINE","gender":"MALE","ageRange":"55-","experience":"EXPERIENCED"},"question":{"raw":{"text":"본인의 성격상 장점과 단점에 대해 각각 말씀해 주세요 이때 최대한 구체적인 예시를 들어주시면 더욱 좋겠습니다","wordCount":15},"emotion":[],"intent":[]},"answer":{"raw":{"text":"장점으로는 성격이 내성적이지만 사람 만나는 걸 좋아하고 바깥 활동을 좋아하는 편이라 여러 사람들과 같이 어울려 사이클링 등산 등 사 모임에 적극적으로 활동하고 성격이 모나지 않아 사람들이 좋다고 합니다. 또 그리고 업무적으로도 주어진 일에 묵묵히 최선을 다해서 주변의 직원들로부터 멋있다는 얘기도 들었고 윗 상사들로부터 칭송도 받았습니다. 단점으로는 주어진 업무에 너무 수행하는 데 있어서 과도하게 집중력을 발휘해서 조급하게 하거나 서두르는 경향도 있고 그다음에 주변에 같이 일하는 사람들과 협업이 가끔 깨지는 경우가 있습니다. 또한 사안이 발생되면 혼자 해결하랄 고 하는 개인 성향도 있다고 합니다. 이런 것이 제 큰 단점이라고 얘기를 하더군요.","wordCount":88},"emotion":[],"intent":[{"text":"장점으로는 성격이 내성적이지만 사람 만나는 걸 좋아하고 바깥 활동을 좋아하는 편이라 여러 사람들과 같이 어울려 사이클링 등산 등 사 모임에 적극적으로 활동하고 성격이 모나지 않아 사람들이 좋다고 합니다.","expression":"c_person","category":"background"},{"text":"단점으로는 주어진 업무에 너무 수행하는 데 있어서 과도하게 집중력을 발휘해서 조급하게 하거나 서두르는 경향도 있고 그다음에 주변에 같이 일하는 사람들과 협업이 가끔 깨지는 경우가 있습니다.","expression":"c_person","category":"background"},{"text":"또한 사안이 발생되면 혼자 해결하랄 고 하는 개인 성향도 있다고 합니다.","expression":"c_person","category":"background"}],"summary":{"text":"성격이 내성적이지만 사모임에 적극적으로 참여하는 장점이 있고 업무적으로도 최선을 다하는 장점이 있습니다. 반면에 업무에 조급하게 하거나 서두르는 경향도 있고 협업이 종종 깨지기도 하는 단점이 있다고 합니다.","wordCount":26}}},"rawDataInfo":{"question":{"fileFormat":"wav","fileSize":330958,"duration":10340,"samplingBit":16,"channelCount":1,"samplingRate":"16kHz","audioPath":"/Mock/01.Management/Male/Experienced/ckmk_q_bm_m_e_244231.wav"},"answer":{"fileFormat":"wav","fileSize":2263118,"duration":70720,"samplingBit":16,"channelCount":1,"samplingRate":"16kHz","audioPath":"/Mock/01.Management/Male/Experienced/ckmk_a_bm_m_e_244231.wav"}}}