{"version":"1.0","dataSet":{"info":{"date":"20230116","occupation":"BM","channel":"MOCK","place":"ONLINE","gender":"MALE","ageRange":"-34","experience":"EXPERIENCED"},"question":{"raw":{"text":"회사에 들어와 일을 하다 보면 업무량이 과도하게 많아질 수도 있습니다 지원자님은 이러한 상황에서도 잘 버틸 자신이 있으신가요 어 대답 해주시기 바랍니다","wordCount":21},"emotion":[],"intent":[]},"answer":{"raw":{"text":"업무가 많아도 버틸 자신이 있습니다. 제가 장교로 육 년 정도 근무를 했는데 그 당시에도 업무량이 굉장히 많았습니다. 그럼에도 육 년 동안이나 업무를 버텨서 어 좋은 성과를 냈고 회사에 입사를 하더라도 충분히 버텨낼 자신이 있습니다. 그러기 위해서는 제 체력이 우선이 돼야 된다고 생각하기 때문에 저는 퇴근 후에도 항상 운동을 하고 제 체력 관리를 하는데 노력하고 있습니다. 체력이 뒷받침되기 때문에 야근을 하고 외근을 하더라도 충분히 버틸 수 있는 능력을 갖추게 된 것 같습니다.","wordCount":71},"emotion":[{"text":"제가 장교로 육 년 정도 근무를 했는데 그 당시에도 업무량이 굉장히 많았습니다.","expression":"u-fact","category":"neutral"}],"intent":[{"text":"","expression":"","category":"attitude"}],"summary":{"text":"업무가 많아도 극복할 자신이 있습니다. 제가 장교로 근무한 적이 있는데 업무량이 많아도 충분히 견뎌낼 자신이 있었습니다. 그러기 위해서는 제 체력이 우선이 되어야 한다고 생각하기 때문에 제 체력 관리를 합니다.","wordCount":29}}},"rawDataInfo":{"question":{"fileFormat":"wav","fileSize":550478,"duration":17200,"samplingBit":16,"channelCount":1,"samplingRate":"16kHz","audioPath":"/Mock/01.Management/Male/Experienced/ckmk_q_bm_m_e_199631.wav"},"answer":{"fileFormat":"wav","fileSize":1849678,"duration":57800,"samplingBit":16,"channelCount":1,"samplingRate":"16kHz","audioPath":"/Mock/01.Management/Male/Experienced/ckmk_a_bm_m_e_199631.wav"}}}