{"version":"1.0","dataSet":{"info":{"date":"20230116","occupation":"BM","channel":"MOCK","place":"ONLINE","gender":"MALE","ageRange":"35-44","experience":"EXPERIENCED"},"question":{"raw":{"text":"지원자님께서 그동안 속해 있었던 조직이나 단체가 있었을 텐데요 그때 지원자님께서는 주로 어떤 역할을 하는 사람이었는지 말씀해 주시기 바랍니다","wordCount":18},"emotion":[],"intent":[]},"answer":{"raw":{"text":"어 제가 그 전 회사나 뭐 이제 군 생활 했을 때 이런 조직에서 단체에서 어 주로 했던 역할들은 어 일단 뭐 말단 직원부터 시작해서 이렇게 올라가서 인제 중간 관리자까지 했었는데 중간 관리자를 주로 했었던 거 같습니다. 그래서 이제 하급자도 있을 것이고 상급자도 있을 것인데 그런 데서 이제 중간 다리 역할을 하는 그런 역할을 많이 했던 것 같습니다. 뭐 주로 하는 역할들에 대해서는 그 아랫사람들에 대한 뭐 아이디어라든지 뭐 애로 사항 뭐 이런 것들을 많이 종합을 해서 상급자하고 커뮤니케이션이 이루어지는 그런 역할을 많이 했었고 그런 자리에서 제일 중요한 것은 윤활유 같은 역할을 해줘야 할 것 같습니다. 그까 위와 아래를 잘 이어주는 그런 중간 다리의 역할을 하는 게 중간 관리자의 어 제일 중요한 임무이지 않을까 싶습니다. 그런 역할들을 많이 했었고 지금 회사에서도 그런 역할을 주신다 하면은 어 경험과 노하우를 통해서 많이 발전할 수 있는 그런 계기가 될 수 있을 거 같습니다. 이상입니다.","wordCount":140},"emotion":[],"intent":[{"text":"","expression":"","category":"attitude"}],"summary":{"text":"군 생활 할때 조직에서 중간 관리자를 주로 했었던 것 같습니다. 하급자, 상급자들을 잇는 중간 다리의 역할을 하는 역할을 했었고 그 자리에서 상급자하고 커뮤니케이션이 이루어지는 역할을 했었습니다. 그 자리에서 가장 중요한 것은 윤활유 같은 역할을 해줘야 할 것 같다고 생각합니다.","wordCount":39}}},"rawDataInfo":{"question":{"fileFormat":"wav","fileSize":402638,"duration":12580,"samplingBit":16,"channelCount":1,"samplingRate":"16kHz","audioPath":"/Mock/01.Management/Male/Experienced/ckmk_q_bm_m_e_145286.wav"},"answer":{"fileFormat":"wav","fileSize":2679118,"duration":83720,"samplingBit":16,"channelCount":1,"samplingRate":"16kHz","audioPath":"/Mock/01.Management/Male/Experienced/ckmk_a_bm_m_e_145286.wav"}}}