{"version":"1.0","dataSet":{"info":{"date":"20230116","occupation":"BM","channel":"MOCK","place":"ONLINE","gender":"MALE","ageRange":"55-","experience":"EXPERIENCED"},"question":{"raw":{"text":"혼자 하는 과제가 있고 협업하는 과제가 있습니다 이 둘 중에서 어떤 것을 더 선호하시는지 이유와 함께 말씀해 주시기 바랍니다","wordCount":19},"emotion":[],"intent":[]},"answer":{"raw":{"text":"저는 삼십 년 정도 직장 생활을 하면서 한 번 직장을 이직하였습니다. 새로운 직장에서 스카우트 제의가 왔는데 급여 및 직급 조건이 현 직장보다 좋아서 이십 이 년 다니던 직장을 옮기게 되었습니다. 조건이 좋다고 다 좋은 직장이 아니었습니다. 새로운 직장에 출근한 지 얼마 되지 않아 후회가 되었습니다. 그 이유는 근무의 강도가 전 직장보다 쎗고 이른 출근 늦은 퇴근 등 근무시간도 꽤 길었습니다. 직장을 옮긴 것에 후회하면서 한 직장에서 이를 악물고 참고 팔 년을 다니다 정년퇴임을 하게 되었습니다.","wordCount":75},"emotion":[],"intent":[{"text":"저는 삼십 년 정도 직장 생활을 하면서 한 번 직장을 이직하였습니다.","expression":"c_private","category":"background"}],"summary":{"text":"저는 직장 생활을 하면서 한 번 이직하였습니다. 새로운 직장의 급여 및 직급 조건이 현 직장보다 좋아서 이직하였지만, 출근한지 얼마 안되어 후회하면서 팔 년을 다니다 정년퇴임을 하였습니다.","wordCount":26}}},"rawDataInfo":{"question":{"fileFormat":"wav","fileSize":377678,"duration":11800,"samplingBit":16,"channelCount":1,"samplingRate":"16kHz","audioPath":"/Mock/01.Management/Male/Experienced/ckmk_q_bm_m_e_233646.wav"},"answer":{"fileFormat":"wav","fileSize":1825358,"duration":57040,"samplingBit":16,"channelCount":1,"samplingRate":"16kHz","audioPath":"/Mock/01.Management/Male/Experienced/ckmk_a_bm_m_e_233646.wav"}}}