{"version":"1.0","dataSet":{"info":{"date":"20230116","occupation":"BM","channel":"MOCK","place":"ONLINE","gender":"MALE","ageRange":"-34","experience":"EXPERIENCED"},"question":{"raw":{"text":"기업 교육 훈련이 십 년 후 모습은 어떻게 바뀌어 있을 것인가 예상하시는지 그 예상하고 있는 거를 간략하게 설명해 주시기 바랍니다","wordCount":20},"emotion":[],"intent":[]},"answer":{"raw":{"text":"현재 진행되고 있는 기업 교육 훈련들은 조금은 주입식이고 수동적이고 직접적으로 회사가 원하는 것을 임직원들에게 주입시킬려는 교육 훈련이라고 한다면 십 년 후에는 좀 더 임직원들이 원하는 교육을 선택할 수 있고 임직원들끼리 자유롭게 소통하면서 교육을 할 수 있는 지금보다는 좀 더 자유로운 방식으로 바뀌지 않을까 생각하고 있습니다.","wordCount":45},"emotion":[],"intent":[{"text":"","expression":"","category":"attitude"}],"summary":{"text":"현재 기업 교육 훈련들이 수동적이고 주입식이라고 한다면, 십 년 후에는 자유로운 방식으로 바뀔 것으로 생각합니다. ","wordCount":15}}},"rawDataInfo":{"question":{"fileFormat":"wav","fileSize":462798,"duration":14460,"samplingBit":16,"channelCount":1,"samplingRate":"16kHz","audioPath":"/Mock/01.Management/Male/Experienced/ckmk_q_bm_m_e_156992.wav"},"answer":{"fileFormat":"wav","fileSize":904718,"duration":28270,"samplingBit":16,"channelCount":1,"samplingRate":"16kHz","audioPath":"/Mock/01.Management/Male/Experienced/ckmk_a_bm_m_e_156992.wav"}}}