{"version":"1.0","dataSet":{"info":{"date":"20230116","occupation":"BM","channel":"MOCK","place":"ONLINE","gender":"MALE","ageRange":"55-","experience":"EXPERIENCED"},"question":{"raw":{"text":"나만의 스트레스 해소법이 있으신가요 있다면 왜 그런 방법으로 스트레스를 해소하시는지 구체적으로 말씀해 주실 수 있을까요","wordCount":15},"emotion":[],"intent":[]},"answer":{"raw":{"text":"일을 하다 보면 스트레스가 많이 쌓입니다. 그래서 저는 스트레스가 쌓이게 되면은 일단 자리를 박차서 바깥으로 나갑니다. 바깥으로 나가서 하루를 보면서 긴 호흡을 합니다. 긴 호흡을 하다 보면은 머릿속에 있었던 생각들이 빠져나가면서 깨끗한 상태로 백지 상태로 머리가 되는 것 같습니다. 그럼으로써 골치 아픈 그 문제들 그런 것들을 잠시라도 잊으면서 스트레스를 해소하게 되거든요. 이렇게 스트레스를 해소를 하게 되면은 금방 다시 원래에 제 스타일로 와서 풀리지 않았던 것들도 다시 앉아서 생각을 하게 되면은 새로운 아이디어와 좋은 생각이 나와서 그 문제를 해결을 하거나 아니면은 좋은 방안이 나타나게 됩니다. 그래서 저는 일단 스트레스가 쌓이게 되면 바깥에 나가서 긴 호흡을 합니다.","wordCount":95},"emotion":[],"intent":[{"text":"","expression":"","category":"attitude"}],"summary":{"text":"일을 하다 보면 스트레스가 많이 쌓입니다. 그래서 저는 스트레스가 쌓이게 되면 일단 자리를 박차서 바깥으로 나가는데 거기서 하루를 보면서 긴 호흡을 합니다. 그래야 머릿속에 있던 생각들이 빠져나가면서 깨끗한 상태로 백지 상태로 머리가 됩니다.","wordCount":33}}},"rawDataInfo":{"question":{"fileFormat":"wav","fileSize":569678,"duration":17800,"samplingBit":16,"channelCount":1,"samplingRate":"16kHz","audioPath":"/Mock/01.Management/Male/Experienced/ckmk_q_bm_m_e_248362.wav"},"answer":{"fileFormat":"wav","fileSize":2662478,"duration":83200,"samplingBit":16,"channelCount":1,"samplingRate":"16kHz","audioPath":"/Mock/01.Management/Male/Experienced/ckmk_a_bm_m_e_248362.wav"}}}