{"version":"1.0","dataSet":{"info":{"date":"20230116","occupation":"BM","channel":"MOCK","place":"ONLINE","gender":"MALE","ageRange":"55-","experience":"EXPERIENCED"},"question":{"raw":{"text":"지원자님은 스트레스를 받으시면 어떻게 어 해결하시는지 또한 왜 그런 방법으로 스트레스를 해소하시는지에 대해서 말씀해 주시기 바랍니다","wordCount":16},"emotion":[],"intent":[]},"answer":{"raw":{"text":"저는 솔직하게 술을 마십니다. 술을 마셔요. 왜 그런 방법이냐고 하면 술을 마셔야 기분이 나아지니까요. 네 술을 마셔야 쪼금 기분이 올라가고 업되고 그리고 사람이 조금 어 맨정신에서 못할 얘기들을 이제 쪼금 술 기운을 빌려서 더 이런 저런 얘기들을 나눌 수 있잖아요. 저 그런 분위기가 좋아요.. 네 당연히 술을 마시면 실수할 수도 있지만 제가 뭐 뭐 주량이 아주 적지는 않기 때문에 어느 정도 제가 마실 수 있는 선에서 이제 마시면서 풀고 또 우선 제가 기분이 좋고 전 술을 좋아해요. 술은 맛있거든요. 네 그리고 주량만 그런 양만 조절하면 저는 이게 건강하다고 생각해요. 스트레스 받아가면서 막 술을 안 마시려고 참는 것보다 그게 더 스트레스예요. 네 술은 보약입니다.","wordCount":103},"emotion":[],"intent":[{"text":"","expression":"","category":"attitude"}],"summary":{"text":"술은 기분을 좋게 하고 스트레스를 해소해 주는 보약입니다. 저는 술을 아주 좋아하는데, 술의 양만 조절하면 기분이 좋아지고 스트레스도 해소할 수 있습니다.","wordCount":21}}},"rawDataInfo":{"question":{"fileFormat":"wav","fileSize":385358,"duration":12040,"samplingBit":16,"channelCount":1,"samplingRate":"16kHz","audioPath":"/Mock/01.Management/Male/Experienced/ckmk_q_bm_m_e_156414.wav"},"answer":{"fileFormat":"wav","fileSize":2859598,"duration":89360,"samplingBit":16,"channelCount":1,"samplingRate":"16kHz","audioPath":"/Mock/01.Management/Male/Experienced/ckmk_a_bm_m_e_156414.wav"}}}