{"version":"1.0","dataSet":{"info":{"date":"20230116","occupation":"BM","channel":"MOCK","place":"ONLINE","gender":"MALE","ageRange":"55-","experience":"EXPERIENCED"},"question":{"raw":{"text":"일을 하다 보면 자료를 문서화할 일이 굉장히 많습니다 본인은 문서화 작업이 왜 필요하다고 생각하는지 말씀해 주세요","wordCount":16},"emotion":[],"intent":[]},"answer":{"raw":{"text":"예 일을 하게 되면 자료를 문서화할 일이 많죠. 물론 귀찮으면 자료를 문서화하지 않는 경우도 있습니다. 하지만 힘들어도 바빠도 자료를 문서화 작업을 해야 된다라고 저는 생각합니다. 문서화 작업이 왜 필요하냐면 문서는 영원히 남습니다. 특별히 폐기하거나 없애지 않는다면 이 문서는 역사와 같이 존재하고 남아 있습니다. 나중에 이 문서를 다시 보고자 하는 경우가 생길 것이고요. 그리고 후임자가 또 이 문서를 볼 수도 있을 것입니다. 그러기 때문에 자연스럽게 자료들을 문서를 해 놓는다면 체계적으로 문서 분류해서 해 놓은 거에 대해서 보게 된다면은 업무의 효율성도 올라가고 효율화도 꾀할 수 있는 것이기 때문에 문서화 작업은 필요하다고 보여집니다.","wordCount":90},"emotion":[],"intent":[{"text":"","expression":"","category":"attitude"}],"summary":{"text":"업무의 효율성과 효율화를 위해 문서를 문서화 할 필요가 있습니다. 문서화 작업이 필요한 이유는 문서가 역사처럼 존재하기 때문입니다. 자연스럽게 문서들을 문서화 해 놓는다면 업무의 효율화도 꾀할 수 있기 때문입니다.","wordCount":28}}},"rawDataInfo":{"question":{"fileFormat":"wav","fileSize":358478,"duration":11200,"samplingBit":16,"channelCount":1,"samplingRate":"16kHz","audioPath":"/Mock/01.Management/Male/Experienced/ckmk_q_bm_m_e_248355.wav"},"answer":{"fileFormat":"wav","fileSize":2361678,"duration":73800,"samplingBit":16,"channelCount":1,"samplingRate":"16kHz","audioPath":"/Mock/01.Management/Male/Experienced/ckmk_a_bm_m_e_248355.wav"}}}