{"version":"1.0","dataSet":{"info":{"date":"20230116","occupation":"BM","channel":"MOCK","place":"ONLINE","gender":"MALE","ageRange":"35-44","experience":"EXPERIENCED"},"question":{"raw":{"text":"같은 상품이고 조건이 다 같을 때 다른 지점에서 상품 가격을 낮춰야 한다면 어디에서 낮추시겠습니까 이야기해 보세요","wordCount":16},"emotion":[],"intent":[]},"answer":{"raw":{"text":"상품을 판매하다 보면 이런 경우들은 흔히 맞닥뜨릴 수 있습니다. 같은 조건인데 왜 다른 곳에서 상품 가격을 낮춰 판매하고 있는지 먼저 파악을 해야 됩니다. 그들은 어떤 큰 유통을 통해서 제품을 대량으로 떰핑으로 들여와서 더 적은 마진을 가지고 판매하게 되는 것인지 아니면 경쟁 업체인 우리를 죽이기 위해서 그렇게 하는 것인지 정확히 따져봐야 될 것입니다. 그래서 그들이 판매하고 있는 가격이 최소한의 마진을 남겨서 회사가 운영될 수 있는 수준이라면 저희도 그거에 대해서 심각하게 고려를 해 봐야 될 것 같습니다. 그렇다고 그들이 너무 싸게 판다고 그들의 매장을 가서 그걸 가서 따질 수는 없습니다. 본사에다 요청을 해서 그들이 정확한 회사의 본사의 정책을 지키고 있는지 위반을 하고 있는지 또는 편법으로 판매하고 있는지는 확인하고 그들이 최소한의 마진을 남겨서 판 판매한다면 우리도 그 마진에 비슷하게 비슷한 조건으로 판매하는 것도 고려해 볼 사항인 것 같습니다.","wordCount":125},"emotion":[],"intent":[{"text":"","expression":"","category":"attitude"}],"summary":{"text":"상품을 판매하다 보면, 다른 곳에서 상품 가격을 낮춰 판매하고 있는지 먼저 파악해야 됩니다. 그들은 어떤 큰 유통을 통해서 제품을 대량 핑으로 들여와서 더 적은 마진을 가지고 판매하게 되는 것인지 아니면 경쟁 업체를 죽이기 위해서 그렇게 하는 것인지 정확히 따져봐야 될 것입니다.","wordCount":41}}},"rawDataInfo":{"question":{"fileFormat":"wav","fileSize":343118,"duration":10720,"samplingBit":16,"channelCount":1,"samplingRate":"16kHz","audioPath":"/Mock/01.Management/Male/Experienced/ckmk_q_bm_m_e_156373.wav"},"answer":{"fileFormat":"wav","fileSize":2259278,"duration":70600,"samplingBit":16,"channelCount":1,"samplingRate":"16kHz","audioPath":"/Mock/01.Management/Male/Experienced/ckmk_a_bm_m_e_156373.wav"}}}