{"version":"1.0","dataSet":{"info":{"date":"20230116","occupation":"BM","channel":"MOCK","place":"ONLINE","gender":"MALE","ageRange":"-34","experience":"EXPERIENCED"},"question":{"raw":{"text":"지원자님께서는 어떠한 문제에 부딪치는 경우에 주로 혼자 해결을 하시는 편인지 아니면 다른 사람들에게 이야기를 해서 해결을 하는 편인지 말씀해 주시기 바랍니다","wordCount":21},"emotion":[],"intent":[]},"answer":{"raw":{"text":"그 문제의 크기에 따라서 다를 것 같습니다. 혼자 해결하는 경우는 제게 온전히 주어진 혹은 저 혼자 일을 해야 되는 프로젝트인 경우에는 최대한 혼자 해결하려고 하는 편입니다. 그러나 그게 아니고 부서 사람들과 같이 일을 하거나 프로젝트가 하나의 팀으로서 이루어진다면 그럴 땐 조금 더 빨리 여러 스럼 여러 사람들과 공유를 하고 그 문제에 대해서 같이 고민해 보는 편입니다. 즉 제가 개인으로 일할 때 그리고 팀으로서 일할 때에 따라 혼자 해결하는 경우와 여러 사람들과 이야기를 나눠보는 이렇게 두 가지 방향이 있는 것 같습니다. 그래서 꼭 한 가지 무조건 혼자 해결하거나 무조건 여러 사람들에게 이야기를 하는 것이 아닌 제가 같이 일을 하는 사람들의 수에 따라서 바뀌는 것 같습니다.","wordCount":104},"emotion":[],"intent":[{"text":"","expression":"","category":"attitude"}],"summary":{"text":"혼자 해결하는 경우는 저 혼자 일을 해야 되는 프로젝트인 경우에는 최대한 혼자 해결하려고 하는 편이지만, 부서 사람들과 같이 일을 하거나 프로젝트가 하나의 팀으로서 이루어진다면 좀 더 빨리 여러 사람들과 이야기를 나누는 편입니다.","wordCount":32}}},"rawDataInfo":{"question":{"fileFormat":"wav","fileSize":437198,"duration":13660,"samplingBit":16,"channelCount":1,"samplingRate":"16kHz","audioPath":"/Mock/01.Management/Male/Experienced/ckmk_q_bm_m_e_105988.wav"},"answer":{"fileFormat":"wav","fileSize":2235598,"duration":69860,"samplingBit":16,"channelCount":1,"samplingRate":"16kHz","audioPath":"/Mock/01.Management/Male/Experienced/ckmk_a_bm_m_e_105988.wav"}}}