{"version":"1.0","dataSet":{"info":{"date":"20230116","occupation":"BM","channel":"MOCK","place":"ONLINE","gender":"MALE","ageRange":"35-44","experience":"EXPERIENCED"},"question":{"raw":{"text":"근무를 하다 보면 상사와 트러블이 생길 수 있는데 어떻게 할 것입니까 또 상사가 혼내면 기분 나쁘시진 않을까요","wordCount":17},"emotion":[],"intent":[]},"answer":{"raw":{"text":"어 종종 일을 하다 보면은 상사와 트러블이 안 생길래야 안 생길 수가 없습니다. 왜냐하면 어 그 모든 사람들이 다 서로 간의 의견이 다르고 생각 또한 다르기 때문인데요. 어 그렇기 때문에 당연히 트러블이 생기지만 어 그 트러블이 어 약하냐 또는 강하느냐에 따라서 조금 우리가 그것을 해결할 수 있는 방안이 있습니다. 어 하지만 어떤 경우에는 상사가 어 제가 잘못을 하지 않았는데도 불구하고 저를 혼내는 경우도 또한 있을 수 있습니다. 그렇게 되면은 물론 어 기분이 나쁠 수도 있죠. 어 만약 그렇다면 만약 제가 잘못하지 않았는데도 상사가 저를 나무라한다면은 저는 어 일단 그 상황 상황에서는 어 제가 잘못 했습니다 를 어 제가 잘못했습니다 라고 먼저 말을 하고 쪼끔 이제 상사와의 관계가 부드럽게 이어져 나갔을 때 그때 상사에게 이러이런 점이 쪼끔 어 제가 아직도 서운합니다 라고 말을 하여 어 그 상사와의 관계를 계속적으로 좋게 유지하려고 노력을 할 했 지금까지 했고 앞으로도 계속 그런 식으로 어 상사와의 관계를 유지하겠습니다.","wordCount":143},"emotion":[],"intent":[{"text":"","expression":"","category":"attitude"}],"summary":{"text":"상사와 트러블이 안 생길래야 안 생길 수가 없지만, 약하거나 강하느냐에 따라서 해결할 수 있는 방안이 있습니다. 상사가 잘못을 하지 않는데도 불구하고 혼내는 경우에는 제가 잘못했습니다 라고 먼저 말하고 부드러운 관계를 유지하려고 노력을 할 것이고 앞으로도 그렇게 하겠습니다.","wordCount":37}}},"rawDataInfo":{"question":{"fileFormat":"wav","fileSize":408718,"duration":12770,"samplingBit":16,"channelCount":1,"samplingRate":"16kHz","audioPath":"/Mock/01.Management/Male/Experienced/ckmk_q_bm_m_e_246865.wav"},"answer":{"fileFormat":"wav","fileSize":2835918,"duration":88620,"samplingBit":16,"channelCount":1,"samplingRate":"16kHz","audioPath":"/Mock/01.Management/Male/Experienced/ckmk_a_bm_m_e_246865.wav"}}}