{"version":"1.0","dataSet":{"info":{"date":"20230116","occupation":"BM","channel":"MOCK","place":"ONLINE","gender":"MALE","ageRange":"-34","experience":"EXPERIENCED"},"question":{"raw":{"text":"식스시그마에 대해 당신이 알고 있는 부분을 자세히 설명해 주시겠습니까","wordCount":9},"emotion":[],"intent":[]},"answer":{"raw":{"text":"식스 시그마란 백만 개의 제품 중 세 네 개의 분량만을 허용하는 쓰리 포 피피엠 경영 즉 유 품질 혁신 운동을 말합니다. 시그마는 보통 통계학에서 오차 범위를 나타내는데요. 경영학에서는 제품의 불량률을 나타내는 데 사용됩니다. 일 시그마는 육십 팔 퍼센트 삼 시그마는 구십 구 점 칠 퍼센트의 제품이 만족스럽다는 의미인데 시그마의 수치가 오를수록 제품의 품질 만족도도 상승합니다. 식스 시그마를 품 통계적으로 보면 구십 구 점 구 구 구 육 육 퍼센트가 양품이라는 의미입니다. 이것은 원래 모토로라가 품질 위기로부터 출발하게 됐는데요. 천 구백 팔십 년대 초 일본의 무선 호출기 시장에서 모토로라가 품질 불량으로 고전을 면치 못하고 위기에 빠지게 되자 이것을 타개하기 위해서 전략적 시도로 하게 되었습니다.","wordCount":103},"emotion":[],"intent":[{"text":"","expression":"","category":"attitude"}],"summary":{"text":"1980년대 초 일본의 무선 호출기 시장에서 품질 불량으로 고전을 면치 못하고 위기에 빠지게 되자 이것을 타개하기 위해서 전략적 시도로 하게 된 것으로 쓰리 포 피피엠 경영 즉 유 품질 혁신 운동을 말합니다.","wordCount":32}}},"rawDataInfo":{"question":{"fileFormat":"wav","fileSize":239438,"duration":7480,"samplingBit":16,"channelCount":1,"samplingRate":"16kHz","audioPath":"/Mock/01.Management/Male/Experienced/ckmk_q_bm_m_e_156990.wav"},"answer":{"fileFormat":"wav","fileSize":1909838,"duration":59680,"samplingBit":16,"channelCount":1,"samplingRate":"16kHz","audioPath":"/Mock/01.Management/Male/Experienced/ckmk_a_bm_m_e_156990.wav"}}}