{"version":"1.0","dataSet":{"info":{"date":"20230116","occupation":"BM","channel":"MOCK","place":"ONLINE","gender":"MALE","ageRange":"55-","experience":"EXPERIENCED"},"question":{"raw":{"text":"지원자님께서는 의견 주장 시 본인의 의견을 어떠한 스타일로 어떻게 제시하는지에 대해 본인의 생각을 말씀 부탁드립니다","wordCount":15},"emotion":[],"intent":[]},"answer":{"raw":{"text":"지원자님의 의견을 주장하실 때 강하게 주장하는 편인가요 어떤 스타일로 자신의 의견을 주장하시는지 궁금합니다 아 예 어 저는 의견을 합리적으로 어 이해가 될 수 있도록 근거를 대고 이렇게 주장하는 편이라고 봅니다. 또한 우리 그 조직에서의 어 몇몇 안 되는 그러한 협업을 할 때에는 제가 강력한 아 리더로서의 주장을 하는 경우 또한 많이 있습니다. 전체적으로는 제가 이해를 하며 또한 설득력 있는 그러한 주장을 하는 경우가 많이 있다고 봅니다. 또한 제가 역사를 좋아합니다. 역사를 통해서 그러한 근거와 그러한 사례들을 다시 한번 생각해 보고 또한 조심스럽게 일을 만들어가는 일에 더욱더 어 주의한다고 볼 수 있습니다. 어 어떻게 보면 강력한 리더십은 서로를 이해하고 시간은 좀 걸리지만 아 서로를 이해하면서 참으로 어 타산지석으로 삼을 수 있는 일들을 많이 사례를 설명하면서 우리의 최대한의 어 창의성 있는 그런 부분들을 만들어내고자 노력을 하고 있습니다.","wordCount":125},"emotion":[],"intent":[{"text":"","expression":"","category":"attitude"}],"summary":{"text":" 저는 의견을 합리적으로 이해할 수 있도록 근거를 대고 주장하는 편입니다. 강력한 리더십은 서로를 이해하고 타산지석으로 삼을 수 있는 일들을 사례를 설명하며 창의성 있는 부분들을 만들어내고자 노력하고 있습니다.","wordCount":27}}},"rawDataInfo":{"question":{"fileFormat":"wav","fileSize":403278,"duration":12600,"samplingBit":16,"channelCount":1,"samplingRate":"16kHz","audioPath":"/Mock/01.Management/Male/Experienced/ckmk_q_bm_m_e_159947.wav"},"answer":{"fileFormat":"wav","fileSize":2792398,"duration":87260,"samplingBit":16,"channelCount":1,"samplingRate":"16kHz","audioPath":"/Mock/01.Management/Male/Experienced/ckmk_a_bm_m_e_159947.wav"}}}