{"version":"1.0","dataSet":{"info":{"date":"20230116","occupation":"BM","channel":"MOCK","place":"ONLINE","gender":"MALE","ageRange":"35-44","experience":"EXPERIENCED"},"question":{"raw":{"text":"여러 관계자와 협력하여 성공적으로 일정을 수행해 본 경험에 대해 설명해 주십시오","wordCount":11},"emotion":[],"intent":[]},"answer":{"raw":{"text":"네 여러 관계자 상급자 하급자와 협력해서 성공적으로 일정을 수행해 본 경험에 대해서 답변 드리도록 하겠습니다. 일단 이 부분이 이제 협업이나 이제 협동심이 제일 중요할 것 같은데 결국은 인제 팀원들과의 그런 협력적인 모습 팀워크가 잘 갖춰져야 어 힘든 업무 힘든 목표도 어 체계적으로 진행이 돼서 팀워크를 발휘한다면 모든 게 다 성공할 수 있다고 생각합니다. 그랬던 경험도 많이 있고 그런 부분에서 봤을 때 이런 협업의 관계를 잘 맺어 놓는 게 무슨 일이 있어도 또 무슨 일을 성공적으로 하고 싶을 때는 진짜 이 협업이 제일 중요한 것 같습니다. 왜냐면 사람마다 갖고 있는 경험과 노하우가 틀립니다. 내가 해보지 못한 일을 누군가 해봤을 거고 그 해본 일을 정말 쉽게 처리할 수 있는 방법을 아는 안 다는 게 경험입니다. 그런 경험들이 모여서 하나의 그 기대 효과가 엄청 크기 때문에 그런 부분에서 이런 협력하는 관계 즉 뭐 팀원들끼리아의 그런 협업 관계가 잘 갖춰져야 뭐든 힘든 프로젝트가 와도 다 성공적으로 마칠 수 있을 것 같습니다. 이상입니다.","wordCount":148},"emotion":[],"intent":[{"text":"일단 이 부분이 이제 협업이나 이제 협동심이 제일 중요할 것 같은데 결국은 인제 팀원들과의 그런 협력적인 모습 팀워크가 잘 갖춰져야 어 힘든 업무 힘든 목표도 어 체계적으로 진행이 돼서 팀워크를 발휘한다면 모든 게 다 성공할 수 있다고 생각합니다.","expression":"c_cop","category":"personality"}],"summary":{"text":"협업이나 협동심이 제일 중요하지만 팀원들과의 협력적인 모습 팀워크가 잘 갖춰져야 힘든 업무 힘든 목표도 체계적으로 진행이 되서 팀워크를 발휘한다면 모든 게 다 성공할 수 있다고 생각합니다. 사람마다 갖고 있는 경험과 노하우가 다르기 때문에 이 협업이 제일 중요한 것 같습니다.","wordCount":39}}},"rawDataInfo":{"question":{"fileFormat":"wav","fileSize":334158,"duration":10440,"samplingBit":16,"channelCount":1,"samplingRate":"16kHz","audioPath":"/Mock/01.Management/Male/Experienced/ckmk_q_bm_m_e_215380.wav"},"answer":{"fileFormat":"wav","fileSize":2710478,"duration":84700,"samplingBit":16,"channelCount":1,"samplingRate":"16kHz","audioPath":"/Mock/01.Management/Male/Experienced/ckmk_a_bm_m_e_215380.wav"}}}