{"version":"1.0","dataSet":{"info":{"date":"20230116","occupation":"BM","channel":"MOCK","place":"ONLINE","gender":"MALE","ageRange":"35-44","experience":"EXPERIENCED"},"question":{"raw":{"text":"일을 하면서 가장 어려울 것으로 예상되는 것이 무엇인가요 그리고 그에 대해서 어떻게 대처할 생각이신지 말씀해 주세요","wordCount":16},"emotion":[],"intent":[]},"answer":{"raw":{"text":"어 이제 업무를 진행하게 되면 가장 어려운 것은 그래도 인간관계가 제일 어려울 것 같습니다. 그 이유는 어 업무적인 부분이나 뭐 개인 능력 미달이나 뭐 이런 부분에 대해서는 개인이 충분히 노력하고 그에 따른 발전을 시키면 되는데 어 인간관계나 이런 협업 관계 이런 협동심을 관리하는 관계에서 상하급자의 그 의견을 존중하면서 또 그거에 따라서 한 가지 길로 간다는 것이 제일 어려운 부분이고 그에 따른 결과를 도출해는 것이 가장 어려울 것으로 판단됩니다. 이 부분도 마찬가지일 것 같습니다. 일단 상하급자가 뭘 원하는지 그 하급자에게는 어떤 좋은 아이디어가 있는지 그런 것들을 빨리 캐치해서 어 그런 부분들을 다 조율을 끝내고 난 후에 한 가지의 방향으로 가는 길이 정해지면 그거에 대해 가장 집중하고 모든 사람이 협업할 수 있는 그런 과정이 있는다면 어 모든 이제 리서치가 나왔을 때 결과치가 회사의 이익에 가장 좋은 부분인 것 같습니다. 네 이상입니다.","wordCount":129},"emotion":[],"intent":[{"text":"","expression":"","category":"attitude"}],"summary":{"text":"업무 진행 시 인간관계가 가장 어렵습니다. 협업 관계에서 상하급자의 의견을 존중하면서 한 가지 길로 간다는 것이 제일 어렵고 그에 따른 결과를 도출해내는 것도 어렵습니다. 상하급자가 무엇을 원하는지 하급자에게는 어떤 좋은 아이디어가 있는지 빨리 캐치해서 한 가지 방향으로 가는 길이 정해지면 모든 사람이 협업할 수 있다면 좋겠습니다.","wordCount":46}}},"rawDataInfo":{"question":{"fileFormat":"wav","fileSize":333518,"duration":10420,"samplingBit":16,"channelCount":1,"samplingRate":"16kHz","audioPath":"/Mock/01.Management/Male/Experienced/ckmk_q_bm_m_e_138914.wav"},"answer":{"fileFormat":"wav","fileSize":2433998,"duration":76060,"samplingBit":16,"channelCount":1,"samplingRate":"16kHz","audioPath":"/Mock/01.Management/Male/Experienced/ckmk_a_bm_m_e_138914.wav"}}}