{"version":"1.0","dataSet":{"info":{"date":"20230116","occupation":"BM","channel":"MOCK","place":"ONLINE","gender":"MALE","ageRange":"-34","experience":"EXPERIENCED"},"question":{"raw":{"text":"기업이 전체 프로세스나 각각의 역할에 대해서 잘 하고 있는가요 혹시 아니라면 왜 그렇게 생각하시나요","wordCount":14},"emotion":[],"intent":[]},"answer":{"raw":{"text":"우리나라 기업들이 선진국으로 발전함에 따라서 전체 프로세스나 각각의 역할들을 어 조금씩 잘 해 가는 추세라고 생각합니다. 이전까지는 이런 프로세스나 역할들이 조금 부족한 부분들도 있었지만 우리나라도 이제 선진국 대열에 들어간 만큼 굉장히 빠르게 적응을 하고 있는 상황이라고 생각합니다. 앞으로 우리 나라가 더 선진국으로 발전하면 발전할수록 이런 기업들의 역할 특히 이에스지 경영 같은 역할들을 충실히 잘 수행해야 될 것이라고 생각합니다.","wordCount":58},"emotion":[],"intent":[{"text":"","expression":"","category":"attitude"}],"summary":{"text":"우리나라 기업들이 선진국으로 발전함에 따라 전체 프로세스나 각각의 역할들이 조금씩 잘 해 가고 있습니다. 앞으로 이런 기업들의 역할들 특히 이에스지 경영 같은 역할들을 잘 수행해야 합니다.","wordCount":26}}},"rawDataInfo":{"question":{"fileFormat":"wav","fileSize":439118,"duration":13720,"samplingBit":16,"channelCount":1,"samplingRate":"16kHz","audioPath":"/Mock/01.Management/Male/Experienced/ckmk_q_bm_m_e_199632.wav"},"answer":{"fileFormat":"wav","fileSize":1573198,"duration":49160,"samplingBit":16,"channelCount":1,"samplingRate":"16kHz","audioPath":"/Mock/01.Management/Male/Experienced/ckmk_a_bm_m_e_199632.wav"}}}