{"version":"1.0","dataSet":{"info":{"date":"20230116","occupation":"BM","channel":"MOCK","place":"ONLINE","gender":"MALE","ageRange":"-34","experience":"EXPERIENCED"},"question":{"raw":{"text":"만약 상사가 업무와 무관한 일을 시킨다면 지원자님은 그 업무에 대해서도 잘 수행하실 건가요 아니면 수행하지 않으실 건지 솔직하게 답변해 주세요","wordCount":20},"emotion":[],"intent":[]},"answer":{"raw":{"text":"상사가 업무와 무관한 일을 시킨다면 저는 정중하게 거절하겠습니다. 상사는 부하 직원들을 개인적인 일을 위해서 쓸 수가 없습니다. 회사는 정당하게 비용을 지불하고 직원들에게 일을 시키는 집단입니다. 이런 집단에서 상사가 개인적인 일을 시키거나 업무와 무관한 일을 시키는 것은 기업의 이익에 반하는 행동이라고 생각합니다. 이렇게 정중하게 상사에게 거절을 하는 것이 회사 그리고 나아가서 상사에게 더 좋은 일이라고 생각을 하고 정중하게 거절하는 것이 맞다고 생각합니다.","wordCount":61},"emotion":[],"intent":[{"text":"","expression":"","category":"attitude"}],"summary":{"text":"회사는 정당하게 비용을 지불하고 직원들에게 일을 시키는 집단입니다. 이런 집단에서 상사가 개인적인 일을 시키거나 업무와 무관한 일을 시킨다면 기업의 이익에 반하는 행동이라고 생각합니다.","wordCount":23}}},"rawDataInfo":{"question":{"fileFormat":"wav","fileSize":594638,"duration":18580,"samplingBit":16,"channelCount":1,"samplingRate":"16kHz","audioPath":"/Mock/01.Management/Male/Experienced/ckmk_q_bm_m_e_231971.wav"},"answer":{"fileFormat":"wav","fileSize":1930318,"duration":60320,"samplingBit":16,"channelCount":1,"samplingRate":"16kHz","audioPath":"/Mock/01.Management/Male/Experienced/ckmk_a_bm_m_e_231971.wav"}}}