{"version":"1.0","dataSet":{"info":{"date":"20230116","occupation":"BM","channel":"MOCK","place":"ONLINE","gender":"MALE","ageRange":"35-44","experience":"EXPERIENCED"},"question":{"raw":{"text":"지원자님께선 협업을 할 때 사교성이 좋은 편인지 궁금합니다 또 사교성을 키우기 위해 어떤 노력을 하셨고 할 수 있는지 여쭤 보고 싶습니다","wordCount":21},"emotion":[],"intent":[]},"answer":{"raw":{"text":"저는 협업할 때나 직장 동료들하고 지낼 때 사교성이 상당히 좋은 편입니다. 제가 사격성이 좋은 이유 중의 하나는 커뮤니케이션 즉 소통 능력이 좋다는 것입니다. 예를 들어서 회사에 있는 각각의 사람들은 자신만의 개성이 있고 자신만의 다양한 취미나 공통 관심사가 있을 것입니다. 저 역시도 많은 책과 경험을 통해서 많은 관심사와 주제에 대해서 알고 있기 때문에 그 어떤 누구와 만나도 그 사람이 가지고 있는 공통 관심사를 가지고 공감대를 형성하는 데 어렵지가 않습니다. 우리는 그것을 심리학에서 라포라고 부릅니다. 라포를 형성하기 위해서는 상대방과 어 어떤 공통 주제를 가지고 십 분 이상 대화를 해야 된다고 합니다. 먼저 제가 회사에 있는 여자 김대리에게 말을 먼저 걸어 봅니다. 아 김대리님 요즘 엠지 세대들한테 테니스가 인기라고 하는데요. 테니스 치고 계신가요 라고 하면 김대리는 아 저는 테니스를 치고 있고 현재 테니스를 육 개월 정도 레슨을 받아서 매주 토요일 일요일날 친구들과 시합을 하고 있습니다. 그러면 저는 테니스에 어떤 점이 좋은지 어떤 라켓을 쓰고 있는지 최근에 본 테니스 경기는 무엇인지부터 테니스에 대한 얘기를 물어 보고 경청을 합니다. 그러면 자연스럽게 공감대가 형성하고 그 사람과 사교성이 좋아질 수 밖에 없습니다.","wordCount":165},"emotion":[],"intent":[{"text":"","expression":"","category":"attitude"}],"summary":{"text":"저는 협업할 때나 직장 동료들하고 지낼 때 사교성이 상당히 좋은 편입니다. 제가 사교성이 좋은 이유 중의 하나는 커뮤니케이션 즉 소통 능력이 좋다는 것입니다. 라포를 형성하기 위해서는 상대방과 어떤 공통 주제를 가지고 십 분 이상 대화를 해야 됩니다. 그러면 자연스럽게 공감대가 형성됩니다.","wordCount":41}}},"rawDataInfo":{"question":{"fileFormat":"wav","fileSize":391758,"duration":12240,"samplingBit":16,"channelCount":1,"samplingRate":"16kHz","audioPath":"/Mock/01.Management/Male/Experienced/ckmk_q_bm_m_e_191495.wav"},"answer":{"fileFormat":"wav","fileSize":2794958,"duration":87340,"samplingBit":16,"channelCount":1,"samplingRate":"16kHz","audioPath":"/Mock/01.Management/Male/Experienced/ckmk_a_bm_m_e_191495.wav"}}}