{"version":"1.0","dataSet":{"info":{"date":"20230116","occupation":"BM","channel":"MOCK","place":"ONLINE","gender":"MALE","ageRange":"35-44","experience":"EXPERIENCED"},"question":{"raw":{"text":"특별히 취직하고 싶은 회사가 있으실까요 특정 도메인이 중요한지 회사의 분위기가 중요한지 어떠한 점을 중점적으로 보는지 궁금합니다","wordCount":16},"emotion":[],"intent":[]},"answer":{"raw":{"text":"어 특별히 가고 싶은 회사에 대해서 답변 드리겠습니다. 어 일단 특별히 제가 중점으로 보는 회사는 뭐 복지 연봉 다 중요하지만 저는 그 회사가 만에 갖고 있는 그 분위기가 제일 중요하다고 생각합니다. 그 분위기라고 하자면은 어 일단 그런 부드러운 분위기나 어 딱딱하지 않은 분위기도 중요하겠지만 어 그 회사만의 그 직원들이 갖고 있는 그 웃음이라든지 그런 느낌이 있는 회사를 더 중요시 여기고 있습니다. 어 일단 회사의 웃음이 많다는 것은 그 장기적으로 회사에 더 복무할 수 있는 그런 장기적으로 다닐 수 있는 그런 여건이 더욱더 중요시 여기다고 보고 있고 어 뭐 연봉이나 이런 것들은 이 순위로 판단이 될 것 같습니다. 네 이상입니다.","wordCount":99},"emotion":[],"intent":[{"text":"","expression":"","category":"attitude"}],"summary":{"text":"특별히 가고 싶은 회사에 대해서 답변 드리겠습니다. 우선 제가 중점으로 보는 회사는 부드러운 분위기와 딱딱하지 않은 분위기 뿐만 아니라 직원들이 갖고 있는 웃음이 많은 회사를 더 중요시 여기고 있습니다.","wordCount":29}}},"rawDataInfo":{"question":{"fileFormat":"wav","fileSize":445518,"duration":13920,"samplingBit":16,"channelCount":1,"samplingRate":"16kHz","audioPath":"/Mock/01.Management/Male/Experienced/ckmk_q_bm_m_e_184693.wav"},"answer":{"fileFormat":"wav","fileSize":2042958,"duration":63840,"samplingBit":16,"channelCount":1,"samplingRate":"16kHz","audioPath":"/Mock/01.Management/Male/Experienced/ckmk_a_bm_m_e_184693.wav"}}}