{"version":"1.0","dataSet":{"info":{"date":"20230116","occupation":"BM","channel":"MOCK","place":"ONLINE","gender":"MALE","ageRange":"35-44","experience":"EXPERIENCED"},"question":{"raw":{"text":"응시자님 생각하실 때 그 에스씨엠은 무엇이라고 생각하는지 잠시만 생각해보시고 네 말씀해 주시면 감사하겠습니다","wordCount":13},"emotion":[],"intent":[]},"answer":{"raw":{"text":"저는 어 군에서 전투 장교였기 때문에 이 공급망 관리 즉 보급에 대해서는 굉장히 중요하다고 그 무엇보다도 중요한 것이 보급 즉 공급망 관리라고 믿고 있습니다. 어 한 어 역사적인 전쟁을 예를 들자면 어 삼국지에서 어 유비가 손권에 대항하여 일으켰던 이릉 전투에서 사 유비가 패던 이유가 바로 이 보급 관리인데요. 어 이 보급 관리에 대해서 나폴레옹이 했던 가장 유명한 말이 군대는 배가 불러야 전진한다고 한다는 말입니다. 어 그만큼 이 보급은 어 군대에서 어 군대가 움직일 수 있는 바탕이 되고 어 쉽게 생각하자면 이 보급은 기름과 같은 역할입니다. 만약 자동차가 잘 달리는 자동차가 있는데 기름이 없다면 달리지는 못하겠죠. 그죠 그렇기 때문에 회사 입장에서는 이 회사를 움직일 수 있는 공급망이 정말 중요하다고 생각 할 수 있습니다. 만약 공급망 관리가 부실하다면 우리 기사가 생산하는 제품이 어 어느 순간 갑자기 생산 라인이 스톱이 될 수 있고 갑작스러운 스톱 때문에 어 대체 부품을 찾으려고 오랜 시간을 시간을 소요하지 않게 하기 위해서는 이 공급망을 잘 관리하는 것이 굉장히 중요하다고 생각합니다.","wordCount":152},"emotion":[],"intent":[{"text":"","expression":"","category":"attitude"}],"summary":{"text":"저는군에서 전투 장교였기 때문에 보급 즉 공급망 관리가 중요하다고 생각합니다. 보급은 군대에서 움직일 수 있는 바탕이 되고 보급은 기름과 같은 역할입니다. 공급망이 부실하다면 우리 기사가 생산하는 제품이 어느 순간 갑자기 스톱이 될 수 있고 대체 부품을 찾으려고 오랜 시간을 소요하지 않게 하기 위해서는 공급망을 잘 관리해야 합니다.","wordCount":47}}},"rawDataInfo":{"question":{"fileFormat":"wav","fileSize":435278,"duration":13600,"samplingBit":16,"channelCount":1,"samplingRate":"16kHz","audioPath":"/Mock/01.Management/Male/Experienced/ckmk_q_bm_m_e_246871.wav"},"answer":{"fileFormat":"wav","fileSize":3214798,"duration":100460,"samplingBit":16,"channelCount":1,"samplingRate":"16kHz","audioPath":"/Mock/01.Management/Male/Experienced/ckmk_a_bm_m_e_246871.wav"}}}