{"version":"1.0","dataSet":{"info":{"date":"20230116","occupation":"BM","channel":"MOCK","place":"ONLINE","gender":"MALE","ageRange":"35-44","experience":"EXPERIENCED"},"question":{"raw":{"text":"지원자님 본인에 창의적이고 문제를 어떤 방법으로 해결할지 경험이 있나요 그 가정에 최대한 자세하게 설명을 부탁드릴게요","wordCount":15},"emotion":[],"intent":[]},"answer":{"raw":{"text":"이천 이십 년 이 월에 생각하지도 못한 코로나가 창궐하여 병원에 이십 억 짜리 정비 두 대를 납품해야 했던 경험이 있습니다. 이미 계약서에 사인을 해놨고 삼 개월 안에 장비 두 대를 무조건 설치 가동 운영 검수까지 마치는 조건이었습니다. 삼 개월을 지키지 못하면 저희는 그 다음날부터 하루에 몇 십만 원씩 지체 보상금을 물게 끔 되어 있었는데요. 그때 본사에 있는 엔지니어들이 출입국이 막혀서 한국에 입국할 수 없어 많은 사람들이 지체 보상금에 대한 비용을 정산하고 있었을 때 제가 먼저 창의적인 생각을 한 것이 바로 영화 마스 라는 온라인으로 서로 연결하여 장비를 설치하거나 운영할 수 있게 끔 도와주는 시스템을 응용해 보기로 했습니다. 그래서 저는 줌 또는 팀즈 미팅으로 각 사이트에 스무 개가 넘는 카메라를 설치하고 이십 억이 넘는 장비를 본사 엔지니어들에게 보여 주면서 설치하는 법 세팅하는 법 주의하는 법 이럴 때는 어떻게 문제를 해결 하는지에 대해서 이십 사 시간 지속적으로 운영을 하면서 결국 삼 개월 내에 이십 억이 넘는 장비 두 대를 병원에 설치했던 경험이 있습니다. 그때 본사에서 이렇게 장비가 설치할 수도 있구나 라고 하는 감탄을 자아 냈던 것 같습니다.","wordCount":165},"emotion":[],"intent":[{"text":"","expression":"","category":"attitude"}],"summary":{"text":"코로나19로 병원에 정비를 납품해야 했던 경험이 있습니다. 계약서에 사인하고 삼 개월 안에 설치 가동 운영 검수까지 마쳐야 했습니다. 이를 어길시 지체 보상금을 물게 되었습니다. 이에 영화 마스 라는 시스템을 응용하여 장비를 설치 및 운영할 수 있게 끔 하였습니다. 결국 삼개월 내에 장비 두 대를 병원에 설치했던 경험이 있었습니다.","wordCount":48}}},"rawDataInfo":{"question":{"fileFormat":"wav","fileSize":339278,"duration":10600,"samplingBit":16,"channelCount":1,"samplingRate":"16kHz","audioPath":"/Mock/01.Management/Male/Experienced/ckmk_q_bm_m_e_165148.wav"},"answer":{"fileFormat":"wav","fileSize":2625998,"duration":82060,"samplingBit":16,"channelCount":1,"samplingRate":"16kHz","audioPath":"/Mock/01.Management/Male/Experienced/ckmk_a_bm_m_e_165148.wav"}}}