{"version":"1.0","dataSet":{"info":{"date":"20230116","occupation":"BM","channel":"MOCK","place":"ONLINE","gender":"MALE","ageRange":"45-54","experience":"EXPERIENCED"},"question":{"raw":{"text":"업무시 분쟁이 발생할 때를 대비한 지원자님만의 대처법이 있다면 무엇인지 설명해 주세요","wordCount":11},"emotion":[],"intent":[]},"answer":{"raw":{"text":"어 있어요. 네 그거는 확실히 있기는 있습니다. 근데 이게 어 조금 좋아 보이지 않을 수 있는 대처법이기는 해요. 뭐냐면 저는 일을 할 때 특히나 뭐 사실 일이라는 게 저희 내부적인 업무만 진행을 하지 않잖아요. 네 각 분야에서 협업도 하고 네 다른 회사와 같이 일을 하는 경우들도 정말 많으니까 그랬을 때 특히나 어떤 예민한 일을 진행을 시키는 경우에는 그 회사에 약점이죠. 네 리스크가 될 만한 거를 꼭 쥐고 있어요. 제가 꼭 쥐고 시작을 해요. 구해요 그런 부분들을 그래서 그게 도움이 돼요. 도움이 됐었었고 그렇기 때문에 어떠한 분쟁에서 정말 뭐 법적으로 이어질 수 있는 부분으로 갔었을 때에 심각한 거죠 그런 거는. 그럴 때 패를 깝니다. 그러면 네 반응이 아주 달라집니다. 그래서 이거는 현실적인 대처법이에요. 네 현실적인 충분히 있습니다 이런 경우들이.","wordCount":118},"emotion":[],"intent":[{"text":"","expression":"","category":"attitude"}],"summary":{"text":"일이라는 게 내부적인 업무 뿐만 아니라 다른 회사와 협업하는 경우도 많기 때문에 민감한 일을 진행하는 경우에는 리스크가 될 만한 것을 꼭 쥐고 시작하는데 이것이 도움이 되고 분쟁에서 법적으로 이어질 수 있는 부분으로 갔었을 때 심각합니다. 그럴 때 패를 깝니다.","wordCount":39}}},"rawDataInfo":{"question":{"fileFormat":"wav","fileSize":335438,"duration":10480,"samplingBit":16,"channelCount":1,"samplingRate":"16kHz","audioPath":"/Mock/01.Management/Male/Experienced/ckmk_q_bm_m_e_178118.wav"},"answer":{"fileFormat":"wav","fileSize":2898958,"duration":90590,"samplingBit":16,"channelCount":1,"samplingRate":"16kHz","audioPath":"/Mock/01.Management/Male/Experienced/ckmk_a_bm_m_e_178118.wav"}}}