{"version":"1.0","dataSet":{"info":{"date":"20230116","occupation":"BM","channel":"MOCK","place":"ONLINE","gender":"MALE","ageRange":"35-44","experience":"EXPERIENCED"},"question":{"raw":{"text":"지원자분 면접까지 오시느라 고생 많으셨습니다 그러면 질문 드리겠습니다 국내 물류 산업이 앞으로 나아가야 할 방향은 어떠한 것인지 지원자의 생각을 말씀해 주십시오","wordCount":21},"emotion":[],"intent":[]},"answer":{"raw":{"text":"이 전통적인 물류 산업은 제품을 생산한 공장에서 그 제품을 도매상으로 판매하고 도매상에서 다시 소매상으로 소매상에 다시 슈퍼마 아주 지역의 조그마한 상점 슈퍼마켓이라든지 이런 것으로 판매하는 그런 물류 유통 구조가 아 이제 전통적인 물류 산업이었습니다. 하지만 어 현대 물류 산업은 어 보통 직거래가 많이 이루어지고 있습니다. 생산자가 인터넷 온라인에서 바로 상점을 열어 어 고객에게 유통하는 어 그런 구조로 형성이 되었는데요. 그렇기 때문에 앞으로의 물류 우리 우리나라의 물류 산업은 직거래 위주의 물류 산업으로 그 구조를 바꿔야 됩니다. 그렇게 된다면은 이 소비자가 더 저렴한 가격으로 물품을 구입할 수 있고 그리고 생산자 입장에서도 어 쪼끔 더 이익을 낼 수 있는 아주 여러 다양 여러 가지 여러 단계의 유통 구조를 갖추지 않기 때문에 쪼끔 더 큰 이익을 벌일 수 있기 때문입니다.","wordCount":116},"emotion":[],"intent":[{"text":"","expression":"","category":"attitude"}],"summary":{"text":"전통적인 물류 산업은 제품을 생산한 공장에서 제품을 도매상, 소매상, 슈퍼마켓 등으로 판매하는 구조였습니다. 하지만 현대 물류산업은 보통 직거래가 이루어집니다. 앞으로는 소비자와 생산자가 이익을 낼 수 있는 직거래 위주의 물류 산업으로 그 구조를 바꿔야 합니다.","wordCount":34}}},"rawDataInfo":{"question":{"fileFormat":"wav","fileSize":539598,"duration":16860,"samplingBit":16,"channelCount":1,"samplingRate":"16kHz","audioPath":"/Mock/01.Management/Male/Experienced/ckmk_q_bm_m_e_246872.wav"},"answer":{"fileFormat":"wav","fileSize":2590158,"duration":80940,"samplingBit":16,"channelCount":1,"samplingRate":"16kHz","audioPath":"/Mock/01.Management/Male/Experienced/ckmk_a_bm_m_e_246872.wav"}}}