{"version":"1.0","dataSet":{"info":{"date":"20230116","occupation":"BM","channel":"MOCK","place":"ONLINE","gender":"MALE","ageRange":"55-","experience":"EXPERIENCED"},"question":{"raw":{"text":"입사 후 쉬운 일 어려운 일이 있을 때 일에 대한 분배를 지원자님은 어떻게 하셨나요 그리고 만약 이런 일이 또 생기면 어떻게 나눠서 처리할 생각이신지 정말 궁금합니다","wordCount":26},"emotion":[],"intent":[]},"answer":{"raw":{"text":"전 어려운 일부터 할 것 같습니다. 우선 입사를 한 지 얼마 안 됐을 때로 가정을 하면 음 모든 게 다 막막하고 긴장되고 그런데 그러면서 또 모든 거를 되게 꼼꼼히 아 다 기록하고 공부하면서 바라볼 때라서요. 그래서 오히려 자기 자신을 자기 자신이 지금 어느 정도인지를 확인할 수 있는 기회가 또 어려운 일을 수행할 때 그까 그 어려운 일을 대할 때 시간인 것 같다고 생각을 합니다. 그래서 그 일 먼저 두 가지 일이 동시에 주어진다면 어려운 일 먼저 수행을 시도해보면서 이게 잘 진행이 되면 아 나 이만큼 지금 성장했고 이만큼 공부가 됐구나 라고 알면서 그거를 바탕으로 자신감을 얻고 쉬운 일을 또 실수하지 말아야지 하는 생각으로 조심스럽게 잘 하려고 할 것 같구요. 만약에 그 어려운 일이 잘 안 된다면 뭐 힘들겠지만 그래도 그러면 오히려 더 실수하지 말아야지 또 실수하지 말아야지 하는 생각으로 쉬운 일을 또 사려깊게 되게 면밀하게 볼 것 같습니다.","wordCount":138},"emotion":[],"intent":[{"text":"","expression":"","category":"attitude"}],"summary":{"text":"어려운 일을 수행할 때 자기 자신을 확인할 수 있고, 어려운 일을 대할 때 시간이 된다고 생각합니다. 어려운 일을 먼저 시도해서 성공하면, 이것을 바탕으로 자신감을 얻고 쉬운 일을 실수하지 않으려고 노력할 것 같습니다.","wordCount":32}}},"rawDataInfo":{"question":{"fileFormat":"wav","fileSize":457038,"duration":14280,"samplingBit":16,"channelCount":1,"samplingRate":"16kHz","audioPath":"/Mock/01.Management/Male/Experienced/ckmk_q_bm_m_e_100018.wav"},"answer":{"fileFormat":"wav","fileSize":2801678,"duration":87550,"samplingBit":16,"channelCount":1,"samplingRate":"16kHz","audioPath":"/Mock/01.Management/Male/Experienced/ckmk_a_bm_m_e_100018.wav"}}}