{"version":"1.0","dataSet":{"info":{"date":"20230116","occupation":"BM","channel":"MOCK","place":"ONLINE","gender":"MALE","ageRange":"55-","experience":"EXPERIENCED"},"question":{"raw":{"text":"귀하는 뭐 대학 생활을 할 때나 아니면 보니까 전에서 전에 직장에서 직장 생활을 잠깐 하셨는데 대학이나 전 직장에서 공모전이나 프로젝트 등에 관한 기획 경험이 있으십니까","wordCount":25},"emotion":[],"intent":[]},"answer":{"raw":{"text":"대학을 다닐 때 직접 공모전이나 프로젝트를 기획해서 추진한 경험은 없습니다. 아 후회가 되는 부분이긴 하나 어 제 성격상 제가 그런 거를 주도하는 것은 어 그다지 적합하지 않다고 생각합니다. 오히려 남이 좋은 뜻으로 어떤 프로젝이나 공모전을 추진을 한다면 고 부분은 어 제 기량을 발휘를 해서 어 성심성의껏 도울 수 있다고 생각합니다.","wordCount":50},"emotion":[],"intent":[{"text":"","expression":"","category":"attitude"}],"summary":{"text":"대학 때 직접 공모전이나 프로젝트를 기획해 추진한 경험은 없으나 남이 좋은 뜻으로 공모전을 추진한다면 제 기량을 발휘해 도울 수 있다고 생각합니다.","wordCount":21}}},"rawDataInfo":{"question":{"fileFormat":"wav","fileSize":576078,"duration":18000,"samplingBit":16,"channelCount":1,"samplingRate":"16kHz","audioPath":"/Mock/01.Management/Male/Experienced/ckmk_q_bm_m_e_244776.wav"},"answer":{"fileFormat":"wav","fileSize":1306638,"duration":40830,"samplingBit":16,"channelCount":1,"samplingRate":"16kHz","audioPath":"/Mock/01.Management/Male/Experienced/ckmk_a_bm_m_e_244776.wav"}}}