{"version":"1.0","dataSet":{"info":{"date":"20230116","occupation":"BM","channel":"MOCK","place":"ONLINE","gender":"MALE","ageRange":"35-44","experience":"EXPERIENCED"},"question":{"raw":{"text":"지원자님께서 입사 후 쉬운 일 어려운 일이 있을 때 이 일에 대한 분배를 어떻게 하실 것인가요 지원자님만의 어떻게 나눠서 처리할 생각이신지 궁금합니다","wordCount":22},"emotion":[],"intent":[]},"answer":{"raw":{"text":"일단 쉬운 일과 어려운 일은 반드시 쉬운 일 먼저 처리해야 합니다. 이것은 사람의 심리와도 관계가 되어 있는데요. 쉬운 일을 먼저 처리를 해야 두 개 중에 하나는 처리했고 이제 나머지 오십 퍼센트만 처리하면 된다라고 하는 집중과 선택의 싸움이 될 수 있지만 만약에 어려운 일을 끙끙대고 계속 붙잡아 싸매고 있으면 결국 어려운 일 때문에 쉬운 일도 처리하지 못해서 오십 퍼센트가 아니라 백 퍼센트 일 처리를 하지 못하는 비합리적인 인간으로 찍히게 되어 있습니다. 그리고 어려운 일이 남았을 때는 쉬운 일을 처리했기 때문에 아 나는 이 어려운 일도 할 수 있어 라고 하는 자기 스스로 멘탈적인 강함이 생겨납니다. 그리고 어려운 일은 지속적으로 어려워 할 것이 아니라 주변에 있는 동료라든가 선배라든가 누군가에게 도움을 청하면서 이것을 어떻게 해결할 수 있는지에 대한 논의를 통해서 해결할 수가 있습니다.","wordCount":120},"emotion":[],"intent":[{"text":"","expression":"","category":"attitude"}],"summary":{"text":"어려운 일을 먼저 처리하면 집중과 선택의 싸움이 될 수 있지만 어려운 일 때문에 어려운 일도 처리하지 못하는 비합리적인 인간으로 찍히게 될 수 있습니다. 어려운 일은 주변에 도움을 청하면서 어떻게 해결할 수 있는지에 대한 논의를 통해서 해결할 수 있도록 해야 합니다.","wordCount":40}}},"rawDataInfo":{"question":{"fileFormat":"wav","fileSize":495118,"duration":15470,"samplingBit":16,"channelCount":1,"samplingRate":"16kHz","audioPath":"/Mock/01.Management/Male/Experienced/ckmk_q_bm_m_e_156374.wav"},"answer":{"fileFormat":"wav","fileSize":2033038,"duration":63530,"samplingBit":16,"channelCount":1,"samplingRate":"16kHz","audioPath":"/Mock/01.Management/Male/Experienced/ckmk_a_bm_m_e_156374.wav"}}}