{"version":"1.0","dataSet":{"info":{"date":"20230116","occupation":"BM","channel":"MOCK","place":"ONLINE","gender":"MALE","ageRange":"35-44","experience":"EXPERIENCED"},"question":{"raw":{"text":"지원자님이 지금부터 삼 년 뒤까지 삼 년 동안 주요 성장 계획이나 목표가 있을까요 있다면 어떤 것인지 궁금합니다","wordCount":17},"emotion":[],"intent":[]},"answer":{"raw":{"text":"삼 년 후에는 서비스 마케팅에 총괄 본부장을 하고 싶습니다. 예전에는 마케팅 따로 서비스 따로 그렇게 부서마다 따로 움직이는 분위기였지만 이제는 시너지가 나는 부서들은 하나의 디비젼으로 엮어서 시너지를 낼 수 있는 부서화를 만들고 있습니다. 서비스와 마케팅이 합쳐지면 서비스 필드에 있는 모든 내용들 고객들의 니즈 고객들의 불만들을 각각으로 모아서 마케팅을 할 수 있는 좋은 자원이 될 수 있습니다. 특히나 고객 관계 관리라고 하는 씨알엠에 어떻게 하면 고객들에게 좋은 제품을 선보일 수 있을까 어떻게 하면 고객들이 좋아하는 제품을 좋은 가격으로 제공할 수 있을까에 대한 많은 내용들을 내포하고 있기 때문에 삼 년 안에 저는 서비스 마케팅 부서를 만들어서 고객들에게 직접 찾아가는 그런 써비스 및 제품을 출시하고 싶습니다.","wordCount":103},"emotion":[],"intent":[{"text":"","expression":"","category":"attitude"}],"summary":{"text":"예전에는 마케팅, 서비스 따로 부서가 따로 움직였지만 이제는 시너지를 낼 수 있는 부서화를 만들고 있습니다. 서비스와 마케팅이 합쳐지면 마케팅할 수 있는 좋은 자원이 될 수 있기 때문에 삼 년 안에 서비스 마케팅 부서를 만들어서 직접 찾아가는 써비스 및 제품을 출시하고 싶습니다.","wordCount":41}}},"rawDataInfo":{"question":{"fileFormat":"wav","fileSize":404558,"duration":12640,"samplingBit":16,"channelCount":1,"samplingRate":"16kHz","audioPath":"/Mock/01.Management/Male/Experienced/ckmk_q_bm_m_e_182628.wav"},"answer":{"fileFormat":"wav","fileSize":1909198,"duration":59660,"samplingBit":16,"channelCount":1,"samplingRate":"16kHz","audioPath":"/Mock/01.Management/Male/Experienced/ckmk_a_bm_m_e_182628.wav"}}}