{"version":"1.0","dataSet":{"info":{"date":"20230116","occupation":"BM","channel":"MOCK","place":"ONLINE","gender":"MALE","ageRange":"35-44","experience":"EXPERIENCED"},"question":{"raw":{"text":"만약 일을 하다가 상사로부터 자신의 업무와 전혀 무관한 일을 시킨다면 어떻게 하시겠습니까 지원자님께서는 그래도 잘 수행하시겠습니까 아니면 수행하지 않으시겠습니까","wordCount":19},"emotion":[],"intent":[]},"answer":{"raw":{"text":"음 상사가 업무에 무관한 일을 시키는 시켜도 이제 잘 수행할 수 있는가 이것은 그 상사와의 관계에 따라서 쪼끔 달라진다고 할 수 있습니다. 만약 제가 굉장히 저와 잘 호흡이 잘 맞는 상사라면은 어 상사가 개인적인 어 부탁이라든지 아니면 제 업무와는 관계가 없는 업무를 시켜도 저는 그 부분을 굉장히 기쁘게 받아들여 열심히 또한 빠르게 그 저의 상사를 위해서 그 업무를 수행하 할 것입니다. 그리고 물론 지금까지 그렇게 해왔고요. 하지만 상사가 쪼끔 저와 쪼끔 코드가 안 맞아서 어 서로 쪼끔 어려운 관계다 어 물론 그럴 때도 저는 최대한 어 상 업무와 무관한 일을 시켜도 그 업무를 쪼끔 수행하려고 노력은 하지만은 그때는 제 중요한 것은 제 업무를 우선적으로 수행하는가 안하는가 입니다. 제가 만약 그 당 그 때 어 제 수행해야 할 업무가 있다면 즉 회사의 업무죠. 회사의 업무가 있다면 상사의 업무는 어 상사에게 저의 의사를 제가 이 업무를 먼저 해야 되겠습니다. 라고 분명히 저의 의사를 밝힌 다음 그 업무가 아 쪼끔 저와는 어 뭡니다. 라고 이제 저는 그렇게 말씀드리고 싶습니다.","wordCount":156},"emotion":[],"intent":[{"text":"","expression":"","category":"attitude"}],"summary":{"text":"상사와의 관계에 따라 제 업무와 무관한 일을 시켜도 잘 수행할 수 있는지 여부가 달라질 수 있습니다. 제가 회사 업무가 있다면 상사에게 제 업무를 먼저 해야 된다고 분명히 밝힌 다음 그 업무가 저와는 다르다고 말하고 싶습니다.","wordCount":35}}},"rawDataInfo":{"question":{"fileFormat":"wav","fileSize":551118,"duration":17220,"samplingBit":16,"channelCount":1,"samplingRate":"16kHz","audioPath":"/Mock/01.Management/Male/Experienced/ckmk_q_bm_m_e_246869.wav"},"answer":{"fileFormat":"wav","fileSize":3134798,"duration":97960,"samplingBit":16,"channelCount":1,"samplingRate":"16kHz","audioPath":"/Mock/01.Management/Male/Experienced/ckmk_a_bm_m_e_246869.wav"}}}