{"version":"1.0","dataSet":{"info":{"date":"20230116","occupation":"BM","channel":"MOCK","place":"ONLINE","gender":"MALE","ageRange":"35-44","experience":"EXPERIENCED"},"question":{"raw":{"text":"어 사람들과 협업을 하면서 가장 어려웠던 점이 있다면 어떤 것이 있었는지 어 그것을 어떻게 극복했는지 설명해 주세요","wordCount":17},"emotion":[],"intent":[]},"answer":{"raw":{"text":"사람들과 협업을 하면서 가장 어려운 점은 바로 소통의 부재입니다. 회사라는 곳은 군대보다 더 다양한 사람들이 존재하고 자신만의 개인적인 생각 이기적인 생각들이 넘쳐나는 것입니다. 물론 팔십 퍼센트 이상의 좋은 사람들이 남들과 협업을 하고 남들에게 도움이 되는 사람이지만 이십 퍼센트의 이기적인 생각과 자신만의 아집이 강한 사람들과는 협업을 할 때 너무 많은 어려움을 겪습니다. 예를 들어서 어떤 타협점을 찾으려고 해도 자신의 업무에서 조금 벗어난다거나 자기가 생각하는 업무에서 조금 부담된다고 생각하면 그 일을 하려고 들지 않기 때문입니다. 사람은 누구나 어차피 일을 하면 월급을 받는다는 그런 타성에 젖은 사람들이 생기면 모든 일을 할 때 또는 프로젝트를 할 때마다 난관에 부딪치게 됩니다. 저는 그때 그들에게 이런 주문을 하나 했습니다. 이 일은 당신의 일도 나의 일도 아닌 우리의 일입니다. 우리의 일이라는 얘긴 우리 공동체 의식이고 우리에게 이 모든 일에 대한 책임과 보상이 같이 따를 것입니다. 여기서 문제가 생기면 저도 책임을 지지만 여러분도 인사 고과에 문제가 생기고 이 일이 잘 되면 저도 인센티브와 인사 고과를 좋게 봤지만 여러분도 더 많은 연봉과 진급의 기회가 있습니다. 이래도 하지 않겠습니까 라고 하면 사람들은 그때부터 자신의 이익이 집단이 대변되는 대로 일을 하게 됩니다.","wordCount":171},"emotion":[],"intent":[{"text":"","expression":"","category":"attitude"}],"summary":{"text":"협업을 하면서 가장 어려운 점은 소통의 부재입니다. 회사에는 군대보다 더 다양한 사람들이 존재하고 자신만의 개인적인 생각과 이기적인 생각들이 넘칩니다. 타협점을 찾으려고 해도 자신의 업무에서 조금 벗어나면 그 일을 하려고 들지 않습니다. 이 일은 우리의 일이니, 우리 공동체 의식이고, 일에 대한 책임과 보상이 같이 따를 것이라는 주문을 하면 사람들은 그때부터 자신의 이익이 집단이 대변되는 대로 일을 하게 됩니다.","wordCount":57}}},"rawDataInfo":{"question":{"fileFormat":"wav","fileSize":312398,"duration":9760,"samplingBit":16,"channelCount":1,"samplingRate":"16kHz","audioPath":"/Mock/01.Management/Male/Experienced/ckmk_q_bm_m_e_191502.wav"},"answer":{"fileFormat":"wav","fileSize":2863438,"duration":89480,"samplingBit":16,"channelCount":1,"samplingRate":"16kHz","audioPath":"/Mock/01.Management/Male/Experienced/ckmk_a_bm_m_e_191502.wav"}}}