{"version":"1.0","dataSet":{"info":{"date":"20230116","occupation":"BM","channel":"MOCK","place":"ONLINE","gender":"MALE","ageRange":"35-44","experience":"EXPERIENCED"},"question":{"raw":{"text":"지원장님께서 일을 하던 중에 적성에 이제 직무와 맞지 않는다면 어떻게 하실지 궁금한데요 상황을 한번 가정을 하고 자세하게 설명해 주시길 바랍니다","wordCount":20},"emotion":[],"intent":[]},"answer":{"raw":{"text":"어 업무를 진행하는 데 있어서 직무가 적성에 맞지 않다 라는 거는 당연한 일입니다. 그래서 당연히 저는 뭐 사무직이나 뭐 이런 내향적인 사람은 당연히 사무직을 택할 것이고 외향적인 생각을 갖고 있고 여러 사람을 만나거나 이렇게 활동적인 걸 좋아하는 사람은 이제 영업직을 원할 겁니다. 네 저는 이제 두 가지 성향을 다 맞춰 있다고 생각합니다. 그러다보니 실내에서 하는 뭐 이런 사무직도 선호하고 외부에서 활동적으로 하는 그런 업무도 선호하고 있습니다. 그러나 이 적성이 맞지 않는 다는 거면 당연히 거기에 맞춰지도록 제가 맞춰야 할 것 같고 그런 부분에 있어서는 아까도 말했다시피 그런 내향적인 성격이나 외향적인 성격 그런 부분에서 인제 직무하고 적성도가 판단이 될 거라 생각하고 있습니다. 그런 부분에 있어서는 당연히 직원으로서 회사의 일원으로서 그 회사에서 원하는 부분에 맞춰서 그 적성에 맞춰져서 업무를 진행해야 할 것 같습니다. 네 이상입니다.","wordCount":123},"emotion":[],"intent":[{"text":"","expression":"","category":"attitude"}],"summary":{"text":"업무 진행에 있어서 직무가 적성에 맞지 않는다는 것은 당연한 일입니다. 그래서 내향적인 사람은 사무직을 택할 것이고 외향적인 생각을 갖고 있고 여러 사람을 만나거나 활동적인 걸 좋아하는 사람은 영업직을 원할 것입니다. 그러나 적성이 맞지 않는 다면 맞춰지도록 해야 할 것 같습니다.","wordCount":40}}},"rawDataInfo":{"question":{"fileFormat":"wav","fileSize":480718,"duration":15020,"samplingBit":16,"channelCount":1,"samplingRate":"16kHz","audioPath":"/Mock/01.Management/Male/Experienced/ckmk_q_bm_m_e_184695.wav"},"answer":{"fileFormat":"wav","fileSize":2539598,"duration":79360,"samplingBit":16,"channelCount":1,"samplingRate":"16kHz","audioPath":"/Mock/01.Management/Male/Experienced/ckmk_a_bm_m_e_184695.wav"}}}