{"version":"1.0","dataSet":{"info":{"date":"20230116","occupation":"BM","channel":"MOCK","place":"ONLINE","gender":"MALE","ageRange":"-34","experience":"EXPERIENCED"},"question":{"raw":{"text":"만약 지원자님께서 지금 지원하신 이 직무가 아닌 다른 부서에 배치가 된다면 어떻게 하시겠습니까","wordCount":13},"emotion":[],"intent":[]},"answer":{"raw":{"text":"네 지금 제가 지원한 직무가 아니라 다른 부서에 배치가 돼도 열심히 일 할 자신이 있습니다. 제가 열심히 회사에서 업무를 하면 제 능력도 키워질 것이고 제가 다른 부서에 전환 신청을 하면 다른 부서로도 옮길 수 있는 것으로 알고 있습니다. 어 그렇기 때문에 제가 당장 일 년 이 년을 보고 일을 하는 것이 아니라 제가 나아가서 오 년 십 년 후에 다양한 업무를 이해하고 다양한 업무를 해 본 실무자로 성장해 있다면 회사에서 일하는 부분에 있어서 굉장히 큰 도움이 될 것이라고 생각합니다.","wordCount":79},"emotion":[],"intent":[{"text":"","expression":"","category":"attitude"}],"summary":{"text":"당장 일 년 이 년을 보고 일을 하는 것이 아니라 오 년 십 년 후에 다양한 업무를 이해한 실무자로 성장해 있다면 회사에서 일하는 부분에 있어서 큰 도움이 될 것이라고 생각합니다.","wordCount":30}}},"rawDataInfo":{"question":{"fileFormat":"wav","fileSize":307278,"duration":9600,"samplingBit":16,"channelCount":1,"samplingRate":"16kHz","audioPath":"/Mock/01.Management/Male/Experienced/ckmk_q_bm_m_e_199627.wav"},"answer":{"fileFormat":"wav","fileSize":1693518,"duration":52920,"samplingBit":16,"channelCount":1,"samplingRate":"16kHz","audioPath":"/Mock/01.Management/Male/Experienced/ckmk_a_bm_m_e_199627.wav"}}}