{"version":"1.0","dataSet":{"info":{"date":"20230116","occupation":"BM","channel":"MOCK","place":"ONLINE","gender":"MALE","ageRange":"35-44","experience":"EXPERIENCED"},"question":{"raw":{"text":"만약 지원자님께서 해외에 파견 근무를 나가게 된다면 어느 나라에서 일을 하고 싶으신지 생각해보신 적 있으신가요 그에 대한 이유도 함께 말씀해 주세요","wordCount":21},"emotion":[],"intent":[]},"answer":{"raw":{"text":"어 해외로 이제 파견 근무를 나가는 경우가 생길 수가 있는데 그 상황에서 저 같은 경우에는 어 많은 나라를 경험해 보고 싶은데 그중에서 이제 막 특징 있는 나라들을 좀 추려 봤습니다. 그중에서 인제 가장 인제 영토도 넓고 이제 또 기회의 땅이라고 불리는 중국이라는 나라와 그리고 이제 세계에 가장 유망하고 아 시가 총액이 제일 높은 기업들만 몰려있는 미국하고 그리고 이제 인력비나 뭐 이런 가성비가 좋은 이제 동남아 지역 이렇게 세 지역을 분류할 수 있을 거 같습니다. 어 이제 제가 개인적으로 그런 특징이 있는 나라들 다 한 번 경험해보고 싶은데 그게 제한이 돼서 한 군데만 정하자 하면은 저는 미국을 가보고 싶습니다. 그 이유는 어 분명히 우리 회사에서 지금 아무리 회사에서 한국에서 잘 나간다 해도 미국에서는 아마 반도 못 따라가지 않을까 싶습니다. 그래서 그런 부분에 있어서 어 발전할 수 있는 기회 기회를 가장 강하게 갖고 있는 나라이지 않을까 싶습니다. 어 거기서 이제 같이 업무하면서 미국의 특징이라든지 미국의 업무 스타일 이런 것들을 많이 배우게 되면 한국에서 적용할 수 있을 거 같습니다. 이상입니다.","wordCount":157},"emotion":[],"intent":[{"text":"","expression":"","category":"attitude"}],"summary":{"text":"해외에 파견 근무를 나갈 경우 특징 있는 나라를 추려 봤습니다. 영토도 넓고 기회의 땅인 중국과 시 총액이 높은 미국, 인력비나 가성비가 좋은 동남아 지역 세 곳을 분류할 수 있을 것 같습니다. 저는 미국을 가보고 싶은데 발전의 기회 기회를 가장 강하게 갖고 있는 나라이기 때문입니다. 미국에서 미국의 특징 등을 배우게 되면 한국에서 적용할 수 있습니다.","wordCount":54}}},"rawDataInfo":{"question":{"fileFormat":"wav","fileSize":487438,"duration":15230,"samplingBit":16,"channelCount":1,"samplingRate":"16kHz","audioPath":"/Mock/01.Management/Male/Experienced/ckmk_q_bm_m_e_145285.wav"},"answer":{"fileFormat":"wav","fileSize":2721998,"duration":85060,"samplingBit":16,"channelCount":1,"samplingRate":"16kHz","audioPath":"/Mock/01.Management/Male/Experienced/ckmk_a_bm_m_e_145285.wav"}}}