{"version":"1.0","dataSet":{"info":{"date":"20230116","occupation":"BM","channel":"MOCK","place":"ONLINE","gender":"MALE","ageRange":"-34","experience":"EXPERIENCED"},"question":{"raw":{"text":"인생을 살면서 무엇인가 하나에 푹 빠져서 어 몰두를 해 보신 적이 있으신가요 어 있다면 그것이 무엇일지 어 말씀해 주세요","wordCount":19},"emotion":[],"intent":[]},"answer":{"raw":{"text":"아 저는 볼링 동호회를 한 적이 있습니다. 볼링을 치면서 친구들과 함께 동호회를 만들었는데 거기서 회장을 역임하면서 볼링에 푹 빠진 적이 있었습니다. 그 덕분에 친구들도 많이 사귀게 되었고 성격도 많이 긍정적이고 뭐 적극적인 성격으로 많이 변해 변하게 되었습니다. 덕분에 동호회 생활 뿐만 아니라 그게 회사 생활에도 많이 적용이 되어서 업무를 할 때도 항상 능동적이고 적극적인 업무를 할 적극적으로 업무를 하게 되었습니다. 이 회사에 입사해서도 그런 저의 성격들을 살려서 적극적으로 업무에 임하도록 하겠습니다.","wordCount":71},"emotion":[],"intent":[{"text":"아 저는 볼링 동호회를 한 적이 있습니다.","expression":"c_private","category":"background"},{"text":"볼링을 치면서 친구들과   함께 동호회를 만들었는데 거기서 회장을 역임하면서 볼링에 푹 빠진 적이 있었습니다.","expression":"c_private","category":"background"},{"text":"그 덕분에 친구들도 많이 사귀게 되었고 성격도 많이 긍정적이고 뭐 적극적인 성격으로 많이 변해 변하게 되었습니다.","expression":"c_person","category":"background"}],"summary":{"text":"저는 볼링 동호회를 한 적이 있습니다. 그 동호회에서 회장을 역임하면서 친구들도 많이 사귀게 되고 적극적인 성격으로 많이 변해 변하게 되었습니다. 덕분에 회사 생활에서도 능동적이고 적극적으로 업무 했습니다.","wordCount":27}}},"rawDataInfo":{"question":{"fileFormat":"wav","fileSize":517838,"duration":16180,"samplingBit":16,"channelCount":1,"samplingRate":"16kHz","audioPath":"/Mock/01.Management/Male/Experienced/ckmk_q_bm_m_e_156985.wav"},"answer":{"fileFormat":"wav","fileSize":1559118,"duration":48720,"samplingBit":16,"channelCount":1,"samplingRate":"16kHz","audioPath":"/Mock/01.Management/Male/Experienced/ckmk_a_bm_m_e_156985.wav"}}}