{"version":"1.0","dataSet":{"info":{"date":"20230116","occupation":"BM","channel":"MOCK","place":"ONLINE","gender":"MALE","ageRange":"55-","experience":"EXPERIENCED"},"question":{"raw":{"text":"스트레스를 받으면 어떻게 해소하시는지 또 왜 그런 방법으로 스트레스를 해소하시는지 말씀해 주실 수 있나요","wordCount":14},"emotion":[],"intent":[]},"answer":{"raw":{"text":"일을 하다보면 스트레스를 많이 받게 마련입니다. 스트레스로 인해 가지고 건강도 성격도 많이 해치게 되는데요. 그러기 때문에 저 같은 경우에 제 나름대로의 스트레스 해소는 운동입니다. 운동도 주로 유산소 운동을 함으로써 땀을 쭉 빼는 그런 운동을 하고 있습니다. 제가 스트레스로 해소하는 그런 운동을 말씀을 드리면 첫 번째로 사이클링입니다. 사이클링으로 하다 보면은 온갖 생각들을 다 잊어먹을 수 있는 그런 장점이 있습니다. 두 번째로는 러닝머신 달리기를 주로 합니다. 달리다 보면 중간에 굉장히 힘들어서 포기하고 싶을 순간도 있습니다. 그 순간 만큼은 직장의 모든 일들을 다 잊어버리고 오로지 나와의 싸움으로 그 생각만 갖게 되니깐 저는 스트레스 해소를 그런 식으로 풀고 있습니다.","wordCount":95},"emotion":[],"intent":[{"text":"","expression":"","category":"attitude"}],"summary":{"text":"일을 하다보니 스트레스를 많이 받게 되는데, 이 스트레스 해소는 유산소 운동인 사이클링과 러닝머신 달리기를 통해 해소할 수 있습니다.","wordCount":18}}},"rawDataInfo":{"question":{"fileFormat":"wav","fileSize":324878,"duration":10150,"samplingBit":16,"channelCount":1,"samplingRate":"16kHz","audioPath":"/Mock/01.Management/Male/Experienced/ckmk_q_bm_m_e_239677.wav"},"answer":{"fileFormat":"wav","fileSize":2513358,"duration":78540,"samplingBit":16,"channelCount":1,"samplingRate":"16kHz","audioPath":"/Mock/01.Management/Male/Experienced/ckmk_a_bm_m_e_239677.wav"}}}