{"version":"1.0","dataSet":{"info":{"date":"20230116","occupation":"BM","channel":"MOCK","place":"ONLINE","gender":"MALE","ageRange":"35-44","experience":"EXPERIENCED"},"question":{"raw":{"text":"네 지원자님께서 혹시 지금 공부하고 있는 분야가 있으시면 말씀해 주세요 왜 그걸 공부하는지 그리고 지금까지 어 무엇을 배웠는지 말씀 부탁드립니다","wordCount":20},"emotion":[],"intent":[]},"answer":{"raw":{"text":"지금 공부하고 있는 분야는 바로 빅 데이터입니다. 빅 데이터 인공지능 딥 러닝 머신 러닝은 현재도 바이두 구글 애플 현대 삼성에서 초미의 관심을 갖고 자율주행 자동차부터 공장 자동화를 이뤄내고 있습니다. 우리는 이제 이천 이십 이 년 디지털 트랜스 포메이션이라고 하는 디지털로의 완벽한 전환 및 도래를 하고 있습니다. 이제는 더이상 피지컬 워크 소위 말해서 몸 쓰는 일을 하는 시대가 아닌 머리 쓰는 시대가 됐고 인공지능이 모든 일을 할 수 있게끔 해야 합니다. 그래서 빅 데이터를 위한 파이선을 계속 공부 중이고 빅 데이터가 앞으로 미래 산업을 어떻게 바꿀지에 대해서 프로그래밍도 공부하지만 각 동영상이라든가 교육 영상 등을 통해서 어떻게 산업 분야에 적용할 수 있는지에 대한 공부를 꾸준히 하고 있습니다. 단순히 에이 아이가 우리를 위해서 일만 하는 것이 아니라 인건비를 얼마나 줄이고 그 인건비를 줄인 것 만큼 연구 개발비에 투자를 하고 마케팅비에 투자를 해서 고객 또는 소비자에게 합리적인 가격의 제품을 선보일 수 있을까 라고 하는 사업 전반에 대한 시스템도 같이 공부하고 있습니다. 이제는 십 년 안에 모든 것이 인공지능 및 빅 데이터 시대로 탈바꿈을 할 것이기 때문에 꾸준하게 공부 중입니다.","wordCount":165},"emotion":[],"intent":[{"text":"그래서 빅 데이터를 위한 파이선을 계속 공부 중이고 빅 데이터가 앞으로 미래 산업을 어떻게 바꿀지에 대해서 프로그래밍도 공부하지만 각 동영상이라든가   교육 영상 등을 통해서 어떻게 산업 분야에 적용할 수 있는지에 대한 공부를 꾸준히 하고 있습니다.","expression":"c_imp","category":"personality"},{"text":"단순히 에이 아이가 우리를 위해서 일만 하는 것이 아니라 인건비를 얼마나 줄이고 그 인건비를 줄인 것 만큼 연구 개발비에 투자를 하고 마케팅비에 투자를 해서 고객   또는 소비자에게 합리적인 가격의 제품을 선보일 수 있을까 라고 하는 사업 전반에 대한 시스템도 같이 공부하고 있습니다.","expression":"c_imp","category":"personality"},{"text":"이제는 십 년 안에 모든 것이 인공지능 및 빅 데이터 시대로 탈바꿈을 할 것이기 때문에 꾸준하게 공부 중입니다.","expression":"c_imp","category":"personality"}],"summary":{"text":"인공지능 딥 러닝 머신 러닝은 현재도 바이두 구글 애플 현대 삼성에서 초미의 관심을 갖고 자율주행 자동차부터 공장 자동화를 이뤄내고 있습니다. 우리는 이제 디지털 트랜스 포메이션이라 하는 디지털로의 완벽한 전환 및 도래를 하고 있으며 이제는 더이상 피지컬 워크가 아닌 인공지능이 모든 일을 할 수 있게끔 해야 합니다.","wordCount":46}}},"rawDataInfo":{"question":{"fileFormat":"wav","fileSize":496718,"duration":15520,"samplingBit":16,"channelCount":1,"samplingRate":"16kHz","audioPath":"/Mock/01.Management/Male/Experienced/ckmk_q_bm_m_e_165149.wav"},"answer":{"fileFormat":"wav","fileSize":2732238,"duration":85380,"samplingBit":16,"channelCount":1,"samplingRate":"16kHz","audioPath":"/Mock/01.Management/Male/Experienced/ckmk_a_bm_m_e_165149.wav"}}}