{"version":"1.0","dataSet":{"info":{"date":"20230116","occupation":"BM","channel":"MOCK","place":"ONLINE","gender":"MALE","ageRange":"35-44","experience":"EXPERIENCED"},"question":{"raw":{"text":"어 지원자님께서 본인이 교번 근무에 잘 적응할 수 있다고 생각하시나요 어 이것은 업무 특성상 어 교번 근무를 하게 될 상황이 많습니다 그리고 그 근거도 함께 말씀해 주세요","wordCount":27},"emotion":[],"intent":[]},"answer":{"raw":{"text":"아 교번 근무에 대해서 제가 만약에 교번 근무를 하게 된다면 잘 적응할 수 있는 부분과 그에 따른 근거까지 답변 드리도록 하겠습니다. 어 일단 교번 근무를 경험이 있다 보니까 교번 근무를 어떻게 하면 좀 원활하고 좀 성실하고 또 내용 있게 근무를 할 수 있는지에 대해서 알고 있습니다. 어 교번 근무의 장단점이 있는데 이제 단점은 밤과 낮이 바뀐다는 그런 부분에서 단점이 될 수 있을 것입니다. 그런데 그 리듬은 또 금방 적응을 합니다. 사람이 어 또 인제 적응이 되게 되면은 오히려 낮 시간에도 시간이 남고 쉬는 날도 생기기 때문에 그런 부분을 잘 활용하면은 어 인제 평일에 할 수 있는 일들이 좀 늘어나게 됩니다. 그 시간대를 잘 활용하고 해 주면은 오히려 어 이런 일반적인 월 화 수 목 금 토 다 출근하는 것보다 이 교번 근무가 몸에 적성이 맞아지면은 오히려 저는 그때가 더 여건도 좋았고 삶의 질도 더 좋았다고 생각을 합니다. 그래서 잘 적응할 수 있을 것 같고 맞춰서 개인 시간도 잘 보낼 수 있을 것 같습니다. 이상입니다.","wordCount":154},"emotion":[],"intent":[{"text":"","expression":"","category":"attitude"}],"summary":{"text":"교번 근무의 장점은 밤과 낮이 바뀐다는 부분인데 그 리듬이 금방 적응을 합니다. 그 리듬을 잘 활용을 하면 평일에 할 수 있는 일이 늘어나게 됩니다. 그 시간대를 잘 활용해 주우면 제가 교번 근무를 했던 그때가 더 여건도 좋았고 삶의 질도 더 좋았다고 생각합니다.","wordCount":42}}},"rawDataInfo":{"question":{"fileFormat":"wav","fileSize":561998,"duration":17560,"samplingBit":16,"channelCount":1,"samplingRate":"16kHz","audioPath":"/Mock/01.Management/Male/Experienced/ckmk_q_bm_m_e_216840.wav"},"answer":{"fileFormat":"wav","fileSize":2657358,"duration":83040,"samplingBit":16,"channelCount":1,"samplingRate":"16kHz","audioPath":"/Mock/01.Management/Male/Experienced/ckmk_a_bm_m_e_216840.wav"}}}