{"version":"1.0","dataSet":{"info":{"date":"20230116","occupation":"BM","channel":"MOCK","place":"ONLINE","gender":"MALE","ageRange":"35-44","experience":"EXPERIENCED"},"question":{"raw":{"text":"만약 이직을 생각하는 동료를 만나게 된다면 뭐라고 말씀하시겠습니까 이유와 함께 말씀해 주세요","wordCount":12},"emotion":[],"intent":[]},"answer":{"raw":{"text":"이직을 원하는 동료에게 일단 첫 번째 어떤 이유 때문에 이직을 하게 될 것인지 물어볼 겁니다. 이직을 하게 될 것이라면 첫 번째 돈과 진급 두 번째는 사람 문제입니다. 사람 문제는 제가 해결할 수 있는 방안이 있습니다. 첫 번째 그 사람과 어떤 관계인지 그 사람과 어떻게 지내왔고 그 사람이 없어지면 또는 그 사람과 멀어지면 이 회사를 계속 다닐 수 있을지에 대한 논의를 한번 해보고 싶습니다. 그랬을 때 팀원이 바뀌거나 팀장이 바뀌면 자기는 지금 이 연봉 및 이 직급으로도 충분히 이 회사를 다닐 수 있고 다닐 의향이 있다 라고 하면 그 사람에게 그럼 이러이러하게 다른 팀장이나 다른 부서장에게 보직 순환이나 보직 전환 또는 업무 배치를 바꿔 달라고 조심스럽게 의견을 제시할 수 있을 것입니다.","wordCount":110},"emotion":[],"intent":[{"text":"","expression":"","category":"attitude"}],"summary":{"text":"이직을 원하는 동료에게 이직을 하게 될 것이라면 첫 번째 돈과 진급 두 번째는 사람 문제인데, 사람 문제는 제가 해결할 수 있는 방안이 있습니다. 그 사람과의 관계를 논의해보고 싶습니다. 그러면 그 사람에게 다른 부서장에게 보직 순환 등을 바꿔 달라고 의견을 제시할 수 있을 것입니다.","wordCount":43}}},"rawDataInfo":{"question":{"fileFormat":"wav","fileSize":380878,"duration":11900,"samplingBit":16,"channelCount":1,"samplingRate":"16kHz","audioPath":"/Mock/01.Management/Male/Experienced/ckmk_q_bm_m_e_167240.wav"},"answer":{"fileFormat":"wav","fileSize":1705038,"duration":53280,"samplingBit":16,"channelCount":1,"samplingRate":"16kHz","audioPath":"/Mock/01.Management/Male/Experienced/ckmk_a_bm_m_e_167240.wav"}}}