{"version":"1.0","dataSet":{"info":{"date":"20230116","occupation":"BM","channel":"MOCK","place":"ONLINE","gender":"MALE","ageRange":"55-","experience":"EXPERIENCED"},"question":{"raw":{"text":"특별히 가고 싶은 회사가 있으신가요 여기서 특정 도메인이 중요한지 회사의 분위기가 중요한지 어떤 점들을 중점적으로 보시는지 궁금합니다","wordCount":17},"emotion":[],"intent":[]},"answer":{"raw":{"text":"특별히 가고 싶은 회사가 있나요 특정 도메인이 중요한지 회사의 분위기가 중요한지 어떤 점을 중점적으로 보시는지가 궁금합니다 아 특별히 가고 싶은 회사는 저희 제가 외국인 회사에서 어 미국 쪽에 이렇게 어 네트웍을 할 수 있는 그런 회사를 가고 싶습니다. 아 무엇보다도 어 회사 분위기는 그렇게 좋지 않을 것으로 보여집니다. 개인적인 부분이 많을 거라고 생각합니다. 하지만은 그곳에서도 저희가 어 경쟁하면서 성장하는 그런 회사를 찾고 싶습니다. 개인의 경 어 개인의 성장 그리고 회사의 성장 앞으로 미래의 가치가 있는 그런 미국의 유수한 회사들 속에서 한번 일을 한번 해보고 싶습니다. 아 무엇보다도 큰 도움이 될 것이라고 생각을 합니다. 저에게도 많이 배울 수 있는 어 좋은 기회가 될 것 같고 아 제가 여태까지 경험했던 그러한 일들을 한번 평가해보고 어 제가 경험했던 어 그러한 아이디어라든가 아 모든 환경 속에서 어떻게 한번 제가 아 실력을 발휘했지를 한번 기대해보는 좋은 어 경쟁의 장소가 되지 않을까 생각합니다.","wordCount":137},"emotion":[],"intent":[{"text":"","expression":"","category":"attitude"}],"summary":{"text":"특별히 가고 싶은 회사는 제가 외국인 회사에서 미국 쪽에 네트웍을 할 수 있는 회사를 가고 싶습니다. 그 회사 분위기도 좋지 않을 것으로 보여지지만 경쟁하면서 성장하는 회사를 찾고 싶으며 미국의 유수한 회사들 속에서 일을 해보는 것이 저에게도 큰 도움이 될 것이라고 생각합니다.","wordCount":41}}},"rawDataInfo":{"question":{"fileFormat":"wav","fileSize":403918,"duration":12620,"samplingBit":16,"channelCount":1,"samplingRate":"16kHz","audioPath":"/Mock/01.Management/Male/Experienced/ckmk_q_bm_m_e_160198.wav"},"answer":{"fileFormat":"wav","fileSize":2733518,"duration":85420,"samplingBit":16,"channelCount":1,"samplingRate":"16kHz","audioPath":"/Mock/01.Management/Male/Experienced/ckmk_a_bm_m_e_160198.wav"}}}