{"version":"1.0","dataSet":{"info":{"date":"20230116","occupation":"BM","channel":"MOCK","place":"ONLINE","gender":"MALE","ageRange":"55-","experience":"EXPERIENCED"},"question":{"raw":{"text":"본인 생각이 아니라 다른 사람들이 생각하는 본인의 단점과 장점을 모두 말씀해 주시기 바랍니다","wordCount":13},"emotion":[],"intent":[]},"answer":{"raw":{"text":"제 성격 장점으로는 성격이 내성적이지만 사람 만나는 걸 좋아하고 바깥 활동을 좋아하는 편이라 여러 사람들과 같이 어울려 사이클링 등산 등 사 모임에 적극적으로 활동하고 성격이 모나지 않아 좋고 업무적으로는 주어진 일에 최선을 다하고 소리 소문 없이 묵묵히 일하는 모습이 주변 사람들이 멋있다고 합니다. 그게 제 장점입니다. 단점으로는 주어진 업무 수행의 과도한 집중력으로 인해서 너무 조급하게 하고 서두르는 경향이 있다고 합니다. 또 사안이 발생이 되면 혼자 해결하려는 개인 성향이 짙다고 합니다. 이런 단점은 좀씩 좀씩 개선을 해 나가고 있습니다.","wordCount":78},"emotion":[],"intent":[{"text":"제 성격 장점으로는 성격이 내성적이지만 사람 만나는 걸 좋아하고 바깥 활동을 좋아하는 편이라 여러 사람들과 같이 어울려 사이클링 등산 등 사 모임에 적극적으로 활동하고 성격이 모나지 않아 좋고 업무적으로는 주어진 일에 최선을 다하고 소리 소문 없이 묵묵히 일하는 모습이 주변 사람들이 멋있다고 합니다.","expression":"c_person","category":"background"}],"summary":{"text":"성격은 내성적이지만 사람들과의 모임에 적극적으로 참여하고 성격이 모나지 않아 좋습니다. 업무적으로는 최선을 다하고 묵묵히 일하는 것이 장점입니다. 단점으로는 집중력이 너무 조급하고 서두르는 경향이 있습니다.","wordCount":24}}},"rawDataInfo":{"question":{"fileFormat":"wav","fileSize":375758,"duration":11740,"samplingBit":16,"channelCount":1,"samplingRate":"16kHz","audioPath":"/Mock/01.Management/Male/Experienced/ckmk_q_bm_m_e_248444.wav"},"answer":{"fileFormat":"wav","fileSize":1931598,"duration":60360,"samplingBit":16,"channelCount":1,"samplingRate":"16kHz","audioPath":"/Mock/01.Management/Male/Experienced/ckmk_a_bm_m_e_248444.wav"}}}