{"version":"1.0","dataSet":{"info":{"date":"20230116","occupation":"BM","channel":"MOCK","place":"ONLINE","gender":"MALE","ageRange":"35-44","experience":"EXPERIENCED"},"question":{"raw":{"text":"어 지원자님께서 입사 후에 이제 기존에 원하던 일을 하지 못하게 되실 수도 있는데요 어 그러한 경우에도 괜찮으신지 그 의견을 여쭤보고 싶습니다 또 그렇게 어떻게 대처하실 건가요","wordCount":26},"emotion":[],"intent":[]},"answer":{"raw":{"text":"어 제가 입사 후에 기존에 하던 일 아니면 제가 원하는 보직에 대해서 지원을 했을 때 그게 안 됐을 시에 대해서는 전혀 문제가 될 것이 없다고 생각합니다. 왜냐면 새로운 업무 새로운 일을 한다는 것은 또 다른 경험이 되는 것이고 저만의 또 다른 스펙이 될 수 있는 거기 때문에 오히려 더 기회가 될 것이고 더 긍정적인 분야가 될 것 같습니다. 그렇기 때문에 입사 후에 새로운 업무나 여러 가지 일들을 할 수 있는 경험이 생겨나기 때문에 전혀 문제될 것은 없을 것 같고 오히려 더 설레이는 마음이 될 것 같습니다. 그래서 일단은 그기에 정통한 인제 그 팀원들이 있을 것인데 팀원들에게 많은 정보 획득을 위해서 인간 관계에도 더 중요시 여겨서 최대한 빠르게 적응할 수 있도록 하겠습니다. 이상입니다.","wordCount":112},"emotion":[],"intent":[{"text":"","expression":"","category":"attitude"}],"summary":{"text":"새로운 업무 새로운 일을 한다는 것은 저만의 스펙이 될 수 있는 거라서 오히려 더 기회가 될 것이고 더 긍정적인 분야가 될 것 같습니다. 그렇기 때문에 저는 팀원들에게 많은 정보 획득을 위해서 인간 관계에도 더 중요시 여겨서 최대한 빠르게 적응할 수 있도록 하겠습니다.","wordCount":42}}},"rawDataInfo":{"question":{"fileFormat":"wav","fileSize":574158,"duration":17940,"samplingBit":16,"channelCount":1,"samplingRate":"16kHz","audioPath":"/Mock/01.Management/Male/Experienced/ckmk_q_bm_m_e_214732.wav"},"answer":{"fileFormat":"wav","fileSize":1881678,"duration":58800,"samplingBit":16,"channelCount":1,"samplingRate":"16kHz","audioPath":"/Mock/01.Management/Male/Experienced/ckmk_a_bm_m_e_214732.wav"}}}