{"version":"1.0","dataSet":{"info":{"date":"20230116","occupation":"BM","channel":"MOCK","place":"ONLINE","gender":"MALE","ageRange":"35-44","experience":"EXPERIENCED"},"question":{"raw":{"text":"최근 본 뉴스 중에 가장 인상 깊었던 뉴스가 어떤 것이었나요 그렇게 인상 깊었던 이유도 같이 말씀해 주세요","wordCount":17},"emotion":[],"intent":[]},"answer":{"raw":{"text":"최근에 본 가장 감명 깊고 인상 깊었던 뉴스는 오십 대의 어떤 아주머니가 횡단보도를 걷다가 갑자기 그 자리에서 쓰러지었습니다. 그때 지나가던 버스 기사님이 바로 버스를 정차하고 뛰어내려와서 심폐 소생술을 일 분에서 이 분간 지속적으로 아주머니에게 했습니다. 그때 다른 사람들은 구경하면서 일 일 구에 신고를 했고 일 일 구가 도착했을 무렵 아주머니는 기적적으로 바로 숨을 쉬고 일어나서 아무렇지 않다는 듯이 주위를 두리번거렸습니다. 그리고 일 일 구에 실려가지 않고 바로 멀쩡하다고 집으로 돌아가셨습니다. 그때 버스 기사님의 인터뷰가 가장 기억에 남습니다. 어떻게 달리는 버스 안에서 갑작스럽게 급정거를 한 다음에 승객들에게 뭐라고 하고 뛰어나와서 심폐 소생술을 하셨습니까 라고 물어봤을 때 버스 기사님은 지금 이 버스에서 저 쓰러진 아주머니를 보고 버스를 멈추지 않고 지나가면 자기 마음 속에 평생 한이 될 것 같아 예전에 버스 운전사 교육 때 심폐 소생술 배웠던 것이 기억에 남아 승객들에게 양해를 구하고 바로 급정거를 한 다음에 달려나와서 배운 대로 심폐 소생술을 했다고 합니다. 그 덕분에 땡볕에 아스팔트 위에 기절해 있던 아주머니는 일 분 안에 골든타임을 넘기지 않고 바로 살아나셔서 멀쩡하게 살고 있다고 하고 버스 기사님에게 엄청 감사하다는 인사를 했다고 합니다.","wordCount":168},"emotion":[],"intent":[{"text":"","expression":"","category":"attitude"}],"summary":{"text":"최근에 본 가장 감명 깊고 인상 깊었던 뉴스는 오십 대의 어떤 아주머니가 횡단보도를 걷다가 갑자기 그 자리에서 쓰러지였습니다. 버스 기사분이 바로 버스에서 급정거를 한 다음에 달려나와서 배운 대로 심폐 소생술을 했습니다. 그 덕분에 아주머니는 일 분 안에 골든타임을 넘기지 않고 바로 살아나셔서 다행이었다고 하고 버스 기사에게 엄청 감사하다는 인사를 했다고 합니다.","wordCount":51}}},"rawDataInfo":{"question":{"fileFormat":"wav","fileSize":326478,"duration":10200,"samplingBit":16,"channelCount":1,"samplingRate":"16kHz","audioPath":"/Mock/01.Management/Male/Experienced/ckmk_q_bm_m_e_182627.wav"},"answer":{"fileFormat":"wav","fileSize":2836558,"duration":88640,"samplingBit":16,"channelCount":1,"samplingRate":"16kHz","audioPath":"/Mock/01.Management/Male/Experienced/ckmk_a_bm_m_e_182627.wav"}}}