{"version":"1.0","dataSet":{"info":{"date":"20230116","occupation":"BM","channel":"MOCK","place":"ONLINE","gender":"MALE","ageRange":"35-44","experience":"EXPERIENCED"},"question":{"raw":{"text":"지원자님의 단점이 있다면 말씀을 해 주시고 또 이를 보완하기 위해서 어 어떠한 노력을 해 왔는지도 구체적으로 답변 부탁드릴게요","wordCount":18},"emotion":[],"intent":[]},"answer":{"raw":{"text":"아 네 저에 단점에 대해서 말씀드리고 또 이걸 보완하기 위해서 제가 한 노력에 대해서 이 단점을 장점으로 바꾸기 위한 제가 했던 노력들에 대해서 답변드리겠습니다. 일단 저에 단점은 어 좀 제가 시간계획과 이 시간을 좀 분 단위로 나눠서 조금 치밀하게 사용하다 보니까 이런 메모하는 습관이라든지 하루 스케줄 일 주일에 스케줄 한 달 간에 스케줄을 미리 설정을 해 놉니다. 이렇게 스케줄을 미리 개인이 선정해 놓고 그 스케줄에 맞춰서 진행하다 보면은 무엇이 급한 일이고 무엇이 내 일로 밀어도 되는 일인지 나눠집니다. 이렇게 급한 일들을 미리 끝내 놓게 되면은 어 시간적으로 여유가 생깁니다. 또 마음적으로 여유가 생기기 때문에 여유로운 자세가 나오고 여러 여유로운 마음이 나오게 되면서 그런 부분에서 남들이 봤을 때 다른 직원들이 봤을 때 어 저희는 항상 여유가 넘치고 한가로워 보인다 이렇게 보인다는 소리를 많이 들었습니다. 그런 것이 이제 단점으로 보일 수 있을 것 같고 그걸 보완하기 위해서 더욱더 성과가 나오는 그런 업무를 진행하기 위해서 더욱더 투철하게 진행했다. 그런 노력을 했었습니다. 이상입니다.","wordCount":149},"emotion":[],"intent":[{"text":"일단 저에 단점은 어 좀 제가 시간계획과 이 시간을 좀 분 단위로 나눠서 조금 치밀하게 사용하다","expression":"c_person","category":"background"}],"summary":{"text":"시간 계획과 시간을 분 단위로 사용하다 보니 메모하는 습관, 여유롭지 못한 자세, 여유로운 마음 등의 단점을 보완하기 위해 더 나은 업무를 진행하기 위해 노력을 했습니다. 이상입니다.","wordCount":26}}},"rawDataInfo":{"question":{"fileFormat":"wav","fileSize":424398,"duration":13260,"samplingBit":16,"channelCount":1,"samplingRate":"16kHz","audioPath":"/Mock/01.Management/Male/Experienced/ckmk_q_bm_m_e_226371.wav"},"answer":{"fileFormat":"wav","fileSize":2724878,"duration":85150,"samplingBit":16,"channelCount":1,"samplingRate":"16kHz","audioPath":"/Mock/01.Management/Male/Experienced/ckmk_a_bm_m_e_226371.wav"}}}