{"version":"1.0","dataSet":{"info":{"date":"20230116","occupation":"BM","channel":"MOCK","place":"ONLINE","gender":"MALE","ageRange":"55-","experience":"EXPERIENCED"},"question":{"raw":{"text":"지원자님 친구들 중 한 명을 골라 칭찬을 해주세요 구체적이고 자세하게 해주세요","wordCount":11},"emotion":[],"intent":[]},"answer":{"raw":{"text":"저는 초등학교 친구가 한 명 있어요. 어 이름을 이 자리에서 말하기는 조금 어렵지만 그 친구는 어 현재까지 헌혈을 백 회 이상 하였습니다. 그래서 제가 볼 때마다 느끼는 것이 무엇이냐 하면 정말 타인에 대한 배려를 아주 오랜 시간 동안 하고 있구나 라고 하는 것을 첫 번째 느끼고요. 두 번째는 진정성입니다. 헌혈이라고 하는 것을 한 번 두 번 하기도 어려운 것인데 현재 한 백 회 이상을 하면서 정말 그 사람의 지속성 진정성에 대한 부분은 굉장히 에 본이 된다고 생각을 합니다. 그래서 또 그러한 친구가 내 주변에 있다는 것이 너무 감사하고요. 그 친구를 통해서 제가 여러 가지를 배우게 되는데 조금 전에 말씀드린 대로 일관성에 대한 부분 그리고 어 진정성에 대한 부분 그리고 본인이 목표한 바를 이루기 위해서 본인이 희생하고 있다는 것을 어 꾸준한 실천을 통해서 나타내 줬다는 것이 어 굉장한 어 주변 사람들한테 본이 되는 그러한 친구가 있습니다. 감사합니다.","wordCount":136},"emotion":[],"intent":[{"text":"","expression":"","category":"attitude"}],"summary":{"text":"저는 초등학교에 다니는 친구가 있습니다. 그는 현재까지 백 회 이상 헌혈을 하면서 타인에 대한 배려를 아주 오래 하고 있음을 느끼고, 진정성에 대해 배웠습니다. 그 친구를 통해 일관성, 진정성, 본인의 희생에 대한 것을 배웠습니다. 주변 사람들에게 본이 되는 친구가 있다는 것이 너무 감사합니다.","wordCount":42}}},"rawDataInfo":{"question":{"fileFormat":"wav","fileSize":346958,"duration":10840,"samplingBit":16,"channelCount":1,"samplingRate":"16kHz","audioPath":"/Mock/01.Management/Male/Experienced/ckmk_q_bm_m_e_229448.wav"},"answer":{"fileFormat":"wav","fileSize":2888078,"duration":90250,"samplingBit":16,"channelCount":1,"samplingRate":"16kHz","audioPath":"/Mock/01.Management/Male/Experienced/ckmk_a_bm_m_e_229448.wav"}}}