{"version":"1.0","dataSet":{"info":{"date":"20230116","occupation":"BM","channel":"MOCK","place":"ONLINE","gender":"MALE","ageRange":"35-44","experience":"EXPERIENCED"},"question":{"raw":{"text":"지원자분께서 역사 속에서 가장 존경하는 인물이 누구인지 이야기해 주셨으면 좋겠고 그와 같은 인물을 가장 존경하는 이유에 대해서도 같이 이야기 해 주신다면 좋을 것 같습니다","wordCount":24},"emotion":[],"intent":[]},"answer":{"raw":{"text":"제가 역사 속에서 가장 존경하는 인물에 대해서 말씀을 드린다면 저는 삼국지의 조조를 말하고 싶습니다. 많은 사람들이 삼국지 연예를 통해서 조자에 대해 조금 잘못된 부분을 많이 알고 있는데요. 우선 조조는 악인이라고 많이들 알려져 있습니다. 하지만 실제 기록을 실제 역사를 기록한 증사 삼국지에 따르면 조조는 악인이 아닌 상황을 자신에게 유리하게 만들고 모든 것을 냉철하고 현실적으로 보는 일쫑아 일종의 지독한 현실주의자라고 할 수 있습니다 아 물론 조조가 조조가 벌인 악행의 악행이 일본은 있지만은 조조은 자신이 다스리는 영토에 대해서는 많은 사람들이 편하고 배고프지 않게 살 살게 할 하였고 부하들을 굉장히 아끼고 그들의 능력을 굉장히 존중해줬고 또한 많은 음 정책과 펼쳐서 자신이 다스렸던 나라에 국력과 발전을 크게 도모했습니다. 그렇기 때문에 저는 삼국지의 다른 그 누구보다도 조조를 존경한다고 할 수 있고 조조는 제가 가장 존경하는 인물 중에 한 명입니다.","wordCount":123},"emotion":[{"text":"제가 역사 속에서 가장 존경하는 인물에 대해서 말씀을 드린다면 저는 삼국지의 조조를 말하고 싶습니다.","expression":"p-affection","category":"positive"},{"text":"그렇기 때문에 저는 삼국지의 다른 그 누구보다도 조조를 존경한다고 할 수 있고 조조는 제가 가장 존경하는 인물 중에 한 명입니다.","expression":"p-affection","category":"positive"}],"intent":[{"text":"","expression":"","category":"attitude"}],"summary":{"text":"저는 삼국지의 조조를 가장 존경합니다. 조조는 실제 역사를 기록했기 떄문에 그는 지독한 현실주의자라고 할 수 있습니다. 물론 조조가 벌인 악행이 일본에 있지만은 조조은 많은 사람들이 편하고 배고프지 않게 살살하게 할 하였고 부하들을 굉장히 아끼고 그들의 능력을 존중해주었으며 많은 음 정책과 정책을 펼쳤기 때문입니다.","wordCount":43}}},"rawDataInfo":{"question":{"fileFormat":"wav","fileSize":586638,"duration":18330,"samplingBit":16,"channelCount":1,"samplingRate":"16kHz","audioPath":"/Mock/01.Management/Male/Experienced/ckmk_q_bm_m_e_246644.wav"},"answer":{"fileFormat":"wav","fileSize":2858318,"duration":89320,"samplingBit":16,"channelCount":1,"samplingRate":"16kHz","audioPath":"/Mock/01.Management/Male/Experienced/ckmk_a_bm_m_e_246644.wav"}}}