{"version":"1.0","dataSet":{"info":{"date":"20230116","occupation":"BM","channel":"MOCK","place":"ONLINE","gender":"MALE","ageRange":"55-","experience":"EXPERIENCED"},"question":{"raw":{"text":"우리 회사가 너무 잘되고 있어서 갑자기 해외 무대로 진출을 한다고 합니다 면접자님은 우리가 어떤 해외 쪽으로 진출을 하는 게 좋다고 생각하십니까 또 그 이유는 무엇인지 설명해 주시기 바랍니다","wordCount":28},"emotion":[],"intent":[]},"answer":{"raw":{"text":"우리 회사가 해외 무대로 진출한다면 어디로 진출하는 것이 좋겠습니까. 이유도 말씀해 주세요. 예 우리 회사가 해외로 진출한다면은 어 아프리카 쪽으로 진출하는 것이 좋을 거라고 생각을 합니다. 아프리카가 미개발 국가이면서 어 먼저 가서 선점하는 것이 더욱더 중요하다고 생각합니다. 미국이라든가 일본 같은 경우는 인지도라든가 아 큰 네임 밸류가 있어 가지고 아 세계로 세계로 뻗어가는 것처럼 우리 회사도 지금은 많이 성장해 있기 때문에 더욱더 남들이 알아보지 않는 그러한 미개발 국가 아프리카 같은 그런 국가에서 투자하고 어 진출하해서 성장을 이루어가는 것도 중요하다고 생각합니다. 그렇게 많은 투자가 이루어지지 않고 또한 쪼금만 노력을 한다면 쉬운 성과를 또한 얻을 수 있는 곳이라고도 생각을 합니다.","wordCount":97},"emotion":[],"intent":[{"text":"","expression":"","category":"attitude"}],"summary":{"text":"우리 회사가 해외 무대로 진출한다면 아프리카 쪽으로 진출하는 것이 좋을 것이라고 생각합니다. 아프리카가 미개발 국가이면서 먼저 가서 선점하는 것이 중요하다고 생각합니다. 많은 투자가 이루어지지 않고 조금만 노력을 한다면 쉬운 성과를 얻을 수 있는 곳이라고 생각을 합니다.","wordCount":36}}},"rawDataInfo":{"question":{"fileFormat":"wav","fileSize":614478,"duration":19200,"samplingBit":16,"channelCount":1,"samplingRate":"16kHz","audioPath":"/Mock/01.Management/Male/Experienced/ckmk_q_bm_m_e_137540.wav"},"answer":{"fileFormat":"wav","fileSize":2132558,"duration":66640,"samplingBit":16,"channelCount":1,"samplingRate":"16kHz","audioPath":"/Mock/01.Management/Male/Experienced/ckmk_a_bm_m_e_137540.wav"}}}