{"version":"1.0","dataSet":{"info":{"date":"20230116","occupation":"BM","channel":"MOCK","place":"ONLINE","gender":"MALE","ageRange":"55-","experience":"EXPERIENCED"},"question":{"raw":{"text":"이 전 회사에서도 어 사무직으로서 근무를 하셨네요 어 그렇다면 어 문서 작업이라든지 어 행정 사무에 관한 경험이 풍부하실 텐데 그 어떤 사례와 함께 설명 좀 해주시겠습니까","wordCount":26},"emotion":[],"intent":[]},"answer":{"raw":{"text":"당연히 해봤죠. 네 제가 이 일을 한 지 음 자그마치 거의 삼십 칠 년 네 거의 사십 년 가까이 됐습니다. 제가 아 근데 사실 제가 이제는 뭐 서류 볼 일이 싸인할 때 결재할 때 말고는 없어요. 그래서 잘 뭐 뭘 얘기를 해야 될까요 잘 기억은 안 나는데. 음 그냥 뭐 거래처 이제 구하러 돌아다니고 발로 뛰면서 이제 우리랑 거래할지 우리한테 오더 줄 건지 그런 거 다 발로 뛰면서 가서 싸인 받고 예 뭐 접대하고 그런 것들이었어요 제가 어렸을 때부터. 네 그때는 뭐 지금보다 훨씬 강도가 힘들었기 때문에 뭐 그 때 막 유창하지 않는 영어로 막 해내면서 썰라 썰라 얘기하면서 네 싸인 받을 때 엄청 희열을 느꼈던 그런 경험이 있습니다.","wordCount":109},"emotion":[{"text":"네 제가   이 일을 한 지 음 자그마치 거의 삼십 칠 년   네 거의 사십 년 가까이 됐습니다.","expression":"u-fact","category":"neutral"},{"text":"네 그때는 뭐 지금보다 훨씬 강도가 힘들었기 때문에 뭐 그 때 막 유창하지 않는 영어로 막 해내면서   썰라 썰라 얘기하면서 네 싸인 받을 때 엄청   희열을 느꼈던 그런 경험이 있습니다.","expression":"p-achievement","category":"positive"}],"intent":[{"text":"","expression":"","category":"attitude"}],"summary":{"text":"일을 한 지 거의 40년 가까이 됐습니다. 제가 이제 서류 볼 일이 결재할 때 말고는 없어요. 그냥 거래처 구하러 돌아다니고 사인받고 접대하고 그것들이 제가 어릴 때부터 했던 것 같습니다.","wordCount":29}}},"rawDataInfo":{"question":{"fileFormat":"wav","fileSize":621518,"duration":19420,"samplingBit":16,"channelCount":1,"samplingRate":"16kHz","audioPath":"/Mock/01.Management/Male/Experienced/ckmk_q_bm_m_e_156415.wav"},"answer":{"fileFormat":"wav","fileSize":2849678,"duration":89050,"samplingBit":16,"channelCount":1,"samplingRate":"16kHz","audioPath":"/Mock/01.Management/Male/Experienced/ckmk_a_bm_m_e_156415.wav"}}}