{"version":"1.0","dataSet":{"info":{"date":"20230116","occupation":"BM","channel":"MOCK","place":"ONLINE","gender":"MALE","ageRange":"-34","experience":"EXPERIENCED"},"question":{"raw":{"text":"자동차와 관련된 기술 중 면접자분이 가장 유망하다고 생각하는 것은 무엇인가요","wordCount":10},"emotion":[],"intent":[]},"answer":{"raw":{"text":"자동차 관련 기술 중 제가 느낀 바가 하나 있는데요. 운전을 하다보면 네비게이션이나 에어컨 조작을 해야 할 때 앞에 전방 주시 계속 해야 되지만 에어컨을 조작하거나 네비게이션을 봐야 할 때 어쩔 수 없이 시선을 다른 데 두어야 합니다. 짧은 일 초 일 초도 안 되는 시간 사이에 사고가 날 수 있기 때문에 이런 것들이 운전할 때 참 불편했는데요. 요즘 나오는 차들 보면 에이치유디 기술이 있습니다. 유리 전면에 내비게이션 화면이 비춰지는 것이죠. 정말 획기적인 기술이라고 생각을 합니다. 편리함을 넘어서서 운전자와 동승자들의 안전까지 책임지는 기술이기 때문에 편리함과 안전함 이 두 마리의 토끼를 모두 잡았기 때문에 가장 유망하다고 생각이 듭니다.","wordCount":96},"emotion":[{"text":"짧은 일 초 일 초도 안 되는 시간 사이에 사고가 날 수 있기 때문에 이런 것들이 운전할 때 참 불편했는데요.","expression":"n-distress","category":"negative"}],"intent":[{"text":"","expression":"","category":"attitude"}],"summary":{"text":"요즘 나오는 차들 보면 유리 전면에 내비게이션 화면이 비춰지는 에이치유디 기술이 있습니다. 편리함을 넘어 운전자와 동승자들의 안전까지 책임지는 기술로서 편리함과 안전함을 모두 잡았기 때문에 가장 유망하다고 생각됩니다.","wordCount":27}}},"rawDataInfo":{"question":{"fileFormat":"wav","fileSize":294158,"duration":9190,"samplingBit":16,"channelCount":1,"samplingRate":"16kHz","audioPath":"/Mock/01.Management/Male/Experienced/ckmk_q_bm_m_e_105987.wav"},"answer":{"fileFormat":"wav","fileSize":2064718,"duration":64519,"samplingBit":16,"channelCount":1,"samplingRate":"16kHz","audioPath":"/Mock/01.Management/Male/Experienced/ckmk_a_bm_m_e_105987.wav"}}}