{"version":"1.0","dataSet":{"info":{"date":"20230116","occupation":"ICT","channel":"MOCK","place":"ONLINE","gender":"FEMALE","ageRange":"-34","experience":"NEW"},"question":{"raw":{"text":"지원자께서는 과거 프로젝트를 수행했었던 경험이 있는지 궁금합니다 있다면은 그 프로젝트 내에서 지원자께서는 어떠한 역할을 맡으셨는지 말씀해 주시겠습니까","wordCount":17},"emotion":[],"intent":[]},"answer":{"raw":{"text":"네 과거 프로젝트 수행 경험이 두 번 정도 있습니다. 프로젝트를 수행하면서 많은 데이터 분석가로서의 경험을 얻게 되었고 직무 체험을 하는 좋은 경험이 되었습니다. 첫번째 프로젝트에서는 데이터를 통하여 어 지방의료 감소세를 파악하고 또 이를 시각화를 통하여 이 프로그램을 왜 만들었는지 이 프로그램이 왜 설득력이 있는지에 관하여 쓰는 사용하게 되는 그런 직무를 맡았고요. 두 번째 프로젝트에서는 트럭 데이터를 사용하여 이 월별 화물차에서 어떤 매물이 인기가 있는지를 파악하는 데이터 분석가의 업무를 맡았습니다.","wordCount":69},"emotion":[],"intent":[{"text":"","expression":"","category":"attitude"}],"summary":{"text":"프로젝트 수행 경험이 두 번 있습니다. 프로젝트 수행 과정에서 데이터 분석가로서의 경험을 얻게 되었고 직무 체험을 하는 좋은 경험이 되었습니다. 두 번째 프로젝트에서는 데이터 분석가의 업무를 맡았습니다.","wordCount":27}}},"rawDataInfo":{"question":{"fileFormat":"wav","fileSize":522958,"duration":16340,"samplingBit":16,"channelCount":1,"samplingRate":"16kHz","audioPath":"/Mock/05.ICT/Female/New/ckmk_q_ict_f_n_177782.wav"},"answer":{"fileFormat":"wav","fileSize":1528398,"duration":47760,"samplingBit":16,"channelCount":1,"samplingRate":"16kHz","audioPath":"/Mock/05.ICT/Female/New/ckmk_a_ict_f_n_177782.wav"}}}