{"version":"1.0","dataSet":{"info":{"date":"20230116","occupation":"ICT","channel":"MOCK","place":"ONLINE","gender":"FEMALE","ageRange":"-34","experience":"NEW"},"question":{"raw":{"text":"면접자님은 업무 시에 분쟁이 발생할 때를 대비하여 본인만의 대처법이 있으신가요 있으시다면 어떠한 것인지 설명 부탁드립니다","wordCount":15},"emotion":[],"intent":[]},"answer":{"raw":{"text":"업무 시 분쟁이 발생했을 때 저만의 대처법은 다양한 이야기를 하는 것 역시 가장 중요하다고 생각을 합니다. 사실 분쟁이 일어났다는 게 어 사람과 사람 사이에 의견 차이가 있다는 것으로 받아들여져서 그런 것은 다 의사소통이 가장 중요하다고 생각을 하고 이야기를 하면 풀어나갈 점이 반드시 보일 것이라고 생각을 해서 일단 이야기를 먼저 하자고 하지 않을까 라는 생각이 되는 것 같습니다.","wordCount":57},"emotion":[],"intent":[{"text":"","expression":"","category":"attitude"}],"summary":{"text":"업무 시 분쟁이 발생했을 때 저만의 대처법은 다양한 이야기를 하는 것 역시 가장 중요하다고 생각하며 먼저 이야기를 하자고 하지 않을까 생각합니다.","wordCount":21}}},"rawDataInfo":{"question":{"fileFormat":"wav","fileSize":490638,"duration":15330,"samplingBit":16,"channelCount":1,"samplingRate":"16kHz","audioPath":"/Mock/05.ICT/Female/New/ckmk_q_ict_f_n_221295.wav"},"answer":{"fileFormat":"wav","fileSize":1051918,"duration":32870,"samplingBit":16,"channelCount":1,"samplingRate":"16kHz","audioPath":"/Mock/05.ICT/Female/New/ckmk_a_ict_f_n_221295.wav"}}}