{"version":"1.0","dataSet":{"info":{"date":"20230116","occupation":"ICT","channel":"MOCK","place":"ONLINE","gender":"FEMALE","ageRange":"-34","experience":"NEW"},"question":{"raw":{"text":"지원자님께서 입사 후 근무를 하면서 정작 지원한 분야가 지원자님과 잘 맞지 않다는 사실을 깨닫는다면 지원자님은 어떻게 하실 생각이신지 궁금합니다","wordCount":19},"emotion":[],"intent":[]},"answer":{"raw":{"text":"어 정확한 그 지원한 분야가 맞지 않는다는 사실을 어 알게 된다면 일단 그래도 몇 달 간은 적응을 해 보려고 많이 노력을 할 것 같습니다. 어 그러나 이제 적응을 하려고 노력을 했음에도 충분히 노력을 했음에도 불구하고 계속해서 이제 일에 지장이 있다거나 또 팀원들 분 팀원 분들께 어 피해를 끼치게 된다면 아무래도 다른 파트로 옮기고 싶다고 말씀을 드리거나 아니면 다른 회사를 알아보는 것을 많이 고려를 해 볼 것 같습니다. 아무래도 이제 회사 입장에서도 맞는 옷을 입고 있는 직원을 데리고 계신 게 훨씬 이득일 거라고 생각하고 저 또한 커리어 면에서 어 그것이 더 낫지 않나 라고 생각을 합니다.","wordCount":95},"emotion":[],"intent":[{"text":"","expression":"","category":"attitude"}],"summary":{"text":"지원한 분야가 맞지 않아 적응을 위해 많이 노력할 것 같습니다. 그러나 일에 지장이 있다거나 피해를 끼치게 된다면 다른 파트로 옮기고 싶다고 말씀하거나 다른 회사를 알아보는 것을 고려해 보는 것이 좋을 것 같습니다.","wordCount":32}}},"rawDataInfo":{"question":{"fileFormat":"wav","fileSize":584398,"duration":18260,"samplingBit":16,"channelCount":1,"samplingRate":"16kHz","audioPath":"/Mock/05.ICT/Female/New/ckmk_q_ict_f_n_244319.wav"},"answer":{"fileFormat":"wav","fileSize":1676238,"duration":52380,"samplingBit":16,"channelCount":1,"samplingRate":"16kHz","audioPath":"/Mock/05.ICT/Female/New/ckmk_a_ict_f_n_244319.wav"}}}