{"version":"1.0","dataSet":{"info":{"date":"20230116","occupation":"ICT","channel":"MOCK","place":"ONLINE","gender":"FEMALE","ageRange":"-34","experience":"NEW"},"question":{"raw":{"text":"상사가 회사의 이익에 반하는 행동을 하고 있는 것을 직접 목격하신다면 바로 그 순간 지원자님은 어떻게 행동하실 건가요","wordCount":17},"emotion":[],"intent":[]},"answer":{"raw":{"text":"어 얼마나 중요한 사안인지가 일단은 먼저 중요할 것 같고 뭐 회사의 이익에 크게 반한 행동을 했다 했을 시에는 윗 선에 보고를 드릴 것 같습니다. 또 그런데 일단 상사분의 이유도 들어보고 그분의 사정을 먼저 여쭤볼 것 같기는 합니다. 그래도 윗 선에 먼저 보고를 드리고 사정을 여쭤볼 것 같습니다. 의도가 어찌 되었든 결과적으로 회사의 이익에 반하는 행동은 회사에 다니는 직원으로서 적합하지 않다 라는 생각이 먼저 들고 또 그 상사분이 고쳐야 할 행동이기 때문에 네 저는 윗 선에 가장 먼저 보고를 드리게 될 것 같습니다.","wordCount":82},"emotion":[],"intent":[{"text":"","expression":"","category":"attitude"}],"summary":{"text":"회사의 이익에 반하는 행동은 회사 다니는 직원으로서 적합하지 않다 라는 생각이 먼저 들고 또 그 상사분이 고쳐야 할 행동이므로 저는 윗 선에 가장 먼저 보고를 드리게 될 것 같습니다.","wordCount":29}}},"rawDataInfo":{"question":{"fileFormat":"wav","fileSize":593358,"duration":18540,"samplingBit":16,"channelCount":1,"samplingRate":"16kHz","audioPath":"/Mock/05.ICT/Female/New/ckmk_q_ict_f_n_272219.wav"},"answer":{"fileFormat":"wav","fileSize":1600078,"duration":50000,"samplingBit":16,"channelCount":1,"samplingRate":"16kHz","audioPath":"/Mock/05.ICT/Female/New/ckmk_a_ict_f_n_272219.wav"}}}