{"version":"1.0","dataSet":{"info":{"date":"20230116","occupation":"ICT","channel":"MOCK","place":"ONLINE","gender":"FEMALE","ageRange":"45-54","experience":"NEW"},"question":{"raw":{"text":"아 주변의 친구들 중에는 꼭 본받을 만한 친구들이 있기 마련인데요 그중에 한 명을 골라서 구체적이고 또 자세하게 칭찬해 주시면 좋겠습니다","wordCount":20},"emotion":[],"intent":[]},"answer":{"raw":{"text":"사회생활을 하기 전에 친구라고 하면 나이가 같거나 같은 학교를 나왔거나 같은 일을 해 봤던 사람들을 친구라고 정의했었어요. 그런데 지금 제가 사회생활을 하다 보니 나이가 달라도 성별이 달라도 그리고 외형적으로 다른 모습이어도 친구가 될 수 있다는 생각이 들었는데요. 그걸 가장 많이 느끼게 해준 친구가 한 명이 있어요. 어 그 친구는 제가 제 아이를 통해서 만났던 사람인데요. 키가 작지만 그 친구는 키가 굉장히 커요. 그리고 저는 살짝 통통하지만 그 친구는 살짝 말랐습니다. 그런데도 불구하고 같이 있다 보면 굉장히 재미있어요. 그리고 사람을 편안하게 해주고 제가 숫기가 없어서 사람들 사귀는 걸 음 조금 어려워 했었는데요. 먼저 다가와서 이야기 해주고 주변에 그 친구가 친하게 지내는 사람들도 많이 소개해 주고 함께 어울리게 되면서 저도 주변에 지인들을 많이 알게 되었습니다. 그 친구처럼 사람을 편안하게 해주면서 사회성이 좋은 사람은 처음 봤어요. 그래서 저는 그 친구의 사회성을 칭찬하고 싶습니다.","wordCount":130},"emotion":[],"intent":[{"text":"","expression":"","category":"attitude"}],"summary":{"text":"친구 개념을 정립한지 얼마 되지 않았지만, 사회생활을 하며 나이가 달라도 성별이 달라도 외형적으로 다른 모습이어도 친구가 될 수 있다는 것을 느꼈습니다.","wordCount":21}}},"rawDataInfo":{"question":{"fileFormat":"wav","fileSize":452558,"duration":14140,"samplingBit":16,"channelCount":1,"samplingRate":"16kHz","audioPath":"/Mock/05.ICT/Female/New/ckmk_q_ict_f_n_178296.wav"},"answer":{"fileFormat":"wav","fileSize":2461838,"duration":76930,"samplingBit":16,"channelCount":1,"samplingRate":"16kHz","audioPath":"/Mock/05.ICT/Female/New/ckmk_a_ict_f_n_178296.wav"}}}