{"version":"1.0","dataSet":{"info":{"date":"20230116","occupation":"ICT","channel":"MOCK","place":"ONLINE","gender":"FEMALE","ageRange":"35-44","experience":"NEW"},"question":{"raw":{"text":"하드웨어 소프트웨어 이에 관한 실무 능력을 갖추기 위해 노력했던 경험에 대해 말씀해 주시겠습니까","wordCount":13},"emotion":[],"intent":[]},"answer":{"raw":{"text":"컴퓨터 활용에 능합니다. 어 정보화 시대에 뒤떨어지면 도태된다는 생각에 컴퓨터를 시작하게 되었지만 배우면 배울수록 그 활용 범위가 넓음에 감탄하였습니다. 배운 대로 적용하면 프로그램이 실행되고 또한 복잡한 업무도 컴퓨터 프로그램을 활용에 단순화시킬 수 있는 것이 놀라워 더욱 흥미를 가지게 되었고 열심히 배울 수 있었습니다. 그래서 저는 엑셀 파워포인트 등 문서 작성에 능하며 데이터 분석을 빠르게 처리할 수 있습니다. 이러한 능력을 기를 수 있었던 것은 학과 조교 활동을 하면서부터라고 생각합니다. 경영학과 행정실에서 조교 활동을 하면서 행정적인 업무를 많이 처리하는데 엑셀 등 문서 작업량이 굉장히 많았습니다. 컴퓨터를 배우는 것에서 끝나지 않고 학과 행정 보 행정 조교로 활동하며 실무에 적용할 하는 과정이 있었기에 지금의 컴퓨터 실력을 갖출 수 있었다고 생각합니다.","wordCount":106},"emotion":[{"text":"배운 대로 적용하면 프로그램이 실행되고 또한 복잡한 업무도 컴퓨터 프로그램을 활용에 단순화시킬 수 있는 것이 놀라워 더욱 흥미를 가지게 되었고 열심히 배울 수 있었습니다.","expression":"p-interest","category":"positive"}],"intent":[{"text":"","expression":"","category":"attitude"}],"summary":{"text":"저는 엑셀 파워포인트 등 문서 작성에 능하며 데이터 분석을 빠르게 처리할 수 있습니다. 이러한 능력을 기를 수 있었던 것은 학과 조교 활동을 하면서부터입니다. 컴퓨터를 배우는 것에서 그치지 않고 학과 행정 보 행정 조교로 활동하며 실무에 적용할 수 있었기에 지금의 컴퓨터 실력을 갖출 수 있었습니다.","wordCount":44}}},"rawDataInfo":{"question":{"fileFormat":"wav","fileSize":353038,"duration":11030,"samplingBit":16,"channelCount":1,"samplingRate":"16kHz","audioPath":"/Mock/05.ICT/Female/New/ckmk_q_ict_f_n_236583.wav"},"answer":{"fileFormat":"wav","fileSize":2121998,"duration":66310,"samplingBit":16,"channelCount":1,"samplingRate":"16kHz","audioPath":"/Mock/05.ICT/Female/New/ckmk_a_ict_f_n_236583.wav"}}}