{"version":"1.0","dataSet":{"info":{"date":"20230116","occupation":"ICT","channel":"MOCK","place":"ONLINE","gender":"FEMALE","ageRange":"35-44","experience":"NEW"},"question":{"raw":{"text":"본인이 태어나서 지금까지 한 일들 가운데 가장 후회했던 일에 대해서 한 가지만 골라 말씀해 주세요","wordCount":15},"emotion":[],"intent":[]},"answer":{"raw":{"text":"제가 태어나서 지금까지 한 일 중에 가장 후회했던 일 중의 하나는 바로 아버지와 여행을 자주 가지 못한 것입니다. 음 저희 아버지는 조금 몸이 불편하셔서 여행 다니시기가 조금 힘드셨는데요. 사실 그 부분보다는 불편한 몸을 가지고 계신 아버님이 조금 창피한 생각이 들었습니다. 그래서 아버지 여행을 조금 어 꺼렸는데요. 지금은 여행을 가고 싶은 마음이 생겨도 갈 수 없는 상황입니다. 조금 더 잘 해 드릴 걸 조금 더 같이 시간을 많이 보낼 걸 그 부분이 가장 후회됩니다. 덕분에 어 어머니와는 여행을 자주 가고 시간을 많이 보내려고 노력하고 있습니다.","wordCount":84},"emotion":[],"intent":[{"text":"","expression":"","category":"attitude"}],"summary":{"text":"지금까지 한 일 중 가장 후회했던 일 중의 하나는 바로 아버지와 여행을 자주 가지 못한 것입니다. 조금 더 잘 해드릴걸 조금 더 같이 시간을 많이 보낼 걸 그 부분이 가장 후회됩니다. 어머니와는 여행을 자주 가고 시간을 많이 보내려고 합니다.","wordCount":39}}},"rawDataInfo":{"question":{"fileFormat":"wav","fileSize":268878,"duration":8400,"samplingBit":16,"channelCount":1,"samplingRate":"16kHz","audioPath":"/Mock/05.ICT/Female/New/ckmk_q_ict_f_n_180081.wav"},"answer":{"fileFormat":"wav","fileSize":1439438,"duration":44980,"samplingBit":16,"channelCount":1,"samplingRate":"16kHz","audioPath":"/Mock/05.ICT/Female/New/ckmk_a_ict_f_n_180081.wav"}}}