{"version":"1.0","dataSet":{"info":{"date":"20230116","occupation":"ICT","channel":"MOCK","place":"ONLINE","gender":"FEMALE","ageRange":"-34","experience":"NEW"},"question":{"raw":{"text":"일을 하다 보면 영어로 서류를 작성해야 할 일이 굉장히 많을 텐데요 지원자님께서는 이런 영어로 서류 작성하는 부분에 대해 어려움이 없으신가요","wordCount":20},"emotion":[],"intent":[]},"answer":{"raw":{"text":"네 영어 같은 경우에는 토플을 준비한 적이 있어서 어 조금 더 익숙해질 연습이 필요하기는 하겠지만 영어로 서류 접수 서류 작성은 할 수 있습니다. 아 선배분들께 많이 여쭤보면서 영어로 서류를 작성하는 애티튜드를 배워야 하기는 하지만 그 시기가 끝나면은 이제 어느 정도는 원활하게 영어로 서류를 작성할 자신감도 있고 또 필요할 시에 영어 공부를 좀 더 해서 모자란 능력을 보완할 자신이 있습니다.","wordCount":59},"emotion":[],"intent":[{"text":"","expression":"","category":"attitude"}],"summary":{"text":"영어로 서류 접수나 작성은 할 수 있습니다. 그 시기가 끝나면 원활하게 서류를 작성할 자신감도 있고 필요할 시에 영어 공부를 해서 부족한 능력을 보완할 것입니다.","wordCount":24}}},"rawDataInfo":{"question":{"fileFormat":"wav","fileSize":603918,"duration":18870,"samplingBit":16,"channelCount":1,"samplingRate":"16kHz","audioPath":"/Mock/05.ICT/Female/New/ckmk_q_ict_f_n_194766.wav"},"answer":{"fileFormat":"wav","fileSize":1155918,"duration":36120,"samplingBit":16,"channelCount":1,"samplingRate":"16kHz","audioPath":"/Mock/05.ICT/Female/New/ckmk_a_ict_f_n_194766.wav"}}}