{"version":"1.0","dataSet":{"info":{"date":"20230116","occupation":"ICT","channel":"MOCK","place":"ONLINE","gender":"FEMALE","ageRange":"35-44","experience":"NEW"},"question":{"raw":{"text":"해외에 파견 근무를 나가게 된다면 지원자님은 어느 나라에서 일을 하고 싶으세요 또한 그렇게 생각하시는 이유에 대해서도 함께 말씀해 주세요","wordCount":19},"emotion":[],"intent":[]},"answer":{"raw":{"text":"네 제가 해외 파견을 나가게 된다면 제가 가고 싶은 나라는 뭐 한 두 세 군데 정도 있거든요. 그중에 첫 번째는 호주입니다. 호주는 그 코로나 전에 한 번 여행을 갔었는데 뭐 물론 방송을 통해서 많이 보고 들은 게 있지만 직접 진짜 가서 보니까 도심도 좋 잘 잘 돼 있지만 도심과 또 자연이 잘 어울려져 있는 것 같아서 너무 좋구요. 또 조금 이렇게 여유로움 뭐 여유로움 같은 게 느껴져서 어 너무 한적하게 좋더라구요. 마음이 편안해지고 그리고 뭐 그리고 중국인들이 많이 살고 있어서 그 생각보다 호주에 중국인들이 많더라구요. 그래서 좀 동양인들이 가도 크게 조금 덜 부담스러운 그런 느낌이 있었습니다. 그리고 또 다른 데는 프랑스나 이탈리아가 가고 싶 해서 이탈리아에서 근무를 해보면 너무 좋을 것 같아요. 어 프랑스와 이탈리아는 제가 젊을 때 여행을 한 번 가봤던 기억이 있는데 그때 너무 인상 깊었고 그 고딕 양식과 그 옛스러움이 옛스러움과 현대의 문물이 같이 어우러져 있으면서 또 페시앙 또 디저트 또 커피 뭐 이런 게 너무나 다 잘 문화가 잘 되어 있다 보니까 어 정말 여기에서 살면 참 행복하겠다 이런 생각을 했던 적이 있는 것 같습니다.","wordCount":169},"emotion":[],"intent":[{"text":"","expression":"","category":"attitude"}],"summary":{"text":"해외 파견을 가게 된다면 가보고 싶은 나라는 호주와 프랑스, 이탈리아가 있습니다. 호주는 도심과 자연이 잘 어울어져 있고, 중국인들이 많았습니다. 또 다른 데는 프랑스나 이탈리아가 있는데, 고딕 양식과 현대의 문물이 어우러져 있으며, 페시앙, 커피 등 문화도 잘 되어 있는 곳이었습니다.","wordCount":39}}},"rawDataInfo":{"question":{"fileFormat":"wav","fileSize":597518,"duration":18670,"samplingBit":16,"channelCount":1,"samplingRate":"16kHz","audioPath":"/Mock/05.ICT/Female/New/ckmk_q_ict_f_n_241661.wav"},"answer":{"fileFormat":"wav","fileSize":3082318,"duration":96320,"samplingBit":16,"channelCount":1,"samplingRate":"16kHz","audioPath":"/Mock/05.ICT/Female/New/ckmk_a_ict_f_n_241661.wav"}}}