{"version":"1.0","dataSet":{"info":{"date":"20230116","occupation":"ICT","channel":"MOCK","place":"ONLINE","gender":"FEMALE","ageRange":"-34","experience":"NEW"},"question":{"raw":{"text":"지원자님께서 이 직무에 지원한 이유가 무엇인지 말씀해 주시고 또 본인이 왜 적합한 인재인지도 설명 부탁드리도록 하겠습니다","wordCount":16},"emotion":[],"intent":[]},"answer":{"raw":{"text":"제가 과가 원래 전자공학과였는데요. 이제 진로를 틀어서 데이터 분석 쪽으로 공부를 하게 되었습니다. 부트캠프를 하면서 데이터 분석 데이터 사이언스 데이터 엔지니어 등 여러 분야에 관해서 배우게 되었는데요. 그중에 데이터 분석 이란 것이 가장 매력적으로 보여서 데이터 분석가의 길을 걷게 되었습니다. 어 저는 데이터 분석을 하면서 이 인사이트를 도출하는 과정이 또 인사이트를 도출하면서 팀원들과 이야기하는 과정이 굉장히 매력적이라고 많이 느껴졌기 때문에 또 이 인사이트를 도출하는 과정에서 팀원들 간의 커뮤니케이션을 하는 걸 또 즐겼고 자신 있기 때문에 적합한 인재라고 생각합니다.","wordCount":78},"emotion":[],"intent":[{"text":"","expression":"","category":"attitude"}],"summary":{"text":"저는 원래 전자공학과였는데 진로를 틀어서 데이터 분석 쪽으로 공부를 하게 되었는데, 부트캠프를 하면서 여러 분야에 관해서 배웠는데, 그중 데이터 분석이 가장 매력적이어서 데이터 분석가의 길을 걷게 되었습니다.","wordCount":27}}},"rawDataInfo":{"question":{"fileFormat":"wav","fileSize":461518,"duration":14420,"samplingBit":16,"channelCount":1,"samplingRate":"16kHz","audioPath":"/Mock/05.ICT/Female/New/ckmk_q_ict_f_n_272216.wav"},"answer":{"fileFormat":"wav","fileSize":1764558,"duration":55140,"samplingBit":16,"channelCount":1,"samplingRate":"16kHz","audioPath":"/Mock/05.ICT/Female/New/ckmk_a_ict_f_n_272216.wav"}}}