{"version":"1.0","dataSet":{"info":{"date":"20230116","occupation":"ICT","channel":"MOCK","place":"ONLINE","gender":"FEMALE","ageRange":"-34","experience":"NEW"},"question":{"raw":{"text":"저희 회사에 들어와 본인이 하고 싶은 업무가 있으신가요 만약 있다면 이유와 함께 말씀해 주세요","wordCount":14},"emotion":[],"intent":[]},"answer":{"raw":{"text":"저는 귀사에서 게임 피엠으로써 일하고 싶습니다. 제가 귀사의 프로덕트 매니저로 근무하고 싶은 이유는 이러합니다. 저는 어렸을 적부터 귀사의 유명한 게임들 중 하나인 메이플스토리를 즐겨 했습니다. 대학생 때에도 심심할 때 메이플스토리 모바일을 깔아서 태블릿 피씨로 플레이를 했을 정도로 이 게임의 스토리와 이 게임에 나타나는 캐릭터들의 외형 등등 굉장히 많은 것들을 좋아하고 또 게임을 즐겼었는데요. 기사에는 이미 성공적으로 많은 유저들을 보유한 게임들이 많습니다. 그렇기 때문에 제가 게임 피엠으로써 첫 근무를 시작할 때 조언을 구하거나 혹은 제대로 된 가르침을 받을 수 있는 좋은 선배님들이 계실 것이라고 생각됩니다. 이로 이를 통해서 저의 부족한 점을 또 채울 수 있고 그리고 제가 귀사의 게임들을 실제로 플레이해 본 실제 유저로서 피엠의 역할을 다하면서 어느 부분이 부족하고 어느 부분이 더 발전되어야 할지를 정확하게 짚어낼 수 있을 것 같습니다.","wordCount":120},"emotion":[{"text":"저는 어렸을 적부터 귀사의 유명한 게임들 중 하나인 메이플스토리를 즐겨 했습니다.","expression":"u-fact","category":"neutral"},{"text":"대학생 때에도 심심할 때 메이플스토리 모바일을 깔아서 태블릿 피씨로 플레이를 했을 정도로 이 게임의 스토리와 이 게임에 나타나는 캐릭터들의 외형 등등 굉장히 많은 것들을 좋아하고 또 게임을 즐겼었는데요.","expression":"p-interest","category":"positive"}],"intent":[{"text":"","expression":"","category":"attitude"}],"summary":{"text":"저는 어렸을 적부터 메이플스토리를 즐겨 했고, 성공적인 유저들을 보유한 게임들이 많기 때문에 귀사에서 프로덕트 매니저로 일하고 싶습니다. 귀사의 게임들을 실제 플레이해 본 실제 유저로서 피엠의 역할을 다하면서 어느 부분이 부족하고 어느 부분이 더 발전되어야 할지를 정확하게 짚어낼 수 있을 것 같습니다.","wordCount":41}}},"rawDataInfo":{"question":{"fileFormat":"wav","fileSize":300878,"duration":9400,"samplingBit":16,"channelCount":1,"samplingRate":"16kHz","audioPath":"/Mock/05.ICT/Female/New/ckmk_q_ict_f_n_230496.wav"},"answer":{"fileFormat":"wav","fileSize":2389838,"duration":74680,"samplingBit":16,"channelCount":1,"samplingRate":"16kHz","audioPath":"/Mock/05.ICT/Female/New/ckmk_a_ict_f_n_230496.wav"}}}