{"version":"1.0","dataSet":{"info":{"date":"20230116","occupation":"ICT","channel":"MOCK","place":"ONLINE","gender":"FEMALE","ageRange":"55-","experience":"NEW"},"question":{"raw":{"text":"지원자님께서는 현대 사회에서 없어서는 안 될 가장 중요하다 고 생각하시는 직업을 한 가지만 골라서 말씀해 주실 수 있겠습니까","wordCount":18},"emotion":[],"intent":[]},"answer":{"raw":{"text":"현대사회에서 없어서는 안 될 가장 중요하게 생각하는 직업으로 저는 심리 상담사를 꼽겠습니다. 지금 우리는 끝없는 과학의 발전과 물질 만능의 풍요 속에서 살고 있습니다. 그럼에도 불구하고 인간은 끊임없이 병들어가고 있습니다. 과학의 발달에 역으로 발생하는 많은 현상들이 인간을 우울하고 외롭게 만들고 있습니다. 우리가 살아가는 이 세상에서 많은 부분을 현재도 에이아이로 대체하고 있습니다. 하지만 저는 인간의 마음을 다룰 수 있는 건 어떤 에이아이로도 불가능하다고 생각합니다. 진심으로 서로 눈을 마주보고 대화할 수 있는 건 사람이어야 한다고 생각합니다. 개인 신상의 문제나 심리적 문제를 해결할 수 있도록 조력하고 또 자기 인식을 높여서 궁극적으로 삶의 질을 높일 수 있도록 도와주는 상담 심리사가 정말 중요한 직업이라고 생각합니다.","wordCount":99},"emotion":[],"intent":[{"text":"","expression":"","category":"attitude"}],"summary":{"text":"과학의 발전과 물질 만능의 풍요 속에서 살아가는 현대사회에서 인간의 마음을 다룰 수 있는 건 사람이어야 한다고 생각합니다. 개인 신상의 문제나 심리적 문제를 해결할 수 있도록 조력하고 궁극적으로 삶의 질을 높일 수 있도록 도와주는 상담 심리사가 정말 중요한 직업이라고 생각합니다.","wordCount":39}}},"rawDataInfo":{"question":{"fileFormat":"wav","fileSize":591118,"duration":18470,"samplingBit":16,"channelCount":1,"samplingRate":"16kHz","audioPath":"/Mock/05.ICT/Female/New/ckmk_q_ict_f_n_161075.wav"},"answer":{"fileFormat":"wav","fileSize":2828558,"duration":88390,"samplingBit":16,"channelCount":1,"samplingRate":"16kHz","audioPath":"/Mock/05.ICT/Female/New/ckmk_a_ict_f_n_161075.wav"}}}