{"version":"1.0","dataSet":{"info":{"date":"20230116","occupation":"ICT","channel":"MOCK","place":"ONLINE","gender":"FEMALE","ageRange":"35-44","experience":"NEW"},"question":{"raw":{"text":"어 본인이 생각하는 본인의 장단점이 있겠지만 그런 본인의 생각이 아닌 다른 사람이 생각하는 지원자님의 장단점과 또 그렇게 생각하시는 이유도 함께 말씀해 주시길 바랍니다","wordCount":23},"emotion":[],"intent":[]},"answer":{"raw":{"text":"주변분들이 생각하는 저의 장점은 생각이 깊고 결단이 빠르고 행동이 빠른 것이고 이제 단점은 세세한 걸 잘 놓치고 일정 같은 걸 꼼꼼하게 챙기지 못하고 그 그 까먹는 면이 있다는 것입니다. 어 장점 같은 경우에는 이제 따른 분들 생각도 살피고 의견도 살피고 그리고 그분들을 이해하고자 많이 노력을 하면서 이런 면이 제 주변 지인분들께 어필이 된 것 같고요. 단점은 실제로 제가 음 중요하지 않다고 생각하는 거는 또 쉽게 까먹는 편이기도 해서 이렇게 생각을 하신 것 같습니다.","wordCount":73},"emotion":[],"intent":[{"text":"주변분들이 생각하는 저의 장점은 생각이 깊고 결단이 빠르고 행동이 빠른 것이고 이제 단점은 세세한 걸 잘 놓치고 일정 같은 걸 꼼꼼하게 챙기지 못하고 그 그 까먹는 면이 있다는 것입니다.","expression":"c_person","category":"background"},{"text":"단점은 실제로 제가 음 중요하지 않다고 생각하는 거는 또 쉽게 까먹는 편이기도 해서 이렇게 생각을 하신 것 같습니다.","expression":"c_person","category":"background"}],"summary":{"text":"주변분들의 장점은 생각이 깊고 결단이 빠르고 행동이 빠른 것이고 단점은 세세한 걸 잘 놓치고 일정을 꼼꼼하게 챙기지 못하고 깜빡이는 면이라는 것입니다.","wordCount":21}}},"rawDataInfo":{"question":{"fileFormat":"wav","fileSize":482958,"duration":15090,"samplingBit":16,"channelCount":1,"samplingRate":"16kHz","audioPath":"/Mock/05.ICT/Female/New/ckmk_q_ict_f_n_204837.wav"},"answer":{"fileFormat":"wav","fileSize":1382478,"duration":43200,"samplingBit":16,"channelCount":1,"samplingRate":"16kHz","audioPath":"/Mock/05.ICT/Female/New/ckmk_a_ict_f_n_204837.wav"}}}