{"version":"1.0","dataSet":{"info":{"date":"20230116","occupation":"ICT","channel":"MOCK","place":"ONLINE","gender":"FEMALE","ageRange":"-34","experience":"NEW"},"question":{"raw":{"text":"지원자분께서 이전에 다녔던 직장 혹은 대학에서 어떤 프로젝트를 해 봤는지 생각나는 게 있으시다면 한 번 말씀해 주시기 바랍니다","wordCount":18},"emotion":[],"intent":[]},"answer":{"raw":{"text":"저는 제가 가장 기억에 남은 프로젝트는 아이 트럭 프로젝트입니다. 화물차 시장에 관한 프로젝트였고 어 이 기간별로 어떤 차종이 인기가 있는지 분석을 하는 그런 프로젝트였는데요. 먼저 제가 화물차 시장에 관한 지식 자체가 굉장히 전무한 편이라 하면서 힘들었던 점이 많고 또 팀원들끼리 함께 다 같이 헤매는 경험을 해는 하는 그런 프로젝트였습니다. 어려웠던 만큼 얻는 것도 많았고 또 결과물을 모두가 마음을 합쳐 낸다는 것 자체가 어렵지만 또 어려워서 느낄 수 있는 즐거움이었다고 생각합니다. 그래서 아이트럭 프로젝트나 가장 기억에 남습니다.","wordCount":76},"emotion":[],"intent":[{"text":"","expression":"","category":"attitude"}],"summary":{"text":"아이 트럭 프로젝트는 화물차 시장에 관한 프로젝트로 기간별로 어떤 차종이 인기가 있는지 분석하는 프로젝트였습니다. 어려웠던 만큼 얻는 것도 많았고 모두가 마음을 합쳐 내는 것 자체가 어렵지만 느낄 수 있는 즐거움이었습니다.","wordCount":30}}},"rawDataInfo":{"question":{"fileFormat":"wav","fileSize":475278,"duration":14850,"samplingBit":16,"channelCount":1,"samplingRate":"16kHz","audioPath":"/Mock/05.ICT/Female/New/ckmk_q_ict_f_n_185251.wav"},"answer":{"fileFormat":"wav","fileSize":1804558,"duration":56390,"samplingBit":16,"channelCount":1,"samplingRate":"16kHz","audioPath":"/Mock/05.ICT/Female/New/ckmk_a_ict_f_n_185251.wav"}}}