{"version":"1.0","dataSet":{"info":{"date":"20230116","occupation":"ICT","channel":"MOCK","place":"ONLINE","gender":"FEMALE","ageRange":"-34","experience":"NEW"},"question":{"raw":{"text":"혹시 리팩토링에 대해 들어보셨거나 리팩토링에 관한 책을 읽어보셨나요 어 그렇다면 아 이 리팩토링에 과정에 대해서 아는 대로 말씀해 보세요","wordCount":19},"emotion":[],"intent":[]},"answer":{"raw":{"text":"네 저는 리펙토링과 관련된 서적을 읽어본 적이 있습니다. 리펙터링은 소프트웨어 공학에서 결과의 변경 없이 코드의 구조를 재조정함을 뜻합니다. 주로 가독성을 높이고 유지 보수를 편하게 하는 기능을 하는데요. 버그를 없애거나 새로운 기능을 추가하는 행위는 아닙니다. 그렇기 때문에 리펙토링은 간단하게 설명하자면 사용자가 보는 내부 화면은 그대로 두면서 내부의 논리나 구조를 바꾸고 개선하는 유지보수 행위에 가깝습니다.","wordCount":53},"emotion":[{"text":"리펙터링은 소프트웨어 공학에서 결과의 변경 없이 코드의 구조를 재조정함을 뜻합니다.","expression":"u-fact","category":"neutral"},{"text":"그렇기 때문에 리펙토링은 간단하게 설명하자면 사용자가 보는 내부 화면은 그대로 두면서 내부의 논리나 구조를 바꾸고 개선하는 유지보수 행위에 가깝습니다.","expression":"u-fact","category":"neutral"}],"intent":[{"text":"","expression":"","category":"attitude"}],"summary":{"text":"리펙터링은 가독성을 높이고 유지 보수를 편하게 하는 기능을 하는데, 내부 화면은 그대로 두고 내부의 논리나 구조를 바꾸고 개선하는 유지보수 행위에 가깝습니다.","wordCount":21}}},"rawDataInfo":{"question":{"fileFormat":"wav","fileSize":561358,"duration":17540,"samplingBit":16,"channelCount":1,"samplingRate":"16kHz","audioPath":"/Mock/05.ICT/Female/New/ckmk_q_ict_f_n_230497.wav"},"answer":{"fileFormat":"wav","fileSize":1310158,"duration":40940,"samplingBit":16,"channelCount":1,"samplingRate":"16kHz","audioPath":"/Mock/05.ICT/Female/New/ckmk_a_ict_f_n_230497.wav"}}}