{"version":"1.0","dataSet":{"info":{"date":"20230116","occupation":"ICT","channel":"MOCK","place":"ONLINE","gender":"FEMALE","ageRange":"-34","experience":"NEW"},"question":{"raw":{"text":"면접자님은 만약 면접자님이 하고 싶은 직무 아닌 다른 직무를 맡게 되실 수 있으실 텐데요 그렇다면 어떻게 하실 생각이신지 그래도 괜찮으신지 궁금합니다","wordCount":21},"emotion":[],"intent":[]},"answer":{"raw":{"text":"제가 원하고 또 준비한 직무가 아니라 따른 직무를 맡게 된다면 어 처음에는 굉장히 적응을 하려고 노력을 많이 해 볼 것 같습니다. 이 회사에서 일하고 싶어서 지원을 한 게 맞고 그렇다면 따른 부서에서 일하게 되더라도 어 열심히 준비를 해서 어 일해 볼 기회를 얻었으니 포기하지 않고 성실하게 이 직무를 위해 일하게 일해 볼 것 같습니다 .그러나 너무 오랜 기간 제가 이 직무에 적응하지 못하고 어 이 팀의 피해가 된다 하면은 이직을 또 생각해볼 것 같긴 합니다. 왜냐하면 제가 맞지 않는 옷을 입고 일을 하는 것보다는 또 회사 입장에서는 적합한 인재를 뽑는 게 더 나을 것 같다는 생각을 합니다.","wordCount":97},"emotion":[],"intent":[{"text":"","expression":"","category":"attitude"}],"summary":{"text":"이 직무를 맡게 된다면 처음엔 적응하기 위해 많이 노력할 것 같습니다. 하지만 오랜 기간 적응하지 못하면 이직을 고려할 것 같은데, 회사 입장에서는 적합한 인재를 선발하는 게 낫다고 생각하기 때문입니다.","wordCount":29}}},"rawDataInfo":{"question":{"fileFormat":"wav","fileSize":480718,"duration":15020,"samplingBit":16,"channelCount":1,"samplingRate":"16kHz","audioPath":"/Mock/05.ICT/Female/New/ckmk_q_ict_f_n_194767.wav"},"answer":{"fileFormat":"wav","fileSize":1711438,"duration":53480,"samplingBit":16,"channelCount":1,"samplingRate":"16kHz","audioPath":"/Mock/05.ICT/Female/New/ckmk_a_ict_f_n_194767.wav"}}}