{"version":"1.0","dataSet":{"info":{"date":"20230116","occupation":"ICT","channel":"MOCK","place":"ONLINE","gender":"FEMALE","ageRange":"35-44","experience":"NEW"},"question":{"raw":{"text":"지원자님의 지금까지의 경험을 바탕으로 협업을 할 때 자신이 사교성이 좋은 편이라고 생각을 하십니까 만약 좋은 편이라면 그 사교성을 키우기 위해서 어떤 노력을 하셨습니까","wordCount":23},"emotion":[],"intent":[]},"answer":{"raw":{"text":"네 저는 협업할 때 사교성이 좋은 편입니다. 어 낯을 가리지 않는 편이라 초면에도 말을 좀 잘하는 편이고 또 분위기를 풀기 위해 팀 프로젝트를 하면서 많이 커뮤니케이션 능력을 또 키웠던 것 같습니다. 어 팀 프로젝트를 하면서 처음에 초반에 분위기를 풀기 위해 스몰 토크도 많이 해봤고 또 그 뒤에 팀원분들과 원활하게 소통하기 위해 서로 의견을 물어보는 연습도 늘 많이 했던 것 같습니다. 또 따른 분들의 의견을 많이 무시하지 않으려고 굉장히 노력했던 편이기도 합니다.","wordCount":71},"emotion":[],"intent":[{"text":"","expression":"","category":"attitude"}],"summary":{"text":"협업할 때 사교성이 좋고 커뮤니케이션 능력을 키웠습니다. 초반에는 스몰 토크도 많이 해보고 팀원분들과 원활하게 소통하기 위해 의견을 물어보는 연습도 많이 했습니다.","wordCount":21}}},"rawDataInfo":{"question":{"fileFormat":"wav","fileSize":580558,"duration":18140,"samplingBit":16,"channelCount":1,"samplingRate":"16kHz","audioPath":"/Mock/05.ICT/Female/New/ckmk_q_ict_f_n_204833.wav"},"answer":{"fileFormat":"wav","fileSize":1428558,"duration":44640,"samplingBit":16,"channelCount":1,"samplingRate":"16kHz","audioPath":"/Mock/05.ICT/Female/New/ckmk_a_ict_f_n_204833.wav"}}}