{"version":"1.0","dataSet":{"info":{"date":"20230116","occupation":"ICT","channel":"MOCK","place":"ONLINE","gender":"FEMALE","ageRange":"35-44","experience":"NEW"},"question":{"raw":{"text":"어 업무 중 스케줄에 없던 돌발 상황이 발생할 때가 있는데요 어 지원자님께서 이런 상황이 생긴다면 어떻게 대처를 하실지 설명해 주시길 바랍니다","wordCount":21},"emotion":[],"intent":[]},"answer":{"raw":{"text":"네 이것도 업무가 과다하게 뭐 늘었을 때를 약간 그런 거랑 좀 비슷한 것 같거든요. 어 저는 어 업무 중에 없던 일이 생겼을 때 음 없던 일이 생긴다면 일단 하던 일은 맞춰야 된다고 봅니다. 그러지 않으면 하던 것도 못 끝내고 새로운 것도 잘 안되고 네 그냥 이도저도 안 될 것 같거든요. 다 망칠 것 같아요. 결과물이 안 나올 것 같은 생각에 일단 새로운 스케줄이 생기더라도 하던 것은 정말 하던 게 있기 때문에 그게 우선이기 때문에 어 그것을 먼저 하던 거를 먼저 끝내고 그 후에 어 그 후에 이제 다시 어 새로운 업무 새로운 스케줄이 생긴 거를 소화를 할 것 같습니다. 그런데 그거는 충분히 어 뭐 팀원 팀에서도 어 이해를 해줄 것 같구요. 네 어 중간에 끼어든 일이 우선이 되는 거는 저는 글쎄요 제가 성격상 그렇게 해보지를 않아서 음 당연히 선입 선출 먼저 온 것이 먼저 나가야 되고 약간 이런 게 있어서 어 그냥 기존에 원래 하던 대로 기존에 걸 먼저 하고 어 다음 스케줄을 움직일 것 같습니다.","wordCount":156},"emotion":[],"intent":[{"text":"","expression":"","category":"attitude"}],"summary":{"text":"업무 중에 없던 일이 생긴다면 일단 하던 일은 맞춰야 된다고 봅니다. 새로운 스케줄이 생기더라도 하던 것을 먼저 끝내고 그 후에 다시 새로운 업무 새 스케줄이 생긴 것을 소화 할 것 같습니다. 그런데 중간에 끼어들었던 일이 우선이 되는 것은 그냥 기존에 하던 대로 기존에 걸 먼저 하고 다음 일정을 움직일 것입니다.","wordCount":50}}},"rawDataInfo":{"question":{"fileFormat":"wav","fileSize":524238,"duration":16379,"samplingBit":16,"channelCount":1,"samplingRate":"16kHz","audioPath":"/Mock/05.ICT/Female/New/ckmk_q_ict_f_n_248128.wav"},"answer":{"fileFormat":"wav","fileSize":2684238,"duration":83880,"samplingBit":16,"channelCount":1,"samplingRate":"16kHz","audioPath":"/Mock/05.ICT/Female/New/ckmk_a_ict_f_n_248128.wav"}}}