{"version":"1.0","dataSet":{"info":{"date":"20230116","occupation":"ICT","channel":"MOCK","place":"ONLINE","gender":"FEMALE","ageRange":"-34","experience":"NEW"},"question":{"raw":{"text":"지금까지 여러 가지 대외 활동을 해 보셨을 텐데요 지원자님의 경험 중에서 무엇을 배웠고 또 어떤 자세로 그 대외 활동에 임했는지 말씀해 주시기 바랍니다","wordCount":23},"emotion":[],"intent":[]},"answer":{"raw":{"text":"어 제가 참여한 대외 활동들은 뭐 학생회도 있었구요. 그 외적으로는 이제 제가 개인적으로 싱가포르 이제 워킹홀리데이를 다녀왔었던 건데 음 거기서 저의 자세는 사실 상당히 적극적이었구요. 그 자세는 보통 소극적이면은 대외 활동 자체를 저는 할 수 없다고 생각하거든요. 그러니까 그 말 자체가 뭔가 모순이라고 생각을 해요 그래서 자신이 어떤 대외적인 활동을 하려면 일단 본인이 적극적으로 나서야 되고 그 참여하는 그런 그 사회에서 그 작은 소규모의 사회에서라도 자기가 어떤 역할을 가지고서 그 역할에 책임감을 가지고 쪼금 더 적극적으로 어 사람들에게 뭔가 어 어떤 제안도 해주고 써제 스천도 해주고 뭔가 자신이 어떤 생각하는 것들을 말로 표현할 수 있고 이러한 부분들이 굉장히 어 중요하다고 생각하고 그런 것을 많이 배웠고요. 그리고 항상 어 타인을 생각하고 뭔가 긍정적인 생각으로 항상 대외 활동에 임했던 것 같아요. 그러다 보니까 좀 더 좋은 사람들도 만나게 되고 좀 좋은 시간을 갖게 되고 그렇게 시간을 보낼 수 있었던 것 같습니다.","wordCount":139},"emotion":[],"intent":[{"text":"어 제가 참여한 대외 활동들은 뭐 학생회도 있었구요.","expression":"c_private","category":"background"}],"summary":{"text":"싱가포르 워킹홀리데이에서 저는 자세는 상당히 적극적이었습니다. 소극적이면 대외 활동 자체를 할 수 없다고 생각하는데 그 말 자체가 모순이라고 생각했어요. 어떤 역할을 가지고서 그 역할에 책임감을 가지고 적극적으로 사람들에게 어떤 제안도 해주고 써제스천도 해주는 부분들이 중요하다고 생각하고 배웠고, 긍정적인 생각으로 임했던 것 같습니다.","wordCount":42}}},"rawDataInfo":{"question":{"fileFormat":"wav","fileSize":599118,"duration":18720,"samplingBit":16,"channelCount":1,"samplingRate":"16kHz","audioPath":"/Mock/05.ICT/Female/New/ckmk_q_ict_f_n_265106.wav"},"answer":{"fileFormat":"wav","fileSize":2757838,"duration":86180,"samplingBit":16,"channelCount":1,"samplingRate":"16kHz","audioPath":"/Mock/05.ICT/Female/New/ckmk_a_ict_f_n_265106.wav"}}}