{"version":"1.0","dataSet":{"info":{"date":"20230116","occupation":"ICT","channel":"MOCK","place":"ONLINE","gender":"FEMALE","ageRange":"-34","experience":"NEW"},"question":{"raw":{"text":"지원자분이 팀별로 프로그래밍 업무를 하는 중 팀원인 두 명이 정말 못하는 개발자라면 그 두 명으로 인해 능률이 떨어질 거라고 생각을 하시나요","wordCount":21},"emotion":[],"intent":[]},"answer":{"raw":{"text":"코드를 만들면서 오류가 발생하는 일이 생각보다 많이 있습니다. 그리고 한 코드를 오래 보다 보면 어 아무래도 오류가 난 부분을 한 사람이 보기에는 안 보이는 부분이 굉장히 많다고 생각합니다. 그래서 페어 프로그래밍을 통해서 한 사람이 만들고 한 사람이 보완하고 이런 식으로 진행을 하면 오히려 실패 확률이 더 떨어지고 시간을 더 감축시킬 수 있다고 생각합니다. 코드가 오류난 부분을 찾기 위해서는 처음으로 돌아가서 계속 살펴봐야 하는데 이 페어 프로그램을 한다면 적히는 즉시 바로 보완을 할 수 있기 때문에 충분히 투자할 만한 가치가 있고 확률이 더 상승된다고 생각합니다.","wordCount":84},"emotion":[],"intent":[{"text":"","expression":"","category":"attitude"}],"summary":{"text":"페어 프로그래밍은 코드의 오류를 한 사람이 만들고 한 사람이 보완하고 이런 식으로 진행하면 실패 확률이 더 떨어지고 시간을 더 감축시킬 수 있다고 생각합니다.","wordCount":23}}},"rawDataInfo":{"question":{"fileFormat":"wav","fileSize":403918,"duration":12620,"samplingBit":16,"channelCount":1,"samplingRate":"16kHz","audioPath":"/Mock/05.ICT/Female/New/ckmk_q_ict_f_n_269236.wav"},"answer":{"fileFormat":"wav","fileSize":1523918,"duration":47620,"samplingBit":16,"channelCount":1,"samplingRate":"16kHz","audioPath":"/Mock/05.ICT/Female/New/ckmk_a_ict_f_n_269236.wav"}}}