{"version":"1.0","dataSet":{"info":{"date":"20230116","occupation":"ICT","channel":"MOCK","place":"ONLINE","gender":"FEMALE","ageRange":"-34","experience":"NEW"},"question":{"raw":{"text":"지원자님이 최근에 본 뉴스들 가운데 가장 인상 깊었던 뉴스는 무엇입니까 무엇인지와 그 이유도 함께 말씀해 주면 좋을 것 같습니다","wordCount":19},"emotion":[],"intent":[]},"answer":{"raw":{"text":"최근 본 뉴스들 중 가운데 가장 인상 깊었던 뉴스는 오늘 아침에 발견한 뉴스입니다. 아침에 공습경보로 빨간색이 티비에 떠 있어서 굉장히 놀랐는데요. 북한은 동해 북방 한계선을 넘어온 단거리 탄도미사일을 비롯해서 최소 열 일곱 발의 미사일을 발사했습니다. 먼저 북한은 오전 여섯 시 오십 일 분에 평안북도 정주시와 피현군 일대에서 서해상으로 네 발을 발사했다고 알고 있습니다. 우리나라가 아직 휴전 중이지만 전쟁을 끊임없이 하고 있는 중이라고 생각을 합니다. 아직 긴장을 늦출 수가 없는데요. 정말 핸드폰으로 매일 검색을 하면서 공습경보라고 떠 있을 때 심장이 많이 두근거리고 합니다. 그리고 강화도 주민이나 오늘 발생한 이 사건도 울릉도 주민들이 대피하는 사건까지 발생을 했는데요. 너무너무 안타깝고 무서운 일입니다. 그리고 북한은 여기서 그치지 않고 오후 한 시 이십 칠 분에 강원도 고성군 일대 또 백여 발의 포병 사격을 가했다고 합니다. 강원도도 그렇고 울릉도도 여기서 멀지 않은 곳인데 정말 전쟁을 끊임없이 하고 있다는 것이 아직도 믿기지가 않습니다. 우크라이나와 러시아의 전쟁 사태로 인해서 많이 긴장하고 있는 상태인데 이런 것들이 저에게는 인상 깊었던 뉴스이며 아직까지도 긴장하고 있는 상태입니다.","wordCount":155},"emotion":[],"intent":[{"text":"","expression":"","category":"attitude"}],"summary":{"text":"북한은 단거리 탄도미사일과 최소 열 일곱 발의 미사일을 발사했습니다. 북한은 평안북도 정주시와 피현군 일대에서 서해상으로 네 발을 발사했다고 알고 있습니다. 강화도 주민이나 울릉도 주민들이 대피하는 사건까지 발생했습니다. 또 북한은 강원도 고성군 일대 또 백여 발의 포병 사격을 가했다고 합니다. 우크라이나와 러시아의 전쟁 사태로 많이 긴장하고 있는 상태인데 인상 깊었던 뉴스입니다.","wordCount":50}}},"rawDataInfo":{"question":{"fileFormat":"wav","fileSize":528718,"duration":16520,"samplingBit":16,"channelCount":1,"samplingRate":"16kHz","audioPath":"/Mock/05.ICT/Female/New/ckmk_q_ict_f_n_270294.wav"},"answer":{"fileFormat":"wav","fileSize":3827278,"duration":119600,"samplingBit":16,"channelCount":1,"samplingRate":"16kHz","audioPath":"/Mock/05.ICT/Female/New/ckmk_a_ict_f_n_270294.wav"}}}