{"version":"1.0","dataSet":{"info":{"date":"20230116","occupation":"ICT","channel":"MOCK","place":"ONLINE","gender":"FEMALE","ageRange":"35-44","experience":"NEW"},"question":{"raw":{"text":"지원자님께서는 평소에 검색을 자주 하시는 편인가요 그렇다면 어떤 검색을 주로 하시는지 그리고 왜 하시는지 궁금합니다","wordCount":15},"emotion":[],"intent":[]},"answer":{"raw":{"text":"네 뭐 검색은 제가 생각해 봤는데 그냥 뭐 눈 떠서부터 눈 감을 때까지 수시로 하루 종일 하는 것 같습니다. 이게 예전에는 어려운 지식이나 정말 모르는 거를 찾을 때만 썼다 라면 요즘에는 그냥 너무 검색 자체가 쉽게쉽게 잘 되있고 그 영상으로도 너무 잘 나오다 보니까 아는 것도 다시 한번 찾게 되더라구요. 그래서 뭐 정말 사소하게는 어 뭐 메뉴 고민을 할 때도 어 찾구요. 또 당연히 모르는 그 일 하면서 모르는 거에 대한 직무에 관한 것도 당연히 찾아보구요. 또 음식을 만들 때 어 내가 알고 있는 방법 예전에는 그냥 정보가 이렇게 널리 알려지는 게 없다 보니까 딱 정해진 레시피대로만 했었잖아요. 그런데 이제 요즘은 워낙 퓨전도 많고 다양한 그 소스들이 워낙에 많기 때문에 새로운 방법들이 있는 것 같아서 저도 모르게 또 다른 방법이 있나 하고 다시 한번 찾아보게 되는 경우가 아주 매번 거의 그런 것 같아요. 그것 말고 또 물건 하나를 사더라도 가격 비교를 하고 싶고 뭐 쪼끔이라도 더 싼 데서 찾 찾아 사는 게 좋으니까 어 가격이 어떤지도 찾아보게 되는 것 같고 주로 가격 검색을 많이 하게 되는 것 같습니다.","wordCount":168},"emotion":[],"intent":[{"text":"","expression":"","category":"attitude"}],"summary":{"text":"예전에는 정보를 찾을 때만 검색이 가능했다면 요즘은 검색 자체가 쉽고 영상으로도 잘 나오므로 아는 것도 다시 찾습니다. 사소하게는 메뉴 고민할 때도 검색하고, 모르는 일 하면서 모르는 거에 대한 직무에 관한 것도 검색합니다. 예전에는 정해진 레시피대로만 했었는데, 요즘은 새로운 방법들이 많아서 다시 한번 찾아보게 됩니다. 물건 하나를 사더라도 가격 비교를 많이 합니다.","wordCount":51}}},"rawDataInfo":{"question":{"fileFormat":"wav","fileSize":355278,"duration":11100,"samplingBit":16,"channelCount":1,"samplingRate":"16kHz","audioPath":"/Mock/05.ICT/Female/New/ckmk_q_ict_f_n_241657.wav"},"answer":{"fileFormat":"wav","fileSize":2889678,"duration":90300,"samplingBit":16,"channelCount":1,"samplingRate":"16kHz","audioPath":"/Mock/05.ICT/Female/New/ckmk_a_ict_f_n_241657.wav"}}}