{"version":"1.0","dataSet":{"info":{"date":"20230116","occupation":"ICT","channel":"MOCK","place":"ONLINE","gender":"FEMALE","ageRange":"-34","experience":"NEW"},"question":{"raw":{"text":"네 일을 하시다 보면 다른 지역에 가서 업무를 수행하게 될 때도 있는데요 지원자님께서는 타 지역에서 근무하는 것도 아무 문제 없이 가능한지 말씀해 주시기 바랍니다","wordCount":24},"emotion":[],"intent":[]},"answer":{"raw":{"text":"아니요. 타 지역 근무는 조금 곤란합니다. 저는 현재 가족과 함께 살고 있습니다. 타 지역을 근무하게 된다면 가족이 다 함께 이동해야 하는 상황인데 가족 구성원은 현재 저희 지역에서 자리를 잡고 있습니다. 이래서 이러면 제가 타 지역 근무를 하게 된다면 가정이 붕괴되는 경우가 있을 수 있습니다. 또한 현재 저는 제 지역의 삶에 만족하고 있습니다. 타 지역에서 근무하게 된다면 내 삶의 원천이 다 사라지는 것이고 지역 그 지역에서 근무하면 저 모든 걸 새로 시작하게 합니다. 저는 새로 시작해야 되는 것에 두려움이 있습니다. 그래서 저는 익숙했던 곳에서 계속 근무를 하고 싶습니다.","wordCount":87},"emotion":[{"text":"저는 새로 시작해야 되는 것에 두려움이 있습니다.","expression":"n-anxiety","category":"negative"}],"intent":[{"text":"","expression":"","category":"attitude"}],"summary":{"text":"타 지역 근무는 곤란합니다. 타 지역 근무를 하게 된다면 가족이 다 함께 이동해야 하는 상황인데 가족 구성원은 현재 저희 지역에서 자리를 잡고 있습니다. 새로 시작해야 되는 것에 두려움이 있어서 저는 익숙했던 곳에서 계속 근무를 하고 싶습니다.","wordCount":36}}},"rawDataInfo":{"question":{"fileFormat":"wav","fileSize":494798,"duration":15460,"samplingBit":16,"channelCount":1,"samplingRate":"16kHz","audioPath":"/Mock/05.ICT/Female/New/ckmk_q_ict_f_n_174738.wav"},"answer":{"fileFormat":"wav","fileSize":1778958,"duration":55590,"samplingBit":16,"channelCount":1,"samplingRate":"16kHz","audioPath":"/Mock/05.ICT/Female/New/ckmk_a_ict_f_n_174738.wav"}}}