{"version":"1.0","dataSet":{"info":{"date":"20230116","occupation":"ICT","channel":"MOCK","place":"ONLINE","gender":"FEMALE","ageRange":"-34","experience":"NEW"},"question":{"raw":{"text":"업무를 수행하다 보면 타 지역에서 업무를 수행하게 될 수도 있습니다 지원자님께서는 타 지역으로 가서 근무를 하게 될 경우 문제 없이 업무 수행이 가능하십니까","wordCount":23},"emotion":[],"intent":[]},"answer":{"raw":{"text":"타 지역 근무도 문제없이 가능합니다. 저는 대학생활 때부터 독립적으로 제가 모든 것을 해결하면서 타 지역에서 문제없이 지내왔고 친화력도 좋은 편이라서 사람들과 잘 두루두루 지낼 수 있다고 생각해서 타 지역에서도 문제없이 지낼 수 있다고 생각합니다.","wordCount":34},"emotion":[],"intent":[{"text":"","expression":"","category":"attitude"}],"summary":{"text":"저는 대학생활 때부터 독립적으로 지내왔고 친화력도 좋은 편이라 타 지역 근무도 문제없이 가능할 것 같다고 생각합니다.","wordCount":16}}},"rawDataInfo":{"question":{"fileFormat":"wav","fileSize":642318,"duration":20070,"samplingBit":16,"channelCount":1,"samplingRate":"16kHz","audioPath":"/Mock/05.ICT/Female/New/ckmk_q_ict_f_n_150236.wav"},"answer":{"fileFormat":"wav","fileSize":710158,"duration":22190,"samplingBit":16,"channelCount":1,"samplingRate":"16kHz","audioPath":"/Mock/05.ICT/Female/New/ckmk_a_ict_f_n_150236.wav"}}}