{"version":"1.0","dataSet":{"info":{"date":"20230116","occupation":"ICT","channel":"MOCK","place":"ONLINE","gender":"FEMALE","ageRange":"-34","experience":"NEW"},"question":{"raw":{"text":"저희 회사가 해외 무대로 진출한다면 어디로 진출하는 게 좋을까요 이유도 함께 말씀해 주시기 바랍니다","wordCount":14},"emotion":[],"intent":[]},"answer":{"raw":{"text":"저는 중국이 좋다고 생각을 합니다. 아무래도 중국 분들이 인구도 굉장히 많고 또 한 번 쓰면은 계속 쓰는 경향도 있으시고 또 따 남이 있으면 나도 써보는 따를 써보는 그런 성향도 있으셔서 네 저는 중국이 좋다고 생각을 하고 저희 회사가 중국에서 자리를 잡으면은 아무래도 중국 시장에서 꾸준하게 사랑받을 수 있는 기회가 반드시 있지 않을까 라고 생각을 해서 저는 어 중국에 진출하는 게 좋을 것 같다고 생각을 합니다.","wordCount":65},"emotion":[],"intent":[{"text":"","expression":"","category":"attitude"}],"summary":{"text":"저희 회사가 중국에서 자리를 잡으면 중국 시장에서 꾸준하게 사랑받을 수 있는 기회가 반드시 있을 것이라고 생각하여 중국에 진출하는 게 좋을 것 같습니다.","wordCount":22}}},"rawDataInfo":{"question":{"fileFormat":"wav","fileSize":333518,"duration":10420,"samplingBit":16,"channelCount":1,"samplingRate":"16kHz","audioPath":"/Mock/05.ICT/Female/New/ckmk_q_ict_f_n_265301.wav"},"answer":{"fileFormat":"wav","fileSize":1283918,"duration":40120,"samplingBit":16,"channelCount":1,"samplingRate":"16kHz","audioPath":"/Mock/05.ICT/Female/New/ckmk_a_ict_f_n_265301.wav"}}}