{"version":"1.0","dataSet":{"info":{"date":"20230116","occupation":"ICT","channel":"MOCK","place":"ONLINE","gender":"FEMALE","ageRange":"55-","experience":"NEW"},"question":{"raw":{"text":"지원자님이 입사 후 근무하시면서 어 정작 지원한 분야가 지원자님과 잘 맞지 않다는 사실을 깨닫게 된다면 그 후에 어떻게 하실 생각이십니까","wordCount":20},"emotion":[],"intent":[]},"answer":{"raw":{"text":"우선 저는 직무가 적성에 맞다고 생각하여 지원했습니다. 하지만 면접관님 말씀대로 만약에 적성에 맞지 않는다면 일단은 최대한 노력을 해 볼 것 같습니다. 업무를 수행하면서 스스로 동기부여를 할 수 있는 여러 가지 방법들도 찾아보겠습니다. 만약 그래도 해결이 안 된다면 직속 상관이나 팀장님께 도움을 요청해 보겠습니다. 저보다 더 오래 회사 생활을 해 온 선배님들께 진정성 있는 마음으로 도움을 구하고 상담을 받으면서 저의 원하는 바를 이룰 수 있는 방법을 강구해 보겠습니다. 그 자리에서 해결책을 찾을 수두 있을 것이고요. 그게 아니라면 또 다른 최선의 방법을 찾기 위해서 노력하는 것 밖에는 없는 것 같습니다.","wordCount":88},"emotion":[],"intent":[{"text":"우선 저는 직무가 적성에 맞다고 생각하여 지원했습니다.","expression":"c_sincere_job","category":"etc"}],"summary":{"text":"저는 직무가 적성에 맞는다고 생각하여 지원했습니다. 하지만 적성에 맞지 않는다면 최대한 노력을 해 볼 것 같습니다. 만약 해결이 안 된다면 직속 상관이나 팀장님께 도움을 요청해 보겠습니다. 그 자리에서 해결책을 찾을 수 있을 것입니다.","wordCount":33}}},"rawDataInfo":{"question":{"fileFormat":"wav","fileSize":507598,"duration":15860,"samplingBit":16,"channelCount":1,"samplingRate":"16kHz","audioPath":"/Mock/05.ICT/Female/New/ckmk_q_ict_f_n_161078.wav"},"answer":{"fileFormat":"wav","fileSize":2542158,"duration":79440,"samplingBit":16,"channelCount":1,"samplingRate":"16kHz","audioPath":"/Mock/05.ICT/Female/New/ckmk_a_ict_f_n_161078.wav"}}}