{"version":"1.0","dataSet":{"info":{"date":"20230116","occupation":"ICT","channel":"MOCK","place":"ONLINE","gender":"FEMALE","ageRange":"-34","experience":"NEW"},"question":{"raw":{"text":"우리 회사에 들어오게 된다면 가장 가고 싶은 부서는 어디인가요 또한 왜 그곳에 가장 가고 싶으신지 이유를 함께 말씀해 주세요","wordCount":19},"emotion":[],"intent":[]},"answer":{"raw":{"text":"제가 가고 싶은 부서는 기획 팀입니다. 왜 이렇게 생각하냐면요. 제가 생각하는 상상하는 모든 것들이 실현될 수 있는 부서가 바로 기획 팀이라고 생각합니다. 제가 꿈 꿔왔던 많은 것들을 기획 팀에서 일궈 냈다고 들었습니다. 또 어떠한 팀은 서로 각자 할 일만 하고 퇴근하는 경우가 있다고 들었는데 기획 팀 같은 경우는 각자 할 일을 할 뿐만 아니라 같이 협업하는 경우도 많다고 들었습니다. 기획 팀이 창의력도 중요하지만 협업하며 자신의 역량을 펼칠 수 있고 조금 더 나은 방향으로 갈 수 있다고 하는데 저도 기획 팀처럼 많은 역량을 펼치고 싶습니다. 그리고 다양한 프로젝트를 통해 많은 것들을 경험하고 보고 느끼고 싶습니다. 그렇기 때문에 저는 기획 팀으로 꼭 들어가고 싶습니다.","wordCount":102},"emotion":[],"intent":[{"text":"","expression":"","category":"attitude"}],"summary":{"text":"제가 가고 싶은 부서는 상상하는 모든 것이 실현될 수 있는 기획 팀이며, 창의력도 중요하지만 협업하며 자신의 역량을 펼칠 수 있고 조금 더 나은 방향으로 갈 수 있다고 하는데 저도 기획 팀처럼 많은 역량을 펼치고 싶습니다.","wordCount":35}}},"rawDataInfo":{"question":{"fileFormat":"wav","fileSize":590798,"duration":18460,"samplingBit":16,"channelCount":1,"samplingRate":"16kHz","audioPath":"/Mock/05.ICT/Female/New/ckmk_q_ict_f_n_257783.wav"},"answer":{"fileFormat":"wav","fileSize":3621198,"duration":113160,"samplingBit":16,"channelCount":1,"samplingRate":"16kHz","audioPath":"/Mock/05.ICT/Female/New/ckmk_a_ict_f_n_257783.wav"}}}