{"version":"1.0","dataSet":{"info":{"date":"20230116","occupation":"ICT","channel":"MOCK","place":"ONLINE","gender":"FEMALE","ageRange":"-34","experience":"NEW"},"question":{"raw":{"text":"네 지원자님께서 생각하실 때 지원자님의 노년은 어떤 모습이었으면 좋을 거라고 생각하시나요 자신만의 좀 이상적인 노년의 모습이 있으시다면 그 부분도 함께 설명을 부탁드립니다","wordCount":22},"emotion":[],"intent":[]},"answer":{"raw":{"text":"제가 생각했을 때 저의 이상적인 원하는 노년의 모습은 어 이전에 살아왔던 모습을 돌아봤을 때 허무하다 공허하다 이렇게 느끼지 않고 그래도 성실하게 노력하며 잘 살아왔다 라고 회상할 수 있는 그런 노년이었으면 좋겠고 또 함께하는 가족들도 있었으면 좋겠습니다. 함께하는 가족들과 취미생활 한 두 가지 하면서 경제적으로 매우 풍족하지는 않더라도 기본적인 삶을 꾸려가는 데는 큰 문제가 없이 소소하게 일상적인 행복을 잘 누릴 수 있는 그런 노년의 모습이었으면 좋겠습니다. 가족과 그리고 조금에 먼 돈이 좀 필요할 것 같습니다.","wordCount":74},"emotion":[],"intent":[{"text":"","expression":"","category":"attitude"}],"summary":{"text":"이상적인 이상적인 노년의 모습은 성실하게 노력하며 잘 살아왔다 라고 회상할 수 있는 노년이었으면 좋겠습니다. 가족과 취미생활 하면서 소소하게 일상적인 행복을 잘 누릴 수 있는 그런 노년을 바랍니다.","wordCount":27}}},"rawDataInfo":{"question":{"fileFormat":"wav","fileSize":524878,"duration":16400,"samplingBit":16,"channelCount":1,"samplingRate":"16kHz","audioPath":"/Mock/05.ICT/Female/New/ckmk_q_ict_f_n_160664.wav"},"answer":{"fileFormat":"wav","fileSize":1608398,"duration":50260,"samplingBit":16,"channelCount":1,"samplingRate":"16kHz","audioPath":"/Mock/05.ICT/Female/New/ckmk_a_ict_f_n_160664.wav"}}}