{"version":"1.0","dataSet":{"info":{"date":"20230116","occupation":"ICT","channel":"MOCK","place":"ONLINE","gender":"FEMALE","ageRange":"-34","experience":"NEW"},"question":{"raw":{"text":"쥐이티 메서드와 피오에스티 메서드의 차이점에 대해서 지원자님께서 아시는 대로 한번 편하게 설명해 주시겠습니까","wordCount":13},"emotion":[],"intent":[]},"answer":{"raw":{"text":"어 제가 이거를 대학교 삼 학년 때 배웠는데 겟 메서드가 신호가 왔을 때 봤고 포스트 메서드가 이제 웹 페이지에 표시를 하는 그런 메서드였던 것 같습니다. 이게 메서드와 메서드 간에 어 상호 소통을 하는 경우가 있는데 또 그 컴퓨터와 컴퓨터 간에 상호 소통을 할 때 주고받는 신호들이 있는데 그 단계에서 겟이 먼저고 그다음이 포스트인 것으로 어 기억을 하고 있습니다.","wordCount":58},"emotion":[],"intent":[{"text":"","expression":"","category":"attitude"}],"summary":{"text":"컴퓨터와 컴퓨터 간 상호 소통할 때 주고받는 신호들이 있는데 그 단계에서 겟이 먼저고 포스트가 다음인 것으로 기억을 하고 있습니다.","wordCount":19}}},"rawDataInfo":{"question":{"fileFormat":"wav","fileSize":404558,"duration":12640,"samplingBit":16,"channelCount":1,"samplingRate":"16kHz","audioPath":"/Mock/05.ICT/Female/New/ckmk_q_ict_f_n_204738.wav"},"answer":{"fileFormat":"wav","fileSize":1095118,"duration":34220,"samplingBit":16,"channelCount":1,"samplingRate":"16kHz","audioPath":"/Mock/05.ICT/Female/New/ckmk_a_ict_f_n_204738.wav"}}}