{"version":"1.0","dataSet":{"info":{"date":"20230116","occupation":"ICT","channel":"MOCK","place":"ONLINE","gender":"FEMALE","ageRange":"-34","experience":"NEW"},"question":{"raw":{"text":"얼마 전 구급대원 한 분이 주취자에게 폭행을 당해 순직 당하는 일이 있었습니다 그 사건에 대해 지원자님은 어떤 생각을 가지고 계신가요","wordCount":20},"emotion":[],"intent":[]},"answer":{"raw":{"text":"어 실제로 구급대원이 주취자에게 폭행을 당했을 때 그 처벌되는 그 정도가 불과 삼 퍼센트라고 들었습니다. 아무리 주취자라고 하더라도 폭행을 하는 것은 정당하지 않고 법적으로 어 처리를 해야 한다고 생각을 합니다. 그래서 아무래도 접수를 받을 때 주취자가 괜찮은 상태인지를 먼저 어 파악을 한 뒤에 구급대원과 함께 경찰과 함께 출동을 하거나 어떠한 그런 어 보급 제품 뭐 헬멧이라던가 어 테이저 건이라던가 이런 것들을 준비를 해서 어 구급대원이 출동을 해야 한다고 생각을 합니다. 어 정당화되지 않고 계속 법적으로 처리가 미약하 처벌이 미약하다면은 계속해서 발생한다고 생각을 하기 때문에 지금부터라도 그러한 관련 어 안들을 제정해야 된다고 생각을 합니다.","wordCount":93},"emotion":[{"text":"아무리 주취자라고 하더라도 폭행을 하는 것은 정당하지 않고 법적으로 어 처리를 해야 한다고 생각을 합니다.","expression":"u-belief","category":"neutral"},{"text":"어 정당화되지 않고 계속 법적으로 처리가 미약하 처벌이 미약하다면은 계속해서 발생한다고 생각을 하기 때문에 지금부터라도 그러한 관련 어 안들을 제정해야 된다고 생각을 합니다.","expression":"u-belief","category":"neutral"}],"intent":[{"text":"","expression":"","category":"attitude"}],"summary":{"text":"구급대원이 주취자에게 폭행을 당했을 때 처벌되는 정도가 불과 삼 퍼센트라고 들었습니다. 폭행이 정당하지 않고 법적으로 처리해야 하기 때문에 접수를 받을 때 주취자의 상태를 파악한 뒤에 구급 대원과 함께 출동을 해야 한다고 생각합니다.","wordCount":32}}},"rawDataInfo":{"question":{"fileFormat":"wav","fileSize":384718,"duration":12020,"samplingBit":16,"channelCount":1,"samplingRate":"16kHz","audioPath":"/Mock/05.ICT/Female/New/ckmk_q_ict_f_n_257524.wav"},"answer":{"fileFormat":"wav","fileSize":2247118,"duration":70220,"samplingBit":16,"channelCount":1,"samplingRate":"16kHz","audioPath":"/Mock/05.ICT/Female/New/ckmk_a_ict_f_n_257524.wav"}}}