{"version":"1.0","dataSet":{"info":{"date":"20230116","occupation":"ICT","channel":"MOCK","place":"ONLINE","gender":"FEMALE","ageRange":"-34","experience":"NEW"},"question":{"raw":{"text":"지원자님께서는 보통 시간이 남을 때 무슨 일을 하십니까 무슨 일을 하시는지 말씀을 해 주시고 그 일을 하는 이유도 함께 설명해 주실 수 있으시겠습니까","wordCount":23},"emotion":[],"intent":[]},"answer":{"raw":{"text":"어 그렇게 시간이 많이 남는 편이 아니라 저는 남으면 아무래도 휴식을 많이 취하려고 하는 것 같습니다. 휴식을 취하고 또 체력 보충이 되어야 어 스트레스 관리도 원활하게 되더라구요. 저는 주로 시간이 남으면 고양이랑 누워 있거나 어 누워서 책을 읽거나 하는 식으로 스트레스를 푸는 것 같습니다. 어 실제로 고양이와 누워 있으면 옥시토신이란 호르몬이 분비돼서 심신 안정에 도움이 된다고 하더라구요. 네 그래서 주로 스트레스 완화를 위에 고양이와 누워있는 것 같습니다.","wordCount":67},"emotion":[],"intent":[{"text":"","expression":"","category":"attitude"}],"summary":{"text":"저는 시간이 많이 남지 않으면 휴식을 많이 취하려고 하는 편으로, 휴식을 취하고 또 체력 보충이 되어야 스트레스 관리도 원활하게 되더군요. 주로 고양이와 누워 있는 것 같습니다.","wordCount":26}}},"rawDataInfo":{"question":{"fileFormat":"wav","fileSize":512078,"duration":16000,"samplingBit":16,"channelCount":1,"samplingRate":"16kHz","audioPath":"/Mock/05.ICT/Female/New/ckmk_q_ict_f_n_197280.wav"},"answer":{"fileFormat":"wav","fileSize":1383118,"duration":43220,"samplingBit":16,"channelCount":1,"samplingRate":"16kHz","audioPath":"/Mock/05.ICT/Female/New/ckmk_a_ict_f_n_197280.wav"}}}