{"version":"1.0","dataSet":{"info":{"date":"20230116","occupation":"ICT","channel":"MOCK","place":"ONLINE","gender":"FEMALE","ageRange":"35-44","experience":"NEW"},"question":{"raw":{"text":"휴식을 취할 때 주로 어떤 일들을 하시나요 왜 그 일을 하시는지 특별한 이유가 있다면 함께 말씀해 주실 수 있을까요","wordCount":19},"emotion":[],"intent":[]},"answer":{"raw":{"text":"저는 평소에 친구들을 자주 만나는 그런 어 습관들이 있습니다. 업무 외적인 시간에는 업무에 대한 스트레스를 풀려고 많이 노력하는데요. 그 이유는 직장인에게 가장 중요한 것 중 하나가 스트레스를 잘 푸는 것이라고 생각합니다. 최근에 제 친구 중에 한 명은 지금 직장 생활을 한 지가 오 년 차인데 번아웃이 굉장히 크게 와서 일을 그만두고 싶다 라는 말을 했었습니다. 자신의 성향과 굉장히 잘 맞는 일이고 또 실제로도 급여가 높아서 그 부분에 대해서는 만족하고 있지만 본인이 생각할 때는 좀 번아웃 심하게 와서 더 이상 근무하기가 힘들 것 같다 뭔가 의욕이 생기지 않는다 나는 휴식이 필요한 것 같다 라는 말들을 했었습니다. 제가 그래서 든 생각은 어 저는 가끔씩 잘 휴식을 취하고 이 시간을 통해서 리프레쉬 할 수 있는 그런 역량을 갖추는 것도 프로의 덕목 중의 하나라고 생각을 합니다. 그래서 저는 휴식을 본인만이 잘 취하는 방법을 갖는 게 중요하다 라고 생각합니다.","wordCount":134},"emotion":[],"intent":[{"text":"","expression":"","category":"attitude"}],"summary":{"text":"업무 외적인 시간에는 스트레스 해소를 위해 친구들을 자주 만나는데, 그 이유는 자신의 성향과 굉장히 잘 맞는 일이며 급여도 높아서 만족하고 있지만 번아웃이 심하게 와서 근무가 힘들 것 같다 라는 말을 했습니다. 그래서 저는 가끔 잘 휴식을 취하고 이 시간을 통해서 리프레쉬 할 수 있는 역량을 갖추는 것도 프로의 덕목이라고 생각합니다.","wordCount":50}}},"rawDataInfo":{"question":{"fileFormat":"wav","fileSize":575118,"duration":17970,"samplingBit":16,"channelCount":1,"samplingRate":"16kHz","audioPath":"/Mock/05.ICT/Female/New/ckmk_q_ict_f_n_195393.wav"},"answer":{"fileFormat":"wav","fileSize":2794958,"duration":87340,"samplingBit":16,"channelCount":1,"samplingRate":"16kHz","audioPath":"/Mock/05.ICT/Female/New/ckmk_a_ict_f_n_195393.wav"}}}