{"version":"1.0","dataSet":{"info":{"date":"20230116","occupation":"ICT","channel":"MOCK","place":"ONLINE","gender":"FEMALE","ageRange":"35-44","experience":"NEW"},"question":{"raw":{"text":"커뮤니케이션을 잘 할 수 있는 지원자님만의 스킬이 있다면 한 번 소개 부탁드리겠구요 직접 한 번 보여주셔도 좋을 것 같습니다","wordCount":19},"emotion":[],"intent":[]},"answer":{"raw":{"text":"커뮤니케이션을 잘 할 수 있는 저만에 스킬은 경청입니다. 다른 사람과의 의사소통에서 듣기는 우리가 생각하는 것보다 더 많은 뜻이 있습니다. 듣기는 다른 사람이 전달하는 메세지를 이해하는 과정으로 좋은 청자는 다른 사람의 음성만 듣는 게 아니라 목소리 톤 강조 빠르기 얼굴 표정 자세 등 비언어적 단서에까지 주의를 기울입니다. 이와 같이 경청은 상담 상대방이 보내는 메세지 내용에 주의를 기울이고 이해를 위해 노력하는 행동을 의미합니다. 경청을 통해 상대방은 우리가 그들에게 얼마나 집중하고 있는지 알 수 있습니다. 따라서 경청은 대화의 가정에서 신뢰를 쌓을 수 있는 최고의 방법 중 하나입니다. 우리가 먼저 경청하면 상대는 자신도 모르게 더 집중하게 됩니다. 따라서 우리 말과 메시지 감정은 더욱 효과적으로 상대에게 전달됩니다. 즉 경청은 우리가 상대에 말에만 귀를 기울이는 것이 아닙니다. 우리가 경청함으로써 상대방 역시 우리의 말에 귀를 기울이게 됩니다.","wordCount":120},"emotion":[{"text":"듣기는 다른 사람이 전달하는 메세지를 이해하는 과정으로 좋은 청자는 다른 사람의 음성만 듣는 게 아니라 목소리 톤 강조 빠르기 얼굴 표정 자세 등 비언어적 단서에까지 주의를 기울입니다.","expression":"u-fact","category":"neutral"}],"intent":[{"text":"","expression":"","category":"attitude"}],"summary":{"text":"경청은 상담 상대방이 보내는 메세지 내용에 주의를 기울이고 이해를 위해 노력하는 행동을 의미합니다. 경청은 대화의 가정에서 신뢰를 쌓을 수 있는 최고의 방법 중 하나이며 경청은 우리가 상대에 말에만 귀를 기울이는 것이 아니고 우리가 경청함으로써 상대방 역시 우리의 말에 귀를 기울이게 됩니다.","wordCount":41}}},"rawDataInfo":{"question":{"fileFormat":"wav","fileSize":377678,"duration":11800,"samplingBit":16,"channelCount":1,"samplingRate":"16kHz","audioPath":"/Mock/05.ICT/Female/New/ckmk_q_ict_f_n_236641.wav"},"answer":{"fileFormat":"wav","fileSize":2328718,"duration":72770,"samplingBit":16,"channelCount":1,"samplingRate":"16kHz","audioPath":"/Mock/05.ICT/Female/New/ckmk_a_ict_f_n_236641.wav"}}}