{"version":"1.0","dataSet":{"info":{"date":"20230116","occupation":"ICT","channel":"MOCK","place":"ONLINE","gender":"FEMALE","ageRange":"-34","experience":"NEW"},"question":{"raw":{"text":"지원자님은 시험 기간 시간이 촉박할 때 어떻게 시간 관리를 하셨는지 본인만에 시간 관리법을 설명해 주시기 바랍니다","wordCount":16},"emotion":[],"intent":[]},"answer":{"raw":{"text":"저는 항상 시험 기간에 시간이 촉박했습니다. 성격이 급한 편이기도 하지만 완벽주의자 성격으로 매우 꼼꼼한 성숙격이기 때문에 시간을 융통성 있게 관리하지 못합니다. 그렇기 때문에 저는 시간관리를 한 적이 굉장히 많은데요. 시간관리에 제대로 성공을 해 본 적은 없지만 저의 시간관리법은 일단 무조건 닥치는 대로 많이 하자입니다. 저는 성격이 빨리 빠릇한 성격이지만 융통성이 잘 없고 완벽주의자 성격을 가지고 있기 때문에 그냥 닥치는 대로 많이 하자 라는 생각을 가지면 시간 관리를 딱히 하지 않아도 제 시간 안에 끝낼 수 있는 것 같습니다. 그리고 시험 기간 특히 시간이 촉박하고 시험 바로 전날에 공부가 더욱 잘 되기 때문에 시험 바로 전날에 볼 수 있는 중요한 요점만 정리되어 있는 노트를 따로 평소에 만들어 놓아 시험 전날 시간이 촉박할 때 그것만 보고 들어가도 시험을 칠 수 있을 정도로 필기를 해 놓습니다. 그게 저의 시간이 촉박할 때 시간 관리법입니다.","wordCount":130},"emotion":[],"intent":[{"text":"저는 성격이 빨리 빠릇한 성격이지만 융통성이 잘 없고   완벽주의자 성격을 가지고 있기 때문에 그냥 닥치는 대로 많이 하자 라는 생각을 가지면   시간 관리를 딱히 하지 않아도 제 시간 안에 끝낼 수 있는 것 같습니다.","expression":"c_person","category":"background"}],"summary":{"text":"시험 기간에 시간이 촉박했던 저는 융통성이 없고 완벽주의자 성격인 성격 때문에 시간관리를 한 적이 많습니다. 하지만 무조건 닥치는 대로 많이 하자 라는 생각을 가지면 시간 관리를 하지 않아도 제 시간 안에 끝낼 수 있습니다. 또한 시험 당일에 중요한 요점만 정리되어 있는 노트를 평소에 만들어 놓습니다.","wordCount":45}}},"rawDataInfo":{"question":{"fileFormat":"wav","fileSize":343118,"duration":10720,"samplingBit":16,"channelCount":1,"samplingRate":"16kHz","audioPath":"/Mock/05.ICT/Female/New/ckmk_q_ict_f_n_124782.wav"},"answer":{"fileFormat":"wav","fileSize":2587278,"duration":80850,"samplingBit":16,"channelCount":1,"samplingRate":"16kHz","audioPath":"/Mock/05.ICT/Female/New/ckmk_a_ict_f_n_124782.wav"}}}