{"version":"1.0","dataSet":{"info":{"date":"20230116","occupation":"ICT","channel":"MOCK","place":"ONLINE","gender":"FEMALE","ageRange":"-34","experience":"NEW"},"question":{"raw":{"text":"어 과거에 프로젝트를 수행했던 경험이 있으신가요 있으시다면 어 해당 프로젝트에서 어떤 역할을 맡으셨는지 어 그것에 대해서 설명해 주시기를 바랍니다","wordCount":19},"emotion":[],"intent":[]},"answer":{"raw":{"text":"제가 학부 때 수행했던 프로젝트로서 어 요즘 핫한 딥러닝 모델을 이용해서 부정 심전도 중 부정맥 신호를 탐지하는 모델을 어 만든 적이 있습니다. 그때 당시 제 저와 포함해서 두 명의 학생이 프로젝트를 진행했었는데 둘 다 큰 어 각자가 둘 두 명의 리더가 모여서 각자가 맡은 일을 착실하게 수행하고 어 그 프로젝트가 나아가는 방향이나 모델을 구축하는데 각자의 의견을 내면서 많은 서로에게 도움을 되면서 그 프로젝트를 진행했던 것 같습니다. 어 저는 주로 그 모델을 설계하고 어떻게 하면 어 좀 더 다른 비슷한 딥러닝 모델이나 딥러닝 아 어 심전도에 관련된 연구와 차별점을 줄 수 있는 어 기술에 대해서 그 설계에 대해서 생각하고 그것에 대해서 구조를 짜는 역할을 맡았던 것 같습니다.","wordCount":106},"emotion":[],"intent":[{"text":"제가 학부 때 수행했던 프로젝트로서 어 요즘 핫한 딥러닝 모델을 이용해서 부정 심전도 중 부정맥 신호를 탐지하는 모델을 어 만든 적이 있습니다.","expression":"i_hwsw_prfi","category":"attitude"},{"text":"어 저는 주로 그 모델을 설계하고 어떻게 하면 어 좀 더 다른 비슷한 딥러닝 모델이나 딥러닝 아 어 심전도에 관련된 연구와 차별점을 줄 수 있는 어 기술에 대해서 그 설계에 대해서 생각하고 그것에 대해서 구조를 짜는 역할을 맡았던 것 같습니다.","expression":"i_hwsw_prfi","category":"attitude"}],"summary":{"text":"요즘 핫한 딥러닝 모델을 이용해서 부정 심전도 중 부정맥 신호를 탐지하는 모델을 만든 적이 있습니다. 리더들이 모여서 각자의 일을 수행하고 각자의 의견을 내면서 프로젝트를 진행했던 것 같습니다. 저는 주로 모델을 설계하고 구조를 짜는 역할을 맡았습니다.","wordCount":35}}},"rawDataInfo":{"question":{"fileFormat":"wav","fileSize":494798,"duration":15460,"samplingBit":16,"channelCount":1,"samplingRate":"16kHz","audioPath":"/Mock/05.ICT/Female/New/ckmk_q_ict_f_n_260369.wav"},"answer":{"fileFormat":"wav","fileSize":2184078,"duration":68250,"samplingBit":16,"channelCount":1,"samplingRate":"16kHz","audioPath":"/Mock/05.ICT/Female/New/ckmk_a_ict_f_n_260369.wav"}}}