{"version":"1.0","dataSet":{"info":{"date":"20230116","occupation":"ICT","channel":"MOCK","place":"ONLINE","gender":"FEMALE","ageRange":"-34","experience":"NEW"},"question":{"raw":{"text":"이제까지 진행해 본 프로젝트들 가운데 가장 기억에 남는 프로젝트가 있다면 그것이 어떤 점에서 기억에 남는 프로젝트였는지 설명해 주세요","wordCount":18},"emotion":[],"intent":[]},"answer":{"raw":{"text":"가장 기억에 남는 프로젝트는 메타버스를 활용한 콘텐츠 제작이었던 것 같습니다. 기업이 올 아무래도 팬더믹 시대 때문에 오프라인 활동이 어려워졌고 그래서 저는 온라인에서 이 메타버스를 구성한 후에 사람들을 모으면 좋을 것 같다는 생각이 들었고 그 부분에 대해서 프로젝트 진행의 사항에 대해서 발표를 하였을 때 관계자 분들도 굉장히 긍정적인 반응을 보여주셨습니다. 그 결과 이 주제를 가지고 라디오 방송과 잡지 인터뷰를 한 적이 있었고 어 저는 추후에 만약에 예산이 된다면 이 프로젝트가 꼭 실행이 가능했으면 좋겠다는 생각이 들었습니다.","wordCount":75},"emotion":[],"intent":[{"text":"","expression":"","category":"attitude"}],"summary":{"text":"팬더믹 시대로 오프라인 활동이 어려워지자 온라인에서 메타버스를 활용해 콘텐츠를 제작했습니다. 예산 지원으로 예산이 된다면 이 프로젝트를 실행할 수 있었으면 좋겠다는 생각이 들었습니다.","wordCount":22}}},"rawDataInfo":{"question":{"fileFormat":"wav","fileSize":324878,"duration":10150,"samplingBit":16,"channelCount":1,"samplingRate":"16kHz","audioPath":"/Mock/05.ICT/Female/New/ckmk_q_ict_f_n_269242.wav"},"answer":{"fileFormat":"wav","fileSize":1569998,"duration":49060,"samplingBit":16,"channelCount":1,"samplingRate":"16kHz","audioPath":"/Mock/05.ICT/Female/New/ckmk_a_ict_f_n_269242.wav"}}}