{"version":"1.0","dataSet":{"info":{"date":"20230116","occupation":"ICT","channel":"MOCK","place":"ONLINE","gender":"FEMALE","ageRange":"45-54","experience":"NEW"},"question":{"raw":{"text":"최근에 본 뉴스들 가운데 가장 인상 깊었던 뉴스는 무엇입니까 무엇인지와 그 이유도 함께 말씀해 주실 수 있나요","wordCount":17},"emotion":[],"intent":[]},"answer":{"raw":{"text":"예 최근에 본 기사 중에 가장 기억에 남는 기사는 우선의 한 초등학교 교사의 이야기였는데요. 이 선생님께서는 아이들의 경제관념을 좀 키워주기 위해서 학교를 반을 아주 작은 나라로 만들고 이 학생들의 재무부장관 환경부장관 이런 업무도 주고 그리고 그 화폐도 만들었더라구요. 화폐도 만들고 자리도 사고 팔 수 있게 굉장히 재미있는 활동들을 하고 있었습니다. 그리고 아이들에게 주식을 알려 주기 위해서 선생님이 어떤 몸무게로 아이들이 투자를 할 수 있게 하고 이 몸무게에 관련된 정보들 예를 들면 명절이다 뭐 주말에 여행을 갈 계획이다 이런 정보들을 주면서 주가의 추이를 예측할 수 있게 하고 투자할 수 있게 하더라구요. 굉장히 아이디어도 너무너무 재미있구 이 반 아이들은 얼마나 행복할까 라는 생각을 했습니다. 어 우리나라는 학습적인 측면들은 굉장히 열정적으로 부모님들이 가르켜 주시는데 실제로 경제 활동에 대한 부분들은 또 치고 가는 부분들이 많고 부족하다는 이야기를 많이 들었습니다. 어 일부 경제 교육을 할 수 있는 기관들은 있지만 이렇게 선생님처럼 재미있게 또 지속적으로 다양하게 하지는 못할 것 같습니다. 이 선생님의 열정에 박수를 보내고 또 이런 반 친구들에게 얼마나 좋은 경험이 되었을지 예 또 궁금하기도 하고 조금 부럽기도 한 그런 뉴스였습니다.","wordCount":166},"emotion":[],"intent":[{"text":"","expression":"","category":"attitude"}],"summary":{"text":"최근 본 기사 중 가장 인상적인 기사는 한 초등학교 교사의 이야기로, 아이들의 경제관념을 키워주기 위해 학교를 반을 작은 나라로 만들고 화폐도 만들고 자리도 사고 팔 수 있게 재미있는 활동들을 하고 있었습니다. 일부 경제 교육을 할 수 있는 기관들은 있지만 이렇게 재미있게 다양하게 하지는 못할 것 같습니다. 선생님의 열정에 박수를 보내고 또 이런 반 친구들에게 얼마나 좋은 경험이 되었을지 궁금해지기도 했습니다.","wordCount":60}}},"rawDataInfo":{"question":{"fileFormat":"wav","fileSize":353678,"duration":11050,"samplingBit":16,"channelCount":1,"samplingRate":"16kHz","audioPath":"/Mock/05.ICT/Female/New/ckmk_q_ict_f_n_272682.wav"},"answer":{"fileFormat":"wav","fileSize":2870798,"duration":89710,"samplingBit":16,"channelCount":1,"samplingRate":"16kHz","audioPath":"/Mock/05.ICT/Female/New/ckmk_a_ict_f_n_272682.wav"}}}