{"version":"1.0","dataSet":{"info":{"date":"20230116","occupation":"ICT","channel":"MOCK","place":"ONLINE","gender":"FEMALE","ageRange":"35-44","experience":"NEW"},"question":{"raw":{"text":"스트레스를 받으면 어떻게 하시나요 그리고 왜 그런 방법으로 스트레스를 해소하는지도 말씀해 주세요","wordCount":12},"emotion":[],"intent":[]},"answer":{"raw":{"text":"저는 스트레스를 받으면 일단은 좀 아무 생각을 안 하고 싶어하고 부정적인 생각들을 좀 비우려고 노력을 하는 편입니다. 그래서 그 방법으로 명상을 좀 자주 하는 편이구요. 아침에 일어났을 때 그리고 일을 하다가 중간에 그리고 저녁에 자기 전에도 명상을 자주 하는데 명상도 굉장히 많은 그 방법이 있어서 그 책을 사서 좀 공부를 오래 했었습니다. 그래서 그 명상법을 이용해서 좀 스트레스에서 해소가 되려고 노력하고 있구요. 실제로 그렇게 했을 때 굉장히 많이 해소가 되더라구요. 그래서 저는 줄곧 명상을 이용합니다.","wordCount":75},"emotion":[],"intent":[{"text":"","expression":"","category":"attitude"}],"summary":{"text":"저는 스트레스를 받으면 일단 아무 생각을 안 하고 싶어하고 부정적인 생각들을 좀 비우려고 노력을 하는 편입니다. 그래서 명상을 좀 자주 하는데 그 명상법을 이용하여 스트레스에서 해소를 하려고 노력하고 있습니다.","wordCount":29}}},"rawDataInfo":{"question":{"fileFormat":"wav","fileSize":306638,"duration":9580,"samplingBit":16,"channelCount":1,"samplingRate":"16kHz","audioPath":"/Mock/05.ICT/Female/New/ckmk_q_ict_f_n_165177.wav"},"answer":{"fileFormat":"wav","fileSize":1648078,"duration":51500,"samplingBit":16,"channelCount":1,"samplingRate":"16kHz","audioPath":"/Mock/05.ICT/Female/New/ckmk_a_ict_f_n_165177.wav"}}}