{"version":"1.0","dataSet":{"info":{"date":"20230116","occupation":"ICT","channel":"MOCK","place":"ONLINE","gender":"FEMALE","ageRange":"-34","experience":"NEW"},"question":{"raw":{"text":"네 지원자님께서는 개인적으로 공부를 어떻게 하시는지요 어 본인의 공부하는 방법을 좀 소개시켜 주시겠습니까 아 강의나 책을 활용한 공부를 말씀해 주셔도 좋겠습니다","wordCount":21},"emotion":[],"intent":[]},"answer":{"raw":{"text":"네 저는 처음에는 부트 캠프라는 취업 캠프를 통해서 어 공부를 많이 해봤었고 그 취업 캠프 안에서는 개인적인 구글링을 통해서 많이 정보를 얻으려고 했고 그 뒤에는 직접 강의나 또 얻은 정보를 직접 손으로 실습해보며 많은 정보를 익혔던 것 같습니다. 또 책을 활용한 공부는 그 책 전체를 읽는다기보다는 제가 모르는 부분을 계속 찾아 보면서 그 모르는 부분을 정확히 인지하고 그 손으로 실습을 직접적으로 해보면서 제가 없는 게 많은 것 같습니다. 또 강의 같은 경우에도 그냥 이게 필요할 것 같다 라는 막연한 생각으로 결제를 하면은 저는 안 보게 돼서 정말 이 강의가 왜 필요한지 정확하게 알아보고 필요한 강좌가 정확히 있는지 알아보고 결제를 했을 때 공부를 열심히 하게 되는 것 같습니다. 저는 먼저 강의를 듣고 그 뒤에 제 손으로 제 머리로 직접 해보는 것이 제 저에게 가장 많이 남는 공부법이었던 것 같습니다.","wordCount":128},"emotion":[],"intent":[{"text":"","expression":"","category":"attitude"}],"summary":{"text":"처음에는 부트 캠프라는 취업 캠프를 통해 공부를 많이 해봤고, 그 취업 캠프 안에서는 개인적인 구글링을 통해서 많이 정보를 얻으려고 했고 그 뒤에는 직접 강의나 또 얻은 정보를 직접 손으로 실습해보며 많은 정보를 익혔던 것 같습니다.","wordCount":35}}},"rawDataInfo":{"question":{"fileFormat":"wav","fileSize":508238,"duration":15880,"samplingBit":16,"channelCount":1,"samplingRate":"16kHz","audioPath":"/Mock/05.ICT/Female/New/ckmk_q_ict_f_n_160669.wav"},"answer":{"fileFormat":"wav","fileSize":2248718,"duration":70270,"samplingBit":16,"channelCount":1,"samplingRate":"16kHz","audioPath":"/Mock/05.ICT/Female/New/ckmk_a_ict_f_n_160669.wav"}}}