{"version":"1.0","dataSet":{"info":{"date":"20230116","occupation":"ICT","channel":"MOCK","place":"ONLINE","gender":"FEMALE","ageRange":"-34","experience":"NEW"},"question":{"raw":{"text":"먼저 기본적인 질문 사항으로 안드로이드와 아이오에스를 비교해서 한번 설명해 보세요","wordCount":10},"emotion":[],"intent":[]},"answer":{"raw":{"text":"네 일단 아이오에스와 안드로이드의 큰 차이점은 만든 곳이 다르다는 것입니다. 어 안드로이드는 일단 구글에서 만든 오에스이고요. 아이오에스 는 애플에서 만든 오에스입니다. 어 아무래도 구글이 안드로이드를 만들면서 수정을 가능토록 하게 했 했기 때문에 개방적이지만 그리고 아이오에스는 수정이 또 불가능하기 때문에 폐쇄적이라고 생각을 합니다. 그래서 스마트폰 제조사들이 또 이 안드로이드 오에스를 수정을 해서 최적화를 할 수 있는 것이 장점이라고 생각을 합니다. 어 아이오에스는 아무래도 음악이나 비디오 등을 넣을 때는 아이튠즈를 이용해야 한다는 그런 단점이 있는데 안드로이드는 컴퓨터에 바로 연결이 가능하기 때문에 그 이동식 저장 장치로 또 사용이 돼서 바로바로 파일을 넣을 수가 있습니다. 그리고 안드로이드는 또 해킹에 취약한 반면 또 아이오에스는 또 해킹에 취약하지 않아서 그 아이오에스는 오직 앱스토어 앱스토어에서만 그 어플을 설치하거나 업데이트 할 수 있다고 알고 있습니다. 어 그래서 보안에 있어서는 아이오에스가 좀 더 장점이고 강점이 있지 않나 생각을 합니다.","wordCount":130},"emotion":[],"intent":[{"text":"","expression":"","category":"attitude"}],"summary":{"text":"구글에서 만든 안드로이드 오에스에 비해 애플에서 만든 아이오에스는 수정이 불가능하기 때문에 폐쇄적입니다. 그래서 스마트폰 제조사들이 이 안드로이드 오에스를 수정해서 최적화를 할 수 있는 것이 장점이라고 생각합니다. 또한 안드로이드는 이동식 저장 장치로 바로 파일을 넣을 수가 있고, 해킹에 취약하지 않아 앱스토어 앱스토어에서만 어플을 설치할 수 있습니다.","wordCount":45}}},"rawDataInfo":{"question":{"fileFormat":"wav","fileSize":350798,"duration":10960,"samplingBit":16,"channelCount":1,"samplingRate":"16kHz","audioPath":"/Mock/05.ICT/Female/New/ckmk_q_ict_f_n_257362.wav"},"answer":{"fileFormat":"wav","fileSize":2671118,"duration":83470,"samplingBit":16,"channelCount":1,"samplingRate":"16kHz","audioPath":"/Mock/05.ICT/Female/New/ckmk_a_ict_f_n_257362.wav"}}}