{"version":"1.0","dataSet":{"info":{"date":"20230116","occupation":"ICT","channel":"MOCK","place":"ONLINE","gender":"FEMALE","ageRange":"55-","experience":"NEW"},"question":{"raw":{"text":"이제 회사에 들어와서 선배를 만나게 되실 수도 있는데요 그렇게 된다면 어떤 모습의 선배를 만나고 싶으신가요 또 그러한 이유도 함께 말씀해 주시길 바랍니다","wordCount":22},"emotion":[],"intent":[]},"answer":{"raw":{"text":"자기 업무에 전문성이 있고 능력이 있는 저에게 롤 모델이 될 수 있는 그러한 선배님을 만나고 싶습니다. 또한 선배의 생각을 후배에게 강요하지 않고 후배를 존중하며 포용력 있는 그러한 선배님을 만나고 싶습니다. 그래서 저의 직장 생활이 비전을 가지고 또 좋은 인간 관계를 맺는 그러한 직장 생활이 되기를 원합니다.","wordCount":46},"emotion":[],"intent":[{"text":"","expression":"","category":"attitude"}],"summary":{"text":"저는 전문성과 능력을 갖춘 롤 모델이 될 수 있는 선배를 만나고 싶습니다. 또한 선배의 생각을 후배들에게 강요하지 않고 존중하고 포용하는 선배를 원합니다.","wordCount":22}}},"rawDataInfo":{"question":{"fileFormat":"wav","fileSize":488718,"duration":15270,"samplingBit":16,"channelCount":1,"samplingRate":"16kHz","audioPath":"/Mock/05.ICT/Female/New/ckmk_q_ict_f_n_265575.wav"},"answer":{"fileFormat":"wav","fileSize":2195278,"duration":68600,"samplingBit":16,"channelCount":1,"samplingRate":"16kHz","audioPath":"/Mock/05.ICT/Female/New/ckmk_a_ict_f_n_265575.wav"}}}