{"version":"1.0","dataSet":{"info":{"date":"20230116","occupation":"ICT","channel":"MOCK","place":"ONLINE","gender":"FEMALE","ageRange":"-34","experience":"NEW"},"question":{"raw":{"text":"지원자님께서는 만약 이 면접에서 최종 탈락하신다면 어떤 점이 부족해서 탈락했다고 생각을 하시겠는지 설명 부탁드리겠습니다","wordCount":14},"emotion":[],"intent":[]},"answer":{"raw":{"text":"제가 만약 이 면접에서 최종 탈락하게 된다면 일단 제가 이 면접에서 왜 탈락하게 되었을까 제 자소서나 제가 대답했던 면접을 다시 되내어 보는 시간을 가질 것 같습니다. 요즘에는 아무리 능력이 뛰어나다고 해도 그 사람이 주는 첫 인상이나 말투 분위기에 따라서 뽑힐 수 있는 유무가 갈린다고 생각합니다. 아무리 능력이 좋은 사람이라도 같이 일하고 싶은 사람과 일하고 싶지 않은 사람이 있습니다. 능력이 다른 사람들보다 조금 딸리더라도 소통 능력과 받아들일 수 있는 능력 같이 일하고 싶어 하게 만드는 좋은 성격을 가지고 있다면 저보다 조금 능력이 부족한 사람이더라도 저를 제치고 뽑힐 수 있다고 생각합니다. 그렇기 때문에 저는 제 능력도 이 회사에 맞춰 더 키울 것이고 제가 이 회사에 들어와서 더욱 잘 더 잘 소통하고 회사의 이익을 끌어올리기 위해 저는 더 좋은 사람이 되도록 노력할 것입니다.","wordCount":120},"emotion":[],"intent":[{"text":"그렇기 때문에 저는 제 능력도 이 회사에 맞춰 더 키울 것이고 제가 이 회사에 들어와서 더욱 잘   더 잘 소통하고 회사의 이익을 끌어올리기 위해 저는 더 좋은 사람이 되도록 노력할 것입니다.","expression":"c_sincere_co","category":"etc"}],"summary":{"text":"요즘에는 아무리 능력이 뛰어나도 첫 인상이나 말투 분위기에 따라 뽑힐 수 있는 유무가 갈린다고 생각합니다. 저는 능력이 조금 부족하더라도 소통 능력과 받아들일 수 있는 능력을 가지고 있다면 저는 제 능력을 이 회사에 맞춰 더 잘 키울 것입니다.","wordCount":37}}},"rawDataInfo":{"question":{"fileFormat":"wav","fileSize":435918,"duration":13620,"samplingBit":16,"channelCount":1,"samplingRate":"16kHz","audioPath":"/Mock/05.ICT/Female/New/ckmk_q_ict_f_n_124776.wav"},"answer":{"fileFormat":"wav","fileSize":2236878,"duration":69900,"samplingBit":16,"channelCount":1,"samplingRate":"16kHz","audioPath":"/Mock/05.ICT/Female/New/ckmk_a_ict_f_n_124776.wav"}}}