{"version":"1.0","dataSet":{"info":{"date":"20230116","occupation":"ICT","channel":"MOCK","place":"ONLINE","gender":"FEMALE","ageRange":"45-54","experience":"NEW"},"question":{"raw":{"text":"가장 최근 업무 중 본인 스스로 문제점을 찾고 해결 방안을 찾아 문제를 해결한 적이 있다면 말씀해 주시겠어요","wordCount":17},"emotion":[],"intent":[]},"answer":{"raw":{"text":"아 최근에 업무 중 문제 해결 사례라면 전 직장에서 어 민원 고객 분이 뭐 통화를 좀 했었었구요. 그랬을 때 어 그 부분은 이제 처리하기 위해서 물론 상사분하고 쪼금 관계가 안 좋아서 힘들었긴 하지만 그 문제 민원을 처리해 주기 위해서 또 어 오래 기다리시는 부분에 대해서 중간 중간에 제가 연락도 처 드리고 어 물론 처리 될 때 그 따로 처리 담당자가 연락을 드릴 테지만 저는 그런 어떤 민원이 있을 때 그냥 계속해서 기다리기만 하면 너무 짜증나더라구요. 그래서 어 그 분께 뭐 지금 어느정도 진척이 되고 있다 아니면 아직 확인 중이다 이런 부분을 한 여러 번 그까 그 담당자가 직접 연락을 드릴 때까지 연락을 드렸었던 것 같구요. 네 그런 부분에 모 고객을 좀 편안하게 해드렸었던 경험이 있는 것 같습니다.","wordCount":117},"emotion":[{"text":"그랬을 때 어 그 부분은 이제 처리하기 위해서 물론 상사분하고 쪼금 관계가 안 좋아서 힘들었긴 하지만 그 문제 민원을 처리해 주기 위해서 또 어   오래 기다리시는 부분에 대해서 중간 중간에 제가 연락도 처 드리고 어 물론 처리 될 때 그 따로 처리 담당자가 연락을 드릴 테지만   저는 그런 어떤 민원이 있을 때 그냥 계속해서 기다리기만 하면 너무 짜증나더라구요.","expression":"n-anger","category":"negative"}],"intent":[{"text":"","expression":"","category":"attitude"}],"summary":{"text":"업무 중 문제 해결 사례라면 전 직장에서 민원 고객 분과 통화를 했었습니다. 담당자가 연락을 할거지만  계속해서 기다리기만 하면 너무 짜증나기 때문에 담당자가 연락하기 전까지 진행 과정을 연락 드렸습니다. 고객을 편안하게 해드렸던 경험이 있습니다.","wordCount":33}}},"rawDataInfo":{"question":{"fileFormat":"wav","fileSize":439758,"duration":13740,"samplingBit":16,"channelCount":1,"samplingRate":"16kHz","audioPath":"/Mock/05.ICT/Female/New/ckmk_q_ict_f_n_181214.wav"},"answer":{"fileFormat":"wav","fileSize":2217678,"duration":69300,"samplingBit":16,"channelCount":1,"samplingRate":"16kHz","audioPath":"/Mock/05.ICT/Female/New/ckmk_a_ict_f_n_181214.wav"}}}