{"version":"1.0","dataSet":{"info":{"date":"20230116","occupation":"ICT","channel":"MOCK","place":"ONLINE","gender":"FEMALE","ageRange":"-34","experience":"NEW"},"question":{"raw":{"text":"우리 회사가 해외 무대로 진출한다면 어느 나라로 가는 게 좋을까요 어 본인이 생각하신 나라가 있으면 말씀해 주시고 또 그 이유도 함께 말씀해 주세요","wordCount":23},"emotion":[],"intent":[]},"answer":{"raw":{"text":"해외로 진출한다면 아이씨티가 발전된 나라로 나가는 것도 괜찮을 것 같다고 생각합니다. 그런데 잘 모르겠는데 최근에 일본 여행이 가고 싶어서 찾아봤습니다. 그래서 일본도 괜찮을 거라고 생각합니다.","wordCount":25},"emotion":[],"intent":[{"text":"","expression":"","category":"attitude"}],"summary":{"text":"해외 진출로 아이씨티가 발전된 나라로 나가는 것도 괜찮다고 생각합니다. 예를 들면 일본도 괜찮아보입니다.","wordCount":13}}},"rawDataInfo":{"question":{"fileFormat":"wav","fileSize":422158,"duration":13190,"samplingBit":16,"channelCount":1,"samplingRate":"16kHz","audioPath":"/Mock/05.ICT/Female/New/ckmk_q_ict_f_n_150240.wav"},"answer":{"fileFormat":"wav","fileSize":672078,"duration":21000,"samplingBit":16,"channelCount":1,"samplingRate":"16kHz","audioPath":"/Mock/05.ICT/Female/New/ckmk_a_ict_f_n_150240.wav"}}}