{"version":"1.0","dataSet":{"info":{"date":"20230116","occupation":"ICT","channel":"MOCK","place":"ONLINE","gender":"FEMALE","ageRange":"35-44","experience":"NEW"},"question":{"raw":{"text":"시간이 촉박한 상황이 생기면 어떻게 시간 관리를 하시고 계십니까 지원자님의 시간 관리법이 궁금합니다","wordCount":13},"emotion":[],"intent":[]},"answer":{"raw":{"text":"저희가 담당하게 될 그런 직무들은 사실 가장 중요한 점이 시간 관리를 잘 해야 된다는 점입니다. 그 이유는 우리가 스케줄에 맞춰서 제품들을 만들고 또 프로젝트들을 진행을 해야 되는데 이 프로젝트를 진행하는 데 있어서는 기간 설정이 정말 중요하다 라고 생각을 합니다. 그래서 언제부터 언제까지 우리가 어떤 직무를 끝내고 언제부터 언제까지는 이 직무를 완성해 낼 수 있겠다 그런 일정에 맞춰서 움직이는 게 팀과 함께 협업하는 데는 굉장히 많이 도움이 된다 라는 입장입니다. 다만 저 같은 경우에는 개인적으로 시간 관리를 할 때는 지금 현재 가장 급박한 게 어떤 것인지 우선 순위에 대해서 좀 많이 생각하는 편입니다. 그리고 저 같은 경우에는 평소에 잘 적어 놓지 않으면 조금 일정들을 잘 까먹는 경우들이 많아서 스스로 구글 캘린더를 이용해서 어 일정들을 많이 잘 관리를 하고 있구요. 또한 그게 조금 어렵다 라면 손으로 오늘 꼭 해야 될 일 에 대해서 리스트를 한번 만들어 보고 그런 투두 리스트에 맞춰서 한번 진행을 하고 있습니다.","wordCount":143},"emotion":[],"intent":[{"text":"","expression":"","category":"attitude"}],"summary":{"text":"프로젝트 진행에 있어 기간 설정이 굉장히 중요하기 때문에, 일정에 맞춰서 움직이는 것이 팀 협업에 도움이 됩니다. 하지만 저 같은 경우에는 개인적으로 시간 관리를 할 때는 가장 급박한 것이 어떤 것인지 우선 순위에 대해서 많이 생각하는 편입니다. 또한 스스로 구글 캘린더를 이용해서 일정 관리를 하고 있습니다.","wordCount":45}}},"rawDataInfo":{"question":{"fileFormat":"wav","fileSize":527438,"duration":16480,"samplingBit":16,"channelCount":1,"samplingRate":"16kHz","audioPath":"/Mock/05.ICT/Female/New/ckmk_q_ict_f_n_195397.wav"},"answer":{"fileFormat":"wav","fileSize":2711758,"duration":84740,"samplingBit":16,"channelCount":1,"samplingRate":"16kHz","audioPath":"/Mock/05.ICT/Female/New/ckmk_a_ict_f_n_195397.wav"}}}