{"version":"1.0","dataSet":{"info":{"date":"20230116","occupation":"ICT","channel":"MOCK","place":"ONLINE","gender":"FEMALE","ageRange":"-34","experience":"NEW"},"question":{"raw":{"text":"대학에서 배운 본인의 전공 과목 중에서 가장 기억에 남는 과목 한 가지만 골라서 말씀해 주세요","wordCount":15},"emotion":[],"intent":[]},"answer":{"raw":{"text":"전공 과목 중에 가장 기억에 남는 과목은 컴퓨터 프로그래밍 언어의 이해라는 과목인데요. 이제 여기에서 제가 씨 언어를 배우게 되었고 또 알고리즘 기법에 관하여 배운 과목입니다. 이 알고리즘 기법 같은 경우에는 실생활에서도 응용이 되었었고 어 앞으로 프 컴퓨터 프로그래밍을 하는데 이 프로그램을 구축하는 데 기본 베이스가 될 만한 지식을 배웠다고 생각이 되었고 실제로 활용도 굉장히 많이 하고 있습니다. 어 씨 언어의 경우에는 다른 언어를 배우는 데 좋은 베이스가 되었다고 생각합니다.","wordCount":69},"emotion":[],"intent":[{"text":"이 알고리즘 기법 같은 경우에는 실생활에서도 응용이 되었었고 어 앞으로 프 컴퓨터 프로그래밍을 하는데   이 프로그램을 구축하는 데 기본 베이스가 될 만한   지식을 배웠다고 생각이 되었고 실제로 활용도 굉장히 많이 하고 있습니다.","expression":"i_prg","category":"technology"}],"summary":{"text":"컴퓨터 프로그래밍 언어의 이해 과목 중 가장 인상적인 것은 알고리즘 기법을 배운 과목입니다. 실생활에서 응용이 되었고 프로그램 구축에 기본 베이스가 될 만한 지식을 배웠고 실제로 활용도 많이 하고 있습니다.","wordCount":29}}},"rawDataInfo":{"question":{"fileFormat":"wav","fileSize":257998,"duration":8060,"samplingBit":16,"channelCount":1,"samplingRate":"16kHz","audioPath":"/Mock/05.ICT/Female/New/ckmk_q_ict_f_n_178214.wav"},"answer":{"fileFormat":"wav","fileSize":1281998,"duration":40060,"samplingBit":16,"channelCount":1,"samplingRate":"16kHz","audioPath":"/Mock/05.ICT/Female/New/ckmk_a_ict_f_n_178214.wav"}}}