{"version":"1.0","dataSet":{"info":{"date":"20230116","occupation":"ICT","channel":"MOCK","place":"ONLINE","gender":"FEMALE","ageRange":"35-44","experience":"NEW"},"question":{"raw":{"text":"면접자님은 최근 관심을 가지고 있는 아이티 분야는 무엇인가요","wordCount":8},"emotion":[],"intent":[]},"answer":{"raw":{"text":"제가 최근 관심을 두고 있는 아이티 분야는 바로 딥러닝입니다. 어 앞으로 미래 사라에는 에이아이 인공지능 세대 사 시대라 합니다. 현재 이런 인공지능 에이아이가 발달하게 된 획기적인 계기가 바로 딥러닝이라는 학습 방법을 통해서 발달하게 되었는데요. 이런 딥러닝이 어떤 건지 과연 어떻게 학습을 했기 때문에 에이아이가 이렇게 획기적으로 발전할 수 있었는지 궁금하기도 하고 그렇기 때문에 딥 러닝에 대한 관심이 좀 있습니다.","wordCount":59},"emotion":[{"text":"현재 이런 인공지능   에이아이가 발달하게 된 획기적인 계기가 바로 딥러닝이라는 학습 방법을 통해서 발달하게   되었는데요.","expression":"u-fact","category":"neutral"}],"intent":[{"text":"","expression":"","category":"attitude"}],"summary":{"text":"인공지능 에이아이의 획기적인 발달의 계기가 된 딥러닝에 대해 알고 싶습니다. 어떻게 학습을 했는지 알기 위해 딥 러닝에 관심이 생겼습니다.","wordCount":19}}},"rawDataInfo":{"question":{"fileFormat":"wav","fileSize":259278,"duration":8100,"samplingBit":16,"channelCount":1,"samplingRate":"16kHz","audioPath":"/Mock/05.ICT/Female/New/ckmk_q_ict_f_n_180076.wav"},"answer":{"fileFormat":"wav","fileSize":1183438,"duration":36980,"samplingBit":16,"channelCount":1,"samplingRate":"16kHz","audioPath":"/Mock/05.ICT/Female/New/ckmk_a_ict_f_n_180076.wav"}}}