{"version":"1.0","dataSet":{"info":{"date":"20230116","occupation":"ICT","channel":"MOCK","place":"ONLINE","gender":"FEMALE","ageRange":"-34","experience":"NEW"},"question":{"raw":{"text":"다른 지원자들에 비해서 지원자님만이 가진 차별성이나 장점이 있으신가요 가능한 구체적으로 자신의 장점을 어필해 주실 수 있을까요","wordCount":16},"emotion":[],"intent":[]},"answer":{"raw":{"text":"네 저는 커뮤니케이션 능력이 다 다른 분들보다는 좋은 편이라고 생각하는 편입니다. 아무래도 스몰토크도 많이 하고 친교 대화도 잘하는 편이라고 생각을 하고 다른 분들의 의견을 적극적으로 물어보는 편이기 때문에 커뮤니케이션에 있어서 어 정확도와 숙련도가 어 나이 같은 나이 때 다른 분에 비해서 좀 좋은 편이 아닌가 아닌가 라고 생각을 하고 실제로 프로젝트를 진행하면서도 여러분들이 의견을 물어보는데 굉장히 집중적으로 노력을 한 편이 있습니다.","wordCount":61},"emotion":[],"intent":[{"text":"","expression":"","category":"attitude"}],"summary":{"text":"프로젝트 진행 시에도 커뮤니케이션 정확도와 숙련도가 다른 사람들에 비해 좋은 편이라고 생각하여 의견을 물어보는 데에 노력을 한 편입니다.","wordCount":18}}},"rawDataInfo":{"question":{"fileFormat":"wav","fileSize":597198,"duration":18660,"samplingBit":16,"channelCount":1,"samplingRate":"16kHz","audioPath":"/Mock/05.ICT/Female/New/ckmk_q_ict_f_n_272275.wav"},"answer":{"fileFormat":"wav","fileSize":1369678,"duration":42800,"samplingBit":16,"channelCount":1,"samplingRate":"16kHz","audioPath":"/Mock/05.ICT/Female/New/ckmk_a_ict_f_n_272275.wav"}}}