{"version":"1.0","dataSet":{"info":{"date":"20230116","occupation":"ICT","channel":"MOCK","place":"ONLINE","gender":"FEMALE","ageRange":"-34","experience":"NEW"},"question":{"raw":{"text":"지원자분께서는 시험 기간이 닥쳐왔거나 시간이 촉박한 상황이 생겼을 때 그와 같은 상황에서 어떠한 방식으로 본인의 시간 관리를 하셨는지 궁금합니다 지원자분 본인의 시간 관리법을 이야기해 주세요","wordCount":25},"emotion":[],"intent":[]},"answer":{"raw":{"text":"시간이 촉박할 때 저는 시간을 어떻게 썼냐면요. 보통 벼락치기라고 하죠. 벼락치기를 했습니다. 일단은 잠자는 시간을 아꼈습니다. 여덟 시간 이상 자는 것은 불필요하다고 생각을 하기 때문에 자는 시간을 쪼개서 시험 공부를 했습니다. 그리고 먹는 시간 또한 아꼈습니다. 빨리 먹을 수 있는 비빔밥 볶음밥 혹은 주먹밥 패스트푸드 같은 음식들을 주로 먹곤 했습니다. 그리고 시간을 유용하게 쓰기 위해서 시간 체크를 꼭 했습니다. 오십 분 공부하고 십 분 쉬고 오십 분 공부하고 십 분 쉬고 사람인지라 여섯 시간 내도록 공부하기가 쉽지 않습니다. 중간중간 환기를 해 줘야 하기 때문에 이렇게 시간을 정해 놓고 공부하는 습관을 들이려고 했습니다. 시간은 돈이라고 생각합니다. 시간 관리가 정말 중요하기 때문에 저는 이렇게 시간이 촉박할 때 이렇게 관리를 하고 있었습니다.","wordCount":109},"emotion":[],"intent":[{"text":"시간은 돈이라고 생각합니다.","expression":"c_value","category":"background"}],"summary":{"text":"시간이 촉박할 때 저는 벼락치기로 잠자는 시간을 줄이고, 패스트푸드 같은 음식들을 먹으며, 중간중간 환기를 해주며 공부하는 습관을 들이고 있습니다. 시간은 돈이라고 생각합니다. 시간 관리가 정말 중요하기 때문에 이렇게 시간을 관리하고 있었습니다.","wordCount":31}}},"rawDataInfo":{"question":{"fileFormat":"wav","fileSize":654478,"duration":20450,"samplingBit":16,"channelCount":1,"samplingRate":"16kHz","audioPath":"/Mock/05.ICT/Female/New/ckmk_q_ict_f_n_257788.wav"},"answer":{"fileFormat":"wav","fileSize":3659598,"duration":114360,"samplingBit":16,"channelCount":1,"samplingRate":"16kHz","audioPath":"/Mock/05.ICT/Female/New/ckmk_a_ict_f_n_257788.wav"}}}