{"version":"1.0","dataSet":{"info":{"date":"20230116","occupation":"ICT","channel":"MOCK","place":"ONLINE","gender":"FEMALE","ageRange":"55-","experience":"NEW"},"question":{"raw":{"text":"협업을 할 일이 많이 발생할 수 있습니다 이전 직장 또는 대학에서 협업을 할 때 어려운 점은 없었을까요","wordCount":17},"emotion":[],"intent":[]},"answer":{"raw":{"text":"다른 사람과 함께 일을 할 때에 가장 힘든 부분은 자신의 의견과 생각을 상대방에게 강요하려는 것이었습니다. 그래서 서로 의견 일치를 보기가 매우 힘들었습니다. 서로의 소통이 참으로 중요하다고 생각합니다.","wordCount":27},"emotion":[],"intent":[{"text":"","expression":"","category":"attitude"}],"summary":{"text":"서로의 의견과 생각을 상대방에게 강요하려는 것이 가장 힘들기 때문에 서로 의견 일치를 보기가 매우 힘들었습니다. 서 상호 소통이 중요하다고 생각합니다.","wordCount":20}}},"rawDataInfo":{"question":{"fileFormat":"wav","fileSize":339918,"duration":10620,"samplingBit":16,"channelCount":1,"samplingRate":"16kHz","audioPath":"/Mock/05.ICT/Female/New/ckmk_q_ict_f_n_265582.wav"},"answer":{"fileFormat":"wav","fileSize":1484238,"duration":46380,"samplingBit":16,"channelCount":1,"samplingRate":"16kHz","audioPath":"/Mock/05.ICT/Female/New/ckmk_a_ict_f_n_265582.wav"}}}