{"version":"1.0","dataSet":{"info":{"date":"20230116","occupation":"ICT","channel":"MOCK","place":"ONLINE","gender":"FEMALE","ageRange":"-34","experience":"NEW"},"question":{"raw":{"text":"지원자님께서는 요즘 따로 공부하고 있는 것이 있으십니까 있다면 어떤 공부를 하고 있는지 궁금합니다 또한 왜 그것을 공부하는지 또 지금까지 그 공부를 통해서 무엇을 배웠는지도 말씀해 주시기 바랍니다","wordCount":27},"emotion":[],"intent":[]},"answer":{"raw":{"text":"요즘 공부하고 있는 것은 에스큐에이를 공부하고 있습니다. 어 왜 공부하게 되었냐면은 먼저 프로젝트를 같이 진행하셨던 한 분이 에스큐에이 국문을 정말 잘 쓰시더라구요. 아 그거를 활용을 너무 잘하시는 걸 보고 나도 저런 식으로 꼭 해봐야겠다 하는 생각이 들었었고 어 지금까지 무엇을 배웠냐면 저는 이제 데이터 분석적으로 많이 배웠습니다. 에스큐에이를 부는 쓰는 것도 이제 데이터 분석이고 머신러닝을 통한 머신러닝 모델을 만들어보는 것도 이제 활용을 많이 했었고 파이썬을 이용한 데이터 전처리도 많이 배워봤습니다. 그래서 크게 파트를 나누자면 데이터 전 처리를 위한 기술들 또 데이터 시각화를 위한 툴 사용법들 또 데이터베이 데이터를 데이터베이스에 저장하기 위한 방법들 이런 식으로 많이 이렇게 세 부분으로 나뉘게 될 것 같습니다.","wordCount":102},"emotion":[],"intent":[{"text":"","expression":"","category":"attitude"}],"summary":{"text":"에스큐에이를 국문으로 쓰는 것, 머신러닝 모델을 만들어보는 것, 파이썬을 이용한 데이터 전처리 등 데이터 전 처리를 위한 기술들, 데이터 시각화를 위한 툴 사용법들 그리고 데이터베이 데이터를 데이터베이스에 저장하기 위한 방법들 이렇게 세 부분으로 나눠봤습니다.","wordCount":34}}},"rawDataInfo":{"question":{"fileFormat":"wav","fileSize":628558,"duration":19640,"samplingBit":16,"channelCount":1,"samplingRate":"16kHz","audioPath":"/Mock/05.ICT/Female/New/ckmk_q_ict_f_n_197277.wav"},"answer":{"fileFormat":"wav","fileSize":1949518,"duration":60920,"samplingBit":16,"channelCount":1,"samplingRate":"16kHz","audioPath":"/Mock/05.ICT/Female/New/ckmk_a_ict_f_n_197277.wav"}}}