{"version":"1.0","dataSet":{"info":{"date":"20230116","occupation":"ICT","channel":"MOCK","place":"ONLINE","gender":"FEMALE","ageRange":"-34","experience":"NEW"},"question":{"raw":{"text":"개발 관련하여 여러 경험이 있으신데 개발 프로세스에서 어떤 게 제일 재미있었나요","wordCount":11},"emotion":[],"intent":[]},"answer":{"raw":{"text":"개발 프로세스를 경험하면 어떤 과정이 가장 재미있었냐면 저는 팀원들과 소통하는 과정이 가장 재미 있었습니다. 팀원 분들과 소통하면 저희 생각이 오점을 발견하게 되었고 또 그걸 고치는 과정을 겪으면서 아 이런 식으로 이 프로그램의 방향을 개선할 수 있구나 라는 것을 알게 되었고요. 또 소통의 중요성을 알게 되었던 계기 같습니다. 이 개발 프로세스에서 또 소통 뿐만이 아니라 개인의 역량을 이 개발하는 과정 중에서 어떻게 키워나가느냐도 굉장히 중요하게 알게 되었습니다. 다른 팀 원이 하는 것을 보고 따라 하거나 또 인터넷에서 이런 이런 것들이 좋다거나 하는 이야기를 듣고 직접 해보는 것이 가장 큰 도움이 많이 되었던 것 같습니다.","wordCount":93},"emotion":[{"text":"개발 프로세스를 경험하면 어떤 과정이 가장 재미있었냐면 저는 팀원들과 소통하는   과정이 가장 재미 있었습니다.","expression":"p-interest","category":"positive"}],"intent":[{"text":"","expression":"","category":"attitude"}],"summary":{"text":"개발 프로세스를 경험하면서 팀원들과 소통하는 과정이 가장 재미있었습니다. 소통의 중요성을 알게 되었고 개인의 역량을 개발하는 과정 중에서 어떻게 키워나가는지도 중요하게 알게 되었습니다.","wordCount":22}}},"rawDataInfo":{"question":{"fileFormat":"wav","fileSize":345038,"duration":10780,"samplingBit":16,"channelCount":1,"samplingRate":"16kHz","audioPath":"/Mock/05.ICT/Female/New/ckmk_q_ict_f_n_177581.wav"},"answer":{"fileFormat":"wav","fileSize":1670478,"duration":52200,"samplingBit":16,"channelCount":1,"samplingRate":"16kHz","audioPath":"/Mock/05.ICT/Female/New/ckmk_a_ict_f_n_177581.wav"}}}