{"version":"1.0","dataSet":{"info":{"date":"20230116","occupation":"ICT","channel":"MOCK","place":"ONLINE","gender":"FEMALE","ageRange":"-34","experience":"NEW"},"question":{"raw":{"text":"쥐이티 메서드와 피오에스티 메서드의 차이점에 대해서 아시는 대로 구체적으로 말씀해 주시기 바랍니다","wordCount":12},"emotion":[],"intent":[]},"answer":{"raw":{"text":"정확하게 기억은 나지 않는데 제가 이와 관련된 과목을 이 년 전에 들었었습니다. 그때 그 에이치티티피 프로토콜를 배울 때 배웠던 것 같은데 이제 겟 메서드와 포스트 메서드가 두 두 사이트 그 두 컴퓨터 간의 통신 과정 중에 있던 걸로 알고 있고요. 어 겟 다음에 포스트 였는지 포스트 다음에 겟 이었는지 정확하게 기억은 나지 않습니다민 어쨌든 둘 다 통신에 쓰이는 그 과정 안에 있는 절차로 알고 있습니다. 서로 보내는 신호 정도로 알고 있습니다.","wordCount":71},"emotion":[],"intent":[{"text":"","expression":"","category":"attitude"}],"summary":{"text":"겟 메서드와 포스트 메서드는 통신 과정에 있는 절차로 통신에 쓰이는 절차입니다. 서로 보내는 신호로 알고 있습니다.","wordCount":16}}},"rawDataInfo":{"question":{"fileFormat":"wav","fileSize":395278,"duration":12350,"samplingBit":16,"channelCount":1,"samplingRate":"16kHz","audioPath":"/Mock/05.ICT/Female/New/ckmk_q_ict_f_n_244994.wav"},"answer":{"fileFormat":"wav","fileSize":1330638,"duration":41580,"samplingBit":16,"channelCount":1,"samplingRate":"16kHz","audioPath":"/Mock/05.ICT/Female/New/ckmk_a_ict_f_n_244994.wav"}}}