{"version":"1.0","dataSet":{"info":{"date":"20230116","occupation":"ICT","channel":"MOCK","place":"ONLINE","gender":"FEMALE","ageRange":"-34","experience":"NEW"},"question":{"raw":{"text":"어 만약 지원자님께서 이 면접에서 최종 탈락하신다면 어떤 점이 부족해서 탈락했다고 생각을 하실지 어 궁금합니다","wordCount":15},"emotion":[],"intent":[]},"answer":{"raw":{"text":"만약 이 면접에서 최종 탈락한다면 어 아무래도 경력직을 뽑으시는데 저는 신입으로서 지 지원을 했기 때문에 저희 프로젝트 경험이 부족해서 탈락했다는 생각을 할 것 같고 또 원하시는 인재 상이 있으셨을 것 같은데 그 인재 상에는 제가 적합하지 않았나 보다 하고 생각을 할 것 같습니다. 음 이 회사에 정말 다니고 싶긴 하지만 탈락했더라도 나중에 보완을 해서 다시 지원을 해야겠다고 생각을 하고 있습니다.","wordCount":60},"emotion":[],"intent":[{"text":"","expression":"","category":"attitude"}],"summary":{"text":"이 면접에서 최종 탈락한다면 저는 경력직 지원으로 프로젝트 경험이 부족해서 탈락했다고 생각할 것 같습니다. 하지만 추후 보완을 해서 다시 지원을 해야겠다고 생각합니다.","wordCount":22}}},"rawDataInfo":{"question":{"fileFormat":"wav","fileSize":397198,"duration":12410,"samplingBit":16,"channelCount":1,"samplingRate":"16kHz","audioPath":"/Mock/05.ICT/Female/New/ckmk_q_ict_f_n_219125.wav"},"answer":{"fileFormat":"wav","fileSize":1345998,"duration":42060,"samplingBit":16,"channelCount":1,"samplingRate":"16kHz","audioPath":"/Mock/05.ICT/Female/New/ckmk_a_ict_f_n_219125.wav"}}}