{"version":"1.0","dataSet":{"info":{"date":"20230116","occupation":"ICT","channel":"MOCK","place":"ONLINE","gender":"FEMALE","ageRange":"-34","experience":"NEW"},"question":{"raw":{"text":"신용보증기금에 대해서 생각해 보셨을까요 대한민국의 금융 정책 기관인 신용보증기금이 호가대해야 할 업무 영역이 무엇이라고 생각하시는지 그 이유를 말씀해 주세요","wordCount":19},"emotion":[],"intent":[]},"answer":{"raw":{"text":"음 저는 최근 보이스피싱 사례가 많아지고 있기 때문에 보이스피싱 방지를 위하여 신용보증기금이 노력을 해야 한다고 생각합니다. 어 예를 들어 특히 이십 대들이 보이스 피싱에 의외로 취약하다는 이야기를 합니다. 실제로 이십 대 분들은 금융 거래를 많이 할 일이 생각보다 없죠. 그래서 이런 엠제트 세대 또 이십 대 분들에게 금융 사기에 대한 접근을 높이고 또 정보 접근에 높여서 어떤 식으로 이런 사기 범죄가 일어나는지 음 충분한 홍보와 또 정보 전달이 필요하다고 생각이 되었습니다.","wordCount":71},"emotion":[],"intent":[{"text":"","expression":"","category":"attitude"}],"summary":{"text":"최근 보이스피싱 사례가 많아져 보이스피싱 방지를 위해 신용보증기금이 노력해야 합니다. 그래서 금융 사기에 대한 접근을 높이고 충분한 홍보와 정보 전달이 필요합니다.","wordCount":21}}},"rawDataInfo":{"question":{"fileFormat":"wav","fileSize":514958,"duration":16090,"samplingBit":16,"channelCount":1,"samplingRate":"16kHz","audioPath":"/Mock/05.ICT/Female/New/ckmk_q_ict_f_n_185252.wav"},"answer":{"fileFormat":"wav","fileSize":1656398,"duration":51760,"samplingBit":16,"channelCount":1,"samplingRate":"16kHz","audioPath":"/Mock/05.ICT/Female/New/ckmk_a_ict_f_n_185252.wav"}}}