{"version":"1.0","dataSet":{"info":{"date":"20230116","occupation":"ICT","channel":"MOCK","place":"ONLINE","gender":"FEMALE","ageRange":"-34","experience":"NEW"},"question":{"raw":{"text":"개발하면서 기술적으로 어려웠던 점은 무엇인가요","wordCount":5},"emotion":[],"intent":[]},"answer":{"raw":{"text":"제가 개발을 하면서 가장 기술적으로 어려웠던 지점은 에러를 만났을 시 저는 가장 어려웠던 것 같습니다. 이 에러를 해결하는 과정에서 좀 더 긍정적인 마음으로 에러를 볼 수 있다면 참 좋았겠지만 제가 아직은 초보자이다 보니 에러를 받아 들이면서 굉장히 스트레스가 많았고 또 사람마다 컴퓨터 개발 환경이 달라서 구글링을 해도 제 오류를 찾 저와 비슷한 오류를 찾는데 시간이 굉장히 많이 오래 걸렸던 편이라 그런 지점에서 너무 답답했기 때문에 그래서 저는 어 오류를 만나는 점이 가장 힘들었던 것 같습니다.","wordCount":75},"emotion":[{"text":"보니 에러를 받아 들이면서   굉장히 스트레스가 많았고 또 사람마다 컴퓨터 개발 환경이 달라서 구글링을   해도 제 오류를 찾 저와 비슷한 오류를 찾는데 시간이 굉장히 많이 오래 걸렸던   편이라 그런 지점에서 너무 답답했기 때문에 그래서 저는 어   오류를 만나는 점이 가장 힘들었던 것 같습니다.","expression":"n-distress","category":"negative"}],"intent":[{"text":"","expression":"","category":"attitude"}],"summary":{"text":"개발 과정에서 가장 어려웠던 점은 초보자라서 에러를 받아 들이면서 스트레스를 많이 받았고, 사람마다 컴퓨터 개발 환경이 달라서 구글링을 해도 오류를 찾는데 시간이 많이 오래 걸렸던 편이라 오류를 만나는 점이 가장 힘들었습니다.","wordCount":31}}},"rawDataInfo":{"question":{"fileFormat":"wav","fileSize":239438,"duration":7480,"samplingBit":16,"channelCount":1,"samplingRate":"16kHz","audioPath":"/Mock/05.ICT/Female/New/ckmk_q_ict_f_n_177576.wav"},"answer":{"fileFormat":"wav","fileSize":1356238,"duration":42380,"samplingBit":16,"channelCount":1,"samplingRate":"16kHz","audioPath":"/Mock/05.ICT/Female/New/ckmk_a_ict_f_n_177576.wav"}}}