{"version":"1.0","dataSet":{"info":{"date":"20230116","occupation":"ICT","channel":"MOCK","place":"ONLINE","gender":"FEMALE","ageRange":"-34","experience":"NEW"},"question":{"raw":{"text":"지원자님께서 인생을 살면서 무엇인가 하나에 푹 빠져 몰두해 본 경험이 있으십니까 있다면 그것이 무엇인지 말씀해 주시기 바랍니다","wordCount":17},"emotion":[],"intent":[]},"answer":{"raw":{"text":"인생을 살면서 무언가 하나에 푹 빠져 몰두해 본 적은 아 저는 중학생 때 만화책을 많이 읽어봤었습니다. 아 만화책을 읽으면서 사춘기 때 굉장히 어 힘들었었는데 만화책을 읽으면서 그 안락한 세계에 빠져서 스트레스를 많이 풀었던 것 같구요. 또 어 굉장히 많이 빠져서 엄마가 부르는데 대답도 안하고 밥도 안 먹고 그런 적도 많습니다. 지금은 그냥 단순히 스트레스를 푸는 용도로 보고 있는데요. 어 예전엔 그 만화 속 세계를 참 좋아했던 것 같습니다.","wordCount":68},"emotion":[],"intent":[{"text":"","expression":"","category":"attitude"}],"summary":{"text":"중학생 때 만화책을 많이 읽었는데, 그 안락한 세계에 빠져서 스트레스를 많이 풀었던 것 같습니다. 지금은 그냥 스트레스를 푸는 용도로 보고 있습니다.","wordCount":21}}},"rawDataInfo":{"question":{"fileFormat":"wav","fileSize":512078,"duration":16000,"samplingBit":16,"channelCount":1,"samplingRate":"16kHz","audioPath":"/Mock/05.ICT/Female/New/ckmk_q_ict_f_n_185041.wav"},"answer":{"fileFormat":"wav","fileSize":1413518,"duration":44170,"samplingBit":16,"channelCount":1,"samplingRate":"16kHz","audioPath":"/Mock/05.ICT/Female/New/ckmk_a_ict_f_n_185041.wav"}}}