{"version":"1.0","dataSet":{"info":{"date":"20230116","occupation":"ICT","channel":"MOCK","place":"ONLINE","gender":"FEMALE","ageRange":"35-44","experience":"NEW"},"question":{"raw":{"text":"면접자께서 다루실 수 있는 프로그램은 무엇인가요 어 어느 정도 수준으로 사용 가능하신지 설명 부탁드리겠습니다","wordCount":14},"emotion":[],"intent":[]},"answer":{"raw":{"text":"제가 다룰 수 있는 프로그램은 바로 아밥입니다. 아밥은 에스에이피에서 활용되는 프로그램인데요. 어 관련 부매나 에스씨엠 전반에 대한 프로세스를 이해를 하고 거기에 관련된 기본적인 프로그램 구현은 가능합니다. 물론 아밥도 확장이 되어서 웹이나 다양한 어 방향으로 확장해 주곤 있는데 그 부분도 어느정도 학습을 하면 어 구현할 수 있다고 생각합니다.","wordCount":47},"emotion":[{"text":"아밥은 에스에이피에서 활용되는 프로그램인데요.","expression":"u-fact","category":"neutral"}],"intent":[{"text":"제가 다룰 수 있는 프로그램은 바로 아밥입니다.","expression":"i_prg","category":"technology"}],"summary":{"text":"아밥 프로그램은 에스에이피에서 활용되는데, 관련 부매나 에스씨엠 전반에 대한 프로세스를 이해하고 거기에 관련된 기본적인 프로그램 구현이 가능합니다.","wordCount":17}}},"rawDataInfo":{"question":{"fileFormat":"wav","fileSize":382158,"duration":11940,"samplingBit":16,"channelCount":1,"samplingRate":"16kHz","audioPath":"/Mock/05.ICT/Female/New/ckmk_q_ict_f_n_180079.wav"},"answer":{"fileFormat":"wav","fileSize":1030478,"duration":32200,"samplingBit":16,"channelCount":1,"samplingRate":"16kHz","audioPath":"/Mock/05.ICT/Female/New/ckmk_a_ict_f_n_180079.wav"}}}