{"version":"1.0","dataSet":{"info":{"date":"20230116","occupation":"ICT","channel":"MOCK","place":"ONLINE","gender":"FEMALE","ageRange":"-34","experience":"NEW"},"question":{"raw":{"text":"업무를 하다 보면 스케줄에 없던 일이 갑자기 생기는 경우가 많습니다 이런 상황이 생긴다면 지원자님은 어떻게 대처하실 건가요","wordCount":17},"emotion":[],"intent":[]},"answer":{"raw":{"text":"스케줄을 짤 때 원래 좀 여유 시간을 두고 짜는 편이라 어 업무상에 없는 일이 생기더라도 그 사이사이에 끼워 넣을 여유가 있다면 그 사이에 업무를 끼워 넣어서 처리하게 될 것 같습니다. 원래 스케줄을 짜긴 하지만 이런 돌발 상황에 대처하기 위하여 좀 텀을 두거나 어 여유롭게 스케줄을 짜려고 노력하는 편이기는 합니다. 그렇지만 너무 스케줄이 빡빡한데 갑자기 돌발 스케줄이 생기게 된다면 아마 사정을 말씀드리고 어 기간을 좀 더 부탁드려서 좀 더 늦게 제출 드릴 예정 가능성도 있습니다.","wordCount":74},"emotion":[],"intent":[{"text":"","expression":"","category":"attitude"}],"summary":{"text":"돌발 상황 대처를 위해 좀 더 여유롭게 스케쥴을 짜려고 노력하는 편이지만 갑자기 돌발 스케줄이 생기면 사정을 말씀 드려서 좀 더 늦게 제출 할 예정 가능성도 있습니다.","wordCount":26}}},"rawDataInfo":{"question":{"fileFormat":"wav","fileSize":605198,"duration":18910,"samplingBit":16,"channelCount":1,"samplingRate":"16kHz","audioPath":"/Mock/05.ICT/Female/New/ckmk_q_ict_f_n_194423.wav"},"answer":{"fileFormat":"wav","fileSize":1400398,"duration":43760,"samplingBit":16,"channelCount":1,"samplingRate":"16kHz","audioPath":"/Mock/05.ICT/Female/New/ckmk_a_ict_f_n_194423.wav"}}}