{"version":"1.0","dataSet":{"info":{"date":"20230116","occupation":"ICT","channel":"MOCK","place":"ONLINE","gender":"FEMALE","ageRange":"-34","experience":"NEW"},"question":{"raw":{"text":"일을 하다 보면 스케줄에 없던 일이 생길 때가 종종 있습니다 이런 상황이 생겼을 경우 어떻게 대처하실 건가요","wordCount":17},"emotion":[],"intent":[]},"answer":{"raw":{"text":"업무 중 스케줄에 없던 일이 생긴다면 이 상황에 대처하는 것이 중요하다고 생각이 드는데요. 저 같은 경우는 돌발 상황에 노출되어 있는 업무를 많이 했습니다. 스케줄에 없던 일이 생길 경우 일단은 시간 체크를 먼저 해 볼 것 같습니다. 그런 다음 이 스케줄에 맞는지 확인을 해 본 다음 업무를 처리해 나갈 것 같습니다. 그리고 필요하다면 야근을 해야 할 경우도 생긴다는 것을 플랜비로 생각을 할 것 같습니다. 이런 상황에서는 대처를 어떻게 하느냐가 정말 관건인 것 같은데요. 이런 상황을 미처 생각하지 못한다면 많은 일들이 당황스럽기 마련입니다. 저는 돌발 상황들을 많이 만나 봤기 때문에 예정에 없던 스케줄들을 잘 처리할 자신이 있습니다. 이런 상황들은 어떻게 대처하느냐에 따라서 앞으로의 나의 인생이 또 나의 발전이 좌지우지된다고 생각이 듭니다. 이런 상황은 저는 이렇게 대처할 것입니다.","wordCount":115},"emotion":[],"intent":[{"text":"","expression":"","category":"attitude"}],"summary":{"text":"업무 중 스케줄에 없던 일이 생긴다면 이 상황에 대처하는 것이 중요합니다. 저는 돌발 상황들을 많이 만나 봤기 때문에 예정에 없던 스케줄들을 잘 처리할 자신이 있습니다. 이런 상황들은 어떻게 대처하느냐에 따라 앞으로의 저의 인생과 발전이 좌지우지된다고 생각합니다.","wordCount":36}}},"rawDataInfo":{"question":{"fileFormat":"wav","fileSize":332878,"duration":10400,"samplingBit":16,"channelCount":1,"samplingRate":"16kHz","audioPath":"/Mock/05.ICT/Female/New/ckmk_q_ict_f_n_257790.wav"},"answer":{"fileFormat":"wav","fileSize":3751118,"duration":117220,"samplingBit":16,"channelCount":1,"samplingRate":"16kHz","audioPath":"/Mock/05.ICT/Female/New/ckmk_a_ict_f_n_257790.wav"}}}