{"version":"1.0","dataSet":{"info":{"date":"20230116","occupation":"ICT","channel":"MOCK","place":"ONLINE","gender":"FEMALE","ageRange":"35-44","experience":"NEW"},"question":{"raw":{"text":"본인만의 스트레스 해소 방법이 있다면 무엇이 있습니까 왜 그 방법으로 스트레스를 해소하시는지도 말씀해 주세요","wordCount":14},"emotion":[],"intent":[]},"answer":{"raw":{"text":"네 저의 스트레스 해소법이 있다면 저는 고양이와 함께 침대에 누워 있는 것이 저의 스트레스 해소법입니다. 어 왜 이걸로 스트레스를 해소하냐면 일단 고양이가 따뜻하고 말랑말랑하기 때문에 옆에 같이 누워 있으면 굉장히 기분이 좋아지고 또 실제로 고양이를 만지면서 사람은 옥시토신이라는 호르몬이 분비가 된다고 하더라구요. 그래서 왜 이렇게 고양이들을 고양이를 만지고 하면서 스트레스를 많이 푸는 것 같습니다. 음 제가 고양이를 너무 좋아해서 이 방법으로 스트레스를 풉니다.","wordCount":63},"emotion":[],"intent":[{"text":"","expression":"","category":"attitude"}],"summary":{"text":"저는 고양이와 함께 침대에 누워 있는 방법으로 스트레스를 해소하고 있습니다. 그 이유는 고양이가 따뜻하고 말랑말랑하기 때문에 옥시토신이 분비되기 때문입니다.","wordCount":19}}},"rawDataInfo":{"question":{"fileFormat":"wav","fileSize":337038,"duration":10530,"samplingBit":16,"channelCount":1,"samplingRate":"16kHz","audioPath":"/Mock/05.ICT/Female/New/ckmk_q_ict_f_n_204834.wav"},"answer":{"fileFormat":"wav","fileSize":1365198,"duration":42660,"samplingBit":16,"channelCount":1,"samplingRate":"16kHz","audioPath":"/Mock/05.ICT/Female/New/ckmk_a_ict_f_n_204834.wav"}}}