{"version":"1.0","dataSet":{"info":{"date":"20230116","occupation":"ICT","channel":"MOCK","place":"ONLINE","gender":"FEMALE","ageRange":"-34","experience":"NEW"},"question":{"raw":{"text":"혹시 매일 공부하고 있는 분야가 따로 있습니까 있다면 지원자님께서는 그것을 왜 공부하는지도 함께 설명해 주세요","wordCount":15},"emotion":[],"intent":[]},"answer":{"raw":{"text":"따로 공부하는 분야가 있기 보다는 매일 신문을 읽고 선 사회가 돌아가는 방향을 알고자 합니다. 그 다음에 신문을 읽고 제가 좋아하거나 아니면 흥미로운 주제가 있다면 그 주제에 대해서 짧게 짧게 공부하는 편입니다. 공부를 통해서 뭘 각각 제가 하는 거는 다른 지식적인 측면이 아니라 사회에 대한 공부라고 생각합니다. 사회가 어떻게 돌아가는지 알아야 제가 사회에서 어떤 역할을 할 수 있는지 알 수 있기 때문입니다.","wordCount":61},"emotion":[],"intent":[{"text":"","expression":"","category":"attitude"}],"summary":{"text":"매일 신문을 읽고 사회의 돌아가는 방향을 알고자 하고 좋아하거나 흥미로운 주제가 있다면 짧게나마 공부합니다. 공부를 통해 제가 사회에서 할 수 있는 역할을 알고자 합니다.","wordCount":24}}},"rawDataInfo":{"question":{"fileFormat":"wav","fileSize":382158,"duration":11940,"samplingBit":16,"channelCount":1,"samplingRate":"16kHz","audioPath":"/Mock/05.ICT/Female/New/ckmk_q_ict_f_n_174733.wav"},"answer":{"fileFormat":"wav","fileSize":1211598,"duration":37860,"samplingBit":16,"channelCount":1,"samplingRate":"16kHz","audioPath":"/Mock/05.ICT/Female/New/ckmk_a_ict_f_n_174733.wav"}}}