{"version":"1.0","dataSet":{"info":{"date":"20230116","occupation":"ICT","channel":"MOCK","place":"ONLINE","gender":"FEMALE","ageRange":"-34","experience":"NEW"},"question":{"raw":{"text":"네이버 구글 다음의 검색을 비교해 보시고 각각 검색 엔진들의 차이점과 장점 그리고 또 단점을 말씀해 주시길 바랍니다","wordCount":17},"emotion":[],"intent":[]},"answer":{"raw":{"text":"어 세계적으로 이슈가 되는 사항은 구글에 더 많이 정보가 나와 있다고 생각을 하고요. 구글은 아무래도 어 문헌이나 그 공식 웹 사이트에서 있는 그 피디에프 파일이 또 검색이 되기 때문에 가장 공실력이 있지 않나 생각을 하고요. 네이버나 다음은 아무래도 사용자들이 정보를 올리는 것이 많기 때문에 어 블로그나 카페 지식인을 통해서 정보를 얻을 수 있다고 생각을 합니다. 아무래도 그 정보의 양이 구글보다는 방대한 편이고 사람들도 그것을 많이 찾아보는 편이라고 생각을 합니다. 하지만 어 인증되지 않은 정보가 올라오는 확률이 높은 만큼 그것을 잘 걸러 내고 볼 수 있는 그런 시각을 잘 가지고 있어야 된다고 생각을 합니다.","wordCount":93},"emotion":[],"intent":[{"text":"","expression":"","category":"attitude"}],"summary":{"text":"인증되지 않은 정보가 올라오는 확률이 높은 만큼 그것을 잘 걸러내고 볼 수 있는 시각을 잘 가지고 있어야 된다고 생각을 합니다. 이는 구글보다 네이버나 카페 지식인을 통해서 정보를 얻을 수 있는 편이기 때문입니다.","wordCount":32}}},"rawDataInfo":{"question":{"fileFormat":"wav","fileSize":419918,"duration":13120,"samplingBit":16,"channelCount":1,"samplingRate":"16kHz","audioPath":"/Mock/05.ICT/Female/New/ckmk_q_ict_f_n_257527.wav"},"answer":{"fileFormat":"wav","fileSize":1822158,"duration":56940,"samplingBit":16,"channelCount":1,"samplingRate":"16kHz","audioPath":"/Mock/05.ICT/Female/New/ckmk_a_ict_f_n_257527.wav"}}}