{"version":"1.0","dataSet":{"info":{"date":"20230116","occupation":"ICT","channel":"MOCK","place":"ONLINE","gender":"FEMALE","ageRange":"-34","experience":"NEW"},"question":{"raw":{"text":"지원자님 혹시 이전 직장에서 퇴사한 후에 퇴사한 거 후회해 보신 적이 있으신가요 후회하신 적 있으시다면 왜 후회하셨는지 이유도 함께 말씀 부탁드릴게요","wordCount":21},"emotion":[],"intent":[]},"answer":{"raw":{"text":"저는 이전 직장을 퇴사한 것을 후회한 적은 없습니다. 왜냐하면 이전 직장을 퇴사할 때 직장 상사의 갑질이 힘들어서 퇴사했기 때문입니다. 직장 상사의 갑질은 개인적인 심부름이 퇴근 후에도 주말에도 시도 때도 없이 있었던 건데요. 그렇기 때문에 저는 이전 직장을 퇴사한 것을 후회하지는 않습니다. 다만 한 가지 아쉬운 점은 그곳에서 근무할 때 직장 동료들과 굉장히 친분이 돈독했어요. 그래서 그 부분이 가장 아쉽긴 하지만 절대로 직장을 그만두 것을 후회한 적은 없습니다.","wordCount":67},"emotion":[],"intent":[{"text":"","expression":"","category":"attitude"}],"summary":{"text":"저는 이전 직장의 상사의 갑질이 힘들어서 퇴사했기 때문에 후회하지 않습니다. 다만 근무할 때 직장 동료들과 사이가 좋았던 것이 가장 아쉽지만 결코 직장을 그만둔 것을 후회한 적은 없습니다.","wordCount":27}}},"rawDataInfo":{"question":{"fileFormat":"wav","fileSize":483918,"duration":15120,"samplingBit":16,"channelCount":1,"samplingRate":"16kHz","audioPath":"/Mock/05.ICT/Female/New/ckmk_q_ict_f_n_233637.wav"},"answer":{"fileFormat":"wav","fileSize":1366478,"duration":42700,"samplingBit":16,"channelCount":1,"samplingRate":"16kHz","audioPath":"/Mock/05.ICT/Female/New/ckmk_a_ict_f_n_233637.wav"}}}