{"version":"1.0","dataSet":{"info":{"date":"20230116","occupation":"ICT","channel":"MOCK","place":"ONLINE","gender":"FEMALE","ageRange":"35-44","experience":"NEW"},"question":{"raw":{"text":"어 지원자님께서 이 분야에 관심을 가지게 된 이유가 있으실 텐데요 어 그러한 이유는 무엇인지 그리고 이제 지원하게 되신 지원 동기도 함께 말씀해 주시기를 바랍니다","wordCount":24},"emotion":[],"intent":[]},"answer":{"raw":{"text":"제가 어 인터넷 또 커뮤니케이션 분야에 관심을 갖게 된 점은 어 코로나를 겪으면서 사람들이 어 컴퓨터 베이스 아니면 인터넷 베이스로 어 수업을 진행을 한 하거나 회의를 진행을 하는 등 어 그것들이 많은 긍정적인 영향이 있다고 생각을 해서 입니다. 그리고 특별히 인공지능을 에 대해서 관심을 갖게 되었는데 제가 시간 관리를 할 때 어 육아를 하고 있기 때문에 어 제가 시간을 제 스스로 어 조절을 해야 되는 상황 가운데 있는데 그럴 때 어 이런 컴퓨터 베이스로 하는 일들이 제가 제 시간을 제가 정해서 일을 할 수 있기 때문에 어 진행을 하는 것을 관심을 많이 갖게 되었고 지원을 하게 되었습니다. 그래서 어 그런데 인제 사람과의 관계 속에서도 많은 장점이 있지만 어 이 분야에서는 어 많은 시간을 투자하지 않고 어 시간이나 공간을 관리하는 면에서 경제적으로 어 효율이 있다고 생각을 하고 어 경제적이라고 생각을 해서 지원을 하게 되었습니다.","wordCount":133},"emotion":[],"intent":[{"text":"그리고 특별히 인공지능을 에 대해서 관심을 갖게 되었는데 제가 시간 관리를 할 때 어 육아를 하고 있기 때문에 어 제가 시간을 제 스스로 어 조절을 해야 되는 상황 가운데 있는데 그럴 때 어 이런 컴퓨터 베이스로 하는 일들이 제가 제 시간을 제가 정해서 일을 할 수 있기 때문에 어 진행을 하는 것을 관심을 많이 갖게 되었고 지원을 하게 되었습니다.","expression":"c_sincere_job","category":"etc"}],"summary":{"text":"인터넷 또는 커뮤니케이션 분야에 관심을 갖게 된 것은 코로나를 겪으면서 컴퓨터 베이스 또는 인터넷 베이스로 수업을 진행하거나 회의를 진행을 하는 등 긍정적인 영향이 있다고 생각해서 입니다. 특히 인공지능에 관심을 갖고 특히 컴퓨터 베이스로 하는 일들이 제가 시간을 정해서 일을 할 수 있기 때문에 지원을 하게 되었습니다.","wordCount":46}}},"rawDataInfo":{"question":{"fileFormat":"wav","fileSize":480078,"duration":15000,"samplingBit":16,"channelCount":1,"samplingRate":"16kHz","audioPath":"/Mock/05.ICT/Female/New/ckmk_q_ict_f_n_223444.wav"},"answer":{"fileFormat":"wav","fileSize":2737998,"duration":85560,"samplingBit":16,"channelCount":1,"samplingRate":"16kHz","audioPath":"/Mock/05.ICT/Female/New/ckmk_a_ict_f_n_223444.wav"}}}