{"version":"1.0","dataSet":{"info":{"date":"20230116","occupation":"ICT","channel":"MOCK","place":"ONLINE","gender":"FEMALE","ageRange":"55-","experience":"NEW"},"question":{"raw":{"text":"휴식을 취할 때는 주로 어떤 일을 하십니까 왜 그 일을 수행하시는지 이유도 함께 말씀해 주세요","wordCount":15},"emotion":[],"intent":[]},"answer":{"raw":{"text":"휴식을 취할 때는 주로 이제 첫 번째로는 음악을 듣는 걸 좋아합니다. 어 왜냐하면 아무 생각 없이 음악에 심취할 수 있기 때문이구요. 어 마음을 비울 수 있는 그런 시간이라고 생각이 되구요. 또 한 가지는 어 책을 관련된 책을 좀 읽어 봅니다. 어 사실 어 업무하고 관련이 있는지 없는지 상관없이 책을 읽다 보면 어느 한 부분에서는 또 새로운 아이디어나 아 또는 새로운 계획 이런 것들이 생겨나기 때문에 책 읽는 시간을 되게 중요하게 생각하구요. 또 한 가지는 어 여행입니다. 먼 거리 여행을 할 수는 없으니 이제 근거리에서 갈 수 있는 곳들 특히 어 걸으면서 생각하는 것을 좋아하는데요. 그러다 보면 또 사람들과 같이 이야기를 나눌 수도 있고 또 새로운 계획을 세울 수도 있고 그저 그냥 하늘을 바라보면서 걷는 것도 좋습니다.","wordCount":116},"emotion":[],"intent":[{"text":"","expression":"","category":"attitude"}],"summary":{"text":"휴식 취할 때는 음악을 듣는 걸 좋아합니다. 또 관련 책을 읽다 보면 새로운 아이디어나 계획이 생기기 때문에 책 읽는 시간을 중요하게 생각합니다. 또 근거리에서 갈 수 있는 곳들을 걸으며 생각하는 것을 좋아하는데, 그러다 보면 사람들과 이야기를 나누거나 계획을 세우기에도 좋습니다.","wordCount":40}}},"rawDataInfo":{"question":{"fileFormat":"wav","fileSize":282318,"duration":8820,"samplingBit":16,"channelCount":1,"samplingRate":"16kHz","audioPath":"/Mock/05.ICT/Female/New/ckmk_q_ict_f_n_229158.wav"},"answer":{"fileFormat":"wav","fileSize":1875598,"duration":58610,"samplingBit":16,"channelCount":1,"samplingRate":"16kHz","audioPath":"/Mock/05.ICT/Female/New/ckmk_a_ict_f_n_229158.wav"}}}