{"version":"1.0","dataSet":{"info":{"date":"20230116","occupation":"ICT","channel":"MOCK","place":"ONLINE","gender":"FEMALE","ageRange":"-34","experience":"NEW"},"question":{"raw":{"text":"협업하는 일과 혼자 하는 일 중에 어떤 것을 더 선호하시는 편인가요 그것을 선호하는 이유도 같이 말씀해 주세요","wordCount":17},"emotion":[],"intent":[]},"answer":{"raw":{"text":"저는 혼자 하는 과제와 협업하는 과제 중 혼자 하는 과제를 더 선호합니다. 제가 처음 본 터 끝까지 과제를 이끌어 나가고 제 생각대로 실현할 수 있기 때문입니다. 협업하는 과제는 가끔 제가 원하지 않는 않더라도 해야 하는 경우가 있습니다. 그러나 혼자 하는 과제는 제가 하고 싶은 걸 할 수 있으며 제가 제 머릿속에 있는 것을 실현할 수 있는 폭이 큽니다. 예를 들면 저는 에이를 구현하고 싶은데 다른 사람은 비를 구현하고 싶어 한다면 그 사이에서 충돌이 있을 수 있습니다. 하지만 혼자 하는 과제는 제 의견을 제가 생각하는 걸 모두 실현할 수 있습니다. 하지만 혼자 한다고 하면은 제가 보지 못하는 문제점이 있을 수 있습니다. 따라서 혼자 한다고 한 들 타인의 피드백을 받는 건 즐겨 합니다. 타인의 문제점을 지적한다면 그걸 다시 좀 더 해결해 가는 과정이 재미있기 때문입니다. 뭐 혼자 하는 일을 좋아하지만 세상에 혼자 할 수 있는 일은 없습니다. 그래서 혼자 하더라도 타인의 의견을 경청하는 것이 가장 중요합니다. 즉 저는 타 남들의 도움을 받고 피드백을 받으면서 혼자 일하는 것에 가장 선호합니다.","wordCount":157},"emotion":[],"intent":[{"text":"","expression":"","category":"attitude"}],"summary":{"text":"협업하는 과제는 원치 않더라도 해야하는 경우가 있으나, 혼자 하는 과제는 제가 하고 싶은 걸 할 수 있으며 제가 생각하는 걸 모두 실현할 수 있습니다. 그러나 혼자 한다고 했을 때 타인의 피드백을 받는 것은 즐겨합니다. 혼자 하는 일을 좋아하지만 타인을 경청하는 것이 가장 중요하기 때문입니다.","wordCount":44}}},"rawDataInfo":{"question":{"fileFormat":"wav","fileSize":296078,"duration":9250,"samplingBit":16,"channelCount":1,"samplingRate":"16kHz","audioPath":"/Mock/05.ICT/Female/New/ckmk_q_ict_f_n_174737.wav"},"answer":{"fileFormat":"wav","fileSize":2677838,"duration":83680,"samplingBit":16,"channelCount":1,"samplingRate":"16kHz","audioPath":"/Mock/05.ICT/Female/New/ckmk_a_ict_f_n_174737.wav"}}}