{"version":"1.0","dataSet":{"info":{"date":"20230116","occupation":"ICT","channel":"MOCK","place":"ONLINE","gender":"FEMALE","ageRange":"35-44","experience":"NEW"},"question":{"raw":{"text":"지원자께서 보시기에 현재 온라인 및 모바일 게임 시장은 어떤 상태입니까","wordCount":10},"emotion":[],"intent":[]},"answer":{"raw":{"text":"어 굉장히 산업이 많이 컸고 또 어쩌면 과경쟁이 일어나고 있다는 생각도 듭니다. 제가 초딩 때만 해도 이제 메이저 게임이 그렇게 많지는 않았는데 이제 메이저 게임 자체가 너무 넓고 또 게임이 출시되는 빈도 자체가 굉장히 짧다 보니까 빨리빨리 게임 시장이 돌잖아요. 이렇게 하면서 어쩌면 과포화 상태이기도 하고 또 많은 개발자분들이 이제 게임 시장으로 지원을 하고 계시기 때문에 많은 인력들이 게임 시장에 지금 몰려 있다 라고 생각을 하는 편입니다.","wordCount":67},"emotion":[],"intent":[{"text":"","expression":"","category":"attitude"}],"summary":{"text":"메이저 게임이 너무 넓고 출시 빈도 자체가 짧아서 과포화 상태이기도 하고, 많은 개발자분들이 게임 시장으로 지원을 하고 있기 때문에 많은 인력들이 게임 시장에 몰려 있습니다.","wordCount":25}}},"rawDataInfo":{"question":{"fileFormat":"wav","fileSize":291278,"duration":9100,"samplingBit":16,"channelCount":1,"samplingRate":"16kHz","audioPath":"/Mock/05.ICT/Female/New/ckmk_q_ict_f_n_204842.wav"},"answer":{"fileFormat":"wav","fileSize":1319118,"duration":41220,"samplingBit":16,"channelCount":1,"samplingRate":"16kHz","audioPath":"/Mock/05.ICT/Female/New/ckmk_a_ict_f_n_204842.wav"}}}