{"version":"1.0","dataSet":{"info":{"date":"20230116","occupation":"ICT","channel":"MOCK","place":"ONLINE","gender":"FEMALE","ageRange":"-34","experience":"NEW"},"question":{"raw":{"text":"얼마 전 구급 대원이 주취자에게 폭행을 당해서 순직하는 일이 있었는데요 이 사건에 대해서 어떻게 생각하시나요","wordCount":15},"emotion":[],"intent":[]},"answer":{"raw":{"text":"얼마 전 구급 대원이 주취자에게 폭행을 당해 순직 당하는 일이 있었는데요. 어 저는 구급 대원에 대한 최소한의 보호가 부족했다고 생각합니다. 주취자는 어 일반 사람들과 다르게 정상적인 상황 판단이 불가능하고 행동이 거칠고 좀 자제력이 없는 경우가 많습니다. 그런데 그 상황에서 그 상황도 구급 대원도 알고 있고 그 주변 사람도 알고 있고 그 시스템도 준비가 됐어야 되는데 그거 아무리 비상 상황이라고 하지만 조금 더 인프라적으로 구급 대원을 보호하고 또 아무리 급한 경우라도 고 해도 그 상황에 대한 훈련이 충분히 되어 있었다면 어 이렇게 구급 대원이 순직하는 그런 안 좋은 일이 발생하지 않았을 거라고 생각합니다. 그리고 제도적으로 조금 더 구급 대원이나 사회적으로 업무하시는 분들에 대한 보호가 이루어져야 이루어지면 좋을 것 같습니다.","wordCount":108},"emotion":[],"intent":[{"text":"","expression":"","category":"attitude"}],"summary":{"text":"주취자에게 폭행을 당해 순직한 구급대원의 사례를 보면, 주취자는 정상 판단이 불가능하며 행동이 거칠고 자제력이 없는 경우가 많습니다. 구급 대원과 주변 사람도 알고 시스템도 준비돼야 하는데, 인프라적 보호와 상황 훈련, 제도적 보호가 이루어져야 합니다.","wordCount":33}}},"rawDataInfo":{"question":{"fileFormat":"wav","fileSize":423118,"duration":13220,"samplingBit":16,"channelCount":1,"samplingRate":"16kHz","audioPath":"/Mock/05.ICT/Female/New/ckmk_q_ict_f_n_148484.wav"},"answer":{"fileFormat":"wav","fileSize":2282958,"duration":71340,"samplingBit":16,"channelCount":1,"samplingRate":"16kHz","audioPath":"/Mock/05.ICT/Female/New/ckmk_a_ict_f_n_148484.wav"}}}