{"version":"1.0","dataSet":{"info":{"date":"20230116","occupation":"ICT","channel":"MOCK","place":"ONLINE","gender":"FEMALE","ageRange":"-34","experience":"NEW"},"question":{"raw":{"text":"지원자 분께서 시간이 촉박한 상황이 생겼다고 했을 때 어떤 방식으로 시간 관리를 해 왔고 하시는지 궁금합니다 어 당신의 시간 관리법에 대해서 이야기를 해 주세요","wordCount":24},"emotion":[],"intent":[]},"answer":{"raw":{"text":"저는 시간이 촉박한 상황이 생기면 어 계획표를 먼저 점검합니다. 이 계획표 사이 사이에 어 제가 지금 꼭 해야 하는 일을 끼워 놓을 수 있는지 아닌지를 먼저 확인을 하는 편입니다. 또 저희 시간 관리법은 어 계획을 짜되 굉장히 유동적으로 이 계획을 시행하려고 합니다. 이 시간에 꼭 이 일을 할 수 있는 것이 아니라면 또 다른 일을 할 수 있고 이 일을 따른 시간을 배치함으로써 좀 더 효율적으로 일을 시행하고 또 유연하게 시간 관리를 하려 노력합니다.","wordCount":74},"emotion":[],"intent":[{"text":"","expression":"","category":"attitude"}],"summary":{"text":"시간 관리법은 유동적으로 이 계획을 시행하려고 합니다. 이 시간에 꼭 해야 하는 일이 아니라면 다른 일을 할 수 있고 일을 따른 시간을 배치함으로써 좀 더 효율적인 시간 관리를 하려 노력합니다.","wordCount":30}}},"rawDataInfo":{"question":{"fileFormat":"wav","fileSize":566478,"duration":17700,"samplingBit":16,"channelCount":1,"samplingRate":"16kHz","audioPath":"/Mock/05.ICT/Female/New/ckmk_q_ict_f_n_160846.wav"},"answer":{"fileFormat":"wav","fileSize":1262158,"duration":39440,"samplingBit":16,"channelCount":1,"samplingRate":"16kHz","audioPath":"/Mock/05.ICT/Female/New/ckmk_a_ict_f_n_160846.wav"}}}