{"version":"1.0","dataSet":{"info":{"date":"20230116","occupation":"ICT","channel":"MOCK","place":"ONLINE","gender":"FEMALE","ageRange":"-34","experience":"NEW"},"question":{"raw":{"text":"면접자님께서는 평소에 검색을 자주 하시는 편이신지 궁금한데요 면접자께서 어떤 검색을 주로 하시는지 그리고 왜 하시는지도 말씀해 주시면 좋겠습니다","wordCount":18},"emotion":[],"intent":[]},"answer":{"raw":{"text":"네 저는 실생활에서도 검색이 굉장히 생활화 되고 패턴화 된 편이라 검색을 아주 자주 하는 편입니다. 또 프로젝트에 있어서는 도메인 지식이 상당히 필요한 부분이 있을 수 있기 때문에 그런 부분에 관해서는 또 검색을 통해서 도메인 지식을 얻으려고 노력을 하는 편이고 또 그렇게 해서 프로젝트 시작 단계에 굉장히 도움을 얻은 적이 많습니다. 또한 어 이 검색을 통해서 요즘은 정말 모든 게 나오기 때문에 프로젝트 하는 중간 중간에도 어려운 점이 있거나 모르는 점이 있으면 반드시 검색을 통해 찾아보려고 하는 편이고 어 이제 키워드별로 나누어서 또 검색을 자주 하는 편입니다.","wordCount":86},"emotion":[],"intent":[{"text":"","expression":"","category":"attitude"}],"summary":{"text":"실생활에서 검색은 아주 자주 하는 편이며 프로젝트에 있어서는 도메인 지식이 상당히 필요하기 때문에 검색을 통해서 도메인 지식을 얻으려고 노력을 하는 편이고 프로젝트 시작 단계에 굉장히 도움을 얻었습니다.","wordCount":27}}},"rawDataInfo":{"question":{"fileFormat":"wav","fileSize":606798,"duration":18960,"samplingBit":16,"channelCount":1,"samplingRate":"16kHz","audioPath":"/Mock/05.ICT/Female/New/ckmk_q_ict_f_n_244314.wav"},"answer":{"fileFormat":"wav","fileSize":1619278,"duration":50600,"samplingBit":16,"channelCount":1,"samplingRate":"16kHz","audioPath":"/Mock/05.ICT/Female/New/ckmk_a_ict_f_n_244314.wav"}}}