{"version":"1.0","dataSet":{"info":{"date":"20230116","occupation":"ICT","channel":"MOCK","place":"ONLINE","gender":"FEMALE","ageRange":"-34","experience":"NEW"},"question":{"raw":{"text":"일을 하시게 되면 자료를 문서화 할 일이 많습니다 지원자님께서는 문서와 작업이 왜 필요하다고 생각하십니까","wordCount":14},"emotion":[],"intent":[]},"answer":{"raw":{"text":"자료와 일은 굉장히 필수적이라고 개인적으로 생각하는 편이입니다. 왜냐하면 이 문서화 작업이 있어야만 저희가 이전에 일을 회고할 수 있고 정확하게 확인할 수 있기 때문입니다. 저희 사람의 뇌는 완벽하지 않기 때문에 모든 일을 완벽하게 기억할 수 없으므로 음 이 문서화 작업을 통하여 어 어느 정도 정리를 그 적는 순간에는 정리를 하고 그 정리 뒤에는 회고를 하는 데 쓰이고 또 만약에 타 부서와의 충돌이나 의견 교환이 있을 때에 정확하게 확인하기 위한 용도로도 쓰일 수 있기 때문에 꼭 필요하다고 생각합니다.","wordCount":76},"emotion":[],"intent":[{"text":"","expression":"","category":"attitude"}],"summary":{"text":"사람의 뇌는 완벽하지 않아서 모든 일을 완벽하게 기억할 수 없기 때문에 문서화 작업을 통하여 정리를 하고 회고를 하는 데 쓰이며 타 부서와의 충돌이나 의견 교환이 있을 때 확인 용도로 쓰일 수 있습니다.","wordCount":32}}},"rawDataInfo":{"question":{"fileFormat":"wav","fileSize":437838,"duration":13680,"samplingBit":16,"channelCount":1,"samplingRate":"16kHz","audioPath":"/Mock/05.ICT/Female/New/ckmk_q_ict_f_n_184625.wav"},"answer":{"fileFormat":"wav","fileSize":1622478,"duration":50700,"samplingBit":16,"channelCount":1,"samplingRate":"16kHz","audioPath":"/Mock/05.ICT/Female/New/ckmk_a_ict_f_n_184625.wav"}}}