{"version":"1.0","dataSet":{"info":{"date":"20230116","occupation":"ICT","channel":"MOCK","place":"ONLINE","gender":"FEMALE","ageRange":"35-44","experience":"NEW"},"question":{"raw":{"text":"만약 상사가 업무와 무관한 일을 지시해도 잘 수행할 자신이 있으십니까 아니면 수행하지 않을 것인지 궁금합니다","wordCount":15},"emotion":[],"intent":[]},"answer":{"raw":{"text":"어 만약에 상사분이 업무와 무관한 일을 시키셔도 어 그게 저에게 크게 불편을 초래하지 않는 일이라면 어느 정도 수행을 할 것 같습니다. 이렇게 크게 어려운 일은 아니라고 또 생각을 하고 또 일을 하면서 저는 아무래도 입사를 하면은 막내와 비슷한 포지션으로 들어가기 때문에 자잘한 잔 업무 같은 거는 하면서 또 배우는 것도 있고 음 막내인 사람이 아닌 안 하면 할 사람이 없다는 생각도 있어서 저는 크게 저에게 불편함을 주거나 한 상황이 아니라면 수행을 할 것 같습니다.","wordCount":74},"emotion":[],"intent":[{"text":"어 만약에 상사분이 업무와 무관한 일을 시키셔도 어 그게 저에게 크게 불편을 초래하지 않는 일이라면 어느 정도 수행을 할 것 같습니다.","expression":"c_adp","category":"personality"}],"summary":{"text":"업무와 무관한 일이어도 크게 불편함을 초래하지 않는 일이라면 수행을 할 것 같습니다. 저는 막내인 사람이 아닌 한 할 사람이 없다는 생각이 들어서 크게 불편함을 주거나 한 상황은 아니라고 생각합니다.","wordCount":29}}},"rawDataInfo":{"question":{"fileFormat":"wav","fileSize":389838,"duration":12180,"samplingBit":16,"channelCount":1,"samplingRate":"16kHz","audioPath":"/Mock/05.ICT/Female/New/ckmk_q_ict_f_n_204836.wav"},"answer":{"fileFormat":"wav","fileSize":1406798,"duration":43960,"samplingBit":16,"channelCount":1,"samplingRate":"16kHz","audioPath":"/Mock/05.ICT/Female/New/ckmk_a_ict_f_n_204836.wav"}}}