{"version":"1.0","dataSet":{"info":{"date":"20230116","occupation":"ICT","channel":"MOCK","place":"ONLINE","gender":"FEMALE","ageRange":"-34","experience":"NEW"},"question":{"raw":{"text":"공동체 가치에 입각 무형문화유산의 보호에 있어서 적용되는 사회적 관념은 무엇일까요 면접자님이 생각하는 사회적 관념은 무엇이라고 생각하시나요","wordCount":16},"emotion":[],"intent":[]},"answer":{"raw":{"text":"공동체 가치에 입각하여 무형문화유산의 보호에 있어 적용되는 사회적 관념은 양심의 역사라고 생각합니다. 무형 문화유산는 보통 연극 무용 판소리 음악 공예 기술과 같이 유형 유산과는 다르게 눈에 보이지 않는 가치를 지닌 문화유산입니다. 이런 무형유산은 공동체가 자신을 문화유산의 일부로 생각하는 관습 표상 표현물 지식 및 기술을 모두 포함하고 있으며 세대 간의 전승을 통해서 후대에 전달되는 방식을 지니고 있습니다. 그렇기 때문에 우리가 양심을 가지지 않고 무형 문화유산을 보호하지 않으려 한다면 수익이 없기 때문에 이러한 문화유산을 보호하지 않고 외면한다면 우리의 역사는 사라지게 될 수도 있습니다. 무형문화유산은 예를 들면 판소리처럼 역사 그 일부 자체를 담고 있는 문화유산들도 꽤 많습니다. 그렇기 때문에 양심을 가지고 역사를 보존하고 보호하고 후대에 전달하고자 하는 사회적 관념이 적용된다고 저는 생각합니다.","wordCount":109},"emotion":[],"intent":[{"text":"","expression":"","category":"attitude"}],"summary":{"text":"무형 문화유산는 눈에 보이지 않는 가치를 지닌 문화유산으로, 공동체가 자신을 문화유산의 일부로 생각하는 관습 표상 표현물 지식 및 기술을 모두 포함하고 있으며 세대 간의 전승을 통해서 후대에 전달되는 방식을 지니고 있습니다.","wordCount":31}}},"rawDataInfo":{"question":{"fileFormat":"wav","fileSize":548558,"duration":17140,"samplingBit":16,"channelCount":1,"samplingRate":"16kHz","audioPath":"/Mock/05.ICT/Female/New/ckmk_q_ict_f_n_230493.wav"},"answer":{"fileFormat":"wav","fileSize":3022798,"duration":94460,"samplingBit":16,"channelCount":1,"samplingRate":"16kHz","audioPath":"/Mock/05.ICT/Female/New/ckmk_a_ict_f_n_230493.wav"}}}