{"version":"1.0","dataSet":{"info":{"date":"20230116","occupation":"ICT","channel":"MOCK","place":"ONLINE","gender":"FEMALE","ageRange":"-34","experience":"NEW"},"question":{"raw":{"text":"스트레스를 받으면 어떻게 하시나요 또한 왜 그런 방법으로 스트레스 해소를 하시는지 특별한 이유가 있다면 함께 들어볼 수 있을까요","wordCount":18},"emotion":[],"intent":[]},"answer":{"raw":{"text":"어 아까 말씀드린 어 스트레스 방법에 두 가지가 있는데요. 그 두 가지 직접적인 방법과 간접적인 방법을 제가 같이 사용하는 이유는 어 직접적인 방법만 상략하면 어 제가 그만큼 장기적으로 제가 그 제 기본적인 감정을 다스릴 수 없다고 생각하고 간접적인 방법으로만 생각하면 제가 직면한 문제 계속 피해 간다고만 생각하게 되는 것 같습니다. 그래서 어 아까 말씀드렸던 직접적인 방법인 어 그 문제에 대한 뭐 정리를 한다든지 그리고 간접적인 방법으로는 뭐 그것에 대한 거리를 좀 더 두고 음악을 듣는다던지 운동을 한다던지를 색하는 택하는 것 같습니다.","wordCount":81},"emotion":[],"intent":[{"text":"","expression":"","category":"attitude"}],"summary":{"text":"스트레스는 직접적인 방법과 간접적인 방법이 있습니다. 직접적인 방법은 제가 감정을 다스릴 수 없다고 생각하고 간접적인 방법은 제가 직면한 문제를 계속 피해 간과만 생각하게 됩니다.","wordCount":24}}},"rawDataInfo":{"question":{"fileFormat":"wav","fileSize":615438,"duration":19230,"samplingBit":16,"channelCount":1,"samplingRate":"16kHz","audioPath":"/Mock/05.ICT/Female/New/ckmk_q_ict_f_n_260367.wav"},"answer":{"fileFormat":"wav","fileSize":1632718,"duration":51020,"samplingBit":16,"channelCount":1,"samplingRate":"16kHz","audioPath":"/Mock/05.ICT/Female/New/ckmk_a_ict_f_n_260367.wav"}}}