{"version":"1.0","dataSet":{"info":{"date":"20230116","occupation":"ICT","channel":"MOCK","place":"ONLINE","gender":"FEMALE","ageRange":"-34","experience":"NEW"},"question":{"raw":{"text":"지원자님께서는 이 분야에 지원하시기 위해 관련된 노력을 어떻게 하셨나요 생각나는 대로 말씀을 해 주시기 바랍니다","wordCount":15},"emotion":[],"intent":[]},"answer":{"raw":{"text":"저는 이 분야에 지원하기 위해 취업 부트 캠프 과정을 수행했습니다. 이 취업 부트 캠프 과정에서 이 데이터 사이언스 데이터 애널리시스 분야에 관하여 많이 배우게 되었고 이 분야에 실제로 애정이 생겼었습니다. 생겼습니다. 어 실제로 이 부트 캠프에 적응하기 위하여 오전 아홉 시부터 저녁 여섯 시까지 지속적으로 몸 패턴을 맞추고자 했습니다. 또 이 몸 패턴을 맞추면서 이 시간만큼은 온전히 공부에 쏟고 저희 커리어 전환에 쏟기 위해 많은 노력을 했던 것 같습니다.","wordCount":69},"emotion":[],"intent":[{"text":"","expression":"","category":"attitude"}],"summary":{"text":"데이터 사이언스 데이터 애널리시스 분야에 지원하기 위해 취업 부트 캠프 과정을 수행했습니다. 캠프에 적응하며 공부와 커리어 전환에 쏟기 위해 많은 노력을 했습니다.","wordCount":22}}},"rawDataInfo":{"question":{"fileFormat":"wav","fileSize":631758,"duration":19740,"samplingBit":16,"channelCount":1,"samplingRate":"16kHz","audioPath":"/Mock/05.ICT/Female/New/ckmk_q_ict_f_n_184632.wav"},"answer":{"fileFormat":"wav","fileSize":1415118,"duration":44220,"samplingBit":16,"channelCount":1,"samplingRate":"16kHz","audioPath":"/Mock/05.ICT/Female/New/ckmk_a_ict_f_n_184632.wav"}}}