{"version":"1.0","dataSet":{"info":{"date":"20230116","occupation":"ICT","channel":"MOCK","place":"ONLINE","gender":"FEMALE","ageRange":"-34","experience":"NEW"},"question":{"raw":{"text":"지원자 본인이 생각하기에 좋은 개발 문화라는 것은 어떤 것인가요","wordCount":9},"emotion":[],"intent":[]},"answer":{"raw":{"text":"어 제가 생각하는 좋은 개발 문화는 어 일단 그 서비스의 핵심 가치를 모두 인지를 하고 있고 그 도메인 지식을 서로 공유하고 그 근간이 되는 기술 개발에 대한 능동적인 문화라고 생각을 하고요. 어 또 짧은 개발 주기와 장애 내성이라든가 이런 고 품질의 코드를 위한 리뷰나 테스트의 그 필요성을 공감하는 문화라고 생각을 합니다. 아 그리고 또 결과물에 대한 책임감과 그리고 일에 대한 자부심 전문성 등을 서로 고취 시킬 수 있는 문화가 가장 좋은 문화라고 생각을 하고요. 아무래도 이 좋은 이라는 가정 자체가 객관적일 수가 없기 때문에 어 저는 최대한 이런 소프트웨어를 개발하고 다른 사람의 개발을 도와주면서 어 더 나은 방법들을 찾아가고 그리고 사람들이 최대한 편리하게 이용할 수 있도록 그 가치를 향상시키는 것이 가장 중요하다고 생각을 합니다.","wordCount":114},"emotion":[],"intent":[{"text":"아무래도 이 좋은 이라는 가정 자체가 객관적일 수가 없기 때문에 어 저는 최대한 이런 소프트웨어를 개발하고 다른 사람의 개발을 도와주면서 어 더 나은 방법들을 찾아가고 그리고 사람들이 최대한 편리하게 이용할 수 있도록 그 가치를 향상시키는 것이 가장 중요하다고 생각을 합니다.","expression":"c_value","category":"background"}],"summary":{"text":"좋은 개발 문화는 서비스의 핵심 가치를 인지, 도메인 지식을 공유, 기술 개발에 대한 능동적인 문화, 고품질 코드를 위한 리뷰나 테스트의 필요성에 공감하는 문화, 결과물에 대한 책임감과 일에 대한 자부심 전문성 등을 서로 고취시키는 문화입니다.","wordCount":34}}},"rawDataInfo":{"question":{"fileFormat":"wav","fileSize":241358,"duration":7540,"samplingBit":16,"channelCount":1,"samplingRate":"16kHz","audioPath":"/Mock/05.ICT/Female/New/ckmk_q_ict_f_n_257529.wav"},"answer":{"fileFormat":"wav","fileSize":2058958,"duration":64340,"samplingBit":16,"channelCount":1,"samplingRate":"16kHz","audioPath":"/Mock/05.ICT/Female/New/ckmk_a_ict_f_n_257529.wav"}}}