{"version":"1.0","dataSet":{"info":{"date":"20230116","occupation":"ICT","channel":"MOCK","place":"ONLINE","gender":"FEMALE","ageRange":"-34","experience":"NEW"},"question":{"raw":{"text":"본인의 장점과 단점을 설명해 주시고 그것을 특화시키고 또 극복하기 위한 노력도 함께 설명 부탁드리겠습니다","wordCount":14},"emotion":[],"intent":[]},"answer":{"raw":{"text":"저에 장점은 일할 때 추진력이 참 좋다는 것이구요. 어 아무래도 추진력을 좋게 하려고 한 하다 보니까 결단도 빠른 편입니다. 어 팀원들의 의견을 수용하고 또 수렴하여서 어 빠른 일에 진척을 보이는 보이려고 이끄는 타입이기도 하구요. 단점으로는 아무래도 그렇다 보니 좀 여기저기 빠트리는 구멍이 많습니다. 그래서 그래서 더 팀원에 존재를 더 소중하게 여길 수 있는 계기가 되는 것 같습니다. 제가 놓치거나 뭐 빠트리는 그런 점들을 팀원이 캐치해서 도와준다던가 이런이런 점을 다시 챙겨야 한다고 말할 때 저도 아차하고 다시 그 팀원의 의견을 듣고 챙기려고 하는 편입니다.","wordCount":83},"emotion":[],"intent":[{"text":"","expression":"","category":"attitude"}],"summary":{"text":"일의 추진력이 좋아 결단도 빠르고, 의견 수용과 수렴으로 빠른 진척을 보입니다. 단점으로는 팀원을 빠트리는 구멍이 많습니다. 그래서 더 팀원을 소중히 여길 수 있게 됩니다.","wordCount":24}}},"rawDataInfo":{"question":{"fileFormat":"wav","fileSize":353678,"duration":11050,"samplingBit":16,"channelCount":1,"samplingRate":"16kHz","audioPath":"/Mock/05.ICT/Female/New/ckmk_q_ict_f_n_178107.wav"},"answer":{"fileFormat":"wav","fileSize":1483598,"duration":46360,"samplingBit":16,"channelCount":1,"samplingRate":"16kHz","audioPath":"/Mock/05.ICT/Female/New/ckmk_a_ict_f_n_178107.wav"}}}