{"version":"1.0","dataSet":{"info":{"date":"20230116","occupation":"ICT","channel":"MOCK","place":"ONLINE","gender":"FEMALE","ageRange":"-34","experience":"NEW"},"question":{"raw":{"text":"지원자님 본인께서는 이 분야에 지원하시기 위해 관련된 어떤 노력을 하셨습니까 어떤 노력들을 최대한 자세하게 어 생각나는 대로 말씀해 주세요","wordCount":19},"emotion":[],"intent":[]},"answer":{"raw":{"text":"저는 아이씨티 분야에 지원하기 위해서 어 최대한 많은 정보를 받아들이고 또 배울 수 있는 자세를 가지도록 노력하고 있습니다. 어 왜냐하면 과 기술 인터넷 정보 기술은 하루가 다르게 발전을 하고 있고 발전과 동시에 변화도 되고 있기 때문에 현재 머물러 있으면 안 된다고 생각합니다. 그래서 내가 지금 이게 맞다고 생각해도 내 일은 조금 더 발전을 하고 지금 내가 알고 있는 것이 내 일은 틀릴 수도 있다고 생각합니다. 그래서 새로운 기술을 열린 마음으로 수용할 수 있는 자세가 필요하다고 생각합니다. 그리고 그 열린 마음으로 수용하 수용하기 위해서 어 책도 많이 보고 인터넷이나 뉴스 등도 많이 접해서 새로운 기술이나 소식을 꾸준히 접하고 빨리 접할 수 있도록 노력할려고 합니다.","wordCount":103},"emotion":[],"intent":[{"text":"","expression":"","category":"attitude"}],"summary":{"text":"저는 아이씨티 분야에 지원하기 위해서 최대한 많은 정보를 받아들이고 배울 수 있는 자세를 가지도록 노력하고 있습니다. 그리고 새로운 기술을 열린 마음으로 수용할 수 있도록 책도 많이 보고 인터넷이나 뉴스 등도 많이 접하도록 노력할려고 합니다.","wordCount":34}}},"rawDataInfo":{"question":{"fileFormat":"wav","fileSize":496078,"duration":15500,"samplingBit":16,"channelCount":1,"samplingRate":"16kHz","audioPath":"/Mock/05.ICT/Female/New/ckmk_q_ict_f_n_148486.wav"},"answer":{"fileFormat":"wav","fileSize":2106318,"duration":65820,"samplingBit":16,"channelCount":1,"samplingRate":"16kHz","audioPath":"/Mock/05.ICT/Female/New/ckmk_a_ict_f_n_148486.wav"}}}