{"version":"1.0","dataSet":{"info":{"date":"20230116","occupation":"ICT","channel":"MOCK","place":"ONLINE","gender":"FEMALE","ageRange":"-34","experience":"NEW"},"question":{"raw":{"text":"지원자분께서는 따로 스터디를 하고 계신 것이 있으신지 궁금합니다 있으시다고 한다면 어떤 공부를 하고 계시고 왜 그 공부를 하고 계시는지에 대해서도 같이 답변해 주시면 좋겠습니다","wordCount":24},"emotion":[],"intent":[]},"answer":{"raw":{"text":"저는 연기 수업을 따로 하고 있습니다. 연기 수업을 왜 하고 있는지 궁금해 하실 텐데요. 사실 저는 어릴 때부터 연기에 대한 궁금증이 있었습니다. 내가 다른 사람과 이야기를 할 때 어떤 표정을 가지고 말을 하고 있는지 혹은 다양한 감정을 가졌을 때 어떤 표정이 나오는지가 항상 궁금했습니다. 그래서 저는 이 궁금증을 풀어내기 위해 연기 학원에 갔습니다. 증오를 할 때의 표정 혹은 암울할 때의 표정 측은할 때의 표정 갖가지 다른 감정들이 존재하며 다른 표정들이 존재하며 어떤 얼굴로 사람들을 대해야 하는지 이런 것들을 배울 수 있었습니다. 또한 연기 공부를 하는 것은 사회생활에도 도움이 된다고 생각을 합니다. 사회생활을 하는 것은 하나의 연기 연습이라고 생각이 됩니다. 모르는 타인들과 만나서 부대끼며 업무를 하는 것 하지만 화를 내지 않고 침착하게 업무를 해야 하는 것 이것이 바로 연기가 아닐까 라고 생각이 드는데요. 사회생활을 잘 하기 위해서는 연기가 필요하다고 생각을 합니다. 우리의 인생은 끝없는 연기의 연속이라고 생각을 합니다. 사회생활을 하지 않는 이상 연기는 끝없이 해야 하는 것이겠죠. 그래서 저는 연기를 하고 있습니다.","wordCount":151},"emotion":[],"intent":[{"text":"","expression":"","category":"attitude"}],"summary":{"text":"제가 다른 사람과 이야기를 할 때 어떤 표정을 가지고 있는지, 다양한 감정을 가졌을 때 어떤 표정이 나오는지가 궁금한 저는 연기 수업을 따로 하고 있습니다. 또한 연기 공부를 하는 것은 사회생활에도 도움이 된다고 생각합니다. 사회생활을 잘 하기 위해서는 연기가 필요하다고 생각을 합니다.","wordCount":41}}},"rawDataInfo":{"question":{"fileFormat":"wav","fileSize":555278,"duration":17350,"samplingBit":16,"channelCount":1,"samplingRate":"16kHz","audioPath":"/Mock/05.ICT/Female/New/ckmk_q_ict_f_n_270297.wav"},"answer":{"fileFormat":"wav","fileSize":3833678,"duration":119800,"samplingBit":16,"channelCount":1,"samplingRate":"16kHz","audioPath":"/Mock/05.ICT/Female/New/ckmk_a_ict_f_n_270297.wav"}}}