{"version":"1.0","dataSet":{"info":{"date":"20230116","occupation":"ICT","channel":"MOCK","place":"ONLINE","gender":"FEMALE","ageRange":"45-54","experience":"NEW"},"question":{"raw":{"text":"커뮤니케이션을 잘 할 수 있는 본인만의 스킬이 있다면 한번 소개해 주실 수 있을까요 가능하다면 직접 보여주셔도 좋을 것 같습니다","wordCount":19},"emotion":[],"intent":[]},"answer":{"raw":{"text":"어 커뮤니케이션을 잘 할 수 있는 뭐 스킬이라면 다방면에 그 잡학다식한 어떤 그 상식 지식이 있어야 되지 않나 싶습니다. 어 어떤 상대방을 만나더라도 어떤 대화에서도 이제 그 얘기를 듣고 아 맞습 맞습니다 맞아요 그런 어떤 맞장구를 쳐주는 그런 그 대화가 있을 때 상대방이 좀 기분 좋아하고 또 그런 경우가 있기 때문에요. 그러니까 맞장고를 쳐주는데 그게 진심으로 그냥 흘려듣고 그냥 하는 얘기가 아니라 진정으로 잘 귀담아 들어서 뭐 얘기를 하다가 아까 얘기했었던 뭐 이름을 상대방에 뭐 다른 친구 얘기를 했다면 그 이름까지 얘기해주면 아 이 사람이 내 얘기를 귀담아 듣는구나 이런 식으로 해서 어 좀 대화가 잘 통한다 라는 느낌을 줄 수 있을 것 같구요. 지금처럼 뭐 면접관님들이 얘 그 질문을 했을 때 거기에 정말 진심을 다해서 듣는 이런 모습이 예 중요한 것 같습니다.","wordCount":123},"emotion":[],"intent":[{"text":"","expression":"","category":"attitude"}],"summary":{"text":"커뮤니케이션을 잘 할 수 있는 스킬이라면 다방면에 잡학다식한 어떤 상식 지식이 있어야 되지 않을까 싶습니다. 어떤 상대방을 만나더라도 어떤 대화에서도 맞장구를 쳐주는 그런 대화가 있을 때 상대방이 기분 좋아하기도 하기 때문에요.","wordCount":31}}},"rawDataInfo":{"question":{"fileFormat":"wav","fileSize":623758,"duration":19490,"samplingBit":16,"channelCount":1,"samplingRate":"16kHz","audioPath":"/Mock/05.ICT/Female/New/ckmk_q_ict_f_n_181363.wav"},"answer":{"fileFormat":"wav","fileSize":2563918,"duration":80120,"samplingBit":16,"channelCount":1,"samplingRate":"16kHz","audioPath":"/Mock/05.ICT/Female/New/ckmk_a_ict_f_n_181363.wav"}}}