{"version":"1.0","dataSet":{"info":{"date":"20230116","occupation":"ICT","channel":"MOCK","place":"ONLINE","gender":"FEMALE","ageRange":"-34","experience":"NEW"},"question":{"raw":{"text":"지원자분께서 최근에 공부하고 있는 것이 있으신가요 있으시다고 하면 왜 그걸 공부하시는지 그리고 지금까지 무엇을 배웠는지에 관해서도 답변 부탁드리겠습니다","wordCount":18},"emotion":[],"intent":[]},"answer":{"raw":{"text":"네 요즘은 에스큐엘 문법에 관하여 공부하고 있습니다. 이전에 함께 프로젝트를 한 적이 있었는데 다른 팀원분이 에스큐엘 구문을 이용해서 이 데이터 자체를 참 잘 적재하시고 또 데이터 활용력이 높으신 걸 보면서 아 나도 이제 에스큐엘 문법을 제대로 공부를 해서 이 데이터 분석을 하는데 활용을 잘 해 봐야겠다 하는 생각이 많이 들더라구요. 그래서 이 에스큐엘 문법을 본격적으로 이제 공부를 하게 된 계기가 그렇습니다. 그래서 지금은 이제 에스큐엘 기본 문법은 모두 끝내고 이제 좀 윈도우 구절 같은 응용문을 배우고 있습니다.","wordCount":77},"emotion":[],"intent":[{"text":"네 요즘은 에스큐엘 문법에 관하여 공부하고 있습니다.","expression":"i_hwsw_prfi","category":"attitude"},{"text":"그래서 지금은 이제 에스큐엘 기본 문법은 모두 끝내고 이제 좀 윈도우 구절 같은 응용문을 배우고 있습니다.","expression":"i_hwsw_prfi","category":"attitude"}],"summary":{"text":"에스큐엘 구문을 이용한 데이터의 적재와 활용도를 보고 데이터 분석을 하는데 활용을 해 봐야겠다는 생각을 했습니다. 그래서 지금은 에스Q엘 문법을 모두 정리하고 응용문을 배우고 있습니다.","wordCount":24}}},"rawDataInfo":{"question":{"fileFormat":"wav","fileSize":553998,"duration":17310,"samplingBit":16,"channelCount":1,"samplingRate":"16kHz","audioPath":"/Mock/05.ICT/Female/New/ckmk_q_ict_f_n_244313.wav"},"answer":{"fileFormat":"wav","fileSize":1599118,"duration":49970,"samplingBit":16,"channelCount":1,"samplingRate":"16kHz","audioPath":"/Mock/05.ICT/Female/New/ckmk_a_ict_f_n_244313.wav"}}}