{"version":"1.0","dataSet":{"info":{"date":"20230116","occupation":"ICT","channel":"MOCK","place":"ONLINE","gender":"FEMALE","ageRange":"-34","experience":"NEW"},"question":{"raw":{"text":"현대인은 하루에 평균 세 번 정도 거짓말을 한다고 합니다 본인이 해본 기억에 남는 거짓말은 무엇인가요","wordCount":15},"emotion":[],"intent":[]},"answer":{"raw":{"text":"음 가장 기억에 남는 거짓말은 이제 어릴 때 케이크를 하루에 한 조각씩만 먹기로 했는데 제가 두 조각을 먹고 하나 포장지를 이제 문 밖으로 던졌는데 그 포장지가 아랫집 환풍기 그 에어컨 실외기 위에 딱 떨어져서 이제 아랫집에서 케이크 포장지를 들고 와서 이게 뭐냐 해서 부모님께 결국 케이크 먹은 것도 들키고 거짓말 한 것도 혼난 그런 경험이 있습니다. 그래서 그때 아 차라리 솔직하게 말해야 덜 혼난다는 걸 알게 되어서 그 뒤로는 이제 그냥 잘못을 하면은 솔직하게 이야기하려고 노력을 했던 것 같습니다.","wordCount":79},"emotion":[],"intent":[{"text":"","expression":"","category":"attitude"}],"summary":{"text":"어릴적 케이크를 하루에 한 조각씩만 먹기로 했는데 포장지를 문 밖으로 던졌는데 떨어져서 부모님께 혼난 적이 있습니다. 잘못을 하면은 솔직하게 이야기하려 노력을 했던 것 같습니다.","wordCount":24}}},"rawDataInfo":{"question":{"fileFormat":"wav","fileSize":293198,"duration":9160,"samplingBit":16,"channelCount":1,"samplingRate":"16kHz","audioPath":"/Mock/05.ICT/Female/New/ckmk_q_ict_f_n_244999.wav"},"answer":{"fileFormat":"wav","fileSize":1478478,"duration":46200,"samplingBit":16,"channelCount":1,"samplingRate":"16kHz","audioPath":"/Mock/05.ICT/Female/New/ckmk_a_ict_f_n_244999.wav"}}}