{"version":"1.0","dataSet":{"info":{"date":"20230116","occupation":"ICT","channel":"MOCK","place":"ONLINE","gender":"FEMALE","ageRange":"-34","experience":"NEW"},"question":{"raw":{"text":"커뮤니케이션을 잘 할 수 있는 본인만의 스킬이 있다면 그 스킬에 대해서 직접 한번 보여주시겠어요","wordCount":14},"emotion":[],"intent":[]},"answer":{"raw":{"text":"커뮤니케이션을 잘할 수 있는 저만의 스킬이 있다면 음 저는 개인적으로 이 스몰 토크를 통해서 분위기를 좀 환기하려고 합니다. 아 이 스킬을 주로 언제 쓰냐면 처음 미팅을 하거나 처음 팀원분을 뵀을 때 이제 처음에 아직 낯가리고 또 어색한 경우가 많으니까 어 엠비티아이나 취미 생활 요런 걸 여쭤보면서 분위기를 풀려고 하는 것 같습니다. 어 예를 들어서 아 땡땡님은 엠비티아이가 어떻게 되세요. 그러면은 아 이엔티피요 하시면은 이제 아 이엔티피 분들 되게 똑똑하시고 머리 좋으신 분들 많으시던데 어 땡땡님도 그러신가 보다 하고 대화를 합니다.","wordCount":80},"emotion":[],"intent":[{"text":"","expression":"","category":"attitude"}],"summary":{"text":"저는 개인적으로 스몰 토크를 통해서 분위기를 환기하려고 합니다. 미팅이나 팀원분을 뵀을 때 낯선 경우가 많으니까 엠비티아이나 취미 생활 같은 걸 물어보면서 분위기를 풀려고 하는 것 같습니다.","wordCount":26}}},"rawDataInfo":{"question":{"fileFormat":"wav","fileSize":268878,"duration":8400,"samplingBit":16,"channelCount":1,"samplingRate":"16kHz","audioPath":"/Mock/05.ICT/Female/New/ckmk_q_ict_f_n_204735.wav"},"answer":{"fileFormat":"wav","fileSize":1621838,"duration":50680,"samplingBit":16,"channelCount":1,"samplingRate":"16kHz","audioPath":"/Mock/05.ICT/Female/New/ckmk_a_ict_f_n_204735.wav"}}}