{"version":"1.0","dataSet":{"info":{"date":"20230116","occupation":"ICT","channel":"MOCK","place":"ONLINE","gender":"FEMALE","ageRange":"-34","experience":"NEW"},"question":{"raw":{"text":"귀하께서 생각하시는 좋은 코드란 어떤 것이라고 생각하는지 본인의 생각을 말씀해 주세요","wordCount":11},"emotion":[],"intent":[]},"answer":{"raw":{"text":"제가 생각했을 때 좋은 코드는 단순히 어 그냥 잘 쓰여진 코드 뭐 간단하게 잘 썼거나 아니면은 그 코드 자체가 굉장히 뭐 깊이가 있고 좀 어려운 코드여야지 좋은 코드라고 생각하지 않구요. 어 정말로 좋은 코드는 다른 사람들도 공감할 수 있고 뭔가 알기 쉽게 써 놓은 코드 그리고 어 설령 그게 어려운 코드일지라도 그거를 주석 처리를 해서 어떻게든 쪼금 어 설명을 많이 해줘서 다른 사람에게 이해를 도울 수 있는 코드가 저는 제일 좋은 코드라고 생각을 해요. 그러니까 단순히 코드는 음 자신의 어떤 기술을 뽐내고 뭐 그런 코드라는 것보다는 조금 다른 사람들과 공감할 수 있고 어 서로 그런 공감할 수 있는 내용 가지고 좀 커뮤니케이션을 좀 더 원활하게 할 수 있는 그런 코드가 맞다고 생각하고요. 그래서 우리가 좋은 코드를 만들려면은 어 항상 타인을 생각해서 작성을 해야 된다 라는 그런 생각을 가지고 있어요. 그래서 어 타인의 생각 없이는 그냥 쓴 코드는 그냥 자기만의 얽매어 있는 그런 코드일 뿐이다 라고 저는 생각을 합니다.","wordCount":148},"emotion":[],"intent":[{"text":"","expression":"","category":"attitude"}],"summary":{"text":"좋은 코드는 타인도 공감할 수 있고 이해하기 쉽게 써 있는 코드 그리고 어려운 코드일지라도 주석 처리를 해서 다른 사람에게 이해를 도울 수 있는 코드가 제일 좋은 코드라고 생각합니다. 단순히 기술을 과시하고 하는 것보다는 타인과 공감하고 커뮤니케이션을 원활하게 할 수 있는 그런 코드가 맞다고 생각합니다.","wordCount":44}}},"rawDataInfo":{"question":{"fileFormat":"wav","fileSize":347278,"duration":10850,"samplingBit":16,"channelCount":1,"samplingRate":"16kHz","audioPath":"/Mock/05.ICT/Female/New/ckmk_q_ict_f_n_265105.wav"},"answer":{"fileFormat":"wav","fileSize":2696078,"duration":84250,"samplingBit":16,"channelCount":1,"samplingRate":"16kHz","audioPath":"/Mock/05.ICT/Female/New/ckmk_a_ict_f_n_265105.wav"}}}