{"version":"1.0","dataSet":{"info":{"date":"20230116","occupation":"ICT","channel":"MOCK","place":"ONLINE","gender":"FEMALE","ageRange":"-34","experience":"NEW"},"question":{"raw":{"text":"일을 하게 되면 자료를 문서화할 일이 많습니다 문서화하는 작업이 왜 필요하다고 생각하는지 지원자님의 생각을 듣고 싶습니다 말씀해 주세요","wordCount":18},"emotion":[],"intent":[]},"answer":{"raw":{"text":"일단 사람이 모든 걸 기억할 수는 없기 때문에 문서화 작업이 필수적이라고 생각을 합니다. 저 같은 경우에는 이제 메모나 정리를 굉장히 못하는 편인데 부트 캠프를 하면서 너무 많은 지식을 하루 만에 배우다 보니까 이 중요가 이 정리가 얼마나 중요하고 기록이 얼마나 중요한지 알게 되었었습니다. 그래서 저 같은 경우에는 이제 노션 같은 경우에 노션 같은 거 노션 같은 앱을 사용해서 그래서 기록을 늘 했던 편인데요. 이제 기억이 나지 않을 때 다시 노션 앱에 들어가서 메모해 둔 걸 보면서 굉장히 도움을 많이 얻었었던 기억이 있기 때문에 또 저희가 일하는 측면에서 그래서 또 문서화 작업이 굉장히 중요하다고 생각합니다.","wordCount":94},"emotion":[],"intent":[{"text":"","expression":"","category":"attitude"}],"summary":{"text":"사람이 모든 걸 기억할 수는 없기 때문에 문서화 작업이 필수적입니다. 제가 메모를 굉장히 못하는 편인데 부트 캠프를 하면서 정리가 얼마나 중요하고 기록이 얼마나 중요한지를 알게 되었습니다. 그래서 노션 앱에 기록을 해 두었다가 도움을 많이 얻었습니다.","wordCount":35}}},"rawDataInfo":{"question":{"fileFormat":"wav","fileSize":543758,"duration":16990,"samplingBit":16,"channelCount":1,"samplingRate":"16kHz","audioPath":"/Mock/05.ICT/Female/New/ckmk_q_ict_f_n_244321.wav"},"answer":{"fileFormat":"wav","fileSize":1672398,"duration":52260,"samplingBit":16,"channelCount":1,"samplingRate":"16kHz","audioPath":"/Mock/05.ICT/Female/New/ckmk_a_ict_f_n_244321.wav"}}}