{"version":"1.0","dataSet":{"info":{"date":"20230116","occupation":"ICT","channel":"MOCK","place":"ONLINE","gender":"FEMALE","ageRange":"-34","experience":"NEW"},"question":{"raw":{"text":"일을 하다 보면 상사와 트러블이 생길 수도 있는데요 이럴 때 어떻게 하실 건가요 또한 상사가 혼을 낸다면 지원자님은 기분 나쁘지 않을까요","wordCount":21},"emotion":[],"intent":[]},"answer":{"raw":{"text":"업무를 함에 있어서 트러블이 생기는 것은 당연하다고 생각을 합니다. 생활을 함에 있어서 라이프 스타일도 다르고 업무를 함에 있어서 진행 방향 그리고 업무적인 방향도 다르기 때문에 이런 것들은 어떻게 커뮤니케이션 하는가가 중요할 것 같습니다. 만약 상사와 트러블이 생긴다면 최대한 상사의 편을 서서 업무를 잘 조율해 나갈 것입니다. 그리고 상사가 저에게 있어서 업무적으로는 선배이기 때문에 경험에서 나오는 것은 무시할 수 없다고 생각을 합니다. 또 상사가 혼낼 경우 기분이 당연히 나쁘겠죠. 하지만 기분이 태도가 되면 안 된다고 생각을 합니다. 업무를 함에 있어서 기분이 좋지 않다고 업무를 하지 않거나 업무를 대충하거나 이런 것은 좋은 행동은 아니라고 생각을 합니다. 혼내는 것은 당연히 그 이유가 있다고 생각을 하고 있습니다. 제가 잘못한 것이 있기 때문에 혼을 내는 것이고 기분 나쁠 필요가 없다고 생각을 합니다. 업무는 업무인 것이고 이 상사가 저에게 인신공격을 한다면 당연히 기분이 나쁘겠지만 업무적인 것으로 혼을 낸다면 기꺼이 받아들이도록 하겠습니다. 그래서 저는 상사가 혼내더라도 기분이 나쁘겠지만 기분이 곧 태도가 되지 않게 노력을 하도록 하겠습니다. 이상입니다.","wordCount":150},"emotion":[],"intent":[{"text":"하지만 기분이 태도가 되면 안 된다고 생각을 합니다.","expression":"c_value","category":"background"},{"text":"업무를 함에 있어서 기분이 좋지 않다고 업무를 하지 않거나 업무를 대충하거나 이런 것은 좋은 행동은 아니라고 생각을 합니다.","expression":"c_value","category":"background"}],"summary":{"text":"업무를 함에 있어 트러블이 생기는 것은 당연하다고 생각을 하며, 이런 것들은 어떻게 커뮤니케이션 하는가가 중요할 것 같습니다. 만약 상사와 트러가 생긴다면 최대한 상사의 편을 들어서 업무를 잘 조율해 나갈 것입니다. 상사가 혼낼 경우 기분은 나쁘겠지만 업무적인 것으로 혼을 낸다면 기꺼이 받아들이도록 하겠습니다.","wordCount":42}}},"rawDataInfo":{"question":{"fileFormat":"wav","fileSize":595918,"duration":18620,"samplingBit":16,"channelCount":1,"samplingRate":"16kHz","audioPath":"/Mock/05.ICT/Female/New/ckmk_q_ict_f_n_270295.wav"},"answer":{"fileFormat":"wav","fileSize":3716878,"duration":116150,"samplingBit":16,"channelCount":1,"samplingRate":"16kHz","audioPath":"/Mock/05.ICT/Female/New/ckmk_a_ict_f_n_270295.wav"}}}