{"version":"1.0","dataSet":{"info":{"date":"20230116","occupation":"ICT","channel":"MOCK","place":"ONLINE","gender":"FEMALE","ageRange":"-34","experience":"NEW"},"question":{"raw":{"text":"이전 직장에서 퇴사하신 후에 퇴사한 것을 후회하신 적은 없나요 있다면 왜 후회 하셨었는지도 함께 말씀 부탁드립니다","wordCount":16},"emotion":[],"intent":[]},"answer":{"raw":{"text":"저는 이전 직장에서 퇴사한 후 퇴사한 것을 후회한 적이 없습니다. 없는 이유는 총 두 가지입니다. 첫 번째로 제가 퇴사를 하거나 이직을 결정했을 때에는 어 조금 더 나은 환경에서 학업에 정진하기 위해 위에서 였기 때문입니다. 두 번째로는 제가 이직이나 퇴사를 결정한 것은 해당 직장의 분위기나 혹은 해당 직장에 사내 규범 혹은 해당 직장에서 저에게 배당해주신 업무나 직무가 저와 잘 맞지 않는다고 생각했기 때문입니다. 물론 단기적으로 봤을 때에는 그 직장에서 꾸준히 열심히 근무하면서 자신의 능력을 성장시키는 것이 더 도움이 될 수도 있겠지만 장기적으로 판단하였을 때에는 그만큼 저에게 정신적인 스트레스와 혹은 번아웃이 오는 시기가 앞당겨질 수도 있었기 때문에 저는 이전 직장을 이러한 두 가지 이유로 인해서 퇴사한 후에 퇴사한 것을 후회한 적이 없습니다.","wordCount":110},"emotion":[],"intent":[{"text":"","expression":"","category":"attitude"}],"summary":{"text":"저는 더 나은 환경에서 학업을 정진하기 위해 이전 직장에서 퇴사한 것을 후회한 적이 없습니다. 그리고 해당 직장의 분위기나 사내 규범 혹은 제가 배당해주신 업무나 직무가 저와 잘 맞지 않는다고 생각했기 때문에 이전 직장에서의 퇴사를 후회하지 않습니다.","wordCount":36}}},"rawDataInfo":{"question":{"fileFormat":"wav","fileSize":593358,"duration":18540,"samplingBit":16,"channelCount":1,"samplingRate":"16kHz","audioPath":"/Mock/05.ICT/Female/New/ckmk_q_ict_f_n_217634.wav"},"answer":{"fileFormat":"wav","fileSize":2312718,"duration":72270,"samplingBit":16,"channelCount":1,"samplingRate":"16kHz","audioPath":"/Mock/05.ICT/Female/New/ckmk_a_ict_f_n_217634.wav"}}}