{"version":"1.0","dataSet":{"info":{"date":"20230116","occupation":"ICT","channel":"MOCK","place":"ONLINE","gender":"FEMALE","ageRange":"-34","experience":"NEW"},"question":{"raw":{"text":"지금 공부하고 있는 분야가 있습니까 그 분야는 무엇이고 왜 그것을 공부하는지 또 지금까지 무엇을 배웠는지도 말씀해 주십시오","wordCount":17},"emotion":[],"intent":[]},"answer":{"raw":{"text":"지금 공부하는 분야는 에스큐엘이란 언어인데요. 이는 데이터 시각화를 위하여 두 데이터 분석에 있어서 굉장히 어 파워풀한 언어입니다. 이 강력한 언어로 데이터 시각화부터 데이터 분석을 통한 인사이트 노출 또 가설 검증까지 하는데 굉장히 유용한 도구가 되어 주는데요. 음 처음에 이 도구를 본 것은 같은 프로젝트 팀원이 어 빅쿼리에 쿼리문으로 어 데이터베이스를 적재하고 또 추출하는 과정을 보면서 알게 되었었습니다.","wordCount":57},"emotion":[],"intent":[{"text":"","expression":"","category":"attitude"}],"summary":{"text":"에스큐엘 언어는 데이터 시각화부터 인사이트 노출, 가설 검증까지 유용한 도구가 됩니다. 빅쿼리에 쿼리문으로 데이터베이스를 적재, 추출하는 과정을 보면서 알게 되었습니다.","wordCount":20}}},"rawDataInfo":{"question":{"fileFormat":"wav","fileSize":620558,"duration":19390,"samplingBit":16,"channelCount":1,"samplingRate":"16kHz","audioPath":"/Mock/05.ICT/Female/New/ckmk_q_ict_f_n_184624.wav"},"answer":{"fileFormat":"wav","fileSize":1383758,"duration":43240,"samplingBit":16,"channelCount":1,"samplingRate":"16kHz","audioPath":"/Mock/05.ICT/Female/New/ckmk_a_ict_f_n_184624.wav"}}}