{"version":"1.0","dataSet":{"info":{"date":"20230116","occupation":"ICT","channel":"MOCK","place":"ONLINE","gender":"FEMALE","ageRange":"-34","experience":"NEW"},"question":{"raw":{"text":"협업을 하는 과제가 있고 혼자서 진행할 수 있는 과제가 있다고 했을 때 지원자분께서는 둘 중에 무엇을 더 선호하시는지 궁금합니다 그와 같은 이유도 함께 이야기해 주시면 좋겠습니다","wordCount":26},"emotion":[],"intent":[]},"answer":{"raw":{"text":"저는 협업하는 과제를 더 좋아합니다. 원래 프로젝트를 경험하기 전에는 혼자하는 과제에 대해 더 좋아했지만 협업을 하면서 다른 분들과 소통을 하게 되면서 프로젝트의 질 자체가 굉장히 올라가는 것을 경험한 이유로는 이후로는 협업하는 과제를 훨씬 더 선호하게 되었습니다. 이 협업하는 과제의 장점은 모르는 저의 생각과 위크 포인트까지 다른 분들이 잡아내어 이 프로젝트를 더 좋은 방향성으로 이끌 수 있고 또 저도 다른 분들의 의견을 들어보면서 제 생각의 폭을 넓히고 경험 다른 분들의 경험까지 흡수할 수 있기 때문에 저는 협업하는 과제가 훨씬 더 좋다고 생각합니다.","wordCount":81},"emotion":[],"intent":[{"text":"원래 프로젝트를 경험하기 전에는 혼자하는   과제에 대해 더 좋아했지만 협업을 하면서 다른 분들과 소통을 하게 되면서   프로젝트의 질 자체가 굉장히 올라가는 것을 경험한 이유로는 이후로는   협업하는 과제를 훨씬 더 선호하게 되었습니다.","expression":"c_cop","category":"personality"},{"text":"이 협업하는 과제의 장점은   모르는 저의 생각과 위크 포인트까지 다른 분들이 잡아내어 이 프로젝트를   더 좋은 방향성으로 이끌 수 있고 또 저도 다른 분들의 의견을 들어보면서   제 생각의 폭을 넓히고 경험 다른 분들의 경험까지 흡수할 수 있기 때문에   저는 협업하는 과제가 훨씬 더 좋다고 생각합니다.","expression":"c_cop","category":"personality"}],"summary":{"text":"협업하는 과제를 더 좋아하는 이유는 다른 분들과 소통을 하게 되면서 프로젝트의 질이 굉장히 올라가기 때문입니다. 협업하는 과제의 장점은 모르는 저의 생각과 위크 포인트까지 다른 분들이 잡아내어 좋은 방향성으로 이끌 수 있습니다.","wordCount":31}}},"rawDataInfo":{"question":{"fileFormat":"wav","fileSize":572878,"duration":17900,"samplingBit":16,"channelCount":1,"samplingRate":"16kHz","audioPath":"/Mock/05.ICT/Female/New/ckmk_q_ict_f_n_177773.wav"},"answer":{"fileFormat":"wav","fileSize":1518158,"duration":47440,"samplingBit":16,"channelCount":1,"samplingRate":"16kHz","audioPath":"/Mock/05.ICT/Female/New/ckmk_a_ict_f_n_177773.wav"}}}