{"version":"1.0","dataSet":{"info":{"date":"20230116","occupation":"ICT","channel":"MOCK","place":"ONLINE","gender":"FEMALE","ageRange":"-34","experience":"NEW"},"question":{"raw":{"text":"시간이 부족했지만 프로젝트를 성공시킨 경험이 있으시면 시간이 부족했던 문제를 어떻게 해결하였는지 설명을 해 주시길 부탁드립니다","wordCount":15},"emotion":[],"intent":[]},"answer":{"raw":{"text":"시간이 촉박할 때 저는 일 분 일 초 단위로 계획을 세웠습니다. 밥 먹는 시간도 아껴 가면서 한다는 그런 마음 가짐으로 쪽지에 써 놓고 짜잘짜잘한 그 시간이라도 굉장히 활용하기 위해 많은 노력을 했던 것 같습니다. 또 어 저 혼자 하면은 갑자기 좀 처지고 졸리면 자고 이런 일이 있어서 이 시험 기간 메이트 인 친구가 있었습니다. 그래서 그 친구와 서로 깨워 가면서 자지 말자 우리 내일 많이 잘 수 있다 그러니 오늘은 자지 말자 하고 서로 다짐하고 또 용기를 많이 불어 넣어주면서 함께 공부를 했고 또 시간 관리도 서로 체크를 해주면서 했던 것 같습니다.","wordCount":92},"emotion":[],"intent":[{"text":"","expression":"","category":"attitude"}],"summary":{"text":"저는 시간이 촉박할 때 일 분 일 초 단위로 계획을 세웠습니다. 또 시험 기간 메이트인 친구가 있었는데 서로 다짐하고 함께 공부를 했고 시간 관리도 서로 체크를 해주면서 했던 것 같습니다.","wordCount":30}}},"rawDataInfo":{"question":{"fileFormat":"wav","fileSize":463438,"duration":14480,"samplingBit":16,"channelCount":1,"samplingRate":"16kHz","audioPath":"/Mock/05.ICT/Female/New/ckmk_q_ict_f_n_178220.wav"},"answer":{"fileFormat":"wav","fileSize":1552718,"duration":48520,"samplingBit":16,"channelCount":1,"samplingRate":"16kHz","audioPath":"/Mock/05.ICT/Female/New/ckmk_a_ict_f_n_178220.wav"}}}