{"version":"1.0","dataSet":{"info":{"date":"20230116","occupation":"ICT","channel":"MOCK","place":"ONLINE","gender":"FEMALE","ageRange":"35-44","experience":"NEW"},"question":{"raw":{"text":"이루고 싶은 인생의 목표가 있다면 왜 그것을 이루고 싶은지 말씀해 주세요","wordCount":11},"emotion":[],"intent":[]},"answer":{"raw":{"text":"저 같은 경우에는 후배들을 양성해 보고 싶다 라는 생각들을 많이 하고 있습니다. 제가 지금 아이씨티 전문가로서 활동을 할 수 있다 라면 제 업무에 있어서 스스로 성과를 내고 샐러리를 올리고 또 조직원들과 함께 협업하고 이런 부분이 굉장히 보람도 느껴지고 또 커리어적인 성공이라고 생각을 합니다. 그렇지만 제 최종 목표는 제 후배들을 양성하는 그런 전문가가 되는 것입니다. 제 본인 업무를 잘 할 수는 있지만 제가 잘하는 것을 다른 사람과 나누는 일은 조금 많은 노력들이 필요하다 라고 생각하고 있습니다. 그래서 저는 제가 아는 것을 타인에게 잘 설명할 수 있도록 스스로 커뮤니케이션하는 그런 연습도 하고 있고 또 이런 부분에 대해서 어떻게 하면 후배들에게 더 쉽게 설명할 수 있을까 라는 부분에 대해서 스스로 고민해 보고 또 매뉴얼 북도 직접 제작해 보고 그러한 형식으로 최대한 어 제 인생의 목표를 이루기 위해서 많이 노력 중에 있습니다.","wordCount":128},"emotion":[],"intent":[{"text":"","expression":"","category":"attitude"}],"summary":{"text":"제가 아이씨티 전문가로서 활동을 할 수 있다면 제 업무에 있어서 스스로 성과를 내고 샐러리를 올리고 또 조직원들과 함께 협업하는 부분이 굉장히 보람도 느끼며 커리어적인 성공이라고 생각하며, 제 최종 목표는 제 후배들을 양성하는 그런 전문가가 되는 것입니다.","wordCount":36}}},"rawDataInfo":{"question":{"fileFormat":"wav","fileSize":243278,"duration":7600,"samplingBit":16,"channelCount":1,"samplingRate":"16kHz","audioPath":"/Mock/05.ICT/Female/New/ckmk_q_ict_f_n_195399.wav"},"answer":{"fileFormat":"wav","fileSize":2538958,"duration":79340,"samplingBit":16,"channelCount":1,"samplingRate":"16kHz","audioPath":"/Mock/05.ICT/Female/New/ckmk_a_ict_f_n_195399.wav"}}}