{"version":"1.0","dataSet":{"info":{"date":"20230116","occupation":"ICT","channel":"MOCK","place":"ONLINE","gender":"FEMALE","ageRange":"35-44","experience":"NEW"},"question":{"raw":{"text":"지원자님의 단점이 있다면 말씀해 주시고 이를 보완하기 위해서 했던 노력이 있다면 함께 말씀해 주세요 솔직한 답변 부탁드립니다","wordCount":17},"emotion":[],"intent":[]},"answer":{"raw":{"text":"저는 어렸을 때부터 아이티 산업에 관심이 많았습니다. 하지만 저의 전공은 아이티 관련과가 아니라 어 일반적인 사회학과를 전공을 했는데요. 이것이 저의 단점으로 작용할 수 있을 것 같습니다. 어 저는 아이티 관련과를 나오지 않았지만 어 않았기 때문에 이를 보완하기 위해서 어 국제 자격증 또는 국가 인증 자격증을 따기 위해서 많은 노력을 했습니다. 사회학과에 다니고 있었지만 어 틈틈이 시간이 날 때마다 학원을 다니면서 어 정보처리기사 자격증도 땄었구요. 산업기사 자격증도 땄고 그 외에 코딩 작업이라고 할지 아 앱을 개발하는 프로그램에 대한 어 공부를 전공과 상관없이 지속적으로 병행했습니다. 그리고 어 아이티 관련 전공이 아니라는 단점을 보완하기 위해 여러 가지 프로젝트들을 많이 진행을 했습니다. 어 대학 다닐 때 어 그 앱을 개발하는 동호회에 가입을 해서 어 동료들과 함께 친구들과 함께 여러 가지 앱을 개발해 보기도 했습니다. 하지만 저는 저의 전공이 아이 티관련이 아니라 사회학과 라는 것이 어 이 분야에 지원을 할 때 어 큰 장점으로 작용 될 수 있다고 생각합니다. 아이티 기술이라고 함은 이 기술을 바탕으로 어 사람들에게 조금 더 편리하고 어 그리고 사용하기 편한 어 앱을 어 개발하는 것이 목적이라고 생각을 합니다. 그러기 위해서는 사람들이 무엇을 필요하는지 알아야 되는 것이 중요하다고 생각하기 때문에 저의 단점이 곧 장점이 될 수 있다고 생각합니다.","wordCount":186},"emotion":[{"text":"하지만 저의 전공은 아이티 관련과가 아니라 어 일반적인 사회학과를 전공을 했는데요.","expression":"u-fact","category":"neutral"},{"text":"산업기사 자격증도 땄고 그 외에 코딩 작업이라고 할지 아 앱을 개발하는 프로그램에 대한 어 공부를 전공과 상관없이 지속적으로 병행했습니다.","expression":"u-fact","category":"neutral"},{"text":"어 대학 다닐 때 어 그 앱을 개발하는 동호회에 가입을 해서 어 동료들과 함께 친구들과 함께 여러 가지 앱을 개발해 보기도 했습니다.","expression":"u-fact","category":"neutral"}],"intent":[{"text":"하지만 저의 전공은 아이티 관련과가 아니라 어 일반적인 사회학과를 전공을 했는데요.","expression":"c_private","category":"background"},{"text":"어 저는 아이티 관련과를 나오지 않았지만 어 않았기 때문에 이를 보완하기 위해서 어 국제 자격증 또는 국가 인증 자격증을 따기 위해서 많은 노력을 했습니다.","expression":"c_imp","category":"personality"},{"text":"사회학과에 다니고 있었지만 어 틈틈이 시간이 날 때마다 학원을 다니면서 어 정보처리기사 자격증도 땄었구요.","expression":"c_imp","category":"personality"},{"text":"산업기사 자격증도 땄고 그 외에 코딩 작업이라고 할지 아 앱을 개발하는 프로그램에 대한 어 공부를 전공과 상관없이 지속적으로 병행했습니다.","expression":"c_imp","category":"personality"},{"text":"어 대학 다닐 때 어 그 앱을 개발하는 동호회에 가입을 해서 어 동료들과 함께 친구들과 함께 여러 가지 앱을 개발해 보기도 했습니다.","expression":"c_cop","category":"personality"}],"summary":{"text":"저는 어렸을 때부터 아이티 산업에 관심이 많았지만 전공은 아이티 관련과가 아니라 일반적인 사회학과를 전공했습니다. 그래서 이것을 보완하기 위해 자격증을 따고 여러 프로젝트를 했습니다. 하지만 전공이 아이티 관련이 아니라 사회학과라는 것이 이 분야에 지원을 할 때 큰 장점으로 작용 될 수 있을 것 같습니다. 아이티 기술은 사람들에게 편리하고 사용하기 쉬운 앱을 개발하는 것이 목적이라고 생각하기 때문에 이것이 곧 장점이 될 것입니다.","wordCount":60}}},"rawDataInfo":{"question":{"fileFormat":"wav","fileSize":556558,"duration":17390,"samplingBit":16,"channelCount":1,"samplingRate":"16kHz","audioPath":"/Mock/05.ICT/Female/New/ckmk_q_ict_f_n_250393.wav"},"answer":{"fileFormat":"wav","fileSize":3847118,"duration":120220,"samplingBit":16,"channelCount":1,"samplingRate":"16kHz","audioPath":"/Mock/05.ICT/Female/New/ckmk_a_ict_f_n_250393.wav"}}}