{"version":"1.0","dataSet":{"info":{"date":"20230116","occupation":"ICT","channel":"MOCK","place":"ONLINE","gender":"FEMALE","ageRange":"-34","experience":"NEW"},"question":{"raw":{"text":"이 일을 하다 보면 협업을 할 일이 많이 생길 수 있는데 이전 직장에서나 대학에서 협업을 할 때 어려운 점은 없으셨나요","wordCount":20},"emotion":[],"intent":[]},"answer":{"raw":{"text":"네 이전 직장이나 대학에서 협업할 때 그렇게 어려운 점은 없었습니다. 어 물론 협업을 하면서 상호 간의 커뮤니케이션이 참 중요하다는 생각을 했었고 또 커뮤니케이션 능력을 발휘하고 또 키우기 위해 많은 노력을 했던 것 같습니다. 이 커뮤니케이션이란 게 다들 살아오신 방식이 다르고 생각해 오신 방식이 다르기 때문에 그분들이 어떤 의도와 어떤 목적을 가지고 이렇게 말씀하셨는지를 파악하려고 많은 노력을 기울였던 것 같습니다.","wordCount":59},"emotion":[],"intent":[{"text":"어 물론 협업을 하면서 상호 간의 커뮤니케이션이 참 중요하다는 생각을 했었고   또 커뮤니케이션 능력을 발휘하고 또 키우기 위해 많은 노력을 했던 것   같습니다.","expression":"c_cop","category":"personality"}],"summary":{"text":"이전 직장이나 대학에서 협업할 때 그리 어려운 점은 없었지만, 협업을 하면서 상호 간의 커뮤니케이션이 중요하다는 생각을 했고 커뮤니케이션 능력을 발휘하기 위해 많은 노력을 했습니다.","wordCount":24}}},"rawDataInfo":{"question":{"fileFormat":"wav","fileSize":352078,"duration":11000,"samplingBit":16,"channelCount":1,"samplingRate":"16kHz","audioPath":"/Mock/05.ICT/Female/New/ckmk_q_ict_f_n_191124.wav"},"answer":{"fileFormat":"wav","fileSize":1283918,"duration":40120,"samplingBit":16,"channelCount":1,"samplingRate":"16kHz","audioPath":"/Mock/05.ICT/Female/New/ckmk_a_ict_f_n_191124.wav"}}}