{"version":"1.0","dataSet":{"info":{"date":"20230116","occupation":"ICT","channel":"MOCK","place":"ONLINE","gender":"FEMALE","ageRange":"-34","experience":"NEW"},"question":{"raw":{"text":"지원자님께서는 회사의 덕목이 무엇이라고 생각하십니까 또 지원자님께서는 어떤 회사가 좋은 회사라고 생각하시는지도 함께 말씀해 주세요","wordCount":15},"emotion":[],"intent":[]},"answer":{"raw":{"text":"저는 안정적인 회사가 가장 좋은 회사라고 생각을 합니다. 저의 성향상 크게 모험은 하지 않는 편이고 어 주어진 걸 저의 능력 안에서 최선을 다 하고자 하는 편이고 어느 정도는 틀과 안전성을 갖춘 회사가 전 많이 편하더라구요. 제 성향상 또 그 집단 구성원들 하나 하나의 의견에 좀 귀를 기울여 주고 이 집단 구성원의 의도 이 회사가 더 잘 되기 위해서는 이 집단의 구성원들이 이 회사를 위해 또 나를 위해 더 잘 이야기 할 수 있 일하게 할 수 있는 그런 분위기를 함양하는 회사가 좋은 회사라고 생각을 합니다.","wordCount":85},"emotion":[],"intent":[{"text":"","expression":"","category":"attitude"}],"summary":{"text":"저는 모험은 하지 않는 성향이라 어느 정도는 틀과 안정성을 갖춘 회사가 편합니다. 또한 집단 구성원들의 의견에 귀기울이고 회사와 구성원들을 위해 잘 이야기 할 수 있는 분위기를 만드는 회사가 좋은 회사라고 생각합니다.","wordCount":31}}},"rawDataInfo":{"question":{"fileFormat":"wav","fileSize":566478,"duration":17700,"samplingBit":16,"channelCount":1,"samplingRate":"16kHz","audioPath":"/Mock/05.ICT/Female/New/ckmk_q_ict_f_n_265404.wav"},"answer":{"fileFormat":"wav","fileSize":1718478,"duration":53700,"samplingBit":16,"channelCount":1,"samplingRate":"16kHz","audioPath":"/Mock/05.ICT/Female/New/ckmk_a_ict_f_n_265404.wav"}}}