{"version":"1.0","dataSet":{"info":{"date":"20230116","occupation":"ICT","channel":"MOCK","place":"ONLINE","gender":"FEMALE","ageRange":"-34","experience":"NEW"},"question":{"raw":{"text":"만약 상사가 업무와 무관한 일을 계속 시킨다면 그때 잘 수행할 자신이 있으신가요 아니면 수행하지 않으실 건가요","wordCount":16},"emotion":[],"intent":[]},"answer":{"raw":{"text":"업무와 무관한 일을 시키셔도 저는 잘 수행을 할 것 같습니다. 음 회사 분위기에 잘 따라가고 싶은 욕심도 있고 또 어 그렇게 사소한 일이라면은 업무에 지장이 없는 사소한 일이라면은 제가 수행해도 큰 무리는 없을 거라는 생각이 많이 듭니다. 또 이렇게 일을 시키셔서 제 업무에 지장이 가거나 뭐 제 저나 이제 회사에 불상사가 생기면은 그거는 안 될 일이지만 사소한 심부름 같은 정도는 충분히 할 수 있다고 생각합니다.","wordCount":65},"emotion":[],"intent":[{"text":"","expression":"","category":"attitude"}],"summary":{"text":"업무와 무관한 일을 시키셔도 저는 잘 수행을 할 것 같습니다. 업무에 지장이 없는 사소한 일들이라면 제가 수행해도 큰 무리는 없을 거라는 생각이 많이 듭니다.","wordCount":24}}},"rawDataInfo":{"question":{"fileFormat":"wav","fileSize":330958,"duration":10340,"samplingBit":16,"channelCount":1,"samplingRate":"16kHz","audioPath":"/Mock/05.ICT/Female/New/ckmk_q_ict_f_n_218552.wav"},"answer":{"fileFormat":"wav","fileSize":1385678,"duration":43300,"samplingBit":16,"channelCount":1,"samplingRate":"16kHz","audioPath":"/Mock/05.ICT/Female/New/ckmk_a_ict_f_n_218552.wav"}}}