{"version":"1.0","dataSet":{"info":{"date":"20230116","occupation":"ICT","channel":"MOCK","place":"ONLINE","gender":"FEMALE","ageRange":"-34","experience":"NEW"},"question":{"raw":{"text":"지원자분은 프로그래밍 언어에 관해서 자세하게 알고 계십니까 알고 계신다면 본인이 생각하실 때 가장 자신 있는 프로그래밍 언어는 무엇인가요 그 언어의 장점과 단점에 대해서도 말씀해 주시기 바랍니다","wordCount":26},"emotion":[],"intent":[]},"answer":{"raw":{"text":"제가 가장 자신 있는 언어는 파이선입니다. 파이선의 장점은 일단 인터프리터 언어라서 바로바로 즉각적으로 답을 확인할 수가 있고 그리고 인간이 쓰는 자연어와 가장 가깝다고 생각을 해서 다양하게 활용도 할 수 있고 배울 수 배우기도 쉽고 그리고 응용하기도 쉽다고 생각하고 요즘 가장 많이 사용한다는 언어 중의 하나인 것을 장점이라고 될 수 있겠다고 생각을 합니다. 하지만 단점은 예전에 기존에 쓰던 자바 씨 언어와 비슷하게 구동하는 건 아직까지 조금 무리가 있고 아직 상용화되기는 좀 어렵다 라고 생각을 하고 있습니다.","wordCount":75},"emotion":[],"intent":[{"text":"파이선의 장점은 일단 인터프리터 언어라서 바로바로 즉각적으로 답을 확인할 수가 있고 그리고 인간이 쓰는 자연어와 가장 가깝다고 생각을 해서 다양하게 활용도 할 수 있고 배울 수 배우기도 쉽고 그리고 응용하기도 쉽다고 생각하고 요즘 가장 많이 사용한다는 언어 중의 하나인 것을 장점이라고 될 수 있겠다고 생각을 합니다.","expression":"i_prg","category":"technology"}],"summary":{"text":"제가 가장 자신 있는 언어는 파이선입니다. 파이선은 인터프리터 언어라서 답을 즉시 확인할 수 있고 자연어와 가깝고 활용도 쉽습니다. 장점은 요즘 가장 많이 사용하는 언어 중의 하나인 것을 장점입니다. 단점은 상용화되기는 어렵습니다.","wordCount":31}}},"rawDataInfo":{"question":{"fileFormat":"wav","fileSize":517198,"duration":16160,"samplingBit":16,"channelCount":1,"samplingRate":"16kHz","audioPath":"/Mock/05.ICT/Female/New/ckmk_q_ict_f_n_221293.wav"},"answer":{"fileFormat":"wav","fileSize":1511758,"duration":47240,"samplingBit":16,"channelCount":1,"samplingRate":"16kHz","audioPath":"/Mock/05.ICT/Female/New/ckmk_a_ict_f_n_221293.wav"}}}