{"version":"1.0","dataSet":{"info":{"date":"20230116","occupation":"ICT","channel":"MOCK","place":"ONLINE","gender":"FEMALE","ageRange":"-34","experience":"NEW"},"question":{"raw":{"text":"어 일을 하다 보면 우리는 업무량이 과도하게 많아지는 상황이 발생할 수 있습니다 어 그래도 잘 버틸 자신이 있으신지 일단 여쭙고 싶습니다","wordCount":21},"emotion":[],"intent":[]},"answer":{"raw":{"text":"업무량이 과도하게 많아지는데 그 정도와 기간에 따라서 다를 것 같습니다. 워라벨을 무시하지는 않는 편이라 너무 과도하게 많아지고 또 몇 달 간 정시 퇴근이 불가능해진다면 회사에서 지속적으로 일하게 될 가능성이 낮아질 것 같습니다. 음 또 잘 버티다 라는 표현을 안 좋아하기도 해서 네 그래서 저는 과도한 업무량이 또 일의 효율을 많이 떨어뜨린다고 생각하는 편이기도 합니다. 잘 버틸 자신은 솔직히 말하면 없고 어느 정도의 워라벨에 완전히 갖춘 환경에서 일하고 싶은 욕심이 있습니다.","wordCount":70},"emotion":[],"intent":[{"text":"","expression":"","category":"attitude"}],"summary":{"text":"업무량이 과도하게 많아지거나 정시 퇴근이 불가능해진다면 회사에서 지속적으로 일하게 될 가능성이 낮아질 것 같습니다. 어느 정도의 워라벨에 완전히 갖춘 환경에서 일하고 싶은 욕심이 있습니다.","wordCount":24}}},"rawDataInfo":{"question":{"fileFormat":"wav","fileSize":463438,"duration":14480,"samplingBit":16,"channelCount":1,"samplingRate":"16kHz","audioPath":"/Mock/05.ICT/Female/New/ckmk_q_ict_f_n_194424.wav"},"answer":{"fileFormat":"wav","fileSize":1450318,"duration":45320,"samplingBit":16,"channelCount":1,"samplingRate":"16kHz","audioPath":"/Mock/05.ICT/Female/New/ckmk_a_ict_f_n_194424.wav"}}}