{"version":"1.0","dataSet":{"info":{"date":"20230116","occupation":"ICT","channel":"MOCK","place":"ONLINE","gender":"FEMALE","ageRange":"55-","experience":"NEW"},"question":{"raw":{"text":"지원자님께서는 평소에 개인 작업을 많이 진행하시는 편인가요 만약 그렇다면 작업을 많이 할 수 있게 만드는 원동력은 무엇이라고 생각하는지 말씀 부탁드립니다","wordCount":20},"emotion":[],"intent":[]},"answer":{"raw":{"text":"네 저는 개인 작업을 많이 하는 편입니다. 제가 이렇게 할 수 있는 원동력은 우선은 규칙적인 운동과 그리고 규칙적인 마음 훈련이라고 말씀드리겠습니다. 작업을 함에 있어 많은 에너지가 필요합니다. 때문에 작업을 유지할 수 있는 에너지가 항상 충족이 되어야 하는데요. 저는 이 부분을 운동에서 채우고 있습니다. 운동을 하면 몸과 마음이 상쾌해지고 많은 아이디어와 힘을 얻을 수 있기 때문에 많은 도움을 주고 있습니다. 또한 개인이 주도적으로 일을 하기 위해서는 저의 마음을 다스리는 일이 굉장히 중요합니다. 마음의 높낮이에 따라서 에너지의 차이는 엄청나다는 걸 알고 있기 때문에 저는 작업만큼이나 제 스스로의 컨디션을 유지하는 거에 힘을 싣고 있습니다. 이 부분이 제가 작업을 하는데 힘이 되는 부분이기 때문에 항상 훈련을 하며 그 속도를 늦추지 않고 있습니다.","wordCount":108},"emotion":[],"intent":[{"text":"","expression":"","category":"attitude"}],"summary":{"text":"개인 작업을 많이 하는 저는 규칙적인 운동과 규칙적인 마음 훈련을 통해 작업을 유지할 수 있는 에너지를 항상 충족시키고 있습니다. 또한 개인의 주도적인 일을 하기 위해서는 마음을 다스리는 일이 굉장히 중요합니다.","wordCount":30}}},"rawDataInfo":{"question":{"fileFormat":"wav","fileSize":570958,"duration":17840,"samplingBit":16,"channelCount":1,"samplingRate":"16kHz","audioPath":"/Mock/05.ICT/Female/New/ckmk_q_ict_f_n_161077.wav"},"answer":{"fileFormat":"wav","fileSize":2708878,"duration":84650,"samplingBit":16,"channelCount":1,"samplingRate":"16kHz","audioPath":"/Mock/05.ICT/Female/New/ckmk_a_ict_f_n_161077.wav"}}}