{"version":"1.0","dataSet":{"info":{"date":"20230116","occupation":"ICT","channel":"MOCK","place":"ONLINE","gender":"FEMALE","ageRange":"35-44","experience":"NEW"},"question":{"raw":{"text":"면접자님께서는 이루고 싶은 인생의 목표가 있나요 있다면 왜 그것을 이루고 싶은지도 함께 설명 부탁드립니다","wordCount":14},"emotion":[],"intent":[]},"answer":{"raw":{"text":"제 인생 목표는 경제적인 자유를 이루는 것입니다. 그 이유는 경제적인 자유를 얻은 사람들은 시간의 자유로움도 함께 얻었더라고요. 그래서 그들의 삶을 지켜보면 굉장히 여유있고 윤택한 삶을 살기도 하지만 시간에 제약 없이 자신이 이루고자 하는 일들을 또다시 계획해서 실천하는 모습을 많이 보았습니다. 그래서 저도 경제적 자유를 이루고 시간의 자유를 얻어서 제가 하고 싶은 다른 여러 가지 일들을 해보고 싶습니다.","wordCount":57},"emotion":[],"intent":[{"text":"","expression":"","category":"attitude"}],"summary":{"text":"시간의 자유로움을 얻은 사람들은 시간에 제약 없이 자신이 이루고자 하는 일들을 다시 계획해서 실천하는 모습을 많이 보았습니다. 제 인생 목표는 경제적인 자유를 이루는 것입니다.","wordCount":24}}},"rawDataInfo":{"question":{"fileFormat":"wav","fileSize":368078,"duration":11500,"samplingBit":16,"channelCount":1,"samplingRate":"16kHz","audioPath":"/Mock/05.ICT/Female/New/ckmk_q_ict_f_n_242074.wav"},"answer":{"fileFormat":"wav","fileSize":1419918,"duration":44370,"samplingBit":16,"channelCount":1,"samplingRate":"16kHz","audioPath":"/Mock/05.ICT/Female/New/ckmk_a_ict_f_n_242074.wav"}}}