{"version":"1.0","dataSet":{"info":{"date":"20230116","occupation":"ICT","channel":"MOCK","place":"ONLINE","gender":"FEMALE","ageRange":"-34","experience":"NEW"},"question":{"raw":{"text":"지원자님께서 왜 이 분야에 관심을 가지게 되었고 또 지원하게 되었는지 궁금한데요 지원자님이 관심을 가진 이유와 지원자님의 지원 동기를 말씀해 주시기 바랍니다","wordCount":21},"emotion":[],"intent":[]},"answer":{"raw":{"text":"어 개발이라는 직무를 접하게 된 것은 저희 학과에서 어 의료 딥러닝을 배우거나 기초적인 프로그래밍 언어를 배울 때였습니다. 그때 당시 제가 생각 제가 이전에는 수학 문제를 그냥 풀 때 그냥 종이에 쓰고 그에 따른 공식에 따른 흐름을 알면 됐었지만 코드로 옮기기에는 처음에는 너무 어려웠습니다. 그렇지만 제가 했던 어 소프트웨어나 하드웨어의 코딩을 했을 때 제가 생각했던 그 로직대로 돌아가서 뭐 엘이디에 불이 켜진다던지 아니면 어떤 프로그램이 만들어졌다던지 그런 결과물을 확인하면서 뭐 너무 뿌듯한 마음이 생겨서 개발자로 진행하고 싶다 라는 생각을 가지고 의료 소프트웨어 개발자에 지원하게 되었습니다.","wordCount":84},"emotion":[{"text":"그때 당시 제가 생각 제가 이전에는 수학 문제를 그냥 풀 때 그냥 종이에 쓰고 그에 따른 공식에 따른 흐름을 알면 됐었지만 코드로 옮기기에는 처음에는 너무 어려웠습니다.","expression":"n-distress","category":"negative"}],"intent":[{"text":"어 개발이라는 직무를 접하게 된 것은 저희 학과에서 어 의료 딥러닝을 배우거나 기초적인 프로그래밍 언어를 배울 때였습니다.","expression":"c_private","category":"background"},{"text":"그렇지만 제가 했던 어 소프트웨어나 하드웨어의 코딩을 했을 때 제가 생각했던 그 로직대로 돌아가서 뭐 엘이디에 불이 켜진다던지 아니면 어떤 프로그램이 만들어졌다던지 그런 결과물을 확인하면서 뭐 너무 뿌듯한 마음이 생겨서 개발자로 진행하고 싶다 라는 생각을 가지고 의료 소프트웨어 개발자에 지원하게 되었습니다.","expression":"c_sincere_job","category":"etc"}],"summary":{"text":"개발이라는 직무를 접하게 된 것은 의료 딥러닝이나 기초적인 프로그래밍 언어를 배울 때입니다. 처음에는 코드로 옮기기가 어려웠지만 결과물을 확인하면서 뿌듯한 마음이 생겨서 의료 소프트웨어 개발자에 지원하게 되었습니다.","wordCount":26}}},"rawDataInfo":{"question":{"fileFormat":"wav","fileSize":633678,"duration":19800,"samplingBit":16,"channelCount":1,"samplingRate":"16kHz","audioPath":"/Mock/05.ICT/Female/New/ckmk_q_ict_f_n_277466.wav"},"answer":{"fileFormat":"wav","fileSize":1769038,"duration":55280,"samplingBit":16,"channelCount":1,"samplingRate":"16kHz","audioPath":"/Mock/05.ICT/Female/New/ckmk_a_ict_f_n_277466.wav"}}}