{"version":"1.0","dataSet":{"info":{"date":"20230116","occupation":"ICT","channel":"MOCK","place":"ONLINE","gender":"FEMALE","ageRange":"-34","experience":"NEW"},"question":{"raw":{"text":"지원자님께서 직장을 선택할 때 가장 중요하게 생각하는 것은 무엇인가요 세 가지를 골라서 각각 말씀 부탁드립니다","wordCount":15},"emotion":[],"intent":[]},"answer":{"raw":{"text":"네 제가 직장을 선택할 때 가장 중요한 것 세 가지는 하나는 안전성 하나는 지속성 제 세 번째는 동료입니다. 아 먼저 아 첫 번째는 돈입니다. 첫 번째는 왜 돈을 원하냐면 돈이 중요하다고 생각하냐면 일단 돈을 벌기 위해서 일을 하는 이유가 가장 크기 때문이기도 하고요. 그렇지만 너무 돈만 바라면서 일을 하는 건 아니고 또 두 번째로 지속성을 원하는데 이 회사에서 배울 수 있는 점이 많고 또 오랫동안 이곳에서 일을 해도 내가 성장할 수 있는지 굉장히 중요하게 보게 되는 것 같습니다. 어 성장할 수 없다면 그 회사에서 일을 하는 의미가 이제 크게 없다고 생각이 되기도 하고요. 또 세 번째는 이제 어 함께하는 동료들과 보내는 시간이 또 많다 보니까 또 팀의 프로젝트 효율성에 동료분들이 참 중요하다는 생각도 있어서 네 동료분들에 대해 중요하게 생각하는 것 같습니다.","wordCount":121},"emotion":[],"intent":[{"text":"","expression":"","category":"attitude"}],"summary":{"text":"직장 선택의 중요 요소는 안정성과 지속성, 그리고 동료입니다. 돈을 원하는데 이유는 돈을 벌기 위해서 일을 하는 이유가 크고, 지속성을 원하는데 회사에서 배울 점이 많고 함께 일을 해도 성장 가능성이 중요하기 때문입니다. 또한 동료분들이 프로젝트 효율성에 중요하기 때문에 중요하게 생각합니다.","wordCount":39}}},"rawDataInfo":{"question":{"fileFormat":"wav","fileSize":603278,"duration":18850,"samplingBit":16,"channelCount":1,"samplingRate":"16kHz","audioPath":"/Mock/05.ICT/Female/New/ckmk_q_ict_f_n_245000.wav"},"answer":{"fileFormat":"wav","fileSize":2183758,"duration":68240,"samplingBit":16,"channelCount":1,"samplingRate":"16kHz","audioPath":"/Mock/05.ICT/Female/New/ckmk_a_ict_f_n_245000.wav"}}}