{"version":"1.0","dataSet":{"info":{"date":"20230116","occupation":"ICT","channel":"MOCK","place":"ONLINE","gender":"FEMALE","ageRange":"-34","experience":"NEW"},"question":{"raw":{"text":"지원자께서 우리 회사가 만약 해외 무대로 진출하게 된다면은 어디로 진출하는 것이 좋다고 생각합니까 그 이유도 함께 설명하여 말씀해 주시길 바랍니다","wordCount":20},"emotion":[],"intent":[]},"answer":{"raw":{"text":"저희 회사가 해외 무대로 진출을 한다면 저는 중국이나 미국을 생각을 해 할 것 같습니다. 왜냐하면 일단 인구 중국 같은 경우에는 인구수가 굉장히 많은 나라이기 때문에 진출을 한다면 그만큼 많은 수요가 있을 거라고 생각이 되고 또 중국 사람들의 특성상 남이 하면 나도 하는 그런 특성이 있다고 하더라구요. 그래서 한 번 입소문을 타게 되면은 여러 사람들이 저희 회사를 알게 되고 또 장점이 한 번 어필 되면은 꾸준히 많은 유저들이 사용하게 되지 않을까 라고 생각을 합니다. 또 미국 같은 경우에는 어 일단 회사들이 운영하는 데 있어서 세금 같은 경우에 이점이 확실히 있고 또 기술적으로도 훌륭한 나라이기 때문에 어 미국 같은 경우에도 진출한다면 참 좋을 것 같습니다.","wordCount":103},"emotion":[],"intent":[{"text":"","expression":"","category":"attitude"}],"summary":{"text":"우리 회사가 해외 무대로 진출한다면 인구수가 많은 중국과 기술적 으로도 훌륭한 나라인 미국을 생각 해 볼 것 같습니다. 한 번 입소문을 타면 꾸준히 많은 유저들이 사용하게 될 것이고, 세금 같은 경우의 이점이 있고 기술적으로도 훌륭하기 때문입니다.","wordCount":36}}},"rawDataInfo":{"question":{"fileFormat":"wav","fileSize":531278,"duration":16600,"samplingBit":16,"channelCount":1,"samplingRate":"16kHz","audioPath":"/Mock/05.ICT/Female/New/ckmk_q_ict_f_n_160668.wav"},"answer":{"fileFormat":"wav","fileSize":1852238,"duration":57880,"samplingBit":16,"channelCount":1,"samplingRate":"16kHz","audioPath":"/Mock/05.ICT/Female/New/ckmk_a_ict_f_n_160668.wav"}}}