{"version":"1.0","dataSet":{"info":{"date":"20230116","occupation":"ICT","channel":"MOCK","place":"ONLINE","gender":"FEMALE","ageRange":"35-44","experience":"NEW"},"question":{"raw":{"text":"어 지원자님께서는 본인의 의견을 주장할 때 강하게 주장하는 편이신가요 본인이 어떤 스타일로 의견을 주장하는 편인지 궁금합니다","wordCount":16},"emotion":[],"intent":[]},"answer":{"raw":{"text":"저는 우선 상대방의 의견은 끝까지 모두 들어봅니다. 그리고 그 속에서 상대방이 원하는 점을 빨리 캐치합니다. 그리고 제가 원하는 점과 일치하는 부분이 있는지 반대 내는 부분이 있는지를 파악하고 저의 의견과 상대방의 의견 중 어떤 것이 더 유익한지에 대해 판단해 봅니다. 만약 타인의 의견이 더 유익하다고 판단되어지면 저의 의견을 바로 접습니다. 하지만 제 의견이 더 유익하다고 판단되어지면 상대방을 이해시키기 위해 대화를 진행합니다. 이 경우 상대방의 의견을 묵살하는 것이 아니라 제가 주장하는 바를 먼저 설명하고 거기에 상대방 의견에서 나와 부합하는 포인트 한 가지를 접목시켜서 함께 나가면 더 좋은 결과를 도출할 수 있다고 설명합니다. 보통 제가 경험해 본 결과 상대방의 의견을 포함시켜서 일을 진행할 경우 나타날 유익에 대해 예를 들어보이고 결과에 정확도나 성과에 대해 설명을 하면 대부분 저의 주장에 동의하곤 했습니다.","wordCount":117},"emotion":[],"intent":[{"text":"","expression":"","category":"attitude"}],"summary":{"text":"저는 상대방의 의견을 모두 듣고 나서 원하는 점을 빨리 캐치한 후, 제 의견과 상대방의 의견 중 어떤 것이 더 유익한지 판단해 봅니다. 만약 타인의 의견이 유익하다면 의견을 접지만, 유익하다고 판단되면 대화를 진행합니다. 이 경우 제 주장을 먼저 설명하고 부합하는 포인트 한 가지를 접목시켜 함께 나가면 더 좋은 결과가 나온다고 설명합니다.","wordCount":50}}},"rawDataInfo":{"question":{"fileFormat":"wav","fileSize":563918,"duration":17620,"samplingBit":16,"channelCount":1,"samplingRate":"16kHz","audioPath":"/Mock/05.ICT/Female/New/ckmk_q_ict_f_n_193204.wav"},"answer":{"fileFormat":"wav","fileSize":2182798,"duration":68210,"samplingBit":16,"channelCount":1,"samplingRate":"16kHz","audioPath":"/Mock/05.ICT/Female/New/ckmk_a_ict_f_n_193204.wav"}}}