{"version":"1.0","dataSet":{"info":{"date":"20230116","occupation":"ICT","channel":"MOCK","place":"ONLINE","gender":"FEMALE","ageRange":"-34","experience":"NEW"},"question":{"raw":{"text":"일을 하다 보면 상사와 트러블이 생길 수도 있는데요 지원자님은 이런 상황 속에서 어떻게 대처하실 건지 또 상사가 혼내면 기분 나쁘진 않을까요","wordCount":21},"emotion":[],"intent":[]},"answer":{"raw":{"text":"일을 하다가 상사와 트러블이 생긴다면 저는 우선은 상사의 말에 따르겠습니다. 제가 일을 하다 실수할 수도 있고 상사는 그런 과정들을 수도 없이 겪으면서 문제 상황에 대한 걸 잘 인식하고 있을 것 같아요. 그렇기 때문에 우선은 상사의 지적 사항을 잘 받아들이고 제가 무엇을 잘못했는지 한 번 더 돌이켜 보겠습니다. 상사에게 혼이 나면 당연히 기분은 나쁘겠지만 그것을 감내하고 제가 무엇을 잘못해서 혼이 나는지를 생각하는 게 먼저라고 저는 생각합니다.","wordCount":65},"emotion":[],"intent":[{"text":"","expression":"","category":"attitude"}],"summary":{"text":"일하다가 상사와 트러블이 생긴다면 상사의 지적 사항을 잘 받아들이고 반성해보겠습니다. 상사에게 혼이 나면 기분은 나쁘겠지만 그것을 감내하고 혼이 나는지를 생각하는게 먼저라고 생각합니다.","wordCount":22}}},"rawDataInfo":{"question":{"fileFormat":"wav","fileSize":626318,"duration":19570,"samplingBit":16,"channelCount":1,"samplingRate":"16kHz","audioPath":"/Mock/05.ICT/Female/New/ckmk_q_ict_f_n_233873.wav"},"answer":{"fileFormat":"wav","fileSize":1271118,"duration":39720,"samplingBit":16,"channelCount":1,"samplingRate":"16kHz","audioPath":"/Mock/05.ICT/Female/New/ckmk_a_ict_f_n_233873.wav"}}}