{"version":"1.0","dataSet":{"info":{"date":"20230116","occupation":"ICT","channel":"MOCK","place":"ONLINE","gender":"FEMALE","ageRange":"-34","experience":"NEW"},"question":{"raw":{"text":"얼마 전 뉴스에서 구급 대원이 주취자에게 폭행을 당해 순직하는 일이 있었습니다 지원자님께서는 이 사건에 대해서 어떻게 생각을 하시나요 어떻게 생각하시는지에 대해서 말씀해 주시기 바랍니다","wordCount":24},"emotion":[],"intent":[]},"answer":{"raw":{"text":"어 안타까운 일이라고 생각을 합니다. 먼저는 구급대원 분이 어 아무리 일이라고는 하지만 구급 대원 분의 안전이 보장받았어야 하는 일 아닌가 라고 먼저 생각을 하고요. 어 물론 이 주취자 분이 구급대원 분이 구해야하시는 분이고 또 케어 해야 한 직업적으로는 케어 해야 하는 분이 맞았지만 어 본인의 목숨과 어 이제 직업에 관한 정신을 비견 했을 때 당연히 중요한 거는 그 구급대원 분의 안전이 아니었을까 생각을 합니다. 그래서 안타까운 사항이고 이는 인도적인 차원에서 음 많은 구급 대원분들이 또 어느 정도 보상과 안전을 보장받아야 한다고 생각합니다.","wordCount":82},"emotion":[],"intent":[{"text":"","expression":"","category":"attitude"}],"summary":{"text":"구급대원 분들은 본인의 생명과 직업 정신에 비추었을 때 당연히 중요한 건구의 안전이었을 것이므로 인도적인 차원에서 많은 구급 대원분들이 어느 정도 보상과 안전을 보장받아야 한다고 생각합니다.","wordCount":25}}},"rawDataInfo":{"question":{"fileFormat":"wav","fileSize":600398,"duration":18760,"samplingBit":16,"channelCount":1,"samplingRate":"16kHz","audioPath":"/Mock/05.ICT/Female/New/ckmk_q_ict_f_n_244996.wav"},"answer":{"fileFormat":"wav","fileSize":1675598,"duration":52360,"samplingBit":16,"channelCount":1,"samplingRate":"16kHz","audioPath":"/Mock/05.ICT/Female/New/ckmk_a_ict_f_n_244996.wav"}}}