{"version":"1.0","dataSet":{"info":{"date":"20230116","occupation":"ICT","channel":"MOCK","place":"ONLINE","gender":"FEMALE","ageRange":"-34","experience":"NEW"},"question":{"raw":{"text":"지원자님이 생각하는 우리 신용보증기금은 대한민국의 금융 정책 기관의 증권 거래소로서 호가대해야 할 업무 영역이 있다면 말씀해 주십시오","wordCount":17},"emotion":[],"intent":[]},"answer":{"raw":{"text":"어 아무래도 요즘 제 주변에 보이스피싱 같은 금융 피해를 입은 사례가 속출하고 있어서 저는 보이스피싱 사례라고 생각을 합니다. 어 이 보이스피싱 같은 경우에는 사실 이십 대 분들도 굉장히 많이 당하시거든요. 사회 초년생이고 아직은 전부를 사회를 알 나이가 아니다 보니 네 그래서 이십 대 분들 특히 금융을 처음 접해보시는 이런 나이 대에 분들이 어 좀 더 적극적으로 이 보이스 피싱 피해에 대해 알게 되고 또 사례에 대한 학습이 필요하다고 생각되었고 음 이 신용 보증 같은 경우에도 굉장히 개인적으로는 어 민감한 금융 문제이기 때문에 어 잘 모르시는 분들께 지식을 선수해 주는 것이 저는 중요한 업무 영역이라고 생각합니다.","wordCount":95},"emotion":[],"intent":[{"text":"","expression":"","category":"attitude"}],"summary":{"text":"요즘 보이스피싱 같은 금융 피해를 입은 사례가 속출하고 있어서 저는 보이스피싱 사례라고 생각합니다. 금융을 처음 접해보는 이 시기에 금융에 대해 잘 모르시는 분들께 지식을 선수해 주는 것이 중요한 업무 영역이라고 생각합니다.","wordCount":31}}},"rawDataInfo":{"question":{"fileFormat":"wav","fileSize":496718,"duration":15520,"samplingBit":16,"channelCount":1,"samplingRate":"16kHz","audioPath":"/Mock/05.ICT/Female/New/ckmk_q_ict_f_n_178219.wav"},"answer":{"fileFormat":"wav","fileSize":2042958,"duration":63840,"samplingBit":16,"channelCount":1,"samplingRate":"16kHz","audioPath":"/Mock/05.ICT/Female/New/ckmk_a_ict_f_n_178219.wav"}}}