{"version":"1.0","dataSet":{"info":{"date":"20230116","occupation":"ICT","channel":"MOCK","place":"ONLINE","gender":"FEMALE","ageRange":"35-44","experience":"NEW"},"question":{"raw":{"text":"살면서 다양한 커뮤니케이션을 경험해 봤을 거라 생각되는데 그중 가장 어려웠던 경험 한 가지만 말씀해 주세요","wordCount":15},"emotion":[],"intent":[]},"answer":{"raw":{"text":"네 뭐 살면서 다양한 그런 소통을 해봤는데 가장 어려웠던 거는 뭐 계속 얘기를 했지만 나랑 생각이 다른 사람하고 얘기할 때가 제일 어려운 것 같아요. 이게 그 사람의 말만 맞다 이렇게 해줄 수도 없고 또 나의 생각이 맞다 라고만 고집할 수도 없는 거고 이제 다른 사람 서로가 다른 생각을 하고 있는 거를 거기서 어떻게든 뭔가를 이제 합의점을 끌어와야 된다는 거 그게 가장 어렵기도 하고 시간이 오래 걸려서 좀 지치는 거 경우도 생기기도 하구요. 그런데 이제 뭐 이제 세월이 흘러가면서 좋은 게 좋은 거고 아 이렇게 생각해보면 괜찮겠다 이렇게 마음 마음을 조금 내려놓으니까 어 조금 일이 수월해지는 것 같습니다.","wordCount":97},"emotion":[],"intent":[{"text":"","expression":"","category":"attitude"}],"summary":{"text":"소통을 할 때 서로 다른 생각을 하고 있는 것을 합의점을 끌어와야 되는 것이 가장 어렵고 시간이 오래 걸리기도 합니다. 그러나 시간이 흘러가면서 좋은 게 좋은 것이고 마음을 조금 내려놓으니 조금 일이 수월해지는 것 같습니다.","wordCount":34}}},"rawDataInfo":{"question":{"fileFormat":"wav","fileSize":368078,"duration":11500,"samplingBit":16,"channelCount":1,"samplingRate":"16kHz","audioPath":"/Mock/05.ICT/Female/New/ckmk_q_ict_f_n_241660.wav"},"answer":{"fileFormat":"wav","fileSize":1938638,"duration":60580,"samplingBit":16,"channelCount":1,"samplingRate":"16kHz","audioPath":"/Mock/05.ICT/Female/New/ckmk_a_ict_f_n_241660.wav"}}}