{"version":"1.0","dataSet":{"info":{"date":"20230116","occupation":"ICT","channel":"MOCK","place":"ONLINE","gender":"FEMALE","ageRange":"-34","experience":"NEW"},"question":{"raw":{"text":"스터디를 따로 하고 계신 것이 있으신가요 있다면 현재 어떤 공부를 하고 있고 왜 하고 있는지도 구체적으로 말씀 부탁드립니다","wordCount":18},"emotion":[],"intent":[]},"answer":{"raw":{"text":"네 저는 에스큐에이 스터디를 지금 진행하고 있습니다. 에스큐에이 스터디를 진행을 하면서 어 왜 공부를 하게 되었냐면 이제 제가 프로젝트를 팀원 분들과 같이 했는데 그 팀원 분들 한 분이 굉장히 에스큐에이를 자유자재로 사용을 하시더라구요. 에스큐 분을 사용해서 이제 데이터 베이스 적재도 하시고 또 원하는 데이터를 뽑아내시는 능력이 탁월하셔서 아 에스큐에이를 잘하면 데이터 분석을 하는데 저렇게 활용력이 좋고 도움이 되는구나를 알고 공부를 시작했습니다.","wordCount":61},"emotion":[{"text":"네 저는 에스큐에이 스터디를 지금 진행하고 있습니다.","expression":"u-fact","category":"neutral"}],"intent":[{"text":"","expression":"","category":"attitude"}],"summary":{"text":"에스큐에이 스터디를 하는 이유는 팀원분들 한분이 자유자재로 사용을 하셔서 데이터 베이스 적재도 하고 원하는 데이터를 뽑아내시는 능력이 탁월하셔서 공부하게 되었습니다.","wordCount":20}}},"rawDataInfo":{"question":{"fileFormat":"wav","fileSize":581838,"duration":18180,"samplingBit":16,"channelCount":1,"samplingRate":"16kHz","audioPath":"/Mock/05.ICT/Female/New/ckmk_q_ict_f_n_265405.wav"},"answer":{"fileFormat":"wav","fileSize":1492558,"duration":46640,"samplingBit":16,"channelCount":1,"samplingRate":"16kHz","audioPath":"/Mock/05.ICT/Female/New/ckmk_a_ict_f_n_265405.wav"}}}