{"version":"1.0","dataSet":{"info":{"date":"20230116","occupation":"ICT","channel":"MOCK","place":"ONLINE","gender":"FEMALE","ageRange":"-34","experience":"NEW"},"question":{"raw":{"text":"나만의 스트레스 해소법이 있나요 있다면 왜 그런 방법으로 스트레스를 해소하시는지 이유에 대해서도 말씀 부탁드립니다","wordCount":14},"emotion":[],"intent":[]},"answer":{"raw":{"text":"저만의 스트레스 해소법은 이제 저희 집 고양이와 함께 누워있는 건데요. 저희 집 고양이가 굉장히 따뜻하고 말랑하고 귀엽기 때문에 함께 누워 있고 좀 만지는 것만으로 스트레스 많이 풀리는 것 같습니다. 뭐 어 제가 스트레스를 해소를 할 때는 좀 아무 생각도 없이 편안한 상태를 유지하면서 제 스트레스를 해소하려고 하는 편이라 더 제 아무 것도 하지 않는 고양이 옆에서 아무 생각도 없이 있는 게 잘 되어서 그런 식으로 스트레스를 해소하는 것 같습니다.","wordCount":69},"emotion":[],"intent":[{"text":"","expression":"","category":"attitude"}],"summary":{"text":"저희 집 고양이의 따뜻하고 말랑하고 귀여워서 함께 누워있는 것만으로 스트레스 해소가 되는 것 같습니다. 그냥 편안한 상태로 스트레스 해소를 하는 편이라 그럴 수도 있습니다.","wordCount":24}}},"rawDataInfo":{"question":{"fileFormat":"wav","fileSize":622798,"duration":19460,"samplingBit":16,"channelCount":1,"samplingRate":"16kHz","audioPath":"/Mock/05.ICT/Female/New/ckmk_q_ict_f_n_265297.wav"},"answer":{"fileFormat":"wav","fileSize":1478158,"duration":46190,"samplingBit":16,"channelCount":1,"samplingRate":"16kHz","audioPath":"/Mock/05.ICT/Female/New/ckmk_a_ict_f_n_265297.wav"}}}