{"version":"1.0","dataSet":{"info":{"date":"20230116","occupation":"ICT","channel":"MOCK","place":"ONLINE","gender":"FEMALE","ageRange":"-34","experience":"NEW"},"question":{"raw":{"text":"네 만일 데이터 센터를 이전하게 된다면 이전에 있어서 고민해야 될 점들에 관해 말씀하세요","wordCount":13},"emotion":[],"intent":[]},"answer":{"raw":{"text":"저는 안전성이라고 생각을 합니다. 이번에 카카오톡 판교 데이터 센터에서 불이 난 걸 생각을 했을 때 음 피해가 일단 어마어마했고 카카오 회사도 굉장한 피해를 입었던 사건이기 때문에 일단 데이터 센터 분산에 대해서도 어 반드시 고려를 해야 하고 이 서버를 얼마나 안전하게 유지하고 얼마나 인력을 들일 수 있을지에 대해서도 고려하는 게 필수적이라고 생각이 되었었습니다.","wordCount":52},"emotion":[],"intent":[{"text":"","expression":"","category":"attitude"}],"summary":{"text":"카카오톡 판교 데이터 센터에서 발생한 화재를 생각했을때, 서버의 안전성과 인력의 투입에 대한 안전성에 대한 고려가 필수적이라고 생각합니다.","wordCount":17}}},"rawDataInfo":{"question":{"fileFormat":"wav","fileSize":382798,"duration":11960,"samplingBit":16,"channelCount":1,"samplingRate":"16kHz","audioPath":"/Mock/05.ICT/Female/New/ckmk_q_ict_f_n_265410.wav"},"answer":{"fileFormat":"wav","fileSize":1134158,"duration":35440,"samplingBit":16,"channelCount":1,"samplingRate":"16kHz","audioPath":"/Mock/05.ICT/Female/New/ckmk_a_ict_f_n_265410.wav"}}}