{"version":"1.0","dataSet":{"info":{"date":"20230116","occupation":"ICT","channel":"MOCK","place":"ONLINE","gender":"FEMALE","ageRange":"-34","experience":"NEW"},"question":{"raw":{"text":"자바스크립트를 오랫동안 어 이 분야에서 일을 해 오셨네요 초기에 이 자바스크립트를 공부하면서 가장 인상 깊었던 것 가장 기억에 남는 게 있다면 말씀해 주시기 바랍니다","wordCount":24},"emotion":[],"intent":[]},"answer":{"raw":{"text":"자바스크립트를 공부하면서 인상 깊었던 점은 일단 알고리즘 자체가 굉장히 단순하고 간단 명료하다는 점이 놀랐습니다. 저는 씨 언어를 베이스로 프로그래밍 언어를 언어 공부를 시작을 했는데 씨 현이 씨 언어 같은 좀 컴퓨터 언어에 가까운 언어를 보다가 이제 자바스크립트를 보니까 좀 더 사람 친화적이고 또 활용할 수 있는 함수가 매우 많다는 점에서 자바스크립트를 공부하면서 그 점이 가장 인상 깊었었습니다.","wordCount":57},"emotion":[],"intent":[{"text":"자바스크립트를 공부하면서 인상 깊었던 점은 일단 알고리즘 자체가 굉장히 단순하고 간단 명료하다는 점이 놀랐습니다.","expression":"i_prg","category":"technology"},{"text":"저는 씨 언어를 베이스로 프로그래밍 언어를 언어 공부를 시작을 했는데 씨 현이 씨 언어 같은 좀 컴퓨터 언어에 가까운 언어를 보다가 이제 자바스크립트를 보니까 좀 더 사람 친화적이고 또 활용할 수 있는 함수가 매우 많다는 점에서 자바스크립트를 공부하면서 그 점이 가장 인상 깊었었습니다.","expression":"i_prg","category":"technology"}],"summary":{"text":"알고리즘 자체가 굉장히 단순하고 간단 명료하고 사람 친화적이고 활용할 수 있는 함수가 매우 많다는 점에서 자바스크립트를 공부하면서 가장 인상 깊었습니다.","wordCount":20}}},"rawDataInfo":{"question":{"fileFormat":"wav","fileSize":577358,"duration":18040,"samplingBit":16,"channelCount":1,"samplingRate":"16kHz","audioPath":"/Mock/05.ICT/Female/New/ckmk_q_ict_f_n_272213.wav"},"answer":{"fileFormat":"wav","fileSize":1275278,"duration":39850,"samplingBit":16,"channelCount":1,"samplingRate":"16kHz","audioPath":"/Mock/05.ICT/Female/New/ckmk_a_ict_f_n_272213.wav"}}}