{"version":"1.0","dataSet":{"info":{"date":"20230116","occupation":"ICT","channel":"MOCK","place":"ONLINE","gender":"FEMALE","ageRange":"35-44","experience":"NEW"},"question":{"raw":{"text":"일을 하다 보면 업무량이 과도하게 많아질 수도 있습니다 혹시 그럴 때에도 잘 버틸 자신이 있나요","wordCount":15},"emotion":[],"intent":[]},"answer":{"raw":{"text":"업무량이 과도해두 잘 벌틸 자신이 있습니다. 왜냐하면 저는 힘든 일이라두 맡은 일을 포기하지 않고 끝까지 수행해 나가는 책임감과 끈기가 있기 때문입니다. 제가 예전에 다문화 가정 어린이를 멘토링 하는 활동에 육 개월간 참여한 적이 있습니다. 이전에 아이를 담당했던 학생들은 기간을 다 채우지 않고 그만뒀고 곧 이유를 알게 되었습니다. 제가 담당하는 아이는 또래 아이들보다 학업 능력이 떨어져 가리키기가 너무 어려웠기 때문입니다. 저 또한 개념이 적립되지 않는 초등학생을 가르쳐 본 적이 없었기 때문에 막막했습니다. 그래서 교육학을 전공하고 있는 친구에게 자문하여 먼저 아이 아이와 친해지기 위해 노력했습니다. 일주일간은 아이의 운 아이와 운동장에서 뛰어 놀거나 좋아하는 애니메이션을 함께 보며 친해지고 관심사에 대해 알아갔습니다. 그 후 아이가 좋아하는 캐릭터 교재로 수업을 진행하였고 아이는 관심을 보이기 시작하였습니다. 기본 개념을 익히고 난 후에는 교과서와 동시에 수업하였고 계획대로 육 개월간의 활동을 잘 마무리할 수 있었습니다. 업무를 하다 보면 하기 싫거나 버거운 일을 만나기도 할 것입니다. 하지만 아무리 힘들어도 책임감을 가지고 포기하지 않는 모습을 보여드리겠습니다.","wordCount":145},"emotion":[],"intent":[{"text":"왜냐하면 저는 힘든 일이라두 맡은 일을 포기하지 않고 끝까지 수행해 나가는 책임감과 끈기가 있기 때문입니다.","expression":"c_person","category":"background"}],"summary":{"text":"업무량이 과도해도 책임감을 가지고 끝까지 수행해 나가는 책임감과 끈기가 있기 때문에 업무를 하다 보면 하기 싫거나 버거운 일을 만나기도 할 것입니다. 하지만 아무리 힘들어도 책임감을 가지고 포기하지 않는 모습을 보여주겠습니다.","wordCount":30}}},"rawDataInfo":{"question":{"fileFormat":"wav","fileSize":275918,"duration":8620,"samplingBit":16,"channelCount":1,"samplingRate":"16kHz","audioPath":"/Mock/05.ICT/Female/New/ckmk_q_ict_f_n_236635.wav"},"answer":{"fileFormat":"wav","fileSize":2704718,"duration":84520,"samplingBit":16,"channelCount":1,"samplingRate":"16kHz","audioPath":"/Mock/05.ICT/Female/New/ckmk_a_ict_f_n_236635.wav"}}}