{"version":"1.0","dataSet":{"info":{"date":"20230116","occupation":"ICT","channel":"MOCK","place":"ONLINE","gender":"FEMALE","ageRange":"35-44","experience":"NEW"},"question":{"raw":{"text":"이전 직장에서 퇴사한 뒤 퇴사한 것을 후회하신 적은 없으신가요 만약 있다면 왜인지도 함께 말씀해 주세요","wordCount":15},"emotion":[],"intent":[]},"answer":{"raw":{"text":"어 제가 학교에서 일을 하면서 많은 시간 동안 경력을 쌓고 일을 하게 되었는데 어 아이를 출산을 하게 되면서 어 몸이 안 좋아지고 또 그렇게 되면서 어 일을 그만두게 되었습니다. 그래서 음 후회한 적도 있고 후회한 면도 있고 후회하지 않는 면도 있는데 어 제가 아이를 키우면서 몸이 안 좋아져서 일을 이제 그만두고 또 그 일에 대해서 음 한계를 많이 느꼈기 때문에 어 그만두게 되었는데 그렇지만 어 그 일에 대해서 한계도 있고 또 제 스스로도 한계가 있다고 생각을 했지만 제가 이제 에너지를 온전하게 몰두할 수 있는 그런 일이고 또 학생들 가르치고 또 어 코미시 커뮤니케이션 하는데 제가 많은 도움을 줄 수 있는 부분들을 가치 있게 생각을 하기 때문에 제가 결혼을 하면서도 어 아이를 키우면서도 그것에 대한 생각을 계속해서 가지고 있고 그것들을 다른 분야와 접목해서 어떻게 활용해야 할 수 있는지 많이 고민을 하고 있습니다.","wordCount":131},"emotion":[],"intent":[{"text":"","expression":"","category":"attitude"}],"summary":{"text":"제가 학교에서 일을 하면서 아이를 출산하게 되면서 몸이 안 좋아져 일을 그만두게 되었습니다. 하지만 그 일에 대해서 한계를 느꼈기 때문에 그만두었지만 제 스스로도 한계가 있다고 생각을 했지만 제가 많은 도움을 줄 수 있는 부분들을 가치 있게 생각하여 다른 분야와 접목해서 활용 방법을 고민하고 있습니다.","wordCount":44}}},"rawDataInfo":{"question":{"fileFormat":"wav","fileSize":378318,"duration":11820,"samplingBit":16,"channelCount":1,"samplingRate":"16kHz","audioPath":"/Mock/05.ICT/Female/New/ckmk_q_ict_f_n_223445.wav"},"answer":{"fileFormat":"wav","fileSize":2603598,"duration":81360,"samplingBit":16,"channelCount":1,"samplingRate":"16kHz","audioPath":"/Mock/05.ICT/Female/New/ckmk_a_ict_f_n_223445.wav"}}}