{"version":"1.0","dataSet":{"info":{"date":"20230116","occupation":"ICT","channel":"MOCK","place":"ONLINE","gender":"FEMALE","ageRange":"-34","experience":"NEW"},"question":{"raw":{"text":"지원자님이 그동안 진행한 프로젝트 가운데 가장 기억에 남는 프로젝트가 있습니까 어떤 점에서 가장 기억에 남는지 설명해 주시기 바랍니다","wordCount":18},"emotion":[],"intent":[]},"answer":{"raw":{"text":"어 진행한 프로젝트 가운데 가장 기억에 남는 프로젝트는 어 아이 트럭이라는 회사에서 진행한 프로젝트인데요 이 프로젝트는 어 트럭 회사 화물 화물 운송 트럭 중고 거래에 대한 회사였습니다. 제가 이 여기에서 제공해주신 데이터를 가지고 이 데이터를 읽어서 월별 인기 차종에 대한 분석을 하는 게 저희 프로 프로젝트였는데요 어 일단 많이 어려웠습니다. 제가 처음으로 해보는 분야의 것이었고 그래서 굉장히 많이 어려웠고 음 헤매는 경우도 많았습니다. 팀원 분들도 매한 가지라서 다 같이 헤맸습니다. 그래서 또 기억에 남 더 남는 것 같아요. 많이 어려웠기 때문에 그렇지만 그 어려웠음에도 불구하고 열심히 상의하고 또 골똘히 생각하여서 어떻게든 해결책을 찾고자 했던 경험이 정말 기억에 남습니다. 사실 원하는 분야 원하는 데이터 셋을 가지고도 할 수 있는데 어려운 데이터 셋을 한번 접해보고 이 어려운 것을 어떤 어떻게 헤쳐나갈 수 있는가에 대해서 본인의 능력을 찾게 된 것 같아서 뿌듯한 프로젝트였습니다.","wordCount":130},"emotion":[{"text":"사실 원하는 분야 원하는   데이터 셋을 가지고도 할 수 있는데 어려운 데이터 셋을 한번 접해보고 이 어려운 것을 어떤 어떻게 헤쳐나갈 수 있는가에 대해서 본인의 능력을 찾게 된 것 같아서 뿌듯한 프로젝트였습니다.","expression":"p-achievement","category":"positive"}],"intent":[{"text":"","expression":"","category":"attitude"}],"summary":{"text":"아이 트럭이라는 회사에서 진행한 프로젝트 중 가장 기억에 남는 프로젝트는 트럭 회사 화물 화물 운송 트럭 중고 거래에 대한 회사였습니다. 처음으로 해보는 분야였기 때문에 굉장히 많이 어려웠고 팀원들도 매한가지여서 다 같이 헤밍웨이를 해서 기억에 많이 남습니다. 어려운 것을 헤쳐나갈 수 있는 본인의 능력을 찾게 된 것 같아 뿌듯한 프로젝트였습니다.","wordCount":49}}},"rawDataInfo":{"question":{"fileFormat":"wav","fileSize":484558,"duration":15140,"samplingBit":16,"channelCount":1,"samplingRate":"16kHz","audioPath":"/Mock/05.ICT/Female/New/ckmk_q_ict_f_n_160851.wav"},"answer":{"fileFormat":"wav","fileSize":2481038,"duration":77530,"samplingBit":16,"channelCount":1,"samplingRate":"16kHz","audioPath":"/Mock/05.ICT/Female/New/ckmk_a_ict_f_n_160851.wav"}}}