{"version":"1.0","dataSet":{"info":{"date":"20230116","occupation":"ICT","channel":"MOCK","place":"ONLINE","gender":"FEMALE","ageRange":"-34","experience":"NEW"},"question":{"raw":{"text":"본인만의 스트레스 해소법이 있다면 왜 그런 방법으로 스트레스를 해소하는지 그 이유를 같이 말씀해 주시겠어요","wordCount":14},"emotion":[],"intent":[]},"answer":{"raw":{"text":"음 먼저 제가 느끼는 스트레스를 해소하는데 크게 두 가지로 나눌 수 있다고 생각합니다. 첫 번째는 어 그 스트레스 받는 직접적인 원인을 해결하면서 스트레스 해소를 하는 거나 아니면 제가 정신적으로 어 그 문제와는 조금 거리를 두면서 뭐 운동을 하거나 어 노래를 듣는 그런 간접적인 스트레스 해소 방법이 있습니다. 첫 번째가 가장 효과적인데 가장 어렵다고 할 수 있다고 생각합니다. 어 첫 번째는 그 해결책을 제가 종이에 써보면서 제 생각을 정리하고 그거에 대한 해결책을 내면서 그 문제를 해결하거나 아니면 솔루션을 제 안에서 얻어서 트레스를 해소하거나 그리고 간접적인 방법을 말씀드리면 뭐 제 취미가 뭐 육아를 하거나 자전거를 타는 육체적인 행동을 하거나 그리고 뭐 제가 노래를 듣거나 뭐 또 노래방에서 노래를 하는 것도 좋아해서 그런 다양한 취미 활동을 하면서 그 당시에 제 기분을 푸는 스트레스 해소 방법도 있습니다.","wordCount":123},"emotion":[],"intent":[{"text":"","expression":"","category":"attitude"}],"summary":{"text":"제가 느끼는 스트레스 해소 방법은 스트레스 받는 직접적인 원인을 해결하면서 스트레스 해소를 하는 거나 아니면 제가 정신적으로 그 문제와는 조금 거리를 두면서 운동을 하거나 노래하는 그런 간접적인 스트레스 해소 방법이 있습니다. 그 중에서 가장 효과적인 것은 제가 종이에 써보면서 생각을 정리하고 해결책을 내면서 해결하는 것입니다.","wordCount":45}}},"rawDataInfo":{"question":{"fileFormat":"wav","fileSize":316238,"duration":9880,"samplingBit":16,"channelCount":1,"samplingRate":"16kHz","audioPath":"/Mock/05.ICT/Female/New/ckmk_q_ict_f_n_260363.wav"},"answer":{"fileFormat":"wav","fileSize":2337358,"duration":73040,"samplingBit":16,"channelCount":1,"samplingRate":"16kHz","audioPath":"/Mock/05.ICT/Female/New/ckmk_a_ict_f_n_260363.wav"}}}