{"version":"1.0","dataSet":{"info":{"date":"20230116","occupation":"ICT","channel":"MOCK","place":"ONLINE","gender":"FEMALE","ageRange":"35-44","experience":"NEW"},"question":{"raw":{"text":"동료 중 이직을 생각하는 사람이 있다면 이때 뭐라고 말씀하실 건가요 그리고 왜 그렇게 말씀하실지 이유도 설명해 주세요","wordCount":17},"emotion":[],"intent":[]},"answer":{"raw":{"text":"저는 저랑 같이 일한 동료가 이직을 생각한다고 하면은 굉장히 서운할 거 같아서 왜 이직을 생각하는지 물어볼 것 같습니다. 그리고 그 이유가 제 기준에서 어 저 동료에게도 도움이 되지 않을 것 같다 라고 느껴진다면 그 동료를 계속 같이 일하는 쪽으로 설득을 할 거 같습니다. 사실 이직을 한다는 것 자체가 섣부른 판단인 경우가 많다고 생각을 하기 때문에 그 동료에게도 꼭 그 이유를 말할 것 같고요. 제가 생각하는 맞다고 생각하는 부분이 거의 대다수 대 대다수의 사람들에게 적용했을 때 올바른 삶의 방향이라고 생각을 하기 때문에 저는 저의 이런 믿음을 강력하게 어필할 것 같습니다.","wordCount":89},"emotion":[],"intent":[{"text":"","expression":"","category":"attitude"}],"summary":{"text":"저는 같이 일한 동료가 이직을 한다면 굉장히 아쉬울 것 같아서 왜 이직을 생각하는지 물어볼 것 같습니다. 그 이유가 저에게도 도움이 되지 않을 것 같다면 계속 같이 일하는 쪽으로 설득을 할 거 같습니다.","wordCount":32}}},"rawDataInfo":{"question":{"fileFormat":"wav","fileSize":333518,"duration":10420,"samplingBit":16,"channelCount":1,"samplingRate":"16kHz","audioPath":"/Mock/05.ICT/Female/New/ckmk_q_ict_f_n_165173.wav"},"answer":{"fileFormat":"wav","fileSize":2122638,"duration":66330,"samplingBit":16,"channelCount":1,"samplingRate":"16kHz","audioPath":"/Mock/05.ICT/Female/New/ckmk_a_ict_f_n_165173.wav"}}}