{"version":"1.0","dataSet":{"info":{"date":"20230116","occupation":"ICT","channel":"MOCK","place":"ONLINE","gender":"FEMALE","ageRange":"-34","experience":"NEW"},"question":{"raw":{"text":"본인의 성격상 장점과 단점에 대해 각각 말씀해 주시고 이때 구체적인 예시도 같이 들어주시면 좋겠습니다","wordCount":14},"emotion":[],"intent":[]},"answer":{"raw":{"text":"저의 성격적인 장점은 결단력이 있고 추진력이 좋다는 것이고 어 단점은 아무래도 좀 세세한 부분을 놓칠 때가 많은 게 저의 단점이라고 생각을 합니다. 음 아무래도 어려운 점이 있더라구요. 세세한 걸 놓칠 때 그래서 그때 이제 팀원 분들께 도움을 상당히 많이 받고 또 팀원 분들의 소중함을 많이 느끼게 된 계기라라고 생각을 합니다.","wordCount":50},"emotion":[],"intent":[{"text":"저의 성격적인 장점은 결단력이 있고 추진력이 좋다는 것이고 어 단점은 아무래도 좀 세세한 부분을 놓칠 때가 많은 게 저의 단점이라고 생각을 합니다.","expression":"c_person","category":"background"}],"summary":{"text":"결단력, 추진력이 좋은 저지만 세세한 부분을 놓칠 때가 많습니다. 그때 팀원 분들께 도움을 받고 팀원분들의 소중함을 많이 느끼게 된 계기라 생각합니다.","wordCount":21}}},"rawDataInfo":{"question":{"fileFormat":"wav","fileSize":326478,"duration":10200,"samplingBit":16,"channelCount":1,"samplingRate":"16kHz","audioPath":"/Mock/05.ICT/Female/New/ckmk_q_ict_f_n_251839.wav"},"answer":{"fileFormat":"wav","fileSize":1178958,"duration":36840,"samplingBit":16,"channelCount":1,"samplingRate":"16kHz","audioPath":"/Mock/05.ICT/Female/New/ckmk_a_ict_f_n_251839.wav"}}}