{"version":"1.0","dataSet":{"info":{"date":"20230116","occupation":"ICT","channel":"MOCK","place":"ONLINE","gender":"FEMALE","ageRange":"-34","experience":"NEW"},"question":{"raw":{"text":"지원자분께서 태어나서 지금까지 해 오셨던 일들 가운데에서 가장 후회하는 일이 있으시다면 그것이 무엇인지 궁금합니다 한 가지만을 골라서 이야기해 주신다면 좋을 것 같습니다","wordCount":22},"emotion":[],"intent":[]},"answer":{"raw":{"text":"저는 태어나면서 가장 후회한 일이 딱히 없지만 굳이 골라보자면 아무래도 도전을 해야 할 때 그리고 한 번 용기 내서 진행을 해야 할 때 하지 않고 주춤했던 기억들이 가장 후회가 됩니다. 나중에는 아 그거 해볼걸 아니면 아 나 정도면 저것보다 더 잘 할 수 있을 텐데 라는 그런 생각이 들었던 적이 굉장히 많이 있습니다. 그때마다 한 번은 후회했던 것 같고 또 그 결과를 바탕으로 이제 대학생이 된 지금은 어떤 일이 있더라도 무조건 한 번 도전해 보고 실패하더라도 도전해보는 그런 식으로 일을 진행하고 있는 것 같습니다.","wordCount":84},"emotion":[],"intent":[{"text":"","expression":"","category":"attitude"}],"summary":{"text":"도전할 때 주춤했던 기억들이 가장 후회가 됩니다. 대학생이 된 지금은 어떤 일이 있더라도 무조건 한 번 도전해 보고 실패해도 도전해보는 식의 일을 진행하고 있는 것 같습니다.","wordCount":26}}},"rawDataInfo":{"question":{"fileFormat":"wav","fileSize":636878,"duration":19900,"samplingBit":16,"channelCount":1,"samplingRate":"16kHz","audioPath":"/Mock/05.ICT/Female/New/ckmk_q_ict_f_n_269234.wav"},"answer":{"fileFormat":"wav","fileSize":1443278,"duration":45100,"samplingBit":16,"channelCount":1,"samplingRate":"16kHz","audioPath":"/Mock/05.ICT/Female/New/ckmk_a_ict_f_n_269234.wav"}}}