{"version":"1.0","dataSet":{"info":{"date":"20230116","occupation":"ICT","channel":"MOCK","place":"ONLINE","gender":"FEMALE","ageRange":"35-44","experience":"NEW"},"question":{"raw":{"text":"본인이 생각할 때 본인의 노년은 어떤 모습이면 좋을까요 생각하시는 이상적인 노년의 모습을 말씀해 주세요","wordCount":14},"emotion":[],"intent":[]},"answer":{"raw":{"text":"제가 생각하는 이상적인 노년의 모습은 현재 살고 있는 이곳에서 자연 친화적으로 살고 싶습니다. 아래층의 층간 소음 문제로 걱정하지 않고 마음 꺾이고 동물들이 갖고 있는 본래의 고유함을 주저 주고 싶습니다. 일을 안 하는 게 아니라 적당히 하고 싶습니다. 이십 사 시간 중에서 오전이면 오전 오후면 오후 네 시간 정도만 하고 싶습니다. 너무 안 하면 제 자신이 게을러지고 다른 생각을 할지 모른다는 생각이 듭니다. 웃으면서 살고 긍정적인 마인드로 살고 싶습니다. 기부도 많이 하고 세상 사람들과 함께 같이 살아가는 삶을 누리고 싶습니다. 그리고 일상을 글로 기록하며 한 잔의 차를 마실 수 있는 여유로운 삶을 살아가고 싶습니다. 얼마 후 나이가 더 들어 노인이 되었을 때도 누군가에게 짐이 되지 않고 도움을 줄 수 있는 그런 삶을 살고 싶습니다.","wordCount":113},"emotion":[],"intent":[{"text":"","expression":"","category":"attitude"}],"summary":{"text":"이상적인 노년의 모습은 자연 친화적, 적당한 업무 시간, 긍정적인 마인드, 기부, 여유로운 삶 등입니다. 또한 누군가에게 짐이 되지 않고 도움을 줄 수 있는 삶을 살고 싶습니다.","wordCount":26}}},"rawDataInfo":{"question":{"fileFormat":"wav","fileSize":304718,"duration":9520,"samplingBit":16,"channelCount":1,"samplingRate":"16kHz","audioPath":"/Mock/05.ICT/Female/New/ckmk_q_ict_f_n_176300.wav"},"answer":{"fileFormat":"wav","fileSize":2028238,"duration":63380,"samplingBit":16,"channelCount":1,"samplingRate":"16kHz","audioPath":"/Mock/05.ICT/Female/New/ckmk_a_ict_f_n_176300.wav"}}}