{"version":"1.0","dataSet":{"info":{"date":"20230116","occupation":"ICT","channel":"MOCK","place":"ONLINE","gender":"FEMALE","ageRange":"35-44","experience":"NEW"},"question":{"raw":{"text":"면접자님께서는 에스에스디의 구동 원리에 대해 하여 설명하고 셀의 데이터를 저장하는 방법을 설명하시오","wordCount":12},"emotion":[],"intent":[]},"answer":{"raw":{"text":"에스에스디는 어 솔리드스테이트드라이브의 약자로 데이터를 저장하는 역할을 하는 컴퓨터 부품으로 알고 있습니다. 어 하드 드라이브와 달리 에스에스디는 플래시 메모리를 기반으로 만들어져 속도가 훨씬 더 빠르다고 알고 있구요. 만약 이전에 하드 드라이브를 사용하고 있었다면 에스 에스에스디가 굉장히 속도를 엄청난 속도를 경험하게 해주는 것으로 알고 있습니다.","wordCount":44},"emotion":[{"text":"에스에스디는 어 솔리드스테이트드라이브의 약자로 데이터를 저장하는 역할을 하는 컴퓨터 부품으로 알고 있습니다.","expression":"u-fact","category":"neutral"},{"text":"어 하드 드라이브와 달리 에스에스디는 플래시 메모리를 기반으로 만들어져 속도가 훨씬 더 빠르다고 알고 있구요.","expression":"u-fact","category":"neutral"},{"text":"만약 이전에 하드 드라이브를 사용하고 있었다면 에스 에스에스디가   굉장히 속도를 엄청난 속도를 경험하게 해주는 것으로 알고 있습니다.","expression":"u-fact","category":"neutral"}],"intent":[{"text":"","expression":"","category":"attitude"}],"summary":{"text":"에스에스디는 데이터를 저장하는 역할을 하는 컴퓨터 부품으로 이전 하드 드라이브 사용시 훨씬 더 빠른 속도를 경험하게 해주는 것으로 알고 있습니다.","wordCount":20}}},"rawDataInfo":{"question":{"fileFormat":"wav","fileSize":439118,"duration":13720,"samplingBit":16,"channelCount":1,"samplingRate":"16kHz","audioPath":"/Mock/05.ICT/Female/New/ckmk_q_ict_f_n_165178.wav"},"answer":{"fileFormat":"wav","fileSize":1315278,"duration":41100,"samplingBit":16,"channelCount":1,"samplingRate":"16kHz","audioPath":"/Mock/05.ICT/Female/New/ckmk_a_ict_f_n_165178.wav"}}}