{"version":"1.0","dataSet":{"info":{"date":"20230116","occupation":"ICT","channel":"MOCK","place":"ONLINE","gender":"FEMALE","ageRange":"-34","experience":"NEW"},"question":{"raw":{"text":"사설 아이피 주소의 장단점은 무엇이라고 생각하시는지 지원자님의 지식 범위 내에서 한번 자세하게 설명해 주시기 바랍니다","wordCount":15},"emotion":[],"intent":[]},"answer":{"raw":{"text":"네 아이피 주소에는 이제 공공 아이피가 있고 사설 아이피가 있는데 그 사설 아이피는 그 아이피 주파수 아이피 주소가 정해진 범위 내에서 이제 사용자들이 사설 아이피 업체가 아이피 주소를 요청해서 할당 받는 식으로 사용이 되는 것을 알고 있습니다. 이제 사설 아이피 같은 경우에는 음 공공 아이피처럼 따른 사람과 공유하는 일이 적기 때문에 아무래도 어 보완이 더 보장되는 장점이 있지만 단점으로는 또 공익성이 부족하기 때문에 비용적인 측면에서 어려운 면이 있는 단점이 있습니다.","wordCount":70},"emotion":[],"intent":[{"text":"","expression":"","category":"attitude"}],"summary":{"text":"사설 아이피의 경우 공공 아이피보다 보안이 보장되지만 공익성이 부족하기 때문에 비용적인 측면에서 단점이 있습니다. 이는 공공아이피처럼 따르는 사람과 공유하는 일이 적어 보완이 보장됩니다.","wordCount":23}}},"rawDataInfo":{"question":{"fileFormat":"wav","fileSize":361358,"duration":11290,"samplingBit":16,"channelCount":1,"samplingRate":"16kHz","audioPath":"/Mock/05.ICT/Female/New/ckmk_q_ict_f_n_251834.wav"},"answer":{"fileFormat":"wav","fileSize":1400398,"duration":43760,"samplingBit":16,"channelCount":1,"samplingRate":"16kHz","audioPath":"/Mock/05.ICT/Female/New/ckmk_a_ict_f_n_251834.wav"}}}