{"version":"1.0","dataSet":{"info":{"date":"20230116","occupation":"ICT","channel":"MOCK","place":"ONLINE","gender":"FEMALE","ageRange":"-34","experience":"NEW"},"question":{"raw":{"text":"혹시 지원자님께서 매일 공부하고 있는 분야가 따로 있나요 만약 있다면 그걸 왜 공부하는지 함께 설명해 주세요","wordCount":16},"emotion":[],"intent":[]},"answer":{"raw":{"text":"매일 공부하고 있는 분야는 영어입니다. 아무래도 글로벌 시대이다 보니 영어로 의사소통을 할 기회가 점점 늘어날 것 같아서 또 이 영어로 의사소통하면서 저희 의사 정도는 명확하게 표현을 할 수 있는 수준이 되었으면 좋겠다는 생각에 영어 공부를 하고 있습니다. 또 어린 시절부터 부모님께 영어 공부의 중요성을 굉장히 강조해서 들었던 편이라서 어 그 이후로도 계속 꾸준하게 영어 공부를 하고서 노력하는 편인 것 같습니다. 실제로 외국에 나가서 일을 하거나 잠시 여행을 하더라도 대부분 영어를 사용하기 때문에 가장 실질적으로 도움이 되는 요소라고 생각을 해서 영어 공부를 합니다.","wordCount":82},"emotion":[],"intent":[{"text":"","expression":"","category":"attitude"}],"summary":{"text":"글로벌 시대이라 영어로 의사소통을 할 기회가 늘어날 것 같아서 매일 영어 공부를 하고 있습니다. 실제로 외국에서 일을 하거나 잠시 여행을 하더라도 영어를 사용하는 것이 실질적으로 도움이 되는 요소라고 생각해서 영어 공부를 합니다.","wordCount":32}}},"rawDataInfo":{"question":{"fileFormat":"wav","fileSize":467278,"duration":14600,"samplingBit":16,"channelCount":1,"samplingRate":"16kHz","audioPath":"/Mock/05.ICT/Female/New/ckmk_q_ict_f_n_178106.wav"},"answer":{"fileFormat":"wav","fileSize":1559438,"duration":48730,"samplingBit":16,"channelCount":1,"samplingRate":"16kHz","audioPath":"/Mock/05.ICT/Female/New/ckmk_a_ict_f_n_178106.wav"}}}