{"version":"1.0","dataSet":{"info":{"date":"20230116","occupation":"ICT","channel":"MOCK","place":"ONLINE","gender":"FEMALE","ageRange":"-34","experience":"NEW"},"question":{"raw":{"text":"지원자님께서 이 분야에 지원하기 위해 노력하셨던 것이 있다면 생각나시는 대로 말씀 부탁드립니다","wordCount":12},"emotion":[],"intent":[]},"answer":{"raw":{"text":"이 분야에 지원하기 위해 저는 먼저 취업 캠프 취업 캠프라는 수단을 알아보았습니다. 일단 국가에서 지원해주 지원해주는 제도를 먼저 알아봤는데요. 그중의 하나가 이 취업 캠프였고 실제로 이 취업캠프를 하면서도 무수히 노력을 했습니다. 어떤 노력이었냐면 먼저 이 성실하게 임하기 위해서 저희 몸 패턴을 이 취업 캠프에 맞춰서 어 나인투 식스 이 패턴을 맞추기 위해 노력을 초반에 많이 했었고 이 패턴에 맞춰서 하고 식사하고 휴식하고 이러한 것들을 맞춰서 꾸준하게 칠 개월 동안 어 꾸준하게 처지지 않고 지속적으로 학습을 할 수 있었던 것 같습니다.","wordCount":80},"emotion":[],"intent":[{"text":"","expression":"","category":"attitude"}],"summary":{"text":"취업 캠프라는 수단을 알아보았는데 국가에서 지원해주는 제도를 알아보면서 실제로 이 취업캠프를 하면서도 무수히 노력을 했습니다. 성실하게 임하기 위해서 몸 패턴을 맞추고 꾸준히 학습할 수 있었던 것 같습니다.","wordCount":27}}},"rawDataInfo":{"question":{"fileFormat":"wav","fileSize":379278,"duration":11850,"samplingBit":16,"channelCount":1,"samplingRate":"16kHz","audioPath":"/Mock/05.ICT/Female/New/ckmk_q_ict_f_n_160847.wav"},"answer":{"fileFormat":"wav","fileSize":1670478,"duration":52200,"samplingBit":16,"channelCount":1,"samplingRate":"16kHz","audioPath":"/Mock/05.ICT/Female/New/ckmk_a_ict_f_n_160847.wav"}}}