{"version":"1.0","dataSet":{"info":{"date":"20230116","occupation":"ICT","channel":"MOCK","place":"ONLINE","gender":"FEMALE","ageRange":"35-44","experience":"NEW"},"question":{"raw":{"text":"만약 본인이 하고 싶은 일 말고 다른 일을 맡게 된다면 어떻게 하실 건가요 그래도 괜찮으실까요","wordCount":15},"emotion":[],"intent":[]},"answer":{"raw":{"text":"제가 원했던 일이 아닌 다른 직무를 맡게 된다면 저는 무척 싫을 것 같습니다. 어떤 일에 지원을 한다는 것은 관심을 가지고 있을 뿐 아니라 내 스스로 잘한다고 생각되는 일에 지원을 하기 때문에 만약 내가 지원한 직무가 아닌 다른 직무를 맡게 된다면 저는 다시 한 번 재 직무를 편성해 줄 것을 요구하겠습니다. 그래도 만약 제 직무가 바뀌지 않는다면 저는 입사를 고려해 볼 것 같습니다.","wordCount":62},"emotion":[],"intent":[{"text":"","expression":"","category":"attitude"}],"summary":{"text":"제가 잘하는 일에 지원을 하기 때문에 제가 지원한 직무가 아닌 직무를 맡게 된다면 재 직무 편성을 요구하겠습니다. 하지만 직무가 바뀌지 않는다면 입사를 고려해 볼 것 같습니다.","wordCount":26}}},"rawDataInfo":{"question":{"fileFormat":"wav","fileSize":329038,"duration":10280,"samplingBit":16,"channelCount":1,"samplingRate":"16kHz","audioPath":"/Mock/05.ICT/Female/New/ckmk_q_ict_f_n_242077.wav"},"answer":{"fileFormat":"wav","fileSize":1254478,"duration":39200,"samplingBit":16,"channelCount":1,"samplingRate":"16kHz","audioPath":"/Mock/05.ICT/Female/New/ckmk_a_ict_f_n_242077.wav"}}}