{"version":"1.0","dataSet":{"info":{"date":"20230116","occupation":"ICT","channel":"MOCK","place":"ONLINE","gender":"FEMALE","ageRange":"35-44","experience":"NEW"},"question":{"raw":{"text":"업무 시 분쟁이 발생할 때를 대비한 지원자님만의 대처법이 있나요 있으시다면 무엇인지 궁금합니다","wordCount":12},"emotion":[],"intent":[]},"answer":{"raw":{"text":"업무 분쟁이 발생했을 시 저는 이제 어 왜 발생을 했는지 먼저 이유를 알아보고자 합니다. 그리고 이제 이유가 파악이 되었다면은 저희 부서에서 잘못한 게 뭔지 혹은 저희 팀에서 선을 넘은 게 뭔지 체크를 하고 이제 어떻게 협상을 해야 저희 팀에 피해가 최소화될지를 생각하면서 네 프로젝트 나 혹은 업무의 분쟁이 발생했을 시 대처를 하는 것 같습니다. 또 이제 따른 팀의 의견도 들어봐야 하는 편이기 때문에 네 저희 팀이 손해를 체크하고 또 잘못한 점을 체크하면서 따른 팀과 커뮤니케이션을 하려고 노력하는 편입니다.","wordCount":78},"emotion":[],"intent":[{"text":"","expression":"","category":"attitude"}],"summary":{"text":"업무 분쟁이 발생했을 때의 원인을 파악하고 어떻게 협상을 해야 피해를 최소화할지 생각하면서 대처를 하는 것 같습니다. 또 따른 팀의 의견도 들어야 하기 때문에 손해와 잘못은 체크하면서 커뮤니케이션을 하는 편입니다.","wordCount":29}}},"rawDataInfo":{"question":{"fileFormat":"wav","fileSize":326798,"duration":10210,"samplingBit":16,"channelCount":1,"samplingRate":"16kHz","audioPath":"/Mock/05.ICT/Female/New/ckmk_q_ict_f_n_204841.wav"},"answer":{"fileFormat":"wav","fileSize":1617998,"duration":50560,"samplingBit":16,"channelCount":1,"samplingRate":"16kHz","audioPath":"/Mock/05.ICT/Female/New/ckmk_a_ict_f_n_204841.wav"}}}