{"version":"1.0","dataSet":{"info":{"date":"20230116","occupation":"ICT","channel":"MOCK","place":"ONLINE","gender":"FEMALE","ageRange":"35-44","experience":"NEW"},"question":{"raw":{"text":"지금까지 협업을 진행하면서 가장 어려웠던 것과 또 그런 어려움을 어떻게 해결했는지 함께 말씀해 주실 수 있을까요","wordCount":16},"emotion":[],"intent":[]},"answer":{"raw":{"text":"저는 협업을 할 때 가장 중요한 것은 커뮤니케이션이라고 생각을 합니다. 어 협업을 하는 동료들과 커뮤니케이션이 잘 되지 않았을 때 일을 하는 내내 힘들었던 경험이 있습니다. 어 얼마 전에 회사에서 프로젝트를 할 때 새로 들어온 신입 사원과 커뮤니케이션이 잘 이루어지지 않아서 협업을 하는 동안 굉장히 힘들었던 경험이 있는데요. 어 그 친구는 회사에 들어온 지 얼마 되지 않았기 때문에 저희들이 일상에서 쓰는 용어들에 대한 이해가 조금 부족했습니다. 하지만 저희 저나 어 저와 같은 기간 동안 회사를 다닌 동료들은 어 그 신입사원의 입장을 생각하지 못한 채 저희가 어 여지껏 써왔던 용어들 그리고 써왔던 말투로만 일을 진행을 했습니다. 음 그러다 보니 어느 순간 어 그 신입사원이 맡은 업무 어 그리고 역할에 구멍이 생기기 시작을 했습니다. 처음에 저희는 그 신입사원의 능력이 좋지 못했기 때문에 일을 잘 하지 못한다는 생각을 했습니다. 하지만 어 어느 날 그 신입 사원과 이야기를 하다 보니 저희가 하는 말에 어 대부분을 이해하지 못하고 있는 상황을 발견을 했습니다. 그 다음부터는 어 제가 어 저희 동료들과 이야기를 해서 저희끼리만 알아들을 수 있는 유머가 아니라 어 그 신입 사원도 알아들을 수 있게 조금 쉽 쉽게 풀어서 모든 과정들을 설명을 하고 용어들을 이야기하기 시작했을 때 그 신입 사원이 어 저희와 함께 하는 어 일의 과정에서 잘 적응하고 그래서 결과가 아주 좋게 난 적이 있기 때문에 저는 커뮤니케이션을 하는 것이 중요하다고 생각합니다.","wordCount":206},"emotion":[],"intent":[{"text":"저는 협업을 할 때 가장 중요한 것은 커뮤니케이션이라고 생각을 합니다.","expression":"c_cop","category":"personality"},{"text":"그 다음부터는 어 제가 어 저희 동료들과 이야기를 해서 저희끼리만 알아들을 수 있는 유머가 아니라 어 그 신입 사원도 알아들을 수 있게 조금 쉽 쉽게 풀어서 모든 과정들을 설명을 하고 용어들을 이야기하기 시작했을 때 그 신입 사원이 어 저희와 함께 하는 어 일의 과정에서 잘 적응하고 그래서 결과가 아주 좋게 난 적이 있기 때문에 저는 커뮤니케이션을 하는 것이 중요하다고 생각합니다.","expression":"c_cop","category":"personality"}],"summary":{"text":"협업 시 가장 중요한 것은 커뮤니케이션입니다. 회사로 들어 온지 얼마 안된 신입 사원과 커뮤니케이션이 되지 않아 협업을 하는 동안 굉장히 힘들었던 경험이 있습니다. 여태껏 써왔던 용어들과 말투로만 일을 진행하다보니 역할에 구멍이 생겼습니다. 처음엔 신입 사원의 능력이 부족하다고 생각했지만 대화를 하다 보니 이해를 못하고 있는 상황을 발견 했습니다. 다음부터는 쉽게 풀어서 설명을 하고 용어들을 이야기하기 시작했을 때 신입 사원이 잘 적응하고 결과가 아주 좋게 난 적이 있기 때문에 커뮤니케이션이 중요하다고 생각합니다.","wordCount":70}}},"rawDataInfo":{"question":{"fileFormat":"wav","fileSize":367118,"duration":11470,"samplingBit":16,"channelCount":1,"samplingRate":"16kHz","audioPath":"/Mock/05.ICT/Female/New/ckmk_q_ict_f_n_250397.wav"},"answer":{"fileFormat":"wav","fileSize":3852878,"duration":120400,"samplingBit":16,"channelCount":1,"samplingRate":"16kHz","audioPath":"/Mock/05.ICT/Female/New/ckmk_a_ict_f_n_250397.wav"}}}