{"version":"1.0","dataSet":{"info":{"date":"20230116","occupation":"ICT","channel":"MOCK","place":"ONLINE","gender":"FEMALE","ageRange":"35-44","experience":"NEW"},"question":{"raw":{"text":"어떤 문제에 부딪쳤을 때 본인은 혼자 해결하는 편인가요 아니면 다른 사람들에게 이야기를 하는 편인가요","wordCount":14},"emotion":[],"intent":[]},"answer":{"raw":{"text":"결론적으로 저는 어째 어떤 문제에 부딪쳤을 때 여러 사람들에게 이야기를 해서 함께 해결하는 것을 선호하는 편입니다. 예전에는 어떤 문제가 저한테 주어졌을 때 그것을 저 혼자 해결해서 또 그 일에서 성과를 내서 저를 돋보이게 하고 싶은 욕심이 많았습니다. 하지만 어 점점 여러 가지 경험이 쌓이다 보니까 어떤 일에 대한 성과를 온전히 저 혼자 독차지 할 수만은 없었습니다. 또 저 혼자 그 일을 해결했을 때보다 여러 사람들에게 이야기를 해서 함께 해결했을 때 더 좋은 방향으로 진행된 진행되었던 경험이 많이 있습니다. 그리고 일 뿐만 아니라 살면서 어떤 문제에 부딪쳤을 때도 혼자 해결하기 보다는 여러 사람들에게 이야기하는 것이 훨씬 저에게 좋은 영향을 주었습니다. 저에게 개인적으로 안 좋은 일이 생겼을 때 그것을 부끄러워하고 다른 사람에게 말하지 못하고 혼자 전전긍긍했을 때 어 저는 어 정신적인 어 스트레스 뿐만 아니라 그것이 신체에까지 영향을 미쳐서 몸이 아팠던 경험이 있습니다. 어 저에게 안 좋은 일이 생겼을 때 저 혼자 그것을 꼭 부여 안고 있기 보다 어 나에게 이러이러한 문제가 생겼어 라고 다른 사람들한테 이야기를 했을 때 그 문제가 꼭 해결되지 못하더라도 그 문제를 다른 사람한테 이야기 함으로써 어느 정도의 부담감이 줄어든다는 것을 경험을 통해서 어 많이 어 체험을 했습니다. 그래서 어떤 문제가 생기면 여러 사람들한테 이야기를 하고 어 해결책을 찾기 위해 노력을 하는 편입니다.","wordCount":195},"emotion":[],"intent":[{"text":"","expression":"","category":"attitude"}],"summary":{"text":"저는 어떤 문제에 부딪쳤을 때 여러 사람들과 함께 해결하는 것을 선호하는 편입니다. 혼자 해결하기 보다는 여러 사람들에게 이야기하는 것이 훨씬 좋은 영향을 주었습니다. 안 좋은 일이 생겼을 때 혼자 전전긍긍했을 때 정신적인 스트레스 뿐만 아니라 신체에까지 영향을 미쳐서 몸이 아팠던 경험이 있습니다. 다른 사람들에게 이야기를 했을 때 어느 정도의 부담감이 줄어든다는 것을 체험했습니다. 그래서 해결책을 찾기 위해 노력을 하는 편습니다.","wordCount":60}}},"rawDataInfo":{"question":{"fileFormat":"wav","fileSize":340238,"duration":10630,"samplingBit":16,"channelCount":1,"samplingRate":"16kHz","audioPath":"/Mock/05.ICT/Female/New/ckmk_q_ict_f_n_250399.wav"},"answer":{"fileFormat":"wav","fileSize":3718478,"duration":116200,"samplingBit":16,"channelCount":1,"samplingRate":"16kHz","audioPath":"/Mock/05.ICT/Female/New/ckmk_a_ict_f_n_250399.wav"}}}