{"version":"1.0","dataSet":{"info":{"date":"20230116","occupation":"ICT","channel":"MOCK","place":"ONLINE","gender":"FEMALE","ageRange":"55-","experience":"NEW"},"question":{"raw":{"text":"지원자분께서는 에스에스디의 구동 원리에 대해서 알고 계십니까 알고 계신다면 에스에스디의 구동 원리에 대해서 설명해 주시고 셀에 데이터를 저장하는 방법에 대해서 말씀해 주시기 바랍니다","wordCount":23},"emotion":[],"intent":[]},"answer":{"raw":{"text":"네 읽기와 쓰기의 작동적인 측면에서 봤을 때 에이치디 에이치디디와 에스에스디의 차이가 있는데요. 에이치디디의 경우에는 데이터를 어 읽고 쓰는 측면에서 전기적 신호를 자기 신호로 어 바꾸어서 가져오는 그런 시간이 걸리기 때문에 어 속도가 느리다고 할 수 있고요. 에스에스디는 전기적인 신호를 그 자체를 바로 어 메모리에 처리를 하기 때문에 읽고 쓰는 속도가 훨씬 빠르고 성능이 좋다고 볼 수가 있겠습니다. 셀에 데이터를 저장하는 방법은 각 셀의 주소를 정확하게 입력을 하고 관련된 코딩을 통해서 저장을 할 수 있겠습니다.","wordCount":74},"emotion":[{"text":"에이치디디의 경우에는 데이터를 어 읽고 쓰는 측면에서 전기적 신호를 자기 신호로 어 바꾸어서 가져오는 그런 시간이 걸리기 때문에 어 속도가 느리다고 할 수 있고요.","expression":"u-fact","category":"neutral"},{"text":"에스에스디는 전기적인 신호를 그 자체를 바로 어 메모리에 처리를 하기 때문에 읽고 쓰는 속도가 훨씬 빠르고 성능이 좋다고 볼 수가 있겠습니다.","expression":"u-fact","category":"neutral"}],"intent":[{"text":"","expression":"","category":"attitude"}],"summary":{"text":"읽기와 쓰기의 작동적 측면에서 에이치디디는 읽기가 느리고 에스에스디는 훨씬 빠르고 성능이 좋습니다. 셀에 데이터를 저장하는 방법은 각 셀의 주소를 정확히 입력하고 관련 코딩으로 저장합니다.","wordCount":24}}},"rawDataInfo":{"question":{"fileFormat":"wav","fileSize":455758,"duration":14240,"samplingBit":16,"channelCount":1,"samplingRate":"16kHz","audioPath":"/Mock/05.ICT/Female/New/ckmk_q_ict_f_n_248051.wav"},"answer":{"fileFormat":"wav","fileSize":1689038,"duration":52780,"samplingBit":16,"channelCount":1,"samplingRate":"16kHz","audioPath":"/Mock/05.ICT/Female/New/ckmk_a_ict_f_n_248051.wav"}}}