{"version":"1.0","dataSet":{"info":{"date":"20230116","occupation":"ICT","channel":"MOCK","place":"ONLINE","gender":"FEMALE","ageRange":"-34","experience":"NEW"},"question":{"raw":{"text":"어 좋은 개발자가 가지고 있는 어 요소를 세 가지 정도로 말씀해 주시겠습니까","wordCount":12},"emotion":[],"intent":[]},"answer":{"raw":{"text":"총 개발자는 첫째로 끈기 둘째로 코딩 능력 셋째로 소통 능력을 가지고 있어야 한다고 생각합니다. 첫째로 끈기를 언급한 이유는 이러합니다. 내가 아무리 뛰어난 코딩 실력을 가진 개발자이더라도 종종 내가 만든 코드가 왜 실행이 되는지 혹은 왜 오류가 생기는지 알기가 쉽지 않을 때가 많습니다. 이런 때에 잘 헤쳐나가기 위해서는 내가 짠 코드를 하나하나 분석하고 포기하지 않고 끝까지 끈기를 가지고 이를 해결하려고 하는 모습이 중요하다고 생각합니다. 두 번째로 코딩 능력을 언급한 이유는 이러합니다. 코딩 능력이 없다면 많은 프로그래밍 언어를 알고 있지 않다 않는다면 회사에서 진행하는 프로젝트에 유동적으로 참여하기가 어려울 것입니다. 그렇기 때문에 좋은 개발자는 코딩 능력 또한 갖춰야 한다고 생각합니다. 마지막으로 소통 능력을 언급한 이론은 이 이유는 이러합니다. 개발자는 결코 혼자서 할 수 있는 일이 아닙니다. 물론 코딩 자체는 혼자 하지만 개발자가 하나의 작품을 만들어내기 위해서는 디자이너 기획자 등과 같이 협업을 해야만 합니다. 이러한 협업을 할 때 개발자에게 소통 능력이 없다면 팀이 정상적으로 운영될 수 없을 것입니다. 그렇기 때문에 좋은 개발자는 끈기 코딩 능력 소통 능력 이 세 가지를 갖추고 있어야 한다고 생각합니다.","wordCount":160},"emotion":[],"intent":[{"text":"","expression":"","category":"attitude"}],"summary":{"text":"총 개발자는 끈기, 코딩 능력, 소통 능력을 가지고 있어야 합니다. 끈기는 제가 만든 코드가 왜 실행이 되는지, 오류를 알기가 쉽지 않을 때의 해결방법입니다. 코딩 능력은 프로젝트에 유동적으로 참여하기 위해 필요합니다. 소통 능력은 디자이너 기획자 등과 같이 협업을 할 때 소통 능력이 없으면 팀이 정상적으로 운영될 수 없기 때문에 좋은 개발자는 이 세 가지를 갖춰야 합니다.","wordCount":55}}},"rawDataInfo":{"question":{"fileFormat":"wav","fileSize":338958,"duration":10590,"samplingBit":16,"channelCount":1,"samplingRate":"16kHz","audioPath":"/Mock/05.ICT/Female/New/ckmk_q_ict_f_n_230494.wav"},"answer":{"fileFormat":"wav","fileSize":3313998,"duration":103560,"samplingBit":16,"channelCount":1,"samplingRate":"16kHz","audioPath":"/Mock/05.ICT/Female/New/ckmk_a_ict_f_n_230494.wav"}}}