{"version":"1.0","dataSet":{"info":{"date":"20230116","occupation":"ICT","channel":"MOCK","place":"ONLINE","gender":"FEMALE","ageRange":"-34","experience":"NEW"},"question":{"raw":{"text":"동물 실험이 인간에게 주는 이익에 관해서 말씀해 주세요 또한 동물 실험에 대한 지원자님의 솔직한 의견도 궁금합니다","wordCount":16},"emotion":[],"intent":[]},"answer":{"raw":{"text":"아무래도 동물 실험을 함으로써 인간에게 어 의료라든가 관계 건강에 대한 향상을 시켜주는 것이 가장 이익이 된다고 생각을 하고요. 어 저는 실제로 동물 실험을 한 화장품을 구매하지 않습니다. 어 그런데 제가 구매하지 않더라도 구매를 했더라도 그 화장품이 동물 실험을 한 화장품이 많더라고요. 그래서 저는 사실 반대를 하기 때문에 그런 동물 실험을 했던 그런 브랜드들을 상품을 구매할 때 어 좀 가독성 있게 그것을 확실하게 표시를 함으로써 반대하는 사람들은 구매를 하지 않게끔 하는 그런 것이 좀 필요하다고 생각을 합니다. 물론 인간에게 가져다 주는 이익이 정말 많지만 어 동물에 대한 괴롭힘이나 그들의 생명이 존중되어야 한다고 생각을 하기 때문에 어 저는 최대한 동물 실험이 어 발생되지 않도록 인간도 어떠한 다른 대체 방법을 고민하고 실행시키는 것이 중요하다고 생각을 합니다.","wordCount":113},"emotion":[],"intent":[{"text":"","expression":"","category":"attitude"}],"summary":{"text":"동물 실험을 통해 인간에게 의료나 관계 건강을 향상시키는 것이 가장 이익이 되기 때문에 동물 실험을 한 화장품을 구매할 때 가독성 있는 표시를 하여 반대하는 사람들은 구매를 하지 않게끔 하는 것이 필요하다고 생각합니다.","wordCount":32}}},"rawDataInfo":{"question":{"fileFormat":"wav","fileSize":553038,"duration":17280,"samplingBit":16,"channelCount":1,"samplingRate":"16kHz","audioPath":"/Mock/05.ICT/Female/New/ckmk_q_ict_f_n_257530.wav"},"answer":{"fileFormat":"wav","fileSize":2420238,"duration":75630,"samplingBit":16,"channelCount":1,"samplingRate":"16kHz","audioPath":"/Mock/05.ICT/Female/New/ckmk_a_ict_f_n_257530.wav"}}}