{"version":"1.0","dataSet":{"info":{"date":"20230116","occupation":"ICT","channel":"MOCK","place":"ONLINE","gender":"FEMALE","ageRange":"35-44","experience":"NEW"},"question":{"raw":{"text":"지금까지 여러 대외 활동을 해 보셨을 거라고 생각이 되는데요 그러한 대외 활동에서 무엇을 배웠는지 또 어떤 자세로 임하셨는지도 함께 말씀해 주시기 바랍니다","wordCount":22},"emotion":[],"intent":[]},"answer":{"raw":{"text":"네 그동안 뭐 대외 활동을 아주 많이 해 보지는 않았는데요. 제가 하면서 느꼈던 바는 아 참 세상에 이렇게 다양한 사람들이 정말 사는구나 어 이 똑같은 프로젝트를 가지고도 이렇게 다른 생각을 할 수 있구나. 그런 걸 좀 느꼈습니다. 그리고 참 세상 이렇게 보는 시각이 아 나와 다 같지 않구나 내 맘과 같지 않구나 이런 것도 많이 느꼈구요. 음 그냥 서로 좀 조금씩 한 발짝씩만 뭐 많이 말고 그냥 한 발씩만 양보를 한다면 이게 다 같이 어울려서 뭔가 할 때 문제가 없겠다는 생각이 들더라구요. 그래서 내 욕심만을 채우지 말자 어 내 생각이 절대 옳은 것이 아니다 뭐 이제 이런 거를 많이 깨달았던 것 같습니다.","wordCount":102},"emotion":[],"intent":[{"text":"","expression":"","category":"attitude"}],"summary":{"text":"대외 활동을 하면서 다양한 사람들이 살고 있다는 것을 느꼈습니다. 또 이렇게 보는 시각이 내 맘과 같지 않다는 걸 느꼈습니다. 조금의 양보를 하면 될 것 같습니다. 내 욕심만을 채우지 말고 내 생각이 옳은 것이 아니라는 걸 깨달았습니다.","wordCount":36}}},"rawDataInfo":{"question":{"fileFormat":"wav","fileSize":467278,"duration":14600,"samplingBit":16,"channelCount":1,"samplingRate":"16kHz","audioPath":"/Mock/05.ICT/Female/New/ckmk_q_ict_f_n_241655.wav"},"answer":{"fileFormat":"wav","fileSize":2022478,"duration":63200,"samplingBit":16,"channelCount":1,"samplingRate":"16kHz","audioPath":"/Mock/05.ICT/Female/New/ckmk_a_ict_f_n_241655.wav"}}}