{"version":"1.0","dataSet":{"info":{"date":"20230116","occupation":"ICT","channel":"MOCK","place":"ONLINE","gender":"FEMALE","ageRange":"-34","experience":"NEW"},"question":{"raw":{"text":"지원자께서는 일을 하면서 가장 어려울 것으로 예상되는 것이 무엇이라 생각하는지 궁금합니다 그리고 그거에 대해서 어떻게 대처할 생각인지도 함께 말씀해 주시길 바랍니다","wordCount":21},"emotion":[],"intent":[]},"answer":{"raw":{"text":"일을 하면서 프로그래밍 하는 것이 가장 중 어려울 거라고 생각합니다. 프로그래밍은 매일매일 변하기 때문입니다. 이는 평생 공부해야 할 일입니다. 제가 공부한다 한 들 새로운 프로그램은 계속 나올 것이고 그 프로그램에 익숙한 더 어린 사람들도 계속 나올 것입니다. 제가 발전하지 않고 도태 될까 봐 그게 그 걱정이 가장 어려울 것으로 생각합니다. 그러기 위해서 대처할 수 있는 방법은 공부밖에 없습니다. 제가 새로운 프로그램에 익숙해 지는 것이 새로운 언어가 나온다면 익숙해지는 것이 가장 중요합니다. 제 누가 일하면서 겪고 어려움을 어려움을 해결해 줄 수 있는 사람 또한 저뿐입니다. 저에 대한 믿음을 가지고 계속 결정하려는 태도로 임하는 것이 중요합니다.","wordCount":94},"emotion":[],"intent":[{"text":"","expression":"","category":"attitude"}],"summary":{"text":"프로그래밍은 매일 변하기 때문에 평생 공부해야 합니다. 새로운 프로그램에 익숙해지는 것이 가장 중요합니다. 저에 대한 믿음을 가지고 계속 결정하려는 태도로 임하는 것이 중요합니다.","wordCount":23}}},"rawDataInfo":{"question":{"fileFormat":"wav","fileSize":599118,"duration":18720,"samplingBit":16,"channelCount":1,"samplingRate":"16kHz","audioPath":"/Mock/05.ICT/Female/New/ckmk_q_ict_f_n_174741.wav"},"answer":{"fileFormat":"wav","fileSize":1843598,"duration":57610,"samplingBit":16,"channelCount":1,"samplingRate":"16kHz","audioPath":"/Mock/05.ICT/Female/New/ckmk_a_ict_f_n_174741.wav"}}}