{"version":"1.0","dataSet":{"info":{"date":"20230116","occupation":"ICT","channel":"MOCK","place":"ONLINE","gender":"FEMALE","ageRange":"-34","experience":"NEW"},"question":{"raw":{"text":"평소에 개인 작업을 많이 하시는 편이신지 그렇다면 그렇게 할 수 있는 원동력은 무엇이라고 생각하시는지 말씀해 주세요","wordCount":16},"emotion":[],"intent":[]},"answer":{"raw":{"text":"평소에 개인 작업을 정말 많이 하는 편은 아닙니다. 이제 하루에 시간을 정해두고 하는 편인데요 한 시간에서 두 시간을 정해두고 또 그 시간 동안 집중력을 발휘해서 하는 편입니다. 그렇게 할 수 있는 원동력은 일단 해야 하는 상황이 주어져야 하기 때문에 대회 참가라던가 공모전 참가라든가 이런 거를 좀 하는 편이고 또 함께하는 함께 할 수 있는 분들을 모으는 편입니다. 그래서 이분과 같이 했을 때 저 혼자 하는 것보다는 훨씬 템포가 덜 쳐지고 또 함께 하는 사람이 있어야 서로 감시를 하면서 할 수 있기 때문에 효율이 많이 나더라고요. 그래서 어 평소 개인 작업 시간은 작더라도 꼭 마련하려고 하는 편이고 또 대회 준비라든가 또 공모전 준비가 될 수는 있지만 저희 개인 공부를 위한 시간으로도 또 사용하려고 하는 편입니다.","wordCount":114},"emotion":[],"intent":[{"text":"","expression":"","category":"attitude"}],"summary":{"text":"평소 개인 작업을 많이 하는 편은 아니고 한 시간에서 두 시간을 정해두고 집중력을 발휘해서 하는 편입니다. 개인 작업 시간은 작더라도 꼭 마련하려고 하는 편이고 개인 공부를 위한 시간으로도 사용하려고 하는 편입니다.","wordCount":31}}},"rawDataInfo":{"question":{"fileFormat":"wav","fileSize":380558,"duration":11890,"samplingBit":16,"channelCount":1,"samplingRate":"16kHz","audioPath":"/Mock/05.ICT/Female/New/ckmk_q_ict_f_n_160850.wav"},"answer":{"fileFormat":"wav","fileSize":1916238,"duration":59880,"samplingBit":16,"channelCount":1,"samplingRate":"16kHz","audioPath":"/Mock/05.ICT/Female/New/ckmk_a_ict_f_n_160850.wav"}}}