{"version":"1.0","dataSet":{"info":{"date":"20230116","occupation":"ICT","channel":"MOCK","place":"ONLINE","gender":"FEMALE","ageRange":"35-44","experience":"NEW"},"question":{"raw":{"text":"나만의 우수한 커뮤니케이션 스킬이 있다면 직접 한 번 보여주시겠어요","wordCount":9},"emotion":[],"intent":[]},"answer":{"raw":{"text":"네 저만의 그 커뮤니케이션 스킬이라고는 하기에는 뭐 그런 스킬까지는 저는 그렇다고 말씀드리기는 좀 그렇구요. 어 저는 좀 제가 이렇게 쭉 저의 뭐 얘기하는 스타일을 보니까 저를 먼저 표현하기보다는 쫌 먼저 듣는 스타일 같아요. 에 그래서 그냥 먼저 얘기하는 것 자체를 좀 좋아하지 않는 성격이어서 그런지 어 상대방이 먼저 얘기하는 거를 듣고 어 이제 그렇게 들으면서 어머 공감이 가는 부분 또 아니면 나랑 생각이 다른 부분 뭐 이런 거 저런 거를 좀 생각을 정리하게 되는 것 같더라구요. 그래서 일단 상대방의 얘기들을 좀 먼저 들으려고 하고 그 이후에 이제 저의 생각을 얘기하는 편입니다. 음 그렇게 해서 기다려주면서 얘기를 들어줘서 그런지 몰라도 상대방들도 저의 얘기를 잘 들어주더라구요. 그러니까 서로 커뮤니티이션 하는데 전혀 뭐 문제 없이 예 잘 그냥 어 이루어지고 어 소통이 되는 것 같은 생각이 듭니다.","wordCount":124},"emotion":[],"intent":[{"text":"","expression":"","category":"attitude"}],"summary":{"text":"저는 좀 먼저 얘기하는 걸 별로 좋아하지 않는 성격이라 어 상대방이 먼저 얘기하는 것을 듣고 공감하거나 생각이 다른 부분에 대해 생각을 정리하게 되는 것 같습니다. 그래서 저는 상대방의 얘기를 먼저 듣고 생각을 얘기하는 편입니다. 서로 커뮤니티이션이 잘 되고 소통이 되는 것 같은 생각이 들었습니다.","wordCount":44}}},"rawDataInfo":{"question":{"fileFormat":"wav","fileSize":236878,"duration":7400,"samplingBit":16,"channelCount":1,"samplingRate":"16kHz","audioPath":"/Mock/05.ICT/Female/New/ckmk_q_ict_f_n_241653.wav"},"answer":{"fileFormat":"wav","fileSize":2452558,"duration":76640,"samplingBit":16,"channelCount":1,"samplingRate":"16kHz","audioPath":"/Mock/05.ICT/Female/New/ckmk_a_ict_f_n_241653.wav"}}}