{"version":"1.0","dataSet":{"info":{"date":"20230116","occupation":"ICT","channel":"MOCK","place":"ONLINE","gender":"FEMALE","ageRange":"-34","experience":"NEW"},"question":{"raw":{"text":"어 지원자님께서는 본인이 스스로 생각하시기에 숫자와 창의 중 어떤 곳에 더 가깝다고 생각하시나요 그리고 그 이유도 함께 말씀해 주시기를 바랍니다","wordCount":20},"emotion":[],"intent":[]},"answer":{"raw":{"text":"저는 개인적으로 숫자에 더 강한 사람이라고 생각합니다. 어 창의적으로 생각하고 행동하기 위해 노력을 많이 해왔지만 진짜 아이디어 뱅크처럼 아이디어와 창의성이 뛰어난 분들과 저는 비견할 게 안 되더라고요. 어 저는 정확한 숫자와 데이터를 가지고 그것을 해석하고 읽는 능력이 남들보다 뛰어나다고 생각합니다. 또 저는 창의성보다는 분석 쪽으로 공부을 공부를 많이 해 온 편이고 또 저의 직무인 데이터 분석과 또한 어 이 데이터의 정확한 숫자를 보고 활용하는 직업이지 본인 개인의 아이디어를 통한 직업은 아니라고 생각합니다.","wordCount":72},"emotion":[],"intent":[{"text":"","expression":"","category":"attitude"}],"summary":{"text":"저는 숫자에 더 강한 사람이라고 생각합니다. 저는 데이터의 정확한 숫자를 보고 활용하는 직업이기 때문에, 아이디어 뱅크처럼 아이디어와 창의성이 뛰어난 분들과 비견할 게 없다고 생각합니다.","wordCount":24}}},"rawDataInfo":{"question":{"fileFormat":"wav","fileSize":530318,"duration":16570,"samplingBit":16,"channelCount":1,"samplingRate":"16kHz","audioPath":"/Mock/05.ICT/Female/New/ckmk_q_ict_f_n_194554.wav"},"answer":{"fileFormat":"wav","fileSize":1531598,"duration":47860,"samplingBit":16,"channelCount":1,"samplingRate":"16kHz","audioPath":"/Mock/05.ICT/Female/New/ckmk_a_ict_f_n_194554.wav"}}}