{"version":"1.0","dataSet":{"info":{"date":"20230116","occupation":"ICT","channel":"MOCK","place":"ONLINE","gender":"FEMALE","ageRange":"35-44","experience":"NEW"},"question":{"raw":{"text":"평소에 지원자님은 검색을 자주 하는 편이신가요 어떤 것에 대해서 주로 검색을 하시는지 왜 하시는지 함께 답변 부탁드립니다","wordCount":17},"emotion":[],"intent":[]},"answer":{"raw":{"text":"최근에 와서는 제가 코딩이나 이런 프로그램들을 공부하는 데 있어서 코딩 그런 코드들이 좀 필요했기 때문에 구글을 통해서 검색을 자주 한 경험들이 있습니다. 저는 사실 평소에는 구글이라는 그런 검색 포털을 잘 이용하지는 않았었는데요. 제가 구글을 사용하면서 느꼈던 점은 어 생각보다 해외의 자료가 굉장히 많아서 해외 학술 자료나 혹은 해외에서 관련된 내용을 찾아볼 때에는 이 검색 포털이 굉장히 도움이 된다 라는 생각을 했었습니다. 물론 국내 포털들이 주는 강점들도 있습니다. 예를 들어 다음이나 네이버 같은 경우에는 자체적인 그런 렌즈 스마트 분석들이 있어서 내가 사진 촬영만 해도 해당 부분에 대해서 검색을 해주는 기능이 저는 평소에 굉장히 편리하다 라고 느끼고 있습니다. 그리고 또한 다음 같은 경우에도 저희 어머니 말로는 꽃을 촬영만 해도 어떤 꽃인지 잘 알려주어서 그런 부분이 음 중장년층들이 사용하기에도 굉장히 유용하다 라는 그런 의견들을 주셨었습니다.","wordCount":122},"emotion":[],"intent":[{"text":"","expression":"","category":"attitude"}],"summary":{"text":"코딩 코드가 필요하기 때문에 검색을 자주 한 경험들이 있습니다. 해외 학술 자료나 관련 내용을 검색할 때 검색 포털이 굉장히 도움이 됩니다. 물론 국내 포털들이 주는 장점도 있는데, 다음과 네이버의 경우 자체적인 렌즈 스마트 분석들이 있어서 사진 촬영만 해도 검색을 해주는 기능이 있고, 다음 같은 경우에도 중장년층에게 유용하다는 의견이 있었습니다.","wordCount":49}}},"rawDataInfo":{"question":{"fileFormat":"wav","fileSize":613838,"duration":19180,"samplingBit":16,"channelCount":1,"samplingRate":"16kHz","audioPath":"/Mock/05.ICT/Female/New/ckmk_q_ict_f_n_195401.wav"},"answer":{"fileFormat":"wav","fileSize":2552398,"duration":79760,"samplingBit":16,"channelCount":1,"samplingRate":"16kHz","audioPath":"/Mock/05.ICT/Female/New/ckmk_a_ict_f_n_195401.wav"}}}