{"version":"1.0","dataSet":{"info":{"date":"20230116","occupation":"ICT","channel":"MOCK","place":"ONLINE","gender":"FEMALE","ageRange":"-34","experience":"NEW"},"question":{"raw":{"text":"몇 년 전에 우버 택시 도입에 관련해서 굉장한 논란이 있었거든요 어 찬성도 있었고 이제 반대 여론도 있었는데 그 지원자님께서는 이런 여론에 대해서 어떻게 생각을 하시는지 얘기해 주세요","wordCount":27},"emotion":[],"intent":[]},"answer":{"raw":{"text":"네 저는 우버 택시에 관해 찬성인 입장입니다. 저는 아무래도 택시 사용자의 입장에 더 가깝기 때문에 찬성의 입장으로 더 생각을 하게 되는 것 같습니다. 이 우버 택시를 이용하게 된다면 저처럼 불필요하게 택시를 비싼 비용을 주고 탑승해야 하는 경우인 사람들에게 굉장히 도움이 많이 될 거라고 생각을 했고 또 택시 생태계가 어지럽 어지럽혀진다 라고 말씀하시는 분들도 많았는데 음 놓고 보면은 카카오 택시가 택시 업자분들께 오히려 더 도움이 되는 상황이 많아졌듯이 저는 우버도 이용객의 범위가 다를 거라고 생각하기 때문에 택시를 타고자 하는 사람과 우버를 타고자 하는 사람 잘 나뉘어서 잘 사업이 이끌어 갈 거라고 생각이 되었었습니다.","wordCount":92},"emotion":[],"intent":[{"text":"","expression":"","category":"attitude"}],"summary":{"text":"저는 우버 택시에 찬성합니다. 우버를 이용하면 불필요하게 비싼 비용을 주고 탑승해야 하는 사람들에게 도움이 많이 되고, 생태계가 어지럽혀진다고 말씀하시는 분들도 많았는데, 우버도 이용객의 범위가 다르기 때문에 잘 사업이 이끌어 갈 거라고 생각합니다.","wordCount":32}}},"rawDataInfo":{"question":{"fileFormat":"wav","fileSize":597198,"duration":18660,"samplingBit":16,"channelCount":1,"samplingRate":"16kHz","audioPath":"/Mock/05.ICT/Female/New/ckmk_q_ict_f_n_185244.wav"},"answer":{"fileFormat":"wav","fileSize":1887438,"duration":58980,"samplingBit":16,"channelCount":1,"samplingRate":"16kHz","audioPath":"/Mock/05.ICT/Female/New/ckmk_a_ict_f_n_185244.wav"}}}