{"version":"1.0","dataSet":{"info":{"date":"20230116","occupation":"ICT","channel":"MOCK","place":"ONLINE","gender":"FEMALE","ageRange":"-34","experience":"NEW"},"question":{"raw":{"text":"어 입사 후에 근무를 하면서 정작 지원한 분야가 지원자님과 잘 맞지 않는다는 사실을 깨닫게 되실 수도 있습니다 그렇게 된다면 어떻게 대처를 하실 건가요","wordCount":23},"emotion":[],"intent":[]},"answer":{"raw":{"text":"먼저는 잘 맞지 않아도 적응을 잘 해보려 노력할 것 같습니다. 적응을 잘 해야만 이 회사에서 또 일할 수 있을 거고 이 회사에서 원하는 인재가 되고 싶은 마음도 있습니다. 그러나 열심히 노력했을 시에도 팀에 폐만 끼치고 또 저 또한 맞지 않은 옷을 입은 것처럼 계속 불편하다면 이 또한 저희 커리어에도 악영향을 끼칠 거고 회사도 이 업무에 적합한 인재를 다시 뽑으시는 게 낫다는 생각이 들기는 합니다. 너무 오랫동안 맞지 않는 일을 잡고 있기 보다는 어 좀 많이 이 버텨보다가 안되면 퇴사를 고려해 볼 것 같습니다.","wordCount":83},"emotion":[],"intent":[{"text":"","expression":"","category":"attitude"}],"summary":{"text":"적응을 잘 해야만 회사에서 원하는 인재가 되고 싶은 마음이 있는데, 너무 오랫동안 맞지 않는 일을 잡고 있기 보다는 좀 많이 버티다가 안되면 퇴사를 고려해 볼 것 같습니다.","wordCount":27}}},"rawDataInfo":{"question":{"fileFormat":"wav","fileSize":487758,"duration":15240,"samplingBit":16,"channelCount":1,"samplingRate":"16kHz","audioPath":"/Mock/05.ICT/Female/New/ckmk_q_ict_f_n_194562.wav"},"answer":{"fileFormat":"wav","fileSize":1596878,"duration":49900,"samplingBit":16,"channelCount":1,"samplingRate":"16kHz","audioPath":"/Mock/05.ICT/Female/New/ckmk_a_ict_f_n_194562.wav"}}}