{"version":"1.0","dataSet":{"info":{"date":"20230116","occupation":"ICT","channel":"MOCK","place":"ONLINE","gender":"FEMALE","ageRange":"-34","experience":"NEW"},"question":{"raw":{"text":"만약 일을 하던 중 팀원과 불화가 생긴다면 어떻게 해결하실 건가요 본인만의 해결법과 그 이유에 대해서 말씀 부탁드립니다","wordCount":17},"emotion":[],"intent":[]},"answer":{"raw":{"text":"어 불화에 종류에 따라서 다를 것 같은데 업무상에 의견 충돌이 있는 불화라면은 어 왜 그런 식으로 팀원이 생각을 했는지 한번 자세히 물어보는 시간을 가질 것 같습니다. 그래서 그 팀원을 먼저 이해하고자 노력을 해 볼 것 같아요. 왜냐하면 계속 둘 사이고 같이 일을 해야 하는 사이에서 이해 없이 그냥 넘어가는 거는 서로 미움만 가중시키기 때문이라고 개인적으로 생각을 합니다. 그리고 어 만약에 인신 공격이나 좀 인격적인 모독을 하는 경우에는 어 저는 그거는 깔끔하게 상부분들께 상사 분께 말씀을 드릴 것 같습니다.","wordCount":78},"emotion":[],"intent":[{"text":"","expression":"","category":"attitude"}],"summary":{"text":"업무상 의견 충돌이 있는 불화라면 팀원을 먼저 이해하고자 노력해야 합니다. 이해 없이 그냥 넘어가는 것은 서로 미움을 가중시키기 때문입니다. 만약 인신 공격이나 인격적인 모독을 하는 경우는 상부 분들께 말씀을 드립니다.","wordCount":30}}},"rawDataInfo":{"question":{"fileFormat":"wav","fileSize":609998,"duration":19060,"samplingBit":16,"channelCount":1,"samplingRate":"16kHz","audioPath":"/Mock/05.ICT/Female/New/ckmk_q_ict_f_n_197275.wav"},"answer":{"fileFormat":"wav","fileSize":1716558,"duration":53640,"samplingBit":16,"channelCount":1,"samplingRate":"16kHz","audioPath":"/Mock/05.ICT/Female/New/ckmk_a_ict_f_n_197275.wav"}}}