{"version":"1.0","dataSet":{"info":{"date":"20230116","occupation":"ICT","channel":"MOCK","place":"ONLINE","gender":"FEMALE","ageRange":"-34","experience":"NEW"},"question":{"raw":{"text":"본인의 생각이 아닌 지원자님의 다른 주변 사람들이 생각하는 지원자님의 단점과 장점을 모두 생각나는 대로 말씀해 주시기 바랍니다","wordCount":17},"emotion":[],"intent":[]},"answer":{"raw":{"text":"어 제 생각이 아닌 주변 사람들이 말하는 제 장점은 일단 배려심입니다. 어 어렸을 때부터 저는 어떠한 사람이더라도 저는 최대한 제 있는 제가 할 수 있는 한도 내에서 최대한 도와주고 그들이 잘 해결을 할 수 있도록 옆에서 힘써줬던 것 같고요. 어 제가 기억하는 제 모습은 모르지만 주변 사람들이 그렇게 말씀을 하셨구요. 그다음에 단점으로는 너무 열심히 해서 제 자신을 희생 시킨다는 말을 들었습니다. 어 제가 아무래도 조금 열정적이고 적극적인 태도가 있기 때문에 어 주변 사람들은 그것이 쪼금 단점이 단점으로 적용될 수 있다고 생각을 해서 저에게 그렇게 말을 한 것 같습니다. 이러한 부분은 어 제 한도 내에서 열심히 할 수 있는 부분은 최대한 열심히 하지만 어 만약에 어 제가 할 수 없는 부분이라고 생각이 들면 깔끔히 포기를 해서 다른 담당자에게 그 일을 주거나 아니면 최대한 도움을 받아서 그 일을 해결하는 쪽으로 어 네 최대한 활용을 할 것 같습니다.","wordCount":135},"emotion":[],"intent":[{"text":"어 제 생각이 아닌 주변 사람들이 말하는 제 장점은 일단 배려심입니다.","expression":"c_person","category":"background"},{"text":"그다음에 단점으로는 너무 열심히 해서 제 자신을 희생 시킨다는 말을 들었습니다.","expression":"c_person","category":"background"}],"summary":{"text":"주변에서는 제가 할 수 있는 한도 내에서 최대한 도와주고 제 자신을 희생시킨다는 말을 했습니다. 하지만 저 자신이 할 수 없는 부분이라 생각 되면 최대한 포기를 해서 다른 담당자에게 그 일을 주거나 최대한 도움을 받아서 그 일을 해결하는 쪽으로 최대한 활용 할 것 같습니다.","wordCount":43}}},"rawDataInfo":{"question":{"fileFormat":"wav","fileSize":517198,"duration":16160,"samplingBit":16,"channelCount":1,"samplingRate":"16kHz","audioPath":"/Mock/05.ICT/Female/New/ckmk_q_ict_f_n_257359.wav"},"answer":{"fileFormat":"wav","fileSize":2524558,"duration":78890,"samplingBit":16,"channelCount":1,"samplingRate":"16kHz","audioPath":"/Mock/05.ICT/Female/New/ckmk_a_ict_f_n_257359.wav"}}}