{"version":"1.0","dataSet":{"info":{"date":"20230116","occupation":"ICT","channel":"MOCK","place":"ONLINE","gender":"FEMALE","ageRange":"55-","experience":"NEW"},"question":{"raw":{"text":"지원자님께서는 만약 상사가 업무와 무관한 일을 시켜도 잘 수행할 자신이 있으신지 궁금합니다 아니면 지원자님께서는 수행하지 않을 것인지도 말씀해 주시기 바랍니다","wordCount":20},"emotion":[],"intent":[]},"answer":{"raw":{"text":"각자에게 주어진 업무를 가장 잘 수행할 수 있고 또 열심히 하겠습니다만 그 업무들이 합해져서 또 그 전체적인 그림이 될 수 있다고 생각이 됩니다. 그래서 업무와 무관한 일을 시켰을 때 잘 수행할 자신이 있는지는 어 열심히 해 봐야 되겠지만 어 할 수 있는 만큼 최선을 다할 거라고 생각이 됩니다. 수행하지 않았을 때 그것이 팀 전체의 업무에 문제가 될 수도 있기 때문에 관련된 일을 어 연관된 일을 지금 내가 바로 하고 있지 않지만 팀에서 함께 연관된 일일 거라고 생각이 되고요. 그래서 잘 모른다면 찾아서 또는 어 서로 도와가면서 다른 사람에게 도움을 요청할 수도 있겠고 수행할 수 있도록 최선을 다할 것이라고 생각이 됩니다.","wordCount":100},"emotion":[],"intent":[{"text":"","expression":"","category":"attitude"}],"summary":{"text":"업무와 무관한 일을 시켰을 때 할 수 있는 만큼의 최선을 다할 것이고 수행하지 않았을 때 팀 전체의 업무에 문제가 될 수도 있기 때문에 잘 모른다면 서로 도와가면서 다른 사람에게 도움을 요청할 수도 있겠습니다.","wordCount":33}}},"rawDataInfo":{"question":{"fileFormat":"wav","fileSize":645838,"duration":20180,"samplingBit":16,"channelCount":1,"samplingRate":"16kHz","audioPath":"/Mock/05.ICT/Female/New/ckmk_q_ict_f_n_248048.wav"},"answer":{"fileFormat":"wav","fileSize":1909838,"duration":59680,"samplingBit":16,"channelCount":1,"samplingRate":"16kHz","audioPath":"/Mock/05.ICT/Female/New/ckmk_a_ict_f_n_248048.wav"}}}