{"version":"1.0","dataSet":{"info":{"date":"20230116","occupation":"ICT","channel":"MOCK","place":"ONLINE","gender":"FEMALE","ageRange":"35-44","experience":"NEW"},"question":{"raw":{"text":"귀하가 다룰 수 있는 설계 프로그램에 대해서 말해보세요","wordCount":8},"emotion":[],"intent":[]},"answer":{"raw":{"text":"제가 다룰 수 있는 설계 프로그램은 바로 파이썬입니다. 파이썬은 직관적이고 간결하고 간결하여서 어 아이티피 전공자들도 많이 배우고 있는 걸로 알고 있습니다. 일부 대학에서는 교양 과목으로도 어 가르치고 있습니다. 이케 통해서 아이티를 전공하지 않은 사람들도 마케팅이나 영업부서 다른 부서들과 함께 프로그램으로 하나의 프로그램으로 하나의 언어로 같이 소통할 수 있다는 것이 가장 큰 장점인 것 같습니다.","wordCount":54},"emotion":[],"intent":[{"text":"","expression":"","category":"attitude"}],"summary":{"text":"파이썬은 직관적이고 간결하여, 일부 대학에서는 교양 과목으로 가르치고 있습니다. 이를 통해 전공자들도 다른 부서들과 함께 소통할 수 있다는 것이 가장 큰 장점입니다.","wordCount":22}}},"rawDataInfo":{"question":{"fileFormat":"wav","fileSize":249998,"duration":7810,"samplingBit":16,"channelCount":1,"samplingRate":"16kHz","audioPath":"/Mock/05.ICT/Female/New/ckmk_q_ict_f_n_180077.wav"},"answer":{"fileFormat":"wav","fileSize":1084238,"duration":33880,"samplingBit":16,"channelCount":1,"samplingRate":"16kHz","audioPath":"/Mock/05.ICT/Female/New/ckmk_a_ict_f_n_180077.wav"}}}