{"version":"1.0","dataSet":{"info":{"date":"20230116","occupation":"ICT","channel":"MOCK","place":"ONLINE","gender":"FEMALE","ageRange":"-34","experience":"NEW"},"question":{"raw":{"text":"지원자님께서는 협업을 할 때 사교성이 좋은 편인지 궁금합니다 또 사교성을 키우기 위해 지원자님은 어떤 노력을 하셨나요","wordCount":16},"emotion":[],"intent":[]},"answer":{"raw":{"text":"협업을 할 때 사교성이 좋은 편이라고 개인적으로는 생각을 많이 합니다. 실제로 팀원분들과 친해지기 위해서 개인적으로 노력을 많이 하는 편이고 또 분위기가 딱딱한 것을 잘 견디지 못하는 편이라 스몰 투크도 굉장히 많이 하는 편입니다. 또 사교성을 키우기 위해서 어 조금 낯을 가리고 어색한 자리일지라도 최선을 다해서 웃고 또 참여하고 의견을 내기 위해서 노력을 하는 편이었습니다. 어 실제로 이번 프로젝트를 하면서 어 팀원 분들과 다 처음 뵙는 분들이라 어색한 점도 정말 많았고 힘든 점도 많았는데요. 그래도 함께 회의 시간마다 적극적으로 참여하면서 의견을 내면서 팀원 분들과 또 소통하고 그러면서 친해질 수 있는 상황을 많이 만들게 된 것 같습니다.","wordCount":95},"emotion":[],"intent":[{"text":"협업을 할 때 사교성이 좋은 편이라고 개인적으로는 생각을 많이 합니다.","expression":"c_person","category":"background"}],"summary":{"text":"협업 시 사교성이 좋은 편이라 생각하여 팀원분들과 친해지기 위해 노력을 많이 하고, 스몰 투크도 많이 하는 편입니다. 이번 프로젝트로 팀원 분들과 어색한 점도 많았지만 회의 시간마다 적극적으로 참여하면서 친해질 수 있는 상황을 많이 만들었습니다.","wordCount":34}}},"rawDataInfo":{"question":{"fileFormat":"wav","fileSize":563918,"duration":17620,"samplingBit":16,"channelCount":1,"samplingRate":"16kHz","audioPath":"/Mock/05.ICT/Female/New/ckmk_q_ict_f_n_160665.wav"},"answer":{"fileFormat":"wav","fileSize":1780558,"duration":55640,"samplingBit":16,"channelCount":1,"samplingRate":"16kHz","audioPath":"/Mock/05.ICT/Female/New/ckmk_a_ict_f_n_160665.wav"}}}