{"version":"1.0","dataSet":{"info":{"date":"20230116","occupation":"ICT","channel":"MOCK","place":"ONLINE","gender":"FEMALE","ageRange":"-34","experience":"NEW"},"question":{"raw":{"text":"만약 지원자님이 이 면접에서 최종 탈락하신다면 어떤 점이 부족해서 탈락했다고 생각을 하실까요 본인의 솔직한 답변을 말씀해 주세요","wordCount":17},"emotion":[],"intent":[]},"answer":{"raw":{"text":"어 이 면접에서 최종 탈락을 한다면 음 음 회사에서 추구하시는 방향성과 또 업무의 스타일이 저와 맞지 않아서 탈락했다고 생각을 할 것 같습니다. 또 아직 아무래도 신입이다 보니까 회사에서 원하는 그 업무 역량만큼 제가 올라와 있지 않을 수도 있구요. 네 그래서 이 뭐 역량이나 또 개인적인 특성 또 저의 스타일 같은 게 맞지 않아서 탈락했다고 생각을 할 것 같습니다.","wordCount":58},"emotion":[],"intent":[{"text":"","expression":"","category":"attitude"}],"summary":{"text":"면접에서 최종 탈락한다면 회사에서 추구하는 방향성과 업무의 스타일, 역량, 개인적인 특성 등이 맞지 않아 탈락했다고 생각될 것 같습니다.","wordCount":18}}},"rawDataInfo":{"question":{"fileFormat":"wav","fileSize":593678,"duration":18550,"samplingBit":16,"channelCount":1,"samplingRate":"16kHz","audioPath":"/Mock/05.ICT/Female/New/ckmk_q_ict_f_n_265408.wav"},"answer":{"fileFormat":"wav","fileSize":1241038,"duration":38780,"samplingBit":16,"channelCount":1,"samplingRate":"16kHz","audioPath":"/Mock/05.ICT/Female/New/ckmk_a_ict_f_n_265408.wav"}}}