{"version":"1.0","dataSet":{"info":{"date":"20230116","occupation":"ICT","channel":"MOCK","place":"ONLINE","gender":"FEMALE","ageRange":"-34","experience":"NEW"},"question":{"raw":{"text":"동물 실험이 인간에게 주는 이익에 관해서 말씀해 주세요 또한 이에 대한 지원자님의 솔직한 의견도 궁금합니다","wordCount":15},"emotion":[],"intent":[]},"answer":{"raw":{"text":"아무래도 동물 실험을 옹호하는 주장 중에 가장 큰 이유는 바로 그 동물 실험 덕분에 저희 인 인간의 인간의 의학이 발전을 해서 인간의 생명이나 그런 건강을 보호한다는 것이 어 대단한 대단한 이익이라고 생각을 합니다. 어 동물 실험이 인간에게 이익이 된다면 어 해야 할까 를 고민을 해 봤을 때 아 그러면 그 동물에 대한 괴롭힘이 그러면 정당화되는 것인가 라는 생각을 또 해 봤습니다. 어 동물에게 주는 그 고통과 그 괴롭힘이 어 저는 어 그 어쨌든 인간이 아니라 동물이기는 하지만 하나의 생명이기 때문에 그 존엄성을 존중해야 된다고 생각을 합니다. 어 그래서 최대한 어 동물 실험이 어 진행되지 않도록 저는 동물 실험을 한 화장품이나 그런 관련한 것들을 구매하지 않는 편인데요. 어 제가 그렇게 확인을 하고 구매를 하지 않더라도 아무래도 모든 어 그런 상품들이 동물 실험을 한 경우가 많더라고요. 그래서 어 혹시 동물 실험을 저처럼 반대하는 사람이 있다면 그 동물 실험을 했는지 안 했는지에 대한 그 여부를 상품에 잘 어 녹여서 알려 줘야 한다고 생각을 합니다.","wordCount":151},"emotion":[{"text":"어 동물에게 주는 그 고통과 그 괴롭힘이 어 저는 어 그 어쨌든 인간이 아니라 동물이기는 하지만 하나의 생명이기 때문에 그 존엄성을 존중해야 된다고 생각을 합니다.","expression":"u-belief","category":"neutral"}],"intent":[{"text":"","expression":"","category":"attitude"}],"summary":{"text":"동물 실험 덕분에 인간의 의학이 발전해서 인간의 생명이나 건강을 보호한다는 것이 큰 이익이라고 생각합니다. 동물에 대한 고통과 괴롭힘은 하나의 생명이기 때문에 존엄성을 존중해야 된다고 생각합니다. 혹시 동물 실험을 했는지 안 했는지에 대한 여부를 상품에 잘 녹여서 알려 줘야 한다고 생각을 합니다.","wordCount":41}}},"rawDataInfo":{"question":{"fileFormat":"wav","fileSize":540878,"duration":16900,"samplingBit":16,"channelCount":1,"samplingRate":"16kHz","audioPath":"/Mock/05.ICT/Female/New/ckmk_q_ict_f_n_257361.wav"},"answer":{"fileFormat":"wav","fileSize":3010318,"duration":94070,"samplingBit":16,"channelCount":1,"samplingRate":"16kHz","audioPath":"/Mock/05.ICT/Female/New/ckmk_a_ict_f_n_257361.wav"}}}