{"version":"1.0","dataSet":{"info":{"date":"20230116","occupation":"ICT","channel":"MOCK","place":"ONLINE","gender":"FEMALE","ageRange":"55-","experience":"NEW"},"question":{"raw":{"text":"개발 관련하여 일을 오래 하셨는데 기술적으로 어려웠던 점이 있으셨다면 무엇이었는지 사례와 함께 말씀해 주시겠습니까","wordCount":14},"emotion":[],"intent":[]},"answer":{"raw":{"text":"개발을 하면서 기술적으로 가장 어려웠던 지점은 음 예상했던 결과가 쉽게 도출되지 않았을 때였던 것 같습니다. 그 이유는 어 우선은 실력이 부족했을 것이라고 생각이 들구요. 사실 기획 과정에서 사람들의 의견을 여러 사람들의 기획안을 다 좀 이렇게 수용할려고 하다 보니까 그 부분이 이제 그 역량 면에서 부족했었구요. 그래서 그 부분에 대해서 이제 계속해서 어 필요한 부분을 보강을 하고 곧 공부를 하고 지금도 여전히 하고 있습니다. 음 같이 일하는 사람도 되게 중요하다고 생각이 되구요. 같이 일할 때 어 실질적으로 어디까지가 가능하고 가능하지 않은 부분은 어떻게 해결할 건지에 대해서 소통이 잘 되면 그러면 그 뒤에는 이제 기술적으로 해결할 수 있으리라고 생각이 됩니다.","wordCount":98},"emotion":[],"intent":[{"text":"","expression":"","category":"attitude"}],"summary":{"text":"기획 과정에서 사람들의 의견을 수용하려고 하다 보니 역량 면에서 부족했습니다. 그래서 그 부분에 대해 보강을 하고 있고 같이 일하는 사람과 소통도 잘되면 기술적으로 문제를 해결할 수 있으리라 생각합니다.","wordCount":28}}},"rawDataInfo":{"question":{"fileFormat":"wav","fileSize":387278,"duration":12100,"samplingBit":16,"channelCount":1,"samplingRate":"16kHz","audioPath":"/Mock/05.ICT/Female/New/ckmk_q_ict_f_n_229160.wav"},"answer":{"fileFormat":"wav","fileSize":1946318,"duration":60820,"samplingBit":16,"channelCount":1,"samplingRate":"16kHz","audioPath":"/Mock/05.ICT/Female/New/ckmk_a_ict_f_n_229160.wav"}}}