{"version":"1.0","dataSet":{"info":{"date":"20230116","occupation":"ICT","channel":"MOCK","place":"ONLINE","gender":"FEMALE","ageRange":"-34","experience":"NEW"},"question":{"raw":{"text":"지원자님의 성격상 장점과 단점에 대해 각각 말씀해 주세요 구체적인 예시를 들어서 말씀해 주시면 더욱 좋습니다","wordCount":15},"emotion":[],"intent":[]},"answer":{"raw":{"text":"이 일을 하면서 생긴 성격의 장점인데요. 바로 완벽주의 성향이 강해졌다는 것입니다. 한 글자만 틀려도 결과가 굉장히 바꿔지 바껴서 도출되기 때문에 어떤 부분이라도 놓치지 않으려고 완벽주의적인 성향을 가졌던 것 같습니다. 그래서 이러한 이러한 이런 현상 때문에 아무래도 일을 진행하는 데 속도가 조금 느려졌다는 점이 단점인 것 같습니다. 그래서 제가 저는 혼자서 하지 않고 페어 프로그래밍을 진행을 해서 제가 진행하는 속도에 맞춰 다른 프로그래머가 이제 보완해야 될 부분들을 한 번 더 수정을 하는 식으로 해서 일의 속도를 빠르게 변화시키고 있습니다.","wordCount":78},"emotion":[],"intent":[{"text":"바로 완벽주의 성향이 강해졌다는 것입니다.","expression":"c_person","category":"background"}],"summary":{"text":"이 일을 하면서 완벽주의 성향이 강해져서 일을 진행하는 데 속도가 느려졌다는 단점이 있어서 혼자서 페어 프로그래밍을 진행을 해서 다른 프로그래머가 보완해야 될 부분을 수정을 하는 식으로 일의 속도를 빠르게 변화시키고 있습니다.","wordCount":31}}},"rawDataInfo":{"question":{"fileFormat":"wav","fileSize":563918,"duration":17620,"samplingBit":16,"channelCount":1,"samplingRate":"16kHz","audioPath":"/Mock/05.ICT/Female/New/ckmk_q_ict_f_n_269238.wav"},"answer":{"fileFormat":"wav","fileSize":1560718,"duration":48770,"samplingBit":16,"channelCount":1,"samplingRate":"16kHz","audioPath":"/Mock/05.ICT/Female/New/ckmk_a_ict_f_n_269238.wav"}}}