{"version":"1.0","dataSet":{"info":{"date":"20230116","occupation":"ICT","channel":"MOCK","place":"ONLINE","gender":"FEMALE","ageRange":"-34","experience":"NEW"},"question":{"raw":{"text":"대한민국의 금융 정책 기간은 우리 신용보증기금이 있는데요 이 신용보증기금이 지원자께서는 호가대아야 할 업무 영역이 무엇이라고 생각하는지 설명해 주시길 바랍니다","wordCount":19},"emotion":[],"intent":[]},"answer":{"raw":{"text":"요즘에는 저희 이십 대 같은 경우에는 금융 사기에 관한 사례가 참 많은데요. 특히 저희 이십 대 같은 분 이십 대 분들은 사십 대 오십 대 분들처럼 큰 돈을 거래를 하는 일이 아무래도 몇 번 없다 보니까 이런 금융 사기 사례가 더욱더 많은 것 같습니다. 그래서 일단 음 신용보증기금에서는 어 사기 방지 대책 마련과 또 이 사기 방 사기 사례에 관하여 이십 대 분들에게 노출 빈도를 많이 높여주시는 것을 노력해 주시면 좋을 것 같고 또 사기를 어쩔 수 없이 당하게 되었을 때 어 보장해주시는 제도를 많이 만들어주시고 뒷받침 해주시면 좋을 것 같습니다.","wordCount":91},"emotion":[],"intent":[{"text":"","expression":"","category":"attitude"}],"summary":{"text":"신용보증기금에서는 사기 방지 대책 마련과 사기 방 사기 사례에 관하여 이십 대 분들에게 노출 빈도를 높여주시는 것을 노력해 주신 것과 또 사기 당하게 되었을 때 보장해주시는 제도를 많이 만들어 주신 것 좋습니다.","wordCount":32}}},"rawDataInfo":{"question":{"fileFormat":"wav","fileSize":548558,"duration":17140,"samplingBit":16,"channelCount":1,"samplingRate":"16kHz","audioPath":"/Mock/05.ICT/Female/New/ckmk_q_ict_f_n_219123.wav"},"answer":{"fileFormat":"wav","fileSize":1655118,"duration":51720,"samplingBit":16,"channelCount":1,"samplingRate":"16kHz","audioPath":"/Mock/05.ICT/Female/New/ckmk_a_ict_f_n_219123.wav"}}}