{"version":"1.0","dataSet":{"info":{"date":"20230116","occupation":"ICT","channel":"MOCK","place":"ONLINE","gender":"FEMALE","ageRange":"-34","experience":"NEW"},"question":{"raw":{"text":"대학 생활을 보내면서 가장 힘들었던 경험은 무엇이었나요 또한 그 힘들었던 부분을 어떻게 극복하셨는지도 함께 말씀 부탁드립니다","wordCount":16},"emotion":[],"intent":[]},"answer":{"raw":{"text":"네 제가 대학 생활을 보내면서 가장 힘들었던 경험은 아무래도 코로나 때인 것 같습니다. 코로나 때 저는 동기들 만나는 걸 많이 좋아했는데 동기들도 아무도 못 만나고 또 교수님도 사이버로 보게 되다보니까 사실 학교에 있으면은 빨리빨리 친구들과 이야기 해서 해결할 수 있는 일이나 교수님께 직접 찾아가서 여쭤볼 수 있는 일도 이제 다 메일이나 이메일 친구들 같은 경우에는 메신저로만 소통을 하게 되니까 그 점이 많이 답답하기도 했고 또 친구들과 같이 수다 떠는 시간이 많이 그리웠기도 합니다. 네 어떻게 극복했냐면 그냥 적응이 되고 또 혼자 있는 시간을 즐기는 식으로 극복을 했던 것 같습니다.","wordCount":89},"emotion":[{"text":"코로나 때 저는 동기들 만나는 걸 많이 좋아했는데 동기들도 아무도 못 만나고 또 교수님도 사이버로 보게 되다보니까   사실 학교에 있으면은 빨리빨리 친구들과 이야기 해서 해결할 수 있는 일이나 교수님께   직접 찾아가서 여쭤볼 수 있는 일도 이제 다 메일이나 이메일 친구들 같은 경우에는 메신저로만 소통을 하게 되니까 그 점이 많이 답답하기도 했고   또 친구들과 같이 수다 떠는 시간이 많이 그리웠기도 합니다.","expression":"n-distress","category":"negative"}],"intent":[{"text":"코로나 때 저는 동기들 만나는 걸 많이 좋아했는데 동기들도 아무도 못 만나고 또 교수님도 사이버로 보게 되다보니까   사실 학교에 있으면은 빨리빨리 친구들과 이야기 해서 해결할 수 있는 일이나 교수님께   직접 찾아가서 여쭤볼 수 있는 일도 이제 다 메일이나 이메일 친구들 같은 경우에는 메신저로만 소통을 하게 되니까 그 점이 많이 답답하기도 했고   또 친구들과 같이 수다 떠는 시간이 많이 그리웠기도 합니다.","expression":"c_private","category":"background"}],"summary":{"text":"대학 생활을 하면서 가장 힘들었던 경험은 코로나 때인 것 같습니다. 동기들을 못 만나고 교수님도 사이버로 보게 되다보니 메일이나 이메일 친구들은 메신저로만 소통을 하게 되니 답답했습니다. 그래서 적응하고 혼자 있는 시간을 즐겼습니다.","wordCount":31}}},"rawDataInfo":{"question":{"fileFormat":"wav","fileSize":601678,"duration":18800,"samplingBit":16,"channelCount":1,"samplingRate":"16kHz","audioPath":"/Mock/05.ICT/Female/New/ckmk_q_ict_f_n_197278.wav"},"answer":{"fileFormat":"wav","fileSize":1734478,"duration":54200,"samplingBit":16,"channelCount":1,"samplingRate":"16kHz","audioPath":"/Mock/05.ICT/Female/New/ckmk_a_ict_f_n_197278.wav"}}}