{"version":"1.0","dataSet":{"info":{"date":"20230116","occupation":"ICT","channel":"MOCK","place":"ONLINE","gender":"FEMALE","ageRange":"-34","experience":"NEW"},"question":{"raw":{"text":"살아오면서 여러 가지 힘들었던 일이 있었을 겁니다 그중에서 살면서 가장 힘들었던 점은 어떤 것이었고 또 그 점을 극복하기 위해 어떤 노력들을 해왔는지 말씀을 해주십시오","wordCount":24},"emotion":[],"intent":[]},"answer":{"raw":{"text":"제가 살면서 가장 힘들었을 때는 첫 번째 입시에서 떨어졌을 때입니다. 어 이 점을 극복하기 위해 저는 음 일단 한 달은 열심히 놀고 그 다음에 어떻게 할 건지 대책을 세웠던 것 같습니다. 그 대책을 세우고 충실히 시행하며 그 상황을 타파하고자 노력했고 음 어쩔 수 없는 상황이니 만큼 그 상황을 인정하고 객관적으로 보기 위해 노력했던 것 같습니다. 객관적이지만 희망적으로 상황을 보려고 노력했고 또 그에 맞춰서 성실하게 생활 패턴을 맞춰 재수 생활에 임하려고 노력을 했었습니다.","wordCount":72},"emotion":[],"intent":[{"text":"","expression":"","category":"attitude"}],"summary":{"text":"첫 입시에서 떨어졌을 때를 극복하기 위해 한 달은 열심히 놀고 대책을 세웠습니다. 그 대책을 세우고 충실히 시행하며 그 상황을 객관적으로 보기 위해 노력했습니다. 성실하게 생활 패턴을 맞춰 재수 생활을 하려고 노력했습니다.","wordCount":31}}},"rawDataInfo":{"question":{"fileFormat":"wav","fileSize":569358,"duration":17790,"samplingBit":16,"channelCount":1,"samplingRate":"16kHz","audioPath":"/Mock/05.ICT/Female/New/ckmk_q_ict_f_n_185138.wav"},"answer":{"fileFormat":"wav","fileSize":1532878,"duration":47900,"samplingBit":16,"channelCount":1,"samplingRate":"16kHz","audioPath":"/Mock/05.ICT/Female/New/ckmk_a_ict_f_n_185138.wav"}}}