{"version":"1.0","dataSet":{"info":{"date":"20230116","occupation":"ICT","channel":"MOCK","place":"ONLINE","gender":"FEMALE","ageRange":"-34","experience":"NEW"},"question":{"raw":{"text":"사내 스터디를 만들어 공부할 수 있다면 어떤 공부를 하고 싶으신가요 이유도 함께 말씀해 주시길 바랍니다","wordCount":15},"emotion":[],"intent":[]},"answer":{"raw":{"text":"저는 사내 스터디를 만들어 공부할 수 있다면 파이선을 이용한 데이터 전처리 스터디 반에 들어가고 싶습니다. 프로젝트를 함께 하시는 분 중 한 분이 파이선을 굉장히 잘 다루시고 이 파이선을 통한 전처리 과정을 굉장히 효율적으로 잘 하시더라구요. 그 모습을 보면서 아 저도 저런 식으로 어 능숙함을 키우고 싶고 또 이 분 이 파이선 전처리에 관하여 능숙함을 늘려서 일의 효율성을 높이고 싶다 라는 생각을 많이 하게 되었었습니다. 그래서 저는 파이선 전처리 스터디를 만들고 싶습니다.","wordCount":71},"emotion":[],"intent":[{"text":"","expression":"","category":"attitude"}],"summary":{"text":"사내 스터디를 만들어 파이선을 이용한 데이터 전처리 반에 들어가고 싶습니다. 프로젝트 함께 하시는분의 파이선 전처리 능숙함을 늘려서 일의 효율성을 높이고 싶어 합니다.","wordCount":22}}},"rawDataInfo":{"question":{"fileFormat":"wav","fileSize":382798,"duration":11960,"samplingBit":16,"channelCount":1,"samplingRate":"16kHz","audioPath":"/Mock/05.ICT/Female/New/ckmk_q_ict_f_n_185246.wav"},"answer":{"fileFormat":"wav","fileSize":1331278,"duration":41600,"samplingBit":16,"channelCount":1,"samplingRate":"16kHz","audioPath":"/Mock/05.ICT/Female/New/ckmk_a_ict_f_n_185246.wav"}}}