{"version":"1.0","dataSet":{"info":{"date":"20230116","occupation":"ICT","channel":"MOCK","place":"ONLINE","gender":"FEMALE","ageRange":"-34","experience":"NEW"},"question":{"raw":{"text":"현대 사회에서 없어서는 안 될 가장 중요하다고 생각하시는 직업은 무엇인가요 한 가지를 골라서 이유와 함께 말씀해 주실 수 있을까요","wordCount":19},"emotion":[],"intent":[]},"answer":{"raw":{"text":"음 가장 중요한 직업은 제 생각에는 역시 컴퓨터를 다루고 또 데이터를 다루는 직군이 아닐까 라고 저는 생각을 합니다. 그 이유는 먼저 일단 데이터 정보 자체가 굉장히 많은 시대에 올바른 인사이트를 도출하고 정당한 이유와 근거를 데이터에서 찾는 게 굉장히 중요하다고 생각합니다. 어느 분야이든 어느 도메인이든 상관없이 지금은 데이터에 를 활용하는 것 자체가 굉장히 중요해진 시대이기 때문에 그래서 저는 데이터 관련 직군이 정말 현대사회에 있는 없어서 안될 중요한 직업이라고 생각이 됩니다.","wordCount":69},"emotion":[],"intent":[{"text":"","expression":"","category":"attitude"}],"summary":{"text":"데이터 정보에 대한 올바른 인사이트를 도출하고 정당한 이유와 근거를 데이터에서 찾는 데이터 관련 직군이 현대사회에서 꼭 필요한 직업이라고 생각합니다.","wordCount":19}}},"rawDataInfo":{"question":{"fileFormat":"wav","fileSize":607438,"duration":18980,"samplingBit":16,"channelCount":1,"samplingRate":"16kHz","audioPath":"/Mock/05.ICT/Female/New/ckmk_q_ict_f_n_272220.wav"},"answer":{"fileFormat":"wav","fileSize":1717198,"duration":53660,"samplingBit":16,"channelCount":1,"samplingRate":"16kHz","audioPath":"/Mock/05.ICT/Female/New/ckmk_a_ict_f_n_272220.wav"}}}