{"version":"1.0","dataSet":{"info":{"date":"20230116","occupation":"ICT","channel":"MOCK","place":"ONLINE","gender":"FEMALE","ageRange":"-34","experience":"NEW"},"question":{"raw":{"text":"시험 기간에 시간이 촉박할 때는 어떤 방법으로 시간 관리를 하셨나요 본인의 시간 관리 방법에 대해서 말씀해 주세요","wordCount":17},"emotion":[],"intent":[]},"answer":{"raw":{"text":"저는 계획표를 작성 하는 편입니다. 이 계획표를 작성할 때는 달력앱을 사용하기도 하고 알림앱을 사용하기도 하고 하는데요. 어 이제 가장 고전적인 방법으로 이제 시간표를 짠 기도 합니다. 시간이 너무 촉박할 때는 정말 삼십 분 단위로 시간을 짜서 맞춰서 공부하고 밥 먹고 했었고 그렇게 촉박하지 않을 때는 뭐 몇 시간 단위고 통 크게 나누는 편입니다. 바쁠수록 촘촘하고 꼼꼼하게 계획표를 짜는 편입니다.","wordCount":59},"emotion":[],"intent":[{"text":"","expression":"","category":"attitude"}],"summary":{"text":"계획표를 작성할 때는 달력앱과 알림앱을 사용하는데, 고전적인 방법으로 시간표를 짭니다. 바쁠수록 촘촘하고 꼼꼼하게 계획표를 짜는 편입니다.","wordCount":16}}},"rawDataInfo":{"question":{"fileFormat":"wav","fileSize":337038,"duration":10530,"samplingBit":16,"channelCount":1,"samplingRate":"16kHz","audioPath":"/Mock/05.ICT/Female/New/ckmk_q_ict_f_n_265300.wav"},"answer":{"fileFormat":"wav","fileSize":1351118,"duration":42220,"samplingBit":16,"channelCount":1,"samplingRate":"16kHz","audioPath":"/Mock/05.ICT/Female/New/ckmk_a_ict_f_n_265300.wav"}}}