{"version":"1.0","dataSet":{"info":{"date":"20230116","occupation":"ICT","channel":"MOCK","place":"ONLINE","gender":"FEMALE","ageRange":"-34","experience":"NEW"},"question":{"raw":{"text":"입사를 하고 나서 일을 하다 보면요 상사에게 어려운 지시를 받을 수도 있겠죠 어 이러한 경우에 어떻게 행동을 취하실 건지 어 이유와 함께 자세하게 설명을 해 주시기 바랍니다","wordCount":27},"emotion":[],"intent":[]},"answer":{"raw":{"text":"상사에게 어려운 지시라고 밝히고 도움을 청할 것입니다. 그리고 거절은 하지 않고 노력할 것 같습니다. 어려운 지시를 받았더라도 그것이 저에겐 나중에 큰 도움이 될 것이라고 생각하기 때문입니다. 그리고 제가 이전에 말씀드린 것과 같이 제가 도전을 좋아하기 때문에 잘 해 낼 수 있을 것이라고 생각합니다.","wordCount":43},"emotion":[],"intent":[{"text":"","expression":"","category":"attitude"}],"summary":{"text":"도전정신을 가지고 있는 저는 상사에게 어려운 지시를 하더라도 거절하지 않고 도움을 청하겠습니다. 그리고 거절은 하지 않을 것입니다.","wordCount":17}}},"rawDataInfo":{"question":{"fileFormat":"wav","fileSize":608718,"duration":19020,"samplingBit":16,"channelCount":1,"samplingRate":"16kHz","audioPath":"/Mock/05.ICT/Female/New/ckmk_q_ict_f_n_150242.wav"},"answer":{"fileFormat":"wav","fileSize":750158,"duration":23440,"samplingBit":16,"channelCount":1,"samplingRate":"16kHz","audioPath":"/Mock/05.ICT/Female/New/ckmk_a_ict_f_n_150242.wav"}}}