{"version":"1.0","dataSet":{"info":{"date":"20230116","occupation":"ICT","channel":"MOCK","place":"ONLINE","gender":"FEMALE","ageRange":"-34","experience":"NEW"},"question":{"raw":{"text":"현대인들은 하루 평균 세 번 정도는 거짓말을 하고 산다는 이야기가 있습니다 지원자분께서 이제까지 해 보신 것 중에 가장 기억에 남는 거짓말은 어떤 것이었는지 궁금합니다","wordCount":24},"emotion":[],"intent":[]},"answer":{"raw":{"text":"제가 해본 가장 기억에 남는 거짓말은 초등학생 때 케이크를 먹고 안 먹었다고 엄마에게 거짓말을 한 것인데요. 그때 제가 케이크를 먹고 남은 포장지를 창문 밖으로 던졌는데 그게 환풍기 위에 떨어지게 되어서 어 아랫집 아주머니가 결국 저희 집으로 올라오셔서 저희 엄마가 제가 쓰레기를 숨기기 위해 케이크 포장지를 던진 것도 알게 되고 거짓말 했다는 것도 알게 되어 굉장히 크게 혼난 적이 있습니다. 그때 이후로 차라리 거짓말 하지 않고 솔직하게 이야기해야 덜 혼난다는 점을 알게 된 것 같습니다.","wordCount":74},"emotion":[],"intent":[{"text":"","expression":"","category":"attitude"}],"summary":{"text":"초등학생 때 케이크를 먹고 안 먹었다고 엄마에게 거짓말을 한 적이 있습니다. 그 이후로 거짓말 하지 않고 솔직하게 이야기해야 덜 혼난다는 것을 알게 되었습니다.","wordCount":23}}},"rawDataInfo":{"question":{"fileFormat":"wav","fileSize":544078,"duration":17000,"samplingBit":16,"channelCount":1,"samplingRate":"16kHz","audioPath":"/Mock/05.ICT/Female/New/ckmk_q_ict_f_n_185250.wav"},"answer":{"fileFormat":"wav","fileSize":1394638,"duration":43580,"samplingBit":16,"channelCount":1,"samplingRate":"16kHz","audioPath":"/Mock/05.ICT/Female/New/ckmk_a_ict_f_n_185250.wav"}}}