{"version":"1.0","dataSet":{"info":{"date":"20230116","occupation":"ICT","channel":"MOCK","place":"ONLINE","gender":"FEMALE","ageRange":"55-","experience":"NEW"},"question":{"raw":{"text":"업무를 진행하다 보면 자료를 문서화할 일이 많은데요 문서화 작업이 왜 필요하다고 생각하시는지 말씀해 주실 수 있으실까요","wordCount":16},"emotion":[],"intent":[]},"answer":{"raw":{"text":"일을 하면서 매 단계마다 문서화한다는 것은 조금 번거로운 일이기는 하지만 업무의 진행 사항을 파악할 수 있고 또 후에 피드백을 받을 수 있는 중요한 자료가 됩니다. 또한 회사에서 혼자서 일을 하는 것이 아니기 때문에 특히 어떤 프로젝트를 진행한다든지 할 때 협력을 해야 되는 사람들에게 매 단계 어떻게 진행이 됐는지 설명할 수 있고 또 그 사람들도 그 문서를 통해서 업무를 구체적으로 파악할 수 있으며 진행 상황을 함께 체크해 볼 수가 있습니다. 그렇기 때문에 매 단계 문서화하고 그것을 함께 확인하고 추가해야 할 프로젝트가 있는지 수정할 곳은 없는지 확인할 수 있는 자료로 항상 문서화해야 된다라고 생각합니다.","wordCount":92},"emotion":[],"intent":[{"text":"","expression":"","category":"attitude"}],"summary":{"text":"문서화는 업무의 진행 사항을 파악할 수 있고 피드백을 받을 수 있는 중요한 자료가 됩니다. 또한 협력을 해야 되는 사람들에게 매 단계 어떻게 진행이 됐는지 설명할 수 있고 그 사람들도 문서를 통해서 업무를 구체적으로 파악할 수 있으며 진행 상황을 함께 체크해 볼 수가 있습니다.","wordCount":43}}},"rawDataInfo":{"question":{"fileFormat":"wav","fileSize":393998,"duration":12310,"samplingBit":16,"channelCount":1,"samplingRate":"16kHz","audioPath":"/Mock/05.ICT/Female/New/ckmk_q_ict_f_n_248043.wav"},"answer":{"fileFormat":"wav","fileSize":1907598,"duration":59610,"samplingBit":16,"channelCount":1,"samplingRate":"16kHz","audioPath":"/Mock/05.ICT/Female/New/ckmk_a_ict_f_n_248043.wav"}}}