{"version":"1.0","dataSet":{"info":{"date":"20230116","occupation":"ICT","channel":"MOCK","place":"ONLINE","gender":"FEMALE","ageRange":"-34","experience":"NEW"},"question":{"raw":{"text":"면접자님께서는 입사 후에 근무를 하게 되시면서 정작 지원한 분야가 지원자님과 잘 맞지 않을 수도 있으신데요 이런 사실을 깨달으시면 어떻게 하실 생각이신지 궁금합니다","wordCount":22},"emotion":[],"intent":[]},"answer":{"raw":{"text":"입사 후에 지원한 분야가 저와 잘 맞지 않다는 것을 알게 되면 어 처음 세 네 달 정도는 그 업무에 적응하기 위해 굉장히 노력을 해 볼 것 같습니다. 제가 선택한 회사이고 일해보고 싶은 회사였기 때문에 그래도 세 네 달은 더 맞지 않더라도 맞기 위해서 노력을 많이 해 볼 것 같습니다. 그렇지만 어 저와 맞지 않는다는 것이 그 이후에도 지속이 된다면 그때는 이제 따른 직무에 관하여 고려를 많이 해보게 될 것 같고 또 퇴사를 고려해 보게 될 것 같습니다. 회사의 입장에서도 음 맞지 않는 옷을 입는 직원에 데이고 있는 것 보다는 어 그 직무와 맞는 직원을 데리고 있는 것이 더 좋을 것이라고 생각을 합니다.","wordCount":102},"emotion":[],"intent":[{"text":"","expression":"","category":"attitude"}],"summary":{"text":"입사 후 지원한 분야가 저와 맞지 않는다는 것을 알게 되면 처음 세 네 달 정도는 그 업무에 적응하기 위해 노력을 해 볼 것 같습니다. 회사 입장에서도 그 직무와 맞는 직원을 데리고 있는 것이 더 좋을 것이라고 생각합니다.","wordCount":37}}},"rawDataInfo":{"question":{"fileFormat":"wav","fileSize":561358,"duration":17540,"samplingBit":16,"channelCount":1,"samplingRate":"16kHz","audioPath":"/Mock/05.ICT/Female/New/ckmk_q_ict_f_n_184631.wav"},"answer":{"fileFormat":"wav","fileSize":1864078,"duration":58250,"samplingBit":16,"channelCount":1,"samplingRate":"16kHz","audioPath":"/Mock/05.ICT/Female/New/ckmk_a_ict_f_n_184631.wav"}}}