{"version":"1.0","dataSet":{"info":{"date":"20230116","occupation":"ICT","channel":"MOCK","place":"ONLINE","gender":"FEMALE","ageRange":"35-44","experience":"NEW"},"question":{"raw":{"text":"네 업무를 하다 보면 스케줄에 없던 일이 생길 때가 많이 있을 텐데요 어 이런 상황이 생긴다면 지원자님께서는 어떻게 대처하실지 생각을 한번 말씀해 주시기 바랍니다","wordCount":24},"emotion":[],"intent":[]},"answer":{"raw":{"text":"업무 중 스케줄에 없던 일이 생기면 솔직히 저도 사람인지라 짜증이 많이 날 것 같습니다. 그러나 계속 짜증난 상태로 있을 수 없으니 문제 사항에 대해 냉처리 판단 후 빠른 업무 처리를 할 수 있도록 노력하겠습니다. 예를 들어 제가 서프트를 해야 할 사항이면 자료 수집과 정리를 하고 제가 모르는 업무가 주어진다면 우선 선배님께 여쭤본 후 지시를 받아 움직이거나 제가 할 수 있는 일이 있다면 빨리 처리하도록 하겠습니다.","wordCount":65},"emotion":[],"intent":[{"text":"","expression":"","category":"attitude"}],"summary":{"text":"업무 중 스케줄에 없던 일이 생기면 짜증이 많이 날 것 같습니다. 하지만 계속 짜증난 상태로 있을 수 없으니 문제 사항에 대해 냉처리 판단 후 빠른 업무 처리를 하겠습니다.","wordCount":28}}},"rawDataInfo":{"question":{"fileFormat":"wav","fileSize":473678,"duration":14800,"samplingBit":16,"channelCount":1,"samplingRate":"16kHz","audioPath":"/Mock/05.ICT/Female/New/ckmk_q_ict_f_n_176297.wav"},"answer":{"fileFormat":"wav","fileSize":1191758,"duration":37240,"samplingBit":16,"channelCount":1,"samplingRate":"16kHz","audioPath":"/Mock/05.ICT/Female/New/ckmk_a_ict_f_n_176297.wav"}}}