{"version":"1.0","dataSet":{"info":{"date":"20230116","occupation":"ICT","channel":"MOCK","place":"ONLINE","gender":"FEMALE","ageRange":"35-44","experience":"NEW"},"question":{"raw":{"text":"본인이 직장을 선택할 때 가장 중요하게 생각하는 세 가지가 있다면 각각 무엇이 있는지 말씀해 주시기 바랍니다","wordCount":16},"emotion":[],"intent":[]},"answer":{"raw":{"text":"아 네 제가 생각하는 중요하게 생각하는 세 가지요 직장을 고를 때. 일단 어 해야 할 그러니까 제가 희망하는 직무 부서 부서와 직무를 생각합니다. 왜냐하면 제가 할 수 있는 거를 해야 하니까요. 예 일단 제가 희망하는 부서에서 티오가 있는지를 쫙 한번 보고 그다음에 보는 건 솔직히 거리입니다 거리. 그 이제 회사의 위치가 어디냐 어 서울 안에서야 대중교통이 워낙 잘 되어 있으니까 어찌어찌 움직이겠는데요. 만약에 이제 조금 거리가 된다면 경기도권까지는 그래도 버스도 있고 하니까 서울에서 웬만한 경기도도 가 다 가니까 근데 막 너무 맘에 드는 거 맘에 드는 부서고 맘에 드는 직무고 뭐 다 좋은데 거리가 막 지방이다 이제 그럴 경우에는 좀 곤란해지는 것 같아요. 당연히 안 되겠죠. 그다음에 어 그다음에 보는 것은 어 이제 회사에 그런 비전 어 이게 정말 어떤 앞으로 이게 계속 롱런할 수 있는 회사인지를 솔직히 좀 보는 것 같아요. 제가 얼마나 할 수 있을지는 어 언제 짤릴지는 모르겠지만 일단 회사가 잘 돼야 제가 계속 롱런할 수 있지 않겠습니까 사람도 계속 뽑고 그래서 또 많이 안 짤리고 그렇게 생각이 들어서 저는 일단 얼마나 롱런할 수 있는지를 좀 비전을 보는 것 같습니다.","wordCount":173},"emotion":[],"intent":[{"text":"","expression":"","category":"attitude"}],"summary":{"text":"저는 직장을 고를 때 희망 직무 부서 부서와 직무를 생각하며, 희망 부서에서 티오가 있는지 보고, 거리와 비전을 보고, 이렇게 세 가지 일을 하고 있습니다.","wordCount":24}}},"rawDataInfo":{"question":{"fileFormat":"wav","fileSize":368078,"duration":11500,"samplingBit":16,"channelCount":1,"samplingRate":"16kHz","audioPath":"/Mock/05.ICT/Female/New/ckmk_q_ict_f_n_248129.wav"},"answer":{"fileFormat":"wav","fileSize":3386318,"duration":105820,"samplingBit":16,"channelCount":1,"samplingRate":"16kHz","audioPath":"/Mock/05.ICT/Female/New/ckmk_a_ict_f_n_248129.wav"}}}