{"version":"1.0","dataSet":{"info":{"date":"20230116","occupation":"ICT","channel":"MOCK","place":"ONLINE","gender":"FEMALE","ageRange":"35-44","experience":"NEW"},"question":{"raw":{"text":"저희 일은 특성상 야근이나 잔업 외근 등이 많을 수도 있습니다 혹시 그래도 괜찮으신가요","wordCount":13},"emotion":[],"intent":[]},"answer":{"raw":{"text":"야근이나 잔업 그리고 외근이 많아질 수도 있는 일이 저의 업무의 특성이라고 생각이 들구요. 사실 야근이나 잔업 같은 경우는 어 워낙 익숙하게 들어왔기 때문에 저는 잘 받아들이고 적응할 수 있는데 그 야근과 잔업에 의한 정당한 수당을 지불해 주는지와 혹은 그 야근이나 잔업을 한 만큼의 시간을 저의 휴무로 돌려줄 수 있는지에 대해서 정확하게 고지를 해 주시면은 더욱 좋을 것 같습니다. 그리고 외근은 근무시간 포함된 그 안에서 일어나는 일들이기 때문에 당연히 괜찮습니다.","wordCount":69},"emotion":[],"intent":[{"text":"","expression":"","category":"attitude"}],"summary":{"text":"업무 특성상 야근이나 잔업, 외근이 많아질 수 있는데 정당한 수당 지불 여부와 한 만큼의 시간을 휴무로 돌려줄 수 있는지 정확히 고지를 해 주셨으면 좋겠습니다. 외근은 괜찮습니다.","wordCount":26}}},"rawDataInfo":{"question":{"fileFormat":"wav","fileSize":281678,"duration":8800,"samplingBit":16,"channelCount":1,"samplingRate":"16kHz","audioPath":"/Mock/05.ICT/Female/New/ckmk_q_ict_f_n_165174.wav"},"answer":{"fileFormat":"wav","fileSize":1776718,"duration":55520,"samplingBit":16,"channelCount":1,"samplingRate":"16kHz","audioPath":"/Mock/05.ICT/Female/New/ckmk_a_ict_f_n_165174.wav"}}}