{"version":"1.0","dataSet":{"info":{"date":"20230116","occupation":"ICT","channel":"MOCK","place":"ONLINE","gender":"FEMALE","ageRange":"35-44","experience":"NEW"},"question":{"raw":{"text":"어 지원자님께서는 현재 읽고 계신 책이 있으신가요 있으시다면 무슨 책인지도 궁금합니다 그리고 그 책을 읽는 이유도 함께 말씀해 주시길 바랍니다","wordCount":20},"emotion":[],"intent":[]},"answer":{"raw":{"text":"저는 기후 위기에 관한 책을 읽고 있는데요. 기후는 그냥 날씨라고만 생각했어요. 그런데 이 기후가 우리 생활과 밀접한 관계가 있다는 것을 알게 되었습니다. 여러 매체에서 지속적으로 기후 위기에 관한 이야기를 하다 보니 호기심이 생겼고 그래서 자료를 찾아보게 되었는데요. 기후 위기는 우리가 살아갈 미래에 식량과도 연관이 많더라구요. 저희 아이들이 성인이 되어서 살아갈 미래에 어떤 재난이 닥친다면 너무 무서울 것 같아요. 그래서 이 책을 읽어보고 관심을 갖게 되었습니다.","wordCount":65},"emotion":[{"text":"보니 호기심이 생겼고 그래서 자료를 찾아보게 되었는데요.","expression":"p-interest","category":"positive"},{"text":"그래서 이 책을 읽어보고 관심을 갖게 되었습니다.","expression":"p-interest","category":"positive"}],"intent":[{"text":"","expression":"","category":"attitude"}],"summary":{"text":"기후 위기는 날씨 뿐만이 아니라 우리 생활과 밀접한 관계가 있다는 것을 알게 되었고, 미래의 식량과도 연관이 많다는 것을 알고 이 책을 읽고 관심을 갖게 되었습니다.","wordCount":25}}},"rawDataInfo":{"question":{"fileFormat":"wav","fileSize":535758,"duration":16740,"samplingBit":16,"channelCount":1,"samplingRate":"16kHz","audioPath":"/Mock/05.ICT/Female/New/ckmk_q_ict_f_n_242073.wav"},"answer":{"fileFormat":"wav","fileSize":1564238,"duration":48880,"samplingBit":16,"channelCount":1,"samplingRate":"16kHz","audioPath":"/Mock/05.ICT/Female/New/ckmk_a_ict_f_n_242073.wav"}}}