{"version":"1.0","dataSet":{"info":{"date":"20230116","occupation":"ICT","channel":"MOCK","place":"ONLINE","gender":"FEMALE","ageRange":"-34","experience":"NEW"},"question":{"raw":{"text":"직장 생활에 있어서 창의성과 팀워크 중 더 중요한 것은 무엇이라고 생각하시는지 그 근거도 함께 설명해 주시면 감사하겠습니다","wordCount":17},"emotion":[],"intent":[]},"answer":{"raw":{"text":"전 팀워크가 더 중요하다고 생각합니다. 아무리 창의성이 좋아도 팀워크가 좋지 않으면 결과가 좋지 않았던 경험이 있어서 어 전 창의성보다는 팀워크라고 생각을 하고 팀워크가 진짜 진짜 빛이 날 때 창의성도 뒤따라올 수 있다 라는 생각이 들 듭니다. 왜냐하면 쩐에 제가 활동에 참여했던 캠프에서 팀워크가 진짜 좋아하는데 맨 처음에 창의력 창의적인 아이디어가 없어서 굉장히 난항을 겪었던 적이 있는데 팀워크가 너무 좋으니까 다양한 이야기를 하다가 새로운 아이디어가 툭하고 튀어나오는 경험을 해 본 적이 있어서 팀워크가 훨씬 더 중요하다고 저는 생각합니다.","wordCount":77},"emotion":[],"intent":[{"text":"","expression":"","category":"attitude"}],"summary":{"text":"창의성이 아무리 좋아도 팀워크가 좋지 않으면 결과가 좋지 않았던 경험이 있어서 전 팀워크라고 생각하며, 창의성도 뒤따라올 수 있다고 생각합니다.","wordCount":19}}},"rawDataInfo":{"question":{"fileFormat":"wav","fileSize":384078,"duration":12000,"samplingBit":16,"channelCount":1,"samplingRate":"16kHz","audioPath":"/Mock/05.ICT/Female/New/ckmk_q_ict_f_n_221302.wav"},"answer":{"fileFormat":"wav","fileSize":1408718,"duration":44020,"samplingBit":16,"channelCount":1,"samplingRate":"16kHz","audioPath":"/Mock/05.ICT/Female/New/ckmk_a_ict_f_n_221302.wav"}}}