{"version":"1.0","dataSet":{"info":{"date":"20230116","occupation":"ICT","channel":"MOCK","place":"ONLINE","gender":"FEMALE","ageRange":"35-44","experience":"NEW"},"question":{"raw":{"text":"커뮤니케이션을 잘 할 수 있는 본인만의 스킬이 있다면 한번 저희에게 보여주시겠어요","wordCount":11},"emotion":[],"intent":[]},"answer":{"raw":{"text":"커뮤니케이션을 잘하기 위해서는 상대방에게 관심을 갖는 것이 먼저라고 생각합니다. 관심이 없이 표면적인 대화만 나누다 보면 깊이 있는 대화를 할 수 없고 그 대화는 서로에게 부담만 줄 뿐이에요. 커뮤니케이션을 잘하기 위해서는 상대방의 관심사와 그리고 상대방의 감정까지도 잘 읽을 줄 알아야 올바른 소통을 할 수 있고 내가 하고 싶은 이야기도 상대방에게 전달할 수 있다고 저는 생각합니다. 그래서 항상 커뮤니케이션을 할 때는 상대방의 마음을 이해하고 관심을 갖는 것이 저만의 스킬입니다.","wordCount":67},"emotion":[],"intent":[{"text":"","expression":"","category":"attitude"}],"summary":{"text":"커뮤니케이션을 잘하기 위해서는 상대방의 관심사와 상대방의 감정까지도 잘 읽어야 합니다. 그래서 항상 커뮤니케이션을 할 때는 상대방의 마음을 이해하고 관심을 갖는 것이 저만의 스킬입니다.","wordCount":23}}},"rawDataInfo":{"question":{"fileFormat":"wav","fileSize":241678,"duration":7550,"samplingBit":16,"channelCount":1,"samplingRate":"16kHz","audioPath":"/Mock/05.ICT/Female/New/ckmk_q_ict_f_n_242075.wav"},"answer":{"fileFormat":"wav","fileSize":1558158,"duration":48690,"samplingBit":16,"channelCount":1,"samplingRate":"16kHz","audioPath":"/Mock/05.ICT/Female/New/ckmk_a_ict_f_n_242075.wav"}}}