{"version":"1.0","dataSet":{"info":{"date":"20230116","occupation":"ICT","channel":"MOCK","place":"ONLINE","gender":"FEMALE","ageRange":"-34","experience":"NEW"},"question":{"raw":{"text":"지원자분 본인이 업무를 하시는 도중에 스케줄에 없었던 일들이 계속해서 생길 때가 많습니다 어 이와 같은 상황이 생긴다면 어떤 방식으로 대처하실 생각이신지 답변 부탁드리겠습니다","wordCount":23},"emotion":[],"intent":[]},"answer":{"raw":{"text":"업무상 없던 스케줄이 생기면 할 것 같습니다. 그런데 이제 저의 스케줄을 볼 거같고 뭐 어 스케줄을 쪼개서라도 하려고 할 테지만 너무 시간이 나지 않을 때는 이제 안 된다고 말씀을 드릴 것 같습니다. 스케줄 관리를 그 하루 전체를 세워서 보는 편이고 또 어느 정도 워라벨을 굉장히 중시하는 편이라 퇴근 시간 전까지 마무리 할 수 있고 또 기한을 넉넉하게 주셨거나 기한을 올바르게 주셨거나 하면은 우선이 없던 스케줄이라도 네 마땅히 할 것 같습니다.","wordCount":70},"emotion":[],"intent":[{"text":"","expression":"","category":"attitude"}],"summary":{"text":"스케줄 관리를 하루 전체를 세워서 보는 편이고 어느 정도 워라벨을 중시하는 편이라 퇴근 시간 전까지 마무리 할 수 있고 우선이 없던 스케줄이라도 마땅히 할 것 같습니다.","wordCount":26}}},"rawDataInfo":{"question":{"fileFormat":"wav","fileSize":593358,"duration":18540,"samplingBit":16,"channelCount":1,"samplingRate":"16kHz","audioPath":"/Mock/05.ICT/Female/New/ckmk_q_ict_f_n_265411.wav"},"answer":{"fileFormat":"wav","fileSize":1406798,"duration":43960,"samplingBit":16,"channelCount":1,"samplingRate":"16kHz","audioPath":"/Mock/05.ICT/Female/New/ckmk_a_ict_f_n_265411.wav"}}}