{"version":"1.0","dataSet":{"info":{"date":"20230116","occupation":"ICT","channel":"MOCK","place":"ONLINE","gender":"FEMALE","ageRange":"-34","experience":"NEW"},"question":{"raw":{"text":"면접자는 입사한 팀이 코드 리뷰 클린 코드 테스트 아무 것도 안 한다면 과연 어떻게 하실 것인가요 대답해 주시기 바랍니다","wordCount":19},"emotion":[],"intent":[]},"answer":{"raw":{"text":"음 입사한 후에 코드 리뷰 클린 코드 테스트 모두 아무 것도 안 하신다면 저는 일단은 왜 안 하는지 이유를 알아볼 것 같습니다. 보통 하지 않으시는데 이유가 있을 거라고 생각이 되고 거기에는 절차상의 이유도 있을 거고 시간상의 이유도 있을 거라고 예상이 되는데요. 먼저는 그 이유에 대해서 알아보고 그에 맞춰서 저도 적응을 해서 코드를 쓰는 법을 익히게 될 것 같습니다.","wordCount":58},"emotion":[],"intent":[{"text":"","expression":"","category":"attitude"}],"summary":{"text":"저는 입사 후 코드 리뷰, 클린 코드 테스트 등을 하지 않습니다. 절차상, 시간상의 이유 때문이라 예상하고 그에 맞춰 코드를 쓰는 법을 익히게 될 것 같습니다.","wordCount":25}}},"rawDataInfo":{"question":{"fileFormat":"wav","fileSize":422478,"duration":13200,"samplingBit":16,"channelCount":1,"samplingRate":"16kHz","audioPath":"/Mock/05.ICT/Female/New/ckmk_q_ict_f_n_194557.wav"},"answer":{"fileFormat":"wav","fileSize":1114318,"duration":34820,"samplingBit":16,"channelCount":1,"samplingRate":"16kHz","audioPath":"/Mock/05.ICT/Female/New/ckmk_a_ict_f_n_194557.wav"}}}