{"version":"1.0","dataSet":{"info":{"date":"20230116","occupation":"ICT","channel":"MOCK","place":"ONLINE","gender":"FEMALE","ageRange":"-34","experience":"NEW"},"question":{"raw":{"text":"지원자분께서 생각하시는 네이버 다음 그리고 구글의 검색에 대해서 비교해 보신 결과 각각 검색 엔진들이 가지고 있는 차이점과 장단점이 있을 텐데요 그것에 대해서 설명해 주세요","wordCount":24},"emotion":[],"intent":[]},"answer":{"raw":{"text":"우선 네이버의 경우에는 개인 맞춤으로 다양한 제 정보를 제공하고 생일이나 기념 일이 기념할 일이나 아니면 국가에서 중요한 날로 지정된 날을 다 표시해주는 걸 보고 아 이 약간 한국 특화형 검색엔진이다 라는 생각이 들었고요. 다음의 경우에는 어 아무래도 좀 정보들도 다양하게 있지만 거의 블로그 위주에 검색 엔진이라는 느낌을 받았고 구글은 좀 그걸 다양하게 받는 대신에 좀 그 두 네이버와 다음과 약간 차별화를 두는 약간 심플한 느낌의 검색 엔진이라고 생각을 하고 있습니다.","wordCount":70},"emotion":[],"intent":[{"text":"","expression":"","category":"attitude"}],"summary":{"text":"네이버는 개인 맞춤 정보 제공을 통해 한국 특화형 검색엔진이라는 생각이 들었고, 다음은 블로그 위주, 구글은 심플한 검색 엔진이라는 생각을 하고 있습니다.","wordCount":21}}},"rawDataInfo":{"question":{"fileFormat":"wav","fileSize":595278,"duration":18600,"samplingBit":16,"channelCount":1,"samplingRate":"16kHz","audioPath":"/Mock/05.ICT/Female/New/ckmk_q_ict_f_n_221296.wav"},"answer":{"fileFormat":"wav","fileSize":1441038,"duration":45030,"samplingBit":16,"channelCount":1,"samplingRate":"16kHz","audioPath":"/Mock/05.ICT/Female/New/ckmk_a_ict_f_n_221296.wav"}}}