{"version":"1.0","dataSet":{"info":{"date":"20230116","occupation":"ICT","channel":"MOCK","place":"ONLINE","gender":"FEMALE","ageRange":"35-44","experience":"NEW"},"question":{"raw":{"text":"업무 특성상 야근이나 잔업 그리고 외근이 많아질 수 있는데요 어 그래도 괜찮으신가요","wordCount":12},"emotion":[],"intent":[]},"answer":{"raw":{"text":"어 내 야근과 잔업이 외나 외근이 있어도 어 그렇게 크게 문제는 없을 것 같습니다. 제가 아직 결혼을 않해서 가정이 있는 것도 아니고 제 개인 시간을 좀 더 쓰면서 또 돈을 안 받는 건 아닐 테니까요 그죠. 이제 돈을 받으면서 이제 일을 하는 거니까 그렇게 크게 문제가 되지는 않을 것 같습니다. 그러나 너무 심하게 시키고 체력적으로 고갈이 될 시에는 쉬고 싶다고 말씀을 드릴 수도 있을 것 같습니다.","wordCount":66},"emotion":[],"intent":[{"text":"","expression":"","category":"attitude"}],"summary":{"text":"야근과 잔업이 있어도 크게 문제는 없을 것 같습니다. 돈을 받으면서 일을 하는 것이기 때문에 크게 문제는 되지 않을 것 같으나, 체력적으로 고갈될 시에는 쉬고 싶다고 말씀을 드리고 싶습니다.","wordCount":28}}},"rawDataInfo":{"question":{"fileFormat":"wav","fileSize":342478,"duration":10700,"samplingBit":16,"channelCount":1,"samplingRate":"16kHz","audioPath":"/Mock/05.ICT/Female/New/ckmk_q_ict_f_n_204838.wav"},"answer":{"fileFormat":"wav","fileSize":1084238,"duration":33880,"samplingBit":16,"channelCount":1,"samplingRate":"16kHz","audioPath":"/Mock/05.ICT/Female/New/ckmk_a_ict_f_n_204838.wav"}}}