{"version":"1.0","dataSet":{"info":{"date":"20230116","occupation":"ICT","channel":"MOCK","place":"ONLINE","gender":"FEMALE","ageRange":"-34","experience":"NEW"},"question":{"raw":{"text":"지원자님의 상사 분이 만약 회사의 이익에 반하는 행동을 하는 것을 지원자님이 목격하셨다면 본인은 그 상황에서 어떻게 행동을 할 것인지 말씀해 주세요","wordCount":21},"emotion":[],"intent":[]},"answer":{"raw":{"text":"음 먼저는 이익에 반하는 반하는 행동을 하신 상사 분께 어 이 행동을 한 이유에 관하여 여쭤볼 것 같습니다. 제가 그 상사 분의 생각과 행동의 의도를 모든 것을 알 수는 없기 때문에 먼저는 이유를 여쭤볼 것 같고요. 그 이유를 여쭤본 뒤에 이게 회사에 조치가 필요한 일이라면 상부 회사에 보고를 하여 이 일을 알리게 될 것 같습니다. 저희는 회사의 이익을 위하여 일하기 때문에 어 회사의 이익에 반하는 행동을 한다는 것은 이제 회사의 위 쪽 관리자 분들께서 더 알아 알으셔야 하고 해결하셔야 하는 문제라고 생각이 되어서 이렇게 행동할 것 같습니다.","wordCount":87},"emotion":[],"intent":[{"text":"","expression":"","category":"attitude"}],"summary":{"text":"저희는 회사의 이익을 위해 일하기 때문에 회사의 이익에 반하는 행동을 한다는 것을 회사의 관리자 분들께 알려야 하고 해결해야 하는 문제라고 생각되어 이렇게 행동할 것 같습니다.","wordCount":25}}},"rawDataInfo":{"question":{"fileFormat":"wav","fileSize":448078,"duration":14000,"samplingBit":16,"channelCount":1,"samplingRate":"16kHz","audioPath":"/Mock/05.ICT/Female/New/ckmk_q_ict_f_n_185037.wav"},"answer":{"fileFormat":"wav","fileSize":1588558,"duration":49640,"samplingBit":16,"channelCount":1,"samplingRate":"16kHz","audioPath":"/Mock/05.ICT/Female/New/ckmk_a_ict_f_n_185037.wav"}}}