{"version":"1.0","dataSet":{"info":{"date":"20230116","occupation":"ICT","channel":"MOCK","place":"ONLINE","gender":"FEMALE","ageRange":"45-54","experience":"NEW"},"question":{"raw":{"text":"만약 협업을 할 때 가장 중요하게 생각하는 부분이 무엇인가요 그리고 왜 그것을 가장 중요하게 생각하는 것인지 그 이유로 말씀해 주세요","wordCount":20},"emotion":[],"intent":[]},"answer":{"raw":{"text":"협업을 할 때 가장 중요하게 생각하는 것은 상대방에 대한 배려 그리고 내가 주장하는 것이 있다면 그것에 대한 근거 라고 말할 수 있을 것 같습니다. 내가 어떤 그 협업 상황에서 내가 생각하는 것 내가 주장하는 것이 옳다고 느낀다면 그것에 대한 근거를 충분히 가지고 상대방을 이해시키고 설득시켜야 할 것이고 그리고 상대방에게 내 주장을 펴기 위해서는 상대방을 배려하는 게 먼저 되어야 한다고 생각합니다. 그래서 상대방을 배려하지 못하는 상황으로 내 주장을 펼친다면 내 주장은 절대로 상대방에게 먹히지 않을 것이고 상대방 또한 내 의견을 받아들일 때 선입견을 갖게 될 것입니다. 그래서 협업을 할 때 가장 중요하게 생각하는 것은 음 내 주장이 있다면 그것에 근거를 반드시 준비하고 그리고 상대방을 배려하는 마음으로 주장을 펼치는 것이라고 생각합니다.","wordCount":109},"emotion":[],"intent":[{"text":"내가 어떤 그 협업 상황에서 내가 생각하는 것 내가 주장하는 것이 옳다고 느낀다면 그것에 대한 근거를 충분히 가지고 상대방을   이해시키고 설득시켜야 할 것이고 그리고 상대방에게 내 주장을 펴기 위해서는 상대방을 배려하는 게 먼저 되어야 한다고 생각합니다.","expression":"c_cop","category":"personality"},{"text":"그래서 협업을 할 때 가장 중요하게 생각하는 것은   음 내 주장이 있다면 그것에 근거를 반드시 준비하고 그리고 상대방을 배려하는 마음으로 주장을 펼치는 것이라고 생각합니다.","expression":"c_cop","category":"personality"}],"summary":{"text":"협업 시 가장 중요하게 생각하는 것은 상대방에 대한 배려와 주장에 대한 근거입니다. 제가 생각하는 것이 옳다면 근거를 가지고 상대방을 이해시키고 설득시켜야 하며 배려하는 마음으로 주장을 펼쳐야 합니다.","wordCount":27}}},"rawDataInfo":{"question":{"fileFormat":"wav","fileSize":385678,"duration":12050,"samplingBit":16,"channelCount":1,"samplingRate":"16kHz","audioPath":"/Mock/05.ICT/Female/New/ckmk_q_ict_f_n_178295.wav"},"answer":{"fileFormat":"wav","fileSize":2051598,"duration":64110,"samplingBit":16,"channelCount":1,"samplingRate":"16kHz","audioPath":"/Mock/05.ICT/Female/New/ckmk_a_ict_f_n_178295.wav"}}}