{"version":"1.0","dataSet":{"info":{"date":"20230116","occupation":"ICT","channel":"MOCK","place":"ONLINE","gender":"FEMALE","ageRange":"-34","experience":"NEW"},"question":{"raw":{"text":"다른 지원자들에 비해서 면접자님만의 차별성 장점을 어필할 수 있다면 어떤 것이 있을 것 같으세요","wordCount":14},"emotion":[],"intent":[]},"answer":{"raw":{"text":"제가 가진 장점은 추진력입니다. 저는 추진력이 좋고 또 결정한 것은 반드시 하고자 하는 성향이 있기 때문에 어떤 프로젝트나 어떤 일이 주어졌을 때 원하는 시간을 원하시는 시간에 맞춰서 어느 정도의 결과를 낼 수 있겠다를 정하고 나면은 그 결과를 내기 위해 굉장히 달릴 수 있기 때문에 저는 추진력과 결단력이 저의 장점이라고 생각을 하고요. 또 팀원들의 의견을 무시하는 편이 아니라 팀원들의 의견을 물어보면서 또 어려운 점은 서로 나누면서 하는 것이 중요하다고 생각하기 때문에 저의 장점을 어필하자면 저는 어 팀원들과의 상호작용 그리고 추진력이 저의 차별성과 장점이라고 생각을 합니다.","wordCount":84},"emotion":[],"intent":[{"text":"저는 추진력이 좋고 또 결정한 것은 반드시 하고자 하는 성향이 있기 때문에 어떤 프로젝트나 어떤 일이 주어졌을 때 원하는 시간을 원하시는 시간에 맞춰서   어느 정도의 결과를 낼 수 있겠다를 정하고 나면은 그 결과를 내기 위해 굉장히 달릴 수 있기 때문에 저는 추진력과   결단력이 저의 장점이라고 생각을 하고요.","expression":"c_person","category":"background"}],"summary":{"text":"프로젝트나 어떤 일이 주어졌을 때 원하는 시간에 원하는 결과를 내기 위해 달릴 수 있는 추진력과 결단력이 저의 장점이라고 생각하며, 팀원들과의 상호작용 그리고 추진력이 저의 차별성과 장점이라고 생각합니다.","wordCount":27}}},"rawDataInfo":{"question":{"fileFormat":"wav","fileSize":294478,"duration":9200,"samplingBit":16,"channelCount":1,"samplingRate":"16kHz","audioPath":"/Mock/05.ICT/Female/New/ckmk_q_ict_f_n_161187.wav"},"answer":{"fileFormat":"wav","fileSize":1709518,"duration":53420,"samplingBit":16,"channelCount":1,"samplingRate":"16kHz","audioPath":"/Mock/05.ICT/Female/New/ckmk_a_ict_f_n_161187.wav"}}}