{"version":"1.0","dataSet":{"info":{"date":"20230116","occupation":"ICT","channel":"MOCK","place":"ONLINE","gender":"FEMALE","ageRange":"-34","experience":"NEW"},"question":{"raw":{"text":"역사 속에서 어떤 인물을 가장 존경하시는지요 그 인물에 대해서 설명해 주시고요 또 그 인물을 가장 존경하는 이유에 대해서도 말씀해 주시면 좋겠습니다","wordCount":21},"emotion":[],"intent":[]},"answer":{"raw":{"text":"제가 역사 속에서 가장 존경하는 인물은 성경에 나오는 모세입니다. 모세는 이스라엘 백성들이 노예처럼 일하던 애굽에서 이스라엘 백성들을 끌고 나오게 한 헌신적인 리더라고 생각합니다. 또 모세는 자기가 맡은 바 임무를 충실하게 하고자 하는 대단한 책임감과 이 소속감을 크게 가지고 있는 인물이었고 이 집단을 위해서 굉장히 헌신적으로 일하는 그런 철저한 리더상을 가지고 있다고 생각되어서 저는 모세를 가장 존경합니다.","wordCount":56},"emotion":[{"text":"제가 역사 속에서 가장 존경하는 인물은 성경에 나오는 모세입니다.","expression":"p-affection","category":"positive"},{"text":"또 모세는 자기가 맡은 바 임무를 충실하게 하고자 하는 대단한 책임감과 이 소속감을   크게 가지고 있는 인물이었고 이 집단을 위해서 굉장히 헌신적으로 일하는 그런   철저한 리더상을 가지고 있다고 생각되어서 저는 모세를 가장 존경합니다.","expression":"p-affection","category":"positive"}],"intent":[{"text":"","expression":"","category":"attitude"}],"summary":{"text":"저는 애굽에서 이스라엘 백성들을 끌고 나오게 한 모세를 가장 존경합니다. 그는 맡은 바 임무를 충실하게 하고자 하는 책임감과 소속감을 크게 가지고 있는 인물이라고 생각합니다.","wordCount":24}}},"rawDataInfo":{"question":{"fileFormat":"wav","fileSize":448078,"duration":14000,"samplingBit":16,"channelCount":1,"samplingRate":"16kHz","audioPath":"/Mock/05.ICT/Female/New/ckmk_q_ict_f_n_177575.wav"},"answer":{"fileFormat":"wav","fileSize":1215438,"duration":37980,"samplingBit":16,"channelCount":1,"samplingRate":"16kHz","audioPath":"/Mock/05.ICT/Female/New/ckmk_a_ict_f_n_177575.wav"}}}