{"version":"1.0","dataSet":{"info":{"date":"20230116","occupation":"ICT","channel":"MOCK","place":"ONLINE","gender":"FEMALE","ageRange":"-34","experience":"NEW"},"question":{"raw":{"text":"본인 스스로 직장을 선택할 때 가장 중요하다고 생각하는 것이 무엇입니까 그 세 가지를 골라서 각각 무엇인지 저에게 말씀해 주시길 바랍니다","wordCount":20},"emotion":[],"intent":[]},"answer":{"raw":{"text":"제가 직장을 선택할 때 가장 중요하게 여기는 세 가지는 첫 번째는 연봉입니다. 저는 돈을 벌기 위해 일하는 것이기 때문에 이 어느 정도의 연봉이 보장되어야만 저는 일을 할 수 있습니다. 두 번째는 안전성입니다. 저는 한 회사를 다닐 때 적어도 삼 년 이상은 근무할 것을 생각하고 다니기 때문에 이 회사가 오래 근무할 수 있는 회사이고 뭐 근무해도 저에게 이점이 되는 회사인지를 생각해보게 되는 것 같습니다. 세 번째는 동료인데요. 아무래도 함께 일해야 하는 일이 많다 보니까 함께 일하게 될 동료분들이 얼마나 좋은 분이시고 그 또 스타일이 저와 맞으실지 생각을 많이 해보게 되는 것 같습니다.","wordCount":91},"emotion":[],"intent":[{"text":"","expression":"","category":"attitude"}],"summary":{"text":"저는 직장을 선택할 때 가장 중요하게 여기는 세 가지는 연봉, 안전성, 동료입니다. 함께 일해야 하는 일이 많다 보니 같이 일하게 될 동료분들이 얼마나 좋은 분이시고 스타일에 대해 생각해 보게 되는 것 같습니다.","wordCount":32}}},"rawDataInfo":{"question":{"fileFormat":"wav","fileSize":514318,"duration":16070,"samplingBit":16,"channelCount":1,"samplingRate":"16kHz","audioPath":"/Mock/05.ICT/Female/New/ckmk_q_ict_f_n_184627.wav"},"answer":{"fileFormat":"wav","fileSize":1784078,"duration":55750,"samplingBit":16,"channelCount":1,"samplingRate":"16kHz","audioPath":"/Mock/05.ICT/Female/New/ckmk_a_ict_f_n_184627.wav"}}}