{"version":"1.0","dataSet":{"info":{"date":"20230116","occupation":"ICT","channel":"MOCK","place":"ONLINE","gender":"FEMALE","ageRange":"-34","experience":"NEW"},"question":{"raw":{"text":"지원자님이 가장 존경하는 역사 속 인물을 말씀해 주십시오 그리고 그 인물을 왜 존경하시나요","wordCount":13},"emotion":[],"intent":[]},"answer":{"raw":{"text":"제가 역사 속에서 가장 존경하는 인물은 성경에 나오는 인물인 모세입니다. 요새는 애굽에서 이스라엘 백성들을 끌고 나와 이제 하나님의 말씀대로 광야 생활을 시작하게 하고 또 결국에는 하나님의 예언대로 어 이 이스라엘 백성들을 이끌어간 인물인데요. 어 이 모세를 보면서 본인의 능력을 최대한 발휘하여 이스라엘 사람들을 모두 잘 통솔하여 이끈 데 있어서 훌륭한 리더십과 또 본인보다도 이스라엘의 백성들을 생각하는 조직 안에서의 헌신을 헌신을 보았기 때문에 저는 모세라는 인물을 개인적으로 가장 존경합니다.","wordCount":68},"emotion":[{"text":"제가 역사 속에서 가장 존경하는 인물은 성경에 나오는 인물인 모세입니다.","expression":"p-affection","category":"positive"},{"text":"어 이 모세를 보면서 본인의   능력을 최대한 발휘하여 이스라엘 사람들을 모두 잘 통솔하여 이끈 데 있어서   훌륭한 리더십과 또 본인보다도 이스라엘의 백성들을 생각하는 조직 안에서의 헌신을 헌신을 보았기   때문에 저는 모세라는 인물을 개인적으로 가장 존경합니다.","expression":"p-affection","category":"positive"}],"intent":[{"text":"","expression":"","category":"attitude"}],"summary":{"text":"저는 성경에 나오는 인물인 모세를 개인적으로 가장 존경합니다. 본인의 능력을 최대한 발휘해 이스라엘 사람들을 잘 통솔하고, 이스라엘의 백성들을 생각하는 조직 안에서 헌신한 그의 리더십을 보았기 때문입니다.","wordCount":26}}},"rawDataInfo":{"question":{"fileFormat":"wav","fileSize":449998,"duration":14060,"samplingBit":16,"channelCount":1,"samplingRate":"16kHz","audioPath":"/Mock/05.ICT/Female/New/ckmk_q_ict_f_n_160672.wav"},"answer":{"fileFormat":"wav","fileSize":1453518,"duration":45420,"samplingBit":16,"channelCount":1,"samplingRate":"16kHz","audioPath":"/Mock/05.ICT/Female/New/ckmk_a_ict_f_n_160672.wav"}}}