{"version":"1.0","dataSet":{"info":{"date":"20230116","occupation":"ICT","channel":"MOCK","place":"ONLINE","gender":"FEMALE","ageRange":"35-44","experience":"NEW"},"question":{"raw":{"text":"어 지원자님께서 대학생활을 보내시면서 가장 힘들었던 경험은 어떤 경험이신가요 그리고 그것을 어떻게 극복했는지도 함께 말씀해 주시길 바랍니다","wordCount":17},"emotion":[],"intent":[]},"answer":{"raw":{"text":"대학 입시에 실패한 것을 새내기 일 년 동안 스스로 핸디캡을 가지고 있었던 것입니다. 수능 시험 당일 컨디션 저조로 평소보다 삼십 점이나 낮은 성적을 받아 원하는 대학에 가지 못했습니다. 하지만 원하던 전공은 포기할 수 없었고 학교를 조종해 지금의 학교에 진학했습니다. 부모님께 죄송한 마음과 무엇보다 스스로에 대한 실망감으로 일 년 동안 전공 수업을 열심히 들으면서도 학교에 마음은 못 붙이고 있었습니다. 그러던 중 편입을 고민하며 찾아갔던 학교 상담실에서 다양한 재학생 지원 프로그램을 알게 되었고 제가 조금만 노력한 한다면 훨씬 많은 기회를 얻을 수 있다는 것을 알게 되었습니다. 또한 제가 후회만 하고 있는 일 년 사이 더 발 빠르게 움직인 친구들이 있다는 것을 알고 스스로의 바보스러움을 보았습니다. 문제는 학교가 아니라 저였습니다. 그때부터 학과 활동은 물론 대내외 활동에도 적극적으로 임했습니다. 무엇보다 앞으로 직무에 필요한 역량을 실험할 수 있는 공모전 준비에 열중했습니다. 학교생활을 적극적으로 할 수 할수록 더 많은 기회가 주어졌고 때로는 타교와 경쟁하기도 했습니다. 삼 학년 때 공묘전 결승에서 제가 원래 목표로 했던 학교 친구들과의 경쟁에서 저희가 우수상을 수상했을 때의 희열이 아직도 잊혀지지 않습니다. 이를 통해 제가 쌓아온 쌓아 놓은 벽을 깨고 도전하는 법을 배웠습니다.","wordCount":170},"emotion":[{"text":"삼 학년 때 공묘전 결승에서 제가 원래 목표로 했던 학교 친구들과의 경쟁에서 저희가 우수상을 수상했을 때의 희열이 아직도 잊혀지지 않습니다.","expression":"p-achievement","category":"positive"}],"intent":[{"text":"","expression":"","category":"attitude"}],"summary":{"text":"새내기 일 년 동안 핸디캡을 가지고 있었지만 지금의 학교에 진학했습니다. 부모님께 감사한 마음과 무엇보다 스스로에 대한 실망감으로 전공 수업을 열심히 들으면서도 학교에 마음은 못 붙이고 있 그러던 중 편입을 고민하며 찾아갔던 학교 상담실에서 다양한 재학생 지원 프로그램을 알게 되었고 자신감을 가지고 빠르게 움직인 친구들이 있다는 것을 알게 되었습니다. 학교생활을 할수록 더 많은 기회가 주어졌고 타교와 경쟁하기도 했습니다.","wordCount":57}}},"rawDataInfo":{"question":{"fileFormat":"wav","fileSize":441678,"duration":13800,"samplingBit":16,"channelCount":1,"samplingRate":"16kHz","audioPath":"/Mock/05.ICT/Female/New/ckmk_q_ict_f_n_236585.wav"},"answer":{"fileFormat":"wav","fileSize":3036878,"duration":94900,"samplingBit":16,"channelCount":1,"samplingRate":"16kHz","audioPath":"/Mock/05.ICT/Female/New/ckmk_a_ict_f_n_236585.wav"}}}