{"version":"1.0","dataSet":{"info":{"date":"20230116","occupation":"ICT","channel":"MOCK","place":"ONLINE","gender":"FEMALE","ageRange":"-34","experience":"NEW"},"question":{"raw":{"text":"오늘 면접을 준비하시느라 고생이 정말 많으셨을 텐데요 어떤 방식으로 해당 면접을 준비해 오셨는지 구체적으로 말씀해 주세요","wordCount":16},"emotion":[],"intent":[]},"answer":{"raw":{"text":"아 네 어 면접을 준비하는 데는 어려움이 많이 없었습니다. 첫 번째로 어 귀사가 제가 가장 가고 싶었던 회사였기 때문에 어 그 회사에 이때까지의 어 이력들 그리고 이때까지 어떤 일을 해오고 어떤 어 생각을 가지고 회사를 운영하는지에 대해서 많이 알아봤고 그에 대한 일원이 된다면 어떻게 될지 먼저 상상을 해 봤습니다. 그리고 그 일원으로서 어 어떻게 일을 수행할지에 대한 구체적인 계획을 세우고 어 그리고 제가 일을 시작하는 신입사원으로서 어떤 어 능력을 가지고 일에 임해야 하는지 필요한 자격증이나 필요한 업무 능력은 무엇인지를 어 공부하고 그에 대한 준비를 했던 것 같습니다.","wordCount":87},"emotion":[],"intent":[{"text":"","expression":"","category":"attitude"}],"summary":{"text":"면접을 준비하는 데 어려움이 없었습니다. 가장 가고 싶었던 회사의 일원이 된다면 어떻게 될지 상상해 봤고, 구체적인 계획을 세우고 필요한 자격증이나 업무 능력은 무엇인지 공부하며 준비를 했던 것 같습니다.","wordCount":28}}},"rawDataInfo":{"question":{"fileFormat":"wav","fileSize":597518,"duration":18670,"samplingBit":16,"channelCount":1,"samplingRate":"16kHz","audioPath":"/Mock/05.ICT/Female/New/ckmk_q_ict_f_n_277285.wav"},"answer":{"fileFormat":"wav","fileSize":1838798,"duration":57460,"samplingBit":16,"channelCount":1,"samplingRate":"16kHz","audioPath":"/Mock/05.ICT/Female/New/ckmk_a_ict_f_n_277285.wav"}}}