{"version":"1.0","dataSet":{"info":{"date":"20230116","occupation":"ICT","channel":"MOCK","place":"ONLINE","gender":"FEMALE","ageRange":"35-44","experience":"NEW"},"question":{"raw":{"text":"열심히는 하지만 본인이 원하는 만큼 따라오지 못하는 팀 동료를 만날 수 있습니다 이럴 때 어떻게 하실 것인가요","wordCount":17},"emotion":[],"intent":[]},"answer":{"raw":{"text":"저도 그런 경험이 있습니다. 어학연수 시절에 열 다섯 명의 학생회 팀장으로서 열정을 발휘해 외국인 교수진과 학생들 사이를 조율했습니다. 시간이 지날수록 팀원들의 수업 출석률이 오십 프로까지 떨어져 현지 학교 측은 결석 원인을 팀원들의 늦은 취침으로 판단 취침 시간을 열 한 시로 통제했습니다. 팀장으로서 책임감을 느껴 담당 교수를 찾아가 중간까지 수업을 백 퍼센트 출석하면 통제를 풀어주겠다는 약속을 받았습니다. 나 혼자 열심히 수업을 참석하는 것은 어렵지 않습니다. 팀원들과 함께 이 개월 동안 참석하기는 쉽지 않았습니다. 팀원들과 함께 밥을 먹으며 다음에 어학연수로 어느 후배들을 위한 성실한 약속을 지켜 멋진 모습을 남기자고 독려 했습니다. 결국 귀국 날까지 수업과 프로그램 참여율을 백 프로 이루어 하반기 어학연수 팀은 더 많은 지원을 받고 스물 여섯 명이 가게 되었습니다. 앞으로도 업무와에 대한 열정을 발휘하여 최선을 다 하겠습니다.","wordCount":118},"emotion":[],"intent":[{"text":"","expression":"","category":"attitude"}],"summary":{"text":"어학연수 시절에 팀원들의 수업 출석률이 낮은 원인을 늦은 취침으로 판단하여 취침 시간을 통제했습니다. 귀국 날까지 수업과 프로그램 참여율을 백 프로로 이루었습니다. 앞으로도 업무에 대한 열정을 발휘하여 최선을 다 하겠습니다.","wordCount":29}}},"rawDataInfo":{"question":{"fileFormat":"wav","fileSize":368078,"duration":11500,"samplingBit":16,"channelCount":1,"samplingRate":"16kHz","audioPath":"/Mock/05.ICT/Female/New/ckmk_q_ict_f_n_176299.wav"},"answer":{"fileFormat":"wav","fileSize":2320718,"duration":72520,"samplingBit":16,"channelCount":1,"samplingRate":"16kHz","audioPath":"/Mock/05.ICT/Female/New/ckmk_a_ict_f_n_176299.wav"}}}