{"version":"1.0","dataSet":{"info":{"date":"20230116","occupation":"ICT","channel":"MOCK","place":"ONLINE","gender":"FEMALE","ageRange":"-34","experience":"NEW"},"question":{"raw":{"text":"지원자님께서 만약 이직을 생각하는 동료를 만나게 된다면 지원자님은 뭐라고 말씀하실 것 같습니까 왜 그렇게 말씀하실지도 설명해 주시기 바랍니다","wordCount":18},"emotion":[],"intent":[]},"answer":{"raw":{"text":"음 저는 이직을 생각하는 동료로에 어려운 점이 무엇인지 먼저 물어볼 것 같습니다. 어떤 점 때문에 불편함을 느꼈는지 이 회사측에 문제인 건지 업무의 업무적인 문제인 건지 개인에 문제인 건지 사실 굉장히 이직하는 이유가 다양하니까요. 그래서 그 이유가 어 내가 좀 더 노력을 해 봐도 어 해결되지 않는 경우라면은 저는 이직을 해도 괜찮다고 생각을 합니다. 또 이직을 해서 이득을 얻는 경우라면은 더 응원을 할 거 같습니다. 그러나 이제 개인적인 일 때문에 또 개인적인 성향 때문에 어 만들어지게 된 거라면은 좀 성향을 개선해 보는 그런 쪽으로 조언을 할 것 같습니다.","wordCount":87},"emotion":[],"intent":[{"text":"","expression":"","category":"attitude"}],"summary":{"text":"이직의 이유가 다양한데, 해결이 되지 않는 경우라면 이직을 해도 괜찮다고 생각합니다. 이직을 해서 이득을 얻는 경우라면 더 응원할 거 같습니다. 그러나 개인적 성향 때문에 만들어졌다면 성향을 개선하는 쪽으로 조언을 할 것입니다.","wordCount":31}}},"rawDataInfo":{"question":{"fileFormat":"wav","fileSize":668238,"duration":20880,"samplingBit":16,"channelCount":1,"samplingRate":"16kHz","audioPath":"/Mock/05.ICT/Female/New/ckmk_q_ict_f_n_251837.wav"},"answer":{"fileFormat":"wav","fileSize":1905998,"duration":59560,"samplingBit":16,"channelCount":1,"samplingRate":"16kHz","audioPath":"/Mock/05.ICT/Female/New/ckmk_a_ict_f_n_251837.wav"}}}