{"version":"1.0","dataSet":{"info":{"date":"20230116","occupation":"ICT","channel":"MOCK","place":"ONLINE","gender":"FEMALE","ageRange":"-34","experience":"NEW"},"question":{"raw":{"text":"면접자님께서는 아이씨티 역량을 갖추기 위해 지금까지 어떤 노력을 했는지 설명해 주시겠습니까","wordCount":11},"emotion":[],"intent":[]},"answer":{"raw":{"text":"네 저는 저희 회사에 맞는 아이씨티 역량을 갖추기 위해 코드스테이츠 부트 캠프 과정에 참여하여 이 에이아이 분야에 관한 공부를 많이 했습니다. 이 칠 개월 동안 성실하고 꾸준하게 공부하기 위해 오전 아홉 시부터 저녁 여섯 시까지는 이 에이아이 부트 캠프를 위한 시간으로 꾸준하게 투자하고 또 제 저의 몸 패턴을 그렇게 맞추고자 굉장히 노력했습니다. 또 어 처지지 않도록 제가 모르는 부분 있을 시에 즉각적으로 여쭤보면서 도움을 적극적으로 받고자 했고요. 그 이후에 이 협업을 어떻게 하는 것인지 궁금하여 기업 프로젝트와 팀 프로젝트에 참여하면서 프로젝트 경험으로 아 협업은 이런 식으로 하는 거구나 라는 점을 알게 되고 또 갖추기 위해 노력했습니다.","wordCount":96},"emotion":[],"intent":[{"text":"네 저는 저희 회사에 맞는 아이씨티 역량을 갖추기 위해 코드스테이츠 부트 캠프   과정에 참여하여 이 에이아이 분야에 관한 공부를 많이 했습니다.","expression":"i_tech_orien","category":"attitude"}],"summary":{"text":"저는 저희 회사에 맞는 아이씨티 역량을 갖추기 위해 코드스테이츠 부트 캠프 과정에 참여하여 에이아이 분야에 관한 공부를 많이 했습니다. 그리고 기업 프로젝트와 팀 프로젝트에 참여하면서 협업은 이런 식으로 하는 구나 라는 점을 알게 되었습니다.","wordCount":34}}},"rawDataInfo":{"question":{"fileFormat":"wav","fileSize":413198,"duration":12910,"samplingBit":16,"channelCount":1,"samplingRate":"16kHz","audioPath":"/Mock/05.ICT/Female/New/ckmk_q_ict_f_n_185248.wav"},"answer":{"fileFormat":"wav","fileSize":1870158,"duration":58440,"samplingBit":16,"channelCount":1,"samplingRate":"16kHz","audioPath":"/Mock/05.ICT/Female/New/ckmk_a_ict_f_n_185248.wav"}}}