{"version":"1.0","dataSet":{"info":{"date":"20230116","occupation":"ICT","channel":"MOCK","place":"ONLINE","gender":"FEMALE","ageRange":"35-44","experience":"NEW"},"question":{"raw":{"text":"지원자님께서는 지금까지 태어나서 지금까지 살아오면서 가장 후회하셨던 일이 있으신가요 가장 후회했던 일이 있다면 어떤 일인지 한 가지만 저희에게 이야기해 주시기 바랍니다","wordCount":21},"emotion":[],"intent":[]},"answer":{"raw":{"text":"저는 어제 어 늦게까지 사람들하고 노느라고 대중교통 막차 시간을 놓쳤는데요. 어 당연히 그래도 택시가 잡힐 것이라고 생각하고 있었는데 카카오가 오류가 나면서 어플을 이용하기가 힘들어졌고 또 다른 어플들로도 택시를 잡는 게 힘들었습니다. 그래서 처음으로 심야 버스를 이용을 했는데 정말 많은 사람들이 타고 있어서 그 심야 버스를 타고 가는 게 너무 답답했습니다. 그리고 심야 버스이다 보니깐 서울에 웬만한 그 많은 지역들을 다 들러야 하는 노선으로 이루어져 있어서 거기서 제가 있었던 곳까지 집까지 금방 가야 하는 시간인데 너무 오래 걸려서 멀미가 더 심해지고 컨디션이 너무 좋아지지 않아서 그게 지금까지도 피로도로 쌓이고 있습니다.","wordCount":89},"emotion":[],"intent":[{"text":"","expression":"","category":"attitude"}],"summary":{"text":"저는 카카오가 오류가 나면서 어플을 이용하기가 힘들어졌고 다른 어플들로도 택시를 잡는 게 힘들었습니다. 그래서 심야 버스를 이용했는데 많은 사람들이 타고 있어서 답답했습니다. 심야 버스 노선이라 집까지 금방 가야 하는데 너무 오래 걸려 멀미가 심해지고 컨디션도 안좋아지고 피로도가 쌓였습니다.","wordCount":38}}},"rawDataInfo":{"question":{"fileFormat":"wav","fileSize":471758,"duration":14740,"samplingBit":16,"channelCount":1,"samplingRate":"16kHz","audioPath":"/Mock/05.ICT/Female/New/ckmk_q_ict_f_n_165179.wav"},"answer":{"fileFormat":"wav","fileSize":2305358,"duration":72040,"samplingBit":16,"channelCount":1,"samplingRate":"16kHz","audioPath":"/Mock/05.ICT/Female/New/ckmk_a_ict_f_n_165179.wav"}}}