{"version":"1.0","dataSet":{"info":{"date":"20230116","occupation":"ICT","channel":"MOCK","place":"ONLINE","gender":"FEMALE","ageRange":"-34","experience":"NEW"},"question":{"raw":{"text":"지원자님께서는 스트레스를 받으면 어떻게 하시는지 왜 그 방법으로 해소하는지까지 함께 설명해 주시기 바랍니다","wordCount":13},"emotion":[],"intent":[]},"answer":{"raw":{"text":"스트레스를 받을 때는 저는 휴식을 취하는데요. 보통 저의 취미 생활을 해요. 저는 이제 취미 생활을 하는 거를 굉장히 좋아하는 편이라서 뭐 혼자 하는 것도 있고 또 배워서 하는 것도 있어요. 그래서 이전에 이제 배워왔던 거는 이제 폴 댄스 그 다음에 뭐 점핑 댄스 그 다음에 헬스 피티 받거나 아니면 필라테스를 하거나 배우거나 또 뭐 댄스도 배워왔구요. 그다음에 수영 같은 것도 수영은 이제 올해 제가 배웠어요. 그래서 요런 이제 스포츠 같은 것들이 이제 제 취미가 되겠고 음 그래서 이런 취미들을 정말로 제가 많이 했었구요. 근데 이제 스포츠도 이제 아무래도 좀 체력 소모가 되다 보니까 운동 관련된 것 말고도 인제 정말 만약에 제가 피곤한 경우에는 쉬고 싶을 때는 그냥 유튜브나 영화 보면서 쉬구요. 뭐 가끔 친구들이나 아는 지인들하고도 술 먹고 이렇게 즐기기도 했어요. 뭐 혼자 하는 취미로는 글 쓰거나 뭐 그림 그리는 거 좋아했어요. 그래서 저는 뭐 이 정도로 제가 스트레스 받을 때는 휴식을 취하는 것 같고요. 저한테 어 전부 다 굉장히 저한테 스트레스를 해소시켜주고 굉장히 제 기분을 좋게 해주는 그러한 활동들이 전부 다 되겠죠. 네 그렇습니다.","wordCount":165},"emotion":[{"text":"뭐 혼자 하는 취미로는 글 쓰거나 뭐 그림 그리는 거 좋아했어요.","expression":"p-interest","category":"positive"}],"intent":[{"text":"","expression":"","category":"attitude"}],"summary":{"text":"취미로 폴 댄스, 점핑 댄스, 헬스 피티 받거나 필라테스, 댄스, 수영 등을 배웠고 체력 소모를 막기 위해 스포츠도 많이 했습니다. 그리고 피로할 때는 유튜브나 영화 보면서 쉬거나 지인과 술 먹고 즐겼습니다. 혼자 하는 취미로는 글 쓰거나 그림 그리는 거 좋아해서 이 정도로 휴식을 취하는 것 같습니다.","wordCount":46}}},"rawDataInfo":{"question":{"fileFormat":"wav","fileSize":330958,"duration":10340,"samplingBit":16,"channelCount":1,"samplingRate":"16kHz","audioPath":"/Mock/05.ICT/Female/New/ckmk_q_ict_f_n_265103.wav"},"answer":{"fileFormat":"wav","fileSize":3076238,"duration":96130,"samplingBit":16,"channelCount":1,"samplingRate":"16kHz","audioPath":"/Mock/05.ICT/Female/New/ckmk_a_ict_f_n_265103.wav"}}}