{"version":"1.0","dataSet":{"info":{"date":"20230116","occupation":"ICT","channel":"MOCK","place":"ONLINE","gender":"FEMALE","ageRange":"-34","experience":"NEW"},"question":{"raw":{"text":"만약에 지원자님께서 어 현재 지원하신 직무 말고 다른 부서로 배치가 된다면 어 어떻게 하실 건가요 어 괜찮으시겠어요","wordCount":17},"emotion":[],"intent":[]},"answer":{"raw":{"text":"이 직무가 아닌 다른 부서에 배치된다면 처음 몇 달간은 이 직무를 파악하고 그 또 적응하기 위해 많은 노력을 할 것 같습니다. 하지만 그런 노력에도 제대로 되지 않는 다면 저는 퇴사를 선택할 것 같습니다. 왜냐하면 저에게 맞는 옷을 입어야 저도 효율적으로 또 능력적으로 이 일을 수행할 수 있고 또 회사의 입장에서도 이 직무에 맞는 분들을 뽑는 것이 어 이 프로젝트를 진행함이 있어서 회사의 입장에서도 굉장히 이득이 남다 남는다고 생각을 하기 때문에 저는 다른 부서에 배치된다면 아마 퇴사를 고려하게 될 확률이 높을 것 같습니다.","wordCount":82},"emotion":[],"intent":[{"text":"","expression":"","category":"attitude"}],"summary":{"text":"직무가 아닌 부서에 배치된다면 적응을 위해 많은 노력을 할 것 같습니다. 하지만 그 노력이 제대로 되지 않는다면 저는 퇴사를 선택할 것입니다. 그 이유는 직무에 맞는 분들을 뽑는다면 회사 입장에서도 이득이 되기 때문입니다.","wordCount":32}}},"rawDataInfo":{"question":{"fileFormat":"wav","fileSize":481358,"duration":15040,"samplingBit":16,"channelCount":1,"samplingRate":"16kHz","audioPath":"/Mock/05.ICT/Female/New/ckmk_q_ict_f_n_177776.wav"},"answer":{"fileFormat":"wav","fileSize":1383118,"duration":43220,"samplingBit":16,"channelCount":1,"samplingRate":"16kHz","audioPath":"/Mock/05.ICT/Female/New/ckmk_a_ict_f_n_177776.wav"}}}