{"version":"1.0","dataSet":{"info":{"date":"20230116","occupation":"ICT","channel":"MOCK","place":"ONLINE","gender":"FEMALE","ageRange":"-34","experience":"NEW"},"question":{"raw":{"text":"지원자님 네이버 다음 구글 검색을 비교해 보시면 각각 검색 엔진들의 차이점과 장단점이 있습니다 설명 비교 분석 말씀 부탁드려요","wordCount":18},"emotion":[],"intent":[]},"answer":{"raw":{"text":"저는 다음의 경우에는 검색 엔진을 전혀 활용해 본 적이 없어서 말씀을 드리기 어려울 것 같고 네이버 같은 경우가 그나마 검색을 많이 해보고 이제 최근에는 구글을 통해서만 거의 검색을 했는데요. 네이버 같은 경우에는 아무래도 각 사이트 간 이동이 명확하고 또 한국인 한국분들이 많이 찾는 사이트가 늘 상단에 떠있는 편이라 사이트 간 이동을 할 시에는 네이버에 쳐서 이동을 많이 하는 것 같습니다. 구글의 경우에는 어 나오는 정보 자체가 굉장히 방대하기 때문에 사이트를 옮겨 다닌다거나 그런 검색보다는 진짜 원하는 정보가 있을 시에 그 정보를 치밀하고 또 많은 양의 정보를 찾기 위해서 구글 검색 엔진을 찾게 되는 것 같습니다.","wordCount":95},"emotion":[],"intent":[{"text":"","expression":"","category":"attitude"}],"summary":{"text":"네이버 같은 경우에는 사이트 간 이동이 명확하고 한국분들이 많이 찾는 사이트가 상단에 떠있는 편이라 많이 찾습니다. 구글은 정보 자체가 방대하기 때문에 원하는 정보가 있을 시에 치밀하고 많은 양의 정보를 찾기 위해서 구글 검색 엔진을 찾게 됩니다.","wordCount":36}}},"rawDataInfo":{"question":{"fileFormat":"wav","fileSize":403918,"duration":12620,"samplingBit":16,"channelCount":1,"samplingRate":"16kHz","audioPath":"/Mock/05.ICT/Female/New/ckmk_q_ict_f_n_185245.wav"},"answer":{"fileFormat":"wav","fileSize":1852238,"duration":57880,"samplingBit":16,"channelCount":1,"samplingRate":"16kHz","audioPath":"/Mock/05.ICT/Female/New/ckmk_a_ict_f_n_185245.wav"}}}