{"version":"1.0","dataSet":{"info":{"date":"20230116","occupation":"ICT","channel":"MOCK","place":"ONLINE","gender":"FEMALE","ageRange":"35-44","experience":"NEW"},"question":{"raw":{"text":"직무 지식이나 역량 태도 세 가지 중에서 가장 중요하게 생각하는 요소와 그렇게 생각하는 이유에 대해서 말씀해 주세요","wordCount":17},"emotion":[],"intent":[]},"answer":{"raw":{"text":"직무 지식 역량 태도 모두 중요한데 이 중에 가장 중요하다고 생각하는 것은 바로 태도입니다. 자기가 부족하거나 혹은 배워야겠다는 태도를 가지고 있는 사람들은 지식과 역량은 노력을 하면 어느정도 시간이 지난다면 습득할 수 있는 부분이라고 생각을 합니다. 하지만 그렇지 않은 태도 내가 잘하고 있다 나는 이 정도만 됐어 라는 태도를 갖고 있는 사람이라면 지식과 역량에 어느정도는 커버를 할 수 있겠지만 시간이 지나면 그 지식과 역량이 부족해질 수 있기 때문입니다.","wordCount":67},"emotion":[],"intent":[{"text":"","expression":"","category":"attitude"}],"summary":{"text":"직무 지식 역량 태도 중 가장 중요하다고 생각하는 것은 태도입니다. 지식과 역량은 노력을 하면 시간이 지나 습득할 수 있다고 생각되지만 그렇지 않은 태도라면 시간이 지나면 부족해질 수 있습니다.","wordCount":28}}},"rawDataInfo":{"question":{"fileFormat":"wav","fileSize":327758,"duration":10240,"samplingBit":16,"channelCount":1,"samplingRate":"16kHz","audioPath":"/Mock/05.ICT/Female/New/ckmk_q_ict_f_n_180082.wav"},"answer":{"fileFormat":"wav","fileSize":1150478,"duration":35950,"samplingBit":16,"channelCount":1,"samplingRate":"16kHz","audioPath":"/Mock/05.ICT/Female/New/ckmk_a_ict_f_n_180082.wav"}}}