{"version":"1.0","dataSet":{"info":{"date":"20230116","occupation":"ICT","channel":"MOCK","place":"ONLINE","gender":"FEMALE","ageRange":"-34","experience":"NEW"},"question":{"raw":{"text":"동물 실험이 인간에게 주는 이익에 관해서 말씀해 보세요 동물 실험에 대한 지원자님의 생각이 궁금합니다","wordCount":14},"emotion":[],"intent":[]},"answer":{"raw":{"text":"동물을 키우는 사람으로서 이 동물 실험에 관하여 반대를 하는 입장이기는 합니다. 그러나 이 동물 실험이 인간에게 주는 이익 또한 이익 또한 저는 확실 하다고 생각을 하는데요 특히 사람과 가까운 포유류의 경우 사실 강아지만 해도 어떤 실험을 했을 때 인간과 유사한 반응을 하는 경우가 많습니다. 저는 고양이를 키움에도 불구하고 이 고양이라는 동물이 사람과 비슷한 감정이 가지고 또 반응을 하는 것을 문득 문득 알고 놀랄 때가 있는데요. 그러므로 이 동물 실험이 사람에게 주는 이익이 있냐 물은 묻는다면 저는 그렇다라고 대답을 할 것 같습니다. 그러나 이제 윤리 의식이 대두되는 동물 윤리 의식이 대두되는 이 현 상황에 맞춰서 이 동물 실험도 이 동물 실험에 참가하는 동물들의 처지 처우를 개선하는 방향으로 나아가야 한다고 생각합니다.","wordCount":109},"emotion":[],"intent":[{"text":"","expression":"","category":"attitude"}],"summary":{"text":"동물 윤리 의식이 대두되고 있는 이 현 상황에 맞춰서 동물 실험도 이 동물 실험에 참가하는 동물들의 처지 처우를 개선하는 방향으로 나아가야 한다고 생각합니다.","wordCount":23}}},"rawDataInfo":{"question":{"fileFormat":"wav","fileSize":454478,"duration":14200,"samplingBit":16,"channelCount":1,"samplingRate":"16kHz","audioPath":"/Mock/05.ICT/Female/New/ckmk_q_ict_f_n_161186.wav"},"answer":{"fileFormat":"wav","fileSize":2065358,"duration":64540,"samplingBit":16,"channelCount":1,"samplingRate":"16kHz","audioPath":"/Mock/05.ICT/Female/New/ckmk_a_ict_f_n_161186.wav"}}}