{"version":"1.0","dataSet":{"info":{"date":"20230116","occupation":"ICT","channel":"MOCK","place":"ONLINE","gender":"FEMALE","ageRange":"-34","experience":"NEW"},"question":{"raw":{"text":"대학 생활을 보내면서 가장 힘들었던 경험은 어떤 경험이신가요 또 본인이 그것을 어떻게 극복하셨는지도 함께 설명해 주시기를 바랍니다","wordCount":17},"emotion":[],"intent":[]},"answer":{"raw":{"text":"대학 생활을 하다 보면 레포트나 과제 제출을 해야 되는 경우가 많은데요. 저는 이럴 때 좀 힘들었습니다. 과제나 레포트를 제출하는 걸 혼자 해야 되는 경우에는 수월했지만 팀을 이뤄서 하게 될 경우 몇몇 친구들이 자기 분량을 제출하지 않아 난감했던 적이 있어요. 몇 번 이런 경험을 하고 보니 제가 이런 제안을 했습니다. 과제 부분에서 세분화된 업무를 나누고 그것을 해 오지 않을 경우 레포트에서 이름을 빼기로요. 처음엔 뭐 그렇게까지 하겠나 싶어 하던 사람들도 한 번 두 번 그렇게 해서 이름을 뺐더니 저 그 다음부터는 철저하게 자신의 분량을 다 해 오더라구요. 그렇게 해서 모두에게 피해가는 상황을 줄이면서 음 나쁜 경험을 극복했습니다.","wordCount":96},"emotion":[],"intent":[{"text":"","expression":"","category":"attitude"}],"summary":{"text":"대학 생활 시 레포트나 과제 제출을 혼자 할 때는 수월하지만 팀을 이뤄서 할 경우 자기 분량을 제출하지 않아 난감했던 적이 있어, 과제 부분에서 세분화된 업무를 나누고 그것을 해 오지 않을 경우 레포트에서 이름을 빼기로 했습니다.","wordCount":35}}},"rawDataInfo":{"question":{"fileFormat":"wav","fileSize":427598,"duration":13360,"samplingBit":16,"channelCount":1,"samplingRate":"16kHz","audioPath":"/Mock/05.ICT/Female/New/ckmk_q_ict_f_n_233636.wav"},"answer":{"fileFormat":"wav","fileSize":1922638,"duration":60080,"samplingBit":16,"channelCount":1,"samplingRate":"16kHz","audioPath":"/Mock/05.ICT/Female/New/ckmk_a_ict_f_n_233636.wav"}}}