{"version":"1.0","dataSet":{"info":{"date":"20230116","occupation":"ICT","channel":"MOCK","place":"ONLINE","gender":"FEMALE","ageRange":"55-","experience":"NEW"},"question":{"raw":{"text":"지원자분은 개발 문화라는 것에 대해 알고 계십니까 알고 계신다면 지원자분 본인이 생각하기에 좋은 개발 문화라는 것은 어떤 것인지 그 이유에 관해서도 잘 말씀해 주시기 바랍니다","wordCount":25},"emotion":[],"intent":[]},"answer":{"raw":{"text":"제가 생각하는 좋은 개발 문화는 일단 일정을 잘 맞추고 돈을 벌어오는 데서 시작한다고 생각합니다. 품질이 높은 서비스를 만들려면 일단 출시를 해야 합니다. 아름답게 흘러가는 플로우와 군더더기 없는 함수를 구현하기 위해 일정을 너무 오래 지연시킨다면 그 서비스로 돈을 버는 시간은 그만큼 단축될 것입니다. 돈이 없는 팀이 좋은 개발 문화를 만들 수는 없을 것 같다고 저는 생각합니다. 그래서 제 생각에 좋은 개발 문화는 각각의 개발 팀이 처한 환경에 따라 다를 것 같은데요. 자기 팀에 걸맞은 좋은 개발 문화를 찾기 위해 방법들을 시도해 볼 수 있는지가 개발팀의 역량을 판가름 할 수 있는 요소 중 하나인 것 같습니다. 유명한 개발자들으 강연에서 종종 들을 수 있었던 보고 배울 수 있는 숙련된 상급자 뛰어난 역량과 성실함을 가진 동료 함께 잘하려는 태도 이런 키워드들을 경우에 따라서 취사 선택하며 서로 노력해야 할 것 같습니다.","wordCount":126},"emotion":[],"intent":[{"text":"","expression":"","category":"attitude"}],"summary":{"text":"좋은 개발 문화는 일정을 잘 맞추고 돈을 벌어오는 데서 시작되며, 품질이 높은 서비스를 만들려면 출시를 해야 합니다. 따라서 자기 팀에 맞는 좋은 개발 문화를 찾기 위해 방법들을 시도해 볼 수 있는지가 개발팀의 역량을 판가름 할 수 있는 요소 중 하나입니다.","wordCount":40}}},"rawDataInfo":{"question":{"fileFormat":"wav","fileSize":448398,"duration":14010,"samplingBit":16,"channelCount":1,"samplingRate":"16kHz","audioPath":"/Mock/05.ICT/Female/New/ckmk_q_ict_f_n_161073.wav"},"answer":{"fileFormat":"wav","fileSize":2791438,"duration":87230,"samplingBit":16,"channelCount":1,"samplingRate":"16kHz","audioPath":"/Mock/05.ICT/Female/New/ckmk_a_ict_f_n_161073.wav"}}}