{"version":"1.0","dataSet":{"info":{"date":"20230116","occupation":"ICT","channel":"MOCK","place":"ONLINE","gender":"FEMALE","ageRange":"-34","experience":"NEW"},"question":{"raw":{"text":"저희 회사에 지원한 이유가 궁금하고요 그리고 특히 이 직무에 지원한 이유가 궁금한데 본인의 적성에 잘 맞다고 생각을 하십니까","wordCount":18},"emotion":[],"intent":[]},"answer":{"raw":{"text":"이 직무에 지원한 이유는 저는 데이터 싸 사이언스 분야의 데이터 분석가로 일을 하고 싶고 또 제가 왜 적합한 인재이냐면 이 데이터를 보고 어 분석하고 또 수집하는 일에 열의가 있고 이 데이터를 통해서 인사이트를 도출하여 해결책을 해결책을 찾고 또 해결책을 실행하는데 적합한 사람이기 때문입니다. 실제로 다른 분들과 소통하며 프로젝트를 하면서 개인적으로 이런 부분에 성취감이 많았었고 이 데이터를 읽는다는 일 자체에 굉장히 자부심을 느끼게 되었습니다. 그래서 저는 이 데이터 사이언스 분야에 적합한 인재입니다.","wordCount":71},"emotion":[{"text":"실제로 다른 분들과 소통하며 프로젝트를 하면서 개인적으로 이런 부분에 성취감이 많았었고   이 데이터를 읽는다는 일 자체에 굉장히 자부심을 느끼게 되었습니다.","expression":"p-achievement","category":"positive"}],"intent":[{"text":"이 직무에 지원한 이유는 저는 데이터 싸 사이언스 분야의 데이터 분석가로 일을 하고 싶고   또 제가 왜 적합한 인재이냐면 이 데이터를 보고 어 분석하고 또 수집하는 일에 열의가 있고   이 데이터를 통해서 인사이트를 도출하여 해결책을 해결책을 찾고   또 해결책을 실행하는데 적합한 사람이기 때문입니다.","expression":"c_sincere_job","category":"etc"}],"summary":{"text":"데이터 분석가로 일하고 싶은 이유는 이 데이터를 분석하고 수집하는 일에 열의가 있고 이 데이터를 통해서 인사이트를 도출하여 해결책을 찾고 실행하는데 적합한 사람이기 때문입니다.","wordCount":23}}},"rawDataInfo":{"question":{"fileFormat":"wav","fileSize":467278,"duration":14600,"samplingBit":16,"channelCount":1,"samplingRate":"16kHz","audioPath":"/Mock/05.ICT/Female/New/ckmk_q_ict_f_n_160845.wav"},"answer":{"fileFormat":"wav","fileSize":1308878,"duration":40900,"samplingBit":16,"channelCount":1,"samplingRate":"16kHz","audioPath":"/Mock/05.ICT/Female/New/ckmk_a_ict_f_n_160845.wav"}}}