{"version":"1.0","dataSet":{"info":{"date":"20230116","occupation":"ICT","channel":"MOCK","place":"ONLINE","gender":"FEMALE","ageRange":"-34","experience":"NEW"},"question":{"raw":{"text":"회사에 들어오게 된다면 가장 가고 싶은 부서와 왜 그렇게 생각하는지 이유를 말씀해 주세요","wordCount":13},"emotion":[],"intent":[]},"answer":{"raw":{"text":"회사에 들어가게 된다면 저는 데이터 사이언스 부서에 가고 싶습니다. 왜냐하면 저는 데이터 사이언티스트가 되기 위하여 이 부서에서 일하기 위하여 지금까지 공부해 온 것이기 때문에 또 제 저는 저 스스로가 데이터 사이언티스트에 적합한 인재라고 생각합니다. 그래서 저는 데이터 사이언티스트 분야에 가보고 싶고 또 데이터 사이언티스트 분들과 여러 프로젝트를 진행하며 저의 개인적인 역량 또한 키우고 싶은 욕구가 있습니다.","wordCount":56},"emotion":[],"intent":[{"text":"","expression":"","category":"attitude"}],"summary":{"text":"데이터 사이언티스트가 되기 위해 공부해 왔기 때문에 저는 데이터 사이언스 부서에 가고 싶습니다. 여러 프로젝트를 진행하며 개인적인 역량도 키우고 싶은 욕구가 있습니다.","wordCount":22}}},"rawDataInfo":{"question":{"fileFormat":"wav","fileSize":288078,"duration":9000,"samplingBit":16,"channelCount":1,"samplingRate":"16kHz","audioPath":"/Mock/05.ICT/Female/New/ckmk_q_ict_f_n_191123.wav"},"answer":{"fileFormat":"wav","fileSize":1185678,"duration":37050,"samplingBit":16,"channelCount":1,"samplingRate":"16kHz","audioPath":"/Mock/05.ICT/Female/New/ckmk_a_ict_f_n_191123.wav"}}}