{"version":"1.0","dataSet":{"info":{"date":"20230116","occupation":"ICT","channel":"MOCK","place":"ONLINE","gender":"FEMALE","ageRange":"35-44","experience":"NEW"},"question":{"raw":{"text":"창의성과 팀워크 중에서는 어떤 것이 더 중요하다고 생각하시는지요 어 본인이 중요하다고 생각하는 것에 대해서 근거를 들어서 함께 설명해 주시기 바랍니다","wordCount":20},"emotion":[],"intent":[]},"answer":{"raw":{"text":"네 창의성과 팀워크 중 더 중요한 것은 저는 창의성보다는 팀워크가 더 중요하다고 생각됩니다. 물론 창의성과 팀워크 둘 다 조직 활성화에 있어서 아주 중요한 요소임에는 틀림이 없습니다. 하지만 역으로 생각해 봤을 때 창의성만 있고 팀워크만 팀워크가 없는 경우 그리고 팀워크만 팀워크만 있고 창의성이 없는 경우 단적으로 이렇게 생각해보면 제 답이 좀 더 명확해졌음을 알 수 있습니다. 창의성만 있고 팀워크가 없을 경우 개개인의 창의성이 너무 명확하기 때문에 좀 더 조화롭게 되거나 협업을 하는 데 어려움이 있을 수 있습니다. 하지만 창의성이 없더라도 팀워크가 있는 경우는 팀워크를 통해서 팀워크를 통해서 활동하다 보면 또 새로운 창의력이 탄생할 수도 있습니다. 그러므로 저는 창의성보다는 팀워크가 더 중요하다고 생각됩니다.","wordCount":101},"emotion":[],"intent":[{"text":"","expression":"","category":"attitude"}],"summary":{"text":"조직 활성화에 있어 창의성과 팀워크는 아주 중요하지만, 창의성만 있고 팀워크가 없는 경우 개개인의 창의성이 명확하여 조화롭거나 협업에 어려움이 있을 수 있고, 팀워크를 통해서 새로운 창의력이 탄생할 수도 있으므로 저는 팀워크의 중요성에 동의합니다.","wordCount":32}}},"rawDataInfo":{"question":{"fileFormat":"wav","fileSize":460878,"duration":14400,"samplingBit":16,"channelCount":1,"samplingRate":"16kHz","audioPath":"/Mock/05.ICT/Female/New/ckmk_q_ict_f_n_175207.wav"},"answer":{"fileFormat":"wav","fileSize":2391438,"duration":74730,"samplingBit":16,"channelCount":1,"samplingRate":"16kHz","audioPath":"/Mock/05.ICT/Female/New/ckmk_a_ict_f_n_175207.wav"}}}