{"version":"1.0","dataSet":{"info":{"date":"20230116","occupation":"ICT","channel":"MOCK","place":"ONLINE","gender":"FEMALE","ageRange":"-34","experience":"NEW"},"question":{"raw":{"text":"이루고 싶은 인생의 목표가 있으신가요 왜 그것을 이루고 싶은지 이유도 함께 말씀해 주시길 바랍니다","wordCount":14},"emotion":[],"intent":[]},"answer":{"raw":{"text":"제가 이루고 싶은 인생의 목표는 어 사랑하는 사람들과 또 사랑하는 반려동물들과 함께 사는 것이 제 인생의 목표입니다. 또 이 인생을 잘 꾸릴 때 그렇게 큰 어려움 없이 음 저희 일상적인 생활에 잘 여유하는 여유와 풍족함이 있었으면 좋겠구요. 또 제가 사랑하는 사람들을 잘 챙길 정도의 능력이 되었으면 참 좋을 것 같다고 생각합니다. 이렇게 살기 위해서 어 직장에 취업을 하러 노력하고 또 제 능력을 발휘하기 위해 많은 노력을 들이게 되는 것 같습니다.","wordCount":70},"emotion":[],"intent":[{"text":"","expression":"","category":"attitude"}],"summary":{"text":"사랑하는 사람과 반려동물과 함께 사는 것이 제 인생의 목표입니다. 이를 위해 취업을 위해 노력하고 제 능력을 발휘하기 위해 많은 노력을 들이고 있습니다.","wordCount":22}}},"rawDataInfo":{"question":{"fileFormat":"wav","fileSize":353038,"duration":11030,"samplingBit":16,"channelCount":1,"samplingRate":"16kHz","audioPath":"/Mock/05.ICT/Female/New/ckmk_q_ict_f_n_185135.wav"},"answer":{"fileFormat":"wav","fileSize":1507918,"duration":47120,"samplingBit":16,"channelCount":1,"samplingRate":"16kHz","audioPath":"/Mock/05.ICT/Female/New/ckmk_a_ict_f_n_185135.wav"}}}