{"version":"1.0","dataSet":{"info":{"date":"20230116","occupation":"ICT","channel":"MOCK","place":"ONLINE","gender":"FEMALE","ageRange":"45-54","experience":"NEW"},"question":{"raw":{"text":"면접자분만의 스트레스를 해소법이 있는지 있다면 왜 그런 방법으로 스트레스를 해소하는지도 함께 말씀해 주실 수 있으신가요","wordCount":15},"emotion":[],"intent":[]},"answer":{"raw":{"text":"제가 스트레스가 쌓이게 되면 스트레스 해소하는 방법이 있는데요. 그것은 마음 챙김 명상입니다. 명상은 처음엔 좀 지루하다고 생각했는데 눈을 감고 음악을 들으며 음 조용히 앉아서 생각을 하다 보면 점점 여러 가지 잡념이 사라지면서 마음이 편안해지는 걸 느낄 수가 있었습니다. 이런 명상에 시간을 갖다 보면 잡념이 생기기도 하지만 그런 잡념들로 인해서 더 마음이 편안해지는 것 같습니다. 잡념이라는 것은 불필요한 생각이 아니라 내 마음속에 내 머릿속에 있는 여러 가지 생각들이 하나씩 끄집어내지면서 다시 한번 그것들을 음미해 보는 시간을 갖게 하더라구요. 그래서 마음 챙김 명상을 하다 보면 복잡했던 머릿속에 차분해지고 하면서 마음 또한 가라앉는 느낌이 들고 그렇게 하다 보니 스트레스 해소가 되는 것을 느낄 수 있었습니다.","wordCount":102},"emotion":[],"intent":[{"text":"","expression":"","category":"attitude"}],"summary":{"text":"마음 챙김 명상을 하면 잡념이 사라지면서 마음이 편안해지는 걸 느낄 수 있습니다. 잡념이라는 것은 제 마음속 생각들을 음미해 보는 시간을 갖게 합니다. 명상을 하다 보면 마음이 차분해지고 스트레스 해소가 되는 것을 느낄 수 있었습니다.","wordCount":34}}},"rawDataInfo":{"question":{"fileFormat":"wav","fileSize":450638,"duration":14080,"samplingBit":16,"channelCount":1,"samplingRate":"16kHz","audioPath":"/Mock/05.ICT/Female/New/ckmk_q_ict_f_n_178293.wav"},"answer":{"fileFormat":"wav","fileSize":2063758,"duration":64489,"samplingBit":16,"channelCount":1,"samplingRate":"16kHz","audioPath":"/Mock/05.ICT/Female/New/ckmk_a_ict_f_n_178293.wav"}}}