{"version":"1.0","dataSet":{"info":{"date":"20230116","occupation":"ICT","channel":"MOCK","place":"ONLINE","gender":"FEMALE","ageRange":"-34","experience":"NEW"},"question":{"raw":{"text":"지원자분께서 만약 회사에 입사하시고 난 이후에 일을 하던 도중에 팀원들과 불화가 생긴다고 한다면 이와 같은 일을 어떻게 해결하시겠습니까 그 해결법과 이유에 대해서 말씀해 주시면 좋을 것 같습니다","wordCount":27},"emotion":[],"intent":[]},"answer":{"raw":{"text":"제가 일을 하던 중에 팀원과 불화가 생긴다 면 적극적으로 해결할 것 같습니다. 제가 대학 시절에 과제를 하면서 팀원 간의 불화를 경험한 적이 있습니다. 그 당시에 저는 조장이었는데요. 팀원들 간의 의견이 달라서 불만이 점점점 쌓이고 감정이 격앙된 상태였습니다. 졸업 과제의 진도도 나아지지가 않고 싸움도 다툼도 많아졌습니다. 저는 팀장으로서 이 상황을 그냥 지켜볼 수가 없어서 저만의 몇 가지 방법으로 분위기를 풀고 다시 팀원들을 뭉치려고 했습니다. 저는 매일 아침 간단한 과자나 사탕을 준비를 해서 팀원들에게 나눠줬고요. 제가 살아오면서 겪었던 재미있는 얘기 웃긴 이야기 흥미로운 이야기들을 풀어냈습니다. 그러면서 팀원들에게 다가갔고 팀원들도 웃음을 찾았습니다. 그러면서 서로 감정이 좋지 않은 팀원들끼리도 사이가 좋아졌고요. 졸업 과제의 진도도 다시 좋아져서 정해진 기한 내에 완수할 수가 있었습니다. 이러한 경험을 통하여 내가 먼저 다가가는 것 그리고 작은 것이 큰 도움이 된다는 것을 경험할 수 있었습니다. 저는 불화가 생기면 이렇게 해결할 것 같습니다.","wordCount":132},"emotion":[],"intent":[{"text":"","expression":"","category":"attitude"}],"summary":{"text":"팀원들 간의 불화를 경험한 적이 있습니다. 이 상황을 그냥 지켜볼 수가 없어서 저만의 방법으로 분위기를 풀고 다시 팀원들을 뭉치려고 했습니다. 그러면서 서로 감정이 좋지 않은 팀원들끼리도 사이가 좋아졌습니다. 이러한 경험을 통하여 제가 먼저 다가가는 것 그리고 작은 것이 큰 도움이 된다는 것을 경험할 수 있었습니다.","wordCount":45}}},"rawDataInfo":{"question":{"fileFormat":"wav","fileSize":604878,"duration":18900,"samplingBit":16,"channelCount":1,"samplingRate":"16kHz","audioPath":"/Mock/05.ICT/Female/New/ckmk_q_ict_f_n_273584.wav"},"answer":{"fileFormat":"wav","fileSize":3788878,"duration":118400,"samplingBit":16,"channelCount":1,"samplingRate":"16kHz","audioPath":"/Mock/05.ICT/Female/New/ckmk_a_ict_f_n_273584.wav"}}}