{"version":"1.0","dataSet":{"info":{"date":"20230116","occupation":"ICT","channel":"MOCK","place":"ONLINE","gender":"FEMALE","ageRange":"-34","experience":"NEW"},"question":{"raw":{"text":"면접자님께서는 협업을 할 때 사교성이 좋은 편인지 또 사교성을 키우기 위해 어떤 노력을 하셨는지 말씀해 주세요","wordCount":16},"emotion":[],"intent":[]},"answer":{"raw":{"text":"네 저는 사교성은 좋은 편이라고 개인적으로 생각을 합니다. 아무래도 이제 낯을 다들 초반에 가리시고 할 때 어 스몰토크를 하면서 분위기를 많이 풀어본 경험도 많고 보통 팀 프로젝트를 하면서 분위기를 많이 풀어보는 역할을 하고 또 의견을 서로 많이 취합을 하여 이 방향성을 끌어내기 위해서 노력을 한 점도 있었습니다. 저는 사교성을 키우기 위해서 음 말을 좀 많이 하려고 했습니다. 말이 없으면은 좀 사람 인상이 무뚝뚝해 보이기도 하고 어려워 보이기도 하더라고요. 그래서 어 자잘하게 리액션 말도 많이 하고 잘 웃으려고 합니다.","wordCount":78},"emotion":[],"intent":[{"text":"네 저는 사교성은 좋은 편이라고 개인적으로 생각을 합니다.","expression":"c_person","category":"background"}],"summary":{"text":"저는 사교성이 좋은 편이라고 생각하며, 사교성을 키우기 위해서 말을 좀 많이 하려고 했습니다. 사람이 무뚝뚝해 보이기도 하고 어려워 보이기도 해서 자잘하게 리액션 말하기도 많이 하고 잘 웃으려고 합니다.","wordCount":28}}},"rawDataInfo":{"question":{"fileFormat":"wav","fileSize":330958,"duration":10340,"samplingBit":16,"channelCount":1,"samplingRate":"16kHz","audioPath":"/Mock/05.ICT/Female/New/ckmk_q_ict_f_n_272105.wav"},"answer":{"fileFormat":"wav","fileSize":1687758,"duration":52740,"samplingBit":16,"channelCount":1,"samplingRate":"16kHz","audioPath":"/Mock/05.ICT/Female/New/ckmk_a_ict_f_n_272105.wav"}}}