{"version":"1.0","dataSet":{"info":{"date":"20230116","occupation":"ICT","channel":"MOCK","place":"ONLINE","gender":"FEMALE","ageRange":"-34","experience":"NEW"},"question":{"raw":{"text":"본인이 직장을 선택할 때 가장 중요하게 생각하는 것이 있다면 세 가지만 설명해 주세요","wordCount":13},"emotion":[],"intent":[]},"answer":{"raw":{"text":"집에서 와의 거리 그리고 급여 그리고 함께 일하는 사람들이 가장 중요하다고 생각합니다. 집에서 와의 거리는 즉 그게 워크 라이프 밸런스의 기초가 됩니다. 만약에 직장이 집에서 두 시간 세 시간 걸린 곳에 있다면은 하루에 너 댓 시간 이상을 길에서 소비해야 되고 제가 가용할 수 있는 여가 시간이 줄어들게 됩니다. 그 줄어든 여가 시간 속에서 할 수 있는 건 별로 없고 대부분 피로 회복에만 시간을 투자하게 된다면 하루 하루 일만 하는 삶이 되기 때문입니다. 따라서 저는 집과 직장과의 거리가 매우 중요합니다. 그리고 급여 또한 중요합니다. 돈을 받기 위해서 일하는 것도 있기 때문입니다. 급여가 많다면 제가 가용 시간에 할 수 있는 것들의 폭이 넓어지기 때문에 직장 선택할 때 그거는 가장 중요합니다. 또한 다 함께 일하는 사람들은 가장 중요합니다. 직장에서 일하는 건 대부분 협업입니다. 저 혼자 할 수 있는 일들이 아닙니다. 함께 일하는 사람들이 좋아야지 행복한 직장생활을 할 수 있습니다. 그래서 저는 직장 선택할 때 집과의 거리 급여 그리고 함께 일하는 사람들을 가장 중요하게 생각합니다.","wordCount":151},"emotion":[{"text":"그래서 저는 직장 선택할 때 집과의 거리 급여 그리고 함께 일하는 사람들을 가장 중요하게 생각합니다.","expression":"u-belief","category":"neutral"}],"intent":[{"text":"","expression":"","category":"attitude"}],"summary":{"text":"직장이 집에서 두 시간 세 시간 걸린 곳에 있다면 여가 시간이 줄어들게 됩니다. 줄어든 여가 시간 속에서 할 수 있는 건 별로 없고 피로 회복에만 시간을 투자하게 된다면 하루 하루 일만 하는 삶이 되기 때문입니다. 그래서 저는 직장 선택할 때 집과의 거리 급여 그리고 함께 일하는 사람들을 가장 중요하게 생각합니다.","wordCount":50}}},"rawDataInfo":{"question":{"fileFormat":"wav","fileSize":275278,"duration":8600,"samplingBit":16,"channelCount":1,"samplingRate":"16kHz","audioPath":"/Mock/05.ICT/Female/New/ckmk_q_ict_f_n_174740.wav"},"answer":{"fileFormat":"wav","fileSize":2713038,"duration":84780,"samplingBit":16,"channelCount":1,"samplingRate":"16kHz","audioPath":"/Mock/05.ICT/Female/New/ckmk_a_ict_f_n_174740.wav"}}}