{"version":"1.0","dataSet":{"info":{"date":"20230116","occupation":"ICT","channel":"MOCK","place":"ONLINE","gender":"FEMALE","ageRange":"-34","experience":"NEW"},"question":{"raw":{"text":"언제부터 아이씨티에 관심이 있었는지 그리고 지금과 같은 아이씨티 역량을 갖추기 위해 어떤 노력을 했었는지 말씀해 주세요","wordCount":16},"emotion":[],"intent":[]},"answer":{"raw":{"text":"저는 처음에는 아이씨티 역량이라는 것을 잘 몰랐습니다. 이런 프로그래밍 쪽 언어도 잘 모르고 아예 이쪽으로 배우지를 못했기 때문에 이 회사에 맞는 인재가 되기 위해 프로그래밍 언어를 공부했습니다. 마크업 언어 질의 언어 프로그래밍 언어로 보기엔 애매한 언어 난해한 프로그래밍 언어 저급 언어 등 정말 저에게는 고난과 역경이 많았습니다. 하지만 프로그래밍 언어를 스스로 배우면서 독학하면서 재미를 느꼈고 저는 이 회사에 이렇게 지원하게 되었습니다. 프로그래밍 언어를 혼자 배우는 것은 정말 힘든 일이었지만 새로운 걸 알아갈 수 있다 생각에 가슴이 뛰었고 그렇기 때문에 제가 이 회사에 지원한 이유가 되겠습니다.","wordCount":85},"emotion":[],"intent":[{"text":"하지만 프로그래밍 언어를 스스로 배우면서 독학하면서   재미를 느꼈고 저는 이 회사에 이렇게 지원하게 되었습니다.","expression":"c_sincere_job","category":"etc"}],"summary":{"text":"이 회사에 맞는 인재가 되기 위해 프로그래밍 언어를 공부했습니다. 고난과 역경이 많았지만 스스로 배우면서 독학하면서 재미를 느껴 이 회사에 지원하게 되었습니다. 이것이 제가 이 회사에 지원한 이유가 되겠습니다.","wordCount":28}}},"rawDataInfo":{"question":{"fileFormat":"wav","fileSize":447118,"duration":13970,"samplingBit":16,"channelCount":1,"samplingRate":"16kHz","audioPath":"/Mock/05.ICT/Female/New/ckmk_q_ict_f_n_124777.wav"},"answer":{"fileFormat":"wav","fileSize":1952078,"duration":61000,"samplingBit":16,"channelCount":1,"samplingRate":"16kHz","audioPath":"/Mock/05.ICT/Female/New/ckmk_a_ict_f_n_124777.wav"}}}