{"version":"1.0","dataSet":{"info":{"date":"20230116","occupation":"ICT","channel":"MOCK","place":"ONLINE","gender":"FEMALE","ageRange":"-34","experience":"NEW"},"question":{"raw":{"text":"다른 사람들이 생각하는 지원자님의 장점과 단점은 뭐라고 하나요 이유도 함께 말씀해 주시길 바랍니다","wordCount":13},"emotion":[],"intent":[]},"answer":{"raw":{"text":"다른 사람들이 이야기하는 저의 장단점은 지금 생각해보면 장점 같은 경우에는 배려하는 마음이 많다고 이야기들을 해 줍니다. 제가 자라면서 부모님께 늘 들었던 이야기인데요. 사람은 누군가를 배려할 때 나중에 자신도 배려를 받는다고 많이 배웠습니다. 그래서 그런 가르침을 받아서 저는 실천하려고 노력을 하다보니 배려있는 사람이라는 이야기를 많이 들어요. 그것을 저는 저의 장점이라고 생각합니다. 단점은 너무 배려를 하다 보니 사람들이 저를 좀 얕잡아 보는 경향이 있는 것 같아요. 배려라는 것은 마음에서 우러나 상대방을 생각해주는 마음인데요. 그런 것을 몰라주고 자꾸만 어떤 권리인 양 요구하는 사람들이 많더라구요. 그래서 그런 점을 좀 단호한 모습으로 고쳤으면 좋겠다고 이야기하는 주변 분들도 계셔서 저는 그것을 제 단점으로 생각합니다.","wordCount":98},"emotion":[],"intent":[{"text":"단점은 너무 배려를 하다 보니 사람들이 저를 좀 얕잡아 보는 경향이 있는 것 같아요.","expression":"c_person","category":"background"}],"summary":{"text":"배려라는 것은 마음에서 우러나 상대방을 생각해주는 마음인데, 다른 사람들은 배려하는 마음을 몰라주고 어떤 권리인 양 요구하는 경우가 많아서 그런 점을 좀 단호한 모습으로 고쳤으면 좋겠다고 이야기하는 주변 분들도 계셔서 그것을 제 단점으로 생각합니다.","wordCount":33}}},"rawDataInfo":{"question":{"fileFormat":"wav","fileSize":360398,"duration":11260,"samplingBit":16,"channelCount":1,"samplingRate":"16kHz","audioPath":"/Mock/05.ICT/Female/New/ckmk_q_ict_f_n_233635.wav"},"answer":{"fileFormat":"wav","fileSize":2069518,"duration":64670,"samplingBit":16,"channelCount":1,"samplingRate":"16kHz","audioPath":"/Mock/05.ICT/Female/New/ckmk_a_ict_f_n_233635.wav"}}}