{"version":"1.0","dataSet":{"info":{"date":"20230116","occupation":"ICT","channel":"MOCK","place":"ONLINE","gender":"FEMALE","ageRange":"-34","experience":"NEW"},"question":{"raw":{"text":"지원자님께서 가장 자신 있어 하는 기술 분야 무엇인지 그 중 한 가지만 골라서 말씀에 주세요","wordCount":15},"emotion":[],"intent":[]},"answer":{"raw":{"text":"아 제가 가장 자신 있는 기술 분야는 데이터 시각화 분야입니다. 아 최근 테블로를 사용하고 또 테블로 강좌를 들으면서 데이터 시각화 부분에 관하여 많은 인센티브를 많은 이점을 가지게 되었고 또 이제 필터 적용까지 할 수 있게 되어서 데이터를 어떻게 시각적으로 따른 분들께 보여드릴 수 있을지 개인적으로 많은 발전이 있었다고 생각합니다. 또 제가 구글링을 잘하는 편이라 데이터가 데이터에 이상치가 있을 경우 구글링을 통해서 많은 사례들을 찾아보고 이 데이터에 관한 이해 이해를 하는데 어 능력치가 높아졌다고 생각을 합니다.","wordCount":75},"emotion":[],"intent":[{"text":"","expression":"","category":"attitude"}],"summary":{"text":"데이터 시각화 분야는 제가 가장 자신 있는 기술 분야입니다. 최근 테블로를 사용하면서 데이터 시각화에 많은 이점을 가지게 되었고, 필터 적용까지 할 수 있게 되어서 데이터를 시각적으로 따른 분들께 보여줄 수 있게 되었습니다.","wordCount":32}}},"rawDataInfo":{"question":{"fileFormat":"wav","fileSize":518478,"duration":16200,"samplingBit":16,"channelCount":1,"samplingRate":"16kHz","audioPath":"/Mock/05.ICT/Female/New/ckmk_q_ict_f_n_178213.wav"},"answer":{"fileFormat":"wav","fileSize":1553358,"duration":48540,"samplingBit":16,"channelCount":1,"samplingRate":"16kHz","audioPath":"/Mock/05.ICT/Female/New/ckmk_a_ict_f_n_178213.wav"}}}