{"version":"1.0","dataSet":{"info":{"date":"20230116","occupation":"ICT","channel":"MOCK","place":"ONLINE","gender":"FEMALE","ageRange":"35-44","experience":"NEW"},"question":{"raw":{"text":"본인은 시험 기간 시간이 촉박할 때 어떻게 시간 관리를 하셨습니까 시간 관리법이 궁금합니다","wordCount":13},"emotion":[],"intent":[]},"answer":{"raw":{"text":"평소 특별히 시간 관리를 잘하는 편이라고 생각하지 않지만 어떤 과업을 맡거나 중요한 프로젝트에 참여했을 때에는 목표 달성과 성과를 내기 위해 철저히 시간 관리를 합니다. 한마디로 일을 할 때는 대충대충 하는 성격이 못 됩니다. 대입을 준비했던 고등학교 시절부터 중요한 시험이 있을 때는 공부할 시간과 분량을 정확히 따져보고 계획을 잡는 습관이 있었습니다. 시간 관리를 하기 위해 너무 빡빡하게 일정을 잡기보다는 변수가 발생할 것에 대비해 십에서 이십 퍼센트 정도 여유를 두고 계획을 잡고 최종 마무리 시점도 하루나 이틀 정도 앞당겨 마치는 것으로 계획하는 게 제 나름의 비법입니다. 또 중요한 계획이나 시험을 준비할 때는 웬만하면 약속을 잡지 않고 일상생활도 단순하게 하려고 노력합니다.","wordCount":98},"emotion":[],"intent":[{"text":"한마디로 일을 할 때는 대충대충 하는 성격이 못 됩니다.","expression":"c_person","category":"background"}],"summary":{"text":"어떤 과업을 맡거나 중요한 프로젝트에 참여했을 때에는 목표 달성과 성과를 내기 위해 철저히 시간 관리를 합니다. 또 중요한 계획이나 시험을 준비할 때는 웬만하면 약속을 잡지 않고 일상생활도 단순하게 하려고 노력합니다.","wordCount":30}}},"rawDataInfo":{"question":{"fileFormat":"wav","fileSize":336718,"duration":10520,"samplingBit":16,"channelCount":1,"samplingRate":"16kHz","audioPath":"/Mock/05.ICT/Female/New/ckmk_q_ict_f_n_236638.wav"},"answer":{"fileFormat":"wav","fileSize":1820238,"duration":56880,"samplingBit":16,"channelCount":1,"samplingRate":"16kHz","audioPath":"/Mock/05.ICT/Female/New/ckmk_a_ict_f_n_236638.wav"}}}