{"version":"1.0","dataSet":{"info":{"date":"20230116","occupation":"ICT","channel":"MOCK","place":"ONLINE","gender":"FEMALE","ageRange":"-34","experience":"NEW"},"question":{"raw":{"text":"입사 후 쉬운 일 어려운 일이 있을 때 이 일에 대한 분배를 어떻게 하실 건가요 어떻게 나눠서 처리할지 고 생각이 궁금한데 말씀해 주실 수 있으세요","wordCount":25},"emotion":[],"intent":[]},"answer":{"raw":{"text":"저는 먼저 입사 후에 모든 일이 다 어렵겠지만 제가 느끼기에 좀 더 빨리 끝낼 수 있고 쉽다고 생각하는 일을 먼저 해치울 것 같습니다. 그 다음에 어려운 일을 할 텐데요. 물론 쉬운 일도 저에게는 오래 걸리고 어려울 수 있습니다. 그렇기 때문에 제가 상대적으로 조금 더 빨리 해치우고 쉽다고 생각하는 일을 팔십 퍼센트 끝내 놓은 후 다른 직장 상사나 동료들에게 어려운 일에 대해 어떻게 하면 좀 더 시간을 효율적으로 사용하며 일을 빨리 끝낼 수 있는지에 대해 팁을 물을 것이고 그다음에 어려운 일을 오십 퍼센트 정도 끝낼 것입니다. 어려운 일을 오십 퍼센트 정도 끝냈다면 그 후 나머지 쉬운 일 이십 퍼센트를 남겨놓은 것을 마치고 나머지 시간을 어려운 일 오십 퍼센트로 마치는 데 힘을 쏟을 것입니다.","wordCount":112},"emotion":[],"intent":[{"text":"그렇기 때문에 제가 상대적으로 조금 더 빨리 해치우고 쉽다고 생각하는 일을 팔십 퍼센트 끝내 놓은 후   다른 직장 상사나 동료들에게 어려운 일에 대해 어떻게 하면 좀 더 시간을 효율적으로 사용하며 일을 빨리 끝낼 수 있는지에 대해   팁을 물을 것이고 그다음에 어려운 일을 오십 퍼센트 정도 끝낼 것입니다.","expression":"c_adp","category":"personality"}],"summary":{"text":"어려운 일을 한 후 다른 상사나 동료들에게 어떻게 시간을 효율적으로 사용하며 일을 빨리 끝낼 수 있는지에 대해 팁을 묻고 어려운 일을 오십 퍼센트 정도 끝낼 것입니다. 그 후 나머지 쉬운 일 20%를 끝내고 어려운 일 오십 퍼센트에 힘을 쏟을 것입니다.","wordCount":40}}},"rawDataInfo":{"question":{"fileFormat":"wav","fileSize":459598,"duration":14360,"samplingBit":16,"channelCount":1,"samplingRate":"16kHz","audioPath":"/Mock/05.ICT/Female/New/ckmk_q_ict_f_n_124781.wav"},"answer":{"fileFormat":"wav","fileSize":2188878,"duration":68400,"samplingBit":16,"channelCount":1,"samplingRate":"16kHz","audioPath":"/Mock/05.ICT/Female/New/ckmk_a_ict_f_n_124781.wav"}}}