{"version":"1.0","dataSet":{"info":{"date":"20230116","occupation":"ICT","channel":"MOCK","place":"ONLINE","gender":"FEMALE","ageRange":"55-","experience":"NEW"},"question":{"raw":{"text":"어 지금까지 여러 가지 대외 활동을 해 보신 걸로 보이는데요 어 그동안 그러한 대외 활동에서 지원자님께서는 무엇을 배우셨고 또 어떤 자세를 임하셨는지 설명해 주시길 바랍니다","wordCount":25},"emotion":[],"intent":[]},"answer":{"raw":{"text":"대외 활동의 경우에는 다양한 유형의 활동들이 있었는데요. 세미나에서 어 진행을 도와주는 역할을 한다든지 또는 협동조합 같은 데서 또 활동을 한다든지 혹은 커뮤니티 목적을 가진 커뮤니티에서 어 여러 가지 기획을 하고 활동을 함께 해 나간다든지 혹은 전혀 다른 사람들을 만날 수 있는 봉사 활동이나 기타 여러 활동들을 하였습니다. 이렇게 어 활동을 할 때에는 여러 가지 다양한 사람들의 생각과 아이디어를 함께 배울 수가 있어서 어 저 또한 또 저의 생각을 나눌 수 있어서 아주 좋은 점이었던 것 같고요. 그럴 때마다 제가 알고 있는 것이 다가 아니라 어 다양한 사람들의 정말 열정적인 그런 삶의 자세나 지식 이런 것들을 배울 수 있다라는 것을 알게 되었습니다. 항상 겸손하게 참여하고 있습니다.","wordCount":105},"emotion":[],"intent":[{"text":"","expression":"","category":"attitude"}],"summary":{"text":"대외 활동의 경우에는 세미나, 협동조합, 커뮤니티 등에서 다양한 유형의 활동을 했습니다. 활동을 할 때 다양한 사람들의 생각과 아이디어를 배워서 저 또한 생각을 나눌 수 있어서 아주 좋았습니다. 항상 겸손하게 참여하고 있습니다.","wordCount":31}}},"rawDataInfo":{"question":{"fileFormat":"wav","fileSize":505678,"duration":15800,"samplingBit":16,"channelCount":1,"samplingRate":"16kHz","audioPath":"/Mock/05.ICT/Female/New/ckmk_q_ict_f_n_248044.wav"},"answer":{"fileFormat":"wav","fileSize":2045838,"duration":63930,"samplingBit":16,"channelCount":1,"samplingRate":"16kHz","audioPath":"/Mock/05.ICT/Female/New/ckmk_a_ict_f_n_248044.wav"}}}