{"version":"1.0","dataSet":{"info":{"date":"20230116","occupation":"ICT","channel":"MOCK","place":"ONLINE","gender":"FEMALE","ageRange":"-34","experience":"NEW"},"question":{"raw":{"text":"어 일을 하게 되면 자료를 문서화 할 일이 많아지는데요 어 지원자님께서는 문서화 작업이 왜 필요하다고 생각하시는지 어 말씀해 주시기를 바랍니다","wordCount":20},"emotion":[],"intent":[]},"answer":{"raw":{"text":"문서화 작업은 저는 필수화라고 생각을 하는데요. 실제로 이제 정리 부문에서 뛰어나신 뛰어난 역량을 가진 분들을 보면은 문서화를 기본적으로 잘 하시더라구요. 문서화를 하시면서 이제 사람 뇌에 모든 걸 기억을 할 수 없기 때문에 이 문서화를 하시면서 이때 이런 내용이 있었는지 점검도 굉장히 꼼꼼하게 되셨던 것 같고 음 그렇게 하면서 개인적인 역량을 키워갈 때 도움을 많이 받으신 분들을 보았기 때문에 네 문서화 작업이 꼭 필요하다고 생각합니다. 저희가 이 어떠한 일을 할 때 회고하는 경우가 참 많은데 그런 회고를 할 때에도 문서화 작업을 해 놓으면은 아 이 때 이랬었지 하는 고 정확한 점검이 가능해지기 때문입니다.","wordCount":92},"emotion":[],"intent":[{"text":"","expression":"","category":"attitude"}],"summary":{"text":"문서화 작업을 잘 하시는 분들은 뇌에 모든 걸 기억을 할 수 없기 때문에 이 문서화를 하면서 점검도 굉장히 꼼꼼하게 되셨던 것 같고 개인적인 역량을 키워갈 때 도움을 많이 받으신 분들을 보니 문서화 작업이 꼭 필요하다고 생각합니다.","wordCount":36}}},"rawDataInfo":{"question":{"fileFormat":"wav","fileSize":435278,"duration":13600,"samplingBit":16,"channelCount":1,"samplingRate":"16kHz","audioPath":"/Mock/05.ICT/Female/New/ckmk_q_ict_f_n_178217.wav"},"answer":{"fileFormat":"wav","fileSize":1565518,"duration":48920,"samplingBit":16,"channelCount":1,"samplingRate":"16kHz","audioPath":"/Mock/05.ICT/Female/New/ckmk_a_ict_f_n_178217.wav"}}}