{"version":"1.0","dataSet":{"info":{"date":"20230116","occupation":"ICT","channel":"MOCK","place":"ONLINE","gender":"FEMALE","ageRange":"-34","experience":"NEW"},"question":{"raw":{"text":"지금까지 살면서 인생에서 다양한 일들이 있으셨을 텐데요 태어나서 지금까지 한 일 가운데 가장 후회했던 일이 있다면 무엇이었습니까 한 가지만 골라서 말씀해 주시기 바랍니다","wordCount":23},"emotion":[],"intent":[]},"answer":{"raw":{"text":"지금까지 한일 가운데 가장 후회했던 일은 부모님께 거짓말을 했던 일입니다. 부모님께 어린 시절에 크게 거짓말을 한 적이 있는데요. 부모님께서 어 그 거짓말을 함으로써 저희 안전에 크게 걱정하시게 되어서 어 거짓말을 들킨 후에도 굉장히 많이 혼났었던 기억이 있어서 그때 이후로 거짓말을 하기보다는 사실대로 말하는 것이 오히려 낫겠구나 사실대로 말하고 이해를 구하는 편이 낫겠구나 라는 것을 알게 되었었습니다.","wordCount":56},"emotion":[],"intent":[{"text":"","expression":"","category":"attitude"}],"summary":{"text":"지금까지 한일 중 가장 후회했던 일은 부모님께 거짓말을 한 일이었는데, 그 이후로 사실대로 말하고 이해를 구하는 것이 낫겠다는 것을 알게 되었습니다.","wordCount":21}}},"rawDataInfo":{"question":{"fileFormat":"wav","fileSize":609998,"duration":19060,"samplingBit":16,"channelCount":1,"samplingRate":"16kHz","audioPath":"/Mock/05.ICT/Female/New/ckmk_q_ict_f_n_194556.wav"},"answer":{"fileFormat":"wav","fileSize":1224398,"duration":38260,"samplingBit":16,"channelCount":1,"samplingRate":"16kHz","audioPath":"/Mock/05.ICT/Female/New/ckmk_a_ict_f_n_194556.wav"}}}