{"version":"1.0","dataSet":{"info":{"date":"20230116","occupation":"ICT","channel":"MOCK","place":"ONLINE","gender":"FEMALE","ageRange":"-34","experience":"NEW"},"question":{"raw":{"text":"면접자께서 생각하시는 개발자에게 가장 중요한 것은 무엇이라고 생각하는지 설명 부탁드리겠습니다","wordCount":10},"emotion":[],"intent":[]},"answer":{"raw":{"text":"개발자에게 가장 중요한 것은 바로 정확성입니다. 개발자가 하는 일은 바로 프로그램을 개발하고 만드는 것인데요. 이것이 정확하지 않다면 바이러스나 버그를 먹는 일이 생길 것입니다. 이것은 고객들의 불편함도 초래하며 혹은 기업의 손실도 가져올 수 있습니다. 그렇기 때문에 정확성이 가장 중요하다고 생각이 듭니다. 개발자들은 정확성도 중요하지만 신속함도 중요하다고 생각합니다. 어느 직업이나 어느 업무나 신속한 것은 당연한 일이지만 개발자가 신속하지 않다면 바이러스나 업무에 차질이 생겼을 때 처리하지 못한다면 기업의 막대한 손실이 생긴다고 생각합니다. 그렇기 때문에 개발자는 정확함과 신속함 이런 것들이 굉장히 중요할 것 같습니다. 개발자들은 정확함과 신속함에 중점을 두고 업무를 진행해야 할 것입니다.","wordCount":89},"emotion":[],"intent":[{"text":"","expression":"","category":"attitude"}],"summary":{"text":"개발자에게 가장 중요한 것은 정확성이며, 신속함도 중요합니다. 신속한 것은 당연한 일이지만 개발자가 신속하지 않다면 바이러스나 업무에 차질이 생겼을 때 처리하지 못한다면 기업의 막대한 손실이 생깁니다. 따라서 개발자들은 정확함과 신속함에 중점을 두고 업무를 진행해야 할 것입니다.","wordCount":35}}},"rawDataInfo":{"question":{"fileFormat":"wav","fileSize":333518,"duration":10420,"samplingBit":16,"channelCount":1,"samplingRate":"16kHz","audioPath":"/Mock/05.ICT/Female/New/ckmk_q_ict_f_n_257792.wav"},"answer":{"fileFormat":"wav","fileSize":3584718,"duration":112020,"samplingBit":16,"channelCount":1,"samplingRate":"16kHz","audioPath":"/Mock/05.ICT/Female/New/ckmk_a_ict_f_n_257792.wav"}}}