{"version":"1.0","dataSet":{"info":{"date":"20230116","occupation":"ICT","channel":"MOCK","place":"ONLINE","gender":"FEMALE","ageRange":"-34","experience":"NEW"},"question":{"raw":{"text":"네 다른 지원자님들에 비해서 지원자님만이 가진 차별성과 장점이 있는지요 어 어떤 차별점과 장점을 가지고 있는지 그것에 대해서 한번 어필해 보시겠습니까","wordCount":20},"emotion":[],"intent":[]},"answer":{"raw":{"text":"네 저만이 가진 차별성 장점을 어필한다면 저는 결단력이 좋습니다. 그래서 따른 분들이 결정하는 것을 어려워 하실 때 제가 딱 결정해서 어 빨리빨리 끌고 가는 능력이 있는데요. 또 그 과정에서 따른 분들의 의견을 무시하지는 않고 또 제 의견이 틀린 것 같다 하면 빠르게 바꾸는 융통성도 있다고 생각합니다. 이게 저의 장점이라고 생각하고요. 또 커뮤니케이션에 있어서 눈치가 빠르기 때문에 따른 분들이 불편함을 느끼실 때 어떤 점이 불편하신지 구체적으로 여쭤보고자 하는 편입니다. 그래서 저는 이게 저의 장점이라고 생각을 했습니다.","wordCount":75},"emotion":[],"intent":[{"text":"","expression":"","category":"attitude"}],"summary":{"text":"저만의 차별성 장점을 어필한다면 결단력이 좋습니다. 또 그 과정에서 따를 분들을 존중하고 바꾸는 융통성도 있다고 생각합니다. 또 눈치가 빠르기 때문에 어떤 점이 불편하신지 구체적으로 여쭤보고 싶은 편입니다.","wordCount":27}}},"rawDataInfo":{"question":{"fileFormat":"wav","fileSize":542798,"duration":16960,"samplingBit":16,"channelCount":1,"samplingRate":"16kHz","audioPath":"/Mock/05.ICT/Female/New/ckmk_q_ict_f_n_194769.wav"},"answer":{"fileFormat":"wav","fileSize":1433678,"duration":44800,"samplingBit":16,"channelCount":1,"samplingRate":"16kHz","audioPath":"/Mock/05.ICT/Female/New/ckmk_a_ict_f_n_194769.wav"}}}