{"version":"1.0","dataSet":{"info":{"date":"20230116","occupation":"ICT","channel":"MOCK","place":"ONLINE","gender":"FEMALE","ageRange":"-34","experience":"NEW"},"question":{"raw":{"text":"면접자님은 다룰 수 있는 설계프로그램에 대해 한번 말해보세요","wordCount":8},"emotion":[],"intent":[]},"answer":{"raw":{"text":"가장 자신 있는 프로그램은 아무래도 코딩 프로그램들입니다. 그리고 자신 있는 언어는 파이썬이며 가장 직관적으로 코딩을 할 수 있기 때문이라고 생각합니다. 그리고 가장 자신 있는 프로그램으로는 파이참이나 그 외에 다양한 아이들을 사용할 수 있다고 생각합니다.","wordCount":34},"emotion":[],"intent":[{"text":"그리고 자신 있는 언어는 파이썬이며 가장 직관적으로 코딩을 할 수 있기 때문이라고 생각합니다.","expression":"i_prg","category":"technology"},{"text":"그리고 가장 자신 있는 프로그램으로는 파이참이나   그 외에 다양한 아이들을 사용할 수 있다고 생각합니다.","expression":"i_prg","category":"technology"}],"summary":{"text":"가장 자신 있는 프로그램은 코딩 프로그램들이며, 가장 직관적인 코딩을 할 수 있는 파이썬이나 그 외 다양한 아이들을 사용할 수 있습니다.","wordCount":20}}},"rawDataInfo":{"question":{"fileFormat":"wav","fileSize":225998,"duration":7060,"samplingBit":16,"channelCount":1,"samplingRate":"16kHz","audioPath":"/Mock/05.ICT/Female/New/ckmk_q_ict_f_n_150235.wav"},"answer":{"fileFormat":"wav","fileSize":674638,"duration":21080,"samplingBit":16,"channelCount":1,"samplingRate":"16kHz","audioPath":"/Mock/05.ICT/Female/New/ckmk_a_ict_f_n_150235.wav"}}}