{"version":"1.0","dataSet":{"info":{"date":"20230116","occupation":"ICT","channel":"MOCK","place":"ONLINE","gender":"FEMALE","ageRange":"-34","experience":"NEW"},"question":{"raw":{"text":"커뮤니케이션을 잘 할 수 있는 지원자님만의 스킬이 있다면 한번 소개 부탁드립니다 직접 한번 보여주셔도 좋습니다","wordCount":15},"emotion":[],"intent":[]},"answer":{"raw":{"text":"커뮤니케이션을 잘하기 위해 가지고 있는 스킬이라면 어 사소하긴 하지만 전 스몰 토크를 많이 하는 편입니다. 좀 긴장을 풀고 분위기를 유하게 하기 위해서 하는데요. 저는 요새 엠비티아이가 유행이라서 엠비티아이 같은 성격 유형을 또 여쭤보기도 합니다. 땡자님은 엔비티이가 어떻게 되세요. 오 잘 모르시는구나 아 그럴 수 있죠. 요즘 엔비티아이가 유행이라서 저는 이엔티제이가 나왔는데요. 이인티제이가 되게 사람을 좋아하고 또 자기 주장도 강하게 하는 엠비티아이 유형이래요. 저 그렇게 보이나요. 아 그렇게 보이나요. 아 너무 좋네요. 아마 마마님도 한 번 해보시면 좋을 것 같아요. 하는 식으로 잘 모르시는 분께는 또 소개를 하고 김에 저에 대한 이야기도 좀 해드리는 편입니다.","wordCount":94},"emotion":[],"intent":[{"text":"","expression":"","category":"attitude"}],"summary":{"text":"커뮤니케이션을 잘하기 위해 가지고 있는 스킬이라면 전 스몰 토크를 많이 하는 편입니다. 요즘 엔비티아이가 유행이라서 이엔티제이가 되게 사람을 좋아하고 자기 주장도 강하게 하는 엠비티아이 유형이라고 합니다.","wordCount":26}}},"rawDataInfo":{"question":{"fileFormat":"wav","fileSize":352078,"duration":11000,"samplingBit":16,"channelCount":1,"samplingRate":"16kHz","audioPath":"/Mock/05.ICT/Female/New/ckmk_q_ict_f_n_185249.wav"},"answer":{"fileFormat":"wav","fileSize":1980238,"duration":61880,"samplingBit":16,"channelCount":1,"samplingRate":"16kHz","audioPath":"/Mock/05.ICT/Female/New/ckmk_a_ict_f_n_185249.wav"}}}