{"version":"1.0","dataSet":{"info":{"date":"20230116","occupation":"ICT","channel":"MOCK","place":"ONLINE","gender":"FEMALE","ageRange":"-34","experience":"NEW"},"question":{"raw":{"text":"만약에 일을 하던 중에 본인의 아 직무가 본인의 적성에 맞지 않는다면 어떻게 하실런지요 그 상황을 가정하고 자세히 말씀해 주시겠어요","wordCount":19},"emotion":[],"intent":[]},"answer":{"raw":{"text":"만약에 제가 데이터 분석가 분야를 지원을 했는데 데이터 엔지니어 분야에 된다면 저는 그래도 데이터 사이언스 분야에 데이터 분야에 애정이 있는 사람이니까 노력을 해보려고 할 것 같습니다. 이 직무가 적성에 맞도록 또 제가 숙련이 되도록 음 노력을 많이 해 볼 것 같구요. 주위분들에게 많은 도움을 요청할 것 같습니다. 그러나 이렇게 노력을 해 봤음에도 팀에 민폐를 끼치고 뭐 이 방향이 저와 맞지 않다 라는 판단이 되면은 아마 퇴사 수순을 밟거나 아니면 다른 분야에서 일하고 싶다고 회사 측에 말씀을 드릴 것 같습니다. 아무래도 맞지 않는 옷을 입고 있는 게 회사 측에서도 손해이고 제 입장에서도 커리어에 크게 도움이 되지 않는다고 생각합니다.","wordCount":97},"emotion":[],"intent":[{"text":"","expression":"","category":"attitude"}],"summary":{"text":"데이터 사이언스 분야에 애정이 있는 사람이라 이 직무가 적성에 맞도록 노력을 많이 해 볼 것 같습니다. 하지만 이 방향이 저와 맞지 않는다고 판단되면 회사 측에 퇴사 수순을 밟거나 다른 분야에서 일하고 싶다고 말씀 드려야 합니다.","wordCount":35}}},"rawDataInfo":{"question":{"fileFormat":"wav","fileSize":403278,"duration":12600,"samplingBit":16,"channelCount":1,"samplingRate":"16kHz","audioPath":"/Mock/05.ICT/Female/New/ckmk_q_ict_f_n_178110.wav"},"answer":{"fileFormat":"wav","fileSize":1708238,"duration":53380,"samplingBit":16,"channelCount":1,"samplingRate":"16kHz","audioPath":"/Mock/05.ICT/Female/New/ckmk_a_ict_f_n_178110.wav"}}}