{"version":"1.0","dataSet":{"info":{"date":"20230116","occupation":"ICT","channel":"MOCK","place":"ONLINE","gender":"FEMALE","ageRange":"-34","experience":"NEW"},"question":{"raw":{"text":"지원자님은 꼭 이루고 싶은 인생의 목표가 있으십니까 있다면 왜 그것을 이루고 싶은지도 이유와 함께 말씀해 주세요","wordCount":16},"emotion":[],"intent":[]},"answer":{"raw":{"text":"네 제가 이루고 싶은 인생의 목표는 어 사십 대 전에 서울이 집을 장만하는 것 확실하고 구체적이지만 높은 목표라고 생각을 합니다. 아무래도 저희는 거주성이 굉장히 삶을 결정하는 데 중요한 요소라고 생각해서 뭐 대단히 크고 화려한 집이 아니더라도 작고 소박한 저만의 집을 가지고 싶은 생각이에요. 또 그걸 이루기 위해서 열심히 일을 하려고 생각하고 있습니다.","wordCount":52},"emotion":[],"intent":[{"text":"","expression":"","category":"attitude"}],"summary":{"text":"거주성이 삶을 결정하는 데 중요한 요소라고 생각해서 크고 화려한 집이 아니라 작고 소박한 저만의 집을 가지고 싶은 생각을 하고 있습니다.","wordCount":20}}},"rawDataInfo":{"question":{"fileFormat":"wav","fileSize":352078,"duration":11000,"samplingBit":16,"channelCount":1,"samplingRate":"16kHz","audioPath":"/Mock/05.ICT/Female/New/ckmk_q_ict_f_n_265302.wav"},"answer":{"fileFormat":"wav","fileSize":1257998,"duration":39310,"samplingBit":16,"channelCount":1,"samplingRate":"16kHz","audioPath":"/Mock/05.ICT/Female/New/ckmk_a_ict_f_n_265302.wav"}}}