{"version":"1.0","dataSet":{"info":{"date":"20230116","occupation":"ICT","channel":"MOCK","place":"ONLINE","gender":"FEMALE","ageRange":"-34","experience":"NEW"},"question":{"raw":{"text":"과거에 직면했던 어려운 문제를 해결하기 위해 지원자님이 어떤 아이디어를 제안했었고 또 무엇을 하셨었는지 그 과정에 대해 자세히 말씀해 주세요","wordCount":19},"emotion":[],"intent":[]},"answer":{"raw":{"text":"음 어려운 문제를 해결하기 위해서 제 팀원분들과 이 진행 상황이 어떻게 되어가는지 진행 상황이 굉장히 더딘 상황이었습니다. 그래서 그리고 공유가 잘 안 되는 상황으로 있어서 이제 팀원 분들께 이제 하루에 한 번 혹은 적어도 두 번은 이제 반드시 줌에서 만나서 자기 진행 상황을 이야기하고 또 자기가 생각해서 막힌 부분 있으면은 이야기 하는 타임을 가지자 라고 제안을 해서 이제 그 시간을 가지고 서로 간에 이야기를 상의를 하고 어 프로젝트 진행 상황을 파악을 하고 또 아이디어 이야기를 하면서 많은 도움이 되었습니다.","wordCount":79},"emotion":[],"intent":[{"text":"","expression":"","category":"attitude"}],"summary":{"text":"어려운 문제를 해결하기 위해서 팀원분들과 진행 상황이 굉장히 더디게 진행되어 공유가 잘 안 되는 상황이어서 반드시 줌에서 만나서 프로젝트 진행 상황을 파악을 하고 아이디어 이야기를 하였습니다.","wordCount":26}}},"rawDataInfo":{"question":{"fileFormat":"wav","fileSize":627278,"duration":19600,"samplingBit":16,"channelCount":1,"samplingRate":"16kHz","audioPath":"/Mock/05.ICT/Female/New/ckmk_q_ict_f_n_251841.wav"},"answer":{"fileFormat":"wav","fileSize":1502798,"duration":46960,"samplingBit":16,"channelCount":1,"samplingRate":"16kHz","audioPath":"/Mock/05.ICT/Female/New/ckmk_a_ict_f_n_251841.wav"}}}