{"version":"1.0","dataSet":{"info":{"date":"20230116","occupation":"ICT","channel":"MOCK","place":"ONLINE","gender":"FEMALE","ageRange":"55-","experience":"NEW"},"question":{"raw":{"text":"만약 상사가 회사의 이익에 반하는 행동을 직접 목격하게 되었다면 그때 어떻게 행동하실 건가요","wordCount":13},"emotion":[],"intent":[]},"answer":{"raw":{"text":"회사의 이익이라고 한다면 이제 그 회사가 가지고 있는 가치 그리고 가치를 추구하기 위한 여러 가지 행동들 그거에 따른 이윤추구까지를 말할 텐데요. 그런 것에 이제 반하는 행동을 상사가 하였을 때 어 일단은 그 분과 이제 소통을 먼저 해야 될 것 같습니다. 어 여러 가지 좀 어렵고 말하기 힘든 부분이 있다 할지라도 어 최대한 어 왜 그렇게 하고 하게 됐는지 혹은 어떤 다른 이유가 있는지 그리고 내가 보는 느낌은 어떤지 이런 것들을 이야기를 통해서 이제 소통을 하고 어 해결할 수 있는 방안이 없는지 함께 모색해보는 것 이런 과정이 필요할 것 같습니다. 어 직접 목격하고도 만약에 그대로 어 방치한다 라고 했으면 방치한다고 했을 때 어 그럴 때는 이제 그 이후에 업무 진행이라든지 여러 가지 어려움들이 더 많을 것 같습니다.","wordCount":116},"emotion":[],"intent":[{"text":"","expression":"","category":"attitude"}],"summary":{"text":"회사의 이익에 반하는 행동을 상사가 했을 때 우선 그 분과 소통을 해야 될 것 같습니다. 소통을 하고 해결 방안을 함께 모색해보는 과정이 필요합니다. 그대로 방치한다 라고 했을 때 그럴 때는 업무 진행, 여러 가지 어려움들이 더 많습니다.","wordCount":37}}},"rawDataInfo":{"question":{"fileFormat":"wav","fileSize":263438,"duration":8230,"samplingBit":16,"channelCount":1,"samplingRate":"16kHz","audioPath":"/Mock/05.ICT/Female/New/ckmk_q_ict_f_n_229156.wav"},"answer":{"fileFormat":"wav","fileSize":1771918,"duration":55370,"samplingBit":16,"channelCount":1,"samplingRate":"16kHz","audioPath":"/Mock/05.ICT/Female/New/ckmk_a_ict_f_n_229156.wav"}}}