{"version":"1.0","dataSet":{"info":{"date":"20230116","occupation":"ICT","channel":"MOCK","place":"ONLINE","gender":"FEMALE","ageRange":"-34","experience":"NEW"},"question":{"raw":{"text":"면접자님께서는 시간이 남을 때 어떠한 일을 하시는지 그리고 그 일을 하시는 이유에 대해서도 함께 설명을 부탁드립니다","wordCount":16},"emotion":[],"intent":[]},"answer":{"raw":{"text":"어 저는 시간이 남을 때 제 휴식을 위해 쓰는 편인 것 같습니다. 보통은 제 고양이와 침대에 누워 있는 걸 가장 좋아하고요. 아니면 만화나 책을 보면서 좀 현실에 가지고 있던 스트레스를 잊으려고 노력하는 편인 것 같습니다. 또 고양이와 누워 있으면은 마음의 위로가 많이 되는 편인데요. 저희 집 고양이가 워낙 털이 복슬 복슬하고 또 물컹 물컹한 편이라 또 따뜬한 따뜻한 물컹한 핫팩 옆에 붙어있는 기분이라 함께 누워 있으면 기분이 좋아지기 때문에 전 시간이 남을 때 주로 제 스트레스를 풀기 위해 휴식을 취하는 것 같습니다.","wordCount":82},"emotion":[{"text":"저희 집 고양이가 워낙 털이    복슬 복슬하고 또 물컹 물컹한 편이라 또 따뜬한 따뜻한 물컹한 핫팩 옆에   붙어있는 기분이라 함께 누워 있으면 기분이 좋아지기 때문에 전 시간이 남을 때   주로 제 스트레스를 풀기 위해 휴식을 취하는 것 같습니다.","expression":"p-happiness","category":"positive"}],"intent":[{"text":"","expression":"","category":"attitude"}],"summary":{"text":"저는 시간이 남을 때 제 스트레스를 풀기 위해 고양이와 침대에 누워 있는 걸 가장 좋아합니다. 또는 만화나 책을 보면서 현실에 가지고 있던 스트레스를 잊으려고 노력하는 편인 것 같습니다.","wordCount":28}}},"rawDataInfo":{"question":{"fileFormat":"wav","fileSize":474638,"duration":14830,"samplingBit":16,"channelCount":1,"samplingRate":"16kHz","audioPath":"/Mock/05.ICT/Female/New/ckmk_q_ict_f_n_185039.wav"},"answer":{"fileFormat":"wav","fileSize":1594958,"duration":49840,"samplingBit":16,"channelCount":1,"samplingRate":"16kHz","audioPath":"/Mock/05.ICT/Female/New/ckmk_a_ict_f_n_185039.wav"}}}