{"version":"1.0","dataSet":{"info":{"date":"20230116","occupation":"ICT","channel":"MOCK","place":"ONLINE","gender":"FEMALE","ageRange":"-34","experience":"NEW"},"question":{"raw":{"text":"만일 우리 회사에 입사하신다면 지원자님께서 하고 싶은 업무가 있으십니까 있으시다면 이유와 함께 말씀해 주시기 바랍니다","wordCount":15},"emotion":[],"intent":[]},"answer":{"raw":{"text":"프로그램 기획을 하고 싶습니다. 어 먼저 프로젝트를 진행하면서 처음으로 이 데이터 분석을 통해 서비스 기획까지 해 보았는데요. 그 아이디어를 도출하는 과정에서 큰 즐거움이 있었고 보람을 많이 느꼈기 때문에 저는 프로그램 기획을 하고 싶습니다. 어 코딩 뿐만이 아니라 이 프로그래밍은 왜 이 프로그램을 왜 만드는지 또 목적이 무엇인지 스스로 점검하고 팀원들과 의견 교 의견을 공유하면서 이 프로그램에 가치를 높이는 기획을 해보고 싶습니다.","wordCount":61},"emotion":[],"intent":[{"text":"","expression":"","category":"attitude"}],"summary":{"text":"프로젝트 진행 과정에서 데이터 분석을 통한 서비스 기획까지 해 보았는데, 그 과정에서 즐거움과 보람을 많이 느꼈기 때문에 프로그램 기획을 하고 싶습니다.","wordCount":21}}},"rawDataInfo":{"question":{"fileFormat":"wav","fileSize":410318,"duration":12820,"samplingBit":16,"channelCount":1,"samplingRate":"16kHz","audioPath":"/Mock/05.ICT/Female/New/ckmk_q_ict_f_n_177579.wav"},"answer":{"fileFormat":"wav","fileSize":1326798,"duration":41460,"samplingBit":16,"channelCount":1,"samplingRate":"16kHz","audioPath":"/Mock/05.ICT/Female/New/ckmk_a_ict_f_n_177579.wav"}}}