{"version":"1.0","dataSet":{"info":{"date":"20230116","occupation":"ICT","channel":"MOCK","place":"ONLINE","gender":"FEMALE","ageRange":"35-44","experience":"NEW"},"question":{"raw":{"text":"어 우리가 소통 능력을 키우는 것은 굉장히 중요한데요 소통 능력을 키우기 위해서 어떤 일을 할 수 있을까요 생각나는 방법들을 어 자세하게 제시해 주시길 바랍니다","wordCount":24},"emotion":[],"intent":[]},"answer":{"raw":{"text":"저는 소통 능력을 키우기 위해서 눈을 맞추고 먼저 인사하기 입니다. 하루에 몇 번을 만나더라도 웃는 얼굴로 먼저 인사를 건넵니다. 혹시 모르는 사람이더라도 눈이 마주치면 상냥하게 웃으면 간단히 묵례하는 것이 습관이 되어 있습니다. 어린 시절 아버지의 근무지 변경으로 이사가 잦아 전약을 다니면서 새로운 친구를 사귀기 위해 늘 먼저 다가갔습니다. 그러면서 상대방이 부담스럽지 않게 저에게 대해 좋은 인상을 가질 수 있도록 하는 첫인상이 인사에서 나온다는 것을 자연스럽게 깨달았습니다. 덕분에 여러 좋은 친구들과 어울리면서 원만한 학창 시절을 보낼 수 있었고 지금은 그때 사귀었던 각 지방에 있는 친구들이 저에 가장 큰 자산이 되었습니다.","wordCount":89},"emotion":[],"intent":[{"text":"","expression":"","category":"attitude"}],"summary":{"text":"소통 능력 향상을 위해 눈을 맞추고 먼저 인사하고 상냥하게 웃으면 간단하게 묵례하는 것이 습관이 되었습니다. 덕분에 좋은 친구들과 어울리면서 원만한 학창 시절을 보냈고 지금은 그때 사귀었던 각 지방에 있는 친구들이 저에 큰 자산이 됐습니다.","wordCount":34}}},"rawDataInfo":{"question":{"fileFormat":"wav","fileSize":494798,"duration":15460,"samplingBit":16,"channelCount":1,"samplingRate":"16kHz","audioPath":"/Mock/05.ICT/Female/New/ckmk_q_ict_f_n_236640.wav"},"answer":{"fileFormat":"wav","fileSize":1687118,"duration":52720,"samplingBit":16,"channelCount":1,"samplingRate":"16kHz","audioPath":"/Mock/05.ICT/Female/New/ckmk_a_ict_f_n_236640.wav"}}}