{"version":"1.0","dataSet":{"info":{"date":"20230116","occupation":"ICT","channel":"MOCK","place":"ONLINE","gender":"FEMALE","ageRange":"-34","experience":"NEW"},"question":{"raw":{"text":"혼자 일하는 것과 팀으로 일하는 것이 있습니다 이 둘 중에서 어떤 것을 더 선호하시나요 이유와 함께 설명해 주세요","wordCount":18},"emotion":[],"intent":[]},"answer":{"raw":{"text":"어 저는 팀으로 일하는 것을 너무 좋아합니다. 그 이유는 어 일단 저는 혼자 일하는 것도 굉장히 좋아하고 혼자 일할 때 오히려 성취감을 느끼는 것도 있지만 어 팀으로 일했을 때 각자 맡은 업무를 또 다 하고 그것을 같이 수행해 내고 함께 하는 것이 저는 쫌 더 어 협업을 할 때의 그 성취감도 있다고 생각을 합니다. 어 그래서 팀으로 일할 때 각자 다른 분야의 각자 장점들이 또 모여서 시너지 효과를 낼 수 있기 때문에 저는 팀으로 일하면서 어 다양한 결과물을 또 만들어 내고 싶고 다양한 사람들을 또 만나면서 그들의 장점을 또 흡수하면서 많이 배우고 싶습니다.","wordCount":93},"emotion":[{"text":"그 이유는 어 일단 저는 혼자 일하는 것도 굉장히 좋아하고 혼자 일할 때 오히려 성취감을 느끼는 것도 있지만 어 팀으로 일했을 때 각자 맡은 업무를 또 다 하고 그것을 같이 수행해 내고 함께 하는 것이 저는 쫌 더 어 협업을 할 때의 그 성취감도 있다고 생각을 합니다.","expression":"p-achievement","category":"positive"},{"text":"어 그래서 팀으로 일할 때 각자 다른 분야의 각자 장점들이 또 모여서 시너지 효과를 낼 수 있기 때문에 저는 팀으로 일하면서 어 다양한 결과물을 또 만들어 내고 싶고 다양한 사람들을 또 만나면서 그들의 장점을 또 흡수하면서 많이 배우고 싶습니다.","expression":"p-interest","category":"positive"}],"intent":[{"text":"어 저는 팀으로 일하는 것을 너무 좋아합니다.","expression":"c_person","category":"background"},{"text":"그 이유는 어 일단 저는 혼자 일하는 것도 굉장히 좋아하고 혼자 일할 때 오히려 성취감을 느끼는 것도 있지만 어 팀으로 일했을 때 각자 맡은 업무를 또 다 하고 그것을 같이 수행해 내고 함께 하는 것이 저는 쫌 더 어 협업을 할 때의 그 성취감도 있다고 생각을 합니다.","expression":"c_cop","category":"personality"},{"text":"어 그래서 팀으로 일할 때 각자 다른 분야의 각자 장점들이 또 모여서 시너지 효과를 낼 수 있기 때문에 저는 팀으로 일하면서 어 다양한 결과물을 또 만들어 내고 싶고 다양한 사람들을 또 만나면서 그들의 장점을 또 흡수하면서 많이 배우고 싶습니다.","expression":"c_cop","category":"personality"}],"summary":{"text":"저는 개인적으로 혼자 일하는 것을 굉장히 좋아하는데, 팀으로 일했을 때 협업할 때의 성취감이 좋기 때문에 다양한 결과물을 만들어 내고, 다양한 사람들의 장점을 흡수하면서 많이 배우고 싶습니다.","wordCount":26}}},"rawDataInfo":{"question":{"fileFormat":"wav","fileSize":360398,"duration":11260,"samplingBit":16,"channelCount":1,"samplingRate":"16kHz","audioPath":"/Mock/05.ICT/Female/New/ckmk_q_ict_f_n_257532.wav"},"answer":{"fileFormat":"wav","fileSize":1485198,"duration":46410,"samplingBit":16,"channelCount":1,"samplingRate":"16kHz","audioPath":"/Mock/05.ICT/Female/New/ckmk_a_ict_f_n_257532.wav"}}}