{"version":"1.0","dataSet":{"info":{"date":"20230116","occupation":"ICT","channel":"MOCK","place":"ONLINE","gender":"FEMALE","ageRange":"-34","experience":"NEW"},"question":{"raw":{"text":"우리 회사가 해외 무대로 진출한다면 어디로 진출하는 것이 좋겠습니까 이유도 함께 말씀 부탁드리겠습니다","wordCount":13},"emotion":[],"intent":[]},"answer":{"raw":{"text":"해외 무대로 진출을 하게 된다면 저는 중국이 좋다고 생각합니다. 중국은 워낙 인구수도 많고 또 중국의 문화 특성상 다른 사람이 하면 본인들도 따라하는 그런 경향이 있다고 있다고 하더라구요. 그래서 그러한 것을 보면은 중국에 가서 저희 회사가 진출을 했을 때 입소문이라던가 혹은 광고를 통해서 어느 정도의 지지 기반을 얻게 되면은 중국인들의 특성상 너도 쓰니 나도 쓸래 하는 식으로 점점점 수요를 넓혀갈 수 있을 것 같고요. 그리고 워낙 인구수가 많은 나라이다 보니까 투자 대비 또 효율이 많이 날 것 같다는 예상이 들고 있습니다. 중국 분들의 그 냄 근성을 활용하여서 어 계속 계속 지속적으로 이 시장에서 점유율을 높여갈 수 있는 방법을 찾아가는 것 또한 좋은 방법 중의 하나일 것 같습니다.","wordCount":106},"emotion":[],"intent":[{"text":"","expression":"","category":"attitude"}],"summary":{"text":"중국 진출 시, 입소문과 광고로 지지 기반을 얻고 점점점 수요를 넓혀갈 수 있을 것 같습니다. 중국 분의 냄 근성을 활용하여 계속 점유율을 높여갈 수 있는 방법을 찾아가는 것도 좋은 방법 중 하나입니다.","wordCount":32}}},"rawDataInfo":{"question":{"fileFormat":"wav","fileSize":318798,"duration":9960,"samplingBit":16,"channelCount":1,"samplingRate":"16kHz","audioPath":"/Mock/05.ICT/Female/New/ckmk_q_ict_f_n_160849.wav"},"answer":{"fileFormat":"wav","fileSize":2053838,"duration":64180,"samplingBit":16,"channelCount":1,"samplingRate":"16kHz","audioPath":"/Mock/05.ICT/Female/New/ckmk_a_ict_f_n_160849.wav"}}}