{"version":"1.0","dataSet":{"info":{"date":"20230116","occupation":"ICT","channel":"MOCK","place":"ONLINE","gender":"FEMALE","ageRange":"-34","experience":"NEW"},"question":{"raw":{"text":"몇 년 전에 우버 택시와 관련해서 논란이 있었던 걸 알고 계실 겁니다 지원자님께서는 이 찬반 양론에 대해서 각각 어떻게 생각하시나요","wordCount":20},"emotion":[],"intent":[]},"answer":{"raw":{"text":"저는 우보 택시에 관해서 찬성인 입장입니다. 왜냐하면 우보 택시라는 그 택시 산업 자체가 사용자들과 또 회사 둘 다의 입장에서 굉장한 이 점이 되는 서비스라고 생각을 했고요. 특히 택시의 경우에는 그 사용료 면에서 비용 면에서 사용자들에게 굉장히 부담이 되는 교통이기 한데 우버 택시를 사용하면서 사용자는 이 비용에 관한 부담을 줄이는 장점 분명히 있고 또 우버택씨 회사 측도 사업적인 면에서 한국과 같이 택시 문화가 발달되어 발달되어 있는 나라에서 분명히 큰 이점을 가져갈 수 있을 거라는 생각이 들어서 저는 찬성이었습니다.","wordCount":77},"emotion":[],"intent":[{"text":"","expression":"","category":"attitude"}],"summary":{"text":"우버 택시를 사용하면서 사용자는 비용에 관한 부담을 줄이는 장점 분명히 있고 회사도 사업적인 면에서 한국과 같이 택시 문화가 발달되어 발달되어 있는 나라에서 분명히 큰 이점을 가져갈 수 있을 거라는 생각이 들어서 찬성이었습니다.","wordCount":32}}},"rawDataInfo":{"question":{"fileFormat":"wav","fileSize":414158,"duration":12940,"samplingBit":16,"channelCount":1,"samplingRate":"16kHz","audioPath":"/Mock/05.ICT/Female/New/ckmk_q_ict_f_n_177780.wav"},"answer":{"fileFormat":"wav","fileSize":1630158,"duration":50940,"samplingBit":16,"channelCount":1,"samplingRate":"16kHz","audioPath":"/Mock/05.ICT/Female/New/ckmk_a_ict_f_n_177780.wav"}}}