{"version":"1.0","dataSet":{"info":{"date":"20230116","occupation":"ICT","channel":"MOCK","place":"ONLINE","gender":"FEMALE","ageRange":"-34","experience":"NEW"},"question":{"raw":{"text":"팀으로 일하는 것과 혼자 일하는 것 중에 무엇을 더 선호하시나요 그 이유와 함께 구체적으로 말씀해 주실 수 있을까요","wordCount":18},"emotion":[],"intent":[]},"answer":{"raw":{"text":"근데 저는 팀으로 일하는 걸 훨씬 선호하는 편입니다. 이제 프로젝트를 하면서 많이 알게 되었는데요. 아무래도 혼자 일을 진행하는 것보다 팀으로 진행할 때 이제 제가 놓치거나 또 미숙한 부분을 많이 배울 수 있고 또 어려운 부분을 서로 상의할 수 있기 때문에 네 저는 팀으로 일하는 것을 훨씬 선호하는 편이고 또 혼자 일할 때 제가 미스 하는 포인트가 많고 생각이 막혔을 때 좀 시간이 많이 걸리는 편이라 함께 하는 팀원과 상의를 하고 또 조언을 듣는 게 이제 일에 진행에 있어서 저는 훨씬 도움이 많이 된다고 생각해서 저는 팀으로 일하는 걸 더 선호합니다.","wordCount":90},"emotion":[],"intent":[{"text":"","expression":"","category":"attitude"}],"summary":{"text":"프로젝트 진행에 있어 미숙한 부분을 많이 배울 수 있고 어려운 부분을 서로 상의할 수 있기 때문에 일의 진행에 있어서 도움이 많이 되기 때문에 저는 팀으로 일하는 걸 더 선호합니다.","wordCount":29}}},"rawDataInfo":{"question":{"fileFormat":"wav","fileSize":568718,"duration":17770,"samplingBit":16,"channelCount":1,"samplingRate":"16kHz","audioPath":"/Mock/05.ICT/Female/New/ckmk_q_ict_f_n_244320.wav"},"answer":{"fileFormat":"wav","fileSize":1491278,"duration":46600,"samplingBit":16,"channelCount":1,"samplingRate":"16kHz","audioPath":"/Mock/05.ICT/Female/New/ckmk_a_ict_f_n_244320.wav"}}}