{"version":"1.0","dataSet":{"info":{"date":"20230116","occupation":"ICT","channel":"MOCK","place":"ONLINE","gender":"FEMALE","ageRange":"35-44","experience":"NEW"},"question":{"raw":{"text":"만약 업무 중 팀원과 불화가 발생한다면 어떻게 해결하시겠습니까 해결법과 그 이유를 함께 말씀해 주세요","wordCount":14},"emotion":[],"intent":[]},"answer":{"raw":{"text":"어 만약에 팀원과 불화가 생긴다면 어떻게 하고 싶은지 해결 방법에 대해서 얘기를 하자면 저는 외국인 선생님과 일을 할 때 어 어려움이 많이 있었는데 그 선생님들은 어 생각하는 자체가 다르고 또 다른 환경에서 자랐기 때문에 음 다를 것이라고 생각을 하고 또 기대를 했었는데 결과적으로는 어 그 선생님들과 대화를 해보고 그 업무에 대해서 어려운 점이 없는지 업무에 대해서 무엇을 중요하게 생각하는지 또 혹은 어 수업 준비를 할 때 그 선생님과 어떻게 해야 어떻게 해야 그것들을 어 학습 목표를 정확하게 전달할 수 있는지에 대해서 뭐 이야기를 하면서 이야기를 하게 되면서 어 그 선생님과 많은 대화를 통해서 업무의 긍정적인 효과를 가져오게 되었습니다. 그리고 제가 또 어 따로 시간을 내어서 그 선생님과 개인적으로 어떤 문제가 있어서 또 업무에 영향을 미친 것은 아닌지 또 선생님과 개인적인 어 시간을 가지면 평소에 관계를 돈독하게 일지를 했습니다.","wordCount":128},"emotion":[],"intent":[{"text":"어 만약에 팀원과 불화가 생긴다면 어떻게 하고 싶은지 해결 방법에 대해서 얘기를 하자면 저는 외국인 선생님과 일을 할 때 어 어려움이 많이 있었는데 그 선생님들은 어 생각하는 자체가 다르고 또 다른 환경에서 자랐기 때문에 음 다를 것이라고 생각을 하고 또 기대를 했었는데 결과적으로는 어 그 선생님들과 대화를 해보고 그 업무에 대해서 어려운 점이 없는지 업무에 대해서 무엇을 중요하게 생각하는지 또 혹은 어 수업 준비를 할 때 그 선생님과 어떻게 해야 어떻게 해야 그것들을 어 학습 목표를 정확하게 전달할 수 있는지에 대해서 뭐 이야기를 하면서 이야기를 하게 되면서 어 그 선생님과 많은 대화를 통해서 업무의 긍정적인 효과를 가져오게 되었습니다.","expression":"c_confl_mg","category":"personality"}],"summary":{"text":"팀원과 불화가 생긴다면 해결방법을 얘기하자면, 저는 외국인 선생님과 일을 할 때 어려움이 많았는데 선생님들은 생각이 다르고 환경이 다르므로 다를 것이라고 생각을 했습니다. 그 선생님과 많은 대화를 하면서 긍정적인 효과를 가져오게 되었고, 따로 시간을 가지면 평소 관계가 돈독하게 되었습니다.","wordCount":38}}},"rawDataInfo":{"question":{"fileFormat":"wav","fileSize":353998,"duration":11060,"samplingBit":16,"channelCount":1,"samplingRate":"16kHz","audioPath":"/Mock/05.ICT/Female/New/ckmk_q_ict_f_n_223447.wav"},"answer":{"fileFormat":"wav","fileSize":2838478,"duration":88700,"samplingBit":16,"channelCount":1,"samplingRate":"16kHz","audioPath":"/Mock/05.ICT/Female/New/ckmk_a_ict_f_n_223447.wav"}}}