{"version":"1.0","dataSet":{"info":{"date":"20230116","occupation":"ICT","channel":"MOCK","place":"ONLINE","gender":"FEMALE","ageRange":"-34","experience":"NEW"},"question":{"raw":{"text":"일을 하게 되면 자료를 문서화 할 일이 굉장히 많습니다 지원자님은 문서화 작업이 왜 필요하다고 생각하셨나요","wordCount":15},"emotion":[],"intent":[]},"answer":{"raw":{"text":"저는 어떤 작업을 하든지 사실 문서화 작업이 굉장히 중요하다고 생각을 하는데요. 일단 사람 뇌가 기억을 하는데 한계가 당연히 있고 또 저도 굉장히 회의를 하면서 집중을 한다고 하더라도 놓치는 부분이 굉장히 많습니다. 그래서 메모를 한다던가 그 메모를 한 거를 반드시 저장을 하고 기억이 안 날 때마다 다시 들여다보는 편인데요. 그래서 이 계획 이 프로젝트를 수행하는데 있어서 차질이 생기지 않고 또 빠지는 게 없기 위해서는 전 문서화 작업이 필수적이라고 생각이 됩니다.","wordCount":69},"emotion":[],"intent":[{"text":"","expression":"","category":"attitude"}],"summary":{"text":"프로젝트 수행에 차질이 없고 빠지는 게 없기 위해서는 어떤 작업을 하든지 문서화 작업이 굉장히 중요하다고 생각되는데, 특히 메모를 할 때는 반드시 저장을 하고 다시 들여다보는 편이 좋습니다.","wordCount":27}}},"rawDataInfo":{"question":{"fileFormat":"wav","fileSize":544078,"duration":17000,"samplingBit":16,"channelCount":1,"samplingRate":"16kHz","audioPath":"/Mock/05.ICT/Female/New/ckmk_q_ict_f_n_272107.wav"},"answer":{"fileFormat":"wav","fileSize":1319758,"duration":41240,"samplingBit":16,"channelCount":1,"samplingRate":"16kHz","audioPath":"/Mock/05.ICT/Female/New/ckmk_a_ict_f_n_272107.wav"}}}