{"version":"1.0","dataSet":{"info":{"date":"20230116","occupation":"ICT","channel":"MOCK","place":"ONLINE","gender":"FEMALE","ageRange":"35-44","experience":"NEW"},"question":{"raw":{"text":"만약 본인이 지금 지원한 직무 외에 다른 부서에 배치되게 되면 그때 어떻게 하시겠습니까 그래도 일을 계속 하실 건가요","wordCount":18},"emotion":[],"intent":[]},"answer":{"raw":{"text":"네 저는 아이씨티 분야에 지원을 하였습니다. 하지만 이 직무가 아닌 다른 부서에 배치되어서 다른 업무를 하게 된다고 하더라도 저는 괜찮습니다. 아이씨티 분야도 저의 전공은 아니지만 관심 분이라이기 때문에 이 분야에 대해서 공부를 해 왔고 한번 활용해 보고 싶은 마음에 지원을 하게 되었지만 다른 분야도 새로운 도전으로 생각하고 한번 경험해보도록 하겠습니다. 저는 스페셜리스트라기보다는 제너리스트에 가까운 성향을 가지고 있습니다. 한 가지 분야에 집중해서 전문가가 되는 것보다는 다양한 분야를 두루두루두루 경험하고 다양한 업무를 해보는 것이 저의 적성이나 업무 스타일에 더 맞다고 생각하기 때문에 당장은 지원한 아이씨티 분야가 아니라도 다른 부사에 배치되어도 그 배치된 업무에 맞게 노력하고 열심히 학습하여서 잘 할 수 있도록 하겠습니다. 설사 그때 해보고 안 되더라면 그때는 다른 차선책을 차다 방법을 바꿀 수도 있지만 현재는 다른 부서에 배치되어두 열심히 하도록 하겠습니다.","wordCount":120},"emotion":[],"intent":[{"text":"아이씨티 분야도 저의 전공은 아니지만 관심 분이라이기 때문에 이 분야에 대해서 공부를 해 왔고 한번 활용해 보고 싶은 마음에 지원을 하게 되었지만 다른 분야도 새로운 도전으로 생각하고 한번 경험해보도록 하겠습니다.","expression":"c_sincere_job","category":"etc"}],"summary":{"text":"저는 아이씨티 분야에 지원을 하였습니다. 아이씨티 분야도 전공은 아니지만 공부해왔고 활용해보고 싶은 마음에 지원하게 되었지만 다른 분야도 한번 경험해 보도록 하겠습니다. 저는 제너리스트에 가까운 성향이 있어서 당장은 지원한 아이씨티 분야가 아니라도 다른 부사에 배치되어도 그 업무에 맞게 열심히 학습하여서 잘 할 수 있도록 노력하겠습니다.","wordCount":44}}},"rawDataInfo":{"question":{"fileFormat":"wav","fileSize":362958,"duration":11340,"samplingBit":16,"channelCount":1,"samplingRate":"16kHz","audioPath":"/Mock/05.ICT/Female/New/ckmk_q_ict_f_n_175212.wav"},"answer":{"fileFormat":"wav","fileSize":2660558,"duration":83140,"samplingBit":16,"channelCount":1,"samplingRate":"16kHz","audioPath":"/Mock/05.ICT/Female/New/ckmk_a_ict_f_n_175212.wav"}}}