{"version":"1.0","dataSet":{"info":{"date":"20230116","occupation":"ICT","channel":"MOCK","place":"ONLINE","gender":"FEMALE","ageRange":"-34","experience":"NEW"},"question":{"raw":{"text":"지금까지 인생을 살면서 가장 후회되는 일이 있다면 어떤 일이었나요 딱 한 가지만 골라서 구체적으로 그 일에 대해 말씀해 주세요","wordCount":19},"emotion":[],"intent":[]},"answer":{"raw":{"text":"지금까지 살면서 가장 후회되는 일이 있다면 어 저는 대학 입시 때에 수시 논술을 보러 가지 않은 것이 가장 후회가 됩니다. 어 전체 논술에서 보러 간 것은 안 보러 간 것은 아니고 가장 어 낮게 지원한 대학교 논술을 보러 가지 않았는데요. 제가 정시로 그 대학 정도는 당연히 성적이 나올 거라고 생각을 했었습니다. 근데 저희 수능 때 그 포항 지진으로 인해서 한 번 크게 혼란이 왔었고 또 수능도 굉장히 불 수능이었어서 음 수능 성적이 원래 봤던 모의고사 성적보다 많이 떨어지게 나와서 그 대학보다도 낮은 성적을 바지 가지게 되어서 그 점이 가장 후회가 되었었습니다.","wordCount":91},"emotion":[],"intent":[{"text":"","expression":"","category":"attitude"}],"summary":{"text":"저는 대학 입시 때 수시 논술을 보러 가지 않은 것이 가장 후회됩니다. 정시로 대학 정도는 성적이 나올 거라 생각했지만 포항 지진으로 인해 수능 성적이 원래 했던 모의 성적보다 많이 떨어져 후회되었습니다.","wordCount":31}}},"rawDataInfo":{"question":{"fileFormat":"wav","fileSize":616398,"duration":19260,"samplingBit":16,"channelCount":1,"samplingRate":"16kHz","audioPath":"/Mock/05.ICT/Female/New/ckmk_q_ict_f_n_194559.wav"},"answer":{"fileFormat":"wav","fileSize":1686158,"duration":52690,"samplingBit":16,"channelCount":1,"samplingRate":"16kHz","audioPath":"/Mock/05.ICT/Female/New/ckmk_a_ict_f_n_194559.wav"}}}