{"version":"1.0","dataSet":{"info":{"date":"20230116","occupation":"ICT","channel":"MOCK","place":"ONLINE","gender":"FEMALE","ageRange":"35-44","experience":"NEW"},"question":{"raw":{"text":"자신만의 스트레스 해소법이 있는지 있다면 왜 그런 방법으로 스트레스를 해소하는지 말씀해 주실 수 있으시겠습니까","wordCount":14},"emotion":[],"intent":[]},"answer":{"raw":{"text":"네 저만의 스트레스 해소법이 있습니다. 그것은 바로 대화입니다. 스트레스가 생겼을 때 저는 대부분 제 친한 친구나 가까운 지인을 통해서 이야기를 합니다. 이야기를 하면서 그 스트레스를 한 번 더 상기하면서 해소를 하고 이야기를 해줬을 때 상대방으로서의 공감을 전달받아서 한 번 더 스트레스를 해소가 되고 그리고 피드백을 받아서 인제 저의 해결점을 찾기도 합니다. 이러한 방법들을 통해서 말하면서 한 단계 스트레스를 해소하고 공감하는 과정을 통해서 스트레스를 해소하고 피드백을 통해서 스트레스를 해소합니다. 그리고 이 단계를 끝으로 더 이상 관련된 일은 머릿속에서 맴돌거나 떠돌리지 않게 완전히 풀어버림으로써 더 이상 기억하지 않고 오 해소할 수 있습니다. 이러한 방법이 저에게는 조금 더 효과적이었던 것 같습니다. 혼자서 집에서 계속 생각을 하는 것보다는 말하고 공감받고 피드백을 통해서 해소하는 방법이 효과적이었습니다.","wordCount":111},"emotion":[],"intent":[{"text":"","expression":"","category":"attitude"}],"summary":{"text":"스트레스 해소법으로는 대화를 통한 공감과 피드백이 있습니다. 대화를 통해 스트레스를 해소하고 공감을 통해 공감하는 과정을 거치면 더 이상 기억이 남지않을 정도로 해소가 됩니다. 이런 방법이 저에게는 더 효과적이었던 것 같습니다.","wordCount":30}}},"rawDataInfo":{"question":{"fileFormat":"wav","fileSize":404558,"duration":12640,"samplingBit":16,"channelCount":1,"samplingRate":"16kHz","audioPath":"/Mock/05.ICT/Female/New/ckmk_q_ict_f_n_175210.wav"},"answer":{"fileFormat":"wav","fileSize":2642638,"duration":82580,"samplingBit":16,"channelCount":1,"samplingRate":"16kHz","audioPath":"/Mock/05.ICT/Female/New/ckmk_a_ict_f_n_175210.wav"}}}