{"version":"1.0","dataSet":{"info":{"date":"20230116","occupation":"ICT","channel":"MOCK","place":"ONLINE","gender":"FEMALE","ageRange":"-34","experience":"NEW"},"question":{"raw":{"text":"개인적으로 공부를 어떤 방법으로 하시는지 말씀해 주세요 강의나 책을 활용한 공부를 말씀해 주셔도 무방합니다","wordCount":14},"emotion":[],"intent":[]},"answer":{"raw":{"text":"어 예를 들어서 시험을 공부할 때에는 어 학생의 입장이 아니라 수험생의 입장이 아니라 출제자의 입장으로 개념을 바라보고 문제를 바라봅니다. 어 이 문제를 왜 냈는지 어떠한 정보를 알아야 하는지 그 핵심을 파악하다 보면은 어 그 주제에 있어서 가장 외워야 할 것 꼭 알아야 할 것이 판단되는 편이라서 어 문제를 바라볼 때 균형을 바라볼 때 최대한 출제자의 입장에서 그것을 바라보는 편입니다. 어 그리고 문제를 풀 때 제가 틀린 부분이 있으면은 그 틀린 부분이 어떠한 부분에서 내가 몰랐었는지를 파악하는 것이 굉장히 중요하다고 생각을 합니다. 그래서 오답 노트가 중요하다고 생각을 하는데요. 오답 노트를 한 번 정리함으로써 내가 몰랐던 부분을 한 번 더 짚고 넘어갈 수 있는 그런 시간이 꼭 중요하다고 생각을 합니다. 어 그래서 이러한 방법으로 저는 공부를 해 왔고요. 또 공부를 하면서 또 다양한 방법으로 강의나 책을 또 활용할 수 있는지를 고민하고 있습니다.","wordCount":130},"emotion":[],"intent":[{"text":"","expression":"","category":"attitude"}],"summary":{"text":"시험 때에는 출제자의 입장으로 개념을 바라보고 문제를 바라보는데 문제를 풀 때에는 오답 노트를 한 번 정리함으로써 제가 몰랐던 부분을 한번 더 짚고 넘어갈 수 있는 시간이 중요하다고 생각하여 다양한 방법으로 강의나 책을 또 활용할 수 있는지 고민하고 있습니다.","wordCount":38}}},"rawDataInfo":{"question":{"fileFormat":"wav","fileSize":360398,"duration":11260,"samplingBit":16,"channelCount":1,"samplingRate":"16kHz","audioPath":"/Mock/05.ICT/Female/New/ckmk_q_ict_f_n_257528.wav"},"answer":{"fileFormat":"wav","fileSize":2346958,"duration":73340,"samplingBit":16,"channelCount":1,"samplingRate":"16kHz","audioPath":"/Mock/05.ICT/Female/New/ckmk_a_ict_f_n_257528.wav"}}}