{"version":"1.0","dataSet":{"info":{"date":"20230116","occupation":"ICT","channel":"MOCK","place":"ONLINE","gender":"FEMALE","ageRange":"55-","experience":"NEW"},"question":{"raw":{"text":"일을 하다 보면 다른 지역에서 업무를 수행하게 될 수도 있습니다 지원자님은 이러한 타 지역 근무도 문제없이 수행하실 수 있는지 답변해 주세요","wordCount":21},"emotion":[],"intent":[]},"answer":{"raw":{"text":"네 타 지역에서 근무하는 것이 어려운 경우라면 이제 가족들과 떨어져 있는 것 때문일 텐데요. 지금 현재 독립 생활을 하고 있기 때문에 어 타 지역에서 근무하는 것도 가능합니다. 어 사실 몇 년 전에 어 다른 지역에서 짧게 근무를 해 본 적이 있었는데요. 어 나름대로 굉장히 장점도 있었던 걸로 기억합니다. 어 그 주변에 지역에 있는 사람들과 또 새로운 분들을 만날 수도 있었구요. 그렇다고 해서 이제 업무라든지 이런 부분에 있어서 네트워크로 이루어지고 온라인 상에서 또 협업을 하고 어 온라인 회의도 진행하고 하기 때문에 어 이 관련 일들은 업무 수행이 가능할 거라고 생각이 됩니다. 어 하지만 본사에서 먼저 시작을 해서 어 일 년 정도 혹은 경험을 한 뒤에 움직이면 좋겠다 하는 바램도 가지고 있습니다.","wordCount":110},"emotion":[{"text":"어 사실 몇 년 전에 어 다른 지역에서 짧게 근무를 해 본 적이 있었는데요.","expression":"u-fact","category":"neutral"}],"intent":[{"text":"","expression":"","category":"attitude"}],"summary":{"text":"현재 독립 생활을 하고 있기 때문에 타 지역에서 근무하는 것도 가능합니다. 업무가 네트워크로 이루어지고 온라인 상에서 또 협업을 하고 온라인 회의도 진행하고 있기 때문에 관련 일들은 업무 수행이 가능할 것입니다.","wordCount":30}}},"rawDataInfo":{"question":{"fileFormat":"wav","fileSize":577998,"duration":18060,"samplingBit":16,"channelCount":1,"samplingRate":"16kHz","audioPath":"/Mock/05.ICT/Female/New/ckmk_q_ict_f_n_229159.wav"},"answer":{"fileFormat":"wav","fileSize":1712398,"duration":53510,"samplingBit":16,"channelCount":1,"samplingRate":"16kHz","audioPath":"/Mock/05.ICT/Female/New/ckmk_a_ict_f_n_229159.wav"}}}