{"version":"1.0","dataSet":{"info":{"date":"20230116","occupation":"ICT","channel":"MOCK","place":"ONLINE","gender":"FEMALE","ageRange":"-34","experience":"NEW"},"question":{"raw":{"text":"아 본인이 씨 언어 전공이라고 하셨는데요 어 그렇다면 씨 언어 씨 언어의 프로세스 내부에 여러 가지 들이 있는데 그 프로세스 공간에 대해서 아는 대로 자세히 설명해 주세요","wordCount":27},"emotion":[],"intent":[]},"answer":{"raw":{"text":"어 씨 언어 의 경우에는 제가 대학교 이 학년 때 배웠는데요. 대학교 이 학년 때 배워서 정확하게 기억은 나지 않는데 어 프로세스 공간은 그 메모리 공간을 말하는 거 같고 그 씨 언어는 변수당 할당된 그 저장 공간이 있어서 저장 공간이 할당되었다 해제되었다 할당되었다 해제되었다 이런 식으로 변수들이 생겼다가 사라지는 것으로 알고 있습니다. 어 연결된 포인터를 통해서 연결된 경우에는 음 이제 각 변수가 있고 그 다음 주소를 가리키는 포인터가 있고 포인터를 통해서 다른 변수로 넘어가고 그런 식으로 작동하는 것으로 알고 있습니다.","wordCount":80},"emotion":[],"intent":[{"text":"","expression":"","category":"attitude"}],"summary":{"text":"씨언어는 변수당 할당된 저장 공간이 있어서 변수들이 생겼다 사라집니다. 연결된 포인터를 통해 연결된 경우 각 변수와 다음 주소를 가리키는 포인터가 있고 그것을 통해 다른 변수로 넘어갑니다.","wordCount":26}}},"rawDataInfo":{"question":{"fileFormat":"wav","fileSize":583118,"duration":18220,"samplingBit":16,"channelCount":1,"samplingRate":"16kHz","audioPath":"/Mock/05.ICT/Female/New/ckmk_q_ict_f_n_204734.wav"},"answer":{"fileFormat":"wav","fileSize":1475918,"duration":46120,"samplingBit":16,"channelCount":1,"samplingRate":"16kHz","audioPath":"/Mock/05.ICT/Female/New/ckmk_a_ict_f_n_204734.wav"}}}