{"version":"1.0","dataSet":{"info":{"date":"20230116","occupation":"ICT","channel":"MOCK","place":"ONLINE","gender":"FEMALE","ageRange":"-34","experience":"NEW"},"question":{"raw":{"text":"본인이 생각하는 본인의 장점과 단점은 무엇입니까 그리고 그것을 특화시키기 위한 노력이나 극복하기 위한 노력을 하셨다면 그것도 함께 말씀을 해 주시기 바랍니다","wordCount":21},"emotion":[],"intent":[]},"answer":{"raw":{"text":"저희 성격적인 장점은 결단력이 있고 리더십이 있다는 것이고 어 단점은 이제 세세한 부분을 놓치는 점입니다. 음 이제 결단력이 좋고 리더십이 강한 면은 이제 다른 분들 의견을 받을 때 많이 드러나는 것 같습니다. 다른 분들이 많이 적극적으로 동의하시는 경우에는 그 방향대로 이제 일 처리를 하고자 하는 편이고 어 다른 분들이 또 많이 좀 망설이시거나 주춤주춤하시는 안건에는 이제 생각을 많이 들어보기 위해서 의견을 여쭈는 편입니다. 또 거의 세에서 섬세하지 못하고 꼼꼼하지 못한 편은 좀 저는 계획을 세우면서 놓치는 부분이 없는지 확인을 하려고 하는 편입니다.","wordCount":82},"emotion":[],"intent":[{"text":"저희 성격적인 장점은 결단력이 있고 리더십이 있다는 것이고 어 단점은 이제 세세한 부분을 놓치는 점입니다.","expression":"c_person","category":"background"},{"text":"또 거의 세에서 섬세하지 못하고 꼼꼼하지 못한 편은 좀 저는 계획을 세우면서 놓치는 부분이 없는지 확인을 하려고 하는 편입니다.","expression":"c_person","category":"background"}],"summary":{"text":"우리 성격은 결단력과 리더십이 있는 반면 세세한 부분을 놓치는 단점이 있습니다. 다른 분들이 적극적으로 동의하시는 경우 그 방향대로 일을 처리하고, 주저하시는 안건에 대해서는 의견을 여쭈는 편입니다.","wordCount":26}}},"rawDataInfo":{"question":{"fileFormat":"wav","fileSize":544398,"duration":17010,"samplingBit":16,"channelCount":1,"samplingRate":"16kHz","audioPath":"/Mock/05.ICT/Female/New/ckmk_q_ict_f_n_204737.wav"},"answer":{"fileFormat":"wav","fileSize":1780878,"duration":55650,"samplingBit":16,"channelCount":1,"samplingRate":"16kHz","audioPath":"/Mock/05.ICT/Female/New/ckmk_a_ict_f_n_204737.wav"}}}