{"version":"1.0","dataSet":{"info":{"date":"20230116","occupation":"ICT","channel":"MOCK","place":"ONLINE","gender":"FEMALE","ageRange":"-34","experience":"NEW"},"question":{"raw":{"text":"면접자님께서 가지고 있는 상위 일 퍼센트의 능력이 있으시다면 만약 그 능력을 최대한 자세하게 설명 부탁드립니다","wordCount":15},"emotion":[],"intent":[]},"answer":{"raw":{"text":"제가 가지고 있는 상위 일 퍼센트에 능력은 음 저는 상대방을 이해하고 소통하는 능력이라고 생각을 합니다. 어 워낙 사람을 좋아하는 편이고 이야기하는 것도 좋아하는 편이고 듣는 것도 좋아하는 편이라 어 특히 팀플을 할 때 이런 능력을 많이 발휘를 했던 것 같고 어 일단 낯을 전혀 가리지 않는 편이라 음 팀 프로젝트 하는데 대화 없이 있으면 사실 너무 뻘쭘해지더라구요. 그래서 그런 상황에서 분위기를 풀고자 굉장히 노력을 하고 말을 많이 하면서 진행을 했던 편이라 저는 제 생각에는 저에 상위 일 퍼센트 능력은 소통 능력인 것 같습니다.","wordCount":83},"emotion":[],"intent":[{"text":"","expression":"","category":"attitude"}],"summary":{"text":"팀플을 할 때 이런 능력을 많이 발휘했던 것 같습니다. 낯을 전혀 가리지 않는 편이라 팀 프로젝트 할 때 대화 없이 있으면 뻘익은 느낌이 드는데, 분위기를 풀려고 많이 이야기를 한 결과 소통 능력인 것 같았습니다.","wordCount":34}}},"rawDataInfo":{"question":{"fileFormat":"wav","fileSize":454478,"duration":14200,"samplingBit":16,"channelCount":1,"samplingRate":"16kHz","audioPath":"/Mock/05.ICT/Female/New/ckmk_q_ict_f_n_197273.wav"},"answer":{"fileFormat":"wav","fileSize":1664078,"duration":52000,"samplingBit":16,"channelCount":1,"samplingRate":"16kHz","audioPath":"/Mock/05.ICT/Female/New/ckmk_a_ict_f_n_197273.wav"}}}