{"version":"1.0","dataSet":{"info":{"date":"20230116","occupation":"ICT","channel":"MOCK","place":"ONLINE","gender":"FEMALE","ageRange":"55-","experience":"NEW"},"question":{"raw":{"text":"어 동물 실험이 인간에게 여러 가지 이익을 주는데요 지원자님이 생각하시기에 동물 실험에 대한 본인의 생각과 또 그러한 이익들에 관해 설명해 주시길 바랍니다","wordCount":22},"emotion":[],"intent":[]},"answer":{"raw":{"text":"동물 실험은 어떤 제품이나 약품에 대한 효능과 인체에 미치는 영향 안전성 등을 위해 필요한 부분이라고 생각합니다. 하지만 동물들도 생명을 가진 생명체이기 때문에 이 실험이 최소한 동물의 생명 존중을 전제로 최소한 이루어져야 된다고 생각합니다.","wordCount":33},"emotion":[],"intent":[{"text":"하지만 동물들도 생명을 가진 생명체이기 때문에 이 실험이 최소한 동물의 생명 존중을 전제로 최소한 이루어져야 된다고 생각합니다.","expression":"c_value","category":"background"}],"summary":{"text":"동물 실험은 제품이나 약품에 대한 효능과 인체에 미치는 안전성 등을 위해 필요하지만 동물들도 생명을 가진 생명체이기 때문에 최소한의 실험은 이루어져야 됩니다.","wordCount":21}}},"rawDataInfo":{"question":{"fileFormat":"wav","fileSize":508878,"duration":15900,"samplingBit":16,"channelCount":1,"samplingRate":"16kHz","audioPath":"/Mock/05.ICT/Female/New/ckmk_q_ict_f_n_265573.wav"},"answer":{"fileFormat":"wav","fileSize":1992078,"duration":62250,"samplingBit":16,"channelCount":1,"samplingRate":"16kHz","audioPath":"/Mock/05.ICT/Female/New/ckmk_a_ict_f_n_265573.wav"}}}