{"version":"1.0","dataSet":{"info":{"date":"20230116","occupation":"ICT","channel":"MOCK","place":"ONLINE","gender":"FEMALE","ageRange":"-34","experience":"NEW"},"question":{"raw":{"text":"지금까지 여러 대외 활동을 경험하셨을 텐데 대외 활동에서 무엇을 배웠고 어떤 자세로 임하셨는지 말씀해 주세요","wordCount":15},"emotion":[],"intent":[]},"answer":{"raw":{"text":"제가 수행했던 대외 활동은 두 가지로 나눌 수 있습니다. 첫 번째는 인턴 생활을 했는데요. 제 첫 번째 인턴 생활이고 첫 번째 회사 생활이라서 다양한 방면으로 제가 배울 것이 많았습니다. 어 맨 처음에는 무엇이든 내가 주어진 내 나이가 젊고 할 수 있는 게 무궁무진하므로 뭐든지 시도를 해보자 하는 마음으로 어 인턴인데도 매일 밤까지 남아서 어 서류 작성한다든지 어 제가 기획을 담당했었는데 어 기획에 대한 피드백을 항상 얻으면서 뭐 질문을 항상 많이 한다든지 그래서 좀 더 적극적인 형태로 이루어져서 제가 삼 개월이라는 짧은 시간 동안 인턴 생활을 했는데 뭐 지금 어 어떤 직장이나 어떤 어 대외 활동이나 자리를 맡으면 항상 어 리더의 역할을 했던 것 같습니다. 그래서 그런 기본적인 베이스를 많이 배웠고 어 그 처음에 자세가 많은 도움이 됐던 것 같습니다.","wordCount":119},"emotion":[],"intent":[{"text":"","expression":"","category":"attitude"}],"summary":{"text":"제가 수행했던 대외 활동은 인턴 생활과 회사 생활이었습니다. 인턴인데도 매일 밤까지 남아 서류 작성이나 기획에 대한 피드백을 받으면서 질문하는 등 적극적으로 임했습니다. 그래서 어떤 직장이나 대외 활동이나 자리를 맡으면 항상 리더의 역할을 했던 것 같습니다.","wordCount":35}}},"rawDataInfo":{"question":{"fileFormat":"wav","fileSize":389838,"duration":12180,"samplingBit":16,"channelCount":1,"samplingRate":"16kHz","audioPath":"/Mock/05.ICT/Female/New/ckmk_q_ict_f_n_260366.wav"},"answer":{"fileFormat":"wav","fileSize":2299598,"duration":71860,"samplingBit":16,"channelCount":1,"samplingRate":"16kHz","audioPath":"/Mock/05.ICT/Female/New/ckmk_a_ict_f_n_260366.wav"}}}