{"version":"1.0","dataSet":{"info":{"date":"20230116","occupation":"ICT","channel":"MOCK","place":"ONLINE","gender":"FEMALE","ageRange":"-34","experience":"NEW"},"question":{"raw":{"text":"상사로부터 어려운 지시를 하달 받게 된다면 어떻게 하실지 이유도 함께 말씀해 주세요","wordCount":12},"emotion":[],"intent":[]},"answer":{"raw":{"text":"저는 어려운 지시를 받게 된다면 먼저는 여쭤볼 것 같습니다. 어떻게 여쩌 보 어떻게 이 일을 할 수 있는지 여쭤보고 이 일을 하는 이유가 무엇인지 목적이 무엇인지 먼저 여쭤볼 것 같습니다. 먼저 목적을 여쭤보는 까닭슨 이 일을 왜 하는지 알아야 저도 좀 더 의욕적으로 할 수 있고 필요한 일 인지 알아야만 저도 어 이 일을 제대로 완수하고자 노력하는 편이기 때문에 입니다. 또 어떻게 하는지 알아야 하는 까닭은 어려운 지시고 제가 익숙하지 못한 지시라면 이전에 상사분이 해 보셨을 때 어 저에게 줄 있는 조언이 있으실 거란 생각이 들어서 저는 그렇게 여쭤볼 것 같습니다.","wordCount":91},"emotion":[],"intent":[{"text":"","expression":"","category":"attitude"}],"summary":{"text":"어려운 지시를 받게 된다면 먼저 어떻게 이 일을 할 수 있는지 여쭤볼 것 같습니다. 어떻게 하는지 알아야 하는 까닭은 어려운 지시이고 제가 익숙하지 못한 지시라면 이전에 상사분이 해 보셨을 때 줄 수 있는 조언이 있을 거란 생각이 들어서입니다.","wordCount":38}}},"rawDataInfo":{"question":{"fileFormat":"wav","fileSize":281678,"duration":8800,"samplingBit":16,"channelCount":1,"samplingRate":"16kHz","audioPath":"/Mock/05.ICT/Female/New/ckmk_q_ict_f_n_177781.wav"},"answer":{"fileFormat":"wav","fileSize":1591118,"duration":49720,"samplingBit":16,"channelCount":1,"samplingRate":"16kHz","audioPath":"/Mock/05.ICT/Female/New/ckmk_a_ict_f_n_177781.wav"}}}