{"version":"1.0","dataSet":{"info":{"date":"20230116","occupation":"ICT","channel":"MOCK","place":"ONLINE","gender":"FEMALE","ageRange":"-34","experience":"NEW"},"question":{"raw":{"text":"혹시 매일매일 공부하고 있는 분야가 있을까요 있다면 그것을 왜 매일 공부하는지도 함께 설명해 주세요","wordCount":14},"emotion":[],"intent":[]},"answer":{"raw":{"text":"요즘은 매일 외국어 공부를 하려고 노력하고 있습니다. 외국어는 자주 사용하지 않으면 금방 까먹게 되는 것 같습니다. 그래서 쪼끔이라도 매일 공부를 하는 것이 효과적인 공부 방법이라고 생각합니다. 그리고 이것을 공부하는 이유는 항상 사용하는 한국어로서의 정보 얻을 수 있는 한국어로 얻을 수 있는 정보도 많지만 인터넷이 인터넷이 확장되어 있고 더 많은 사람들이 사용하는 언어를 통해서 얻을 수 있는 정보의 양이 훨씬 많다고 생각합니다. 그리고 제가 외국어를 습득하고 학습을 하고 유창하게 사용을 한다면 제가 얻을 수 있는 기회가 더 많아지고 또 그것을 잘 사용해서 제가 얻을 수 있는 정보도 훨씬 많기 때문에 외국어는 가능하면 매일 공부하려고 하고 있습니다.","wordCount":95},"emotion":[{"text":"그리고 이것을 공부하는 이유는 항상 사용하는 한국어로서의 정보 얻을 수 있는 한국어로 얻을 수 있는 정보도 많지만 인터넷이 인터넷이 확장되어 있고   더 많은 사람들이 사용하는 언어를 통해서 얻을 수 있는 정보의 양이 훨씬 많다고 생각합니다.","expression":"p-interest","category":"positive"},{"text":"그리고 제가 외국어를 습득하고 학습을 하고 유창하게 사용을 한다면   제가 얻을 수 있는 기회가 더 많아지고 또 그것을   잘 사용해서 제가 얻을 수 있는 정보도 훨씬 많기 때문에 외국어는 가능하면 매일 공부하려고 하고 있습니다.","expression":"p-interest","category":"positive"}],"intent":[{"text":"","expression":"","category":"attitude"}],"summary":{"text":"인터넷의 확장과 많은 사람들이 사용하는 언어의 다양성으로 인해 많은 양의 정보를 얻기 위해 매일 외국어를 공부하고 있습니다. 또한 인터넷을 활용하여 얻을 수 있는 정보도 많기 때문에 매일 공부하려 합니다.","wordCount":29}}},"rawDataInfo":{"question":{"fileFormat":"wav","fileSize":333518,"duration":10420,"samplingBit":16,"channelCount":1,"samplingRate":"16kHz","audioPath":"/Mock/05.ICT/Female/New/ckmk_q_ict_f_n_148490.wav"},"answer":{"fileFormat":"wav","fileSize":2009358,"duration":62790,"samplingBit":16,"channelCount":1,"samplingRate":"16kHz","audioPath":"/Mock/05.ICT/Female/New/ckmk_a_ict_f_n_148490.wav"}}}