{"version":"1.0","dataSet":{"info":{"date":"20230116","occupation":"ICT","channel":"MOCK","place":"ONLINE","gender":"FEMALE","ageRange":"55-","experience":"NEW"},"question":{"raw":{"text":"지원자분께서 생각하시기에 본인의 노년의 모습은 어떤 모습이었으면 좋겠는지 그 이상향에 대해서 자신의 노년의 모습을 그려서 이야기 해 주신다면 좋을 것 같습니다","wordCount":21},"emotion":[],"intent":[]},"answer":{"raw":{"text":"네 이제는 백 세 백 이십 세를 말하는 그런 시대가 됐습니다. 어떻게 하면 행복한 노년을 보낼 수 있을지 그런 고민이 누구라도 있을 텐데요. 어 저 같은 경우는 일단 건강 건강 수명이 길어야 된다고 생각합니다. 그래서 건강하게 자신을 잘 유지하는 것 필요할 것 같고요. 또한 자산 수명이 어 퇴직 후에 이렇게 감소할 수 있는 그런 이제 자산인데요. 그런 자산을 잘 유지하면서 관리하는 노년이었으면 좋겠고요. 또 스스로 어 새로운 것에 대해서 항상 관심을 가지고 젊은 세대와 소통할 수 있는 그런 노년의 모습 어 이 건강을 유지하는 비결이라고 생각합니다. 또한 스스로 움직일 수 있는 그런 어 노년의 모습이 바람직하지 않을까 하고 생각합니다.","wordCount":99},"emotion":[],"intent":[{"text":"","expression":"","category":"attitude"}],"summary":{"text":"100세,120세를 말하는 시대에  건강 수명이 길어야 된다고 생각합니다. 스스로 새로운 것에 대해서 항상 관심을 가지고 젊은 세대와 소통할 수 있는 노년의 모습이 건강을 유지하는 비결이라고 생각합니다.","wordCount":26}}},"rawDataInfo":{"question":{"fileFormat":"wav","fileSize":633038,"duration":19780,"samplingBit":16,"channelCount":1,"samplingRate":"16kHz","audioPath":"/Mock/05.ICT/Female/New/ckmk_q_ict_f_n_248046.wav"},"answer":{"fileFormat":"wav","fileSize":1924878,"duration":60150,"samplingBit":16,"channelCount":1,"samplingRate":"16kHz","audioPath":"/Mock/05.ICT/Female/New/ckmk_a_ict_f_n_248046.wav"}}}