{"version":"1.0","dataSet":{"info":{"date":"20230116","occupation":"ICT","channel":"MOCK","place":"ONLINE","gender":"FEMALE","ageRange":"-34","experience":"NEW"},"question":{"raw":{"text":"지원자분 본인께서 그동안 인생에서 겪었던 수많은 다양한 갈등들이 있었을 텐데 그중에서 가장 심각했던 갈등은 무엇이었는지 한 가지만 골라서 이야기해 주시면 좋겠습니다","wordCount":21},"emotion":[],"intent":[]},"answer":{"raw":{"text":"제가 인생에서 겪었던 가장 심각했던 갈등은 대학 진학을 앞두고 부모님과 과에 관하여 갈 빚은 갈등입니다. 저희 부모님은 제가 간호학과에 가시길 원했고 저 같은 경우는 전자공학과를 가길 원했습니다. 그래서 부모님을 갖은 방법을 통하여 설득하여 결국엔 전자공학과에 제 바램대로 오게 되었고 어 제가 그렇게 부모님을 설득하고 또 신뢰를 얻어서 전자공학과에서 저희 적성을 찾아서 이 데이터 사이언스 분야에 관심이 생겨 또 도전하게 되었습니다. 그래서 저의 인생에서 가장 음 인상 깊었고 또 가장 심각했던 갈등은 저의 진로를 두고 또 대학 진학을 두고 둔 갈등이라고 생각합니다.","wordCount":81},"emotion":[],"intent":[{"text":"","expression":"","category":"attitude"}],"summary":{"text":"대학 진학을 앞두고 부모님과 갈등을 빚었습니다. 간호학과와 전자공학과를 원해서 부모님을 설득하고 신뢰를 얻어 전자공학과에서 적성을 찾아 도전하게 되었습니다. 가장 심각했던 갈등은 진로와 진학을 두고 둔 갈등입니다.","wordCount":26}}},"rawDataInfo":{"question":{"fileFormat":"wav","fileSize":565198,"duration":17660,"samplingBit":16,"channelCount":1,"samplingRate":"16kHz","audioPath":"/Mock/05.ICT/Female/New/ckmk_q_ict_f_n_177778.wav"},"answer":{"fileFormat":"wav","fileSize":1708238,"duration":53380,"samplingBit":16,"channelCount":1,"samplingRate":"16kHz","audioPath":"/Mock/05.ICT/Female/New/ckmk_a_ict_f_n_177778.wav"}}}