{"version":"1.0","dataSet":{"info":{"date":"20230116","occupation":"ICT","channel":"MOCK","place":"ONLINE","gender":"FEMALE","ageRange":"-34","experience":"NEW"},"question":{"raw":{"text":"지원자님께서 만약 타 부서와 갈등 상황이 발생한다면 어떻게 해결하시겠습니까 지원자님의 상황을 가정하고 설명과 말씀 부탁드립니다","wordCount":15},"emotion":[],"intent":[]},"answer":{"raw":{"text":"네 저는 타 부서와의 갈등 상황이 발생한다면 그 갈등에 종류나 크기에 따라서 다를 것 같은데 어 먼저 저 개인의 사소한 갈등 같은 경우에는 그 해당하시는 분과 다시 한번 대화를 통해서 저희 부서와에 최대한 손해가 없게 또 저 또한 손해가 대화를 이끌어 가 보려고 할 것 같습니다. 양보도 물론 할 수 있는 선에서 하면서요. 다만 저희 큰 이슈로 어 타 부서와 이제 어 선을 정리하고 또 어느 어느 부분까지 협의를 해야 한다 하는 상황이라면 저희 부서에 이익을 위해서 어 열심히 노력하면서 싸울 것 같습니다.","wordCount":83},"emotion":[],"intent":[{"text":"네 저는 타 부서와의 갈등 상황이 발생한다면 그 갈등에 종류나 크기에 따라서 다를 것   같은데 어 먼저 저 개인의 사소한 갈등 같은 경우에는 그 해당하시는 분과 다시 한번 대화를 통해서 저희 부서와에 최대한 손해가 없게 또 저 또한 손해가   대화를 이끌어 가 보려고 할 것 같습니다.","expression":"c_confl_mg","category":"personality"}],"summary":{"text":"타 부서와 갈등 상황이 발생한다면 저 개인의 사소한 갈등은 해당하시는 분과 다시 대화를 통해서 최대한 손해가 없게 대화를 이끌어 가려고 할 것입니다.","wordCount":22}}},"rawDataInfo":{"question":{"fileFormat":"wav","fileSize":421838,"duration":13180,"samplingBit":16,"channelCount":1,"samplingRate":"16kHz","audioPath":"/Mock/05.ICT/Female/New/ckmk_q_ict_f_n_197276.wav"},"answer":{"fileFormat":"wav","fileSize":1653198,"duration":51660,"samplingBit":16,"channelCount":1,"samplingRate":"16kHz","audioPath":"/Mock/05.ICT/Female/New/ckmk_a_ict_f_n_197276.wav"}}}