{"version":"1.0","dataSet":{"info":{"date":"20230116","occupation":"ICT","channel":"MOCK","place":"ONLINE","gender":"FEMALE","ageRange":"-34","experience":"NEW"},"question":{"raw":{"text":"지금 본인이 내일 죽는다는 사실을 알게 된다면 당장 무얼 할 것인가요 또한 이 면접을 끝까지 계속 보실 것 같으신가요","wordCount":19},"emotion":[],"intent":[]},"answer":{"raw":{"text":"만약 제가 내일 죽는다는 사실을 알게 된다면 저는 이 면접을 보지 않겠습니다. 이 면접을 본다고 해서 뭐 한 달 뒤에 취업이 될 텐데 굳이 면접을 볼 이유는 없어지고요. 또 저는 사랑하는 친구들과 어 함께 시간을 보내려고 할 것 같습니다. 음 사랑하는 친구들과 함께 시간을 보내고 또 가족들과 시간을 보내면서 지난 날을 추억하고 또 지난 날에 얼마나 행복했는지 회상하는 시간을 가지면서 즐거운 시간을 보내야 이제 남은 날들이 더 후회가 되지 않을 것 같다는 생각이 듭니다.","wordCount":74},"emotion":[],"intent":[{"text":"","expression":"","category":"attitude"}],"summary":{"text":"내일 죽는다는 사실을 알게 된다면 이 면접을 보지 않겠습니다. 면접을 본다고 해서 취업이 될 텐데 굳이 면접을 볼 이유는 없어지고, 친구들과 함께 시간을 보내려고 할 것 같습니다.","wordCount":27}}},"rawDataInfo":{"question":{"fileFormat":"wav","fileSize":564558,"duration":17640,"samplingBit":16,"channelCount":1,"samplingRate":"16kHz","audioPath":"/Mock/05.ICT/Female/New/ckmk_q_ict_f_n_185038.wav"},"answer":{"fileFormat":"wav","fileSize":1497038,"duration":46780,"samplingBit":16,"channelCount":1,"samplingRate":"16kHz","audioPath":"/Mock/05.ICT/Female/New/ckmk_a_ict_f_n_185038.wav"}}}