{"version":"1.0","dataSet":{"info":{"date":"20230116","occupation":"ICT","channel":"MOCK","place":"ONLINE","gender":"FEMALE","ageRange":"-34","experience":"NEW"},"question":{"raw":{"text":"본인이 지금까지 살아오면서 이루어낸 성과 중에 가장 큰 성과는 무엇입니까 자랑을 한번 해 주십시오","wordCount":14},"emotion":[],"intent":[]},"answer":{"raw":{"text":"제가 살면서 이룬 성과 중에 가장 큰 성과는 부트 캠프 완수입니다. 어 사실 이 부트 캠프 과정 자체가 칠 개월 과정이고 굉장히 긴 과정인데 이 과정 안에서 지치지 않으려고 성실히 노력을 했고 또 아홉 시부터 여섯 시까지 몸 패턴을 최적화시키면서 적응을 하려고 노력을 했습니다. 그 결과 칠 개월 동안 어 물론 어려운 점도 있었고 과제 제출을 못한 날도 있었지만 저 나름 꽤 성실히 또 꾸준하게 공부를 진행할 수 있었다고 생각을 합니다. 그래서 저의 인생 중에서 지금은 이게 가장 뿌듯한 것이라고 생각합니다.","wordCount":81},"emotion":[{"text":"그래서 저의   인생 중에서 지금은 이게 가장 뿌듯한 것이라고 생각합니다.","expression":"p-achievement","category":"positive"}],"intent":[{"text":"","expression":"","category":"attitude"}],"summary":{"text":"부트 캠프를 완수한 것은 제가 살면서 이룬 성과 중 가장 큰 성과입니다. 이 과정 안에서 지치지 않으려고 노력하고 몸 패턴을 최적화시키면서 적응을 하려고 노력을 한 결과 잘 진행할 수 있었습니다.","wordCount":30}}},"rawDataInfo":{"question":{"fileFormat":"wav","fileSize":612558,"duration":19140,"samplingBit":16,"channelCount":1,"samplingRate":"16kHz","audioPath":"/Mock/05.ICT/Female/New/ckmk_q_ict_f_n_185243.wav"},"answer":{"fileFormat":"wav","fileSize":1588558,"duration":49640,"samplingBit":16,"channelCount":1,"samplingRate":"16kHz","audioPath":"/Mock/05.ICT/Female/New/ckmk_a_ict_f_n_185243.wav"}}}