{"version":"1.0","dataSet":{"info":{"date":"20230116","occupation":"ICT","channel":"MOCK","place":"ONLINE","gender":"FEMALE","ageRange":"45-54","experience":"NEW"},"question":{"raw":{"text":"지원자님께서 역사 속에서 가장 존경하는 인물에 대해 말씀해 주시고 그 인물을 왜 존경하는지도 말씀해 주세요","wordCount":15},"emotion":[],"intent":[]},"answer":{"raw":{"text":"어 역사 속에서 제가 가장 존경하는 인물은 어 이순신 장군님이라고 말씀드리겠습니다. 뭐 사진 그 초상화 이런 부분을 보면 일단 잘 생기기도 하셨구요. 미남이시더라구요. 그렇기도 하고 사실 뭐 세계적으로 유명한 어 해군 장군이라고 해야 되나요. 이제 그런 분이기도 하고 어떤 본인의 일에 그냥 그 맡은 일만 했었던 게 아니라 뭐 거북선이라는 이런 것을 만드신 게 정말 본인의 일을 만 그 맡은 바 일만 한 게 아니라 그것보다 더 큰 생각 큰 뜻을 품고 계셨던 게 아닌가 싶기도 하고 살아오신 내용에 대한 그 난중일기 내용을 보면 어 정말 평탄치 않은 삶을 사셨는데 굴하지 않고 늘 열심히 그 인생을 뭐 개척해야 됐다고 해야 될까요. 그래서 어 정말 평생 존경할 만한 그런 일들이 많았었던 것 같아서 네 존경합니다.","wordCount":114},"emotion":[{"text":"어 역사 속에서 제가 가장 존경하는 인물은 어 이순신 장군님이라고 말씀드리겠습니다.","expression":"p-affection","category":"positive"},{"text":"그래서 어 정말   평생 존경할 만한 그런 일들이 많았었던 것 같아서   네 존경합니다.","expression":"p-affection","category":"positive"}],"intent":[{"text":"","expression":"","category":"attitude"}],"summary":{"text":"역사 속에서 가장 존경하는 인물은 이순신 장군님입니다. 이순신 장군은 잘생기고 미남이기도 하며, 세계적인 해군 장군이기도 합니다. 또 거북선을 만드신 건 본인의 일을 한 게 아니라 그것보다 더 큰 뜻을 품고 계셨던 것 같습니다. 평생 존경할 만한 일들이 많았던 것 같아 존경합니다.","wordCount":41}}},"rawDataInfo":{"question":{"fileFormat":"wav","fileSize":281678,"duration":8800,"samplingBit":16,"channelCount":1,"samplingRate":"16kHz","audioPath":"/Mock/05.ICT/Female/New/ckmk_q_ict_f_n_181218.wav"},"answer":{"fileFormat":"wav","fileSize":2565838,"duration":80180,"samplingBit":16,"channelCount":1,"samplingRate":"16kHz","audioPath":"/Mock/05.ICT/Female/New/ckmk_a_ict_f_n_181218.wav"}}}