{"version":"1.0","dataSet":{"info":{"date":"20230116","occupation":"ICT","channel":"MOCK","place":"ONLINE","gender":"FEMALE","ageRange":"35-44","experience":"NEW"},"question":{"raw":{"text":"일을 하다 보면 서류를 영어로 작성해야 될 수도 있습니다 그때 영어로 서류를 작성하실 수 있으신가요","wordCount":15},"emotion":[],"intent":[]},"answer":{"raw":{"text":"영어를 잘하고 컴퓨터를 능숙하게 다룰 줄 압니다. 어렸을 때부터 아버지는 외국어 하나쯤은 잘 할 수 있어야 세계화 시대의 인재로 성장할 수 있음을 강조하시며 영어 교육에 열을 올리셨습니다. 학원을 다니거나 하는 활동보다는 공공기관에서 하는 캠프 등을 활용하여 영어를 자연스럽게 접할 수 있었습니다. 알아보면 좋은 프로그램들이 주변에 많이 있었습니다. 미국 대사관에서 모든 경비를 대주고 미국 학생들과 교류할 수 있는 프로그램이 있는가 하면 영어를 활용하여 문화 교류 하는 프로그램들도 많이 있었습니다. 그러한 프로그램들에 참여하면서 많은 외국 학생들과 친분을 나눌 수 있었고 그러한 가정에서 영어 실력을 향상시킬 수 있었습니다. 대학 재학 당시 저는 대학 홍보 부서에서 조교로 근무하면서 컴퓨터 능력을 향상 향상할 필요성을 느끼게 되었습니다. 컴퓨터 능 프로그램을 능숙하게 다룰 수 있도록 업무를 다룰수록 업무를 효율적으로 처리할 수 있었기 때문입니다. 어 필요성을 느낀 저는 컴퓨터 사이트나 인터넷 강의를 수강하며 필요한 프로그램을 익히게 되었습니다. 이러한 저에 영어 능력과 컴퓨터 능력은 영업 관리 업무를 능숙하게 처리하는데 큰 도움이 될 것이라 생각합니다.","wordCount":145},"emotion":[],"intent":[{"text":"","expression":"","category":"attitude"}],"summary":{"text":"어릴 적부터 아버지는 외국어 하나쯤은 잘 할 수 있어야 세계화 시대의 인재로 성장할 수 있음을 강조하시며 영어 교육에 열을 올리셨습니다. 학원을 다니거나 하는 활동보다는 공공기관에서 하는 캠프 등을 활용하여 영어를 자연스럽게 접할 수 있었습니다. 대학 재학 당시 컴퓨터 능력을 향상 향상할 필요성을 느꼈고 영어 능력과 컴퓨터 능력은 영업 관리 업무를 능숙하게 처리하는데 큰 도움이 될 것입니다.","wordCount":56}}},"rawDataInfo":{"question":{"fileFormat":"wav","fileSize":300558,"duration":9390,"samplingBit":16,"channelCount":1,"samplingRate":"16kHz","audioPath":"/Mock/05.ICT/Female/New/ckmk_q_ict_f_n_236637.wav"},"answer":{"fileFormat":"wav","fileSize":2757198,"duration":86160,"samplingBit":16,"channelCount":1,"samplingRate":"16kHz","audioPath":"/Mock/05.ICT/Female/New/ckmk_a_ict_f_n_236637.wav"}}}