{"version":"1.0","dataSet":{"info":{"date":"20230116","occupation":"ICT","channel":"MOCK","place":"ONLINE","gender":"FEMALE","ageRange":"-34","experience":"NEW"},"question":{"raw":{"text":"어 면접자님께서 페어 프로그래밍이란 장점이 무엇인지 말씀해 보세요","wordCount":8},"emotion":[],"intent":[]},"answer":{"raw":{"text":"네 페어 프로그래밍을 직접적으로 경험을 경험을 해 본 적은 없고 어 팀 프로젝트를 하면서 몇 번 해본 적은 있는데요. 어깨 너머로 아 페어 프로그래밍의 장점은 바로 바로 다른 분들의 프로그래밍을 보면서 제가 특히 배울 수 있는 점 저 같은 점은 아무래도 프로그래밍 전공자가 아니기 때문에 다른 분들이 하는 걸 보면서 카피 코딩을 하면서 배우고 또 알아가는 것이 참 많습니다. 그래서 이 페어 프로그래밍을 하면서 굉장히 많이 실력이 늘었던 것 같고 또 다른 분들의 코드를 읽는 것이 상당히 중요한데 다른 분의 코드를 읽을 수 있다는 점에서 굉장히 도움이 많이 되었던 것 같습니다.","wordCount":91},"emotion":[],"intent":[{"text":"","expression":"","category":"attitude"}],"summary":{"text":"페어 프로그래밍의 장점은 다른 분들의 프로그래밍을 보면서 배울 수 있다는 점인데, 이 페어 프로그래밍을 하면서 굉장히 많이 실력이 늘었던 것 같고 다른 분의 코드를 읽을 수 있는 점에서 굉장히 도움이 많이 되었던 것 같습니다.","wordCount":34}}},"rawDataInfo":{"question":{"fileFormat":"wav","fileSize":309838,"duration":9680,"samplingBit":16,"channelCount":1,"samplingRate":"16kHz","audioPath":"/Mock/05.ICT/Female/New/ckmk_q_ict_f_n_218544.wav"},"answer":{"fileFormat":"wav","fileSize":1520718,"duration":47520,"samplingBit":16,"channelCount":1,"samplingRate":"16kHz","audioPath":"/Mock/05.ICT/Female/New/ckmk_a_ict_f_n_218544.wav"}}}