{"version":"1.0","dataSet":{"info":{"date":"20230116","occupation":"ICT","channel":"MOCK","place":"ONLINE","gender":"FEMALE","ageRange":"35-44","experience":"NEW"},"question":{"raw":{"text":"어 살아오면서 사실 여러 가지 힘들었던 경험이 발생을 할 수 있는데요 어 지금까지 그런 힘들었던 경험들을 마주쳤던 상황에서 어떻게 극복을 하셨는지 궁금합니다","wordCount":22},"emotion":[],"intent":[]},"answer":{"raw":{"text":"어 지금까지 살면서 가장 힘들었던 경험을 어 생각해보면 제가 대학을 전공을 하고 졸업한 후에 취업을 할 때 저는 제가 취업이 그냥 쓰면 다 될 줄 알았거든요. 취업이 한동안 잘 안 될 때가 제일 힘들었던 것 같아요. 어 다른 아이들은 다 이렇게 취업이 제 눈엔 다 잘 되는 것 같고 나만 빼고 다 잘 될고 잘 뭔가 이렇게 이뤄지고 있는 것 같은데 나만 제 자리를 걷다가 오히려 이제는 뒤쳐지는 느낌이 드니까 굉장히 조바심이 나고 어 그냥 좀 괴로웠던 것 같아요. 집안에 눈치도 보이기도 하고 근데 그게 이렇게 막 아주 긴 시간은 아니었지만 한 두 세 달 정도 이렇게 지금 텀이 있었는데요. 어 될 줄 알았던 게 당연히 될 줄 알았던 게 안 되다 보니까 거기서 오는 좌절감이 굉장히 그 현실을 받아들이는 게 굉장히 힘들었던 것 같습니다. 근데 그것도 그때는 그걸 몰랐어요. 근데 어 좀 지나고 보니까 어 내가 그때 좀 더 다른 거를 열심히 했더라면 음 그 시간에 그렇게 헛되게 보내지 않았 않을 걸 그랬다 뭐 이제 이런 후회도 들기도 하고 좀 그런 게 많았어서 어 그냥 매사에 이제 제가 어디 소속이 되거나 이제 취업이 됐을 때 네 그냥 열심히 하자 열심히 하자 그냥 부지런히 살자 뭐 좀 이런 긍정 마인드가 생긴 것 같습니다.","wordCount":193},"emotion":[{"text":"어 다른 아이들은 다 이렇게 취업이 제 눈엔 다 잘 되는 것 같고 나만 빼고 다 잘 될고 잘 뭔가 이렇게 이뤄지고 있는 것 같은데 나만 제 자리를 걷다가 오히려 이제는 뒤쳐지는 느낌이 드니까 굉장히 조바심이 나고 어 그냥 좀 괴로웠던 것 같아요.","expression":"n-distress","category":"negative"},{"text":"어 될 줄 알았던 게 당연히 될 줄 알았던 게 안 되다 보니까 거기서 오는 좌절감이 굉장히 그 현실을 받아들이는 게 굉장히 힘들었던 것 같습니다.","expression":"n-distress","category":"negative"}],"intent":[{"text":"","expression":"","category":"attitude"}],"summary":{"text":"지금까지 살면서 가장 힘들었던 경험을 생각해보면, 대학을 전공을 하고 졸업한 후에 취업을 할 때 제가 취업이 그냥 쓰면 다 될 줄 알았는데 나만 제 자리를 걷다가 뒤쳐지는 느낌이 들어서 굉장히 조바심이 나고 힘들었던 것 같습니다. 하지만 지나고 보니 다른 것을 열심히 했더라면 하는 후회도 들고, 그냥 열심히 하자 하는 긍정 마인드가 생긴 것 같았습니다.","wordCount":54}}},"rawDataInfo":{"question":{"fileFormat":"wav","fileSize":524878,"duration":16400,"samplingBit":16,"channelCount":1,"samplingRate":"16kHz","audioPath":"/Mock/05.ICT/Female/New/ckmk_q_ict_f_n_241654.wav"},"answer":{"fileFormat":"wav","fileSize":3449678,"duration":107800,"samplingBit":16,"channelCount":1,"samplingRate":"16kHz","audioPath":"/Mock/05.ICT/Female/New/ckmk_a_ict_f_n_241654.wav"}}}