{"version":"1.0","dataSet":{"info":{"date":"20230116","occupation":"ICT","channel":"MOCK","place":"ONLINE","gender":"FEMALE","ageRange":"35-44","experience":"NEW"},"question":{"raw":{"text":"어 지원자님께서 협업을 할 때 가장 중요하게 생각하는 것이 무엇인지 궁금합니다 그리고 이제 그것을 중요하게 생각하시는 이유도 함께 어 설명해 주시기를 바랍니다","wordCount":22},"emotion":[],"intent":[]},"answer":{"raw":{"text":"협업을 할 때 중요한 것은 동료들과 같은 목표 의식을 공유하는 것이라고 생각을 합니다. 일을 시작할 때는 분명히 그 일을 통해서 어 얻어야 하는 결과 즉 목표가 있다고 생각을 합니다. 여러 사람이 만나서 일을 하다 보면 아주 다양한 문제들이 발생을 하게 됩니다. 팀원들과의 불화가 생길 수도 있고 또한 일의 방향이 자신과 맞지 않아서 일을 힘들어 하는 사람들도 생길 수가 있습니다. 하지만 협업을 통해서 그 일을 통해서 어 결국에는 어 만들어내야 되는 성과 어 목표가 있기 때문에 그 목표를 공유하는 것이 팀원들을 하나로 묶을 수 있는 힘이라고 생각을 합니다. 조금 나와 성향이 달라서 팀원들과 어 불화가 생길 경우가 있더라도 하나의 목표를 공유하고 있다면 결국에는 개인적인 어떤 불만이나 어 다른 사람과의 간 관계가 좋지 않다고 해도 일에는 크게 지 지장을 주지 않을 것이라고 생각을 합니다. 협업을 통해서 그 일을 통해서 우리가 원하고자 하는 목표 그 목표를 모든 어 동료들이 공유를 한다면 아주 사소한 문제 어 그리고 분위기 어 그런 것들 보다는 그 목표를 더 중시하기 때문에 결국에는 그 일을 잘 해낼 수 있다고 생각을 합니다. 어 팀 동료와의 갈등이 어 아주 사소한 문제는 아닐지 모르겠지만 그것보다는 목표를 더 우선시 했을 때 일의 결과가 더 좋다고 생각을 하고 또 정해진 시 기한 내에 일을 마칠 수 있다고 생각을 합니다.","wordCount":195},"emotion":[],"intent":[{"text":"협업을 통해서 그 일을 통해서 우리가 원하고자 하는 목표 그 목표를 모든 어 동료들이 공유를 한다면 아주 사소한 문제 어 그리고 분위기 어 그런 것들 보다는 그 목표를 더 중시하기 때문에 결국에는 그 일을 잘 해낼 수 있다고 생각을 합니다.","expression":"c_cop","category":"personality"}],"summary":{"text":"협업을 할 때 중요한 것은 동료들과 같은 목표 의식을 공유하는 것입니다. 일을 할 때 다양한 문제들이 발생하기 때문에 그 목표를 공유하는 것이 팀원들을 하나로 묶을 수 있는 힘이 됩니다. 팀 동료와의 갈등이 아주 사소한 것은 아니겠지만 목표를 더 우선시 했을 때 일의 결과가 더 좋다고 생각하며 정해진 시 기한 내에 일을 마칠 수 있다고 생각합니다.","wordCount":55}}},"rawDataInfo":{"question":{"fileFormat":"wav","fileSize":458638,"duration":14330,"samplingBit":16,"channelCount":1,"samplingRate":"16kHz","audioPath":"/Mock/05.ICT/Female/New/ckmk_q_ict_f_n_250401.wav"},"answer":{"fileFormat":"wav","fileSize":3802958,"duration":118840,"samplingBit":16,"channelCount":1,"samplingRate":"16kHz","audioPath":"/Mock/05.ICT/Female/New/ckmk_a_ict_f_n_250401.wav"}}}