{"version":"1.0","dataSet":{"info":{"date":"20230116","occupation":"ICT","channel":"MOCK","place":"ONLINE","gender":"FEMALE","ageRange":"55-","experience":"NEW"},"question":{"raw":{"text":"지원자께서 다룰 수 있는 프로그램은 무엇이 있습니까 그리고 어느 수준으로 사용할 수 있습니까","wordCount":13},"emotion":[],"intent":[]},"answer":{"raw":{"text":"우선 오피스 프로그램들은 다 상급 수준으로 다룰 수가 있습니다. 그래서 어떤 프로젝트를 진행할 때 매 단계 문서화할 수 있는 능력이 있고요. 그리고 그래픽 관련된 프로그램들 포토샵이라든지 인디자인이라든지 기타 등등 어 그래픽 관련 프로그램들도 잘 사용합니다. 어떤 작품을 만든다든지 공모전에 제출한 경험도 있습니다. 또한 동영상 편지 관련된 프리미어라든지 또 모바일에서 진행하고 있는 여러 어 영상 편집 프로그램들 이런 것들도 어 다른 사람을 가르칠 수 있을 정도로 사용합니다. 새로운 프로그램에 항상 관심을 가지고 있고요. 그 외에도 코딩이라든지 또는 어 통계에 관련된 프로그램도 중급 정도는 다룰 수가 있습니다.","wordCount":85},"emotion":[{"text":"어떤 작품을 만든다든지 공모전에 제출한 경험도 있습니다.","expression":"u-fact","category":"neutral"},{"text":"새로운 프로그램에 항상 관심을 가지고 있고요.","expression":"p-interest","category":"positive"}],"intent":[{"text":"","expression":"","category":"attitude"}],"summary":{"text":"우선 오피스 프로그램들은 상급 수준으로 다룰 수가 있어서 어떤 프로젝트를 진행할 때 매 단계 문서화할 수 있는 능력이 있고, 새로운 프로그램에 항상 관심을 가지고 있습니다.","wordCount":25}}},"rawDataInfo":{"question":{"fileFormat":"wav","fileSize":300878,"duration":9400,"samplingBit":16,"channelCount":1,"samplingRate":"16kHz","audioPath":"/Mock/05.ICT/Female/New/ckmk_q_ict_f_n_248047.wav"},"answer":{"fileFormat":"wav","fileSize":2015118,"duration":62970,"samplingBit":16,"channelCount":1,"samplingRate":"16kHz","audioPath":"/Mock/05.ICT/Female/New/ckmk_a_ict_f_n_248047.wav"}}}