{"version":"1.0","dataSet":{"info":{"date":"20230116","occupation":"ICT","channel":"MOCK","place":"ONLINE","gender":"FEMALE","ageRange":"-34","experience":"NEW"},"question":{"raw":{"text":"지원자님에 장점과 단점을 말씀해 주시고 그 장점을 특화시키고 단점을 극복하기 위해 했던 노력들도 함께 말씀해 주시기 바랍니다","wordCount":17},"emotion":[],"intent":[]},"answer":{"raw":{"text":"저의 장점은 첫 번째로 유연성이 강합니다. 그래서 어떠한 상황과 환경에서도 잘 적응하고 인간관계에서도 유연성이 있습니다. 둘째 책임감이 강합니다. 저로 인해 다른 사람에 해를 끼치는 것을 매우 매우 싫어해서 제 책임 하에 있는 일은 시간을 구애받지 않고 끝까지 마무리 합니다. 하지만 저의 단점은 첫 번째로 실수한 일에 대해 빨리 잊지 못하는 성격입니다. 이 저는 이를 극복하기 위해 실수 노트를 쓰면서 그것을 통해 잃은 것보다 배운 것에 집중하며 과거보다는 미래를 보려는 연습을 많이 하고 있습니다. 둘째 많은 사람들 앞에서 수줍음을 잘 타는 성격입니다. 개인적으로 이야기할 때는 밝고 명랑하다는 소리를 많이 듣지만 많은 사람들 앞에서 발표를 하거나 할 때에는 수줍음을 많이 타고 몸이 많이 위축됩니다. 그러나 저는 이런 저의 성격을 극복하기 위해 거울을 보고 많은 사람들 앞에서 자신 있게 말하는 자기 최면을 거는 연습을 지금도 열심히 노력하고 있습니다.","wordCount":125},"emotion":[{"text":"개인적으로 이야기할 때는 밝고 명랑하다는 소리를 많이 듣지만   많은 사람들 앞에서 발표를 하거나 할 때에는 수줍음을 많이 타고 몸이 많이 위축됩니다.","expression":"n-shame","category":"negative"}],"intent":[{"text":"저의 장점은 첫 번째로 유연성이 강합니다.","expression":"c_person","category":"background"},{"text":"하지만 저의 단점은 첫 번째로 실수한 일에 대해 빨리 잊지 못하는 성격입니다.","expression":"c_person","category":"background"},{"text":"개인적으로 이야기할 때는 밝고 명랑하다는 소리를 많이 듣지만   많은 사람들 앞에서 발표를 하거나 할 때에는 수줍음을 많이 타고 몸이 많이 위축됩니다.","expression":"c_person","category":"background"}],"summary":{"text":"저는 유연성이 강해서 어떤 상황에서도 잘 적응하고 인간관계에서도 유연성이 있습니다. 책임감이 강하지만 실수한 일에 대해 빨리 잊지 못하는 성격입니다. 또 수줍음을 잘 타고 몸이 많이 위축됩니다. 이 성격을 극복하기 위해 자기 최면을 거는 연습을 지금도 열심히 노력하고 있합니다.","wordCount":38}}},"rawDataInfo":{"question":{"fileFormat":"wav","fileSize":373518,"duration":11670,"samplingBit":16,"channelCount":1,"samplingRate":"16kHz","audioPath":"/Mock/05.ICT/Female/New/ckmk_q_ict_f_n_124780.wav"},"answer":{"fileFormat":"wav","fileSize":2456398,"duration":76760,"samplingBit":16,"channelCount":1,"samplingRate":"16kHz","audioPath":"/Mock/05.ICT/Female/New/ckmk_a_ict_f_n_124780.wav"}}}