{"version":"1.0","dataSet":{"info":{"date":"20230116","occupation":"ICT","channel":"MOCK","place":"ONLINE","gender":"FEMALE","ageRange":"-34","experience":"NEW"},"question":{"raw":{"text":"자신이 스트레스를 가지고 있다면 그 해소법이 무엇인지 그리고 그 해소법이 있다면 왜 그런 방법으로 스트레스를 해소하는지 저희한테 얘기해 주시겠어요","wordCount":19},"emotion":[],"intent":[]},"answer":{"raw":{"text":"저만에 스트레스 해소법은 저희 집 고양이와 침대에 누워서 핸드폰을 하는 겁니다. 어 먼저는 귀엽고 복슬복슬한 털을 가진 고양이가 옆에 누워있는 것만으로 어느 정도 스트레스 해소가 되는 편이고 또 침대에 누워있는 것도 좋아하는 편이라 좋아하는 거 더 하기 좋아하는 것은 짱 좋아하는 것이 되기 때문에 게다가 핸드폰까지 한다. 그럼 완전 금상첨화가 되는 편이라 그렇게 아무것도 안 하고 좀 늘어져서 핸드폰 하고 쉬는 시간이 어 저의 스트레스 해소법인 것 같습니다. 또 하루 종일 그 시간을 가장 행복하게 여기기도 합니다.","wordCount":77},"emotion":[],"intent":[{"text":"","expression":"","category":"attitude"}],"summary":{"text":"저희만의 스트레스 해소법은 저희 집 고양이와 침대에 누워서 핸드폰을 하는 것입니다. 고양이가 옆에 누워있는 것만으로도 어느 정도 스트레스 해소가 되고 또 침대에 누워있는 것도 좋아하는 편이라 핸드폰까지 합니다.","wordCount":28}}},"rawDataInfo":{"question":{"fileFormat":"wav","fileSize":565838,"duration":17680,"samplingBit":16,"channelCount":1,"samplingRate":"16kHz","audioPath":"/Mock/05.ICT/Female/New/ckmk_q_ict_f_n_178215.wav"},"answer":{"fileFormat":"wav","fileSize":1395918,"duration":43620,"samplingBit":16,"channelCount":1,"samplingRate":"16kHz","audioPath":"/Mock/05.ICT/Female/New/ckmk_a_ict_f_n_178215.wav"}}}