{"version":"1.0","dataSet":{"info":{"date":"20230116","occupation":"ICT","channel":"MOCK","place":"ONLINE","gender":"FEMALE","ageRange":"-34","experience":"NEW"},"question":{"raw":{"text":"혹시 이전 직장을 그만둔 특별한 이유가 있을까요 아니면 만약 지금 다니는 직장도 같은 이유로 그만둘 가능성도 있을까요","wordCount":17},"emotion":[],"intent":[]},"answer":{"raw":{"text":"이전 직장을 그만둔 특별한 이유는 개인적인 신체적인 질병으로 인해서 그만두게 되었습니다. 그래서 이제는 치료를 잘 받고 거의 완치에 가까워졌기 때문에 이번 직장은 같은 이후로 그만둘 가능성은 거의 없고 또 성실하고 열정적으로 어 제 일 제 맡은 바 일을 열심히 하고 싶은 생각과 다짐을 가지고 있습니다. 어 열심히 또 성실히 일하고 또 장기 근무로 장기 근속 근무를 하고 싶은 생각이 있기 때문에 같은 이유로 그만둘 가능성은 거의 없습니다.","wordCount":67},"emotion":[],"intent":[{"text":"","expression":"","category":"attitude"}],"summary":{"text":"이전 직장은 개인적인 신체적 질병으로 그만둔 것입니다. 완치에 가까워졌으며 성실하고 열정적으로 일을 열심히 하고 싶은 다짐을 가지고 있어 같은 이유로 그만둘 가능성은 거의 없습니다.","wordCount":24}}},"rawDataInfo":{"question":{"fileFormat":"wav","fileSize":427598,"duration":13360,"samplingBit":16,"channelCount":1,"samplingRate":"16kHz","audioPath":"/Mock/05.ICT/Female/New/ckmk_q_ict_f_n_160666.wav"},"answer":{"fileFormat":"wav","fileSize":1298638,"duration":40580,"samplingBit":16,"channelCount":1,"samplingRate":"16kHz","audioPath":"/Mock/05.ICT/Female/New/ckmk_a_ict_f_n_160666.wav"}}}