{"version":"1.0","dataSet":{"info":{"date":"20230116","occupation":"ICT","channel":"MOCK","place":"ONLINE","gender":"FEMALE","ageRange":"35-44","experience":"NEW"},"question":{"raw":{"text":"귀하가 최근에 관심 가지고 있는 아이티 분야가 있으신가요 그것에 대해서 상세하게 말씀해 주세요","wordCount":13},"emotion":[],"intent":[]},"answer":{"raw":{"text":"네 제가 관심 가지는 분야가 방금 말씀드렸다시피 캐드 쪽입니다. 어 아무래도 제가 전공을 조경 쪽을 하다 보니까 조경이 이제 건축은 건물 또는 건물 내부를 많이 한다면 이제 조경은 건물 외적인 부분을 담당을 하거든요. 그래서 생각보다 스케일이 좀 커요 면적이 좀 크다 보니까. 물론 작은 것도 하지만 일단 기본적인 거는 면적을 면적이 넓다 보니까 이제 설계 작업이 필요한데 이게 벤치를 놓는 것도 그냥 놓는 게 아니거든요. 이 면적을 이제 동선도 생각해야 되고 면적을 생각해야 되고 하다 보니까 이제 설계가 필요한데 이제 정확한 데이터를 위해서는 수치 때문에라도 이제 캐드 작업을 합니다 건축과 똑같이. 그래서 캐드 자격증을 보통은 남자들은 대부분 다 따더라구요. 그런데 이제 여자 친구들은 제가 그때도 뭐 이제 이것을 과연 계속 할 것인가 말 것인가 이런 고민하는 친구들도 많았고 저 역시 그랬고 그러면서 캐드를 작업할 때 썼는데 이제 마땅히 자격증 취득을 하지는 않았었어요. 그래서 이제 쭉 잊고 있다가 최근에 다시 아 기존에 했던 게 좀 아쉬움이 남아서 준비하기 위해서 어 캐드 쪽으로 음 보고 있습니다.","wordCount":154},"emotion":[],"intent":[{"text":"","expression":"","category":"attitude"}],"summary":{"text":"조경이 건물 외적인 부분을 담당을 하다 보니 건축보다 캐드 쪽에 관심이 많습니다. 면적이 넓어 설계가 필요한데, 수치 때문에라도 캐드 작업을 합니다. 캐드 자격증을 보통 남자들은 대부분 다 따지만, 여자들은 마땅히 자격증 취득을 하지는 않았었습니다. 최근에 다시 준비하기 위해 캐드 쪽으로 보고 있습니다.","wordCount":42}}},"rawDataInfo":{"question":{"fileFormat":"wav","fileSize":332878,"duration":10400,"samplingBit":16,"channelCount":1,"samplingRate":"16kHz","audioPath":"/Mock/05.ICT/Female/New/ckmk_q_ict_f_n_248124.wav"},"answer":{"fileFormat":"wav","fileSize":2800078,"duration":87500,"samplingBit":16,"channelCount":1,"samplingRate":"16kHz","audioPath":"/Mock/05.ICT/Female/New/ckmk_a_ict_f_n_248124.wav"}}}