{"version":"1.0","dataSet":{"info":{"date":"20230116","occupation":"ICT","channel":"MOCK","place":"ONLINE","gender":"FEMALE","ageRange":"55-","experience":"NEW"},"question":{"raw":{"text":"지원자님은 십 년 후에도 저희 회사에 계속 다니고 계실지 아니면 다른 일을 찾아서 떠나셨을지 본인이 생각해 둔 십 년 뒤의 모습을 말씀해 주세요","wordCount":23},"emotion":[],"intent":[]},"answer":{"raw":{"text":"십 년 후 저는 그동안 배워 온 여러 분야의 업무와 또 저 나름대로의 노하우를 가지고 좀 더 전문적으로 자신감 있게 일을 하고 있을 것이라고 생각합니다. 그리고 회사에 중간 관리자로서 계속 근무 할 것 같습니다.","wordCount":34},"emotion":[],"intent":[{"text":"","expression":"","category":"attitude"}],"summary":{"text":"십 년 후, 저는 여러 분야의 업무와 노하우를 가지고 자신감 있게 일을 할 것이고, 중간관리자로서 계속 근무 할 것 같습니다.","wordCount":20}}},"rawDataInfo":{"question":{"fileFormat":"wav","fileSize":397838,"duration":12430,"samplingBit":16,"channelCount":1,"samplingRate":"16kHz","audioPath":"/Mock/05.ICT/Female/New/ckmk_q_ict_f_n_265577.wav"},"answer":{"fileFormat":"wav","fileSize":1773518,"duration":55420,"samplingBit":16,"channelCount":1,"samplingRate":"16kHz","audioPath":"/Mock/05.ICT/Female/New/ckmk_a_ict_f_n_265577.wav"}}}