{"version":"1.0","dataSet":{"info":{"date":"20230116","occupation":"ICT","channel":"MOCK","place":"ONLINE","gender":"FEMALE","ageRange":"35-44","experience":"NEW"},"question":{"raw":{"text":"커뮤니케이션을 잘 할 수 있는 지원자님만의 스킬이 있다면 한번 소개해 주세요","wordCount":11},"emotion":[],"intent":[]},"answer":{"raw":{"text":"커뮤니케이션을 잘 할 수 있는 나만의 스킬은 두 가지입니다. 하나는 적극적으로 경청하는 것 편안한 아이 메시지 입니다. 첫째 적극적 경청은 풀어서 설명하자면 상대방의 입장에서 생각하고 말하기입니다. 이때 중요한 거는 상대방의 입장을 공갈 공감해서 말한다는 점인데 적극적으로 나는 이 편이라는 점을 어필하는 것도 이 방법이 핵심이라고 할 수 있습니다. 이는 상대방 상대방에게 위로와 공감을 주기 때문에 갈등을 해소하는 데 매우 효과적입니다. 두 번째 아이 메세지란 주어를 나로 시작하여 의견을 전달하는 기법을 말합니다. 대화를 하다보면 생각보다 상대방을 기준으로 말하는 경우가 많습니다. 이 두 가지 방법은 자신의 권위를 낮추고 감정을 솔직하게 드러내기 때문에 갈등을 효과적으로 해결할 수 있습니다.","wordCount":95},"emotion":[],"intent":[{"text":"","expression":"","category":"attitude"}],"summary":{"text":"커뮤니케이션을 잘 할 수 있는 나만의 스킬은 적극적 경청과 아이 메세지를 통해 상대방의 입장에서 생각하고 말하기입니다. 아이 메세지란 주어를 나로 시작하여 의견을 전달하는 기법으로 자신의 권위를 낮추고 감정을 솔직하게 드러내어 갈등을 효과적으로 해결할 수 있습니다.","wordCount":35}}},"rawDataInfo":{"question":{"fileFormat":"wav","fileSize":256078,"duration":8000,"samplingBit":16,"channelCount":1,"samplingRate":"16kHz","audioPath":"/Mock/05.ICT/Female/New/ckmk_q_ict_f_n_176302.wav"},"answer":{"fileFormat":"wav","fileSize":1982478,"duration":61950,"samplingBit":16,"channelCount":1,"samplingRate":"16kHz","audioPath":"/Mock/05.ICT/Female/New/ckmk_a_ict_f_n_176302.wav"}}}