{"version":"1.0","dataSet":{"info":{"date":"20230116","occupation":"ICT","channel":"MOCK","place":"ONLINE","gender":"FEMALE","ageRange":"-34","experience":"NEW"},"question":{"raw":{"text":"가장 근래 업무 중에서 문제가 발생했을 때 어떻게 해결하셨는지 사례를 들어 말씀 주실 수 있으실까요","wordCount":15},"emotion":[],"intent":[]},"answer":{"raw":{"text":"저는 직전 직장에서 씨에스 업무를 담당을 했습니다. 해피콜을 하고 고객들의 불만을 들어주며 해결 방안을 찾아내 가는 그런 업무를 했었는데요. 최근 업무 중에 제가 정말 문제 해결을 했던 적이 있어서 말씀을 드리고자 합니다. 고객이 홈페이지에 들어갔는데 갑자기 홈페이지가 다운이 되면서 오류가 났다고 합니다. 당장 수업을 들어야 하는데 그 수업에 들어가지 못하고 난감했던 적이 있었다고 연락을 주셨는데요. 그 당시에 저는 이 연락을 받고 바로 개발팀으로 갔습니다. 개발팀으로 가서 이 문제에 대해 협업해 달라고 말씀을 드렸습니다. 하지만 이 문제를 해결해 줄 사람은 팀장님이셨는데 이 팀장님이 자리에 계시지 않았습니다. 급하게 연락을 하고 싶었으나 자리에 계시지 않고 저는 건물을 돌아다니며 팀장님을 찾아냈습니다. 그래서 하루빨리 이 문제를 해결하고자 팀장님과 다른 개발팀 직원들과 이 문제를 해결해 나갔습니다. 개발 업무는 사실 시간이 오래 걸리는 일이지만 최대한 협업을 해 달라고 말씀을 드린 끝에 한 시간내로 개발 업무가 완성이 되어 홈페이지가 복구가 되었습니다. 그래서 저는 이 문제를 이렇게 해결을 했습니다. 감사합니다.","wordCount":141},"emotion":[{"text":"저는 직전 직장에서 씨에스 업무를 담당을 했습니다.","expression":"u-fact","category":"neutral"}],"intent":[{"text":"개발 업무는 사실 시간이 오래 걸리는 일이지만 최대한 협업을 해 달라고 말씀을 드린 끝에 한 시간내로 개발 업무가 완성이 되어 홈페이지가 복구가 되었습니다.","expression":"i_dis_coping","category":"technology"}],"summary":{"text":"저는 직전 직장에서 씨에스 업무를 담당했는데, 고객 홈페이지가 다운이 되면서 오류가 났다는 연락을 받고 개발팀으로 가서 협업해 달라고 말씀을 드렸는데, 팀장님이 자리에 계시지 않아 저는 건물을 돌아다니며 팀장님을 찾아냈습니다. 결국 한 시간내로 개발 업무가 완성되어 홈페이지가 복구가 되었습니다.","wordCount":38}}},"rawDataInfo":{"question":{"fileFormat":"wav","fileSize":353038,"duration":11030,"samplingBit":16,"channelCount":1,"samplingRate":"16kHz","audioPath":"/Mock/05.ICT/Female/New/ckmk_q_ict_f_n_270296.wav"},"answer":{"fileFormat":"wav","fileSize":3743758,"duration":116990,"samplingBit":16,"channelCount":1,"samplingRate":"16kHz","audioPath":"/Mock/05.ICT/Female/New/ckmk_a_ict_f_n_270296.wav"}}}