{"version":"1.0","dataSet":{"info":{"date":"20230116","occupation":"ICT","channel":"MOCK","place":"ONLINE","gender":"FEMALE","ageRange":"-34","experience":"NEW"},"question":{"raw":{"text":"아이씨티 업무와 인문학적 소양의 관계는 무엇이며 인문학적 소양은 얼마나 중요하다고 생각하십니까","wordCount":11},"emotion":[],"intent":[]},"answer":{"raw":{"text":"어느 정도 본인의 커리어의 방향성을 가지고 본인의 삶을 어떻게 꾸려나가야 할 생각 정립하는 과정이 있어서 저는 인문학적 소양이 어느 정도는 중요하다고 생각하는 편입니다. 어 충분한 소양의 기준이 무엇인지는 잘 모르 모르겠지만 음 고민을 또 많이 하고 있고 어 어떤 식으로 꾸려갈지 늘 꾸준하게 고민을 하는 편이라 네 충분한 소양을 갖춰 나가고 있다고 생각하는 편입니다.","wordCount":54},"emotion":[],"intent":[{"text":"","expression":"","category":"attitude"}],"summary":{"text":"저는 커리어의 방향성을 가지고 본인의 삶을 어떻게 꾸려나가야 할 생각 정립하는 과정이 있어서 인문학적 소양이 어느 정도는 중요하다고 생각하는 편입니다.","wordCount":20}}},"rawDataInfo":{"question":{"fileFormat":"wav","fileSize":360398,"duration":11260,"samplingBit":16,"channelCount":1,"samplingRate":"16kHz","audioPath":"/Mock/05.ICT/Female/New/ckmk_q_ict_f_n_265407.wav"},"answer":{"fileFormat":"wav","fileSize":1221198,"duration":38160,"samplingBit":16,"channelCount":1,"samplingRate":"16kHz","audioPath":"/Mock/05.ICT/Female/New/ckmk_a_ict_f_n_265407.wav"}}}