{"version":"1.0","dataSet":{"info":{"date":"20230116","occupation":"ICT","channel":"MOCK","place":"ONLINE","gender":"FEMALE","ageRange":"35-44","experience":"NEW"},"question":{"raw":{"text":"만약 지원자님께서 게임 속 캐릭터라면 어떤 게임에서 어떤 역할을 맡고 수행하고 싶으신가요 말씀해 주시기 바랍니다","wordCount":15},"emotion":[],"intent":[]},"answer":{"raw":{"text":"저는 음 페어리 테일의 주인공 캐릭터가 되고 싶습니다. 저는 지금까지 조금은 안정적인 모험과는 좀 거리가 먼 삶을 살았는데요. 그와 반대로 페어리 테일은 친구들과 함께 모험을 겪으면서 성취해 나가는 그런 일상을 그린 게임으로 알고 있습니다. 음 제가 게임 속 캐릭터가 된다면 팀원들과 함께 조금은 어 무모한 혹은 안정적이지 않는 도전적인 일을 한번 해보고 싶습니다.","wordCount":53},"emotion":[],"intent":[{"text":"","expression":"","category":"attitude"}],"summary":{"text":"페어리 테일의 주인공 캐릭터가 된다면 팀원들과 함께 모험을 겪으면서 성취해 나가는 일상을 그린 게임 속 주인공 캐릭터가 되고 싶습니다.","wordCount":19}}},"rawDataInfo":{"question":{"fileFormat":"wav","fileSize":343118,"duration":10720,"samplingBit":16,"channelCount":1,"samplingRate":"16kHz","audioPath":"/Mock/05.ICT/Female/New/ckmk_q_ict_f_n_180080.wav"},"answer":{"fileFormat":"wav","fileSize":1166158,"duration":36440,"samplingBit":16,"channelCount":1,"samplingRate":"16kHz","audioPath":"/Mock/05.ICT/Female/New/ckmk_a_ict_f_n_180080.wav"}}}