{"version":"1.0","dataSet":{"info":{"date":"20230116","occupation":"ICT","channel":"MOCK","place":"ONLINE","gender":"FEMALE","ageRange":"-34","experience":"NEW"},"question":{"raw":{"text":"귀하께서 다룰 수 있는 프로그램은 무엇이 있습니까 어 그것의 이름을 말씀해 주시고 그것을 어느 정도 사용할 수 있는지 십 점 만점으로 해서 말씀해 주세요","wordCount":24},"emotion":[],"intent":[]},"answer":{"raw":{"text":"네 다룰 수 있는 프로그램은 어 에스큐엘과 마이 에스큐엘 또 테블로가 있습니다. 세 개 다 굉장히 높은 고급까지는 활용하지 못하고 이제 어떻게 활용하는지는 알고 테블로의 경우에는 이번 프로젝트에 활용을 하면서 많은 기능을 익혔고 또 필터를 사용하는 방법을 알게 되어서 이제 테블로는 필터를 사용한 시각화까지 할 줄 알고 에스큐엘도 그 데이터 조회 쿼리문까지 사용할 줄 압니다. 네 사실 아직 대단한 수준까지 모두 활용을 하지 못해서 직무를 하면서 점점 배워갈 것 같습니다.","wordCount":70},"emotion":[],"intent":[{"text":"네 다룰 수 있는 프로그램은 어 에스큐엘과 마이 에스큐엘 또 테블로가 있습니다.","expression":"i_hwsw_prfi","category":"attitude"},{"text":"세 개 다 굉장히 높은 고급까지는 활용하지 못하고 이제 어떻게 활용하는지는 알고 테블로의 경우에는 이번 프로젝트에 활용을 하면서 많은 기능을 익혔고 또 필터를 사용하는 방법을 알게 되어서 이제 테블로는 필터를 사용한 시각화까지 할 줄 알고 에스큐엘도 그 데이터 조회 쿼리문까지 사용할 줄 압니다.","expression":"i_hwsw_prfi","category":"attitude"}],"summary":{"text":"에스큐엘, 마이 에스 큐엘, 테블로를 활용할 수 있습니다. 테블로는 필터 사용 시각화와 데이터 조회 쿼리문까지 사용합니다. 네 덕분에 직무를 하며 점점 배워갈 것 같습니다.","wordCount":24}}},"rawDataInfo":{"question":{"fileFormat":"wav","fileSize":567758,"duration":17740,"samplingBit":16,"channelCount":1,"samplingRate":"16kHz","audioPath":"/Mock/05.ICT/Female/New/ckmk_q_ict_f_n_219128.wav"},"answer":{"fileFormat":"wav","fileSize":1435278,"duration":44850,"samplingBit":16,"channelCount":1,"samplingRate":"16kHz","audioPath":"/Mock/05.ICT/Female/New/ckmk_a_ict_f_n_219128.wav"}}}