{"version":"1.0","dataSet":{"info":{"date":"20230116","occupation":"ICT","channel":"MOCK","place":"ONLINE","gender":"FEMALE","ageRange":"35-44","experience":"NEW"},"question":{"raw":{"text":"만약 상사가 업무와 무관한 일을 시킨다고 해도 잘 수행하실 자신이 있으신가요 아니면 솔직하게 수행하지 않을 것인지 말씀 부탁드립니다","wordCount":18},"emotion":[],"intent":[]},"answer":{"raw":{"text":"회사에서 상사가 업무와 무관한 일을 시킨다면 저는 수행하지 않을 것 같습니다. 그 상사가 저에게 지시하는 일이 어떤 일인가에 따라 조금은 차이가 나겠지만 그것이 업무와 전혀 무관한 상사 개인적인 일이라면 저는 수행하지 않겠습니다. 왜냐하면 어 회사에서 회사에서 제가 일을 할 때에는 저의 업무에 집중을 하고 싶고 또 제가 맡은 일은 저는 최선을 다해서 책임감을 가지고 잘 해내고 싶기 때문입니다. 그런데 어 상사가 그 업무와 상관없는 개인적인 심부름을 시킨다거나 아니면 자신의 업무를 저에게 떠맡겼을 때는 저는 그것이 저에게 굉장한 스트레스로 다가 올 것 같습니다. 그렇게 되면 회사에서 일을 하는 동안 어 몸도 마음도 지치게 되고 또 그 상사를 개인적으로 아마 인간적으로 싫어하게 될 것 같습니다. 그럴 때 어 회사에서 하는 모든 일에 대해서 아마 부정적으로 부정적인 시각을 가지고 볼 수 있게 되면서 저는 제 업무에 업무에도 지장을 받을 수 있을 것 같습니다. 그래서 저는 저에게 개인적인 업무를 시키는 상사에게는 정확하게 이야기를 할 것 같습니다. 조금 음 어 후배의 입장에서 상사에게 어 어떤 지적이나 안 좋은 말을 하는 것이 쉽지는 않을 것이라고 생각이 듭니다. 하지만 어 회사에서 업무적으로 만난 상사에게 어 정확하게 저의 의견을 피력을 하고 어 이러 이러한 일은 하지 못하겠다고 말씀드리는 것이 오히려 어 회사 전체의 입장에서 봤을 때 좋기 때문에 저는 그 일을 하지 않고 말씀을 드리겠습니다.","wordCount":197},"emotion":[],"intent":[{"text":"","expression":"","category":"attitude"}],"summary":{"text":"상사가 업무와 무관한 일을 시킨다면 수행하지 않겠습니다. 왜냐하면 제가 업무에 집중을 하고 싶고 맡은 일은 최선을 다해서 잘 해내고 싶기 때문입니다. 그런데 상사가 그 업무와 상관없는 개인적인 심부름을 시킨다거나 아니면 자신의 업무를 떠맡겼을 때는 제가 스트레스로 다가 올 것 같습니다. 그럴 때 회사에서 하는 모든 일에 대해서 부정적으로 부정적인 시각을 가지고 볼 수 있게 되면서 저는 제 업무에 업무에도 지장을 받을 수 있을 것입니다.","wordCount":64}}},"rawDataInfo":{"question":{"fileFormat":"wav","fileSize":610638,"duration":19080,"samplingBit":16,"channelCount":1,"samplingRate":"16kHz","audioPath":"/Mock/05.ICT/Female/New/ckmk_q_ict_f_n_250398.wav"},"answer":{"fileFormat":"wav","fileSize":3847758,"duration":120240,"samplingBit":16,"channelCount":1,"samplingRate":"16kHz","audioPath":"/Mock/05.ICT/Female/New/ckmk_a_ict_f_n_250398.wav"}}}