{"version":"1.0","dataSet":{"info":{"date":"20230116","occupation":"ICT","channel":"MOCK","place":"ONLINE","gender":"FEMALE","ageRange":"35-44","experience":"NEW"},"question":{"raw":{"text":"네 회사에 들어오시면 여러 선배들을 만나게 될 텐데요 어떤 모습의 선배를 만나고 싶으신지요 또 왜 그런 선배를 만나고 싶은지 지원자님이 생각한 바를 말씀해 주시기 바랍니다","wordCount":25},"emotion":[],"intent":[]},"answer":{"raw":{"text":"업무를 잘 알고 능력 훌륭한 업무 능력에 보이는 능력 있는 선배도 좋지만 그보다는 성격 좋고 조금 차분한 선배를 만나고 싶습니다. 제가 실수하거나 잘못하는 부분을 바로 고쳐주기 보다는 조금 기다려주고 제가 답을 사즐 때까지 조금 여유 있게 기다려 줄 수 있는 선배를 만나는 게 어 저한테도 조금 성장할 수 있는 기회를 얻을 수 있기 때문에 좋을 거라고 생각합니다.","wordCount":57},"emotion":[],"intent":[{"text":"","expression":"","category":"attitude"}],"summary":{"text":"업무를 잘 알고 능력있는 선배보다 성격 좋고 차분한 선배를 만나고 싶습니다. 여유있게 기다려 줄 수 있는 선배를 만나는 게 저한테도 성장의 기회가 될 수 있다고 생각합니다.","wordCount":26}}},"rawDataInfo":{"question":{"fileFormat":"wav","fileSize":499278,"duration":15600,"samplingBit":16,"channelCount":1,"samplingRate":"16kHz","audioPath":"/Mock/05.ICT/Female/New/ckmk_q_ict_f_n_180073.wav"},"answer":{"fileFormat":"wav","fileSize":996558,"duration":31140,"samplingBit":16,"channelCount":1,"samplingRate":"16kHz","audioPath":"/Mock/05.ICT/Female/New/ckmk_a_ict_f_n_180073.wav"}}}