{"version":"1.0","dataSet":{"info":{"date":"20230116","occupation":"ICT","channel":"MOCK","place":"ONLINE","gender":"FEMALE","ageRange":"-34","experience":"NEW"},"question":{"raw":{"text":"지원자님이 역사 속에서 가장 존경하는 인물을 말씀해 주세요 그리고 어떤 이유에서 그 인물을 가장 존경하는지 그 이유도 말씀해 주세요","wordCount":19},"emotion":[],"intent":[]},"answer":{"raw":{"text":"역사에서 가장 존경하는 인물은 모세입니다. 어 구약 성경에서 모세는 애굽에 노예 살이로 들어간 이스라엘 백성들을 어 애굽에서 탈출시키는 역할을 하는데요. 그 이후에도 광야 생활 동안 이스라엘 백성들을 굉장히 잘 이끌고 또 헌신적으로 스스로를 희생하며 이 집단을 위하여 무엇이든 하는 탁월한 리더임을 보이기 때문에 저는 모세가 가장 존경하는 인물라 인물이라고 생각이 되었습니다.","wordCount":51},"emotion":[],"intent":[{"text":"","expression":"","category":"attitude"}],"summary":{"text":"구약성경에서 모세가 애굽에서 탈출시킨 역할과 광야 생활 동안 이스라엘 백성들을 잘 이끌고 스스로 희생하는 탁월한 리더임을 보여 가장 존경하는 인물이라고 생각합니다.","wordCount":21}}},"rawDataInfo":{"question":{"fileFormat":"wav","fileSize":368078,"duration":11500,"samplingBit":16,"channelCount":1,"samplingRate":"16kHz","audioPath":"/Mock/05.ICT/Female/New/ckmk_q_ict_f_n_178104.wav"},"answer":{"fileFormat":"wav","fileSize":1314638,"duration":41080,"samplingBit":16,"channelCount":1,"samplingRate":"16kHz","audioPath":"/Mock/05.ICT/Female/New/ckmk_a_ict_f_n_178104.wav"}}}