{"version":"1.0","dataSet":{"info":{"date":"20230116","occupation":"ICT","channel":"MOCK","place":"ONLINE","gender":"FEMALE","ageRange":"-34","experience":"NEW"},"question":{"raw":{"text":"지원자분께서는 협업을 해야 하는 과제와 혼자 해야 하는 과제가 있다고 했을 때 그 둘 중에서 무엇을 더 선호하실까요 그 이유까지도 함께 이야기해 주시면 좋을 것 같습니다","wordCount":26},"emotion":[],"intent":[]},"answer":{"raw":{"text":"네 저는 협업하는 과제를 당연히 선호하는데요. 그 이유가 무엇이냐 저는 이제 협업하는 과제에 대한 두려움이 조금 있어서 처음에는 피했었는데 하고 나니까 제가 얻을 수 있는 게 협업하는 과제가 훨씬 더 많더라고요. 다른 경험과 다른 생각을 가지신 분이 많기 때문에 저의 부족한 점을 많이 알고 또 배울 수 있는 경험을 다른 분들을 통해서 할 수 있었고 협업을 하면서 커뮤니케이션 능력도 키우고 이 프로젝트를 성공적 이끄는데 어떤 식으로 의견을 조율 할 수 있을지도 많이 배울 수 있었습니다. 그래서 저는 협업하는 과제를 굉장히 선호하는 편입니다.","wordCount":82},"emotion":[],"intent":[{"text":"","expression":"","category":"attitude"}],"summary":{"text":"협업하는 과제를 선호하는 이유는 다른 경험과 다른 생각을 가지신 분이 많기 때문입니다. 협업을 하면서 커뮤니케이션 능력도 키우고 의견을 조율 할 수 있는 방법도 많이 배울 수 있었습니다. 그래서 굉장히 선호합니다.","wordCount":30}}},"rawDataInfo":{"question":{"fileFormat":"wav","fileSize":537038,"duration":16780,"samplingBit":16,"channelCount":1,"samplingRate":"16kHz","audioPath":"/Mock/05.ICT/Female/New/ckmk_q_ict_f_n_265406.wav"},"answer":{"fileFormat":"wav","fileSize":1594318,"duration":49820,"samplingBit":16,"channelCount":1,"samplingRate":"16kHz","audioPath":"/Mock/05.ICT/Female/New/ckmk_a_ict_f_n_265406.wav"}}}