{"version":"1.0","dataSet":{"info":{"date":"20230116","occupation":"ICT","channel":"MOCK","place":"ONLINE","gender":"FEMALE","ageRange":"-34","experience":"NEW"},"question":{"raw":{"text":"어 지원자님께서 배달의민족 서비스를 사용하시면서 이제 아쉬웠던 부분이 있으셨나요 있으셨다면 그것은 어떤 부분인지 말씀해 주시길 바랍니다","wordCount":16},"emotion":[],"intent":[]},"answer":{"raw":{"text":"네 사용자 입장에서는 배달비가 가장 아쉬웠고 또 그러면서 제가 좋아하는 메뉴를 잘 추천해 주지 않고 또 제가 좋아하는 스타일의 음식점을 추천 받기가 어려운 점이 저는 조금 아쉬웠어요. 이제 집 근처에 저희 송리단길이라고 맛집 거리가 있는데 거기 아 거 그쪽 가게들이 아무래도 상단에 뜨더라구요. 근데 아무래도 그 특별한 날에 먹는 음식이지 평소에 그냥 먹는 김치찌개 이런 집밥류 같은 가게가 부족할 때도 있고 음 그래서 전체적으로 좀 편향이 되어 있는 면도 있지 않나 라고 생각을 했었습니다.","wordCount":74},"emotion":[],"intent":[{"text":"","expression":"","category":"attitude"}],"summary":{"text":"배달비가 가장 아쉬웠고, 좋아하는 스타일의 음식점을 추천 받기가 어려운 점이 조금 아쉬웠습니다. 송리단길이라는 음식점들은 전체적으로 편향이 되어 있는 면도 있는 것 같습니다.","wordCount":22}}},"rawDataInfo":{"question":{"fileFormat":"wav","fileSize":503758,"duration":15740,"samplingBit":16,"channelCount":1,"samplingRate":"16kHz","audioPath":"/Mock/05.ICT/Female/New/ckmk_q_ict_f_n_265412.wav"},"answer":{"fileFormat":"wav","fileSize":1563918,"duration":48870,"samplingBit":16,"channelCount":1,"samplingRate":"16kHz","audioPath":"/Mock/05.ICT/Female/New/ckmk_a_ict_f_n_265412.wav"}}}