{"version":"1.0","dataSet":{"info":{"date":"20230116","occupation":"ICT","channel":"MOCK","place":"ONLINE","gender":"FEMALE","ageRange":"-34","experience":"NEW"},"question":{"raw":{"text":"이전 직장을 그만뒀던 이유가 있으신가요 특별한 이유가 있으시면 만약에 저희 회사에 들어온 이후에도 저희 회사와도 같은 이유로 그만둘 수 있는 가능성이 있지 않을까요","wordCount":23},"emotion":[],"intent":[]},"answer":{"raw":{"text":"제가 이전 직장을 그만둔 이유는 직장 상사의 갑질 때문이었습니다. 직장 상사는 퇴근 시간 이후나 아니면 주말 휴일 상관없이 전화를 해서 개인적인 심부름을 시켰어요. 음식을 포장해 오게 한다거나 아니면 세탁 심부름 세차 집안 이사일 돕기 그런 것들을 자주 시켰습니다. 저 뿐만 아니라 다른 동료 직원들도 같은 일을 많이 겪었는데요. 그러다보니 견딜 수 없는 부분이 많아서 그만두게 되었습니다. 지금 직장에서는 그런 분이 계시지 않을 것으로 생각하지만 만약 지금 직장에서도 그런 상사가 있다고 하면 저는 그만둘 생각입니다.","wordCount":74},"emotion":[],"intent":[{"text":"","expression":"","category":"attitude"}],"summary":{"text":"직장 상사의 갑질 때문에 직장을 그만둔 저는 다른 동료 직원들과 같은 일을 많이 겪다보니 견딜 수 없는 부분이 많아서 그만두게 되었습니다. 만일 지금 직장에서도 그런 상사가 있다면 그만두겠습니다.","wordCount":28}}},"rawDataInfo":{"question":{"fileFormat":"wav","fileSize":532558,"duration":16640,"samplingBit":16,"channelCount":1,"samplingRate":"16kHz","audioPath":"/Mock/05.ICT/Female/New/ckmk_q_ict_f_n_233633.wav"},"answer":{"fileFormat":"wav","fileSize":1685838,"duration":52680,"samplingBit":16,"channelCount":1,"samplingRate":"16kHz","audioPath":"/Mock/05.ICT/Female/New/ckmk_a_ict_f_n_233633.wav"}}}