{"version":"1.0","dataSet":{"info":{"date":"20230116","occupation":"ICT","channel":"MOCK","place":"ONLINE","gender":"FEMALE","ageRange":"-34","experience":"NEW"},"question":{"raw":{"text":"지원자님은 이 분야에 지원하기 전에 관련된 어떤 노력들을 했나요 본인이 한 노력을 생각나는 대로 말씀해 주세요","wordCount":16},"emotion":[],"intent":[]},"answer":{"raw":{"text":"이 분야에 지원하기 위해서는 부트 캠프라는 취업 캠프를 통해서 많은 본 공부를 하기 위해 노력을 했습니다. 또 이 부트 캠프에 적응하기 위해서 아침 아홉 시부터 저녁 여 여섯 시까지 충분하게 공부하는 시간을 가지고 또 그것을 패턴화 시키기 위해 노력을 했고요. 또 모르는 내용이 있으면 보통 포기를 하거나 주변 사람들한테 물어보는 걸 많이 했는데 이번에 부트 캠프를 통해서 처음으로 열심히 구글링 이란 걸 해봤습니다. 이 구글링을 통해서 아 내가 정보를 원하고 또 찾을 수 있다는 그런 자신감을 얻게 되었고요. 또 이 실습을 하는 것도 참 중요하구나 라는 생각이 들었습니다. 이 가지게 된 정보를 가지고 직접적으로 손으로 써보고 생각해보는 것이 중요하다는 것을 알게 되었습니다.","wordCount":102},"emotion":[],"intent":[{"text":"","expression":"","category":"attitude"}],"summary":{"text":"이 분야에 지원하기 위해 부트 캠프라는 취업 캠프를 통해 많은 본 공부를 했고 적응을 위해 노력했습니다. 또한 구글링을 통해 자신감을 얻었고 이 정보를 가지고 직접 손으로 써보고 생각해보는 것이 중요하다는 것을 알게 되었습니다.","wordCount":33}}},"rawDataInfo":{"question":{"fileFormat":"wav","fileSize":378958,"duration":11840,"samplingBit":16,"channelCount":1,"samplingRate":"16kHz","audioPath":"/Mock/05.ICT/Female/New/ckmk_q_ict_f_n_177580.wav"},"answer":{"fileFormat":"wav","fileSize":1774798,"duration":55460,"samplingBit":16,"channelCount":1,"samplingRate":"16kHz","audioPath":"/Mock/05.ICT/Female/New/ckmk_a_ict_f_n_177580.wav"}}}