{"version":"1.0","dataSet":{"info":{"date":"20230116","occupation":"ICT","channel":"MOCK","place":"ONLINE","gender":"FEMALE","ageRange":"-34","experience":"NEW"},"question":{"raw":{"text":"일을 하다가 상사와 트러블이 생기게 될 수도 있는데 그럴 때는 어떻게 하실 건가요 그리고 상사가 본인을 혼낸다면 기분 나쁘지는 않을까요","wordCount":20},"emotion":[],"intent":[]},"answer":{"raw":{"text":"제가 업무적으로 미숙해서 또 업무적으로 실수가 있어서 혼나는 것은 그렇게 기분이 나쁘지 않을 것 같습니다. 제가 고쳐야 할 점이 맞고 어 이 회사 분위기에 또 프로젝트 분위기에 맞춰서 진행하는 부분이라면 저도 이제 알려주셔야 잘못된 걸 알려주셔야 고치고 개선할 수 있기 때문에 그렇게 기분이 나쁘지는 않을 것 같습니다. 그러나 이제 인신공격적인 말이나 음 예의에 어긋나시는 말씀을 하시면서 혼을 내시면은 그것은 기분이 나쁠 것 같기는 합니다. 그런데 이 업무적인 면에서 혼나는 거는 그렇게 기분 나쁜 일은 아니라고 개인적으로 생각합니다.","wordCount":77},"emotion":[],"intent":[{"text":"","expression":"","category":"attitude"}],"summary":{"text":"업무적으로 미숙해서 혼나는 것은 기분 나쁜 일이 아닙니다. 회사와 프로젝트에 맞게 진행해야 하므로 혼나는 기분은 나쁘지는 않습니다. 그러나 인신공격적인 말, 예의에 어긋나는 말씀으로 혼을 내시면 기분 나쁠 것 같습니다.","wordCount":29}}},"rawDataInfo":{"question":{"fileFormat":"wav","fileSize":355918,"duration":11120,"samplingBit":16,"channelCount":1,"samplingRate":"16kHz","audioPath":"/Mock/05.ICT/Female/New/ckmk_q_ict_f_n_272222.wav"},"answer":{"fileFormat":"wav","fileSize":1487118,"duration":46470,"samplingBit":16,"channelCount":1,"samplingRate":"16kHz","audioPath":"/Mock/05.ICT/Female/New/ckmk_a_ict_f_n_272222.wav"}}}