{"version":"1.0","dataSet":{"info":{"date":"20230116","occupation":"ICT","channel":"MOCK","place":"ONLINE","gender":"FEMALE","ageRange":"35-44","experience":"NEW"},"question":{"raw":{"text":"지원자님만의 스트레스 해소법이 있는지 그리고 있다면 왜 그런 방법으로 스트레스를 해소하는지 어 말씀 부탁드리겠습니다","wordCount":14},"emotion":[],"intent":[]},"answer":{"raw":{"text":"사실 다른 사람들에 비해 스트레스를 크게 받지 않는 편입니다. 특별히 중요한 과제나 해결할 일이 생겼을 때 예의적으로 스트레스를 받는데 제 경험상으로는 원인이 되는 과제나 문제를 해결하기 위해 집중하는 것이 역설적으로 오히려 스트레스를 푸는 방법인 것 같습니다. 간혹 제가 해결할 수 없는 집안일이나 친구 선후배 사이에 갈등으로 인한 스트레스의 경우에는 반대로 그 사람이나 일에서 조금 떨어져 있을려고 노력합니다. 시간과 여유를 갖고 지켜보면 생각보다 별것 아닌 일이라고 느껴지기도 하고 상대방의 입장에서 이해하는 경우도 있는 것 같습니다. 그럴 때는 재미있는 영화를 보거나 소설책을 읽거나 합니다.","wordCount":82},"emotion":[],"intent":[{"text":"","expression":"","category":"attitude"}],"summary":{"text":"다른 사람들에 비해 스트레스는 크게 받지 않지만 중요한 과제나 해결할 일이 생겼을 때 예의적으로 스트레스를 받는데, 원인이 되는 과제나 문제를 해결하기 위해 집중하는 것이 오히려 스트레스를 푸는 방법인 것 같습니다.","wordCount":30}}},"rawDataInfo":{"question":{"fileFormat":"wav","fileSize":345038,"duration":10780,"samplingBit":16,"channelCount":1,"samplingRate":"16kHz","audioPath":"/Mock/05.ICT/Female/New/ckmk_q_ict_f_n_236642.wav"},"answer":{"fileFormat":"wav","fileSize":1597518,"duration":49920,"samplingBit":16,"channelCount":1,"samplingRate":"16kHz","audioPath":"/Mock/05.ICT/Female/New/ckmk_a_ict_f_n_236642.wav"}}}