{"version":"1.0","dataSet":{"info":{"date":"20230116","occupation":"ICT","channel":"MOCK","place":"ONLINE","gender":"FEMALE","ageRange":"-34","experience":"NEW"},"question":{"raw":{"text":"지원자님께서는 동물 실험에 대해 어떤 생각을 가지고 계신가요 더불어 동물 실험이 인간에게 주는 이익은 무엇이라고 생각하실까요","wordCount":16},"emotion":[],"intent":[]},"answer":{"raw":{"text":"동물 실험으로 인간이 보는 피해를 감소시킬 수 있다고 생각합니다. 하지만 굳이 동물 실험을 해야 하는가에 대한 의문이 듭니다. 많은 기술이 발전되어 동물에게도 해를 입히지 않는 세상이 왔으면 좋겠다고 생각합니다. 그리고 그때가 되면 어 동물들도 권리를 지킬 수 있는 세상이 될 수 있다고 생각합니다.","wordCount":43},"emotion":[],"intent":[{"text":"","expression":"","category":"attitude"}],"summary":{"text":"동물 실험으로 인간이 보는 피해를 감소시킬 수 있다고 생각합니다. 동물도 권리를 지킬 수 있는 세상이 되면 좋겠습니다. 기술이 발전되어 동물도 해를 입지 않으면 좋겠습니다.","wordCount":24}}},"rawDataInfo":{"question":{"fileFormat":"wav","fileSize":528718,"duration":16520,"samplingBit":16,"channelCount":1,"samplingRate":"16kHz","audioPath":"/Mock/05.ICT/Female/New/ckmk_q_ict_f_n_150237.wav"},"answer":{"fileFormat":"wav","fileSize":758478,"duration":23700,"samplingBit":16,"channelCount":1,"samplingRate":"16kHz","audioPath":"/Mock/05.ICT/Female/New/ckmk_a_ict_f_n_150237.wav"}}}