{"version":"1.0","dataSet":{"info":{"date":"20230116","occupation":"ICT","channel":"MOCK","place":"ONLINE","gender":"FEMALE","ageRange":"35-44","experience":"NEW"},"question":{"raw":{"text":"본인이 생각하는 것 중 직무 지식과 역량 태도 이 세 가지 중 가장 중요하게 생각하는 것과 그렇게 생각하는 이유를 같이 말씀해 주세요","wordCount":22},"emotion":[],"intent":[]},"answer":{"raw":{"text":"지금 지식 역량 태도 이 세 가지 중에서 제가 제일 중요하게 생각하는 것은 태도입니다. 왜 남들과 똑같이 일하고도 인정받지 못하는 걸까요. 바로 태도 때문입니다. 비즈니스에서 태도와 매너의 중요성에 대해서 관심이 집중되고 있는 걸로 알고 있습니다. 얼마 전 포부스가 뽑는 이상적인 직원의 첫 번째 조건이 바로 태도라고 합니다. 기술이나 역량보다 태도 매너를 훈련시키는 일이 훨씬 어렵고 까다롭기 때문입니다. 매너는 항상 생각지도 못한 순간에 예상치도 못한 사람이 당신을 판단하는 기준이 되기도 하고 단 한 번에 치명적인 실수가 지금까지 쌓아온 모든 노력을 한 순간에 물거품으로 만들어 버릴 수 있기도 합니다. 흔히들 주로 지식과 기술에 비중을 더 많이 두는 것처럼 보이지만 실제 현장에서도 태도를 가장 중요하다고 생각한 합니다. 영업 판매 분야는 거의 구십 프로를 차지한다 해도 과언이 아니라고 합니다. 그래서 많은 지도자 사장들은 직원들의 태도와 매너를 더 관심을 많이 가지는 걸로 알고 있습니다.","wordCount":129},"emotion":[],"intent":[{"text":"","expression":"","category":"attitude"}],"summary":{"text":"태도 때문에 남들과 똑같이 일하고도 인정받지 못합니다. 비즈니스에서 태도와 매너의 중요성에 관심이 집중되고 있습니다. 기술이나 역량보다 태도 매너를 훈련시키는 일이 훨씬 어렵고 까다롭기 때문입니다. 보통 지식과 기술에 비중을 많이 두는 것처럼 보이지만 실제 현장에서는 태도를 가장 중요하다고 생각합니다.","wordCount":38}}},"rawDataInfo":{"question":{"fileFormat":"wav","fileSize":373518,"duration":11670,"samplingBit":16,"channelCount":1,"samplingRate":"16kHz","audioPath":"/Mock/05.ICT/Female/New/ckmk_q_ict_f_n_176295.wav"},"answer":{"fileFormat":"wav","fileSize":2533838,"duration":79180,"samplingBit":16,"channelCount":1,"samplingRate":"16kHz","audioPath":"/Mock/05.ICT/Female/New/ckmk_a_ict_f_n_176295.wav"}}}