{"version":"1.0","dataSet":{"info":{"date":"20230116","occupation":"ICT","channel":"MOCK","place":"ONLINE","gender":"FEMALE","ageRange":"-34","experience":"NEW"},"question":{"raw":{"text":"오늘 면접 준비하시느라 고생 많이 하셨습니다 그런데 혹시 면접은 어떤 방법으로 준비하셨나요","wordCount":12},"emotion":[],"intent":[]},"answer":{"raw":{"text":"네 저는 면접 스터디에 참여를 많이 했고요. 또 어 면접 스터디에 면접 참여를 많이 했고 또 면접에 대해서 컨펌을 받을 수 있는 기회가 있으면은 재빠르게 많이 지원을 했던 것 같습니다. 또 면접에서 저희가 어떤 점을 보여드려야 할지 고민을 하면서 자소서를 적고 또 어떤 질문을 얻게 될지 어 생각을 해보면서 답변 준비를 해 왔습니다.","wordCount":53},"emotion":[],"intent":[{"text":"","expression":"","category":"attitude"}],"summary":{"text":"면접에서 어떤 점을 보여드려야 할지 고민하면서 자소서를 적고, 어떤 질문을 얻게 될지 생각을 해보면서 답변 준비를 해 왔습니다.","wordCount":18}}},"rawDataInfo":{"question":{"fileFormat":"wav","fileSize":300878,"duration":9400,"samplingBit":16,"channelCount":1,"samplingRate":"16kHz","audioPath":"/Mock/05.ICT/Female/New/ckmk_q_ict_f_n_272221.wav"},"answer":{"fileFormat":"wav","fileSize":1190478,"duration":37200,"samplingBit":16,"channelCount":1,"samplingRate":"16kHz","audioPath":"/Mock/05.ICT/Female/New/ckmk_a_ict_f_n_272221.wav"}}}