{"version":"1.0","dataSet":{"info":{"date":"20230116","occupation":"ICT","channel":"MOCK","place":"ONLINE","gender":"FEMALE","ageRange":"35-44","experience":"NEW"},"question":{"raw":{"text":"본인이 창의적으로 문제를 해결했던 적이 있으신가요 어떤 문제를 창의적으로 해결했던 적이 있으시다면 그 과정이 어땠는지 최대한 자세하게 말해주세요","wordCount":18},"emotion":[],"intent":[]},"answer":{"raw":{"text":"의류 창고에서 상품 출하 시 박스 적재 방식을 바꿔 비용을 대폭 줄여 본 적이 있습니다. 의류 창고에 경우 상품 출하량이 증가할수록 재고 공간 확보 및 운송료를 줄일 수 있어 창고 유지 비용을 줄일 수 있었습니다. 제가 일했던 의류 창고에 경우 상품 입고에는 문제가 없었지만 상품 출하에서 문제가 있었습니다. 박스를 적재할 시 한 차량에 백 구십 두 개의 박스를 적재하는 정해진 방법이 있었는데 그 방법대로 적재하다 보면 중간에 틈이 생겨 상당히 비효율적이라는 생각이 들었습니다. 이 점을 눈여겨보고 쉬는 시간을 이용해 차량 적재 공간의 크기 박스의 크기를 시 실측하여 가장 효율적인 적재 방법을 계산한 후 출하 업무를 할 때 이론적으로 계산한 방법이 실제로 가능한지 확인하는 작업을 했습니다. 그 결과 빈 공간을 최대한 줄이는 적재 방법을 찾아 한 차량에 백 구십 여덟 개의 박스를 실어 이전 방법보다 여섯 개를 더 실을 수 있게 되었습니다. 하루 평균 세 대에서 네 대의 차량에 적재를 하고 차량 운송료가 일 회 평군 평균 삼십 만 원이라는 점을 고려한다면 십 일마다 한 대의 운송 비용을 줄일 수 있었습니다. 제게 주어진 출하 업무를 묵묵히 수행하기보다 문제를 인식하고 창의적인 사고를 발휘해 문제를 해결한 경험이었습니다.","wordCount":174},"emotion":[],"intent":[{"text":"","expression":"","category":"attitude"}],"summary":{"text":"제게 주어진 출하 업무를 묵묵히 수행하기보다 문제를 인식하고 창의적인 사고를 발휘해 문제를 해결한 경험이었습니다. 상품 출하량이 증가할수록 재고 공간 확보 및 운송료를 줄일 수 있어 창고 유지 비용을 줄일 수 있었습니다. 하루 평균 세 대에서 네 대의 차량에 적재를 하고 차량 운송료가 일 회 평군 평균 삼천 만 원이라는 점을 고려한다면 십 일마다 한 대의 운송 비용을 줄였습니다.","wordCount":58}}},"rawDataInfo":{"question":{"fileFormat":"wav","fileSize":500558,"duration":15640,"samplingBit":16,"channelCount":1,"samplingRate":"16kHz","audioPath":"/Mock/05.ICT/Female/New/ckmk_q_ict_f_n_236636.wav"},"answer":{"fileFormat":"wav","fileSize":3001038,"duration":93780,"samplingBit":16,"channelCount":1,"samplingRate":"16kHz","audioPath":"/Mock/05.ICT/Female/New/ckmk_a_ict_f_n_236636.wav"}}}