{"version":"1.0","dataSet":{"info":{"date":"20230116","occupation":"ICT","channel":"MOCK","place":"ONLINE","gender":"FEMALE","ageRange":"-34","experience":"NEW"},"question":{"raw":{"text":"평소에 검색을 자주 하는 편이신가요 어떤 검색을 주로 하시고 왜 그것을 주로 검색하시는지 함께 말씀해 주시기 바랍니다","wordCount":17},"emotion":[],"intent":[]},"answer":{"raw":{"text":"네 저는 검색을 자주 하는 편입니다. 어 아무래도 실생활에서도 검색을 워낙 자주 하고 또 프로젝트나 데이터 도메인 지식 혹은 이 프로젝트 진행을 하면서 막히는 부분이 생겼을 때 필수적으로 검색을 해 보고 키워드 하나로 제가 원하는 어 정보가 나오지 않으면은 키워드를 또 여러 개로 해서 검색을 반복적으로 해보는 편입니다. 그렇게 해서 실제로 도움이 많이 되었었고 제가 가지고 있는 지식 대부분은 검색을 통해 얻은 것이라고 해도 과언이 아닐 만큼 많습 많은 많은 도움을 받습니다.","wordCount":72},"emotion":[],"intent":[{"text":"","expression":"","category":"attitude"}],"summary":{"text":"저는 실생활에서 검색을 자주 하고 프로젝트 진행 중 막히는 부분이 생겼을 때 필수적으로 검색을 해 보고 반복적으로 검색을 해보는 편입니다. 그 결과 지식의 대부분을 검색을 통해 얻었습니다.","wordCount":27}}},"rawDataInfo":{"question":{"fileFormat":"wav","fileSize":588878,"duration":18400,"samplingBit":16,"channelCount":1,"samplingRate":"16kHz","audioPath":"/Mock/05.ICT/Female/New/ckmk_q_ict_f_n_251835.wav"},"answer":{"fileFormat":"wav","fileSize":1517198,"duration":47410,"samplingBit":16,"channelCount":1,"samplingRate":"16kHz","audioPath":"/Mock/05.ICT/Female/New/ckmk_a_ict_f_n_251835.wav"}}}