{"version":"1.0","dataSet":{"info":{"date":"20230116","occupation":"ICT","channel":"MOCK","place":"ONLINE","gender":"FEMALE","ageRange":"-34","experience":"NEW"},"question":{"raw":{"text":"최근 아이씨티 기술에 관심을 가졌던 경험이 있으시다면 그 이유에 대해서 한번 말씀해 주시겠습니까","wordCount":13},"emotion":[],"intent":[]},"answer":{"raw":{"text":"어 제가 가장 관심을 가졌던 경험은 바로 어 엔에프티 분야입니다. 어 아무래도 어 코로나로 어 비대면에 그 관심이 대두되는 가운데 어 그 대체 불가능 토큰이라는 그 엔에프티에 기술에 굉장히 관심이 갔었고요. 어 아무래도 그 사업 모델로 등장하는 뭐 에이아이나 어 인간이 아닌 그런 캐릭터가 직접 그 화면 안에서 저 대신 직접 어 화면 안에 있는 캐릭터로 살고 있기 때문에 어 그런 메타버스나 엔에프티에 대해 관심이 많이 가졌고 어 가상 현실이나 그런 증강 현실을 그 결합한 그 아이오티 기반 메타버스가 어 이전보다 더 똑똑하고 그리고 완벽하게 그 실 시간으로 안전한 물리 세계를 만들 것이라는 어 그 수단이라는 것도 이제는 알고 있습니다. 그래서 아이오티 기반 메타버스 엔에프티에 대해서 좀 더 관심을 가지고 어떻게 그것이 더 어 안전하게 사람들에게 다가갈 수 있을지를 고민하고 있습니다.","wordCount":121},"emotion":[],"intent":[{"text":"","expression":"","category":"attitude"}],"summary":{"text":"비대면에 대한 관심에서 엔에프티 기술에 관심을 가졌습니다. 에이아이나 인간이 아닌 캐릭터가 화면 안에서 삽니다. 아이오티 기반 메타버스가 전보다 더 똑똑하고 실 시간으로 안전한 물리 세계를 만들 것입니다. 그래서 엔F티에 대해 더 안전한 접근 방법을 고민하고 있습니다.","wordCount":36}}},"rawDataInfo":{"question":{"fileFormat":"wav","fileSize":339918,"duration":10620,"samplingBit":16,"channelCount":1,"samplingRate":"16kHz","audioPath":"/Mock/05.ICT/Female/New/ckmk_q_ict_f_n_257526.wav"},"answer":{"fileFormat":"wav","fileSize":2787278,"duration":87100,"samplingBit":16,"channelCount":1,"samplingRate":"16kHz","audioPath":"/Mock/05.ICT/Female/New/ckmk_a_ict_f_n_257526.wav"}}}