{"version":"1.0","dataSet":{"info":{"date":"20230116","occupation":"ICT","channel":"MOCK","place":"ONLINE","gender":"FEMALE","ageRange":"-34","experience":"NEW"},"question":{"raw":{"text":"가장 최근에 진행했던 업무 중에 문제를 해결했던 그런 사례가 있다면 말씀해 주실 수 있을까요","wordCount":14},"emotion":[],"intent":[]},"answer":{"raw":{"text":"네 제가 경험해 본 업무 중 문제 해결 사례는 어 저희 프로젝트에서 이제 배포 단계를 해야 했었는데요. 그 배포 단계에서 텐소플로우를 사용을 했었고 저희 씨 피 그 텐소플로우가 그 텐소플로우가 텐소플로우를 사용한 딥러닝 프로젝트가 이제 인터넷 환경에서 돌아가려면 씨피유 칩이 빠른 칩이 필요했었습니다. 그런데 저희가 이제 엠 원 실리콘 칩을 팀원들이 모두 사용을 했었는데 모두 운영 체제가 맞지 않았고 이제 엠 원에 할 수 있다고 인터넷에서 나오는데 계속 오류가 나서 안 되더라고요. 그래서 저희가 네 제가 집에 잠들어 있던 정말 고전적인 노트북을 꺼내서 그거를 겨우 겨우 다시 복 인 컴퓨터를 복구해서 어 결국에 어떻게든 그 딥 러닝 모델을 인터넷 사이트의 말을 마음대로 돌린 경험이 있었습니다.","wordCount":105},"emotion":[],"intent":[{"text":"그래서 저희가 네 제가 집에 잠들어 있던 정말 고전적인 노트북을 꺼내서 그거를 겨우 겨우 다시 복 인 컴퓨터를 복구해서 어 결국에 어떻게든 그 딥 러닝 모델을 인터넷 사이트의 말을 마음대로 돌린 경험이 있었습니다.","expression":"c_private","category":"background"}],"summary":{"text":"배포 단계에서 텐소플로우를 사용했었는데 인터넷 환경에서 돌아가려면 씨피유 칩이 빠른 칩이 필요했습니다. 그런데 엠 원 실리콘 칩을 팀원들이 모두 사용을 했었는데 운영 체제가 맞지 않아 인터넷 나오는데 오류가 나서 안 되었습니다.","wordCount":31}}},"rawDataInfo":{"question":{"fileFormat":"wav","fileSize":294478,"duration":9200,"samplingBit":16,"channelCount":1,"samplingRate":"16kHz","audioPath":"/Mock/05.ICT/Female/New/ckmk_q_ict_f_n_272106.wav"},"answer":{"fileFormat":"wav","fileSize":2309838,"duration":72180,"samplingBit":16,"channelCount":1,"samplingRate":"16kHz","audioPath":"/Mock/05.ICT/Female/New/ckmk_a_ict_f_n_272106.wav"}}}