{"version":"1.0","dataSet":{"info":{"date":"20230116","occupation":"ICT","channel":"MOCK","place":"ONLINE","gender":"FEMALE","ageRange":"55-","experience":"NEW"},"question":{"raw":{"text":"글로벌 인재에게 가장 필수적인 요소는 무엇이라고 생각하시나요 그리고 면접자님은 그것을 위해서 어떤 노력을 하셨나요","wordCount":14},"emotion":[],"intent":[]},"answer":{"raw":{"text":"글로벌 인재에게 필수적인 요소는 첫 번째는 그 사람의 전문성이라고 생각이 되고요. 두 번째로는 사람들과 소통할 수 있는 능력이 아닐까 합니다. 저는 저의 전문성을 기르기 위해서 아이티 관련 학과를 나오지는 않았지만 관련된 여러 자격증 과정 또는 관련 전문가 과정을 마치면서 어 여러 개의 라이센스를 가지고 있고 실제로 업무를 진행할 때 함께 어려움 없이 진행을 해 왔습니다. 그리고 두 번째로 사람들과 특히 외국 사람들과도 소통할 수 있도록 영어나 또 일본어 기타 외국어에 항상 관심을 가지고 또 꾸준히 공부를 하고 있습니다.","wordCount":78},"emotion":[{"text":"그리고 두 번째로 사람들과 특히 외국 사람들과도 소통할 수 있도록 영어나 또 일본어 기타 외국어에 항상 관심을 가지고 또 꾸준히 공부를 하고 있습니다.","expression":"p-interest","category":"positive"}],"intent":[{"text":"","expression":"","category":"attitude"}],"summary":{"text":"글로벌 인재에게 필수적인 요소는 그 사람의 전문성과 사람들과 소통할 수 있는 능력이 아닐까 합니다. 저는 여러 개의 라이센스를 가지고 실제 업무를 진행할 때 함께 어려움 없이 진행을 해왔습니다.","wordCount":28}}},"rawDataInfo":{"question":{"fileFormat":"wav","fileSize":323278,"duration":10100,"samplingBit":16,"channelCount":1,"samplingRate":"16kHz","audioPath":"/Mock/05.ICT/Female/New/ckmk_q_ict_f_n_248045.wav"},"answer":{"fileFormat":"wav","fileSize":1694158,"duration":52940,"samplingBit":16,"channelCount":1,"samplingRate":"16kHz","audioPath":"/Mock/05.ICT/Female/New/ckmk_a_ict_f_n_248045.wav"}}}