{"version":"1.0","dataSet":{"info":{"date":"20230116","occupation":"ICT","channel":"MOCK","place":"ONLINE","gender":"FEMALE","ageRange":"35-44","experience":"NEW"},"question":{"raw":{"text":"어 지원자님이 입사 직장을 선택하실 때 가장 중요하게 생각하는 세 가지를 꼽자면 어떤 것들이 있는지 말씀해 주세요","wordCount":17},"emotion":[],"intent":[]},"answer":{"raw":{"text":"저는 무조건 돈을 잘 주는 곳을 선택합니다. 제가 일하는 거에 대해서 정당하게 보수를 책정을 했는지 그리고 제가 이 회사를 오래 다녔을 때 정당하게 제가 어 일한 만큼 보수를 임금을 높여주는지를 가장 먼저 체크하구요. 뭐 상여금이나 성과금 그런 것들을 어떤 식으루 진행이 되고 있는지도 꼼꼼하게 확인하는 편입니다. 자본주의 시대에서 돈으로 대가를 받는 거는 당연하고 우리가 돈을 벌기 위해서 살아간다고 해도 과언이 아닌데 그것들로 보상해 주지 않으려고 한다면 저는 그 직장을 선택하지 않으려고 할 것 같습니다. 내가 일을 열심히 한다면 어 격려의 말도 좋지만 항상 그것들을 숫자로 증명해 주는 그런 직장을 선택합니다.","wordCount":90},"emotion":[],"intent":[{"text":"","expression":"","category":"attitude"}],"summary":{"text":"자본주의 시대에서 돈으로 대가를 받는 것은 당연하고 우리는 돈을 벌기 위해서 살아간다고 해도 과언이 아닌데 그것들로 보상해 주지 않으려 한다면 저는 그 직장을 선택하지 않으려고 할 것 같습니다.","wordCount":28}}},"rawDataInfo":{"question":{"fileFormat":"wav","fileSize":367118,"duration":11470,"samplingBit":16,"channelCount":1,"samplingRate":"16kHz","audioPath":"/Mock/05.ICT/Female/New/ckmk_q_ict_f_n_165181.wav"},"answer":{"fileFormat":"wav","fileSize":2311758,"duration":72240,"samplingBit":16,"channelCount":1,"samplingRate":"16kHz","audioPath":"/Mock/05.ICT/Female/New/ckmk_a_ict_f_n_165181.wav"}}}