{"version":"1.0","dataSet":{"info":{"date":"20230116","occupation":"ICT","channel":"MOCK","place":"ONLINE","gender":"FEMALE","ageRange":"-34","experience":"NEW"},"question":{"raw":{"text":"우버 택시와 관한 논란이 있었던 것을 알고 계십니까 지원자님께서는 찬반 양론에 대하여 각각 어떻게 생각하십니까","wordCount":15},"emotion":[],"intent":[]},"answer":{"raw":{"text":"우버 택시에 관한 논란이 있었는데 저는 찬성이었습니다. 일단 우버 택시를 도입하면서 저희 일반인들이 특히 택시를 활용하고자 하는 직장인 분들 회사원들 원 분들이 활용하는 장점이 굉장히 저는 크다고 생각을 했습니다. 또 저희 일상 안에서 교통비 이라는 게 굉장히 큰 부분을 차지하고 있다고 생각을 하고 또 일본이나 다른 나라의 경우에는 교통비가 한국보다 대중교통비가 훨씬 더 비싸기 때문에 더 큰 부분을 차지하는 걸로 알고 있는데요. 이제 한국도 우버 택시를 도입해서 어 비용적인 문 면에서 또 시간 활용적인 면에서 굉장히 큰 이점을 얻을 수 있었기 때문에 저는 찬성입니다.","wordCount":84},"emotion":[],"intent":[{"text":"","expression":"","category":"attitude"}],"summary":{"text":"한국도 우버 택시를 도입해서 비용적인 문 면에서 또 시간 활용적인 면에서 굉장히 큰 이점을 얻을 수 있었기 때문에 찬성입니다. 또한 우리 일상 안에서 교통비가 굉장히 큰 부분을 차지하고 있다고 생각하여 우버 택시에 관한 논란이 있었습니다.","wordCount":35}}},"rawDataInfo":{"question":{"fileFormat":"wav","fileSize":487758,"duration":15240,"samplingBit":16,"channelCount":1,"samplingRate":"16kHz","audioPath":"/Mock/05.ICT/Female/New/ckmk_q_ict_f_n_161184.wav"},"answer":{"fileFormat":"wav","fileSize":1703758,"duration":53240,"samplingBit":16,"channelCount":1,"samplingRate":"16kHz","audioPath":"/Mock/05.ICT/Female/New/ckmk_a_ict_f_n_161184.wav"}}}