{"version":"1.0","dataSet":{"info":{"date":"20230116","occupation":"ICT","channel":"MOCK","place":"ONLINE","gender":"FEMALE","ageRange":"-34","experience":"NEW"},"question":{"raw":{"text":"업무 중에는 종종 스케줄에 어떤 일이 생길 수가 있습니다 이런 상황이 생길 때 본인은 어떻게 대처하실 건가요","wordCount":17},"emotion":[],"intent":[]},"answer":{"raw":{"text":"업무 중 스케줄에 없던 일이 생긴다면 어 저는 보통 계획을 작성 하루 계획을 작성하여 그 하루에 계획한 걸 하는 편이기 때문에 일단 스케줄을 체크하고 어 그 사이 사이에 가능한 시간에 이 업무를 끼워 넣어서 일단 업무를 수행하려고 노력할 것 같습니다. 다만 이 업무를 전부 다 하지 못할 상황도 발생하기 때문에 이 업무를 받을 시에 이런 이런 기간까지 해도 되는지 체크를 해보고 그 기간에 맞춰서 드리도록 노력할 것 같습니다. 또 이런 상황이 생긴다면 어 저는 굉장히 계획적으로 하는 편이라 당황스럽긴 하겠지만 그래도 이 업무를 얼마나 빠른 시간 안에 어느 정도의 완성도를 원하시는지 먼저 체크를 해보고 수행하도록 노력할 것 같습니다.","wordCount":98},"emotion":[],"intent":[{"text":"","expression":"","category":"attitude"}],"summary":{"text":"업무 중 스케줄에 없던 일이 생긴다면 일단 일정을 체크하고 그 사이에 가능한 시간에 이 업무를 끼워넣을 것 같습니다. 업무를 전부 다 못할 상황도 발생하기 때문에 업무를 받을 시에 어떤 기간까지 해도 되는지 체크를 해보고 그 기간에 맞춰서 드리도록 노력할 것 같습니다.","wordCount":41}}},"rawDataInfo":{"question":{"fileFormat":"wav","fileSize":304718,"duration":9520,"samplingBit":16,"channelCount":1,"samplingRate":"16kHz","audioPath":"/Mock/05.ICT/Female/New/ckmk_q_ict_f_n_161183.wav"},"answer":{"fileFormat":"wav","fileSize":1867598,"duration":58360,"samplingBit":16,"channelCount":1,"samplingRate":"16kHz","audioPath":"/Mock/05.ICT/Female/New/ckmk_a_ict_f_n_161183.wav"}}}