{"version":"1.0","dataSet":{"info":{"date":"20230116","occupation":"ICT","channel":"MOCK","place":"ONLINE","gender":"FEMALE","ageRange":"55-","experience":"NEW"},"question":{"raw":{"text":"만약 입사를 하고 난 후에 지금 지원자님께서 지원하신 이 업무가 아니라 다른 부서로 배치가 된다면 지원자님께서는 어떻게 하시겠습니까 다른 부서에서 일을 하셔도 괜찮으시겠습니까","wordCount":23},"emotion":[],"intent":[]},"answer":{"raw":{"text":"제가 지원한 이 직무 현재 직무가 현재 시점에서는 제가 회살 에 가장 기여를 할 수 있고 또 제 스스로도 잘 할 수 있는 그런 분야라고 생각됩니다. 그래서 가급적이면 이제 이 직무를 어 어느 정도는 해보고 또 다른 부서로 가면 좋겠습니다. 하지만 또 어 회사의 상황이나 또는 인력 배치 상황이 어 적절하지 않다면 그래서 제가 다른 부서에 배치가 되게 된다면 기존에 가지고 있는 역량이 사라지는 것은 아니고 어 그걸 바탕으로 또 새로운 일을 배울 수 있으리라고 생각이 됩니다. 그래서 새로운 분야에서 또 새로운 어 선후배님들 그리고 동기님들과 어 잘 협력을 해서 초심자의 입장으로 배우면서 업무에 적응해 보도록 하겠습니다.","wordCount":97},"emotion":[],"intent":[{"text":"","expression":"","category":"attitude"}],"summary":{"text":"제가 지원한 직무 현재 직무가 현재 시점에서는 제가 회생에 가장 기여 할 수 있고 스스로도 잘 할 수 있는 분야라고 생각됩니다. 그래서 이 직무를 어느 정도 해보고 다른 부서로 가면 새로운 일을 배울 수 있을 것입니다.","wordCount":36}}},"rawDataInfo":{"question":{"fileFormat":"wav","fileSize":640398,"duration":20010,"samplingBit":16,"channelCount":1,"samplingRate":"16kHz","audioPath":"/Mock/05.ICT/Female/New/ckmk_q_ict_f_n_229162.wav"},"answer":{"fileFormat":"wav","fileSize":1785358,"duration":55790,"samplingBit":16,"channelCount":1,"samplingRate":"16kHz","audioPath":"/Mock/05.ICT/Female/New/ckmk_a_ict_f_n_229162.wav"}}}