{"version":"1.0","dataSet":{"info":{"date":"20230116","occupation":"ICT","channel":"MOCK","place":"ONLINE","gender":"FEMALE","ageRange":"55-","experience":"NEW"},"question":{"raw":{"text":"특별히 가고 싶은 회사가 있나요 그렇다면 특정 도메인이 중요한지 회사의 분위기가 중요한지 어떤 점들을 중점적으로 보는지 궁금합니다","wordCount":17},"emotion":[],"intent":[]},"answer":{"raw":{"text":"네 회사를 선택할 때 우선 첫 번째는 그 회사가 어떤 비전을 가지고 있는지 어 뭐 어떤 가치를 추구하는지 특히 사회적 가치가 어떤 것이 있는지 그 부분을 좀 관심 있게 보는 거 같습니다. 어 왜냐하면 어떤 일을 할 때 어 때로는 힘들 수도 있고 여러 가지 갈등들도 있을 수 있는데 내가 어떤 것을 위해서 하고 있는지 나의 가치와 아 잘 맞았을 때 이 일을 진행할 수 있으리라고 생각이 되구요. 또 한 가지는 음 기존의 어떤 그 상하 경직된 관계가 아닌 자유롭고 어 의사를 표현할 수 있는 자유롭게 의사를 표현하고 어 또 여러 가지 다양한 근무 형태 어 또는 복지 이런 것들도 이제 중요하다 라고 생각이 됩니다. 그리고 연봉도 또한 중요하겠죠. 네 그렇습니다.","wordCount":111},"emotion":[],"intent":[{"text":"","expression":"","category":"attitude"}],"summary":{"text":"회사를 선택할 때 우선 회사가 어떤 비전을 가지고 있는지 사회적 가치가 어떤 것이 있는지 그 부분을 관심 있게 보는 거 같습니다. 그리고 자유롭게 의사를 표현하고 다양한 근무 형태 어 또는 복지 이런 것들도 중요합니다.","wordCount":34}}},"rawDataInfo":{"question":{"fileFormat":"wav","fileSize":425038,"duration":13280,"samplingBit":16,"channelCount":1,"samplingRate":"16kHz","audioPath":"/Mock/05.ICT/Female/New/ckmk_q_ict_f_n_229157.wav"},"answer":{"fileFormat":"wav","fileSize":1836878,"duration":57400,"samplingBit":16,"channelCount":1,"samplingRate":"16kHz","audioPath":"/Mock/05.ICT/Female/New/ckmk_a_ict_f_n_229157.wav"}}}