{"version":"1.0","dataSet":{"info":{"date":"20230116","occupation":"ICT","channel":"MOCK","place":"ONLINE","gender":"FEMALE","ageRange":"-34","experience":"NEW"},"question":{"raw":{"text":"지원자님께서 직장을 선택하실 때 가장 중요하게 생각하는 것들은 무엇인가요 세 가지를 골라서 각각 자세하게 말씀해 주실 수 있을까요","wordCount":18},"emotion":[],"intent":[]},"answer":{"raw":{"text":"제가 직장을 선택할 때 가장 중요하게 생각하승 하는 것은 제가 배울 점이 있는지와 그리고 다양한 사람들과 의사소통이 활발하게 이루어지는가 그리고 분위기에 대해서 많이 보고 있습니다. 어 일단 제가 배울 점이 있는지가 중요하다고 생각하는 이유는 제가 배우는 것에 대해서 굉장히 열정이 있고 그리고 배우고 싶어서 회사에 다니고 싶어하는 것도 있기 때문에 라고 생각을 합니다. 그리고 의사소통에 대해서는 아무래도 회사가 기계랑만 마주치는 것이 아니라 사람이랑도 마주치는 일인데 의사소통이 잘 되면 더 좋을 것이라고 생각을 하고 제가 좋은 분위기에서 긍정적인 에너지를 발산해내는 편이기 때문에 좋은 분위기가 나왔으면 좋겠다는 생각으로 이 세 가지를 꼽았던 것 같습니다.","wordCount":92},"emotion":[],"intent":[{"text":"","expression":"","category":"attitude"}],"summary":{"text":"직장 선택 시 가장 중요하게 생각하는 것은 제가 배울 점이 있는지와 다양한 사람들과 의사소통이 활발하게 이루어지는가 그리고 분위기가 좋았으면 좋겠다는 생각이 들었습니다.","wordCount":22}}},"rawDataInfo":{"question":{"fileFormat":"wav","fileSize":601678,"duration":18800,"samplingBit":16,"channelCount":1,"samplingRate":"16kHz","audioPath":"/Mock/05.ICT/Female/New/ckmk_q_ict_f_n_221294.wav"},"answer":{"fileFormat":"wav","fileSize":1692238,"duration":52880,"samplingBit":16,"channelCount":1,"samplingRate":"16kHz","audioPath":"/Mock/05.ICT/Female/New/ckmk_a_ict_f_n_221294.wav"}}}