{"version":"1.0","dataSet":{"info":{"date":"20230116","occupation":"ICT","channel":"MOCK","place":"ONLINE","gender":"FEMALE","ageRange":"45-54","experience":"NEW"},"question":{"raw":{"text":"평소 본인은 개인 작업을 많이 하나요 그렇다면 개인 작업을 많이 할 수 있게 하는 원동력이 무엇인가요","wordCount":16},"emotion":[],"intent":[]},"answer":{"raw":{"text":"어 평소에 개인 작업이라면 업무 외적인 제 개인적인 일을 많이 하냐는 말씀이신가요. 네 글쎄요. 그까 많다 적다의 개념 이 기준이 이제 사람마다 다르긴 하지만 좀 많이 하는 것 같다 라고 생각을 하구요. 어 그거는 인제 업무 외적인 부분이더라도 또 내가 그까 그 나를 위한 어떤 그 일들을 하다 보면 또 뭔가 성취감도 느껴지고 행복감도 느껴지면서 삶의 질이 달라지는 것 같습니다. 그까 삶의 질이라는 게 뭐 특별한 건 아니고 내가 생각했을 때 기분 좋고 컨디션이 좋으면 예 좋은 거 아닙니까. 그래서 그렇게 좋은 상태를 유지해야 내가 업무를 할 때도 좀 더 창의적인 어떤 개발이나 이런 부분을 잘 할 수 있다고 예 생각을 해서 네 개인 작업을 많이 하는 것 같습니다.","wordCount":109},"emotion":[],"intent":[{"text":"","expression":"","category":"attitude"}],"summary":{"text":"개인 작업과 업무 외적인 일을 병행하다 보면 성취감과 행복감, 삶의 질이 달라지는 것 같습니다. 좋은 상태를 유지해야 업무를 할 때도 창의적인 개발이나 개인 작업을 잘 할 수 있습니다.","wordCount":28}}},"rawDataInfo":{"question":{"fileFormat":"wav","fileSize":274318,"duration":8570,"samplingBit":16,"channelCount":1,"samplingRate":"16kHz","audioPath":"/Mock/05.ICT/Female/New/ckmk_q_ict_f_n_181365.wav"},"answer":{"fileFormat":"wav","fileSize":2153038,"duration":67280,"samplingBit":16,"channelCount":1,"samplingRate":"16kHz","audioPath":"/Mock/05.ICT/Female/New/ckmk_a_ict_f_n_181365.wav"}}}