{"version":"1.0","dataSet":{"info":{"date":"20230116","occupation":"ICT","channel":"MOCK","place":"ONLINE","gender":"FEMALE","ageRange":"35-44","experience":"NEW"},"question":{"raw":{"text":"면접자님께서는 이전 직장 혹은 대학에서 어떤 프로젝트를 해 봤는지 생각나시는 게 있다면 한번 말씀해 주시겠습니까","wordCount":15},"emotion":[],"intent":[]},"answer":{"raw":{"text":"네 이전 직장에서 했던 프로젝트 중 가장 기억에 남는 프로젝트는 현재 있는 건물 옆에 새 건물을 증축하여서 신규 확장을 하는 프로젝트였습니다. 이 프로젝트를 하기 위해서 건물 공정 계획까지 체크해야 했고 일정에 맞게 건물 공정과 허가 그리고 이사 인테리어 마케팅까지 모두 다 한꺼번에 시일에 맞춰서 끝낼 수 있게 타임 테이블을 작성하고 체크하는 역할이 아주 중요했습니다. 그리고 시간에 맞춰서 할 수 있기 위해서 각자의 업무 분담을 가장 명확하게 했고 업무 분담을 했음에도 불구하고 바쁜 사람이 있을 때는 다른 인력들이 투입해서 서포트해서 같이 협업을 통해서 마무리할 수 있도록 하였습니다. 각자의 담당 분야가 있더라도 결국은 하나의 프로젝트이고 모두가 다 연관되어 있었기 때문에 매번 회의를 통해서 길지 않지만 회의를 통해서 진행 상황을 공유하며 피드백을 할 수 있었습니다. 이러한 활동들을 통해서 정해진 기일 내에 프로젝트를 완수할 수 있었습니다.","wordCount":122},"emotion":[],"intent":[{"text":"","expression":"","category":"attitude"}],"summary":{"text":"이전 직장에서 했던 프로젝트 중 가장 인상적인 프로젝트는 현재 있는 건물 옆에 새 건물을 증축하여서 신규 확장을 하는 프로젝트였습니다. 이 프로젝트를 위해서 건물 공정 계획까지 체크해야 했고 모두 다 한꺼번에 시일에 맞춰서 끝낼 수 있게 타임 테이블을 작성하고 체크하는 역할이 아주 중요했습니다.","wordCount":42}}},"rawDataInfo":{"question":{"fileFormat":"wav","fileSize":382158,"duration":11940,"samplingBit":16,"channelCount":1,"samplingRate":"16kHz","audioPath":"/Mock/05.ICT/Female/New/ckmk_q_ict_f_n_175206.wav"},"answer":{"fileFormat":"wav","fileSize":2709198,"duration":84660,"samplingBit":16,"channelCount":1,"samplingRate":"16kHz","audioPath":"/Mock/05.ICT/Female/New/ckmk_a_ict_f_n_175206.wav"}}}