{"version":"1.0","dataSet":{"info":{"date":"20230116","occupation":"ICT","channel":"MOCK","place":"ONLINE","gender":"FEMALE","ageRange":"-34","experience":"NEW"},"question":{"raw":{"text":"어 이제 본인이 장점과 또 단점이 있을 텐데요 장점을 어떻게 특화시켰고 단점은 어떻게 극복했는지 어 경우와 함께 자세하게 말씀해 주시기 바랍니다","wordCount":21},"emotion":[],"intent":[]},"answer":{"raw":{"text":"저의 장점은 친화력이 높다는 것이고 단점은 또 말이 없으신 분들과 소통이 조금 어려운 것 같습니다. 그래서 이 단점을 극복하기 위해서 먼저는 낯을 많이 가리는 분들과 개인적으로 친해지기 위해서 노력을 많이 했던 것 같습니다. 그래서 이 분들과 친해지기 위해서 사적인 가벼운 질문도 많이 하고 또 분위기를 풀고자 가벼운 농담도 많이 했던 것 같은데요. 이렇게 해서 실제로 그 한 팀에서 팀원 본과 많이 친해져서 이 프로젝트를 진행하는 데 있어서 수월하게 소통을 하면서 원활한 결과를 내는데 도움을 많이 얻었던 경험이 있습니다.","wordCount":78},"emotion":[],"intent":[{"text":"저의 장점은 친화력이 높다는 것이고 단점은 또 말이 없으신 분들과   소통이 조금 어려운 것 같습니다.","expression":"c_person","category":"background"}],"summary":{"text":"저는 친화력이 높지만 말이 없으신 분들과 소통이 어렵습니다. 그래서 낯을 많이 가리는 분들과 친해지기 위한 노력을 했고 실제로 팀원 본과 많이 친해져서 프로젝트 진행에 도움을 많이 얻었습니다.","wordCount":27}}},"rawDataInfo":{"question":{"fileFormat":"wav","fileSize":581838,"duration":18180,"samplingBit":16,"channelCount":1,"samplingRate":"16kHz","audioPath":"/Mock/05.ICT/Female/New/ckmk_q_ict_f_n_160663.wav"},"answer":{"fileFormat":"wav","fileSize":1532238,"duration":47880,"samplingBit":16,"channelCount":1,"samplingRate":"16kHz","audioPath":"/Mock/05.ICT/Female/New/ckmk_a_ict_f_n_160663.wav"}}}