{"version":"1.0","dataSet":{"info":{"date":"20230116","occupation":"ICT","channel":"MOCK","place":"ONLINE","gender":"FEMALE","ageRange":"35-44","experience":"NEW"},"question":{"raw":{"text":"평상시에 검색을 자주 하시는 편이십니까 그렇다면 어떤 검색을 주로 하시는지 왜 그 검색을 하시는지 궁금합니다","wordCount":15},"emotion":[],"intent":[]},"answer":{"raw":{"text":"저는 많은 제가 고민하는 부분들을 어 검색을 통해서 많이 활용을 하는 편입니다. 어 제가 결혼을 하게 되면서 여행을 할 때 어 많은 검색을 했는데 여행에서 그 사람들이 음식점에 가서 맛있는 음식들을 먹고 평가한 그것들을 어 기초로 해서 음 여행을 계획했을 때 어 제가 모르는 분야에 대해서 그 사람들의 많은 도움을 받게 되어서 어 검색을 많이 합니다. 그리고 또 최근에는 육아 정보에 대한 것을 많이 검색을 하는데 음 설명회나 또 다른 어 선생님 원장 선생님과 어 상담하는 것보다 그것들을 먼저 경험했던 사람들의 의견을 많이 참고하고 또 물어보고 그래서 그 정보들을 활용을 해서 어 시간이 활용을 하면 제가 시간을 효율적으로 사용할 수 있고 어 제가 발로 뛰는 것보다 시간이 효율적이기 때문에 어 검색을 많이 활용을 하는 편이고 제가 고민을 하는 것을 다른 사람들의 의견을 조언으로 많이 삼을 수 있기 때문에 긍정적인 효과를 얻을 수 있다고 생각을 합니다. 그리고 제가 원하는 정보들을 어 특정한 사이트에서 공유를 해 주기 때문에 제가 시간 대비를 어 잘 할 수 있습니다.","wordCount":154},"emotion":[],"intent":[{"text":"","expression":"","category":"attitude"}],"summary":{"text":"저는 고민에 대한 정보를 검색을 많이 활용합니다. 결혼을 하게 되면서 여행, 육아 정보에 대한 것을 많이 검색을 합니다. 그 정보들을 다른 사람들의 의견을 조언으로 많이 삼을 수 있기 때문에 긍정적인 효과를 얻을 수 있다고 생각합니다. 그리고 특정 사이트에서 공유를 하기에 시간 대비를 잘 할 수 있습니다.","wordCount":46}}},"rawDataInfo":{"question":{"fileFormat":"wav","fileSize":389838,"duration":12180,"samplingBit":16,"channelCount":1,"samplingRate":"16kHz","audioPath":"/Mock/05.ICT/Female/New/ckmk_q_ict_f_n_223446.wav"},"answer":{"fileFormat":"wav","fileSize":2917198,"duration":91160,"samplingBit":16,"channelCount":1,"samplingRate":"16kHz","audioPath":"/Mock/05.ICT/Female/New/ckmk_a_ict_f_n_223446.wav"}}}