{"version":"1.0","dataSet":{"info":{"date":"20230116","occupation":"ICT","channel":"MOCK","place":"ONLINE","gender":"FEMALE","ageRange":"45-54","experience":"NEW"},"question":{"raw":{"text":"지원자님께서 요즘 공부하고 있는 것이 있나요 지원자님이 있다면 왜 그걸 공부하는지 지금까지 무엇을 배웠는지도 설명과 함께 말씀 부탁드립니다","wordCount":18},"emotion":[],"intent":[]},"answer":{"raw":{"text":"네 요즘 공부하고 있는 것은 제가 이제 옷을 많이 좋아하다 보니 그 옷 만드는 걸 좀 배우고 있습니다. 아 지금 학원에 좀 다니면서 주말에 배우고 있는데 어 뭐 패턴 뜨는 것부터 뭐 재단 봉제 그까 미싱 다루는 법 요런 것도 하고 있거든요. 그래서 어 고거는 예전부터 제가 좀 그 해보고 싶었던 일이었기 때문에 어 시간을 내서 뭐 주말에 하다 보니 좀 피곤하기도 하지만 하면서 제가 좀 뿌듯함도 느끼구요. 뭐 셔츠나 스커트 요렇게 지금 직접 만들어 봤는데 어 그게 굉장히 쉬운 일은 아닙니다. 많이 힘든데 하고 나면 정말 뭔가 했다는 성취감이 느껴져서 행복하고 그런 게 이제 뭐 인생을 살면서 어떤 어 자극이 되고 뭐 그런 것 같습니다.","wordCount":106},"emotion":[{"text":"네 요즘 공부하고 있는 것은 제가 이제 옷을 많이 좋아하다 보니 그 옷   만드는 걸 좀 배우고 있습니다.","expression":"p-interest","category":"positive"},{"text":"많이 힘든데   하고 나면 정말 뭔가 했다는 성취감이 느껴져서 행복하고 그런 게 이제 뭐 인생을 살면서 어떤 어   자극이 되고 뭐 그런 것 같습니다.","expression":"p-achievement","category":"positive"}],"intent":[{"text":"","expression":"","category":"attitude"}],"summary":{"text":"요즘 옷 만드는 걸 배우고 있습니다. 학원에 다니면서 주말에 패턴 뜨기, 재단 봉제, 미싱 다루는 법 이런 것도 하고 있습니다만 직접 만들어 보니 성취감이 느껴져서 행복하고, 인생에서 자극이 되는 것 같습니다.","wordCount":31}}},"rawDataInfo":{"question":{"fileFormat":"wav","fileSize":425038,"duration":13280,"samplingBit":16,"channelCount":1,"samplingRate":"16kHz","audioPath":"/Mock/05.ICT/Female/New/ckmk_q_ict_f_n_181219.wav"},"answer":{"fileFormat":"wav","fileSize":2101198,"duration":65660,"samplingBit":16,"channelCount":1,"samplingRate":"16kHz","audioPath":"/Mock/05.ICT/Female/New/ckmk_a_ict_f_n_181219.wav"}}}