{"version":"1.0","dataSet":{"info":{"date":"20230116","occupation":"ICT","channel":"MOCK","place":"ONLINE","gender":"FEMALE","ageRange":"35-44","experience":"NEW"},"question":{"raw":{"text":"특별히 가고 싶은 회사가 있으실까요 특정 도메인이 중요한지 혹은 회사의 분위기가 중요한지 어떠한 점을 중점적으로 보시는지 궁금합니다","wordCount":17},"emotion":[],"intent":[]},"answer":{"raw":{"text":"저는 평소에 근무를 할 때 획 각 회사의 분위기 그리고 부서의 분위기를 정말 중요하게 생각합니다. 그 이유는 제가 같이 대화를 할 그리고 같이 업무를 진행할 그런 동료들이 구성하는 분위기가 업무에 미치는 영향이 정말 크다 라고 생각하기 때문인데요. 그래서 회사 어떤 회사인지 보다는 그 회사의 조직 문화에 대해서 조금 유심히 평소에 찾아보는 편입니다. 저 같은 경우에는 지금 이 기업에 지원하기 전에도 어떤 기업인지 한번 직접 인터넷으로 많이 찾아 보았습니다. 그렇지만 제가 가장 마음에 들었던 부분은 이 회사는 격렬하게 서로 피드백을 해주고 그리고 우리는 한 팀이라는 그런 결속력 하에서 좋은 성과를 목표로 한다는 점에서 제가 근무하기 정말 좋은 환경이라는 생각들을 했습니다. 저는 우리가 다 같이 성장하기 위해서는 스스로 좀 으쌰으쌰하는 그런 분위기가 가장 필요하다 라고 생각하는데요. 저 역시도 서로에게 잘 융화될 수 있는 그런 동료가 되도록 하겠습니다.","wordCount":125},"emotion":[],"intent":[{"text":"","expression":"","category":"attitude"}],"summary":{"text":"저는 회사에서 격렬하게 서로 피드백을 해주고 우리는 한 팀이라는 결속력 하에서 좋은 성과를 목표로 한다는 점에서 근무하기 정말 좋은 환경이라는 생각들을 했습니다. 우리도 서로 잘 융화될 수 있는 그런 동료가 되도록 하겠습니다.","wordCount":32}}},"rawDataInfo":{"question":{"fileFormat":"wav","fileSize":452558,"duration":14140,"samplingBit":16,"channelCount":1,"samplingRate":"16kHz","audioPath":"/Mock/05.ICT/Female/New/ckmk_q_ict_f_n_195394.wav"},"answer":{"fileFormat":"wav","fileSize":2737038,"duration":85530,"samplingBit":16,"channelCount":1,"samplingRate":"16kHz","audioPath":"/Mock/05.ICT/Female/New/ckmk_a_ict_f_n_195394.wav"}}}