{"version":"1.0","dataSet":{"info":{"date":"20230116","occupation":"ICT","channel":"MOCK","place":"ONLINE","gender":"FEMALE","ageRange":"-34","experience":"NEW"},"question":{"raw":{"text":"어 지금까지 살아오면서 지원자님께서 가장 힘들었던 경험은 무엇인지 궁금합니다 또 그것을 어떻게 극복하셨는지도 함께 설명해 주시기를 바랍니다","wordCount":17},"emotion":[],"intent":[]},"answer":{"raw":{"text":"지금까지 살아오면서 가장 힘들었던 경험은 가족이 아팠을 때입니다. 저희 가족이 어 동시기에 부모님께서 두 분이 다 아프신 적이 있었는데 그때 굉장히 힘들었지만 제가 버티고 제가 더 멋있게 성장을 해야 부모님도 마음이 편해지실 거라고 생각해서 제가 할 수 있는 일에 대해서 굉장히 열심히 할려고 노력했던 것 같습니다. 그리고 어 그 이후에 집안에 또 안 좋은 일이 있었는데 그때도 제가 더 솔선수범해서 저희 가족에 분위기를 전환할 수 있도록 노력하였던 것 같습니다.","wordCount":69},"emotion":[],"intent":[{"text":"","expression":"","category":"attitude"}],"summary":{"text":"지금까지 살아오면서 가장 힘들었던 경험은 가족이 아팠을 때입니다. 부모님께서 두 분이 다 아프신 적이 있었는데 제가 더 멋져지게 성장해야 부모님도 마음이 편해질 것이라고 생각해서 노력했습니다.","wordCount":25}}},"rawDataInfo":{"question":{"fileFormat":"wav","fileSize":441678,"duration":13800,"samplingBit":16,"channelCount":1,"samplingRate":"16kHz","audioPath":"/Mock/05.ICT/Female/New/ckmk_q_ict_f_n_221083.wav"},"answer":{"fileFormat":"wav","fileSize":1229198,"duration":38410,"samplingBit":16,"channelCount":1,"samplingRate":"16kHz","audioPath":"/Mock/05.ICT/Female/New/ckmk_a_ict_f_n_221083.wav"}}}