{"version":"1.0","dataSet":{"info":{"date":"20230116","occupation":"ICT","channel":"MOCK","place":"ONLINE","gender":"FEMALE","ageRange":"35-44","experience":"NEW"},"question":{"raw":{"text":"작업을 새로 업데이트한 내용에 문제가 생겼을 경우 지원자님께서는 어떻게 행동할 것인지 구체적으로 설명해 주시겠습니까","wordCount":14},"emotion":[],"intent":[]},"answer":{"raw":{"text":"제가 지원한 아이씨티의 직무에서 제가 만약에 업데이트한 내용들의 문제점이 생긴다면 어떠한 부분에서 지금 문제가 생긴 건지 그 여부에 대해서 아마 원인을 파악하는 데 가장 주력할 것 같습니다. 사실 원인을 아는 게 가장 중요하지 누가 잘못했는지 잘잘못을 먼저 가리고 책임을 지는 문제는 음 가장 마지막에 해야 될 문제라고 생각을 합니다. 그런데 가끔씩 사람들은 누가 잘못을 했는지 그 책임자를 먼저 가리고 누가 책임질 것인지 그 부분에 대해서 먼저 논의를 하는 경우도 있는데요. 저는 그런 부분보다는 제가 담당한 그런 프로젝트라면은 어떤 부분에 대해서 문제가 생겼는지 원인에 대해서 파악하고 누가 함께 고쳐 나갈 것인지 그 해결 방안을 찾는 데 가장 주력할 것 같습니다. 사실 이 과정이 말을 했을 때는 굉장히 쉬워 보이지만 실제 업무에서는 좀 적용되고 적용되기가 힘든 부분이 있다는 점에 대해서 저도 잘 인지를 하고 있습니다. 그렇지만 제가 말씀드린 대로 그런 프로세스에 의해서 한 번 진행해 보도록 하겠습니다.","wordCount":135},"emotion":[],"intent":[{"text":"","expression":"","category":"attitude"}],"summary":{"text":"제가 지원한 아이씨티 직무에서 문제가 생긴다면 어떤 부분에서 문제가 생긴 건지 그 여부에 대해 아마 원인을 파악하는 데 가장 주력할 것 같습니다. 사실 이 과정이 말을 했을 때는 굉장히 쉬워 보이지만 실제 업무에서는 좀 적용되고 적용되기가 힘든 부분이 있다는 점을 잘 인지를 하고 있습니다. 그렇지만 그런 프로세스에 의해서 한 번 진행해 보도록 하겠습니다.","wordCount":53}}},"rawDataInfo":{"question":{"fileFormat":"wav","fileSize":433358,"duration":13540,"samplingBit":16,"channelCount":1,"samplingRate":"16kHz","audioPath":"/Mock/05.ICT/Female/New/ckmk_q_ict_f_n_195396.wav"},"answer":{"fileFormat":"wav","fileSize":2704718,"duration":84520,"samplingBit":16,"channelCount":1,"samplingRate":"16kHz","audioPath":"/Mock/05.ICT/Female/New/ckmk_a_ict_f_n_195396.wav"}}}