{"version":"1.0","dataSet":{"info":{"date":"20230116","occupation":"ICT","channel":"MOCK","place":"ONLINE","gender":"FEMALE","ageRange":"-34","experience":"NEW"},"question":{"raw":{"text":"어 본인이 개인적으로 스터디를 따로 하고 계신 것이 있으신가요 또 있으시다면 어 어떤 공부를 하고 있는지 또 그 이유는 무엇인지 말씀해 주시길 바랍니다","wordCount":23},"emotion":[],"intent":[]},"answer":{"raw":{"text":"네 저는 면접 스터디와 에스큐엘 문법 스터디를 진행을 하고 있습니다. 면접 스터디는 아무래도 저 제가 경험이 많이 없는 편이다 보니까 스터디를 하고 이제 따른 분들의 답변을 들으면서 확실히 배우는 게 많고 또 그러면서 저의 생각이 깊이도 많이 깊어지는 것을 느껴서 스터디를 진행을 하고 있고 에스큐엘 같은 경우에는 데이터를 다 다루는데 다른 회사에서도 굉장히 많이 사용을 하고 굉장히 도움을 많이 받는 언어이기 때문에 공부를 하고 있습니다.","wordCount":65},"emotion":[],"intent":[{"text":"","expression":"","category":"attitude"}],"summary":{"text":"저는 면접스터디와 에스큐엘 문법스터디를 하고 있습니다. 면접스터 디를 통해 많이 배우고 생각이 깊어지고 있으며 에스 큐엘은 굉장히 도움을 많이 받는 언어이기 때문에 공부하고 있습니니다.","wordCount":24}}},"rawDataInfo":{"question":{"fileFormat":"wav","fileSize":477518,"duration":14920,"samplingBit":16,"channelCount":1,"samplingRate":"16kHz","audioPath":"/Mock/05.ICT/Female/New/ckmk_q_ict_f_n_251840.wav"},"answer":{"fileFormat":"wav","fileSize":1355598,"duration":42360,"samplingBit":16,"channelCount":1,"samplingRate":"16kHz","audioPath":"/Mock/05.ICT/Female/New/ckmk_a_ict_f_n_251840.wav"}}}