{"version":"1.0","dataSet":{"info":{"date":"20230116","occupation":"ICT","channel":"MOCK","place":"ONLINE","gender":"FEMALE","ageRange":"-34","experience":"NEW"},"question":{"raw":{"text":"입사 후에 본인이 직접 해외 출장 장소를 선택할 수 있다면 꼭 한 번 가서 일해보고 싶은 나라가 따로 있으신가요","wordCount":19},"emotion":[],"intent":[]},"answer":{"raw":{"text":"어 개인적으로 제가 해외를 어 많이 해외에서 일하는 것을 지향하는 사람이고 어 외국어를 공부하기를 좋아하고 다양한 나라의 문화를 배우는 것을 좋아하는 사람으로서 어 제가 이때까지 여행 다닌 나라 중에서 싱가폴을 가장 제가 일하고 싶은 나라로 뽑고 싶습니다. 어 첫 번째로 싱가폴 내에서는 어 영어와 중국어를 쓰면서 그 옆에 나라의 언어까지 다양한 민족의 나라 민족 나라 어 국민들이 모여 살고 있는 어 동양에서 글로벌적인 나라로 뽑고 있습니다. 그리고 어 제가 지금 아이티 기업을 희망하는 사람으로서 동양의 세계적인 글로벌 기업의 유충지가 모두 싱가폴에 있는 것으로 제가 가장 개발자로서 배울 점이 많은 나라라고 생각합니다. 그래서 열심히 언어와 개발자로서의 역량을 쌓아서 이곳에서 일하고 싶습니다.","wordCount":100},"emotion":[{"text":"그래서 열심히 언어와 개발자로서의 역량을 쌓아서 이곳에서 일하고 싶습니다.","expression":"p-interest","category":"positive"}],"intent":[{"text":"","expression":"","category":"attitude"}],"summary":{"text":"개인적으로 해외에서 일하는 것을 지향하고 다양한 나라의 문화를 배우는 것을 좋아하는 저는 싱가폴을 가장 일하고 싶은 나라로 뽑습니다. 싱가폴은 다양한 민족의 국민들이 모여 살고 있으며 개발자로서 배울 점이 많은 나라라고 생각합니다.","wordCount":31}}},"rawDataInfo":{"question":{"fileFormat":"wav","fileSize":389198,"duration":12160,"samplingBit":16,"channelCount":1,"samplingRate":"16kHz","audioPath":"/Mock/05.ICT/Female/New/ckmk_q_ict_f_n_260368.wav"},"answer":{"fileFormat":"wav","fileSize":2181838,"duration":68180,"samplingBit":16,"channelCount":1,"samplingRate":"16kHz","audioPath":"/Mock/05.ICT/Female/New/ckmk_a_ict_f_n_260368.wav"}}}