{"version":"1.0","dataSet":{"info":{"date":"20230116","occupation":"ICT","channel":"MOCK","place":"ONLINE","gender":"FEMALE","ageRange":"-34","experience":"NEW"},"question":{"raw":{"text":"지원자님께서는 팀장의 업무에 더 잘 맞을 것 같은지 팀원으로서의 업무에 더 잘 맞을 것 같은지 이유와 함께 말씀해 주세요","wordCount":19},"emotion":[],"intent":[]},"answer":{"raw":{"text":"저는 팀장에 더 잘 맞을 것이라고 생각합니다. 왜 이렇게 생각하냐면요. 사실 저는 리더 형입니다. 팀원이 됐을 경우 내가 원치 않는 일 그리고 원하고 싶은 일 이런 것들을 구별할 수 없지만 팀장이 된다면 내가 원하는 일을 주도적으로 할 수 있을 것이라고 생각을 합니다. 하지만 막중한 책임이 있다는 것도 알고 있습니다. 이 책임감을 가져야 또 다른 나로 더 발전할 수 있는 계기가 된다고 생각을 합니다. 그렇기 때문에 저는 팀장 직이 더 잘 맞을 것 같습니다. 그리고 팀원들은 저에게 잘 따라올 수 있을 것이라고 생각을 하기 때문에 이 팀장 직이 더 잘 맞을 것이라고 생각을 하고 팀원들을 제가 뽑을 수 있다면 제가 또 뽑고 싶습니다. 팀원들과 같이 협업을 하며 프로젝트를 구상하고 이러한 점들을 잘 조율해 나가는 팀장이 되고 싶습니다. 그렇기 때문에 저는 팀장이 잘 맞을 것 같습니다.","wordCount":124},"emotion":[],"intent":[{"text":"사실 저는 리더 형입니다.","expression":"c_person","category":"background"}],"summary":{"text":"팀원들과 같이 협업하며 프로젝트를 구상하고 이러한 점들을 잘 조율해 나가는 팀장이 되고 싶습니다. 그렇기 때문에 저는 팀장이 잘 맞을 것 같습니다.","wordCount":21}}},"rawDataInfo":{"question":{"fileFormat":"wav","fileSize":433678,"duration":13550,"samplingBit":16,"channelCount":1,"samplingRate":"16kHz","audioPath":"/Mock/05.ICT/Female/New/ckmk_q_ict_f_n_257785.wav"},"answer":{"fileFormat":"wav","fileSize":3807758,"duration":118990,"samplingBit":16,"channelCount":1,"samplingRate":"16kHz","audioPath":"/Mock/05.ICT/Female/New/ckmk_a_ict_f_n_257785.wav"}}}