{"version":"1.0","dataSet":{"info":{"date":"20230116","occupation":"ICT","channel":"MOCK","place":"ONLINE","gender":"FEMALE","ageRange":"-34","experience":"NEW"},"question":{"raw":{"text":"본인이 내일 죽는다는 사실을 지금 알게 되었습니다 당장 무엇을 할 것인가요 이 면접은 끝까지 계속 보실 건가요","wordCount":17},"emotion":[],"intent":[]},"answer":{"raw":{"text":"내일 죽는다는 사실을 안다면 이 면접을 보지 않겠습니다. 저는 내일 죽는 내일 죽는다는 사실을 알게 되면 저는 친구들과 가족과 또 사랑하는 사람들과 시간을 많이 보내려고 할 것 같습니다. 왜냐한다면 왜냐하면 물론 일을 해서 자아를 실현하는 것도 중요하지만 내일 당장 죽는다면 제가 함께 살아왔던 사람들과 시간을 보내는 게 저의 입장에서는 훨씬 더 가치 있고 또 그게 더 행복해질 수 있는 길인 것 같습니다.","wordCount":62},"emotion":[],"intent":[{"text":"","expression":"","category":"attitude"}],"summary":{"text":"자아를 실현하는 것도 중요하지만 내일 죽는다는 사실을 알게 된다면 함께 살아왔던 사람들과 시간을 보내는 것이 더 가치 있고 더 행복해질 수 있는 길일 것 같습니다.","wordCount":25}}},"rawDataInfo":{"question":{"fileFormat":"wav","fileSize":304718,"duration":9520,"samplingBit":16,"channelCount":1,"samplingRate":"16kHz","audioPath":"/Mock/05.ICT/Female/New/ckmk_q_ict_f_n_160843.wav"},"answer":{"fileFormat":"wav","fileSize":1268558,"duration":39640,"samplingBit":16,"channelCount":1,"samplingRate":"16kHz","audioPath":"/Mock/05.ICT/Female/New/ckmk_a_ict_f_n_160843.wav"}}}