{"version":"1.0","dataSet":{"info":{"date":"20230116","occupation":"ICT","channel":"MOCK","place":"ONLINE","gender":"FEMALE","ageRange":"35-44","experience":"NEW"},"question":{"raw":{"text":"어 만약에 지원자님이 어 지원하신 어 하고 싶었던 이 직무 말고 다른 직무를 맡게 되신다면은 어 어떻게 하실지 궁금합니다 어 그렇게 된다 해 하더라도 괜찮으신가요","wordCount":25},"emotion":[],"intent":[]},"answer":{"raw":{"text":"현재 직무 말고 만약에 제가 원하지 않았던 다른 직무로 가더라도 저는 일단은 수긍할 수긍을 할 것 같습니다. 다만 인사 팀에는 왜 원래 지원했던 그런 직무가 아닌 다른 직무로 저를 배정해 준 것인지에 대해서는 꼭 다시 한번 물어볼 것 같습니다. 왜냐하면 인사 팀에서 저를 평가하기에 어떤 어떠한 그런 요소들이 부족했다 라고 충분히 생각을 할 수 있는데요. 그렇다면 저는 저에게 부족한 그런 역량들이 어떤 것인지 스스로 한번 평가해 보고 자아성찰하는 그런 시간들을 가짐으로써 스스로 다시 한번 자기 계발할 수 있는 그런 원동력으로 삼고 싶습니다. 그리고 제가 마지막으로 목표로 했던 현재의 직무로 다시 한 번 전보를 할 수 있는 여 할 수 있는지 그 여부에 대해서도 한번 인사 팀에 알아볼 것 같습니다. 왜냐하면 제가 되고 싶은 저 엄 해당 직무의 전문가로서의 목표는 지금도 변함이 없기 때문입니다.","wordCount":123},"emotion":[],"intent":[{"text":"","expression":"","category":"attitude"}],"summary":{"text":"저는 현재 직무 말고 원하지 않았던 다른 직무로 가더라도 수긍을 할 것 같습니다. 다만 인사 팀이 저를 평가하기에 어떤 요소들이 부족했는지 스스로 평가해 보고 자기 계발할 수 있는 원동력으로 삼고 싶습니다. 그리고 현재의 직무로 다시 한 번 전보를 할 수 있는 여부에 대해서도 한번 인사 팀에 알아볼 것입니다.","wordCount":48}}},"rawDataInfo":{"question":{"fileFormat":"wav","fileSize":550478,"duration":17200,"samplingBit":16,"channelCount":1,"samplingRate":"16kHz","audioPath":"/Mock/05.ICT/Female/New/ckmk_q_ict_f_n_195395.wav"},"answer":{"fileFormat":"wav","fileSize":2393678,"duration":74800,"samplingBit":16,"channelCount":1,"samplingRate":"16kHz","audioPath":"/Mock/05.ICT/Female/New/ckmk_a_ict_f_n_195395.wav"}}}