{"version":"1.0","dataSet":{"info":{"date":"20230116","occupation":"ICT","channel":"MOCK","place":"ONLINE","gender":"FEMALE","ageRange":"-34","experience":"NEW"},"question":{"raw":{"text":"본인이 지금까지 어떤 문제를 창의적으로 해결해 본 경험이 있나요 있다면 그 과정에 대해서 최대한 자세하게 설명해 주세요","wordCount":17},"emotion":[],"intent":[]},"answer":{"raw":{"text":"창의적으로 어떤 문제를 해결했냐면 저는 유기동물 보호소에서 아이들 입양시키는 일을 잠깐 했었는데요. 또 개인적으로 구조를 해서 입양 홍보 통해 입양을 보내는 일을 했었습니다. 그때 어떤 아이들은 입양 가는 데 굉장히 시간이 많은 걸렸고 또 어떤 아이들은 시간이 굉장히 짧게 걸린 하루만에 가는 그런 친구들도 있었습니다. 이 친구들의 차이점이 무엇인지 굉장히 고민하게 되었고 음 이 친구들 이런 스타일의 친구들이 언제 입양을 갈 수 있을지 예측하는 프로그램이 있으면 좋겠다는 생각이 들어서 그런 프로그램 있는 머신러닝을 통해서 개발해 본 적이 있습니다. 머신 러닝을 통해서 유기 보호 도 유기동물 보호소 데이터를 사용하여 머신러닝을 만들어 머신러닝 프로그램을 만들었고요. 실제로 웹 페이지 구현까지 성공하게 되어 개인적으로 자랑스러운 프로젝트입니다.","wordCount":102},"emotion":[{"text":"실제로 웹 페이지 구현까지 성공하게 되어 개인적으로 자랑스러운 프로젝트입니다.","expression":"p-achievement","category":"positive"}],"intent":[{"text":"이 친구들의 차이점이 무엇인지 굉장히 고민하게   되었고 음 이 친구들 이런 스타일의 친구들이 언제 입양을 갈 수 있을지   예측하는 프로그램이 있으면 좋겠다는 생각이 들어서 그런 프로그램 있는 머신러닝을 통해서   개발해 본 적이 있습니다.","expression":"i_tech_orien","category":"attitude"},{"text":"머신 러닝을 통해서 유기 보호 도 유기동물   보호소 데이터를 사용하여 머신러닝을 만들어 머신러닝 프로그램을 만들었고요.","expression":"i_tech_orien","category":"attitude"},{"text":"실제로 웹 페이지 구현까지 성공하게 되어 개인적으로 자랑스러운 프로젝트입니다.","expression":"i_tech_orien","category":"attitude"}],"summary":{"text":"저는 유기동물 보호소에서 아이들을 입양시키는 일을 했습니다. 입양 홍보로 입양을 보내는 일을 하면서 차이점에 대해 고민하다가 머신러닝을 통해 예측 프로그램을 만들어 본 적이 있습니다. 실제로 웹 페이지 구현까지 성공하게 되어 자랑스러운 프로젝트입니다.","wordCount":32}}},"rawDataInfo":{"question":{"fileFormat":"wav","fileSize":323278,"duration":10100,"samplingBit":16,"channelCount":1,"samplingRate":"16kHz","audioPath":"/Mock/05.ICT/Female/New/ckmk_q_ict_f_n_177582.wav"},"answer":{"fileFormat":"wav","fileSize":1962318,"duration":61320,"samplingBit":16,"channelCount":1,"samplingRate":"16kHz","audioPath":"/Mock/05.ICT/Female/New/ckmk_a_ict_f_n_177582.wav"}}}