{"version":"1.0","dataSet":{"info":{"date":"20230116","occupation":"ICT","channel":"MOCK","place":"ONLINE","gender":"FEMALE","ageRange":"-34","experience":"NEW"},"question":{"raw":{"text":"만약 지원자님께서 께임 속 캐릭터가 된다면 어떤 께임에서 어떤 역할을 맡아서 수행하고 싶으신가요 구체적으로 말씀 부탁드립니다","wordCount":16},"emotion":[],"intent":[]},"answer":{"raw":{"text":"제가 게임 속 캐릭터라면 어 저는 주로 게임을 할 때 힐러를 많이 하는 편인데 저는 일단 나서서 공격을 하는 느낌이 아니라 뒤에서 서포트하는 느낌에 캐릭터를 굉장히 좋아하는 편이라서 어 아마 그 캐릭터에도 힐러를 하지 않을까 라는 생각이 듭니다. 그 힐러 캐릭터를 하면서 타인들을 도와주고 저도 막 같이 시너지를 낼 수 있는 그런 역할을 하고 싶다고 생각합니다.","wordCount":56},"emotion":[],"intent":[{"text":"","expression":"","category":"attitude"}],"summary":{"text":"힐러를 하면서 타인들을 도와주고 나도 막 같이 시너지를 낼 수 있는 그런 역할을 하고 싶다고 생각합니다. 서포트하는 느낌의 힐러 캐릭터를 좋아하는 것 같습니다.","wordCount":23}}},"rawDataInfo":{"question":{"fileFormat":"wav","fileSize":618958,"duration":19340,"samplingBit":16,"channelCount":1,"samplingRate":"16kHz","audioPath":"/Mock/05.ICT/Female/New/ckmk_q_ict_f_n_221298.wav"},"answer":{"fileFormat":"wav","fileSize":1039438,"duration":32479,"samplingBit":16,"channelCount":1,"samplingRate":"16kHz","audioPath":"/Mock/05.ICT/Female/New/ckmk_a_ict_f_n_221298.wav"}}}