{"version":"1.0","dataSet":{"info":{"date":"20230116","occupation":"ICT","channel":"MOCK","place":"ONLINE","gender":"FEMALE","ageRange":"-34","experience":"NEW"},"question":{"raw":{"text":"과거에 직면한 어려운 문제를 해결하기 위해서 본인은 어떤 아이디어를 제안하였고 또 그때 어떤 것을 하셨는지 그 과정을 말씀해 주세요","wordCount":19},"emotion":[],"intent":[]},"answer":{"raw":{"text":"과거에 직면한 어려운 문제를 해결하기 위해서 어 저는 아무래도 동물 입양 보내는 일을 많이 했었는데요. 이 동물들이 어떤 친구들은 입양이 잘 가고 또 어떤 친구는 입양이 참 잘 못 가는 경우도 많아서 왜 이렇게 되는지가 참 궁금했었습니다. 그래서 유기동물보호소센터에서 데이터 셋을 다운로드 받아서 이 친구가 입양을 언제 갈 수 있는지 혹은 이 친구는 보호소에 들어갔을 시에 안락사 대상인 건지 이에 관한 것들을 판단하려고 또 판단하려고 했었고 또 제가 입양 홍보를 진행했던 그런 친구들에게도 적용을 하려고 노력을 했던 것 같습니다.","wordCount":79},"emotion":[],"intent":[{"text":"","expression":"","category":"attitude"}],"summary":{"text":"과거 직면한 문제 해결을 위해 동물 입양을 많이 했습니다. 입양이 잘 가는 동물들의 입양 시기, 입양 가능 여부와 안락사 대상 여부를 판단하고 홍보를 진행했던 친구들에게도 적용하려고 노력을 했었습니다.","wordCount":28}}},"rawDataInfo":{"question":{"fileFormat":"wav","fileSize":437518,"duration":13670,"samplingBit":16,"channelCount":1,"samplingRate":"16kHz","audioPath":"/Mock/05.ICT/Female/New/ckmk_q_ict_f_n_185139.wav"},"answer":{"fileFormat":"wav","fileSize":1685198,"duration":52660,"samplingBit":16,"channelCount":1,"samplingRate":"16kHz","audioPath":"/Mock/05.ICT/Female/New/ckmk_a_ict_f_n_185139.wav"}}}