{"version":"1.0","dataSet":{"info":{"date":"20230116","occupation":"ICT","channel":"MOCK","place":"ONLINE","gender":"FEMALE","ageRange":"55-","experience":"NEW"},"question":{"raw":{"text":"살면서 사람들은 여러 가지 일이 있습니다 그렇다면 가장 힘들었던 점은 무엇이며 또 그 점을 극복하기 위해서는 우리는 어떤 노력을 해 왔는지 그게 궁금하거든요 그 부분에 대해서 자세한 설명 부탁드리겠습니다","wordCount":29},"emotion":[],"intent":[]},"answer":{"raw":{"text":"여러 가지 일들이 동시에 다발적으로 진행될 때 발생하는 돌발 상황들을 해결하기 위해서 문제를 해결했던 그 경험들이 가장 힘든 경험이었던 것 같습니다. 학창시절 동아리 회장을 담당한 적이 있었는데 여러 동아리들이 연합해서 행사를 기획했습니다. 당시 이백 명이 넘는 전체 참가자들의 숙박 문제나 여러 가지 행사를 기획하는 데 있어서 여러 팀원들과 같이 업무를 진행했지만 각각의 행사마다 진행되는 여러 가지 돌발 상황들을 회장의 입장에서 컨트롤하고 진행하는 데 있어서는 많은 어려움이 있었습니다. 그때 이렇게 어렵게 행사를 진행해 본 경험을 토대로 어떤 일을 진행하는 데 있어서 체계적으로 계획을 수립하고 그 계획에 맞게끔 전체 조직원들에게 역할을 제대로 부여해서 잘 컨트롤 할 수 있는 계획성과 리더십이 중요하다는 걸 느꼈습니다.","wordCount":101},"emotion":[{"text":"학창시절 동아리 회장을 담당한 적이 있었는데 여러 동아리들이 연합해서 행사를 기획했습니다.","expression":"u-fact","category":"neutral"}],"intent":[{"text":"학창시절 동아리 회장을 담당한 적이 있었는데 여러 동아리들이 연합해서 행사를 기획했습니다.","expression":"c_private","category":"background"}],"summary":{"text":"여러 가지 일들이 동시에 다발적으로 진행될 때 발생하는 돌발 상황들을 해결했던 그 경험들이 가장 힘든 경험이었던 것 같습니다. 일을 진행하는 데 있어서 체계적으로 계획을 수립하고 그 계획에 맞게끔 전체 조직원들에게 역할을 제대로 부여해서 잘 컨트롤 할 수 있는 계획성과 리더십이 중요하다고 느꼈습니다.","wordCount":42}}},"rawDataInfo":{"question":{"fileFormat":"wav","fileSize":563278,"duration":17600,"samplingBit":16,"channelCount":1,"samplingRate":"16kHz","audioPath":"/Mock/05.ICT/Female/New/ckmk_q_ict_f_n_161074.wav"},"answer":{"fileFormat":"wav","fileSize":2588878,"duration":80900,"samplingBit":16,"channelCount":1,"samplingRate":"16kHz","audioPath":"/Mock/05.ICT/Female/New/ckmk_a_ict_f_n_161074.wav"}}}