{"version":"1.0","dataSet":{"info":{"date":"20230116","occupation":"ICT","channel":"MOCK","place":"ONLINE","gender":"FEMALE","ageRange":"-34","experience":"NEW"},"question":{"raw":{"text":"만약 업무 수행 중 직무가 적성에 맞지 않는다면 어떻게 행동하시겠습니까 상황을 가정하고 말씀해 주세요","wordCount":14},"emotion":[],"intent":[]},"answer":{"raw":{"text":"저는 이 질문에 대하여 두 가지 상황을 가정해 보겠습니다. 첫 번째 상황은 직무가 적성에 맞지 않아 회사 내에서도 저의 업무 능력에 대해 안 좋게 보는 사람들이 많다 라는 상황입니다. 두 번째 상황은 직무가 적성에 맞지 않아 스트레스는 많이 받지만 회사 내에서 업무 능력에 대한 평은 좋은 것입니다. 만약 첫 번째 상황이라면 이직이나 퇴사를 진지하게 고려해 볼 것 같습니다. 직무가 적성에 맞지 않아 스스로도 스트레스를 받는데 주변 동료들마저 저의 업무 능력에 대해 의심을 하거나 안 좋은 평을 내린다면 제가 그 회사에 더 이상 있을 이유가 없다고 생각하기 때문입니다. 만약 두 번째 상황이라면 삼 개월이라는 목표 기간을 두고 삼 개월만 더 근무해 볼 것 같습니다. 만약 그 삼 개월 동안에도 직무에 더 이상 적응을 하지 못하고 많이 힘들고 정신적인 고통을 받게 된다면 이직이나 퇴사를 진지하게 고려해 보겠지만 그것이 아니라 이미 업무 능력이 좋은 평가를 받고 있는데도 불구하고 정신적인 스트레스 만으로 갑자기 퇴사나 이직을 고려하는 것은 저에게는 좀 이해가 되지 않는 일이기 때문입니다.","wordCount":150},"emotion":[],"intent":[{"text":"","expression":"","category":"attitude"}],"summary":{"text":"직무가 적성에 맞지 않아 회사 내에서 업무 능력에 대해 안 좋게 보는 사람들이 많다 라는 상황에서는 이직이나 퇴사를 고려해 볼 것 같습니다. 하지만 이미 업무 능력이 좋은 평가를 받고 있는데도 정신적인 스트레스 만으로 갑자기 퇴사나 이직을 고려하는 것은 이해가 되지 않는 일이기 때문입니다.","wordCount":43}}},"rawDataInfo":{"question":{"fileFormat":"wav","fileSize":353998,"duration":11060,"samplingBit":16,"channelCount":1,"samplingRate":"16kHz","audioPath":"/Mock/05.ICT/Female/New/ckmk_q_ict_f_n_230498.wav"},"answer":{"fileFormat":"wav","fileSize":2718158,"duration":84940,"samplingBit":16,"channelCount":1,"samplingRate":"16kHz","audioPath":"/Mock/05.ICT/Female/New/ckmk_a_ict_f_n_230498.wav"}}}