{"version":"1.0","dataSet":{"info":{"date":"20230116","occupation":"ICT","channel":"MOCK","place":"ONLINE","gender":"FEMALE","ageRange":"45-54","experience":"NEW"},"question":{"raw":{"text":"우리 회사에 입사를 했는데 본인이 생각했던 것과 업무 내용이나 강도가 전혀 다르다면 어떻게 하실 건가요 그래도 괜찮으신가요","wordCount":17},"emotion":[],"intent":[]},"answer":{"raw":{"text":"예 예상했던 것과 업무의 강도가 다르다 어 조금 쉬운 건 아니겠죠. 조금 어려운 상황이라고 생각을 합니다. 예 예상을 하는데요. 음 일단은 뭐 당장 들어갔는데 프로젝트가 진행 중이다 아 보다 빨리 내야 한다 라고 하면 한 두 번 정도는 제가 눈 꼭 감고 예 제가 한 몸 불살라서 프로젝트를 성공적으로 마무리할 수 있도록 노력할 것 같습니다. 하지만 이것이 지속된다면 어 저의 그 컨디션도 안 좋을 뿐더러 이런 상태로 프로젝트를 진행을 하면 그 아홉 분 역시 좋을 수 없다 라고 생각을 합니다. 프로젝트를 하나 한 두 번 할 것이 아니고 장기간 할 거라고 생각을 하면 그 직원들의 컨디션이나 어떤 마인드 셋도 좀 회사에서 살펴보는 게 중요하다 라고 생각을 합니다. 그래서 업무 강도는 한 두 배 정도는 제가 조금 희생할 수 있지만 그 이상은 업무를 반드시 조율을 해서 어 효율적으로 회사가 운영될 수 있 있는 바에 기여하도록 하겠습니다.","wordCount":135},"emotion":[],"intent":[{"text":"","expression":"","category":"attitude"}],"summary":{"text":"업무 강도가 예상보다 쉽지 않습니다. 업무 강도를 한 두 배 정도는 희생할 수 있지만 그 이상은 업무를 반드시 조율해서 효율적으로 회사가 운영될 수 있는 바에 기여하도록 하겠습니다.","wordCount":27}}},"rawDataInfo":{"question":{"fileFormat":"wav","fileSize":502478,"duration":15700,"samplingBit":16,"channelCount":1,"samplingRate":"16kHz","audioPath":"/Mock/05.ICT/Female/New/ckmk_q_ict_f_n_272679.wav"},"answer":{"fileFormat":"wav","fileSize":2222158,"duration":69440,"samplingBit":16,"channelCount":1,"samplingRate":"16kHz","audioPath":"/Mock/05.ICT/Female/New/ckmk_a_ict_f_n_272679.wav"}}}