{"version":"1.0","dataSet":{"info":{"date":"20230116","occupation":"ICT","channel":"MOCK","place":"ONLINE","gender":"FEMALE","ageRange":"-34","experience":"NEW"},"question":{"raw":{"text":"학교 다닐 때부터 직장 다닐 때까지 많은 프로그래밍을 해 보셨을 텐데요 그래도 내가 제일 자신 있다 이것만은 내가 제일 자신 있게 프로그래밍 할 수 있다는 것은 어떤 것이 있을까요","wordCount":29},"emotion":[],"intent":[]},"answer":{"raw":{"text":"네 제가 가장 자신 있는 프로그래밍은 씨 언어 프로그래밍입니다. 어 씨 언어는 제가 처음으로 배운 프로그래밍 언어인데요. 씨 언어를 배웠기에 다른 언어를 배울 수 있게 됐다 할 정도로 개인적으로는 굉장히 중요하게 생각하고 또 열정적으로 배웠던 언어라서 애정이 가는 언어입니다. 그래서 저는 개인적으로 씨 언어를 이용한 프로그램이 가장 자신이 있고 또 어 열정적으로 임할 수 있을 것 같습니다.","wordCount":57},"emotion":[],"intent":[{"text":"","expression":"","category":"attitude"}],"summary":{"text":"제가 가장 자신 있는 프로그래밍은 씨 언어 프로그래밍입니다. 처음으로 배운 씨 언어는 제가 가장 애정하는 언어입니다. 그래서 프로그램을 열정적으로 임할 수 있을 것 같습니다.","wordCount":24}}},"rawDataInfo":{"question":{"fileFormat":"wav","fileSize":605518,"duration":18920,"samplingBit":16,"channelCount":1,"samplingRate":"16kHz","audioPath":"/Mock/05.ICT/Female/New/ckmk_q_ict_f_n_244993.wav"},"answer":{"fileFormat":"wav","fileSize":1202638,"duration":37580,"samplingBit":16,"channelCount":1,"samplingRate":"16kHz","audioPath":"/Mock/05.ICT/Female/New/ckmk_a_ict_f_n_244993.wav"}}}