{"version":"1.0","dataSet":{"info":{"date":"20230116","occupation":"ICT","channel":"MOCK","place":"ONLINE","gender":"FEMALE","ageRange":"-34","experience":"NEW"},"question":{"raw":{"text":"지원자님께서 가장 자신 있는 기술 분야가 어떻게 됩니까 딱 한 가지만 골라서 말씀 가능하십니까","wordCount":14},"emotion":[],"intent":[]},"answer":{"raw":{"text":"제가 가장 자신 있는 기술 분야는 어 전 사실 코드에 에러를 찾는 것이 제가 가장 자신 있는 기술 분야라고 생각을 합니다. 사실 코드 에러 찾는 것은 기술이라고 보기가 어려운데 다양한 업무를 하다 보면 코드 에러 찾는 것이 가장 중요할 수도 있겠다 라는 생각이 들고 제가 그런 거에 대해서 끈기가 있는 스타일이라 잘 해낼 수 있을 것이라고 생각해서 어 제가 생각하는 제가 자신 있는 기술 분야는 끈기로 인한 에러 찾기 기술이나 혹은 제가 데이터 베이스나 빅데이터 이런 쪽에도 관심이 있어서 그런 쪽도 자신이 있다고 생각을 하고 있습니다.","wordCount":86},"emotion":[],"intent":[{"text":"","expression":"","category":"attitude"}],"summary":{"text":"제가 가장 자신 있는 기술 분야는 끈기로 인한 에러 찾기 기술이나 데이터 베이스나 빅데이터 쪽도 자신이 있다고 생각을 하고 있습니다.","wordCount":20}}},"rawDataInfo":{"question":{"fileFormat":"wav","fileSize":288398,"duration":9010,"samplingBit":16,"channelCount":1,"samplingRate":"16kHz","audioPath":"/Mock/05.ICT/Female/New/ckmk_q_ict_f_n_221297.wav"},"answer":{"fileFormat":"wav","fileSize":1343438,"duration":41980,"samplingBit":16,"channelCount":1,"samplingRate":"16kHz","audioPath":"/Mock/05.ICT/Female/New/ckmk_a_ict_f_n_221297.wav"}}}