{"version":"1.0","dataSet":{"info":{"date":"20230116","occupation":"ICT","channel":"MOCK","place":"ONLINE","gender":"FEMALE","ageRange":"-34","experience":"NEW"},"question":{"raw":{"text":"여러 가지 프로그래밍 언어를 사용해서 프로젝트를 진행하신 경력이 있으신 것 같은데요 어 본인이 사용할 줄 아는 프로그래밍 언어는 어떤 게 있는지 그 사용할 수 있는 수준은 어떻게 되는지 말씀해 주시겠습니까","wordCount":30},"emotion":[],"intent":[]},"answer":{"raw":{"text":"제가 사용할 줄 아는 프로그래밍 언어 몇 가지를 설명해 드리겠습니다. 제가 제일 잘 아는 프로그래밍 언어는 오토하키라는 프로그래밍 언어인데요. 오토하키란 매크로 기반 스크립트 언어로 핵 제작 등에 사용되는 경우가 많아서 언어로 보지 않는 사람도 존재하지만 물론 순수 프로그래밍도 가능해서 언어로 보는 경우도 많은 편입니다. 즉 오토하키는 사용하는 사람에 따라 언어 혹은 비언어로 갈리죠. 그다음으로 아는 프로그래밍 언어는 에스이디 세드인데요. 유닉스에서 텍스트 스트림을 처리하는 명령어지만 워낙 내용이 방대하고 다양한 기능을 쓸 수 있다 보니 언어와 비슷하게 보는 사람도 있지만 트링이 완전하지 않습니다. 그리고 제가 그 다음으로 아는 언어는 에이치티엠엘인데요 엄밀히 따지면 프로그래밍 언어는 아니지만 마크업 언어라고 할 수 있죠.","wordCount":98},"emotion":[],"intent":[{"text":"제가 제일 잘 아는 프로그래밍 언어는 오토하키라는 프로그래밍 언어인데요.","expression":"i_prg","category":"technology"},{"text":"오토하키란 매크로 기반 스크립트 언어로 핵 제작 등에 사용되는 경우가 많아서   언어로 보지 않는 사람도 존재하지만 물론 순수 프로그래밍도 가능해서   언어로 보는 경우도 많은 편입니다.","expression":"i_prg","category":"technology"},{"text":"즉 오토하키는 사용하는 사람에 따라 언어   혹은 비언어로 갈리죠.","expression":"i_prg","category":"technology"},{"text":"그다음으로 아는 프로그래밍 언어는   에스이디 세드인데요.","expression":"i_prg","category":"technology"},{"text":"그리고 제가 그 다음으로 아는 언어는 에이치티엠엘인데요 엄밀히 따지면 프로그래밍 언어는 아니지만   마크업 언어라고 할 수 있죠.","expression":"i_prg","category":"technology"}],"summary":{"text":"매크로 기반 스크립트 언어인 오토하키는 사용하는 사람에 따라 언어 혹은 비언어로 갈리며, 유닉스에서 텍스트 스트림을 처리하는 명령어인 에스이디 세드는 트링이 완전하지 않고, 에이치티엠엘은 마크업 언어라고 할 수 있습니다.","wordCount":28}}},"rawDataInfo":{"question":{"fileFormat":"wav","fileSize":562958,"duration":17590,"samplingBit":16,"channelCount":1,"samplingRate":"16kHz","audioPath":"/Mock/05.ICT/Female/New/ckmk_q_ict_f_n_124775.wav"},"answer":{"fileFormat":"wav","fileSize":2455118,"duration":76720,"samplingBit":16,"channelCount":1,"samplingRate":"16kHz","audioPath":"/Mock/05.ICT/Female/New/ckmk_a_ict_f_n_124775.wav"}}}