{"version":"1.0","dataSet":{"info":{"date":"20230116","occupation":"ICT","channel":"MOCK","place":"ONLINE","gender":"FEMALE","ageRange":"-34","experience":"NEW"},"question":{"raw":{"text":"본인의 전공과 관련해서 최근에 부족하다고 느끼고 그 부분에 대해서 따로 공부를 하고 있는 분야가 있을까요","wordCount":15},"emotion":[],"intent":[]},"answer":{"raw":{"text":"어 저희 전공과 관련해서 최근 부족하다고 느끼고 있는 분야는 에스큐엘 분야인데요. 어 프로젝트에서 다른 분이 에스큐엘을 굉장히 적재적소에 활용하시고 또 에스큐엘 구매 구문을 통하여 데이터 분석을 진행하시는 것을 보면서 아 에스큐엘 이란게 얼마나 파워풀하고 또 활용하기에 좋은 기술인지 알게 되어서 어 제가 이 에스큐엘 언어에 대해서 따로 고민을 하고 있었습니다. 또 강좌를 끊어서 공부를 하고 다른 분들 다른 분들은 어떤 고민을 가지고 공부를 하시는지 많이 여쭈고 다니고 있습니다.","wordCount":68},"emotion":[],"intent":[{"text":"어   프로젝트에서 다른 분이 에스큐엘을 굉장히 적재적소에 활용하시고 또 에스큐엘 구매 구문을 통하여 데이터 분석을 진행하시는 것을 보면서 아 에스큐엘 이란게   얼마나 파워풀하고 또 활용하기에 좋은 기술인지 알게 되어서 어 제가 이 에스큐엘 언어에 대해서 따로 고민을 하고 있었습니다.","expression":"i_prg","category":"technology"}],"summary":{"text":"에스큐엘 분야는 전공과 관련하여 최근 부족하다고 느끼고 있는 분야입니다. 다른 분들은 어떤 고민을 가지고 공부를 하는지 많이 여쭈고 다니고 있습니다.","wordCount":20}}},"rawDataInfo":{"question":{"fileFormat":"wav","fileSize":304718,"duration":9520,"samplingBit":16,"channelCount":1,"samplingRate":"16kHz","audioPath":"/Mock/05.ICT/Female/New/ckmk_q_ict_f_n_177779.wav"},"answer":{"fileFormat":"wav","fileSize":1489998,"duration":46560,"samplingBit":16,"channelCount":1,"samplingRate":"16kHz","audioPath":"/Mock/05.ICT/Female/New/ckmk_a_ict_f_n_177779.wav"}}}