{"version":"1.0","dataSet":{"info":{"date":"20230116","occupation":"ICT","channel":"MOCK","place":"ONLINE","gender":"FEMALE","ageRange":"-34","experience":"NEW"},"question":{"raw":{"text":"어 본인의 커리어 목표를 위해서 어떤 경력 경로를 생각하고 계시는지 말씀해 주실 수 있으실까요","wordCount":14},"emotion":[],"intent":[]},"answer":{"raw":{"text":"제가 개인적으로 가지고 있는 목표는 어 이제 저의 역량을 발휘하여 어 지금 지원한 회사의 도메인에 관련된 프로젝트를 성공리에 마치고 싶은 목표가 있습니다. 또 그 프로젝트에서 데이터 분석가로서의 역할을 제대로 수행하고 싶은 목표가 있습니다. 어 또 제가 개인적으로 하고 싶은 부분은 반려동물과 유기 동물에 관한 부분인데 이 부분에 있어서도 개인적으로 프로젝트를 진행하여 이 유기 동물과 반려동물 시장에 보탬이 되고자 하는 목표가 있습니다.","wordCount":61},"emotion":[],"intent":[{"text":"","expression":"","category":"attitude"}],"summary":{"text":"개인적으로 지원한 회사의 도메인 관련 프로젝트를 성공리에 마치고, 데이터 분석가로서의 역할을 수행하며, 반려동물과 유기 동물에 관한 프로젝트를 진행하여 시장에 보탬이 되고자 하는 목표가 있습니다.","wordCount":24}}},"rawDataInfo":{"question":{"fileFormat":"wav","fileSize":313326,"duration":9789,"samplingBit":16,"channelCount":1,"samplingRate":"16kHz","audioPath":"/Mock/05.ICT/Female/New/ckmk_q_ict_f_n_204741.wav"},"answer":{"fileFormat":"wav","fileSize":1370958,"duration":42840,"samplingBit":16,"channelCount":1,"samplingRate":"16kHz","audioPath":"/Mock/05.ICT/Female/New/ckmk_a_ict_f_n_204741.wav"}}}