{"version":"1.0","dataSet":{"info":{"date":"20230116","occupation":"ICT","channel":"MOCK","place":"ONLINE","gender":"FEMALE","ageRange":"-34","experience":"NEW"},"question":{"raw":{"text":"우리 회사에 들어와 본인이 하고 싶은 특별한 업무가 있으실까요","wordCount":9},"emotion":[],"intent":[]},"answer":{"raw":{"text":"저는 재무 팀으로 꼭 들어가 보고 싶습니다. 저는 이과생이기 때문에 항상 숫자와 노는 것을 좋아했습니다. 그리고 저는 스트레스를 받을 때 수학 문제를 풉니다. 수학 문제를 푸는 이유는 수학은 답이 정해져 있습니다. 우리의 인생은 답이 정해져 있지 않습니다. 그래서 어떻게 갈지를 몰라서 갈피를 잡지 못하고 너무 힘이 드는데 이 수학 문제만큼은 답이 정해져 있기 때문에 그 방향에 맞게 따라가기만 하면 됩니다. 그래서 저는 수학을 좋아했습니다. 이 좋아하는 수학과 함께 재무 팀에 들어가 저의 역량을 뽐내고 싶습니다. 저는 또한 수학 입시 상도 많이 받았습니다. 공모전 우승 경력도 굉장히 많구요. 저의 이 역량을 잘 봐 주시면 좋겠습니다. 제가 재무 팀에서 근무를 하게 된다면 업무 실수 없이 꼼꼼하고 정확하게 많은 업무들을 해 내겠습니다. 저는 재무 팀으로 가고 싶습니다.","wordCount":114},"emotion":[],"intent":[{"text":"우리의 인생은 답이 정해져 있지 않습니다.","expression":"c_value","category":"background"},{"text":"저는 또한 수학 입시 상도 많이 받았습니다.","expression":"c_private","category":"background"},{"text":"공모전 우승 경력도 굉장히 많구요.","expression":"c_private","category":"background"},{"text":"제가 재무 팀에서 근무를 하게 된다면 업무 실수 없이 꼼꼼하고 정확하게 많은 업무들을 해 내겠습니다.","expression":"c_sincere_job","category":"etc"}],"summary":{"text":"수학은 답이 정해져 있기 때문에 스트레스를 받을 때 푸는데 그 방향에 맞게 따라가기만 하면 되기 때문에 매우 좋아합니다. 수학 입시 상도 많이 받았고 공모전 우승 경력도 많습니다. 재무 팀이 근무하게 된다면 업무 실수 없이 많은 업무들을 해 내겠습니다.","wordCount":38}}},"rawDataInfo":{"question":{"fileFormat":"wav","fileSize":242638,"duration":7580,"samplingBit":16,"channelCount":1,"samplingRate":"16kHz","audioPath":"/Mock/05.ICT/Female/New/ckmk_q_ict_f_n_257789.wav"},"answer":{"fileFormat":"wav","fileSize":3799438,"duration":118730,"samplingBit":16,"channelCount":1,"samplingRate":"16kHz","audioPath":"/Mock/05.ICT/Female/New/ckmk_a_ict_f_n_257789.wav"}}}