{"version":"1.0","dataSet":{"info":{"date":"20230116","occupation":"ICT","channel":"MOCK","place":"ONLINE","gender":"FEMALE","ageRange":"35-44","experience":"NEW"},"question":{"raw":{"text":"지금부터 삼 년 뒤까지나 삼 년 이내에 수요 성장 계획이나 목표가 있습니까 있다면 무엇인지 궁금합니다","wordCount":15},"emotion":[],"intent":[]},"answer":{"raw":{"text":"네 뭐 삼 년 내에 주요 뭐 계획이나 목표가 어 있긴 있는데요. 이게 삼 년 내 까지는 아니고 그냥 앞으로 제가 어떻게 쫌 하면 좋겠다 이런 계획이 있기는 한데 이게 실행이 될지 정말 목표가 이루어질지는 전혀 알 수가 없는 거지 않습니까. 그서 어 그거에 대해서 제가 이렇게 오픈을 하고 싶지는 않아요. 그리고 입이 방정이라고 전에 막 그냥 이거 말고 다른 일로 막 이렇게 막 나 할 거야 이거 해볼 거야 이렇게 했는데 된 게 없었어요. 그래서 아 말을 말고 조용히 한 번 조용히 혼자서 어 해봐야겠구나 이런 마음을 다져본 적이 있었거든요. 그래서 그런가 그 이후로는 말을 잘 안 하게 되는 것 같아요. 그렇게 해서 되면 좀 더 잘 준비를 해서 되면 이제 그때 빵 하고 터트리고 싶은 마음이 있어서 그냥 이렇게 이것에 대해서는 제가 깊게 얘기하 말씀드릴 수가 없을 것 같습니다.","wordCount":131},"emotion":[],"intent":[{"text":"","expression":"","category":"attitude"}],"summary":{"text":"삼 년 내에 주요 계획이나 목표가 있긴 하지만 실행 여부를 알 수가 없습니다. 그래서 오픈을 하고 싶지는 않고, 다른 일로 막 했던 일은 잘 되지 않았습니다. 이제 좀 더 잘 준비를 해서 그때 빵 하고 터뜨리고 싶은 마음이 있어서 이것에 대해서는 제가 깊게 말씀하드릴 수가 없을 것 같습니다.","wordCount":48}}},"rawDataInfo":{"question":{"fileFormat":"wav","fileSize":564558,"duration":17640,"samplingBit":16,"channelCount":1,"samplingRate":"16kHz","audioPath":"/Mock/05.ICT/Female/New/ckmk_q_ict_f_n_241662.wav"},"answer":{"fileFormat":"wav","fileSize":2226638,"duration":69580,"samplingBit":16,"channelCount":1,"samplingRate":"16kHz","audioPath":"/Mock/05.ICT/Female/New/ckmk_a_ict_f_n_241662.wav"}}}