{"version":"1.0","dataSet":{"info":{"date":"20230116","occupation":"ICT","channel":"MOCK","place":"ONLINE","gender":"FEMALE","ageRange":"-34","experience":"NEW"},"question":{"raw":{"text":"만약 본인이 직무에 맞지 않는 일을 하게 된다고 했을 때 어떻게 하실 건가요 그래도 괜찮으실까요","wordCount":15},"emotion":[],"intent":[]},"answer":{"raw":{"text":"만약 직무에 맞지 않는 일을 하게 된다면 그래도 일단 몇 달은 이 회사에서 일하고 싶기 때문에 지원을 한 거라서 이제 적응을 하고자 굉장히 노력을 할 것 같습니다. 그래도 이제 안되고 팀의 폐해만 끼친다면 이제 그때부터는 따른 길을 따른 방향을 좀 모색을 해 볼 것 같구요. 왜냐하면 맞지 않는 옷을 입은 둔 회사의 입장도 난처해지고 저 또한 어 저에게 도움이 되지 않는 적응이 되지 않는 일을 잡고 있는 게 커리어적인 측면에서도 손해라는 생각이 듭니다.","wordCount":73},"emotion":[],"intent":[{"text":"","expression":"","category":"attitude"}],"summary":{"text":"직무에 맞지 않는 일을 하게 된다면 적응을 하고자 노력할 것 같습니다. 그래도 안되고 팀의 폐해만 끼친다면 방향을 모색해 볼 것 같은데, 회사도 난처해지고 저 또한 손해이기 때문입니다.","wordCount":27}}},"rawDataInfo":{"question":{"fileFormat":"wav","fileSize":288398,"duration":9010,"samplingBit":16,"channelCount":1,"samplingRate":"16kHz","audioPath":"/Mock/05.ICT/Female/New/ckmk_q_ict_f_n_251836.wav"},"answer":{"fileFormat":"wav","fileSize":1420238,"duration":44380,"samplingBit":16,"channelCount":1,"samplingRate":"16kHz","audioPath":"/Mock/05.ICT/Female/New/ckmk_a_ict_f_n_251836.wav"}}}