{"version":"1.0","dataSet":{"info":{"date":"20230116","occupation":"ICT","channel":"MOCK","place":"ONLINE","gender":"FEMALE","ageRange":"-34","experience":"NEW"},"question":{"raw":{"text":"요즘 고령화 사회로 가면서 치매로 인한 문제가 많이 대두되고 있는 거 아시죠 이 문제에 대해 건보공단이 하는 일과 개선할 방안에 대해서 지원자님의 생각을 말씀해 주세요","wordCount":25},"emotion":[],"intent":[]},"answer":{"raw":{"text":"음 저희 할머니 할아버지께서도 치매를 알았었는데요. 이 때 건보공단이 해야 하는 일과 개선할 방안에 대해 생각하는 점은 어 아무래도 할머니 할아버지 분들이 혼자서 병원에 가서 치매 검사를 받는 것을 어 두려워하시기도 하고 거부감을 가지고 계시기도 합니다. 그러니 이런 건보공단에서 주이적으로 할머니 할아버지 분들에게 치매 진단을 해주시는 것도 치매 예방과 또 치매 진행을 더디게 하는데에 도움이 되실 것 같습니다. 또 이 치매 환자를 돌보시는 가족분들이 어 어떻게 이 치매 환자분들을 돌보실 수 있을지 이에 관련된 지원도 많이 해주신다면 또 도움이 많이 될 거라는 생각이 듭니다.","wordCount":84},"emotion":[{"text":"음 저희 할머니 할아버지께서도 치매를 알았었는데요.","expression":"u-fact","category":"neutral"}],"intent":[{"text":"","expression":"","category":"attitude"}],"summary":{"text":"건보공단에서 치매 진단을 해주시는 것도 치매 예방과 진행을 더디게 하는데에 도움이 되실 것 같습니다. 또 치매 환자분들을 돌보시는 가족분들의 지원도 많이 해주셨으면 좋겠습니다.","wordCount":23}}},"rawDataInfo":{"question":{"fileFormat":"wav","fileSize":574798,"duration":17960,"samplingBit":16,"channelCount":1,"samplingRate":"16kHz","audioPath":"/Mock/05.ICT/Female/New/ckmk_q_ict_f_n_185134.wav"},"answer":{"fileFormat":"wav","fileSize":1761998,"duration":55060,"samplingBit":16,"channelCount":1,"samplingRate":"16kHz","audioPath":"/Mock/05.ICT/Female/New/ckmk_a_ict_f_n_185134.wav"}}}