{"version":"1.0","dataSet":{"info":{"date":"20230116","occupation":"ICT","channel":"MOCK","place":"ONLINE","gender":"FEMALE","ageRange":"-34","experience":"NEW"},"question":{"raw":{"text":"평소 개인 작업을 많이 하시는 편이십니까 만약 그렇다면 그렇게 많은 작업을 할 수 있는 원동력은 무엇이라고 생각하나요","wordCount":17},"emotion":[],"intent":[]},"answer":{"raw":{"text":"평소에 개인 작업을 많이 하는 것 같습니다. 프로그래밍이다 보니 아무래도 개인 작업 할 비중이 굉장히 높은데요. 그때 저는 암 힘든 경우가 굉장히 많이 있지만 이 프로그램을 다 만들고 나서 최종적으로 앱이라든지 게임이 만들어지는 것을 보면서 실감을 느꼈던 것 같습니다. 제가 좋아하는 일이고 제가 하고 싶어하는 일이다 보니까 저는 이 일을 하면서 굉장한 원동력을 얻을 수 있었고 음 저는 이런 성취감이 저 제가 이 일을 할 수 있었던 원동력 그리고 힘이 되어 주었던 거 같습니다.","wordCount":74},"emotion":[],"intent":[{"text":"","expression":"","category":"attitude"}],"summary":{"text":"프로그래밍을 하면서 개인 작업을 굉장히 많이 합니다. 프로그램을 다 만들고 나서 앱, 게임이 만들어지는 것을 보면서 실감했습니다. 이 일을 하면서 엄청난 원동력을 얻을 수 있었습니다.","wordCount":25}}},"rawDataInfo":{"question":{"fileFormat":"wav","fileSize":396238,"duration":12380,"samplingBit":16,"channelCount":1,"samplingRate":"16kHz","audioPath":"/Mock/05.ICT/Female/New/ckmk_q_ict_f_n_269237.wav"},"answer":{"fileFormat":"wav","fileSize":1281998,"duration":40060,"samplingBit":16,"channelCount":1,"samplingRate":"16kHz","audioPath":"/Mock/05.ICT/Female/New/ckmk_a_ict_f_n_269237.wav"}}}