{"version":"1.0","dataSet":{"info":{"date":"20230116","occupation":"ICT","channel":"MOCK","place":"ONLINE","gender":"FEMALE","ageRange":"35-44","experience":"NEW"},"question":{"raw":{"text":"우리 회사에 입사하였더니 업무 내용이나 강도가 예상했던 것과 전혀 다르다면 어떻게 하실 것인가요","wordCount":13},"emotion":[],"intent":[]},"answer":{"raw":{"text":"귀사에 입사를 준비하면서 현직에 계신 분들을 인터뷰를 하거나 웹 게시판에 있는 글을 읽어 보며 업무 강도가 높다는 점을 이미 알고 지원했습니다. 쉽고 편하게 일하고 싶은 직장을 찾았다면 다른 기업들을 선택했을 것입니다. 하지만 저는 편하게 일할 수 있는 곳을 찾기보다는 제가 성장할 수도 있으며 직무에 관한 역량을 최대로 발휘해 가능한 직장에서 근무하고 싶다게 생각해 귀사를 선택했습니다. 또한 귀사는 업무의 밀도가 높은 만큼 직원에 대한 우대나 복지 급여는 업계 최고 수준이라고 알고 있습니다. 이에 높은 업무 강도를 기반으로 성장할 기회를 얻고자 지원했습니다.","wordCount":80},"emotion":[],"intent":[{"text":"하지만 저는 편하게 일할 수 있는 곳을 찾기보다는 제가 성장할 수도 있으며   직무에 관한 역량을 최대로 발휘해 가능한 직장에서 근무하고 싶다게   생각해 귀사를 선택했습니다.","expression":"c_sincere_co","category":"etc"}],"summary":{"text":"귀사에 입사하면서 업무 강도가 높다는 것을 이미 알고 지원했습니다. 하지만 저는 성장 가능성이 있고 직무 역량을 최대로 발휘해 가능한 직장에서 근무하고 싶다, 직원에 대한 우대나 복지 급여는 업계 최고 수준이라고 알고 있습니다.","wordCount":32}}},"rawDataInfo":{"question":{"fileFormat":"wav","fileSize":366158,"duration":11440,"samplingBit":16,"channelCount":1,"samplingRate":"16kHz","audioPath":"/Mock/05.ICT/Female/New/ckmk_q_ict_f_n_190945.wav"},"answer":{"fileFormat":"wav","fileSize":1952078,"duration":61000,"samplingBit":16,"channelCount":1,"samplingRate":"16kHz","audioPath":"/Mock/05.ICT/Female/New/ckmk_a_ict_f_n_190945.wav"}}}