{"version":"1.0","dataSet":{"info":{"date":"20230116","occupation":"ICT","channel":"MOCK","place":"ONLINE","gender":"FEMALE","ageRange":"-34","experience":"NEW"},"question":{"raw":{"text":"프로그래밍 언어는 어떤 걸 사용하실 수 있으신가요 사용하실 수 있는 프로그램 언어의 수준은 어느정도 가능하십니까","wordCount":15},"emotion":[],"intent":[]},"answer":{"raw":{"text":"제가 사용할 줄 아는 프로그래밍 언어는 씨언어와 파이썬 또 아 에스큐엘입니다. 에스큐엘 같은 경우에는 이제 데이터 분석을 위해 쓰는 언어이고 지금 그렇게 능숙하지는 못합니다. 윈도우 구문은 전혀 사용하지 못하고 아무래도 기본적인 문법은 활용하여 데이터를 볼 수 있는 편입니다. 씨언어 같은 경우에는 어 제가 처음에 언어 배우는 걸 아예 씨언어로 시작을 해서 음 지금 조금 잊어서 예전처럼 능숙하지는 않지만 예전에는 이제 간단한 프로그래밍은 빨리빨리 짤 짤 수 있고 간단한 게임까지 구현할 수 있는 수준을 가지고 있었습니다. 이제 파이썬의 경우에는 요즘 데이터 전처리를 위한 구문을 많이 쓰는 편이라 데이터 전처리 는 모두 파이썬으로 할 수 있을 만큼 능숙하기도 하고 직접 함수를 만들어 쓸 수 있는 수준입니다.","wordCount":104},"emotion":[],"intent":[{"text":"씨언어 같은 경우에는 어 제가 처음에 언어 배우는 걸 아예 씨언어로 시작을 해서   음 지금 조금 잊어서 예전처럼 능숙하지는 않지만   예전에는 이제 간단한 프로그래밍은 빨리빨리 짤 짤 수 있고 간단한 게임까지   구현할 수 있는 수준을 가지고 있었습니다.","expression":"i_prg","category":"technology"},{"text":"이제 파이썬의 경우에는 요즘   데이터 전처리를 위한 구문을 많이 쓰는 편이라 데이터 전처리 는 모두 파이썬으로   할 수 있을 만큼 능숙하기도 하고 직접 함수를 만들어 쓸 수 있는 수준입니다.","expression":"i_prg","category":"technology"}],"summary":{"text":"에스큐엘은 데이터 분석을 위해 쓰는 언어이고, 씨언어는 간단한 프로그래밍은 빨리 짤 수 있고 간단한 게임까지 구현할 수 있는 수준이고, 파이썬은 데이터 전처리는 모두 파이썬으로 할 수 있을 만큼 능숙하기도 하고 직접 함수를 만들어 쓸 수 있는 수준입니다.","wordCount":37}}},"rawDataInfo":{"question":{"fileFormat":"wav","fileSize":442318,"duration":13820,"samplingBit":16,"channelCount":1,"samplingRate":"16kHz","audioPath":"/Mock/05.ICT/Female/New/ckmk_q_ict_f_n_185040.wav"},"answer":{"fileFormat":"wav","fileSize":2061518,"duration":64420,"samplingBit":16,"channelCount":1,"samplingRate":"16kHz","audioPath":"/Mock/05.ICT/Female/New/ckmk_a_ict_f_n_185040.wav"}}}