{"version":"1.0","dataSet":{"info":{"date":"20230116","occupation":"ICT","channel":"MOCK","place":"ONLINE","gender":"FEMALE","ageRange":"45-54","experience":"NEW"},"question":{"raw":{"text":"지원자님께서는 커뮤니케이션을 잘 할 수 있는 나만의 스킬이 있다면 어떤 것인지 설명 가능한가요 직접 보여주셔도 괜찮습니다","wordCount":16},"emotion":[],"intent":[]},"answer":{"raw":{"text":"상대방과 대화를 하기 전에 저는 차를 준비합니다. 아무 것도 없는 상태에서 그냥 단순하게 대화를 시도하다 보면 좀 긴장되거나 어색한 상황이 생길 수가 있는데 차를 마시다 보면 음 내가 긴장됐을 때 따뜻한 차가 몸으로 들어오면서 긴장이 살짝 풀리기도 하고 차를 매개로 해서 이야기의 주제를 먼저 이어나가고 그리고 또 내가 궁금했던 점 그리고 상대방이 이제 긴장이 풀리면 상대방에 이야기도 천천히 들을 수 있어서 서로 어떤 커뮤니케이션에 꼭 필요한 상황이 생기면 차를 준비해서 상대방에 긴장을 살짝 풀어준 후 대화를 하고 소통하는 것이 제 스킬이라면 스킬입니다.","wordCount":82},"emotion":[],"intent":[{"text":"","expression":"","category":"attitude"}],"summary":{"text":"저는 어떤 커뮤니케이션에 꼭 필요한 상황이 생기면 차를 준비해서 상대방에 긴장을 살짝 풀어준 후 대화를 하고 소통하는 것이 제 스킬이라면 스킬입니다.","wordCount":21}}},"rawDataInfo":{"question":{"fileFormat":"wav","fileSize":491918,"duration":15370,"samplingBit":16,"channelCount":1,"samplingRate":"16kHz","audioPath":"/Mock/05.ICT/Female/New/ckmk_q_ict_f_n_178294.wav"},"answer":{"fileFormat":"wav","fileSize":1649998,"duration":51560,"samplingBit":16,"channelCount":1,"samplingRate":"16kHz","audioPath":"/Mock/05.ICT/Female/New/ckmk_a_ict_f_n_178294.wav"}}}