{"version":"1.0","dataSet":{"info":{"date":"20230116","occupation":"ICT","channel":"MOCK","place":"ONLINE","gender":"FEMALE","ageRange":"-34","experience":"NEW"},"question":{"raw":{"text":"근데 요즘 자기 계발을 위해 따로 공부하고 있는 것이 있으신가요 있다면 그거를 왜 공부하고 있는지 지금까지 그것으로부터 배운 것이 무엇이 있는지 함께 설명해 주시기 바랍니다","wordCount":25},"emotion":[],"intent":[]},"answer":{"raw":{"text":"요즘 공부하는 것은 에스큐엘 언어입니다. 아무래도 데이터 분석하는 그 분야에 있어서 에스큐엘 활용이 또 많은 편이고 굉장히 파워풀한 언어라고 생각이 되어서 에스큐엘 공부를 요즘 하고 있습니다. 또 프로젝트 하면서 한 팀원 분이 에스큐엘을 굉장히 효율적으로 다루 다루시는 모습이 개인적으로 인상이 깊었습니다. 또 인상이 깊었고 저도 그래서 아 저거를 나도 열심히 마스터를 해서 어 내가 앞으로 하는 일에 많은 도움을 받아 봐야겠다 라는 생각에 에스큐엘을 공부하려고 계획 중이고 또 실제로 강좌를 결제해서 배우고 있는 중입니다. 아 뭘 배웠는지는 이제 그 기본 구문을 거의 다 배웠구요. 좀 더 응용할 수 있는 윈도우 절에 관하여 실습을 해보고 있는 중입니다.","wordCount":96},"emotion":[],"intent":[{"text":"아무래도 데이터 분석하는 그 분야에 있어서 에스큐엘 활용이 또 많은 편이고   굉장히 파워풀한 언어라고 생각이 되어서 에스큐엘 공부를 요즘 하고 있습니다.","expression":"c_imp","category":"personality"}],"summary":{"text":"에스큐엘 언어는 데이터 분석 분야에서 활용도가 높고 파워풀한 언어입니다. 팀원분이 효율적으로 다루시는 모습이 개인적으로 인상 깊었습니다. 그래서 열심히 마스터해서 도움을 받아보고자 현재 기본 구문을 배웠고 응용할 수 있는 윈도우 절 실습도 하고 있습니다.","wordCount":33}}},"rawDataInfo":{"question":{"fileFormat":"wav","fileSize":465998,"duration":14560,"samplingBit":16,"channelCount":1,"samplingRate":"16kHz","audioPath":"/Mock/05.ICT/Female/New/ckmk_q_ict_f_n_178109.wav"},"answer":{"fileFormat":"wav","fileSize":1905998,"duration":59560,"samplingBit":16,"channelCount":1,"samplingRate":"16kHz","audioPath":"/Mock/05.ICT/Female/New/ckmk_a_ict_f_n_178109.wav"}}}