{"version":"1.0","dataSet":{"info":{"date":"20230116","occupation":"ICT","channel":"MOCK","place":"ONLINE","gender":"FEMALE","ageRange":"45-54","experience":"NEW"},"question":{"raw":{"text":"역사 속에서 가장 존경하는 인물 한 사람을 뽑아서 말씀해 주시고 그 인물을 존경하는 이유에 대해서도 말씀해 주시면 감사하겠습니다","wordCount":18},"emotion":[],"intent":[]},"answer":{"raw":{"text":"제가 가장 존경하는 인물은 신사임당입니다. 조선 중기의 시인 화가로 알려져 있는 신사임당은 자신의 뛰어난 재능을 그 당시에 여성이라는 이유로 얌전히 지내야 했던 그런 시대적인 어 통념을 깨고 음 자신에 능력을 마음껏 다 펼치진 못했지만 그래도 그 시기에 상당히 자신의 업적을 남긴 여인 중에 한 명이라고 저는 생각합니다. 게다가 아들까지 훌륭하게 키워내서 훌륭한 어머니 상으로 지금은 이름을 떨치고 있지만 그녀 스스로가 가진 굉장한 능력들이 어 그런 결과를 낳지 않았나 생각해봅니다. 네 그래서 저는 신사임당을 존경합니다.","wordCount":74},"emotion":[],"intent":[{"text":"","expression":"","category":"attitude"}],"summary":{"text":"저는 신사임당을 가장 존경합니다. 그는 여성이라는 이유로 얌전히 지내야 했던 시대적인 통념을 깨고 자신의 능력을 마음껏 다 펼치진 못했지만 상당히 자신의 업적을 남긴 여인중 한 명이라고 생각합니다.","wordCount":27}}},"rawDataInfo":{"question":{"fileFormat":"wav","fileSize":482638,"duration":15080,"samplingBit":16,"channelCount":1,"samplingRate":"16kHz","audioPath":"/Mock/05.ICT/Female/New/ckmk_q_ict_f_n_178298.wav"},"answer":{"fileFormat":"wav","fileSize":1642318,"duration":51320,"samplingBit":16,"channelCount":1,"samplingRate":"16kHz","audioPath":"/Mock/05.ICT/Female/New/ckmk_a_ict_f_n_178298.wav"}}}