{"version":"1.0","dataSet":{"info":{"date":"20230116","occupation":"ICT","channel":"MOCK","place":"ONLINE","gender":"FEMALE","ageRange":"45-54","experience":"NEW"},"question":{"raw":{"text":"개발자에게서 가장 중요한 것은 무엇일까요","wordCount":5},"emotion":[],"intent":[]},"answer":{"raw":{"text":"이 처음에는 그 개발하는 언어를 익히는 것이 굉장히 중요하다고 생각을 했습니다. 저는 문과이고 그러다 보니 따른 분들 보다 스킬이 좀 떨어지는 부분들이 있었거든요. 그래서 수학을 좀 더 열심히 할 껄 아 역시 언어도 결국엔 수학이구나 수학적 사고가 굉장히 중요하구나 라고 생각을 했습니다. 어 그와 더불어 커뮤니케이션 능력도 굉장히 중요하더라구요. 저는 그래서 두 가지를 뽑을 수 있는데요. 수학적 사고와 바로 커뮤니케이션 능력입니다. 개발자의 커뮤니케이션 능력이 뭘 그렇게 중요하냐 라고 생각하실 수도 있겠지만 아웃 풋을 내고 내고 보면 고 요구했던 고객 상황과 굉장히 다르다 이런 피드백을 받는 경우가 굉장히 많았거든요. 어 설명할 때 이게 맞았는데 왜 결과물이 달라졌을까 라고 생각해보면 그분들의 의중이라던가 다른 케이스들에 대한 커뮤니케이션이 좀 미비해서 아웃 풋이 달랐던 그런 경험들이 있습니다. 그래서 고객과 좀 끊임없는 커뮤니케이션을 통해서 정확한 요구사항을 파악하고 이 수학적 사고를 통해서 논리적으로 구현하는 것이 개발자가 필요로 하는 덕목이 아닐까 라고 생각합니다.","wordCount":135},"emotion":[],"intent":[{"text":"","expression":"","category":"attitude"}],"summary":{"text":"수학적 사고와 커뮤니케이션 능력은 개발자가 필요로 하는 덕목이라 생각합니다. 고객과의 끊임없는 커뮤니케이션을 통해 정확한 요구사항을 파악하고 수학적 사고를 통해 논리적으로 구현하는 것이 개발자가 필요한 덕목이라고 생각합니다.","wordCount":26}}},"rawDataInfo":{"question":{"fileFormat":"wav","fileSize":201038,"duration":6280,"samplingBit":16,"channelCount":1,"samplingRate":"16kHz","audioPath":"/Mock/05.ICT/Female/New/ckmk_q_ict_f_n_272674.wav"},"answer":{"fileFormat":"wav","fileSize":2508878,"duration":78400,"samplingBit":16,"channelCount":1,"samplingRate":"16kHz","audioPath":"/Mock/05.ICT/Female/New/ckmk_a_ict_f_n_272674.wav"}}}