{"version":"1.0","dataSet":{"info":{"date":"20230116","occupation":"ICT","channel":"MOCK","place":"ONLINE","gender":"FEMALE","ageRange":"35-44","experience":"NEW"},"question":{"raw":{"text":"최근 고령화 사회로 가면서 치매로 인한 문제가 많이 대두되고 있습니다 이에 대해 건보공단이 하는 일과 개선할 방안에 대해서 말씀해 주실 수 있으실까요","wordCount":22},"emotion":[],"intent":[]},"answer":{"raw":{"text":"어 치매가 많이 이제 문제가 이슈가 됐고 그거에 대해서 어떻게 잘 이제 치매 예방을 할 것인가에 대해서 사회적 이슈도 많이 됐고 정말 또 많이 개선된 방안들이 많이 왔어요. 몰랐는데 찾아보니까 정말 요즘에 옛날에는 비싼 돈 주고 검사해야 되고 치매도 예방할 수 있 그까 치매를 예방할 수 있는지조차 몰랐었는데 치매도 다 약도 재어 있고 치매 전조 증상이 보일 때 빨리 기관에 가면은 관련 기관에 가면 더 이상 심해지지 않도록 교육도 시켜주고 계속 뇌를 쓸 수 있게끔 도와주는 기관이 많더라구요. 그래서 어 그거 굉장히 좋은 시스템이에요. 그래서 어 가족 치매가 걸리면 이제 치매 있는 가족들은 아무래도 굉장히 음 일상이 쫌 불편해지거든요. 그런데 그렇게 나라에서 정부에서 지원을 해주면서 하는 건 참 좋은데 어 개선할 방안은 그게 이제 단순히 그냥 훈련만 한다고 되는 게 아니고 음 쫌 제도적으로 그래서 꾸준히 할 수 있게끔 그냥 뭐 간단하게 해주는 그런 검사나 뭐 이런 거는 필요 없다고 보거든요. 정말 디테일하게 할 수 있게끔 어 제도가 잘 마련되어야 된다고 봅니다.","wordCount":152},"emotion":[],"intent":[{"text":"","expression":"","category":"attitude"}],"summary":{"text":"치매에 대한 사회적 이슈와 개선된 방안들이 많이 왔습니다. 예전에는 치매 검사나 예방에 대해 몰랐는데 관련 기관에서 교육을 시켜주고 뇌를 쓸 수 있게 도와주는 시스템이 있었습니다. 치매가 걸렸다면 치매 있는 가족들의 일상은 불편하지 않겠지만 제도적으로 꾸준히 할 수 있게 하는 제도가 마련되어야 합니다.","wordCount":42}}},"rawDataInfo":{"question":{"fileFormat":"wav","fileSize":467918,"duration":14620,"samplingBit":16,"channelCount":1,"samplingRate":"16kHz","audioPath":"/Mock/05.ICT/Female/New/ckmk_q_ict_f_n_248132.wav"},"answer":{"fileFormat":"wav","fileSize":3020878,"duration":94400,"samplingBit":16,"channelCount":1,"samplingRate":"16kHz","audioPath":"/Mock/05.ICT/Female/New/ckmk_a_ict_f_n_248132.wav"}}}