{"version":"1.0","dataSet":{"info":{"date":"20230116","occupation":"ICT","channel":"MOCK","place":"ONLINE","gender":"FEMALE","ageRange":"35-44","experience":"NEW"},"question":{"raw":{"text":"일을 하다 보면 다른 지역에서 업무를 수행하게 되실 수도 있습니다 지원자님은 이런 타 지역 근무도 문제 없이 수행하실 수 있을까요","wordCount":20},"emotion":[],"intent":[]},"answer":{"raw":{"text":"어 다른 지역에서 근무를 할 수 있다는 거는 보통 다른 지역이라면 서울 외에 이제 지방을 말씀하시는 건지 그 타 지역 근무가 어디까지인지가 좀 중요할 것 같습니다. 아까도 제가 회사를 볼 때 중요한 세 가지 중의 하나가 거리였거든요. 이게 뭐 차가 있다 해도 제가 자차로 움직일 수는 있는데 그게 자차로 움직인다 해도 출퇴근할 수 있는 거리가 어느 정도 돼야 왜냐하면 회사는 매일 나가야 되니까요. 그래서 출퇴근할 수 있는 거리가 돼야지만 다음날 출근을 하는 데도 문제가 없어야지만 된다고 저는 생각이 들어서 어 이게 어디까지가 타 지역으로 속하는지가 저는 좀 궁금합니다. 근데 일단 경기도까지 저는 경기도까지는 어 문제 없이 가능할 거라 생각됩니다.","wordCount":99},"emotion":[],"intent":[{"text":"","expression":"","category":"attitude"}],"summary":{"text":"타 지역 근무가 어디까지인지가 중요할 것 같습니다. 출퇴근할 수 있는 거리가 어느 정도 돼야 다음날 출근을 하는 데도 문제가 없어야지만 된다고 생각하는데 경기도까지는 문제 없이 가능할 것이라 생각됩니다.","wordCount":28}}},"rawDataInfo":{"question":{"fileFormat":"wav","fileSize":576718,"duration":18020,"samplingBit":16,"channelCount":1,"samplingRate":"16kHz","audioPath":"/Mock/05.ICT/Female/New/ckmk_q_ict_f_n_248131.wav"},"answer":{"fileFormat":"wav","fileSize":1930318,"duration":60320,"samplingBit":16,"channelCount":1,"samplingRate":"16kHz","audioPath":"/Mock/05.ICT/Female/New/ckmk_a_ict_f_n_248131.wav"}}}