{"version":"1.0","dataSet":{"info":{"date":"20230116","occupation":"ICT","channel":"MOCK","place":"ONLINE","gender":"FEMALE","ageRange":"35-44","experience":"NEW"},"question":{"raw":{"text":"평소에 개인 작업을 많이 하시는 편인가요 그렇다면 그렇게 할 수 있는 원동력은 과연 어디서 나온다고 생각하시나요","wordCount":16},"emotion":[],"intent":[]},"answer":{"raw":{"text":"그 원동력은 저의 성격이라고 생각합니다. 저는 모든 일을 끝까지 책임지는 성격이며 제가 맡은 일에 열정을 가지며 완수하는 편입니다. 그래서인지 몰라도 주위 사람들로부터 책임감이 강하다는 말을 많이 듣습니다. 제게 주어진 일이라면 강한 책임감을 느끼고 꾸직할 정도로 성실함으로 그 일을 완수해 냈습니다. 어 이렇게 얻어진 저의 성격으로 어떤 일이든지 신중하게 결정하며 한 번 저에게 주어진 일은 책임감이 있고 성실하게 수행해 나가려고 노력하며 어려운 일도 끈기 있게 해 나갑니다.","wordCount":66},"emotion":[],"intent":[{"text":"저는 모든 일을 끝까지 책임지는 성격이며 제가 맡은 일에 열정을 가지며 완수하는 편입니다.","expression":"c_person","category":"background"},{"text":"그래서인지 몰라도 주위 사람들로부터 책임감이 강하다는 말을 많이 듣습니다.","expression":"c_person","category":"background"},{"text":"제게 주어진 일이라면 강한 책임감을 느끼고 꾸직할 정도로 성실함으로 그 일을 완수해 냈습니다.","expression":"c_person","category":"background"},{"text":"어 이렇게 얻어진 저의 성격으로 어떤 일이든지 신중하게 결정하며 한 번 저에게 주어진 일은 책임감이 있고 성실하게 수행해 나가려고 노력하며 어려운 일도 끈기 있게 해 나갑니다.","expression":"c_person","category":"background"}],"summary":{"text":"저는 모든 일을 끝까지 책임지는 성격이며 맡은 일에 열정을 가지며 완수하는 편입니다. 그래서 책임감이 강하다는 말을 많이 듣습니다. 어떤 일이든 신중하게 결정하며 책임감 있게 수행해 나가려고 노력합니다.","wordCount":27}}},"rawDataInfo":{"question":{"fileFormat":"wav","fileSize":353358,"duration":11040,"samplingBit":16,"channelCount":1,"samplingRate":"16kHz","audioPath":"/Mock/05.ICT/Female/New/ckmk_q_ict_f_n_176301.wav"},"answer":{"fileFormat":"wav","fileSize":1503758,"duration":46990,"samplingBit":16,"channelCount":1,"samplingRate":"16kHz","audioPath":"/Mock/05.ICT/Female/New/ckmk_a_ict_f_n_176301.wav"}}}