{"version":"1.0","dataSet":{"info":{"date":"20230116","occupation":"ICT","channel":"MOCK","place":"ONLINE","gender":"FEMALE","ageRange":"-34","experience":"NEW"},"question":{"raw":{"text":"최근 고령화 사회로 가면서 치매로 인한 문제가 많이 대두되고 있습니다 이에 대해 건보공단이 해야 하는 일과 개선할 방안에 대해 말씀해 주실 수 있나요","wordCount":23},"emotion":[],"intent":[]},"answer":{"raw":{"text":"고령화 사회가 되면서 치매가 많이 이슈가 되고 있는 것은 뉴스를 통해서도 많이 접하였습니다. 제가 생각하기에는 이미 고령화 사회가 진행이 되었고 이분들에게 고령 치매 예방을 위한 앱이나 이런 북을 제작을 하면 좋을 것 같다는 생각이 들었습니다 .앱 같은 경우에는 우리가 그냥 드렸던 교재나 교구들을 앱 안에다가 넣어서 우리가 아동들이 이용하는 듯이 학습하는 것처럼 치매 노인들이 예방을 하거나 치매 진행률이 늦춰질 수 있는 그런 단계별 프로그래밍을 제작을 해서 앱을 만든다면 좀 좋을 것 같다는 생각이 들었습니다.","wordCount":74},"emotion":[],"intent":[{"text":"","expression":"","category":"attitude"}],"summary":{"text":"고령화 사회가 진행되면서 치매가 많이 이슈가 되고 있습니다. 이들을 대상으로 치매 예방을 위한 앱이나 북을 제작하면 좋을 것 같습니다. 단계별 프로그래밍을 해서 앱을 만들면 좋을 것 같다는 생각이 들었습니다.","wordCount":29}}},"rawDataInfo":{"question":{"fileFormat":"wav","fileSize":441678,"duration":13800,"samplingBit":16,"channelCount":1,"samplingRate":"16kHz","audioPath":"/Mock/05.ICT/Female/New/ckmk_q_ict_f_n_269239.wav"},"answer":{"fileFormat":"wav","fileSize":1466318,"duration":45820,"samplingBit":16,"channelCount":1,"samplingRate":"16kHz","audioPath":"/Mock/05.ICT/Female/New/ckmk_a_ict_f_n_269239.wav"}}}