{"version":"1.0","dataSet":{"info":{"date":"20230116","occupation":"ICT","channel":"MOCK","place":"ONLINE","gender":"FEMALE","ageRange":"45-54","experience":"NEW"},"question":{"raw":{"text":"이제까지 인생을 살면서 제일 후회되는 일이 있었다면 그것은 무엇이었나요 한 가지만 골라서 말씀해 주세요","wordCount":14},"emotion":[],"intent":[]},"answer":{"raw":{"text":"어 제가 뭐 긴 인생은 아니지만 인생을 살면서 가장 후회되는 일은 부모님과 시간을 많이 함께 하지 못했다는 것입니다. 음 고등학교 때는 거의 도서관에서 살았던 것 같아요. 독서실을 다니면서 어 공부한다는 핑계로 사실 친구들이랑 놀기도 많이 했거든요. 그러면서 부모님과의 시간은 거의 보내지 않았던 것 같고 대학에 입학해서도 뭐 그때는 조금 학창 시절의 어떤 그런 그 강압이나 억압감에서 해방되는 그런 것들을 만끽하는 곳이 대학이었기 때문에 학생들이랑 같이 동료들이랑 뭐 놀러를 다니고 엠티를 다니고 그런 걸로 좀 시간 허비를 좀 많이 했어요. 그래서 가족 여행은 대학교 때는 거의 안 갔던 것 같습니다 그리고 사회생활을 하다 보니 또 일에 치이는 부분들도 있었고 또 일이 끝날 때는 또 그 해방감으로 뭐 친구들이랑 만나서 뭐 이렇게 유흥을 즐기고 그랬지 부모님과 시간을 함께 못 했어요. 그런데 지금 이렇게 세월이 흐르고 보니 부모님과 여행을 한 번 갔는데 많이 걷는 걸 부담스러워 하시더라구요. 아 우리 부모님 나이가 들어서 이렇게 몸이 불편하신데 그동안 나는 뭘 했을까 어 이제 부모님과 여행 갈 수 있는 날도 그렇게 많지는 않구나. 그런 걸 느끼면서 좀 가족과 부모님과 시간을 좀 더 많이 보낼 걸 했던 후회가 남습니다.","wordCount":172},"emotion":[],"intent":[{"text":"","expression":"","category":"attitude"}],"summary":{"text":"고등학교 때는 부모님과 시간을 많이 함께하지 못했고 대학에 입학해서도 부모님과의 시간을 많이 보내지 않았습니다. 사회생활을 하다 보니 일에 치이는 부분들도 있었고 일이 끝날 때는 해방감으로 유흥을 즐기고 그랬지만 이제는 부모님과 여행을 한 번 갔는데 많이 걷는 걸 부담스러워 하셨습니다. 그런 걸 느끼면서 좀 더 많이 보낼 걸 했던 후회가 남습니다.","wordCount":50}}},"rawDataInfo":{"question":{"fileFormat":"wav","fileSize":304718,"duration":9520,"samplingBit":16,"channelCount":1,"samplingRate":"16kHz","audioPath":"/Mock/05.ICT/Female/New/ckmk_q_ict_f_n_272677.wav"},"answer":{"fileFormat":"wav","fileSize":2976718,"duration":93020,"samplingBit":16,"channelCount":1,"samplingRate":"16kHz","audioPath":"/Mock/05.ICT/Female/New/ckmk_a_ict_f_n_272677.wav"}}}