{"version":"1.0","dataSet":{"info":{"date":"20230116","occupation":"ICT","channel":"MOCK","place":"ONLINE","gender":"FEMALE","ageRange":"-34","experience":"NEW"},"question":{"raw":{"text":"어 일을 하다 보면 상사와 트러블이 생길 수 있는데요 이런 경우에는 어떻게 하실 건가요 그리고 상사가 혼을 낼 수도 있는데 그런 경우에는 어 기분이 나쁘실 수도 있습니다 괜찮으신가요","wordCount":28},"emotion":[],"intent":[]},"answer":{"raw":{"text":"어 상사분과 트러블과 충분히 생길 수 있다고 생각을 하고 아무래도 살아온 배경도 일해 온 방식도 다르실 테니까 처음에 혼내시면은 아 일하는 스타일이 다르시구나 하고 또 생각을 해볼 것 같고 또 실제로 제가 잘못한 점이 없을지 점검을 하고 그 뒤에 개선점을 찾아볼 것 같습니다. 그러나 이제 인신공격적인 언행이나 어 너무 예의가 없게 저를 혼내신다면은 이제 회사 윗부에 보고를 드릴 것 같습니다. 아무래도 팀내 분위기 저하에 한몫을 할 것이고 또 저 또한 어 인간적으로 대우 받으면서 회화를 회사를 다니고 싶기 때문입니다.","wordCount":79},"emotion":[],"intent":[{"text":"","expression":"","category":"attitude"}],"summary":{"text":"상사와 트러블이 생길 수 있으니 처음부터 혼내시면 안됩니다. 그래도 예의가 없게 혼내신다면은 회사 윗부에 보고할 것 같습니다. 회사 분위기가 저하될 것이고, 나도 인간적 대우를 받으면서 다니고 싶기 때문입니다.","wordCount":28}}},"rawDataInfo":{"question":{"fileFormat":"wav","fileSize":485198,"duration":15160,"samplingBit":16,"channelCount":1,"samplingRate":"16kHz","audioPath":"/Mock/05.ICT/Female/New/ckmk_q_ict_f_n_204740.wav"},"answer":{"fileFormat":"wav","fileSize":1573198,"duration":49160,"samplingBit":16,"channelCount":1,"samplingRate":"16kHz","audioPath":"/Mock/05.ICT/Female/New/ckmk_a_ict_f_n_204740.wav"}}}