{"version":"1.0","dataSet":{"info":{"date":"20230116","occupation":"ICT","channel":"MOCK","place":"ONLINE","gender":"FEMALE","ageRange":"55-","experience":"NEW"},"question":{"raw":{"text":"어 지원자님께서는 평소에 스트레스를 받으면 어떻게 하는 편이신지 궁금합니다 또 그런 방법으로 스트레스를 해소하시는 이유는 무엇인지 말씀해 주세요","wordCount":18},"emotion":[],"intent":[]},"answer":{"raw":{"text":"스트레스를 받으면 이제 잠을 잔다 이렇게 하시는 분들도 계신데요. 저 같은 경우는 어 저만의 이제 기법이 있습니다. 예전에 배웠던 명상 기법으로 어 길게 호흡하고 충분히 이완하면서 몸의 긴장을 풀어주구요. 그리고 난 뒤에 또 어 생각을 해 봅니다. 음 어째서 그런 일이 일어났을지 왜 스트레스를 받았는지 이렇게 살펴보다 보면 이제 제가 그동안 어 놓쳤던 부분이나 미처 생각하지 못했던 부분들을 알아내는 그런 시간을 갖곤 합니다. 그 시간은 음악을 들으면서 하기도 하구요. 또 이제 충분히 산책하면서 걸으면서 어 진행을 하는데요. 어 그렇게 어떤 부분을 놓쳤는지 확인을 하고 나면 스트레스가 풀리는 것 같습니다. 그래서 그 방법을 활용합니다.","wordCount":93},"emotion":[],"intent":[{"text":"","expression":"","category":"attitude"}],"summary":{"text":"스트레스 받으면 잠을 잔다 하시는 분들도 계신데 저 같은 경우는 저만의 기법이 있습니다. 호흡하고 충분히 이완하면서 몸의 긴장을 풀어주고 난 뒤에 생각을 해 보면서 놓쳤던 부분들을 알아내는 시간을 갖습니다.","wordCount":29}}},"rawDataInfo":{"question":{"fileFormat":"wav","fileSize":474638,"duration":14830,"samplingBit":16,"channelCount":1,"samplingRate":"16kHz","audioPath":"/Mock/05.ICT/Female/New/ckmk_q_ict_f_n_229161.wav"},"answer":{"fileFormat":"wav","fileSize":1806158,"duration":56440,"samplingBit":16,"channelCount":1,"samplingRate":"16kHz","audioPath":"/Mock/05.ICT/Female/New/ckmk_a_ict_f_n_229161.wav"}}}