{"version":"1.0","dataSet":{"info":{"date":"20230116","occupation":"ICT","channel":"MOCK","place":"ONLINE","gender":"FEMALE","ageRange":"-34","experience":"NEW"},"question":{"raw":{"text":"지금 읽고 계신 책이 있는지요 있다면 어떤 책인지 궁금하구요 또 왜 그 책을 읽고 계시는지도 함께 말씀해 주시기 바랍니다","wordCount":19},"emotion":[],"intent":[]},"answer":{"raw":{"text":"지금 읽고 있는 책은 베르나르 베르베르의 상상력 상상력 사전이란 것입니다. 베르나르 베르베르라는 작가가 자신의 상상력을 투임하 투영하여 만든 임의에 백과사전인데요. 작가의 상상력을 확인하기 좋은 소스이고 또 누구나 한 번쯤 해봤을 법한 상상 기발한 상상을 어 책 속에 내용으로 옮겨 놔서 읽기에 굉장히 쉽고 또 재미있는 책입니다. 따른 사람의 생각을 엿보는 걸 좋아해서 그런 백과 사전류에 책을 많이 보기도 하고 작가의 상상력이 많이 들어간 소설책을 많이 읽는 편이기도 합니다.","wordCount":68},"emotion":[{"text":"따른 사람의 생각을 엿보는 걸 좋아해서 그런 백과 사전류에   책을 많이 보기도 하고 작가의 상상력이 많이 들어간 소설책을 많이 읽는 편이기도 합니다.","expression":"p-interest","category":"positive"}],"intent":[{"text":"","expression":"","category":"attitude"}],"summary":{"text":"베르나르 베르베르의 상상력 사전은 작가의 상상력을 확인하기 좋은 소스이고 누구나 한 번쯤 해봤을 법한 상상을 책 속에 옮겨 놔서 읽기에 굉장히 쉽고 또 재미있는 책입니다.","wordCount":25}}},"rawDataInfo":{"question":{"fileFormat":"wav","fileSize":364878,"duration":11400,"samplingBit":16,"channelCount":1,"samplingRate":"16kHz","audioPath":"/Mock/05.ICT/Female/New/ckmk_q_ict_f_n_178103.wav"},"answer":{"fileFormat":"wav","fileSize":1334478,"duration":41700,"samplingBit":16,"channelCount":1,"samplingRate":"16kHz","audioPath":"/Mock/05.ICT/Female/New/ckmk_a_ict_f_n_178103.wav"}}}