{"version":"1.0","dataSet":{"info":{"date":"20230116","occupation":"ICT","channel":"MOCK","place":"ONLINE","gender":"FEMALE","ageRange":"-34","experience":"NEW"},"question":{"raw":{"text":"면접자님이 휴식을 취할 때 주로 어떤 일들을 하고 계시나요 또한 왜 그 일을 하고 계신지 이유도 함께 편안하게 말씀 부탁드립니다","wordCount":20},"emotion":[],"intent":[]},"answer":{"raw":{"text":"휴식을 취할 때는 일단 아무 일도 하지 않으려고 하고 음 집안 일이 있으면 집안 일을 좀 하려고 하는 편인 것 같습니다. 집안 일을 통해서 어 아무래도 집이 많이 더러우면 정신 집중이 안 되는 편이라 휴식을 할 때 집안 일을 하고 또 청소를 하고 빨래를 하는 그런데 신경을 많이 쓰기도 하구요. 그리고 이제 고양이랑 누워있는 거를 많이 하려고 합니다. 고양이랑 누워있을 때 스터리 스트레스가 제일 많이 풀리는 거 같아서 고양이와 같이 누워 있기 고양이를 만지기 아무래도 제가 좋아하는 존재와 있는 게 가장 스트레스가 많이 풀리고 또 정신적으로 부담이 덜 한 것 같아서 네 저는 고양이와 누워 있거나 집안일을 합니다.","wordCount":98},"emotion":[],"intent":[{"text":"","expression":"","category":"attitude"}],"summary":{"text":"휴식 취할 때는 아무 일도 하지 않으려고 하고 집안 일이 있으면 집안 일을 좀 하려고 하는 편인 것 같습니다. 그리고 휴식을 할 때 집안 일을 하고 또 청소를 하고 빨래를 하는 데 신경을 많이 쓰기도 합니다.","wordCount":36}}},"rawDataInfo":{"question":{"fileFormat":"wav","fileSize":564558,"duration":17640,"samplingBit":16,"channelCount":1,"samplingRate":"16kHz","audioPath":"/Mock/05.ICT/Female/New/ckmk_q_ict_f_n_178222.wav"},"answer":{"fileFormat":"wav","fileSize":1795278,"duration":56100,"samplingBit":16,"channelCount":1,"samplingRate":"16kHz","audioPath":"/Mock/05.ICT/Female/New/ckmk_a_ict_f_n_178222.wav"}}}