{"version":"1.0","dataSet":{"info":{"date":"20230116","occupation":"ICT","channel":"MOCK","place":"ONLINE","gender":"FEMALE","ageRange":"-34","experience":"NEW"},"question":{"raw":{"text":"지원자님께서는 해당 분야에 지원하기 위해 관련된 어떤 노력을 하셨나요 생각나는 대로 말씀해 주시기 바랍니다","wordCount":14},"emotion":[],"intent":[]},"answer":{"raw":{"text":"네 저는 먼저 커리어 전환을 위해서 어 에이아이 부트 캠프라는 국비 지원 프트 캠프에 지원을 하여 칠 개월 동안 공부를 했습니다. 이 칠 개월 동안 공부를 꾸준히 텐션을 놓치지 않고 하기 위해 노력을 많이 했던 것 같습니다. 이제 아홉 시부터 여섯 시까지 루틴을 정확하게 정해서 어 이제 공부를 수행하려고 노력을 했고 또 그러한 노력이 칠 개월 동안 꾸준히 공부를 하는 데 큰 도움이 되었다고 생각을 합니다. 또 마지막에 팀 프로젝트를 하면서도 뭐 팀 분들과 함께 협력하여 좋은 결과를 내고자 많이 노력을 했습니다.","wordCount":82},"emotion":[],"intent":[{"text":"","expression":"","category":"attitude"}],"summary":{"text":"저는 커리어 전환을 위해 국비 지원 프트 캠프에 지원을 하여 칠 개월 동안 공부를 했습니다. 이 기간 동안 공부를 꾸준히 하기 위해 노력을 했고 마지막에는 팀 분들과 함께 협력하여 좋은 결과를 내고자 많이 노력했습니다.","wordCount":34}}},"rawDataInfo":{"question":{"fileFormat":"wav","fileSize":345678,"duration":10800,"samplingBit":16,"channelCount":1,"samplingRate":"16kHz","audioPath":"/Mock/05.ICT/Female/New/ckmk_q_ict_f_n_265299.wav"},"answer":{"fileFormat":"wav","fileSize":1509838,"duration":47180,"samplingBit":16,"channelCount":1,"samplingRate":"16kHz","audioPath":"/Mock/05.ICT/Female/New/ckmk_a_ict_f_n_265299.wav"}}}