{"version":"1.0","dataSet":{"info":{"date":"20230116","occupation":"ICT","channel":"MOCK","place":"ONLINE","gender":"FEMALE","ageRange":"-34","experience":"NEW"},"question":{"raw":{"text":"어 사람마다 의견을 강하게 주장하는 사람이 있고 약하게 주장하는 사람이 있는 반 있는 편인데요 지원자님께서는 의견을 주장하실 때 강하게 주장하는 편인지 어 약하게 주장하는 편인지 어떤 스타일로 자신의 의견을 주장하는지 궁금합니다","wordCount":31},"emotion":[],"intent":[]},"answer":{"raw":{"text":"네 저는 주장을 하되 강하게 주장을 하기는 하나 다른 분들의 의견을 적극적으로 수용하려고 하는 편입 편입니다. 어 제가 아직 신입이라 제 의견에 크게 확신이 없기는 없기도 하고 다른 분들이 제 의견에 살을 덧붙여 주셨을 때 훨씬 좋은 의견이 나오는 경우가 많았어서 저는 제 의견을 제 생각을 강하게 어필하긴 하지만 또 긍정적으로 받아주시면 좋기는 하지만 제 의견에 다른 분들의 의견을 더 추가적으로 듣고 싶어하는 편이고 또 틀린 의견을 고집하고 싶지는 절대 고집하고 싶지는 않기 때문에 제 의견이 틀렸다면 빠르게 접는 편입니다.","wordCount":80},"emotion":[],"intent":[{"text":"","expression":"","category":"attitude"}],"summary":{"text":"저는 주장을 하되 강하게 주장을 하기는 하나 다른 분들의 의견을 적극적으로 수용하려고 하는 편입니다. 제 의견이 틀렸다면 빠르게 접는 편이지만 적극적으로 받아 들여주셨으면 좋겠습니다.","wordCount":24}}},"rawDataInfo":{"question":{"fileFormat":"wav","fileSize":616398,"duration":19260,"samplingBit":16,"channelCount":1,"samplingRate":"16kHz","audioPath":"/Mock/05.ICT/Female/New/ckmk_q_ict_f_n_185247.wav"},"answer":{"fileFormat":"wav","fileSize":1614798,"duration":50460,"samplingBit":16,"channelCount":1,"samplingRate":"16kHz","audioPath":"/Mock/05.ICT/Female/New/ckmk_a_ict_f_n_185247.wav"}}}