{"version":"1.0","dataSet":{"info":{"date":"20230116","occupation":"ICT","channel":"MOCK","place":"ONLINE","gender":"FEMALE","ageRange":"-34","experience":"NEW"},"question":{"raw":{"text":"어 일을 하게 되면 중국으로 출장을 갈 일이 조금 생길 수도 있는데요 그렇다면 중국 출장에 대해서 어떻게 생각하시는지 궁금합니다 괜찮으신가요","wordCount":20},"emotion":[],"intent":[]},"answer":{"raw":{"text":"어 네 저는 중국으로 출장 가는 것을 어 반길 것 같습니다. 어 실제로 제 부모님께서 중국에서 어 거주를 하시기도 했고 중국으로 여행을 많이 가면서 중국 문화에 대해 쉽게 접할 수 있었습니다. 어 제가 어렸을 때는 중국이 좀 발전되지 않았던 상태여서 쪼끔은 중국에 대한 안 좋은 시선이 있었는데 지금은 아무래도 많이 발전을 한 상태고 인구 수가 많아지는 만큼 더 어 발전이 더 활발하게 이루어진다고 생각을 합니다. 어 그래서 중국에서 새로운 도전과 그리고 거기서 인정받는 일이 또 다가올 수 있다고 생각을 하기 때문에 어 오히려 출장을 가게 된다면 어 좋을 것 같습니다.","wordCount":90},"emotion":[],"intent":[{"text":"어 실제로 제 부모님께서 중국에서 어 거주를 하시기도 했고 중국으로 여행을 많이 가면서 중국 문화에 대해 쉽게 접할 수 있었습니다.","expression":"c_private","category":"background"}],"summary":{"text":"저는 어릴 적 중국에 대한 안 좋은 시선이 있었지만 지금은 많이 발전한 상태이고 인구 수가 많아지는 만큼 더욱 활발하게 이루어져서 중국 출장을 가게 된다면 오히려 좋을 것 같습니다.","wordCount":28}}},"rawDataInfo":{"question":{"fileFormat":"wav","fileSize":485518,"duration":15170,"samplingBit":16,"channelCount":1,"samplingRate":"16kHz","audioPath":"/Mock/05.ICT/Female/New/ckmk_q_ict_f_n_257357.wav"},"answer":{"fileFormat":"wav","fileSize":1741198,"duration":54410,"samplingBit":16,"channelCount":1,"samplingRate":"16kHz","audioPath":"/Mock/05.ICT/Female/New/ckmk_a_ict_f_n_257357.wav"}}}