{"version":"1.0","dataSet":{"info":{"date":"20230116","occupation":"ICT","channel":"MOCK","place":"ONLINE","gender":"FEMALE","ageRange":"55-","experience":"NEW"},"question":{"raw":{"text":"소통 능력을 키우기 위해서 어떤 일을 할 수 있을까요 생각나시는 방법이나 해 보셨던 방법들을 자세하게 말씀 부탁드립니다","wordCount":17},"emotion":[],"intent":[]},"answer":{"raw":{"text":"소통 능력을 키우기 위해서는 책을 많이 읽어야 한다고 생각 합니다. 책 속에는 많은 인물들의 생각과 행동을 알 수 있게 표현에 주었기 때문입니다. 등장 인물들의 생각을 통해 다른 사람이 어떤 상황에서 어떤 생각과 마음을 갖고 있는지를 알아볼 수 있습니다. 또한 영화나 드라마 등의 매체를 통해서 또 등장 인물들의 생각을 볼 수 있기 때문에 이러한 방법들이 좋다고 생각합니다.","wordCount":56},"emotion":[],"intent":[{"text":"","expression":"","category":"attitude"}],"summary":{"text":"소통 능력 향상을 위해서는 책을 많이 읽어야 합니다. 책을 통해 다른 사람의 생각과 마음을 알 수 있고, 매체를 통해 다른 이들의 생각을 볼 수 있기 때문입니다.","wordCount":26}}},"rawDataInfo":{"question":{"fileFormat":"wav","fileSize":611278,"duration":19100,"samplingBit":16,"channelCount":1,"samplingRate":"16kHz","audioPath":"/Mock/05.ICT/Female/New/ckmk_q_ict_f_n_265581.wav"},"answer":{"fileFormat":"wav","fileSize":2463438,"duration":76980,"samplingBit":16,"channelCount":1,"samplingRate":"16kHz","audioPath":"/Mock/05.ICT/Female/New/ckmk_a_ict_f_n_265581.wav"}}}