{"version":"1.0","dataSet":{"info":{"date":"20230116","occupation":"ICT","channel":"MOCK","place":"ONLINE","gender":"FEMALE","ageRange":"-34","experience":"NEW"},"question":{"raw":{"text":"대한민국의 금융정책기관으로서 우리 신용보증기금이 호가 대해야 할 업무 영역은 무엇이라고 생각하나요","wordCount":11},"emotion":[],"intent":[]},"answer":{"raw":{"text":"요즘처럼 보이스 피싱이 많은 시대에 좀 더 이 서비스를 이용하시는 분들에게 이 보이스 피치 오 보이스피싱 피해 방법에 대해서 또 생각해 주시고 또 이 피해를 막기 위한 여러 경고와 또 많은 사례들을 공유해 주시면서 피해자 피해가 생기는 것을 막기 위해 주시는 게 또 중요할 것 같습니다. 또 실제 제 주변에 보이스피싱을 당해보신 분들이 많기 때문에 이 같은 일이 얼마나 위험하고 또 피해자 분들이 얼마나 가슴 아프신지 직접 보았기 때문에 이렇게 생각합니다.","wordCount":71},"emotion":[],"intent":[{"text":"","expression":"","category":"attitude"}],"summary":{"text":"보이스 피싱이 많은 시대에 서비스를 이용하시는 고객에게 보이스피싱 피해 방법을 알려 주고, 여러 경고와 사례들을 공유해 주시는 게 중요합니다. 실제 당하는 분들도 많이 있기 때문입니다.","wordCount":25}}},"rawDataInfo":{"question":{"fileFormat":"wav","fileSize":452558,"duration":14140,"samplingBit":16,"channelCount":1,"samplingRate":"16kHz","audioPath":"/Mock/05.ICT/Female/New/ckmk_q_ict_f_n_160844.wav"},"answer":{"fileFormat":"wav","fileSize":1362318,"duration":42570,"samplingBit":16,"channelCount":1,"samplingRate":"16kHz","audioPath":"/Mock/05.ICT/Female/New/ckmk_a_ict_f_n_160844.wav"}}}