{"version":"1.0","dataSet":{"info":{"date":"20230116","occupation":"ICT","channel":"MOCK","place":"ONLINE","gender":"FEMALE","ageRange":"-34","experience":"NEW"},"question":{"raw":{"text":"면접자님께선 그동안 진행했던 프로젝트들 가운데 가장 기억에 남는 프로젝트가 있다면 어떠한 점에서 기억에 남는지 자세한 설명 부탁드립니다","wordCount":17},"emotion":[],"intent":[]},"answer":{"raw":{"text":"제가 진행한 프로젝트에서 가장 기억에 남는 프로젝트의 경우에는 아이 트러 프로젝트가 가장 기억에 많이 남는 것 같습니다. 이 이 아이 트럭 프로젝트를 진행을 하면서 굉장히 어려운 점이 먼저는 많았는데요. 음 처음으로 보는 도메인이라서 저는 도메인 지식을 쌓는 데도 어려웠고 이 도메인 이 화물차 시장에 대한 분위기를 파악 하는 것 자체가 초반 난제였다고 생각을 합니다. 하지만 그 난제들을 하나하나 풀면서 이 데이터를 보고 가설을 수립하는 과정이 굉장히 매력적으로 또 느껴졌었고 음 이게 다른 분들의 피드백을 받는 것이 원래 많이 두려워 했었는데 피드백을 받아야만 어 좋은 방향으로 나아갈 수 있다는 걸 인정하는 계기가 되는 프로젝트가 되었습니다.","wordCount":94},"emotion":[],"intent":[{"text":"","expression":"","category":"attitude"}],"summary":{"text":"아이 트럭 프로젝트를 진행하면서 처음 보는 도메인이라 지식 쌓는 데에 어려움이 많았지만 데이터들을 보고 가설을 수립하는 과정이 매력적으로 느껴졌고 다른분들의 피드백을 받아야만 좋은 방향으로 나아갈 수 있다는 걸 인정하는 계기가 되었습니다.","wordCount":31}}},"rawDataInfo":{"question":{"fileFormat":"wav","fileSize":487758,"duration":15240,"samplingBit":16,"channelCount":1,"samplingRate":"16kHz","audioPath":"/Mock/05.ICT/Female/New/ckmk_q_ict_f_n_185137.wav"},"answer":{"fileFormat":"wav","fileSize":1976398,"duration":61760,"samplingBit":16,"channelCount":1,"samplingRate":"16kHz","audioPath":"/Mock/05.ICT/Female/New/ckmk_a_ict_f_n_185137.wav"}}}