{"version":"1.0","dataSet":{"info":{"date":"20230116","occupation":"ICT","channel":"MOCK","place":"ONLINE","gender":"FEMALE","ageRange":"-34","experience":"NEW"},"question":{"raw":{"text":"지원자분은 소스 콘트롤을 사용해 본 경험이 있으십니까 있으시다면 어떤 소스 콘트롤을 사용하시는지 왜 그거를 사용하시는지 이유도 같이 말씀해 주시기 바랍니다","wordCount":20},"emotion":[],"intent":[]},"answer":{"raw":{"text":"어 소스 콘트롤이라는 것은 어 프로젝트를 진행할 때 내가 쓴 코드를 어떻게 제어하고 어 버전마다 관리를 하는지를 의미하는 것으로 알고 있는데 어 제가 친구들과 강의 프로젝트를 진행할 때는 기터브라는 사이트를 이용해서 어 브랜치를 내서 추가적인 소스를 한 다음에 그 브랜치를 한꺼번에 커밋해서 다 같이 모았다가 그거에 대한 완성본이 추가적으로 또 수행해야 되는 기능이 필요할 때 또 추가적인 브랜치로 인해서 프로젝트를 완성했던 것 같고 지금의 회사를 다닐 때는 뭐 기터브는 조금 오픈 소스고 어 회사 내에서 이루어질 때는 에 쓰리앤이라는 톨트이즈 회사에서 나온 어 소스 컨트롤을 사용하고 기초적인 베이직은 비슷한데 좀 더 기능에 대한 상세한 것을 적고 그리고 로컬에서도 쉽게 제가 컨트롤 할 수 있는 점이 좋았습니다.","wordCount":106},"emotion":[],"intent":[{"text":"","expression":"","category":"attitude"}],"summary":{"text":"소스 콘트롤은 프로젝트를 진행할 때 제가 쓴 코드를 어떻게 제어하고 버전마다 관리를 하는지를 의미하는 것으로 알고 있는데, 저는 기터브라는 사이트를 이용해서 어 브랜치를 내서 추가적인 소스를 한 후 한꺼번에 커밋해서 모았다가 추가적인 브랜치로 인해서 프로젝트를 완성했던 것 같습니다.","wordCount":38}}},"rawDataInfo":{"question":{"fileFormat":"wav","fileSize":415758,"duration":12990,"samplingBit":16,"channelCount":1,"samplingRate":"16kHz","audioPath":"/Mock/05.ICT/Female/New/ckmk_q_ict_f_n_260365.wav"},"answer":{"fileFormat":"wav","fileSize":2265678,"duration":70800,"samplingBit":16,"channelCount":1,"samplingRate":"16kHz","audioPath":"/Mock/05.ICT/Female/New/ckmk_a_ict_f_n_260365.wav"}}}