{"version":"1.0","dataSet":{"info":{"date":"20230116","occupation":"ICT","channel":"MOCK","place":"ONLINE","gender":"FEMALE","ageRange":"35-44","experience":"NEW"},"question":{"raw":{"text":"어 이제 회사에 입사를 해서 본인이 하고 싶은 업무가 있을 텐데요 그 업무를 한 번 저에게 말씀을 해 주시고 이유와 함께 설명해 주시기 바랍니다","wordCount":24},"emotion":[],"intent":[]},"answer":{"raw":{"text":"저는 교육 강사를 희망합니다. 십 년간 현업 실무에서 고객을 응대하면서 사내 멘토로 활동하였습니다. 그 밖에도 여가 시간을 활용해 블로그를 운영하면서 취업을 준비하는 학생들이나 새로 임직한 초임 사원들의 카운슬러를 장청해 왔습니다. 그러면서 어느 순간 지금 하고 있는 업무보다 멘토 활동이나 블로그에서 정보를 얻어가는 이들이 자리를 잡아간다는 것에 더욱 보람을 느끼는 저를 보았습니다. 이에 업무 시간을 틈틈이 활용하여 대학원에 진학해 전공을 바꿔 교육학 석사를 취득하였습니다. 그리고 그간 현업에서의 경험을 살려 종사자들을 위한 경력 개발 방안 연구를 주제로 논문을 썼습니다. 이러한 저의 역량과 업무에 대한 비전을 살려 교육 강사로서 더 많은 사람들에게 꿈을 위한 디딤돌이 되고 싶습니다.","wordCount":94},"emotion":[{"text":"그러면서 어느 순간 지금 하고 있는 업무보다 멘토 활동이나 블로그에서 정보를 얻어가는 이들이 자리를 잡아간다는 것에 더욱 보람을 느끼는 저를 보았습니다.","expression":"p-achievement","category":"positive"}],"intent":[{"text":"","expression":"","category":"attitude"}],"summary":{"text":"저는 십 년간 현업 실무에서 고객을 응대하면서 사내 멘토로 활동하였고 블로그를 운영하면서 학생들이나 초임 사원들의 카운슬러를 장청해 왔는데 업무 시간을 틈틈이 활용하여 대학원에 진학해 교육학 석사를 취득하였습니다.","wordCount":27}}},"rawDataInfo":{"question":{"fileFormat":"wav","fileSize":416078,"duration":13000,"samplingBit":16,"channelCount":1,"samplingRate":"16kHz","audioPath":"/Mock/05.ICT/Female/New/ckmk_q_ict_f_n_236584.wav"},"answer":{"fileFormat":"wav","fileSize":1871118,"duration":58470,"samplingBit":16,"channelCount":1,"samplingRate":"16kHz","audioPath":"/Mock/05.ICT/Female/New/ckmk_a_ict_f_n_236584.wav"}}}