{"version":"1.0","dataSet":{"info":{"date":"20230116","occupation":"ICT","channel":"MOCK","place":"ONLINE","gender":"FEMALE","ageRange":"-34","experience":"NEW"},"question":{"raw":{"text":"지원자분 본인이 가지고 계시는 남들과는 다른 자신만 가지고 있는 경쟁력을 이야기해 주시면 좋겠습니다 본인만 가지고 있는 경쟁력을 키우시기 위해서 어떠한 노력을 해 오셨는지도 같이 얘기해 주세요","wordCount":26},"emotion":[],"intent":[]},"answer":{"raw":{"text":"음 제가 생각하는 저만이 가진 남들과 다른 경쟁력은 어 추진력과 결단력 같습니다. 저는 일이 막히는 것을 굉장히 싫어하는 편이라 팀원들과의 많은 상의를 통해 빠르게 결정을 하고 이 방향성을 잡고자 하는 편이었습니다 프로젝트에서. 이렇게 한 번 결단력이 내 결단을 내어주고 추진력이 있는 사람이 있다면 이 프로젝트 진행에 있어서 속도가 훨씬 빨리 붙기도 하고 또 다른 분들의 의견을 취합을 저는 잘 하기 때문에 다른 분들의 의견 또한 취합을 잘하는 게 이 팀 구성원들이 충돌 없이 성호적으로 이끌어 가는 일이라고 생각을 해서 어 팀원들끼리 소통하는데 노력을 많이 했던 것 같습니다.","wordCount":87},"emotion":[],"intent":[{"text":"","expression":"","category":"attitude"}],"summary":{"text":"프로젝트 진행에 있어 추진력과 결단력이 제 경쟁력입니다. 추진력이 있는 사람이 있다면 프로젝트 진행이 훨씬 빨리 붙고 다른 분야의 의견도 취합을 잘하기 때문에 충돌 없이 성호적으로 이끌어 갈 수 있다고 생각합니다.","wordCount":30}}},"rawDataInfo":{"question":{"fileFormat":"wav","fileSize":617326,"duration":19289,"samplingBit":16,"channelCount":1,"samplingRate":"16kHz","audioPath":"/Mock/05.ICT/Female/New/ckmk_q_ict_f_n_185136.wav"},"answer":{"fileFormat":"wav","fileSize":1929038,"duration":60280,"samplingBit":16,"channelCount":1,"samplingRate":"16kHz","audioPath":"/Mock/05.ICT/Female/New/ckmk_a_ict_f_n_185136.wav"}}}