{"version":"1.0","dataSet":{"info":{"date":"20230116","occupation":"ICT","channel":"MOCK","place":"ONLINE","gender":"FEMALE","ageRange":"-34","experience":"NEW"},"question":{"raw":{"text":"우리 회사에 입사하게 된다면 가장 가고 싶은 부서와 왜 그러 그 부서를 가장 가고 싶은지에 대해서 함께 말씀해 주세요","wordCount":19},"emotion":[],"intent":[]},"answer":{"raw":{"text":"만약에 회사에 입사를 하게 된다면 저는 데이터 분석가 직무에 부서에 들어가고 싶습니다. 왜냐하면 제가 하고 싶은 일이 데이터 분석가 쪽이고 또 데이터 직종에서 일하시는 분들과 상호 작용을 하면서 배우고 싶은 점이 너무도 많기 때문입니다. 이번 프로젝트에서 아무래도 같은 분야를 지망하시는 분들과 프로젝트를 하게 되었는데 아 왜 같은 분야에 관심 있는 사람들을 모아놔야지 이 프로젝트의 한 분야가 발전되는가 또 구성원들이 얼마나 서로에게 배울 수 있는가를 알게 되었기 때문입니다. 그래서 저는 데이터 분석가 부서에 가고 싶습니다.","wordCount":74},"emotion":[],"intent":[{"text":"","expression":"","category":"attitude"}],"summary":{"text":"프로젝트에서 프로젝트의 한 분야가 발전되는 이유와 구성원들이 서로에게 배울 수 있다는 것을 알게 되었기 때문에 저는 데이터 분석가 부서에 가고 싶습니다.","wordCount":21}}},"rawDataInfo":{"question":{"fileFormat":"wav","fileSize":465998,"duration":14560,"samplingBit":16,"channelCount":1,"samplingRate":"16kHz","audioPath":"/Mock/05.ICT/Female/New/ckmk_q_ict_f_n_185140.wav"},"answer":{"fileFormat":"wav","fileSize":1535438,"duration":47980,"samplingBit":16,"channelCount":1,"samplingRate":"16kHz","audioPath":"/Mock/05.ICT/Female/New/ckmk_a_ict_f_n_185140.wav"}}}