{"version":"1.0","dataSet":{"info":{"date":"20230116","occupation":"ICT","channel":"MOCK","place":"ONLINE","gender":"FEMALE","ageRange":"-34","experience":"NEW"},"question":{"raw":{"text":"얼마 전에 구급대원이 주치자에게 폭행을 당해서 순직하는 일이 있었습니다 혹시 이 사건에 대해서 본인은 어떻게 생각하시나요","wordCount":16},"emotion":[],"intent":[]},"answer":{"raw":{"text":"얼마 전 구급대원 분이 주취자 분에게 폭행을 당해서 순직 당하는 일에 대해서 제대로 알지는 못하지만 이 기사를 처음 접했을 때 먼저는 구급대원 분이 참 안타까웠고 또 구급대원 분의 일이였지만 그렇게 본인의 목숨까지 걸어가면서 해야 하는 일이었었나 하는 생각이 먼저 들었습니다. 구급 구급대원 분도 어느 한 가정에 가장이시거나 아들이시거나 딸이실 수 있는데 그 가족분들에 슬픔과 또 당사자 본인의 목숨까지 걸어가면서 해야 하는 일은 아니었다고 저는 생각을 하고 또 그 주취자 분을 좀 더 적극적으로 말리지 못했을 그 상황이 또 추가적으로 궁금하기도 했습니다.","wordCount":81},"emotion":[],"intent":[{"text":"","expression":"","category":"attitude"}],"summary":{"text":"최근 구급대원분이 주취자분에게 폭행을 당해 순직하는 기사를 접했을 때 참 안타까웠고, 본인의 목숨을 걸어가면서 해야하는 일이었나 하는 생각이 들었습니다. 주취자를 적극적으로 말리지 못했을 그 상황이 궁금합니다.","wordCount":26}}},"rawDataInfo":{"question":{"fileFormat":"wav","fileSize":334158,"duration":10440,"samplingBit":16,"channelCount":1,"samplingRate":"16kHz","audioPath":"/Mock/05.ICT/Female/New/ckmk_q_ict_f_n_177577.wav"},"answer":{"fileFormat":"wav","fileSize":1619598,"duration":50610,"samplingBit":16,"channelCount":1,"samplingRate":"16kHz","audioPath":"/Mock/05.ICT/Female/New/ckmk_a_ict_f_n_177577.wav"}}}