{"version":"1.0","dataSet":{"info":{"date":"20230116","occupation":"ICT","channel":"MOCK","place":"ONLINE","gender":"FEMALE","ageRange":"-34","experience":"NEW"},"question":{"raw":{"text":"직무 지식 역량 태도 이 세 가지 요소 중에서 가장 중요하다고 생각하시는 것과 그 이유에 대해서 경험을 바탕으로 말씀해 주세요","wordCount":20},"emotion":[],"intent":[]},"answer":{"raw":{"text":"어 제가 가장 중요하게 생각하는 거는 바로 역량이라고 생각을 합니다. 태도는 지금까지 살아오면서 그 변할 수 없는 것이기 때문에 회사가 아무리 교육을 해도 어 태도는 변하지 않는다고 생각을 합니다. 그래서 처음부터 면접을 하실 때부터 태도가 정말 확실한 친구를 뽑아야 또 되지 않나 일단 생각을 하고 그다음으로는 역량에 있어서는 어 충분히 노력할 수 있는 부분이라고 생각을 합니다. 그래서 충분히 어 그 원하는 분야를 지원하기 위해 계속 발전시키고 키웠던 역량이 가장 중요하다고 생각을 하고 그다음 직무지식은 입사 후에도 충분히 배울 수 있는 것이라고 생각을 하기 때문에 저는 가장 중요한 거는 역량이라고 생각을 합니다.","wordCount":91},"emotion":[],"intent":[{"text":"태도는 지금까지 살아오면서 그 변할 수 없는 것이기 때문에 회사가 아무리 교육을 해도 어 태도는 변하지 않는다고 생각을 합니다.","expression":"c_value","category":"background"}],"summary":{"text":"저는 면접을 할 때부터 태도가 확실한 친구를 뽑아야 한다고 생각을 하고 역량에 있어서는 충분히 노력할 수 있는 부분이라 생각하여 가장 중요한 거는 역량이라고 생각을 합니다.","wordCount":25}}},"rawDataInfo":{"question":{"fileFormat":"wav","fileSize":615758,"duration":19240,"samplingBit":16,"channelCount":1,"samplingRate":"16kHz","audioPath":"/Mock/05.ICT/Female/New/ckmk_q_ict_f_n_257358.wav"},"answer":{"fileFormat":"wav","fileSize":1787598,"duration":55860,"samplingBit":16,"channelCount":1,"samplingRate":"16kHz","audioPath":"/Mock/05.ICT/Female/New/ckmk_a_ict_f_n_257358.wav"}}}