{"version":"1.0","dataSet":{"info":{"date":"20230116","occupation":"ICT","channel":"MOCK","place":"ONLINE","gender":"FEMALE","ageRange":"35-44","experience":"NEW"},"question":{"raw":{"text":"면접자님은 운영 체제의 커널 분석을 수행해 보신 적이 있으신가요","wordCount":9},"emotion":[],"intent":[]},"answer":{"raw":{"text":"저는 제가 지금 현재 지원한 직무가 아이씨티 직무지만 제가 이 부분에 대해서 내가 왜 컴퓨터 구조와 운영 체제를 알아야 하는지 좀 그런 부분에 대해서 많이 고민을 했었습니다. 그래서 지금 물어보신 내용이 커널 분석이라면 저는 어 컴퓨터 구조를 왜 이해해야 우리가 이러한 능력들이 활용될 수 있는지 왜 수학적인 사고가 필요한지 좀 그런 부분에 대해서 스스로 많이 생각을 해 봤었습니다. 그래서 생각한 이 생각한 부분은 우리가 이러한 어 컴퓨터 분석을 진행을 한다 라면은 비용적이고 혹은 뭐 시간이라든가 이런 부분을 우리가 고려할 때 굉장히 절약할 수 있다 합리적으로 우리가 접근할 때 이런 부분이 굉장히 도움이 된다 라는 생각을 가졌었습니다. 어 그래서 저는 이 부분에 대해서 더 깊이 이야기 이해하고 또 나아가서 좀 문제 해결을 하는 데 있어서 도움이 될 만한 것들에 대해서 찾으려고 많이 노력을 했었습니다.","wordCount":123},"emotion":[],"intent":[{"text":"","expression":"","category":"attitude"}],"summary":{"text":"컴퓨터 구조와 운영 체제를 왜 알아야 하는지에 대해 고민했습니다. 커널 분석이라면 컴퓨터 구조를 왜 이해해야 하는지, 수학적인 사고가 필요한지 생각해 봤습니다. 컴퓨터 분석을 진행하면 비용적, 시간적 절약을 할 수 있습니다. 문제 해결에 도움이 될 만한 것을 찾으려고 많이 노력했습니다.","wordCount":39}}},"rawDataInfo":{"question":{"fileFormat":"wav","fileSize":249998,"duration":7810,"samplingBit":16,"channelCount":1,"samplingRate":"16kHz","audioPath":"/Mock/05.ICT/Female/New/ckmk_q_ict_f_n_195400.wav"},"answer":{"fileFormat":"wav","fileSize":2259278,"duration":70600,"samplingBit":16,"channelCount":1,"samplingRate":"16kHz","audioPath":"/Mock/05.ICT/Female/New/ckmk_a_ict_f_n_195400.wav"}}}