{"version":"1.0","dataSet":{"info":{"date":"20230116","occupation":"ICT","channel":"MOCK","place":"ONLINE","gender":"FEMALE","ageRange":"-34","experience":"NEW"},"question":{"raw":{"text":"지원자님께서는 요즘에 스터디를 따로 하고 계신 것이 있는지요 어 있다면 어떤 스터디이고 어떤 것을 공부하고 있는지 그리고 또 왜 그런 공부를 하고 있는지도 말씀해 주시기 바랍니다","wordCount":26},"emotion":[],"intent":[]},"answer":{"raw":{"text":"따로 특별히 스터디를 하고 있는 것은 지금 어학 점수를 취득하기 위해서 토익 공부를 하고 있습니다. 제가 토익 공부를 하고 있는 이유는 제가 일단 언어를 배우는 것에 대해서 굉장히 어려워하는데 언어 배우는 것이 어렵다고 해서 포기를 하기가 좀 아까워서 언어 배우는 걸 도전을 할려고 하고 있고요. 그리고 사실 졸업 목적이기도 하고 그리고 어 가장 기본이 되는 거기 때문 기본이 되는 거라고 생각하기 때문에 꼭 해야 한다고 생각해서 하고 있습니다.","wordCount":68},"emotion":[],"intent":[{"text":"","expression":"","category":"attitude"}],"summary":{"text":"어학 점수를 취득하기 위해 토익 공부를 하고 있는데, 이는 졸업 목적이고 가장 기본이 되는 것이기 때문에 꼭 해야 한다고 생각해서 하고 있습니다.","wordCount":22}}},"rawDataInfo":{"question":{"fileFormat":"wav","fileSize":460238,"duration":14380,"samplingBit":16,"channelCount":1,"samplingRate":"16kHz","audioPath":"/Mock/05.ICT/Female/New/ckmk_q_ict_f_n_221300.wav"},"answer":{"fileFormat":"wav","fileSize":1234958,"duration":38590,"samplingBit":16,"channelCount":1,"samplingRate":"16kHz","audioPath":"/Mock/05.ICT/Female/New/ckmk_a_ict_f_n_221300.wav"}}}