{"version":"1.0","dataSet":{"info":{"date":"20230116","occupation":"ICT","channel":"MOCK","place":"ONLINE","gender":"FEMALE","ageRange":"35-44","experience":"NEW"},"question":{"raw":{"text":"최근 학습하고 있는 것이 있으십니까 있다면 왜 그걸 학습하고 있고 지금까지 무엇을 배웠는지도 함께 말씀 부탁드립니다","wordCount":16},"emotion":[],"intent":[]},"answer":{"raw":{"text":"저는 요즘 새롭게 중국어를 공부하고 있습니다. 그동안 학교에서 외국어라고 하면 저희가 기본적으로 영어를 배워왔는데요. 저는 영어를 공부할 때 굉장히 새로운 언어에 제가 관심이 많고 또 어느 정도 자질이 있다는 것을 발견을 했습니다. 그리고 사회생활을 하다 보니 어 중국 시장에 대한 매력을 느꼈습니다. 어 점점 발전해 나가고 있는 중국 시장과에 어 교류 뿐만 아니라 저는 어 아이티 산업이야말로 세계를 아우를 수 있기 때문에 전 세계에서 가장 인구가 많은 중국인을 대상으로 어 저희 기술이 어 꼭 필요로 하다고 생각을 하기 때문에 새롭게 중국어를 시작을 했습니다. 어 처음 시작할 때는 정말 중국어를 하나도 인사 정도 밖에는 몰랐는데 어 한 육 개월 이상 공부를 해 오면서 어 어느 정도 어 중국어를 듣고 어 또 기본적인 인사말 또는 제 소개 어 그리고 간략한 어 비지니스 언어를 알아들을 수 있을 정도까지는 어 지금까지 공부가 됐다고 생각을 합니다. 그래서 얼마 전에 제가 중국어 시험인 티에스씨 시험을 봤는데요. 어 현재는 한 오 급 단계 오 급 정도에 수준이라고 생각을 하고 어 조금 더 열심히 공부해서 육 개월 안에 꼭 어 사 단계에 도달을 하고 싶습니다. 그래서 정말로 현지인처럼 현지인처럼 중국인들과 대화할 수 있는 그날까지 열심히 더 노력해서 공부를 계속 하고 싶고 음 잘하고 싶습니다.","wordCount":186},"emotion":[{"text":"그래서 얼마 전에 제가 중국어 시험인 티에스씨 시험을 봤는데요.","expression":"u-fact","category":"neutral"},{"text":"어 현재는 한 오 급 단계 오 급 정도에 수준이라고 생각을 하고 어 조금 더 열심히 공부해서 육 개월 안에 꼭 어 사 단계에 도달을 하고 싶습니다.","expression":"p-interest","category":"positive"}],"intent":[{"text":"어 점점 발전해 나가고 있는 중국 시장과에 어 교류 뿐만 아니라 저는 어 아이티 산업이야말로 세계를 아우를 수 있기 때문에 전 세계에서 가장 인구가 많은 중국인을 대상으로 어 저희 기술이 어 꼭 필요로 하다고 생각을 하기 때문에 새롭게 중국어를 시작을 했습니다.","expression":"c_imp","category":"personality"},{"text":"어 처음 시작할 때는 정말 중국어를 하나도 인사 정도 밖에는 몰랐는데 어 한 육 개월 이상 공부를 해 오면서 어 어느 정도 어 중국어를 듣고 어 또 기본적인 인사말 또는 제 소개 어 그리고 간략한 어 비지니스 언어를 알아들을 수 있을 정도까지는 어 지금까지 공부가 됐다고 생각을 합니다.","expression":"c_imp","category":"personality"}],"summary":{"text":"최근 새롭게 중국어를 공부하고 있습니다. 영어를 공부할 때 새로운 언어에 관심이 많고 자질이 있다는 것을 발견했는데, 중국 시장에 대한 매력을 느꼈습니다. 중국어를 한 육개월 이상 공부하며 기본적인 인사말 또는 비지니스 언어를 알아들을 수 있을 정도까지 공부했습니다. 앞으로 중국어를 사 단계에 도달하고 싶습니다.","wordCount":42}}},"rawDataInfo":{"question":{"fileFormat":"wav","fileSize":364878,"duration":11400,"samplingBit":16,"channelCount":1,"samplingRate":"16kHz","audioPath":"/Mock/05.ICT/Female/New/ckmk_q_ict_f_n_250394.wav"},"answer":{"fileFormat":"wav","fileSize":3724878,"duration":116400,"samplingBit":16,"channelCount":1,"samplingRate":"16kHz","audioPath":"/Mock/05.ICT/Female/New/ckmk_a_ict_f_n_250394.wav"}}}