{"version":"1.0","dataSet":{"info":{"date":"20230116","occupation":"ICT","channel":"MOCK","place":"ONLINE","gender":"FEMALE","ageRange":"-34","experience":"NEW"},"question":{"raw":{"text":"만약에 지원자님이 하고 싶은 직무가 아니고 다른 직무을 맡게 되신다면 어떻게 하시겠습니까 그래도 괜찮으십니까","wordCount":14},"emotion":[],"intent":[]},"answer":{"raw":{"text":"저는 개인적으로 이 직무를 하기 위해서 그동안 취업 준비를 꾸준히 해 온 것이기 때문에 이 직무를 하지 못하게 된다면 저는 따른 회사를 알아보게 될 것 같습니다. 또한 저희 직무가 직무와 저의 역량이 이 데이터 분석과에 맞춰져 있기 때문에 따른 부서에 가게 된다면 저의 역량을 백 프로 발휘하기는 어려울 것으로 보입니다. 또 회사 입장에서는 그 직무에 적합한 인재를 뽑는 것이 더 좋으실 것 같고 저 또한 저에게 맞는 옷을 입는 것이 효율적으로도 좋을 것 같다고 생각합니다.","wordCount":75},"emotion":[],"intent":[{"text":"","expression":"","category":"attitude"}],"summary":{"text":"다른 회사를 알아보게 될 것 같습니다. 회사 입장에서는 그 직무에 적합한 인재를 선발하는 것이 더 좋은 선택일 것이고 것 저 또한 자신에게 맞는 옷을 입는 것이 효율적이라고 생각합니다.","wordCount":28}}},"rawDataInfo":{"question":{"fileFormat":"wav","fileSize":637838,"duration":19930,"samplingBit":16,"channelCount":1,"samplingRate":"16kHz","audioPath":"/Mock/05.ICT/Female/New/ckmk_q_ict_f_n_194553.wav"},"answer":{"fileFormat":"wav","fileSize":1319118,"duration":41220,"samplingBit":16,"channelCount":1,"samplingRate":"16kHz","audioPath":"/Mock/05.ICT/Female/New/ckmk_a_ict_f_n_194553.wav"}}}