{"version":"1.0","dataSet":{"info":{"date":"20230116","occupation":"ICT","channel":"MOCK","place":"ONLINE","gender":"FEMALE","ageRange":"-34","experience":"NEW"},"question":{"raw":{"text":"개발하고 싶은 프로그램이 있다면 어떤 프로그램을 개발하고 싶으신가요","wordCount":8},"emotion":[],"intent":[]},"answer":{"raw":{"text":"저는 반려동물 원격 진료 앱을 만들고 싶습니다. 이 반려동물 원격 진료 앱이라는 것이 굉장히 필요하다고 생각하게 되었는데요. 저는 고양이와 함께 살고 있습니다. 이 고양이란 동물들은 성격적인 특성상 낯선 곳에 가면 굉장히 두려워하고 또 스트레스를 많이 받는 동물들인데 사람과 달리 이 동물들은 꼭 병원에 가서 진찰을 받아야만 증상을 알고 또 약을 처방 받을 수 있는 일이 많아서 이러한 점에서 불편을 많이 겪었던 것 같습니다. 그래서 사람처럼 고양이도 원격 진료 앱이 있으면 좋겠다는 생각을 평소에 해 왔습니다.","wordCount":75},"emotion":[],"intent":[{"text":"","expression":"","category":"attitude"}],"summary":{"text":"사람과 달리 고양이는 낯선 곳에 가면 두려워하고 스트레스를 많이 받는 동물이기 때문에 사람처럼 고양이도 원격 진료 앱이 있으면 좋겠다는 생각을 평소에 해 왔습니다.","wordCount":23}}},"rawDataInfo":{"question":{"fileFormat":"wav","fileSize":243278,"duration":7600,"samplingBit":16,"channelCount":1,"samplingRate":"16kHz","audioPath":"/Mock/05.ICT/Female/New/ckmk_q_ict_f_n_184626.wav"},"answer":{"fileFormat":"wav","fileSize":1504078,"duration":47000,"samplingBit":16,"channelCount":1,"samplingRate":"16kHz","audioPath":"/Mock/05.ICT/Female/New/ckmk_a_ict_f_n_184626.wav"}}}