{"version":"1.0","dataSet":{"info":{"date":"20230116","occupation":"ICT","channel":"MOCK","place":"ONLINE","gender":"FEMALE","ageRange":"45-54","experience":"NEW"},"question":{"raw":{"text":"몇 년 전 우버택시와 관한 논란이 있었던 걸 지원자님께서는 알고 계실 겁니다 지원자께서는 찬성 반대 양론에 대해 각각 어떻게 생각하고 계신가요","wordCount":21},"emotion":[],"intent":[]},"answer":{"raw":{"text":"네 우버 택시 관련해서는 제가 뭐 자세하게 알지는 못하지만 매체를 통해서 그런 논란에 대해서는 잘 알고 있고 어 우리나라에서는 불법이라는 결정으로 해서 지금 중단되고 있는 걸로 알고는 있는데요. 그 찬반 양론에 대해서도 이제 저는 사실 각각의 다 어 이해는 되는 편입니다. 그까 찬성 쪽은 어쨌든 소비자의 입장일 것 같구요. 어 뭐 심야 택시는 이런 부분 잘 안 잡히는 경우도 요즘 많다고 하는데 아무래도 뭐 우버 택시가 더 어 많으면 좀 소비자 입장에서는 좀 더 편하게 이용할 수 있는 그런 가능성이 넓어지니까 찬성을 할 테고 반대 입장 뭐 택시업계 쪽에서는 아무래도 자신들의 그 수익이 줄어들 것 같으니 반대를 할 거는 뻔한 일인 것 같애요. 그래서 그 양쪽의 어떤 처한 상황이 다르기 때문에 찬성과 반대를 하고 있는 것 같애서 어느 누구가 뭐 옳고 그르다 라고 말하기는 좀 어려운 것 같습니다.","wordCount":128},"emotion":[],"intent":[{"text":"","expression":"","category":"attitude"}],"summary":{"text":"우버 택시에 대한 찬반 양론에 대해 찬성 쪽은 소비자의 입장일 것 같습니다. 심야 택시보다 우버 택시가 더 많으면 소비자 입장에서는 더 편하게 이용할 수 있고, 택시업계 쪽에서는 수익이 줄어들 것 같으니 반대를 할 것 같기 때문에 어느 누가 옳고 그르다 라고 말하기는 어렵습니다.","wordCount":43}}},"rawDataInfo":{"question":{"fileFormat":"wav","fileSize":620878,"duration":19400,"samplingBit":16,"channelCount":1,"samplingRate":"16kHz","audioPath":"/Mock/05.ICT/Female/New/ckmk_q_ict_f_n_181215.wav"},"answer":{"fileFormat":"wav","fileSize":2384718,"duration":74520,"samplingBit":16,"channelCount":1,"samplingRate":"16kHz","audioPath":"/Mock/05.ICT/Female/New/ckmk_a_ict_f_n_181215.wav"}}}