{"version":"1.0","dataSet":{"info":{"date":"20230116","occupation":"ICT","channel":"MOCK","place":"ONLINE","gender":"FEMALE","ageRange":"-34","experience":"NEW"},"question":{"raw":{"text":"업무 중에는 스케줄에 없던 일이 갑작스럽게 생길 때가 많습니다 지원자님은 이런 상황이 생긴다면 어떤 식으로 대처하실 건가요","wordCount":17},"emotion":[],"intent":[]},"answer":{"raw":{"text":"원래 계획을 촘촘하게 짜는 편이라 어 계획을 짜면서 여유 시간을 확보해주는 편이라 그 여유 시간이 어떤 일을 끼워 넣어서 진행을 하게 될 것 같습니다. 다만 이제 회사의 일이 너무 바빠서 추가적으로 주신 업무를 수행할 수 없을 시에는 이 업무에 대해서 마감 기한을 여쭤보고 음 어떤 식으로 처리하면 될지 여쭤보고 그 스케줄에 맞춰서 진행을 해서 드릴 것 같습니다.","wordCount":57},"emotion":[],"intent":[{"text":"","expression":"","category":"attitude"}],"summary":{"text":"계획을 짜면서 여유 시간을 확보해주는 편인데, 여유 시간이 어떤 일을 끼워넣을 것 같습니다. 업무가 너무 바빠서 할 수 없을 시 스케줄에 맞춰 진행해 드리겠습니다.","wordCount":24}}},"rawDataInfo":{"question":{"fileFormat":"wav","fileSize":593358,"duration":18540,"samplingBit":16,"channelCount":1,"samplingRate":"16kHz","audioPath":"/Mock/05.ICT/Female/New/ckmk_q_ict_f_n_272214.wav"},"answer":{"fileFormat":"wav","fileSize":1194958,"duration":37340,"samplingBit":16,"channelCount":1,"samplingRate":"16kHz","audioPath":"/Mock/05.ICT/Female/New/ckmk_a_ict_f_n_272214.wav"}}}