{"version":"1.0","dataSet":{"info":{"date":"20230116","occupation":"ICT","channel":"MOCK","place":"ONLINE","gender":"FEMALE","ageRange":"-34","experience":"NEW"},"question":{"raw":{"text":"네 입사 후에 근무를 하다 보면 좀 정작 지원하신 분야가 어 지원자님과는 좀 잘 맞지 않는다는 사실을 좀 깨닫게 될 수도 있지 않습니까 뭐 이런 경우에는 좀 지원자님이시라면 어떻게 하실 생각이신지 말씀 부탁드립니다","wordCount":33},"emotion":[],"intent":[]},"answer":{"raw":{"text":"지원한 분야가 저와 잘 맞지 않는 사실을 깨닫는다면 먼저는 잘 맞아보기 위해서 노력을 우선 할 것 같습니다. 그렇지만 일의 효율이 너무 떨어지고 팀에 민폐를 끼치게 되고 어 제가 아닌 다른 분께 저의 직무가 맞는 옷이라면 저는 아마 퇴사를 고려할 것 같습니다. 어 회사 입장에서도 이 직무와 맞는 분을 데리고 계시는 게 사업적인 면으로도 훨씬 이득이 크실 것 같다는 생각을 하고 저 또한 도 저의 역량을 백 분 발휘할 수 있는 직무에 가서 발휘해야만 좋은 평가를 얻고 또 저희 커리어에도 도움이 될 거라고 생각합니다.","wordCount":83},"emotion":[],"intent":[{"text":"","expression":"","category":"attitude"}],"summary":{"text":"지원자 분야가 저와 잘 맞지 않는다면 잘 맞춰보기 위한 노력을 우선 할 것 같습니다. 하지만 일의 효율이 너무 떨어지고 팀에 민폐를 끼치게 된다면 저는 퇴사를 고려할 것 같다고 생각합니다.","wordCount":29}}},"rawDataInfo":{"question":{"fileFormat":"wav","fileSize":624078,"duration":19500,"samplingBit":16,"channelCount":1,"samplingRate":"16kHz","audioPath":"/Mock/05.ICT/Female/New/ckmk_q_ict_f_n_177777.wav"},"answer":{"fileFormat":"wav","fileSize":1586638,"duration":49580,"samplingBit":16,"channelCount":1,"samplingRate":"16kHz","audioPath":"/Mock/05.ICT/Female/New/ckmk_a_ict_f_n_177777.wav"}}}