{"version":"1.0","dataSet":{"info":{"date":"20230116","occupation":"ICT","channel":"MOCK","place":"ONLINE","gender":"FEMALE","ageRange":"55-","experience":"NEW"},"question":{"raw":{"text":"그동안 진행하셨던 프로젝트들 중에 가장 기억에 남는 프로젝트는 무엇인가요 왜 그것이 기억에 남는지도 설명 부탁드립니다","wordCount":15},"emotion":[],"intent":[]},"answer":{"raw":{"text":"그동안 진행했던 프로젝트들 중에서 가장 기억에 남는 것이 있다면 맨 처음 했던 프로젝트라고 생각이 됩니다. 왜냐하면 그때는 제가 막 시작한 초보의 개발자였구요. 그러면서 거기에 참여하셨던 분들은 차이는 있었지만 그래도 대부분 아주 열정을 가지고 어 프로젝트에 참여를 했었고 음 매 단계에 좀 어렵고 잘 안 되는 부분들이 있었을 때 디버깅을 해 가면서 날밤을 새워가면서 함께 했던 그런 시간들이 굉장히 기억에 많이 남습니다. 때로는 좀 화도 나고 또 잘 안 될까 봐 걱정도 했지만 함께 할 수 있어서 가능했다라는 것을 배울 수 있는 그런 아주 기억이 나는 그런 프로젝트가 아닌가 생각합니다.","wordCount":89},"emotion":[],"intent":[{"text":"","expression":"","category":"attitude"}],"summary":{"text":"그동안 진행했던 프로젝트들 중 가장 기억에 남는 것은 처음 했던 프로젝트라고 생각되는데, 아마 참여했던 분들은 어려움이 있을 때 디버깅을 해 가면서 함께 했던 시간들이 굉장히 기억에 많이 남습니다.","wordCount":28}}},"rawDataInfo":{"question":{"fileFormat":"wav","fileSize":603918,"duration":18870,"samplingBit":16,"channelCount":1,"samplingRate":"16kHz","audioPath":"/Mock/05.ICT/Female/New/ckmk_q_ict_f_n_248050.wav"},"answer":{"fileFormat":"wav","fileSize":1923918,"duration":60120,"samplingBit":16,"channelCount":1,"samplingRate":"16kHz","audioPath":"/Mock/05.ICT/Female/New/ckmk_a_ict_f_n_248050.wav"}}}