{"version":"1.0","dataSet":{"info":{"date":"20230116","occupation":"ICT","channel":"MOCK","place":"ONLINE","gender":"FEMALE","ageRange":"-34","experience":"NEW"},"question":{"raw":{"text":"직무 수행 시에 모르는 과제가 등장했다면 어떻게 해결하실 건가요 본인의 해결법과 그렇게 하시려는 이유에 대해서도 함께 말씀 부탁드립니다","wordCount":18},"emotion":[],"intent":[]},"answer":{"raw":{"text":"어 모르는 과제가 등장했다면 먼저는 사수 분께 여쭤볼 것 같습니다. 사수 분께 여쭤보고 어 이 일을 어떻게 진행하는지 또 시작을 어떻게 하는 지 그 틀에 관해서는 여쭤보고 이제 그 이후에 자잘 자잘하게 모르는 것들은 구글링을 많이 해볼 것 같습니다. 구글링을 통해서 어 다른 분들은 어떻게 하는지 또 다른 분들 코드를 활용해서 이 모르는 과제를 수행할 수 있을지 판단을 해보고 그 뒤에는 이제 저 스스로 해결을 많이 해보고자 할 것 같습니다.","wordCount":70},"emotion":[],"intent":[{"text":"","expression":"","category":"attitude"}],"summary":{"text":"일을 어떻게 진행하는지, 시작을 어떻게 하는 지에 관해서는 사수 께 여쭤보고 모르는 것들은 구글링을 많이 해보고 스스로 해결을 많이 해보고 싶습니다.","wordCount":21}}},"rawDataInfo":{"question":{"fileFormat":"wav","fileSize":587598,"duration":18360,"samplingBit":16,"channelCount":1,"samplingRate":"16kHz","audioPath":"/Mock/05.ICT/Female/New/ckmk_q_ict_f_n_219126.wav"},"answer":{"fileFormat":"wav","fileSize":1299278,"duration":40600,"samplingBit":16,"channelCount":1,"samplingRate":"16kHz","audioPath":"/Mock/05.ICT/Female/New/ckmk_a_ict_f_n_219126.wav"}}}