{"version":"1.0","dataSet":{"info":{"date":"20230116","occupation":"ICT","channel":"MOCK","place":"ONLINE","gender":"FEMALE","ageRange":"-34","experience":"NEW"},"question":{"raw":{"text":"본인의 전공과 관련해 최근 부족함을 느끼고 따로 공부를 하고 있는 분야가 있으실까요","wordCount":12},"emotion":[],"intent":[]},"answer":{"raw":{"text":"네 저는 최근 이제 에스큐엘 부분을 많이 공부를 하고 있는데요. 제 데이터 분석에 쓰이는 프로그램밍 언어인데 같은 팀 프로직트를 했던 팀원 분이 에스큐엘을 활용을 굉장히 잘 하시는 걸 보고 저의 실력이 모자람을 많이 느꼈습니다. 이제 저는 기본적인 구멍만 알고 그 이외에는 잘 알지 못하고 상태였거든요. 그래서 이 부분에 관련하여 부족함을 많이 느끼고 최근에 공부를 시작을 했습니다.","wordCount":56},"emotion":[],"intent":[{"text":"","expression":"","category":"attitude"}],"summary":{"text":"에스큐엘 부분을 많이 공부하는데 팀원분의 활용을 보고 실력이 모자람을 많이 느꼈고 이 부분에 부족함을 느껴 최근에 공부를 시작했습니다.","wordCount":18}}},"rawDataInfo":{"question":{"fileFormat":"wav","fileSize":286478,"duration":8950,"samplingBit":16,"channelCount":1,"samplingRate":"16kHz","audioPath":"/Mock/05.ICT/Female/New/ckmk_q_ict_f_n_265293.wav"},"answer":{"fileFormat":"wav","fileSize":1192398,"duration":37260,"samplingBit":16,"channelCount":1,"samplingRate":"16kHz","audioPath":"/Mock/05.ICT/Female/New/ckmk_a_ict_f_n_265293.wav"}}}