{"version":"1.0","dataSet":{"info":{"date":"20230116","occupation":"ICT","channel":"MOCK","place":"ONLINE","gender":"FEMALE","ageRange":"-34","experience":"NEW"},"question":{"raw":{"text":"이전 직장을 그만두게 된 특별한 계기가 있었을까요 그리고 만약 현 직장도 같은 이유로 그만둘 가능성이 있을까요","wordCount":16},"emotion":[],"intent":[]},"answer":{"raw":{"text":"어 이전 직장과 저희 현 직장은 어 산업적으로서 큰 차이가 있다고 생각합니다. 이전 직장을 삼 개월 동안밖에 인턴 생활을 하지 않았지만 그때는 기획팀으로서 어 의료 미디어에 대한 기획을 담당했었고 지금은 어 아이티 기업으로서 개발자로 활동하기 때문에 어 조금 결이 다른 그만두는 이유라고 생각할 수 있고 어 어찌보면 지금 개발자를 선택하기 위해서 기획이라는 제 진로의 방향을 틀고 개발자로 옮겼기 때문에 제 적성에 더 맞는 일을 찾음으로써 어 그만둘 수 없을 만큼 제가 많이 공부를 했고요. 어 앞에 교육 과정을 거쳤는데 한 육 개월 동안 뭐 제 인생의 소중한 자산이 될 만큼의 개발 능력을 쌓았던 것 같습니다. 그래서 지금 개발 능력을 더 발전시키고 싶고 회사에서 좀 더 많은 것을 배우고 싶습니다.","wordCount":109},"emotion":[],"intent":[{"text":"","expression":"","category":"attitude"}],"summary":{"text":"이전 직장은 의료 미디어에 대한 기획팀이었고 지금은 아이티 기업으로서 개발자로 활동하기 때문에 이전과는 산업적으로 차이가 있다고 생각합니다. 지금 개발 능력을 더 발전시키고 싶고 회사에서 더 많은 것을 배우고 싶습니다.","wordCount":29}}},"rawDataInfo":{"question":{"fileFormat":"wav","fileSize":316238,"duration":9880,"samplingBit":16,"channelCount":1,"samplingRate":"16kHz","audioPath":"/Mock/05.ICT/Female/New/ckmk_q_ict_f_n_260370.wav"},"answer":{"fileFormat":"wav","fileSize":2137678,"duration":66800,"samplingBit":16,"channelCount":1,"samplingRate":"16kHz","audioPath":"/Mock/05.ICT/Female/New/ckmk_a_ict_f_n_260370.wav"}}}