{"version":"1.0","dataSet":{"info":{"date":"20230116","occupation":"ICT","channel":"MOCK","place":"ONLINE","gender":"FEMALE","ageRange":"-34","experience":"NEW"},"question":{"raw":{"text":"만약 열심히는 하는데 본인이 원하는 만큼 따라오지 못하는 팀 동료가 있을 경우 어떻게 하실 건가요","wordCount":15},"emotion":[],"intent":[]},"answer":{"raw":{"text":"어 이런 경우에는 이제 누구나 처음이고 초보인 시절이 있기 때문에 어 저는 이해해 드리면서 최대한 같이 발전적인 방향으로 나아가고자 노력을 할 것 같습니다. 일단은 많이 기다려주고자 하는 편이고 또 너무 기다려주는 주는데 그 팀원 분이 아무 생각도 없고 혹은 갈피를 못 잡고 계신다 하는 경우에는 좀 같이 방향을 잡아들이면서 함께 발전적인 방향으로 나아가고자 노력을 해볼 것 같습니다.","wordCount":57},"emotion":[],"intent":[{"text":"","expression":"","category":"attitude"}],"summary":{"text":"팀원분이 갈피를 못 잡는 경우에는 최대한 같이 발전적 방향으로 나아가고자 노력을 할 것 같습니다. 일단 많이 기다려주고자 하는 편이고 방향성을 잘 잡으려고 노력해보겠습니다.","wordCount":23}}},"rawDataInfo":{"question":{"fileFormat":"wav","fileSize":268878,"duration":8400,"samplingBit":16,"channelCount":1,"samplingRate":"16kHz","audioPath":"/Mock/05.ICT/Female/New/ckmk_q_ict_f_n_245193.wav"},"answer":{"fileFormat":"wav","fileSize":1242318,"duration":38820,"samplingBit":16,"channelCount":1,"samplingRate":"16kHz","audioPath":"/Mock/05.ICT/Female/New/ckmk_a_ict_f_n_245193.wav"}}}