{"version":"1.0","dataSet":{"info":{"date":"20230116","occupation":"ICT","channel":"MOCK","place":"ONLINE","gender":"FEMALE","ageRange":"-34","experience":"NEW"},"question":{"raw":{"text":"우리 회사가 해외 무대로 진출한다고 가정했을 때 어느 나라로 진출하는 것이 좋을까요 그곳을 꼽은 이유도 같이 말씀해 주세요","wordCount":18},"emotion":[],"intent":[]},"answer":{"raw":{"text":"네 저희 회사가 만약에 해외 무대로 진출한다면 저는 중국이 좋을 것 같습니다. 왜냐하면 워낙 인구도 많은 나라이고 또 그만큼 수요도 많을 거라고 예상이 됩니다. 그 중국인들이 성향상 누가 하면 자기도 한 번 해보고 또 따라 하고 그런 심리가 있다고 하더라고요. 그런 심리를 이용하여 시장 내에서 더 이 앱이나 프로그램 이 과는 수요를 확보할 수 있지 않을까 하는 기대감도 생기고 또 어 또 보수적인 면이 있기 때문에 한번 수요를 보면 꾸준히 끌고 갈 수 있지 않을까 라고 생각을 합니다.","wordCount":78},"emotion":[],"intent":[{"text":"","expression":"","category":"attitude"}],"summary":{"text":"우리 회사가 만약 해외 무대로 진출한다면 저는 중국이 좋을 것 같습니다. 중국인들의 성향을 이용하여 수요를 확보할 수 있지 않을까 하는 기대감도 생기고 또 꾸준히 끌고 갈 수 있을 것이라고 생각합니다.","wordCount":30}}},"rawDataInfo":{"question":{"fileFormat":"wav","fileSize":379598,"duration":11860,"samplingBit":16,"channelCount":1,"samplingRate":"16kHz","audioPath":"/Mock/05.ICT/Female/New/ckmk_q_ict_f_n_244995.wav"},"answer":{"fileFormat":"wav","fileSize":1513038,"duration":47280,"samplingBit":16,"channelCount":1,"samplingRate":"16kHz","audioPath":"/Mock/05.ICT/Female/New/ckmk_a_ict_f_n_244995.wav"}}}