{"version":"1.0","dataSet":{"info":{"date":"20230116","occupation":"ICT","channel":"MOCK","place":"ONLINE","gender":"FEMALE","ageRange":"-34","experience":"NEW"},"question":{"raw":{"text":"입사를 하여서 업무를 배정받았을 때 쉬운 일과 어려운 일들이 있을 텐데요 이러한 일에 대해서 어떻게 분배를 하여서 시간 관리를 하실지 지원자님이 계획을 말씀해 주세요","wordCount":24},"emotion":[],"intent":[]},"answer":{"raw":{"text":"쉬운 일과 어려운 일로 업무를 분배하는 것보다 서둘러서 해야 하는 일과 여유로운 일로 분배하는 것이 맞다고 생각합니다. 아무래도 업무는 저 혼자 해결해야 되는 일이 아니고 타인에게 피해가 가지 않아야 하기 때문에 서둘러야 하는 일을 먼저 처리하는 것이 맞다고 생각합니다.","wordCount":39},"emotion":[],"intent":[{"text":"","expression":"","category":"attitude"}],"summary":{"text":"업무 분배는 타인에게 피해를 주지 않으면서 타인에게 피해가 가지 않는 일을 우선하는 것이 맞고, 업무는 빨리 처리하고 여유로운 일을 분배하는 것이 맞습니다.","wordCount":22}}},"rawDataInfo":{"question":{"fileFormat":"wav","fileSize":657998,"duration":20560,"samplingBit":16,"channelCount":1,"samplingRate":"16kHz","audioPath":"/Mock/05.ICT/Female/New/ckmk_q_ict_f_n_150241.wav"},"answer":{"fileFormat":"wav","fileSize":744398,"duration":23260,"samplingBit":16,"channelCount":1,"samplingRate":"16kHz","audioPath":"/Mock/05.ICT/Female/New/ckmk_a_ict_f_n_150241.wav"}}}