{"version":"1.0","dataSet":{"info":{"date":"20230116","occupation":"ICT","channel":"MOCK","place":"ONLINE","gender":"FEMALE","ageRange":"55-","experience":"NEW"},"question":{"raw":{"text":"만약 지원자님께서 지금 지원하신 직무가 아닌 다른 부서에 배치가 된다면 어떻게 하시겠는지요 어 그래도 괜찮으신지 그 어 배치된 부서에서 열심히 일하실 것인지 어 말씀을 들어보고 싶습니다","wordCount":26},"emotion":[],"intent":[]},"answer":{"raw":{"text":"아니요 괜찮지 않을 것 같습니다. 제가 지원한 직무가 아닌 다른 부서에 배치된다면 우선은 굉장히 당황스러울 것 같습니다. 하지만 회사 또는 팀의 공동 목표와 성과를 위한 업무 배치 방침이라면 구성원으로서 응당 따라야 한다고 생각합니다. 또한 다른 업무 스킬을 익히으로써 업무 스펙을 넓혀 멀티플레이어가 될 수 있는 좋은 기회로 생각하며 이 기회를 이용하려고 노력할 것 같습니다. 동시에 제가 원래 희망했던 업무도 지속적으로 관심을 가지며 자기 계발을 병행하여 언제라도 희망 업무에 기회가 온다면 그 기회를 저의 것으로 만들 수 있도록 시간을 허비하지 않고 항상 준비해 놓겠습니다. 그리고 그렇다면 원하는 기회는 꼭 올 거라고 생각합니다.","wordCount":91},"emotion":[],"intent":[{"text":"","expression":"","category":"attitude"}],"summary":{"text":"업무 배치 방침이라면 구성원으로서 응당 따라야 한다고 생각합니다. 다른 업무 스킬을 익히고 자기 계발을 병행하여 언제라도 희망 업무에 기회가 온다면 그 기회를 저의 것으로 만들 수 있도록 시간을 허비하지 않고 항상 준비해 놓겠습니다.","wordCount":33}}},"rawDataInfo":{"question":{"fileFormat":"wav","fileSize":600686,"duration":18769,"samplingBit":16,"channelCount":1,"samplingRate":"16kHz","audioPath":"/Mock/05.ICT/Female/New/ckmk_q_ict_f_n_161283.wav"},"answer":{"fileFormat":"wav","fileSize":2697678,"duration":84300,"samplingBit":16,"channelCount":1,"samplingRate":"16kHz","audioPath":"/Mock/05.ICT/Female/New/ckmk_a_ict_f_n_161283.wav"}}}