{"version":"1.0","dataSet":{"info":{"date":"20230116","occupation":"ICT","channel":"MOCK","place":"ONLINE","gender":"FEMALE","ageRange":"-34","experience":"NEW"},"question":{"raw":{"text":"우리 회사에 데이터 센터를 이전하게 되었다 했을 때 서버를 이전하는 데 고려해야 될 사항에 대해서 간단하게 설명해 보십시오","wordCount":18},"emotion":[],"intent":[]},"answer":{"raw":{"text":"서버 이전을 하기 할 때에는 서버의 데이터 손실이 없도록 하여야 합니다. 또한 서버 이전하면서 기존 데이터와 새로운 데이터가 섞이지 않도록 노력하여야 합니다. 그리고 서버 이전하는데 그 서버가 있는 곳이 자연재해나 온도 습도 등을 굉장히 잘 파악하여야 합니다. 데이터 센터는 사업의 기초가 됩니다. 데이터가 날라간다면 사업에 갖고 있는 모든 걸 날리는 것과 다름이 없습니다. 그래서 데이터 센터를 이전할 때는 그 근처에 지진이나 홍수 피해가 없는 곳인지 고지를 파악하여야 한다 하며 데이터가 이원화되고 그 이원화하던 데이터가 각각 저장될 수 있도록 화재 등의 피해가 있을 때 한 번에 피해 모든 서버가 멈추지 않고 피해를 줄일 수 있도록 노력하여야 합니다. 또한 서버를 이전하는 데 있어서 분명히 이전하는 동안에 서버가 멈추게 됩니다. 그 멈추는 동안 피해가 최소화될 수 있도록 심야 시간에 작업을 하는 것도 중요합니다. 많은 사람들이 이용하는 시간에 서버가 멈춘다면은 회사로서는 얻게 되는 피해가 커지기 때문입니다.","wordCount":132},"emotion":[],"intent":[{"text":"","expression":"","category":"attitude"}],"summary":{"text":"서버를 이전할 때는 자연재해나 온도 습도 등을 잘 파악하여 기존 데이터와 새로운 데이터가 섞이지 않도록 해야 하며 지진이나 홍수 피해가 없는 곳인지 고지를 파악하여야 합니다. 또한 화재 등의 피해가 있을 때 모든 서버가 멈추지 않고 피해를 줄일 수 있도록 노력하여야 하며 심야 시간에 작업을 하는 것도 중요합니다.","wordCount":47}}},"rawDataInfo":{"question":{"fileFormat":"wav","fileSize":361358,"duration":11290,"samplingBit":16,"channelCount":1,"samplingRate":"16kHz","audioPath":"/Mock/05.ICT/Female/New/ckmk_q_ict_f_n_174735.wav"},"answer":{"fileFormat":"wav","fileSize":2614798,"duration":81710,"samplingBit":16,"channelCount":1,"samplingRate":"16kHz","audioPath":"/Mock/05.ICT/Female/New/ckmk_a_ict_f_n_174735.wav"}}}