{"version":"1.0","dataSet":{"info":{"date":"20230116","occupation":"ICT","channel":"MOCK","place":"ONLINE","gender":"FEMALE","ageRange":"-34","experience":"NEW"},"question":{"raw":{"text":"지원자님께서 뭐 대학교나 사회생활을 하면서 협업을 하셨을 텐데 협업을 할 때 가장 좀 힘들었던 점과 또 그 어려움을 어떤 식으로 극복을 했는지 함께 얘기해 주세요","wordCount":25},"emotion":[],"intent":[]},"answer":{"raw":{"text":"지금까지 협업을 하면서 어려웠던 점은 먼저 팀원 분들 중에 말이 없으신 팀원 분들과 협업을 하는 것이 어려웠습니다. 제가 의견을 냈을 때 이 의견이 옳은지 아닌지도 함께 점검을 하고 싶었고 제 의견이 타당하지 않다고 생각해 주시면은 어 반론을 해주시면 반론을 해주시면 참 좋았을 것 같은데 아무 말도 하지 않고 그냥 앉아 계신 분들께는 제가 또 어떤 식으로 말을 해야 하고 제 의견이 어떻게 받아들여졌는지도 잘 모르기 때문에 이 점이 저는 가장 어려웠고요. 이 점을 어떻게 해결했냐면 이런 분들은 자기 의견에 좀 자신감이 없으시거나 혹은 초면에 낯을 많이 가리시는 분들이 대부분이시더라구요. 그래서 일부러 조금 사소한 거라도 음 채팅 메세지를 많이 보내서 어떤 생각을 가지고 계시는지 여쭤보기도 했고 음 개인적으로 친해지고자 노력을 많이 했던 것 같습니다.","wordCount":113},"emotion":[],"intent":[{"text":"","expression":"","category":"attitude"}],"summary":{"text":"협업을 하면서 팀원들 중에 말이 없으신 팀원 분들과 협업하는 것이 어려웠는데, 이 점을 어떻게 해결하냐면 자기 의견에 자신감이 없거나 초면에 낯을 많이 가리시는 분들을 위해 채팅 메세지를 많이 보내서 어떤 생각을 가지고 있는지 여쭤보기도 했고 개인적으로 친해지고자 노력을 많이 했습니다.","wordCount":40}}},"rawDataInfo":{"question":{"fileFormat":"wav","fileSize":573518,"duration":17920,"samplingBit":16,"channelCount":1,"samplingRate":"16kHz","audioPath":"/Mock/05.ICT/Female/New/ckmk_q_ict_f_n_160848.wav"},"answer":{"fileFormat":"wav","fileSize":2215758,"duration":69240,"samplingBit":16,"channelCount":1,"samplingRate":"16kHz","audioPath":"/Mock/05.ICT/Female/New/ckmk_a_ict_f_n_160848.wav"}}}