{"version":"1.0","dataSet":{"info":{"date":"20230116","occupation":"ICT","channel":"MOCK","place":"ONLINE","gender":"FEMALE","ageRange":"-34","experience":"NEW"},"question":{"raw":{"text":"본인께서 생각하시기에 본인의 노년의 모습은 어떤 모습이었으면 좋겠나요 이성적으로 생각하시는 본인의 노년의 모습을 한 번 상상해 보시고 말씀해 주세요","wordCount":19},"emotion":[],"intent":[]},"answer":{"raw":{"text":"제가 생각하는 노년의 모습은 안정적이고 편안한 생활을 하고 있는 모습입니다. 제가 젊어서 열심히 일을 하고 급여를 받으면 일 부는 노후자금으로 모으고 있는데요. 나이가 들어서 아등바등 하면서 사는 것보다 편안한 여생을 즐기는 것이 모두의 꿈이 아닐까 생각합니다. 나이가 들어서까지 계속 일을 하면서 생활고에 시달린다면 너무 슬플 것 같아요. 그래서 저는 지금 젊은 시절에 열심히 일을 하고 돈을 많이 모아서 나이가 들면 취미생활도 하고 여행도 다니면서 편안하고 여유있는 노년을 즐기고 싶습니다.","wordCount":69},"emotion":[{"text":"나이가 들어서까지 계속 일을 하면서 생활고에 시달린다면 너무 슬플 것 같아요.","expression":"n-sadness","category":"positive"}],"intent":[{"text":"","expression":"","category":"attitude"}],"summary":{"text":"제가 생각하는 노년의 모습은 안정적이고 편안한 생활을 하고 있는 모습이라고 생각합니다. 나이가 들어서 아등바등 하면서 사는 것보다 편안한 여생을 즐기는 것이 모두의 꿈일 것 같습니다.","wordCount":25}}},"rawDataInfo":{"question":{"fileFormat":"wav","fileSize":485518,"duration":15170,"samplingBit":16,"channelCount":1,"samplingRate":"16kHz","audioPath":"/Mock/05.ICT/Female/New/ckmk_q_ict_f_n_233634.wav"},"answer":{"fileFormat":"wav","fileSize":1544078,"duration":48250,"samplingBit":16,"channelCount":1,"samplingRate":"16kHz","audioPath":"/Mock/05.ICT/Female/New/ckmk_a_ict_f_n_233634.wav"}}}