{"version":"1.0","dataSet":{"info":{"date":"20230116","occupation":"ICT","channel":"MOCK","place":"ONLINE","gender":"FEMALE","ageRange":"-34","experience":"NEW"},"question":{"raw":{"text":"시험 기간 시간이 촉박할 때 지원자님은 어떻게 시간 관리를 하셨나요 지원자님만의 시간 관리법에 대해서 소개해 주실 수 있나요","wordCount":18},"emotion":[],"intent":[]},"answer":{"raw":{"text":"네 저는 세세하게 계획을 짜는 편이었구요. 그 계획대로 가능한 맞춰서 일정을 짜려고 일정을 지키려고 노력을 했었습니다. 음 왜냐 하면 그냥 이거 해야겠다 저거 해야겠다 이렇게 딱 정해버리면은 뭔가 두서 없이 해버리는 경우가 저는 많더라구요. 그러면서 어 놓치는 포인트도 많아지고 어 제가 추진력이 좋기는 하지만 세세한 부분까지 챙기는 거는 조금 아쉬운 편이라 그런 부분을 보강하기 위해서 저는 계획을 세세하게 세웠던 것 같습니다.","wordCount":61},"emotion":[],"intent":[{"text":"","expression":"","category":"attitude"}],"summary":{"text":"저는 세세하게 계획을 짜는 편이었는데, 계획대로 일정을 지키려고 노력을 했습니다. 추진력이 좋기는 하지만 세세한 부분까지 챙기는 것은 조금 아쉬운 편이라 그런 부분을 보강하기 위해서 세웠던 것 같습니다.","wordCount":27}}},"rawDataInfo":{"question":{"fileFormat":"wav","fileSize":622158,"duration":19440,"samplingBit":16,"channelCount":1,"samplingRate":"16kHz","audioPath":"/Mock/05.ICT/Female/New/ckmk_q_ict_f_n_197282.wav"},"answer":{"fileFormat":"wav","fileSize":1402638,"duration":43830,"samplingBit":16,"channelCount":1,"samplingRate":"16kHz","audioPath":"/Mock/05.ICT/Female/New/ckmk_a_ict_f_n_197282.wav"}}}