{"version":"1.0","dataSet":{"info":{"date":"20230116","occupation":"ICT","channel":"MOCK","place":"ONLINE","gender":"FEMALE","ageRange":"-34","experience":"NEW"},"question":{"raw":{"text":"어 현재 공부하고 있는 분야는 어떤 분야인가요 그리고 왜 그 분야를 공부하게 되었는지 지금까지 그 분야를 공부하면서 어떤 부분에 대해서 구체적으로 배웠는지 어 설명을 해 주시기를 바랍니다","wordCount":27},"emotion":[],"intent":[]},"answer":{"raw":{"text":"지금 공부하고 있는 분야는 데이터 사이언스 분야입니다. 이전까지는 원래 전자 공학과 출신이라 회로 이론과 통신 이론에 관하여 배웠었고요. 어 그 이후로 머신러닝과 딥러닝 쪽에 관심이 생겨서 어 빅데이터 에이아이 분야에 지원을 하게 되었었습니다. 이 분야에서는 이제 데이터 분석화의 업무가 굉장히 매력적으로 느껴져서 이 분야에 지원을 하게 되었고 또 일을 하고자 이렇게 공부를 하고 있습니다. 음 왜 매력이 느껴졌냐면 이 데이터 분석화라는 일 자체가 이 데이터를 통하여 가설을 세우고 또 인사이트를 수집할 수 있다는 것 자체가 또 그렇게 해서 이 프로젝트의 전반적인 틀에 영향을 줄 수 있다는 점이 참 매력적인 것 같다고 생각합니다.","wordCount":92},"emotion":[{"text":"지금 공부하고 있는 분야는 데이터 사이언스 분야입니다.","expression":"u-fact","category":"neutral"},{"text":"이전까지는 원래   전자 공학과 출신이라 회로 이론과 통신 이론에 관하여 배웠었고요.","expression":"u-fact","category":"neutral"},{"text":"어 그 이후로 머신러닝과 딥러닝 쪽에 관심이 생겨서 어 빅데이터 에이아이 분야에   지원을 하게 되었었습니다.","expression":"p-interest","category":"positive"},{"text":"이 분야에서는 이제 데이터 분석화의 업무가 굉장히   매력적으로 느껴져서 이 분야에 지원을 하게 되었고 또 일을 하고자 이렇게   공부를 하고 있습니다.","expression":"p-interest","category":"positive"},{"text":"음 왜 매력이 느껴졌냐면   이 데이터 분석화라는 일 자체가 이 데이터를 통하여 가설을   세우고 또 인사이트를 수집할 수 있다는 것 자체가 또 그렇게 해서 이   프로젝트의 전반적인 틀에 영향을 줄 수 있다는 점이 참 매력적인 것 같다고 생각합니다.","expression":"p-interest","category":"positive"}],"intent":[{"text":"어 그 이후로 머신러닝과 딥러닝 쪽에 관심이 생겨서 어 빅데이터 에이아이 분야에   지원을 하게 되었었습니다.","expression":"c_sincere_job","category":"etc"},{"text":"이 분야에서는 이제 데이터 분석화의 업무가 굉장히   매력적으로 느껴져서 이 분야에 지원을 하게 되었고 또 일을 하고자 이렇게   공부를 하고 있습니다.","expression":"c_sincere_job","category":"etc"}],"summary":{"text":"데이터 사이언스 분야는 데이터를 분석하여 가설을 세우고, 인사이트를 수집하여 프로젝트의 전체적인 틀에 영향을 줄 수 있는 데이터 분석화 업무가 매력적으로 여겨져서 이 분야에 지원을 하게 되었습니다.","wordCount":26}}},"rawDataInfo":{"question":{"fileFormat":"wav","fileSize":525518,"duration":16420,"samplingBit":16,"channelCount":1,"samplingRate":"16kHz","audioPath":"/Mock/05.ICT/Female/New/ckmk_q_ict_f_n_185042.wav"},"answer":{"fileFormat":"wav","fileSize":1883598,"duration":58860,"samplingBit":16,"channelCount":1,"samplingRate":"16kHz","audioPath":"/Mock/05.ICT/Female/New/ckmk_a_ict_f_n_185042.wav"}}}