{"version":"1.0","dataSet":{"info":{"date":"20230116","occupation":"ICT","channel":"MOCK","place":"ONLINE","gender":"FEMALE","ageRange":"45-54","experience":"NEW"},"question":{"raw":{"text":"어 지원자님께서는 이제 본인의 배달의 민족 서비스를 사용을 해 보신 적이 있으신가요 어 있으시다면 이제 그것을 사용하면서 아쉬웠던 부분이 어떤 점이 있으셨는지 궁금합니다 또 있었다면 무엇이 아쉬우셨나요","wordCount":27},"emotion":[],"intent":[]},"answer":{"raw":{"text":"네 배달의 민족 서비스를 제가 뭐 다른 그 배달 어플보다는 어 많이 이용하는 편이긴 한데요. 제일 뭐 편리하고 그 배달하는 어 그걸 그 배달이 올 때 그 배달이 시작했을 때 어디쯤 오고 있는지 보여주는 게 굉장히 좋아서 어 뭐 그런 서비스는 다른 쪽에는 잘 없는 것 같더라구요. 그래서 잘 이용하고 있는데 아쉬운 부분이라면 그 이게 각 업체별로 해서 그 적립금이나 쿠폰을 주는 것들은 많은데 사실 그 배달의 민족 그 플랫폼을 사용한다고 해서 여러 번 했다고 그래서 배달의 민족 그 어플 자체에서 주는 어떤 적립금이나 이런 부분은 없는 것 같습니다. 어떤 카드를 만든다거나 배달의 민족과 그 콜라보한 이제 그러면 어떤 것들이 있기는 합니다만 그게 뭐 다른 카드를 쓰고 하다 보면 또 그걸 꼭 만들어야 될 필요성이나 이런 걸 못 느끼기 때문에 그럼에도 불구하고 이용은 하는데 그 여러 번 이용하는 거에 대한 어떤 메리트가 좀 없는 것 같습니다. 물론 내 필요에 의해서 이용하긴 하지만 배달 어플 자체가 배달의 민족만 있는 건 아니고 많이 생기고 있는 있는데 많이 있고 지금도 생기고 있는데 그 외에 어떤 그 어플 자체에 그 적립금 혜택이 있으면 더 좋지 않을까 그런 아쉬움을 말씀드리겠습니다.","wordCount":175},"emotion":[{"text":"그래서 잘 이용하고 있는데 아쉬운 부분이라면 그 이게 각 업체별로 해서 그 적립금이나 쿠폰을 주는 것들은 많은데 사실 그 배달의 민족 그 플랫폼을 사용한다고 해서 여러 번 했다고 그래서 배달의 민족 그 어플 자체에서 주는 어떤 적립금이나 이런 부분은 없는 것 같습니다.","expression":"n-distress","category":"negative"},{"text":"물론 내 필요에 의해서 이용하긴 하지만 배달 어플 자체가 배달의 민족만 있는 건 아니고 많이 생기고 있는 있는데 많이 있고 지금도 생기고 있는데 그 외에 어떤 그 어플 자체에 그 적립금 혜택이 있으면 더 좋지 않을까 그런 아쉬움을 말씀드리겠습니다.","expression":"n-distress","category":"negative"}],"intent":[{"text":"","expression":"","category":"attitude"}],"summary":{"text":"배달의 민족은 편리하고 배달이 시작됐을 때 어디쯤 오고 있는지 보여주는 게 굉장히 좋아 다른 배달 어플보다는 많이 이용하고 있는데, 적립금이나 쿠폰을 주는 것들은 많은데 그 어플 자체에서 주는 어떤 적립금과 이런 부분은 없는 것 같습니다. 그 외에 어떤 어플 자체에 적립금 혜택이 있으면 더 좋았을 것 같은 아쉬움을 말씀드리겠습니다.","wordCount":49}}},"rawDataInfo":{"question":{"fileFormat":"wav","fileSize":602638,"duration":18830,"samplingBit":16,"channelCount":1,"samplingRate":"16kHz","audioPath":"/Mock/05.ICT/Female/New/ckmk_q_ict_f_n_235943.wav"},"answer":{"fileFormat":"wav","fileSize":3361998,"duration":105060,"samplingBit":16,"channelCount":1,"samplingRate":"16kHz","audioPath":"/Mock/05.ICT/Female/New/ckmk_a_ict_f_n_235943.wav"}}}