{"version":"1.0","dataSet":{"info":{"date":"20230116","occupation":"ICT","channel":"MOCK","place":"ONLINE","gender":"FEMALE","ageRange":"35-44","experience":"NEW"},"question":{"raw":{"text":"저희 회사가 외주를 받아서 작업을 진행하는데 혹시 의뢰하신 고객님께서 저희가 제작한 홈페이지 화면이 로딩 속도가 느리다고 요청해 왔어요 이런 경우에는 지원자분께서 어떻게 대처하실 것인지 저에게 말씀해 주실 수 있나요","wordCount":29},"emotion":[],"intent":[]},"answer":{"raw":{"text":"어 그 일단 로딩 속도가 느린 이유가 과연 저희 사이트 자체 우리가 제작한 홈페이지에 어떤 결함인 건지 혹은 고객님의 그냥 주관적인 속도에 대한 체감적으로 느끼는 그 부분인 건지는 애매하기 때문에 그거를 정확하게 일단 파악을 하구요. 만약 그 고객님께서 느끼시는 주관적인 속도였다면 저는 그거를 기분이 상하지 않도록 잘 알아듣게끔 말씀을 드릴 것 같습니다. 그리고 일단은 저희의 홈페이지가 굉장히 많은 그 점검을 통해서 제작이 되었다는 점을 어필을 할 것 같구요. 근데 만약에 저희 쪽에 오류라면 오류라면 당연히 그것들을 사과를 하고 다시 그 사이트를 점검할 것 같습니다.","wordCount":84},"emotion":[],"intent":[{"text":"어 그 일단 로딩 속도가 느린 이유가 과연 저희 사이트 자체   우리가 제작한 홈페이지에 어떤 결함인 건지 혹은 고객님의 그냥 주관적인 속도에 대한   체감적으로 느끼는 그 부분인 건지는 애매하기 때문에 그거를 정확하게 일단 파악을 하구요.","expression":"i_dis_coping","category":"technology"}],"summary":{"text":"로딩 속도가 느린 이유가 홈페이지의 결함인지, 주관적인 속도인지 정확히 파악을 하겠습니다. 만약 오류가 있다면 사과를 하고 다시 사이트를 점검할 것 같습니다.","wordCount":21}}},"rawDataInfo":{"question":{"fileFormat":"wav","fileSize":492878,"duration":15400,"samplingBit":16,"channelCount":1,"samplingRate":"16kHz","audioPath":"/Mock/05.ICT/Female/New/ckmk_q_ict_f_n_165176.wav"},"answer":{"fileFormat":"wav","fileSize":2029198,"duration":63410,"samplingBit":16,"channelCount":1,"samplingRate":"16kHz","audioPath":"/Mock/05.ICT/Female/New/ckmk_a_ict_f_n_165176.wav"}}}