{"version":"1.0","dataSet":{"info":{"date":"20230116","occupation":"ICT","channel":"MOCK","place":"ONLINE","gender":"FEMALE","ageRange":"-34","experience":"NEW"},"question":{"raw":{"text":"지금까지 살아오시면서 가장 힘들었던 경험은 무엇인가요 또한 지원자님은 그 상황을 어떻게 극복하셨는지도 말씀해 주세요","wordCount":14},"emotion":[],"intent":[]},"answer":{"raw":{"text":"저는 지금까지 살아오면서 가장 힘들었던 경험은 이별인 것 같습니다. 살아 있는 사람과의 이별은 조금 쉬울지 모르겠지만 이 세상에 있지 않은 사람과의 이별은 정말 어렵습니다. 이 이별을 받아들이고 극복하는데 정말 많은 시간이 걸렸는데요. 이 사람이 그곳에서 행복할 수 있는가 그곳에서도 다른 삶을 살고 있다 이런 믿음을 가지고 살고 있는 것 같습니다. 그리고 마냥 슬퍼하기보다는 그 사람과의 추억을 되새기며 그 사람의 장점을 생각해 보고 많은 기억들을 되새기다 보면 이별이 또 다른 만남이 될 수 있을 것이라고 생각을 합니다. 이별은 또 하나의 만남이라고 생각을 합니다. 이별을 했지만 또 다른 새로운 사람을 만나서 치유할 수 있는 과정이 또 있습니다. 사람은 사람에게 치유를 받고 저는 이 부분을 이렇게 극복했습니다.","wordCount":104},"emotion":[],"intent":[{"text":"","expression":"","category":"attitude"}],"summary":{"text":"사람은 사람에게 치유를 받고 이 부분을 극복했습니다. 그 사람과의 추억을 되새기며 그 사람의 장점을 생각해 보고 많은 기억들을 되새기다 보면 이별이 또 다른 만남이 될 수 있을 것입니다. 이별은 또 하나의 만남이라고 생각을 합니다.","wordCount":34}}},"rawDataInfo":{"question":{"fileFormat":"wav","fileSize":595278,"duration":18600,"samplingBit":16,"channelCount":1,"samplingRate":"16kHz","audioPath":"/Mock/05.ICT/Female/New/ckmk_q_ict_f_n_257791.wav"},"answer":{"fileFormat":"wav","fileSize":3654798,"duration":114210,"samplingBit":16,"channelCount":1,"samplingRate":"16kHz","audioPath":"/Mock/05.ICT/Female/New/ckmk_a_ict_f_n_257791.wav"}}}