{"version":"1.0","dataSet":{"info":{"date":"20230116","occupation":"ICT","channel":"MOCK","place":"ONLINE","gender":"FEMALE","ageRange":"-34","experience":"NEW"},"question":{"raw":{"text":"몇 년 전에 우버 택시와 관련한 논란이 있었던 거를 알고 계실 겁니다 지원자께서는 그런 부분에 대해서 찬반 양론에 대해 어떻게 생각하고 계신지 편하게 말씀해 주세요","wordCount":25},"emotion":[],"intent":[]},"answer":{"raw":{"text":"네 저는 우버 택시에 관하여 찬성인 입장이었습니다. 우버 택시가 이 택시 생태계를 어지럽힌다는 반응이 많기는 하였으나 먼저는 저는 사용자 입장으로서 우버 택시가 도입이 되었을 때 제가 얻을 수 있는 이점이 참 많구나 라는 생각이 들더라구요. 또 택시 자체가 굉장히 비싼 교통수단이기는 합니다. 어 또 어느 정도 거리가 있을 때에는 기본적으로 만 원이 넘기 때문에 어 이런 우버 택시와 같은 서비스가 도입이 되었을 때 저처럼 부득이하게 택시를 타야 하는 경우가 많은 사람에게 참 많은 도움이 될 거라고 생각이 되어서 저는 찬반 찬성이었습니다.","wordCount":81},"emotion":[],"intent":[{"text":"","expression":"","category":"attitude"}],"summary":{"text":"저는 우버 택시에 찬성합니다. 우버 택시가 생태계를 어지럽힌다는 반응도 있었으나 저처럼 부득이하게 택시를 타야 하는 경우가 많은 사람에게 도움이 될 것 같아 찬성했습니다.","wordCount":23}}},"rawDataInfo":{"question":{"fileFormat":"wav","fileSize":561998,"duration":17560,"samplingBit":16,"channelCount":1,"samplingRate":"16kHz","audioPath":"/Mock/05.ICT/Female/New/ckmk_q_ict_f_n_185133.wav"},"answer":{"fileFormat":"wav","fileSize":1744718,"duration":54520,"samplingBit":16,"channelCount":1,"samplingRate":"16kHz","audioPath":"/Mock/05.ICT/Female/New/ckmk_a_ict_f_n_185133.wav"}}}