{"version":"1.0","dataSet":{"info":{"date":"20230116","occupation":"ICT","channel":"MOCK","place":"ONLINE","gender":"FEMALE","ageRange":"-34","experience":"NEW"},"question":{"raw":{"text":"지원자께서는 공동체에 가치에 입각 무형문화유산의 보호에 있어서 적용되는 사회적 관념은 무엇이라고 생각하는지 말씀해 주시길 바랍니다","wordCount":15},"emotion":[],"intent":[]},"answer":{"raw":{"text":"무형문화재 보호에 있어서는 저는 기술사 기술자의 보호가 가장 최선이라고 생각을 합니다. 또 이에 해당되는 사회적인 관념은 그 해당 사람이 가지고 있는 기술이 스페셜하고 또 이 사회 자체를 구성하는 데 굉장히 큰 도움이 되기 때문에 보호가 되어야 한다고 생각을 하는데요. 어 예를 들어서 프로젝트 안에서도 이 해당 어려 어 다루기 어려운 이 툴을 다루시는 분 한 분만 계셔도 그 프로젝트의 질이 굉장히 올라 간다던가 진행률이 굉장히 빠르게 진행이 된다 던가 하는 식으로 큰 도움을 얻은 적이 많기 때문에 저는 이 기술자들의 보호 또 무형 문화 유산의 보호가 참 중요하다고 생각합니다.","wordCount":89},"emotion":[],"intent":[{"text":"","expression":"","category":"attitude"}],"summary":{"text":"무형문화재 보호에 있어서는 기술사 기술자의 보호가 가장 최선이라고 생각합니다. 그 사람의 기술이 스페셜하고 사회 자체를 구성하는 데 큰 도움이 되기 때문에 기술자들의 보호가 참 중요하다고 생각합니다.","wordCount":26}}},"rawDataInfo":{"question":{"fileFormat":"wav","fileSize":496718,"duration":15520,"samplingBit":16,"channelCount":1,"samplingRate":"16kHz","audioPath":"/Mock/05.ICT/Female/New/ckmk_q_ict_f_n_177774.wav"},"answer":{"fileFormat":"wav","fileSize":1564238,"duration":48880,"samplingBit":16,"channelCount":1,"samplingRate":"16kHz","audioPath":"/Mock/05.ICT/Female/New/ckmk_a_ict_f_n_177774.wav"}}}