{"version":"1.0","dataSet":{"info":{"date":"20230116","occupation":"ICT","channel":"MOCK","place":"ONLINE","gender":"FEMALE","ageRange":"35-44","experience":"NEW"},"question":{"raw":{"text":"일을 하다 보면 협업을 해야 할 일이 많이 생길 수 있는데요 이전 직장에서나 대학에서 협업을 할 때 어려운 점은 없으셨습니까","wordCount":20},"emotion":[],"intent":[]},"answer":{"raw":{"text":"네 협엽을 할 일이 많이 생길 수 있습니다. 이전 직장에서나 대학에서도 협업을 통해서 업무를 처리한 적은 많이 있습니다. 이때 어려운 점은 어 업무를 할 때 소극적인 태도와 무임승차를 하려는 사람이 있다는 점입니다. 이럴 경우를 대비하여서 애초에 협업을 하기전 업무 스케줄과 함께 각각의 담당자를 정해서 책임 소재를 명확하게 하고 업무 분배를 철저히 하고 있습니다. 이렇게 초반에 업무 스케줄과 담당자 설정과 그리고 역할 분배를 잘 해 놓으면은 나중에 그 역할을 하지 못하는 사람에게는 책임 소재를 분명히 하고 다 같이 요청을 할 수가 있습니다. 이러한 경험을 통해서 무임승차를 한다던지 업무에 이름만 올리고 일을 안 하는 사람이 있을 경우 이런 방법을 활용해서 잘 극복해 왔던 것 같습니다.","wordCount":103},"emotion":[],"intent":[{"text":"","expression":"","category":"attitude"}],"summary":{"text":"협업을 할 일이 많이 생길 수 있는데 소극적인 태도와 무임승차를 하려는 사람이 있습니다. 이 경우 협업하기 전 업무 스케줄과 담당자를 정해서 책임 소재를 명확하게 하고 업무 분배를 철저히 해야 합니다. 이 방법을 활용해서 잘 극복해 왔던 것 같습니다.","wordCount":38}}},"rawDataInfo":{"question":{"fileFormat":"wav","fileSize":371278,"duration":11600,"samplingBit":16,"channelCount":1,"samplingRate":"16kHz","audioPath":"/Mock/05.ICT/Female/New/ckmk_q_ict_f_n_175203.wav"},"answer":{"fileFormat":"wav","fileSize":2278478,"duration":71200,"samplingBit":16,"channelCount":1,"samplingRate":"16kHz","audioPath":"/Mock/05.ICT/Female/New/ckmk_a_ict_f_n_175203.wav"}}}