{"version":"1.0","dataSet":{"info":{"date":"20230116","occupation":"ICT","channel":"MOCK","place":"ONLINE","gender":"FEMALE","ageRange":"35-44","experience":"NEW"},"question":{"raw":{"text":"지원자님이 생각하기에 자신의 노년의 모습은 어떤 모습이었으면 좋을 것 같나요 이상적으로 생각하는 노년의 모습을 말씀해 주시길 바랍니다","wordCount":17},"emotion":[],"intent":[]},"answer":{"raw":{"text":"제가 생각하는 이상적인 노년의 모습은 잘 자란 자녀들 그리고 손주들과 넓은 집에서 풍족하게 지내며 사는 그런 모습도 좋지만 제가 원하는 저의 노년의 모습은 나이를 막론하고 상대방의 말과 감정이 경청해주는 어른으로서 존경받으면 멋스럽게 늙어가는 것입니다. 요즘 노인들을 보면 자신의 나이가 강력한 무기가 되어서 상대방의 말은 절대 듣지 않고 자신이 살아온 경험과 생각만이 정답이라고 하는 분들이 많습니다. 저 또한 그러한 노인분들과 답이 정해져 있는 대화도 해 봤고 조언을 가장한 일방적인 훈계를 들어보기도 했습니다. 그래서 저는 내가 나이 들면 절대 저렇게 살지 않을 거야 하고 다짐한 것이 있습니다. 제가 생각한 어른은 어린 사람들의 문화도 수용하고 경험해 보고 젊은 사람의 의견을 경청하고 지지해주며 동년배들을 감정적으로 위로하며 돕고 선배들을 물질적으로 돕는 어른입니다. 저는 내 경험 내 말만 맞는 나이 든 노인이 아닌 남녀노소에게 본이 되고 귀감이 되어서 닮고 싶은 워너비 어른으로 멋있게 늙어갈 것입니다.","wordCount":129},"emotion":[],"intent":[{"text":"","expression":"","category":"attitude"}],"summary":{"text":"제가 원하는 이상적인 노년의 모습은 나이를 막론하고 상대방의 말과 감정이 경청해주는 어른으로서 존경받으면 멋스럽게 늙어가는 것입니다. 제가 생각한 어른은 젊은 사람의 의견을 경청하고 지지해주며 동년배들을 감정적으로 위로하며 선배들을 물질적으로 돕는 어른입니다.","wordCount":31}}},"rawDataInfo":{"question":{"fileFormat":"wav","fileSize":422478,"duration":13200,"samplingBit":16,"channelCount":1,"samplingRate":"16kHz","audioPath":"/Mock/05.ICT/Female/New/ckmk_q_ict_f_n_193073.wav"},"answer":{"fileFormat":"wav","fileSize":2458958,"duration":76840,"samplingBit":16,"channelCount":1,"samplingRate":"16kHz","audioPath":"/Mock/05.ICT/Female/New/ckmk_a_ict_f_n_193073.wav"}}}