{"version":"1.0","dataSet":{"info":{"date":"20230116","occupation":"ICT","channel":"MOCK","place":"ONLINE","gender":"FEMALE","ageRange":"35-44","experience":"NEW"},"question":{"raw":{"text":"지원자님이 왜 이 분야에 관심을 갖게 되었고 지원을 하게 되었는지 궁금합니다 이유와 지원 동기를 말씀해 주세요","wordCount":16},"emotion":[],"intent":[]},"answer":{"raw":{"text":"제가 캐미컬에 지원한 이유는 엔지니어로서 역할을 살리고 저의 직업관을 충족하는 기업이기 때문입니다. 전공 수업 중 석유 화학의 이해 라는 과목을 통해 엔씨씨 공정에 관심을 갖게 되었습니다. 그 이유는 엔씨씨 공정원 엔진니어로서 히팅부터 피칭까지 다양한 공정을 접할 수 있고 엘틸 랜 프로플랜드 석유 화학 제품 기초 원료를 생산하는 중요 공정이기 때문입니다. 캐미컬을 현재 말레이시와 인도네시아에 엔씨씨 건설 프로젝트를 진행하고 있습니다. 또 활발한 투자와 함께 신규 중절 현장에서 엔지니어로서 전공 명명을 펼칠 기회를 제공하고 있습니다. 캐미컬에 이러한 방향은 엔지니어를 희망하는 제가 엔씨씨 공장에서 전공 역량을 펼치고 신규 공장 조기 안정화에 기여할 수 있는 기업이라고 판단하고 지원했습니다.","wordCount":94},"emotion":[],"intent":[{"text":"제가 캐미컬에 지원한 이유는 엔지니어로서 역할을 살리고 저의 직업관을 충족하는 기업이기 때문입니다.","expression":"c_sincere_job","category":"etc"},{"text":"캐미컬에 이러한 방향은 엔지니어를 희망하는 제가 엔씨씨 공장에서 전공 역량을 펼치고 신규 공장 조기 안정화에 기여할 수 있는 기업이라고   판단하고 지원했습니다.","expression":"c_sincere_job","category":"etc"}],"summary":{"text":"캐미컬은 현재 말레이시와 인도네시아에 엔씨씨 건설 프로젝트를 진행하고 있으며, 활발한 투자와 함께 신규 중절 현장에서 엔지니어로서 전공 명명을 펼칠 기회를 제공하고 있어 엔지니어를 희망하는 제가 전공 역량을 펼치고 신규 공장 안정화에 기여할 수 있는 기업이라고 판단하고 지원했습니다.","wordCount":37}}},"rawDataInfo":{"question":{"fileFormat":"wav","fileSize":396238,"duration":12380,"samplingBit":16,"channelCount":1,"samplingRate":"16kHz","audioPath":"/Mock/05.ICT/Female/New/ckmk_q_ict_f_n_190946.wav"},"answer":{"fileFormat":"wav","fileSize":2270158,"duration":70940,"samplingBit":16,"channelCount":1,"samplingRate":"16kHz","audioPath":"/Mock/05.ICT/Female/New/ckmk_a_ict_f_n_190946.wav"}}}