{"version":"1.0","dataSet":{"info":{"date":"20230116","occupation":"ICT","channel":"MOCK","place":"ONLINE","gender":"FEMALE","ageRange":"-34","experience":"NEW"},"question":{"raw":{"text":"지원자님이 다른 지원자 분들에 비해서 가지고 있는 차별성이 있다면 혹은 장점을 어필한다면 어떤 것을 말씀해 주실지 답변 부탁드리겠습니다","wordCount":18},"emotion":[],"intent":[]},"answer":{"raw":{"text":"저는 남들보다 호기심이 많고 새로운 기술을 습득하는 것이 빠른 편인 게 장점이라고 생각합니다. 아이씨티 분야에서는 하루가 다르게 기술이 발전하고 있고 또 이 기술을 받아들이는 것에 대해서 받아들이는 전후 차이가 크다고 생각합니다. 내가 알고 있는 지금 알고 있는 기술이 내일은 다른 기술이 될 수도 있고 또 지금 알고 있다는 게 있던 게 내일 정답이 아닐 수도 있기 때문에 매일매일 새로운 것을 받아들이고 또 적응하는 장점은 굉장히 큰 장점이 될 거라고 생각합니다. 그리고 이럴 때 조금 더 학습에 대한 이해도도 빠르고 새로운 기술을 더 잘 받아들여서 다른 환경에도 적응하는데 좋았던 것 같습니다.","wordCount":90},"emotion":[],"intent":[{"text":"","expression":"","category":"attitude"}],"summary":{"text":"아이씨티 분야에서 남들보다 호기심이 많고 새로운 기술을 습득하는 것이 빠른 게 장점이라고 생각합니다. 매일 새로운 것을 받아들이고 적응하는 장점은 굉장히 큰 장점이 될 것이고 다른 환경에도 적응하는데 좋았던 것 같습니다.","wordCount":30}}},"rawDataInfo":{"question":{"fileFormat":"wav","fileSize":459598,"duration":14360,"samplingBit":16,"channelCount":1,"samplingRate":"16kHz","audioPath":"/Mock/05.ICT/Female/New/ckmk_q_ict_f_n_148487.wav"},"answer":{"fileFormat":"wav","fileSize":2136078,"duration":66750,"samplingBit":16,"channelCount":1,"samplingRate":"16kHz","audioPath":"/Mock/05.ICT/Female/New/ckmk_a_ict_f_n_148487.wav"}}}