{"version":"1.0","dataSet":{"info":{"date":"20230116","occupation":"ICT","channel":"MOCK","place":"ONLINE","gender":"FEMALE","ageRange":"45-54","experience":"NEW"},"question":{"raw":{"text":"지원자분께서 생각하실 때 어떠한 소통 능력이라는 것을 향상시키기 위해서 어떤 일들을 하실 수 있을 것 같은지 이야기해 주시기 바랍니다 지금 생각나는 방법들을 자세하게 이야기 한번 해주세요","wordCount":26},"emotion":[],"intent":[]},"answer":{"raw":{"text":"소통 능력을 키우기 위해서는 전 두 가지가 중요하다고 생각합니다. 우선은 상대방과 소통하기 위한다면 그 사람에 관심사가 무엇인지 먼저 제가 어 관심을 가져야겠고 그리고 상대방이 이야기할 때 진정으로 그 사람에 이야기를 경청하는 것을 잘 해야 될 것 같습니다. 상대방의 관심사가 무엇인지도 모르고 내 얘기만 한다면 그 사람과 진정한 소통을 할 수 없을 것이고 상대방이 이야기할 때 또한 내가 경청하지 않는다면 상대방은 다시는 자신의 얘기를 진솔하게 하지 않을 것입니다. 그래서 소통 능력을 키우기 위해서는 경청과 그리고 그 사람에 대한 관심사를 공유할 수 있는 것을 노력해야 할 것입니다.","wordCount":85},"emotion":[],"intent":[{"text":"","expression":"","category":"attitude"}],"summary":{"text":"소통 능력 향상을 위해서는 상대방과의 소통에서 관심사에 대한 관심과 상대방의 이야기를 경청하는 것이 중요하다고 생각합니다. 따라서 소통 능력을 키우기 위해서는 경청과 관심사 공유가 이루어져야 할 것입니다.","wordCount":26}}},"rawDataInfo":{"question":{"fileFormat":"wav","fileSize":637198,"duration":19910,"samplingBit":16,"channelCount":1,"samplingRate":"16kHz","audioPath":"/Mock/05.ICT/Female/New/ckmk_q_ict_f_n_178297.wav"},"answer":{"fileFormat":"wav","fileSize":1651598,"duration":51610,"samplingBit":16,"channelCount":1,"samplingRate":"16kHz","audioPath":"/Mock/05.ICT/Female/New/ckmk_a_ict_f_n_178297.wav"}}}