{"version":"1.0","dataSet":{"info":{"date":"20230116","occupation":"ICT","channel":"MOCK","place":"ONLINE","gender":"FEMALE","ageRange":"-34","experience":"NEW"},"question":{"raw":{"text":"온라인 또는 모바일 게임 시장은 어떠한 상태인가요","wordCount":7},"emotion":[],"intent":[]},"answer":{"raw":{"text":"네 저는 현재 온라인 모바일 게임 시장이 과포화 상태라고 생각을 합니다. 어 물론 실제로 앱 개발자 분들과 게임 개발자분들이 시장은 굉장히 많이 나오시는 상태이고 또 그만큼 많이 뽑으시는 상태인데 어 그에 비해 수요는 사실 일정하고 모든 유저들이 모든 게임을 해보는 게 아니고 또 특정 장르의 쏠림 현상이 많다고 생각하는 편입니다. 그래서 지금은 사실 게임 시장이 과포화 상태가 아닐까 라고 생각을 합니다.","wordCount":61},"emotion":[],"intent":[{"text":"","expression":"","category":"attitude"}],"summary":{"text":"현재 온라인 모바일 게임 시장은 과포화 상태입니다. 앱 개발자와 게임 개발자들의 수요는 많지만, 모든 게임을 해보는 것도 아니고 특정 장르의 쏠림 현상이 많기 때문입니다.","wordCount":24}}},"rawDataInfo":{"question":{"fileFormat":"wav","fileSize":288078,"duration":9000,"samplingBit":16,"channelCount":1,"samplingRate":"16kHz","audioPath":"/Mock/05.ICT/Female/New/ckmk_q_ict_f_n_219124.wav"},"answer":{"fileFormat":"wav","fileSize":1263438,"duration":39480,"samplingBit":16,"channelCount":1,"samplingRate":"16kHz","audioPath":"/Mock/05.ICT/Female/New/ckmk_a_ict_f_n_219124.wav"}}}