{"version":"1.0","dataSet":{"info":{"date":"20230116","occupation":"ICT","channel":"MOCK","place":"ONLINE","gender":"FEMALE","ageRange":"-34","experience":"NEW"},"question":{"raw":{"text":"어쩌다 이 분야에 관심을 가지게 되었고 그리고 왜 지원하게 되었는지 궁금합니다 관심을 가진 이유와 지원 동기에 대해서 말씀해 주시겠어요","wordCount":19},"emotion":[],"intent":[]},"answer":{"raw":{"text":"저는 대학교 전공이 전자공학과였는데요. 전자 전자공학과에 와보니 전자공학과의 분야가 저와 맞지 않아서 다른 분야를 계속 물색 하고 있었습니다. 그러던 와중에 교수님 연구소에서 인턴 생활을 하면서 선배분들이 머신러닝이라는 기법을 사용하여 프로젝트의 사 프로젝트에 이용하시는 것을 보아서 이 머신러닝에 관심을 가지게 되면서 빅데이터 에이아이 분야에 관심을 가지게 되었습니다 .그러나 그러나 이제 공부를 하다 보니 데이터 분석가 쪽의 업무가 좀 더 매력적으로 보였던 것 같습니다. 이 데이터를 읽고 가설을 검증하고 또 인사이트를 도출하는 과정 자체가 음 머리가 아프고 힘든 과정이긴 하지만 이것이 결론이 나오고 또 적용되었을 때 뿌듯함이 느껴서 관심을 가지게 되었던 것 같습니다.","wordCount":91},"emotion":[{"text":"저는 대학교 전공이 전자공학과였는데요.","expression":"u-fact","category":"neutral"},{"text":"그러던 와중에 교수님 연구소에서 인턴 생활을   하면서 선배분들이 머신러닝이라는 기법을 사용하여 프로젝트의 사   프로젝트에 이용하시는 것을 보아서 이 머신러닝에 관심을 가지게 되면서 빅데이터   에이아이 분야에 관심을 가지게 되었습니다 .","expression":"p-interest","category":"positive"},{"text":"그러나 그러나 이제 공부를 하다 보니   데이터 분석가 쪽의 업무가 좀 더 매력적으로 보였던 것 같습니다.","expression":"p-interest","category":"positive"}],"intent":[{"text":"그러던 와중에 교수님 연구소에서 인턴 생활을   하면서 선배분들이 머신러닝이라는 기법을 사용하여 프로젝트의 사   프로젝트에 이용하시는 것을 보아서 이 머신러닝에 관심을 가지게 되면서 빅데이터   에이아이 분야에 관심을 가지게 되었습니다 .","expression":"c_private","category":"background"}],"summary":{"text":"저는 대학교 전공이 전자공학과였는데, 다른 분야를 물색하다가 교수님 연구소에서 인턴 생활을 하면서 머신러닝에 관심을 가지면서 빅데이터 에이아이 분야에 관심을 가지게 되었습니다. 공부를 하다 보니 데이터 분석가 쪽의 업무가 더 매력적으로 보였던 것 같습니다.","wordCount":33}}},"rawDataInfo":{"question":{"fileFormat":"wav","fileSize":425678,"duration":13300,"samplingBit":16,"channelCount":1,"samplingRate":"16kHz","audioPath":"/Mock/05.ICT/Female/New/ckmk_q_ict_f_n_185142.wav"},"answer":{"fileFormat":"wav","fileSize":1977038,"duration":61780,"samplingBit":16,"channelCount":1,"samplingRate":"16kHz","audioPath":"/Mock/05.ICT/Female/New/ckmk_a_ict_f_n_185142.wav"}}}