{"version":"1.0","dataSet":{"info":{"date":"20230116","occupation":"ICT","channel":"MOCK","place":"ONLINE","gender":"FEMALE","ageRange":"35-44","experience":"NEW"},"question":{"raw":{"text":"시험 기간 시간이 촉박할 때 지원자님은 어떻게 시간 관리를 하셨나요 지원자님의 시간 관리법이 있으시다면 소개해 주실 수 있을까요","wordCount":18},"emotion":[],"intent":[]},"answer":{"raw":{"text":"네 저는 시간이 촉박할 때 주로 계획표를 많이 세워서 이제 시간 관리를 진행했던 편입니다 그 계획표 안에 세세하게 이렇게 시간을 나누어서 이 때는 이런 일정 이 때 이런 일정으로 이 때는 휴식을 한다 이런 식으로 시간은 계 시간 관리를 했고요 그 어느 정도 그 계획에 틈이 있을 때 그 틈으로 갑자기 돌발적으로 발생한 일을 끼어 넣어서 진행을 하고 그런 식으로 시간을 관리를 해 왔던 것 같습니다","wordCount":66},"emotion":[],"intent":[{"text":"","expression":"","category":"attitude"}],"summary":{"text":"저는 시간이 촉박할 때 계획표를 세워서 시간 관리를 했습니다. 그 계획에 틈이 있을 때 돌발적인 일을 끼워 넣어 시간을 관리했던 것 같습니다.","wordCount":22}}},"rawDataInfo":{"question":{"fileFormat":"wav","fileSize":597838,"duration":18680,"samplingBit":16,"channelCount":1,"samplingRate":"16kHz","audioPath":"/Mock/05.ICT/Female/New/ckmk_q_ict_f_n_204835.wav"},"answer":{"fileFormat":"wav","fileSize":1267278,"duration":39600,"samplingBit":16,"channelCount":1,"samplingRate":"16kHz","audioPath":"/Mock/05.ICT/Female/New/ckmk_a_ict_f_n_204835.wav"}}}