{"version":"1.0","dataSet":{"info":{"date":"20230116","occupation":"ICT","channel":"MOCK","place":"ONLINE","gender":"FEMALE","ageRange":"-34","experience":"NEW"},"question":{"raw":{"text":"지원자님만이 가지고 있는 상위 일 퍼센트의 능력이 있다면 그 능력에 대해서 최대한 자세하게 설명해 주시기 바랍니다","wordCount":16},"emotion":[],"intent":[]},"answer":{"raw":{"text":"어 저는 일단 참고하는 것을 잘 하는 것이라고 생각을 합니다. 예를 들어 제가 원하는 그런 어 상이 있었을 때 어 예를 들어 말을 하는 것에 있어서 어떤 방송에 있는 누구누구를 떠오르면서 그것을 어 상장하면서 제가 그 사람이 됐다고 생각을 하면서 또 말을 한 적이 있는데 또 그렇게 생각을 하고 나니까 또 제가 생각했던 그 방송인처럼 말이 되는 거예요. 그래서 제가 할 수 있는 능력 중에 상위 일 퍼센트는 바로 그것이라고 생각을 합니다. 또 예를 들어서 어 만약에 어 영어를 구사할 때 제가 생각했던 어떤 외국인의 영어 구사를 또 상상을 하면서 제가 또 영어를 또 구사를 했을 때 최대한 그 영어 실력이 비슷하게 나오는 그것을 보면서 어 내가 생각했던 내가 원하는 것을 상상을 하고 그것을 눈으로 담은 다음에 실행을 한다면 최대한 가깝게 어 모방할 수 있구나 라는 생각을 했습니다. 어 이 모방이라는 것이 그것을 바로 따라 한다는 것이 아니라 최대한 좋은 것을 흡수한다고 생각을 합니다. 그래서 어 흡수가 가장 빠른 것이 좋은 것을 흡수하는 것이 가장 제가 가지고 있는 일 퍼센트의 능력이 아닌가 싶습니다.","wordCount":163},"emotion":[],"intent":[{"text":"","expression":"","category":"attitude"}],"summary":{"text":"저는 참고하는 것을 잘 하는 것이라고 생각합니다. 모방은 그것을 바로 따라 한다는 것이 아니라 최대한 좋은 것을 흡수한다고 생각을 합니다. 그래서 흡수가 가장 빠른 것이 가장 제가 가지고 있는 일 퍼센트의 능력이 아닌가 싶습니다.","wordCount":34}}},"rawDataInfo":{"question":{"fileFormat":"wav","fileSize":457038,"duration":14280,"samplingBit":16,"channelCount":1,"samplingRate":"16kHz","audioPath":"/Mock/05.ICT/Female/New/ckmk_q_ict_f_n_257523.wav"},"answer":{"fileFormat":"wav","fileSize":3033998,"duration":94810,"samplingBit":16,"channelCount":1,"samplingRate":"16kHz","audioPath":"/Mock/05.ICT/Female/New/ckmk_a_ict_f_n_257523.wav"}}}