{"version":"1.0","dataSet":{"info":{"date":"20230116","occupation":"ICT","channel":"MOCK","place":"ONLINE","gender":"FEMALE","ageRange":"-34","experience":"NEW"},"question":{"raw":{"text":"얼마 전 구급대원이 주취자에게 폭행을 당해 순직 당하게 되는 일이 있었습니다 혹시 그 사건에 대해서는 어떤 생각을 가지고 계세요","wordCount":19},"emotion":[],"intent":[]},"answer":{"raw":{"text":"정말 뭐 있으면 안 되는 일이라고 생각하는데 그런 일이 정말 요즘 세상에 특히 더 많은 것 같고 그 일을 볼 때마다 정말 뭐 제가 당사자가 아니지만 너무 가슴이 아픈 일입니다. 뭐 그것을 위해서라면 국가적인 제도나 뭐 주취자에 대한 처벌이 좀 더 강화되어야 된다고 생각합니다. 뭐 대한민국의 어 저희가 가장 불만으로 생각하고 있는 어 좀 심신 미약자나 뭐 술을 마셨다든지 그거에 대한 처벌을 더 하지 않을 망정 어 처벌을 감형하는 그런 사례가 정말 어 대한민국의 국민으로서 저희 대한민국 국민이 지켜주는 구급 대원이나 이런 어 공직자분들이 이런 취급을 당했는데 그에 대한 처벌이 원활하게 이루어지지 않는 점이 너무 마음이 아프고 어 제도가 좀 더 확실하게 다른 나라의 어 사례나 그거에 대하여서 사용을 해서라도 확실하게 이루어졌으면 좋겠습니다.","wordCount":113},"emotion":[{"text":"정말 뭐 있으면 안 되는 일이라고 생각하는데 그런 일이 정말 요즘 세상에 특히 더 많은 것 같고 그 일을 볼 때마다 정말 뭐 제가 당사자가 아니지만 너무 가슴이 아픈 일입니다.","expression":"n-sadness","category":"positive"}],"intent":[{"text":"","expression":"","category":"attitude"}],"summary":{"text":"주취자에 대한 국가적인 제도나 처벌이 강화되어야 한다고 생각합니다. 대한민국의 국민으로서 지켜주는 구급 대원이나 공직자분들에 대한 처벌이 원활하게 이루어지지 않는 점이 마음이 아픔니다. 제도가 다른 나라의 사례나 거기서 사용을 해서라도 확실히 이루어졌으면 좋겠습니다.","wordCount":32}}},"rawDataInfo":{"question":{"fileFormat":"wav","fileSize":375758,"duration":11740,"samplingBit":16,"channelCount":1,"samplingRate":"16kHz","audioPath":"/Mock/05.ICT/Female/New/ckmk_q_ict_f_n_260364.wav"},"answer":{"fileFormat":"wav","fileSize":2537038,"duration":79280,"samplingBit":16,"channelCount":1,"samplingRate":"16kHz","audioPath":"/Mock/05.ICT/Female/New/ckmk_a_ict_f_n_260364.wav"}}}