{"version":"1.0","dataSet":{"info":{"date":"20230116","occupation":"ICT","channel":"MOCK","place":"ONLINE","gender":"FEMALE","ageRange":"-34","experience":"NEW"},"question":{"raw":{"text":"지원자님께서는 지금까지 인생을 사시면서 가장 후회되는 일이 있다면 어떤 것인지 궁금하거든요 한 가지만 뽑아서 말씀해 주시면 감사하겠습니다","wordCount":17},"emotion":[],"intent":[]},"answer":{"raw":{"text":"사실 저는 후회를 잘 안하고 사는 성격입니다. 후회는 아무리 빨리 해서 늦었다고 생각하기 때문입니다. 매 순간 집중하면서 후회를 하지 않기 위해 최선을 다 합니다. 하지만 학창 시절 공부를 좀 열심히 안 했던 것은 후회가 됩니다. 당시에 매 순간을 즐긴다는 명목으로 친구들과 함께 재미있게 즐겼는데 그때 학생의 공부인 학 공부를 조금 소홀히 했던 것 같습니다. 물론 후에 너무 놀지는 않고 후에 회복할 수 있을 만큼만 놀았기 때문에 현재 원하는 결과를 얻어내긴 했지만 그 순간 제가 할 수 있는 것과 하고 싶은 것 해야 하는 것을 구분해서 제가 해야 하는 것에 집중을 했다면 하는 후회가 됩니다. 어린 시절이라 할 수 있는 것과 해야 하는 것 좋아하는 것에 구분이 어려웠고 좋아하는 것만 하려고 했습니다. 하지만 지금은 그때 경험을 바탕으로 하고 싶은 것과 해야 하는 것을 구분해서 해야 하는 것을 꼭 한 후에 하고 싶은 것을 하도록 하고 있습니다. 그때 경험은 후회되지만 그때의 경험이 저를 좀 더 성숙할 수 있게 만들었기 때문에 지금으로써는 만족하고 있습니다.","wordCount":151},"emotion":[],"intent":[{"text":"사실 저는 후회를 잘 안하고 사는 성격입니다.","expression":"c_person","category":"background"}],"summary":{"text":"저는 후회를 잘 안하고 사는 성격입니다. 하지만 학창 시절 공부를 좀 열심히 안 했던 것은 후회가 됩니다. 어린 시절은 하고 싶은 것과 해야 하는 것을 구분해서 하고 싶은 것을 하는 것을 꼭 한 후 하고 싶은 것에 하도록 하고 있습니다. 그 경험이 나를 좀 더 성숙하게 만들었기 때문에 지금으로서는 만족하고 있습니다","wordCount":51}}},"rawDataInfo":{"question":{"fileFormat":"wav","fileSize":554318,"duration":17320,"samplingBit":16,"channelCount":1,"samplingRate":"16kHz","audioPath":"/Mock/05.ICT/Female/New/ckmk_q_ict_f_n_174742.wav"},"answer":{"fileFormat":"wav","fileSize":2618318,"duration":81820,"samplingBit":16,"channelCount":1,"samplingRate":"16kHz","audioPath":"/Mock/05.ICT/Female/New/ckmk_a_ict_f_n_174742.wav"}}}