{"version":"1.0","dataSet":{"info":{"date":"20230116","occupation":"ICT","channel":"MOCK","place":"ONLINE","gender":"FEMALE","ageRange":"-34","experience":"NEW"},"question":{"raw":{"text":"네 그 본인만의 시간이 남았을 때 그때 무슨 일을 하시는지 그 이유를 하는 이유가 있는지 설명해 주실 수 있으실까요","wordCount":19},"emotion":[],"intent":[]},"answer":{"raw":{"text":"시간이 남을 때는 주로 웹 사이트를 돌아다니면서 다른 사람들의 의견을 구경하고 또 요즘에 이슈가 된 사건이 무엇이 있는지 등을 찾아보는 편입니다. 그 이유는 모든 정보 정보와 이슈를 모든 정보를 알 알 필요는 없지만 그래도 세상 돌아가는 내용을 알고 있어야 트렌드를 알 수가 있고 이 트렌드를 통해서 내가 어떻게 행동해야 하는지 또 뒤처지지 않았는지도 점검할 수 있기 때문이라고 생각합니다. 그리고 다른 사람들의 어떻게 생각하는지를 보면 보면서 내가 이렇게 행동하는 것이 맞는지 한 번 더 생각을 고민을 해 볼 수 있고 또 나는 이렇게 생각하는데 다른 사람들은 어떻게 생각하는지 이런 함 이렇게 고뇌를 이렇게 생각을 해보면서 나를 반성하고 발전할 수 있는 계기를 만들게 되는 것 같습니다.","wordCount":104},"emotion":[],"intent":[{"text":"","expression":"","category":"attitude"}],"summary":{"text":"시간이 남을 때는 웹 사이트를 돌아다니면서 다른 사람들의 의견을 구경하고 최근에 이슈가 된 사건이 무엇이 있는지 등을 찾아보는 편입니다. 트렌드를 안다는 것은 트렌드를 통해서 제가 어떻게 행동해야 하는지 점검할 수 있기 때문이라고 생각합니다.","wordCount":33}}},"rawDataInfo":{"question":{"fileFormat":"wav","fileSize":375118,"duration":11720,"samplingBit":16,"channelCount":1,"samplingRate":"16kHz","audioPath":"/Mock/05.ICT/Female/New/ckmk_q_ict_f_n_148489.wav"},"answer":{"fileFormat":"wav","fileSize":2181198,"duration":68160,"samplingBit":16,"channelCount":1,"samplingRate":"16kHz","audioPath":"/Mock/05.ICT/Female/New/ckmk_a_ict_f_n_148489.wav"}}}