{"version":"1.0","dataSet":{"info":{"date":"20230116","occupation":"ICT","channel":"MOCK","place":"ONLINE","gender":"FEMALE","ageRange":"35-44","experience":"NEW"},"question":{"raw":{"text":"입사 후 일을 하다 보면 업무량이 과도하게 많아질 수도 있습니다 그래도 지원자님께서는 잘 버틸 자신이 있으신가요","wordCount":16},"emotion":[],"intent":[]},"answer":{"raw":{"text":"네 어 업무량이 많아지는 거는 뭐 어느 회사나 다 업무가 너무 일하러 회사를 왔는데 회사에 일거리가 없는 것도 저는 문제라고 보거든요. 그런데 이제 문제는 업무량이 주문이 업무량이 과도하게 많아졌을 때를 여쭙는 건데 뭐 업무량의 과도하게 많아지는 거에 일 년 열 두 달 삼백 육십 오 일이 아닌 이상 그냥 어쩌다 한 번씩 이렇게 업무량이 많아지는 경우는 뭐 충분히 감당할 수 있다고 봅니다. 근데 뭐 진짜 매일 그냥 막 끊임없이 일이 쌓여지면 글쎄요 그게 사람이 사람도 사람인지라 이 충분한 숙면도 취해야 되고 휴식이 있어야 또 그다음 일이 잘 진행이 되거든요. 일의 능률을 올리기 위해서는 저는 그만큼의 휴식이 꼭 갖춰 줘야 된다고 생각을 합니다. 그래서 매일 정말 그게 끊임없이 그렇게 업무량이 많다는 거는 좀 문제가 있을 것 같구요. 하지만 그냥 뜨문뜨문 어쩌다 한 번씩 업무량이 뭔가 바짝 뭐 해야 될 게 있고 주제가 좀 많이 어렵다거나 뭐 프로젝트가 많아지거나 할 경우에는 뭐 며칠씩 그냥 이렇게 업무량이 많아지는 거는 크게 상관이 없다고 생각이 됩니다.","wordCount":151},"emotion":[],"intent":[{"text":"","expression":"","category":"attitude"}],"summary":{"text":"업무량이 많아지는 것은 어느 회사나 다 문제가 있지만 업무량이 과도하게 많아지는 경우는 충분히 감당할 수 있습니다. 일의 능률을 올리기 위해서는 그만큼의 휴식이 꼭 갖춰져야 합니다. 주제의 어려움이 있거나 프로젝트가 많아질 경우에는 업무량이 늘어나는 것은 큰 상관이 없습니다.","wordCount":37}}},"rawDataInfo":{"question":{"fileFormat":"wav","fileSize":427918,"duration":13370,"samplingBit":16,"channelCount":1,"samplingRate":"16kHz","audioPath":"/Mock/05.ICT/Female/New/ckmk_q_ict_f_n_248126.wav"},"answer":{"fileFormat":"wav","fileSize":2730958,"duration":85340,"samplingBit":16,"channelCount":1,"samplingRate":"16kHz","audioPath":"/Mock/05.ICT/Female/New/ckmk_a_ict_f_n_248126.wav"}}}