{"version":"1.0","dataSet":{"info":{"date":"20230116","occupation":"ICT","channel":"MOCK","place":"ONLINE","gender":"FEMALE","ageRange":"35-44","experience":"NEW"},"question":{"raw":{"text":"만약에 타 부서와 갈등 상황이 발생했을 때 어떻게 해결하실 수 있으실 것 같습니까 한 번 상황을 가정하고 말씀해 주시기 바랍니다","wordCount":20},"emotion":[],"intent":[]},"answer":{"raw":{"text":"어 만약에 어떤 회사에서 업무를 가져갈 때 가끔 여러 부서와 그 일을 나누는 경우가 있는데 어 어려운 일인 것 같애서 그리고 시간이 오래 걸릴 것 같은 그런 일들을 은연중에 따른 부서에서 우리 쪽으로 넘기려고 할 때가 많았습니다. 근데 마찬가지로 저희도 그 일을 맡으면 우리 팀이 다른 것을 할 때 오래 걸리게 될 거라는 거를 차질이 심하다는 것을 알고 있기 때문에 당연히 그거를 저희도 그 부서에게 넘기고 싶어 할 것 같은데요. 이거는 누군가가 서로 어 잘못했다 잘했다 라고 말할 수 없는 부분이잖아요. 어쨌든 서로의 입장 안에서 더 나은 것들을 선택하는 방식인 거고 그 선택이 어 저희의 선택과 같은 걸 수도 있으니까요. 그래서 그냥 이길 때까지 밀어붙일 것 같습니다.","wordCount":107},"emotion":[],"intent":[{"text":"","expression":"","category":"attitude"}],"summary":{"text":"어떤 회사에서 여러 부서와 일을 나누는 일이 있는데 어려워서 부서에서 우리 쪽으로 넘기려고 할 때가 많았습니다. 서로의 입장 안에서 더 나은 것들을 선택하는 방식인 것이고 그 선택이 저희의 선택과 같은 걸 수도 있으니 그냥 이길 때까지 밀어붙일 것 같습니다.","wordCount":39}}},"rawDataInfo":{"question":{"fileFormat":"wav","fileSize":410318,"duration":12820,"samplingBit":16,"channelCount":1,"samplingRate":"16kHz","audioPath":"/Mock/05.ICT/Female/New/ckmk_q_ict_f_n_165182.wav"},"answer":{"fileFormat":"wav","fileSize":2217678,"duration":69300,"samplingBit":16,"channelCount":1,"samplingRate":"16kHz","audioPath":"/Mock/05.ICT/Female/New/ckmk_a_ict_f_n_165182.wav"}}}