{"version":"1.0","dataSet":{"info":{"date":"20230116","occupation":"ICT","channel":"MOCK","place":"ONLINE","gender":"FEMALE","ageRange":"-34","experience":"NEW"},"question":{"raw":{"text":"저희 업무 특성상 야근 잔업 그리고 외근이 많을 수 있습니다 그래도 괜찮으시겠어요","wordCount":12},"emotion":[],"intent":[]},"answer":{"raw":{"text":"해당 직군이 아무래도 야근과 잔업 외근이 굉장히 많다고 알고 있었습니다. 이 분 분에 대해서는 이미 각오하고 있었던 점이라 크게 어려움이 없고 크게 문제가 될 점은 아니라고 생각이 듭니다. 그래도 만약 야근과 잔업이 계속 많아진다면 삶의 질이 떨어져서 조금에 힘들 수는 있겠지만 그래도 포기하지 않고 제가 좋아하는 일을 하기 때문에 저는 충분히 감당 가능하고 저는 불평하지 않고 일을 할 것 같습니다. 야근이 아무리 많아져도 음 저는 이 일을 하면서 이 결과 이 결과들을 보면서 성취감을 느낄 수 있을 것 같아서 힘들지는 않을 것 같습니다.","wordCount":83},"emotion":[],"intent":[{"text":"","expression":"","category":"attitude"}],"summary":{"text":"해당 직군은 야근과 잔업 외근이 많은데, 삶의 질이 떨어져서 힘들 수는 있지만 포기하지 않고 좋아하는 일을 하기 때문에 충분히 감당 가능할 것 같습니다. 야근이 아무리 많아져도 성취감을 느낄 수 있을 것 같아 힘들지는 않습니다.","wordCount":34}}},"rawDataInfo":{"question":{"fileFormat":"wav","fileSize":290638,"duration":9080,"samplingBit":16,"channelCount":1,"samplingRate":"16kHz","audioPath":"/Mock/05.ICT/Female/New/ckmk_q_ict_f_n_269235.wav"},"answer":{"fileFormat":"wav","fileSize":1480078,"duration":46250,"samplingBit":16,"channelCount":1,"samplingRate":"16kHz","audioPath":"/Mock/05.ICT/Female/New/ckmk_a_ict_f_n_269235.wav"}}}