{"version":"1.0","dataSet":{"info":{"date":"20230116","occupation":"ICT","channel":"MOCK","place":"ONLINE","gender":"FEMALE","ageRange":"-34","experience":"NEW"},"question":{"raw":{"text":"지원자분께서는 평소에 개인 작업과 같은 것들을 많이 하시는 편인지 궁금합니다 만약에 개인 작업을 많이 하신다고 한다면 그렇게 하실 수 있는 원동력은 무엇이라고 생각하시는지도 말해주세요","wordCount":24},"emotion":[],"intent":[]},"answer":{"raw":{"text":"저는 평소에 개인 작업을 많이 하는 편인데요. 어 먼저는 그 원동력은 하루 계획 안에서 이 개인 작업을 할 수 있는 체력을 유지하는 것이 가장 큰 원동력이라고 생각하고 두 번째는 계획이라고 생각합니다. 먼저 계획이 있고 또 개인 작업을 위한 시간을 낼 수 있어야만 어 이 개인 작업을 할 수 있는 원동력이 생긴다고 생각하고 이 개인 작업을 할 때 집중력과 체력 또한 굉장히 중요한 요소라고 생각하기 때문에 이 개인 작업을 반 하는 원동력이 시간 분배와 계획 그리고 체력이라고 저는 생각합니다.","wordCount":78},"emotion":[],"intent":[{"text":"","expression":"","category":"attitude"}],"summary":{"text":"개인 작업의 원동력은 하루 계획 안에서 개인 작업을 할 수 있는 체력을 유지하는 것이며, 개인 작업을 위한 시간을 낼 수 있어야 개인 작업을 하는 원동력이 생긴다 생각합니다.","wordCount":27}}},"rawDataInfo":{"question":{"fileFormat":"wav","fileSize":588878,"duration":18400,"samplingBit":16,"channelCount":1,"samplingRate":"16kHz","audioPath":"/Mock/05.ICT/Female/New/ckmk_q_ict_f_n_177775.wav"},"answer":{"fileFormat":"wav","fileSize":1385038,"duration":43280,"samplingBit":16,"channelCount":1,"samplingRate":"16kHz","audioPath":"/Mock/05.ICT/Female/New/ckmk_a_ict_f_n_177775.wav"}}}