{"version":"1.0","dataSet":{"info":{"date":"20230116","occupation":"ICT","channel":"MOCK","place":"ONLINE","gender":"FEMALE","ageRange":"35-44","experience":"NEW"},"question":{"raw":{"text":"우리 회사에 입사를 하게 된다면 지원자님께서 그동안 해왔던 기존의 업무 스타일과는 달라질 수도 있습니다 그렇게 기존과 다른 업무 스타일에는 잘 적응을 하실 수 있는지 그 생각을 말씀해 주시기 바랍니다","wordCount":29},"emotion":[],"intent":[]},"answer":{"raw":{"text":"네 신규 입사를 하게 되면은 제가 기존에 해왔던 업무 스타일 양은 많이 바뀌게 될 것이라고 생각합니다. 새로운 업무 새로운 환경 새로운 조직에서 일을 하다 보면은 물론 그 전에 업무 스타일은 버리고 새로운 환경에 맞춰서 적응해야 한다고 생각하고 있습니다. 저는 어렸을 때부터 다양한 경험을 해 왔고 동아리 활동 봉사 활동 여행 아르바이트 그리고 이전 직장 경험을 통해서 다양한 조직에 적응하며 살아왔습니다. 이러한 경험으로 인해서 저는 재빨리 변화 등 환경에 적응할 수 있는 핵심 역량을 길러 왔습니다. 빠른 속도로 지금 현재의 조직에 적응하고 업무 스타일을 익혀서 제 자리를 찾아갈 수 있도록 노력할 것이고 이런 노력이 저는 전혀 번거롭다고 생각하지 않고 장기적으로 봤을 때 제가 업무를 함에 있어서 더욱 더 큰 플러스 요인으로 다가올 것이라고 확신하고 있기 때문에 재빨리 적응할 수 있도록 노력할 것입니다.","wordCount":121},"emotion":[{"text":"저는 어렸을 때부터 다양한 경험을 해 왔고 동아리 활동 봉사 활동 여행 아르바이트 그리고 이전 직장 경험을 통해서 다양한 조직에 적응하며 살아왔습니다.","expression":"u-fact","category":"neutral"}],"intent":[{"text":"","expression":"","category":"attitude"}],"summary":{"text":"신규 입사를 하게 되면 기존의 업무 스타일은 많이 바뀌게 될 것이라고 생각합니다. 새로운 조직에서 일을 하다 보면 새로운 환경에 맞춰서 적응해야 한다고 생각하고 있습니다. 빠른 속도로 지금 현재의 조직에 적응하고 업무 스타일을 익혀서 제 자리를 찾아갈 수 있도록 노력할 것입니다.","wordCount":40}}},"rawDataInfo":{"question":{"fileFormat":"wav","fileSize":657358,"duration":20540,"samplingBit":16,"channelCount":1,"samplingRate":"16kHz","audioPath":"/Mock/05.ICT/Female/New/ckmk_q_ict_f_n_175208.wav"},"answer":{"fileFormat":"wav","fileSize":2529998,"duration":79060,"samplingBit":16,"channelCount":1,"samplingRate":"16kHz","audioPath":"/Mock/05.ICT/Female/New/ckmk_a_ict_f_n_175208.wav"}}}