{"version":"1.0","dataSet":{"info":{"date":"20230116","occupation":"ICT","channel":"MOCK","place":"ONLINE","gender":"FEMALE","ageRange":"-34","experience":"NEW"},"question":{"raw":{"text":"당신은 자바스크립트를 공부하면서 가장 인상이 깊었던 것은 어떤 것이었는지 말씀해 주세요","wordCount":11},"emotion":[],"intent":[]},"answer":{"raw":{"text":"네 제가 자바스크립트를 공부하면서 가장 인상 깊었던 점은 어 일단 이 자바스크립트라는 것 자체로 홈페이지를 만들고 또 페이지 간에 소통을 할 수 있다는 것 자체가 굉장히 매력적으로 보였습니다. 또 자바스크립트 같은 경우는 다른 언어에 비해서 굉장히 구현하기도 쉽고 배우기도 쉽다는 장점이 있어서 뭐 이런 언어로 또 이렇게 홈페이지를 쉽게 구현할 수 있다는 데 큰 장점을 느꼈던 것 같습니다.","wordCount":58},"emotion":[{"text":"네 제가 자바스크립트를 공부하면서 가장 인상 깊었던 점은 어 일단 이 자바스크립트라는 것 자체로 홈페이지를 만들고 또 페이지 간에 소통을 할 수 있다는 것 자체가 굉장히 매력적으로 보였습니다.","expression":"p-interest","category":"positive"}],"intent":[{"text":"네 제가 자바스크립트를 공부하면서 가장 인상 깊었던 점은 어 일단 이 자바스크립트라는 것 자체로 홈페이지를 만들고 또 페이지 간에 소통을 할 수 있다는 것 자체가 굉장히 매력적으로 보였습니다.","expression":"i_prg","category":"technology"},{"text":"또 자바스크립트 같은 경우는 다른 언어에 비해서 굉장히 구현하기도 쉽고 배우기도 쉽다는 장점이 있어서 뭐 이런 언어로 또 이렇게 홈페이지를 쉽게 구현할 수 있다는 데 큰 장점을 느꼈던 것 같습니다.","expression":"i_prg","category":"technology"}],"summary":{"text":"홈페이지를 쉽게 만들고 소통할 수 있는 것이 장점인 자바스크립트는 다른 언어에 비해 구현과 배우기 쉽다는 장점이 있어서 홈페이지를 쉽게 구현할 수 있었던 것 같습니다.","wordCount":24}}},"rawDataInfo":{"question":{"fileFormat":"wav","fileSize":306638,"duration":9580,"samplingBit":16,"channelCount":1,"samplingRate":"16kHz","audioPath":"/Mock/05.ICT/Female/New/ckmk_q_ict_f_n_272103.wav"},"answer":{"fileFormat":"wav","fileSize":1207758,"duration":37740,"samplingBit":16,"channelCount":1,"samplingRate":"16kHz","audioPath":"/Mock/05.ICT/Female/New/ckmk_a_ict_f_n_272103.wav"}}}