{"version":"1.0","dataSet":{"info":{"date":"20230116","occupation":"ICT","channel":"MOCK","place":"ONLINE","gender":"FEMALE","ageRange":"45-54","experience":"NEW"},"question":{"raw":{"text":"지원자님의 단점이 있다면 말씀해 주세요 또한 이것을 보완하기 위해서 그동안 해 오셨던 노력이 있다면 그것도 함께 말씀해 주시기 바랍니다","wordCount":19},"emotion":[],"intent":[]},"answer":{"raw":{"text":"음 저의 단점은 조금의 성급함이라고 할 수 있겠습니다. 제가 조금 첫 째로 자라다 보니 저 혼자 스스로 판단하고 결정하는 일들이 조금 많았구요. 그러다 보니 어 혼자 생각하는 습관을 좀 많이 기르다 보니까 좀 빨리 의사 결정을 하는 그런 습관들이 생기게 된 것 같습니다. 어 그리고 또 제가 하던 일이 아이티 쪽이다 보니 마지막에는 조금 피드백을 올려 스피드를 올려야 하는 그런 경우들이 발생을 합니다. 그러다 보니 저도 모르게 조금 빨리빨리 예 예 그 빨리빨리 가지고 몸에 밴 듯한 것이 어떨 때는 장점인데 또 단점으로 다가오는 경우도 많은 것 같습니다. 그래서 이를 보완하려고 조금 천천히 생각하기 명상 이런 것들을 통해서 말도 조금 또박또박 조금 천천히 하는 버릇을 길렀구요. 어 그리고 다른 사람들의 의견을 조금 더 들어주는 것 기다리기 요런 것들을 저도 의식적으로 습관화 하다 보니 어 그런 부분들이 조금 보완돼서 어 단점이 조금 보완된 것 같습니다.","wordCount":134},"emotion":[],"intent":[{"text":"음 저의 단점은 조금의 성급함이라고 할 수 있겠습니다.","expression":"c_person","category":"background"}],"summary":{"text":"저는 혼자 생각하는 습관을 많이 기르다보니 빨리 의사 결정을 하는 습관들이 생겼습니다. 또 제가 하던 일이 아이티 쪽이라 마지막에는 피드백을 올려 스피드를 올려야 하는 경우들이 있습니다. 그래서 말을 조금 더 천천히 하는 버릇을 길렀더니 단점이 조금 보완된 것 같습니다.","wordCount":39}}},"rawDataInfo":{"question":{"fileFormat":"wav","fileSize":620878,"duration":19400,"samplingBit":16,"channelCount":1,"samplingRate":"16kHz","audioPath":"/Mock/05.ICT/Female/New/ckmk_q_ict_f_n_272673.wav"},"answer":{"fileFormat":"wav","fileSize":2260558,"duration":70640,"samplingBit":16,"channelCount":1,"samplingRate":"16kHz","audioPath":"/Mock/05.ICT/Female/New/ckmk_a_ict_f_n_272673.wav"}}}