{"version":"1.0","dataSet":{"info":{"date":"20230116","occupation":"ICT","channel":"MOCK","place":"ONLINE","gender":"FEMALE","ageRange":"-34","experience":"NEW"},"question":{"raw":{"text":"지원자님께서는 평소에 시간이 남을 때 어떤 일들을 하시나요 그리고 그런 일들을 하시는 이유는 무엇인지 말씀해 주시길 바랍니다","wordCount":17},"emotion":[],"intent":[]},"answer":{"raw":{"text":"저는 시간이 남을 시에 보통은 고양이와 누워서 휴식을 취하는 것 같습니다. 어 아무래도 일정이 늘 여유로운 편은 아니고 일을 할 때 어느 정도 긴장도를 가지고 하는 편이라 어 휴식 시 휴식하기 위해 시간이 남을 때 어 많은 시간을 쓰는 것 같습니다. 어 어떻게 휴식을 할지도 고민이 많았는데 저는 아무래도 제가 좋아하는 고양이와 누워있는 게 늘 휴식에 도움이 많이 되더라구요.","wordCount":59},"emotion":[],"intent":[{"text":"","expression":"","category":"attitude"}],"summary":{"text":"휴식 시간에 고양이와 누워서 휴식을 취하는데, 어떻게 휴식할 지 고민할 때 좋아하는 고양이와 누워있는 것이 휴식에 도움이 많이 되었습니다.","wordCount":19}}},"rawDataInfo":{"question":{"fileFormat":"wav","fileSize":450638,"duration":14080,"samplingBit":16,"channelCount":1,"samplingRate":"16kHz","audioPath":"/Mock/05.ICT/Female/New/ckmk_q_ict_f_n_204742.wav"},"answer":{"fileFormat":"wav","fileSize":1180878,"duration":36900,"samplingBit":16,"channelCount":1,"samplingRate":"16kHz","audioPath":"/Mock/05.ICT/Female/New/ckmk_a_ict_f_n_204742.wav"}}}