{"version":"1.0","dataSet":{"info":{"date":"20230116","occupation":"ICT","channel":"MOCK","place":"ONLINE","gender":"FEMALE","ageRange":"-34","experience":"NEW"},"question":{"raw":{"text":"만약 지원자님께서 게임 속 캐릭터라면 지원자님께서는 어떤 게임에서 어떠한 역할을 맡아서 수행하고 싶으신지 말씀해 주시기 바랍니다","wordCount":16},"emotion":[],"intent":[]},"answer":{"raw":{"text":"저는 게임 중에서 이제 메이플스토리라는 께임을 좀 주로 했었는데요. 네 거기서 이제 직업이 뭐 전사 그다음에 궁수 도적 마법사 뭐 기타 등등 이렇게 여러 가지 이제 역할들이 있는데 어 저는 그중에서 음 가장 하고 싶은 그 저의 캐릭터는 그 마법사가 제일 하고 싶었어요. 왜냐하면 마법사는 사실 어 약해 보이면서도 가장 강한 캐릭터거든요. 그 게임 그 세계관 내에서도 그래서 저도 이제 신입으로 들어와서 뭔가 좀 부족해 보이고 뭔가 좀 약해 보이지만 사실 그 보면 그 내재적으로 안에 힘이 강력한 네 좀 더 그런 그 게임 내에서도 레벨이 올라가면서부터 스케일이 올라가면서부터 엄청나게 다른 직업들에 비해서 훨씬 더 큰 성장을 하게 되거든요. 그 모습처럼 저도 지금은 조금 약해 보이지만 성장을 할수록 스킬이 늘어 갈수록 어 한 단계 한 단계 좀 더 다른 그런 성장을 보여주고 싶은 마음에서 그래서 네 저도 마법사와 같은 캐릭터가 하고 싶다고 어 말을 했습니다.","wordCount":135},"emotion":[],"intent":[{"text":"","expression":"","category":"attitude"}],"summary":{"text":"메이플스토리라는 게임에서 가장 하고 싶은 캐릭터는 가장 강한 캐릭터인 마법사입니다. 게임 내에서도 레벨이 올라가면서 스케일이 올라가면서부터 훨씬 더 큰 성장을 하게 됩니다. 성장할수록 스킬이 늘어 갈수록 좀 더 다른 성장을 보여주고 싶은 마음에서 말을 했습니다.","wordCount":35}}},"rawDataInfo":{"question":{"fileFormat":"wav","fileSize":615758,"duration":19240,"samplingBit":16,"channelCount":1,"samplingRate":"16kHz","audioPath":"/Mock/05.ICT/Female/New/ckmk_q_ict_f_n_265108.wav"},"answer":{"fileFormat":"wav","fileSize":2661198,"duration":83160,"samplingBit":16,"channelCount":1,"samplingRate":"16kHz","audioPath":"/Mock/05.ICT/Female/New/ckmk_a_ict_f_n_265108.wav"}}}