{"version":"1.0","dataSet":{"info":{"date":"20230116","occupation":"ICT","channel":"MOCK","place":"ONLINE","gender":"FEMALE","ageRange":"45-54","experience":"NEW"},"question":{"raw":{"text":"네 입사 후 일을 하시다 보면 쉬운 일도 있고 어려운 일도 있을 텐데요 그 쉬운 일 어려운 일에 대해서 어떻게 분배를 하실 생각이신가요 어 본인이 생각하신 바가 있다면 한번 말씀해 주시기 바랍니다","wordCount":32},"emotion":[],"intent":[]},"answer":{"raw":{"text":"그까 업무를 하는데 여러 사안 중에 뭐 쉬운 일이나 어려운 일이 있을 때 이제 언제까지 해야 되는 마감일이 동일한 경우라면 저는 일단 쉬운 일부터 완벽하게 처리를 해서 하나를 어 없애 놓고 어려운 일을 어 최선을 다해서 예 열심히 해결할 수 있도록 하겠습니다. 어 그까 어려운 일을 먼저 가지고 고민을 하다보면 나중에 그 마지막 업무 해야 될 그 종료해야 될 날짜에 쉬운 일조차도 어 실수나 이런 부분을 할 수 있는 그 경우가 있기 때문에 일단은 쉬운 일을 완벽하게 처리해서 어 그 부분은 완전히 잊어버리고 이제 어려운 일에 매진을 다 해서 예 잘 처리할 수 있도록 분배할 것 같습니다.","wordCount":97},"emotion":[],"intent":[{"text":"","expression":"","category":"attitude"}],"summary":{"text":"업무 마감일이 동일한 경우, 쉬운 일부터 처리해서 최선을 다하도록 하겠습니다. 어려운 일을 먼저 처리하면 마지막 업무의 실수나 이런 부분을 할 수 있기 때문에 쉬운 일을 완벽하게 처리해서 분배할 것 같습니다.","wordCount":30}}},"rawDataInfo":{"question":{"fileFormat":"wav","fileSize":525518,"duration":16420,"samplingBit":16,"channelCount":1,"samplingRate":"16kHz","audioPath":"/Mock/05.ICT/Female/New/ckmk_q_ict_f_n_181213.wav"},"answer":{"fileFormat":"wav","fileSize":2010958,"duration":62840,"samplingBit":16,"channelCount":1,"samplingRate":"16kHz","audioPath":"/Mock/05.ICT/Female/New/ckmk_a_ict_f_n_181213.wav"}}}