{"version":"1.0","dataSet":{"info":{"date":"20230116","occupation":"ICT","channel":"MOCK","place":"ONLINE","gender":"FEMALE","ageRange":"55-","experience":"NEW"},"question":{"raw":{"text":"만약 상사가 회사의 이익에 반하는 행동을 하는 것을 직접 목격했다면 그때 어떻게 행동하시겠습니까","wordCount":13},"emotion":[],"intent":[]},"answer":{"raw":{"text":"회사의 이익에 반하는 상사의 행동을 직접 목격했다면 저는 회사의 보고 체계를 통해서 바로잡으려고 노력할 것 같습니다. 저는 원칙을 중요시 여깁니다. 때문에 부정행위는 회사의 보고 체계를 통해 바로잡아야 한다고 생각합니다. 과거 작은 부정들이 얼룩져서 거대한 기업들이 한 번에 무너지는 경우도 있었습니다. 아니 아주 많습니다. 우리는 회사의 이윤과 가치를 확대하기 위해 일하는 것입니다. 그렇기 때문에 회사의 보고 체계를 통해 바로잡아야 한다고 생각합니다. 작은 부정이 큰 부정으로 이어지는 경우가 많기 때문에 상사가 더 큰 범죄에 연루되기 전에 바로 잡는 것이 제가 상사와 회사에 할 수 있는 최선이라고 생각합니다.","wordCount":85},"emotion":[],"intent":[{"text":"저는 원칙을 중요시 여깁니다.","expression":"c_value","category":"background"}],"summary":{"text":"부정행위는 회사의 보고 체계를 통해 바로잡아야 한다고 생각합니다. 작은 부정이 큰 부정으로 이어지는 경우가 많기 때문에 상사가 더 큰 범죄에 연루되기 전에 바로 잡는 것이 제가 상사와 회사에 할 수 있는 최선이라고 생각합니다.","wordCount":33}}},"rawDataInfo":{"question":{"fileFormat":"wav","fileSize":326798,"duration":10210,"samplingBit":16,"channelCount":1,"samplingRate":"16kHz","audioPath":"/Mock/05.ICT/Female/New/ckmk_q_ict_f_n_161080.wav"},"answer":{"fileFormat":"wav","fileSize":2563278,"duration":80100,"samplingBit":16,"channelCount":1,"samplingRate":"16kHz","audioPath":"/Mock/05.ICT/Female/New/ckmk_a_ict_f_n_161080.wav"}}}