{"version":"1.0","dataSet":{"info":{"date":"20230116","occupation":"ICT","channel":"MOCK","place":"ONLINE","gender":"FEMALE","ageRange":"-34","experience":"NEW"},"question":{"raw":{"text":"커뮤니케이션을 잘 할 수 있는 본인만의 스킬이 있으실까요 이 자리에서 직접 소개해 주시기 바랍니다","wordCount":14},"emotion":[],"intent":[]},"answer":{"raw":{"text":"어 제가 하는 커뮤니케이션에 가장 어 잘 할 수 있는 저만의 스킬은 일단 경청입니다. 지금 제가 답변하는 어 답변하는 것도 면접관님의 그 질문을 잘 결 경청을 해서 제가 잘 답변할 수 있는 것이라고 생각을 하고요. 물론 소통이 가장 중요하기는 하지만 소통을 함에 있어서 일단 가장 중요하고 먼저 진행되어야 하는 것이 바로 저는 경청이라고 생각을 합니다. 그래서 저만의 스킬은 바로 경청을 진심으로 잘 들어주는 것이라고 말씀드리고 싶습니다.","wordCount":66},"emotion":[],"intent":[{"text":"","expression":"","category":"attitude"}],"summary":{"text":"저는 면접관님의 질문을 잘 경청해서 잘 답변할 수 있는 경청 스킬이 있다고 생각합니다. 소통에 있어서 가장 중요하고 먼저 진행되어야 하는 것이 경청이라고 생각합니다.","wordCount":23}}},"rawDataInfo":{"question":{"fileFormat":"wav","fileSize":353038,"duration":11030,"samplingBit":16,"channelCount":1,"samplingRate":"16kHz","audioPath":"/Mock/05.ICT/Female/New/ckmk_q_ict_f_n_257356.wav"},"answer":{"fileFormat":"wav","fileSize":1552718,"duration":48520,"samplingBit":16,"channelCount":1,"samplingRate":"16kHz","audioPath":"/Mock/05.ICT/Female/New/ckmk_a_ict_f_n_257356.wav"}}}