{"version":"1.0","dataSet":{"info":{"date":"20230116","occupation":"ICT","channel":"MOCK","place":"ONLINE","gender":"FEMALE","ageRange":"-34","experience":"NEW"},"question":{"raw":{"text":"본인이 창의적으로 어떤 문제를 해결해 본 경험이 있나요 있다면 그 과정을 최대한 자세하게 설명해 주시기 바랍니다","wordCount":16},"emotion":[],"intent":[]},"answer":{"raw":{"text":"어 제가 창의적인 면이 굉장히 약하기는 한데요. 어 꼽자면 저는 이제 동물들을 입양보를 통해서 이제 입양을 진행 해본 적이 몇 번 있는데 그러면서 어떤 친구들은 굉장히 입양을 늦게 가고 어떤 친구 들은 입양을 빨리 가더라구요. 그래서 어 왜 그럴까 하고 궁금함에 이 친구들 간에 어떤 차이가 명확하게 있길래 왜 어떤 친구는 빨리 가고 늦게 가지 하는 문제 의식을 이제 머신러닝 모델을 구현함으로써 해결해 보고자 한 적이 있습니다. 동물 보호소 데이터를 이용하여 이제 모델을 만들어서 어떤 친구 이런 특성 이런 나이를 가진 친구들은 어 입양을 갈지 아니면 보호소에서 안락사가 될지 아니면 다른 보호소로 이전 될지 이런 식으로 판별해내는 모델을 만들언 경험이 있습니다.","wordCount":101},"emotion":[],"intent":[{"text":"","expression":"","category":"attitude"}],"summary":{"text":"동물 입양을 진행 해본 적이 있는데, 어떤 친구들은 입양을 늦게 가고 어떤 친구는 입양을 빨리 가는지에 대한 문제의식을 머신러닝 모델로 해결하고자 했습니다. 동물 보호소 데이터를 이용하여 판별해내는 모델을 만든 경험이 있습니다.","wordCount":31}}},"rawDataInfo":{"question":{"fileFormat":"wav","fileSize":367118,"duration":11470,"samplingBit":16,"channelCount":1,"samplingRate":"16kHz","audioPath":"/Mock/05.ICT/Female/New/ckmk_q_ict_f_n_244997.wav"},"answer":{"fileFormat":"wav","fileSize":1865038,"duration":58280,"samplingBit":16,"channelCount":1,"samplingRate":"16kHz","audioPath":"/Mock/05.ICT/Female/New/ckmk_a_ict_f_n_244997.wav"}}}