{"version":"1.0","dataSet":{"info":{"date":"20230116","occupation":"ICT","channel":"MOCK","place":"ONLINE","gender":"FEMALE","ageRange":"35-44","experience":"NEW"},"question":{"raw":{"text":"지원자님께서는 본인 스스로 숫자와 창의 중 어떤 것에 더 가깝다고 생각하세요 그 이유도 함께 말씀 부탁드립니다","wordCount":16},"emotion":[],"intent":[]},"answer":{"raw":{"text":"저는 두 가지 중에서 창의에 가깝다고 생각합니다. 저는 숫자처럼 답이 정해져 있는 것보다 무모하고 어이없고 기발하고 신박한 생각을 하는 것을 좋아합니다. 물론 답이 정해져 있지 않아서 그 해답을 찾기까지는 괴롭고 힘이 드는 경우가 많지만 그 정답을 내가 스스로 찾아서 만들어 간다는 점이 더 재미있습니다. 일을 진행하다 보면 주변 사람들에게 창의적이다 어떻게 그런 생각을 해냈니 라는 소리를 많이 듣기도 하고 제 스스로도 계속해서 아이디어를 만들어내고 생각해 내어 만족스러운 결과를 얻는 경험치가 높다고 생각합니다. 물론 창의도 어느 정도의 틀은 숫자에 기반하여 파생된다고 할 수 있겠으나 저는 어떠한 일을 계획하고 확장시켜서 진행할 때에 무모하게 도전해 볼 수 있는 것이 즐거운 것으로 보아 숫자보다는 창의에 가깝다고 생각합니다.","wordCount":103},"emotion":[],"intent":[{"text":"","expression":"","category":"attitude"}],"summary":{"text":"숫자처럼 답이 정해져 있는 것보다 무모하고 신기하거나 기발하고 신박한 생각을 하는 것을 좋아하는 저는 일을 진행할 때 무모하게 도전하는 것이 즐거운 것으로 보아 숫자보다는 창의에 가깝다고 생각합니다.","wordCount":27}}},"rawDataInfo":{"question":{"fileFormat":"wav","fileSize":614478,"duration":19200,"samplingBit":16,"channelCount":1,"samplingRate":"16kHz","audioPath":"/Mock/05.ICT/Female/New/ckmk_q_ict_f_n_193203.wav"},"answer":{"fileFormat":"wav","fileSize":1819918,"duration":56870,"samplingBit":16,"channelCount":1,"samplingRate":"16kHz","audioPath":"/Mock/05.ICT/Female/New/ckmk_a_ict_f_n_193203.wav"}}}