{"version":"1.0","dataSet":{"info":{"date":"20230116","occupation":"ICT","channel":"MOCK","place":"ONLINE","gender":"FEMALE","ageRange":"35-44","experience":"NEW"},"question":{"raw":{"text":"무언가를 달성하기 위해서 목표를 세우고 삼 년간 열심히 노력해서 그 목표를 달성했던 경험이 있다면 저에게 공유해 주시기 바랍니다","wordCount":18},"emotion":[],"intent":[]},"answer":{"raw":{"text":"어 아직 목표를 달성한 건 없다고 생각이 들어요. 그냥 계속 도전하고 뭐 계속 도전을 하면서 꾸준히 하긴 하는데 아직 그 목표에 달성을 하지를 못했습니다. 그래서 쫌 좌절도 많이 되고 아 막 때려치고 싶기도 하고 그만하고 싶기도 하고 한데 시작을 한 게 있으니까 어 그냥 그래도 어쨌건 끝은 봐야 되지 않나 하는 생각에 어 막 그냥 동아줄 잡고 있듯이 그냥 막 버티고 있는 것 같아요. 그래서 힘든 것도 사실이고 좀 지루한 것도 사실이고 힘 빠지는 것도 사실이지만 어 그냥 인제 뭐 해왔으니까 계속 앞만 보고 갈려고 어 하고 있습니다. 그런데 그게 이제 목표가 처음에 제가 막 뭐 할 거라고 떠들 떠들고 다녔어요. 그래서 좀 안 되는 건지 부정을 이게 이게 부정 탄 건지 쫌 요즘에는 그냥 말을 안 하게 돼요. 조용히 인제 준비를 하다 보니까 아직 제가 목표를 달성한 게 아니어서 어 뭐라고 딱 말씀드릴 수는 없을 것 같습니다.","wordCount":138},"emotion":[],"intent":[{"text":"","expression":"","category":"attitude"}],"summary":{"text":"이제 막 앞만 보고 갈려고 하고 있습니다. 처음에는 막 할 거라고 말하고 다녔지만 이제 제가 목표를 달성한 건 없어요. 그래서 좀 안 되는 건지 부정을 탄 건지 말을 안 하게 됐고, 준비를 하다 보니 아직 목표를 달성한 게 없어서 제가 말을 할 수는 없을 것 같습니다.","wordCount":46}}},"rawDataInfo":{"question":{"fileFormat":"wav","fileSize":483278,"duration":15100,"samplingBit":16,"channelCount":1,"samplingRate":"16kHz","audioPath":"/Mock/05.ICT/Female/New/ckmk_q_ict_f_n_248130.wav"},"answer":{"fileFormat":"wav","fileSize":2463438,"duration":76980,"samplingBit":16,"channelCount":1,"samplingRate":"16kHz","audioPath":"/Mock/05.ICT/Female/New/ckmk_a_ict_f_n_248130.wav"}}}