{"version":"1.0","dataSet":{"info":{"date":"20230116","occupation":"ICT","channel":"MOCK","place":"ONLINE","gender":"FEMALE","ageRange":"-34","experience":"NEW"},"question":{"raw":{"text":"입사를 해서 일을 하게 된다면 지원자님께서 중국으로 출장을 갈 일이 생길 수도 있습니다 혹시 지원자님께서는 중국 출장도 괜찮으실까요","wordCount":18},"emotion":[],"intent":[]},"answer":{"raw":{"text":"중국 출장 괜찮습니다. 다만 제가 중국어를 못하기 때문에 영어로 소통을 할 수 있는 상황이면은 좋을 것 같습니다. 또 어 저 혼자 보내시지는 않으시겠죠. 저 혼자 가지 않았으면 좋겠고 함께 또 경험이 있으신 분과 함께 하면서 이야기하면서 배우고 싶고 또 해외 출장이란 경험이 흔치 않기도 하고 경험적으로 참 도움이 많이 되는 경험이라고 생각이 되어서 저는 중국 출장을 가도 좋을 것 같습니다. 다만 기간이 너무 길지 않으면 좋겠습니다. 개인적으로 여독을 푸는데 시간이 많이 걸리는 편이라 너무 작거나 너무 길지만 않으면 저는 상관없습니다.","wordCount":80},"emotion":[],"intent":[{"text":"","expression":"","category":"attitude"}],"summary":{"text":"중국 출장을 가더라도 영어로 소통이 가능한 상황이나 경험있는 분과 함께 하면서 배우고 싶습니다. 또한 해외 출장은 흔치 않고 참 도움이 많이 되는 경험이라 중국 출장도 추천합니다. 다만 기간이 너무 길지 않으면 좋겠습니다.","wordCount":32}}},"rawDataInfo":{"question":{"fileFormat":"wav","fileSize":355918,"duration":11120,"samplingBit":16,"channelCount":1,"samplingRate":"16kHz","audioPath":"/Mock/05.ICT/Female/New/ckmk_q_ict_f_n_178112.wav"},"answer":{"fileFormat":"wav","fileSize":1633358,"duration":51040,"samplingBit":16,"channelCount":1,"samplingRate":"16kHz","audioPath":"/Mock/05.ICT/Female/New/ckmk_a_ict_f_n_178112.wav"}}}