{"version":"1.0","dataSet":{"info":{"date":"20230116","occupation":"ICT","channel":"MOCK","place":"ONLINE","gender":"FEMALE","ageRange":"-34","experience":"NEW"},"question":{"raw":{"text":"지원자님께서는 우리 회사가 해외 무대로 진출을 하게 되었을 때 어느 곳에 진출하게 되는 게 좋을 거라고 생각을 하십니까 그렇다면 그 이유도 설명 부탁드리겠습니다","wordCount":23},"emotion":[],"intent":[]},"answer":{"raw":{"text":"저는 저희 회사가 해외 무대로 진출한다면 중국 시장으로 진출하는 것이 좋다고 생각합니다. 왜냐하면 중국의 특성상 인구 수가 많고 또 스마트폰 앱 자체를 굉장히 활용을 잘하는 나라의 분위기로 알고 있습니다. 아무래도 스마트폰 활용률도 다른 나라에 비해서 월등히 높기 때문에 저희 회사가 해외 무대로 진출했을 때 이점이 있을 거라는 생각이 들고 또 중국의 국민성이 다른 사람이 쓰면 자신들도 따라 쓰는 그러한 국민성이 있는 걸로 저는 알고 있습니다. 그래서 저희가 만약에 그 시장에서 수요를 가지게 된다면 이 중국 분들이 또 음 또 계속 지속적으로 저희 회사의 앱을 이용해 주실 거라 생각이 듭니다.","wordCount":89},"emotion":[],"intent":[{"text":"","expression":"","category":"attitude"}],"summary":{"text":"우리 회사가 해외 무대로 진출한다면 중국 시장으로 진출하는 것이 좋다고 생각합니다. 중국의 특성상 인구 수가 많고 또 스마트폰 앱 자체를 굉장히 잘 활용하는 나라의 분위기이기 때문입니다.","wordCount":26}}},"rawDataInfo":{"question":{"fileFormat":"wav","fileSize":567758,"duration":17740,"samplingBit":16,"channelCount":1,"samplingRate":"16kHz","audioPath":"/Mock/05.ICT/Female/New/ckmk_q_ict_f_n_185035.wav"},"answer":{"fileFormat":"wav","fileSize":1786318,"duration":55820,"samplingBit":16,"channelCount":1,"samplingRate":"16kHz","audioPath":"/Mock/05.ICT/Female/New/ckmk_a_ict_f_n_185035.wav"}}}