{"version":"1.0","dataSet":{"info":{"date":"20230116","occupation":"ICT","channel":"MOCK","place":"ONLINE","gender":"FEMALE","ageRange":"-34","experience":"NEW"},"question":{"raw":{"text":"네 이전 직장에서 퇴사한 것에 대해 어 후회를 해 보신 적은 있는지요 어 있다면 왜 후회를 하셨는지 함께 말씀 부탁드립니다","wordCount":20},"emotion":[],"intent":[]},"answer":{"raw":{"text":"이전 직장에서 퇴사한 것을 후회한 적은 딱히 없습니다. 왜냐하면 이전 회사에서 워라벨이나 저의 성향이나 스타일이 잘 맞지 않았었기 때문에 퇴사를 했었고요. 그 점에 대해서는 지금도 후회가 없고 그 더 좋은 회사에 지원할 기회를 얻게 되었고 또 새로운 분야에 대해서 공부할 기회를 가지게 되었기 때문에 딱히 후회는 없습니다. 이번에 새롭게 지원한 회사는 어 저의 업무 스타일도 맞고 또 재택근무라는 장점이 있어서 네 저는 후회 없이 꼭 이 회사에 다니고 싶습니다.","wordCount":69},"emotion":[],"intent":[{"text":"이번에 새롭게 지원한 회사는   어 저의 업무 스타일도 맞고 또 재택근무라는 장점이 있어서   네 저는 후회 없이 꼭 이 회사에 다니고 싶습니다.","expression":"c_sincere_co","category":"etc"}],"summary":{"text":"이전 직장에서 퇴사한 것을 후회한 적은 없습니다. 더 좋은 회사에 지원할 기회와 새로운 분야에 대한 공부할 기회를 얻었기 때문에 후회 없이 다니고 싶습니다.","wordCount":23}}},"rawDataInfo":{"question":{"fileFormat":"wav","fileSize":427598,"duration":13360,"samplingBit":16,"channelCount":1,"samplingRate":"16kHz","audioPath":"/Mock/05.ICT/Female/New/ckmk_q_ict_f_n_194560.wav"},"answer":{"fileFormat":"wav","fileSize":1386318,"duration":43320,"samplingBit":16,"channelCount":1,"samplingRate":"16kHz","audioPath":"/Mock/05.ICT/Female/New/ckmk_a_ict_f_n_194560.wav"}}}