{"version":"1.0","dataSet":{"info":{"date":"20230116","occupation":"ICT","channel":"MOCK","place":"ONLINE","gender":"FEMALE","ageRange":"55-","experience":"NEW"},"question":{"raw":{"text":"못하는 개발자 두 명이 페어 프로그래밍을 한다면 오히려 능률이 떨어진다고 생각이 드는데 지원자님께서는 이 부분에 대해서 어떻게 생각하시는지 말씀 부탁드립니다","wordCount":20},"emotion":[],"intent":[]},"answer":{"raw":{"text":"보완 효과가 있다고 생각합니다. 서로가 동기 유발이 되어 각자의 능력 있는 부분을 서로 함께 하므로 오히려 능률이 오를 수 있다고 생각합니다. 누구나 장 단점이 있기 때문에 각자의 필요한 부분을 서로 보완해 준다면 충분히 능률이 오를 것이라 생각합니다.","wordCount":37},"emotion":[],"intent":[{"text":"","expression":"","category":"attitude"}],"summary":{"text":"각자의 능력 있는 부분을 서로 함께 하므로 오히려 능률이 오를 수 있다고 생각합니다. 동기 유발이 되어 각자 필요한 부분을 서로 보완해 준다면 능률이 상승할 것입니다.","wordCount":25}}},"rawDataInfo":{"question":{"fileFormat":"wav","fileSize":421198,"duration":13160,"samplingBit":16,"channelCount":1,"samplingRate":"16kHz","audioPath":"/Mock/05.ICT/Female/New/ckmk_q_ict_f_n_265576.wav"},"answer":{"fileFormat":"wav","fileSize":1822798,"duration":56960,"samplingBit":16,"channelCount":1,"samplingRate":"16kHz","audioPath":"/Mock/05.ICT/Female/New/ckmk_a_ict_f_n_265576.wav"}}}