{"version":"1.0","dataSet":{"info":{"date":"20230116","occupation":"ICT","channel":"MOCK","place":"ONLINE","gender":"FEMALE","ageRange":"-34","experience":"NEW"},"question":{"raw":{"text":"회사에 들어와서 선배를 만나게 된다면 어떤 모습에 선배를 만나고 싶으신가요 어 그런 선배를 만나고 싶은 이유도 어 자세하게 한 번 말씀해 주세요","wordCount":22},"emotion":[],"intent":[]},"answer":{"raw":{"text":"사회 생활을 하다 보면 여러 유형의 선배들을 만나게 되는데요. 제가 가장 이상적으로 생각하는 선배의 모습은 후배를 잘 이끌어주는 선배입니다. 후배를 잘 이끌어 준다는 것이 뭐든지 다 알려 주고 가는 방향만 제시해주는 그런 선배가 아니라 방법적인 부분을 스스로 알아갈 수 있게끔 가르침을 주는 선배를 이야기하는 것입니다. 어떤 선배들은 가르침은 없이 결과만을 요구하는 선배들도 많았는데요. 그렇게 하다 보면 후배들은 버텨내기가 힘들 것 같아요. 그래서 잘 이끌어주면서 방법적인 걸 스스로 알아갈 수 있게끔 힌트를 주는 선배가 후배들을 잘 양성하고 그 후배들이 또 멋진 선배가 될 수 있다고 생각합니다.","wordCount":85},"emotion":[],"intent":[{"text":"","expression":"","category":"attitude"}],"summary":{"text":"사회 생활을 하다 보면 여러 유형의 선배들을 만나게 되는데, 제가 가장 이상적으로 생각하는 선배의 모습은 후배를 잘 이끌어주는 선배입니다. 방법적인 부분을 스스로 알아갈 수 있도록 힌트를 주는 선배가 좋은 선배가 될 수 있다고 생각합니다.","wordCount":34}}},"rawDataInfo":{"question":{"fileFormat":"wav","fileSize":491918,"duration":15370,"samplingBit":16,"channelCount":1,"samplingRate":"16kHz","audioPath":"/Mock/05.ICT/Female/New/ckmk_q_ict_f_n_233874.wav"},"answer":{"fileFormat":"wav","fileSize":1831758,"duration":57240,"samplingBit":16,"channelCount":1,"samplingRate":"16kHz","audioPath":"/Mock/05.ICT/Female/New/ckmk_a_ict_f_n_233874.wav"}}}