{"version":"1.0","dataSet":{"info":{"date":"20230116","occupation":"ICT","channel":"MOCK","place":"ONLINE","gender":"FEMALE","ageRange":"35-44","experience":"NEW"},"question":{"raw":{"text":"요즘 고령화 사회로 가면서 치매로 인한 문제가 많이 대두되고 있는데요 지원자님께서 이 문제에 대해 건보공단이 하는 일과 개선해야 될 방안을 말씀해 주세요","wordCount":22},"emotion":[],"intent":[]},"answer":{"raw":{"text":"우리나라도 점점 고령화 사회로 진입하게 되었고 치매 문제가 많이 대두가 되고 있고 치매 환자도 굉장히 많이 늘어난 것으로 알고 있습니다. 국민 건강 보험 공단에서는 이러한 상황을 처리하기 위해서 다양한 지원 사업을 시행하고 있습니다. 치매 환자들의 돌봄 서비스를 시행하고 있고 치매 환자들의 치료비를 지원해 주기도 하며 치매의 등급에 따라서 맞춤형 서비스를 제공하고 있습니다. 하지만 주변을 돌아보면 치매 환자임에도 불구하고 이러한 많은 혜택을 활용하지 못하는 분들이 많이 있는 것 같습니다. 제 생각으로는 이러한 좋은 지원 서비스들을 많은 사람들이 누릴 수 있도록 국민 건강 보험 공단에서 좀 더 적극적인 홍보를 통하여 네 많은 사람들이 지원 서비스를 활용할 수 있도록 하는 게 좋을 것 같습니다. 또한 맞춤형 서비스를 제공하기 위해 돌봄 서비스를 해주는 전문 인력을 많이 양성하고 있는데 윤리적인 측면도 많이 교육을 하여서 학대 같은 불미스러운 일이 일어나지 않도록 하는 것도 좋을 것 같습니다.","wordCount":130},"emotion":[{"text":"국민 건강 보험 공단에서는 이러한 상황을 처리하기 위해서 다양한 지원 사업을 시행하고 있습니다.","expression":"u-fact","category":"neutral"},{"text":"치매 환자들의 돌봄 서비스를 시행하고 있고 치매 환자들의 치료비를 지원해 주기도 하며 치매의 등급에 따라서 맞춤형 서비스를 제공하고 있습니다.","expression":"u-fact","category":"neutral"}],"intent":[{"text":"","expression":"","category":"attitude"}],"summary":{"text":"우리나라는 점점 고령화 사회로 진입하고 치매 문제가 대두되고 있습니다. 국민건강보험공단에서는 이러한 상황을 처리하기 위해 치매 환자들의 돌봄 서비스, 치료비 지원, 맞춤형 서비스 등 다양한 지원 사업을 시행하고 있지만, 많은 사람들이 혜택을 활용하지 못하는 것 같습니다. 따라서 적극적인 홍보를 통해 많은 사람들이 지원 서비스를 활용하도록 해야합니다.","wordCount":45}}},"rawDataInfo":{"question":{"fileFormat":"wav","fileSize":440398,"duration":13760,"samplingBit":16,"channelCount":1,"samplingRate":"16kHz","audioPath":"/Mock/05.ICT/Female/New/ckmk_q_ict_f_n_175204.wav"},"answer":{"fileFormat":"wav","fileSize":2726478,"duration":85200,"samplingBit":16,"channelCount":1,"samplingRate":"16kHz","audioPath":"/Mock/05.ICT/Female/New/ckmk_a_ict_f_n_175204.wav"}}}