{"version":"1.0","dataSet":{"info":{"date":"20230116","occupation":"ICT","channel":"MOCK","place":"ONLINE","gender":"FEMALE","ageRange":"-34","experience":"NEW"},"question":{"raw":{"text":"지원자님께서 그동안 인생에서 겪었던 갈등들 중 가장 심각했던 갈등은 무엇인가요 심각했던 갈등이 있다면 그 중 한 가지만 골라 말씀해 주세요","wordCount":20},"emotion":[],"intent":[]},"answer":{"raw":{"text":"제가 인생에서 겪었던 가장 큰 갈등은 대학 입시 때 부모님과 싸운 것이었는데요. 부모님께서는 제가 간호학과를 가기를 바라셨고 또 저는 전자공학과 지망이었기 때문에 이 갈등이 저의 인생에서 가장 큰 갈등이었습니다. 부모님의 간호 학과보다는 제가 하고 싶은 걸 할 수 있는 전자공학과에 가겠다고 설득을 많이 했었고요. 또 부모님께서 저희가 수차례 설득을 하니 아 한 번 믿어보겠다 라고 하고 저희 편을 들어주셔서 전자공학과에 오게 됐고 실제로 전자공학과에 와서 이제 아이티 업계로 진출하고 또 아이티 업계로 진로를 설정하는데 많은 도움을 얻었었습니다.","wordCount":77},"emotion":[],"intent":[{"text":"","expression":"","category":"attitude"}],"summary":{"text":"대학 입시 때 부모님과 갈등이 가장 컸습니다. 부모님은 간호학과보다 전자공학과에 가길 원했고, 설득해서 저희 편을 들어주셔서 전자공학과에서 IT 업계로 진로를 설정할 수 있었습니다.","wordCount":23}}},"rawDataInfo":{"question":{"fileFormat":"wav","fileSize":599118,"duration":18720,"samplingBit":16,"channelCount":1,"samplingRate":"16kHz","audioPath":"/Mock/05.ICT/Female/New/ckmk_q_ict_f_n_160670.wav"},"answer":{"fileFormat":"wav","fileSize":1592398,"duration":49760,"samplingBit":16,"channelCount":1,"samplingRate":"16kHz","audioPath":"/Mock/05.ICT/Female/New/ckmk_a_ict_f_n_160670.wav"}}}