{"version":"1.0","dataSet":{"info":{"date":"20230116","occupation":"ICT","channel":"MOCK","place":"ONLINE","gender":"FEMALE","ageRange":"-34","experience":"NEW"},"question":{"raw":{"text":"지금 본인이 내일 죽는다는 사실을 알게 된다면 당장 뭘 하실 건가요 이 면접을 끝까지 계속 보실 것 같으신가요","wordCount":18},"emotion":[],"intent":[]},"answer":{"raw":{"text":"만일 제가 죽는다는 사실을 안다면 저는 그래도 이 면접을 끝까지 마치고 갈 것 같습니다. 왜냐하면 이 면접을 본다는 것 자체가 어 제가 이때까지 노력해 온 결실을 맺는다는 의미가 분명히 있기 때문입니다. 또 죽기 전에 후회하지 않는 일에 하고 싶고 만약에 이 면접을 보지 않고 바로 나가게 된다면 어 굉장히 후회할 것 같습니다. 이 면접을 본 뒤에 이제 가족들과 친구들을 만나서 좋은 시간을 보내려고 할 것 같습니다.","wordCount":66},"emotion":[],"intent":[{"text":"","expression":"","category":"attitude"}],"summary":{"text":"이 면접을 보지 않고 바로 나가게 된다면 굉장히 후회할 것 같습니다. 면접을 본 뒤에 가족들과 친구들을 만나서 좋은 시간을 보내려고 할 것 같습니습니다.","wordCount":23}}},"rawDataInfo":{"question":{"fileFormat":"wav","fileSize":578638,"duration":18080,"samplingBit":16,"channelCount":1,"samplingRate":"16kHz","audioPath":"/Mock/05.ICT/Female/New/ckmk_q_ict_f_n_204733.wav"},"answer":{"fileFormat":"wav","fileSize":1310158,"duration":40940,"samplingBit":16,"channelCount":1,"samplingRate":"16kHz","audioPath":"/Mock/05.ICT/Female/New/ckmk_a_ict_f_n_204733.wav"}}}