{"version":"1.0","dataSet":{"info":{"date":"20230116","occupation":"ICT","channel":"MOCK","place":"ONLINE","gender":"FEMALE","ageRange":"-34","experience":"NEW"},"question":{"raw":{"text":"어 일을 하다 보면 상사와 트러블이 생길 수 있습니다 어 그런 경우에는 어떻게 대처를 하실 건가요 또 상사가 혼을 낼 수도 있는데요 어 그런 경우에는 기분이 나쁘시진 않을까요","wordCount":28},"emotion":[],"intent":[]},"answer":{"raw":{"text":"어 저는 혼나면 제가 잘못해서 혼난다는 생각을 하고 또 저의 미흡한 점 때문에 혼날 수 있다는 생각이 들어서 그런 직무적인 면이나 제가 실수한 면에 관하여 혼난다면 이렇게 기분이 나쁠 것 같지는 않습니다. 이 상사 분이 인신공격적이나 인격 면에서 모독하지 않으신다면 저는 크게 상관은 없을 것 같고요. 또 트러블이 생긴다면 아무래도 직원 관리는 회사 입장에서 중요하실 테니까 저는 윗선에 보고를 드릴 것 같습니다.","wordCount":62},"emotion":[],"intent":[{"text":"","expression":"","category":"attitude"}],"summary":{"text":"저는 혼난다면 기분이 나쁠 것 같지는 않습니다. 상사가 인신공격적이나 인격 면에서 모독하지 않는다면 저는 윗사람에게 보고를 할 것 같습니다.","wordCount":19}}},"rawDataInfo":{"question":{"fileFormat":"wav","fileSize":505678,"duration":15800,"samplingBit":16,"channelCount":1,"samplingRate":"16kHz","audioPath":"/Mock/05.ICT/Female/New/ckmk_q_ict_f_n_194558.wav"},"answer":{"fileFormat":"wav","fileSize":1255758,"duration":39240,"samplingBit":16,"channelCount":1,"samplingRate":"16kHz","audioPath":"/Mock/05.ICT/Female/New/ckmk_a_ict_f_n_194558.wav"}}}