{"version":"1.0","dataSet":{"info":{"date":"20230116","occupation":"ICT","channel":"MOCK","place":"ONLINE","gender":"FEMALE","ageRange":"-34","experience":"NEW"},"question":{"raw":{"text":"지원자님께서 가장 자신 있는 기술 분야가 어떻게 됩니까 한 가지만 골라서 말씀 부탁드립니다","wordCount":13},"emotion":[],"intent":[]},"answer":{"raw":{"text":"어 사람을 위해 무언가를 만드는 것 어 제가 처음에 컴퓨터를 접했을 때 그 소프트웨어와 그 이것을 사용하는 사람의 관계에 관심이 많았습니다. 그래서 자연스럽게 그 관심은 어 사람을 편리하게 만들어 주는 웹이나 모바일을 만들어 보는 이 기술 분야에 관심을 가지게 됐고요. 어 그래서 그 웹과 모바일을 바탕으로 어 친구와 그룹을 맺고 그리고 함께 일정 관리를 할 수 있는 그 도와주는 앱을 기획하고 개발을 했습니다. 어 그래서 사람을 위해 무언가를 만드는 제 첫 프로젝트인 어 그 앱을 어 시작하게 했고요. 이를 시작으로 회원의 그런 정보를 쉽게 저장하고 관리를 돕는 인티라넷이나 역동적인 효과를 이용해서 사용자의 눈을 즐겁게 하는 프로모션 사이트 아니면 홈 쉐어링 절차를 지원하는 웹 사이트 등 어 사람들과 가까운 프로젝트를 수행을 했고요. 어 이렇게 사람을 편리하게 하는 여러 여러 프로젝트를 또 수행을 하면서 어떻게 단순히 서비스를 하는 것에 그치지 않고 어떻게 나아가서 서비스 해야 할지 고민하고 지금까지 개발을 했습니다.","wordCount":138},"emotion":[{"text":"그래서 자연스럽게 그 관심은 어 사람을 편리하게 만들어 주는 웹이나 모바일을 만들어 보는 이 기술 분야에 관심을 가지게 됐고요.","expression":"p-interest","category":"positive"},{"text":"이를 시작으로 회원의 그런 정보를 쉽게 저장하고 관리를 돕는 인티라넷이나 역동적인 효과를 이용해서 사용자의 눈을 즐겁게 하는 프로모션 사이트 아니면 홈 쉐어링 절차를 지원하는 웹 사이트 등 어 사람들과 가까운 프로젝트를 수행을 했고요.","expression":"u-fact","category":"neutral"}],"intent":[{"text":"","expression":"","category":"attitude"}],"summary":{"text":"사람을 편리하게 만들어 주는 웹이나 모바일을 만들어 보는 이 기술 분야에 관심을 가지게 돼 친구와 그룹을 맺고 함께 일정 관리를 할 수 있는 앱을 기획하고 개발을 했습니다. 이를 시작으로 인티라넷이나 프로모션 사이트, 홈 쉐어링 절차를 지원하는 웹 사이트 등 사람과 가까운 프로젝트를 수행하고 개발했습니다.","wordCount":44}}},"rawDataInfo":{"question":{"fileFormat":"wav","fileSize":270158,"duration":8440,"samplingBit":16,"channelCount":1,"samplingRate":"16kHz","audioPath":"/Mock/05.ICT/Female/New/ckmk_q_ict_f_n_257525.wav"},"answer":{"fileFormat":"wav","fileSize":2565838,"duration":80180,"samplingBit":16,"channelCount":1,"samplingRate":"16kHz","audioPath":"/Mock/05.ICT/Female/New/ckmk_a_ict_f_n_257525.wav"}}}