{"version":"1.0","dataSet":{"info":{"date":"20230116","occupation":"ICT","channel":"MOCK","place":"ONLINE","gender":"FEMALE","ageRange":"-34","experience":"NEW"},"question":{"raw":{"text":"코딩을 하면서 가장 흥미로운 점이 무엇입니까","wordCount":6},"emotion":[],"intent":[]},"answer":{"raw":{"text":"창의적인 발상으로 확실한 결과를 볼 수 있다는 점이 좋았습니다. 저는 창의적인 아이디어로 새로운 문제를 해결하거나 기존의 문제를 새롭게 해결하고자 하는 방향에 대해 찾는 것을 좋아합니다. 그리고 그 아이디어를 확실하게 구체화하는 방법 중 하나가 코딩이라고 생각하였습니다. 그 과정이 대학 생활을 보내면서 전공 공부를 할 때 가장 많은 경험을 만들게 도와줬다고 생각합니다.","wordCount":50},"emotion":[{"text":"저는 창의적인 아이디어로 새로운 문제를 해결하거나 기존의 문제를 새롭게 해결하고자 하는 방향에 대해 찾는 것을 좋아합니다.","expression":"p-interest","category":"positive"}],"intent":[{"text":"","expression":"","category":"attitude"}],"summary":{"text":"창의적인 아이디어로 새로운 문제를 해결하거나 기존의 문제를 새롭게 해결하고자 하는 방향에 대해 찾는 것을 좋아합니다. 그 아이디어를 구체화하는 방법 중 하나가 코딩이라고 생각했습니다.","wordCount":23}}},"rawDataInfo":{"question":{"fileFormat":"wav","fileSize":257998,"duration":8060,"samplingBit":16,"channelCount":1,"samplingRate":"16kHz","audioPath":"/Mock/05.ICT/Female/New/ckmk_q_ict_f_n_150233.wav"},"answer":{"fileFormat":"wav","fileSize":852878,"duration":26650,"samplingBit":16,"channelCount":1,"samplingRate":"16kHz","audioPath":"/Mock/05.ICT/Female/New/ckmk_a_ict_f_n_150233.wav"}}}