{"version":"1.0","dataSet":{"info":{"date":"20230116","occupation":"ICT","channel":"MOCK","place":"ONLINE","gender":"FEMALE","ageRange":"55-","experience":"NEW"},"question":{"raw":{"text":"지원자님께서는 지금까지 협업을 하면서 가장 어려웠던 점이 무엇이었습니까 가장 어려웠던 것과 그 어려움을 어떻게 해결했는지 함께 말씀 부탁드리겠습니다","wordCount":18},"emotion":[],"intent":[]},"answer":{"raw":{"text":"네 올 초에 한 삼 사 개월 동안 같이 프로젝트를 지내야 될 일이 있었는데요. 어려웠던 점은 그 함께 했던 사람들이 다각자 어 또 자기의 업무를 가지고 고 있었다는 점입니다. 그래서 자기 일을 하면서 별도의 프로젝트를 진행할려고 하니까 시간이 절대적으로 부족하기 때문에 처음에는 어 자기 시간에 좀 맞추었으면 하는 이제 마음들을 갖고 있었어요. 하지만 이 현실 상황이 그렇지 않기 때문에 하기로 했던 것은 하자 라는 이제 다시 한 번 그 목표를 어 주지하고 에스엔에스와 그리고 온라인에 있는 어 협업 도구들 온라인으로 문서화하면서 어 서로 진행하는 과정을 이제 공유할 수 있었구요. 어 야간에 같이 시간을 맞추어서 또 온라인으로 회의도 진행하였습니다. 그렇게 해서 결국은 서로 힘을 모으고 마음을 모아서 프로젝트를 완성하기로 하면 가능하다는 생각이 듭니다.","wordCount":112},"emotion":[],"intent":[{"text":"","expression":"","category":"attitude"}],"summary":{"text":"올 초에 한 삼 사 개월 동안 같이 프로젝트를 지내야 할 일이 있었습니다. 함께 했던 사람들이 각자의 업무를 가지고 있었기 때문에 함께 프로젝트를 진행할 시간이 부족했습니다. 하지만 다시 한 번 목표를 주지하고 온라인에 있는 협업 도구들을 온라인으로 문서화하면서 프로젝트를 완성하였습니다.","wordCount":40}}},"rawDataInfo":{"question":{"fileFormat":"wav","fileSize":425678,"duration":13300,"samplingBit":16,"channelCount":1,"samplingRate":"16kHz","audioPath":"/Mock/05.ICT/Female/New/ckmk_q_ict_f_n_229153.wav"},"answer":{"fileFormat":"wav","fileSize":1958478,"duration":61200,"samplingBit":16,"channelCount":1,"samplingRate":"16kHz","audioPath":"/Mock/05.ICT/Female/New/ckmk_a_ict_f_n_229153.wav"}}}