{"version":"1.0","dataSet":{"info":{"date":"20230116","occupation":"ICT","channel":"MOCK","place":"ONLINE","gender":"FEMALE","ageRange":"35-44","experience":"NEW"},"question":{"raw":{"text":"살면서 다양한 커뮤니케이션을 경험해 보셨을 텐데 그중에서 가장 어려웠던 경험 한 가지를 꼽자면 그것은 무엇이었나요","wordCount":15},"emotion":[],"intent":[]},"answer":{"raw":{"text":"네 제가 이때까지 겪어본 커뮤니케이션 경험 중 가장 어려웠던 경험이 한 가지 있습니다. 이것은 바로 양측의 대화가 오가는 것이 아니라 일방적으로 한 사람이 대화를 하는 것이었습니다. 커뮤니케이션을 할 때는 서로 경청을 하면서 서로의 말에 집중을 해야 하는데 그 당시에 이제 그 분은 자기 할 말만을 하고 다른 사람의 입장은 전혀 개의치 않고 자기 할 말만은 하였습니다. 그렇기 때문에 커뮤니케이션이 안 되었지만 저는 그 경험에 있어서 그 일방적으로 대하시는 그분의 입장에서 노력하라고 하였었고 그분의 심정에서 최대한 경청하고 최대한 받아들이면서 커뮤니케이션을 하였던 경험이 있는데 사실 조금 어려운 경험이었습니다. 이 경험을 통해서 커뮤니케이션에 있어서 경청이 얼마나 중요한 것임을 알게 되었습니다.","wordCount":97},"emotion":[],"intent":[{"text":"","expression":"","category":"attitude"}],"summary":{"text":"커뮤니케이션을 할 때는 서로 경청하면서 서로의 말에 집중을 해야 하는데 일방적인 한 사람이 대화를 하는 것이었습니다. 이 경험을 통해서 커뮤니케이션에 있어서 경청이 얼마나 중요한 것인지 알게 되었습니다.","wordCount":27}}},"rawDataInfo":{"question":{"fileFormat":"wav","fileSize":317838,"duration":9930,"samplingBit":16,"channelCount":1,"samplingRate":"16kHz","audioPath":"/Mock/05.ICT/Female/New/ckmk_q_ict_f_n_175205.wav"},"answer":{"fileFormat":"wav","fileSize":2588878,"duration":80900,"samplingBit":16,"channelCount":1,"samplingRate":"16kHz","audioPath":"/Mock/05.ICT/Female/New/ckmk_a_ict_f_n_175205.wav"}}}