{"version":"1.0","dataSet":{"info":{"date":"20230116","occupation":"ICT","channel":"MOCK","place":"ONLINE","gender":"FEMALE","ageRange":"55-","experience":"NEW"},"question":{"raw":{"text":"어 일을 하면서 가장 어려울 것으로 예상이 되는 문제는 어떤 것이인가요 그리고 그것을 통해서 어떻게 대처를 할 거라고 예상을 하시나요","wordCount":20},"emotion":[],"intent":[]},"answer":{"raw":{"text":"일을 시작하면서 맞이하게 될 첫 번째 난관은 바로 업무 파악이라고 생각이 됩니다. 어떻게 하면 정확하고 빠르게 업무를 파악할 것인지가 관건이 될 텐데요. 그렇기 때문에 어 저와 관련된 업무를 도와줄 사수를 어 자세히 관찰하고 또 열심히 배우고 따르도록 하겠습니다. 새로운 업무를 파악할 때는 어 그 업무를 먼저 해봤던 분들 그리고 동료들 함께 협력하면 된다고 생각이 되고요. 두 번째 난관이 바로 인간관계라고 많이들 이야기하는데요. 이렇게 배우는 과정을 통해서 서로의 관계도 더 좋아지고 돈독해질 거라고 생각이 됩니다. 겸손한 자세로 배우도록 하겠습니다.","wordCount":78},"emotion":[],"intent":[{"text":"","expression":"","category":"attitude"}],"summary":{"text":"일을 하면서 첫 번째 난관은 업무를 파악하는 것이며, 두 번째는 인간관계 입니다. 배우는 과정을 통해서 서로의 관계도 더 좋아지고 돈독해질 거라고 생각합니다. 겸손한 자세로 배우도록 하겠습니다.","wordCount":26}}},"rawDataInfo":{"question":{"fileFormat":"wav","fileSize":403278,"duration":12600,"samplingBit":16,"channelCount":1,"samplingRate":"16kHz","audioPath":"/Mock/05.ICT/Female/New/ckmk_q_ict_f_n_248049.wav"},"answer":{"fileFormat":"wav","fileSize":1785358,"duration":55790,"samplingBit":16,"channelCount":1,"samplingRate":"16kHz","audioPath":"/Mock/05.ICT/Female/New/ckmk_a_ict_f_n_248049.wav"}}}