{"version":"1.0","dataSet":{"info":{"date":"20230116","occupation":"ICT","channel":"MOCK","place":"ONLINE","gender":"FEMALE","ageRange":"35-44","experience":"NEW"},"question":{"raw":{"text":"지원자님의 인생 속에서 가장 후회되는 일이 있었나요 있었다면 어떤 일이었는지 한 가지만 꼽아서 자세하게 말씀해 주시기 바랍니다","wordCount":17},"emotion":[],"intent":[]},"answer":{"raw":{"text":"지금까지 인생을 살면서 가장 후회되는 일이 있다면 어 한 가지만 이야기를 하자면 다른 삶 어 사람들 가까운 사람들과의 관계 속에서 그 사람들 자체를 바꾸려고 했던 것을 후회를 많이 하 하였습니다. 그 사람이 가지고 있는 어 모습 자체를 인정을 하지 못하고 그 사람의 생각이나 또 그 사람의 감정 또 그 사람이 판단하는 것들을 어 존중을 하지 못하고 제 모습이나 제가 주장하는 바를 그 사람에게 관찰시키려고 하다 보니 어 그 사 상대방과 어 심리적으로 거리가 생기고 또 그것들이 상처가 되어서 많이 남아서 어 다른 그 후에 관계에서도 많은 부정적인 영향을 주게 되었습니다. 그래서 그 이후에 배웠던 점은 그 사람 자체로 하는 모습 자체를 인정을 하고 어 제가 도와줄 수 있는 부분들을 어떻게 하면 도와줄 수 있을지 어 도와주었고 어 그 사람이 힘든 상황이 있는지 그런 모습에 대해서 생각을 해보고 어 기분이 좋을 때 기분 좋게 이야기하는 모습으로 제 자신을 바꿨습니다.","wordCount":138},"emotion":[],"intent":[{"text":"","expression":"","category":"attitude"}],"summary":{"text":"지금까지 인생에서 가장 후회되는 일은 가까운 사람들과의 관계 속에서 그 사람 자체를 바꾸려고 했던 것을 후회를 많이 하였습니다. 그 사람이 가진 모습을 인정하지 못하고 제 모습이나 주장을 관찰시키려고 하다 보니 상대방과 심리적으로 거리가 생기고 상처도 많이 남았기 때문입니다.","wordCount":38}}},"rawDataInfo":{"question":{"fileFormat":"wav","fileSize":561998,"duration":17560,"samplingBit":16,"channelCount":1,"samplingRate":"16kHz","audioPath":"/Mock/05.ICT/Female/New/ckmk_q_ict_f_n_223443.wav"},"answer":{"fileFormat":"wav","fileSize":2832718,"duration":88520,"samplingBit":16,"channelCount":1,"samplingRate":"16kHz","audioPath":"/Mock/05.ICT/Female/New/ckmk_a_ict_f_n_223443.wav"}}}