{"version":"1.0","dataSet":{"info":{"date":"20230116","occupation":"ICT","channel":"MOCK","place":"ONLINE","gender":"FEMALE","ageRange":"-34","experience":"NEW"},"question":{"raw":{"text":"살면서 가장 힘들었던 경험은 무엇인가요 그리고 그것을 극복하기 위해서는 어떤 노력들을 했나요","wordCount":12},"emotion":[],"intent":[]},"answer":{"raw":{"text":"어 제가 살면서 가장 힘들었던 점은 어 제가 목표한 거를 해내지 못했을 때 겪었던 좌절감이 저는 가장 힘들었던 것 같습니다. 이제 그 좌절감과 자책을 이기고 다음 단계로 나아갈 수 있어야 하는데 어 사람 마음이 그렇게 쉽게 되지 않더라고요. 그래서 그 좌절감과 자책을 극복하는 과정이 굉장히 힘들었습니다. 음 이 극복하기 위해 어떤 노력을 했냐면 어 마인드 컨트롤 같은 건데요. 어쨌든 이 결과를 맞이한 것도 잘 해내기 위해서 다음에 더 잘 하기 위해서 가지게 된 단계다 라고 생각을 하고 다음 단계를 향해 나아가야 한다는 생각을 하면서 극복을 했던 것 같습니다.","wordCount":88},"emotion":[],"intent":[{"text":"","expression":"","category":"attitude"}],"summary":{"text":"목표한 것을 해내지 못했을 때의 좌절감과 자책을 극복하는 것이 굉장히 힘들었습니다. 극복하기 위해 마인드 컨트롤을 했었는데, 다음 단계로 나아가야 한다는 생각을 하면서 극복했던 것 같습니다.","wordCount":25}}},"rawDataInfo":{"question":{"fileFormat":"wav","fileSize":294478,"duration":9200,"samplingBit":16,"channelCount":1,"samplingRate":"16kHz","audioPath":"/Mock/05.ICT/Female/New/ckmk_q_ict_f_n_204736.wav"},"answer":{"fileFormat":"wav","fileSize":1746958,"duration":54590,"samplingBit":16,"channelCount":1,"samplingRate":"16kHz","audioPath":"/Mock/05.ICT/Female/New/ckmk_a_ict_f_n_204736.wav"}}}