{"version":"1.0","dataSet":{"info":{"date":"20230116","occupation":"ICT","channel":"MOCK","place":"ONLINE","gender":"FEMALE","ageRange":"-34","experience":"NEW"},"question":{"raw":{"text":"지원자님께서는 태어나서 지금까지 한 일들 가운데 가장 후회했던 일이 무엇인지 궁금합니다 한 가지만 골라서 말씀해 주세요","wordCount":16},"emotion":[],"intent":[]},"answer":{"raw":{"text":"태어나서 지금까지 한 일 중에 가장 후회했던 것은 대학교 일 학년 때 열심히 놀아보지 않은 것이 후회됩니다. 그래서 대학교 일 학년 때 차라리 열심히 놀아봤다면 대학교 삼 학년 사 학년 때 어 열심히 더 공부를 했을 것 같은데 어 열심히 놀지도 않고 열심히 공부도 하지 않아서 뭔가 흐지부지한 대학 생활을 보낸 것이 좀 많이 후회가 되는 것 같습니다. 그래서 대학생 일 학년 때 뭐 남들 다 하는 그렇게 놀아보지 못한 게 조금 후회가 되고 에고 대학교 삼 사 학년 때 제 진로를 찾고자 적극적으로 노력하지 않은 점을 후회하는 편입니다.","wordCount":89},"emotion":[],"intent":[{"text":"","expression":"","category":"attitude"}],"summary":{"text":"대학교 일 학년 때는 열심히 놀아보지 않은 것이 후회되고 대학교 삼 사 학년 때는 제 진로를 찾고자 적극적으로 노력하지 않은 점을 후회하는 편입니다.","wordCount":23}}},"rawDataInfo":{"question":{"fileFormat":"wav","fileSize":431438,"duration":13480,"samplingBit":16,"channelCount":1,"samplingRate":"16kHz","audioPath":"/Mock/05.ICT/Female/New/ckmk_q_ict_f_n_178111.wav"},"answer":{"fileFormat":"wav","fileSize":1360078,"duration":42500,"samplingBit":16,"channelCount":1,"samplingRate":"16kHz","audioPath":"/Mock/05.ICT/Female/New/ckmk_a_ict_f_n_178111.wav"}}}