{"version":"1.0","dataSet":{"info":{"date":"20230116","occupation":"ICT","channel":"MOCK","place":"ONLINE","gender":"FEMALE","ageRange":"35-44","experience":"NEW"},"question":{"raw":{"text":"직무 수행시 난관에 봉착했다면 어떻게 해결하실 건가요 지원자님의 해결법과 이유를 함께 말씀해 주시길 바랍니다","wordCount":14},"emotion":[],"intent":[]},"answer":{"raw":{"text":"직무 수행이 항상 수월하게만 이루어지는 것은 아닙니다. 난관에 봉착하기도 하는데요. 그럴 경우 어떤 문제가 있는지 우선 살펴보겠습니다. 그리고 어디서부터 잘못돼서 이런 결과가 있는지 확인한 후에 잘못된 부분부터 다시 시작해 보겠습니다. 그리고 저 혼자 아니면 저희 팀원들과 해결하려고 해도 만약 그 일이 해결되지 않는다면 선배나 직장 상사에게 조언을 구하고 방향을 다시 설정해 보겠습니다. 그렇게 하는 것이 일을 빨리 처리할 수 있고 시행착오를 줄일 수 있는 방법이라고 생각합니다.","wordCount":66},"emotion":[],"intent":[{"text":"","expression":"","category":"attitude"}],"summary":{"text":"직무 수행의 난관에 봉착했을 때 문제 파악 후 바로잡고, 문제가 있는 부분부터 다시 시작해 보겠습니다. 만약 일이 해결되지 않는다면 상사에게 조언을 구하며 방향을 다시 설정하겠습니다.","wordCount":25}}},"rawDataInfo":{"question":{"fileFormat":"wav","fileSize":397198,"duration":12410,"samplingBit":16,"channelCount":1,"samplingRate":"16kHz","audioPath":"/Mock/05.ICT/Female/New/ckmk_q_ict_f_n_242076.wav"},"answer":{"fileFormat":"wav","fileSize":1627278,"duration":50850,"samplingBit":16,"channelCount":1,"samplingRate":"16kHz","audioPath":"/Mock/05.ICT/Female/New/ckmk_a_ict_f_n_242076.wav"}}}