{"version":"1.0","dataSet":{"info":{"date":"20230116","occupation":"ICT","channel":"MOCK","place":"ONLINE","gender":"FEMALE","ageRange":"35-44","experience":"NEW"},"question":{"raw":{"text":"에이치더블유 에스더블유 이해에 관한 실무 능력을 갖추기 위해서 평소에 노력했던 경험이 있다면 어떤 경험인지 말씀해 주세요","wordCount":16},"emotion":[],"intent":[]},"answer":{"raw":{"text":"먼저는 이제 취업을 하신 선배분들께 어떤 식으로 실무를 진행하시는지 많이 여쭤보기도 했고 또 실무와 관련된 프로젝트를 해보면서 실제로 어떤 툴들을 많이 쓰시는지 태블로나 이제 구글 데이터 스튜디오와 같은 데이터 시각화 어 앱을 많이 써보고자도 했고요. 이제 에스큐엘이나 데이터베이스의 이 데이터를 저장하고 데이터를 조회하기 위한 에스큐엘 문도 공부를 개별적으로 하면서 어 실무 능력을 갖추기 위해 노력한 편입니다.","wordCount":56},"emotion":[],"intent":[{"text":"이제 에스큐엘이나 데이터베이스의 이 데이터를 저장하고 데이터를 조회하기 위한 에스큐엘 문도 공부를 개별적으로 하면서 어 실무 능력을 갖추기 위해 노력한 편입니다.","expression":"i_hwsw_prfi","category":"attitude"}],"summary":{"text":"실무와 관련된 프로젝트를 해보면서 데이터 시각화 어 앱을 많이 써보고자고, 에스큐엘이나 데이터베이스의 실무 능력을 갖추기 위해 노력한 편입니다.","wordCount":18}}},"rawDataInfo":{"question":{"fileFormat":"wav","fileSize":393998,"duration":12310,"samplingBit":16,"channelCount":1,"samplingRate":"16kHz","audioPath":"/Mock/05.ICT/Female/New/ckmk_q_ict_f_n_204840.wav"},"answer":{"fileFormat":"wav","fileSize":1214798,"duration":37960,"samplingBit":16,"channelCount":1,"samplingRate":"16kHz","audioPath":"/Mock/05.ICT/Female/New/ckmk_a_ict_f_n_204840.wav"}}}