{"version":"1.0","dataSet":{"info":{"date":"20230116","occupation":"ICT","channel":"MOCK","place":"ONLINE","gender":"FEMALE","ageRange":"55-","experience":"NEW"},"question":{"raw":{"text":"직무 지식 역량 태도 이 세 가지 요소 중 본인이 가장 중요하다고 생각하는 것과 그 이유를 함께 말씀해 주시기 바랍니다","wordCount":20},"emotion":[],"intent":[]},"answer":{"raw":{"text":"주어진 업무를 진행하는 데 있어서는 역량이 가장 큰 요소라고 생각할 수 있겠는데요. 직무 지식이나 역량 이런 것들은 어 스스로 더 역량을 향상시키기 위해서 또는 직무 지식에 관한 것들을 더 배우면서 익혀 나갈 수 있다고 생각이 되는데요. 태도의 경우에는 사실은 그 사람의 태어난 태어나서부터 지금까지 살아온 배경 그리고 일을 대하는 어 습관 이런 것들이 함께 어우러진 것이기 때문에 그 부분이 가장 중요하다고 생각이 됩니다. 업무를 대하는 태도 또는 관계를 사람과의 관계를 대하는 태도 이런 것들이 함께 어 좋은 태도를 가졌을 때 업무를 함께 해 나갈 수 있고 또 일을 계속해 나갈 수 있으리라고 생각이 됩니다.","wordCount":94},"emotion":[],"intent":[{"text":"","expression":"","category":"attitude"}],"summary":{"text":"주어진 업무를 진행하는 데 있어서 역량이 가장 큰 요소입니다. 업무를 대하는 태도 또는 관계를 대하는 태도 이런 것들이 함께 좋은 태도를 가졌을 때 업무를 함께 해 나갈 수 있고 일을 계속해 나갈 수 있으리라 생각합니다.","wordCount":35}}},"rawDataInfo":{"question":{"fileFormat":"wav","fileSize":367118,"duration":11470,"samplingBit":16,"channelCount":1,"samplingRate":"16kHz","audioPath":"/Mock/05.ICT/Female/New/ckmk_q_ict_f_n_248052.wav"},"answer":{"fileFormat":"wav","fileSize":2021838,"duration":63180,"samplingBit":16,"channelCount":1,"samplingRate":"16kHz","audioPath":"/Mock/05.ICT/Female/New/ckmk_a_ict_f_n_248052.wav"}}}