{"version":"1.0","dataSet":{"info":{"date":"20230116","occupation":"ICT","channel":"MOCK","place":"ONLINE","gender":"FEMALE","ageRange":"35-44","experience":"NEW"},"question":{"raw":{"text":"본인의 장점과 단점을 설명해 주시구요 그것을 특화시키고 극복하기 위해서 그동안 개인적으로 해 오셨던 노력도 말씀 부탁드립니다","wordCount":16},"emotion":[],"intent":[]},"answer":{"raw":{"text":"제가 굉장히 어렸을 때는 좀 시간 관리를 잘 못 했었다 라는 단점들이 있습니다. 예를 들면은 급박하게 해야 되는 그런 팀 프로젝트들이 있었다 라면 저는 여러 가지 일들을 한꺼번에 해야 되는 그런 멀티 테스트 능력이 조금 부족해서 어디서부터 일을 처리해야 될지 조금 업무들이 엉키는 그런 경우들이 있었는데요. 스스로 생각했을 때 이런 점이 나의 업무의 약점이라고 생각이 들어서 저는 이를 해결하기 위해서 최대한 캘린더를 사용하고 항상 나의 스케줄 관리를 하면서 일정이 어긋나는 일들이 없도록 철저하게 관리 중에 있습니다. 그리고 제 업무 강점 중의 하나는 변화에 적응력이 빠르 빠르다 라는 점인데요. 어 이런 점을 통해서 저 같은 경우는 새로운 기술들이 나오거나 새로운 어떤 트렌드들이 있다 라면 제가 하는 업무에 해당 부분이 적용될 수 있도록 그 누구보다 빠르게 어떻게 하면 내 것으로 만들 수 있을까 어떻게 하면 이런 트렌드를 따라갈 수 있을까 해당 부분에 대해서 집에 가서도 좀 많이 고민해 보고 또 업무 시간 적에도 업무를 할 때에도 좀 많이 고민해보는 편입니다.","wordCount":148},"emotion":[],"intent":[{"text":"","expression":"","category":"attitude"}],"summary":{"text":"팀 프로젝트가 급박하다면 멀티 테스트 능력이 부족하여 업무가 엉키는 경우가 있었습니다. 이를 해결하기 위해 캘린더를 사용하고 저의 스케줄 관리를 하면서 일정이 어긋나는 일들이 없도록 관리 중에 있습니다. 그리고 변화에 대한 적응력이 빨라서 새로운 기술들이 나온다면 업무에 해당 부분이 적용될 수 있도록 고민하고 고민합니다.","wordCount":43}}},"rawDataInfo":{"question":{"fileFormat":"wav","fileSize":614478,"duration":19200,"samplingBit":16,"channelCount":1,"samplingRate":"16kHz","audioPath":"/Mock/05.ICT/Female/New/ckmk_q_ict_f_n_195398.wav"},"answer":{"fileFormat":"wav","fileSize":2699598,"duration":84360,"samplingBit":16,"channelCount":1,"samplingRate":"16kHz","audioPath":"/Mock/05.ICT/Female/New/ckmk_a_ict_f_n_195398.wav"}}}