{"version":"1.0","dataSet":{"info":{"date":"20230116","occupation":"ICT","channel":"MOCK","place":"ONLINE","gender":"FEMALE","ageRange":"-34","experience":"NEW"},"question":{"raw":{"text":"지원자님께서는 왜 이 분야에 관심을 가지게 되셨나요 그리고 왜 지원을 하시게 됐는지 지원 동기를 말씀해 주시길 바랍니다 관심을 가진 이유와 지원 동기를 말씀해 주세요","wordCount":24},"emotion":[],"intent":[]},"answer":{"raw":{"text":"어 제가 이 분야에 관심을 가지게 된 이유는 음 아무래도 어 초 대학교 사 학년 때 이제 연구실에서 인턴을 했었는데요. 그때 선배분들이 머신 러닝 기법을 사용하시는 게 굉장히 인상적이었습니다. 어 주파수 연구를 하는 연구 연구실이었는데 거기에서 그 머신 러닝 기법을 사용을 하시더라구요. 거기에서 이제 관심을 가져서 머신 러닝을 활용을 하는 데이터 분야에 관심을 가지게 되었고 이 데이터 분야에 관심을 가지면서 데이터 에널리스 쪽으로 진로를 생각하게 된 것 같습니다.","wordCount":68},"emotion":[],"intent":[{"text":"","expression":"","category":"attitude"}],"summary":{"text":"초 대학교 때 연구실에서 머신 러닝 기법을 사용하시는 선배분들이 계신데 거기서 관심을 가져서 데이터 분야에 관심을 가지면서 데이터 에널리스 쪽으로 진로를 생각하게 되었습니다.","wordCount":23}}},"rawDataInfo":{"question":{"fileFormat":"wav","fileSize":539598,"duration":16860,"samplingBit":16,"channelCount":1,"samplingRate":"16kHz","audioPath":"/Mock/05.ICT/Female/New/ckmk_q_ict_f_n_204739.wav"},"answer":{"fileFormat":"wav","fileSize":1390478,"duration":43450,"samplingBit":16,"channelCount":1,"samplingRate":"16kHz","audioPath":"/Mock/05.ICT/Female/New/ckmk_a_ict_f_n_204739.wav"}}}