{"version":"1.0","dataSet":{"info":{"date":"20230116","occupation":"ICT","channel":"MOCK","place":"ONLINE","gender":"FEMALE","ageRange":"-34","experience":"NEW"},"question":{"raw":{"text":"지원자분은 독커에 관해서 알고 계십니까 알고 계신다면 독커에 관해 간략한 설명과 왜 썼는지 말씀해 주시기 바랍니다 또한 본인이 생각했을 때 아이티 기술들 중 가장 주목받는 기술 한 가지를 더 말씀해 주시기 바랍니다","wordCount":32},"emotion":[],"intent":[]},"answer":{"raw":{"text":"네 저는 도커 프로그램이 도커 프로그램을 사용한 적이 있는데요. 아 이때 제가 그 메타 데이터 스튜디오 데이터 스튜디오를 이용하기 위해서 네트워크를 사용했던 것 같습니다. 음 도커라는 게 처음에 깔면서 오류가 굉장히 많이 났어서 그 점을 제외하고는 정말 강력한 프로그램이라고 생각을 했고 또 추후에 사용할 일이 있다면은 또 사용을 해보고 싶다고 싶은 생각이 들었습니다. 아 그 처음에 컨설 창에 그림을 띄우는 거를 처음으로 이제 시작을 연습을 했었는데 너무 재미있더라구요.","wordCount":68},"emotion":[{"text":"네 저는 도커 프로그램이 도커 프로그램을 사용한 적이 있는데요.","expression":"u-fact","category":"neutral"}],"intent":[{"text":"음 도커라는 게 처음에 깔면서 오류가 굉장히 많이 났어서 그 점을 제외하고는 정말 강력한 프로그램이라고 생각을 했고 또   추후에 사용할 일이 있다면은 또 사용을 해보고 싶다고 싶은 생각이 들었습니다.","expression":"i_hwsw_prfi","category":"attitude"}],"summary":{"text":"도커 프로그램은 제가 메타 데이터 스튜디오 데이터 스튜디오를 이용하기 위해 사용한 적이 있습니다. 컨설 창에 그림을 띄우는 것을 처음으로 시작을 했었는데 너무 재미있었습니다.","wordCount":23}}},"rawDataInfo":{"question":{"fileFormat":"wav","fileSize":574798,"duration":17960,"samplingBit":16,"channelCount":1,"samplingRate":"16kHz","audioPath":"/Mock/05.ICT/Female/New/ckmk_q_ict_f_n_197274.wav"},"answer":{"fileFormat":"wav","fileSize":1528398,"duration":47760,"samplingBit":16,"channelCount":1,"samplingRate":"16kHz","audioPath":"/Mock/05.ICT/Female/New/ckmk_a_ict_f_n_197274.wav"}}}