{"version":"1.0","dataSet":{"info":{"date":"20230116","occupation":"ICT","channel":"MOCK","place":"ONLINE","gender":"FEMALE","ageRange":"-34","experience":"NEW"},"question":{"raw":{"text":"혹시 전공 외에 본인이 수준급의 실력이 될 정도로 노력한 것이 있다면 그것이 전공과 관련해서 어떤 도움을 주고 있는지 말씀해 주시겠어요","wordCount":20},"emotion":[],"intent":[]},"answer":{"raw":{"text":"저의 학과는 컴퓨터 공학과 인데요. 제가 전공 외에 수준급이 실력이 될 정도로 노력한 것이 있다면 그건 바로 영어라는 언어일 것입니다. 제가 영어를 시작하게 된 계기는 이러 합니다. 어렸을 적에 오빠가 영어를 배우는 것을 보고 저도 배우고 싶다는 생각이 들어서 부모님께 말씀을 드려서 영어 공부를 시작하게 되었는데요. 처음에는 그저 생소하기만 했던 단어들이 시간이 지나면서 어떤 뜻인지 이해가 가고 모르는 단어가 들어가 있는 문장을 봐도 뜻은 잘 몰라도 그 문장 자체를 읽어낼 수 있다는 것이 굉장히 신기하였습니다. 그리고 유학을 가서는 현지인들과 현지인들 수준에 맞는 소통을 하려고 노력을 하다 보니 영어 공부를 자연스럽게 깊게 하게 되었고 또 한 번 그렇게 하다 보니 끝없는 욕심이 생겨서 영어를 현지인 수준으로 구사하고 싶다는 마음에 더 열심히 영어 공부를 하게 되었었습니다. 그 결과 토익에서 팔백 구십 오 점 이라는 고점을 받을 수 있었습니다. 제가 전공한 컴퓨터 공학과는 주로 코드를 작성할 때 영어를 사용하는 학과인데요. 그렇기 때문에 코드를 기억하기가 조금 더 쉬웠던 것 같습니다. 코드 자체도 사실 한국어로 바꿔서 생각을 해봤을 때 관련된 단어들을 코드로 만든 게 많습니다. 그래서 저는 프로그래밍 언어를 이해하거나 기억을 할 때 조금 더 수월하지 않았나 싶습니다.","wordCount":173},"emotion":[{"text":"저의 학과는 컴퓨터 공학과 인데요.","expression":"u-fact","category":"neutral"},{"text":"처음에는 그저 생소하기만 했던 단어들이 시간이 지나면서 어떤 뜻인지 이해가 가고 모르는 단어가 들어가 있는 문장을 봐도 뜻은 잘 몰라도 그 문장 자체를 읽어낼 수 있다는 것이 굉장히 신기하였습니다.","expression":"p-interest","category":"positive"},{"text":"제가 전공한 컴퓨터 공학과는 주로 코드를 작성할 때 영어를 사용하는 학과인데요.","expression":"u-fact","category":"neutral"}],"intent":[{"text":"","expression":"","category":"attitude"}],"summary":{"text":"컴퓨터 공학 전공인 저는 어릴적부터 영어를 배우며 자연스럽게 영어를 현지인 수준으로 구사하고 싶다는 마음을 가졌고 그 결과 토익에서 고점을 받을 수 있었습니다. 전공인 컴퓨터 공학과는 주로 코드를 작성할 때 영어를 사용하는 학과이기 때문에 코드를 기억하기 쉬웠던 것 같습니다. 그래서 프로그래밍 언어를 이해하거나 기억을 할 때 조금 더 수월하지 않았나 싶습니다.","wordCount":50}}},"rawDataInfo":{"question":{"fileFormat":"wav","fileSize":355918,"duration":11120,"samplingBit":16,"channelCount":1,"samplingRate":"16kHz","audioPath":"/Mock/05.ICT/Female/New/ckmk_q_ict_f_n_230502.wav"},"answer":{"fileFormat":"wav","fileSize":3383118,"duration":105720,"samplingBit":16,"channelCount":1,"samplingRate":"16kHz","audioPath":"/Mock/05.ICT/Female/New/ckmk_a_ict_f_n_230502.wav"}}}