{"version":"1.0","dataSet":{"info":{"date":"20230116","occupation":"ICT","channel":"MOCK","place":"ONLINE","gender":"FEMALE","ageRange":"-34","experience":"NEW"},"question":{"raw":{"text":"자 우리가 지금 뭐 핸드폰을 생산을 하게 될 경우에 이제 코드 넘버가 있습니다 시리얼 넘버도 있고 온갖 뭐 큐알 코드부터 해서 뭐 여러 가지 넘버가 있는데 그런 좋은 코드는 어떤 거라고 생각이 됩니까","wordCount":33},"emotion":[],"intent":[]},"answer":{"raw":{"text":"제 생각에 좋은 코드는 다른 분들이 보기 쉬운 코드라고 생각을 합니다. 또 정확한 기능이 구현되어 있는 코드가 좋은 코드라고 생각합니다. 아무래도 이제 카피 코딩을 요즘 많이 하시는 추세이신데 어 그 카피 코딩을 하시면서 음 많은 분들이 이 코드가 어떤 의미인지를 알고 또 어떤 기능인지 알아야 그 카피한 코드가 의미가 있다고 생각이 됩니다. 그래도 그렇게 여러분들께 응용이 되는 그런 코드가 저는 또 유의미한 코드라고 생각이 되어서 최대한 따른 분들이 알아 보기 쉬운 코드 또 그 사용자가 원하는 기능이 있는 코드가 저는 좋은 코드라고 생각을 합니다.","wordCount":84},"emotion":[],"intent":[{"text":"","expression":"","category":"attitude"}],"summary":{"text":"좋은 코드는 다른 사람들이 보기 쉬운 코드, 정확한 기능이 구현된 코드, 카피 코딩을 할때의 의미와 기능을 알고 응용을 할 수 있는 코드가 좋은 코드입니다.","wordCount":24}}},"rawDataInfo":{"question":{"fileFormat":"wav","fileSize":506318,"duration":15820,"samplingBit":16,"channelCount":1,"samplingRate":"16kHz","audioPath":"/Mock/05.ICT/Female/New/ckmk_q_ict_f_n_185034.wav"},"answer":{"fileFormat":"wav","fileSize":2031438,"duration":63480,"samplingBit":16,"channelCount":1,"samplingRate":"16kHz","audioPath":"/Mock/05.ICT/Female/New/ckmk_a_ict_f_n_185034.wav"}}}