{"version":"1.0","dataSet":{"info":{"date":"20230116","occupation":"ICT","channel":"MOCK","place":"ONLINE","gender":"FEMALE","ageRange":"35-44","experience":"NEW"},"question":{"raw":{"text":"네 몇 년 전 우버 택시와 관련된 그 논란이 있었던 걸로 알고 계실 텐데요 어 그런 상황에 대해서 지원자님께서는 어떻게 생각하시는지 그 찬반 양론에 대해서 한번 말씀해 주시겠습니까","wordCount":28},"emotion":[],"intent":[]},"answer":{"raw":{"text":"최근에 와서 굉장히 대두되고 있는 화제 중의 하나가 택시인데요. 저 역시도 대도시에 살고 있기 때문에 심야 택시 대란에 굉장히 불편함을 많이 겪은 시민 중의 한 명입니다. 굉장히 늦은 시간에 비싼 요금을 불러도 실제로는 콜이 잡히지 않아서 택시가 잡히지 않아서 굉장히 발을 동동 굴렸던 그런 곤란한 경험들이 몇 번 있었는데요. 그 당시 느꼈던 감정들은 내가 돈은 굉장히 많이 주겠다는데도 왜 택시가 없을까 왜 택시 기사가 없을까 그리고 해외에는 우버 택시라는 게 있는데 우리나라에서는 왜 우버 택시가 잘 운행이 안 된 걸까 좀 그런 근본적인 부분에 대한 의문이 있었습니다. 그래서 요즘과 같을 때에는 음 만약에 택시 기사가 많이 없다 라면 택시 기사 대신으로 활용할 수 있는 우버 택시가 있었으면은 지금과 같은 불편함은 없지 않았을까 라는 생각이 들었고 좀 이러한 부분에 있어서는 우리가 규제 정책이 풀렸으면 좋겠다 라는 그런 생각들을 한번 해보았습니다.","wordCount":129},"emotion":[],"intent":[{"text":"","expression":"","category":"attitude"}],"summary":{"text":"최근에 대두되고 있는 화제 중의 하나가 택시입니다. 저는 대도시에 살고 있기 때문에 심야 택시 대란에 굉장히 불편함을 많이 겪은 시민 중의 한 명입니다. 우버 택시가 우리나라에서는 잘 운행이 안 된 이유에 대해서는 규제 정책이 풀렸으면 좋겠다는 생각을 해 보았습니다.","wordCount":39}}},"rawDataInfo":{"question":{"fileFormat":"wav","fileSize":590798,"duration":18460,"samplingBit":16,"channelCount":1,"samplingRate":"16kHz","audioPath":"/Mock/05.ICT/Female/New/ckmk_q_ict_f_n_195402.wav"},"answer":{"fileFormat":"wav","fileSize":2581198,"duration":80660,"samplingBit":16,"channelCount":1,"samplingRate":"16kHz","audioPath":"/Mock/05.ICT/Female/New/ckmk_a_ict_f_n_195402.wav"}}}