{"version":"1.0","dataSet":{"info":{"date":"20230116","occupation":"ICT","channel":"MOCK","place":"ONLINE","gender":"FEMALE","ageRange":"-34","experience":"NEW"},"question":{"raw":{"text":"그동안 진행했던 프로젝트들 가운데 가장 기억에 남는 프로젝트가 있다면 어떤 점에서 가장 기억에 남는지 그 이유를 설명해 주세요","wordCount":18},"emotion":[],"intent":[]},"answer":{"raw":{"text":"어 저는 이번에 진행한 아이트럭 프로젝트가 굉장히 기억에 남는데요. 먼저 음 화물차 시장 같은 경우는 아예 처음 접해보는 분야였기 때문에 기억 남는 것도 있고 또 제가 하면서 저의 부족한 역량을 굉장히 여실히 깨닫고 또 다른 부문 팀원 분들에 실력을 보면서 아 저런 식에 저런 저 정도의 실력은 갖춰야 이 프로젝트를 유용하게 진행할 수 있거나 하는 실감하는 계기가 되었기 때문에 저는 이번 아이트로 프로젝트는 굉장히 제가 배울 점도 많고 또 기억에 남는 프로젝트였습니다. 또 전혀 모르는 분야에 대해 데이터 셋을 어떻게 읽고 또 자료 수집을 하면서 그 데이터 셋 자체를 예해야 하는지 그런 태도를 많이 배웠습니다.","wordCount":95},"emotion":[],"intent":[{"text":"","expression":"","category":"attitude"}],"summary":{"text":"이번 아이트럭 프로젝트는 처음 해보는 분야였기 때문에 기억 남고, 팀원들의 실력을 보며 아 저 정도의 실력은 갖춰야 프로젝트를 유용하게 진행할 수 있다는 것을 절감했습니다. 전혀 모르는 분야에 대해 데이터 셋을 읽는 태도를 배웠습니다.","wordCount":33}}},"rawDataInfo":{"question":{"fileFormat":"wav","fileSize":455118,"duration":14220,"samplingBit":16,"channelCount":1,"samplingRate":"16kHz","audioPath":"/Mock/05.ICT/Female/New/ckmk_q_ict_f_n_178221.wav"},"answer":{"fileFormat":"wav","fileSize":1687118,"duration":52720,"samplingBit":16,"channelCount":1,"samplingRate":"16kHz","audioPath":"/Mock/05.ICT/Female/New/ckmk_a_ict_f_n_178221.wav"}}}