{"version":"1.0","dataSet":{"info":{"date":"20230116","occupation":"ICT","channel":"MOCK","place":"ONLINE","gender":"FEMALE","ageRange":"-34","experience":"NEW"},"question":{"raw":{"text":"지원자님께서 본인이 현재 가지고 있는 위치보다 더 어려운 목표를 달성하셨다면 그 경험에 대하여 말씀해 주세요","wordCount":15},"emotion":[],"intent":[]},"answer":{"raw":{"text":"죄송합니다 따로 생각이 나지 않습니다. 하지만 제가 도전을 좋아해서 제가 가지고 있는 위치보다 어려운 목표에 도전하게 된다면 너무 설레고 기대될 것 같습니다. 정말 적극적으로 최선을 다해서 할 자신이 있다고 생각합니다.","wordCount":30},"emotion":[{"text":"하지만 제가 도전을 좋아해서 제가 가지고 있는 위치보다 어려운 목표에 도전하게 된다면 너무 설레고 기대될 것 같습니다.","expression":"p-interest","category":"positive"}],"intent":[{"text":"","expression":"","category":"attitude"}],"summary":{"text":"어려운 목표에 도전하게 된다면 설레고 기대될 것 같습니다. 적극적으로 최선을 다해서 할 자신이 있다고 생각합니다. 적극적 도전의 자신있습니다.","wordCount":18}}},"rawDataInfo":{"question":{"fileFormat":"wav","fileSize":497678,"duration":15550,"samplingBit":16,"channelCount":1,"samplingRate":"16kHz","audioPath":"/Mock/05.ICT/Female/New/ckmk_q_ict_f_n_150239.wav"},"answer":{"fileFormat":"wav","fileSize":672078,"duration":21000,"samplingBit":16,"channelCount":1,"samplingRate":"16kHz","audioPath":"/Mock/05.ICT/Female/New/ckmk_a_ict_f_n_150239.wav"}}}