{"version":"1.0","dataSet":{"info":{"date":"20230116","occupation":"ICT","channel":"MOCK","place":"ONLINE","gender":"FEMALE","ageRange":"-34","experience":"NEW"},"question":{"raw":{"text":"현재 이 직무에 지원한 이유가 무엇인지 말씀해 주시고 면접자님은 왜 적합한 인재인지도 설명해 주시기 바랍니다","wordCount":15},"emotion":[],"intent":[]},"answer":{"raw":{"text":"이 직무의 취지가 저와 맞다고 생각합니다. 저는 아이씨티 기술을 응용하여 더 나은 세상을 만들어 나가고 싶습니다. 이 직무를 통해 많은 사람이 편리한 일상을 보내길 바랍니다. 끝이 잘 맞는 것보다 시작이 잘 맞는 것이 중요하다고 생각합니다. 그런 면에서 저는 취지가 맞으니 적합한 인재라고 생각합니다.","wordCount":43},"emotion":[],"intent":[{"text":"","expression":"","category":"attitude"}],"summary":{"text":"아이씨티 기술을 응용하여 더 나은 세상을 만들어 나가고 싶은 저는 이 직무의 취지가 맞으니 적합한 인재라고 생각합니다. 직무 취지가 맞는 인재가 맞습니다.","wordCount":22}}},"rawDataInfo":{"question":{"fileFormat":"wav","fileSize":345678,"duration":10800,"samplingBit":16,"channelCount":1,"samplingRate":"16kHz","audioPath":"/Mock/05.ICT/Female/New/ckmk_q_ict_f_n_150238.wav"},"answer":{"fileFormat":"wav","fileSize":727758,"duration":22740,"samplingBit":16,"channelCount":1,"samplingRate":"16kHz","audioPath":"/Mock/05.ICT/Female/New/ckmk_a_ict_f_n_150238.wav"}}}