{"version":"1.0","dataSet":{"info":{"date":"20230116","occupation":"ICT","channel":"MOCK","place":"ONLINE","gender":"FEMALE","ageRange":"-34","experience":"NEW"},"question":{"raw":{"text":"지금 읽고 계신 책이 있으시다면 왜 그 책을 읽으시는지 무슨 책을 읽으시는지 말씀해 주시기 바랍니다","wordCount":15},"emotion":[],"intent":[]},"answer":{"raw":{"text":"최근 읽고 있는 책은 헤어질 결심이라는 각본집입니다. 이 책을 읽는 이유는 제가 이 책의 원작인 헤어질 결심이라는 영화를 굉장히 재미있게 보았기 때문입니다. 영화를 먼저 보고 각본집을 다시 읽었을 때 이 영화가 이 영화의 주인공들이 이때 어떤 지문으로 어떤 지문을 보고 어떻게 행동했는지 한 번 더 곱씹어 볼 수 있었으며 이것을 어떻게 표현했는지를 또 느껴볼 수 있어서 좋은 것 같습니다. 그리고 이 각본집을 읽으면서 영화에서 느꼈던 감정과 이 글로 읽었을 때 이 매체에 따라서 어떻게 사람이 감정을 느끼는지도 한번 생각을 생각을 할 수 있는 기회가 되는 것 같습니다. 텍스트로 내용을 봤을 때랑 영상으로 내용을 봤을 때 느끼는 감정이 다른 것이 매우 신기하게 느껴져서 각본집을 좋아하는 영화에 대해서 각본집을 읽으면 새롭게 더 다가오는 것 같습니다.","wordCount":113},"emotion":[{"text":"영화를 먼저 보고 각본집을 다시 읽었을 때 이 영화가 이 영화의 주인공들이 이때 어떤 지문으로   어떤 지문을 보고 어떻게 행동했는지 한 번 더 곱씹어 볼 수 있었으며 이것을 어떻게 표현했는지를 또 느껴볼 수 있어서 좋은 것 같습니다.","expression":"p-interest","category":"positive"}],"intent":[{"text":"","expression":"","category":"attitude"}],"summary":{"text":"최근 읽은 책은 헤어질 결심이라는 각본집입니다. 이 각본집을 읽으면서 영화에서 느꼈던 감정과 글로 읽었을 때 어떻게 감정을 느끼는지 생각을 할 수 있는 기회가 되고, 각본집을 좋아하는 영화에 대해 각본집을 읽을 때 새롭게 다가오는 것 같습니다.","wordCount":35}}},"rawDataInfo":{"question":{"fileFormat":"wav","fileSize":435918,"duration":13620,"samplingBit":16,"channelCount":1,"samplingRate":"16kHz","audioPath":"/Mock/05.ICT/Female/New/ckmk_q_ict_f_n_148492.wav"},"answer":{"fileFormat":"wav","fileSize":2198478,"duration":68700,"samplingBit":16,"channelCount":1,"samplingRate":"16kHz","audioPath":"/Mock/05.ICT/Female/New/ckmk_a_ict_f_n_148492.wav"}}}