{"version":"1.0","dataSet":{"info":{"date":"20230116","occupation":"ICT","channel":"MOCK","place":"ONLINE","gender":"FEMALE","ageRange":"-34","experience":"NEW"},"question":{"raw":{"text":"요즘 들어 고령화 사회로 접어들면서 치매로 인한 문제가 많이 대두되고 있는 상황입니다 이에 대해 지원자께서는 건보공단이 하는 일과 개선할 방안에 대해서 말씀해 주시길 바랍니다","wordCount":24},"emotion":[],"intent":[]},"answer":{"raw":{"text":"건보 공단은 치매에 대해 사회적 책임을 늘려가도록 노력하고 있습니다. 치매 노인의 요양사를 파견하거나 하고 있습니다. 하지만 여전히 치매 노인에 대한 보호는 가정 내 보호자에 대해 의존하는 경우가 많습니다. 또한 가정 내 보호자들은 치매 노인을 초기에는 부양하는 데 많은 어려움이 없습니다. 그래서 건보 공단은 가정의 책임과 사회적 책임을 양립할 수 있도록 노력해야 합니다. 또 치매 노인들의 보호를 위해서 요양을 파 늘려가는 보 와중 동시에 가정 내 보호자들에게 치매 노인을 보호하는 방법을 정확히 알려 주어야 합니다. 또한 가 치매 노인 뿐만 아니라 일반 사회 시민에게도 치매에 대해 정확히 알려야 할 필요가 있습니다. 이를 통해 치매 노 치매 노인이 있는 가정들은 더 이해심을 얻을 수 있습니다. 그래서 치매 노인의 과정 그리고 공단 사회가 함께 나아갈 수 있도록 건보 공단은 노력하여야 합니다.","wordCount":118},"emotion":[],"intent":[{"text":"","expression":"","category":"attitude"}],"summary":{"text":"건보공단은 치매에 대해 사회적 책임을 늘리려고 노력하고 있습니다. 하지만 여전히 치매 노인에 대한 보호는 가정 제 보호자에 의존하는 경우가 많습니다. 따라서 건보 공단은 가정의 책임과 사회적 책임을 양립할 수 있도록 노력하고 일반 사회 시민에게도 정확한 치매 정보를 제공해야 합니다.","wordCount":39}}},"rawDataInfo":{"question":{"fileFormat":"wav","fileSize":587598,"duration":18360,"samplingBit":16,"channelCount":1,"samplingRate":"16kHz","audioPath":"/Mock/05.ICT/Female/New/ckmk_q_ict_f_n_174734.wav"},"answer":{"fileFormat":"wav","fileSize":2677838,"duration":83680,"samplingBit":16,"channelCount":1,"samplingRate":"16kHz","audioPath":"/Mock/05.ICT/Female/New/ckmk_a_ict_f_n_174734.wav"}}}