{"version":"1.0","dataSet":{"info":{"date":"20230116","occupation":"ICT","channel":"MOCK","place":"ONLINE","gender":"FEMALE","ageRange":"-34","experience":"NEW"},"question":{"raw":{"text":"우리 회사에도 리팩토링 관련해서 전문적으로 하시는 분이 계신데요 본인이 평소에 리팩토링에 관심이 있어서 관련된 책을 읽어보신 경험이 있나요","wordCount":18},"emotion":[],"intent":[]},"answer":{"raw":{"text":"네 리팩터링 코드 구조를 체계적으로 개선하여 효율적인 리팩터링 구현하기 라는 책을 어 읽어본 적이 있습니다. 어 책은 제가 일단 코드 쪽에 대해서 관심이 많았기 때문에 한 번 읽어 봤었는데요. 코드 구조를 체계적으로 개선을 해서 효율적으로 레퍼 리펙터 리팩터링을 구현하는 것으로 알고 있습니다. 어 그래서 더 나은 소프트 웨어 그리고 더 나은 그 코드의 구현을 위해서 그 실무에 대한 그 지침서를 관련 서적을 통해서 어 어 한 번 읽어 봤던 적이 있습니다.","wordCount":71},"emotion":[{"text":"네 리팩터링 코드 구조를 체계적으로 개선하여 효율적인 리팩터링 구현하기 라는 책을 어 읽어본 적이 있습니다.","expression":"u-fact","category":"neutral"},{"text":"코드 구조를 체계적으로 개선을 해서 효율적으로 레퍼 리펙터 리팩터링을 구현하는 것으로 알고 있습니다.","expression":"u-fact","category":"neutral"}],"intent":[{"text":"","expression":"","category":"attitude"}],"summary":{"text":"더 나은 소프트 웨어 그리고 더 나은 코드의 구현을 위해서 실무에 대한 그 지침서를 관련 서적을 통해서 한 번 읽어 봤던 적이 있습니다.","wordCount":23}}},"rawDataInfo":{"question":{"fileFormat":"wav","fileSize":516558,"duration":16140,"samplingBit":16,"channelCount":1,"samplingRate":"16kHz","audioPath":"/Mock/05.ICT/Female/New/ckmk_q_ict_f_n_257360.wav"},"answer":{"fileFormat":"wav","fileSize":1414158,"duration":44190,"samplingBit":16,"channelCount":1,"samplingRate":"16kHz","audioPath":"/Mock/05.ICT/Female/New/ckmk_a_ict_f_n_257360.wav"}}}