{"version":"1.0","dataSet":{"info":{"date":"20230116","occupation":"ICT","channel":"MOCK","place":"ONLINE","gender":"FEMALE","ageRange":"45-54","experience":"NEW"},"question":{"raw":{"text":"지원자님이 회사에 들어와 선배를 만나게 된다면 어떤 선배를 만나고 싶으신지 이유와 함께 말씀 부탁드립니다","wordCount":14},"emotion":[],"intent":[]},"answer":{"raw":{"text":"예 제가 프로그램 쪽 능력을 조금 부족할 때는 어 나보다 좀 잘하는 선배를 만나서 어 배우면 좋겠다 이런 생각을 참 많이 했습니다. 그런데 생각보다 선배님께서 저에게 소스를 알려주는 경우도 좀 드물고 또 일을 하다 보면 시간이 좀 촉박해서 그런가 생각보다 알려주시는 걸 좀 꺼려 하시더라구요. 아 그래서 그 사람의 능력이 출중하다고 해서 내가 꼭 다 배울 수 있는 것은 아니구나 이런 경험을 했습니다. 그래서 저는 자신이 가지고 있는 능력을 후배에게 조금 더 나눠줄 수 있는 분 또 후배가 능력을 발휘할 수 있게 조금 기다려줄 줄 아는 그런 여유가 있는 분 그리고 조금 실수를 하더라도 덮어주고 또 조금 커버해 주면서 다시 좀 후배가 좋은 방향으로 갈 수 있도록 이끌어주는 분 그런 선배가 되고 싶습니다. 그리고 그런 선배를 만나고 싶구요. 굉장히 드물다는 걸 알았고 또 그 영향력이 얼마나 크다는 걸 저 스스로 겪었기 때문에 그러한 선배를 꼭 만나고 싶고 저도 나중에 그러한 선배가 되고 싶습니다.","wordCount":143},"emotion":[],"intent":[{"text":"","expression":"","category":"attitude"}],"summary":{"text":"프로그램 쪽 능력을 조금 부족할 때는 보다 좀 잘하는 선배를 만나 배우면 좋겠다는 생각을 참 많이 했습니다. 그런데 생각보다 선배님께서 소스를 알려주는 경우도 드물고, 일이 바빠서 알려주시는 걸 꺼려하셨습니다. 그래서 저는 자신이 가진 능력을 후배에게 조금 더 나눠줄 수 있는 그런 여유가 있는 그런 선배가 되고 싶습니다.","wordCount":47}}},"rawDataInfo":{"question":{"fileFormat":"wav","fileSize":366158,"duration":11440,"samplingBit":16,"channelCount":1,"samplingRate":"16kHz","audioPath":"/Mock/05.ICT/Female/New/ckmk_q_ict_f_n_272675.wav"},"answer":{"fileFormat":"wav","fileSize":2231758,"duration":69740,"samplingBit":16,"channelCount":1,"samplingRate":"16kHz","audioPath":"/Mock/05.ICT/Female/New/ckmk_a_ict_f_n_272675.wav"}}}