{"version":"1.0","dataSet":{"info":{"date":"20230116","occupation":"ICT","channel":"MOCK","place":"ONLINE","gender":"FEMALE","ageRange":"35-44","experience":"NEW"},"question":{"raw":{"text":"어 우리 회사가 해외 무대로 진출한다고 했을 때 지원자님이 생각하시기에는 어디로 진출하는 것이 가장 좋을 것 같나요 그리고 그 이유는 무엇인가요","wordCount":21},"emotion":[],"intent":[]},"answer":{"raw":{"text":"어 저는 음 유럽 쪽이 어떨까 싶은 생각이 듭니다. 어 뭐 물론 제가 가고 싶은 희망하는 곳이기도 하지만 유럽에서도 이탈리아나 프랑스 그쪽이 참 괜찮은 것 같아요. 어 건축 양싱도 그런데 유럽 자체가 워낙에 오래된 역사 깊은 나라이기도 하고 나라들이 많기도 하고 되게 기존에 아주 오래된 몇 백 년 몇 천 년 된 그런 양식도 다 보존을 좀 잘 하잖아요. 옛것은 옛것 그대로의 모습을 너무 잘 보존하고 있어서 그게 어릴 때는 뭐 몰랐지만 커서 보니까 아 참 멋있는 거더라구요. 그래서 유럽 쪽으로 간다면 어 배울 점도 많을 것 같고 또 볼거리도 많고 어 이제 또 새로운 경험이 될 것 같은 생각에 저는 유럽을 유럽이 어떨까 하는 추천드리고 싶습니다.","wordCount":107},"emotion":[],"intent":[{"text":"","expression":"","category":"attitude"}],"summary":{"text":"건축 양식도 유럽은 오래된 역사가 깊은 나라이고 보존을 잘 합니다. 그래서 유럽 쪽으로 간다면 배울 점도 많고 볼거리도 많고 새로운 경험이 될 것 같아 유럽을 추천합니다.","wordCount":26}}},"rawDataInfo":{"question":{"fileFormat":"wav","fileSize":485518,"duration":15170,"samplingBit":16,"channelCount":1,"samplingRate":"16kHz","audioPath":"/Mock/05.ICT/Female/New/ckmk_q_ict_f_n_248125.wav"},"answer":{"fileFormat":"wav","fileSize":2239438,"duration":69980,"samplingBit":16,"channelCount":1,"samplingRate":"16kHz","audioPath":"/Mock/05.ICT/Female/New/ckmk_a_ict_f_n_248125.wav"}}}