{"version":"1.0","dataSet":{"info":{"date":"20230116","occupation":"ICT","channel":"MOCK","place":"ONLINE","gender":"FEMALE","ageRange":"-34","experience":"NEW"},"question":{"raw":{"text":"지금까지 협업을 하면서 가장 어려웠던 것과 그 어려움을 어떻게 해결하셨는지 함께 말씀해 주세요","wordCount":13},"emotion":[],"intent":[]},"answer":{"raw":{"text":"저는 개인적으로 협업을 하면서 따른 분들과의 커뮤니케이션이 가장 어려웠습니다. 어 커뮤니케이션을 잘 하는 편이라고 평소 자부을 하는 편임에도 불구하고 이제 서로의 생각 또 살아 온 방식이 다르다 보니까 아무래도 차이점이 많더라고요. 그분이 에이를 말씀하셨는데 저는 비라고 알아들은 적도 많고 해서 아 이걸 회의를 하면서 지속적으로 이 분이 이런 의도를 가지고 말씀을 하신 게 맞는지 계속해서 점검을 하는 일이 중요하구나 라고 생각을 하게 되었습니다. 그 이후로는 그 회의를 하는 과정 안에서 어 이해가 되지 않는 부분에 대해서는 즉각적으로 또 부드러운 어조를 사용하여 진 이 뜻이 맞는지 여쭤보려고 하는 편입니다.","wordCount":88},"emotion":[],"intent":[{"text":"","expression":"","category":"attitude"}],"summary":{"text":"협업을 하면서 서로의 생각과 살아온 방식이 달라 커뮤니케이션이 어려웠습니다. 그 이후로는 이해가 되지 않는 부분에 대해서는 즉각적으로 또 부드러운 어조를 사용하여 진 이 뜻이 맞는지 여쭤보려고 하는 편입니다.","wordCount":28}}},"rawDataInfo":{"question":{"fileFormat":"wav","fileSize":294478,"duration":9200,"samplingBit":16,"channelCount":1,"samplingRate":"16kHz","audioPath":"/Mock/05.ICT/Female/New/ckmk_q_ict_f_n_185036.wav"},"answer":{"fileFormat":"wav","fileSize":1809358,"duration":56540,"samplingBit":16,"channelCount":1,"samplingRate":"16kHz","audioPath":"/Mock/05.ICT/Female/New/ckmk_a_ict_f_n_185036.wav"}}}