{"version":"1.0","dataSet":{"info":{"date":"20230116","occupation":"ICT","channel":"MOCK","place":"ONLINE","gender":"FEMALE","ageRange":"35-44","experience":"NEW"},"question":{"raw":{"text":"지원자님께서 만약에 회사에 들어와서 일을 할 때에 타 부서와 갈등 상황이 생긴다면 지원자님께서는 어떻게 해결하시겠습니까 그 상황을 가정을 해서 한 번 어떻게 대처할지 해결할지 말씀해 주시기 바랍니다","wordCount":27},"emotion":[],"intent":[]},"answer":{"raw":{"text":"타 부서와 갈등 사항이 발생하게 된다면 상대방의 입장을 귀기울여 보겠습니다. 직장 경료와 갈등을 빚는 경우에는 내 입장만 내시 내세우지 않습니다. 상대의 말을 귀를 기울이고 상대의 입장에 들어주고 상대의 기분을 고려합니다. 상대가 자신의 생각 기분 경험을 표현할 수 있게 충분한 시간을 줍니다. 상대가 방어적으로 나와도 그대로 놓아 둡니다. 상대방의 말을 끊지 않습니다. 그리고 저는 잘못된 점은 사과합니다. 갈등이 빚는 것에 대해 나의 잘못을 사과합니다. 보통 당사자 모두 갈등을 빚고 지속한 것에 대한 책임이 있습니다. 갈등을 빚는 것에 대해 자신의 책임을 인정하고 후회와 책임감을 표시합니다. 전부 자기 탓을 하라는 것이 아니고 그런 사항을 만든 것에 대한 일정 부분 책임을 인정하라는 것입니다. 예를 들면 상처 주는 말을 해서 미안해요 화가 나서 그랬는데 내가 그럴 권리는 없었죠 라고 말을 합니다. 이렇게 말을 한다면 타 부서와의 갈등 사항이 어느 정도 해결될 것이라고 생각됩니다.","wordCount":128},"emotion":[],"intent":[{"text":"타 부서와 갈등 사항이 발생하게 된다면 상대방의 입장을 귀기울여 보겠습니다.","expression":"c_confl_mg","category":"personality"},{"text":"직장 경료와 갈등을 빚는 경우에는 내 입장만 내시 내세우지 않습니다.","expression":"c_confl_mg","category":"personality"}],"summary":{"text":"제 입장만 내세우지 않습니다. 상대의 기분을 고려하고 제 생각 기분 경험을 표현할 수 있게 충분한 시간을 줍니다. 방어적으로 나와도 그대로 놓아 둡니다. 잘못된 점은 사과합니다. 갈등에 대해 자신의 책임을 인정하고 후회와 책임감을 표시합니다.","wordCount":33}}},"rawDataInfo":{"question":{"fileFormat":"wav","fileSize":629198,"duration":19660,"samplingBit":16,"channelCount":1,"samplingRate":"16kHz","audioPath":"/Mock/05.ICT/Female/New/ckmk_q_ict_f_n_176298.wav"},"answer":{"fileFormat":"wav","fileSize":2506958,"duration":78340,"samplingBit":16,"channelCount":1,"samplingRate":"16kHz","audioPath":"/Mock/05.ICT/Female/New/ckmk_a_ict_f_n_176298.wav"}}}