{"version":"1.0","dataSet":{"info":{"date":"20230116","occupation":"ICT","channel":"MOCK","place":"ONLINE","gender":"FEMALE","ageRange":"-34","experience":"NEW"},"question":{"raw":{"text":"지원자님께서 생각하시는 내장 소프트웨어란 무엇이라고 생각하며 사용해 본 내장 오에스에 관해 이야기를 한번 해 주시면 감사하겠습니다","wordCount":16},"emotion":[],"intent":[]},"answer":{"raw":{"text":"어 제가 생각하는 내장 소프트웨어는 아이 오 에스 같습니다. 아이 오 에스 같은 경우에는 제가 아이폰 맥북 아이패드 이런 식으로 쓰고 있기 때문에 가장 생활적으로 밀접하게 쓰는 소프트웨어이기도 하구요. 저희에게 가장 필요한 내장 아이 내장 소프트웨어입니다. 아무래도 익숙하고 익숙한 만큼 음 무언가 새로운 기능이 나왔을 때도 적응하기 쉽기 때문에 또 디자인도 예쁘고 아무래도 기능이 직관적이기 때문에 처음 써보는 앱도 어 바로바로 써볼 수 있는 그런 이점이 있습니다.","wordCount":67},"emotion":[],"intent":[{"text":"","expression":"","category":"attitude"}],"summary":{"text":"아이오에스가 가장 필요한 내장 소프트웨어입니다. 익숙하고 익숙하기 때문에 새로운 기능에 대한 적응이 쉽고, 디자인도 예쁜 덕분에 처음 써보는 앱도 바로 쓸 수 있습니다.","wordCount":23}}},"rawDataInfo":{"question":{"fileFormat":"wav","fileSize":425038,"duration":13280,"samplingBit":16,"channelCount":1,"samplingRate":"16kHz","audioPath":"/Mock/05.ICT/Female/New/ckmk_q_ict_f_n_178218.wav"},"answer":{"fileFormat":"wav","fileSize":1334158,"duration":41690,"samplingBit":16,"channelCount":1,"samplingRate":"16kHz","audioPath":"/Mock/05.ICT/Female/New/ckmk_a_ict_f_n_178218.wav"}}}