{"version":"1.0","dataSet":{"info":{"date":"20230116","occupation":"ICT","channel":"MOCK","place":"ONLINE","gender":"FEMALE","ageRange":"35-44","experience":"NEW"},"question":{"raw":{"text":"어 지원자님께서 지금 지원하신 이 직무가 아닌 다른 부서에 배치가 되실 수도 있습니다 어 그렇게 된다고 하더라도 괜찮으신가요 그리고 어떻게 하실 건가요","wordCount":22},"emotion":[],"intent":[]},"answer":{"raw":{"text":"어 네 뭐 글쎄 그거를 지금 이제 딱 생각나는 건 일단 어 제가 이제 희망하는 지금 부서와 이제 위치가 있지 않습니까 직무가 있는데. 제 생각에는 제가 희망하는 것을 다 보셨을 거고 그거를 이제 오케이 싸인이 됐기 때문에 이제 제가 합격을 했다고 생각이 드는데 어 저도 또 그렇게 알고 이제는 합격이 됐다는 소식에 어 딱 뭐 출근을 했는데 막상 다른 부서가 배치가 된다면 어 첫 번째로는 당황스럽습니다. 그거는 사실일 것 같구요. 쫌 당황 또는 황당 이게 한끝 차이잖아요. 어 근데 글쎄요 그게 이제 어느 부서 어떤 직무를 하게 되느냐에 따라서 그거는 이제 좀 그때 돼 봐야 알 수 있을 것 같아요. 무조건 싫어 무조건 안돼 아니면 무조건 좋아 뭐 무조건 오케이 이게 이거는 쫌 아닌 것 같구요. 그냥 어 어느 정도 내가 할 수 있는 역량 안에서의 주어진 그냥 뭐 다른 희망하지 않았던 생각지 않았던 다른 부서라면 제가 할 수 있는 역량 안에서라면 크게 문제가 없다고 생각이 됩니다. 그런데 전혀 어 전혀 예기치 못했고 전혀 제가 할 수 없는 부분의 그런 부서로 배치가 된다면 그것은 다시 인사 팀과 한번 조율을 해 봐야 되지 않을까 하는 생각이 듭니다.","wordCount":176},"emotion":[],"intent":[{"text":"","expression":"","category":"attitude"}],"summary":{"text":"저는 희망 부서와 위치가 있는 직무에 합격했지만 다른 부서가 배치된다면 당황스럽습니다. 하지만 어느 부서 어떤 직무를 하게 되느냐에 따라 그때 그때 알 수 있을 것 같습니다. 저는 할 수 있는 역량 안에서라면 크게 문제가 없다고 생각되지만 전혀 예기치 못했고 전혀 할 수 없는 부서로 배치된다면 다시 인사팀과 조율을 해 봐야 될 것 같다고 생각합니다.","wordCount":54}}},"rawDataInfo":{"question":{"fileFormat":"wav","fileSize":572878,"duration":17900,"samplingBit":16,"channelCount":1,"samplingRate":"16kHz","audioPath":"/Mock/05.ICT/Female/New/ckmk_q_ict_f_n_248127.wav"},"answer":{"fileFormat":"wav","fileSize":3280078,"duration":102500,"samplingBit":16,"channelCount":1,"samplingRate":"16kHz","audioPath":"/Mock/05.ICT/Female/New/ckmk_a_ict_f_n_248127.wav"}}}