{"version":"1.0","dataSet":{"info":{"date":"20230116","occupation":"ICT","channel":"MOCK","place":"ONLINE","gender":"FEMALE","ageRange":"-34","experience":"NEW"},"question":{"raw":{"text":"회사를 다님으로써 사람 관계가 가장 중요합니다 만약에 면접자분께서는 비아이티 동료와에 효과적으로 의사소통을 한다면 어떻게 노력을 할 것인지 이야기를 해 주십시오","wordCount":20},"emotion":[],"intent":[]},"answer":{"raw":{"text":"어 아무래도 아이티 업계에 종사하지 않는다면은 그 아이티에 대해 잘 모른다고 생각이 들 텐데요. 아무래도 비 아이티 동료도 어 기업 내에 그런 서비스를 가치 있게 만들기 위한 동료라고 생각을 합니다. 모두 같은 동료인데 아이티를 전공하고 아이티를 모른다고 해서 어 의사 소통이 쪼끔 어 어렵다는 것은 문제가 있다고 생각을 하기 때문에 최대한 비 아이티 동료들이 이해할 수 있도록 설명을 쉽게 하는 것이 가장 중요하다고 생각을 하고요. 어 아이티 업계를 종사 아 아이티 업계가 아닌 그 동료들도 최대한 아이티 업계에 어 사람들을 이해하기 위해서 쪼끔은 어 용어라든가 이런 개인적으로 어 간단한 용어는 조금 파악을 하고 있어야지 의사 소통이 잘 되지 않을까 생각을 합니다.","wordCount":101},"emotion":[],"intent":[{"text":"","expression":"","category":"attitude"}],"summary":{"text":"IT 업계 종사자가 아닌 비 아이티 동료도 기업 내 서비스를 가치 있게 만들기 위한 동료라서 아이티에 대해 잘 모른다면 의사 소통이 어렵고 의사 소통이 어렵다는 것은 문제가 있다고 생각하므로 최대한 비 아이티 동료들이 이해할 수 있도록 쉽게 설명하는 것이 중요합니다.","wordCount":40}}},"rawDataInfo":{"question":{"fileFormat":"wav","fileSize":432078,"duration":13500,"samplingBit":16,"channelCount":1,"samplingRate":"16kHz","audioPath":"/Mock/05.ICT/Female/New/ckmk_q_ict_f_n_257531.wav"},"answer":{"fileFormat":"wav","fileSize":2054478,"duration":64200,"samplingBit":16,"channelCount":1,"samplingRate":"16kHz","audioPath":"/Mock/05.ICT/Female/New/ckmk_a_ict_f_n_257531.wav"}}}