{"version":"1.0","dataSet":{"info":{"date":"20230116","occupation":"ICT","channel":"MOCK","place":"ONLINE","gender":"FEMALE","ageRange":"45-54","experience":"NEW"},"question":{"raw":{"text":"네 시간이 남을 때는 주로 무슨 일을 하시는지요 어 또 왜 그 일을 하시는지도 어 함께 설명해 주시면 좋겠습니다","wordCount":19},"emotion":[],"intent":[]},"answer":{"raw":{"text":"어 시간이 남을 때 저는 뭐 책을 읽습니다. 물론 시간이 없어도 시간을 내서 읽어야 되는 게 책이긴 한데요. 아무래도 제가 뭐 집안 살림도 하고 일도 하고 하다 보니 어 그 책 읽는 시간을 뭐 따로 내기가 참 쉽지는 않습니다. 그렇기 때문에 시간 여유가 되는 경우에는 좀 책을 많이 읽으려고 노력을 하구요. 그래서 제가 좀 책도 뭐 빌려서도 많이들 읽는데 저는 그 사서 내 책이다 생각을 하고 보는 게 어 느낌이 좋더라구요. 그래서 어 책을 사서 늘 두는 편이고 이제 시간이 날 때 읽다 보니 쪼끔 어 뭐 진도가 늦는 경우도 있기는 한데 어 시간이 남을 때 외에도 좀 책 많이 보려고 노력하는 편인 것 같습니다.","wordCount":105},"emotion":[],"intent":[{"text":"","expression":"","category":"attitude"}],"summary":{"text":"시간적 여유가 생기면 책을 많이 읽으려 노력합니다. 그래서 책을 사서 늘 두는 편으로 시간이 날 때 읽다 보니 진도가 늦어지는 경우도 있지만 그래도 시간이 남을 때 외에도 많이 읽으려고 노력하는 편입니다.","wordCount":31}}},"rawDataInfo":{"question":{"fileFormat":"wav","fileSize":375118,"duration":11720,"samplingBit":16,"channelCount":1,"samplingRate":"16kHz","audioPath":"/Mock/05.ICT/Female/New/ckmk_q_ict_f_n_181217.wav"},"answer":{"fileFormat":"wav","fileSize":2007118,"duration":62720,"samplingBit":16,"channelCount":1,"samplingRate":"16kHz","audioPath":"/Mock/05.ICT/Female/New/ckmk_a_ict_f_n_181217.wav"}}}