{"version":"1.0","dataSet":{"info":{"date":"20230116","occupation":"ICT","channel":"MOCK","place":"ONLINE","gender":"FEMALE","ageRange":"-34","experience":"NEW"},"question":{"raw":{"text":"만약 일을 하다가 상사에게 어려운 지시를 받게 된다면 어떻게 하실지 그렇게 행동하시는 이유와 함께 설명해 주세요","wordCount":16},"emotion":[],"intent":[]},"answer":{"raw":{"text":"어 우선은 이 일을 하기 전에 이 일이 어떻게 처리하면 될 좋을 지 상사분에게 먼저 여쭤볼 것 같습니다. 그러면 상사분이 해주신 조언에 따라서 일을 일차적으로 처리한 후에 일이 만약에 풀리지 않는다면 이 일이 너무 어려우니깐 쪼끔 줄여 주시거나 아니면 기한을 늘려 달라고 말씀을 드릴 것 같습니다. 그렇다고 해서 만약에 안 된다고 하시면 제 능력 밖의 일이라 혹시 다른 분들에게 이 일을 처리해 줄 수 있는지 여쭤보거나 아니면 동기에게 이 일을 어떻게 해결하면 좋을지 조언을 듣는 식으로 저는 주변인들의 도움을 받을 것 같습니다.","wordCount":82},"emotion":[],"intent":[{"text":"","expression":"","category":"attitude"}],"summary":{"text":"일을 하기 전에 이 일을 어떻게 처리하면 좋을지 상사분에게 먼저 여쭤볼 것 같습니다. 만약 일이 풀리지 않는다면 줄여 주거나 기한을 늘려 달라고 말씀을 드리겠습니다. 주변인들의 도움을 받을 것 같습니니다.","wordCount":29}}},"rawDataInfo":{"question":{"fileFormat":"wav","fileSize":291918,"duration":9120,"samplingBit":16,"channelCount":1,"samplingRate":"16kHz","audioPath":"/Mock/05.ICT/Female/New/ckmk_q_ict_f_n_269240.wav"},"answer":{"fileFormat":"wav","fileSize":1368398,"duration":42760,"samplingBit":16,"channelCount":1,"samplingRate":"16kHz","audioPath":"/Mock/05.ICT/Female/New/ckmk_a_ict_f_n_269240.wav"}}}