{"version":"1.0","dataSet":{"info":{"date":"20230116","occupation":"ICT","channel":"MOCK","place":"ONLINE","gender":"FEMALE","ageRange":"35-44","experience":"NEW"},"question":{"raw":{"text":"우리 회사에 입사를 하고 난 후에 지원자님께 주어진 업무의 내용이나 강도가 예상했던 것과 전혀 다르다면 지원자님은 이 경우 어떻게 하시겠습니까","wordCount":20},"emotion":[],"intent":[]},"answer":{"raw":{"text":"저는 예상하는 것과 다른 것에 대해서 굉장히 좋아하고 삶을 대하는 태도 자체가 항상 예상할 수 없는 일에 대해서 환영하는 그런 성향이 있습니다. 일단은 계획대로 흘러가지 않는다는 것을 정말 잘 알고 있는 사람이고 만약 제가 지금 하려고 하는 일이 생각보다 그 강도 같은 것들이 예상과 다르게 진행이 된다면 오히려 저는 정말 즐겁게 일을 할 수 있을 것 같습니다. 하지만 중요한 건 제가 지금 이 지원하는 업무에 대해서 어느 정도 강도가 굉장히 높을 것이라는 거를 사실은 예상을 하고 있는 편이라 지금 질문을 주신 그 예상과 다른 점에 정도는 제가 거의 어 일을 그만둬야 하는 정도로 건강이 악화된 그 정도라고 생각을 하기 때문에 이 업무가 과연 그 정도까지 어 강도가 심할까 라는 의심도 동시에 들고 있습니다.","wordCount":113},"emotion":[],"intent":[{"text":"저는 예상하는 것과 다른 것에 대해서 굉장히 좋아하고 삶을 대하는 태도 자체가 항상 예상할 수 없는 일에 대해서 환영하는 그런 성향이 있습니다.","expression":"c_person","category":"background"}],"summary":{"text":"저는 예상과 다른 것에 대해 굉장히 좋아하고 삶을 대하는 태도 자체가 항상 예상할 수 없는 일에 대해서 환영하는 성향이 있습니다. 하지만 이 지원하는 업무에 대해 어느 정도 강도가 높을 것이라는 것을 예상하고 있는 편이라 그 정도까지 강도가 심할지는 의문입니다.","wordCount":39}}},"rawDataInfo":{"question":{"fileFormat":"wav","fileSize":492878,"duration":15400,"samplingBit":16,"channelCount":1,"samplingRate":"16kHz","audioPath":"/Mock/05.ICT/Female/New/ckmk_q_ict_f_n_165180.wav"},"answer":{"fileFormat":"wav","fileSize":2458958,"duration":76840,"samplingBit":16,"channelCount":1,"samplingRate":"16kHz","audioPath":"/Mock/05.ICT/Female/New/ckmk_a_ict_f_n_165180.wav"}}}