{"version":"1.0","dataSet":{"info":{"date":"20230116","occupation":"ICT","channel":"MOCK","place":"ONLINE","gender":"FEMALE","ageRange":"-34","experience":"NEW"},"question":{"raw":{"text":"태어나서 지금까지 다양한 경험을 해 보셨을 텐데요 그중에서 가장 후회했던 일이 있으신가요 만약 있다면 한 가지만 골라서 왜 그 일이 후회되는지 말씀해 주시기 바랍니다","wordCount":24},"emotion":[],"intent":[]},"answer":{"raw":{"text":"네 제가 태어나서 한 일 가운데 가장 후회했던 일은 이제 제가 데이터 사이언티스트로 진로를 바꾸기 전에 대학교에서 여 대학교 연구실에서 인턴 생활을 한 적이 있습니다. 그때 인턴 생활을 했던 게 가장 후회가 되는 일 중 하나인데요. 그 이유가 뭐냐 하면 이제 연구실 분위기가 굉장히 안 좋았고 그러다 보니 선배가 선배분들도 저를 챙기실 여력이 없는데 이제 제가 신입으로 가게 된 거라 그 분위기를 맞추는 게 참 어렵더라구요. 또 그리고 제가 하고 싶은 연구가 있어서 그런 거였는데 교수님께서 알고 보니 그 연구는 더 이상 받지 않는 상황이라고 하셔서 연구실을 나오게 되었었습니다. 그래서 제가 한 일 가운데 가장 후회가 되었던 일입니다.","wordCount":98},"emotion":[],"intent":[{"text":"","expression":"","category":"attitude"}],"summary":{"text":"데이터 사이언티스트로 진로를 바꾸기 전 연구실에서 인턴을 했던 적이 있습니다. 분위기가 굉장히 안 좋았고 선배분들도 저를 챙길 여력이 없는데 신입이 되고 보니 그 분위기를 맞추는 게 참 어려웠고 연구실을 나오게 되었습니다.","wordCount":31}}},"rawDataInfo":{"question":{"fileFormat":"wav","fileSize":598158,"duration":18690,"samplingBit":16,"channelCount":1,"samplingRate":"16kHz","audioPath":"/Mock/05.ICT/Female/New/ckmk_q_ict_f_n_265403.wav"},"answer":{"fileFormat":"wav","fileSize":2037838,"duration":63680,"samplingBit":16,"channelCount":1,"samplingRate":"16kHz","audioPath":"/Mock/05.ICT/Female/New/ckmk_a_ict_f_n_265403.wav"}}}