{"version":"1.0","dataSet":{"info":{"date":"20230116","occupation":"ICT","channel":"MOCK","place":"ONLINE","gender":"FEMALE","ageRange":"45-54","experience":"NEW"},"question":{"raw":{"text":"지원자님께서는 여가 시간에 휴식을 취하실 때 어 주로 어떤 일들을 하며 시간을 보내시나요 왜 그 일을 하면서 시간을 보냈는지 이유도 함께 말씀해 주시기 바랍니다","wordCount":24},"emotion":[],"intent":[]},"answer":{"raw":{"text":"어 휴식을 취할 때는 저는 정말 아무 것도 안 하는 게 휴식이라고 생각을 해서 좀 그냥 아무 생각을 안 하려고 여러 가지 뭐 명상을 하도록 노력합니다. 그러니까 아무 생각 안 하는 게 정말 쉽지 않은 일인데요. 그거 안 할려고 하다 보면 이제 그것 자체도 스트레스이기 때문에 되도록이면 이제 아무 것도 안하고 편안한 상태를 유지하려고 노력을 하고 이제 그러다가 아니면 이제 넷플릭스 영화를 본다거나 그러니까 이렇게 해서 좀 릴렉스 할 수 있도록 그 머리를 좀 쉬도록 그 생각을 좀 줄이도록 하는 데 주력을 하는 것 같습니다. 그렇게 해야 또 다음에 새로운 일을 할 때 어떤 원동력이 돼서 그까 휴식을 잘 취해야 된다고 생각을 합니다.","wordCount":103},"emotion":[],"intent":[{"text":"","expression":"","category":"attitude"}],"summary":{"text":"휴식 취할 때는 아무 생각 없이 명상을 하도록 노력합니다. 아무 생각 안 하는 것은 스트레스이기 때문에 편안한 상태를 유지하려고 노력하고 넷플릭스 영화를 본다거나 머리를 좀 쉬도록 생각을 줄이도록 하는 데 주력합니다.","wordCount":31}}},"rawDataInfo":{"question":{"fileFormat":"wav","fileSize":410318,"duration":12820,"samplingBit":16,"channelCount":1,"samplingRate":"16kHz","audioPath":"/Mock/05.ICT/Female/New/ckmk_q_ict_f_n_181364.wav"},"answer":{"fileFormat":"wav","fileSize":2256398,"duration":70510,"samplingBit":16,"channelCount":1,"samplingRate":"16kHz","audioPath":"/Mock/05.ICT/Female/New/ckmk_a_ict_f_n_181364.wav"}}}