{"version":"1.0","dataSet":{"info":{"date":"20230116","occupation":"ICT","channel":"MOCK","place":"ONLINE","gender":"FEMALE","ageRange":"-34","experience":"NEW"},"question":{"raw":{"text":"지원자님께서 우리 회사에 지원을 하실 때 하고 싶은 일이 있으셨을 겁니다 그런데 만약에 입사한 후에 기존에 원했던 일이 아니라 다른 일을 하게 된다면 어떻게 하시겠습니까","wordCount":25},"emotion":[],"intent":[]},"answer":{"raw":{"text":"제가 입사 후에 원하던 일을 못 하게 된다면 저는 음 그래도 일단 몇 달 동안은 어 이 직무 새로운 직무에 적응하기 위해 많은 노력을 기울여 볼 것 같습니다. 그러나 많은 노력을 기울여 본 후에도 제대로 되지 않는다면 어 회사 입장에서도 맞지 않는 옷을 입고 있는 직원을 데리고 계신 것보다는 어 그에 맞는 직업을 가지고 계신 역량을 가지고 계신 인재를 뽑는 게 도움이 될 테고 저도 저를 위해서 효율적으로 일할 수 있는 저에게 맞는 직무를 가진 회사를 다르게 찾아보는 게 좋을 것 같다고 생각합니다.","wordCount":83},"emotion":[],"intent":[{"text":"","expression":"","category":"attitude"}],"summary":{"text":"직무 적응이 제대로 되지 않는다면 회사 입장에서도 그에 맞는 직업을 가지고 계신 인재를 뽑는게 도움이 될 것이고 저 역시 제게 맞는 직무를 가진 회사를 다르게 찾아보는 게 좋다고 생각합니다.","wordCount":29}}},"rawDataInfo":{"question":{"fileFormat":"wav","fileSize":521678,"duration":16300,"samplingBit":16,"channelCount":1,"samplingRate":"16kHz","audioPath":"/Mock/05.ICT/Female/New/ckmk_q_ict_f_n_194555.wav"},"answer":{"fileFormat":"wav","fileSize":1553358,"duration":48540,"samplingBit":16,"channelCount":1,"samplingRate":"16kHz","audioPath":"/Mock/05.ICT/Female/New/ckmk_a_ict_f_n_194555.wav"}}}