{"version":"1.0","dataSet":{"info":{"date":"20230116","occupation":"ICT","channel":"MOCK","place":"ONLINE","gender":"FEMALE","ageRange":"-34","experience":"NEW"},"question":{"raw":{"text":"어 태어나서 지금까지 한 일들 가운데 가장 후회했던 일이 어떤 일이신지 궁금합니다 딱 한 가지만 골라서 어 말씀해 주시길 바랍니다","wordCount":20},"emotion":[],"intent":[]},"answer":{"raw":{"text":"태어나서 지금까지 한 일들 가운데 가장 후회했던 일은 중국어 공부를 좀 더 일찍 시작하지 않았다는 것입니다. 저는 요즘 중국어 공부를 하고 있습니다. 중국어는 아시다시피 성조 한어 병음 한자 등등 고려하고 공부해야 할 요소가 굉장히 많은 언어 중의 하나입니다. 제가 중국어 공부를 하는 이유는 간단합니다. 귀사와 같은 아이씨티 분야에 최근 중국 자본의 투자가 늘고 있습니다. 이러한 상황에서 제가 만약에 중국어를 다른 지원자들보다 능숙하게 구사할 수 있다면 이 또한 저의 굉장한 경쟁 능력이 될 것이라고 생각했기 때문입니다. 하지만 이십 대 초반이 지나고 나서 공부를 시작하려고 하니 중국어가 생각보다 빨리 늘지 않아서 답답한 마음이 컸습니다. 그래서 만약에 언어적으로 좀 더 성장하기가 쉬운 어린 나이에 중국어 공부를 시작했다면 지금보다는 더 빠른 속도로 언어적 능력을 키워내고 더 정확한 발음과 성조로 중국어를 발음할 수 있지 않았을까 하는 마음에 중국어 공부를 일찍 시작하지 못한 것이 현재로써는 가장 후회되는 일 중 하나 입니다.","wordCount":135},"emotion":[],"intent":[{"text":"","expression":"","category":"attitude"}],"summary":{"text":"중국어는 공부해야 할 요소가 굉장히 많은 언어 중의 하나인데, 최근에 중국 자본의 투자가 늘고 있습니다. 제가 중국어를 다른 지원자들보다 능숙하게 구사할 수 있을 것이라고 생각했기 때문입니다. 하지만 중국어가 예상보다 빨리 늘지 않아 답답한 마음이 컸습니다. 그래서 더 빠른 속도로 언어적 능력을 키워내고 정확한 발음과 성조로 중국어를 발음할 수 있을까하는 마음에 중국어 공부를 시작했습니다.","wordCount":53}}},"rawDataInfo":{"question":{"fileFormat":"wav","fileSize":441358,"duration":13790,"samplingBit":16,"channelCount":1,"samplingRate":"16kHz","audioPath":"/Mock/05.ICT/Female/New/ckmk_q_ict_f_n_217633.wav"},"answer":{"fileFormat":"wav","fileSize":2544718,"duration":79520,"samplingBit":16,"channelCount":1,"samplingRate":"16kHz","audioPath":"/Mock/05.ICT/Female/New/ckmk_a_ict_f_n_217633.wav"}}}