{"version":"1.0","dataSet":{"info":{"date":"20230116","occupation":"ICT","channel":"MOCK","place":"ONLINE","gender":"FEMALE","ageRange":"-34","experience":"NEW"},"question":{"raw":{"text":"특별히 가고 싶은 회사가 있으신가요 지원자님께는 특정 도메인이 중요한지 회사의 분위기가 중요한지 어떤 것이 중요한지 궁금합니다","wordCount":16},"emotion":[],"intent":[]},"answer":{"raw":{"text":"저는 함께 일하시는 분과 분위기를 많이 타는 편이라 회사 분위기가 더 중요한 것 같습니다. 물론 특정 도메인도 제가 데이터 분석과를 지망으로 지금 계속 공부를 해왔기 때문에 회사 분위기도 중요하지만 물론 데이터 분석 부문에서 이야기 회사 데이터 분석 부문에서 일하고 싶고 또 어 특정 분야에서 특정 분야가 정해진 편은 아니라 특정 분 어느 분야에서든 그 분 도메인에 관하여 열심히 공부를 하면 따라잡을 수 있다고 생각하는 편이라서 네 특정 도메인을 그렇게 저는 중요한 요소는 아니라고 생각합니다. 저에게는요.","wordCount":75},"emotion":[],"intent":[{"text":"","expression":"","category":"attitude"}],"summary":{"text":"데이터 분석 부문에서 일하고 싶은 저는 함께 일하시는 분과 분위기를 많이 타는 편이라 회사 분위기가 더 중요한 것 같습니다. 특정 도메인은 중요한 요소는 아니라고 생각합니다.","wordCount":25}}},"rawDataInfo":{"question":{"fileFormat":"wav","fileSize":607758,"duration":18990,"samplingBit":16,"channelCount":1,"samplingRate":"16kHz","audioPath":"/Mock/05.ICT/Female/New/ckmk_q_ict_f_n_197279.wav"},"answer":{"fileFormat":"wav","fileSize":1562638,"duration":48830,"samplingBit":16,"channelCount":1,"samplingRate":"16kHz","audioPath":"/Mock/05.ICT/Female/New/ckmk_a_ict_f_n_197279.wav"}}}