{"version":"1.0","dataSet":{"info":{"date":"20230116","occupation":"ICT","channel":"MOCK","place":"ONLINE","gender":"FEMALE","ageRange":"-34","experience":"NEW"},"question":{"raw":{"text":"혹시 상사가 업무와 무관한 일을 지시한다면 잘 수행할 자신이 있으신가요 아니면 수행하지 않을 것인가요","wordCount":14},"emotion":[],"intent":[]},"answer":{"raw":{"text":"네 저는 잘 수행할 자신이 있습니다. 어 일단 회사에 들어간다면 그래도 주어진 일의 의미가 없을 거라곤 생각은 하지 않고 또 의미가 없다 하더라도 무의미한 일이라 그 집단 안에서는 또 의미가 있을 거라는 생각이 들어서 저는 수행을 할 것 같습니다. 물론 그 일을 함으로써 진짜 제 업무에 피해가 가거나 뭐 하지 못하게 된 상황이 된다면 거절을 하고 또 못한다고 이상 표시를 할 것 같습니다. 그렇지만 그래도 그렇게 하지 못할 건 없다고 생각을 합니다.","wordCount":72},"emotion":[],"intent":[{"text":"","expression":"","category":"attitude"}],"summary":{"text":"업무가 무의미하다 하더라도 의미있을 것이라는 생각에 저는 수행을 할 것 같습니다. 만약 업무에 피해가 가거나 못하게 된다면 거절을 하고 이상 표시를 할 것 같지만 그럴 일은 없다고 생각합니다.","wordCount":28}}},"rawDataInfo":{"question":{"fileFormat":"wav","fileSize":271438,"duration":8480,"samplingBit":16,"channelCount":1,"samplingRate":"16kHz","audioPath":"/Mock/05.ICT/Female/New/ckmk_q_ict_f_n_265298.wav"},"answer":{"fileFormat":"wav","fileSize":1435598,"duration":44860,"samplingBit":16,"channelCount":1,"samplingRate":"16kHz","audioPath":"/Mock/05.ICT/Female/New/ckmk_a_ict_f_n_265298.wav"}}}