{"version":"1.0","dataSet":{"info":{"date":"20230116","occupation":"ICT","channel":"MOCK","place":"ONLINE","gender":"FEMALE","ageRange":"-34","experience":"NEW"},"question":{"raw":{"text":"지원자님께서 창의적으로 어떤 문제를 해결하신 경험이 있으신가요 있으시다면 그 과정을 최대한 자세하게 저희에게 말씀해 주시겠어요","wordCount":15},"emotion":[],"intent":[]},"answer":{"raw":{"text":"제가 창의성이 좀 많이 부족한 편이라 평소에 다른 분들의 의견을 많이 듣고 또 따라 해보면서 하는 편인데요. 아 꼭 하나 말을 하라고 하면은 어 제가 유기동물을 입양 입양 홍보를 해서 입양 시키는 일을 좀 해봤었는데 이 친구가 입양 확률이 높을지 않을지를 판단하기 위해서 유기동물 보호서에서 데이터 셋을 활용하여서 입양 예측 프로그램을 만든 적이 있습니다. 그래서 제가 데리고 있는 혹은 입양 홍보를 하고 있는 이 친구가 입양을 갈 수 있을지 혹은 보호소에 보내진다면 안락사가 될지 해서 제가 프로그램을 만들어서 어 실제로 이 친구에 대한 인풋 값을 넣었을 때 이제 모델이 입양을 갈 건지 혹은 보호소에 보내지만 안락사를 당할 대상인지 하고 판독을 해주는 그런 머신러닝 프로그램을 만들어 봤습니다. 저희 나름의 창의적으로 문제를 해결한 경험입니다.","wordCount":112},"emotion":[],"intent":[{"text":"그래서 제가 데리고 있는   혹은 입양 홍보를 하고 있는 이 친구가 입양을 갈 수 있을지 혹은 보호소에 보내진다면 안락사가 될지 해서 제가 프로그램을 만들어서   어 실제로 이 친구에 대한 인풋 값을 넣었을 때 이제 모델이 입양을 갈 건지 혹은 보호소에 보내지만 안락사를 당할 대상인지 하고 판독을 해주는 그런   머신러닝 프로그램을 만들어 봤습니다.","expression":"i_tech_orien","category":"attitude"}],"summary":{"text":"창의성이 부족한 편이라 다른 사람들의 의견을 많이 듣고 따라 해보면서 합니다. 유기견이 입양될 확률을 판단하기 위해 입양 예측 프로그램을 만든 적이 있습니다. 실제로 입양을 갈지, 안락사를 당할지 판별하는 머신러닝 프로그램을 만들어 창의적으로 문제를 해결했습니다.","wordCount":34}}},"rawDataInfo":{"question":{"fileFormat":"wav","fileSize":385678,"duration":12050,"samplingBit":16,"channelCount":1,"samplingRate":"16kHz","audioPath":"/Mock/05.ICT/Female/New/ckmk_q_ict_f_n_160667.wav"},"answer":{"fileFormat":"wav","fileSize":2103118,"duration":65720,"samplingBit":16,"channelCount":1,"samplingRate":"16kHz","audioPath":"/Mock/05.ICT/Female/New/ckmk_a_ict_f_n_160667.wav"}}}