{"version":"1.0","dataSet":{"info":{"date":"20230116","occupation":"ICT","channel":"MOCK","place":"ONLINE","gender":"FEMALE","ageRange":"-34","experience":"NEW"},"question":{"raw":{"text":"저희 회사에 입사 후 업무 내용이나 강도가 예상했던 것과 전혀 다르다면 어떻게 행동을 하시겠습니까","wordCount":14},"emotion":[],"intent":[]},"answer":{"raw":{"text":"일단 처음에는 업무 내용과 업무 강도에 적응을 하기 위해 많이 노력을 할 것 같습니다. 노력을 할 시에도 저와 이 일이 너무 맞지 않는다 라는 판단이 들면 몇 달 좀 더 노력을 해보고 퇴사를 결정하게 될 것 같습니다. 왜냐하면 제가 만약 다른 업무 내용이나 또 다른 강도에서 임한다면 저는 더 잘 할 일 할 수 있는 사람일 수 있는데도 어 제가 이 업무를 고집하게 된다면 회사 입장에서도 또 제 입장에서도 둘 다 쌍방적으로 손해가 있을 수 있다고 생각하기 때문에 저는 업무 내용이 너무 맞지 않다면 퇴사를 고려할 것 같습니다.","wordCount":88},"emotion":[],"intent":[{"text":"","expression":"","category":"attitude"}],"summary":{"text":"업무 내용과 강도에 적응하기 위해 많은 노력을 할 것 같습니다. 노력을 해도 업무가 맞지 않는다는 판단이 들면 몇 달 더 노력을 해보고 퇴사를 결정할 것 같습니다. 업무 내용이 맞지 않으면 퇴사를 고려할 것입니다.","wordCount":33}}},"rawDataInfo":{"question":{"fileFormat":"wav","fileSize":313678,"duration":9800,"samplingBit":16,"channelCount":1,"samplingRate":"16kHz","audioPath":"/Mock/05.ICT/Female/New/ckmk_q_ict_f_n_177574.wav"},"answer":{"fileFormat":"wav","fileSize":1402318,"duration":43820,"samplingBit":16,"channelCount":1,"samplingRate":"16kHz","audioPath":"/Mock/05.ICT/Female/New/ckmk_a_ict_f_n_177574.wav"}}}