{"version":"1.0","dataSet":{"info":{"date":"20230116","occupation":"ICT","channel":"MOCK","place":"ONLINE","gender":"FEMALE","ageRange":"-34","experience":"NEW"},"question":{"raw":{"text":"태어나서 지금까지 한 일들 중에서 지원자님께서 가장 후회가 됐던 일이 있으신가요 후회가 됐던 일이 있다면 한 가지만 골라서 말씀해 주시기 바랍니다","wordCount":21},"emotion":[],"intent":[]},"answer":{"raw":{"text":"지금까지 한 일 가운데서 가장 후회했던 일은 어 저희 집 고양이가 아팠을 때 빨리 병원에 데려가지 못한 것을 후회합니다. 어 고양이가 단순히 그냥 컨디션이 안 좋은 건 줄 알고 며칠 동안 지켜봤는데 그 며칠 동안 상태가 굉장히 안 좋아져서 나중에 병원에 데려가서 치료를 받기는 했지만 그 초반에 데려갔으면은 이 주 정도 치료를 받았으면 금방 끝났을 일을 또 며칠 두고 본다고 기다리다가 좀 늦게 가는 바람에 더 시간이 더 치료를 하는데 시간이 오래 걸렸던 경험이 있습니다. 그래서 무언가 이상 증세가 있으면은 아 이걸 빨리 캐치해서 빨리빨리 해결하기 위해 빨리 움직여야 한다는 것을 그때 알게 된 것 같습니다.","wordCount":96},"emotion":[],"intent":[{"text":"","expression":"","category":"attitude"}],"summary":{"text":"지금까지 한 일 가운데 가장 후회했던 일은 저희 집 고양이가 아프었을 때 빨리 병원에 데려가지 못한 것을 후회합니다. 무언가 이상 증세가 있으면 빨리 해결해야 한다는 것을 그때 알게 된 것 같습니다.","wordCount":31}}},"rawDataInfo":{"question":{"fileFormat":"wav","fileSize":422158,"duration":13190,"samplingBit":16,"channelCount":1,"samplingRate":"16kHz","audioPath":"/Mock/05.ICT/Female/New/ckmk_q_ict_f_n_160852.wav"},"answer":{"fileFormat":"wav","fileSize":1718478,"duration":53700,"samplingBit":16,"channelCount":1,"samplingRate":"16kHz","audioPath":"/Mock/05.ICT/Female/New/ckmk_a_ict_f_n_160852.wav"}}}