{"version":"1.0","dataSet":{"info":{"date":"20230116","occupation":"ICT","channel":"MOCK","place":"ONLINE","gender":"FEMALE","ageRange":"35-44","experience":"NEW"},"question":{"raw":{"text":"지원자분께서 지금까지 하고 싶으셨던 직무가 아니라 다른 직무를 맡게 되신다고 하면 어떻게 하실지 궁금합니다 그렇다고 하더라도 지원자분께서는 괜찮으실까요","wordCount":18},"emotion":[],"intent":[]},"answer":{"raw":{"text":"제가 지원한 마케팅이 아닌 다른 업무를 맡게 된다면 초반에는 조금 실망할 것 같기는 했습니 같긴합니다. 그동안 마케팅 관련 업무들에 대해서 준비를 했고 공부를 했기 때문입니다. 하지만 그렇지 않은 다른 업무 영업이나 구매도 결국 마케팅과 유기적으로 연관되어 있기 때문에 음 그 막 향후 마케팅 업무를 맡을 때 도움이 될 것이라고 생각을 합니다. 그래서 다른 업무를 맡게 된다 하더라도 열심히 맡은 바 업무를 다하도록 하겠습니다.","wordCount":63},"emotion":[],"intent":[{"text":"","expression":"","category":"attitude"}],"summary":{"text":"영업이나 구매는 마케팅과 유기적으로 연관되어 있기에, 마케팅 업무를 맡을 때 도움이 될 것이라고 생각합니다. 다른 업무를 맡게 되더라도 최선을 다하도록 하겠습니다.","wordCount":21}}},"rawDataInfo":{"question":{"fileFormat":"wav","fileSize":522958,"duration":16340,"samplingBit":16,"channelCount":1,"samplingRate":"16kHz","audioPath":"/Mock/05.ICT/Female/New/ckmk_q_ict_f_n_180074.wav"},"answer":{"fileFormat":"wav","fileSize":1065038,"duration":33280,"samplingBit":16,"channelCount":1,"samplingRate":"16kHz","audioPath":"/Mock/05.ICT/Female/New/ckmk_a_ict_f_n_180074.wav"}}}