{"version":"1.0","dataSet":{"info":{"date":"20230116","occupation":"ICT","channel":"MOCK","place":"ONLINE","gender":"FEMALE","ageRange":"-34","experience":"NEW"},"question":{"raw":{"text":"대학에서 배운 전공 과목 중에서 가장 기억에 남는 과목을 한 가지만 골라서 말씀해 주시겠어요","wordCount":14},"emotion":[],"intent":[]},"answer":{"raw":{"text":"제가 대학에서 배운 전공 과목 중 가장 기억에 남는 것은 컴퓨터 프로그래밍의 이해 라는 과목입니다. 먼저 이 과목을 수강하면서 씨언어에 관한 걸 배우게 되었고 또 저희 프로그래밍의 시작이 이 과목에서 부터였기 때문에 가장 기억에 남습니다. 이 과목을 배우면서 컴퓨터 프로그래밍 언어를 어떻게 사용하여 프로그래밍을 짤 프로그램을 짤 수 있는지에 대해 알게 돼었고 그것을 기본으로 또 알고리즘을 바탕으로 생각하는 방법을 이 과목을 통해서 알게 되었습니다. 이 알고리즘을 통해서 생각하는 방법은 제가 다른 과목을 들으면서 굉장히 많이 큰 도움이 되었고 그 또 프로그램을 짤 때 이 이 생각을 기반으로 생각하는 힘을 기를 수 있는 좋은 기회가 되었습니다.","wordCount":95},"emotion":[],"intent":[{"text":"먼저 이 과목을 수강하면서   씨언어에 관한 걸 배우게 되었고 또 저희 프로그래밍의 시작이 이 과목에서 부터였기 때문에 가장 기억에 남습니다.","expression":"i_prg","category":"technology"},{"text":"이 과목을 배우면서 컴퓨터 프로그래밍 언어를 어떻게 사용하여 프로그래밍을 짤 프로그램을 짤 수 있는지에 대해 알게 돼었고   그것을 기본으로 또 알고리즘을 바탕으로 생각하는 방법을 이 과목을 통해서 알게 되었습니다.","expression":"i_prg","category":"technology"},{"text":"이 알고리즘을 통해서 생각하는 방법은 제가 다른 과목을 들으면서 굉장히 많이 큰 도움이 되었고   그 또 프로그램을 짤 때 이 이 생각을 기반으로 생각하는 힘을 기를 수 있는 좋은 기회가 되었습니다.","expression":"i_prg","category":"technology"}],"summary":{"text":"컴퓨터 프로그래밍의 이해 과목은 제가 대학에서 배운 전공 과목 중 가장 기억에 남는 과목입니다. 이 과목을 배우면서 컴퓨터 프로그래밍 언어를 어떻게 사용하여 프로그래밍을 짤 수 있는지에 대해 알고 알고리즘을 바탕으로 생각하는 방법을 알게 되었습니다.","wordCount":34}}},"rawDataInfo":{"question":{"fileFormat":"wav","fileSize":257998,"duration":8060,"samplingBit":16,"channelCount":1,"samplingRate":"16kHz","audioPath":"/Mock/05.ICT/Female/New/ckmk_q_ict_f_n_177578.wav"},"answer":{"fileFormat":"wav","fileSize":1748878,"duration":54650,"samplingBit":16,"channelCount":1,"samplingRate":"16kHz","audioPath":"/Mock/05.ICT/Female/New/ckmk_a_ict_f_n_177578.wav"}}}