{"version":"1.0","dataSet":{"info":{"date":"20230116","occupation":"ICT","channel":"MOCK","place":"ONLINE","gender":"FEMALE","ageRange":"55-","experience":"NEW"},"question":{"raw":{"text":"만약 입사 후 원하던 일을 못 하게 되었을 경우 어떻게 하실 건가요 그렇게 하실 이유는 무엇인가요","wordCount":16},"emotion":[],"intent":[]},"answer":{"raw":{"text":"입사 후 제가 원하는 일을 못하게 되었을 경우라 하면 제가 원치 않는 부서에서 일을 해야 한다는 말씀이신가요. 만약 그런 경우라면 조직에서 저에게 다른 부서에서 일할 기회를 주신다면 그만한 이유가 충분히 있으리라고 생각하겠습니다. 제가 미처 깨닫지 못한 저의 강점을 발견해 주신 것 만으로도 기쁘다고 생각할 겁니다. 그러한 이유로 다른 부서라도 일할 준비가 되어 있습니다. 다만 제가 원하는 부서는 조직 내의 다양한 직무를 찾아보고 그 중에서 제가 가장 잘 할 수 있는 업무이기에 가장 적합하다고 여겼고 또 충분히 업무에서 좋은 성과를 낼 수 있다는 자신감으로 지원했습니다. 그러므로 언제가 될지는 모르겠지만 다른 부서에서 경력을 쌓아온 후 제가 원했던 일을 할 수 있는 그 부서에 다시 한 번 도전할 수 있는 기회를 얻고 싶습니다.","wordCount":110},"emotion":[{"text":"제가 미처 깨닫지 못한 저의 강점을 발견해 주신 것 만으로도   기쁘다고 생각할 겁니다.","expression":"p-happiness","category":"positive"}],"intent":[{"text":"다만 제가 원하는 부서는 조직 내의 다양한 직무를 찾아보고   그 중에서 제가 가장 잘 할 수 있는 업무이기에 가장 적합하다고 여겼고   또 충분히 업무에서 좋은 성과를 낼 수 있다는 자신감으로 지원했습니다.","expression":"c_sincere_job","category":"etc"}],"summary":{"text":"입사 후 원하지 않는 부서에서 일하게 된다면 다른 부서라도 일할 준비가 되어 있습니다. 다만 제가 가장 잘 할 수 있는 업무이기에 가장 적합하다고 여겼고 또 충분히 업무에서 좋은 성과를 낼 수 있다는 자신감으로 지원했습니다.","wordCount":34}}},"rawDataInfo":{"question":{"fileFormat":"wav","fileSize":358478,"duration":11200,"samplingBit":16,"channelCount":1,"samplingRate":"16kHz","audioPath":"/Mock/05.ICT/Female/New/ckmk_q_ict_f_n_161079.wav"},"answer":{"fileFormat":"wav","fileSize":2626958,"duration":82090,"samplingBit":16,"channelCount":1,"samplingRate":"16kHz","audioPath":"/Mock/05.ICT/Female/New/ckmk_a_ict_f_n_161079.wav"}}}