{"version":"1.0","dataSet":{"info":{"date":"20230116","occupation":"ICT","channel":"MOCK","place":"ONLINE","gender":"FEMALE","ageRange":"-34","experience":"NEW"},"question":{"raw":{"text":"몇 년 전 우버 택시와 관한 논란이 있었던 걸 알고 계실 겁니다 지원자께서는 찬반 양론에 대해 각각 어떻게 생각하시는지 설명 부탁드리겠습니다","wordCount":21},"emotion":[],"intent":[]},"answer":{"raw":{"text":"우버 택시는 배낭 여행자들 해외 여행자들에게 굉장히 좋은 어플이라고 생각합니다. 특히 해외 여행에서 우버 택시를 굉장히 많이 쓰는 것으로 알고 있는데요. 저는 사실 우버 택시를 직접 이용해 본 적은 없습니다. 이렇게 좋은 우버 택시 어플이 범죄를 일으킬 수도 있다고 생각합니다. 하지만 우버 택시는 이미 좋은 매우 좋은 선 선한 영향력을 끼치기 때문에 저는 찬성하는 입장입니다. 우버 택시에 대한 정책과 규율이 조금 더 다져지고 세워진다면 더 깨끗하고 클린한 우버 택시 정책이 만들어진다면 우버 택시에 관한 논란도 없어질 것이라고 생각합니다. 저는 우버 택시를 찬성합니다.","wordCount":82},"emotion":[],"intent":[{"text":"","expression":"","category":"attitude"}],"summary":{"text":"우버 택시는 배낭 여행자들 해외 여행자들에게 매우 좋은 어플입니다. 우버 택시에 대한 정책과 규율이 더 다져지고 세워진다면 더 깨끗하고 클린한 우버 택시 정책이 만들어진다면 우버 택시 논란도 없어질 것이라고 생각합니다.","wordCount":30}}},"rawDataInfo":{"question":{"fileFormat":"wav","fileSize":422478,"duration":13200,"samplingBit":16,"channelCount":1,"samplingRate":"16kHz","audioPath":"/Mock/05.ICT/Female/New/ckmk_q_ict_f_n_124778.wav"},"answer":{"fileFormat":"wav","fileSize":1937358,"duration":60540,"samplingBit":16,"channelCount":1,"samplingRate":"16kHz","audioPath":"/Mock/05.ICT/Female/New/ckmk_a_ict_f_n_124778.wav"}}}