{"version":"1.0","dataSet":{"info":{"date":"20230116","occupation":"MM","channel":"MOCK","place":"ONLINE","gender":"FEMALE","ageRange":"45-54","experience":"EXPERIENCED"},"question":{"raw":{"text":"얼마 전에 구급대원이 주취자에게 폭행을 당해서 순직 당하는 일이 있었습니다 지원자님은 이 사건에 대해서 어떻게 생각하고 계시나요","wordCount":17},"emotion":[],"intent":[]},"answer":{"raw":{"text":"굉장히 속상하고 예 일어나서는 안 될 안타까운 사고라고 생각을 합니다. 어 도와주기 위한 에 그 구급대원이잖아요. 구급대원은 어려운 사람을 위급한 사람을 도와주는 임무를 맡은 분인데 그분을 폭행했다는 것 자체가 일반적인 사람의 상식으로는 이해가 될 수 없는 일이죠. 하지만 더욱더 안타까운 것은 그 상황에서 구급대원이 본인을 보호하기 위해서 할 수 있는 방안 제도 이런 것들이 없었다는 것입니다. 그 상황에서 구급대원은 어떻게 했었어 했어야 했을까요. 그 힘이 없어서 그랬을까요. 그분이 만약에 그 술이 취한 분을 밀치거나 어 다른 행동을 해서 그 취약 취객이 다쳤으면 그 책임은 또 누구한테 있었을까요. 어 그런 것들을 생각했을 때 어 제도 개선이 무엇보다 필요하다 어 취객의 거 안전이 우선이 아니라 구급대원의 안전이 더 우선이 되어야 되지 않았을까. 그리고 취객을 다뤘을 때는 어떤 지침이 있거나 아 위급 상황에는 어떻게 대처하라는 것이 반드시 매뉴얼화 되어서 어 다시는 두 번 다시는 이런 슬픈 일이 일어나지 않았으면 좋겠습니다.","wordCount":137},"emotion":[],"intent":[{"text":"","expression":"","category":"attitude"}],"summary":{"text":"어려운 사람과 위급한 사람을 도와주는 구급대원을 폭행했다는 것은 안타까운 일입니다. 더 안타까운 것은 구급 대원이 본인을 보호하기 위해서 할 수 있는 방안 제도 등이 없었다는 것입니다. 제도 개선이 필요합니다. 취객의 안전이 우선이 아니라 구급대의 안전이 더 우선이어야 합니다. 위급 상황 대처 방법이 매뉴얼화되어야 합니다.","wordCount":44}}},"rawDataInfo":{"question":{"fileFormat":"wav","fileSize":619278,"duration":19350,"samplingBit":16,"channelCount":1,"samplingRate":"16kHz","audioPath":"/Mock/07.ProductionManufacturing/Female/Experienced/ckmk_q_mm_f_e_301368.wav"},"answer":{"fileFormat":"wav","fileSize":2465358,"duration":77040,"samplingBit":16,"channelCount":1,"samplingRate":"16kHz","audioPath":"/Mock/07.ProductionManufacturing/Female/Experienced/ckmk_a_mm_f_e_301368.wav"}}}