{"version":"1.0","dataSet":{"info":{"date":"20230116","occupation":"MM","channel":"MOCK","place":"ONLINE","gender":"FEMALE","ageRange":"45-54","experience":"EXPERIENCED"},"question":{"raw":{"text":"생산에 차질이 생겼을 때 어떤 행동을 취하시겠나요","wordCount":7},"emotion":[],"intent":[]},"answer":{"raw":{"text":"생산에 차질이 생겼다는 것은 납기를 맞추지 못 했다는 것은 아마 여러 가지 이유가 있을 텐데 어 그것은 어떤 단계에서 문제가 생겼는지 정확하게 파악을 하겠습니다. 어 그것은 아무래도 이제 어 분량이 발생했을 수도 있고 분량이 발생한 데에 대해서는 어 분량이 발생 비율이 너무 높아서 어 차질이 생겼을 수도 있고 그리고 원자재 그래서 원자재가 부족할 수도 있고 어 그리고 원가를 너무 절감하려고 하다 보니 생산에서 생산이 위축되어서 생산 단계에서 어 생산 과정에서 어 서로 잘 협의가 이루어지지 않았을 수도 있습니다. 여러 가지 문제가 있을 텐데 그 중에 어떤 것인지를 파악 하는 일에 어 주력을 하겠습니다. 그래서 그 부분을 얼른 해결해서 어 서로 정보를 공유하고 그 부분을 시정해 나가면서 어 빠르게 어 솔루션을 어 찾아야 되겠죠. 그렇게 빠르게 솔루선을 찾아서 해결할 수 있는 방법이 있다면 모두 다 같이 어 충분히 부서간에 협력을 통해서 의견을 조율하고 서로 공감한 후에 어 해결책을 정하고 그대로 실행하는 일을 어 빠른 속도로 진행해야 되겠죠. 그것들 아마 누구나 다 그렇게 할 것입니다. 일 처리를 끝내야 하니까요. 어 마감 기약을 맞추려 최대한 노력하겠습니다.","wordCount":163},"emotion":[],"intent":[{"text":"","expression":"","category":"attitude"}],"summary":{"text":"생산에 차질이 생긴 것은 여러 가지 이유가 있을 텐데 어떤 단계에서 문제가 생겼는지 정확하게 파악을 하겠습니다. 우선 그 문제를 빨리 파악해서 정보를 공유하고 시정해 나가면서 빠르게 솔루션을 찾아야 되겠습니다. 그렇게 해결할 수 있는 방법이 있다면 모두 다 같이 의견을 조율하고 서로 공감한 후에 해결책을 정하고 그대로 실행하는 일을 빠른 속도로 진행해야 합니다.","wordCount":52}}},"rawDataInfo":{"question":{"fileFormat":"wav","fileSize":239438,"duration":7480,"samplingBit":16,"channelCount":1,"samplingRate":"16kHz","audioPath":"/Mock/07.ProductionManufacturing/Female/Experienced/ckmk_q_mm_f_e_213511.wav"},"answer":{"fileFormat":"wav","fileSize":2859918,"duration":89370,"samplingBit":16,"channelCount":1,"samplingRate":"16kHz","audioPath":"/Mock/07.ProductionManufacturing/Female/Experienced/ckmk_a_mm_f_e_213511.wav"}}}