{"version":"1.0","dataSet":{"info":{"date":"20230116","occupation":"MM","channel":"MOCK","place":"ONLINE","gender":"FEMALE","ageRange":"45-54","experience":"EXPERIENCED"},"question":{"raw":{"text":"생산 관리가 무엇이며 생산 관리에서 가장 중요한 것이 무엇인지 설명해 주세요","wordCount":11},"emotion":[],"intent":[]},"answer":{"raw":{"text":"제가 생각할 때 생산 관리는 일단 제품을 생산해서 그 제품을 어 효율적으로 생산할 수 있도록 생산 과정에서 그것들을 관리하고 그래서 그 관리를 할 때 인적 관리가 있을 테고 뭐 기계를 기계 시스템 관리가 있고 그다음에 뭐 효율적인 정보 관리 시스템 정도를 어 꼽자면 그 관리를 통해서 효과적인 생산성을 어 가져올 수 있는 그 전략을 짜고 분석력을 발휘해서 어 생산력을 높여 내는 거 생산성을 높여내는 것이 생산 관리의 목적인 것 같습니다. 그래서 생산 관리에서는 가장 중요한 게 효율적 생산 생산성 답보겠죠. 어 효율적인 생산성 답보와 그다음에 항상 목표한 목표치만큼의 생산성을 계속 이끌어내는 거 어 그리고 불량 발생률을 줄인다든지 뭐 월 평균 생산성을 조금씩이라도 향상 시킬 수 있도록 최소 다 해서 더 적절한 어 효율성을 가져올 수 있는 방법들을 생각해내고 그리고 그것을 위해서 계속해서 끊임없이 모니터링하고 정보를 분석하고 문제가 뭔지 문제를 알아내고 해결책을 내고 하는 것들이 생산 관리이면서 어 가장 중요한 부분이라고 생각합니다.","wordCount":141},"emotion":[],"intent":[{"text":"제가 생각할 때 생산 관리는 일단 제품을 생산해서 그 제품을 어 효율적으로 생산할 수 있도록 생산 과정에서 그것들을 관리하고 그래서 그 관리를 할 때 인적 관리가 있을 테고 뭐 기계를 기계 시스템 관리가 있고 그다음에 뭐 효율적인 정보 관리 시스템 정도를 어 꼽자면 그 관리를 통해서 효과적인 생산성을 어 가져올 수 있는 그 전략을 짜고 분석력을 발휘해서 어 생산력을 높여 내는 거 생산성을 높여내는 것이 생산 관리의 목적인 것 같습니다.","expression":"f_prod_plan","category":"technology"},{"text":"어 효율적인 생산성 답보와 그다음에 항상 목표한 목표치만큼의 생산성을 계속 이끌어내는 거 어 그리고 불량 발생률을 줄인다든지 뭐 월 평균 생산성을 조금씩이라도 향상 시킬 수 있도록 최소 다 해서 더 적절한 어 효율성을 가져올 수 있는 방법들을 생각해내고 그리고 그것을 위해서 계속해서 끊임없이 모니터링하고 정보를 분석하고 문제가 뭔지 문제를 알아내고 해결책을 내고 하는 것들이 생산 관리이면서 어 가장 중요한 부분이라고 생각합니다.","expression":"f_prod_plan","category":"technology"}],"summary":{"text":"제품 생산 과정 관리, 인적 관리, 기계 시스템 관리, 효율적인 정보 관리 시스템으로 효율적인 생산력을 높이는 것이 생산 관리의 목적인 것 같습니다. 그래서 생산 관리에서는 효율적 생산 생산성 답보가 중요하고 이를 위해 지속적인 모니터링과 정보 분석으로 문제를 알아내고 해결책을 내는 것이 가장 중요한 부분이라고 생각합니다.","wordCount":45}}},"rawDataInfo":{"question":{"fileFormat":"wav","fileSize":266318,"duration":8320,"samplingBit":16,"channelCount":1,"samplingRate":"16kHz","audioPath":"/Mock/07.ProductionManufacturing/Female/Experienced/ckmk_q_mm_f_e_213378.wav"},"answer":{"fileFormat":"wav","fileSize":2783438,"duration":86980,"samplingBit":16,"channelCount":1,"samplingRate":"16kHz","audioPath":"/Mock/07.ProductionManufacturing/Female/Experienced/ckmk_a_mm_f_e_213378.wav"}}}