{"version":"1.0","dataSet":{"info":{"date":"20230116","occupation":"MM","channel":"MOCK","place":"ONLINE","gender":"FEMALE","ageRange":"45-54","experience":"EXPERIENCED"},"question":{"raw":{"text":"본인의 주변 친구들 중 한 명을 골라서 칭찬을 해 주시는데 최대한 구체적이고 자세한 칭찬일수록 좋습니다","wordCount":15},"emotion":[],"intent":[]},"answer":{"raw":{"text":"친구 중에 살아온 삶이 그렇게 평탄하지 않은 친구가 한 명 있습니다. 근데 그 친구는 살아온 삶이 어 옆에서 지켜봤을 때 평탄하지 않고 굉장히 굴곡이 많았음에도 불구하고 어 결코 좌절하지 않습니다. 어 제가 생각할 때 일반적인 사람이라면 그 정도 되면 좌절하고 매우 힘들다고 주변인들에게 그렇게 말 할만 한데 힘들다는 이야기는 하지만 그래서 더 열심히 살겠다. 그래서 힘든 힘든 상황일 때 이기 때문에 나는 이걸 해야 한다 라고 항상 희망적인 메시지를 주는 친구입니다. 어떠한 상황에 처해도 본인이 나아가야 될 될 바를 생각하지 뒤루 주춤하거나 주저앉거나 물러설 생각을 하지 않습니다. 그래서 그 친구는 항상 밝고 긍정적입니다. 아무리 어려운 상황에 있어도 어 그 그 친구보다 어렵지 않은 친구들조차도 그 친구와 함께 있으면서 더 힘을 어 힘을 더 솟게 하고 그리고 다른 사람들에게 어 할 수 있다는 긍정의 에너지를 본인의 어려운 상황에 처했음에도 불구하고 끊임없이 어 불어 넣어주는 그런 친구입니다. 그 친구를 보고 있으면 어 어떠한 일이라도 어떤 어려움에 처해도 어 해결할 방법이 있을 것처럼 보이고 그리고 힘든 일이 있어도 잘 해내야겠다 라는 그런 의지가 솟는 아주 좋은 친구입니다.","wordCount":164},"emotion":[],"intent":[{"text":"","expression":"","category":"attitude"}],"summary":{"text":"친구 중 평탄하지 않은 친구가 있습니다. 그는 굴곡이 많음에도 좌절하지 않고 희망적인 메시지를 주는 친구입니다. 어떠한 상황에서도 주춤하거나 물러설 생각을 하지 않아 항상 밝고 긍정적입니다. 그 친구를 보고 있으면 어떤 일이라도 어떤 어려움에 처해도 해결할 방법이 있을 것처럼 보이고 힘든 일이 있어도 잘 해내겠다는 의지가 솟는 아주 좋은 친구였습니다.","wordCount":49}}},"rawDataInfo":{"question":{"fileFormat":"wav","fileSize":312718,"duration":9770,"samplingBit":16,"channelCount":1,"samplingRate":"16kHz","audioPath":"/Mock/07.ProductionManufacturing/Female/Experienced/ckmk_q_mm_f_e_261454.wav"},"answer":{"fileFormat":"wav","fileSize":2710798,"duration":84710,"samplingBit":16,"channelCount":1,"samplingRate":"16kHz","audioPath":"/Mock/07.ProductionManufacturing/Female/Experienced/ckmk_a_mm_f_e_261454.wav"}}}