{"version":"1.0","dataSet":{"info":{"date":"20230116","occupation":"MM","channel":"MOCK","place":"ONLINE","gender":"FEMALE","ageRange":"45-54","experience":"EXPERIENCED"},"question":{"raw":{"text":"어 스트레스를 받으면 지원자님께서 어떤 방법으로 스트레스를 하시나요 그리고 그런 방법으로 스트레스를 해소하는 이유는 무엇인지 말씀해 주시길 바랍니다","wordCount":18},"emotion":[],"intent":[]},"answer":{"raw":{"text":"스트레스를 받으면 가만히 앉아 있으면 스트레스 상황이 계속 떠오르거나 어 마음을 답답하게 만드는 어 편에 속합니다. 그래서 스트레스를 받으면 저는 그것들을 다 어 잊어 버릴 만큼 밖에 나가서 신체적인 활동을 합니다. 자전거를 타고 뭐 공기 좋은 곳으로 개 경치가 좋은 곳으로 자전거를 타고 짧은 여행을 갔다 온다던지 아니면 땀을 흘리면서 어 숲속 숲속길을 걷는다든지 숲속길을 두 세 시간 정도 걷는다든지 그리고 나서 푹 어 잠을 자거나 쉰다든지 뭐 이런 식으로 신체적인 활동을 하고 또 건강을 다지고 어 공기 좋은 곳에서 분위기가 상쾌해지고 기분이 다시 리프레시될 수 있는 곳으로 찾아가서 주충 재충전을 하고 분위기를 새롭게 다지고 머릿속을 깨끗하게 비우는 것으로 스트레스 해소를 해결합니다. 앉아서 가만히 해결할 수 있다고 정신적인 스트레스가 해결되면 좋겠는데 저는 뭐 영화를 보거나 그러면 더 복잡해지는 편이기 때문에 어 싹 비우고 깨끗하게 하기 위해서 어 몸을 움직이는 편입니다.","wordCount":130},"emotion":[],"intent":[{"text":"","expression":"","category":"attitude"}],"summary":{"text":"스트레스 받으면 가만히 앉아 있으면 스트레스 상황이 계속 떠오르거나 마음을 답답하게 만드는 편에 속합니다. 그래서 스트레스를 받으면 그것들을 다 잊어버릴 만큼 밖에서 신체적인 활동을 하고, 건강을 다지고, 분위기를 새롭게 다지고 머릿속을 깨끗이 비우는 것으로 스트레스 해소를 해결합니다.","wordCount":37}}},"rawDataInfo":{"question":{"fileFormat":"wav","fileSize":442638,"duration":13830,"samplingBit":16,"channelCount":1,"samplingRate":"16kHz","audioPath":"/Mock/07.ProductionManufacturing/Female/Experienced/ckmk_q_mm_f_e_261572.wav"},"answer":{"fileFormat":"wav","fileSize":2351438,"duration":73480,"samplingBit":16,"channelCount":1,"samplingRate":"16kHz","audioPath":"/Mock/07.ProductionManufacturing/Female/Experienced/ckmk_a_mm_f_e_261572.wav"}}}