{"version":"1.0","dataSet":{"info":{"date":"20230116","occupation":"MM","channel":"MOCK","place":"ONLINE","gender":"FEMALE","ageRange":"45-54","experience":"EXPERIENCED"},"question":{"raw":{"text":"어 지원자님께서는 스터디를 따로 하고 계신 것이 있으신지 궁금합니다 어 어떤 공부를 하고 계신가요 또 어떤 이유로 하고 계신지도 말씀해 주시길 바랍니다","wordCount":22},"emotion":[],"intent":[]},"answer":{"raw":{"text":"네 지금 제가 설계 도면이나 이런 부분들을 공부를 했는데 어 요즘은 쓰리디로 설계 도면을 좀 가상화해서 바로 눈앞에 볼 수 있고 또 실제로 다른 모델과 좀 시뮬레이션을 할 수 있는 그런 기능들이 있더라고요. 그래서 그 부분을 조금 공부를 하고 있습니다. 현재 뭐 모델 뿐 아니라 쓰리디 프린팅이 굉장히 일상 생활에 많이 활용되고 있는데요. 어 설비도 마찬가지로 쓰리디 프린팅 아 쓰리디 캐드를 통해서 어 전 설비를 구현을 해 보고 또 이것을 현장에 어떻게 좀 시뮬레이션을 할 수 있는지 이러한 부분들을 공부하기 위해서 쓰리디 프린팅과 쓰리디 캐드 이런 부분들을 조금 공부하고 있습니다.","wordCount":90},"emotion":[],"intent":[{"text":"어 설비도 마찬가지로 쓰리디 프린팅 아 쓰리디 캐드를 통해서 어 전 설비를 구현을 해 보고 또 이것을 현장에 어떻게 좀 시뮬레이션을 할 수 있는지 이러한 부분들을 공부하기 위해서 쓰리디 프린팅과 쓰리디 캐드 이런 부분들을 조금 공부하고 있습니다.","expression":"c_imp","category":"personality"}],"summary":{"text":"요즘에는 쓰리디로 설계 도면을 가상화해서 보여주고, 다른 모델과 시뮬레이션을 하는 기능들이 있습니다. 설비도 마찬가지로 쓰리디 프린팅과 쓰리디 캐드를 통해서 설비를 구현하고, 현장에 시뮬레이션을 할 수 있는지 공부합니다.","wordCount":27}}},"rawDataInfo":{"question":{"fileFormat":"wav","fileSize":454478,"duration":14200,"samplingBit":16,"channelCount":1,"samplingRate":"16kHz","audioPath":"/Mock/07.ProductionManufacturing/Female/Experienced/ckmk_q_mm_f_e_282272.wav"},"answer":{"fileFormat":"wav","fileSize":1460558,"duration":45640,"samplingBit":16,"channelCount":1,"samplingRate":"16kHz","audioPath":"/Mock/07.ProductionManufacturing/Female/Experienced/ckmk_a_mm_f_e_282272.wav"}}}