{"version":"1.0","dataSet":{"info":{"date":"20230116","occupation":"MM","channel":"MOCK","place":"ONLINE","gender":"FEMALE","ageRange":"45-54","experience":"EXPERIENCED"},"question":{"raw":{"text":"만약 지원자님께서 게임 속에 캐릭터라면 어떤 게임에서 어떤 역할을 맡아서 소유하고 싶으신가요 생각나는 대로 답변 부탁드릴게요","wordCount":16},"emotion":[],"intent":[]},"answer":{"raw":{"text":"제가 게임 속 캐릭터라면 욕심이 많고 어 자신의 욕심과 탐욕을 위해 많은 사람을 희생시키는 악마와 같은 사회악 아 공공의 적과 같은 그런 존재와 한 판 멋지게 붙어서 보기 좋게 이기는 캐릭터의 역할을 해 보고 싶습니다. 정의를 실현한다는 것은 큰 어 의미는 아니고 모두가 공평하게 함께 잘 사는 세상을 만드는 것이 가장 이상적인 세상이라고 가장 이상적인 어 일을 하는 히어로가 된다고 영웅이 된다고 생각하는데 그 히어로가 안타깝게도 게임 속 캐릭터에서는 가능하겠지만 현실에서는 쉽지 않습니다. 어 본인의 이익 때문에 다른 사람들에게 손해를 끼치고 심지어 다른 사람들을 죽음으로 내몰거나 하는 사람에게는 응당의 대가를 치르게 하는 그런 홍길동 같은 게임 캐릭터를 맡아서 수행해 보고 싶습니다.","wordCount":101},"emotion":[],"intent":[{"text":"","expression":"","category":"attitude"}],"summary":{"text":"제가 게임 속 캐릭터라면 악인이나 공공의 적인 캐릭터 역할을 해 보고 싶습니다. 정의를 실현한다는 것은 모두가 공평하게 함께 잘 사는 세상을 만드는 것이라고 생각하는데, 게임속 캐릭터와는 다르게 현실에서는 어려운 역할인 홍길동 같은 캐릭터 역할 수행이 궁금합니다.","wordCount":36}}},"rawDataInfo":{"question":{"fileFormat":"wav","fileSize":577358,"duration":18040,"samplingBit":16,"channelCount":1,"samplingRate":"16kHz","audioPath":"/Mock/07.ProductionManufacturing/Female/Experienced/ckmk_q_mm_f_e_240015.wav"},"answer":{"fileFormat":"wav","fileSize":2411598,"duration":75360,"samplingBit":16,"channelCount":1,"samplingRate":"16kHz","audioPath":"/Mock/07.ProductionManufacturing/Female/Experienced/ckmk_a_mm_f_e_240015.wav"}}}