{"version":"1.0","dataSet":{"info":{"date":"20230116","occupation":"MM","channel":"MOCK","place":"ONLINE","gender":"FEMALE","ageRange":"45-54","experience":"EXPERIENCED"},"question":{"raw":{"text":"지원자님께서 지금까지 인생을 살아오면서 후회되는 일이 있었다면 어떠한 일이었는지 한 가지만 골라서 자세하게 답변해 주시면 감사하겠습니다","wordCount":16},"emotion":[],"intent":[]},"answer":{"raw":{"text":"인생을 살면서 가장 후회되는 일이 있다 면 제가 어 원하는 공부를 어 해야 했던 시기를 놓쳤던 거 그것이 후회되는 일입니다. 저는 나름대로 제가 어린 시절부터 하고 싶었던 부분이 예술과 관련된 분야에서 공부를 해보고 싶었는데 어렸을 때는 가정 형편 때문에 힘들었고 그리고 나서 어른이 되고 나서는 어 경제적인 문제를 해결하고 또 가정을 꾸미는 일을 우선시 하는 바람에 제가 정말 하고 싶었던 예술적인 소양을 펼치고 그쪽 분야에 어 관련된 공부를 좀 더 할 수 있었던 시기를 놓쳤습니다. 기회는 있었습니다. 대학을 졸업하고 애니메이션에 관련된 어 대회에 팀을 이뤄서 참여하는 그런 곳에 어 공동의 작업에 참여해서 저희 팀이 큰 성과를 거두고 어 수상을 했는데도 저는 그 일이 저에게 그 당시에 경제적으로 도움이 되지 않고 저는 또 가정을 꾸려야 하는 입장이라 너무 하고 싶지만 그 일을 하지 않기로 결정했었습니다. 그래서 지금 생각해서는 그 일을 하면서 그쪽 분야에 계속 공부를 했었더라면 어 지금 그쪽 분야에서 뚜렷한 성과를 내면서 스스로 성취감을 느끼면서 살고 있지 않을까 하는 생각을 가끔 합니다. 어 그 부분에 대해서 다른 선택을 했었더라면 어땠을까 하고 후회하는 어 그런 그런 어 생각이 들 때가 많 많이 있습니다.","wordCount":172},"emotion":[{"text":"어 그 부분에 대해서 다른 선택을 했었더라면 어땠을까 하고 후회하는 어 그런 그런 어 생각이 들 때가 많 많이 있습니다.","expression":"n-distress","category":"negative"}],"intent":[{"text":"","expression":"","category":"attitude"}],"summary":{"text":"인생에서 가장 후회되는 일은 제가 원하는 공부를 해야 했던 시기를 놓쳤던 것입니다. 기회는 있었지만 그 일을 하지 않기로 결정했습니다. 지금 생각하면 그 분야에서 뚜렷한 성과를 내면서 스스로 성취감을 느끼면서 살고 있지 않을까 하는 생각을 합니다. 다른 선택을 했더라면 하고 후회하는 때가 많이 있습니다.","wordCount":43}}},"rawDataInfo":{"question":{"fileFormat":"wav","fileSize":396878,"duration":12400,"samplingBit":16,"channelCount":1,"samplingRate":"16kHz","audioPath":"/Mock/07.ProductionManufacturing/Female/Experienced/ckmk_q_mm_f_e_301936.wav"},"answer":{"fileFormat":"wav","fileSize":3390478,"duration":105950,"samplingBit":16,"channelCount":1,"samplingRate":"16kHz","audioPath":"/Mock/07.ProductionManufacturing/Female/Experienced/ckmk_a_mm_f_e_301936.wav"}}}