{"version":"1.0","dataSet":{"info":{"date":"20230116","occupation":"MM","channel":"MOCK","place":"ONLINE","gender":"FEMALE","ageRange":"45-54","experience":"EXPERIENCED"},"question":{"raw":{"text":"만약에 지원자님께서 다른 지원자들에 비해 지원자님만이 가진 차별성이나 장점을 어필한다면 어떤 것이 있을지 궁금합니다 말씀해 주시기 바랍니다","wordCount":17},"emotion":[],"intent":[]},"answer":{"raw":{"text":"저는 나이에 비해 여러 가지 직업을 섭렵했습니다. 제가 어 계약직으로 있었던 경험이 많기 때문에 계약직의 아픔도 잘 알고 또 짧게는 정직원으로 있었던 적도 있었기 때문에 정직원으로서의 안정감 편안함 이런 것을 잘 알고 있습니다. 그래서 어떤 일이 주어지든 또 주인 의식을 가지고 일을 하는 것이 얼마나 중요한지 알기 때문에 어 저는 어떤 일에든 적응을 쉽게 할 수 있으리라고 생각 합니다. 어 저는 또 부드러운 성격을 가지고 있기 때문에 다른 사람들과 화합을 잘 하는 편입니다. 어 별로 그렇게 말을 많이 하지 않고 다른 사람의 의견을 많이 들어주는 쪽이라 어 다른 사람들이 저를 대할 때도 매우 편안하게 생각한다고 생각합니다.","wordCount":96},"emotion":[],"intent":[{"text":"","expression":"","category":"attitude"}],"summary":{"text":"저는 계약직으로 있었던 경험이 많고 정직원으로 있었던 적도 있었기 때문에 정직으로서의 안정감 편안함을 잘 알고 있습니다. 그래서 어떤 일이든 주인 의식을 가지고 일을 하는 것이 중요하기 때문에 적응을 쉽게 할 수 있을 것입니다.","wordCount":33}}},"rawDataInfo":{"question":{"fileFormat":"wav","fileSize":551758,"duration":17240,"samplingBit":16,"channelCount":1,"samplingRate":"16kHz","audioPath":"/Mock/07.ProductionManufacturing/Female/Experienced/ckmk_q_mm_f_e_282608.wav"},"answer":{"fileFormat":"wav","fileSize":1973838,"duration":61680,"samplingBit":16,"channelCount":1,"samplingRate":"16kHz","audioPath":"/Mock/07.ProductionManufacturing/Female/Experienced/ckmk_a_mm_f_e_282608.wav"}}}