{"version":"1.0","dataSet":{"info":{"date":"20230116","occupation":"MM","channel":"MOCK","place":"ONLINE","gender":"FEMALE","ageRange":"45-54","experience":"EXPERIENCED"},"question":{"raw":{"text":"최근 공부하고 있는 분야가 있다면 그것은 무엇인가요 왜 그것을 공부하고 있는지 이제까지는 무엇을 배웠는지도 함께 말씀해 주세요","wordCount":17},"emotion":[],"intent":[]},"answer":{"raw":{"text":"어 지금 제가 공부하는 거는 어 새롭게 개발된 프로그램들에 대해서 공부하고 있습니다. 기존에 알고 있던 프로그램보다도 기계나 설비나 뭐 여러 가지 프로그램들 새롭게 개발되는 쓰리디 프로그램이나 아니면 캐드 프로그램 설계 프로그램이나 이런 것들은 어 너무 빠르게 변화되고 있기 때문에 그것들을 조금씩이라도 내가 알고 있는 범위에서 새롭게 개발되거나 알지 못하던 것들이 생겼을 때는 그것을 그때그때 차곡차곡 배워두지 않으면은 나중에 업무를 하시는 역량이 매우 떨어질 거라고 생각하기 때문에 그런 프로그램들이 어 이미 기존에 내가 쓰고 있던 것이 익숙하고 쉬울지라도 새로운 것들을 자꾸 배워 나가려고 노력하지 않으면 그런 기술적인 측면에서는 나중에 그것을 어 한꺼번에 배우거나 그 단계를 뛰어넘을 수 없기 때문에 그때그때 새로운 프로그램들은 조금씩이라도 익혀 놓으려고 노력하고 있습니다.","wordCount":106},"emotion":[],"intent":[{"text":"","expression":"","category":"attitude"}],"summary":{"text":"새롭게 개발된 프로그램들에 대해 공부하고 있습니다. 기존의 것이 익숙하고 쉬울수록 새로운 것들을 계속 배워 나가려고 노력하지 않으면 한꺼번에 배우거나 그 단계를 뛰어넘을 수 없기 때문에 그때그때 새로운 프로그램들은 조금씩이라도 익혀 놓으려고 노력하고 있습니다.","wordCount":33}}},"rawDataInfo":{"question":{"fileFormat":"wav","fileSize":362318,"duration":11320,"samplingBit":16,"channelCount":1,"samplingRate":"16kHz","audioPath":"/Mock/07.ProductionManufacturing/Female/Experienced/ckmk_q_mm_f_e_281094.wav"},"answer":{"fileFormat":"wav","fileSize":2205518,"duration":68920,"samplingBit":16,"channelCount":1,"samplingRate":"16kHz","audioPath":"/Mock/07.ProductionManufacturing/Female/Experienced/ckmk_a_mm_f_e_281094.wav"}}}