{"version":"1.0","dataSet":{"info":{"date":"20230116","occupation":"MM","channel":"MOCK","place":"ONLINE","gender":"FEMALE","ageRange":"45-54","experience":"EXPERIENCED"},"question":{"raw":{"text":"지원자님의 십 년 후 미래는 어떨 것 같으세요 정말 솔직하게 그때까지 저희 회사에 계속 다니고 계실 것 같은지도 말씀해 주시기 바랍니다","wordCount":21},"emotion":[],"intent":[]},"answer":{"raw":{"text":"아 십 년 후면 제 나이가 몇이죠. 아 정년은 아직 안 됐을 것 같은데요. 그럼 계속 다니고 있지 않을까요. 아 십 년쯤이면 팀원이 아니라 한 부장님 정도는 될 것 같네요. 어 프로젝트 한 두 가지 정도는 쪼금 한 획을 긋는 예 그런 좀 이력을 남기고 싶구요. 어 십 년 후쯤이면 후배들이 저에게 다가와 어 쫌 직장인의 어려움이라던가 이런 것들을 토로할 수 있는 상담을 잘 해주는 그런 멋진 부장님 네 그런 타이틀을 좀 얻고 싶습니다. 어 물론 일도 잘해서 성과도 좀 좋고 음 모든 걸 다 잘 할 수는 없겠지만 그래도 쫌 팀원들한테 본보기가 되는 닮고 싶은 어 그러한 선배 부장님이 되는 게 어 저의 십 년 후의 모습이 아닐까 싶습니다.","wordCount":110},"emotion":[],"intent":[{"text":"","expression":"","category":"attitude"}],"summary":{"text":"십 년 후면 저는 팀원이 아니라 한 부장님 정도는 될 것 같습니다. 팀원들한테 본보기가 되는 선배 부장님이 되는 게 저 자신의 10년 후의 모습이 아닐까 싶습니다.","wordCount":26}}},"rawDataInfo":{"question":{"fileFormat":"wav","fileSize":616078,"duration":19250,"samplingBit":16,"channelCount":1,"samplingRate":"16kHz","audioPath":"/Mock/07.ProductionManufacturing/Female/Experienced/ckmk_q_mm_f_e_301371.wav"},"answer":{"fileFormat":"wav","fileSize":1879118,"duration":58720,"samplingBit":16,"channelCount":1,"samplingRate":"16kHz","audioPath":"/Mock/07.ProductionManufacturing/Female/Experienced/ckmk_a_mm_f_e_301371.wav"}}}