{"version":"1.0","dataSet":{"info":{"date":"20230116","occupation":"MM","channel":"MOCK","place":"ONLINE","gender":"FEMALE","ageRange":"45-54","experience":"EXPERIENCED"},"question":{"raw":{"text":"본인의 생각이 아니라 본인 주변의 다른 사람들이 생각하는 지원자님의 단점과 장점을 전부 말씀해 주세요","wordCount":14},"emotion":[],"intent":[]},"answer":{"raw":{"text":"어 제 생각이 아니라 주변에 저를 알고 있는 사람들이 저를 생각할 때 제 단점은 우선 성격이 약간 급합니다. 무슨 일을 시행하거나 어떤 것을 결정할 때 마음이 앞서고 열정이 앞서서 조금 신중하게 결정하는데 어 약간 문제가 있는 편입니다. 어 때로는 열정적인 부분이 장점이 될 수 있습니다. 어떤 일을 할 때 항상 앞장서서 일을 하고 그 일이 잘 되게 하기 위해서 빠르게 움직입니다. 그리고 일의 처리 속도도 계획을 세워서 세워 정확하게 움직이려고 미리미리 빠르게 계획을 세웁니다. 하지만 어 그 빠른 과정 중에서 오히려 너무나 빠르게 일을 진행한 나머지 작은 것들을 간과할 때가 있습니다. 그것은 또 제 단점이 됩니다. 그리고 또 사람을 사귀고 알아가는 데 있어서도 빠르게 사람들을 알아가고 어 그래서 오히려 이제 이 관계를 이어나가는데 어 빠르긴 하지만 그 이후에 그 관계들을 좀 더 깊이 있게 유지하는 데 대해서 조금 더 신중해야 한다는 그런 단점을 어 주위 사람으로부터 조금 듣고 있습니다.","wordCount":139},"emotion":[],"intent":[{"text":"어 제 생각이 아니라 주변에 저를 알고 있는 사람들이 저를 생각할 때 제 단점은 우선 성격이 약간 급합니다.","expression":"c_person","category":"background"},{"text":"그리고 일의 처리 속도도 계획을 세워서 세워 정확하게 움직이려고 미리미리 빠르게 계획을 세웁니다.","expression":"f_resp","category":"attitude"}],"summary":{"text":"저는 성격이 급해서 어떤 일을 시행하거나 어떤 것을 결정할 때 마음이 앞서고 열정이 앞서서 조금 신중하게 결정하는데 문제가 있는 편입니다. 그러나 열정적인 부분이 장점이 될 수 있습니다. 빠르게 일을 진행하다가 작은 것들을 간과할 때가 있고, 사람을 사귀고 알아가는 데 있어서도 빠르게 관계를 이어나가는데 좀 더 신중해야 합니다.","wordCount":47}}},"rawDataInfo":{"question":{"fileFormat":"wav","fileSize":298958,"duration":9340,"samplingBit":16,"channelCount":1,"samplingRate":"16kHz","audioPath":"/Mock/07.ProductionManufacturing/Female/Experienced/ckmk_q_mm_f_e_266935.wav"},"answer":{"fileFormat":"wav","fileSize":2830158,"duration":88440,"samplingBit":16,"channelCount":1,"samplingRate":"16kHz","audioPath":"/Mock/07.ProductionManufacturing/Female/Experienced/ckmk_a_mm_f_e_266935.wav"}}}