{"version":"1.0","dataSet":{"info":{"date":"20230116","occupation":"MM","channel":"MOCK","place":"ONLINE","gender":"FEMALE","ageRange":"45-54","experience":"EXPERIENCED"},"question":{"raw":{"text":"본인의 생각이 아니라 지원자님 주변 사람들이 생각하는 본인만의 단점과 장점을 전부 말씀해 주시겠어요","wordCount":13},"emotion":[],"intent":[]},"answer":{"raw":{"text":"저에 주변 사람들이 생각하는 저는 열정적이고 그리고 도전 정신이 강하고 그리고 다른 사람을 도와주는데 주저함이 없습니다. 하지만 저는 또 사람들과 관계 맺기 할 때 불필요 불필요할 만큼 저의 마음을 잘 터놓고 이야기하는 편입니다. 그것이 솔직하고 정직하다고 평가받을 수 있습니다. 하지만 동시에 단점이기도 합니다. 어느 정도는 본인의 속내를 드러내지 않고 진짓하게 생각하고 더 고려해서 나의 속마음을 이야기할 때 오히려 상처를 주지도 않고 상처를 받지도 않고 어느 정도의 선을 긋고 그 선을 넘지 않는 관계를 유지할 수 있을 텐데 저 같은 경우에는 사람들과 함께 관계할 때 솔직하고 담백하게 이야기한다고 하면서 사실 하지 않아도 될 얘기를 어 털어 놓을 때가 있습니다. 그런 부분이 주변 사람들에게는 저의 장점이고 그리고 저 사람은 앞과 뒤가 같고 한결같고 거짓된 말을 하지 않는 사람이라는 좋은 이미지와 함께 하지만 또 너무 속을 드러내고 얘기하니 그 모든 것들이 서로 부담이 되는 관계가 될 수도 있다는 단점도 같이 가지고 있다고 주변에서 그렇게 생각합니다. 어 저는 나름대로 이 부분을 많이 노력해서 좀 더 생각하고 사람들의 관계에 따라 이야기를 어느 정도까지 할 것인지를 고려하는 습관을 가지게 되었습니다.","wordCount":164},"emotion":[],"intent":[{"text":"","expression":"","category":"attitude"}],"summary":{"text":"저는 열정적이고 도전 정신이 강하고 다른 사람을 도와주는데 주저함이 없습니다. 하지만 사람들과 관계 맺을 때 마음을 잘 터놓고 이야기하는 편이지만, 상처를 주지 않고 어느 정도의 선을 긋고 그 선을 넘지 않는 관계를 유지할 수 있을 텐데 저 같은 경우에는 사람들과 함께 관계할 때 솔직하고 담백하게 이야기하는 것이 장점인 동시에 단점이기도 합니다.","wordCount":51}}},"rawDataInfo":{"question":{"fileFormat":"wav","fileSize":285198,"duration":8910,"samplingBit":16,"channelCount":1,"samplingRate":"16kHz","audioPath":"/Mock/07.ProductionManufacturing/Female/Experienced/ckmk_q_mm_f_e_239588.wav"},"answer":{"fileFormat":"wav","fileSize":3455438,"duration":107980,"samplingBit":16,"channelCount":1,"samplingRate":"16kHz","audioPath":"/Mock/07.ProductionManufacturing/Female/Experienced/ckmk_a_mm_f_e_239588.wav"}}}