{"version":"1.0","dataSet":{"info":{"date":"20230116","occupation":"MM","channel":"MOCK","place":"ONLINE","gender":"FEMALE","ageRange":"45-54","experience":"EXPERIENCED"},"question":{"raw":{"text":"혹시 이직을 생각하는 동료를 만나게 된다면 뭐라고 말씀하실 건가요 왜 그렇게 말씀하실지도 말씀해 주세요","wordCount":14},"emotion":[],"intent":[]},"answer":{"raw":{"text":"이직을 생각하는 동료를 만나게 돼서 그 동료의 이야기를 듣는다면 저는 일단 이직을 하려고 하는 사람의 마음속에는 뭔가 아주 짧지 않은 고민이 있었을 거라고 생각을 하기 때문에 이유가 무엇이고 이직을 생각하는 결정 생각하게 된 결정적인 계기가 무엇인지 물어보고 싶습니다. 그래서 충분히 그 사람의 이직에 대한 이야기를 들어보고 그 상황에 따라서 이직이 그에게 좋은 일일지 좋은 결과를 가져올지 혹은 이직을 했을 때 더 실망스러운 결과를 가져올 수도 있을 것인지에 대해서 어 제가 느끼는 바를 그대로 진솔하게 이야기해 줄 것 같습니다. 그 이유가 무엇인지 제가 예측 불가능하기 때문에 여기에서 뭐라고 말해야 될지를 구체적으로 말하기는 어렵겠지만 이직을 생각하는 이유에 대해서는 반드시 듣고 싶고 그 이직을 생각하는 이유가 과연 다른 곳으로 이직했을 때는 그 이유에 대한 문제가 어 완전히 해결될 것인지에 대해서 조언을 해주고 싶습니다. 그렇지 않을 것 같은 문제를 가지고 이직을 생각하는 거라면 가볍게 이직을 생각하지 않도록 어 음 충분히 심사숙고 해 볼 것을 조언해 줄 것 같습니다. 중요한 문제이니까요.","wordCount":146},"emotion":[],"intent":[{"text":"","expression":"","category":"attitude"}],"summary":{"text":"이직을 생각하는 동료에게 이직의 이유와 결정적인 계기가 무엇인지 묻고 싶습니다. 상황에 따라 이직이 좋은일지 나쁜일지 혹은 이직을 했을 때 실망스러운 결과를 가져올지에 대해 제가 느끼는 바를 진솔하게 이야기해 줄 것 같습니다. 이직의 이유에 대해서는 반드시 듣고 싶으며 그렇지 않을 것 같은 문제라면 충분히 심사숙고 해 볼 것을 조언해 주어야 합니다.","wordCount":50}}},"rawDataInfo":{"question":{"fileFormat":"wav","fileSize":304718,"duration":9520,"samplingBit":16,"channelCount":1,"samplingRate":"16kHz","audioPath":"/Mock/07.ProductionManufacturing/Female/Experienced/ckmk_q_mm_f_e_213506.wav"},"answer":{"fileFormat":"wav","fileSize":2760398,"duration":86260,"samplingBit":16,"channelCount":1,"samplingRate":"16kHz","audioPath":"/Mock/07.ProductionManufacturing/Female/Experienced/ckmk_a_mm_f_e_213506.wav"}}}