{"version":"1.0","dataSet":{"info":{"date":"20230116","occupation":"MM","channel":"MOCK","place":"ONLINE","gender":"FEMALE","ageRange":"45-54","experience":"EXPERIENCED"},"question":{"raw":{"text":"지원자님의 의견을 주장하실 때 강하게 주장하는 편이신가요 어떤 스타일로 평소 자신의 의견을 주장하시는지 말씀해 주실 수 있을까요","wordCount":17},"emotion":[],"intent":[]},"answer":{"raw":{"text":"의견을 주장할 때 어 조심스럽지만 강하게 주장합니다. 의견을 함부로 주장하지는 않고 논리적이고 설득력 있는 근거를 가지고 있다고 생각할 때 의견을 강하게 주장합니다. 논리적인 근거나 설득력 있는 의견을 위해서 정보를 교합하고 특히 그것이 직무와 관련된 일이고 일의 방향을 결정짓는 것이라면 매우 중요하기 때문에 근거가 반드시 있어야 한다고 보고 그것을 제시하면서 함께 일하는 사람들에게 설득력 있는 어 말로 의견을 주장합니다. 제 저보다 더 설득력 있는 의견을 가지고 저를 설득하는 사람이 있다면 당연히 그 사람의 주장에 어 힘을 실려는 것에도 반드시 동의할 것입니다. 의견을 강하게 주장하는 것은 제가 근거가 있기 때문이라고 생각하는 것이고 만약 제 근거가 상대방의 다른 주장을 하는 사람의 근거보다 희박하다고 생각할 때는 그 상대방의 의견에 더 동의하는 것도 서슴치 않고 정확하게 할 수 있다고 생각합니다.","wordCount":115},"emotion":[],"intent":[{"text":"","expression":"","category":"attitude"}],"summary":{"text":"의견을 주장할 때는 조심스럽지만 강하게 주장합니다. 의견을 함부로 주장하지 않고 논리적이고 설득력 있는 근거를 가지고 있다고 생각할 때 의견을 강하게 주장하며, 근거가 희박하다고 생각할 때는 상대방의 의견에 더 동의하는 것도 서슴지 않고 정확하게 할 수 있다고 생각합니다.","wordCount":37}}},"rawDataInfo":{"question":{"fileFormat":"wav","fileSize":613838,"duration":19180,"samplingBit":16,"channelCount":1,"samplingRate":"16kHz","audioPath":"/Mock/07.ProductionManufacturing/Female/Experienced/ckmk_q_mm_f_e_266941.wav"},"answer":{"fileFormat":"wav","fileSize":2487118,"duration":77720,"samplingBit":16,"channelCount":1,"samplingRate":"16kHz","audioPath":"/Mock/07.ProductionManufacturing/Female/Experienced/ckmk_a_mm_f_e_266941.wav"}}}