{"version":"1.0","dataSet":{"info":{"date":"20230116","occupation":"MM","channel":"MOCK","place":"ONLINE","gender":"FEMALE","ageRange":"45-54","experience":"EXPERIENCED"},"question":{"raw":{"text":"지원자님께서 대학 생활을 보내면서 가장 힘들었던 경험은 무엇입니까 지원자님께서 그것을 어떻게 극복했는지도 말씀해 주시기 바랍니다","wordCount":15},"emotion":[],"intent":[]},"answer":{"raw":{"text":"대학 생활을 보낼 때 저는 학생들을 대표해서 학생회에서 일을 한 경험이 있습니다. 어 대학 생활에서 단순히 학점을 따고 관리하고 성적을 잘 받고 하는 거는 자기 자신만의 공부 관리 방법을 통해서 열심히 노력하면 가능한 일이지만 학생회에서 대표로 일을 하면서 학생들의 민원을 처리하고 그것들을 학교와 협의하에서 문제를 해결해 나가고 그것들을 또 다시 정보를 공유하고 이런 과정들이 저에게 큰 경험이 되었습니다. 힘들기도 했지만 저의 역량을 키우는데 많은 도움이 되는 경험이었습니다. 일을 하면서 극복한 방법은 어 제가 좀 더 열심히 발 빠르게 움직이고 다른 여러 사람의 이익을 대변한다는 마음으로 성실하게 임했을 때 어 그리고 진심으로 그 일을 해결하고자 접근했을 때 그것들을 극복할 수 있었습니다.","wordCount":100},"emotion":[{"text":"대학 생활을 보낼 때 저는 학생들을 대표해서 학생회에서 일을 한 경험이 있습니다.","expression":"u-fact","category":"neutral"},{"text":"어 대학 생활에서 단순히 학점을 따고 관리하고 성적을 잘 받고 하는 거는 자기 자신만의 공부 관리 방법을 통해서 열심히 노력하면 가능한 일이지만 학생회에서 대표로 일을 하면서 학생들의 민원을 처리하고 그것들을 학교와 협의하에서 문제를 해결해 나가고 그것들을 또 다시 정보를 공유하고 이런 과정들이 저에게 큰 경험이 되었습니다.","expression":"u-fact","category":"neutral"}],"intent":[{"text":"대학 생활을 보낼 때 저는 학생들을 대표해서 학생회에서 일을 한 경험이 있습니다.","expression":"c_private","category":"background"},{"text":"어 대학 생활에서 단순히 학점을 따고 관리하고 성적을 잘 받고 하는 거는 자기 자신만의 공부 관리 방법을 통해서 열심히 노력하면 가능한 일이지만 학생회에서 대표로 일을 하면서 학생들의 민원을 처리하고 그것들을 학교와 협의하에서 문제를 해결해 나가고 그것들을 또 다시 정보를 공유하고 이런 과정들이 저에게 큰 경험이 되었습니다.","expression":"c_private","category":"background"}],"summary":{"text":"저는 학생들을 대표해서 학생회에서 일을 한 경험이 있습니다. 학생회에서 대표로 일을 하며 학생들의 민원을 처리하고 학교와 협의하에 문제를 해결해 나가고 그것들을 또 다시 정보를 공유하고 이런 과정들이 저에게는 큰 경험이 되었습니다.","wordCount":31}}},"rawDataInfo":{"question":{"fileFormat":"wav","fileSize":513998,"duration":16059,"samplingBit":16,"channelCount":1,"samplingRate":"16kHz","audioPath":"/Mock/07.ProductionManufacturing/Female/Experienced/ckmk_q_mm_f_e_261774.wav"},"answer":{"fileFormat":"wav","fileSize":1747278,"duration":54600,"samplingBit":16,"channelCount":1,"samplingRate":"16kHz","audioPath":"/Mock/07.ProductionManufacturing/Female/Experienced/ckmk_a_mm_f_e_261774.wav"}}}