{"version":"1.0","dataSet":{"info":{"date":"20230116","occupation":"MM","channel":"MOCK","place":"ONLINE","gender":"FEMALE","ageRange":"45-54","experience":"EXPERIENCED"},"question":{"raw":{"text":"만약 지원자님의 상사가 어려운 지시를 한다면 어떻게 하실 건가요 그렇게 할 이유에 대해서도 함께 답변해 주시길 바랍니다","wordCount":17},"emotion":[],"intent":[]},"answer":{"raw":{"text":"일을 처리하는 중 상사에게 어려운 지시를 받으면 당연히 어려운 지시여도 도저히 할 수 없는 불가능한 일이 아니라면 답을 찾아서 해결책을 내고 그 지시를 그대로 따를 수 있는 일을 어 방법을 찾아서 일을 해내도록 하겠습니다. 어 상사가 내려 주는 지시가 업무와 관련된 것이라면 당연히 어려워도 더욱 열심히 해결책을 착 찾아서 그 일을 지시대로 따라서 해야겠지요. 어떻게 하면 더 쉽게 그 일을 처리할 수 있는지 방법을 알아내는 것도 제가 역량을 키우는 방법 중의 하나가 될 것입니다. 제가 해결할 수 있는 방법을 다 동원해서 해결하려고 노력하는 과정 자체가 업무 지식을 쌓고 역량을 키우는 경험이 될 거라고 생각하고 최선을 다해서 방법을 찾아서 이를 지시대로 해결하도록 노력하겠습니다.","wordCount":102},"emotion":[],"intent":[{"text":"","expression":"","category":"attitude"}],"summary":{"text":"업무 처리 중 상사에게 어려운 지시를 받으면 방법을 찾아서 해결책을 내고 그 지시를 그대로 따를 수 있도록 하겠습니다. 어떻게 하면 더 쉽게 그 일을 처리할 수 있는지 방법을 알아내는 것도 제가 역량을 키우는 방법 중의 하나입니다. 최선을 다해서 방법을 찾아서 지시대로 해결하도록 노력하겠습니다.","wordCount":43}}},"rawDataInfo":{"question":{"fileFormat":"wav","fileSize":595918,"duration":18620,"samplingBit":16,"channelCount":1,"samplingRate":"16kHz","audioPath":"/Mock/07.ProductionManufacturing/Female/Experienced/ckmk_q_mm_f_e_239834.wav"},"answer":{"fileFormat":"wav","fileSize":2198478,"duration":68700,"samplingBit":16,"channelCount":1,"samplingRate":"16kHz","audioPath":"/Mock/07.ProductionManufacturing/Female/Experienced/ckmk_a_mm_f_e_239834.wav"}}}