{"version":"1.0","dataSet":{"info":{"date":"20230116","occupation":"MM","channel":"MOCK","place":"ONLINE","gender":"FEMALE","ageRange":"45-54","experience":"EXPERIENCED"},"question":{"raw":{"text":"다른 계열사도 많이 있지만 이 계열사에 지원해 주신 특별한 이유가 있나요 들어보고 싶네요","wordCount":13},"emotion":[],"intent":[]},"answer":{"raw":{"text":"이 계열사는 제가 하고 싶던 일을 제가 원하는 방향대로 그런 방향성을 가지고 일해 나가는 회사라고 확신이 들었습니다. 이 계열사가 추진하는 사업들이 제가 언젠가는 꼭 한번 해보고 싶었던 사업들과 거의 일치하고 그리고 이 계열사가 일을 추진해 나가는 방식도 제가 한번 함께 일해 보고 싶은 방향과 맞습니다.분위기도 역시 방향성이 맞기 때문에 회사에서 어 일해 나가는 사람들의 마인드나 방향성 분위기도 제가 원하는 방향과 크게 다르지 않을 거라는 그런 생각이 듭니다. 그래서 이곳에서 일하면 일해 나가는 방식 추구하는 바 회사의 분위기 이런 모든 것이 제가 생각하고 추구했던 이상적인 일들에 가까울 것이라는 생각이 들고 판단이 됐습니다.","wordCount":91},"emotion":[],"intent":[{"text":"이 계열사가 추진하는 사업들이 제가 언젠가는 꼭 한번 해보고 싶었던 사업들과 거의 일치하고 그리고 이 계열사가 일을 추진해 나가는 방식도 제가 한번 함께 일해 보고 싶은 방향과 맞습니다.","expression":"c_sincere_job","category":"etc"},{"text":"분위기도 역시 방향성이 맞기 때문에 회사에서 어 일해 나가는 사람들의 마인드나 방향성 분위기도 제가 원하는 방향과 크게 다르지 않을 거라는 그런 생각이 듭니다.","expression":"c_sincere_job","category":"etc"},{"text":"그래서 이곳에서 일하면 일해 나가는 방식 추구하는 바 회사의 분위기 이런 모든 것이 제가 생각하고 추구했던 이상적인 일들에 가까울 것이라는 생각이 들고 판단이 됐습니다.","expression":"c_sincere_job","category":"etc"}],"summary":{"text":"이 계열사는 제가 하고 싶던 일을 원하는 방향성대로 하는 회사라고 확신이 들었습니다. 추진 사업들도 제가 해보고 싶었던 사업들과 일치하고, 분위기 역시 제가 일해 보고 싶은 방향성과 맞습니다. 모든 것이 제가 생각하고 추구했던 이상적인 일들에 가까울 것이라고 판단이 됐습니다.","wordCount":38}}},"rawDataInfo":{"question":{"fileFormat":"wav","fileSize":330638,"duration":10330,"samplingBit":16,"channelCount":1,"samplingRate":"16kHz","audioPath":"/Mock/07.ProductionManufacturing/Female/Experienced/ckmk_q_mm_f_e_239688.wav"},"answer":{"fileFormat":"wav","fileSize":2508238,"duration":78380,"samplingBit":16,"channelCount":1,"samplingRate":"16kHz","audioPath":"/Mock/07.ProductionManufacturing/Female/Experienced/ckmk_a_mm_f_e_239688.wav"}}}