{
    "version": "1.0",
    "dataSet": {
        "info": {
            "date": "20230116",
            "occupation": "MM",
            "channel": "MOCK",
            "place": "ONLINE",
            "gender": "FEMALE",
            "ageRange": "45-54",
            "experience": "EXPERIENCED"
        },
        "question": {
            "raw": {
                "text": "이 직무에 지원하신 이유가 무엇인지 말씀해 주세요 또한 왜 본인이 적합한 인재라고 생각하시는지도 설명해 주시기 바랍니다",
                "wordCount": 16
            },
            "emotion": [],
            "intent": []
        },
        "answer": {
            "raw": {
                "text": "저는 이전에 직장에서 이 직무와 관련된 일들을 충분히 해 봤던 경험이 있습니다. 그러면서 나름대로 시행착오를 겪었고 어 그리고 더 잘 이 일을 해내기 위해서 어떤 일 것이 필요한지도 명확히 알고 있습니다. 어 생산성 향상을 위해서는 효율적인 시스템 구축이 필요한데 그것은 기획 관리 부서에서 처음 시작 단계부터 아주 매우 세심하게 구축이 되어야 된다고 봅니다. 어 그것들이 미스가 나지 않게 중간중간 모니터링하는 것도 반드시 필요하고 모니터링하면서 중간에 어떤 어 문제가 생겼을 때 바로바로 그 문제를 어 초기에 해결하는 것이 중요하다는 것을 경험을 통해 깨닫고 있습니다. 제가 충분히 그것들을 몸으로 체험했고 깨달았고 그것을 해결 해결해 본 경험이 있기 때문에 이 기획 관리 직무가 저에게 적합하다고 생각합니다.",
                "wordCount": 103
            },
            "emotion": [],
            "intent": [
                {
                    "text": "어 생산성 향상을 위해서는 효율적인 시스템 구축이 필요한데 그것은 기획 관리 부서에서 처음 시작 단계부터 아주 매우 세심하게 구축이 되어야 된다고 봅니다.",
                    "expression": "f_prod_plan",
                    "category": "technology"
                },
                {
                    "text": "어 그것들이 미스가 나지 않게 중간중간 모니터링하는 것도 반드시 필요하고 모니터링하면서 중간에 어떤 어 문제가 생겼을 때 바로바로 그 문제를 어 초기에 해결하는 것이 중요하다는 것을 경험을 통해 깨닫고 있습니다.",
                    "expression": "f_prod_plan",
                    "category": "technology"
                }
            ],
            "summary": {
                "text": "저는 직장에서 직무와 관련된 일들을 충분히 해왔던 경험이 있으며, 시행착오를 겪으며 어떤 일 것이 필요한지 확실히 알고 있습니다. 기획 관리 부서에서 처음 시작 단계부터 아주 매우 세심하게 구축이 되어야 된다고 봅니다.",
                "wordCount": 31
            }
        }
    },
    "rawDataInfo": {
        "question": {
            "fileFormat": "wav",
            "fileSize": 615758,
            "duration": 19240,
            "samplingBit": 16,
            "channelCount": 1,
            "samplingRate": "16kHz",
            "audioPath": "/Mock/07.ProductionManufacturing/Female/Experienced/ckmk_q_mm_f_e_261776.wav"
        },
        "answer": {
            "fileFormat": "wav",
            "fileSize": 1749838,
            "duration": 54680,
            "samplingBit": 16,
            "channelCount": 1,
            "samplingRate": "16kHz",
            "audioPath": "/Mock/07.ProductionManufacturing/Female/Experienced/ckmk_a_mm_f_e_261776.wav"
        }
    }
}