{"version":"1.0","dataSet":{"info":{"date":"20230116","occupation":"MM","channel":"MOCK","place":"ONLINE","gender":"FEMALE","ageRange":"45-54","experience":"EXPERIENCED"},"question":{"raw":{"text":"어 이전 직장에서 이제 혹은 대학교에서 어떤 프로젝트를 해 보셨나요 어 그중에 생각나는 게 있으시다면 한 번 말씀해 주시기 바랍니다","wordCount":20},"emotion":[],"intent":[]},"answer":{"raw":{"text":"어 아무래도 첫 프로젝트가 가장 기억에 남습니다. 마침 제가 들어왔을 때가 저희 공장에 새로운 설비가 들어오는 날이었는데요. 일단은 설비를 처음 가까이 접하면서 시운전도 해보고 굉장히 흥미롭고 재미있었습니다. 다만 이 테스트를 해서 이 기계가 정상이다 라고까지만 확인이 된 것이고 실제로 라인에 돌아가기 위해 에서는 여러 가지 스케줄이나 작업 라인에 연결하는 그런 작업들이 필요한데요. 이것을 또 근무시간을 하게 되면 기존 생산 라인은 영향을 줄 수 있기 때문에 모두가 퇴근한 밤에 작업을 하고 또 그 다음날 또 작업하고 이런 식으로 작업을 해서 어 테스트를 하고 시운전을 하고 예 했던 경험들이 생각이 납니다. 그래서 공장에서 며칠 동안 숙박하면서 숙식을 해결하면서 어 테스트를 했던 첫 프로젝트이기도 하고 또 제가 처음으로 공장에서 그렇게 숙식을 해결하면서 했던 곳이라 좀 기억에 오래 남는 것 같습니다.","wordCount":117},"emotion":[{"text":"일단은 설비를 처음 가까이 접하면서 시운전도 해보고 굉장히 흥미롭고 재미있었습니다.","expression":"p-interest","category":"positive"}],"intent":[{"text":"","expression":"","category":"attitude"}],"summary":{"text":"첫 프로젝트가 가장 기억에 남습니다. 시운전도 해보고 굉장히 흥미로웠고, 실제로 라인에 돌아가기 위해서는 여러 스케줄이나 작업 라인에 연결하는 작업들이 필요한데, 모두가 퇴근한 밤에 작업을 하고 또 그 다음날 또 작업을 해서 테스트를 하고 시운전을 하고 했던 경험들이 생각이 납니다.","wordCount":39}}},"rawDataInfo":{"question":{"fileFormat":"wav","fileSize":439758,"duration":13740,"samplingBit":16,"channelCount":1,"samplingRate":"16kHz","audioPath":"/Mock/07.ProductionManufacturing/Female/Experienced/ckmk_q_mm_f_e_275357.wav"},"answer":{"fileFormat":"wav","fileSize":2290638,"duration":71580,"samplingBit":16,"channelCount":1,"samplingRate":"16kHz","audioPath":"/Mock/07.ProductionManufacturing/Female/Experienced/ckmk_a_mm_f_e_275357.wav"}}}