{"version":"1.0","dataSet":{"info":{"date":"20230116","occupation":"MM","channel":"MOCK","place":"ONLINE","gender":"FEMALE","ageRange":"45-54","experience":"EXPERIENCED"},"question":{"raw":{"text":"업무를 수행하고 있는데 어려움에 직면했다면 이것을 어떻게 해결을 하시겠습니까 본인만의 해결법과 그 해결을 하려는 방법의 이유를 말씀해 주세요","wordCount":18},"emotion":[],"intent":[]},"answer":{"raw":{"text":"직무를 수행하다가 제가 하기 힘든 어려운 난관에 봉착하게 되면 일단 저는 전임자가 했던 일이라면 전임자에게 자문을 구해서 정보를 얻어서 그 일을 어 어떻게 해결할 것인지 고민해 보겠습니다. 물론 그 일이 전임자한테서도 답을 찾을 수 없는 일이면 일이라면 저 혼자 해결책을 찾기 위해 수많은 정보 수집을 하고 그리고 문서들을 많이 찾아보고 그리고 이제 이전에 일했던 방식에서 힌트를 얻고 그렇게 열심히 직무 수행의 어려움 어려운 부분을 해결하려고 노력을 할 것입니다. 근데 저의 해결 방법은 일단 이 일을 제가 어려워 하는 이 일을 잘 할 수 있는 사람에게 조언을 구하거나 그 사람을 통해서 어 정보를 얻는 것을 가장 중요한 방법으로 꼽겠습니다. 어떤 일을 수행하면서 완전히 새롭고 전혀 남이 해보지 않은 일이라면 모를까 회사 안에서의 직무나 연구 같은 경우에는 분명히 이 비슷한 일을 해결했던 케이스나 그런 전임자가 있을 것이기 때문에 조언을 구하거나 제가 비록 거기에서 더 더해서 조금 더 뛰어난 업무 성과를 보이고 싶다고 하더라도 기존에 축적되어 있는 노하우를 먼저 제가 습득하고 그것들을 통해서 피드백 받는 일을 어 해야만 회사가 요구하는 것이 무엇인지 이전에 있었던 일에서의 배울 점은 무엇인지 반드시 저에게 어 좋은 음 피드백이 될 것이라고 생각하기 때문에 그런 해결책을 이용하겠습니다.","wordCount":178},"emotion":[],"intent":[{"text":"","expression":"","category":"attitude"}],"summary":{"text":"직무 수행 중 어려운 문제에 봉착하게 되면 전임자에게 자문을 구해서 정보를 얻어서 어떻게 해결할 것인지 고민하겠습니다. 그 일을 잘 할 수 있는 사람에게 조언을 구하거나 그 사람을 통해서 정보를 얻는 것을 가장 중요한 방법으로 꼽겠습니다. 기존에 축적되어 있는 노하우를 먼저 습득하고 그것을 통해서 피드백 받는 일을 해야 회사가 요구하는 것이 무엇인지 이전의 일에서 배울 점은 무엇인지 반드시 좋은 피드백이 될 것이라고 생각하기 때문에 그렇게 이용하겠습니다.","wordCount":65}}},"rawDataInfo":{"question":{"fileFormat":"wav","fileSize":588878,"duration":18400,"samplingBit":16,"channelCount":1,"samplingRate":"16kHz","audioPath":"/Mock/07.ProductionManufacturing/Female/Experienced/ckmk_q_mm_f_e_282220.wav"},"answer":{"fileFormat":"wav","fileSize":3454158,"duration":107940,"samplingBit":16,"channelCount":1,"samplingRate":"16kHz","audioPath":"/Mock/07.ProductionManufacturing/Female/Experienced/ckmk_a_mm_f_e_282220.wav"}}}