{"version":"1.0","dataSet":{"info":{"date":"20230116","occupation":"MM","channel":"MOCK","place":"ONLINE","gender":"FEMALE","ageRange":"45-54","experience":"EXPERIENCED"},"question":{"raw":{"text":"일을 하다가 만약 상사에게 어려운 지시를 받게 된다면 어떻게 하실 건가요 이유에 대해서도 함께 말씀 부탁드립니다","wordCount":16},"emotion":[],"intent":[]},"answer":{"raw":{"text":"상사가 저에게 너무나 어려운 지시를 내렸다면 그것은 저를 믿고 제 역량을 한 번 시험해 보고자 하시는 걸로 생각하겠습니다. 그래서 어려운 짓이라고 하더라도 제 선에서 최선을 다에서 노력하면 어느 정도 성과를 낼 수 있다고 판단되면 최선을 다해서 그 어려운 지시를 열심히 한 번 수행해 보도록 할 것입니다. 어 그러면 매우 어렵고 힘든 과정들이 예상되더라도 그 과정에서 분명히 제가 한 단계 어 업그레이드 되고 성장할 것이기 때문에 최선을 다해서 어려운 업무를 한번 해내 보겠습니다. 만약에 그 업무가 제가 도저히 수행할 수 없는 그저 그런 수준의 업무라면 그거는 처음부터 이런 이런 이유로 이것은 어 내가 절대로 해낼 수 없는 업무다 라고 선을 그어서 먼저 말하겠습니다. 하지만 제 역량에서 가능하고 조금의 어려움이 예상되고 어 힘든 과정이 예상됐다고 하더라도 제가 할 수 있는 역량 안에 있다면은 좀 어렵다고 해서 그것을 어 안 하겠다던지 고사하겠다든지 그런 식의 결정은 절대 하지 않을 것입니다. 어 제 어 발전에 도움이 될 것이기 때문입니다.","wordCount":144},"emotion":[],"intent":[{"text":"","expression":"","category":"attitude"}],"summary":{"text":"어려운 지시라 하더라도 최선을 다하면 성과를 낼 수 있다고 판단되면 최선을 다해서 그 어려운 지시를 열심히 수행해 보도록 하겠습니다. 어려운 과정들이 예상되더라도 그 과정에서 제가 한 단계 업그레이드 되고 성장할 것이기 때문에 최선을 다 해서 어려운 업무를 한번 해내 보겠습니다.","wordCount":40}}},"rawDataInfo":{"question":{"fileFormat":"wav","fileSize":587598,"duration":18360,"samplingBit":16,"channelCount":1,"samplingRate":"16kHz","audioPath":"/Mock/07.ProductionManufacturing/Female/Experienced/ckmk_q_mm_f_e_281095.wav"},"answer":{"fileFormat":"wav","fileSize":2503758,"duration":78240,"samplingBit":16,"channelCount":1,"samplingRate":"16kHz","audioPath":"/Mock/07.ProductionManufacturing/Female/Experienced/ckmk_a_mm_f_e_281095.wav"}}}