{"version":"1.0","dataSet":{"info":{"date":"20230116","occupation":"MM","channel":"MOCK","place":"ONLINE","gender":"FEMALE","ageRange":"45-54","experience":"EXPERIENCED"},"question":{"raw":{"text":"최근에 본 뉴스들 가운데 어 여러 가지 뉴스가 있었는데요 지원자님이 보시기에 가장 인상 깊었던 뉴스는 무엇인가요 그리고 그것이 인상 깊었던 이유도 같이 말씀해 주세요","wordCount":24},"emotion":[],"intent":[]},"answer":{"raw":{"text":"최근에 본 뉴스들 중 가장 인상 깊었던 뉴스는 뭐 지금 전 세계가 굉장히 어 안정되지 못하고 많은 전쟁과 뭐 우크라이나 러시아 전쟁부터 어 푸틴의 핵에 대한 태도 이런 것 때문에 전 세계가 공포 속에 또 어 떨고 있고 불안해 하고 있고 그리고 영국은 또 어 브렉시트 때문에 잘못된 결정으로 나라 전체가 아주 힘든 상황에 처해있습니다. 이런 가운데 제 저에게 가장 인상 깊은 뉴스는 어 이탈리아의 어 리더가 되는 어 총리가 아주 어 급 극우 성향을 가지고 있는 보수 어 총리가 되었다는 것이고 그녀가 또한 어 굉장히 생각보다 젊은 세대라는 것 그런데도 불구하고 아주 그 보수에 속한 사람이라는 거 다른 민족이나 어 다른 유럽 국가들 어 심지어 인종적인 부분에서도 매우 배타적이고 적대적인 어 그런 음 극우 성향의 사람이 이탈리아에서 전폭적인 지지를 받았다는 것이 매우 크게 어 놀란 소식이기도 합니다. 어 전 세계가 글로벌 시대라고 외치고 있었는데 이런 몇 가지 사안과 뭐 코로나 이런 것들로 인해 인해서 전체적으로 극우 성향으로 보수적인 성향으로 바뀌는 것이 아닌가 라는 우려가 있습니다.","wordCount":156},"emotion":[{"text":"어 전 세계가 글로벌 시대라고 외치고 있었는데 이런 몇 가지 사안과 뭐 코로나 이런 것들로 인해 인해서 전체적으로 극우 성향으로 보수적인 성향으로 바뀌는 것이 아닌가 라는 우려가 있습니다.","expression":"n-anxiety","category":"negative"}],"intent":[{"text":"","expression":"","category":"attitude"}],"summary":{"text":"최근 전 세계가 안정되지 못한 전쟁과 핵에 대한 태도, 브렉시트로 힘든 상황임에도 불구하고 이탈리아는 극우 성향의 총리가 되었습니다. 그녀는 젊은 세대임에도 배타적이고 적대적인 극우 성향이 다른 민족이나 유럽 국가들에서 지지를 받았습니다. 코로나 등으로 인해 전체가 극우 성향으로 바뀌는 것이 아닌가 우려됩니다.","wordCount":41}}},"rawDataInfo":{"question":{"fileFormat":"wav","fileSize":492878,"duration":15400,"samplingBit":16,"channelCount":1,"samplingRate":"16kHz","audioPath":"/Mock/07.ProductionManufacturing/Female/Experienced/ckmk_q_mm_f_e_213504.wav"},"answer":{"fileFormat":"wav","fileSize":2867598,"duration":89610,"samplingBit":16,"channelCount":1,"samplingRate":"16kHz","audioPath":"/Mock/07.ProductionManufacturing/Female/Experienced/ckmk_a_mm_f_e_213504.wav"}}}