{"version":"1.0","dataSet":{"info":{"date":"20230116","occupation":"MM","channel":"MOCK","place":"ONLINE","gender":"FEMALE","ageRange":"45-54","experience":"EXPERIENCED"},"question":{"raw":{"text":"일을 하다 보면 상사와 트러블이 생길 수도 있는데요 이럴 때 지원자님은 어떻게 하실 건가요 또한 상사가 혼을 내도 괜찮으신가요","wordCount":19},"emotion":[],"intent":[]},"answer":{"raw":{"text":"어 상사와 트러블이 생길 수 있습니다. 저도 그렇게 생각합니다. 어 실제로 그런 적도 있었으니까요. 어 상사가 혼을 내거나 상사에게 어 별로 어 원인이 무엇인지도 모르는데 아무런 너무도 모르는 채 기분 나쁜 말을 듣는다면 당연히 기분이 나쁠 것입니다. 기분이 안 나쁘다면 거짓말일 것입니다. 하지만 트러블이 생기고 그 트러블이 생긴 그 상태에서 제 감정이나 이런 것들이 전혀 어 한 발짝도 물러나오지 못하고 빠져나오지도 못하는 상태로 있다면 어 저는 아마 그 트러블에서 정말 헤어 나오지 못 하는 그야말로 희생자가 되는 것입니다. 저는 그렇게 이야기한 상사의 그런 꾸지람이 저에게 마땅히 들어야 할 만한 그런 꾸지람이나 어 조언이었다면 어 시간이 지나면 저는 그걸 받아들이고 있을 것입니다. 그런데 그렇지 않고 어 원인이 제가 아니라 아무런 이유 없이 어 제가 그럴 만한 아무런 행동도 하지 않았는데 어 상사의 기분에 의해서 그런 일을 당했다면 시간이 지난 후에 어 상사와 이야기를 해서 그런 부분에 대해서 제가 기분이 별로 좋지 않았고 어 그러한 일이 다시 없었으면 좋겠다 라는 이야기를 어 조용하게 이야기를 나눠서 서로의 관계를 개선하는 데 신경을 쓰면서 일을 해 나가겠습니다.","wordCount":162},"emotion":[{"text":"어 상사가 혼을 내거나 상사에게 어 별로 어 원인이 무엇인지도 모르는데 아무런 너무도 모르는 채 기분 나쁜 말을 듣는다면 당연히 기분이 나쁠 것입니다.","expression":"n-anger","category":"negative"}],"intent":[{"text":"","expression":"","category":"attitude"}],"summary":{"text":"상사와 트러블이 생길 수 있습니다. 원인이나 아무 이유 없이 상사의 기분에 의해서 그런 일을 당했다면 시간이 지난 후에 이야기를 나눠서 서로의 관계를 개선하는 데 신경을 쓰면서 일을 해 나가겠습니다.","wordCount":29}}},"rawDataInfo":{"question":{"fileFormat":"wav","fileSize":603598,"duration":18860,"samplingBit":16,"channelCount":1,"samplingRate":"16kHz","audioPath":"/Mock/07.ProductionManufacturing/Female/Experienced/ckmk_q_mm_f_e_301940.wav"},"answer":{"fileFormat":"wav","fileSize":3377358,"duration":105540,"samplingBit":16,"channelCount":1,"samplingRate":"16kHz","audioPath":"/Mock/07.ProductionManufacturing/Female/Experienced/ckmk_a_mm_f_e_301940.wav"}}}