{"version":"1.0","dataSet":{"info":{"date":"20230116","occupation":"MM","channel":"MOCK","place":"ONLINE","gender":"FEMALE","ageRange":"45-54","experience":"EXPERIENCED"},"question":{"raw":{"text":"지원자님의 성격상 장점과 단점에 대해서 각각 말씀해 주세요 구체적인 예시를 들어서 설명해 주시면 더욱 좋을 것 같습니다","wordCount":17},"emotion":[],"intent":[]},"answer":{"raw":{"text":"저는 매우 열정적이고 그리고 어떤 일에 집중하면 그 일에 최선을 다하는 그런 도전적인 정신을 가지고 있는 어 긍정적인 사람입니다. 뭐든지 안 된다 보다 된다 라고 생각하고 일단 실행에 옮기고 될 때까지 노력합니다. 되지 않을 것이기 때문에 하지 않겠다고 미리 포기하는 일은 저에게 별로 없습니다. 어 하지만 또 단점은 제가 어떤 일을 시작하면 어 그 일을 열심히 하느라 주변에 아주 작은 사소한 것들을 그냥 지나치거나 간과해 버리는 경우가 있습니다. 특히 예를 들자면 같이 일하는 사람들의 마음을 아주 세세하게 헤아리지 못하고 일 자체에만 너무 집중하는 경향이 있습니다. 하지만 그럴 때 제가 혹시 어 그런 부분에서 잊어버리거나 어 배려하지 못한 부분이 있는지 살짝 물어보면서 그런 것들을 어 제가 눈치 채지 못하고 그냥 지나쳐 버렸던 것에 대해서 다시 피드백을 받을려고 함께 일하는 사람들에게 늘 그런 질문들을 하고 제 스스로 그런 것들을 어 떠올리려고 노력하고 있습니다.","wordCount":131},"emotion":[],"intent":[{"text":"저는 매우 열정적이고 그리고 어떤 일에 집중하면 그 일에 최선을 다하는 그런 도전적인 정신을 가지고 있는 어 긍정적인 사람입니다.","expression":"c_person","category":"background"}],"summary":{"text":"저는 매우 열정적이고 어떤 일에 집중하면 그 일에 최선을 다하는 그런 도전적인 정신을 가지고 있는 긍정적인 사람이라고 할 수 있습니다. 하지만 어떤 일을 시작하면 주변에 작은 것들을 그냥 지나쳐 버리는 경우가 있는데, 그런 경우에는 다시 피드백을 받으려고 항상 질문들을 하고 제 스스로 그렇게 하려고 노력합니다.","wordCount":45}}},"rawDataInfo":{"question":{"fileFormat":"wav","fileSize":600078,"duration":18750,"samplingBit":16,"channelCount":1,"samplingRate":"16kHz","audioPath":"/Mock/07.ProductionManufacturing/Female/Experienced/ckmk_q_mm_f_e_288024.wav"},"answer":{"fileFormat":"wav","fileSize":2332238,"duration":72880,"samplingBit":16,"channelCount":1,"samplingRate":"16kHz","audioPath":"/Mock/07.ProductionManufacturing/Female/Experienced/ckmk_a_mm_f_e_288024.wav"}}}