{"version":"1.0","dataSet":{"info":{"date":"20230116","occupation":"MM","channel":"MOCK","place":"ONLINE","gender":"FEMALE","ageRange":"45-54","experience":"EXPERIENCED"},"question":{"raw":{"text":"어 지금까지 협업을 하면서 어 어려웠던 점이 있으실 수 있었는데요 어 그 어려움들을 어떻게 해결하셨는지 그 대처법을 말씀해 주시길 바랍니다","wordCount":20},"emotion":[],"intent":[]},"answer":{"raw":{"text":"협업하면서 가장 어려웠던 것은 서로 부서끼리 일을 해 나가고 함께 팀 안에서 일을 해 나갈 때 서로 일을 분류 분업 분업화해서 서로 자기의 분량만큼을 일하고 그 분량들을 서로 공유하면서 정보를 공유하면서 일의 진행을 맞춰 나가고 하는 시스템이 잘 되어 있어야 되는데 사실 대화를 하거나 의사 소통을 충분히 하려는 그런 시도들이 부족했을 때 서로 오해를 하거나 정보 공유가 제대로 되어 있지 않아서 일이 뭐 효율적으로 이뤄지지 않고 중복되거나 내지는 결과를 내어 놨을 때 구멍이 나거나 내지는 제대로 일이 처리되지 않은 것들이 중간중간 있어서 전체 열심히 했던 어 사람들의 전체 팀의 그 협업의 결과의 질을 저하시키는 경우들이 있었습니다. 그 어려움에서 느낀 거는 뭐냐면 우리가 대화가 부족했구나. 서로 충분히 중간중간 어 일이 진행 속도에 따라서 그때그때 단계별로 의사 소통을 하고 계속해서 미팅을 하고 해서 그 정보 공유도 하고 그리고 상황 설명도 하고 해서 서로 도울 것을 돕고 하는 그런 어떤 어 커뮤니케이션이 제대로 이루어져야 하는데 그러지 못했구나 라는 깨달 라는 걸 깨달았습니다. 그래서 그 어려움은 어 대화를 충분히 함으로써 어 해결했었습니다.","wordCount":158},"emotion":[],"intent":[{"text":"","expression":"","category":"attitude"}],"summary":{"text":"협업하면서 가장 어려웠던 것은 부서끼리 일을 해 나갈 때 서로 일을 분류 분업 분업화해서 서로 자기의 분량만큼을 일하고 그 분량들을 서로 공유하면서 일의 진행을 맞춰 나가고 하는 시스템이 잘 되어 있어야 되는데 그러지 못했다는 걸 깨달았습니다. 그래서 그 어려움은 대화를 충분히 함으로써 해결했습니다.","wordCount":43}}},"rawDataInfo":{"question":{"fileFormat":"wav","fileSize":515278,"duration":16100,"samplingBit":16,"channelCount":1,"samplingRate":"16kHz","audioPath":"/Mock/07.ProductionManufacturing/Female/Experienced/ckmk_q_mm_f_e_208867.wav"},"answer":{"fileFormat":"wav","fileSize":2848078,"duration":89000,"samplingBit":16,"channelCount":1,"samplingRate":"16kHz","audioPath":"/Mock/07.ProductionManufacturing/Female/Experienced/ckmk_a_mm_f_e_208867.wav"}}}