{"version":"1.0","dataSet":{"info":{"date":"20230116","occupation":"MM","channel":"MOCK","place":"ONLINE","gender":"FEMALE","ageRange":"45-54","experience":"EXPERIENCED"},"question":{"raw":{"text":"지원자님께서 지원자님만이 가지고 있는 상위 일 퍼센트의 능력이 능력은 무엇이라고 생각하십니까 그 능력을 최대한 자세하게 설명 부탁드립니다","wordCount":17},"emotion":[],"intent":[]},"answer":{"raw":{"text":"제가 갖고 있는 능력이 상위 일 퍼센트 능력을 갖고 있다고 생각하지는 않지만 제가 갖고 있는 능력 중에 가장 그 일을 해 나가는 데 있어서 가장 장점이고 가장 높이를 평가 받을 수 있는 능력이 있다면 어 열정과 노력입니다. 어 그리고 어 창의적인 생각을 합니다. 어 예를 들자면 제가 어떤 일에 봉착했을 때 그 일을 해결하려면 어 가장 최대한으로 효과적으로 하는 것이 기존의 방법이라는 생각보다는 기존에 하지 않았던 방법 중에서 뭔가 좀 더 일을 잘 해낼 수 있는 효과적인 새로운 시도가 없을까를 고민합니다. 그래서 새로운 것들을 시도해 보고 그 시도한 결과물을 또 자세히 어 분석해보고 분석해 본 이후에 더 좋은 방법들이 뭐가 생각해보고 그냥 주어진 대로 어 일하기보다는 어 그냥 주어진 것에 뭔가 좀 더 어 새로운 정보들이 생기면 거기에 더하여 창의적인 어떤 프로젝트나 아니면 좀 더 좋은 방법들 좀 더 좋은 솔루션 해결책들이 무엇일지 끊임없이 생각해보고 도전해보고 새로운 것을 어 한 번 시도해 보고 싶어하는 그런 어 열정이 저에게 있는데 그 부분인 것 같습니다.","wordCount":153},"emotion":[],"intent":[{"text":"","expression":"","category":"attitude"}],"summary":{"text":"제가 갖고 있는 능력 중 가장 높이 평가 받을 수 있는 능력은 열정과 노력입니다. 제가 어떤 일에 봉착했을 때 일을 해결하려면 기존에 하지 않았던 방법 중에서 좀 더 일을 잘 해낼 수 있는 효과적인 새로운 시도가 없을까 고민합니다. 그래서 새로운 것들을 시도해 보고 분석해 본 이후에 더 좋은 방법들이 뭐가 있을지 고민하고 도전하는 열정이 제가 있는 것 같습니다.","wordCount":58}}},"rawDataInfo":{"question":{"fileFormat":"wav","fileSize":473678,"duration":14800,"samplingBit":16,"channelCount":1,"samplingRate":"16kHz","audioPath":"/Mock/07.ProductionManufacturing/Female/Experienced/ckmk_q_mm_f_e_213376.wav"},"answer":{"fileFormat":"wav","fileSize":2764238,"duration":86380,"samplingBit":16,"channelCount":1,"samplingRate":"16kHz","audioPath":"/Mock/07.ProductionManufacturing/Female/Experienced/ckmk_a_mm_f_e_213376.wav"}}}