{"version":"1.0","dataSet":{"info":{"date":"20230116","occupation":"MM","channel":"MOCK","place":"ONLINE","gender":"FEMALE","ageRange":"45-54","experience":"EXPERIENCED"},"question":{"raw":{"text":"혹시 이전 직장에서 퇴사한 뒤 퇴사한 것을 후회하신 적은 없으신가요 만약 있다면 왜인지 이유와 함께 말씀 부탁드립니다","wordCount":17},"emotion":[],"intent":[]},"answer":{"raw":{"text":"이전 직장에서 퇴사한 것을 후회한 적은 없습니다. 어 후회를 했다면 후회를 할 만한 결정이었다면 아마 퇴사를 하지 않았을 것입니다. 어 신중하게 생각해서 퇴사를 결정하시 한 것입니다. 신중한 결정이기 때문에 후회는 없습니다. 어 퇴사의 이유는 어 제가 도전적이고 창의적인 과제를 해결하는 것을 어 업무에서 즐기고 그거에서 저의 일에 일하는 직무의 보람을 찾는데 어 이전에 다녔던 회사에서는 어 이미 공고해진 시스템을 바꿀 생각이 전혀 없고 혁신을 할 생각도 없으면서 책임 문제가 생겼을 때 책임의 소재는 시스템에서 찾지 않고 일을 했던 당사자에게서만 찾는 매우 음 좋지 못한 그런 고착된 그 작업 시스템을 갖고 있었습니다. 그렇게 되면 업무와 업무를 보는 사람이 도전 정신도 느낄 수 없고 보람도 찾을 수 없는 데다가 시스템 자체를 절대 바꿀 생각이 없기 때문에 시스템 안에서 돌아가는 사람으로서 이해에 문제가 생겼을 때 그 시스템을 고치지 않으면서 업무자에게만 스트레스를 주는 상황이 되기 때문에 저의 퇴사는 어 당연한 것이었습니다. 어 혁신과 그리고 이 업무의 생산성 관리를 어 제대로 추구하고 있는 회사의 이전에서 일을 하고 싶었습니다.","wordCount":153},"emotion":[],"intent":[{"text":"","expression":"","category":"attitude"}],"summary":{"text":"이전 직장에서 퇴사한 것을 후회한 적은 없습니다. 그 이유는 제가 도전적이고 창의적인 과제를 해결하는 것을 업무에서 즐기고 직무의 보람을 찾았는데, 회사에서는 시스템을 바꿀 생각이 없고 혁신을 할 생각도 없으면서 책임의 소재는 일을 했던 당사자만 찾는 아주 나쁜 시스템을 갖고 있었기 때문입니다. 혁신과 업무의 생산성 관리를 제대로 하는 회사에서 일하고 싶었습니다.","wordCount":50}}},"rawDataInfo":{"question":{"fileFormat":"wav","fileSize":380558,"duration":11890,"samplingBit":16,"channelCount":1,"samplingRate":"16kHz","audioPath":"/Mock/07.ProductionManufacturing/Female/Experienced/ckmk_q_mm_f_e_261458.wav"},"answer":{"fileFormat":"wav","fileSize":2765518,"duration":86420,"samplingBit":16,"channelCount":1,"samplingRate":"16kHz","audioPath":"/Mock/07.ProductionManufacturing/Female/Experienced/ckmk_a_mm_f_e_261458.wav"}}}