{"version":"1.0","dataSet":{"info":{"date":"20230116","occupation":"MM","channel":"MOCK","place":"ONLINE","gender":"FEMALE","ageRange":"45-54","experience":"EXPERIENCED"},"question":{"raw":{"text":"지원자님의 성격상 장점과 단점에 대해서 각각 말씀해 주시길 바랍니다 구체적인 예시를 들어서 말씀해 주셔도 좋습니다","wordCount":15},"emotion":[],"intent":[]},"answer":{"raw":{"text":"제 성격의 장점은 어 무엇이든지 열정적으로 도전하는 자세를 갖고 있다는 것입니다. 그리고 실행력이 강한 편입니다. 무엇을 해야겠다고 생각하면 그 일에 집중해서 성과를 냅니다. 그리고 빠르게 성과를 냅니다. 그리고 효과적인 성과를 내기 위한 방법도 많이 탐색해서 어 시행착오는 있을지언정 결과물은 어 최선을 다해서 좋은 결과물을 도출해 내려고 어 거기에만 집중하는 어 그런 장점을 갖고 있습니다. 그리고 어 인정받는 것을 좋아합니다. 그래서 여러 사람을 여러 사람들 앞에서 앞장서서 그 일을 실행하고 그것들이 잘 되었을 때 인정받는 것을 좋아합니다. 단점은 그 반대로 인정받지 못하거나 부정적인 평가를 들었을 때 그것에 대해서 반응이 빠른 편입니다. 어 그래서 최대한 부정적인 평가를 듣지 않으려고 노력을 하고요. 부정적인 평가를 들었을 때 그것을 받아들이는 것이 좀 뼈아프고 힘든 얘기지만 그것들은 이제 이전에 여러 경험을 통해서 어 제가 발전하기 위해서는 부정적인 평가를 긍정적으로 받아들여서 승화시키는 것이 필요하다는 것을 어 알게 됐습니다. 그래서 지금은 제 장점을 최대한 활용하고 단점에선 제가 인정받지 못하는 부분에 빠르게 반응하는 것 보다는 그것들을 통해서 더 좋은 어 배움의 기회로 삼고자 하는 노력들을 기울여 가고 있습니다.","wordCount":159},"emotion":[],"intent":[{"text":"제 성격의 장점은 어 무엇이든지 열정적으로 도전하는 자세를 갖고 있다는 것입니다.","expression":"c_person","category":"background"}],"summary":{"text":"제 성격의 장점은 열정적으로 도전하는 자세와 빠른 성과를 내는 실행력, 그리고 인정받는 것을 좋아하는 것입니다. 단점은 부정적인 평가를 긍정적으로 받아들여서 승화시키는 것이 필요하다는 것을 알게 됐습니다. 지금은 제 장점을 최대한 활용하고 단점에선 인정받지 못하는 부분에 반응하는 것 보다는 그것들을 통해 더 좋은 배움의 기회로 삼고자 하는 노력을 하고 있습니다.","wordCount":49}}},"rawDataInfo":{"question":{"fileFormat":"wav","fileSize":579278,"duration":18100,"samplingBit":16,"channelCount":1,"samplingRate":"16kHz","audioPath":"/Mock/07.ProductionManufacturing/Female/Experienced/ckmk_q_mm_f_e_261775.wav"},"answer":{"fileFormat":"wav","fileSize":2728078,"duration":85250,"samplingBit":16,"channelCount":1,"samplingRate":"16kHz","audioPath":"/Mock/07.ProductionManufacturing/Female/Experienced/ckmk_a_mm_f_e_261775.wav"}}}