{"version":"1.0","dataSet":{"info":{"date":"20230116","occupation":"MM","channel":"MOCK","place":"ONLINE","gender":"FEMALE","ageRange":"45-54","experience":"EXPERIENCED"},"question":{"raw":{"text":"어 지금까지 살면서 다양한 커뮤니케이션을 경험해 보셨을 텐데요 어 그러한 경험을 하시면서 어 어려웠던 점을 한 가지만 뽑아서 말씀해 주시기를 바랍니다","wordCount":21},"emotion":[],"intent":[]},"answer":{"raw":{"text":"다양한 커뮤니케이션들이 있었을 텐데 제가 가장 어려웠던 경험은 서로 마음을 터놓지 못하고 업무적으로 만났지만 본인들의 생각이 다 따로인 각자의 생각들이 있는데 그렇지 않은 척하면서 서로 대화를 이어나가야 되는 상황이 되었을 때 가장 불편했습니다. 성격상 생각하고 있는 것이 따로 있는데 그것을 드러내지 않고 아닌 척하는 것을 잘 하지 못하는 저로서는 서로 하나의 가면을 쓰고 진짜가 아닌 연기를 하는 듯한 그런 표면적인 관계를 유지해야 하는 커뮤니케이션 자체를 굉장히 불편해 하는데 거기에다가 서로 갖고 있는 직급들도 있고 그런 것들 때문에 더더욱 허심탄회하게 뭔가를 진솔하게 이야기하지 못하는 그런 커뮤니케이션을 계속 유지해야 하고 그런 관계를 이어 나가야 된다는 것은 매우 고통스럽고 유지하기가 힘이 들었습니다.","wordCount":99},"emotion":[{"text":"다양한 커뮤니케이션들이 있었을 텐데 제가 가장 어려웠던 경험은 서로 마음을 터놓지 못하고 업무적으로 만났지만 본인들의 생각이 다 따로인 각자의 생각들이 있는데 그렇지 않은 척하면서 서로 대화를 이어나가야 되는 상황이 되었을 때 가장 불편했습니다.","expression":"n-distress","category":"negative"},{"text":"성격상 생각하고 있는 것이 따로 있는데 그것을 드러내지 않고 아닌 척하는 것을 잘 하지 못하는 저로서는 서로 하나의 가면을 쓰고 진짜가 아닌 연기를 하는 듯한 그런 표면적인 관계를 유지해야 하는 커뮤니케이션 자체를 굉장히 불편해 하는데 거기에다가 서로 갖고 있는 직급들도 있고 그런 것들 때문에 더더욱 허심탄회하게 뭔가를 진솔하게 이야기하지 못하는 그런 커뮤니케이션을 계속 유지해야 하고 그런 관계를 이어 나가야 된다는 것은 매우 고통스럽고 유지하기가 힘이 들었습니다.","expression":"n-distress","category":"negative"}],"intent":[{"text":"","expression":"","category":"attitude"}],"summary":{"text":"업무적 만남에서 가장 불편했던 것은 각자의 생각이 다른 상황에서 그렇지 않은 척 하며 대화를 이어나가야 되는 상황이 되었을 때 였습니다. 가면을 쓰고 연기를 하는 듯한 표면적인 관계, 직급들로 인해 진솔한 이야기를 하지 못하는 커뮤니케이션을 하는 것이 굉장히 불편했습니다.","wordCount":38}}},"rawDataInfo":{"question":{"fileFormat":"wav","fileSize":639438,"duration":19980,"samplingBit":16,"channelCount":1,"samplingRate":"16kHz","audioPath":"/Mock/07.ProductionManufacturing/Female/Experienced/ckmk_q_mm_f_e_239586.wav"},"answer":{"fileFormat":"wav","fileSize":2468558,"duration":77140,"samplingBit":16,"channelCount":1,"samplingRate":"16kHz","audioPath":"/Mock/07.ProductionManufacturing/Female/Experienced/ckmk_a_mm_f_e_239586.wav"}}}