{"version":"1.0","dataSet":{"info":{"date":"20230116","occupation":"MM","channel":"MOCK","place":"ONLINE","gender":"FEMALE","ageRange":"45-54","experience":"EXPERIENCED"},"question":{"raw":{"text":"저희 공장이 지방에 많이 있다 보니까 지방 근무를 하시게 될 수도 있습니다 혹시 지방에 내려가서 근무를 하시는 것도 가능하신지 여쭤보고 싶네요","wordCount":21},"emotion":[],"intent":[]},"answer":{"raw":{"text":"지방에 내려가서 지방 근무 할 수 있습니다. 그런데 그것이 어 아예 고정되서 지방에서 계속 일을 해야 된다 된다고 하면 약간 고려해 보겠습니다. 지방에 내려가서 뭐 이 년이나 삼 년 이렇게 단지로 근무하고 다시 어 서울로 올라오는 그런 시스템이라면 제가 얼마든지 교대로 어 지방에 내려가서 근무하는 것을 할 수 있는데 어 아예 그 지방에서 내려가서 근무하는 것 자체를 그냥 고정화시켜서 거기에서만 일을 해야 되는 상황이라면 조금 생각해 볼 것 같습니다. 어 함께 있는 가족들의 문제도 있고 가족들과 떨어져 지내면서 일을 해야 되는 시간이 뭐 정해진 기간 안에라면 충분히 그렇게 할 수 있지만 계속 지속적으로 그렇게 해야 되는 것은 어 직장이 중요하지만 저에게 좀 문제가 될 수 있을 것 같습니다. 그래서 지방 근무는 한시적이고 어 기간이 정해져 있는 한해서는 가능합니다.","wordCount":118},"emotion":[],"intent":[{"text":"","expression":"","category":"attitude"}],"summary":{"text":"지방에 내려가서 근무하는 것 자체를 그냥 고정화시켜서 거기서만 일을 해야 한다면 좀 고려해 볼 것 같습니다. 가족과 떨어져 지내면서 일을 해야 되는 시간이 정해진 기간 내라면 충분히 할 수 있지만, 계속 지속적으로 해야 되는 것은 문제가 될 수 있을 것 같아 지방 근무는 한시적이고 기간이 정해져 있는 한해서는 가능합니다.","wordCount":49}}},"rawDataInfo":{"question":{"fileFormat":"wav","fileSize":519758,"duration":16239,"samplingBit":16,"channelCount":1,"samplingRate":"16kHz","audioPath":"/Mock/07.ProductionManufacturing/Female/Experienced/ckmk_q_mm_f_e_261567.wav"},"answer":{"fileFormat":"wav","fileSize":1949838,"duration":60930,"samplingBit":16,"channelCount":1,"samplingRate":"16kHz","audioPath":"/Mock/07.ProductionManufacturing/Female/Experienced/ckmk_a_mm_f_e_261567.wav"}}}