{"version":"1.0","dataSet":{"info":{"date":"20230116","occupation":"MM","channel":"MOCK","place":"ONLINE","gender":"FEMALE","ageRange":"45-54","experience":"EXPERIENCED"},"question":{"raw":{"text":"지원자는 본인이 다룰 수 있는 설계 프로그램이 있다면 그것에 대해 말해 보시오","wordCount":12},"emotion":[],"intent":[]},"answer":{"raw":{"text":"어 설계 프로그램은 잘 다루지는 못합니다. 하지만 어 요즘엔 쓰리디 프로그램 쓰리디 설계 프로그램 정도는 어느 정도 기계를 다루거나 설비를 하는 사람의 입장에서는 조금 프로그래밍 같은 걸 배우기 위해서는 당연히 알고 있어야 해서 저도 기본적으로 많은 사람들이 다루는 설계 프로그램인 어 독일 어 회사에서 오토케드사에서 나온 프로그램 중에 가장 많은 사람들이 알고 있고 그리고 좀 실체적으로 알아야 한다는 인벤토 프로그램을 활용한 설계 프로그램을 조금 다를 줄 압니다. 어느 정도 다룰 수 있는지는 뭐 그거는 기본은 기본 정도로 다를 수 있고요. 더 발전시켜 나갈 생각입니다. 이 프로그램은 아주 단순한 기계 설비부터 시작해서 기계를 설계하고 그려내서 기계 구조를 정확하게 쓰리디로 어 뽑아낼 수 있는 도면을 뽑아낼 수 있는 그런 프로그램인데요. 어 이것을 통해서 기계 구조나 설비에 대한 기본적인 어떤 이해도가 높을 수 있고 이것 이 프로그램을 배움으로써 간단한 기계 설비도 어 설계할 수 있습니다.","wordCount":132},"emotion":[],"intent":[{"text":"하지만 어 요즘엔 쓰리디 프로그램 쓰리디 설계 프로그램 정도는 어느 정도 기계를 다루거나 설비를 하는 사람의 입장에서는 조금 프로그래밍 같은 걸 배우기 위해서는 당연히 알고 있어야 해서 저도 기본적으로 많은 사람들이 다루는 설계 프로그램인 어 독일 어 회사에서 오토케드사에서 나온 프로그램 중에 가장 많은 사람들이 알고 있고 그리고 좀 실체적으로 알아야 한다는 인벤토 프로그램을 활용한 설계 프로그램을 조금 다를 줄 압니다.","expression":"f_equip","category":"technology"},{"text":"이 프로그램은 아주 단순한 기계 설비부터 시작해서 기계를 설계하고 그려내서 기계 구조를 정확하게 쓰리디로 어 뽑아낼 수 있는 도면을 뽑아낼 수 있는 그런 프로그램인데요.","expression":"f_equip","category":"technology"},{"text":"어 이것을 통해서 기계 구조나 설비에 대한 기본적인 어떤 이해도가 높을 수 있고 이것 이 프로그램을 배움으로써 간단한 기계 설비도 어 설계할 수 있습니다.","expression":"f_equip","category":"technology"}],"summary":{"text":"설계 프로그램은 잘 다루지 않지만, 쓰리디 설계 프로그램 정도는 알고 있어야 해서 인벤토 프로그램을 활용한 설계 프로그램을 조금 다를 줄 압니다. 이 프로그램을 통해 기계 구조나 설비에 대한 이해도가 높을 수 있고 간단한 기계 설비도 설계할 수 있습니다.","wordCount":38}}},"rawDataInfo":{"question":{"fileFormat":"wav","fileSize":337998,"duration":10560,"samplingBit":16,"channelCount":1,"samplingRate":"16kHz","audioPath":"/Mock/07.ProductionManufacturing/Female/Experienced/ckmk_q_mm_f_e_282215.wav"},"answer":{"fileFormat":"wav","fileSize":2382158,"duration":74440,"samplingBit":16,"channelCount":1,"samplingRate":"16kHz","audioPath":"/Mock/07.ProductionManufacturing/Female/Experienced/ckmk_a_mm_f_e_282215.wav"}}}