{"version":"1.0","dataSet":{"info":{"date":"20230116","occupation":"MM","channel":"MOCK","place":"ONLINE","gender":"FEMALE","ageRange":"45-54","experience":"EXPERIENCED"},"question":{"raw":{"text":"업무 중 스케줄에 없던 일이 생길 때가 많이 있습니다 그런 상황이 생기게 된다면 어떻게 대처하실지 궁금합니다","wordCount":16},"emotion":[],"intent":[]},"answer":{"raw":{"text":"네 업무 중에 있는 기획되지 못한 스케줄이라는 건 어떤 게 있을까요. 일단 스케줄이 생겼고 바로 처리를 해야 한다면 하루 이틀 정도는 좀 급하게 다른 일정을 조율해 가면서 하겠죠. 그렇지만 이게 계속된다면 기존에 있던 스케줄도 좀 차질을 받지 않을까 생각이 듭니다. 그래서 이런 위급한 스케줄들이 왜 생겼는지 원인을 좀 파악해야 될 것 같습니다. 그래서 원인을 파악한 후에 좀 줄일 수 있는 부분은 최대한 줄여서 조금 더 계획적으로 업무를 스케줄을 관리할 수 있는 게 업무의 효율성이나 또 안전성을 위해서 조금 더 낫지 않을까 생각이 듭니다. 그래서 그렇게 조율을 해서 조금 그런 스팟성 업무들이라던가 튀어나온 업무들을 좀 조율하는 게 어 스케줄을 잘 관리하는 방안이 아닐까 싶어서 그렇게 하도록 하겠습니다.","wordCount":106},"emotion":[],"intent":[{"text":"","expression":"","category":"attitude"}],"summary":{"text":"업무 중에 위급한 스케줄들이 왜 생겼는지 원인을 파악해야 될 것 같습니다. 그래서 줄일 수 있는 부분은 최대한 줄여서 조금 더 계획적인 업무스케줄을 관리할 수 있는 게 업무의 효율성이나 안전성을 위해서 더 낫다고 생각합니다.","wordCount":33}}},"rawDataInfo":{"question":{"fileFormat":"wav","fileSize":296078,"duration":9250,"samplingBit":16,"channelCount":1,"samplingRate":"16kHz","audioPath":"/Mock/07.ProductionManufacturing/Female/Experienced/ckmk_q_mm_f_e_301372.wav"},"answer":{"fileFormat":"wav","fileSize":1949198,"duration":60910,"samplingBit":16,"channelCount":1,"samplingRate":"16kHz","audioPath":"/Mock/07.ProductionManufacturing/Female/Experienced/ckmk_a_mm_f_e_301372.wav"}}}