{"version":"1.0","dataSet":{"info":{"date":"20230116","occupation":"MM","channel":"MOCK","place":"ONLINE","gender":"FEMALE","ageRange":"45-54","experience":"EXPERIENCED"},"question":{"raw":{"text":"본인이 생각할 때 본인이 남들과는 다르게 가지고 있는 어떤 경쟁력이 있다면 말씀해 주시기 바랍니다 또한 그 경쟁력을 키우기 위해서 지금까지 어떤 노력을 했는지도 말씀해 주세요","wordCount":25},"emotion":[],"intent":[]},"answer":{"raw":{"text":"남들과 다른 저의 경쟁력은 어 열정적이고 다양한 경험을 했다는 것입니다. 어 열정적으로 어 제가 여러 가지 경험을 했고 다른 문화의 장단점을 알려고 노력했고 어 나아가서 글로벌한 기업에서 일을 하더라도 다국적 기업이나 다문화 기업에서 일을 하더라도 그 문화에 적응해서 어 일을 해 나가는 데 부족함이 없도록 다양한 문화적인 경험을 많이 한 것이 저의 경쟁력입니다. 더불어 다양한 문화의 사람들과 의사소통하는 능력도 키울려고 역시 노력 했습니다. 저는 의사소통 능력과 다양한 문화를 수용하고 그 문화 속에 차이를 어 극복할 수 있는 경쟁력이 있습니다. 그것을 위해서 많은 곳에 문화를 경험할 수 있는 기회들을 놓치지 않고 어 체험해 왔고 어 특히 교환 학생이나 아니면 교류 문화 교류를 학생들을 통한 문화 교류를 한다든지 아니면 여행도 뭔가 문화적인 체험을 할 수 있는 여행들을 많이 했고 그리고 언어를 다양하게 공부하기 위해서 여러 다양한 나라의 어 영화들을 보면서 그 나라의 언어나 문화들을 간접적으로 경험하는 것도 열심히 노력을 기울여 왔습니다.","wordCount":139},"emotion":[],"intent":[{"text":"","expression":"","category":"attitude"}],"summary":{"text":"저는 열정적이고 다양한 경험을 했습니다. 다양한 문화적인 경험을 했고, 사람들과 소통하는 능력도 키울려고 노력 했으며 다양한 문화를 수용하고 그 문화 속에 차이를 극복하는 경쟁력이 있습니다. 그래서 문화적인 체험을 할 수 있는 여행들을 많이 했고, 그 나라의 언어나 문화들을 간접적으로 경험하는 것도 열심히 노력해 왔습니다.","wordCount":44}}},"rawDataInfo":{"question":{"fileFormat":"wav","fileSize":616398,"duration":19260,"samplingBit":16,"channelCount":1,"samplingRate":"16kHz","audioPath":"/Mock/07.ProductionManufacturing/Female/Experienced/ckmk_q_mm_f_e_239839.wav"},"answer":{"fileFormat":"wav","fileSize":3310798,"duration":103460,"samplingBit":16,"channelCount":1,"samplingRate":"16kHz","audioPath":"/Mock/07.ProductionManufacturing/Female/Experienced/ckmk_a_mm_f_e_239839.wav"}}}