{"version":"1.0","dataSet":{"info":{"date":"20230116","occupation":"MM","channel":"MOCK","place":"ONLINE","gender":"FEMALE","ageRange":"45-54","experience":"EXPERIENCED"},"question":{"raw":{"text":"가장 존경하는 역사 속 인물과 존경 이유에 대해 함께 말씀해 주세요","wordCount":11},"emotion":[],"intent":[]},"answer":{"raw":{"text":"역사 속에서 존경하는 인물은 세종 대왕입니다. 세종 대왕은 어 세종 대왕 이전까지 권력 때문에 심한 다툼이 있는 그런 왕위 서열 다툼 속에서 아주 혼란스러운 정국에서 왕이 되었고 그럼에도 불구하고 그 모든 것들을 깊은 인품과 그리고 사람에 대한 예의와 그리고 백성들에 대한 애정 그리고 학문적인 깊이 연구 이런 것들로 그 모든 것을 극복하고 역사 속에서 위대한 어 왕이라는 칭호로 대왕의 칭호를 얻게 된 분이십니다. 그분의 연구가 매우 현실적이고 실질적이어서 어 소위 그가 다스리는 백성들에게 정말 도움이 많이 된 연구들이었고 학문적인 연구뿐 아니라 실질적인 학문 실학이라고 하는 그것의 첫 물꼬를 튼 대왕이기도 하십니다. 그리고 일반적으로 어 평민이라고 하는 일반 국민들에 대한 애정이 깊어서 그래서 한글도 창제하게 되었고 장영실이라는 위대한 어 평민이었지만 천민이었지만 과학적으로 뛰어난 어 기술과 머리를 가지고 있는 사람을 발굴해서 그 사람으로 하여금 실질적으로 실생활에서 우리에게 필요한 그런 지식들을 어 손수 연구 개발하여 물건으로 만들어 내시고 그렇게 한 대단히 어 실용적이기도 한 어 왕이었습니다. 그래서 그분을 존경합니다.","wordCount":146},"emotion":[{"text":"역사 속에서 존경하는 인물은 세종 대왕입니다.","expression":"p-affection","category":"positive"},{"text":"그래서 그분을 존경합니다.","expression":"p-affection","category":"positive"}],"intent":[{"text":"","expression":"","category":"attitude"}],"summary":{"text":"세종 대왕은 혼란스러운 정국에서 왕이 되었지만, 깊은 인품과 예의, 백성에 대한 애정, 학문적인 깊이 연구 등으로 그 모든 것을 극복하고 위대한 어 왕이라는 칭호를 얻게 되었습니다. 그 분의 연구가 백성들에게 도움이 많이 되었고 실질적인 학문 실학에 첫 물꼬를 튼 대왕이기도 합니다. 그래서 역사 속에서 존경하는 인물입니다.","wordCount":46}}},"rawDataInfo":{"question":{"fileFormat":"wav","fileSize":241358,"duration":7540,"samplingBit":16,"channelCount":1,"samplingRate":"16kHz","audioPath":"/Mock/07.ProductionManufacturing/Female/Experienced/ckmk_q_mm_f_e_240013.wav"},"answer":{"fileFormat":"wav","fileSize":3769678,"duration":117800,"samplingBit":16,"channelCount":1,"samplingRate":"16kHz","audioPath":"/Mock/07.ProductionManufacturing/Female/Experienced/ckmk_a_mm_f_e_240013.wav"}}}