{"version":"1.0","dataSet":{"info":{"date":"20230116","occupation":"MM","channel":"MOCK","place":"ONLINE","gender":"FEMALE","ageRange":"45-54","experience":"EXPERIENCED"},"question":{"raw":{"text":"지원자님께서 지금까지 살면서 이룬 성과 중에서 가장 큰 성과는 무엇인가요 이 자리를 빌어서 자랑 한 번 해 주시면 되겠습니다","wordCount":19},"emotion":[],"intent":[]},"answer":{"raw":{"text":"지금까지 살면서 이룬 성과는 제 몫을 다 하고 산 것 이 제가 이룬 성과입니다. 저는 가정주부로서 자녀들을 훌륭하게 잘 키워서 아이들이 스스로 자기 일들을 잘 처리하고 어 부모에게 의존하지 않고 본인들의 힘으로 어 공부도 해 나가고 그다음 경제적인 문제도 해결할 수 있는 역량을 키워 줬고 그리고 직장인으로서도 큰 문제 없이 한 직장에서 오랫동안 맡은 바 일을 꿋꿋이 잘 해내며 제 몫을 해냈습니다. 그래서 제가 이룬 성과는 제가 맡은 자리에서 제가 할 수 있는 최선을 다해서 맡은 일들을 다 잘 해냈다 는 것이 제가 이룬 큰 성과입니다. 엄청난 업적을 이루거나 남들이 우러러 볼 만한 무엇을 해내었다고 할 수는 없지만 주어진 것들을 음 목표한 대로 제가 서 있는 자리에서 가정주부로서 아내로서 엄마로서 그리고 직장인으로서 주어진 일을 모두 어 후회 없이 해냈다는 것이 저의 제 인생의 가장 큰 성과입니다.","wordCount":126},"emotion":[],"intent":[{"text":"","expression":"","category":"attitude"}],"summary":{"text":"저는 가정주부로서 자녀들을 잘 키웠고, 직장인으로서 오랫동안 맡은 바 일을 잘 해냈습니다. 그래서 제가 이룬 성과는 제가 맡은 자리에서 할 수 있는 최선을 다해서 맡은 일들을 다 잘 해냈다 는 것이 제가 이룬 큰 성과입니다.","wordCount":35}}},"rawDataInfo":{"question":{"fileFormat":"wav","fileSize":393998,"duration":12310,"samplingBit":16,"channelCount":1,"samplingRate":"16kHz","audioPath":"/Mock/07.ProductionManufacturing/Female/Experienced/ckmk_q_mm_f_e_240020.wav"},"answer":{"fileFormat":"wav","fileSize":2630478,"duration":82200,"samplingBit":16,"channelCount":1,"samplingRate":"16kHz","audioPath":"/Mock/07.ProductionManufacturing/Female/Experienced/ckmk_a_mm_f_e_240020.wav"}}}