{"version":"1.0","dataSet":{"info":{"date":"20230116","occupation":"MM","channel":"MOCK","place":"ONLINE","gender":"FEMALE","ageRange":"45-54","experience":"EXPERIENCED"},"question":{"raw":{"text":"지원자님이 생각할 때 본인의 노년은 어떤 모습이었으면 좋을 것 같으신가요 본인이 생각하는 이상적인 노년의 모습이 있다면 말씀 한 번 해 주시기 바랍니다","wordCount":22},"emotion":[],"intent":[]},"answer":{"raw":{"text":"저의 노년의 모습은 어 끊임없이 노력하는 모습입니다. 그 노력이라는 것이 금전적인 결실을 맺기 위한 노력은 절대 아니고요. 어 뭔가 새로운 공부를 계속해서 하는 어 그 새로운 공부는 억지로 하는 것이 아니라 노년에는 제가 정말 하고 싶었던 공부 정말 배워보고 싶었던 것 정말 내 손에 익혀보고 싶었던 일들을 스스로 직접 아주 작은 것이라도 안 해 본 것들을 배워가는 기쁨을 느끼는 노년을 꼭 보낼 생각입니다. 그래서 그 일에 어느 정도 어 익숙해져서 그쪽으로 어 젊었을 때부터 그 일을 한 사람들에 비해서는 조금 부족할지 모르지만 새로운 직무를 익히고 그 직무가 그 일들이 작업들이 제 손에 익어져서 어느 정도 아 이제는 이쪽으로도 어느 정도 전문적인 어 수행을 할 수 있구나 내가 할 수 있는 것들을 충분히 어 이만큼은 해낼 수 있구나 라는 그런 보람과 뿌듯함을 느낄 수 있는 정도의 일의 능률을 어 나타낼 수 있는 성과를 낸다면 더 기쁘겠죠. 그렇게 뭐 그것보다 더 멋지게 늙어가는 일은 없을 거라고 생각합니다. 어 거기에 비해서 더 거기에 더하여 신체적인 어 노화를 극복할 수 있는 운동을 꾸준히 해서 아주 건강한 모습으로 노년을 보내고 싶습니다.","wordCount":166},"emotion":[],"intent":[{"text":"","expression":"","category":"attitude"}],"summary":{"text":"노년의 노력은 금전적인 결실을 맺기 위한 것이 아니라 배우고보고 싶었던 것들을 스스로 직접 작은 것이라도 안 해 본 것들을 배워가는 기쁨을 느끼는 노년을 보내고 싶습니다. 그리고 그 일에 어느 정도 익숙해져서 어느 정도 전문적인 어 수행을 할 수 있다는 보람과 뿌듯함을 느낄 수 있는 정도의 성과를 내는 것이 기쁘죠.","wordCount":49}}},"rawDataInfo":{"question":{"fileFormat":"wav","fileSize":514958,"duration":16090,"samplingBit":16,"channelCount":1,"samplingRate":"16kHz","audioPath":"/Mock/07.ProductionManufacturing/Female/Experienced/ckmk_q_mm_f_e_213510.wav"},"answer":{"fileFormat":"wav","fileSize":2718798,"duration":84960,"samplingBit":16,"channelCount":1,"samplingRate":"16kHz","audioPath":"/Mock/07.ProductionManufacturing/Female/Experienced/ckmk_a_mm_f_e_213510.wav"}}}