{"version":"1.0","dataSet":{"info":{"date":"20230116","occupation":"MM","channel":"MOCK","place":"ONLINE","gender":"FEMALE","ageRange":"45-54","experience":"EXPERIENCED"},"question":{"raw":{"text":"지원자님께서 본인이 현재 가지고 있는 위치보다 어려운 목표를 달성한 적이 있으신가요 있다면 해당 경험에 대해 구체적으로 말씀 부탁드립니다","wordCount":18},"emotion":[],"intent":[]},"answer":{"raw":{"text":"어 저는 처음에는 그냥 단순한 생산직에서 일하다가 어 생산 관리를 모니터링하면서 그 생산관리 팀 전체를 관리하는 정도의 일까지 제 일이 영역이 확대되었었습니다. 그 이후에 저는 어 월평균 생산성을 향상시켜야 되겠다는 회사의 목표에 따라 제가 그를 어떻게 해결할 것인지에 대해서 제안을 하였는데요. 그 제안 자체는 어 정확한 수치를 내서 생산성 관리를 하는 것이었습니다. 제가 일하던 회사는 중소기업이었기 때문에 원래 하던 대로 일을 하지만 그렇게 정확한 수치를 내서 일에 생산성이 어느 정도 조절되고 있는지 그런 것들을 분석하거나 하는 것들은 어 잘 이루어지지 않고 있었는데 어 시스템을 기반하고 그 그걸 제대로 돌아가게 하기 위한 일들을 프로젝트를 진행하던 중 제가 그것들에 대해서 어 정확한 수치와 통계가 우선돼야 한다고 이야기 했고 그래서 결과적으로는 제가 그 일을 맡아서 하게 됐습니다. 어 저는 제가 알고 있는 수치 해석에 관한 툴을 오라클이라는 프로그램을 통해서 그런 것들을 정확하게 데이터화하는 어 정보 시스템을 공부했고 그래서 그 이후로 회사에 어떤 생산성 향상을 위한 모니터링과 관리를 그 프로그램을 통해서 정확하게 수치화하였구요. 그래서 그런 것들을 통해서 원가도 절감하고 생산성을 많이 향상시키는 결과를 가져올 수 있었습니다. 어 결과적으로 저는 그 이후에는 생산 관리 자체를 다 모니터링 하면서 기획 관리까지 할 수 있는 그런 위치에서 일을 하게 되었습니다.","wordCount":183},"emotion":[],"intent":[{"text":"","expression":"","category":"attitude"}],"summary":{"text":"저는 처음에는 단순 생산직에서 일하다가 생산 관리를 모니터링하면서 팀 전체를 관리하는 일까지 제 일이 영역이 확대되었습니다. 회사에서 생산성 향상을 위한 모니터링과 관리를 그 프로그램을 통해서 정확하게 수치화하였고 그 결과 원가도 절감하고 생산성을 많이 향상시키는 결과를 가져올 수 있었습니다. 결과적으로 저는 생산 관리 자체를 다 모니터링 하면서 기획 관리까지 할 수 있는 위치에서 일을 하게 되었습니다.","wordCount":55}}},"rawDataInfo":{"question":{"fileFormat":"wav","fileSize":634638,"duration":19830,"samplingBit":16,"channelCount":1,"samplingRate":"16kHz","audioPath":"/Mock/07.ProductionManufacturing/Female/Experienced/ckmk_q_mm_f_e_288027.wav"},"answer":{"fileFormat":"wav","fileSize":3333518,"duration":104170,"samplingBit":16,"channelCount":1,"samplingRate":"16kHz","audioPath":"/Mock/07.ProductionManufacturing/Female/Experienced/ckmk_a_mm_f_e_288027.wav"}}}