{"version":"1.0","dataSet":{"info":{"date":"20230116","occupation":"MM","channel":"MOCK","place":"ONLINE","gender":"FEMALE","ageRange":"45-54","experience":"EXPERIENCED"},"question":{"raw":{"text":"어떤 문제에 부딪쳤을 경우 혼자 해결하시나요 아니면 여러 사람들에게 이야기를 해서 함께 해결하시는 편일까요","wordCount":14},"emotion":[],"intent":[]},"answer":{"raw":{"text":"조직에서 업무를 하다가 문제에 부딪쳤을 때는 혼자 해결하지 않습니다. 어 어떤 문제에 부딪쳤을 때 그 문제가 저 혼자 책임져야 하고 제가 그 책임 관리자이기 때문에 제가 가장 중요하고 제 결정이 거의 좌지우지하는 상황이라면 혼자 해결하는 쪽을 택하는 것이 더 맞겠지만 어 그 결과가 조직 전체에 영향을 미치는 어떤 중대한 결정인데 제가 그 문제에 부딪쳐서 결정을 할 수 없는 상황이 되면 당연히 어 다른 사람들에게 의견에 어 듣고 싶어서 조언을 구할 것입니다. 제 상황을 충분히 설명하고 이런 상황인데 어떻게 했으면 좋겠는지 많은 사람들에 의견을 각자의 입장에서 다르게 들어보겠습니다. 그래서 그 사람들에 의견을 듣고 뭐 다 각자 다른 이야기를 할 테니까 그중에서 제가 가장 어 저에 상황과 비슷하고 그리고 결과적으로 그 사람들에 경험에 비춰봤을 때 가장 결과적으로 좋은 결과를 냈었던 그러한 문제해결에 대한 실마리를 찾게 되면 어 그것을 발판 삼아 제 결정에 어 도움이 될 수 있는 상황으로 이끌어 낼 수 있을 거 같습니다. 그래서 혼자 해결하는 것보다는 그 비슷한 경험을 가진 많은 사람들의 이야기가 도움이 될 거라고 생각하는 편입니다.","wordCount":158},"emotion":[],"intent":[{"text":"","expression":"","category":"attitude"}],"summary":{"text":"조직에서 업무를 하다가 문제에 부딪쳤을 때는 혼자 해결하지 않습니다. 그 결과가 조직 전체에 영향을 미치는 중대한 결정인데 제가 그 문제에 부딪쳐서 결정을 할 수 없는 상황이 되면 다른 사람들에게 조언을 구할 것입니다. 그 비슷한 경험을 가진 많은 사람들의 이야기가 도움이 될 것이라고 생각하는 편입니다.","wordCount":44}}},"rawDataInfo":{"question":{"fileFormat":"wav","fileSize":286798,"duration":8960,"samplingBit":16,"channelCount":1,"samplingRate":"16kHz","audioPath":"/Mock/07.ProductionManufacturing/Female/Experienced/ckmk_q_mm_f_e_288029.wav"},"answer":{"fileFormat":"wav","fileSize":2674958,"duration":83590,"samplingBit":16,"channelCount":1,"samplingRate":"16kHz","audioPath":"/Mock/07.ProductionManufacturing/Female/Experienced/ckmk_a_mm_f_e_288029.wav"}}}