{"version":"1.0","dataSet":{"info":{"date":"20230116","occupation":"MM","channel":"MOCK","place":"ONLINE","gender":"FEMALE","ageRange":"45-54","experience":"EXPERIENCED"},"question":{"raw":{"text":"공장이 지방에 많다 많이 있다 보니 지원자님께서는 지방 근무를 하시게 될 수도 있습니다 지방에 내려가서 근무하시는 것도 가능하신가요","wordCount":18},"emotion":[],"intent":[]},"answer":{"raw":{"text":"아 예 저는 생산 부서 비즈니스 업무를 맡았을 때 좀 출장이 잦았습니다. 그때 공장에 울산과 또 천안에 있었기 때문에 천안과 울산을 한 달씩 돌아다니면서 어 비즈니스 프로세스를 좀 예 익히고 또 현업과 인터뷰도 진행을 했던 그런 사례가 있었는데요. 짐 싸서 다니는 게 좀 힘들긴 했지만 하나씩 이동하는 것도 상당히 즐거운 경험이었던 것 같습니다. 그 지방의 문화도 이해할 수 있고 명소도 돌아다니고 음 힘들지만은 않았던 것 같아요. 하지만 뭐 이것이 일 년씩 이 년씩 된다면 그때는 작은 방이 아니라 조금 더 안정된 형태로 이루어지기 때문에 그런 부분에서는 회사와 좀 협의를 하도록 하겠습니다. 하지만 지방 출장 자체가 제가 업무를 하는데 문제가 되는 것은 아닌 것 같습니다.","wordCount":104},"emotion":[{"text":"아 예 저는 생산 부서 비즈니스 업무를 맡았을 때 좀 출장이 잦았습니다.","expression":"u-fact","category":"neutral"},{"text":"짐 싸서 다니는 게 좀 힘들긴 했지만 하나씩 이동하는 것도 상당히 즐거운 경험이었던 것 같습니다.","expression":"p-happiness","category":"positive"}],"intent":[{"text":"","expression":"","category":"attitude"}],"summary":{"text":"생산 부서 비즈니스 업무를 맡았을 때 출장이 잦았는데, 천안과 울산을 한 달씩 돌아다니면서 비즈니스 프로세스를 익히고 현업과 인터뷰도 했습니다. 일 년이나 이 년동안 된다면 작은 방이 아니라 좀 더 안정된 형태로 이루어지기 때문에 협의하도록 하겠습니다.","wordCount":35}}},"rawDataInfo":{"question":{"fileFormat":"wav","fileSize":355918,"duration":11120,"samplingBit":16,"channelCount":1,"samplingRate":"16kHz","audioPath":"/Mock/07.ProductionManufacturing/Female/Experienced/ckmk_q_mm_f_e_301364.wav"},"answer":{"fileFormat":"wav","fileSize":1705038,"duration":53280,"samplingBit":16,"channelCount":1,"samplingRate":"16kHz","audioPath":"/Mock/07.ProductionManufacturing/Female/Experienced/ckmk_a_mm_f_e_301364.wav"}}}