{"version":"1.0","dataSet":{"info":{"date":"20230116","occupation":"MM","channel":"MOCK","place":"ONLINE","gender":"FEMALE","ageRange":"45-54","experience":"EXPERIENCED"},"question":{"raw":{"text":"일을 하다 보면 중국으로 출장을 가게 될 일이 생길 수도 있습니다 그럴 때 중국으로 출장을 가는 것도 괜찮으신가요","wordCount":18},"emotion":[],"intent":[]},"answer":{"raw":{"text":"업무차 중국으로 출장을 갈 일이 생기면 당연히 중국 출장을 가야겠죠. 가서 제가 그곳에서 배워야 할 것을 충분히 어 배워 가지고 오겠습니다. 가서 제가 중국으로 출장을 갈 일이 생길 때마다 조금씩 더 출장에 대한 대비를 해서 중국 출장에 익숙해지도록 노력하겠고 그리고 중국 아니라 다른 해외 출장에도 경험 삼아 가서 어 제가 출장 가서 할 수 있는 업무들을 배우는 것은 당연히 저에게 도움이 되는 어 경험이라고 생각하기 때문에 그 출장은 저에게 기회라고도 생각합니다. 어 출장은 어 당연히 어 가서 어 잘 일을 하고 돌아올 각오가 되어 있습니다.","wordCount":85},"emotion":[],"intent":[{"text":"","expression":"","category":"attitude"}],"summary":{"text":"업무차 중국으로 출장을 갈 일이 생기면 중국 출장에서 어 제가 거기서 배워야 할 것을 배워 가지고 오겠습니다. 중국 출장에 익숙해지도록 노력하겠습니다. 다른 해외 출장에도 경험 삼아 가서 잘 일을 하고 돌아올 각오가 되어 있습니다.","wordCount":34}}},"rawDataInfo":{"question":{"fileFormat":"wav","fileSize":286798,"duration":8960,"samplingBit":16,"channelCount":1,"samplingRate":"16kHz","audioPath":"/Mock/07.ProductionManufacturing/Female/Experienced/ckmk_q_mm_f_e_282690.wav"},"answer":{"fileFormat":"wav","fileSize":1532878,"duration":47900,"samplingBit":16,"channelCount":1,"samplingRate":"16kHz","audioPath":"/Mock/07.ProductionManufacturing/Female/Experienced/ckmk_a_mm_f_e_282690.wav"}}}