{"version":"1.0","dataSet":{"info":{"date":"20230116","occupation":"MM","channel":"MOCK","place":"ONLINE","gender":"FEMALE","ageRange":"45-54","experience":"EXPERIENCED"},"question":{"raw":{"text":"오늘 면접 준비하느라 고생 많이 하셨습니다 혹시 오늘 면접은 어떤 방법으로 준비하셨는지 말씀해 주실 수 있을까요","wordCount":16},"emotion":[],"intent":[]},"answer":{"raw":{"text":"면접을 하면서 고생이라기보다는 제가 있는 그대로 솔직하게 저 자신을 돌아보는 시간을 가졌습니다. 제가 어느 정도의 역량을 갖고 있는지 정리를 해 봤고 또 그래서 앞으로 제가 준비해야 될 것들은 무엇인지 여태까지 내가 어떤 것들을 해왔는지를 차분차분하게 정리하는 시간을 가졌습니다. 그래서 솔직하게 제가 어떤 사람인지를 어 스스로 돌아보고 그리고 면접 자리에서도 어 정확하게 이야기 할 수 있도록 어 그렇게 준비하고 노력했습니다. 어 면접 과정 자체가 어 저의 부족한 점도 돌아보고 제가 어떤 어떤 것들을 여태까지 해왔는지 그래서 앞으로에 목표는 어떤 것이어야 되는지까지 깊이 있게 생각하는 과정들이 될 수 있었습니다.","wordCount":87},"emotion":[],"intent":[{"text":"","expression":"","category":"attitude"}],"summary":{"text":"면접을 하면서 제가 어느 정도의 역량과 어떤 것들을 해왔는지를 정리하는 시간을 가졌습니다. 면접 과정 자체가 저는 부족한 점도 돌아보고 앞으로 어떤 것이어야 되는지 깊이 있게 생각하는 과정들이 될 수 있었습니다.","wordCount":30}}},"rawDataInfo":{"question":{"fileFormat":"wav","fileSize":291918,"duration":9120,"samplingBit":16,"channelCount":1,"samplingRate":"16kHz","audioPath":"/Mock/07.ProductionManufacturing/Female/Experienced/ckmk_q_mm_f_e_288026.wav"},"answer":{"fileFormat":"wav","fileSize":1552718,"duration":48520,"samplingBit":16,"channelCount":1,"samplingRate":"16kHz","audioPath":"/Mock/07.ProductionManufacturing/Female/Experienced/ckmk_a_mm_f_e_288026.wav"}}}