{"version":"1.0","dataSet":{"info":{"date":"20230116","occupation":"MM","channel":"MOCK","place":"ONLINE","gender":"FEMALE","ageRange":"45-54","experience":"EXPERIENCED"},"question":{"raw":{"text":"스트레스를 받으면 어떻게 하시나요 또한 왜 그런 방법으로 스트레스를 해소하시는지 이유에 대해서도 함께 말씀해 주시기 바랍니다","wordCount":16},"emotion":[],"intent":[]},"answer":{"raw":{"text":"어 스트레스 해소를 위해서 많은 것들을 해봤었습니다. 어 친구와 밤새 술을 마시면 수다도 떨어보고 음 노래방에 가서 목이 아 속 소리가 안 나올 때까지 소리를 지르면서 노래도 불러보고 여러 가지를 해봤는데요. 그 다음날 좀 휴유증이 있더라구요. 몸도 굉장히 필요하고 약간 후회가 드는 그런 후유증들이 있어서 지금은 좀 스트레스가 받으면 어 좀 허브차 같은 것 좀 향으로 조금 마음을 차분히 가라앉히고 어 명상을 하면서 좋은 음악이나 영화를 보면서 조금 마음을 차분히 가라앉히는 것을 어 스트레스 해소법으로 어 선택해서 하고 있습니다. 어 이런 경우에는 어 휴유증도 없고 또 차분한 생각을 통해서 뭐 다른 좋은 아이디어도 떠오르고 좋은 점들이 굉장히 많더라구요. 그래서 지금은 차와 명상 조용한 영화 감상 등으로 스트레스를 해소하고 있습니다.","wordCount":109},"emotion":[],"intent":[{"text":"","expression":"","category":"attitude"}],"summary":{"text":"스트레스 해소를 위해 많은 것들을 해봤습니다. 스트레스 해소법으로 허브차 같은 것 좀 향으로 마음을 차분히 가라앉히는 것을 선택해서 하고 있습니다. 차분한 생각을 통해서 다른 좋은 아이디어도 떠오르고 좋은 점들이 많아서 지금은 차와 명상 조용한 영화 감상 등으로 스트레스를 해소하고 있합니다.","wordCount":40}}},"rawDataInfo":{"question":{"fileFormat":"wav","fileSize":624078,"duration":19500,"samplingBit":16,"channelCount":1,"samplingRate":"16kHz","audioPath":"/Mock/07.ProductionManufacturing/Female/Experienced/ckmk_q_mm_f_e_275353.wav"},"answer":{"fileFormat":"wav","fileSize":2062798,"duration":64459,"samplingBit":16,"channelCount":1,"samplingRate":"16kHz","audioPath":"/Mock/07.ProductionManufacturing/Female/Experienced/ckmk_a_mm_f_e_275353.wav"}}}