{"version":"1.0","dataSet":{"info":{"date":"20230116","occupation":"MM","channel":"MOCK","place":"ONLINE","gender":"FEMALE","ageRange":"45-54","experience":"EXPERIENCED"},"question":{"raw":{"text":"일을 하다가 혹시 모르는 과제가 등장하면 어떻게 해결하실 건가요 본인의 해결법과 그렇게 해결하시는 이유를 설명해 주세요","wordCount":16},"emotion":[],"intent":[]},"answer":{"raw":{"text":"직무 수행할 때 모르는 과제가 등장했다면 일단 일단 최선을 다해서 정보를 탐색해서 스스로 해결할 수 있는 방법을 찾겠습니다. 기존에 앞서서 이 일을 수행했던 전임자가 했던 문서화된 서류들을 통해서 정보를 탐색하고 그리고 어 최선을 다해서 해결을 하려고 노력하다가 잘 되지 않는 부분이 있으면 주변 동료들에게 도움도 청하겠습니다. 어 도움은 최소한으로 청해서 저로 인해서 함께 일하는 사람이 어려움을 겪지는 않아야겠지만 그래도 제가 친구를 빨리 익힐 수 있는 어 그리고 나중에 이 이후에는 스스로 해결할 수 있는 그런 어 상황을 만들기 위해서는 처음에는 잘 모르면 어 이 일을 수행했던 사람들에게 충분히 양해를 구하고 도움을 요청하고 그리고 정보들을 어디에서 얻을 수 있는지 그러한 소스들도 어 얻어야 될 것 같습니다. 그리고 그런 과제들을 충분히 알아서 제대로 해결할 수 있도록 하겠습니다. 그래야 그 이후에 그와 같은 과제가 저에게 주어졌을 때 잘 할 수 있을 테니까요.","wordCount":129},"emotion":[],"intent":[{"text":"","expression":"","category":"attitude"}],"summary":{"text":"먼저 전임자가 했던 문서화된 서류들을 통해 정보를 탐색하고, 잘 되지 않는 부분이 있으면 주변 동료들에게 도움을 청하겠습니다. 도움은 최소한으로 청하겠지만 친구도 빨리 익힐 수 있고 스스로 해결할 수 있는 상황을 만들기 위해서는 일을 수행했던 사람들에게 충분히 양해를 구하고, 정보들도 얻어야 될 것 같습니다.","wordCount":43}}},"rawDataInfo":{"question":{"fileFormat":"wav","fileSize":361358,"duration":11290,"samplingBit":16,"channelCount":1,"samplingRate":"16kHz","audioPath":"/Mock/07.ProductionManufacturing/Female/Experienced/ckmk_q_mm_f_e_261563.wav"},"answer":{"fileFormat":"wav","fileSize":2271438,"duration":70980,"samplingBit":16,"channelCount":1,"samplingRate":"16kHz","audioPath":"/Mock/07.ProductionManufacturing/Female/Experienced/ckmk_a_mm_f_e_261563.wav"}}}