{"version":"1.0","dataSet":{"info":{"date":"20230116","occupation":"MM","channel":"MOCK","place":"ONLINE","gender":"FEMALE","ageRange":"45-54","experience":"EXPERIENCED"},"question":{"raw":{"text":"어 우리 회사에 들어와서 앞으로 전문적으로 어 본인이 다루어보고 싶은 시설이나 장비가 있다면 말씀해 주시고 왜 그거를 선택을 하셨는지도 말씀해 주시기 바랍니다","wordCount":22},"emotion":[],"intent":[]},"answer":{"raw":{"text":"제가 니트 관련 생산직에서 근무를 했었지만 제대로 프로그래밍하는 기계를 다뤄보는 것은 어 숙련되지 못했습니다. 그래서 어 독일 스토사에서 나온 홀가먼트로 니트를 짜서 디자인에서 그대로 통으로 어 공지의 과정 없이 옷을 아예 직접 짜내는 기계를 다뤄보는 것을 더 배워보고 싶습니다. 그 장비가 이제 새롭게 좀 더 업그레이드 된 장비가 회사에 있으니 제가 그 프로그래밍 하는 작업을 좀 더 공부를 하게 되면 스스로 그 기계에서 제가 원하는 디자인을 쓰리디로 설계하고 디자인 해서 바로바로 짜내는 과정을 제가 숙달될 때까지 훈련을 해서 그 프로그래밍으로 어 제대로 된 옷을 짜내는 과정을 반드시 전문적으로 배워보고 싶습니다.","wordCount":90},"emotion":[],"intent":[{"text":"","expression":"","category":"attitude"}],"summary":{"text":"독일 스토사에서 나온 홀가먼트로 니트를 짜서 디자인에서 그대로 통으로 어 공지의 과정 없이 옷을 직접 짜내는 기계를 다뤄보고 싶습니다. 프로그래밍 작업을 더 공부를 하게 되면 그 기계에서 원하는 디자인을 설계하고 디자인 해서 짜내는 과정을 전문적으로 배워보고 싶습니다.","wordCount":37}}},"rawDataInfo":{"question":{"fileFormat":"wav","fileSize":629838,"duration":19680,"samplingBit":16,"channelCount":1,"samplingRate":"16kHz","audioPath":"/Mock/07.ProductionManufacturing/Female/Experienced/ckmk_q_mm_f_e_294311.wav"},"answer":{"fileFormat":"wav","fileSize":2007118,"duration":62720,"samplingBit":16,"channelCount":1,"samplingRate":"16kHz","audioPath":"/Mock/07.ProductionManufacturing/Female/Experienced/ckmk_a_mm_f_e_294311.wav"}}}