{"version":"1.0","dataSet":{"info":{"date":"20230116","occupation":"MM","channel":"MOCK","place":"ONLINE","gender":"FEMALE","ageRange":"45-54","experience":"EXPERIENCED"},"question":{"raw":{"text":"지원자님께서 생각하시는 지원자님의 성격상 장점과 단점에 대해 각각 말씀해 주시기 바랍니다 구체적인 예시를 들어서 설명해 주셔도 좋습니다","wordCount":17},"emotion":[],"intent":[]},"answer":{"raw":{"text":"저는 성격상 매우 솔직합니다. 제 마음에 없는 말을 거짓말로 다르게 다르게 이야기하지도 못하고 그리고 제가 불편한 마음이 있는데 숨기고 좋은 듯 편안한 듯 그렇게 거짓으로 내색을 하지도 못하는 솔직한 어 편입니다. 다시 말하면 솔직하다고 할 수 있고 이것을 또 다른 말로 하면 감정을 잘 숨기지 못하는 단점도 가지고 있다고 생각합니다. 그래서 저는 제가 솔직하더라도 어디까지 솔직하게 내면을 보일 것인가를 고민해야 하고 그래야 다른 사람들과 불편한 관계가 되지 않을 수 있고 그리고 내면의 불편한 마음을 어 숨겨야 할 때는 숨기는 거 그리고 말하지 않아야 할 때는 솔직하게 말하기보단 차라리 말을 아끼고 속을 드러내지 않고 조금 더 깊이 생각하고 그리고 어떤 말을 해야 할 지 조금은 어 망설이는 연습이 필요합니다. 그래서 그 부분들에 대해서 아주 많이 노력하고 있습니다. 어 솔직한 것이 좋지만 어 때로는 일을 할 때는 자신이 갖고 있는 것들을 살짝은 감추고 드러내지 않고 짐짓하게 지켜보는 것도 매우 필요하기 때문에 저의 그런 부분들을 너무나 잘 알고 있습니다.","wordCount":146},"emotion":[],"intent":[{"text":"저는 성격상 매우 솔직합니다.","expression":"c_person","category":"background"},{"text":"제 마음에 없는 말을 거짓말로 다르게 다르게 이야기하지도 못하고 그리고 제가 불편한 마음이 있는데 숨기고 좋은 듯 편안한 듯 그렇게 거짓으로 내색을 하지도 못하는 솔직한 어 편입니다.","expression":"c_person","category":"background"},{"text":"다시 말하면 솔직하다고 할 수 있고 이것을 또 다른 말로 하면 감정을 잘 숨기지 못하는 단점도 가지고 있다고 생각합니다.","expression":"c_person","category":"background"}],"summary":{"text":"성격상 매우 솔직한 저는 제 마음에 없는 말을 거짓으로 다르게 다르게 이야기하지도 못하고, 불편한 마음이 있는데 숨기고 좋은 듯 편안한 듯 거짓으로 내색을 하지도 못하는 솔직한 어 편이지만, 일을 할 때는 자신이 갖고 있는 것들을 살짝은 감추고 드러내지 않고 짐짓하게 지켜보는 것도 매우 필요하기 때문에 그런 부분들을 너무나 잘 알고 있습니다.","wordCount":51}}},"rawDataInfo":{"question":{"fileFormat":"wav","fileSize":542798,"duration":16960,"samplingBit":16,"channelCount":1,"samplingRate":"16kHz","audioPath":"/Mock/07.ProductionManufacturing/Female/Experienced/ckmk_q_mm_f_e_239690.wav"},"answer":{"fileFormat":"wav","fileSize":3234318,"duration":101070,"samplingBit":16,"channelCount":1,"samplingRate":"16kHz","audioPath":"/Mock/07.ProductionManufacturing/Female/Experienced/ckmk_a_mm_f_e_239690.wav"}}}