{"version":"1.0","dataSet":{"info":{"date":"20230116","occupation":"MM","channel":"MOCK","place":"ONLINE","gender":"FEMALE","ageRange":"45-54","experience":"EXPERIENCED"},"question":{"raw":{"text":"만약 업무 분쟁이 발생했을 때 지원자님만의 대처법이 있다면 무엇인지 말씀해 주세요","wordCount":11},"emotion":[],"intent":[]},"answer":{"raw":{"text":"업무에서 분쟁이 발생할 때에는 저 나름대로 나름대로 업무를 계속 진행해야 하는데 분쟁이 발생해서 그 업무를 더 이상 지속할 수 없기 때문에 어 신속한 대처를 해야 합니다. 어 분쟁이 발생할 때는 분쟁의 원인이 무엇인지 파악하고 그 원인을 제대로 이해하는 것이 먼저입니다. 그래서 원인이 파악되면 원인을 해결하기 위한 노력도 당연히 어 어떻게 해야 될지 어 알아낼 수 있는 방법이 생깁니다. 어 원인이 어떤 감정적인 오해에서 비롯된 갈등이라면 그것은 이제 그 오해한 부분을 풀면 되고 서로 이득에 관 이익에 관련돼서 서로의 이익을 추구하다가 분쟁이 발생한 거라면 그 이익에 대해서 어느 정도 서로 양보해야 될 그런 타협점이 어디인지를 빨리 찾아서 어 그것들을 서로 인정하고 받아들이고 일을 해결하는 쪽으로 어 입을 모아서 같이 의사소통을 하고 해결해 하는 식으로 어떤 분쟁이든지 그 분쟁의 원인을 파악하면 그거를 해결할 수 있는 방법도 반드시 보이게 마련이기 때문에 원인 파악이 먼저이고 그 이후에 문제 해결 방법을 생각합니다.","wordCount":137},"emotion":[],"intent":[{"text":"","expression":"","category":"attitude"}],"summary":{"text":"분쟁 발생 시 분쟁의 원인을 파악하는 것이 우선입니다. 분쟁의 원인이 감정적인 오해에서 비롯된 갈등이라면 오해 부분을 풀면 되고, 서로의 이익을 추구하다가 분쟁이 발생한 거라면 그 이익에 대해서 어느 정도 서로 양보해야 될 타협점이 어디인지를 빨리 찾아서 일을 해결하는 쪽으로 입을 모아서 같이 의사소통을 하고 해결해 나가야 합니다.","wordCount":47}}},"rawDataInfo":{"question":{"fileFormat":"wav","fileSize":308878,"duration":9650,"samplingBit":16,"channelCount":1,"samplingRate":"16kHz","audioPath":"/Mock/07.ProductionManufacturing/Female/Experienced/ckmk_q_mm_f_e_301938.wav"},"answer":{"fileFormat":"wav","fileSize":2720078,"duration":85000,"samplingBit":16,"channelCount":1,"samplingRate":"16kHz","audioPath":"/Mock/07.ProductionManufacturing/Female/Experienced/ckmk_a_mm_f_e_301938.wav"}}}