{"version":"1.0","dataSet":{"info":{"date":"20230116","occupation":"MM","channel":"MOCK","place":"ONLINE","gender":"FEMALE","ageRange":"45-54","experience":"EXPERIENCED"},"question":{"raw":{"text":"네 지원자님께서는 어 지금부터 삼 년 내로 이루고자 하는 목표나 스스로의 가치를 높이기 위해 배우고 싶은 것이 있다면 무엇인지 궁금합니다 설명해 주시기 바랍니다","wordCount":23},"emotion":[],"intent":[]},"answer":{"raw":{"text":"지금부터 삼 년 뒤까지 저는 지금 어 제가 시작하는 일에 있어서 업무 지식을 최대한 쌓는 것이 저의 목표입니다. 아직은 제가 익숙하지 않고 일의 속도가 나지 않는데 제가 아주 업무 지식을 최대한 쌓아서 그리고 많은 정보들을 규합해서 제가 갖고 있는 역량을 열심히 끌어 올려 삼 년 후쯤 돼서는 제가 이 부서에서 어떤 일이 주어져도 능숙하게 해낼 수 있는 그리고 어렵지 않게 어떤 식으로 일을 진행해야 될지 바로바로 일 진행을 주저함 없이 잘 해낼 수 있는 그런 어 사람으로서 회사에 아주 중요한 사람으로서 성장할 수 있는 그런 삼 년의 시간을 만들고 싶습니다. 그래서 삼 년 후에부터는 어 제 분야에서 저의 팀에서 저의 부서에서 최고의 어떤 성과를 내는 자리로 어 자리 매김 해보고 싶습니다. 어 그 목표를 성취하는 것이 저의 삼 년 내에 목표입니다.","wordCount":121},"emotion":[],"intent":[{"text":"","expression":"","category":"attitude"}],"summary":{"text":"삼 년 뒤까지 저는 업무 지식을 최대한 쌓는 것이 목표입니다. 이것을 통해 어떤 일이 주어져도 능숙하게 일을 해낼 수 있는 사람으로서 성장하고 싶습니다. 그리고 그 목표를 성취하는 것이 저의 삼 년 내의 목표입니니다.","wordCount":33}}},"rawDataInfo":{"question":{"fileFormat":"wav","fileSize":458638,"duration":14330,"samplingBit":16,"channelCount":1,"samplingRate":"16kHz","audioPath":"/Mock/07.ProductionManufacturing/Female/Experienced/ckmk_q_mm_f_e_240017.wav"},"answer":{"fileFormat":"wav","fileSize":2562638,"duration":80080,"samplingBit":16,"channelCount":1,"samplingRate":"16kHz","audioPath":"/Mock/07.ProductionManufacturing/Female/Experienced/ckmk_a_mm_f_e_240017.wav"}}}