{"version":"1.0","dataSet":{"info":{"date":"20230116","occupation":"MM","channel":"MOCK","place":"ONLINE","gender":"FEMALE","ageRange":"45-54","experience":"EXPERIENCED"},"question":{"raw":{"text":"네 기차가 운행하는 중에 산사태로 삼십 분 동안 정차가 되었다고 상상을 해 보시고요 이러한 상황에서 지원자님께서 관리 책임의 위치에 있다면 어떻게 조처하실 건지 그 생각을 말씀해 주시기 바랍니다","wordCount":28},"emotion":[],"intent":[]},"answer":{"raw":{"text":"산사태로 삼십 분이나 정차되었다면 산사태가 어 기차를 위험하게 해서 기차에 탑승한 사람들에게 큰 위험이 닥치지 않을 않을 상황인지를 어 정확하게 파악하는 것이 우선돼야 되는 것이 관리 책임에 위치해 있는 사람의 일인 것입니다. 어 그래서 어 기차에 탑승하고 있는 모든 탑승객들이 안전하게 대피할 수 있도록 안전성을 담보하겠습니다. 안전성을 담보할 수 있다면 무엇이든지 해야 될 것입니다. 그것이 어떤 일일지는 정확하게 알 수 없습니다. 그러나 그 곳이 지금 기차가 정차해 있는 곳이 위험한 상황이라면 다른 곳으로 대피를 해야 되고 만약 어 곧 이것이 산사태가 있는 지역에서부터 빠져나갈 수 있는 상황이 되어진다면 신속히 빠져나가야 할 것입니다. 그런 판단을 빨리 하는 것이 관리 책임에 위치에 있는 사람이 위기의 상황에 해야 될 순간적인 판단력이고 가장 중요한 것이라고 생각합니다.","wordCount":112},"emotion":[],"intent":[{"text":"","expression":"","category":"attitude"}],"summary":{"text":"기차가 산사태로 정차되었다면 산사태가 기차를 위험하게 해서 기차에 탑승한 사람들에게 큰 위험이 닥치지 않을 상황인지를 파악하는 것이 우선입니다. 신속한 판단을 빨리 하는 것이 관리 책임에 위치한 사람이 위기의 상황에 해야 될 순간적인 판단력이고 가장 중요합니다.","wordCount":35}}},"rawDataInfo":{"question":{"fileFormat":"wav","fileSize":606798,"duration":18960,"samplingBit":16,"channelCount":1,"samplingRate":"16kHz","audioPath":"/Mock/07.ProductionManufacturing/Female/Experienced/ckmk_q_mm_f_e_240021.wav"},"answer":{"fileFormat":"wav","fileSize":2309838,"duration":72180,"samplingBit":16,"channelCount":1,"samplingRate":"16kHz","audioPath":"/Mock/07.ProductionManufacturing/Female/Experienced/ckmk_a_mm_f_e_240021.wav"}}}