{"version":"1.0","dataSet":{"info":{"date":"20230116","occupation":"MM","channel":"MOCK","place":"ONLINE","gender":"FEMALE","ageRange":"45-54","experience":"EXPERIENCED"},"question":{"raw":{"text":"지원자님께서 우리 회사에 들어오시게 된다면 오 년 뒤 십 년 뒤에 어떤 엔지니어가 되어 있을 것 같으신가요","wordCount":17},"emotion":[],"intent":[]},"answer":{"raw":{"text":"제가 이 회사에 들어 와서 오 년 뒤에는 업무 지식이 지금보다 훨씬 많아지고 경험도 쌓여서 역량이 있는 어 중견급 간부가 되어 있을 것입니다. 그리고 책임지는 자리에서 제가 이제껏 배워왔던 일들을 뒤 이어 함께 들어와서 일하는 어 팀 팀원들이나 부서 사람들과 함께 어 제가 알고 있는 역량들을 마음껏 발휘해서 좋은 성과를 내는 위치에 있을 것입니다. 십 년 뒤에는 제가 이 회사에 많은 기여를 했고 그래서 더 많은 발전이 있는 어 회사에서 발전이 있는 부서로 저에게 책임 있는 자리를 줄 것이고 저는 그 자리에서 어 또 다른 새로운 도전과 책임을 가지고 어 이후에 회사에 들어온 후배들을 양성하는 일에도 도움이 되는 그러한 위치에 있을 것입니다. 그리고 엔지니어쏘 엔지니어로서도 어떤 일을 맡겨도 회사에서 어 제 몫을 단단히 해내는 어 기계에 매우 능한 어 능숙한 엔지니어로서의 실력을 발휘하고 있을 것입니다.","wordCount":125},"emotion":[],"intent":[{"text":"","expression":"","category":"attitude"}],"summary":{"text":"이 회사에 들어와서 오 년 뒤에는 역량이 있는 중견급 간부가 될 것이고 책임지는 자리에서 팀원들과 부서 사람들과 함께 제가 알고 있는 역량들을 마음껏 발휘해서 좋은 성과를 내는 위치에 있을 것입니다. 십 년 후에는 회사에서 더 많은 발전이 있는 부서로 제가 책임 있는 자리를 줄 것입니다.","wordCount":45}}},"rawDataInfo":{"question":{"fileFormat":"wav","fileSize":353998,"duration":11060,"samplingBit":16,"channelCount":1,"samplingRate":"16kHz","audioPath":"/Mock/07.ProductionManufacturing/Female/Experienced/ckmk_q_mm_f_e_239842.wav"},"answer":{"fileFormat":"wav","fileSize":2805198,"duration":87660,"samplingBit":16,"channelCount":1,"samplingRate":"16kHz","audioPath":"/Mock/07.ProductionManufacturing/Female/Experienced/ckmk_a_mm_f_e_239842.wav"}}}