{"version":"1.0","dataSet":{"info":{"date":"20230116","occupation":"MM","channel":"MOCK","place":"ONLINE","gender":"FEMALE","ageRange":"45-54","experience":"EXPERIENCED"},"question":{"raw":{"text":"만약 본인이 지금 지원한 직무가 아닌 타 부서에 배치되게 된다면 어떻게 행동하시겠습니까 괜찮으실까요","wordCount":13},"emotion":[],"intent":[]},"answer":{"raw":{"text":"제가 지원한 직무가 아닌 다른 부서에 배치가 된다면 일단 제가 원했던 부서의 일과 전혀 관계가 없고 제가 했던 일도 전혀 아닌 어 일에 배치가 된다면 그 이유에 대해서는 조금 음 저를 배치한 회사에 대해 한 번 질의는 던져볼 것입니다. 제가 더 잘 할 수 있는 일 그리고 제가 더 의욕적으로 제 역량을 발휘할 수 있는 일이 분명히 있는데 이 부서에서 어 다른 일을 계속하는 것은 저의 어 역량을 좀 어 무력화 시키는 거다 라는 설명을 드리고 제가 원하는 부서에 배치 받을 수 있는지를 한 번 확인을 해 보고 그게 안 된다면은 이후에 제가 다시 그 원했던 일을 잘 할 수 있는 기회가 저에게 주어질 것이라는 가정하에 현재 주어진 부서에서 열심히 일단은 업무에 충실하게 일을 해 보겠습니다. 기존에 제가 그 부서 배치된 부서에 대해서 알지 못하고 어떤 일을 어떻게 해야 되는지 잘 모르기 때문에 막연하게 그 업무가 싫다고 생각할 수도 있는 것이기 때문에 어 무작정 제가 어떤 업무는 너무 싫고 꼭 이것만 해야겠다 라는 자세로 임하지는 않을 것입니다. 어 괜찮습니다. 일해 보겠습니다. 하지만 이후에 제가 원했던 부서에서 일할 수 있는 그러한 어떤 루트는 분명히 저에게 있어야 된다고 생각하기 때문에 그런 건의는 해 볼 것 같습니다.","wordCount":184},"emotion":[],"intent":[{"text":"","expression":"","category":"attitude"}],"summary":{"text":"제가 지원한 직무가 아닌 다른 부서에 배치가 된다면 다른 일을 계속하는 것은 제 역량을 무력화 시키는 것이라는 설명을 하고 제가 원하는 부서 배치 받을 수 있는지 확인해 보고 다시 원했던 일을 잘 할 수 있는 기회가 주어질 것이라는 가정하에 현재 주어진 부서에서 열심히 성실하게 일을 해 보겠습니다. 앞으로 제가 원했던 부서에서 일할 수 있는 루트는 분명히 저에게 있어야 된다고 생각하기 때문에 건의는 해 볼 것 같습니다.","wordCount":66}}},"rawDataInfo":{"question":{"fileFormat":"wav","fileSize":391758,"duration":12240,"samplingBit":16,"channelCount":1,"samplingRate":"16kHz","audioPath":"/Mock/07.ProductionManufacturing/Female/Experienced/ckmk_q_mm_f_e_281102.wav"},"answer":{"fileFormat":"wav","fileSize":3075278,"duration":96100,"samplingBit":16,"channelCount":1,"samplingRate":"16kHz","audioPath":"/Mock/07.ProductionManufacturing/Female/Experienced/ckmk_a_mm_f_e_281102.wav"}}}