{"version":"1.0","dataSet":{"info":{"date":"20230116","occupation":"MM","channel":"MOCK","place":"ONLINE","gender":"FEMALE","ageRange":"45-54","experience":"EXPERIENCED"},"question":{"raw":{"text":"회사에 들어와서 선배를 만나게 된다면 지원자님께서는 어떤 모습의 선배를 만나고 싶으실까요 이유와 함께 말씀해 주시기 바랍니다","wordCount":16},"emotion":[],"intent":[]},"answer":{"raw":{"text":"예 과거에는 조금 커리어로 예 경 잘 쌓아 놓은 선배 멋있어 보이는 선배 쪼금 명품 옷을 입고 다니는 그 정도의 연봉이 되는 그런 선배가 굉장히 멋있어 보였고 또 저의 롤 모델이기도 했습니다. 뭐 당당해 보이는 모습을 정말 닮고 싶더라구요. 그런데 회사에 들어와서 제가 생활을 해보니 그러한 선배보다는 저의 일할 기회를 주고 제 이야기에 좀 귀를 기울여주고 어 그런 선배가 훨씬 좋은 선배라는 거를 좀 느꼈습니다. 프로젝트가 쪼금 늘어질지언정 어 저에게 어떤 의사를 표출할 기회를 주셔서 어 저는 굉장히 좋은 경험을 했거든요. 그런 경험을 주기가 쉽지 않았을 텐데 선배는 함께 커가는 회사를 만들고 싶다 라는 의미로 어 그런 선택을 했던 것 같습니다. 아 저도 선배가 된다면 후배에게 기회를 줄 수 있는 후배의 얘기에 귀를 기울여 줄 수 있는 그리고 함께 성장할 수 있는 그런 선배가 되고 싶습니다.","wordCount":126},"emotion":[],"intent":[{"text":"","expression":"","category":"attitude"}],"summary":{"text":"과거에는 커리어로 잘 쌓아 놓은 선배가 멋져 보여 롤모델이기도 했습니다. 그런데 회사에 들어와서 생활을 해보니 저는 일할 기회를 주고 이야기에 귀를 기울여주는 선배가 훨씬 좋은 선배라는 걸 느꼈습니다. 함께 커가는 회사를 만들고 싶다 라는 의미로 그런 선배가 되고 싶습니다.","wordCount":39}}},"rawDataInfo":{"question":{"fileFormat":"wav","fileSize":454478,"duration":14200,"samplingBit":16,"channelCount":1,"samplingRate":"16kHz","audioPath":"/Mock/07.ProductionManufacturing/Female/Experienced/ckmk_q_mm_f_e_301370.wav"},"answer":{"fileFormat":"wav","fileSize":2395278,"duration":74850,"samplingBit":16,"channelCount":1,"samplingRate":"16kHz","audioPath":"/Mock/07.ProductionManufacturing/Female/Experienced/ckmk_a_mm_f_e_301370.wav"}}}