{"version":"1.0","dataSet":{"info":{"date":"20230116","occupation":"MM","channel":"MOCK","place":"ONLINE","gender":"FEMALE","ageRange":"45-54","experience":"EXPERIENCED"},"question":{"raw":{"text":"직무 수행 시에 모르는 과제가 등장했다면 어떻게 해결하실 건가요 본인의 해결법과 그 이유에 대해서 구체적으로 답변 부탁드립니다","wordCount":17},"emotion":[],"intent":[]},"answer":{"raw":{"text":"직무를 수행하는데 제가 전혀 모르는 과제가 등장했다면 어 그건 저는 그것이 제가 업무 지식이 부족하고 제가 당연히 해야 되는 일인데 아직 알지 못하는 것이기 때문에 어 어떻게 해서든지 해결을 하려고 할 것입니다. 해결법은 여러 가지가 있을 것 같습니다. 정보를 탐색해서 어떻게 해결하는지 열심히 알아보는 방법이 첫 번째로 있고 어 그리고 그 제가 정보를 탐색한 것으로는 도저히 이해가 되지 않으면 그 일을 이전에 했던 어 동료들의 어떤 문서화된 그런 기록들을 찾아보겠습니다. 그리고도 해결이 되지 않고 잘 모르는 부분이 끝까지 남아 있으면 그 일을 담당했던 사람에게 도움을 청해서 설명을 듣거나 어떻게 일을 처리하는지 간단한 설명을 들은 다음 제가 그 일이 익숙해질 때까지 계속해서 반복하고 또 반복해서 빨리 숙달하는 방법을 택할 것입니다. 어 그건 어차피 제가 계속해서 해야 되는 일 중의 하나이고 이번뿐이 아니라 다음에도 그 일을 하게 될 수 있기 때문에 미리 숙달해 두는 편이 좋다 고 생각해서 어 도움을 받을 수 있을 때 아주 확실하게 익혀두는 편으로 아마 노력을 할 것입니다.","wordCount":150},"emotion":[],"intent":[{"text":"","expression":"","category":"attitude"}],"summary":{"text":"업무 지식이 부족하고 당연히 해야 되는 일인데 아직 알지 못하는 것들을 해결하기 위해 정보를 탐색해 해결하는 방법, 이전 동료들의 문서화된 기록들을 찾아보는 방법, 담당했던 사람에게 도움을 청해 설명을 듣는 방법, 그 일이 익숙해질 때까지 반복하고 숙달하는 방법을 택할 것입니다.","wordCount":39}}},"rawDataInfo":{"question":{"fileFormat":"wav","fileSize":621198,"duration":19410,"samplingBit":16,"channelCount":1,"samplingRate":"16kHz","audioPath":"/Mock/07.ProductionManufacturing/Female/Experienced/ckmk_q_mm_f_e_301942.wav"},"answer":{"fileFormat":"wav","fileSize":2663758,"duration":83240,"samplingBit":16,"channelCount":1,"samplingRate":"16kHz","audioPath":"/Mock/07.ProductionManufacturing/Female/Experienced/ckmk_a_mm_f_e_301942.wav"}}}