{"version":"1.0","dataSet":{"info":{"date":"20230116","occupation":"MM","channel":"MOCK","place":"ONLINE","gender":"FEMALE","ageRange":"45-54","experience":"EXPERIENCED"},"question":{"raw":{"text":"만약 일을 하던 도중 상사에게 어려운 지시를 받게 된다면 어떻게 하실 건가요 그렇게 행동하시는 이유도 함께 말씀해 주세요","wordCount":18},"emotion":[],"intent":[]},"answer":{"raw":{"text":"일을 하다가 상세하기 어려운 지시를 받으면 그 지시를 해결하기 위해서 최선을 다해서 노력하겠습니다. 어 당연히 노력을 해야 되겠구요. 어 그 지시가 어려운 지시가 이제 조금 정보를 탐색하고 일을 진행하다 보면 내 선에서 해결할 수 있는 일인지 아니면 나의 능력을 넘어서는 일인지를 파악을 할 수 있을 것입니다. 그래서 어 나에게 맡겨진 일을 제가 내가 제대로 수행하지 못했을 때 일에 차질이 빚어지면 안 되니까 만약에 그 지시가 너무도 어려운 과제고 난이도가 높아서 내 능력으로 해결할 수 없다 능력 바깥이다 라고 생각하면 상사에게 도움을 요청하거나 어 다음번에 기회를 주시면 잘 하겠다고 말하고 더 잘 할 수 있는 사람에게 이 일을 맡겨 주실 것을 어 부탁드릴 수 있을 것 같습니다. 하지만 뭐 최선을 다해서 일단 할 수 있는지를 파악해 본 다음에 일에 차질이 없게 할 수 있는 선에서는 제가 할 수 있는 노력들을 기울여서 일을 해 보는 것이 어 먼저 정답이고 그것이 능력 바깥이고 너무 어려워서 도저히 할 수 없을 때는 빠르게 판단해서 그 부분을 상사에게 어 말씀드리고 그 일을 고사하는 것이 어 맞는 판단이라고 생각합니다.","wordCount":162},"emotion":[],"intent":[{"text":"","expression":"","category":"attitude"}],"summary":{"text":"일을 하다가 상세한 지시를 받으면 최선을 다해서 노력하겠습니다. 어려운 지시가 내 선에서 해결할 수 있는 것인지 능력을 넘어서는 것인지를 파악을 할 수 있을 것입니다. 최선을 다해 최선을 다해 일을 해 보는 것이 정답이고 어려운 과제이고 난이도가 높아서 능력 바깥이다 라고 생각하면 빠르게 판단해서 상사에게 말하고 그 일을 고사하는 것이 맞는 판단입니다.","wordCount":51}}},"rawDataInfo":{"question":{"fileFormat":"wav","fileSize":339278,"duration":10600,"samplingBit":16,"channelCount":1,"samplingRate":"16kHz","audioPath":"/Mock/07.ProductionManufacturing/Female/Experienced/ckmk_q_mm_f_e_261564.wav"},"answer":{"fileFormat":"wav","fileSize":2589518,"duration":80920,"samplingBit":16,"channelCount":1,"samplingRate":"16kHz","audioPath":"/Mock/07.ProductionManufacturing/Female/Experienced/ckmk_a_mm_f_e_261564.wav"}}}