{"version":"1.0","dataSet":{"info":{"date":"20230116","occupation":"MM","channel":"MOCK","place":"ONLINE","gender":"FEMALE","ageRange":"45-54","experience":"EXPERIENCED"},"question":{"raw":{"text":"지원자께서는 기계나 장비 등을 많이 다루신 걸로 알고 있습니다 그렇다면 지원자께서 고장 난 기계나 장비 등을 성공적으로 교체해 본 경험이 있으시다면 이것에 대해서 말씀해 주십시오","wordCount":25},"emotion":[],"intent":[]},"answer":{"raw":{"text":"어 독일에서 들려온 어 토플가먼트로 쓰리디 프로그램을 입력해서 니트에 어 편직을 하는 어 기계가 있습니다. 그 기계가 고장이 났습니다. 어 물론 독일에서 가져온 기계이기 때문에 전문 정비사가 와서 고쳐야 합니다. 하지만 어 함께 일했던 동료들과 그 기기에 대해서 오랫동안 겪었기 때문에 어 어떤 것에 문제가 있는지 파악할 수 있었습니다. 어 그 기계의 작동은 컴퓨터 프로그램으로 이루어져 있기 때문에 컴퓨터 프로그램 어 을 통해서 프로그래밍을 통해서 다시 어 리셋해서 그것을 성공적으로 어 고칠 수 있었습니다. 어 물론 저희가 지식이 짧기 때문에 그 기계를 만든 사람이 고칠 수 있는 그런 영역의 결함이었다면 고칠 수 없었겠지만 간단한 어 결함은 그 기계를 오래 다뤄 본 사람이라면 어 조금만 고민하면 고칠 수 있는 부분들도 있는데 그 정도까지 어 기계를 다뤄 본 경험에 의해서 어 기계를 리셋해서 다시 어 별 무리 없이 사용할 수 있었던 경험이 있습니다.","wordCount":131},"emotion":[{"text":"어 독일에서 들려온 어 토플가먼트로 쓰리디 프로그램을 입력해서 니트에 어 편직을 하는 어 기계가 있습니다.","expression":"u-fact","category":"neutral"}],"intent":[{"text":"어 독일에서 들려온 어 토플가먼트로 쓰리디 프로그램을 입력해서 니트에 어 편직을 하는 어 기계가 있습니다.","expression":"f_equip","category":"technology"},{"text":"어 그 기계의 작동은 컴퓨터 프로그램으로 이루어져 있기 때문에 컴퓨터 프로그램 어 을 통해서 프로그래밍을 통해서 다시 어 리셋해서 그것을 성공적으로 어 고칠 수 있었습니다.","expression":"f_equip","category":"technology"},{"text":"어 물론 저희가 지식이 짧기 때문에 그 기계를 만든 사람이 고칠 수 있는 그런 영역의 결함이었다면 고칠 수 없었겠지만 간단한 어 결함은 그 기계를 오래 다뤄 본 사람이라면 어 조금만 고민하면 고칠 수 있는 부분들도 있는데 그 정도까지 어 기계를 다뤄 본 경험에 의해서 어 기계를 리셋해서 다시 어 별 무리 없이 사용할 수 있었던 경험이 있습니다.","expression":"f_equip","category":"technology"}],"summary":{"text":"독일의 토플가먼트로 쓰리디 프로그램을 입력해서 니트에 편직하는 기계가 고장이 났습니다. 수리가 필요하나 함께 일한 동료들은 컴퓨터 프로그램으로 문제를 파악하고 프로그래밍으로 리셋해서 성공적으로 고칠 수 있었습니다. 간단한 결함은 기계를 다뤄 본 사람이라면 고칠 수 있는 부분들도 있습니다.","wordCount":36}}},"rawDataInfo":{"question":{"fileFormat":"wav","fileSize":531278,"duration":16600,"samplingBit":16,"channelCount":1,"samplingRate":"16kHz","audioPath":"/Mock/07.ProductionManufacturing/Female/Experienced/ckmk_q_mm_f_e_261459.wav"},"answer":{"fileFormat":"wav","fileSize":2514318,"duration":78570,"samplingBit":16,"channelCount":1,"samplingRate":"16kHz","audioPath":"/Mock/07.ProductionManufacturing/Female/Experienced/ckmk_a_mm_f_e_261459.wav"}}}