{"version":"1.0","dataSet":{"info":{"date":"20230116","occupation":"MM","channel":"MOCK","place":"ONLINE","gender":"FEMALE","ageRange":"45-54","experience":"EXPERIENCED"},"question":{"raw":{"text":"혹시 본인이 공장에서 어떤 일을 해 보신 적이 있는지 궁금한데요 있다면 그 경험에 관해서 자세하게 말씀을 해 보시구요 그리고 공장에서 본인이 했던 업무에 대해서 구체적으로 말씀을 해 보시죠","wordCount":28},"emotion":[],"intent":[]},"answer":{"raw":{"text":"공장 생산 라인에서 편집 기계를 가지고 일해 본 경험이 있습니다. 처음 편집 기계를 프로그램하는 것을 배우기 이전에 어 기계를 관리하고 계속해서 기계가 제대로 직조를 하고 있는지 확인하고 실을 걸어 주고 실을 빼 주고 그리고 다 완성되면 편직을 빼고 새로운 실을 걸고 그다음에 기계를 계속해서 관리해 주는 그런 간단하고 단순한 공장 생산 관리 라인에서 일을 해 본 적이 있습니다. 어 어 삼 삼 조 이 교대로 돌아갔고 어 그래서 인제 이틀 이틀 이틀로 뭐 주간 야간 뭐 이틀 휴무 이런 식으로 돌아가면서 하는 일을 해 봤기 때문에 몸은 굉장히 힘들었습니다. 하지만 뭐 나름대로 시간 관리를 잘해서 어 그 경험을 쌓을 수 있었다고 생각합니다. 어 저 나름대로는 아주 좋은 경험이었고 그걸 통해서 니트를 짜는 직조 어 기계에 대해서 처음 알게 되고 그것들을 사용해 본 경험을 만들 수 있었습니다.","wordCount":126},"emotion":[],"intent":[{"text":"공장 생산 라인에서 편집 기계를 가지고 일해 본 경험이 있습니다.","expression":"f_equip","category":"technology"},{"text":"처음 편집 기계를 프로그램하는 것을 배우기 이전에 어 기계를 관리하고 계속해서 기계가 제대로 직조를 하고 있는지 확인하고 실을 걸어 주고 실을 빼 주고 그리고 다 완성되면 편직을 빼고 새로운 실을 걸고 그다음에 기계를 계속해서 관리해 주는 그런 간단하고 단순한 공장 생산 관리 라인에서 일을 해 본 적이 있습니다.","expression":"f_equip","category":"technology"},{"text":"어 어 삼 삼 조 이 교대로 돌아갔고 어 그래서 인제 이틀 이틀 이틀로 뭐 주간 야간 뭐 이틀 휴무 이런 식으로 돌아가면서 하는 일을 해 봤기 때문에 몸은 굉장히 힘들었습니다.","expression":"f_shift","category":"technology"}],"summary":{"text":"공장 생산 라인에서 편집 기계를 가지고 일해 본 경험이 있습니다. 기계를 관리하며 직조를 하고 있는지 확인하고 실을 걸어 주고 실을 빼 주고 다 완성되면 편직을 빼고 새로운 실을 걸고 기계를 계속해서 관리해 주는 공장 생산 관리 라인에서 일을 해 봤습니다. 아주 좋은 경험이었습니다.","wordCount":43}}},"rawDataInfo":{"question":{"fileFormat":"wav","fileSize":550478,"duration":17200,"samplingBit":16,"channelCount":1,"samplingRate":"16kHz","audioPath":"/Mock/07.ProductionManufacturing/Female/Experienced/ckmk_q_mm_f_e_261461.wav"},"answer":{"fileFormat":"wav","fileSize":2339278,"duration":73100,"samplingBit":16,"channelCount":1,"samplingRate":"16kHz","audioPath":"/Mock/07.ProductionManufacturing/Female/Experienced/ckmk_a_mm_f_e_261461.wav"}}}