{"version":"1.0","dataSet":{"info":{"date":"20230116","occupation":"MM","channel":"MOCK","place":"ONLINE","gender":"FEMALE","ageRange":"45-54","experience":"EXPERIENCED"},"question":{"raw":{"text":"역사 속에서 가장 존경하는 인물은 누구인가요 또한 지원자님이 그 인물을 가장 존경하는 이유에 대해서도 말씀 부탁드립니다","wordCount":16},"emotion":[],"intent":[]},"answer":{"raw":{"text":"지금은 역사라고 말할 수 있을 것 같은데 어 짧은 역사이지만 저는 고 노무현 대통령을 가장 존경합니다. 우리나라의 기득권을 충분히 누릴 수 있는 기득권 층까지 올라갔지만 그의 시작은 아주 어 미흡한 어 농부의 아들로 태어났고 우리 사회에서는 굉장히 소외된 계층에서 태어났지만 어 불굴의 근성으로 어 소위 기득권으로 불리는 기득권 층까지 올라왔습니다. 하지만 그의 마음을 따뜻했기 때문에 그 따뜻한 마음으로 자기가 옳다고 생각하는 것을 위해서 정의와 윤리 본인이 생각하는 어 좋은 세상을 위해서 본인의 안락한 삶은 던져 버리고 그 커다란 대의에 자기 자신을 완전히 불살 삶이었기 때문에 어 보통의 사람은 가질 수 없는 그런 대단한 일들을 많이 추구하고 그것을 위해서 아낌없이 자기를 자기 인생을 어 헌신했다고 보기 때문에 그분을 존경합니다. 그리고 그분은 매우 어 평생을 배우는 자세로 임했습니다. 본인이 늘 새로운 것에 대해서 도전을 했고 그 새로운 것에 도전하는 이유가 어 다른 많은 사람들의 나은 보다 나은 삶을 위해서 그것들을 공부했다는 것 그리고 정말 좋은 정치인이 되기 위해서 아주 가장 기초적인 것들을 최선을 다해 지키려고 했던 삶이라는 것에서 그분을 존경할 수 밖에 없습니다.","wordCount":161},"emotion":[{"text":"지금은 역사라고 말할 수 있을 것 같은데 어 짧은 역사이지만 저는 고 노무현 대통령을 가장 존경합니다.","expression":"p-affection","category":"positive"},{"text":"하지만 그의 마음을 따뜻했기 때문에 그 따뜻한 마음으로 자기가 옳다고 생각하는 것을 위해서 정의와 윤리 본인이 생각하는 어 좋은 세상을 위해서 본인의 안락한 삶은 던져 버리고 그 커다란 대의에 자기 자신을 완전히 불살 삶이었기 때문에 어 보통의 사람은 가질 수 없는 그런 대단한 일들을 많이 추구하고 그것을 위해서 아낌없이 자기를 자기 인생을 어 헌신했다고 보기 때문에 그분을 존경합니다.","expression":"p-affection","category":"positive"},{"text":"본인이 늘 새로운 것에 대해서 도전을 했고 그 새로운 것에 도전하는 이유가 어 다른 많은 사람들의 나은 보다 나은 삶을 위해서 그것들을 공부했다는 것 그리고 정말 좋은 정치인이 되기 위해서 아주 가장 기초적인 것들을 최선을 다해 지키려고 했던 삶이라는 것에서 그분을 존경할 수 밖에 없습니다.","expression":"p-affection","category":"positive"}],"intent":[{"text":"","expression":"","category":"attitude"}],"summary":{"text":"저는 고 노무현 대통령을 가장 존경합니다. 그는 소외된 계층에서 태어났지만 자신의 마음을 따뜻히 여겨 큰 대의에 자기 자신을 불살랐기 때문에 존경할 수 밖에 없습니다. 그리고 그는 평생 새로운 것을 시도하는 자세로 임했습니다. 좋은 정치인이 되기 위해 가장 기초적인 것들을 최선을 다해 지키려고 했던 삶에서 그를 존경할 수밖에 없었습니다.","wordCount":48}}},"rawDataInfo":{"question":{"fileFormat":"wav","fileSize":611918,"duration":19120,"samplingBit":16,"channelCount":1,"samplingRate":"16kHz","audioPath":"/Mock/07.ProductionManufacturing/Female/Experienced/ckmk_q_mm_f_e_261778.wav"},"answer":{"fileFormat":"wav","fileSize":2860238,"duration":89380,"samplingBit":16,"channelCount":1,"samplingRate":"16kHz","audioPath":"/Mock/07.ProductionManufacturing/Female/Experienced/ckmk_a_mm_f_e_261778.wav"}}}