{"version":"1.0","dataSet":{"info":{"date":"20230116","occupation":"MM","channel":"MOCK","place":"ONLINE","gender":"FEMALE","ageRange":"45-54","experience":"EXPERIENCED"},"question":{"raw":{"text":"어떤 문제에 부딪쳤을 때 혼자 해결하는 편이신가요 아니면 여러 사람들에게 이야기를 함으로써 해결하는 편이신가요 그 이유와 함께 말씀 부탁드립니다","wordCount":19},"emotion":[],"intent":[]},"answer":{"raw":{"text":"어떤 혼자 해결하기 어려운 문제에 부딪쳤을 때는 당연히 여러 사람들에게 이야기 합니다. 여러 사람이라고 하기는 그렇고 정말 어 도움이 될 만한 사람에게 신중하게 이야기에서 도움을 구합니다. 어 그냥 문제에 부딪쳐서 그 문제를 해결하기 어렵다고 여러 사람에게 이야기하는 편은 아니고 혼자서 열심히 해결하려고 최선을 다해 노력을 하는 편에 속합니다. 하지만 너무 어려워서 저 혼자 해결하기가 어렵고 이런 식으로 계속 가다가는 문제의 차질이 생겨서 일을 진행할 수 없겠다 라고 평가될 때는 과감하게 저 스스로의 능력이 부족함을 인정하고 그리고 그 일을 잘 해결하는 데 도움을 줄 만한 사람에게 신중하게 이야기를 해서 의견을 듣습니다. 의견을 듣는다고 해서 그 의견을 준 사람이 의 이야기를 그대로 듣고 따라하는 편도 아닙니다. 그 의견을 충분히 듣고 제 생각과 잘 맞추어서 어 지금 상황과 제가 처한 현실과 해결해야 될 문제에서 정말 가장 가능한 해법이 뭔지 스스로 해결하는 해결하고 제가 옳다고 생각하고 판단한 것에 따라 움직입니다. 다시 말하면 뭐 정확히 말하면 문제에 부딪쳤을 때 다른 사람의 의견을 듣기는 하지만 스스로 결정하고 해결하는 편에 더 가까울 것 같습니다.","wordCount":157},"emotion":[],"intent":[{"text":"","expression":"","category":"attitude"}],"summary":{"text":"혼자 해결하기 어려운 문제에 부딪쳤을 때는 도움이 될 만한 사람에게 도움을 구합니다. 어려운 일이라 여러 사람에게 이야기하는 편은 아니고 최선을 다해 노력하는 편입니다. 하지만 문제에 차질이 생겨서 일을 진행할 수 없겠다고 평가될 때는 저 스스로의 능력이 부족함을 인정하고 의견을 듣습니다. 의견을 듣고서 제 생각과 잘 맞추어서 스스로 결정하고 해결하는 편이 좋을 것 같습니다.","wordCount":53}}},"rawDataInfo":{"question":{"fileFormat":"wav","fileSize":636238,"duration":19880,"samplingBit":16,"channelCount":1,"samplingRate":"16kHz","audioPath":"/Mock/07.ProductionManufacturing/Female/Experienced/ckmk_q_mm_f_e_266937.wav"},"answer":{"fileFormat":"wav","fileSize":2770638,"duration":86580,"samplingBit":16,"channelCount":1,"samplingRate":"16kHz","audioPath":"/Mock/07.ProductionManufacturing/Female/Experienced/ckmk_a_mm_f_e_266937.wav"}}}