{"version":"1.0","dataSet":{"info":{"date":"20230116","occupation":"MM","channel":"MOCK","place":"ONLINE","gender":"FEMALE","ageRange":"45-54","experience":"EXPERIENCED"},"question":{"raw":{"text":"지원자님께서는 특별히 가고 싶은 회사가 있나요 입사하고 싶은 회사를 선택할 때 특정 도메인이 중요한지 회사의 분위기가 중요한지 어떤 점을 중점적으로 보시는지 궁금합니다","wordCount":22},"emotion":[],"intent":[]},"answer":{"raw":{"text":"가고 싶은 회사는 있습니다. 가고 싶은 회사는 분명히 제가 원하는 영역에 일을 할 수 있는 특정한 제가 원하는 도메인이 있는 그런 도메인을 갖추고 있는 회사가 제가 가고 싶은 회사입니다. 일에 대한 도전이 중요하고 그리고 그런 분야의 일을 해보고 싶어서 그 회사를 원하는 것이지 회사의 분위기 자체 때문에 회사를 옮기지는 않을 것 같습니다. 물론 회사의 분위기는 중요합니다. 하지만 중점적으로 더 회사를 이직한다던지 취업을 새로이 할 때는 제가 원하는 특정한 영역의 도메인이 있는 곳으로 옮겨갈 것 같습니다. 회사의 분위기는 어 어 굉장히 껄끄럽고 힘든 사람들이 구성되어 있지만 않다면 분위기는 함께 만들어 가는 부분도 분명히 있기 때문에 제가 속한 곳에서 제가 일정 정도 만들어 내는 분위기도 또한 있다고 봅니다. 그래서 아주 이상한 분위기의 회사만 아니라면 뭐 그렇게 큰 문제는 없을 것 같고요. 특정 도메인을 더 중요하게 생각합니다. 그리고 나서 회사의 분위기도 어 중요하긴 하겠죠. 하지만 우선되는 거 중점적으로 보는 건 특정한 제가 원하는 영역의 분야를 더 특정 더 중점적으로 보고 있습니다.","wordCount":148},"emotion":[],"intent":[{"text":"","expression":"","category":"attitude"}],"summary":{"text":"제가 가고 싶은 회사는 제가 원하는 영역에 일을 할 수 있는 특정 도메인을 갖추고 있는 회사입니다. 회사의 분위기는 중요하나, 이직이나 취업할 때는 제가 원하는 영역의 도메인을 가진 곳으로 옮겨갈 것 같습니다. 회사 분위기는 어 굉장히 껄끄럽고 힘든 사람들이 구성되어 있지만 분위기는 함께 만들어 가는 부분도 있기 때문에 저는 어떤 분위기의 회사만 아니라면 큰 문제는 없을 것입니다.","wordCount":56}}},"rawDataInfo":{"question":{"fileFormat":"wav","fileSize":576078,"duration":18000,"samplingBit":16,"channelCount":1,"samplingRate":"16kHz","audioPath":"/Mock/07.ProductionManufacturing/Female/Experienced/ckmk_q_mm_f_e_239684.wav"},"answer":{"fileFormat":"wav","fileSize":3112398,"duration":97260,"samplingBit":16,"channelCount":1,"samplingRate":"16kHz","audioPath":"/Mock/07.ProductionManufacturing/Female/Experienced/ckmk_a_mm_f_e_239684.wav"}}}