{"version":"1.0","dataSet":{"info":{"date":"20230116","occupation":"MM","channel":"MOCK","place":"ONLINE","gender":"FEMALE","ageRange":"45-54","experience":"EXPERIENCED"},"question":{"raw":{"text":"만약에 이 면접에서 본인이 최종적으로 탈락하게 된다면 어떤 점이 부족해서 탈락했다고 생각하실 건가요","wordCount":13},"emotion":[],"intent":[]},"answer":{"raw":{"text":"이 면접에서 최종적으로 탈락하면 제가 업무 역량에 있어서 어 이 분야에서 필요로 하는 역량을 부족하게 제가 준비했기 때문이라고 어 생각하겠습니다. 저는 의욕이 충분하고 충분히 도전 할 수 있는 태도를 가지고 있고 그리고 이 일을 해보고 싶은 여러 가지 생각들로 가득한데 제가 그 부분을 충분히 어필 할 수 있음에도 불구하고 탈락을 한다 면 저의 경험과 아직은 부족한 저의 업무 역량 때문이라고 생각을 하겠습니다. 어 제가 더 경험을 쌓고 이쪽 분야에서 필요로 하는 업무 지식과 그에 필요한 스킬들을 더 어 준비한 후에 다시 재도전을 해야 한다 라는 그런 판단을 하겠습니다.","wordCount":88},"emotion":[],"intent":[{"text":"","expression":"","category":"attitude"}],"summary":{"text":"이 면접에서 탈락하면 부족한 업무 역량 때문이라고 생각하겠습니다. 더 경험을 쌓고 이쪽 분야에서 필요로 하는 업무 지식과 그에 필요한 스킬들을 준비한 후에 다시 재도전을 해야 한다고 생각합니다.","wordCount":27}}},"rawDataInfo":{"question":{"fileFormat":"wav","fileSize":285198,"duration":8910,"samplingBit":16,"channelCount":1,"samplingRate":"16kHz","audioPath":"/Mock/07.ProductionManufacturing/Female/Experienced/ckmk_q_mm_f_e_301939.wav"},"answer":{"fileFormat":"wav","fileSize":1792078,"duration":56000,"samplingBit":16,"channelCount":1,"samplingRate":"16kHz","audioPath":"/Mock/07.ProductionManufacturing/Female/Experienced/ckmk_a_mm_f_e_301939.wav"}}}