{"version":"1.0","dataSet":{"info":{"date":"20230116","occupation":"MM","channel":"MOCK","place":"ONLINE","gender":"FEMALE","ageRange":"45-54","experience":"EXPERIENCED"},"question":{"raw":{"text":"본인의 장점과 단점을 설명해 주세요 그리고 그것을 특화시키고 극복하기 위해 본인이 했던 노력도 같이 말씀해 주세요","wordCount":16},"emotion":[],"intent":[]},"answer":{"raw":{"text":"저의 장점은 열정을 가지고 도전적인 과제를 수행하는 것을 두려워하지 않는 용감한 성향이 있다는 것입니다. 일을 무서워하지 않습니다. 어떤 큰일이 있더라도 절대 위축되지 않고 열심히 할 수 있다고 생각하고 최선을 다해 노력하는 성격이 있습니다. 그러면서 한편으로 단점은 어떤 일을 시작할 때 그 일에 집중하게 되면 다른 작은 사소한 문제들을 어 간과하거나 잠시 잊을 때가 있습니다. 그리고 말을 할 때 직선적으로 하고 싶은 말을 명확한 논리를 가지고 옳다고 판단되는 말을 거침없이 하는 편입니다. 그래서 상대방에게 옳지만 상처를 주는 경우도 있고 그 옳은 말을 할 때에도 어 상황에 따라서 그 말을 조금 더 어 조심해서 천천히 풀어내서 할 줄 모르는 그런 어 약간 어 직설적인 부분이 있습니다. 장점일 수도 있고 단점일 수도 있습니다. 그래서 저는 정확하게 일을 어 원인을 분석하고 해결하고 정확한 것이 무엇인지 알아내고 설득력 있게 이야기하는 부분에 매우 열정적인 어 측면을 갖고 있는 어 편이라서 어떤 정보를 습득하거나 그것을 정 정확하게 설득력 있는 논리로 풀어내는 것에는 제가 장점이 있습니다. 하지만 그 부분에서 솔직하지만 정확하지만 그것들을 전달하는 부분에서는 약간 문제가 있습니다. 전달할 때 좀 더 상황과 그 다음에 상대방의 어 입장 이런 것들을 고려해서 그 문제를 풀어내고 그것들을 제가 해결하는 일들이 좀 더 순리적으로 풀어나갈 수 있도록 어 노력하고 있습니다.","wordCount":188},"emotion":[],"intent":[{"text":"어떤 큰일이 있더라도 절대 위축되지 않고 열심히 할 수 있다고 생각하고 최선을 다해 노력하는 성격이 있습니다.","expression":"c_person","category":"background"}],"summary":{"text":"저는 열정을 가지고 도전적인 과제를 수행하는 것을 두려워하지 않는 성격의 소유자이지만, 다른 작은 문제들을 간과하거나 잊을 때가 있습니다. 또 직설적인 면이 있어서 어떤 정보를 습득하거나 그것을 설득력 있는 논리로 풀어내는 것에는 장점이 있으나, 전달 과정에서 상황과 상대방의 입장 등을 고려해 문제를 풀어내고 그것이 좀 더 순리적으로 풀어나갈 수 있도록 노력합니다.","wordCount":50}}},"rawDataInfo":{"question":{"fileFormat":"wav","fileSize":327758,"duration":10240,"samplingBit":16,"channelCount":1,"samplingRate":"16kHz","audioPath":"/Mock/07.ProductionManufacturing/Female/Experienced/ckmk_q_mm_f_e_282213.wav"},"answer":{"fileFormat":"wav","fileSize":3798798,"duration":118710,"samplingBit":16,"channelCount":1,"samplingRate":"16kHz","audioPath":"/Mock/07.ProductionManufacturing/Female/Experienced/ckmk_a_mm_f_e_282213.wav"}}}