{"version":"1.0","dataSet":{"info":{"date":"20230116","occupation":"MM","channel":"MOCK","place":"ONLINE","gender":"FEMALE","ageRange":"45-54","experience":"EXPERIENCED"},"question":{"raw":{"text":"혹시 교대 근무를 해보신 적이 있으십니까 교대 근무 중에서 아 이거 조금 생산적인 교대 근무다 라고 판단하시는 그런 내용이나 근거가 있으면 설명을 해주시겠습니까","wordCount":23},"emotion":[],"intent":[]},"answer":{"raw":{"text":"제가 생각했 하는 가장 생산적인 교대 근무는 어 교대 근무를 하는 근무자들이 집중해서 일을 할 수 있고 일을 하면서 스스로 어 너무 힘들거나 어 의욕이 저하되지 않는 한에서 어 만족감을 가지고 일을 할 수 있으면서 그 일을 잘 해내는 그 상태가 교대 근무의 가장 생산적인 형태라고 생각을 합니다. 물론 이윤 추구가 어 돼야 하겠지만 어 오히려 근무하는 시간을 조금 단축하고 어 피로감을 최대로 줄이면서 어 의욕을 가지고 일할 수 있을 정도의 교대 근무를 생산적인 근로라고 저는 생각합니다. 어 그래서 그런 면에서 저는 어 사 조가 이 교대로 돌아가는 근무 형태를 가장 이상적이라고 생각하는데 그 중에서도 다양하겠지만 여러 가지가 있겠지만 저는 여섯 시간 단위로 주간 어 휴식 야간 휴식 이렇게 중간 중간 주간과 야간 사이에 휴식을 넣고 생산시 어 근무 시간을 여섯 시간을 넘지 않아서 어 주야가 바뀌는 시스템에서 너무나 큰 피로감을 느끼지 않는 정도의 교대 근무가 어 제 생각에는 생산적인 근무라고 생각합니다.","wordCount":142},"emotion":[],"intent":[{"text":"제가 생각했 하는 가장 생산적인 교대 근무는 어 교대 근무를 하는 근무자들이 집중해서 일을 할 수 있고 일을 하면서 스스로 어 너무 힘들거나 어 의욕이 저하되지 않는 한에서 어 만족감을 가지고 일을 할 수 있으면서 그 일을 잘 해내는 그 상태가 교대 근무의 가장 생산적인 형태라고 생각을 합니다.","expression":"f_shift","category":"technology"},{"text":"어 그래서 그런 면에서 저는 어 사 조가 이 교대로 돌아가는 근무 형태를 가장 이상적이라고 생각하는데 그 중에서도 다양하겠지만 여러 가지가 있겠지만 저는 여섯 시간 단위로 주간 어 휴식 야간 휴식 이렇게 중간 중간 주간과 야간 사이에 휴식을 넣고 생산시 어 근무 시간을 여섯 시간을 넘지 않아서 어 주야가 바뀌는 시스템에서 너무나 큰 피로감을 느끼지 않는 정도의 교대 근무가 어 제 생각에는 생산적인 근무라고 생각합니다.","expression":"f_shift","category":"technology"}],"summary":{"text":"가장 생산적인 교대 근무는 근무자들이 집중해서 일을 할 수 있고 의욕이 저하되지 않는 한에서 그 일을 잘 해내는 상태라고 생각합니다. 근무 시간을 조금 단축하고 피로감을 최대로 줄이면서 의욕을 가지고 일할 수 있을 정도의 교대 근무를 가장 이상적이라고 생각합니다.","wordCount":38}}},"rawDataInfo":{"question":{"fileFormat":"wav","fileSize":591438,"duration":18480,"samplingBit":16,"channelCount":1,"samplingRate":"16kHz","audioPath":"/Mock/07.ProductionManufacturing/Female/Experienced/ckmk_q_mm_f_e_301934.wav"},"answer":{"fileFormat":"wav","fileSize":2666958,"duration":83340,"samplingBit":16,"channelCount":1,"samplingRate":"16kHz","audioPath":"/Mock/07.ProductionManufacturing/Female/Experienced/ckmk_a_mm_f_e_301934.wav"}}}