{"version":"1.0","dataSet":{"info":{"date":"20230116","occupation":"MM","channel":"MOCK","place":"ONLINE","gender":"FEMALE","ageRange":"45-54","experience":"EXPERIENCED"},"question":{"raw":{"text":"규칙적 업무 수행을 잘 하기 위해 만들어낸 지원자님만의 특별한 노하우나 방법이 있다면 예시를 들어서 말씀해 주시겠습니까","wordCount":16},"emotion":[],"intent":[]},"answer":{"raw":{"text":"규칙적으로 업무 수행을 잘 하려면은 그 업무의 경중을 따져서 업무가 어때 언제까지 다 이루어져야 하고 그 업무를 다 이루기까지 저에게 필요한 시간이 어느 정도 있을 것인지를 정확하게 어 파악해야 합니다. 그래서 일단 업무가 주어지면 업무 내용을 파악함과 동시에 그 업무가 어떤 어떤 과정들을 통해서 어느 정도의 시간을 담 보해야 하는지를 어 체크를 한 다음에 그것들을 당연히 이제 계획표나 일상 업무 다이어리에 체크를 해 놓고 매일매일 업무 다이어리 체크를 하면서 내가 오늘 이 작업들을 이만큼 했어야 한다는 그 업무 다이어리에 어 하루에 해야 일 해야 할 분량의 일들을 정리를 잘 나누어서 잘 그 업무량을 잘 정리해 놓은 다음 그 업무량을 매일매일 체크하는 것입니다. 어 일상적으로 공부하는 학생들이 가 쓰는 플래너처럼 어 업무 수행에 대한 플래너도 어 학생들의 뭐 시험 대비 플래너 정도는 아니어도 규칙적 업무 수행을 위한 제 업무 파악이라든지 내용이라든지 시간 계산이라든지 그것에 어 비롯하여 플래너를 잘 짜놔서 플래너를 매일을 체크하고 얼마큼 수행했는지 보는 거 그것이 제 방법입니다.","wordCount":148},"emotion":[],"intent":[{"text":"어 일상적으로 공부하는 학생들이 가 쓰는 플래너처럼 어 업무 수행에 대한 플래너도 어 학생들의 뭐 시험 대비 플래너 정도는 아니어도 규칙적 업무 수행을 위한 제 업무 파악이라든지 내용이라든지 시간 계산이라든지 그것에 어 비롯하여 플래너를 잘 짜놔서 플래너를 매일을 체크하고 얼마큼 수행했는지 보는 거 그것이 제 방법입니다.","expression":"f_cons","category":"attitude"}],"summary":{"text":"규칙적으로 업무 수행을 잘 하기 위해서는 업무의 경중을 따져서 업무가 언제까지 이루어져야 하고 필요한 시간이 어느 정도 있을 것인지를 정확하게 어 파악해야 합니다. 그래서 업무가 주어지면 업무 내용을 파악함과 동시에 어떤 어떤 과정들을 통해서 어느 정도의 시간을 담 보해야 하는지를 체크한 다음에 계획표나 일상 업무 다이어리에 체크를 해 놓고 매일 체크하는 것입니다.","wordCount":52}}},"rawDataInfo":{"question":{"fileFormat":"wav","fileSize":410318,"duration":12820,"samplingBit":16,"channelCount":1,"samplingRate":"16kHz","audioPath":"/Mock/07.ProductionManufacturing/Female/Experienced/ckmk_q_mm_f_e_208742.wav"},"answer":{"fileFormat":"wav","fileSize":2862158,"duration":89440,"samplingBit":16,"channelCount":1,"samplingRate":"16kHz","audioPath":"/Mock/07.ProductionManufacturing/Female/Experienced/ckmk_a_mm_f_e_208742.wav"}}}