{"version":"1.0","dataSet":{"info":{"date":"20230116","occupation":"MM","channel":"MOCK","place":"ONLINE","gender":"FEMALE","ageRange":"45-54","experience":"EXPERIENCED"},"question":{"raw":{"text":"지원자님께서 저희 회사에 입사를 했는데 업무 내용이나 강도가 본인의 예상과 전혀 다르다면 지원자님은 그런 상황에서 어떻게 하실 건가요","wordCount":18},"emotion":[],"intent":[]},"answer":{"raw":{"text":"이런 음 업무 내용이나 강도가 제가 예상했던 것과 전혀 다를 수도 있다는 이런 생각을 전혀 안 해보지 않았습니다. 제가 예상하는 것보다는 더 많은 업무가 주어지고 또 전혀 다른 업무 스타일로 일을 누구 받을 수 있다는 생각을 각오를 당연히 하고 있습니다. 하지만 일단 제가 그런 스타일로 일을 해보지 않았기 때문에 그것을 할 수 있다 없다를 쉽게 결론 내리지 않고 제가 좀 부족하고 어려운 부분이 있더라도 어떤 부분이 과연 나에게 어려움을 주는 부분인지를 정확하게 파악하고 어 해보는 데까지 열심히 해보겠습니다. 당연히 어 이직 자체가 새로운 직장으로 옮겨오는 것 자체가 도전이었기 때문에 그 도전을 일단 시작하겠다고 했으면 힘들고 어려운 상황이 되더라도 적응하기 위해서 노력을 해 봐 해볼 것입니다. 노력을 해서 어 제가 부족한 것이 업무 관련 지식이라면 지식을 더 쌓고요. 그리고 일이 해보지 않는 일이라면 더 익숙하게 하기 위해서 어 그 일이 익숙해질 때까지 더 노력하고 공부하는 자세로 임해야 되겠고 만약 강도가 제가 생각하기보다 훨씬 많은 양의 일을 해야 된다면 그 부분에 대해서는 익숙해질 때까지는 시간이 걸리고 조금 어렵더라도 어 하는 데까지 노력을 해 보겠습니다.","wordCount":162},"emotion":[],"intent":[{"text":"","expression":"","category":"attitude"}],"summary":{"text":"이직 자체가 새로운 직장으로 옮겨오는 것 자체가 도전이었기 때문에 제가 부족한 것이 업무 관련 지식이라면 지식을 더 쌓고, 일이 해보지 않는 일이라면 더 익숙하게 하기 위해서 그 일이 익숙해질 때까지 더 노력하고 공부하는 자세로 임해야 되겠습니다.","wordCount":36}}},"rawDataInfo":{"question":{"fileFormat":"wav","fileSize":633678,"duration":19800,"samplingBit":16,"channelCount":1,"samplingRate":"16kHz","audioPath":"/Mock/07.ProductionManufacturing/Female/Experienced/ckmk_q_mm_f_e_213508.wav"},"answer":{"fileFormat":"wav","fileSize":2806478,"duration":87700,"samplingBit":16,"channelCount":1,"samplingRate":"16kHz","audioPath":"/Mock/07.ProductionManufacturing/Female/Experienced/ckmk_a_mm_f_e_213508.wav"}}}