{"version":"1.0","dataSet":{"info":{"date":"20230116","occupation":"MM","channel":"MOCK","place":"ONLINE","gender":"FEMALE","ageRange":"45-54","experience":"EXPERIENCED"},"question":{"raw":{"text":"지원자분께서 직장을 선택하심에 있어서 가장 중요하게 생각하는 세 가지가 있다고 한다면 그것이 무엇인지 궁금합니다 각각 무엇인지에 대해서 답변 부탁드립니다","wordCount":19},"emotion":[],"intent":[]},"answer":{"raw":{"text":"직장을 선택할 때 어 먼저 가장 중요하게 생각하는 거는 일 자체의 만족도 제가 이 일을 하면서 정말 만족할 수 있는지 일 자체가 주는 즐거움이 가장 중요하구요. 두 번째로는 그 회사가 추구하는 방향성 회사가 추구하는 가치관이 나와 맞는지 이해가 중요합니다. 회사가 이윤을 추구하고 생산성만을 극대화해서 어 그것을 목표로 삼는다면 사람들은 마치 그것의 부품이나 기계처럼 취급되는 분위기가 있을 텐데요. 그런 분위기보다는 함께 일해 나가는 사람들도 어 그 회사가 추구하는 가치에 어 속해 있어서 모두가 즐겁고 일을 하면서 보람을 느낄 수 있는 회사가 돼야 된다는 기본적으로 공동체가 같이 추구해야 되는 가 어 가치관에 대한 윤리적인 어떤 그런 목표를 갖고 있는 공감할 수 있는 어 함께하는 사람들과 공감할 수 있는 가치관을 갖고 있는 회사의 가치관 윤리적 가치관이 중요하구요. 그리고 세 번째로는 어 이 회사가 도전적인 어 어 나에게 도전적인 어떤 과제를 던져주고 나의 발전을 도모할 수 있는 것인가 에 대한 회사에서 주는 발전성 어 성취감 이런 거를 얻을 수 있는 무엇인가 나의 발전이 가능한 것인가에 대한 부분입니다. 그래서 세 가지로 압축될 것 같습니다. 일의 만족도 회사의 윤리적인 가치관이나 분위기 그리고 내가 과연 이 회사에서 발전이 가능할 것인가 내 발전에 관한 도전이 될 만한 과제가 내게 주어지는가 그리고 그걸 해냈을 때 충분한 보상들이 주어져서 내가 그 일을 하면서 만족도가 클 것인가에 대한 그 세 가지입니다.","wordCount":200},"emotion":[],"intent":[{"text":"","expression":"","category":"attitude"}],"summary":{"text":"직장 선택 시 일 자체의 만족도, 회사가 추구하는 방향성, 윤리적 가치관, 회사에서 주는 발전성, 성취감, 저의 발전이 가능한 것인가 세 가지 중심으로 압축될 것 같습니다. 일의 만족도 회사의 윤리적인 가치관이나 분위기, 회사의 발전이 가능할 것인가, 도전이 될 만한 과제가 내게 주어지는가, 그것을 해냈을 때 충분한 보상이 주어져서 제가 그 일을 하면서 만족도가 클 것인가 이 세 가지입니다.","wordCount":57}}},"rawDataInfo":{"question":{"fileFormat":"wav","fileSize":501518,"duration":15670,"samplingBit":16,"channelCount":1,"samplingRate":"16kHz","audioPath":"/Mock/07.ProductionManufacturing/Female/Experienced/ckmk_q_mm_f_e_282692.wav"},"answer":{"fileFormat":"wav","fileSize":3507918,"duration":109620,"samplingBit":16,"channelCount":1,"samplingRate":"16kHz","audioPath":"/Mock/07.ProductionManufacturing/Female/Experienced/ckmk_a_mm_f_e_282692.wav"}}}