{"version":"1.0","dataSet":{"info":{"date":"20230116","occupation":"MM","channel":"MOCK","place":"ONLINE","gender":"FEMALE","ageRange":"45-54","experience":"EXPERIENCED"},"question":{"raw":{"text":"스트레스를 받으면 어떻게 하시는지 궁금합니다 그리고 왜 그런 방법으로 스트레스를 해소하시는지 말씀해 주시기 바랍니다","wordCount":14},"emotion":[],"intent":[]},"answer":{"raw":{"text":"스트레스를 해소하는 방법은 머릿속을 맑게 하고 여러 가지 쓸데없는 생각들 그 생각들을 머릿속에서 지워내고 감정의 찌꺼기들을 털어내는 일이기 때문에 스트레스를 받으면 제가 가장 좋아하는 자연과 가까운 산의 둘레 길을 걷거나 아니면 강가를 자전거를 타고 어 달리거나 그렇게 합니다. 거기에도 신체적인 스트레스나 뻐근함이 풀리지 않는다면 땀을 흘리면서 운동을 하거나 열심히 에어로빅 같은 동작을 하면서 제가 하고 있는 신체적 활동에 흠뻑 빠져서 한동안 거기에 취해서 열심히 하다 보면 어 아주 정신이 맑아집니다. 그렇게 열심히 땀을 흘리고 신체를 움직였을 때 어 정신 상태가 깨끗해지고 힘들었던 것도 일순간에 해결이 되고 새로운 정신으로 무장되는 것을 느끼기 때문에 저는 스트레스 해소를 할 때 신체적인 활동을 주로 하고 그리고 되도록이면 어 막힌 공간이 아니고 툭 터진 자연과 가까운 공간이나 환경에서 그런 동작들이나 신체적인 활동을 주로 합니다. 정신적으로도 맑아지고 새롭게 재정비하는 마음 자세가 됩니다.","wordCount":126},"emotion":[],"intent":[{"text":"","expression":"","category":"attitude"}],"summary":{"text":"스트레스 해소는 감정의 찌꺼기들을 털어내는 일이기 때문에 스트레스를 받으면 자연의 둘레 길을 걷거나 강가를 자전거로 달리거나 합니다. 스트레스 해소를 위해서는 신체적인 활동을 주로 하고 되도록이면 자연과 가까운 공간이나 환경에서 신체인 활동을 합니다. 정신적으로도 맑아지고 새롭게 재정비하는 마음 자세가 됩니다.","wordCount":39}}},"rawDataInfo":{"question":{"fileFormat":"wav","fileSize":328718,"duration":10270,"samplingBit":16,"channelCount":1,"samplingRate":"16kHz","audioPath":"/Mock/07.ProductionManufacturing/Female/Experienced/ckmk_q_mm_f_e_239835.wav"},"answer":{"fileFormat":"wav","fileSize":2880718,"duration":90020,"samplingBit":16,"channelCount":1,"samplingRate":"16kHz","audioPath":"/Mock/07.ProductionManufacturing/Female/Experienced/ckmk_a_mm_f_e_239835.wav"}}}