{"version":"1.0","dataSet":{"info":{"date":"20230116","occupation":"MM","channel":"MOCK","place":"ONLINE","gender":"FEMALE","ageRange":"45-54","experience":"EXPERIENCED"},"question":{"raw":{"text":"지원자님께서는 본인 스스로 숫자와 창의 중에서 어떤 것에 더 가깝다고 생각하시나요 그렇게 생각하시는 이유도 말씀해 주세요","wordCount":16},"emotion":[],"intent":[]},"answer":{"raw":{"text":"어 제가 생각할 때 저는 창의에 가깝습니다. 어 틀어박힌 숫자나 기존에 진행되던 것을 그대로 진행하거나 답습하거나 하는 것보다는 하지 않았던 일을 도전하고 새로운 시도들을 해보는 것에 더 의욕을 느끼는 그런 성향을 가지고 있기 때문에 창의적이고 새로운 것들에 더 가까운 성향이라고 그렇게 스스로를 평가합니다.","wordCount":43},"emotion":[],"intent":[{"text":"","expression":"","category":"attitude"}],"summary":{"text":"저는 기존의 것을 그대로 진행하거나 답습하는 것보다는 새로운 시도들을 해보는 것에 더 의욕을 느끼는, 창의적이고 새로운 것들에 더 가까운 성향입니다.","wordCount":20}}},"rawDataInfo":{"question":{"fileFormat":"wav","fileSize":613838,"duration":19180,"samplingBit":16,"channelCount":1,"samplingRate":"16kHz","audioPath":"/Mock/07.ProductionManufacturing/Female/Experienced/ckmk_q_mm_f_e_301941.wav"},"answer":{"fileFormat":"wav","fileSize":1093198,"duration":34160,"samplingBit":16,"channelCount":1,"samplingRate":"16kHz","audioPath":"/Mock/07.ProductionManufacturing/Female/Experienced/ckmk_a_mm_f_e_301941.wav"}}}