{
    "version": "1.0",
    "dataSet": {
        "info": {
            "date": "20230116",
            "occupation": "MM",
            "channel": "MOCK",
            "place": "ONLINE",
            "gender": "FEMALE",
            "ageRange": "45-54",
            "experience": "EXPERIENCED"
        },
        "question": {
            "raw": {
                "text": "면접자분 리스크 어세스멘트에 대해 잘 알고 계시나요 이것은 어떤 개념이고 또한 이걸 어떻게 활용하는지 저에게 아시는 대로 자세하게 말씀해 주시기 바라겠습니다",
                "wordCount": 21
            },
            "emotion": [],
            "intent": []
        },
        "answer": {
            "raw": {
                "text": "어 리스크 어센먼트는 설비나 어떤 정비에서는 어떤 필수 요소에 굉장히 중요한 사안이고 반드시 고려되어야 할 사항입니다. 또한 이것을 문서화하여서 어 그냥 보고하는 그런 절차를 거치기도 하는데요. 어 기본적인 정의는 위험 요소들을 구분하고 분간해서 또 현재 상황을 파악해서 사전에 예방하고자 하고자 하는 그런 목적을 갖고 있는 것입니다. 설비 같은 경우에는 이 어떤 그 설비 자체에 대한 문제뿐 아니라 이것이 설치되어 있는 위치에 따라서도 어떤 지반이나 뭐 이런 것들을 좀 검토를 해야 하기 때문에 굉장히 방대한 사항에 많은 양들을 어 조사를 해야 합니다. 어 물론 저희 중소기업 같은 경우에는 그러한 사항들이 조금 부담스러운 경우도 있어서 그 부분들을 조절하는 경우도 있지만 일반적으로는 최소의 요소를 갖추어서 미연의 사고를 방지하고 관리하고 이런 것들을 목적으로 하고 있고요. 또 기본적인 붙임 서류로서 어떤 그 제안이나 이런 입찰에 응할 때도 꼭 반드시 필요한 항목으로 알고 있습니다.",
                "wordCount": 128
            },
            "emotion": [
                {
                    "text": "어 리스크 어센먼트는 설비나 어떤 정비에서는 어떤 필수 요소에 굉장히 중요한 사안이고 반드시 고려되어야 할 사항입니다.",
                    "expression": "u-fact",
                    "category": "neutral"
                }
            ],
            "intent": [
                {
                    "text": "",
                    "expression": "",
                    "category": "attitude"
                }
            ],
            "summary": {
                "text": "리스크 어센먼트는 설비나 어떤 정비에서 중요한 사안이고 반드시 고려되어야 할 사항입니다. 설비의 경우에는 방대한 사항들을 조사해야 하기 때문에 일반적으로 최소의 요소를 갖추어서 미연의 사고를 방지하고 관리하고 이런 것들을 목적으로 하고 있습니다.",
                "wordCount": 31
            }
        }
    },
    "rawDataInfo": {
        "question": {
            "fileFormat": "wav",
            "fileSize": 486478,
            "duration": 15200,
            "samplingBit": 16,
            "channelCount": 1,
            "samplingRate": "16kHz",
            "audioPath": "/Mock/07.ProductionManufacturing/Female/Experienced/ckmk_q_mm_f_e_282264.wav"
        },
        "answer": {
            "fileFormat": "wav",
            "fileSize": 2288718,
            "duration": 71520,
            "samplingBit": 16,
            "channelCount": 1,
            "samplingRate": "16kHz",
            "audioPath": "/Mock/07.ProductionManufacturing/Female/Experienced/ckmk_a_mm_f_e_282264.wav"
        }
    }
}