{"version":"1.0","dataSet":{"info":{"date":"20230116","occupation":"MM","channel":"MOCK","place":"ONLINE","gender":"FEMALE","ageRange":"45-54","experience":"EXPERIENCED"},"question":{"raw":{"text":"지원자님께서 최근에 본 뉴스들 가운데 가장 인상 깊었던 뉴스는 무엇인지 궁금합니다 무엇인지와 이유도 함께 구체적으로 제시해 주시기 바랍니다","wordCount":18},"emotion":[],"intent":[]},"answer":{"raw":{"text":"어 최근에 본 뉴스는 어 이태원 참사가 가장 가슴 아프고 또 오랫동안 제 마음속에 깊이 기억될 뉴스가 아닌가 싶습니다. 행복하고 즐거워야 할 할로윈 파티가 정말 다시는 생각하기 싫은 공포스럽고 끔찍한 날로 기억이 돼버린 예 그럼 굉장히 마음 아픈 참사죠. 어 그리고 또 이 사건 규모도 그렇지만 어떻게 우리나라가 선진국이라고 지금 발돋움한 그 상황에서 이런 어처구니 없는 사건이 발생했는지 그 사건으로 수많은 젊은 목숨이 앗아가실 수 있는지 너무 허무하고 좀 화가 나는 그런 뉴스였습니다. 어 또한 어 이 뉴스의 기사를 통해서 어떤 정부의 정책이라든가 어떤 그 시스템이 사람에 의해서 관리되지 않고 사람이 바뀌더라도 계속 운영되어야 하는 안전 시스템은 꼭 반드시 필요하다 정치가 바뀌고 담당자가 바뀐다고 안전 시스템까지 흔들려지면 안 되겠다 이런 생각을 좀 하더 했던 어 그런 아주 가슴 아픈 뉴스였습니다.","wordCount":120},"emotion":[{"text":"어 최근에 본 뉴스는 어 이태원 참사가 가장 가슴 아프고 또 오랫동안 제 마음속에 깊이 기억될 뉴스가 아닌가 싶습니다.","expression":"n-sadness","category":"positive"},{"text":"행복하고 즐거워야 할 할로윈 파티가 정말 다시는 생각하기 싫은 공포스럽고 끔찍한 날로 기억이 돼버린 예 그럼 굉장히 마음 아픈 참사죠.","expression":"n-sadness","category":"positive"},{"text":"어 그리고 또 이 사건 규모도 그렇지만 어떻게 우리나라가 선진국이라고 지금 발돋움한 그 상황에서 이런 어처구니 없는 사건이 발생했는지 그 사건으로 수많은 젊은 목숨이 앗아가실 수 있는지 너무 허무하고 좀 화가 나는 그런 뉴스였습니다.","expression":"n-anger","category":"negative"}],"intent":[{"text":"","expression":"","category":"attitude"}],"summary":{"text":"최근 본 뉴스는 할로윈 파티가 공포스럽고 끔찍한 날로 기억되는 이태원 참사입니다. 이 사건은 우리나라가 선진국이라고 발돋움한 그 상황에서 이런 어처구니 없는 사건이 발생했는지 많은 생명을 앗아가실 수 있는지 너무 허무하고 화가 저는 뉴스였습니다.","wordCount":33}}},"rawDataInfo":{"question":{"fileFormat":"wav","fileSize":588878,"duration":18400,"samplingBit":16,"channelCount":1,"samplingRate":"16kHz","audioPath":"/Mock/07.ProductionManufacturing/Female/Experienced/ckmk_q_mm_f_e_282267.wav"},"answer":{"fileFormat":"wav","fileSize":2574158,"duration":80440,"samplingBit":16,"channelCount":1,"samplingRate":"16kHz","audioPath":"/Mock/07.ProductionManufacturing/Female/Experienced/ckmk_a_mm_f_e_282267.wav"}}}