{"version":"1.0","dataSet":{"info":{"date":"20230116","occupation":"MM","channel":"MOCK","place":"ONLINE","gender":"FEMALE","ageRange":"45-54","experience":"EXPERIENCED"},"question":{"raw":{"text":"일단 업무를 시작을 하게 되면 처음에는 의욕적으로 하겠지만 나중에는 반복적이고 지루하거나 아니면 중간에 일을 하기 싫어질 수도 있습니다 이런 것들을 잘 극복해 내는 방법이 있습니까","wordCount":25},"emotion":[],"intent":[]},"answer":{"raw":{"text":"규칙적인 업무 수행을 잘 하기 위해서 저는 플래너를 잘 활용합니다. 어 우선 제가 해야 될 일이 어 어떤 어떤 것들이 있는지 늘 제가 일상에서 항상 해야 되는 일들을 규칙적으로 어 제 시간에 어 늘 습관적으로 일을 하기 위해서 어 플래너 짠 대로 습관을 습관적으로 그 플래너대로 늘 똑같이 똑같은 시간에 계획대로 어 일상생활을 반복하구요. 그리고 거기에 제 업무들을 분배시켜서 늘 플래너를 확인하고 체크하고 되지 않았으면 그걸 다시 또 언제 어 어 다 끝낼 것인지에 대한 것들도 수시로 체크하면서 어 피드백을 하고 있습니다.","wordCount":82},"emotion":[],"intent":[{"text":"규칙적인 업무 수행을 잘 하기 위해서 저는 플래너를 잘 활용합니다.","expression":"f_cons","category":"attitude"},{"text":"어 우선 제가 해야 될 일이 어 어떤 어떤 것들이 있는지 늘 제가 일상에서 항상 해야 되는 일들을 규칙적으로 어 제 시간에 어 늘 습관적으로 일을 하기 위해서 어 플래너 짠 대로 습관을 습관적으로 그 플래너대로 늘 똑같이 똑같은 시간에 계획대로 어 일상생활을 반복하구요.","expression":"f_cons","category":"attitude"}],"summary":{"text":"규칙적인 업무 수행을 위해 플래너를 활용합니다. 습관적으로 계획대로 일상 생활을 반복하고 업무 분배를 통해 플래너의 확인, 체크, 피드백을 하고 있습니다.","wordCount":20}}},"rawDataInfo":{"question":{"fileFormat":"wav","fileSize":537678,"duration":16800,"samplingBit":16,"channelCount":1,"samplingRate":"16kHz","audioPath":"/Mock/07.ProductionManufacturing/Female/Experienced/ckmk_q_mm_f_e_288025.wav"},"answer":{"fileFormat":"wav","fileSize":1449678,"duration":45300,"samplingBit":16,"channelCount":1,"samplingRate":"16kHz","audioPath":"/Mock/07.ProductionManufacturing/Female/Experienced/ckmk_a_mm_f_e_288025.wav"}}}