{"version":"1.0","dataSet":{"info":{"date":"20230116","occupation":"MM","channel":"MOCK","place":"ONLINE","gender":"FEMALE","ageRange":"45-54","experience":"EXPERIENCED"},"question":{"raw":{"text":"회사의 일의 특성상 야근이나 잔업 외근이 많아질 수 있습니다 면접자님께선 이 부분에 대해 어떻게 생각하시나요","wordCount":15},"emotion":[],"intent":[]},"answer":{"raw":{"text":"야근이나 잔업이나 외근이 너무 많아지면 힘들겠지요. 하지만 뭐 괜찮다기보다는 일단 그럼에도 불구하고 야근이나 잔업 외근은 회사가 굉장히 바쁘고 생산 납기를 맞춰야 될 때 그렇게 일시적으로 일어나는 현상이고 제가 그에 응당한 일이 없을 때는 또 휴가를 쓰거나 휴식을 취할 수 있는 재충전의 시간이 주어진다면 야근이나 잔업이나 외근도 한시적인 바쁜 시즌에는 당연히 괜찮습니다. 하지만 야근이나 잔업이나 외근이 너무 당연시되고 계속해서 지속적으로 이걸 해야만 어 되고 뭐 적절한 재충전 시간이 없다면 그것에 대해서는 어 재충전 시간을 시간이 필요하고 어 너무 심한 잔업이나 외근이 저 스스로에게 너무 일에 대한 의욕을 떨어뜨릴 수 있을 정도가 된다면 그것은 어 요구를 할 것입니다. 어 저는 쉬는 만큼 더 일도 잘 할 수 있다고 보는 사람이기 때문에 어 열심히 일을 하겠지만 지나치게 야근이나 잔업이 많은 것이 지속적으로 장기적 장기간 동안 이어질 때에는 어 재충전할 수 있는 휴식도 필요하다고 봅니다.","wordCount":131},"emotion":[],"intent":[{"text":"","expression":"","category":"attitude"}],"summary":{"text":"지나치게 야근이나 잔업이 많은 것이 장기간 지속될 때는 재충전할 수 있는 휴식도 필요하다고 봅니다. 회사가 굉장히 바쁘고 생산 납기를 맞춰야 될 때 일시적으로 일어나는 현상이면 괜찮고 일이 없을 때는 또 휴가를 쓰거나 휴식을 취할 수 있는 재충전의 시간이 있다면 당연히 괜찮습니다.","wordCount":41}}},"rawDataInfo":{"question":{"fileFormat":"wav","fileSize":360398,"duration":11260,"samplingBit":16,"channelCount":1,"samplingRate":"16kHz","audioPath":"/Mock/07.ProductionManufacturing/Female/Experienced/ckmk_q_mm_f_e_282221.wav"},"answer":{"fileFormat":"wav","fileSize":2637518,"duration":82420,"samplingBit":16,"channelCount":1,"samplingRate":"16kHz","audioPath":"/Mock/07.ProductionManufacturing/Female/Experienced/ckmk_a_mm_f_e_282221.wav"}}}