{"version":"1.0","dataSet":{"info":{"date":"20230116","occupation":"MM","channel":"MOCK","place":"ONLINE","gender":"FEMALE","ageRange":"45-54","experience":"EXPERIENCED"},"question":{"raw":{"text":"지원자님께서는 협업을 할 때 뛰어난 사교성으로 사람들을 상대할 수 있는지 궁금합니다 만약 그 능력이 조금 모자라다면 상승시키기 위해서 어떠한 노력들을 하셨는지 말씀해 주세요","wordCount":23},"emotion":[],"intent":[]},"answer":{"raw":{"text":"어 공동체 안에 사람들이 친구로 묶여서 일을 할 때 그 안에서 어 많이 어 두드러지지 않지만 또 그 안에서 공동체에서 어 사람들이 함께 어울리고 함께 작업해 나가고 협업을 하는 데 있어서는 잘 어울리고 잘 섞이고 그리고 특히 업무 추진 과정에 있어서는 별 문제 없이 잘 섞이고 어 사교적인 편입니다. 하지만 뭐 사교성이 매우 좋은 편은 아니구요. 일을 할 때 어 협업을 할 때 특히 저에게 주어진 일을 맡겨주면 그 일을 하면서 그 팀원 간의 의사소통을 자주 하고 부족한 부분들을 보완하고 정보를 서로 나누고 그러는 과정에 있어서는 충분히 사교성을 발휘해서 일에 차질이 없이 일할 수 있는 어 정도의 사교성을 가지고 있습니다. 저는 혼자 있는 시간을 좀 좋아하는 편이라서 사교성을 키우기 위해서 어 많은 어떤 단체를 단체 활동이나 이런 것을 많이 하지는 않지만 그런 뭐 스포츠 관련 혹은 뭐 동호회 관련 이런 제가 좋아하는 뭐 그림 그리는 관련 제가 좋아하는 여러 가지 사적인 활동에서 인연을 맺힌 사람들과 마음이 맞는 어 아주 다양한 사람은 아니지만 마음이 맞는 사람들과의 인연을 꾸준히 유지하고 지속적으로 연락을 하고 그리고 서로의 관심을 나눈 일을 게을리 하지 않으려고 노력하고 있습니다. 다양한 사람들의 의견과 다양한 사람들의 가치관을 배우고 그 사람들과 대화를 나누고 하는 일들을 꾸준히 하는 것이 사교성을 키우기 위한 어 노력이라고 생각합니다.","wordCount":193},"emotion":[],"intent":[{"text":"어 공동체 안에 사람들이 친구로 묶여서 일을 할 때 그 안에서 어 많이 어 두드러지지 않지만 또 그 안에서 공동체에서 어 사람들이 함께 어울리고 함께 작업해 나가고 협업을 하는 데 있어서는 잘 어울리고 잘 섞이고 그리고 특히 업무 추진 과정에 있어서는 별 문제 없이 잘 섞이고 어 사교적인 편입니다.","expression":"c_cop","category":"personality"}],"summary":{"text":"공동체 안에서 사람들이 친구로 묶여서 일을 할 때는 사교적인 편이지만 업무 추진 과정에서는 사교성이 매우 좋은 편은 아닙니다. 협업을 할 때는 팀원 간의 의사소통을 자주 하고 부족한 부분을 보완하고 정보를 서로 나누는 과정에 있어서는 사교성을 가지고 있습니다. 다양한 사람들의 의견과 가치관을 배우고 대화를 나누는 일들을 꾸준히 하는 것이 사교성 향상을 위한 노력이라고 생각합니다.","wordCount":53}}},"rawDataInfo":{"question":{"fileFormat":"wav","fileSize":524878,"duration":16400,"samplingBit":16,"channelCount":1,"samplingRate":"16kHz","audioPath":"/Mock/07.ProductionManufacturing/Female/Experienced/ckmk_q_mm_f_e_282216.wav"},"answer":{"fileFormat":"wav","fileSize":3726158,"duration":116440,"samplingBit":16,"channelCount":1,"samplingRate":"16kHz","audioPath":"/Mock/07.ProductionManufacturing/Female/Experienced/ckmk_a_mm_f_e_282216.wav"}}}