{"version":"1.0","dataSet":{"info":{"date":"20230116","occupation":"MM","channel":"MOCK","place":"ONLINE","gender":"FEMALE","ageRange":"45-54","experience":"EXPERIENCED"},"question":{"raw":{"text":"협업을 할 때 가장 중요하게 생각하는 것이 무엇인지 이유와 함께 말씀해 주세요","wordCount":12},"emotion":[],"intent":[]},"answer":{"raw":{"text":"어 팀 안에서 협업을 할 때 가장 중요하게 생각해야 되는 것은 제 생각으로는 어 함께 일하는 사람들 사이에 신뢰를 바탕으로 하는 유대감이 가장 중요하다고 생각합니다. 어 신뢰가 바탕이 돼서 서로 함께 일하는 사람들이 서로 믿음을 가지고 그리고 협력하고 어 그러면서 어 마음을 열고 진솔하게 의사 소통이 충분히 원활하게 이루어진다면 그 일이 이루어지는데 서로 가장 좋은 결과물을 내는 기본이 된다고 생각합니다. 그 신뢰를 바탕으로 유대감이 충분히 형성되데 어 거기에 더하여 어떤 구조적인 시스템이 일을 하는 데 있어서 능률적으로 돌아갈 수 있는 시스템이 충분히 또 구축이 되어야 져야 될 것 같습니다. 그래서 협업에서 가장 중요한 것은 기본적인 유대감과 신뢰감 그리고 커뮤니케이션 의사소통 그리고 그것을 통한 일의 효율적인 시스템 구축 어 그 그렇게 세 가지 정도로 어 협업에서 가장 중요한 것 들인 것 같습니다. 그것이 잘 세 가지가 다 삼 박자가 잘 이루어지면 협업의 결과물이 가장 훌륭하고 효과적으로 나타날 것이라고 생각합니다.","wordCount":138},"emotion":[{"text":"어 팀 안에서 협업을 할 때 가장 중요하게 생각해야 되는 것은 제 생각으로는 어 함께 일하는 사람들 사이에 신뢰를 바탕으로 하는 유대감이 가장 중요하다고 생각합니다.","expression":"u-belief","category":"neutral"}],"intent":[{"text":"그래서 협업에서 가장 중요한 것은 기본적인 유대감과 신뢰감 그리고 커뮤니케이션 의사소통 그리고 그것을 통한 일의 효율적인 시스템 구축 어 그 그렇게 세 가지 정도로 어 협업에서 가장 중요한 것 들인 것 같습니다.","expression":"c_cop","category":"personality"}],"summary":{"text":"팀 안에서 협업을 할 때 가장 중요하게 생각해야 되는 것은 함께 일하는 사람들 사이에 신뢰를 바탕으로 하는 유대감이 가장 중요하다고 생각합니다. 협업에서 가장 중요한 것은 기본적인 유대감과 신뢰감 그리고 커뮤니케이션 의사소통 그리고 그것을 통한 일의 효율적인 시스템 구축이라는 세 가지 정도입니다.","wordCount":41}}},"rawDataInfo":{"question":{"fileFormat":"wav","fileSize":256078,"duration":8000,"samplingBit":16,"channelCount":1,"samplingRate":"16kHz","audioPath":"/Mock/07.ProductionManufacturing/Female/Experienced/ckmk_q_mm_f_e_208868.wav"},"answer":{"fileFormat":"wav","fileSize":2630478,"duration":82200,"samplingBit":16,"channelCount":1,"samplingRate":"16kHz","audioPath":"/Mock/07.ProductionManufacturing/Female/Experienced/ckmk_a_mm_f_e_208868.wav"}}}