{"version":"1.0","dataSet":{"info":{"date":"20230116","occupation":"MM","channel":"MOCK","place":"ONLINE","gender":"FEMALE","ageRange":"45-54","experience":"EXPERIENCED"},"question":{"raw":{"text":"지원자분께서 해외로 파견 근무를 나가시게 된다고 가정해 봅시다 그렇다면 어떤 나라에서 일을 하고 싶으신지 궁금합니다 그 나라에서 일을 하고 싶으신 이유도 함께 이야기해 주세요","wordCount":24},"emotion":[],"intent":[]},"answer":{"raw":{"text":"어 제가 제일 개인적으로 가고 싶은 나라는 어 유럽 중에 어 독일입니다. 독일은 굉장히 검소하기로 유명하고 예 그런 뭐 자연 환경 뭐 이런 것들도 있지만 무엇보다도 어 독일의 그 지멘스 본사에서 어 이런 설비들이 어떻게 만들어지는지 그들은 어떤 노하우를 가지고 있기에 이렇게 기계를 기계 시장에서 항상 그 일 위를 차지할 수 있는지 그런 부분이 굉장히 궁금해서 꼭 한 번 어 독일에서 근무를 해 보고 싶습니다. 그리고 또 독일 사람들의 손 기술이 굉장히 좋은 걸로 유명하거든요. 시계도 마찬가지고 그런 장인들의 손 기술은 또 어떻게 유지되고 또 후대에 물려주는지 이런 부분들도 굉장히 궁금해서 저는 해외로 파견해 근무를 나가게 된다면 꼭 독일에 가서 한 번 해보고 싶습니다.","wordCount":104},"emotion":[{"text":"그리고 또 독일 사람들의 손 기술이 굉장히 좋은 걸로 유명하거든요.","expression":"u-fact","category":"neutral"}],"intent":[{"text":"","expression":"","category":"attitude"}],"summary":{"text":"제가 개인적으로 가보고 싶은 나라는 독일의 지멘스 본사에서 기계를 기계 시장에서 항상 일 위를 차지할 수 있는 노하우와 장인의 손 기술, 후대에 물려주는 기술들에 대해 꼭 한 번 근무를 해 보고 싶습니다.","wordCount":32}}},"rawDataInfo":{"question":{"fileFormat":"wav","fileSize":548558,"duration":17140,"samplingBit":16,"channelCount":1,"samplingRate":"16kHz","audioPath":"/Mock/07.ProductionManufacturing/Female/Experienced/ckmk_q_mm_f_e_282268.wav"},"answer":{"fileFormat":"wav","fileSize":1880398,"duration":58760,"samplingBit":16,"channelCount":1,"samplingRate":"16kHz","audioPath":"/Mock/07.ProductionManufacturing/Female/Experienced/ckmk_a_mm_f_e_282268.wav"}}}