{"version":"1.0","dataSet":{"info":{"date":"20230116","occupation":"MM","channel":"MOCK","place":"ONLINE","gender":"FEMALE","ageRange":"45-54","experience":"EXPERIENCED"},"question":{"raw":{"text":"규칙적 업무 수행을 잘 하기 위해 만들어낸 면접자님만의 특별한 노하우나 방법 있으신가요 예시를 들어서 설명해 주시기 바랍니다","wordCount":17},"emotion":[],"intent":[]},"answer":{"raw":{"text":"이제 규칙적 업무 수행을 하다 보면 좀 그 매널리즘에 빠지는 경우도 있고 뭔가 긴장감이 없어서 조금 놓치는 부분도 있습니다. 그래서 규칙적 업무 수행을 잘 하기 위해서는 일단 업무를 잘 정리를 하는 것도 필요하지만 그 업무를 맡았을 때 어떠한 항목들을 체크를 해야 되는지 체크 포인트를 잡는 것도 굉장히 중요하다 라고 생각합니다. 내가 이 단순하고 반복적이고 규칙적인 업무를 잘 수행했는가는 무엇으로 평가를 받을 것인가 이 체크 포인트를 찾는 것이 굉장히 중요하고 이 체크 포인트를 잘 정리해야지만 어떤 매널리즘에 빠지지 않을 수 있지 않을까 생각을 합니다. 그래서 저 같은 경우에는 어 이런 업무들은 좀 체크 포인트를 잘 잡아서 항상 업무를 마칠 때마다 확인을 하고 검토를 함으로써 업무가 누락되거나 혹은 실수하는 부분들을 조금 줄이려고 노력하고 있습니다.","wordCount":112},"emotion":[],"intent":[{"text":"그래서 저 같은 경우에는 어 이런 업무들은 좀 체크 포인트를 잘 잡아서 항상 업무를 마칠 때마다 확인을 하고 검토를 함으로써 업무가 누락되거나 혹은 실수하는 부분들을 조금 줄이려고 노력하고 있습니다.","expression":"f_resp","category":"attitude"}],"summary":{"text":"규칙적 업무 수행을 잘 하기 위해서는 업무를 맡았을 때 어떠한 항목들을 체크해야 되는지 체크 포인트를 잡는 것도 굉장히 중요합니다. 저 같은 경우에는 체크 포인트를 잘 잡아 항상 업무를 마칠 때마다 확인을 하고 검토를 함으로써 업무가 누락되거나 실수하는 부분들을 줄이려고 노력하고 있습니다.","wordCount":41}}},"rawDataInfo":{"question":{"fileFormat":"wav","fileSize":443278,"duration":13850,"samplingBit":16,"channelCount":1,"samplingRate":"16kHz","audioPath":"/Mock/07.ProductionManufacturing/Female/Experienced/ckmk_q_mm_f_e_282266.wav"},"answer":{"fileFormat":"wav","fileSize":1836238,"duration":57380,"samplingBit":16,"channelCount":1,"samplingRate":"16kHz","audioPath":"/Mock/07.ProductionManufacturing/Female/Experienced/ckmk_a_mm_f_e_282266.wav"}}}