{"version":"1.0","dataSet":{"info":{"date":"20230116","occupation":"MM","channel":"MOCK","place":"ONLINE","gender":"FEMALE","ageRange":"45-54","experience":"EXPERIENCED"},"question":{"raw":{"text":"지원자님께서 만약 일을 하던 중 직무가 적성에 맞지 않는다면 어떻게 하시겠습니까 상황을 가정해서 설명해 주세요","wordCount":15},"emotion":[],"intent":[]},"answer":{"raw":{"text":"제가 일을 하고 있는데 이미 시작한 일의 직무가 제 적성에 맞지 않는다. 그럼 제가 그 직무 역량이 떨어지느냐를 먼저 생각하겠습니다. 일단 제가 어떤 모니터링을 하고 사람들에게 일을 분배하는 어 약간 관리하는 어 입장이 되었는데 제가 관리를 하고 일을 체크하는데 제가 굉장히 중간중간 스스로 그런 해야 되는 일을 직무에서 실수가 발생하고 제가 제대로 제때 그 일들을 어 분배하는 일을 못 해서 일에 착오가 생긴다면 제가 그 적성에 맞지 않는 일을 계속 해야 될지 말아야 될지는 고민을 해야 할 것 같습니다. 제가 그것을 잘 할 수 없는데 계속해서 그 일을 그 직무를 내가 해야 된다고 나만 할 수 있다고 고집한다면 그거는 저만의 문제가 되는 것이 아니라 회사 전체에 문제가 되기 때문에 제가 적성에 맞지 않기 때문에 일을 못하는 것과 적성에 맞지 않아서 일을 잘 할 수 없을 만큼 제가 직무 역량이 떨어진다 라는 두 가지 상황을 가정해 본다면 직무 역량이 떨어지면은 떨어진다고 생각하면 그 일은 제가 다른 사람에게 어 부탁하고 저는 다른 일을 하는 게 맞습니다. 하지만 제가 직무가 익숙하지 않아서 아직 그렇고 그 일을 하고자 하는 마음은 큰데 아직 그 역량이 부족하다면 역량을 키워나가기 위해서 열심히 일해서 그것을 극복하는 것이 맞습니다. 그래서 두 가지 정도로 상황을 가정에 놓고 제가 말씀드렸습니다. 적성에 마치 맞고 잘 할 수 있는데 역량이 부족하다면 노력할 것이고 만약에 제가 그것을 할 역량이 도저히 안되고 제가 적성에 맞지 않아서 잘 해낼 가능성이 너무나 낮아 보이면 그 일은 어 전체 공동체의 이익을 위해서 제가 하지 않아야 된다고 생각합니다.","wordCount":229},"emotion":[],"intent":[{"text":"","expression":"","category":"attitude"}],"summary":{"text":"직무가 적성에 맞지 않아 업무를 할 수 없을만큼 역량이 떨어진다면 다른 사람에게 부탁하고 다른 일을 하는 게 맞고, 역량이 부족하다면 그것을 극복하는 게 맞습니다. 적성에 맞고 잘 할 수 있는데 역량이 부족하면 노력할 것이고, 만약 역량이 안되고 잘 해낼 가능성이 낮아 보이면 그 일은 전체 공동체의 이익을 위해서 제가 하지 않아야 된다고 생각합니다.","wordCount":53}}},"rawDataInfo":{"question":{"fileFormat":"wav","fileSize":403918,"duration":12620,"samplingBit":16,"channelCount":1,"samplingRate":"16kHz","audioPath":"/Mock/07.ProductionManufacturing/Female/Experienced/ckmk_q_mm_f_e_282222.wav"},"answer":{"fileFormat":"wav","fileSize":3593998,"duration":112310,"samplingBit":16,"channelCount":1,"samplingRate":"16kHz","audioPath":"/Mock/07.ProductionManufacturing/Female/Experienced/ckmk_a_mm_f_e_282222.wav"}}}