{"version":"1.0","dataSet":{"info":{"date":"20230116","occupation":"MM","channel":"MOCK","place":"ONLINE","gender":"FEMALE","ageRange":"45-54","experience":"EXPERIENCED"},"question":{"raw":{"text":"오늘 면접을 준비하시느라 고생을 정말 많이 하셨을 텐데요 어떤 방법으로 면접을 준비하셨는지 구체적으로 면접 준비 과정을 말씀해 주세요","wordCount":18},"emotion":[],"intent":[]},"answer":{"raw":{"text":"면접은 솔직하게 준비했습니다. 제가 여태까지 이 회사에 들어오고 싶어서 그동안 쌓아왔던 경력에 대해서 차분히 다시 둘러보고 제가 과연 이 회사에 들어오고 싶다는 제 마음을 그리고 더 열심히 일할 수 있다는 그런 제 각오를 어떻게 하면 잘 설명하고 보여 드릴 수 있을지 열심히 저의 생각과 각오를 글로도 써 보고 그리고 제가 일했던 것들을 파일로 한번 정리도 해 보았습니다. 그리고 저의 장단점과 제가 잘 할 수 있는 것 이런 것들도 전 정리를 잘 해 보았습니다. 그리고 차분하게 제가 이 회사에 들어와서 어떤 미래를 꿈꾸는지도 생각하면서 그냥 솔직하게 저의 마음을 저의 생각을 잘 정리해서 이야기하면 되겠구나 하고 그냥 그렇게 그런 어 저의 마 주변 것들을 주변의 내용들과 제가 해왔던 것들을 차분히 정리했습니다.","wordCount":109},"emotion":[],"intent":[{"text":"","expression":"","category":"attitude"}],"summary":{"text":"면접은 솔직하게 준비했습니다. 그동안 쌓아왔던 경력과 그동안의 경력에 대해 정리하고, 저의 생각과 각오를 글로 써 보고, 일했던 것들을 파일로 정리 해 보았습니다. 그리고 저의 장단점과 잘 할 수 있는 것들도 정리하고 차분히 저의 마음을 정리했습니다.","wordCount":35}}},"rawDataInfo":{"question":{"fileFormat":"wav","fileSize":617998,"duration":19310,"samplingBit":16,"channelCount":1,"samplingRate":"16kHz","audioPath":"/Mock/07.ProductionManufacturing/Female/Experienced/ckmk_q_mm_f_e_239686.wav"},"answer":{"fileFormat":"wav","fileSize":2233038,"duration":69780,"samplingBit":16,"channelCount":1,"samplingRate":"16kHz","audioPath":"/Mock/07.ProductionManufacturing/Female/Experienced/ckmk_a_mm_f_e_239686.wav"}}}