{"version":"1.0","dataSet":{"info":{"date":"20230116","occupation":"MM","channel":"MOCK","place":"ONLINE","gender":"FEMALE","ageRange":"45-54","experience":"EXPERIENCED"},"question":{"raw":{"text":"지원자님께서는 주변 친구들 중 한 명을 고르셔서 그 친구의 칭찬을 부탁드립니다 구체적이고 자세한 칭찬으로 설명을 부탁드립니다","wordCount":16},"emotion":[],"intent":[]},"answer":{"raw":{"text":"친구 중에 특별히 어려운 일을 어렸을 때부터 많이 당한 친구가 있습니다. 대부분 어렸을 때부터 힘든 일을 많이 당하면 좌절하거나 아니면 나의 인생은 왜 이렇게 꼬여서 힘들고 나는 왜 이렇게 힘든 인생을 사느냐 이렇게 생각하면서 주변을 원망하고 스스로의 삶을 비탄해 하는 경우가 대부분인데 그 친구는 그렇지 않습니다. 그 친구는 끊임없이 힘든 일이 있었음에도 불구하고 늘 씩씩합니다. 그리고 본인이 힘든 일이 있어서 좌절했다가도 금방 오뚝이처럼 일어나서 나에게 앞으로는 좋은 일이 생길 거야 라고 다짐하면서 아무리 힘든 일이 있을 때도 기도를 하며 하나님께 최선을 다하겠노라고 겠노라고 약속을 하고 열심히 맡은 바 일을 해나가는 친구가 있습니다. 그 친구를 만나면 기분이 좋아집니다. 그리고 그렇게 힘듦에도 불구하고 미소를 잃지 않고 솔직하게 본인의 어려운 점을 토로하고 앞으로 난 그래서 더 열심히 해야 한다고 다짐하는 모습에서 배울 점이 정말 많습니다. 그 친구는 가진 것이 많거나 타고난 복이 있는 것은 아니지만 항상 오뚜기처럼 좌절하지 않고 일어나서 최선을 다해서 힘들었던 자기 삶에 대해서 절대로 굴하지 않고 열심히 본인이 힘든 부분들을 극복해 내는 정말 특별한 친구입니다.","wordCount":155},"emotion":[{"text":"그 친구를 만나면 기분이 좋아집니다.","expression":"p-happiness","category":"positive"}],"intent":[{"text":"","expression":"","category":"attitude"}],"summary":{"text":"대부분 어렸을 때부터 힘든 일을 많이 당하면 좌절하거나 스스로의 삶을 비탄해 하는 경우가 대부분인데, 그 친구들은 그렇지 않습니다. 그는 항상 좌절하지 않고 일어나서 최선을 다해서 힘들었던 자기 삶에 대해서 절대로 굴하지 않고 열심히 본인이 힘든 부분들을 극복해 내는 아주 특별한 친구입니다.","wordCount":41}}},"rawDataInfo":{"question":{"fileFormat":"wav","fileSize":501838,"duration":15680,"samplingBit":16,"channelCount":1,"samplingRate":"16kHz","audioPath":"/Mock/07.ProductionManufacturing/Female/Experienced/ckmk_q_mm_f_e_239591.wav"},"answer":{"fileFormat":"wav","fileSize":3201998,"duration":100060,"samplingBit":16,"channelCount":1,"samplingRate":"16kHz","audioPath":"/Mock/07.ProductionManufacturing/Female/Experienced/ckmk_a_mm_f_e_239591.wav"}}}