{"version":"1.0","dataSet":{"info":{"date":"20230116","occupation":"MM","channel":"MOCK","place":"ONLINE","gender":"FEMALE","ageRange":"45-54","experience":"EXPERIENCED"},"question":{"raw":{"text":"살면서 다양한 커뮤니케이션을 경험해 봤을 텐데 그 중 가장 어려웠던 경험 한 가지만 말씀해 주세요","wordCount":15},"emotion":[],"intent":[]},"answer":{"raw":{"text":"여러 가지 커뮤니케이션 중에서 특히 어 함께 어떤 공동의 목적을 가지고 모였음에도 불구하고 너무나 삶의 목적이 다르고 가치관이 달라서 어 추구하는 바가 다른 사람들이 모였을 때 그 안에서 어 공동의 목표를 이루고자 함께 했을 때 당연히 그 커뮤니케이션은 어려웠습니다. 어 일단 공감이 되는 부분이 부족하고 무엇을 추구해야 할지 어떤 추구를 하면서 이 목표를 이끌어 갈 것인지에 대한 기본적인 목표 설정에서부터 어려움을 겪게 됩니다. 그냥 어 서로 친목을 도모하기 위한 커뮤니케이션이라면 별로 어렵지 않았을 테지만 목표를 함께 달성해야 하는 데 서로 어 견해가 다르고 가치관이 다를 경우에 그 목표를 이끌어 내는 관계를 계속 이끌어 나간다는 것은 쉬운 일이 아니었기 때문에 어 서로 의견을 모으고 적절히 절충하고 서로 한 발짝씩 양보 양보해서 대안을 만들어내는 일이 참 쉽지 않았던 것 같습니다.","wordCount":118},"emotion":[],"intent":[{"text":"","expression":"","category":"attitude"}],"summary":{"text":"어떤 공동의 목적을 가지고 모였는데도 가치관이 달라서 추구하는 바가 다른 사람들이 모였을 때 그 커뮤니케이션은 어려웠습니다. 서로 친목을 도모하기 위한 커뮤니케이션이라면 어렵지 않았을 테지만, 의견을 모으고 절충하고 서로 양보 양보해서 대안을 만들어내는 일이 참 쉽지 않았던 것 같습니다.","wordCount":38}}},"rawDataInfo":{"question":{"fileFormat":"wav","fileSize":332878,"duration":10400,"samplingBit":16,"channelCount":1,"samplingRate":"16kHz","audioPath":"/Mock/07.ProductionManufacturing/Female/Experienced/ckmk_q_mm_f_e_240014.wav"},"answer":{"fileFormat":"wav","fileSize":2753358,"duration":86040,"samplingBit":16,"channelCount":1,"samplingRate":"16kHz","audioPath":"/Mock/07.ProductionManufacturing/Female/Experienced/ckmk_a_mm_f_e_240014.wav"}}}