{"version":"1.0","dataSet":{"info":{"date":"20230116","occupation":"MM","channel":"MOCK","place":"ONLINE","gender":"FEMALE","ageRange":"45-54","experience":"EXPERIENCED"},"question":{"raw":{"text":"지원자님께서 입사 후에 기존에 원하던 일을 못 하게 될 경우 어떻게 하실 건가요 그렇게 하시려는 이유와 함께 말씀해 주세요","wordCount":19},"emotion":[],"intent":[]},"answer":{"raw":{"text":"입사 후 제가 원하던 일이 아닌 일을 하게 되고 제가 원하던 일을 못 하게 됐을 때는 처음에는 매우 어 당황스럽고 어 기분이 안 좋긴 할 것입니다. 그렇지만 음 제가 원하던 일을 어 결국에는 하겠다는 의지를 가지고 주어진 일을 열심히 하겠습니다. 어 제가 하는 일이 원하던 일과 뭐 같은 회사 안에서 이루어지는 일이기 때문에 전혀 관계가 없는 일은 아닐 거라고 보구요. 주어진 일을 열심히 하고 어 제가 하고 싶었던 일에도 관심을 가지고 끊임없이 그 일에도 어 어 제가 어떤 영향을 발휘할 수 있는 것들을 끊임없이 보여주는 어 그런 업무 스타일로 일을 진행해 나가면 제가 하던 일도 잘 처리하고 그리고 하고 싶은 일을 어 할 수 있는 기회가 어 언젠가 올 것이라고 그렇게 생각합니다. 그 주어진 일을 열심히 하는 것이 이후에 원하던 일을 하는 일과 분명히 연계가 될 거라고 보기 때문에 그래서 일단 일단 주어진 일을 회사 안에서 열심히 처리하고 잘 해내겠습니다.","wordCount":140},"emotion":[{"text":"입사 후 제가 원하던 일이 아닌 일을 하게 되고 제가 원하던 일을 못 하게 됐을 때는 처음에는 매우 어 당황스럽고 어 기분이 안 좋긴 할 것입니다.","expression":"n-distress","category":"negative"}],"intent":[{"text":"","expression":"","category":"attitude"}],"summary":{"text":"입사 후 원하던 일을 하지 못하게 됐을 때 기분은 좋지 않을 것입니다. 하지만 하겠다는 의지를 가지고 열심히 하겠습니다. 제가 하고 싶었던 일에 관심을 가지고 최선을 다한다면 원하는 일을 할 수 있는 기회가 올 것입니다. 주어진 일을 열심히 하는 것이 원하는대로 될 것입니다.","wordCount":42}}},"rawDataInfo":{"question":{"fileFormat":"wav","fileSize":570318,"duration":17820,"samplingBit":16,"channelCount":1,"samplingRate":"16kHz","audioPath":"/Mock/07.ProductionManufacturing/Female/Experienced/ckmk_q_mm_f_e_261570.wav"},"answer":{"fileFormat":"wav","fileSize":2218958,"duration":69340,"samplingBit":16,"channelCount":1,"samplingRate":"16kHz","audioPath":"/Mock/07.ProductionManufacturing/Female/Experienced/ckmk_a_mm_f_e_261570.wav"}}}