{"version":"1.0","dataSet":{"info":{"date":"20230116","occupation":"MM","channel":"MOCK","place":"ONLINE","gender":"FEMALE","ageRange":"45-54","experience":"EXPERIENCED"},"question":{"raw":{"text":"일을 하게 되면 자료를 문서화하게 될 일이 많습니다 그럴 때 문서화 작업이 왜 필요하다고 생각하시나요","wordCount":15},"emotion":[],"intent":[]},"answer":{"raw":{"text":"문서화 작업은 어 함께 어 협업해서 여러 가지 정보를 공유하고 같이 협력해서 일 해야 되는 부서 간에 어 문제가 생겼을 때 정보를 공유하기 위해 문서화는 반드시 필요하다고 생각합니다. 문서화하는 과정은 이를 그냥 단순히 처리할 수도 있는 일인데 그걸 굳이 문서화 해야 하나 라는 생각을 할 수 있겠지만 문서화 해 놓음으로써 이후에 이 일을 이어서 맡을 잘 이 일에 대해서 어 경험해 보지 않은 사람들이 다시 이 일을 맡아야 될 상황이 됐다거나 아니면은 새로운 사람이 적응하기 위해서라더니 던지 할 때 전임자가 해 놓았던 문서 작업이 그 뒤 이어서 일하는 사람이면은 정보를 제공받는 데 가장 큰 도움을 줄 것이라고 생각하고요. 그래서 그것으로 인해서 쓸데없는 시간을 낭비하지 않고 일의 효율을 높일 수 있게 될 거라고 봅니다. 그래서 문서화를 통해서 서로 정보를 공유하고 어 공유해서 문제를 같이 해결해 주는 어 관련된 부서끼리에 어 협응력 때문에 문서화가 꼭 필요하고 그리고 무엇이 잘못됐을 때 그 결과를 놓고 시시비비를 가리는데 시간을 들이자 그 효율적으로 어떤 문제가 있지 짚어내기 위해서도 문서화가 반드시 필요하고 어 전임자의 어 이랬던 것들에 대한 정보를 얻기 위해서 후임에게 문서화는 꼭 필요하다고 생각합니다.","wordCount":169},"emotion":[],"intent":[{"text":"","expression":"","category":"attitude"}],"summary":{"text":"문서화는 함께 협업해서 일해야 되는 부서 간에 문제가 생겼을 때 정보를 공유하기 위해 반드시 필요합니다. 문서화 작업을 해 놓음으로써 이후에 이어서 일하는 사람이면 정보를 제공받는 데 가장 큰 도움을 줄 것입니다. 그래서 문서화를 통해서 정보를 공유하고 문제를 같이 해결해 주는 부서끼리의 협응력, 효율적 문제 짚어내기, 전임자의 정보를 얻기 위해서 꼭 필요합니다.","wordCount":51}}},"rawDataInfo":{"question":{"fileFormat":"wav","fileSize":320078,"duration":10000,"samplingBit":16,"channelCount":1,"samplingRate":"16kHz","audioPath":"/Mock/07.ProductionManufacturing/Female/Experienced/ckmk_q_mm_f_e_213512.wav"},"answer":{"fileFormat":"wav","fileSize":2752078,"duration":86000,"samplingBit":16,"channelCount":1,"samplingRate":"16kHz","audioPath":"/Mock/07.ProductionManufacturing/Female/Experienced/ckmk_a_mm_f_e_213512.wav"}}}