{"version":"1.0","dataSet":{"info":{"date":"20230116","occupation":"MM","channel":"MOCK","place":"ONLINE","gender":"FEMALE","ageRange":"45-54","experience":"EXPERIENCED"},"question":{"raw":{"text":"업무 중에 일정에 없던 일이 생기는 경우가 참 많죠 아 그러면 이런 상황이 생긴다면 어떻게 대처를 하시겠나요","wordCount":17},"emotion":[],"intent":[]},"answer":{"raw":{"text":"스케줄이 없던 일이 생길 때가 있습니다. 어 주로 제가 여러 가지 일을 한꺼번에 잘 처리하는 스타일인데요. 스케줄이 없던 일이 생기면 제가 하던 스케줄 그대로 평온하게 가다가 잠깐 거기서 추가로 제가 해야 될 어떤 빠르게 몸을 움직여서 해야 될 일이 생겼다고 그렇게 생각할 것입니다. 그래서 그 제가 어 짜진 스케줄을 약간 느슨하게 어 충분히 해낼 수 있는 스케줄을 짜 놓은 다음에 거기에 추가로 제가 그때그때 어 생각나는 일들이나 해야 될 일들을 업무를 끼워 넣는 편이기 때문에 어 업무 자체에 스케줄이 없던 일이 생길 때를 어 거의 대비하고 있다고 어 봅니다. 저 스스로가 원래 그런 스타일이고 여러 가지 일이 한꺼번에 터졌을 때 그것들을 우선시 순위를 정해서 어 잘 처리해서 결국은 시간 안에 여러 가지 업무를 한꺼번에 처리하는 것도 잘 할 수 있습니다. 잘 대처할 수 있을 거라고 봅니다.","wordCount":126},"emotion":[],"intent":[{"text":"","expression":"","category":"attitude"}],"summary":{"text":"업무스케줄이 없던 일이 생길 때를 대비하고 있습니다. 원래 제가 여러 가지 일을 한꺼번에 잘 처리하는 스타일이기 때문에 시간 안에 여러 가지 업무를 한꺼번에 처리하는 것도 잘 할 수 있을 것입니다.","wordCount":30}}},"rawDataInfo":{"question":{"fileFormat":"wav","fileSize":389198,"duration":12160,"samplingBit":16,"channelCount":1,"samplingRate":"16kHz","audioPath":"/Mock/07.ProductionManufacturing/Female/Experienced/ckmk_q_mm_f_e_261569.wav"},"answer":{"fileFormat":"wav","fileSize":1941198,"duration":60660,"samplingBit":16,"channelCount":1,"samplingRate":"16kHz","audioPath":"/Mock/07.ProductionManufacturing/Female/Experienced/ckmk_a_mm_f_e_261569.wav"}}}