{"version":"1.0","dataSet":{"info":{"date":"20230116","occupation":"MM","channel":"MOCK","place":"ONLINE","gender":"FEMALE","ageRange":"45-54","experience":"EXPERIENCED"},"question":{"raw":{"text":"만약 지원자분께서 하고 싶은 직무가 있는데 그와 달리 완전히 다른 직무를 맡게 되신다고 하면 어떻게 하시겠는지 궁금합니다 그렇게 다른 직무를 맡게 되신다고 하더라도 괜찮으실까요","wordCount":24},"emotion":[],"intent":[]},"answer":{"raw":{"text":"제가 원하는 업무와 제가 해야 될 업무가 다를 수는 있을 것이라고 생각합니다. 우선 열심히 해 보겠습니다. 열심히 해보고 저에게 정 맞지 않는다고 생각되면 누군가와 의논을 해야 되겠지요. 어 동료도 좋고 인사를 담당하신 분과 의논을 해서 다른 일을 할 수도 있을 것 같습니다. 다른 일을 원한다는 말씀을 드릴 수도 있을 것 같습니다. 그렇지만 어 그것이 제가 해낼 수 있는 일이라면 우선 제가 감당하고 어 이겨내도록 노력해 볼 것 같습니다.","wordCount":68},"emotion":[],"intent":[{"text":"","expression":"","category":"attitude"}],"summary":{"text":"제가 원하는 업무와 제가 해야 될 업무가 다를 수 있다고 생각합니다. 다른 일을 원한다는 말씀을드릴 수도 있을 것 같습니다. 그렇지만 제가 해낼 수 있는 일이라면 제가 감당하고 극복하도록 노력해 보겠습니다.","wordCount":30}}},"rawDataInfo":{"question":{"fileFormat":"wav","fileSize":596558,"duration":18640,"samplingBit":16,"channelCount":1,"samplingRate":"16kHz","audioPath":"/Mock/07.ProductionManufacturing/Female/Experienced/ckmk_q_mm_f_e_282603.wav"},"answer":{"fileFormat":"wav","fileSize":1180878,"duration":36900,"samplingBit":16,"channelCount":1,"samplingRate":"16kHz","audioPath":"/Mock/07.ProductionManufacturing/Female/Experienced/ckmk_a_mm_f_e_282603.wav"}}}