{"version":"1.0","dataSet":{"info":{"date":"20230116","occupation":"MM","channel":"MOCK","place":"ONLINE","gender":"FEMALE","ageRange":"45-54","experience":"EXPERIENCED"},"question":{"raw":{"text":"우리가 소통 능력을 키우기 위해서는 어떤 일들을 해볼 수 있을까요 생각나는 방법들에 대해 자세하게 한번 말씀해 주시겠어요","wordCount":17},"emotion":[],"intent":[]},"answer":{"raw":{"text":"소통 능력을 키우기 위해서는 차분하게 다른 사람들이 하는 이야기를 듣고 그 사람들에 마음에 공감하고 무슨 이야기를 하는지 정확하게 듣는 연습이 제일 중요한 것 같습니다. 보다 보면 어 함께 이야기를 나누는 데도 그 사람이 제 의중을 전혀 파악하고 있지 않고 본인의 이야기만을 하는 경우를 볼 수 있는데 그런 사람과는 어 의사소통을 하고 싶은 마음이 더 이상 생기지 않습니다. 그래서 의사소통을 하는 데 있어서 가장 중요한 능력은 상대방이 무슨 이야기를 하는 것이고 어떤 의도를 가지고 이야기를 시작한 것인지 정확하게 파악하는 것이 일단 가장 중요하다고 생각합니다. 그래서 생각나는 방법들은 전 책을 많이 읽고 그리고 간접적인 경험을 많이 하는 그까 다른 사람들과 의사소통을 하기 위해서는 대화를 하고 의사소통을 하는 상황을 가정하고 어 있는 여러 가지 책들과 대화가 나와 있는 책들 뭐 아니면 대화가 나 대화를 경험할 수 있는 드라마나 아니면은 업무 공간에서의 어떤 의사소통 관련 그 내용들이 담겨있는 것들을 많이 읽고 저 스스로 다른 사람들에 의도를 파악하는 그런 어 공부를 많이 해야 된다고 생각합니다. 그래서 그 대화가 정말 의미하는 것이 무엇인지 이야기하는 사람의 의도를 파악할 수 있는 문의 능력을 갖고 그리고 두 번째는 그 사람 마음에 공감할 수 있는 어떤 심리적인 공감을 할 수 있는 개방된 마음을 갖는 거 그 두 가지가 가장 중요한 방법이라고 생각합니다.","wordCount":192},"emotion":[],"intent":[{"text":"","expression":"","category":"attitude"}],"summary":{"text":"소통 능력을 키우기 위해서는 상대방이 어떤 이야기를 하는 것이고 어떤 의도를 가지고 이야기를 시작한 것인지 정확하게 파악하는 것이 가장 중요하다고 생각합니다. 그래서 책을 많이 읽고 간접적인 경험을 많이 하는 등의 공부를 많이 해야 합니다. 그리고 두 번째는 그 사람 마음에 공감할 수 있는 어떤 심리적인 공감을 할 수 있는 개방된 마음을 갖는 것이 가장 중요한 방법이라고 생각합니다.","wordCount":57}}},"rawDataInfo":{"question":{"fileFormat":"wav","fileSize":312398,"duration":9760,"samplingBit":16,"channelCount":1,"samplingRate":"16kHz","audioPath":"/Mock/07.ProductionManufacturing/Female/Experienced/ckmk_q_mm_f_e_288030.wav"},"answer":{"fileFormat":"wav","fileSize":3533518,"duration":110420,"samplingBit":16,"channelCount":1,"samplingRate":"16kHz","audioPath":"/Mock/07.ProductionManufacturing/Female/Experienced/ckmk_a_mm_f_e_288030.wav"}}}