{"version":"1.0","dataSet":{"info":{"date":"20230116","occupation":"MM","channel":"MOCK","place":"ONLINE","gender":"FEMALE","ageRange":"45-54","experience":"EXPERIENCED"},"question":{"raw":{"text":"우리 회사에 들어와서 본인이 하고 싶은 업무가 있으신가요 있다면 그것은 무엇이고 왜 그것이 하고 싶은지 함께 말씀해 주시길 바랍니다","wordCount":19},"emotion":[],"intent":[]},"answer":{"raw":{"text":"도전적인 과제를 중요하게 생각하고 좋아합니다. 어 반복적이고 비생산적인 일을 계속해서 어 정해진 룰 대로 그냥 해나가는 것보다 어떤 새로운 업무를 창의적으로 해결하고 또 새롭게 발전시켜 나가고 아이디어를 제안하고 그리고 좀 더 좋은 결과물을 내기 위한 방법들을 생각하는 것이 어 제가 하고 싶은 업무입니다. 그래서 저는 기획 관리부나 어 업무를 개발하는 연구개발부에서 일하고 싶습니다. 어 두 가지 다 제가 새로운 도전 과제나 좀 더 제 발전을 위해서 노력하는 부분이 있는 부서이기 때문에 둘 중에 어떤 부서이든지 상관은 없겠지만 어 저는 기획관리하는 것도 수치 수치화해서 모니터링 하는 작업도 굉장히 어 좋아하고 잘 할 수 있고 꼼꼼하게 할 수 있습니다. 그리고 연구 개발 혹은 프로젝트 개발 프로 그런 부서에 들어가도 새로운 프로젝트들을 연구하고 어 아이디어를 가지고 회사에 도움이 될 만한 어 창의적인 활동들을 이끌어내는데 최선을 다할 것입니다.","wordCount":124},"emotion":[],"intent":[{"text":"","expression":"","category":"attitude"}],"summary":{"text":"저는 반복적이고 비생산적인 일을 하는 것보다 새로운 업무를 창의적으로 해결하고 발전시켜나가고 아이디어를 제안하고 좋은 결과물을 내기 위한 방법들을 생각하는 것이 제가 하고 싶은 업무입니다. 그래서 저는 기획 관리부나 업무를 개발하는 연구개발부에서 일하고 싶습니다.","wordCount":33}}},"rawDataInfo":{"question":{"fileFormat":"wav","fileSize":629198,"duration":19660,"samplingBit":16,"channelCount":1,"samplingRate":"16kHz","audioPath":"/Mock/07.ProductionManufacturing/Female/Experienced/ckmk_q_mm_f_e_288267.wav"},"answer":{"fileFormat":"wav","fileSize":2704078,"duration":84500,"samplingBit":16,"channelCount":1,"samplingRate":"16kHz","audioPath":"/Mock/07.ProductionManufacturing/Female/Experienced/ckmk_a_mm_f_e_288267.wav"}}}