{"version":"1.0","dataSet":{"info":{"date":"20230116","occupation":"MM","channel":"MOCK","place":"ONLINE","gender":"FEMALE","ageRange":"45-54","experience":"EXPERIENCED"},"question":{"raw":{"text":"지원자 분께서는 특별히 가고 싶은 회사가 있으신지 궁금합니다 특정한 도메인이 중요한지 혹은 회사의 분위기가 중요한지 어떠한 점들을 중점적으로 보시는지에 대해서 답변 부탁드리겠습니다","wordCount":22},"emotion":[],"intent":[]},"answer":{"raw":{"text":"제가 회사를 설정할 때 어 제가 선택하는 회사는 일단은 제가 원하는 일에 추구하는 방향과 방향이 맞아 떨어지는 특정 도메인 영역에 속해 있는 것이 가장 어 저에게는 일단 우선적으로 중요합니다. 어 왜냐하면 저의 어떤 성취감이나 제가 일을 하면서 보람을 느끼고 제가 잘 할 수 있다 고 생각되는 어 분야가 제 일이어야 한다 는 것이 우선이기 때문입니다. 그리고 나서 회사의 분위기도 당연히 중요합니다. 하지만 먼저는 영역에 대한 고민이 먼저 앞서고 그리고 나서 다 다른 제반 조건들이 그 이후에 고려되어 지어야 한다 고 생각하고 저는 그렇게 중점적으로 그렇게 보고 있습니다.","wordCount":87},"emotion":[],"intent":[{"text":"","expression":"","category":"attitude"}],"summary":{"text":"회사를 설정할 때 저는 원하는 일에 추구하는 방향과 방향이 맞는 특정 도메인 영역에 속해 있는 것이 우선 중요합니다. 그리고 회사 분위기도 중요하나, 먼저 영역에 대한 고민을 한 후 다른 제반 조건들을 고려해야 한다고 생각합니다.","wordCount":34}}},"rawDataInfo":{"question":{"fileFormat":"wav","fileSize":556878,"duration":17400,"samplingBit":16,"channelCount":1,"samplingRate":"16kHz","audioPath":"/Mock/07.ProductionManufacturing/Female/Experienced/ckmk_q_mm_f_e_301935.wav"},"answer":{"fileFormat":"wav","fileSize":1568718,"duration":49020,"samplingBit":16,"channelCount":1,"samplingRate":"16kHz","audioPath":"/Mock/07.ProductionManufacturing/Female/Experienced/ckmk_a_mm_f_e_301935.wav"}}}