{"version":"1.0","dataSet":{"info":{"date":"20230116","occupation":"MM","channel":"MOCK","place":"ONLINE","gender":"FEMALE","ageRange":"45-54","experience":"EXPERIENCED"},"question":{"raw":{"text":"특별히 입사하고 싶은 회사가 있으십니까 특정 도메인이 중요한지 또는 회사의 분위기가 중요한지 어떤 점을 중점적으로 보시는지 궁금합니다","wordCount":17},"emotion":[],"intent":[]},"answer":{"raw":{"text":"어 회사를 정할 땐 어 제가 하고 싶은 어떤 특정 도메인의 영역에 있는 회사를 정하는 것은 맞습니다. 하지만 뭐 그 도메인이라는 것이 여러 가지 회사들이 그 일들을 할 텐데 일단 특정한 도메인을 먼저 정한 이후에는 회사의 분위기가 중요합니다. 그래서 그 특정한 영역을 다루는 어 같은 회사가 두 개의 회사가 있다면 그러면 회사의 분위기를 그다음으로 보겠습니다. 먼저 어 회사를 일하고 싶은 직장을 구할 때 회사를 정할 때는 특정 도메인이나 영역을 먼저 선정하고 그리고 그다음에 그 안에서 회사의 분위기를 그다음으로 봅니다.","wordCount":79},"emotion":[],"intent":[{"text":"","expression":"","category":"attitude"}],"summary":{"text":"회사를 정할 땐 하고 싶은 특정 도메인 영역에 있는 회사를 정하는 것은 맞습니다. 하지만 도메인은 회사들이 일을 할 텐데 특정 도메인을 먼저 정한 이후에는 회사의 분위기가 중요합니다.","wordCount":27}}},"rawDataInfo":{"question":{"fileFormat":"wav","fileSize":422478,"duration":13200,"samplingBit":16,"channelCount":1,"samplingRate":"16kHz","audioPath":"/Mock/07.ProductionManufacturing/Female/Experienced/ckmk_q_mm_f_e_261565.wav"},"answer":{"fileFormat":"wav","fileSize":1386318,"duration":43320,"samplingBit":16,"channelCount":1,"samplingRate":"16kHz","audioPath":"/Mock/07.ProductionManufacturing/Female/Experienced/ckmk_a_mm_f_e_261565.wav"}}}