{"version":"1.0","dataSet":{"info":{"date":"20230116","occupation":"MM","channel":"MOCK","place":"ONLINE","gender":"FEMALE","ageRange":"45-54","experience":"EXPERIENCED"},"question":{"raw":{"text":"업무를 하다가 분쟁이 발생할 때를 대비한 본인만의 대처법이 있나요 있다면 그것이 무엇인지 궁금합니다","wordCount":13},"emotion":[],"intent":[]},"answer":{"raw":{"text":"업무 시 분쟁이 발생을 할 때는 어 인간관계에서 분쟁이 발생할 때랑 똑같지만 약간 다른 것이 있습니다. 어 갈등의 저변에 감정적인 골이 있는 것이 아니고 업무의 분쟁에 있어서 어 일을 분담함에 있어서 일에서 문제가 생긴 것이라면 역시 어 서로 대화를 통해 해결해야 합니다. 의견이 달라서 일을 진행하는 순서의 의견이 다르다면 허심탄회하게 앉아서 어 그 의견을 내놓은 사람들끼리 의견이 부딪친 사람들끼리 어 제가 그 입장이라면 왜 그런지 설득력 있게 상대방을 잘 어 설득할 수 있도록 설명을 하고 납득이 가능한 상황으로 어 그 일을 해결해야 합니다. 서로 납득이 돼서 일이 여기서 진행돼야 되는 게 우선이기 때문에 분쟁이 발생했을 때는 어 반드시 서로 어 이해가 되고 설득이 될 때까지 당사자들 간의 대화가 필요합니다. 그 대화를 통해서 어 정확하게 어 오래 끌고 가지 않고 그 일은 바로 어떤 부분이 잘못됐고 어떤 대처법이 맞는 것인지 어 분쟁의 원인과 그 분쟁을 해결할 수 있는 방법을 서로 대화를 통해 해결해야 됩니다. 어 저는 대화를 해서 해결될 때까지 논의를 해서 해결하고 일을 진행하겠습니다. 그렇지 않으면 일의 진행에 차질이 빚어질 것이기 때문입니다.","wordCount":162},"emotion":[],"intent":[{"text":"어 갈등의 저변에 감정적인 골이 있는 것이 아니고 업무의 분쟁에 있어서 어 일을 분담함에 있어서 일에서 문제가 생긴 것이라면 역시 어 서로 대화를 통해 해결해야 합니다.","expression":"c_confl_mg","category":"personality"},{"text":"의견이 달라서 일을 진행하는 순서의 의견이 다르다면 허심탄회하게 앉아서 어 그 의견을 내놓은 사람들끼리 의견이 부딪친 사람들끼리 어 제가 그 입장이라면 왜 그런지 설득력 있게 상대방을 잘 어 설득할 수 있도록 설명을 하고 납득이 가능한 상황으로 어 그 일을 해결해야 합니다.","expression":"c_confl_mg","category":"personality"},{"text":"서로 납득이 돼서 일이 여기서 진행돼야 되는 게 우선이기 때문에 분쟁이 발생했을 때는 어 반드시 서로 어 이해가 되고 설득이 될 때까지 당사자들 간의 대화가 필요합니다.","expression":"c_confl_mg","category":"personality"},{"text":"그 대화를 통해서 어 정확하게 어 오래 끌고 가지 않고 그 일은 바로 어떤 부분이 잘못됐고 어떤 대처법이 맞는 것인지 어 분쟁의 원인과 그 분쟁을 해결할 수 있는 방법을 서로 대화를 통해 해결해야 됩니다.","expression":"c_confl_mg","category":"personality"},{"text":"어 저는 대화를 해서 해결될 때까지 논의를 해서 해결하고 일을 진행하겠습니다.","expression":"c_confl_mg","category":"personality"}],"summary":{"text":"업무 시 분쟁이 발생할 때는 인간관계의 분쟁 발생 시처럼 서로 대화를 통해 해결해야 합니다. 의견이 달라서 일을 진행하는 순서에 의견이 다르다면 허심탄회하게 앉아서 설득력 있게 상대방을 설득할 수 있도록 설명하고 납득 가능한 상황으로 일을 해결합니다. 분쟁이 발생했을 때는 반드시 당사자들 간의 대화가 필요합니다. 대화를 통해 분쟁의 원인과 해결방법을 대화로 해결해야 일을 진행할 수 있습니다.","wordCount":54}}},"rawDataInfo":{"question":{"fileFormat":"wav","fileSize":312718,"duration":9770,"samplingBit":16,"channelCount":1,"samplingRate":"16kHz","audioPath":"/Mock/07.ProductionManufacturing/Female/Experienced/ckmk_q_mm_f_e_261457.wav"},"answer":{"fileFormat":"wav","fileSize":2799118,"duration":87470,"samplingBit":16,"channelCount":1,"samplingRate":"16kHz","audioPath":"/Mock/07.ProductionManufacturing/Female/Experienced/ckmk_a_mm_f_e_261457.wav"}}}