{"version":"1.0","dataSet":{"info":{"date":"20230116","occupation":"MM","channel":"MOCK","place":"ONLINE","gender":"FEMALE","ageRange":"45-54","experience":"EXPERIENCED"},"question":{"raw":{"text":"기차가 운행하다 산사태로 삼십 분 동안 정차되어 있습니다 이때 관리 책임의 위치에 있다면 어떻게 조치하실 건가요","wordCount":16},"emotion":[],"intent":[]},"answer":{"raw":{"text":"산사태로 기차가 삼십 분 정차했는데 그때 제가 그 기차의 관리 책임의 위치라면 저는 첫 째도 두 째도 승객들의 불편함과 위험을 감수해서는 안 된다는 생각이 입니다. 어 삼십 분 동안 정차이 되어 있을 때 앞에 있는 위험 요소가 승객들에게 위험한 상황으로 닥칠 가능성이 있는지 없는지를 가장 중점적으로 최대한 빠르게 체크할 것입니다. 만약에 어 승객들에게 위험한 상황이 도래할 수 있다 라고 생각하면 그 기차에서 어떻게 해서든지 승객들을 대피할 수 있는 방법을 먼저 찾겠습니다. 그 판단을 빨리 하는 것이 제 책임이라고 생각합니다. 과연 이 기차가 지금 서 있는 상황이 얼른 극복하고 지나갈 수 있는 것인지 삼십 분이 지났음에도 불구하고 해결이 되지 않지만 앞으로도 해결될 가능성이 없고 어쩌면 더 위험한 상황에 빠질 수 있는지를 빨리 판단하는 것이 저의 가장 중요한 책임인 것 같습니다. 그리고 나서 승객들이 위험하지 않게 대피를 한다 든지 먼저 승객들의 안전을 최우선으로 생각하겠습니다. 그 판단을 빨리 하는 것이 가장 중요하다고 생각합니다.","wordCount":140},"emotion":[],"intent":[{"text":"","expression":"","category":"attitude"}],"summary":{"text":"기차가 산사태로 정차중일 때 승객들의 불편함과 위험을 감수해서는 안 된다고 생각합니다. 기차가 지금 서 있는 상황이 빨리 극복하고 지나갈 수 있는 것인지 해결될 가능성이 없고 더 위험한 상황에 빠질 수 있는지를 빨리 판단하는 것이 제 책임인 것 같습니다. 승객들의 안전을 최우선으로 생각하겠습니다.","wordCount":42}}},"rawDataInfo":{"question":{"fileFormat":"wav","fileSize":352078,"duration":11000,"samplingBit":16,"channelCount":1,"samplingRate":"16kHz","audioPath":"/Mock/07.ProductionManufacturing/Female/Experienced/ckmk_q_mm_f_e_239685.wav"},"answer":{"fileFormat":"wav","fileSize":2679118,"duration":83720,"samplingBit":16,"channelCount":1,"samplingRate":"16kHz","audioPath":"/Mock/07.ProductionManufacturing/Female/Experienced/ckmk_a_mm_f_e_239685.wav"}}}