{"version":"1.0","dataSet":{"info":{"date":"20230116","occupation":"MM","channel":"MOCK","place":"ONLINE","gender":"FEMALE","ageRange":"45-54","experience":"EXPERIENCED"},"question":{"raw":{"text":"팀으로 일하는 것 그리고 혼자 일하는 것이 있습니다 이 둘 중에서 어떤 것을 더 선호하시나요 이유와 함께 설명해 주시기 바랍니다","wordCount":20},"emotion":[],"intent":[]},"answer":{"raw":{"text":"저는 혼자 하는 일보다는 팀으로 하는 일을 더 선호합니다. 왜냐하면 혼자서 하는 일에는 오류가 생겨도 그것을 체크해 줄 사람이 없을 때가 많기 때문에 매우 외로운 작업이라고 생각이 됩니다. 또 어떤 어 아이디어를 생각해 낼 때도 매우 어려움이 많습니다. 하지만 여럿이 일을 하게 되면 서로 서로 모자라는 점을 보완해 주고 또 다른 사람을 보면서 어 다른 사람의 좋은 점을 받아들여서 나의 생각을 더 확장시키는 경우가 많은 것 같습니다. 그래서 저는 혼자 하는 것보다는 여럿이 일하는 것을 더 즐기는 편입니다.","wordCount":78},"emotion":[],"intent":[{"text":"","expression":"","category":"attitude"}],"summary":{"text":"저는 혼자 하는 일 보다는 팀으로 하는 일을 더 선호합니다. 혼자서는 오류가 생겨도 체크해 줄 사람이 없을 때가 많고 아이디어를 생각해 낼 때도 어려움이 많지만, 함께 일하면 보완해 주고 생각을 확장시키는 경우가 많습니다.","wordCount":33}}},"rawDataInfo":{"question":{"fileFormat":"wav","fileSize":367438,"duration":11480,"samplingBit":16,"channelCount":1,"samplingRate":"16kHz","audioPath":"/Mock/07.ProductionManufacturing/Female/Experienced/ckmk_q_mm_f_e_282606.wav"},"answer":{"fileFormat":"wav","fileSize":1455118,"duration":45470,"samplingBit":16,"channelCount":1,"samplingRate":"16kHz","audioPath":"/Mock/07.ProductionManufacturing/Female/Experienced/ckmk_a_mm_f_e_282606.wav"}}}