{"version":"1.0","dataSet":{"info":{"date":"20230116","occupation":"MM","channel":"MOCK","place":"ONLINE","gender":"FEMALE","ageRange":"45-54","experience":"EXPERIENCED"},"question":{"raw":{"text":"다룰 수 있는 설계 프로그램에 대해서 말 말해 보세요","wordCount":9},"emotion":[],"intent":[]},"answer":{"raw":{"text":"어 설계 구조를 그릴 수 있는 프로그램 중에서는 어 가장 많이 사용하는 오토캐드사에서 나온 인벤터 프로그램을 조금 다룰 수 있습니다. 그리고 솔리드 웍스 프로그램은 기초 정도 다룰 수 있습니다. 아주 전문적으로 새로운 기계를 어 그 기계 구조를 설계해서 그리는 정도까지는 이르지 못하지만 이미 있는 기존에 기계를 보고서 그 구조를 똑같이 그려내거나 아니면 거기에서 약간 설계 변경을 하는 정도의 어 그림을 그릴 수 있는 정도의 쓰리디 설계 프로그램 다루는 기술이 있습니다. 어 그 프로그램 그램을 통해서 어 기계를 쓰리디로 볼 수 있으니까 구조를 삼 차원적으로 입체적으로 잘 다뤄서 볼 수 있고 기계 구조를 잘 파악해 볼 수 있고 그리고 그 기계에 어떤 어 결함이나 이런 것이 생겼을 때 어떤 부분이 문제인지도 잘 알아 볼 수 있는 정도의 어 프로그램 활용 능력은 있습니다.","wordCount":121},"emotion":[],"intent":[{"text":"어 설계 구조를 그릴 수 있는 프로그램 중에서는 어 가장 많이 사용하는 오토캐드사에서 나온 인벤터 프로그램을 조금 다룰 수 있습니다.","expression":"f_equip","category":"technology"},{"text":"그리고 솔리드 웍스 프로그램은 기초 정도 다룰 수 있습니다.","expression":"f_equip","category":"technology"},{"text":"아주 전문적으로 새로운 기계를 어 그 기계 구조를 설계해서 그리는 정도까지는 이르지 못하지만 이미 있는 기존에 기계를 보고서 그 구조를 똑같이 그려내거나 아니면 거기에서 약간 설계 변경을 하는 정도의 어 그림을 그릴 수 있는 정도의 쓰리디 설계 프로그램 다루는 기술이 있습니다.","expression":"f_equip","category":"technology"},{"text":"어 그 프로그램 그램을 통해서 어 기계를 쓰리디로 볼 수 있으니까 구조를 삼 차원적으로 입체적으로 잘 다뤄서 볼 수 있고 기계 구조를 잘 파악해 볼 수 있고 그리고 그 기계에 어떤 어 결함이나 이런 것이 생겼을 때 어떤 부분이 문제인지도 잘 알아 볼 수 있는 정도의 어 프로그램 활용 능력은 있습니다.","expression":"f_equip","category":"technology"}],"summary":{"text":"설계 구조를 그릴 수 있는 프로그램 중에서는 가장 많이 사용하는 오토캐드사의 인벤터 프로그램을 조금 다룰 수 있고, 솔리드 웍스 프로그램은 기초 정도 다룰 수 있습니다. 그 프로그램 그램을 통해서 구조를 삼 차원적으로 입체적으로 잘 다뤄서 볼 수 있고 문제 파악 능력도 있습니다.","wordCount":42}}},"rawDataInfo":{"question":{"fileFormat":"wav","fileSize":266318,"duration":8320,"samplingBit":16,"channelCount":1,"samplingRate":"16kHz","audioPath":"/Mock/07.ProductionManufacturing/Female/Experienced/ckmk_q_mm_f_e_261773.wav"},"answer":{"fileFormat":"wav","fileSize":1981198,"duration":61910,"samplingBit":16,"channelCount":1,"samplingRate":"16kHz","audioPath":"/Mock/07.ProductionManufacturing/Female/Experienced/ckmk_a_mm_f_e_261773.wav"}}}