{"version":"1.0","dataSet":{"info":{"date":"20230116","occupation":"MM","channel":"MOCK","place":"ONLINE","gender":"FEMALE","ageRange":"45-54","experience":"EXPERIENCED"},"question":{"raw":{"text":"이전 직장에서 퇴사하신 후에 퇴사했던 것을 후회하신 적은 없나요 만약 있다면 왜 후회 하셨었는지도 함께 말씀 부탁드립니다","wordCount":17},"emotion":[],"intent":[]},"answer":{"raw":{"text":"퇴사를 한 것은 제가 하고 있는 업무 자체가 너무 단순하고 새로운 도전이 되는 부분이 없어서 새로운 도전을 하고자 어 배우고자 그리고 새로운 것들을 배워서 나 자신에 대한 발전 그리고 내가 속 속한 기업이나 회사에서의 내 위치가 좀 더 음 더 중요하고 또 어 꼭 있어야만 하는 그런 중요하고 필수적인 일을 해보고 싶다는 생각에서 퇴사를 했습니다. 어 그런데 사실 그러면서 동시에 제가 하 해보지 않은 일들을 끝까지 목표한 만큼 어 공부하고 더 많이 업무 지식를 갖추고 자격증도 더 많이 어 제가 더 따서 공부해서 자격증도 더 갖춰야 하고 하는 부분이 심리적으로 어렵고 압박감이 들 때가 있었습니다. 잘 할 수 있을까 어 제 자신의 역량에 대해서 약간 의심도 하게 되고 그럴 때는 어 퇴사를 살짝 후회한 적이 있습니다. 그냥 안정되게 있었던 대로 그냥 하던 일만 하면서 그렇게 하다가 어 일을 그만둘 수 있었을 텐데 스스로 어떤 발전적인 방법을 모색해 보겠다고 더 발전해 보겠다고 그만뒀는데 과연 내가 그 내가 원하는 용량까지 이룰 수 있을 것인가 그 과정들을 찾 극복할 수 있을 것인가를 고민하고 생각할 때 후회 했었습니다.","wordCount":164},"emotion":[{"text":"어 그런데 사실 그러면서 동시에 제가 하 해보지 않은 일들을 끝까지 목표한 만큼 어 공부하고 더 많이 업무 지식를 갖추고 자격증도 더 많이 어 제가 더 따서 공부해서 자격증도 더 갖춰야 하고 하는 부분이 심리적으로 어렵고 압박감이 들 때가 있었습니다.","expression":"n-distress","category":"negative"}],"intent":[{"text":"","expression":"","category":"attitude"}],"summary":{"text":"업무 자체가 단순하고 새로운 도전이 되는 부분이 없어서 새로운 것을 배워서 나 자신에 대한 발전, 그리고 꼭 있어야 하는 그런 중요하고 필수적인 일을 해보고 싶다는 생각에서 퇴사를 했습니다. 그러면서 동시에 제가 해보지 않은 일들을 끝까지 목표한 만큼 공부하고 더 많은 업무지식을 갖추고 자격증도 더 갖춰야 하는 부분이 심리적으로 어렵고 압박감이 들 때가 있었습니다.","wordCount":53}}},"rawDataInfo":{"question":{"fileFormat":"wav","fileSize":591438,"duration":18480,"samplingBit":16,"channelCount":1,"samplingRate":"16kHz","audioPath":"/Mock/07.ProductionManufacturing/Female/Experienced/ckmk_q_mm_f_e_213374.wav"},"answer":{"fileFormat":"wav","fileSize":2807118,"duration":87720,"samplingBit":16,"channelCount":1,"samplingRate":"16kHz","audioPath":"/Mock/07.ProductionManufacturing/Female/Experienced/ckmk_a_mm_f_e_213374.wav"}}}