{"version":"1.0","dataSet":{"info":{"date":"20230116","occupation":"MM","channel":"MOCK","place":"ONLINE","gender":"FEMALE","ageRange":"45-54","experience":"EXPERIENCED"},"question":{"raw":{"text":"만약 상사가 업무와 무관한 일을 시킨다면 잘 수행할 자신이 있나요 아니면 수행하지 않을 것인지도 궁금합니다","wordCount":15},"emotion":[],"intent":[]},"answer":{"raw":{"text":"상사가 업무와 무관한 일을 시키면 그 일에 일이 제가 일하고 있는 공간 안에서 팀 내에서 어 업무와는 무관하더라도 팀 전체를 위해서 필요한 일인지 아닌지를 먼저 평가할 것입니다. 어 업무와 관련된 일은 아니어도 그 회사 저희 부서 안에서 누군가는 꼭 해야 할 그래서 부서 전체에게 이익이 되거나 부서 전체 분위기를 좋게 만드는 데 관련된 일을 어 저에게 조금이라도 부담해 주기를 바라는 정도의 수행이라면 그 정도는 당연히 하는 것이 어 같은 부서와 회사의 일원으로서 혹은 어 상사가 부탁하는 것을 어 조금이라도 성의껏 함께 일하는 사람으로 의무를 하는 정도 의무를 다하는 정도에서의 어 업무와 무관한 일 정도는 할 수 있습니다. 하지만 개인적인 뭐 노동력 제공 이라든지 회사 업무와 전혀 관계가 없으면서 동시에 어 부서 공동체나 함께 일하는 사람들과도 부서와 부서 분위기와도 전혀 관계 없는 어 그냥 단순히 상사 자신의 개인적인 일이라면 하지 않을 것입니다.","wordCount":131},"emotion":[],"intent":[{"text":"","expression":"","category":"attitude"}],"summary":{"text":"상사가 업무와 무관한 일을 시키면 업무와는 무관하더라도 팀 전체를 위해서 필요한 것인지를 먼저 평가할 것입니다. 업무와 상관없는 일 정도는 할 수 있습니다. 하지만 회사 업무와 전혀 관계가 없으면서 부서와 부서 분위기와도 관계 없는 상사 자신의 개인적인 일이라면 하지 않을 것입니다.","wordCount":40}}},"rawDataInfo":{"question":{"fileFormat":"wav","fileSize":431438,"duration":13480,"samplingBit":16,"channelCount":1,"samplingRate":"16kHz","audioPath":"/Mock/07.ProductionManufacturing/Female/Experienced/ckmk_q_mm_f_e_208863.wav"},"answer":{"fileFormat":"wav","fileSize":2746638,"duration":85830,"samplingBit":16,"channelCount":1,"samplingRate":"16kHz","audioPath":"/Mock/07.ProductionManufacturing/Female/Experienced/ckmk_a_mm_f_e_208863.wav"}}}