{"version":"1.0","dataSet":{"info":{"date":"20230116","occupation":"MM","channel":"MOCK","place":"ONLINE","gender":"FEMALE","ageRange":"45-54","experience":"EXPERIENCED"},"question":{"raw":{"text":"지원자님은 교대 근무를 해 보신 적이 있는지 궁금하고요 그리고 조금 더 효율적으로 교대 근무를 하기 위해서는 어떤 형태가 적합하다고 생각을 하는지 의견을 한번 내주시겠습니까","wordCount":24},"emotion":[],"intent":[]},"answer":{"raw":{"text":"가장 생상적인 교대 근무는 일을 하는 사람들이 충분히 회복할 시간들이 있어서 어 그래서 충분히 일을 할 때 집중해서 어 일을 할 수 있는 그런 교대 근무라고 생각합니다. 그래도 인간적으로 약간 휴식할 수 있는 시간들 인간적인 근무가 가능한 교대 근무가 생산적인 교대 근무라고 생각하기 때문에 저는 사 조 이 교대 근무가 가장 생산적인 것 같습니다. 사 조 이 교대면은 일단 지속적으로 연달아 근무하는 시간이 한 여섯 시간 정도로 돼서 주간 근무 두 번 하고 그리고 휴식을 취하고 그리고 야간 근무 두 번 하고 또 다시 휴식을 취하고 이런 식으로 어 여섯 시간 정도의 근무와 어 그다음 또 시간을 바꿔서 하는 식으로 교대하는 것이 어 가장 생산적인 어 교대 근무 형태라고 생각합니다. 일하는 사람을 배려하는 교대 근무가 가장 생산성이 높을 것이라고 어 생각되기 때문에 그렇게 판단합니다.","wordCount":124},"emotion":[],"intent":[{"text":"가장 생상적인 교대 근무는 일을 하는 사람들이 충분히 회복할 시간들이 있어서 어 그래서 충분히 일을 할 때 집중해서 어 일을 할 수 있는 그런 교대 근무라고 생각합니다.","expression":"f_shift","category":"technology"},{"text":"사 조 이 교대면은 일단 지속적으로 연달아 근무하는 시간이 한 여섯 시간 정도로 돼서 주간 근무 두 번 하고 그리고 휴식을 취하고 그리고 야간 근무 두 번 하고 또 다시 휴식을 취하고 이런 식으로 어 여섯 시간 정도의 근무와 어 그다음 또 시간을 바꿔서 하는 식으로 교대하는 것이 어 가장 생산적인 어 교대 근무 형태라고 생각합니다.","expression":"f_shift","category":"technology"},{"text":"일하는 사람을 배려하는 교대 근무가 가장 생산성이 높을 것이라고 어 생각되기 때문에 그렇게 판단합니다.","expression":"f_shift","category":"technology"}],"summary":{"text":"가장 생상적인 교대 근무는 일을 하는 사람들이 충분히 회복할 시간들이 있어서 일을 할 때 집중해서 일을 할 수 있는 교대 근무라고 생각합니다. 인간적인 근무가 가능한 교대 근무가 가장 생산적이라고 생각하기 때문에, 일하는 사람을 배려하는 근무가 생산성이 높을 것이라고 생각합니다.","wordCount":39}}},"rawDataInfo":{"question":{"fileFormat":"wav","fileSize":569678,"duration":17800,"samplingBit":16,"channelCount":1,"samplingRate":"16kHz","audioPath":"/Mock/07.ProductionManufacturing/Female/Experienced/ckmk_q_mm_f_e_294309.wav"},"answer":{"fileFormat":"wav","fileSize":2502478,"duration":78200,"samplingBit":16,"channelCount":1,"samplingRate":"16kHz","audioPath":"/Mock/07.ProductionManufacturing/Female/Experienced/ckmk_a_mm_f_e_294309.wav"}}}