{"version":"1.0","dataSet":{"info":{"date":"20230116","occupation":"MM","channel":"MOCK","place":"ONLINE","gender":"FEMALE","ageRange":"45-54","experience":"EXPERIENCED"},"question":{"raw":{"text":"지원자분께서 저희 회사에 들어오시게 된다면 가장 가고 싶으신 부서 그리고 왜 본인이 그 부서에 가고 싶다고 생각하셨는지 이유와 함께 이야기해 주신다면 좋겠습니다","wordCount":22},"emotion":[],"intent":[]},"answer":{"raw":{"text":"회사에 들어가게 된다면 저는 기획 관리부나 아니면 연구 개발팀에 저 일하고 싶습니다. 생산 라인에서 일하는 것은 당연히 중요하지만 생산 라인의 공급이 차질이 빚어지지 않고 생산 라인이 중간에 어떤 문제가 생겨서 어 효 그 생산 과정에서 어 착오나 문제가 어 커지는 경우는 대부분 기획 관리 단계에서 어 문제가 생겼을 경우에 그것이 생산 관리까지 영향을 미치게 된다는 것을 알고 있습니다. 그래서 생산 관리에 어 가장 극대화 이윤의 극대와 효율성의 극대화를 어 추구하려면 먼저 기획 관리팀에서 생산 관리 라인에 철저한 어 모니터링을 통해서 정확하게 어떤 식으로 시스템이 구축되어야 효과적인 결과를 낼 수 있는지를 기획 단계에서 잘 해내야 된다고 봅니다. 그 중요한 일을 해보고 싶습니다. 그리고 연구 개발을 통해서 어 열심히 생산한 그 생산 자체가 생산품이 정말 어 시너지를 내고 그 생산품으로 인해서 회사에 많은 이득이 취해지려면 연구 개발 단계도 매우 중요합니다. 저는 그래서 기획 관리 팀이나 생산 품 관리 품질을 관리하고 연구 개발 하는 개발팀 그 두 가지 중요한 팀에서 부서에서 일을 한번 해보고 싶습니다. 중요한 역할을 해 보고 싶기 때문에 그렇게 생각합니다.","wordCount":160},"emotion":[{"text":"저는 그래서 기획 관리 팀이나 생산 품 관리 품질을 관리하고 연구 개발 하는 개발팀 그 두 가지 중요한 팀에서 부서에서 일을 한번 해보고 싶습니다.","expression":"p-interest","category":"positive"}],"intent":[{"text":"생산 라인에서 일하는 것은 당연히 중요하지만 생산 라인의 공급이 차질이 빚어지지 않고 생산 라인이 중간에 어떤 문제가 생겨서 어 효 그 생산 과정에서 어 착오나 문제가 어 커지는 경우는 대부분 기획 관리 단계에서 어 문제가 생겼을 경우에 그것이 생산 관리까지 영향을 미치게 된다는 것을 알고 있습니다.","expression":"f_prod_plan","category":"technology"},{"text":"그래서 생산 관리에 어 가장 극대화 이윤의 극대와 효율성의 극대화를 어 추구하려면 먼저 기획 관리팀에서 생산 관리 라인에 철저한 어 모니터링을 통해서 정확하게 어떤 식으로 시스템이 구축되어야 효과적인 결과를 낼 수 있는지를 기획 단계에서 잘 해내야 된다고 봅니다.","expression":"f_prod_plan","category":"technology"}],"summary":{"text":"생산 라인에서 일하게 된다면 기획 관리팀에서 생산 관리 라인에 어떤 시스템이 구축되어야 효과적인 결과를 낼 수 있는지 기획 단계에서 잘 해내야 되고 연구 개발 단계도 매우 중요합니다. 그래서 기획 관리 팀이나 생산 관리 품질을 관리하고 연구 개발 하는 개발팀에서 일을 해보고 싶습니다.","wordCount":42}}},"rawDataInfo":{"question":{"fileFormat":"wav","fileSize":572238,"duration":17880,"samplingBit":16,"channelCount":1,"samplingRate":"16kHz","audioPath":"/Mock/07.ProductionManufacturing/Female/Experienced/ckmk_q_mm_f_e_266940.wav"},"answer":{"fileFormat":"wav","fileSize":3176398,"duration":99260,"samplingBit":16,"channelCount":1,"samplingRate":"16kHz","audioPath":"/Mock/07.ProductionManufacturing/Female/Experienced/ckmk_a_mm_f_e_266940.wav"}}}