{"version":"1.0","dataSet":{"info":{"date":"20230116","occupation":"MM","channel":"MOCK","place":"ONLINE","gender":"FEMALE","ageRange":"45-54","experience":"EXPERIENCED"},"question":{"raw":{"text":"만약 본인이 지금 지원한 해당 직무가 아닌 타 부서에 배치되게 된다면 어떻게 하시겠어요 그래도 괜찮으실까요","wordCount":15},"emotion":[],"intent":[]},"answer":{"raw":{"text":"제가 지원한 직무는 제가 자신 있고 꼭 해보고 싶어서 지원한 것인데 그것이 아닌 다른 부서에 배치가 되게 된다면 어 일단 괜찮지는 않을 것 같습니다. 어 괜찮지 않고 어 제가 지원한 직무가 어 저에게 절실하고 너무 하고 싶고 그 일에 도전해 보고 싶었기 때문에 지원한 것이어서 서운할 것 같습니다. 하지만 어 실망하지 않고 어 다른 부서에서 일을 열심히 하면서 다시 제가 지원한 그 직무가 저에게 기회로 올 때까지 어 그 기회를 잡을 때까지 차분히 기다리며 어 관련된 다른 부서의 일을 하겠습니다. 같은 방향을 갖고 있는 일이기 때문에 제가 지원한 직무가 아니어도 어 어쨌든 그것과 관련된 영역에 부서에 배치가 될 것이고 관련성이 전혀 없는 일이 아닌 그런 일을 할 것이라고 생각되기 때문에 그 주어진 부서 일을 열심히 하면서 어 그 역량도 쌓겠습니다. 결국은 저에게 그것도 어 성장의 기회가 될 거라고 생각합니다.","wordCount":129},"emotion":[],"intent":[{"text":"","expression":"","category":"attitude"}],"summary":{"text":"제가 지원한 직무가 아니라도 다른 부서에 배치가 된다면 괜찮지 않을 것 같습니다. 하지만 실망하지 않고 다른 부서에서 일을 열심히 하면서 그 기회를 잡을 때까지 기다리면서 관련된 다른 부서의 일을 하겠습니다. 그 부서 일을 열심히 하며 역량도 쌓겠습니다. 그것이 성장의 기회가 될 것입니다.","wordCount":42}}},"rawDataInfo":{"question":{"fileFormat":"wav","fileSize":353678,"duration":11050,"samplingBit":16,"channelCount":1,"samplingRate":"16kHz","audioPath":"/Mock/07.ProductionManufacturing/Female/Experienced/ckmk_q_mm_f_e_288023.wav"},"answer":{"fileFormat":"wav","fileSize":2280398,"duration":71260,"samplingBit":16,"channelCount":1,"samplingRate":"16kHz","audioPath":"/Mock/07.ProductionManufacturing/Female/Experienced/ckmk_a_mm_f_e_288023.wav"}}}