{"version":"1.0","dataSet":{"info":{"date":"20230116","occupation":"MM","channel":"MOCK","place":"ONLINE","gender":"FEMALE","ageRange":"45-54","experience":"EXPERIENCED"},"question":{"raw":{"text":"소통 능력을 키우기 위해서 어떤 일을 할 수 있을까요 생각나는 방법이나 시도해 보셨던 방법들을 자세하게 말씀 부탁드립니다","wordCount":17},"emotion":[],"intent":[]},"answer":{"raw":{"text":"요즘 어린 분들이 하는 말 중에는 제가 알아듣기 어려운 생략어나 또는 축약어가 매우 많습니다. 그것이 가끔 어 제가 소통하는 데 어려움을 겪게 합니다. 그래서 자주 어떤 미디어나 티비 프로그램 이런 것을 봐가면서 공부를 하고 있는데요 나름대로. 그래도 어려움이 있을 때가 있습니다. 그래서 그런 새로운 생각들을 따라잡기 위해서 많은 노력을 하고 있습니다. 예를 들어 어 인터넷을 보면서 제가 어 모르는 말을 자주 찾아본다든지 또 어 드라마 같은 것을 보면서 그 상황에 맞는 어려운 말들을 살펴 본다든지 하면서 소통에 대해서 생각을 많이 하고 있습니다. 소통이 단지 언어의 문제일 것이라고만 생각은 하지 않지만 그래도 어 새로운 언어 속에는 새로운 생각이 담겨 있다고 생각하기 때문에 우선은 노력을 해 보려고 합니다.","wordCount":106},"emotion":[],"intent":[{"text":"","expression":"","category":"attitude"}],"summary":{"text":"요즘 어린 분들이 알아듣기 어려운 생략어나 축약어가 많아 소통에 어려움을 겪습니다. 그래서 미디어를 보면서 소통에 대한 새로운 생각들을 따라잡기 위해 노력하고 있습니다. 새로운 언어 속에는 새로운 생각이 담겨 있다고 생각하기 때문에 노력을 해 보려고 합니다.","wordCount":35}}},"rawDataInfo":{"question":{"fileFormat":"wav","fileSize":613838,"duration":19180,"samplingBit":16,"channelCount":1,"samplingRate":"16kHz","audioPath":"/Mock/07.ProductionManufacturing/Female/Experienced/ckmk_q_mm_f_e_282611.wav"},"answer":{"fileFormat":"wav","fileSize":2035918,"duration":63620,"samplingBit":16,"channelCount":1,"samplingRate":"16kHz","audioPath":"/Mock/07.ProductionManufacturing/Female/Experienced/ckmk_a_mm_f_e_282611.wav"}}}