{"version":"1.0","dataSet":{"info":{"date":"20230116","occupation":"MM","channel":"MOCK","place":"ONLINE","gender":"FEMALE","ageRange":"45-54","experience":"EXPERIENCED"},"question":{"raw":{"text":"해외에 파견 근무를 나가게 된다면 어떤 나라에 가고 싶으신가요 또 왜 그 나라에서 일을 하고 싶으신지 이유도 자세히 말씀해 주세요","wordCount":20},"emotion":[],"intent":[]},"answer":{"raw":{"text":"해외 파견 업무를 한다면 저는 어 다양한 문화들이 공존하는 지역에서 어 그것들이 어떻게 녹아들어서 하나로 어우러질 수 있는지를 경험해 보고 싶습니다. 그래서 여러 나라들의 문화들이 개방적으로 받아들여지고 있고 그것들이 잘 섞여서 함께 잘 돌아가는 어 그런 사회가 구축되어 있는 나라에서 일해 보고 싶습니다. 예를 들자면 싱가폴처럼 다양한 문화들이 섞여있 섞여서 함께 어 경제적인 시스템을 구축해 나가는 곳에서 일해 보고 싶고 아니면 캐나다와 같이 여러 문화들이 함께 공존하고 여러 언어들로 어 여러 인종들과 여러 나라 사람들이 함께 섞여서도 아주 매우 평등하고 그리고 다양한 교류들을 어 그 사회의 한 사회 속에서 함께 녹아내고 있는 그런 모습들을 어 직접 경험하고 그곳에서 일하고 살면서 느껴 보고 싶습니다. 어 그러면 문화의 다양성과 함께 어 그런 것들을 어떠 어떤 식으로 다양한 문화들이 섞여서 새로운 것들을 만들어 낼 수 있는지를 배울 수 있을 것 같아서 꼭 그런 기회를 가져 보고 싶습니다.","wordCount":134},"emotion":[],"intent":[{"text":"","expression":"","category":"attitude"}],"summary":{"text":"해외 파견 업무를 하게 된다면 다양한 문화들이 공존하는 지역에서 일해 보고 싶습니다. 문화들이 잘 받아들여지고 함께 잘 돌아가는 그런 사회가 구축되어 있는 나라에서 일 해 보고 싶습니다. 문화의 다양성과 함께 새로운 것들을 만들어 내는 방법을 배울 수 있을 것 같아 그런 기회를 갖고 싶습니다.","wordCount":44}}},"rawDataInfo":{"question":{"fileFormat":"wav","fileSize":602318,"duration":18820,"samplingBit":16,"channelCount":1,"samplingRate":"16kHz","audioPath":"/Mock/07.ProductionManufacturing/Female/Experienced/ckmk_q_mm_f_e_261781.wav"},"answer":{"fileFormat":"wav","fileSize":2217038,"duration":69280,"samplingBit":16,"channelCount":1,"samplingRate":"16kHz","audioPath":"/Mock/07.ProductionManufacturing/Female/Experienced/ckmk_a_mm_f_e_261781.wav"}}}