{"version":"1.0","dataSet":{"info":{"date":"20230116","occupation":"MM","channel":"MOCK","place":"ONLINE","gender":"FEMALE","ageRange":"45-54","experience":"EXPERIENCED"},"question":{"raw":{"text":"공동체의 가치에 입각해서 생각했을 때 무형문화유산의 보호에 있어서 적용되는 사회적인 관념은 무엇이 있다고 생각하시나요","wordCount":14},"emotion":[],"intent":[]},"answer":{"raw":{"text":"어떤 공동체에서 가지고 있는 무형 문화유산이라고 하면 보통 그 공동체가 가지고 있는 정체성을 나타내는 것입니다. 오랜 세월 동안 그 공동체가 가지고 있는 공동체 구성원들의 생각 그리고 그 삶 그들의 삶을 둘러싸고 있는 환경 그리고 그들이 계속해서 유지해 오고자 하는 유지해 오고자 노력했던 삶의 모습들 태도들이 다 섞여서 어 무형 문화유산으로 지정되어 있다고 봅니다. 그래서 공동체가 가지는 정체성을 계속해서 가지고 간다는 의미에서 공동체에 있어 무형 문화 유산이라는 것은 그저 어떤 문화의 한 측면으로 보기에는 매우 가치가 있는 것입니다. 그래서 모두들 사회의 정체성을 확보한 상태로 그 정체성에 맞는 자기만의 색깔을 가지고 가치를 가지고 어 그 공동체가 추구해야 될 방향성이나 그 공동체의 뿌리를 계속 기억하면서 어 살아나가고 삶을 이어나갔다는 측면에서 공동체적인 관점에서 무형 무형문화유산의 부분은 매우 중요한 어 개념이라고 생각하고 그래서 무형 문화를 아무리 시대가 바뀌어도 뿌리를 달리하거나 정체성을 바꿀 수는 없는 일 이므로 정체성이 매우 중요하기 때문에 그 정체성을 계속 가져간다는 의미로 사회적 관념에 있어서 무형 문화유산은 계속 수정은 되고 보완은 되더라도 그 가치나 그 기존 본 모습은 간직되어야 한다고 생각합니다.","wordCount":159},"emotion":[{"text":"그래서 모두들 사회의 정체성을 확보한 상태로 그 정체성에 맞는 자기만의 색깔을 가지고 가치를 가지고 어 그 공동체가 추구해야 될 방향성이나 그 공동체의 뿌리를 계속 기억하면서 어 살아나가고 삶을 이어나갔다는 측면에서 공동체적인 관점에서 무형 무형문화유산의 부분은 매우 중요한 어 개념이라고 생각하고 그래서 무형 문화를 아무리 시대가 바뀌어도 뿌리를 달리하거나 정체성을 바꿀 수는 없는 일 이므로 정체성이 매우 중요하기 때문에 그 정체성을 계속 가져간다는 의미로 사회적 관념에 있어서 무형 문화유산은 계속 수정은 되고 보완은 되더라도 그 가치나 그 기존 본 모습은 간직되어야 한다고 생각합니다.","expression":"u-belief","category":"neutral"}],"intent":[{"text":"","expression":"","category":"attitude"}],"summary":{"text":"어떤 공동체에서 가진 무형 문화유산이라고 하면 보통 그 공동체가 가지고 있는 정체성을 나타내는 것입니다. 그래서 공동체가 가지는 정체성을 계속해서 가지고 간다는 의미에서 무형 문화 유산이라는 것은 그저 어떤 문화의 한 측면으로 보기에는 매우 가치가 있습니다. 그래서 모두들 사회의 정체성을 확보한 상태로 그 정체성에 맞는 자기만의 색깔을 가지고 가치를 가지고 삶을 이어나갔다는 측면에서 무형 무형문화유산의 부분은 매우 중요한 개념이라고 생각합니다.","wordCount":59}}},"rawDataInfo":{"question":{"fileFormat":"wav","fileSize":398478,"duration":12450,"samplingBit":16,"channelCount":1,"samplingRate":"16kHz","audioPath":"/Mock/07.ProductionManufacturing/Female/Experienced/ckmk_q_mm_f_e_282214.wav"},"answer":{"fileFormat":"wav","fileSize":3089998,"duration":96560,"samplingBit":16,"channelCount":1,"samplingRate":"16kHz","audioPath":"/Mock/07.ProductionManufacturing/Female/Experienced/ckmk_a_mm_f_e_282214.wav"}}}