{"version":"1.0","dataSet":{"info":{"date":"20230116","occupation":"MM","channel":"MOCK","place":"ONLINE","gender":"FEMALE","ageRange":"45-54","experience":"EXPERIENCED"},"question":{"raw":{"text":"공동체의 가치에 입각해서 무형문화유산의 보호에 있어 적용되는 사회적인 관념은 무엇이라고 생각하시는지 답변해 주세요","wordCount":13},"emotion":[],"intent":[]},"answer":{"raw":{"text":"공동체에서 어떤 공동체에서 무형문화유산을 어 어떤 개념으로 볼 수 있는가 하면 그것은 그 공동체가 자신들의 집단 안에서 환경이나 그들이 처한 자연 그리고 역사 속에서 그들만이 갖고 있는 지식과 기술 그리고 공연 문화 문화적인 표현 이런 것들을 계속해서 끊임없이 어 자신들의 특색을 가지고 재창출해 온 결과물을 무형 문화유산이라고 어 일컬을 수 있습니다. 그런데 이런 공동체가 가치를 가지고 오랜 세월 동안 가져온 무형문화유산에는 공동체의 어떤 정체성이 녹아있는 것이기 때문에 이 이런 것들은 당연히 보호되어야 합니다. 어 마치 공동체 전체의 가치가 오랜 세월 녹아들어 있는 것이기 때문에 그것은 정체성과 같아서 당연히 보호되어야 그 공동체가 오랫동안 이어져 온 목적이나 가치관이나 뿌리라든지 이런 것들을 지켜내는 것과 일맥상통하는 것이라고 봅니다. 그래서 우리나라는 어 이런 문화유산을 당연히 소중하게 여기고 이런 것들을 지켜 내기 위한 어 현재 재창출시키고 계속해서 지속시킬 수 있는 지속 가능할 수 있는 방식으로 어 새로운 세대와 어 접합점을 찾아 나가는 것이 우리가 실행해야 될 일들입니다. 그래야 어떤 식으로든 지속적으로 이 뿌리가 유지되고 우리 사회의 정체성이 유지되는데 무형문화유산이 큰 역할을 할 것이고 우리의 색을 찾고 우리의 정체성을 찾아 나가는 일이라고 또한 생각하고 있습니다.","wordCount":168},"emotion":[],"intent":[{"text":"","expression":"","category":"attitude"}],"summary":{"text":"무형문화유산은 공동체가 집단의 환경이나 자연, 역사 속에서 자신들의 특색을 가지고 재창출해 온 결과물을 무형 문화유산이라고 할 수 있습니다. 그런데 이런 공동체의 정체성은 당연히 보호되어야 합니다. 그 공동체가 오랜 세월 이어져 온 목적, 가치관, 뿌리를 지켜내는 것과 같습니다. 그래서 지속 가능한 방식으로 새로운 세대와 접합점을 찾아 나가는 것이 우리의 실행 과제입니다.","wordCount":50}}},"rawDataInfo":{"question":{"fileFormat":"wav","fileSize":604238,"duration":18880,"samplingBit":16,"channelCount":1,"samplingRate":"16kHz","audioPath":"/Mock/07.ProductionManufacturing/Female/Experienced/ckmk_q_mm_f_e_261780.wav"},"answer":{"fileFormat":"wav","fileSize":3515598,"duration":109860,"samplingBit":16,"channelCount":1,"samplingRate":"16kHz","audioPath":"/Mock/07.ProductionManufacturing/Female/Experienced/ckmk_a_mm_f_e_261780.wav"}}}