{"version":"1.0","dataSet":{"info":{"date":"20230116","occupation":"MM","channel":"MOCK","place":"ONLINE","gender":"FEMALE","ageRange":"45-54","experience":"EXPERIENCED"},"question":{"raw":{"text":"시험 기간 시간이 촉박할 때 어떻게 시간 관리를 하셨나요 지원자님의 시간 관리법이나 노하우가 있다면 소개해 주실 수 있나요","wordCount":18},"emotion":[],"intent":[]},"answer":{"raw":{"text":"저는 우선 시간이 촉박할 때는 어 일을 어 순서대로 분류를 합니다. 가장 중요한 일 그리고 난이도가 있어서 제가 시간이 많이 들어가는 일을 먼저 가장 위에 놓고 그리고 반대로 난이도도 어 낮고 그리고 중요도도 좀 떨어지고 그래서 상대적으로 시간도 어 조금만 이용해도 금방 처리할 수 있는 일을 가장 아래 놓고 어 가장 위에서부터 아래까지 일을 순서대로 어 플래너에다가 어 짜 넣습니다. 물론 가장 위에 있는 상 위의 일들이 가장 중요하고 시간이 많이 들어가는 일은 가장 크게 어 가장 빨리 실행을 시작합니다. 그리고 나머지는 시간을 촉박할수록 마지막에 자투리 시간을 이용해서 제가 그때그때 어 빠르게 처리할 수 있는 일들을 껴 넣는 식으로 제 시간을 쪼개서 그 일들을 할 수 있기 때문에 그런 식으로 분류를 해 놓고 최대한 중요한 것들에 집중해서 먼저 해결하는 식으로 어 일를 해 나가다 보면 그래도 가장 많은 어 목표 달성을 이룰 수 있습니다.","wordCount":134},"emotion":[],"intent":[{"text":"","expression":"","category":"attitude"}],"summary":{"text":"저는 시간이 촉박할 때는 일을 우선순위에 따라 분류합니다. 우선 가장 중요한 일을 가장 위에 놓고, 난이도가 가장 낮은 일을 가장 아래에 놓고, 가장 위에서부터 아래까지 일을 순서대로 짜 넣습니다. 나머지 일은 나중에 자투리 시간을 이용해서 제가 빠르게 처리할 수 있는 일들을 껴 넣는 식으로 해 나가다 보면 목표를 달성할 수 있습니다.","wordCount":51}}},"rawDataInfo":{"question":{"fileFormat":"wav","fileSize":608718,"duration":19020,"samplingBit":16,"channelCount":1,"samplingRate":"16kHz","audioPath":"/Mock/07.ProductionManufacturing/Female/Experienced/ckmk_q_mm_f_e_294305.wav"},"answer":{"fileFormat":"wav","fileSize":2300558,"duration":71890,"samplingBit":16,"channelCount":1,"samplingRate":"16kHz","audioPath":"/Mock/07.ProductionManufacturing/Female/Experienced/ckmk_a_mm_f_e_294305.wav"}}}