{"version":"1.0","dataSet":{"info":{"date":"20230116","occupation":"MM","channel":"MOCK","place":"ONLINE","gender":"FEMALE","ageRange":"45-54","experience":"EXPERIENCED"},"question":{"raw":{"text":"다른 계열사도 많이 있는데요 지원자님께서 특별히 이 계열사에 지원해 주신 이유가 있을 것이라고 생각합니다 어 그 이유가 무엇인지 말씀해 주실 수 있나요","wordCount":22},"emotion":[],"intent":[]},"answer":{"raw":{"text":"어 계열사들이 많이 있지만 제가 이 계열사에 지원한 이유는 이 계열사가 하고 있는 이유 자체가 제가 직업 윤리나 가치관으로 볼 때에 이 계열사에서 다루고 있는 어 분야가 제가 생각하는 직업 윤리나 가치관에 좀 더 적합하기 때문에 이 계열사에 지원하게 됐습니다. 일을 하는 데는 제가 경제적인 활동을 하고 그것으로 어 저의 생활이 유지된다는 그런 측면도 있지만 일을 하면서 보람을 찾는 데는 여러 가지 이유가 있을 것입니다. 어 우선 제가 잘 할 수 있고 제가 좋아하는 일이면 더 좋고 어 또 직장의 분위기도 좋겠지만 우선적으로 이 계열사를 지원한 것은 제가 그것들을 잘 알 수 없고 어 이 계열사에서 하고 있는 분야 자체가 일 자체가 다른 사람들에게도 어쩌면 좀 더 유익한 결과를 낼 수 있는 그런 방법이 아닐까 라는 생각에 제 삶에 어 직업 윤리와 연결하여서 이 계열사를 지원하게 되었습니다.","wordCount":127},"emotion":[],"intent":[{"text":"어 계열사들이 많이 있지만 제가 이 계열사에 지원한 이유는 이 계열사가 하고 있는 이유 자체가 제가 직업 윤리나 가치관으로 볼 때에 이 계열사에서 다루고 있는 어 분야가 제가 생각하는 직업 윤리나 가치관에 좀 더 적합하기 때문에 이 계열사에 지원하게 됐습니다.","expression":"c_sincere_job","category":"etc"},{"text":"어 우선 제가 잘 할 수 있고 제가 좋아하는 일이면 더 좋고 어 또 직장의 분위기도 좋겠지만 우선적으로 이 계열사를 지원한 것은 제가 그것들을 잘 알 수 없고 어 이 계열사에서 하고 있는 분야 자체가 일 자체가 다른 사람들에게도 어쩌면 좀 더 유익한 결과를 낼 수 있는 그런 방법이 아닐까 라는 생각에 제 삶에 어 직업 윤리와 연결하여서 이 계열사를 지원하게 되었습니다.","expression":"c_sincere_job","category":"etc"}],"summary":{"text":"이 계열사에서 다루는 분야가 제가 생각하는 직업 윤리나 가치관에 더 적합하여 지원하게 되었습니다. 일을 하면서 보람을 찾는 데는 여러 이유가 있을 것입니다. 우선 제가 잘 할 수 있고 좋아하는 일이면 더 좋고 직장의 분위기도 좋겠지만, 직업 윤리와 연결하여서 이 계열사를 지원하였습니다.","wordCount":41}}},"rawDataInfo":{"question":{"fileFormat":"wav","fileSize":414158,"duration":12940,"samplingBit":16,"channelCount":1,"samplingRate":"16kHz","audioPath":"/Mock/07.ProductionManufacturing/Female/Experienced/ckmk_q_mm_f_e_266938.wav"},"answer":{"fileFormat":"wav","fileSize":2165198,"duration":67660,"samplingBit":16,"channelCount":1,"samplingRate":"16kHz","audioPath":"/Mock/07.ProductionManufacturing/Female/Experienced/ckmk_a_mm_f_e_266938.wav"}}}