{"version":"1.0","dataSet":{"info":{"date":"20230116","occupation":"MM","channel":"MOCK","place":"ONLINE","gender":"FEMALE","ageRange":"-34","experience":"EXPERIENCED"},"question":{"raw":{"text":"살면서 지금까지 한 일들 가운데 제일 후회했던 일이 무엇인가요 한 가지만 골라서 말씀해 주세요","wordCount":14},"emotion":[],"intent":[]},"answer":{"raw":{"text":"저는 지금까지 한 일 가운데 가장 후회했던 일은 없는 것 같습니다. 저는 항상 제 선택에 대해서 제 자신을 믿었고 그때 나는 그럴 수 밖에 없었다 라는 생각을 아주 강하게 가지고 있습니다. 그리고 저는 그 당시에도 두 개의 갈림길이 있으면 어차피 어떤 것을 해도 조금의 후회가 남는다 그러니까 여기서 후회가 덜 될 곳으로 가자 라고 생각을 해서 실제로 후회가 덜 될 선택을 했었고요. 제가 만약에 했다 라는 후회가 있어 봤자 정말 가벼운 정도 그냥 예를 들어서 겨울바람이 스치는 것처럼 아 그때 이거 했으면 지금쯤은 과장 쯤은 됐겠는데 좀 아쉽다 요런 느낌이지 이것이 아 너무 나도 후회된다 라는 것은 하나도 없는 것 같습니다. 저는 제 선택에 의 선택에 의해서는 항상 저를 믿었고 그리고 거기에 대해서는 저는 확신이 있었기 때문에 네 후회되는 일이 없다 라고 말씀 드릴 수 있을 것 같네요.","wordCount":128},"emotion":[],"intent":[{"text":"","expression":"","category":"attitude"}],"summary":{"text":"저는 지금까지 한 일 가운데 가장 후회했던 일은 없습니다. 저는 제 선택에 의해서는 항상 제 자신을 믿었고 그것에 대해서는 확신이 있었기 때문에 네 후회되는 일이 없다고 말할 수 있을 것 같습니다.","wordCount":31}}},"rawDataInfo":{"question":{"fileFormat":"wav","fileSize":366798,"duration":11460,"samplingBit":16,"channelCount":1,"samplingRate":"16kHz","audioPath":"/Mock/07.ProductionManufacturing/Female/Experienced/ckmk_q_mm_f_e_222276.wav"},"answer":{"fileFormat":"wav","fileSize":1872078,"duration":58500,"samplingBit":16,"channelCount":1,"samplingRate":"16kHz","audioPath":"/Mock/07.ProductionManufacturing/Female/Experienced/ckmk_a_mm_f_e_222276.wav"}}}