{"version":"1.0","dataSet":{"info":{"date":"20230116","occupation":"MM","channel":"MOCK","place":"ONLINE","gender":"FEMALE","ageRange":"45-54","experience":"EXPERIENCED"},"question":{"raw":{"text":"얼마 전에 구급 대원이 주취자에게 폭행을 당해서 순직 당하는 일이 있었습니다 지원자님은 해당 사건에 대해서 어떻게 생각하시나요","wordCount":17},"emotion":[],"intent":[]},"answer":{"raw":{"text":"구급대원은 사람에 목숨과 그 안전을 담보해 내야 되는 아주 큰 공공의 직을 수행하는 공공 서비스 직입니다. 어 그렇지만 어 이 공공 서비스직에 있는 사람들이 어 주취자와 같은 사람들에게도 어 노출이 돼서 위험한 상황에 처해도 어 자기 최선을 다한다 의무를 다한다 서비스를 다한다는 마음으로 그런 위험한 상황에 노출되는 걸 당연하게 여겨야 된다는 생각은 절대 해서는 안 됩니다. 어 공무직들도 원칙이 세워져야 된다고 봅니다. 위험한 상황에 놓여지면 그 최대한 그 상황을 회피할 수 있는 그런 어떤 원칙들이 따로 마련되어 져야 되고 안전 수칙이 정확하게 마련되어져야 이런 사고로 다시는 어 겪지 않을 수 있을 거 같습니다. 어 그런 면에서 공무직이 하는 일에 비해서 그 중요도에 비해서 특히 구급대원 같은 경우에는 숫자가 턱없이 모자르다고 알고 있습니다. 저는 그런 공공 서비스직 게다가 위험을 감수해야 되는 공공 서비스직 같은 경우에는 혼자서 그런 일을 맡아서 하다가 이런 아주 큰 사고를 당하게 되지 않기 위해서는 인원 수를 충분히 늘려줘야 한다고 그렇게 생각합니다. 그것이 당연하죠 위험감을 위험성을 부담해야 한다면 그 위험성에 대비할 수 있는 인원이 충분히 확보가 되고 어 그래야만 어 사람들의 그니까 공공에 이익도 어 실현될 수 있고 그 공공에 이익을 실현하는 서비스직에 있는 사람들의 인권도 충분히 보호할 수 있는 그런 바람직한 상황이 될 수 있을 거 같습니다.","wordCount":190},"emotion":[],"intent":[{"text":"","expression":"","category":"attitude"}],"summary":{"text":"공공 서비스직은 주취자와 같은 사람들에게도 위험한 상황에 노출되는 것을 당연하게 여겨서는 안 됩니다. 어 공무직들도 원칙이 세워져야 된다고 봅니다. 위험한 상황에 놓여지면 최대한 그 상황을 회피할 수 있는 그런 어떤 원칙들이 따로 마련되어져야 되고 안전 수칙이 정확하게 마련되져야 그런 사고로 다시는 겪지 않을 수 있을 거 같습니다.","wordCount":47}}},"rawDataInfo":{"question":{"fileFormat":"wav","fileSize":626638,"duration":19580,"samplingBit":16,"channelCount":1,"samplingRate":"16kHz","audioPath":"/Mock/07.ProductionManufacturing/Female/Experienced/ckmk_q_mm_f_e_288032.wav"},"answer":{"fileFormat":"wav","fileSize":3174158,"duration":99190,"samplingBit":16,"channelCount":1,"samplingRate":"16kHz","audioPath":"/Mock/07.ProductionManufacturing/Female/Experienced/ckmk_a_mm_f_e_288032.wav"}}}