{"version":"1.0","dataSet":{"info":{"date":"20230116","occupation":"MM","channel":"MOCK","place":"ONLINE","gender":"FEMALE","ageRange":"45-54","experience":"EXPERIENCED"},"question":{"raw":{"text":"다룰 수 있는 프로그램은 무엇인지 혹은 어느 수준으로 사용할 수 있는지요","wordCount":11},"emotion":[],"intent":[]},"answer":{"raw":{"text":"다룰 수 있는 프로그램은 두 가지 정도 있습니다. 어 하나는 기계 관련해서의 프로그램이고 하나는 어 두 가지 다 이제 쓰리디 프로그램인데 일단 오토 캐드로 작업을 하는 설계 프로그롬 프로그램으로 오토캐드사의 인벤터 프로그램을 다룰 수 있습니다. 어 그래서 기계 설비라든지 간단한 구조 설비 같은 것들을 볼 줄 알고 그것들을 기계를 그리거나 설비를 그려낼 수 있습니다. 어 아주 수준 높은 정도는 아니지만 다룰 줄 알고 있습니다. 그리고 하나는 어 전체 홀가먼트로 니트를 가공할 수 있는 독일 스톨사에 어 기계 그 니트 짜는 편집 기계를 프로그래밍 하는 것을 약간 알고 있습니다. 아주 깊이까지 배우진 않았고 간단한 조작을 통해서 니트에 직조를 프로그램하고 그걸 홀가먼트로 전체 통으로 직조해서 그냥 바로 옷으로 어 만들 수 있는 기계를 조금 다룰 줄 압니다. 거기에서 조금 일을 해 봤습니다.","wordCount":120},"emotion":[],"intent":[{"text":"어 그래서 기계 설비라든지 간단한 구조 설비 같은 것들을 볼 줄 알고 그것들을 기계를 그리거나 설비를 그려낼 수 있습니다.","expression":"f_equip","category":"technology"},{"text":"그리고 하나는 어 전체 홀가먼트로 니트를 가공할 수 있는 독일 스톨사에 어 기계 그 니트 짜는 편집 기계를 프로그래밍 하는 것을 약간 알고 있습니다.","expression":"f_equip","category":"technology"},{"text":"아주 깊이까지 배우진 않았고 간단한 조작을 통해서 니트에 직조를 프로그램하고 그걸 홀가먼트로 전체 통으로 직조해서 그냥 바로 옷으로 어 만들 수 있는 기계를 조금 다룰 줄 압니다.","expression":"f_equip","category":"technology"}],"summary":{"text":"기계 설비나 간단한 구조 설비 등을 볼 줄 알고 기계를 그리거나 설비를 그려낼 줄 알고 있습니다. 그리고 독일 스톨사에 기계 그 니트 짜는 편집 기계를 프로그래밍 하는 것을 알고 있고 간단한 조작을 통해 니트에 직조 프로그램하고 그것을 홀가먼트로 직조해 옷으로 만드는 기계를 다룰 줄 압니다.","wordCount":45}}},"rawDataInfo":{"question":{"fileFormat":"wav","fileSize":262478,"duration":8200,"samplingBit":16,"channelCount":1,"samplingRate":"16kHz","audioPath":"/Mock/07.ProductionManufacturing/Female/Experienced/ckmk_q_mm_f_e_261453.wav"},"answer":{"fileFormat":"wav","fileSize":2049358,"duration":64040,"samplingBit":16,"channelCount":1,"samplingRate":"16kHz","audioPath":"/Mock/07.ProductionManufacturing/Female/Experienced/ckmk_a_mm_f_e_261453.wav"}}}