{"version":"1.0","dataSet":{"info":{"date":"20230116","occupation":"MM","channel":"MOCK","place":"ONLINE","gender":"FEMALE","ageRange":"45-54","experience":"EXPERIENCED"},"question":{"raw":{"text":"지원자분이 알고 계시는 육 시그마에 대해서 최대한 자세하게 설명을 해 보시기 바랍니다 다양한 예시와 비교를 사용해서 설명해 주셔도 됩니다","wordCount":19},"emotion":[],"intent":[]},"answer":{"raw":{"text":"식스 시그마는 경영 혁신 방법론으로 데이터에 근거해서 어떤 문제를 분석하고 이를 해결해 가는 과정인데 어 말하자면 기업에 있어서 어떤 수준의 목표지가 있을 때 거기에 이르기 위해서 전반적인 어 경영 프로세스에서 어 문제가 되는 것이 무엇인지 원인을 일단 찾고 그것을 수치화된 분석으로 어 내놓고서 이것에서 해결 방법을 찾아서 실행을 합니다. 그러면서 지속적으로 그 실행 과정에서 계속 피드백을 함으로써 결국 목표를 달성해 나가는 그런 일련의 경영 혁신 과정이라고 할 수 있습니다. 음 말하자면 한국에서는 한국 어 도시철도 공사에서 어 경쟁력을 확보하기 위해서 이 식스 시그마를 적용해서 많은 부분에서 어 고객 만족 중심으로 그리고 총체적으로 문제가 되었던 어떤 어 경영 효율화 그리고 수입 중대 이런 부분을 어 실제로 아주 어 많은 해결을 보았던 것으로 알고 있습니다. 어 추진 내용에는 뭐 공사 직원의 의식이라든지 기존에 있었던 관행들 그리고 제도 시설 같은 것들을 개선하는 것들이 어 주로 들어가 있었습니다. 그래서 사람들도 혁신을 해야 했고 경영도 혁신을 해야 했고 그리고 어 고객 만족도에 대한 상품에 대한 혁신도 있어야 된다는 그런 취지를 가지고 어 식스 시그마를 경영 관리에서 혁신 방법으로 채택해서 성공적인 어 결과를 거두었던 사례라고 볼 수 있습니다.","wordCount":172},"emotion":[{"text":"식스 시그마는 경영 혁신 방법론으로 데이터에 근거해서 어떤 문제를 분석하고 이를 해결해 가는 과정인데 어 말하자면 기업에 있어서 어떤 수준의 목표지가 있을 때 거기에 이르기 위해서 전반적인 어 경영 프로세스에서 어 문제가 되는 것이 무엇인지 원인을 일단 찾고 그것을 수치화된 분석으로 어 내놓고서 이것에서 해결 방법을 찾아서 실행을 합니다.","expression":"u-fact","category":"neutral"}],"intent":[{"text":"","expression":"","category":"attitude"}],"summary":{"text":"식스 시그마는 경영 혁신 방법론으로 데이터에 근거해 문제를 분석하고 해결해 가는 과정입니다. 경영 효율화, 수입 중대 등의 문제를 해결했습니다. 직원 의식, 관행, 제도 시설 등의 개선을 추진했습니다. 사람들도 혁신을 해야 했고 경영도 혁신을 해야 했으며 고객 만족도에 대한 상품에 대한 혁신도 있어야 된다는 취지를 가지고 이를 경영 관리에서 혁신 방법으로 채택했습니다.","wordCount":51}}},"rawDataInfo":{"question":{"fileFormat":"wav","fileSize":385358,"duration":12040,"samplingBit":16,"channelCount":1,"samplingRate":"16kHz","audioPath":"/Mock/07.ProductionManufacturing/Female/Experienced/ckmk_q_mm_f_e_294307.wav"},"answer":{"fileFormat":"wav","fileSize":3589838,"duration":112180,"samplingBit":16,"channelCount":1,"samplingRate":"16kHz","audioPath":"/Mock/07.ProductionManufacturing/Female/Experienced/ckmk_a_mm_f_e_294307.wav"}}}