{"version":"1.0","dataSet":{"info":{"date":"20230116","occupation":"MM","channel":"MOCK","place":"ONLINE","gender":"FEMALE","ageRange":"45-54","experience":"EXPERIENCED"},"question":{"raw":{"text":"대외 활동에는 굉장히 다양한 것들이 있는데요 본인이 대외 활동을 해 보신 경험이 있으시다면 거기에서 무엇을 배웠고 어떤 자세로 임하셨는지 좀 궁금합니다","wordCount":21},"emotion":[],"intent":[]},"answer":{"raw":{"text":"대외 활동은 제가 속한 집단의 대표성을 띠고 어 한 부분으로서의 함께하는 어 활동에 참여하는 것입니다. 어 저는 대표성을 띠고 이곳에 대표성을 띠고 간다는 어 그런 저의 어 자세와 그런 입장과 또 그쪽에서도 어 그 활동에 함께해야 하고 그 한 부분이 돼야 된다는 입장 두 가지를 가지고 대외 활동에 참여해야 하므로 두 가지 역할을 적절하게 잘 해내는 것에 대해서 배웠습니다. 일단 그 활동을 통해서 어 제가 속한 이 집단에서 어 저에게 바라는 것이 있고 제가 그곳에 가서 그 제가 속한 공동체의 이익을 대변할 수 있는 것에 충분히 어 기여해야 한다는 자세로 일단 임했고 그래서 더 성실히 임했고 어 대외 활동에서 어 추구하는 것들과 충분히 어 제가 대표성을 띤 이 공동체에서 추구하는 것 두 가지를 함께 잘 해내는 됨으로써 두 가지 시너지를 다 발휘해야 하는 그런 입장에서 대외 활동에 임해야 한다는 것을 배웠습니다. 더 열심히 일했고 그래서 더 그런 의무감이 두 가지로 있었기 때문에 대표성을 띤다는 의미에서 더 어 열심히 일할 일 할 수 있었고 보람도 느낄 수 있었던 것 같습니다.","wordCount":159},"emotion":[],"intent":[{"text":"","expression":"","category":"attitude"}],"summary":{"text":"저는 집단의 대표성을 띠고 활동하는 대외 활동에 참여하는 것입니다. 그 활동을 통해서 제가 속한 집단에서 바라는 것이 있고 제가 속한 공동체의 이익을 대변할 수 있는 것에 기여해야 한다는 자세로 임했고, 더 성실히 임했고 두 가지 시너지를 다 발휘하는 입장에서 대외 활동에 임해야 한다고 배웠습니다.","wordCount":44}}},"rawDataInfo":{"question":{"fileFormat":"wav","fileSize":460878,"duration":14400,"samplingBit":16,"channelCount":1,"samplingRate":"16kHz","audioPath":"/Mock/07.ProductionManufacturing/Female/Experienced/ckmk_q_mm_f_e_261782.wav"},"answer":{"fileFormat":"wav","fileSize":2822478,"duration":88200,"samplingBit":16,"channelCount":1,"samplingRate":"16kHz","audioPath":"/Mock/07.ProductionManufacturing/Female/Experienced/ckmk_a_mm_f_e_261782.wav"}}}