{"version":"1.0","dataSet":{"info":{"date":"20230116","occupation":"MM","channel":"MOCK","place":"ONLINE","gender":"FEMALE","ageRange":"45-54","experience":"EXPERIENCED"},"question":{"raw":{"text":"지원자분께서 역사 속에서 가장 존경하는 인물은 누구인지에 대해서 말씀해 주셨으면 좋겠습니다 그리고 그 인물을 본인이 가장 존경하는 이유에 대해서도 같이 이야기해 주시면 좋을 것 같습니다","wordCount":25},"emotion":[],"intent":[]},"answer":{"raw":{"text":"역사 속에서 가장 존경하는 인물은 이순신 장군입니다. 왜 존경하냐 하면 그분이 이뤄놓은 대단한 그 성과 때문에만 존경하는 것은 아닙니다. 그분이 처해있던 상황이 너무나 열악한 상황이었기 때문에 그 열악한 상황에서 어 가지고 있는 뭐 무기나 자기가 속해 있는 상황으로 볼 때는 도저히 불가능하다고 생각되는 것을 포기하지 않고 가능한 상황으로 바꿔놨다는 부분에서 정말 대단하신 분이라는 생각이 듭니다. 어 충분히 해낼 수 있는 환경에서 무엇을 해내는 것은 그것도 훌륭한 것이지만 어 누가 봐도 가능하지 않은 상황을 가능하게 여러 가지 생각을 통해서 어 방법을 통해서 남들이 생각해내지 못한 것들을 가지고 할 수 없는 걸 할 수 있게 만들어 놓으셨고 그리고 그것이 더더군다나 많은 백성들을 구할 수 있는 국익에 관련된 일이었다는 그리고 결국은 자기 자신은 그러한 결과를 누리지도 않고 희생 당하셨다는 부분에서 정말 존경할 만한 이유가 충분한 분이라고 생각됩니다.","wordCount":124},"emotion":[{"text":"역사 속에서 가장 존경하는 인물은 이순신 장군입니다.","expression":"p-affection","category":"positive"},{"text":"어 충분히 해낼 수 있는 환경에서 무엇을 해내는 것은 그것도 훌륭한 것이지만 어 누가 봐도 가능하지 않은 상황을 가능하게 여러 가지 생각을 통해서 어 방법을 통해서 남들이 생각해내지 못한 것들을 가지고 할 수 없는 걸 할 수 있게 만들어 놓으셨고 그리고 그것이 더더군다나 많은 백성들을 구할 수 있는 국익에 관련된 일이었다는 그리고 결국은 자기 자신은 그러한 결과를 누리지도 않고 희생 당하셨다는 부분에서 정말 존경할 만한 이유가 충분한 분이라고 생각됩니다.","expression":"p-affection","category":"positive"}],"intent":[{"text":"","expression":"","category":"attitude"}],"summary":{"text":"이순신 장군은 처해있던 상황이 너무나 열악한 상황이었기 때문에 불가능하다고 생각되는 것을 가능한 상황으로 바꿔놓았고, 방법을 통해서 남들이 생각해내지 못한 것들을 가지고 할 수 없는 걸 할 수 있게 만들어 놓으셨습니다. 그리고 자기 자신은 그러한 결과를 누리지도 않고 희생 당하셨습니다.","wordCount":39}}},"rawDataInfo":{"question":{"fileFormat":"wav","fileSize":531598,"duration":16610,"samplingBit":16,"channelCount":1,"samplingRate":"16kHz","audioPath":"/Mock/07.ProductionManufacturing/Female/Experienced/ckmk_q_mm_f_e_288270.wav"},"answer":{"fileFormat":"wav","fileSize":2432078,"duration":76000,"samplingBit":16,"channelCount":1,"samplingRate":"16kHz","audioPath":"/Mock/07.ProductionManufacturing/Female/Experienced/ckmk_a_mm_f_e_288270.wav"}}}