{"version":"1.0","dataSet":{"info":{"date":"20230116","occupation":"MM","channel":"MOCK","place":"ONLINE","gender":"FEMALE","ageRange":"45-54","experience":"EXPERIENCED"},"question":{"raw":{"text":"업무 중에 스케줄에 없던 일이 생길 때가 있는데 그런 상황이 생긴다면 어떤 방법으로 대처하실 건가요","wordCount":15},"emotion":[],"intent":[]},"answer":{"raw":{"text":"업무 중에 원래 스케줄에 없었던 일이 생길 때가 있습니다. 정말 많지요. 그러면 저는 일단 제 스케줄에 전혀 빈 공간이 없이 타이트하지 않습니다. 중간중간 그런 일에 대비해서 스케줄 자체를 업무 스케줄에도 약간의 빈 공간들이 있고 제가 운용할 수 있는 시간들이 있기 때문에 그렇게 운용할 수 있는 시간을 이용해서 어 업무를 어 먼저 처리해야 되는 일들을 먼저 하고 그리고 스케줄 조정을 함으로써 어 제가 이용할 수 있는 시간들을 이용해서 최대한 해결할 수 있습니다. 어 이런 이런 식의 대처를 하기 위해서 항상 대비하고 있습니다.","wordCount":81},"emotion":[],"intent":[{"text":"","expression":"","category":"attitude"}],"summary":{"text":"업무 중에 원래 스케줄에 없었던 일이 생길 때가 있는데, 그럴 때 업무 시간을 먼저 처리하고 스케줄 조정을 함으로써 제가 이용할 수 있는 시간들을 이용해서 최대한 해결합니다.","wordCount":26}}},"rawDataInfo":{"question":{"fileFormat":"wav","fileSize":287438,"duration":8980,"samplingBit":16,"channelCount":1,"samplingRate":"16kHz","audioPath":"/Mock/07.ProductionManufacturing/Female/Experienced/ckmk_q_mm_f_e_294306.wav"},"answer":{"fileFormat":"wav","fileSize":1407438,"duration":43980,"samplingBit":16,"channelCount":1,"samplingRate":"16kHz","audioPath":"/Mock/07.ProductionManufacturing/Female/Experienced/ckmk_a_mm_f_e_294306.wav"}}}