{"version":"1.0","dataSet":{"info":{"date":"20230116","occupation":"MM","channel":"MOCK","place":"ONLINE","gender":"FEMALE","ageRange":"45-54","experience":"EXPERIENCED"},"question":{"raw":{"text":"지원자님은 창의적으로 어떤 문제를 해결해 본 경험이 있으신가요 있다면 그 과정을 최대한 자세하게 설명해 주시기 바랍니다","wordCount":16},"emotion":[],"intent":[]},"answer":{"raw":{"text":"제가 이전에 근무했던 중소기업은 어 생산 관리팀이 있고 그리고 그 생산 관리 라인을 어 각자 맡아서 그 하나씩의 프로젝트를 맡은 사람들이 생산 관리 라인과 각자 소통해서 자기들이 맡은 일들을 스스로 알아서 기획하고 그거를 끌고 나가는 식으로 어 일감을 가지고 업무를 나누어서 하는 회사였는데요. 그래서 그런지 중간에 불량률 발생도 높고 그리고 기한에 맞추지 못하는 업무는 한참 뒤떨어져 있고 왜냐하면 같은 생산 라인을 여러 개 여러 사람들이 쪼개서 그것들을 이용하다 보니까 계획성 없게 진행해서 결과적으로는 업무 순위가 순위적으로 가장 중요한 업무를 먼저 해결해야 되는데 그것이 아니라 먼저 부탁한 사람 거를 하다 보면 기한이 앞에 있는 것들을 뒤로 미루게 되는 그런 앞뒤가 전도되는 그런 이상한 상황이 생겨서 어 아주 불량 발생률 뿐 아니라 납기 기한도 맞추기 어려운 그런 일이 반복되고 있었습니다. 그래서 제가 제 생각에는 이것들을 맞추기 위해서는 업무 순위를 파악하고 그리고 정보를 공유하고 무엇이 먼저 진행돼야 되고 어떤 기한을 먼저 맞춰야 되는지 기한 파악을 하는 그런 과정들이 아무리 서로 다른 프로젝트를 진행하더라도 공유되어야 한다고 생각해서 그런 회의들을 매일매일 정례화하고 어 의무화해서 서로 그 자기들이 하고 있는 업무가 어느 정도 순위에 있는지를 파악하고 서로 양보하고 미루고 조정하는 과정들을 정확하게 기록하고 시스템으로 구축해야 된다 라는 것을 제안했습니다. 어 그것이 잘 되어 있지 않았기 때문에 회사는 몸집은 커졌는데 계속해서 클레임이 나고 어 생산성이 떨어지는 중이었기 때문에 그런 문제는 반드시 해결해야 될 상황이었고 그 시스템으로 구축한 이후에는 생산성 향상이 어 크게 되었습니다.","wordCount":216},"emotion":[],"intent":[{"text":"","expression":"","category":"attitude"}],"summary":{"text":"이전 근무했던 중소기업은 생산 관리팀이 있고 각 담당들이 일감을 가지고 업무를 나누어서 하는 회사였는데요. 그래서인지 중간에 불량률 발생도 높고 기한에 맞추지 못하는 업무는 한참 뒤떨어져 있었습니다. 그래서 회의를 정례화하고 의무화해서 서로 양보하고 미루고 조정하는 과정들을 정확하게 기록하고 시스템으로 구축해야 한다는 것을 제안했습니다. 그 시스템 구축 이후에는 생산성 향상이 크게 되었습니다.","wordCount":50}}},"rawDataInfo":{"question":{"fileFormat":"wav","fileSize":419278,"duration":13100,"samplingBit":16,"channelCount":1,"samplingRate":"16kHz","audioPath":"/Mock/07.ProductionManufacturing/Female/Experienced/ckmk_q_mm_f_e_288031.wav"},"answer":{"fileFormat":"wav","fileSize":3821518,"duration":119420,"samplingBit":16,"channelCount":1,"samplingRate":"16kHz","audioPath":"/Mock/07.ProductionManufacturing/Female/Experienced/ckmk_a_mm_f_e_288031.wav"}}}