{"version":"1.0","dataSet":{"info":{"date":"20230116","occupation":"MM","channel":"MOCK","place":"ONLINE","gender":"FEMALE","ageRange":"45-54","experience":"EXPERIENCED"},"question":{"raw":{"text":"시험 기간에 시간이 촉박할 때는 시간 관리를 어떻게 하셨나요 면접자님의 시간 관리법에 대해서 말씀해 주세요","wordCount":15},"emotion":[],"intent":[]},"answer":{"raw":{"text":"시간이 촉박할 때는 제가 해야 될 과제들을 중요도에 따라서 난이도에 따라서 또 제가 그걸 해내는 데 들어가는 시간에 따라서 순서대로 정리를 한 다음 가장 난이도가 높고 중요성도 높고 시간도 많이 들어갈 과제 중심으로 플래너에 먼저 우선 크게 어 그것을 우선해서 시간표를 짠 다음 나머지 그 아래에 하위의 것들을 사이사이 시간에 맞게 빠르게 재배치하고 그리고 어 나머지 중요도도 좀 덜하고 시간도 빠르게 얼른 해결할 수 있는 문제들은 어 가장 밑에 따로 남는 시간들에 놔두어서 제가 휴식을 취하기로 남겨놨던 자투리 시간이라든지 아니면 업무 시간 내에 공부 시간 내에 틈틈히 할 수 있는 공부들로 남겨놔서 마무리할 시기가 됐을 때 어 크고 어려운 일들이 해결되어 있다면 그 작은 일들은 언제든지 잘 할 수 있게끔 그렇게 배치를 해 놓고 관리하겠습니다. 그렇게 하면 그래도 가장 어 달성률이 높은 시간 관리법이 될 것이기 때문에 저는 그렇게 해오고 있습니다.","wordCount":131},"emotion":[],"intent":[{"text":"","expression":"","category":"attitude"}],"summary":{"text":"시간이 촉박할 때는 과제 중심으로 시간표를 짠 다음 나머지 하위의 것들을 사이사이 시간에 맞게 빠르게 재배치하고 나머지 중요도도 덜하고 시간도 빠르게 해결할 수 있는 문제들은 자투리 시간, 업무 시간 내에 할 수 있는 공부들로 남겨놨는데 그 작은 일들은 언제든지 잘 할 수 있게 배치해 놓고 관리하겠습니다.","wordCount":46}}},"rawDataInfo":{"question":{"fileFormat":"wav","fileSize":296078,"duration":9250,"samplingBit":16,"channelCount":1,"samplingRate":"16kHz","audioPath":"/Mock/07.ProductionManufacturing/Female/Experienced/ckmk_q_mm_f_e_288268.wav"},"answer":{"fileFormat":"wav","fileSize":2475598,"duration":77360,"samplingBit":16,"channelCount":1,"samplingRate":"16kHz","audioPath":"/Mock/07.ProductionManufacturing/Female/Experienced/ckmk_a_mm_f_e_288268.wav"}}}