{"version":"1.0","dataSet":{"info":{"date":"20230116","occupation":"MM","channel":"MOCK","place":"ONLINE","gender":"FEMALE","ageRange":"-34","experience":"EXPERIENCED"},"question":{"raw":{"text":"본인 스스로가 생각했을 때 본인은 숫자와 창의 중에 어떤 것에 더 가까운 사람이라고 생각하시나요 그렇게 생각하시는 이유도 말씀해 주시겠어요","wordCount":19},"emotion":[],"intent":[]},"answer":{"raw":{"text":"저는 숫자와 창의 중에는 숫자에 조금 가까운 것 같습니다. 아무래도 저희가 생산 쪽에 있다 보니까 그런 수리적인 것으로는 굉장히 정확해야 된다 라는 조금의 강박도 있기 때문인데요. 실제로 그래서 저는 약간 창의적이라기보다는 조금은 수리적이다 라는 이야기를 굉장히 많이 들었었습니다. 그리고 어떠한 일을 해결할 때도 조금은 창의적으로 이거를 해야지 라기보다는 에프엠 대로 약간은 시킨 대로 이걸 정확하게 했는데 안 됐다 라고 했을 때 제가 따로 생각을 해보곤 했었는데요. 그래서 그런 저의 성향적인 거를 비추어 봤을 때는 저는 창의보다는 숫자에 조금은 더 가까운 사람이다 라고 말씀드릴 수 있을 것 같습니다.","wordCount":87},"emotion":[],"intent":[{"text":"그래서 그런 저의 성향적인 거를 비추어 봤을 때는 저는 창의보다는 숫자에 조금은 더 가까운 사람이다 라고 말씀드릴 수 있을 것 같습니다.","expression":"c_person","category":"background"}],"summary":{"text":"생산 쪽에 있어 수리적인 것으로는 정확해야 된다는 강박 때문에 저는 숫자와 창의 중에는 숫자에 조금 더 가까운 것 같습니다. 성향적인 걸 비추어 봤을 때는 저는 숫자에 조금은 더 가까운 사람이라고 말씀드리겠습니다.","wordCount":31}}},"rawDataInfo":{"question":{"fileFormat":"wav","fileSize":353358,"duration":11040,"samplingBit":16,"channelCount":1,"samplingRate":"16kHz","audioPath":"/Mock/07.ProductionManufacturing/Female/Experienced/ckmk_q_mm_f_e_222275.wav"},"answer":{"fileFormat":"wav","fileSize":1532238,"duration":47880,"samplingBit":16,"channelCount":1,"samplingRate":"16kHz","audioPath":"/Mock/07.ProductionManufacturing/Female/Experienced/ckmk_a_mm_f_e_222275.wav"}}}