{"version":"1.0","dataSet":{"info":{"date":"20230116","occupation":"MM","channel":"MOCK","place":"ONLINE","gender":"FEMALE","ageRange":"45-54","experience":"EXPERIENCED"},"question":{"raw":{"text":"지원자님께서는 차단기에 정의에 대해 알고 계신가요 차단기란 무엇이고 어떤 기능을 하는 기계일까요 지원자님께서 아는 만큼 설명해 주세요","wordCount":17},"emotion":[],"intent":[]},"answer":{"raw":{"text":"차단기는 일정 정도 흐르기로 되어있는 전류 그러니까 정격 전압이라는 것이 정해져 있는데 어 그 전류가 정격 전압 이상의 전류가 감지되었을 때 자동으로 전류를 차단해서 전류를 끊어지게 하는 것을 차단기의 정의라고 알고 있습니다. 어 차단기는 어 정상적인 상황에서 전류가 적정량의 흐름을 가지고 흐를 때는 아무런 문제가 없지만 만약 이상 상황에서 어 누전이 된다든지 해서 필요 이상 위험할 수 있는 그 기계가 수용할 수 있는 이상의 전류가 흘러서 어 위험한 상황이 될 수 있는 상황을 미리 알아서 전류 차단을 통해서 그런 사고를 미연에 방지하고자 그런 기능을 하기 위해서 만들어진 것이 차단기입니다.","wordCount":89},"emotion":[{"text":"차단기는 일정 정도 흐르기로 되어있는 전류 그러니까 정격 전압이라는 것이 정해져 있는데 어 그 전류가 정격 전압 이상의 전류가 감지되었을 때 자동으로 전류를 차단해서 전류를 끊어지게 하는 것을 차단기의 정의라고 알고 있습니다.","expression":"u-fact","category":"neutral"},{"text":"어 차단기는 어 정상적인 상황에서 전류가 적정량의 흐름을 가지고 흐를 때는 아무런 문제가 없지만 만약 이상 상황에서 어 누전이 된다든지 해서 필요 이상 위험할 수 있는 그 기계가 수용할 수 있는 이상의 전류가 흘러서 어 위험한 상황이 될 수 있는 상황을 미리 알아서 전류 차단을 통해서 그런 사고를 미연에 방지하고자 그런 기능을 하기 위해서 만들어진 것이 차단기입니다.","expression":"u-fact","category":"neutral"}],"intent":[{"text":"차단기는 일정 정도 흐르기로 되어있는 전류 그러니까 정격 전압이라는 것이 정해져 있는데 어 그 전류가 정격 전압 이상의 전류가 감지되었을 때 자동으로 전류를 차단해서 전류를 끊어지게 하는 것을 차단기의 정의라고 알고 있습니다.","expression":"f_equip","category":"technology"},{"text":"어 차단기는 어 정상적인 상황에서 전류가 적정량의 흐름을 가지고 흐를 때는 아무런 문제가 없지만 만약 이상 상황에서 어 누전이 된다든지 해서 필요 이상 위험할 수 있는 그 기계가 수용할 수 있는 이상의 전류가 흘러서 어 위험한 상황이 될 수 있는 상황을 미리 알아서 전류 차단을 통해서 그런 사고를 미연에 방지하고자 그런 기능을 하기 위해서 만들어진 것이 차단기입니다.","expression":"f_equip","category":"technology"}],"summary":{"text":"정격 전압 이상의 전류가 감지되었을 때 자동으로 전류를 차단해서 전류를 끊어지게 하는 것이 차단기의 정의입니다. 차단기는 누전 등 위험한 상황이 될 수 있는 상황을 미리 예측하여 사고를 미연에 방지하고자 만들어졌습니다.","wordCount":30}}},"rawDataInfo":{"question":{"fileFormat":"wav","fileSize":508878,"duration":15900,"samplingBit":16,"channelCount":1,"samplingRate":"16kHz","audioPath":"/Mock/07.ProductionManufacturing/Female/Experienced/ckmk_q_mm_f_e_239683.wav"},"answer":{"fileFormat":"wav","fileSize":2099598,"duration":65610,"samplingBit":16,"channelCount":1,"samplingRate":"16kHz","audioPath":"/Mock/07.ProductionManufacturing/Female/Experienced/ckmk_a_mm_f_e_239683.wav"}}}