{"version":"1.0","dataSet":{"info":{"date":"20230116","occupation":"MM","channel":"MOCK","place":"ONLINE","gender":"FEMALE","ageRange":"45-54","experience":"EXPERIENCED"},"question":{"raw":{"text":"무언가를 달성하기 위해 목표를 세우고 이 삼 년간 열심히 노력해서 그 목표를 달성해 본 경험이 있다면 그때의 경험에 대해서 말씀해 주세요","wordCount":21},"emotion":[],"intent":[]},"answer":{"raw":{"text":"목표를 달성하기 위해 이 삼 년 간 열심히 노력한 것은 제가 처음 이 직장에 전혀 제가 전공한 것과는 관련이 없는 분야의 어 일을 시작하면서 단순한 생산 라인에서 기계를 프로그래밍하는 일을 배웠습니다. 처음에 제가 이것을 잘 할 수 있을까 알 수 없었지만 어쨌든 꾸준히 하면 잘 해낼 수 있다고 생각해서 열심히 이 삼 년간 노력했고 점차 프로그램을 하는 속도도 늘어나고 그리고 제가 프로그램은 어 그 기계 설비가 어 정확하게 작동을 해서 원하는 결과물을 얻을 수 있는 상황이 되어지기까지 한 그 정도의 시간이 걸렸습니다. 음 그리고 이제 그것과는 관계없이 어 제가 공부하고 있는 외국어 공부도 어 꾸준히 공부하고 있어서 제가 원하는 인증 점수를 따기 위해서 목표를 세우고 그 어 말하자면 텍스 점수를 딱 해서 택스 공부를 열심히 했고 텍스 점수를 제가 원하는 어 점수인 어 팔백 점 때 칠 팔백 점 때 텍스 점수를 내기에 이 삼 년 동안 열심히 노력을 기울여서 팔백 삼십 점의 텍스 점수를 낸 경험이 있습니다.","wordCount":148},"emotion":[],"intent":[{"text":"처음에 제가 이것을 잘 할 수 있을까 알 수 없었지만 어쨌든 꾸준히 하면 잘 해낼 수 있다고 생각해서 열심히 이 삼 년간 노력했고 점차 프로그램을 하는 속도도 늘어나고 그리고 제가 프로그램은 어 그 기계 설비가 어 정확하게 작동을 해서 원하는 결과물을 얻을 수 있는 상황이 되어지기까지 한 그 정도의 시간이 걸렸습니다.","expression":"f_resp","category":"attitude"},{"text":"음 그리고 이제 그것과는 관계없이 어 제가 공부하고 있는 외국어 공부도 어 꾸준히 공부하고 있어서 제가 원하는 인증 점수를 따기 위해서 목표를 세우고 그 어 말하자면 텍스 점수를 딱 해서 택스 공부를 열심히 했고 텍스 점수를 제가 원하는 어 점수인 어 팔백 점 때 칠 팔백 점 때 텍스 점수를 내기에 이 삼 년 동안 열심히 노력을 기울여서 팔백 삼십 점의 텍스 점수를 낸 경험이 있습니다.","expression":"f_resp","category":"attitude"}],"summary":{"text":"전공과 무관한 분야의 일을 시작하면서 기계를 프로그래밍하는 일을 배웠습니다. 꾸준히 노력을 해서 원하는 결과물을 얻을 수 있는 시간이 걸렸습니다. 그리고 외국어도 꾸준히 공부해서 원하는 인증 점수를 따기 위해 목표를 세우고 열심히 노력해서 텍스 점수를 낸 경험이 있습니다.","wordCount":37}}},"rawDataInfo":{"question":{"fileFormat":"wav","fileSize":373838,"duration":11680,"samplingBit":16,"channelCount":1,"samplingRate":"16kHz","audioPath":"/Mock/07.ProductionManufacturing/Female/Experienced/ckmk_q_mm_f_e_266936.wav"},"answer":{"fileFormat":"wav","fileSize":2330318,"duration":72820,"samplingBit":16,"channelCount":1,"samplingRate":"16kHz","audioPath":"/Mock/07.ProductionManufacturing/Female/Experienced/ckmk_a_mm_f_e_266936.wav"}}}