{"version":"1.0","dataSet":{"info":{"date":"20230116","occupation":"MM","channel":"MOCK","place":"ONLINE","gender":"FEMALE","ageRange":"45-54","experience":"EXPERIENCED"},"question":{"raw":{"text":"지원자님께서 지금까지 살아오면서 새로운 환경에서 전혀 몰랐던 일을 맡아서 해야 했던 경험이 있다면 어떠한 경험이 있는지 소개해 주시기 바랍니다","wordCount":19},"emotion":[],"intent":[]},"answer":{"raw":{"text":"사람이 살아가면서 자기가 모르는 분야 또는 새로운 환경을 접하게 되는 데가 많은 것 같습니다. 저는 사무실에서 하는 일을 매우 선호했었는데요. 어느 날 갑자기 영업을 하게 되었습니다. 제가 모르는 분야였고 제가 생각도 해보지 않았던 분야였기 때문에 매우 처음에는 당황스럽기도 했었습니다. 하지만 어 영업이라는 일이 앞으로 장래성이 있다고 생각이 되었고요. 또 해내야 된다고 생각을 했기 때문에 열심히 했습니다. 그래서 고객의 니즈에 맞게 어 서비스를 한다는 것이 어떤 것인지 또 어 경제활동에 있어서 영업이라는 활동이 얼마나 중요한지를 깨닫게 되는 기회가 되었던 것 같습니다.","wordCount":80},"emotion":[],"intent":[{"text":"","expression":"","category":"attitude"}],"summary":{"text":"저는 사무실 일을 선호했지만, 갑자기 영업을 하게 되었습니다. 처음에는 당황스러웠지만 장래성이 있다고 생각되어 열심히 했습니다. 그래서 고객의 니즈에 맞게 서비스를 한다는 것, 경제활동에서 영업의 중요성에 대해 깨달았습니다.","wordCount":27}}},"rawDataInfo":{"question":{"fileFormat":"wav","fileSize":416078,"duration":13000,"samplingBit":16,"channelCount":1,"samplingRate":"16kHz","audioPath":"/Mock/07.ProductionManufacturing/Female/Experienced/ckmk_q_mm_f_e_282605.wav"},"answer":{"fileFormat":"wav","fileSize":1728718,"duration":54020,"samplingBit":16,"channelCount":1,"samplingRate":"16kHz","audioPath":"/Mock/07.ProductionManufacturing/Female/Experienced/ckmk_a_mm_f_e_282605.wav"}}}