{"version":"1.0","dataSet":{"info":{"date":"20230116","occupation":"MM","channel":"MOCK","place":"ONLINE","gender":"FEMALE","ageRange":"45-54","experience":"EXPERIENCED"},"question":{"raw":{"text":"만약 지원자님께서 게임 속 캐릭터라면 어떤 게임에서 어떤 역할을 맡아서 수행하고 싶으신지 궁금한데요 이유와 함께 설명해 주시기 바랍니다","wordCount":18},"emotion":[],"intent":[]},"answer":{"raw":{"text":"현실 세계가 아닌 게임 속 캐릭터라면 누구나 한 번쯤 영웅이 되고 싶을 텐데 저도 게임 속에서 자연 환경이 파괴되어 지구가 병들어가는 가운데 지구를 구할 수 있는 방법을 찾아내는 그런 영웅 같은 히어로 캐릭터가 돼 보고 싶습니다. 현실 속에서는 실현 불가능하지만 죽어가는 지구에서 멸종 위기 동물들을 구하고 이미 사라진 자원들을 다시 복원시키구 썩어서 어 오 폐수처럼 변해버린 강을 복원시키는 일들에 나서서 그것들을 마법 같은 힘으로 어떠한 과제를 수행함으로써 제자 제 자리로 복원시키는 그런 캐릭터를 맡아서 그런 역할을 해보고 싶습니다.","wordCount":78},"emotion":[],"intent":[{"text":"","expression":"","category":"attitude"}],"summary":{"text":"현실 세계가 아닌 게임 속 캐릭터라면 누구나 한 번쯤 영웅 같은 히어로 캐릭터가 돼 보고 싶습니다. 현실에서는 실현 불가능하지만 멸종 위기 동물들을 구하고 사라진 자원들을 복원시키는 그런 역할을 맡아서 그런 역할을 해보고 싶습니다","wordCount":33}}},"rawDataInfo":{"question":{"fileFormat":"wav","fileSize":489038,"duration":15280,"samplingBit":16,"channelCount":1,"samplingRate":"16kHz","audioPath":"/Mock/07.ProductionManufacturing/Female/Experienced/ckmk_q_mm_f_e_239833.wav"},"answer":{"fileFormat":"wav","fileSize":1973838,"duration":61680,"samplingBit":16,"channelCount":1,"samplingRate":"16kHz","audioPath":"/Mock/07.ProductionManufacturing/Female/Experienced/ckmk_a_mm_f_e_239833.wav"}}}