{"version":"1.0","dataSet":{"info":{"date":"20230116","occupation":"MM","channel":"MOCK","place":"ONLINE","gender":"FEMALE","ageRange":"45-54","experience":"EXPERIENCED"},"question":{"raw":{"text":"지원자님께서 지금까지 인생을 살면서 가장 후회되는 일이 있다면 어떤 일일지 궁금한데요 한 가지만 골라서 구체적으로 말씀해 주시기 바랍니다","wordCount":18},"emotion":[],"intent":[]},"answer":{"raw":{"text":"인생을 살면서 가장 후회되는 일이 있다면 제가 어 유학을 갈 수도 있었던 시기에 유학을 가지 않고 어 결혼을 먼저 하기로 결정했던 일을 후회합니다. 제가 당시에 함께 공부하던 친구와 유학을 갈 것인지 아니면 그 당시에 결혼을 할 상태와 결혼을 해서 가정을 꾸릴 것인지에 대해 고민을 할 때 저는 가정을 선택했습니다. 물론 가정을 선택한 결과에 대해서 저는 참 좋은 가정을 꾸렸지만 어 제가 유학을 가서 제 자신이 할 수 있는 일들을 어 역량을 넓혔다면 아주 많은 것들을 또 저 자신에 능력에 있어서는 얻을 수 있었던 시기였다는 어 후회가 됩니다. 결혼을 쪼금 더 뒤로 미루고 제 자신의 발전을 먼저 어 생각하고 공부를 열심히 할 수 있는 시기는 어 그때가 가장 적절한 시기였다는 생각을 하니 어 공부를 더 할 수 있었던 기회를 제가 어 잡지 못했었다는 후회가 돼서 약간 그 부분이 후회됩니다.","wordCount":128},"emotion":[],"intent":[{"text":"","expression":"","category":"attitude"}],"summary":{"text":"인생에서 가장 후회되는 일이 있다면 유학을 갈 수도 있었던 시기에 결혼을 먼저 하기로 결정했던 일을 후회합니다. 결혼을 좀 더 뒤로 미루고 제 자신의 발전을 먼저 생각하고 공부를 열심히 할 수 있는 시기가 가장 적절했다는 생각을 하니 약간 그 부분이 후회됩니다.","wordCount":40}}},"rawDataInfo":{"question":{"fileFormat":"wav","fileSize":657678,"duration":20550,"samplingBit":16,"channelCount":1,"samplingRate":"16kHz","audioPath":"/Mock/07.ProductionManufacturing/Female/Experienced/ckmk_q_mm_f_e_288269.wav"},"answer":{"fileFormat":"wav","fileSize":2389838,"duration":74680,"samplingBit":16,"channelCount":1,"samplingRate":"16kHz","audioPath":"/Mock/07.ProductionManufacturing/Female/Experienced/ckmk_a_mm_f_e_288269.wav"}}}