{"version":"1.0","dataSet":{"info":{"date":"20230116","occupation":"MM","channel":"MOCK","place":"ONLINE","gender":"FEMALE","ageRange":"45-54","experience":"EXPERIENCED"},"question":{"raw":{"text":"면접자님께선 직무 수행 시 난관에 봉착하게 됐다면 어떻게 해결하실지 지원자님만의 해결법과 이유에 대해 말씀 부탁드립니다","wordCount":15},"emotion":[],"intent":[]},"answer":{"raw":{"text":"어 직무 시 난관에 봉착했다면 그것은 제가 해결할 수 없는 상황이라고 생각을 합니다. 어 그렇지 않으면 바로 해결을 했겠죠. 어 그렇기 때문에 일단은 저희 상사에게 일단 공유를 하고 보고를 하는 게 맞는 것 같습니다. 뭐 제어의 실수이던 아니던 그거는 추후 문제이고 일단 문제가 생겼을 때는 빨리 해결하는 것이 우선이기 때문에 일단 저희 상사에게 이야기를 해서 도움을 요청하고 문제를 해결하도록 하겠습니다. 그리고 그 이후에는 이런 문제가 어떻게 해결을 해야 되는 것인지 좀 배워서 다음번에는 비슷한 문제에 발 발생을 한다면 반드시 제가 혼자 스스로 해결할 수 있도록 좀 대비를 철저히 하는 것을 어 목표로 하겠습니다.","wordCount":93},"emotion":[],"intent":[{"text":"","expression":"","category":"attitude"}],"summary":{"text":"문제 발생 시 빨리 해결하는 것이 우선이므로 일단 상사에게 이야기를 해서 도움을 요청하고 문제를 해결하도록 하겠습니다. 그 이후에는 어떻게 해결을 해야 되는 것인지 좀 배워서 다음번에는 반드시 제가 혼자 해결할 수 있도록 대비를 철저히 하는 것을 목표하겠습니다.","wordCount":37}}},"rawDataInfo":{"question":{"fileFormat":"wav","fileSize":403918,"duration":12620,"samplingBit":16,"channelCount":1,"samplingRate":"16kHz","audioPath":"/Mock/07.ProductionManufacturing/Female/Experienced/ckmk_q_mm_f_e_301363.wav"},"answer":{"fileFormat":"wav","fileSize":1451598,"duration":45360,"samplingBit":16,"channelCount":1,"samplingRate":"16kHz","audioPath":"/Mock/07.ProductionManufacturing/Female/Experienced/ckmk_a_mm_f_e_301363.wav"}}}