{"version":"1.0","dataSet":{"info":{"date":"20230116","occupation":"MM","channel":"MOCK","place":"ONLINE","gender":"FEMALE","ageRange":"45-54","experience":"EXPERIENCED"},"question":{"raw":{"text":"지원자님께서는 지금까지 여러 가지 대외 활동들을 경험해 보셨을 텐데요 지원자님이 경험했던 대외 활동들 중에서 어떤 것들을 배웠고 또 어떤 자세로 임했는지 답변해 주시기 바랍니다","wordCount":24},"emotion":[],"intent":[]},"answer":{"raw":{"text":"대외 활동을 하면서 회사에서는 배울 수 없는 다른 것들을 좀 많이 배웠는데요. 제가 지금 기억에 남는 대외 활동은 연말에 어 어려운 분들을 돕기 위한 자선 어 바자회를 진행했던 것입니다. 회사에서 모아 모아 놓은 물건을 가지고 어 판매를 했었는데요. 어 그때 좀 성향들이 보였던 것 같아요. 어 생각보다 지위도 있고 그것도 많이 받으시는 분들은 좀 인색한 경우도 있었고 오히려 뭐 저희가 쫌 어려운 상황이다 형편을 생각했던 경비 아저씨 께서 큰 금액을 조금 흔쾌히 내놓으셨던 그런 경험이 있습니다. 어 그래서 어떤 사람을 돕는 마음에는 지위나 경제적 부와는 전혀 상관이 없는 어 그런 것을 좀 많이 느껴서 느낀 바도 많고 또 어떤 사람의 겉모습 이런 것으로 어떤 사람의 마음을 평가하면 안 되겠구나 어 그리고 또 가진 분 그분한테 조금 실망을 했던 예 그런 경험이 있습니다. 바자회는 성공리에 끝냈고 또 그러면서 쪼금 경비원분을 볼 때마다 좀 다른 시각으로 존경하는 마음이 생겼던 아 그랬던 경험이 있습니다.","wordCount":141},"emotion":[{"text":"바자회는 성공리에 끝냈고 또 그러면서 쪼금 경비원분을 볼 때마다 좀 다른 시각으로 존경하는 마음이 생겼던 아 그랬던 경험이 있습니다.","expression":"p-affection","category":"positive"}],"intent":[{"text":"","expression":"","category":"attitude"}],"summary":{"text":"대외 활동을 하면서 회사에서는 배울 수 없는 것들을 많이 배웠는데, 특히 연말에 어려운 분들을 돕기 위한 자선 바자회를 진행했던 것이 기억에 남습니다. 바자회는 성공리에 끝냈고 또 경비원분을 볼 때마다 다른 시각으로 존경하는 마음이 생겼던 경험이 있습니다.","wordCount":36}}},"rawDataInfo":{"question":{"fileFormat":"wav","fileSize":507278,"duration":15850,"samplingBit":16,"channelCount":1,"samplingRate":"16kHz","audioPath":"/Mock/07.ProductionManufacturing/Female/Experienced/ckmk_q_mm_f_e_301367.wav"},"answer":{"fileFormat":"wav","fileSize":2754638,"duration":86080,"samplingBit":16,"channelCount":1,"samplingRate":"16kHz","audioPath":"/Mock/07.ProductionManufacturing/Female/Experienced/ckmk_a_mm_f_e_301367.wav"}}}