{"version":"1.0","dataSet":{"info":{"date":"20230116","occupation":"MM","channel":"MOCK","place":"ONLINE","gender":"FEMALE","ageRange":"45-54","experience":"EXPERIENCED"},"question":{"raw":{"text":"지원자님은 회사의 덕목이 무엇이라고 생각하세요 어떤 회사가 좋은 회사라고 생각하시는지 구체적으로 말씀 부탁드립니다","wordCount":13},"emotion":[],"intent":[]},"answer":{"raw":{"text":"회사에 덕목은 어 이윤에 극대화를 추구하는 것이 덕목이 되어서는 안 된다고 생각합니다. 좋은 회사란 어 그 회사가 속해 있는 공동체에 좋은 영향을 끼치는 회사 이것이 좋은 회사이고 장기적으로 봤을 때 좋은 영향력을 발휘한다는 그런 이미지를 구축할 수만 있다면 그 회사는 아주 오랫동안 어 유지되고 발전할 수 있을 것입니다. 그렇다면 좋은 회사가 그 사람들에게 좋은 영향을 미칠 수 있는 그런 어 저변에는 무엇이 있을까 생각해보면 회사 자체가 윤리적인 어 가치를 추구할 때 윤리적인 어 가치를 추구하고 있다고 사람들이 인정할 수 있을 때 좋은 회사라고 평가받을 수 있을 거 같습니다. 일단 어 사람들에게 이익을 끼치고 좋은 영향을 미치는 어 어떤 원칙에 맞는 그 회사 추구하는 가치관에 입각한 원칙에 맞는 어 좋은 일들을 계속 꾸준히 해야 할 것이고 그리고 회사 안에 있는 구성원들에게 어 같이 일해 가는 사람으로서 좋은 분위기에서 함께 일하는 공동체로서의 어 권리를 행사할 수 있도록 배려해 줄 수 있는 그런 분위기 회사가 된다면 회사 안에 있는 사람들이나 회사 밖에 있는 사람이나 최소한의 윤리적인 어떤 가치를 지키는 어 그런 모습을 회사에서 볼 수 있을 것입니다. 어 그것이 회사와 가장 오랫동안 어 사람들에게 좋은 영향을 미치는 방법이라고 생각합니다. 윤리적인 기업이 가장 중요한 덕목이라고 생각합니다.","wordCount":182},"emotion":[],"intent":[{"text":"","expression":"","category":"attitude"}],"summary":{"text":"좋은 회사란 공동체에 좋은 영향을 끼치는 회사이고 장기적으로 봤을 때 좋은 영향력을 발휘한다는 이미지를 구축할 수 있다면 그 회사는 아주 오랫동안 유지되고 발전할 수 있을 것입니다. 회사 자체가 윤리적인 가치를 추구하고 있다고 사람들이 인정할 때 좋은 회사라고 평가받을 수 있을 것 같습니다. 윤리적인 기업이 가장 중요한 덕목이라고 생각합니다.","wordCount":48}}},"rawDataInfo":{"question":{"fileFormat":"wav","fileSize":616398,"duration":19260,"samplingBit":16,"channelCount":1,"samplingRate":"16kHz","audioPath":"/Mock/07.ProductionManufacturing/Female/Experienced/ckmk_q_mm_f_e_288265.wav"},"answer":{"fileFormat":"wav","fileSize":3670478,"duration":114700,"samplingBit":16,"channelCount":1,"samplingRate":"16kHz","audioPath":"/Mock/07.ProductionManufacturing/Female/Experienced/ckmk_a_mm_f_e_288265.wav"}}}