{"version":"1.0","dataSet":{"info":{"date":"20230116","occupation":"MM","channel":"MOCK","place":"ONLINE","gender":"FEMALE","ageRange":"45-54","experience":"EXPERIENCED"},"question":{"raw":{"text":"커뮤니케이션을 잘 할 수 있는 본인만의 스킬이 있다면 그것에 대해서 저희에게 한번 보여주시겠어요","wordCount":13},"emotion":[],"intent":[]},"answer":{"raw":{"text":"커뮤니케이션을 잘 할 수 있는 나만의 스킬은 특별하게 없고 저는 항상 미소 띤 얼굴로 어 경청합니다. 어떤 사람과의 커뮤니케이션을 잘 하려면 신뢰감 있는 태도를 보여 줘야 되는데 그것은 경청과 미소 라고 생각합니다. 어 웃는 얼굴로 어 그 사람의 눈을 응시하고 그 상대방이 하는 이야기를 잘 귀담아 듣고 기억하고 그것에 반응하는 거 그리고 공통의 관심사가 무엇인지 잘 파악해 놨다가 서로 같은 관심사에 대해서 어 그 화젯거리를 가지고 이야기를 시작하는 거 그것만으로 충분히 커뮤니케이션에 어떤 깊이를 더 할 수 있다고 생각합니다. 가벼운 가벼운 어떤 어 느낌만을 가진 커뮤니케이션의 의미가 없고 저의 저와 같은 경우에는 어떤 사람과 인간관계에서 커뮤니케이션을 정말 하고 싶은 사람이 생긴다면 그 커뮤니케이션 대상자에게는 신뢰감 있는 경청과 어 그리고 따뜻한 태도 그리고 관심 서로 함께 공동의 관심사를 가지고 공답 공감하는 대화를 이끌어 내는 것이 가장 좋은 스킬이라고 그렇게 믿고 있습니다.","wordCount":130},"emotion":[],"intent":[{"text":"","expression":"","category":"attitude"}],"summary":{"text":"커뮤니케이션을 잘 하기 위한 나만의 스킬은 경청과 미소입니다. 커뮤니케이션 대상자에게 신뢰감 있는 태도를 보여주는 것이 커뮤니케이션에 깊이를 더할 수 있다고 생각합니다. 경청, 따뜻한 태도, 관심, 공동의 관심사를 가지고 공답 공감하는 대화를 이끌어 내는 것이 가장 좋은 스킬이라고 생각합니다.","wordCount":38}}},"rawDataInfo":{"question":{"fileFormat":"wav","fileSize":261198,"duration":8160,"samplingBit":16,"channelCount":1,"samplingRate":"16kHz","audioPath":"/Mock/07.ProductionManufacturing/Female/Experienced/ckmk_q_mm_f_e_208871.wav"},"answer":{"fileFormat":"wav","fileSize":2756238,"duration":86130,"samplingBit":16,"channelCount":1,"samplingRate":"16kHz","audioPath":"/Mock/07.ProductionManufacturing/Female/Experienced/ckmk_a_mm_f_e_208871.wav"}}}