{"version":"1.0","dataSet":{"info":{"date":"20230116","occupation":"MM","channel":"MOCK","place":"ONLINE","gender":"FEMALE","ageRange":"45-54","experience":"EXPERIENCED"},"question":{"raw":{"text":"지원자님께서는 나만의 스트레스 해소법이 있으신지 만약에 있으시다면 왜 그런 방법으로 스트레스를 해소하시는지도 말씀해 주시기 바랍니다","wordCount":15},"emotion":[],"intent":[]},"answer":{"raw":{"text":"저만의 스트레스 해소법은 몇 가지가 있는데 어 머리를 식힐 겸 혼자 오솔 길이나 둘레 길을 산책하는 것입니다. 어 때로는 음악을 들으면서 걷기도 하고 아닐 때는 혼자 조용히 시원한 공기를 깊게 들이 마시면서 심호흡을 하면서 좋은 생각들을 하면서 새 소리도 들으면서 자연에 가깝게 길을 걷다 보면 머리도 맑아지고 좋은 생각들이 마음 속에 생기는 거 같습니다. 그러면 쌓였던 스트레스도 해소가 되고 거기에 더하여 조금 더 격렬한 운동을 해주기도 합니다. 머리가 더 복잡하거나 잊어버리고 싶은 생각이 있을 때는 자전거를 타고 속도를 내어서 두 시간 이상 달린다든지 아니면 땀을 흘리면서 신나게 혼자 에어로빅 동작 같은 걸 하면서 춤을 추면서 땀을 흘리면서 어 신체적인 운동을 열심히 한다든지 하면 또 머리가 맑아지고 기분도 굉장히 좋아지고 새로운 일을 할 수 있는 의욕이 생기기도 합니다.","wordCount":117},"emotion":[],"intent":[{"text":"","expression":"","category":"attitude"}],"summary":{"text":"스트레스 해소법으로는 혼자 오솔 길이나 둘레 길을 산책하는 것이 있습니다. 음악을 들으면서 걷기도 하고 아닐 때는 시원한 공기를 들이 마시며 심호흡을 하면서 좋은 생각들을 하면서 길을 걷다 보면 머리도 맑아지고 좋은 생각들이 마음 속에 생기는 거 같습니다.","wordCount":37}}},"rawDataInfo":{"question":{"fileFormat":"wav","fileSize":500238,"duration":15630,"samplingBit":16,"channelCount":1,"samplingRate":"16kHz","audioPath":"/Mock/07.ProductionManufacturing/Female/Experienced/ckmk_q_mm_f_e_239584.wav"},"answer":{"fileFormat":"wav","fileSize":2657678,"duration":83050,"samplingBit":16,"channelCount":1,"samplingRate":"16kHz","audioPath":"/Mock/07.ProductionManufacturing/Female/Experienced/ckmk_a_mm_f_e_239584.wav"}}}