{"version":"1.0","dataSet":{"info":{"date":"20230116","occupation":"MM","channel":"MOCK","place":"ONLINE","gender":"FEMALE","ageRange":"45-54","experience":"EXPERIENCED"},"question":{"raw":{"text":"저희 회사가 해외 무대로 진출한다면 어디로 진출하는 것이 좋을 것 같으세요 이유도 함께 말씀해 주세요","wordCount":15},"emotion":[],"intent":[]},"answer":{"raw":{"text":"해외 무대로 진출한다면 진출 분야에 따라 이 일이 그 해외 무대로 우리가 진출 이 회사가 진출하려는 그곳에서 이 일이 정말 적합한 지를 예측할 수 있는 곳에 진출하는 것이 좋겠다고 생각합니다. 어 어떤 분야의 일이 어떤 상품에 상품을 가지고 어떤 식의 방법으로 어 진출할 것인지 생산 라인이 진출할 것인지 아니면 영업으로 진출할 것인지 이런 것들이 어느 정도 가닥이 잡혀졌을 때 그리고 진출하려는 이유가 무엇인지에 대한 것까지 어 명확하게 가닥이 잡혔을 때 어느 나라로 어느 무대로 진출할지도 아마 다르게 결정이 날 것 같습니다. 지금으로 봐서는 만약에 생산 라인이 진출한다면 가장 물류 비용이 저렴하게 질 수 있는 그리고 노동력도 값싼 곳으로 옮겨 가야 되겠고 첫째는 정치적으로 불안하지 않는 나라로 옮겨가는 게 맞겠구요. 만약에 뭐 영업이라든지 판매직으로 진출을 한다면은 어 우리 상품을 어 정말로 필요로 하는 나라로 진출하는 것이 맞을 것 같습니다. 그런 부분을 차후에 뭐 잘 논의가 돼야 되겠죠. 당장 어떤 제품이 어떤 식으로 어떻게 어 진출할 것인지를 정해 정하지 않은 상태에서 어디가 좋겠다고 말하는 것은 좀 매우 어려운 일인 것 같습니다.","wordCount":159},"emotion":[],"intent":[{"text":"","expression":"","category":"attitude"}],"summary":{"text":"어떤 상품을 가지고 어떤 식의 방법으로 진출할 것인지에 대한 것이 가닥이 잡혀졌을 때 그리고 진출하려는 이유가 무엇인지에 대해 명확하게 가닥이 잡혔을 때 어느 나라로 어느 무대로 진출할지 다르게 결정이 날 것 같습니다. 당장 어떤 제품이 어떤 식으로 진출할 것인지를 정해 정하지 않은 상태에서 어디에 좋겠다고 말하는 것은 좀 어려운 일인 것 같습니다.","wordCount":52}}},"rawDataInfo":{"question":{"fileFormat":"wav","fileSize":341838,"duration":10680,"samplingBit":16,"channelCount":1,"samplingRate":"16kHz","audioPath":"/Mock/07.ProductionManufacturing/Female/Experienced/ckmk_q_mm_f_e_281101.wav"},"answer":{"fileFormat":"wav","fileSize":2707598,"duration":84610,"samplingBit":16,"channelCount":1,"samplingRate":"16kHz","audioPath":"/Mock/07.ProductionManufacturing/Female/Experienced/ckmk_a_mm_f_e_281101.wav"}}}