{"version":"1.0","dataSet":{"info":{"date":"20230116","occupation":"MM","channel":"MOCK","place":"ONLINE","gender":"FEMALE","ageRange":"45-54","experience":"EXPERIENCED"},"question":{"raw":{"text":"만약 시간이 촉박한 상황이 생기게 됐을 때 어떻게 시간 관리를 하시는 편인지 궁금한데요 지원자님만의 시간 관리법에 대해서 설명해 주시기 바랍니다","wordCount":20},"emotion":[],"intent":[]},"answer":{"raw":{"text":"시간이 촉박하면 일에 순서를 나눕니다. 일에 순서를 중요도와 난이도 그리고 제가 그 일을 해결하는 데 있어서 들어갈 시간에 따라서 가장 촉박하고 가장 위급하고 시간이 많이 들어가는 것부터 가장 중요도가 떨어지고 그리고 가장 빠른 시간에 해결할 수 있고 어 일도 쉬운 것으로 순서대로 위에서부터 아래까지 어 정리를 한 다음 가장 촉박한 것들을 중심으로 크게 시간표를 짜고 사이사이에 그 이후에 것들을 다 잘 정리해서 시간을 플래너를 짠 다음 나머지 가장 마지막에 쉽게 해결할 수 있는 일들은 남는 자투리 시간에 어 일을 할 수 있도록 해서 어 쉬는 시간들이라든지 아니면 제가 업무하는 시간 외에 시간을 이용해서라도 해결할 수 있는 일들은 좀 남겨두고 우선 중요한 일들을 해결하는 식으로 순서를 정해서 일을 빠르게 진행할 것입니다.","wordCount":110},"emotion":[],"intent":[{"text":"","expression":"","category":"attitude"}],"summary":{"text":"일에 순서의 중요도와 난이도 그리고 제가 일을 해결하는 데 있어서 들어가는 시간에 따라서 가장 촉박하고 가장 위급하고 시간이 많이 들어가는 것부터 가장 중요도가 떨어지고 그리고 가장 빠른 시간에 해결할 수 있는 것부터 우선 중요한 일들을 해결하는 식의 순서를 정해서 일을 빠르게 진행할 것입니다.","wordCount":43}}},"rawDataInfo":{"question":{"fileFormat":"wav","fileSize":377678,"duration":11800,"samplingBit":16,"channelCount":1,"samplingRate":"16kHz","audioPath":"/Mock/07.ProductionManufacturing/Female/Experienced/ckmk_q_mm_f_e_288266.wav"},"answer":{"fileFormat":"wav","fileSize":2027598,"duration":63360,"samplingBit":16,"channelCount":1,"samplingRate":"16kHz","audioPath":"/Mock/07.ProductionManufacturing/Female/Experienced/ckmk_a_mm_f_e_288266.wav"}}}