{"version":"1.0","dataSet":{"info":{"date":"20230116","occupation":"MM","channel":"MOCK","place":"ONLINE","gender":"FEMALE","ageRange":"45-54","experience":"EXPERIENCED"},"question":{"raw":{"text":"지원자님께서 알고 계시는 육 시그마에 대해 다양한 예시와 비교를 사용하여 최대한 자세하게 설명해 보시기 바랍니다","wordCount":15},"emotion":[],"intent":[]},"answer":{"raw":{"text":"어 제가 알기로 육 시그마는 미국 어 모토롤라 회사가 어 생산성 향상과 품질 개선 향상에서 고전을 면치 못했던 시기에 어 시작된 것으로서 어 저희가 지금은 잘 알고 있는 개념입니다. 어 품질 향상을 하고 생산성의 향상을 가져오기 위해서는 엄청나게 많은 비용이 들어갈 것이라고 생각해서 그것들을 개선하는 것을 두려워 했었던 시절이 있었지만 지금에는 어 많은 비용을 초 초기에 투자해서 혁신을 가져오고 어 그것을 음 생산성을 향상할 수 있는 기획 관리 시스템을 구축하는 것이 어 그래서 생산성 관리를 제대로 하는 것이 결국은 비용적인 측면에서 어 결과물로 나타나는 생산성에서 커다란 향상을 가져올 수 있다는 그 개념이 어 어 식스 시그마입니다. 어 불량률을 줄이고 그리고 생산성에서 납기를 맞추고 그리고 생산해 내는 것들의 물건들이 어 고품질로 바뀌기 위해서는 생산 단계에서 관리를 반드시 해 줘야 된다는 개념입니다 아주 단순하게. 어 그래서 그 관리를 할 수 있는 것을 시스템화하는 것입니다. 중간에 모니터링을 하고 생산성에 문제가 생겼을 때 어디에서 문제가 생겼는지 확인을 하고 그것들을 개선하고 그리고 어 처음부터 기획 관리 단계에서부터 생산 관리가 들어가는 것이 중요하다는 것입니다. 어 실제로 그렇게 했을 때 모토롤라에서는 어 큰 생산성의 향상을 가져왔기 때문에 이것이 이 이론이 정확하게 어 일원화되고 그리고 검증된 것입니다.","wordCount":179},"emotion":[],"intent":[{"text":"어 제가 알기로 육 시그마는 미국 어 모토롤라 회사가 어 생산성 향상과 품질 개선 향상에서 고전을 면치 못했던 시기에 어 시작된 것으로서 어 저희가 지금은 잘 알고 있는 개념입니다.","expression":"f_prod_plan","category":"technology"},{"text":"어 품질 향상을 하고 생산성의 향상을 가져오기 위해서는 엄청나게 많은 비용이 들어갈 것이라고 생각해서 그것들을 개선하는 것을 두려워 했었던 시절이 있었지만 지금에는 어 많은 비용을 초 초기에 투자해서 혁신을 가져오고 어 그것을 음 생산성을 향상할 수 있는 기획 관리 시스템을 구축하는 것이 어 그래서 생산성 관리를 제대로 하는 것이 결국은 비용적인 측면에서 어 결과물로 나타나는 생산성에서 커다란 향상을 가져올 수 있다는 그 개념이 어 어 식스 시그마입니다.","expression":"f_prod_plan","category":"technology"},{"text":"어 불량률을 줄이고 그리고 생산성에서 납기를 맞추고 그리고 생산해 내는 것들의 물건들이 어 고품질로 바뀌기 위해서는 생산 단계에서 관리를 반드시 해 줘야 된다는 개념입니다","expression":"f_prod_plan","category":"technology"},{"text":"중간에 모니터링을 하고 생산성에 문제가 생겼을 때 어디에서 문제가 생겼는지 확인을 하고 그것들을 개선하고 그리고 어 처음부터 기획 관리 단계에서부터 생산 관리가 들어가는 것이 중요하다는 것입니다.","expression":"f_prod_plan","category":"technology"},{"text":"어 실제로 그렇게 했을 때 모토롤라에서는 어 큰 생산성의 향상을 가져왔기 때문에 이것이 이 이론이 정확하게 어 일원화되고 그리고 검증된 것입니다.","expression":"f_prod_plan","category":"technology"}],"summary":{"text":"식스 시그마는 불량률을 줄이고 생산성에서 납기를 맞추고 생산해 내는 것들의 물건들이 고품질로 바뀌기 위해 생산 단계에서 관리를 반드시 해 줘야 한다는 개념입니다. 중간에 모니터링을 하고 생산성에 문제가 생겼을 때 어디에서 문제가 생겼는지 확인하고 개선하고 처음부터 기획 관리 단계에서부터 생산 관리가 들어가는 것이 중요합니다. 실제로 그 때 모토롤라에서 큰 생산성의 향상을 가져왔기 때문에 이것이 이 이론이 정확하게 일원화되고 그리고 검증된 것입니다.","wordCount":60}}},"rawDataInfo":{"question":{"fileFormat":"wav","fileSize":460238,"duration":14380,"samplingBit":16,"channelCount":1,"samplingRate":"16kHz","audioPath":"/Mock/07.ProductionManufacturing/Female/Experienced/ckmk_q_mm_f_e_261462.wav"},"answer":{"fileFormat":"wav","fileSize":3692878,"duration":115400,"samplingBit":16,"channelCount":1,"samplingRate":"16kHz","audioPath":"/Mock/07.ProductionManufacturing/Female/Experienced/ckmk_a_mm_f_e_261462.wav"}}}