{"version":"1.0","dataSet":{"info":{"date":"20230116","occupation":"MM","channel":"MOCK","place":"ONLINE","gender":"FEMALE","ageRange":"45-54","experience":"EXPERIENCED"},"question":{"raw":{"text":"만약에 지원자님께서 지금 지원하신 이 직무가 아닌 다른 부서에 배치되게 된다면 지원자님은 어떻게 하실 생각이십니까 그래도 괜찮으십니까","wordCount":17},"emotion":[],"intent":[]},"answer":{"raw":{"text":"제 생각에 저는 여러 가지 능력을 가지고 있다고 생각합니다. 제가 이 분야를 지원한 것은 제가 가장 하고 싶은 일이기 때문입니다. 하지만 어 제가 어떤 다른 업무를 맡게 된다 하더라도 저는 열심히 해볼 것입니다. 열심히 해서 그것이 나에게 맞도록 만들 수도 있을 것 같은 생각이 듭니다. 지나친 자신감일 수는 있겠지만 어떤 일이든 제가 할 수 없는 일이라고 생각하지는 않기 때문에 무슨 일이든 열심히 해보고 그리고 그 일을 잘 하고 난 다음에 제가 하고 싶었던 다른 일을 또 지원해 볼 것입니다.","wordCount":79},"emotion":[],"intent":[{"text":"제가 이 분야를 지원한 것은 제가 가장 하고 싶은 일이기 때문입니다.","expression":"c_sincere_job","category":"etc"}],"summary":{"text":"저는 여러 가지 능력을 가지고 있다고 생각합니다. 무슨 일이든 열심히 해보고 그 일을 잘 하고 난 후에 제가 하고 싶었던 다른 일을 또 지원해 볼 것입니다.","wordCount":26}}},"rawDataInfo":{"question":{"fileFormat":"wav","fileSize":617038,"duration":19280,"samplingBit":16,"channelCount":1,"samplingRate":"16kHz","audioPath":"/Mock/07.ProductionManufacturing/Female/Experienced/ckmk_q_mm_f_e_282610.wav"},"answer":{"fileFormat":"wav","fileSize":1397518,"duration":43670,"samplingBit":16,"channelCount":1,"samplingRate":"16kHz","audioPath":"/Mock/07.ProductionManufacturing/Female/Experienced/ckmk_a_mm_f_e_282610.wav"}}}