{"version":"1.0","dataSet":{"info":{"date":"20230116","occupation":"MM","channel":"MOCK","place":"ONLINE","gender":"FEMALE","ageRange":"45-54","experience":"EXPERIENCED"},"question":{"raw":{"text":"만약 일을 하던 중에 팀원과 불화가 생긴다면 어떻게 해결하실 건가요 본인의 해결법과 이유에 대해서 구체적으로 말씀해 주세요","wordCount":17},"emotion":[],"intent":[]},"answer":{"raw":{"text":"같은 목표를 가지고 일을 하지만 서로 성격이 다르기 때문에 어 서로 간의 불화가 없을 수는 없을 것입니다. 일을 하는 스타일이나 생각이 많이 다를 수 있겠지요. 우선은 어 그분의 생각을 받아들이도록 노력을 해 보겠습니다. 그리고 그것이 제게 제 생각에 옳지 않다고 생각이 된다면 어 다시 한 번 그 분과 깊은 대화를 하고 저의 주장을 조목조목 말씀드리도록 하겠습니다. 물론 그럴 때 제가 잘못이 있어서 일어난 불화라면 얼른 저의 태도나 행동을 교정하도록 해야 할 것입니다.","wordCount":72},"emotion":[],"intent":[{"text":"","expression":"","category":"attitude"}],"summary":{"text":"같은 목표를 가지고 일을 하지만 성격이 달라서 서로 간의 불화가 있을 수 있습니다. 그 분과의 대화가 옳지 않다면 다시 한 번 그 분과 깊은 대화를 하고 저의 주장을 조목조목 말씀드리도록 하겠습니다.","wordCount":31}}},"rawDataInfo":{"question":{"fileFormat":"wav","fileSize":608718,"duration":19020,"samplingBit":16,"channelCount":1,"samplingRate":"16kHz","audioPath":"/Mock/07.ProductionManufacturing/Female/Experienced/ckmk_q_mm_f_e_282609.wav"},"answer":{"fileFormat":"wav","fileSize":1448398,"duration":45260,"samplingBit":16,"channelCount":1,"samplingRate":"16kHz","audioPath":"/Mock/07.ProductionManufacturing/Female/Experienced/ckmk_a_mm_f_e_282609.wav"}}}