{"version":"1.0","dataSet":{"info":{"date":"20230116","occupation":"MM","channel":"MOCK","place":"ONLINE","gender":"FEMALE","ageRange":"-34","experience":"EXPERIENCED"},"question":{"raw":{"text":"지원자님 주변 친구들 중 한 명 골라 칭찬을 해 주세요 구체적이고 자세한 칭찬일수록 좋습니다","wordCount":14},"emotion":[],"intent":[]},"answer":{"raw":{"text":"제 주변에는 서스럼 없이 사람들에게 먼저 다가가는 사람이 있습니다. 그것이 누군가한테는 부담스럽게 느껴질 수 있을 텐데요. 그 사람 제 친구는 언제나 웃는 얼굴로 그리고 부담스럽지 않게 그냥 먼저 다가가는 네 그런 것에 아주 특화되어 있는 사람입니다. 그래서 대부분의 저희 사랑 저희 지인들이 보면은 그 친구랑 친해지고 싶어하고요. 아무리 낯선 자리라도 먼저 이야기를 건네주고 그리고 먼저 그 사람의 이야기를 들어준다는 것이 사실 쉬운 일은 아니라는 걸 알고 있습니다. 왜냐하면은 그것도 어떻게 보면 말하는 용기거든요. 그 저는 어릴 때부터 그 친구를 보면서 아 저 점은 정말 내가 배워야겠다 라는 생각도 많이 들었습니다. 그리고 그 친구는 그런 사람들의 이야기를 잘 들어주고 경청해주는 자세가 좋다 라고 할까요. 네 리엑션도 굉장히 좋고 사람들이 그 친구에게 언제나 고민 상담을 하고는 합니다. 그 정도로 그 친구가 믿을 만한 친구란 뜻이겠죠. 그래서 저는 그 친구에게는 여러 가지의 장점이 있는데 그 두 가지를 꼭 배우고 싶었다 라고 이야기할 수 있을 것 같습니다.","wordCount":143},"emotion":[],"intent":[{"text":"","expression":"","category":"attitude"}],"summary":{"text":"제 주변에는 스스럼 없이 먼저 다가가는 사람이 있는데 제 친구는 그런 것에 아주 특화되어 있는 사람입니다. 그래서 대부분의 지인들이 보면은 그 친구랑 친해지고 싶어합니다. 그 친구는 사람들의 이야기를 잘 들어주고 경청해주는 자세가 좋습니다. ","wordCount":33}}},"rawDataInfo":{"question":{"fileFormat":"wav","fileSize":374478,"duration":11700,"samplingBit":16,"channelCount":1,"samplingRate":"16kHz","audioPath":"/Mock/07.ProductionManufacturing/Female/Experienced/ckmk_q_mm_f_e_222274.wav"},"answer":{"fileFormat":"wav","fileSize":2263118,"duration":70720,"samplingBit":16,"channelCount":1,"samplingRate":"16kHz","audioPath":"/Mock/07.ProductionManufacturing/Female/Experienced/ckmk_a_mm_f_e_222274.wav"}}}