{"version":"1.0","dataSet":{"info":{"date":"20230116","occupation":"MM","channel":"MOCK","place":"ONLINE","gender":"FEMALE","ageRange":"45-54","experience":"EXPERIENCED"},"question":{"raw":{"text":"최근 공부하고 있는 것이 있나요 있다면 그것을 왜 공부하고 있는지 이제까지는 어떤 것들을 배웠는지도 함께 말씀해 주세요","wordCount":17},"emotion":[],"intent":[]},"answer":{"raw":{"text":"저는 요즘 제가 그닥 배울 만한 기회가 없었던 컴퓨터 언어 프로그램 언어에 대해서 쪼금 배우고 있습니다. 어 많은 시간을 할애해서 배우지는 못해도 이제는 뭐 쓰리디 설계 프로그램이나 인공지능을 통한 음 프로그램들 컴퓨터 프로그램들이 너무나 어 흔하게 개발되어 있어서 그것들을 제대로 어 알고 그걸 숙지하지 않는다면 이후에 제가 해야 되는 업무에서 제가 크게 어 낭패를 볼 수도 있고 그리고 제대로 된 역량을 발휘하지 못할 수도 있다는 생각이 들어서 컴퓨터 프로그램에 대한 뭐 기본적인 설계 프로그램 이런 것들을 아주 숙달되게 다를 수는 없어도 어느 정도까지 다를 수 있기 위해서 어 프로그램 설계 프로그램 그다음 어 컴퓨터 입력 하는 프로그램들 이런 것들을 어 실시간으로 음 때가 될 때마다 배우고 있습니다. 독일 케트사 오토 캐드사에 인벤터 프로그램을 조금씩 새롭게 나온 것도 이전에 나왔던 프로그램과 어 어떻게 운영해서 같이 섞어 쓸 수 있는지를 요즘 최근에 배우고 있습니다. 뭐 생각보다 쪼금만 공부하면 아주 숙달된 뭐 능숙한 프로그래머는 아니어도 어느 정도까지는 운용할 수 있는 단계까지는 어 제가 실력을 쌓아갈 생각입니다.","wordCount":153},"emotion":[],"intent":[{"text":"","expression":"","category":"attitude"}],"summary":{"text":"저는 요즘 컴퓨터 언어 프로그램 언어에 대해 배우고 있습니다. 컴퓨터 프로그램들이 너무나 흔하게 개발되어 있어서 그것을 제대로 알고 숙지하지 않는다면 이후에 제가 해야 되는 업무에서 크게 어 낭패를 볼 수도 있고 제대로 된 역량을 발휘하지 못할 수도 있다는 생각이 들어서 컴퓨터 프로그램에 대한 기본 설계 프로그램들을 실시간으로 음 때가 될 때마다 배우고 있습니니다.","wordCount":53}}},"rawDataInfo":{"question":{"fileFormat":"wav","fileSize":355278,"duration":11100,"samplingBit":16,"channelCount":1,"samplingRate":"16kHz","audioPath":"/Mock/07.ProductionManufacturing/Female/Experienced/ckmk_q_mm_f_e_288271.wav"},"answer":{"fileFormat":"wav","fileSize":3156558,"duration":98640,"samplingBit":16,"channelCount":1,"samplingRate":"16kHz","audioPath":"/Mock/07.ProductionManufacturing/Female/Experienced/ckmk_a_mm_f_e_288271.wav"}}}