{"version":"1.0","dataSet":{"info":{"date":"20230116","occupation":"MM","channel":"MOCK","place":"ONLINE","gender":"FEMALE","ageRange":"45-54","experience":"EXPERIENCED"},"question":{"raw":{"text":"앞으로 전문적으로 다뤄보고 싶은 시설이나 장비가 있으신가요 있으시다면 말씀해 주시겠습니까","wordCount":10},"emotion":[],"intent":[]},"answer":{"raw":{"text":"어 프로그래밍 하는 기계를 잘 다뤄보고 싶습니다. 어 프로그래밍을 하면 스스로 알아서 어 프로그래밍 된 대로 여러 가지 작업들을 수행할 수 있는 기계와 장비를 다뤄본 경험이 많지 않습니다. 어 기존에 정해져 있는 대로 그 룰대로만 어 시설 보수 관리만 잘해주면 되는 기계가 있는데 요즘에 나오는 기계들은 인공 지능도 되어 있 장착되어 있고 그다음에 컴퓨터로 모두 설비가 작동되어서 어 프로그래밍 하는 사람의 역량에 따라 많은 일들을 더 해낼 수 있는 그런 시스템으로 기계들이 나오고 있습니다. 프로그래밍 하는 언어들을 배워서 특히 기계에 여러 가지 역량들을 제가 확장도 할 수 있고 그다음 새로운 기계에 어떤 새로운 역량을 테스트할 수 있는 그런 어 기계 설비에 어 도전해 보고 그것들을 능숙하게 다룰 수 있는 사람이 되어 보고 싶습니다. 어 기계에 프로그램 할 수 있는 그런 역량을 키우도록 하겠습니다.","wordCount":123},"emotion":[],"intent":[{"text":"","expression":"","category":"attitude"}],"summary":{"text":"요즘 기계들은 인공 지능이 장착되어 있고 컴퓨터로 설비가 작동되어서 프로그래밍 하는 사람의 역량에 따라 많은 일들을 더 해낼 수 있는 시스템으로 나옵니다. 프로그래밍 하는 언어들을 배워서 기계 설비에 도전하고 능숙하게 다룰 수 있는 사람이 되고 싶습니다.","wordCount":36}}},"rawDataInfo":{"question":{"fileFormat":"wav","fileSize":482638,"duration":15080,"samplingBit":16,"channelCount":1,"samplingRate":"16kHz","audioPath":"/Mock/07.ProductionManufacturing/Female/Experienced/ckmk_q_mm_f_e_240022.wav"},"answer":{"fileFormat":"wav","fileSize":2691278,"duration":84100,"samplingBit":16,"channelCount":1,"samplingRate":"16kHz","audioPath":"/Mock/07.ProductionManufacturing/Female/Experienced/ckmk_a_mm_f_e_240022.wav"}}}