{"version":"1.0","dataSet":{"info":{"date":"20230116","occupation":"MM","channel":"MOCK","place":"ONLINE","gender":"FEMALE","ageRange":"45-54","experience":"EXPERIENCED"},"question":{"raw":{"text":"지원자님께서는 혹시 공장에서 일해 보신 경험이 있으십니까 있으시다면 그 경험에 관하여 자세한 설명 부탁드립니다","wordCount":14},"emotion":[],"intent":[]},"answer":{"raw":{"text":"공장에서 일해 봤습니다. 공장에서 어 기계 중에서 니트을 짜는 어 독일 수출사에서 나온 니트 프로그램을 하는 니트 기계가 있습니다. 그 니트 직조를 프로그램을 입력하면 입력한 프로그램대로 기계가 어 전체적으로 옷 자체가 다 만들어지게 그냥 이어서 연결만 해주면 되게 통으로 다 쓰리디로 어 직조를 해 줍니다. 어 그래서 이 프로그램에서는 중간 중간 기계에 실을 교체해 주거나 아니면 다 짜졌으면 빼내고 새로 실을 걸어주는 단순한 작업이 필요하고 제일 중요한 작업은 처음 프로그램을 입력하고 오류가 없이 프로그램 입력을 잘 해주는 것이 가장 중요한 기계입니다. 어 그리고 기계를 잘 보존해 주고 에러가 나지 않게 중간 중간 체크를 해주고 모니터링을 해주는 일이 가장 중요하기 때문에 기계 옆에 사람이 사람들이 교대 근무로 하면서 기계가 기계가 돌아가는 동안은 끊임없이 계속 어 주기적으로 시간을 두고 체크를 해 줘야 되는 그런 기계였는데 그 공장에서 기계 체크도 하고 그리고 실도 걸어주고 프로그램 단순한 프로그램도 입력하면서 공장에서 일을 해 봤습니다.","wordCount":139},"emotion":[],"intent":[{"text":"그 니트 직조를 프로그램을 입력하면 입력한 프로그램대로 기계가 어 전체적으로 옷 자체가 다 만들어지게 그냥 이어서 연결만 해주면 되게 통으로 다 쓰리디로 어 직조를 해 줍니다.","expression":"f_equip","category":"technology"},{"text":"어 그래서 이 프로그램에서는 중간 중간 기계에 실을 교체해 주거나 아니면 다 짜졌으면 빼내고 새로 실을 걸어주는 단순한 작업이 필요하고 제일 중요한 작업은 처음 프로그램을 입력하고 오류가 없이 프로그램 입력을 잘 해주는 것이 가장 중요한 기계입니다.","expression":"f_equip","category":"technology"},{"text":"어 그리고 기계를 잘 보존해 주고 에러가 나지 않게 중간 중간 체크를 해주고 모니터링을 해주는 일이 가장 중요하기 때문에 기계 옆에 사람이 사람들이 교대 근무로 하면서 기계가 기계가 돌아가는 동안은 끊임없이 계속 어 주기적으로 시간을 두고 체크를 해 줘야 되는 그런 기계였는데 그 공장에서 기계 체크도 하고 그리고 실도 걸어주고 프로그램 단순한 프로그램도 입력하면서 공장에서 일을 해 봤습니다.","expression":"f_equip","category":"technology"}],"summary":{"text":"독일 수출사의 니트 프로그램 기계는 니트 직조를 프로그램을 입력하면 기계가 통으로 직조를 해줍니다. 이 프로그램은 처음 프로그램을 입력하고 오류가 없이 프로그램 입력을 잘 해주는 것이 가장 중요합니다. 기계를 잘 보존해주고 에러 나지 않게 중간 중간 체크를 해주고 모니터링을 해주는 일이 중요합니다.","wordCount":41}}},"rawDataInfo":{"question":{"fileFormat":"wav","fileSize":472718,"duration":14770,"samplingBit":16,"channelCount":1,"samplingRate":"16kHz","audioPath":"/Mock/07.ProductionManufacturing/Female/Experienced/ckmk_q_mm_f_e_282217.wav"},"answer":{"fileFormat":"wav","fileSize":2587918,"duration":80870,"samplingBit":16,"channelCount":1,"samplingRate":"16kHz","audioPath":"/Mock/07.ProductionManufacturing/Female/Experienced/ckmk_a_mm_f_e_282217.wav"}}}