{"version":"1.0","dataSet":{"info":{"date":"20230116","occupation":"MM","channel":"MOCK","place":"ONLINE","gender":"FEMALE","ageRange":"45-54","experience":"EXPERIENCED"},"question":{"raw":{"text":"지원자분께서 생각하시기에 본인의 노년은 어떤 모습이었으면 좋겠는지 자신이 생각하는 이상적인 노년의 모습에 대해서 저희에게 구체적으로 설명해 주시면 좋을 것 같습니다","wordCount":20},"emotion":[],"intent":[]},"answer":{"raw":{"text":"아 이상적인 노년의 모습은 이 인터넷이나 매체에서 몇 번 다뤄본 적이 있는 것 같은데요. 어 일단은 건강이 필수라고 생각을 합니다. 어 휠체어를 타면서 어떤 이상적인 노년의 모습을 기대하기는 힘들 것 같습니다. 그래서 지금부터 또 근육을 조금 길들려고 노력을 하고 있구요. 그것이 어떤 저의 노년에 대한 대비가 기본적인 대비가 아닐까 싶습니다. 그리고 두 번째는 어 재력은 조금 힘든 것 같고 재력 대신에 저는 조금 보험을 좀 잘 들어 놔서 혹시라도 아픈 경우에 어 병원비 때문에 병원을 못 가는 그런 불상사는 미연에 방지하고자 그렇게 하고 있습니다. 그리고 제일 중요하고 또 어려운 게 친구가 아닌가 싶습니다. 어 노년에 아무리 건강하고 또 돈이 있다고 해도 외로우면 어 평온한 삶을 유지하지 못하는 경우들을 많이 보았습니다. 결코 행복하다고 할 수 없을 것 같습니다. 물론 배우자가 가장 좋은 친구이고 가장 좋은 편이라고 생각을 하지만 어 배우자와 동일한 수명은 보장받을 수 없기 때문에 주위의 좋은 친구들이 제가 누릴 수 있는 가장 큰 행복이고 또 어 저에게 가장 큰 행복과 기쁨을 주지 않을까 싶어서 어 친구 관계를 좀 잘 유지하고 있습니다.","wordCount":162},"emotion":[],"intent":[{"text":"","expression":"","category":"attitude"}],"summary":{"text":"이상적인 노년의 모습은 건강이 필수라고 생각하기 때문에 근육을 길들려고 노력하고 있습니다. 재력은 조금 힘들 것 같고 보험을 들어 병원비 때문에 병원을 못 가는 불상사를 미연에 방지하고자 합니다. 가장 중요하고 어려운 게 친구인데, 배우자와 동일한 수명은 보장받을 수 없기 때문에 친구 관계를 좀 잘 유지하고 있습니다.","wordCount":45}}},"rawDataInfo":{"question":{"fileFormat":"wav","fileSize":617678,"duration":19300,"samplingBit":16,"channelCount":1,"samplingRate":"16kHz","audioPath":"/Mock/07.ProductionManufacturing/Female/Experienced/ckmk_q_mm_f_e_282265.wav"},"answer":{"fileFormat":"wav","fileSize":2583118,"duration":80720,"samplingBit":16,"channelCount":1,"samplingRate":"16kHz","audioPath":"/Mock/07.ProductionManufacturing/Female/Experienced/ckmk_a_mm_f_e_282265.wav"}}}