{"version":"1.0","dataSet":{"info":{"date":"20230116","occupation":"MM","channel":"MOCK","place":"ONLINE","gender":"FEMALE","ageRange":"45-54","experience":"EXPERIENCED"},"question":{"raw":{"text":"혹시 공장에서 일해보신 경험이 있으신가요 그렇다면 그 경험에 관해 자세하게 설명해 주세요","wordCount":12},"emotion":[],"intent":[]},"answer":{"raw":{"text":"공장에서 일해 본 경험이 있습니다. 전에 아르바이트처럼 일했던 공장에서 납기가 닥쳐서 일손이 부족할 때 밤 늦게까지 공장에서 직접 사람들과 함께 어 납기에 맞춰서 어 시간 외에 근무를 하면서 일해 본 경험이 있습니다. 때로는 밤을 새우고 일해 본 경험도 있습니다. 어 생산성을 어 관리하다 보면 효율적으로 일이 이루어지지 않고 뭔가 중간에 놓친 부분이나 구멍난 부분이 있으면 상품을 만들어내는 데 차질이 생기고 납기를 맞추지 못하는 상황이 오게 됩니다. 공장에서 그럴 때는 일하는 모든 사람들이 그 납기를 맞추기 위해 시간 외 근무를 하면서 밤에 잠을 자거나 퇴근을 하지 못 할 정도로 바쁘게 일했던 경험이 있습니다. 그러면서 어 그 일을 다 해내고 나면 아 드디어 일을 다 했구나 납기를 어느 정도 맞출 수 있겠구나 라고 안도하게 됩니다. 그러한 경험들을 하면서 느낀 점은 어 되도록이면 이런 일이 일어나지 않도록 기한 내에 어 생산을 할 수 있는 그런 관리가 반드시 필요하겠다 라는 생각을 했습니다.","wordCount":138},"emotion":[{"text":"공장에서 일해 본 경험이 있습니다.","expression":"u-fact","category":"neutral"},{"text":"전에 아르바이트처럼 일했던 공장에서 납기가 닥쳐서 일손이 부족할 때 밤 늦게까지 공장에서 직접 사람들과 함께 어 납기에 맞춰서 어 시간 외에 근무를 하면서 일해 본 경험이 있습니다.","expression":"u-fact","category":"neutral"}],"intent":[{"text":"전에 아르바이트처럼 일했던 공장에서 납기가 닥쳐서 일손이 부족할 때 밤 늦게까지 공장에서 직접 사람들과 함께 어 납기에 맞춰서 어 시간 외에 근무를 하면서 일해 본 경험이 있습니다.","expression":"f_resp","category":"attitude"},{"text":"공장에서 그럴 때는 일하는 모든 사람들이 그 납기를 맞추기 위해 시간 외 근무를 하면서 밤에 잠을 자거나 퇴근을 하지 못 할 정도로 바쁘게 일했던 경험이 있습니다.","expression":"f_resp","category":"attitude"}],"summary":{"text":"모든 사람들이 납기를 맞추기 위해 시간 외 근무를 하며 바쁘게 일했던 경험이 있습니다. 그러면서 아 이제 일을 다 해내고 나면 납기를 어느 정도 맞출 수 있겠구나 라고 안도하게 되었습니다. 그래서 가급적이면 이런 일이 일어나지 않도록 기한 내에 생산을 할 수 있는 관리가 필요하겠다는 생각을 했습니다.","wordCount":45}}},"rawDataInfo":{"question":{"fileFormat":"wav","fileSize":330958,"duration":10340,"samplingBit":16,"channelCount":1,"samplingRate":"16kHz","audioPath":"/Mock/07.ProductionManufacturing/Female/Experienced/ckmk_q_mm_f_e_239836.wav"},"answer":{"fileFormat":"wav","fileSize":2755918,"duration":86120,"samplingBit":16,"channelCount":1,"samplingRate":"16kHz","audioPath":"/Mock/07.ProductionManufacturing/Female/Experienced/ckmk_a_mm_f_e_239836.wav"}}}