{"version":"1.0","dataSet":{"info":{"date":"20230116","occupation":"MM","channel":"MOCK","place":"ONLINE","gender":"FEMALE","ageRange":"45-54","experience":"EXPERIENCED"},"question":{"raw":{"text":"우리 회사에 들어오시게 되면 어느 부서에 가장 가고 싶으신가요 또 왜 그 부서에 가고 싶은지 그 이유도 함께 말씀해 주시면 좋겠습니다","wordCount":21},"emotion":[],"intent":[]},"answer":{"raw":{"text":"음 생산 관리와 관련된 부서로서는 뭐 전략 기획팀도 있고 그 다음에 뭐 어 이 기계 사비 같은 것을 구매하고 새로운 것들을 새로운 기계를 충원하는 구매 팀이 있을 수 있고 연구 개발을 하는 팀도 있고 영업하는 팀도 있고 할 텐데요. 저는 이 네 가지가 모두 상호 보완하는 아주 중요한 팀이라고 생각합니다. 하지만 저는 인제 제 성향을 봤을 때는 저는 전략 기획팀에서 생산성의 효율을 높이고 목표한 생산성을 달성하기 위해 원가를 절감하고 또는 뭐 원자재를 절감하고 그래서 불량 발생률도 줄이고 서로 어 원자재를 구매하는 팀과 내지는 생산을 생산 생산을 하는 생산 관리팀과의 어떤 긴밀한 협조나 이런 것들을 잘 이끌어내는 전략 기획을 통하여 시스템을 잘 구축하고 그 시스템이 저절로 돌아감으로써 효율성을 높이는 그런 면에서 어 전략 기획팀에서 한 번 어 머리를 쓰는 일을 해보고 싶습니다. 전략 기획팀에서 어 분석을 통해서 통계치를 내고 분석을 하고 그리고 그것들을 잘 해석해서 어 어떻게 하면은 더 효과적인 생산성을 낼 수 있는지를 연구하고 같이 머리를 맞대고 그런 그것을 논의하는 일을 한 번 해보고 싶습니다. 창의적인 일을 해보고 싶습니다.","wordCount":159},"emotion":[{"text":"하지만 저는 인제 제 성향을 봤을 때는 저는 전략 기획팀에서 생산성의 효율을 높이고 목표한 생산성을 달성하기 위해 원가를 절감하고 또는 뭐 원자재를 절감하고 그래서 불량 발생률도 줄이고 서로 어 원자재를 구매하는 팀과 내지는 생산을 생산 생산을 하는 생산 관리팀과의 어떤 긴밀한 협조나 이런 것들을 잘 이끌어내는 전략 기획을 통하여 시스템을 잘 구축하고 그 시스템이 저절로 돌아감으로써 효율성을 높이는 그런 면에서 어 전략 기획팀에서 한 번 어 머리를 쓰는 일을 해보고 싶습니다.","expression":"p-interest","category":"positive"},{"text":"전략 기획팀에서 어 분석을 통해서 통계치를 내고 분석을 하고 그리고 그것들을 잘 해석해서 어 어떻게 하면은 더 효과적인 생산성을 낼 수 있는지를 연구하고 같이 머리를 맞대고 그런 그것을 논의하는 일을 한 번 해보고 싶습니다.","expression":"p-interest","category":"positive"}],"intent":[{"text":"","expression":"","category":"attitude"}],"summary":{"text":"생산 관리와 관련된 부서로서는 전략 기획팀, 구매팀, 연구개발팀, 영업팀 등 모두 상호 보완하는 아주 중요한 팀이라고 생각합니다. 하지만 전 전략 기획팀이 생산성의 효율을 높이고 목표한 생산성을 달성하기 위해 원가를 절감하고 원자재를 절감하는 등 전략 기획을 통하여 시스템을 잘 구축하고 효율성을 높이는 그런 면에서 전략기획팀에서 창의적인 일을 해보고 싶습니다.","wordCount":48}}},"rawDataInfo":{"question":{"fileFormat":"wav","fileSize":442638,"duration":13830,"samplingBit":16,"channelCount":1,"samplingRate":"16kHz","audioPath":"/Mock/07.ProductionManufacturing/Female/Experienced/ckmk_q_mm_f_e_213379.wav"},"answer":{"fileFormat":"wav","fileSize":2869198,"duration":89660,"samplingBit":16,"channelCount":1,"samplingRate":"16kHz","audioPath":"/Mock/07.ProductionManufacturing/Female/Experienced/ckmk_a_mm_f_e_213379.wav"}}}