{"version":"1.0","dataSet":{"info":{"date":"20230116","occupation":"MM","channel":"MOCK","place":"ONLINE","gender":"FEMALE","ageRange":"45-54","experience":"EXPERIENCED"},"question":{"raw":{"text":"본인이 업무를 잘 수행하기 위한 노후하우나 방법이 있는지 좀 궁금한데요 어 실제로 업무를 할 때 그 능률이 높아지고 효율적으로 할 수 있는 역할이 있습니까","wordCount":24},"emotion":[],"intent":[]},"answer":{"raw":{"text":"어 규칙적인 업무가 있다면 그것을 패턴화 시키는 것이 좋을 것 같습니다. 어 그래서 그 스케줄러 피 프로그램을 통해서 좀 패턴하는 어 그 작업들을 시스템에 등록을 하고 관리를 하면 어 그 패턴이 변경됐을 경우에도 다시 수정해서 보완하면 규칙적인 업무들 같은 경우에는 그 스케줄이 굉장히 중요한데 그걸 놓치는 경우도 종종 있거든요. 그런 것들을 미연에 방지할 수 있는 좋은 방안이 아닌가 생각됩니다. 그 좀 더 업무를 단순화해서 쪼개고 그것을 패턴화하고 시스템에 등록하고 이런 것들이 바로 저만의 규칙적인 업무 수행을 잘하기 위한 노하우가 아닐까 싶습니다.","wordCount":81},"emotion":[],"intent":[{"text":"","expression":"","category":"attitude"}],"summary":{"text":"규칙적인 업무가 있다면 이것을 패턴화 시키는 것이 좋습니다. 업무를 단순화해서 쪼개고 그것을 패턴화하고 시스템에 등록하고 이런 것들이 저만의 규칙적 업무 수행을 잘하기 위한 노하우가 아닐까 싶습니다.","wordCount":26}}},"rawDataInfo":{"question":{"fileFormat":"wav","fileSize":583118,"duration":18220,"samplingBit":16,"channelCount":1,"samplingRate":"16kHz","audioPath":"/Mock/07.ProductionManufacturing/Female/Experienced/ckmk_q_mm_f_e_275356.wav"},"answer":{"fileFormat":"wav","fileSize":1534478,"duration":47950,"samplingBit":16,"channelCount":1,"samplingRate":"16kHz","audioPath":"/Mock/07.ProductionManufacturing/Female/Experienced/ckmk_a_mm_f_e_275356.wav"}}}