{"version":"1.0","dataSet":{"info":{"date":"20230116","occupation":"MM","channel":"MOCK","place":"ONLINE","gender":"FEMALE","ageRange":"45-54","experience":"EXPERIENCED"},"question":{"raw":{"text":"피곤하다고 할 때 그 피로에 대해 설명하실 수 있나요 구체적인 예를 들어 최대한 설명을 해주시면 좋겠습니다","wordCount":16},"emotion":[],"intent":[]},"answer":{"raw":{"text":"피곤하다 할 때 그 피로는 어 정말 휴식 시간이 부족하고 쉬지 못하고 계속해서 어떤 일을 하거나 그 일을 해결하지 못한 것들이 지속될 때 거기에서 오는 피로를 어 피곤함이라고 할 수 있을 것 같습니다. 일단 어떤 일을 했을 때 그 일이 신체적으로 그냥 피곤한 거는 그 피곤함은 어 쉬면은 해결이 될 텐데 쉬지 못하고 계속 지속됐을 때 신체적으로 피곤하고 느낄 것이고 정신적으로 피곤한 피로감은 원하는 만큼 일이 진행이 되지 않고 그것을 해결해야 하는데 해결할 수 있는 방법도 구체적으로 찾아지지 않고 했을 때 있는 정신적인 피로감 그것도 피곤함일 것 같습니다. 그래서 피곤함은 업무에 있어서 피곤함이라고 하고 하면 자기의 신체에 한계를 알고 그거에 적절히 맞춰서 휴식과 일을 적절히 잘 어 조율해서 나가야 될 것 같고 정신적인 피곤함이나 업무에서 오는 스트레스로 피곤한 거는 제가 일을 하는 것이 업무 능력에 있어서 약간 더 수월하고 잘 할 수 있는 방법들을 찾는데 부족하다거나 아니면 준비가 덜 돼 있다거나 아니면 일 자체가 굉장히 난이도가 높아서 그 일을 해결하지 못하면서 오는 피곤함을 구체적인 예시로 들 수 있을 것 같습니다.","wordCount":160},"emotion":[],"intent":[{"text":"","expression":"","category":"attitude"}],"summary":{"text":"휴식 시간이 부족하고 계속해서 어떤 일을 하거나 그 일을 해결하지 못한 것들이 지속될 때 오는 피로를 피곤함이라고 할 수 있습니다. 어떤 일을 했을 때 신체적으로 피곤한 것은 쉬면 해결될 텐데 쉬지 못하고 계속 지속됐을 때 피로합니다. 정신적인 피로감도 피로함일 것 같습니다. 업무 능력의 부족, 준비 부족, 난이도 높은 일의 해결 실패 등이 피로함의 예입니다.","wordCount":54}}},"rawDataInfo":{"question":{"fileFormat":"wav","fileSize":431438,"duration":13480,"samplingBit":16,"channelCount":1,"samplingRate":"16kHz","audioPath":"/Mock/07.ProductionManufacturing/Female/Experienced/ckmk_q_mm_f_e_282691.wav"},"answer":{"fileFormat":"wav","fileSize":3035598,"duration":94860,"samplingBit":16,"channelCount":1,"samplingRate":"16kHz","audioPath":"/Mock/07.ProductionManufacturing/Female/Experienced/ckmk_a_mm_f_e_282691.wav"}}}