{"version":"1.0","dataSet":{"info":{"date":"20230116","occupation":"MM","channel":"MOCK","place":"ONLINE","gender":"FEMALE","ageRange":"45-54","experience":"EXPERIENCED"},"question":{"raw":{"text":"시간이 촉박한 상황이 생기면 어떤 식으로 시간 관리를 하세요 지원자님의 시간 관리법이나 노하우가 궁금합니다","wordCount":14},"emotion":[],"intent":[]},"answer":{"raw":{"text":"시간이 촉박할 때는 이를 중요도와 난이도 별로 나누어서 처리합니다. 우선 시간이 촉박하다고 계산이 되면 어 가장 제가 그 일을 해결하는 데 있어서 어렵고 시간이 많이 들어가고 그리고 중요도도 높은 것은 가장 위에 배치하고 그리고 이제 중요도와 난이도에 따라서 어 들어가는 시간과 해서 가장 많은 시간과 마장 가장 많은 시간이 들어가고 또 가장 많은 시간을 들여야 할 일들 순서대로 한 네 가지 정도로 네 부류로 나눈 다음 마지막 단계의 부류는 어 마지막 단계 부류의 일들은 가장 시간도 적게 들고 그리고 크게 신경쓰지 않아도 자투리 시간을 내어서도 처리할 수 있는 일들을 마지막에 배치합니다. 먼저 일 번에 해당하는 중요도 높은 일부터 처리해 나갈 것이고 시간을 충분히 주고 시작합니다. 그 일을 해결하다가 어 그것들이 어느 정도 되면 진척되면 그 사이사이 계획에 그 다음 단계 그 다음 단계 이렇게 일을 분배하여서 처리해 나갈 것입니다. 그리고 마지막에 짧은 시간 안에도 해결할 수 있었던 그런 일들은 어 시간이 촉박하면 정말 제가 여유롭게 사용하는 제 개인의 시간을 쪼개서라도 빨리빨리 해결할 수 있는 일들을 맨 마지막에 어 처리해서 시간을 맞출 것입니다.","wordCount":162},"emotion":[],"intent":[{"text":"","expression":"","category":"attitude"}],"summary":{"text":"시간이 촉박할 때는 중요도와 난이도 별로 나누어서 처리합니다. 우선 시간이 많이 들어가고 중요한 것은 가장 위에 배치합니다. 그리고 중요한 것들을 네 가지로 나눈 다음 마지막 단계는 가장 적은 시간을 들여서 처리할 수 있는 것들과 빠르게 해결할 수 있는 일들은 마지막에 처리해서 시간을 맞출 것입니다.","wordCount":44}}},"rawDataInfo":{"question":{"fileFormat":"wav","fileSize":571598,"duration":17860,"samplingBit":16,"channelCount":1,"samplingRate":"16kHz","audioPath":"/Mock/07.ProductionManufacturing/Female/Experienced/ckmk_q_mm_f_e_281097.wav"},"answer":{"fileFormat":"wav","fileSize":2575438,"duration":80480,"samplingBit":16,"channelCount":1,"samplingRate":"16kHz","audioPath":"/Mock/07.ProductionManufacturing/Female/Experienced/ckmk_a_mm_f_e_281097.wav"}}}