{"version":"1.0","dataSet":{"info":{"date":"20230116","occupation":"MM","channel":"MOCK","place":"ONLINE","gender":"FEMALE","ageRange":"45-54","experience":"EXPERIENCED"},"question":{"raw":{"text":"지원자님께서 본인이 생각할 때 본인의 단점이 있으시다면 함께 말씀해 주시길 바랍니다 또 본인이 그것을 극복하기 위해서 한 노력이 있다면 함께 설명해 주세요","wordCount":22},"emotion":[],"intent":[]},"answer":{"raw":{"text":"저의 단점은 약간의 성급함입니다. 열정적이고 도전적이고 어떤 일을 시작할 때 매우 집중적으로 그 일에 매진해서 그 일의 성과를 보고자 하는 그런 열정이 저에게 많다면 어 또한 같은 면에서 그 열정이 차고 넘쳐서 이를 성급하게 진행할 수 있는 그런 어 상황을 똑같이 만들어집니다. 이를 보완하기 위한 노력은 차분하게 일을 바라보면서 모니터링을 해 줄 수 있는 동료가 필요합니다. 그 동료가 저에게 어 적절한 어 피드백을 해 주고 제가 놓치는 부분이 있다면 그것들을 잘 체크해 주기를 바라기 때문에 함께 일하는 사람들에게 계속 조언을 구하는 노력을 합니다. 제가 열심히 앞에서 끌고 나간다고 제 것이 다 옳지 않기 때문에 제 제가 추구하고 어 진행하는 일에 문제가 있다면 피드백을 해 줄 것을 요청하면서 끊임없이 상호 작용을 하고 의사소통을 함으로써 함께 거듭된 음 어떤 실수나 이런 것들을 줄여 나갈 수 있다고 봅니다. 어 저의 어 노력은 함께 해 나가는 것입니다. 제가 열심히 추진하지만 혼자 하는 일이라고 생각하지 않고 함께 하는 사람들에게 계속해서 어 피드백을 요청하고 같이 일해 나가려고 노력하는 것이 어 보완책이라고 생각합니다.","wordCount":156},"emotion":[],"intent":[{"text":"","expression":"","category":"attitude"}],"summary":{"text":"성급한 열정의 단점을 보완하기 위해 차분한 모니터링과 피드백을 해줄 수 있는 동료가 필요합니다. 함께 일하는 사람들에게 조언을 구하고 끊임없이 소통함으로써 실수나 이런 것들을 줄여나갈 수 있다고 생각합니다.","wordCount":27}}},"rawDataInfo":{"question":{"fileFormat":"wav","fileSize":462158,"duration":14440,"samplingBit":16,"channelCount":1,"samplingRate":"16kHz","audioPath":"/Mock/07.ProductionManufacturing/Female/Experienced/ckmk_q_mm_f_e_261779.wav"},"answer":{"fileFormat":"wav","fileSize":2594318,"duration":81070,"samplingBit":16,"channelCount":1,"samplingRate":"16kHz","audioPath":"/Mock/07.ProductionManufacturing/Female/Experienced/ckmk_a_mm_f_e_261779.wav"}}}