{"version":"1.0","dataSet":{"info":{"date":"20230116","occupation":"MM","channel":"MOCK","place":"ONLINE","gender":"FEMALE","ageRange":"45-54","experience":"EXPERIENCED"},"question":{"raw":{"text":"평소에 검색은 자주 하시나요 그렇다면 주로 어떤 검색을 하는지 검색은 왜 하시는지도 함께 말씀해 주세요","wordCount":15},"emotion":[],"intent":[]},"answer":{"raw":{"text":"검색을 자주 하는 편입니다. 어 제가 알고 있는 지식만으로 해결할 수 없는 문제가 있을 때는 어 그것과 관련성이 있는 언어들을 검색해서 제가 잘 알지 못하는 것을 어 검색을 통해서 새로운 사실을 알게 될 때가 어 많습니다. 모르는 분야라고 해서 무조건 나는 모른다 이렇게 하기보다 검색을 통해서 내가 모르는 분야에 대해서도 필요한 만큼의 지식을 정보를 얻을 수 있습니다. 그리고 그 정보가 얼마나 신빙성이 있는 것인지에 대한 검색도 더 추가로 더 검색을 해서 확인할 수 있습니다. 어 무엇을 하든 간에 사실과 관련된 정보를 유용하게 어 찾아서 생활에 이용할 수 있습니다. 어 아주 사소하게는 물건을 살 때 그 물건이 제대로 된 물건이고 그리고 어느 정도의 가격을 주고 사야지 합리적인 것인지를 알아볼 수 있는 방법부터 시작해서 어떤 사실관계를 누구에게 들었을 때 그 사실 그것이 저에게 굉장히 지대한 영향을 미치는 것이라면 그것이 정말 사실에 가까운지 확인해 볼 필요도 있고 어 정보의 진위 여부를 파악하는데 검색처럼 유용하고 다양하게 알아볼 수 있는 방법이 없기 때문에 자주 이용합니다.","wordCount":150},"emotion":[],"intent":[{"text":"","expression":"","category":"attitude"}],"summary":{"text":"검색은 제가 모르는 분야에 대해서도 필요한 만큼의 정보를 얻을 수 있고, 그 정보가 얼마나 신빙성이 있는 것인지에 대한 검색도 더 추가로 검색을 해서 확인할 수 있습니다. 검색은 무엇을 하든 사실과 관련된 정보를 유용하게 찾아서 생활에 이용할 수 있어야 합니다.","wordCount":39}}},"rawDataInfo":{"question":{"fileFormat":"wav","fileSize":298958,"duration":9340,"samplingBit":16,"channelCount":1,"samplingRate":"16kHz","audioPath":"/Mock/07.ProductionManufacturing/Female/Experienced/ckmk_q_mm_f_e_301937.wav"},"answer":{"fileFormat":"wav","fileSize":2788558,"duration":87140,"samplingBit":16,"channelCount":1,"samplingRate":"16kHz","audioPath":"/Mock/07.ProductionManufacturing/Female/Experienced/ckmk_a_mm_f_e_301937.wav"}}}