{"version":"1.0","dataSet":{"info":{"date":"20230116","occupation":"MM","channel":"MOCK","place":"ONLINE","gender":"FEMALE","ageRange":"45-54","experience":"EXPERIENCED"},"question":{"raw":{"text":"본인만의 스트레스 해소 방법이 있다면 왜 그런 방법으로 스트레스를 해소하는지 그 이유도 함께 설명해 주시겠어요","wordCount":15},"emotion":[],"intent":[]},"answer":{"raw":{"text":"어 제가 매일 규칙적으로 하고 있는 게 있는데요 그것은 바로 사이클과 조깅입니다. 어 과거에는 제가 좀 야근을 많이 하거나 좀 잠자리가 불편하면 많이 힘들었었습니다. 체력적으로 좀 많이 힘든 편이었는데 우연히 어 자전거를 배우면서 굉장히 삶의 활력을 얻고 또 몸이 건강해지는 걸로 느꼈습니다. 어 그래서 제가 자전거 조깅을 일주일에 최소 한 두 세 번 정도는 할려고 노력을 하고 있구요. 주말에는 항상 어 사이클을 하고 있습니다. 그러다 보니 스트레스를 받는다 해도 또 이렇게 운동으로 바로 해소가 되더라구요. 그 전에는 운동을 배우기 전에는 뭐 친구들과 술을 마신다던가 노래방을 간다던가 이런 것들을 했는데 운동을 하고 나니 하루에 받은 스트레스를 운동을 함으로써 자동스럽게 자연스럽게 풀리고 있는 저의 모습을 발견했습니다. 그 이후로는 뭐 특별히 다른 어 스트레스 해소 방법을 찾지 않고 조금 더 열심히 운동하는 것으로 이 스트레스를 해소하고 있습니다.","wordCount":124},"emotion":[],"intent":[{"text":"어 그래서 제가 자전거 조깅을 일주일에 최소 한 두 세 번 정도는 할려고 노력을 하고 있구요.","expression":"f_cons","category":"attitude"}],"summary":{"text":"사이클과 조깅을 매일 규칙적으로 하고 있는데, 자전거를 배우면서 삶의 활력을 얻고 몸이 건강해지는 걸 느꼈기 때문입니다. 그 후로는 특별히 다른 어 스트레스 해소 방법을 찾지 않고 조금 더 열심히 운동하는 것으로 스트레스를 해소하고 있습니다.","wordCount":34}}},"rawDataInfo":{"question":{"fileFormat":"wav","fileSize":306958,"duration":9590,"samplingBit":16,"channelCount":1,"samplingRate":"16kHz","audioPath":"/Mock/07.ProductionManufacturing/Female/Experienced/ckmk_q_mm_f_e_275359.wav"},"answer":{"fileFormat":"wav","fileSize":2265038,"duration":70780,"samplingBit":16,"channelCount":1,"samplingRate":"16kHz","audioPath":"/Mock/07.ProductionManufacturing/Female/Experienced/ckmk_a_mm_f_e_275359.wav"}}}