{"version":"1.0","dataSet":{"info":{"date":"20230116","occupation":"MM","channel":"MOCK","place":"ONLINE","gender":"FEMALE","ageRange":"45-54","experience":"EXPERIENCED"},"question":{"raw":{"text":"개인적으로 학습을 어떻게 하시는지 말씀해 주세요 강의 혹은 책을 활용한 공부를 말씀해 주셔도 좋습니다","wordCount":14},"emotion":[],"intent":[]},"answer":{"raw":{"text":"공부를 할 때는 일단 가장 효율적으로 공부할 수 있는 어 제가 원하는 수업이나 강의를 찾습니다. 인터넷을 통해서 주로 제가 이제 시간을 쪼개서 어디에 가서 공부하는 것이 좀 힘들기 때문에 인터넷을 통해서 제 저에게 가장 만든 강의를 찾는 데 가장 만든 시간을 어 쏟고 그것이 찾아 지고 정해지면 그 다음에는 그것을 기반으로 어 플래너를 세워서 꾸준히 어 언제까지 그 공부를 끝낼 것인지 목표를 세우고 그 목표에 따라 세부적으로 계획을 세워서 제가 플래너에 계획 세운 대로 그거를 매일매일 일정 시간 정도 투자해서 공부를 합니다. 어 특히 뭐 언어 공부 같은 경우에는 습관적으로 매일매일 아주 작은 시간을 쪼개서 공부를 하거나 뭐 리스닝을 하거나 하고 강의 같은 경우에는 어 강의도 이제 횟수가 정해져 있는 어 강의를 선택해서 일 강부터 쭉 시작해서 어 마지막 막강까지 그 강의를 어 얼마 만에 그 강의를 끝낼 것인지 계획을 세우고 그걸 플랜을 짜서 그 플랜대로 매일매일 체크를 하면서 빠진 경우에는 뭐 날짜를 다시 채운다 든지 하는 식으로 그냥 스스로 계획을 세워서 어 공부합니다.","wordCount":154},"emotion":[],"intent":[{"text":"인터넷을 통해서 주로 제가 이제 시간을 쪼개서 어디에 가서 공부하는 것이 좀 힘들기 때문에 인터넷을 통해서 제 저에게 가장 만든 강의를 찾는 데 가장 만든 시간을 어 쏟고 그것이 찾아 지고 정해지면 그 다음에는 그것을 기반으로 어 플래너를 세워서 꾸준히 어 언제까지 그 공부를 끝낼 것인지 목표를 세우고 그 목표에 따라 세부적으로 계획을 세워서 제가 플래너에 계획 세운 대로 그거를 매일매일 일정 시간 정도 투자해서 공부를 합니다.","expression":"f_cons","category":"attitude"},{"text":"어 특히 뭐 언어 공부 같은 경우에는 습관적으로 매일매일 아주 작은 시간을 쪼개서 공부를 하거나 뭐 리스닝을 하거나 하고 강의 같은 경우에는 어 강의도 이제 횟수가 정해져 있는 어 강의를 선택해서 일 강부터 쭉 시작해서 어 마지막 막강까지 그 강의를 어 얼마 만에 그 강의를 끝낼 것인지 계획을 세우고 그걸 플랜을 짜서 그 플랜대로 매일매일 체크를 하면서 빠진 경우에는 뭐 날짜를 다시 채운다 든지 하는 식으로 그냥 스스로 계획을 세워서 어 공부합니다.","expression":"f_cons","category":"attitude"}],"summary":{"text":"인터넷 공부를 할 때는 제가 원하는 수업이나 강의를 찾습니다. 그리고 그것을 기반으로 플래너를 세워서 꾸준히 목표를 세우고 세부적으로 계획을 세워서 공부를 합니다. 어 특히 언어 공부는 습관적으로 작은 시간을 쪼개서 공부를 하거나 리스닝을 하거나 하고, 강의는 횟수가 정해져 있는 강의를 선택하고 플랜을 짜서 체크하면서 공부합니다.","wordCount":45}}},"rawDataInfo":{"question":{"fileFormat":"wav","fileSize":353998,"duration":11060,"samplingBit":16,"channelCount":1,"samplingRate":"16kHz","audioPath":"/Mock/07.ProductionManufacturing/Female/Experienced/ckmk_q_mm_f_e_208870.wav"},"answer":{"fileFormat":"wav","fileSize":2809038,"duration":87780,"samplingBit":16,"channelCount":1,"samplingRate":"16kHz","audioPath":"/Mock/07.ProductionManufacturing/Female/Experienced/ckmk_a_mm_f_e_208870.wav"}}}