{"version":"1.0","dataSet":{"info":{"date":"20230116","occupation":"MM","channel":"MOCK","place":"ONLINE","gender":"FEMALE","ageRange":"45-54","experience":"EXPERIENCED"},"question":{"raw":{"text":"지원자님께서는 지금까지 다뤄보신 생산 장비나 시설에 관해 본인 나름의 운용 노하우가 있다면 근거에 맞춰서 설명해 주시겠습니까","wordCount":16},"emotion":[],"intent":[]},"answer":{"raw":{"text":"제가 주로 니트 생산 관련 일을 하면서 새롭게 요즘 대두 되고 있는 어 개인이 개인만의 디자인을 가지고 소량 생산할 수 있는 그러면서도 간편하게 디자인을 어 쓰리디로 완전히 디자인을 입력해서 그 디자인을 그대로 뽑아 뽑아낼 수 있는 그런 오픈소스 입체 기계에 대한 관심을 가지게 됐습니다. 그래서 원래는 대량으로 생산하는 대형으로 여러 가지 기 어 니트를 직조를 컴퓨터로 어 입력해서 어 똑같은 어 디자인들을 많은 대량으로 밤새도록 이십 사 시간 가도 풀가동에서 많은 양을 뽑아내는 그런 기계 기계들의 설비에 대해서 알고 있다가 오픈 소스를 활용한 리팅기를 어 어 관심을 가지게 돼서 그 부분을 컴퓨터를 활용해서 디자인하고 그것을 그것을 옷을 만들어 입을 수 있는 오픈소스 리팅기에 대한 기술을 조금 가지고 있습니다. 어 그것을 통해서 알 수 있는 거는 이거를 개발자들이 제품을 개발하는 데 굉장히 도움이 되는 단순하게 어 개발해 내는 데 도움이 되고 그것들을 빠르게 빠르게 개발해 낼 수 있어서 어 그거를 통해서 어 신속한 공급을 할 수 있는 그런 어 기계 운영이 가능해졌다고 볼 수 있습니다. 그래서 생산 프로세스 중에서도 이것들을 활용해서 어 지금 뭐 홀가먼트를 어 전부 수작가 없이 실제로 한 번에 뽑아 가지고 봉제 같은 걸 필요 없이 해서 생산 단가를 낮추고 그러면서 디자인은 굉장히 어 제가 멋지게 어 사람들에게 호응이 좋도록 훌륭한 생산물을 뽑아내는 그런 식의 어 제품들 제품 오픈소스 기계가 이제는 어 절실하다고 봅니다. 그래서 그것들을 어 통한 노하우를 익혀서 익히고 있습니다.","wordCount":214},"emotion":[{"text":"제가 주로 니트 생산 관련 일을 하면서 새롭게 요즘 대두 되고 있는 어 개인이 개인만의 디자인을 가지고 소량 생산할 수 있는 그러면서도 간편하게 디자인을 어 쓰리디로 완전히 디자인을 입력해서 그 디자인을 그대로 뽑아 뽑아낼 수 있는 그런 오픈소스 입체 기계에 대한 관심을 가지게 됐습니다.","expression":"p-interest","category":"positive"}],"intent":[{"text":"제가 주로 니트 생산 관련 일을 하면서 새롭게 요즘 대두 되고 있는 어 개인이 개인만의 디자인을 가지고 소량 생산할 수 있는 그러면서도 간편하게 디자인을 어 쓰리디로 완전히 디자인을 입력해서 그 디자인을 그대로 뽑아 뽑아낼 수 있는 그런 오픈소스 입체 기계에 대한 관심을 가지게 됐습니다.","expression":"f_equip","category":"technology"},{"text":"그래서 원래는 대량으로 생산하는 대형으로 여러 가지 기 어 니트를 직조를 컴퓨터로 어 입력해서 어 똑같은 어 디자인들을 많은 대량으로 밤새도록 이십 사 시간 가도 풀가동에서 많은 양을 뽑아내는 그런 기계 기계들의 설비에 대해서 알고 있다가 오픈 소스를 활용한 리팅기를 어 어 관심을 가지게 돼서 그 부분을 컴퓨터를 활용해서 디자인하고 그것을 그것을 옷을 만들어 입을 수 있는 오픈소스 리팅기에 대한 기술을 조금 가지고 있습니다.","expression":"f_equip","category":"technology"},{"text":"어 그것을 통해서 알 수 있는 거는 이거를 개발자들이 제품을 개발하는 데 굉장히 도움이 되는 단순하게 어 개발해 내는 데 도움이 되고 그것들을 빠르게 빠르게 개발해 낼 수 있어서 어 그거를 통해서 어 신속한 공급을 할 수 있는 그런 어 기계 운영이 가능해졌다고 볼 수 있습니다.","expression":"f_equip","category":"technology"},{"text":"그래서 생산 프로세스 중에서도 이것들을 활용해서 어 지금 뭐 홀가먼트를 어 전부 수작가 없이 실제로 한 번에 뽑아 가지고 봉제 같은 걸 필요 없이 해서 생산 단가를 낮추고 그러면서 디자인은 굉장히 어 제가 멋지게 어 사람들에게 호응이 좋도록 훌륭한 생산물을 뽑아내는 그런 식의 어 제품들 제품 오픈소스 기계가 이제는 어 절실하다고 봅니다.","expression":"f_equip","category":"technology"}],"summary":{"text":"오픈소스 입체 기계에 대한 관심을 가지게 돼 컴퓨터를 활용해서 디자인하고 옷을 만들어 입을 수 있는 오픈소스 리팅기에 대한 기술을 조금 가지고 있습니다. 이것을 통해서 개발자들이 제품을 개발하는 데 도움이 되고 신속한 공급을 할 수 있는 기계 운영이 가능해졌습니다. 그래서 생산 프로세스 중에서도 이것들을 활용해서 생산 단가를 낮추고 훌륭한 생산물을 뽑아내는 식의 오픈소스 기계가 절실하다고 봅니다.","wordCount":55}}},"rawDataInfo":{"question":{"fileFormat":"wav","fileSize":396878,"duration":12400,"samplingBit":16,"channelCount":1,"samplingRate":"16kHz","audioPath":"/Mock/07.ProductionManufacturing/Female/Experienced/ckmk_q_mm_f_e_282683.wav"},"answer":{"fileFormat":"wav","fileSize":3824718,"duration":119520,"samplingBit":16,"channelCount":1,"samplingRate":"16kHz","audioPath":"/Mock/07.ProductionManufacturing/Female/Experienced/ckmk_a_mm_f_e_282683.wav"}}}