{"version":"1.0","dataSet":{"info":{"date":"20230116","occupation":"MM","channel":"MOCK","place":"ONLINE","gender":"FEMALE","ageRange":"45-54","experience":"EXPERIENCED"},"question":{"raw":{"text":"어 태어나서 지금까지 여러 가지 일들을 후회하고 계실 텐데요 그중에 가장 후회하는 일을 한 가지만 골라서 어 자세하게 설명해 주시기를 바랍니다","wordCount":21},"emotion":[],"intent":[]},"answer":{"raw":{"text":"태어나서 지금까지 한 일들 중 후회하는 일들이 뭐 아주 많지는 않습니다. 별로 생각이 나지 않고 지나간 일에 대해서 후회를 많이 하는 편이 아닙니다. 그런데 가장 중요하게도 계속 시간이 흘러도 기억이 나는 것은 여운이 남고 후회가 되고 아쉬운 점은 어 대학을 졸업하고 나서 바로 어 공부에 대한 열정이 있었는데 공부를 할 것인지 가정을 꾸려서 어 결혼을 해서 가정을 꾸리는 일이 더 중요 할지에 대해서 잠시 고민을 하다가 어 가정을 꾸리는 쪽으로 먼저 결정을 내려서 공부를 접을 수 밖에 없었던 어 저의 어 사회 초년기 한참 공부를 했어야 하는 어 대학 대학 졸업반 시기 그때가 좀 후회 스럽습니다. 공부는 인생에서 아주 중요할 수 있고 본인이 새롭게 시작하고 인생을 시작하고 성인이 되고 자기의 진로를 결정하는 고 시기에 할 수 있는 공부가 어 있고 그때 고 시기를 놓치면 그 다음에 다시 진로를 잡아 나가기는 쉽지 않은 것인데 그때 그 중요한 시기에 제가 공부를 하지 않고 어 다른 길을 택한 것에 대한 후회는 어 두고두고 조금은 아쉬움이 남는 것 같습니다. 물론 그 이후에도 어 공부를 하려고 노력은 해 왔습니다만 어 가장 중요한 시기에 대한 아쉬움이 있습니다.","wordCount":171},"emotion":[{"text":"그런데 가장 중요하게도 계속 시간이 흘러도 기억이 나는 것은 여운이 남고 후회가 되고 아쉬운 점은 어 대학을 졸업하고 나서 바로 어 공부에 대한 열정이 있었는데 공부를 할 것인지 가정을 꾸려서 어 결혼을 해서 가정을 꾸리는 일이 더 중요 할지에 대해서 잠시 고민을 하다가 어 가정을 꾸리는 쪽으로 먼저 결정을 내려서 공부를 접을 수 밖에 없었던 어 저의 어 사회 초년기 한참 공부를 했어야 하는 어 대학 대학 졸업반 시기 그때가 좀 후회 스럽습니다.","expression":"n-distress","category":"negative"},{"text":"공부는 인생에서 아주 중요할 수 있고 본인이 새롭게 시작하고 인생을 시작하고 성인이 되고 자기의 진로를 결정하는 고 시기에 할 수 있는 공부가 어 있고 그때 고 시기를 놓치면 그 다음에 다시 진로를 잡아 나가기는 쉽지 않은 것인데 그때 그 중요한 시기에 제가 공부를 하지 않고 어 다른 길을 택한 것에 대한 후회는 어 두고두고 조금은 아쉬움이 남는 것 같습니다.","expression":"n-distress","category":"negative"},{"text":"물론 그 이후에도 어 공부를 하려고 노력은 해 왔습니다만 어 가장 중요한 시기에 대한 아쉬움이 있습니다.","expression":"n-distress","category":"negative"}],"intent":[{"text":"","expression":"","category":"attitude"}],"summary":{"text":"공부는 인생에서 아주 중요하고, 본인의 진로를 결정하는 중요한 시기에 할 수 있는 공부가 있고, 그 시기를 놓쳐도 다시 진로를 잡아 나가기는 쉽지 않은 것인데, 그 중요한 시기를 공부하지 않고 다른 길을 택한 것에 대한 아쉬움이 있습니다.","wordCount":36}}},"rawDataInfo":{"question":{"fileFormat":"wav","fileSize":485518,"duration":15170,"samplingBit":16,"channelCount":1,"samplingRate":"16kHz","audioPath":"/Mock/07.ProductionManufacturing/Female/Experienced/ckmk_q_mm_f_e_208865.wav"},"answer":{"fileFormat":"wav","fileSize":2796238,"duration":87380,"samplingBit":16,"channelCount":1,"samplingRate":"16kHz","audioPath":"/Mock/07.ProductionManufacturing/Female/Experienced/ckmk_a_mm_f_e_208865.wav"}}}