{"version":"1.0","dataSet":{"info":{"date":"20230116","occupation":"MM","channel":"MOCK","place":"ONLINE","gender":"FEMALE","ageRange":"45-54","experience":"EXPERIENCED"},"question":{"raw":{"text":"지금부터 삼 년 뒤 혹은 삼 년 내에 주요 성장 계획이나 목표가 있다면 저에게 공유를 해 주시구요 그 목표를 설정한 이유까지 함께 말씀해 주시기 바랍니다","wordCount":25},"emotion":[],"intent":[]},"answer":{"raw":{"text":"어 삼 년 내에 성장 계획이 있습니다. 왜냐하면 제가 이 일을 이직하면서 이 일에 익숙해지는데 시간이 좀 걸립니다. 적어도 일이 익숙해져서 제 역량이 이 일을 해낼 수 있는데 최대치에 이르려면 한 삼 년 정도에 어 시간이 필요하다고 저도 생각하고 있습니다. 저의 목표는 제가 이 일을 선택하고 꾸준히 배워 나가고 시행착오를 겪고 다시 이 일을 잘 해낼 수 있는 방법들을 찾고 이것들을 정말 최대치로 잘 일을 해낼 수 있는 직무 역량을 쌓는데 딱 삼 년 정도의 목표를 가지고 있습니다. 어 생산관리 시스템을 일단 배워 보고 싶습니다. 그래서 시스템을 정확하게 배우고 제가 이전에 있던 직장과 달리 이 회사에서 추구하는 방향이 무엇인지 파악하고 그쪽으로 시스템을 더 혁신적으로 바꿔 보고 싶습니다. 그리고 그 작업 환경을 어 조성하는데 어 개선이 필요하자면 그 개선을 해서 최대 최대치로 어 생산성을 효율적으로 끌어올릴 수 있는 작업 환경 구축을 하는 것까지도 한 삼 년 정도의 기간은 충분히 어 어 될 거라고 봅니다. 그래서 삼 년 안에 성장 계획은 회사 안에서의 어 나의 역량과 내가 할 수 있는 역량으로 회사의 생산성을 끌어올리는 목표가 있습니다.","wordCount":164},"emotion":[],"intent":[{"text":"","expression":"","category":"attitude"}],"summary":{"text":"이직 후 제 역량이 이 일을 해낼 수 있는데 최대치에 이르려면 한 삼 년 정도는 시간이 필요하다고 생각합니다. 그래서 저는 생산관리 시스템을 배워보고 싶습니다. 그리고 작업 환경을 개선해서 생산성을 효율적으로 끌어올릴 수 있는 작업 환경 구축도 한삼 년 안에 성장 계획이 있습니다.","wordCount":42}}},"rawDataInfo":{"question":{"fileFormat":"wav","fileSize":519758,"duration":16239,"samplingBit":16,"channelCount":1,"samplingRate":"16kHz","audioPath":"/Mock/07.ProductionManufacturing/Female/Experienced/ckmk_q_mm_f_e_261777.wav"},"answer":{"fileFormat":"wav","fileSize":2723278,"duration":85100,"samplingBit":16,"channelCount":1,"samplingRate":"16kHz","audioPath":"/Mock/07.ProductionManufacturing/Female/Experienced/ckmk_a_mm_f_e_261777.wav"}}}