{"version":"1.0","dataSet":{"info":{"date":"20230116","occupation":"MM","channel":"MOCK","place":"ONLINE","gender":"FEMALE","ageRange":"45-54","experience":"EXPERIENCED"},"question":{"raw":{"text":"혹시 매일 공부하고 있는 분야가 따로 있는지 궁금한데요 그렇다면 그것을 왜 공부하는지도 함께 설명해 주시기 바랍니다","wordCount":16},"emotion":[],"intent":[]},"answer":{"raw":{"text":"매일 외국어 공부를 하고 있습니다. 어 그리고 컴퓨터 코딩 관련 공부도 하고 있습니다. 외국어를 공부하는 이유는 글로벌 시대에 어 세계 어느 곳에 가서든지 제가 진출해서 일을 할 수 있을 때 역할을 제대로 할 수 있기 위해서 준비하는 것입니다. 꼭 컴퓨터 코딩은 어 무슨 공부를 하든지 제가 기본적인 컴퓨터 활용 능력 정도의 자격증을 갖고 있지만 그것을 뛰어넘어서 컴퓨터 프로그래밍을 할 수 있는 분야에서도 제가 일을 할 수 있는 기회가 분명히 올 것이라고 생각하고 어 요즘 같은 경우에는 어 컴퓨터 프로그래밍이 필수이기 때문에 그것을 공부하고 있습니다.","wordCount":84},"emotion":[],"intent":[{"text":"꼭 컴퓨터 코딩은 어 무슨 공부를 하든지 제가 기본적인 컴퓨터 활용 능력 정도의 자격증을 갖고 있지만 그것을 뛰어넘어서 컴퓨터 프로그래밍을 할 수 있는 분야에서도 제가 일을 할 수 있는 기회가 분명히 올 것이라고 생각하고 어 요즘 같은 경우에는 어 컴퓨터 프로그래밍이 필수이기 때문에 그것을 공부하고 있습니다.","expression":"c_imp","category":"personality"}],"summary":{"text":"글로벌 시대에 일을 할 수 있을 때 역할을 제대로 할 수 있기 때문에 매일 외국어와 컴퓨터 코딩을 공부하고 있습니다. 컴퓨터 활용 능력 정도의 자격증을 뛰어넘어 컴퓨터 프로그래밍 분야에서도 일을 할 기회가 올 것이라고 생각합니다.","wordCount":34}}},"rawDataInfo":{"question":{"fileFormat":"wav","fileSize":380558,"duration":11890,"samplingBit":16,"channelCount":1,"samplingRate":"16kHz","audioPath":"/Mock/07.ProductionManufacturing/Female/Experienced/ckmk_q_mm_f_e_294303.wav"},"answer":{"fileFormat":"wav","fileSize":1561038,"duration":48780,"samplingBit":16,"channelCount":1,"samplingRate":"16kHz","audioPath":"/Mock/07.ProductionManufacturing/Female/Experienced/ckmk_a_mm_f_e_294303.wav"}}}