{"version":"1.0","dataSet":{"info":{"date":"20230116","occupation":"MM","channel":"MOCK","place":"ONLINE","gender":"FEMALE","ageRange":"45-54","experience":"EXPERIENCED"},"question":{"raw":{"text":"어 최근에 고령화 사회로 가면서 이제 치매에 관련된 문제가 많이 발생하고 있습니다 어 지원자님께서 생각하시기에 건강보험공단이 어 이런 것에 대해서 해야 하는 개선 방안에 대해 말씀해 주세요","wordCount":27},"emotion":[],"intent":[]},"answer":{"raw":{"text":"치매는 어 치매에 걸린 사람 만의 문제가 아니라 그 오랜 시간 치매가 걸린 상태로 그 사람을 돌보아야 하고 그 사람에게 책임을 져야 할 다른 가족 구성원들이 정상정인 정상적인 삶을 영위할 수 없을 수 밖에 없는 그런 상황으로 몰아가는 아주 어 가족 공동체 전체가 와해 될 수 있는 그런 문제라 어 아주 힘든 상황에 처해있는 사람들을 많이 보았습니다. 건보 공단은 지금 장기 요양 급여나 아니면 어 재가 해서 재가 요양을 하는 재가 요양에 대한 어 지원을 하고 있는데요. 어 사실은 실질적인 도움을 받지 못하고 아주 작은 좋은 도움 밖에 받지 못하는 경우가 많습니다. 장기 요양을 해야 되는 기관들이 믿을 만한 기관들이 아직 까지 그런 시설들이 더 설비돼야 하고 그리고 기준도 좀 높여야 될 것 같습니다. 그리고 재가의 경우에도 어 그 중증 장애인지 아닌지를 확인 하기 보다는 분명히 재가에서 손길이 필요한 사람에게는 어 얼마큼의 그 가족 구성원의 노력이 필요한지도 반드시 체크해 봐야 될 문제라고 생각합니다.","wordCount":143},"emotion":[{"text":"건보 공단은 지금 장기 요양 급여나 아니면 어 재가 해서 재가 요양을 하는 재가 요양에 대한 어 지원을 하고 있는데요.","expression":"u-fact","category":"neutral"}],"intent":[{"text":"","expression":"","category":"attitude"}],"summary":{"text":"치매는 가족 공동체 전체가 와해 될 수 있는 문제라 힘든 상황에 처해있는 사람들을 많이 보았습니다. 건보 공단에서 재가 요양에 대한 지원을 하고 있지만 실질적으로 도움을 받지 못하는 경우가 많습니다. 장기 요양을 해야 되는 기관들이 믿을 만한 시설들이 더 설비돼야 하고 기준도 높여야 될 것 같습니다.","wordCount":45}}},"rawDataInfo":{"question":{"fileFormat":"wav","fileSize":594318,"duration":18570,"samplingBit":16,"channelCount":1,"samplingRate":"16kHz","audioPath":"/Mock/07.ProductionManufacturing/Female/Experienced/ckmk_q_mm_f_e_213507.wav"},"answer":{"fileFormat":"wav","fileSize":2819918,"duration":88120,"samplingBit":16,"channelCount":1,"samplingRate":"16kHz","audioPath":"/Mock/07.ProductionManufacturing/Female/Experienced/ckmk_a_mm_f_e_213507.wav"}}}