{"version":"1.0","dataSet":{"info":{"date":"20230116","occupation":"MM","channel":"MOCK","place":"ONLINE","gender":"FEMALE","ageRange":"45-54","experience":"EXPERIENCED"},"question":{"raw":{"text":"교대 근무라는 게 사실 쉽지가 않습니다 그렇다고 한다면 이 교대 근무를 조금 더 수월하게 하기 위해서 어떤 형태로 변화해야 된다고 본인은 생각하십니까","wordCount":22},"emotion":[],"intent":[]},"answer":{"raw":{"text":"어 가장 생산적인 교대 근무는 어 일을 하는 사람들이 생산성을 어 발휘할 수 있는 교대 근무여야 한다고 생각합니다. 어 삼 조 이 교대를 많이 하고 있는데 생산 어 현장에서는요. 제가 생각할 때 생산 현장에서 근무하는 근로자들이 가장 생산성을 높이면서 어 일을 하면서도 뭔가 보람을 찾고 휴식도 충분히 누릴 수 있는 교대는 사 조 이 교대 정도 될 것 같습니다. 사 조 이 교대로 여섯 시간 텀으로 근무를 하고 주간 근무를 두 번 하고 어 이틀을 쉬고 또 야간 근무를 두 번 두 번 하고 이틀을 쉬고 그런 식으로 어 돌아가는데 여섯 시간 단위로 근무를 해서 충분히 휴식을 취하면서 일에 집중을 할 수 있는 기계나 설비나 어떤 이윤의 극대화보다는 사람의 건강이나 생산성 사람이 나타낼 수 있는 어떤 정신적인 시너지 휴식 이런 것들의 가치를 조금 더 높이 평가하는 어 면에서 사 조 이 교대가 생산성을 높일 수 있는 그 교대 근무 형태라고 그렇게 생각됩니다. 충분히 휴식을 취하고 효과를 발휘할 수 있는 정도의 가장 최소한의 장치는 그 정도의 교대 근무가 아닐까 생각합니다.","wordCount":159},"emotion":[],"intent":[{"text":"어 가장 생산적인 교대 근무는 어 일을 하는 사람들이 생산성을 어 발휘할 수 있는 교대 근무여야 한다고 생각합니다.","expression":"f_shift","category":"technology"},{"text":"어 삼 조 이 교대를 많이 하고 있는데 생산 어 현장에서는요.","expression":"f_shift","category":"technology"},{"text":"제가 생각할 때 생산 현장에서 근무하는 근로자들이 가장 생산성을 높이면서 어 일을 하면서도 뭔가 보람을 찾고 휴식도 충분히 누릴 수 있는 교대는 사 조 이 교대 정도 될 것 같습니다.","expression":"f_shift","category":"technology"},{"text":"사 조 이 교대로 여섯 시간 텀으로 근무를 하고 주간 근무를 두 번 하고 어 이틀을 쉬고 또 야간 근무를 두 번 두 번 하고 이틀을 쉬고 그런 식으로 어 돌아가는데 여섯 시간 단위로 근무를 해서 충분히 휴식을 취하면서 일에 집중을 할 수 있는 기계나 설비나 어떤 이윤의 극대화보다는 사람의 건강이나 생산성 사람이 나타낼 수 있는 어떤 정신적인 시너지 휴식 이런 것들의 가치를 조금 더 높이 평가하는 어 면에서 사 조 이 교대가 생산성을 높일 수 있는 그 교대 근무 형태라고 그렇게 생각됩니다.","expression":"f_shift","category":"technology"},{"text":"충분히 휴식을 취하고 효과를 발휘할 수 있는 정도의 가장 최소한의 장치는 그 정도의 교대 근무가 아닐까 생각합니다.","expression":"f_shift","category":"technology"}],"summary":{"text":"가장 생산적인 교대 근무는 사람들이 생산성을 발휘할 수 있는 교대 근무여야 합니다. 특히 생산 현장에서는 사조 이 교대가 가장 생산성을 높이면서 일을 하면서도 보람을 찾고 휴식도 충분히 누릴 수 있는 교대입니다. 사람의 건강이나 생산성, 사람이 나타낼 수 있는 정신적인 시너지, 휴식의 가치를 더 높이 평가하는 교대 근무 형태인 것입니다.","wordCount":49}}},"rawDataInfo":{"question":{"fileFormat":"wav","fileSize":577678,"duration":18050,"samplingBit":16,"channelCount":1,"samplingRate":"16kHz","audioPath":"/Mock/07.ProductionManufacturing/Female/Experienced/ckmk_q_mm_f_e_282688.wav"},"answer":{"fileFormat":"wav","fileSize":2623118,"duration":81970,"samplingBit":16,"channelCount":1,"samplingRate":"16kHz","audioPath":"/Mock/07.ProductionManufacturing/Female/Experienced/ckmk_a_mm_f_e_282688.wav"}}}