{"version":"1.0","dataSet":{"info":{"date":"20230116","occupation":"MM","channel":"MOCK","place":"ONLINE","gender":"FEMALE","ageRange":"45-54","experience":"EXPERIENCED"},"question":{"raw":{"text":"지원자님께서 만일 우리 회사에 들어오게 된다면 가장 가고 싶은 부서는 어디인가요 또 왜 그렇게 생각하시는지 이유를 함께 말씀해 주시기 바랍니다","wordCount":20},"emotion":[],"intent":[]},"answer":{"raw":{"text":"저는 이 회사에 들어 오게 된다면 기획 전략 팀에서 일하고 싶습니다. 어 실질적인 생산과 어 상품 개발에 대한 관심도 물론 있지만 그 부분은 제가 이미 조금 몸담고 공부해 왔던 부분이고 일해 왔던 부분이기 때문에 그것을 하면서 어 기획 전략을 하면 이런 부분의 것들을 개선해야 되겠다 그 개선점을 생각하고 전략적으로 접근해야겠다 라고 늘 생각해 왔던 부분을 제가 직접 기획 전략실에서 어 전략을 짜고 실천해 보고 싶습니다. 어 생산성을 키우기 위한 것을 생산 부서에서 하고 그다음에 어 상품 개발을 실질적으로 상품 개발 분야 연구 개발 분야에서 할 수도 있겠지만 그것들을 통틀어서 기획하고 전략하는 팀에서 좀 더 통 크게 나머지 것들을 전부 관리하는 그런 모니터링하고 관리하고 통계를 내고 그것들을 해석하면서 문제점을 찾아내고 문제점을 고치고 발전해 나가는 일에 직접 참여해 보고 싶습니다.","wordCount":118},"emotion":[],"intent":[{"text":"","expression":"","category":"attitude"}],"summary":{"text":"이 회사에 들어 온다면 기획 전략 회사에서 일하고 싶습니다. 생산 부서와 상품 개발을 통틀어서 기획하고 전략하는 팀이 통 크게 나머지 것들을 전부 관리하는 그런 모니터링하고 관리하고 통계를 내고 해석하면서 문제점을 찾아내고 문제점을 고치고 발전해 나가는 일에 직접 참여해 보고 싶습니다.","wordCount":40}}},"rawDataInfo":{"question":{"fileFormat":"wav","fileSize":525518,"duration":16420,"samplingBit":16,"channelCount":1,"samplingRate":"16kHz","audioPath":"/Mock/07.ProductionManufacturing/Female/Experienced/ckmk_q_mm_f_e_239840.wav"},"answer":{"fileFormat":"wav","fileSize":2644558,"duration":82640,"samplingBit":16,"channelCount":1,"samplingRate":"16kHz","audioPath":"/Mock/07.ProductionManufacturing/Female/Experienced/ckmk_a_mm_f_e_239840.wav"}}}