{"version":"1.0","dataSet":{"info":{"date":"20230116","occupation":"MM","channel":"MOCK","place":"ONLINE","gender":"FEMALE","ageRange":"45-54","experience":"EXPERIENCED"},"question":{"raw":{"text":"지금부터 삼 년 뒤까지 삼 년 내에 주요 성장 계획 목표가 있다면 말씀해 주세요","wordCount":14},"emotion":[],"intent":[]},"answer":{"raw":{"text":"생산 관리 팀의 업무를 맡아서 일하면서 지금까지는 주어진 어 생산 관리 팀에서의 주어진 그 제가 할 수 있는 기계 설비에 대해서만 집중하고 그 일을 그냥 개인적으로 잘 해내는 데만 집중해서 일을 해 왔다고 하면 앞으로 삼 년 뒤까지 제 계획은 어 생산 관리 전체를 통털어 어 수치를 관리하거나 데이터 관리 분석 이런 걸 통해서 생산성을 높이고 효율적인 생산 관리 어 업무를 어 기획하는 그런 기획에 대한 공부를 하고 싶습니다. 어 생산하는 기술력 자체만이 중요한 것이 아니라 기술력을 최대한으로 효과 최대한의 효과치로 끌어 올릴 수 있는 그런 어 더 중요한 원론적인 공부를 통해서만이 어 어 데이터 관리 정보 분석 이런 것들을 가지고 생산성을 더 효과적으로 높이는 길이 이윤을 극대화하고 효과적으로 생산 관리를 해 나가고 결과치를 정량에 이르도록 이끌 수 있는 방법이라는 생각이 들어서 여태까지 제가 해 보지 않은 것들에 좀 더 발전적인 그런 생산 관리 효율성에 대한 공부를 하고 싶습니다. 그럴 계획입니다.","wordCount":141},"emotion":[{"text":"생산 관리 팀의 업무를 맡아서 일하면서 지금까지는 주어진 어 생산 관리 팀에서의 주어진 그 제가 할 수 있는 기계 설비에 대해서만 집중하고 그 일을 그냥 개인적으로 잘 해내는 데만 집중해서 일을 해 왔다고 하면 앞으로 삼 년 뒤까지 제 계획은 어 생산 관리 전체를 통털어 어 수치를 관리하거나 데이터 관리 분석 이런 걸 통해서 생산성을 높이고 효율적인 생산 관리 어 업무를 어 기획하는 그런 기획에 대한 공부를 하고 싶습니다.","expression":"p-interest","category":"positive"},{"text":"어 생산하는 기술력 자체만이 중요한 것이 아니라 기술력을 최대한으로 효과 최대한의 효과치로 끌어 올릴 수 있는 그런 어 더 중요한 원론적인 공부를 통해서만이 어 어 데이터 관리 정보 분석 이런 것들을 가지고 생산성을 더 효과적으로 높이는 길이 이윤을 극대화하고 효과적으로 생산 관리를 해 나가고 결과치를 정량에 이르도록 이끌 수 있는 방법이라는 생각이 들어서 여태까지 제가 해 보지 않은 것들에 좀 더 발전적인 그런 생산 관리 효율성에 대한 공부를 하고 싶습니다.","expression":"p-interest","category":"positive"}],"intent":[{"text":"생산 관리 팀의 업무를 맡아서 일하면서 지금까지는 주어진 어 생산 관리 팀에서의 주어진 그 제가 할 수 있는 기계 설비에 대해서만 집중하고 그 일을 그냥 개인적으로 잘 해내는 데만 집중해서 일을 해 왔다고 하면 앞으로 삼 년 뒤까지 제 계획은 어 생산 관리 전체를 통털어 어 수치를 관리하거나 데이터 관리 분석 이런 걸 통해서 생산성을 높이고 효율적인 생산 관리 어 업무를 어 기획하는 그런 기획에 대한 공부를 하고 싶습니다.","expression":"f_prod_plan","category":"technology"},{"text":"어 생산하는 기술력 자체만이 중요한 것이 아니라 기술력을 최대한으로 효과 최대한의 효과치로 끌어 올릴 수 있는 그런 어 더 중요한 원론적인 공부를 통해서만이 어 어 데이터 관리 정보 분석 이런 것들을 가지고 생산성을 더 효과적으로 높이는 길이 이윤을 극대화하고 효과적으로 생산 관리를 해 나가고 결과치를 정량에 이르도록 이끌 수 있는 방법이라는 생각이 들어서 여태까지 제가 해 보지 않은 것들에 좀 더 발전적인 그런 생산 관리 효율성에 대한 공부를 하고 싶습니다.","expression":"f_prod_plan","category":"technology"}],"summary":{"text":"생산 관리 팀의 업무를 맡아서 일하면서 앞으로 삼 년 뒤까지 제 계획은 생산 관리 전체를 통핸 수치를 관리하거나 데이터 관리 분석을 통해 생산성을 높이고 효율적인 생산 관리 업무를 기획하는 그런 공부를 하고 싶습니다.","wordCount":33}}},"rawDataInfo":{"question":{"fileFormat":"wav","fileSize":269518,"duration":8420,"samplingBit":16,"channelCount":1,"samplingRate":"16kHz","audioPath":"/Mock/07.ProductionManufacturing/Female/Experienced/ckmk_q_mm_f_e_213373.wav"},"answer":{"fileFormat":"wav","fileSize":2704718,"duration":84520,"samplingBit":16,"channelCount":1,"samplingRate":"16kHz","audioPath":"/Mock/07.ProductionManufacturing/Female/Experienced/ckmk_a_mm_f_e_213373.wav"}}}