{"version":"1.0","dataSet":{"info":{"date":"20230116","occupation":"MM","channel":"MOCK","place":"ONLINE","gender":"FEMALE","ageRange":"45-54","experience":"EXPERIENCED"},"question":{"raw":{"text":"일을 하다 보면 영어로 서류를 작성해야 할 일이 생길 수 있습니다 지원자님께서는 영어로 서류를 작성하실 수 있으십니까","wordCount":17},"emotion":[],"intent":[]},"answer":{"raw":{"text":"영어는 제 부전공이고 어 경력 단절된 기간에 제가 영어를 방송통신대학에서 다시 영어 전공을 새롭게 했기 때문에 영어 서류 작성은 뭐 자신이 있을 정도는 아니지만 아주 어려운 제가 전혀 해 보지 않은 전문 분야라면 공부해서라도 서류 작성을 할 수 있습니다. 노력해서 기존에 있던 정보들 서류 정보들을 가져와서 그것들을 잘 읽어 보고 꼼꼼하게 작성하는 방법을 터득한다면 빠른 시간 안에 어떤 분야의 서류든지 제가 조금 공부를 한다면 영어 서류 작성에는 크게 문제가 없습니다.","wordCount":70},"emotion":[],"intent":[{"text":"","expression":"","category":"attitude"}],"summary":{"text":"영어가 전혀 해 보지 않은 전문 분야라면 공부해서라도 영어 서류 작성을 할 수 있습니다. 노력을 해서 기존에 있는 정보들을 가져와 꼼꼼하게 작성하는 방법을 터득한다면 크게 문제가 없습니다.","wordCount":27}}},"rawDataInfo":{"question":{"fileFormat":"wav","fileSize":487118,"duration":15220,"samplingBit":16,"channelCount":1,"samplingRate":"16kHz","audioPath":"/Mock/07.ProductionManufacturing/Female/Experienced/ckmk_q_mm_f_e_261460.wav"},"answer":{"fileFormat":"wav","fileSize":1265998,"duration":39560,"samplingBit":16,"channelCount":1,"samplingRate":"16kHz","audioPath":"/Mock/07.ProductionManufacturing/Female/Experienced/ckmk_a_mm_f_e_261460.wav"}}}