{"version":"1.0","dataSet":{"info":{"date":"20230116","occupation":"MM","channel":"MOCK","place":"ONLINE","gender":"FEMALE","ageRange":"45-54","experience":"EXPERIENCED"},"question":{"raw":{"text":"혹시 이직을 생각하는 동료를 만나게 된다면 뭐라고 말씀하실 건가요 그리고 왜 그렇게 말씀하실지 그 이유도 같이 설명해 주세요","wordCount":18},"emotion":[],"intent":[]},"answer":{"raw":{"text":"이직을 생각하는 동료를 만나게 된다면 그 동료가 이직을 생각하는 이유에 대해서 먼저 이야기를 들어보겠습니다. 이직이라는 게 단순히 아주 쉬운 이유 뭐 간단한 이유만으로 본인의 부족한 부분 불만스러운 부분을 해결하기 위해서 이직을 하는 거라고 생각하지 않습니다. 그리고 그렇게 쉽게 이직을 해서 얻어질 수 있는 것도 스스로 얻어질 수 있는 것도 없다고 생각하기 때문에 이직을 하는 이유가 어떤 이유에서인지 그 이직에 대한 어떤 심각한 고민을 들어보겠습니다. 이직에 본인이 이직을 하는 데 있어서 여러 가지 이유가 있겠죠. 그 이유가 아주 뭐 타당하고 본인이 앞으로 배워야 할 것들이 많고 여러 가지 본인에게 정말 필요하다고 생각하는 것을 이직한다고 하면 그 이직에 대해서는 찬성해 줄 것 같습니다. 하지만 그 이유가 그냥 단순히 회사 생활 힘들다든지 업무 환경이 약간 개선됐으면 좋겠다는 단순한 이유에서 이직을 생각하는 거라면 이직에 대해서 좀 더 다시 생각해 봐라 심사숙고 해 봐라 라고 충고해 줄 것 같습니다. 이직은 정말 꼭 필요하면 이직을 정말 너무 중요하다 이 이직은 나한테 너무 중요한 결정이다 라고 생각하는 그런 상황이 아니라면 이직은 신중하게 결정해야 된다고 보기 때문에 그렇게 얘기해 줄 것 같습니다.","wordCount":164},"emotion":[],"intent":[{"text":"","expression":"","category":"attitude"}],"summary":{"text":"이직에 대한 고민을 들어보겠습니다. 이직을 하는 데 있어서 여러 가지 이유가 있겠지만 그 이유가 아주 타당하고 본인이 배워야 할 것들이 많고 여러 가지 본인에게 정말 필요하다고 생각하는 것을 이직한다면 찬성해 줄 것 같습니다. 하지만 단순히 회사 생활 힘들다든지 업무 환경이 약간 개선됐으면 좋겠다는 단순한 이유에서 이직을 생각하는 거라면 심사숙고해 봐야 합니다.","wordCount":51}}},"rawDataInfo":{"question":{"fileFormat":"wav","fileSize":367438,"duration":11480,"samplingBit":16,"channelCount":1,"samplingRate":"16kHz","audioPath":"/Mock/07.ProductionManufacturing/Female/Experienced/ckmk_q_mm_f_e_281093.wav"},"answer":{"fileFormat":"wav","fileSize":2997198,"duration":93660,"samplingBit":16,"channelCount":1,"samplingRate":"16kHz","audioPath":"/Mock/07.ProductionManufacturing/Female/Experienced/ckmk_a_mm_f_e_281093.wav"}}}