{"version":"1.0","dataSet":{"info":{"date":"20230116","occupation":"MM","channel":"MOCK","place":"ONLINE","gender":"FEMALE","ageRange":"45-54","experience":"EXPERIENCED"},"question":{"raw":{"text":"우리 회사에서는 교대 근무 형태가 있습니다 어 면접자 본인께서 교대 근무를 해 보신 적이 있는지 궁금을 하구요 그리고 가장 생산적인 교대 근무는 어떤 형태라고 생각을 하십니까","wordCount":26},"emotion":[],"intent":[]},"answer":{"raw":{"text":"그 교대 근무라고 하면 기계가 끊임없이 기계 설비가 돌아가야 되는 상황에서 이십 사 시간 어 교대 근무를 말씀하시는 거라고 가정하고 답하자면 일단 저는 삼 조 이 교대 정도가 가장 효과적이고 생산적인 교대 근무 형태라고 볼 수 있 있을 것 같습니다. 어 삼 조 이 교대는 주간 사 일 하고 휴식 이틀 하고 어 야간 사 일 하고 휴식 이틀 하는 이것이 개인적으로는 괜찮은데 그 이유는 주간 이틀 어 야간 이틀 휴식 이틀 이렇게 돌아가는 것보다는 주간을 사 일 쭉 적응하고 어 그 다음에 휴식을 취한 다음에 또 야간을 사일 쭉 해서 연이어서 야간을 쭉 하고 그냥 휴식을 취하고 이렇게 하는 것이 일단 몸의 리듬을 조금씩 길게 맞춰 가져가고 쉬고 또 다시 맞춰 가져가고 쉬고 그러는 것이 어 짧게 짧게 주간과 야간을 반복하는 것보다는 생산성 면에서도 좋고 그리고 적응하는 사람들의 적응력에도 좋고 그래서 기계 설비에 더 효과적일 거라고 봅니다.","wordCount":138},"emotion":[],"intent":[{"text":"그 교대 근무라고 하면 기계가 끊임없이 기계 설비가 돌아가야 되는 상황에서 이십 사 시간 어 교대 근무를 말씀하시는 거라고 가정하고 답하자면 일단 저는 삼 조 이 교대 정도가 가장 효과적이고 생산적인 교대 근무 형태라고 볼 수 있 있을 것 같습니다.","expression":"f_shift","category":"technology"},{"text":"어 삼 조 이 교대는 주간 사 일 하고 휴식 이틀 하고 어 야간 사 일 하고 휴식 이틀 하는 이것이 개인적으로는 괜찮은데 그 이유는 주간 이틀 어 야간 이틀 휴식 이틀 이렇게 돌아가는 것보다는 주간을 사 일 쭉 적응하고 어 그 다음에 휴식을 취한 다음에 또 야간을 사일 쭉 해서 연이어서 야간을 쭉 하고 그냥 휴식을 취하고 이렇게 하는 것이 일단 몸의 리듬을 조금씩 길게 맞춰 가져가고 쉬고 또 다시 맞춰 가져가고 쉬고 그러는 것이 어 짧게 짧게 주간과 야간을 반복하는 것보다는 생산성 면에서도 좋고 그리고 적응하는 사람들의 적응력에도 좋고 그래서 기계 설비에 더 효과적일 거라고 봅니다.","expression":"f_shift","category":"technology"}],"summary":{"text":"기계 설비가 끊임없이 돌아가야 하는 상황에서 삼 조 이 교대 정도가 가장 효율적이고 생산적인 교대 근무 형태라고 볼 수 있습니다. 삼교대는 주간과 야간을 반복하는 것보다는 생산성 면에서도 좋고 적응하는 사람들의 적응력에도 좋기 때문에 기계 설비에 더 효과적일 것입니다.","wordCount":38}}},"rawDataInfo":{"question":{"fileFormat":"wav","fileSize":619598,"duration":19360,"samplingBit":16,"channelCount":1,"samplingRate":"16kHz","audioPath":"/Mock/07.ProductionManufacturing/Female/Experienced/ckmk_q_mm_f_e_261571.wav"},"answer":{"fileFormat":"wav","fileSize":2306638,"duration":72080,"samplingBit":16,"channelCount":1,"samplingRate":"16kHz","audioPath":"/Mock/07.ProductionManufacturing/Female/Experienced/ckmk_a_mm_f_e_261571.wav"}}}