{"version":"1.0","dataSet":{"info":{"date":"20230116","occupation":"MM","channel":"MOCK","place":"ONLINE","gender":"FEMALE","ageRange":"45-54","experience":"EXPERIENCED"},"question":{"raw":{"text":"지원자님의 전공과 관련해서 최근 부족하다고 느끼고 따로 공부를 하고 있는 분야가 있으신가요 구체적으로 해당 공부를 설명해 주세요","wordCount":17},"emotion":[],"intent":[]},"answer":{"raw":{"text":"저의 전공은 어 생산 관리 부서를 담당해서 어 그 관리를 좀 더 효율적으로 하는 여러 가지 것들을 공부하는 전공인데 어 부족한 부분은 새로운 기계 설비나 어 새로 도입되는 인공 지능을 통한 관리 시스템을 제가 아직 어 자세히 공부하거나 익숙하게 어 따라가지 못하고 있습니다. 새롭게 도입된 것들에 대한 공부를 하지 않고 기존에 제가 알고 있던 것들로만 어 공부를 어 게을리해서 알고 있던 지식으로만 이 일을 하기에는 많이 부족해서 에이아이 인공 지능을 이용하여 어 보다 현명하고 실질적인 생산 관리 효율성을 높이는 방법들을 어 익히고 공부하도록 하고 미래에 대비하도록 하겠습니다. 열심히 공부를 하고 있습니다. 어 쉽지는 않지만 새롭게 어 공부하는 것은 어 매우 필요하다고 생각합니다.","wordCount":102},"emotion":[],"intent":[{"text":"","expression":"","category":"attitude"}],"summary":{"text":"생산 관리 부서 담당 전공인 저는 새로운 기계 설비나 인공 지능을 통한 관리 시스템을 잘 따라가지 못하고 있습니다. 앞으로 에이아이 인공 지능으로 생산 관리 효율성을 높이는 방법을 공부해 미래에 대비하도록 하겠습니다. 새롭게 공부하는 것은 매우 필요하다고 생각합니다.","wordCount":37}}},"rawDataInfo":{"question":{"fileFormat":"wav","fileSize":617678,"duration":19300,"samplingBit":16,"channelCount":1,"samplingRate":"16kHz","audioPath":"/Mock/07.ProductionManufacturing/Female/Experienced/ckmk_q_mm_f_e_240018.wav"},"answer":{"fileFormat":"wav","fileSize":2400718,"duration":75020,"samplingBit":16,"channelCount":1,"samplingRate":"16kHz","audioPath":"/Mock/07.ProductionManufacturing/Female/Experienced/ckmk_a_mm_f_e_240018.wav"}}}