{"version":"1.0","dataSet":{"info":{"date":"20230116","occupation":"MM","channel":"MOCK","place":"ONLINE","gender":"FEMALE","ageRange":"45-54","experience":"EXPERIENCED"},"question":{"raw":{"text":"최근 공부하고 있는 분야가 있다면 그것을 왜 공부하고 있는지 지금까지는 어떤 것들을 배웠는지 말씀해 주세요","wordCount":15},"emotion":[],"intent":[]},"answer":{"raw":{"text":"요즘은 어 생산 설비 기계가 나날이 컴퓨터화 되고 인공 지능화가 돼서 엄청 발전하고 있습니다. 그래서 어 예전에는 수동이나 이런 조작이 많이 필요했고 사람의 손으로 해야 되는 일들이 많았는데 이제는 기계 설비도 거의 자동화되고 그리고 프로그래밍을 통해서 컴퓨터 용어로 입력을 해서 기계가 제대로 작동하도록 돕는 일로 주로 대세가 바뀌었고 물론 그 와중에 이제 사람의 손으로 해야 되는 부분도 아직까지는 많이 남아 있습니다만 어 그럼에도 불구하고 인공 지능을 통해서 전체적으로 옷을 만든다고 하면 옷에 전체적인 디자인 같은 걸 입력하면 기계가 알아서 짜주고 기계에 입력하는 입력 값만 정확하게 떨어진다면 사람의 손이 아주 최소한으로 갔을 때도 완벽한 옷을 짜게 되는 특히 직조 같은 경우에는 그렇게 상황이 바뀌었습니다. 그래서 저의 공부 방향은 인공지능이 어 이용되는 프로그래밍 컴퓨터 프로그래밍 언어에 대해서 어 설계 프로그래밍이나 옷을 짜는 디자이너 프로그램이라든지 이런 것들에 대해서 점점 공부를 하고 있습니다. 그래서 다양한 옷을 다양한 방법으로 더 쉽고 더 예쁘고 더 빠른 시간 안에 어 그리고 또 친환경적인 옷을 만들 수 있는 방법들을 어 더 잘 배울 수 있는 것이 이 분야라고 생각하고 시대의 흐름대로 어 디자인의 방향도 바뀌어 가는 것을 공부하고 있고 그에 필요한 기술적인 역량도 어 배우고 있습니다. 그리고 컴퓨터와 관련된 기계를 다루는 방법이나 설비를 꾸준히 조금씩 조금씩 제게 주어지는 일들을 통해서 배우고 있습니다.","wordCount":194},"emotion":[],"intent":[{"text":"요즘은 어 생산 설비 기계가 나날이 컴퓨터화 되고 인공 지능화가 돼서 엄청 발전하고 있습니다.","expression":"f_equip","category":"technology"},{"text":"그래서 어 예전에는 수동이나 이런 조작이 많이 필요했고 사람의 손으로 해야 되는 일들이 많았는데 이제는 기계 설비도 거의 자동화되고 그리고 프로그래밍을 통해서 컴퓨터 용어로 입력을 해서 기계가 제대로 작동하도록 돕는 일로 주로 대세가 바뀌었고 물론 그 와중에 이제 사람의 손으로 해야 되는 부분도 아직까지는 많이 남아 있습니다만 어 그럼에도 불구하고 인공 지능을 통해서 전체적으로 옷을 만든다고 하면 옷에 전체적인 디자인 같은 걸 입력하면 기계가 알아서 짜주고 기계에 입력하는 입력 값만 정확하게 떨어진다면 사람의 손이 아주 최소한으로 갔을 때도 완벽한 옷을 짜게 되는 특히 직조 같은 경우에는 그렇게 상황이 바뀌었습니다.","expression":"f_equip","category":"technology"}],"summary":{"text":"기계 설비가 자동화되고 컴퓨터 용어를 입력해서 기계가 제대로 작동하도록 돕는 일로 대세가 바뀌었지만, 인공 지능을 통해서 전체적으로 옷을 만든다고 하면 옷에 전체적인 디자인 같은 걸 입력하면 기계가 알아서 짜주고 입력 값만 정확하게 떨어진다면 사람의 손이 아주 최소한으로 갔을 때도 완벽한 옷을 짜게 되는 직조 같은 경우에는 그렇게 상황이 바뀌었습니다.","wordCount":49}}},"rawDataInfo":{"question":{"fileFormat":"wav","fileSize":310478,"duration":9700,"samplingBit":16,"channelCount":1,"samplingRate":"16kHz","audioPath":"/Mock/07.ProductionManufacturing/Female/Experienced/ckmk_q_mm_f_e_282219.wav"},"answer":{"fileFormat":"wav","fileSize":3516878,"duration":109900,"samplingBit":16,"channelCount":1,"samplingRate":"16kHz","audioPath":"/Mock/07.ProductionManufacturing/Female/Experienced/ckmk_a_mm_f_e_282219.wav"}}}