{"version":"1.0","dataSet":{"info":{"date":"20230116","occupation":"MM","channel":"MOCK","place":"ONLINE","gender":"FEMALE","ageRange":"45-54","experience":"EXPERIENCED"},"question":{"raw":{"text":"과거 프로젝트를 수행했던 경험이 있다면 지원자님께서는 그 프로젝트 내에서 어떤 역할을 맡으셨는지 궁금합니다","wordCount":13},"emotion":[],"intent":[]},"answer":{"raw":{"text":"어 재작년에 있던 프로젝트였는데요. 어 처음 거래하는 유럽 회사에서 어 들어온 설비를 국내에서 공장을 설치하는 일이었습니다. 포장 기계였는데요. 어 저 계약서상에 있었던 설치해서 첫 가동까지 점검을 해주는 것으로 되어 있었는데 어 갑자기 코로나가 터지는 바람에 음 인력이 한국에 들어오지 못하는 그런 불상사가 발행 발생됐습니다. 생산 스케줄은 이미 정해져 있고 거기에 맞춰서 설비가 들어왔는데 어 해외에서 인원이 못 들어오니까 그 지속 지연이 되다 보니까 차질을 빚었습니다. 어 다행히 그 유사한 그 설비를 사용했던 외국인 동료가 한국에 있었고요. 그리고 그 줌을 통해서 그 지시를 받으면서 설치했던 어 그런데 굉장히 좀 긴급하고 많이 힘들었던 그런 경험이 있습니다. 어 그래서 그거는 그 계약 담당을 했기 때문에 그 부분이 이행이 되지 않으면 굉장히 좀 계약상에 문제가 생기는 그런 어려운 상황이었는데요. 다행이에요. 그런 한 명이 한국에도 있었고 또 줌을 통해서 통제하면서 지시 받으면서 이제 무사히 좀 넘어갔던 아찔했던 그런 기억이 있습니다.","wordCount":135},"emotion":[],"intent":[{"text":"","expression":"","category":"attitude"}],"summary":{"text":"재 작년의 프로젝트에서, 처음 거래하는 유럽 회사의 설비를 국내 공장에서 설치하는 일이었는데, 갑자기 코로나 때문에 인력이 한국에 들어오지 못하는 불상사가 발생 했습니다. 다행히 비슷한 설비를 사용했던 외국인 동료가 한국에 있었고, 줌을 통해서 통제하고 지시 받으면서 안전하게 넘어갔던 경험이 있습니다.","wordCount":39}}},"rawDataInfo":{"question":{"fileFormat":"wav","fileSize":453198,"duration":14160,"samplingBit":16,"channelCount":1,"samplingRate":"16kHz","audioPath":"/Mock/07.ProductionManufacturing/Female/Experienced/ckmk_q_mm_f_e_275354.wav"},"answer":{"fileFormat":"wav","fileSize":2914638,"duration":91080,"samplingBit":16,"channelCount":1,"samplingRate":"16kHz","audioPath":"/Mock/07.ProductionManufacturing/Female/Experienced/ckmk_a_mm_f_e_275354.wav"}}}