{"version":"1.0","dataSet":{"info":{"date":"20230116","occupation":"MM","channel":"MOCK","place":"ONLINE","gender":"FEMALE","ageRange":"45-54","experience":"EXPERIENCED"},"question":{"raw":{"text":"본인이 다룰 수 있는 프로그램은 무엇인가요 어느 수준으로 사용할 수 있는지도 궁금하네요","wordCount":12},"emotion":[],"intent":[]},"answer":{"raw":{"text":"예 저는 자바와 씨를 좀 배웠습니다. 물론 옛날 언어이긴 한데요. 그때는 그것이 기본이 되었고 또 씨나 자바를 하면 좀 확장을 해서 할 수 있는 프로그래밍이 많기 때문에 어 저는 씨와 자바를 좀 오랫동안 배웠습니다. 어 그래서 그냥 일반적인 프로젝트를 할 때 어 개발자 수준 개발자 중급 정도는 되는 것 같아요. 뭐 제가 더 이상은 프로그래밍을 하지 않았기 때문에 고급 개발자라고는 할 순 없지만 어 중급 개발자 정도는 되어서 프로그래밍을 할 수 있고 또 자바를 하다 보니 웹이나 이런 쪽도 쫌 확장해서 프로그래밍을 하고 분석할 수 있지 않을까 생각을 합니다. 그리고 프로그래밍을 하다 보니 프로젝트를 할 때 시스템 분석하는데 좀 도움이 되는 부분도 일부 있고요. 그리고 또 개발자분들의 환경을 이해하는 데 좀 도움이 되는 것 같습니다.","wordCount":115},"emotion":[],"intent":[{"text":"","expression":"","category":"attitude"}],"summary":{"text":"저는 중급 개발자 정도는 되어 프로그래밍을 할 수 있고 또 웹이나 이런 쪽도 좀 확장해서 프로그래밍을 하고 분석할 수 있을 것이라고 생각합니다. 또한 프로그래밍을 하다 보니 시스템 분석에 도움이 되고 또 개발자분들의 환경을 이해하는 데 좀 도움을 주는 것 같습니다.","wordCount":40}}},"rawDataInfo":{"question":{"fileFormat":"wav","fileSize":252558,"duration":7890,"samplingBit":16,"channelCount":1,"samplingRate":"16kHz","audioPath":"/Mock/07.ProductionManufacturing/Female/Experienced/ckmk_q_mm_f_e_301365.wav"},"answer":{"fileFormat":"wav","fileSize":1721998,"duration":53810,"samplingBit":16,"channelCount":1,"samplingRate":"16kHz","audioPath":"/Mock/07.ProductionManufacturing/Female/Experienced/ckmk_a_mm_f_e_301365.wav"}}}