{"version":"1.0","dataSet":{"info":{"date":"20230116","occupation":"MM","channel":"MOCK","place":"ONLINE","gender":"FEMALE","ageRange":"45-54","experience":"EXPERIENCED"},"question":{"raw":{"text":"과거 프로젝트를 수행했던 경험이 있으신지 궁금합니다 어떤 프로젝트에서 지원자님은 어떤 역할을 맡으셨는지 구체적으로 말씀 부탁드립니다","wordCount":15},"emotion":[],"intent":[]},"answer":{"raw":{"text":"어 생산성 향상에 관한 혁신 프로젝트를 생산 라인에서 수행했던 경험이 있습니다. 저는 생산 라인에서 모니터링 작업을 하면서 기존에 있던 어 생산 라인의 생산성이 왜 제대로 향상되지 않는지에 대해서 의문을 지속적으로 제기했던 사람 중에 한 사람으로서 프로젝트를 수행하면서 제가 직접 그 문제점을 어 해결하고 그리고 어 모니터링하면서 느꼈던 점을 제가 스스로 어 개선할 수 있는 점을 찾아서 어 공부하고 핵심적인 프로젝트를 수행했습니다. 어 주요된 주요하게 어 설정됐던 내용은 원자재 공급에서 원자재가 자꾸 로스가 나는 부분에 대해서 그것이 왜 그런지 어 제가 모니터링한 바에 의하면 그것은 정보가 서로 공유되지 않아서 불필요한 낭비를 하게 되는 경우가 있었고 그리고 정확하게 그것들이 얼마큼 소요될지에 대한 예측이 정확한 통계치로 작성되지 않아서 분석의 문제였기 때문에 결국은 생산성 향상의 문제는 정확한 분석과 정확한 정보 공유에 있다 라는 것을 서로 인식하게 되었습니다. 그래서 각 생산 라인 과정 과정마다 중간자의 역할로서 어 모두 통계로 분석을 내고 바로바로 일에 차질이 없이 다음 파트로 넘어가거나 그 파트끼리의 어 생산량에 대한 진행 과정이라든지 어 순서라든지 이런 것들을 어 서로 정보를 공유해서 이해하고 그것을 의사소통하는 과정들을 더 활발하게 하고 정례화 해야 하였습니다. 그 정례화 해야 될 어 상호 작용과 의사소통 정보 공유 이런 것들 그리고 분석을 통한 어 미래 진행 사업 파악 같은 것을 모니터링 함으로써 생산성이 많이 향상되는 그런 직접적인 일을 했습니다.","wordCount":199},"emotion":[],"intent":[{"text":"","expression":"","category":"attitude"}],"summary":{"text":"생산 라인에서 생산성 향상에 관한 혁신 프로젝트를 수행했던 경험이 있습니다. 모니터링 작업을 하면서 문제점을 해결하고, 모니터링하면서 느꼈던 점을 스스로 개선할 수 있는 점을 찾아 핵심적인 프로젝트를 수행했습니다. 생산성 향상의 문제는 정확한 분석과 정확한 정보 공유에 있다는 것을 인식하게 되었고, 서로 정보를 공유해서 이해하고 그것을 의사소통하는 과정들을 더 활발하게 하고 정례화 해야 했습니다.","wordCount":52}}},"rawDataInfo":{"question":{"fileFormat":"wav","fileSize":611918,"duration":19120,"samplingBit":16,"channelCount":1,"samplingRate":"16kHz","audioPath":"/Mock/07.ProductionManufacturing/Female/Experienced/ckmk_q_mm_f_e_301933.wav"},"answer":{"fileFormat":"wav","fileSize":3817358,"duration":119290,"samplingBit":16,"channelCount":1,"samplingRate":"16kHz","audioPath":"/Mock/07.ProductionManufacturing/Female/Experienced/ckmk_a_mm_f_e_301933.wav"}}}