{"version":"1.0","dataSet":{"info":{"date":"20230116","occupation":"MM","channel":"MOCK","place":"ONLINE","gender":"FEMALE","ageRange":"45-54","experience":"EXPERIENCED"},"question":{"raw":{"text":"우리 회사에 입사를 했는데 업무 강도나 내용이 본인의 예상과 전혀 다르다면 지원자님은 어떻게 하실 건지 솔직하게 말씀해 주세요","wordCount":18},"emotion":[],"intent":[]},"answer":{"raw":{"text":"업무 내용이나 강도가 제가 예상했던 것과 전혀 다르다면 어떻게 다른 것일지 모르겠습니다. 만약 업무 내용과 강도가 제가 예상했던 것보다 굉장히 쉽다면 뭐 조금 더 독점적인 과제들을 제가 할 수 있도록 뭐 스스로 제안을 한다던지 프로젝트를 한 번 맡아서 해볼 수 있도록 기회를 달라고 제가 그런 기회를 어 엿보다가 할 수 있겠죠. 하지만 이제 업무 내용과 강도가 제가 해결하는 할 수 있는 그 범위를 벗어날 만큼 굉장히 어렵고 난이도가 있고 그리고 업무가 너무 과도하다 이럴 때는 제가 적응하는데 어려움을 좀 겪겠죠. 하지만 어려움을 겪지만 뭐 그 그 나름대로 적응을 잘 해 나가도록 노력하겠습니다. 원래 뭐 예상한 대로 되지 않을 거라는 생각은 어느 정도 합니다. 예상 제가 예상한 대로만 된다면 새로운 업무에 적응하는 기간이 무슨 무슨 필요가 있겠습니까. 그 적응 기간이라는 것은 제가 부족한 부분 업무 지식에서 부족한 부분도 공부하고 그리고 제가 예상하지 못한 업무 내용이나 강도에 대비하고 그것을 천천히 적응해 나가고 익숙해질 때까지 노력하는 것이 어 제가 해야 될 일이라고 생각합니다.","wordCount":150},"emotion":[],"intent":[{"text":"","expression":"","category":"attitude"}],"summary":{"text":"업무 내용과 강도가 예상보다 쉽다면 기회를 엿보다가 할 수 있겠지만, 난이도가 높고 업무가 과하다면 적응하는데 어려움을 겪겠지만 적응을 잘 해 나가도록 노력하겠습니다. 그 적응 기간이라는 것은 제가 부족한 부분을 공부하고, 예상하지 못한 업무 내용이나 강도에 대비하여 적응해 나가고 익숙해질 때까지 노력하는 것이 제가 해야 될 일이라고 생각합니다.","wordCount":47}}},"rawDataInfo":{"question":{"fileFormat":"wav","fileSize":612238,"duration":19130,"samplingBit":16,"channelCount":1,"samplingRate":"16kHz","audioPath":"/Mock/07.ProductionManufacturing/Female/Experienced/ckmk_q_mm_f_e_288272.wav"},"answer":{"fileFormat":"wav","fileSize":2825678,"duration":88300,"samplingBit":16,"channelCount":1,"samplingRate":"16kHz","audioPath":"/Mock/07.ProductionManufacturing/Female/Experienced/ckmk_a_mm_f_e_288272.wav"}}}