{"version":"1.0","dataSet":{"info":{"date":"20230116","occupation":"MM","channel":"MOCK","place":"ONLINE","gender":"FEMALE","ageRange":"45-54","experience":"EXPERIENCED"},"question":{"raw":{"text":"본인 스스로 생각할 때 본인은 창의에 가깝다고 생각을 하시는지 아니면 숫자에 가까운 사람이라고 생각을 하십니까 어떤 쪽에 자신이 더 가까운 사람이라고 생각을 하시는지 이유와 함께 말씀해 주세요","wordCount":27},"emotion":[],"intent":[]},"answer":{"raw":{"text":"어 저는 숫자와 창의 주 둘 다 저는 어 중간쯤에 위치해 있다고 스스로 생각합니다. 그 이유는 도전적이고 새로운 것을 알아 가는 걸 굉장히 좋아하고 새로운 것을 알아 보거나 어떤 일 처리를 새롭게 계획하는 것에 굉장히 열정을 가지고 노력하는 편이기 때문에 창의적인 부분도 있고 그러면서도 동시에 어 철저하게 계산된 어떤 틀 안에서 일을 실행해 나가는 것을 좋아하지 어 전혀 계획하지 않은 어떤 어 난데없는 도전이나 어 그런 것들 계획성 없는 어떤 급작스러운 일들 같은 것들은 어 좋아 하지 않습니다. 그래서 중간적인 위치한다고 생각하는데 도중에 어느 것에 더 가깝다고 생각하냐고 물으신다면 그래도 약간 새로운 일을 추구하는 창의 쪽에 어 일반적인 사람들보다는 조금 더 가까운 면이 있어서 새로운 것들 새롭게 배우는 것들 안 해본 것에 도전해 하는 것을 두려워하지 않는 성향 이런 것들이 조금은 더 있어서 창의에 약간 더 가깝다 라고 이유를 말할 수 있을 것 같습니다.","wordCount":134},"emotion":[],"intent":[{"text":"","expression":"","category":"attitude"}],"summary":{"text":"숫자와 창의 주 둘 다 저는 중간쯤에 위치해 있다고 스스로 생각합니다. 그 이유는 창의적인 부분도 있고 계획성 없는 일들은 좋아하지 않습니다. 중간적인 위치라고 생각하는데 중간에 어느 것에 더 가깝다고 생각하느냐는 질문엔 새로운 일을 추구하는 창의 쪽에 조금 더 가까운 면이 있어서 창의에 약간 더 가깝습니다.","wordCount":45}}},"rawDataInfo":{"question":{"fileFormat":"wav","fileSize":635278,"duration":19850,"samplingBit":16,"channelCount":1,"samplingRate":"16kHz","audioPath":"/Mock/07.ProductionManufacturing/Female/Experienced/ckmk_q_mm_f_e_208864.wav"},"answer":{"fileFormat":"wav","fileSize":2572878,"duration":80400,"samplingBit":16,"channelCount":1,"samplingRate":"16kHz","audioPath":"/Mock/07.ProductionManufacturing/Female/Experienced/ckmk_a_mm_f_e_208864.wav"}}}