{"version":"1.0","dataSet":{"info":{"date":"20230116","occupation":"MM","channel":"MOCK","place":"ONLINE","gender":"FEMALE","ageRange":"45-54","experience":"EXPERIENCED"},"question":{"raw":{"text":"규칙적인 업무 수행을 잘 하기 위해 지원자님이 만들어낸 특별한 노하우나 방법이 있을까요 있다면 구체적으로 어떤 예시가 있는지 말씀해 주시겠습니까","wordCount":19},"emotion":[],"intent":[]},"answer":{"raw":{"text":"규칙적인 업무 수행을 잘하기 위해서 만들어낸 특별한 노하우라는 건 다른 것이 없고 규칙적 업무 수행을 위한 시간표와 계획표를 잘 짜고 매일매일 정해진 시간에 업무 수행을 위해서 해야 되는 일을 매일 규칙적으로 시 수행하는 것입니다. 그야말로 규칙적 업무 수행을 위해서는 규칙적 계획을 세워 놓고 계획대로 움직이는 것입니다. 특히 내가 항상 체크해야 될 부분들은 제대로 그 시간 딱 맞는 시간에 매일 똑같은 시간에 체크를 하고 그리고 그것을 제대로 했는지 매일 저녁 오늘 하루를 돌아보면서 제대로 했는지를 체크하고 빠진 부분이 있다면 반성하고 다음날에 다시 잊어버리고 안 했던 부분을 다시 새롭게 계획대로 실천하는 것입니다. 그렇게 하다 보면 나중에는 매일매일 체크하고 하고자 했던 부분이 매일 체크하지 않으면 어딘가 모르게 빠진 것이 있다는 걸 그냥 몸으로 몸소 체득하고 매일 하게끔 되어 있습니다. 그래서 노하우라는 건 규칙적으로 계획을 짜고 그 계획대로 실천하는 것을 매일매일 체크하는 거 그것을 규칙으로 만드는 것이 규칙적 업무 수행을 하기 위해 만들어 낸 누구나 알고 있는 노하우입니다.","wordCount":144},"emotion":[],"intent":[{"text":"규칙적인 업무 수행을 잘하기 위해서 만들어낸 특별한 노하우라는 건 다른 것이 없고 규칙적 업무 수행을 위한 시간표와 계획표를 잘 짜고 매일매일 정해진 시간에 업무 수행을 위해서 해야 되는 일을 매일 규칙적으로 시 수행하는 것입니다.","expression":"f_cons","category":"attitude"},{"text":"특히 내가 항상 체크해야 될 부분들은 제대로 그 시간 딱 맞는 시간에 매일 똑같은 시간에 체크를 하고 그리고 그것을 제대로 했는지 매일 저녁 오늘 하루를 돌아보면서 제대로 했는지를 체크하고 빠진 부분이 있다면 반성하고 다음날에 다시 잊어버리고 안 했던 부분을 다시 새롭게 계획대로 실천하는 것입니다.","expression":"f_cons","category":"attitude"},{"text":"그렇게 하다 보면 나중에는 매일매일 체크하고 하고자 했던 부분이 매일 체크하지 않으면 어딘가 모르게 빠진 것이 있다는 걸 그냥 몸으로 몸소 체득하고 매일 하게끔 되어 있습니다.","expression":"f_cons","category":"attitude"},{"text":"그래서 노하우라는 건 규칙적으로 계획을 짜고 그 계획대로 실천하는 것을 매일매일 체크하는 거 그것을 규칙으로 만드는 것이 규칙적 업무 수행을 하기 위해 만들어 낸 누구나 알고 있는 노하우입니다.","expression":"f_cons","category":"attitude"}],"summary":{"text":"규칙적 업무 수행을 위한 노하우라는 건 시간표와 계획표를 잘 짜고 매일 정해진 시간에 업무를 위해서 해야 되는 일을 매일 규칙적으로 시 수행하는 것입니다. 특히 제가 항상 체크해야 될 부분들은 제대로 그 시간 딱 맞는 시간에 체크하고 그것을 매일 저녁 오늘을 돌아보면서 제대로 했는지를 체크하고 매일 새롭게 계획대로 실천하는 것입니다.","wordCount":49}}},"rawDataInfo":{"question":{"fileFormat":"wav","fileSize":490958,"duration":15340,"samplingBit":16,"channelCount":1,"samplingRate":"16kHz","audioPath":"/Mock/07.ProductionManufacturing/Female/Experienced/ckmk_q_mm_f_e_239592.wav"},"answer":{"fileFormat":"wav","fileSize":2900558,"duration":90640,"samplingBit":16,"channelCount":1,"samplingRate":"16kHz","audioPath":"/Mock/07.ProductionManufacturing/Female/Experienced/ckmk_a_mm_f_e_239592.wav"}}}