{"version":"1.0","dataSet":{"info":{"date":"20230116","occupation":"MM","channel":"MOCK","place":"ONLINE","gender":"FEMALE","ageRange":"45-54","experience":"EXPERIENCED"},"question":{"raw":{"text":"지원자님께서는 이 분야에 왜 관심을 가지게 되셨습니까 관심을 가진 이유와 지원 동기를 말씀해 주시기 바랍니다","wordCount":15},"emotion":[],"intent":[]},"answer":{"raw":{"text":"저는 이 분야에 관심을 가지 가지게 된 이유는 제가 원래 일하던 분야는 어 기획을 하거나 아니면 생산성 향상을 위한 전략을 짜거나 아니면 상품에 대한 어 연구 개발을 통해서 그 상품의 부족한 부분을 더 채워서 더 보다 나은 더 좋은 방향으로 상품 개발을 하거나 그런 어떤 전략과 기획 팀에서 일해 본 적이 없고 무조건적으로 주어진 일들을 어 시간 안에 해낼 수 있는 방법을 찾는 기존의 틀 안에서 그렇게 찾는 일을 했습니다. 그런데 제가 이 분야에 관심을 가진 것은 그 일을 하면서 느낀 것이 그 일은 계속해서 뭔가 발전이 있지 않은데 그것을 발전시키기 위해서 제가 일하던 분야를 더욱 더 발전시키고 좀 더 나은 생산성 향상의 에 방법으로 어 이끌고 가기 위해서는 그래서 좀 더 보람을 느끼기 위해서는 기획과 관리 어 그리고 연구 개발을 하는 것들에 대한 직무 능력을 향상시켜서 그쪽 분야에서 일을 해서 뭔가 더 보람을 느끼고 싶었습니다. 그래서 이곳에 지원하게 됐습니다. 다시 말해 제가 좀 더 보람 있고 좀 더 일을 하면서 도전적이고 뭔가 발전이 있구나 라고 느끼게 되고 싶어서 이 분야에 지원하게 되었습니다.","wordCount":163},"emotion":[],"intent":[{"text":"저는 이 분야에 관심을 가지 가지게 된 이유는 제가 원래 일하던 분야는 어 기획을 하거나 아니면 생산성 향상을 위한 전략을 짜거나 아니면 상품에 대한 어 연구 개발을 통해서 그 상품의 부족한 부분을 더 채워서 더 보다 나은 더 좋은 방향으로 상품 개발을 하거나 그런 어떤 전략과 기획 팀에서 일해 본 적이 없고 무조건적으로 주어진 일들을 어 시간 안에 해낼 수 있는 방법을 찾는 기존의 틀 안에서 그렇게 찾는 일을 했습니다.","expression":"f_prod_plan","category":"technology"},{"text":"그런데 제가 이 분야에 관심을 가진 것은 그 일을 하면서 느낀 것이 그 일은 계속해서 뭔가 발전이 있지 않은데 그것을 발전시키기 위해서 제가 일하던 분야를 더욱 더 발전시키고 좀 더 나은 생산성 향상의 에 방법으로 어 이끌고 가기 위해서는 그래서 좀 더 보람을 느끼기 위해서는 기획과 관리 어 그리고 연구 개발을 하는 것들에 대한 직무 능력을 향상시켜서 그쪽 분야에서 일을 해서 뭔가 더 보람을 느끼고 싶었습니다.","expression":"c_sincere_job","category":"etc"},{"text":"다시 말해 제가 좀 더 보람 있고 좀 더 일을 하면서 도전적이고 뭔가 발전이 있구나 라고 느끼게 되고 싶어서 이 분야에 지원하게 되었습니다.","expression":"c_sincere_job","category":"etc"}],"summary":{"text":"저는 원래 하던 일을 시간 안에 해낼 수 있는 방법을 찾는 일을 했습니다. 하지만 이 분야에 관심을 가진 것은 그 일을 하면서 느낀 것이 저는 좀 더 발전시키고 좀 더 나은 생산성 향상의 방법으로 이끌어가기 위해서 기획과 관리, 연구 개발을 하는 것들에 대한 직무 능력을 향상시켜서 무언가 더 보람을 느끼고 싶었기 때문입니다.","wordCount":52}}},"rawDataInfo":{"question":{"fileFormat":"wav","fileSize":471758,"duration":14740,"samplingBit":16,"channelCount":1,"samplingRate":"16kHz","audioPath":"/Mock/07.ProductionManufacturing/Female/Experienced/ckmk_q_mm_f_e_239837.wav"},"answer":{"fileFormat":"wav","fileSize":2993998,"duration":93560,"samplingBit":16,"channelCount":1,"samplingRate":"16kHz","audioPath":"/Mock/07.ProductionManufacturing/Female/Experienced/ckmk_a_mm_f_e_239837.wav"}}}