{"version":"1.0","dataSet":{"info":{"date":"20230116","occupation":"MM","channel":"MOCK","place":"ONLINE","gender":"FEMALE","ageRange":"45-54","experience":"EXPERIENCED"},"question":{"raw":{"text":"지금까지 협업을 해 오시면서 가장 어려웠던 것과 그 어려움을 어떻게 해결했는지 답변해 주시기 바랍니다","wordCount":14},"emotion":[],"intent":[]},"answer":{"raw":{"text":"협업을 하는 데 있어서 가장 어려웠던 것은 기존의 낡은 습관이나 이미 굳어져서 고착화된 것들을 개혁하려고 하지 않는 사람들과 함께 어떤 새로운 과제를 시행하는 업무를 어 맡아서 일을 같이 해 나갈 때 가장 어려움을 겪었습니다. 분명 개선의 개선점이 필요하고 개선해야 된다는 것을 입으로는 말하고 있고 그리고 어 필요성에는 고개를 끄덕이고 수긍하면서도 본질적으로는 그 일을 개혁함에 있어서 본인들이 하던 방식이나 시스템을 바꿔 나가는 것 자체를 거부감을 가지고 꺼려하는 그런 오래 일한 사람들 자기만의 스타일에 젖어서 뭔가 새로운 어 방식을 제시하면 그것에 대해서 거부감부터 느끼는 사람들과 함께 일할 때에는 어 어떤 새로운 것들을 구상하고 보다 나은 방법으로 일의 진전을 꾀하기는 매우 어렵습니다. 그리고 그들을 설득하는 과정이 어 오히려 더 많은 어 노력을 하다 보니 이 일 자체를 창의적으로 해결하는 데 들어가야 될 에너지를 그런 것들을 설득해내고 뭐 함께 이야기를 나누고 그것들을 원하는 방향으로 이끌어 나가는데 하나로 마음을 모으고 이야기를 맞출 수 있고 함께 공감하고 하는 부분에 너무 많은 시간을 소진해야 할 때는 어 어렵습니다. 결국은 그 어려움도 어 상호작용 의사소통을 심도 있게 아주 매우 자주 이렇게 해서 결국은 논리적으로 설득력 있는 그런 이야기들을 통해서 설득해 나가는 과정들이 반복되기 때문에 뭐 그 어려움은 그렇게 결국 상호 작용을 통해서 의사소통이 잘 되도록 최선을 다해서 해결 하기는 했습니다. 하지만 매우 어려움이 있었습니다.","wordCount":196},"emotion":[],"intent":[{"text":"","expression":"","category":"attitude"}],"summary":{"text":"협업을 하는 데 있어서 가장 어려웠던 것은 기존의 낡은 습관이나 고착화된 것들을 개혁하려고 하지 않는 사람들과 함께 일을 같이 해 나갈 때였습니다. 자기만의 스타일에 젖어서 새로운 방식을 제시하면 거부감부터 느끼는 사람들과 함께 일할 때에는 새로운 것들을 구상하고 일의 진전을 꾀하기는 매우 어렵습니다. 결국은 그 어려움도 상호작용을 통한 의사소통을 심도 있게 자주 해서 설득해 나가는 과정들을 반복하고 최선을 다해서 해결하기는 했습니다.","wordCount":60}}},"rawDataInfo":{"question":{"fileFormat":"wav","fileSize":393678,"duration":12300,"samplingBit":16,"channelCount":1,"samplingRate":"16kHz","audioPath":"/Mock/07.ProductionManufacturing/Female/Experienced/ckmk_q_mm_f_e_281098.wav"},"answer":{"fileFormat":"wav","fileSize":3646798,"duration":113960,"samplingBit":16,"channelCount":1,"samplingRate":"16kHz","audioPath":"/Mock/07.ProductionManufacturing/Female/Experienced/ckmk_a_mm_f_e_281098.wav"}}}