{"version":"1.0","dataSet":{"info":{"date":"20230116","occupation":"MM","channel":"MOCK","place":"ONLINE","gender":"FEMALE","ageRange":"45-54","experience":"EXPERIENCED"},"question":{"raw":{"text":"살면서 다양한 커뮤니케이션을 경험해 보셨을 텐데요 그중에 가장 어려웠던 경험을 한 가지만 골라서 구체적으로 설명해 주시기 바랍니다","wordCount":17},"emotion":[],"intent":[]},"answer":{"raw":{"text":"제가 뭐 여기저기에 다양한 커뮤니케이션을 경험해 봐 왔지만 가장 어려운 커뮤니케이션은 종교 단체에서 서로 전혀 다른 생각을 갖고 있는 사람들이 모여서 뭔가를 해내고자 모여서 어 머리를 맞대고 어 친목을 도모하는 커뮤니케이션이 저에게는 가장 어려웠습니다. 종교 단체에는 목표가 뭐 신앙생활이기는 하지만 사실은 뭐 어떤 이벤트를 기획할 때 다들 어 전혀 다른 세계에서 전혀 다른 직종과 연령대의 사람들이 모여 있고 어 살아온 경험도 너무나 달라서 의견을 하나로 일치하기가 굉장히 어렵습니다. 그래서 어떤 업무를 놓고 일을 하는 조직과는 다르게 종교 단체 안에서에 커뮤니케이션은 굉장히 어 의견을 하나로 모으기도 어렵고 일을 같이 해 나가는 것도 너무나 불협화음이 많았던 것으로 기억합니다. 그래서 웬만하면 서로 누군가가 누군가에게 양보를 해야 하고 서로 의사소통을 해서 어 타협점을 찾기가 어렵기 때문에 그냥 어떤 일방적인 사람들이 일단의 무리에 목소리 큰 사람들에 의해서 끌려가고 그냥 고착화되어 있는 시스템대로 가던 대로 가고 뭐 혁신을 하기도 굉장히 어렵고 뭐 새로운 제안을 하기도 어려운 그런 아주 힘든 커뮤니케이션 이제 종교 단체에 커뮤니케이션 케이션이라고 어 제 경험상은 그렇게 생각하고 있습니다.","wordCount":155},"emotion":[],"intent":[{"text":"","expression":"","category":"attitude"}],"summary":{"text":"종교 단체에서 친목을 도모하는 커뮤니케이션이 저에게는 가장 어려웠습니다. 종교 단체에는 목표가 신앙생활이지만 전혀 다른 세계이고 살아온 경험도 너무나 달라 의견을 하나로 일치하기가 어렵습니다. 그래서 의견을 하나로 모으기도 어렵고 일을 같이 해 나가는 것도 너무나 불협화음이 많았던 것으로 기억합니다. 이것이 이제 종교 단체에 커뮤니케이션 케이션이라고 생각하고 있습니다.","wordCount":46}}},"rawDataInfo":{"question":{"fileFormat":"wav","fileSize":601678,"duration":18800,"samplingBit":16,"channelCount":1,"samplingRate":"16kHz","audioPath":"/Mock/07.ProductionManufacturing/Female/Experienced/ckmk_q_mm_f_e_288028.wav"},"answer":{"fileFormat":"wav","fileSize":2929998,"duration":91560,"samplingBit":16,"channelCount":1,"samplingRate":"16kHz","audioPath":"/Mock/07.ProductionManufacturing/Female/Experienced/ckmk_a_mm_f_e_288028.wav"}}}