{"version":"1.0","dataSet":{"info":{"date":"20230116","occupation":"MM","channel":"MOCK","place":"ONLINE","gender":"FEMALE","ageRange":"45-54","experience":"EXPERIENCED"},"question":{"raw":{"text":"만약 상사가 업무와 무관한 일을 지시한다면 그때 잘 수행할 자신이 있으신가요 아니면 수행하지 않을 건가요","wordCount":15},"emotion":[],"intent":[]},"answer":{"raw":{"text":"상사가 업무와 무관한 일을 시킨다고 하면 그 업무가 어 그 일이 직접적인 업무와는 관련이 없어도 제가 속해 있는 부서에 꼭 필요한 일이고 그 부서에서 그 일이 진행되었을 때 일에 어 생산성의 효과를 높이거나 부서 전체에 영향을 끼칠 수 있는 그런 일이라면 제가 도움이 되는 일이라도 하겠습니다. 그런데 업무와도 관련이 없고 어 회사에서 함께하는 그 부서 안에서 그 부서원들과 관련된 일도 전혀 아닌 아주 사적이고 개인적인 일을 저한테 시킨다면은 그거는 제가 어 이유를 물어보고 타당하지 않으면 타당한 이유가 없이 저에게 어 강제적 강제되는 일이라면 저는 하지 않겠습니다. 어 그게 분명히 근거가 있고 제가 생각할 때 업무 관련 일은 아니지만 회사 안에서 분명히 어 모두를 위해서 실행해야 될 가치가 있는 일으로 평가된다면은 그건 하겠습니다. 하지만 그런 것도 없고 당위도 없고 설득력을 가지지도 못하고 그냥 무작정 제가 아래 직원이기 때문에 상사가시킨 일은 업무랑 아무 관련도 없고 어 전체의 이득에도 관계된 것이 아닌데 시킨다면 그건 하지 않을 것입니다.","wordCount":144},"emotion":[],"intent":[{"text":"","expression":"","category":"attitude"}],"summary":{"text":"상사가 업무와 무관한 일을 시킨다고 하면 그 일이 직접적인 업무와는 관련이 없어도 제가 속해 있는 부서에 꼭 필요한 일이고 그 일이 진행되었을 때 일에 어 생산성의 효과를 높이거나 부서 전체에 영향을 끼칠 수 있는 일이라면 제가 도움이 되는 일이라도 하겠습니다.","wordCount":40}}},"rawDataInfo":{"question":{"fileFormat":"wav","fileSize":304718,"duration":9520,"samplingBit":16,"channelCount":1,"samplingRate":"16kHz","audioPath":"/Mock/07.ProductionManufacturing/Female/Experienced/ckmk_q_mm_f_e_282684.wav"},"answer":{"fileFormat":"wav","fileSize":2624718,"duration":82020,"samplingBit":16,"channelCount":1,"samplingRate":"16kHz","audioPath":"/Mock/07.ProductionManufacturing/Female/Experienced/ckmk_a_mm_f_e_282684.wav"}}}