{"version":"1.0","dataSet":{"info":{"date":"20230116","occupation":"MM","channel":"MOCK","place":"ONLINE","gender":"FEMALE","ageRange":"45-54","experience":"EXPERIENCED"},"question":{"raw":{"text":"이전 직장이나 대학에서 어떤 프로젝트를 해 봤는지 생각나시는 게 있나요 가능하다면 구체적으로 그 프로젝트를 설명 부탁드립니다","wordCount":16},"emotion":[],"intent":[]},"answer":{"raw":{"text":"어 이전 직장에서 어 제품 생산 계획에서 생산성 관리 프로그램 프로젝트를 해 봤습니다. 어 생산성이 향상되지 않은 이유가 무엇인지 확인하고 그 원인을 정확하게 찾는 찾는 데 있어서 어 각 파트별로 통계를 내고 그 통계를 수치화해서 보고 그러면 그 통계에 의해서 어떤 부분이 문제가 생긴 것인지 정확하게 파악한 후에 그 문제의 원인을 파악하는 과정들을 프로젝트로 진행했습니다. 어 우리가 생각하지 못한 부분에서 아주 작 작고 작은 연결 고리들에서 서로 정보가 공유되지 않았고 그래서 어 파트별로 일을 해 나가는 데 있어서 균형이 맞지 않아서 생산성이 계속해서 어 효율성이 효율성이 떨어졌던 것으로 파악됐습니다. 그 프로젝트를 통해서 시스템을 정확하게 구축해서 생산성을 관리해야 한다는 것을 알게 됐습니다. 어 어쨌든 어 생산성 관리를 위한 데이터 관리와 분석 그것이 어 그 프로그램이 이제 오라클이라는 프로그램을 통해서 어 그걸 해 봤는데 그 프로젝트를 통해서 어 효과적인 생산 관리에 대해서 배웠습니다.","wordCount":131},"emotion":[],"intent":[{"text":"어 이전 직장에서 어 제품 생산 계획에서 생산성 관리 프로그램 프로젝트를 해 봤습니다.","expression":"f_prod_plan","category":"technology"},{"text":"어 생산성이 향상되지 않은 이유가 무엇인지 확인하고 그 원인을 정확하게 찾는 찾는 데 있어서 어 각 파트별로 통계를 내고 그 통계를 수치화해서 보고 그러면 그 통계에 의해서 어떤 부분이 문제가 생긴 것인지 정확하게 파악한 후에 그 문제의 원인을 파악하는 과정들을 프로젝트로 진행했습니다.","expression":"f_prod_plan","category":"technology"},{"text":"어 우리가 생각하지 못한 부분에서 아주 작 작고 작은 연결 고리들에서 서로 정보가 공유되지 않았고 그래서 어 파트별로 일을 해 나가는 데 있어서 균형이 맞지 않아서 생산성이 계속해서 어 효율성이 효율성이 떨어졌던 것으로 파악됐습니다.","expression":"f_prod_plan","category":"technology"},{"text":"그 프로젝트를 통해서 시스템을 정확하게 구축해서 생산성을 관리해야 한다는 것을 알게 됐습니다.","expression":"f_prod_plan","category":"technology"},{"text":"어 어쨌든 어 생산성 관리를 위한 데이터 관리와 분석 그것이 어 그 프로그램이 이제 오라클이라는 프로그램을 통해서 어 그걸 해 봤는데 그 프로젝트를 통해서 어 효과적인 생산 관리에 대해서 배웠습니다.","expression":"f_prod_plan","category":"technology"}],"summary":{"text":"제품 생산 계획에서 생산성 관리 프로그램 프로젝트를 했습니다. 생산성이 향상되지 않은 이유를 파악하고 그 원인을 파악하는 과정들을 프로젝트로 진행했습니다. 그 프로젝트를 통해서 시스템을 정확하게 구축해서 생산성을 관리해야 한다는 것을 알게 됐습니다. 프로그램을 통해서 효과적 생산 관리에 대해서 배웠습니다.","wordCount":38}}},"rawDataInfo":{"question":{"fileFormat":"wav","fileSize":596558,"duration":18640,"samplingBit":16,"channelCount":1,"samplingRate":"16kHz","audioPath":"/Mock/07.ProductionManufacturing/Female/Experienced/ckmk_q_mm_f_e_261455.wav"},"answer":{"fileFormat":"wav","fileSize":2489038,"duration":77780,"samplingBit":16,"channelCount":1,"samplingRate":"16kHz","audioPath":"/Mock/07.ProductionManufacturing/Female/Experienced/ckmk_a_mm_f_e_261455.wav"}}}