{"version":"1.0","dataSet":{"info":{"date":"20230116","occupation":"MM","channel":"MOCK","place":"ONLINE","gender":"FEMALE","ageRange":"45-54","experience":"EXPERIENCED"},"question":{"raw":{"text":"왜 이 분야에 관심을 가지게 되었고 또 지원하게 되었는지 궁금합니다 본인이 관심을 갖게 된 계기와 솔직한 지원 동기를 말씀해 주세요","wordCount":20},"emotion":[],"intent":[]},"answer":{"raw":{"text":"제가 이 분야에 관심을 가지게 된 이유는 제가 한국 어 패션 산업에 관심이 많기 때문에 계속 패션 산업쪽으로 뭐 생산 라인에서 일을 했었고 그리고 기획 관리팀에서도 일을 조금 했었고 디자인 관련 일도 어 중간에 협업을 하면서 어느 정도 저의 의견을 냈었습니다. 근데 이제는 연구 개발을 좀 더 돕는 쪽으로 어 생산 관리뿐 아니라 그 생산품에 대한 개발을 하는 일을 조금 더 어 해보고 싶었습니다. 아니면 기획 관리를 통해서 제품 생산이 완벽하게 되고 어 생산성을 향상시키는 일에 조금 더 도움이 되는 일을 해 보고 싶었습니다. 그래서 뭔가 원하는 결과물을 내고 그리고 어 회사가 더 발전해 나가는 데 도움을 주는 핵심 어 구성원으로 일을 해보고 싶습니다. 어 그래서 좀 더 제가 이 분야에서 어떤 파트에 갖다 놔도 모든 일을 잘 할 수 있는 어 그런 사람이 되고 싶어서 배워보지 않은 어 생각은 했었지만 아직 도전해 보지 않은 일들을 다양한 일들을 이 섬유 업계에서 좀 해보고 싶어서 어 여기에 관심을 가지고 이 부분을 배워보고 싶어서 제가 연구 개발 쪽에 지원하게 되었습니다.","wordCount":158},"emotion":[{"text":"어 그래서 좀 더 제가 이 분야에서 어떤 파트에 갖다 놔도 모든 일을 잘 할 수 있는 어 그런 사람이 되고 싶어서 배워보지 않은 어 생각은 했었지만 아직 도전해 보지 않은 일들을 다양한 일들을 이 섬유 업계에서 좀 해보고 싶어서 어 여기에 관심을 가지고 이 부분을 배워보고 싶어서 제가 연구 개발 쪽에 지원하게 되었습니다.","expression":"p-interest","category":"positive"}],"intent":[{"text":"어 그래서 좀 더 제가 이 분야에서 어떤 파트에 갖다 놔도 모든 일을 잘 할 수 있는 어 그런 사람이 되고 싶어서 배워보지 않은 어 생각은 했었지만 아직 도전해 보지 않은 일들을 다양한 일들을 이 섬유 업계에서 좀 해보고 싶어서 어 여기에 관심을 가지고 이 부분을 배워보고 싶어서 제가 연구 개발 쪽에 지원하게 되었습니다.","expression":"c_sincere_job","category":"etc"}],"summary":{"text":"이 분야에 관심을 가지게 된 이유는 패션 산업에 관심이 많기에 패션 산업쪽으로 일을 했었고, 디자인 관련 일도 협업을 하면서 의견을 냈습니다. 이제 연구 개발을 좀 더 돕는 쪽으로 생산 관리뿐 아니라 그 생산품에 대한 개발을 하는 일을 좀 더 해보고 싶었습니다.","wordCount":41}}},"rawDataInfo":{"question":{"fileFormat":"wav","fileSize":627918,"duration":19620,"samplingBit":16,"channelCount":1,"samplingRate":"16kHz","audioPath":"/Mock/07.ProductionManufacturing/Female/Experienced/ckmk_q_mm_f_e_282218.wav"},"answer":{"fileFormat":"wav","fileSize":2759758,"duration":86240,"samplingBit":16,"channelCount":1,"samplingRate":"16kHz","audioPath":"/Mock/07.ProductionManufacturing/Female/Experienced/ckmk_a_mm_f_e_282218.wav"}}}