{"version":"1.0","dataSet":{"info":{"date":"20230116","occupation":"MM","channel":"MOCK","place":"ONLINE","gender":"FEMALE","ageRange":"45-54","experience":"EXPERIENCED"},"question":{"raw":{"text":"지원자님만의 스트레스 해소 방법이 있다면 그것이 무엇일지 궁금한데요 지원자님께선 왜 그 방법으로 스트레스를 해소하시는지도 말씀해 주시기 바랍니다","wordCount":17},"emotion":[],"intent":[]},"answer":{"raw":{"text":"과거에는 스트레스를 해소하기 위해서 매운 음식점을 찾아다니거나 어 친구들과 노래방을 가거나 그런 시간을 보냈었습니다. 그러다 보니 좀 속도 안 좋아지고 목도 좀 상하고 몸이 좀 축나더라구요. 그래서 다른 방법을 찾았습니다. 어 바로 요가와 명상입니다. 어 요가와 명상은 정말 몸과 마음을 정화시킨다는 표현이 맞는 것 같습니다. 어떤 스트레스를 받았거나 혹 하루에 있었던 일들을 모두 정리를 하면서 나의 몸과 마음이 깨끗해지는 그런 느낌을 받는 아주 좋은 스트레스 해소법이면서 또 본인의 어떤 발전을 위해서 어 쫌 배우면 어떨까 모두에게 권유하는 어 그런 방법입니다. 요가를 하고 나서 스트레스를 받을 때뿐 아니라 일상생활에서도 남을 원망하거나 미워하거나 이런 마음이 거의 안 생기는 것 같아요. 그리고 또 생각도 많아지고 어 정리할 시간도 많아지고 굉장히 좋은 방법이라고 생각을 합니다.","wordCount":111},"emotion":[],"intent":[{"text":"","expression":"","category":"attitude"}],"summary":{"text":"과거 스트레스 해소를 위해 스트레스 해소법을 찾았는데, 바로 요가와 명상입니다. 요가는 스트레스를 받았거나 혹은 하루에 있었던 일들을 모두 정리하면서 몸과 마음을 정화시키는 아주 좋은 스트레스 해소법이면서, 본인의 발전을 위해서 배우면 어떨까 모두에게 권유하는 좋은 방법입니다.","wordCount":35}}},"rawDataInfo":{"question":{"fileFormat":"wav","fileSize":550798,"duration":17210,"samplingBit":16,"channelCount":1,"samplingRate":"16kHz","audioPath":"/Mock/07.ProductionManufacturing/Female/Experienced/ckmk_q_mm_f_e_301369.wav"},"answer":{"fileFormat":"wav","fileSize":2289998,"duration":71560,"samplingBit":16,"channelCount":1,"samplingRate":"16kHz","audioPath":"/Mock/07.ProductionManufacturing/Female/Experienced/ckmk_a_mm_f_e_301369.wav"}}}