{"version":"1.0","dataSet":{"info":{"date":"20230116","occupation":"MM","channel":"MOCK","place":"ONLINE","gender":"FEMALE","ageRange":"45-54","experience":"EXPERIENCED"},"question":{"raw":{"text":"본인이 지금까지 진행해 왔던 프로젝트들 가운데 가장 기억에 남는 프로젝트에 대해 설명해 주시고 어떤 점에서 기억에 남는지도 이야기해 주세요","wordCount":19},"emotion":[],"intent":[]},"answer":{"raw":{"text":"제가 학생들을 언어 교육 시키기 위해서 학생들과 캠프를 떠난 적이 있었는데요. 어 그것을 진행하면서 매우 새로운 경험이었고 신선한 경험이고 또 아이들을 이해하는 큰 기회가 되었던 것 같아서 뿌듯했습니다. 아 또한 거기서 만난 새로운 선생님 어 새로운 학생들은 저에게 많은 기쁨을 주었습니다. 새로운 것을 알게 하고 또 새로운 환경에서 새로운 방법으로 새로운 것을 습득해 간다는 것이 얼마나 좋은지를 알게 되었습니다. 그래서 기회가 된다면 또한 또 새로운 프로젝트를 만들어서 어 새로운 방법으로 다른 것을 시도해 보고 싶습니다.","wordCount":75},"emotion":[{"text":"어 그것을 진행하면서 매우 새로운 경험이었고 신선한 경험이고 또 아이들을 이해하는 큰 기회가 되었던 것 같아서 뿌듯했습니다.","expression":"p-achievement","category":"positive"},{"text":"아 또한 거기서 만난 새로운 선생님 어 새로운 학생들은 저에게 많은 기쁨을 주었습니다.","expression":"p-happiness","category":"positive"},{"text":"새로운 것을 알게 하고 또 새로운 환경에서 새로운 방법으로 새로운 것을 습득해 간다는 것이 얼마나 좋은지를 알게 되었습니다.","expression":"p-happiness","category":"positive"}],"intent":[{"text":"","expression":"","category":"attitude"}],"summary":{"text":"학생들이 언어 교육을 위해 캠프를 떠난 적이 있습니다. 캠프에서 만난 새로운 학생들은 새로운 것을 알게 하고 새로운 환경에서 새로운 것을 습득하는 것이 얼마나 좋는지 알게 되었습니다.","wordCount":26}}},"rawDataInfo":{"question":{"fileFormat":"wav","fileSize":428878,"duration":13400,"samplingBit":16,"channelCount":1,"samplingRate":"16kHz","audioPath":"/Mock/07.ProductionManufacturing/Female/Experienced/ckmk_q_mm_f_e_282607.wav"},"answer":{"fileFormat":"wav","fileSize":1535438,"duration":47980,"samplingBit":16,"channelCount":1,"samplingRate":"16kHz","audioPath":"/Mock/07.ProductionManufacturing/Female/Experienced/ckmk_a_mm_f_e_282607.wav"}}}