{"version":"1.0","dataSet":{"info":{"date":"20230116","occupation":"MM","channel":"MOCK","place":"ONLINE","gender":"FEMALE","ageRange":"45-54","experience":"EXPERIENCED"},"question":{"raw":{"text":"무언가를 달성하기 위해 목표를 세우고 이 삼 년간 열심히 노력해서 목표를 달성했던 경험이 있으십니까","wordCount":14},"emotion":[],"intent":[]},"answer":{"raw":{"text":"예 저는 영어에 관심이 많고 제 이 외국어에 관심이 많아서 영어 공부를 꾸준히 해왔고 어 한창 공부를 열심히 할 때는 어 영어 공부에 빠져서 제가 원하는 어 공인 인증 점수를 목표지까지 달성하기 위해서 이 삼 년 간 열심히 노력해서 제가 원하는 토플 점수와 제가 원하는 토익 점수를 어 달성해 냈습니다. 어 그 영어 워낙 워낙 언어 공부를 좋아했고 관심을 가지고 있었고 그 공부가 저에게 꼭 필요하다고 생각했기 때문에 이 삼 년간 노력해서 꾸준히 점수를 올리는 과정 자체가 저한테는 매우 도전이 되었고 그리고 그것을 실행해 냈을 때 스스로 어 자부심을 가질 수 있는 그런 경험이었습니다.","wordCount":94},"emotion":[],"intent":[{"text":"예 저는 영어에 관심이 많고 제 이 외국어에 관심이 많아서 영어 공부를 꾸준히 해왔고 어 한창 공부를 열심히 할 때는 어 영어 공부에 빠져서 제가 원하는 어 공인 인증 점수를 목표지까지 달성하기 위해서 이 삼 년 간 열심히 노력해서 제가 원하는 토플 점수와 제가 원하는 토익 점수를 어 달성해 냈습니다.","expression":"f_pat","category":"attitude"},{"text":"어 그 영어 워낙 워낙 언어 공부를 좋아했고 관심을 가지고 있었고 그 공부가 저에게 꼭 필요하다고 생각했기 때문에 이 삼 년간 노력해서 꾸준히 점수를 올리는 과정 자체가 저한테는 매우 도전이 되었고 그리고 그것을 실행해 냈을 때 스스로 어 자부심을 가질 수 있는 그런 경험이었습니다.","expression":"f_pat","category":"attitude"}],"summary":{"text":"영어와 외국어에 관심이 많았던 저는 영어 공부에 빠져서 공인 인증 점수를 목표로 삼 년 간 꾸준히 노력해 토플과 토익 점수를 달성해 냈습니다. 영어 공부가 꼭 필요하다고 생각했기 때문에 꾸준히 점수를 올리는 과정이 도전적이고 자부심을 주었습니다.","wordCount":35}}},"rawDataInfo":{"question":{"fileFormat":"wav","fileSize":402318,"duration":12570,"samplingBit":16,"channelCount":1,"samplingRate":"16kHz","audioPath":"/Mock/07.ProductionManufacturing/Female/Experienced/ckmk_q_mm_f_e_282685.wav"},"answer":{"fileFormat":"wav","fileSize":1455438,"duration":45480,"samplingBit":16,"channelCount":1,"samplingRate":"16kHz","audioPath":"/Mock/07.ProductionManufacturing/Female/Experienced/ckmk_a_mm_f_e_282685.wav"}}}