{"version":"1.0","dataSet":{"info":{"date":"20230116","occupation":"MM","channel":"MOCK","place":"ONLINE","gender":"FEMALE","ageRange":"45-54","experience":"EXPERIENCED"},"question":{"raw":{"text":"현재 이루고 싶은 인생의 목표를 가지고 계시나요 만약 있다면 왜 그 목표를 이루고 싶은지 좀 자세히 본인의 계획을 말씀해 주시기 바랍니다","wordCount":21},"emotion":[],"intent":[]},"answer":{"raw":{"text":"인생의 목표는 어 보람되게 인생을 마감하는 것이 인생의 목표입니다. 보람되게 인생을 마감하는 것이 무엇이냐면 어 열심히 살았고 그리고 하고 싶은 일을 하면서 살았고 그리고 주어진 일이 끝까지 어 어 있어서 스스로 나이가 많이 들 때까지 자기 효능감을 느끼면서 일에 도전하면서 도전적인 삶을 살 수 있는 것 새로운 것을 끊임없이 공부하고 학습하면서 살다 보면 자기 효능감이 올라가고 나이가 들어서 무기력에 빠진다든지 내가 쓸모없는 어 한 부품처럼 여겨진다든지 하는 그런 데서 오는 고독감이나 외로움이나 우울감 같은 것을 느끼지 않을 수 있다고 생각합니다. 인생이랑 그렇게 화려하고 멋지고 대단한 것을 이루는 것이 인생에 목표가 되어서는 안 된다고 생각하는 한 사람입니다. 인생을 잘 마감하고 내가 인생을 그래도 되게 보람되고 어느 곳에서든지 끝까지 마지막까지 쓸모 있는 사람으로서 내가 할 수 있는 일들을 계속 하면서 살았다 라고 말할 수 있는 그래서 보람을 느끼면서 어 인생을 마감할 수 있는 어 그것이 정말 인생의 목표가 되어야 된다고 생각합니다.","wordCount":139},"emotion":[{"text":"인생이랑 그렇게 화려하고 멋지고 대단한 것을 이루는 것이 인생에 목표가 되어서는 안 된다고 생각하는 한 사람입니다.","expression":"u-belief","category":"neutral"},{"text":"인생을 잘 마감하고 내가 인생을 그래도 되게 보람되고 어느 곳에서든지 끝까지 마지막까지 쓸모 있는 사람으로서 내가 할 수 있는 일들을 계속 하면서 살았다 라고 말할 수 있는 그래서 보람을 느끼면서 어 인생을 마감할 수 있는 어 그것이 정말 인생의 목표가 되어야 된다고 생각합니다.","expression":"u-belief","category":"neutral"}],"intent":[{"text":"인생을 잘 마감하고 내가 인생을 그래도 되게 보람되고 어느 곳에서든지 끝까지 마지막까지 쓸모 있는 사람으로서 내가 할 수 있는 일들을 계속 하면서 살았다 라고 말할 수 있는 그래서 보람을 느끼면서 어 인생을 마감할 수 있는 어 그것이 정말 인생의 목표가 되어야 된다고 생각합니다.","expression":"c_value","category":"background"}],"summary":{"text":"인생을 보람되게 마감하는 것이 인생의 목표입니다. 자기 효능감을 느끼면서 일에 도전하면서 도전적인 삶을 살다 보면, 자기 효능감이 올라가고 고독감이나 외로움이나 우울감 같은 것을 느끼지 않을 수 있습니다. 제가 할 수 있는 일들을 계속 하면서 살았다는 보람을 느끼면서 인생을 마감할 수 있는 것이 인생의 목표가 되어야 합니다.","wordCount":46}}},"rawDataInfo":{"question":{"fileFormat":"wav","fileSize":583118,"duration":18220,"samplingBit":16,"channelCount":1,"samplingRate":"16kHz","audioPath":"/Mock/07.ProductionManufacturing/Female/Experienced/ckmk_q_mm_f_e_261568.wav"},"answer":{"fileFormat":"wav","fileSize":2419918,"duration":75620,"samplingBit":16,"channelCount":1,"samplingRate":"16kHz","audioPath":"/Mock/07.ProductionManufacturing/Female/Experienced/ckmk_a_mm_f_e_261568.wav"}}}