{"version":"1.0","dataSet":{"info":{"date":"20230116","occupation":"MM","channel":"MOCK","place":"ONLINE","gender":"FEMALE","ageRange":"45-54","experience":"EXPERIENCED"},"question":{"raw":{"text":"남을 잘 이끌어주는 리더형 인재가 있고 남을 잘 따르는 팔로워형 인재가 있습니다 그 둘 중에서 지원자분 본인은 어떤 유형에 속하는지 그 이유는 무엇이라고 생각하시는지 말해주세요","wordCount":25},"emotion":[],"intent":[]},"answer":{"raw":{"text":"저는 남을 잘 이끄는 리더형에 속합니다. 어 남을 잘 따르는 팔로워형에는 어 조금 부족합니다. 어 일단 일이 주어지면 능동적으로 그 일을 어떻게 해야 잘 할 수 있을지 어 앞장서서 생각하는 편입니다. 그리고 그 일이 잘 되기 위해서 어떤 것들을 개선해야 되는지 생각이 떠오르면 주저 없이 그 일을 실행하는데 어 망설이지 않고 일을 이끌고 가는 편입니다. 그래서 빨리 실행하고 그 실행에 대한 결과를 빨리 보고 싶어하는 약간은 성급한 면도 있는 리더형에 속합니다. 그래서 제게는 잘 따르면서도 어 진심 어린 충고를 해 줄 수 있는 참모의 역할을 해주는 팔로워들이 필요합니다. 어 그래서 저는 제가 그렇다는 것을 알고 있기 때문에 함께 일하는 사람도 매우 중요하게 생각합니다. 그들의 말을 귀 기울이고 그들이 어 저를 따라오는 사람이고 제가 앞장섰다 하더라도 제가 어떤 부분에서 착오가 생기거나 일을 성급하게 진행해서 어 제가 간과하는 것이 있다 라고 충고를 듣는다면 그 부분을 잘 참고하고 나아갔을 때 제가 하는 일이 잘 된다는 것을 잘 알고 있는 리더형에 속합니다.","wordCount":148},"emotion":[],"intent":[{"text":"그래서 빨리 실행하고 그 실행에 대한 결과를 빨리 보고 싶어하는 약간은 성급한 면도 있는 리더형에 속합니다.","expression":"c_person","category":"background"}],"summary":{"text":"저는 일을 잘 하는 리더형 팔로워형이 아니라 빨리 실행하고 결과를 보고 싶어하는 성급한 리더형에 속합니다. 그래서 제게는 잘 따르면서도 진심 어린 충고를 해 줄 참모의 역할을 해주는 팔로워들이 필요합니다. 함께 일하는 사람을 중요하게 생각하며, 충고를 듣는다면 그 부분을 잘 참고하고 나아갔을 때 제가 하는 일이 잘 된다는 것을 잘 알고 있는 리더형입니다.","wordCount":52}}},"rawDataInfo":{"question":{"fileFormat":"wav","fileSize":646798,"duration":20210,"samplingBit":16,"channelCount":1,"samplingRate":"16kHz","audioPath":"/Mock/07.ProductionManufacturing/Female/Experienced/ckmk_q_mm_f_e_261456.wav"},"answer":{"fileFormat":"wav","fileSize":2480078,"duration":77500,"samplingBit":16,"channelCount":1,"samplingRate":"16kHz","audioPath":"/Mock/07.ProductionManufacturing/Female/Experienced/ckmk_a_mm_f_e_261456.wav"}}}