{"version":"1.0","dataSet":{"info":{"date":"20230116","occupation":"MM","channel":"MOCK","place":"ONLINE","gender":"FEMALE","ageRange":"45-54","experience":"EXPERIENCED"},"question":{"raw":{"text":"지금 공부하고 있는 분야는 어떤 분야인지 궁금한데요 왜 그것을 공부하고 지금까지 어떤 것을 배웠는지 말씀해 주세요","wordCount":16},"emotion":[],"intent":[]},"answer":{"raw":{"text":"어 제가 이 분야에서 오래 일은 했지만 어 새로운 음 기계라는 기계 설비라든지 새로운 프로그램 같은 혁신적인 것들은 잘 알지 못합니다. 그래서 새로운 것들을 계속하지 않으면 이 생산 생산 관리나 기계 설비 분야에서는 뒤떨어질 수 밖에 없습니다. 그래서 새롭게 알지 못하는 분야에 해당하는 새롭게 개발된 기계라든지 시스템이라든지 그 시스템을 만들기 위한 프로그래밍이라든지 이런 것들을 계속 조금씩 배워 나가고 있습니다. 그것을 배우지 못하면 어 새롭게 도입되는 것들에 대해서 어 제가 더 새롭고 더 향상된 프로그램을 이용할 줄 모르게 되고 그러면 제가 일을 할 수 있는 영역에서 효율성이 떨어질 것이기 때문에 조금씩 배우고 있습니다. 어 예시로는 쓰리 쓰리디 프로그램을 하는 기계들이 많이 있는데 인벤터 프로그램이라든가 그런 쓰리디 설계 프로그램 같은 것을 계속 바뀌고 설 설계가 바뀌고 프로그램이 바뀌고 업그레이드되고 있는데 그것들을 조금씩 어 배우고 있습니다. 제가 활용할 수 있는 정도의 수준에 이를 때까지 계속 어 혁신되고 업그레이드되는 것들을 배워 나가야 될 필요가 있습니다. 안 그러면 도태될 테니까요.","wordCount":145},"emotion":[],"intent":[{"text":"어 예시로는 쓰리 쓰리디 프로그램을 하는 기계들이 많이 있는데 인벤터 프로그램이라든가 그런 쓰리디 설계 프로그램 같은 것을 계속 바뀌고 설 설계가 바뀌고 프로그램이 바뀌고 업그레이드되고 있는데 그것들을 조금씩 어 배우고 있습니다.","expression":"f_equip","category":"technology"}],"summary":{"text":"혁신적인 것들을 계속하지 않으면 생산 관리나 기계 설비 분야에서는 뒤떨어질 수 밖에 없습니다. 그래서 새롭게 개발된 기계, 시스템, 프로그램을 만들기 위한 프로그래밍 등을 조금씩 배우고 있습니다. 제가 활용할 수 있는 수준에 이를 때까지 계속 혁신되고 업그레이드되는 것들을 배워 나가야 될 필요가 있겠습니다.","wordCount":42}}},"rawDataInfo":{"question":{"fileFormat":"wav","fileSize":389198,"duration":12160,"samplingBit":16,"channelCount":1,"samplingRate":"16kHz","audioPath":"/Mock/07.ProductionManufacturing/Female/Experienced/ckmk_q_mm_f_e_261566.wav"},"answer":{"fileFormat":"wav","fileSize":2598478,"duration":81200,"samplingBit":16,"channelCount":1,"samplingRate":"16kHz","audioPath":"/Mock/07.ProductionManufacturing/Female/Experienced/ckmk_a_mm_f_e_261566.wav"}}}