{"version":"1.0","dataSet":{"info":{"date":"20230116","occupation":"MM","channel":"MOCK","place":"ONLINE","gender":"FEMALE","ageRange":"45-54","experience":"EXPERIENCED"},"question":{"raw":{"text":"협업을 할 때 가장 중요하게 생각하시는 것은 무엇인가요 왜 그것을 가장 중요하게 생각하시는지 이유와 함께 말씀 부탁드립니다","wordCount":17},"emotion":[],"intent":[]},"answer":{"raw":{"text":"사업을 할 때 가장 중요하게 생각하는 것은 서로에 대한 태도인데요. 그 태도를 결정하는 것은 일에 임하는 태도이기 때문에 같이 일을 일할 사람들을 바라보는 태도를 결정하는 것은 함께 목표를 공감하고 목표를 공유했다는 그런 목표 의식이라고 생각합니다. 이 일을 잘 해내야 하겠다는 목표 의식이 정확하게 있고 그리고 그 가치관을 함께 공유한다면 어 중간에 생기는 여러 가지 문제들은 서로 노력으로 극복할 수 있을 것입니다. 어 역량의 문제나 이런 것들을 서로 도움을 주면서 어 배우는 자세로 열심히 협력한다면 해결이 될 것인데 서로 생각하는 방향이 다르고 일을 대하는 목표나 태도나 가치관이 다르다면 그것은 참 넘어서기 어려운 것입니다. 그래서 협업을 할 때 가장 중요한 건 함께 어 해결해야 될 문제에 대한 목표 의식 그리고 그것을 해결하고자 하는 의지 그리고 그 일을 하는 데 있어서의 가치관 얼마나 큰 가치를 두고 있는지에 대한 공감 그것이 가장 중요하다고 생각합니다.","wordCount":130},"emotion":[],"intent":[{"text":"","expression":"","category":"attitude"}],"summary":{"text":"사업을 할 때 가장 중요하게 생각하는 것은 함께 일을 해나갈 사람들을 바라보는 태도를 결정하는 것입니다. 협업을 할 때는 해결해야 될 문제에 대한 목표의식, 해결하고자 하는 의지, 일을 하는 가치관에 얼마나 큰 가치를 두고 있는지에 대한 공감이 가장 중요합니다.","wordCount":38}}},"rawDataInfo":{"question":{"fileFormat":"wav","fileSize":602638,"duration":18830,"samplingBit":16,"channelCount":1,"samplingRate":"16kHz","audioPath":"/Mock/07.ProductionManufacturing/Female/Experienced/ckmk_q_mm_f_e_288264.wav"},"answer":{"fileFormat":"wav","fileSize":2499278,"duration":78100,"samplingBit":16,"channelCount":1,"samplingRate":"16kHz","audioPath":"/Mock/07.ProductionManufacturing/Female/Experienced/ckmk_a_mm_f_e_288264.wav"}}}