{"version":"1.0","dataSet":{"info":{"date":"20230116","occupation":"MM","channel":"MOCK","place":"ONLINE","gender":"FEMALE","ageRange":"-34","experience":"EXPERIENCED"},"question":{"raw":{"text":"만약 면접자님의 직무에 맞지 않는 일을 하게 되신다면 그때 면접자님은 어떻게 하시겠습니까 그래도 일을 계속 하실 건지 그래도 괜찮으신지 한 번 말씀 부탁드립니다","wordCount":23},"emotion":[],"intent":[]},"answer":{"raw":{"text":"만약 저는 직무에 맞지 않은 일을 하게 되면은 솔직하게 할 수 없다고 말씀드릴 것 같습니다. 왜냐하면 제가 여기에 지원한 이유도 제 직무에 맞는 그리고 이쪽으로 공부를 한 분야를 조금 더 발전시키고 싶어서 여기에 지원을 했습니다. 하지만 전혀 그거와 맞지 않은 일을 하게 된다면 내가 이런 관심이 없고 아무것도 모르는 거에 시간을 투자해도 제가 아는 분야의 시간에 투자하는 것보다는 굉장히 더디게 시간이 흘러갈 것 같다는 생각이 듭니다. 이것은 크게 봐서도 회사 쪽에서도 전혀 도움이 되는 인재가 아니지 않을까 라는 생각이 들고요. 그럴 거면 차라리 그쪽 직무에 맞는 그런 인재를 구하는 게 어떨까 라는 생각이 들기 때문입니다. 그래서 저는 저랑 다른 직무의 이 일이라고 한다면은 어 할 수 없다 라고 말씀드릴 수 있을 것 같습니다.","wordCount":113},"emotion":[],"intent":[{"text":"왜냐하면 제가 여기에 지원한 이유도 제 직무에 맞는 그리고 이쪽으로 공부를 한 분야를 조금 더 발전시키고 싶어서 여기에 지원을 했습니다.","expression":"c_sincere_job","category":"etc"},{"text":"그래서 저는 저랑 다른 직무의 이 일이라고 한다면은 어 할 수 없다 라고 말씀드릴 수 있을 것 같습니다.","expression":"c_adp","category":"personality"}],"summary":{"text":"저는 직무에 맞지 않는 일을 하게 되면 솔직하게 할 수 없습니다. 왜냐하면 제가 이쪽으로 공부를 한 분야를 조금 더 발전시키고 싶어서 여기에 지원을 했습니다. 하지만 전혀 관심없는 거에 시간을 투자해도 굉장히 더디게 시간이 흘러갈 것 같습니다.","wordCount":36}}},"rawDataInfo":{"question":{"fileFormat":"wav","fileSize":591758,"duration":18490,"samplingBit":16,"channelCount":1,"samplingRate":"16kHz","audioPath":"/Mock/07.ProductionManufacturing/Female/Experienced/ckmk_q_mm_f_e_222273.wav"},"answer":{"fileFormat":"wav","fileSize":1822798,"duration":56960,"samplingBit":16,"channelCount":1,"samplingRate":"16kHz","audioPath":"/Mock/07.ProductionManufacturing/Female/Experienced/ckmk_a_mm_f_e_222273.wav"}}}