{"version":"1.0","dataSet":{"info":{"date":"20230116","occupation":"MM","channel":"MOCK","place":"ONLINE","gender":"FEMALE","ageRange":"45-54","experience":"EXPERIENCED"},"question":{"raw":{"text":"만약에 입사를 해서 근무를 하는데 본인이 지원한 분야가 본인과 잘 맞지 않는다는 사실을 깨닫는다면 어떻게 하실 건가요","wordCount":17},"emotion":[],"intent":[]},"answer":{"raw":{"text":"어 입사 후 근무를 시작했는데 제가 지원했던 분야가 제 제 자신과 잘 맞지 않는다는 걸 뒤늦게 깨닫는다면 그것은 제가 그 직무에 대한 업무에 대한 이해를 제대로 하지 못한 상태로 일을 시작했다는 가정이 서게 됩니다. 그렇다면은 제가 그 일을 잘 이해하지 못했기 때문에 그랬다는 건데 그렇다면 부족한 것이 분명합니다. 더 열심히 제가 모르는 것에 대해서 공부를 더 해서 극복해 보겠습니다. 어차피 제가 안다고 생각했는데 사실은 그 분야를 몰랐던 것이고 그래서 제가 잘 맞지 않는다는 사실을 뒤늦게 알았다면 더 공부해야 되는 상황임에 틀림이 없습니다. 그렇다면 그것을 깨달은 즉시 그 업무에 대해서 잘 몰랐던 것을 파악하는 데 시간 투자를 하겠습니다. 노력도 열심히 해서 제가 그 업무를 제대로 깨달을 때까지 노력을 한 다음 그 업무를 다 파악했음에도 제 역량이 부족해서 그걸 잘 해내지 못한다면 그때는 제게 맞는 업무를 다시 고민해 봐야 될 것입니다. 노력도 해보지 않고 업무에 익숙해지지도 않은 채로 잘 모르고 그래서 내가 맞지 않고 내가 생각했던 걸 다르구나 라는 생각만으로 그 일은 나와 맞지 않는다고 쉽사리 평가하는 것은 옳지 않다고 생각합니다.","wordCount":159},"emotion":[],"intent":[{"text":"","expression":"","category":"attitude"}],"summary":{"text":"입사 후 근무를 시작했는데 지원했던 분야가 제 자신과 맞지 않는다는 걸 뒤늦게 깨닫는다면 그것은 제가 직무에 대한 업무에 대한 이해를 제대로 못한 상태로 일을 시작했다는 가정입니다. 더 열심히 제가 모르는 것에 대해서 공부를 더 해서 극복해 보겠습니다. 노력도 해보지 않고 업무에 익숙해지지도 않은 채로 잘 몰라서 그 일을 함부로 평가하는 것은 옳지 않다고 생각합니다.","wordCount":54}}},"rawDataInfo":{"question":{"fileFormat":"wav","fileSize":451918,"duration":14120,"samplingBit":16,"channelCount":1,"samplingRate":"16kHz","audioPath":"/Mock/07.ProductionManufacturing/Female/Experienced/ckmk_q_mm_f_e_239692.wav"},"answer":{"fileFormat":"wav","fileSize":2949838,"duration":92180,"samplingBit":16,"channelCount":1,"samplingRate":"16kHz","audioPath":"/Mock/07.ProductionManufacturing/Female/Experienced/ckmk_a_mm_f_e_239692.wav"}}}