{"version":"1.0","dataSet":{"info":{"date":"20230116","occupation":"MM","channel":"MOCK","place":"ONLINE","gender":"FEMALE","ageRange":"45-54","experience":"EXPERIENCED"},"question":{"raw":{"text":"지원자에게 질문 드리겠습니다 지원자께서는 기계나 장비 등을 많이 사용해 본 경험이 있으신데요 고장난 기계나 장비 등을 성공적으로 교체해 본 경험이 있으시다면 그것에 대해서 말씀해 주십시오","wordCount":25},"emotion":[],"intent":[]},"answer":{"raw":{"text":"싱크대 아래에 어 발판을 밟으면은 어 급수가 되고 발을 떼면 단수가 되는 장치가 있는데 그 급수 단수 되는 페달 장치에 소리가 계속 나고 물이 뚝뚝 새고 그랬던 적이 있습니다. 그래서 일단 그 밸브 아래에 컨트롤러가 작게 있는데 그 컨트롤러를 어 교체할려고 했더니 어 수리를 할려고 했더니 교체하는 것보다 비용이 더 들어서 일단은 뭐 한번 해보고 안되면은 교체를 하더라도 하자 하고 그걸 분해해서 컨트롤러를 열어봤습니다. 어 그래서 그 컨트롤러를 열어서 안에를 깨끗이 청소하고 톱니바퀴를 확인한 다음에 안에 있던 이상한 약간 부러지 부러진 듯한 어떤 원인 모를 물체가 있길래 그것을 빼고 다시 조립해서 끼었더니 어 톱니바퀴가 돌아갈 때 소리도 줄어들고 물 새 물이 새 던 곳도 멈춰서 제가 그걸 간단하게 다시 재조립했을 뿐인데 기계가 제대로 정상 작동했던 그런 성공적인 교체 경험이 있습니다 어 전문가를 부르지 않고 스스로 해결하려고 기계를 분해해서 간단하게 해결이 되었던 경험입니다.","wordCount":132},"emotion":[],"intent":[{"text":"그래서 일단 그 밸브 아래에 컨트롤러가 작게 있는데 그 컨트롤러를 어 교체할려고 했더니 어 수리를 할려고 했더니 교체하는 것보다 비용이 더 들어서 일단은 뭐 한번 해보고 안되면은 교체를 하더라도 하자 하고 그걸 분해해서 컨트롤러를 열어봤습니다.","expression":"f_equip","category":"technology"},{"text":"어 그래서 그 컨트롤러를 열어서 안에를 깨끗이 청소하고 톱니바퀴를 확인한 다음에 안에 있던 이상한 약간 부러지 부러진 듯한 어떤 원인 모를 물체가 있길래 그것을 빼고 다시 조립해서 끼었더니 어 톱니바퀴가 돌아갈 때 소리도 줄어들고 물 새 물이 새 던 곳도 멈춰서 제가 그걸 간단하게 다시 재조립했을 뿐인데 기계가 제대로 정상 작동했던 그런 성공적인 교체 경험이 있습니다","expression":"f_equip","category":"technology"},{"text":"어 전문가를 부르지 않고 스스로 해결하려고 기계를 분해해서 간단하게 해결이 되었던 경험입니다.","expression":"f_equip","category":"technology"}],"summary":{"text":"싱크대 아래 발판을 밟으면 급수가 되고 발 떼면 단수가 되는 장치가 있는데 그 급수 단수되는 페달 장치에 소리가 계속 나고 물이 뚝뚝 새던 적이 있습니다. 그것을 분해해서 컨트롤러를 열어봤더니 톱니바퀴가 돌아갈 때 소리도 줄고 물 새 던 곳도 멈춰서 재조립했을 뿐인데 기계가 제대로 정상 작동했던 성공적인 교체 경험이 있었습니다.","wordCount":49}}},"rawDataInfo":{"question":{"fileFormat":"wav","fileSize":589518,"duration":18420,"samplingBit":16,"channelCount":1,"samplingRate":"16kHz","audioPath":"/Mock/07.ProductionManufacturing/Female/Experienced/ckmk_q_mm_f_e_239583.wav"},"answer":{"fileFormat":"wav","fileSize":2869838,"duration":89680,"samplingBit":16,"channelCount":1,"samplingRate":"16kHz","audioPath":"/Mock/07.ProductionManufacturing/Female/Experienced/ckmk_a_mm_f_e_239583.wav"}}}