{"version":"1.0","dataSet":{"info":{"date":"20230116","occupation":"MM","channel":"MOCK","place":"ONLINE","gender":"FEMALE","ageRange":"45-54","experience":"EXPERIENCED"},"question":{"raw":{"text":"만약 일을 하던 중 팀원과 불화가가 생긴다면 어떻게 해결하시겠어요 해결법과 그 이유를 함께 말씀해 주시기 바랍니다","wordCount":16},"emotion":[],"intent":[]},"answer":{"raw":{"text":"팀원과 불화가 생긴다면 해결법은 원인이 무엇인지 찾아보는 것입니다. 어떤 문제든지 사람의 관계도 마찬가지겠지만 문제가 있을 때는 원인이 있습니다. 그럼 그 원인이 무엇 때문인지 그 원인을 알게 되면 그 원인을 해결하면 됩니다. 어 서로 마음의 갈등이 생긴 것인지 아니면 서로의 의견이 너무 첨예하게 대립해서 의견을 좁히지 못하는 것인지 감정이 상한 것인지 특정한 사안에서 서로 오해가 생긴 것인지 이렇게 원인을 찾은 다음 만약 감정의 골이 깊다면 둘이 서로 만나서 감정의 골을 해결하고 일을 진행해 나가자고 얘기를 해야 할 것이고 그리고 의견이 불일치가 된다면 서로의 의견 중에 어떤 것이 더 논리적인 근거를 가지고 있는지를 시간을 갖고 아주 집중적으로 서로 머리를 맞대고 논의해서 더 논리적이고 설득력이 있고 더 좋은 결과를 가져온다고 판단되는 것을 골라서 해결해 나가면 될 것입니다. 그 외에 감정적인 갈등도 분명히 충분히 대화로 풀어낼 수 있다고 생각합니다.","wordCount":125},"emotion":[],"intent":[{"text":"어 서로 마음의 갈등이 생긴 것인지 아니면 서로의 의견이 너무 첨예하게 대립해서 의견을 좁히지 못하는 것인지 감정이 상한 것인지 특정한 사안에서 서로 오해가 생긴 것인지 이렇게 원인을 찾은 다음 만약 감정의 골이 깊다면 둘이 서로 만나서 감정의 골을 해결하고 일을 진행해 나가자고 얘기를 해야 할 것이고 그리고 의견이 불일치가 된다면 서로의 의견 중에 어떤 것이 더 논리적인 근거를 가지고 있는지를 시간을 갖고 아주 집중적으로 서로 머리를 맞대고 논의해서 더 논리적이고 설득력이 있고 더 좋은 결과를 가져온다고 판단되는 것을 골라서 해결해 나가면 될 것입니다.","expression":"c_confl_mg","category":"personality"},{"text":"그 외에 감정적인 갈등도 분명히 충분히 대화로 풀어낼 수 있다고 생각합니다.","expression":"c_confl_mg","category":"personality"}],"summary":{"text":"팀원과 불화가 생긴다면 해결법은 원인이 무엇인지 찾아보는 것입니다. 원인이 무엇인지 알게 되면 그 원인을 해결하면 됩니다. 갈등이 생긴 것인지 의견이 대립한 것인지, 감정이 상한 것인지, 오해가 생긴 것인지 원인을 찾은 다음 감정의 골이 깊어야 하고 의견이 불일치 한다면 논리적이고 설득력이 있고 좋은 결과를 가져와야 합니다.","wordCount":45}}},"rawDataInfo":{"question":{"fileFormat":"wav","fileSize":373838,"duration":11680,"samplingBit":16,"channelCount":1,"samplingRate":"16kHz","audioPath":"/Mock/07.ProductionManufacturing/Female/Experienced/ckmk_q_mm_f_e_239687.wav"},"answer":{"fileFormat":"wav","fileSize":3006478,"duration":93950,"samplingBit":16,"channelCount":1,"samplingRate":"16kHz","audioPath":"/Mock/07.ProductionManufacturing/Female/Experienced/ckmk_a_mm_f_e_239687.wav"}}}