{"version":"1.0","dataSet":{"info":{"date":"20230116","occupation":"MM","channel":"MOCK","place":"ONLINE","gender":"FEMALE","ageRange":"45-54","experience":"EXPERIENCED"},"question":{"raw":{"text":"다른 계열사도 많이 있는데 특별히 이 계열사에 지원을 해 주신 이유가 있나요 한 번 들어보고 싶습니다","wordCount":16},"emotion":[],"intent":[]},"answer":{"raw":{"text":"제가 평소에 관심을 많이 가지고 있었던 계열사이기도 합니다. 이 계열사에서 하는 일 일이나 업무에 관심이 많았고 계속해서 기회가 되면 한번 이런 일을 해보고 싶었습니다. 그리고 특별히 이 계열사는 이 회사에서는 직원들의 처우 개선이나 어 복지에 특별히 신경을 쓴다는 생각이 듭니다. 그리고 그렇게 되면 일하는 분위기나 환경도 당연히 굉장히 화기애애하고 그리고 일하기 좋은 그런 환경이 되는 것은 당연한 것일 것입니다. 계열사에서 하고 있는 업무도 관심이 있지만 회사 분위기가 제가 원하던 분위기에 가깝다고 생각해서 이곳에 지원하게 되었습니다.","wordCount":75},"emotion":[{"text":"이 계열사에서 하는 일 일이나 업무에 관심이 많았고 계속해서 기회가 되면 한번 이런 일을 해보고 싶었습니다.","expression":"p-interest","category":"positive"}],"intent":[{"text":"이 계열사에서 하는 일 일이나 업무에 관심이 많았고 계속해서 기회가 되면 한번 이런 일을 해보고 싶었습니다.","expression":"c_sincere_job","category":"etc"},{"text":"계열사에서 하고 있는 업무도 관심이 있지만 회사 분위기가 제가 원하던 분위기에 가깝다고 생각해서 이곳에 지원하게 되었습니다.","expression":"c_sincere_job","category":"etc"}],"summary":{"text":"제가 관심을 가지고 있던 계열사에서 하는 일이나 업무에 관심이 많았고 기회가 되면 이 일을 해보고 싶었습니다. 그래서 이 계열사에 지원하게 되었습니다. 회사 분위기가 제가 원하던 분위기에 가깝다고 생각해서 지원하였습니다.","wordCount":29}}},"rawDataInfo":{"question":{"fileFormat":"wav","fileSize":326798,"duration":10210,"samplingBit":16,"channelCount":1,"samplingRate":"16kHz","audioPath":"/Mock/07.ProductionManufacturing/Female/Experienced/ckmk_q_mm_f_e_239585.wav"},"answer":{"fileFormat":"wav","fileSize":1978958,"duration":61840,"samplingBit":16,"channelCount":1,"samplingRate":"16kHz","audioPath":"/Mock/07.ProductionManufacturing/Female/Experienced/ckmk_a_mm_f_e_239585.wav"}}}