{"version":"1.0","dataSet":{"info":{"date":"20230116","occupation":"MM","channel":"MOCK","place":"ONLINE","gender":"FEMALE","ageRange":"45-54","experience":"EXPERIENCED"},"question":{"raw":{"text":"지원자님이 어떻게 이 분야에 관심을 가지게 되었으며 지원까지 할 수 있게 되었는지 궁금합니다 관심을 가지게 된 계기와 지원 동기를 함께 이야기해 주세요","wordCount":22},"emotion":[],"intent":[]},"answer":{"raw":{"text":"이 분야는 실질적으로 기업이나 회사가 물건을 제품을 생산하고 그것들의 생산성을 높여서 최대 이익을 내고 그리고 그들이 만들어 내는 생산해 내는 물건이나 그런 상품이 사회의 일부 기여가 될 수 있다는 그런 좋은 상품을 만들어내는 것이라는 그런 자부심을 가지고 일해보고 싶다는 생각을 하게 됐습니다. 그러면서 동시에 상품을 그렇게 제대로 된 마음으로 상품을 만들 때에 그것들을 정말 효과적으로 만들어서 상품 자체의 개발도 하고 그리고 상품을 만들어 내는 과정도 투명하고 또 효율적으로 관리돼서 만드는 사람이나 그것을 사용하는 사람에게 모두 좋은 결과를 가지고 올 수 있는 그런 분야에서 일을 해보고 싶다 라는 생각을 하게 됐습니다. 어차피 생산 관리를 공부하고 그쪽에 몸담고 있었다면 한 번쯤은 연구 개발이나 아니면 기획하고 관리하는 팀에서 생산성 향상과 상품 품질 향상이라는 두 가지에 다 기여할 수 있는 일을 해보고 싶다는 생각을 해서 이곳에 지원하게 되었습니다.","wordCount":124},"emotion":[],"intent":[{"text":"이 분야는 실질적으로 기업이나 회사가 물건을 제품을 생산하고 그것들의 생산성을 높여서 최대 이익을 내고 그리고 그들이 만들어 내는 생산해 내는 물건이나 그런 상품이 사회의 일부 기여가 될 수 있다는 그런 좋은 상품을 만들어내는 것이라는 그런 자부심을 가지고 일해보고 싶다는 생각을 하게 됐습니다.","expression":"c_sincere_job","category":"etc"},{"text":"그러면서 동시에 상품을 그렇게 제대로 된 마음으로 상품을 만들 때에 그것들을 정말 효과적으로 만들어서 상품 자체의 개발도 하고 그리고 상품을 만들어 내는 과정도 투명하고 또 효율적으로 관리돼서 만드는 사람이나 그것을 사용하는 사람에게 모두 좋은 결과를 가지고 올 수 있는 그런 분야에서 일을 해보고 싶다 라는 생각을 하게 됐습니다.","expression":"c_sincere_job","category":"etc"},{"text":"어차피 생산 관리를 공부하고 그쪽에 몸담고 있었다면 한 번쯤은 연구 개발이나 아니면 기획하고 관리하는 팀에서 생산성 향상과 상품 품질 향상이라는 두 가지에 다 기여할 수 있는 일을 해보고 싶다는 생각을 해서 이곳에 지원하게 되었습니다.","expression":"c_sincere_job","category":"etc"}],"summary":{"text":"이 분야는 기업이 물건을 생산하고 생산성을 높여서 최대 이익을 내고, 그들이 만들어 내는 물건이나 상품이 사회의 일부 기여가 될 수 있다는 그런 좋은 상품을 만들어내는 것이라는 자부심을 가지고 일해보고 싶다는 생각을 하게 됐습니다.","wordCount":33}}},"rawDataInfo":{"question":{"fileFormat":"wav","fileSize":442958,"duration":13840,"samplingBit":16,"channelCount":1,"samplingRate":"16kHz","audioPath":"/Mock/07.ProductionManufacturing/Female/Experienced/ckmk_q_mm_f_e_239587.wav"},"answer":{"fileFormat":"wav","fileSize":2796238,"duration":87380,"samplingBit":16,"channelCount":1,"samplingRate":"16kHz","audioPath":"/Mock/07.ProductionManufacturing/Female/Experienced/ckmk_a_mm_f_e_239587.wav"}}}