{"version":"1.0","dataSet":{"info":{"date":"20230116","occupation":"MM","channel":"MOCK","place":"ONLINE","gender":"FEMALE","ageRange":"45-54","experience":"EXPERIENCED"},"question":{"raw":{"text":"사실 업무라는 게 매일매일 규칙적으로 잘 할 수 있는 것도 중요한데요 일을 하면서 본인이 그것들을 충실하고 또 규칙적으로 하기 위해서 노하우나 방법을 가지고 있습니까","wordCount":24},"emotion":[],"intent":[]},"answer":{"raw":{"text":"저는 매우 흔한 방법이지만 메모를 하는 방법을 쓰고 있습니다. 제가 새롭게 겪은 일도 메모를 하지만 매일매일 있었던 일도 메모를 하면서 오늘은 무엇이 달라졌는지 어떻게 대응했을 때 그 일을 잘 해결할 수 있는지를 잘 살펴서 매번 어 지나간 일을 교훈 삼아 일을 진행하고 있습니다. 그래서 앞으로도 어 메모를 하는 습관을 잃지 않으려고 계속하고 려고 노력을 많이 합니다.","wordCount":56},"emotion":[],"intent":[{"text":"","expression":"","category":"attitude"}],"summary":{"text":"저는 흔한 방법이지만, 메모를 하는 방법을 쓰고 있습니다. 항상 메모하는 습관을 유지하려고 노력을 많이 하고 있으며 앞으로도 그러하려고 합니다.","wordCount":19}}},"rawDataInfo":{"question":{"fileFormat":"wav","fileSize":514958,"duration":16090,"samplingBit":16,"channelCount":1,"samplingRate":"16kHz","audioPath":"/Mock/07.ProductionManufacturing/Female/Experienced/ckmk_q_mm_f_e_282612.wav"},"answer":{"fileFormat":"wav","fileSize":1148238,"duration":35880,"samplingBit":16,"channelCount":1,"samplingRate":"16kHz","audioPath":"/Mock/07.ProductionManufacturing/Female/Experienced/ckmk_a_mm_f_e_282612.wav"}}}