{"version":"1.0","dataSet":{"info":{"date":"20230116","occupation":"MM","channel":"MOCK","place":"ONLINE","gender":"FEMALE","ageRange":"45-54","experience":"EXPERIENCED"},"question":{"raw":{"text":"직무 지식과 역량 태도 이 세 가지 요소 중에서 가장 중요하다고 생각하는 것과 그것에 대한 이유를 말씀해 주세요","wordCount":18},"emotion":[],"intent":[]},"answer":{"raw":{"text":"일을 하기 위해서는 직무에 대한 업무 지식이 너무 중요하고 그리고 그 일을 해낼 수 있는 어떤 역량 능력 능력치 이를 빨리 이해하고 그리고 쉽게 그 일을 습득하는 그런 역량이 필요할테고 그리고 어 그 일을 함에 있어서 긍정적인 태도를 끝까지 최선을 다하는 열심히 해보고자 하는 태도 이 세 가지가 있어야 되는 것은 당연한데요. 이 세 가지 지금 가장 중요한 것을 꼽으라면 태도라고 봅니다. 왜냐하면 직무 지식은 태도가 되어있는 사람에게 직무 지식은 앞으로 계속 넘어가야 할 산은 맞지만 태도만 정확하게 확실하게 어 긍정적이고 열정적인 태도만 유지한다면 그 태도를 가지고 열심히 노력하고 지식을 쌓아가는 데 문제가 없을 것이며 그리고 그 업무 지식을 쌓아가면서 어 태도가 매우 긍정적인 태도로서 이 일에 임하면 당연히 지식과 태도 두 가지가 되는 사람의 역량은 더욱더 자기가 갖고 있던 것보다는 더 배가 되고 더 역량이 어 극대화 될 것이기 때문에 어 제 생각에는 태도만 정확하게 갖고 있다면 그 태도를 가지고 업무 지식을 쌓고 역량을 자기 자신의 역량을 키워 나가는 데 문제가 어 비교적 덜 할 것이라고 생각해서 세 가지 중에 태도가 가장 중요하다고 생각합니다.","wordCount":165},"emotion":[],"intent":[{"text":"","expression":"","category":"attitude"}],"summary":{"text":"일을 하기 위해서는 직무에 대한 업무 지식, 역량, 태도 이 세 가지가 있어야 합니다. 이 중 가장 중요한 것은 태도입니다. 태도만 정확하게 갖고 있다면 그 태도를 가지고 업무 지식을 쌓고 역량을 자기 자신의 역량을 키워 나가는 데 문제가 덜 할 것이라고 생각해서 세 가지 중 태도가 가장 중요합니다.","wordCount":48}}},"rawDataInfo":{"question":{"fileFormat":"wav","fileSize":339278,"duration":10600,"samplingBit":16,"channelCount":1,"samplingRate":"16kHz","audioPath":"/Mock/07.ProductionManufacturing/Female/Experienced/ckmk_q_mm_f_e_213381.wav"},"answer":{"fileFormat":"wav","fileSize":2606158,"duration":81440,"samplingBit":16,"channelCount":1,"samplingRate":"16kHz","audioPath":"/Mock/07.ProductionManufacturing/Female/Experienced/ckmk_a_mm_f_e_213381.wav"}}}