{"version":"1.0","dataSet":{"info":{"date":"20230116","occupation":"MM","channel":"MOCK","place":"ONLINE","gender":"FEMALE","ageRange":"45-54","experience":"EXPERIENCED"},"question":{"raw":{"text":"우리 회사에 들어오면 기존과는 업무 스타일이 달라질 수도 있는데요 지원자님은 이런 기존과 다른 업무 스타일에도 잘 적응하는 편인가요","wordCount":18},"emotion":[],"intent":[]},"answer":{"raw":{"text":"너무 스타일이 어 달라져야 한다면 어 열심히 노력해서 달라진 업무 스타일에 맞춰가겠습니다. 어 이 회사를 선택하고 이 회사에서 하는 일이 저에게 어 굉장히 도전 과제가 되고 제가 여기서 발전 가능성이 있다고 생각해서 이 회사에 지원하게 되었기 때문에 기존에 제가 하던 일을 그대로 답습하는 것을 원하지는 않습니다. 만약에 그랬다면은 어 제가 하던 일에 그대로 있었지 여기에 재도전을 하거나 여기에 지원하지 않았을 것입니다. 여기에 지원한 이상 이곳에서 저에게 요구하는 업무 스타일대로 어 일단 제 자신을 맞춰가면서 배울점이 있는 것은 열심히 배워가면서 어 도전하고 그리고 노력해서 성과를 내도록 하겠습니다. 다른 업무 스타일이 어 회사에서 필요한 것이라면 당연히 어 적응해야 한다고 생각합니다.","wordCount":98},"emotion":[],"intent":[{"text":"","expression":"","category":"attitude"}],"summary":{"text":"달라진 업무 스타일에 맞춰가겠습니다. 기존의 일을 그대로 답습하는 것을 원하지는 않습니다. 지원하는 이상 제 자신을 맞춰가면서 배울점이 있는 것은 열심히 배워가면서 도전하고 성과를 내도록 하겠습니다. 다른 업무 스타일이 회사에서 필요한 것이라면 당연히 적응해야 한다고 생각합니다.","wordCount":35}}},"rawDataInfo":{"question":{"fileFormat":"wav","fileSize":611918,"duration":19120,"samplingBit":16,"channelCount":1,"samplingRate":"16kHz","audioPath":"/Mock/07.ProductionManufacturing/Female/Experienced/ckmk_q_mm_f_e_282687.wav"},"answer":{"fileFormat":"wav","fileSize":1802638,"duration":56330,"samplingBit":16,"channelCount":1,"samplingRate":"16kHz","audioPath":"/Mock/07.ProductionManufacturing/Female/Experienced/ckmk_a_mm_f_e_282687.wav"}}}