{"version":"1.0","dataSet":{"info":{"date":"20230116","occupation":"MM","channel":"MOCK","place":"ONLINE","gender":"FEMALE","ageRange":"45-54","experience":"EXPERIENCED"},"question":{"raw":{"text":"만약 본인이 내일 죽는다는 사실을 알게 된다면 당장 무슨 일을 할 것인가요 우선 이 면접은 끝까지 계속 보실 건가요","wordCount":19},"emotion":[],"intent":[]},"answer":{"raw":{"text":"음 어떤 철학자는 죽는 날까지 한 그루의 사과나무를 심겠다 라고 했는데요. 어 저는 그렇게까지 음 마음 씀씀이가 크지는 넓지는 못한 것 같습니다. 어 제가 만약에 내일 죽는다는 사실을 알면 면접은 좀 취소를 할 것 같습니다. 그렇다고 무단으로 나오 안 나오는 건 아니구요. 약속이니까 예 끝까지 약속이기 때문에 일단 양해를 구하고 예 개인 사정으로 면접읍 예 힘들 것 같다 하고 예 나오도록 하겠습니다. 그리고 음 좀 좋은 예 고 조용한 레스토랑을 빨리 예약을 해서 사랑하는 사람들을 다 모두 소집하고 같이 맛있는 식사를 하면서 이야기를 나누고 싶습니다. 못다한 이야기 고마웠던 점 미안했던 점 그리고 제가 꼭 해주고 싶었던 이야기들을 좀 나누고 싶습니다. 어 그리고 마지막 시간에는 어떤 노트에 남기고 싶은 말들 그리고 내가 어떻게 어떠한 인생을 살았는지 남아있는 사람들에게 전하고 싶었던 이야기 그런 것들을 좀 조용히 적으면서 어 생을 마감하고 싶습니다. 어 마무리하는 시간은 굉장히 중요하다고 생각을 합니다. 그리고 남겨진 사람에게도 어 무언가 저를 생각하면서 슬퍼하지 않고 마냥 슬퍼하지 않고 어 무언가 좋은 기억으로 남을 수 있는 걸 남겨주는 것은 상당히 중요하고 또 애도하는 데도 도움이 될 거라고 생각을 합니다.","wordCount":168},"emotion":[],"intent":[{"text":"","expression":"","category":"attitude"}],"summary":{"text":"어떤 철학자는 죽는 날까지 한 그루의 사과나무를 심겠다고 했습니다. 저는 마음 씀씀이가 크지는 못한 것 같습니다. 개인적인 사정으로 면접읍 힘들 것 같다 하고 나오도록 하겠습니다. 조용한 레스토랑을 예약해서 사랑하는 사람들을 소집하고 맛있는 식사를 하면서 이야기를 나누고 싶습니다. 마지막 시간에는 어떤 노트에 남기고 싶은 말들 그리고 전하고 싶었던 이야기들을 적으면서 생을 마감하고 싶습니다","wordCount":52}}},"rawDataInfo":{"question":{"fileFormat":"wav","fileSize":316238,"duration":9880,"samplingBit":16,"channelCount":1,"samplingRate":"16kHz","audioPath":"/Mock/07.ProductionManufacturing/Female/Experienced/ckmk_q_mm_f_e_282263.wav"},"answer":{"fileFormat":"wav","fileSize":3008718,"duration":94020,"samplingBit":16,"channelCount":1,"samplingRate":"16kHz","audioPath":"/Mock/07.ProductionManufacturing/Female/Experienced/ckmk_a_mm_f_e_282263.wav"}}}