{"version":"1.0","dataSet":{"info":{"date":"20230116","occupation":"MM","channel":"MOCK","place":"ONLINE","gender":"FEMALE","ageRange":"45-54","experience":"EXPERIENCED"},"question":{"raw":{"text":"역사 속에서 가장 존경하는 인물을 말씀해 주세요 또한 그 인물을 가장 존경하는 이유에 대해서도 함께 말씀해 주시기 바랍니다","wordCount":18},"emotion":[],"intent":[]},"answer":{"raw":{"text":"가장 존경하는 인물은 이순신 장군입니다. 어 그분은 정말 위대한 장수였습니다. 어 도저히 가능하지 않다고 생각되는 상황에서 전쟁을 승리로 이끌었습니다. 어 그분이 가지고 있었던 여러 가지 여건이나 상황 모두 어 가능한 것이 하나도 없어 보였습니다. 그리고 심지어 그렇게 열심히 나라를 위해서 싸웠음에도 불구하고 어 험한 일도 당했습니다. 하지만 그것이 그 분의 신념 신념을 꺾을 수 없었습니다. 본인이 옳다고 생각하는 것을 위해 목숨도 버리고 어 매진할 만큼 그렇게 의지가 강하고 신념이 강한 분이었습니다. 거기에다가 불가능 것을 하는 것을 가능하게 만들 정도로 도전적이고 용기가 있으신 분이었습니다. 어 그 모든 것을 갖춘 어 분이기 때문에 역사 중 역사 속에서 가장 존경하는 인물로 이순신 장군을 꼽습니다.","wordCount":101},"emotion":[{"text":"가장 존경하는 인물은 이순신 장군입니다.","expression":"p-affection","category":"positive"},{"text":"어 그 모든 것을 갖춘 어 분이기 때문에 역사 중 역사 속에서 가장 존경하는 인물로 이순신 장군을 꼽습니다.","expression":"p-affection","category":"positive"}],"intent":[{"text":"","expression":"","category":"attitude"}],"summary":{"text":"이순신 장군은 불가능 하다고 생각되는 상황에서 전쟁을 승리로 이끌었고, 본인의 신념 신념을 꺾을 수 없었습니다. 그 모든 것을 갖춘 어 분이기 때문에 역사 속에서 가장 존경하는 인물로 꼽습니다.","wordCount":28}}},"rawDataInfo":{"question":{"fileFormat":"wav","fileSize":604238,"duration":18880,"samplingBit":16,"channelCount":1,"samplingRate":"16kHz","audioPath":"/Mock/07.ProductionManufacturing/Female/Experienced/ckmk_q_mm_f_e_294308.wav"},"answer":{"fileFormat":"wav","fileSize":2321358,"duration":72540,"samplingBit":16,"channelCount":1,"samplingRate":"16kHz","audioPath":"/Mock/07.ProductionManufacturing/Female/Experienced/ckmk_a_mm_f_e_294308.wav"}}}