{"version":"1.0","dataSet":{"info":{"date":"20230116","occupation":"MM","channel":"MOCK","place":"ONLINE","gender":"FEMALE","ageRange":"45-54","experience":"EXPERIENCED"},"question":{"raw":{"text":"글로벌 인재에게 필수 요소는 무엇일까요 지원자님은 그것을 갖추기 위해서 어떤 노력을 하셨었는지도 함께 말씀해 주세요","wordCount":15},"emotion":[],"intent":[]},"answer":{"raw":{"text":"글로벌 인재가 되려면 기본적으로 언어는 필수입니다. 언어를 다양하게 구사하고 어떠한 언어든지 아주 잘 구사하지 않아도 그 언어권에 있는 사람들과 어느 정도 의사소통이 될 정도의 의사소통 능력을 갖추는 것입니다. 의사소통 능력은 언어를 구사하는 능력과는 또 약간의 별개의 문제라고 보는데 의사소통 능력이란 어 비록 언어가 다르고 문화가 다르더라도 그 사람이 생각하는 말을 빠르게 캐치하고 그 사람이 생각하는 것을 이해하고 그리고 적절한 답을 내놓을 줄 아는 그런 능력을 말한다고 생각합니다. 그러려면 문화가 다른 사람들의 어떤 여러 가지 생각이나 문화적 차이도 많이 경험해서 알고 있어야 합니다. 그것을 위해 노력했던 것은 언어를 배우면서 동시에 그 나라 사람들이 직접 만들어낸 드라마나 영화를 통해서 그 나라의 문화를 알려고 노력했던 것입니다. 그리고 실제로 기여가 되면 어 다른 나라에 가서 여행이던 어학연수던 기회가 되는 대로 주어지는 대로 열심히 다른 나라에서 공부할 수 있는 기회 다른 나라의 문화를 경험할 수 있는 기회들을 열심히 도전해서 그런 기회들을 많이 가졌었습니다. 그것이 어 글로벌 인재가 되는 필수 요소고 아직 많이 많이 부족하지만 앞으로도 기회가 되면 다른 문화들을 열심히 탐색하고 그것을 이해하고 언어도 이해할려고 노력하는 기회를 더 많이 가지도록 하겠습니다.","wordCount":166},"emotion":[],"intent":[{"text":"","expression":"","category":"attitude"}],"summary":{"text":"글로벌 인재가 되려면 기본적으로 언어는 필수입니다. 언어가 다르고 문화가 다르더라도 그 사람이 생각하는 것을 빠르게 캐치하고 이해하고 적절한 답을 내놓을 줄 아는 능력을 말합니다. 그러기 위해서는 언어를 배우면서 그 나라 사람들이 만든 드라마나 영화를 통해 그 나라의 문화를 알고, 실제로 기여가 되면 다른 나라에서 공부할 수 있는 기회들을 열심히 도전해야 합니다.","wordCount":51}}},"rawDataInfo":{"question":{"fileFormat":"wav","fileSize":595918,"duration":18620,"samplingBit":16,"channelCount":1,"samplingRate":"16kHz","audioPath":"/Mock/07.ProductionManufacturing/Female/Experienced/ckmk_q_mm_f_e_239691.wav"},"answer":{"fileFormat":"wav","fileSize":3678478,"duration":114950,"samplingBit":16,"channelCount":1,"samplingRate":"16kHz","audioPath":"/Mock/07.ProductionManufacturing/Female/Experienced/ckmk_a_mm_f_e_239691.wav"}}}