{"version":"1.0","dataSet":{"info":{"date":"20230116","occupation":"MM","channel":"MOCK","place":"ONLINE","gender":"MALE","ageRange":"45-54","experience":"NEW"},"question":{"raw":{"text":"현대인은 하루에 평균 세 번 거짓말을 하고 산다고 하는데요 지원자님께서 해 본 거짓말 중에 가장 기억에 남는 거짓말이 있으실까요","wordCount":19},"emotion":[],"intent":[]},"answer":{"raw":{"text":"어 제 인생에서 가장 기억에 남는 거짓말은 어 군대에 갔을 때입니다. 저는 군대 가기 전에 약 한 두 달 정도의 시간이 있어 가지고 그때 어 노력을 해 가지고 운전 면허를 땄습니다. 운전면허를 군대 가기 제 기억으로 한 일 주일 전 쯤 딴 것 같습니다. 군대 가서 제 신교대 훈련을 마치고 신교대에서 뭐 이런저런 얘기를 듣게 됐는데 어 그때 들은 얘기가 운전병으로 군대를 가면 뭐 좀 군 생활이 편하다 이런 얘기를 들었습니다. 어 신교대를 마치고 자대 배치를 하는데 이제 특기병을 뽑고 있는데 마침 운전병을 뽑았습니다. 그때 인제 뭐 운전을 잘 하냐 뭐 운전 경력은 얼마나 되냐 뭐 이런 질문이 있었는데 저는 그때 어 운전을 잘한다고 거짓말을 했습니다. 물론 아 그래 가지고 운전병이 되었습니다. 물론 자대에 가서는 정말 죽도록 고생을 했습니다. 운전하나 못하는 게 운전병으로 왔다고 해 가지고 구박도 많이 당하고 얼차례도 많이 받고 그랬지만 어 저는 나름 거기서 잘 적응을 했습니다. 마침내 제가 제대할 때쯤에는 뭐 거의 베스트 운전병으로 뽑힐 수도 있었고 저는 그 비록 거짓말이었지만 어 군 생활을 하면서 운전을 배울 수 있었고 어 나름 저에게는 어 소중한 시간이었습니다.","wordCount":169},"emotion":[],"intent":[{"text":"","expression":"","category":"attitude"}],"summary":{"text":"면허를 딴지 얼마 안된 시점에 군대를 가서 운전병을 하고싶은 생각에 운전을 잘한다고 거짓말을 했습니다. 자대에 가서는 정말 고생했으나 군 생활을 하면서 적응도 잘 하고 운전을 배울 수 있어 저에게는 소중한 시간이었습니다.","wordCount":31}}},"rawDataInfo":{"question":{"fileFormat":"wav","fileSize":390478,"duration":12200,"samplingBit":16,"channelCount":1,"samplingRate":"16kHz","audioPath":"/Mock/07.ProductionManufacturing/Male/New/ckmk_q_mm_m_n_159961.wav"},"answer":{"fileFormat":"wav","fileSize":2750798,"duration":85960,"samplingBit":16,"channelCount":1,"samplingRate":"16kHz","audioPath":"/Mock/07.ProductionManufacturing/Male/New/ckmk_a_mm_m_n_159961.wav"}}}