{"version":"1.0","dataSet":{"info":{"date":"20230116","occupation":"MM","channel":"MOCK","place":"ONLINE","gender":"MALE","ageRange":"45-54","experience":"NEW"},"question":{"raw":{"text":"휴식을 취할 때는 주로 어떤 일을 하나요 그렇다면 왜 그 일을 하는지 그 이유도 같이 말씀해 주세요","wordCount":17},"emotion":[],"intent":[]},"answer":{"raw":{"text":"휴식을 취할 때 주로 오전 중엔 많이 자죠. 많이 자고 그 다음에는 좀 일을 만들어서 하는 편이에요. 왜냐하면 하루 종일 계속 누워 있고 티브이를 보고 뭐 먹고 누워 있고 어 이런 삶을 보내면 어 시간을 보내면 다음날 업무가 너무 힘들더라구요. 그래서 저는 일부러 일을 좀 만들어서 하는 편이라 어 그동안 그 뭐 주중에 못 했던 것들 예를 들어서 뭐 문이 삐걱 거린다는 걸 자꾸 고친다든가 뭐 주저앉은 문을 고친다든가 뭐 선풍기나 가전제품을 닦는다든가 이런 식으로 인제 일을 좀 만들어서 하고 조금 더 어 몸을 움직이는 이런 스타일이에요. 그리고 저녁에는 간단하게 반주하고 좀 숙면을 취할 수 있게 하는 게 제 영 일을 다음날 일을 할 때 있어서 가장 효과적이고 좋은 방법이라고 생각합니다.","wordCount":111},"emotion":[],"intent":[{"text":"","expression":"","category":"attitude"}],"summary":{"text":"휴식 취할 때 주로 오전엔 많이 자고 그 다음에는 일을 만들어서 하는 편인데, 왜냐하면 종일 누워 있고 티브이를 보고 있고 먹고 누워 있는 삶은 다음날 업무가 너무 힘들었기 때문입니다. 그래서 일부러 일을 좀 만들어서 하는 편입니다.","wordCount":36}}},"rawDataInfo":{"question":{"fileFormat":"wav","fileSize":275918,"duration":8620,"samplingBit":16,"channelCount":1,"samplingRate":"16kHz","audioPath":"/Mock/07.ProductionManufacturing/Male/New/ckmk_q_mm_m_n_167436.wav"},"answer":{"fileFormat":"wav","fileSize":2374158,"duration":74190,"samplingBit":16,"channelCount":1,"samplingRate":"16kHz","audioPath":"/Mock/07.ProductionManufacturing/Male/New/ckmk_a_mm_m_n_167436.wav"}}}