{"version":"1.0","dataSet":{"info":{"date":"20230116","occupation":"MM","channel":"MOCK","place":"ONLINE","gender":"MALE","ageRange":"-34","experience":"NEW"},"question":{"raw":{"text":"회사에 들어와서 일을 하다 보면 협업을 할 일이 많아질 텐데요 협업을 할 때 사교성이 좋으신 편인지 궁금합니다 또 사교성을 위해서 어떤 노력을 하셨는지도요 이야기 해 주시겠어요","wordCount":26},"emotion":[],"intent":[]},"answer":{"raw":{"text":"협업을 할 때 저는 사교성이 좋은 편이라고 말씀을 드리고 싶습니다. 어 사교성을 키우기 위해서 사실 어떠한 노력을 한 것은 아닙니다. 저는 항상 활발 활동적이고 그리고 활발한 성격을 가지고 있기 때문에 어 사교성이라는 부분은 항상 부족함 어 부족하다는 것을 느끼지 못했고 항상 자신 있게 에 생활을 해 왔기 때문에 사교성이라는 부분에 있어서 좋다고 말씀을 드리고 싶습니다. 저는 항상 협업을 할 때 사람들마다 생각이 다르고 가치관이 다르기 때문에 마찰과 갈등들이 생겨날 수 있다고 생각을 합니다. 때문에 이런 것들을 항상 인지를 하고 유연한 사고와 유연한 대처로 항상 협업을 하다 보면 어 협업을 원만하게 잘 이뤄낼 수 있었던 것 같습니다. 이런 것들을 통해서 사교성은 저절로 따라왔던 부분이라고 생각을 하고 이런 부분들이 회사에 입사하게 되었을 때 긍정적으로 작용할 수 있을 거라고 자신 있게 말씀을 드리고 싶습니다.","wordCount":121},"emotion":[],"intent":[{"text":"","expression":"","category":"attitude"}],"summary":{"text":"협업을 할 때 저는 사교성이 좋은 편이라고 말씀을 드리고 싶습니다. 협업할 때 사람마다 생각이 다르고 가치관이 다르기 때문에 마찰과 갈등들이 생겨날 수 있기 때문에 유연한 사고와 유연한 대처로 항상 협업을 하다 보면 협업을 원만하게 잘 이뤄낼 수 있었던 것 같습니다.","wordCount":40}}},"rawDataInfo":{"question":{"fileFormat":"wav","fileSize":474958,"duration":14840,"samplingBit":16,"channelCount":1,"samplingRate":"16kHz","audioPath":"/Mock/07.ProductionManufacturing/Male/New/ckmk_q_mm_m_n_189214.wav"},"answer":{"fileFormat":"wav","fileSize":2857038,"duration":89280,"samplingBit":16,"channelCount":1,"samplingRate":"16kHz","audioPath":"/Mock/07.ProductionManufacturing/Male/New/ckmk_a_mm_m_n_189214.wav"}}}