{"version":"1.0","dataSet":{"info":{"date":"20230116","occupation":"MM","channel":"MOCK","place":"ONLINE","gender":"MALE","ageRange":"45-54","experience":"NEW"},"question":{"raw":{"text":"지원자님이 앞으로 전문적으로 다뤄보고 싶은 시설 장비가 있다면 말씀해 주실 수 있나요","wordCount":12},"emotion":[],"intent":[]},"answer":{"raw":{"text":"불과 한 이십 년 전까지만 하더라도 차량에 그 철도 차량에 문제가 있으면 차를 세워놓고 정비를 했지만요. 지금은 문제가 생기기 전에 미리 정비하는 데 초점을 두고 있습니다. 그래서 각종 정비에 필요한 시설 그리고 장비들도 첨단화 되어 있는 걸로 알고 있습니다. 제가 특히 어 다뤄보고 싶은 장비가 있다면 그것은 차륜 있잖습니까 차륜에 내경을 깎고 옮기는 데 필요한 다관절 로봇 장비를 저는 시험하고 그리고 다뤄보고 싶습니다.","wordCount":63},"emotion":[],"intent":[{"text":"","expression":"","category":"attitude"}],"summary":{"text":"철도 차량 정비는 문제 발생 전 미리 정비하는 데 초점을 두고 있습니다. 차륜에 내경을 깎고 옮기는 데 필요한 다관절 로봇 장비를 시험하고 다뤄보고 싶습니다.","wordCount":24}}},"rawDataInfo":{"question":{"fileFormat":"wav","fileSize":293198,"duration":9160,"samplingBit":16,"channelCount":1,"samplingRate":"16kHz","audioPath":"/Mock/07.ProductionManufacturing/Male/New/ckmk_q_mm_m_n_172610.wav"},"answer":{"fileFormat":"wav","fileSize":1652558,"duration":51640,"samplingBit":16,"channelCount":1,"samplingRate":"16kHz","audioPath":"/Mock/07.ProductionManufacturing/Male/New/ckmk_a_mm_m_n_172610.wav"}}}