{"version":"1.0","dataSet":{"info":{"date":"20230116","occupation":"MM","channel":"MOCK","place":"ONLINE","gender":"MALE","ageRange":"45-54","experience":"NEW"},"question":{"raw":{"text":"네 만약 지원자님께서 게임 속 캐릭터라면 어떤 게임에서 어떤 역할을 좀 맡아서 수행을 하고 싶으실지 그 이야기를 한 번 들려주시기를 바랍니다 네 게임 속 캐릭터에 대한 이야기입니다","wordCount":27},"emotion":[],"intent":[]},"answer":{"raw":{"text":"어 저는 개인적으로 모바일 게임이나 피씨 게임을 전혀 하지 않습니다. 어 좀 좋아하지도 않을 뿐더러 어 이상하게 별로 그거에 대해서 흥미를 좀 못 느낍니다. 어 근데 일단 질문을 답을 하면 뭐 게임에는 정말 제가 잘 모르지만 정말 수많은 캐릭터가 나옵니다. 뭐 병사 뭐 포졸부터 시작해 가지고 뭐 전사 악당 무슨 뭐 괴물 뭐 기타 등등 여러 가지가 나오는데 저는 개인적으로 거기서 만일 제가 굳이 게임을 하면서 어떤 캐릭터를 구르라고 하면 저는 마법사나 책사 같은 캐릭터를 고르고 싶습니다. 제가 게임은 잘 모르지만 마법사는 일단 뭐 그 개인 능력은 그렇게 크지 전투에 개인의 전투능력이 크지 않습니다. 하지만 어떤 뭐 지략으로 어떤 한 방으로 그 판세를 뒤엎거나 이럴 때 그 마법사의 역할이 중요하고 저는 그런 데서 좀 마법사나 책사 같은 전략가의 그 좀 그 맛을 느낍니다. 그래서 저는 개인적으로 뭐 마법사나 책사 전략가 같은 이렇게 그 뭐 직접 전투에 나가서 막 싸우고서 영웅이 되는 이런 캐릭터 말고 뒤에서 보조를 해주면서도 그 뭐 전투 능력은 떨어질지 몰라도 그 지략으로 아니면 그 개인의 능력으로 판세를 뒤엎고 어떤 어 분위기를 전환할 수 있는 그런 캐릭터를 원합니다.","wordCount":170},"emotion":[],"intent":[{"text":"","expression":"","category":"attitude"}],"summary":{"text":"저는 모바일 게임이나 피씨 게임을 전혀 좋아하지도 않고 흥미도 느끼지도 않습니다. 근데 게임에는 수많은 캐릭터가 나오는데 저는 개인적으로 마법사나 책사 같은 캐릭터를 고르고 싶습니다. 지략으로 판세를 뒤엎을 때 그 역할로 분위기를 전환할 수 있는 그런 캐릭터를 원합니다.","wordCount":37}}},"rawDataInfo":{"question":{"fileFormat":"wav","fileSize":665678,"duration":20800,"samplingBit":16,"channelCount":1,"samplingRate":"16kHz","audioPath":"/Mock/07.ProductionManufacturing/Male/New/ckmk_q_mm_m_n_179451.wav"},"answer":{"fileFormat":"wav","fileSize":2874318,"duration":89820,"samplingBit":16,"channelCount":1,"samplingRate":"16kHz","audioPath":"/Mock/07.ProductionManufacturing/Male/New/ckmk_a_mm_m_n_179451.wav"}}}