{"version":"1.0","dataSet":{"info":{"date":"20230116","occupation":"MM","channel":"MOCK","place":"ONLINE","gender":"MALE","ageRange":"35-44","experience":"NEW"},"question":{"raw":{"text":"지원자분께 질문하겠습니다 씨에스 엔지니어와 설비 엔지니어와의 차이점은 무엇이라고 생각하시는지 말씀해 주십시오","wordCount":11},"emotion":[],"intent":[]},"answer":{"raw":{"text":"씨에스 엔지니어는 커스터머 써비스라고 해서 현장에서 장비를 설치하거나 유지 보수 또는 현장에 써비스를 할 때 필요한 씨에스 엔지니어라고 합니다. 말로는 필드 써비스 엔지니어라고도 부릅니다. 씨에스 엔지니어의 가장 큰 역할은 애프터 써비스 애프터 쎄일즈에 이루어지는 거기 때문에 씨에스 팀에 소속이 많이 되어 있어서 씨에스 엔지니어라고 많이 부릅니다. 설비 엔지니어는 장비를 설치하거나 장비의 설비만을 도와주는 사람들입니다. 예를 들어서 장비를 인스톨이라고 하는 설치할 때 사 장비에 대한 기본 세팅만 잡고 설치만 하고 그다음부터 유지 보수나 애프터 써비스는 거지 하 거의 하지 않습니다. 두 엔지니어의 차이는 씨에스는 유지 보수 위주로 이미 설치된 장비에 대해서 이 장비를 어떻게 고객에 잘 쓸 수 있게끔 유지를 하고 도와주는 업무라면 설비 엔지니어는 제일 처음에 장비를 설치하고 기초에 셋팅 값을 잡아주는 사람들입니다.","wordCount":113},"emotion":[{"text":"씨에스 엔지니어는 커스터머 써비스라고 해서 현장에서 장비를 설치하거나   유지 보수 또는 현장에 써비스를 할 때 필요한 씨에스 엔지니어라고 합니다.","expression":"u-fact","category":"neutral"},{"text":"씨에스 엔지니어의 가장 큰 역할은 애프터 써비스   애프터 쎄일즈에 이루어지는 거기 때문에 씨에스 팀에 소속이 많이 되어 있어서 씨에스 엔지니어라고 많이 부릅니다.","expression":"u-fact","category":"neutral"},{"text":"설비 엔지니어는 장비를 설치하거나 장비의 설비만을 도와주는 사람들입니다.","expression":"u-fact","category":"neutral"},{"text":"두 엔지니어의 차이는 씨에스는 유지 보수 위주로 이미 설치된 장비에 대해서 이 장비를 어떻게 고객에 잘 쓸 수 있게끔   유지를 하고 도와주는 업무라면 설비 엔지니어는 제일 처음에 장비를 설치하고 기초에 셋팅 값을 잡아주는 사람들입니다.","expression":"u-fact","category":"neutral"}],"intent":[{"text":"","expression":"","category":"attitude"}],"summary":{"text":"씨에스 엔지니어는 유지 보수 위주로 설치된 장비에 대해서 어떻게 고객에 잘 쓸 수 있게끔 유지를 하고 도와주는 업무라면 설비 엔지니어는 장비를 설치하고 기초에 셋팅 값을 잡아주는 사람들입니다.","wordCount":27}}},"rawDataInfo":{"question":{"fileFormat":"wav","fileSize":403278,"duration":12600,"samplingBit":16,"channelCount":1,"samplingRate":"16kHz","audioPath":"/Mock/07.ProductionManufacturing/Male/New/ckmk_q_mm_m_n_184636.wav"},"answer":{"fileFormat":"wav","fileSize":2005838,"duration":62680,"samplingBit":16,"channelCount":1,"samplingRate":"16kHz","audioPath":"/Mock/07.ProductionManufacturing/Male/New/ckmk_a_mm_m_n_184636.wav"}}}