{"version":"1.0","dataSet":{"info":{"date":"20230116","occupation":"MM","channel":"MOCK","place":"ONLINE","gender":"MALE","ageRange":"45-54","experience":"NEW"},"question":{"raw":{"text":"본인 스스로 생각했을 때 본인은 숫자와 창의 중 어떤 것에 더 가까운 사람이라고 생각하나요 왜 그렇게 생각하는지 이유도 같이 말씀해 주세요","wordCount":21},"emotion":[],"intent":[]},"answer":{"raw":{"text":"숫자와 창의 중 어느 것이 가깝냐 하는 건 본인에게 한번 물어본다면 저는 어 숫자에 좀 더 가깝다고 말하고 씀드릴 수 있겠습니다. 당연히 해외 영업을 계속 진행을 하다 보니 매출 숫자에 민감하게 대답 되고 그 매출 숫자 쪽이라든지 그런 실적을 위해선 숫자에 더 가깝다고 할 수 있겠습니다. 하지만 일반적인 방법으로 계속 숫자만을 본다면 한계가 있기 때문에 창의적인 방법으로 어 숫자를 늘려가는 방안들도 경험을 했 경험을 했었습니다. 특히 어 기존의 방법으로는 숫자를 올리기가 영업 매출 숫자를 올리기가 어렵다고 판단하는 한 저는 어 고객사들이 많이 모여있는 중국의 남방 지역인 광동성 심천 지역에 직접 파견을 나가서 그 곳에서 어 사무소를 구하고 사무소에서 일할 중국 인원들을 면접 채용하였으며 그곳에서 같이 로칼 영업을 진행을 해서 꽌씨를 만들고 최종적으로는 영업 신규 영업 매출을 창출한 경험을 가지고 있습니다. 이러한 창의적인 방법으로 결국 수 숫자를 올리는 부분도 있기 때문에 숫자에 본인은 숫자에 가깝기 하지만 창의적인 부분들도 있다고 생각합니다.","wordCount":139},"emotion":[],"intent":[{"text":"특히 어 기존의 방법으로는 숫자를 올리기가 영업 매출 숫자를 올리기가 어렵다고 판단하는 한 저는   어 고객사들이 많이 모여있는 중국의 남방 지역인 광동성 심천 지역에 직접 파견을 나가서   그 곳에서 어 사무소를 구하고 사무소에서 일할 중국 인원들을 면접 채용하였으며 그곳에서 같이 로칼 영업을 진행을 해서 꽌씨를 만들고   최종적으로는 영업 신규 영업 매출을 창출한 경험을 가지고 있습니다.","expression":"f_resp","category":"attitude"}],"summary":{"text":"해외 영업을 계속 진행하다 보니 매출 숫자에 민감하게 되고 , 실적을 위해선 숫자에 더 가깝다고 할 수 있겠습니다. 하지만 일반적인 방법으로 계속 숫자만을 본다면 한계가 있기 때문에 창의적인 방법으로 숫자를 늘려가는 방안들도 경험을 했었습니다. 이러한 창의적 방법으로 결국 수 숫자를 올리는 부분도 있기 때문에 숫자에 가깝기 하지만 창의적인 부분들도 있다고 생각합니다.","wordCount":51}}},"rawDataInfo":{"question":{"fileFormat":"wav","fileSize":444238,"duration":13880,"samplingBit":16,"channelCount":1,"samplingRate":"16kHz","audioPath":"/Mock/07.ProductionManufacturing/Male/New/ckmk_q_mm_m_n_163282.wav"},"answer":{"fileFormat":"wav","fileSize":2746318,"duration":85820,"samplingBit":16,"channelCount":1,"samplingRate":"16kHz","audioPath":"/Mock/07.ProductionManufacturing/Male/New/ckmk_a_mm_m_n_163282.wav"}}}