{"version":"1.0","dataSet":{"info":{"date":"20230116","occupation":"MM","channel":"MOCK","place":"ONLINE","gender":"MALE","ageRange":"45-54","experience":"NEW"},"question":{"raw":{"text":"일을 하시게 되면 자료를 문서화해야 할 일들이 많이 있는데요 어 지원자님께서는 문서화 작업이 왜 필요하다고 생각하시는지 그 생각을 한번 말씀해 주시기 바랍니다","wordCount":22},"emotion":[],"intent":[]},"answer":{"raw":{"text":"소프트웨어의 개발 과정에서 개발 방침 요구 조건 설계 내용 운전 보수 방법 각종 관리 정보 등을 인간에게 이해시키는 문장 도식 등을 써서 문서화하는 것을 말합니다. 또 문서화된 생산물을 도큐먼트라고 합니다. 프로그램을 작성할 때 이것에 관한 각종 문서 어 도큐먼트에는 설계 제조 공정에서의 작업 결과를 나타낸 후 다음 공정으로 입력되는 설계 도큐먼트 운전 보수를 위한 정보를 주는 보수 도큐먼트 외에 작업의 실시에 관한 계획 방법 규약 등을 나타내는 도큐먼트를 문서화한다 라고 합니다. 문서화한다는 것은 결국 기록을 남긴다라는 것이고 기록을 남긴다라는 것은 어 어떤 근거를 남기게 된다는 뜻입니다. 이것은 다음에 어떤 무엇인가를 개발하거나 어떤 일을 할 때 자료로 삼을 수 있습니다. 이 자료라는 것은 어 나한테서 끝나는 게 아니라 공유가 되고 이것은 내 다음 사람 이것을 필요로 하는 누군가한테 공유가 되고 그 사람에게 자료를 그 사람이 자료를 쓸 수 있기에 문서화는 꼭 필요한 작업이라고 저는 생각합니다.","wordCount":134},"emotion":[{"text":"소프트웨어의 개발 과정에서 개발 방침 요구 조건 설계 내용   운전 보수 방법 각종 관리 정보 등을 인간에게 이해시키는 문장 도식 등을 써서 문서화하는 것을 말합니다.","expression":"u-fact","category":"neutral"},{"text":"또 문서화된 생산물을 도큐먼트라고 합니다.","expression":"u-fact","category":"neutral"},{"text":"프로그램을 작성할 때 이것에 관한   각종 문서 어 도큐먼트에는 설계 제조 공정에서의 작업 결과를 나타낸 후 다음 공정으로 입력되는 설계 도큐먼트   운전 보수를 위한 정보를 주는 보수 도큐먼트 외에 작업의 실시에 관한 계획   방법 규약 등을 나타내는 도큐먼트를 문서화한다 라고 합니다.","expression":"u-fact","category":"neutral"},{"text":"문서화한다는 것은 결국 기록을 남긴다라는 것이고 기록을 남긴다라는 것은 어 어떤   근거를 남기게 된다는 뜻입니다.","expression":"u-fact","category":"neutral"},{"text":"이것은 다음에 어떤 무엇인가를 개발하거나 어떤 일을 할 때 자료로 삼을 수 있습니다.","expression":"u-fact","category":"neutral"}],"intent":[{"text":"","expression":"","category":"attitude"}],"summary":{"text":"소프트웨어의 개발 과정에서 문서화하는 것을 도큐먼트라고 합니다. 문서화란 결국 기록을 남긴다는 것이고 이것은 어떤 근거를 남기게 된다는 뜻이기 때문에 꼭 필요한 작업이라고 생각합니다.","wordCount":23}}},"rawDataInfo":{"question":{"fileFormat":"wav","fileSize":473678,"duration":14800,"samplingBit":16,"channelCount":1,"samplingRate":"16kHz","audioPath":"/Mock/07.ProductionManufacturing/Male/New/ckmk_q_mm_m_n_163993.wav"},"answer":{"fileFormat":"wav","fileSize":2498638,"duration":78080,"samplingBit":16,"channelCount":1,"samplingRate":"16kHz","audioPath":"/Mock/07.ProductionManufacturing/Male/New/ckmk_a_mm_m_n_163993.wav"}}}