{"version":"1.0","dataSet":{"info":{"date":"20230116","occupation":"MM","channel":"MOCK","place":"ONLINE","gender":"MALE","ageRange":"45-54","experience":"NEW"},"question":{"raw":{"text":"역사 속 인물들 중에서 지원자님께서 가장 존경하는 인물을 선택하신 후 왜 그 인물을 존경하는지에 대해서도 함께 말씀해 주시기 바랍니다","wordCount":19},"emotion":[],"intent":[]},"answer":{"raw":{"text":"아마 우리 국민 중 대부분이 존경하는 인물이라고 꼽을 텐데 저는 이순신 장군을 존경합니다. 이순신 장군 같은 경우에는 역경을 이겨내고 자기의 소신을 지키고 그리고 끝내 그 역경에 대해서 반전을 이루어 이루는 그런 성취를 이루는 그런 부분에 대해서 굉장히 존경하는 마음을 가지고 있습니다.","wordCount":41},"emotion":[{"text":"아마 우리 국민 중 대부분이 존경하는 인물이라고 꼽을 텐데 저는 이순신 장군을 존경합니다.","expression":"p-affection","category":"positive"}],"intent":[{"text":"","expression":"","category":"attitude"}],"summary":{"text":"국민들은 이순신 장군을 존경합니다. 이순신 장군은 역경을 이겨내고 자신의 소신을 지키고 성취를 이루는 부분에 존경의 마음을 가지고 있습니다.","wordCount":18}}},"rawDataInfo":{"question":{"fileFormat":"wav","fileSize":481358,"duration":15040,"samplingBit":16,"channelCount":1,"samplingRate":"16kHz","audioPath":"/Mock/07.ProductionManufacturing/Male/New/ckmk_q_mm_m_n_174609.wav"},"answer":{"fileFormat":"wav","fileSize":871118,"duration":27220,"samplingBit":16,"channelCount":1,"samplingRate":"16kHz","audioPath":"/Mock/07.ProductionManufacturing/Male/New/ckmk_a_mm_m_n_174609.wav"}}}