{"version":"1.0","dataSet":{"info":{"date":"20230116","occupation":"MM","channel":"MOCK","place":"ONLINE","gender":"MALE","ageRange":"45-54","experience":"NEW"},"question":{"raw":{"text":"지원자님께서 생각하시기에 현대 사회 내에서 절대 없어서는 안될 가장 중요한 직업이라고 하는 것이 존재한다고 한다면 그러한 직업을 있는 직업들 가운데서 한 가지만 골라서 얘기해 주실 수 있으실까요","wordCount":27},"emotion":[],"intent":[]},"answer":{"raw":{"text":"요즘 현대사회는 정말 하루가 다르게 새로운 기술이 나오고 하루가 다르게 발전하고 있습니다. 어 이제 정말 멀지 않아서 자동차가 인간을 에 에이아이 인공지능이 인간을 대신해서 어 자동차를 물고 주차시키고 하는 시대가 올 거라고 생각을 합니다. 지금도 물론 일부분은 에이아이가 하고 있지만 아예 처음 시동서부터 최종 목적지 다달아 주차까지 에이아이가 전부 하는 것이 오히려 안전한 그런 시대가 올 거라고 저는 생각합니다. 하지만 아무리 사회가 발전하고 어 한다고 해도 저는 개인적으로 교사라는 직업만큼은 절대로 기계나 로봇이 할 수 없다라고 생각을 합니다. 물론 학교라는 울타리 안에 있겠지만 단순히 교사는 지식을 전달하는 직업이 아닙니다. 지식을 전달할 때에는 오히려 컴퓨터가 더 나을 수도 있습니다. 교사라는 직업은 사람과 사람이 만나면서 이 사람이 살아 갈 수 이 사회에 적응하고 사람이 사람으로서 살아가는 그 기본적인 예의를 가르치고 그 사람의 정을 느끼게 하는 그 사회의 구성원을 만드는 그 첫 번째 단계라고 생각을 합니다. 그래서 저는 어 교사라는 직업만큼은 그 누구도 아닌 인간이 직접 해야 되고 어 영원할 거라고 생각합니다.","wordCount":149},"emotion":[],"intent":[{"text":"","expression":"","category":"attitude"}],"summary":{"text":"현대사회는 인공지능이 인간을 대신해서 자동차를 물고 주차시키는 시대가 올 것이라고 생각합니다. 아무리 사회가 발전해도 교사라는 직업만은 기계나 로봇이 할 수 없다고 생각합니다. 교사는 지식을 전달하는 직업이 아니라 사회에 적응하고 기본적인 예의를 가르치고 정을 느끼게 하는 사회 구성원을 만드는 첫 번째 단계이기 때문입니다.","wordCount":42}}},"rawDataInfo":{"question":{"fileFormat":"wav","fileSize":629838,"duration":19680,"samplingBit":16,"channelCount":1,"samplingRate":"16kHz","audioPath":"/Mock/07.ProductionManufacturing/Male/New/ckmk_q_mm_m_n_179452.wav"},"answer":{"fileFormat":"wav","fileSize":2837198,"duration":88660,"samplingBit":16,"channelCount":1,"samplingRate":"16kHz","audioPath":"/Mock/07.ProductionManufacturing/Male/New/ckmk_a_mm_m_n_179452.wav"}}}