{"version":"1.0","dataSet":{"info":{"date":"20230116","occupation":"MM","channel":"MOCK","place":"ONLINE","gender":"MALE","ageRange":"45-54","experience":"NEW"},"question":{"raw":{"text":"여러 사람과 함께 일을 하다 보면 구성원들끼리 갈등이 생길 수도 있습니다 그때 어떻게 해결하시겠습니까","wordCount":14},"emotion":[],"intent":[]},"answer":{"raw":{"text":"물론 여러 사 여러 사람이 함께 일을 하다보면 그 구성원들 간의 갈등이 생길 수 있습니다. 그럴 때는 저는 그 일단 갈등이 생긴 양자를 따로따로 만나서 얘기를 들어보고 불만이 뭔지 또 어떤 게 어떻게 해결하면 좋은지를 좀 차분하게 듣는 편이구요. 그래서 해결할 수 있으면 제가 소통 역할을 해서 해결 하는 편이고 지금까지 그래 왔었구요. 그래서 안 풀린 적은 별로 없었던 것 같아요. 그래서 저는 주로 이제 어떤 어 구성원들의 가교 역할이나 소통 역할을 좀 많이 했었던 그런 기억이 있습니다.","wordCount":78},"emotion":[],"intent":[{"text":"그럴 때는 저는 그 일단 갈등이 생긴 양자를   따로따로 만나서 얘기를 들어보고 불만이 뭔지 또 어떤 게   어떻게 해결하면 좋은지를 좀 차분하게 듣는 편이구요.","expression":"c_confl_mg","category":"personality"}],"summary":{"text":"여러 사람이 함께 일하면 구성원들 간에 갈등이 생길 수 있습니다. 그럴 때는 제가 소통 역할을 해서 해결하는 편이습니다. 그래서 주로 구성원들의 가교 역할이나 소통 역할을 좀 많이 했었던 기억입니다.","wordCount":29}}},"rawDataInfo":{"question":{"fileFormat":"wav","fileSize":298958,"duration":9340,"samplingBit":16,"channelCount":1,"samplingRate":"16kHz","audioPath":"/Mock/07.ProductionManufacturing/Male/New/ckmk_q_mm_m_n_167644.wav"},"answer":{"fileFormat":"wav","fileSize":1599758,"duration":49990,"samplingBit":16,"channelCount":1,"samplingRate":"16kHz","audioPath":"/Mock/07.ProductionManufacturing/Male/New/ckmk_a_mm_m_n_167644.wav"}}}