{"version":"1.0","dataSet":{"info":{"date":"20230116","occupation":"MM","channel":"MOCK","place":"ONLINE","gender":"MALE","ageRange":"45-54","experience":"NEW"},"question":{"raw":{"text":"지원자님께서 그동안 인생을 살아오면서 가장 후회됐었던 일이 있다면 한 가지만 말씀해 주실 수 있나요","wordCount":14},"emotion":[],"intent":[]},"answer":{"raw":{"text":"어 제가 인생을 살면서 지금껏 가장 후회가 되는 일은 어 돌아가신 아버님과 좀 더 친하게 가깝게 지나지 못한 점입니다. 저는 사십 대 초반에 아버님과 어머님을 어 모두 잃었습니다. 어머님과는 그래도 나름 추억이 많습니다. 또 뭐 막내라는 이유로 어머님과 같이 여행을 다닌 적도 있고 뭐 소위 맛집이라고 해서 어머님과 뭐 찾아가서 같이 음식을 먹고 이랬던 추억이 많습니다. 그런 반면에 아버님 과는 어 그런 추억이 전혀 없습니다. 어 물론 어렸을 때 부모님과 뭐 다른 형제들과 더불어서 뭐 어디 놀이공원이라든지 놀러 간 기억은 있지만 제가 스무 살이 된 이후로는 뭐 아버님과 단둘이서 뭐 여행을 갔거나 아니면은 뭐 따로 뭐 만나서 식사를 했거나 하는 이런 경험이 전혀 없습니다. 지금 막상 부모님이 두 분 다 안 계시고 그러고 나서 저도 이제 나이를 먹다 보니 왠지 그때 아버님의 심정과 아버님이 참 많이 외로웠을 것 같다 라는 생각이 들기 듭니다. 저는 그 당시에 아버님과 좀 더 가까이 지내지 못했던 것이 후회되고 그것이 가장 큰 어 마음의 무게로 제 가슴 속에 남아있습니다.","wordCount":154},"emotion":[{"text":"저는 사십 대 초반에 아버님과   어머님을 어 모두 잃었습니다.","expression":"u-fact","category":"neutral"}],"intent":[{"text":"저는 사십 대 초반에 아버님과   어머님을 어 모두 잃었습니다.","expression":"c_private","category":"background"}],"summary":{"text":"돌아가신 아버지와 좀 더 가깝게 지내지 못한 점입니다. 어머니와는 나름 추억이 많으나, 아버지와는 그런 추억이 전혀 없습니다. 아버지가 참 많이 외로웠을 것 같다는 생각이 들며, 아버지와 더 가까이 지내지 못했던 것이 후회되고 있습니다.","wordCount":33}}},"rawDataInfo":{"question":{"fileFormat":"wav","fileSize":333518,"duration":10420,"samplingBit":16,"channelCount":1,"samplingRate":"16kHz","audioPath":"/Mock/07.ProductionManufacturing/Male/New/ckmk_q_mm_m_n_168465.wav"},"answer":{"fileFormat":"wav","fileSize":2621518,"duration":81920,"samplingBit":16,"channelCount":1,"samplingRate":"16kHz","audioPath":"/Mock/07.ProductionManufacturing/Male/New/ckmk_a_mm_m_n_168465.wav"}}}