{"version":"1.0","dataSet":{"info":{"date":"20230116","occupation":"MM","channel":"MOCK","place":"ONLINE","gender":"MALE","ageRange":"35-44","experience":"NEW"},"question":{"raw":{"text":"어 현재 많은 대기업들이 어 공장을 해외로 이전을 하고 있죠 어 본인은 이것에 대해서 찬성을 하시는지 반대를 하시는지 말씀해 주시고 어 그것 그것에 대한 문제점도 말씀해 주세요","wordCount":27},"emotion":[],"intent":[]},"answer":{"raw":{"text":"저는 당연히 대기업들은 해외로 공장을 이전해야 된다고 생각합니다. 대기업들이 해외로 공장을 이전하는 이유 중에 첫 번째는 바로 높은 인건비일 것이기 때문입니다. 현대 기아 차 같은 노조들은 생산공장에서 강성 노조 또는 귀족 노조로 불리고 그들은 아무도 건들 수 없는 성역에 자리 잡고 있습니다. 노조는 필요한 것이지만 강성이나 귀족 노조는 때로는 생산 품질에 막대한 영향을 미치고 회사의 판매 및 제품에 대한 것을 볼모로 하여 지속적으로 파업을 많이 하기 때문입니다. 특히나 매년 높아지는 인건비 상승 때문에 회사들은 줄줄이 도산을 하거나 하청업체들은 결국 대기업에 이 이윤을 전부 뺏겨서 점점 어려워지고 있는 상황입니다. 그런데 대기업으로 공장을 이전하게 되면 동남아시아나 아프리카 같은 곳에 값비싼 노동력으로 똑같은 제품을 만들 수 있습니다. 가끔 어떤 사람들은 다른 나라 사람들은 우리나라보다 손재주나 기술력이 없어 좋은 제품을 만들지 못하고 한다고 생각하는데 실제로 요즘은 로봇이나 인공지능 시스템 공장 자동화에서 모든 장비들이나 부품들이 만들어지고 있기 때문에 그것을 잘 운영하는 관리자나 소프트웨어 개발자 전문가들만 있으면 제품의 품질은 전혀 문제가 되지 않는다고 생각합니다.","wordCount":148},"emotion":[],"intent":[{"text":"","expression":"","category":"attitude"}],"summary":{"text":"대기업들이 해외로 공장을 이전하는 이유 중 첫 번째는 높은 인건비입니다. 매년 높아지는 인건비 상승 때문에 회사는 도산하거나 하청업체들은 대기업에 이윤을 전부 뺏깁니다. 그런데 대기업으로 공장을 이전하게 되면 동남아시아나 아프리카 같은 곳에 값비싼 노동력으로 똑같은 제품을 만들 수 있습니다. 관리자나 소프트웨어 개발자 전문가만 있으면 제품의 품질은 전혀 문제가 되지 않습니다.","wordCount":49}}},"rawDataInfo":{"question":{"fileFormat":"wav","fileSize":665038,"duration":20780,"samplingBit":16,"channelCount":1,"samplingRate":"16kHz","audioPath":"/Mock/07.ProductionManufacturing/Male/New/ckmk_q_mm_m_n_185527.wav"},"answer":{"fileFormat":"wav","fileSize":2764878,"duration":86400,"samplingBit":16,"channelCount":1,"samplingRate":"16kHz","audioPath":"/Mock/07.ProductionManufacturing/Male/New/ckmk_a_mm_m_n_185527.wav"}}}