{"version":"1.0","dataSet":{"info":{"date":"20230116","occupation":"MM","channel":"MOCK","place":"ONLINE","gender":"MALE","ageRange":"45-54","experience":"NEW"},"question":{"raw":{"text":"지원자님은 전공 외에 자신이 수준급의 실력이 될 정도로 노력한 것이 있습니까 만약에 있다면 전공과 관련해서 어떤 도움을 주고 있는지 말씀해 주세요","wordCount":21},"emotion":[],"intent":[]},"answer":{"raw":{"text":"저는 지금도 공부를 하고 있는데요. 저의 미래의 모습을 위해서 차근차근 준비를 하고 있습니다. 저의 미래의 모습은 십 년 뒤나 이십 년 뒤 노후를 어느 정도 되었다고 생각했을 때 노후 준비가 되었다고 생각했을 때 저는 인도네시아에 갈 것입니다. 그 나라에 가서 멋지게 자연과 벗삼아서 살고 싶습니다. 그래서 지금 저는 인도네시아어를 공부하고 있습니다. 인도네시아어는 공부를 하면 할수록 재미가 있습니다. 재미가 있기 때문에 제가 꾸준히 할 수는 있습니다. 질문지는 전공과 관련하여 어떤 도움을 주는지 궁금하다고 하셨는데요. 사실 인도네시아어는 어학이기 때문에 제가 만약 해외로 출장을 간다면 영어 이외에 인도네시아로 출중을 출장을 간다면 분명히 이 인도네시아어는 저에게는 굉장히 큰 도움을 줄 거라고 저는 생각합니다.","wordCount":99},"emotion":[],"intent":[{"text":"","expression":"","category":"attitude"}],"summary":{"text":"인도네시아어로 노후 준비가 되었다고 생각했을 때 갈 것입니다. 그 나라에 가서 자연과 벗삼아서 살고 싶습니다. 인도네시아어는 공부가 할수록 재미있기 때문에 꾸준히 할 수 있습니다. 만일 해외 출장을 간다면 인도네시아어가 큰 도움을 줄 것입니다.","wordCount":33}}},"rawDataInfo":{"question":{"fileFormat":"wav","fileSize":580238,"duration":18130,"samplingBit":16,"channelCount":1,"samplingRate":"16kHz","audioPath":"/Mock/07.ProductionManufacturing/Male/New/ckmk_q_mm_m_n_176698.wav"},"answer":{"fileFormat":"wav","fileSize":2426318,"duration":75820,"samplingBit":16,"channelCount":1,"samplingRate":"16kHz","audioPath":"/Mock/07.ProductionManufacturing/Male/New/ckmk_a_mm_m_n_176698.wav"}}}