{"version":"1.0","dataSet":{"info":{"date":"20230116","occupation":"MM","channel":"MOCK","place":"ONLINE","gender":"MALE","ageRange":"45-54","experience":"NEW"},"question":{"raw":{"text":"씨에스 엔지니어와 설비 엔지니어가 어떠한 역할을 하고 있는지 알고 있습니까 씨에스 엔지니어와 설비 엔지니어와의 차이가 무엇이라고 생각하는지 말씀해 주십시오","wordCount":19},"emotion":[],"intent":[]},"answer":{"raw":{"text":"씨에스 엔지니어는 에이에스엠엘 분사 장비를 한국에서 설치하고 사용할 때 어 그 발생하는 하드웨어와 소프트웨어 문제를 해결하는 일을 하는 것이 씨에스 엔지니어의 주된 업무라고 업무입니다. 어 반면 설비 엔지니어는 기계 설비를 잘 다루며 익숙한 자로 설비 엔지니어라고 하는데 어 설비 유지 보수 어 및 관리를 통해 설비를 개선했을 때 또는 기계 설비에 문제가 있을 때 개선 효과와 절감 효과가 있는지를 평가하고 분석하는 일을 주 업무로 하는 게 설비 엔지니어로 알고 있습니다.","wordCount":70},"emotion":[],"intent":[{"text":"","expression":"","category":"attitude"}],"summary":{"text":"설비 엔지니어는 설비 유지 보수 및 관리를 통해 설비를 개선했을 때 또는 기계 설비에 문제가 있을 때 개선 효과와 절감 효과가 있는지를 평가하고 분석하는 일을 주 업무로 합니다.","wordCount":28}}},"rawDataInfo":{"question":{"fileFormat":"wav","fileSize":648398,"duration":20260,"samplingBit":16,"channelCount":1,"samplingRate":"16kHz","audioPath":"/Mock/07.ProductionManufacturing/Male/New/ckmk_q_mm_m_n_160086.wav"},"answer":{"fileFormat":"wav","fileSize":1362638,"duration":42580,"samplingBit":16,"channelCount":1,"samplingRate":"16kHz","audioPath":"/Mock/07.ProductionManufacturing/Male/New/ckmk_a_mm_m_n_160086.wav"}}}