{"version":"1.0","dataSet":{"info":{"date":"20230116","occupation":"MM","channel":"MOCK","place":"ONLINE","gender":"MALE","ageRange":"45-54","experience":"NEW"},"question":{"raw":{"text":"대학교에서 배운 지원자님의 전공 과목 중 가장 기억에 남는 과목을 한 가지만 골라서 말씀해 주세요","wordCount":15},"emotion":[],"intent":[]},"answer":{"raw":{"text":"저는 설계 프로그램 중 오토케드에 대한 기억이 많이 남습니다. 오토케드는 솔리드 표면 메시 객체 문서화기능 등을 사용하여 정밀한 투디 및 어 쓰리디의 제도 설계 및 모델링에 사용되는 씨에이디 소프트웨어 프로그램입니다. 어 이것은 도면의 도면 비교 개수 객체 추가 및 테이블 작성 등의 작업을 자동화하고 생산성을 높일 수 있는 기능을 제공할 제공합니다. 또한 전기 설계 플랜트 설계 건축 배면 도면 기계설계 쓰리디 맵핑 어 스캔한 이미지 추가 및 레스터 이미지 변환을 위한 일곱 가지 산업 분별 도구 세트도 제공이 됩니다. 오토케드를 사용하면 데스크탑이나 웹 및 모바일 장치를 통해 도면을 작성하고 편집하고 주석을 달 수 있기 때문에 어 설계 프로그램 중에서는 가장 인상 깊고 어 그 사용할 수 있는 범위와 응용 방법이 어 매우 많기 때문에 저는 오토케드에 대한 기억이 남습니다.","wordCount":119},"emotion":[{"text":"오토케드는   솔리드 표면 메시 객체 문서화기능 등을 사용하여 정밀한 투디 및 어 쓰리디의 제도 설계 및 모델링에 사용되는 씨에이디   소프트웨어 프로그램입니다.","expression":"u-fact","category":"neutral"},{"text":"어 이것은 도면의 도면 비교 개수 객체 추가 및 테이블 작성 등의 작업을 자동화하고 생산성을 높일 수 있는 기능을 제공할 제공합니다.","expression":"u-fact","category":"neutral"},{"text":"또한 전기 설계 플랜트 설계 건축 배면 도면 기계설계 쓰리디 맵핑 어 스캔한 이미지 추가 및 레스터 이미지 변환을 위한 일곱 가지 산업 분별 도구 세트도 제공이 됩니다.","expression":"u-fact","category":"neutral"},{"text":"오토케드를 사용하면 데스크탑이나 웹 및 모바일 장치를 통해 도면을 작성하고 편집하고 주석을 달 수 있기 때문에 어 설계 프로그램 중에서는 가장 인상 깊고 어 그   사용할 수 있는 범위와 응용 방법이 어 매우 많기 때문에 저는 오토케드에 대한 기억이 남습니다.","expression":"u-fact","category":"neutral"}],"intent":[{"text":"저는 설계 프로그램 중 오토케드에 대한 기억이 많이 남습니다.","expression":"f_equip","category":"technology"},{"text":"오토케드는   솔리드 표면 메시 객체 문서화기능 등을 사용하여 정밀한 투디 및 어 쓰리디의 제도 설계 및 모델링에 사용되는 씨에이디   소프트웨어 프로그램입니다.","expression":"f_equip","category":"technology"},{"text":"어 이것은 도면의 도면 비교 개수 객체 추가 및 테이블 작성 등의 작업을 자동화하고 생산성을 높일 수 있는 기능을 제공할 제공합니다.","expression":"f_prod_plan","category":"technology"},{"text":"또한 전기 설계 플랜트 설계 건축 배면 도면 기계설계 쓰리디 맵핑 어 스캔한 이미지 추가 및 레스터 이미지 변환을 위한 일곱 가지 산업 분별 도구 세트도 제공이 됩니다.","expression":"f_equip","category":"technology"},{"text":"오토케드를 사용하면 데스크탑이나 웹 및 모바일 장치를 통해 도면을 작성하고 편집하고 주석을 달 수 있기 때문에 어 설계 프로그램 중에서는 가장 인상 깊고 어 그   사용할 수 있는 범위와 응용 방법이 어 매우 많기 때문에 저는 오토케드에 대한 기억이 남습니다.","expression":"f_equip","category":"technology"}],"summary":{"text":"오토케드는 솔리드 표면 메시 객체 문서화기능 등을 사용하여 정밀한 투디 및 어 쓰리디의 제도 설계 및 모델링에 사용되는 씨에이디 소프트웨어 프로그램입니다. 데스크탑이나 웹 및 모바일 장치를 통해 도면을 작성하고 편집하고 주석을 달 수 있어 매우 인상 깊습니다.","wordCount":37}}},"rawDataInfo":{"question":{"fileFormat":"wav","fileSize":320078,"duration":10000,"samplingBit":16,"channelCount":1,"samplingRate":"16kHz","audioPath":"/Mock/07.ProductionManufacturing/Male/New/ckmk_q_mm_m_n_168463.wav"},"answer":{"fileFormat":"wav","fileSize":2320718,"duration":72520,"samplingBit":16,"channelCount":1,"samplingRate":"16kHz","audioPath":"/Mock/07.ProductionManufacturing/Male/New/ckmk_a_mm_m_n_168463.wav"}}}