{"version":"1.0","dataSet":{"info":{"date":"20230116","occupation":"MM","channel":"MOCK","place":"ONLINE","gender":"MALE","ageRange":"-34","experience":"NEW"},"question":{"raw":{"text":"업무 중 스케줄에 없던 일이 생길 때가 많은데요 이런 상황이 생긴다면 어떻게 대처하실 것인가요","wordCount":14},"emotion":[],"intent":[]},"answer":{"raw":{"text":"업무 중 스케줄에 없던 일이 생길 때가 정말 많은 걸로 저도 알고 있습니다. 어 그럴 때마다 엄 제가 하고 있는 일과 별개로 어 스케줄의 어떤 일이 새로 생겼을 때 그런 것들에 그런 우선 순위를 정해 놓고 예를 들어 빨리 처리해야 할 일 그리고 뭐 중요한 일들을 가장 우선순위로 높게 두고 그런 것들을 어 하나하나 해결해 나간 다면 그런 것들이 바로 대처가 되는 것이 아닐까 라고 생각을 하고 있습니다. 때문에 저도 항상 제가 항상 계획을 세워서 생활을 하고 그 부분에 있어서 스케줄에 어떤 일이 생겼을 때 항상 우선 순위를 두고 어떤 일을 먼저 해결해야 될지 생각을 하고 정리를 해서 하나하나 처리를 해 나가면서 생활을 하다 보니 어 그게 당황스럽거나 정말 큰 어려움을 느끼고 있지는 않습니다. 이런 저의 능력들이 회사에서도 이게 긍정적으로 작용할 수 있다고 생각을 하면 다른 부분에 있어서도 정말 최선을 다하는 신입 사원이 되도록 하겠습니다.","wordCount":135},"emotion":[],"intent":[{"text":"","expression":"","category":"attitude"}],"summary":{"text":"업무 중 스케줄에 없던 일이 생길 때가 많은데 그럴 때마다 어 빨리 처리해야 할 일, 중요한 일들을 우선으로 두고 하나하나 해결해 나간다면 대처가 되는 것이 아닐까 생각합니다. 이런 능력들이 회사에서도 긍정적으로 작용할 수 있다면 다른 부분에 있어서도 최선을 다하는 신입 사원이 되도록 하겠습니다.","wordCount":43}}},"rawDataInfo":{"question":{"fileFormat":"wav","fileSize":325838,"duration":10180,"samplingBit":16,"channelCount":1,"samplingRate":"16kHz","audioPath":"/Mock/07.ProductionManufacturing/Male/New/ckmk_q_mm_m_n_183784.wav"},"answer":{"fileFormat":"wav","fileSize":2755278,"duration":86100,"samplingBit":16,"channelCount":1,"samplingRate":"16kHz","audioPath":"/Mock/07.ProductionManufacturing/Male/New/ckmk_a_mm_m_n_183784.wav"}}}