{"version":"1.0","dataSet":{"info":{"date":"20230116","occupation":"MM","channel":"MOCK","place":"ONLINE","gender":"MALE","ageRange":"45-54","experience":"NEW"},"question":{"raw":{"text":"지원자께서 만약 근무를 하게 된다면 영어로 서류를 작성해야 할 일이 생길 수가 있습니다 이러한 경우가 발생할 때 영어로 서류를 작성할 수 있는지 궁금합니다","wordCount":23},"emotion":[],"intent":[]},"answer":{"raw":{"text":"일을 하다보면 영어로 서류를 작성해야 되는 경우는 많이 있습니다. 저의 경우는 중국 상해에서 오 년간 어학연수를 진행을 하며 그 어학연수가 아니고 유학 생활을 진행을 하다보며 관련된 엄 공부를 계속 진행을 했었습니다. 특히 에 중국어 일본어 영어를 함께 공부를 했었고요. 영어의 경우는 캐나다 밴쿠버에서 어 어학연수를 진행을 하였고 중국어 관련된 부분들은 오 년 동안 상해에서 계속 공부를 했었습니다. 일본어에 관련된 부분은 도쿄에서 교환 학생으로 공부를 공부를 했었기 때문에 영어와 회화라든지 이런 부분들은 가능합니다. 특히 어 한국 중 심천에서 이 년 동안 지사장 근무를 하면서 어 대부분의 회와 대화는 중국어로 진행을 했지만 서류 관련된 부분들은 다 영어나 영어로 대부분 작성을 했었기 때문에 어 관련된 영어 서류 관련된 부분은 특별히 어려움이 없다고 생각을 합니다. 한국에서도 근무를 할 당시에 중국 쪽 이외에 캐나다나 그 이외에 근무들도 계속 어 다른 나라들을 담당을 했었기 때문에 영어 작성 서류 작성은 문제가 없다고 생각합니다.","wordCount":136},"emotion":[],"intent":[{"text":"","expression":"","category":"attitude"}],"summary":{"text":"저는 중국 상해에서 오 년간 어학연수를 진행을 하며 중국어, 일본어, 영어 공부를 했습니다. 또한 한국 중 심천에서 지사장 근무를 하면서 대부분의 회의와 대화를 중국어로 진행을 했지만 서류 관련 부분들은 영어나 영어로 대부분 작성을 했었기 때문에 영어 서류 관련된 부분은 특별히 어려움이 없다고 생각합니다.","wordCount":43}}},"rawDataInfo":{"question":{"fileFormat":"wav","fileSize":542798,"duration":16960,"samplingBit":16,"channelCount":1,"samplingRate":"16kHz","audioPath":"/Mock/07.ProductionManufacturing/Male/New/ckmk_q_mm_m_n_160733.wav"},"answer":{"fileFormat":"wav","fileSize":2719438,"duration":84980,"samplingBit":16,"channelCount":1,"samplingRate":"16kHz","audioPath":"/Mock/07.ProductionManufacturing/Male/New/ckmk_a_mm_m_n_160733.wav"}}}