{"version":"1.0","dataSet":{"info":{"date":"20230116","occupation":"MM","channel":"MOCK","place":"ONLINE","gender":"MALE","ageRange":"-34","experience":"NEW"},"question":{"raw":{"text":"여러 사람들과 함께 일을 하다 보면 구성원들과 갈등이 생길 일이 있는데요 이럴 때 지원자님께서는 어떻게 해결을 하시나요","wordCount":17},"emotion":[],"intent":[]},"answer":{"raw":{"text":"네 갈등이 생길 때 저는 음 해결하기보다는 어 조금 갈등을 피하고 좀 침묵하는 편입니다. 어 어떤 사람에게 그 어떤 사람이 저와 갈등을 느낄 때 거기서 계속 맞대응을 하다보면 그 갈등이 길어지고 심해지고 깊어질 수 있습니다. 그렇기 때문에 저는 그 사람과의 그 일반적인 소통은 하지 않으려고 하고 최대한 감정을 배제하고 어 이 업무를 수행하는 쪽만 좀 생각하려고 할 것 같습니다. 아 이게 어떻게 보면은 음 도망치는 선택이라고 하실 수도 있는데 그런 것보다 제 생각엔 어 안 될 걸 굳이 물고 늘어져서 좀 더 악화시킬 필요는 없다 라고 생각한 생각해서 예 하는 결정이라고 생각합니다. 어 제가 사실 갈등을 남들과 잘 하는 편이 아니기 때문에 저와의 갈 저와 갈등이 생길 만큼 어 그런 커뮤니케이션을 하는 사람이라면 아 제가 어떻게 얘기한다고 해서 갈등이 안 생길 수는 없을 것 같다고 생각합니다.","wordCount":126},"emotion":[],"intent":[{"text":"네 갈등이 생길 때 저는 음 해결하기보다는 어 조금 갈등을 피하고   좀 침묵하는 편입니다.","expression":"c_adp","category":"personality"},{"text":"그렇기 때문에 저는 그 사람과의 그 일반적인 소통은 하지 않으려고 하고 최대한 감정을 배제하고 어 이 업무를   수행하는 쪽만 좀 생각하려고 할 것 같습니다.","expression":"c_adp","category":"personality"},{"text":"어  제가 사실 갈등을 남들과 잘 하는 편이 아니기 때문에 저와의 갈 저와 갈등이 생길 만큼 어   그런 커뮤니케이션을 하는 사람이라면 아 제가 어떻게 얘기한다고 해서 갈등이 안 생길 수는 없을 것 같다고   생각합니다.","expression":"c_adp","category":"personality"}],"summary":{"text":"갈등 발생 시 대화를 통해 해결하려고 노력하지만 갈등이 깊어질 수 있으므로 최대한 감정을 배제하고 업무를 수행하는 쪽만 생각하려고 합니다. 갈등은 남들과 잘 하는 편이 아니기 때문에 어떻게 얘기한다고 해서 갈등이 안 생길 수는 없을 것 같습니다.","wordCount":36}}},"rawDataInfo":{"question":{"fileFormat":"wav","fileSize":355278,"duration":11100,"samplingBit":16,"channelCount":1,"samplingRate":"16kHz","audioPath":"/Mock/07.ProductionManufacturing/Male/New/ckmk_q_mm_m_n_174665.wav"},"answer":{"fileFormat":"wav","fileSize":2896718,"duration":90520,"samplingBit":16,"channelCount":1,"samplingRate":"16kHz","audioPath":"/Mock/07.ProductionManufacturing/Male/New/ckmk_a_mm_m_n_174665.wav"}}}