{"version":"1.0","dataSet":{"info":{"date":"20230116","occupation":"MM","channel":"MOCK","place":"ONLINE","gender":"MALE","ageRange":"45-54","experience":"NEW"},"question":{"raw":{"text":"면접자님께서는 이전 직장을 그만두게 되신 특별한 이유가 있으신가요 그리고 현 직장도 같은 이유로 그만둘 가능성이 있으신지에 대해서 답변 부탁드립니다","wordCount":19},"emotion":[],"intent":[]},"answer":{"raw":{"text":"어 제가 전에 다니던 직장은 어 약 삼 십년 정 삼십 년 정도 된 중견기업이었습니다. 어 직원 수는 약 한 팔십 명 정도 됐었고 어 대표님을 비롯해서 임원님들 그 동료들 모두 어 저 개인적으로는 모두 좋은 분이었다고 생각을 합니다. 그런데도 저 저는 제가 그 회사를 그만둔 이유는 일 대 사장님께서 건강상의 이유로 좀 회장직으로 물러나시고 그 아드님이 이 대 사장님이 취임을 했습니다. 이 대 사장님이 제일 처음에 회사에 오셔서 첫 번째 했던 일이 감원이었습니다. 어 물론 감원이라는 것은 기업 입장에서 뭐 사정에 따라서 충분히 이루어질 수 있는 것이라고 생각을 하지만 어 당시 무슨 우리 회사가 뭐 경기가 안 좋았다라든지 어 어떤 문제가 있었다라든지 이런 게 전혀 없는 상태에서 수출도 전년도 비해서 약 한 백 이십 프로 백 이십 프로 정도 늘은 상태였는데 어 거의 암 삼 사십 명 정도를 감원을 했습니다. 제가 모시고 있던 상사님 그리고 제 동료 친구 그리고 제 부하직원까지 어 감원 대상에 올랐습니다. 저는 이의 부당함을 회사에다 알렸지만 회사에서 받아들이지 않았고 저는 고민 끝에 어 그 동료들과 함께 회사를 그만둔 것입니다.","wordCount":164},"emotion":[{"text":"어 제가 전에 다니던 직장은 어 약 삼 십년 정 삼십 년 정도 된 중견기업이었습니다.","expression":"u-fact","category":"neutral"}],"intent":[{"text":"","expression":"","category":"attitude"}],"summary":{"text":"중견기업의 대표님과 임원님들 모두 저 개인적으로는 모두 좋은 분이셨는데 제가 회사를 그만둔 이유는 일대 사장님께서 건강상의 이유로 회장직으로 물러나시고 그 아드님이 이대 사장님이 취임을 하셨는데 제가 첫 번째로 했던 일이 감원이었습니다. 이의 부당함을 회사에 알렸지만 회사가 받아들이지 않아 고민 끝에 회사를 그만 둔 것입니다.","wordCount":44}}},"rawDataInfo":{"question":{"fileFormat":"wav","fileSize":568078,"duration":17750,"samplingBit":16,"channelCount":1,"samplingRate":"16kHz","audioPath":"/Mock/07.ProductionManufacturing/Male/New/ckmk_q_mm_m_n_179328.wav"},"answer":{"fileFormat":"wav","fileSize":2808078,"duration":87750,"samplingBit":16,"channelCount":1,"samplingRate":"16kHz","audioPath":"/Mock/07.ProductionManufacturing/Male/New/ckmk_a_mm_m_n_179328.wav"}}}