{"version":"1.0","dataSet":{"info":{"date":"20230116","occupation":"MM","channel":"MOCK","place":"ONLINE","gender":"MALE","ageRange":"-34","experience":"NEW"},"question":{"raw":{"text":"본인에게 있어 가장 자신 있는 기술 분야는 어떤 분야입니까","wordCount":9},"emotion":[],"intent":[]},"answer":{"raw":{"text":"지금은 용접이죠. 네 왜냐하면 유일한 거니까 제가 말씀을 드릴 수 있는 부분이 뭐 사실 너무 부족하기 때문에 이게 자신이 있다고 하기는 되게 황당한 제가 생각해도 참 황당하긴 하지만 제가 할 수 있는 유일한 기술이에요. 그래서 유일무이예요. 제가 지금 말씀을 드릴 수 있는 게 그래서 용접이고 네 한창 배우고 있고 음 물론 이제 이게 시력에 관련된 여러 가지 좀 위험성이 있고 뭐 오래 하다 보면은 실명 위기 실명 가능성 자체가 좀 높은 직업이다 보니 사람들이 많이 그까 그 급여가 조금 쎄다는 걸 앎에도 불구하고 많이 기피하는 직업군이긴 한데 어 그거는 또 잘 관리하면 되고 사실 저는 그것보다 이 일이 주는 네 그 만족도가 있어요. 이걸 해냈을 때 느껴지는 그 쾌감. 네","wordCount":110},"emotion":[],"intent":[{"text":"","expression":"","category":"attitude"}],"summary":{"text":"용접은 제가 할 수 있는 유일한 기술입니다. 시력 관련 위험성이 있고, 실명 위기 가능성이 높은 직업이다 보니 급여가 조금 센 걸 앎에도 기피하는 직업군이지만 잘 관리하면 되고, 이 일이 주는 만족도가 큽니다.","wordCount":32}}},"rawDataInfo":{"question":{"fileFormat":"wav","fileSize":243278,"duration":7600,"samplingBit":16,"channelCount":1,"samplingRate":"16kHz","audioPath":"/Mock/07.ProductionManufacturing/Male/New/ckmk_q_mm_m_n_179489.wav"},"answer":{"fileFormat":"wav","fileSize":2809678,"duration":87800,"samplingBit":16,"channelCount":1,"samplingRate":"16kHz","audioPath":"/Mock/07.ProductionManufacturing/Male/New/ckmk_a_mm_m_n_179489.wav"}}}