{"version":"1.0","dataSet":{"info":{"date":"20230116","occupation":"MM","channel":"MOCK","place":"ONLINE","gender":"MALE","ageRange":"45-54","experience":"NEW"},"question":{"raw":{"text":"지금까지는 내가 생각하는 나의 장점과 단점에 대해서 말씀을 주셨는데 반면에 다른 사람이 생각하는 지원자님의 장단점이 무엇일까요 이유와 함께 설명을 해 주시면 되겠습니다","wordCount":22},"emotion":[],"intent":[]},"answer":{"raw":{"text":"다른 사람들이 생각하는 저의 장점 단점이라고 얘기를 한다면 특히 장점의 부분은 제가 사교성이 많아서 어 아무리 처음 만나는 사람도 편안하게 얘기를 하는 다는 얘기를 많이 듣습니다. 특히 저의 성격 성격은 이러한 성격들은 중국 상해에서 오 년간 유학생을 하면서 키워져 온 부분들인데 이 부분들을 같은 경우는 외국 사람이 이 참 내성적으로 수동적이로 있다 보면 그곳에서는 누구도 먼저 와서 손을 내밀거나 말을 걸지 걸어주지 않는 않습니다. 제가 먼저 손을 내밀고 언어를 잘하고 못하고를 떠나서 친절하게 상대방에게 적극적으로 어느 어 어느 손을 내밀어야 상대방의 반응을 이끌어 내갈 수 있다고 생각을 해서 이러한 사교성은 그때 생성된 거라고 노력에 의해서 만들어진 거라고 생각을 하고 있습니다. 단점의 경우는 제가 먼저 손을 내밀고 말을 좀 하다 보니 아무래도 경청을 하는 부분들이 부족한 아 다는 얘기를 듣고 있습니다. 따라서 최근에는 이런 거 이러한 부분들을 보완하기 위해서 한 마 함 좀 더 경청 상대방의 말에 경청을 하려고 노력 중입니다.","wordCount":140},"emotion":[],"intent":[{"text":"다른 사람들이 생각하는 저의 장점 단점이라고 얘기를 한다면 특히 장점의 부분은   제가 사교성이 많아서 어 아무리 처음 만나는 사람도   편안하게 얘기를 하는 다는 얘기를 많이 듣습니다.","expression":"c_person","category":"background"},{"text":"단점의 경우는 제가 먼저 손을 내밀고 말을 좀 하다 보니 아무래도   경청을 하는 부분들이 부족한 아 다는 얘기를 듣고 있습니다.","expression":"c_person","category":"background"}],"summary":{"text":"중국 상해에서 오 년간 유학생을 하면서 키워온 저의 장점 중 하나는 사교성이 많다는 것입니다. 하지만 단점의 경우는 경청하는 부분이 부족하다는 얘기를 듣고 있습니다. 따라서 최근에는 이러한 부분들을 보완하기 위해서 좀 더 경청 상대방의 말에 경청을 하려고 노력 중입니다.","wordCount":38}}},"rawDataInfo":{"question":{"fileFormat":"wav","fileSize":497358,"duration":15540,"samplingBit":16,"channelCount":1,"samplingRate":"16kHz","audioPath":"/Mock/07.ProductionManufacturing/Male/New/ckmk_q_mm_m_n_172060.wav"},"answer":{"fileFormat":"wav","fileSize":2714318,"duration":84820,"samplingBit":16,"channelCount":1,"samplingRate":"16kHz","audioPath":"/Mock/07.ProductionManufacturing/Male/New/ckmk_a_mm_m_n_172060.wav"}}}