{"version":"1.0","dataSet":{"info":{"date":"20230116","occupation":"MM","channel":"MOCK","place":"ONLINE","gender":"MALE","ageRange":"45-54","experience":"NEW"},"question":{"raw":{"text":"지원자님께서 생각하시는 가장 생산적인 교대 근무 형태는 어떤 것이며 근거를 들어서 이에 대해서 설명해 주세요","wordCount":15},"emotion":[],"intent":[]},"answer":{"raw":{"text":"제가 생각하는 가장 이상적인 교번 근무는 삼 교대 교번 근무라고 생각을 합니다. 일단 교번 근무라는 것을 하게 되면 어 주말이 없어지는 단점이 있습니다. 뭐 남들 뭐 친구라든지 누가 쉴 때 저는 일해야 되는 상황이 생기다 보니 뭐 친구 등과의 약속 이라든지 이런 뭐 대인관계를 뭐 이렇게 좀 유지하는 데는 좀 안타까운 점은 있지만 어 저는 삼 교대 근무를 하게 되면 일단 근무 시간은 어 동일한 반면 쉴 수 있는 시간이 더 늘어나기 때문에 어 우선 개인적 취미활동이라든지 휴식을 취할 때 오히려 좀 유리한다고 생각을 합니다. 저는 개인적으로 남들이 일할 때 어 쉬면서 제가 누릴 수 있는 것이 더 많다 라고 생각을 합니다. 뭐 영화를 보러 가도 주중에 뭐 낮에 사람 아무 없을 때 이럴 때 찾아가서 볼 수 있으니까 그런 점도 더 좋은 것 같고 시간적으로도 여유가 생겨서 어 뭐 그 외에 뭐 친구를 만난다라든지 아니면 저 여가 활동이라든지 제가 뭔가 하고 싶을 때 시간적 여유를 더 낼 수 있다 라고 생각을 합니다. 개인적으로 이 교대 근무는 솔직히 너무 힘듭니다. 이것은 오히려 작업의 능률을 떨어뜨리고 어 뭐 불량품을 생산할 수 있고 안전사고로부터도 좀 위험하다고 생각을 합니다. 저는 삼 교대 교번 근무가 가장 이상적이라고 생각합니다.","wordCount":184},"emotion":[],"intent":[{"text":"제가 생각하는 가장 이상적인 교번 근무는 삼 교대 교번 근무라고 생각을 합니다.","expression":"f_shift","category":"technology"},{"text":"뭐 남들 뭐 친구라든지 누가 쉴 때 저는 일해야 되는 상황이 생기다 보니 뭐 친구 등과의 약속   이라든지 이런 뭐 대인관계를 뭐 이렇게 좀 유지하는 데는 좀 안타까운 점은    있지만 어 저는 삼 교대 근무를 하게 되면 일단 근무 시간은 어 동일한 반면    쉴 수 있는 시간이 더 늘어나기 때문에 어 우선 개인적    취미활동이라든지 휴식을 취할 때 오히려 좀 유리한다고 생각을 합니다.","expression":"f_shift","category":"technology"},{"text":"개인적으로 이 교대 근무는 솔직히 너무 힘듭니다.","expression":"f_shift","category":"technology"},{"text":"이것은 오히려 작업의 능률을 떨어뜨리고 어 뭐 불량품을 생산할 수 있고    안전사고로부터도 좀 위험하다고 생각을 합니다.","expression":"f_shift","category":"technology"},{"text":"저는 삼 교대 교번 근무가 가장 이상적이라고    생각합니다.","expression":"f_shift","category":"technology"}],"summary":{"text":"교번 근무는 주말이 없어지는 단점이 있지만 근무 시간은 동일한 반면 쉴 수 있는 시간이 더 늘어나기 때문에 개인적 취미활동이나 휴식을 취할 때 유리하고, 작업의 능률을 떨어뜨리고 불량품을 생산할 수 있으며 안전사고로부터 좀 위험하다고 생각되어 삼 교대 근무가 가장 이상적이라고 생각합니다.","wordCount":40}}},"rawDataInfo":{"question":{"fileFormat":"wav","fileSize":448718,"duration":14020,"samplingBit":16,"channelCount":1,"samplingRate":"16kHz","audioPath":"/Mock/07.ProductionManufacturing/Male/New/ckmk_q_mm_m_n_168466.wav"},"answer":{"fileFormat":"wav","fileSize":2818958,"duration":88090,"samplingBit":16,"channelCount":1,"samplingRate":"16kHz","audioPath":"/Mock/07.ProductionManufacturing/Male/New/ckmk_a_mm_m_n_168466.wav"}}}