{"version":"1.0","dataSet":{"info":{"date":"20230116","occupation":"MM","channel":"MOCK","place":"ONLINE","gender":"MALE","ageRange":"35-44","experience":"NEW"},"question":{"raw":{"text":"혹시 이루고 싶은 인생의 목표가 있을까요 있다면 그것을 왜 이루고 싶은지 그 이유도 같이 말씀해 주세요","wordCount":16},"emotion":[],"intent":[]},"answer":{"raw":{"text":"인생의 목표는 바로 오십 이 전에 백억 원을 통장에 넣어 놓는 것입니다. 큰 돈이 인생을 행복하게 해줄 수 있다라는 것은 아니지만 어렸을 때부터 너무 가난하게 살았고 너무 가난하게 살다 보니까 돈이 없으면 할 수 있는 모든 것들에 제약이 생긴다는 것을 어릴 때 초등학교 때부터 많이 깨달았던 것 같습니다. 그래서 그 백억을 넣어 놓고 달달이 나오는 이자 수익을 가지고 많은 어려운 학생들에게 학비 또는 문제집 또는 학원을 보내줄 수 있는 그런 장학사 재단을 만들고 싶습니다. 어려움을 통해서 공부를 포기하거나 인생을 포기하는 학생들이 제 주변에도 지금도 아직 많은 것으로 알고 있습니다. 그러나 그때 쪼금의 경제적인 지원 여유가 키다리 아저씨처럼 되어 준다면 그들은 앞으로 이 사회에서 무궁무진한 자원이 될 수 있습니다. 그런데 단순히 돈 학비 때문에 인생을 포기하거나 인생의 비행 청소년으로 나락으로 빠지는 것을 막고 싶습니다. 저는 그 장학 재단을 통해서 매년 좋은 대학을 보낼 수 있는 프로젝트를 만들 것이고 그 프로젝트를 통해서 국가에 이바지할 수 있는 연구원으로 키우는 것이 제 목표입니다.","wordCount":149},"emotion":[],"intent":[{"text":"그런데 단순히 돈 학비 때문에 인생을 포기하거나 인생의 비행 청소년으로 나락으로 빠지는 것을 막고 싶습니다.","expression":"c_value","category":"background"}],"summary":{"text":"가난하게 살다 보니 돈이 없으면 할 수 있는 것들은 제약이 된다는 것을 많이 깨달았습니다. 그래서 백억 원을 통장에 넣어 놓고 그 이자 수익을 가지고 많은 학생들에게 학비 또는 문제집 또는 학원을 보내줄 수 있는 장학재단을 만들고 싶습니다. 그 장학 재단을 통해 매년 좋은 대학을 보낼 수 있는 프로젝트를 만들고자 합니다.","wordCount":50}}},"rawDataInfo":{"question":{"fileFormat":"wav","fileSize":306638,"duration":9580,"samplingBit":16,"channelCount":1,"samplingRate":"16kHz","audioPath":"/Mock/07.ProductionManufacturing/Male/New/ckmk_q_mm_m_n_163012.wav"},"answer":{"fileFormat":"wav","fileSize":2506318,"duration":78320,"samplingBit":16,"channelCount":1,"samplingRate":"16kHz","audioPath":"/Mock/07.ProductionManufacturing/Male/New/ckmk_a_mm_m_n_163012.wav"}}}