{"version":"1.0","dataSet":{"info":{"date":"20230116","occupation":"MM","channel":"MOCK","place":"ONLINE","gender":"MALE","ageRange":"45-54","experience":"NEW"},"question":{"raw":{"text":"네 일을 하시게 되면 중국으로 출장을 갈 일이 조금 생길 수도 있을 것 같은데요 어 지원자님께서는 중국으로 출장을 가셔도 아무 문제 없이 괜찮으신지 말씀해 주시기 바랍니다","wordCount":26},"emotion":[],"intent":[]},"answer":{"raw":{"text":"어 중국 출장은 오히려 저한테는 제가 무척 반기는 일 중 하나라고 할 수 있습니다. 저는 예전에 중국에서 중국 북경에서 어 잠시 생활한 적이 있습니다. 나름 중국에 대한 어 그들의 문화라든지 그늘의 그들의 생활 형태 이런 것에 나름 좀 익숙해 있는 편입니다. 그리고 북경 같은 경우는 나름 지리도 잘 알고 있습니다. 저는 고등학교 때 제 이 외국어로 중국어를 했는데 뭐 능숙하게는 못 할지라도 간단한 인사라든지 뭐 제가 하고 싶은 얘기 정도는 중국어도 가능합니다. 저는 중국 출장이 어 저로서는 중국 출장이 오히려 반기는 일이고 어 중국은 어 제게는 매우 친숙한 나라입니다. 저는 현지에서 어 잠깐 생활할 때 어 중국인 가게에서 중국인을 상대로 물건을 판매해 본 경험이 있습니다. 그러면서 그들의 문화라든지 생활에 대해서 나름 이해도가 높다 라고 자부합니다. 저에게 중국 출장은 아무런 문제가 되지 않습니다.","wordCount":122},"emotion":[{"text":"저는 예전에 중국에서 중국 북경에서 어 잠시 생활한 적이 있습니다.","expression":"u-fact","category":"neutral"},{"text":"저는 현지에서 어 잠깐 생활할 때 어 중국인 가게에서 중국인을 상대로 물건을 판매해 본 경험이 있습니다.","expression":"u-fact","category":"neutral"}],"intent":[{"text":"","expression":"","category":"attitude"}],"summary":{"text":"중국 출장은 저한테 반기는 일 중 하나입니다. 중국에 대한 문화, 생활 형태, 지리에 익숙해 있고, 중국 출장이 오히려 반기는 일이기 때문입니다. 또한 중국 가게에서 중국인을 상대로 물건을 판매해 본 경험이 있고, 그들의 문화, 생활에 대해 이해도가 높다고 자부합니다.","wordCount":38}}},"rawDataInfo":{"question":{"fileFormat":"wav","fileSize":520078,"duration":16250,"samplingBit":16,"channelCount":1,"samplingRate":"16kHz","audioPath":"/Mock/07.ProductionManufacturing/Male/New/ckmk_q_mm_m_n_182716.wav"},"answer":{"fileFormat":"wav","fileSize":2133518,"duration":66670,"samplingBit":16,"channelCount":1,"samplingRate":"16kHz","audioPath":"/Mock/07.ProductionManufacturing/Male/New/ckmk_a_mm_m_n_182716.wav"}}}