{"version":"1.0","dataSet":{"info":{"date":"20230116","occupation":"MM","channel":"MOCK","place":"ONLINE","gender":"MALE","ageRange":"45-54","experience":"NEW"},"question":{"raw":{"text":"지원자님께서 만약 타 부서와 정말 갈등의 상황이 발생을 한다면 어떻게 해결을 하시겠습니까 그 상황을 가정하고 한 번 말씀해 주세요","wordCount":19},"emotion":[],"intent":[]},"answer":{"raw":{"text":"어 요즘 사회는 회사 내에서 조차 어 정말 무한 경쟁 시대입니다. 어 같은 회사 소속 소속 원이면서도 그 소속원들끼리 어 경쟁을 하고 어 비교를 당하고 어 하는 것은 어찌보면 당연한 일일지도 모르겠습니다. 어 분명히 같이 협력을 해서 어떤 공동의 목적을 이루어야 되는 그런 관계임에도 어 각 부서 간 아니면 동료 간의 그 갈등은 언제든지 발생할 수 있다 라고 생각을 합니다. 저는 개인적으로 일단 동료와 갈등이 생기면 그건 당연히 풀어야 된다 라고 생각을 합니다. 어찌 보면 요즘 사회는 가정에서 가족들과 있는 시간보다 회사에서 동료들과 있는 시간이 더 깁니다. 어 그런 관계인데 서로 관계가 불편하고 서로가 좀 적대시까지 뭐 하지만 하여튼 서로 좀 적대시 한다면 어 그 그 스트레스는 이 이루 말할 수 없을 거라고 생각을 합니다. 그렇기 때문에 저는 이런 동료와 갈등 부서와의 갈등이 생기면 그건 팀장이 정리를 해야 된다 라고 생각을 합니다. 어 부서와의 갈등은 말 그대로 책임자가 있기 때문에 그 책임자가 나서 가지고 상대편의 책임자와 같이 조율을 하고 협력을 해서 어 그것을 해소시켜야 된다 라고 생각합니다.","wordCount":157},"emotion":[],"intent":[{"text":"","expression":"","category":"attitude"}],"summary":{"text":"무한 경쟁 시대에 회사 내에서 부서 간 또는 동료 간의 갈등은 언제나 발생할 수 있습니다. 하지만 가족보다 회사에서 동료들과 있는 시간이 더 길기 때문에 서로 관계가 불편하고 적대시 한다면 스트레스는 이루 말할 수 없을 것입니다. 그렇기 때문에 부서와의 갈등은 그 책임자가 나서 가지고 상대편의 책임자와 같이 조율을 하고 협력을 해서 그것을 해소시켜야 합니다.","wordCount":53}}},"rawDataInfo":{"question":{"fileFormat":"wav","fileSize":458318,"duration":14320,"samplingBit":16,"channelCount":1,"samplingRate":"16kHz","audioPath":"/Mock/07.ProductionManufacturing/Male/New/ckmk_q_mm_m_n_180790.wav"},"answer":{"fileFormat":"wav","fileSize":2796238,"duration":87380,"samplingBit":16,"channelCount":1,"samplingRate":"16kHz","audioPath":"/Mock/07.ProductionManufacturing/Male/New/ckmk_a_mm_m_n_180790.wav"}}}