{"version":"1.0","dataSet":{"info":{"date":"20230116","occupation":"MM","channel":"MOCK","place":"ONLINE","gender":"MALE","ageRange":"45-54","experience":"NEW"},"question":{"raw":{"text":"지원자님의 생각이 아닌 주변 사람들로부터 지원자님에 대해서 장점과 단점이 있다면 어떻게 말하는지 같이 이야기해 주시기 바랍니다","wordCount":16},"emotion":[],"intent":[]},"answer":{"raw":{"text":"어 저는 제 스스로는 그렇게 생각하지 않는데 남들이 이해할 때 어 저의 단점은 어 사람이 좀 냉정하다 라는 표현을 많이 듣습니다. 어 저는 어떤 일을 함에 있어서 어 실수는 누구나 할 수 있다 라고 생각을 합니다. 하지만 방종이나 태만은 어 솔직히 좀 용서하지 않는 편입니다. 저는 약간 맺고 맺고 끊는 게 좀 정확한 편입니다. 어 처음에도 말씀드렸지만 실수는 정말 누구나 합니다. 일을 함에 있어서 뭐 실수를 한다라든지 뭐 이런 것은 정말 그거는 누구나 경험이 부족하거나 누구나 초년병 시절에는 누구나 겪는 그 과정이라고 생각을 합니다. 하지만 그 외 인제 실수가 어 본인이 스스로가 조심을 안하고 스스로가 나태해지고 이렇게 되면 이것은 방종이 됩니다. 저는 뭐 조직을 운영함에 있어서 어 그 조직에 해를 끼치거나 이런 경우는 절대로 참고 넘어가지 않습니다. 그러다보니까 저는 이게 남들은 단점이라고 하지만 저는 개인적으로 이것이 꼭 단점이 아닌 장점도 된다라고 생각을 합니다. 어 남들은 제가 좀 냉정하다고 표현을 합니다.","wordCount":140},"emotion":[{"text":"하지만 방종이나 태만은 어 솔직히 좀 용서하지 않는 편입니다.","expression":"u-belief","category":"neutral"}],"intent":[{"text":"저는 약간 맺고 맺고 끊는 게 좀 정확한 편입니다.","expression":"c_person","category":"background"}],"summary":{"text":"일을 함에 있어서 실수는 누구나 할 수 있지만 방종이나 태만은 용서하지 않는 편입니다. 그리고 조직을 운영함에 있어서 해를 끼치거나 하는 경우는 참고 넘어가지 않습니다. 그러다보니 이것이 꼭 단점이 아닌 장점도 된다라고 생각을 하고 남들은 제가 좀 냉정하다고 표현을 합니다.","wordCount":39}}},"rawDataInfo":{"question":{"fileFormat":"wav","fileSize":420878,"duration":13150,"samplingBit":16,"channelCount":1,"samplingRate":"16kHz","audioPath":"/Mock/07.ProductionManufacturing/Male/New/ckmk_q_mm_m_n_179444.wav"},"answer":{"fileFormat":"wav","fileSize":2830158,"duration":88440,"samplingBit":16,"channelCount":1,"samplingRate":"16kHz","audioPath":"/Mock/07.ProductionManufacturing/Male/New/ckmk_a_mm_m_n_179444.wav"}}}