{"version":"1.0","dataSet":{"info":{"date":"20230116","occupation":"MM","channel":"MOCK","place":"ONLINE","gender":"MALE","ageRange":"45-54","experience":"NEW"},"question":{"raw":{"text":"공장에서 일을 해 본 경험이 있다면 어떤 경험을 했는지 자세하게 설명해 주실 수 있겠습니까","wordCount":14},"emotion":[],"intent":[]},"answer":{"raw":{"text":"공장에서 근무한 경험은 있습니다. 원래 해외 영업 쪽 관련돼서 계속 업무 그 업무를 진행을 해 왔고 해외 쪽 업무를 했었지만 기본적으로 기술 영업을 진행하기 위해서는 공장이 이 제품이 어떻게 자 자재가 투입돼서 어 인풋이 돼서 아웃풋까지 나오는 전체적인 일정 경험은 다 알고 있어야 된다고 생각을 했었고 그래서 한 육 개월 정도는 공장 현지에서 근무를 해 본 경험도 가지고 있습니다. 일반적으로 출당을 출근을 해서 신입 특히 신입사원인 경 신입사원 때 이런 경험들이 있었는데 출근을 일반 공장에 있는 직원들하고 동일하게 출근을 한 후에 기본적인 교육을 받고 현장에서 투입이 돼서 어떤 식의 제 자재가 들어와서 어 제품화 되어가는 부분들을 계속 경험을 하고 이런 경험을 토대로 해외에서 어 고객사들이 많이 오게 되는 경우 그 당시에는 해외 영업을 담당하는 입장에서 직접 그 라인을 설명을 하고 특장 특징이나 저희만의 노하우들을 설명했던 경험을 가지고 있습니다.","wordCount":128},"emotion":[],"intent":[{"text":"","expression":"","category":"attitude"}],"summary":{"text":"해외 영업과 관련된 업무를 해왔지만 공장의 자재 투입과 아웃풋에 대한 일정 파악을 위해 한 달 정도는 공장 현지에서 근무를 해 본 경험이 있습니다. 신입사원 때 기본적인 교육을 받고 현장에서 투입되어 제품화 되는 부분들을 경험을 하고, 이것을 토대로 해외영업 담당자에게 직접 설명을 했습니다.","wordCount":42}}},"rawDataInfo":{"question":{"fileFormat":"wav","fileSize":359118,"duration":11220,"samplingBit":16,"channelCount":1,"samplingRate":"16kHz","audioPath":"/Mock/07.ProductionManufacturing/Male/New/ckmk_q_mm_m_n_158026.wav"},"answer":{"fileFormat":"wav","fileSize":2702798,"duration":84460,"samplingBit":16,"channelCount":1,"samplingRate":"16kHz","audioPath":"/Mock/07.ProductionManufacturing/Male/New/ckmk_a_mm_m_n_158026.wav"}}}