{"version":"1.0","dataSet":{"info":{"date":"20230116","occupation":"MM","channel":"MOCK","place":"ONLINE","gender":"MALE","ageRange":"45-54","experience":"NEW"},"question":{"raw":{"text":"지원자님만의 스트레스 해소 방법이 있으십니까 왜 그 방법으로 스트레스를 해소하시나요","wordCount":10},"emotion":[],"intent":[]},"answer":{"raw":{"text":"어 저는 솔직히 힘들고 지칠 때 뭐 소위 스트레스를 받을 때 가능하면 어 혼자만의 시간을 가져보려고 노력을 합니다. 뭐 예를 들어서 극장을 간다 그 혼자서 극장을 간다든가 어 뭐 주말 저녁 뭐 이렇게 친구들이랑 거 우르르 몰려서 가는 극장이 아닌 평일 낮에 사람이 좀 한가하고 좀 극장에 사람이 텅 텅 비었을 때 저는 제가 좋아하는 장르 제가 좋아하는 배우가 나오는 영화를 봅니다. 어 그러면 저 스스로 마음이 안정이 되고 어 편안해집니다. 어 그리고 좀 더 시간적 여유가 있다고 그러면 저는 낚시를 갑니다. 낚시 역시 뭐 혼자서 가게 가는데 저는 좌대 한 급 하 강위에 떠 있는 좌대로 들어갑니다. 좌대에 들어가면 정말 오르지 고 공간만은 저의 공간이 됩니다. 낮잠을 자도 되고 그래서 뭐 티브이를 봐도 되고 뭐 강물에다가 아니 강 호수에다가 저수지에다가 낚시대를 던져놓고 어 뭐 거기서 저 혼자서 스스로 끓여먹는 뭐 믹스 커피 한 잔 라면 하나는 저 스스로에게 힘을 주고 힐링이 되고 어 휴식을 줍니다. 어 저는 뭐 고기를 많이 잡고 이런 걸 떠나서 그냥 그 분위기를 즐기는 것 같습니다. 그 분위기 자체가 저한테 안정을 주고 다시 사회로 나가 열심히 일할 힘을 저한테 돌려줍니다.","wordCount":175},"emotion":[],"intent":[{"text":"","expression":"","category":"attitude"}],"summary":{"text":"저는 힘들고 지칠 때 혼자의 시간을 가지려고 노력합니다. 혼자 극장에 가서 좋아하는 장르의 영화를 보거나, 낚시를 갑니다. 혼자 낚시를 가거나 강물에 낚시대를 던져두고 스스로 힐링을 받고 휴식을 취합니다. 그 분위기가 저한테 안정을 주고 다시 사회로 나가 열심히 일할 힘을 저한테 돌려줍니다.","wordCount":41}}},"rawDataInfo":{"question":{"fileFormat":"wav","fileSize":311758,"duration":9740,"samplingBit":16,"channelCount":1,"samplingRate":"16kHz","audioPath":"/Mock/07.ProductionManufacturing/Male/New/ckmk_q_mm_m_n_172646.wav"},"answer":{"fileFormat":"wav","fileSize":2848078,"duration":89000,"samplingBit":16,"channelCount":1,"samplingRate":"16kHz","audioPath":"/Mock/07.ProductionManufacturing/Male/New/ckmk_a_mm_m_n_172646.wav"}}}