{"version":"1.0","dataSet":{"info":{"date":"20230116","occupation":"MM","channel":"MOCK","place":"ONLINE","gender":"MALE","ageRange":"45-54","experience":"NEW"},"question":{"raw":{"text":"저희 일의 특성상 야근이나 외근 잔업 등이 많아질 수도 있습니다 혹시 그래도 일하는 데 괜찮으실까요","wordCount":15},"emotion":[],"intent":[]},"answer":{"raw":{"text":"어떤 회사든지 야근이나 잔업 외근은 음 발생할 수 있다고 생각을 합니다. 저 또한 기존의 회사에 다니면서 그러한 경험들을 했었고 특별하게 큰 문제는 없었습니다. 어 제가 특히 어 주 주요하게 보는 부분들은 야근이나 잔업 외근이 왜 생겼는지 정상적인 업무 시간 안에 이러한 일을 처리를 못하고 이러한 문제가 생기는 원인은 무엇인지를 네 먼저 파악을 해 봐야 될 것 같습니다. 당연히 바쁜 시절엔 시간에는 어느 정도의 야근 잔업 외근이 생길 수 있지만 이 부분이 자주 많이 생긴다면 회사의 비용 증가와 직원들이 견딜 수 있는 부분에도 분명히 업무 효율성에도 영향을 미칠 거라고 생각을 합니다. 따라서 줄일 수 있는 방안은 무엇인지 그리고 도저히 안 되는 것인지 그렇다면 직원들이 직원들에게는 무조건 회사 일이니까 하라고 하는 것이 아니라 이러한 이러한 사유를 설명을 하고 이해를 한 상태에서 진행을 하는 것인지 여러 가지 부분들에 대해서는 같이 의논을 하고 더 나은 방향을 모색해 보는 것이 훨씬 효율적이라고 생각합니다. 이러한 부분들이 이해가 되어야 직원들 해서 에도 주인의식이 생길 것 같습니다.","wordCount":149},"emotion":[],"intent":[{"text":"","expression":"","category":"attitude"}],"summary":{"text":"어떤 회사든지 야근이나 잔업 외근은 발생할 수 있습니다. 정상적인 업무 시간 안에 이러한 일을 처리하지 못하고 이러한 문제가 생기는 원인은 무엇인지 먼저 파악을 해 봐야 될 것 같습니다. 따라서 줄일 수 있는 방안은 무엇인지 여러 가지 부분들에 대해서는 같이 의논을 하고 더 나은 방향을 모색해 보는 것이 훨씬 효율적이라고 생각합니다.","wordCount":50}}},"rawDataInfo":{"question":{"fileFormat":"wav","fileSize":361678,"duration":11300,"samplingBit":16,"channelCount":1,"samplingRate":"16kHz","audioPath":"/Mock/07.ProductionManufacturing/Male/New/ckmk_q_mm_m_n_163463.wav"},"answer":{"fileFormat":"wav","fileSize":2752078,"duration":86000,"samplingBit":16,"channelCount":1,"samplingRate":"16kHz","audioPath":"/Mock/07.ProductionManufacturing/Male/New/ckmk_a_mm_m_n_163463.wav"}}}