{"version":"1.0","dataSet":{"info":{"date":"20230116","occupation":"MM","channel":"MOCK","place":"ONLINE","gender":"MALE","ageRange":"45-54","experience":"NEW"},"question":{"raw":{"text":"지원자님께서는 본인이 교번 근무에 잘 적응할 수 있다고 생각하시는지요 어 그렇다면 왜 그렇게 생각하시는지 근거도 함께 말씀해 주시면 좋겠습니다","wordCount":19},"emotion":[],"intent":[]},"answer":{"raw":{"text":"교번 근무 관련해서는 기존에는 해 본 적은 없습니다. 저의 경우는 제조업을 위주로 계속 근무를 했었고 그 제조업에서도 해외 영업 업무와 회사의 필요에 따라서는 구매 기획 에프에이라는 필드 어플리케이션 엔지니어로서 기술 업무 또한 정규직으로 쭉 해 왔습니다. 일반적인 제조사의 경우는 사무직의 경우 어 여덟 시 반 혹은 아홉 시 출근 에서 다섯 시 반 여섯 시에 퇴근하는 걸 기본으로 하는 부분이지만 아 일반적으로 제가 알기로는 교번 근무는 이십 사 시간 계속 풀루 돌려야 되는 생산직에 에 적당한 것으로 알고 있습니다. 따라서 제가 해야 되는 업무가 어 필요로 하다면 그것이 에 교번 업무이든 혹은 다른 업무 근무의 형태 든 이런 부분들은 그 회사의 내규 및 필요에 따라서는 어 충분히 감안해 가능하다고 생각을 합니다. 물론 어 처음에는 적응하기가 조금 어려울 수도 있긴 하겠지만 저의 개인적인 성향과 그런 부분들을 본다면 교번 업무 또한 잘 적응할 수 있을 것이라 생각합니다.","wordCount":135},"emotion":[],"intent":[{"text":"일반적인 제조사의 경우는 사무직의 경우 어   여덟 시 반 혹은 아홉 시 출근 에서 다섯 시 반 여섯 시에 퇴근하는 걸 기본으로 하는 부분이지만   아 일반적으로 제가 알기로는 교번 근무는 이십 사 시간 계속 풀루 돌려야 되는 생산직에 에 적당한 것으로 알고 있습니다.","expression":"f_shift","category":"technology"}],"summary":{"text":"교번 근무 관련해서는 기존에는 해 본 적이 없습니다. 개인적인 성향과 그런 부분들을 본다면 교번 업무 또한 잘 적응할 수 있을 것이라 생각합니다.","wordCount":22}}},"rawDataInfo":{"question":{"fileFormat":"wav","fileSize":435278,"duration":13600,"samplingBit":16,"channelCount":1,"samplingRate":"16kHz","audioPath":"/Mock/07.ProductionManufacturing/Male/New/ckmk_q_mm_m_n_172460.wav"},"answer":{"fileFormat":"wav","fileSize":2749518,"duration":85920,"samplingBit":16,"channelCount":1,"samplingRate":"16kHz","audioPath":"/Mock/07.ProductionManufacturing/Male/New/ckmk_a_mm_m_n_172460.wav"}}}