{"version":"1.0","dataSet":{"info":{"date":"20230116","occupation":"MM","channel":"MOCK","place":"ONLINE","gender":"MALE","ageRange":"-34","experience":"NEW"},"question":{"raw":{"text":"지원자분께서 직무를 수행하는 데 있어서 본인이 잘 모르는 과제가 등장했다고 했을 때 이와 같은 상황을 어떤 방식으로 해결하시겠습니까 그 해결법과 이유에 대해서 이야기해 주세요","wordCount":24},"emotion":[],"intent":[]},"answer":{"raw":{"text":"제일 먼저 사수에게 전화하겠습니다. 사수 저에게 일을 가르쳐 준 사수에게 연락을 해서 이런 과제가 이런 과제에 봉착했는데 어떻게 문제를 해결해야 될지 물어봐야 되지 않을까요. 섣불리 제가 그 문제를 해결하고자 마음대로 기계를 들쑤시고 그렇게 다녔다간 그 기계가 고장 고장나면 누가 책임을 질까요. 저는 직원인데 기계 값을 물어낼 수 있을까요 제가. 그러기 전에 사수에게 전화를 해서 이런 이슈가 발생되었다 어떻게 하는 것이 효과적인가에 대해서 물어보고서 전화를 하면서 과제를 해결해야 된다고 생각을 합니다. 그것이 모두의 재산 가치를 지키는 일이기 될 것이라고 생각합니다.","wordCount":79},"emotion":[],"intent":[{"text":"","expression":"","category":"attitude"}],"summary":{"text":"일을 가르쳐 준 사수에게 연락을 해서 어떻게 문제를 해결해야 될지 물어봐야 되지 않을까 생각합니다. 그것이 모두의 재산 가치를 지키는 일이 될 것이라고 생각합니다.","wordCount":23}}},"rawDataInfo":{"question":{"fileFormat":"wav","fileSize":631118,"duration":19720,"samplingBit":16,"channelCount":1,"samplingRate":"16kHz","audioPath":"/Mock/07.ProductionManufacturing/Male/New/ckmk_q_mm_m_n_186734.wav"},"answer":{"fileFormat":"wav","fileSize":2197838,"duration":68680,"samplingBit":16,"channelCount":1,"samplingRate":"16kHz","audioPath":"/Mock/07.ProductionManufacturing/Male/New/ckmk_a_mm_m_n_186734.wav"}}}