{"version":"1.0","dataSet":{"info":{"date":"20230116","occupation":"MM","channel":"MOCK","place":"ONLINE","gender":"MALE","ageRange":"45-54","experience":"NEW"},"question":{"raw":{"text":"지방 근무를 혹시 할 수 있으신가요","wordCount":6},"emotion":[],"intent":[]},"answer":{"raw":{"text":"네 저는 이와 같은 사실을 이미 인지하고 있습니다. 제가 지원한 이 회사에는 지금 전국에 여덟 개의 공장을 가지고 있고 그 여덟 개 공장 중에서 제일 멀리 있는 공장은 거제도에도 있는 것으로 알고 있습니다. 어 저는 가정이 있기 때문에 가족 전체가 이사를 가기는 솔직히 힘든 상황입니다. 하지만 제가 알기로 각 공장마다 기숙사가 있고 그 직원들이 그 저 머물 수 있는 그 저 공간이 있는 걸로 알고 있습니다. 저는 그쪽으로 내려가서 그 공간에만 머물 수 있다 그러면 지방 근무도 크게 문제가 될 게 없다 라고 생각을 하고 있습니다. 저는 처음부터 제가 이 직종에 지원을 해 가지고 만약 채택이 된다고 그러면 지방에서 근무할 수 있다 라는 걸 염두에 뒀기 때문에 어 지방에 내려가서 근무를 하게 되는 것은 크게 애로 사항이나 불편 사항은 아니라고 말씀드리고 싶습니다.","wordCount":122},"emotion":[],"intent":[{"text":"","expression":"","category":"attitude"}],"summary":{"text":"이 회사에는 전국에 여덟 개의 공장을 가지고 있고 제일 멀리 있는 공장은 거제도에도 있는 것으로 알고 있습니다. 제가 이 직종에 지원을 해 가지고 채택이 된다고 그러면 지방에서 근무할 수 있다 라는 걸 염두에 뒀기 때문에 지방에 내려가서 근무를 하게 되는 것은 크게 애로 사항이나 불편 사항은 아니라고 말씀드리겠습니다.","wordCount":48}}},"rawDataInfo":{"question":{"fileFormat":"wav","fileSize":243918,"duration":7620,"samplingBit":16,"channelCount":1,"samplingRate":"16kHz","audioPath":"/Mock/07.ProductionManufacturing/Male/New/ckmk_q_mm_m_n_160251.wav"},"answer":{"fileFormat":"wav","fileSize":1877198,"duration":58660,"samplingBit":16,"channelCount":1,"samplingRate":"16kHz","audioPath":"/Mock/07.ProductionManufacturing/Male/New/ckmk_a_mm_m_n_160251.wav"}}}