{"version":"1.0","dataSet":{"info":{"date":"20230116","occupation":"MM","channel":"MOCK","place":"ONLINE","gender":"MALE","ageRange":"35-44","experience":"NEW"},"question":{"raw":{"text":"지금 지원하신 이 직무가 지원자께서 만약 다른 부서로 배치하게 된다 라고 한다면 어떻게 하실 것인지 그래도 괜찮은지 의견을 들어보고 싶습니다","wordCount":20},"emotion":[],"intent":[]},"answer":{"raw":{"text":"저는 그 직무를 하고 싶어서 지원을 했기 때문에 다른 부서에 배치가 된다고 하더라도 큰 문제가 될 것은 아니라고 생각합니다. 이 업무는 이 부서가 아니라 다른 부서에서도 꼭 필요한 것이고 그 부서에서도 성과를 내고 하면 제가 하고 있는 직무는 똑같은 것이기 때문에 부서가 달라진다고 큰 영향을 받지는 않습니다. 다만 이 부서에 이 직무가 있음으로써 얼마큼의 시너지를 내고 이 부서에 이 직무가 있음으로써 얼마큼의 안 좋은 영향들이 있다고 하면 그거는 제 스스로 삼 개월에서 육 개월 또는 일 년 정도 해 본 후에 상사에게 정식으로 보고하여 원래 있던 기존의 부서로 다시 배치를 해 달라고 요청을 할 것입니다. 그래야 회사에 시너지도 나고 더 성장을 할 수 있을 것이라고 생각합니다.","wordCount":106},"emotion":[],"intent":[{"text":"","expression":"","category":"attitude"}],"summary":{"text":"이 부서에 이 직무가 있음으로 시너지를 내고 안 좋은 영향들이 있다면 상사에게 정식으로 보고하여 원래 있던 기존의 부서로 다시 배치를 해 달라고 요청을 할 것입니다. 그래야 회사에 시너지도 나고 더 성장을 할 수 있을 것이라고 생각합니다.","wordCount":36}}},"rawDataInfo":{"question":{"fileFormat":"wav","fileSize":485518,"duration":15170,"samplingBit":16,"channelCount":1,"samplingRate":"16kHz","audioPath":"/Mock/07.ProductionManufacturing/Male/New/ckmk_q_mm_m_n_159674.wav"},"answer":{"fileFormat":"wav","fileSize":1726158,"duration":53940,"samplingBit":16,"channelCount":1,"samplingRate":"16kHz","audioPath":"/Mock/07.ProductionManufacturing/Male/New/ckmk_a_mm_m_n_159674.wav"}}}