{"version":"1.0","dataSet":{"info":{"date":"20230116","occupation":"MM","channel":"MOCK","place":"ONLINE","gender":"MALE","ageRange":"45-54","experience":"NEW"},"question":{"raw":{"text":"네 네 만약에 지원자님께서 저희 회사에 입사하신 후에 기존에 원하던 일을 못 하게 되었을 경우에는 어떻게 하시겠는지요 어 또 왜 그렇게 하실지 그 이유도 함께 말씀해 주시기 바랍니다","wordCount":28},"emotion":[],"intent":[]},"answer":{"raw":{"text":"입사 후에 본인이 원래 하고 싶었던 일을 못하게 되는 경우는 어 종종 있는 경우입니다. 특히 본인이 원하던 업무를 하고 있다가도 순환 보직제라는 부분으로 해서 다른 업무를 맡게 되는 경우도 있습니다. 저 또한 기존의 회사에서 해외 영업을 지원을 해서 업무를 해 오다가 회사의 필요에 따라서 구매 업무 기획 업무 그리고 에프에이 이라는 필드 어플리케이션 엔지니어라는 기획 기술 업무도 어 해 본 경험을 가지고 있습니다. 무조건 자기가 가지고 있는 어 자기가 잘 할 수 있는 부분이라고 생각을 하는 것만 고집을 하기보다는 회사의 필요에 따라서는 그곳에 가서 어려움을 극복을 하고 어느 정도의 성과를 내는 부분 또한 어 필요하다고 생각을 합니다. 물론 제가 본인이 하고 싶었던 일을 영원히 못하는 것이 아니라 결국 저의 경우에도 다시 원래 제가 제일 잘 할 수 있는 업무로 복귀를 했었던 경험을 갖고 있기 때문에 어느 정도 어 그 부분이 해소가 된다면 그럼 본인이 원래 하고 싶었던 일을 할 수 있게 지하 다시 한 번 상담을 하거나 그런 부분으로 해서 해소할 수 있을 거라 사려됩니다.","wordCount":155},"emotion":[{"text":"저 또한 기존의 회사에서 해외 영업을 지원을 해서 업무를 해 오다가 회사의 필요에 따라서   구매 업무 기획 업무 그리고 에프에이 이라는 필드 어플리케이션 엔지니어라는 기획 기술 업무도   어 해 본 경험을 가지고 있습니다.","expression":"u-fact","category":"neutral"}],"intent":[{"text":"","expression":"","category":"attitude"}],"summary":{"text":"본인이 하고 싶던 업무를 순환 보직제로 인해 다른 업무를 맡게 되는 경우가 있는데, 회사 필요에 따라서는 어려움을 극복하고 성과를 내는 부분 또한 필요하다고 생각합니다. 그 부분이 해소가 된다면 원래 하고 싶었던 일을 할 수 있게 지하 다시 한 번 상담을 하거나 그런 부분으로 해서 해소할 수 있을 것이라 사료됩니다.","wordCount":49}}},"rawDataInfo":{"question":{"fileFormat":"wav","fileSize":551118,"duration":17220,"samplingBit":16,"channelCount":1,"samplingRate":"16kHz","audioPath":"/Mock/07.ProductionManufacturing/Male/New/ckmk_q_mm_m_n_162065.wav"},"answer":{"fileFormat":"wav","fileSize":2645198,"duration":82660,"samplingBit":16,"channelCount":1,"samplingRate":"16kHz","audioPath":"/Mock/07.ProductionManufacturing/Male/New/ckmk_a_mm_m_n_162065.wav"}}}