{"version":"1.0","dataSet":{"info":{"date":"20230116","occupation":"MM","channel":"MOCK","place":"ONLINE","gender":"MALE","ageRange":"45-54","experience":"NEW"},"question":{"raw":{"text":"우리나라에는 검색어 플랫폼들이 많이 있습니다 지금 네이버 다음 구글이 압도적으로 이제 검색 량을 자랑하고 있는데요 이들의 차이점에 대해서 말을 해 보시구요 또 장단점은 무엇인지 설명을 해 보시겠습니까","wordCount":27},"emotion":[],"intent":[]},"answer":{"raw":{"text":"검색 관련된 부분 이 중에 네이버나 다음의 경우에는 한국 쪽의 서버를 가지고 있는 부분들이 있기 때문에 아무래도 한국 쪽에 특화되어 있는 여러 가지 정보들이 늘 검색하기에 용이합니다. 어 하지만 전문적인 관련된 여러 가지 내용들 중에 영어 쪽 관련된 부분들이 여러 가지 내용들이 많이 있다 보니 저의 경우는 특히 어 업무하고 관련된 쪽 기술 쪽 관련된 부분은 구글을 검색하는 경우가 많이 있습니다. 특히 한국어의 한정적인 부분이 아니라 전세계 영어로 되어있는 모든 자료들이 집합이 되어 있다 보니 전문적인 내용들을 검색하기에는 구글 검색이 훨씬 더 어 유용한 경우가 많이 있습니다. 반대로 국내에서 노 내용들 그리고 한국어로 보는 부분들 그래서 감안을 해 본다면 당연히 네이버와 다음이구요. 저의 경우는 다음보다는 네이버를 주로 검색을 하는 편입니다. 구글의 경우에도 물론 네이버에 나와있는 일반적인 내용들은 나와있지만 한국 사람들의 특성에 맞게 어느 정도 특화해야 되어있는 자료들은 아무래도 구글보다는 네이버가 많다고 생각을 합니다. 따라서 네이버 다음 네이버나 다음은 한국어 쪽 구글은 영어 쪽 자료를 찾아보는 데 사용을 합니다.","wordCount":148},"emotion":[],"intent":[{"text":"","expression":"","category":"attitude"}],"summary":{"text":"네이버나 다음의 경우에는 한국 쪽에 특화되어 있는 여러 가지 정보들이 늘 검색하기에 용이합니다. 하지만 업무하고 관련된 쪽 기술 쪽 관련된 부분은 구글을 검색하는 경우가 많이 있습니다. 반대로 국내에서 한국어로 보는 부분들 때문에 네이버는 주로 검색을 하는 편입니다. 따라서 네이버는 한국어 쪽 구글은 영어 쪽 자료를 찾아보는 데 사용을 합니다.","wordCount":49}}},"rawDataInfo":{"question":{"fileFormat":"wav","fileSize":649038,"duration":20280,"samplingBit":16,"channelCount":1,"samplingRate":"16kHz","audioPath":"/Mock/07.ProductionManufacturing/Male/New/ckmk_q_mm_m_n_160738.wav"},"answer":{"fileFormat":"wav","fileSize":2722638,"duration":85080,"samplingBit":16,"channelCount":1,"samplingRate":"16kHz","audioPath":"/Mock/07.ProductionManufacturing/Male/New/ckmk_a_mm_m_n_160738.wav"}}}