{"version":"1.0","dataSet":{"info":{"date":"20230116","occupation":"MM","channel":"MOCK","place":"ONLINE","gender":"MALE","ageRange":"45-54","experience":"NEW"},"question":{"raw":{"text":"본인이 남들과는 다른 자신만의 경쟁력을 설명해 주세요 그리고 그 경쟁력을 키우기 위해서 어떤 노력들을 했는지 말씀해 주세요","wordCount":17},"emotion":[],"intent":[]},"answer":{"raw":{"text":"제가 가지고 있는 남들과의 경 다 보다 더 나은 경쟁력이라고 한다면 어 언어 언어를 바탕으로 외국어를 바탕으로 한 소통 능력이라고 할 수 있겠습니다. 그러한 경쟁력은 제가 중국 상해에서 오 년 동안 유학 생활을 하면서 키워져 온 부분이라고 생각하겠습니다. 중국에 가서 일 년 동안 어학연수를 중국어 어학연수를 한 후에 어 발상의 전환으로 본과 사 년을 다니는 동안 일본어학을 전공을 했습니다. 뒤에서는 한국 사람이 중국에 가서 일본어를 전공하다니 라고 처음에는 의아하게 생각을 하다가 저는 제가 어 설명을 발상의 전환으로 어 미국에 가서 영어만 공부를 하는 게 아니라 아랍어를 공부 하 한다던가 스페인어를 공부를 한다던가 아 그렇게 해서 얘기를 하면 이해를 하는 부분도 있습니다. 제가 중국에서 어 일본어를 전공을 하며 캐나다 밴쿠바에서 어 어학 연수를 했으며 일본 도쿄에서 교환 학생으로 했던 부분은 제가 영어 중국어 일본어를 자유롭게 구사할 수 있을 정도의 경쟁력을 갖추게 되었습니다.","wordCount":131},"emotion":[],"intent":[{"text":"중국에 가서 일 년 동안 어학연수를 중국어 어학연수를 한 후에 어 발상의 전환으로 본과 사 년을 다니는 동안 일본어학을 전공을 했습니다.","expression":"c_private","category":"background"}],"summary":{"text":"저는 남들과의 관계보다 더 나은 경쟁력은 외국어를 바탕으로 한 소통 능력이라고 생각합니다. 그런 경쟁력은 중국 상해에서 유학 생활을 하면서 키워져 온 부분입니다. 제가 중국에서 일본어를 전공을 하며 캐나다 밴쿠버에서 어학 연수를 했으며 일본 도쿄에서 교환 학생으로 했던 부분으로 경쟁력을 갖추게 되었습니다.","wordCount":41}}},"rawDataInfo":{"question":{"fileFormat":"wav","fileSize":367438,"duration":11480,"samplingBit":16,"channelCount":1,"samplingRate":"16kHz","audioPath":"/Mock/07.ProductionManufacturing/Male/New/ckmk_q_mm_m_n_172298.wav"},"answer":{"fileFormat":"wav","fileSize":2729678,"duration":85300,"samplingBit":16,"channelCount":1,"samplingRate":"16kHz","audioPath":"/Mock/07.ProductionManufacturing/Male/New/ckmk_a_mm_m_n_172298.wav"}}}