{"version":"1.0","dataSet":{"info":{"date":"20230116","occupation":"MM","channel":"MOCK","place":"ONLINE","gender":"MALE","ageRange":"35-44","experience":"NEW"},"question":{"raw":{"text":"저희 회사에 들어와서 오 년 뒤 십 년 뒤 지원자님께서는 어떠한 엔지니어가 되어 있을지 같이 설명을 부탁드립니다","wordCount":17},"emotion":[],"intent":[]},"answer":{"raw":{"text":"저는 오 년 뒤에는 대리 또는 시니어 대리급으로 장비나 설비를 제대로 만질 줄 아는 그런 엔지니어가 되고 싶습니다. 일 이 년 차 때는 많은 것을 배우고 저의 저만의 빅데이터를 만들어서 어떻게 우리 회사의 업무에 응용하고 적용할 지를 고민한다면 오 년 차부터는 이제 어떻게 사업성을 발전해 가고 원가 절감을 하고 판매 절략을 세울 것인지에 대한 깊은 고민을 할 게 될 것입니다. 십 년 뒤에는 당연히 이 팀의 팀 매니저 또는 파트장이 되어 이 인력들을 관리하고 생산 관리 또는 판매 관리를 어떻게 하면 높은 매출을 일으키을지 있을지에 대한 전략을 짜는 사람이 되고 싶습니다.","wordCount":91},"emotion":[],"intent":[{"text":"","expression":"","category":"attitude"}],"summary":{"text":"저는 이 년 차 때는 빅데이터를 만들어 업무에 응용하고 적용하여 사업성 발전과 원가 절감, 판매 절략에 대한 고민을 하고 십 년 뒤에는 팀 매니저 또는 파트장이 되어 높은 매출에 대한 전략을 짜는 사람이 되고 싶습니다.","wordCount":35}}},"rawDataInfo":{"question":{"fileFormat":"wav","fileSize":330958,"duration":10340,"samplingBit":16,"channelCount":1,"samplingRate":"16kHz","audioPath":"/Mock/07.ProductionManufacturing/Male/New/ckmk_q_mm_m_n_185529.wav"},"answer":{"fileFormat":"wav","fileSize":1487438,"duration":46480,"samplingBit":16,"channelCount":1,"samplingRate":"16kHz","audioPath":"/Mock/07.ProductionManufacturing/Male/New/ckmk_a_mm_m_n_185529.wav"}}}