{"version":"1.0","dataSet":{"info":{"date":"20230116","occupation":"MM","channel":"MOCK","place":"ONLINE","gender":"MALE","ageRange":"45-54","experience":"NEW"},"question":{"raw":{"text":"만약 이 면접에서 최종 탈락한다면 본인이 어떤 점이 부족해서 탈락했는 했다고 생각하십니까","wordCount":12},"emotion":[],"intent":[]},"answer":{"raw":{"text":"어 그런 일이 생긴다면 정말 안타깝겠지만 일단은 제 업무 능력이 부족하다 라고 생각을 하고 인정을 하겠습니다. 어 저는 솔직히 좀 나이가 많습니다. 그러면서도 제가 지원한 분야는 신입사원입니다. 하지만 저는 이 일을 누구보다 열정을 가지고 열심히 일할 어 마음의 준비가 되어 있습니다. 어 동종 업종은 아니지만 저는 그래도 생산 라인에서 일해 왔던 경험이 있습니다. 어 잘 가르켜 주시고 한다면 어 저는 충분히 제가 잘 배워 가지고 어 금방 어 업무를 파악할 수 있을 것이라고 생각을 합니다. 어 만약에 제가 떨어진다면 어 저는 어 나이가 많아서 떨어진 게 아닐까 라는 생각을 하겠습니다.","wordCount":90},"emotion":[],"intent":[{"text":"","expression":"","category":"attitude"}],"summary":{"text":"저는 나이가 많음에도 불구하고 신입사원을 열심히 지원할 마음의 준비가 되어 있습니다. 잘 가르켜 준다면 업무를 파악할 수 있을 것이라고 생각합니다. 만약 떨어진다면 나이가 많아 떨어진 것이라고 생각을 하겠습니다.","wordCount":28}}},"rawDataInfo":{"question":{"fileFormat":"wav","fileSize":367438,"duration":11480,"samplingBit":16,"channelCount":1,"samplingRate":"16kHz","audioPath":"/Mock/07.ProductionManufacturing/Male/New/ckmk_q_mm_m_n_157080.wav"},"answer":{"fileFormat":"wav","fileSize":1564878,"duration":48900,"samplingBit":16,"channelCount":1,"samplingRate":"16kHz","audioPath":"/Mock/07.ProductionManufacturing/Male/New/ckmk_a_mm_m_n_157080.wav"}}}