{"version":"1.0","dataSet":{"info":{"date":"20230116","occupation":"MM","channel":"MOCK","place":"ONLINE","gender":"MALE","ageRange":"45-54","experience":"NEW"},"question":{"raw":{"text":"지금 보고 있는 이 면접에서 지원자님께서 최종으로 탈락하게 된다면 지원자님이 어떤 점이 부족해서 탈락했을 거라고 생각하시나요","wordCount":16},"emotion":[],"intent":[]},"answer":{"raw":{"text":"이 면접에서 만약 최종 탈락한다면 음 제가 부족한 부분이 뭔가를 아마 먼저 생각을 해 볼 것 같습니다. 제 경우는 해외 영업을 지원을 했고요. 해외 영업 직적 관련된 경험이나 이러한 부분들은 중국 상해에서 오 년간 유학 생활을 하면서 중국어 뿐만이 아니라 영어는 캐나다 뱅쿠버에서 일본어의 경우는 일본 도꾜에서 공부를 했었습니다. 또한 어 한국에서 중국에서 남방 지역인 심천 지역에서 이 년 동안 지사장 업무도 또한 하면서 어 팀 리더로서 지사장으로서의 업무 또한 어 진행을 했었습니다. 이러한 경험들에 비추어 는데도 최종적으로 탈락을 했다면 제가 어떤 게 부족한 부분도 물론 있겠지만 어 더 뛰어난 저보다 더 경험과 능력이 있는 분이 선발됐다고 생각을 할 것 같습니다. 따라서 저의 이러한 경험치와 이러한 부분들은 어 계속 꾸준히 계속 노력할 거고요. 방금 말씀하 드렸던 더 뛰어나신 분이 지원 선택을 되었다고 생각하겠습니다.","wordCount":123},"emotion":[],"intent":[{"text":"","expression":"","category":"attitude"}],"summary":{"text":"이 면접에서 최종 탈락한다면 제 부족한 부분을 생각 해 볼 것 같습니다. 제 경우는 해외 영업을 지원했고, 해외 영업 직적 관련된 경험이나 이런 것들은 중국 상해에서 오 년간 유학 생활을 하면서 공부를 했고, 지사장 업무도 했습니다. 이런 경험들에 비추어 보아 더 뛰어난 분이 선발됐다고 생각될 것입니다.","wordCount":46}}},"rawDataInfo":{"question":{"fileFormat":"wav","fileSize":500558,"duration":15640,"samplingBit":16,"channelCount":1,"samplingRate":"16kHz","audioPath":"/Mock/07.ProductionManufacturing/Male/New/ckmk_q_mm_m_n_160741.wav"},"answer":{"fileFormat":"wav","fileSize":2680398,"duration":83760,"samplingBit":16,"channelCount":1,"samplingRate":"16kHz","audioPath":"/Mock/07.ProductionManufacturing/Male/New/ckmk_a_mm_m_n_160741.wav"}}}