{"version":"1.0","dataSet":{"info":{"date":"20230116","occupation":"MM","channel":"MOCK","place":"ONLINE","gender":"MALE","ageRange":"45-54","experience":"NEW"},"question":{"raw":{"text":"아 현대 사회에서 없어서는 안 될 또 가장 중요하다고 생각하시는 직업은 무엇이라고 생각하는지요 한가지만 골라서 그것에 대해 말씀해 주시기 바랍니다","wordCount":20},"emotion":[],"intent":[]},"answer":{"raw":{"text":"어 요즘 현대사회에는 정말 하루가 다르게 새로운 기술이 나오고 그 기술은 인간을 어 편리하게 하고 있습니다. 어 심지어는 에이아이 인공지능이 자동차를 어 직접 운전하는 세상까지 온 것이 현실입니다. 하지만 저는 개인적으로 아무리 어 사회가 발전하고 과학기술이 발전한다고 해도 교사라는 직업 만큼은 꼭 인간이 해야 되며 어 그 없어져서는 안 될 직업이라고 생각을 합니다. 어 교사는 단순히 그 지식을 전달하는 매개체가 아닙니다. 단순히 지식만 전달하는 매개체라면 오히려 컴퓨터가 더 많은 지식을 가르쳐 줄 수 있습니다. 그 교사라는 직업은 학교에서 생활을 통해서 학생들을 지도하고 그 사람이 기본적으로 가져야 될 도리라든지 사람과의 관계 이런 것들을 가르치고 어 익히게 하는 역할을 하는 사람이 교사입니다. 어 저는 아무리 사회가 발전하고 어 미래에는 인공지능이 발전한다고 해도 교사라는 직업 만큼은 꼭 사람이 해야 되고 사람이 사람을 가르쳐야 된다 라고 저는 생각하고 있습니다.","wordCount":125},"emotion":[],"intent":[{"text":"","expression":"","category":"attitude"}],"summary":{"text":"현대사회에서 인공지능이 자동차를 직접 운전하는 세상까지 온 것이 현실이지만, 어 아무리 사회가 발전하고 과학기술이 발전한다고 해도 교사라는 직업만은 꼭 인간이 해야 되고, 사람이 사람을 가르쳐야 된다 라고 생각합니다.","wordCount":28}}},"rawDataInfo":{"question":{"fileFormat":"wav","fileSize":448078,"duration":14000,"samplingBit":16,"channelCount":1,"samplingRate":"16kHz","audioPath":"/Mock/07.ProductionManufacturing/Male/New/ckmk_q_mm_m_n_159955.wav"},"answer":{"fileFormat":"wav","fileSize":2479438,"duration":77480,"samplingBit":16,"channelCount":1,"samplingRate":"16kHz","audioPath":"/Mock/07.ProductionManufacturing/Male/New/ckmk_a_mm_m_n_159955.wav"}}}