{"version":"1.0","dataSet":{"info":{"date":"20230116","occupation":"MM","channel":"MOCK","place":"ONLINE","gender":"MALE","ageRange":"45-54","experience":"NEW"},"question":{"raw":{"text":"지원자님께서 가지고 있는 상위 일 퍼센트의 능력이 있다면 그 능력을 최대한 자세하게 설명해 주시겠습니까","wordCount":14},"emotion":[],"intent":[]},"answer":{"raw":{"text":"제가 가지고 있는 상해 상위 일 퍼센트의 능력은 한국어를 포함한 영어 중국어 일본어를 자유롭게 구사할 정도의 실력이라고 할 수 있겠습니다. 저의 경우는 중국 상해 지역에서 어 오 년 동안 유학 생활을 경험을 했었습니다. 중국어 하나만을 하는 것으로는 부족하다고 생각을 했었기 때문에 이에 관련돼서는 어 영어 관련된 부분은 캐나다 밴쿠버에서 그리고 어 일본어의 경우는 도쿄에서 교환 학생으로 어 일본어 공부를 했습니다. 따라서 영어 일본어는 특이 특히 일본어 같은 경우는 일본어 능력 평가 일 급 자격증을 가지고 있으며 중국어의 경우는 관광 통역 안내사 중국어를 가지고 있습니다. 영어의 경우는 캐나다 밴쿠버에서 공부를 했었습니 했던 던 부분이 있고 토익이나 여러 가지 관련된 자료들을 가지고 어 등록증이라든지 자격증을 가지고 있습니다. 따라서 이 부분은 다른 사람들보다는 뛰어난 부분이라고 생각을 합니다. 각각의 언어를 저보다 잘하는 사람이 있을 지 모르지만 세 개를 한꺼번에 이 정도 수준이 되는 사람들은 많지 않다고 생각합니다.","wordCount":133},"emotion":[{"text":"저의 경우는 중국 상해 지역에서 어 오 년 동안 유학 생활을 경험을 했었습니다.","expression":"u-fact","category":"neutral"}],"intent":[{"text":"","expression":"","category":"attitude"}],"summary":{"text":"저는 영어, 일본어, 중국어를 자유로이 구사할 수 있는 실력을 가지고 있습니다. 영어는 캐나다 밴쿠버에서, 일본어는 도쿄 등에서 공부했습니다. 일본어는 일본어 능력 평가 자격증을, 중국어는 관광 통역 안내사 중국어를 가지고 있으며, 영어의 경우 밴쿠버에서 공부했던 부분과 토익, 관련 자료들로 등록증과 자격증을 가지고 있었습니다.","wordCount":42}}},"rawDataInfo":{"question":{"fileFormat":"wav","fileSize":445518,"duration":13920,"samplingBit":16,"channelCount":1,"samplingRate":"16kHz","audioPath":"/Mock/07.ProductionManufacturing/Male/New/ckmk_q_mm_m_n_160502.wav"},"answer":{"fileFormat":"wav","fileSize":2740878,"duration":85650,"samplingBit":16,"channelCount":1,"samplingRate":"16kHz","audioPath":"/Mock/07.ProductionManufacturing/Male/New/ckmk_a_mm_m_n_160502.wav"}}}