{"version":"1.0","dataSet":{"info":{"date":"20230116","occupation":"MM","channel":"MOCK","place":"ONLINE","gender":"MALE","ageRange":"45-54","experience":"NEW"},"question":{"raw":{"text":"글로벌 인재에게 필수인 요소는 무엇이고 어 면접자님께서 그것을 위해 노력했던 점은 무엇인지 말씀 부탁드립니다","wordCount":14},"emotion":[],"intent":[]},"answer":{"raw":{"text":"글로벌 인재가 되기 위해서 개인이 갖춰야 될 어 역량은 여러 종류가 있는 것 같습니다. 그중에서도 저는 개인적으로 그 기본 용 그 중에서 가장 기본 역량을 꼽으라면 저는 영어를 들고 싶습니다. 말씀처럼 요즘은 외국인과 거래하고 외국인과 통화를 하는 것이 뭐 그리 대단한 일이 아닙니다. 너무나 흔한 일이고 심지어 뭐 사무실에서 근무만 해도 외국인으로 부터 걸려오는 전화를 받는 일이 다반사입니다. 외국에서 주문지가 들어온다라든지 아니면 우리가 뭐 원자재를 수입해야 될 때 기본적으로 영어로 된 서류는 뭐 아주 기본적인 폼이라고 하겠습니다. 그렇기에 저는 오히려 엔지니어일수록 영어를 좀 더 잘할 필요가 있다 라고 생각을 합니다. 실제적으로 생산 라인에 있는 공장들은 공장 있는 기계들은 대부분 외국제 기계들이 많습니다. 그것을 어떻게 사용하는지 사용법이라든지 운영 방법 보수 방법이 다 영어로 적혀져 있는데 실제로 그거를 엔지니어가 이해를 못한다고 하면 어 그 기계를 완전히 본인이 운영할 수 없게 됩니다. 여태까지 선배한테서 전임자한테서 말로 이렇게 인수인계 받는 거에는 한계가 있습니다. 저는 오히려 기술 쪽에 있는 사람일수록 더 영어를 함으로써 기술 교류를 할 수 있다 라고 생각합니다.","wordCount":155},"emotion":[{"text":"실제적으로 생산 라인에 있는 공장들은 공장 있는 기계들은 대부분 외국제 기계들이 많습니다.","expression":"u-fact","category":"neutral"}],"intent":[{"text":"","expression":"","category":"attitude"}],"summary":{"text":"글로벌 인재가 되기 위한 개인의 역량 중 가장 기본 역량은 영어로, 외국인과의 거래, 통화, 원자재 수입 시 기본 서류 작성 등을 할 수 있습니다. 생산 라인의 공장들은 대부분 외국제 기계들이 많기 때문에 엔지니어가 영어를 이해하지 못한다면 기계를 완전히 운영할 수 없습니다. 기술 쪽에 있는 사람일수록 더 영어를 함으로써 기술 교류를 할 수 있을 것입니다.","wordCount":54}}},"rawDataInfo":{"question":{"fileFormat":"wav","fileSize":427278,"duration":13350,"samplingBit":16,"channelCount":1,"samplingRate":"16kHz","audioPath":"/Mock/07.ProductionManufacturing/Male/New/ckmk_q_mm_m_n_182715.wav"},"answer":{"fileFormat":"wav","fileSize":2842318,"duration":88820,"samplingBit":16,"channelCount":1,"samplingRate":"16kHz","audioPath":"/Mock/07.ProductionManufacturing/Male/New/ckmk_a_mm_m_n_182715.wav"}}}