{"version":"1.0","dataSet":{"info":{"date":"20230116","occupation":"MM","channel":"MOCK","place":"ONLINE","gender":"MALE","ageRange":"-34","experience":"NEW"},"question":{"raw":{"text":"어 직무 수행 시에서 이 난관에 봉착했다고 가정을 해보면요 어떻게 이 난관을 해결하실지 본인만의 어떤 해결법이나 노하우가 있다면 말씀을 해 주시기 바랍니다","wordCount":22},"emotion":[],"intent":[]},"answer":{"raw":{"text":"구글에 물어보겠습니다 구글. 뭐 어려운 일이 생겼을 때 당연히 어떤 상급자에 물어봐야 되지 않느냐. 팀장 급에게 물어봐야 되지 않느냐 윗사람에게 물어봐야 되지 않느냐 라고 생각하실 수도 있지만 그렇다고 또 무작정 저 혼자 해결하는 것도 아니면서 왜냐하면 우리 상급자들이 바쁠 때가 있습니다. 상급자가 됐다는 것은 더 많은 책임과 더 많은 책임과 더 많은 업무 수행을 기대하기 때문에 진급이 되었다는 것 아니겠습니까 그런 바쁘신 사람들한테 제가 해결하지 못하는 그 문제들을 가지고 가서 질문을 한다는 것은 조직의 입장에서 봤을 때 손해라고 저는 판단이 됩니다. 그렇지만 어쨌든 간에 문제 문제는 해결을 해야 하지 않겠습니까. 구글에는 거의 모르는 것이 없다고 합니다. 실제로 저는 구글을 통해서 많은 어려움을 해결했습니다. 구글을 통해서도 안 된다고 하면 학원 선생님한테 전화하겠습니다 학원 선생님. 학원 선생님에게 전화해서 이런 문제에 대해서 어떻게 생각하시느냐 라고 한번 여쭤보겠습니다.","wordCount":124},"emotion":[],"intent":[{"text":"","expression":"","category":"attitude"}],"summary":{"text":"어려운 일이 생겼을 때 구글에 질문하겠습니다. 구글에는 거의 모르는 것이 없다고 합니다. 실제로 구글을 통해서 많은 어려움을 해결했습니다. 안 된다고 하면 학원 선생님한테 전화하겠습니다 학원 선생님. 학원 선생님에게 전화해서 이런 문제에 대해서 어떻게 생각하십니까 라고 한번 여쭤보겠습니다.","wordCount":37}}},"rawDataInfo":{"question":{"fileFormat":"wav","fileSize":555598,"duration":17360,"samplingBit":16,"channelCount":1,"samplingRate":"16kHz","audioPath":"/Mock/07.ProductionManufacturing/Male/New/ckmk_q_mm_m_n_186740.wav"},"answer":{"fileFormat":"wav","fileSize":2714958,"duration":84840,"samplingBit":16,"channelCount":1,"samplingRate":"16kHz","audioPath":"/Mock/07.ProductionManufacturing/Male/New/ckmk_a_mm_m_n_186740.wav"}}}