{"version":"1.0","dataSet":{"info":{"date":"20230116","occupation":"MM","channel":"MOCK","place":"ONLINE","gender":"MALE","ageRange":"35-44","experience":"NEW"},"question":{"raw":{"text":"입사 후에 근무를 하면서 지원자님께서 정작 지원한 분야가 잘 맞지 않는다는 사실을 깨닫게 되는 상황도 발생할 수 있습니다 이런 상황에서는 어떻게 하실 생각이십니까","wordCount":23},"emotion":[],"intent":[]},"answer":{"raw":{"text":"제가 지원한 분야가 잘 맞지 않는지 맞는지는 최소한 육 개월에서 일 년 정도 또는 이 년 정도까지 다녀보고 확인을 해 보겠습니다. 그렇게 이 년 정도까지 해봤는데도 이 분야가 절대 맞지 않는다면 저는 본부장 또는 대표 이사님에게 찾아가서 정확하게 건의를 할 것입니다. 대표님 제가 이렇 이 분야를 지원을 했는데 막상 와서 일을 해보니 전혀 맞지가 않습니다. 제가 더 잘 할 수 있는 다른 부서나 보직으로 전환을 부탁드리겠습니다. 제가 한 두 달 해보고 적성에 맞지 않는다고 하면 어쩌게 보면 저의 전문성 결여 및 나태함일 수도 있는데 일 년에서 이 년 동안을 해봤는데도 안 맞는 건 제가 봤을 때 저하고 맞지 않은 일인 것 같습니다 라고 이렇게 요청을 할 겁니다. 그런데도 대표님이나 본부장님께서 아니다 이런 이 일은 당신이 최적화 돼 있다 당신 말고는 이 일을 할 수 없으니 당신은 여기서 뼈를 묻어야 된다 라고 한다면 저는 과감하게 퇴사를 할 것입니다.","wordCount":137},"emotion":[],"intent":[{"text":"","expression":"","category":"attitude"}],"summary":{"text":"저는 육개월에서 일 년 정도까지 다녀보고 확인을 해 보겠습니다. 그렇게 했을 때도 맞지 않는다면 제가 더 잘 할 수 있는 다른 부서나 보직으로 전환을 요청하겠습니다. 그럼에도 불구하고 대표님이나 본부장님께서 그렇지 않다면 저는 과감하게 퇴사를 할 것입니다.","wordCount":36}}},"rawDataInfo":{"question":{"fileFormat":"wav","fileSize":562638,"duration":17580,"samplingBit":16,"channelCount":1,"samplingRate":"16kHz","audioPath":"/Mock/07.ProductionManufacturing/Male/New/ckmk_q_mm_m_n_184641.wav"},"answer":{"fileFormat":"wav","fileSize":2036558,"duration":63640,"samplingBit":16,"channelCount":1,"samplingRate":"16kHz","audioPath":"/Mock/07.ProductionManufacturing/Male/New/ckmk_a_mm_m_n_184641.wav"}}}