{"version":"1.0","dataSet":{"info":{"date":"20230116","occupation":"MM","channel":"MOCK","place":"ONLINE","gender":"MALE","ageRange":"45-54","experience":"NEW"},"question":{"raw":{"text":"지원자님께서 커뮤니케이션을 잘 할 수 있는 본인만의 스킬이 있다면 한 번 소개해 주시겠어요 지원자님이 있으시다면 직접 한 번 보여 주셔도 좋습니다","wordCount":21},"emotion":[],"intent":[]},"answer":{"raw":{"text":"제가 생각할 때 커뮤니케이션은 그 상황에 따라 유동적으로 움직여야 됩니다. 진지한 분위기에서는 그 분위기를 보고 좀 진지하게 유쾌한 분위기에서는 같이 농담을 주고받으면서 유쾌한 얘기를 할 수 있는 그런 능력을 발휘해야 합니다. 하지만 여기서 그런 능력은 자연스럽게 나오는 게 아닙니다. 그런 능력을 갖추기 위해서는 독서를 많이 해야 합니다. 저는 그래서 독서를 많이 하고요. 그리고 온갖 커뮤니케이션에 떠도는 그런 유행하는 것들을 어느 정도는 공부를 해야 되고요. 그리고 그런 화제를 내놓기 위해서는 유튜브도 틈틈히 봐야 됩니다. 이런 노력이 뒷받침될 때 그 분위기를 잘 탈 수 있는 것입니다. 농담을 주고받는 그런 상황에서는 유행하는 말들을 조금씩 섞어서 말을 하고요. 진지한 분위기에서는 최대한의 그거와 관련된 상식들을 쏟아낼 수 있는 그런 능력이 있어야만 서로 커뮤니케이션이 잘 이루어질 수 있다고 생각합니다.","wordCount":113},"emotion":[],"intent":[{"text":"","expression":"","category":"attitude"}],"summary":{"text":"커뮤니케이션은 상황에 따라 유동적으로 움직여야 하며, 진지한 분위기에서는 그 분위기를 보고 진지하게 유쾌한 분위기에서는 같이 농담을 주고받으면서 유쾌한 얘기를 할 수 있는 능력을 발휘해야 합니다. 그런 능력을 갖추기 위해서는 독서를 많이 하고, 유튜브도 틈틈이 봐야 합니다.","wordCount":36}}},"rawDataInfo":{"question":{"fileFormat":"wav","fileSize":455118,"duration":14220,"samplingBit":16,"channelCount":1,"samplingRate":"16kHz","audioPath":"/Mock/07.ProductionManufacturing/Male/New/ckmk_q_mm_m_n_176545.wav"},"answer":{"fileFormat":"wav","fileSize":2345038,"duration":73280,"samplingBit":16,"channelCount":1,"samplingRate":"16kHz","audioPath":"/Mock/07.ProductionManufacturing/Male/New/ckmk_a_mm_m_n_176545.wav"}}}