{"version":"1.0","dataSet":{"info":{"date":"20230116","occupation":"MM","channel":"MOCK","place":"ONLINE","gender":"MALE","ageRange":"45-54","experience":"NEW"},"question":{"raw":{"text":"어떠한 문제에 부딪쳤을 때 지원자님께서는 어떤 방식으로 문 방식으로 문제를 해결하시나요 혼자 해결하는 편이 있고 여러 사람들에게 이야기를 하는 사람들이 있습니다","wordCount":21},"emotion":[],"intent":[]},"answer":{"raw":{"text":"뭐 당연한 얘기겠지만 저는 그 어떤 문제가 뭐냐에 따라 쪼끔 다르게 어 판단을 할 것 같습니다. 그 어떤 문제가 개인적인 거라면 어 저는 저 스스로 어 고민을 하고 뭐 공부를 하고 해서 최선의 결과를 선택할 것 같습니다. 하지만 이게 공무적인 문제라면 어떤 그 어떤 문제가 회사의 일이거나 어 그 일을 수행하기 위한 그 임무라면 저는 도움을 청할 것 같습니다. 아 저는 그렇게 생각합니다. 이렇게 업무적으로 어렵거나 이런 일을 닥쳤을 때 도움을 청하라고 선배가 있고 동료가 있고 후배가 있다고 생각을 합니다. 저한테는 이게 어려운 일일 수도 있지만 그 누군가한테는 이 일에 대한 경험이 있거나 노하우를 갖고 있는 사람에겐 쉬운 일일 수도 있습니다. 단순히 그 사람한테 업무를 어 넘기겠다라는 게 아니라 저는 그 사람이 이 이 난 그니까 이것을 문의하고 그것을 해결해 줄 때 그걸 저희가 스스로 배우고 익히면 된다 라고 생각을 합니다. 그렇게 해서 이 업무를 처리하고 나중에 다음 다음에 또 이와 같은 임무가 주어졌을 때 그것을 제 스스로 풀고 해결하면 전 된다고 생각을 합니다. 그래서 어 뭐 어떤 문제가 부딪쳤을 때 저는 도움을 청하겠습니다.","wordCount":164},"emotion":[],"intent":[{"text":"","expression":"","category":"attitude"}],"summary":{"text":"업무적으로 어렵거나 이런 일을 닥쳤을 때 도움을 청하라고 선배가 있고 동료가 있다고 생각합니다. 그 사람이 이것을 문의하고 그것을 해결해 줄 때 그것을 저희가 스스로 배우고 익히면 됩니다. 그렇게 해서 업무를 처리하고 나중에 또 이와 같은 임무가 주어졌을 때 그것을 스스로 풀고 해결하면 저는 될 것입니다.","wordCount":45}}},"rawDataInfo":{"question":{"fileFormat":"wav","fileSize":545038,"duration":17030,"samplingBit":16,"channelCount":1,"samplingRate":"16kHz","audioPath":"/Mock/07.ProductionManufacturing/Male/New/ckmk_q_mm_m_n_171877.wav"},"answer":{"fileFormat":"wav","fileSize":2805518,"duration":87670,"samplingBit":16,"channelCount":1,"samplingRate":"16kHz","audioPath":"/Mock/07.ProductionManufacturing/Male/New/ckmk_a_mm_m_n_171877.wav"}}}