{"version":"1.0","dataSet":{"info":{"date":"20230116","occupation":"MM","channel":"MOCK","place":"ONLINE","gender":"MALE","ageRange":"45-54","experience":"NEW"},"question":{"raw":{"text":"지원자님께서는 지금 진행하고 계시는 스터디가 있으신지 궁금합니다 그런 스터디를 하고 계시다고 한다면 어떤 공부를 어떤 이유에서 진행하고 계신 것인지도 같이 얘기해 주세요","wordCount":22},"emotion":[],"intent":[]},"answer":{"raw":{"text":"스터디를 따로 하고 있는 것은 제가 관심을 가지고 있는 몇 가지 키워드들이 있습니다. 외국어 공부하기 역사 공부하기 여행하기 운동하기 특히 이 관련된 부분들 중에 외국어의 경우는 제가 영어 중국어 일본어가 자유롭게 가능한 정도의 외국어 수준을 가지고 있습니다. 최근에는 스페인어권 관련된 문화나 음식이나 언어들이 관심이 있어서 요 관련된 부분들을 지속적으로 공부를 하고 있습니다. 역사 관련된 부분은 어릴 때부터 역사를 좋아했었기 때문에 역사 관련된 부분은 관광 통역 안내사 중국어 문화유산 해설사 자격증을 가지고 있으며 현재 어떤 조직에 소속이 되어 있어서 거기에서 답사 연구팀에서 계속 답사를 하면서 어 연구를 하고 있습니다. 마지막으로 또한 여행 관련된 부분들은 제가 현재까지 이십여 개국 정도의 외국을 다녀봤는데요. 출장이나 혹은 여행 등이나 지속적으로 관심을 가지고 있어서 여행 방법 지역 이런 부분들을 검색을 하며 공부를 하고 있습니다. 마지막으로 운동 관련된 부분 또한 헬스 농구 탁구 어 볼링 등 이러한 부분들도 어 공부하고 있습니다.","wordCount":134},"emotion":[{"text":"최근에는 스페인어권 관련된 문화나 음식이나 언어들이 관심이 있어서 요 관련된 부분들을   지속적으로 공부를 하고 있습니다.","expression":"p-interest","category":"positive"},{"text":"역사 관련된 부분은 어릴 때부터 역사를 좋아했었기 때문에 역사 관련된 부분은 관광 통역 안내사 중국어   문화유산 해설사 자격증을 가지고 있으며 현재 어떤 조직에 소속이 되어 있어서 거기에서 답사 연구팀에서 계속 답사를 하면서   어 연구를 하고 있습니다.","expression":"p-interest","category":"positive"},{"text":"출장이나 혹은 여행 등이나 지속적으로 관심을 가지고 있어서 여행 방법   지역 이런 부분들을 검색을 하며 공부를 하고 있습니다.","expression":"p-interest","category":"positive"}],"intent":[{"text":"","expression":"","category":"attitude"}],"summary":{"text":"외국어나 역사 공부하기 여행하기 운동하기 특히 이 관련된 부분들 중에 외국어의 경우는 영어 중국어 일본어가 자유롭게 가능한 정도의 외국어 수준을 가지고 있고 최근에는 스페인권 관련된 문화나 음식이나 언어들에 관심이 있어서 이와 관련된 부분들을 지속적으로 공부를 하고 있습니다.","wordCount":37}}},"rawDataInfo":{"question":{"fileFormat":"wav","fileSize":614478,"duration":19200,"samplingBit":16,"channelCount":1,"samplingRate":"16kHz","audioPath":"/Mock/07.ProductionManufacturing/Male/New/ckmk_q_mm_m_n_160309.wav"},"answer":{"fileFormat":"wav","fileSize":2784718,"duration":87020,"samplingBit":16,"channelCount":1,"samplingRate":"16kHz","audioPath":"/Mock/07.ProductionManufacturing/Male/New/ckmk_a_mm_m_n_160309.wav"}}}