{"version":"1.0","dataSet":{"info":{"date":"20230116","occupation":"MM","channel":"MOCK","place":"ONLINE","gender":"MALE","ageRange":"45-54","experience":"NEW"},"question":{"raw":{"text":"어 작업을 하면서 기술적인 문제는 늘 발생을 할 수밖에 없는데 그런 기술적인 문제가 본인이 경험했던 어떤 문제가 있었고 그런 문제를 해결하기 위해서 본인만의 특별한 노후가 노하우가 있었는지 말씀해 보시겠습니까","wordCount":29},"emotion":[],"intent":[]},"answer":{"raw":{"text":"기술적인 이슈를 해결했던 경험 관련돼서는 제가 이전 회사에서 스템핑 머신이라는 도강판 패턴을 하는 기아 기계 설비를 프로모션 기술 영업을 진행을 했었습니다. 이 기계 설비의 경우에는 기존에 인쇄 방식으로 진행했던 설비를 대체를 하는 새로운 기계의 개념들인데 이 기계 관련돼서 진행을 할 때 여러 가지 관련된 음 기술적인 이슈나 이러한 부분들이 지속적으로 문의를 해 왔었고 그러한 부분들이라든지 제가 중간에서 기술적인 부분들을 엔지니어와 함께 처리를 했던 부분들이 있었습니다. 특히 이 스탠핑 머신의 경우는 대부분들이 많이 모르고 있었었구요. 일반적인 원리는 위 아래 롤러 두 개 사이에 에 도강판을 어 보내고 위에서 예전 미술시간에 판화를 찍어 내듯이 롤링 회전을 하면서 그 패턴을 찍어내는 방식입니다. 특히 이 기계 설비의 경우에는 롤라의 롤러의 스피드 그 롤러 안에서 열을 내게 해주는 부분 그리고 위에서 누르는 압력 부분들을 최적화된 부분을 찾아야 되는 부분이기 때문에 이러한 부분을 관련돼서는 여러 가지 경험을 가지고 있습니다.","wordCount":133},"emotion":[{"text":"일반적인 원리는 위 아래 롤러 두 개 사이에 에 도강판을   어 보내고 위에서 예전 미술시간에 판화를 찍어 내듯이   롤링 회전을 하면서 그 패턴을 찍어내는 방식입니다.","expression":"u-fact","category":"neutral"}],"intent":[{"text":"기술적인 이슈를 해결했던 경험 관련돼서는 제가 이전 회사에서 스템핑 머신이라는   도강판 패턴을 하는 기아 기계 설비를 프로모션 기술 영업을 진행을 했었습니다.","expression":"f_equip","category":"technology"},{"text":"이 기계 설비의 경우에는 기존에 인쇄 방식으로 진행했던 설비를 대체를 하는 새로운 기계의 개념들인데   이 기계 관련돼서 진행을 할 때 여러 가지 관련된 음   기술적인 이슈나 이러한 부분들이 지속적으로 문의를 해 왔었고 그러한 부분들이라든지   제가 중간에서 기술적인 부분들을 엔지니어와 함께 처리를 했던 부분들이 있었습니다.","expression":"f_equip","category":"technology"},{"text":"특히 이 기계 설비의 경우에는 롤라의 롤러의 스피드 그 롤러 안에서 열을 내게 해주는 부분 그리고   위에서 누르는 압력 부분들을 최적화된 부분을 찾아야 되는 부분이기 때문에 이러한 부분을 관련돼서는 여러 가지 경험을 가지고 있습니다.","expression":"f_equip","category":"technology"}],"summary":{"text":"이전 회사에서 스템핑 머신이라는 도강판 패턴을 하는 기아 기계 설비를 프로모션 기술 영업을 진행을 했었습니다. 이 기계 설비의 경우에는 기존에 인쇄 방식으로 진행했던 설비를 대체를 하는 새로운 기계의 개념들인데 이 기계 관련돼서 진행을 할 때 기술적인 이슈나 기술적인 부분들을 엔지니어와 함께 처리를 했던 부분들이 있었습니다.","wordCount":45}}},"rawDataInfo":{"question":{"fileFormat":"wav","fileSize":642958,"duration":20090,"samplingBit":16,"channelCount":1,"samplingRate":"16kHz","audioPath":"/Mock/07.ProductionManufacturing/Male/New/ckmk_q_mm_m_n_163279.wav"},"answer":{"fileFormat":"wav","fileSize":2661198,"duration":83160,"samplingBit":16,"channelCount":1,"samplingRate":"16kHz","audioPath":"/Mock/07.ProductionManufacturing/Male/New/ckmk_a_mm_m_n_163279.wav"}}}