{"version":"1.0","dataSet":{"info":{"date":"20230116","occupation":"MM","channel":"MOCK","place":"ONLINE","gender":"MALE","ageRange":"45-54","experience":"NEW"},"question":{"raw":{"text":"일을 하면서 가장 어려울 것으로 예상되는 것이 무엇인가요 그리고 그 어려운 점에 대해 어떻게 대처할 생각인가요","wordCount":16},"emotion":[],"intent":[]},"answer":{"raw":{"text":"직장 내에서 가장 어려운 것은 제가 생각할 때는 사람들 간의 관계입니다. 직장 상사와의 간 관계 동료들과의 관계 이런 것들이 가장 힘들죠. 직무은 배우면 해결될 수 있습니다. 노력하면 됩니다. 하지만 인간관계는 잘 유지하지 않으면 서로 어떤 업무를 할 때 협업을 할 때 특히 문제가 많이 생깁니다. 그래서 저는 인간관계를 중시하기 때문에 특별한 방법은 없고요. 가식 없이 있는 그대로 솔직하게 직장 상사나 동료들을 대하고 있습니다. 제가 솔직하게 얘기한다는 것은 같이 얘기를 나눠보면 알 수 있는 부분이거든요. 가식이 있다는 것은 표리부동과 같잖아요. 이럴 때는 이렇게 저럴 때는 저렇게 이런 얘기 이런 얘기는 하지 않습니다. 진심으로 다가가서 모든 얘기를 솔직하게 합니다. 그게 곧 저의 인간관계를 좋게 하는 노하우입니다.","wordCount":104},"emotion":[],"intent":[{"text":"","expression":"","category":"attitude"}],"summary":{"text":"인간관계는 잘 유지하지 않으면 서로 어떤 업무를 할 때 협업할 때 문제가 많이 생깁니다. 그래서 저는 인간관계를 중시하기 때문에 특별한 방법은 없고 있는 그대로 솔직하게 직장 상사나 동료들을 대하고 있습니다. 그것이 곧 저의 인간관계를 좋게 하는 노하우입니다.","wordCount":37}}},"rawDataInfo":{"question":{"fileFormat":"wav","fileSize":316238,"duration":9880,"samplingBit":16,"channelCount":1,"samplingRate":"16kHz","audioPath":"/Mock/07.ProductionManufacturing/Male/New/ckmk_q_mm_m_n_176544.wav"},"answer":{"fileFormat":"wav","fileSize":2496398,"duration":78010,"samplingBit":16,"channelCount":1,"samplingRate":"16kHz","audioPath":"/Mock/07.ProductionManufacturing/Male/New/ckmk_a_mm_m_n_176544.wav"}}}