{"version":"1.0","dataSet":{"info":{"date":"20230116","occupation":"MM","channel":"MOCK","place":"ONLINE","gender":"MALE","ageRange":"45-54","experience":"NEW"},"question":{"raw":{"text":"특별히 가고 싶은 회사가 있나요 있다면 그때 특정 도메인이 중요한지 회사의 분위기가 중요한지 어떤 것들을 중요하게 생각하는지 궁금합니다","wordCount":18},"emotion":[],"intent":[]},"answer":{"raw":{"text":"제가 특별히 가고 싶은 회사는 대중 해외 영업 팀 쪽 관련된 부분 부서에서 대주변 중화권 비즈니스를 하는 회사를 가지고 싶습 가고 싶습니다. 또한 어 회사에 어 분위기나 여러 가지 관련된 부분을 중점적으로 보는 부분들은 월급이 많거나 적거나 혹은 회사의 비전이 있거나 없거나 마지막으로 회사의 분위기가 좋거나 나쁘거나 입니다. 특히 어 월급이 적다 하더라도 회사에 비전이 있다거나 월급 어 회사에 비전은 없지만 월급이 많다거나 이러한 부분들은 어느정도 상호 보완적인 부분이 있다고 생각을 합니다. 하지만 회사 분위기가 좋지 않다면 아무리 월급이 많거나 회사 어 비전이 있다 할지라도 하루하루가 견디기 힘들 정도로 답답하고 벗어나고 싶어 할 것 같습니다. 따라서 회사의 분위기 특히 상사와의 인과관계 혹은 팀 동료들 혹은 동료들과의 인과관계 관련된 부분들은 월급이 많고 적음 혹은 회사의 비전이 있고 없음 보다도 저의 개인적으로는 훨씬 더 중요하기 때문에 중점적으로 보고 있습니다.","wordCount":127},"emotion":[],"intent":[{"text":"","expression":"","category":"attitude"}],"summary":{"text":"저는 대중 해외 영업 팀 관련된 부분 부서에서 대주변 중화권 비즈니스를 하는 회사를 가지고 싶습니다. 회사에 분위기나 여러 가지 관련 부분을 중점적으로 보는 부분들은 월급이나 회사 비전 보다는 회사 분위기 입니다.","wordCount":31}}},"rawDataInfo":{"question":{"fileFormat":"wav","fileSize":397838,"duration":12430,"samplingBit":16,"channelCount":1,"samplingRate":"16kHz","audioPath":"/Mock/07.ProductionManufacturing/Male/New/ckmk_q_mm_m_n_160310.wav"},"answer":{"fileFormat":"wav","fileSize":2738638,"duration":85580,"samplingBit":16,"channelCount":1,"samplingRate":"16kHz","audioPath":"/Mock/07.ProductionManufacturing/Male/New/ckmk_a_mm_m_n_160310.wav"}}}