{"version":"1.0","dataSet":{"info":{"date":"20230116","occupation":"MM","channel":"MOCK","place":"ONLINE","gender":"MALE","ageRange":"45-54","experience":"NEW"},"question":{"raw":{"text":"지원자께서는 지금까지 인생을 살아오면서 가장 후회되는 일이 어떠한 것이었는지 궁금합니다 그중 한 가지만 골라서 저에게 말씀해 주시길 바랍니다","wordCount":18},"emotion":[],"intent":[]},"answer":{"raw":{"text":"제가 인생을 살면서 가장 후회되는 점은 돌아가신 아버님과 좀 더 가깝게 지내지 못한 점입니다. 저는 사십 대 초반에 어 아버님과 어머님을 잃었습니다. 어 뭐 사고로 돌아가신 건 아니고 공교롭게 한 육 개월 차이로 아버님이 돌아가시고 어머님이 돌아가셨습니다. 어 지금 생각해 보면 어머님과는 나름 추억이 많습니다. 뭐 어머님과는 뭐 여행을 간 적도 있고 뭐 맛집을 찾아서 다닌 적도 있고 어 나름 어머님과는 여러 가지 추억이 있는 반면 어 아버님과는 돌아가신 아버님과는 어 제가 어느 정도 크고 나서는 아무런 추억이 없어서 어 지금 너무나 후회되고 안타까운 마음이 듭니다. 가만히 생각해보면 저는 한 스무 살이 넘어서 뭐 아버님과 뭐 단둘이 뭐 술을 마신 적도 없고 어디 여행을 간 적도 없는 것 같습니다. 어 아버님은 왠지 좀 어려웠습니다. 나름 좀 엄하신 분이셨기도 하지만 어 왠지 크면서 막내라는 이유로 충분히 아버지한테 다가갈 수 있었음에도 어 저는 좀 그렇지 못한 것 같습니다. 어 지금 저는 아버님과 좀 더 가깝게 지내지 못한 점이 너무나 후회가 됩니다.","wordCount":149},"emotion":[{"text":"저는 사십 대 초반에 어 아버님과 어머님을 잃었습니다.","expression":"u-fact","category":"neutral"},{"text":"어 뭐 사고로 돌아가신 건 아니고 공교롭게 한 육 개월 차이로 아버님이 돌아가시고 어머님이 돌아가셨습니다.","expression":"u-fact","category":"neutral"}],"intent":[{"text":"저는 사십 대 초반에 어 아버님과 어머님을 잃었습니다.","expression":"c_private","category":"background"}],"summary":{"text":"제가 인생에서 가장 후회되는 점은 돌아가신 아버님과 좀 더 가깝게 지내지 못한 점입니다. 막내라는 이유로 충분히 아버지에게 다가갈 수 있었음에도 저는 그렇지 못한 것 같습니다. 어머니와는 나름 추억이 많은 반면 아버님과는 제가  아무런 추억이 없어서 너무 후회되고 안타까운 마음이 듭니다. ","wordCount":40}}},"rawDataInfo":{"question":{"fileFormat":"wav","fileSize":500238,"duration":15630,"samplingBit":16,"channelCount":1,"samplingRate":"16kHz","audioPath":"/Mock/07.ProductionManufacturing/Male/New/ckmk_q_mm_m_n_164023.wav"},"answer":{"fileFormat":"wav","fileSize":2769038,"duration":86530,"samplingBit":16,"channelCount":1,"samplingRate":"16kHz","audioPath":"/Mock/07.ProductionManufacturing/Male/New/ckmk_a_mm_m_n_164023.wav"}}}