{"version":"1.0","dataSet":{"info":{"date":"20230116","occupation":"MM","channel":"MOCK","place":"ONLINE","gender":"MALE","ageRange":"45-54","experience":"NEW"},"question":{"raw":{"text":"협업하는 과제와 어 혼자 하는 과제 중에 무엇을 더 선호하시는지 그 이유도 함께 말씀해 주세요","wordCount":15},"emotion":[],"intent":[]},"answer":{"raw":{"text":"어 저는 일의 형태에 맞춰서 그 근무 그 과제를 실행해야 된다고 생각을 합니다. 어 프로젝트에 따라서 어 이거는 협업을 해야 어 더 능률이 올를 수 있는 과제가 있고 어 어떤 과제는 어 혼자 하는 것이 오히려 더 좋은 성과를 낼 수 있는 과제가 있다고 생각을 합니다. 어 아무리 혼자 한다고 해도 협업을 해야지만 꼭 이루어질 수 있는 과제가 있듯이 그 프로젝트에 따라서 성격을 좀 뭐 혼자냐 협업이냐는 별도로 결정을 해야 될 문제라고 생각합니다. 그런 것을 다 제외하고 단순히 어 협업과 혼자 하는 것을 고르라고 하면 저는 개인적으로 혼자 하는 작업을 더 선호합니다. 그 이유는 아무래도 일에 대한 능률입니다. 어 작업을 함에 있어서 이 사람이라는 게 좀 일이 잘될 때가 있고 좀 잘 안 될 때가 있는데 협업을 해서 여러면서 함께 작업을 하게 되면 제가 해야 될 몫이 있고 시간이라는 제약이 있기 때문에 저는 가능하면 어 혼자 하는 일을 더 선호합니다. 혼자 일을 할 땐 시간을 제가 마음대로 쓸 수 있기 때문에 일이 안 될 때는 오히려 쉬는게 낫고 일이 정말 잘 될 때는 밤을 새워서 라도 그 과제를 해내는 게 저는 맞다고 생각을 합니다. 과거 제가 일해 온 경험을 보면 저는 혼자 있을 때 좀 더 창의적이었고 좀 더 좋은 결과를 내놨던 것 같습니다.","wordCount":194},"emotion":[],"intent":[{"text":"","expression":"","category":"attitude"}],"summary":{"text":"협업과 혼자 하는 것을 고르라고 하면 개인적으로 혼자 하는 작업을 더 선호합니다. 그 이유는 일에 대한 능률입니다. 혼자 일을 할 땐 시간을 마음대로 쓸 수 있기 때문에 일이 안 될 때는 쉬는게 낫고 일이 잘 될 때는 밤을 새서라도 그 과제를 해내는 게 맞다고 생각합니다. 과거 제가 일해 온 경험을 보면 혼자 있을 때 좀 더 창의적이었고 좀 더 좋은 결과를 내놨다면 좋았을 것 같습니다.","wordCount":65}}},"rawDataInfo":{"question":{"fileFormat":"wav","fileSize":401358,"duration":12540,"samplingBit":16,"channelCount":1,"samplingRate":"16kHz","audioPath":"/Mock/07.ProductionManufacturing/Male/New/ckmk_q_mm_m_n_182714.wav"},"answer":{"fileFormat":"wav","fileSize":2850638,"duration":89080,"samplingBit":16,"channelCount":1,"samplingRate":"16kHz","audioPath":"/Mock/07.ProductionManufacturing/Male/New/ckmk_a_mm_m_n_182714.wav"}}}