{"version":"1.0","dataSet":{"info":{"date":"20230116","occupation":"MM","channel":"MOCK","place":"ONLINE","gender":"MALE","ageRange":"45-54","experience":"NEW"},"question":{"raw":{"text":"다른 지원자들에 비해서 지원자님만의 특별한 차별성 장점이 있다면 그 장점을 저희에게 어필해 주시고 어떤 건지에 대해서도 한 번 말씀해 주시기 바랍니다","wordCount":21},"emotion":[],"intent":[]},"answer":{"raw":{"text":"어 모르겠습니다. 일단 다른 분들 상황을 이 어떤지 모르기 때문에 일단 제 상황만 말씀을 드리면 어 저는 나름의 경력을 갖고 있습니다. 물론 신입사원이니까 그 경력이란 것 역시 되게 뭐 일천할 것 같지는 않 같긴 하지만 저는 일단 이 분야에 대한 자격증을 최근에 취득을 하였고 저는 그 자격증을 어 한 번 정말로 그 실무에서 사용해 보고자 어 인턴 생활을 지금 현재 하고 있습니다. 어 비록 다른 직장인데 지금 현재 오 개월째 하고 있고 어 최종적으로 육 개월째가 그 인턴 기간이 종료되는 시점입니다. 저는 그곳에서 실제 자격증을 가지고 어 생산 라인을 운영해 봤고 돌려봤고 기계가 어 기계에 대한 정비의 라인에 대한 그 정비 및 보수까지도 어 경험을 하고 있습니다. 저는 현장에서 실제로 제가 딴 자격증을 가지고 어 이 프로그램을 운영해 봤으면 이거에 대한 정비 및 어 보수까지도 실제로 해 본 경험을 가지고 있습니다. 저는 저의 장점은 뭐 물론 회사에 저보다 더 훨씬 더 일을 오랫동안 전문가가 있겠지만 최소한 이 같이 저와 같이 지원한 이 분들과 중에는 경력을 갖고 있다 라고 말씀드리겠습니다.","wordCount":159},"emotion":[],"intent":[{"text":"저는 그곳에서 실제 자격증을 가지고 어 생산 라인을 운영해 봤고 돌려봤고 기계가 어 기계에 대한 정비의 라인에 대한 그 정비 및 보수까지도 어 경험을 하고 있습니다.","expression":"f_equip","category":"technology"},{"text":"저는 현장에서 실제로 제가 딴 자격증을 가지고 어 이 프로그램을 운영해 봤으면 이거에 대한 정비 및 어 보수까지도 실제로 해 본 경험을 가지고 있습니다.","expression":"f_equip","category":"technology"}],"summary":{"text":"생산 라인 운영, 기계에 대한 정비 및 보수 등 나름의 경력을 갖고 있으며, 저보다 더 많은 일을 오랫동안 전문가가 있겠지만 최소한 저와 같이 지원한 이 분들 중에는 경력을 갖고 있다 라고 말씀드리겠습니다.","wordCount":32}}},"rawDataInfo":{"question":{"fileFormat":"wav","fileSize":474638,"duration":14830,"samplingBit":16,"channelCount":1,"samplingRate":"16kHz","audioPath":"/Mock/07.ProductionManufacturing/Male/New/ckmk_q_mm_m_n_179359.wav"},"answer":{"fileFormat":"wav","fileSize":2816398,"duration":88010,"samplingBit":16,"channelCount":1,"samplingRate":"16kHz","audioPath":"/Mock/07.ProductionManufacturing/Male/New/ckmk_a_mm_m_n_179359.wav"}}}