{"version":"1.0","dataSet":{"info":{"date":"20230116","occupation":"MM","channel":"MOCK","place":"ONLINE","gender":"MALE","ageRange":"-34","experience":"NEW"},"question":{"raw":{"text":"요즘 지원자님이 공부하고 있는 것이 따로 있으실까요 만약 있으시다면 왜 그걸 공부하고 계신지 그리고 지금까지 무엇을 배우셨는지도 한 번 설명해 주세요","wordCount":21},"emotion":[],"intent":[]},"answer":{"raw":{"text":"네 요즘에는 제가 고등학교 시절 때 풀던 어 수능 수학 문제들을 문제집을 사서 풀고 있습니다. 아 그러는 이유는 제 인생에 있어서 가장 성공적인 경험을 했던 것이 어 수능을 잘 봐서 원하는 대학에 갔던 게 가장 좀 성공했던 경험 중에 최 최고로 큰 성공이 아닐까 하고 생각합니다. 어 그 수학 문제를 풀다 보면 그때 열심히 했을 때에 제 모습 그 그 시절로 돌아가는 것 같아서 음 기분이 참 좋구요. 어 또 수학 문제를 풀다 보면 명쾌하게 답이 나오는 어떤 그런 부분들이 재미있기 때문에 어 저는 시간이 남을 때마다 그리고 요즘 시간을 일부러 내서 수학 공부를 다시 하고 수학 문제집을 풀고 거기에 대해서 굉장히 어 보람을 느끼고 있습니다.","wordCount":106},"emotion":[{"text":"어 그 수학 문제를 풀다 보면   그때 열심히 했을 때에 제 모습 그 그 시절로 돌아가는 것 같아서   음 기분이 참 좋구요.","expression":"p-happiness","category":"positive"}],"intent":[{"text":"어 그 수학 문제를 풀다 보면   그때 열심히 했을 때에 제 모습 그 그 시절로 돌아가는 것 같아서   음 기분이 참 좋구요.","expression":"c_private","category":"background"}],"summary":{"text":"수능을 잘 봐서 원하는 대학에 갔던 것이 가장 큰 성공이 아닐까 생각합니다. 수학 문제를 풀다 보면 명쾌하게 답이 나오는 부분들이 재미있기 때문에 시간을 내어 수학 공부를 하고 문제집을 푸는 것에 보람을 느끼고 있습니다.","wordCount":33}}},"rawDataInfo":{"question":{"fileFormat":"wav","fileSize":616078,"duration":19250,"samplingBit":16,"channelCount":1,"samplingRate":"16kHz","audioPath":"/Mock/07.ProductionManufacturing/Male/New/ckmk_q_mm_m_n_173686.wav"},"answer":{"fileFormat":"wav","fileSize":2233038,"duration":69780,"samplingBit":16,"channelCount":1,"samplingRate":"16kHz","audioPath":"/Mock/07.ProductionManufacturing/Male/New/ckmk_a_mm_m_n_173686.wav"}}}