{"version":"1.0","dataSet":{"info":{"date":"20230116","occupation":"MM","channel":"MOCK","place":"ONLINE","gender":"MALE","ageRange":"45-54","experience":"NEW"},"question":{"raw":{"text":"지금까지 여러 대외 활동을 해 보셨을 텐데요 대외 활동에서 무엇을 배웠고 또 어떤 자세로 임했는지 말씀해 주십시오","wordCount":17},"emotion":[],"intent":[]},"answer":{"raw":{"text":"어 저는 전 직장에서 그 봉사 활동으로 어 도시락 배달 그 봉사 활동을 해 본 경험이 있습니다. 어 회사 주변에 있는 뭐 독거노인이나 어 불우 청소년들에게 어 저녁에 도시락을 이렇게 배달해 주는 서비스였는데 이것은 회사에서 지원하던 봉사활동이다 보니까 그 봉사 활동 하는 날은 회사를 좀 일찍 마칠 수가 있었습니다. 오후 네 시쯤 일을 마치고 그 해당 배급소에 가 가지고 도시락을 받아서 어 하루에 한 여덟 가정에서 한 열 두 가정 정도 그 도시락을 배달 해 주는 것이었는데 어 저는 처음엔 단순하게 그냥 직원들과 봉사 활동을 하고 나서 뭐 일을 마치고 나서 어울려서 뭐 맥주 한 잔 하는 뭐 이런 의미로 참여했던 것이 사실입니다. 하지만 이것을 꾸준히 계속 해오다 보니 그 뭐 어르신들과 그 아이들과 정이 쌓이게 됐고 오히려 이 봉사 활동을 함으로써 저는 어 좀 많은 것을 얻을 수 있었던 것 같습니다. 저는 일찍 부모님을 여의였는데 그 봉사 활동을 하면서 어르신들이 뭐 건네는 감사의 말씀이라든지 뭐 그분들이 건네는 뭐 조그마한 요구르트 하나를 받을 때 정말 어 이것이 사람이 같이 사는 그런 사회구나 서로 무언가 나눌 수 있는 게 어 소중하구나 하는 것을 느꼈기 때문에 저는 진심으로 봉사 활동에 참여하고 있습니다.","wordCount":180},"emotion":[{"text":"어 저는 전 직장에서 그 봉사 활동으로 어 도시락 배달 그 봉사 활동을 해 본 경험이 있습니다.","expression":"u-fact","category":"neutral"}],"intent":[{"text":"","expression":"","category":"attitude"}],"summary":{"text":"봉사 활동은 회사 주변의 독거노인이나 불우 청소년들에게 저녁에 도시락을 배달해 주는 서비스였는데, 이것을 꾸준히 해오다 보니 어르신들과 아이들과 정이 쌓이게 됐고 봉사 활동을 함으로써 더 많은 것을 얻을 수 있었습니다. 봉사 활동을 하면서 서로 무언가를 나눌 수 있는 것이 소중하구나 하는 것을 느꼈기 때문에 저는 진심으로 봉사 활동에 참여하고 있습니다.","wordCount":50}}},"rawDataInfo":{"question":{"fileFormat":"wav","fileSize":552078,"duration":17250,"samplingBit":16,"channelCount":1,"samplingRate":"16kHz","audioPath":"/Mock/07.ProductionManufacturing/Male/New/ckmk_q_mm_m_n_180784.wav"},"answer":{"fileFormat":"wav","fileSize":2864718,"duration":89520,"samplingBit":16,"channelCount":1,"samplingRate":"16kHz","audioPath":"/Mock/07.ProductionManufacturing/Male/New/ckmk_a_mm_m_n_180784.wav"}}}