{"version":"1.0","dataSet":{"info":{"date":"20230116","occupation":"MM","channel":"MOCK","place":"ONLINE","gender":"MALE","ageRange":"45-54","experience":"NEW"},"question":{"raw":{"text":"본인이 생각하시기에 단점이 있다면은 그것이 무엇인지 말씀해 주시고 그 단점을 보완하기 위해서 스스로 했던 노력이 있다면은 함께 설명해 주시길 바랍니다","wordCount":20},"emotion":[],"intent":[]},"answer":{"raw":{"text":"어 저희가 단점이 있다면 그 사람을 너무 그 믿기는 힘든데 한 번 믿기는 믿으면 너무 깊게 믿어서 어 그동안 뭐 돈도 많이 손해 봤고 기회도 많이 놓쳐 봤고 그래서 이거를 보완하기 보다는 일단 천성은 어쩔 수 없는 것 같아요. 보안하기보다는 저의 장점을 더 극대화시켜서 장점이 단점을 커버할 수 있게 그렇게 노력 그렇게 노력을 했던 것 같아요. 단점을 뭐 없앨려고 노력하고 이거는 너무 힘든 부분을 같고 저는 개인적으로 장점을 좀 극대화시켜서 단점을 보호조할 수 있는 보완할 수 있는 그런 방법으로 했던 것 같습니다. 이상입니다.","wordCount":83},"emotion":[],"intent":[{"text":"","expression":"","category":"attitude"}],"summary":{"text":"저는 장점을 극대화시켜 단점을 보완할 수 있는 방법으로 했습니다. 단점을 보완하기보다는 장점을 더 극대화시켜 단점이 단점을 커버할 수 있게 노력을 했던 것 같습니다.","wordCount":23}}},"rawDataInfo":{"question":{"fileFormat":"wav","fileSize":522318,"duration":16320,"samplingBit":16,"channelCount":1,"samplingRate":"16kHz","audioPath":"/Mock/07.ProductionManufacturing/Male/New/ckmk_q_mm_m_n_167438.wav"},"answer":{"fileFormat":"wav","fileSize":1785678,"duration":55800,"samplingBit":16,"channelCount":1,"samplingRate":"16kHz","audioPath":"/Mock/07.ProductionManufacturing/Male/New/ckmk_a_mm_m_n_167438.wav"}}}