{"version":"1.0","dataSet":{"info":{"date":"20230116","occupation":"MM","channel":"MOCK","place":"ONLINE","gender":"MALE","ageRange":"45-54","experience":"NEW"},"question":{"raw":{"text":"이제는 글로벌적으로 움직여야죠 글로벌 인재에게 필수인 요소는 어떤 거고 본인이 그것을 위해 노력했던 것이 무엇인지 자세하게 말씀을 해 주시기 바랍니다","wordCount":20},"emotion":[],"intent":[]},"answer":{"raw":{"text":"글로번 글로벌 인재에게 가장 필수적인 요소는 어 저는 언어라고 생각합니다. 그 뭐 각각의 어 여러 나라 언어를 구사할 수 있으면 더 좋겠지만 어 그거에 그렇지가 않다면 저는 영어를 꼽고 싶습니다. 어 요즘 당장 사무실에서 근무만 해도 외국에서 외국인으로부터 걸려오는 전화가 어 매우 많습니다. 어 외국에서 전화가 왔는데 그거에 대한 대응을 제가 못한다 라면 그건 정말 직장인으로서는 끔찍한 일이라고 생각을 합니다. 하다못해 요즘은 주문서라든지 공장의 기계에 대한 설명서까지도 모두가 다 영어로 되어 있습니다. 어 공장에서 근무를 하던 사무실에서 근무를 하던 외국인은 언제나 제 주변에 있습니다. 그들과 대화를 하고 소통을 해야지 업무를 진행시킬 수 있고 비즈니스를 할 수 있는데 뭐 말이 안 통해서 그것이 그것이 소통이 안되고 그 비즈니스가 이루어지지 않는다 라면 그것은 정말 글로벌 인재에게는 글로벌 인재가 되고픈 사람한테는 어 말도 안되는 일이라고 생각합니다. 그래서 저는 거의 세계 만국 공통어라고 쓸 수 있는 영어가 어 글로벌 인재에게는 어 기본적으로 갖추어야 될 소양이라고 저는 생각합니다.","wordCount":143},"emotion":[],"intent":[{"text":"","expression":"","category":"attitude"}],"summary":{"text":"글로벌 인재에게 가장 필수적인 요소는 영어로, 여러 나라 언어를 구사할 수 있다면 좋겠지만 그렇지 않다면 영어를 꼽고 싶습니다. 외국에서 걸려오는 전화에 대응이 안된다면 그것은 정말 끔찍한 일이며, 소통과 비즈니스가 이루어지지 않는다면 그것은 글로벌 인재가 되고픈 사람에게는 말도 안되는 일이라고 생각합니다.","wordCount":40}}},"rawDataInfo":{"question":{"fileFormat":"wav","fileSize":541198,"duration":16910,"samplingBit":16,"channelCount":1,"samplingRate":"16kHz","audioPath":"/Mock/07.ProductionManufacturing/Male/New/ckmk_q_mm_m_n_172644.wav"},"answer":{"fileFormat":"wav","fileSize":2743118,"duration":85720,"samplingBit":16,"channelCount":1,"samplingRate":"16kHz","audioPath":"/Mock/07.ProductionManufacturing/Male/New/ckmk_a_mm_m_n_172644.wav"}}}