{"version":"1.0","dataSet":{"info":{"date":"20230116","occupation":"MM","channel":"MOCK","place":"ONLINE","gender":"MALE","ageRange":"45-54","experience":"NEW"},"question":{"raw":{"text":"지원자님께서 스트레스를 받으며 어떻게 하시는지 왜 그러한 방법으로 스트레스를 해소하는지 지원자님만의 설명과 말씀해 주시겠습니까","wordCount":14},"emotion":[],"intent":[]},"answer":{"raw":{"text":"어 저는 스트레스를 받으면 스트레스를 풀기 위해서 어 오로지 저만의 시간을 좀 가질려고 노력을 하는 편입니다. 뭐 정말 간단하게는 그냥 어 혼자 커피숍에 가 가지고 그냥 저 혼자만의 시간을 갖습니다. 그냥 커피 한 잔 마시면서 어 지금 제가 하듯이 저 앞에 있는 스트레스에 대해서 아님 제 앞에 있는 문제에 대해서 생각하는 시간을 가집니다. 조금 더 여유가 된다고 그러면 저는 영화관에 갑니다. 제가 좋아하는 장르의 영화 내가 좋아하는 배우가 나오는 영화를 어 사람이 북적북적할 때가 가는 게 아니라 제일 한가한 시간에 조조 조조 시간 때나 아니면 한 평일 낮 시간에 혼자 가서 사람이 제일 주변에 없는 자리를 일부러 예매해서 그 자리에서 그냥 영화를 즐깁니다. 어 순수하게 영화를 볼 때도 있고 아니 영화를 보지만 뭐 다른 생각을 할 때도 있지만 저는 그냥 그 혼자 보내는 그 시간을 즐깁니다. 좀 더 시간이 남는다 그러면 전 낚시를 갑니다. 낚시를 가서 해가 진 강가에서 낚싯대를 드려 놓고 뭐 거기서 먹는 커피 한 잔 거기서 먹는 라면 한 그릇은 어 정말 저를 스트레스로부터 어 건져내주고 저 자체에게 힐링을 주는 시간입니다. 저는 뭐 혼자서 차를 마시거나 혼자서 영화를 보거나 혼자 낚시를 하면서 스트레스를 풉니다.","wordCount":177},"emotion":[],"intent":[{"text":"","expression":"","category":"attitude"}],"summary":{"text":"저는 스트레스를 받으면 혼자 커피 한 잔 하면서 저만의 시간을 갖습니다. 여유가 되면 영화관에 가서 좋아하는 영화를 봅니다. 시간이 남으면 낚시를 가서 낚시대를 드리운 후. 거기서 먹는 라면 한 그릇은 스트레스를 해소해주고 힐링을 주는 시간입니다.","wordCount":35}}},"rawDataInfo":{"question":{"fileFormat":"wav","fileSize":453198,"duration":14160,"samplingBit":16,"channelCount":1,"samplingRate":"16kHz","audioPath":"/Mock/07.ProductionManufacturing/Male/New/ckmk_q_mm_m_n_157241.wav"},"answer":{"fileFormat":"wav","fileSize":2737678,"duration":85550,"samplingBit":16,"channelCount":1,"samplingRate":"16kHz","audioPath":"/Mock/07.ProductionManufacturing/Male/New/ckmk_a_mm_m_n_157241.wav"}}}