{"version":"1.0","dataSet":{"info":{"date":"20230116","occupation":"MM","channel":"MOCK","place":"ONLINE","gender":"MALE","ageRange":"45-54","experience":"NEW"},"question":{"raw":{"text":"리스크 어서스먼트에 대해 설명해 보시겠습니까","wordCount":5},"emotion":[],"intent":[]},"answer":{"raw":{"text":"위험성 평가라는 것인데요. 이게 무엇이냐면 유해나 위험 요인을 파악하고 해당 유해나 위험 요인에 의한 부상 부상을 당할 수 있지 않습니까. 부상 또는 질병의 발생 가능성을 추정 결정하는 겁니다. 그래서 감소 대책을 수립해서 실행하는 어떤 그 일련의 과정들을 위험성 평가라고 합니다. 그렇다면 이 위험성 평가가 왜 필요하냐면 발생 가능한 사고 및 이러한 재해를 예방할 수 있구요. 그리고 무엇보다도 효율적인 안전 관리가 가능해 집니다. 그리고 현장 중심의 안전 관리 시스템을 구축할 수 있고요. 그리고 마지막으로 사업주에게는 포괄적인 재해 예방 의무 확보가 되는데 이것을 위험성 평가를 통해서 구축할 수가 있습니다.","wordCount":87},"emotion":[],"intent":[{"text":"","expression":"","category":"attitude"}],"summary":{"text":"위험성 평가를 통해 발생 가능한 사고 및 재해를 예방할 수 있고, 현장 중심의 안전 관리 시스템을 구축할 수 있으며, 사업주에게는 포괄적인 재해 예방 의무 확보를 할 수 있습니다.","wordCount":28}}},"rawDataInfo":{"question":{"fileFormat":"wav","fileSize":243278,"duration":7600,"samplingBit":16,"channelCount":1,"samplingRate":"16kHz","audioPath":"/Mock/07.ProductionManufacturing/Male/New/ckmk_q_mm_m_n_176921.wav"},"answer":{"fileFormat":"wav","fileSize":2108878,"duration":65900,"samplingBit":16,"channelCount":1,"samplingRate":"16kHz","audioPath":"/Mock/07.ProductionManufacturing/Male/New/ckmk_a_mm_m_n_176921.wav"}}}