{"version":"1.0","dataSet":{"info":{"date":"20230116","occupation":"MM","channel":"MOCK","place":"ONLINE","gender":"MALE","ageRange":"45-54","experience":"NEW"},"question":{"raw":{"text":"안전 보건 분야에서 많이 사용하고 있는 리스크 어세스먼트에 대해서 개념 및 필요성 등 자 자세하게 설명해 주세요","wordCount":17},"emotion":[],"intent":[]},"answer":{"raw":{"text":"네 위험성 평가에 대해서는 잘 알고 있습니다. 위험성 평가라는 것은 유해나 위험 요인을 파악해서 해당 유해나 위험 요인에 대한 부상 또는 질병의 발생 가능성과 중대성을 추정해 보고요 또 결정을 하고 그 감소 대책을 수립해서 실행하는 그러한 일련의 과정을 얘기합니다. 이게 왜 필요하냐면요. 안전사고 및 건강 상에 사전 예방 기능 강화가 되고요. 발생 가능한 사공이 재해를 예측할 수 있고요. 효율적인 안전 관리가 가능합니다. 그리고 현장 중심의 안전관리 시스템을 구축할 수 있습니다. 물론 사업주의 포괄적 재해 예방 의무 확보에도 아주 중요한 요소로 작용하고 있습니다.","wordCount":82},"emotion":[{"text":"위험성 평가라는 것은 유해나 위험 요인을 파악해서   해당 유해나 위험 요인에 대한 부상 또는 질병의 발생 가능성과   중대성을 추정해 보고요 또 결정을 하고 그 감소 대책을 수립해서 실행하는 그러한 일련의 과정을 얘기합니다.","expression":"u-fact","category":"neutral"}],"intent":[{"text":"","expression":"","category":"attitude"}],"summary":{"text":"위험성 평가는 유해나 위험 요인을 파악해 부상이나 질병의 발생 가능성과 중대성을 추정하고 그 감소 대책을 수립해서 실행하는 일련의 과정입니다. 이는 안전사고 및 건강 상의 사전 예방 기능 강화, 재해 예측, 효율적 안전 관리가 가능합니다.","wordCount":34}}},"rawDataInfo":{"question":{"fileFormat":"wav","fileSize":463758,"duration":14490,"samplingBit":16,"channelCount":1,"samplingRate":"16kHz","audioPath":"/Mock/07.ProductionManufacturing/Male/New/ckmk_q_mm_m_n_172605.wav"},"answer":{"fileFormat":"wav","fileSize":2184078,"duration":68250,"samplingBit":16,"channelCount":1,"samplingRate":"16kHz","audioPath":"/Mock/07.ProductionManufacturing/Male/New/ckmk_a_mm_m_n_172605.wav"}}}