{"version":"1.0","dataSet":{"info":{"date":"20230116","occupation":"MM","channel":"MOCK","place":"ONLINE","gender":"MALE","ageRange":"45-54","experience":"NEW"},"question":{"raw":{"text":"회사에 들어와서 선배를 만나게 되면 어떤 모습의 선배를 만나고 싶으세요 그리고 그런 것을 원하시는 이유도 같이 말씀해 주세요","wordCount":18},"emotion":[],"intent":[]},"answer":{"raw":{"text":"만약 제가 입사를 해서 어 선배를 만나게 된다면 제가 만나고 싶은 선배는 어 인간적인 매력을 가진 따뜻한 선배입니다. 어 조직 내에서도 경쟁을 해야 되는 회사지만 어 저는 그런 선배를 만나고 싶고 그런 선배의 모습은 제가 되고 싶은 어 저의 모습이기도 합니다. 솔직히 유 어 요즘 보면 오히려 가정에서보다 회사에서 가족보다 회사에서 지내는 동료와 보내는 시간이 더 많다고 해도 저는 과언이 아니라고 생각을 합니다. 일을 하면서 내 내 옆사람 나랑 같이 있는 사람을 동료가 아닌 적으로 또는 뭐 경쟁작으로 경쟁자로 가야 한다면 저는 회사 생활이 많이 좀 고달플 것 같습니다. 너무 제가 꿈같은 얘기를 하고 있는 건지 모르겠지만 힘들고 어려울 때 이렇게 끌어주고 다독여주고 어 나를 이렇게 감싸줄 수 있는 그런 사람이 있다면 저는 정말 회사 생활이 즐거울 것 같습니다. 어 아침에 일어나서 어 가기 싫은 회사가 아니라 아침에 일어나서 어 내 동료를 어 나를 좋아라 하는 내가 좋아하는 사람을 만나러 가는 그런 시간이 됐으면 합니다.","wordCount":145},"emotion":[],"intent":[{"text":"","expression":"","category":"attitude"}],"summary":{"text":"조직 내에서도 경쟁해야 되는 회사이지만, 저는 그런 선배를 만나고 싶습니다. 요즘 보면 가정에서보다 회사에서 보내는 동료와 보내는 시간이 더 많다고 생각합니다. 힘들고 어려울 때 끌어주고 다독여주고 나를 감싸줄 수 있는 사람이 있다면 회사 생활이 즐거울 것 같습니다.","wordCount":37}}},"rawDataInfo":{"question":{"fileFormat":"wav","fileSize":350798,"duration":10960,"samplingBit":16,"channelCount":1,"samplingRate":"16kHz","audioPath":"/Mock/07.ProductionManufacturing/Male/New/ckmk_q_mm_m_n_172683.wav"},"answer":{"fileFormat":"wav","fileSize":2879438,"duration":89980,"samplingBit":16,"channelCount":1,"samplingRate":"16kHz","audioPath":"/Mock/07.ProductionManufacturing/Male/New/ckmk_a_mm_m_n_172683.wav"}}}