{"version":"1.0","dataSet":{"info":{"date":"20230116","occupation":"MM","channel":"MOCK","place":"ONLINE","gender":"MALE","ageRange":"45-54","experience":"NEW"},"question":{"raw":{"text":"지원자께서는 일을 하면서 가장 어려울 것으로 예상되는 것은 무엇인지 궁금합니다 그리고 그에 어떻게 대처할 생각이신지도 같이 말씀해 주시겠습니까","wordCount":18},"emotion":[],"intent":[]},"answer":{"raw":{"text":"일을 하면서 가벼야 가장 어려울 것으로 예상되는 것은 일단 소비자의 니즈에 맞춰서 마케팅이나 홍보를 진행하는 부분이 언제 다 그렇지 가장 어려운 부분이 있고 어 그런 부분은 일단 이 마케팅 하는 사람들이 제품에 대해서 완벽하게 이해를 해야 됩니다. 제품의 개발부터 시작해서 제조 생산 뭐 포장 유통까지 그리고 회사의 어떤 조직적 조직의 구조나 성격 모든 것을 다 꿰뚫고 있어야 제대로 된 마케팅과 홍보를 할 수 있을 거라 생각이 되고 어 저는 고객 니즈 고객의 니즈에 맞추려면 이거 이것들을 기본적으로 다 익힌 후에 그다음에 시장 조사와 다른 것들을 진행해야 된다고 저는 그렇게 생각하고 있습니다. 이상입니다.","wordCount":92},"emotion":[],"intent":[{"text":"","expression":"","category":"attitude"}],"summary":{"text":"고객의 니즈에 맞추기 위해서는 마케팅 하는 사람들이 제품의 개발부터 제조 생산, 포장 유통, 회사의 조직적 구조나 성격을 전부 꿰뚫어 보고 이 제품들을 기본적으로 다 익힌 후에 시장 조사와 다른 것들을 진행해야 합니다.","wordCount":32}}},"rawDataInfo":{"question":{"fileFormat":"wav","fileSize":527438,"duration":16480,"samplingBit":16,"channelCount":1,"samplingRate":"16kHz","audioPath":"/Mock/07.ProductionManufacturing/Male/New/ckmk_q_mm_m_n_167439.wav"},"answer":{"fileFormat":"wav","fileSize":2077518,"duration":64920,"samplingBit":16,"channelCount":1,"samplingRate":"16kHz","audioPath":"/Mock/07.ProductionManufacturing/Male/New/ckmk_a_mm_m_n_167439.wav"}}}