{"version":"1.0","dataSet":{"info":{"date":"20230116","occupation":"MM","channel":"MOCK","place":"ONLINE","gender":"MALE","ageRange":"-34","experience":"NEW"},"question":{"raw":{"text":"살면서 가장 힘들었던 점이 있을 것 같습니다 그 점을 극복하기 위해서 어떠한 노력을 해 왔는지 저에게 말씀해 주실 수 있으신가요","wordCount":20},"emotion":[],"intent":[]},"answer":{"raw":{"text":"살면서 가장 힘들었던 점이 무엇입니까 또 그 점을 극복하기 위해 어떤 노력을 해 왔는지 궁금하다고 그렇게 질문을 해 주셨는데요. 어 살면서 가장 힘들었던 점은 어 살면서 되게 힘들었던 점들이 굉장히 많았지만 가장 힘들었던 점은 인제 제가 대학을 가기 위해서 어 입시를 하기 위해서 수능 공부를 했던 것이 생각납니다. 왜냐하면 저는 일반 고등학교를 나오지 않았고 특성화고를 나왔기 때문에 이제 거기서 원래 취업을 할라고 맨 처음에 생각을 하고 있었기 때문에 고등학교 일 학년 이 학년 중반까지는 어 취업에 대한 고민만 하면서 그 안 취업만 준비했었는데 인제 갑자기 체대를 가고 싶다고 생각이 바뀌면서 체대 공부를 했습니다. 그런데 그 공부를 하면서 굉장히 힘들었고 어 남들보다 늦게 시작한 게 맞기 때문에 굉장히 힘들었지만 이것을 극복하기 위해 더 열심히 하고 남들보다 빨리 일어나서 더 많은 공부량을 할려고 노력을 했습니다. 그렇기 때문에 대학교를 붙고 굉장히 좋은 기회들이 많이 있었다고 생각하고 그런 식으로 극복을 하려고 노력을 했습니다.","wordCount":139},"emotion":[],"intent":[{"text":"왜냐하면 저는   일반 고등학교를 나오지 않았고 특성화고를 나왔기 때문에 이제 거기서 원래 취업을 할라고 맨 처음에 생각을 하고 있었기 때문에   고등학교 일 학년 이 학년 중반까지는 어 취업에 대한 고민만 하면서 그 안   취업만 준비했었는데 인제 갑자기 체대를 가고 싶다고 생각이 바뀌면서   체대 공부를 했습니다.","expression":"c_private","category":"background"}],"summary":{"text":"살면서 가장 힘들었던 점은 입시를 하기 위해서 수능 공부를 했던 것입니다. 처음에는 취업만 준비했다가 체대를 가기로 결심했기 때문입니다. 그래서 남들보다 늦게 시작한 게 맞기 때문에 더 열심히 하고 빨리 일어나기 위해 더 많은 공부량을 할려고 노력했습니다.","wordCount":36}}},"rawDataInfo":{"question":{"fileFormat":"wav","fileSize":436558,"duration":13640,"samplingBit":16,"channelCount":1,"samplingRate":"16kHz","audioPath":"/Mock/07.ProductionManufacturing/Male/New/ckmk_q_mm_m_n_167288.wav"},"answer":{"fileFormat":"wav","fileSize":2624078,"duration":82000,"samplingBit":16,"channelCount":1,"samplingRate":"16kHz","audioPath":"/Mock/07.ProductionManufacturing/Male/New/ckmk_a_mm_m_n_167288.wav"}}}