{"version":"1.0","dataSet":{"info":{"date":"20230116","occupation":"MM","channel":"MOCK","place":"ONLINE","gender":"MALE","ageRange":"-34","experience":"NEW"},"question":{"raw":{"text":"어떤 문제에 부딪쳤을 때 혼자 해결하는 편이신가요 아니면 여러 사람들에게 이야기를 하면서 해결을 하는 편이신가요","wordCount":15},"emotion":[],"intent":[]},"answer":{"raw":{"text":"저는 어떤 문제에 부딪쳤을 때 어 혼자 해결하는 편도 아니고 바로 사람들에게 이야기를 하는 편도 아닌 딱 정확한 딱 중간인 것 같습니다. 하지만 어 어떤 문제에 부딪쳤을 때 둘 중에 하나를 보러 자면 어 우선은 혼자 해결을 할려고 하는 편인 것 같습니다. 왜냐하면 혼자 해결할 수 있는 부분도 있는데 그런 부분들을 여러 사람들에게 말하는 것이 어 옳은 행동일까 라는 생각을 많이 했고 어 그렇게 하다 보면 저의 자립심이 떨어질 수 있다고 생각을 하고 있기 때문에 항상 어떤 어떤 문제에 부딪쳤을 경우에 혼자 해결할려고 노력을 하는 것 같습니다. 어 그렇게 해서도 해결이 되지 않는 부분은 여러 사람들에게 조언을 구하면서 어 문제를 해결해 나가고 있고 항상 어떤 문제가 같이 더하고 책임감을 가지고 그 문제를 해결하기 위해서 최선을 다하고 있습니다. 이런 부분들이 회사에도 되게 긍정적인 영향을 미칠 수 있을 거라고 생각하고 최선을 다하는 신입 사원이 되도록 하겠습니다.","wordCount":134},"emotion":[],"intent":[{"text":"","expression":"","category":"attitude"}],"summary":{"text":"저는 어떤 문제에 부딪쳤을 때 혼자 해결하는 편도 아니고 사람들과 이야기를 하는 편도 아닌 딱 정확한 중간인 것 같습니다. 하지만 어떤 문제에 닿았을 때 우선은 혼자 해결을 할려고 하는 편입니다. 이런 부분들이 회사에도 긍정적인 영향을 미칠 수 있을 것이라 생각하고 최선을 다하는 신입 사원이 되도록 하겠습니다.","wordCount":46}}},"rawDataInfo":{"question":{"fileFormat":"wav","fileSize":561358,"duration":17540,"samplingBit":16,"channelCount":1,"samplingRate":"16kHz","audioPath":"/Mock/07.ProductionManufacturing/Male/New/ckmk_q_mm_m_n_183920.wav"},"answer":{"fileFormat":"wav","fileSize":2869838,"duration":89680,"samplingBit":16,"channelCount":1,"samplingRate":"16kHz","audioPath":"/Mock/07.ProductionManufacturing/Male/New/ckmk_a_mm_m_n_183920.wav"}}}