{"version":"1.0","dataSet":{"info":{"date":"20230116","occupation":"MM","channel":"MOCK","place":"ONLINE","gender":"MALE","ageRange":"35-44","experience":"NEW"},"question":{"raw":{"text":"스터디를 따로 하고 계신 것이 있다면 어떤 공부인지 왜 하고 계신지 말씀해 주세요","wordCount":13},"emotion":[],"intent":[]},"answer":{"raw":{"text":"네 저는 뭐 전문적이진 않지만 지금 한국사에 대해서 좀 공부를 하고 있습니다. 시간 날 때마다 틈틈이 책도 읽고 도서관도 가고 하고 있는데 어 제가 한국사를 공부하는 이유가 있다면 어 물론 한국인이니까 한국의 역사에 대해서 잘 알고 있는 게 좋겠다 라는 생각도 들고 어 무엇보다 그 한국사를 배우고 그 역사를 배우면서 알아갈 때 그 과정이 참 재미있고 그 지난날 과거를 안다 라는 것이 중요하게 저한테는 여겨져서 어 한국사 공부를 좀 열심히 하려고 하고 있습니다. 어 요즘에는 또 인강도 있고 유튜브도 많기 때문에 어 그런 걸 보면서 공부하면 굉장히 좀 시간을 어 드라마나 뭐 영화 보는 것처럼 편하게 시간을 보내면서 공부도 할 수 있어서 저는 그런 점이 매우 좋아서 그렇게 공부하고 있습니다.","wordCount":110},"emotion":[{"text":"시간 날 때마다 틈틈이 책도 읽고   도서관도 가고 하고 있는데 어 제가 한국사를 공부하는 이유가 있다면 어 물론 한국인이니까 한국의 역사에 대해서 잘 알고 있는 게 좋겠다 라는 생각도 들고 어 무엇보다 그 한국사를   배우고 그 역사를 배우면서 알아갈 때 그 과정이 참 재미있고   그 지난날 과거를 안다 라는 것이 중요하게 저한테는 여겨져서 어 한국사 공부를 좀 열심히 하려고 하고 있습니다.","expression":"p-interest","category":"positive"}],"intent":[{"text":"시간 날 때마다 틈틈이 책도 읽고   도서관도 가고 하고 있는데 어 제가 한국사를 공부하는 이유가 있다면 어 물론 한국인이니까 한국의 역사에 대해서 잘 알고 있는 게 좋겠다 라는 생각도 들고 어 무엇보다 그 한국사를   배우고 그 역사를 배우면서 알아갈 때 그 과정이 참 재미있고   그 지난날 과거를 안다 라는 것이 중요하게 저한테는 여겨져서 어 한국사 공부를 좀 열심히 하려고 하고 있습니다.","expression":"c_imp","category":"personality"}],"summary":{"text":"저는 전문적이지는 않지만 한국인으로서 한국의 역사에 대해 알고 싶은 마음, 지난 날 과거를 안다 라는 것이 중요하게 여겨져서 한국사 공부를 열심히 하고 있습니다. 최근엔 인강, 유튜브도 많아서 드라마나 영화처럼 편하게 공부할 수 있어서 열심히 공부하고 있습니다.","wordCount":36}}},"rawDataInfo":{"question":{"fileFormat":"wav","fileSize":294158,"duration":9190,"samplingBit":16,"channelCount":1,"samplingRate":"16kHz","audioPath":"/Mock/07.ProductionManufacturing/Male/New/ckmk_q_mm_m_n_160054.wav"},"answer":{"fileFormat":"wav","fileSize":2340558,"duration":73140,"samplingBit":16,"channelCount":1,"samplingRate":"16kHz","audioPath":"/Mock/07.ProductionManufacturing/Male/New/ckmk_a_mm_m_n_160054.wav"}}}