{"version":"1.0","dataSet":{"info":{"date":"20230116","occupation":"MM","channel":"MOCK","place":"ONLINE","gender":"MALE","ageRange":"45-54","experience":"NEW"},"question":{"raw":{"text":"네 커뮤니케이션을 잘 할 수 있는 지원자님만의 스킬이 있는지요 어 있다면 어떤 스킬을 가지고 계신지 한 번 소개시켜 주시면 좋겠구요 어 직접 한번 보여주시면 더 좋겠습니다","wordCount":26},"emotion":[],"intent":[]},"answer":{"raw":{"text":"저는 커뮤니케이션을 하기 위해서는 굉장한 노력이 많이 필요하다고 생각합니다. 때로는 성격도 조금씩 바꿔야 되고요. 화법도 바꿔야 되고요. 굉장히 많은 노력을 해야 됩니다. 물론 눈치도 있어야 됩니다. 그래서 이러한 여러 가지 것들을 수행하기 위해서는 지식이 있어야 됩니다. 그러기 위해서 드라마도 봐야 되고요. 유튜브도 봐야 되고요. 시사에 대한 문제도 생각해야 되고 그리고 가장 유명하다는 책 정도는 읽어서 지식을 축적해 놔야 됩니다. 그래 그래서 어떤 화제가 나오더라도 거기에 대해서는 전문 지식은 아니지만 그래도 어느 정도의 대화가 오갈 수 있는 수준은 만들어 놔서 티키타카를 하는 그런 어떤 대화를 해 나가야지만이 커뮤니케이션을 잘 할 수 있다고 저는 생각합니다.","wordCount":93},"emotion":[],"intent":[{"text":"","expression":"","category":"attitude"}],"summary":{"text":"커뮤니케이션을 잘 하기 위해서는 성격, 화법, 눈치 등 많은 노력이 필요합니다. 이를 위해서는 지식도 있어야 하고, 시사에 대한 문제도 생각해야 하며, 유명한 책 정도는 읽어서 어느 정도의 대화가 오갈 수 있는 수준은 만들어 놓아야 합니다.","wordCount":35}}},"rawDataInfo":{"question":{"fileFormat":"wav","fileSize":476878,"duration":14900,"samplingBit":16,"channelCount":1,"samplingRate":"16kHz","audioPath":"/Mock/07.ProductionManufacturing/Male/New/ckmk_q_mm_m_n_176920.wav"},"answer":{"fileFormat":"wav","fileSize":1928398,"duration":60260,"samplingBit":16,"channelCount":1,"samplingRate":"16kHz","audioPath":"/Mock/07.ProductionManufacturing/Male/New/ckmk_a_mm_m_n_176920.wav"}}}