{"version":"1.0","dataSet":{"info":{"date":"20230116","occupation":"MM","channel":"MOCK","place":"ONLINE","gender":"MALE","ageRange":"45-54","experience":"NEW"},"question":{"raw":{"text":"지원자님께서는 태어나서 지금까지 한 일들 가운데 가장 후회했던 일이 무엇인가요 한 가지만 골라서 말씀 부탁드리겠습니다","wordCount":15},"emotion":[],"intent":[]},"answer":{"raw":{"text":"어 태어나서 여태까지 제가 가장 후회되는 일 반성되는 안타까운 일이라면 어 그것은 제가 돌아가신 아버님과 좀 더 가깝게 못 지냈던 일입니다. 어 저는 사십 대 초반에 어 아버님을 여의고 어 육 개월 뒤 어머님을 여의였습니다. 어 저는 그 이 남 일 녀의 막내였는데 지금 생각해보면 어머님과는 그래도 여러 가지 추억이 있습니다. 같이 뭐 맛집도 가고 쇼핑도 가고 뭐 여행도 다녔던 경우 기억이 추억이 있는 반면 저는 스무 살 이후로 아버님과 뭐 같이 뭐 술을 한 잔 했다 라든지 둘이 어디 여행을 갔다 라든지 이런 경험이 전혀 없습니다. 물론 어렸을 때 가족이 다 함께 뭐 놀이동산을 가고 이런 경험은 있지만 저는 스무 살 이후로 아버님과 무엇을 단둘이서 해 본 기억이 전혀 없는 겁니다. 막상 부모님이 아버님이 돌아가시고 나서 그것이 너무나 후회되고 안타까웠습니다. 어 그때 제가 좀 더 아버님과 가깝게 지내고 어 좀 더 아버지한테 친근하게 다가갔다라면 지금 이런 미련은 제 마음속에 있지 않을 것입니다. 어 항상 지금도 아버님을 생각할 때마다 그 일이 마음에 걸리고 저한테는 어 마음의 바위가 얹어 있는 것처럼 참 무겁고 힘든 어 상황을 저한테 안겨줍니다.","wordCount":167},"emotion":[],"intent":[{"text":"어 저는 사십 대 초반에 어 아버님을 여의고 어 육 개월 뒤 어머님을 여의였습니다.","expression":"c_private","category":"background"},{"text":"어 저는 그 이 남   일 녀의 막내였는데 지금 생각해보면 어머님과는 그래도 여러 가지 추억이 있습니다.","expression":"c_private","category":"background"}],"summary":{"text":"저는 아버님과 단둘이서 여행을 한 경험이 전혀 없습니다. 아버님이 돌아가시고 나서 제가 좀 더 아버님에게 친근하게 다가갔다면 지금 이런 미련은 제 마음속에 있지 않을 것입니다. 지금도 아버님을 생각하면 그 일이 마음에 걸리고 저한테 힘든 상황을 안겨줍니다.","wordCount":36}}},"rawDataInfo":{"question":{"fileFormat":"wav","fileSize":371278,"duration":11600,"samplingBit":16,"channelCount":1,"samplingRate":"16kHz","audioPath":"/Mock/07.ProductionManufacturing/Male/New/ckmk_q_mm_m_n_172688.wav"},"answer":{"fileFormat":"wav","fileSize":2919118,"duration":91220,"samplingBit":16,"channelCount":1,"samplingRate":"16kHz","audioPath":"/Mock/07.ProductionManufacturing/Male/New/ckmk_a_mm_m_n_172688.wav"}}}