{"version":"1.0","dataSet":{"info":{"date":"20230116","occupation":"MM","channel":"MOCK","place":"ONLINE","gender":"MALE","ageRange":"45-54","experience":"NEW"},"question":{"raw":{"text":"만약 이직을 생각하는 동료를 만나게 된다면 뭐라고 말씀하시겠습니까 왜 그렇게 말씀을 하실지도 자세하게 설명해 주시기 바랍니다","wordCount":16},"emotion":[],"intent":[]},"answer":{"raw":{"text":"이직을 고민하는 동료를 만나게 된다면 이런 말을 해주고 싶습니다. 이직을 할 때 대부분 세 가지 정도의 이유를 원인 때문에 이직을 하게 됩니다. 일반적으로는 월급에 많고 적음 두 번째로는 회사의 비전이 있고 없음 마지막으로는 회사의 분위기가 좋고 나쁨입니다. 특히 월급이 적더라도 회사의 비전이 있다면 혹은 비전은 없지만 월급을 많이 준다면 좀 더 다닐 수 있는 서로가 서로 상호 보완적인 부분이 있다가 있습니다. 하지만 아무리 월급이 많고 회사의 비전이 있다 할지라도 회사의 분위기 즉 상사와의 인간 관계 팀원들과의 인간 관계가 나쁘다면 하루하루 출근하는 해서 업무를 처리하는 부분 나를 나날들이 숨 막히는 하루하루가 될 것입니다. 따라서 월급이 아무리 많더라도 회사의 비전이 아무리 있더라도 인간 관계가 좋지 않으면 오래 버티지 못하고 본인에게도 손해인 경우를 많이 보아 왔습니다. 따라서 그러한 경우라면 좀 더 나은 따른 곳을 찾아보는 것도 나쁘지 않다고 설명해 주고 싶습니다.","wordCount":128},"emotion":[],"intent":[{"text":"","expression":"","category":"attitude"}],"summary":{"text":"월급에 많고 적음, 회사의 비전이 없음, 회사의 분위기가 좋고 나쁨의 세 가지 이유로 이직을 하는 경우라면 회사 분위기가 좋지 않으면 오래 버티지 못하고 본인에게도 손해인 경우를 많이 보아 왔기 때문에 좀 더 나은 곳을 찾아보는 것도 나쁘지 않습니다.","wordCount":38}}},"rawDataInfo":{"question":{"fileFormat":"wav","fileSize":414158,"duration":12940,"samplingBit":16,"channelCount":1,"samplingRate":"16kHz","audioPath":"/Mock/07.ProductionManufacturing/Male/New/ckmk_q_mm_m_n_157230.wav"},"answer":{"fileFormat":"wav","fileSize":2787918,"duration":87120,"samplingBit":16,"channelCount":1,"samplingRate":"16kHz","audioPath":"/Mock/07.ProductionManufacturing/Male/New/ckmk_a_mm_m_n_157230.wav"}}}