{"version":"1.0","dataSet":{"info":{"date":"20230116","occupation":"MM","channel":"MOCK","place":"ONLINE","gender":"MALE","ageRange":"45-54","experience":"NEW"},"question":{"raw":{"text":"열심히는 하고 있지만 지원자님이 원하시는 만큼 따라오지 못하는 팀 동료들이 있을 수 있습니다 이럴 때 지원자님은 어떻게 하실 건가요","wordCount":19},"emotion":[],"intent":[]},"answer":{"raw":{"text":"어 회사는 솔직히 말해서 어 경쟁 사회라고 생각합니다. 어 서로가 서로를 견제하고 서로가 서로를 앞서 나가기 위해서 노력함으로써 그 회사 역시 발전이 있는 거라고 생각을 합니다. 제가 소속원인데 제 동료가 못 쫓아온다 라고 하면 저는 어 함께 끌고래도 가겠습니다. 어 모두 어떤 일을 새로운 일을 할 때 모두 똑같이 그 일에 능숙해질수는 없다 라고 생각을 합니다. 개인에 따라서 좀 편차가 생길 수도 있고 어떤 부분에 대해서는 내가 아 다른 종료 직원보다 앞설 수 있지만 반대로 또 어떤 일에 대해서는 저보다 그 뒤처진 직원이 앞설 수 있기 때문에 각각의 개성이고 각각의 소질이 있기 때문에 저는 일단은 어 같이 끌고 가야 되는 게 조직원으로서 같은 동료로서의 도리라고 생각합니다. 그런데 개인적으로 제가 만약에 팀장의 입장이라면 조금은 다르게 생각할 수도 있을 것 같습니다. 제가 만약 팀장인데 그 못 쫓아오는 직원이 있고 그것으로 인해서 프로젝트를 하는데 진행이 좀 힘든 상황이라면 어 저는 팀장으로서 그 조직을 책임지고 그 프로젝트를 완수해야 되기 때문에 그런 경우 저는 이 어 그 직원을 배제시킬 것 같습니다.","wordCount":156},"emotion":[],"intent":[{"text":"어 서로가 서로를 견제하고 서로가 서로를   앞서 나가기 위해서 노력함으로써 그 회사 역시 발전이 있는 거라고 생각을 합니다.","expression":"c_value","category":"background"}],"summary":{"text":"경쟁 사회라 서로를 견제하고 앞서 나가기 위해 노력해야 회사도 발전이 있는 것 같습니다. 제가 소속원인데 동료가 못 쫓아온다 라고 하면 함께 끌고라도 가겠습니다. 모두 똑같은 일에 능숙해질수는 없고 각자의 개성이고 각각의 소질이 있기 때문에 같이 끌고 가는 것이 같은 동료로서의 도리라고 생각합니다.","wordCount":42}}},"rawDataInfo":{"question":{"fileFormat":"wav","fileSize":561678,"duration":17550,"samplingBit":16,"channelCount":1,"samplingRate":"16kHz","audioPath":"/Mock/07.ProductionManufacturing/Male/New/ckmk_q_mm_m_n_172577.wav"},"answer":{"fileFormat":"wav","fileSize":2649038,"duration":82780,"samplingBit":16,"channelCount":1,"samplingRate":"16kHz","audioPath":"/Mock/07.ProductionManufacturing/Male/New/ckmk_a_mm_m_n_172577.wav"}}}