{"version":"1.0","dataSet":{"info":{"date":"20230116","occupation":"MM","channel":"MOCK","place":"ONLINE","gender":"MALE","ageRange":"45-54","experience":"NEW"},"question":{"raw":{"text":"만약 일을 하다가 팀원과 불화가 생기게 되었습니다 이때 어떻게 해결하실지 해결 방법과 그렇게 해결하실 이유를 말씀해 주세요","wordCount":17},"emotion":[],"intent":[]},"answer":{"raw":{"text":"협업을 하고 프로젝트를 하다보면 불안은 생길 수 밖에 없습니다. 왜냐하면 능력이 다 다르니까요. 능력이 다르다는 것은 생각하는 부분도 다를 수 있다 다를 수 있다고 저는 생각합니다. 그러다보니 의견 충돌이 충분히 있습니다. 그러면 자 여기서 어떻게 문제제를 해결해야 할까요. 그것은 굉장히 많은 대화가 오고 가야 합니다. 그리고 거기에는 솔직함이 필요합니다. 솔직함을 바탕으로 한 대화가 이루어질 때 분명히 거기에는 해결점이 있습니다. 하지만 자기가 속을 보이지 않고 다가선다면 그건 가식일 수 밖에 없습니다. 그러한 부분에서 나오는 대화들은 분명 상대방도 알아차릴 수가 있습니다. 그러한 이유로 문제 해결을 하기 위해서는 솔직함으로 다가서는 그런 모습이 가장 중요하다고 저는 생각합니다.","wordCount":93},"emotion":[],"intent":[{"text":"","expression":"","category":"attitude"}],"summary":{"text":"협업과 프로젝트는 의견 충돌이 충분히 발생합니다. 문제 해결을 위해서는 많은 대화가 오고 가야 하고, 그 속에는 솔직함이 필요합니다. 솔직함을 바탕으로 한 대화가 이루어질 때 분명 해결점이 있습니다. 문제해결을 위해서는 솔직함으로 다가서는 모습이 가장 중요합니다.","wordCount":34}}},"rawDataInfo":{"question":{"fileFormat":"wav","fileSize":367438,"duration":11480,"samplingBit":16,"channelCount":1,"samplingRate":"16kHz","audioPath":"/Mock/07.ProductionManufacturing/Male/New/ckmk_q_mm_m_n_176697.wav"},"answer":{"fileFormat":"wav","fileSize":2039118,"duration":63720,"samplingBit":16,"channelCount":1,"samplingRate":"16kHz","audioPath":"/Mock/07.ProductionManufacturing/Male/New/ckmk_a_mm_m_n_176697.wav"}}}