{"version":"1.0","dataSet":{"info":{"date":"20230116","occupation":"MM","channel":"MOCK","place":"ONLINE","gender":"MALE","ageRange":"45-54","experience":"NEW"},"question":{"raw":{"text":"지원자께서는 그동안 속해 있었던 조직 단체 속에서 주로 어떠한 역할을 했었던 사람이었는지 들어보고 싶습니다 말씀해 주시겠습니까","wordCount":16},"emotion":[],"intent":[]},"answer":{"raw":{"text":"어 저는 어떤 조직이나 단체 뭐 이제 뭐 공적인 것도 좋고 아니면 뭐 친구 사이들끼리 사적인 것도 좋고 그런 조직이나 단체 속에서 약간 좀 중간자적 역할을 하는 것을 어 주로 해왔던 것 같습니다. 저는 굳이 남 앞에 나서는 것을 그렇게 조 좋아하지 않습니다. 뭐 예를 들어서 학교에서 무엇을 과제로 맡아서 발표를 할 때도 저는 자료를 준비하고 전체적인 것을 조율하고 어 이렇게 이제 제가 직접 나가서 뭐 발표를 하고 이러지는 않았던 성격인 것 같습니다. 어 남들은 좀 이런 저의 행동이 좀 우유부단하다 라고 생각할 수도 있지만 저는 조직 내에서 저 같은 존재가 꼭 필요하다고 생각을 합니다. 평소 회사 내에서 일을 할 때 저는 상사가 지시하는 것을 다시 한번 확인하고 그것을 어 부하 직원들한테 정확하게 전달을 합니다. 저는 무엇보다 일을 할 때 그것을 무슨 일을 어떻게 내가 하는지를 정확히 알고 있어야 그 일에 대한 능률이 오른다 라고 생각을 합니다. 그렇기 때문에 어떤 뭐 지시 상황에 대해서는 다시 한번 그걸 정확히 확인한 후에 전달을 하고 반대로 아랫 부하직원들이 불편하거나 힘든 상황이 있을 때 그것을 의견을 모아서 상사한테 전달을 합니다 .그러면서 저는 전체적인 우리 조직의 운영을 맡아하고 어 그것에 잘 돌아갈 수 있도록 지원하는 그런 존재가 저였던 것 같습니다.","wordCount":185},"emotion":[],"intent":[{"text":"","expression":"","category":"attitude"}],"summary":{"text":"저는 어떤 조직이나 단체 속에서 중간자적 역할을 하는 것을 주로 해왔던 것 같습니다. 남 앞에 나서는 것을 별로 좋아하지 않지만, 조직 내에서 저 같은 존재가 꼭 필요하다고 생각합니다. 지시 상황에 대해서는 정확히 확인한 후에 전달을 하고, 아랫 부하직원들이 불편하거나 힘든 상황이 있을 때 그것을 의견을 모아서 상사한테 전달을 하며, 전체적인 우리 조직의 운영을 맡아서 지원하는 존재가 저였습니다.","wordCount":57}}},"rawDataInfo":{"question":{"fileFormat":"wav","fileSize":492878,"duration":15400,"samplingBit":16,"channelCount":1,"samplingRate":"16kHz","audioPath":"/Mock/07.ProductionManufacturing/Male/New/ckmk_q_mm_m_n_160244.wav"},"answer":{"fileFormat":"wav","fileSize":2884238,"duration":90130,"samplingBit":16,"channelCount":1,"samplingRate":"16kHz","audioPath":"/Mock/07.ProductionManufacturing/Male/New/ckmk_a_mm_m_n_160244.wav"}}}