{"version":"1.0","dataSet":{"info":{"date":"20230116","occupation":"MM","channel":"MOCK","place":"ONLINE","gender":"MALE","ageRange":"35-44","experience":"NEW"},"question":{"raw":{"text":"지원자님께서 그동안 진행한 프로젝트들이 있을 거잖아요 그중에서 가장 기억에 남는 프로젝트가 있다면은 어떤 점에서 기억이 남으시든지 그 이유와 함께 말씀 부탁드립니다","wordCount":21},"emotion":[],"intent":[]},"answer":{"raw":{"text":"이천 이십 년 이월 대학병원에 한 대당 이십 억 원이 넘는 의료기기를 설치하는 프로젝트를 맡았던 경험이 있습니다. 그때 코로나가 창궐하여 각국에 있는 나라 엔지니어들이 한국에 방문을 할 수 없었던 최악의 상황이었는데요. 병원에서는 이십 억짜리 장비 두 대를 계약함과 동시에 무조건 삼 개월 안에 운영 시스템 설치 또는 가동 검수까지를 마치기를 원했습니다. 만약 그 조건을 어기면 우리는 하루하루 몇 십만 원씩 지체 보상금을 물어야 했는데요. 그때 제가 가장 먼저 고민했던 것이 엔지니어가 없이 이십 억짜리 장비를 도대체 어떻게 설치할 수 있을까 라는 고민을 하다가 마침 영화 마스라는 것을 보고 온라인으로 그들과 소통을 하면서 장비를 설치하는 것에 대한 빠른 해결책을 찾았습니다. 모든 사람들이 그 방법은 통하지 않는다 이십 억짜리 장비를 어떻게 현장에 본사 엔지니어 없이 설치할 수 있나 라고 많은 의문을 가졌는데요. 저는 대신에 현장의 엔지니어들이 약 열 다섯 대에서 스무 대 정도 되는 카메라로 본사에 사람들에게 비춰주면 본사에 있는 설비 엔지니어들이 이것을 어떻게 조정하라고 하나 하나 지시하는 방식으로 삼 개월 안에 모든 것을 끝마쳤던 기억이 있습니다.","wordCount":155},"emotion":[],"intent":[{"text":"저는 대신에 현장의 엔지니어들이   약 열 다섯 대에서 스무 대 정도 되는 카메라로 본사에 사람들에게 비춰주면 본사에 있는 설비 엔지니어들이 이것을 어떻게 조정하라고 하나 하나 지시하는 방식으로 삼 개월 안에 모든 것을 끝마쳤던 기억이 있습니다.","expression":"f_equip","category":"technology"}],"summary":{"text":"이천 년 이월 대학병원에 한 대당 이천 억 원이 넘는 의료기기를 설치하는 프로젝트를 맡았던 경험이 있습니다. 그때 엔지니어가 없이 장비 설치하는 방법에 대해 고민하다가 영화 마스를 보고 온라인으로 해결책을 찾았습니다. 현장의 엔지니어들이 카메라로 본사에 비춰주면 본사의 설비 엔지니어들이 조정하라고 지시하는 방식으로 삼 개월 안에 모든 것을 끝마쳤던 기억이 있었습니다.","wordCount":49}}},"rawDataInfo":{"question":{"fileFormat":"wav","fileSize":460238,"duration":14380,"samplingBit":16,"channelCount":1,"samplingRate":"16kHz","audioPath":"/Mock/07.ProductionManufacturing/Male/New/ckmk_q_mm_m_n_159679.wav"},"answer":{"fileFormat":"wav","fileSize":2648398,"duration":82760,"samplingBit":16,"channelCount":1,"samplingRate":"16kHz","audioPath":"/Mock/07.ProductionManufacturing/Male/New/ckmk_a_mm_m_n_159679.wav"}}}