{"version":"1.0","dataSet":{"info":{"date":"20230116","occupation":"MM","channel":"MOCK","place":"ONLINE","gender":"MALE","ageRange":"35-44","experience":"NEW"},"question":{"raw":{"text":"아 현대 사회에 많은 직업들이 있는데요 그중에서 없어서는 안 될 가장 중요한 직업은 무엇일까요 본인의 생각을 말씀해 주시겠습니까","wordCount":18},"emotion":[],"intent":[]},"answer":{"raw":{"text":"가장 중요한 직업은 빅데이타 및 에이아이 머신 러닝을 운영하는 프로그래머들입니다. 이제는 디지털 트랜스 포메이션이 일어나면서 물리적인 업무를 하는 사람보다 소프트웨어나 논리적인 업무를 하는 사람들의 비중이 엄청 커졌습니다. 특히나 요즘은 온라인 마케팅이나 디지털 마케팅을 할 때도 에이아이라든가 머신 러닝에 대해서 어느정도 알아야 됩니다. 왜냐하면 고객이 원하는 키워드 뭐 에스이오 같은 것을 찾으려고 해도 인공지능이나 딥러닝 같은 내용을 기반으로 내용을 구축을 하고 그 키워드를 찾아야 되기 때문에 기존처럼 그냥 글만 쓴다고 블로그가 많은 사람들한테 노출이 되지 않습니다. 특히나 특히나 판매나 영업에 있어서 빅데이터를 가지고 어떤 고객이 어떤 제품에 어떻게 관심을 보였고 몇 초 이상 머물렀는지까지 전부 다 파악을 할 수 있는 빅데이터가 있다고 하면 아무래도 추후에 그 사람들에게 더 한 번 노출을 시킴으로써 물건을 판매하거나 브랜딩을 알릴 수 있기 때문에 이제는 빅데이터나 아니면 에이아이 같은 소프트웨어를 만지는 엔지니어들의 시대가 될 것으로 생각하고 있습니다.","wordCount":131},"emotion":[],"intent":[{"text":"","expression":"","category":"attitude"}],"summary":{"text":"디지털 트랜스 포메이션이 일어나면서 물리적인 업무를 하는 사람보다 소프트웨어나 논리적인 업무를 하는 사람들의 비중이 커졌습니다. 온라인 마케팅이나 디지털 마케팅을 할 때도 인공지능이나 딥러닝 같은 내용을 기반으로 내용을 구축하고 그 키워드를 찾아야 되기 때문에 빅데이터나 또는 에이아이 같은 소프트웨어를 만지는 엔지니어들의 시대가 될 것입니다.","wordCount":43}}},"rawDataInfo":{"question":{"fileFormat":"wav","fileSize":396878,"duration":12400,"samplingBit":16,"channelCount":1,"samplingRate":"16kHz","audioPath":"/Mock/07.ProductionManufacturing/Male/New/ckmk_q_mm_m_n_159678.wav"},"answer":{"fileFormat":"wav","fileSize":2427278,"duration":75850,"samplingBit":16,"channelCount":1,"samplingRate":"16kHz","audioPath":"/Mock/07.ProductionManufacturing/Male/New/ckmk_a_mm_m_n_159678.wav"}}}