{"version":"1.0","dataSet":{"info":{"date":"20230116","occupation":"MM","channel":"MOCK","place":"ONLINE","gender":"MALE","ageRange":"45-54","experience":"NEW"},"question":{"raw":{"text":"앞으로 전문적으로 다뤄보고 싶은 시설이나 장비가 있으십니까 있으시다면 설명 부탁드립니다","wordCount":10},"emotion":[],"intent":[]},"answer":{"raw":{"text":"네 저는 만약 제가 정말 제 소원대로 회사에 입사를 해서 근무를 하게 된다면 저는 생산 라인 중 어 검수 라인에 그 알파베타 프로그램을 운영해 보고 있 운영해 보고 싶습니다. 어 저는 그 제가 지금 지원한 이 당 회사에서도 제가 갖고 있 제가 알고 있는 그 검수 알파 프로그 알파 베타 프로그램을 쓰고 있는 것을 우리 알고 있습니다. 저는 그 검수 알파베타 프로그램의 자격증을 갖고 있으며 그것을 능숙하게 응용할 줄 압니다. 어 응용도 할 수 있고 그 프로그램을 해서 생산 라인을 돌리는 데 크게 어려움이 없습니다. 어 저는 고 그 생산 라인의 고 장식 장비를 어 인턴 생활을 하면서 어 경험을 해 봤습니다. 저는 말씀드린 것처럼 자격증을 갖고 있다 보니 인턴 생활을 하면서 다른 회사에서 그 검수 프로그램을 운영해 본 적이 있는데 저는 그것을 꽤 능숙하게 잘 다룰 수 있고 어 정말 다행이게도 제가 지원한 이 당 회사에서도 똑같은 프로그램을 운영하고 있는 것으로 알고 있습니다. 그래서 저는 꼭 그 검수 라인에서 어 근무를 해보고 싶습니다.","wordCount":154},"emotion":[{"text":"어 저는   고 그 생산 라인의 고 장식 장비를 어 인턴 생활을 하면서 어 경험을 해 봤습니다.","expression":"u-fact","category":"neutral"}],"intent":[{"text":"저는 그 검수 알파베타 프로그램의 자격증을 갖고 있으며 그것을 능숙하게 응용할 줄 압니다.","expression":"f_equip","category":"technology"},{"text":"어 저는   고 그 생산 라인의 고 장식 장비를 어 인턴 생활을 하면서 어 경험을 해 봤습니다.","expression":"f_equip","category":"technology"}],"summary":{"text":"저는 검수 알파베타 프로그램의 자격증을 갖고 있으며 그것을 능숙하게 응용할 줄 알고 있습니다. 그래서 그 프로그램을 해서 생산 라인을 돌리는 데 크게 어려움이 없습니다. 인턴 생활을 하면서 다른 회사에서 검수 프로그램을 운영해 본 적이 있는데 그것을 꽤 능숙게 잘 다룰 수 있고 이 당 회사에서도 똑같은 프로그램을 운영하고 있었습니다.","wordCount":49}}},"rawDataInfo":{"question":{"fileFormat":"wav","fileSize":325838,"duration":10180,"samplingBit":16,"channelCount":1,"samplingRate":"16kHz","audioPath":"/Mock/07.ProductionManufacturing/Male/New/ckmk_q_mm_m_n_160248.wav"},"answer":{"fileFormat":"wav","fileSize":2661518,"duration":83170,"samplingBit":16,"channelCount":1,"samplingRate":"16kHz","audioPath":"/Mock/07.ProductionManufacturing/Male/New/ckmk_a_mm_m_n_160248.wav"}}}