{"version":"1.0","dataSet":{"info":{"date":"20230116","occupation":"MM","channel":"MOCK","place":"ONLINE","gender":"MALE","ageRange":"45-54","experience":"NEW"},"question":{"raw":{"text":"혹시 본인이 현재 가지고 있는 위치보다 어려운 목표를 달성해 본 경험이 있다면 그 경험에 대해서 말씀해 주시겠어요","wordCount":17},"emotion":[],"intent":[]},"answer":{"raw":{"text":"제가 있는 위치에서 어려운 목표를 달성했다. 질문이 조금 어렵긴 한데요. 이런 식으로 얘기하겠습니다. 제가 주어진 환경에서 해낼 수 있는 그런 어려운 목표가 있었는데 해냈다. 이렇게 질문을 바꾼다면 저는 지금 일을 하고 있는 상태라서 시간을 낼 수가 없습니다. 그리고 몸도 피곤했고요. 하지만 제가 목표한 바가 있어서 저는 자격증에 도전을 했고요. 그리고 그 자격증을 따냈습니다. 개인적인 이유라서 그 자격증의 이름은 말하지 않겠지만요. 굉장히 힘든 게 이 년 동안 공부를 해서 그 자격증을 땄습니다. 그것은 저의 미래에 대한 저의 투자라고 생각을 합니다.","wordCount":79},"emotion":[],"intent":[{"text":"","expression":"","category":"attitude"}],"summary":{"text":"어려운 목표를 해냈습니다. 이렇게 질문을 바꾼다면 시간을 낼 수 없고, 몸도 피곤했습니다. 하지만 목표한 바가 있어서 자격증에 도전했고, 그것을 따냈습니다. 그것은 저의 미래에 대한 투자라고 생각합니다.","wordCount":26}}},"rawDataInfo":{"question":{"fileFormat":"wav","fileSize":352078,"duration":11000,"samplingBit":16,"channelCount":1,"samplingRate":"16kHz","audioPath":"/Mock/07.ProductionManufacturing/Male/New/ckmk_q_mm_m_n_176917.wav"},"answer":{"fileFormat":"wav","fileSize":1662158,"duration":51940,"samplingBit":16,"channelCount":1,"samplingRate":"16kHz","audioPath":"/Mock/07.ProductionManufacturing/Male/New/ckmk_a_mm_m_n_176917.wav"}}}