{"version":"1.0","dataSet":{"info":{"date":"20230116","occupation":"MM","channel":"MOCK","place":"ONLINE","gender":"MALE","ageRange":"45-54","experience":"NEW"},"question":{"raw":{"text":"네 지원자님께서 커뮤니케이션을 잘 하실 수 있는 본인만의 스킬이 있다면 한 번 소개를 부탁드려도 괜찮을까요 어 직접 한 번 보여주셔도 좋습니다 커뮤니케이션 스킬입니다","wordCount":23},"emotion":[],"intent":[]},"answer":{"raw":{"text":"커뮤니케이션을 잘 할 수 있는 저만의 스킬이라고 하면 어 저는 상대방의 말을 잘 경청하는 것입니다. 어 저는 상대방의 말을 잘 듣습니다. 어 이것은 정말 별거 아니지만 저는 소통을 하는 데 있어서 이것만큼 중요한 것이 없다 라고 생각을 합니다. 어 누군가가 이야기를 하는데 내가 그 사람의 이야기에 호응해주면서 그 사람의 이야기를 잘 듣고 있다 라는 인상을 심어준다면 그 사람한테서 저에 대한 호감도가 상승하는 것을 전 느낄 수 있습니다. 그리고 상대방이 이야기를 할 때 그 이야기를 잘 들음으로써 얻을 수 있는 이점이 많습니다. 저 사람이 무슨 이야기를 하는지 저 사람이 어떤 의도를 가지고 이야기를 하는지 저 사람이 궁극적으로 바라는 것은 무엇인지를 쉽게 캐치할 수가 있기 때문입니다. 그럴 경우 제가 그 사람과 이 뭐 그 사람에 대해서 요구를 할 때 그 사람이 민감해 하는 부분은 피하면서 그 사람이 원하는 것을 호응해주면서 이야기를 함으로써 상대방과 서로 소통을 하는데 어 무척 도움이 됩니다. 저는 상대방과 소통을 하는데 커뮤니케이션을 하는데 가장 중요한 것은 소통이라고 생각합니다.","wordCount":149},"emotion":[],"intent":[{"text":"","expression":"","category":"attitude"}],"summary":{"text":"저는 상대방의 이야기를 잘 경청하는 스킬이 있습니다. 그 사람이 이야기를 할 때 그 사람의 이야기에 호응해주면서 그 사람의 이야기를 잘 듣고 있다는 인상을 심어준다면 그 사람에게서 저에 대한 호감도가 상승하는 것을 느낄 수 있고 저 사람이 어떤 의도를 가지고 이야기를 하는지 저 사람이 궁극적으로 바라는 것은 무엇인지 쉽게 캐치할 수가 있기 때문입니다.","wordCount":52}}},"rawDataInfo":{"question":{"fileFormat":"wav","fileSize":544078,"duration":17000,"samplingBit":16,"channelCount":1,"samplingRate":"16kHz","audioPath":"/Mock/07.ProductionManufacturing/Male/New/ckmk_q_mm_m_n_172573.wav"},"answer":{"fileFormat":"wav","fileSize":2647758,"duration":82740,"samplingBit":16,"channelCount":1,"samplingRate":"16kHz","audioPath":"/Mock/07.ProductionManufacturing/Male/New/ckmk_a_mm_m_n_172573.wav"}}}