{"version":"1.0","dataSet":{"info":{"date":"20230116","occupation":"MM","channel":"MOCK","place":"ONLINE","gender":"MALE","ageRange":"45-54","experience":"NEW"},"question":{"raw":{"text":"어 입사를 하시게 되면 어 지원자님이 직무에 맞지 않는 일을 할 수도 있습니다 만약 지원자님이 직무에 맞지 않은 일을 하시게 된다면 어떻게 하실지 어 그래도 어 지원자님은 괜찮으신지 말씀해 주시기 바랍니다","wordCount":31},"emotion":[],"intent":[]},"answer":{"raw":{"text":"어 정말로 뭐 이런 일이 생간 생긴다면 저 저에게는 정말 안타까운 순간이라고 말씀드리겠습니다. 저는 이 직무를 지원하기 위해서 꽤 오랫동안 노력을 해왔고 나름 이 직무에 대한 경험을 갖고 있다고 자부합니다. 저는 그 이 직무에 해당되는 두 개의 자격증을 소지하고 있습니다. 저는 이 자격증을 따지기 위해서 어 꽤 오랫동안 어 피나는 노력을 했습니다. 최근 두 개의 자격증을 모두 취득하였고 저는 그 경험을 살리고자 인턴 생활도 약 한 육 개월 정도를 경험해 본 이력이 있습니다. 어 저는 이 직무에 도전하기 위해서 이 직무을 수행하기 위해서 여태까지 거의 삼 년 넘게 노력해 오고 지금 저 나름의 자격증 취득이라는 결실을 가지고 지금 이 회사에 지원한 것입니다. 그런데 제가 만약에 어 다른 이 징거 제가 지원한 직무가 아닌 다른 일에서 근무를 하게 된다면 어 저는 죄송하지만 어 입사를 포기할 것 같습니다. 어 저는 이 직무가 제 적성에 맞고 이 직무에서 어 저의 능력을 펼치고 싶습니다.","wordCount":140},"emotion":[],"intent":[{"text":"어 저는 이 직무에 도전하기 위해서 이 직무을 수행하기 위해서 여태까지 거의 삼 년 넘게 노력해 오고 지금 저 나름의   자격증 취득이라는 결실을 가지고 지금 이 회사에 지원한 것입니다.","expression":"f_cons","category":"attitude"}],"summary":{"text":"저는 이 직무를 지원하기 위해서 꽤 오랫동안 노력을 해왔고 나름 이 직무에 대한 경험을 갖고 있다고 자부합니다. 그런데 만약 제가 지원한 직무가 아닌 다른 일에서 근무를 하게 된다면 저는 입사를 포기할 것 같습니다. 이 직무가 제 적성에 맞고 이 직무에서 저의 능력을 펼치고 싶습니다.","wordCount":44}}},"rawDataInfo":{"question":{"fileFormat":"wav","fileSize":658638,"duration":20580,"samplingBit":16,"channelCount":1,"samplingRate":"16kHz","audioPath":"/Mock/07.ProductionManufacturing/Male/New/ckmk_q_mm_m_n_160250.wav"},"answer":{"fileFormat":"wav","fileSize":2443918,"duration":76370,"samplingBit":16,"channelCount":1,"samplingRate":"16kHz","audioPath":"/Mock/07.ProductionManufacturing/Male/New/ckmk_a_mm_m_n_160250.wav"}}}