{"version":"1.0","dataSet":{"info":{"date":"20230116","occupation":"MM","channel":"MOCK","place":"ONLINE","gender":"MALE","ageRange":"45-54","experience":"NEW"},"question":{"raw":{"text":"지원자분께서는 많은 사람들과 협업을 진행하신 경험이 있으실 텐데요 그 과정에서 가장 어려웠던 일이 있으시다면 무엇이었는지 그리고 그 어려움을 어떤 식으로 극복하셨는지에 대해서도 궁금합니다","wordCount":23},"emotion":[],"intent":[]},"answer":{"raw":{"text":"사람들과 협업을 하다 보면 여러 가지 문제가 발생할 수 있습니다. 사람은 누구나 똑같은 능력치를 가지고 있지 않습니다. 더군다나 거기에 각자의 개성이 묻어있습니다. 그래서 협업을 할 때의 방향성이 중구난방으로 여러 군데로 가기 시작하기 시작하게 됩니다. 그러다 보면 이것도 안되고 저것도 안 됩니다. 그래 그때 조율이 가장 중요하죠. 이런 한 방향성을 지향해야 어떤 문제를 풀 수가 있습니다. 그럴 때 서로 의사 충돌이 있을 때 저는 솔직하게 얘기했습니다. 제가 이러이러 이러한 부분은 제가 맞는 것 같고 제가 모르는 부분은 이러한 부분인 것 같다. 이런 식으로 개개인적으로 만나서 조언을 했습니다. 그럴 때 돌아오는 대답은 제가 먼저 약간 숙이다 보니까 상대방도 진지한 자세로 저의 얘기를 들어주고 양보를 해주는 경우가 많이 있었습니다. 저는 이런 식으로 솔직하게 모든 걸 대하면서 문제를 극복해 나갔습니다.","wordCount":116},"emotion":[],"intent":[{"text":"","expression":"","category":"attitude"}],"summary":{"text":"사람과 협업을 하다 보면 여러 가지 문제가 발생할 수 있습니다. 그래서 협업을 할 때의 방향성이 중구난방으로 가기 시작하게 됩니다. 그때 조율이 가장 중요합니다. 의사 충돌이 있을 때 저는 솔직하게 얘기하면서 문제를 극복해 나갔습니다.","wordCount":33}}},"rawDataInfo":{"question":{"fileFormat":"wav","fileSize":586958,"duration":18340,"samplingBit":16,"channelCount":1,"samplingRate":"16kHz","audioPath":"/Mock/07.ProductionManufacturing/Male/New/ckmk_q_mm_m_n_176552.wav"},"answer":{"fileFormat":"wav","fileSize":2458958,"duration":76840,"samplingBit":16,"channelCount":1,"samplingRate":"16kHz","audioPath":"/Mock/07.ProductionManufacturing/Male/New/ckmk_a_mm_m_n_176552.wav"}}}