{"version":"1.0","dataSet":{"info":{"date":"20230116","occupation":"MM","channel":"MOCK","place":"ONLINE","gender":"MALE","ageRange":"45-54","experience":"NEW"},"question":{"raw":{"text":"만약 본인이 지금 지원한 업무가 아닌 다른 부서에 배치되게 된다면 괜찮으십니까","wordCount":11},"emotion":[],"intent":[]},"answer":{"raw":{"text":"저는 제가 지원한 이 직무에서 근무를 하고자 꽤 오랫동안 준비를 해왔습니다. 약 일 년 반 동안 자격증을 따기 위해서 노력해 왔고 드디어 최근에 그 자격증을 취득했습니다. 그리고 이 업무에 좀 더 잘 적응하고자 약 육 개월 동안 어 비록 다른 회사지만 인턴 경험을 했습니다. 어 저는 인턴 경험을 하면서 이 직무가 저한테 정말 잘 맞고 제가 정말 제 미래를 내 청춘을 바쳐서 제 미래를 꿈꿔볼 수 있는 직무라고 생각을 해서 지원을 한 것입니다. 그런데 제가 회사에는 취직 어 취직은 됐는데 채용은 됐는데 제가 만약에 다른 부서에 배치가 된다. 그러면 저나 회사로서도 이건 옳지 않은 일이라고 생각을 합니다. 저는 이 직무를 하기 위해서 여태까지 노력을 해왔고 어 나름의 성과를 거뒀다고 생각을 하면서 직무에 지원을 한 것인데 제가 만약에 다른 근무에서 다른 부서에서 근무를 하게 된다면 어 저는 입사를 포기할 것 같습니다. 저는 제 직무를 에 대해서 정말 열심히 잘 할 자신이 있습니다.","wordCount":141},"emotion":[],"intent":[{"text":"어 저는 인턴 경험을 하면서 이 직무가 저한테 정말 잘 맞고 제가 정말 제 미래를   내 청춘을 바쳐서 제 미래를 꿈꿔볼 수 있는 직무라고 생각을 해서 지원을 한 것입니다.","expression":"c_sincere_job","category":"etc"}],"summary":{"text":"저는 이 직무에서 근무를 하고자 꽤 오랫동안 준비를 해왔고, 이 업무에 좀 더 잘 적응하고자 약 육 개월 동안 인턴 경험을 했습니다. 그런데 채용은 됐는데 다른 부서에 배치가 된다면 저는 입사를 포기할 것 같습니다. 저는 제 직무에 대해 정말 열심히 잘 할 자신이 있습니다.","wordCount":44}}},"rawDataInfo":{"question":{"fileFormat":"wav","fileSize":372558,"duration":11640,"samplingBit":16,"channelCount":1,"samplingRate":"16kHz","audioPath":"/Mock/07.ProductionManufacturing/Male/New/ckmk_q_mm_m_n_172690.wav"},"answer":{"fileFormat":"wav","fileSize":2465998,"duration":77060,"samplingBit":16,"channelCount":1,"samplingRate":"16kHz","audioPath":"/Mock/07.ProductionManufacturing/Male/New/ckmk_a_mm_m_n_172690.wav"}}}