{"version":"1.0","dataSet":{"info":{"date":"20230116","occupation":"MM","channel":"MOCK","place":"ONLINE","gender":"MALE","ageRange":"35-44","experience":"NEW"},"question":{"raw":{"text":"요즘 고령화 사회로 가면서 치매로 인한 문제가 많이 대두되고 있습니다 지원자님께서는 이에 대해 건강보험공단이 하는 일과 개선할 방안에 대해 말씀을 해 주세요","wordCount":22},"emotion":[],"intent":[]},"answer":{"raw":{"text":"이십 일 세기 들어서면서 가장 문제가 되고 있는 노령화 사회의 문제는 치매입니다. 치매는 알츠하이머도 있고 또 다른 치매도 있지만 절대 치료가 불가한 아주 무서운 병입니다. 건강보험공단에서는 이 치매 환자들을 미연에 방지하기 위한 사전 예방센터 또는 치매 환자들을 전문적으로 케어하는 치매 전문 요양센터를 만들어야 됩니다. 왜냐하면 각 집안에 치매 환자가 한 명 있으면 오 년 십 년 안에 그 집안이 무너진다는 통계가 있습니다. 치매를 걸리면 일반 병처럼 빨리 생을 마감하는 것이 아니라 지속적으로 사람을 괴롭히거나 가족을 힘들게 할 수 있습니다. 그래서 치료 치매 치료 전문 요양센터를 만들어서 각 집에서 가까운 곳에 어 유치원을 보내듯이 아침마다 치매 환자들을 맡기고 저녁 때 또 모셔가는 그런 시스템을 만들면 건강보험공단에서는 치매로 인하여 많은 고통을 받는 국민들에게 큰 혜택을 줄 수 있을 거라고 생각합니다.","wordCount":118},"emotion":[],"intent":[{"text":"","expression":"","category":"attitude"}],"summary":{"text":"노령화 사회에서 가장 문제가 되는 치매는 절대 치료가 불가한 아주 무서운 병입니다. 건강보험공단에서는 이 치매 환자들을 미연에 방지하기 위한 사전 예방센터 또는 전문적으로 케어하는 치매 전문 요양센터를 만들어야 됩니다.","wordCount":29}}},"rawDataInfo":{"question":{"fileFormat":"wav","fileSize":557198,"duration":17410,"samplingBit":16,"channelCount":1,"samplingRate":"16kHz","audioPath":"/Mock/07.ProductionManufacturing/Male/New/ckmk_q_mm_m_n_159676.wav"},"answer":{"fileFormat":"wav","fileSize":2108878,"duration":65900,"samplingBit":16,"channelCount":1,"samplingRate":"16kHz","audioPath":"/Mock/07.ProductionManufacturing/Male/New/ckmk_a_mm_m_n_159676.wav"}}}