{"version":"1.0","dataSet":{"info":{"date":"20230116","occupation":"MM","channel":"MOCK","place":"ONLINE","gender":"MALE","ageRange":"45-54","experience":"NEW"},"question":{"raw":{"text":"본인은 남을 잘 이끄는 리더형과 남을 잘 따르는 팔로워형 어떤 유형에 속하나요 그리고 그 이유도 무엇인지 말씀해 주세요","wordCount":18},"emotion":[],"intent":[]},"answer":{"raw":{"text":"어 저는 뭐 리더 형도 해봤고 팔로형도 해봤는데 저는 개인적으로 팔로형이 맞는다고 생각해요. 왜냐하면 음 집 그까 제가 둘 다 해 봤잖아요. 그중에 어 잘 할 수 있는 게 팔러 팔러형인 것 같애요. 누군가 어떤 사람이 치고 나가면 뒤에서 뒷수습하고 해결하고 또 그 일을 또 완벽하게 완벽하게 포장해서 만들고 그 다음에 유지하고 관리하고 이런 역할이 저한테 가장 맞는 것 같애요. 지금까지 해본 거를 예 예로 들었을 때 그래서 저는 저 팔로형이라고 생각하고 그 일을 어 누구보다 잘 할 수 있는 준비가 돼 있다고 감히 그렇게 말씀드릴 수가 있습니다. 이상입니다.","wordCount":89},"emotion":[],"intent":[{"text":"어 저는 뭐 리더 형도 해봤고 팔로형도 해봤는데 저는 개인적으로   팔로형이 맞는다고 생각해요.","expression":"c_person","category":"background"}],"summary":{"text":"저는 리더형 뿐만 아니라 팔로형도 해보고 싶습니다. 어떤 사람이 치고 나가면 뒷수습하고 그리고 그 일을 완벽하게 포장해서 만들고 그리고 유지하고 관리하는 역할이 저한테 가장 맞는 것 같습니다.","wordCount":27}}},"rawDataInfo":{"question":{"fileFormat":"wav","fileSize":397518,"duration":12420,"samplingBit":16,"channelCount":1,"samplingRate":"16kHz","audioPath":"/Mock/07.ProductionManufacturing/Male/New/ckmk_q_mm_m_n_167650.wav"},"answer":{"fileFormat":"wav","fileSize":2037838,"duration":63680,"samplingBit":16,"channelCount":1,"samplingRate":"16kHz","audioPath":"/Mock/07.ProductionManufacturing/Male/New/ckmk_a_mm_m_n_167650.wav"}}}