{"version":"1.0","dataSet":{"info":{"date":"20230116","occupation":"MM","channel":"MOCK","place":"ONLINE","gender":"MALE","ageRange":"45-54","experience":"NEW"},"question":{"raw":{"text":"지원자님께서는 인생을 살면서 무엇인가 하나에 푹 빠져 몰두해 본 적이 있으신가요 있다면 그것이 무엇일지 궁금합니다","wordCount":15},"emotion":[],"intent":[]},"answer":{"raw":{"text":"인생을 살면서 제가 푹 빠져본 부분은 어 언어입니다. 특히 외국어 쪽 관련된 부분에 관심을 많이 가지고 있었고 학창 시절 때도 어 국어와 영어 실력이 에 타 학생들에 비해서는 뛰어난 편이었습니다. 특히 중국의 상해에서 오 년 동안 유학 생활을 경험을 하며 중국어뿐만이 아니라 영어 일본어도 같이 공부를 했었고요. 그 관련된 부분들은 캐나다 밴쿠버에서 영어를 일본 도쿄에서 교환 학생을 그리고 상해에서 어 일본어학을 전공을 하며 언어쪽 관련된 부분은 남들보다 뛰어나다고 생각을 합니다. 또한 외국어를 공부를 할려고 하는 한국어를 배우고자 하는 외국인들한테 한국어를 가르키는 교원 삼 급 자격증도 소유하고 있습니다. 다른 사람들과의 차별점은 이 외국인들에게 한국어에 대해서 설명을 할 때 영어 중국어 일본어로도 설명이 가능한 가능하다는 점입니다. 이러한 부분들은 동일한 교원 삼 급 자격증을 가지고 한국어를 배우려 하는 외국인한테 설명을 할 때 한국어뿐만이 아니라 저는 영어 중국어 일본어도 설명이 가능하단 이야기입니다.","wordCount":128},"emotion":[],"intent":[{"text":"","expression":"","category":"attitude"}],"summary":{"text":"저는 언어에 관심을 많이 가졌고, 학창 시절 때도 국어와 영어 실력이 타 학생들에 비해 뛰어난 편이었습니다. 또한 외국어를 공부를 하려고 하는 한국어를 배우고자 하는 외국인들한테 한국어를 가르치는 교원 삼 급 자격증도 소유하고 있습니다. 이 외국인들에게 한국어에 대해서 영어 중국어 일본어로도 설명이 가능합니다.","wordCount":42}}},"rawDataInfo":{"question":{"fileFormat":"wav","fileSize":645198,"duration":20160,"samplingBit":16,"channelCount":1,"samplingRate":"16kHz","audioPath":"/Mock/07.ProductionManufacturing/Male/New/ckmk_q_mm_m_n_157229.wav"},"answer":{"fileFormat":"wav","fileSize":2669518,"duration":83420,"samplingBit":16,"channelCount":1,"samplingRate":"16kHz","audioPath":"/Mock/07.ProductionManufacturing/Male/New/ckmk_a_mm_m_n_157229.wav"}}}