{"version":"1.0","dataSet":{"info":{"date":"20230116","occupation":"MM","channel":"MOCK","place":"ONLINE","gender":"MALE","ageRange":"45-54","experience":"NEW"},"question":{"raw":{"text":"본인이 생각했을 때 본인 스스로 숫자와 창의력 중 어떤 것에 더 가깝다고 생각하시나요 왜 그렇게 생각하는지 이유도 함께 말씀해 주세요","wordCount":20},"emotion":[],"intent":[]},"answer":{"raw":{"text":"스스로를 판단할 때 숫자와 창의적인 부분들 중에 숫자에 좀 민감하고 가깝다고 할 수 있겠습니다. 특히 기존에 계속 해외 영업 쪽을 담당을 하다보니 매출 숫자에 민감한 부분 때문인 것 같습니다. 물론 창의적인 부분 또한 제가 영업을 하다 할 진행을 하는 동안에 시 새롭게 신규 영업 매출 창출이라는 미션을 받았던 경우에는 기존의 방식인 전화를 하거나 이메일을 보내거나 그리고 한 달에 한 번 정도 출장을 가서 업체를 방문하는 것만으로는 충분하지 않다고 생각을 해서 제가 어 고객사들이 많이 모여있는 중국 남방 광동성의 심천이라는 곳에 거점을 마련하고 로칼 영업을 진행을 해야 된다고 어 제안을 했고 제가 중국어가 가능한 제가 직접 심천에 가서 아무 것도 없는 곳에서 사무소를 구하고 사무소에서 일할 중국 인원들을 면접 채용하였으며 최종적으로는 신규 영업 매출을 창출한 창의적인 부분들도 부분도 가지고 있습니다. 따라서 제가 지금 말씀드렸던 여러 가지 부분들을 감안해 보았 봤을 때 어 숫자 에이 가까우면서 그 숫자를 창출하기 위해서는 기존의 방식 뿐만이 아니라 창의적인 부분도 있다고 생각합니다.","wordCount":146},"emotion":[],"intent":[{"text":"","expression":"","category":"attitude"}],"summary":{"text":"숫자와 창의적인 부분들 중 숫자에 민감하고 가깝다고 할 수 있습니다. 새롭게 신규 영업 매출 창출이라는 미션을 받았던 경우에는 기존의 방식만으로는 충분하지 않다고 생각하여 중국 남방 광동성의 심천이라는 곳에 거점을 마련하고 로칼 영업을 진행을 해야 된다고 제안을 했고 제가 직접 심천에 가서 면접 채용하였으며 최종적으로는 신규 영업 매출을 창출한 창의적 부분들도 있었습니다.","wordCount":51}}},"rawDataInfo":{"question":{"fileFormat":"wav","fileSize":385678,"duration":12050,"samplingBit":16,"channelCount":1,"samplingRate":"16kHz","audioPath":"/Mock/07.ProductionManufacturing/Male/New/ckmk_q_mm_m_n_160306.wav"},"answer":{"fileFormat":"wav","fileSize":2736718,"duration":85520,"samplingBit":16,"channelCount":1,"samplingRate":"16kHz","audioPath":"/Mock/07.ProductionManufacturing/Male/New/ckmk_a_mm_m_n_160306.wav"}}}