{"version":"1.0","dataSet":{"info":{"date":"20230116","occupation":"MM","channel":"MOCK","place":"ONLINE","gender":"MALE","ageRange":"-34","experience":"NEW"},"question":{"raw":{"text":"본인이 지금까지 다뤄봤던 생산 장비나 시설에 관해 본인 나름의 운용 노하우가 있다면 근거를 들어서 설명해 주시겠습니까","wordCount":16},"emotion":[],"intent":[]},"answer":{"raw":{"text":"저는 선박 엔지니어로 일을 할 때 보일러와 발전기 메인 엔진 냉각기 등을 제가 직접 정비를 했었는데요. 그중에서 가장 제가 운용 노하우가 있는 것은 냉각기였습니다. 냉각기를 한동안 휴지기에 두기 위해 냉매를 한 곳에 모으는 작업을 펌핑 다운이라고 합니다. 이 펌핑 다운의 작업을 할 때는 관은 관 파이프라인 내에 있는 모든 냉매가 한 곳으로 정확하게 모여야 되는데요. 그걸 모으기 위해서는 모터 펌프를 돌리고 안 돌리고 이 간극이 굉장히 중요합니다. 펌프를 계속 돌린다고 해서 냉매가 무조건 한 번에 모이는 것도 아닙니다. 그러기 위해서는 우선 파이프라인 내에 구멍이 뚫린 곳은 없는지 새는 곳은 없는지 먼저 확인을 하고요. 그다음 파이프라인 연계되어 있는 벨브들 정말 잘 작동하는지 새지는 않은지 이거를 확인해야 됩니다. 그 후에 파이프라인을 잘 정비를 해서 한 곳으로 모을 준비를 합니다. 한 곳에 입구만 막는 것이죠. 그렇게 했을 때 냉매가 정말 효과적으로 모인다는 것을 알게 되었습니다.","wordCount":132},"emotion":[{"text":"냉각기를 한동안 휴지기에 두기 위해   냉매를 한 곳에 모으는 작업을 펌핑 다운이라고 합니다.","expression":"u-fact","category":"neutral"}],"intent":[{"text":"저는 선박 엔지니어로 일을 할 때 보일러와 발전기   메인 엔진 냉각기 등을 제가 직접 정비를 했었는데요.","expression":"f_equip","category":"technology"},{"text":"그중에서   가장 제가 운용 노하우가 있는 것은 냉각기였습니다.","expression":"f_equip","category":"technology"},{"text":"냉각기를 한동안 휴지기에 두기 위해   냉매를 한 곳에 모으는 작업을 펌핑 다운이라고 합니다.","expression":"f_equip","category":"technology"},{"text":"이 펌핑 다운의 작업을 할 때는   관은 관 파이프라인 내에 있는 모든 냉매가 한 곳으로 정확하게 모여야 되는데요.","expression":"f_equip","category":"technology"},{"text":"그걸 모으기 위해서는 모터 펌프를 돌리고 안 돌리고 이 간극이 굉장히 중요합니다.","expression":"f_equip","category":"technology"},{"text":"펌프를 계속 돌린다고 해서 냉매가 무조건 한 번에 모이는 것도 아닙니다.","expression":"f_equip","category":"technology"},{"text":"그러기 위해서는 우선 파이프라인 내에   구멍이 뚫린 곳은 없는지 새는 곳은 없는지 먼저 확인을 하고요.","expression":"f_equip","category":"technology"},{"text":"그다음 파이프라인 연계되어 있는 벨브들   정말 잘 작동하는지 새지는 않은지 이거를 확인해야 됩니다.","expression":"f_equip","category":"technology"},{"text":"그 후에 파이프라인을 잘   정비를 해서 한 곳으로 모을 준비를 합니다.","expression":"f_equip","category":"technology"}],"summary":{"text":"선박 엔지니어로 일을 할 때 가장 운용 노하우가 있는 것은 냉각기입니다. 냉각기를 휴지기에 두기 위해 냉매를 한 곳에 모으는 작업을 펌핑 다운이라고 합니다. 파이프라인 내에 구멍이 뚫려 있는지 새는 곳은 없는지 확인하고, 연계되어 있는 벨브들이 잘 작동하는지 확인해야 됩니다.","wordCount":39}}},"rawDataInfo":{"question":{"fileFormat":"wav","fileSize":435278,"duration":13600,"samplingBit":16,"channelCount":1,"samplingRate":"16kHz","audioPath":"/Mock/07.ProductionManufacturing/Male/New/ckmk_q_mm_m_n_170902.wav"},"answer":{"fileFormat":"wav","fileSize":2793358,"duration":87290,"samplingBit":16,"channelCount":1,"samplingRate":"16kHz","audioPath":"/Mock/07.ProductionManufacturing/Male/New/ckmk_a_mm_m_n_170902.wav"}}}