{"version":"1.0","dataSet":{"info":{"date":"20230116","occupation":"MM","channel":"MOCK","place":"ONLINE","gender":"MALE","ageRange":"-34","experience":"NEW"},"question":{"raw":{"text":"다른 계열사도 많이 있지만 이 계열사의 지원자님이 지원해 주신 특별한 이유가 있는지 궁금합니다 말씀해 주시길 바라겠습니다","wordCount":16},"emotion":[],"intent":[]},"answer":{"raw":{"text":"다른 계열사들도 많지만 왜 이 계열사에 지원했냐고 특별한 이유가 있냐고 물어봐 주셨는데요. 어 다른 계열사도 많지만 이 계열사를 특별히 지원하게 된 이유는 일단 저가 제 관심이 있고 어 가장 제가 원했던 그런 계열사기도 하고 제가 옛날부터 선망해 왔던 그런 계열사기 때문에 이것을 선택하게 됐습니다. 그리고 제가 이제 원하는 것을 가장 잘 펼칠 수 있는 그런 것이라 생각해 가지고 여기를 선택한 것 같고요. 어 다른 회사에도 기회가 있어 다른 계열사에도 기회가 있었지만 요 계열사에서 제가 원하고 하고 싶은 곳을 가장 잘 펼쳐 나갈 수 있고 좋은 분들도 많이 계신 것 같애서 제가 모르는 부분을 잘 물어보고 이제 잘 도와주신다면 어 이 회사 어 계열사에 에 폐를 끼치지 않고 더 좋은 방향으로 나아갈 수 있는 그런 도움이 될 수 있는 사람이 될 것 같습니다.","wordCount":122},"emotion":[{"text":"어 다른 계열사도 많지만 이 계열사를 특별히 지원하게 된 이유는   일단 저가 제 관심이 있고 어 가장 제가 원했던 그런 계열사기도 하고 제가 옛날부터 선망해 왔던 그런 계열사기 때문에   이것을 선택하게 됐습니다.","expression":"p-interest","category":"positive"}],"intent":[{"text":"어 다른 계열사도 많지만 이 계열사를 특별히 지원하게 된 이유는   일단 저가 제 관심이 있고 어 가장 제가 원했던 그런 계열사기도 하고 제가 옛날부터 선망해 왔던 그런 계열사기 때문에   이것을 선택하게 됐습니다.","expression":"c_sincere_job","category":"etc"}],"summary":{"text":"장 관심이 있고 원했던 계열사이기도 하고 옛날부터 선망해 왔던 계열사기 때문에 이것을 선택하게 됐습니다. 잘 도와주면 더 좋은 방향으로 나아갈 수 있는 사람이 될 것 같습니다.","wordCount":26}}},"rawDataInfo":{"question":{"fileFormat":"wav","fileSize":433998,"duration":13560,"samplingBit":16,"channelCount":1,"samplingRate":"16kHz","audioPath":"/Mock/07.ProductionManufacturing/Male/New/ckmk_q_mm_m_n_167287.wav"},"answer":{"fileFormat":"wav","fileSize":2425678,"duration":75800,"samplingBit":16,"channelCount":1,"samplingRate":"16kHz","audioPath":"/Mock/07.ProductionManufacturing/Male/New/ckmk_a_mm_m_n_167287.wav"}}}