{"version":"1.0","dataSet":{"info":{"date":"20230116","occupation":"MM","channel":"MOCK","place":"ONLINE","gender":"MALE","ageRange":"45-54","experience":"NEW"},"question":{"raw":{"text":"업무를 진행할 때 영어로 서류를 작성할 일이 많을 겁니다 어 그렇다면 지원자님께서는 영어로 서류를 작성하실 수 있으신지 말씀해 주시기 바랍니다","wordCount":20},"emotion":[],"intent":[]},"answer":{"raw":{"text":"예 저는 영어로 서류를 작성할 수 있습니다. 기본적인 영어 회화는 되고 어 중고등학교 때 영어 성적이 또 상위권이었습니다. 지금 대학교 와 가지고 어 영어 공부 손 놓지 않고 열심히 준비하였습니다. 그리고 어 영어 리포트라든가 영자 신문 정도는 읽을 수 있을 정도의 수준이 됩니다. 그래서 영어로 서류가 충분히 가능하다고 생각됩니다. 감사합니다.","wordCount":50},"emotion":[],"intent":[{"text":"","expression":"","category":"attitude"}],"summary":{"text":"영어 회화는 되고 영어 리포트나 영자 신문 정도는 읽을 수 있는 수준이기 때문에 영어로 서류를 작성할 수 있다고 생각합니다.","wordCount":19}}},"rawDataInfo":{"question":{"fileFormat":"wav","fileSize":560718,"duration":17520,"samplingBit":16,"channelCount":1,"samplingRate":"16kHz","audioPath":"/Mock/07.ProductionManufacturing/Male/New/ckmk_q_mm_m_n_174603.wav"},"answer":{"fileFormat":"wav","fileSize":1029198,"duration":32159,"samplingBit":16,"channelCount":1,"samplingRate":"16kHz","audioPath":"/Mock/07.ProductionManufacturing/Male/New/ckmk_a_mm_m_n_174603.wav"}}}