{"version":"1.0","dataSet":{"info":{"date":"20230116","occupation":"MM","channel":"MOCK","place":"ONLINE","gender":"MALE","ageRange":"45-54","experience":"NEW"},"question":{"raw":{"text":"본인은 이 직무에 지원한 이유가 무엇입니까 그리고 자신이 적합한 인재라고 생각하십니까","wordCount":11},"emotion":[],"intent":[]},"answer":{"raw":{"text":"저는 정비 분야에 지원을 했습니다. 제가 지금까지 해왔던 일들은 주로 정비에 관련된 일들만 해 해왔거든요. 그래서 저의 풍부한 경험이 분명 제가 지원한 이 직무에는 필요하게 쓰일 것이라고 생각해서 저는 이 분야에 지원을 하게 되었습니다. 그리고 제가 이 정비를 굉장히 좋아하기 때문에 무한히 발전한 가능성도 높습니다. 원래 좋아하는 것은 발전하기 마련이니까요.","wordCount":50},"emotion":[],"intent":[{"text":"그래서 저의 풍부한 경험이 분명 제가 지원한   이 직무에는 필요하게 쓰일 것이라고 생각해서 저는   이 분야에 지원을 하게 되었습니다.","expression":"c_sincere_job","category":"etc"}],"summary":{"text":"정비 분야의 풍부한 경험이 이 직무에 꼭 필요할 것이라고 생각해 지원하게 되었습니다. 제가 좋아하는 정비는 무한히 발전하는 가능성이 높습니다.","wordCount":19}}},"rawDataInfo":{"question":{"fileFormat":"wav","fileSize":370958,"duration":11590,"samplingBit":16,"channelCount":1,"samplingRate":"16kHz","audioPath":"/Mock/07.ProductionManufacturing/Male/New/ckmk_q_mm_m_n_172608.wav"},"answer":{"fileFormat":"wav","fileSize":1557838,"duration":48680,"samplingBit":16,"channelCount":1,"samplingRate":"16kHz","audioPath":"/Mock/07.ProductionManufacturing/Male/New/ckmk_a_mm_m_n_172608.wav"}}}