{"version":"1.0","dataSet":{"info":{"date":"20230116","occupation":"MM","channel":"MOCK","place":"ONLINE","gender":"MALE","ageRange":"45-54","experience":"NEW"},"question":{"raw":{"text":"지원자님께서 매일 공부하고 있는 분야가 따로 있나요 지원자님 있으시다면 그걸 왜 공부하는지도 함께 설명과 말씀해 주세요","wordCount":16},"emotion":[],"intent":[]},"answer":{"raw":{"text":"뭐 매일 공부한다가 매일 공부한다 라고는 솔직히 말씀 못 드리겠고 저는 짬짬이 틈이 날 때마다 영어 공부를 하고 있습니다. 어 제가 전 직장을 뭐 짧게 짧게지만 잠깐 다녀봤는데 영어가 너무나 현실에서 많이 필요하다라는 걸 새삼 느꼈기 때문입니다. 하다못해 사무실에서 근무하다가도 외국인에게 전화가 오면 당황하는 경우가 되게 많았습니다. 그리고 특히 엔지니어인 만큼 어 우리가 운영하고 있는 그 기계에 대한 설명 그거에 대한 보수 유지 모두가 다 영어로 되어 있습니다. 교본을 어 그거를 그냥 단순히 영어를 못 해 가지고 뭐 전임자에게 말로 전달되고 하는 시대는 솔직히 이미 끝났다라고 지났다라고 생각을 합니다. 그러다보면 그 기계에 대한 정확한 이해도가 떨어질 뿐더러 무엇인가를 빠트리게 되고 그것은 또 누군가한테 그대로 전달이 돼서 되는 악습을 반 되풀이 할 수가 있습니다. 영어는 오히려 엔지니어들한테 더 많이 필요하고 더 열심히 공부해야 될 부분이라고 저는 생각하고 있습니다.","wordCount":127},"emotion":[],"intent":[{"text":"","expression":"","category":"attitude"}],"summary":{"text":"저는 틈날 때마다 영어 공부를 하고 있습니다. 엔지니어인 만큼 우리가 운영하고 있는 기계에 대한 설명과 보수 유지 모두가 다 영어로 되어 있어 단순히 영어를 못해 가지고 전임자에게 말로 전달되는 시대는 지났다고 생각합니다. 영어는 오히려 엔지니어들에게 더 많이 필요하고 열심히 공부해야 될 부분이라고 생각합니다.","wordCount":43}}},"rawDataInfo":{"question":{"fileFormat":"wav","fileSize":400718,"duration":12520,"samplingBit":16,"channelCount":1,"samplingRate":"16kHz","audioPath":"/Mock/07.ProductionManufacturing/Male/New/ckmk_q_mm_m_n_179447.wav"},"answer":{"fileFormat":"wav","fileSize":2141518,"duration":66920,"samplingBit":16,"channelCount":1,"samplingRate":"16kHz","audioPath":"/Mock/07.ProductionManufacturing/Male/New/ckmk_a_mm_m_n_179447.wav"}}}