{"version":"1.0","dataSet":{"info":{"date":"20230116","occupation":"MM","channel":"MOCK","place":"ONLINE","gender":"MALE","ageRange":"45-54","experience":"NEW"},"question":{"raw":{"text":"지원자님께서 생각하시기에 자신의 노년은 어떤 모습이었으면 좋겠나요 이상적으로 생각한 나의 노년의 모습을 말씀해 주세요","wordCount":14},"emotion":[],"intent":[]},"answer":{"raw":{"text":"어 노년을 언제부터 노년이라고 해야 되느냐에 따라서 조금 어 애매해지기는 하는데 저는 가능하면 노년에도 일을 하고 싶습니다. 어 가장 이상적인 행복한 사회는 어 내가 할 일이 내일도 내일도 내가 할 일이 있는 사회라는 말이 있습니다. 저는 가능하면 제가 육체적으로나 정신적으로 가능하다고 하면 정말 오래 오래토록 일을 할구 싶습니다. 그것이 저는 오히려 저를 더 건강하게 하고 제가 무엇인가에 빠져서 그 일에 빠져서 열심히 제 삶을 살아가는 거라고 생각을 합니다. 그리고 나서 어 정말 더 이상 어 그 일을 제가 현장에서 일을 할 수 없게 됐을 때는 저는 뭐 산 속이나 강가 쪽에다 펜션 같은 걸 하나 지어 놓고 펜션 지기를 하고 싶습니다. 시간이 남으면 저의 제 인생의 유일한 취미인 낚시를 하면서 어 예를 들어서 쉬로 오시는 그 고객들을 상대해 주면서 그분들이 어 편히 쉬다가 다시 일상으로 돌아갈 수 있게 그들을 뒷바라지 해주는 그런 펜션 지기가 되고 싶습니다.","wordCount":136},"emotion":[],"intent":[{"text":"","expression":"","category":"attitude"}],"summary":{"text":"저는 가능하면 노년에도 일을 하고 싶습니다. 가장 이상적인 행복한 사회는 제가 할 일이 내일도 할 일이 있는 사회라는 말이 있습니다. 가능하면 오래 오래토록 일을 하겠습니다. 그 일을 할 수 없게 됐을 때는 어 산 속이나 강가 쪽에다 펜션을 지기를 원합니다. 시간이 남으면 낚시를 하면서 그들을 뒷바라지하고 싶은 것입니다.","wordCount":48}}},"rawDataInfo":{"question":{"fileFormat":"wav","fileSize":333518,"duration":10420,"samplingBit":16,"channelCount":1,"samplingRate":"16kHz","audioPath":"/Mock/07.ProductionManufacturing/Male/New/ckmk_q_mm_m_n_179449.wav"},"answer":{"fileFormat":"wav","fileSize":2676558,"duration":83640,"samplingBit":16,"channelCount":1,"samplingRate":"16kHz","audioPath":"/Mock/07.ProductionManufacturing/Male/New/ckmk_a_mm_m_n_179449.wav"}}}