{"version":"1.0","dataSet":{"info":{"date":"20230116","occupation":"MM","channel":"MOCK","place":"ONLINE","gender":"MALE","ageRange":"45-54","experience":"NEW"},"question":{"raw":{"text":"지원자님 이전 직장에서 퇴사한 후 퇴사한 것을 후회하신 적이 있나요 있다면 왜인지 함께 말씀 부탁드리고 설명도 부탁드려요","wordCount":17},"emotion":[],"intent":[]},"answer":{"raw":{"text":"저는 이전 직장에서 퇴사한 것을 전혀 정말 일 도 후회하지 않습니다. 어 저는 이전 직장에서 꼭 꽤 오랫동안 직장 생활을 해왔습니다. 어 좋은 사장님이셨고 좋은 임원들이었고 참 좋은 그 동료들이었습니다. 어 제가 이전 직장을 그만두게 된 이유는 이전 직장에 일 대 사장님께서 건강 상의 이유로 어 회장직으로 물러 나시면서 그 아드님이 어 이 대 사장님으로 취임을 했습니다. 어 이 대 사장님은 취임하자마자 대폭적인 그 직원에 대한 그 교체가 있었습니다. 교체라기 보다는 좀 많이 직원들을 잘라 냈습니다. 그러면서 어 저는 제가 모시고 있던 그 부장님이 정말 아무런 이유도 없이 어 퇴사를 하셔야 됐고 제 동료뿐만 아니라 제 아래에 있던 직원까지도 어 정말 너무나 무참하게 어 이렇게 퇴사를 강요당했습니다. 저는 솔직히 그걸 참을 수가 없었습니다. 어 저는 직원과 같이 당당하게 회사에다가 이것에 대한 불만을 제기했고 결과적으로 저는 어 퇴사를 했습니다. 어 저는 솔직히 제가 오랫동안 몸담았던 회사였지만 그 회사가 그런 식으로 운영이 되고 어 사장님이 그런 마인드를 갖고 있다 라고 하면 더 이상 그 회사를 다닐 생각이 없었습니다.","wordCount":156},"emotion":[],"intent":[{"text":"","expression":"","category":"attitude"}],"summary":{"text":"이전 직장에서 좋은 사장님이셨고 좋은 임원들이었던 저는 이전 직장에서 퇴사하게 되었습니다. 이 대 사장님이 취임하자마자 직원들을 많이 잘라 냈습니다. 그러면서 제 밑에 있는 직원들까지 무참하게 퇴사를 강요당했습니다. 정말 참을 수 없었고 직원과 당당하게 회사에 불만을 제기하고 퇴사했습니다.","wordCount":37}}},"rawDataInfo":{"question":{"fileFormat":"wav","fileSize":355278,"duration":11100,"samplingBit":16,"channelCount":1,"samplingRate":"16kHz","audioPath":"/Mock/07.ProductionManufacturing/Male/New/ckmk_q_mm_m_n_157081.wav"},"answer":{"fileFormat":"wav","fileSize":2744398,"duration":85760,"samplingBit":16,"channelCount":1,"samplingRate":"16kHz","audioPath":"/Mock/07.ProductionManufacturing/Male/New/ckmk_a_mm_m_n_157081.wav"}}}