{"version":"1.0","dataSet":{"info":{"date":"20230116","occupation":"MM","channel":"MOCK","place":"ONLINE","gender":"MALE","ageRange":"45-54","experience":"NEW"},"question":{"raw":{"text":"일을 하다 보면 업무량이 과도하게 많았을 때도 종종 있습니다 혹시 그래도 잘 버틸 자신이 있을까요","wordCount":15},"emotion":[],"intent":[]},"answer":{"raw":{"text":"네 저는 자신이 있습니다. 다른 건 몰라도 정말 체력만큼은 자신이 있기 때문입니다. 어 일을 하다 보면 말씀처럼 당연히 업무량이 과도하게 많아질 수가 있습니다. 뭐 어 생산기일을 맞춰야 된다 라든지 뭐 수출 같은 걸 할 때 그 기일을 맞춰야 되는 이런 경우 아니면 뭔가 리콜이 들어왔다든지 뭐 별별 상황으로 인해서 업무량이 과도해질 때가 때는 당연히 비일비재 많다 라는 것을 알고 있습니다. 어 저는 제가 회사에 소속이 되어 있고 회사로부터 급여를 받는 이상 어 이런 식으로 어 뭐 갑자기 생긴 일이던 이것 역시 제 일의 연장이라고 생각을 합니다. 어 업무량이 많고 그것을 물론 어 백 퍼센트 다 업무량이 뭐 인원에 비해서 너무 많다라든지 공장 생산 라인보다 생산 라인에 비해 가지고 일이 많다 뭐 과도하게 물릴 때도 있겠지만 저는 그것 역시 어 당연히 제가 해야 될 임무 중 하나라고 생각을 합니다. 물론 당연히 회사에서는 그 초과 근무에다 그것은 당연히 급여나 어 다른 금전적으로 보상을 해 줄 것이라는 걸 알고 있습니다. 그렇다면 좀 상황에 따라서 과도하게 업무가 되는 건 역시 어 처리를 하는 것이 당연하다고 저는 생각합니다.","wordCount":163},"emotion":[],"intent":[{"text":"뭐 어   생산기일을 맞춰야 된다 라든지 뭐 수출 같은 걸 할 때 그 기일을 맞춰야 되는 이런 경우   아니면 뭔가 리콜이 들어왔다든지 뭐 별별 상황으로 인해서 업무량이 과도해질 때가    때는 당연히 비일비재 많다 라는 것을 알고 있습니다.","expression":"f_prod_plan","category":"technology"}],"summary":{"text":"업무량이 과도해질 때가 되면 비일비재하게 많습니다. 업무량이 많고 물릴 때도 있지만 그것은 제가 해야 할 임무 중 하나라고 생각합니다. 회사에서는 초과 근무에다 당연히 급여나 다른 금전적인 보상을 해 줄 것이라는 걸 알고 있습니다. 그렇다면 상황에 따라서 과도한 업무는 역시 처리를 하는 것이 당연하다고 생각합니다.","wordCount":44}}},"rawDataInfo":{"question":{"fileFormat":"wav","fileSize":281678,"duration":8800,"samplingBit":16,"channelCount":1,"samplingRate":"16kHz","audioPath":"/Mock/07.ProductionManufacturing/Male/New/ckmk_q_mm_m_n_171784.wav"},"answer":{"fileFormat":"wav","fileSize":2713998,"duration":84810,"samplingBit":16,"channelCount":1,"samplingRate":"16kHz","audioPath":"/Mock/07.ProductionManufacturing/Male/New/ckmk_a_mm_m_n_171784.wav"}}}