{"version":"1.0","dataSet":{"info":{"date":"20230116","occupation":"MM","channel":"MOCK","place":"ONLINE","gender":"MALE","ageRange":"45-54","experience":"NEW"},"question":{"raw":{"text":"지원자님 이력서를 보니까 다양한 경험이 많으신 것 같은데요 그런데 새로운 환경에서 정말 이때까지 해보지 않았던 일을 맡아서 한 일이 있을까요 있으시다면 말씀 좀 부탁드릴게요","wordCount":24},"emotion":[],"intent":[]},"answer":{"raw":{"text":"제가 지금까지 살아오면서 가장 낯선 환경에 떨어져서 그 체험을 했던 곳은 아무래도 군 생활인 것 같습니다. 저는 서울에서 태어났고 어 군대는 군생활은 원통에서 했습니다. 그건 강원도인데 어 저는 제가 군대 가기 전까지 태어나서 한 이십 이 년 동안 어 살아오면서 해본 삽질보다 군대에 가서 일 주일 동안 해본 삽질이 더 많은 더 많습니다. 어 서울에서 태어난 제가 언제 어디에서 삽질을 해봤겠습니까. 어 하지만 저는 어 역시 그 이런 것들은 새로운 경험이라든지 새로운 환경은 시간이 해결한다고 생각을 합니다. 어 그 자리가 사람을 만든다고 저는 어리버리 했던 이등병을 지나서 일병 상병 어 병장이 됐을 때는 심지어 군대는 제 체질 같았습니다. 어 군대 생활이라는 게 낯설고 힘들었지만 저는 그 군대 생활을 하면서 참 많은 것을 배우고 제 스스로도 어 좀 더 나은 사람이 되는 과정이었다고 생각을 합니다. 저는 군생활을 열심히 했으며 어 삼십 개월 만기 병역 아 병장으로서 제대를 했습니다.","wordCount":137},"emotion":[{"text":"저는 서울에서 태어났고 어 군대는   군생활은 원통에서 했습니다.","expression":"u-fact","category":"neutral"}],"intent":[{"text":"","expression":"","category":"attitude"}],"summary":{"text":"저는 서울에서 태어나고 군 생활을 하면서 새로운 경험, 새로운 환경은 시간이 해결한다고 생각합니다. 이등병을 지나서 상병 상병으로 제대했을 때는 군대는 제 체질 같았습니다. 군생활은 참 많이 배우고 제 스스로도 좀 더 나은 사람이 되었다고 생각합니다.","wordCount":35}}},"rawDataInfo":{"question":{"fileFormat":"wav","fileSize":521038,"duration":16280,"samplingBit":16,"channelCount":1,"samplingRate":"16kHz","audioPath":"/Mock/07.ProductionManufacturing/Male/New/ckmk_q_mm_m_n_163996.wav"},"answer":{"fileFormat":"wav","fileSize":2670798,"duration":83460,"samplingBit":16,"channelCount":1,"samplingRate":"16kHz","audioPath":"/Mock/07.ProductionManufacturing/Male/New/ckmk_a_mm_m_n_163996.wav"}}}