{"version":"1.0","dataSet":{"info":{"date":"20230116","occupation":"MM","channel":"MOCK","place":"ONLINE","gender":"MALE","ageRange":"45-54","experience":"NEW"},"question":{"raw":{"text":"지원자님께서는 이 분야에 지원하시기 위해 관련된 어떠한 노력을 하셨나요 지원자님께서 생각나시는 대로 말씀해 주시면 됩니다","wordCount":15},"emotion":[],"intent":[]},"answer":{"raw":{"text":"네 저는 어 이 직무에 도전하기 위해서 꽤 오랫동안 노력을 해왔습니다. 어 저는 이 직무와 관련된 두 개의 자격증을 소지하고 있습니다. 어 약 이 년이 넘게 공부를 했고 실기 시험을 아 필기 시험을 합격하고 실기 시험을 봐서 최근에 그 두 개의 자격증을 모두 취득한 바가 있습니다. 또한 저는 제가 지원한 이 분야에 좀 더 현실적으로 다가가고자 인턴 경험을 해 봤습니다. 약 육 개월이라는 육 개월이라는 길지 않은 시간이었지만 나름 저한테는 소중하고 어 제가 회사에 입사를 한다면 어떤 일을 할지 어떤 일을 해야 되는지를 알 수 있는 고마운 시간이었습니다. 저는 그 인턴 생활을 하면서 어 나름 이 직무가 꽤 저한테 잘 어울리고 제가 잘 수행해 낼 수 있을 거라는 자신감을 얻었습니다. 어 많이 힘들고 낯설었지만 그래도 저는 그 육 개월의 인턴 생활이 저한테 제가 당 회사에 입사를 하는데 많은 도움이 될 거라고 생각하고 있습니다.","wordCount":133},"emotion":[{"text":"또한 저는   제가 지원한 이 분야에 좀 더 현실적으로 다가가고자 인턴 경험을 해 봤습니다.","expression":"u-fact","category":"neutral"}],"intent":[{"text":"","expression":"","category":"attitude"}],"summary":{"text":"저는 이 직무에 도전하기 위해 꽤 오랫동안 노력해왔고, 지원 분야에 좀 더 현실적으로 다가가고자 인턴 경험을 해 봤습니다. 그 인턴 생활을 하면서 나름 이 직무가 꽤 저한테 잘 어울리고 잘 수행할 수 있을 거라는 자신감을 얻었습니다. 이 인턴 생활이 저한테 회사 입사에 많은 도움이 될 거라고 생각합니다.","wordCount":47}}},"rawDataInfo":{"question":{"fileFormat":"wav","fileSize":454478,"duration":14200,"samplingBit":16,"channelCount":1,"samplingRate":"16kHz","audioPath":"/Mock/07.ProductionManufacturing/Male/New/ckmk_q_mm_m_n_160249.wav"},"answer":{"fileFormat":"wav","fileSize":2158158,"duration":67440,"samplingBit":16,"channelCount":1,"samplingRate":"16kHz","audioPath":"/Mock/07.ProductionManufacturing/Male/New/ckmk_a_mm_m_n_160249.wav"}}}