{"version":"1.0","dataSet":{"info":{"date":"20230116","occupation":"MM","channel":"MOCK","place":"ONLINE","gender":"MALE","ageRange":"35-44","experience":"NEW"},"question":{"raw":{"text":"만약 지원자님께서 께임 속 캐릭터라면 어떤 께임에서 어떤 역할을 맡으시고 싶으신가요","wordCount":11},"emotion":[],"intent":[]},"answer":{"raw":{"text":"제가 게임 속 캐릭터라면 저는 마법사가 되고 싶습니다. 마법사는 많은 마법을 통해서 사람들에게 힘을 줍니다. 또는 에너지가 많이 빠지거나 수명이 얼마 남지 않은 사람에게 생명 연장을 할 수 있는 물약도 제공할 수 있습니다. 마법사의 가장 큰 기능 중의 하나는 적재적소에 필요한 것들을 마음대로 만들어내거나 응용할 수 있다는 것입니다. 그렇게 응용을 하다보면 예를 들어 칼이 필요한 사람에겐 엑스 칼리버 같은 칼을 주고 활이 필요한 사람에게는 일 킬로미터까지 날아갈 수 있는 전쟁용 화살을 제공할 것입니다. 그리고 땡크가 필요하다면 땡크를 만들 것이고 차량이 필요하다면 차량을 구해 오는 그런 다 다재다능하고 전지전능한 마법사가 되고 싶습니다.","wordCount":91},"emotion":[],"intent":[{"text":"","expression":"","category":"attitude"}],"summary":{"text":"게임 속 캐릭터라면 저는 전지전능한 마법사가 되고 싶습니다. 많은 마법을 통해서 사람들에게 힘을 주고, 생명 연장을 할 수 있는 물약도 제공할 수 있으며, 적재적소에 필요한 것들을 마음대로 만들어내거나 응용할 수 있는 것입니다.","wordCount":32}}},"rawDataInfo":{"question":{"fileFormat":"wav","fileSize":327758,"duration":10240,"samplingBit":16,"channelCount":1,"samplingRate":"16kHz","audioPath":"/Mock/07.ProductionManufacturing/Male/New/ckmk_q_mm_m_n_185530.wav"},"answer":{"fileFormat":"wav","fileSize":1584078,"duration":49500,"samplingBit":16,"channelCount":1,"samplingRate":"16kHz","audioPath":"/Mock/07.ProductionManufacturing/Male/New/ckmk_a_mm_m_n_185530.wav"}}}