{"version":"1.0","dataSet":{"info":{"date":"20230116","occupation":"MM","channel":"MOCK","place":"ONLINE","gender":"MALE","ageRange":"45-54","experience":"NEW"},"question":{"raw":{"text":"어떤 일을 할 때 시간이 굉장히 촉박한 상황이 생길 수가 있습니다 이렇게 시간이 촉박한 상황이 생기면 지원자님께서는 어떻게 시간 관리를 하십니까 본인만의 시간 관리법이 궁금합니다","wordCount":25},"emotion":[],"intent":[]},"answer":{"raw":{"text":"시간이 촉박한 상황에 있으면 시간 관리는 당연히 제가 해야 되는 업무 혹은 일 관련돼서는 어 중요성과 중요성의 경중을 따지게 됩니다. 뭐 예를 들어서 어 시험 기간이라고 생각을 해 본다면 제가 제일 자신있 어 하는 국어 영어 역사를 먼저 할 것인지 아니면 어 제가 약한 수학 물리 과목을 먼저 시작할 건지 이러한 부분들에 대한 것들을 전체적으로 제가 원하는 점수 평균 점수를 놓고 거기에 어느 정도의 점수를 올리기 위해서는 가장 효과적인 방법이 없는 시간 속에서 어느 걸 먼저 하고 어느 정도 완벽하게 해 놓은 다음에 다음 것을 할 것인지에 대한 판단의 문제라고 생각을 합니다. 중간 중간에 에 어떤 촉박한 일이 갑자기 생긴다고 하게 된다면 그건 시가 그 기존에 있던 일들을 앞에 다 놓을 것인지 아니면 뒤로 빼서 나중에 할 것인지 그러한 것들에 대한 그 사 그때 상황에서의 판단이 중요할 것이라고 생각됩니다. 따라서 없는 시간 속에서는 어떤 걸 경중을 놓고 판단하는 게 중요하다고 생각합니다.","wordCount":141},"emotion":[],"intent":[{"text":"","expression":"","category":"attitude"}],"summary":{"text":"시험 기간이라 생각하여 어느 걸 먼저 하고 어느 정도 완벽하게 해 놓은 다음에 다음 것을 할 것인지에 대한 판단의 문제라고 생각합니다. 따라서 없는 시간 속에서는 어떤 걸 경중을 놓고 판단하는 게 중요하다고 생각합니다.","wordCount":33}}},"rawDataInfo":{"question":{"fileFormat":"wav","fileSize":622478,"duration":19450,"samplingBit":16,"channelCount":1,"samplingRate":"16kHz","audioPath":"/Mock/07.ProductionManufacturing/Male/New/ckmk_q_mm_m_n_172302.wav"},"answer":{"fileFormat":"wav","fileSize":2783438,"duration":86980,"samplingBit":16,"channelCount":1,"samplingRate":"16kHz","audioPath":"/Mock/07.ProductionManufacturing/Male/New/ckmk_a_mm_m_n_172302.wav"}}}