{"version":"1.0","dataSet":{"info":{"date":"20230116","occupation":"MM","channel":"MOCK","place":"ONLINE","gender":"MALE","ageRange":"45-54","experience":"NEW"},"question":{"raw":{"text":"지원자님께서는 앞으로 전문적으로 다뤄보고 싶은 시설이나 장비가 있으실까요 있다면 그게 무엇인지 말씀해 주세요","wordCount":13},"emotion":[],"intent":[]},"answer":{"raw":{"text":"제가 지금 전문적으로 다뤄보고 싶은 이 시설이나 장비는 스탠핑 머신입니다. 일반적으로 스탠핑 머신이라고 하면 어 핸드폰이나 테블릿 등에 들어가는 도강판 위에 패턴을 만드는 장비입니다. 기존의 장비는 인쇄하는 방식으로 진행을 했었는데요. 그 인쇄를 하면서 화학 약품이나 여러 가지들이 인체에도 좋지 않고 환경에도 좋지 않은 상황이라 최근에 추세는 크게 어 위 아래로 롤라 사이에 사이로 도강판을 집어넣고 그 롤러가 아 옛날에 저희 미술 시간에 판화를 찍듯이 찍어내는 음 형식으로 해서 스템핑 머신 부분이 아 최근에 추세입니다. 이 부분이 인쇄 방식보다 더 장점은 화학 제품을 사용하지 않으면서 그 롤라 자체가 어 동일한 패턴을 연속적으로 찍어낼 수 있는 부분들이 있기 때 때문에 나름대로는 신기술이라 할 수 있겠습니다. 특히 롤러 안에 에 스피드 그리고 오 롤러 안에 온도 그리고 압력들을 찾아내는 것이 관건입니다.","wordCount":118},"emotion":[{"text":"일반적으로 스탠핑 머신이라고 하면 어 핸드폰이나 테블릿   등에 들어가는 도강판 위에 패턴을 만드는 장비입니다.","expression":"u-fact","category":"neutral"},{"text":"기존의 장비는   인쇄하는 방식으로 진행을 했었는데요.","expression":"u-fact","category":"neutral"},{"text":"그 인쇄를 하면서 화학 약품이나 여러 가지들이 인체에도 좋지 않고 환경에도 좋지 않은 상황이라 최근에 추세는 크게 어 위 아래로 롤라   사이에 사이로 도강판을 집어넣고 그 롤러가 아 옛날에 저희 미술 시간에 판화를 찍듯이 찍어내는 음 형식으로 해서 스템핑 머신 부분이 아 최근에 추세입니다.","expression":"u-fact","category":"neutral"}],"intent":[{"text":"그 인쇄를 하면서 화학 약품이나 여러 가지들이 인체에도 좋지 않고 환경에도 좋지 않은 상황이라 최근에 추세는 크게 어 위 아래로 롤라   사이에 사이로 도강판을 집어넣고 그 롤러가 아 옛날에 저희 미술 시간에 판화를 찍듯이 찍어내는 음 형식으로 해서 스템핑 머신 부분이 아 최근에 추세입니다.","expression":"f_equip","category":"technology"}],"summary":{"text":"스탠핑 머신은 핸드폰이나 테블릿 등에 들어가는 도강판 위에 패턴을 만드는 장비인데 인쇄 방식보다 더 장점은 화학 제품을 사용하지 않으면서 동일한 패턴을 연속적으로 찍어낼 수 있는 부분들이 있기 때문에 신기술이라 할 수 있습니다.","wordCount":32}}},"rawDataInfo":{"question":{"fileFormat":"wav","fileSize":327758,"duration":10240,"samplingBit":16,"channelCount":1,"samplingRate":"16kHz","audioPath":"/Mock/07.ProductionManufacturing/Male/New/ckmk_q_mm_m_n_163274.wav"},"answer":{"fileFormat":"wav","fileSize":2736078,"duration":85500,"samplingBit":16,"channelCount":1,"samplingRate":"16kHz","audioPath":"/Mock/07.ProductionManufacturing/Male/New/ckmk_a_mm_m_n_163274.wav"}}}