{"version":"1.0","dataSet":{"info":{"date":"20230116","occupation":"MM","channel":"MOCK","place":"ONLINE","gender":"MALE","ageRange":"45-54","experience":"NEW"},"question":{"raw":{"text":"지원자님께서 협업을 할 때 제일 중요하게 생각하는 것이 있다면 어떠한 부분인지 그리고 왜 그것을 제일 중요하게 생각하는지까지 함께 답변해 주시기 바랍니다","wordCount":21},"emotion":[],"intent":[]},"answer":{"raw":{"text":"협업을 할 때 가장 중요한 것은 조율인데요. 이 조율은 굉장히 힘듭니다. 제가 가지고 있는 이 업무에 대한 확신이 있으면 밀어붙이는 거고요. 만약에 잘 모르면 같이 일하는 동료에게 조언을 구해 구해야 합니다. 그리고 또한 의견 충돌이 있을 때에는요. 그 의견 충돌을 해결할 수 있는 서로 양보할 수 있는 그런 의식을 기본적으로 가지고 있어야 합니다. 누군가가 리더가 되어서 그 일을 하겠지만 좌지우지하거나 너무 서로 많은 의견들이 난무하게 되면 어떤 협업이라든지 프로젝트는 완성을 할 수가 없습니다. 그래서 가장 중요한 건 각자의 능력 위에 서로 의견을 조율을 하고 양보를 할 수 있는 미덕을 일단은 갖추는 것이 가장 중요합니다. 그리고 리더의 역할도 그런 것을 조율하는 리더의 역할이 또 가장 중요하겠지요.","wordCount":105},"emotion":[],"intent":[{"text":"","expression":"","category":"attitude"}],"summary":{"text":"협업 시 가장 중요한 것은 조율인데, 업무에 대한 확신이 있으면 밀어붙이는 것이고, 모르는 동료에게 조언을 구해야 하며, 의견 충돌이 있을 때는 서로 양보할 수 있는 의식을 기본적으로 가지고 있어야 합니다. 각자의 능력 위에 의견 조율과 양보의 미덕을 갖추는 것이 가장 중요합니다.","wordCount":41}}},"rawDataInfo":{"question":{"fileFormat":"wav","fileSize":425678,"duration":13300,"samplingBit":16,"channelCount":1,"samplingRate":"16kHz","audioPath":"/Mock/07.ProductionManufacturing/Male/New/ckmk_q_mm_m_n_176547.wav"},"answer":{"fileFormat":"wav","fileSize":2156238,"duration":67380,"samplingBit":16,"channelCount":1,"samplingRate":"16kHz","audioPath":"/Mock/07.ProductionManufacturing/Male/New/ckmk_a_mm_m_n_176547.wav"}}}