{"version":"1.0","dataSet":{"info":{"date":"20230116","occupation":"MM","channel":"MOCK","place":"ONLINE","gender":"MALE","ageRange":"45-54","experience":"NEW"},"question":{"raw":{"text":"네 기차가 운행하는 도중 산사태로 삼십 분간 정차가 되었다고 생각해 보시구요 어 이런 상황에서 지원자님께서 관리 책임의 위치에 있다면 어떻게 조치하실 건지 한번 말씀해 주시겠습니까","wordCount":25},"emotion":[],"intent":[]},"answer":{"raw":{"text":"어 일단 제가 어 그 승객의 타고 있는 그 기차에 관리 책임자라면 일단 이 상황을 정확하게 파악하는 것이 우선일 것 같습니다. 일단은 본사에 다 연락을 해서 지금의 상황이 어떻게 진행되고 있는지 어 등 기타 지금 산사태로 인해서 그 주변 상황이라든지 현재 상황을 정확하게 파악하는 것이 우선 인 것 같습니다. 그 다음에는 승객의 안전을 지키기 위해서 승객의 안전을 보호하기 위해서 행동을 취해야 될 것 같습니다. 일단 산사태라는 것이 한 번 딱 일어나고 끝나는 그것으로 종료된 경우가 아니기 때문에 혹시래도 이 차 산사태가 일어날 수 있다 그러면 일단 손님들을 먼저 안전하게 대피를 시키겠습니다. 어 지금 현재 처한 곳이 철로이기 때문에 어 대피를 할 때도 반대편 철로에서 뭐 기차가 오는지 등을 확인한 다음에 손님들을 안전하게 어 대피를 시키고 그 다음에는 열차의 안전에 대해서 어 이 열차가 이 자리에 있어도 되는지 아니면 혹시라도 뒤에 다른 열차와 가 달려 오고 있는지 않는지 등을 파악하여 어 적절한 조치를 취하는 것이 맞다라고 생각합니다.","wordCount":146},"emotion":[],"intent":[{"text":"","expression":"","category":"attitude"}],"summary":{"text":"산사태가 일어날 수 있기 때문에 일단 제가 승객의 타고 있는 기차에 관리 책임자라면 일단 이 상황을 정확하게 파악하는 것이 우선일 것 같습니다. 그 다음에는 승객의 안전을 보호하기 위해서 행동을 취해야 될 것 같아 우선 손님들을 먼저 안전하게 대피를 시키겠습니다. 그 다음 열차의 안전에 대해서 적절한 조치를 취하는 것이 맞다고 생각합니다.","wordCount":50}}},"rawDataInfo":{"question":{"fileFormat":"wav","fileSize":585678,"duration":18300,"samplingBit":16,"channelCount":1,"samplingRate":"16kHz","audioPath":"/Mock/07.ProductionManufacturing/Male/New/ckmk_q_mm_m_n_164000.wav"},"answer":{"fileFormat":"wav","fileSize":2521998,"duration":78810,"samplingBit":16,"channelCount":1,"samplingRate":"16kHz","audioPath":"/Mock/07.ProductionManufacturing/Male/New/ckmk_a_mm_m_n_164000.wav"}}}