{"version":"1.0","dataSet":{"info":{"date":"20230116","occupation":"MM","channel":"MOCK","place":"ONLINE","gender":"MALE","ageRange":"45-54","experience":"NEW"},"question":{"raw":{"text":"지원자께서는 저희 업무의 특성상 야근이나 잔업 외근이 많아질 수도 있습니다 이러한 상황에서 업무를 하는 것이 괜찮으시겠는지 궁금합니다","wordCount":17},"emotion":[],"intent":[]},"answer":{"raw":{"text":"일의 특성상 야근과 잔업 외근은 어느 회사든지 어느 정도의 수준 정도는 다 있다고 생각을 합니다. 그 정도어의 차이가 있긴 하겠지만 회사의 필요에 따라서 어 그런 부분들에 관련된 부분들은 어 그래도 상관은 없다고 생각을 합니다. 하지만 최종적으로 어 매일 정 일반적으로는 정상적인 업무 시간 내에 업무를 끝내는 것이 많은 부분이고 이러한 야근이나 잔업 외근들은 계속해서 꾸준히 많아진다면 개인의 능력을 발휘하는 데는 분명히 한계가 있다고도 생각이 듭니다. 따라서 이러한 부분들을 좀 더 줄일 수 있는 방안들이나 이런 것들을 모색하는 것이 회사 전체적인 인 상황이나 입장에 입장에서는 훨씬 더 장기적으로 보면 좋을 것이라고 생각을 합니다. 물론 어느 정도의 에 야근과 잔업 외근 등은 어 당연히 제가 어 조직이나 회사에 소속되어 있는 상황 내에서는 충분히 어 견딜 수 있는 부분이라고 생각을 하고 있습니다. 마지막으로 어 다시 한번 말씀을 드리면 야근이나 잔업 외근두 또 어느 정도 선에서는 가능하다고 생각합니다.","wordCount":134},"emotion":[],"intent":[{"text":"","expression":"","category":"attitude"}],"summary":{"text":"일의 특성상 야근과 잔업 외근은 어느 회사든지 어느 정도의 수준 정도는 있다고 생각하며 이러한 부분들을 좀 더 줄일 수 있는 방안들이나 이런 것들을 모색하는 것이 회사 전체적인 상황이나 입장에서는 훨씬 더 장기적으로 보면 좋을 것이라고 생각합니다.","wordCount":36}}},"rawDataInfo":{"question":{"fileFormat":"wav","fileSize":540238,"duration":16880,"samplingBit":16,"channelCount":1,"samplingRate":"16kHz","audioPath":"/Mock/07.ProductionManufacturing/Male/New/ckmk_q_mm_m_n_160742.wav"},"answer":{"fileFormat":"wav","fileSize":2681678,"duration":83800,"samplingBit":16,"channelCount":1,"samplingRate":"16kHz","audioPath":"/Mock/07.ProductionManufacturing/Male/New/ckmk_a_mm_m_n_160742.wav"}}}