{"version":"1.0","dataSet":{"info":{"date":"20230116","occupation":"MM","channel":"MOCK","place":"ONLINE","gender":"MALE","ageRange":"-34","experience":"NEW"},"question":{"raw":{"text":"저희 근무 특성상 야근이나 잔업 외근이 많아질 수도 있습니다 그래도 괜찮으신가요","wordCount":11},"emotion":[],"intent":[]},"answer":{"raw":{"text":"네 저 같은 경우에는 음 인내심이 좋은 편이고 체력이 좋은 편이라 어 야근이나 잔업에 대해서는 충분히 가능할 것 같습니다. 어 그러나 외근 부분에 있어서 좀 망설여지는 부분이 있는데요. 어 그 이유는 제가 아직 면허가 없기 때문입니다. 어 외근을 대중교통을 이용해서 뭐 하는 것이라면 가능하겠지만 회사 내에 차량을 이용해서 운전을 해야 되는 외근이라면 아직까지는 조금 어려울 것 같습니다. 어 하지만 계속 회사에서 차량 운전이나 외근을 많이 해야 된다면 어 지금부터라도 면허를 준비해서 어 입사 전까지 한번 면허를 취득해서 오도록 하겠습니다. 그것 빼고는 외근에 있어서도 저는 활발하고 활동적인 성격을 가지고 있기 때문에 어 사람 만나는 것을 좋아하고 어 밖에서 이 같이 함께 어울리는 것을 좋아하기 때문에 그런 부분은 저에게 맞는 것 같습니다.","wordCount":110},"emotion":[],"intent":[{"text":"","expression":"","category":"attitude"}],"summary":{"text":"저 같은 경우 인내심이 좋고 체력이 좋은 편이라 야근이나 잔업에 대해서는 충분히 가능할 것 같습니다. 그러나 아직 면허가 없기 때문에 외근 부분에 있어서 좀 망설여지긴 하지만 지금부터라도 면허를 준비해서 입사 전까지 면허를 취득해서 오도록 하겠습니다.","wordCount":35}}},"rawDataInfo":{"question":{"fileFormat":"wav","fileSize":301518,"duration":9420,"samplingBit":16,"channelCount":1,"samplingRate":"16kHz","audioPath":"/Mock/07.ProductionManufacturing/Male/New/ckmk_q_mm_m_n_173683.wav"},"answer":{"fileFormat":"wav","fileSize":2533838,"duration":79180,"samplingBit":16,"channelCount":1,"samplingRate":"16kHz","audioPath":"/Mock/07.ProductionManufacturing/Male/New/ckmk_a_mm_m_n_173683.wav"}}}