{"version":"1.0","dataSet":{"info":{"date":"20230116","occupation":"MM","channel":"MOCK","place":"ONLINE","gender":"MALE","ageRange":"35-44","experience":"NEW"},"question":{"raw":{"text":"지원자님만의 스트레스 해소법이 있다면 왜 그런 방법으로 스트레스를 해소하는지 설명해 주시면 감사하겠습니다","wordCount":12},"emotion":[],"intent":[]},"answer":{"raw":{"text":"저는 스트레스를 받을 때마다 두 가지의 방법으로 스트레스를 해소합니다. 하나는 피톤치드가 나오는 메타세콰이어 같은 숲길을 조용히 명상을 하면서 한 시간에서 두 시간 걷는 것입니다. 뇌 과학자들에 의하면 발바닥에 자극을 주면 그 자극이 결국은 뇌로 가여서 뇌에 있는 스트레스를 말끔히 씻어낸다고 합니다. 그래서 사람들로 하여금 걷기를 많이 하라고 하는 이유가 걷기는 혈액 순환도 좋지만 스트레스를 없애는 데 최고의 방법입니다. 두 번째 방법은 제가 테니스를 오랫동안 쳤기 때문에 테니스를 칠 때마다 스트레스가 날라가는 기분이 많이 듭니다. 예를 들어 공을 빵빵 치면 공이 칠 때마다 소리가 탱탱하고 나는데요. 그 탱탱하는 소리가 날 때마다 제 스트레스에 지수가 일 씩 점점 사라지는 것 같습니다. 그렇게 하루에 두 시간 세 시간씩 테니스를 치고 땀을 쫙 뺀 다음에 샤워를 하고 쇼파에 앉아서 시원한 음료수나 맥주 한 잔을 마시면 제가 세상에 다시 태어난 기분이 듭니다. 그렇게 스트레스를 해소하면 다음 주 다다음 주에 있는 업무에 적응할 때 새로운 마음가짐으로 새 삶을 얻은 것처럼 준비하게 됩니다.","wordCount":146},"emotion":[{"text":"뇌 과학자들에 의하면 발바닥에 자극을 주면 그 자극이 결국은 뇌로 가여서 뇌에 있는 스트레스를 말끔히 씻어낸다고 합니다.","expression":"u-fact","category":"neutral"}],"intent":[{"text":"","expression":"","category":"attitude"}],"summary":{"text":"저는 스트레스를 받을 때마다 피톤치드가 나오는 숲길을 조용한 명상을 하면서 한 시간에서 두 시간 걷는 방법으로 스트레스를 해소합니다. 두 번째 방법은 제가 오랫동안 테니스를 치고 스트레스를 해소하면 다음 주에 있는 업무에 적응할 때 새로운 마음가짐으로 새 삶을 얻은 것처럼 준비하게 됩니다.","wordCount":41}}},"rawDataInfo":{"question":{"fileFormat":"wav","fileSize":337038,"duration":10530,"samplingBit":16,"channelCount":1,"samplingRate":"16kHz","audioPath":"/Mock/07.ProductionManufacturing/Male/New/ckmk_q_mm_m_n_184634.wav"},"answer":{"fileFormat":"wav","fileSize":2576078,"duration":80500,"samplingBit":16,"channelCount":1,"samplingRate":"16kHz","audioPath":"/Mock/07.ProductionManufacturing/Male/New/ckmk_a_mm_m_n_184634.wav"}}}