{"version":"1.0","dataSet":{"info":{"date":"20230116","occupation":"MM","channel":"MOCK","place":"ONLINE","gender":"MALE","ageRange":"45-54","experience":"NEW"},"question":{"raw":{"text":"지원자님께서 과거에 직면했던 어려운 문제들 중에서 그것을 해결하기 위해 어떠한 아이디어들을 제시했고 또 무엇을 했는지까지 그 과정에 대해서 말씀해 주시기 바랍니다 하","wordCount":22},"emotion":[],"intent":[]},"answer":{"raw":{"text":"저는 과거 생산 라인에서 엔지니어로 근무한 적이 있었습니다. 그 생산 라인에 기계는 독일제였고 독일에서 꽤 유명한 좋은 제품이었습니다. 기계를 돌리다 보면 그 기계에서 소모품이 발생을 합니다. 그런데 이 소모품을 쉽게 구할 수 있는 게 아니라 이 소모품 다 달은 것을 어 포장을 해서 본사인 독일로 보내야 독일에서 그 소모품이랑 똑같은 것을 다시 한 개 보내줍니다. 이러다 보니 어떤 문제가 생기냐 하면 그 기계 제품이 그 소모품이 돌아올 때까지 이 기계 공정을 쉬어야 된다 라는 겁니다. 그래서 저는 이걸 미리미리 여러 개를 시키면 안 되냐 라고 여쭤봤더니 어 독일 그 본사에서 그렇게 안 해 준답니다. 한 개가 와야지 한 개를 보내 준답니다. 물론 압니다. 그 기계를 처음 만든 회사에서도 지속적인 그 유지 보수에 대한 그 것을 이익을 창출하기 위해서 그렇게 하고 있다 라는 것. 그런데 그 소모품이라는 게 그게 대단한 게 아닙니다. 어떻게 보면 너트 하나 볼트 하나인 경우도 있습니다. 저는 이것을 요즘 유행하고 있는 그 쓰리디 프린터기와 레이저 절삭기를 이용해서 직접 제작을 해 봤습니다. 물론 그 정품 보다는 못하지만 나름 뭐 기계를 동작시키고 하는 데는 크게 무리가 없었습니다. 어 저는 그거를 아이디어로 제안했고 그 후로는 어 정품이 올 때까지 그렇게 해서 공장을 쉬지 않고 돌리고 있습니다.","wordCount":186},"emotion":[],"intent":[{"text":"이러다 보니 어떤 문제가 생기냐 하면 그 기계 제품이 그 소모품이 돌아올 때까지   이 기계 공정을 쉬어야 된다 라는 겁니다.","expression":"f_equip","category":"technology"},{"text":"저는 이것을   요즘 유행하고 있는 그 쓰리디 프린터기와 레이저 절삭기를 이용해서 직접 제작을 해 봤습니다.","expression":"f_equip","category":"technology"}],"summary":{"text":"기계를 돌리다 보면 그 기계에서 소모품이 발생을 합니다. 그런데 그 소모품 다 달은 것을 포장을 해서 본사인 독일로 보내야 해서 문제가 생기는데, 여러 개를 시키면 안 된다고 합니다. 그 기계를 처음 만든 회사에서도 지속적인 그 유지 보수를 위해서 그렇게 하고 있습니다. 저는 쓰리디 프린터기와 레이저 절삭기를 이용해서 직접 제작을 해 봤습니다. 정품이 올 때까지 공장을 쉬지 않고 돌았습니다.","wordCount":58}}},"rawDataInfo":{"question":{"fileFormat":"wav","fileSize":509518,"duration":15920,"samplingBit":16,"channelCount":1,"samplingRate":"16kHz","audioPath":"/Mock/07.ProductionManufacturing/Male/New/ckmk_q_mm_m_n_157236.wav"},"answer":{"fileFormat":"wav","fileSize":2859598,"duration":89360,"samplingBit":16,"channelCount":1,"samplingRate":"16kHz","audioPath":"/Mock/07.ProductionManufacturing/Male/New/ckmk_a_mm_m_n_157236.wav"}}}