{"version":"1.0","dataSet":{"info":{"date":"20230116","occupation":"MM","channel":"MOCK","place":"ONLINE","gender":"MALE","ageRange":"45-54","experience":"NEW"},"question":{"raw":{"text":"어 휴식을 취할 때 주로 어떤 일들을 하시는지 궁금한데요 왜 그 일을 하는지도 말씀해 주시기 바랍니다 이유와 함께 자세하게 설명해 주시면 감사하겠습니다","wordCount":22},"emotion":[],"intent":[]},"answer":{"raw":{"text":"휴식을 취할 때 제가 주로 하는 부분은 제가 관심을 가지 가지고 있는 몇 가지 어 키워드들이 있습니다. 첫 번째는 외국어 배우기 두 번째로는 운동하기 세 번째로는 역사 배우기 네 번째는 여행하기 입니다. 외국어 배우기의 경우는 제가 중국 상해에서 오 년 동안 유학 생활을 진행을 하면서 일본어학을 전공을 했고 영어는 캐나다 밴쿠버에서 어학연수를 진행했었기 때문에 어 계속해서 영어 중국어 일본어는 예 계속 그 공부를 하고 있습니다. 최근에는 스페인어 건 쪽 관련된 문화와 여러 가지 이 음식들에 관심을 가지고 있기 때문에 스페인어를 공부를 하고 있습니다. 역사 관련된 부분은 제가 관광 통역 안내사 중국어 자격증과 문화유산 해설사 자격증을 갖고 있어서 문화원 소속으로 해서 계속 역사 답사 쪽 관련된 사찰 문화 쪽 관련된 역사를 공부하고 있습니다. 운동의 경우는 어 헬스 농구 탁구 볼링 그리고 해 최근에는 골프까지 계속 즐기면서 공부하고 있습니다.","wordCount":127},"emotion":[],"intent":[{"text":"외국어 배우기의 경우는 제가 중국 상해에서 오 년 동안 유학 생활을 진행을 하면서 일본어학을 전공을 했고 영어는 캐나다 밴쿠버에서   어학연수를 진행했었기 때문에 어 계속해서 영어 중국어 일본어는   예 계속 그 공부를 하고 있습니다.","expression":"c_imp","category":"personality"},{"text":"최근에는 스페인어 건 쪽 관련된 문화와 여러 가지 이 음식들에 관심을 가지고 있기 때문에 스페인어를 공부를 하고 있습니다.","expression":"c_imp","category":"personality"},{"text":"역사 관련된 부분은   제가 관광 통역 안내사 중국어 자격증과 문화유산 해설사 자격증을 갖고 있어서 문화원 소속으로 해서 계속 역사 답사 쪽 관련된 사찰 문화 쪽 관련된 역사를 공부하고 있습니다.","expression":"c_imp","category":"personality"}],"summary":{"text":"휴식 취할 때 주로 하는 키워드는 외국어 배우기, 운동하기, 역사 배우기 그리고 여행하기 입니다. 외국어 배우기의 경우 중국어를, 운동의 경우 헬스 농구 탁구 볼링 그리고 최근에는 골프까지 계속 즐기고 있습니다.","wordCount":30}}},"rawDataInfo":{"question":{"fileFormat":"wav","fileSize":474638,"duration":14830,"samplingBit":16,"channelCount":1,"samplingRate":"16kHz","audioPath":"/Mock/07.ProductionManufacturing/Male/New/ckmk_q_mm_m_n_172462.wav"},"answer":{"fileFormat":"wav","fileSize":2647118,"duration":82720,"samplingBit":16,"channelCount":1,"samplingRate":"16kHz","audioPath":"/Mock/07.ProductionManufacturing/Male/New/ckmk_a_mm_m_n_172462.wav"}}}