{"version":"1.0","dataSet":{"info":{"date":"20230116","occupation":"MM","channel":"MOCK","place":"ONLINE","gender":"MALE","ageRange":"-34","experience":"NEW"},"question":{"raw":{"text":"지원자님의 전공과 관련해서 요즘에 생각했을 때 부족하다고 느끼고 스스로 따로 공부를 하고 있는 분야가 있다면 말씀을 해 주시기 바랍니다","wordCount":19},"emotion":[],"intent":[]},"answer":{"raw":{"text":"최근에 저는 법학에 대해서 공부를 하고 있습니다. 우리나라가 민주주의가 시작된 지 어언 오십 년이 지나고 있습니다. 민주주의라는 것은 다수의 다수의 의견과 다수의 의견을 바탕으로 서로 간의 합의를 통해서 최상의 결과를 도래시키자는 건데 도출시키자는 것인데 최근에 보면 그런 서로 간의 합의는 없고 오직 집단의 이익만을 위해서 집단의 이익을 지키기 위한 권력 투쟁으로 밖에 보이지 않았습니다. 이런 관점에서 진정한 법은 무엇인가 라는 것에 대해서 의문이 생기기 시작하였습니다. 그래서 한 번 법을 내가 한 번 알아보자 그렇다고 뭐 변호사 심 변호사를 준비하고 있는 뭐 그런 것은 아니지만 법은 한 번 한 번쯤은 공부를 해 봐야겠다 라는 생각에 민주주의를 제대로 살아내기 위해서 따로 법학을 공부하고 있습니다.","wordCount":102},"emotion":[{"text":"최근에 저는 법학에 대해서 공부를 하고 있습니다.","expression":"u-fact","category":"neutral"},{"text":"우리나라가 민주주의가 시작된 지 어언 오십 년이 지나고 있습니다.","expression":"u-fact","category":"neutral"}],"intent":[{"text":"그래서 한 번 법을 내가 한 번 알아보자 그렇다고 뭐 변호사 심 변호사를 준비하고 있는 뭐 그런 것은 아니지만   법은 한 번 한 번쯤은 공부를 해 봐야겠다 라는 생각에 민주주의를    제대로 살아내기 위해서 따로 법학을 공부하고 있습니다.","expression":"c_imp","category":"personality"}],"summary":{"text":"민주주의는 다수 의견과 다수 의견으로 최상의 결과를 도출하자는 것인데 최근에는 합의 없이 집단의 이익만을 지키기 위한 권력 투쟁으로 보입니다. 이런 관점에서 진정한 법은 무엇인가 라는 의문이 생겨 법학을 공부해 보고자 합니다.","wordCount":31}}},"rawDataInfo":{"question":{"fileFormat":"wav","fileSize":467278,"duration":14600,"samplingBit":16,"channelCount":1,"samplingRate":"16kHz","audioPath":"/Mock/07.ProductionManufacturing/Male/New/ckmk_q_mm_m_n_186737.wav"},"answer":{"fileFormat":"wav","fileSize":2621518,"duration":81920,"samplingBit":16,"channelCount":1,"samplingRate":"16kHz","audioPath":"/Mock/07.ProductionManufacturing/Male/New/ckmk_a_mm_m_n_186737.wav"}}}