{"version":"1.0","dataSet":{"info":{"date":"20230116","occupation":"MM","channel":"MOCK","place":"ONLINE","gender":"MALE","ageRange":"45-54","experience":"NEW"},"question":{"raw":{"text":"생산 관리가 무엇이며 생산 관리에서 가장 중요한 것이 무엇인지 설명해 주세요","wordCount":11},"emotion":[],"intent":[]},"answer":{"raw":{"text":"생산 관리는 경영의 기본적 핵심적 기능을 담당하고 있습니다. 어 현실적으로 생산이 없는 기업은 존재할 수 없으며 생산이 있기 때문에 기업의 가치가 존재한다고 저는 생각합니다. 보통 생산이라고 생산이란 자원의 물리적 시간적 공간적 혹은 지리적 변형을 통해 가치를 창출하는 행위를 생산이라고 합니다. 생산을 위한 인간의 노력은 인류의 역사와 함께 존재해 왔습니다. 최초 인간의 생산 활동은 인간의 기본적인 욕구라 할 수 있는 의 식 주의 충족을 위한 수단으로 어 수단을 발견하는 데 있었지만 그 후 갈수록 생산 활동을 통해 인간 문화의 가치 체계 안에서도 보다 윤택한 생활을 누리고 삶의 질을 높이기 위해 생산 관리에 노력을 해 왔습니다. 저는 생산 관리란 어 인간이 살아가는데 그 기본적인 한 활동이며 인간을 발전시키는 기본 활동이라고 생각합니다.","wordCount":109},"emotion":[],"intent":[{"text":"생산 관리는 경영의 기본적 핵심적 기능을 담당하고 있습니다.","expression":"f_prod_plan","category":"technology"},{"text":"보통 생산이라고   생산이란 자원의 물리적 시간적 공간적 혹은 지리적 변형을 통해 가치를 창출하는 행위를 생산이라고 합니다.","expression":"f_prod_plan","category":"technology"}],"summary":{"text":"생산 관리는 경영의 기본적 핵심적 기능을 담당하고 있습니다. 인간은 생산 활동을 통해 인간 문화의 가치 체계 안에서도 보다 윤택한 생활을 누리고 삶의 질을 높이기 위해 노력을 해 왔습니다. 생산 관리란 인간이 살아가는데 그 기본적인 한 활동이며 인간을 발전시키는 기본 활동이라고 생각합니다.","wordCount":41}}},"rawDataInfo":{"question":{"fileFormat":"wav","fileSize":327758,"duration":10240,"samplingBit":16,"channelCount":1,"samplingRate":"16kHz","audioPath":"/Mock/07.ProductionManufacturing/Male/New/ckmk_q_mm_m_n_165950.wav"},"answer":{"fileFormat":"wav","fileSize":2249038,"duration":70280,"samplingBit":16,"channelCount":1,"samplingRate":"16kHz","audioPath":"/Mock/07.ProductionManufacturing/Male/New/ckmk_a_mm_m_n_165950.wav"}}}