{"version":"1.0","dataSet":{"info":{"date":"20230116","occupation":"MM","channel":"MOCK","place":"ONLINE","gender":"MALE","ageRange":"45-54","experience":"NEW"},"question":{"raw":{"text":"지원자님께서는 스트레스를 받으면 어떻게 하시는지요 또 왜 그런 방법으로 스트레스를 해소하는지도 함께 말씀해 주시면 좋겠습니다","wordCount":15},"emotion":[],"intent":[]},"answer":{"raw":{"text":"누구나 스트레스를 받게 되면 그 관련된 스트레스 때문에 아무리 풀려고 먼저 생각을 하더라도 잘 풀리지 않는 경우들이 많이 있습니다. 그런 경우에 저는 운동을 합니다. 일단은 그 스트레스에서 어 좀 멀어져서 운동 제가 좋아하는 헬스나 농구를 한 후에 다시 샤워를 하고 음 그 다음에 다시 그 스트레스에 직면을 합니다. 그렇게 직면을 하게 되면 처음에 받았던 스트레스 상황에서 보다는 좀 더 객관적으로 볼 수 있는 눈이 생기는 것 같습니다. 그렇게 제 몸 몸과 마음이 리플레쉬 되는 그런 상황에서 다시 한번 그 문제를 보면 좀 조금 더 객관적으로 그 업무를 어 스트레스를 보려는 마음과 아 능률이 오르기 때문에 저의 경우는 많이 스트레스가 해소되는 것을 느꼈습니다. 그렇다고 모든 부분들이 모든 스트레스들이 이러한 방법으로 다 해소되는 것은 아니지만 어느 정도 어 처음에 그 일을 스트레스를 받았을 때의 느낌보다는 좀 많이 나아짐을 느끼기 때문에 저에 스트레스를 해소하는 방법은 운동입니다.","wordCount":133},"emotion":[],"intent":[{"text":"","expression":"","category":"attitude"}],"summary":{"text":"누구나 스트레스를 받게 되면 먼저 풀려고 하더라도 잘 풀리지 않는 경우가 많습니다. 그런 경우에는 운동을 합니다. 일단 그 스트레스에서 멀어져서 헬스나 농구를 한 후에 다시 샤워를 하고 그 다음에 다시 그 스트레스에 직면합니다. 그렇게 하면 좀 더 객관적으로 볼 수 있는 눈이 생기는 것 같습니다.","wordCount":45}}},"rawDataInfo":{"question":{"fileFormat":"wav","fileSize":403278,"duration":12600,"samplingBit":16,"channelCount":1,"samplingRate":"16kHz","audioPath":"/Mock/07.ProductionManufacturing/Male/New/ckmk_q_mm_m_n_162351.wav"},"answer":{"fileFormat":"wav","fileSize":2549198,"duration":79660,"samplingBit":16,"channelCount":1,"samplingRate":"16kHz","audioPath":"/Mock/07.ProductionManufacturing/Male/New/ckmk_a_mm_m_n_162351.wav"}}}