{"version":"1.0","dataSet":{"info":{"date":"20230116","occupation":"MM","channel":"MOCK","place":"ONLINE","gender":"MALE","ageRange":"45-54","experience":"NEW"},"question":{"raw":{"text":"대한민국 금융정책기관으로서 우리 신용보증기금들이 호가 되어야 할 업무 영역이 있다면 어떤 것들이 있다고 생각하는지 지원자님의 생각을 답변 바랍니다","wordCount":18},"emotion":[],"intent":[]},"answer":{"raw":{"text":"신용보증기금은 어 국민의 세금으로 운영되는 공공기업입니다. 어 신용 신용보증기금이 주로 하는 일은 신청 기업의 요청에 의해서 기업이 부담하는 각종 채무를 증명함으로써 성장 유망한 기업을 지원하는 것이 가장 큰 목적이라고 할 수 있습니다. 또한 신용보증기금은 기업의 그 담보 문제를 해소해 줍니다. 은행으로 부터 대출 거래처로부터 물품 공급 등을 받는데 부족한 담보를 어 보증해 줌으로써 은행과 어 거래처로부터 어 좀 더 신용을 얻어서 그것을 어 보증해 주는 그런 제도 그 장점을 갖고 있습니다. 또한 신용보증기금은 비용을 절감시켜 줍니다. 은행은 신용보증 신용보증서 대출에 대한 우대 금리를 적용해 주고 부동산 대출에 따른 비용이 절감되고 민간보증 회사보다 보증료가 더 저렴하기 때문에 기업으론 이런 이익의 혜택을 볼 수 있습니다. 또한 우수 기업에게 선별적으로 지원됨으로써 보증받은 기업의 신용 재고를 높이는 것이 주 목적이라고 할 수 있습니다. 저는 개인적으로 이 신용보증기금이 기업뿐만이 아니라 개인에게도 이런 기회를 주어야 한다고 생각합니다.","wordCount":131},"emotion":[],"intent":[{"text":"","expression":"","category":"attitude"}],"summary":{"text":"신용보증기금의 주 업무는 신청 기업의 요청에 의해 기업이 부담하는 각종 채무를 증명함으로써 성장 유망한 기업을 지원하는 것입니다. 담보 문제를 해소해 주고, 비용을 절감시켜 주며, 우수 기업에게 선별적으로 지원됨으로써 보증받은 기업의 신용 재고를 높이는 것이 주 목적이라고 할 수 있습니다.","wordCount":39}}},"rawDataInfo":{"question":{"fileFormat":"wav","fileSize":419918,"duration":13120,"samplingBit":16,"channelCount":1,"samplingRate":"16kHz","audioPath":"/Mock/07.ProductionManufacturing/Male/New/ckmk_q_mm_m_n_171481.wav"},"answer":{"fileFormat":"wav","fileSize":2832078,"duration":88500,"samplingBit":16,"channelCount":1,"samplingRate":"16kHz","audioPath":"/Mock/07.ProductionManufacturing/Male/New/ckmk_a_mm_m_n_171481.wav"}}}