{"version":"1.0","dataSet":{"info":{"date":"20230116","occupation":"MM","channel":"MOCK","place":"ONLINE","gender":"MALE","ageRange":"45-54","experience":"NEW"},"question":{"raw":{"text":"지원자님께서 가지고 있는 어 상위 일 퍼센트의 능력이 있다면 그 능력을 최대한 자세하게 설명 부탁드립니다","wordCount":15},"emotion":[],"intent":[]},"answer":{"raw":{"text":"저만의 상위 일 프로 일 퍼센트의 능력이라고 말씀드리긴 뭐하지만 저는 다른 신입 지원자들에 비해서 실무 경험을 가지고 있습니다. 저는 이 직무에 지원하기 위해서 꽤 오랫동안 어 공부를 해 왔고 이 직무와 관련된 두 개의 자격증을 가지고 있습니다. 또한 저는 어 이 직무를 좀 더 잘 수행해 보고 경험해보고자 인턴 경험이 있습니다. 비록 다른 회사였지만 저는 생산 라인의 마지막 공정인 그 검수 검수 파트에서 그 알파 베타 프로그램을 직접 운영해 본 경험이 있습니다. 제가 갖고 있는 두 개의 자격증 중 하나가 바로 이 검수 프로그램입니다. 저는 이 일을 실질적으로 어 인턴 기간 동안 체험해 봤으며 직접 프로그램을 통해서 운영해보고 정비해보고 어 직접 어 사용해 본 경험을 가지고 있습니다. 저는 이 프로그램을 통해서 이 생산 라인이 어떻게 돌아가는지 어떤 공정을 거쳐서 어떻게 이루어지는지에 대해서 어 잘 이해하고 있다고 생각합니다.","wordCount":127},"emotion":[],"intent":[{"text":"저는 이 직무에 지원하기 위해서 꽤 오랫동안   어 공부를 해 왔고 이 직무와 관련된 두 개의 자격증을 가지고 있습니다.","expression":"c_imp","category":"personality"},{"text":"또한 저는   어 이 직무를 좀 더 잘 수행해 보고 경험해보고자 인턴 경험이 있습니다.","expression":"c_imp","category":"personality"},{"text":"비록 다른 회사였지만 저는 생산 라인의 마지막 공정인 그 검수 검수   파트에서 그 알파 베타 프로그램을 직접 운영해 본 경험이 있습니다.","expression":"f_equip","category":"technology"},{"text":"제가 갖고 있는 두 개의 자격증 중 하나가 바로 이 검수 프로그램입니다.","expression":"f_equip","category":"technology"},{"text":"저는   이 일을 실질적으로 어 인턴 기간 동안 체험해 봤으며 직접 프로그램을 통해서 운영해보고 정비해보고 어 직접   어 사용해 본 경험을 가지고 있습니다.","expression":"f_equip","category":"technology"},{"text":"저는 이 프로그램을 통해서 이 생산 라인이 어떻게 돌아가는지 어떤 공정을 거쳐서 어떻게 이루어지는지에 대해서 어 잘 이해하고 있다고 생각합니다.","expression":"f_equip","category":"technology"}],"summary":{"text":"저는 생산 라인의 마지막 공정인 검수 검수 파트에서 알파 베타 프로그램을 직접 운영해 본 경험이 있으며 인턴 기간 동안 체험해 봤으며 직접 프로그램을 통해서 운영해보고 정비해보고 직접 사용해 본 경험을 가지고 있습니다. 이 프로그램을 통해서 생산 라인이 어떻게 돌아가는지 어떤 공정을 거쳐서 어떻게 이루어지는지 잘 이해하고 있다고 생각합니다.","wordCount":48}}},"rawDataInfo":{"question":{"fileFormat":"wav","fileSize":417358,"duration":13040,"samplingBit":16,"channelCount":1,"samplingRate":"16kHz","audioPath":"/Mock/07.ProductionManufacturing/Male/New/ckmk_q_mm_m_n_171475.wav"},"answer":{"fileFormat":"wav","fileSize":2431438,"duration":75980,"samplingBit":16,"channelCount":1,"samplingRate":"16kHz","audioPath":"/Mock/07.ProductionManufacturing/Male/New/ckmk_a_mm_m_n_171475.wav"}}}