{"version":"1.0","dataSet":{"info":{"date":"20230116","occupation":"MM","channel":"MOCK","place":"ONLINE","gender":"MALE","ageRange":"45-54","experience":"NEW"},"question":{"raw":{"text":"지원자님께서는 본인이 교번 근무에 잘 적응할 수 있다고 생각하시나요 만약에 잘 적응할 수 있다고 생각하신다면 그 근거도 함께 말씀해 주세요","wordCount":20},"emotion":[],"intent":[]},"answer":{"raw":{"text":"어 저는 어 실지로 그 교본 근무를 체험해 본 경험이 있습니다.어 이 교대 근무도 해봤고 삼 교대 근무도 해봤는데 이 교대 근무는 정말로 너무 힘듭니다. 어떻게 보면 최악입니다. 이 교대 근무는 열 두 시간을 기준으로 그 맞교대를 하는 거다 보니까 어 개인적으로 어 너무 피곤하고 오히려 작업에 대한 능률도 좀 떨어진다라고 저는 생각하고 있습니다. 그거에 비해서 삼 교대 근무는 어 오히려 선호하고 저는 가장 이상적인 근무가 삼 교대 근무라고 생각을 합니다. 교번근무를 하게 되면 일단 주말이 없어지는 단점은 있지만 저는 오히려 남들이 일을 할 때 쉴 수 있음으로써 더 개인적으로 시간을 가질 수 있고 본인에 취미생활이라든지 이런 것에 더 시간을 많이 투자할 수 있다라고 생각을 합니다. 말 그대로 삼 교대 근무 같은 경우는 근무 시간은 똑같으면서 어 개인이 쓸 수 있는 본인이 활용할 수 있는 기간 시간이 더 많아지기 때문에 어 뭐 자기에 취미 생활을 한다라든지 아니면 뭐 휴식을 취한다라든지 이런 게 했을 때 좀 더 어 유리한 어 근무에 형태라고 저는 생각합니다.","wordCount":153},"emotion":[],"intent":[{"text":"이 교대 근무는 열 두 시간을 기준으로 그 맞교대를 하는 거다 보니까   어 개인적으로 어 너무 피곤하고 오히려 작업에 대한 능률도 좀 떨어진다라고 저는 생각하고 있습니다.","expression":"f_shift","category":"technology"},{"text":"그거에 비해서 삼 교대 근무는 어   오히려 선호하고 저는 가장 이상적인 근무가 삼 교대 근무라고 생각을 합니다.","expression":"f_shift","category":"technology"},{"text":"말 그대로 삼 교대 근무 같은 경우는 근무 시간은 똑같으면서   어 개인이 쓸 수 있는 본인이 활용할 수 있는 기간 시간이 더 많아지기 때문에 어 뭐 자기에 취미 생활을  한다라든지 아니면   뭐 휴식을 취한다라든지 이런 게 했을 때 좀 더 어 유리한 어 근무에 형태라고 저는 생각합니다.","expression":"f_shift","category":"technology"}],"summary":{"text":"교번 근무를 체험해 본 경험이 있는데, 삼 교대 근무는 근무 시간은 똑같으면서 본인이 활용할 수 있는 시간이 더 많아지기 때문에 자기의 취미 생활이나 휴식을 취하기에 더 유리한 근무 형태라고 생각합니다.","wordCount":30}}},"rawDataInfo":{"question":{"fileFormat":"wav","fileSize":517838,"duration":16180,"samplingBit":16,"channelCount":1,"samplingRate":"16kHz","audioPath":"/Mock/07.ProductionManufacturing/Male/New/ckmk_q_mm_m_n_164002.wav"},"answer":{"fileFormat":"wav","fileSize":2435918,"duration":76120,"samplingBit":16,"channelCount":1,"samplingRate":"16kHz","audioPath":"/Mock/07.ProductionManufacturing/Male/New/ckmk_a_mm_m_n_164002.wav"}}}