{"version":"1.0","dataSet":{"info":{"date":"20230116","occupation":"MM","channel":"MOCK","place":"ONLINE","gender":"MALE","ageRange":"35-44","experience":"NEW"},"question":{"raw":{"text":"지원자님께서 최근 다뤄보신 프로그램들 중에서 가장 잘 다룰 수 있는 설계 프로그램에 대해서 한번 구체적으로 말씀해 주시겠습니까","wordCount":17},"emotion":[],"intent":[]},"answer":{"raw":{"text":"저는 요즘 프로그래머들이 가장 빠르고 쉽게 익힐 수 있는 파이썬을 공부하고 있습니다. 파이썬은 씨언어에서 씨뿔뿔 자바 씨샵보다는 쪼금 더 난이도가 낮지만 많은 라이브러리를 씨언어에서 차출해서 쓰고 있기 때문에 생각보다 배우기는 어렵지 않습니다. 특히나 요즘은 그 빅데이터라든가 이런 거 데이터를 수집할 때 씨어너나 십 불 불 시 시 좌바를 쓰지 않고 파이선으로 기존의 기터브에 나와있는 라이브로리드를 차 차 이용해서 간단하게 프로그램을 만들고 제가 원하는 데이터를 구글이라든가 인터넷에서 쉽게 긁어 모을 수 있습니다. 이것을 알이라고 하는데요. 알 프로그램을 다루기 위해서는 파이썬을 할 줄 알아야 되고요. 파이썬은 간단하지는 않지만 그래도 씨언어를 다뤘던 사람들 입장에서는 프로그래밍 스트럭처를 쉽게 짤 수 있고 반복적인 구문을 쉽게 만들 수 있다는 가장 큰 장점이 있습니다.","wordCount":107},"emotion":[],"intent":[{"text":"저는 요즘 프로그래머들이 가장 빠르고 쉽게 익힐 수 있는 파이썬을 공부하고 있습니다.","expression":"c_imp","category":"personality"}],"summary":{"text":"파이썬은 많은 라이브러리를 씨언어에서 차출해서 쓰고 있기 때문에 배우기는 어렵지 않습니다. 특히 빅데이터나 데이터를 수집할 때 파이선으로 프로그램을 만들고 원하는 데이터를 구글이라든가 인터넷에서 쉽게 끌어 모을 수 있습니다. 파이썬의 장점은 프로그래밍 스트럭처를 쉽게 짤 수 있다는 것입니다.","wordCount":37}}},"rawDataInfo":{"question":{"fileFormat":"wav","fileSize":362318,"duration":11320,"samplingBit":16,"channelCount":1,"samplingRate":"16kHz","audioPath":"/Mock/07.ProductionManufacturing/Male/New/ckmk_q_mm_m_n_163008.wav"},"answer":{"fileFormat":"wav","fileSize":1986958,"duration":62090,"samplingBit":16,"channelCount":1,"samplingRate":"16kHz","audioPath":"/Mock/07.ProductionManufacturing/Male/New/ckmk_a_mm_m_n_163008.wav"}}}