{"version":"1.0","dataSet":{"info":{"date":"20230116","occupation":"MM","channel":"MOCK","place":"ONLINE","gender":"MALE","ageRange":"45-54","experience":"NEW"},"question":{"raw":{"text":"대학 생활을 보내면서 가장 힘들었던 경험이 무엇이었나요 그리고 그 경험을 어떤 식으로 극복했는지 극복 방법도 궁금합니다","wordCount":16},"emotion":[],"intent":[]},"answer":{"raw":{"text":"저의 대학 생활은 한국에서에 일 년 그리고 졸업은 하지 못하고 중국에서 어 오 년을 이 있었는데요. 그중에서 힘들었었던 생 일이라면 당시에는 한국과 제가 중국 상해에서 오 년 동안 유학 생활을 했었는데요. 그 당시에는 한국과 중국이 국교 성립을 한 지 얼마 되지 않아 거의 한국 생활 학생들은 없는 상태에서 제가 아 어 언어나 영어도 안되는 상황에서 모든 걸 제 손으로 직접 처리를 하고 그러한 상황에서 어 중간에 한국에 들어와서는 아르바이트도 하면서 생활비 정도는 벌어서 다시 또 중국에 가서 쓸 생활했던 여러 가지의 상황들이 이 어려운 부분이었습니다. 당연히 시간이 지나면 지날수록 언어적인 부분들이나 대학 수업 강의를 들을 때거나 필기를 할 때거나 이런 부분들은 시간이 지나면서 차차 해소가 되었었고요. 최종적으로는 중국어 뿐만이 아니라 영어 일본어까지 삼 개 국어를 아 자유롭게 구사할 정도의 외국어 실력을 갖게 되었습니다.","wordCount":123},"emotion":[{"text":"그중에서 힘들었었던 생 일이라면 당시에는 한국과 제가 중국 상해에서 오 년 동안 유학 생활을 했었는데요.","expression":"u-fact","category":"neutral"}],"intent":[{"text":"저의 대학 생활은 한국에서에 일 년 그리고 졸업은 하지 못하고 중국에서 어 오 년을   이 있었는데요.","expression":"c_private","category":"background"},{"text":"그중에서 힘들었었던 생 일이라면 당시에는 한국과 제가 중국 상해에서 오 년 동안 유학 생활을 했었는데요.","expression":"c_private","category":"background"},{"text":"그 당시에는 한국과 중국이 국교 성립을 한 지 얼마 되지 않아 거의 한국 생활 학생들은 없는 상태에서   제가 아 어 언어나 영어도 안되는 상황에서 모든 걸 제 손으로 직접 처리를 하고 그러한 상황에서 어   중간에 한국에 들어와서는 아르바이트도 하면서 생활비 정도는 벌어서 다시 또 중국에 가서 쓸 생활했던   여러 가지의 상황들이 이 어려운 부분이었습니다.","expression":"f_pat","category":"attitude"}],"summary":{"text":"저는 한국에서 일 년, 중국에서 오 년 동안 유학 생활을 했습니다. 당시에는 한국과 중국이 국교가 성립한 지 얼마 되지 않아 언어나 영어도 안되는 상황에서 모든 걸 제 손으로 처리를 하고, 중간에 한국에 들어와서는 아르바이트도 하면서 생활비를 벌어 다시 중국에 가는 생활이 어려운 부분이었습니다.","wordCount":43}}},"rawDataInfo":{"question":{"fileFormat":"wav","fileSize":377678,"duration":11800,"samplingBit":16,"channelCount":1,"samplingRate":"16kHz","audioPath":"/Mock/07.ProductionManufacturing/Male/New/ckmk_q_mm_m_n_172455.wav"},"answer":{"fileFormat":"wav","fileSize":2711118,"duration":84720,"samplingBit":16,"channelCount":1,"samplingRate":"16kHz","audioPath":"/Mock/07.ProductionManufacturing/Male/New/ckmk_a_mm_m_n_172455.wav"}}}