{"version":"1.0","dataSet":{"info":{"date":"20230116","occupation":"MM","channel":"MOCK","place":"ONLINE","gender":"MALE","ageRange":"45-54","experience":"NEW"},"question":{"raw":{"text":"지원자님께서 상사가 회사의 이익에 반하는 행동을 하는 것에 직접 목격했다면 지원자님은 그때 어떻게 행동하시겠습니까","wordCount":14},"emotion":[],"intent":[]},"answer":{"raw":{"text":"어 이런 상황이 발생한다면 정말 안타까운 상황 순간이 될 것 같은데 상사가 회사의 이익에 반하는 행동하는 것을 제가 알게 됐다면 저는 당연히 회사에 알리겠습니다. 이건 뭐 상사고 동료고 부하 직원이고 관계없습니다. 일단 어 저는 회사에 소속된 사람이고 회사의 이익을 위해서 어 노력을 해야 될 의무를 가지고 있는 사람입니다. 그런데 상사가 회사의 이익에 반하는 어떤 뭐 이적 행위라든지 어떤 뭐 다른 그런 불법 행위를 한다고 그러면 저는 그것은 당연히 회사에다 알려야 된다고 생각합니다. 그렇게 알리는 것이 오히려 그 상사에게 상사가 나중에 더 큰 일을 저지르기 전에 막는 방법일 수도 있다고 저는 믿습니다. 다만 이런 경우는 있습니다. 뭐 어 좀 표현이 너무 과할지는 모르겠는데 우리 회사가 만약 뭐 오염된 폐수를 뭐 그 뭐 아무 데를 막 갖다 버리는데 어 상사가 그걸 보고 신고를 한다 어 어쨌든 간에 회사의 잘못이 있지만 잘못된 이 역시 그걸 회사 입장에서 보면 그 회사에 이익에 반한 행동이라고 할 수 있기 때문에 저는 공공의 그 해를 주지 않는 한도 내에서 이런 일이 벌어진다면 저는 당연히 회사에 다 알릴 것 같습니다.","wordCount":162},"emotion":[],"intent":[{"text":"","expression":"","category":"attitude"}],"summary":{"text":"상사가 회사의 이익에 반하는 행동을 하는 것을 알았다면 당연히 회사에 알려야 한다 생각합니다. 이는 상사가 나중에 더 큰 일을 저지르기 전에 막는 방법일 수도 있습니다. 다만 이런 경우는 회사의 잘못이 있지만 잘못된 이 역시 회사에 이익에 반한 행동이라고 할 수 있기 때문에 공공의 그 해를 주지 않는 한도 내에서 회사에 다 알릴 것 같습니다.","wordCount":54}}},"rawDataInfo":{"question":{"fileFormat":"wav","fileSize":417998,"duration":13060,"samplingBit":16,"channelCount":1,"samplingRate":"16kHz","audioPath":"/Mock/07.ProductionManufacturing/Male/New/ckmk_q_mm_m_n_160252.wav"},"answer":{"fileFormat":"wav","fileSize":2703118,"duration":84470,"samplingBit":16,"channelCount":1,"samplingRate":"16kHz","audioPath":"/Mock/07.ProductionManufacturing/Male/New/ckmk_a_mm_m_n_160252.wav"}}}