{"version":"1.0","dataSet":{"info":{"date":"20230116","occupation":"MM","channel":"MOCK","place":"ONLINE","gender":"MALE","ageRange":"45-54","experience":"NEW"},"question":{"raw":{"text":"직무를 수행하고 있을 때 모르는 과제가 등장하였다면은 어떻게 해결하실 예정입니까 지원자님만의 해결법과 그 해결법을 선택한 이유도 함께 말씀해 주세요","wordCount":19},"emotion":[],"intent":[]},"answer":{"raw":{"text":"직무 수행 지 모르는 과제가 있다면 먼저 어 검색이나 관련된 내용들을 찾아봅니다. 그리고 그 업무야 업무가 업무에 대해서 어느 정도의 난이도가 높은지 중요성에 경중을 따져서 개인이 할 수 있는 업무인지 아니면 협업을 진행을 해야 되는 부분인지를 초도 판 판단을 합니다. 판단을 한 후에 개인이 처리할 문제라면 어느정도 시간이 소요가 되는지에 대해서 저도 판단을 하고 그 관련된 부분을 상사에 보고 하 보고를 하 합니다. 이 문제는 혼자서 처리하지 못하는 협업의 과정 협업의 문제인데요. 협업을 해야 되는 경우에는 특히 타 부서와의 협업의 경우는 회사 프로세스에 의거해서 업무 협조 공문을 발송하는 방법으로 처리를 합니다. 이 업무 협조 공문에을 발송하기 이전에 그 업무를 사 상사와 혹은 주위 사람과 협 통 친 동료들과 얘기를 해서 이러한 부분들은 어느 정도의 협업이 필요하다는 부분을 보고를 하고 업무 흡조 공문을 작성 후 내부적으로 어 부서별 어 검토를 거쳐서 타 부서에 발송을 하면서 어 해결을 해 왔습니다. 이러한 부분들이 협업에서는 아주 중요한 부분이라고 생각합니다.","wordCount":145},"emotion":[],"intent":[{"text":"이 업무 협조 공문에을 발송하기 이전에 그 업무를 사 상사와 혹은 주위 사람과 협   통 친 동료들과 얘기를 해서 이러한 부분들은 어느 정도의 협업이 필요하다는 부분을 보고를 하고 업무 흡조 공문을 작성 후 내부적으로   어 부서별 어 검토를 거쳐서 타 부서에 발송을 하면서 어 해결을 해 왔습니다.","expression":"c_cop","category":"personality"}],"summary":{"text":"업무가 어느 정도의 난이도가 높은지 중요성에 경중을 따져서 개인이 할 수 있는 업무인지 협업을 진행을 해야 되는 부분인지를 초도 판단합니다. 그 후에 상사에 보고 하겠습니다. 이 문제는 혼자서 처리하지 못하는 협업의 과정 협업의 문제입니다. 협업을 해야 되는 경우 업무 협조 공문을 발송하는 방법으로 처리 합니다.","wordCount":45}}},"rawDataInfo":{"question":{"fileFormat":"wav","fileSize":626638,"duration":19580,"samplingBit":16,"channelCount":1,"samplingRate":"16kHz","audioPath":"/Mock/07.ProductionManufacturing/Male/New/ckmk_q_mm_m_n_160311.wav"},"answer":{"fileFormat":"wav","fileSize":2638158,"duration":82440,"samplingBit":16,"channelCount":1,"samplingRate":"16kHz","audioPath":"/Mock/07.ProductionManufacturing/Male/New/ckmk_a_mm_m_n_160311.wav"}}}