{"version":"1.0","dataSet":{"info":{"date":"20230116","occupation":"MM","channel":"MOCK","place":"ONLINE","gender":"MALE","ageRange":"-34","experience":"NEW"},"question":{"raw":{"text":"현재 많은 대기업들이 해외로 공장을 이전하고 있습니다 지원자님께서는 이것에 대해서 찬성하십니까 반대하십니까 입장과 이유를 함께 말씀해 주세요","wordCount":17},"emotion":[],"intent":[]},"answer":{"raw":{"text":"저는 대기업들이 해외로 공장을 많이 이전하는 것으로 알고 있습니다. 특히 노동력이 값싼 동남아시아로 많이 해외를 해외로 공장을 이전하는 것으로 알고 있으며 그 부분에 있어서는 저는 찬성한다고 말씀을 드리고 싶습니다. 어찌됐건 간에 회사의 입장에서는 대기업들 입장에서는 이윤을 버는 것이 목표이며 어 그런 이윤을 벌기 위해서는 지출을 줄여야 한다고 생각을 합니다. 때문에 어 이런 어 지출을 줄이기 위해서는 노동력 값싼 노동력이 정말 중요하다고 생각을 하고 그런 것 그런 것들이 크게 작용해서 어 해외로 공장을 이전하고 있지 않나 라고 말씀을 드리고 싶습니다. 결국은 회사의 이윤이 커져야 거기 안에서 근무하고 있는 직원분들이 어 높은 연봉을 받을 수도 있는 부분이고 많은 것과 연관이 되어 있다고 생각을 합니다. 때문에 해외에 저 해외로 공장을 이전하는 거에 대해서 반대하는 입장도 있겠지만 저는 찬성을 하는 입장이라고 말씀을 드리고 싶습니다.","wordCount":120},"emotion":[],"intent":[{"text":"","expression":"","category":"attitude"}],"summary":{"text":"대기업들이 노동력이 값싼 동남아시아로 공장을 많이 이전하는 것으로 알고 있습니다. 회사 입장에서는 이윤을 버는 것이 목표이며 지출을 줄여야 한다고 생각을 하기 때문에 해외로 공장을 이전하고 있지 않았나 생각합니다. 결국은 회사의 이윤이 커져야 직원분들이 높은 연봉을 받을 수 있기 때문에 찬성을 하는 입장이라고 생각합니다.","wordCount":43}}},"rawDataInfo":{"question":{"fileFormat":"wav","fileSize":527438,"duration":16480,"samplingBit":16,"channelCount":1,"samplingRate":"16kHz","audioPath":"/Mock/07.ProductionManufacturing/Male/New/ckmk_q_mm_m_n_188601.wav"},"answer":{"fileFormat":"wav","fileSize":2731598,"duration":85360,"samplingBit":16,"channelCount":1,"samplingRate":"16kHz","audioPath":"/Mock/07.ProductionManufacturing/Male/New/ckmk_a_mm_m_n_188601.wav"}}}