{"version":"1.0","dataSet":{"info":{"date":"20230116","occupation":"MM","channel":"MOCK","place":"ONLINE","gender":"MALE","ageRange":"45-54","experience":"NEW"},"question":{"raw":{"text":"저희 회사에 굉장히 많은 계열사가 있습니다 그런데 특별히 이 계열사에 지원해 주신 이유가 있나요","wordCount":14},"emotion":[],"intent":[]},"answer":{"raw":{"text":"제가 이 계열사를 지원한 이유는 해외 영업쪽 관련된 업무가 제가 가장 잘 할 수 있는 부분이기도 하고 특히 이 계열사에서는 중국에서 상해 쪽 중심으로 한 강소성 절강성 쪽에 투자 부분들이 많이 있고 광동성 쪽에서 보면 어 심천이나 뭐 동관 지역 쪽에 투자하는 부분들 그리고 현재 진행하고 있는 비즈니스 쓰리 들이 있기 때문입니다. 저의 경우는 중국 상해에서 오 년간 유학생활을 진행을 해 했었고 미국 캐나다 밴쿠버에서 언어 연수도 한 경험을 가지고 있습니다. 또한 일본 도쿄에서 교환 학생으로도 어 일정 시간에 있었기 때문에 영어 중국어 일본어를 자유롭게 구사할 수 있는 외국어 실력을 갖추고 있습니다. 따라서 이 계열사에서 어 특히 중화권 관련돼서 어 아 여러 가지 비즈니스나 관련된 업무를 할 수 있다고 생각을 해서 지원을 하게 되었습니다. 물론 다른 계열사에서도 예 중국 쪽이나 아 일본 쪽 투자는 진행이 된 걸로 알고 있습니다. 하지만 이 기 방금 전에 말씀드렸던 에 이 계열사에서는 상해를 중심으로 한 광동성을 중시한 물은 부분이 특히 많아서 지원하게 되었습니다.","wordCount":149},"emotion":[{"text":"저의 경우는 중국 상해에서 오 년간 유학생활을 진행을 해 했었고 미국 캐나다 밴쿠버에서   언어 연수도 한 경험을 가지고 있습니다.","expression":"u-fact","category":"neutral"}],"intent":[{"text":"제가 이 계열사를 지원한 이유는 해외 영업쪽 관련된 업무가    제가 가장 잘 할 수 있는 부분이기도 하고 특히 이 계열사에서는 중국에서 상해 쪽 중심으로 한 강소성 절강성 쪽에 투자 부분들이 많이 있고   광동성 쪽에서 보면 어 심천이나 뭐 동관 지역 쪽에 투자하는 부분들 그리고 현재 진행하고 있는 비즈니스 쓰리 들이 있기 때문입니다.","expression":"c_sincere_job","category":"etc"},{"text":"저의 경우는 중국 상해에서 오 년간 유학생활을 진행을 해 했었고 미국 캐나다 밴쿠버에서   언어 연수도 한 경험을 가지고 있습니다.","expression":"c_private","category":"background"},{"text":"또한 일본 도쿄에서 교환 학생으로도   어 일정 시간에 있었기 때문에 영어 중국어 일본어를 자유롭게 구사할 수 있는 외국어 실력을 갖추고 있습니다.","expression":"c_private","category":"background"},{"text":"따라서 이 계열사에서 어   특히 중화권 관련돼서 어 아 여러 가지 비즈니스나 관련된 업무를 할 수 있다고 생각을 해서 지원을 하게 되었습니다.","expression":"c_sincere_job","category":"etc"},{"text":"하지만 이 기 방금 전에 말씀드렸던 에 이 계열사에서는 상해를 중심으로 한 광동성을 중시한 물은 부분이 특히 많아서 지원하게 되었습니다.","expression":"c_sincere_job","category":"etc"}],"summary":{"text":"이 계열사를 지원한 이유는 해외 영업쪽 관련된 업무가 제가 가장 잘 할 수 있는 부분이기도 하고 특히 이 계열사에서는 중국에서 상해 쪽 중심으로 한 강소성 절강성 쪽에 투자 부분들이 많고 광동성 쪽에서 보면 심천이나 동관 지역 쪽에 투자하는 부분들 그리고 현재 진행하고 있는 비즈니스 쓰리 들이 있기 때문입니다.","wordCount":48}}},"rawDataInfo":{"question":{"fileFormat":"wav","fileSize":268878,"duration":8400,"samplingBit":16,"channelCount":1,"samplingRate":"16kHz","audioPath":"/Mock/07.ProductionManufacturing/Male/New/ckmk_q_mm_m_n_172062.wav"},"answer":{"fileFormat":"wav","fileSize":2814158,"duration":87940,"samplingBit":16,"channelCount":1,"samplingRate":"16kHz","audioPath":"/Mock/07.ProductionManufacturing/Male/New/ckmk_a_mm_m_n_172062.wav"}}}