{"version":"1.0","dataSet":{"info":{"date":"20230116","occupation":"MM","channel":"MOCK","place":"ONLINE","gender":"MALE","ageRange":"45-54","experience":"NEW"},"question":{"raw":{"text":"살면서 무엇인가 하나에 푹 빠져서 몰두해 본 적이 있나요 있다면 그것이 어떤 것인지 궁금합니다","wordCount":14},"emotion":[],"intent":[]},"answer":{"raw":{"text":"인생을 살면서 제가 푹 빠져본 부분은 언어 배우기입니다. 제가 중국 상해에서 오 년간 유학 생활을 하면서 중국어는 당연히 해야 되는 부분이었고요. 룸메이트가 일본 사람이다 보니 일본어를 공부하고자 하는 욕심이 생겨서 일본어는 일본어를 글로써가 아닌 말로써 어 공부를 했었습니다. 당연히 히라가나 가타카나도 모르는 상태에서 어린아이가 언어를 배우듯이 했었던 했었던 경험을 가지고 있습니다. 영어의 경우는 기숙사 바로 옆 방에 영국 사람이 있어서 영국 사람 매 매일 저녁에 맥주 하나씩을 사서 어 일부러 방에 방문을 하고 여러 가지 간단한 말들을 하면서 영어를 계속 공부를 해서 최종적으로는 오 년 졸업에서 주 돌아왔을 때는 상해에서 돌아왔을 때는 영어 중국어 일본어를 자유롭게 자연 자연스럽게 구사할 정도의 실력을 갖추게 되었습니다. 최근에는 스페인과 스페인어권쪽 관련된 부분들의 관심을 가지면서 스페인어 또한 공부를 하고 있는데요. 이런 부분으로 보면 언어 언어에 폭 빠져 본 경험이 있습니다.","wordCount":125},"emotion":[],"intent":[{"text":"제가 중국 상해에서 오 년간 유학 생활을 하면서 중국어는 당연히 해야 되는 부분이었고요.","expression":"c_private","category":"background"}],"summary":{"text":"저는 중국 상해에서 유학 생활을 하면서 중국어는 당연히 해야 되는 부분이었고, 룸메이트가 일본 사람인데 일본어를 말로써 공부를 했었습니다. 영어는 기숙사 옆 방에 영국 사람이 있어서 매일 저녁에 맥주들을 사서 방에 방문을 하고 공부를 해서 최종적으로는 상해에서 돌아왔을 때는 영어 중국어 일본어를 자연스럽게 구사할 정도의 실력을 갖추게 되었습니다.","wordCount":47}}},"rawDataInfo":{"question":{"fileFormat":"wav","fileSize":300878,"duration":9400,"samplingBit":16,"channelCount":1,"samplingRate":"16kHz","audioPath":"/Mock/07.ProductionManufacturing/Male/New/ckmk_q_mm_m_n_172058.wav"},"answer":{"fileFormat":"wav","fileSize":2770318,"duration":86570,"samplingBit":16,"channelCount":1,"samplingRate":"16kHz","audioPath":"/Mock/07.ProductionManufacturing/Male/New/ckmk_a_mm_m_n_172058.wav"}}}