{"version":"1.0","dataSet":{"info":{"date":"20230116","occupation":"MM","channel":"MOCK","place":"ONLINE","gender":"MALE","ageRange":"-34","experience":"NEW"},"question":{"raw":{"text":"아 이전 직장에서 퇴사한 경험이 있으실 텐데요 퇴사하고 나서 후회하신 적은 있는지요 뭘 후회하셨다면 왜 후회 했는지도 함께 말씀을 해 주시기 바랍니다","wordCount":22},"emotion":[],"intent":[]},"answer":{"raw":{"text":"규모가 드라마틱하게 커지는 직장으로 이직을 하지 않는 이상 어떻게 보면은 이전 직장과 현직장 비교해 봤을 때 장단점이 조금씩 다른 것을 확인할 수 있었습니다. 이전 직장의 경우 백 퍼센트 외근직이였습니다. 현장에 나가서 정비를 하고 점검을 하고 법적으로 맞지 않는지 따져보는 일을 했었었는데 전국의 현장이 있기 때문에 수도권에서 가 맨날 각각의 지방으로 출장을 나갔었습니다. 이렇게 잦은 출장이 어떻게 보면 외근의 성격에 맞는 그런 사람들은 잘 맞을 것이라고 생각이 드는데요. 출퇴근 시간에 막히는 것을 잘만 피해 다닐 수 있다면 굉장히 시간이 잘 갔습니다. 하지만 그런 것들에 대해서 퇴사를 한 것에 대해서 전혀 후회가 없습니다. 단지 저한테 개인 차량이 나왔습니다. 좋은 차는 아니었지만 그래도 저한테 개인 차량이 유지비 없이 운영할 수 있게 된다는 것은 굉장히 좋은 것이었기 때문에 일적인 것을 약간 배제하고 복지 측면에서 개인 차량을 받지 못한 것이 약간은 아쉽습니다. 하지만 이와 별개로 저는 현재 직무에 만족하면서 일을 할 수 있을 것이라고 생각이 들어서 후회는 안 합니다.","wordCount":144},"emotion":[],"intent":[{"text":"","expression":"","category":"attitude"}],"summary":{"text":"이전 직장의 경우 백 퍼센트 외근직이었습니다. 현장 정비를 하고 점검을 하고 법적으로 맞지 않는지 따져보는 일을 했었는데 출퇴근 시간에 막히는 것을 잘만 피해 다닐 수 있다면 굉장히 시간이 잘 갔습니다. 그런 것들에 대해서 퇴사를 한 것에 대해서 전혀 후회가 없으며 현재 직무에 만족하면서 일을 할 수 있을 것이라고 생각합니다.","wordCount":49}}},"rawDataInfo":{"question":{"fileFormat":"wav","fileSize":461198,"duration":14410,"samplingBit":16,"channelCount":1,"samplingRate":"16kHz","audioPath":"/Mock/07.ProductionManufacturing/Male/New/ckmk_q_mm_m_n_170899.wav"},"answer":{"fileFormat":"wav","fileSize":2745038,"duration":85780,"samplingBit":16,"channelCount":1,"samplingRate":"16kHz","audioPath":"/Mock/07.ProductionManufacturing/Male/New/ckmk_a_mm_m_n_170899.wav"}}}