{"version":"1.0","dataSet":{"info":{"date":"20230116","occupation":"MM","channel":"MOCK","place":"ONLINE","gender":"MALE","ageRange":"45-54","experience":"NEW"},"question":{"raw":{"text":"면접자께서는 규칙적 업무 수행을 잘 하기 위한 본인만의 노하우나 방법이 있으신가요 있으시다면 설명 부탁드리겠습니다","wordCount":14},"emotion":[],"intent":[]},"answer":{"raw":{"text":"어 뭐 이것은 정말 노하우라고 말씀드리기도 뭐 한데 그냥 방법이 있습니다. 사고를 줄이고 어 그 규칙적인 업무를 잘 하기 위해서는 규정을 지키면 됩니다. 어 이것은 말은 쉽지만 실제로 현장에서는 그 일이 안 지켜지기 때문에 그 생산 그 비율이 떨어지고 어 사고가 나는 것이라고 저는 생각합니다. 규정대로 두 시간을 일을 했으면 무조건 이십 분 이상은 기계두 쉬어야 되고 사람도 쉬게 해줘야 됩니다. 어 이 규칙적인 업무라는 게 어찌 보면 단순 업무이기 때문에 오히려 사고의 확률이 되게 높습니다. 조금만 방심해도 아 이건 내가 뭐 평생 해 오던 일인데 이건 뭔 내가 눈 감고도 할 수 있는 일인데 이런 스 생각을 하는 순간 사고가 납니다. 그렇기 때문에 이 규정 시간을 지켜서 일을 두 시간을 했으면 이십 분을 꼭 쉬어 주고 그 이십 분 쉴 때는 정말 직원들이 쉴 수 있는 공간을 제공해야 됩니다. 그래야지 작업 구역시 그래야 작업의 능률도 오르고 사고도 안 난다고 저는 생각합니다.","wordCount":142},"emotion":[],"intent":[{"text":"","expression":"","category":"attitude"}],"summary":{"text":"규칙적인 업무는 단순 업무이기 때문에 사고의 확률이 높습니다. 그렇기 때문에 규정을 지켜서 일을 두 시간을 했으면 무조건 이십 분 이상은 기계와 사람을 쉬게 해주어야 합니다. 그래야 작업의 능률도 오르고 사고도 안 납니다.","wordCount":32}}},"rawDataInfo":{"question":{"fileFormat":"wav","fileSize":451278,"duration":14100,"samplingBit":16,"channelCount":1,"samplingRate":"16kHz","audioPath":"/Mock/07.ProductionManufacturing/Male/New/ckmk_q_mm_m_n_157082.wav"},"answer":{"fileFormat":"wav","fileSize":2394318,"duration":74820,"samplingBit":16,"channelCount":1,"samplingRate":"16kHz","audioPath":"/Mock/07.ProductionManufacturing/Male/New/ckmk_a_mm_m_n_157082.wav"}}}