{"version":"1.0","dataSet":{"info":{"date":"20230116","occupation":"MM","channel":"MOCK","place":"ONLINE","gender":"MALE","ageRange":"45-54","experience":"NEW"},"question":{"raw":{"text":"지원자님께서는 여가 시간에 무슨 일을 하시는지 또 그 일을 무엇 때문에 하시는지 설명해 주실 수 있습니까","wordCount":16},"emotion":[],"intent":[]},"answer":{"raw":{"text":"어 시간이 남을 때 저는 주로 휴식을 취하는 편인데 저는 그 휴식을 취할 때 가능하면 어 육체적으로 움직이는 것보다는 그냥 뭐 저 개인적인 일을 합니다. 어 정말로 그냥 카페에 들어가 가지고 어 커피 한 잔 시켜 놓고 뭐 한 시간이든 두 시간 든 책을 본다라든지 아니면 그것도 귀찮다 그러면 그냥 혼자서 멍을 때린다라든지 아니면 저는 어 낮 시간에 그 사람이 없을 시간에 일부러 어 좀 한적한 시간을 골라서 혼자서 극장에 갑니다. 제가 좋아하는 장르에 혹은 또 제가 좋아하는 배우가 나오는 영화를 혼자서 봅니다. 어 그 혼자서 볼 때는 나름 저만의 시간을 가질 수 있기 때문에 영화에 더 흠뻑 빠질 수도 있고 반대로 영화에 안 빠지고 그냥 멍을 때리더라도 저 혼자만의 시간이기에 저는 그 시간 자체가 휴식이고 저한테는 힐링이 됩니다. 그리고 뭐 좀 더 시간적 여유가 있다면 저는 낚시를 갑니다. 어 낚시 역시 뭐 혼자 가거나 아니면 정말 친한 친구 한 명 정도랑 가서 어 같이 뭐 그냥 사는 얘기하고 뭐 커피 한 잔 하고 뭐 소주 한 술 한 잔 하면서 그 일상에 있었던 얘기를 두런두런 하는 것을 어 취미 삼고 휴식으로 삼고 있습니다.","wordCount":174},"emotion":[],"intent":[{"text":"","expression":"","category":"attitude"}],"summary":{"text":"저는 시간이 남을 때 주로 휴식을 취하는 편인데, 육체적으로 움직이는 것보다는 개인적인 일을 하고 있습니다. 주로 한적한 시간을 골라 혼자 극장에 가거나, 친한 친구 한 명 정도랑 낚시를 가서 일상에 있었던 얘기를 하는 것을 취미삼아 휴식으로 삼고 있고, 그 시간 자체가 휴식이고 힐링이 됩니다.","wordCount":44}}},"rawDataInfo":{"question":{"fileFormat":"wav","fileSize":332878,"duration":10400,"samplingBit":16,"channelCount":1,"samplingRate":"16kHz","audioPath":"/Mock/07.ProductionManufacturing/Male/New/ckmk_q_mm_m_n_179450.wav"},"answer":{"fileFormat":"wav","fileSize":2810958,"duration":87840,"samplingBit":16,"channelCount":1,"samplingRate":"16kHz","audioPath":"/Mock/07.ProductionManufacturing/Male/New/ckmk_a_mm_m_n_179450.wav"}}}