{"version":"1.0","dataSet":{"info":{"date":"20230116","occupation":"MM","channel":"MOCK","place":"ONLINE","gender":"MALE","ageRange":"-34","experience":"NEW"},"question":{"raw":{"text":"지원자님은 시간이 남을 때 주로 무슨 일을 하시는지 또한 그 일을 하시는 이유가 무엇인지 궁금합니다 그것에 대해서 자세하게 한 번 설명해 주세요","wordCount":22},"emotion":[],"intent":[]},"answer":{"raw":{"text":"시간이 남을 때는 주로 집안일을 많이 하는 편입니다. 제 평소 잘 돌아다니는 것을 좋아하지 않고 집에 있는 것을 선호하는데 어 깨끗한 것을 좋아하고 좀 정리 정돈된 것을 좋아하기 때문에 시간이 남을 때면 집에서 청소를 한다거나 빨래를 하고 어 이불 정리를 하는 등 집안일을 좀 주로 많이 하는 편입니다. 아 최근에는 또 청소기에 관심이 생겨서 어 청소기를 하나 구입하게 됐는데 그 청소기로 집안 곳곳을 청소하는 게 요즘 제가 시간 날 때마다 하는 일입니다. 또 어 그 몸 그 맥락과 마찬가지로 저는 차량 청소나 세차하는 것도 참 즐겨하곤 합니다. 어 주말 같은 경우에 제가 시간이 남을 때 세차장에 가면 보통 네 다섯 시간 정도 세차를 함 하는데요. 어 깨끗해지는 차를 보고 어 제 기분이 상쾌해지고 맑아지는 그런 부분 때문에 세차를 하고 청소를 하는 것을 참 좋아합니다.","wordCount":124},"emotion":[],"intent":[{"text":"어 주말 같은 경우에 제가 시간이 남을 때 세차장에 가면   보통 네 다섯 시간 정도 세차를 함 하는데요.","expression":"c_private","category":"background"}],"summary":{"text":"깨끗한 것을 좋아하고 정리정돈된 것을 좋아하는 저는 시간이 남을 때는 주로 집안일을 많이 합니다. 최근엔 청소기를 구입해서 집안 곳곳을 청소하고, 차량 청소나 세차도 참 즐겨합니다.","wordCount":25}}},"rawDataInfo":{"question":{"fileFormat":"wav","fileSize":580558,"duration":18140,"samplingBit":16,"channelCount":1,"samplingRate":"16kHz","audioPath":"/Mock/07.ProductionManufacturing/Male/New/ckmk_q_mm_m_n_173685.wav"},"answer":{"fileFormat":"wav","fileSize":2441038,"duration":76280,"samplingBit":16,"channelCount":1,"samplingRate":"16kHz","audioPath":"/Mock/07.ProductionManufacturing/Male/New/ckmk_a_mm_m_n_173685.wav"}}}