{"version":"1.0","dataSet":{"info":{"date":"20230116","occupation":"MM","channel":"MOCK","place":"ONLINE","gender":"MALE","ageRange":"45-54","experience":"NEW"},"question":{"raw":{"text":"스트레스를 받으면 어떻게 하세요 그럼 왜 그런 방법으로 스트레스를 해소하시나요","wordCount":10},"emotion":[],"intent":[]},"answer":{"raw":{"text":"저만의 스트레스 해소 방법이라면 저는 혼자에 혼자만의 시간을 갖는 편입니다. 어 저는 스트레스를 받거나 어 좀 저 스스로 힐링이 필요하다고 생각을 하면 저는 극장에 가서 영화를 봅니다. 어 사람이 많은 시간 대 여러 명이랑 극장에 가는 것이 아니라 어 낮 시간에 사람이 가장 없을 시간을 선택해서 좌석도 남자가 조금 떨어진 자리를 선택해 가지고 제가 좋아하는 장르 좋아하는 배우가 나오는 영화를 관람 관람합니다. 어 이 시간은 혼자서 영화를 보게 되면 어 영화에 집중할 수도 있고 어 영화를 보고 있지만 저 스스로에게 어 쉬는 시간 휴식을 준다라는 느낌이 많이 듭니다. 좀 더 시간적 여유가 있을 때는 저는 낚시를 갑니다. 낚시 역시 여러 명이서 가는 게 아니라 저 혼자서 어 강가에서 이렇게 하는 낚시가 아닌 좌대에 들어가서 오로지 정말 저 혼자만의 시간을 갖습니다. 어 낚싯대를 해가 진 강에다가 낚싯대를 던져 놓고 거기서 마시는 뭐 믹스 커피 혼자서 끓여먹는 라면 하나는 저한테 어 힐링이 되고 저한테 휴식이 되고 다시 어 나아갈 힘을 줍니다. 저는 그런 식으로 스트레스를 해소합니다.","wordCount":154},"emotion":[],"intent":[{"text":"","expression":"","category":"attitude"}],"summary":{"text":"저만의 스트레스 해소 방법이라면 저는 혼자의 시간을 갖는 편입니다. 저 스스로 힐링이 필요하다고 생각되면 낮에 사람이 가장 적을 시간을 선택해서 영화를 관람 관람합니다. 좀 더 시간적 여유가 있을 때는 낚시를 하는데 강가에 좌대에 들어가 오로지 저 혼자 낚시를 합니다. ","wordCount":39}}},"rawDataInfo":{"question":{"fileFormat":"wav","fileSize":257998,"duration":8060,"samplingBit":16,"channelCount":1,"samplingRate":"16kHz","audioPath":"/Mock/07.ProductionManufacturing/Male/New/ckmk_q_mm_m_n_171473.wav"},"answer":{"fileFormat":"wav","fileSize":2722638,"duration":85080,"samplingBit":16,"channelCount":1,"samplingRate":"16kHz","audioPath":"/Mock/07.ProductionManufacturing/Male/New/ckmk_a_mm_m_n_171473.wav"}}}