{"version":"1.0","dataSet":{"info":{"date":"20230116","occupation":"MM","channel":"MOCK","place":"ONLINE","gender":"MALE","ageRange":"45-54","experience":"NEW"},"question":{"raw":{"text":"지원자분께서 지금까지 살아오시면서 완전히 새로운 환경에서 한 번도 맡아보지 못했던 일을 맡아서 해 보신 경험이 있으시다고 한다면 그 경험이 어떤 경험이었는지에 대해서 저희에게 소개해 주시기 바랍니다","wordCount":26},"emotion":[],"intent":[]},"answer":{"raw":{"text":"제가 여태까지 살아오면서 어 낯선 환경에 가장 낯선 환경에 처해 본 곳은 군 입대였습니다. 어 저는 서울에서 태어났습니다. 서울에서 태어나고 군 생활은 강원도 원통에서 했습니다. 어 저는 태어나서 군대 가기 전까지 이십 이 년 동안 해본 삽질보다 군대에 가서 일 주일 동안 한 삽질이 더 많 많을 겁니다. 서울에서 태어난 제가 어디에서 삽질을 해봤겠습니까. 어 군 생활은 정말 낯설고 힘들었습니다. 그런데도 역시 그 자리가 사람을 만든다는 말을 저는 정말 공감합니다. 그 어리버리하던 그 이등병이 일 병이 되고 상병이 되고 병장이 됐을 무렵에는 저는 군대가 제 체질이라는 생각까지 했습니다. 어 누구나 그 환경에 적응을 한다고 생각을 합니다. 다만 그게 낯설고 어 새로와서 거기에 적응하는 데 시간이 걸릴 뿐이라고 생각을 합니다. 아무리 어디버리한 그 이등병도 결국에 병장이 됐을 때는 그 책무와 의무와 의무를 다 하게 됩니다. 어 저는 인간은 환경에 적응하는 사람 동물이고 그 환경을 이겨낼 수 있는 사람이라고 생각을 합니다. 저는 이 경험을 통해서 많은 성장해서 군생활을 통해서 많이 성장했으며 그것은 제 사회생활에 많은 도움이 되고 있다고 생각합니다.","wordCount":157},"emotion":[{"text":"어 저는 서울에서 태어났습니다.","expression":"u-fact","category":"neutral"},{"text":"서울에서 태어나고   군 생활은 강원도 원통에서 했습니다.","expression":"u-fact","category":"neutral"}],"intent":[{"text":"어 저는 서울에서 태어났습니다.","expression":"c_private","category":"background"},{"text":"서울에서 태어나고   군 생활은 강원도 원통에서 했습니다.","expression":"c_private","category":"background"}],"summary":{"text":"낯선 환경에 처해 본 곳은 군 입대였습니다. 군 생활은 낯설고 힘들었지만 그 자리가 사람을 만든다는 말을 공감했습니다. 인간은 환경에 적응하는 동물이고 그 환경을 이겨낼 수 있는 사람이라고 생각합니다. 이 경험을 통해서 많이 성장해서 군생활을 하면서 제 사회생활에 많은 도움이 되었습니다.","wordCount":40}}},"rawDataInfo":{"question":{"fileFormat":"wav","fileSize":622158,"duration":19440,"samplingBit":16,"channelCount":1,"samplingRate":"16kHz","audioPath":"/Mock/07.ProductionManufacturing/Male/New/ckmk_q_mm_m_n_171875.wav"},"answer":{"fileFormat":"wav","fileSize":2822158,"duration":88190,"samplingBit":16,"channelCount":1,"samplingRate":"16kHz","audioPath":"/Mock/07.ProductionManufacturing/Male/New/ckmk_a_mm_m_n_171875.wav"}}}