{"version":"1.0","dataSet":{"info":{"date":"20230116","occupation":"MM","channel":"MOCK","place":"ONLINE","gender":"MALE","ageRange":"45-54","experience":"NEW"},"question":{"raw":{"text":"성공적으로 정비 관련 이슈를 해결해 본 경험이 있습니까 자세하게 말씀해 주세요","wordCount":11},"emotion":[],"intent":[]},"answer":{"raw":{"text":"네 저는 전 직장에서 어 인턴사원으로 약 육 개월 정도 근무를 한 적이 있습니다. 그때 제가 근무하던 회사에 그 기계들은 대부분 독일에서 수입해 온 어 기계들이었습니다. 그런데 기계를 돌리다 보면 자동적으로 이 소모품 그 소모품이 생기게 되는데 이게 참 저 제가 생각할 때 이상한 것은 그 소모품이 발생했을 때 그 소모가 된 그 제품을 어 독일 본사로 보내면 그쪽에서는 그걸 받아본 후에 다시 그 소모품을 보내주는 것이었습니다. 독일이 바로 우리 옆에 있는 무슨 나라도 아니고 어 멀리 있다 보니 이 물건이 가고 돌아오는 데 최소 이십 일에서 한 달 정도가 소요되는 것입니다. 그 한 달 동안 우리는 그 공장 라인을 정상적으로 운영을 할 수가 없는 경우가 계속 발생했습니다. 저는 그걸 좀 약간 의문스럽게 생각하고 당시 학교에서 많이 쓰고 있던 쓰리디 프린터기와 그 레이저 조각기를 이용해서 그것을 프린팅하고 새로 만들어 봤습니다. 이게 물론 그 정품 기계와는 좀 비교를 할 수 없지만 그 부품이 올 때까지 기계를 훌륭하게 돌릴 수 있는 계기가 됐습니다. 그래서 그 후로 어 그 회사에서는 그 쓰리디 프린터기와 즉 어 레이저 제각 레이저 조각기로 부품을 만들어서 사용하고 있습니다.","wordCount":170},"emotion":[],"intent":[{"text":"저는 그걸 좀 약간 의문스럽게 생각하고 당시 학교에서 많이 쓰고 있던 쓰리디 프린터기와 그 레이저   조각기를 이용해서 그것을 프린팅하고 새로 만들어 봤습니다.","expression":"f_equip","category":"technology"},{"text":"그래서 그 후로 어 그 회사에서는 그 쓰리디 프린터기와 즉 어 레이저 제각 레이저 조각기로 부품을 만들어서 사용하고 있습니다.","expression":"f_equip","category":"technology"}],"summary":{"text":"기계를 돌리다 보면 자동적으로 소모품이 생기는데 독일 본사로 보내면 거기서 다시 소모품을 보내주는 것이었습니다. 한 달 정도 소요되었는데 공장 라인을 운영할 수가 없었습니다. 그래서 학교에서 쓰는 쓰리디 프린터기와 레이저 조각기를 이용해서 새로 만들어 봤습니다. 그 후로 그 회사에서는 제가 만든 레이저 조각기를 사용하고 있습니다.","wordCount":44}}},"rawDataInfo":{"question":{"fileFormat":"wav","fileSize":294158,"duration":9190,"samplingBit":16,"channelCount":1,"samplingRate":"16kHz","audioPath":"/Mock/07.ProductionManufacturing/Male/New/ckmk_q_mm_m_n_172574.wav"},"answer":{"fileFormat":"wav","fileSize":2853838,"duration":89180,"samplingBit":16,"channelCount":1,"samplingRate":"16kHz","audioPath":"/Mock/07.ProductionManufacturing/Male/New/ckmk_a_mm_m_n_172574.wav"}}}