{"version":"1.0","dataSet":{"info":{"date":"20230116","occupation":"MM","channel":"MOCK","place":"ONLINE","gender":"MALE","ageRange":"45-54","experience":"NEW"},"question":{"raw":{"text":"지원자님 주변의 친구들 또는 지인들 중 한 명을 골라서 그 한 명에 대해서 구체적이고 자세하게 칭찬을 해 주십시오","wordCount":18},"emotion":[],"intent":[]},"answer":{"raw":{"text":"제 친구 중 한 명은 늦은 나이에 마라톤을 시작했습니다. 제 나이 때에는 마라톤 하기가 굉장히 어렵습니다. 하지만 그 친구는 십 년 전서부터 마라톤을 조금씩 조금씩 키로 수를 늘리더니 어느 순간에는 완주를 하더라구요. 심지어는 완주를 한 게 한 두 번이 아니라 거의 지금 삼십 회 이상을 완주했다고 했습니다. 그래서 제가 물어봤습니다. 마라톤은 기록이 어 마라톤 기록이 어떻게 됐는지 제가 물어봤습니다. 보통 잘한 사람들은 세 시간 안쪽이고 그 친구는 네 시간 가까이 된다고 하더라고요. 네 시간 가까이 풀 코스를 뛰면서 수많 생각을 하게 되고 그리고 그 다음에 도전했을 때 좀 더 기록을 줄이고 이런 식으로 목표를 설정해서 나가는 모습이 저에게는 굉장한 감동을 주었습니다.","wordCount":101},"emotion":[{"text":"네 시간 가까이 풀 코스를 뛰면서 수많 생각을 하게 되고 그리고 그 다음에 도전했을 때 좀 더 기록을 줄이고 이런 식으로 목표를 설정해서 나가는 모습이 저에게는 굉장한 감동을 주었습니다.","expression":"p-gratitude","category":"positive"}],"intent":[{"text":"","expression":"","category":"attitude"}],"summary":{"text":"제 친구 중 한 명은 늦은 나이에 마라톤을 시작했으나 십 년 전부터 조금씩 키로 수를 늘리더니 어느 순간에는 완주를 하더군요. 그 친구가 기록을 줄이고 목표를 설정해서 나가는 모습이 저에게는 굉장한 감동을 주었습니다.","wordCount":32}}},"rawDataInfo":{"question":{"fileFormat":"wav","fileSize":566478,"duration":17700,"samplingBit":16,"channelCount":1,"samplingRate":"16kHz","audioPath":"/Mock/07.ProductionManufacturing/Male/New/ckmk_q_mm_m_n_176694.wav"},"answer":{"fileFormat":"wav","fileSize":2103118,"duration":65720,"samplingBit":16,"channelCount":1,"samplingRate":"16kHz","audioPath":"/Mock/07.ProductionManufacturing/Male/New/ckmk_a_mm_m_n_176694.wav"}}}