{"version":"1.0","dataSet":{"info":{"date":"20230116","occupation":"MM","channel":"MOCK","place":"ONLINE","gender":"MALE","ageRange":"-34","experience":"NEW"},"question":{"raw":{"text":"어 지원자님께서는 이전에 어 직장에서 퇴사한 것에 대해서 후회를 해 보신 적이 있는지요 어 있다면 왜 후회를 하셨는지 그 이유도 함께 말씀해 주시기 바랍니다","wordCount":24},"emotion":[],"intent":[]},"answer":{"raw":{"text":"이런 직장에서 퇴사한 후 퇴사한 것을 후회한 적은 없나요 있다면 왜 인지도 함께 말해 달라고 이렇게 질문을 해주셨는데요. 이전 직장에서 퇴사한 것을 뭐 후회하기 합니다. 왜냐하면 좋은 사람들과 어 많은 것을 배웠고 어 더 좋은 곳으로 갈 수 있게 잘 인도를 하고 저도 많이 성장하고 배운 것 같기 때문에 후회를 하기 하지만 그래도 인제 제가 원해서 나온 거고 이제 다른 다른 길을 다른 원하는 것을 얻기 위해서 나온 거기 때문에 후회하는 마음도 크지만 저는 다른 곳에서 더 좋은 곳을 하기 위해서 나온 또 다른 기회라고 생각을 하고요. 어 그렇기 때문에 어 더 더 힘들었지만 인제 더 좋은 것을 하기 위해서 어 더 열심히 노력을 하기 위해 어 그 사람들과의 추억과 더 배움이 있었지만 그렇게 해서 후회하지만 많이 후회하지는 않는 것 같습니다.","wordCount":121},"emotion":[],"intent":[{"text":"","expression":"","category":"attitude"}],"summary":{"text":"다른 곳에서 더 좋은 것을 하기 위해서 나온 또 다른 기회라고 생각하기 때문에 많이 후회하지는 않는 것 같습니다.","wordCount":18}}},"rawDataInfo":{"question":{"fileFormat":"wav","fileSize":494798,"duration":15460,"samplingBit":16,"channelCount":1,"samplingRate":"16kHz","audioPath":"/Mock/07.ProductionManufacturing/Male/New/ckmk_q_mm_m_n_167292.wav"},"answer":{"fileFormat":"wav","fileSize":2313678,"duration":72300,"samplingBit":16,"channelCount":1,"samplingRate":"16kHz","audioPath":"/Mock/07.ProductionManufacturing/Male/New/ckmk_a_mm_m_n_167292.wav"}}}