{"version":"1.0","dataSet":{"info":{"date":"20230116","occupation":"MM","channel":"MOCK","place":"ONLINE","gender":"MALE","ageRange":"-34","experience":"NEW"},"question":{"raw":{"text":"저희 회사는 제품을 만들어서 수출하는 회사입니다 그래서 오더에 따라서 어떤 경우에는 주말 근무나 야근을 해야 되는 경우가 생깁니다 지원자님은 주말 근무나 야근에 대해서 어떻게 생각하십니까","wordCount":25},"emotion":[],"intent":[]},"answer":{"raw":{"text":"일하다 보면 주말 근무나 야근이 많이 생길 수 있는데 주말 근무나 야근에 대해서 어떻게 생각하냐고 이렇게 질문을 해주셨는데요. 뭐 일을 하다 보면 일이 밀리거나 아니면 업무가 많아서 이런 주말 근무나 야근이 많을 수 야 많이 생길 수 있는데 뭐 어 솔직히 어 시 솔직히 쉬울 것 같지는 않아요. 왜냐하면 주말에는 유일한 쉬는 날이라고 볼 수도 있고 야근은 이제 저녁 늦기까지 해서 다시 아침 일찍 나와야 하는데 어 그래도 뭐 제가 만약에 밀렸거나 그 업무들 아니면 되게 중요한 업무인데 인제 제출 기한이 이렇게 당겨졌다면 뭐 충분히 할 수 있다고 생각합니다. 인제 그만큼 인제 다른 상황에서 쉬운 일들을 빨리 끝냈을 때 뭐 조기 퇴근도 시켜줄 수 있고 뭐 되게 중요한 안건이면 꼭 처리를 해야 하는 부분이기 때문에 어 그런 상황이 생긴다면 어 뭐 뭐 탐탁지는 않지만 그래도 열심히 잘 해결할 수 있도록 어 주말 근무나 야근을 하면서 뭐 배우는 것도 많을 것 같기 때문에 그런 식으로 문제를 해결할 것 같습니다.","wordCount":148},"emotion":[],"intent":[{"text":"왜냐하면 주말에는 유일한 쉬는 날이라고 볼 수도 있고 야근은 이제 저녁 늦기까지 해서 다시 아침 일찍 나와야 하는데 어   그래도 뭐 제가 만약에 밀렸거나 그 업무들 아니면 되게 중요한 업무인데 인제 제출 기한이 이렇게   당겨졌다면 뭐 충분히 할 수 있다고 생각합니다.","expression":"f_resp","category":"attitude"}],"summary":{"text":"일하다 보면 주말 근무나 야근이 많이 생길 수 있는데 솔직히 쉽지는 않습니다. 그래도 제출 기한이 당겨졌다면 충분히 할 수 있다고 생각합니다. 중요한 안건이라면 꼭 처리를 해야 하는 부분이기 때문에 그런 상황이 생긴다면 열심히 잘 해결할 수 있도록 하는 식으로 문제를 해결할 것 같습니다.","wordCount":43}}},"rawDataInfo":{"question":{"fileFormat":"wav","fileSize":544078,"duration":17000,"samplingBit":16,"channelCount":1,"samplingRate":"16kHz","audioPath":"/Mock/07.ProductionManufacturing/Male/New/ckmk_q_mm_m_n_167284.wav"},"answer":{"fileFormat":"wav","fileSize":2615118,"duration":81720,"samplingBit":16,"channelCount":1,"samplingRate":"16kHz","audioPath":"/Mock/07.ProductionManufacturing/Male/New/ckmk_a_mm_m_n_167284.wav"}}}