{"version":"1.0","dataSet":{"info":{"date":"20230116","occupation":"MM","channel":"MOCK","place":"ONLINE","gender":"MALE","ageRange":"-34","experience":"NEW"},"question":{"raw":{"text":"지원자님께서 직장을 선택할 때 가장 중요하게 생각하는 것이 있다면 세 가지 정도 말씀을 해 주시고 그 이유에 대해서도 한 번 말씀해 주시기 바랍니다","wordCount":23},"emotion":[],"intent":[]},"answer":{"raw":{"text":"지원자님께서 직장을 선택할 때 가장 중요하게 생각하는 세 가지가 있다면 각각 무엇인지 이렇게 말해 달라고 질문을 해주셨는데요. 어 저는 일단 첫번째는 직장을 선택할 때 어 거리 어 그 회사와 저희 거주하는 곳에 거리라고 생각합니다. 왜냐하면 어 아무리 제가 가고 싶은 회사를 갔다고 하더라도 그 회사와 그 거주하는 곳에 거리나 그런 것이 너무 멀다면 솔직히 아침에 출근을 하게 되면 부담스러울 것 같다 생각합니다. 그렇기 때문에 첫번째는 그런 걸 뽑았고 두번째는 어 회사 안에 분위기입니다. 회사 안에 분위기가 좋지 않다면 일을 하면서도 굉장히 괴로울 것 같고 어 분위기가 좋아야 아이디어나 뭐 이런 업무할 때 굉장히 신이 날 것 같고 인제 업무를 하면서도 인제 어 부탁을 할 때도 무겁지 않은 마음으로 좀 가벼운 마음으로 모르는 부분에서 부탁할 수 있을 것 같고 세 번째는 어 업무 환경 인제 그 제가 인제 뭐 일을 하게 되면 안에서 일을 할 텐데 인제 그런 뭐 책상이나 뭐 햇빛 들어오는 이런 업무 환경도 저한테 되게 중요하게 작용하는 것 같습니다.","wordCount":151},"emotion":[],"intent":[{"text":"","expression":"","category":"attitude"}],"summary":{"text":" 그 회사와 저희 거주하는 곳에 거리라고 생각합니다. 두번째는 회사 안의 분위기입니다. 세번째는 업무 환경입니다.","wordCount":14}}},"rawDataInfo":{"question":{"fileFormat":"wav","fileSize":416078,"duration":13000,"samplingBit":16,"channelCount":1,"samplingRate":"16kHz","audioPath":"/Mock/07.ProductionManufacturing/Male/New/ckmk_q_mm_m_n_167285.wav"},"answer":{"fileFormat":"wav","fileSize":2691278,"duration":84100,"samplingBit":16,"channelCount":1,"samplingRate":"16kHz","audioPath":"/Mock/07.ProductionManufacturing/Male/New/ckmk_a_mm_m_n_167285.wav"}}}