{"version":"1.0","dataSet":{"info":{"date":"20230116","occupation":"MM","channel":"MOCK","place":"ONLINE","gender":"MALE","ageRange":"45-54","experience":"NEW"},"question":{"raw":{"text":"어 회사에 들어오시면 여러 부류의 선배들을 만나게 될 텐데요 지원자님은 어떤 모습의 선배를 만나고 싶으신지요 또 그 이유도 함께 말씀해 주시기 바랍니다","wordCount":22},"emotion":[],"intent":[]},"answer":{"raw":{"text":"회사에 들어와서 선배를 만나게 된다면 당연히 저보다 능력이 뛰어나고 그리고 잘 이끌어주고 어 그리고 어 따뜻하게 친절하게 가족적인 분위기로 만드는 선배를 만나고 싶습니다. 하지만 그렇게 완벽한 선배는 지금까지는 못 보아 왔고 보아 왔고요. 일반적으로 어떤 선배나 상사가 를 원하냐고 얘기를 할 때 두 가지를 얘기를 하는 경우들이 많이 있습니다. 능력은 엄청 좋은데 사 인간성은 별로인 삼 선배 반대로 인간성은 엄청 좋은데 실력이 없는 선배 뭐 극단 극단적인 부분이라고 할 수 있겠지만 일반적인 회사나 조직에서는 예 이익을 목표로 하는 이익 집단입니다. 이익 집단에서 무조건 사람만 좋고 능력은 없는 선배라면 결국은 그 선배를 따라가는 사람 입장에서는 음 비전이나 미래를 기약하기는 어려울 것 같습니다. 물론 능력만 있고 인간성이 나쁘다고 한다면 그래도 어떤 것을 더 좋아하냐고 얘기를 한다고 그러면 능력 있는 선배가 나을 것 같습니다.","wordCount":121},"emotion":[],"intent":[{"text":"","expression":"","category":"attitude"}],"summary":{"text":"회사에서는 이익을 목표로 하는 이익 집단에서 능력만 있고 인간성이 나쁜 선배를 따라가는 사람 입장에서는 비전이나 미래를 기약하기 어려울 것 같습니다. 그래도 어떤 것을 더 좋아하는지 얘기를 한다고 하면 능력 있는 선배가 나을 것 같습니다.","wordCount":34}}},"rawDataInfo":{"question":{"fileFormat":"wav","fileSize":448078,"duration":14000,"samplingBit":16,"channelCount":1,"samplingRate":"16kHz","audioPath":"/Mock/07.ProductionManufacturing/Male/New/ckmk_q_mm_m_n_160493.wav"},"answer":{"fileFormat":"wav","fileSize":2730318,"duration":85320,"samplingBit":16,"channelCount":1,"samplingRate":"16kHz","audioPath":"/Mock/07.ProductionManufacturing/Male/New/ckmk_a_mm_m_n_160493.wav"}}}