{"version":"1.0","dataSet":{"info":{"date":"20230116","occupation":"MM","channel":"MOCK","place":"ONLINE","gender":"MALE","ageRange":"-34","experience":"NEW"},"question":{"raw":{"text":"본인이 다룰 수 있는 설계 프로그램에는 어떤 것이 있는지 알려주시고 얼마나 사용하실 수 있는지 자세하게 설명해 주세요","wordCount":17},"emotion":[],"intent":[]},"answer":{"raw":{"text":"제가 다룰 수 있는 설계 프로그램은 바로 캐드 라는 저의 프로그램입니다. 어 저는 캐드라는 이런 프로그램을 대학교 시절 정보 과목으로 어 배웠던 배웠어서 다를 수 있다고 말씀을 드리고 싶고 어 그 당시에는 되게 어렵고 생소한 프로그램이었습니다. 하지만 그 당시에 교수님을 잘 만나고 수업시간 외에 항상 캐드 생각하고 네 캐드에 대해 질문을 갖 가자서 가져서 교수님과의 이런 면담 시간에 여쭤보면서 조금은 부족한 저희 프로그램 설계 방법들을 좀 보충할 수 있었고 대부분의 현재는 캐드라는 설계 프로그램을 정말 잘 다루고 저의 장점이라고 말씀을 드리고 싶습니다. 항상 호기심이 많고 어 항상 열정을 열정이 있는 저로서 항상 모르는 부분에 있어서 항상 마스터 하고 싶은 부분이 있었기 때문에 캐드를 현재 잘 다루는 것이 아닌가 라고 말씀을 드리고 싶고 이런 열정들을 당사에 입사하게 되어서 어 한 번 뽐내보고 싶습니다.","wordCount":122},"emotion":[],"intent":[{"text":"","expression":"","category":"attitude"}],"summary":{"text":"캐드라는 프로그램은 제가 대학교 시절 정보 과목으로 배웠던 프로그램인데, 교수님과의 면담 시간에 부족한 설계 방법들을 보충할 수 있었고 현재는 캐드를 잘 다루고 저의 장점이라고 말씀을 드리고 싶습니다. 모르는 부분을 항상 마스터 하고 싶은 열정을 당사에 입사하여 뽐내고 싶습니다.","wordCount":38}}},"rawDataInfo":{"question":{"fileFormat":"wav","fileSize":380558,"duration":11890,"samplingBit":16,"channelCount":1,"samplingRate":"16kHz","audioPath":"/Mock/07.ProductionManufacturing/Male/New/ckmk_q_mm_m_n_183919.wav"},"answer":{"fileFormat":"wav","fileSize":2788558,"duration":87140,"samplingBit":16,"channelCount":1,"samplingRate":"16kHz","audioPath":"/Mock/07.ProductionManufacturing/Male/New/ckmk_a_mm_m_n_183919.wav"}}}