{"version":"1.0","dataSet":{"info":{"date":"20230116","occupation":"MM","channel":"MOCK","place":"ONLINE","gender":"MALE","ageRange":"-34","experience":"NEW"},"question":{"raw":{"text":"일을 하게 되면 자료를 문서화할 일이 많습니다 지원자님께서는 문서화 작업이 왜 필요하다고 생각하시는지 말씀 부탁드리겠습니다","wordCount":15},"emotion":[],"intent":[]},"answer":{"raw":{"text":"일을 하게 되면 자료를 문서화 해야 할 일이 많습니다. 문서와 작업이 왜 필요하다고 생각하는지 말씀해 주세요 라고 질문을 해주셨는데요. 제가 생각하는 문서화 작업이 필요한 이유는 어 뭐 이 대화를 통해 뭐 이런 걸로도 잘 할 수 있지만 문서화를 통해서 확실히 어 보기 쉽게 정리를 할 수가 있고 어 다른 사람들에게도 설명하는 것보다 종이를 주고 어 문서화 작업한 내용을 주고 설명을 하면 더 설명을 알아듣기 어 쉽고 편리할 것 같다고 생각합니다. 그리고 문서화 작업을 하게 되면 어 많은 사람들에게 어 정리된 내용을 어 또 쉽게 알아줄 수 있게 종이를 나눠 주 문서화된 내용을 나눠주며 어 이제 쉽게 알아볼 수 있고 그러면 이해하기도 쉽고 어 더 많은 사람들에게 쉽게 말할 수 있기 때문입니다.","wordCount":111},"emotion":[],"intent":[{"text":"","expression":"","category":"attitude"}],"summary":{"text":"문서화 작업이 필요한 이유는 문서화를 통해서 정리를 쉽게 할 수 있고 다른 사람들에게 설명하는 것보다 종이를 주고 그 내용을 주는 것이 설명을 알아듣기 쉽고 편리할 것 같다고 생각하기 때문입니다.","wordCount":29}}},"rawDataInfo":{"question":{"fileFormat":"wav","fileSize":345038,"duration":10780,"samplingBit":16,"channelCount":1,"samplingRate":"16kHz","audioPath":"/Mock/07.ProductionManufacturing/Male/New/ckmk_q_mm_m_n_164889.wav"},"answer":{"fileFormat":"wav","fileSize":2224398,"duration":69510,"samplingBit":16,"channelCount":1,"samplingRate":"16kHz","audioPath":"/Mock/07.ProductionManufacturing/Male/New/ckmk_a_mm_m_n_164889.wav"}}}