{"version":"1.0","dataSet":{"info":{"date":"20230116","occupation":"MM","channel":"MOCK","place":"ONLINE","gender":"MALE","ageRange":"45-54","experience":"NEW"},"question":{"raw":{"text":"지방 근무를 할 수 있을까요","wordCount":5},"emotion":[],"intent":[]},"answer":{"raw":{"text":"뭐 공장이 지방에 많이 있으니까 지방 근무도 당연하게 할 수 있을 거라 생각하고요. 어 지방 같은 경우는 뭐 통근은 안 될 것이니까 어 지방을 상주하면서 거기서 뭐 주말만 올라오던지 이런 식으로 진행을 해야 될 것 같애요. 뭐 그 저는 개인적으로 뭐 뭐 애들 다 컸고 지방에서 근무하는 것도 흥미로울 거라고 생각해요. 흥미로울 거라 생각 해서 저는 뭐 지방 어디든지 지방 근무가 가능하다고 얘기 말씀드릴 수 있고 지방 가서 상주해서 근무하는 것도 가능하다고 말씀드릴 수 있습니다. 이상입니다.","wordCount":76},"emotion":[],"intent":[{"text":"","expression":"","category":"attitude"}],"summary":{"text":"공장이 지방에 많으니 지방 근무도 당연하게 할 수 있고, 지방을 상주하면서 주말만 올라오도록 해야 될 것 같습니다. 지방 어디든지 근무가 가능하고 지방 가서 상주해서 근무하는 것도 가능하다고 생각합니다.","wordCount":28}}},"rawDataInfo":{"question":{"fileFormat":"wav","fileSize":185038,"duration":5780,"samplingBit":16,"channelCount":1,"samplingRate":"16kHz","audioPath":"/Mock/07.ProductionManufacturing/Male/New/ckmk_q_mm_m_n_167440.wav"},"answer":{"fileFormat":"wav","fileSize":1700558,"duration":53140,"samplingBit":16,"channelCount":1,"samplingRate":"16kHz","audioPath":"/Mock/07.ProductionManufacturing/Male/New/ckmk_a_mm_m_n_167440.wav"}}}