{"version":"1.0","dataSet":{"info":{"date":"20230116","occupation":"MM","channel":"MOCK","place":"ONLINE","gender":"MALE","ageRange":"45-54","experience":"NEW"},"question":{"raw":{"text":"지원자님께서 왜 이 분야에 관심을 가지게 되었고 또 지원을 하게 되었는지가 궁금합니다 관심을 가지게 된 이유와 지원 동기를 말씀 부탁 드리겠습니다","wordCount":21},"emotion":[],"intent":[]},"answer":{"raw":{"text":"저는 이 직무에 도전하기 위해서 꽤 오랫동안 어 노력을 해왔습니다. 저는 어 이 직무를 알아보고자 인턴사원도 약 육 개월 동안 해 본 경험을 가지고 있습니다. 저는 인턴 사원을 하면서 이 직무가 정말 저한테 맞는지 제가 잘 해내 해낼 수 있을지 의문을 가졌던 것도 사실입니다. 하지만 인턴 생활을 하면서 저는 정말 이 업무가 마음에 들었고 이 업무를 저 스스로 잘 해낼 자신이 있었고 노력할 자신이 있었습니다. 저는 인턴 생활을 한 후에 이 업무에 좀 더 잘 적응하고자 어 자격증을 준비를 했고 약 일 년 육 개월에 걸쳐서 공부한 결과 최근에 그 자격증을 취득했습니다 저는 이 업무가 저한테 어 제 나름대로 제 미래를 걸어보고 앞으로 성장 가능성이 무한하다고 생각을 합니다. 그래서 전 자격증 공부를 시작했고 자격증을 취득했고 이 회사에 지원한 것입니다.","wordCount":119},"emotion":[],"intent":[{"text":"저는 어 이 직무를 알아보고자 인턴사원도 약 육 개월 동안 해 본 경험을 가지고 있습니다.","expression":"c_imp","category":"personality"}],"summary":{"text":"저는 이 직무에 도전하기 위해 인턴사원도 해 본 경험을 가지고 있습니다. 인턴 생활을 하면서 이 업무를 저 스스로 잘 해낼 자신이 있었고 노력할 자신이 있었습니다. 그래서 저는 자격증 공부를 시작했고 자격증을 취득했고 이 회사에 지원한 것입니다.","wordCount":36}}},"rawDataInfo":{"question":{"fileFormat":"wav","fileSize":441678,"duration":13800,"samplingBit":16,"channelCount":1,"samplingRate":"16kHz","audioPath":"/Mock/07.ProductionManufacturing/Male/New/ckmk_q_mm_m_n_171876.wav"},"answer":{"fileFormat":"wav","fileSize":2065358,"duration":64540,"samplingBit":16,"channelCount":1,"samplingRate":"16kHz","audioPath":"/Mock/07.ProductionManufacturing/Male/New/ckmk_a_mm_m_n_171876.wav"}}}