{"version":"1.0","dataSet":{"info":{"date":"20230116","occupation":"MM","channel":"MOCK","place":"ONLINE","gender":"MALE","ageRange":"45-54","experience":"NEW"},"question":{"raw":{"text":"지원자님께서는 본인이 창의적으로 어떤 문제를 해결한 경험이 있나요 지원자님이 그 과정을 최대한 자세하게 설명과 말씀 부탁드려요","wordCount":16},"emotion":[],"intent":[]},"answer":{"raw":{"text":"어 바로 전 직장에서 있었던 일입니다. 어 전 직장에서는 대부분 기계를 독일에서 수입해서 어 사용하고 있었습니다. 어 기계를 돌리다 보면 당연히 소모품이 나오고 기계가 마모되면서 소모품이 발생을 하는 데 어 거기는 특이하게도 이 소모품이 발생을 하면 그 소모품이 된 그 부품을 어 독일 본사로 보냅니다. 그럼 독일 본사에선 그걸 받아 가지고 확인이 되면 다시 그 부품을 한국으로 보내는 것입니다. 어 독일은 이 이 과정이 짧게는 이십 일에서 길게는 한 달까지도 소요가 되는 겁니다. 그렇게 되면 그 동안에 이 부품이 다시 한국으로 돌아올 때까지 이 라인에 있는 라인은 정상적으로 운영이 안 되는 것입니다. 저는 그걸 너무 좀 답답하게 생각을 했습니다. 그거를 꼭 그렇게 본사에서 해야 본사를 통해서만 해야 되나 소모품이라면 솔직히 우리도 만들 수 있지 않나 라는 생각을 하게 되었고 저는 그 학교 다닐 때 배웠던 요즘 유행하고 있는 쓰리디 프린터기와 레이저 어 조각기를 이용해서 그것을 한 번 직접 만들어 봤습니다. 물론 이것은 정품만큼은 못하지만 그래도 그 정품이 부품이 올 때까지 그 기계를 돌리는 데는 크게 문제가 없었습니다. 저는 당시 그것으로 많은 칭찬을 받았고 지금도 그 회사에서는 이렇게 해서 그 부품을 이용하고 있는 것으로 알고 있습니다.","wordCount":175},"emotion":[],"intent":[{"text":"어 기계를 돌리다 보면 당연히   소모품이 나오고 기계가 마모되면서 소모품이 발생을 하는 데 어 거기는 특이하게도    이 소모품이 발생을 하면 그 소모품이 된 그 부품을   어 독일 본사로 보냅니다.","expression":"f_equip","category":"technology"},{"text":"그거를 꼭 그렇게 본사에서 해야 본사를 통해서만 해야 되나 소모품이라면   솔직히 우리도 만들 수 있지 않나 라는 생각을 하게 되었고 저는 그 학교 다닐 때 배웠던   요즘 유행하고 있는 쓰리디 프린터기와 레이저 어 조각기를 이용해서 그것을 한 번 직접 만들어    봤습니다.","expression":"f_equip","category":"technology"}],"summary":{"text":"대부분 독일에서 수입한 기계를 사용하다 소모품이 발생하면 그 부품을 독일 본사로 보냅니다. 그 부품을 한국으로 보내는 과정은 약 이십 일에서 길게는 한 달까지도 소요됩니다. 그 동안 부품이 한국으로 돌아올 때까지 이 라인의 라인은 운영이 안 되는 것입니다. 그래서 저는 쓰리디 프린터기와 레이저 조각기를 이용해서 직접 만들었고 정품만큼은 아니었지만 기계를 돌리는 데는 문제가 없었습니다.","wordCount":53}}},"rawDataInfo":{"question":{"fileFormat":"wav","fileSize":461518,"duration":14420,"samplingBit":16,"channelCount":1,"samplingRate":"16kHz","audioPath":"/Mock/07.ProductionManufacturing/Male/New/ckmk_q_mm_m_n_172693.wav"},"answer":{"fileFormat":"wav","fileSize":2837838,"duration":88680,"samplingBit":16,"channelCount":1,"samplingRate":"16kHz","audioPath":"/Mock/07.ProductionManufacturing/Male/New/ckmk_a_mm_m_n_172693.wav"}}}