{"version":"1.0","dataSet":{"info":{"date":"20230116","occupation":"MM","channel":"MOCK","place":"ONLINE","gender":"MALE","ageRange":"45-54","experience":"NEW"},"question":{"raw":{"text":"지원자님께서는 직무 수행 시에 난관에 봉착했다면 어떻게 해결하시겠어요 지원자님의 해결 방법과 그렇게 해결하기로 한 그 이유를 저에게 한 한 번 같이 말씀해 주시겠어요","wordCount":23},"emotion":[],"intent":[]},"answer":{"raw":{"text":"직무 수행시 어떤 난관이 있다면 그것은 제 힘으로 물론 해결할려고 노력할 것입니다. 하지만 난관이라는 것은 저의 능력치 밖이 될 수도 있습니다. 그래서 저는 동료의 도움을 받으려고 노력할 것입니다. 일단은 먼저 동료에게 물어본 후 알고 있으면 도움을 요청하구요. 도와줄 수 있으면 도움을 요청하구요. 그래도 안 될 때에는 제 선임에게 가서 그 문제에 대해서 해결점을 물어보겠습니다. 물론 선임은 알 수도 있고 모를 수도 있습니다. 하지만 동료도 모르고 그리고 저의 능력도 안되고 선임에게 물어봐도 그걸 해결할 수 없다면 분명 거기에는 해결할 수 있는 방법은 선임이 또 지고 있다고 저는 생각합니다. 위에다 보고를 하고 그 문제를 오픈해서 저보다 더 능력치 있는 사람들에게 그 해결 책을 물어보는 게 가장 일반적인 방법이라고 저는 생각합니다.","wordCount":108},"emotion":[],"intent":[{"text":"","expression":"","category":"attitude"}],"summary":{"text":"직무 수행시 어떤 난관이 있다면 제 힘으로 해결하고, 능력치 밖이 될 수 있으니 동료의 도움을 받으려고 노력할 것입니다. 먼저 동료에게 물어본 후 알고 있으면 도력을 요청하고, 안 될 경우에는 제 선임에게 가서 그 문제에 대해서 해결점을 물어봐도 됩니다.","wordCount":38}}},"rawDataInfo":{"question":{"fileFormat":"wav","fileSize":476878,"duration":14900,"samplingBit":16,"channelCount":1,"samplingRate":"16kHz","audioPath":"/Mock/07.ProductionManufacturing/Male/New/ckmk_q_mm_m_n_176701.wav"},"answer":{"fileFormat":"wav","fileSize":2330318,"duration":72820,"samplingBit":16,"channelCount":1,"samplingRate":"16kHz","audioPath":"/Mock/07.ProductionManufacturing/Male/New/ckmk_a_mm_m_n_176701.wav"}}}