{"version":"1.0","dataSet":{"info":{"date":"20230116","occupation":"MM","channel":"MOCK","place":"ONLINE","gender":"MALE","ageRange":"-34","experience":"NEW"},"question":{"raw":{"text":"저희 회사에 들어와 본인이 하고 싶은 업무가 있으십니까 있다면 이유와 함께 말씀해 주세요","wordCount":13},"emotion":[],"intent":[]},"answer":{"raw":{"text":"저는 개발 업무를 꼭 하고 싶습니다. 무언가를 개발한다 는 것은 무에서 무에서 유를 창조하는 아주 의미있는 행동이라고 생각을 합니다. 이 세상에 더 이상 새로운 것은 없다 그런 말이 있습니다. 이미 나올 것은 다 나왔다 는 얘기죠. 하지만 모방을 통해서 또 다른 창조를 이뤄낼 수 있습니다. 그것이 저는 개발의 업무라고 생각을 합니다. 개발을 통해서 여러 가지 조업들을 통해서 어떤 새로운 가치를 창출해내는 일 저는 그것이 현대사회에 아주 의미있는 일이라고 생각을 합니다. 그 의미 있는 일들을 위해서 저는 열심히 개발 공부를 하였고 개발 업무를 할 수 있는 스펙을 쌓아왔습니다. 그래서 저는 개발 업무를 통해서 이 회사에 기여를 하고 싶고 이 회사와 같이 새로운 가치를 창출해내고 싶습니다.","wordCount":104},"emotion":[],"intent":[{"text":"그 의미 있는 일들을 위해서 저는 열심히 개발 공부를 하였고 개발 업무를 할 수 있는 스펙을 쌓아왔습니다.","expression":"c_imp","category":"personality"},{"text":"그래서 저는 개발 업무를 통해서 이 회사에 기여를 하고 싶고 이 회사와 같이 새로운 가치를 창출해내고 싶습니다.","expression":"c_sincere_co","category":"etc"}],"summary":{"text":"개발은 무에서 유를 창조하는 의미있는 행동이라고 생각합니다. 모방을 통해서 또 다른 창조를 이뤄낼 수 있는 것이 개발의 업무라고 생각합니다. 개발을 통해서 새로운 가치를 창출해내는 일은 현대사회에 아주 의미있는 일이라고 생각하며 이 회사에 기여하고 싶습니다.","wordCount":34}}},"rawDataInfo":{"question":{"fileFormat":"wav","fileSize":311758,"duration":9740,"samplingBit":16,"channelCount":1,"samplingRate":"16kHz","audioPath":"/Mock/07.ProductionManufacturing/Male/New/ckmk_q_mm_m_n_194669.wav"},"answer":{"fileFormat":"wav","fileSize":2075598,"duration":64860,"samplingBit":16,"channelCount":1,"samplingRate":"16kHz","audioPath":"/Mock/07.ProductionManufacturing/Male/New/ckmk_a_mm_m_n_194669.wav"}}}