{"version":"1.0","dataSet":{"info":{"date":"20230116","occupation":"MM","channel":"MOCK","place":"ONLINE","gender":"MALE","ageRange":"45-54","experience":"NEW"},"question":{"raw":{"text":"지원자님께서는 시간이 남을 때 무슨 일을 하곤 하시나요 그 일을 하는 이유까지 같이 설명해 주시면 좋겠습니다","wordCount":16},"emotion":[],"intent":[]},"answer":{"raw":{"text":"어 저는 시간이 남거나 저 스스로 뭐 힐링이 필요할 때 휴식이 필요할 때 저는 낚시를 갑니다. 제가 좋아하는 친구들과 같이 낚시를 갑니다. 낚시를 갈 때는 어 강가에다 이렇게 앉아서 하는 게 아니라 좌대로 들어갑니다. 자 강에 떠 있는 좌대로 들어가면 어 고순 고 공간만큼은 정말 저의 공간이 됩니다. 그 공간에서 쉬고 싶으면 쉬고 테레비 보고 싶으면 테레비 보고 뭐 먹고 싶으면 먹고 낚시를 하고 싶으면 낚시를 하는 것처럼 어 친구들이 각각의 성격이 있어 가지고 어 그렇게 낚시를 가면 서로 별로 타치를 하지 않습니다. 물론 함께 도란도란 이야기를 하는 것도 어 힐링을 자꾸 스트레스를 푸는 방법이긴 하는데 어 저희 친구도 그렇게 낚시를 가면 보통 그냥 다른 사람한테 개의치 않고 자기 하고 싶은 일을 합니다. 낚싯대를 던져놓고 정말 낚시 열심히 낚시를 하는 친구도 있고 그냥 주구장창 뭐 술을 마시는 친구도 있고 그냥 그러면서 저는 그 분위기를 즐기는 것 같습니다. 딱히 그 친구들과 뭘 해서 좋은 게 아니라 같은 공간에 같이 있음으로써 그 즐겁고 편안해 해서 저는 주로 쉬는 여유가 되거나 쉬는 시간에는 어 낚시를 가서 그런 식으로 저만의 어 힐링을 찾습니다.","wordCount":169},"emotion":[],"intent":[{"text":"","expression":"","category":"attitude"}],"summary":{"text":"낚시를 갈 때는 강가에다 앉아서 하는 게 아니라 좌대로 들어가면 그 순간만큼은 저 자신의 공간이 됩니다. 낚시를 가면 서로 별로 터치를 하지 않고 자기 하고 싶은 일을 하는 것 같습니다. 딱히 그 친구들과 뭘 해서 좋은 게 아닌 같이 있음으로써 그 즐겁고 편안해 해서 저는 주로 쉬는 여유가 되거나 쉬는 시간에는 낚시를 가서 저만의 힐링을 찾습니다.","wordCount":56}}},"rawDataInfo":{"question":{"fileFormat":"wav","fileSize":339278,"duration":10600,"samplingBit":16,"channelCount":1,"samplingRate":"16kHz","audioPath":"/Mock/07.ProductionManufacturing/Male/New/ckmk_q_mm_m_n_171785.wav"},"answer":{"fileFormat":"wav","fileSize":2748878,"duration":85900,"samplingBit":16,"channelCount":1,"samplingRate":"16kHz","audioPath":"/Mock/07.ProductionManufacturing/Male/New/ckmk_a_mm_m_n_171785.wav"}}}