{"version":"1.0","dataSet":{"info":{"date":"20230116","occupation":"MM","channel":"MOCK","place":"ONLINE","gender":"MALE","ageRange":"45-54","experience":"NEW"},"question":{"raw":{"text":"지원자분께서는 살면서 굉장히 다양한 형태의 커뮤니케이션을 경험해 보셨을 것 같습니다 그러한 커뮤니케이션 중에서도 가장 어려웠던 경험을 한 가지만 꼽아서 이야기해 주신다면 무엇이었을까요","wordCount":22},"emotion":[],"intent":[]},"answer":{"raw":{"text":"어 정말 실제로 학생 때 경험했던 일인데 대기업에서 그 학생들을 상대로 생산 혁신 프로그램을 만드는 대회가 있었습니다. 일단은 그 학교에서 각 대학교에서 각 대표를 뽑아가지고 이 대표들이 어 대기업에서 진행하는 거에 대회에 참가하는 거였는데 어 저는 그 당시에 여섯 명과 한 조를 이뤄서 어 정말 열심히 일했습니다. 그 당시에는 뭐 밤을 수 없이 새고 뭐 손발이 잘 맞아 가지고 어 최종적으로 학교 대표로 뽑히어서 그 대기업에서 하는 대회에 나가게 됐습니다. 그런데 문제는 이때부터 발생을 했던 것 같습니다. 어 이 당시에 그 대회에서 우승을 하게 되면 그 특전이 어 두 명을 회사에서 어 채용을 하는 것이었습니다. 저희는 팀원이 여섯 명이었는데 그때부터는 이게 소통이 되는 게 아니라 경쟁 상대가 되어버린 겁니다. 내가 조금 못 나고 저 사람이 좀 잘 나갔을 때 저 사람은 채용이 될 수 있고 나는 채용이 안 될 수 있다 라는 것을 서로가 인지하게 되면서부터는 아무런 소통이 안 되는 것이었습니다. 그러다보니 최종적으로는 어 대회에서 탈락을 했고 저희는 그때 참 많은 것을 배웠던 것 같습니다. 저 역시도 그 때가 많이 제 행동에 유치함을 느꼈고 많은 것을 배우고 반성하는 시간이 되었던 것 같습니다.","wordCount":172},"emotion":[],"intent":[{"text":"일단은 그 학교에서 각 대학교에서 각 대표를 뽑아가지고   이 대표들이 어 대기업에서 진행하는 거에 대회에 참가하는 거였는데   어 저는 그 당시에 여섯 명과 한 조를 이뤄서 어 정말 열심히 일했습니다.","expression":"c_private","category":"background"}],"summary":{"text":"학생 때 대기업에서 생산 혁신 프로그램을 만드는 대회에서 우승을 하면 특전이 두 명을 회사에서 채용을 하는 것이었는데, 소통이 아닌 경쟁 상대가 되어버렸습니다. 그러다보니 최종적으로 대회에서 탈락했고 저 역시도 그 때가 많이 제 행동에 유치함을 느꼈고 많은 것을 배우고 반성하는 시간이 되었습니다.","wordCount":41}}},"rawDataInfo":{"question":{"fileFormat":"wav","fileSize":622158,"duration":19440,"samplingBit":16,"channelCount":1,"samplingRate":"16kHz","audioPath":"/Mock/07.ProductionManufacturing/Male/New/ckmk_q_mm_m_n_172687.wav"},"answer":{"fileFormat":"wav","fileSize":2880718,"duration":90020,"samplingBit":16,"channelCount":1,"samplingRate":"16kHz","audioPath":"/Mock/07.ProductionManufacturing/Male/New/ckmk_a_mm_m_n_172687.wav"}}}