{"version":"1.0","dataSet":{"info":{"date":"20230116","occupation":"MM","channel":"MOCK","place":"ONLINE","gender":"MALE","ageRange":"45-54","experience":"NEW"},"question":{"raw":{"text":"본인의 장점과 단점을 설명해 주세요 그리고 그것들을 특화시키거나 극복하기 위해서 했던 노력들도 같이 말씀해 주세요","wordCount":15},"emotion":[],"intent":[]},"answer":{"raw":{"text":"어 공교롭게도 저는 장점과 단점이 같습니다. 저의 장점은 어 무엇인가를 판단해야 될 때 어떤 결정에 순간이 왔을 때 매우 신중하다는 겁니다. 제가 만약에 그런 순간이 온다면 저는 그거를 두 번 세 번 생각해보고 여러 가지 경우의 수를 따져 봅니다. 제가 이렇게 했을 때 이렇게 진행되고 그다음에 어떻게 진행이 될지 어 두 수 세 수 뒤를 어 바라보고 선택을 하다 보니 어 나름 신중하고 어 실수를 하지 않는 선택을 할 수 있는 반면에 이 이것이 단점으로도 작용할 때가 많이 있습니다. 너무 신중하다 보니 어 일에 따라서는 빨리 선택하고 빨리 결정하는 것이 피해를 더 줄이거나 최선에 선택인데도 그것을 시간을 끌어서 오히려 상황을 안 좋게 만드는 경우도 있었던 것 같습니다. 어 남들은 그럽니다 뭐 신중해서 좋다 라는 사람도 있고 한편에서는 너무 우유부단하다 너무 어 이렇게 좀 결정력이 없다 이런 표현을 하는데 저는 그래도 개인적으로 좀 더 신중한 선택이라는 것이 한 번 선택을 하면 그걸로 돌이킬 수 없는 것이기에 두 번 세 번 생각하고 여러 가지 경우의 수를 생각하는 것이 저는 맞다 라고 생각하고 있습니다.","wordCount":161},"emotion":[],"intent":[{"text":"","expression":"","category":"attitude"}],"summary":{"text":"어떤 결정에 순간이 왔을 때 매우 신중하다는 장점이 있습니다. 저는 좀 더 신중한 선택이라는 것이 한 번 선택을 하면 그건 돌이킬 수 없기에 두 번 세 번 생각하고 여러 가지 경우의 수를 생각하는 것이 맞다 라고 생각합니다.","wordCount":37}}},"rawDataInfo":{"question":{"fileFormat":"wav","fileSize":364878,"duration":11400,"samplingBit":16,"channelCount":1,"samplingRate":"16kHz","audioPath":"/Mock/07.ProductionManufacturing/Male/New/ckmk_q_mm_m_n_164024.wav"},"answer":{"fileFormat":"wav","fileSize":2630478,"duration":82200,"samplingBit":16,"channelCount":1,"samplingRate":"16kHz","audioPath":"/Mock/07.ProductionManufacturing/Male/New/ckmk_a_mm_m_n_164024.wav"}}}