{"version":"1.0","dataSet":{"info":{"date":"20230116","occupation":"MM","channel":"MOCK","place":"ONLINE","gender":"MALE","ageRange":"45-54","experience":"NEW"},"question":{"raw":{"text":"이전 직장이나 혹은 대학에서 어떤 프로젝트를 진행해 본 경험이 있는지 말씀해 주시기 바랍니다","wordCount":13},"emotion":[],"intent":[]},"answer":{"raw":{"text":"네 저는 학창 시절에 대한 기계 학회에서 주최한 전국 학생 설계 경진대회에 나가본 경험을 갖고 있습니다. 어 대한 기계 학회에서는 대한민국 기계공학의 발전과 창의적인 젊은 기계공학도의 육성을 위해 전국에 있는 대학생을 대상으로 어 전국 학생 설계 경진대회를 개최한 적이 있습니다. 이 대회를 통해서 다음 세대의 주역이 되어 자라는 학생들에게 우리 사회에서 필요한 기계공학 기술에 대한 관심을 고취시키고 학생들의 독창적인 아이디어를 바탕으로 설계 능력과 창의성을 배양하고 우리 사회 문제를 해결하기 위한 기계 설계 기술을 공모했던 대회입니다. 저는 이 대회 때 어 아 학과 친구들 여섯 명이서 한 조를 이뤄 가지고 어 출전을 했습니다. 나름 육 개월 동안 꽤 오랫동안 계획하고 준비했던 어 그 공모 대회였는데 저는 여기서 장려상을 수리한 수상한 경력이 있습니다. 어 제가 그 주로 했던 것은 어 친환경 에너지 기계 장치 설계에 대한 부분이었는데 학생 시절이어 가지고 뭐 이론은 좀 부족했지만 그래도 장려상을 수상함으로써 저 나름대로 학창 시절에 추억으로 남았던 어 프로젝트였습니다.","wordCount":143},"emotion":[],"intent":[{"text":"네 저는 학창 시절에 대한 기계 학회에서 주최한 전국 학생   설계 경진대회에 나가본 경험을 갖고 있습니다.","expression":"c_private","category":"background"},{"text":"어 대한 기계 학회에서는 대한민국 기계공학의 발전과 창의적인 젊은 기계공학도의 육성을 위해 전국에 있는 대학생을    대상으로 어 전국 학생 설계 경진대회를 개최한 적이 있습니다.","expression":"c_private","category":"background"},{"text":"저는 이 대회 때   어 아 학과 친구들 여섯 명이서 한 조를 이뤄 가지고 어 출전을 했습니다.","expression":"c_private","category":"background"},{"text":"나름 육 개월 동안 꽤 오랫동안 계획하고 준비했던   어 그 공모 대회였는데 저는 여기서 장려상을 수리한 수상한 경력이 있습니다.","expression":"f_resp","category":"attitude"},{"text":"어 제가 그 주로 했던 것은   어 친환경 에너지 기계 장치 설계에 대한 부분이었는데 학생 시절이어 가지고 뭐   이론은 좀 부족했지만 그래도 장려상을 수상함으로써 저 나름대로 학창 시절에 추억으로 남았던   어 프로젝트였습니다.","expression":"c_chl","category":"personality"}],"summary":{"text":"저는 학창 시절에 대한 기계 학회에서 주최한 전국 학생 설계 경진대회에 나가본 경험을 갖고 있습니다. 이 대회를 통해서 학생들에게 기계공학 기술에 대한 관심을 고취시키고 학생들의 설계 능력과 창의성을 배양하고 우리 사회 문제를 해결하기 위한 기계 설계 기술을 공모했던 대회였습니다.","wordCount":39}}},"rawDataInfo":{"question":{"fileFormat":"wav","fileSize":338318,"duration":10570,"samplingBit":16,"channelCount":1,"samplingRate":"16kHz","audioPath":"/Mock/07.ProductionManufacturing/Male/New/ckmk_q_mm_m_n_171482.wav"},"answer":{"fileFormat":"wav","fileSize":2834958,"duration":88590,"samplingBit":16,"channelCount":1,"samplingRate":"16kHz","audioPath":"/Mock/07.ProductionManufacturing/Male/New/ckmk_a_mm_m_n_171482.wav"}}}