{"version":"1.0","dataSet":{"info":{"date":"20230116","occupation":"MM","channel":"MOCK","place":"ONLINE","gender":"MALE","ageRange":"-34","experience":"NEW"},"question":{"raw":{"text":"어 혹시 알고 계신지 모르겠지만 몇 년 전에 우버 택시와 관련해서 논란이 있었던 걸로 제가 봤는데요 혹시 알고 계시다면 지원자님께서는 찬반양론에 대해서 각각 어떻게 생각하는지 궁금한데 저에게 말해 주시겠어요","wordCount":29},"emotion":[],"intent":[]},"answer":{"raw":{"text":"어 우버 택시와 관한 어 논란이 현재 많이 있는데 어 저는 어 반대하는 입장을 가지고 있습니다. 어 왜냐하면 어 일단 우선 우버 택시란 승객과 운송 차량을 연결해 주는 모바일 앱 어플리케이션과 이런 서비스를 말하는 것으로 알고 있습니다. 어 지난 이천 십 년 유 월에 미국에서 처음으로 시작되었다고 알고 있으며 그리고 도심과 가치 평소 택시을 잡기 어려웠던 곳에서도 쉽게 이용이 가능해서 이게 어 이용자들한테 큰 인기가 있는 것으로 알고 있고 이런 것 때문에 지금 현재 논란이 되는 것으로 알고 있습니다. 어 가장 큰 논란이 되는 것은 제가 생각했을 때 택시 기사님들이 강력한 반대를 하고 있고 왜냐하면 택시 기사님들에게는 이런 우버 택시라는 것이 생계를 위협시킬 수 있는 부분이라고 생각을 하고 저도 공감을 하기 때문에 어 저도 택시 기자님들과 마찬가지로 이 우버 택시의 부정적인 그런 생각을 가지고 있습니다.","wordCount":125},"emotion":[],"intent":[{"text":"","expression":"","category":"attitude"}],"summary":{"text":"우버 택시란 승객과 운송 차량을 연결해 주는 모바일 어플리케이션을 말합니다. 미국에서 처음 시작되었고 도심과 가치 평소 택시 잡기 어려웠던 곳에서도 쉽게 이용이 가능해서 큰 인기를 끌고 있습니다. 가장 큰 논란은 택시 기사들에게 생계를 위협할 수 있다는 부분입니다.","wordCount":37}}},"rawDataInfo":{"question":{"fileFormat":"wav","fileSize":524558,"duration":16390,"samplingBit":16,"channelCount":1,"samplingRate":"16kHz","audioPath":"/Mock/07.ProductionManufacturing/Male/New/ckmk_q_mm_m_n_183783.wav"},"answer":{"fileFormat":"wav","fileSize":2770638,"duration":86580,"samplingBit":16,"channelCount":1,"samplingRate":"16kHz","audioPath":"/Mock/07.ProductionManufacturing/Male/New/ckmk_a_mm_m_n_183783.wav"}}}