{"version":"1.0","dataSet":{"info":{"date":"20230116","occupation":"MM","channel":"MOCK","place":"ONLINE","gender":"MALE","ageRange":"45-54","experience":"NEW"},"question":{"raw":{"text":"우리 회사에 들어오게 된다면 기존과는 업무 스타일이 달라질 수도 있습니다 지원자님께서는 기존과 다른 업무 스타일에 잘 적응하실 수 있는 편인가요","wordCount":20},"emotion":[],"intent":[]},"answer":{"raw":{"text":"항상 회사에 새로운 회사에 들어가게 되면 기존의 업무 스타일하고 달라지는 경우가 많이 있습니다. 당연히 새로운 곳에 가게 되면 그곳에 분위기나 스타일에 적응을 해야 되는 건 모든 신입 사원 신규 사원들이 부담을 가지는 부분이라 하겠습니다. 저 또한 그러한 부분에 대한 부담감은 있지만 회사를 옮기는 경우에 그런 마음가짐을 가지고 현재 하고 있는 저의 습관이나 아 업무 스타일을 기본적으론 유지하되 현지에 관련 현장에서 하고 있는 부분들이 맞는 부분이라고 생각을 한다면 그 부분을 따르고 그 부분이 틀렸다고 생각을 한다면 어느 정도 제안을 신규 제안을 해서 더 나은 방향으로 진행을 하는 부분들에 대해서는 여러 가지 제안을 한 경험 또한 가지고 있습니다. 당연히 기존에 했던 방법들을 쉽게 바꾸려고 하지 않습니다. 하지만 그 부분이 정확하게 잘못된 부분이고 혹은 현재 하고 있는 일이 틀리지 않다고 생각을 한다면 그게 전체적인 업무의 효율성이나 크게 영향을 주지 않는다면 굳이 바꾸지 않아도 된다고 생각을 합니다. 물론 그 부분이 정확하게 이익이나 나 상황에 영향을 준다면 제안을 해서 바꿔야 될 것으로 사려됩니다.","wordCount":148},"emotion":[],"intent":[{"text":"","expression":"","category":"attitude"}],"summary":{"text":"새로운 회사에 들어가게 되면 기존의 업무 스타일과 달라지는 경우가 많이 있습니다. 하지만 그 부분이 정확하게 잘못된 부분이고 현재 하고 있는 일이 틀리지 않다고 생각을 한다면 그것이 전체적인 업무의 효율성이나 크게 영향을 주지 않는다면 굳이 바꾸지 않아도 될 것으로 생각되며, 그렇게 제안을 해서 바꿔야 될 것으로 사려됩니다.","wordCount":46}}},"rawDataInfo":{"question":{"fileFormat":"wav","fileSize":402638,"duration":12580,"samplingBit":16,"channelCount":1,"samplingRate":"16kHz","audioPath":"/Mock/07.ProductionManufacturing/Male/New/ckmk_q_mm_m_n_162069.wav"},"answer":{"fileFormat":"wav","fileSize":2702158,"duration":84440,"samplingBit":16,"channelCount":1,"samplingRate":"16kHz","audioPath":"/Mock/07.ProductionManufacturing/Male/New/ckmk_a_mm_m_n_162069.wav"}}}