{"version":"1.0","dataSet":{"info":{"date":"20230116","occupation":"MM","channel":"MOCK","place":"ONLINE","gender":"MALE","ageRange":"-34","experience":"NEW"},"question":{"raw":{"text":"이전 직장을 그만둔 특별한 사유가 있으실까요 그리고 현 직장도 같은 이유로 그만둘 가능성이 있을까요","wordCount":14},"emotion":[],"intent":[]},"answer":{"raw":{"text":"어 이 부분은 오해의 오해의 소지가 있을 것 같아서 오해의 소지를 남기지 않기 위해서 제가 정확하게 말씀을 드리겠습니다. 제가 그 전 직장을 그 전 직장을 그만둔 것이 아닙니다. 그 회사가 파산했습니다. 뉴스 검색해 보시면 금방 아실 수 있을 겁니다. 그 회사가 파산함으로 인해서 저는 자연스럽게 직장을 잃을 수 밖에 없었고 그렇기 때문에 저로서는 열심히 일하고 일을 하고 있던 저의 입장으로서는 굉장히 아쉽고 슬픈 일이었습니다. 그래서 저는 그 직무를 연결시키기 위해서 이렇게 회사에 여 회사에 여기 회사에 지원을 하게 되었습니다. 그렇기 때문에 제가 이 직장을 그만둘 이유는 없 없을 것 같습니다. 네 이 회사가 이 회사도 파산하지 않는 한 제가 이 직장을 그만둘 이유는 없을 것 같습니다.","wordCount":106},"emotion":[{"text":"그 회사가 파산함으로 인해서 저는 자연스럽게 직장을 잃을 수 밖에 없었고   그렇기 때문에 저로서는 열심히 일하고 일을 하고 있던 저의 입장으로서는 굉장히 아쉽고   슬픈 일이었습니다.","expression":"n-sadness","category":"positive"}],"intent":[{"text":"","expression":"","category":"attitude"}],"summary":{"text":"회사 파산으로 인해 직장을 잃고 열심히 하던 저는 굉장히 아쉽고 슬픈 일이었기에 직무를 연결시키기 위해 회사에 지원을 하게 되었습니다. 회사가 파산하지 않는 한 제가 직장을 그만둘 이유는 없습니다.","wordCount":28}}},"rawDataInfo":{"question":{"fileFormat":"wav","fileSize":360398,"duration":11260,"samplingBit":16,"channelCount":1,"samplingRate":"16kHz","audioPath":"/Mock/07.ProductionManufacturing/Male/New/ckmk_q_mm_m_n_186742.wav"},"answer":{"fileFormat":"wav","fileSize":2355598,"duration":73610,"samplingBit":16,"channelCount":1,"samplingRate":"16kHz","audioPath":"/Mock/07.ProductionManufacturing/Male/New/ckmk_a_mm_m_n_186742.wav"}}}