{"version":"1.0","dataSet":{"info":{"date":"20230116","occupation":"MM","channel":"MOCK","place":"ONLINE","gender":"MALE","ageRange":"-34","experience":"NEW"},"question":{"raw":{"text":"지원자님께서는 시험 기간 그런 시험 시간 촉박하실 때 어떻게 시간 관리를 하셨나요 지원자님의 시간 관리법이 알고 싶습니다","wordCount":17},"emotion":[],"intent":[]},"answer":{"raw":{"text":"저 시간 관리를 안 해요. 네 아예 안 합니다. 그냥 제가 파고 싶은 걸 해요. 어 정말 시간이 없고 근데 뭔가 머릿속은 뒤죽박죽이고 그런 상태면 그 상태에서 저에게 가장 들어와 있는 거 그거를 다시 한 번 정리할 수 있는 시간을 갖는 게 낫다고 생각을 해요. 뭐 그리고 또 이거는 기술이기 때문에 제가 한 번이라도 더 그것에 대해서 직접 해볼 수 있는 기회를 갖는 게 제일 베스트라고 생각을 해서요. 그게 된다면 저는 그거를 하고요. 그렇지 않다면 그냥 머릿속으로 이미지 트레이닝 식으로 제가 그 하는 그 용접의 과정이라든지 아니면 주의해야 될 부분 그거를 이제 이미지로 그리면서 그 도구들이나 그 연장들 모든 것들을 그려보면서 이미지로 이제 조금 복기를 하고 준비를 하는 편인 거 저는 그렇게 했던 거 같애요.","wordCount":115},"emotion":[],"intent":[{"text":"저 시간 관리를 안 해요.","expression":"c_person","category":"background"},{"text":"그냥   제가 파고 싶은 걸 해요.","expression":"c_person","category":"background"},{"text":"그렇지 않다면 그냥 머릿속으로   이미지 트레이닝 식으로 제가 그 하는 그 용접의 과정이라든지 아니면 주의해야 될 부분 그거를 이제 이미지로 그리면서   그 도구들이나 그 연장들 모든 것들을 그려보면서 이미지로 이제 조금 복기를 하고   준비를 하는 편인 거 저는 그렇게 했던 거 같애요.","expression":"f_equip","category":"technology"}],"summary":{"text":"시간 관리를 안 하고 그냥 제가 파고 싶은 것을 하고 있는데, 정신이 없을 때 가장 먼저 정리할 수 있는 시간을 갖는 게 낫다고 생각하여 이미지 트레이닝 식으로 용접의 과정이나 주의해야 될 부분을 이미지로 그리면서 준비를 하는 편인 것 같습니다.","wordCount":39}}},"rawDataInfo":{"question":{"fileFormat":"wav","fileSize":442958,"duration":13840,"samplingBit":16,"channelCount":1,"samplingRate":"16kHz","audioPath":"/Mock/07.ProductionManufacturing/Male/New/ckmk_q_mm_m_n_179487.wav"},"answer":{"fileFormat":"wav","fileSize":2761038,"duration":86280,"samplingBit":16,"channelCount":1,"samplingRate":"16kHz","audioPath":"/Mock/07.ProductionManufacturing/Male/New/ckmk_a_mm_m_n_179487.wav"}}}