{"version":"1.0","dataSet":{"info":{"date":"20230116","occupation":"MM","channel":"MOCK","place":"ONLINE","gender":"MALE","ageRange":"-34","experience":"NEW"},"question":{"raw":{"text":"지원자님이 살면서 가장 힘들었던 점이 무엇인가요 또 그 점을 극복하기 위해 어떤 노력을 해 오셨는지에 대해서도 궁금합니다 의견을 말씀해 주시겠어요","wordCount":20},"emotion":[],"intent":[]},"answer":{"raw":{"text":"살면서 가장 힘들었던 점은 무엇이냐 그 점을 극복하기 위해 어떤 노력을 해 왔는지 이렇게 궁금하다고 질문을 해주셨는데요. 어 되게 힘든 점들이 많았던 거 같습니다. 하지만 그중에서 뽑으라 하면 저는 옛날에 음 유치원 때 굉장히 어릴 때 다리를 교통사고를 나서 유치원에 가지 못해 못하고 그런 아픔을 처음 느껴봤기 때문에 굉장히 힘들었던 경험이 있습니다. 어 그때 어 달려오는 차에 다리를 박아서 인제 한 두 골절 이상이 돼 가지고 두 달 동안 유치원을 가지고 못 했는데요. 어 굉장히 답답했습니다. 제가 원래 활동적인 성격이고 운동 같은 걸 좋아하기 때문에 달리기나 이런 거를 좋아했는데 그렇게 다쳐서 아무 것도 못하고 누워있기만 하니까 굉장히 어 힘들고 어려웠던 거 같아요. 그런데 그 점을 극복하기 위해 그냥 아무 것도 하지 않고 마 좋은 거 많이 먹고 약 먹으면서 어 열심히 극복했던 것 같습니다. 그리고 주변 사람들이 자주 와서 어 괜찮다고 해주고 그런 것들 덕분에 잘 극복했던 것 같습니다.","wordCount":139},"emotion":[],"intent":[{"text":"","expression":"","category":"attitude"}],"summary":{"text":"활동적인 성격이였던 저는 어릴적 교통사고로 인해 유치원에 가지 못하고 답답한 생활을 했습니다. 누워만 있어 힘들었지만 아무 것도 하지 않고 좋은 거 많이 먹고 약 먹으며 열심히 극복했습니다. 주변 사람들이 괜찮다고 해주는 말들도 도움이 되었습니다.","wordCount":34}}},"rawDataInfo":{"question":{"fileFormat":"wav","fileSize":599758,"duration":18740,"samplingBit":16,"channelCount":1,"samplingRate":"16kHz","audioPath":"/Mock/07.ProductionManufacturing/Male/New/ckmk_q_mm_m_n_164886.wav"},"answer":{"fileFormat":"wav","fileSize":2705998,"duration":84560,"samplingBit":16,"channelCount":1,"samplingRate":"16kHz","audioPath":"/Mock/07.ProductionManufacturing/Male/New/ckmk_a_mm_m_n_164886.wav"}}}