{"version":"1.0","dataSet":{"info":{"date":"20230116","occupation":"MM","channel":"MOCK","place":"ONLINE","gender":"MALE","ageRange":"45-54","experience":"NEW"},"question":{"raw":{"text":"남들과 다른 본인만의 경쟁력을 말씀해 주세요 그리고 그것을 키우기 위해서는 어떤 노력들을 했는지 그것도 말씀해 주세요","wordCount":16},"emotion":[],"intent":[]},"answer":{"raw":{"text":"저는 제가 지원한 이 직무에 도전하고자 어 그럼 꽤 오랫동안 노력을 해 왔습니다. 저는 경쟁력을 갖추기 위해서 어 관련된 자격증을 따려고 약 이 년 전부터 준비를 해왔고 최근에는 그 자격증도 취득을 한 바가 있습니다. 또한 어 이 직무가 정말 저한테 잘 맞는지 알아보기 위해서 제가 잘 적응할 수 있는지 알아보기 위해서 인턴 생활도 한 경험이 있습니다. 약 육 개월에 그렇게 긴 기간 아니었지만 저는 그 인턴 생활을 하면서 이 직무는 어 제 적성에도 맞고 제가 한 번 도전해 볼 만한 어 도전해 볼만한 일이라고 어 더욱 마음을 다질 수 있는 기회였습니다. 저는 이 인턴 생활을 하면서 저를 돌봐주셨던 사수로부터 꽤 소질도 있고 이쪽에 대한 재능도 있다 라는 평가를 받은 바가 있습니다. 저는 나름 저 인턴 생활을 하면서 이 기계를 직접 운영도 해 봤고 정비도 해봤습니다. 어 지금 저처럼 새로 신입으로 지원하시는 분들 중에서는 어 나름 기계를 직접 운영해 봤고 어 정비를 해봤기 때문에 경쟁력이 있다 라고 저는 자부합니다.","wordCount":148},"emotion":[],"intent":[{"text":"저는 나름 저 인턴 생활을 하면서 이 기계를 직접 운영도 해 봤고 정비도 해봤습니다.","expression":"f_equip","category":"technology"},{"text":"어 지금 저처럼 새로 신입으로 지원하시는 분들 중에서는 어 나름 기계를 직접 운영해 봤고 어 정비를 해봤기 때문에 경쟁력이 있다 라고 저는 자부합니다.","expression":"f_equip","category":"technology"}],"summary":{"text":"저는 이 직무에 도전하기 위해 자격증 취득과 인턴 생활도 했습니다. 인턴 생활하면서 적성에도 맞고 도전해 볼만한 일이라고 마음을 다질 수 있었습니다. 인턴 생활을 하면서 사수로부터 꽤 소질도 있고 이쪽에 대한 재능도 있다 라는 평가를 받은 바가 있습니다. 저처럼 신입으로 지원하시는 분들 중에서는 경쟁력이 있다고 자부합니다.","wordCount":45}}},"rawDataInfo":{"question":{"fileFormat":"wav","fileSize":323278,"duration":10100,"samplingBit":16,"channelCount":1,"samplingRate":"16kHz","audioPath":"/Mock/07.ProductionManufacturing/Male/New/ckmk_q_mm_m_n_182718.wav"},"answer":{"fileFormat":"wav","fileSize":2565518,"duration":80170,"samplingBit":16,"channelCount":1,"samplingRate":"16kHz","audioPath":"/Mock/07.ProductionManufacturing/Male/New/ckmk_a_mm_m_n_182718.wav"}}}