{"version":"1.0","dataSet":{"info":{"date":"20230116","occupation":"MM","channel":"MOCK","place":"ONLINE","gender":"MALE","ageRange":"35-44","experience":"NEW"},"question":{"raw":{"text":"지원자님께서는 전공 외에 자신이 수준급의 실력이 될 정도로 노력한 것이 있으신가요 있다면 전공과 관련해서 그 전공 외에 노력한 부분이 어떤 도움을 주는지도 궁금합니다","wordCount":23},"emotion":[],"intent":[]},"answer":{"raw":{"text":"저는 지금 영어를 십 오 년 동안 넘게 공부하면서 수준급 이상의 실력으로 영어회의 영어 기술교육 영어회화 또는 영어 문서 만들고 통역하는 데 문제가 없습니다. 제 전공은 이것과는 상관없지만 현재 회사가 영어를 많이 쓰는 미국 회사이기 때문에 영어를 잘하는 사람과 못하는 사람의 직급이라든가 연봉 차이는 점점 더 벌어지고 있습니다. 제가 이 수준급 영어 실력을 만들기 위해서 저는 영어 책을 처음부터 달달달 외웠습니다. 그 달달달 외운 영어를 가지고 일주일에 한 두 번씩 영어 카페를 가서 네이티브 스피커들과 되도 않는 영어를 주고받기 시작했습니다. 처음에는 그들이 제 발음을 못 알아듣고 저 또한 그들의 영어를 알아듣지 못했지만 이것이 삼 개월이 지난 후에는 조금씩 알아듣기 시작하고 육 개월이 된 후부터는 그들과 자연스럽게 대화를 하고 있는 저 자신을 발견했고 삼 년 후에는 그들에게 제가 저희 제품을 영어로 설명하는 전시회까지 가서 영업을 할 수 있는 상황까지 되었습니다. 초반에 육 개월 일 년 동안은 죽고 싶을 만큼 실력이 늘지 않고 챙피하였지만 나중에 이 년 후 삼 년 후에는 제가 쓰는 영어를 보고 외국인들이 한국에서 배운 영어를 너무 자연스럽게 쓰고 있다고 하여 저 또한 스스로 기뻤던 기억이 있습니다.","wordCount":168},"emotion":[],"intent":[{"text":"처음에는 그들이 제 발음을 못 알아듣고   저 또한 그들의 영어를 알아듣지 못했지만 이것이 삼 개월이 지난 후에는 조금씩 알아듣기 시작하고   육 개월이 된 후부터는 그들과 자연스럽게 대화를 하고 있는 저 자신을 발견했고 삼 년 후에는   그들에게 제가 저희 제품을 영어로 설명하는 전시회까지 가서 영업을 할 수 있는 상황까지 되었습니다.","expression":"c_imp","category":"personality"},{"text":"초반에 육 개월 일 년 동안은 죽고 싶을 만큼 실력이 늘지 않고 챙피하였지만 나중에 이 년 후 삼 년 후에는 제가 쓰는 영어를 보고 외국인들이 한국에서 배운 영어를 너무 자연스럽게 쓰고 있다고 하여   저 또한 스스로 기뻤던 기억이 있습니다.","expression":"c_imp","category":"personality"}],"summary":{"text":"영어를 십 오 년 동안 넘게 공부하면서 영어회화 또는 영어 문서 만들고 통역하는 데 문제가 없습니다. 영어를 잘하는 사람과 못하는 사람의 직급과 연봉 차이는 점점 더 벌어지고 있습니다. 제가 영어를 십 개월 동안 못 알아듣던 영어가 삼 년 후부터 자연스럽게 소통하면서 자연스럽게 영업을 할 수 있는 상황까지 되었습니다.","wordCount":48}}},"rawDataInfo":{"question":{"fileFormat":"wav","fileSize":537998,"duration":16810,"samplingBit":16,"channelCount":1,"samplingRate":"16kHz","audioPath":"/Mock/07.ProductionManufacturing/Male/New/ckmk_q_mm_m_n_159680.wav"},"answer":{"fileFormat":"wav","fileSize":2741198,"duration":85660,"samplingBit":16,"channelCount":1,"samplingRate":"16kHz","audioPath":"/Mock/07.ProductionManufacturing/Male/New/ckmk_a_mm_m_n_159680.wav"}}}