{"version":"1.0","dataSet":{"info":{"date":"20230116","occupation":"MM","channel":"MOCK","place":"ONLINE","gender":"MALE","ageRange":"45-54","experience":"NEW"},"question":{"raw":{"text":"만약에 지원자님이 이제까지 하고 싶으셨던 직무가 아니라 다른 직무를 실제로 맡게 되신다고 한다면 어떻게 하실지 궁금합니다 그래도 괜찮으신지에 대해서 같이 이야기해 주시면 좋겠습니다","wordCount":23},"emotion":[],"intent":[]},"answer":{"raw":{"text":"제가 하는 직무 이외에 다른 직무를 맡게 된다면 제가 기존에 중국에서 상후 상해에서 오 년 동안 해외 유학생활을 진행을 하였고 그 당시에 중국어 뿐만이 아니라 영어를 위해서는 캐나다 벤쿠버에서 어학연수와 일본에 도쿄에서 교환 학생으로 공부한 적을 이 있습니다 따라서 저는 지금까지 계속 어 해외 영업 위주로 공부를 했었지만 회사의 필요에 따라서는 구매업무 기획 업무 에프 에이 이 라는 필드 어플리케이션 엔지니어라는 부분에 대해서 또 업무를 진행한 경험을 가지고 있습니다 따라서 어 회사가 필요로 한다면 제가 기존에 주로 했었던 해외 영어 업무 이외에도 어 충분히 에 기존에 맞섰던 맡았었던 구매 기획 그리고 에프 에이 이 업무 또한 제가 맡은 부분에 대해서는 어느 정도 성과를 냈던 경험을 가지고 있기 때문에 다른 직무를 맡게 된다고 해도 그런 업무도 충분히 에 처리할 수 있을 거라 생각을 하기 때문에 괜찮습니다","wordCount":125},"emotion":[],"intent":[{"text":"","expression":"","category":"attitude"}],"summary":{"text":"저는 지금까지 해외 영업 위주로 공부했지만, 회사의 필요에 따라서는 구매업무 기획 업무 필드 어플리케이션 엔지니어라는 부분에 대해서도 업무를 진행한 경험이 있습니다. 따라서 회사가 필요로 한다면 다른 직무를 맡게 된다고 해도 그런 업무도 충분히 처리할 수 있을 것이라 생각하기 때문에 괜찮습니다.","wordCount":40}}},"rawDataInfo":{"question":{"fileFormat":"wav","fileSize":629198,"duration":19660,"samplingBit":16,"channelCount":1,"samplingRate":"16kHz","audioPath":"/Mock/07.ProductionManufacturing/Male/New/ckmk_q_mm_m_n_172459.wav"},"answer":{"fileFormat":"wav","fileSize":2715598,"duration":84860,"samplingBit":16,"channelCount":1,"samplingRate":"16kHz","audioPath":"/Mock/07.ProductionManufacturing/Male/New/ckmk_a_mm_m_n_172459.wav"}}}