{"version":"1.0","dataSet":{"info":{"date":"20230116","occupation":"MM","channel":"MOCK","place":"ONLINE","gender":"MALE","ageRange":"45-54","experience":"NEW"},"question":{"raw":{"text":"지원자분께서는 어 회사에 입사하고 난 뒤에 사내에서 스터디를 만들어서 공부를 할 수 있는 환경이 된다고 하면 어떤 방식의 어 무엇을 공부하는 스터디를 만들고 싶으신지 그 이유까지 같이 이야기해 주세요","wordCount":29},"emotion":[],"intent":[]},"answer":{"raw":{"text":"사내 스터디를 만들어서 공부할 수 있다면 제가 관심 있는 여러 분야들 중의 하나를 하고 싶습니다. 저는 제가 광우스 관 관심을 가지고 있는 몇 가지 피키워드들이 있는데요. 외국어 배우기 여행하기 역사 공부하기 운동하기입니다. 언어의 경우에는 제가 중국 상해에서 오 년간 유학 생활을 했었기 때문에 중국어는 자연스럽게 자유롭게 구사할 정도의 수준이 된다고 생각을 합니다. 중국에서 공부를 했을 때 상해에서 공부를 했을 당시에 중국어만으로는 차별화가 이뤄지지 않는다고 생각을 해서 중 미국의 캐나 캐나다의 밴쿠버에서 어학연수를 하였으며 일본의 도쿄에서 교환 학생으로 공부를 한 경험을 가지고 있기 때문에 영어 중국어 일본어는 자유롭게 구사할 수 있습니다. 또한 제 현재에는 스페인 문화권에 관심을 가지고 있어서 일 년 정도 스페인어를 공부를 하고 있습니다. 역사 관련된 부분은 관광통역 안내사 중국어 문화유산 해설사 자격증을 가지고 있으며 지금도 어 문화원에 소속되어서 어 답사 문화연구팀에서 계속해서 공부를 하고 있습니다.","wordCount":127},"emotion":[],"intent":[{"text":"","expression":"","category":"attitude"}],"summary":{"text":"사내 스터디를 만들어 공부할 수 있다면 관심을 가진 몇 가지 키워드가 있습니다. 외국어 배우기, 여행하기, 역사 공부하기 운동하기입니다. 언어는 중국어는 자연스럽게 구사할 정도의 수준이고, 역사 관련은 관광통역 안내사, 중국어 문화유산 해설사 자격증을 가지고 있으며 지금도 문화원에 소속되어 공부를 하고 있습니다","wordCount":40}}},"rawDataInfo":{"question":{"fileFormat":"wav","fileSize":605838,"duration":18930,"samplingBit":16,"channelCount":1,"samplingRate":"16kHz","audioPath":"/Mock/07.ProductionManufacturing/Male/New/ckmk_q_mm_m_n_162349.wav"},"answer":{"fileFormat":"wav","fileSize":2689998,"duration":84060,"samplingBit":16,"channelCount":1,"samplingRate":"16kHz","audioPath":"/Mock/07.ProductionManufacturing/Male/New/ckmk_a_mm_m_n_162349.wav"}}}