{"version":"1.0","dataSet":{"info":{"date":"20230116","occupation":"MM","channel":"MOCK","place":"ONLINE","gender":"MALE","ageRange":"45-54","experience":"NEW"},"question":{"raw":{"text":"지원자님께서 지금까지 여러 대외 활동을 해 보셨을 텐데요 대외 활동에서 무엇을 배웠고 또한 어떤 자세로 임했는지 말씀해 주세요","wordCount":18},"emotion":[],"intent":[]},"answer":{"raw":{"text":"저는 전 직장에서 그 회사 주변에 있는 독거노인이나 불우 청소년들에게 도시락을 배달하는 어 도시락 배달 서비스를 대외 활동을 한 적이 있습니다. 저는 지금 비록 그 회사를 그만뒀지만 아직도 또 한 달에 한 두 번 정도는 그 도시락 봉사활동을 계속하고 있습니다. 어 처음에는 그냥 별 생각 없었습니다. 그냥 일 마치고 어 끝나고 나서 어 동료들과 맥주 한 잔 하자는 그냥 그런 의미로 참석했지만 계속 그렇게 만남을 가져오면서 정이 쌓이고 어 정이 쌓이자 저는 그들을 바라보는 시각이 바뀌기 시작 바뀌기 시작했습니다. 어 어르신들은 마치 돌아가신 지 아버지 같았고 어 불우 청소년들은 제 조카 같다 라는 생각이 들면서 좀 더 그들한테 애정을 갖게 되고 그들 역시 저한테 어 하는 보이는 행동이라든지 이런 것에 저는 어 오히려 봉사활동은 제가 하고 있지만 그들한테 많은 것을 얻는 시간이 됐습니다. 어 한 달에 두 번 뿐인 봉사활동이었지만 어 그것은 오히려 저한테 심은 쉼이었고 휴식이었으며 어 제가 다시 회사에 나가서 사회에 나가서 일할 수 있는 힘을 주는 어 그런 행위이었던 것 같습니다. 저는 앞으로도 이 봉사활동을 계속할 계획이며 이 봉사활동은 어 저에게 어 위안을 주고 힘을 주는 활동입니다.","wordCount":170},"emotion":[],"intent":[{"text":"","expression":"","category":"attitude"}],"summary":{"text":"저는 직장에서 도시락 배달 서비스를 대외 활동으로 한 적이 있습니다. 처음에는 별 생각 없이 참석했지만, 정이 쌓이면서 그들을 바라보는 시각이 바뀌기 시작했습니다. 봉사를 통해 그들에게 애정을 갖게 되고, 그들에게 많은 것을 얻는 시간이 됐습니다. 이 봉사활동은 오히려 저한테 휴식이었습니다. 앞으로도 이 봉사활동을 계속할 계획입니다.","wordCount":44}}},"rawDataInfo":{"question":{"fileFormat":"wav","fileSize":521998,"duration":16309,"samplingBit":16,"channelCount":1,"samplingRate":"16kHz","audioPath":"/Mock/07.ProductionManufacturing/Male/New/ckmk_q_mm_m_n_172684.wav"},"answer":{"fileFormat":"wav","fileSize":2841358,"duration":88790,"samplingBit":16,"channelCount":1,"samplingRate":"16kHz","audioPath":"/Mock/07.ProductionManufacturing/Male/New/ckmk_a_mm_m_n_172684.wav"}}}