{"version":"1.0","dataSet":{"info":{"date":"20230116","occupation":"MM","channel":"MOCK","place":"ONLINE","gender":"MALE","ageRange":"-34","experience":"NEW"},"question":{"raw":{"text":"만약 일을 하는데 일을 같이 하는 팀원과 불화가 생기게 되었습니다 이때 어떻게 해결하시겠습니까 본인의 해결 방법과 그 이유를 말씀해 주세요","wordCount":20},"emotion":[],"intent":[]},"answer":{"raw":{"text":"팀원과 불화가 생긴다면 첫번째 해결법은 감정 대제약입니다. 불화가 생긴 상황 당시가 되면 서로가 굉장히 감정적으로 행동을 할 수 있습니다. 그렇기 때문에 현재 상황을 최대한 객관적으로 바라볼 수 있게 서로 오 분에서 십 분 정도 진정할 수 있는 시간을 가집니다. 그러는 동안 자신의 생각을 정리할 수도 있겠죠. 그렇게 시간이 지나고 나면은 서로 다시 만나서 그때 당시 상황에 대해 공유합니다. 상대방은 이런 말을 했고 그에 대해 나는 이렇게 얘기했고 상황과 팩트를 정리한 다음에 서로의 입장 차이를 얘기합니다. 사실 나는 이런 식으로 행동을 했었고 이랬기 때문에 이렇게 얘기를 한 것이다. 이런 식으로 서로의 입장이 어떤지를 공유하게 되면 거기서 절충안을 따집니다. 이건 이렇게 해줄 수 있을 것 같은데 이 부분은 조금 힘들 것 같다 하면서 서로 어느 정도 역지사지의 마음으로 윈윈 전략을 하는 것이죠. 이렇게 하다보면 한 방향 쪽으로만 일방향 쪽으로만 해 불화를 해결하는 것이 아닌 서로 양방향 쪽으로 불화를 해결하는 방법일 수 있겠습니다.","wordCount":140},"emotion":[],"intent":[{"text":"상대방은 이런 말을 했고 그에 대해 나는 이렇게 얘기했고 상황과 팩트를 정리한 다음에   서로의 입장 차이를 얘기합니다.","expression":"c_confl_mg","category":"personality"},{"text":"이런 식으로 서로의 입장이 어떤지를 공유하게 되면 거기서 절충안을 따집니다.","expression":"c_confl_mg","category":"personality"},{"text":"이건 이렇게 해줄 수 있을 것 같은데 이 부분은 조금 힘들 것 같다 하면서 서로 어느 정도 역지사지의 마음으로 윈윈 전략을 하는 것이죠.","expression":"c_confl_mg","category":"personality"},{"text":"이렇게 하다보면 한 방향 쪽으로만 일방향 쪽으로만 해 불화를 해결하는 것이 아닌   서로 양방향 쪽으로 불화를 해결하는 방법일 수 있겠습니다.","expression":"c_confl_mg","category":"personality"}],"summary":{"text":"팀원과 불화가 생긴다면 첫번째 해결법은 감정 대제약입니다. 불화가 생긴 상황 당시에는 서로가 굉장히 감정적으로 행동할 수 있기 때문에 현재 상황을 최대한 객관적으로 바라볼 수 있게 오분에서 십 분 정도 진정할 수 있는 시간을 가지는 동안 자신의 생각을 정리할 수도 있습니다.","wordCount":40}}},"rawDataInfo":{"question":{"fileFormat":"wav","fileSize":449038,"duration":14030,"samplingBit":16,"channelCount":1,"samplingRate":"16kHz","audioPath":"/Mock/07.ProductionManufacturing/Male/New/ckmk_q_mm_m_n_170901.wav"},"answer":{"fileFormat":"wav","fileSize":2753998,"duration":86060,"samplingBit":16,"channelCount":1,"samplingRate":"16kHz","audioPath":"/Mock/07.ProductionManufacturing/Male/New/ckmk_a_mm_m_n_170901.wav"}}}