{"version":"1.0","dataSet":{"info":{"date":"20230116","occupation":"MM","channel":"MOCK","place":"ONLINE","gender":"MALE","ageRange":"-34","experience":"NEW"},"question":{"raw":{"text":"면접자분께서는 어 지방 근무를 할 수 있는지 설명 부탁드리겠습니다","wordCount":9},"emotion":[],"intent":[]},"answer":{"raw":{"text":"제가 한 때 국토 대장정을 다녔던 적이 있었습니다. 국토 대장정을 다닌 이유는 서울 뿐만 아니라 제가 살고 있는 이 서울 뿐만이 아니라 지방에 살고 있는 모든 사람들을 다 만나보고 싶어서 제가 자발적으로 그렇게 길을 나서 나섰었습니다. 한 번은 전북 군산에서 빵 공장 할머니를 만났었습니다. 빵공장 할머니는 저에게 빵 공장이 어디냐 빵공장 몰라 빵공장. 저는 그때 아 이 할머니가 빵 공장에 가는 길이라는 것을 알게 되었습니다. 그것을 본 후 저는 더 많은 사람들을 만나야겠다고 생각을 했었습니다. 지방 근무를 가게 된다는 것은 저에게 그런 많은 사람들을 겪을 수 있게 해주는 아주 그런 제 이의 빵 공장 할머니를 만나는 그런 기회가 될 것 같습니다. 저를 부디 지방으로 내려주시면 감사하겠습니다.","wordCount":106},"emotion":[{"text":"제가 한 때 국토 대장정을 다녔던 적이 있었습니다.","expression":"u-fact","category":"neutral"},{"text":"한 번은 전북 군산에서 빵 공장 할머니를 만났었습니다.","expression":"u-fact","category":"neutral"}],"intent":[{"text":"제가 한 때 국토 대장정을 다녔던 적이 있었습니다.","expression":"c_private","category":"background"},{"text":"국토 대장정을 다닌 이유는   서울 뿐만 아니라 제가 살고 있는 이 서울 뿐만이 아니라 지방에 살고 있는   모든 사람들을 다 만나보고 싶어서 제가 자발적으로 그렇게 길을 나서 나섰었습니다.","expression":"c_private","category":"background"}],"summary":{"text":"한 때 국토 대장정을 다닌 이유는 서울 뿐만 아니라 지방에 살고 있는 모든 사람들을 만나보고 싶었기 때문입니다. 지방 근무를 하게 되는 것은 더 많은 사람들을 만날 수 있게 해주는 아주 그런 빵 공장 할머니들을 만나는 기회가 될 것 같습니다.","wordCount":39}}},"rawDataInfo":{"question":{"fileFormat":"wav","fileSize":275278,"duration":8600,"samplingBit":16,"channelCount":1,"samplingRate":"16kHz","audioPath":"/Mock/07.ProductionManufacturing/Male/New/ckmk_q_mm_m_n_186735.wav"},"answer":{"fileFormat":"wav","fileSize":2497358,"duration":78040,"samplingBit":16,"channelCount":1,"samplingRate":"16kHz","audioPath":"/Mock/07.ProductionManufacturing/Male/New/ckmk_a_mm_m_n_186735.wav"}}}