{"version":"1.0","dataSet":{"info":{"date":"20230116","occupation":"MM","channel":"MOCK","place":"ONLINE","gender":"MALE","ageRange":"-34","experience":"NEW"},"question":{"raw":{"text":"만약 지원자분이 이제까지 하고 싶으셨던 직무가 아니라 다른 직무를 맡게 되신다고 한다면 어떻게 하실지 궁금합니다 그래도 지원자분은 괜찮으신지 그 여부와 이유까지 궁금합니다","wordCount":22},"emotion":[],"intent":[]},"answer":{"raw":{"text":"우선 결론부터 말씀을 드리자면 제가 지원한 직무 외 다른 직무를 맡게 되더라도 저는 괜찮습니다. 제가 생산 정비 쪽 직무를 지원하지만 저는 이전 직장에서 알엔디 영업 관련 일을 했었습니다. 그래서 만약에 알엔디 업무나 영업 관련 직무를 제가 배정받는다도 받는다고 해도 저는 잘 적응할 수 있습니다. 알엔디를 할 당시 도면을 자주 보고 설계를 하고 개선을 하고 성능 검증을 하고 이런 일련의 과정을 해 왔었고 영업직의 경우에선 우리의 제품을 정말 값싸고 질 좋게 개발하는 것도 생산하는 것도 중요하지만 소비자에게 닿기까지 그 사이에서 영업을 하는 것도 굉장히 중요합니다. 그때 당시 여러 비투비 사업을 하면서 거래처 사람들을 만나고 설득을 하고 계약을 따내는 과정에서 사람들을 잘 대하는 방법에서도 익혀 있기 때문에 제가 영업 관련 지 직무를 가게 되더라도 정말 좋다고 생각을 하고요. 그리고 사무직 관련해서 경영이나 뭐 인사팀 이쪽 부서에 하더라도 회사가 어떤 상황인지 한눈에 볼 수 있기 때문에 좋은 직무를 직무로 가게 된 것이라고 생각합니다","wordCount":140},"emotion":[],"intent":[{"text":"제가 생산 정비 쪽 직무를 지원하지만 저는 이전 직장에서   알엔디 영업 관련 일을 했었습니다.","expression":"c_private","category":"background"},{"text":"알엔디를 할 당시 도면을 자주 보고 설계를 하고 개선을 하고 성능 검증을 하고 이런 일련의 과정을 해 왔었고 영업직의 경우에선 우리의 제품을   정말 값싸고 질 좋게 개발하는 것도 생산하는 것도 중요하지만 소비자에게 닿기까지   그 사이에서 영업을 하는 것도 굉장히 중요합니다.","expression":"f_prod_plan","category":"technology"}],"summary":{"text":"제가 지원한 직무 외 다른 직무를 맡게 되더라도 괜찮습니다. 이전에 알엔디 영업 관련 일을 했었고 소비자에게 닿기까지 그 사이에서 영업을 하는 것도 중요하기 때문입니다. 여러 비투비 사업을 하면서 사람들을 잘 대하는 방법에서도 익혔기 때문에 영업 관련 직무를 가게 되더라도 좋다고 생각합니다.","wordCount":41}}},"rawDataInfo":{"question":{"fileFormat":"wav","fileSize":627918,"duration":19620,"samplingBit":16,"channelCount":1,"samplingRate":"16kHz","audioPath":"/Mock/07.ProductionManufacturing/Male/New/ckmk_q_mm_m_n_170896.wav"},"answer":{"fileFormat":"wav","fileSize":2695438,"duration":84230,"samplingBit":16,"channelCount":1,"samplingRate":"16kHz","audioPath":"/Mock/07.ProductionManufacturing/Male/New/ckmk_a_mm_m_n_170896.wav"}}}