{"version":"1.0","dataSet":{"info":{"date":"20230116","occupation":"MM","channel":"MOCK","place":"ONLINE","gender":"MALE","ageRange":"-34","experience":"NEW"},"question":{"raw":{"text":"생산에 차질이 생겼을 때 어떤 행동을 취하시겠습니까","wordCount":7},"emotion":[],"intent":[]},"answer":{"raw":{"text":"각 공장은 하루의 목표 생산량이 있을 것인데요. 그럼에도 불구하고 그 생산량을 채우지 못했을 때 이것은 어떻게 보면은 생산 저 프로세스의 전반적인 문제라기보다는 어떤 한 공장의 공정에서 어떤 작업이 밀려 가지고 목표 생산량을 못 채우는 경우도 생길 수 있습니다. 그런 경우에는 완전 전 자동화가 되어있는 기계식 공장이 아니라면 인력을 투입해서 해야 생산을 하는 공장이라고 가정을 해 보겠습니다. 에이 공정으로 인해서 다음 공정들이 밀리고 에이 공정에서의 시간이 너무 오래 걸려서 생산량이 많이 적어지고 있다고 생각을 한다면 우선 전 공정에 대하여 인력 배치가 적정하게 되었는지를 확인해 볼 것입니다. 어떻게 보면 생산이 밀리고 있는 에이 공정에 사람이 부족할 수도 있기 때문이죠. 그렇게 해서 에이 공정에 사람이 부족하다는 것이 판명이 나고 다른 공정에서 잉여 자원이 있다고 생각이 든다면 그 인 인적 자본들을 인적자원들을 생산량이 부족한 에이 공정에 투입시켜서 에이 공정률 백 프로를 한 번 목표로 다시 수정해 보고 싶습니다.","wordCount":134},"emotion":[],"intent":[{"text":"그럼에도 불구하고 그 생산량을 채우지 못했을 때   이것은 어떻게 보면은 생산 저 프로세스의 전반적인 문제라기보다는 어떤 한 공장의 공정에서 어떤 작업이 밀려 가지고 목표 생산량을 못 채우는 경우도 생길 수 있습니다.","expression":"f_prod_plan","category":"technology"},{"text":"어떻게 보면 생산이 밀리고 있는 에이 공정에 사람이 부족할 수도 있기 때문이죠.","expression":"f_prod_plan","category":"technology"},{"text":"그렇게 해서 에이 공정에 사람이 부족하다는 것이 판명이 나고   다른 공정에서 잉여 자원이 있다고 생각이 든다면 그 인 인적 자본들을   인적자원들을 생산량이 부족한 에이 공정에 투입시켜서 에이 공정률 백 프로를 한 번 목표로 다시 수정해 보고 싶습니다.","expression":"f_prod_plan","category":"technology"}],"summary":{"text":"한 공장의 공정에서 어떤 작업이 밀려서 목표 생산량을 채우지 못할 경우 자동화된 기계식 공장이 아니라면 인력을 투입해서 생산을 하는 공장이라고 가정해 보겠습니다. 에이 공정으로 인해서 다음 공정들이 밀리고 에이 공정에서의 시간이 너무 길어 생산량이 많이 적어지고 있다고 생각되면 전 공정에 대하여 인력 배치가 적정하게 되었는지를 확인해 볼 것입니다.","wordCount":48}}},"rawDataInfo":{"question":{"fileFormat":"wav","fileSize":227278,"duration":7100,"samplingBit":16,"channelCount":1,"samplingRate":"16kHz","audioPath":"/Mock/07.ProductionManufacturing/Male/New/ckmk_q_mm_m_n_170897.wav"},"answer":{"fileFormat":"wav","fileSize":2650318,"duration":82820,"samplingBit":16,"channelCount":1,"samplingRate":"16kHz","audioPath":"/Mock/07.ProductionManufacturing/Male/New/ckmk_a_mm_m_n_170897.wav"}}}