{"version":"1.0","dataSet":{"info":{"date":"20230116","occupation":"MM","channel":"MOCK","place":"ONLINE","gender":"MALE","ageRange":"45-54","experience":"NEW"},"question":{"raw":{"text":"회사 생활을 하다 보면 업무 중에 예정이 없던 스케줄이 생길 때가 종종 있습니다 지원자님께 만약 이런 상황이 생긴다면 어떻게 대처를 하실지 말씀해 주시기 바랍니다","wordCount":24},"emotion":[],"intent":[]},"answer":{"raw":{"text":"어 업무 중에 스케줄이 없던 다른 일이 생긴다고 하면 어 그것 역시 제가 어 업무로서 해결해야 될 일이기에 저는 일단 일에 우선순위를 정할 것 같습니다. 어 기존에 제가 해야 되었던 계획지하에 있던 그 일과 새로 생긴 일에 어 중요도 우선 순위를 결정해서 어 시간적으로 먼저 처리해야 될 것을 하는 게 맞다라고 생각을 합니다. 어 새로 주어진 일을 먼저 처리해야 된다면 사전에 약속을 했던 그 업무는 어 전화 뭐 연락을 드려 가지고 양해를 구하고 어 시간을 늦추거나 아니면 다음에 날짜를 다시 잡아서 어 진행을 하도록 하겠습니다. 우선적으로 급한 일을 처리하고 어 처리하고 나서 기존의 업무를 당일 내 처리할 수 있다면 시간을 밀어서 그날 처리하고 그렇지 않다면 그 순서를 밀어서 약속을 잡고 처리할 어 순서에 맞게 일에 중요소에 따라서 순서에 맞게 일을 진행을 시키겠습니다.","wordCount":122},"emotion":[],"intent":[{"text":"","expression":"","category":"attitude"}],"summary":{"text":"업무 중에 스케줄이 없던 다른 일이 생기면 우선 일에 우선순위를 정할 것 같습니다. 기존에 해야 했던 그 일과 새로 생긴 일에 중요도 우선 순위를 정해서 시간적으로 먼저 처리해야 될 것을 하는 게 맞다고 생각합니다.","wordCount":34}}},"rawDataInfo":{"question":{"fileFormat":"wav","fileSize":522958,"duration":16340,"samplingBit":16,"channelCount":1,"samplingRate":"16kHz","audioPath":"/Mock/07.ProductionManufacturing/Male/New/ckmk_q_mm_m_n_163998.wav"},"answer":{"fileFormat":"wav","fileSize":2147918,"duration":67120,"samplingBit":16,"channelCount":1,"samplingRate":"16kHz","audioPath":"/Mock/07.ProductionManufacturing/Male/New/ckmk_a_mm_m_n_163998.wav"}}}