{"version":"1.0","dataSet":{"info":{"date":"20230116","occupation":"MM","channel":"MOCK","place":"ONLINE","gender":"MALE","ageRange":"45-54","experience":"NEW"},"question":{"raw":{"text":"지원자님은 평소에 검색을 자주 하시는 편인지 궁금합니다 또 어떤 검색을 주로 하시는지 그리고 그것을 왜 검색하시는지 궁금합니다 말씀 편안하게 해주세요","wordCount":20},"emotion":[],"intent":[]},"answer":{"raw":{"text":"네 저는 평소에 검색을 정말 자주 합니다. 어 뭐 어떤 분야 뭐 이런 기준은 없습니다. 모티브를 보다가 뭐 책을 보다가 뉴스를 보다가 아니면 대화 중에 제가 모르는 단어라든지 용어 어 뭐 한자 이런 것들이 나오면 저는 바로바로 그 자리에서 어머 핸드폰을 통해서 검색을 합니다. 그것이 무슨 무슨 뜻인지 어떤 것을 의미하는지 어 무엇을 지칭하는지 등을 확인합니다. 저는 어 심지어 티비에서 맛집이 나와도 검색해 봅니다. 그 위치가 어디인지 어 가격은 얼마나 되는지 뭐 그 집의 주 메뉴는 무엇인지 그리고 실제로 만약에 그 근처 간다라든지 어 기회가 있으면 어 가가지고 음식을 맛봅니다. 그리고 어 그 음식에 대한 평가도 남깁니다. 저희 이 같은 행동이 저 스스로를 좀 발전시키는 어 좋은 계기가 된다고 생각을 합니다. 어 일단 뭐 엠지 세대라 이 이야기 하는 이 라든지 이럴 때 그들이 쓰는 용어 요즘 뭐 유행하는 트렌드 어 요즘 뭐 새로 뭐 경제 용어 이런 것들을 저는 검색을 통해서 짬짬이 계속 업데이트하는 과정이라고 생각을 합니다. 어 저는 평소에 검색을 어 정말 자주 합니다.","wordCount":156},"emotion":[],"intent":[{"text":"","expression":"","category":"attitude"}],"summary":{"text":"저는 평소 검색을 자주 합니다. 모르는 단어, 한자, 티비의 맛집 검색, 음식 맛보기 등이 스스로를 발전시키는 좋은 방법이라 생각합니다. 엠지 세대라 불리는 이들이 쓰는 용어, 트렌드, 경제 용어 등을 검색을 통해 업데이트하는 과정이라고 생각합니다.","wordCount":34}}},"rawDataInfo":{"question":{"fileFormat":"wav","fileSize":618318,"duration":19320,"samplingBit":16,"channelCount":1,"samplingRate":"16kHz","audioPath":"/Mock/07.ProductionManufacturing/Male/New/ckmk_q_mm_m_n_179443.wav"},"answer":{"fileFormat":"wav","fileSize":2768078,"duration":86500,"samplingBit":16,"channelCount":1,"samplingRate":"16kHz","audioPath":"/Mock/07.ProductionManufacturing/Male/New/ckmk_a_mm_m_n_179443.wav"}}}