{"version":"1.0","dataSet":{"info":{"date":"20230116","occupation":"MM","channel":"MOCK","place":"ONLINE","gender":"MALE","ageRange":"45-54","experience":"NEW"},"question":{"raw":{"text":"지원자님이 대학에서 배운 그 전공 과목 중에서 가장 인상 깊었던 기억에 남는 과목을 한 가지만 골라서 말씀해 주세요 그 이유도 함께 말씀 부탁드립니다","wordCount":23},"emotion":[],"intent":[]},"answer":{"raw":{"text":"대학에서 제가 배웠던 전공은 경영과 일본어학입니다. 특히 중국에서는 일본어학을 전공을 했었습니다. 가장 그 중에서 전공 과목 중에서도 가장 기억에 남는 부분은 중국에서 전공 교양 선택으로 꼭 중국 학생들은 배워야 하는 부분 과목이 있었는데요. 그 과목은 군사학이었습니다. 아직도 군사 쪽 관련된 부분들은 기억이 많이 남는데 그 내용 중에서는 음 천 구백 오십 년 한국 전쟁이 아 북한의 남침이 아니라 남한의 북침이었다는 내용으로 본 기억이 가장 오래 남 남아있습니다. 전체적으로 한 학기 동안 수업을 진행을 했었고 아 지금도 중국에 대한 애정과 관심은 가지고 있지만 역시 사회주의 국가이며 그 대학생 모든 중국의 대학생들은 어 현재도 한국 전쟁은 북침이라는 내용들로 알고 있다고 생각을 하면 우리가 겉으로만 보는 음 중국을 이 아니라 여전히 사회주의 국가로서의 중국 쪽의 이면 쪽도 함께 보아야 된다고 생각합니다.","wordCount":118},"emotion":[],"intent":[{"text":"","expression":"","category":"attitude"}],"summary":{"text":"대학에서 경영과 일본어학 전공했고, 전공 교양 선택으로 군사학 과목을 배웠습니다. 한국 전쟁이 북침이라는 내용으로 본 기억이 가장 오래 남아있습니다. 전체적으로 한 학기 동안 수업을 했고, 사회주의 국가인 중국은 여전히 사회주의 국가로서의 이면도 함께 보아야 한다고 생각합니다.","wordCount":36}}},"rawDataInfo":{"question":{"fileFormat":"wav","fileSize":422158,"duration":13190,"samplingBit":16,"channelCount":1,"samplingRate":"16kHz","audioPath":"/Mock/07.ProductionManufacturing/Male/New/ckmk_q_mm_m_n_160495.wav"},"answer":{"fileFormat":"wav","fileSize":2762958,"duration":86340,"samplingBit":16,"channelCount":1,"samplingRate":"16kHz","audioPath":"/Mock/07.ProductionManufacturing/Male/New/ckmk_a_mm_m_n_160495.wav"}}}