{"version":"1.0","dataSet":{"info":{"date":"20230116","occupation":"MM","channel":"MOCK","place":"ONLINE","gender":"MALE","ageRange":"45-54","experience":"NEW"},"question":{"raw":{"text":"면접자님은 해외 파견 근무를 나가게 된다면 어느 나라에서 일을 하고 싶으신가요 그 나라를 말씀해 주시고 그 나라를 가고 싶어서 일을 하고 싶은 이유도 같이 말씀해 주시길 바랍니다","wordCount":27},"emotion":[],"intent":[]},"answer":{"raw":{"text":"해외 파견을 나가게 된다면 저는 처음에는 외국 저의 나라보다 좀 잘 사는 선진국에 가서 그 선진국의 문화를 느껴보고 싶다는 생각을 한 적도 있습니다. 하지만 최근엔 저에 개인적 역량과 그동안에 업무를 처리 해왔던 어 분야를 더 생각을 해 본다면 중국이 가장 적합하다고 생각을 합니다. 그 이유로는 제가 중국의 상해에서 오 년간 유학 생활을 하며 중국어 영어 일본어를 함께 공부를 하였고 심천에서도 지사장으로 이 년 정도 근무를 한 경험을 가지고 있기 때문에 이러한 제 개인적 역량과 바로 어 활용할 수 있는 부분들을 고민을 해 본다면 선진국에 가서 새롭게 적응하고 처음부터 다시 시작을 하겠다 하기보다는 제가 익숙하고 잘 할 수 있는 곳인 중국 쪽 특히 상해를 중심으로 한 중부 지방이나 어 남방 지방인 광동성의 심천 동관 지역으로 파견을 파견 근무를 나가는 것이 훨씬 더 어 효율적이라고 생각합니다.","wordCount":124},"emotion":[],"intent":[{"text":"","expression":"","category":"attitude"}],"summary":{"text":"해외 파견 근무를 나가게 된다면 선진국의 문화를 느껴보고 싶다는 생각을 한 적이 있습니다. 하지만 개인적 역량과 그동안 업무를 처리 해왔던 어 분야를 생각해 본다면 중국이 가장 적합하다고 생각합니다. 상해를 중심으로 한 중부 지방이나, 광동성의 심천 동관 지역으로 파견을 파견 근무를 나가는 것이 훨씬 더 효율적이라고 생각합니다.","wordCount":46}}},"rawDataInfo":{"question":{"fileFormat":"wav","fileSize":531278,"duration":16600,"samplingBit":16,"channelCount":1,"samplingRate":"16kHz","audioPath":"/Mock/07.ProductionManufacturing/Male/New/ckmk_q_mm_m_n_163465.wav"},"answer":{"fileFormat":"wav","fileSize":2618958,"duration":81840,"samplingBit":16,"channelCount":1,"samplingRate":"16kHz","audioPath":"/Mock/07.ProductionManufacturing/Male/New/ckmk_a_mm_m_n_163465.wav"}}}