{"version":"1.0","dataSet":{"info":{"date":"20230116","occupation":"MM","channel":"MOCK","place":"ONLINE","gender":"MALE","ageRange":"45-54","experience":"NEW"},"question":{"raw":{"text":"업무를 하다 보면 다른 지역에서 수행하게 될 수도 있는데요 타 지역 근무도 문제 없이 가능하신지요","wordCount":15},"emotion":[],"intent":[]},"answer":{"raw":{"text":"다른 지역에서 업무 수행하는 부분에 대해서는 저의 경우 중국 상해에서 오 년 동안 유학 생활을 한 경험을 갖고 있습니다. 그 당시 제가 오 년 동안 근무를 하 유학 생활을 진행을 하면서도 캐나다 밴쿠버에서 언어 연수를 진행을 했었고 일 본 도쿄에서 어 교환 학생으로도 공부를 한 경험을 가지고 있습니다. 한국에서의 경우에는 따른 차 제가 해외 영업 쪽이라든지 관련된 부분을 하면서 어 저 따른 지역에서도 어 근무를 한 경험 또한 가지고 있습니다. 회사의 필요에 따라서 어 따른 지역으로 가는 건 어 당연하다고 생각을 하고 있습니다. 꼭 제가 지금 있는 지역이 지금 신청하는 곳이 아니면 어 안 된다 라고 생각을 하고 있지 않습니다. 따라서 현재 이전에 방금 말씀드렸던 여러 가지 나열한 나라들 그리고 국내 쪽에서도 마찬가지고 그 지역이 어디든 제가 가서 수임을 받을 수 있는 곳이라면 어디든지 타 지역 근무도 문제 없이 가능하다고 생각합니다. 네","wordCount":132},"emotion":[],"intent":[{"text":"","expression":"","category":"attitude"}],"summary":{"text":"저는 중국 상해에서 오 년 동안 유학 생활을 한 경험을 갖고 있고, 캐나다 밴쿠버와 일본에서 교환 학생으로도 공부를 한 경험을 가지고 있습니다. 회사의 필요에 따라 따른 지역으로 가는 것은 당연하다고 생각하며, 현재 신청하는 곳이 아니면 안 된다고 생각을 하고 있지 않습니다. 타 지역 근무도 문제없다고 생각합니다.","wordCount":46}}},"rawDataInfo":{"question":{"fileFormat":"wav","fileSize":307278,"duration":9600,"samplingBit":16,"channelCount":1,"samplingRate":"16kHz","audioPath":"/Mock/07.ProductionManufacturing/Male/New/ckmk_q_mm_m_n_172453.wav"},"answer":{"fileFormat":"wav","fileSize":2634958,"duration":82340,"samplingBit":16,"channelCount":1,"samplingRate":"16kHz","audioPath":"/Mock/07.ProductionManufacturing/Male/New/ckmk_a_mm_m_n_172453.wav"}}}