{"version":"1.0","dataSet":{"info":{"date":"20230116","occupation":"MM","channel":"MOCK","place":"ONLINE","gender":"MALE","ageRange":"45-54","experience":"NEW"},"question":{"raw":{"text":"규칙적인 업무 수행을 잘 하기 위해서 본인만의 노하우나 방법이 있다면 어떤 것이 있는지 한번 말씀해 주시겠습니까","wordCount":16},"emotion":[],"intent":[]},"answer":{"raw":{"text":"규칙적인 업무 수행을 하기 위해서는 저의 경우에는 어 하루에 어 업무를 마치는 시점에서 그 다음날에 업무 내용들이라든지 기본적인 일들을 메모장이나 노트북 혹은 피씨상에 에 혹은 핸드폰에 에 적어 놓습니다. 물론 뭐 그러한 아 내일의 할 일들이 항상 규칙적으로 아무 일 없이 진행되는 것이 아니라 중간에 예정이 없던 일들이 또 들어오는 경우도 있습니다. 하지만 일반적인 루틴한 작업들은 항상 동일한 방법으로 동일한 시간에 처리를 하는 것이 맞다고 생각을 하기 때문에 메모장에다가 다음날에 해야 될 기본적인 일들을 적어 놓고 그것들을 분 단위가 아니라 시간 단위로 적어 놓은 후에 중간에 어떠한 일이 끼어 들어온다면 그 일에 대한 정경중을 따라 주 따라서 그 부분들을 어느 순서로 처리를 할 것인지 판단을 해서 처리를 하게 되면 아주 특별하게 어렵거나 어 난이도가 높은 일이 아니라면 일반적으로 직접 업무 수행을 하는 데는 문제가 없다고 생각을 합니다.","wordCount":127},"emotion":[],"intent":[{"text":"하지만 일반적인 루틴한 작업들은 항상 동일한 방법으로 동일한 시간에 처리를 하는 것이 맞다고 생각을 하기 때문에   메모장에다가 다음날에 해야 될 기본적인 일들을 적어 놓고 그것들을 분 단위가 아니라 시간 단위로   적어 놓은 후에 중간에 어떠한 일이 끼어 들어온다면 그 일에 대한 정경중을 따라 주   따라서 그 부분들을 어느 순서로 처리를 할 것인지   판단을 해서 처리를 하게 되면 아주 특별하게 어렵거나 어 난이도가 높은 일이 아니라면 일반적으로 직접 업무 수행을 하는 데는 문제가 없다고 생각을 합니다.","expression":"f_cons","category":"attitude"}],"summary":{"text":"규칙적인 업무 수행을 위해서는 업무를 마치는 시점에서 그 다음날에 업무 내용들이나 기본적인 일들을 메모장이나 노트북, 피씨상에 혹은 핸드폰에 적어 놓습니다. 일반적인 루틴한 작업들은 항상 동일한 방법으로 동일한 시간에 처리를 하는 것이 맞다고 생각하여 일반적으로 직접 업무 수행에는 문제가 없다고 생각합니다.","wordCount":40}}},"rawDataInfo":{"question":{"fileFormat":"wav","fileSize":321998,"duration":10060,"samplingBit":16,"channelCount":1,"samplingRate":"16kHz","audioPath":"/Mock/07.ProductionManufacturing/Male/New/ckmk_q_mm_m_n_172297.wav"},"answer":{"fileFormat":"wav","fileSize":2654478,"duration":82950,"samplingBit":16,"channelCount":1,"samplingRate":"16kHz","audioPath":"/Mock/07.ProductionManufacturing/Male/New/ckmk_a_mm_m_n_172297.wav"}}}