{"version":"1.0","dataSet":{"info":{"date":"20230116","occupation":"MM","channel":"MOCK","place":"ONLINE","gender":"MALE","ageRange":"45-54","experience":"NEW"},"question":{"raw":{"text":"지원자님께서는 개인적으로 공부를 어떻게 하셨는지 말씀해 주세요 강의나 책을 활용하시나요","wordCount":10},"emotion":[],"intent":[]},"answer":{"raw":{"text":"개인적으로 저는 어학 공부를 하고 있습니다. 직장을 다니다 보니 시간이 없습니다. 그래서 제가 택한 방법은 유튜버를 활용한 것입니다. 유튜버에는 굉장히 유용한 강의들이 많이 있습니다. 그래서 틈나는 대로 다양한 다양한 분야에 관련된 유튜버를 찾아다니면서 공부를 하고 있습니다. 어학도 관광이 있구요 생활이 있구요 요리도 있구요 여러 가지 여러 가지가 있습니다. 그래서 그거 하나하나씩 지루하지 않게 다양하게 보면서 새로운 단어들과 새로운 환경에서 어떻게 말을 할 수 있는지 그것들을 저는 배우고 있습니다. 물론 드라마도 좋습니다 하지만 인도네시아의 드라마는 구하기가 상당히 힘듭니다. 그 나라도 한국 드라마가 너무 재미있어서 넷플릭스나 이런 데선 드라마가 올라오고 있지 않습니다. 그래서 저는 영화를 틈틈히 보면서 어떤 식으로 어떤 상황에서 어떻게 말하는지 그런 뉘앙스들을 저는 틈틈이 배우고 있습니다.","wordCount":107},"emotion":[],"intent":[{"text":"","expression":"","category":"attitude"}],"summary":{"text":"저는 어학 공부를 하고 있습니다. 유튜브에는 유용한 강의들이 많아서 틈나는 대로 다양한 분야의 관련 유튜브를 찾아다니면서 공부하고 있으며, 영화도 틈틈히 보면서 어떤 식으로 어떤 상황에서 어떻게 말하는지 그런 뉘앙스들을 틈틈이 배우고 있습니니다.","wordCount":32}}},"rawDataInfo":{"question":{"fileFormat":"wav","fileSize":330958,"duration":10340,"samplingBit":16,"channelCount":1,"samplingRate":"16kHz","audioPath":"/Mock/07.ProductionManufacturing/Male/New/ckmk_q_mm_m_n_176914.wav"},"answer":{"fileFormat":"wav","fileSize":2497358,"duration":78040,"samplingBit":16,"channelCount":1,"samplingRate":"16kHz","audioPath":"/Mock/07.ProductionManufacturing/Male/New/ckmk_a_mm_m_n_176914.wav"}}}