{"version":"1.0","dataSet":{"info":{"date":"20230116","occupation":"MM","channel":"MOCK","place":"ONLINE","gender":"MALE","ageRange":"-34","experience":"NEW"},"question":{"raw":{"text":"일을 하시다 보면은 어 지원자님께서도 영어로 문서를 작성해야 될 일들이 생기실 수가 있는데요 어 영어로 서류를 작성해 보실 수 있으신지 서류를 작성해 보신 그런 경험이 있으신지 여쭙고 싶습니다","wordCount":28},"emotion":[],"intent":[]},"answer":{"raw":{"text":"일을 하다 보면 영어로 서류를 작성해야 하는 일이 많을 수 밖에 없다고 생각을 합니다. 왜냐하면 지금 당사는 해외로 다양한 어 해외 사업들을 추진하고 있기 때문에 그런 부분에 있어서는 되게 당연한 부분이라고 생각을 하며 저에게 영어로 서류를 작성할 수 있냐 여쭤 보신다면 저는 자신 있게 작성할 수 있다고 말씀을 드리고 싶습니다. 왜냐하면 저는 중학교 중학교 고등학교 대학교 그리고 졸업을 하고 나서도 항상 영어라는 것을 영어라는 학문을 되게 가깝게 지냈고 어 독해와 문법 그리고 회화라는 부분까지 어 뛰어난 능력을 가졌다고 말씀을 드리고 싶습니다. 어 그에 대한 어 증거로는 어 토익은 구백 구십 점 그리고 오픽 점수는 에이엘이라는 가장 높은 등급을 맞았기 때문에 그런 부분들이 허세가 아닌 조금은 진정성 있게 다가올 수 있지 않나 라고 말씀을 드리고 싶습니다. 어 이렇게 영어로 되게 능력이 있는 제가 회사에 입사하게 된다면 긍정적인 영향을 꼭 끼칠 수 있을 것 같습니다.","wordCount":133},"emotion":[],"intent":[{"text":"","expression":"","category":"attitude"}],"summary":{"text":"당사는 해외 사업을 추진하고 있어 영어로 서류를 작성해야 하는 일이 많습니다. 하지만 영어가 뛰어난 능력을 가지고 있고 토익은 구백 구십 점, 오픽 점수는 에이엘이라는 등급을 맞았기에 자신감 있게 작성할 수 있을 것이라 생각합니다. 영어로 능력이 있는 제가 입사하게 된다면 긍정적인 영향을 끼칠 수 있을 것 같습니다.","wordCount":46}}},"rawDataInfo":{"question":{"fileFormat":"wav","fileSize":608398,"duration":19010,"samplingBit":16,"channelCount":1,"samplingRate":"16kHz","audioPath":"/Mock/07.ProductionManufacturing/Male/New/ckmk_q_mm_m_n_188654.wav"},"answer":{"fileFormat":"wav","fileSize":2819918,"duration":88120,"samplingBit":16,"channelCount":1,"samplingRate":"16kHz","audioPath":"/Mock/07.ProductionManufacturing/Male/New/ckmk_a_mm_m_n_188654.wav"}}}