{"version":"1.0","dataSet":{"info":{"date":"20230116","occupation":"MM","channel":"MOCK","place":"ONLINE","gender":"MALE","ageRange":"45-54","experience":"NEW"},"question":{"raw":{"text":"지원자님은 시간이 남으실 때 무슨 일을 하고 계시나요 그 일을 하는 이유가 무엇인지도 설명 부탁드립니다","wordCount":15},"emotion":[],"intent":[]},"answer":{"raw":{"text":"저는 시간이 남을 때 틈틈이 인도네시어어를 공부를 하고요. 시간이 남을 때 뿐만 아니라 저는 시간이 시간을 내서라도 공부를 하고 있습니다. 왜냐하면 저의 노후 생활은 인도네시아에서 하고 싶기 때문입니다. 인도네시아어을 유창하게 구사해서 그 나라에 가서 직접 살면서 그 나라의 문화를 느끼고 그 나라의 환경에 환경을 속속들이 쳐다보면서 쉽게 얘기하면 관광을 한다는 얘기죠. 그러면서 그 나라에서 일 년 내지는 이 년 정도는 꼭 살고 싶습니다. 그래서 저는 틈틈이 인도네시아어를 공부하고 있습니다. 제가 왜 이런 인도네시아어를 공부하게 됐냐면 인도네시아에서 일 주일 동안 머물렀는데 그 추억이 저에게는 너무나 좋은 추억으로 남아있기 때문입니다.","wordCount":88},"emotion":[],"intent":[{"text":"","expression":"","category":"attitude"}],"summary":{"text":"저는 시간이 남으면 인도네시어어를 공부하고 있습니다. 노후 생활은 인도네시아에서 하고 싶기 때문입니다. 인도네시아어를 유창하게 구사해서 그 나라에 가서 직접 살면서 문화를 느끼고 환경을 보며 관광을 하고 싶습니다.","wordCount":27}}},"rawDataInfo":{"question":{"fileFormat":"wav","fileSize":412878,"duration":12900,"samplingBit":16,"channelCount":1,"samplingRate":"16kHz","audioPath":"/Mock/07.ProductionManufacturing/Male/New/ckmk_q_mm_m_n_176918.wav"},"answer":{"fileFormat":"wav","fileSize":2094158,"duration":65440,"samplingBit":16,"channelCount":1,"samplingRate":"16kHz","audioPath":"/Mock/07.ProductionManufacturing/Male/New/ckmk_a_mm_m_n_176918.wav"}}}