{"version":"1.0","dataSet":{"info":{"date":"20230116","occupation":"MM","channel":"MOCK","place":"ONLINE","gender":"MALE","ageRange":"45-54","experience":"NEW"},"question":{"raw":{"text":"피로가 무엇인지에 대해 설명해 보시겠습니까","wordCount":5},"emotion":[],"intent":[]},"answer":{"raw":{"text":"어 피곤하다 할 때 그 피로라 피로라고 말하는 거는 일단 육체적인 피로가 있고요. 또 정신적인 피로가 있을 수가 있죠. 육체적인 피로는 쉬면 날 수 있는데 이 정신적인 피로는 그냥 쉰다고 나아진 게 아니고 그거는 어떻게 어떤 스트레스로 연관이 돼서 어 몸에 또 정신의 이 굉장히 피폐해질 수 있는 상황이죠. 그래서 어 육체적인 피로보다 정신적인 피로를 그때그때 풀고 풀고 나가야 올바른 생활을 할 수가 있지 그걸 계속 쌓아 놓는다 그러면 어 글쎄 올바르게 사회생활이든 어 가정생활 생활이든 진행할 수 없을 거라 생각 생각을 합니다.","wordCount":83},"emotion":[],"intent":[{"text":"","expression":"","category":"attitude"}],"summary":{"text":"피로를 육체적인 피로와 정신적인 피로로 구분할 수 있는데, 정신적인 피로를 그때그때 풀고 나가야 올바른 생활을 할 수 있는데 계속 쌓으면 올바르게 사회생활이든 가정생활 생활이든 진행할 수 없을 거라 생각 합니다.","wordCount":30}}},"rawDataInfo":{"question":{"fileFormat":"wav","fileSize":209358,"duration":6540,"samplingBit":16,"channelCount":1,"samplingRate":"16kHz","audioPath":"/Mock/07.ProductionManufacturing/Male/New/ckmk_q_mm_m_n_167649.wav"},"answer":{"fileFormat":"wav","fileSize":1937998,"duration":60560,"samplingBit":16,"channelCount":1,"samplingRate":"16kHz","audioPath":"/Mock/07.ProductionManufacturing/Male/New/ckmk_a_mm_m_n_167649.wav"}}}