{"version":"1.0","dataSet":{"info":{"date":"20230116","occupation":"MM","channel":"MOCK","place":"ONLINE","gender":"MALE","ageRange":"45-54","experience":"NEW"},"question":{"raw":{"text":"지원자님만의 스트레스 해소 방법이 있다면 무엇인가요 왜 그 방법으로 스트레스를 해소하는지도 말씀해 주세요","wordCount":13},"emotion":[],"intent":[]},"answer":{"raw":{"text":"어 저는 좀 지치고 힘들 때 어 좀 저만의 시간을 갖습니다. 뭐 시간이 그냥 조금 남는다고 하면 저는 극장에 가서 영화를 봅니다. 영화는 꼭 혼자 가야 하고 사람이 많지 않은 시간대에 뭐 낮 시간이라든지 조조 시간이라든지 어 사람이 제일 없는 좌석을 일부러 찾아 예매를 해서 그곳에서 홀로 영화를 봅니다. 그렇게 이제 뭐 예를 들어서 제가 좋아하는 장르의 영화 아니면 제가 좋아하는 배우가 나오는 영화를 보면서 그냥 혼자 그 시간을 즐깁니다. 뭐 영화에 뭐 집중을 그러면 혼자 왔기 때문에 더 영화에 집중할 수도 있고 경우에 따라서는 영화는 보지 않지만 그냥 마음속으로 여러 가지 생각을 할 때도 있습니다. 그러면서 저는 스트레스를 풀고 어 나름의 힐링을 찾습니다. 저는 조금 더 시간이 남는 된다면 저는 낚시를 갑니다. 낚시도 역시 뭐 혼자 갈 때도 있고 친구랑 갈 때도 있는데 그냥 그 자체가 저는 좋습니다. 해가 진 강가에다 낚싯대를 던져놓고 거기서 먹는 커피 한 잔 뭐 라면 한 그릇은 어 정말 제가 무엇과도 바꿀 수도 없 바꿀 수 없는 저에게는 추억이고 쉼이고 힐링입니다. 그래서 저는 가능하면 좀 스트레스를 풀 때 혼자 있는 시간을 갖는데 어 뭐 영화를 보거나 낚시를 가면서 스트레스를 해소합니다.","wordCount":176},"emotion":[],"intent":[{"text":"","expression":"","category":"attitude"}],"summary":{"text":"저는 지치고 힘들 때 저만의 시간을 갖습니다. 시간이 조금 남으면 극장에 가서 혼자 영화를 봅니다. 좋아하는 장르의 영화나 좋아하는 배우가 나오는 영화를 보면서 혼자 시간을 즐깁니다. 영화를 보지 않지만 여러 생각을 할 때도 있으며, 스트레스를 풀면서 나름의 힐링을 찾습니다. 조금 더 시간이 남으면 혼자 낚시를 가면서 스트레스를 해소합니다.","wordCount":48}}},"rawDataInfo":{"question":{"fileFormat":"wav","fileSize":330958,"duration":10340,"samplingBit":16,"channelCount":1,"samplingRate":"16kHz","audioPath":"/Mock/07.ProductionManufacturing/Male/New/ckmk_q_mm_m_n_157235.wav"},"answer":{"fileFormat":"wav","fileSize":2751758,"duration":85990,"samplingBit":16,"channelCount":1,"samplingRate":"16kHz","audioPath":"/Mock/07.ProductionManufacturing/Male/New/ckmk_a_mm_m_n_157235.wav"}}}