{"version":"1.0","dataSet":{"info":{"date":"20230116","occupation":"MM","channel":"MOCK","place":"ONLINE","gender":"MALE","ageRange":"45-54","experience":"NEW"},"question":{"raw":{"text":"그동안 속해 계셨던 조직이나 단체 속에서 지원자님께서는 주로 어떤 역할을 하는 사람이었는지 말씀해 주시겠어요","wordCount":14},"emotion":[],"intent":[]},"answer":{"raw":{"text":"제가 있었던 조직이나 단체 속에선 어 저의 역할은 팀 리더의 역할도 있었고 팀원으로서 조력자의 역할도 있었습니다. 팀장의 역할이나 역할 같은 경우에는 제가 해외 영업을 진행을 하면서 어 위로부터 신규 영업 매출 창줄의 창출에 대한 미션을 받았을 때 기존의 방식에 으로는 신규 영업 창출이 어렵다고 판단을 해서 어 고객사들이 많이 모여있는 중국의 광동성 지역의 심천 지역에서 지역의 거점을 확보하고 그 관련된 부분으로 진행을 해야 된다는 제안을 해서 중국어 가능한 제가 직접 심천 지역에 파견이 되었고 거기에서 사무소를 구하고 사무소에서 일을 해야 되는 중국인들을 면접 채용하였으며 그 인원들과 함께 로컬 영업을 진행해서 최종적으로는 신규 영업 매출을 창출한 경험을 가지고 있습니다. 이러한 부분들은 팀 리더로서의 역할이 강했다고 할 수 있겠습니다. 또한 한국에서 대중국 대중화권 비즈니스를 할 때에도 제 경험을 살려서 그런 부분들에 대한 경협 기획 쪽도 조언을 한 경험을 가지고 있습니다.","wordCount":128},"emotion":[{"text":"팀장의 역할이나 역할 같은 경우에는 제가   해외 영업을 진행을 하면서 어 위로부터 신규 영업 매출 창줄의 창출에 대한 미션을 받았을 때 기존의 방식에 으로는   신규 영업 창출이 어렵다고 판단을 해서 어 고객사들이 많이 모여있는 중국의 광동성 지역의 심천 지역에서 지역의 거점을 확보하고   그 관련된 부분으로 진행을 해야 된다는 제안을 해서 중국어 가능한 제가 직접 심천 지역에 파견이 되었고 거기에서   사무소를 구하고 사무소에서 일을 해야 되는 중국인들을 면접 채용하였으며 그 인원들과 함께 로컬 영업을 진행해서 최종적으로는   신규 영업 매출을 창출한 경험을 가지고 있습니다.","expression":"u-fact","category":"neutral"},{"text":"또한 한국에서 대중국 대중화권 비즈니스를 할 때에도 제 경험을 살려서 그런 부분들에 대한 경협 기획 쪽도 조언을 한 경험을 가지고 있습니다.","expression":"u-fact","category":"neutral"}],"intent":[{"text":"","expression":"","category":"attitude"}],"summary":{"text":"팀장의 역할이나 역할의 경우, 해외 영업을 진행하면서 신규 영업 매출 창줄의 창출에 대한 미션을 받았을 때, 기존의 방식으로는 신규 영업 창출이 어렵다고 판단하여 중국어 가능한 제가 직접 심천 지역에 파견되었고 그 인원들과 함께 로컬 영업을 진행해서 최종적으로 신규 영업 매출을 창출한 경험을 가지고 있습니다.","wordCount":44}}},"rawDataInfo":{"question":{"fileFormat":"wav","fileSize":382158,"duration":11940,"samplingBit":16,"channelCount":1,"samplingRate":"16kHz","audioPath":"/Mock/07.ProductionManufacturing/Male/New/ckmk_q_mm_m_n_162068.wav"},"answer":{"fileFormat":"wav","fileSize":2654798,"duration":82960,"samplingBit":16,"channelCount":1,"samplingRate":"16kHz","audioPath":"/Mock/07.ProductionManufacturing/Male/New/ckmk_a_mm_m_n_162068.wav"}}}