{"version":"1.0","dataSet":{"info":{"date":"20230116","occupation":"MM","channel":"MOCK","place":"ONLINE","gender":"MALE","ageRange":"45-54","experience":"NEW"},"question":{"raw":{"text":"지금까지 업무를 해 오시면서 어 진행했던 프로젝트들 중에 가장 기억에 남는 프로젝트가 혹시 있으신가요 있었다면 어떠한 점에서 기억에 남았는지 설명해 주세요","wordCount":21},"emotion":[],"intent":[]},"answer":{"raw":{"text":"어찌 보면 본인이 맡은 업무와는 관계없는 프로젝트 있는데 어 기억에 남는 프로젝트가 있습니다. 어 전에 다니던 직장에서 일 년에 딱 한 번 하는 프로젝트였는데 그것은 바로 직무 바꾸기 프로젝트였습니다. 어 저는 엔지니어로서 생산 직종에 근무를 하고 있었습니다. 그런데 생산 직종에 있는 사람들은 판매 직종으로 가고 판매 직종에 있는 사람들은 생산 라인에 와 가지고 직접 체험을 해보는 것이 였습니다. 어 저는 생산 직종에 있으면서 한 번도 제가 만든 이 물건이 어떻게 판매가 되는지에 대해서 어 잘 생각해보지 않았습니다. 반대로 판매하시는 분 판매직종에 있는 분 역시 이 우리가 만든 우리 이 제품이 어떤 공정을 거쳐서 제품이 완성된다는 것을 모르고 계셨습니다. 이렇게 직무를 바꿔서 근무 해보니 그냥 내가 하는 일이 그 좀 더 소중하게 느껴지고 저는 책임감이 좀 생겼습니다. 그리고 그 판매하시는 분들에 애로사항도 좀 알 수 있었구요. 뭐 그 그 판매하시는 분들도 마찬가지입니다. 현 여기 현장에 와 가지고 직접 생산 라인에서 생산 공정을 보시고는 그 본인 스스로도 어 우리가 만들고 있는 제품을 더 열심히 잘 팔아야겠다. 이런 식으로 많은 것을 느꼈다고 합니다.","wordCount":160},"emotion":[{"text":"어    저는 엔지니어로서 생산 직종에 근무를 하고 있었습니다.","expression":"u-fact","category":"neutral"}],"intent":[{"text":"","expression":"","category":"attitude"}],"summary":{"text":"일 년에 딱 한 번 본인이 맡은 업무와는 관계없는 직무 바꾸기  프로젝트였습니다. 직무를 바꿔서 근무 해보니 제가 하는 일이 더 소중하게 느껴지고 책임감이 좀 생겼고 판매하시는 분에 애로사항도 좀 알 수 있었습니다. 직접 생산 공정을 보시더니 본인이 더 열심히 잘 팔야겠습니다. 이런 식으로 많이 느꼈다고 합니다.","wordCount":46}}},"rawDataInfo":{"question":{"fileFormat":"wav","fileSize":410318,"duration":12820,"samplingBit":16,"channelCount":1,"samplingRate":"16kHz","audioPath":"/Mock/07.ProductionManufacturing/Male/New/ckmk_q_mm_m_n_164027.wav"},"answer":{"fileFormat":"wav","fileSize":2750798,"duration":85960,"samplingBit":16,"channelCount":1,"samplingRate":"16kHz","audioPath":"/Mock/07.ProductionManufacturing/Male/New/ckmk_a_mm_m_n_164027.wav"}}}