{"version":"1.0","dataSet":{"info":{"date":"20230116","occupation":"MM","channel":"MOCK","place":"ONLINE","gender":"MALE","ageRange":"45-54","experience":"NEW"},"question":{"raw":{"text":"지원자님은 개인적으로 공부를 어떻게 해 오시는지 궁금하구요 강의나 책을 활용해서 공부를 하고 있는지에 대해서 설명해 주셔도 괜찮습니다","wordCount":17},"emotion":[],"intent":[]},"answer":{"raw":{"text":"개인적으로 예전에는 학원 학원 다니고 뭐 강의도 듣고 뭐 그렇게 공부를 했겠지만 지금은 뭐 그러기는 좀 힘든 상황이고 개인적으로 저는 요즘 들어서 다 또 다르게 시작한 공부가 주식 쪽 공부를 시작을 했어요. 어 제가 상식을 굉장히 넓은 편인데 예전부터 주식은 도박이라고 생각을 했었던 생각이 좀 있어서 주식적으로는 거의 관심을 안 갖고 공부도 안 했었는데 어 거래처 사람들은 과 얘기를 하다 보니까 이 상식이 주식쪽 상식이 너무 없는 거예요. 그러다 보니까 말문도 막히고 그렇게 돼서 요즘은 유튜버를 이제 구독을 해 놓고 제가 맘에 드는 강사님 몇 분 해서 이제 유튜브를 보면서 최소한 주식 얘기를 할 때 입이라도 한번 열어보자 라는 생각으로 시작을 했고요. 지금은 어느 정도인지 아는 채를 할 정도로 그 뭐 주식 시장이 이렇게 갈 것이라 까지는 힘들고 대충 얘기를 하면 이제 알아들을 수 있는 정도까지만 좀 배운 것 같고 조금 더 배우면 어느 정도 뭐 거래처 사장들이 과 사람들과 대화 나누는 때 뭐 전혀 문제 없이 이 정도까지는 할 수 있을 거라 생각이 합니다. 이상입니다.","wordCount":156},"emotion":[],"intent":[{"text":"","expression":"","category":"attitude"}],"summary":{"text":"과거에 주식은 도박이라고 생각을 했었는데 거래처 사람들과 대화를 하다 보니 주식쪽 상식이 너무 없는 거였습니다. 그래서 유튜브를 구독해 놓고 주식 얘기를 할 때 입이라도 열어보자 라는 생각으로 시작했습니다. 지금은 알아들을 수 있는 정도까지만 좀 배웠고 더 배우면 거래처 사장들과 대화할 때 문제 없이 이 정도까지 할 수 있을 거라 생각합니다.","wordCount":50}}},"rawDataInfo":{"question":{"fileFormat":"wav","fileSize":496718,"duration":15520,"samplingBit":16,"channelCount":1,"samplingRate":"16kHz","audioPath":"/Mock/07.ProductionManufacturing/Male/New/ckmk_q_mm_m_n_167652.wav"},"answer":{"fileFormat":"wav","fileSize":2843278,"duration":88850,"samplingBit":16,"channelCount":1,"samplingRate":"16kHz","audioPath":"/Mock/07.ProductionManufacturing/Male/New/ckmk_a_mm_m_n_167652.wav"}}}