{"version":"1.0","dataSet":{"info":{"date":"20230116","occupation":"MM","channel":"MOCK","place":"ONLINE","gender":"MALE","ageRange":"45-54","experience":"NEW"},"question":{"raw":{"text":"규칙적인 업무 수행을 잘 하기 위해서 만들어낸 지원자님만의 특별한 노하우나 방법이 있으시다면 예시를 들어서 말씀해 주세요","wordCount":16},"emotion":[],"intent":[]},"answer":{"raw":{"text":"아니 뭐 솔직히 저만의 노하우 할 거는 없고 이런 규칙적인 업무를 수행할 때는 그 룰을 잘 지 잘 지키는 것이 어 업무의 능률을 높이고 안전사고로부터 본인 스스로를 보호하는 그 첫 번째 방법입니다. 예를 들어서 두 시간을 일을 하면 무조건 이십 분을 쉬는 게 맞습니다. 그건 노동법에도 나와 있고 어 단순히 쉴 때 그 라인을 뭐 중지시켜서 쉰다는 이런 의미가 아니라 회사는 그 사람들이 쉴 수 있는 공간을 마련해 주고 그 이십 분의 휴식 동안 이 사람들이 가장 최적의 환경에서 가장 편하게 쉴 수 있는 공간과 시간을 마련해 줘야 됩니다. 이렇게 룰을 지키는 것이 오히려 그 생산의 능률을 높이고 안전사고로부터 어 근로자가 보호가 되고 회사도 역시 보호가 되는 방법이라고 저는 생각을 합니다. 룰을 지키는 이 룰이라는 것은 말 그대로 여태까지 일을 해오면서 가장 이상적인 것을 이렇게 글로 문서로 만들어 놓은 것이 만들어 놓은 것이기 때문에 근무할 때 규정을 지키고 그 휴식을 지키고 하는 것이 저는 가장 좋은 방법이라고 생각합니다.","wordCount":148},"emotion":[],"intent":[{"text":"","expression":"","category":"attitude"}],"summary":{"text":"규칙적인 업무를 수행할 때는 룰을 잘 지키는 것이 업무의 능률을 높이고 안전사고로부터 본인 스스로를 보호하는 첫 번째 방법입니다. 룰을 지키는 이 룰이라는 것은 여태까지 일을 해오며 가장 이상적인 것을 문서로 만들어 놓은 것이 만들어 놓은 것이기 때문에 근무할 때 규정을 지키고 그 휴식을 지키고 하는 것이 가장 좋은 방법이라고 생각합니다.","wordCount":50}}},"rawDataInfo":{"question":{"fileFormat":"wav","fileSize":384078,"duration":12000,"samplingBit":16,"channelCount":1,"samplingRate":"16kHz","audioPath":"/Mock/07.ProductionManufacturing/Male/New/ckmk_q_mm_m_n_179448.wav"},"answer":{"fileFormat":"wav","fileSize":2529678,"duration":79050,"samplingBit":16,"channelCount":1,"samplingRate":"16kHz","audioPath":"/Mock/07.ProductionManufacturing/Male/New/ckmk_a_mm_m_n_179448.wav"}}}