{"version":"1.0","dataSet":{"info":{"date":"20230116","occupation":"MM","channel":"MOCK","place":"ONLINE","gender":"MALE","ageRange":"45-54","experience":"NEW"},"question":{"raw":{"text":"당신은 엔지니어가 무엇이라고 생각하나요 엔지니어의 역할 그리고 엔지니어가 주로 하게 될 담당 업무 그것에 대해서 당신이 아는 바에 한해 말씀해 주십시오","wordCount":21},"emotion":[],"intent":[]},"answer":{"raw":{"text":"어 엔지니어는 기계 설비에 익숙하며 그 기계 설비를 잘 다루는 사람을 엔지니어라고 합니다. 어 설비 유지 보수 관리를 통해 설비를 개선했을 때 또는 기계 설비에 문제가 있을 때 개선 효과와 절감 효과가 있는지를 평가하는 일을 주 업무로 하는 사람입니다. 하지만 이것은 좀 더 과거의 엔지니어에 대한 정의이고 엔지니어의 어 현대에는 그 엔지니어의 정의가 정의와 그 엔지니어가 하는 일들이 점차 확대되고 있습니다. 어 엔지니어는 다양한 산업 분야에서 일하며 다양한 전문 분야를 전문적으로 일할 수 있습니다. 엔지니어는 테스트를 위해 재료 부품을 기록하고 분석하며 기업과 개인을 위한 신제품을 개발하는 데 노력해야 합니다. 어 또한 품질 보증 보증 테스트를 통과하고 고객 사용에 도움이 되는 제품을 개발해야 됩니다. 어 엔지니어는 점점 그 범위가 확대되고 그 역할과 기능까지 확대되고 있는 게 현재 추세입니다. 어 엔지니어는 필수 업무를 수행하고 작업에서 안전 및 규제 법률을 준수하기 위해 올바른 기술을 보유해야 되는 것이 저는 엔지니어로서의 기본 덕목이라고 생각합니다.","wordCount":139},"emotion":[],"intent":[{"text":"","expression":"","category":"attitude"}],"summary":{"text":"엔지니어는 기계 설비에 익숙하며 그 기계 설비를 잘 다루는 사람을 말합니다. 현대에는 그 정의와 그 엔지니어가 하는 일들이 점차 확대되고 있습니다. 어 엔지니어는 다양한 산업 분야에서 일하며 다양한 전문 분야를 전문적으로 일합니다. 엔지니어는 테스트를 위해 재료 부품을 기록하고 분석하며 기업과 개인을 위한 신제품을 개발해야 합니다.","wordCount":45}}},"rawDataInfo":{"question":{"fileFormat":"wav","fileSize":647758,"duration":20240,"samplingBit":16,"channelCount":1,"samplingRate":"16kHz","audioPath":"/Mock/07.ProductionManufacturing/Male/New/ckmk_q_mm_m_n_159954.wav"},"answer":{"fileFormat":"wav","fileSize":2706638,"duration":84580,"samplingBit":16,"channelCount":1,"samplingRate":"16kHz","audioPath":"/Mock/07.ProductionManufacturing/Male/New/ckmk_a_mm_m_n_159954.wav"}}}