{"version":"1.0","dataSet":{"info":{"date":"20230116","occupation":"MM","channel":"MOCK","place":"ONLINE","gender":"MALE","ageRange":"45-54","experience":"NEW"},"question":{"raw":{"text":"현대사회에서는 없어서는 안 될 본인이 생각하는 가장 중요한 직업이 어떤 것인지 한 가지만 골라서 말씀해 주시겠어요","wordCount":16},"emotion":[],"intent":[]},"answer":{"raw":{"text":"현대 사회든 과거든 가장 중요한 파트 가장 중요한 직업 직업은 세일즈죠. 마케팅 겸 세일즈 어떠한 제품이든 무엇이든 만들어서 팔아야 되잖아요. 그리고 홍보를 해야 되고 그런데 세일즈 없이 그런 것들이 이루어질 수가 없으니까 저는 현대사회에서 없어서는 안 될 가장 중요하게 생각한 직업은 세일즈라고 이렇게 말씀드릴 수가 있고 세일즈는 미래에서도 가장 필요한 직업이라고 저는 그렇게 생각하고 있습니다.","wordCount":55},"emotion":[],"intent":[{"text":"","expression":"","category":"attitude"}],"summary":{"text":"마케팅 겸 세일즈는 현대사회에서 가장 중요한 직업이며 미래에서도 가장 필요한 직업입니다. 이는 현대사회와 과거, 미래에서 세일즈가 가장 중요하기 때문입니다.","wordCount":19}}},"rawDataInfo":{"question":{"fileFormat":"wav","fileSize":343118,"duration":10720,"samplingBit":16,"channelCount":1,"samplingRate":"16kHz","audioPath":"/Mock/07.ProductionManufacturing/Male/New/ckmk_q_mm_m_n_167646.wav"},"answer":{"fileFormat":"wav","fileSize":1492558,"duration":46640,"samplingBit":16,"channelCount":1,"samplingRate":"16kHz","audioPath":"/Mock/07.ProductionManufacturing/Male/New/ckmk_a_mm_m_n_167646.wav"}}}