{"version":"1.0","dataSet":{"info":{"date":"20230116","occupation":"MM","channel":"MOCK","place":"ONLINE","gender":"MALE","ageRange":"-34","experience":"NEW"},"question":{"raw":{"text":"업무를 하다 보면 영어로 서류 작성을 해야 할 일이 생기는데요 지원자님께서는 영어로 서류 작성이 가능하십니까","wordCount":15},"emotion":[],"intent":[]},"answer":{"raw":{"text":"일을 해다 보면 영어로 서류를 작성해야 할 일이 생길 수 있는데 어 그런 부분에 있어서는 되게 당연한 부분이라고 생각을 하며 당연히 작성을 할 수 있다고 말씀을 드리고 싶습니다. 어 저는 초등학교 때부터 중학교 고등학교 대학교까지 항상 영어 독해와 어 그리고 문법적인 측면에서 항상 공부를 많이 해왔고 또 어 도구나 어 대학교 졸업하고 나서는 이 회사에 입사하기 위해서 영어 회화 공부 또는 정말 열심히 하고 있습니다. 어 때문에 영어 적인 측면에서 회화 문법 독해 측면에서 정말 자신감을 가지고 있고 이런 것들을 영어 문서화하는데 전혀 어려움이 없다고 말씀을 드리고 싶습니다. 이런 저의 이런 능력들이 당사는 해외에 많은 사업들을 추진하고 있기 때문에 정말 필요한 봉목 그리고 제가 필요한 인재라고 생각을 하며 그렇게 되기 위해서 정말 열심히 공부했다고 말씀을 드리고 싶습니다.","wordCount":117},"emotion":[{"text":"어 저는 초등학교 때부터 중학교 고등학교 대학교까지 항상 영어 독해와 어 그리고 문법적인 측면에서 항상 공부를 많이 해왔고 또 어 도구나 어 대학교 졸업하고 나서는 이 회사에 입사하기 위해서 영어 회화 공부 또는 정말 열심히 하고 있습니다.","expression":"u-fact","category":"neutral"}],"intent":[{"text":"","expression":"","category":"attitude"}],"summary":{"text":"저는 초등학교 때부터 영어 독해와 문법적 측면에 공부를 많이 해왔고 대학교 졸업 후 이 회사에 입사하기 위해 열심히 하고 있습니다. 회화 문법 독해 측면에서 자신감을 가지고 있고 영어 문서화하는데 전혀 어려움이 없습니다.","wordCount":32}}},"rawDataInfo":{"question":{"fileFormat":"wav","fileSize":345678,"duration":10800,"samplingBit":16,"channelCount":1,"samplingRate":"16kHz","audioPath":"/Mock/07.ProductionManufacturing/Male/New/ckmk_q_mm_m_n_183836.wav"},"answer":{"fileFormat":"wav","fileSize":2766158,"duration":86440,"samplingBit":16,"channelCount":1,"samplingRate":"16kHz","audioPath":"/Mock/07.ProductionManufacturing/Male/New/ckmk_a_mm_m_n_183836.wav"}}}