{"version":"1.0","dataSet":{"info":{"date":"20230116","occupation":"MM","channel":"MOCK","place":"ONLINE","gender":"MALE","ageRange":"35-44","experience":"NEW"},"question":{"raw":{"text":"지원자님께서는 협업을 하실 때 가장 중요하게 생각하는 것이 무엇인지 궁금하구요 그 이유도 함께 말씀해 주시면 감사하겠습니다","wordCount":16},"emotion":[],"intent":[]},"answer":{"raw":{"text":"협업을 할 때 가장 중요한 것은 바로 인간관계와 소통입니다. 인간관계를 잘 맺어 놓고 소통을 하다 보면 사람들이 자기가 쪼끔 손해보더라도 상대방을 위해서 양보를 하는 경향이 있습니다. 예를 들면 나와 전혀 친분이 없는 다른 부서의 사람과 협업을 할 때보단 나랑 조금 친분이 있고 소통이 잘되는 사람한테는 내가 많은 것을 도와주려고 하고 많은 도움을 주고 싶어하는 것이 사람의 성향입니다. 그리고 가장 중요한 것은 협업에서 브레인스토밍을 통해서 어떤 것이 가장 좋은 것인지를 합일점을 찾아야 됩니다. 부서간의 이기주의나 부서간의 갈등은 서로에 대한 이해가 부족해서 발생한다 라는 그런 통계가 있습니다. 즉 다시 말하면 내가 협업을 할 때 조금 더 양보하거나 아니면 어떤 부분이 우리 부서에게 도움도 되고 저 부서에게서 필요한 건지를 확인하면 서로 오십 오십 보 백 보 또는 한 발짝씩 양보를 하면서 많은 문제점을 해결해 나갈 수 있었고 지금까지 그것이 가장 최고의 해결 방안이라고 생각합니다.","wordCount":131},"emotion":[],"intent":[{"text":"","expression":"","category":"attitude"}],"summary":{"text":"협업을 할 때 가장 중요한 것은 인간관계와 소통입니다. 인간관계를 잘 맺어 놓고 소통을 하다 보면 자기가 손해보더라도 상대방을 위해서 양보를 하는 경향이 있습니다. 협업에서 브레인스토밍을 통해서 어떤 것이 가장 좋은 것인지를 합일점을 찾아야 합니다. 양보를 하면서 문제점을 해결해 나갈 수 있었습니다.","wordCount":41}}},"rawDataInfo":{"question":{"fileFormat":"wav","fileSize":441358,"duration":13790,"samplingBit":16,"channelCount":1,"samplingRate":"16kHz","audioPath":"/Mock/07.ProductionManufacturing/Male/New/ckmk_q_mm_m_n_185524.wav"},"answer":{"fileFormat":"wav","fileSize":2105678,"duration":65800,"samplingBit":16,"channelCount":1,"samplingRate":"16kHz","audioPath":"/Mock/07.ProductionManufacturing/Male/New/ckmk_a_mm_m_n_185524.wav"}}}