{"version":"1.0","dataSet":{"info":{"date":"20230116","occupation":"MM","channel":"MOCK","place":"ONLINE","gender":"MALE","ageRange":"35-44","experience":"NEW"},"question":{"raw":{"text":"만약 면접자님께서 지금 지원하신 이 직무가 아니라 다른 부서에 배치되게 된다면 어떻게 하시겠습니까 만약 그런 상황이 발생하더라도 면접자님은 괜찮으실까요","wordCount":19},"emotion":[],"intent":[]},"answer":{"raw":{"text":"이 직무가 아닌 다른 부서에 배치된다고 하더라도 저는 일 년에서 이 년 동안은 최선을 다해서 열심히 할 것입니다. 제가 이 직무가 좋아서 지원한 것도 있지만 이 회사의 비전과 분위기 때문에 이 회사를 지원한 것도 있기 때문에 이 회사에서 일단 일을 열심히 할 것입니다. 그리고 제가 해당 직무가 아닌 다른 직무를 통해서 저의 적성이나 또 다른 성과를 달성할 수도 있을 것이라고 생각합니다. 사람은 한 곳에서만 일을 하다 보면 자기도 모르게 편협해지고 타성에 젖게 돼 있습니다. 그래서 이 부서에서 먼저 전문성을 기르고 업무에 대한 확실한 역량을 키운 다음에 그래도 이 삼 년 후에 다른 내가 원했던 부서로 가고 싶다면 저는 그때는 팀장이나 매니저에게 강력하게 요청을 할 것입니다. 팀장님 제가 원래 원했던 부서는 아니지만 이 부서와서 열심히 했고 성과도 달성했습니다. 하지만 저는 여기보다 원래 처음에 지원했던 그 직무로 돌아가서 지금의 성과를 기반으로 시너지를 더 내고 싶습니다. 제가 이 회사에서 이런 성과를 낼 정도라면 다른 부서에 가면 이거보다 더 좋은 성과를 낼 것이기 때문에 회사 입장에서는 저를 보직 전환을 해주는 것이 훨씬 더 도움이 될 것이라고 생각합니다 이라고 요청을 할 것입니다.","wordCount":167},"emotion":[],"intent":[{"text":"제가 이 직무가 좋아서 지원한 것도 있지만 이 회사의 비전과   분위기 때문에 이 회사를 지원한 것도 있기 때문에 이 회사에서 일단 일을 열심히 할 것입니다.","expression":"c_sincere_job","category":"etc"}],"summary":{"text":"한 곳에서만 일을 하다 보면 편협해지고 타성에 젖게 돼 있습니다. 이 부서에서 전문성을 기르고 업무에 대한 확실한 역량을 키우고 나중에 원했던 부서로 가고 싶다면 팀장이나 매니저에게 강력히 요청을 할 것입니다. 팀장님 저는 원래 지원했던 그 직무로 돌아가서 지금의 성과를 기반으로 시너지를 더 내고 싶습니다 회사 입장에서는 저를 보직 전환을 해주는 것이 훨씬 더 도움이 될 것이라고 생각합니다 라고 요청 할 것입니다.","wordCount":61}}},"rawDataInfo":{"question":{"fileFormat":"wav","fileSize":631758,"duration":19740,"samplingBit":16,"channelCount":1,"samplingRate":"16kHz","audioPath":"/Mock/07.ProductionManufacturing/Male/New/ckmk_q_mm_m_n_184640.wav"},"answer":{"fileFormat":"wav","fileSize":2637838,"duration":82430,"samplingBit":16,"channelCount":1,"samplingRate":"16kHz","audioPath":"/Mock/07.ProductionManufacturing/Male/New/ckmk_a_mm_m_n_184640.wav"}}}