{"version":"1.0","dataSet":{"info":{"date":"20230116","occupation":"MM","channel":"MOCK","place":"ONLINE","gender":"MALE","ageRange":"45-54","experience":"NEW"},"question":{"raw":{"text":"어 지원자님께서는 시간이 남을 때 어 무슨 일을 하시는지 궁금합니다 그 일을 하는 이유가 무엇인지 어 설명해주세요","wordCount":17},"emotion":[],"intent":[]},"answer":{"raw":{"text":"어 저는 취미 활동으로 낚시를 합니다. 어 예전 젊어서부터 해오던 저의 유일한 취미일 수도 있는데 저는 좀 시간이 남거나 아니면 좀 지치거나 힘들 때 어 낚시를 가 가지고 어 휴식을 하고 다시 힘을 얻어 가지고 돌아오곤 합니다. 어 물론 낚시는 뭐 고기를 잡을려는 행동이긴 하지만 저는 고기를 잡는 것은 그게 그렇게 크게 개의치 않습니다. 물론 고기를 잡으면 더 즐거울 수도 있지만 저는 단지 그 분위기를 즐기는 것 같습니다. 어 해가 진 저수지에 낚싯대를 드리우고 어 뭐 거기서 종이컵에 타 먹는 믹스 커피 한 잔 뭐 스스로 끓여먹는 뭐 라면 하나 이것은 저한테 행복을 주고 그 라면 하나 어 믹스 커피 하나 그 이상의 큰 의미를 저한테 줍니다. 저는 그렇게 낚싯대를 드리워 놓고 어 여러 가지 생각을 합니다. 뭐 물론 멍 때리고 아무 생각 안 할 때도 있지만 최근에 제가 겪었던 뭐 그런 일들 아니면 제가 뭐 반성해야 될 일들 아니면 저한테 고민거리 등을 하나씩 하나씩 정리를 해 보고 되짚어서 생각을 해보며 어 스스로를 좀 안정시키고 어 다시 어 사회로 나갈 수 있는 힘을 얻는 것 같습니다.","wordCount":166},"emotion":[],"intent":[{"text":"","expression":"","category":"attitude"}],"summary":{"text":"저는 시간이 남거나 지치거나 힘들 때 낚시를 가 가지고 다시 힘을 얻어 돌아오곤 합니다. 해가 진 저수지에 낚시대를 드리우고 여러 가지 생각을 해 보면서 스스로를 안정시키고 다시 사회로 나갈 수 있는 힘을 얻습니다.","wordCount":33}}},"rawDataInfo":{"question":{"fileFormat":"wav","fileSize":427278,"duration":13350,"samplingBit":16,"channelCount":1,"samplingRate":"16kHz","audioPath":"/Mock/07.ProductionManufacturing/Male/New/ckmk_q_mm_m_n_172685.wav"},"answer":{"fileFormat":"wav","fileSize":2824078,"duration":88250,"samplingBit":16,"channelCount":1,"samplingRate":"16kHz","audioPath":"/Mock/07.ProductionManufacturing/Male/New/ckmk_a_mm_m_n_172685.wav"}}}