{"version":"1.0","dataSet":{"info":{"date":"20230116","occupation":"MM","channel":"MOCK","place":"ONLINE","gender":"MALE","ageRange":"45-54","experience":"NEW"},"question":{"raw":{"text":"지원자님께서 사람들과 협업을 하며 가장 어려웠던 점이 있다면 무엇이었나요 지원자님이 어떻게 극복을 했는지 말씀과 설명해 주세요","wordCount":16},"emotion":[],"intent":[]},"answer":{"raw":{"text":"어 사람들과 협업을 할 때 가장 힘든 것은 서로 소통이 안 될 때입니다. 어 소통이라는 것은 어 조직 내에서 소통이라는 것은 어떤 공통의 목적을 이루기 위해서 서로 협력하는 단계입니다. 어 공동의 목적을 정하여서 그것을 위해서 어 각자가 조금은 희생을 하고 어 내 스스로 손해를 보더라도 어 조직의 목표를 위해서 나아가는 것이 협업인데 일단 소통이 안되면 어 이것은 뭐 배가 많으면 아니 사공이 많으면 배가 산으로 간다고 서로 다 각자 다른 일을 하게 됩니다. 저는 이런 경우 좀 더 우리의 목표라든지 그 우리가 추구하고자 하는 것을 정확하게 정의할 필요가 있다라고 생각을 합니다. 조직 내에 있는 사람이고 회사의 일원이라고 하면 일단은 개인보다는 조직을 생각하고 그 목표를 이루기 위해서 어 나아가야 한다고 생각을 합니다. 그러기에 일단은 소통을 해야 되고 그다음에는 어 내가 좀 손해보더래도 뭐 다른 사람이나 조직을 위해서 희생하는 그런 마음이 필요하다고 생각합니다.","wordCount":131},"emotion":[],"intent":[{"text":"어 공동의 목적을 정하여서 그것을 위해서 어 각자가 조금은 희생을 하고 어 내 스스로 손해를 보더라도 어 조직의 목표를 위해서 나아가는 것이 협업인데 일단 소통이 안되면 어 이것은 뭐 배가 많으면 아니 사공이 많으면 배가 산으로 간다고 서로 다 각자 다른 일을 하게 됩니다.","expression":"c_cop","category":"personality"}],"summary":{"text":"조직 내에서 협업을 할 때 가장 힘든 것은 서로 소통이 안 될 때입니다. 공동의 목적을 정하여서 각자의 희생을 하고 조직의 목표를 위해서 나아가는 것이 협업인데 소통이 안되면 서로 다 다른 일을 하게 됩니다. 우리는 조직을 생각하고 그 목표를 이루기 위해서 노력해야 하고 다른 사람이나 조직을 위해서 희생하는 마음이 필요합니다.","wordCount":49}}},"rawDataInfo":{"question":{"fileFormat":"wav","fileSize":482958,"duration":15090,"samplingBit":16,"channelCount":1,"samplingRate":"16kHz","audioPath":"/Mock/07.ProductionManufacturing/Male/New/ckmk_q_mm_m_n_179326.wav"},"answer":{"fileFormat":"wav","fileSize":2400718,"duration":75020,"samplingBit":16,"channelCount":1,"samplingRate":"16kHz","audioPath":"/Mock/07.ProductionManufacturing/Male/New/ckmk_a_mm_m_n_179326.wav"}}}