{"version":"1.0","dataSet":{"info":{"date":"20230116","occupation":"MM","channel":"MOCK","place":"ONLINE","gender":"MALE","ageRange":"-34","experience":"NEW"},"question":{"raw":{"text":"지원자님께서는 개인적으로 공부를 어떻게 하시나요 강의나 책을 활용한 공부의 예시를 들으셔도 괜찮습니다","wordCount":12},"emotion":[],"intent":[]},"answer":{"raw":{"text":"저는 우선 학원 다녔었구요. 네 국가에서 하는 그 교육제도로 학원 다녔고 사실 저는 따른 일 원래 이제 직장 다니다가 전망이 없을 거 같애서 그리고 직장이 맞지도 않았고 그까 다니기는 그냥 그냥 그냥저냥이었어요. 정말 네 굉장히 평범한 회사원으로 다니다가 제가 그냥 좀 번아웃 같이 와 가지고 그만 다니고 싶었고 그런데 그냥 아무 것도 없는 채로 그냥 그만두기에는 너무 제가 겁이 나서 용기가 없어서 뭐라도 조금 손에 쥐고 있자 라고 해서 학원을 다녔고 생각보다 근데 더 잘 맞았었구요. 아 이거면 내가 네 제가 조금 노력하면 앞으로 전망이 있겠다 저 스스로도 잘 할 수 있을 것 같다 라고 해서 그때 이제 본격적으로 더 파고 들기 시작했습니다. 학 책도 네 당연히 봤었고요.","wordCount":108},"emotion":[],"intent":[{"text":"네 국가에서 하는 그 교육제도로 학원 다녔고   사실 저는 따른 일 원래 이제 직장 다니다가 전망이 없을 거 같애서 그리고 직장이 맞지도 않았고   그까 다니기는 그냥 그냥 그냥저냥이었어요.","expression":"c_private","category":"background"},{"text":"정말 네 굉장히 평범한 회사원으로 다니다가   제가 그냥 좀 번아웃 같이 와 가지고 그만 다니고 싶었고   그런데 그냥 아무 것도 없는 채로 그냥 그만두기에는 너무 제가   겁이 나서 용기가 없어서 뭐라도 조금 손에 쥐고 있자 라고 해서 학원을 다녔고   생각보다 근데 더 잘 맞았었구요.","expression":"c_private","category":"background"},{"text":"아 이거면 내가   네 제가 조금 노력하면 앞으로 전망이 있겠다 저 스스로도 잘 할 수 있을 것 같다 라고 해서   그때 이제 본격적으로 더 파고 들기 시작했습니다.","expression":"c_private","category":"background"}],"summary":{"text":"국가에서 하는 교육제도로 학원을 다녔는데 직장이 맞지 않아 그냥저냥 다녔습니다. 평범한 회사원이었다가 번아웃 같이 와 가지고 그만 다니고 싶었는데 아무것도 없는 채로 그냥 그만두기에는 너무 두려워서 뭐라도 조금 손에 쥐고 있자고 학원을 알아봤습니다.","wordCount":33}}},"rawDataInfo":{"question":{"fileFormat":"wav","fileSize":478798,"duration":14960,"samplingBit":16,"channelCount":1,"samplingRate":"16kHz","audioPath":"/Mock/07.ProductionManufacturing/Male/New/ckmk_q_mm_m_n_179484.wav"},"answer":{"fileFormat":"wav","fileSize":2816078,"duration":88000,"samplingBit":16,"channelCount":1,"samplingRate":"16kHz","audioPath":"/Mock/07.ProductionManufacturing/Male/New/ckmk_a_mm_m_n_179484.wav"}}}