{"version":"1.0","dataSet":{"info":{"date":"20230116","occupation":"MM","channel":"MOCK","place":"ONLINE","gender":"MALE","ageRange":"-34","experience":"NEW"},"question":{"raw":{"text":"본인만의 스트레스 해소법이 있다면 왜 그런 방법으로 스트레스를 해소하는지 같이 설명해 주시겠어요","wordCount":12},"emotion":[],"intent":[]},"answer":{"raw":{"text":"저는 보통 두 가지의 스트레스 해소법이 있습니다. 야경을 보시는 첫번째는 야경을 보는 것입니다. 제가 이전에 선박 엔지니어로 일을 한 적이 있었는데요. 그때 당시 일이 끝나고 나면은 노을이 질 때 쯤이에요. 노을이 지기 때문에 그거를 볼려고 갑판으로 올라가다 보면 바다는 망망대해이고 아무 구조물이 없는 상태에서 햇빛이 바닷물에 산란이 되면서 온 주위가 보랏빛이 됩니다. 파스텔톤의 보랏빛으로 변하면 이것은 육지에선 절대 볼 수 없는 굉장히 귀한 야경이고 이와 관련해서 사진을 찍기 시작하다 보니 사진 찍는 어떤 스트레스 해소법도 파생되기 시작했습니다. 이렇게 일터에서도 제가 이제 정비나 생산 파트에서 일을 하다보면 저녁 일이 끝나죠. 그때 야경을 보면서 퇴근하노라면 굉장히 오늘 하루도 열심히 일했구나 이런 생각이 들 것 같습니다. 또한 집에서는 주로 저는 책을 읽습니다. 책을 읽다보면 현실에서 뭔가 내가 이루지 못한 누군가가 되어 대리만족을 받을 수도 있고 평소에 제가 관심 있어 했지만 접할 수 없어서 미지의 영역에 있던 지식 어떤 사실들까지 알게 알게 될 수 있어서 그 책에 푹 빠지곤 합니다.","wordCount":146},"emotion":[],"intent":[{"text":"제가 이전에 선박 엔지니어로 일을 한 적이 있었는데요.","expression":"c_private","category":"background"}],"summary":{"text":"선박 엔지니어로 일을 했던 적이 있었는데, 일이 끝나고 나서 노을이 질 때 갑판으로 올라가다 보면 온 주위가 보랏빛으로 변합니다. 이와 관련해서 사진을 찍기 시작하다 보니 어떤 스트레스 해소법도 파생되기 시작했습니다. 일터에서도 정비나 생산 파트에서 일을 하다보면 저녁 일이 끝나게 되는데 야경을 보면서 퇴근하면 굉장히 열심히 일했다는 생각이 들 것 같습니다.","wordCount":50}}},"rawDataInfo":{"question":{"fileFormat":"wav","fileSize":306638,"duration":9580,"samplingBit":16,"channelCount":1,"samplingRate":"16kHz","audioPath":"/Mock/07.ProductionManufacturing/Male/New/ckmk_q_mm_m_n_170898.wav"},"answer":{"fileFormat":"wav","fileSize":2794958,"duration":87340,"samplingBit":16,"channelCount":1,"samplingRate":"16kHz","audioPath":"/Mock/07.ProductionManufacturing/Male/New/ckmk_a_mm_m_n_170898.wav"}}}