{"version":"1.0","dataSet":{"info":{"date":"20230116","occupation":"MM","channel":"MOCK","place":"ONLINE","gender":"MALE","ageRange":"45-54","experience":"NEW"},"question":{"raw":{"text":"만약 상사가 회사의 이익에 반하는 행동을 하는 것을 직접 목격하게 되었습니다 본인은 그때 어떻게 행동하게 했나요","wordCount":16},"emotion":[],"intent":[]},"answer":{"raw":{"text":"회사에 이익에 반하는 행동이라는 것이 어떤 것인지는 잘 모르겠지만 만약에 어 회사의 이익에 반한다 라고 생각된다 하면은 그거에 대해서 정식으로 이의를 제기할 일 생각입니다. 일단 상사님께 그거가 어떻게 해서 이득이 될 거라고 생각을 하시는지에 대한 생각을 듣고 그리고 그의 반론을 어 제가 말씀드릴 수 있는 부분이면은 반론을 말씀드리도록 하겠습니다.","wordCount":49},"emotion":[],"intent":[{"text":"","expression":"","category":"attitude"}],"summary":{"text":"회사 이익에 반한다 싶으면 이의 제기할 것이며, 상사의 생각을 듣고 반론할 수 있는 부분은 말씀드리도록 하겠습니다.","wordCount":16}}},"rawDataInfo":{"question":{"fileFormat":"wav","fileSize":367118,"duration":11470,"samplingBit":16,"channelCount":1,"samplingRate":"16kHz","audioPath":"/Mock/07.ProductionManufacturing/Male/New/ckmk_q_mm_m_n_174612.wav"},"answer":{"fileFormat":"wav","fileSize":1041998,"duration":32560,"samplingBit":16,"channelCount":1,"samplingRate":"16kHz","audioPath":"/Mock/07.ProductionManufacturing/Male/New/ckmk_a_mm_m_n_174612.wav"}}}