{"version":"1.0","dataSet":{"info":{"date":"20230116","occupation":"MM","channel":"MOCK","place":"ONLINE","gender":"MALE","ageRange":"45-54","experience":"NEW"},"question":{"raw":{"text":"저희 회사에 이 직무에 지원한 이유가 좀 궁금한데요 본인이 왜 이 업무를 해야 되는지 그리고 장점을 말씀을 해 보시구요 구체적으로 본인이 어떤 장점을 가지고 있는지 세 가지를 말씀을 해 보시겠습니까","wordCount":30},"emotion":[],"intent":[]},"answer":{"raw":{"text":"저는 이 직무에 도전하기 위해서 꽤 오랫동안 준비를 해왔습니다. 전 약 이 년 전부터 이 직무와 관련된 자격증을 취득하기 위해 어 나름 열심히 공부하였고 시험을 본 결과 최근 어 두 개의 자격증을 취득했습니다. 또한 저는 이 직무가 과연 정말 제 적성에 잘 맞는지 확인해 보기 위해서 약 팔 개월 동안 동 동 직군에 어 회사는 다른 회사지만 다른 회사에서 어 육 개월 동안 인턴 경험이 있습니다. 인턴 경험을 하면서 때로는 일이 제가 생각했던 거와 좀 다른 점도 있었지만 어 저는 거기서 어 이 일은 저의 적성에 맞고 제가 정말 열정을 갖고 도전해 볼 만한 일이라는 결심을 더 하게 됐습니다. 그때 저를 돌봐주셨던 사수가 한 분 계셨는데 그 사수분께서도 말씀하시기를 어 이 업무의 적성이 잘 맞고 어 잘 해낼 것 같다 라는 응원을 해 주셨습니다. 어 저는 사실 그 인턴사원을 마치고 나서 그 회사에서 입사 권유가 있었지만 제가 목표한 목표한 회사는 당 회사였기에 과감히 뿌리치고 이 회사에 어 다시 이력서를 제출한 것입니다.","wordCount":151},"emotion":[{"text":"전 약 이 년 전부터 이 직무와 관련된 자격증을 취득하기 위해 어   나름 열심히 공부하였고 시험을 본 결과 최근 어 두 개의 자격증을 취득했습니다.","expression":"u-fact","category":"neutral"}],"intent":[{"text":"인턴 경험을 하면서 때로는 일이 제가 생각했던 거와 좀 다른 점도 있었지만   어 저는 거기서 어 이 일은 저의 적성에 맞고 제가 정말 열정을   갖고 도전해 볼 만한 일이라는 결심을 더 하게 됐습니다.","expression":"c_sincere_job","category":"etc"}],"summary":{"text":"저는 이 직무에 도전하기 위해 꽤 오랫동안 준비를 해왔고, 최근 두 개의 자격증을 취득했습니다. 또한 이 직무가 제 적성에 잘 맞는지 확인하기 위해 약 팔개월 동안 동 동 직군에 있었습니다. 인턴 경험을 하면서 저는 이 일은 적성에 맞고 제가 정말 열정을 갖고 도전해 볼 만한 일이라는 결심을 더 하게 됐습니다.","wordCount":50}}},"rawDataInfo":{"question":{"fileFormat":"wav","fileSize":537678,"duration":16800,"samplingBit":16,"channelCount":1,"samplingRate":"16kHz","audioPath":"/Mock/07.ProductionManufacturing/Male/New/ckmk_q_mm_m_n_159953.wav"},"answer":{"fileFormat":"wav","fileSize":2681678,"duration":83800,"samplingBit":16,"channelCount":1,"samplingRate":"16kHz","audioPath":"/Mock/07.ProductionManufacturing/Male/New/ckmk_a_mm_m_n_159953.wav"}}}