{"version":"1.0","dataSet":{"info":{"date":"20230116","occupation":"MM","channel":"MOCK","place":"ONLINE","gender":"MALE","ageRange":"-34","experience":"NEW"},"question":{"raw":{"text":"특별히 가고 싶은 회사가 있으신가요 지원자님에게 특정 도메인이 중요한지 회사의 분위기가 중요한지 어떤 점이 중요한지 말씀해 주세요","wordCount":17},"emotion":[],"intent":[]},"answer":{"raw":{"text":"저는 최근에 여행 관련 여행 관련 서비스를 제공하는 회사에 관심이 많습니다. 제 포트폴리오도 제가 준비하고 있는 포트폴리오도 여행 관련된 서비스를 개발하고 제공하는 그런 포트폴리오를 준비하고 있습니다. 왜냐하면 코로나로 인해서 바이러스 어떤 전염병으로 인해서 잠깐 위축 위축되었던 어떤 여행 시장이 이제 위축되었던 만큼 앞으로는 더 커질 커질 것 밖에 보이지 않았습니다. 뭐 그런 것이 기회적으로 밖에 기회적으로 보인다라고 하실 수도 있지만 저는 그런 것이 제가 가지고 있는 어떤 능력을 제가 가지고 있는 어떤 그런 것에 적합한 것이라고 생각을 하고 있습니다. 그렇기 때문에 여행 관련 특히 대면 여행 관련 해외여행 사람들을 만나지 못했다가 이제 다시 만나게 되는 그런 업종으로 업종 서비스업으로 포트폴리오를 준비하고 있습니다.","wordCount":102},"emotion":[],"intent":[{"text":"제 포트폴리오도 제가 준비하고 있는 포트폴리오도 여행 관련된   서비스를 개발하고 제공하는 그런 포트폴리오를 준비하고 있습니다.","expression":"c_imp","category":"personality"},{"text":"그렇기 때문에 여행 관련 특히 대면 여행 관련 해외여행   사람들을 만나지 못했다가 이제 다시 만나게 되는 그런 업종으로 업종 서비스업으로   포트폴리오를 준비하고 있습니다.","expression":"c_imp","category":"personality"}],"summary":{"text":"코로나 때문에 잠시 위축된 여행 시장이 앞으로 더 커질 것 밖에 보이지 않아, 여행 관련 특히 대면 여행 관련 해외여행 사람들을 만나지 못했다가 다시 만나게 되는 업종으로 업종 서비스업으로 여행 관련 서비스를 개발하고 제공하는 포트폴리오를 준비하고 있습니다.","wordCount":37}}},"rawDataInfo":{"question":{"fileFormat":"wav","fileSize":611918,"duration":19120,"samplingBit":16,"channelCount":1,"samplingRate":"16kHz","audioPath":"/Mock/07.ProductionManufacturing/Male/New/ckmk_q_mm_m_n_186738.wav"},"answer":{"fileFormat":"wav","fileSize":2684238,"duration":83880,"samplingBit":16,"channelCount":1,"samplingRate":"16kHz","audioPath":"/Mock/07.ProductionManufacturing/Male/New/ckmk_a_mm_m_n_186738.wav"}}}