{"version":"1.0","dataSet":{"info":{"date":"20230116","occupation":"MM","channel":"MOCK","place":"ONLINE","gender":"MALE","ageRange":"45-54","experience":"NEW"},"question":{"raw":{"text":"본인이 생각할 때 자신의 장점과 단점을 설명해 주시기 바랍니다 그리고 그것을 특화시키고 또는 극복하기 위한 노력도 함께 말씀을 해 주시기 바랍니다","wordCount":21},"emotion":[],"intent":[]},"answer":{"raw":{"text":"저의 장점은 친화력이 뛰어나며 어 사람들과 소통 능력이 굉장히 좋다고 사람 다른 사람들이 얘기를 하고 저도 그렇게 제가 하고 있고요. 단점은 사람을 쉬이 믿지는 않는데 한 번 믿으면 또 너무 깊게 믿거든요. 그래서 금전적이나 또 기회에도 좀 딴 데가 간 적도 있었고 그래서 근데 저는 특별히 단점을 이렇게 없애기 위한 노력보다는 장점을 좀 특화시켜서 장점을 키워서 단점을 카바할 수 있는 방법으로 주로 노력을 많이 했던 것 같구요. 어 이 친화력이 발전이 되고 소통 능력이 발전이 된 된 되면서 그 퍼센테이지가 커지다 보니까 단점인 포인트로 조금씩 줄어드는 어 그런 경우가 있어서 저는 그런 식으로 극복을 했었던 것 같습니다. 이상입니다.","wordCount":98},"emotion":[],"intent":[{"text":"저의 장점은 친화력이 뛰어나며 어 사람들과 소통 능력이 굉장히 좋다고 사람 다른 사람들이 얘기를 하고 저도   그렇게 제가 하고 있고요.","expression":"c_person","category":"background"},{"text":"단점은 사람을 쉬이 믿지는 않는데 한 번 믿으면 또 너무 깊게 믿거든요.","expression":"c_person","category":"background"}],"summary":{"text":"친화력과 소통 능력이 뛰어난 저는 단점을 보완하기 위해 장점을 특화시켜 장점을 키워 단점을 카바하는 방법을 많이 했습니다. 친화력이 발전이 되고 소통 능력이 발전 되면서 단점인 포인트로 조금씩 줄어드는 경우가 있어서 그렇게 극복했습니다.","wordCount":32}}},"rawDataInfo":{"question":{"fileFormat":"wav","fileSize":560718,"duration":17520,"samplingBit":16,"channelCount":1,"samplingRate":"16kHz","audioPath":"/Mock/07.ProductionManufacturing/Male/New/ckmk_q_mm_m_n_167651.wav"},"answer":{"fileFormat":"wav","fileSize":2325518,"duration":72670,"samplingBit":16,"channelCount":1,"samplingRate":"16kHz","audioPath":"/Mock/07.ProductionManufacturing/Male/New/ckmk_a_mm_m_n_167651.wav"}}}