{"version":"1.0","dataSet":{"info":{"date":"20230116","occupation":"MM","channel":"MOCK","place":"ONLINE","gender":"MALE","ageRange":"45-54","experience":"NEW"},"question":{"raw":{"text":"지원자분께서 본인이 직접 해외로 출장 갈 수 있는 장소를 선택할 수 있고 어 꼭 한 번쯤 해외 출장에 가서 일해보고 싶은 나라가 있으시다고 한다면 어디인지 이야기해 주실 수 있으실까요","wordCount":29},"emotion":[],"intent":[]},"answer":{"raw":{"text":"제 스스로 해외 출장 장소를 정할 수 있다면 저는 태국을 선택하겠습니다. 어 그 이유는 저는 태국에 대해서 잘 알고 있기 때문입니다. 저는 어 젊었을 때 태국에서 약 일 년 육 개월 정도 어 살았던 경험이 있습니다. 당시 현지에 친구가 있어 가지고 그곳에서 한 육 일 년 육 개월 동안 살아본 경험이 있고 그 후로도 친구를 보기 위해서 아니면 뭐 개인적으로 여행을 다니기 위해서 저는 태국의 어 수십 번을 다녀온 경험이 있습니다. 어 저는 그 현지에서 일 년 육 개월 동안 머물 동안 한국에 한국인을 상대로 어 관광 가이드들을 해 봤고 또는 물건도 판매를 해 본 경험이 있습니다. 나름 태국의 문화와 그들의 정서에 대해서 나름 잘 알고 있다고 자신을 합니다. 요즘 태국은 그 한류 문화에 아주 흠뻑 젖어 있습니다. 젊은 젊은 친구들은 한국 음악을 듣고 한국 어 드라마를 보고 한국 문화에 대한 관심이 매우 많습니다. 그렇기에 저는 어 우리의 제품이 태국으로 진출을 할 때 그 한류와 잘 조화를 해서 현지에 이렇게 스며든다면 그들이 부담감 없이 아주 잘 받아들일 거라고 생각하고 있습니다.","wordCount":160},"emotion":[{"text":"저는 어 젊었을 때 태국에서 약 일 년 육 개월 정도   어 살았던 경험이 있습니다.","expression":"u-fact","category":"neutral"}],"intent":[{"text":"저는 어 젊었을 때 태국에서 약 일 년 육 개월 정도   어 살았던 경험이 있습니다.","expression":"c_private","category":"background"},{"text":"당시 현지에 친구가 있어 가지고   그곳에서 한 육 일 년 육 개월 동안 살아본 경험이 있고 그 후로도 친구를 보기 위해서 아니면 뭐 개인적으로 여행을 다니기 위해서 저는 태국의   어 수십 번을 다녀온 경험이 있습니다.","expression":"c_private","category":"background"},{"text":"어 저는 그 현지에서 일 년 육 개월 동안 머물 동안 한국에 한국인을 상대로   어 관광 가이드들을 해 봤고 또는 물건도 판매를 해 본 경험이 있습니다.","expression":"c_private","category":"background"}],"summary":{"text":"저는 젊을 때 태국에서 살았던 경험이 있고 그 후로도 친구를 보기 위해서 또는 개인적으로 여행을 다니기 위해서 태국의 수십 번 다녀온 경험이 있습니다. 요즘 태국은 한류 문화에 아주 흠뻑 젖어 있기 때문에 우리의 제품이 태국으로 진출 할 때 한류와 잘 조화를 해서 현지에 스며들게 하면 부담감 없이 아주 잘 받아들일 거라고 생각합니다.","wordCount":52}}},"rawDataInfo":{"question":{"fileFormat":"wav","fileSize":659918,"duration":20620,"samplingBit":16,"channelCount":1,"samplingRate":"16kHz","audioPath":"/Mock/07.ProductionManufacturing/Male/New/ckmk_q_mm_m_n_171878.wav"},"answer":{"fileFormat":"wav","fileSize":2676558,"duration":83640,"samplingBit":16,"channelCount":1,"samplingRate":"16kHz","audioPath":"/Mock/07.ProductionManufacturing/Male/New/ckmk_a_mm_m_n_171878.wav"}}}