{"version":"1.0","dataSet":{"info":{"date":"20230116","occupation":"MM","channel":"MOCK","place":"ONLINE","gender":"MALE","ageRange":"-34","experience":"NEW"},"question":{"raw":{"text":"요즘 사회가 고령화 사회로 가면서 치매로 인한 문제가 굉장히 많이 대두되고 있습니다 이에 관련해 건보 공단이 하는 일과 건보 공단에서 개선해야 할 방안에 대해서 말씀해 주세요","wordCount":26},"emotion":[],"intent":[]},"answer":{"raw":{"text":"요즘 치매가 정말 많아지고 있다고 하는데 건보 공단에서는 이에 관련해서 여러 가지 일들을 하고 있다고 알고 있습니다. 특히 건강 보험이나 아니면 이제 국민연금과 같은 기타 사업에 함께 참어함 참여함으로써 앞으로 이제 고령화 사회에서 치매 문제를 해결하기 위한 여러 가지 의료 지원이나 또는 고령화 사회에 대한 어 시민들을 지원하는 방법이 건보 공단에서 이루어지고 있다고 알고 있습니다. 그래서 건보 공단은 어 여러 가지 많은 사업들을 시행하고 있지만 사실 고령화 사회는 점점 더 빨라지고 있고 그에 비해 일할 수 있는 사람들의 수는 적어지고 있습니다. 고령화 사회를 해결하기 위해 치매를 해결하기 위해서는 건보 공단에서 하는 여러 가지 사업들도 중요하지만 아무래도 사람들이 직접 고령화 사회에서 일자리를 더 구하기 쉽고 또 고령화가 되었더라도 가능한 만큼 여러 일자리 특히 치매를 어 좀 괜찮게 해줄 수 있는 치매를 낫게 해줄 수 있는 그런 일자리에 좀 더 우리가 만들어야 된다고 생각합니다.","wordCount":132},"emotion":[],"intent":[{"text":"","expression":"","category":"attitude"}],"summary":{"text":"고령화 사회에서 치매 문제를 해결하기 위한 의료 지원이나 고령화 사회에 대한 시민들을 지원하는 방법이 건보 공단에서 이루어지고 있습니다. 고령화 사회에서 일자리를 더 구하기 쉽고, 치매를 낫게 해주는 일자리에 좀 더 만들어야 한다고 생각합니다.","wordCount":33}}},"rawDataInfo":{"question":{"fileFormat":"wav","fileSize":484878,"duration":15150,"samplingBit":16,"channelCount":1,"samplingRate":"16kHz","audioPath":"/Mock/07.ProductionManufacturing/Male/New/ckmk_q_mm_m_n_176713.wav"},"answer":{"fileFormat":"wav","fileSize":2693838,"duration":84180,"samplingBit":16,"channelCount":1,"samplingRate":"16kHz","audioPath":"/Mock/07.ProductionManufacturing/Male/New/ckmk_a_mm_m_n_176713.wav"}}}