{"version":"1.0","dataSet":{"info":{"date":"20230116","occupation":"MM","channel":"MOCK","place":"ONLINE","gender":"MALE","ageRange":"45-54","experience":"NEW"},"question":{"raw":{"text":"저희 일의 특성 상 야근이나 잔업 외근이 많아질 수도 있습니다 그래도 괜찮으시겠습니까","wordCount":12},"emotion":[],"intent":[]},"answer":{"raw":{"text":"일의 특성상 야근이나 잔업 외근은 어 회사에 따라서는 있을 수 있다고 생각을 합니다. 물론 저도 그러한 회사를 다녀본 경험도 가지고 있고요 당연히 괜찮습니다. 문제는 이러한 야근과 잔업 외근이 일반적으로는 정상적인 근무시간 안에서 끝내야 되는 부분인데 이런 부분이 많아진다면 회사에서도 비용이 많아질 것이고 거기서 일하는 직원들조차도 어 하루하루가 어 오래 지속됐다면 체력적으로나 정신적으로나 아 정상적인 업무를 할 어 업무에 어 아웃풋이 나오기는 쉽지 않다고 생각을 합니다. 이러한 경우에는 당연히 야근이나 잔업이나 외근을 줄일 수 있는 방안들을 모색해야 될 것이고요. 그걸 그러한 결론을 나오기 전까지는 당연히 그 안에 있는 인원들에 어느 정도의 희생이 필요한 것 같습니다. 이러한 희생들이 어느 정도 나중에는 보상이 되어져야 되는 부분드도 있을 것이고요 무조건 이러이건 일 의 특성상 야근과 잔업과 외근이 어 많으니 무조건 참고 다녀라 라고 한다면 참고 다니다가도 계속해서 이지에 퇴사를 하는 경우가 많을 것이라 상당히 생각됩니다","wordCount":131},"emotion":[],"intent":[{"text":"","expression":"","category":"attitude"}],"summary":{"text":"일의 특성상 야근이나 잔업 외근이 많아진다면 회사에서도 비용이 많아질 것이고 거기서 일하는 직원들조차 정상적인 업무를 할 수 없어 아웃풋이 나오기는 쉽지 않습니다. 이러한 경우에는 당연히 야근, 잔업, 외근을 줄일 수 있는 방안들을 모색해야 하며, 그 전에 그 안에 있는 인원들에 대한 어느 정도의 희생이 필요합니다.","wordCount":45}}},"rawDataInfo":{"question":{"fileFormat":"wav","fileSize":258638,"duration":8080,"samplingBit":16,"channelCount":1,"samplingRate":"16kHz","audioPath":"/Mock/07.ProductionManufacturing/Male/New/ckmk_q_mm_m_n_163281.wav"},"answer":{"fileFormat":"wav","fileSize":2674638,"duration":83580,"samplingBit":16,"channelCount":1,"samplingRate":"16kHz","audioPath":"/Mock/07.ProductionManufacturing/Male/New/ckmk_a_mm_m_n_163281.wav"}}}