{"version":"1.0","dataSet":{"info":{"date":"20230116","occupation":"MM","channel":"MOCK","place":"ONLINE","gender":"MALE","ageRange":"45-54","experience":"NEW"},"question":{"raw":{"text":"지원자님이 가지고 있는 남들과는 다른 자신만의 경쟁력을 설명해 주세요 또 경쟁력을 키우기 위해 지원자님은 어떤 노력을 했는지도 말씀해 주시기 바랍니다","wordCount":20},"emotion":[],"intent":[]},"answer":{"raw":{"text":"어 저만의 경쟁력이라고 하면 저는 경험을 들고 싶습니다. 물론 제가 지원한 이 직 직종에 오랫동안 정말 정말 오랫동안 하신 분들 입장에서는 정말 어 저의 경력이 좀 우스 우스울 수도 있지만 저는 이 직종에 도전하기 위해서 나름 그 약 팔 개월 동안 그 인턴을 겪어봤습니다. 동 업종이었고 동 라인에서 제가 하는 일과 같은 일을 하는 그 업체에서 저는 약 팔 개월 동안 그 인턴 과정을 밟았습니다. 인턴 과정은 어 현장에서 직접 어 기계를 만지고 기계를 정비하고 하는 일이었습니다. 단순히 무슨 서류상으로 공부한 게 아니라 정말로 현장에 나가서 어 기계를 돌려보면서 어 함께 했던 그 팔 개월이었습니다. 저는 저를 가르켜 주셨던 그 사수분께 어 너는 이쪽에 재능이 있다 어 라는 그 말씀을 들을 수 있었고 어 나중에 심지어는 그 회사에 취직을 권유도 받았습니다. 하지만 저는 어 지금 당 이 회사를 목표로 했기 때문에 어 과감하게 그것을 제안을 뿌리치고 이 회사에 지원한 것입니다. 저는 현장에서 어 최소한 지금 같이 저랑 신입으로 지원하는 불균 분들 중에서는 가장 많은 현장 경험을 갖고 있다고 자부합니다.","wordCount":159},"emotion":[],"intent":[{"text":"인턴 과정은 어 현장에서 직접   어 기계를 만지고 기계를 정비하고 하는 일이었습니다.","expression":"f_equip","category":"technology"}],"summary":{"text":"저는 이 직종에 도전하기 위해 현장에서 직접 기계를 만지고 정비하는 인턴 과정을 밟았습니다. 그 인턴 과정에서 사수분의 말씀을 듣고 취직 권유도 받았지만 저는 과감하게 제안을 물리치고 이 회사에 지원했습니다. 저는 최소한 지금 같이 저랑 신입으로 지원하는 불균 분들 중에서는 가장 많은 현장 경험을 갖고 있다고 자부합니다.","wordCount":46}}},"rawDataInfo":{"question":{"fileFormat":"wav","fileSize":535758,"duration":16740,"samplingBit":16,"channelCount":1,"samplingRate":"16kHz","audioPath":"/Mock/07.ProductionManufacturing/Male/New/ckmk_q_mm_m_n_157239.wav"},"answer":{"fileFormat":"wav","fileSize":2729678,"duration":85300,"samplingBit":16,"channelCount":1,"samplingRate":"16kHz","audioPath":"/Mock/07.ProductionManufacturing/Male/New/ckmk_a_mm_m_n_157239.wav"}}}