{"version":"1.0","dataSet":{"info":{"date":"20230116","occupation":"MM","channel":"MOCK","place":"ONLINE","gender":"MALE","ageRange":"45-54","experience":"NEW"},"question":{"raw":{"text":"본인이 가지고 있는 최고의 장점이나 경쟁력에 대해서 말씀을 부탁드리고요 그다음에 그 경쟁력을 키우기 위해서 어떠한 노력을 했었는지도 같이 말씀 부탁드립니다","wordCount":20},"emotion":[],"intent":[]},"answer":{"raw":{"text":"남들과는 다른 저만의 경쟁력은 소통 능력이라고 저는 생각을 해요. 누구를 만나든 빠른 시일 내에 친해질 수 있는 친화력과 또 어떠한 상황이든 소통을 할 수 있는 소통 능력이 저는 가장 가장 큰 경쟁력이라고 생각을 하는데 그것은 어 공감 능력이 바탕이 되지 않으면 이루어질 수 없는 거라고 생각을 해요. 그래서 저는 공감 능력을 키우기 위해서 굉장히 많은 노력을 많이 했어요. 공부도 하고 책도 보고 또 사람들과 만나서 대화를 굉장히 많이 정말 긴 시간에 대화를 시도하고 이러한 그 훈련을 많이 했고 어 그런 훈련의 결과로서 저희 소통 능력이 굉장히 향상이 되고 친화력이 아주 좋아졌다 라고 그렇게 생각하고 있습니다. 이상입니다.","wordCount":96},"emotion":[],"intent":[{"text":"","expression":"","category":"attitude"}],"summary":{"text":"저는 공감 능력이 가장 큰 경쟁력이라고 생각합니다. 그래서 공감 능력을 키우기 위해 많은 노력을 했고 그 결과 저희 소통 능력이 굉장히 향상되었고 친화력이 아주 좋아졌다 라고 생각합니다.","wordCount":27}}},"rawDataInfo":{"question":{"fileFormat":"wav","fileSize":394318,"duration":12320,"samplingBit":16,"channelCount":1,"samplingRate":"16kHz","audioPath":"/Mock/07.ProductionManufacturing/Male/New/ckmk_q_mm_m_n_167647.wav"},"answer":{"fileFormat":"wav","fileSize":2329678,"duration":72800,"samplingBit":16,"channelCount":1,"samplingRate":"16kHz","audioPath":"/Mock/07.ProductionManufacturing/Male/New/ckmk_a_mm_m_n_167647.wav"}}}