{"version":"1.0","dataSet":{"info":{"date":"20230116","occupation":"MM","channel":"MOCK","place":"ONLINE","gender":"MALE","ageRange":"-34","experience":"NEW"},"question":{"raw":{"text":"태어나서 지금까지 한 일 가운데 가장 후회했던 일은 무엇입니까 한 가지만 골라서 말씀해 주세요","wordCount":14},"emotion":[],"intent":[]},"answer":{"raw":{"text":"어 저는 음 지금까지 어떤 운동을 한 종목도 어 배우지 않은 것이 어 참 후회가 됩니다. 어렸을 때부터 어떤 한 종목이라도 꾸준히 운동을 하고 그랬으면 제가 지금보다 체력도 더 좋아졌을 것 같고 어 조금 더 건강한 생활을 할 수 있었을 것 같은데 제가 좀 어릴 때는 공부만 하고 살다 보니까 아 좀 운동 같은 걸 소홀히 했습니다. 그래서 지금 어떤 구기 종목을 한 종목을 잘 한다거나 아니면은 취미로 하는 어 운동이 있는 친구들을 보면 참 부럽습니다. 어 어렸을 때부터 운동을 해 온 친구들을 보면은 다른 종목으로 가도 조금 더 빨리 익히고 수월하게 하는 것 같더라고요. 어 나이 먹어서 그런 부분들이 부러워서 어 저도 운동을 해보려고 이것저것 시도를 해봤지만 어 좀 익숙하지 않은 탓인지 어 그렇게 제가 두각을 나타내지 못하고 어 좀 계속 중간에 쉽게 그만두곤 했습니다. 그래서 최근에는 어 다른 운동을 배워보려고 지금 찾아보는 중입니다","wordCount":135},"emotion":[],"intent":[{"text":"","expression":"","category":"attitude"}],"summary":{"text":"공부만 하다 보니 운동 같은 걸 소홀히 해서 지금까지 어떤 운동을 한 종목도 배우지 않은 것이 후회가 됩니다. 어렸을 때부터 운동을 해 온 친구들을 보면 다른 종목으로 가도 더 빨리 익히고 수월하게 하는 것 같습니다. 그래서 요즘은 다른 운동을 배워보려고 지금 찾아보는 중입니다.","wordCount":43}}},"rawDataInfo":{"question":{"fileFormat":"wav","fileSize":449678,"duration":14050,"samplingBit":16,"channelCount":1,"samplingRate":"16kHz","audioPath":"/Mock/07.ProductionManufacturing/Male/New/ckmk_q_mm_m_n_174671.wav"},"answer":{"fileFormat":"wav","fileSize":2845838,"duration":88930,"samplingBit":16,"channelCount":1,"samplingRate":"16kHz","audioPath":"/Mock/07.ProductionManufacturing/Male/New/ckmk_a_mm_m_n_174671.wav"}}}