{"version":"1.0","dataSet":{"info":{"date":"20230116","occupation":"MM","channel":"MOCK","place":"ONLINE","gender":"MALE","ageRange":"45-54","experience":"NEW"},"question":{"raw":{"text":"지원자님께서 대학 생활을 할면서 가장 힘들었던 경험을 선택하여서 말씀해 주시고 그 힘들었던 경험을 어떻게 극복하였는지도 설명 부탁드립니다","wordCount":17},"emotion":[],"intent":[]},"answer":{"raw":{"text":"제가 대학 생활을 하면서 가장 어려웠던 점은 등하교였습니다. 어 저는 서울에 거주하고 있었는데 당시 학교는 그 천안에 있다 보니깐 어 등하교 만 등교하는데도 한 두 시간 반 등하교를 따지면 하루 다섯 시간을 등하교에 허비해야 했습니다. 아침 뭐 아홉 시에 수업이라도 있는 날이면 새벽 여섯 시에 나가야 됐고 어 수업이 끝나고 친구들이랑 뭐 공이래도 한 번 차고 맥주래도 한 잔 마시려고 해도 아홉 시 에 일어나야지 막차를 타고 서울로 올 수 있었습니다. 어 당시 학교에서는 기숙사가 있긴 했지만 당시 또 하필이면 그때가 기숙사를 뭐 증개축을 하는 바람에 어 서울 지역은 그 거리상 그 기숙사에 묵을 수가 없었습니다. 저는 그렇게 해서 몇 년을 다니다가 어 졸업반이 됐을 때는 친구와 같이 학교 근처에서 자취를 했습니다. 어 물론 어 경비가 좀 들긴 했지만 그 당시에는 취직도 준비해야 됐고 어 쫌 더 공부에 매진을 해야 됐기 때문에 학교 앞에서 자취를 했습니다. 어 그런데 그 자취가 저 나름대로는 되게 제 인생의 제 진로에 대해서 도움이 많이 됐다고 생각을 합니다. 그때 어떻게 보면 저는 대학생활 중 가장 공부도 많이 했고 그때 여러 취업 정보라든지 제 진로에 대해서 많이 고민을 하고 준비했던 것 같습니다.","wordCount":176},"emotion":[{"text":"저는 그렇게 해서 몇 년을 다니다가   어 졸업반이 됐을 때는 친구와 같이 학교 근처에서 자취를 했습니다.","expression":"u-fact","category":"neutral"}],"intent":[{"text":"","expression":"","category":"attitude"}],"summary":{"text":"대학 생활을 하면서 가장 어려웠던 점은 등하교였습니다. 학교에서는 기숙사가 있긴 했지만 증개축을 해서 거리상 기숙사에 묵을 수가 없었습니다. 몇 년을 다니다가 졸업반이 됐을 때는 친구와 같이 학교 근처에서 자취를 했는데 그 자취가 제 인생의 제 진로에 대해서 도움이 많이 되었습니다.","wordCount":40}}},"rawDataInfo":{"question":{"fileFormat":"wav","fileSize":608078,"duration":19000,"samplingBit":16,"channelCount":1,"samplingRate":"16kHz","audioPath":"/Mock/07.ProductionManufacturing/Male/New/ckmk_q_mm_m_n_164030.wav"},"answer":{"fileFormat":"wav","fileSize":2672718,"duration":83520,"samplingBit":16,"channelCount":1,"samplingRate":"16kHz","audioPath":"/Mock/07.ProductionManufacturing/Male/New/ckmk_a_mm_m_n_164030.wav"}}}