{"version":"1.0","dataSet":{"info":{"date":"20230116","occupation":"MM","channel":"MOCK","place":"ONLINE","gender":"MALE","ageRange":"45-54","experience":"NEW"},"question":{"raw":{"text":"네 지원자님께서는 회사의 덕목이 무엇이라고 생각하시는지요 또 어떤 회사가 좋은 회사라고 생각하시는지 그 이유와 함께 말씀해 주시기 바랍니다","wordCount":18},"emotion":[],"intent":[]},"answer":{"raw":{"text":"어떤 회사가 좋은 회사인지에 대해서는 여러 가지 월급을 많이 주는 회사 비전이 있는 회사 회사 분위기가 좋은 회사 방금 언급드렸던 이 세 가지가 다 갖춰진다면 완벽한 회사라고 할 수 있겠습니다. 회사가 월급이 많 적더라도 비전이 있다면 어느정도 참을 수 있을 것입니다. 당연히 비전은 없더라도 월급을 많이 주는 회사라면 어느 어느 정도 또 참고 다닐 수 있을 것 같습니다. 따라서 월급과 비전은 상호 보완적인 부분들도 어 느 정도 있을 거라고 생각을 합니다. 하지만 제가 생각하는 가장 좋은 회사는 분위기가 좋은 회사입니다. 분 회사 내에서 어 인간 하 선 상사와의 인간관계 그리고 동료와의 인간관계가 불편해지기 시작을 한다면 아무리 월급이 많거나 회사의 비전이 있다 하더라도 회사를 가면서 아는 하 하루하루가 아 견디기 힘든 나날이 될 것이라 사료 됩니다. 저 또한 그런 경험을 가지고 있었던 있었기 때문에 그러한 경우에는 아무리 월급이 많거나 비전이 있다 하더라도 단 하루도 어 견딜 수 없는 있기 싫은 그런 상황이 또 있었습니다.","wordCount":143},"emotion":[],"intent":[{"text":"","expression":"","category":"attitude"}],"summary":{"text":"어떤 회사가 좋은 회사인지에 대해서는 월급을 많이 주는 회사, 비전이 있는 회사, 분위기가 좋은 회사 이 세 가지가 다 갖춰진다면 완벽한 회사라고 할 수 있겠습니다. 저 역시 월급과 비전은 상호 보완적인 부분들도 어 어느 정도 있을 것이라고 생각을 합니다. 하지만 저는 분위기가 좋은 회사가 가장 좋다고 생각합니다.","wordCount":47}}},"rawDataInfo":{"question":{"fileFormat":"wav","fileSize":416078,"duration":13000,"samplingBit":16,"channelCount":1,"samplingRate":"16kHz","audioPath":"/Mock/07.ProductionManufacturing/Male/New/ckmk_q_mm_m_n_163280.wav"},"answer":{"fileFormat":"wav","fileSize":2718798,"duration":84960,"samplingBit":16,"channelCount":1,"samplingRate":"16kHz","audioPath":"/Mock/07.ProductionManufacturing/Male/New/ckmk_a_mm_m_n_163280.wav"}}}