{"version":"1.0","dataSet":{"info":{"date":"20230116","occupation":"MM","channel":"MOCK","place":"ONLINE","gender":"MALE","ageRange":"45-54","experience":"NEW"},"question":{"raw":{"text":"공동체의 가치에 입각해서 무형 문화유산의 보호에 있어 적용되는 사회적 관념은 무엇이라고 생각하시는지 말씀해 주시겠어요","wordCount":14},"emotion":[],"intent":[]},"answer":{"raw":{"text":"무형 문화 유산은 예를 들자면 판소리나 강강술래 그리고 남사당 놀이 그리고 또 처용무 이런 것들을 무형 문화 유산이라고 하는데요. 사회적 관념적인 측면에서 보자면 당연히 이것은 우리 나라의 전통을 나타내는 것이므로 무조건 지켜야만 한다는 것입니다. 이것은 이유가 없이 사회적 고정관념이라고 그러죠. 인기가 많고 인기가 적건 지켜야 마땅한 것 그리고 또한 또 하나의 이유를 덧붙이자면 이러한 사회의 전통이 되는 것이 나중에는 경쟁력을 갖게 되구요. 한류의 어떤 바람을 불게 됩니다. 왜냐하면 이러한 것들은 한국의 고유한 것이니까요. 다른 나라에 없는. 그러므로 사회적 관념 측면에서는 무조건 보호해야 되는 것입니다.","wordCount":84},"emotion":[{"text":"무형 문화 유산은 예를 들자면 판소리나   강강술래 그리고 남사당 놀이 그리고 또   처용무 이런 것들을 무형 문화 유산이라고 하는데요.","expression":"u-fact","category":"neutral"}],"intent":[{"text":"","expression":"","category":"attitude"}],"summary":{"text":"판소리나 강강술래, 남사당 놀이, 처용무 같은 무형 문화 유산은 우리나라의 전통을 나타내는 것이므로 무조건 지켜야만 합니다. 이것은 이유가 없이 사회적 고정관념인데, 이러한 사회의 전통이 되는 것이 나중에 경쟁력을 갖게 됩니다.","wordCount":30}}},"rawDataInfo":{"question":{"fileFormat":"wav","fileSize":433998,"duration":13560,"samplingBit":16,"channelCount":1,"samplingRate":"16kHz","audioPath":"/Mock/07.ProductionManufacturing/Male/New/ckmk_q_mm_m_n_172607.wav"},"answer":{"fileFormat":"wav","fileSize":2574478,"duration":80450,"samplingBit":16,"channelCount":1,"samplingRate":"16kHz","audioPath":"/Mock/07.ProductionManufacturing/Male/New/ckmk_a_mm_m_n_172607.wav"}}}