{"version":"1.0","dataSet":{"info":{"date":"20230116","occupation":"MM","channel":"MOCK","place":"ONLINE","gender":"MALE","ageRange":"45-54","experience":"NEW"},"question":{"raw":{"text":"지원자님께서는 스트레스를 받으면 어떤 방법으로 해소하시나요 그리고 왜 그런 방법으로 스트레스를 해소하는지 말씀해 주실 수 있으실까요","wordCount":16},"emotion":[],"intent":[]},"answer":{"raw":{"text":"스트레스를 받으면 저는 운동을 합니다. 일단은 업무 스트레스 든 다른 스트레스든 그 스트레스를 받는 그 상황을 좀 벗어나서 운동을 통해서 땀을 흘리고 그 땀을 흘린 후에 다시 한 번 음 그 자리에 앉고 앉으면 그 이전에 스트레스를 받았던 상황이나 이러한 부분들을 좀 객관적인 몸 상태와 정신 상태로서 직면을 하면서 진행을 하면 훨씬 더 스트레스 자체가 어느정도 해소되는 경험을 많이 했었습니다. 물론 이렇게 한다고 해서 모든 스트레스가 다 풀리는 건 아닙니다. 하지만 어떤 스트레스를 받았을 때 그걸 지속적으로 계속 끊임없이 생각을 한다면 결국은 결론에 도달하기는 어려웠던 것 같습니다. 따라서 객관적인 방법으로 제 좀 그 스트레스에서 좀 떨어져서 일단 몸과 마음을 좀 건강하게 하는 운동이나 땀을 흘리고 샤워를 한 후에 다시 그 자리에 앉아서 그 문제를 직면을 하게 되면 좀 더 객관적인 눈으로 볼 수 있었기 때문에 운동을 택합니다.","wordCount":127},"emotion":[],"intent":[{"text":"","expression":"","category":"attitude"}],"summary":{"text":"업무 스트레스나 다른 스트레스든 스트레스를 받는 상황을 벗어나서 운동을 해서 스트레스를 받았던 상황이나 이러한 것들을 객관적인 몸 상태와 정신 상태로서 직면을 하면서 진행을 하면 스트레스 자체가 해소되는 경험을 많이 했습니다. 따라서 객관적인 방법으로 운동을 하여 좀 더 객관적인 눈으로 볼 수 있었기에 운동을 택합니다.","wordCount":44}}},"rawDataInfo":{"question":{"fileFormat":"wav","fileSize":416078,"duration":13000,"samplingBit":16,"channelCount":1,"samplingRate":"16kHz","audioPath":"/Mock/07.ProductionManufacturing/Male/New/ckmk_q_mm_m_n_160496.wav"},"answer":{"fileFormat":"wav","fileSize":2688718,"duration":84020,"samplingBit":16,"channelCount":1,"samplingRate":"16kHz","audioPath":"/Mock/07.ProductionManufacturing/Male/New/ckmk_a_mm_m_n_160496.wav"}}}