{"version":"1.0","dataSet":{"info":{"date":"20230116","occupation":"MM","channel":"MOCK","place":"ONLINE","gender":"MALE","ageRange":"45-54","experience":"NEW"},"question":{"raw":{"text":"일을 하게 되면 어 중국으로 출장을 갈 일이 어 조금 생길 수도 있습니다 어 중국 출장도 괜찮으신지 어 말씀해 주세요","wordCount":20},"emotion":[],"intent":[]},"answer":{"raw":{"text":"네 저는 중국 출장이라면 어느 정도 자신감도 있습니다. 어 예전에 중국에서 약 육 개월 정도 체류를 해 본 경험이 있습니다. 당시 현지에 친구가 있어 가지고 중국에서 좀 머물게 됐는데 그때 저는 육 개월 동안 중국에 있으면서 어 한국 사람을 상대로 가이드도 해봤고 어 또 어 물건도 팔아본 경험이 있습니다. 또한 저는 고등학교 때 제 제 이 외국어가 중국 중국어였기 때문에 어 어느 정도 간단한 어 대화도 가능합니다. 어 만약 그 출장지가 특히 상해라 그러면 전 상해에 대해서 만큼은 어 현재 지리도 잘 알고 있을 뿐더러 어 중국 상해에 대해서는 현지 아는 지인도 많이 있습니다. 어 저는 개인적으로 중국이라는 나라에 어 일단 매력을 많이 느낍니다. 중국은 일단 우리나라와 지리적으로 가깝고 현재 중국은 우리 한류 문화가 매우 어 흥행하고 있습니다. 중국 정부에서는 한류 문화에 대해서 나름 제재를 가하고 있지만 그래도 중국 젊은이들은 한국 음악을 듣고 한국 드라마를 보고 한국 문화에 대해서 관심이 많습니다. 어 저는 개인적으로 중국 출장은 아주 바라는 바입니다.","wordCount":149},"emotion":[{"text":"어 예전에 중국에서 약 육 개월 정도 체류를 해 본 경험이 있습니다.","expression":"u-fact","category":"neutral"}],"intent":[{"text":"","expression":"","category":"attitude"}],"summary":{"text":"저는 중국에서 약 육 개월 체류해 본 경험이 있으며 고등학교 때 제 외국어가 중국 중국어였기 때문에 어 간단한 대화도 가능합니다. 또한 출장지가 상해라면 지리도 잘 알고 있고 현지 아는 지인도 많이 있습니다. 중국은 우리나라와 지리적으로 가깝고 현재 한류 문화가 매우 흥행하고 있기 때문에 개인적으로 중국 출장을 바랍니다.","wordCount":47}}},"rawDataInfo":{"question":{"fileFormat":"wav","fileSize":458318,"duration":14320,"samplingBit":16,"channelCount":1,"samplingRate":"16kHz","audioPath":"/Mock/07.ProductionManufacturing/Male/New/ckmk_q_mm_m_n_179323.wav"},"answer":{"fileFormat":"wav","fileSize":2752078,"duration":86000,"samplingBit":16,"channelCount":1,"samplingRate":"16kHz","audioPath":"/Mock/07.ProductionManufacturing/Male/New/ckmk_a_mm_m_n_179323.wav"}}}