{"version":"1.0","dataSet":{"info":{"date":"20230116","occupation":"MM","channel":"MOCK","place":"ONLINE","gender":"MALE","ageRange":"-34","experience":"NEW"},"question":{"raw":{"text":"본인이 직접 해외 출장 장소를 선택할 수 있다면 어 꼭 한 번 가서 일해보고 싶은 나라가 있으십니까","wordCount":17},"emotion":[],"intent":[]},"answer":{"raw":{"text":"제가 해외 출장 장소를 선택할 수 있다면 저는 미국으로 가 보고 싶습니다. 왜냐하면 저는 미국 미국이라는 아메리카 대륙을 제외하고는 아시아나 유럽이나 아프리카나 이런 대륙 등 한 번쯤 가서 일해 봤던 경험이 있습니다. 어 그런 경험들이 다 있다 보니 아메이카에 관한 어 되게 호기심이 생겼고 그런 호기심을 꼭 채우고 그리고 그 나라에 가서도 정말 열심히 일하고 제 열정을 한번 보여드리고 싶기 때문에 제가 출장 장소로 선택을 했습니다. 어 아메리카 말고 다른 대륙의 경험이 되게 꺾기는 하지만 그런 경험들이 저에게는 되게 좋았고 어 경험적으로도 정말 좋았지만 개인적인 부분에서도 정말 따뜻함을 느꼈기 때문에 아메리카라는 곳에서 미국이라는 곳에서 되게 열심히 일을 하면 또한 뿌듯함을 느낄 수 있을 것 같아서 어 해외 출장 장소로 한 번쯤은 꼭 일해 보고 싶은 장소입니다.","wordCount":116},"emotion":[],"intent":[{"text":"","expression":"","category":"attitude"}],"summary":{"text":"저는 아메리카 대륙을 제외하고는 아시아나 유럽, 아프리카, 이런 대륙 등 한 번쯤 가서 일해 봤던 경험이 있어서 아메이카에 관해 호기심이 생겼고 그 나라에 가서도 열심히 일하고 제 열정을 한번 보여주고 싶기 때문에 해외 출장 장소로 미국을 선택 했습니다.","wordCount":38}}},"rawDataInfo":{"question":{"fileFormat":"wav","fileSize":400718,"duration":12520,"samplingBit":16,"channelCount":1,"samplingRate":"16kHz","audioPath":"/Mock/07.ProductionManufacturing/Male/New/ckmk_q_mm_m_n_183917.wav"},"answer":{"fileFormat":"wav","fileSize":2721038,"duration":85030,"samplingBit":16,"channelCount":1,"samplingRate":"16kHz","audioPath":"/Mock/07.ProductionManufacturing/Male/New/ckmk_a_mm_m_n_183917.wav"}}}