{"version":"1.0","dataSet":{"info":{"date":"20230116","occupation":"MM","channel":"MOCK","place":"ONLINE","gender":"MALE","ageRange":"45-54","experience":"NEW"},"question":{"raw":{"text":"지원자님께서는 우리 회사에 들어오게 된다면 가장 가고 싶은 부서와 왜 그렇게 생각하셨는지 이유도 알고 싶습니다 함께 말씀해 주세요","wordCount":18},"emotion":[],"intent":[]},"answer":{"raw":{"text":"제가 가고 싶은 부서는 해외 영업 부서입니다. 그렇게 생각하는 이유는 제가 중국에서 어 상해에서 오 년간 유학 생활을 했었습니다. 유학 생활을 하면서 룸메이트가 일본 사람이었어 매 였고 그것 때문에 이 일본어도 같이 공부를 하게 되었으며 바로 기숙사 옆 방이 영국 사람이었어서 그 영국 사람을 통해서 영어를 같이 공부를 했던 경험을 갖고 있습니다. 또한 캐나다 밴쿠버에서 어학연수를 했었으며 일본 도쿄에서 교환 학생으로도 공부를 한 경험을 가지고 있습니다. 따라서 남들은 중국어 하나만 해도 부족한 시간이라고 했던 그 시간을 어 저의 경우는 영어 중국어 일본어를 함께 공부를 했었고 따라서 어 저는 현재 영어 중국어 일본어가 자유롭게 할 수 있을 정도의 외국어 어 능력을 보유하고 있습니다. 따라서 이러한 능력들은 어 외국 사람들과의 소통이라든지 그런 부분들에도 많이 도움이 될 것으로 생각이 되면서 저 저의 개인 성향상 해외 영업이 잘 어울린다고 생각을 합니다.","wordCount":127},"emotion":[{"text":"그렇게 생각하는 이유는 제가   중국에서 어 상해에서 오 년간 유학 생활을 했었습니다.","expression":"u-fact","category":"neutral"},{"text":"또한   캐나다 밴쿠버에서 어학연수를 했었으며 일본 도쿄에서 교환 학생으로도 공부를 한 경험을 가지고 있습니다.","expression":"u-fact","category":"neutral"}],"intent":[{"text":"그렇게 생각하는 이유는 제가   중국에서 어 상해에서 오 년간 유학 생활을 했었습니다.","expression":"c_private","category":"background"},{"text":"또한   캐나다 밴쿠버에서 어학연수를 했었으며 일본 도쿄에서 교환 학생으로도 공부를 한 경험을 가지고 있습니다.","expression":"c_private","category":"background"}],"summary":{"text":"해외 영업 부서에 가보고 싶은 이유는 상해에서 유학 생활을 하면서 룸메이트가 일본 사람이었고, 기숙사 옆 방이 영국 사람이었어서 영국 사람을 통해서 영어를 같이 공부를 했던 경험을 갖고 있고, 캐나다 밴쿠버에서 어학연수를 했으며 일본 도쿄에서도 교환 학생으로 공부를 한 경험이 있기 때문입니다.","wordCount":41}}},"rawDataInfo":{"question":{"fileFormat":"wav","fileSize":628558,"duration":19640,"samplingBit":16,"channelCount":1,"samplingRate":"16kHz","audioPath":"/Mock/07.ProductionManufacturing/Male/New/ckmk_q_mm_m_n_172055.wav"},"answer":{"fileFormat":"wav","fileSize":2656078,"duration":83000,"samplingBit":16,"channelCount":1,"samplingRate":"16kHz","audioPath":"/Mock/07.ProductionManufacturing/Male/New/ckmk_a_mm_m_n_172055.wav"}}}