{"version":"1.0","dataSet":{"info":{"date":"20230116","occupation":"MM","channel":"MOCK","place":"ONLINE","gender":"MALE","ageRange":"-34","experience":"NEW"},"question":{"raw":{"text":"오늘 면접을 준비하시느라 굉장히 고생 많이 하셨습니다 혹시 어떤 방식으로 면접을 준비하셨는지 말씀해 주실 수 있을까요","wordCount":16},"emotion":[],"intent":[]},"answer":{"raw":{"text":"오늘 면접을 준비하느라고 고생을 많이 했을 텐데 어떤 방식으로 면접을 준비하셨는지 이렇게 말해 달라고 질문해 주셨는데요. 어 저는 오늘 면접을 준비할 때 어 제가 평소에 부족했던 부분들에 대해서 많이 고 노력을 했고 연습도 많이 했습니다. 일단은 질문이 대충 예상가는 질문이 다들 있다고 생각하지만 어 모든 질문을 예상하지는 못한다고 생각하고 어떤 질문이 나와도 대답할 수 있도록 어 어 뭐든 제가 생각한 질문을 혼자 거울을 보면서 어 연습을 하였고 그런 식으로 연습하다 보니 어 좀 긴장감을 덜 할 수 있는 거 같았습니다. 그리고 그 작년에 봤던 뭐 면접 예시나 이런 식을 사용해서 면접관님들에 취향 파악이나 어 저 자신한테 자신감을 불어넣을 수 있도록 혼자 연습을 많이 하면서 그리고 부모님도 어 같이 면접을 도와주시면서 많이 도와주셨구요. 그런 식으로 면접 준비를 어 했던 것 같습니다.","wordCount":120},"emotion":[],"intent":[{"text":"","expression":"","category":"attitude"}],"summary":{"text":"오늘 면접을 준비할 때 부족했던 부분들에 대해 많이 노력하고 연습을 많이 했습니다. 그리고 작년의 면접 예시나 이런 식을 사용해서 면접관님들에게 취향 파악이나 자신감을 불어넣을 수 있도록 혼자 연습을 많이 하고 부모님도 많이 도와주었습니다.","wordCount":33}}},"rawDataInfo":{"question":{"fileFormat":"wav","fileSize":339278,"duration":10600,"samplingBit":16,"channelCount":1,"samplingRate":"16kHz","audioPath":"/Mock/07.ProductionManufacturing/Male/New/ckmk_q_mm_m_n_164884.wav"},"answer":{"fileFormat":"wav","fileSize":2512718,"duration":78520,"samplingBit":16,"channelCount":1,"samplingRate":"16kHz","audioPath":"/Mock/07.ProductionManufacturing/Male/New/ckmk_a_mm_m_n_164884.wav"}}}