{"version":"1.0","dataSet":{"info":{"date":"20230116","occupation":"MM","channel":"MOCK","place":"ONLINE","gender":"MALE","ageRange":"45-54","experience":"NEW"},"question":{"raw":{"text":"지원자님께서 직장을 선택할 때 가장 중요하게 생각하는 게 세 가지 정도가 있다면 각각 무엇인지를 말씀해 주시겠어요","wordCount":16},"emotion":[],"intent":[]},"answer":{"raw":{"text":"어 직장을 선택할 때 가장 중요한 세 가지라고 하면 어 일단 저는 첫 번째로 급여를 꼽고 싶습니다. 저 역시 그 금전적 이득을 보기 위해서 그깐 봉 월급이라는 급여를 받기 위해서 회사를 다니는 것인 만큼 일단은 급여를 볼 것 같습니다. 제가 그 회사에 들어가서 정말 열심히 일했을 때 어느 정도의 급여를 받을 수 있는지 그 기준을 생각할 것 같습니다. 저는 두 번째는 그 회사의 발전 가능성을 볼 것 같습니다. 어 곧 그 회사의 비전이라고 할 수 있는데 제가 몸담고 있는 이 회사가 어 얼마나 앞으로 전망이 좋은지 얼마나 더 발전하고 그 안에서 저 역시 더불어 회사와 더불어 어 제 노력 여하에 따라 발전을 할 수 있는지를 어 볼 것 같습니다. 그리고 세 번째는 저는 그 회사 분위기라고 말씀드리고 싶습니다. 어 저는 요즘 현대사회는 어찌보면 가족보다 회사에서 동료들과 보내는 시간이 더 많습니다. 어 저는 직장생활을 하는 것인 만큼 어 급여도 중요하고 그 회사의 발전도 중요하지만 비전도 중요하지만 저는 그 회사의 분위기 얼마나 그 뭐 동료애라든지 서로 위하고 어 서로한테 도움이 되고 하는 그런 회사 분위기 역시 매우 중요하다고 생각합니다.","wordCount":167},"emotion":[],"intent":[{"text":"","expression":"","category":"attitude"}],"summary":{"text":"직장 선택 시 가장 중요한 세 가지는 급여, 회사의 발전 가능성, 회사 분위기입니다. 현대사회는 가족보다 회사에서 동료들과 보내는 시간이 더 많습니다. 급여도 중요하고 회사의 발전도 중요하지만 회사 분위기가 얼마나 동료애나 서로 위하고 서로 도움이 되는 지 또한 중요합니다.","wordCount":38}}},"rawDataInfo":{"question":{"fileFormat":"wav","fileSize":481358,"duration":15040,"samplingBit":16,"channelCount":1,"samplingRate":"16kHz","audioPath":"/Mock/07.ProductionManufacturing/Male/New/ckmk_q_mm_m_n_172648.wav"},"answer":{"fileFormat":"wav","fileSize":2900878,"duration":90650,"samplingBit":16,"channelCount":1,"samplingRate":"16kHz","audioPath":"/Mock/07.ProductionManufacturing/Male/New/ckmk_a_mm_m_n_172648.wav"}}}