{"version":"1.0","dataSet":{"info":{"date":"20230116","occupation":"MM","channel":"MOCK","place":"ONLINE","gender":"MALE","ageRange":"45-54","experience":"NEW"},"question":{"raw":{"text":"리스크 어세스먼트에 대해 설명해 주시겠어요","wordCount":5},"emotion":[],"intent":[]},"answer":{"raw":{"text":"리스크 어세스먼트란 어 위험 평가 위험성 평가라는 의미입니다. 아 유해 위험 유해를 파악하고 유해 해당 유해 위험 요인에 대한 의한 부상 또는 질병의 발생 가능성과 어 중대성을 추정 결정하고 감소 대책을 수립하여 실행하는 일련의 과정을 말합니다. 어 특히 유 유 유해 위험요인을 일으킬 잠재적 가능성이 있는 것에 고유한 특징이나 속성입니다. 유해 요인과 위험 유해를 찾아내는 과정이며 유해 유해 위험 요인이 부상 또는 질병으로 이어질 수 있는 가능성과 아 빈도 등을 의 중대성 강조 등을 강조 등을 조합한 것을 의미 의미합니다. 일반적으로 어 현실적으로는 그 허용 가능한 위험성은 현실적으로는 그 정도까지 안전 대책을 실시하는 수단이 없다든지 비용이 너무 많이 들어 비현실적인 경우가 많이 있습니다. 이와 같은 경우 그 기계 설비로부터 받는 편익 등을 고려하여 어쩔 수 없다고 보아 수용하게 되는 수준의 크기 위험성 등의 영역입니다.","wordCount":124},"emotion":[{"text":"리스크 어세스먼트란 어 위험 평가 위험성 평가라는   의미입니다.","expression":"u-fact","category":"neutral"},{"text":"아 유해 위험 유해를 파악하고 유해 해당 유해 위험   요인에 대한 의한 부상 또는 질병의 발생 가능성과   어 중대성을 추정 결정하고 감소 대책을 수립하여 실행하는 일련의 과정을 말합니다.","expression":"u-fact","category":"neutral"}],"intent":[{"text":"","expression":"","category":"attitude"}],"summary":{"text":"리스크 어세스먼트란 위험 평가 위험성 평가라는 의미입니다. 유해 위험을 파악하고 유해 위험 요인에 의한 부상 또는 질병의 발생 가능성과 중대성을 추정 결정하고 감소 대책을 수립하여 실행하는 일련의 과정을 말합니다.","wordCount":29}}},"rawDataInfo":{"question":{"fileFormat":"wav","fileSize":203278,"duration":6350,"samplingBit":16,"channelCount":1,"samplingRate":"16kHz","audioPath":"/Mock/07.ProductionManufacturing/Male/New/ckmk_q_mm_m_n_172054.wav"},"answer":{"fileFormat":"wav","fileSize":2793678,"duration":87300,"samplingBit":16,"channelCount":1,"samplingRate":"16kHz","audioPath":"/Mock/07.ProductionManufacturing/Male/New/ckmk_a_mm_m_n_172054.wav"}}}