{"version":"1.0","dataSet":{"info":{"date":"20230116","occupation":"MM","channel":"MOCK","place":"ONLINE","gender":"MALE","ageRange":"45-54","experience":"NEW"},"question":{"raw":{"text":"혹시 지원자님께서는 그동안 인생을 살아오시면서 뭔가 하나에 푹 빠져서 몰두해 보신 경험이 있는지 혹시 그런 경험이 있다면 그것이 무엇이었는지 말씀 부탁드립니다","wordCount":21},"emotion":[],"intent":[]},"answer":{"raw":{"text":"저는 이십 대 후반에 어 낚시에 미치 미쳐 있었던 적이 있었 있습니다. 어 이십 대 후반에요. 친구들과 어느 정도 낚시에 미쳐 있었냐 하면 금요일 날 퇴근을 하면 집에도 안 가고 바로 낚시터로 갑니다. 그래서 금요일 날 밤에 낚시를 하고 토요일 날 밤에 낚시를 하고 일요일 날 낮까지 낚시를 하고 집으로 돌아와서는 씻고 자고 월요일 날 다시 출근을 해서 금요일 날 저녁이 퇴근을 기다렸으며 생활을 했던 적이 있습니다. 어 당시 친구 중에 한 녀석이 그 집에 봉고차가 있어 가지고 아예 봉고차에다가 낚시 도구며 캠핑 도구를 아예 넣어 놓고 그렇게 다녔습니다. 당시에 뭐 제가 그 무슨 뭐 낚시 물고기를 잡는 데 뭐 미쳐 있었던 거 이런 건 아니고 어 저는 지금 생각해 보면 그때 그냥 그 친구들이랑 어울리는 그 분위기에 빠져 있었던 것 같습니다. 친구들이랑 뭐 마음이 맞는 친구들이랑 그런 데 가서 소주 한 잔하고 이런저런 얘기 하고 어 낚싯대 던져 놓고 커피믹스를 하나 먹으면서 뭐 사는 얘기 정말 그때는 어렸을 때 얘기지만 그렇게 얘기를 하는 것이 너무나 즐겁고 행복했습니다. 물론 지금은 그렇게 못 다니지만 지금도 그 친구들과 가끔 만나고 낚시는 여전히 저의 취미로 남아 있습니다.","wordCount":174},"emotion":[{"text":"친구들이랑 뭐 마음이 맞는 친구들이랑 그런 데 가서 소주 한 잔하고 이런저런 얘기 하고 어   낚싯대 던져 놓고 커피믹스를 하나 먹으면서 뭐 사는 얘기 정말 그때는 어렸을 때 얘기지만 그렇게 얘기를 하는 것이 너무나 즐겁고 행복했습니다.","expression":"p-happiness","category":"positive"}],"intent":[{"text":"","expression":"","category":"attitude"}],"summary":{"text":"낚시에 미쳐 있던 적이 있었습니다. 퇴근을 하면 바로 낚시터로 가서 세수를 하고 자고 월요일 날 다시 출근을 해서 금요일 날 저녁이 퇴근을 기다렸으며 생활을 했던 적이 있습니다. 당시에 그 친구들이랑 어울리는 그 분위기에 빠져 있었던 것 같습니다. 아마 지금은 그렇게 못 다니지만 지금도 그 친구들과 종종 만나고 낚시는 여전히 저의 취미로 남아 있다고 생각합니다.","wordCount":54}}},"rawDataInfo":{"question":{"fileFormat":"wav","fileSize":522958,"duration":16340,"samplingBit":16,"channelCount":1,"samplingRate":"16kHz","audioPath":"/Mock/07.ProductionManufacturing/Male/New/ckmk_q_mm_m_n_157234.wav"},"answer":{"fileFormat":"wav","fileSize":2777998,"duration":86810,"samplingBit":16,"channelCount":1,"samplingRate":"16kHz","audioPath":"/Mock/07.ProductionManufacturing/Male/New/ckmk_a_mm_m_n_157234.wav"}}}