{"version":"1.0","dataSet":{"info":{"date":"20230116","occupation":"MM","channel":"MOCK","place":"ONLINE","gender":"MALE","ageRange":"45-54","experience":"NEW"},"question":{"raw":{"text":"지금 본인이 내일 죽는다는 사실을 안다면 당장 무엇을 할 것입니까 이 면접을 끝까지 계속 보시겠습니까","wordCount":15},"emotion":[],"intent":[]},"answer":{"raw":{"text":"내일 죽는다면 나는 사실을 알게 됐다고 생각을 해보면 당연히 당황을 할 것 같은데 그래서 어 내일 죽기 때문에 오늘 당장 무엇을 할 것인가를 생각을 해 본다면 제일 처음에는 당연히 평상시 못 해봤던 평상시 못 먹어봤던 것들을 하지 않을까 생각을 했었는데 지금 다시 한 번 생각을 한다면 하루 동안 어떤 것을 할 수 있을까 라는 생각에 다다르면서 마치 몰랐던 것처럼 오늘의 일반적인 하루를 담담하게 하지만 즐겁게 고맙게 생각을 하면서 지낼 것 같습니다. 지금 당장 해외로 나간다든가 먼 곳을 같은가 만나고 싶은 사람을 만나더라도 하루 안에 모든 걸 처리할 수는 없다고 생각을 합니다. 내일 죽는 나는 것을 알게 됐다는 것도 제 운명으로 받아들이고 평범하게 대신에 즐겁게 하루를 시작할 것 같습니다.","wordCount":108},"emotion":[],"intent":[{"text":"","expression":"","category":"attitude"}],"summary":{"text":"내일 죽으면 오늘 당장 무엇을 할 것인가를 생각하며 하루 동안 무엇을 할 수 있을까 라는 생각을 하며 즐겁게 지낼 것 같습니다. 내일 죽는 저는 제 운명으로 받아들이고 평범하게 대신에 즐겁게 하루를 시작할 것 같습니니다.","wordCount":34}}},"rawDataInfo":{"question":{"fileFormat":"wav","fileSize":380238,"duration":11880,"samplingBit":16,"channelCount":1,"samplingRate":"16kHz","audioPath":"/Mock/07.ProductionManufacturing/Male/New/ckmk_q_mm_m_n_163275.wav"},"answer":{"fileFormat":"wav","fileSize":2663758,"duration":83240,"samplingBit":16,"channelCount":1,"samplingRate":"16kHz","audioPath":"/Mock/07.ProductionManufacturing/Male/New/ckmk_a_mm_m_n_163275.wav"}}}