{"version":"1.0","dataSet":{"info":{"date":"20230116","occupation":"MM","channel":"MOCK","place":"ONLINE","gender":"MALE","ageRange":"45-54","experience":"NEW"},"question":{"raw":{"text":"혹시 시간이 남을 때는 무슨 일을 하나요 그리고 왜 그 일을 하는지 그 이유도 같이 설명해 주시겠어요","wordCount":17},"emotion":[],"intent":[]},"answer":{"raw":{"text":"시간이 남는 경우에는 저는 아 제가 관심 있어 하는 여러 가지 키워드들이 있는데요. 트 키워드들을 늘 공부를 하던가 아 계속 그 관련된 부분들에 관심을 갖고 어 가 있습니다. 특히 언어 배우기 여행하기 운동하기 역사 공부하기 등은 제가 시간이 남을 때마다 하는 여러 가지 관심사이면서 취미인데요. 외국어의 경우는 저의 경우 저는 영어 일본어 중국어를 자유롭게 구사할 정도의 외국어 실력을 갖고 있습니다. 최근에는 스마 스페인어에 관심을 가지고 어 온라 온라인을 통해서 일 년 정도 공부를 해 오고 있습니다. 역사와 관련된 부분은 관광통역 안내사 중국어와 문화유산 해설사 자격증을 보유하고 있으며 연구원으로서 취미생활도 계속 하고 있습니다. 운동의 경우는 헬스를 비롯해서 골프 농구 탁구 음 당구 등을 틈틈이 즐기고 있습니다. 또한 여행 관련된 부분 또한 제가 어 좋아하는 부분 중의 하나라 계속 관심을 가지고 공부하고 있습니다.","wordCount":121},"emotion":[],"intent":[{"text":"","expression":"","category":"attitude"}],"summary":{"text":"저는 시간이 날 때마다 언어 배우기, 여행하기, 역사 공부하기 등의 키워드에 관심을 갖습니다. 특히 언어는 영어, 일본어, 중국어를 자유롭게 구사하고, 역사는 관광통역 안내사, 중국어, 문화유산 해설사 자격증을 보유하고, 운동은 헬스, 골프, 탁구, 음 당구 등에 관심을 두고 있습니다.","wordCount":38}}},"rawDataInfo":{"question":{"fileFormat":"wav","fileSize":281678,"duration":8800,"samplingBit":16,"channelCount":1,"samplingRate":"16kHz","audioPath":"/Mock/07.ProductionManufacturing/Male/New/ckmk_q_mm_m_n_157225.wav"},"answer":{"fileFormat":"wav","fileSize":2765198,"duration":86410,"samplingBit":16,"channelCount":1,"samplingRate":"16kHz","audioPath":"/Mock/07.ProductionManufacturing/Male/New/ckmk_a_mm_m_n_157225.wav"}}}