{"version":"1.0","dataSet":{"info":{"date":"20230116","occupation":"MM","channel":"MOCK","place":"ONLINE","gender":"MALE","ageRange":"45-54","experience":"NEW"},"question":{"raw":{"text":"시험 기간 그리고 시간이 촉박할 때가 굉장히 많은데요 그렇게 시간이 많이 없고 스케줄이 바쁜 상황에서 지원자분께서는 어떤 방식으로 시간 관리를 하려고 하셨는지 시간 관리법이 저희는 궁금합니다","wordCount":26},"emotion":[],"intent":[]},"answer":{"raw":{"text":"시험 시간 관리를 하는 방법 시간 관리를 하는 방법은 시간이 한정되어 있는 상황에서 여러 가지 과목을 해야 된다고 생각을 한다면 본인이 강한 과목 특히 저의 경우는 국어와 영어 역사가 강하고요. 약한 부분은 수학과 물리 쪽 관련된 부분이 약했었기 때문에 저의 경우는 평균적으로 점수를 좀 더 높힐 수 있는 가능성을 판단 후 그 부 분야에 대해서 어떻게 관리를 할지 시험에 안배를 할지에 대한 부분들을 결정을 합니다. 일반적으로는 수학이나 물리 쪽에서 점수를 올리는 것보다는 국어 어 영어 역사 등으를 우선적으로 하고요. 그 그런 부분이 어느 정도 달성이 됐다고 생각을 하면 그 이외의 시간을 수학이나 물리 약한 부분에다가 아 안배를 하는 경우들이 많이 있었습니다. 물론 약한 부분을 좀만 더 공부하면 점수를 올릴 수 있지 않을까 라는 생각을 한 적도 있었지만 제가 그동안 시험을 여러분 처본 결과로는 자기가 강한 부분에 대해서 더 완벽하게 하면서 나머지 시간에 약한 부분 쪽을 하는 것이 더 효율적 효율적이라고 생각합니다.","wordCount":141},"emotion":[],"intent":[{"text":"","expression":"","category":"attitude"}],"summary":{"text":"제가 그동안 시험을 여러번 응시해 본 결과로는 시간 한정 상황에서 자신이 강한 부분에 대해서 더 완벽하게 하면서 나머지 시간에 약한 부분 쪽을 학습하는 것이 더 효율적이라고 생각합니다.","wordCount":27}}},"rawDataInfo":{"question":{"fileFormat":"wav","fileSize":641038,"duration":20030,"samplingBit":16,"channelCount":1,"samplingRate":"16kHz","audioPath":"/Mock/07.ProductionManufacturing/Male/New/ckmk_q_mm_m_n_160736.wav"},"answer":{"fileFormat":"wav","fileSize":2623438,"duration":81980,"samplingBit":16,"channelCount":1,"samplingRate":"16kHz","audioPath":"/Mock/07.ProductionManufacturing/Male/New/ckmk_a_mm_m_n_160736.wav"}}}