{"version":"1.0","dataSet":{"info":{"date":"20230116","occupation":"MM","channel":"MOCK","place":"ONLINE","gender":"MALE","ageRange":"-34","experience":"NEW"},"question":{"raw":{"text":"지원자님은 주로 시간이 남을 때 무엇을 하시나요 또한 그 일을 하는 이유에 대해서도 함께 설명해 주실 수 있을까요","wordCount":18},"emotion":[],"intent":[]},"answer":{"raw":{"text":"시간이 남을 때 저는 항상 영어 회화 공부를 하고 있습니다. 이 회사에 입사하기 위해서 영어 회화 공부를 어 시작하였고 어 그리고 영어 회화 시험인 오픽 시험에서 에이엘 이라는 가장 높은 등급을 받아 받았습니다. 어 이런 과정 속에 있어서 어 높은 등급을 받고 그 조금은 자신감을 얻었으며 이런 자신감이 현재는 흥미로 이어졌습니다. 때문에 이런 흥미들이 어 저희 취미가 되었고 때문에 현재는 항상 시간이 남는다면 영어 회화 공부를 진행하고 있습니다. 어 이런 영어 회화 공부는 제가 이 당사에 취업을 하게 된다면 어 여러 가지의 쓰임이 있을 것 같은데 그 이유는 현재 당사가 해외로 여러 가지의 사업을 펼치고 있는 것으로 알고 있습니다. 그런 데 있어서 필수 항목인 영어 회화를 저도 저에 능력으로 갖춘다면 회사에 큰 도움이 될 수 있을 거라 생각을 했고 그리고 현재 그런 일들을 그런 것들을 어 항상 시간이 남을 때마다 보완할려고 보충할려고 노력을 하고 있는 것 같습니다.","wordCount":137},"emotion":[],"intent":[{"text":"시간이 남을 때 저는 항상 영어 회화 공부를 하고 있습니다.","expression":"c_imp","category":"personality"},{"text":"이 회사에 입사하기 위해서 영어 회화 공부를 어 시작하였고 어 그리고 영어 회화 시험인 오픽 시험에서 에이엘 이라는 가장 높은 등급을 받아 받았습니다.","expression":"c_imp","category":"personality"},{"text":"때문에 이런 흥미들이 어 저희 취미가 되었고 때문에 현재는 항상 시간이 남는다면 영어 회화 공부를 진행하고 있습니다.","expression":"c_imp","category":"personality"}],"summary":{"text":"저는 현재 영어 회화 시험인 오픽 시험에서 에이엘 등급을 받아 영어 회화 공부를 하고 있습니다. 당사에 취업하게 되면 여러 가지의 쓰임이 있을 것 같은데 그 이유는 현재 당사가 해외로 여러가지의 사업을 펼치고 있고, 그에 있어 필수 항목인 영어 회화를 능력으로 갖춘다면 회사에 큰 도움이 될 수 있을 거라고 생각했기 때문입니다.","wordCount":50}}},"rawDataInfo":{"question":{"fileFormat":"wav","fileSize":542158,"duration":16940,"samplingBit":16,"channelCount":1,"samplingRate":"16kHz","audioPath":"/Mock/07.ProductionManufacturing/Male/New/ckmk_q_mm_m_n_188596.wav"},"answer":{"fileFormat":"wav","fileSize":2714958,"duration":84840,"samplingBit":16,"channelCount":1,"samplingRate":"16kHz","audioPath":"/Mock/07.ProductionManufacturing/Male/New/ckmk_a_mm_m_n_188596.wav"}}}