{"version":"1.0","dataSet":{"info":{"date":"20230116","occupation":"MM","channel":"MOCK","place":"ONLINE","gender":"MALE","ageRange":"-34","experience":"NEW"},"question":{"raw":{"text":"만약에 일을 하던 중에 어 하고 있는 직무가 적성에 맞지 않는다고 생각이 든다면 어떻게 하시겠습니까 상황을 가정하고 말씀 부탁드리겠습니다","wordCount":19},"emotion":[],"intent":[]},"answer":{"raw":{"text":"어떻게 하긴요. 그만뒀죠 네 그래서 그만뒀잖아요 제가 업무가 맞지 않아서. 네 그냥 저는 그 정말 흔한 표현이지만 그 쳇바퀴 같은 생활 그 굴레가 정말 정말 힘들었어요. 네 아침에 일어나서 어 몇 시쯤에는 씻고 나와야지 이 정도 시간이 돼야 되고 어 이 정도쯤은 집에서 출발을 해야 되고 몇 분 열차를 타고 뭐 몇 번 버스를 타고 몇 분쯤에는 건물 앞에 도착을 해야 되고 몇 분에는 출근 완료 요런 식의 그냥 나만이 아는 그 나의 생활의 루틴 그 그 숫자가 정해져 있는 나의 생활 전체 그리고 평일에만 정해져 있는 나의 생활 이런 여러 가지 것들이 그냥 저를 옥죄어 왔었고 일보다는 어떤 어떤 그런 구조에 제가 조금 숨이 막혔던 것 같아요. 그래서 네 저는 그냥 깔끔하게 그만뒀고 전혀 후회가 없습니다. 저는 너무 좋아요 지금이 훨씬 만족스러워요.","wordCount":123},"emotion":[{"text":"저는 너무 좋아요 지금이    훨씬 만족스러워요.","expression":"p-happiness","category":"positive"}],"intent":[{"text":"","expression":"","category":"attitude"}],"summary":{"text":"업무가 맞지 않아 그만둔 저는 저의 생활의 굴레가 너무 힘들었고 평일에만 정해져 있는 저의 생활이 너무 옥죄어 왔었고 일보다는 어떤 어떤 구조에 숨이 막혔던 것 같습니다. 그래서 저는 그냥 단순하게 그만뒀고 전혀 후회가 없습니다.","wordCount":34}}},"rawDataInfo":{"question":{"fileFormat":"wav","fileSize":422478,"duration":13200,"samplingBit":16,"channelCount":1,"samplingRate":"16kHz","audioPath":"/Mock/07.ProductionManufacturing/Male/New/ckmk_q_mm_m_n_179488.wav"},"answer":{"fileFormat":"wav","fileSize":2862158,"duration":89440,"samplingBit":16,"channelCount":1,"samplingRate":"16kHz","audioPath":"/Mock/07.ProductionManufacturing/Male/New/ckmk_a_mm_m_n_179488.wav"}}}