{"version":"1.0","dataSet":{"info":{"date":"20230116","occupation":"MM","channel":"MOCK","place":"ONLINE","gender":"MALE","ageRange":"45-54","experience":"NEW"},"question":{"raw":{"text":"본인의 장점 그리고 단점이 있다면 말씀해 주시구요 그것을 어떻게 특화시켰고 단점은 어떻게 보완해 나갔는지 노력을 했다면 그것도 말씀을 해 주시기 바랍니다","wordCount":21},"emotion":[],"intent":[]},"answer":{"raw":{"text":"저의 장점은 솔직함입니다. 그런데 이 솔직함은 정말 쉽지가 않습니다. 장점이자 어떻게 보면 단점이 될 수도 있습니다. 왜냐하면 사람들을 대할 때 솔직하게 대하면 그 다음에 오는 문제들은 별로 없습니다. 거짓말을 했을 때 그 거짓말을 숨기기 위해 여러 가지 변명들이나 다른 핑계들이 많이 생기겠지만 솔직함은 그런 문제는 없습니다. 하지만 단점이라고 얘기한 것은 지나치게 솔직하다 보면 상대방의 마음을 다치게 할 수가 있습니다. 이러한 장점이자 단점을 저는 극복하기 위해서 독서를 많이 했습니다. 그래서 그 분위기를 파악하고 어떻게 하면 그 사람의 마음을 다치지 않게 우회적으로 하지만 거짓없이 솔직하게 할 수 있는 그런 화법에 대한 그런 공부를 저는 많이 하고요. 지금도 많이 하고 있습니다.","wordCount":98},"emotion":[],"intent":[{"text":"저의 장점은 솔직함입니다.","expression":"c_person","category":"background"}],"summary":{"text":"사람들을 대할 때 솔직하게 대하면 다음 문제들은 별로 없으나 지나치게 솔직하다 보면 상대방의 마음을 다치게 할 수가 있습니다. 이러한 장점과 단점을 극복하기 위해서 독서를 많이 했고, 그 분위기를 파악하고 우회적으로 그 사람의 마음을 솔직한 화법에 대한 공부를 많이 합니다.","wordCount":39}}},"rawDataInfo":{"question":{"fileFormat":"wav","fileSize":542158,"duration":16940,"samplingBit":16,"channelCount":1,"samplingRate":"16kHz","audioPath":"/Mock/07.ProductionManufacturing/Male/New/ckmk_q_mm_m_n_176699.wav"},"answer":{"fileFormat":"wav","fileSize":2394958,"duration":74840,"samplingBit":16,"channelCount":1,"samplingRate":"16kHz","audioPath":"/Mock/07.ProductionManufacturing/Male/New/ckmk_a_mm_m_n_176699.wav"}}}