{"version":"1.0","dataSet":{"info":{"date":"20230116","occupation":"MM","channel":"MOCK","place":"ONLINE","gender":"MALE","ageRange":"45-54","experience":"NEW"},"question":{"raw":{"text":"공동체의 가치에 입각하여 어 무형문화유산의 보호에 있어서 적용되는 사회적 관념이 무엇이라고 생각하십니까","wordCount":12},"emotion":[],"intent":[]},"answer":{"raw":{"text":"어 저는 좀 사회적 관념이 바뀌어야 된다라고 생각을 합니다. 우리는 실지로 눈에 보이는 것 손에 잡혀지는 것을 데 대해서는 어 소중하게 여기는 반면 눈에 보이지 않는 것 어 이런 무형 문화재에 대해서는 약간 어 등한시 하는 경향이 있습니다. 어 실질적으로 보면 뭐 고려청자 백자 이런 것은 무척 아끼고 그 가치에 대해서 높게 인정을 하지만 어 무형 문화재 사람에서 사람으로 전달되는 그런 기술이나 이런 것들에 대해서는 그 값어치나 그 그 사람들에 대한 존중에서 어 많이 등한시 하는 것을 등한시 한다고 느낍니다. 어찌보면 유형 문화재보다 무형 문화재는 더 보존되고 더 높이 사야 될 가치입니다. 이것은 어 사람에서 사람으로 전달되다 보니 만에 하나라도 그 전수자가 그것을 그 무형 문화재를 보유하신 분이 돌아가시게 되면 뭐 불의에 사고나 이런 걸로 돌아가시게 되면 그 무형 문화재는 그 맥이 끊겨 버리는 수가 있습니다. 어 이들에 무형 문화재를 그 전수하고 이것을 보존하시는 분들에 대해서는 사회적으로나 국가적으로서 마땅한 보호하고 그 대가를 인정해 줘야 한다고 생각합니다.","wordCount":146},"emotion":[{"text":"어찌보면 유형 문화재보다 무형 문화재는 더 보존되고 더 높이 사야 될 가치입니다.","expression":"u-belief","category":"neutral"},{"text":"어 이들에 무형 문화재를 그 전수하고 이것을 보존하시는 분들에 대해서는 사회적으로나 국가적으로서 마땅한 보호하고 그 대가를 인정해 줘야 한다고 생각합니다.","expression":"u-belief","category":"neutral"}],"intent":[{"text":"어 이들에 무형 문화재를 그 전수하고 이것을 보존하시는 분들에 대해서는 사회적으로나 국가적으로서 마땅한 보호하고 그 대가를 인정해 줘야 한다고 생각합니다.","expression":"c_value","category":"background"}],"summary":{"text":"눈에 보이는 것에 대해서는 소중히 여기는 반면 눈에 보이지 않는 무형 문화재에 대해서는 등한시하는 경향이 있습니다. 유형 문화재보다 무형문화재는 더 보존되고 더 높이 유지해야 할 가치입니다. 이를 보존하고 보존하시는 분들을 보호하고 그 대가를 인정해 줘야 한다고 생각합니다.","wordCount":37}}},"rawDataInfo":{"question":{"fileFormat":"wav","fileSize":441998,"duration":13810,"samplingBit":16,"channelCount":1,"samplingRate":"16kHz","audioPath":"/Mock/07.ProductionManufacturing/Male/New/ckmk_q_mm_m_n_164028.wav"},"answer":{"fileFormat":"wav","fileSize":2843598,"duration":88860,"samplingBit":16,"channelCount":1,"samplingRate":"16kHz","audioPath":"/Mock/07.ProductionManufacturing/Male/New/ckmk_a_mm_m_n_164028.wav"}}}