{"version":"1.0","dataSet":{"info":{"date":"20230116","occupation":"MM","channel":"MOCK","place":"ONLINE","gender":"MALE","ageRange":"35-44","experience":"NEW"},"question":{"raw":{"text":"규칙적 업무 수행을 잘 하기 위한 본인만의 방법이나 노하우가 있다면 설명해 주실 수 있습니까","wordCount":14},"emotion":[],"intent":[]},"answer":{"raw":{"text":"네 저는 업무 수행뿐만 아니라 평소에도 조금 규칙적으로 생활을 하기 위해서 매일 밤 자기 전 다음날에 타임 테이블을 짜고 자곤 합니다. 어 너무 빡빡한 거 아니냐고 인제 주위 사람들 중에 간혹 말씀하시는 분들은 있는데 어 저는 성격상 제가 계획하고 음 짜둔 어떤 플랜에서 벗어나거나 늦춰지거나 실패하는 그런 것들을 굉장히 싫어하기 때문에 저는 좀 타임 테이블을 짜서 어 그거에 맞춰서 생활하는 편입니다. 어 좀 심했을 때는 그 타임 테이블에 맞춰서 알람을 계속 설정해 놨을 때도 있는데요. 어 그거는 제가 봤을 때 좀 주위 사람들에게 피해를 주는 것 같아서 지금은 그 정도는 하고 있지 않고 타임 테이블을 짜서 인제 들고 다니면서 어 그거에 맞춰서 저 혼자 항상 확인하면서 맞춰서 계획적으로 살아갈려고 노력하고 있습니다. 어 생활도 이렇게 하는 편이기 때문에 업무에 관해서는 규칙적으로 잘 해낼 수 있다고 누구보다 자신하고 있습니다.","wordCount":127},"emotion":[],"intent":[{"text":"네 저는 업무 수행뿐만 아니라 평소에도 조금 규칙적으로 생활을 하기 위해서 매일 밤 자기 전 다음날에 타임 테이블을 짜고 자곤 합니다.","expression":"f_cons","category":"attitude"},{"text":"어   너무 빡빡한 거 아니냐고 인제 주위 사람들 중에 간혹 말씀하시는 분들은 있는데 어 저는 성격상 제가 계획하고   음 짜둔 어떤 플랜에서 벗어나거나 늦춰지거나 실패하는   그런 것들을 굉장히 싫어하기 때문에 저는 좀 타임 테이블을 짜서   어 그거에 맞춰서 생활하는 편입니다.","expression":"f_cons","category":"attitude"}],"summary":{"text":"업무 수행뿐만 아니라 평소에도 조금 규칙적으로 생활을 하기 위해서 매일 밤 자기 전 다음날에 타임 테이블을 짜고 자곤 합니다. 성격상 제가 짜둔 어떤 플랜에서 벗어나거나 늦춰지거나 실패하는 것들을 굉장히 싫어하기 때문에 저는 좀 타임 테이블에 맞춰서 생활하는 편입니다.","wordCount":38}}},"rawDataInfo":{"question":{"fileFormat":"wav","fileSize":330958,"duration":10340,"samplingBit":16,"channelCount":1,"samplingRate":"16kHz","audioPath":"/Mock/07.ProductionManufacturing/Male/New/ckmk_q_mm_m_n_160059.wav"},"answer":{"fileFormat":"wav","fileSize":2596238,"duration":81130,"samplingBit":16,"channelCount":1,"samplingRate":"16kHz","audioPath":"/Mock/07.ProductionManufacturing/Male/New/ckmk_a_mm_m_n_160059.wav"}}}