{"version":"1.0","dataSet":{"info":{"date":"20230116","occupation":"MM","channel":"MOCK","place":"ONLINE","gender":"MALE","ageRange":"45-54","experience":"NEW"},"question":{"raw":{"text":"지원자님께서 생각하시기에 자신의 노년은 어떤 모습이었으면 좋겠는지 이상적인 노년의 모습을 말씀해 주세요","wordCount":12},"emotion":[],"intent":[]},"answer":{"raw":{"text":"어 그 노년을 언제까지로 봐야 될 언제부터로 봐야 될지는 잘 모르겠지만 예를 들어서 저는 십 년 후에도 이 회사에서 제 일이 있었으면 좋겠습니다. 어 십 년 뒤에도 이 회사에서 제 일이 있다면 어 저는 정말 행복한 노년을 보낼 수 있을 것 같습니다. 어 저는 개인적으로 우리나라에 그 정년 퇴직 제도가 너무 이른 나이에 이루어진다 라는 생각을 하고 있습니다. 어찌 보면 오십 대 후반이면 가장 많은 노하우를 쌓고 경험을 쌓아서 이 일에서 가장 베테랑이 돼 있을 시기인데 그 당시에 어 퇴직을 하게 된다면 그 후 사람이 갖고 있는 노하우와 기술은 바로 사장되는 것이기 때문입니다. 요즘 사회는 고령화 시대를 지나 초고령화 시대로 접어들었습니다. 점점 태어나는 아이는 없고 일할 수 있 사회에서 일할 수 있는 사람들도 줄어들고 있습니다. 저는 노인 복지도 이거와 연결이 된다고 생각합니다. 그들에게 그 정년 퇴직하는 사람들에게 일자리를 줌으로써 그 이 사람들이 열심히 일할 수 있는 것 자체가 그 노인 복지에 가장 큰 혜택이라고 저는 생각하고 있습니다. 그래서 저는 어 그때도 십 년 뒤에도 제가 일을 할 수 있는 제 모습이 이라면 저는 참 행복할 것 같습니다.","wordCount":167},"emotion":[{"text":"그들에게 그 정년 퇴직하는 사람들에게 일자리를 줌으로써 그 이 사람들이 열심히 일할 수 있는 것 자체가 그 노인 복지에 가장 큰 혜택이라고 저는 생각하고 있습니다.","expression":"u-belief","category":"neutral"}],"intent":[{"text":"","expression":"","category":"attitude"}],"summary":{"text":"요즘 사회는 초고령화 시대로 접어들었고 일할 수 있는 사람들도 줄어들고 있습니다. 노인 복지도 이것과 연결되어 있다고 생각합니다. 정년 퇴직하는 사람들에게 일자리를 주어 열심히 일할 수 있도록 하는 것이 노인 복지에 가장 큰 혜택이라고 생각합니다. 그때 십 년 뒤에도 제가 일을 할 수 있다면 참 행복할 것 같습니다.","wordCount":47}}},"rawDataInfo":{"question":{"fileFormat":"wav","fileSize":345678,"duration":10800,"samplingBit":16,"channelCount":1,"samplingRate":"16kHz","audioPath":"/Mock/07.ProductionManufacturing/Male/New/ckmk_q_mm_m_n_157472.wav"},"answer":{"fileFormat":"wav","fileSize":2917198,"duration":91160,"samplingBit":16,"channelCount":1,"samplingRate":"16kHz","audioPath":"/Mock/07.ProductionManufacturing/Male/New/ckmk_a_mm_m_n_157472.wav"}}}