{"version":"1.0","dataSet":{"info":{"date":"20230116","occupation":"MM","channel":"MOCK","place":"ONLINE","gender":"MALE","ageRange":"45-54","experience":"NEW"},"question":{"raw":{"text":"개인적으로 공부를 어떻게 하시는지 말씀해 주세요 강의나 책을 활용한 공부법을 말씀해 주셔도 좋습니다","wordCount":13},"emotion":[],"intent":[]},"answer":{"raw":{"text":"어 개인적으로 공부는 요즘은 뭐 강의나 뭐 책 같은 것보다는 어 유튜브를 보고 공부를 좀 많이 하는 스타일이에요. 어 최근 그 다른 상식은 좀 좀 넓고 깊은 데 그 전 주식적 지식이 좀 많이 없다고 생각을 해서 어 최근에 주식 쪽 공부를 좀 시작을 했고 어 주로 그 강의나 책보다는 유투브를 보면서 그 구독을 해 놓고 어 그 강사들의 어 강의를 주로 많이 듣는 편이고 그게 저한테는 훨씬 더 맞는다고 그렇게 생각이 돼 그렇게 돼서 그렇게 공부하고 있습니다. 이상입니다.","wordCount":79},"emotion":[],"intent":[{"text":"","expression":"","category":"attitude"}],"summary":{"text":"개인적으로 공부는 강의나 책보다 유튜브를 보는 스타일입니다. 최근에 주식적 지식이 부족해서 주식 쪽 공부를 시작했고 주로 유투브를 통해 강사들의 강의를 듣고 있습니다.","wordCount":22}}},"rawDataInfo":{"question":{"fileFormat":"wav","fileSize":326478,"duration":10200,"samplingBit":16,"channelCount":1,"samplingRate":"16kHz","audioPath":"/Mock/07.ProductionManufacturing/Male/New/ckmk_q_mm_m_n_167434.wav"},"answer":{"fileFormat":"wav","fileSize":1722318,"duration":53820,"samplingBit":16,"channelCount":1,"samplingRate":"16kHz","audioPath":"/Mock/07.ProductionManufacturing/Male/New/ckmk_a_mm_m_n_167434.wav"}}}