{"version":"1.0","dataSet":{"info":{"date":"20230116","occupation":"MM","channel":"MOCK","place":"ONLINE","gender":"MALE","ageRange":"35-44","experience":"NEW"},"question":{"raw":{"text":"지원자님께서 이제 일을 하다가 팀원들과 불화가 발생을 했어요 그러면 어떻게 해결하실지 그 해결법과 왜 그렇게 해결했는지에 대한 이유를 말씀해 주세요","wordCount":20},"emotion":[],"intent":[]},"answer":{"raw":{"text":"모든 업무를 하다보면 팀원 또는 구성원들 간의 갈등이나 불화가 생길 수 밖에 없습니다. 특히나 각 팀원들마다 각자 자신의 개성이 있고 업무의 스타일이 있기 때문에 그것을 한 번에 맞추기란 쉽지 않습니다. 팀원 간의 불화가 생겼을 때 가장 먼저 그에게 찾아가 나에게 불편한 점이 무엇이냐 우리 간의 불편한 점을 어떤 걸 해결하면 해결 해소될 수 있는지를 자연스럽게 얘기하면서 커뮤니케이션을 할 것입니다. 그렇게 소통을 하다보면 그 사람이 나에 대한 불만을 얘기할 것이고 그 불만을 가지고 서로 논의를 하고 내가 조금 더 양보하면 그 사람도 양보한 것 동시에 해결점을 찾을 수 있습니다. 만약 그렇게 해도 해결점을 찾지 못한다면 저의 직장 동료 또는 상사 매니저에게 찾아가서 이러이러한 문제점이 있는데 어떤 해결점이 있는지 조언을 구할 것입니다. 어차피 팀원이 저랑 같은 직급이면 제 말보다는 선배 또는 매니저의 말을 더 들을 것이고 매니저의 말도 안 듣는다면 그 윗선까지 올라가서 해결점을 찾아보고 해결점을 찾을 수 없다면 그때는 부서를 서로 다른 곳으로 배치하든지 업무를 같이 하지 않는 방법을 제안하는 것도 하나의 방법일 것 같습니다.","wordCount":154},"emotion":[],"intent":[{"text":"팀원 간의 불화가 생겼을 때 가장 먼저 그에게 찾아가 나에게 불편한 점이 무엇이냐 우리 간의 불편한 점을 어떤 걸 해결하면 해결 해소될 수 있는지를 자연스럽게 얘기하면서 커뮤니케이션을 할 것입니다.","expression":"c_confl_mg","category":"personality"},{"text":"그렇게 소통을 하다보면 그 사람이 나에 대한 불만을 얘기할 것이고 그 불만을 가지고 서로 논의를 하고 내가 조금 더 양보하면 그 사람도 양보한 것   동시에 해결점을 찾을 수 있습니다.","expression":"c_confl_mg","category":"personality"},{"text":"만약 그렇게 해도 해결점을 찾지 못한다면 저의 직장 동료   또는 상사 매니저에게 찾아가서 이러이러한 문제점이 있는데 어떤 해결점이 있는지 조언을 구할 것입니다.","expression":"c_confl_mg","category":"personality"},{"text":"어차피 팀원이 저랑 같은 직급이면 제 말보다는   선배 또는 매니저의 말을 더 들을 것이고 매니저의 말도 안 듣는다면 그 윗선까지 올라가서 해결점을 찾아보고 해결점을 찾을 수 없다면   그때는 부서를 서로 다른 곳으로 배치하든지 업무를 같이 하지 않는 방법을 제안하는 것도 하나의 방법일 것 같습니다.","expression":"c_confl_mg","category":"personality"}],"summary":{"text":"모든 업무를 하다보면 팀원이나 구성원들 간에 갈등이나 불화가 생길 수 밖에 없습니다. 불화가 생겼을 때 가장 먼저 그에게 찾아가 불편한 점이 무엇이냐, 해결하면 해결 될 수 있는지를 얘기하면서 커뮤니케이션을 할 것입니다. 그렇게 소통을 하다보면 그 사람이 나에 대한 불만을 얘기하고 제가 조금 더 양보하면 그 사람도 양보한 것 동시에 해결점을 찾을 수 있습니다.","wordCount":53}}},"rawDataInfo":{"question":{"fileFormat":"wav","fileSize":544398,"duration":17010,"samplingBit":16,"channelCount":1,"samplingRate":"16kHz","audioPath":"/Mock/07.ProductionManufacturing/Male/New/ckmk_q_mm_m_n_159681.wav"},"answer":{"fileFormat":"wav","fileSize":2413838,"duration":75430,"samplingBit":16,"channelCount":1,"samplingRate":"16kHz","audioPath":"/Mock/07.ProductionManufacturing/Male/New/ckmk_a_mm_m_n_159681.wav"}}}