{"version":"1.0","dataSet":{"info":{"date":"20230116","occupation":"MM","channel":"MOCK","place":"ONLINE","gender":"MALE","ageRange":"45-54","experience":"NEW"},"question":{"raw":{"text":"지원자님께서 평소에 검색을 자주 하시는 편인가요 어떤 검색을 자주 하시는지 왜 하시는지 알고 싶습니다","wordCount":14},"emotion":[],"intent":[]},"answer":{"raw":{"text":"네 저는 평소에 검색을 정말 많이 합니다. 뭐 티비를 보다가 아니면 동료와 얘기를 하다가 뉴스를 보다가 아니 뭐 인터넷 기사나 신문을 보다가 제가 낯설고 처음 보는 단어라든지 용어 이런 것들이 나오면 저는 바로 즉시 그 핸드폰으로 검색을 해보고 아 이게 이런 뜻이었구나 하고 인제 그 전체적인 맥락을 이해하는 편입니다. 저는 심지어 티비에서 맛집이 나와도 그걸 검색해 봅니다. 어 어디 위치는 어디에 있는지 이 식당에 뭐 시그니처 메뉴는 뭔지 그리고 뭐 가격은 얼마인지 등등에 검색을 했다가 혹시라도 정말 제가 그 근처 간다 라든지 했을 때는 직접 가 봅니다. 가서 먹어보고 저는 거기에 대한 뭐 글도 사이트를 찾아가서 남깁니다. 뭐 저만의 뭐 그 루팅이라고 그래야 되나 뭐 이 뭐는 좋고 뭐는 안 좋다 저는 이렇게 평가하는 것도 되게 좋아합니다. 이것은 저는 개인적으로 제가 비즈니스 하거나 대인 관계를 유지하는 데 매우 도움이 된다고 생각을 합니다. 뭐 경제 용어라든지 이런 거는 뭐 새로이 나오는 것도 있고 제가 모르는 게 너무나 많습니다. 그럴 때마다 뉴스를 볼 때 그러게 무슨 뜻인지를 이해하고 넘어가는 것은 저 개인한테도 되게 큰 도움이 된다라고 생각을 합니다 소위 요즘 젊은 엠지 세대에서 하는 뭐 신세대 말 이런 것도 제가 알고 있음으로써 그들과의 관계를 유지하는 데 매우 도움이 된다고 생각합니다.","wordCount":188},"emotion":[],"intent":[{"text":"","expression":"","category":"attitude"}],"summary":{"text":"저는 평소 검색을 자주 하는데, 티비나 신문, 티비에서 맛집을 검색하거나 직접 가보고 평가하기도 합니다. 이것은 비즈니스나 대인 관계를 유지하는 데 매우 도움이 된다고 생각하며, 젊은 엠지 세대의 말, 경제 용어 등 새로운 것을 알 때 이를 이해하는 것은 저 개인에게도 큰 도움을 준다고 생각합니다.","wordCount":44}}},"rawDataInfo":{"question":{"fileFormat":"wav","fileSize":492238,"duration":15380,"samplingBit":16,"channelCount":1,"samplingRate":"16kHz","audioPath":"/Mock/07.ProductionManufacturing/Male/New/ckmk_q_mm_m_n_160092.wav"},"answer":{"fileFormat":"wav","fileSize":2899918,"duration":90620,"samplingBit":16,"channelCount":1,"samplingRate":"16kHz","audioPath":"/Mock/07.ProductionManufacturing/Male/New/ckmk_a_mm_m_n_160092.wav"}}}