{"version":"1.0","dataSet":{"info":{"date":"20230116","occupation":"MM","channel":"MOCK","place":"ONLINE","gender":"MALE","ageRange":"45-54","experience":"NEW"},"question":{"raw":{"text":"어 이제 입사를 하 해서 본인이 하고 싶은 업무가 있다면 말씀을 좀 해 주시고요 어 이유와 함께 왜 그 업무를 해야 하는지 말씀을 좀 부탁드리겠습니다","wordCount":25},"emotion":[],"intent":[]},"answer":{"raw":{"text":"제가 회사에 들어와서 하고 싶은 업무는 어 해외 영업 업무입니다. 기존에 제가 중국 상해에서 오 년간 유학 생활을 하면서 어 글로벌 인재로서 갖춰야 될 부분들 특히 소통의 부분 외국어의 능력 외국어 능력 부분 그리고 외국 사람들과의 대화 속에서 상대방을 설득하는 방법 여러 가지 많은 경험을 했다고 생각을 합니다. 따라서 어 물론 중국어만 중국에 있었다고 해서 중국어만 할 수 있는 것은 아니고요. 다른 사람 다른 사람들과 차별화를 두기 위해서 남들은 영어 중국어 하나만 공부를 하는데도 시간이 부족하다고 했던데 애 나름대로 시간을 쪼개서 일본어와 영어를 같이 공부를 했었고 이러한 부분들이 이 따른 지원자들보다 차별화를 할 수 있는 부분이라고 생각을 합니다. 특히 중국에 관련돼서 중국어만 잘한다고 해서 어 고객사와 고객과의 소통이 잘 된다고 생각하지 않습니다. 최소한 문화적 이해와 대화 그 나라 사람들이 가지고 있는 생각들 그런 부분들을 편안하게 얘기를 할 수 있을 정도가 되어야 된다고 생각을 해서 그런 부분에 대해서도 나름 많이 신경을 써 왔습니다.","wordCount":142},"emotion":[],"intent":[{"text":"","expression":"","category":"attitude"}],"summary":{"text":"중국어만 잘하는 것이 아니라 다른 사람들과 차별화를 두기 위해서 시간을 쪼개서 일본어와 영어를 같이 공부를 했었고 이런 부분들이 차별화를 할 수 있는 부분이라고 생각합니다. 최소한 문화적 이해와 대화 그 나라 사람들이 가지고 있는 생각들을 편안하게 얘기를 할 수 있을 정도가 되어야 된다고 생각해서 그런 부분에 신경을 써 왔습니다.","wordCount":48}}},"rawDataInfo":{"question":{"fileFormat":"wav","fileSize":524238,"duration":16379,"samplingBit":16,"channelCount":1,"samplingRate":"16kHz","audioPath":"/Mock/07.ProductionManufacturing/Male/New/ckmk_q_mm_m_n_162346.wav"},"answer":{"fileFormat":"wav","fileSize":2691278,"duration":84100,"samplingBit":16,"channelCount":1,"samplingRate":"16kHz","audioPath":"/Mock/07.ProductionManufacturing/Male/New/ckmk_a_mm_m_n_162346.wav"}}}