{"version":"1.0","dataSet":{"info":{"date":"20230116","occupation":"MM","channel":"MOCK","place":"ONLINE","gender":"MALE","ageRange":"45-54","experience":"NEW"},"question":{"raw":{"text":"어 지원자님께서 입사 후에 이제 일을 하시면서 중국으로 출장을 갈 경우가 종종 생길 수가 있거든요 어 중국으로 출장 가는 것에 대해서 어떻게 생각하시나요","wordCount":23},"emotion":[],"intent":[]},"answer":{"raw":{"text":"어 저는 중국 출장은 오히려 반깁니다. 어 너무 너무 좋습니다. 어 물론 일을 하러 가는 거지만 저는 그 중국에 어 친구들이 좀 있습니다. 만약에 출장을 해서 간 뭐 간다 라고 하면 정말 오랜만에 친구도 잠깐 볼 수 있고 저는 개인적으로 고등학교 때 제이 외국어를 중국어를 했습니다. 그러기 때문에 뭐 잘은 못하지만 간단한 인사라든지 뭐 뭐 간단한 의사소통을 할 수 있기 때문에 어 저는 중국으로 출장 가는 것은 어 오히려 어 즐거운 일입니다. 또한 저는 중국에서 약 한 삼 개월 정도 체류했던 경험도 있습니다. 예전에 친구가 중국에 있어 가지고 중국에 가서 거기서 생활하면서 나름 그쪽에 문화라든지 그쪽의 생활에 대해서 많이 익숙하고 잘 알고 있습니다. 어 제가 중국 사정에 다른 지역에 비해서 오히려 중국 사정에 대해서 잘 알고 있기 때문에 저는 만약에 제가 중국 출장을 간다면 어 임무를 잘 수행해내 수행해 낼 수 있을 거라고 믿고 있습니다.","wordCount":135},"emotion":[{"text":"그러기 때문에 뭐 잘은 못하지만 간단한 인사라든지   뭐 뭐 간단한 의사소통을 할 수 있기 때문에 어 저는 중국으로 출장 가는 것은   어 오히려 어 즐거운 일입니다.","expression":"p-happiness","category":"positive"},{"text":"또한 저는 중국에서 약 한 삼 개월 정도 체류했던 경험도 있습니다.","expression":"u-fact","category":"neutral"}],"intent":[{"text":"","expression":"","category":"attitude"}],"summary":{"text":"저는 고등학교 때 제 2외국어를 중국어로 해서 간단한 인사나 간단한 의사소통을 할 수 있어서 중국 출장은 즐거운 일이고, 중국의 문화도 잘 알고 있습니다. 만약 제가 중국 출장을 간다면 임무 수행을 잘 해낼 수 있을 것이라 믿습니다.","wordCount":36}}},"rawDataInfo":{"question":{"fileFormat":"wav","fileSize":524238,"duration":16379,"samplingBit":16,"channelCount":1,"samplingRate":"16kHz","audioPath":"/Mock/07.ProductionManufacturing/Male/New/ckmk_q_mm_m_n_159960.wav"},"answer":{"fileFormat":"wav","fileSize":2181198,"duration":68160,"samplingBit":16,"channelCount":1,"samplingRate":"16kHz","audioPath":"/Mock/07.ProductionManufacturing/Male/New/ckmk_a_mm_m_n_159960.wav"}}}