{"version":"1.0","dataSet":{"info":{"date":"20230116","occupation":"MM","channel":"MOCK","place":"ONLINE","gender":"MALE","ageRange":"-34","experience":"NEW"},"question":{"raw":{"text":"지금 현재로부터 삼 년 후까지 삼 년 동안 주요 성장 계획 또는 목표가 있으신지 만약 있으시다면 무엇인지 대답을 해 주시기 바랍니다","wordCount":21},"emotion":[],"intent":[]},"answer":{"raw":{"text":"지금부터 삼 년 뒤까지 삼 년 내 주요 성장 계획이나 목표가 있습니까 있다면 무엇인지 궁금합니다 라고 이렇게 질문을 해주셨는데요. 어 굉장히 어 어려운 질문이라고 생각하는데 일단은 어 제가 지금 준비를 하고 있는 자격증을 취득하는 것이 제 목표지만 어 자격증은 어 계 계획대로 따게 된다면 어 이제 일 년 안에 취득을 할 수 있기 때문에 취득한 이후에 제가 원하고 이제 어 돈을 벌 수 있는 직장에 어 취업을 하는 것이 일단 저에 목표인 것 같습니다. 그리고 삼 년 뒤까지 삼 년 내 성장 계획이라 하면은 제가 원하는 원하고 인제 선망하는 그런 회사에 취업을 한 다음에 인제 그 안에서 어느 정도 인제 어 이 입지를 가지고 있는 그런 곳까지 성장을 해서 더 많은 것을 향해 달려나가고 싶습니다.","wordCount":115},"emotion":[],"intent":[{"text":"그리고 삼 년 뒤까지 삼 년 내 성장 계획이라 하면은 제가 원하는 원하고 인제 선망하는 그런 회사에 취업을 한 다음에 인제 그 안에서 어느 정도 인제 어   이 입지를 가지고 있는 그런 곳까지 성장을 해서 더 많은 것을 향해 달려나가고 싶습니다.","expression":"c_imp","category":"personality"}],"summary":{"text":"자격증은 일 년 안에 취득할 수 있기 때문에 취득한 이후에 돈을 벌 수 있는 직장에 취업을 하는 것이 목표입니다. 그리고 어느 정도 입지를 가지고 있는 곳까지 성장을 해서 더 많은 것을 향해 달려나가고 싶습니다.","wordCount":34}}},"rawDataInfo":{"question":{"fileFormat":"wav","fileSize":619598,"duration":19360,"samplingBit":16,"channelCount":1,"samplingRate":"16kHz","audioPath":"/Mock/07.ProductionManufacturing/Male/New/ckmk_q_mm_m_n_164885.wav"},"answer":{"fileFormat":"wav","fileSize":2412878,"duration":75400,"samplingBit":16,"channelCount":1,"samplingRate":"16kHz","audioPath":"/Mock/07.ProductionManufacturing/Male/New/ckmk_a_mm_m_n_164885.wav"}}}