{"version":"1.0","dataSet":{"info":{"date":"20230116","occupation":"MM","channel":"MOCK","place":"ONLINE","gender":"MALE","ageRange":"45-54","experience":"NEW"},"question":{"raw":{"text":"만약 지원자님께서 지금 지원하시는 이 직무가 아닌 다른 부서에 배치되는 상황이라면 이러한 상황에서 어떻게 하시겠습니까","wordCount":15},"emotion":[],"intent":[]},"answer":{"raw":{"text":"제가 지원한 직무가 아닌 다른 직무가 배치가 된다면 처음에는 당황을 할 것 같습니다. 저의 경우에는 해외 영업 쪽에 특화화 되어 있다고 생각을 했었을 테니깐요. 그런 경우에는 일단 제가 어 다른 부서에 어 배치된 이유와 상황을 판단을 해 봐야 될 것 같습니다. 당연히 해외에서 오 년 간 상해에서 어 유학생활을 했고 영어 중국어 일본어 관련돼서 어 자유롭게 구사할 정도가 되는 그리고 해외에 영업 관련돼서 지원을 했는데 다른 부서가 이 배치가 됐다면 분명히 그 이유가 있을 거라 사려가 됩니다. 그러한 이유를 먼저 파악을 하고 착오인지 아니면 제가 해외 영업보다는 다른 부서에 더 필요한 인원인지 그거에 관련돼서 판단을 한 후에 일단 어 입사를 한 후 적응을 할 것 같습니다. 해외 영업은 나중에라도 언제든지 할 수 있을 거라고 생각이 됩니다. 따른 부서가 어떤 부서인지 그 부서에서 배울 수 있는 부분은 취득하고 향후에 결국은 제가 하고 싶어 했던 부분을 하면 될 것 같습니다. 계속해서 이 부서에 있을 건지 그 부분 또한 지금은 판단하기가 어렵습니다.","wordCount":149},"emotion":[],"intent":[{"text":"","expression":"","category":"attitude"}],"summary":{"text":"저는 해외 영업 쪽에 특화돼 있다고 생각했기 때문에 지원 직무가 아닌 다른 직무가 배치된다면 당황할 것 같습니다. 그 이유를 먼저 파악을 하고 착오인지 다른 부서에 더 필요한 인원인지 판단을 한 후에 입사를 한 후 적응을 할 것 같으며, 따른 부서에서 배울 수 있는 부분은 취득하고 나중에 제가 하고 싶어 했던 부분을 하면 될 것입니다.","wordCount":54}}},"rawDataInfo":{"question":{"fileFormat":"wav","fileSize":448078,"duration":14000,"samplingBit":16,"channelCount":1,"samplingRate":"16kHz","audioPath":"/Mock/07.ProductionManufacturing/Male/New/ckmk_q_mm_m_n_162343.wav"},"answer":{"fileFormat":"wav","fileSize":2608718,"duration":81520,"samplingBit":16,"channelCount":1,"samplingRate":"16kHz","audioPath":"/Mock/07.ProductionManufacturing/Male/New/ckmk_a_mm_m_n_162343.wav"}}}