{"version":"1.0","dataSet":{"info":{"date":"20230116","occupation":"MM","channel":"MOCK","place":"ONLINE","gender":"MALE","ageRange":"45-54","experience":"NEW"},"question":{"raw":{"text":"최근에 시청한 뉴스들 가운데 지원자님께서 가장 인상 깊었던 뉴스는 어떤 것인가요 왜 그렇게 인상 깊었는지 이유도 함께 말씀해 주시겠습니까","wordCount":19},"emotion":[],"intent":[]},"answer":{"raw":{"text":"최근 들어본 뉴스 중에 가장 인상 깊었던 뉴스는 신 냉전시대 쪽 관련된 내용입니다. 저의 경우는 중국 상해에서 오 년간 유학 생활을 하며 영어 중 일본어도 함께 공부를 해서 어 현재도 중국 중화권 관련된 해외 영업 쪽 일을 하고 있습니다. 따라서 이러한 부분들이 이 신 냉전시대로 들어오며 어 미국과 중국의 이전에 미국과 소련이 했던 이러한 냉전 시대에 새로운 버전으로 진행이 되면서 서로의 왜 영향을 서로의 비즈니스에 영향을 주게 되고 특히 중국 관련된 부분들은 대미에 미국 쪽 관련된 부분에 아이티나 반도체 쪽 부분들이 아무래도 영향을 받게 되면서 중국 전체적으로는 경제성장률 및 여러 가지 이 부분들에 대해서 어 영향을 의견을 받게 되는 부분들이 민감하게 느껴졌습니다. 특히 현재에서는 중국이 미국의 여러 가지 밀리는 상황들이 지금 보이고 있긴 한데 이러한 부분들을 좀 주의 깊게 계속 지켜보고 있습니다.","wordCount":122},"emotion":[],"intent":[{"text":"","expression":"","category":"attitude"}],"summary":{"text":"최근 들어본 뉴스 중에 신 냉전시대와 관련된 내용이 가장 인상 깊었습니다. 신 냉전시대로 들어오며 미국과 중국의 이전의 냉전 시대에 새로운 버전으로 진행이 되면서 서로의 비즈니스에 영향을 주게 되었습니다. 특히 중국 관련된 부분들은 대미에 미국 쪽의 아이티나 반도체 쪽 부분들이 영향을 받게 되면서 민감하게 느껴졌습니다.","wordCount":44}}},"rawDataInfo":{"question":{"fileFormat":"wav","fileSize":533838,"duration":16680,"samplingBit":16,"channelCount":1,"samplingRate":"16kHz","audioPath":"/Mock/07.ProductionManufacturing/Male/New/ckmk_q_mm_m_n_172299.wav"},"answer":{"fileFormat":"wav","fileSize":2679758,"duration":83740,"samplingBit":16,"channelCount":1,"samplingRate":"16kHz","audioPath":"/Mock/07.ProductionManufacturing/Male/New/ckmk_a_mm_m_n_172299.wav"}}}