{"version":"1.0","dataSet":{"info":{"date":"20230116","occupation":"MM","channel":"MOCK","place":"ONLINE","gender":"MALE","ageRange":"45-54","experience":"NEW"},"question":{"raw":{"text":"만약 지원자님께서 지금 지원하신 직무가 아닌 다른 부서에 배치된다면 어떻게 하시겠습니까","wordCount":11},"emotion":[],"intent":[]},"answer":{"raw":{"text":"저는 지금까지 해외 영업 업무를 위주로 공 업무를 진행을 했었습니다. 그 이유는 제가 중국 상해에서 오 년 동안 유학 생활을 하면서 중 캐나다 뱅크버에서 영어 어학연수를 했었고 일 번 도쿄에서 교환 학생으로 공부를 했었기 때문에 기본적으로 저의 커리어나 역량은 해외에 쭉 관련된 업무로 맞춰져 있다고 생각을 합니다. 따라서 어 제가 지원한 해외 영업 쪽 관련된 파트가 아닌 다른 부서에 배치가 된다면 아마 이 부분은 회사에 가 저의 개인적 역량 쪽 판단을 다른 부서로 했다고 생각을 할 것 같습니다. 아 물론 저 또한 에 해외 영업적 업무 이외에도 회사의 필요에 따라서 구매 업무 기획 업무 에프 에이 이 라는 필드 어플리케이션 엔지니어 업무 또한 했던 경험을 가지고 있기 때문에 이렇게 다른 부서에 물론 배돼지가 배치가 된다 할지라도 그 분야 쪽에서 저의 개인적인 몫을 충분히 할 수 있으리라 사라답니다 따라서 어 괜찮습니다","wordCount":130},"emotion":[],"intent":[{"text":"","expression":"","category":"attitude"}],"summary":{"text":"해외 영업 업무 위주로 공 업무를 진행했던 이유는 기본적으로 저의 커리어나 역량은 해외에 관련된 업무로 맞춰져 있기 때문입니다. 따라서 제가 지원한 해외 영업 쪽 관련된 파트가 아닌 다른 부서에 배치가 된다 할지라도 그 분야 쪽에서 저의 개인적인 몫을 충분히 할 수 있으리라 생각됩니다.","wordCount":43}}},"rawDataInfo":{"question":{"fileFormat":"wav","fileSize":318798,"duration":9960,"samplingBit":16,"channelCount":1,"samplingRate":"16kHz","audioPath":"/Mock/07.ProductionManufacturing/Male/New/ckmk_q_mm_m_n_172456.wav"},"answer":{"fileFormat":"wav","fileSize":2643918,"duration":82620,"samplingBit":16,"channelCount":1,"samplingRate":"16kHz","audioPath":"/Mock/07.ProductionManufacturing/Male/New/ckmk_a_mm_m_n_172456.wav"}}}