{"version":"1.0","dataSet":{"info":{"date":"20230116","occupation":"MM","channel":"MOCK","place":"ONLINE","gender":"MALE","ageRange":"-34","experience":"NEW"},"question":{"raw":{"text":"지원자께서 직무 수행을 하던 중 모르는 과제가 등장했다면은 어떻게 해결하실 겁니까 그리고 그 해결법이 무엇이며 그 이유를 함께 설명하여 말씀해 주시길 바랍니다","wordCount":22},"emotion":[],"intent":[]},"answer":{"raw":{"text":"직무 수행 시 모르는 과제가 등장했다면 어떻게 해결하겠냐 해결법과 이유를 말씀해 달라고 이렇게 질문을 해주셨는데요. 어 직무 수행시 모르는 과제가 있다면 일단은 저 같은 경우에는 우선은 혼자 해결할려고 노력은 해 볼 것 같아요. 왜냐하면 이런 상황이 계속 어 물어보는 게 맞다만 인제 혼자 해결하고 싶은 마음도 있어서 그렇게 물어볼 것 같고 그래도 모른다면 직장 동료나 아니면 뭐 그 위에 분들한테 모르는 부분을 가서 정중하게 물어본 후에 다 어 코멘드를 구하고 어 그 다음에 해결하려고 할 것 같습니다. 그 이유는 처음에 저 혼자 하고 싶다 하는 이유는 제가 계속 이런 모르는 상황에 뭐 배우 모르는 상황이 아는 사람들한테 배우는 것도 좋지만 모르는 사람한테 모르는 상황이 계속 그렇게 되면 계속 버릇이 될 것 같아서 저는 좀 일단 조언도 최대한 해결해 보고 그래도 모르겠다 하면 인제 직장 동료나 상사님한테 도움을 요청한 다음에 어 더 좋은 방안으로 갈 수 있게 해결할 수 있게 문제를 그런 식으로 해결하고 싶습니다.","wordCount":144},"emotion":[],"intent":[{"text":"왜냐하면 이런 상황이 계속 어   물어보는 게 맞다만 인제 혼자 해결하고 싶은 마음도 있어서 그렇게 물어볼 것 같고   그래도 모른다면 직장 동료나 아니면 뭐 그 위에 분들한테 모르는 부분을 가서 정중하게 물어본 후에 다 어   코멘드를 구하고 어 그 다음에 해결하려고 할 것 같습니다.","expression":"c_adp","category":"personality"},{"text":"그 이유는 처음에 저 혼자 하고 싶다 하는 이유는 제가 계속 이런 모르는 상황에 뭐 배우 모르는 상황이   아는 사람들한테 배우는 것도 좋지만 모르는 사람한테 모르는 상황이 계속 그렇게 되면 계속 버릇이 될 것 같아서 저는 좀 일단 조언도 최대한 해결해 보고   그래도 모르겠다 하면 인제 직장 동료나 상사님한테 도움을 요청한 다음에 어 더 좋은 방안으로 갈 수 있게 해결할 수 있게 문제를 그런 식으로 해결하고 싶습니다.","expression":"c_adp","category":"personality"}],"summary":{"text":"직무 수행 시 모르는 과제가 있다면 혼자 해결하려고 노력은 해 볼 것 같습니다. 모르겠다면 직장 동료나 상사님께 도움을 요청한 다음에 더 좋은 방안으로 갈 수 있게 해결하는 식으로 해결하고 싶습니다.","wordCount":30}}},"rawDataInfo":{"question":{"fileFormat":"wav","fileSize":560718,"duration":17520,"samplingBit":16,"channelCount":1,"samplingRate":"16kHz","audioPath":"/Mock/07.ProductionManufacturing/Male/New/ckmk_q_mm_m_n_167283.wav"},"answer":{"fileFormat":"wav","fileSize":2548558,"duration":79640,"samplingBit":16,"channelCount":1,"samplingRate":"16kHz","audioPath":"/Mock/07.ProductionManufacturing/Male/New/ckmk_a_mm_m_n_167283.wav"}}}