{"version":"1.0","dataSet":{"info":{"date":"20230116","occupation":"MM","channel":"MOCK","place":"ONLINE","gender":"MALE","ageRange":"45-54","experience":"NEW"},"question":{"raw":{"text":"지금까지 인생을 살면서 가장 후회되는 일이 있다면 그것은 어떤 일인가요 생각나는 대로 한 가지만 말씀해 주세요","wordCount":16},"emotion":[],"intent":[]},"answer":{"raw":{"text":"지금까지 가장 후회되는 일은 고등학교 인문계 고등학교를 나와서 어 대학에 실패를 하면서 재수와 삼수를 거쳐 최종적으로는 대 수석 합격을 해서 대학은 입학은 했지만 재수 삼수를 했던 그 이 년의 시간이 가장 후회가 됩니다. 후회가 되는 이유는 그 당시 집안 사정상 어 제 재수나 삼수를 할 상황은 아니었고 그리고 한 재수 그래서 재수를 할 때 본인도 아르바이트를 하면서 나름대로는 심적으로나 육체적으로나 힘들었었던 기억이 납니다. 아 물론 지금 그 당시 사회적 분위기 상 인문계 고등학교를 나와서 대학에 실패를 하면 뭐 인생의 실패자 라는 분위기였어서 대학 이외에는 다른 걸 생각을 할 수 있는 여유나 그런 것들이 없었던 걸로 스스로 기억을 합니다. 만약 지금 다시 그때로 돌아간다 그러면 아 재수나 삼수를 택하기보다는 다른 쪽을 생각할 직업 학교나 어 그런 것들을 좀 생각하지 않았을까 라고 생각합니다.","wordCount":121},"emotion":[],"intent":[{"text":"","expression":"","category":"attitude"}],"summary":{"text":"지금까지 가장 후회되는 일은 고등학교 인문계 고등학교를 나와 대학에 실패를 하면서 재수와 삼수를 거쳐 최종적으로는 대 수석 합격을 해서 대학은 입학은 했지만 재수 삼수를 했던 그 이 년의 시간이 가장 후회가 됩니다.","wordCount":32}}},"rawDataInfo":{"question":{"fileFormat":"wav","fileSize":367438,"duration":11480,"samplingBit":16,"channelCount":1,"samplingRate":"16kHz","audioPath":"/Mock/07.ProductionManufacturing/Male/New/ckmk_q_mm_m_n_158023.wav"},"answer":{"fileFormat":"wav","fileSize":2688078,"duration":84000,"samplingBit":16,"channelCount":1,"samplingRate":"16kHz","audioPath":"/Mock/07.ProductionManufacturing/Male/New/ckmk_a_mm_m_n_158023.wav"}}}