{
    "version": "1.0",
    "dataSet": {
        "info": {
            "date": "20230116",
            "occupation": "MM",
            "channel": "MOCK",
            "place": "ONLINE",
            "gender": "MALE",
            "ageRange": "45-54",
            "experience": "NEW"
        },
        "question": {
            "raw": {
                "text": "직무 지식 역량 태도 이 세 가지 요소 중에서 지원자님이 생각하시기에 가장 중요하다고 생각하시는 것과 그 이유를 한 번 말씀해 주세요",
                "wordCount": 21
            },
            "emotion": [],
            "intent": []
        },
        "answer": {
            "raw": {
                "text": "직무 지식 역량 태도 어 이 세 가지 모두 신입 사원들에게는 매우 중요한 덕목이라고 저는 생각을 합니다. 그런데 그중 꼭 한 가지를 꼽으라고 하면 저는 태도를 꼽겠습니다. 어 직무 지식 필요합니다. 어떤 일을 적응하는데 그 일을 수행해 내는데 거기에 대한 지식이 있으면 당연히 그 일을 좀 더 능숙하게 처리할 수 있을 거라고 생각이 됩니다. 역량도 마찬가지입니다. 내가 그 분야에 대한 역량이 얼마나 있느냐에 따라 앞으로 내가 성장해 나가고 어 나 스스로를 늘릴 수 있는 어 그런 기본적인 소양이라고 생각을 합니다. 하지만 이 두 가지는 직무 지식과 역량은 어 회사에 들어가서 입사를 해서 근무를 하고 시간이 지나고 경력이 쌓이다 보면 어느 정도 뭐 개인마다 차이는 더 있겠지만 그래도 누구나 어느 정도 그 직무 지식과 역량은 점차 경력이 쌓이면서 늘어날 거라고 생각을 합니다. 하지만 태도는 좀 다릅니다. 태도는 어떤 일을 대할 때 그 일을 접할 때 본인만의 기본적인 자세입니다. 그 일을 내가 얼마나 어 진정성 있게 바라보고 그 일을 얼마나 배우고 그 일에 임하는 태도라 그 정신 상태이기 때문에 저는 이 세 가지 중에서는 태도가 가장 중요한 덕목이라고 생각합니다.",
                "wordCount": 167
            },
            "emotion": [],
            "intent": [
                {
                    "text": "",
                    "expression": "",
                    "category": "attitude"
                }
            ],
            "summary": {
                "text": "세 가지 모두 매우 중요한 덕목이지만그 중에서도 태도는 어떤 일을 대할 때 그 본인만의 기본적인 자세입니다. 그 일을 얼마나 진정성 있게 바라보고 배우고 일에 임하는 태도라 그 정신 상태이기 때문에 이 세 가지 중에서는 태도가 가장 중요한 덕목이라고 생각합니다.",
                "wordCount": 39
            }
        }
    },
    "rawDataInfo": {
        "question": {
            "fileFormat": "wav",
            "fileSize": 535118,
            "duration": 16720,
            "samplingBit": 16,
            "channelCount": 1,
            "samplingRate": "16kHz",
            "audioPath": "/Mock/07.ProductionManufacturing/Male/New/ckmk_q_mm_m_n_160087.wav"
        },
        "answer": {
            "fileFormat": "wav",
            "fileSize": 2652878,
            "duration": 82900,
            "samplingBit": 16,
            "channelCount": 1,
            "samplingRate": "16kHz",
            "audioPath": "/Mock/07.ProductionManufacturing/Male/New/ckmk_a_mm_m_n_160087.wav"
        }
    }
}