{"version":"1.0","dataSet":{"info":{"date":"20230116","occupation":"MM","channel":"MOCK","place":"ONLINE","gender":"MALE","ageRange":"45-54","experience":"NEW"},"question":{"raw":{"text":"만약 지원자님이 해외에 파견 근무를 나가게 될 경우에 어느 나라로 일을 하러 가고 싶으세요 특별한 이유가 있을까요","wordCount":17},"emotion":[],"intent":[]},"answer":{"raw":{"text":"어 저는 만약 해외 파견 근무를 어 제가 정할 수 있다 그러면 저는 태국을 원하고 있습니다. 어 태국은 제가 태국에서는 약 한 일 년 넘게 체류를 해 본 적도 있고 현지 사정에 대해서 어 그래도 나름 잘 알고 있다고 생각하기 때문입니다. 어 저는 좀 젊었을 때 친구가 태국에서 그 생활하고 있어 가지고 태국에서 약 한 일 년 넘게 생활을 한 적이 있습니다. 당시에 친구가 그 여행사 가이드이였는데 어 그 현지에서 무 체류하면서 한국인을 상대로 여행사 가이드도 했었고 또 물건도 팔아봤습니다. 그러다 보니 나름 그 현지 사정이라든지 현지 문화에 대해서 대개 어 다른 좀 익숙한 편입니다. 어 제가 태국을 꼽은 이유 중에 또 하나는 요즘 태국은 그 한류 그 문화에 좀 푹 빠져 있습니다. 와 어 케이팝 한국 음악 한국 드라마 뭐 한국 영화 어 한국 문화까지 젊은 층들한테는 어 아주 인기를 끌고 있습니다. 그래서 저는 어 우리 제품을 우리 그 문화와 잘 이렇게 콜라보 콜라보레이션을 해 가지고 어 그쪽으로 진출을 하 태국 쪽으로 진출을 하면 어 좀 가능성도 있고 시장의 전망이 밝다 라고 생각합니다.","wordCount":164},"emotion":[],"intent":[{"text":"","expression":"","category":"attitude"}],"summary":{"text":"저는 해외 파견 근무를 정할 수 있다면 태국을 원합니다. 태국은 제가 태국에서 한 일 년 넘게 체류를 해 본 적도 있고 현지 사정에 대해서도 잘 알고 있기 때문입니다. 제가 태국을 꼽은 이유 중 하나는 요즘 태국은 한류 문화에 빠져 있어서 우리 제품을 콜라보레이션 해서 태국 쪽으로 진출을 하면 시장의 전망이 밝을 것이라고 생각하기 때문입니다.","wordCount":54}}},"rawDataInfo":{"question":{"fileFormat":"wav","fileSize":598798,"duration":18710,"samplingBit":16,"channelCount":1,"samplingRate":"16kHz","audioPath":"/Mock/07.ProductionManufacturing/Male/New/ckmk_q_mm_m_n_160084.wav"},"answer":{"fileFormat":"wav","fileSize":2808718,"duration":87770,"samplingBit":16,"channelCount":1,"samplingRate":"16kHz","audioPath":"/Mock/07.ProductionManufacturing/Male/New/ckmk_a_mm_m_n_160084.wav"}}}