{"version":"1.0","dataSet":{"info":{"date":"20230116","occupation":"MM","channel":"MOCK","place":"ONLINE","gender":"MALE","ageRange":"35-44","experience":"NEW"},"question":{"raw":{"text":"예전에 팀 과제를 수행했던 경험이 있으신지 궁금하구요 만약에 있으시다면 그 프로젝트 내에서 어떤 역할까지 맡으셨는지 말씀해 주시면 되겠습니다","wordCount":18},"emotion":[],"intent":[]},"answer":{"raw":{"text":"제가 맡은 과거의 프로젝트는 삼 개월 내에 이십 억 짜리 주사약 불출기 두 대를 대학 병원에 설치하고 검수까지 마치는 것이었습니다. 그때 저는 기술팀 총괄팀장으로서 장비를 입고 설치 검수에 총책을 맡았었는데 그때가 바로 이천 이십 년 이 월 코로나가 전 세계에 창궐하던 때입니다. 팬데믹 시대에 각국에 있는 모든 엔지니어들은 서로 입출국이 불가하였고 일본 제품을 한국으로 들여와 일본 본사 엔지니어들의 설치 도움이 필요했지만 그 어떤 도움도 받을 수 없어 저희는 병원과 쓴 계약서대로 삼 개월 후에 지체 상금을 물어야 될 판이었습니다. 그때 제가 영화 마스를 통해서 마스에 나온 나사 직원과 맷 데이먼에 통신하는 방법에 착안하여 줌 미팅을 통해서 카메라 이십 대를 설치하고 일본에 있는 엔지니어들에게 한국에 있는 현장 엔지니어들 기술 지원 및 기술 조언을 해줄 것을 부탁하여 저는 중간에 통역 및 기술 써포트를 했었습니다. 그렇게 하루에 열 다섯 시간 스무 시간씩 장비 두 대를 이 쩜 오 개월 만에 완벽하게 설치하고 가동 운영 검수까지 맞춰서 저희는 병원에 큰 신뢰를 얻었고 지체 상금을 전혀 물지 않고 현재까지도 잘 쓰고 있습니다.","wordCount":157},"emotion":[{"text":"제가 맡은 과거의 프로젝트는 삼 개월 내에 이십 억 짜리 주사약 불출기 두 대를   대학 병원에 설치하고 검수까지 마치는 것이었습니다.","expression":"u-fact","category":"neutral"},{"text":"그때 저는 기술팀 총괄팀장으로서 장비를   입고 설치 검수에 총책을 맡았었는데 그때가 바로 이천 이십 년 이 월 코로나가 전 세계에 창궐하던 때입니다.","expression":"u-fact","category":"neutral"}],"intent":[{"text":"그때 저는 기술팀 총괄팀장으로서 장비를   입고 설치 검수에 총책을 맡았었는데 그때가 바로 이천 이십 년 이 월 코로나가 전 세계에 창궐하던 때입니다.","expression":"c_private","category":"background"},{"text":"그때 제가 영화 마스를 통해서 마스에 나온   나사 직원과 맷 데이먼에 통신하는 방법에 착안하여 줌 미팅을 통해서 카메라 이십 대를 설치하고 일본에 있는 엔지니어들에게 한국에 있는 현장 엔지니어들   기술 지원 및 기술 조언을 해줄 것을 부탁하여 저는 중간에 통역 및 기술 써포트를 했었습니다.","expression":"f_equip","category":"technology"}],"summary":{"text":"코로나 시대에 기술팀 총괄팀장으로 장비를 입고 설치 검수 총책을 맡았었습니다. 팬데믹 시대에 일본 본사 엔지니어들의 도움을 받을 수 없어 삼 개월 후에 지체 상금을 물어야 할 뻔 했습니다. 그래서 줌 미팅을 통해 한국에 있는 엔지니어들에게 통역 및 기술 써포트를 했습니다. 그렇게 완벽하게 설치하고 가동 운영 검수까지 맞춰서 병원에 큰 신뢰를 얻었습니다.","wordCount":51}}},"rawDataInfo":{"question":{"fileFormat":"wav","fileSize":461198,"duration":14410,"samplingBit":16,"channelCount":1,"samplingRate":"16kHz","audioPath":"/Mock/07.ProductionManufacturing/Male/New/ckmk_q_mm_m_n_184633.wav"},"answer":{"fileFormat":"wav","fileSize":2705678,"duration":84550,"samplingBit":16,"channelCount":1,"samplingRate":"16kHz","audioPath":"/Mock/07.ProductionManufacturing/Male/New/ckmk_a_mm_m_n_184633.wav"}}}