{"version":"1.0","dataSet":{"info":{"date":"20230116","occupation":"MM","channel":"MOCK","place":"ONLINE","gender":"MALE","ageRange":"45-54","experience":"NEW"},"question":{"raw":{"text":"본인께서는 어 이력서를 보니까 여러 경력이 있으시던데 혹시 공장에서 일해보신 경험이 있으십니까 어 경험이 있으시다면 어떤 공장에서 얼마 동안 어떠한 일을 했는지 그 경험에 대해서 말씀해 주세요","wordCount":27},"emotion":[],"intent":[]},"answer":{"raw":{"text":"네 저는 젊은 시절 이 어 군대를 제대하고 복학하기 전까지 약 한 팔 개월 정도 공장에서 근무를 해 본 경험이 있습니다. 그 공장은 그 인쇄소였는데 어 그 대형 제 그 제약회사에 그 포장지를 그러니까 뭐 그 약에 대한 그 겉에 하는 그 포장지를 이렇게 인쇄해서 하는 공장이었습니다. 어 직원은 솔직히 많지 않았습니다. 어 사장님 제외하고 공장에서 일하는 식구들만 어 열 두 명이었는데 이 열 두 명이 이 교대로 어쩔 때는 뭐 일이 많을 때는 이 교대로 좀 보통 때 한 삼 교대 정도로 돌아가면서 근무를 했었습니다. 그때 저는 어 정말 너무 힘들었습니다. 어 이렇게 이런 세상이 있나 라고 할 정도로 제게는 너무 물론 그때는 나이도 좀 어렵고 벅차고 일은 되게 고됐습니다. 하지만 그렇게 일하면서도 저는 나름 좀 즐거움이 있었습니다. 거기 그 당시에는 그 사장님 사모님이 직접 집에서 밥을 해다가 저녁을 같이 먹곤 했는데 뭐 어떤 날은 삼겹살도 구워 먹고 어떤 날은 양푼에다 다 같이 밥을 비벼 먹고 저는 그런 게 되게 가족처럼 지내고 그랬던 게 나름 일은 힘들었지만 그래도 거기서 버틸 수 있고 어 거기서 일을 할 수 있었던 원동력이 되었다고 생각합니다.","wordCount":172},"emotion":[],"intent":[{"text":"네 저는 젊은 시절 이 어 군대를 제대하고 복학하기 전까지    약 한 팔 개월 정도 공장에서 근무를 해 본 경험이 있습니다.","expression":"c_private","category":"background"}],"summary":{"text":"저는 군대를 제대하고 복학하기 전까지 약 한 팔 개월 정도 공장에서 근무를 해 본 경험이 있습니다. 그 공장은 인쇄소였는데 직원 수는 적었습니다. 공장 식구들은 열 두 명이었는데 일이 많을 때는 한 삼 교대 정도로 돌아가면서 근무를 했습니다. 고된 일이었지만 가족처럼 지내던 것들이 일을 할 수 있었던 원동력이 되었습니다.","wordCount":48}}},"rawDataInfo":{"question":{"fileFormat":"wav","fileSize":617038,"duration":19280,"samplingBit":16,"channelCount":1,"samplingRate":"16kHz","audioPath":"/Mock/07.ProductionManufacturing/Male/New/ckmk_q_mm_m_n_172652.wav"},"answer":{"fileFormat":"wav","fileSize":2825038,"duration":88280,"samplingBit":16,"channelCount":1,"samplingRate":"16kHz","audioPath":"/Mock/07.ProductionManufacturing/Male/New/ckmk_a_mm_m_n_172652.wav"}}}