{"version":"1.0","dataSet":{"info":{"date":"20230116","occupation":"MM","channel":"MOCK","place":"ONLINE","gender":"MALE","ageRange":"-34","experience":"NEW"},"question":{"raw":{"text":"업무를 하게 되면 자료를 문서화 할 일이 굉장히 많습니다 본인은 문서화 작업이 왜 필요하다고 생각하는지 말씀해 주세요","wordCount":17},"emotion":[],"intent":[]},"answer":{"raw":{"text":"저는 평소에 어 자료를 문서화하는 일에 대해서 거리낌 없고 그리고 꼭 필수적으로 행해져야만 하는 그런 행동이라고 생각을 합니다. 어 간단한 예로는 제가 만약에 어 누군가를 인수 인계를 해야 할 때 어 말로 설명하는 고과 아니면 어 자료를 문서화해서 남겨서 그것을 보여주며 설명하는 것은 상대방을 이해시키고 상대방이 이해하는데 엄청난 차이가 있다고 생각을 합니다. 때문에 이런 간단한 예 만으로 문서가 왜 필요한지 왜 필수적인지 충분히 설명이 됐을 거라고 생각을 합니다. 대부분의 이런 중요성을 알고 저 또한 항상 어 일상 생활에서도 항상 메모하는 습관 그리고 어떤 것들을 항상 자료를 문서화하는 습관을 가지고 있으며 이런 저의 장점이라고 할 수 있는 이런 문서화 능력이 어 회사에 입사하게 되었을 때도 충분히 발휘할 수 있다고 생각을 합니다. 때문에 회사에 입사하게 되더라도 정말 최선을 다하는 신입 사원이 되도록 최선을 다 하겠습니다.","wordCount":123},"emotion":[],"intent":[{"text":"","expression":"","category":"attitude"}],"summary":{"text":"평소 자료를 문서화하는 일에 거리낌 없이 필수적으로 행해져야만 하는 행동이라고 생각합니다. 인수 인계를 해야 할 때, 말로 설명하는 고과와 자료로 설명하는 것은 상대방의 이해에 큰 차이가 있기 때문에 이런 간단한 예 만으로 문서가 왜 필요한지 왜 필수적인지 충분히 설명이 됐을 것이라 생각합니다.","wordCount":42}}},"rawDataInfo":{"question":{"fileFormat":"wav","fileSize":349198,"duration":10910,"samplingBit":16,"channelCount":1,"samplingRate":"16kHz","audioPath":"/Mock/07.ProductionManufacturing/Male/New/ckmk_q_mm_m_n_183652.wav"},"answer":{"fileFormat":"wav","fileSize":2855118,"duration":89220,"samplingBit":16,"channelCount":1,"samplingRate":"16kHz","audioPath":"/Mock/07.ProductionManufacturing/Male/New/ckmk_a_mm_m_n_183652.wav"}}}