{"version":"1.0","dataSet":{"info":{"date":"20230116","occupation":"MM","channel":"MOCK","place":"ONLINE","gender":"MALE","ageRange":"35-44","experience":"NEW"},"question":{"raw":{"text":"지원자님께서 그동안 인생에서 겪었던 많은 갈등 중에서 가장 심각했던 갈등이 있다면 그 갈등이 어떤 갈등이었는지에 대해 한 번 말씀해 주시기 바랍니다","wordCount":21},"emotion":[],"intent":[]},"answer":{"raw":{"text":"네 저는 인생에 있어서 가장 심각했던 갈등이 어머니와의 갈등입니다. 제가 아버지가 어렸을 때 초등학교 사 학년 정도에 돌아가셨기 때문에 어머니와 함께 많은 시간을 보냈는데요. 또 제가 맏아들이고 유일한 아들이기 때문에 어 어머니가 저에게 바라는 점이 많으셨다고 생각합니다. 어 제가 아들로서의 역할만이 아닌 남편을 대체할 역할도 해주길 바라셨던 것 같고 그런 부분에 있어서 제 능력은 좀 안 된다 라고 판단이 됐기 때문에 어 많은 갈등이 있었습니다. 근데 보통 갈등했을 때는 성장기 그러니까 이제 성인이 되기 전에 갈등을 많이 했고요. 성인이 되고 나서는 한 살 한 살 먹어가면서 그 어머니의 모습들과 그 아버지의 부재 등이 조금은 이해가 되기 시작하더라구요. 그 후로는 좀 갈등이 잦아졌고 지금은 어 굉장히 좋은 상태로 잘 지내고 있습니다.","wordCount":110},"emotion":[{"text":"제가 아버지가 어렸을 때 초등학교 사 학년 정도에 돌아가셨기 때문에 어머니와   함께 많은 시간을 보냈는데요.","expression":"u-fact","category":"neutral"}],"intent":[{"text":"제가 아버지가 어렸을 때 초등학교 사 학년 정도에 돌아가셨기 때문에 어머니와   함께 많은 시간을 보냈는데요.","expression":"c_private","category":"background"}],"summary":{"text":"제가 가장 심각했던 갈등은 어머니와의 갈등입니다. 어렸을 때 어머니는 제가 아들로서의 역할만이 아니라 남편을 대체할 역할도 해주길 바라셨습니다. 보통 갈등했을 때는 성장기 전에 많이 갈등했고, 성인이 된 후에는 어머니의 모습들과 아버지의 부재 등이 이해가 되었습니다.","wordCount":35}}},"rawDataInfo":{"question":{"fileFormat":"wav","fileSize":467918,"duration":14620,"samplingBit":16,"channelCount":1,"samplingRate":"16kHz","audioPath":"/Mock/07.ProductionManufacturing/Male/New/ckmk_q_mm_m_n_160061.wav"},"answer":{"fileFormat":"wav","fileSize":2730318,"duration":85320,"samplingBit":16,"channelCount":1,"samplingRate":"16kHz","audioPath":"/Mock/07.ProductionManufacturing/Male/New/ckmk_a_mm_m_n_160061.wav"}}}