{"version":"1.0","dataSet":{"info":{"date":"20230116","occupation":"MM","channel":"MOCK","place":"ONLINE","gender":"MALE","ageRange":"45-54","experience":"NEW"},"question":{"raw":{"text":"일을 하게 되면 중국으로 출장을 갈 수도 있습니다 혹시 중국으로 출장을 가는 것도 괜찮으신가요","wordCount":14},"emotion":[],"intent":[]},"answer":{"raw":{"text":"중국으로 출장을 갈 일이 있다고 말씀을 해주셨는데요. 저의 경우는 중국 상해에서 오 년간 유학 생활을 한 경험을 가지고 있습니다. 따라서 중국어 뿐만이 아니라 중국어는 당연히 자유롭게 구사할 정도의 수준을 되아 가지고 있고요. 중국에서 심천 쪽에서 어 이 년 동안 아무 것도 없는 곳에서 사무소를 설치하고 사무소에서 살 일 할 중국 인원들을 면접 채용하였으며 그 인원들과 함께 에 로컬 영업을 진행을 하면서 어 꽌시를 형성하고 최종적으로는 신규 영업 매출을 창출한 경험을 가지고 있습니다. 매출 뿐만이 아니라 최종적으로 미수금까지 처리한 어 경험을 가지고 있기 때문에 이러한 부분들로 봤을 때는 제 제가 만약에 중국에 출장할 갈 일이 생긴다면 그 부분은 저의 개인적 역량과 경험들을 좀 더 발휘할 수 있는 좋은 기회라고도 생각이 됩니다. 따라서 방금 언급하셨던 중국 출장도 괜찮다는 부분들은 당연히 아무 문제가 없을 걸로 생각이 됩니다.","wordCount":124},"emotion":[{"text":"저의 경우는 중국 상해에서 오 년간   유학 생활을 한 경험을 가지고 있습니다.","expression":"u-fact","category":"neutral"}],"intent":[{"text":"저의 경우는 중국 상해에서 오 년간   유학 생활을 한 경험을 가지고 있습니다.","expression":"c_private","category":"background"},{"text":"중국에서   심천 쪽에서 어 이 년 동안 아무 것도 없는 곳에서 사무소를 설치하고 사무소에서   살 일 할 중국 인원들을 면접 채용하였으며 그 인원들과 함께   에 로컬 영업을 진행을 하면서 어 꽌시를 형성하고 최종적으로는 신규 영업 매출을 창출한 경험을 가지고 있습니다.","expression":"c_private","category":"background"}],"summary":{"text":"저는 중국 상해에서 오 년간 유학 생활을 한 경험이 있습니다. 심천에서 사무소를 설치하고 살일할 중국 인원들을 면접 채용하였으며 그 인원들과 함께 에 로컬 영업을 진행하여 최종적으로는 신규 영업 매출을 창출한 경험을 가지고 있기 때문에 중국 출장도 괜찮다고 생각합니다.","wordCount":38}}},"rawDataInfo":{"question":{"fileFormat":"wav","fileSize":288398,"duration":9010,"samplingBit":16,"channelCount":1,"samplingRate":"16kHz","audioPath":"/Mock/07.ProductionManufacturing/Male/New/ckmk_q_mm_m_n_172059.wav"},"answer":{"fileFormat":"wav","fileSize":2604878,"duration":81400,"samplingBit":16,"channelCount":1,"samplingRate":"16kHz","audioPath":"/Mock/07.ProductionManufacturing/Male/New/ckmk_a_mm_m_n_172059.wav"}}}