{"version":"1.0","dataSet":{"info":{"date":"20230116","occupation":"MM","channel":"MOCK","place":"ONLINE","gender":"MALE","ageRange":"35-44","experience":"NEW"},"question":{"raw":{"text":"일을 하면서 상사가 회사에 이익에 반하는 행동을 하는 것을 직접 목격했다면 그때 어떻게 행동할 건지 말씀해 주세요","wordCount":17},"emotion":[],"intent":[]},"answer":{"raw":{"text":"도덕적인 윤리 모럴 해저르드 도덕적인 해이를 많이 보게 됩니다. 그때 처음에 바로 상사에게 다 달려가 그 상황에 대해서 따질 수는 없습니다. 왜냐하면 어차피 직급을 이길 수 있는 사람은 없기 때문에 그 부분에 대해서 상사에게 조심스럽게 다가가 이 행동이 옳은 것인지 나쁜 것인지에 대해 한번 되묻겠습니다. 하지만 상사가 어물쩡하고 넘어간다거나 당신도 같이 나와 함께 하자고 한다면 저는 회사 내에 윤리위원회 또는 그룹에 있는 윤리위원회에 이에 대한 내용에 대해서 전부 다 보고를 하겠습니다. 보고를 해도 듣지 않는다면 저는 대표 이사와 간담을 통해서 이러한 부분이 해결되지 않는다면 저는 이 회사에 다닐 수 없습니다 라고 하거나 부서를 다른 곳으로 배치해 달라고 간곡하게 요청을 하겠습니다. 제가 만약에 그렇게 되지 않고 상사가 회사의 이익에 반대되는 행동에 저 또한 같이 묶여서 카르텔이 된다면 결국 이것은 회사를 망치는 또 다른 지름길이라고 생각합니다.","wordCount":124},"emotion":[],"intent":[{"text":"","expression":"","category":"attitude"}],"summary":{"text":"저는 직급을 이길 수 있는 사람이 없기 때문에 상사에게 이 행동이 옳은 것인지에 대해 한번 되물겠습니다. 하지만 만약 상사가 회사의 이익에 반대되는 행동에 같이 묶여서 카르텔이 된다면 결국 이것은 회사를 망치는 또 다른 지름길이라고 생각합니다.","wordCount":35}}},"rawDataInfo":{"question":{"fileFormat":"wav","fileSize":382158,"duration":11940,"samplingBit":16,"channelCount":1,"samplingRate":"16kHz","audioPath":"/Mock/07.ProductionManufacturing/Male/New/ckmk_q_mm_m_n_159682.wav"},"answer":{"fileFormat":"wav","fileSize":2087118,"duration":65220,"samplingBit":16,"channelCount":1,"samplingRate":"16kHz","audioPath":"/Mock/07.ProductionManufacturing/Male/New/ckmk_a_mm_m_n_159682.wav"}}}