{"version":"1.0","dataSet":{"info":{"date":"20230116","occupation":"MM","channel":"MOCK","place":"ONLINE","gender":"MALE","ageRange":"45-54","experience":"NEW"},"question":{"raw":{"text":"다른 지원자들에 비해 지원자님만이 가진 차별성 또는 장점을 어필한다면 어떤 것이 있겠습니까 말씀해 주십시오","wordCount":14},"emotion":[],"intent":[]},"answer":{"raw":{"text":"어 물론 회사 내에서는 저보다 더 경험이 많고 하신 분들이 계시겠지만 저는 최소한 같이 지원한 사람들 중에서는 나름 실무 경험을 가지고 있습니다. 저는 이 직무에 도전하기 위해서 어 동 업종의 동 생산 라인을 실질적으로 약 한 육 개월 동안 인턴 사원으로서 근무해 본 경험을 가지고 있습니다. 저는 어 육 개월 동안에 짧은 기간이었지만 그 프로그램을 직접 운영해 봤고 이 프로그램을 통해서 실제로 검수 과정에 참여해 봤습니다. 저는 기계를 돌릴 줄 알고 이 기계가 어떻게 작 어 운영이 되고 어떻게 정비가 되고 어떻게 보수가 되는지에 대해서 잘 알고 있습니다. 어 실질적으로 현장에서 일을 하다보면 이론과 어 실제 현장 많이 다르다 라는 걸 알고 있기에 저는 육 개월 동안의 인턴 기간 동안 가능하면 많이 배우려고 노력을 했고 그 결과 어 저를 지도해 주신 어 사수로부터 어 이쪽에 어 적성을 가지고 있고 어 이를 게 잘 수행해 낸다는 평가를 받은 바가 있습니다.","wordCount":139},"emotion":[],"intent":[{"text":"저는 어 육 개월 동안에 짧은 기간이었지만   그 프로그램을 직접 운영해 봤고 이 프로그램을 통해서 실제로 검수 과정에 참여해 봤습니다.","expression":"f_equip","category":"technology"},{"text":"저는 기계를 돌릴 줄 알고 이 기계가 어떻게 작   어 운영이 되고 어떻게 정비가 되고 어떻게 보수가 되는지에 대해서 잘 알고 있습니다.","expression":"f_equip","category":"technology"}],"summary":{"text":"저는 동 업종의 동 생산 라인을 실질적으로 약 한 육 개월 동안 인턴 사원으로서 근무해 본 경험을 가지고 있습니다. 이 프로그램을 직접 운영해 봤고 실제로 검수 과정에 참여해 봤습니다. 현장에서 일을 하다보면 이론과 실제 현장이 많이 다르다는 걸 알기에 저는 인턴 기간 동안 많이 배우려고 노력했습니다.","wordCount":46}}},"rawDataInfo":{"question":{"fileFormat":"wav","fileSize":624078,"duration":19500,"samplingBit":16,"channelCount":1,"samplingRate":"16kHz","audioPath":"/Mock/07.ProductionManufacturing/Male/New/ckmk_q_mm_m_n_171476.wav"},"answer":{"fileFormat":"wav","fileSize":2537678,"duration":79300,"samplingBit":16,"channelCount":1,"samplingRate":"16kHz","audioPath":"/Mock/07.ProductionManufacturing/Male/New/ckmk_a_mm_m_n_171476.wav"}}}