{"version":"1.0","dataSet":{"info":{"date":"20230116","occupation":"MM","channel":"MOCK","place":"ONLINE","gender":"MALE","ageRange":"45-54","experience":"NEW"},"question":{"raw":{"text":"지원자님께서는 만약 우리 회사에 들어오게 된다면 가장 가고 싶은 부서와 왜 그렇게 생각하셨는지 이유를 함께 말씀해 주세요","wordCount":17},"emotion":[],"intent":[]},"answer":{"raw":{"text":"어 제가 만약 회사에 들어갈 수 있다 그러면 저는 제가 어 지원한 바로 이 직무에 일을 맡아서 해보고 싶습니다. 저는 나름 이 직무에 대해서 어 경험을 가지고 있습니다. 저는 약 육 개월 동안 인턴으로 어 동 업종의 동 직무를 제가 지원한 직무를 경험해 본 경험이 있습니다. 저는 생산 라인의 마지막 공정인 검수 라인에서 어 알타 알파 베타 프로그램을 운영할 줄 압니다. 어 물론 자격증도 가지고 있고 어 육 개월 동안 인턴 사 인턴을 생활하면서 그 공정에서 업무를 맡아 본 적이 있습니다. 저는 이 프로그램을 이용해서 어 라인이 돌아가는 방법이라든지 기계를 정비하고 기계를 보수하는 작업까지 직접 경험을 해 봤습니다. 저는 이런 실무 경험이 있는 만큼 저는 제가 지원한 이 직무에서 제가 일을 할 수 있다 그러면 어 누구보다 열심히 어 나름의 경험을 살려서 잘 할 수 있을 거라고 생각합니다.","wordCount":128},"emotion":[],"intent":[{"text":"저는 약 육 개월 동안 인턴으로 어   동 업종의 동 직무를 제가 지원한 직무를 경험해 본 경험이 있습니다.","expression":"c_private","category":"background"},{"text":"저는 생산 라인의 마지막 공정인 검수 라인에서 어 알타 알파   베타 프로그램을 운영할 줄 압니다.","expression":"f_equip","category":"technology"},{"text":"저는 이 프로그램을 이용해서 어 라인이 돌아가는 방법이라든지   기계를 정비하고 기계를 보수하는 작업까지 직접 경험을 해 봤습니다.","expression":"f_equip","category":"technology"}],"summary":{"text":"저는 인턴으로 동 업종의 동 직무를 지원한 경험이 있습니다. 생산 라인의 마지막 공정인 검수 라인에서 알타 알파 베타 프로그램을 운영할 줄 알고 이 프로그램을 이용해서 라인이 돌아가는 방법다든지 기계를 정비하고 보수하는 작업까지 직접 경험을 해 봤습니다. 나름의 경험을 살려서 잘 할 수 있을 것입니다.","wordCount":44}}},"rawDataInfo":{"question":{"fileFormat":"wav","fileSize":647118,"duration":20220,"samplingBit":16,"channelCount":1,"samplingRate":"16kHz","audioPath":"/Mock/07.ProductionManufacturing/Male/New/ckmk_q_mm_m_n_171474.wav"},"answer":{"fileFormat":"wav","fileSize":2341838,"duration":73180,"samplingBit":16,"channelCount":1,"samplingRate":"16kHz","audioPath":"/Mock/07.ProductionManufacturing/Male/New/ckmk_a_mm_m_n_171474.wav"}}}