{"version":"1.0","dataSet":{"info":{"date":"20230116","occupation":"MM","channel":"MOCK","place":"ONLINE","gender":"MALE","ageRange":"45-54","experience":"NEW"},"question":{"raw":{"text":"어 본인이 현재 가지고 있는 그런 위치보다 조금 더 높은 목표를 설정하고 그것을 달성한 경험이 있으실까요 있다면 어떤 경험을 했었는지 좀 설명 부탁드립니다","wordCount":23},"emotion":[],"intent":[]},"answer":{"raw":{"text":"네 저는 예전에 어 부장님 한 분 과장님 한 분 그리고 대리인 저 그리고 동료 대리 한 명 그리고 어 사원 한 명 이렇게 해서 다섯 명이서 프로젝트를 진행했던 적이 있습니다. 그 어 그것은 약 삼 개월 정도가 소요되는 프로젝트였는데 거의 막바지가 됐을 때 한 두 달이 좀 넘었을 때 어 부장님과 과장님이 그 일을 보러 가시다가 교통사고를 당했습니다. 그래서 두 분 다 입원을 하게 되셨고 더 이상 그 그때 한 전치 한 팔 주가 나와 가지고 더 이상 같이 이 프로젝트에 참여할 수가 없는 상황이었습니다. 어 프로젝트 완료까지는 약 한 이십여 일이 남았었고 회사에서는 어 의회를 담당하실 분들이 없었기 때문에 이 프로젝트를 접어야 되느냐 아니면 외부에서 다른 어 팀장님 급을 모셔와서 계속 진행하느냐에 대한 논의가 있었고 어 그때 저는 어 제가 한 번 해보겠다고 말씀을 드렸습니다. 현재 그 일을 제의가 제일 잘 알고 있었기 때문에 외부에서 누가 온다고 그러면 그 보고서를 작성하는 데 문제가 있을 거라고 생각했기 때문입니다. 저는 남은 세 명의 직원과 세 명의 직원이서 그 프로젝트를 완수했습니다. 다행히 그 전에 자료를 많이 준비해 놨기 때문에 그렇게 어렵지는 않았습니다. 최종적으로 어 프로젝 보고서를 회사에다 제출했고 회사에서도 긍정적인 평가를 받고 어 그 보고서는 어 나름 채택된 경험이 있습니다.","wordCount":189},"emotion":[],"intent":[{"text":"어 프로젝트 완료까지는 약 한 이십여 일이 남았었고   회사에서는 어 의회를 담당하실 분들이 없었기 때문에 이 프로젝트를 접어야 되느냐 아니면   외부에서 다른 어 팀장님 급을 모셔와서 계속 진행하느냐에 대한 논의가 있었고   어 그때 저는 어 제가 한 번 해보겠다고 말씀을 드렸습니다.","expression":"f_pat","category":"attitude"}],"summary":{"text":"다섯 명이서 프로젝트를 진행했던 적이 있습니다. 어느 날 두 분이 교통사고를 당해 더는 함께 할 수 없게 되었습니다. 완료까지는 약 이십여 일이 남았고 회사에서 프로젝트의 접느냐, 외부에서 다른 팀장님 급을 모셔와서 진행하느냐에 대한 논의가 있었습니다. 제가 한 번 해보겠다고 말씀을 드리겠습니다. 최종적으로 보고서를 회사에 제출하고 채택되었습니다.","wordCount":46}}},"rawDataInfo":{"question":{"fileFormat":"wav","fileSize":440398,"duration":13760,"samplingBit":16,"channelCount":1,"samplingRate":"16kHz","audioPath":"/Mock/07.ProductionManufacturing/Male/New/ckmk_q_mm_m_n_159957.wav"},"answer":{"fileFormat":"wav","fileSize":2899918,"duration":90620,"samplingBit":16,"channelCount":1,"samplingRate":"16kHz","audioPath":"/Mock/07.ProductionManufacturing/Male/New/ckmk_a_mm_m_n_159957.wav"}}}