{"version":"1.0","dataSet":{"info":{"date":"20230116","occupation":"MM","channel":"MOCK","place":"ONLINE","gender":"MALE","ageRange":"45-54","experience":"NEW"},"question":{"raw":{"text":"우리가 소통 능력을 키우기 위해서는 어떤 일들을 할 수 있을까요 생각나는 방법들에 대해 최대한 자세하게 말씀해 주세요","wordCount":17},"emotion":[],"intent":[]},"answer":{"raw":{"text":"어 소통 능력을 키해서 키우기 위해서 어떤 일을 할 수 있을까 라고 물어보셨는데 어 그냥 저의 방법을 말씀드리겠습니다. 저는 소통 능력을 키우기 위해서 경청을 합니다. 누군가가 이야기를 할 때 그 이야기에 집중하고 그 사람이 하는 이야기에 대해서 호응해주고 반응을 해 줍니다. 어 이것은 뭐 별거 아닌 것 같지만 어 되게 크게 작용을 합니다. 어 내가 이야기를 하는데 누군가 내 이야기를 경청해주고 내 이야기에 호응을 해준다면 저로서는 그 제 이야기를 한 하는 데 들어주 그 사람에 대해서 호감도가 높이 상승합니다. 이 경청을 하면 또 좋은 점이 있습니다. 어 상대방이 무엇을 얘기할려고 하는지 어떤 의도로 저 얘기를 하는지 아니면 저 사람은 무엇 무엇을 바라는지를 알 수 있기 때문에 그 사람과 이야기를 할 때 그 사람이 하는 이야기를 어 들어줌으로써 어 그 사람이 어떤 이야기를 하는지 서 그 사람이 의도에 맞게 제이가 이야기를 끌고 갈 수 있습니다. 그 사람이 꺼려하는 것에 대해서는 좀 피해가면서도 제가 어 주장하고 싶은 말을 정확하게 그들한테 주장할 수 있고 그 역시 어 제 얘기를 들어 줌으로써 서로 소통의 첫 번째 단계라고 저는 생각합니다. 저만의 방법이라 저는 경청을 하는 것입니다.","wordCount":171},"emotion":[],"intent":[{"text":"","expression":"","category":"attitude"}],"summary":{"text":"소통 능력을 키우기 위해서 저는 경청을 합니다. 누군가가 이야기를 할 때 그 사람이 하는 이야기에 대해서 호응해주고 반응을 해 준다면 그 사람에 대한 호감도가 높이 상승합니다. 또한 그 사람이 어떤 이야기를 하는지 알 수 있기 때문에 그 사람이 의도에 맞게 이야기를 끌고 갈 수 있습니다. 제 주장을 정확하게 그들에게 주장할 수 있고 그것이 소통의 첫 단계라고 생각합니다.","wordCount":57}}},"rawDataInfo":{"question":{"fileFormat":"wav","fileSize":317838,"duration":9930,"samplingBit":16,"channelCount":1,"samplingRate":"16kHz","audioPath":"/Mock/07.ProductionManufacturing/Male/New/ckmk_q_mm_m_n_179354.wav"},"answer":{"fileFormat":"wav","fileSize":2902478,"duration":90700,"samplingBit":16,"channelCount":1,"samplingRate":"16kHz","audioPath":"/Mock/07.ProductionManufacturing/Male/New/ckmk_a_mm_m_n_179354.wav"}}}