{"version":"1.0","dataSet":{"info":{"date":"20230116","occupation":"MM","channel":"MOCK","place":"ONLINE","gender":"MALE","ageRange":"-34","experience":"NEW"},"question":{"raw":{"text":"혹시 지금 읽고 계신 책이 있나요 있다면 무슨 책을 읽고 계신지 그 다음에 왜 그 책을 읽고 계신지 이유도 함께 말씀해 주세요","wordCount":22},"emotion":[],"intent":[]},"answer":{"raw":{"text":"저는 최근에 애니멀 커뮤니케이터와 관련된 책을 읽고 있습니다. 이 책을 읽기까지 여러 가지 일이 있었는데 저는 반려동물 키우는 것을 굉장히 좋아합니다. 그 중에서도 강아지 키우는 것을 제일 좋아하고요. 그런데 집안 환경상 집을 자주 비우게 되다 보니 강아지를 키울 수 없었습니다. 그래서 성인이 된 후에 누군가 사람이 살면서 좋은 일을 일부러 하기에는 쉽지 않다고 생각도 들고 반려동물 그 중 반려견과 유기견들을 도와줄 수 있다는 생각이 들어서 유기견 봉사를 최근에 시작을 했습니다. 그런데 봉사를 하다 보면은 아가들이 상처를 받은 아가들이기 때문에 쉽게 도와주기가 어렵습니다. 그래서 말도 못하는 동물이기 때문에 저희 말도 못 알아듣고 그래서 몸으로 소통을 하고 눈빛으로 소통을 하려고 노력을 합니다. 그런데도 저는 전문가는 아니기 때문에 이와 관련해서 좀 더 원활하게 소통을 하고 싶어서 이 책을 읽고 있고요. 이렇게 동물을 도와주다 보면은 저는 굉장히 뿌듯합니다. 하루에 봉사가 끝나고 나서 이 친구들이 편안한 안식처에서 쉬고 있는 모습을 보고 나오면 나도 어떤 곳에 조건 없는 사랑을 줄 수 있는 사람이구나 라는 생각을 하게 됩니다.","wordCount":151},"emotion":[{"text":"이렇게 동물을 도와주다 보면은 저는 굉장히 뿌듯합니다.","expression":"p-achievement","category":"positive"}],"intent":[{"text":"","expression":"","category":"attitude"}],"summary":{"text":"애니멀 커뮤니케이터와 관련된 책을 읽고 있습니다. 집안 환경상 강아지를 키울 수 없어서 반려견과 반려견들을 도울 수 있다는 생각에 입양을 하였습니다. 그런데 상처를 받은 아가들이기 때문에 소통이 어렵습니다. 그래서 몸으로 소통을 하고 눈빛으로 소통을 하려고 노력을 합니다. 이렇게 동물을 도와주다 보면 저는 굉장히 뿌듯합니다.","wordCount":43}}},"rawDataInfo":{"question":{"fileFormat":"wav","fileSize":364878,"duration":11400,"samplingBit":16,"channelCount":1,"samplingRate":"16kHz","audioPath":"/Mock/07.ProductionManufacturing/Male/New/ckmk_q_mm_m_n_170895.wav"},"answer":{"fileFormat":"wav","fileSize":2826318,"duration":88320,"samplingBit":16,"channelCount":1,"samplingRate":"16kHz","audioPath":"/Mock/07.ProductionManufacturing/Male/New/ckmk_a_mm_m_n_170895.wav"}}}