{"version":"1.0","dataSet":{"info":{"date":"20230116","occupation":"MM","channel":"MOCK","place":"ONLINE","gender":"MALE","ageRange":"45-54","experience":"NEW"},"question":{"raw":{"text":"일을 하다가 어 만약에 상사에게 어려운 지시를 받으면 어떻게 하시겠습니까 어 어떻게 하실지 이유도 함께 말씀해 주세요","wordCount":17},"emotion":[],"intent":[]},"answer":{"raw":{"text":"어 제가 뭐 회사의 일원이고 그 회사에 소속된 이상 그리고 뭐 저한테 상사가 있는 이상 상사가 시키는 일은 업무적으로는 무조건 저는 해야 된다 라고 생각을 합니다. 뭐 그게 어렵 어려운 일이라고 피하고 쉬운 일이라고 찾아서 할 수 있는 내가 아니라고 생각을 합니다. 뭐 어차피 회사는 조직이기 때문에 그 일이 어 저한테 뭐 일에 따라서 뭐 상대적이겠지만 뭐 어려운 일일 수도 있고 뭐 쉬운 일일 수도 있는데 일단 저에게 주어진 일이라면 저는 어 완수를 할 수 있도록 노력을 할 것 같습니다. 뭐 그 일이 비록 어렵고 제가 뭐 경험을 못해서 잘 모르는 일이라 그러면 저는 그 일을 잘하는 전문가한테 도움을 청하겠습니다. 뭐 단순히 그 사람한테 도움을 청해서 이거를 해결하고 했다는 게 아니라 그렇게 도움을 청하면서 그 일을 제가 배우고 익혀서 다음에 그 일과 같은 똑같은 일이 주어졌을 때 저는 그것을 완수해 내면 된다 라고 생각을 합니다. 어 뭐 어려운 일이라고 해서 저는 그게 뭐 회사 내에서 하는 일이라고 그러면 충분히 주변으로 제가 노력을 하고 주변으로부터 도움을 받으면 뭐 충분히 해결해 낼 수 있는 일이라고 생각합니다.","wordCount":164},"emotion":[],"intent":[{"text":"","expression":"","category":"attitude"}],"summary":{"text":"회사 소속이고 상사가 있는 이상 저한테 상사가 시키는 일은 업무적으로는 무조건 제가 해야 합니다. 그 일이 비록 어렵고 경험이 없어서 잘 모르는 일이라 그러면 그 일을 잘하는 전문가한테 도움을 청하겠습니다. 그렇게 해서 나중에 그 일과 같은 똑같은 일이 주어졌을 때 저는 그것을 완수해 내면 될 것이라고 생각합니다.","wordCount":47}}},"rawDataInfo":{"question":{"fileFormat":"wav","fileSize":500558,"duration":15640,"samplingBit":16,"channelCount":1,"samplingRate":"16kHz","audioPath":"/Mock/07.ProductionManufacturing/Male/New/ckmk_q_mm_m_n_159962.wav"},"answer":{"fileFormat":"wav","fileSize":2439438,"duration":76230,"samplingBit":16,"channelCount":1,"samplingRate":"16kHz","audioPath":"/Mock/07.ProductionManufacturing/Male/New/ckmk_a_mm_m_n_159962.wav"}}}