{"version":"1.0","dataSet":{"info":{"date":"20230116","occupation":"MM","channel":"MOCK","place":"ONLINE","gender":"MALE","ageRange":"-34","experience":"NEW"},"question":{"raw":{"text":"지원자님께선 요즘 공부하고 있는 것이 있나요 있다면 왜 그걸 공부하는지 지금까지 무엇을 배웠는지도 함께 말씀해 주시기 바랍니다","wordCount":17},"emotion":[],"intent":[]},"answer":{"raw":{"text":"요즘 공부하고 있는 것은 영어 회화입니다. 제가 이 회사에 입사하기 위해서 영어 회화를 열심히 공부했고 영어 어 영어 회화 시험인 오픽이라는 시험에서 어 최고 등급인 에이 엘을 받았고 어 그런 좋은 결과가 저에 대한 자신감으로 이어 좋게 그런 자신감이 흥미까지로 이어졌습니다. 어 그런 흥미가 지금 현재 갖고 있으면서 요즘 현재 그런 것들을 공부하고 있고 그런 공부를 하는 데 있는 이 회사가 다양한 나라로 현재 해외 사업들을 펼치고 있는 것으로 알고 있습니다. 때문에 그런 부분에서 필수적인 항목이 필수적인 요소인 어 영어 회화라는 것을 저도 부족함 없이 부족함 없는 신입 사원이 되고 싶기 때문에 현재 열심히 공부하고 있으며 그런 저의 열심히 공부하는 것들을 이 회사에 입사하게 되어서 에 회사의 성장과 저의 성장에 있어서 에 큰 도움을 드리고 싶습니다.","wordCount":116},"emotion":[{"text":"때문에 그런 부분에서 필수적인 항목이 필수적인 요소인 어 영어 회화라는 것을 저도 부족함 없이 부족함 없는 신입 사원이 되고 싶기 때문에 현재 열심히 공부하고 있으며 그런 저의 열심히 공부하는 것들을 이 회사에 입사하게 되어서 에 회사의 성장과 저의 성장에 있어서 에 큰 도움을 드리고 싶습니다.","expression":"p-interest","category":"positive"}],"intent":[{"text":"","expression":"","category":"attitude"}],"summary":{"text":"이 회사에 입사하기 위해서 영어 회화를 열심히 공부하고 있습니다. 오픽이라는 시험에서 최고 등급인 에이 엘을 받았고 그런 좋은 결과가 저에 대한 자신감으로 이어져 흥미를 갖게 됐습니다. 이 회사가 다양한 나라로 현재 해외 사업들을 펼치고 있기 때문에 영어 회화도 필수적인 항목입니다.","wordCount":40}}},"rawDataInfo":{"question":{"fileFormat":"wav","fileSize":379598,"duration":11860,"samplingBit":16,"channelCount":1,"samplingRate":"16kHz","audioPath":"/Mock/07.ProductionManufacturing/Male/New/ckmk_q_mm_m_n_183834.wav"},"answer":{"fileFormat":"wav","fileSize":2623758,"duration":81990,"samplingBit":16,"channelCount":1,"samplingRate":"16kHz","audioPath":"/Mock/07.ProductionManufacturing/Male/New/ckmk_a_mm_m_n_183834.wav"}}}