{"version":"1.0","dataSet":{"info":{"date":"20230116","occupation":"MM","channel":"MOCK","place":"ONLINE","gender":"MALE","ageRange":"45-54","experience":"NEW"},"question":{"raw":{"text":"어 만약에 상사가 회사의 이익에 반하는 행동을 하는 것을 직접 목격했다고 하면 어 그때 지원자님께서는 어떻게 행동하시겠는지요 어 어떻게 행동하실지 궁금하네요","wordCount":21},"emotion":[],"intent":[]},"answer":{"raw":{"text":"만약에 회사의 이익이 반하는 그런 행동을 목격했다면 저는 먼저 회사에 보고하지 않고 그 직장 상사에 가서 제가 본 것이 맞는지 확실한 건지 먼저 얘기를 하겠습니다. 즉 그 상황이 어떤지 제가 납득한 후에 판단을 내리고 제가 실수할 수도 있는 것이니까요. 그리고 오해할 수도 있는 것이니까요. 그런 다음에 솔직한 얘기를 듣고 그게 만약에 회사에 반하는 그런 행동이 맞다면 저는 그 즉시 회사에 보고를 해서 조치를 취하도록 하겠습니다. 그것이 회사의 이익에 저는 맞다고 생각합니다. 이 회사는 개인의 것이 아닙니다. 회사의 이익에 반해서 그런 행동이 회사에 영향을 끼쳤을 때는 나머지 회사원들에게 막대한 손실을 가져다 줄 수도 있는 거니까요.","wordCount":94},"emotion":[],"intent":[{"text":"","expression":"","category":"attitude"}],"summary":{"text":"회사 이익에 반하는 행동을 목격했다면 회사로 보고하지 않고 직장 상사에 가서 본 것이 맞는지 확인한 후 조치를 취하도록 하겠습니다. 그것이 회사의 이익에 맞다고 생각합니다. 그 행동이 회사에 영향을 끼쳤을 때는 나머지 회사원들에게 막대한 손실을 가져다 줄 수도 있는 것입니다.","wordCount":39}}},"rawDataInfo":{"question":{"fileFormat":"wav","fileSize":537038,"duration":16780,"samplingBit":16,"channelCount":1,"samplingRate":"16kHz","audioPath":"/Mock/07.ProductionManufacturing/Male/New/ckmk_q_mm_m_n_176693.wav"},"answer":{"fileFormat":"wav","fileSize":1967438,"duration":61480,"samplingBit":16,"channelCount":1,"samplingRate":"16kHz","audioPath":"/Mock/07.ProductionManufacturing/Male/New/ckmk_a_mm_m_n_176693.wav"}}}