{"version":"1.0","dataSet":{"info":{"date":"20230116","occupation":"MM","channel":"MOCK","place":"ONLINE","gender":"MALE","ageRange":"45-54","experience":"NEW"},"question":{"raw":{"text":"협업을 할 때 사교성이 좋은 편인지 궁금합니다 또 사교성을 키우기 위해 어떤 노력을 하셨는지 말씀해 주세요","wordCount":16},"emotion":[],"intent":[]},"answer":{"raw":{"text":"어 저는 제 스스로 생각하기에 사교육성이 좋은 편이라고 생각을 합니다. 어 저는 일단 제 성격 자체가 특히 특별하게 모난 성격이 아닙니다. 어 전 가능하면 남들과 다툼을 안 하려고 노력을 하고 어 그들과 어 친하게 지낼려고 우호적인 관계를 맺으려고 애를 씁니다. 저는 개인적으로 남이 이야기를 할 때 그 이야기를 잘 들어 줍니다. 어 어 때로는 그냥 단순히 제가 어떤 조언을 하지 않더라도 누군가의 얘기를 잘 들어주는 것만으로도 그 사람은 어 편안함을 느낄 때가 있습니다. 저는 어 상대방의 이야기를 잘 들어주고 잘 경청을 잘 하는 편입니다. 상대방의 이야기를 잘 들어줄 때는 여러 가지 이점이 있습니다. 가만히 상대방의 이야기를 집중해서 들으면 그 사람이 무엇을 얘기하는지 그 사람이 어떤 도 이것을 얘기하는지를 쉽게 파악할 수가 있습니다. 그런 경우 상대방이 말에 호응을 해주고 상대방이 원하는 바를 이렇게 동조해주면 그 상대방으로부터 호감을 얻고 저 역시 그한테 어떤 부탁이나 어떤 요구를 할 때 좀 더 쉽게 제 의사를 전달할 수 있었던 것 같습니다. 저는 사교성을 키우기 위해서는 일단 상대방의 이야기를 잘 들어주는 것이 필요하다고 생각합니다.","wordCount":158},"emotion":[],"intent":[{"text":"어 저는 제 스스로 생각하기에 사교육성이 좋은 편이라고 생각을 합니다.","expression":"c_person","category":"background"},{"text":"어 저는 일단 제 성격 자체가 특히 특별하게 모난 성격이 아닙니다.","expression":"c_person","category":"background"}],"summary":{"text":"저는 사교성이 좋은 편이라고 생각합니다. 저는 남들과 다툼을 안 하려 노력하고 우호적인 관계를 맺으려 합니다. 저는 상대방의 이야기에 경청을 잘 하는 편인데, 그 사람의 얘기에 호응을 해주고 원하는 바를 동조해주면 그 상대방으로부터 호감을 얻고 저 역시 그한테 어떤 부탁이나 어떤 요구를 할 때 쉽게 제 의사를 전달할 수 있습니다.","wordCount":49}}},"rawDataInfo":{"question":{"fileFormat":"wav","fileSize":346958,"duration":10840,"samplingBit":16,"channelCount":1,"samplingRate":"16kHz","audioPath":"/Mock/07.ProductionManufacturing/Male/New/ckmk_q_mm_m_n_172580.wav"},"answer":{"fileFormat":"wav","fileSize":2769998,"duration":86560,"samplingBit":16,"channelCount":1,"samplingRate":"16kHz","audioPath":"/Mock/07.ProductionManufacturing/Male/New/ckmk_a_mm_m_n_172580.wav"}}}