{"version":"1.0","dataSet":{"info":{"date":"20230116","occupation":"MM","channel":"MOCK","place":"ONLINE","gender":"MALE","ageRange":"45-54","experience":"NEW"},"question":{"raw":{"text":"어 지원자님께서는 어 다양한 조직에 속해졌을 텐데요 그동안 속해 있었던 조직이나 단체 속에서 주로 어떤 역할을 맡았는지 말씀해 주시기 바랍니다 이유와 함께 말씀해 주세요","wordCount":24},"emotion":[],"intent":[]},"answer":{"raw":{"text":"어 저는 솔직히 말씀드려서 제가 소극적인 것인지는 모르겠지만 어 이렇게 남들 앞에 나서는 것을 그리 좋아하지 않습니다. 어 남 누군가와 다툼이라든지 이런 것도 가능하면 어 피하려고 애쓰는 편입니다. 어 저는 조직 내에서 보통 제 역할을 말씀드리면 저는 약간 좀 중간자적인 역할을 많이 수행해 오고 그것을 좀 더 어 편하게 생각하는 것 같습니다. 일단 리더라든지 팀장이 됐을 경우에는 일단 그 조직을 책임져야 되고 조율해야 되고 이러다 보니까 저도 모르게 이제 규칙 속에 좀 어 갖히게 되고 어 좀 이렇게 경직되는 경향이 있는 것 같습니다. 저는 중간자적 입장에서 어 뭐 상사라든지 뭐 손님이 어 이야기하는 것을 정리해서 어 뭐 동료나 부하 직원에게 전달하고 또 어 아래 직원들이 좀 불편해한 거 애로사항 같은 것을 정리해서 어 그 팀장이나 리더에게 전달하는 그런 역할을 해왔던 것 같습니다. 저는 그 팀이 어 잘 운영이 될 수 있도록 잘 돌아갈 수 있도록 중간자적 역할을 하면서 팀을 두루 살피는 그런 역할을 주로 해왔던 것 같습니다.","wordCount":147},"emotion":[],"intent":[{"text":"","expression":"","category":"attitude"}],"summary":{"text":"저는 리더나 팀장이 됐을 경우에는 조직을 책임져야 되고 조율해야 되니 규칙 속에 갖히게 되고 어 경직되는 경향이 있습니다. 중간자적 입장에서 상사나 손님의 이야기를 정리해서 동료나 부하 직원에게 전달하고, 아래 직원들이 불편해한 것을 정리해서 팀장이나 리더에게 전달하는 역할인 것 같습니다.","wordCount":39}}},"rawDataInfo":{"question":{"fileFormat":"wav","fileSize":544078,"duration":17000,"samplingBit":16,"channelCount":1,"samplingRate":"16kHz","audioPath":"/Mock/07.ProductionManufacturing/Male/New/ckmk_q_mm_m_n_179325.wav"},"answer":{"fileFormat":"wav","fileSize":2612878,"duration":81650,"samplingBit":16,"channelCount":1,"samplingRate":"16kHz","audioPath":"/Mock/07.ProductionManufacturing/Male/New/ckmk_a_mm_m_n_179325.wav"}}}