{"version":"1.0","dataSet":{"info":{"date":"20230116","occupation":"MM","channel":"MOCK","place":"ONLINE","gender":"MALE","ageRange":"45-54","experience":"NEW"},"question":{"raw":{"text":"지원자님의 십 년 후의 미래는 어떠실 것 같은지 설명해 주시구요 그때도 저희 회사에 계속 다니고 있을 것 같은지도 함께 답변 바랍니다","wordCount":21},"emotion":[],"intent":[]},"answer":{"raw":{"text":"만약 이 회사가 제가 생각하는 성장 가능성과 안정성을 함께 줄 수 있으며 함께 일하는 사람들이 어 저희 저에게 도움이 되는 그리고 제가 역시 그분들에게 도움이 될 수 있는 그런 사람이라면 저는 십 년 후에도 지금 회사에 계속 다니고 있을 것이라고 생각을 합니다.","wordCount":42},"emotion":[],"intent":[{"text":"","expression":"","category":"attitude"}],"summary":{"text":"회사가 성장 가능성과 안정성을 함께 주고, 함께 일하는 사람들이 저 역시 그들에게 도움이 되는 사람이라면 십 년 후에도 계속 다니고 있을 것입니다.","wordCount":22}}},"rawDataInfo":{"question":{"fileFormat":"wav","fileSize":379598,"duration":11860,"samplingBit":16,"channelCount":1,"samplingRate":"16kHz","audioPath":"/Mock/07.ProductionManufacturing/Male/New/ckmk_q_mm_m_n_174610.wav"},"answer":{"fileFormat":"wav","fileSize":750798,"duration":23460,"samplingBit":16,"channelCount":1,"samplingRate":"16kHz","audioPath":"/Mock/07.ProductionManufacturing/Male/New/ckmk_a_mm_m_n_174610.wav"}}}