{"version":"1.0","dataSet":{"info":{"date":"20230116","occupation":"MM","channel":"MOCK","place":"ONLINE","gender":"MALE","ageRange":"-34","experience":"NEW"},"question":{"raw":{"text":"지원자님께서는 팀으로 일을 수행하는 것과 혼자 일을 수행하는 것 둘 중에 무엇을 더 선호하시나요 이유도 함께 말씀해 주세요","wordCount":18},"emotion":[],"intent":[]},"answer":{"raw":{"text":"저는 항상 누구랑 소통을 하는 것을 좋아하는데요. 양방향으로 서로 감정을 공유하고 상황을 공유하고 같이 협업하고 이런 팀워크를 굉장히 좋아합니다. 그렇기 때문에 저는 팀으도 일하는 것을 더 선호합니다. 이렇게 팀으로서 배정을 받았을 때 같은 팀원들이 저랑 잘 맞는 팀원이라면 이보다 더 좋은 씨너지는 없습니다. 이제 저희는 성과를 만들 준비만 하는 것이죠. 여러 가지 성과도 만들어내고 그걸 같이 공유를 하고 같이 성취감을 느끼고 뒤풀이도 하고 이런 것이 어떻게 보면은 저는 회사 생활 중 꽤 중요한 부분이라고 생각을 합니다. 그런데 물론 이와 반대로 팀원들이 저랑 안 맞는 사람들일 수도 있습니다. 그런 경우에는 정말 아까 상황과 정반대로 굉장히 힘들겠죠. 성과도 안 나오고 팀원과 불화는 점점 깊어지고. 그런 경우에도 건설적으로 불화를 해결하기 위해서 여러 가지 생각을 합니다. 서로 역지사지의 마음을 가지는 것이죠. 상대방은 이런 상황이고 이런 성격이고 이런 일을 하기 때문에 서로 이렇게 돕고 다시 성과를 내보도록 해야겠다. 결국 으쌰 으쌰 하게 되는 분위기를 만들어내려고 합니다.","wordCount":141},"emotion":[],"intent":[{"text":"","expression":"","category":"attitude"}],"summary":{"text":"저는 양방향으로 서로 감정을 공유하고 상황을 공유하고 같이 협업하고 이런 팀워크를 굉장히 좋아합니다. 그렇기 때문에 저는 팀워크도 일하는 것을 더 선호합니다. 여러 가지 성과도 만들어내고 그것을 같이 공유를 하고 같이 성취감을 느끼고 뒤풀이도 하는 것이 회사 생활 중 꽤 중요한 부분이라고 생각합니다.","wordCount":42}}},"rawDataInfo":{"question":{"fileFormat":"wav","fileSize":402318,"duration":12570,"samplingBit":16,"channelCount":1,"samplingRate":"16kHz","audioPath":"/Mock/07.ProductionManufacturing/Male/New/ckmk_q_mm_m_n_170900.wav"},"answer":{"fileFormat":"wav","fileSize":2803278,"duration":87600,"samplingBit":16,"channelCount":1,"samplingRate":"16kHz","audioPath":"/Mock/07.ProductionManufacturing/Male/New/ckmk_a_mm_m_n_170900.wav"}}}