{"version":"1.0","dataSet":{"info":{"date":"20230116","occupation":"MM","channel":"MOCK","place":"ONLINE","gender":"MALE","ageRange":"45-54","experience":"NEW"},"question":{"raw":{"text":"지원자님께서 입사하시고 나서 선배를 만나게 된다면 어떤 모습의 선배를 만나고 싶으실까요 그리고 왜 그런 모습의 선배를 만나고 싶은지도 이유와 함께 말씀해 주시기 바랍니다","wordCount":23},"emotion":[],"intent":[]},"answer":{"raw":{"text":"저의 선배는 능력이 있는 사람이었으면 좋겠습니다. 어떠한 문제를 물어봐도 경험치가 높아서 어떠한 대답도 잘 해줄 수 있는 그런 선배였으면 좋겠습니다. 그래야지만이 저도 그 밑에서 여러 가지 것들을 잘 배울 수 있으니까요. 물론 친절하면 좋겠지만 그렇지 않더라도 배우기 위해서는 엄격한 잣대도 굉장히 중요하다고 생각합니다. 거기다가 플러스 인간성이 좀 좋았으면 좋겠습니다. 능력은 출중한데 밑에 있는 부하 직원이나 이런 사람들을 괴롭히는 그런 선배는 전혀 만나고 싶지 않습니다. 능력을 믿고서 그 밑에 있는 후배 선 그 후배 사원들을 괴롭히는 그런 못된 선배들을 저는 더러 경험한 적이 있기 때문에 다시는 그런 선배들은 만나고 싶지가 않습니다.","wordCount":90},"emotion":[],"intent":[{"text":"","expression":"","category":"attitude"}],"summary":{"text":"저는 능력있는 선배, 엄격한 잣대, 플러스 인간성이 좋은 선배를 원합니다. 능력이 출중한데 부하직원이나 부하를 괴롭히는 선배는 만나고 싶지 않습니다. 능력을 믿고 부하직원을 괴롭히는 선배를 경험한 적이 있기 때문입니다.","wordCount":28}}},"rawDataInfo":{"question":{"fileFormat":"wav","fileSize":465998,"duration":14560,"samplingBit":16,"channelCount":1,"samplingRate":"16kHz","audioPath":"/Mock/07.ProductionManufacturing/Male/New/ckmk_q_mm_m_n_176696.wav"},"answer":{"fileFormat":"wav","fileSize":2115598,"duration":66110,"samplingBit":16,"channelCount":1,"samplingRate":"16kHz","audioPath":"/Mock/07.ProductionManufacturing/Male/New/ckmk_a_mm_m_n_176696.wav"}}}