{"version":"1.0","dataSet":{"info":{"date":"20230116","occupation":"MM","channel":"MOCK","place":"ONLINE","gender":"MALE","ageRange":"45-54","experience":"NEW"},"question":{"raw":{"text":"만약 업무를 수행하던 중 직무가 지원자님의 적성과 맞지 않다고 생각되신다면 어떻게 하시겠습니까 상황을 가정하고 말씀해 주시기 바랍니다","wordCount":17},"emotion":[],"intent":[]},"answer":{"raw":{"text":"어 일을 하던 중 적성에 안 맞는다 라는 말씀은 제가 지원한 그 제가 원해서 지원한 일을 하고 있는데 하다 보니 그게 직무의 적성에 안 맞다 라고 제가 느낀 거라면 저는 어 더욱 매달려 보겠습니다. 일단 제가 지원한 직무라는 것은 제 나름대로 오랜 시간에 걸쳐서 제가 고민하고 결정해서 지원한 직무일 텐데 어 그 일이 제가 생각했던 거와 다를 수 있는 가능성은 충분히 많이 있다고 생각합니다. 뭐 모든 일들이 본인이 생각한 거랑 바깥에서 보는 거랑 직접 본인이 겪는 일은 다르다 보니 제가 처음에는 이 일을 내가 잘 수용할 수 있겠다 싶었지만 하다 보니 이게 적성에 안 맞을 수도 있고 뭐 그런 일은 충분히 있을 수 있다고 생각을 합니다. 하지만 저는 제가 그 직무를 지원하기 위해서 노력했던 시간이 있는 만 시간이 있는 만큼 어 조금 더 그 일에 매진하고 매달려 보고 어 좀 치열하게 더 그 일과 부딪쳐 보도록 하겠습니다. 어 그래도 그렇게 했는데도 만약에 정말로 적성에 안 맞는다면 그거는 제 스스로가 판단을 잘못한 것이고 저의 끈기가 부족한 거라고 생각될 것 같습니다.","wordCount":159},"emotion":[],"intent":[{"text":"","expression":"","category":"attitude"}],"summary":{"text":"일을 하던 중 적성에 안 맞는다 라는 말씀은 제가 지원한 일을 하고 있는데 하다 보니 적성에 맞지 않는다 라고 느낀 거라면 더욱 매달려 보겠습니다. 제가 지원한 직무라는 것은 오랜 시간에 걸쳐서 제가 고민하고 결정해서 지원한 직무일 텐데 그 일이 제가 생각했던 거와 다를 수 있는 가능성은 충분히 많이 있다고 생각합니다.","wordCount":50}}},"rawDataInfo":{"question":{"fileFormat":"wav","fileSize":498318,"duration":15570,"samplingBit":16,"channelCount":1,"samplingRate":"16kHz","audioPath":"/Mock/07.ProductionManufacturing/Male/New/ckmk_q_mm_m_n_160246.wav"},"answer":{"fileFormat":"wav","fileSize":2538638,"duration":79330,"samplingBit":16,"channelCount":1,"samplingRate":"16kHz","audioPath":"/Mock/07.ProductionManufacturing/Male/New/ckmk_a_mm_m_n_160246.wav"}}}