{"version":"1.0","dataSet":{"info":{"date":"20230116","occupation":"MM","channel":"MOCK","place":"ONLINE","gender":"MALE","ageRange":"45-54","experience":"NEW"},"question":{"raw":{"text":"주말 근무나 야근에 대해서 어떻게 생각하세요","wordCount":6},"emotion":[],"intent":[]},"answer":{"raw":{"text":"저는 제가 만약 채용이 된다면 어 채용이 돼 가지고 어 이 회사에 소속원이 된다고 그러면 주말 근무나 야근 기타 이렇게 잔업으로 발생하는 것에 대한 어 책임감을 가진다 라고 생각을 합니다. 제가 최소한 이 회사에 어 직원으로서 마땅히 제가 해야 될 임무가 있고 어 그 임무 중에는 야근 역시 포함이 된다 라고 생각을 합니다. 어 일을 하다보면 경우에 따라서 시간에 쫓기는 경우가 있고 그렇다고 하면 잔업이나 야근은 당연한 그 일을 제가 해야 되는 일의 연장이라고 생각을 합니다. 물론 회사에서는 어 당연히 제가 야근이라든지 시간 외로 근무해 근무해야 되는 것은 맞 적당한 어 합당한 보상을 해 준다 라고 저는 알고 있습니다. 그렇다면 어 잔업이라든지 그 시간의 근무는 당연히 이루어질 수 있고 제 임무의 어 연장선으로 보기 때문에 야근이나 잔업은 어 충분히 가능하고 그것에 대한 불만은 없습니다.","wordCount":124},"emotion":[],"intent":[{"text":"","expression":"","category":"attitude"}],"summary":{"text":" 이 회사에 소속원이 된다면 주말 근무나 야근 기타 잔업으로 발생하는 것에 대한 책임감을 가질 것입니다. 일을 하다보면 시간에 쫓기는 경우가 있고 잔업이나 야근은 당연한 그 일을 제가 해야 되는 일의 연장이라고 생각합니다.","wordCount":32}}},"rawDataInfo":{"question":{"fileFormat":"wav","fileSize":227598,"duration":7110,"samplingBit":16,"channelCount":1,"samplingRate":"16kHz","audioPath":"/Mock/07.ProductionManufacturing/Male/New/ckmk_q_mm_m_n_171477.wav"},"answer":{"fileFormat":"wav","fileSize":2270158,"duration":70940,"samplingBit":16,"channelCount":1,"samplingRate":"16kHz","audioPath":"/Mock/07.ProductionManufacturing/Male/New/ckmk_a_mm_m_n_171477.wav"}}}