{"version":"1.0","dataSet":{"info":{"date":"20230116","occupation":"MM","channel":"MOCK","place":"ONLINE","gender":"MALE","ageRange":"45-54","experience":"NEW"},"question":{"raw":{"text":"직무지 식 역량 태도 이 세 가지 요소 중에 가장 중요하다고 생각하시는 것은 무엇입니까 그 이유를 말씀해 주시겠습니까","wordCount":18},"emotion":[],"intent":[]},"answer":{"raw":{"text":"어 직무 지식 역량 태도 어 이 세 가지 모두는 신입사원으로서 갖추어 갖추어져야 갖추어야 할 덕목이라고 생각을 합니다. 어 이 셋 중 뭐 그래도 그 중 하나 비중을 둔다 라고 생각하면 저는 태도라고 생각을 합니다. 어 직무 지식은 당연히 그 어떤 일이 주어졌을 때 어떤 일을 제가 대처하게 됐을 때 그것에 대해서 직무 지식이 있다면 좀 더 빨리 적응하고 그것을 잘 수행해낼 수 수행해 낼 수 있는 능력이라고 생각합니다. 역량 역시 내가 제 스스로 역량을 갖추고 있다면 어떤 일을 대할 때 그것을 더 빨리 에프 수 흡수하고 발전시킬 수 있는 능력이라고 생각을 합니다. 하지만 이 두 가지 직무 지식과 역량은 어느 정도 직장 생활을 하면서 시간이 쌓이고 경험이 쌓이다 보면 자연스럽게 늘 수 있는 부분이라고 생각을 합니다. 물론 이것도 개인의 능력차에 따라 달라질 수는 있지만 그래도 시간이 어느 정도 해결해 준다 라고 봤을 때 저는 태도만큼은 좀 더 기본적인 일을 대 일에 임하는 그 개인의 마음가짐이라고 생각을 합니다. 어떤 일을 할 때 이것을 내가 얼마나 적극적으로 임할 수 있냐는 기본적인 마음이기 때문에 저는 개인적으로 이 세 가지 중에는 태도가 가장 중요 하지 않을까 생각합니다.","wordCount":174},"emotion":[],"intent":[{"text":"","expression":"","category":"attitude"}],"summary":{"text":"신입 사원으로서 갖추어야 할 덕목 중 하나는 태도라고 생각합니다. 직무 지식과 역량은 직장 생활을 하면서 자연스럽게 늘 수 있는 부분이라 생각합니다. 태도만큼은 기본적인 일에 임하는 그 개인의 마음가짐이라고 생각합니다.","wordCount":29}}},"rawDataInfo":{"question":{"fileFormat":"wav","fileSize":623438,"duration":19480,"samplingBit":16,"channelCount":1,"samplingRate":"16kHz","audioPath":"/Mock/07.ProductionManufacturing/Male/New/ckmk_q_mm_m_n_180789.wav"},"answer":{"fileFormat":"wav","fileSize":2666318,"duration":83320,"samplingBit":16,"channelCount":1,"samplingRate":"16kHz","audioPath":"/Mock/07.ProductionManufacturing/Male/New/ckmk_a_mm_m_n_180789.wav"}}}