{"version":"1.0","dataSet":{"info":{"date":"20230116","occupation":"MM","channel":"MOCK","place":"ONLINE","gender":"MALE","ageRange":"45-54","experience":"NEW"},"question":{"raw":{"text":"지원자님께서 직무를 수행 시 어떠한 난관에 봉착했다면 어떻게 해결하시겠습니까 지원자님의 해결법과 그 이유를 말씀 부탁드립니다","wordCount":15},"emotion":[],"intent":[]},"answer":{"raw":{"text":"어 저는 직무수행 시 난관에 봉착한다면 도움을 청하겠습니다. 어 이것은 제가 뭐 단순히 그 일이 어려워서 이것을 쉽게 가고자 피하려는 어 행동이 아니고 어 일단 어떤 일에 난관에 부딪치면 그것은 당연히 제가 해결해야 될 문제지만 어 이것을 제가 모르는 거 어려운 일이라그러면 당연히 뭐 선배나 동료 이 일에 대한 전문가 이 일에 대해서 잘 알고 있는 이에게 도움을 청하는 게 맞다고 생각을 합니다. 다만 그 도움을 청했을 때에는 반드시 제가 그것을 배우고 익혀서 다음에 이 이와 같이 똑같은 일이 저에게 주어졌을 때 그것을 완수해 낼 수 있는 능력을 갖추면 된다고 생각을 합니다. 회사에서 하는 일이라는 게 어 제가 해서 이걸 다음 과정으로 누군가한테 넘긴다라든지 제가 이 이 일을 수행하고 나서 보고서를 올려야 되는데 마냥 이 일이 어렵다고 해서 제가 이걸 손에 쥐고 있을 게 되면 그 다음으로 진행 할 수 없는 문제가 생깁니다. 저는 어 이 일에 대한 뭐 경험을 가진 자 아니면 이 일에 대한 전문가한테 도움을 청해서 그 일을 해결하고 그럼과 동시에 그 일을 제가 배워 배우고 익혀서 다음에 이런 일이 저에게 주어졌을 때 제가 그 임무를 수행해 내면 그것이 올바른 행동이라고 생각합니다.","wordCount":175},"emotion":[],"intent":[{"text":"","expression":"","category":"attitude"}],"summary":{"text":"직무수행 시 난관에 봉착했을 때 도움을 청할 때는 반드시 제가 그것을 배우고 익혀 다음 일을 완수해 낼 수 있는 능력을 갖추어야 한다고 생각합니다. 회사에서 하는 일이라는 게 마냥 일이 어렵다고 해서 다음 일을 진행 할 수 없는 문제가 생깁니다. 전문가한테 도움 청해서 일을 해결하고 다음 일을 제가 수행해 내면 그것이 올바른 행동이라고 생각합니다.","wordCount":53}}},"rawDataInfo":{"question":{"fileFormat":"wav","fileSize":569358,"duration":17790,"samplingBit":16,"channelCount":1,"samplingRate":"16kHz","audioPath":"/Mock/07.ProductionManufacturing/Male/New/ckmk_q_mm_m_n_168464.wav"},"answer":{"fileFormat":"wav","fileSize":2707918,"duration":84620,"samplingBit":16,"channelCount":1,"samplingRate":"16kHz","audioPath":"/Mock/07.ProductionManufacturing/Male/New/ckmk_a_mm_m_n_168464.wav"}}}