{"version":"1.0","dataSet":{"info":{"date":"20230116","occupation":"MM","channel":"MOCK","place":"ONLINE","gender":"MALE","ageRange":"45-54","experience":"NEW"},"question":{"raw":{"text":"지원자님께서 만약 일을 하던 중 직무가 적성에 맞지 않는다면 어떻게 하시겠습니까 지원자님은 상황을 가정하고 설명과 말씀 부탁드려요","wordCount":17},"emotion":[],"intent":[]},"answer":{"raw":{"text":"어 만약 이런 일이 저한테 생긴다면 저로서는 참 어 안타까울 것 같습니다. 저는 이 직무에 도전하기 위해서 꽤 오랫동안 노력을 해왔습니다. 저는 이 직무에 저 도전하고자 어 약 일 년 육 개월 동안 공부를 해서 자격증을 취득하였고 어 나름 이 업무에 정말 저한테 맞는지 제가 정말 이 업무에서 잘 적응할 수 있는지를 확인하기 위해서 약 육 개월 동안에 인턴 과정도 밟았습니다. 어 저는 인턴 과정을 밟으면서 어 정말 이 일은 내가 평생을 한 번 도전해 볼 만한 일이라는 확신을 가졌습니다. 저는 이 일을 하면서 자부심을 느꼈고 어 어떡하면 더 일을 잘 할 수 있을까에 대해서 매사에 연구를 하고 있습니다. 그런데 이런 일이 저한테 적성에 안 맞는다 라고 하시면 저 솔직이 더 이상 드릴 말씀이 없습니다. 저희 이일은 분명히 제 적성에 맞을 것이고 저는 이 일을 누구보다 열심히 잘 수행할 자신이 있기 때문입니다. 다시 질문으로 돌아가서 그런데도 이 일이 저한테 적성에 맞지 않는다 라고 하면 저는 더 노력하겠습니다. 어 나름 이 일을 하기 위해서 제가 오랫동안 노력해 온 그 어 정성도 있고 저는 반드시 일을 더 열심히 노력해서 분명히 일을 잘 이 일에 적응할 수 있을 것이라고 믿습니다.","wordCount":177},"emotion":[],"intent":[{"text":"","expression":"","category":"attitude"}],"summary":{"text":"저는 이 직무에 도전하고자 자격증을 취득하고, 인턴 과정도 밟았습니다. 인턴 과정을 거치면서 이 일은 제가 평생 도전해 볼 만한 일이라는 확신을 가졌습니다. 저는 이 일을 하면서 자부심을 느끼고 일을 잘 할 수 있는 방법에 대해 연구하고 있습니다. 만약 이런 일이 저한테 생긴다면 저는 더 열심히 노력할 것입니다.","wordCount":47}}},"rawDataInfo":{"question":{"fileFormat":"wav","fileSize":456398,"duration":14260,"samplingBit":16,"channelCount":1,"samplingRate":"16kHz","audioPath":"/Mock/07.ProductionManufacturing/Male/New/ckmk_q_mm_m_n_172686.wav"},"answer":{"fileFormat":"wav","fileSize":2864718,"duration":89520,"samplingBit":16,"channelCount":1,"samplingRate":"16kHz","audioPath":"/Mock/07.ProductionManufacturing/Male/New/ckmk_a_mm_m_n_172686.wav"}}}