{"version":"1.0","dataSet":{"info":{"date":"20230116","occupation":"MM","channel":"MOCK","place":"ONLINE","gender":"MALE","ageRange":"-34","experience":"NEW"},"question":{"raw":{"text":"지원자님께서는 본인이 교번 근무에 잘 적응할 수 있다고 생각하십니까 그렇다면 그 근거도 함께 설명해 주세요","wordCount":15},"emotion":[],"intent":[]},"answer":{"raw":{"text":"교번 근무요. 아니요 저는 그니까 근무 스케줄이 뭐 교대로 되는 것도 괜찮은데요. 그런데 그 시간대까지 변경되는 건 좀 네 좀 정신 사나운 거 같애요. 그까 뭐 아예 고정된 게 그런 생체 리듬 상으로는 제일 편할 거고 그런데 또 그냥 제 개인적인 성향 네 그냥 제 취향 쪽으로는 아예 완전 붙박이보다는 그냥 교대 근무 식에 변화가 조금씩 조금씩 있는 게 사실 저는 조금 더 재미를 느끼는 편이라서 그 정도가 근데 저는 딱 괜찮은 정도지 교번 근무는 진짜 좀 이게 익숙해 익숙해질 수가 있나 싶은 근무 패턴인 것 같아요. 네","wordCount":88},"emotion":[],"intent":[{"text":"아니요 저는 그니까 근무 스케줄이 뭐   교대로 되는 것도 괜찮은데요.","expression":"f_shift","category":"technology"},{"text":"그까 뭐   아예 고정된 게 그런 생체 리듬 상으로는    제일 편할 거고 그런데 또 그냥 제 개인적인 성향   네 그냥 제 취향 쪽으로는 아예 완전 붙박이보다는 그냥   교대 근무 식에 변화가 조금씩 조금씩 있는 게 사실 저는 조금   더 재미를 느끼는 편이라서 그 정도가 근데 저는 딱 괜찮은 정도지   교번 근무는 진짜 좀 이게 익숙해 익숙해질 수가 있나 싶은 근무 패턴인 것 같아요.","expression":"f_shift","category":"technology"}],"summary":{"text":"근무 스케줄이 완전히 고정된 교번 근무가 생체 리듬 상으로는 편할 것 같지만 개인적인 성향으로는 교대 근무 식이 조금 더 재미를 느끼는 편이라 그 정도가 조금 괜찮은 근무 패턴입니다.","wordCount":28}}},"rawDataInfo":{"question":{"fileFormat":"wav","fileSize":394318,"duration":12320,"samplingBit":16,"channelCount":1,"samplingRate":"16kHz","audioPath":"/Mock/07.ProductionManufacturing/Male/New/ckmk_q_mm_m_n_179483.wav"},"answer":{"fileFormat":"wav","fileSize":2818638,"duration":88080,"samplingBit":16,"channelCount":1,"samplingRate":"16kHz","audioPath":"/Mock/07.ProductionManufacturing/Male/New/ckmk_a_mm_m_n_179483.wav"}}}