{"version":"1.0","dataSet":{"info":{"date":"20230116","occupation":"MM","channel":"MOCK","place":"ONLINE","gender":"MALE","ageRange":"45-54","experience":"NEW"},"question":{"raw":{"text":"지원자님께서 태어나서 지금까지 뭐 한 일들 가운데서 가장 후회했던 일이 무엇인가요 그 중에서 한 가지만 골라서 말씀해 주세요","wordCount":18},"emotion":[],"intent":[]},"answer":{"raw":{"text":"어 태어나서 어 지금까지 한 일 중 제가 가장 후회되는 일은 어 제가 아버지 아버님과 좀 더 가깝게 지내지 못한 것입니다. 어 저는 사십 대 초반에 아버님을 읽고 어 거의 육 개월 정도 후 어머님을 잃었습니다. 어 지금 생각해보면 좀 그렇습니다. 어 저는 막내였는데 뭐 막내라는 이유로 꽤나 어머님한테는 좀 살갑게 굴었던 막내였던 것 같습니다. 어머님과는 여행도 같이 다니고 뭐 맛집도 돌아다니고 뭐 쇼핑도 하고 나름 어머님과는 여러 추억을 많이 가지고 있습니다. 하지만 어 아버님과는 전혀 그렇지 못합니다. 저는 스무 살 이후에 아버지와 뭐 쇼핑을 하거나 뭐 여행을 가거나 아니면 단 둘이서 술을 마셔본 경험도 없습니다. 어 아버님은 나름 좀 엄격한 분이셨고 저는 좀 다가가기가 좀 어려웠던 것 같습니다. 지금 아버님이 안 계신 상황에서 가만히 생각해보면 그때 왜 제가 좀 더 아버님한테 친근하게 하지 못했을까 뭐 아버지와 좀 더 시간을 같이 보내지 못했을까 하는 것이 너무 안타깝고 죄송할 뿐입니다. 어 뭐 이런 얘기하는 것 자체가 필요 없겠지만 혹시라도 다르시 그런 기회가 준다 주어진다면 저는 꼭 아버님과 친하게 지낼 것 같습니다","wordCount":160},"emotion":[{"text":"지금 아버님이 안 계신 상황에서 가만히 생각해보면 그때 왜 제가 좀 더 아버님한테   친근하게 하지 못했을까 뭐 아버지와 좀 더 시간을 같이 보내지 못했을까 하는 것이 너무 안타깝고 죄송할 뿐입니다.","expression":"n-shame","category":"negative"}],"intent":[{"text":"어 저는 사십 대 초반에 아버님을 읽고 어 거의 육 개월 정도 후 어머님을 잃었습니다.","expression":"c_private","category":"background"},{"text":"어 저는 막내였는데 뭐 막내라는 이유로 꽤나 어머님한테는 좀 살갑게 굴었던 막내였던 것 같습니다.","expression":"c_private","category":"background"},{"text":"저는 스무 살 이후에   아버지와 뭐 쇼핑을 하거나 뭐 여행을 가거나 아니면 단 둘이서 술을 마셔본 경험도 없습니다.","expression":"c_private","category":"background"},{"text":"어 아버님은 나름 좀 엄격한 분이셨고 저는 좀 다가가기가 좀 어려웠던 것 같습니다.","expression":"c_private","category":"background"},{"text":"지금 아버님이 안 계신 상황에서 가만히 생각해보면 그때 왜 제가 좀 더 아버님한테   친근하게 하지 못했을까 뭐 아버지와 좀 더 시간을 같이 보내지 못했을까 하는 것이 너무 안타깝고 죄송할 뿐입니다.","expression":"c_private","category":"background"}],"summary":{"text":"저는 막내라는 이유로 꽤나 아버님에게 친근하게 굴었던 것 같습니다. 하지만 아버님과는 전혀 그렇지 않습니다. 아버님은 나름 좀 엄격한 분이셨고 제가 다가가기 어려웠습니다. 아버님이 안 계신 상황에서 제가 아버님과 시간을 같이 보내지 못한 것이 너무 안타깝고 죄송할 따름입니다. 기회가 있다면 아버님과 가깝게 지내고 싶습니다.","wordCount":43}}},"rawDataInfo":{"question":{"fileFormat":"wav","fileSize":484238,"duration":15130,"samplingBit":16,"channelCount":1,"samplingRate":"16kHz","audioPath":"/Mock/07.ProductionManufacturing/Male/New/ckmk_q_mm_m_n_171788.wav"},"answer":{"fileFormat":"wav","fileSize":2910798,"duration":90960,"samplingBit":16,"channelCount":1,"samplingRate":"16kHz","audioPath":"/Mock/07.ProductionManufacturing/Male/New/ckmk_a_mm_m_n_171788.wav"}}}