{"version":"1.0","dataSet":{"info":{"date":"20230116","occupation":"MM","channel":"MOCK","place":"ONLINE","gender":"MALE","ageRange":"45-54","experience":"NEW"},"question":{"raw":{"text":"협업 할 일이 많이 생길 수 있습니다 이전 직장이나 대학에서 협업을 할 때 어려웠던 점이 없으셨나요","wordCount":16},"emotion":[],"intent":[]},"answer":{"raw":{"text":"일반적으로 협업을 할 때 이 협업이 잘 안 이루어지는 경우는 소통이 좀 잘 안 될 때입니다. 그리고 어 우리보다는 나를 생각하고 나 스스로 손해를 보지 않으려는 태도를 취할 때 일반적으로 협업은 어려워집니다. 협업이라는 것은 말 그대로 어떤 공통의 목적을 두고 서로가 개인과 개인이 부서와 부서가 어 노력을 하고 서로 도와주고 끌어주고 밀어줘서 그 최종적인 목적지에 도달을 해야 되는데 어 나 스스로가 상대방을 내 동료로 생각하지 않고 경쟁 상대로 생각할 때 문제가 생긴다 라고 생각합니다. 내가 좀 어 손해를 안 보기 위해서 어 저 사람이 잘하면 내가 좀 뒤쳐지는 게 아닐까 어 내가 앞서기 위해서는 저 사람을 도와주면 안 된다 라는 이런 생각들이 어 결국은 소통을 못하 소통이 안 되게 하고 협업을 망치는 어 요인이라고 저는 생각합니다. 일단 협업은 협업이 잘 이루어질려면 소통을 해야 되고 그 다음에는 본인 스스로의 그까 대의를 위해서 어 나를 조금은 희생할 줄 알아야 가장 이상적인 협업이 이루어진다고 저는 생각합니다.","wordCount":143},"emotion":[],"intent":[{"text":"협업이라는 것은 말 그대로 어떤 공통의 목적을 두고   서로가 개인과 개인이 부서와 부서가 어 노력을 하고 서로 도와주고 끌어주고 밀어줘서 그 최종적인 목적지에 도달을 해야 되는데   어 나 스스로가 상대방을 내 동료로 생각하지 않고 경쟁 상대로 생각할 때 문제가 생긴다 라고 생각합니다.","expression":"c_cop","category":"personality"},{"text":"일단 협업은 협업이 잘 이루어질려면 소통을 해야 되고 그 다음에는   본인 스스로의 그까 대의를 위해서 어 나를 조금은 희생할 줄 알아야 가장 이상적인 협업이 이루어진다고 저는 생각합니다.","expression":"c_cop","category":"personality"}],"summary":{"text":"일반적으로 협업이 잘 안 이루어지는 경우는 소통이 잘 안 될 때입니다. 협업은 우리보다는 나를 생각하고 나 스스로 손해를 보지 않으려는 태도를 취할 때 어려워집니다. 일단 협업은 소통을 해야 되고 그 다음에는 본인의 대의를 위해서 나를 조금 희생할 줄 알아야 가장 이상적인 협업이 이루어집니다.","wordCount":43}}},"rawDataInfo":{"question":{"fileFormat":"wav","fileSize":307278,"duration":9600,"samplingBit":16,"channelCount":1,"samplingRate":"16kHz","audioPath":"/Mock/07.ProductionManufacturing/Male/New/ckmk_q_mm_m_n_172581.wav"},"answer":{"fileFormat":"wav","fileSize":2439758,"duration":76240,"samplingBit":16,"channelCount":1,"samplingRate":"16kHz","audioPath":"/Mock/07.ProductionManufacturing/Male/New/ckmk_a_mm_m_n_172581.wav"}}}