{"version":"1.0","dataSet":{"info":{"date":"20230116","occupation":"MM","channel":"MOCK","place":"ONLINE","gender":"MALE","ageRange":"45-54","experience":"NEW"},"question":{"raw":{"text":"전공 외에 자신이 수준급에 실력이 될 정도로 노력하는 것이 있으실까요 있으시다면 전공과 관련해서 어떤 도움을 받았는지도 궁금합니다","wordCount":17},"emotion":[],"intent":[]},"answer":{"raw":{"text":"저는 사회복지학과를 전공했는데 어 지금부터 한 칠 팔 년 전에 어 아파가지고 어 저 회사를 잠깐 쉬어야 할 상황이 생겼었습니다. 어 뭐 말씀드리면 저는 그때 암에 걸렸었는데 어 지금은 어 오 년이 지금 만 칠 년이 지났고 오 년 차 됐을 때 완치되었다는 판정을 받았습니다. 저는 그때 직장생활을 어 계속 할 수가 없었기 때문에 어 약 한 이 년 동안 어 직장을 쉬었습니다. 그때 저는 제가 사회복지학과를 다닐 때 나름 관심이 있었던 그 보육 교사에 대해서 공부를 했습니다. 저는 평생교육원에 등록을 해 가지고 일요일 날은 학교에 나가서 강의를 듣고 주중에는 인터넷으로 강의를 듣고 어 시험을 보고 어 실습까지 마치고 최종적으로 보육 교사 자격증을 획득 했습니다.저는 정말 나중에 제가 이 일을 하다가 어 은퇴를 하게 되면 아이들 보육 사업에 어 좀 관심이 많이 있습니다. 저는 그때 그 아이들을 과 함께 자연에서 아이들을 아 이제 뛰어놀고 아이들을 위한 프로그램을 만들어서 어 아이들과 보육 사 아이들과 즐겁게 지내면서 보육 사업을 하고 푼 꿈이 있습니다.","wordCount":151},"emotion":[{"text":"저는 사회복지학과를 전공했는데 어 지금부터 한 칠 팔 년 전에   어 아파가지고 어 저 회사를 잠깐 쉬어야 할   상황이 생겼었습니다.","expression":"u-fact","category":"neutral"},{"text":"어 뭐 말씀드리면 저는 그때 암에 걸렸었는데 어 지금은   어 오 년이 지금 만 칠 년이 지났고 오 년 차 됐을 때 완치되었다는 판정을 받았습니다.","expression":"u-fact","category":"neutral"},{"text":"저는 그때 직장생활을   어 계속 할 수가 없었기 때문에 어 약 한 이 년 동안 어 직장을 쉬었습니다.","expression":"u-fact","category":"neutral"},{"text":"그때 저는   제가 사회복지학과를 다닐 때 나름 관심이 있었던 그 보육 교사에 대해서 공부를 했습니다.","expression":"p-interest","category":"positive"},{"text":"저는 정말 나중에 제가 이 일을 하다가 어 은퇴를 하게 되면 아이들 보육 사업에   어 좀 관심이 많이 있습니다.","expression":"p-interest","category":"positive"},{"text":"저는 그때 그 아이들을 과 함께 자연에서 아이들을   아 이제 뛰어놀고 아이들을 위한 프로그램을 만들어서 어 아이들과 보육 사 아이들과 즐겁게 지내면서 보육 사업을 하고 푼 꿈이 있습니다.","expression":"u-fact","category":"neutral"}],"intent":[{"text":"저는   평생교육원에 등록을 해 가지고 일요일 날은 학교에 나가서 강의를 듣고 주중에는 인터넷으로 강의를 듣고 어 시험을 보고   어 실습까지 마치고 최종적으로 보육 교사 자격증을 획득 했습니다.","expression":"c_imp","category":"personality"}],"summary":{"text":"몇년 전 암에 걸려 직장생활을 계속 할 수가 없어 약 이 년 동안 직장을 쉬었고, 그 기간동안 평소 관심있던 보육 교사에 대해서 공부를 해 최종적으로 보육 교사 자격증을 획득 했습니다. ","wordCount":30}}},"rawDataInfo":{"question":{"fileFormat":"wav","fileSize":553038,"duration":17280,"samplingBit":16,"channelCount":1,"samplingRate":"16kHz","audioPath":"/Mock/07.ProductionManufacturing/Male/New/ckmk_q_mm_m_n_163997.wav"},"answer":{"fileFormat":"wav","fileSize":2663758,"duration":83240,"samplingBit":16,"channelCount":1,"samplingRate":"16kHz","audioPath":"/Mock/07.ProductionManufacturing/Male/New/ckmk_a_mm_m_n_163997.wav"}}}