{"version":"1.0","dataSet":{"info":{"date":"20230116","occupation":"MM","channel":"MOCK","place":"ONLINE","gender":"MALE","ageRange":"45-54","experience":"NEW"},"question":{"raw":{"text":"지원자님께서 우리 회사에 들어오시면은 기존과는 업무 스타일이 좀 달라질 수가 있는데 어 기존과 다른 업무 스타일에 잘 적응을 하실 수 있으신지 궁금합니다","wordCount":22},"emotion":[],"intent":[]},"answer":{"raw":{"text":"어 이 부분만큼은 저 스스로 감수하고 어 제가 겪어내고 이겨내야 될 부분이라고 생각을 합니다. 어 저는 이것을 모두 감수할 각오를 하고 전 직장에서 이직을 선택한 것입니다. 어 기존 업무 스타일은 당연 당연히 회사마다 기조가 있고 그 분위기라는 게 있기 때문에 제가 전에 다니던 직장과는 당연히 다른 분위기일 거라고 예상하고 있습니다. 하지만 저는 그것에 적응하는데 그리 오래 걸리지 않을 거라고 자신합니다. 어차피 그 사람과 사람의 만남이고 제가 진실로 다른 분들을 대하고 그분들 역시 저를 진실로 대해 주신다면 어 새로운 분위기 다른 업무 스타일이라고 그래도 저는 적응하는데 그리 어렵지 않고 오랜 시간이 걸릴 거라고 생각하지 않습니다. 어 저는 그 새로운 분위기에 새로운 환경에 비교적 잘 적응하는 편입니다. 저는 어 사람을 사귐에 있어서 어 그렇게 사람을 가리지 않고 어 대부분 친화적으로 다른 사람들과도 잘 어울리는 편이라고 생각합니다.","wordCount":124},"emotion":[],"intent":[{"text":"","expression":"","category":"attitude"}],"summary":{"text":" 다른 분들을 진실로 대하고 그분들이 저를 진실로 대해 준다면 어 새로운 환경에 비교적 잘 적응할 수 있을 것입니다. 저는 사람을 가리지 않고 대부분 친화적으로 다른 사람들과도 잘 어울리는 편이라고 생각합니다.","wordCount":30}}},"rawDataInfo":{"question":{"fileFormat":"wav","fileSize":399438,"duration":12480,"samplingBit":16,"channelCount":1,"samplingRate":"16kHz","audioPath":"/Mock/07.ProductionManufacturing/Male/New/ckmk_q_mm_m_n_157240.wav"},"answer":{"fileFormat":"wav","fileSize":2357198,"duration":73660,"samplingBit":16,"channelCount":1,"samplingRate":"16kHz","audioPath":"/Mock/07.ProductionManufacturing/Male/New/ckmk_a_mm_m_n_157240.wav"}}}