{"version":"1.0","dataSet":{"info":{"date":"20230116","occupation":"MM","channel":"MOCK","place":"ONLINE","gender":"MALE","ageRange":"45-54","experience":"NEW"},"question":{"raw":{"text":"지원자님께서는 대학 생활을 보내면서 가장 힘들었던 경험을 무엇인가요 그 경험을 어떻게 극복했는지도 자세히 말씀해 주세요","wordCount":15},"emotion":[],"intent":[]},"answer":{"raw":{"text":"제가 대학 생활을 하면서 가장 힘들었던 점은 아무래도 그 통학 시간이었습니다. 어 저는 그 당시에 서울에서 거주를 했었는데 저는 그 대학이 천안에 있어 가지고 어 사실은 처음에는 이제 기숙사 생활을 할려고 했습니다. 어 그런데 당시에 그 학교가 기숙사 그 리모델링이 들어가면서 그 서울에 있는 타 지역에 이제 멀리 있는 학생들이 너무 많다 보니까 서울에 있는 학생들한테는 그 기숙사를 이용할 수 있는 어 그런 좀 기여할 수가 있는 기숙사를 사용할 수가 없는 그런 제한조건이 좀 있었습니다. 저는 당시에 거의 지하철을 타고 다녔는데 지하철을 탈 때 타고 다니면 거의 가는 데만 한 두 시간에서 두 시간 반 뭐 뭐 이렇게 걸리다 보니까 하루에 거의 한 다섯 시간 정도를 차에서 보내야 됐고 뭐 학교 수업을 마치고 친구들이랑 뭐 맥주래도 한잔 하다 보면 아홉 시에는 일어나야지 막차를 타고 거의 서울에 올 수 있었고 아침에 한 아홉 시에 수업이 있다 라고 하면 저 진짜 여섯 시에는 일어나서 준비를 해야지 겨우 아침 수업에 맞출 수 있는 그런 거였습니다. 어 결론적으로 나중에는 뭐 극복했다기보다는 현지에서 친구가 자취를 했지만 그것이 저한테 제일 좀 어려웠던 경험입니다.","wordCount":167},"emotion":[],"intent":[{"text":"","expression":"","category":"attitude"}],"summary":{"text":"통학 시간이 가장 힘들었습니다. 처음에는 천안에 있는 대학에서 기숙사 생활을 하려고 했으나 타 지역에 멀리 있는 학생들이 너무 많아서 서울에 있는 학생들은 기숙사를 사용할 수 없는 제한조건이 있었습니다. 지하철을 타고 다니면서 거의 다섯 시간 정도를 차에서 보내야 했습니다.","wordCount":38}}},"rawDataInfo":{"question":{"fileFormat":"wav","fileSize":568718,"duration":17770,"samplingBit":16,"channelCount":1,"samplingRate":"16kHz","audioPath":"/Mock/07.ProductionManufacturing/Male/New/ckmk_q_mm_m_n_160083.wav"},"answer":{"fileFormat":"wav","fileSize":2874958,"duration":89840,"samplingBit":16,"channelCount":1,"samplingRate":"16kHz","audioPath":"/Mock/07.ProductionManufacturing/Male/New/ckmk_a_mm_m_n_160083.wav"}}}