{"version":"1.0","dataSet":{"info":{"date":"20230116","occupation":"MM","channel":"MOCK","place":"ONLINE","gender":"MALE","ageRange":"45-54","experience":"NEW"},"question":{"raw":{"text":"요즘은 개성 시대이고 자기 피알 시대죠 다른 지원자들에 비해서 어 지원자님 본인이 갖고 있는 그 차별화된 점 장점 이런 게 있다면 어떤 것인지 어필 부탁드리도록 할게요","wordCount":26},"emotion":[],"intent":[]},"answer":{"raw":{"text":"어 회사에는 이미 어떤 업무에 대해서 베테랑이고 경험이 많고 한 신 전문가들이 많을 거라고 생각을 합니다. 하지만 저는 그 신입사원 중에서는 제가 결코 그 누구보다도 어 경험이 많으며 제가 직무에 빨리 적응할 거라고 저는 생각합니다. 저는 이 직무에 도전하기 위해서 나름 꽤 오랫동안 준비하고 어 계획하고 실행해 옮겼습니다. 저는 일단 제가 지원한 직무에서 필요한 자격증을 따기 위해서 약 일 년 팔 개월 동안 노력을 하였고 가장 최근에 어 그 자격증을 취득했습니다. 저는 이 자격증을 취득하기 취득하기 전에 어 나름에 저도 경험을 쌓고자 인턴 생활도 했습니다. 사실은 그 인턴 생활을 하면서 공부를 한 것인데 저는 약 육 개월 동안 제가 지원한 이 직무에서 인턴사원을 하면서 나름 이 기계에 대한 노하우라든지 이 기계를 정비하고 이 생산 라인을 운영하는 것에 대해서 많이 보고 배웠습니다. 저는 감히 말씀드리겠는데 신입사원 중에서는 어 경험 만큼은 제가 탁월하다고 자부합니다.","wordCount":132},"emotion":[],"intent":[{"text":"저는 일단   제가 지원한 직무에서 필요한 자격증을 따기 위해서 약 일 년 팔 개월    동안 노력을 하였고 가장 최근에 어 그 자격증을 취득했습니다.","expression":"c_imp","category":"personality"},{"text":"사실은 그 인턴 생활을 하면서 공부를 한 것인데   저는 약 육 개월 동안 제가 지원한 이 직무에서 인턴사원을 하면서 나름 이 기계에    대한 노하우라든지 이 기계를 정비하고 이 생산 라인을 운영하는 것에 대해서 많이    보고 배웠습니다.","expression":"c_imp","category":"personality"}],"summary":{"text":"회사에는 이미 어떤 업무에 대해서 베테랑이고 경험이 많은 전문가들이 많을 것이라 생각했지만, 저는 결코 그 누구보다도 경험이 많으며 직무에 빨리 적응할 것이라고 생각합니다. 저는 이 직무에 도전하기 위해 꽤 오랫동안 준비하고 계획하고 실행해 옮겼습니다. 신입사원 중에서는 제가 탁월하다고 자부합니다.","wordCount":39}}},"rawDataInfo":{"question":{"fileFormat":"wav","fileSize":528078,"duration":16500,"samplingBit":16,"channelCount":1,"samplingRate":"16kHz","audioPath":"/Mock/07.ProductionManufacturing/Male/New/ckmk_q_mm_m_n_172649.wav"},"answer":{"fileFormat":"wav","fileSize":2729678,"duration":85300,"samplingBit":16,"channelCount":1,"samplingRate":"16kHz","audioPath":"/Mock/07.ProductionManufacturing/Male/New/ckmk_a_mm_m_n_172649.wav"}}}