{"version":"1.0","dataSet":{"info":{"date":"20230116","occupation":"MM","channel":"MOCK","place":"ONLINE","gender":"MALE","ageRange":"-34","experience":"NEW"},"question":{"raw":{"text":"지원자님께서 직무를 수행하다가 난관에 봉착했다면 어떻게 해결하실지 지원자님의 해결 방법과 그 이유를 말씀해 주시기 바랍니다","wordCount":15},"emotion":[],"intent":[]},"answer":{"raw":{"text":"직무 수행 시 난관에 봉착했다면 어떻게 해결 하시겠습니까. 지원자님이 해결법과 이유를 말해 달라고 질문을 해 주셨는데요. 만약에 저는 직무 수행시 난관에 봉착했다면 어 일단은 맨 처음으로 돌아가 제가 어 실수하고 어 왜 이런 난관에 봉착 봉착하게 됐는지 그 이유를 먼저 찾아볼 것 같습니다. 그래야 내가 잘못된 곳을 알아서 인제 해결 해나갈 수 있는 해결 방안을 찾을 수 있을 것 같아서 만약에 난관에 봉착하면 일단 왜 이런 상황까지 오게 됐는지 그거에 대해서 맨 처음으로 돌아가 알아볼 것 같고 그 이후에는 그 난관을 그 이유로 알게 된다면 인제 해결해 나갈 수 있는 그런 차선책을 찾아가면서 더 좋은 방안으로 갈 수 있도록 어 그런 식으로 해결을 할 것 같습 같고요. 어 그런 상황이 안 나오면 좋겠지만 어 뭐 저 혼자 해결하기 어렵다면 이제 저보다 더 잘 아는 사람에게 도움까지 요청할 것 같습니다.","wordCount":129},"emotion":[],"intent":[{"text":"","expression":"","category":"attitude"}],"summary":{"text":"직무 수행 중 난관에 봉착했다면 처음부터 원인을 찾아봐야 할 것 같습니다. 그래야 잘못된 곳을 알아서 해결 방안을 찾을 수 있고, 난관을 이유로 알게 된다면 차선책을 찾아가면서 더 좋은 방안으로 갈 수 있도록 해야 할 것입니다. 혼자 해결하기 어렵다면 더 잘 아는 사람에게 도움을 요청해야 할 것 같습니다.","wordCount":47}}},"rawDataInfo":{"question":{"fileFormat":"wav","fileSize":431438,"duration":13480,"samplingBit":16,"channelCount":1,"samplingRate":"16kHz","audioPath":"/Mock/07.ProductionManufacturing/Male/New/ckmk_q_mm_m_n_164890.wav"},"answer":{"fileFormat":"wav","fileSize":2457678,"duration":76800,"samplingBit":16,"channelCount":1,"samplingRate":"16kHz","audioPath":"/Mock/07.ProductionManufacturing/Male/New/ckmk_a_mm_m_n_164890.wav"}}}