{"version":"1.0","dataSet":{"info":{"date":"20230116","occupation":"MM","channel":"MOCK","place":"ONLINE","gender":"MALE","ageRange":"35-44","experience":"NEW"},"question":{"raw":{"text":"지원자께서는 본인이 생각이 아닌 주위 사람들이 생각하기에 지원자의 단점과 장점이 무엇인지 모두 저에게 말씀해 주시길 바랍니다","wordCount":16},"emotion":[],"intent":[]},"answer":{"raw":{"text":"다른 사람들이 본 저의 장점은 바로 성격이 너무 성급하다는 것입니다. 너무 빠르게 결정을 내고 빠르게 결단에 따라 행동하는 것 때문에 주변 사람들이 가끔 독재자 또는 독선으로 보인다고 합니다. 그런데 그 장점이 때로는 빠른 솔루션을 제시하고 빠르게 어떤 업무를 익혀 실생활에 쓸 수 있게끔 만드는 것이 저의 그 장 가장 큰 장점입니다. 또 추진력이 빨라서 어떤 것이 이야기가 나오면 바로 자료를 만들고 그 자료를 토대로 많은 지식들을 모아서 그것을 업무에 바로 녹여내는 것이 가장 큰 장점입니다. 그래서 현재 지금까지 많은 프로젝트의 좋은 성과를 냈었으며 그 성과를 낸 데에는 항상 제가 있었습니다. 그것은 저의 공은 아니지만 제가 그런 시너지를 낼 수 있도록 많은 도움을 줬다고 생각합니다.","wordCount":104},"emotion":[],"intent":[{"text":"다른 사람들이 본 저의 장점은 바로 성격이 너무 성급하다는 것입니다.","expression":"c_person","category":"background"},{"text":"너무 빠르게 결정을 내고 빠르게 결단에 따라 행동하는 것 때문에 주변 사람들이 가끔 독재자   또는 독선으로 보인다고 합니다.","expression":"c_person","category":"background"},{"text":"그런데 그 장점이 때로는 빠른 솔루션을 제시하고 빠르게 어떤 업무를 익혀 실생활에 쓸 수 있게끔 만드는 것이 저의 그 장 가장 큰 장점입니다.","expression":"c_person","category":"background"}],"summary":{"text":"저는 성격이 성급하여 때로는 빠른 솔루션을 제시하고 빠르게 어떤 업무를 익혀 실생활에 쓸 수 있게 하는 것이 가장 큰 장점입니다. 또 추진력이 빨라서 어떤 것이 이야기가 나오면 바로 자료를 만들고 그것을 토대로 많은 지식들을 모아서 업무에 바로 녹여내는 것이 가장 큽니다.","wordCount":41}}},"rawDataInfo":{"question":{"fileFormat":"wav","fileSize":500558,"duration":15640,"samplingBit":16,"channelCount":1,"samplingRate":"16kHz","audioPath":"/Mock/07.ProductionManufacturing/Male/New/ckmk_q_mm_m_n_163006.wav"},"answer":{"fileFormat":"wav","fileSize":1789518,"duration":55920,"samplingBit":16,"channelCount":1,"samplingRate":"16kHz","audioPath":"/Mock/07.ProductionManufacturing/Male/New/ckmk_a_mm_m_n_163006.wav"}}}