{"version":"1.0","dataSet":{"info":{"date":"20230116","occupation":"MM","channel":"MOCK","place":"ONLINE","gender":"MALE","ageRange":"45-54","experience":"NEW"},"question":{"raw":{"text":"몇 년 전에 우버 택시와 관련한 논란이 있었던 걸 알고 계실 겁니다 지원자님께서는 이 찬반양론에 대해서 각각 어떻게 생각하고 계신지 궁금합니다","wordCount":21},"emotion":[],"intent":[]},"answer":{"raw":{"text":"어 저는 개인적으로 우버 택시는 절대 반대입니다. 어 우버 택시는 어떻게 보면 요즘 유행하고 있는 공유 경제 서비스 중에 한 하나라고 할 수 있습니다. 내가 차를 가지고 있고 시간이 남는다고 해 가지고 어 일반 대중을 상대로 뭐 지인이나 아는 사람이 아닌 일반 불특정 다수 대중을 상대로 영업 그 영업 행위를 한다.라는 것은 어 불법이라고 생각을 합니다. 아무런 자격증도 없이 검증되지도 않은 사람이 어 말한 것처럼 내가 차가 있고 시간이 남는다고 해 가지고 어 영업 활동을 하며 거기서 그것으로 인해서 이익을 챙긴다고 그러면 기존 우리 제도에 있는 영업용 택시나 개인택시들은 있을 필요가 없습니다. 그분들은 그 나름의 그 자격을 취득하기 위해서 오랫동안 운전을 해왔고 어 무사고를 해야 되고 그 스스로의 그 기준과 그 국가에서 요구하는 자격을 갖춘 것인데 그런 아무런 자격도 없이 그런 영업 활동을 한다는 것은 이 분들이 개인 택시나 자영업 개인택시나 영업용 택시 하시는 분들에게도 자격을 백지화시켜야 됩니다. 아무나 다 할 수 있게 해야 됩니다. 이렇게 하게 되면 결국은 사회 질서가 무너지고 어 그 기준이 바로 셀 수가 없다 라고 생각을 합니다. 그래서 저는 우버 택시는 반대입니다.","wordCount":167},"emotion":[],"intent":[{"text":"","expression":"","category":"attitude"}],"summary":{"text":"우버 택시는 불특정 다수 대중을 상대로 영업 행위를 한다는 불법이며 기존 우리 제도에 있는 영업용 택시나 개인택시들은 있을 필요가 없습니다. 자격 없이 그런 영업 활동을 한다는 것은 자격 백지화시켜야 됩니다. 그러면 결국은 사회 질서가 무너져 그 기준이 셀 수가 없다고 생각하므로 저는 우버 택시에 반대합니다.","wordCount":45}}},"rawDataInfo":{"question":{"fileFormat":"wav","fileSize":485518,"duration":15170,"samplingBit":16,"channelCount":1,"samplingRate":"16kHz","audioPath":"/Mock/07.ProductionManufacturing/Male/New/ckmk_q_mm_m_n_172582.wav"},"answer":{"fileFormat":"wav","fileSize":2867918,"duration":89620,"samplingBit":16,"channelCount":1,"samplingRate":"16kHz","audioPath":"/Mock/07.ProductionManufacturing/Male/New/ckmk_a_mm_m_n_172582.wav"}}}