{"version":"1.0","dataSet":{"info":{"date":"20230116","occupation":"MM","channel":"MOCK","place":"ONLINE","gender":"MALE","ageRange":"45-54","experience":"NEW"},"question":{"raw":{"text":"혹시 본인은 본인이 교번 근무에 잘 적응할 수 있다고 생각하나요 그렇다면 왜 그렇게 생각하는지 그 근거도 같이 말씀해 주세요","wordCount":19},"emotion":[],"intent":[]},"answer":{"raw":{"text":"교번 근무와 교대 근무는 상당히 좀 다릅니다. 물론 교대 근무가 적응하기는 훨씬 쉽지만 교번 근무도 그렇게 힘든 것 같지는 않습니다. 제가 편의점에 일을 할 때 사장님이 수시로 교대 근무처럼 했던 것이 아니라 수시로 시간에 맞춰서 필요한 시간대에 저를 갖다가 아 고용을 했기 때문에 교번 근무에는 어느 정도 어 적응이 돼 있다고 저는 생각이 듭니다. 그래서 이러한 경험을 토대로 교번 근무를 조금만 더 하다보면 금방 적응할 것 같습니다.","wordCount":67},"emotion":[],"intent":[{"text":"물론 교대 근무가 적응하기는 훨씬 쉽지만 교번 근무도 그렇게 힘든 것 같지는 않습니다.","expression":"f_shift","category":"technology"},{"text":"제가 편의점에 일을 할 때 사장님이   수시로 교대 근무처럼 했던 것이 아니라 수시로 시간에 맞춰서 필요한 시간대에   저를 갖다가 아 고용을 했기 때문에 교번 근무에는 어느 정도   어 적응이 돼 있다고 저는 생각이 듭니다.","expression":"f_shift","category":"technology"}],"summary":{"text":"수시 고용인 교번 근무와 교대 근무는 적응하기 쉽지 않으나, 저는 교번 근무를 한번 더 하다보니 금방 적응할 것 같습니다.","wordCount":19}}},"rawDataInfo":{"question":{"fileFormat":"wav","fileSize":393998,"duration":12310,"samplingBit":16,"channelCount":1,"samplingRate":"16kHz","audioPath":"/Mock/07.ProductionManufacturing/Male/New/ckmk_q_mm_m_n_172603.wav"},"answer":{"fileFormat":"wav","fileSize":1844558,"duration":57640,"samplingBit":16,"channelCount":1,"samplingRate":"16kHz","audioPath":"/Mock/07.ProductionManufacturing/Male/New/ckmk_a_mm_m_n_172603.wav"}}}