{"version":"1.0","dataSet":{"info":{"date":"20230116","occupation":"MM","channel":"MOCK","place":"ONLINE","gender":"MALE","ageRange":"-34","experience":"NEW"},"question":{"raw":{"text":"최근에 본 뉴스들 가운데 가장 인상 깊었던 뉴스는 무엇인가요 또한 무엇인지와 그 이유도 함께 말씀해 주세요","wordCount":16},"emotion":[],"intent":[]},"answer":{"raw":{"text":"최근에요. 뭐 말할 필요도 없이 네 카카오 카카오에 화재가 나 나서 모든 게 올 스탑 됐죠. 네 아주 최근의 일이고 이럴 수 있나 싶었어요. 거의 뭐 전 국민이 다 쓴다고 해도 이거는 뭐 과언이 아니고 너무나 사실 그 자체이기 때문에 근데 화재가 난 거는 어쩔 수 없다고 쳐도 그 한 곳이었나 뭐 보니까 다른 데는 다 뭐 서버를 여러 군데서 뭐 분산을 시켜 놓고 어쩌고저쩌고 얘기가 많던데 그 대기업이 그 카카오가 이렇게 대책이 없다고 라는 그 인상을 받았어요. 그리고 사실 저는 왜 그렇게 확장을 해서 기존에 잘 쓰던 것들도 망가뜨려 버렸는지 참 참 네 좋은 소리가 안 나오는 부분입니다 여러모로. 기업 이미지도 참 이번에 더 안 좋아졌고요 저에게는. 충격적이었습니다. 네","wordCount":110},"emotion":[],"intent":[{"text":"","expression":"","category":"attitude"}],"summary":{"text":"카카오에 화재가 나서 모든 게 올 스탑 됐는데, 대기업이 이렇게 대책이 없다는 인상을 받았고, 확장을 해서 기존에 잘 쓰던 것들도 망가뜨려 버렸습니다. 기업 이미지도 참 이번에 더 안 좋아졌고 저에게는 충격이었습니다.","wordCount":31}}},"rawDataInfo":{"question":{"fileFormat":"wav","fileSize":499278,"duration":15600,"samplingBit":16,"channelCount":1,"samplingRate":"16kHz","audioPath":"/Mock/07.ProductionManufacturing/Male/New/ckmk_q_mm_m_n_179491.wav"},"answer":{"fileFormat":"wav","fileSize":2890958,"duration":90340,"samplingBit":16,"channelCount":1,"samplingRate":"16kHz","audioPath":"/Mock/07.ProductionManufacturing/Male/New/ckmk_a_mm_m_n_179491.wav"}}}