{"version":"1.0","dataSet":{"info":{"date":"20230116","occupation":"MM","channel":"MOCK","place":"ONLINE","gender":"MALE","ageRange":"45-54","experience":"NEW"},"question":{"raw":{"text":"우리 회사에 입사를 딱 했더니 업무 내용이나 강도가 내가 예상했던 것과 전혀 다르다면 어떻게 하시겠습니까","wordCount":15},"emotion":[],"intent":[]},"answer":{"raw":{"text":"어 업무 강도는 저 스스로 극복해야 될 문제라고 생각을 합니다. 제가 이 직종에 이 분야에 지원을 했고 이것에 대한 그 열정이 있다 그러면 업무 강도가 생각보다 많다 라는 것에 대해서는 당연히 제가 극복해야 될 어 저의 문제라고 생각을 합니다. 이 업무 강도라는 게 좀 그런 것 같습니다. 어떤 사람에게는 똑같은 일이 주어졌을 때 업무 강도가 쎄다고 할 수 있고 또 어떤 사람 그 일에 대한 뭐 경험이 있거나 아니면 직무 능력이 뛰어난 사람한테는 그 이 업무 강도가 어 아닐 수 강도가 쎈 게 아닐 수 있기 때문에 이건 좀 개인의 차가 있는 것이기 때문에 어 제가 이 회사에 입사해서 직원이 될려고 마음먹은 이상 그것은 제 개인의 문제라고 생각을 합니다. 업무 강도가 강하다면 당연히 제가 더 노력을 해서 그 강도에 어 적응할 수 있도록 노력하는 것이 어 신입사원의 어 바른 자세라고 저는 생각합니다.","wordCount":132},"emotion":[],"intent":[{"text":"","expression":"","category":"attitude"}],"summary":{"text":"업무 강도는 저 스스로 극복해야 할 문제라고 생각합니다. 업무 강도가 강하다면 당연히 제가 더 노력을 해서 그 강도에 적응할 수 있도록 노력하는 것이 신입 사원의 바른 자세라고 생각합니다.","wordCount":28}}},"rawDataInfo":{"question":{"fileFormat":"wav","fileSize":346958,"duration":10840,"samplingBit":16,"channelCount":1,"samplingRate":"16kHz","audioPath":"/Mock/07.ProductionManufacturing/Male/New/ckmk_q_mm_m_n_180792.wav"},"answer":{"fileFormat":"wav","fileSize":2080078,"duration":65000,"samplingBit":16,"channelCount":1,"samplingRate":"16kHz","audioPath":"/Mock/07.ProductionManufacturing/Male/New/ckmk_a_mm_m_n_180792.wav"}}}