{"version":"1.0","dataSet":{"info":{"date":"20230116","occupation":"MM","channel":"MOCK","place":"ONLINE","gender":"MALE","ageRange":"45-54","experience":"NEW"},"question":{"raw":{"text":"뻐티규 혹시 뭐 피로 무기력증 이런 부분에 대해서 혹시 설명하실 수 있을까요 말씀해 주시겠습니까","wordCount":14},"emotion":[],"intent":[]},"answer":{"raw":{"text":"피곤하다는 것은 즐겁지 않고 어떤 문제가 술술 풀리지 않는다는 것을 의미합니다. 어떤 문제가 술술 풀린다면 그것은 재미있지 피곤하다 라고 말하지 않습니다. 한 가지 예를 들자면 만약에 컴퓨터에 윈도우를 설치해야 되는데 윈도우가 잘 안 되는 겁니다. 아무리 늘상 하던 걸 했는데도 그 컴퓨터에는 윈도우가 설치가 안됐습니다. 이럴 때는 여러 번 반복을 해도 그 문제가 해결되지 않았습니다. 이럴 때 저는 피곤하다고 생각을 하거든요. 피로가 몰려드는 거죠. 많은 시도를 했는데도 해결되지 않았 않았으니까요. 네 이런 걸 갖다가 제 생각에는 피곤하다 라고 말을 하는 것 같습니다. 모든 건 쉽게 술술 풀릴 수는 없습니다. 하지만 피곤함이 몰려 왔을 때 그걸 더 한 번 더 생각하고 이겨낼 수 있는 자신감만이 오직 그 문제를 해결할 수 있는 좋은 자세라고 생각합니다.","wordCount":113},"emotion":[],"intent":[{"text":"","expression":"","category":"attitude"}],"summary":{"text":"어떤 문제가 술술 풀리지 않는다면 피로하다고 하지 않습니다. 모든 건 쉽게 술술 풀 수는 없지만, 피곤함이 몰려 왔을 때 그것을 더 한 번 더 생각하고 이겨낼 수 있는 자신감만이 오직 그 문제를 해결할 수 있는 좋은 자세라고 생각합니다.","wordCount":38}}},"rawDataInfo":{"question":{"fileFormat":"wav","fileSize":405518,"duration":12670,"samplingBit":16,"channelCount":1,"samplingRate":"16kHz","audioPath":"/Mock/07.ProductionManufacturing/Male/New/ckmk_q_mm_m_n_176550.wav"},"answer":{"fileFormat":"wav","fileSize":2289358,"duration":71540,"samplingBit":16,"channelCount":1,"samplingRate":"16kHz","audioPath":"/Mock/07.ProductionManufacturing/Male/New/ckmk_a_mm_m_n_176550.wav"}}}