{"version":"1.0","dataSet":{"info":{"date":"20230116","occupation":"MM","channel":"MOCK","place":"ONLINE","gender":"MALE","ageRange":"45-54","experience":"NEW"},"question":{"raw":{"text":"일을 하다 보면 영어로 서류를 작성해야 되는 일도 생길 수 있는데요 지원자님께서는 영어로 서류를 작성하는 게 가능하신지 궁금합니다","wordCount":18},"emotion":[],"intent":[]},"answer":{"raw":{"text":"네 서류루 영어로 된 서류 같은 경우 기본 폼이 있고 어떤 양식이 있는 거라면 어 저는 영어 서류를 작성하는데 전혀 문제가 없습니다. 기본적으로 그 폼이 있으면 그것을 보고 참고 삼을 수 있고 어 그것을 따라서 하면서 모르는 경우에는 조언을 구하면 되기 때문입니다. 그런데 솔직히 말씀드려서 어 뭐 영어로 된 레터를 해석을 해야 된다라든지 아니면 뭐 제가 스스로 영문으로 어 제가 하고 싶은 말 회사에서 원하는 말을 영문으로 작성을 해야 될 때는 어 솔직히 말씀드려서 애로사항이 많습니다. 그래서 저는 개인적으로 회사에서 하고 있는 영어 스터디를 꾸준히 해 왔습니다. 어 나름 일 주일에 두 번씩 어 시간을 꼭 지키고 가능하면 그 수업에 빠지지 않고 수업에 참여할 수 있도록 노력을 해 왔습니다. 어 영어는 어쩌면 엔지니어한테 더 꼭 필요한 덕목이라고 저는 생각을 합니다. 요즘은 주문서라든지 어 해외에서 기계를 들여왔을 때 그 설명서 모두 영어로 돼 있습니다. 그러다보니 영어를 이해 못하는 경우 어 기계를 잘못 오작동 시킬 수도 있고 이것으로 인해서 기계가 망가지거나 어 심하게 얘기하면 사고가 날 수 있기 때문에 저는 저는 엔지니어는 오히려 영어를 더 꾸준히 공부하고 잘 해야 된다 라고 생각합니다.","wordCount":170},"emotion":[],"intent":[{"text":"어 나름 일 주일에 두 번씩   어 시간을 꼭 지키고 가능하면 그 수업에 빠지지 않고 수업에 참여할 수 있도록 노력을 해 왔습니다.","expression":"f_cons","category":"attitude"}],"summary":{"text":"영어로 된 서류는 기본 폼이 있고 어떤 양식이 있는 거라면 저는 영어 서류를 작성하는데 전혀 문제가 없습니다. 그런데 영문으로 작성을 해야 될 때는 애로사항이 많습니다. 그래서 개인적으로 회사에서 하는 영어 스터디를 꾸준히 해 왔는데, 영어를 이해 못하는 경우 기계가 망가지거나 사고가 날 수 있기 때문에 오히려 영어를 더 꾸준히 공부하고 잘 해야 된다고 생각합니다.","wordCount":54}}},"rawDataInfo":{"question":{"fileFormat":"wav","fileSize":403278,"duration":12600,"samplingBit":16,"channelCount":1,"samplingRate":"16kHz","audioPath":"/Mock/07.ProductionManufacturing/Male/New/ckmk_q_mm_m_n_172575.wav"},"answer":{"fileFormat":"wav","fileSize":2865358,"duration":89540,"samplingBit":16,"channelCount":1,"samplingRate":"16kHz","audioPath":"/Mock/07.ProductionManufacturing/Male/New/ckmk_a_mm_m_n_172575.wav"}}}