{"version":"1.0","dataSet":{"info":{"date":"20230116","occupation":"MM","channel":"MOCK","place":"ONLINE","gender":"MALE","ageRange":"45-54","experience":"NEW"},"question":{"raw":{"text":"네 글로벌 인재에게 필수인 요소는 어떤 것이 있을까요 그 요소에 대해서 말씀해 주시고요 또 면접자님께서는 그것을 위해서 어떤 노력을 했는지도 함께 말씀해 주시기 바랍니다","wordCount":24},"emotion":[],"intent":[]},"answer":{"raw":{"text":"글로벌 인재에게 가장 필요한 것은 어학입니다.어학 능력이죠. 영어는 당연히 기본입니다. 요즘은 영어 프러스 제이 외국어가 필요합니다. 영어권 나라가 아닌 그 다른 나라의 언어를 구사한다는 것은 그 나라 사람들에게 굉장한 호감으로 작용합니다. 그래서 저는 인도네시아어를 공부하고 있습니다. 인도네시아는 일억 오천 만의 인구가 있습니다. 그 시장은 아직 미 개척지로 무궁무진합니다. 관광 뿐만 아니라 어떤 우리나라의 모든 산업이 그 일억 오천만 인구와 함께 같이 성장해 나갈 수 있는 그런 나라라고 저는 판단을 했습니다. 그래서 먼 미래를 위한 투자로 저는 인도네시아어를 공부하고 있습니다.","wordCount":79},"emotion":[],"intent":[{"text":"","expression":"","category":"attitude"}],"summary":{"text":"글로벌 인재에게 가장 필요한 것은 어학 능력입니다. 영어권 나라가 아닌 다른 나라의 언어를 구사한다는 것은 그 나라 사람들에게 굉장한 호감으로 작용하기 때문입니다. 그래서 저는 인도네시아어를 공부하고 있습니다.","wordCount":27}}},"rawDataInfo":{"question":{"fileFormat":"wav","fileSize":521678,"duration":16300,"samplingBit":16,"channelCount":1,"samplingRate":"16kHz","audioPath":"/Mock/07.ProductionManufacturing/Male/New/ckmk_q_mm_m_n_176913.wav"},"answer":{"fileFormat":"wav","fileSize":1705998,"duration":53310,"samplingBit":16,"channelCount":1,"samplingRate":"16kHz","audioPath":"/Mock/07.ProductionManufacturing/Male/New/ckmk_a_mm_m_n_176913.wav"}}}