{"version":"1.0","dataSet":{"info":{"date":"20230116","occupation":"MM","channel":"MOCK","place":"ONLINE","gender":"MALE","ageRange":"35-44","experience":"NEW"},"question":{"raw":{"text":"혹시 매일 공부하고 있는 분야가 따로 있으신가요 있다면 그걸 왜 공부하는지도 같이 설명해 주세요","wordCount":14},"emotion":[],"intent":[]},"answer":{"raw":{"text":"저는 지금 빅데이터와 에이아이 머신 러닝에 대해서 지속적으로 매일매일 공부하고 있습니다. 왜냐면 온라인에서 마케팅 및 판매에 대한 기술을 익히기 위해서 가장 필요한 것은 데이터입니다. 특히나 에스이오 서치 엔진 옵티마이제이션이라고 하는 최적화 그리고 키워드를 찾는 것이 이 시대의 온라인에서 가장 큰 대두된 화두입니다. 그런데 이거를 공부하기 위해서는 매일매일 빅데이터와 에이아이의 작동 원리 머신 러닝의 작동 원리를 꾸준하게 공부를 해야 됩니다. 그렇지 않으면 기존에 가진 지식을 가지고 업무에 활용을 할 수 없을 뿐더러 이제는 많은 사람들이 폰 모바일로 구십 퍼센트 이상 검색을 하고 구십 퍼센트 이상 거기서 판매가 일어나고 있습니다. 그런데 이런 트렌드에 맞지 않게 예전처럼 계속 신문 전단 또는 티비 광고만을 쏟아낸다면 회사에서는 지속적으로 비용을 낭비할 수 밖에 없고 효과가 나지 않는 처참한 사태를 맞이하게 될 것입니다. 그래서 저는 에이아이와 빅데이터를 매일매일 한 시간에서 두 시간씩 프로그래밍하면서 공부하고 있습니다.","wordCount":128},"emotion":[],"intent":[{"text":"저는 지금 빅데이터와 에이아이 머신 러닝에 대해서 지속적으로 매일매일 공부하고 있습니다.","expression":"f_cons","category":"attitude"},{"text":"그런데 이거를 공부하기 위해서는 매일매일 빅데이터와 에이아이의 작동 원리   머신 러닝의 작동 원리를 꾸준하게 공부를 해야 됩니다.","expression":"f_cons","category":"attitude"},{"text":"그래서 저는 에이아이와 빅데이터를 매일매일   한 시간에서 두 시간씩 프로그래밍하면서 공부하고 있습니다.","expression":"c_imp","category":"personality"}],"summary":{"text":"온라인에서 마케팅 및 판매에 대한 기술을 익히기 위해서는 데이터가 필요한데, 특히 에스이오 서치 엔진 옵티마이제이션을 공부하기 위해서는 매일 빅데이터와 에이아이 머신 러닝의 작동 원리를 꾸준하게 공부해야 합니다. 그렇지 않으면 업무에 활용을 할 수 없습니다. 그래서 저는 에이아이와 빅데이터를 매일 프로그래밍하면서 공부하고 있습니다.","wordCount":42}}},"rawDataInfo":{"question":{"fileFormat":"wav","fileSize":294478,"duration":9200,"samplingBit":16,"channelCount":1,"samplingRate":"16kHz","audioPath":"/Mock/07.ProductionManufacturing/Male/New/ckmk_q_mm_m_n_163007.wav"},"answer":{"fileFormat":"wav","fileSize":2423758,"duration":75740,"samplingBit":16,"channelCount":1,"samplingRate":"16kHz","audioPath":"/Mock/07.ProductionManufacturing/Male/New/ckmk_a_mm_m_n_163007.wav"}}}