{"version":"1.0","dataSet":{"info":{"date":"20230116","occupation":"MM","channel":"MOCK","place":"ONLINE","gender":"MALE","ageRange":"45-54","experience":"NEW"},"question":{"raw":{"text":"어 지금 공부하고 있는 분야가 있는지요 어 어떤 분야를 공부하고 계시는지 어 왜 그걸 공부하시는지 그리고 지금까지 그것을 통해서 무엇을 배웠는지도 함께 말씀해 주시기 바랍니다","wordCount":25},"emotion":[],"intent":[]},"answer":{"raw":{"text":"현재 공부하고 있는 분야는 경제를 공부하고 있습니다. 그동안 이제 경제에 대해서 자세하게 생각을 안 하고 있다가 이제 미래라든가 그다음에 현재의 경제 상황이라든가 이런 것들이 점점 나빠지고 음 실질적으로 가정에 영향을 미치고 있기 때문에 어 경제에 대해서 열심히 공부를 하고 있고 지금까지 어 주식이라든가 펀드라든가 그다음에 예금 예적금이라든가 이런 것들에 대해서 어 공부하고 있습니다.","wordCount":53},"emotion":[],"intent":[{"text":"","expression":"","category":"attitude"}],"summary":{"text":"지금까지 경제에 대해 자세하게 생각하지 않았는데, 미래와 현재의 경제 상황이 나빠지고 있고 이것이 가정에 영향을 미치고 있기 때문에 열심히 공부하고 있습니다.","wordCount":21}}},"rawDataInfo":{"question":{"fileFormat":"wav","fileSize":541838,"duration":16930,"samplingBit":16,"channelCount":1,"samplingRate":"16kHz","audioPath":"/Mock/07.ProductionManufacturing/Male/New/ckmk_q_mm_m_n_174606.wav"},"answer":{"fileFormat":"wav","fileSize":1247438,"duration":38980,"samplingBit":16,"channelCount":1,"samplingRate":"16kHz","audioPath":"/Mock/07.ProductionManufacturing/Male/New/ckmk_a_mm_m_n_174606.wav"}}}