{"version":"1.0","dataSet":{"info":{"date":"20230116","occupation":"MM","channel":"MOCK","place":"ONLINE","gender":"MALE","ageRange":"35-44","experience":"NEW"},"question":{"raw":{"text":"우리 회사에 들어와서 오 년 뒤 십 년 뒤에 지원자님은 어떤 엔지니어가 되어 있을지 말씀해 주세요","wordCount":16},"emotion":[],"intent":[]},"answer":{"raw":{"text":"오 년 뒤에는 모든 프로젝트나 업무에 능숙한 대리가 되어 있을 것입니다. 대리가 되었다는 것은 어떤 직무를 맡았을 때 엔지니어로서 해결책을 찾아나가는 능통한 베테랑의 전 단계라고 생각을 하고요. 십 년 뒤에는 과장이 되어 있어서 어떤 과를 책임지는 하나의 리더가 되어 있을 것이라고 생각합니다. 그런 엔지니어가 되었을 때는 후배들을 솔선수범하고 후배들에게 많은 교육과 조언을 해줄 수 있는 좋은 선배가 되어 있을 것으로 생각합니다.","wordCount":61},"emotion":[],"intent":[{"text":"","expression":"","category":"attitude"}],"summary":{"text":"어떤 직무를 맡았을 때 해결책을 찾아나가는 능통한 베테랑의 전 단계라고 생각합니다. 그런 엔지니어가 되었을 때는 후배들에게 많은 교육과 조언을 해주는 좋은 선배가 될 것입니다.","wordCount":24}}},"rawDataInfo":{"question":{"fileFormat":"wav","fileSize":375758,"duration":11740,"samplingBit":16,"channelCount":1,"samplingRate":"16kHz","audioPath":"/Mock/07.ProductionManufacturing/Male/New/ckmk_q_mm_m_n_159675.wav"},"answer":{"fileFormat":"wav","fileSize":1101518,"duration":34420,"samplingBit":16,"channelCount":1,"samplingRate":"16kHz","audioPath":"/Mock/07.ProductionManufacturing/Male/New/ckmk_a_mm_m_n_159675.wav"}}}