{"version":"1.0","dataSet":{"info":{"date":"20230116","occupation":"MM","channel":"MOCK","place":"ONLINE","gender":"MALE","ageRange":"45-54","experience":"NEW"},"question":{"raw":{"text":"어 본인이 생각했을 때 말구요 이제 다른 사람이 생각하는 지원자님의 장점 그리고 단점이 뭐라고 말을 했는지 그 이유와 함께 말씀을 좀 부탁드리겠습니다","wordCount":22},"emotion":[],"intent":[]},"answer":{"raw":{"text":"어 저의 장점과 단점은 공교롭게도 같습니다. 저는 어떤 선택의 순간이 왔을 때 그 선택을 할 때 그게 뭐 저 개인적인 거든 업무적인 거든 어 매우 신중한 편입니다. 저는 그것을 선택을 했을 때 어떻게 진행이 될 건지 아니면 이 선택이 정말 옳은 선택이었는지 어 이 선택을 해서 어 앞으로 벌어질 수 있는 일에 대해서 어 다음 단계 그 다음 단계 수까지 한번 생각해보는 그런 신중함을 갖고 있습니다. 때로는 이런 제 성격이 단점으로 작용할 때도 있습니다. 어 일에 따라서 빠르게 결정하고 빠르게 선택을 하는 것이 어 올바른 선택이고 또는 피해를 줄일 수 있는 방법이 이기도 하기 때문입니다. 어 그런 부분에 있어서는 좀 우유부단하다 어 결정을 빨리 못 내린다 뭐 뭐 누구는 뭐 결정 장애가 있다 뭐 이렇게도 얘기를 하지만 전 그래도 제가 어떤 문제를 선택하거나 결정을 해야 될 때 신중하게 제가 한 번 선택을 하게 되면 그건 돌이킬 수 없기 때문에 저는 어 되도록 신중하게 뭐 남한테 자 조언도 구하고 제 삼 자의 입장이 돼서 어 이런 객관적으로 어떤 것이 진정한 이익이 될지를 생각해 본 후 결정을 하는 것 같습니다.","wordCount":168},"emotion":[],"intent":[{"text":"","expression":"","category":"attitude"}],"summary":{"text":"저는 어떤 선택을 했을 때 매우 신중한 편인데, 일이 어떻게 진행될 건지 또는 옳은 선택이었는지 앞으로 벌어질 수 있는 일에 대해서 한번 생각해보는 신중함을 갖고 있습니다. 결정을 빨리 내리는 것은 올바른 선택이지만, 한번 결정을 하게 되면 돌이킬 수 없기 때문에 객관적으로 어떤 것이 진정한 이익이 될지를 생각해 본 후 결정을 합니다.","wordCount":51}}},"rawDataInfo":{"question":{"fileFormat":"wav","fileSize":572878,"duration":17900,"samplingBit":16,"channelCount":1,"samplingRate":"16kHz","audioPath":"/Mock/07.ProductionManufacturing/Male/New/ckmk_q_mm_m_n_165944.wav"},"answer":{"fileFormat":"wav","fileSize":2761678,"duration":86300,"samplingBit":16,"channelCount":1,"samplingRate":"16kHz","audioPath":"/Mock/07.ProductionManufacturing/Male/New/ckmk_a_mm_m_n_165944.wav"}}}