{"version":"1.0","dataSet":{"info":{"date":"20230116","occupation":"MM","channel":"MOCK","place":"ONLINE","gender":"MALE","ageRange":"45-54","experience":"NEW"},"question":{"raw":{"text":"지원자님이 개인적인 역량을 어떻게 공부하시는지 궁금합니다 어 강의나 책을 활용한 공부 내용도 좋고요 어떻게 하시는지 말씀해 주시겠습니까","wordCount":17},"emotion":[],"intent":[]},"answer":{"raw":{"text":"개인적으로 공부하는 트렌드는 예전과 최근 몇 년간은 전혀 대한 분위기가 다르다고 생각을 합니다. 예전의 경우에는 개인적인 공부를 한다고 하면 학원을 끊거나 책을 보고 혼자 독학을 한 경우들이 많이 있었는데요. 최근에는 여러 유료 강의나 그리고 인터넷 상을 이용해서 검색을 하거나 또한 어 유튜브라든지 그런 부분들에 에 에 검색을 해보면 동영상으로 자세히 설명해 놓은 부분들이 많이 있기 때문에 이러한 부분들이 훨씬 더 보편화되어 있다고 생각을 합니다. 따라서 최근에는 언어를 공부하는 경우에는 단어를 찾을 때도 예전에 사 사전을 달달달 외우고 그러한 부분들이 많았다면 최근에는 일반적인 사전은 사용을 하지 않고 인터넷이나 아니 인 사전을 이용을 해서 바로바로 찾는다던가 아 여러 가지 방안 방법들이 사용되고 있습니다. 저 또한 책이나 아 그런 고전적인 방법보다는 최근 트렌드에 맞춰서 동영상을 보는 것이 훨씬 이해도 빠르고 손 쉽은 방법이라 그 방법을 자주 이용하고 있습니다.","wordCount":125},"emotion":[],"intent":[{"text":"","expression":"","category":"attitude"}],"summary":{"text":"개인적으로 공부하는 트렌드는 예전과 최근은 분위기가 다릅니다. 예전에는 학원을 끊거나 혼자 독학하는 경우들이 많았는데, 최근에는 동영상으로 자세히 설명해 놓은 부분들이 더 보편화되어 있습니다. 그래서 언어를 공부하는 경우에는 사전을 사용하지 않고 인터넷이나 사전을 이용을 해서 바로 찾는다거나 여러 가지 방안 방법들이 사용됩니다.","wordCount":41}}},"rawDataInfo":{"question":{"fileFormat":"wav","fileSize":416078,"duration":13000,"samplingBit":16,"channelCount":1,"samplingRate":"16kHz","audioPath":"/Mock/07.ProductionManufacturing/Male/New/ckmk_q_mm_m_n_163470.wav"},"answer":{"fileFormat":"wav","fileSize":2706638,"duration":84580,"samplingBit":16,"channelCount":1,"samplingRate":"16kHz","audioPath":"/Mock/07.ProductionManufacturing/Male/New/ckmk_a_mm_m_n_163470.wav"}}}