{"version":"1.0","dataSet":{"info":{"date":"20230116","occupation":"MM","channel":"MOCK","place":"ONLINE","gender":"MALE","ageRange":"35-44","experience":"NEW"},"question":{"raw":{"text":"저희 일의 특성상 야근이나 잔업 혹은 외근 이러한 것들이 많아질 수도 있는데요 그래도 괜찮으신지 지원자님의 생각을 말씀해 주시면 감사하겠습니다","wordCount":19},"emotion":[],"intent":[]},"answer":{"raw":{"text":"어떤 업무를 하던 간에 야근이나 잔업은 피할 수 없는 것들입니다. 특히나 어떤 프로젝트 또는 생산량 또는 발주가 많아질 때는 잔업이나 외근이 많아질 수 밖에 없습니다. 그 잔업이나 외근을 통해서 회사에서 적절한 보상안을 마련해 준다면 저는 불만 없이 일을 할 수 있을 것 같습니다. 예를 들어 제가 오늘 잔업을 세 시간을 했다 하면 세 시간에 대한 보상안을 마련해 주고 외근이 많다 그러면 외근이 많은 것에 대한 어떤 일의 특성상 교통비라든가 외부 지원비를 준다고 하면 크게 문제 없이 진행할 수 있을 것 같습니다.","wordCount":81},"emotion":[],"intent":[{"text":"","expression":"","category":"attitude"}],"summary":{"text":"어떤 업무를 하던 간에 야근이나 잔업은 피할 수 없는 것들입니다. 잔업이나 외근을 통해서 회사에서 적절한 보상안을 마련해 준다면 불만 없이 일을 할 수 있을 것 같습니다.","wordCount":26}}},"rawDataInfo":{"question":{"fileFormat":"wav","fileSize":396878,"duration":12400,"samplingBit":16,"channelCount":1,"samplingRate":"16kHz","audioPath":"/Mock/07.ProductionManufacturing/Male/New/ckmk_q_mm_m_n_159677.wav"},"answer":{"fileFormat":"wav","fileSize":1340878,"duration":41900,"samplingBit":16,"channelCount":1,"samplingRate":"16kHz","audioPath":"/Mock/07.ProductionManufacturing/Male/New/ckmk_a_mm_m_n_159677.wav"}}}