{"version":"1.0","dataSet":{"info":{"date":"20230116","occupation":"MM","channel":"MOCK","place":"ONLINE","gender":"MALE","ageRange":"45-54","experience":"NEW"},"question":{"raw":{"text":"지원자께서는 일을 하다 보면 영어로 서류를 작성해야 될 일이 생길 수가 있는데요 그렇다 라고 한다면은 영어로 서류를 작성할 수 있는지 궁금합니다","wordCount":21},"emotion":[],"intent":[]},"answer":{"raw":{"text":"업무를 진행을 하다 보면 영어로 서류를 작성해야 되는 경우가 많이 있습니다. 특히 제가 금 직무를 수행을 했던 해외 영업의 경우는 저의 경우는 중국 상해에서 오 년 동안 어 유학 생활을 했었기 때문에 에 중국어는 편안하게 얘기를 할 정도의 수준이 됐었습니다. 그 당시에 제 전공은 일본어 학과였고요. 일본어 학과이다 보니 일본어 또한 중국어와 마찬가지로 편안하게 말할 정도의 수준이 됐었습니다. 저의 경우는 따른 유학생들 저 유학생들과의 차별화를 위해서 영어는 기본적으로 꼭 해야 된다고 생각을 했었고 캐나다 밴쿠버에서 어학연수를 하고 한국에 돌아와서 대부분을 해외 영업 업무를 했었습니다. 제가 맡은 대부분들은 중화권이었었고요. 당연히 어 통화 부분들은 중국어로 진행을 했었지만 이메일이나 모든 서류들은 영어로 작성을 했었습니다. 따라서 방금 말씀하셨던 영어로 서류를 작성할 수 있느냐고 말씀 문의를 주셨 질문을 하셨던 부분에 대해서는 전혀 문제 없습니다.","wordCount":119},"emotion":[],"intent":[{"text":"","expression":"","category":"attitude"}],"summary":{"text":"영어로 서류를 작성해야 되는 경우가 많습니다. 특히 해외 영업의 경우 중국 상해에서 유학 생활을 했기 때문에 중국어는 편안하게 말할 정도의 수준이 됐고, 캐나다 밴쿠버에서 어학연수를 하고 한국에 돌아와서 대부분을 해외 영업 업무를 했었습니다. 그래서 이메일이나 모든 서류들은 영어로 작성을 했습니다.","wordCount":40}}},"rawDataInfo":{"question":{"fileFormat":"wav","fileSize":512078,"duration":16000,"samplingBit":16,"channelCount":1,"samplingRate":"16kHz","audioPath":"/Mock/07.ProductionManufacturing/Male/New/ckmk_q_mm_m_n_158027.wav"},"answer":{"fileFormat":"wav","fileSize":2700238,"duration":84380,"samplingBit":16,"channelCount":1,"samplingRate":"16kHz","audioPath":"/Mock/07.ProductionManufacturing/Male/New/ckmk_a_mm_m_n_158027.wav"}}}