{"version":"1.0","dataSet":{"info":{"date":"20230116","occupation":"MM","channel":"MOCK","place":"ONLINE","gender":"MALE","ageRange":"45-54","experience":"NEW"},"question":{"raw":{"text":"업무를 수행하시면서 가장 어려울 것으로 예상된 것은 무엇입니까 그리고 그 어려울 것으로 예상되는 것에 대해 어떻게 대처하실지도 함께 답변 부탁드립니다","wordCount":20},"emotion":[],"intent":[]},"answer":{"raw":{"text":"업무를 하면서 지금까지 경험에 의거해서 가장 어려울 것으로 예상되는 부분들은 어려운 문제에 대한 해서 혼자서 일을 처리하는 부분이 아니라 어떤 업무에 대해서 혼자서는 해결하지 해결되지 않고 협업을 통해서 해결해야 되는 경우가 가장 어려울 것 같습니다. 케이스 바이 케이스에 따라 다르겠지만 일반적으로 협업을 진행하는 경우 부서 간 혹은 개인 간 이기주의가 발현이 되는 경우가 아 종종 있습니다. 이런 경우에는 회사야의 전체적인 이익을 위해서 하는 업무임에도 불구하고 본인이나 혹은 본인 부서에 에 이익이나 혹은 어 불이익이 발생할 거라고 생각 예상이 되면 적극적인 참여나 그런 부분들을 하긴 어렵습니다. 이런 경우에는 회의 어 면담을 통해서 혹은 대화를 통해서 해결하는 데에는 한계가 있습니다. 본인이 손해를 보면서까지 그리 아주 적극적으로 하려는 사람은 없다고 생각이 됩니다. 따라서 이러한 경우에는 이번에는 어 손해를 본다고 생각을 하더라도 다음에 우선 순위를 준다든가 이 프로젝트나 협업이 성공적으로 진행이 되었을 때 반대급부를 준다든가 이러한 부분들도 하나의 해결책 중의 하나라고 생각합니다.","wordCount":138},"emotion":[],"intent":[{"text":"","expression":"","category":"attitude"}],"summary":{"text":"어떤 업무에 대해 혼자서는 해결하지 않고 협업을 통해서 해결해야 되는 경우가 가장 어려울 것 같습니다. 협업을 진행하는 경우 부서 간 혹은 개인 간 이기주의가 발현이 되는 경우가 종종 있습니다. 이런 경우 회의나 대화를 통해서 해결하는 데에는 한계가 있으므로 다음 우선 순위나 성공적 협업 시 반대급부를 주는 것 등이 해결책 중 하나라고 생각합니다.","wordCount":52}}},"rawDataInfo":{"question":{"fileFormat":"wav","fileSize":542798,"duration":16960,"samplingBit":16,"channelCount":1,"samplingRate":"16kHz","audioPath":"/Mock/07.ProductionManufacturing/Male/New/ckmk_q_mm_m_n_162067.wav"},"answer":{"fileFormat":"wav","fileSize":2665038,"duration":83280,"samplingBit":16,"channelCount":1,"samplingRate":"16kHz","audioPath":"/Mock/07.ProductionManufacturing/Male/New/ckmk_a_mm_m_n_162067.wav"}}}