{"version":"1.0","dataSet":{"info":{"date":"20230116","occupation":"MM","channel":"MOCK","place":"ONLINE","gender":"MALE","ageRange":"45-54","experience":"NEW"},"question":{"raw":{"text":"지원자님이 생각하기에 지원자님이 가지고 있는 상위 일 퍼센트의 능력이 있다면 어떠한 능력이 있는지 그 능력에 대해서 최대한 자세한 설명 부탁드리겠습니다","wordCount":20},"emotion":[],"intent":[]},"answer":{"raw":{"text":"어 제가 신입사원으로서 어 신입사원들을 기준으로 놓고 보면 저는 다른 여타 다른 신입사원들에 비해서 경험이 많다라고 경험이 많은 것을 말씀드리고 싶습니다. 저는 어 이 일을 이 일에 도전하기 위해 이 직무를 수행하기 위해서 약 팔 개월 동안 인턴사원 경험을 해봤습니다. 어 마침 그 인턴사원은 지금 제가 지원한 이 직종과 같은 인턴 사원이었고 저는 팔 개월 동안 나름 현장에서 어 프로그램을 운영하는 법 생산 라인에 대한 전체적인 이해 그리고 이 기계 엔지니어로서 이 기계를 뭐 다루고 조율하고 어 정비하는 것에 대한 어 나름 그 경험을 매우 많이 갖고 있습니다. 저는 팔 개월 동안 일을 하면서 거기에 관련된 자격증을 갖고 있어 가지고 거의 팔 개월 전부를 그 이 실제로 기계를 운영하고 정비하는데 어 경험을 해 봤습니다. 그렇기 때문에 저는 물론 저보다 많은 경험을 쌓고 어 더 많은 노하우를 가지신 분들이 많겠지만 저는 그래도 신입사원 중에서는 상위 일 퍼센트 정도의 들 경험과 그 실습 경 실습 경험과 노하우를 가지고 있다고 자부합니다.","wordCount":148},"emotion":[],"intent":[{"text":"저는   어 이 일을 이 일에 도전하기 위해 이 직무를 수행하기 위해서 약 팔 개월 동안 인턴사원 경험을 해봤습니다.","expression":"c_imp","category":"personality"},{"text":"어 마침 그 인턴사원은    지금 제가 지원한 이 직종과 같은 인턴 사원이었고 저는 팔 개월 동안 나름 현장에서   어 프로그램을 운영하는 법 생산 라인에 대한 전체적인 이해 그리고 이 기계 엔지니어로서 이 기계를 뭐 다루고 조율하고 어 정비하는 것에 대한 어 나름   그 경험을 매우 많이 갖고 있습니다.","expression":"f_equip","category":"technology"},{"text":"저는 팔 개월 동안 일을 하면서 거기에 관련된 자격증을 갖고 있어 가지고 거의 팔 개월 전부를   그 이 실제로 기계를 운영하고 정비하는데 어 경험을 해 봤습니다.","expression":"f_equip","category":"technology"}],"summary":{"text":"저는 신입사원으로 다른 신입사원들에 비해서 경험이 많다고 말하고 싶습니다. 저는 이 일을 수행하기 위해 약 팔 개월 동안 인턴사원 경험을 해봤습니다. 그래서 저는 신입사원 중에서는 상위 일 퍼센트 정도의 실습 경험과 노하우를 가지고 있다고 자부합니다.","wordCount":35}}},"rawDataInfo":{"question":{"fileFormat":"wav","fileSize":446478,"duration":13950,"samplingBit":16,"channelCount":1,"samplingRate":"16kHz","audioPath":"/Mock/07.ProductionManufacturing/Male/New/ckmk_q_mm_m_n_168468.wav"},"answer":{"fileFormat":"wav","fileSize":2696398,"duration":84260,"samplingBit":16,"channelCount":1,"samplingRate":"16kHz","audioPath":"/Mock/07.ProductionManufacturing/Male/New/ckmk_a_mm_m_n_168468.wav"}}}