{"version":"1.0","dataSet":{"info":{"date":"20230116","occupation":"MM","channel":"MOCK","place":"ONLINE","gender":"MALE","ageRange":"45-54","experience":"NEW"},"question":{"raw":{"text":"저희 회사에 다른 계열사도 굉장히 많이 있습니다 그런데 이 계열사에 지원해 준 특별한 이유가 있나요","wordCount":15},"emotion":[],"intent":[]},"answer":{"raw":{"text":"네 저는 당 회사 이 직무 제가 지원한 이 직무에 어 취업을 하고자 무척 오랫동안 준비를 해왔습니다. 어 나름 저 스스로의 경쟁력을 갖추고자 어 자격증을 취득하였고 어 정말 이 일이 나한테 잘 맞는지 제가 잘 해낼 수 있는지를 확인하고자 저는 약 육 개월 동안 인턴사원도 거쳤습니다. 어 저는 이 인턴사원을 거치고 이 자격증을 따면서 어 이 일은 정말 제가 어 열과 성을 다해서 잘 할 수 있다 라는 어 자신감을 가졌습니다. 그렇기 때문에 저는 이 계열사 이 직무에 도전을 한 것입니다. 어 다른 말씀처럼 다른 계열사에도 도전하고 싶었지만 저는 인턴 생활을 하면서 이것이 정말 제가 제 적성에도 맞고 제가 누구보다 어 열과 성을 가지고 잘 할 수 있는 분야고 어 계열이라고 생각했기 때문에 저는 어 주저 없이 이 계열사에 질 어 도전을 하고 지원을 한 것입니다.","wordCount":126},"emotion":[],"intent":[{"text":"어 다른 말씀처럼 다른 계열사에도 도전하고 싶었지만 저는   인턴 생활을 하면서 이것이 정말 제가 제 적성에도 맞고 제가 누구보다   어 열과 성을 가지고 잘 할 수 있는 분야고 어 계열이라고 생각했기 때문에   저는 어 주저 없이 이 계열사에 질 어 도전을 하고 지원을 한 것입니다.","expression":"c_sincere_job","category":"etc"}],"summary":{"text":"저는 당 회사 이 직무에 취업을 하고자 무척 오랫동안 준비를 해왔습니다. 인턴사원을 거치고 자격증을 따면서 열과 성을 다해서 잘 할 수 있다 라는 자신감을 가졌기 때문에 저는 주저 없이 이 계열사에 도전하고 지원을 한 것입니다.","wordCount":35}}},"rawDataInfo":{"question":{"fileFormat":"wav","fileSize":279758,"duration":8740,"samplingBit":16,"channelCount":1,"samplingRate":"16kHz","audioPath":"/Mock/07.ProductionManufacturing/Male/New/ckmk_q_mm_m_n_172696.wav"},"answer":{"fileFormat":"wav","fileSize":2207118,"duration":68970,"samplingBit":16,"channelCount":1,"samplingRate":"16kHz","audioPath":"/Mock/07.ProductionManufacturing/Male/New/ckmk_a_mm_m_n_172696.wav"}}}