{"version":"1.0","dataSet":{"info":{"date":"20230116","occupation":"MM","channel":"MOCK","place":"ONLINE","gender":"MALE","ageRange":"45-54","experience":"NEW"},"question":{"raw":{"text":"지원자님 영어 단어 패티그라는 것에 대해서 들어보셨나요 패티그는 우리나라 말로 번역하면 피로라고 하는데요 피로에 대해서 한번 설명해 주세요","wordCount":18},"emotion":[],"intent":[]},"answer":{"raw":{"text":"피곤할 때 그 피로에 대해서 설명을 하기엔 여러 가지 원인이 있을 거라 생각이 됩니다. 피로에는 이 피로한 왜 피로한지 원인을 파악을 하고 그 원인에 대해서 파악이 된다면 그 부분을 해결할 수 있는 방안을 모색할 수 있을 것 같습니다. 당연히 사람이 피곤하지 않고 영원히 건강하고 피곤이 없는 삶을 살기는 쉽지 않을 것입니다. 하지만 최소한 그 피곤의 사유를 명백하다면 그 피로의 정도를 좀 줄여서 어 어야 향후에 어떤 업무를 하든 건강에도 좋기 때문에 그런 부분들에 대해서는 고민을 하고 그리고 주위에 이러한 피로가 피로도 피로를 좀 적게 할 수 있는 방안들을 모색을 해서 가능하면 필요의 정도나 그런 부분들을 좀 낮출 수 있는 방안을 모색할 것 같습니다. 단지 피로한 부분이 아 을 방치를 하게 된다면 향후에 궁극적으로는 제 건강에 영향을 줄 거라고 생각을 하기 때문에 그 제 영화 건강에 영향을 준다는 부분은 회사의 입장에서도 전체적으로는 인원에 관리 업무에 영향을 줄 수 있을 거라고 사료가 되기 때문에 저의 경우는 그 부분에 대해서 어 좀 더 어 적게 피로가 될 수 있는 부분을 찾을 것 같습니다.","wordCount":160},"emotion":[],"intent":[{"text":"","expression":"","category":"attitude"}],"summary":{"text":"피로에는 여러 가지 원인이 있을 것이며 원인을 파악한다면 해결 방안을 모색할 수 있을 것 같습니다. 최소한 그 피로를 명백하다면 그 피로의 정도를 줄여 향후 어떤 업무를 하건 건강에도 좋기 때문에 그런 부분들에 대해서는 고민을 하고 가능한 한 피로를 좀 적게 할 수 있는 방안들을 모색해야 합니다.","wordCount":46}}},"rawDataInfo":{"question":{"fileFormat":"wav","fileSize":548558,"duration":17140,"samplingBit":16,"channelCount":1,"samplingRate":"16kHz","audioPath":"/Mock/07.ProductionManufacturing/Male/New/ckmk_q_mm_m_n_162344.wav"},"answer":{"fileFormat":"wav","fileSize":2730958,"duration":85340,"samplingBit":16,"channelCount":1,"samplingRate":"16kHz","audioPath":"/Mock/07.ProductionManufacturing/Male/New/ckmk_a_mm_m_n_162344.wav"}}}