{"version":"1.0","dataSet":{"info":{"date":"20230116","occupation":"MM","channel":"MOCK","place":"ONLINE","gender":"MALE","ageRange":"45-54","experience":"NEW"},"question":{"raw":{"text":"본인이 생각했을 때 직무지식 역량 태도 이 세 가지 요소 중에서 가장 중요하게 생각하는 것이 어떤 것인가요 그리고 왜 그렇게 생각하는지 그 이유도 같이 말씀해 주세요","wordCount":26},"emotion":[],"intent":[]},"answer":{"raw":{"text":"직무 지식 역량 태도 어 이 세 가지 모두 신입 사원으로서는 꼭 지니고 있어야 될 덕목이라고 생각을 합니다. 어 하지만 이 중에서 한 가지만 고르라 그러면 저는 태도를 고르겠습니다. 어 직무 지식이나 역량과 직무 지식은 어 직무 지식이 많으면 좋겠죠. 어떤 일을 할 때 거기에 대한 지식이 많다면 당연히 일을 하는 데 도움이 될 거라고 생각을 합니다. 역량 또한 마찬가지입니다. 제가 본인 스스로가 그 일에 대한 역량을 갖고 있다 그러면 그 사람은 남들보다 조금 더 빨리 발전할 수 있고 어 그 본인의 실력을 더 발휘할 수 있을 거라고 생각을 합니다. 하지만 직무 지식과 역량은 회사에 들어가서 어 시간이 지나고 뭐 경험이 쌓이고 그러다보면 어느 정도는 뭐 개인마다 뭐 그 차이는 다르겠지만 어느 정도 자연스럽게 늘어날 수 있고 있는 거라고 생각을 합니다. 하지만 태도는 조금 다릅니다. 태도는 어떤 일을 함에 있어서 마음가짐이기 때문에 어 어떤 일을 대할 때 어떤 일을 시작할 때 본인 스스로가 어 가지고 있는 그 마음가짐이라고 생각을 합니다. 어 직무 지식이나 역량에 비해서 기본적으로 갖추고 있어야 될 덕목이라고 저는 생각합니다.","wordCount":162},"emotion":[],"intent":[{"text":"","expression":"","category":"attitude"}],"summary":{"text":" 직무 지식과 역량은 지식이 많으면 일을 하는 데 도움이 되고, 역량은 본인의 실력을 더 늘릴 것입니다. 태도는 어떤 일을 할 때 마음가짐이므로, 직무 지식이나 역량에 비해 기본적으로 갖추어야 합니다.","wordCount":29}}},"rawDataInfo":{"question":{"fileFormat":"wav","fileSize":528078,"duration":16500,"samplingBit":16,"channelCount":1,"samplingRate":"16kHz","audioPath":"/Mock/07.ProductionManufacturing/Male/New/ckmk_q_mm_m_n_160243.wav"},"answer":{"fileFormat":"wav","fileSize":2732878,"duration":85400,"samplingBit":16,"channelCount":1,"samplingRate":"16kHz","audioPath":"/Mock/07.ProductionManufacturing/Male/New/ckmk_a_mm_m_n_160243.wav"}}}