{"version":"1.0","dataSet":{"info":{"date":"20230116","occupation":"MM","channel":"MOCK","place":"ONLINE","gender":"MALE","ageRange":"45-54","experience":"NEW"},"question":{"raw":{"text":"지원자분께서는 엔지니어 쪽에 경험이 많다고 들었습니다 그러면 씨에스 엔지니어와 설비 엔지니어와의 차이는 무엇이라고 생각하시는지 말씀해 주십시오","wordCount":16},"emotion":[],"intent":[]},"answer":{"raw":{"text":"어 우선 씨 에스 엔지니어에 대해서 말씀드리겠습니다. 씨 에스 엔지니어는 어 에이에스 엠 엘 엘 본사 정비를 한국에 설치하고 사용을 할 때 발생하는 하드웨어와 소프트웨어 문제를 해결하는 어 능력을 갖고 있는 사람들이 씨에스 엔지니어로 알고 있습니다. 설비 엔지니어는 일단 기계 설비를 잘 다루며 익숙한 자를 설비 엔지니어라고 하고 이 설비 엔지니어가 하는 주 업무는 어 설비의 유지 보수 관리 유지 보수 관리를 통해서 설비를 개선했을 때 기계 설비에 문제가 있을 때 또는 개선 효과와 그 절감 효과가 있는지를 평가하는 업무를 주 업무로 하는 것으로 알고 있습니다.","wordCount":86},"emotion":[{"text":"씨 에스 엔지니어는 어 에이에스 엠 엘 엘 본사 정비를 한국에 설치하고 사용을 할 때 발생하는 하드웨어와 소프트웨어 문제를 해결하는 어 능력을 갖고 있는 사람들이 씨에스 엔지니어로 알고 있습니다.","expression":"u-fact","category":"neutral"}],"intent":[{"text":"","expression":"","category":"attitude"}],"summary":{"text":"설비 엔지니어는 설비의 유지 보수 관리, 유지 보수 관리를 통해서 설비를 개선했을 때 기계 설비에 문제가 있을 때 또는 개선 효과와 그 절감 효과가 있는지를 평가하는 업무를 주 업무로 합니다.","wordCount":30}}},"rawDataInfo":{"question":{"fileFormat":"wav","fileSize":481358,"duration":15040,"samplingBit":16,"channelCount":1,"samplingRate":"16kHz","audioPath":"/Mock/07.ProductionManufacturing/Male/New/ckmk_q_mm_m_n_180786.wav"},"answer":{"fileFormat":"wav","fileSize":1590478,"duration":49700,"samplingBit":16,"channelCount":1,"samplingRate":"16kHz","audioPath":"/Mock/07.ProductionManufacturing/Male/New/ckmk_a_mm_m_n_180786.wav"}}}