{"version":"1.0","dataSet":{"info":{"date":"20230116","occupation":"MM","channel":"MOCK","place":"ONLINE","gender":"MALE","ageRange":"35-44","experience":"NEW"},"question":{"raw":{"text":"당신은 지방 근무를 할 수 있으신가요","wordCount":6},"emotion":[],"intent":[]},"answer":{"raw":{"text":"네 어느 지방마다 그 지방에 모 장점이 있다 라고 생각합니다. 제가 친구가 좀 많다 보니까 많은 지방에 놀러 가서 그 지방을 경험하고 그 지방에서 음 꽤 오랜 기간도 묵어 본 경험들이 있는데 어 확실히 서울보다는 지방이 좀 약간 심심하기도 하고 어 어떤 근린 시설이나 생활 편의 시설들이 부족하긴 하지만 또 그 지방만의 정서라든지 또 음식 또 사람들 이런 많은 부분들이 또 새로운 경험을 할 수 있다 라고 저는 생각해서 지방 근무도 저는 괜찮을 것 같습니다. 어 지방 근무를 하게 된다면 또 한 가지 이점이 아직 미혼이기 때문에 어 제가 좀 편하게 혼자 내려가서 생활을 할 수 있지 않을까 네 그렇게 생각합니다.","wordCount":101},"emotion":[],"intent":[{"text":"","expression":"","category":"attitude"}],"summary":{"text":"지방 근무는 서울보다 지방이 조금 심심하기도 하고 새로운 경험을 할 수 있다는 장점이 있어서 저는 추천합니다. 또 하나의 이점은 아직 미혼인 제가 혼자 내려가서 생활을 할 수 있지 않을까 생각합니다.","wordCount":30}}},"rawDataInfo":{"question":{"fileFormat":"wav","fileSize":233678,"duration":7300,"samplingBit":16,"channelCount":1,"samplingRate":"16kHz","audioPath":"/Mock/07.ProductionManufacturing/Male/New/ckmk_q_mm_m_n_160056.wav"},"answer":{"fileFormat":"wav","fileSize":2005198,"duration":62660,"samplingBit":16,"channelCount":1,"samplingRate":"16kHz","audioPath":"/Mock/07.ProductionManufacturing/Male/New/ckmk_a_mm_m_n_160056.wav"}}}