{"version":"1.0","dataSet":{"info":{"date":"20230116","occupation":"MM","channel":"MOCK","place":"ONLINE","gender":"MALE","ageRange":"45-54","experience":"NEW"},"question":{"raw":{"text":"본인의 장점과 단점을 설명해 주세요 그리고 그것들을 각각 특화시키고 극복하기 위해 어떤 노력을 했는지도 말씀해 주세요","wordCount":16},"emotion":[],"intent":[]},"answer":{"raw":{"text":"어 공교롭게도 저의 장점과 단점은 똑같습니다. 저의 장점은 신중함입니다. 어떤 문제에 부딪치거나 무엇인가를 결정할 때 저는 두 소 세 소 어 뒤에 일을 까지 염려를 합니다. 생각을 하고 고민을 하고 어 때로는 조언을 구하고 어 이런 과정을 통해서 저는 어 선택을 합니다. 이 선택이라는 것이 한 번 선택을 하면 물릴 수 없는 것이다 보니 저는 어 신중하게 선택을 할려고 애를 쓰는 편입니다. 이것이 저한테는 또 단점으로 작용을 하기 하기도 합니다. 어 일이라는 것은 뭐 이 뭐 사건에 따라서 오히려 빨리 선택해서 피해를 줄이고 어 빨리 선택하는 것이 옳은 선택일 수도 있는데 저는 사실 이런 이마저도 좀 오래 고민을 하고 되새기고 다시 한번 다른 방향을 생각해보고 하다보니 오히려 신중한 것이 피해로 다가올 때도 있는 것이 사실입니다. 하지만 저는 개인적으로 아까도 말씀드렸지만 선택은 한 번 선택을 하면 그것을 물를 수가 없기 때문에 신중한 것이 맞다 라고 생각을 합니다. 어 신중하되 정확해야 되고 그렇게 신중하게 판단하기 위해서 저 스스로 공부를 더 많이 해야 된다고 생각을 합니다. 어 아무 것도 없이 그냥 신중하자는 게 아니라 근거를 두고 신중한 신중하되 어 빨리 선택을 할려고 저는 가능한 노력할려고 애쓰고 있습니다.","wordCount":174},"emotion":[],"intent":[{"text":"저의 장점은 신중함입니다.","expression":"c_person","category":"background"}],"summary":{"text":"어떤 문제에 부딪치거나 무엇인가를 결정할 때 신중히 선택을 하려고 애를 쓰는 편인데 이것이 단점으로 작용하기도 합니다. 일을 빨리 선택하는 것이 옳은 선택일 수도 있지만 다시 한번 다른 방향을 생각해보고 하다보니 오히려 신중한 것이 피해로 다가올 때도 있습니다. 신중하되 정확해야 되고 신중하게 판단하기 위해서 제가 더 많이 노력해야 될 것 같습니다.","wordCount":50}}},"rawDataInfo":{"question":{"fileFormat":"wav","fileSize":323278,"duration":10100,"samplingBit":16,"channelCount":1,"samplingRate":"16kHz","audioPath":"/Mock/07.ProductionManufacturing/Male/New/ckmk_q_mm_m_n_172695.wav"},"answer":{"fileFormat":"wav","fileSize":2869198,"duration":89660,"samplingBit":16,"channelCount":1,"samplingRate":"16kHz","audioPath":"/Mock/07.ProductionManufacturing/Male/New/ckmk_a_mm_m_n_172695.wav"}}}