{"version":"1.0","dataSet":{"info":{"date":"20230116","occupation":"MM","channel":"MOCK","place":"ONLINE","gender":"MALE","ageRange":"-34","experience":"NEW"},"question":{"raw":{"text":"본인은 전공과 관련해서 최근 부족하다고 느낀 적이 있나요 그런 것을 느낀 적이 있다면 그것에 대해서 따로 공부를 하고 있는 것이 있을까요","wordCount":21},"emotion":[],"intent":[]},"answer":{"raw":{"text":"전공과 관련해서 어 지금 부족하다고 느끼고 있는 부분이 있습니다. 그 분야는 어 제가 이제 회계와 쫌 세무 관련 업무를 잘 다루지 못하고 있기 때문에 그 부분에 있어서 따로 공부를 하고 있습니다. 사실 지금 세상에서는 어떠한 일들을 하거나 아니면 작업을 하거나 하는 일상 속에서 내가 인제 돈을 썼다 비용이 발생했다 수입이 발생했다 라고 했을 때 그 부분에 있어서 회계 처리와 그리고 그에 대한 세무 처리 재무 처리가 원활 원활하게 이루어 이뤄질 수 있어야 합니다. 그러나 사실 이러한 부분들은 스스로 하기에는 좀 어렵기 때문에 회계를 다루는 사람들이나 또는 인제 세무를 전문적으로 하시는 분들에게 맡기게 됩니다. 저는 전공은 경제지만 회계를 통해서 쫌 제가 그런 많은 도움이 되고 싶다고 생각하고 또 저희 재무 활동에 있어서도 이 회계나 세무가 큰 도움이 되겠다고 생각하고 있기 때문에 그 분야를 집중적으로 공부하고 있습니다.","wordCount":125},"emotion":[],"intent":[{"text":"저는 전공은 경제지만 회계를 통해서 쫌 제가 그런 많은 도움이 되고 싶다고 생각하고 또 저희   재무 활동에 있어서도 이 회계나 세무가 큰 도움이 되겠다고 생각하고 있기 때문에 그 분야를 집중적으로 공부하고 있습니다.","expression":"c_imp","category":"personality"}],"summary":{"text":"회계와 세무 관련 업무를 잘 다루지 못해 따로 공부를 하고 있는데, 회계 처리와 세무 처리 재무 처리가 원활하게 이루어져 이뤄질 수 있어야 합니다. 전공은 경제지만 회계나 세무가 재무 활동에 큰 도움이 될 것 같아 그 분야를 집중적으로 공부하고 있습니다.","wordCount":39}}},"rawDataInfo":{"question":{"fileFormat":"wav","fileSize":391758,"duration":12240,"samplingBit":16,"channelCount":1,"samplingRate":"16kHz","audioPath":"/Mock/07.ProductionManufacturing/Male/New/ckmk_q_mm_m_n_176714.wav"},"answer":{"fileFormat":"wav","fileSize":2424398,"duration":75760,"samplingBit":16,"channelCount":1,"samplingRate":"16kHz","audioPath":"/Mock/07.ProductionManufacturing/Male/New/ckmk_a_mm_m_n_176714.wav"}}}