{"version":"1.0","dataSet":{"info":{"date":"20230116","occupation":"MM","channel":"MOCK","place":"ONLINE","gender":"MALE","ageRange":"45-54","experience":"NEW"},"question":{"raw":{"text":"본인 스스로 가지고 있는 상위 일 퍼센트의 능력이 있는지요 있다면 그 능력을 최대한 자세하게 설명하여 말씀해 주시길 바랍니다","wordCount":18},"emotion":[],"intent":[]},"answer":{"raw":{"text":"저는 독해력을 가지고 싶습니다. 어 독해력은 음 책을 읽고 이해하는 능력을 얘기를 하는 것인데 어 어떤 상황에 대해서 이해를 하고 그다음 그 부분에 대해서 제가 어떻게 대처할 것인지에 대해서 인식을 할 수 있는 능력은 결국에는 책에 있다고 봅니다. 그래서 저는 독해력이 음 상위 일 퍼센트의 능력이었으면 좋겠습니다.","wordCount":47},"emotion":[],"intent":[{"text":"","expression":"","category":"attitude"}],"summary":{"text":"어떤 상황을 이해하고 대처 방법을 인식하는 능력인 독해력은 책에 있다고 봅니다. 그래서 저는 독해력이 상위 일 퍼센트의 능력이었으면 좋겠습니다.","wordCount":19}}},"rawDataInfo":{"question":{"fileFormat":"wav","fileSize":483918,"duration":15120,"samplingBit":16,"channelCount":1,"samplingRate":"16kHz","audioPath":"/Mock/07.ProductionManufacturing/Male/New/ckmk_q_mm_m_n_174604.wav"},"answer":{"fileFormat":"wav","fileSize":971278,"duration":30350,"samplingBit":16,"channelCount":1,"samplingRate":"16kHz","audioPath":"/Mock/07.ProductionManufacturing/Male/New/ckmk_a_mm_m_n_174604.wav"}}}