{"version":"1.0","dataSet":{"info":{"date":"20230116","occupation":"MM","channel":"MOCK","place":"ONLINE","gender":"MALE","ageRange":"45-54","experience":"NEW"},"question":{"raw":{"text":"육 시그마에 대해 최대한 자세히 설명해 주시겠습니까 다양한 예시와 비교를 사용해 주시면 감사하겠습니다","wordCount":13},"emotion":[],"intent":[]},"answer":{"raw":{"text":"육시그마는 모토롤라 사에 생산 혁신 프로그램으로서 어 천 구백 팔십 년대까지는 모토롤라가 전세계 삐삐 시장을 장악하고 있었습니다. 그런데 어 천 구백 팔십 년대 후반에 들면서 일본이 기술력과 좀 이렇게 아기자기한 그 디자인을 앞서서 앞세워서 모토롤라 삐삐 시장을 점점 어 차지하게 됐습니다. 결국 모토몰라는 이사업 삐삐사업을 계속 해야 되냐 말아야 되냐는 갈림길에 섰었고 당시 경영진이 선택한 것이 육시그마 입니다. 육시그마는 더 공격적으로 제품 생산에 투자를 해 가지고 불량률을 줄이자 라는 프로젝트였는데 내부적으로도 이것이 맞다 안 맞다에 대한 갈등이 많았습니다. 하지만 경영진은 어 최종적으로 투자를 더 해서 불량률을 줄이자 라는 쪽으로 굳혔고 이것은 어 결과적으로 큰 성공을 거두었습니다. 어 많은 자본이 투자가 됐지만 불량률이 줄어들고 그 제품에 대한 신뢰도가 높아지면서 다시 모토롤라 사가 삐삐 시장을 장악했던 그런 사건이었습니다. 어 이것 이런 경우가 있습니다. 그까 어떤 생산품을 무엇인가를 생산해 낼 때 더 많은 투자를 하는 것이 오히려 그것을 어 더 완벽한 제품으로 만들어서 시중한테 시 저 대중들한테 선택을 받는다는 것입니다.","wordCount":147},"emotion":[{"text":"육시그마는 모토롤라 사에 생산 혁신 프로그램으로서   어 천 구백 팔십 년대까지는 모토롤라가 전세계 삐삐 시장을 장악하고 있었습니다.","expression":"u-fact","category":"neutral"},{"text":"그런데 어 천 구백 팔십 년대 후반에 들면서 일본이 기술력과 좀   이렇게 아기자기한 그 디자인을 앞서서 앞세워서 모토롤라 삐삐 시장을 점점 어   차지하게 됐습니다.","expression":"u-fact","category":"neutral"},{"text":"결국 모토몰라는 이사업  삐삐사업을  계속 해야 되냐 말아야 되냐는   갈림길에 섰었고 당시 경영진이 선택한 것이 육시그마 입니다.","expression":"u-fact","category":"neutral"},{"text":"육시그마는 더 공격적으로 제품 생산에 투자를 해 가지고 불량률을 줄이자    라는 프로젝트였는데 내부적으로도 이것이 맞다 안 맞다에 대한 갈등이 많았습니다.","expression":"u-fact","category":"neutral"},{"text":"하지만   경영진은 어 최종적으로 투자를 더 해서 불량률을 줄이자 라는 쪽으로 굳혔고   이것은 어 결과적으로 큰 성공을 거두었습니다.","expression":"u-fact","category":"neutral"},{"text":"어 많은 자본이 투자가 됐지만   불량률이 줄어들고 그 제품에 대한 신뢰도가 높아지면서 다시 모토롤라 사가   삐삐 시장을 장악했던 그런 사건이었습니다.","expression":"u-fact","category":"neutral"}],"intent":[{"text":"","expression":"","category":"attitude"}],"summary":{"text":"육시그마는 모토롤라 사의 생산 혁신 프로그램으로서 천 구백 80 년대까지 전세계 삐삐 시장을 장악했습니다. 하지만 후반으로 들면서 일본이 기술력과 디자인으로 시장을 점점 차지하게 되었습니다. 모토몰라는 이사업을 계속 해야 될지 말아야 할지의 갈림길에 섰고 당시 경영진이 선택한 것이 육시그라마 입니다. 결국 투자를 해서 불량률을 줄이자 라는 쪽으로 굳혔고 큰 성공을 거두었습니다.","wordCount":50}}},"rawDataInfo":{"question":{"fileFormat":"wav","fileSize":318798,"duration":9960,"samplingBit":16,"channelCount":1,"samplingRate":"16kHz","audioPath":"/Mock/07.ProductionManufacturing/Male/New/ckmk_q_mm_m_n_164025.wav"},"answer":{"fileFormat":"wav","fileSize":2886478,"duration":90200,"samplingBit":16,"channelCount":1,"samplingRate":"16kHz","audioPath":"/Mock/07.ProductionManufacturing/Male/New/ckmk_a_mm_m_n_164025.wav"}}}