{"version":"1.0","dataSet":{"info":{"date":"20230116","occupation":"MM","channel":"MOCK","place":"ONLINE","gender":"MALE","ageRange":"-34","experience":"NEW"},"question":{"raw":{"text":"면접자님은 엔지니어란 무엇이라고 생각하고 어떤 일을 한다고 생각하십니까","wordCount":8},"emotion":[],"intent":[]},"answer":{"raw":{"text":"엔지니어가 되기 위해 서는 당연히 엔지니어가 무엇인지 알아야 된다고 생각을 합니다. 저는 엔지니어란 제가 생각해 엔지니어란 말 그대로 엔진을 고치는 사람 엔진을 수리하는 사람이라고 생각을 하며 그런 과정 그런 것들을 통해서 고객들에게 편리함을 주는 것이 바로 엔지니어 라고 생각을 합니다. 이번에 거기서 가장 중요한 부분은 엔지니어인 만큼 엔진에 대해서 빠삭하게 알고 어떤 문제가 발생했을 때 항상 해결할 수 있는 그런 능력을 갖추는 것이 엔지니어로서의 덕목이 아닌가 라고 생각을 합니다. 저는 이런 덕목을 키우기 위해서 항상 열심히 노력을 했으며 현재 그런 덕목을 갖출 없다고 생각을 합니다. 그런 덕목들을 이 회사에 입사하게 된다면 이런 열정들을 더욱더 펼쳐 보고 싶고 저도 성장하고 그리고 회사도 성장할 수 있도록 최선을 다하는 그런 신입 사원이 되도록 노력하겠습니다.","wordCount":111},"emotion":[],"intent":[{"text":"","expression":"","category":"attitude"}],"summary":{"text":"엔지니어가 되기 위해서는 엔진에 대해 빠삭하게 알고 어떤 문제가 발생했을 때 항상 해결할 수 있는 능력을 갖추는 것이 가장 중요하다고 생각합니다. 이 회사에 입사하게 된다면 이런 열정들을 더욱더 펼쳐 보고 싶어 최선을 다하는 신입 사원이 되도록 노력하겠습니다.","wordCount":37}}},"rawDataInfo":{"question":{"fileFormat":"wav","fileSize":245838,"duration":7680,"samplingBit":16,"channelCount":1,"samplingRate":"16kHz","audioPath":"/Mock/07.ProductionManufacturing/Male/New/ckmk_q_mm_m_n_183837.wav"},"answer":{"fileFormat":"wav","fileSize":2839118,"duration":88720,"samplingBit":16,"channelCount":1,"samplingRate":"16kHz","audioPath":"/Mock/07.ProductionManufacturing/Male/New/ckmk_a_mm_m_n_183837.wav"}}}