{"version":"1.0","dataSet":{"info":{"date":"20230116","occupation":"MM","channel":"MOCK","place":"ONLINE","gender":"MALE","ageRange":"45-54","experience":"NEW"},"question":{"raw":{"text":"어 태어나서 지금까지 한 일들 일들 중에서 가장 후회했던 일이 있으신지요 어떤 일을 가장 후회했는지 한 가지만 골라서 말씀해 주실 수 있겠는지요","wordCount":22},"emotion":[],"intent":[]},"answer":{"raw":{"text":"저는 사실 가장 후회하는 일은 없습니다. 친구들이 가끔 저에게 가장 후회하는 일이 있다면 얘기해 달라고 그러는데 보통은 중 고등학교 시절에 공부를 하지 않았다. 이 정도만 얘기를 하는데 저는 사실 그 부분에 대해서 후회는 없습니다. 하지만 만약 가장 후회하는 부분을 그래도 얘기하라면 저는 제 아이를 육아할 때 좀 더 많은 시간을 더 보낼 수 있지 못한 것을 저는 가장 후회하는 부분으로 뽑고 싶습니다. 어린 시절에 아기 때 키울 때는 정말 힘들거든요. 그런데 그 시간이 금방 지나가더라고요. 그러면 가장 후회하는 것은 그때 조금 더 사진을 많이 찍거나 조금 더 같이 어디를 놀러 가거나 조금 더 많은 추억거리를 만들지 못한 것 그런 것들이 굳이 얘기하자면 가장 후회로 남습니다.","wordCount":105},"emotion":[],"intent":[{"text":"","expression":"","category":"attitude"}],"summary":{"text":"아이를 육아할 때 더 많은 시간을 보내지 못한 것, 사진을 많이 찍지 못하거나 같이 여행을 가거나 많은 추억거리를 만들지 못한 것을 가장 후회합니다.","wordCount":23}}},"rawDataInfo":{"question":{"fileFormat":"wav","fileSize":447758,"duration":13990,"samplingBit":16,"channelCount":1,"samplingRate":"16kHz","audioPath":"/Mock/07.ProductionManufacturing/Male/New/ckmk_q_mm_m_n_176916.wav"},"answer":{"fileFormat":"wav","fileSize":2207438,"duration":68980,"samplingBit":16,"channelCount":1,"samplingRate":"16kHz","audioPath":"/Mock/07.ProductionManufacturing/Male/New/ckmk_a_mm_m_n_176916.wav"}}}