{"version":"1.0","dataSet":{"info":{"date":"20230116","occupation":"MM","channel":"MOCK","place":"ONLINE","gender":"MALE","ageRange":"45-54","experience":"NEW"},"question":{"raw":{"text":"지원자는 자신에게 지방 근무가 주어진다면 그 상황이 가능하시겠습니까","wordCount":8},"emotion":[],"intent":[]},"answer":{"raw":{"text":"개인적으로는 어 한국에서 회사를 쭉 다녀 왔지 마 와 오면서 해외 영업을 에 계속 직무 쪽으로 업무를 했었고 중국 한 국내 영업보다는 해외 영업 쪽 위주로 하게 됐어서 아 해외 쪽에 출장이나 중국 상해나 혹은 중국 광동성의 심천 쪽에서 지사장을 해 본 경험이 있어서 해외 쪽 생활은 전혀 문제가 없었습니다. 국내의 경우도 회사의 필요에 따라서 제가 해외 영업을 계속 했었지만 중간에 기획 업무나 구매 업무 그리고 에프에이라는 기술 업물 쪽도 한 경험을 갖고 있습니다. 특히 구매 업무를 진행했을 때에는 제가 집은 서울이었는데 사 제가 근무처는 어와 동떨어진 저 전라북도 익산에서 어 일정 기간 근무를 한 경험도 가지고 있습니다. 따라서 그 지역이 꼭 이 근무를 해야 되는 곳이 서울이나 제가 집 근처에 라고 생각은 하지 않고요. 회사에 가 필요로 한다면 그게 어디든 가서 어 근무할 마음의 자세는 되어 있습니다.","wordCount":128},"emotion":[],"intent":[{"text":"","expression":"","category":"attitude"}],"summary":{"text":"국내의 경우도 회사의 필요에 따라 해외 영업을 계속 했었지만 중간에 기획 업무나 구매 업무 그리고 에프에이라는 기술 업물 쪽도 한 경험을 갖고 있습니다. 구매 업무를 진행했을 때에는 제가 집은 서울인데 근무처는 전라북도 익산에서 일정 기간 근무를 한 경험도 있어서 근무 장소가 어디든 가서 근무할 마음의 자세는 되어있습니다.","wordCount":47}}},"rawDataInfo":{"question":{"fileFormat":"wav","fileSize":300878,"duration":9400,"samplingBit":16,"channelCount":1,"samplingRate":"16kHz","audioPath":"/Mock/07.ProductionManufacturing/Male/New/ckmk_q_mm_m_n_158025.wav"},"answer":{"fileFormat":"wav","fileSize":2715918,"duration":84870,"samplingBit":16,"channelCount":1,"samplingRate":"16kHz","audioPath":"/Mock/07.ProductionManufacturing/Male/New/ckmk_a_mm_m_n_158025.wav"}}}