{"version":"1.0","dataSet":{"info":{"date":"20230116","occupation":"MM","channel":"MOCK","place":"ONLINE","gender":"MALE","ageRange":"45-54","experience":"NEW"},"question":{"raw":{"text":"지원자님이 생각하는 협업에서 가장 중요한 것과 그것을 뽑은 이유도 함께 말씀해 주세요","wordCount":12},"emotion":[],"intent":[]},"answer":{"raw":{"text":"협업을 할 때 가장 중요한 것은 소통입니다. 어 협업을 할 때 소통이 안 된다 라고 하면 이것은 협업 자체가 이루어질 수가 없습니다. 협업이라는 것이 그렇습니다. 어떤 목표를 정해 놓고 공동의 목표를 정해 놓고 어 개개인이 또는 부서간이 서로 협력을 해서 그 목표를 향해서 나아가고 그 목표점에 도달하는 것이 협업인데 어 소통이 안 돼 가지고 서로 다른 일을 하고 서로 목표가 다르고 가야 할 방향이 다르다 그러면 어 절대로 그 목표점에 다다를 수가 없습니다. 협업이 될 수가 없습니다. 저는 그렇기 때문에 어 일단 협업을 할 때 가장 중요한 것은 어 소통이고 소통을 통해서 공동의 목표를 정확하게 어 인지할 필요가 있다고 생각을 합니다. 그 다음에는 어 희생입니다. 이 협업이라는 것에 어 본인 만의 이익을 앞세우고 내가 손해보는 것을 꺼려한다면 이것은 협업이 될 수가 없습니다. 어 공동의 목표를 위해서 내가 좀 희생하고 우리 부서가 조금 더 고생을 해서 어 그 목표로 향해 걸어나갈 때 이 협업은 완성이 되고 결과적으로 좋은 결과를 이룰 수 있을 거라고 저는 생각합니다.","wordCount":154},"emotion":[],"intent":[{"text":"협업을 할 때 가장 중요한 것은 소통입니다.","expression":"c_cop","category":"personality"},{"text":"어떤 목표를 정해 놓고 공동의 목표를 정해 놓고 어 개개인이 또는 부서간이 서로 협력을 해서 그   목표를 향해서 나아가고 그 목표점에 도달하는 것이 협업인데 어 소통이 안 돼 가지고 서로 다른 일을 하고 서로 목표가 다르고 가야 할 방향이 다르다 그러면   어 절대로 그 목표점에 다다를 수가 없습니다.","expression":"c_cop","category":"personality"},{"text":"저는 그렇기 때문에 어 일단 협업을 할 때 가장 중요한 것은   어 소통이고 소통을 통해서 공동의 목표를 정확하게 어 인지할 필요가 있다고 생각을 합니다.","expression":"c_cop","category":"personality"},{"text":"어 공동의 목표를 위해서 내가 좀 희생하고 우리 부서가 조금 더 고생을 해서 어   그 목표로 향해 걸어나갈 때 이 협업은 완성이 되고 결과적으로 좋은   결과를 이룰 수 있을 거라고 저는 생각합니다.","expression":"c_sincere_co","category":"etc"}],"summary":{"text":"협업을 할 때 가장 중요한 것은 소통이고 소통을 통해서 공동의 목표를 정확하게 어 인지할 필요가 있습니다. 그 다음은 희생입니다. 협업이라는 것에 본인 만의 이익을 앞세우고 제가 손해보는 것을 꺼려한다면 협업이 될 수 없습니다. 공동의 목표로 향해 걸어나갈 때 이 협업은 완성이 되고 결과적으로 좋은 결과를 이룰 수 있을 것입니다.","wordCount":49}}},"rawDataInfo":{"question":{"fileFormat":"wav","fileSize":258638,"duration":8080,"samplingBit":16,"channelCount":1,"samplingRate":"16kHz","audioPath":"/Mock/07.ProductionManufacturing/Male/New/ckmk_q_mm_m_n_172698.wav"},"answer":{"fileFormat":"wav","fileSize":2540878,"duration":79400,"samplingBit":16,"channelCount":1,"samplingRate":"16kHz","audioPath":"/Mock/07.ProductionManufacturing/Male/New/ckmk_a_mm_m_n_172698.wav"}}}