{"version":"1.0","dataSet":{"info":{"date":"20230116","occupation":"MM","channel":"MOCK","place":"ONLINE","gender":"MALE","ageRange":"45-54","experience":"NEW"},"question":{"raw":{"text":"면접자님만의 스트레스 해소 방법이 따로 있으신가요 그렇다면 왜 그러한 방법으로 스트레스를 해소를 하시는지에 대해서도 설명 부탁드립니다","wordCount":16},"emotion":[],"intent":[]},"answer":{"raw":{"text":"예전 같으면요 친구를 불러서 친구에게 하소연하는 방법으로 스트레스를 해소나 해소하곤 했는데요. 이제는 그 방법이 별로 저에게는 맞지 않는 것 같아서 방법을 바꿨는데요. 그 방법이 뭐냐면 달리기를 하는 거예요. 어느 정도의 키로수를 정해 놓고 그 목표를 위해서 힘껏 달리기를 한 겁니다. 이 달리기를 하다보면요 힘들기도 하고 뭐 숨이 차기도 하고 또 목적지까지 달려야지만이 끝나는 거기 때문에 정신을 한 곳에 집중할 수 있습니다. 그러다보면 스트레스가 해소되는 것 같은 느낌이 들더라고요. 그리고 물론 여기서 프러스 알파지만 제 건강에도 굉장히 도움이 많이 됩니다. 그래서 저는 스트레스가 생기면 이건 달리기를 통해서 해소를 하고요. 또 건강을 유지하기 위해서 비단 스트레스가 아니더라도 평상시에 달리기를 하곤 합니다.","wordCount":99},"emotion":[],"intent":[{"text":"","expression":"","category":"attitude"}],"summary":{"text":"예전에는 친구에게 하소연하는 방법으로 스트레스를 해소하곤 했습니다. 지금은 달리기를 하는 방법을 바꿨는데 어느 정도의 키로수를 정해 놓고 그 목표를 위해서 힘껏 달리기를 한 겁니다. 그러다보면 스트레스가 해소되는 것 같은 느낌이 들어서 평상시에 달리기를 합니다.","wordCount":34}}},"rawDataInfo":{"question":{"fileFormat":"wav","fileSize":447758,"duration":13990,"samplingBit":16,"channelCount":1,"samplingRate":"16kHz","audioPath":"/Mock/07.ProductionManufacturing/Male/New/ckmk_q_mm_m_n_172606.wav"},"answer":{"fileFormat":"wav","fileSize":2335438,"duration":72980,"samplingBit":16,"channelCount":1,"samplingRate":"16kHz","audioPath":"/Mock/07.ProductionManufacturing/Male/New/ckmk_a_mm_m_n_172606.wav"}}}