{"version":"1.0","dataSet":{"info":{"date":"20230116","occupation":"MM","channel":"MOCK","place":"ONLINE","gender":"MALE","ageRange":"-34","experience":"NEW"},"question":{"raw":{"text":"글로벌 인재에게 필수 요소는 무엇이라고 생각하시나요 또한 면접자님께서 그것을 위해 노력해 오신 것은 무엇이었나요","wordCount":14},"emotion":[],"intent":[]},"answer":{"raw":{"text":"글로벌 인재에게 필수인 요소는 영어 회화 능력이라고 생각을 합니다. 말 그대로 글로벌인 시대에서는 항상 의사소통도 중요하기 때문에 그런 부분에 있어서 영어라는 것이 많이 대중화되어 있고 그런 부분을 항상 글로벌 인재의 필수 요소라고 생각을 해 오고 생활을 해 생활을 해 나가고 있습니다. 때문에 저는 항상 영어 회화라는 것 때문에 항상 미드 미드라든지 영국 드라마들을 항상 보고 있고 어 그리고 항상 어 흥미를 가지고 있으며 영어 회화 시험인 오픽이라는 시험에서 되게 높은 등급을 가장 높은 등급인 에이엘 등급을 가지고 있습니다. 어 이런 영어 회화라는 그런 항목을 되게 열심히 공부하고 노력했던 증거들은 제가 입사하게 된다면 해외적으로나 회사 내 쪽으로도 정말 큰 도움을 드릴 수 있을 거라고 자신 있게 말씀을 드리고 싶고 어 저는 글로벌 인재에 필수 요소인 영어 회화 능력에 있어서는 지원자인 남들보다도 정말 뛰어난 능력을 가지고 있다고 생각을 합니다.","wordCount":127},"emotion":[],"intent":[{"text":"때문에 저는 항상 영어 회화라는 것 때문에 항상 미드 미드라든지 영국 드라마들을 항상 보고 있고 어 그리고 항상 어 흥미를 가지고 있으며 영어 회화 시험인 오픽이라는 시험에서 되게 높은 등급을 가장 높은 등급인 에이엘 등급을 가지고 있습니다.","expression":"c_imp","category":"personality"},{"text":"어 이런 영어 회화라는 그런 항목을 되게 열심히 공부하고 노력했던 증거들은 제가 입사하게 된다면 해외적으로나 회사 내 쪽으로도 정말 큰 도움을 드릴 수 있을 거라고 자신 있게 말씀을 드리고 싶고 어 저는 글로벌 인재에 필수 요소인 영어 회화 능력에 있어서는 지원자인 남들보다도 정말 뛰어난 능력을 가지고 있다고 생각을 합니다.","expression":"c_imp","category":"personality"}],"summary":{"text":"글로벌 시대에서는 의사소통이 중요하기 때문에 영어는 글로벌 인재에게 필수입니다. 그래서 저는 영어 회화에 관심을 가지고 오픽 시험에서 높은 등급인 에이엘 등급을 가지고 있습니다. 저는 글로벌 인재에 필수 요소인 영어 회화 능력에 있어서 지원자인 남들보다도 뛰어난 능력을 가지고 있다고 생각합니다.","wordCount":39}}},"rawDataInfo":{"question":{"fileFormat":"wav","fileSize":586318,"duration":18320,"samplingBit":16,"channelCount":1,"samplingRate":"16kHz","audioPath":"/Mock/07.ProductionManufacturing/Male/New/ckmk_q_mm_m_n_188656.wav"},"answer":{"fileFormat":"wav","fileSize":2843598,"duration":88860,"samplingBit":16,"channelCount":1,"samplingRate":"16kHz","audioPath":"/Mock/07.ProductionManufacturing/Male/New/ckmk_a_mm_m_n_188656.wav"}}}