{"version":"1.0","dataSet":{"info":{"date":"20230116","occupation":"MM","channel":"MOCK","place":"ONLINE","gender":"MALE","ageRange":"45-54","experience":"NEW"},"question":{"raw":{"text":"업무시 분쟁이 발생할 때를 대비하여 본인만에 대처법이 따로 있으시다면 무엇인지 소개해 주시기 바랍니다","wordCount":13},"emotion":[],"intent":[]},"answer":{"raw":{"text":"업무시 어 분쟁이 발생한다 라는 것은 근본적으로 소통이 안 된다는 소통이 안 된다는 뜻입니다. 소통이 되게 되면 상대방을 좀 더 이해할 수 있고 내가 하는 일에 대한 이해를 좀 더 높일 수 있습니다. 하지만 소통이 안 될 경우에는 본인이 어 자기의 이익만을 추구하게 되고 본인이 좀 더 편한 것을 추구하게 됩니다. 이런 경우에는 어 그 공통의 목적 목표를 다시 한번 재확립할 필요가 있습니다. 어 같이 노력해서 일을 해야 되는 것이 그 업무이기 때문에 어 분쟁이 발생했을 경우에는 그 업 소통을 하면서 상대방의 마음을 이해하고 또한 나의 상황을 상대방한테 전달하는 것이 무엇보다 중요하다고 생각을 합니다. 상대방이 이야기를 할 때는 경청을 해주고 상대방이 무엇을 주장하는지 상대방의 어 하고자 하는 것은 무엇인지 한편으로는 내가 상대방한테 어 어떻게 하면 도움을 줄 수 있는지 등을 생각해서 서로가 소통을 해서 양보를 하고 한다면 그 분쟁을 어 조금이나마 막을 수 있다고 저는 생각합니다.","wordCount":136},"emotion":[],"intent":[{"text":"상대방이 이야기를 할 때는 경청을 해주고 상대방이 무엇을 주장하는지 상대방의   어 하고자 하는 것은 무엇인지 한편으로는 내가 상대방한테 어 어떻게 하면 도움을 줄 수 있는지   등을 생각해서 서로가 소통을 해서 양보를 하고 한다면 그 분쟁을   어 조금이나마 막을 수 있다고 저는 생각합니다.","expression":"c_confl_mg","category":"personality"}],"summary":{"text":"업무 시 소통이 안 될 경우에는 공통의 목적 목표를 다시 한번 재확립할 필요가 있습니다. 분쟁이 발생했을 경우에는 상대방의 마음을 이해하고 저의 상황을 상대방에게 전달하는 것이 무엇보다 중요합니다. 서로가 소통을 해서 양보를 하고 한다면 그 분쟁을 조금이나마 막을 수 있다고 생각합니다.","wordCount":40}}},"rawDataInfo":{"question":{"fileFormat":"wav","fileSize":389198,"duration":12160,"samplingBit":16,"channelCount":1,"samplingRate":"16kHz","audioPath":"/Mock/07.ProductionManufacturing/Male/New/ckmk_q_mm_m_n_165947.wav"},"answer":{"fileFormat":"wav","fileSize":2544398,"duration":79510,"samplingBit":16,"channelCount":1,"samplingRate":"16kHz","audioPath":"/Mock/07.ProductionManufacturing/Male/New/ckmk_a_mm_m_n_165947.wav"}}}