{"version":"1.0","dataSet":{"info":{"date":"20230116","occupation":"MM","channel":"MOCK","place":"ONLINE","gender":"MALE","ageRange":"35-44","experience":"NEW"},"question":{"raw":{"text":"본인이 지금까지 다뤄봤던 생산 장비나 시설에 대해 본인 나름의 운영 노하우가 있으신가요 있으시다면 그 근거를 들어 함께 설명 부탁드립니다","wordCount":19},"emotion":[],"intent":[]},"answer":{"raw":{"text":"제가 다뤄본 생산 시설 중에 가장 제가 많이 익숙하고 잘 다뤘던 것은 팩터리 오토메이션 공장 자동화때 했던 컨베이어 시스템입니다. 컨베이어 벨트는 요즘 피엘씨라고 하는 프로그래밍 로직 컨트롤러에 의해서 버튼 하나만 누르면 어떤 식으로 작동을 하고 어떻게 모든 시설을 멈출 수 있고 중간중간 인코더라고 하는 그 값을 읽어들이는 것까지 할 수 있습니다. 요즘은 모든 시설들이 피에이씨에 엮여 있어서 피에이씨 프로그램을 다루다 보면 공장 자동화 시스템에 많이 다가갈 수가 있습니다.","wordCount":68},"emotion":[],"intent":[{"text":"제가 다뤄본 생산 시설 중에 가장 제가 많이 익숙하고 잘 다뤘던 것은   팩터리 오토메이션 공장 자동화때 했던 컨베이어 시스템입니다.","expression":"f_equip","category":"technology"},{"text":"컨베이어 벨트는 요즘 피엘씨라고 하는   프로그래밍 로직 컨트롤러에 의해서 버튼 하나만 누르면 어떤 식으로 작동을 하고 어떻게   모든 시설을 멈출 수 있고 중간중간 인코더라고 하는 그 값을 읽어들이는 것까지 할 수 있습니다.","expression":"f_equip","category":"technology"},{"text":"요즘은 모든 시설들이 피에이씨에 엮여 있어서 피에이씨 프로그램을 다루다 보면   공장 자동화 시스템에 많이 다가갈 수가 있습니다.","expression":"f_equip","category":"technology"}],"summary":{"text":"컨베이어 시스템은 팩터리 오토메이션 공장 자동화때 했던 시설 중 가장 익숙하고 잘 다뤘던 생산 시설입니다. 피에이씨 프로그램을 다루다 보면 공장 자동화 시스템에 많이 다가갈 수 있습니다.","wordCount":26}}},"rawDataInfo":{"question":{"fileFormat":"wav","fileSize":479118,"duration":14970,"samplingBit":16,"channelCount":1,"samplingRate":"16kHz","audioPath":"/Mock/07.ProductionManufacturing/Male/New/ckmk_q_mm_m_n_184639.wav"},"answer":{"fileFormat":"wav","fileSize":1317198,"duration":41160,"samplingBit":16,"channelCount":1,"samplingRate":"16kHz","audioPath":"/Mock/07.ProductionManufacturing/Male/New/ckmk_a_mm_m_n_184639.wav"}}}