{"version":"1.0","dataSet":{"info":{"date":"20230116","occupation":"MM","channel":"MOCK","place":"ONLINE","gender":"MALE","ageRange":"45-54","experience":"NEW"},"question":{"raw":{"text":"지원자님이 생각하실 때에 우리가 살고 있는 현대 사회에서 없어져서는 안 될 가장 중요하다고 생각하시는 직업이 있다면 한 가지만 골라서 그 이유와 함께 말씀해 주시기 바랍니다","wordCount":25},"emotion":[],"intent":[]},"answer":{"raw":{"text":"저는 현대에서 없어서는 안 될 가장 중요한 직업은 간병인이라고 생각을 합니다. 개인적으로 음 금년에 어머니가 병원에 중환자실에 입원을 하시면서 어 코로나 시국이었기 때문에 한 사람의 간병인이 이 이십 사 시간 케어를 해야 되는 상황이었습니다. 가족들이 형제자매들은 어 전부 각자 개인 사정으로 해서 어 어쩔 수 없이 간병인을 고용을 해야 되는 입장이어서 제가 간병인의 면접을 보고 직접 간병인을 고용을 했고요. 그 갈명인이 에 어머니 곁에서 이십 사 시간 케어를 하게 되었습니다. 물론 병원에서는 의사도 있고 간호사도 있지만 어 우리나라 의료 시스템에서는 간병인이 이십 사 시간 케어를 해야 되는 상황이었습니다. 사실은 만약에 혼자였다면 어 월급이 뭐 하루 당 하루에 십 이만 원 삼백 육십 만 원이라는 큰 비용이었지만 여러 상황에 따라서 어쩔 수 없이 간병인을 고용해야 되는 입장이었는데 이 직업은 병원 한두 국가에서 해주지 않으면 오롯이 개인이 다 부담해야 되는 부분입니다.","wordCount":129},"emotion":[],"intent":[{"text":"개인적으로 음 금년에 어머니가 병원에 중환자실에 입원을 하시면서 어   코로나 시국이었기 때문에 한 사람의 간병인이 이 이십 사 시간 케어를 해야 되는 상황이었습니다.","expression":"c_private","category":"background"}],"summary":{"text":"현대에서 가장 중요한 직업은 간병인인데, 올해 어머니가 병원에 입원하셨는데 코로나 시국이었기 때문에 간병인이 24 시간 케어를 해야 되는 상황이었습니다. 혼자였다면 큰 비용이었지만 여러 상황에 따라 어쩔 수 없이 고용해야 되는 입장이었는데 병원 한두 국가에서 해주지 않으면 개인이 다 부담해야 됩니다.","wordCount":40}}},"rawDataInfo":{"question":{"fileFormat":"wav","fileSize":489038,"duration":15280,"samplingBit":16,"channelCount":1,"samplingRate":"16kHz","audioPath":"/Mock/07.ProductionManufacturing/Male/New/ckmk_q_mm_m_n_163273.wav"},"answer":{"fileFormat":"wav","fileSize":2761038,"duration":86280,"samplingBit":16,"channelCount":1,"samplingRate":"16kHz","audioPath":"/Mock/07.ProductionManufacturing/Male/New/ckmk_a_mm_m_n_163273.wav"}}}