{"version":"1.0","dataSet":{"info":{"date":"20230116","occupation":"MM","channel":"MOCK","place":"ONLINE","gender":"MALE","ageRange":"45-54","experience":"NEW"},"question":{"raw":{"text":"저희 회사가 향후에 해외로 진출하게 된다면 어느 나라로 가는 게 좋을지 지원자님의 의견이 궁금합니다","wordCount":14},"emotion":[],"intent":[]},"answer":{"raw":{"text":"어 저는 개인적으로 어 동남아 국가 중 태국을 꼽고 싶습니다. 어 태국은 다른 여타 다른 동남아 뭐 캄보디아 남 베트남에 비해서 조금 더 문화나 경제적으로 발전되어 있는 것이 사실입니다. 그렇기 때문에 우리나라가 우리 회사가 일단 태국을 그 해외 진출 시발점으로 꼽는다면 거기서 성공을 하면 연이어서 그 주변에 있는 캄보디아 베트남 등등으로 어 무리없이 진출할 수 있을 것 같기 때문입니다. 또한 태국은 현재 우리나라 그 한류 문화가 매우 그 생활 속에 많이 어 퍼져있고 그 젊은이들은 한류 문화에 어 많이 빠져 있습니다. 어 그들은 한국의 음악을 듣고 한국의 드라마를 보고 어 한국의 문화에 대해 관심이 많습니다. 이 때 우리 제품이 그 한국 할 한류 콘텐츠로의 이렇게 조화를 이뤄서 태국 시장에 진출만 할 수 있다 그러면 다른 여타 나라에 비해서 좀 더 쉽게 어 그들에게 그게 다가갈 수 있고 그들은 친근감을 느낄 수 있다 라고 생각하기 때문입니다.","wordCount":135},"emotion":[],"intent":[{"text":"","expression":"","category":"attitude"}],"summary":{"text":"태국은 다른 동남아 국가들에 비해 문화나 경제적으로 발전되어 있습니다. 태국을 해외 진출 시발점으로 삼는다면 그 주변에 있는 캄보디아 베트남 등으로 무리없이 진출할 수 있을 것 같습니다. 또한 태국은 우리나라 문화의 한류 문화가 퍼져있고 그들은 한류 콘텐츠와의 조화를 통해 다가갈 수 있다고 생각합니다.","wordCount":42}}},"rawDataInfo":{"question":{"fileFormat":"wav","fileSize":333518,"duration":10420,"samplingBit":16,"channelCount":1,"samplingRate":"16kHz","audioPath":"/Mock/07.ProductionManufacturing/Male/New/ckmk_q_mm_m_n_172579.wav"},"answer":{"fileFormat":"wav","fileSize":2528398,"duration":79010,"samplingBit":16,"channelCount":1,"samplingRate":"16kHz","audioPath":"/Mock/07.ProductionManufacturing/Male/New/ckmk_a_mm_m_n_172579.wav"}}}