{"version":"1.0","dataSet":{"info":{"date":"20230116","occupation":"MM","channel":"MOCK","place":"ONLINE","gender":"MALE","ageRange":"35-44","experience":"NEW"},"question":{"raw":{"text":"본인이 생각하는 가장 생산적인 교대 근무 형태는 무엇인지 근거를 들어 설명해 주시겠습니까","wordCount":12},"emotion":[],"intent":[]},"answer":{"raw":{"text":"네 저는 우선 어 교대 근무가 음 생산적이라고 생각하진 않지만 어 가장 이상적인 근무 형태는 어 충분히 인원을 충원해서 어 서로 복지와 어 어떤 좋은 근무 환경 속에서 근무하는 것이 가장 좋다 라고 생각은 하지만 어 교대 근무 적에 교대 근무 형태에서는 삼 교대가 가장 생산적이라고 생각합니다. 그 이유는 보통 우리가 좀 바쁘게 계속 돌아가야 되는 그런 시설들이나 회사들에서 삼 교대를 어 주로 선택해서 진행하고 있는데 어 그 부분이 그 평균 노동 시간도 너무 많이 가져가지 않으면서 어 회사나 어떤 시설로 돌아갈 수 있는 형태이기 때문에 많은 부분에서 채택하고 있다 라고 생각해서입니다.","wordCount":92},"emotion":[],"intent":[{"text":"네 저는 우선 어 교대 근무가 음 생산적이라고 생각하진 않지만   어 가장 이상적인 근무 형태는 어 충분히 인원을 충원해서   어 서로 복지와 어 어떤 좋은 근무 환경 속에서 근무하는 것이 가장 좋다 라고 생각은 하지만 어 교대 근무 적에   교대 근무 형태에서는 삼 교대가 가장 생산적이라고 생각합니다.","expression":"f_shift","category":"technology"},{"text":"그 이유는 보통 우리가 좀 바쁘게 계속   돌아가야 되는 그런 시설들이나 회사들에서 삼 교대를 어 주로 선택해서   진행하고 있는데 어 그 부분이 그 평균   노동 시간도 너무 많이 가져가지 않으면서 어   회사나 어떤 시설로 돌아갈 수 있는 형태이기 때문에 많은 부분에서 채택하고 있다 라고 생각해서입니다.","expression":"f_shift","category":"technology"}],"summary":{"text":"교대 근무 중에 가장 이상적인 근무형태는 삼 교대가 가장 생산적이라고 생각합니다. 평균 노동 시간도 많이 가지지 않으면서 회사나 어떤 시설로 돌아갈 수 있기 때문에 많은 부분에서 채택하고 있다고 생각합니다.","wordCount":29}}},"rawDataInfo":{"question":{"fileFormat":"wav","fileSize":282318,"duration":8820,"samplingBit":16,"channelCount":1,"samplingRate":"16kHz","audioPath":"/Mock/07.ProductionManufacturing/Male/New/ckmk_q_mm_m_n_160055.wav"},"answer":{"fileFormat":"wav","fileSize":2300238,"duration":71880,"samplingBit":16,"channelCount":1,"samplingRate":"16kHz","audioPath":"/Mock/07.ProductionManufacturing/Male/New/ckmk_a_mm_m_n_160055.wav"}}}