{"version":"1.0","dataSet":{"info":{"date":"20230116","occupation":"MM","channel":"MOCK","place":"ONLINE","gender":"MALE","ageRange":"45-54","experience":"NEW"},"question":{"raw":{"text":"협업을 할 때 가장 중요하게 생각하는 것이 무엇입니까 왜 그것을 가장 중요하게 생각하시는지 좀 말씀 부탁드립니다","wordCount":16},"emotion":[],"intent":[]},"answer":{"raw":{"text":"어 협업을 할 때 가장 중요한 것은 소통입니다. 협업이라는 것은 말 그대로 어 각각의 개인이 힘을 합쳐서 어떤 목적을 이뤄내는 것입니다. 그게 팀원 끄릴 수도 있고 뭐 좀 그 회사 입장으로 봤을 때는 부서들끼리일 수도 있고 어쨌든 간에 협업은 본인이 맡은 그 직무를 수행해 내기 위해서 여럿이 같이 뜻을 맞춰 어 어떤 공동의 목적을 이뤄내는 것이 협업입니다. 그런데 이 협업을 할 때 가장 힘든 게 소통이 안 될 때입니다. 소통이 안 된다라는 것은 목표가 흐트러질 수 있습니다. 소통이 안되면 서로 각자의 생각을 하게 되고 각자가 임의로 판단을 하고 어 각자가 자신이 손해를 보지 않기 위해서 어 자기가 덜 수고스럽게 할려고 일을 하게 됩니다. 어 이 소통이라는 것은 어떻게 보면 좀 자기 스스로의 희생을 요구합니다 내가 좀 더 힘들고 이게 소통이 되기 위해서 협업을 하기 위해서 내가 좀 손해 보는 것이 어 소통을 하는 첫 번째 방법이라고 생각을 합니다 일단 어떤 목적을 이뤄내야 되는 것이 협업이기 때문에 내가 좀 손해를 보고 내가 좀 희생을 하더래도 소통을 해서 그것을 이루어내는 것이 저는 어 올바른 판단이라고 생각합니다.","wordCount":164},"emotion":[],"intent":[{"text":"어 협업을 할 때 가장 중요한 것은 소통입니다.","expression":"c_cop","category":"personality"},{"text":"협업이라는 것은   말 그대로 어 각각의 개인이 힘을 합쳐서 어떤 목적을 이뤄내는 것입니다.","expression":"c_cop","category":"personality"},{"text":"그게 팀원 끄릴 수도 있고 뭐 좀 그 회사 입장으로 봤을 때는 부서들끼리일 수도 있고   어쨌든 간에 협업은 본인이 맡은 그 직무를 수행해 내기 위해서 여럿이    같이 뜻을 맞춰 어 어떤 공동의 목적을 이뤄내는 것이 협업입니다.","expression":"c_cop","category":"personality"},{"text":"일단   어떤 목적을 이뤄내야 되는 것이 협업이기 때문에 내가 좀 손해를 보고 내가 좀 희생을 하더래도   소통을 해서 그것을 이루어내는 것이 저는 어 올바른 판단이라고 생각합니다.","expression":"c_cop","category":"personality"}],"summary":{"text":"협업을 할 때 가장 중요한 것은 소통입니다. 협업은 각자의 힘을 합쳐 어떤 공동의 목적을 이뤄내는 것입니다. 그런데 소통이 안 될 때 가장 힘든 것은 목표가 흐트러질 수 있습니다. 소통은 자기 스스로의 희생을 요구합니다. 어떤 목적을 이뤄내야 되기 때문에 제가 좀 손해를 보고 희생을 하더라도 소통을 해서 그것을 이루어내는 것이 올바른 판단이라고 생각합니다.","wordCount":52}}},"rawDataInfo":{"question":{"fileFormat":"wav","fileSize":453518,"duration":14170,"samplingBit":16,"channelCount":1,"samplingRate":"16kHz","audioPath":"/Mock/07.ProductionManufacturing/Male/New/ckmk_q_mm_m_n_171786.wav"},"answer":{"fileFormat":"wav","fileSize":2749198,"duration":85910,"samplingBit":16,"channelCount":1,"samplingRate":"16kHz","audioPath":"/Mock/07.ProductionManufacturing/Male/New/ckmk_a_mm_m_n_171786.wav"}}}