{"version":"1.0","dataSet":{"info":{"date":"20230116","occupation":"MM","channel":"MOCK","place":"ONLINE","gender":"MALE","ageRange":"45-54","experience":"NEW"},"question":{"raw":{"text":"우리 회사에 들어오게 된다면 가장 가고 싶은 부서가 있습니까 또 왜 그렇게 생각하셨는지 그 이유를 함께 말씀해 주십시오","wordCount":18},"emotion":[],"intent":[]},"answer":{"raw":{"text":"어 제가 만약 회사에 입사를 할 수 있다 그러면 제가 정말 가보고 싶은 부서는 제가 지원한 바로 이 부서입니다. 저는 이 부서에 들어가기 위해서 꽤 나름대로 오랫동안 준비를 하고 계획을 실행해 왔습니다. 저는 약 이 년 전부터 어 이 부서에 관련한 관련된 자격증을 취득하기 위해서 공부해 왔고 어 최근 그 두 개의 자격증을 취득했습니다. 저는 또한 이 부서에 들어가서 좀 더 일을 잘 해보고자 어 동업종에 같은 일을 하는 곳에서 인턴 생활을 육 개월 정도 해봤습니다. 어 저는 인턴생활을 육 개월 하면서 아 정말 이게 제가 예상했던 생각했던 그것이 맞구나 라는 좀 더 확증을 가질 수 있었고 어 더 이 직무에 이 회사에 들어가고 싶다 라는 욕심을 가지게 됐습니다. 저는 그 저를 육 개월 동안 지도해 주신 그 저의 그 그 멘토 멘토 멘토님한테도 나름 이 분야에 적성이 맞다 라는 그 칭찬을 들을 수 있었고 어 저는 이 일을 하면서 더 이 일을 잘하고 싶은 욕심이 생겼습니다. 제가 어 가장 가고 싶은 부서는 제가 지원한 바로 이 부서입니다.","wordCount":158},"emotion":[],"intent":[{"text":"저는 약 이 년 전부터 어 이 부서에 관련한   관련된 자격증을 취득하기 위해서 공부해 왔고 어 최근 그 두 개의 자격증을 취득했습니다.","expression":"c_imp","category":"personality"},{"text":"어 저는 인턴생활을 육 개월 하면서 아 정말 이게   제가 예상했던 생각했던 그것이 맞구나 라는 좀 더 확증을 가질 수 있었고 어 더 이 직무에 이 회사에 들어가고 싶다 라는 욕심을 가지게 됐습니다.","expression":"c_sincere_job","category":"etc"}],"summary":{"text":"저는 이 부서에 들어가려고 꽤 오랫동안 준비를 하고 계획을 실행해 왔는데, 동업종에 같은 일을 하는 곳에서 인턴 생활을 한 결과 이 직무에 들어가고 싶다는 욕심을 가지게 됐습니다. 이 분야에 적성이 맞다는 칭찬을 들었고 더 이 일을 잘하고 싶은 욕심이 생겼습니다.","wordCount":40}}},"rawDataInfo":{"question":{"fileFormat":"wav","fileSize":512078,"duration":16000,"samplingBit":16,"channelCount":1,"samplingRate":"16kHz","audioPath":"/Mock/07.ProductionManufacturing/Male/New/ckmk_q_mm_m_n_157466.wav"},"answer":{"fileFormat":"wav","fileSize":2673038,"duration":83530,"samplingBit":16,"channelCount":1,"samplingRate":"16kHz","audioPath":"/Mock/07.ProductionManufacturing/Male/New/ckmk_a_mm_m_n_157466.wav"}}}