{"version":"1.0","dataSet":{"info":{"date":"20230116","occupation":"MM","channel":"MOCK","place":"ONLINE","gender":"MALE","ageRange":"45-54","experience":"NEW"},"question":{"raw":{"text":"팀으로 일하는 것과 혼자 일하는 것 중에 어떤 편을 더 선호하나요 그리고 선호하는 이유도 같이 말씀해 주세요","wordCount":17},"emotion":[],"intent":[]},"answer":{"raw":{"text":"저는 이것은 팀 일의 종류에 따라 좀 달라진다라고 생각을 합니다. 어 프로젝트라는지 일이라는 게 혼자서 할 수 있는 게 있고 이 경우에 따라서 혼자 하는 도저히 할 수 없는 일들이 있습니다. 당연히 팀으로 이루어서 해야 될 일이 있고 반대로 혼자서도 충분히 할 수 있는 아니 오히려 혼자서 하는 게 더 이로운데도 팀을 이뤄서 해야 된다 라면 이건 옳지 않은 방법이라고 생각을 합니다. 어 저는 그냥 뭐 팀을 이루어서 하는 것과 혼자서 하는 거 어느 게 더 편하냐 라고 하면 저는 혼자 하는 일이 더 편하다 라고 생각하고 말씀드리겠습니다. 그 이유는 그냥 간단합니다. 어 혼자서 일을 하게 되면 그 시간 개인적 시간을 제 스스로가 안배를 할 수 있기 때문입니다. 어 일이 잘 될 때는 밤을 새서 일을 하고 일이 정말 안 될 때는 오히려 잠시 일을 손에 놓고 어 다른 걸 하는 게 더 신선한 아이디어를 내놓고 일의 능률을 올릴 수 있는 방법이라고 저는 생각합니다. 그런데 이게 팀을 이뤄서 일을 할 때는 그 팀에서도 각자의 할 일이 있고 각자한테 주어진 임무가 있다 보니 무조건 이것을 시간 내에 해서 다른 사람한테 넘겨야 그 사람이 그 일을 받아서 할 수 있는 일이 있다 보니까 아무래도 이게 좀 창의적이지가 못합니다. 기계적으로 일을 하게 되고 틀에 얽매여서 일을 하게 되는 것 같습니다. 저는 개인적으로 일을 할 때 좀 더 좋은 성과를 냈고 좋은 아이디어를 냈던것 같습니다.","wordCount":211},"emotion":[],"intent":[{"text":"","expression":"","category":"attitude"}],"summary":{"text":"프로젝트나 일이라는 게 혼자서 할 수 있는 게 있고 혼자서는 도저히 할 수 없는 일들이 있습니다. 당연히 팀으로 이루어서 해야 될 일이 있고 반대로 혼자 하는 게 더 이로움에도 팀을 이뤄서 해야 된다면 저는 혼자 하는 일이 더 편하다 생각하고 말씀드리겠습니다. 일이 잘 될 때는 밤을 새서 일을 하고 일이 안 될 때는 잠시 일을 손에 놓고 다른 걸 하는 게 일의 능률을 높일 수 있는 방법이라고 생각합니다.","wordCount":68}}},"rawDataInfo":{"question":{"fileFormat":"wav","fileSize":304718,"duration":9520,"samplingBit":16,"channelCount":1,"samplingRate":"16kHz","audioPath":"/Mock/07.ProductionManufacturing/Male/New/ckmk_q_mm_m_n_171880.wav"},"answer":{"fileFormat":"wav","fileSize":2828238,"duration":88380,"samplingBit":16,"channelCount":1,"samplingRate":"16kHz","audioPath":"/Mock/07.ProductionManufacturing/Male/New/ckmk_a_mm_m_n_171880.wav"}}}