{"version":"1.0","dataSet":{"info":{"date":"20230116","occupation":"MM","channel":"MOCK","place":"ONLINE","gender":"MALE","ageRange":"45-54","experience":"NEW"},"question":{"raw":{"text":"지원자께서는 본인이 지금까지 다뤄봤던 생산 장비나 시설에 관해 자기 나름대로 응용 노하우가 있다면 그것을 근거를 들어 설명해 주시겠습니까","wordCount":18},"emotion":[],"intent":[]},"answer":{"raw":{"text":"네 저는 생산 라인에 마지막 과정인 검수 어 검수 과정에 있는 알파 베타 프로그램을 어 사용할 수 있습니다. 그 프로그램을 사용할 수 있을 뿐만 아니라 운용할 줄 알고 그 기계에 대한 어 나름에 노하우를 갖고 있습니다. 이 기계는 어 정식 사용법을 보면 어 작업을 시작하기 전에 약 십 분 전에 이 기계를 구동하라고 되어 있습니다. 기계를 공기계로 한 십 분 정도를 돌리고 십 분 후에 어 제품을 투입하라고 되어있는데 제가 이거를 실제로 운영하 운영해 본 결과 십 분 했을 때 약 오 퍼센트 정도에 그 불량품이 발생을 합니다. 하지만 한 이십 분 정도를 돌리고 나서 그 다음부터 어 제품을 투입하면 그 불량률이 삼 프로 미만으로 떨어지는 것을 제가 아 알아냈습니다. 이 기계를 멈출 때도 마찬가지입니다. 우리는 보통 작업을 시작하기 전에 아침에 출근해서 기계를 정비를 합니다. 기계를 정비하고 기름칠하고 닦고 조이고 이 기계를 다시 가동을 하는데 그렇게 하는 것보다 작업이 끝난 시점 그까 기계가 돌아가고 멈춰서 기계 열이 식지 않은 시점에서 그때 닦고 조이고 점검을 하게 되면 그 다음날 기 어 기계를 다시 가동시켰을 때 말씀드린 것처럼 불량품을 현저히 줄일 수 있는 노하우가 있습니다.","wordCount":173},"emotion":[{"text":"이 기계는   어 정식 사용법을 보면 어 작업을 시작하기 전에 약 십 분 전에   이 기계를 구동하라고 되어 있습니다.","expression":"u-fact","category":"neutral"}],"intent":[{"text":"네 저는 생산 라인에 마지막 과정인 검수   어 검수 과정에 있는 알파 베타 프로그램을 어 사용할 수 있습니다.","expression":"f_equip","category":"technology"},{"text":"그 프로그램을 사용할 수 있을 뿐만 아니라 운용할 줄 알고 그 기계에 대한 어 나름에 노하우를 갖고 있습니다.","expression":"f_equip","category":"technology"},{"text":"기계를 공기계로 한 십 분 정도를 돌리고 십 분 후에 어   제품을 투입하라고 되어있는데 제가 이거를 실제로 운영하 운영해 본 결과 십 분   했을 때 약 오 퍼센트 정도에 그 불량품이 발생을 합니다.","expression":"f_equip","category":"technology"},{"text":"하지만 한 이십 분 정도를 돌리고 나서 그 다음부터   어 제품을 투입하면 그 불량률이 삼 프로 미만으로 떨어지는 것을 제가 아 알아냈습니다.","expression":"f_equip","category":"technology"},{"text":"기계를 정비하고 기름칠하고 닦고 조이고 이 기계를 다시 가동을 하는데   그렇게 하는 것보다 작업이 끝난 시점 그까 기계가 돌아가고 멈춰서 기계 열이 식지 않은 시점에서 그때 닦고 조이고 점검을 하게 되면 그 다음날   기 어 기계를 다시 가동시켰을 때 말씀드린 것처럼 불량품을 현저히 줄일 수 있는 노하우가 있습니다.","expression":"f_equip","category":"technology"}],"summary":{"text":"생산 라인의 알파 베타 프로그램을 사용할 수 있으며 운용할 줄 알고 그 기계에 대한 노하우가 있습니다. 정식 사용법에서 기계를 한 십 분 정도 돌리고 십 분 후에 제품을 투입하라고 되어있는데 실제 운영해 본 결과 십 분 했을 때 약 오 퍼센트 정도에 불량품이 발생하고 있었습니다. 기계를 멈출 때도 마찬가지입니다. 작업을 마친 시점에 점검을 하게 되면 불량품을 줄일 수 있는 노하우가 있는 것입니다.","wordCount":62}}},"rawDataInfo":{"question":{"fileFormat":"wav","fileSize":430158,"duration":13440,"samplingBit":16,"channelCount":1,"samplingRate":"16kHz","audioPath":"/Mock/07.ProductionManufacturing/Male/New/ckmk_q_mm_m_n_164032.wav"},"answer":{"fileFormat":"wav","fileSize":2861518,"duration":89420,"samplingBit":16,"channelCount":1,"samplingRate":"16kHz","audioPath":"/Mock/07.ProductionManufacturing/Male/New/ckmk_a_mm_m_n_164032.wav"}}}