{"version":"1.0","dataSet":{"info":{"date":"20230116","occupation":"MM","channel":"MOCK","place":"ONLINE","gender":"MALE","ageRange":"45-54","experience":"NEW"},"question":{"raw":{"text":"만약 지원자님과 다른 지원자님들을 비교했을 때 본인만의 가진 장점과 차별성을 어필한다면 어떤 것이 있을까요 말씀해 주시기 바랍니다","wordCount":17},"emotion":[],"intent":[]},"answer":{"raw":{"text":"저의 장점은 끈질김과 긍정적인 사고입니다. 긍정적인 사고를 통해서 끈질김을 발휘하면 그 어떠한 문제라도 해결할 수 있다고 저는 생각합니다. 심지어는 하나의 문제가 생기면 그 문제가 생기는 부분에 대해서 지루해 하지 않고 오히려 그 문제의 발생을 해결하는 그 순간을 만끽하기 위해서 즐거운 자세로 그 문제를 다룹니다. 하지만 여기서는 중요한 게 긍정적인 사고만 가진다고 되는 것은 아닙니다. 실력 플러스 끈질김이 있어야 됩니다. 끊임없이 노력을 하다보면 새로운 사고를 통해서 어느 순간에 그 문제 해결할 수 있는 생각이 나구요. 그런 식으로 몇 번을 하게 되면 자신감이 붙습니다. 그래서 앞으로 어떤 업무가 주어지더라도 난관이 있더라도 저는 이 두 가지 긍정적인 사고와 끈질김으로 모든 문제를 해결해 나가겠습니다.","wordCount":100},"emotion":[],"intent":[{"text":"저의 장점은 끈질김과 긍정적인 사고입니다.","expression":"c_person","category":"background"}],"summary":{"text":"저는 긍정적인 사고를 통해서 끈질김을 발휘하면 어떤 문제라도 해결할 수 있다고 생각합니다. 그리고 끈질김을 발휘하기 위해 노력하면 자신감도 붙습니다. 앞으로 어떤 업무가 주어지더라도 이 두 가지 긍정적인 사고와 끈질김으로 모든 문제를 해결해 나가겠습니다.","wordCount":33}}},"rawDataInfo":{"question":{"fileFormat":"wav","fileSize":409678,"duration":12800,"samplingBit":16,"channelCount":1,"samplingRate":"16kHz","audioPath":"/Mock/07.ProductionManufacturing/Male/New/ckmk_q_mm_m_n_176549.wav"},"answer":{"fileFormat":"wav","fileSize":2262478,"duration":70700,"samplingBit":16,"channelCount":1,"samplingRate":"16kHz","audioPath":"/Mock/07.ProductionManufacturing/Male/New/ckmk_a_mm_m_n_176549.wav"}}}