{"version":"1.0","dataSet":{"info":{"date":"20230116","occupation":"MM","channel":"MOCK","place":"ONLINE","gender":"MALE","ageRange":"-34","experience":"NEW"},"question":{"raw":{"text":"일을 하면서 가장 어려울 것으로 예상되는 것은 무엇인가요 만약 그런 일이 생긴다면 어떻게 대처할 생각이신지도 함께 알려주세요","wordCount":17},"emotion":[],"intent":[]},"answer":{"raw":{"text":"일을 하면서 가장 어려울 것으로 예상되는 것은 무엇이냐 그리고 그에 대해 어떻게 대처할 생각인지도 궁금하다고 질문을 해 주셨는데요. 일을 하면서 가장 어려울 것으로 예상되는 것은 일단은 팀원과의 조율 이제 팀원과의 팀 워크라 생각합니다. 왜냐하면 제가 어 제 의견을 잘 말하지 못하는 성격이기도 하고 이제 다른 사람들과 잘 어울리기 하지만 그런 중요하거나 이제 방안을 내야 되는 그런 자리에서 어 잘 조율을 해서 인제 좋은 결과로 만들 수 있을지 모르겠고요. 일단 그에 대해서는 일단 저의 의견도 우선 말을 하기 하지만 상대방 의견도 적극 수용해 가지고 좋은 결과가 있을 수 있도록 잘 이렇게 헤아려 나가야 될 것 같고 일단 저보다는 어 다른 사람들의 의견을 좀 더 수용해서 너무 맞지 않는 부분은 잘 맞춰 나가고 그럴 수 있도록 노력하고 싶습니다.","wordCount":116},"emotion":[],"intent":[{"text":"","expression":"","category":"attitude"}],"summary":{"text":"일을 하면서 가장 어려울 것으로 예상되는 것은 팀원과의 팀 워크라 생각합니다. 다른 사람들의 의견을 좀 더 수용해서 너무 맞지 않는 부분은 잘 맞춰 나가고 그럴 수 있도록 노력하고 싶습니다.","wordCount":29}}},"rawDataInfo":{"question":{"fileFormat":"wav","fileSize":424398,"duration":13260,"samplingBit":16,"channelCount":1,"samplingRate":"16kHz","audioPath":"/Mock/07.ProductionManufacturing/Male/New/ckmk_q_mm_m_n_167289.wav"},"answer":{"fileFormat":"wav","fileSize":2406478,"duration":75200,"samplingBit":16,"channelCount":1,"samplingRate":"16kHz","audioPath":"/Mock/07.ProductionManufacturing/Male/New/ckmk_a_mm_m_n_167289.wav"}}}