{"version":"1.0","dataSet":{"info":{"date":"20230116","occupation":"MM","channel":"MOCK","place":"ONLINE","gender":"MALE","ageRange":"-34","experience":"NEW"},"question":{"raw":{"text":"지원자님께서 우리 회사가 해외 무대로 진출한다면 어디로 진출하는 것이 좋겠습니까 지원자님께서 이유도 설명도 말씀해 주실 수 있습니까","wordCount":17},"emotion":[],"intent":[]},"answer":{"raw":{"text":"저는 회사가 해외 무대로 진출을 한다면 어 중국으로 해외 무대로 진출하는 것이 어 좋을 거라고 생각을 합니다. 왜냐하면 값싼 노동력과 그리고 조금은 어 많은 인구과 그리고 정말 넓은 영토를 가지고 있기 때문에 어 무한한 발전 가능성이 있는 나라라고 생각을 합니다. 때문에 해외 무대로 진출을 한다면 중국이 정말 적합할 것 같고 어 어 그런 어 값싼 노동력들을 정말 무시할 수 없는 부분이라고 생각을 합니다. 한국과 비교했을 때 아니면 미국과 비교 미국이나 유럽과 비교했을 때 그런 노동력 값싼 노동력에서 엄청난 차이가 있기 때문에 어 중국이 적당할 거라고 생각을 하며 이런 회사는 항상 이윤을 생각해야 하는 부분이고 그럴려면 수 어 쓰는 것들을 지출을 조금은 줄여야만 회사가 이윤을 크게 얻을 수 있을 거라고 생각을 합니다. 때문에 저는 중국으로 해외 무대로 진출하는 것이 가장 적합하지 않나 라고 말씀드리고 싶습니다.","wordCount":124},"emotion":[],"intent":[{"text":"","expression":"","category":"attitude"}],"summary":{"text":"값싼 노동력과 넓은 인구, 넓은 영토를 가진 중국은 무한한 발전 가능성이 있는 나라로 회사 입장에서 해외 무대 진출은 적합할 것 같습니다. 한국, 미국, 유럽과 비교했을 때 노동력 값 싼 노동력에서 큰 차이가 있기 때문에 중국이 적당하며, 이런 회사는 지출을 줄여야만 이윤을 얻을 수 있기 때문에 해외 무대 진출이 적합합니다.","wordCount":49}}},"rawDataInfo":{"question":{"fileFormat":"wav","fileSize":427918,"duration":13370,"samplingBit":16,"channelCount":1,"samplingRate":"16kHz","audioPath":"/Mock/07.ProductionManufacturing/Male/New/ckmk_q_mm_m_n_188597.wav"},"answer":{"fileFormat":"wav","fileSize":2782158,"duration":86940,"samplingBit":16,"channelCount":1,"samplingRate":"16kHz","audioPath":"/Mock/07.ProductionManufacturing/Male/New/ckmk_a_mm_m_n_188597.wav"}}}