{"version":"1.0","dataSet":{"info":{"date":"20230116","occupation":"MM","channel":"MOCK","place":"ONLINE","gender":"MALE","ageRange":"45-54","experience":"NEW"},"question":{"raw":{"text":"우리 신용보증기금은 대한민국의 금융 정책 기관입니다 신용보증기금이 호가돼야 할 업무 영역은 무엇이라고 생각하십니까","wordCount":13},"emotion":[],"intent":[]},"answer":{"raw":{"text":"신용보증기금은 국민의 세금으로 운영이 되는 공공기업입니다. 어 사 신청 기업의 신용 보증이 하는 일은 신청 기업의 요청에 의하여 기업이 부담하는 각종 채무를 보증함으로써 성장 유망한 기업들을 지원하는 것을 그 주 업무를 하고 있습니다. 어 신용보증금 본증기금은 어 기업에 담보 문제를 해소해 줍니다. 은행으로부터 대출 어 거래처로부터 물품 공급 등을 받는데 부족한 담보를 제공함으로써 어 기업들이 안정적인 기업 활동을 할 수 있도록 도와줍니다. 또한 그 비용 절감 면에서 은행은 신용보증 보증서 대출에 대한 우대 금리를 적용해 주고 부동산 대출에 따른 비용 절감이 되고 어 민간 보증회사보다 보증료가 저렴하기 때문에 다른 기타 기관보다 신용보증기금이 좀 더 어 기업의 그 비용을 절감해 주는 데 도움이 됩니다. 어 하지만 저는 개인적으로는 이런 기업들 외에 개인에게도 신용보증기금이 좀 더 문을 열 넓히고 그것에 대한 좀 혜택을 많이 줘야 된다라고 생각을 합니다.","wordCount":126},"emotion":[{"text":"신용보증기금은 국민의 세금으로 운영이 되는 공공기업입니다.","expression":"u-fact","category":"neutral"},{"text":"어 사 신청 기업의 신용 보증이 하는 일은 신청 기업의 요청에 의하여 기업이 부담하는 각종 채무를 보증함으로써 성장 유망한 기업들을 지원하는 것을 그 주 업무를 하고 있습니다.","expression":"u-fact","category":"neutral"},{"text":"어 신용보증금 본증기금은 어 기업에 담보 문제를 해소해 줍니다.","expression":"u-fact","category":"neutral"},{"text":"은행으로부터 대출 어 거래처로부터 물품 공급 등을 받는데 부족한 담보를 제공함으로써 어 기업들이 안정적인 기업 활동을 할 수 있도록 도와줍니다.","expression":"u-fact","category":"neutral"}],"intent":[{"text":"","expression":"","category":"attitude"}],"summary":{"text":"신용보증기금은 신청 기업의 요청에 의해 기업이 부담하는 각종 채무를 보증함으로써 성장 유망한 기업들을 지원하는 공공 기업입니다. 신용보증기금은 기업에 담보 문제를 해소해 주고 부족한 담보를 제공함으로써 기업들이 안정적인 기업 활동을 할 수 있도록 도와줍니다.","wordCount":33}}},"rawDataInfo":{"question":{"fileFormat":"wav","fileSize":522318,"duration":16320,"samplingBit":16,"channelCount":1,"samplingRate":"16kHz","audioPath":"/Mock/07.ProductionManufacturing/Male/New/ckmk_q_mm_m_n_179361.wav"},"answer":{"fileFormat":"wav","fileSize":2634318,"duration":82320,"samplingBit":16,"channelCount":1,"samplingRate":"16kHz","audioPath":"/Mock/07.ProductionManufacturing/Male/New/ckmk_a_mm_m_n_179361.wav"}}}