{"version":"1.0","dataSet":{"info":{"date":"20230116","occupation":"MM","channel":"MOCK","place":"ONLINE","gender":"MALE","ageRange":"45-54","experience":"NEW"},"question":{"raw":{"text":"현재 스터디를 하고 계신 것이 있으신가요 있다면 어떤 공부를 하고 있는지 또 왜 하고 계신지도 설명 부탁드리겠습니다","wordCount":17},"emotion":[],"intent":[]},"answer":{"raw":{"text":"따로 스터디를 하고 있는 부분은 제가 관심을 가지고 있는 몇 개의 키워드들이 있습니다. 음 첫번째로는 외국어 배우기 두번째로는 역사 배우기 세 번째는 여행하기 네 번째는 운동하기입니다. 외국어의 경우는 제가 중국 상해에서 오 년 동안 음 유학 생활을 했었기 때문에 에 그 곳에서 영어와 중국어 일본어를 같이 공부를 해서 어 삼 개 자유롭게 얘기할 정도의 수준은 됩니다. 최근에는 스페인 스페인권 쪽 문화에 관심을 가지게 되어서 어 스페인어를 지금 공부를 하고 있습니다. 역사와 관련된 부분은 제가 관광 통역 안내사 중국어 문화유산 해설사 자격증을 가지고 있으며 문화원 소속으로 해설 답사 연구팀에 소속되어 있습니다. 매 한 매 달 한 번씩 활동을 진행을 하고 있고요. 제가 직접 해설을 하는 경우도 있습니다. 운동에 관련된 부분들은 제가 즐겨서 하는 부분들은 헬스나 농구 탁구 어 다 당구 볼링 그리고 골프입니다. 이런 부분들도 공부를 하면서 좀 더 잘 할 수 있는 방법을 모색하고 있습니다.","wordCount":135},"emotion":[{"text":"최근에는 스페인 스페인권 쪽 문화에 관심을 가지게 되어서 어 스페인어를 지금   공부를 하고 있습니다.","expression":"p-interest","category":"positive"},{"text":"운동에 관련된 부분들은 제가 즐겨서 하는 부분들은 헬스나 농구 탁구   어 다 당구 볼링 그리고 골프입니다.","expression":"p-interest","category":"positive"}],"intent":[{"text":"","expression":"","category":"attitude"}],"summary":{"text":"따로 스터디를 하고 있는 부분은 제가 관심을 가지고 있는 몇 개의 키워드들이 있는데 외국어 배우기, 역사배우기, 여행하기, 운동하기입니다. 외국어는 자유롭게 말할 정도의 수준은 되고, 역사는 통역 안내사, 중국어 문화유산 해설사 자격증을 가지고 있고, 운동은 헬스, 농구, 탁구,  당구 볼링, 골프입니다.","wordCount":40}}},"rawDataInfo":{"question":{"fileFormat":"wav","fileSize":529998,"duration":16560,"samplingBit":16,"channelCount":1,"samplingRate":"16kHz","audioPath":"/Mock/07.ProductionManufacturing/Male/New/ckmk_q_mm_m_n_163464.wav"},"answer":{"fileFormat":"wav","fileSize":2664398,"duration":83260,"samplingBit":16,"channelCount":1,"samplingRate":"16kHz","audioPath":"/Mock/07.ProductionManufacturing/Male/New/ckmk_a_mm_m_n_163464.wav"}}}