{"version":"1.0","dataSet":{"info":{"date":"20230116","occupation":"MM","channel":"MOCK","place":"ONLINE","gender":"MALE","ageRange":"35-44","experience":"NEW"},"question":{"raw":{"text":"지원자님이 지금까지 살면서 이룬 성과 중에 가장 큰 성과는 무엇인지 자랑 한번 해 주시겠습니까","wordCount":14},"emotion":[],"intent":[]},"answer":{"raw":{"text":"제가 살면서 이룬 성과 중 가장 큰 것은 바로 영어 회화에 대한 목표 달성을 했다는 것입니다. 서른 살에 영어 회화를 시작했을 때 제발 외국인들하고 농담만 하는 수준으로 올라가자 그렇게 시작했던 영어 공부를 지금은 십 오 년 넘게 영어회화 동아리 카페에서 회장을 하고 있고 영 외국계 회사에서 영어 관련된 업무를 도맡아서 하고 있습니다. 영어 매뉴얼을 통번역을 하고 있고 영어 관련된 회의를 하면 제가 거의 주도를 하게 돼 있습니다. 특히나 영어 교육에 또는 영어 회화에 굉장히 어려움을 느끼는 성인들에게 영어 교육 및 컨설팅을 해 줌으로써 어떻게 하면 빠른 시간 안에 영어를 할 수 있고 어떻게 하면 외국인과 회의를 할 수 있는지에 대한 어떤 교육을 지속적으로 하고 있습니다. 가끔 때로는 돈 없는 학생들이 영어에 대해서 물어보면 중고등학생들은 제가 무료로 영어 교육을 해주거나 영어 특강을 해준 적도 있습니다. 단순하게 영어를 할 줄 아냐 못하냐가 아니라 저는 그냥 단순히 농담만 하는 수준으로 원했지만 꾸준하게 노력하고 지속적으로 하다 보니까 이제는 영어가 한국어만큼 많이 편해졌고 어 외국 유학도 한 번 다녀오지 않고 조기 교육도 받지 않은 제가 이렇게 영어에 성공을 거둘 수 있다는 것에 가장 뿌듯하고 자랑을 많이 느낍니다.","wordCount":172},"emotion":[{"text":"보니까 이제는 영어가 한국어만큼 많이 편해졌고 어 외국 유학도 한 번 다녀오지 않고 조기 교육도 받지 않은 제가 이렇게 영어에 성공을 거둘 수 있다는 것에 가장 뿌듯하고 자랑을 많이 느낍니다.","expression":"p-achievement","category":"positive"}],"intent":[{"text":"서른 살에 영어 회화를 시작했을 때 제발 외국인들하고 농담만 하는 수준으로 올라가자   그렇게 시작했던 영어 공부를 지금은 십 오 년 넘게 영어회화 동아리 카페에서 회장을 하고 있고 영 외국계 회사에서 영어 관련된 업무를 도맡아서 하고 있습니다.","expression":"c_private","category":"background"}],"summary":{"text":"저는 단순히 농담만 하는 수준으로 원했지만 꾸준히 하다 보니 영어가 한국어만큼 많이 편해졌고, 외국 유학도 한 번 다녀오지 않고 조기 교육도 받지 않은 제가 이렇게 영어에 성공을 거둘 수 있다는 것에 가장 뿌듯하고 자랑을 많이 느낍니다.","wordCount":36}}},"rawDataInfo":{"question":{"fileFormat":"wav","fileSize":275918,"duration":8620,"samplingBit":16,"channelCount":1,"samplingRate":"16kHz","audioPath":"/Mock/07.ProductionManufacturing/Male/New/ckmk_q_mm_m_n_184642.wav"},"answer":{"fileFormat":"wav","fileSize":2846158,"duration":88940,"samplingBit":16,"channelCount":1,"samplingRate":"16kHz","audioPath":"/Mock/07.ProductionManufacturing/Male/New/ckmk_a_mm_m_n_184642.wav"}}}