{"version":"1.0","dataSet":{"info":{"date":"20230116","occupation":"MM","channel":"MOCK","place":"ONLINE","gender":"MALE","ageRange":"35-44","experience":"NEW"},"question":{"raw":{"text":"지원자님께서 저희 회사에 입사를 했다고 가정해 보겠습니다 입사를 딱 했더니 업무 내용이나 강도가 예상했던 것과 전혀 다르다고 생각하신다면 어떻게 하시겠습니까","wordCount":20},"emotion":[],"intent":[]},"answer":{"raw":{"text":"어 입사 후에 업무 강도가 예상했던 것보다 뭐 다르다면 어 제가 예상했던 것보다 업무 강도가 약하거나 편하다면 어 모른 척하고 그냥 있겠습니다. 그리고 예상했던 것보다 업무 강도가 강하다면 어 제가 이 회사에 입사하면서 업무 강도에 대해서 좀 제 생각이 그렇게 약하진 않을 것이다 라고 생각은 하고 지원했지만 그 생각보다도 강하다면 어 저 같은 경우에는 한 번 다시 생각해 봐야 될 것 같습니다. 제가 생각한 그 업무 강도가 어 상식보다 강한 수준으로 생각을 제가 하고 있기 때문에 그것보다 강하다면 제가 판단했을 때는 사람이 할 수 있는 일이 아니라고 판단돼서 그때는 제가 좀 퇴사나 이직을 고려해 볼 것 같습니다.","wordCount":97},"emotion":[],"intent":[{"text":"","expression":"","category":"attitude"}],"summary":{"text":"업무 강도가 예상보다 강하다면 제가 생각한 상식보다 강하다면 사람이 할 수 있는 일이 아니라고 판단돼서 저는 좀 퇴사나 이직을 고려해 볼 것 같습니다.","wordCount":23}}},"rawDataInfo":{"question":{"fileFormat":"wav","fileSize":464718,"duration":14520,"samplingBit":16,"channelCount":1,"samplingRate":"16kHz","audioPath":"/Mock/07.ProductionManufacturing/Male/New/ckmk_q_mm_m_n_160060.wav"},"answer":{"fileFormat":"wav","fileSize":2153038,"duration":67280,"samplingBit":16,"channelCount":1,"samplingRate":"16kHz","audioPath":"/Mock/07.ProductionManufacturing/Male/New/ckmk_a_mm_m_n_160060.wav"}}}