{"version":"1.0","dataSet":{"info":{"date":"20230116","occupation":"MM","channel":"MOCK","place":"ONLINE","gender":"MALE","ageRange":"45-54","experience":"NEW"},"question":{"raw":{"text":"동물 실험 관련하여서 찬성 반대 입장이 많이 나뉘어지고 있는데 지원자님께서 생각하는 동물 실험에 대한 의견을 말씀해 주시고 인간에게 주는 이익에 관해서도 말해 주세요","wordCount":23},"emotion":[],"intent":[]},"answer":{"raw":{"text":"어 동물의 입장에서 보면 참 안타까운 일이지만 어 동물 실험은 전 어쩔 수 없는 필요악이라고 생각을 합니다. 어 그것이 좋지 않음을 알고 어 그것이 비윤리적이라는 걸 알면서도 어쩔수 없이 행해지고 행해져야 하는 행위라고 생각을 합니다. 현대사회는 날로 발전하고 있고 어 사회가 발전하는 만큼 예전에는 없었던 질병 예를 들어서 최근에는 코로나 같은 이런 병이 인간의 목숨을 위협합니다. 어쩔수 없이 인간은 살아가기 위해서 그 그런 병으로부터 스스로를 지키기 위해서 어 약을 만들어내야 되고 이 약이 올바른 약인가를 확인하기 위해서 어 실험을 해야 됩니다. 그런데 인간의 약을 개발하고자 인간에게 실험을 한다 라는 것은 인간으로서는 그걸 정말 할 수 못할 짓이고 그건 비윤리적인 행위이기 때문에 어쩔수 없이 동물을 통해서 실험을 하고 실험을 해야 한다 라고 생각을 합니다. 그런 반면 인간은 그 자연을 동물을 더 지키려고 보호하려고 애써야 되는 부분도 있다고 생각을 합니다. 어 동물 실험은 참 안타까운 현실이지만 어쩔 수 없는 필요악 같은 어 존재라고 생각합니다.","wordCount":142},"emotion":[],"intent":[{"text":"어 동물의 입장에서 보면 참 안타까운 일이지만 어 동물 실험은 전 어쩔 수 없는 필요악이라고 생각을 합니다.","expression":"c_value","category":"background"},{"text":"어 그것이 좋지 않음을 알고 어 그것이 비윤리적이라는 걸 알면서도   어쩔수 없이 행해지고 행해져야 하는 행위라고 생각을 합니다.","expression":"c_value","category":"background"},{"text":"어 동물 실험은 참 안타까운 현실이지만 어쩔 수 없는   필요악 같은 어 존재라고 생각합니다.","expression":"c_value","category":"background"}],"summary":{"text":"동물 실험은 비윤리적이라는 걸 알면서도 어쩔 수 없이 행해져야 하는 행위라고 생각합니다. 인간은 자연을 동물을 더 지키려고 보호하려고 애써야 되는 부분도 있다고 생각을 합니다. 인간의 약을 개발하고자 인간에게 실험을 하는 것은 비윤리적인 행위이기 때문에 어쩔 수 없는 동물 실험이라고 생각합니다.","wordCount":40}}},"rawDataInfo":{"question":{"fileFormat":"wav","fileSize":614478,"duration":19200,"samplingBit":16,"channelCount":1,"samplingRate":"16kHz","audioPath":"/Mock/07.ProductionManufacturing/Male/New/ckmk_q_mm_m_n_172645.wav"},"answer":{"fileFormat":"wav","fileSize":2810958,"duration":87840,"samplingBit":16,"channelCount":1,"samplingRate":"16kHz","audioPath":"/Mock/07.ProductionManufacturing/Male/New/ckmk_a_mm_m_n_172645.wav"}}}