{"version":"1.0","dataSet":{"info":{"date":"20230116","occupation":"MM","channel":"MOCK","place":"ONLINE","gender":"MALE","ageRange":"45-54","experience":"NEW"},"question":{"raw":{"text":"만약 지원자님이 일을 하시다 보면 영어로 서류를 작성해야 할 일이 생길 수도 있습니다 지원자님은 영어로 서류를 작성하실 수 있으신지 궁금합니다","wordCount":20},"emotion":[],"intent":[]},"answer":{"raw":{"text":"네 저는 어 포맷이 있고 양식이 있고 그 형식이 있는 서류라면 어 영어 서류를 작성하는 데 전혀 문제가 안 됩니다. 뭐 영어로 된 주문서를 작성을 한다라든지 반대로 영어로 된 주문서를 받는다라든지 어 일단 기본 틀이 있고 기본 양식이 있는 회사에서 기본적으로 다루는 그런 형식이 있는 서류를 작성하는 데는 어 전혀 불편함이 없습니다. 어 하지만 제가 솔직히 말씀드리면 영어로 뭐 작문을 해야 된다라든지 아니면 뭐 영어로 된 긴 문장을 독해를 해야 된다라지 든지 이런 상황은 솔직히 어 그리 썩 자신이 있는 편이 아닙니다. 어 저는 나름 영어 공부를 계속 해오고 있는데 그래도 어 회화는 좀 제가 말하고 싶은 유도까지는 말할 수 있으나 어 백 프로 상대방이 하는 말을 알아듣기는 좀 어려운 상태이고 어 아까 말씀드린 것처럼 뭐 제가 영어로 작문을 한다라든지 어 뭐 책이나 이런 걸 통해서 제가 뭐 해석을 해야 된다라는 거는 솔직히 부족한 부분이 아직은 많이 있는 것 같습니다.","wordCount":140},"emotion":[],"intent":[{"text":"","expression":"","category":"attitude"}],"summary":{"text":"저는 형식이 있는 서류라면 영어 서류 작성에 문제가 없지만, 포맷이나 양식이 갖춰진 서류의 경우에는 전혀 문제가 없습니다. 하지만 영어로 작문이나 긴 문장을 독해해야 되는 상황은 제가 영어 공부는 계속 해오고 있으나 백 프로 상대방이 하는 말을 알아듣기는 어려운 상태이고 해석에 대한 부분은 아직 부족합니다.","wordCount":44}}},"rawDataInfo":{"question":{"fileFormat":"wav","fileSize":536718,"duration":16770,"samplingBit":16,"channelCount":1,"samplingRate":"16kHz","audioPath":"/Mock/07.ProductionManufacturing/Male/New/ckmk_q_mm_m_n_179445.wav"},"answer":{"fileFormat":"wav","fileSize":2426318,"duration":75820,"samplingBit":16,"channelCount":1,"samplingRate":"16kHz","audioPath":"/Mock/07.ProductionManufacturing/Male/New/ckmk_a_mm_m_n_179445.wav"}}}