{"version":"1.0","dataSet":{"info":{"date":"20230116","occupation":"MM","channel":"MOCK","place":"ONLINE","gender":"MALE","ageRange":"45-54","experience":"NEW"},"question":{"raw":{"text":"회사에 입사를 하게 된다면 여러 가지 대외 활동을 하시게 될 텐데요 그중에서 사내 스터디를 만들어서 공부를 할 수 있다면 어떤 것을 공부하고 싶으신지 그 이유도 함께 말씀해 주시기 바랍니다","wordCount":29},"emotion":[],"intent":[]},"answer":{"raw":{"text":"어 저는 사내 스터디를 만들어서 운영할 수 있다 그러면 어 영어 회화반을 운영하고 싶습니다. 그리고 당연히 저도 참석을 할 것이고요. 근데 영어가 단순히 단순한 그런 영어 말고 우리가 업무에 사용되는 그런 거 업무랑 관련된 비즈니스 영어를 좀 더 배우고 익히구 싶습니다. 어 실질적으로 근무를 하다 보면 외국에서 걸려오는 전화 우리 뭐 사무실 공장을 방문한 외국인 뭐 이런 사람들을 이제 이제 요즘은 너무나 쉽게 접하게 됩니다. 심지어는 뭐 외국에서 오는 주문서라든지 우리가 외국에다가 무언가를 가 필요해서 원자재를 발주하는 주문서까지도 영어로 돼있습니다. 어 이럴 때마다 이것을 뭐 누군가한테 도움을 바라고 도움을 청하는 것은 어 스스로 업무 능력이 떨어지는 거라고 생각합니다. 저는 당연히 담당자인 만큼 어 제가 영어를 더 열심히 배우고 해서 외국에서 바이어가 온다면 바이어와 상담도 할 수 있고 어 바이어한테 어 물건이나 제품에 대해서 장점을 설명하고 이런 식으로 할 수 있는 저이기를 원합니다. 그래서 저는 어 영어 회화는 꼭 필요하고 이왕이면은 제가 관련된 그 업무에 관련된 비즈니스 영어를 꼭 배우고 싶습니다.","wordCount":150},"emotion":[],"intent":[{"text":"","expression":"","category":"attitude"}],"summary":{"text":"사내 스터디를 만들어 영어 회화반을 운영하고 싶습니다. 업무에 관련된 비즈니스 영어를 좀 더 배우고 익히고 싶은데, 외국에서 걸려오는 전화나 원자재 발주 주문서까지 영어로 돼 있습니다. 누군가한테 도움을 바라는 것은 업무 능력이 떨어지는 것이라고 생각합니다. 영어 회화는 꼭 필요하고 업무 관련 비즈니스 영어를 꼭 배우고 싶습니니다.","wordCount":45}}},"rawDataInfo":{"question":{"fileFormat":"wav","fileSize":645838,"duration":20180,"samplingBit":16,"channelCount":1,"samplingRate":"16kHz","audioPath":"/Mock/07.ProductionManufacturing/Male/New/ckmk_q_mm_m_n_157078.wav"},"answer":{"fileFormat":"wav","fileSize":2625998,"duration":82060,"samplingBit":16,"channelCount":1,"samplingRate":"16kHz","audioPath":"/Mock/07.ProductionManufacturing/Male/New/ckmk_a_mm_m_n_157078.wav"}}}