{"version":"1.0","dataSet":{"info":{"date":"20230116","occupation":"MM","channel":"MOCK","place":"ONLINE","gender":"MALE","ageRange":"45-54","experience":"NEW"},"question":{"raw":{"text":"어떤 문제에 부딪쳤을 때 혼자 해결하시는 편이신가요 아니면 여러 사람들에게 이야기하여 해결하시는 편이신가요","wordCount":13},"emotion":[],"intent":[]},"answer":{"raw":{"text":"어 개인적으로 어떤 문제에 부딪쳤을 때 저는 일단 혼자 해결하도록 노력을 할 겁니다. 그러다가 혼자 도저히 안 되는 경우가 있겠죠. 그럴 때 여러 사람들에게 얘기를 하는 편이고 어 주로 저는 그 그 문제를 먼저 해결해 본 능력이 해결 해결해 본 경험이 있는 그것이 뭐 선배가 될 수 될 수도 있고 직장 동료가 될 수도 있고 또 제 인 인맥에 있는 어떤 친구가 될 수도 있을 거예요. 어 주로 인제 그 그런 사람들에게 먼저 이 위기를 갖던 사람들에게 도움을 많이 받는 편이고 어 뭐 모르는 데 물어보는 거는 챙피한 게 아니라고 생각을 하기 때문에 최대한 도로 그것을 아는 사람들을 찾아서 도움을 받는 그런 식으로 문제 해결을 해 나가는 편입니다. 이상입니다.","wordCount":109},"emotion":[],"intent":[{"text":"","expression":"","category":"attitude"}],"summary":{"text":"개인적으로 어떤 문제에 부딪쳤을 때 일단 혼자 해결하도록 노력을 할 것이고, 안 되는 경우에는 여러 사람들에게 얘기를 하는 편입니다. 먼저 위기를 갖던 사람들에게 도움을 많이 받고, 최대한 아는 사람들을 찾아서 도움받는 방식으로 문제 해결을 해 나가는 편입니다.","wordCount":37}}},"rawDataInfo":{"question":{"fileFormat":"wav","fileSize":382158,"duration":11940,"samplingBit":16,"channelCount":1,"samplingRate":"16kHz","audioPath":"/Mock/07.ProductionManufacturing/Male/New/ckmk_q_mm_m_n_167433.wav"},"answer":{"fileFormat":"wav","fileSize":2167758,"duration":67740,"samplingBit":16,"channelCount":1,"samplingRate":"16kHz","audioPath":"/Mock/07.ProductionManufacturing/Male/New/ckmk_a_mm_m_n_167433.wav"}}}