{"version":"1.0","dataSet":{"info":{"date":"20230116","occupation":"MM","channel":"MOCK","place":"ONLINE","gender":"MALE","ageRange":"45-54","experience":"NEW"},"question":{"raw":{"text":"지원자님의 전공과 관련해서 최근 부족하다고 느끼는 것이 있습니까 부족하다는 것을 느껴서 따로 공부를 하고 있는 분야가 있습니까","wordCount":17},"emotion":[],"intent":[]},"answer":{"raw":{"text":"저희 전공은 한국에서는 경영학과 중국에서는 일본의 일본어 학과를 전공을 했습니다. 특히 중국에서 전공을 한 일본어 학과의 경우에는 제가 어 따른 사람들이 보기에는 왜 중국에 가서 굳이 일본어를 전공했느냐는 얘기를 많이 들었습니다. 하지만 저는 저의 생각은 중국에서 중국어를 하는 건 당연한 것이고 이공계열 쪽보다는 분 분과 쪽 계열이라면 차라리 언어를 한 두 개를 더 하는 게 어 더 낫다고 판단을 해서 일본어를 전공을 하면서 영어도 같이 공부를 했습니다. 어 일본어의 경우는 일본어 능력 평가 일 급을 갖고 있기 한데요. 최근에 따로 해야 하는 아무래도 사무실에 회사에서 중국어 하고 영어를 주로 사용을 하다 보니까 일본어에 부분에서 조금 등한시 한 게 아닌가 라는 생각에 따라서 어 일본어 영화나 드라마 위주로 해서 강박을 떨어뜨리지 않기 위해서 지속적으로 어 공부를 하고 있는 부분도 있습니다. 따라서 지금도 언어는 평생 만족하는 부분이 없다고 생각을 하고요. 지속적으로 계속 음 따로 영화나 드라마들을 위주로 해서 공부하고 있습니다.","wordCount":138},"emotion":[],"intent":[{"text":"","expression":"","category":"attitude"}],"summary":{"text":"한국에서는 경영학과 중국에서는 일본의 일본어 학과를 전공했습니다. 이공계열 쪽보다 분 분과 쪽 계열이라면 언어를 더 하는 게 낫다고 판단해 전공을 하면서 영어도 같이 공부를 했습니다. 일본어의 경우 일본어 능력 평가 일급을 갖고 있는데, 최근에 회사에서 영어와 중국어를 주로 사용해서 일본어를 등한시했다는 생각에 일본어 영화나 드라마 위주로 공부하고 있습니다.","wordCount":48}}},"rawDataInfo":{"question":{"fileFormat":"wav","fileSize":532558,"duration":16640,"samplingBit":16,"channelCount":1,"samplingRate":"16kHz","audioPath":"/Mock/07.ProductionManufacturing/Male/New/ckmk_q_mm_m_n_160740.wav"},"answer":{"fileFormat":"wav","fileSize":2647758,"duration":82740,"samplingBit":16,"channelCount":1,"samplingRate":"16kHz","audioPath":"/Mock/07.ProductionManufacturing/Male/New/ckmk_a_mm_m_n_160740.wav"}}}