{"version":"1.0","dataSet":{"info":{"date":"20230116","occupation":"MM","channel":"MOCK","place":"ONLINE","gender":"MALE","ageRange":"35-44","experience":"NEW"},"question":{"raw":{"text":"지원자님의 전공과 관련을 해서 어 최근에 부족하다고 느끼시고 따로 공부를 하고 있는 분야가 있으십니까","wordCount":14},"emotion":[],"intent":[]},"answer":{"raw":{"text":"가장 부족한 부분이 바로 방사선 기기 및 데이터에 대한 측정입니다. 학교 다닐 때 데이터 측정에 대한 것은 너무 어렵기도 하고 광범위하여 많은 공부를 할 수가 없었습니다. 그때는 특히 많은 장비를 다루는 것이 아니라 이론적으로만 공부를 했기 때문에 실제적으로 장비에서 나오는 데이터가 어떻게 구축이 되고 그 데이터를 가지고 어떻게 실생활에 또는 실무에 사용할 수 있는지에 대한 백엔드에 대한 공부를 해 본 적이 없었습니다. 그러나 막상 현장에 나와보니 데이터 사용에 대한 기록 히스토리 로그 또는 그에 맞는 프로세스를 제가 만들고 그 프로세스에 맞게끔 실무에서 적용을 해야 되기 때문에 그 데이터 계측함 및 기계학에 대해서 지금 다시 인터넷 강의 및 전공 강의를 수강하고 있습니다. 이 부분에 대해서 가장 필요한 건 대학원 강의인데요. 대학원 강의는 실제로 온라인으로 밖에 할 수가 없는 상황이라 그렇게 공부를 하고 있습니다.","wordCount":122},"emotion":[],"intent":[{"text":"그러나 막상 현장에 나와보니 데이터 사용에 대한 기록 히스토리 로그 또는 그에 맞는   프로세스를 제가 만들고 그 프로세스에 맞게끔 실무에서 적용을 해야 되기 때문에 그 데이터 계측함 및 기계학에 대해서 지금 다시   인터넷 강의 및 전공 강의를 수강하고 있습니다.","expression":"c_imp","category":"personality"}],"summary":{"text":"방사선 기기 및 데이터 측정에 대한 가장 부족한 부분은 이론적으로만 공부를 해왔기 때문에 현장에서 필요한 데이터 계측함 및 기계학에 대한 인터넷 강의 및 전공 강의를 수강하고 있습니다. 이 부분에 대한 가장 필요한 건 대학원 강의인데, 실제로 온라인으로 할 수가 없어 그렇게 공부하고 있습니다.","wordCount":43}}},"rawDataInfo":{"question":{"fileFormat":"wav","fileSize":458318,"duration":14320,"samplingBit":16,"channelCount":1,"samplingRate":"16kHz","audioPath":"/Mock/07.ProductionManufacturing/Male/New/ckmk_q_mm_m_n_163005.wav"},"answer":{"fileFormat":"wav","fileSize":2048078,"duration":64000,"samplingBit":16,"channelCount":1,"samplingRate":"16kHz","audioPath":"/Mock/07.ProductionManufacturing/Male/New/ckmk_a_mm_m_n_163005.wav"}}}