{"version":"1.0","dataSet":{"info":{"date":"20230116","occupation":"MM","channel":"MOCK","place":"ONLINE","gender":"MALE","ageRange":"-34","experience":"NEW"},"question":{"raw":{"text":"지원자가 생각하는 차단기에 대해서 본인이 아는 대로 그 정의를 말씀해 주세요","wordCount":11},"emotion":[],"intent":[]},"answer":{"raw":{"text":"어 차단기란 어 제가 평소에 정말 많이 공부했던 어 단어입니다. 어 차란기란 전기 회로에 과전류 즉 전격 절류 이상의 전류가 흐를 때 어 이로 인한 그런 사고를 예방하기 위해서 전류의 흐름을 끊어내는 기계입니다. 어 퓨즈와 같은 정도로 사용되거나 혹은 퓨즈는 한 번 작동되면 새로운 것으로 대체되어야 하지만 어 이런 차단기들은 계속 사용할 수 있기 때문에 그런 것들이 되게 장점으로 작용하고 때문에 많이 어 필수적으로 사용하고 있는 것이 바로 차단기라고 설명을 드리고 싶습니다. 또한 차단기에 놓은 여러 가지 종류가 있는데 유입 차단기 기준 차단기 뭐 가스 차단기 뭐 이런 것들이 있으며 어 가스 차단기 같은 경우에는 에스에프 식스 육브랑 유황 가스를 이용해서 되게 공기보다 높은 절연 내력을 가진 가스로 알고 있습니다. 어 이런 전문적인 지식들을 쌓기 위해서 정말 노력을 했고 어 뽐내게 되어서 정말 기쁜 것 같습니다.","wordCount":126},"emotion":[],"intent":[{"text":"","expression":"","category":"attitude"}],"summary":{"text":"차단기란 전기 회로에 과전류 이상의 전류가 흐를 때 이로 인한 사고를 예방하기 위해 전류의 흐름을 끊어내는 기계입니다. 유입 차단기 기준 차단기 가스 차단기 이 세 가지가 있으며 가스 차단기는 공기보다 높은 절연 내력을 가진 가스로 알고 있습니다.","wordCount":37}}},"rawDataInfo":{"question":{"fileFormat":"wav","fileSize":276558,"duration":8640,"samplingBit":16,"channelCount":1,"samplingRate":"16kHz","audioPath":"/Mock/07.ProductionManufacturing/Male/New/ckmk_q_mm_m_n_183651.wav"},"answer":{"fileFormat":"wav","fileSize":2793678,"duration":87300,"samplingBit":16,"channelCount":1,"samplingRate":"16kHz","audioPath":"/Mock/07.ProductionManufacturing/Male/New/ckmk_a_mm_m_n_183651.wav"}}}