{"version":"1.0","dataSet":{"info":{"date":"20230116","occupation":"MM","channel":"MOCK","place":"ONLINE","gender":"MALE","ageRange":"-34","experience":"NEW"},"question":{"raw":{"text":"우리 회사에 입사하게 된다면 어 가장 가고 싶은 부서가 어디인지 말씀해 주시고 또 왜 그 부서에 가고 싶은지에 대한 이유도 덧붙여서 말씀해 주세요","wordCount":23},"emotion":[],"intent":[]},"answer":{"raw":{"text":"저는 기획팀에 가야 된다고 생각을 합니다. 왜냐면은 기획이란 모든 일들을 계획하고 그 계획한 모든 목적들을 잘 성취되기 위해서 일들을 잘 배열하는 그런 일을 기획이라고 생각을 합니다. 여태까지 제가 해왔던 모든 경력들은 이 기획 일을 잘 하기 위한 그런 경력들을 저는 쌓아왔었습니다. 그렇게 기획에 관심이 많고 기획에 관련된 포트폴리오를 쌓아왔기 때문에 저는 보시는 바와 같이 기획부서에 지원을 했고 저를 꼭 기획부서에 뽑아주셨으면 좋겠습니다.","wordCount":62},"emotion":[],"intent":[{"text":"","expression":"","category":"attitude"}],"summary":{"text":"기획이란 모든 일들을 계획하고 그 계획한 목적들을 잘 성취되기 위해서 일을 잘 배열하는 것입니다. 기획에 관심이 많고 기획에 관련된 포트폴리오를 쌓아왔기 때문에 기획부에 가야합니다.","wordCount":24}}},"rawDataInfo":{"question":{"fileFormat":"wav","fileSize":504398,"duration":15760,"samplingBit":16,"channelCount":1,"samplingRate":"16kHz","audioPath":"/Mock/07.ProductionManufacturing/Male/New/ckmk_q_mm_m_n_194312.wav"},"answer":{"fileFormat":"wav","fileSize":1774478,"duration":55450,"samplingBit":16,"channelCount":1,"samplingRate":"16kHz","audioPath":"/Mock/07.ProductionManufacturing/Male/New/ckmk_a_mm_m_n_194312.wav"}}}