{"version":"1.0","dataSet":{"info":{"date":"20230116","occupation":"MM","channel":"MOCK","place":"ONLINE","gender":"MALE","ageRange":"45-54","experience":"NEW"},"question":{"raw":{"text":"지원자님께서 생각하시기에 자신의 노년은 어떤 모습이었으면 좋겠습니까 이상적인 노년에 모습을 말씀해 보십시오","wordCount":12},"emotion":[],"intent":[]},"answer":{"raw":{"text":"저희 가장 이상적인 노년의 생활은 자연과 함께 보내는 게 저의 가장 이상적인 노년이라고 생각을 하고 있고 그리고 지금 목표가 저는 이제 화장 문화보다는 전 매장 문화가 더 좋다고 생각을 하기 때문에 선산을 하나 만드는 게 제 꿈이고 목표고 그리고 선산을 하나 만들어서 거기에 저희 할머니부터 시작해서 부모님 우리 형제들까지 이렇게 매장할 수 있는 선산을 좀 만드는게 제 꿈이고 어 거기서 조그맣게 오두막 집 짓고 주말을 보내던 뭐 평일을 뭐 얼마를 보내든 간에 거기서 좀 여유롭게 시간을 보낼 수 있는 삶이 어 제 가장 이상적인 노년의 모습이라고 그렇게 생각합니다. 이상입니다.","wordCount":89},"emotion":[],"intent":[{"text":"","expression":"","category":"attitude"}],"summary":{"text":"이상적인 노년의 생활은 자연과 함께 하는 것입니다. 화장 문화보다 매장 문화가 더 좋습니다. 선산을 하나 만들고 거기에 할머니부터 우리 형제들까지 매장할 수 있는 선산을 만드는 것이 꿈입니다. 거기서 여유롭게 시간을 보낼 수 있는 삶이 가장 이상적 노년입니다.","wordCount":37}}},"rawDataInfo":{"question":{"fileFormat":"wav","fileSize":611598,"duration":19110,"samplingBit":16,"channelCount":1,"samplingRate":"16kHz","audioPath":"/Mock/07.ProductionManufacturing/Male/New/ckmk_q_mm_m_n_167435.wav"},"answer":{"fileFormat":"wav","fileSize":2015438,"duration":62980,"samplingBit":16,"channelCount":1,"samplingRate":"16kHz","audioPath":"/Mock/07.ProductionManufacturing/Male/New/ckmk_a_mm_m_n_167435.wav"}}}