{"version":"1.0","dataSet":{"info":{"date":"20230116","occupation":"MM","channel":"MOCK","place":"ONLINE","gender":"MALE","ageRange":"45-54","experience":"NEW"},"question":{"raw":{"text":"다른 지원자들과 자신이 가지고 있는 다른 경쟁력에 대해서 어필해 주셨으면 좋겠습니다 본인이 가지고 있는 그 경쟁력을 키우기 위해서 어떤 노력을 해 오셨는지에 대해서도 자세히 얘기해 주세요","wordCount":26},"emotion":[],"intent":[]},"answer":{"raw":{"text":"어 저만의 경쟁력 경쟁력이라고 하면 저는 어 경험을 말씀드리겠습니다. 물론 현재 회사에는 저보다 훨씬 경험도 많고 베테랑이신 어 엔지니어들이 훨씬 많을 거라고 생각합니다. 그건 당연하다고 생각합니다. 하지만 저는 어 신입사원 중에서 지금 처음 이 직무에 지원하는 신입사원들 중에는 그래도 어 저는 경험이 그들에 비해서는 많다고 생각합니다. 저는 이 직무에 도전하기 위해서 약 육 개월 동안 인턴 생활 인턴 어 생활을 해 봤습니다. 물론 다른 회사였지만 어 제가 지원한 이 직무였고 저는 그 육 개월 동안 인턴 사원을 하면서 이 직무가 저한테 매우 어울리고 저 스스로 도 잘 해낼 자신이 생기는 그런 시간이었습니다. 어 저는 이 업무에 관련된 자격증을 가지고 있고 어 저는 실제로 그 프로그램을 운영해 받고 그 프로그램을 그 프로그램에 의해서 이 라인이 어떻게 운영되고 있는지를 알고 있습니다. 그렇기에 저는 어 다른 직원들에 비해서는 나름 경력이 있고 경험이 있다 라고 어 말씀드리고 싶습니다.","wordCount":134},"emotion":[],"intent":[{"text":"","expression":"","category":"attitude"}],"summary":{"text":"저는 이 직무에 지원하는 신입 사원들 중에는 경험이 많다고 생각합니다. 저는 이 업무에 관련된 자격증을 가지고 있고 실제로 그 프로그램을 운영해 받고 그 프로그램에 의해서 이 라인이 어떻게 운영되고 있는지를 알고 있습니다. 그렇기에 저만의 경쟁력 경쟁력이라고 하면 저는 경험을 말씀드리겠습니다.","wordCount":40}}},"rawDataInfo":{"question":{"fileFormat":"wav","fileSize":627918,"duration":19620,"samplingBit":16,"channelCount":1,"samplingRate":"16kHz","audioPath":"/Mock/07.ProductionManufacturing/Male/New/ckmk_q_mm_m_n_179357.wav"},"answer":{"fileFormat":"wav","fileSize":2555598,"duration":79860,"samplingBit":16,"channelCount":1,"samplingRate":"16kHz","audioPath":"/Mock/07.ProductionManufacturing/Male/New/ckmk_a_mm_m_n_179357.wav"}}}