{"version":"1.0","dataSet":{"info":{"date":"20230116","occupation":"MM","channel":"MOCK","place":"ONLINE","gender":"MALE","ageRange":"45-54","experience":"NEW"},"question":{"raw":{"text":"현재 많은 대기업들이 해외로 공장을 이전하고 있습니다 지원자님은 이에 대해서 찬성하시나요 반대하시나요 입장과 이유가 정말 궁금합니다","wordCount":16},"emotion":[],"intent":[]},"answer":{"raw":{"text":"대기업들이 해외로 공장을 이전하고 있는 이유는 당연히 생산 단가를 비교를 해 볼 때 한국에서 생산하는 것보다는 해외 공장으로 옮겨서 생산하는 것이 훨씬 더 단가 경쟁력과 어 타사 대비 어 경쟁사들과에 비딩이나 경쟁에 유리하다고 생각을 해서 옮기고 옮기는 것으로 알고 있습니다. 따라서 저는 찬성합니다. 그렇다면 이렇게 국부가 해외 쪽으로 빠져나가는 것을 어떻게 하면 좀 더 막 한국 쪽에 나면 남겨서 고용 창출과 여러 가지를 할 수 있을까 라고 생각을 해 본다면 이 부분은 어느 그 업체 자체적인 힘으로 할 수 있는 데는 분명히 한계가 있다고 생각을 합니다. 따라서 이런 부분에 대해서 정부가 세금 감면이라든지 여러 가지 혜택들을 주면서 어 해외 쪽으로 나가는 부분에 대해서 좀 무거보다는 국내 쪽에서 하는 것이 더 나은 이것이 무조건 단 단가 경쟁력 뿐만이 아니라 리스크 헤지 부분이나 여러 가지 고용 창출한 부분이나 이런 것들도 종합적으로 감안을 해서 어 기업들에게 어 혜택을 줘야 된다고 생각을 합니다.","wordCount":139},"emotion":[],"intent":[{"text":"","expression":"","category":"attitude"}],"summary":{"text":"대기업들이 생산 단가를 비교했을 때 해외 공장 이전이 단가 경쟁력과 경쟁사들에 비딩이나 경쟁에 유리하다고 생각해 해외 공장으로 옮기고 있습니다. 정부가 세금 감면이나 여러 가지 혜택들을 주면서 해외 쪽으로 나가는 부분에 대해 국내 쪽에서 하는 것이 더 나은 것들을 종합적으로 감안해서 기업들에게 혜택을 줘야 한다고 생각합니다.","wordCount":45}}},"rawDataInfo":{"question":{"fileFormat":"wav","fileSize":366798,"duration":11460,"samplingBit":16,"channelCount":1,"samplingRate":"16kHz","audioPath":"/Mock/07.ProductionManufacturing/Male/New/ckmk_q_mm_m_n_163466.wav"},"answer":{"fileFormat":"wav","fileSize":2723278,"duration":85100,"samplingBit":16,"channelCount":1,"samplingRate":"16kHz","audioPath":"/Mock/07.ProductionManufacturing/Male/New/ckmk_a_mm_m_n_163466.wav"}}}