{"version":"1.0","dataSet":{"info":{"date":"20230116","occupation":"MM","channel":"MOCK","place":"ONLINE","gender":"MALE","ageRange":"-34","experience":"NEW"},"question":{"raw":{"text":"지원자님이 생각했을 때 회사가 갖추어야 할 덕목이 무엇이라고 생각하시나요 어떤 회사가 좋은 회사다 라고 생각하시는지 좀 디테일하게 설명을 부탁드리겠습니다 답변 부탁드릴게요","wordCount":21},"emotion":[],"intent":[]},"answer":{"raw":{"text":"회사의 덕목이 무엇이라고 생각하나요. 어떤 회사가 좋은 회사라고 생각하는지 궁금하다고 이렇게 질문을 해주셨는데요. 어 제가 생각하는 어 회사의 덕목은 인제 그 회사에 그 목표하는 그 사람들이 원해서 하는 것들이 있다고 생각합니다. 회사에 덕목에 어 그 회사마다 다르지만 그 회사가 원하는 덕목을 지킨 지키고 그에 맞는 사람들 인재들을 뽑아서 좋은 결과를 만드는 게 회사의 덕목이라고 생각하고요. 제가 생각하는 좋은 회사는 어 많은 사람들에게 기회를 주고 동등한 기회를 주고 어 그 회사에 맞는 인재들을 뽑아서 더 좋은 방향으로 가고 어 더 많은 것을 배울 수 있게 어 더 노력하고 좋은 사람들을 많이 뽑아 좋은 분위기와 어 뭐 원하는 바를 이룰 수 있도록 하는 것이 회사에 덕목과 회사에 조 그 회사가 좋은 회사라고 생각합니다.","wordCount":111},"emotion":[],"intent":[{"text":"","expression":"","category":"attitude"}],"summary":{"text":"좋은 회사는 많은 사람들에게 기회를 주고 동등한 기회를 주어 그 회사에 맞는 인재들을 뽑아 더 좋은 방향으로 가고 더 많은 것을 배울 수 있게 노력하고 좋은 사람들을 많이 뽑아 원하는 바를 이룰 수 있도록 하는 것이 좋은 회사라고 생각합니다.","wordCount":39}}},"rawDataInfo":{"question":{"fileFormat":"wav","fileSize":615758,"duration":19240,"samplingBit":16,"channelCount":1,"samplingRate":"16kHz","audioPath":"/Mock/07.ProductionManufacturing/Male/New/ckmk_q_mm_m_n_164891.wav"},"answer":{"fileFormat":"wav","fileSize":2515278,"duration":78600,"samplingBit":16,"channelCount":1,"samplingRate":"16kHz","audioPath":"/Mock/07.ProductionManufacturing/Male/New/ckmk_a_mm_m_n_164891.wav"}}}