{"version":"1.0","dataSet":{"info":{"date":"20230116","occupation":"MM","channel":"MOCK","place":"ONLINE","gender":"MALE","ageRange":"45-54","experience":"NEW"},"question":{"raw":{"text":"지원자님께서 직장을 선택할 경우 가장 본인이 중요하게 생각하시는 세 가지가 있다면 그것들이 각각 어떤 것인지 한 번 설명해 주세요","wordCount":19},"emotion":[],"intent":[]},"answer":{"raw":{"text":"제가 생각하는 세 가지는 어 성장 가능성 그리고 안정성 그다음 사람이라고 생각합니다. 성장 가능성이 있는 회사여야 제가 미래를 볼 수 있기 때문이고 그다음 안정성은 성 어 불안정한 상태에서의 성장 가능성만 가지고 얘기를 하게 되면은 지속적으로 다닐 수 없기 때문이고요. 사람 같은 경우에는 일단 일하는 사람들이 어 잘 맞아야지 된다 라고 생각하기 때문입니다.","wordCount":52},"emotion":[],"intent":[{"text":"","expression":"","category":"attitude"}],"summary":{"text":"성장 가능성 그다음은 안정성입니다. 불안정한 상태에서 성장 가능성만 가지고 이야기를 하게 되면 지속적으로 다닐 수 없기 때문입니다.","wordCount":17}}},"rawDataInfo":{"question":{"fileFormat":"wav","fileSize":396878,"duration":12400,"samplingBit":16,"channelCount":1,"samplingRate":"16kHz","audioPath":"/Mock/07.ProductionManufacturing/Male/New/ckmk_q_mm_m_n_174605.wav"},"answer":{"fileFormat":"wav","fileSize":1086158,"duration":33940,"samplingBit":16,"channelCount":1,"samplingRate":"16kHz","audioPath":"/Mock/07.ProductionManufacturing/Male/New/ckmk_a_mm_m_n_174605.wav"}}}