{"version":"1.0","dataSet":{"info":{"date":"20230116","occupation":"MM","channel":"MOCK","place":"ONLINE","gender":"MALE","ageRange":"45-54","experience":"NEW"},"question":{"raw":{"text":"어 지원자님께서는 요즘 공부하고 있는 것이 있는지 궁금합니다 어 그걸 왜 공부하는지 그리고 지금까지 무엇을 배웠는지 말씀해 주세요","wordCount":18},"emotion":[],"intent":[]},"answer":{"raw":{"text":"저는 요즘 영어 회화 공부를 다시 시작하고 있습니다. 막상 현장에서 일을 하게 되다 보니까 어 저는 영어가 그리 수용이 많이 없을 거라고 생각을 했는데 요즘은 말 그대로 글로벌 시대입니다. 어 하다못해 전화를 받는 경우에도 외국인한테 전화 오는 경우가 생기고 실제로 저희 공장이라든지 어 매장 회사를 방문하는 외국인도 많습니다. 그리고 생산 라인에 있는 기계들이 대부분 어 해외에서 수입해 온 기계다 보니 그것을 운영하는 방법 관리하는 방법들의 그 교본이 거의가 거의 다 영어로 되어 있습니다. 일단 제가 생산 라인에서 기계를 정비하고 기계를 사용하려고 할 때 그거에 대한 정확한 이해를 위해서라도 영어는 반드시 필요하다고 생각을 합니다. 요즘은 뭐 주문서라든지 어 오더 같은 것도 대부분 영어로 된 양식으로 어 오기 때문에 그 영어를 이해하고 그 영어를 이해하기 위해서는 꾸준한 영어 공부를 해야 된다고 생각합니다. 특히나 저와 관련된 쪽에 영어는 어 일상 회화 뿐만 아니라 비즈니스 영어라든지 용어라든지 이런 것들은 정확히 이해를 하고 있어야 아무래도 제 임무를 수행하는 데 도움이 되기 때문에 저는 영어 공부를 꾸준히 하고 있습니다.","wordCount":153},"emotion":[],"intent":[{"text":"그리고 생산 라인에 있는 기계들이 대부분 어   해외에서 수입해 온 기계다 보니 그것을 운영하는 방법 관리하는 방법들의 그 교본이 거의가 거의 다 영어로 되어 있습니다.","expression":"f_equip","category":"technology"},{"text":"특히나 저와 관련된 쪽에 영어는 어   일상 회화 뿐만 아니라 비즈니스 영어라든지 용어라든지 이런 것들은 정확히 이해를 하고 있어야 아무래도 제 임무를 수행하는 데 도움이 되기 때문에 저는 영어 공부를   꾸준히 하고 있습니다.","expression":"c_imp","category":"personality"}],"summary":{"text":"현장 근무자가 많아지면서 영어 회화 공부를 다시 하고 있습니다. 글로벌 시대라 외국인에게 전화 오는 경우가 많고 생산 라인의 기계 운영 방법 관리 방법 교본이 거의 영어입니다. 기계를 정비하고 기계를 사용하려고 할 때 정확한 이해를 위해서라도 영어는 반드시 필요하다 생각합니다. 일상 회화 뿐만 아니라 비즈니스 영어, 용어들도 정확히 이해해야 임무 수행에 도움이 되기 때문입니다.","wordCount":53}}},"rawDataInfo":{"question":{"fileFormat":"wav","fileSize":546638,"duration":17080,"samplingBit":16,"channelCount":1,"samplingRate":"16kHz","audioPath":"/Mock/07.ProductionManufacturing/Male/New/ckmk_q_mm_m_n_165948.wav"},"answer":{"fileFormat":"wav","fileSize":2700238,"duration":84380,"samplingBit":16,"channelCount":1,"samplingRate":"16kHz","audioPath":"/Mock/07.ProductionManufacturing/Male/New/ckmk_a_mm_m_n_165948.wav"}}}