{"version":"1.0","dataSet":{"info":{"date":"20230116","occupation":"MM","channel":"MOCK","place":"ONLINE","gender":"MALE","ageRange":"45-54","experience":"NEW"},"question":{"raw":{"text":"음 면접자께서 어 살면서 가장 힘들었던 점은 무엇인지 그리고 그 점을 극복하기 위해서는 어떤 노력을 해 왔는지 말씀해 주실 수 있을까요","wordCount":21},"emotion":[],"intent":[]},"answer":{"raw":{"text":"제가 살면서 가장 힘들었던 점은 저의 아이를 돌 때부터 여섯 살 때까지 근 오 년 동안 혼자 키웠던 것입니다. 물론 남자가 육아를 한다는 게 쉽지 않습니다. 혼자라고는 얘기하지만 대부분의 시간을 제가 할애했기 때문에 혼자라고 표현한 것입니다. 그때 당시에는 제가 서툴렀기 때문에 일일이 하나하나씩 배워가면서 해야 했지만 아이를 키운다는 거는 어떤 굉장한 많은 말할 수 없는 어려움이 많이 있더라구요. 그 경험을 통해서 제가 성장할 수 있었고 그리고 그 가장 어려운 군대라고 생각하지만 저는 군대에 다시 가는 것보다 다시 육아를 하고 싶지가 않습니다. 그 정도로 굉장히 힘들었고 지금은 다 키워놨기 때문에 굉장히 뿌듯하고요. 어떤 노력을 했는지에 대한 질문 질문이라면 저는 그냥 꿋꿋이 참았습니다. 그리고 미래를 생각했습니다. 이 아이에게 좋은 미래를 가져다 주기 위한 하나의 기초인 육아의 육아라고 저는 생각했습니다.","wordCount":117},"emotion":[],"intent":[{"text":"제가 살면서 가장 힘들었던 점은 저의 아이를 돌 때부터 여섯 살 때까지 근 오 년 동안 혼자 키웠던 것입니다.","expression":"c_private","category":"background"}],"summary":{"text":"저는 아이를 돌 때부터 여섯 살 때까지 근 오 년 동안 혼자 키웠습니다. 가장 어려운 군대라고 생각하지만 저는 군대에 다시 가는 것보다 다시 육아를 하고 싶지 않습니다.  꿋꿋이 참았고 미래를 생각했습니다. 아이에게 좋은 미래를 가져다 주기 위한 하나의 기초가 육아라고 생각합니다.","wordCount":41}}},"rawDataInfo":{"question":{"fileFormat":"wav","fileSize":438478,"duration":13700,"samplingBit":16,"channelCount":1,"samplingRate":"16kHz","audioPath":"/Mock/07.ProductionManufacturing/Male/New/ckmk_q_mm_m_n_176919.wav"},"answer":{"fileFormat":"wav","fileSize":2691918,"duration":84120,"samplingBit":16,"channelCount":1,"samplingRate":"16kHz","audioPath":"/Mock/07.ProductionManufacturing/Male/New/ckmk_a_mm_m_n_176919.wav"}}}