{"version":"1.0","dataSet":{"info":{"date":"20230116","occupation":"MM","channel":"MOCK","place":"ONLINE","gender":"MALE","ageRange":"45-54","experience":"NEW"},"question":{"raw":{"text":"면접자님이 생각했을 때 내 장단점은 이것이다 좀 말씀 부탁드릴게요 그리고 단점이 있는데 이거를 좀 극복하고 어떻게 하면 바꿀 수 있을지 좀 어떤 노력을 했는지 또 말씀 좀 부탁드릴게요","wordCount":28},"emotion":[],"intent":[]},"answer":{"raw":{"text":"주변에서 얘기하는 저의 장점은 이렇게 친화력이라고 얘기를 많이 해 주십니다. 특히 제가 해외에서 중국 상해에서 오 년 동안 유학 생활을 진행을 하면서 그 중국어 뿐만이 아니라 룸메이트가 일본 사람이었고 바로 옆 기숙사 옆 방 사람이 영국 사람이었어서 그 사람과 영어와 일본어를 하기 시작하면서 제가 졸업할 때 정도 되서는 오 년 정도 아 죄송합니다. 충분히 말을 자유롭게 구사할 정도의 실력을 갖게 되었습니다. 이렇게 이러한 실력을 갖게 된 부분은 제가 적극적으로 먼저 가서 대화를 유도를 하고 서로의 관심사를 찾으며 어 시간 친구처럼 지내게 되면서 어 했던 부분인데 특히 이러한 친화력을 바탕으로 해서 현재도 해외 영업이나 외국 친구들은 많이 있습니다. 단점의 경 경우에는 이러다보니 아무래도 말을 많이 하게 되고 경청을 하는 부분이 좀 부족한 것 같아서 최근에는 경청하는 부분에도 어 노력하고 있습니다.","wordCount":119},"emotion":[],"intent":[{"text":"","expression":"","category":"attitude"}],"summary":{"text":"주변에서는 친화력이 장점이라 얘기를 많이 해 주십니다. 특히 해외에서 유학 생활을 하면서 룸메이트와 영어와 일본어를 하기 시작하면서 졸업할 때 어느 정도 말을 자유롭게 구사할 정도의 실력을 갖게 되었습니다. 하지만 최근에는 경청하는 부분에도 노력을 하고 있습니다.","wordCount":35}}},"rawDataInfo":{"question":{"fileFormat":"wav","fileSize":507278,"duration":15850,"samplingBit":16,"channelCount":1,"samplingRate":"16kHz","audioPath":"/Mock/07.ProductionManufacturing/Male/New/ckmk_q_mm_m_n_163277.wav"},"answer":{"fileFormat":"wav","fileSize":2803598,"duration":87610,"samplingBit":16,"channelCount":1,"samplingRate":"16kHz","audioPath":"/Mock/07.ProductionManufacturing/Male/New/ckmk_a_mm_m_n_163277.wav"}}}