{"version":"1.0","dataSet":{"info":{"date":"20230116","occupation":"MM","channel":"MOCK","place":"ONLINE","gender":"MALE","ageRange":"45-54","experience":"NEW"},"question":{"raw":{"text":"납품 기일을 맞춰야 될 때 중요한 생산 라인에 이상이 생겨서 차질이 생 납품 기일을 맞출 수 없을 때 어떤 행동을 취할 수 있겠습니까","wordCount":23},"emotion":[],"intent":[]},"answer":{"raw":{"text":"어 생산에 차질이 생겼다 라고 하면 일단 제가 맡은 분야 제가 책임 소지가 있는 제가 담당하고 있는 그 부물에 대한 점검이 먼저 필요하다고 생각을 합니다. 어 제가 그 제가 맡은 분야에 대한 점검을 해서 제가 맡은 분야에 어떤 문제는 없는지 아니면 무엇 때문에 이런 일이 발생했는지를 확인하고 제가 만약에 맡은 그 담당 분야에서 문제가 없다 그러면 그 주 다른 담당자들과 같이 각각의 본인이 맡은 그 담당을 라인을 어 점검해 봐야 될 것 같습니다. 어 이것이 각각 자기 담임 자 본인 스스로 맡고 있는 그 담당 구역과 그 책임 소재를 계속 맞춰 나가다 보면 어 어느 라인에선가 문제가 있다는 걸 발견할 거고 어 그것을 정비하고 수리하면 된다 라고 저는 생각합니다.","wordCount":109},"emotion":[],"intent":[{"text":"","expression":"","category":"attitude"}],"summary":{"text":"생산에 차질이 생겼다면 제가 맡은 분야에 대한 점검이 먼저 필요하다 생각하며, 문제가 없다면 다른 주 다른 담당자들과 같이 각각의 본인이 맡은 담당 라인을 점검해 봐야 될 것 같습니다. 문제 발견 후 그것을 정비하고 수리하면 된다고 생각합니다.","wordCount":36}}},"rawDataInfo":{"question":{"fileFormat":"wav","fileSize":476878,"duration":14900,"samplingBit":16,"channelCount":1,"samplingRate":"16kHz","audioPath":"/Mock/07.ProductionManufacturing/Male/New/ckmk_q_mm_m_n_168470.wav"},"answer":{"fileFormat":"wav","fileSize":1921998,"duration":60060,"samplingBit":16,"channelCount":1,"samplingRate":"16kHz","audioPath":"/Mock/07.ProductionManufacturing/Male/New/ckmk_a_mm_m_n_168470.wav"}}}