{"version":"1.0","dataSet":{"info":{"date":"20230116","occupation":"MM","channel":"MOCK","place":"ONLINE","gender":"MALE","ageRange":"45-54","experience":"NEW"},"question":{"raw":{"text":"지원자님께서는 이전 직장에서 퇴사한 후에 퇴사한 것을 혹시 후회하신 적이 없으셨나요 만약 후회하신 적이 있다면 왜 후회를 했는지 같이 말씀해 주시기 바랍니다","wordCount":22},"emotion":[],"intent":[]},"answer":{"raw":{"text":"어 저는 이전 직장에서 퇴사한 것을 한 번도 후회한 적이 없습니다. 어 저는 오히려 거기서 좀 더 빨리 퇴사하지 않은 것을 후회하고 있습니다. 제가 전에 다니던 직장은 어 사장님도 좋으신 분이었고 임원님들 직장 동료까지 모두 되게 따뜻한 분이셨습니다. 제가 그 퇴사를 결정한 결정적인 이유는 그 일 대 사장님께서 건강상의 문제로 회장님으로 물러나시고 그 아드님인 이 대 사장님이 입사를 해서 입니다. 이 대 사장님이 입사를 하자 대대적인 사정 바람이 불었습니다. 본인이 어 직원들을 대거 데리고 오면서 기존에 있던 직원들을 약 거의 오십 프로 이상 내쳤습니다. 당시 저는 운 좋게 남아 있을 수 있었지만 제가 모시던 상사 저랑 같이 일했던 동료 그리고 저와 함께 고생했던 그 후배 직원들이 저랑 같은 부서에서 짤려 나가는 것을 도저히 참을 수가 없었습니다. 저는 이 부당함을 당연히 회사 측에 얘길 했고 회사 측에서는 받아들이지 않았습니다. 그래서 저 역시 어 그 동료들과 함께 퇴사를 한 것입니다. 저는 개인적으로 어 그 회사를 떠난 것을 정말 잘 했다 라고 생각합니다.","wordCount":150},"emotion":[],"intent":[{"text":"","expression":"","category":"attitude"}],"summary":{"text":"이전 직장에서 퇴사한 것을 후회하고 있습니다. 퇴사한 결정적인 이유는 일 대 사장님의 건강상의 문제로 회장님으로 물러나시고 그 아드님인 이 대 사장님이 입사를 해서 입니다. 이 대 사장이 입사하자 대대적인 사정 바람이 불었고 기존에 있던 직원들을 거의 오십 프로 이상 내쳤습니다.","wordCount":40}}},"rawDataInfo":{"question":{"fileFormat":"wav","fileSize":431438,"duration":13480,"samplingBit":16,"channelCount":1,"samplingRate":"16kHz","audioPath":"/Mock/07.ProductionManufacturing/Male/New/ckmk_q_mm_m_n_157242.wav"},"answer":{"fileFormat":"wav","fileSize":2777038,"duration":86780,"samplingBit":16,"channelCount":1,"samplingRate":"16kHz","audioPath":"/Mock/07.ProductionManufacturing/Male/New/ckmk_a_mm_m_n_157242.wav"}}}