{"version":"1.0","dataSet":{"info":{"date":"20230116","occupation":"MM","channel":"MOCK","place":"ONLINE","gender":"MALE","ageRange":"45-54","experience":"NEW"},"question":{"raw":{"text":"성공적으로 정비 관련 이슈를 해결해 본 경험이 있다면 그 사례에 대해 말씀해 주세요","wordCount":13},"emotion":[],"intent":[]},"answer":{"raw":{"text":"어 저는 예전에 인턴 생활을 약 한 팔 개월 정도 한 적이 있었는데 그때 생산 라인 중 제일 마지막 단계인 어 검수 부분에서 알파베타 프로그램을 운영해 본 적이 있습니다. 어 저는 알파베타 프로그램에 대해 대한 자격증을 현재 소지하고 있습니다. 그 당시에 저는 비록 그 인턴이었지만 자격증이 있어 가지고 거의 기사님과 함께 그 저 검수 프로그램을 운영을 했었는데 그때 제가 배운 노하우가 한 가지가 있습니다. 그 알파메타 프로그램은 그 검수 마지막 단계인 검수를 하면서 어 불량품을 찾아내는 그런 프로그램인데 거기에 이제 교본 설명서를 보면 이 기계를 작동할 때 약 한 십 분 정도 공기계를 돌리고 그 이후에 제품을 투입하라고 되어 있습니다. 그런데 실제로 그렇게 했을 경우에 보통 불량률을 찾아내는 게 한 오 프로 정도입니다. 그런데 그때 그 경험과 그 기사님의 노하우를 살려서 제가 직접 실험 해 본 결과 이십 십 분 정도 기계를 돌리고 나서 하는 거와 이십 분 정도를 돌린 다음에 어 제품을 집어넣었을 때 그 불량품 나오는 률이 거의 한 삼 프로 미만 대로 떨어지는 걸 확인했습니다. 그래서 어 저는 그 교본과 교본을 조금 무시하고 한 이십 분 정도 돌리고 나서 제품을 집어넣게 됐습니다. 그래서 그것이 배운 점입니다.","wordCount":179},"emotion":[{"text":"어 저는 알파베타 프로그램에 대해   대한 자격증을 현재 소지하고 있습니다.","expression":"u-fact","category":"neutral"}],"intent":[{"text":"어 저는 예전에 인턴 생활을 약 한 팔 개월 정도 한 적이 있었는데 그때 생산 라인 중 제일 마지막 단계인 어 검수 부분에서 알파베타 프로그램을 운영해 본 적이 있습니다.","expression":"f_equip","category":"technology"},{"text":"그런데 그때 그 경험과 그 기사님의 노하우를 살려서 제가 직접 실험 해 본 결과 이십   십 분 정도 기계를 돌리고 나서 하는 거와 이십 분 정도를 돌린 다음에 어 제품을 집어넣었을 때 그 불량품 나오는 률이 거의 한 삼 프로 미만 대로 떨어지는 걸 확인했습니다.","expression":"f_equip","category":"technology"}],"summary":{"text":"생산 라인 중 검수 부분에서 알파베타 프로그램을 운영해 본 적이 있는데 검수를 하면서 불량품을 찾아내는 프로그램인데 교본과 교본을 조금 무시하고 한 이십 분 정도 돌리고 나서 제품을 집어넣게 됐습니다. 이것이 배운 점입니다.","wordCount":32}}},"rawDataInfo":{"question":{"fileFormat":"wav","fileSize":334158,"duration":10440,"samplingBit":16,"channelCount":1,"samplingRate":"16kHz","audioPath":"/Mock/07.ProductionManufacturing/Male/New/ckmk_q_mm_m_n_160088.wav"},"answer":{"fileFormat":"wav","fileSize":2870478,"duration":89700,"samplingBit":16,"channelCount":1,"samplingRate":"16kHz","audioPath":"/Mock/07.ProductionManufacturing/Male/New/ckmk_a_mm_m_n_160088.wav"}}}