{"version":"1.0","dataSet":{"info":{"date":"20230116","occupation":"MM","channel":"MOCK","place":"ONLINE","gender":"MALE","ageRange":"45-54","experience":"NEW"},"question":{"raw":{"text":"씨에스 엔지니어와 설비 엔지니어와의 차이는 무엇이라고 생각하십니까","wordCount":7},"emotion":[],"intent":[]},"answer":{"raw":{"text":"씨에스 엔지니어는 에이에스엠에 본사 장비를 어 한국에 설치하고 사용할 때 발생하는 어 하드웨어와 소프트웨어 어 소프트웨어의 문제를 해결하는 일이 씨에스 엔지니어의 주 업무입니다. 어 설비 엔지니어의 설비 엔지니어는 기계 설비를 잘 다루며 익숙한 익숙한 환경 어 그러니까 설비의 유지 보수 및 관리를 통해 설비를 개선했을 때 기계 설비에 문제가 있을 때 개선 효과와 절감 효과가 있는지를 평가하는 것이 설비 엔지니어의 주된 업무입니다.","wordCount":62},"emotion":[],"intent":[{"text":"어 설비 엔지니어의   설비 엔지니어는 기계 설비를 잘 다루며 익숙한 익숙한 환경   어 그러니까 설비의 유지 보수 및 관리를 통해 설비를 개선했을 때 기계 설비에 문제가 있을 때 개선 효과와 절감 효과가 있는지를 평가하는 것이 설비 엔지니어의 주된 업무입니다.","expression":"f_equip","category":"technology"}],"summary":{"text":"씨에스 엔지니어는 본사 장비를 한국에 설치할 때 발생하는 소프트웨어 문제를 해결하는 것이 주 업무입니다. 설비 엔지니어는 설비 개선 시 기계 설비 문제 시 개선 효과와 절감 효과를 평가합니다.","wordCount":28}}},"rawDataInfo":{"question":{"fileFormat":"wav","fileSize":281678,"duration":8800,"samplingBit":16,"channelCount":1,"samplingRate":"16kHz","audioPath":"/Mock/07.ProductionManufacturing/Male/New/ckmk_q_mm_m_n_171787.wav"},"answer":{"fileFormat":"wav","fileSize":1551438,"duration":48480,"samplingBit":16,"channelCount":1,"samplingRate":"16kHz","audioPath":"/Mock/07.ProductionManufacturing/Male/New/ckmk_a_mm_m_n_171787.wav"}}}