{"version":"1.0","dataSet":{"info":{"date":"20230116","occupation":"MM","channel":"MOCK","place":"ONLINE","gender":"MALE","ageRange":"45-54","experience":"NEW"},"question":{"raw":{"text":"설계 프로그램에는 여러 가지가 있는데 지원자님께서 다룰 수 있는 설계 프로그램에 대해서 한번 간단하게 말씀해 주십시오","wordCount":16},"emotion":[],"intent":[]},"answer":{"raw":{"text":"다룰 수 있는 설계 프로그램을 물어보셨는데 기본적으로 설계할 때는 캐드 프로그램들을 사용할 수가 있고요. 서 설계 프로그램들 중엔 여러 가지 종류들이 있는데 쓰리디 뭐 투디 프로그램은 설계를 위한 기능적인 요소를 이제 지원해 주는 것으로 우리가 일반적으로 알고 있는 이제 프로그램들 이외에도 많은 종류의 프로그램이 있는 것으로 알고 있습니다. 오픈 소스 기반의 무료 버전 및 뭐 상업용으로 사용하기 위해서 별도의 금액을 지불하는 사용 버전으로 나눌 수가 있는데요. 뭐 한 사십 여 개 정도의 설계 프로그램들이 여러 가지가 있는데 대표적으로 기본적으로 아 알리브레 혹은 어 오토캐드 여러가지들이 있는데 저의 경우는 오토캐드 쪽 관련된 부분들을 다룰 수 있습니다. 특히 오토캐드 쪽 관련된 부분은 투 디 쓰리 디 기계 설비나 데모 버전 여러 가지 가볍고 빠르고 어 용걸 장점을 하고 있는 디자인 전용 프로그램으로 알고 있습니다 기본적으로는 다른 종류의 뭐 캐도 캐드 같은 경우는 많이는 달아보지 않았고요 기본적으로 방과 후 언급 자던 오토 캐르 쪽 부분이 제가 자 다를 수 있는 부분이라고 입니다 부분입니다","wordCount":150},"emotion":[],"intent":[{"text":"기본적으로는   다른 종류의 뭐 캐도 캐드 같은 경우는 많이는 달아보지 않았고요 기본적으로 방과 후 언급 자던 오토 캐르 쪽 부분이 제가   자 다를 수 있는 부분이라고 입니다 부분입니다","expression":"f_equip","category":"technology"}],"summary":{"text":"설계 프로그램 중 쓰리디, 투디 프로그램은 설계를 위한 기능적 요소를 지원해 주는 것으로 보통 알고 있는 프로그램들 이외에도 많은 종류의 프로그램이 있습니다. 오픈 소스 기반의 무료 버전 및 상업용으로 사용하기 위해서 별도의 금액을 지불하는 사용 버전으로 나눌 수가 있는데, 저는 오토캐드 쪽 관련된 부분들을 다룰 수 있습니다.","wordCount":47}}},"rawDataInfo":{"question":{"fileFormat":"wav","fileSize":339278,"duration":10600,"samplingBit":16,"channelCount":1,"samplingRate":"16kHz","audioPath":"/Mock/07.ProductionManufacturing/Male/New/ckmk_q_mm_m_n_157232.wav"},"answer":{"fileFormat":"wav","fileSize":2667918,"duration":83370,"samplingBit":16,"channelCount":1,"samplingRate":"16kHz","audioPath":"/Mock/07.ProductionManufacturing/Male/New/ckmk_a_mm_m_n_157232.wav"}}}