{"version":"1.0","dataSet":{"info":{"date":"20230116","occupation":"MM","channel":"MOCK","place":"ONLINE","gender":"MALE","ageRange":"45-54","experience":"NEW"},"question":{"raw":{"text":"지원자님께서는 개인적으로 공부를 어떻게 하시는지 말씀해 주시고 강의나 책을 활용한 공부를 말씀해 주셔도 좋습니다","wordCount":14},"emotion":[],"intent":[]},"answer":{"raw":{"text":"어 제가 개인적으로 어떤 분야에 대해서 알고 싶거나 공부를 하고 싶을 때 저는 거기에 관련된 전문 서적을 구입해 가지고 일단 그것으로 공부를 시작합니다. 그 제가 전문 서적이라고 말씀드렸는데 이 전문 서적이라는 게 그 무슨 전문가가 보는 서적을 말씀드리는 게 아니라 그 전문가가 펴낸 그 입문서 같은 걸 본단 말씀 말입니다. 어 저는 일단 어 무언가를 공부할려고 그러면 뭔 그게 무언가가 내 앞에 펼쳐져 있어야 되고 연필을 손에 쥐고 이렇게 줄을 치면서 공부를 해야 됩니다. 이게 그냥 버릇입니다. 그러다 보니 책이 없으면 그냥 뭐 눈으로 뭐 이렇게 자료를 보면서는 이게 공부가 안 됩니다. 그래서 저는 일단 관련 서적을 구입해서 어 그 책으로 보면서 공부를 합니다. 그 다음에는 뭐 동영상이나 강의 같은 걸 찾아봅니다. 뭐 이게 제가 공부하는 종류에 따라 틀리겠지만 어떤 거는 오히려 강의나 동영상 같은 게 너무나 자세히 뭐 책에서 뭐 백 페이지에 달한 거를 그냥 영상 십 분 짜리 하나로 다 요약해 놓는 것도 있을 정도로 요즘 이런 동영상 같은 게 너무 잘 돼 있습니다. 그다음에는 제가 좀 더 적극적으로 뭐 고거와 관련된 동호회 같은 게 있다 그러면 거기에도 살짝 가입을 해 가지고 이렇게 사람과 만나면서 제가 모르는 거를 묻고 익히고 이러면서 저는 배우는 것을 즐깁니다.","wordCount":187},"emotion":[],"intent":[{"text":"","expression":"","category":"attitude"}],"summary":{"text":"전문 서적을 구입해서 공부하거나 동영상이나 강의 같은 걸 찾아 봅니다. 그 다음에는 동호회에 가입해 사람과 만나면서 모르는 것을 묻고 익히면서 배우는 것을 즐깁니다.","wordCount":23}}},"rawDataInfo":{"question":{"fileFormat":"wav","fileSize":427598,"duration":13360,"samplingBit":16,"channelCount":1,"samplingRate":"16kHz","audioPath":"/Mock/07.ProductionManufacturing/Male/New/ckmk_q_mm_m_n_157464.wav"},"answer":{"fileFormat":"wav","fileSize":2721358,"duration":85040,"samplingBit":16,"channelCount":1,"samplingRate":"16kHz","audioPath":"/Mock/07.ProductionManufacturing/Male/New/ckmk_a_mm_m_n_157464.wav"}}}