{"version":"1.0","dataSet":{"info":{"date":"20230116","occupation":"MM","channel":"MOCK","place":"ONLINE","gender":"MALE","ageRange":"35-44","experience":"NEW"},"question":{"raw":{"text":"지원자님께서는 본인 스스로 숫자와 창의 중에서 어떤 것에 더 가깝다고 생각하시는지요 어 그리고 왜 그렇게 생각하는지 그 이유도 함께 말씀해 주시기 바랍니다","wordCount":22},"emotion":[],"intent":[]},"answer":{"raw":{"text":"저는 숫자와 창의 중에서 단연코 창의라고 생각합니다. 저는 어린 시절부터 많은 업무를 해왔고 많은 아르바이트 및 어떤 프로젝트를 맡았을 때 항상 리더의 자리에서 창의적인 발상을 했던 것 같습니다. 제가 가장 좋아하는 것은 브레인스토밍인데요. 브레인스토밍을 하다 보면 그들의 의견에 따라서 저도 모르게 거기서 더 독창적이고 좋은 솔루션을 찾는 경우가 생각보다 많습니다. 그렇게 해서 프로젝트를 하면 항상 모든 것을 성공시켰고 문제가 생겼을 때 최선책은 아니지만 차선책을 마련하여 거기를 마 돌파할 수 있는 돌파구를 마련했던 것 같습니다.","wordCount":74},"emotion":[],"intent":[{"text":"","expression":"","category":"attitude"}],"summary":{"text":"숫자와 창의 중에서 가장 좋아하는 것은 브레인스토밍입니다. 그들의 의견에 따라서 더 독창적이고 좋은 솔루션을 찾는 경우가 많아서 프로젝트를 하면 항상 모든 것을 성공시켰습니다.","wordCount":23}}},"rawDataInfo":{"question":{"fileFormat":"wav","fileSize":488078,"duration":15250,"samplingBit":16,"channelCount":1,"samplingRate":"16kHz","audioPath":"/Mock/07.ProductionManufacturing/Male/New/ckmk_q_mm_m_n_185523.wav"},"answer":{"fileFormat":"wav","fileSize":1365198,"duration":42660,"samplingBit":16,"channelCount":1,"samplingRate":"16kHz","audioPath":"/Mock/07.ProductionManufacturing/Male/New/ckmk_a_mm_m_n_185523.wav"}}}