{"version":"1.0","dataSet":{"info":{"date":"20230116","occupation":"MM","channel":"MOCK","place":"ONLINE","gender":"MALE","ageRange":"-34","experience":"NEW"},"question":{"raw":{"text":"지원자님께서는 왜 이 분야에 관심을 가지게 되었고 또 지원하게 되었는지 궁금합니다 관심을 가지게 된 이유와 지원 동기에 대해서 말씀해 보세요","wordCount":20},"emotion":[],"intent":[]},"answer":{"raw":{"text":"기술이 전부라는 얘기는 옛날부터 있잖아요. 그런데 그럼에도 불구하고 사실 뭐 학생 때 어릴 때 십 대 때 이 기술로 장래 희망이 되겠다고 하는 아이가 많지 않을 뿐더러 어른들도 먼저 어 주변에 누가 보여주는 분이 계시지 않는 이상 아예 아무런 어떤 접근성이 없는 상태에서라면 추천을 받거나 추천을 해주시는 분은 한 번도 못 봤어요. 그런데 제가 직장 생활이 힘들기도 했고 개인적으로 비전이 있을 게 뭐가 있을까 보다가 이런 여러 가지 환경이 흔들리지 않으려면 내가 기술을 가져야지 뭐라도 할 수가 있는데 그러면서 본 게 용접이었고요. 근데 생각보다 더 잘 맞았고 더 재미있었어요. 그래서 이쪽으로 해봐야겠다 라고 조금 결심이 섰던 거 같아요.","wordCount":98},"emotion":[],"intent":[{"text":"","expression":"","category":"attitude"}],"summary":{"text":"어릴 적부터 기술이 전부였다는 말은 있잖아요. 그런데 학생 때 십 대 때 이 기술로 장래 희망이 되겠다고 하는 아이가 많지 않고 접근성이 없는 상태에선 추천은 한 번도 못 봤습니다. 그러다 용접을 했고 재미있어서 이쪽으로 해보야겠다고 결심했습니다.","wordCount":36}}},"rawDataInfo":{"question":{"fileFormat":"wav","fileSize":428878,"duration":13400,"samplingBit":16,"channelCount":1,"samplingRate":"16kHz","audioPath":"/Mock/07.ProductionManufacturing/Male/New/ckmk_q_mm_m_n_179485.wav"},"answer":{"fileFormat":"wav","fileSize":2651598,"duration":82860,"samplingBit":16,"channelCount":1,"samplingRate":"16kHz","audioPath":"/Mock/07.ProductionManufacturing/Male/New/ckmk_a_mm_m_n_179485.wav"}}}