{"version":"1.0","dataSet":{"info":{"date":"20230116","occupation":"MM","channel":"MOCK","place":"ONLINE","gender":"MALE","ageRange":"45-54","experience":"NEW"},"question":{"raw":{"text":"지원자님께서는 팀으로 같이 협력해서 일을 하는 것과 혼자 스스로 일하는 것 중 어떤 업무 방식을 더 선호하시는 편인가요 그 이유와 함께 말씀 부탁드립니다","wordCount":23},"emotion":[],"intent":[]},"answer":{"raw":{"text":"어 저는 제 성향상 그 팀으로 한 거 하는 것보다는 혼자 일을 할 때 좀 더 좋은 결과를 내놨던 것 같습니다. 팀으로 일할 때는 어 솔직히 말해서 자유로울 수가 없습니다. 팀이라는 것이 어떤 목적을 향해서 같이 조직적으로 움직여야 되기 때문에 각각의 역할과 해야 될 일이 주어지게 됩니다. 내가 이 일을 언제까지 끝내서 넘겨야지 다른 사람이 다른 팀원이 그 일을 맡아서 수행을 할 수 있다 보니 항상 좀 시간에 쫓기게 되고 시간에 쫓기다 보면은 아무래도 좀 사고를 하는 데 있어서 자유롭지가 못합니다. 저는 이 프로젝트나 이런 것만큼 정말 창의적 창의적이어야 된다고 생각을 합니다. 그런데 시간에 쫓기고 조직에 쫓기게 되면 어 정말 이거는 사무적일 수 밖에 없고 창의적일 수가 없습니다. 하지만 개인 혼자서 일을 하게 되면 시간을 일단 제 마음대로 쓸 수가 있습니다. 어 정말 머리가 뭐 머리를 쥐어 짜도 아이디어가 안 나올 때 있습니다. 아무리 정말 노력을 해도 멍할 때가 있습니다. 이럴 땐 저는 차라리 쉬는 게 맞다 라고 생각을 합니다. 반면 정말 아이디어가 팡팡 나오고 어 뭐 그럴 때는 밤을 새서라도 일을 하는 게 맞다 라고 생각을 합니다. 그러기 때문에 혼자서 할 때는 그런 시간적 조절이라든지 이런 것을 제가 자유롭게 쓸 수 있기 때문에 저는 혼자 하는 일을 더 선호합니다.","wordCount":190},"emotion":[],"intent":[{"text":"","expression":"","category":"attitude"}],"summary":{"text":"팀이라는 것은 어떤 목적을 향해 같이 조직적으로 움직여야 되기 때문에 각자의 역할과 해야 될 일이 주어지게 됩니다. 저는 프로젝트나 이런 것만큼 정말 창의적, 사무적이어야 한다고 생각합니다. 하지만 개인 혼자서 일을 하게 되면 시간을 마음대로 쓸 수 있기 때문에 저는 혼자 하는 일을 더 선호합니다.","wordCount":44}}},"rawDataInfo":{"question":{"fileFormat":"wav","fileSize":592718,"duration":18520,"samplingBit":16,"channelCount":1,"samplingRate":"16kHz","audioPath":"/Mock/07.ProductionManufacturing/Male/New/ckmk_q_mm_m_n_157079.wav"},"answer":{"fileFormat":"wav","fileSize":2790478,"duration":87200,"samplingBit":16,"channelCount":1,"samplingRate":"16kHz","audioPath":"/Mock/07.ProductionManufacturing/Male/New/ckmk_a_mm_m_n_157079.wav"}}}