{"version":"1.0","dataSet":{"info":{"date":"20230116","occupation":"MM","channel":"MOCK","place":"ONLINE","gender":"MALE","ageRange":"45-54","experience":"NEW"},"question":{"raw":{"text":"혹시 시간이 촉박한 상황이 생기게 되면 어떻게 시간 관리를 하는 편인가요 본인만의 시간 관리 방법에 대해 말씀해 주세요","wordCount":18},"emotion":[],"intent":[]},"answer":{"raw":{"text":"시간은 누구에게나 공평하게 주어집니다. 그렇기에 오히려 시간 관리를 어떻게 하느냐 시간관리에 시간관리는 매우 중요한 기술이라고 생각을 합니다. 시간이 촉박한 상황이 생기면 저는 우선적으로 시간을 효율적으로 사용하기 위해서 올바른 작업 환경을 만들겠습니다. 일단 그 일을 하는 데 있어서 방해가 되는 요소들을 제거를 하겠습니다. 뭐 핸드폰이라든지 뭐 카톡 어 이런 것들을 일단 좀 꺼놓고 멀리 함으로써 오로지 일에 집중할 수 있는 환경을 만드는 것이 첫 번째 단계라고 생각합니다. 두 번째에는 일의 중요도에 따라서 순번을 정하는 겁니다. 어 일을 할 때는 당연히 좀 더 중요한 일이 있고 아니면 먼 시간 내에 먼저 해야 될 일이 있고 좀 나중에 천천히 해야 될 일이 있습니다. 어 시간이 촉박한 상황이기 때문에 우선적으로 어떤 일을 처리해야 되는지 우선적으로 중요한 일을 순서를 배열를 해 가지고 그 순서대로 진행하는 게 맞다고 생각을 합니다. 그 다음부터는 당연히 이제 중요한 일 순서로 하나씩 처리를 하는 겁니다. 어 일부 업무는 어 곁에 두는 게 좋습니다. 사람인 이상 일을 이십 사 시간 계속 할 수 없기 때문에 뭐 잠깐 커피를 마신다라든지 잠깐 쉴 때 단순히 뭐 눈 보고서 같이 눈으로 볼 수 있고 이런 일들은 옆에다 둬 가지고 잠깐 쉬는 시간에 짬짬이 들여볼 수 있는 것이 좋다고 생각합니다.","wordCount":185},"emotion":[],"intent":[{"text":"","expression":"","category":"attitude"}],"summary":{"text":"시간관리는 매우 중요한 기술이라고 생각합니다. 시간이 촉박한 상황이 생기면 저는 올바른 작업 환경을 만들겠습니다. 그 일에 방해가 되는 요소들을 제거한 후 일에 집중할 수 있는 환경을 만드는 것이 첫 번째 단계라고 생각합니다. 두 번째에는 일의 중요도에 따라 순서를 정하는 것입니다. 일부 업무는 곁에 두는 게 좋습니다.","wordCount":46}}},"rawDataInfo":{"question":{"fileFormat":"wav","fileSize":394318,"duration":12320,"samplingBit":16,"channelCount":1,"samplingRate":"16kHz","audioPath":"/Mock/07.ProductionManufacturing/Male/New/ckmk_q_mm_m_n_171879.wav"},"answer":{"fileFormat":"wav","fileSize":2858958,"duration":89340,"samplingBit":16,"channelCount":1,"samplingRate":"16kHz","audioPath":"/Mock/07.ProductionManufacturing/Male/New/ckmk_a_mm_m_n_171879.wav"}}}