{"version":"1.0","dataSet":{"info":{"date":"20230116","occupation":"MM","channel":"MOCK","place":"ONLINE","gender":"MALE","ageRange":"-34","experience":"NEW"},"question":{"raw":{"text":"아 만약에 일을 하시던 중에 직무가 본인의 적성에 맞지 않는다는 사실을 알게 되신다면요 어떻게 하시겠는지요 그 상황을 가정하고 말씀해 주시기 바랍니다","wordCount":21},"emotion":[],"intent":[]},"answer":{"raw":{"text":"어 직무와 적성과는 별 관계가 없다 라고 생각합니다. 적성을 찾아서 갈 거였으면 회사에 입사하는 것이 아닌 자신이 좋아하는 일 적성에 맞는 일을 하면 될 것입니다. 하지만 현실적인 문제로 회사에 입사해서 어 월급을 받고 돈을 벌어야 하기 때문에 적성에 맞지 않는다고 해서 업무나 직무를 업무나 직무에 불만을 가질 이유는 없다 라고 생각합니다. 어 적성이 맞지 않더라도 월급을 생각하면서 또 나가야 될 돈들을 생각하면서 꾹 참고 일하는 것이 음 성인으로써의 자세라고 생각합니다. 어 조금 직무가 적성에 맞지 않는다고 해서 불만을 갖거나 어 툴툴거리거나 좀 그런 부분은 저는 굉장히 유아적인 행동이고 사고라고 생각하기 때문에 어 저는 그냥 꿋꿋이 묵묵히 최선을 다해서 제가 할 수 있는 한 최대한 업무를 잘 해보려고 마무리 지으려고 노력할 것 같습니다.","wordCount":112},"emotion":[],"intent":[{"text":"어 조금 직무가 적성에 맞지 않는다고 해서   불만을 갖거나 어 툴툴거리거나   좀 그런 부분은 저는 굉장히 유아적인 행동이고 사고라고 생각하기 때문에   어 저는 그냥 꿋꿋이 묵묵히 최선을 다해서 제가 할 수 있는 한 최대한 업무를 잘 해보려고 마무리 지으려고 노력할 것 같습니다.","expression":"c_adp","category":"personality"}],"summary":{"text":"적성과 업무나 직무는 별 상관이 없습니다. 하지만 현실적인 문제로 입사해서 월급을 받고 돈을 벌어야 하기 때문에 적성에 맞지 않는다고 해서 업무와 직무에 불만을 가질 이유는 없다고 생각합니다. 그래서 저는 꿋꿋이 최선을 다해서 업무를 잘 하려고 노력할 것 같습니다.","wordCount":38}}},"rawDataInfo":{"question":{"fileFormat":"wav","fileSize":494798,"duration":15460,"samplingBit":16,"channelCount":1,"samplingRate":"16kHz","audioPath":"/Mock/07.ProductionManufacturing/Male/New/ckmk_q_mm_m_n_173687.wav"},"answer":{"fileFormat":"wav","fileSize":2663118,"duration":83220,"samplingBit":16,"channelCount":1,"samplingRate":"16kHz","audioPath":"/Mock/07.ProductionManufacturing/Male/New/ckmk_a_mm_m_n_173687.wav"}}}