{"version":"1.0","dataSet":{"info":{"date":"20230116","occupation":"MM","channel":"MOCK","place":"ONLINE","gender":"MALE","ageRange":"45-54","experience":"NEW"},"question":{"raw":{"text":"본인 스스로 인생을 살아오면서 겪었던 갈등들 중 가장 심각했던 갈등은 무엇인지요 그중 한 가지만 골라서 저에게 말씀해 주시길 바랍니다","wordCount":19},"emotion":[],"intent":[]},"answer":{"raw":{"text":"어 제 인생 전체에서 라고 말씀드리기는 좀 뭐하고 그냥 최근에 겪었던 것 중에 제가 갈등 상황이었던 것 하나 말씀드리겠습니다. 그것은 바로 제가 전 직장을 퇴사한 일이었습니다. 어 저는 전 직장을 약 한 오 년 정도 다녔고 어 저희 회사는 한 직원이 팔십 명 정도 되는 중견기업이었습니다. 어 일 대 사장님은 제가 매우 존경하고 좋은 분이셨습니다. 하지만 일 대 사장님께서 건강상의 이유로 물러나시고 그 아드님이 이 대 사장님이 취임을 했습니다. 어 그런데 이 대 사장님이 회사에 오셔서 가장 첫번째 한 일이 인원 감축이었습니다. 저희 직원은 약 팔십 명 정도 됐었는데 그중에서 약 한 사십 명 정도를 어 해고 처리 했습니다. 어 저희는 저는 당연히 부당하다고 생각했고 회사에 건의도 하고 여러 가지로 어 회사에다가 말씀을 드렸지만 회사에선 받아들이지 않았습니다. 단순히 회사 경영이 어려워서 그랬다 뭐 직원을 잘랐다고 하면 이해를 하겠지만 꼭 그것도 아니었습니다. 그때 당시 저는 어 저 제가 모시고 있던 부장님 그리고 제 동료 친구까지 회사를 나가게 됐고 저는 다행히 회사에 붙어있을 수 있었지만 저는 고민했습니다. 하지만 저는 최종적으로 그 회사를 나오기로 결심을 한 갈등상황이었습니다.","wordCount":164},"emotion":[{"text":"어 일 대   사장님은 제가 매우 존경하고 좋은 분이셨습니다.","expression":"p-affection","category":"positive"}],"intent":[{"text":"어 저는 전 직장을 약 한 오 년 정도 다녔고 어   저희 회사는 한 직원이 팔십 명 정도 되는 중견기업이었습니다.","expression":"c_private","category":"background"}],"summary":{"text":"저는 직장을 퇴사한 적이 있습니다. 일 대 사장님이 건강상의 이유로 돌아가시고 그 아드님이 이 대 사장님으로 취임을 하셨는데, 첫 번째 한 일이 인원 감축이었습니다. 직원은 약 80명 정도 되었는데 그 중 약 한 40명을 해고 처리 했습니다. 당연히 부당하다고 생각했고 회사에 건의도 하고 여러 가지로 말씀을 드렸지만 회사에선 받아들이지 않았습니다.","wordCount":50}}},"rawDataInfo":{"question":{"fileFormat":"wav","fileSize":517198,"duration":16160,"samplingBit":16,"channelCount":1,"samplingRate":"16kHz","audioPath":"/Mock/07.ProductionManufacturing/Male/New/ckmk_q_mm_m_n_171881.wav"},"answer":{"fileFormat":"wav","fileSize":2873358,"duration":89790,"samplingBit":16,"channelCount":1,"samplingRate":"16kHz","audioPath":"/Mock/07.ProductionManufacturing/Male/New/ckmk_a_mm_m_n_171881.wav"}}}