{"version":"1.0","dataSet":{"info":{"date":"20230116","occupation":"MM","channel":"MOCK","place":"ONLINE","gender":"MALE","ageRange":"45-54","experience":"NEW"},"question":{"raw":{"text":"지원자님께서 앞으로 전문적으로 다뤄보고 싶은 시설 혹은 장비가 있다면 말씀해 주시겠습니까","wordCount":11},"emotion":[],"intent":[]},"answer":{"raw":{"text":"네 저는 만약에 저하고 제가 회사에 들어가서 어 제가 근무하고 싶은 근무지를 선택할 수 있다면 저는 생산 라인의 마지막 단계인 검수 어 부분에서 일을 하고 싶습니다. 제가 그 부분에서 일을 하고 싶은 이유는 검수를 하기 위한 알파베타 프로그램을 제가 운영할 줄 알기 때문입니다. 저는 알파베타 프로그램 운영에 대한 자격증을 소지하고 있습니다. 어 자격증을 딴 지 한 일 년 가까이 됐고 저는 그 자격증을 살려서 어 약 육 개월 동안 다른 회사였지만 그곳에서 인턴 사원을 경험해 봤습니다. 그때 역시 제가 알파베타 프로그램을 이용할 수 있다라는 걸 밝혔고 저는 그 라인에서 그 부서에서 어 근무를 할 수가 있었습니다. 저는 육 개월 동안 어 인턴 생활을 하면서 알파베타 프로그램을 직접 운영해 보고 어 그거에 대한 어 보수 그리고 그거에 대한 정비까지를 다 경험해 본 바가 있습니다. 저는 이 제가 잘 할 수 있고 잘하는 이 분야를 에 점진적으로 더 배우고 익혀서 어 이 프로그램에 대해서 이 운영 라인에 대해서 만큼은 정말 전문가 소리를 듣고 싶은 욕심이 있습니다.","wordCount":154},"emotion":[],"intent":[{"text":"저는 알파베타 프로그램 운영에 대한 자격증을 소지하고 있습니다.","expression":"f_equip","category":"technology"},{"text":"어 자격증을 딴 지   한 일 년 가까이 됐고 저는 그 자격증을 살려서 어 약 육 개월 동안 다른   회사였지만 그곳에서 인턴 사원을 경험해 봤습니다.","expression":"f_equip","category":"technology"},{"text":"저는 육 개월 동안 어 인턴 생활을 하면서 알파베타 프로그램을   직접 운영해 보고 어 그거에 대한 어 보수 그리고 그거에 대한   정비까지를 다 경험해 본 바가 있습니다.","expression":"f_equip","category":"technology"}],"summary":{"text":"저는 생산 라인의 마지막 단계인 검수 부분에서 일하고 싶습니다. 그 이유는 알파베타 프로그램을 제가 운영할 줄 알기 때문입니다. 자격증을 따고 한 달 동안 다른 회사에서 인턴 사원을 경험해 봤습니다. 그때 역시 제가 프로그램을 이용할 수 있다는 걸 밝혔고 그 라인에서 근무를 할 수가 있었습니다. 이제 이 프로그램에 대해서 전문가 소리를 듣고 싶은 욕심이 있습니다.","wordCount":54}}},"rawDataInfo":{"question":{"fileFormat":"wav","fileSize":313326,"duration":9789,"samplingBit":16,"channelCount":1,"samplingRate":"16kHz","audioPath":"/Mock/07.ProductionManufacturing/Male/New/ckmk_q_mm_m_n_171790.wav"},"answer":{"fileFormat":"wav","fileSize":2672718,"duration":83520,"samplingBit":16,"channelCount":1,"samplingRate":"16kHz","audioPath":"/Mock/07.ProductionManufacturing/Male/New/ckmk_a_mm_m_n_171790.wav"}}}