{"version":"1.0","dataSet":{"info":{"date":"20230116","occupation":"MM","channel":"MOCK","place":"ONLINE","gender":"MALE","ageRange":"45-54","experience":"NEW"},"question":{"raw":{"text":"만약 지원자님께서 지금 지원하신 직무 말고 다른 부서로 배치가 된다면 어 어떻게 하실 건가요 괜찮으시겠습니까","wordCount":15},"emotion":[],"intent":[]},"answer":{"raw":{"text":"어 이런 일이 생긴다면 어 저로써는 매우 좀 실망스러울 것 같습니다. 저는 제가 지원한 이 직무에 도전하기 위해서 꽤 오랫동안 준비를 해왔습니다. 자격증을 따기 위해서 학원을 다니고 어 필기시험이 붙은 다음에는 어 실습까지 맞추는 등 저는 최근 지난달에 이 최종적으로 자격증을 취득한 바가 있습니다. 저는 또한 이 자격증을 가지고 경험을 쌓고자 어 다른 회사지만 그곳에서 인턴 생활을 약 육 개월 정도 했습니다. 사실은 지금도 그 인턴생활을 하고 있고 지금이 육 개월째입니다. 저는 마침 제가 원하던 이 회사에서 고 신입사원을 뽑는 공고가 낫기에 어 지원한 것입니다. 어 그런데 만약에 제가 지원한 이 직종이 아닌 다른 부서에서 배치가 된다고 그러면 저로서는 좀 많이 당황스러울 것 같습니다. 저는 인턴 생활을 하면서 아 이 분야가 제가 정말 한 번 제 젊음을 맞춰서 도전해 볼 분야라는 확신을 가졌습니다. 어 일을 하면서 점점 더 흥미가 생겼고 어 약간 일을 더 열심히 해보고 싶은 그런 욕심도 생겼습니다. 어 안타깝지만 만약에 제가 지원한 부서가 아닌 다른 부서에 배치가 된다면 저는 입사를 포기할 것 같습니다.","wordCount":156},"emotion":[{"text":"어 이런 일이 생긴다면 어 저로써는 매우 좀 실망스러울 것 같습니다.","expression":"n-sadness","category":"positive"},{"text":"자격증을 따기 위해서 학원을 다니고 어 필기시험이 붙은 다음에는 어 실습까지 맞추는 등 저는 최근 지난달에 이 최종적으로 자격증을 취득한 바가 있습니다.","expression":"u-fact","category":"neutral"},{"text":"어 일을 하면서 점점 더 흥미가 생겼고 어 약간 일을 더 열심히 해보고 싶은 그런 욕심도 생겼습니다.","expression":"p-interest","category":"positive"}],"intent":[{"text":"사실은 지금도 그 인턴생활을 하고 있고 지금이 육 개월째입니다.","expression":"c_private","category":"background"}],"summary":{"text":"저는 최근 자격증을 취득하고 자격증을 가지고 경험을 쌓고자 다른 회사에서 인턴생활을 하고 있습니다. 그런데 이 직종이 아닌 다른 부서에 배치가 된다면 저는 입사를 포기할 것 같습니다. 저는 인턴 생활을 하면서 이 분야가 제가 젊음을 맞춰서 도전해 볼 분야라는 확신을 가졌고 점점 더 흥미가 생겼습니다.","wordCount":44}}},"rawDataInfo":{"question":{"fileFormat":"wav","fileSize":526158,"duration":16440,"samplingBit":16,"channelCount":1,"samplingRate":"16kHz","audioPath":"/Mock/07.ProductionManufacturing/Male/New/ckmk_q_mm_m_n_179358.wav"},"answer":{"fileFormat":"wav","fileSize":2788238,"duration":87130,"samplingBit":16,"channelCount":1,"samplingRate":"16kHz","audioPath":"/Mock/07.ProductionManufacturing/Male/New/ckmk_a_mm_m_n_179358.wav"}}}