{"version":"1.0","dataSet":{"info":{"date":"20230116","occupation":"MM","channel":"MOCK","place":"ONLINE","gender":"MALE","ageRange":"-34","experience":"NEW"},"question":{"raw":{"text":"면접자분이 생각하는 리스크 어세스먼트에 대해서 설명 부탁드리겠습니다","wordCount":7},"emotion":[],"intent":[]},"answer":{"raw":{"text":"네 제가 원래는 몰랐는데 이제 용접 일을 공부를 하게 되면서 이제 알게 된 건데 위험성 평가죠. 네 그래서 이게 그 아무래도 또 기술적이고 하니까 그 사업장 내에서 이제 유해하고 위험한 요인들을 미리 이제 파악을 하고 그런 사람에게 유해하고 위험한 요인에 의한 그런 부상이나 그 다치는 거나 그런 그런 것들이 발생할 수 있는 그 가능성 그 빈도가 얼마나 되는지 그리고 그 정도 그 강도 얼마나 부상의 상태가 심각한지 이런 거를 추정해서 이제 그거에 대한 감소가 될 수 있는 대책이 뭐가 있을지를 미리 이제 이거를 계획을 수립을 하고 해서 실행시키려고 하는 그 과정 전체를 말을 하는 네 그 평가 지표 평가라고 할 수가 있죠. 네 그래서 맞는 말이죠. 네 특히나 이런 특수 기술직들은 더 이런 부분에서 철저히 연구가 되고 파악이 되어야 되고 실행이 되어야 된다고 생각을 합니다. 네","wordCount":126},"emotion":[],"intent":[{"text":"네 제가 원래는 몰랐는데 이제 용접 일을 공부를 하게 되면서 이제 알게 된 건데   위험성 평가죠.","expression":"f_equip","category":"technology"},{"text":"네 그래서 이게 그 아무래도 또 기술적이고 하니까 그 사업장 내에서 이제 유해하고   위험한 요인들을 미리 이제 파악을 하고 그런 사람에게 유해하고 위험한 요인에 의한   그런 부상이나 그 다치는 거나 그런 그런 것들이 발생할 수 있는 그 가능성   그 빈도가 얼마나 되는지 그리고 그 정도 그 강도 얼마나 부상의 상태가 심각한지 이런 거를 추정해서   이제 그거에 대한 감소가 될 수 있는 대책이 뭐가 있을지를 미리 이제 이거를   계획을 수립을 하고 해서 실행시키려고 하는 그 과정 전체를 말을 하는   네 그 평가 지표 평가라고 할 수가 있죠.","expression":"f_equip","category":"technology"}],"summary":{"text":"위험성 평가는 사업장 내에서 유해하고 위험한 요인들을 미리 파악을 하고 그 요인에 의한 부상이나 다음의 것들이 발생할 가능성과 그 빈도, 그 강도, 부상의 상태를 추정해서 그 감소 대책이 무엇인지를 추정하는 과정 전체를 말하는 평가 지표 평가라고 할 수 있습니다.","wordCount":39}}},"rawDataInfo":{"question":{"fileFormat":"wav","fileSize":289358,"duration":9040,"samplingBit":16,"channelCount":1,"samplingRate":"16kHz","audioPath":"/Mock/07.ProductionManufacturing/Male/New/ckmk_q_mm_m_n_179486.wav"},"answer":{"fileFormat":"wav","fileSize":2748878,"duration":85900,"samplingBit":16,"channelCount":1,"samplingRate":"16kHz","audioPath":"/Mock/07.ProductionManufacturing/Male/New/ckmk_a_mm_m_n_179486.wav"}}}