{"version":"1.0","dataSet":{"info":{"date":"20230116","occupation":"MM","channel":"MOCK","place":"ONLINE","gender":"MALE","ageRange":"45-54","experience":"NEW"},"question":{"raw":{"text":"네 혹시 매일 공부하고 있는 분야가 따로 있는지요 어 있다면 어떤 분야를 공부하고 계신지 그리고 왜 그걸 공부하는지도 함께 설명해 주시면 좋겠습니다","wordCount":22},"emotion":[],"intent":[]},"answer":{"raw":{"text":"저는 어학이 참 재미있습니다. 그래서 영어 뿐만 아니라 영어는 가장 기본이고요. 영어 뿐만 아니라 인도네시아어도 공부를 하고 있습니다. 이걸 왜 공부하게 되었냐면요. 제가 여행을 갔을 때 인도네시아로 여행을 갔습니다. 발리라는 곳을 아시죠. 그곳에 가서 제가 일 주일 동안 머물렀는데 그 나라가 너무나 좋았습니다. 그래서 언젠가는 그 인도네시아라는 나라를 구석구석 살피면서 다니고 싶은 욕심이 생겼습니다. 그래서 제 노후에는 인도네시아어를 지금서부터 꾸준히 공부를 해서 현지어로 구석구석을 다니면서 여행을 하고 싶습니다. 저의 먼 미래에는 인도네시아에서 즐겁게 사는 모습을 상상하면서 지금도 열심히 인도네시아어를 공부하고 있습니다.","wordCount":81},"emotion":[{"text":"그래서 언젠가는 그 인도네시아라는 나라를 구석구석 살피면서 다니고 싶은 욕심이 생겼습니다.","expression":"p-interest","category":"positive"}],"intent":[{"text":"","expression":"","category":"attitude"}],"summary":{"text":"영어 뿐만 아니라 인도네시아어도 공부하고 있습니다. 언젠가 그 인도네시아라는 나라를 살피면서 다니고 싶은 욕심이 생겼기 때문입니다. 먼 미래에는 인도네시아에서 즐겁게 사는 모습을 상상하면서 지금도 열심히 인도네시아어를 공부하고 있겠습니다.","wordCount":28}}},"rawDataInfo":{"question":{"fileFormat":"wav","fileSize":461198,"duration":14410,"samplingBit":16,"channelCount":1,"samplingRate":"16kHz","audioPath":"/Mock/07.ProductionManufacturing/Male/New/ckmk_q_mm_m_n_176700.wav"},"answer":{"fileFormat":"wav","fileSize":2070158,"duration":64690,"samplingBit":16,"channelCount":1,"samplingRate":"16kHz","audioPath":"/Mock/07.ProductionManufacturing/Male/New/ckmk_a_mm_m_n_176700.wav"}}}