{"version":"1.0","dataSet":{"info":{"date":"20230116","occupation":"MM","channel":"MOCK","place":"ONLINE","gender":"MALE","ageRange":"45-54","experience":"NEW"},"question":{"raw":{"text":"지원자님께서 만약 기차가 운행 중 산사태로 삼십 분 동안 정차되어 있다고 했다고 가정을 한 번 해 봅시다 이때 만약 지원자님께서 관리 책임자의 위치에 계신다면 이 상황에 대해서 어떻게 조치를 하실 건지 한 번 말씀해 주세요","wordCount":35},"emotion":[],"intent":[]},"answer":{"raw":{"text":"산사태로 기차가 운행이 삼십 분이 정지가 되었다면 제가 관리 책임에 위치에 있는 상황이라면 먼저 이 현재의 상황을 본사로 통화를 해서 음 문제점을 공유를 하고 빠르게 에 산사태가 해결될 수 있어 해서 정상 운행이 될 수 있도록 조치를 취하는 것이 첫 번째라고 생각을 합니다. 그러한 조치 사항이 끝난 이후에는 아 승객들을 위해서 현재의 상황을 정확하게 공유를 할 알려드리고 그 현재 상황은 산사태로 삼십 분 동안 정차가 된 부분이고 이후에 관련된 부분들도 신속하게 실시간으로 공유를 할 할 것 같습니다. 그 이유는 승객들의 경우는 이 정확하게 열차가 도착하지 못하는 상황에 따라서 그걸로 인해서 그 다음 해야 하여야 할 일들을 못 하게 되면서 이런 부분들이 어 비즈니스나 아니면 여러 가지 상황에서 영향을 미칠 수 있기 때문에 그런 부분들을 조치를 취할 수 있도록 실시간으로 공유할 것 같습니다.","wordCount":122},"emotion":[],"intent":[{"text":"","expression":"","category":"attitude"}],"summary":{"text":"산사태로 기차가 운행이 중지되었다면 본사로 전화해 문제점을 공유해 정상 운행 조치를 취하는 것이 첫 번째입니다. 조치 사항이 끝난 이후에는 승객들에게 현재 상황을 실시간으로 공유해 비즈니스나 여러 가지 상황들에 영향을 미칠 수 있도록 할 것 같습니다.","wordCount":35}}},"rawDataInfo":{"question":{"fileFormat":"wav","fileSize":615118,"duration":19220,"samplingBit":16,"channelCount":1,"samplingRate":"16kHz","audioPath":"/Mock/07.ProductionManufacturing/Male/New/ckmk_q_mm_m_n_158029.wav"},"answer":{"fileFormat":"wav","fileSize":2713678,"duration":84800,"samplingBit":16,"channelCount":1,"samplingRate":"16kHz","audioPath":"/Mock/07.ProductionManufacturing/Male/New/ckmk_a_mm_m_n_158029.wav"}}}