{"version":"1.0","dataSet":{"info":{"date":"20230116","occupation":"MM","channel":"MOCK","place":"ONLINE","gender":"MALE","ageRange":"45-54","experience":"NEW"},"question":{"raw":{"text":"자 그 전에 회사에서도 건축을 나와 그 건축학과 전공했고 하니까 설계를 잘 할 텐데 어 할 수 있는 설계 프로그램이 뭔지 한번 나열해 보세요","wordCount":24},"emotion":[],"intent":[]},"answer":{"raw":{"text":"저는 설계 프로그램 중 오토케드를 다룰 수 있습니다. 오토케드는 솔리드 표면 매시 객체 문서화 기능 등을 사용하며 정밀한 투디 및 쓰리디 제도 설계 및 모델링에 사용되는 씨에이디 소프트웨어 입니다. 어 도면을 비교하고 계수 객체 추가 및 테이블 작성 등의 작업을 자동화하고 생산성을 높일 수 있는 기능을 제공합니다. 또한 전기 설계 프랜트 프랜트 설계 건축 배치 도면 기계설계 쓰리디 매밍 스캔한 이미지 추가 및 레스터 이미지 변환을 위한 일곱 가지 산업 분별 도구 세트도 제공이 됩니다. 오토케드를 사용하면 데스크탑 데 웹 및 모바일 장치를 통해 도면을 작성하고 편집하고 주석을 달 수 있는 장점이 있습니다.","wordCount":93},"emotion":[{"text":"오토케드는 솔리드 표면 매시 객체 문서화 기능 등을 사용하며 정밀한   투디 및 쓰리디 제도 설계 및 모델링에 사용되는 씨에이디 소프트웨어 입니다.","expression":"u-fact","category":"neutral"},{"text":"오토케드를 사용하면 데스크탑  데 웹 및 모바일 장치를 통해 도면을 작성하고 편집하고 주석을 달 수 있는 장점이 있습니다.","expression":"u-fact","category":"neutral"}],"intent":[{"text":"저는 설계 프로그램 중 오토케드를 다룰 수 있습니다.","expression":"f_equip","category":"technology"}],"summary":{"text":"설계 프로그램 중 오토케드를 다룰 수 있습니다. 오토케드는 솔리드 표면 매시 객체 문서화 기능 등을 사용하며 정밀한 투디 및 쓰리디 제도 설계 및 모델링에 사용되는 씨에이디 소프트웨어입니다.","wordCount":27}}},"rawDataInfo":{"question":{"fileFormat":"wav","fileSize":456078,"duration":14250,"samplingBit":16,"channelCount":1,"samplingRate":"16kHz","audioPath":"/Mock/07.ProductionManufacturing/Male/New/ckmk_q_mm_m_n_164031.wav"},"answer":{"fileFormat":"wav","fileSize":1930318,"duration":60320,"samplingBit":16,"channelCount":1,"samplingRate":"16kHz","audioPath":"/Mock/07.ProductionManufacturing/Male/New/ckmk_a_mm_m_n_164031.wav"}}}