{"version":"1.0","dataSet":{"info":{"date":"20230116","occupation":"MM","channel":"MOCK","place":"ONLINE","gender":"MALE","ageRange":"45-54","experience":"NEW"},"question":{"raw":{"text":"만약에 지원자님께서 지금 지원하신 이 직무가 아닌 다른 부서에 배치되게 되신다면 어떻게 하시겠습니까 어 그래도 괜찮으실까요","wordCount":16},"emotion":[],"intent":[]},"answer":{"raw":{"text":"저는 제가 지원한 이 직무에 도전하고자 취업을 하고자 꽤 오랫동안 많은 노력을 해왔습니다. 전 약 이 년 전부터 자격증 준비를 하였고 그 사이에 어 자격증을 두 개를 취득할 수가 있었습니다. 저는 또한 이 업무를 좀 더 잘 해보자 인턴 경험도 있습니다. 동 업종에 어 같은 일을 인턴사원으로 입사를 해서 약 육 개월 정도 현장에서 직접 어 기계를 운영해 보고 그것을 정비해 보며 어 나름 경험을 쌓았다고 생각을 합니다. 그런데 제가 만약에 회사에 입사를 하게 되는데 다른 부서에 배치가 된다고 그러면 어 저로써는 어 무척 실망스러울 것 같습니다. 회사에서 저를 채용을 했다 라는 것은 제 능력을 샀다 라는 얘기인데 회사 역시 저를 제가 제일 잘 할 수 있는 임무가 아닌 다른 임무에다 배치를 한다 라는 건 회사로서도 옳지 않은 판단이라고 생각을 합니다. 어 외람되지만 저는 제 임무에 대해 제가 지원한 이 직무에 대해 어 열심히 일할 마음의 준비와 어 이곳을 이곳에서 제가 지원한 직무에서 나름 전문가가 되고 싶은 욕심이 있습니다. 제가 만약에 취직 입사는 하게 됐는데 다른 부서에서 어 근무를 하게 된다면 저는 입사를 포기할 것 같습니다. 죄송합니다.","wordCount":167},"emotion":[],"intent":[{"text":"전 약 이 년 전부터 자격증 준비를 하였고 그 사이에 어 자격증을 두 개를 취득할 수가 있었습니다.","expression":"c_imp","category":"personality"}],"summary":{"text":"저는 이 직무에 도전하고자 취업을 하고자 꽤 오랫동안 많은 노력을 해왔습니다. 그런데 제가 입사를 하게 되는데 다른 부서에 배치가 된다고 한다면 저로서는 무척 실망스러울 것 같습니다. 회사 역시 저를 제일 잘 할 수 있는 임무가 아닌 다른 임무에다 배치를 한다는 것은 옳지 않은 판단이라고 생각합니다.","wordCount":45}}},"rawDataInfo":{"question":{"fileFormat":"wav","fileSize":576078,"duration":18000,"samplingBit":16,"channelCount":1,"samplingRate":"16kHz","audioPath":"/Mock/07.ProductionManufacturing/Male/New/ckmk_q_mm_m_n_182722.wav"},"answer":{"fileFormat":"wav","fileSize":2853198,"duration":89160,"samplingBit":16,"channelCount":1,"samplingRate":"16kHz","audioPath":"/Mock/07.ProductionManufacturing/Male/New/ckmk_a_mm_m_n_182722.wav"}}}