{"version":"1.0","dataSet":{"info":{"date":"20230116","occupation":"MM","channel":"MOCK","place":"ONLINE","gender":"MALE","ageRange":"45-54","experience":"NEW"},"question":{"raw":{"text":"어 지원자님께서 일을 하다 보면 영어로 서류를 작성해야 할 일이 생길 수 있습니다 영어로 서류를 작성하실 수 있으신가요","wordCount":18},"emotion":[],"intent":[]},"answer":{"raw":{"text":"일을 하다보면 음 당연히 영어로 자 문자나 여러 가지를 작성할 경우들이 많이 있는데요. 그런 경우에도 어 저의 경우는 중국 상해에서 공부를 계속 진행을 했었었고 그 상해에서 공부를 진행할 당시 영어 중국어 일본어를 공부를 했었던 경험을 가지고 있습니다. 따라서 어 어느 정도 그 당시에도 영어로 어 대화라든지 또 한 부분은 가지고 있었는데요. 특히 중국 남방 지역인 광동성 심천 지역에서 이 년 동안 지사장을 하면서 뭐 대화들은 중국어로 진행을 했었긴 했지만 기본적으로 쓰는 모든 문서들은 중국어 뿐만이 아니라 영어로 작성을 했던 경험을 가지고 있습니다. 따라서 어 이메일이나 아 예 이런 계약서나 그런 관련된 부분들은 중국어를 할 로 작성을 하더라도 고 영어로 다시 보내든가 기본적으로는 영어로 써서 보내서 어 진행을 했었기 때문에 영어로 서류를 작성하는 부분은 큰 문제가 없다고 생각을 합니다. 특히 아무리 음 급하더라도 먼저 정화 대화 전화를 통화를 한 후에 꼭 영어로 이메일을 보내던가 하는 부분들 남겨놓습니다.","wordCount":136},"emotion":[],"intent":[{"text":"","expression":"","category":"attitude"}],"summary":{"text":"일을 하다보면 당연히 영어로 문자나 여러 가지를 작성할 경우들이 있는데, 저는 중국 상해에서 공부를 계속 진행을 했었고 그 당시 영어 중국어 일본어를 공부를 했었던 경험을 가지고 있습니다. 따라서 영어로 서류를 작성하는 부분은 큰 문제가 없다고 생각합니다. 특히 먼저 통화를 한 후에 영어로 이메일을 보내는 것이 좋습니다.","wordCount":46}}},"rawDataInfo":{"question":{"fileFormat":"wav","fileSize":453838,"duration":14180,"samplingBit":16,"channelCount":1,"samplingRate":"16kHz","audioPath":"/Mock/07.ProductionManufacturing/Male/New/ckmk_q_mm_m_n_160499.wav"},"answer":{"fileFormat":"wav","fileSize":2821198,"duration":88160,"samplingBit":16,"channelCount":1,"samplingRate":"16kHz","audioPath":"/Mock/07.ProductionManufacturing/Male/New/ckmk_a_mm_m_n_160499.wav"}}}