{"version":"1.0","dataSet":{"info":{"date":"20230116","occupation":"MM","channel":"MOCK","place":"ONLINE","gender":"MALE","ageRange":"-34","experience":"NEW"},"question":{"raw":{"text":"면접자님의 생각이 아닌 면접자님의 다른 주변인 분들이 생각하시는 면접자님만의 단점과 장점을 각각 말씀 부탁드립니다","wordCount":14},"emotion":[],"intent":[]},"answer":{"raw":{"text":"저는 어 사람들이 아주 저 좀 공통적으로 많이 들어요. 네 제가 생각보다 꼼꼼하다는 얘기를 많이 듣습니다. 네 맞아요 네 제가 조금 그렇게 안 보이는 편인가 봐요. 근데 아니 덜렁이는 것 같고 그렇게 보시는 분들이 초반에 있는데 막상 제가 업무적인 걸로 이제 만났을 때 이후에 말씀하시는 게 되게 꼼꼼하시다 되게 뭐 누락 되거나 이런 것도 없고 되게 디테일하게 일을 하신다 라는 얘기를 들은 편이고요. 어 단점은 이제 많이 많이 보완이 되고 있는데 제가 기초 체력이 약합니다 되게. 이 일은 조금 안 맞는 말이긴 하지만 기초 체력이 좀 약한 편이라 사실 그래서 제가 용접일을 결정을 하고 나서는 꾸준히 저는 사실 헬스장도 다니면서 제 나름대로는 체력을 계속 길러나가고 있고 이 일을 하면서 사실 체력이 길러질 수 밖에 없어요. 네 힘들거든요. 정말 힘든데 그래서 저는 지금 많이 올라왔고 체력도 좋아지고 있는 상태라고 생각합니다.","wordCount":129},"emotion":[],"intent":[{"text":"네 제가 생각보다   꼼꼼하다는 얘기를 많이 듣습니다.","expression":"c_person","category":"background"},{"text":"어 단점은 이제 많이   많이 보완이 되고 있는데 제가 기초 체력이 약합니다.","expression":"c_person","category":"background"}],"summary":{"text":"사실 제가 용접일을 결정을 하고 나서는 꾸준히 사실 헬스장도 다니면서 체력을 계속 길러나가고 있고 이 일을 하면서 사실 체력이 길러질 수 밖에 없어요. 정말 힘든데 그래서 저는 지금 많이 올라왔고 체력도 좋아지고 있는 상태라고 생각합니다.","wordCount":35}}},"rawDataInfo":{"question":{"fileFormat":"wav","fileSize":515278,"duration":16100,"samplingBit":16,"channelCount":1,"samplingRate":"16kHz","audioPath":"/Mock/07.ProductionManufacturing/Male/New/ckmk_q_mm_m_n_179490.wav"},"answer":{"fileFormat":"wav","fileSize":2887438,"duration":90230,"samplingBit":16,"channelCount":1,"samplingRate":"16kHz","audioPath":"/Mock/07.ProductionManufacturing/Male/New/ckmk_a_mm_m_n_179490.wav"}}}