{"version":"1.0","dataSet":{"info":{"date":"20230116","occupation":"MM","channel":"MOCK","place":"ONLINE","gender":"MALE","ageRange":"-34","experience":"NEW"},"question":{"raw":{"text":"만약 일을 하던 중 팀원과 불화가 생긴다면 어떻게 해결하시겠습니까 해결법과 이유에 대해 말씀해 주세요","wordCount":14},"emotion":[],"intent":[]},"answer":{"raw":{"text":"어 팀원과 불화가 웬만하면 생기지 않을 것 같습니다. 어 저는 제 감정을 남에게 잘 드러내지 않는 편이기 때문에 조금 불만이나 어떤 아쉬운 점이 있더라도 팀원에게 뭐 얘기한다거나 불만을 표출한다거나 하지는 않을 것 같습니다. 하지만 이제 일하면서 뭐 특성상 서로의 의견 차이나 조금 다른 생각들을 가지고 있는 부분들이 생길 수 있기 때문에 만약에 그렇게 해서 다른 의견으로 좀 다투는 일이 생긴다면 제가 먼저 화해하고 제가 양보할 것 같습니다. 어 계속 의견을 한 사람이 양보하지 않고 계속 다투기만 한다면 업무적으로나 감정적으로 비효율적이라고 생각하고 불필요한 부분이라고 생각합니다. 어 그 상대방보다는 제가 조금 더 참을성이 있고 인내심이 있다 라고 저는 생각하기 때문에 그냥 제가 참고 제가 양보하고 넘어가겠습니다.","wordCount":104},"emotion":[],"intent":[{"text":"하지만 이제   일하면서 뭐 특성상 서로의 의견 차이나 조금 다른 생각들을 가지고 있는 부분들이 생길 수 있기 때문에 만약에 그렇게 해서 다른 의견으로   좀 다투는 일이 생긴다면 제가 먼저 화해하고 제가 양보할 것 같습니다.","expression":"c_confl_mg","category":"personality"},{"text":"어 계속 의견을 한 사람이 양보하지 않고 계속 다투기만 한다면 업무적으로나 감정적으로 비효율적이라고 생각하고 불필요한 부분이라고 생각합니다.","expression":"c_confl_mg","category":"personality"}],"summary":{"text":"팀원들 간에 불화는 잘 생기지 않을 것 같습니다. 하지만 업무 특성상 서로의 의견차이가 생길 수 있기 때문에 화해하고 양보하겠습니다. 의견차를 줄이지 않고 계속 다투는 것은 업무적으로나 감정적으로 비효율적이라고 생각하고 불필요한 부분이라고 생각합니다.","wordCount":32}}},"rawDataInfo":{"question":{"fileFormat":"wav","fileSize":390798,"duration":12210,"samplingBit":16,"channelCount":1,"samplingRate":"16kHz","audioPath":"/Mock/07.ProductionManufacturing/Male/New/ckmk_q_mm_m_n_173684.wav"},"answer":{"fileFormat":"wav","fileSize":2508878,"duration":78400,"samplingBit":16,"channelCount":1,"samplingRate":"16kHz","audioPath":"/Mock/07.ProductionManufacturing/Male/New/ckmk_a_mm_m_n_173684.wav"}}}