{"version":"1.0","dataSet":{"info":{"date":"20230116","occupation":"MM","channel":"MOCK","place":"ONLINE","gender":"MALE","ageRange":"45-54","experience":"NEW"},"question":{"raw":{"text":"일을 하다가 만약 상사에게 어려운 지시를 받는다면 어떻게 하시겠습니까 이유도 함께 말씀해 주십시오","wordCount":13},"emotion":[],"intent":[]},"answer":{"raw":{"text":"상사에게 어려운 지시를 받게 되면 먼저 그 어려움의 정도를 판단을 하고 그것을 혼자서 해결을 할 수 있는 부분의 일인지 아니면 협업을 통해서 해결해야만 하는 일인지에 대한 초도 판단을 합니다. 당연히 현재 본인이 혼자서 이 처리할 수 있는 일이면 아무 문제가 없을 텐데요. 많은 일들이 협업을 통해서 진행을 해야 되는 경우들도 있습니다. 그러한 경우에는 본인이 알아서 협업을 요청을 하고 진행하는 것이 아니라 회사 내규에 따라 프로세스에 따라서 협업을 진행하는 데에도 순서가 있습니다. 먼저 업무 협조 공문을 작성을 하고 그 부분에 대해서 팀 내에 승인권자와 면담을 통해서 이 부분이 맞게 진행되는 건지 이러한 사유들을 설명을 하고 그 어려운 지시를 해결해 하기 위해서는 어 협업이 필요한 부분들을 이해를 시킨 후에 그 업무 협조 공문을 에 대한 승인을 득한 후 그 부분을 부서 타 부서에 발송을 해서 그 부분에 대한 미팅을 진행하면서 어 왜 이거 이러한 업무 협조 공문을 발송을 했는지에 대한 설명을 하고 그 이후에 협업을 진행을 해서 어 결국 목표를 달성하는 어려운 지시를 처리하는 이러한 부분들이 필요하다고 생각합니다.","wordCount":156},"emotion":[],"intent":[{"text":"","expression":"","category":"attitude"}],"summary":{"text":"상사에게 어려운 지시를 받으면 먼저 어려움의 정도를 판단합니다. 그리고 그 어려움을 혼자서 해결할 수 있는 부분인지 협업을 통해서 해결해야만 하는 것인지에 대한 초도 판단을 합니다. 어려운 지시를 해결하기 위해서는 협업이 필요한 부분들을 이해를 시킨 후 부서 타 부서에 발송을 해서 미팅을 진행하면서 설명을 하고 그 이후에 협업을 진행해서 어려운 지시를 처리하는 부분들이 필요합니다.","wordCount":53}}},"rawDataInfo":{"question":{"fileFormat":"wav","fileSize":518158,"duration":16190,"samplingBit":16,"channelCount":1,"samplingRate":"16kHz","audioPath":"/Mock/07.ProductionManufacturing/Male/New/ckmk_q_mm_m_n_162070.wav"},"answer":{"fileFormat":"wav","fileSize":2740878,"duration":85650,"samplingBit":16,"channelCount":1,"samplingRate":"16kHz","audioPath":"/Mock/07.ProductionManufacturing/Male/New/ckmk_a_mm_m_n_162070.wav"}}}