{"version":"1.0","dataSet":{"info":{"date":"20230116","occupation":"MM","channel":"MOCK","place":"ONLINE","gender":"MALE","ageRange":"-34","experience":"NEW"},"question":{"raw":{"text":"음 지원자님께서는 어떤 문제에 부딪쳤을 때 혼자 해결하려고 하시는 편인가요 아니면 여러 사람들과 그의 그것을 공유하면서 하시는 편인가요","wordCount":18},"emotion":[],"intent":[]},"answer":{"raw":{"text":"어떤 문제에 부딪쳤을 때 혼자 해결하는 편이냐 아니면 다른 사람에게 이야기를 하는 편이냐고 질문을 해 주셨는데요. 저는 어떤 문제에 부딪쳤을 때 일단 우선적으로 혼자 해결하는 편입니다. 왜냐하면 다른 사람에게 부탁을 하기도 좀 미안하고 그러기도 하고 이런 거를 혼자 해결해 나가야 한 나가는 그런 능력을 기르면 어 제 성장에도 도움이 될 것 같고 저가 더 좋은 곳으로 나아가기 위해 필요한 관문이라고 생각하고 혼자 해결하는 편이고요. 어 그런데도 해결이 되지 않고 제가 모르거나 답답한 부분이 있다면 여러 사람들에게 이야기를 해서 조언을 얻는 편인 것 같습니다. 왜냐하면 다른 사람의 의견이 제 의견과 다르게 되게 좋은 의견이 있을 수 있을 거라고 생각을 하고 다른 사람의 의견도 적극 수용해서 제 의견과 비교해서 어떤 의견이 더 좋은지 어떤 의견이 더 어 좋은 곳으로 좋은 쪽으로 갈 수 있을지 선택을 하면서 그런 식으로 하는 것 같습니다. 혼자 해결하지 못하면 이제 다른 사람에게 이야기해서 그런 식으로 문제에 부딪쳤을 때 해결하는 편인 것 같습니다.","wordCount":145},"emotion":[],"intent":[{"text":"","expression":"","category":"attitude"}],"summary":{"text":"혼자 해결해 나아가는 그런 능력을 기르면 제가 더 발전을 할수 있다고 생각하고 혼자 해결하는 편입니다. 만약 그렇게 했는데도 해결이 되지 않는다면 왜냐하면 다른 사람에게 이야기를 해서 조언을 구해 제 의견보다 더 좋은 방향으로 갈 수 있을지 선택합니다.","wordCount":37}}},"rawDataInfo":{"question":{"fileFormat":"wav","fileSize":524238,"duration":16379,"samplingBit":16,"channelCount":1,"samplingRate":"16kHz","audioPath":"/Mock/07.ProductionManufacturing/Male/New/ckmk_q_mm_m_n_167291.wav"},"answer":{"fileFormat":"wav","fileSize":2663438,"duration":83230,"samplingBit":16,"channelCount":1,"samplingRate":"16kHz","audioPath":"/Mock/07.ProductionManufacturing/Male/New/ckmk_a_mm_m_n_167291.wav"}}}