{"version":"1.0","dataSet":{"info":{"date":"20230116","occupation":"MM","channel":"MOCK","place":"ONLINE","gender":"MALE","ageRange":"45-54","experience":"NEW"},"question":{"raw":{"text":"지원자님께서 그동안 진행하신 프로 프로젝트 가운데에서 가장 기억에 남는 프로젝트가 있다면 그 프로젝트가 어떤 것인지 또 어떤 점에서 가장 기억에 남는지 한 번 말씀해 주시기 바랍니다","wordCount":26},"emotion":[],"intent":[]},"answer":{"raw":{"text":"어 제가 진행했던 프로젝트 가운데에서 가장 기억에 남는 프로젝트는 예전에 그 서자 서산 간척지 땅을 분양했던 적이 있었어요. 어 그 당시에 그 법이 개정이 되면서 도시민들도 그 땅을 농민 농지를 삼백 평까지 소유가 가능했던 그렇게 법이 개정이 돼서 어 일단 서산에 대농 농지를 굉장히 많이 갖고 계신 분 몇 분을 섭외해서 그분들이 이제 영농조합을 조직히 해서 그 영농조합이 땅을 분양하는 형태로 그리고 홍보나 계약은 저희가 맡고 이런 식으로 분양을 했었는데 너무나 너무나 많이 정말 성공적으로 하루에 뭐 그게 삼백 평 정도만 삼천만 원 삼천 사백 정도 됐었는데 하루에 계약권이 이 삼십 건이 될 정도로 정말 불티나게 팔렸던 그런 기억이 있습니다.","wordCount":100},"emotion":[],"intent":[{"text":"","expression":"","category":"attitude"}],"summary":{"text":"법이 개정되면서 서산에 대농 농지를 많이 갖고 계신 분들을 섭외해서 영농조합이 땅을 분양하는 형태로 홍보나 계약은 저희가 맡고 이런 식으로 분양을 했었는데 정말 불티나게 팔렸던 기억이 있습니다.","wordCount":27}}},"rawDataInfo":{"question":{"fileFormat":"wav","fileSize":513358,"duration":16040,"samplingBit":16,"channelCount":1,"samplingRate":"16kHz","audioPath":"/Mock/07.ProductionManufacturing/Male/New/ckmk_q_mm_m_n_167643.wav"},"answer":{"fileFormat":"wav","fileSize":2382798,"duration":74460,"samplingBit":16,"channelCount":1,"samplingRate":"16kHz","audioPath":"/Mock/07.ProductionManufacturing/Male/New/ckmk_a_mm_m_n_167643.wav"}}}