{"version":"1.0","dataSet":{"info":{"date":"20230116","occupation":"MM","channel":"MOCK","place":"ONLINE","gender":"MALE","ageRange":"45-54","experience":"NEW"},"question":{"raw":{"text":"만약에 퇴사나 이직을 생각하는 동료를 만나게 된다면 혹시 뭐라고 말을 건네실 건지 또 왜 그렇게 말씀하실 건지도 한 번만 설명해 주세요","wordCount":21},"emotion":[],"intent":[]},"answer":{"raw":{"text":"이직을 생각하는 동료들은 을 만나게 되면 저는 항상 해주는 말이 있습니다. 이직을 생각을 할 때 저 또한 이직을 해 본 경험을 가지고 있었기 때문에 대부분은 세 가지 정도의 로 이직 사유가 분류가 되는 것 같습니다. 월급이 많고 적음 비전이 있고 없음 마지막으로 회사의 분위기가 좋고 나쁨입니다. 월급이 적더라도 회사의 비전이 있으면 더 다닐 수 있을 것 같습니다 어느 정도는. 반대로 비전은 있지만 월급이 적다던가 한 경우에도 어느 정도 다닐 수는 있을 것 같습니다. 서로 따라서 월급과 비전의 부분은 서로 상호 보완적 부분들도 가지고 있다고 생각을 합니다. 문제는 회사의 분위기가 안 좋다는 얘기는 상사나 팀 동 동료들과의 인과 관계가 안 좋다는 얘깁니다. 이러한 경우에는 월급이 많던가 혹은 비전이 아무리 있다 할지라도 인과관계가 안 좋은 상황에서는 하루하루 지내는 것이 숨이 막히고 이는 상황으로 변해버립니다. 이런 경우에도 있기 때문에 잘 생각을 해서 판단을 하라고 조언해줄 것 같습니다.","wordCount":134},"emotion":[],"intent":[{"text":"","expression":"","category":"attitude"}],"summary":{"text":"이직을 생각하는 동료들은 월급, 비전, 회사분위기 세 가지 기준으로 이직사유를 분류합니다. 월급과 비전은 상호보완적 부분이 있다고 생각하며 회사분위기가 좋지 않다는 것은 상사나 팀 동료의 인과관계가 좋지 않음을 뜻합니다. 이런 경우들을 잘 생각해 판단하라고 조언해줄 것 같습니다.","wordCount":36}}},"rawDataInfo":{"question":{"fileFormat":"wav","fileSize":419918,"duration":13120,"samplingBit":16,"channelCount":1,"samplingRate":"16kHz","audioPath":"/Mock/07.ProductionManufacturing/Male/New/ckmk_q_mm_m_n_158032.wav"},"answer":{"fileFormat":"wav","fileSize":2809678,"duration":87800,"samplingBit":16,"channelCount":1,"samplingRate":"16kHz","audioPath":"/Mock/07.ProductionManufacturing/Male/New/ckmk_a_mm_m_n_158032.wav"}}}