{"version":"1.0","dataSet":{"info":{"date":"20230116","occupation":"MM","channel":"MOCK","place":"ONLINE","gender":"MALE","ageRange":"45-54","experience":"NEW"},"question":{"raw":{"text":"우리 회사가 만약 해외 무대로 진출하게 된다면 어느 곳으로 진출하는 것이 좋을까요 그 이유도 같이 말씀해 주세요","wordCount":17},"emotion":[],"intent":[]},"answer":{"raw":{"text":"우리 회사가 해외 무대로 진출한다면 베트남이나 그 근처에 지역을 추천하고 싶습니다. 기존에 세계의 제조업이나 관련된 부분들은 중국에 너무 집중되어 있던 것 같습니다. 저 또한 중국에서 어 공부를 했었고 중국에 관련돼서 그렇게 나쁜 감정은 없었고 비즈니스적으로 보면 중국이 정답이라고 생각을 했던 적도 있습니다. 최근에 어 제가 몸 담고 있었던 여러 가지 반도체 쪽이나 아이티 관련된 부분에서 보면 중국은 리스크가 너무 많은 나라 중의 하나인 것 같습니다. 특히 사회주의적 국가 중에서도 나름대로는 너무 보수적인 부분들도 있고 어 기업의 안정성과 여러 가지 면에서 거기 보면 이제는 베트남이나 캄보디아 그 외 지역들도 충분히 대치 대체할 수 있는 부분들이 있다고 생각을 합니다. 따라서 해외 무대를 진출을 한다고 하면 그 근거지는 꼭 중국이 아니어도 될 것 같습니다. 개인적으로는 베트남 쪽이 인프라 인프라나 그런 전체적인 면을 볼 때 나은 것 같습니다.","wordCount":124},"emotion":[],"intent":[{"text":"","expression":"","category":"attitude"}],"summary":{"text":"우리 회사가 해외 무대로 진출한다면 베트남이나 그 근처에 지역을 추천하고 싶습니다. 기존에 세계의 제조업이나 관련된 부분들은 중국에 너무 집중되어 있던 것 같습니다. 해외 무대를 진출을 한다고 하면 그 근거지는 꼭 중국이 아니어도 될 것 같고 개인적으로는 베트남 쪽이 인프라 인프라나 그런 전체적인 면을 볼 때 낫다고 생각합니다.","wordCount":47}}},"rawDataInfo":{"question":{"fileFormat":"wav","fileSize":448718,"duration":14020,"samplingBit":16,"channelCount":1,"samplingRate":"16kHz","audioPath":"/Mock/07.ProductionManufacturing/Male/New/ckmk_q_mm_m_n_162063.wav"},"answer":{"fileFormat":"wav","fileSize":2797198,"duration":87410,"samplingBit":16,"channelCount":1,"samplingRate":"16kHz","audioPath":"/Mock/07.ProductionManufacturing/Male/New/ckmk_a_mm_m_n_162063.wav"}}}