{"version":"1.0","dataSet":{"info":{"date":"20230116","occupation":"MM","channel":"MOCK","place":"ONLINE","gender":"MALE","ageRange":"45-54","experience":"NEW"},"question":{"raw":{"text":"시간이 남을 때는 주로 무슨 일을 하세요 그리고 그 일을 왜 하는지 그 이유도 같이 말씀해 주세요","wordCount":17},"emotion":[],"intent":[]},"answer":{"raw":{"text":"시간이 남을 때 제가 하는 일은 외국어 배우기 여행 공부하기 운동하기 역사 공부하기입니다. 외국어 공부의 경우는 제가 언어를 공부를 하는 걸 좋아하고 영어 중국어 일본어를 자유롭게 구사할 정도의 외국어 실력을 가지고 있기 때문에 스페인권 관련된 문화와 음식 그리고 어 언어에 관심을 가지고 있기 때문에 지금도 시간이 날 때마다 공부를 하고 있습니다. 여러 언어행 에 여 여행의 경우에는 제가 여 이십 여 개 국을 여행을 한 경험을 가지고 있고 여행을 계속 좋아하기 때문에 향후에 나갈고 싶은 곳이라든지 이런 부분들은 시간이 남 때마다 검색을 하는 편입니다. 역사 관련된 부분은 제가 관광통역 안내사 중국어 어 문화유산 해설사 자격증을 가지고 있으면서 문화원 소속의 답사 연구팀에 소속이 되어 있기 때문에 지속적으로 제가 가고 싶은 곳이나 어떻게 해설을 하면 좀 더 효율적으로 할 수 있는지 관련된 부분들은 지금도 공부를 하면서 계속 스타디를 하고 있습니다. 운동 또한 제가 좋아하는 운동 뿐만이 아니라 관련된 부분들은 계속 공부를 하고 있습니다.","wordCount":141},"emotion":[{"text":"외국어 공부의 경우는 제가 언어를 공부를 하는 걸 좋아하고 영어 중국어 일본어를 자유롭게 구사할 정도의 외국어 실력을 가지고 있기 때문에   스페인권 관련된 문화와 음식 그리고 어 언어에 관심을 가지고 있기 때문에 지금도 시간이 날 때마다 공부를 하고 있습니다.","expression":"p-interest","category":"positive"},{"text":"여러 언어행 에 여 여행의 경우에는 제가 여 이십 여 개 국을   여행을 한 경험을 가지고 있고 여행을 계속 좋아하기 때문에 향후에 나갈고 싶은 곳이라든지 이런 부분들은 시간이 남 때마다   검색을 하는 편입니다.","expression":"p-interest","category":"positive"}],"intent":[{"text":"역사 관련된 부분은 제가 관광통역 안내사 중국어   어 문화유산 해설사 자격증을 가지고 있으면서 문화원 소속의 답사 연구팀에 소속이 되어 있기 때문에 지속적으로 제가 가고 싶은 곳이나 어떻게 해설을 하면   좀 더 효율적으로 할 수 있는지 관련된 부분들은 지금도 공부를 하면서 계속 스타디를 하고 있습니다.","expression":"c_imp","category":"personality"}],"summary":{"text":"제가 하는 일은 외국어 배우기, 여행 공부, 운동하기, 역사 공부입니다. 외국어 공부는 스페인권 문화와 음식, 어 언어에 관심을 가지기 때문에 시간이 날 때마다 공부를 하고 있습니다. 여행은 향후에 나갈고 싶은 곳을 검색하고, 역사 관련은 제가 관광통역 안내사, 중국어 문화유산 해설사 자격증을 가지고 있어서 공부하며 계속 스터디를 하고 있고, 좋아하는 운동들을 계속 공부합니다.","wordCount":52}}},"rawDataInfo":{"question":{"fileFormat":"wav","fileSize":282318,"duration":8820,"samplingBit":16,"channelCount":1,"samplingRate":"16kHz","audioPath":"/Mock/07.ProductionManufacturing/Male/New/ckmk_q_mm_m_n_160498.wav"},"answer":{"fileFormat":"wav","fileSize":2755918,"duration":86120,"samplingBit":16,"channelCount":1,"samplingRate":"16kHz","audioPath":"/Mock/07.ProductionManufacturing/Male/New/ckmk_a_mm_m_n_160498.wav"}}}