{"version":"1.0","dataSet":{"info":{"date":"20230116","occupation":"MM","channel":"MOCK","place":"ONLINE","gender":"MALE","ageRange":"45-54","experience":"NEW"},"question":{"raw":{"text":"얼마 전에 구급대원이 주취자에게 폭행을 당해서 순직하는 일이 있었습니다 정말 안타까운 일인데요 이 사건에 대해서 지원자님께서는 어떻게 생각하시는지 어 생각을 말씀해 주시기 바랍니다","wordCount":23},"emotion":[],"intent":[]},"answer":{"raw":{"text":"네 저 역시 이 유스를 본 기억이 납니다. 저는 이 뉴스를 봤을 때 정말 경악에 금치 못했습니다. 어 특히나 이 공공에 대해서 그까 국민과 세 국민을 위해서 이렇게 봉사하는 뭐 소방관 경찰관 군인 뭐 간호사 의사 이렇게 공공을 위해서 노력하는 사람들이 뭐 이런 주취자라든지 범죄자 아니면 이들이 그 자신 본연의 임무를 수행하다가 순직을 하게 된다면 이것은 정말 나라와 국가 사회가 모두 나서 가지고 이분들에 대해서 보상을 해 줘야 된다고 생각을 합니다. 어 이분들은 모든 본인의 그 수고와 본인의 안전을 무시하고 다른 사람 타인의 목숨과 재산 등을 지키기 위해서 본인들을 희생하는 사람들입니다. 그런데 주취자라든지 뭐 뭐 폭행범 무슨 뭐 강력범 범인 범죄자 이런 사람들에 의해서 이분들이 만약에 목숨을 잃거나 다치거나 한다 라는 것은 어 사회가 국가가 절대로 용서해서는 아니 됩니다. 이 피해를 입은 사람들에겐 당연히 국가 차원에서 보상을 해 줘야 되고 이런 일을 저지른 그 사람한테한테서는 엄벌에 처해 가지고 다시는 이런 일을 할 수 없도록 어 사회에 경종을 울려야 된다고 생각합니다.","wordCount":150},"emotion":[{"text":"어 특히나 이 공공에 대해서 그까 국민과 세 국민을 위해서 이렇게 봉사하는 뭐 소방관 경찰관 군인   뭐 간호사 의사 이렇게 공공을 위해서 노력하는 사람들이 뭐 이런 주취자라든지 범죄자 아니면 이들이 그 자신 본연의 임무를 수행하다가   순직을 하게 된다면 이것은 정말 나라와 국가 사회가 모두 나서 가지고 이분들에 대해서 보상을 해 줘야 된다고 생각을 합니다.","expression":"u-belief","category":"neutral"},{"text":"이 피해를 입은 사람들에겐 당연히 국가 차원에서 보상을 해 줘야 되고 이런 일을 저지른 그 사람한테한테서는 엄벌에 처해 가지고 다시는 이런 일을 할 수 없도록   어 사회에 경종을 울려야 된다고 생각합니다.","expression":"u-belief","category":"neutral"}],"intent":[{"text":"","expression":"","category":"attitude"}],"summary":{"text":"국민을 위해서 헌신하는 사람들이 본연의 임무를 수행하다가 순직을 하게 된다면, 국가와 국가 사회가 모두 나서 보상해야 한다고 생각합니다. 피해를 입은 사람들에겐 국가 차원에서 보상을 해 주고, 이 일을 저지른 그 사람에게는 엄벌을 내려 사회에 경종을 울려야 합니다.","wordCount":37}}},"rawDataInfo":{"question":{"fileFormat":"wav","fileSize":500558,"duration":15640,"samplingBit":16,"channelCount":1,"samplingRate":"16kHz","audioPath":"/Mock/07.ProductionManufacturing/Male/New/ckmk_q_mm_m_n_157471.wav"},"answer":{"fileFormat":"wav","fileSize":2840078,"duration":88750,"samplingBit":16,"channelCount":1,"samplingRate":"16kHz","audioPath":"/Mock/07.ProductionManufacturing/Male/New/ckmk_a_mm_m_n_157471.wav"}}}