{"version":"1.0","dataSet":{"info":{"date":"20230116","occupation":"MM","channel":"MOCK","place":"ONLINE","gender":"MALE","ageRange":"35-44","experience":"NEW"},"question":{"raw":{"text":"아 이전 직장에서 퇴사하시고 난 후에 혹시 퇴사한 것에 대해서 후회하신 적은 있나요 어 그런 후회를 하신 적이 있다면 왜 그랬는지도 함께 말씀해 주세요","wordCount":24},"emotion":[],"intent":[]},"answer":{"raw":{"text":"전에 직장은 약간 부정부패가 만연한 직장 상사 및 선배들이 많은 곳이었습니다. 타성에 젖는다는 것이 무엇인지 정확하게 깨달을 만큼 법인 카드를 함부로 쓰고 법인 카드로 자기들 밥값 술값을 내는 곳이어서 빨리 이곳을 탈퇴하는 것이 퇴사하는 것이 제 인생의 가장 큰 목표라고 생각했습니다. 물론 그곳에도 똑똑하고 좋은 사람들이 있어 배울 것 점도 많고 배운 것도 많지만 너무 안 좋은 사람들이 눈에 띄어 그 사람들을 피해 빨리 이 회사를 떠나는 것이 좋다고 생각했는데 막상 다른 회사로 이직을 해보니 그것보다 더 심각한 정말 배임 횡령 또는 책임 회피 책임 전가를 하는 사람들이 넘쳐나는 곳이 많았습니다. 그래서 구관이 명관이라고 예전 회사로 돌아가는 것이 더 낫지 않을까 라는 생각을 할 때가 있었습니다.","wordCount":106},"emotion":[],"intent":[{"text":"","expression":"","category":"attitude"}],"summary":{"text":"전 직장은 부정부패가 만연한 곳이라 빨리 퇴사하는 것이 제 인생의 목표가 되었습니다. 하지만 다른 회사로 이직을 해보니 그것보다 더 심각한 배임 횡령 또는 책임 회피 책임 전가를 하는 사람들이 넘쳐나는 곳이 많아 예전 회사로 돌아가는 것이 낫다고 생각했습니다.","wordCount":38}}},"rawDataInfo":{"question":{"fileFormat":"wav","fileSize":480718,"duration":15020,"samplingBit":16,"channelCount":1,"samplingRate":"16kHz","audioPath":"/Mock/07.ProductionManufacturing/Male/New/ckmk_q_mm_m_n_163010.wav"},"answer":{"fileFormat":"wav","fileSize":1796558,"duration":56140,"samplingBit":16,"channelCount":1,"samplingRate":"16kHz","audioPath":"/Mock/07.ProductionManufacturing/Male/New/ckmk_a_mm_m_n_163010.wav"}}}