{"version":"1.0","dataSet":{"info":{"date":"20230116","occupation":"MM","channel":"MOCK","place":"ONLINE","gender":"MALE","ageRange":"-34","experience":"NEW"},"question":{"raw":{"text":"지원자님께서는 인생을 살면서 어 무엇인가에 푹 빠져서 몰두해 본 경험이 있으신가요 있다면 어 그 경험이 무엇인지 궁금합니다 답변 부탁 드릴게요","wordCount":20},"emotion":[],"intent":[]},"answer":{"raw":{"text":"제가 인생을 살면서 어 현재 지금 푹 빠져서 지금 몰두하고 있는 것이 영어 회화 입니다. 제가 이 회사에 입사하기 위해서 영어 회화 시험인 오픽을 준비하고 그리고 그 그 결과로 최고 등급인 에이 엘을 받으면서 되게 자신감을 얻게 되었습니다. 이런 자신감이 현재 저에게 영어 회화에 대한 흥미로 이어졌고 지금 인생을 살면서 어 최고로 영어 어느 어떤 곳에 지금 몰두 하는 게 거의 처음인 것 같습니다. 인제 영어 회화에 가장 몰두 해 있고 이런 것들이 되게 이 회사에 입사하는데 되게 중요한 부분이라고 생각을 합니다. 왜냐하면 현재 당사는 여러 가지 여러 나라의 어 해외 영업을 해외 사업들을 많이 추진하고 있는 것으로 알고 있습니다. 여기에 있어서 가장 중요한 부분이 영어 회화가 필수적으로 되어야만이 그런 일들을 처리해 나갈 수 있기 때문에 저는 지금 현재 이런 몰주 하는 것에 되게 어 프라이드를 느끼고 있으면 이런 것들이 입사하여 입사라는 그런 결과로 다가오면 좋을 것 같습니다.","wordCount":138},"emotion":[{"text":"제가 인생을 살면서 어 현재 지금 푹 빠져서 지금 몰두하고 있는 것이 영어 회화 입니다.","expression":"p-interest","category":"positive"},{"text":"이런 자신감이 현재 저에게 영어 회화에 대한 흥미로 이어졌고 지금 인생을 살면서 어 최고로 영어 어느 어떤 곳에 지금 몰두 하는 게 거의 처음인 것 같습니다.","expression":"p-interest","category":"positive"}],"intent":[{"text":"","expression":"","category":"attitude"}],"summary":{"text":"영어 회화에 가장 몰두하고 있는 것이 회사 입사에 있어 가장 중요한 부분이라고 생각합니다. 당사는 여러 나라의 해외 사업을 많이 추진하고 있고, 영어 회화가 필수적으로 되어야만 그런 일들을 처리해 나갈 수 있기 때문에 이런 것들이 입사하는데 중요한 부분이라고 생각합니다.","wordCount":38}}},"rawDataInfo":{"question":{"fileFormat":"wav","fileSize":566478,"duration":17700,"samplingBit":16,"channelCount":1,"samplingRate":"16kHz","audioPath":"/Mock/07.ProductionManufacturing/Male/New/ckmk_q_mm_m_n_183838.wav"},"answer":{"fileFormat":"wav","fileSize":2845518,"duration":88920,"samplingBit":16,"channelCount":1,"samplingRate":"16kHz","audioPath":"/Mock/07.ProductionManufacturing/Male/New/ckmk_a_mm_m_n_183838.wav"}}}