{"version":"1.0","dataSet":{"info":{"date":"20230116","occupation":"MM","channel":"MOCK","place":"ONLINE","gender":"MALE","ageRange":"-34","experience":"NEW"},"question":{"raw":{"text":"만약 본인이 내일 죽는다는 사실을 지금 당장 알게 된다면 무엇을 가장 먼저 하시겠습니까 이 면접을 끝까지 계속 보시겠습니까 궁금합니다","wordCount":19},"emotion":[],"intent":[]},"answer":{"raw":{"text":"제가 내일 죽는다는 사실을 안다면 어 어 일단 이 면접은 끝까지 볼 것 같습니다. 왜냐하면 제가 죽는 거와 별개로 어 항상 이 회사 만을 목표로 달려왔고 그리고 이 회사의 면접 결과라도 듣고 죽는다면 덜 아쉬울 것 같습니다. 물론 그 부분이 합격이라는 결과를 받는다면 어 내일 죽는다 해도 이게 기쁜 죽음 어 조금은 그런 그렇게 좀 뭐 무엇인가를 목표를 이뤘다는 그런 뿌듯함을 안고 세상을 떠날 수는 있을 것 같습니다. 때문에 이 면접을 끝까지 최선을 다해서 볼 것 같고 이 면접을 나가게 된다면 어 정말 보고 싶었던 친구들이나 아니면 정말 사랑하는 가족들과 시간을 보내면서 남은 시간을 후회 없이 보내는 것이 제가 세상을 떠나는 데 가장 어 후회 없이 보내는 일이 아닌가 라고 생각을 합니다. 내일 가는데 어 내일 가는 데 있어서 정말 면접 결과라도 알고 가면 좋을 것 같습니다.","wordCount":127},"emotion":[],"intent":[{"text":"","expression":"","category":"attitude"}],"summary":{"text":"면접 결과라도 듣고 죽는다면 덜 아쉬울 것 같습니다.  내일 죽는다 해도 목표를 이뤘다는 뿌듯함을 안고 세상을 떠날 수 있을 것 같습니다. 때문에 면접을 끝까지 최선을 다해서 볼 것입니다.","wordCount":28}}},"rawDataInfo":{"question":{"fileFormat":"wav","fileSize":512718,"duration":16020,"samplingBit":16,"channelCount":1,"samplingRate":"16kHz","audioPath":"/Mock/07.ProductionManufacturing/Male/New/ckmk_q_mm_m_n_183842.wav"},"answer":{"fileFormat":"wav","fileSize":2840398,"duration":88760,"samplingBit":16,"channelCount":1,"samplingRate":"16kHz","audioPath":"/Mock/07.ProductionManufacturing/Male/New/ckmk_a_mm_m_n_183842.wav"}}}