{"version":"1.0","dataSet":{"info":{"date":"20230116","occupation":"MM","channel":"MOCK","place":"ONLINE","gender":"MALE","ageRange":"-34","experience":"NEW"},"question":{"raw":{"text":"여러분이 잘 다룰 수 있는 설계 프로그램에 대해서 설명해 주시기 바랍니다","wordCount":11},"emotion":[],"intent":[]},"answer":{"raw":{"text":"다룰 수 있는 설계 프로그램이 있으신가요 어떤 프로그램을 다룰 수 있는지 그 프로그램에 대해서도 설명해 주세요 라고 이렇게 질문을 해주셨는데요. 저는 잘하는 건 아니지만 쓰리디 설계 프로그램을 좀 다를 줄 압니다. 제가 학교에서 제 과는 아니었지만 제 친구가 있는 과에 그 친구가 쓰리디 프린팅 그런 과였는데 그 친구 반에 자주 놀러가면서 어 쓰리디 펜으로 쓰리디를 직접 만들어보기도 하고 그런 뭐 기계 안에서 자동으로 만들어주는 기계에서 그 입력 값을 넣어서 나오게 하기 위해서 그 입력값으로 그 설계를 해 본 경험도 있습니다. 그 프로그램은 어 제가 확실하게 알지는 않지만 그 이 프로그램이 있는데 프로그램에 들어가서 인제 그 프로그램에서 내가 만들고 싶은 그런 입력값을 설정을 하고 시간 설정한 다음에 돌리게 되면 어 프로그램 기계와 연결되어서 기계에서 어 시간 투자한 만큼의 제가 원하는 내용물을 만들 수 있게 되었습니다.","wordCount":124},"emotion":[],"intent":[{"text":"제가 학교에서 제 과는 아니었지만 제 친구가 있는 과에 그 친구가 쓰리디 프린팅 그런 과였는데 그 친구 반에 자주 놀러가면서   어 쓰리디 펜으로 쓰리디를 직접 만들어보기도 하고 그런 뭐 기계 안에서 자동으로 만들어주는 기계에서   그 입력 값을 넣어서 나오게 하기 위해서 그 입력값으로 그 설계를 해 본 경험도 있습니다.","expression":"f_equip","category":"technology"},{"text":"그 프로그램은 어 제가 확실하게 알지는 않지만 그   이 프로그램이 있는데 프로그램에 들어가서 인제 그 프로그램에서 내가 만들고 싶은 그런 입력값을 설정을 하고 시간 설정한 다음에   돌리게 되면 어 프로그램 기계와 연결되어서 기계에서 어 시간 투자한 만큼의 제가 원하는   내용물을 만들 수 있게 되었습니다.","expression":"f_equip","category":"technology"}],"summary":{"text":"쓰리디 설계 프로그램은 제가 만들고 싶은 입력값을 설정하고 시간 설정한 후에 돌리게 되면 프로그램 기계와 연결되어서 기계에서 시간 투자한 만큼의 원하는 내용물을 만들 수 있게 됩니다.","wordCount":26}}},"rawDataInfo":{"question":{"fileFormat":"wav","fileSize":243278,"duration":7600,"samplingBit":16,"channelCount":1,"samplingRate":"16kHz","audioPath":"/Mock/07.ProductionManufacturing/Male/New/ckmk_q_mm_m_n_167286.wav"},"answer":{"fileFormat":"wav","fileSize":2629198,"duration":82160,"samplingBit":16,"channelCount":1,"samplingRate":"16kHz","audioPath":"/Mock/07.ProductionManufacturing/Male/New/ckmk_a_mm_m_n_167286.wav"}}}