{"version":"1.0","dataSet":{"info":{"date":"20230116","occupation":"MM","channel":"MOCK","place":"ONLINE","gender":"MALE","ageRange":"45-54","experience":"NEW"},"question":{"raw":{"text":"현재 많은 대기업들이 해외로 공장을 이전하고 있습니다 지원자님은 이에 대해서 찬성하시나요 아니면 반대하시나요 입장이나 이유에 대해서 얘기해 주세요","wordCount":18},"emotion":[],"intent":[]},"answer":{"raw":{"text":"어 저는 개인적으로 모든 일에는 좀 균형이 필요하다고 생각을 합니다. 많은 대기업들이 짐 해외로 어 공장을 이주화 시키는 이유는 그 값싼 노동력 대 때문입니다. 우리나라에서 있는 노동력이 너무 비싸다 보니 그것을 좀 싼 곳으로 찾아서 해외로 해외로 나가는데 예를 어 베트남을 예를 들겠습니다. 삼성 핸드폰 공장이 어 베트남에다가 대규모 투자를 해 가지고 공장을 지었습니다. 현지에서 만들어 가지고 현지 동남아 쪽에서 판매를 하다보니 유통도 짧아지고 그 마진율도 되게 좋았습니다. 하지만 이게 해가 지나면서 그 베트남 근로자들이 노조를 만들고 어 뭐 파업을 일삼고 인제는 뭐 슬슬 뭐 갑질이 아닌 갑질을 하기 시작하는 것입니다. 자기네들 뭐 근무 조건을 올려 달라 근무 수당을 올려달라 이런 식으로 계속 요구를 하다보니 예전에는 그 값싼 노동력이었을지 몰라도 이게 정작 점점 리스크가 생기게 되고 파업이 생기면서 수출이라든지 이런 제품에 문제가 생기고 심지어는 불량률까지 늘어나게 됐습니다. 저는 이런 모든 일에는 좀 균형이 필요하다고 생각합니다. 이런 리스크가 생기기 전에 해외로 공장을 투자한 만큼 국내에서도 거기에 합당한 일을 만들어서 인력을 보완하고 보충하고 하는 이런 좀 균형적인 투자가 저는 필요하다고 생각합니다.","wordCount":159},"emotion":[],"intent":[{"text":"","expression":"","category":"attitude"}],"summary":{"text":"많은 대기업들이 해외로 공장을 이주화 시키는 이유는 값싼 노동력 때문입니다. 베트남의 예를 들겠습니다. 삼성 핸드폰 공장이 베트남에 대규모 투자를 해 가지고 공장을 지었습니다. 유통도 짧아지고 마진율도 되게 좋았지만 해가 지나면서 베트남 근로자들이 노조를 만들고 파업을 일삼는 것입니다. 리스크가 생기기 전에 해외로 공장을 투자한 만큼 국내에서도 합당한 일을 만들어서 인력을 보완하고 보충해야 합니다.","wordCount":52}}},"rawDataInfo":{"question":{"fileFormat":"wav","fileSize":495438,"duration":15480,"samplingBit":16,"channelCount":1,"samplingRate":"16kHz","audioPath":"/Mock/07.ProductionManufacturing/Male/New/ckmk_q_mm_m_n_172694.wav"},"answer":{"fileFormat":"wav","fileSize":2842318,"duration":88820,"samplingBit":16,"channelCount":1,"samplingRate":"16kHz","audioPath":"/Mock/07.ProductionManufacturing/Male/New/ckmk_a_mm_m_n_172694.wav"}}}