{"version":"1.0","dataSet":{"info":{"date":"20230116","occupation":"MM","channel":"MOCK","place":"ONLINE","gender":"MALE","ageRange":"45-54","experience":"NEW"},"question":{"raw":{"text":"규칙적인 업무 수행을 잘하기 위한 면접자님만의 노하우나 또 어 면접자님만의 방법이 있다면 말씀해 주시겠습니까","wordCount":14},"emotion":[],"intent":[]},"answer":{"raw":{"text":"어 규칙적 업무를 잘 수행하기 위해서는 룰을 지켜야 됩니다. 이 룰 이라는 것은 오랫동안 그 일을 해오면서 어 쌓인 경험과 노하우를 바탕으로 만든 것이 룰이고 규정입니다. 예를 들어서 생산라인 같은 경우는 두 시간을 근무하면 무조건 이십 분을 쉬게 한다라든지 그리고 그 쉴 수 있는 공간을 마련하여 마련해 줘서 근로자들이 어 정말로 쉴 수 있는 그 시간과 공간을 확보해 줘야 그 생산에 생산 라인에 눈 생산 제품에 능률이 오를 뿐만 아니라 그 제품에 그 불량률 역시 줄일 수 있다 라는게 어 근거로 나와 있습니다. 그렇기 때문에 정말 어떤 단순 작업 규칙적인 업무 일수록 그 룰을 지켜 줘야 되고 그 룰이라는 것은 일을 한 시간에 비례해서 당연한 휴식 시간을 줘야 한다는 것입니다. 어 이것을 노하우라고는 할 수는 없지만 이렇게 함으로써 오히려 저는 일에 대한 능률도 높이 높이고 안전 사고로 부터 근로자를 보호할 수 있다라고 생각합니다.","wordCount":133},"emotion":[],"intent":[{"text":"예를 들어서 생산라인   같은 경우는 두 시간을 근무하면 무조건 이십 분을 쉬게 한다라든지 그리고 그 쉴 수   있는 공간을 마련하여 마련해 줘서 근로자들이 어 정말로 쉴 수 있는   그 시간과 공간을 확보해 줘야 그 생산에 생산 라인에 눈   생산 제품에 능률이 오를 뿐만 아니라 그 제품에 그 불량률 역시 줄일 수 있다 라는게   어 근거로 나와 있습니다.","expression":"f_prod_plan","category":"technology"},{"text":"그렇기 때문에 정말 어떤 단순 작업   규칙적인 업무 일수록 그 룰을 지켜 줘야 되고 그 룰이라는 것은 일을 한 시간에 비례해서   당연한 휴식 시간을 줘야 한다는 것입니다.","expression":"f_prod_plan","category":"technology"}],"summary":{"text":"규칙적 업무를 수행하기 위해서는 오랜 경험을 바탕으로 만든 룰을 지켜야 합니다. 룰은 일을 한 시간에 비례해서 휴식 시간을 줘야 하며 이것은 노하우라고 할 수는 없지만 일에 대한 능률도 높이 높이고 안전 사고로 부터 근로자를 보호할 수 있습니다.","wordCount":37}}},"rawDataInfo":{"question":{"fileFormat":"wav","fileSize":352078,"duration":11000,"samplingBit":16,"channelCount":1,"samplingRate":"16kHz","audioPath":"/Mock/07.ProductionManufacturing/Male/New/ckmk_q_mm_m_n_164029.wav"},"answer":{"fileFormat":"wav","fileSize":2323918,"duration":72620,"samplingBit":16,"channelCount":1,"samplingRate":"16kHz","audioPath":"/Mock/07.ProductionManufacturing/Male/New/ckmk_a_mm_m_n_164029.wav"}}}