{"version":"1.0","dataSet":{"info":{"date":"20230116","occupation":"MM","channel":"MOCK","place":"ONLINE","gender":"MALE","ageRange":"35-44","experience":"NEW"},"question":{"raw":{"text":"만약 지원자님께서 이 면접에서 최종 탈락하시게 된다면 지원자님 스스로 어떤 점에서 부족해서 탈락을 했을 것 같다고 생각하실 것 같은지 답변해 주시기 바랍니다","wordCount":22},"emotion":[],"intent":[]},"answer":{"raw":{"text":"제가 이 면접에서 최종 탈락을 하게 된다면 아무래도 전공 지식 및 전공 관련된 학점이 높지 않기 때문이라고 생각합니다. 저는 학교를 다니면서 생활비를 벌어야 되기 때문에 학점 관리를 그렇게 많이 하지 못했습니다. 특히나 요즘은 학점 인플레어 현상이 심해서 웬만한 공대생들도 사 점 오 만 점에 사 점 삼 에서 사 점 이 정도는 기본적으로 다 넘는다고 들었습니다. 하지만 저희 학교 저희 과는 공대생이 많지도 않을 뿐더러 학점이 아주 높게 받기 힘든 학교로 유명한 곳이고 대신에 저는 복수 전공을 통해서 이것 저것 많이 경험을 했습니다. 그렇지만 회사에서는 일종의 커트라인 필터링이 필요하기 때문에 학점 및 다른 면허증 자격증 개수가 적어서 탈락할 수 있다고 생각합니다.","wordCount":101},"emotion":[],"intent":[{"text":"","expression":"","category":"attitude"}],"summary":{"text":"전공 지식 및 전공 관련된 학점이 높지 않기 때문에 회사에서는 일종의 커트라인 필터링이 필요하기 때문에 학점 및 다른 면허증 자격증 개수가 적어서 탈락할 수 있다고 생각합니다.","wordCount":26}}},"rawDataInfo":{"question":{"fileFormat":"wav","fileSize":431438,"duration":13480,"samplingBit":16,"channelCount":1,"samplingRate":"16kHz","audioPath":"/Mock/07.ProductionManufacturing/Male/New/ckmk_q_mm_m_n_185531.wav"},"answer":{"fileFormat":"wav","fileSize":1694158,"duration":52940,"samplingBit":16,"channelCount":1,"samplingRate":"16kHz","audioPath":"/Mock/07.ProductionManufacturing/Male/New/ckmk_a_mm_m_n_185531.wav"}}}