{"version":"1.0","dataSet":{"info":{"date":"20230116","occupation":"MM","channel":"MOCK","place":"ONLINE","gender":"MALE","ageRange":"45-54","experience":"NEW"},"question":{"raw":{"text":"지원자님께서 해외에 파견 근무를 나가게 된다면 어느 나라에서 일을 하고 싶으신가요 그 이유도 함께 말씀해 주세요","wordCount":16},"emotion":[],"intent":[]},"answer":{"raw":{"text":"어 그 지역을 제가 선택할 수 있다면 저는 태국을 선택하고 싶습니다. 저는 젊었을 때 태국에서 약 일 년 육 개월 정도 어 거기에서 현지에서 체류를 한 적이 있습니다. 당시에 친구가 그 여행사에 다니면서 가이드를 하고 있었는데 저는 거기서 체류하는 동안 한국 사람을 상대로 어 여행 가이드 해 봤고 어 물건도 팔아봤습니다. 저는 나름 그 지역의 태국에 대한 문화라든지 이제 그들의 생활에 대해서 많이 알고 있으며 익숙합니다. 현재 태국은 우리 한류 열풍으로 인해서 젊은이들은 한국의 드라마를 보고 한국의 음악을 듣고 우리 한국의 문화에 대해 심취해 있습니다. 이 때 저는 우리의 제품을 어 그 한류 문화와 적절히 잘 어 믹스를 해서 어 어 태국 시장에 진출을 한다면 그들은 별 부담감 없이 좀 더 쉽게 그 시장에 진출할 수 있을 거라고 생각합니다. 저는 이 태국을 발판으로 삼아서 그 주변에 있는 베트남 캄보디아 라오스 뭐 필리핀까지 우리의 그 시장을 점점 넓혀 갈 수 있을거라고 생각을 합니다. 태국은 다른 동남아국에 비해서 그 경제나 문화적인 면에서 조금 더 앞서 있기 때문에 저는 일단 첫 번째 어 시장으로 태국을 삼는 게 적당하다고 생각합니다.","wordCount":166},"emotion":[],"intent":[{"text":"저는 젊었을 때 태국에서 약 일 년 육 개월 정도 어   거기에서 현지에서 체류를 한 적이 있습니다.","expression":"c_private","category":"background"}],"summary":{"text":"저는 젊을 때 태국에서 일 년 육 개월 정도 체류하면서 한국 사람을 상대로 여행 가이드 해 봤고 물건도 팔아봤습니다. 현재 태국은 한류 열풍으로 젊은이들은 한국의 드라마와 음악을 듣고 한국 문화에 심취해 있습니다. 태국을 발판으로 주변에 있는 베트남 캄보디아 라오스 필리핀까지 우리의 시장을 점점 넓혀 갈 수 있을 거라고 생각합니다.","wordCount":49}}},"rawDataInfo":{"question":{"fileFormat":"wav","fileSize":563918,"duration":17620,"samplingBit":16,"channelCount":1,"samplingRate":"16kHz","audioPath":"/Mock/07.ProductionManufacturing/Male/New/ckmk_q_mm_m_n_172697.wav"},"answer":{"fileFormat":"wav","fileSize":2851278,"duration":89100,"samplingBit":16,"channelCount":1,"samplingRate":"16kHz","audioPath":"/Mock/07.ProductionManufacturing/Male/New/ckmk_a_mm_m_n_172697.wav"}}}