{"version":"1.0","dataSet":{"info":{"date":"20230116","occupation":"MM","channel":"MOCK","place":"ONLINE","gender":"MALE","ageRange":"45-54","experience":"NEW"},"question":{"raw":{"text":"지원자님께서 생각하시는 자신의 노년의 모습은 어떤 모습일까요 어 본인의 생각에 가장 이상적인 노년의 모습은 어떤 모습인지 말씀해 주시기 바랍니다","wordCount":19},"emotion":[],"intent":[]},"answer":{"raw":{"text":"제가 생각하는 노년의 모습은 육십 세에 은퇴를 하고 소일거리를 하면서 제가 좋아하는 외국어 배우기 역사 공부하기 여행 다니기 그리고 운동하기를 하면서 어 생활하는 것입니다. 이렇게 생활을 하기 위해서는 지금도 계속 준비를 하고 있고 육십 세에 은퇴를 한다고 해서 아무 일도 하는 것이 안 하는 것이 아니라 기본적으로 해야 되는 소일거리나 이런 관련들을 하면서 본인이 좋아하는 것들을 어 즐기면서 어 살고 싶습니다. 특히 어 해외 쪽에서 어 그동안 가봤던 곳도 좋고 좋았던 것 혹시 아니면 아 살고 싶은 곳에서 일 년에 한 달 혹은 두 달 정도 살아보기를 해보고 싶습니다. 이러한 부분들은 어느정도 자금이나 시간 계획들을 이 필요한 부분들이라 지금도 자금 관련된 부분 그러한 계획들은 계속 생각을 하면서 제가 가고 싶은 곳들 그러한 부분들에 대해서는 지금도 준비를 하고 있습니다. 이상적인 노년의 모습은 소일거리를 하며 해외에서 살고 싶은 곳에서 유유자적하며 살아보고 싶습니다.","wordCount":130},"emotion":[],"intent":[{"text":"","expression":"","category":"attitude"}],"summary":{"text":"제가 생각하는 이상적인 노년의 모습은 은퇴 후 소일거리를 하며 좋아하는 것들을 즐기면서 살고 싶은 곳에서 유유자적하며 살고 싶은 노년입니다.","wordCount":19}}},"rawDataInfo":{"question":{"fileFormat":"wav","fileSize":428238,"duration":13380,"samplingBit":16,"channelCount":1,"samplingRate":"16kHz","audioPath":"/Mock/07.ProductionManufacturing/Male/New/ckmk_q_mm_m_n_160312.wav"},"answer":{"fileFormat":"wav","fileSize":2783438,"duration":86980,"samplingBit":16,"channelCount":1,"samplingRate":"16kHz","audioPath":"/Mock/07.ProductionManufacturing/Male/New/ckmk_a_mm_m_n_160312.wav"}}}