{"version":"1.0","dataSet":{"info":{"date":"20230116","occupation":"MM","channel":"MOCK","place":"ONLINE","gender":"MALE","ageRange":"35-44","experience":"NEW"},"question":{"raw":{"text":"지원자가 현재 다룰 수 있는 프로그램과 그 수준은 어느 정도입니까","wordCount":10},"emotion":[],"intent":[]},"answer":{"raw":{"text":"제가 다룰 수 있는 프로그램은 파이썬입니다. 파이썬은 씨뿔뿔 씨샵 자바보다는 조금 쉽지만 비슷한 라이브러리를 가지고 반복 구문이나 데이터를 수집할 수 있는 프로그램으로 쓰기에는 최적화돼있습니다. 그 프로그램을 사용할 수 있는 수준은 중급에서 상급 정도이며 그 프로그램을 가지고 완벽한 플랫폼을 짜는 데는 다소 어려움이 있지만 기본적인 프로그램을 만들어서 응용하거나 컴파일링 할 정도의 수준은 충분히 된다고 생각합니다.","wordCount":54},"emotion":[],"intent":[{"text":"","expression":"","category":"attitude"}],"summary":{"text":"파이썬은 비슷한 라이브러리를 가지고 반복 구문이나 데이터를 수집할 수 있는 프로그램으로 쓰기에는 최적화돼있으며 기본적인 프로그램을 만들어서 응용하거나 컴파일링 정도의 수준은 됩니다.","wordCount":21}}},"rawDataInfo":{"question":{"fileFormat":"wav","fileSize":267278,"duration":8350,"samplingBit":16,"channelCount":1,"samplingRate":"16kHz","audioPath":"/Mock/07.ProductionManufacturing/Male/New/ckmk_q_mm_m_n_163011.wav"},"answer":{"fileFormat":"wav","fileSize":990798,"duration":30960,"samplingBit":16,"channelCount":1,"samplingRate":"16kHz","audioPath":"/Mock/07.ProductionManufacturing/Male/New/ckmk_a_mm_m_n_163011.wav"}}}