{"version":"1.0","dataSet":{"info":{"date":"20230116","occupation":"MM","channel":"MOCK","place":"ONLINE","gender":"MALE","ageRange":"45-54","experience":"NEW"},"question":{"raw":{"text":"지원자분께서 혹시나 매일매일 시간을 들여서 공부하고 계신 분야가 있으시다고 하면 조금 더 자세히 이야기해 주셨으면 좋겠습니다 만약에 있으시다면 그걸 왜 공부하시는지도 같이 이야기해 주세요","wordCount":24},"emotion":[],"intent":[]},"answer":{"raw":{"text":"저는 사내에 영어 스터디를 하고 있습니다. 뭐 비록 영어 스터디는 일 주일에 한 번이지만 저는 틈틈이 매일매일은 아니더라도 기회가 돼야할 때 갈 때마다 영어 회화 공부를 하고 있습니다. 현장에서 일을 하다보니 어 예전에는 뭐 안 그랬을지 모르겠지만 요즘은 뭐 외국 바이오한테 전화가 온다라든지 뭐 외국인이 공장을 방문한다든지 어 이런 일이 정말 비일비재합니다. 심지어는 뭐 외국에서 전화가 왔는데 어 뭐 영어로 얘기를 하거나 이럴 때 뭐 대답을 못한 이런 불상사를 막기 위해서 저는 영어 공부를 틈틈이 하고 있습니다. 저는 오히려 기술자일수록 영어 공부를 더 엔지니어일수록 영어를 더 잘 해야 된다 라고 생각을 합니다. 솔직히 말씀드려서 보통 라인 공장에서 쓰는 기계들이 대개 외국 제품들이 많습니다. 사실 우리나라는 아직까지도 좀 이런 대규모 큰 설비 공장 이런 기계들이 개발이 좀 늦게 늦다 보니 보통 대부분 외국에서 외국 제품들인데 이거에 대해서 무슨 문제가 생겼거나 뭐 고장이 났을 때 아님 유지 보수를 할 때 어 통화를 해야 되는데 이 대부분 외국인들이기 때문에 영어를 얘기하는데 영어를 못하면 암만 엔지니어라도 그거에 대한 답을 들을 수가 없습니다. 전 오히려 기술자이기 때문에 선진 기술을 배우기 위해서 영어가 더 필요하다고 생각합니다.","wordCount":170},"emotion":[],"intent":[{"text":"","expression":"","category":"attitude"}],"summary":{"text":"라인 공장에서 쓰는 기계들이 대부분 외국 제품들이기 때문에 외국에 대한 전화나 고장 시, 유지 보수를 할 때 영어를 못해도 답을 들을 수 없습니다. 그래서 저는 기술자이기 때문에 선진 기술을 배우기 위해서 영어가 더 필요하다고 생각합니다.","wordCount":35}}},"rawDataInfo":{"question":{"fileFormat":"wav","fileSize":609358,"duration":19040,"samplingBit":16,"channelCount":1,"samplingRate":"16kHz","audioPath":"/Mock/07.ProductionManufacturing/Male/New/ckmk_q_mm_m_n_160089.wav"},"answer":{"fileFormat":"wav","fileSize":2845518,"duration":88920,"samplingBit":16,"channelCount":1,"samplingRate":"16kHz","audioPath":"/Mock/07.ProductionManufacturing/Male/New/ckmk_a_mm_m_n_160089.wav"}}}