{"version":"1.0","dataSet":{"info":{"date":"20230116","occupation":"MM","channel":"MOCK","place":"ONLINE","gender":"MALE","ageRange":"45-54","experience":"NEW"},"question":{"raw":{"text":"업무를 진행하면 가장 어려울 것이라고 예상되는 것이 있나요 혹시 그러한 상황이 닥치게 된다면 어떻게 대처하실 건가요","wordCount":16},"emotion":[],"intent":[]},"answer":{"raw":{"text":"네 제 성격 탓인지 모르겠는데 저는 일을 함에 있어서는 딱히 어려운 일은 없을 거라고 생각을 합니다. 뭐 제가 할 수 있는 일이니까 그 일을 업무를 맡기신 걸 고 맡기신 걸 거고 어 제가 설사 모르는 일이 있더라도 어 그거는 저는 주변에 선배나 후배 뭐 동료한테 도움을 청하면 될 거라고 생각을 합니다. 저는 개인적으로 그 일보다 더 어려운 거는 사람과의 관계라고 생각을 합니다. 요즘 저희 우리 직장인들을 보면 솔직히 가족과 있는 시간보다 회사에서 동료랑 있는 시간이 더 깁니다. 그러니 만큼 그 사람과 사람이 그렇게 오랜 시간을 같이 보내는데 그 관계가 불편하다 라든지 그 동료와의 문제가 생긴다고 그러면 어 직장 생활은 소위 진짜 쉽지 않을 거라고 생각을 합니다. 물론 제가 동료를 대함에 있어서 진실로 대하고 어 그들한테 어 진실하게 다가갔을 때 그들 역시 저한테도 진실하게 대해줄 거라고 생각은 하지만 저는 그래도 사람과 사람이 만나서 이렇게 같이 커뮤니케이션을 하고 하는 것이 좀 어렵고 힘들었던 것 같습니다.","wordCount":143},"emotion":[],"intent":[{"text":"","expression":"","category":"attitude"}],"summary":{"text":"저는 일을 함에 있어서는 딱히 어려운 일은 없을 것이라고 생각합니다. 개인적으로 그 일보다 더 어려운 거는 사람과의 관계라고 생각합니다. 직장에서 동료랑 있는 시간이 더 길기 때문에 그 관계가 불편하다 다든지 그 동료와의 문제가 생긴다고 그러면 직장 생활은 진짜 쉽지 않을 거라고 생각합니다. ","wordCount":42}}},"rawDataInfo":{"question":{"fileFormat":"wav","fileSize":333518,"duration":10420,"samplingBit":16,"channelCount":1,"samplingRate":"16kHz","audioPath":"/Mock/07.ProductionManufacturing/Male/New/ckmk_q_mm_m_n_160247.wav"},"answer":{"fileFormat":"wav","fileSize":2680398,"duration":83760,"samplingBit":16,"channelCount":1,"samplingRate":"16kHz","audioPath":"/Mock/07.ProductionManufacturing/Male/New/ckmk_a_mm_m_n_160247.wav"}}}