{"version":"1.0","dataSet":{"info":{"date":"20230116","occupation":"MM","channel":"MOCK","place":"ONLINE","gender":"MALE","ageRange":"45-54","experience":"NEW"},"question":{"raw":{"text":"이루고 싶은 인생의 목표가 있다면 왜 그것을 이루고 싶은지 그 이유와 함께 말씀해 주세요","wordCount":14},"emotion":[],"intent":[]},"answer":{"raw":{"text":"제가 이루고 싶은 인생의 목표는 육십 세에 은퇴를 하고 생계에 를 위한 일을 하는 것이 아닌 소율 조합 본인이 좋아하는 일을 하면서 어 전 세계에서 제가 일 년에 한 번 정 일 년에 한 달 정도 제가 살아 보고 싶은 곳에 가서 살면서 여생을 보내고 싶습니다. 그러기 위해서는 자금이나 계획이나 여러 가지들을 준비를 해 오고 있고요. 제가 하고 싶은 것들은 외국어를 계속 배우면서 어 제가 사 개 국어 정도를 하는데 거기에 최근에는 스페인어를 공부를 하고 있습니다. 어 스페인어를 공부를 한 이유는 스페어 권 쪽에 관심을 가지기 시작을 하면서 스페인 뿐만이 아니라 남미 일 여행을 할 때에도 도움이 될까 생각을 해서 공부를 하고 있습니다. 또한 그 역사 쪽 관련된 부분도 같이 공부를 하고 있는데요. 제가 역사 관광 통역 안내사 및 어 문화유산 해설사 자격증을 가지고 있어서 이걸 관련된 부분들을 그 죽을 때까지 계속하면서 새고 싶습니다.","wordCount":134},"emotion":[],"intent":[{"text":"","expression":"","category":"attitude"}],"summary":{"text":"제가 이루고 싶은 인생의 목표는 은퇴를 하고 본인이 좋아하는 일을 하면서 일 년에 한 번 정도 제가 살아 보고 싶은 곳에 가서 살면서 여생을 보내고 싶은 것입니다. 그러기 위해서 자금이나 계획이나 여러 가지들을 준비를 해 오고 있습니다.","wordCount":37}}},"rawDataInfo":{"question":{"fileFormat":"wav","fileSize":270158,"duration":8440,"samplingBit":16,"channelCount":1,"samplingRate":"16kHz","audioPath":"/Mock/07.ProductionManufacturing/Male/New/ckmk_q_mm_m_n_163276.wav"},"answer":{"fileFormat":"wav","fileSize":2801998,"duration":87560,"samplingBit":16,"channelCount":1,"samplingRate":"16kHz","audioPath":"/Mock/07.ProductionManufacturing/Male/New/ckmk_a_mm_m_n_163276.wav"}}}