{"version":"1.0","dataSet":{"info":{"date":"20230116","occupation":"MM","channel":"MOCK","place":"ONLINE","gender":"MALE","ageRange":"35-44","experience":"NEW"},"question":{"raw":{"text":"지원자님의 의견을 주장하실 때 강하게 주장하는 편인가요 어떤 스타일로 자신의 의견을 주장하는지 말씀 부탁드립니다","wordCount":14},"emotion":[],"intent":[]},"answer":{"raw":{"text":"이십 대 학생 때는 저의 어떤 의견이 있으면 그것이 관철될 때까지 끝까지 강하게 주장을 하고 그에 맞는 필요한 근거들을 제시했던 편입니다. 그런데 삼십 대 직장인이 되면서 가장 많이 느낀 것은 내가 지금 알고 있는 지식이나 지혜 또는 경험이 때로는 맞았지만 지금은 틀릴 수도 있고 제가 옳다고 믿었던 것이 맞지 않았을 수도 있기 땜에 강하게 주장을 하지 않는 편입니다. 특히나 강하게 주장을 했다가 제 의견이 틀렸다거나 제 의견이 완전히 잘못된 정보였다면 제 스스로 입지도 좁아지고 사람들에게 신뢰성을 떨어뜨릴 수 있습니다. 그래서 저는 제 의견을 주장할 때 일단은 의견을 제시를 합니다. 그리고 이 방법도 있으니 한 번 다 같이 이 방법도 하나의 솔루션으로 같이 가보자 라고 생각을 하고 그 의견에 대한 근거들을 기존에 있는 지식들을 기반으로 많이 추가하여 근거를 뒷받침할 수 있는 또 다른 증빙 자료들을 온라인이나 논문에서 많이 찾고 그것이 맞다고 생각하고 그것이 꼭 필요한 솔루션이라 생각하면 그때 더 쪼금 강하게 주장을 하는 편입니다. 무조건적인 주장은 추후에 저 스스로를 궁지에 몰 수 있기 때문에 잘 하지 않는 편입니다.","wordCount":157},"emotion":[],"intent":[{"text":"이십 대 학생 때는 저의 어떤 의견이 있으면 그것이 관철될 때까지 끝까지    강하게 주장을 하고 그에 맞는 필요한 근거들을 제시했던 편입니다.","expression":"c_person","category":"background"}],"summary":{"text":"저는 제 의견을 주장할 때 일단 의견을 제시를 합니다. 그리고 그 의견에 대한 근거들을 기존에 있는 지식들을 기반으로 많이 추가하여 근거를 뒷받침할 수 있는 또 다른 증빙 자료들을 온라인이나 논문에서 많이 찾고 그것이 맞다고 생각하고 그것이 꼭 필요한 솔루션이라 생각하면 그때 더 강하게 주장을 하는 편입니다.","wordCount":46}}},"rawDataInfo":{"question":{"fileFormat":"wav","fileSize":317838,"duration":9930,"samplingBit":16,"channelCount":1,"samplingRate":"16kHz","audioPath":"/Mock/07.ProductionManufacturing/Male/New/ckmk_q_mm_m_n_163009.wav"},"answer":{"fileFormat":"wav","fileSize":2541518,"duration":79420,"samplingBit":16,"channelCount":1,"samplingRate":"16kHz","audioPath":"/Mock/07.ProductionManufacturing/Male/New/ckmk_a_mm_m_n_163009.wav"}}}