{"version":"1.0","dataSet":{"info":{"date":"20230116","occupation":"MM","channel":"MOCK","place":"ONLINE","gender":"MALE","ageRange":"45-54","experience":"NEW"},"question":{"raw":{"text":"어 지원자님께서는 스트레스를 받을 때 나름대로 본인만의 스트레스 해소 방법이 있는지요 어 있다면 어떤 방법인지 또 왜 그렇게 스트레스를 해소하는지도 함께 말씀해 주시기 바랍니다","wordCount":24},"emotion":[],"intent":[]},"answer":{"raw":{"text":"스트레스를 해소 하는 저만에 방법이라고 얘기를 한다고 하면 저는 운동을 하는 편입니다. 어 그동안에 어떠한 스트레스가 발생을 하시 그 문제를 해결하기 위해서 계속 고민하고 생각하다 보면 더욱더 스트레스를 쌓이는 경우가 많이 있었습니다. 그래서 기본적으로 스트레스가 사 어떤 문제로 인해서 스트레스가 발생을 하면 어 바 그 문제에서 제 삼자 객관적인 입장에서 그 문제를 바라보기 위해서 어 일단 운동을 합니다. 운동을 제가 좋아하는 운동인 헬스나 농구 땀을 흘릴 수 운동을 하고요. 그 땀을 흘린 후에 샤워를 한 다음에 맑은 정신으로 다시 한번 그 스트레스에 직면을 합니다. 그러 스트레스 그 당시에 다시 직면을 하게 되면 정신적으로나 육체적으로나 좀 프래시한 기분 전환이 된 상태에서 그 스트레스를 맞이하고 맞이하게 되기 때문에 맨 처음 받았던 그 스트레스보다는 좀 더 객관적이고 어 분석적으로 접근이 가능한 것 같습니다. 물론 모든 문제들이 발생 스트레스를 이러한 방법으로 해서 이런 방법으로 해서 해소를 하면서 처리하는 것은 아니지만 이 방법은 저한테는 잘 맞는 것 같습니다.","wordCount":143},"emotion":[],"intent":[{"text":"","expression":"","category":"attitude"}],"summary":{"text":"저는 운동을 하는 편입니다. 어떤 문제로 인해 스트레스가 발생하면 그 문제에서 제 삼자 객관적인 입장에서 그 문제를 바라보기 위해서 운동을 합니다. 운동을 한 후에 다시 스트레스에 직면하면 기분 전환이 된 상태에서 스트레스에 맞닥뜨리기 때문에 객관적이고 분석적으로 접근이 가능합니다.","wordCount":38}}},"rawDataInfo":{"question":{"fileFormat":"wav","fileSize":535118,"duration":16720,"samplingBit":16,"channelCount":1,"samplingRate":"16kHz","audioPath":"/Mock/07.ProductionManufacturing/Male/New/ckmk_q_mm_m_n_163471.wav"},"answer":{"fileFormat":"wav","fileSize":2670798,"duration":83460,"samplingBit":16,"channelCount":1,"samplingRate":"16kHz","audioPath":"/Mock/07.ProductionManufacturing/Male/New/ckmk_a_mm_m_n_163471.wav"}}}