{"version":"1.0","dataSet":{"info":{"date":"20230116","occupation":"MM","channel":"MOCK","place":"ONLINE","gender":"MALE","ageRange":"45-54","experience":"NEW"},"question":{"raw":{"text":"지원자님께서는 스터디를 따로 하고 계신 것이 있으신가요 만약 있다면 어떤 공부를 또 왜 하고 계신지도 말씀 부탁드립니다","wordCount":17},"emotion":[],"intent":[]},"answer":{"raw":{"text":"어 저는 어 영어 회화 공부를 하고 있고 앞으로도 계속할 계획에 있습니다. 어 저는 어 엔지니어도 영어를 잘 하고 잘 알아야 된다라는 생각을 가지고 있습니다. 솔직히 말해서 우리가 지금 공장에서 운영하고 있는 기계들은 대부분 외국에서 만든 기계들입니다. 이 기계에 뭐 사용법이라든지 이런 것들은 사실 다 영어로 되어 있습니다. 그것을 인위적으로 해석을 해 가지고 우리가 사용하고 있는데 어 이 회 이 그 설명서를 정확히 이해를 해야 일단은 이 기계를 운영할 줄 안다 라고 저는 생각을 합니다. 이것을 이것이 만약 고장이 생겼거나 어떤 문제가 있을 때 주먹구구식으로 뭐 선배에서 전해 받은 아 물론 선배에게 전해 받은 그 노하우와 기술도 매우 중요하지만 그것을 정식 그 사용법을 이해를 못하고 그런 노하우를 안다 라는 것은 어 저는 진짜 장님이 코끼리 단지 만지는 것과 똑같다 라고 생각을 합니다. 실제적으로 근무를 하다보면 주문서라든지 뭐 유지 보수 이런 걸 할 때 모든 그 서류가 다 영어로 옵니다. 그런데 그거를 이해를 못 해 가지고 생 어 이해를 못한다면 저는 엔지니어로서는 엔지니어로서의 자격이 없다 라고 생각을 합니다. 그래서 저는 개인적으로 영어 공부를 하고 있고 앞으로도 계속해 나갈 계획입니다.","wordCount":168},"emotion":[],"intent":[{"text":"","expression":"","category":"attitude"}],"summary":{"text":"엔지니어도 영어를 잘 하고 잘 알아야 합니다. 대부분의 공장 운영 기계들은 영어로 되어 있습니다. 설명서를 정확히 이해해야 기계를 운영할 줄 압니다. 고장이 생겼거나 어떤 문제가 있을 때 주먹구구식으로 전달 받은 노하우와 기술도 중요하지만 정식 사용법을 이해하지 못하면 엔지니어로서의 자격이 없습니다. 그래서 개인적으로 영어 회화 공부를 하고 계속해 나갈 계획입니다.","wordCount":49}}},"rawDataInfo":{"question":{"fileFormat":"wav","fileSize":467278,"duration":14600,"samplingBit":16,"channelCount":1,"samplingRate":"16kHz","audioPath":"/Mock/07.ProductionManufacturing/Male/New/ckmk_q_mm_m_n_172701.wav"},"answer":{"fileFormat":"wav","fileSize":2884558,"duration":90140,"samplingBit":16,"channelCount":1,"samplingRate":"16kHz","audioPath":"/Mock/07.ProductionManufacturing/Male/New/ckmk_a_mm_m_n_172701.wav"}}}