{"version":"1.0","dataSet":{"info":{"date":"20230116","occupation":"MM","channel":"MOCK","place":"ONLINE","gender":"MALE","ageRange":"45-54","experience":"NEW"},"question":{"raw":{"text":"지원자님께서 그동안 인생에서 겪었던 갈등 중에서 가장 심각했던 갈등은 어떤 것이 있었는지요 어 그중에 한 가지만 골라서 한 번 자세히 말씀해 주시겠습니까","wordCount":22},"emotion":[],"intent":[]},"answer":{"raw":{"text":"인생에서 겪었던 갈등 중 가장 심각했던 갈등은 층간 소음이었습니다. 그게 제가 본인이 아니고 연립주택에 사셔 삼 층에 사셨던 어 노모와 이 층에 새롭게 세 들어온 사람과의 갈등이었는데요. 팔십 노모가 조금만 소리를 내도 그거에 그것에 민감하게 반응을 하는 이 층 사람 때문에 어 매번 경찰이 왔 왔었고 그것 때문에 어머니도 스트레스를 받으시고 삼 층에서 일 층으로 내려갈 때 계단을 이용해서 내려갔을 때 이 층 사람들과 이 층 사람과의 마주침으로 인한 불안감을 느끼셨던 부분들 아 저 아들로서 저도 경찰에 신고를 하고 음 층간소음 중재위원회에다가도 어 민원을 냈고 하지만 대화를 전적으로 거부하는 이 층 사람 때문에 결국은 매번 경찰이 왔다가 가야 서 가야 하는 이런 상황들은 계속 이어졌습니다. 최종적으로는 어머님께서 이사를 하는 과 이사를 함으로써 갈등은 해소가 되었긴 했지만 어 이러한 상황들이 가장 심각했던 갈등 상황이었습니다.","wordCount":123},"emotion":[],"intent":[{"text":"","expression":"","category":"attitude"}],"summary":{"text":"층간 소음은 인생에서 가장 심각했던 갈등 상황이었습니다. 삼 층에 사시는 노모와 이 층에 새로 들어온 사람과의 갈등으로 경찰이 오가는 상황이 계속 이어졌습니다. 최종적으로는 어머니께서 이사를 함으로써 갈등은 해소되었지만 이러한 상황들이 가장 심각했습니다.","wordCount":32}}},"rawDataInfo":{"question":{"fileFormat":"wav","fileSize":480718,"duration":15020,"samplingBit":16,"channelCount":1,"samplingRate":"16kHz","audioPath":"/Mock/07.ProductionManufacturing/Male/New/ckmk_q_mm_m_n_172301.wav"},"answer":{"fileFormat":"wav","fileSize":2739278,"duration":85600,"samplingBit":16,"channelCount":1,"samplingRate":"16kHz","audioPath":"/Mock/07.ProductionManufacturing/Male/New/ckmk_a_mm_m_n_172301.wav"}}}