{"version":"1.0","dataSet":{"info":{"date":"20230116","occupation":"MM","channel":"MOCK","place":"ONLINE","gender":"MALE","ageRange":"45-54","experience":"NEW"},"question":{"raw":{"text":"면접자님께서는 만약 면접자님의 직무에 맞지 않는 일을 하게 되신다면 어떻게 하시겠습니까 그래도 괜찮으신가요","wordCount":13},"emotion":[],"intent":[]},"answer":{"raw":{"text":"어 만약 이런 일이 정말로 저한테 이루어진 이루어진다 라고 하면 어 저는 참 안타까울 것 같습니다. 저는 제가 지원한 이 직무에 도전하기 위해서 꽤 오랫동안 노력을 해왔습니다. 저는 직무와 관련된 자격증 취득도 하였고 어 나름 저는 이 일을 정말 진심으로 잘 해보고자 어 인턴 경험도 있습니다. 그런데 제가 지원한 직무가 아닌 다른 직무에 배치가 된다면 일단 저로서는 좀 안타까울 것 같습니다. 어 한 편으로 이런 생각도 해봅니다. 일단 회사에서 저를 채용했다 라는 것은 제 능력을 샀다 라는 얘기고 어 제 이력서를 랑 뭐 제가 지원한 직무가 있음에도 불구하고 다른 부서에다 저희 어 배속을 시킨다라고 하면 저는 회사 측에서 어 저희 저에게서 뭐 다른 가능성을 봤다고 믿고 싶습니다. 일단은 제가 지원한 친구가 아니에 어 이 좀 힘들고 적응하기 어려울 것 같지만 그래도 일단은 한 번 어 도전해 보고 싶습니다. 어 회사에서 그렇게 결정을 했다 라고 그러면 나름의 이유가 있을 것이라고 생각이 듭니다. 어 낯설지만 새로운 직무에서 한번 열심히 배워보고 싶습니다.","wordCount":149},"emotion":[],"intent":[{"text":"","expression":"","category":"attitude"}],"summary":{"text":"저는 지원한 직무가 아닌 다른 직무에 배치가 된다면 참 안타까울 것 같습니다. 회사에서 저를 채용했다 라는 것은 제 능력을 샀다 라는 얘기이고 적응하기 어려울 것 같지만 일단 한번 도전해 보고 싶습니다. 새로운 직무에서 한번 열심히 배워보고 싶습니다.","wordCount":37}}},"rawDataInfo":{"question":{"fileFormat":"wav","fileSize":361038,"duration":11280,"samplingBit":16,"channelCount":1,"samplingRate":"16kHz","audioPath":"/Mock/07.ProductionManufacturing/Male/New/ckmk_q_mm_m_n_179356.wav"},"answer":{"fileFormat":"wav","fileSize":2559438,"duration":79980,"samplingBit":16,"channelCount":1,"samplingRate":"16kHz","audioPath":"/Mock/07.ProductionManufacturing/Male/New/ckmk_a_mm_m_n_179356.wav"}}}