{"version":"1.0","dataSet":{"info":{"date":"20230116","occupation":"MM","channel":"MOCK","place":"ONLINE","gender":"MALE","ageRange":"45-54","experience":"NEW"},"question":{"raw":{"text":"지원자님께서는 팀장에 더 잘 맞을 것 같은지 팀원에 더 잘 맞을 것 같은지 그 이유와 함께 이야기 해 주시기 바랍니다","wordCount":20},"emotion":[],"intent":[]},"answer":{"raw":{"text":"아 솔직히 말해서 팀장보다는 팀원을 하는 게 마음이 편합니다. 당 당연한 얘기겠지만 팀장이라는 것은 어떤 프로젝트가 주어졌을 때 그 프로젝트를 완수하기 위해서 팀을 조율를 하고 일에 순서를 정하고 여러 가지로 책임이 따르다 보니 솔직히 일을 할 때는 팀장보다는 팀원으로 일하는 게 부담감도 적고 제 능력을 좀 더 발휘하고 어 제가 팀 원으로 참가 했을 때 어 좀 더 좋은 결과를 냈던 것 같습니다. 어 저는 나름 제 스스로를 그 창의적인 사람이라고 생각을 합니다. 창의적이라는 것은 좀 부담이 없을 때 오히려 여러 가지 아이디어를 낼 수 있고 그 사고의 폭을 넓힐 수 있습니다. 하지만 팀장이 되면 그 순간부터 책임이 따르고 그것을 인제 팀을 운영한 것에 인제 집중을 하다 보면 저는 관리자적 입장이 되지 그 창의적인 그 입장이 안 못 됐던 것 같습니다. 그래서 저는 일을 할 때 개인적으로는 팀장보다는 팀원으로 이 일을 접했을 때 좀 더 좋은 아이디어를 내고 성과를 낼 수 있었던 것 같습니다.","wordCount":144},"emotion":[],"intent":[{"text":"","expression":"","category":"attitude"}],"summary":{"text":"창의적이라는 것은 부담이 없을 때 여러 가지 아이디어를 낼 수 있고 사고의 폭을 넓힐 수 있습니다. 하지만 팀장이 되면 그 순간부터 책임이 따르고 팀을 운영하는 것에 집중을 하다 보면  관리자적 입장이 되지 창의적인 입장이 되지 않았던 것 같습니다. 그래서 개인적으로 팀원으로 이 일을 접했을 때 더 좋은 아이디어를 내고 성과를 낼 수 있었던 것 같습니다.","wordCount":55}}},"rawDataInfo":{"question":{"fileFormat":"wav","fileSize":345678,"duration":10800,"samplingBit":16,"channelCount":1,"samplingRate":"16kHz","audioPath":"/Mock/07.ProductionManufacturing/Male/New/ckmk_q_mm_m_n_163999.wav"},"answer":{"fileFormat":"wav","fileSize":2458318,"duration":76820,"samplingBit":16,"channelCount":1,"samplingRate":"16kHz","audioPath":"/Mock/07.ProductionManufacturing/Male/New/ckmk_a_mm_m_n_163999.wav"}}}