{"version":"1.0","dataSet":{"info":{"date":"20230116","occupation":"MM","channel":"MOCK","place":"ONLINE","gender":"MALE","ageRange":"45-54","experience":"NEW"},"question":{"raw":{"text":"고장 난 기계나 장비 등을 성공적으로 교체해 본 경험에 대해 말씀해 주세요","wordCount":12},"emotion":[],"intent":[]},"answer":{"raw":{"text":"고장난 기계나 장비 등을 성공적으로 교체 핸게 해본 경험은 이전 회사에서 제가 아 스탠핑 머신이라는 기계를 프로모션 하면서 어 했던 경험이 있습니다. 스탠핑 머신이라는 것은 어 핸드폰이나 테블릿 등에 들어가는 도강판에 패턴을 만드는 설비인데요. 일반적으로 엘씨디 자체는 자체 발광을 하지 않기 때문에 백라이트라는 광원을 이 필요합니다. 이 광원은 어 이 불을 발사를 해주면 이 도강판을 통해서 그 패턴에 따라서 빛이 고르게 에 엘시디 화면에 전체적으로 보며 고르게 나가게 해주는 역할을 하는데요. 제가 기술자나 엔지니어는 아니었지만 기술 영업을 계속 진행을 하다 보니 프로모션을 해서 기계 설비가 팔리게 되는 경우에 직접 캘리브레이션을 위해서 킬리 설치 엔지니어와 함께 음 고객사 공장에 가서 일 주일 열흘 같이 여러 가지 설비를 통역을 하고 같이 업무를 하다 보니 그런 장비들이나 설비들 관련된 오퍼레이 에이션 관련된 부분들은 저도 어 어느 정도 알고 있습니다.","wordCount":126},"emotion":[{"text":"스탠핑 머신이라는 것은 어 핸드폰이나 테블릿 등에 들어가는 도강판에 패턴을   만드는 설비인데요.","expression":"u-fact","category":"neutral"},{"text":"일반적으로 엘씨디 자체는 자체 발광을 하지 않기 때문에 백라이트라는 광원을 이 필요합니다.","expression":"u-fact","category":"neutral"},{"text":"이 광원은 어   이 불을 발사를 해주면 이 도강판을 통해서 그 패턴에 따라서 빛이 고르게   에 엘시디 화면에 전체적으로 보며 고르게 나가게 해주는 역할을 하는데요.","expression":"u-fact","category":"neutral"}],"intent":[{"text":"고장난 기계나 장비 등을 성공적으로 교체 핸게 해본 경험은 이전 회사에서   제가 아 스탠핑 머신이라는 기계를 프로모션 하면서 어   했던 경험이 있습니다.","expression":"f_equip","category":"technology"},{"text":"스탠핑 머신이라는 것은 어 핸드폰이나 테블릿 등에 들어가는 도강판에 패턴을   만드는 설비인데요.","expression":"f_equip","category":"technology"}],"summary":{"text":"고장난 기계나 장비 등을 성공적으로 교체 핸게 해본 경험은 이전 회사에서 스탠핑 머신을 프로모션 하면서 했던 경험이 있습니다. 엘씨디는 자체 발광하지 않아 백라이트라는 광원이 필요한데, 이 광원은 패턴을 따라 빛이 고르게 엘시디 화면에 전체적으로 보며 고르게 나가게 해주는 역할을 합니다.","wordCount":40}}},"rawDataInfo":{"question":{"fileFormat":"wav","fileSize":243278,"duration":7600,"samplingBit":16,"channelCount":1,"samplingRate":"16kHz","audioPath":"/Mock/07.ProductionManufacturing/Male/New/ckmk_q_mm_m_n_163278.wav"},"answer":{"fileFormat":"wav","fileSize":2760398,"duration":86260,"samplingBit":16,"channelCount":1,"samplingRate":"16kHz","audioPath":"/Mock/07.ProductionManufacturing/Male/New/ckmk_a_mm_m_n_163278.wav"}}}