{"version":"1.0","dataSet":{"info":{"date":"20230116","occupation":"MM","channel":"MOCK","place":"ONLINE","gender":"MALE","ageRange":"45-54","experience":"NEW"},"question":{"raw":{"text":"지원자님께서 생각하시는 가장 생산적인 교대 근무 형태는 무엇입니까 그 근거를 설명해 주시겠습니까","wordCount":12},"emotion":[],"intent":[]},"answer":{"raw":{"text":"저는 예전에 실제로 교번근무를 해 본 경험이 있습니다. 이 교대 막교대 근무도 해본 적이 있고 삼 교대도 해본 적이 있는데 저는 개인적으로 삼 교대 근무가 가장 이상적인 교번근무라고 생각을 합니다. 막교대인 경우에는 솔직히 일이 너무 벅찹니다. 일을 하고 나서 어느정도 휴식을 취하고 그래야지 그 작업의 능률이 오르게 되는데 처음엔 모르겠지만 이게 반복이 된다면 아무래도 이번 이 교대 근무는 좀 무리가 따를 것 같습니다. 그에 반해 삼 교대 근무 같은 경우는 근무 시간은 똑같으면서도 개인적으로 시간을 더 많이 가질 수 있기 때문에 어 피로를 풀 수도 있고 그 남는 시간을 통해서 개인적 활동을 할 수 있기에 저는 오히려 이것이 생산의 능률을 더 높일 수 있는 방법이라고 생각합니다. 물론 삼 교육 교번근무를 하게 되면 어 주말에도 일을 나가야 되고 하는 단점이 있지만 저는 개인적으로 어 남들이 쉴 때 제가 남들이 일을 할 때 쉴 수 있는 것을 오히려 장점이라고 생각을 합니다. 어 뭐 영화관에 가도 좀 더 붐비지 않은 시간에 이용을 할 수 있고 어 주중에 제가 개인적으로 제가 하고 싶은 활동을 할 수 있기 때문에 저는 오히려 삼 교대 근무가 어 개인들한테는 더 좋은 교번근무의 형태라고 생각합니다.","wordCount":176},"emotion":[],"intent":[{"text":"이 교대 막교대 근무도 해본 적이 있고 삼 교대도 해본 적이 있는데 저는 개인적으로 삼 교대 근무가 가장   이상적인 교번근무라고 생각을 합니다.","expression":"f_shift","category":"technology"},{"text":"그에 반해 삼 교대 근무 같은 경우는   근무 시간은 똑같으면서도 개인적으로 시간을 더 많이 가질 수 있기 때문에   어 피로를 풀 수도 있고 그 남는 시간을 통해서 개인적 활동을 할 수 있기에 저는 오히려 이것이 생산의 능률을 더 높일 수 있는 방법이라고 생각합니다.","expression":"f_shift","category":"technology"},{"text":"어 뭐 영화관에 가도 좀 더 붐비지 않은 시간에 이용을 할 수 있고   어 주중에 제가 개인적으로 제가 하고 싶은 활동을 할 수 있기 때문에 저는 오히려 삼 교대 근무가 어 개인들한테는 더 좋은 교번근무의 형태라고 생각합니다.","expression":"f_shift","category":"technology"}],"summary":{"text":"교번근무는 맞교대 근무와 삼 교대 근무가 가장 이상적인 형태라고 생각합니다. 맞교대는 일이 너무 벅차서 휴식을 취하고 작업의 능률이 오르게 되는데 이것이 반복된다면 무리가 따를 것 같습니다. 삼 교대근무는 근무 시간은 똑같으면서 개인적인 시간을 더 많이 가질 수 있어서 오히려 생산의 능률을 더 높일 수 있는 방법이라고 생각합니다.","wordCount":47}}},"rawDataInfo":{"question":{"fileFormat":"wav","fileSize":460878,"duration":14400,"samplingBit":16,"channelCount":1,"samplingRate":"16kHz","audioPath":"/Mock/07.ProductionManufacturing/Male/New/ckmk_q_mm_m_n_165946.wav"},"answer":{"fileFormat":"wav","fileSize":2771918,"duration":86620,"samplingBit":16,"channelCount":1,"samplingRate":"16kHz","audioPath":"/Mock/07.ProductionManufacturing/Male/New/ckmk_a_mm_m_n_165946.wav"}}}