{"version":"1.0","dataSet":{"info":{"date":"20230116","occupation":"MM","channel":"MOCK","place":"ONLINE","gender":"MALE","ageRange":"45-54","experience":"NEW"},"question":{"raw":{"text":"업무를 하면서 가장 어려울 것으로 예상되는 것은 무엇인가요 그리고 그에 대해 어떻게 대처할 생각이신지 설명해 주세요","wordCount":16},"emotion":[],"intent":[]},"answer":{"raw":{"text":"제가 생각하는 직장 내에서 가장 어려울 것으로 생각되는 것은 인간관계입니다. 직장 상사와 동료들 간의 인간관계죠. 이 인간 관계가 잘못되게 되면 굉장히 괴롭습니다. 일은 배워 나가면서 적응할 수 있지만 동료들 간에 그리고 직장 상사 간에 트러블이 생기는 것은 회복하기가 굉장히 오랜 시간이 걸립니다. 저 혼자만 회사에 다닌 게 아니기 때문에 주변에 조력이 없이는 원활히 업무수행을 할 수가 없습니다. 그래서 제가 생각하는 가장 어려운 점은 인간 관계고요. 그리고 저는 부침성이 굉장히 좋기 때문에 언제나 밝은 모습으로 긍정적인 에너지를 뿜으면서 먼저 직장 상사와 동료들에게 다가가겠습니다.","wordCount":82},"emotion":[{"text":"이 인간 관계가 잘못되게 되면 굉장히 괴롭습니다.","expression":"n-distress","category":"negative"}],"intent":[{"text":"","expression":"","category":"attitude"}],"summary":{"text":"직장 내에서 가장 어려운 점은 상사와 동료들 간의 인간 관계인데 이 인간 관계가 잘못되게 되면 굉장히 괴롭습니다. 붙임성이 굉장히 좋기 때문에 언제나 긍정적인 모습으로 먼저 직장 상사와 동료들에게 다가가겠습니다.","wordCount":29}}},"rawDataInfo":{"question":{"fileFormat":"wav","fileSize":396238,"duration":12380,"samplingBit":16,"channelCount":1,"samplingRate":"16kHz","audioPath":"/Mock/07.ProductionManufacturing/Male/New/ckmk_q_mm_m_n_172604.wav"},"answer":{"fileFormat":"wav","fileSize":2287118,"duration":71470,"samplingBit":16,"channelCount":1,"samplingRate":"16kHz","audioPath":"/Mock/07.ProductionManufacturing/Male/New/ckmk_a_mm_m_n_172604.wav"}}}