{"version":"1.0","dataSet":{"info":{"date":"20230116","occupation":"MM","channel":"MOCK","place":"ONLINE","gender":"MALE","ageRange":"45-54","experience":"NEW"},"question":{"raw":{"text":"지원자님은 조직 혹은 단체 내에서 주로 어떤 역할을 담당하는 사람이었나요","wordCount":10},"emotion":[],"intent":[]},"answer":{"raw":{"text":"조직 단체 속에서 저의 역할은 팀장 역할이나 리더 역할도 있었고 팀원으로서의 역할 또한 있었습니다. 특히 팀장 역할을 했던 부분들은 기존에 있었던 방식이 영업 신규 매출 쪽을 일으킬 수 일으키는 데는 한계가 있다고 생각을 해고 하고 제가 직접 어 저의 연고가 없는 하지만 고객사들이 많이 모여있는 중국의 남방지역인 광동성 지역의 심천에 가서 사무소를 구하고 사무소에서 일을 해야 되는 중국 인원들을 면접 채용하였으며 그 인원들로 하여금 같이 어 로칼 영업을 진행을 하면서 신규 직 금 최종적으로는 신규 영업 매출을 창출하고 미수금까지 에 처리를 하는 팀장 역할을 진행한 경험을 가지고 있습니다. 팀원으로서의 역할 또한 대 중화권 어 영업을 진행을 할 때 제 유학생활의 경험과 업무를 했었던 경험들을 바탕으로 여러 가지 영업 기획안을 제안을 했었고 그 부분에 대해서 어 업무를 진행하는 데에서 지원을 하는 업무 또한 했었습니다.","wordCount":123},"emotion":[],"intent":[{"text":"팀원으로서의 역할 또한   대 중화권 어 영업을 진행을 할 때 제 유학생활의 경험과 업무를 했었던 경험들을 바탕으로 여러 가지 영업   기획안을 제안을 했었고 그 부분에 대해서 어 업무를 진행하는 데에서 지원을 하는 업무 또한   했었습니다.","expression":"c_private","category":"background"}],"summary":{"text":"저는 기존의 방식이 영업 신규 매출 쪽을 일으키는 데 한계가 있다고 생각하여 중국 인원들을 면접 채용하여 같이 영업을 진행을 하면서 신규 영업을 진행하고 미수금까지 처리를 하는 팀장 역할을 진행하였고, 여러 가지 영업 기획안을 제안하고 업무를 지원하는 팀원으로서의 역할도 했습니다.","wordCount":39}}},"rawDataInfo":{"question":{"fileFormat":"wav","fileSize":239758,"duration":7490,"samplingBit":16,"channelCount":1,"samplingRate":"16kHz","audioPath":"/Mock/07.ProductionManufacturing/Male/New/ckmk_q_mm_m_n_172454.wav"},"answer":{"fileFormat":"wav","fileSize":2652558,"duration":82890,"samplingBit":16,"channelCount":1,"samplingRate":"16kHz","audioPath":"/Mock/07.ProductionManufacturing/Male/New/ckmk_a_mm_m_n_172454.wav"}}}