{"version":"1.0","dataSet":{"info":{"date":"20230116","occupation":"MM","channel":"MOCK","place":"ONLINE","gender":"MALE","ageRange":"35-44","experience":"NEW"},"question":{"raw":{"text":"동물 실험이 인간에게 주는 이익에 관해서 생각해 보신 적이 있는지요 어 동물 실험에 대한 지원자님의 생각을 말씀해 주시기 바랍니다","wordCount":19},"emotion":[],"intent":[]},"answer":{"raw":{"text":"어 동물 실험이 인간에게 음 많은 것을 준다 라고 생각합니다. 의학의 발전에도 굉장히 도움이 되고 음 인간에게 직접 실험을 하고 할 수는 없으니까 그게 저는 어쩔 수 없이 해야 된다 라고 생각하고 주는 이익은 상당히 큰 이익을 준다 라고 생각합니다. 물론 인간만 생각하는 것이 아니냐 라고 말씀하실 수 있는데 어 저는 제 생각에는 인간보다 더 중요한 건 없다 라고 생각합니다. 저는 인간이 살기 위해서 하는 부분이고 어 물론 거기에서 윤리와 많은 부분들을 무시할 수는 없겠지만 필요악이라고 저는 생각합니다. 어쩔 수 없는 부분이고 어 그런 부분으로 어느 순간에는 좀 기술과 의학과 과학의 수준이 최상위에 도달해서 더 이상 동물 실험이 필요하지 않은 수준까지 되는 게 오히려 동물들을 위하는 길이 아닐까 라는 생각을 합니다.","wordCount":111},"emotion":[],"intent":[{"text":"","expression":"","category":"attitude"}],"summary":{"text":"동물실험은 의학 발전에도 도움이 되고 인간에게 큰 이익을 줍니다. 인간보다 중요한 건 없습니다. 기술과 의학, 과학의 수준이 최상위에 도달해서 더 이상 동물 실험이 필요하지 않은 수준까지 되는 게 동물들을 위하는 길이 아닐까 생각합니다.","wordCount":33}}},"rawDataInfo":{"question":{"fileFormat":"wav","fileSize":431438,"duration":13480,"samplingBit":16,"channelCount":1,"samplingRate":"16kHz","audioPath":"/Mock/07.ProductionManufacturing/Male/New/ckmk_q_mm_m_n_160058.wav"},"answer":{"fileFormat":"wav","fileSize":2763598,"duration":86360,"samplingBit":16,"channelCount":1,"samplingRate":"16kHz","audioPath":"/Mock/07.ProductionManufacturing/Male/New/ckmk_a_mm_m_n_160058.wav"}}}