{"version":"1.0","dataSet":{"info":{"date":"20230116","occupation":"MM","channel":"MOCK","place":"ONLINE","gender":"MALE","ageRange":"45-54","experience":"NEW"},"question":{"raw":{"text":"아 만약 본인이 직접 해외 출장 장소를 선택할 수 있다면 꼭 한 번 가서 일해보고 싶은 나라는 어느 나라인지요 그 나라에 대해서 소개해 주시고 그 이유도 한번 말씀해 주세요","wordCount":29},"emotion":[],"intent":[]},"answer":{"raw":{"text":"어 해외 출장지를 제가 고를 수 있다 그러면 전 태국을 선택하겠습니다. 저는 예전에 태국에서 약 일 년 육 개월 동안 어 체류를 한 적이 있습니다. 현지에 친구인 가이드가 있어 가지고 어 한국 사람을 상대로 현지에서 가이드도 해봤으며 어 현지인들을 상대로 물건을 판매해 본 경험도 있습니다. 저는 거기서 체류하는 동안 그들의 문화 그들의 역사 어 그들의 생활에 대해서 어 많이 알고 있으며 이해도가 높다 라고 자부합니다. 저는 방콕 시내의 지리도 꽤 잘 알고 있는 편입니다. 저는 개인적으로 태국이 주변의 다른 나라인 베트남 캄보디아 뭐 필리핀 라오스 보다 어 문화 경제적으로 한 발자국 정도는 더 앞서 있다고 생각을 합니다. 태국의 젊은이들은 요즘 한류에 흠뻑 빠져있습니다. 우리의 음악을 듣고 우리의 드라마를 보면서 우리의 문화에 대해서 관심이 매우 많은 편입니다. 어 저는 우리의 제품을 이 한류와 잘 섞어가지고 어 태국 시장에 진출한다면 그들은 별 무리 없이 거부감 없이 우리 제품을 잘 받아들일 수 있을 거라고 저는 생각합니다. 저는 태국을 중심으로 태국을 선점 기지 삼아 교두보 삼아 다른 주변의 다른 나라로 어 우리의 수출망을 넓히는 것이 좋은 방법이라고 생각합니다.","wordCount":164},"emotion":[{"text":"저는 예전에 태국에서 약 일 년 육 개월 동안 어 체류를 한 적이 있습니다.","expression":"u-fact","category":"neutral"},{"text":"현지에 친구인 가이드가 있어 가지고 어 한국 사람을 상대로 현지에서 가이드도 해봤으며 어 현지인들을 상대로 물건을 판매해 본 경험도 있습니다.","expression":"u-fact","category":"neutral"}],"intent":[{"text":"저는 예전에 태국에서 약 일 년 육 개월 동안 어 체류를 한 적이 있습니다.","expression":"c_private","category":"background"}],"summary":{"text":"해외 출장지로 태국을 선택하겠습니다. 저는 태국에서 체류하는 동안 그들의 문화, 역사, 생활에 대해 많이 알고 있으며 이해도가 높습니다. 태국이 다른 나라보다 문화 경제적으로 한 발자국 더 앞서 있다고 생각합니다. 태국의 젊은이들은 한류에 흠뻑 빠져있기 때문에 우리의 제품을 한류와 잘 섞어가지고 태국 시장에 진출한다면 그들은 거부감 없이 우리 제품을 받아들일 수 있을 것입니다.","wordCount":52}}},"rawDataInfo":{"question":{"fileFormat":"wav","fileSize":568398,"duration":17760,"samplingBit":16,"channelCount":1,"samplingRate":"16kHz","audioPath":"/Mock/07.ProductionManufacturing/Male/New/ckmk_q_mm_m_n_182713.wav"},"answer":{"fileFormat":"wav","fileSize":2753998,"duration":86060,"samplingBit":16,"channelCount":1,"samplingRate":"16kHz","audioPath":"/Mock/07.ProductionManufacturing/Male/New/ckmk_a_mm_m_n_182713.wav"}}}