{"version":"1.0","dataSet":{"info":{"date":"20230116","occupation":"MM","channel":"MOCK","place":"ONLINE","gender":"MALE","ageRange":"-34","experience":"NEW"},"question":{"raw":{"text":"혹시 예전에 조별 과제나 팀 프로젝트를 수행했던 경험이 있으시다면 그 프로젝트 내에서 어떤 역할을 맡으셨는지 저희가 궁금하네요","wordCount":17},"emotion":[],"intent":[]},"answer":{"raw":{"text":"과거 프로젝트를 수행했던 경험은 제가 대학교 시절에 발표 프로젝트를 경험했던 적이 있습니다. 어 그 당시에 되게 발표라는 프로젝트을 처음 맡아서 되게 낯설고 힘들었지만 현재는 그것 극복한 상태에 있고 그것들을 통해서 많은 것들을 얻을 수 있었습니다. 어 당시에는 대개 전공적으로 지식이 많이 부족하고 남들 앞에서 발표를 한다는 것이 이게 낯설고 어렵게만 다가왔지만 그런 것들을 부딪쳐 보고 이겨내면서 현재는 발표하는 데 전혀 어려움이 없으며 전공적인 지식 또한 많이 성장할 수 있는 계기가 되었던 것 같습니다. 항상 어려운 것들에 있어서 그 불안해하지 않고 극복할려고 노력하는 데 힘을 썼기 때문에 이 회사에 입사하게 되더라도 그런 부분에 있어서는 정말 자신감이 있다고 자신감이 있다고 말씀을 드리고 싶고 어 저의 성장 뿐만 아닌 이 회사의 성장도 함께 이끌어 나갈 수 있는 신입 사원이 되도록 최선을 다하겠습니다.","wordCount":119},"emotion":[{"text":"과거 프로젝트를 수행했던 경험은 제가 대학교 시절에 발표 프로젝트를 경험했던 적이 있습니다.","expression":"u-fact","category":"neutral"}],"intent":[{"text":"","expression":"","category":"attitude"}],"summary":{"text":"발표 프로젝트를 처음 맡았던 경험은 제가 대학교 시절에 경험했던 적이 있습니다. 당시에는 전공적으로 지식이 많이 부족하고 남들 앞에서 발표하는 것이 낯설고 어려웠지만 그것을 극복하면서 지금은 발표하는 데 전혀 어려움이 없으며 전공적인 지식도 많이 성장할 수 있는 계기가 되었습니다.","wordCount":38}}},"rawDataInfo":{"question":{"fileFormat":"wav","fileSize":414158,"duration":12940,"samplingBit":16,"channelCount":1,"samplingRate":"16kHz","audioPath":"/Mock/07.ProductionManufacturing/Male/New/ckmk_q_mm_m_n_183835.wav"},"answer":{"fileFormat":"wav","fileSize":2855438,"duration":89230,"samplingBit":16,"channelCount":1,"samplingRate":"16kHz","audioPath":"/Mock/07.ProductionManufacturing/Male/New/ckmk_a_mm_m_n_183835.wav"}}}