{"version":"1.0","dataSet":{"info":{"date":"20230116","occupation":"MM","channel":"MOCK","place":"ONLINE","gender":"MALE","ageRange":"45-54","experience":"NEW"},"question":{"raw":{"text":"일을 하시다 보면 상사와 트러블이 생길 수 있는 일들도 있을 텐데요 그런 상황에서는 어떻게 대처하실 생각이실까요 어 그리고 또 상사가 혼을 낸다면 혹시 기분이 나쁘시진 않을지요","wordCount":26},"emotion":[],"intent":[]},"answer":{"raw":{"text":"네 사람인 이상 뭐 상사에게이지만 뭐 지적을 당하거나 상사한테 혼이 난다면 일단 기분은 나쁠 것 같습니다. 하지만 저는 그 상사가 정당하게 저를 혼을 내는 거라면 저는 그것을 받아들여야 된다고 생각을 합니다. 어 제가 뭐 업무적으로 뭐 실수를 하고 했거나 아니면 저의 뭐 오류로 인해서 어 뭐 작동을 잘못 시켰다라든지 이런 제가 마땅히 혼이 나야 되고 제가 주의를 기울이지 않아서 발생한 일이라면 저는 상사가 야단을 치거나 혼을 내도 당연히 감수할 자신이 있습니다. 그런 일은 없겠지만 혹시라도 상사가 어 뭐 그 꼬투리를 잡아서 일부러 혼을 내는 것이라면 거기에 대해서는 정당하게 어 저의 주장을 할 것 같습니다. 어 제가 무엇을 잘못했고 어 이 일로 인해서 어떤 일이 발생했는지를 정확하게 집어서 말씀해 주신다면 저는 뭐 상사의 비난이나 어 뭐 야단을 치는 것을 감수할 자신이 있습니다.","wordCount":121},"emotion":[],"intent":[{"text":"하지만 저는 그 상사가 정당하게 저를 혼을 내는 거라면 저는 그것을   받아들여야 된다고 생각을 합니다.","expression":"c_confl_mg","category":"personality"}],"summary":{"text":"상사에게 지적당하거나 혼이 난다면 기분은 나쁠 것 같습니다. 하지만 상사가 정당하게 혼을 내는 거라면 저는 그것을 받아들여야 한다고 생각합니다. 제가 무엇을 잘못을 하고 이 일로 인해서 어떤 일이 발생했는지를 정확하게 말씀해 주다면 상사의 비난이나 야단을 감수할 자신이 있습니다.","wordCount":38}}},"rawDataInfo":{"question":{"fileFormat":"wav","fileSize":541838,"duration":16930,"samplingBit":16,"channelCount":1,"samplingRate":"16kHz","audioPath":"/Mock/07.ProductionManufacturing/Male/New/ckmk_q_mm_m_n_171792.wav"},"answer":{"fileFormat":"wav","fileSize":2126798,"duration":66460,"samplingBit":16,"channelCount":1,"samplingRate":"16kHz","audioPath":"/Mock/07.ProductionManufacturing/Male/New/ckmk_a_mm_m_n_171792.wav"}}}