{"version":"1.0","dataSet":{"info":{"date":"20230116","occupation":"MM","channel":"MOCK","place":"ONLINE","gender":"MALE","ageRange":"45-54","experience":"NEW"},"question":{"raw":{"text":"지원자님께서 회사에 입사를 하시고 난 뒤에 정작 지원했던 분야가 지원자분과 스스로 잘 맞지 않는다는 사실을 깨닫는다고 한다면 어떻게 하실 생각이신지 궁금합니다","wordCount":21},"emotion":[],"intent":[]},"answer":{"raw":{"text":"입사 후 근무하면서 정작 지원 분야가 아닌 뭐 다른 분야나 또 아니면 지원 제가 그 맞지 않는다는 사실을 깨달았 깨달은 점을 가정한 상황인데 일단 저는 뭐 다른 분야에 근무하는 건 상관이 없고 근데 이 제가 지원 지원한 분야가 저한테 안 맞는다고는 생각을 안 할 것 같습니다. 왜냐하면 제가 준비를 한 달 정도 했어요. 이 제품에 대해서 이 회사에 대해서 굉장히 많은 소팅도 하고 연구도 하고 또 제품을 직접 사서 써보기도 하고 그래서 저는 안 맞는다고 생각 안 할 겁니다. 왜 한 달 동안 전 준비를 했기 때문에 그래서 뭐 그런 가정은 어 하지 않을 거라고 생각해요. 이상입니다.","wordCount":97},"emotion":[],"intent":[{"text":"","expression":"","category":"attitude"}],"summary":{"text":"입사 후 근무하면서 지원 분야가 맞지 않는다는 것을 깨달았는데, 한 달 동안 준비를 했기 때문에 그런 가정은 하지 않을 것 같습니다.","wordCount":21}}},"rawDataInfo":{"question":{"fileFormat":"wav","fileSize":551758,"duration":17240,"samplingBit":16,"channelCount":1,"samplingRate":"16kHz","audioPath":"/Mock/07.ProductionManufacturing/Male/New/ckmk_q_mm_m_n_167648.wav"},"answer":{"fileFormat":"wav","fileSize":2087758,"duration":65239,"samplingBit":16,"channelCount":1,"samplingRate":"16kHz","audioPath":"/Mock/07.ProductionManufacturing/Male/New/ckmk_a_mm_m_n_167648.wav"}}}