{"version":"1.0","dataSet":{"info":{"date":"20230116","occupation":"MM","channel":"MOCK","place":"ONLINE","gender":"MALE","ageRange":"45-54","experience":"NEW"},"question":{"raw":{"text":"본인이 일을 할 때 팀으로 일하는 것과 혼자 일하는 것 중 어느 쪽을 더 선호하는 편인가요 왜 그것을 선호하는지 그 이유도 같이 말씀해 주세요","wordCount":24},"emotion":[],"intent":[]},"answer":{"raw":{"text":"네 저는 솔직히 말씀드려서 어 여럿이서 어떤 주제를 놓고 그렇게 일을 하는 것보다는 혼자서 근무하는 것을 좀 더 어 자유롭고 제 스스로 더 편한 것 같습니다. 일단 혼자 근무를 하게 되면 그 시간을 일하는 데 대한 시간을 제가 어 마음대로 이렇게 조절을 할 수 있기 때문입니다. 정말 일이 안 될 때는 저는 개인적으로 오히려 그냥 아무것도 안 하고 쉬는 게 낫다 라고 생각을 합니다. 뭐 아이디어도 안 떠오르고 어 일의 능률도 안 안 오르는데 그것을 뭐 옆에 다른 사람의 눈치를 보면서 굳이 그 일을 할라고 하면 그거는 능률적 능률이 오르지 않기 때문에 어 개인적으로 그러고 좋지 않다 라고 생각합니다. 반면 정말 아이디어가 떠오르고 뭐 이렇게 머리가 좀 잘 돌아가고 이럴 때는 뭐 밤을 새서래도 그 일을 수행하면 된다고 생각을 합니다. 어차피 그 프로젝트라는 게 기간이 있으 그 기간 안에만 어 훌륭한 보고서를 제출하면 된다고 생각을 하기 때문에 저는 개인적으로 시간을 마음대로 쓸 수 있으면 어 일에 더 능률도 오르고 오히려 자유롭다는 것 때문에 어 뭐 새로운 아이디어라든지 이런 거를 어 더 창출해 낼 수 있었던 것 같습니다. 반면 여럿이서 함께 근무를 하면 같이 근무하는 시간이라든지 협업을 해야 되고 같이 시간을 조정해야 되다 보니까 아무래도 좀 창의적이지 못했던 것 같습니다.","wordCount":189},"emotion":[],"intent":[{"text":"","expression":"","category":"attitude"}],"summary":{"text":"어떤 주제를 놓고 일을 하는 것보다는 혼자서 근무하는 것이 더 자유롭고 제 스스로 더 편한 것 같습니다. 일이 안 될 때는 그냥 아무것도 안 하고 쉬는 게 낫다 라고 생각하며, 아이디어가 떠오르고 머리가 잘 돌아가고 이럴 때는 밤을 새서래도 그 일을 수행하면 된다고 생각합니다. 함께 근무하면 협업을 해야 되고 시간을 조정해야 되다 보니 좀 창의적이지 못했던 것 같았습니다.","wordCount":58}}},"rawDataInfo":{"question":{"fileFormat":"wav","fileSize":417678,"duration":13050,"samplingBit":16,"channelCount":1,"samplingRate":"16kHz","audioPath":"/Mock/07.ProductionManufacturing/Male/New/ckmk_q_mm_m_n_168467.wav"},"answer":{"fileFormat":"wav","fileSize":2734798,"duration":85460,"samplingBit":16,"channelCount":1,"samplingRate":"16kHz","audioPath":"/Mock/07.ProductionManufacturing/Male/New/ckmk_a_mm_m_n_168467.wav"}}}