{"version":"1.0","dataSet":{"info":{"date":"20230116","occupation":"MM","channel":"MOCK","place":"ONLINE","gender":"MALE","ageRange":"45-54","experience":"NEW"},"question":{"raw":{"text":"지원자분께서 우리 회사에 입사하고 난 뒤에 기존에 어 원하시던 일을 하시지 못하게 되었을 경우가 되었다고 생각해 봅시다 그런 경우에 어떻게 하실지 왜 그렇게 하실지에 대해서 얘기해 주세요","wordCount":27},"emotion":[],"intent":[]},"answer":{"raw":{"text":"어 저는 제가 지원한 이 직종에 근무를 하기 위해서 꽤 오랫동안 준비를 해 왔습니다. 어 나름 공부를 하면서 그 자격증에 도전을 했고 어 최근에 그 자격증도 관련 업종에 자격증도 취득을 했습니다. 저는 또한 이 업무에 잘 적응하고자 인턴 생활도 한 육 개월 정도를 했습니다. 인턴 생활을 하면서 나름 이 업무가 저한테 잘 어울린다 라고 생각을 했고 어 누구보다 어 열심히 할 자신도 생겼습니다. 당시 그 저를 돌봐주던 사수분이 한 분 계셨는데 그 사수분으로부터도 어 좀 소질이 있다는 얘기를 많이 들었습니다. 어 그래서 제가 나름 자신 있어 하고 제가 원하는 직무를 지원한 것인데 회사에 입사를 하게 됐는데 제가 만약에 다른 부서에서 근무를 하게 된다면 어 저는 되게 실망을 많이 할 것 같습니다. 어 저는 이 제가 지원한 이 직무의 애정을 갖고 있고 이 분야에서 정말 잘 해보고 성공하고 싶은 욕심이 있습니다. 제가 만약에 다른 부서에 가서 근무를 하게 된다고 그러면 제가 자격증 자격증을 따기 위해 노력했던 시간 제가 이 직무에 도전하기 위해서 노력했던 시간들은 어 물거품이 된다고 생각을 합니다. 외람되지만 저는 제가 만약 다른 직무를 맡게 된다면 어 저는 회사를 다닐 수 없을 것 같습니다.","wordCount":174},"emotion":[{"text":"저는   또한 이 업무에 잘 적응하고자 인턴 생활도 한 육 개월 정도를 했습니다.","expression":"u-fact","category":"neutral"}],"intent":[{"text":"","expression":"","category":"attitude"}],"summary":{"text":"저는 제가 지원한 이 직종에 근무를 하기 위해서 꽤 오랫동안 준비를 해 왔고, 최근에는 관련 업종에 자격증도 취득했습니다. 인턴 생활을 하면서 이 업무가 저한테 잘 어울린다 라고 생각을 했고, 열심히 할 자신도 생겼습니다. 하지만 만약 다른 부서에서 근무를 하게 된다면 저는 회사를 다닐 수 없을 것 같습니다.","wordCount":47}}},"rawDataInfo":{"question":{"fileFormat":"wav","fileSize":667598,"duration":20860,"samplingBit":16,"channelCount":1,"samplingRate":"16kHz","audioPath":"/Mock/07.ProductionManufacturing/Male/New/ckmk_q_mm_m_n_159958.wav"},"answer":{"fileFormat":"wav","fileSize":2888398,"duration":90260,"samplingBit":16,"channelCount":1,"samplingRate":"16kHz","audioPath":"/Mock/07.ProductionManufacturing/Male/New/ckmk_a_mm_m_n_159958.wav"}}}