{"version":"1.0","dataSet":{"info":{"date":"20230116","occupation":"MM","channel":"MOCK","place":"ONLINE","gender":"MALE","ageRange":"45-54","experience":"NEW"},"question":{"raw":{"text":"만약에 면접자님이 일을 하시다가 상사에게 어려운 지시를 받으신다면 그때 어떻게 하실 건가요 그렇게 행동하시는 이유도 함께 말씀 부탁드립니다","wordCount":18},"emotion":[],"intent":[]},"answer":{"raw":{"text":"어 저는 뭐 이런 상황이라면 당연히 주위에다 도움을 청할 것 같습니다. 어 일단 어려운 지시라는 게 뭐 어떤 거냐 에 따라 조금 달라질 수 있는데 그치만 일단 저한테 어려운 지시라는 것은 저한테 어려운 것이지 남들한테 아니면 다른 누군가한테 이것을 경험하고 이 일에 대해서 노하우를 갖고 있는 분한테는 그 일이 어렵지 않은 일일 수도 있다라는 겁니다. 저는 직장 상사 동료 어 그리고 뭐 부하 직원이 이럴 때를 위해서 있는 거라고 생각을 합니다. 어 내가 그 일에 대해서 잘 모르고 그럴 때 도움을 청하라고 그런 분들이 있는 겁니다. 어 단순히 이 일을 제가 회피하고 누군가한테 맡기겠다는 의미가 아니라 그를 통해서 이 일을 해결하고 그 일을 해결하는 과정을 배우고 익혀서 제 것으로 만들면 전 된다고 생각합니다. 다음에 이 똑같은 일 저 저한테 주어졌을 때 그것을 제가 어 이번 기회에 배우고 익힌 것을 이용해서 제가 처리할 수 있으면 오 저는 된다 라고 생각을 합니다. 마찬가지입니다. 저 역시도 어 누군가 어려운 일을 맡았는데 대 제가 다행히 그 일에 대해서 잘 알고 있다면 저는 당연히 그 사람한테 도움을 주고 그 사람이 이 일을 처리할 수 있도록 가르쳐 주는 배려를 할 것 같습니다. 어 저는 말씀처럼 어려운 지식를 받는다면 저는 직장 동료에게 도움을 청할 것 같습니다.","wordCount":189},"emotion":[],"intent":[{"text":"","expression":"","category":"attitude"}],"summary":{"text":"어려운 지시라는 것은 저한테 어려운 것이지 다른 누군가에게 이것을 경험하고 노하우를 갖고 있는 분에게는 그 일이 어렵지 않은 일일 수도 있다는 것입니다. 단순히 이 일을 제가 회피하고 누군가한테 맡기겠다는 의미가 아니라 그를 통해서 이 일을 해결하고 그 일을 해결하는 과정을 배우고 익혀 제 것으로 만들면 된다고 생각합니다.","wordCount":47}}},"rawDataInfo":{"question":{"fileFormat":"wav","fileSize":611598,"duration":19110,"samplingBit":16,"channelCount":1,"samplingRate":"16kHz","audioPath":"/Mock/07.ProductionManufacturing/Male/New/ckmk_q_mm_m_n_171882.wav"},"answer":{"fileFormat":"wav","fileSize":2843598,"duration":88860,"samplingBit":16,"channelCount":1,"samplingRate":"16kHz","audioPath":"/Mock/07.ProductionManufacturing/Male/New/ckmk_a_mm_m_n_171882.wav"}}}