{"version":"1.0","dataSet":{"info":{"date":"20230116","occupation":"MM","channel":"MOCK","place":"ONLINE","gender":"MALE","ageRange":"45-54","experience":"NEW"},"question":{"raw":{"text":"협업을 할 때는 사교성이 좋은 편인가요 그것이 궁금합니다 그리고 본인이 사교성을 키우기 위해서 어떤 노력들을 했었나요","wordCount":16},"emotion":[],"intent":[]},"answer":{"raw":{"text":"협업을 할 때 사교성이 좋은 편입니다. 이러한 사교성은 원래부터의 성격이 아니라 제가 중국 상해에서 오 년간 유학 생활을 진행하면서 키워져 온 부분입니다. 그 당시엔 구십 사 년도 당시에는 한국 사람들은 거의 없었고 외국 사람들이 중국어를 배우러 온 사람들 이 많이 있었던 상황이었습니다. 그런 상황에서 제가 먼저 손을 내밀지 않으면 누구도 저에게 먼저 손을 내밀거나 관심을 가져주지 않았었습니다. 따라서 저 중국어를 공부를 하면서도 같은 기숙사 안에 있는 외국 친구들과 어 대화나 여러 가지 사귀기 위해서 제가 먼저 어 말을 건넸고 그러한 부분들은 노력에 의해서 어 사교성이 에 만들어졌다고 생각을 합니다. 물론 당시에는 중국어 실력이나 다른 언어 실력들은 영어도 못하던 상태였었기 때문에 친절하게 먼저 가서 얘기를 하거나 여러 가지 시도를 했었습니다. 당연히 아 이후에 언어 실력이 좋아지면서는 좀 더 원활한 소통도 가능했었습니다.","wordCount":120},"emotion":[],"intent":[{"text":"협업을 할 때 사교성이 좋은 편입니다.","expression":"c_person","category":"background"}],"summary":{"text":"사교성은 제가 중국 상해에서 유학 생활을 진행하면서 키워져 온 부분입니다. 당시에는 중국어나 다른 언어 실력들은 영어도 못하던 상태였기 때문에 친절하게 먼저 가서 얘기를 하거나 여러 가지 시도를 했습니다. 이후 언어 실력이 좋아지면서부터는 좀 더 원활한 소통도 가능했었습니다.","wordCount":37}}},"rawDataInfo":{"question":{"fileFormat":"wav","fileSize":403278,"duration":12600,"samplingBit":16,"channelCount":1,"samplingRate":"16kHz","audioPath":"/Mock/07.ProductionManufacturing/Male/New/ckmk_q_mm_m_n_172056.wav"},"answer":{"fileFormat":"wav","fileSize":2690318,"duration":84070,"samplingBit":16,"channelCount":1,"samplingRate":"16kHz","audioPath":"/Mock/07.ProductionManufacturing/Male/New/ckmk_a_mm_m_n_172056.wav"}}}