{"version":"1.0","dataSet":{"info":{"date":"20230116","occupation":"MM","channel":"MOCK","place":"ONLINE","gender":"MALE","ageRange":"45-54","experience":"NEW"},"question":{"raw":{"text":"협업을 할 때는 무엇이 가장 중요하다고 생각하시는지요 그 중요하게 생각하시는 점과 또 왜 그것을 중요하게 생각하시는지도 함께 말씀해 주세요","wordCount":19},"emotion":[],"intent":[]},"answer":{"raw":{"text":"어 협업을 할 때는 가장 중요한 것이 소통입니다. 그리고 희생이라고 생각을 합니다. 협업이라는 것은 혼자 하는 일과 달리 여럿이서 어떤 공통된 목표를 향해서 어 같이 나아가는 거라고 저는 생각을 합니다. 그런데 일단 소통이 안되면 이 협업을 하는데 너무 많은 문제가 생깁니다. 어 소통이 안 된다 라는 것은 어 본인이 자기가 손해를 안 보려고 하고 어 내가 더 돋보이기를 바라고 이런 마음 때문에 생기는 것 같습니다. 어 사공이 많으면 배가 산으로 간다고 어 협업을 할 때는 무엇보다 정확한 목표 의식과 어 무엇을 해야 되는지 그 목표를 분명히 하는 게 중요하다고 저는 생각을 합니다. 그래서 협업이 안 될 때 그 목표를 다시 한번 재조정해 가지고 재조정한다는 게 목표를 수정하는 게 아니라 다시 우리가 어떤 목표를 갖고 있는 지를 재 확립해 가지고 내가 조금 희생하고 내가 좀 손해를 보더라도 이 협업을 위해서라면 그 정도의 희생은 감수할 수 있다 라는 생각을 지녀야 되고 서로 소통을 함으로써 어 혹시래도 방향이 잘못 들렸거나 그랬을 때 서로를 도와주고 제 갈 길을 다시 찾을 수 있다 라고 생각을 합니다. 저는 협업에 있어서 가장 중요한 것은 소통이고 거기에 따라서 본인의 희생이 따른다 라고 생각을 합니다.","wordCount":176},"emotion":[],"intent":[{"text":"협업이라는 것은 혼자 하는 일과 달리   여럿이서 어떤 공통된 목표를 향해서 어 같이 나아가는 거라고 저는 생각을 합니다.","expression":"c_cop","category":"personality"},{"text":"어 사공이 많으면 배가 산으로 간다고 어 협업을 할 때는 무엇보다 정확한 목표 의식과 어 무엇을 해야 되는지 그 목표를 분명히 하는 게 중요하다고 저는 생각을 합니다.","expression":"c_cop","category":"personality"}],"summary":{"text":"협업은 혼자 하는 일과 달리 여럿이서 어떤 공통된 목표를 향해 같이 나아가는 것이지만, 소통이 안 되면 너무 많은 문제가 생깁니다. 정확한 목표 의식과 무엇을 해야 되는지 그 목표를 분명히 하는 게 중요하다고 생각합니다. 소통을 함으로써 방향이 잘못 들렸거나 했을 때 서로를 도와주고 제 갈 길을 다시 찾을 수 있다 라고 생각합니다.","wordCount":51}}},"rawDataInfo":{"question":{"fileFormat":"wav","fileSize":447758,"duration":13990,"samplingBit":16,"channelCount":1,"samplingRate":"16kHz","audioPath":"/Mock/07.ProductionManufacturing/Male/New/ckmk_q_mm_m_n_160091.wav"},"answer":{"fileFormat":"wav","fileSize":2857998,"duration":89310,"samplingBit":16,"channelCount":1,"samplingRate":"16kHz","audioPath":"/Mock/07.ProductionManufacturing/Male/New/ckmk_a_mm_m_n_160091.wav"}}}