{"version":"1.0","dataSet":{"info":{"date":"20230116","occupation":"MM","channel":"MOCK","place":"ONLINE","gender":"MALE","ageRange":"45-54","experience":"NEW"},"question":{"raw":{"text":"지원자가 다룰 수 있는 프로그램은 무엇인가요 그리고 그 프로그램을 어느 수준으로 사용할 수 있으신가요","wordCount":14},"emotion":[],"intent":[]},"answer":{"raw":{"text":"네 저는 생산 라인의 마지막 단계인 검수 단계에서 그 검수를 하는 프로그램인 알파 베타 프로그램을 어 운용할 줄 압니다. 물론 그 알파베타 프로그램 자격증을 소지하고 있고 그 자격증을 따고 어 약 육 개월 정도가 지났습니다. 그래서 지금은 어 일 년 정도가 지난 다음에는 그 기사 자격증을 취득하려고 노력 중입니다. 저는 알파베타 프로그램을 직접 운영해 받고 일단은 지금 현재는 이 급 자격증을 가지고 있고 그 프로그램을 실제로 공장 라인에서 어 적용해 보고 그것을 이용해 보고 그것을 운영해 봤습니다. 나름 그 프로그램에 대한 정비 및 생산 라인에 대한 그 구축 이것이 어떻게 진행되는 그 진행 과정에 대해서 나름 상세히 알고 있다고 자부합니다. 어 저는 그 프로그램을 지금 이 급 자격증을 갖고 있지만 어 기사 못지 않게 운용을 하고 보완을 하고 그거에 대한 프로그램에 응용을 할 줄 안다라고 생각합니다. 아직 그 자격증을 따고 일 년이 안 됐기 안 됐기 때문에 일 급에 도전을 못하지만 저는 일 급이 되는 시점에서 바로 일 급 시험에 도전할 계획을 갖고 있습니다.","wordCount":154},"emotion":[],"intent":[{"text":"네 저는 생산 라인의 마지막 단계인 검수 단계에서 그 검수를 하는 프로그램인 알파 베타 프로그램을 어   운용할 줄 압니다.","expression":"f_equip","category":"technology"},{"text":"물론 그 알파베타 프로그램 자격증을 소지하고 있고 그 자격증을 따고 어 약 육 개월 정도가 지났습니다.","expression":"f_equip","category":"technology"},{"text":"그래서 지금은 어 일 년 정도가 지난 다음에는 그   기사 자격증을 취득하려고 노력 중입니다.","expression":"c_imp","category":"personality"},{"text":"저는 알파베타 프로그램을 직접 운영해 받고   일단은 지금 현재는 이 급 자격증을 가지고 있고 그 프로그램을 실제로 공장 라인에서 어 적용해 보고 그것을 이용해 보고 그것을 운영해 봤습니다.","expression":"f_equip","category":"technology"},{"text":"나름 그 프로그램에 대한 정비 및 생산 라인에 대한 그 구축   이것이 어떻게 진행되는 그 진행 과정에 대해서 나름 상세히 알고 있다고 자부합니다.","expression":"f_equip","category":"technology"},{"text":"어 저는 그 프로그램을 지금 이 급 자격증을 갖고 있지만 어   기사 못지 않게 운용을 하고 보완을 하고 그거에 대한 프로그램에 응용을 할 줄 안다라고 생각합니다.","expression":"f_equip","category":"technology"},{"text":"아직 그   자격증을 따고 일 년이 안 됐기 안 됐기 때문에 일 급에 도전을 못하지만 저는 일 급이 되는 시점에서 바로 일 급 시험에 도전할 계획을 갖고 있습니다.","expression":"c_chl","category":"personality"}],"summary":{"text":"생산 라인의 검수 단계에서 알파 베타 프로그램을 운용할 줄 알고, 자격증을 따고 일 년 정도가 지나 기사 자격증을 취득하려 노력 중입니다. 알파베타 프로그램을 직접 운영해 보고, 프로그램 정비 및 생산 라인에 대한 구축 진행 과정을 잘 알고 있습니다. 그 프로그램을 기사 못지 않게 운용하고 보완하고 프로그램에 응용할 줄 압니다.","wordCount":49}}},"rawDataInfo":{"question":{"fileFormat":"wav","fileSize":367758,"duration":11490,"samplingBit":16,"channelCount":1,"samplingRate":"16kHz","audioPath":"/Mock/07.ProductionManufacturing/Male/New/ckmk_q_mm_m_n_171791.wav"},"answer":{"fileFormat":"wav","fileSize":2547918,"duration":79620,"samplingBit":16,"channelCount":1,"samplingRate":"16kHz","audioPath":"/Mock/07.ProductionManufacturing/Male/New/ckmk_a_mm_m_n_171791.wav"}}}