{"version":"1.0","dataSet":{"info":{"date":"20230116","occupation":"MM","channel":"MOCK","place":"ONLINE","gender":"MALE","ageRange":"45-54","experience":"NEW"},"question":{"raw":{"text":"왜 이 분야에 관심을 가지게 되었고 또 지원하게 된 이유가 궁금합니다 관심을 가진 이유와 지원 동기를 한번 말씀해 주세요","wordCount":19},"emotion":[],"intent":[]},"answer":{"raw":{"text":"저는 이 분야 이 직종에 도전하기 위해서 꽤 오랫동안 노력을 해왔습니다. 어 저는 약 이 년 동안 자격증을 따기 위해서 노력해 왔고 어 그 사이에 어 최종적으로 어 두 개의 자격증을 취득했습니다. 저는 이 자격증을 갖고 있으면서도 실무 경험이 없었기 때문에 어 그래도 이 길이 내가 맞는 길인지 아니면 제가 정말 어쩔 수 없이 가는 길인지를 고민했습니다. 그러다가 저는 약 육 개월 정도 다른 회사에서 어 같은 직무를 맡아보는 일을 인턴으로 인턴 생활을 했습니다. 저는 인턴 생활을 하면서 오히려 확신을 가질 수 있었습니다. 어 지금 제가 지원하는 이 직무가 어 정말 제가 제 미래를 걸어볼 만한 어 정말 이 일을 열심히 할 수 있다 라는 어 그런 확신을 가질 수 있었습니다. 어 저를 돌봐주시던 그 제 사수가 한 분 계셨는데 그 분 말씀으로도 전 업계 이쪽에 소질도 있고 가능성이 보인다는 말씀을 해주셨습니다. 저는 이 직무를 어 저 취직만 된다면 정말 열심히 수행할 자신이 있고 어 누구보다 열심히 일할 것이며 저는 나름 이 분야에서 전문가가 되고 싶은 어 마음이 있습니다.","wordCount":159},"emotion":[],"intent":[{"text":"","expression":"","category":"attitude"}],"summary":{"text":"저는 이 분야 이 직종에 도전하기 위해 꽤 오랜 시간을 노력해 왔고 최종적으로 두 개의 자격증을 취득했습니다. 자격증을 갖고 있으면서도 실무 경험이 없었기 때문에 저는 다른 회사에서 같은 직무를 맡아보는 일을 인턴으로 했습니다. 인턴 생활을 하면서 저는 제가 지원하는 이 직무가 정말 제가 미래를 걸어볼 만한 일을 할 수 있다는 확신을 가질 수 있었습니다.","wordCount":54}}},"rawDataInfo":{"question":{"fileFormat":"wav","fileSize":474638,"duration":14830,"samplingBit":16,"channelCount":1,"samplingRate":"16kHz","audioPath":"/Mock/07.ProductionManufacturing/Male/New/ckmk_q_mm_m_n_179329.wav"},"answer":{"fileFormat":"wav","fileSize":2628878,"duration":82150,"samplingBit":16,"channelCount":1,"samplingRate":"16kHz","audioPath":"/Mock/07.ProductionManufacturing/Male/New/ckmk_a_mm_m_n_179329.wav"}}}