{"version":"1.0","dataSet":{"info":{"date":"20230116","occupation":"MM","channel":"MOCK","place":"ONLINE","gender":"MALE","ageRange":"35-44","experience":"NEW"},"question":{"raw":{"text":"어떤 문제에 부딪쳤을 때 본인은 혼자 해결하는 편인가요 아니면 다른 사람들에게 이야기를 하면서 그것을 해결하려고 하는 편인가요 어 말씀해 주시기 바랍니다","wordCount":21},"emotion":[],"intent":[]},"answer":{"raw":{"text":"문제에 부딪쳤을 때 저는 당연히 여러 사람들에게 이야기를 하고 도움을 얻는 편입니다. 사람은 어떤 문제를 해결하던 어떤 일을 해결하던 자기만의 생각이 빠지면 기존에 쉽게 알던 것도 모르고 넘어가거나 아니면 놓치는 경우가 많습니다. 우리는 그것을 자기만의 프레임에 빠지거나 확증 편향의 오류라고 부릅니다. 이것은 심리학 용어인데 실제 사람은 혼자 일하다 보면 자기만의 시야가 좁아져서 그 시야에서 어떤 문제를 바라보거나 해결책을 찾을 수 없다고 합니다. 그래서 어떤 문제가 발생했을 때 많은 사람들에게 이야기 하면 제가 생각하지도 못한 것 같아서 답을 얻거나 아니면 제가 놓친 것들을 그들이 모니터링 해주면서 바로바로 지적 사항을 알려주기도 합니다. 예를 들어서 혼자서 수학 문제를 풀고 있는데 분명히 예전에는 풀었던 문젠데 이상한 답이 나온다고 하면 분명히 제가 그 식을 세웠을 때도 답이 틀렸다면 저의 어떤 부분이 틀린지는 저는 지금 찾지 못합니다. 하지만 다른 사람들이 옆에서 봐준다면 쉽게 문제를 풀거나 아니면 제가 어디서 잘못했는지까지 지적을 해 줄 수 있습니다. 남들에게 제가 모르는 걸 알리는 거를 굉장히 부끄러워하는 사람들이 있는데요. 저는 지금 모르는 건 부끄러운 일이 아니라고 생각합니다. 지금 모르면서 아는 척을 해서 나중에도 모르는 게 더 부끄럽고 창피한 일이라고 생각합니다.","wordCount":169},"emotion":[],"intent":[{"text":"","expression":"","category":"attitude"}],"summary":{"text":"사람은 자기만의 프레임에 빠지거나 확증 편향의 오류에 빠져 쉽게 알던 것을 모르고 넘어가거나 놓치는 경우가 많습니다. 이것은 심리학 용어인데 실제 사람은 혼자 일하다 보면 자기만의 시야가 좁아져서 예상치 못한 문제를 바라보거나 놓친 것들을 그들이 모니터링 해주면서 바로바로 지적 사항을 알려주기도 합니다. 남들에게 제가 모르는 걸 알리는 것을 굉장히 부끄러워하는 사람들이 있는데, 저는 지금 모르는 건 당연한 일이 아니라고 생각합니다.","wordCount":59}}},"rawDataInfo":{"question":{"fileFormat":"wav","fileSize":508878,"duration":15900,"samplingBit":16,"channelCount":1,"samplingRate":"16kHz","audioPath":"/Mock/07.ProductionManufacturing/Male/New/ckmk_q_mm_m_n_184637.wav"},"answer":{"fileFormat":"wav","fileSize":2825998,"duration":88310,"samplingBit":16,"channelCount":1,"samplingRate":"16kHz","audioPath":"/Mock/07.ProductionManufacturing/Male/New/ckmk_a_mm_m_n_184637.wav"}}}