{"version":"1.0","dataSet":{"info":{"date":"20230116","occupation":"MM","channel":"MOCK","place":"ONLINE","gender":"MALE","ageRange":"45-54","experience":"NEW"},"question":{"raw":{"text":"최근에 본 뉴스들 가운데 가장 인상 깊었던 뉴스는 어떤 것이 있는지요 그 뉴스에 대해서 말씀해 주시고 또 왜 그렇게 생각하는지 이유도 함께 말씀해 주시기 바랍니다","wordCount":25},"emotion":[],"intent":[]},"answer":{"raw":{"text":"제가 최근 가장 관심 있게 본 뉴스는 방탄소년단이 군대를 가야 하느냐 하는 뉴스입니다. 어 우선 제 의견을 말씀드리면 방탄소년단은 군대를 가야 한다고 생각합니다. 어 우리나라에는 국기를 선양한 자 올림픽계라든지 뭐 국제대회 뭐 아시안게임이라든지 국제 콩쿨 같은 어 데에 나가서 국위를 선양한 자에 대해서는 어 병역을 어 면제시켜주는 어 제도가 있습니다. 어 방탄소년단이 어 국외를 선양하는 데에서는 어 모두가 인정을 합니다. 어 케이 팝이라든지 우리 한국 문화에 대해서 전 세계에 알리고 유엔에 가서 어 연설을 하는 등 그 젊은이들에게 그 미치는 영향이라든지 아니면 우리나라를 어 세계 각국에 알린 우리 대한민국의 문화를 세계 각국에 알리는 어 아주 협격한 공을 세웠다는 것을 인정합니다. 또한 그들이 받은 훈장 역시 저는 당연히 인정을 합니다. 하지만 그들은 어 대중문화 가수입니다. 어 그들은 그 국위를 선양하는 과정에서 어 막대한 금전적 이득을 취했습니다. 어 그리고 우리나라에는 대한민국 남성은 모두가 병역에 의무를 집니다. 그렇기 때문에 그들은 군대에 가야 한다고 생각합니다.","wordCount":141},"emotion":[{"text":"어 우리나라에는 국기를 선양한 자 올림픽계라든지 뭐 국제대회 뭐 아시안게임이라든지 국제 콩쿨 같은 어 데에 나가서 국위를 선양한 자에 대해서는 어 병역을 어 면제시켜주는 어 제도가 있습니다.","expression":"u-fact","category":"neutral"},{"text":"어 그리고 우리나라에는 대한민국 남성은 모두가 병역에 의무를 집니다.","expression":"u-fact","category":"neutral"}],"intent":[{"text":"","expression":"","category":"attitude"}],"summary":{"text":"최근 가장 관심 있게 본 뉴스는 방탄소년단이 군대를 가야 하느냐 하는 뉴스입니다. 우리나라에는 국기를 선양한 자, 아시안 게임, 국제 콩쿨에서 국위를 선양 한 자에 대해서는 병역을 면제시켜주는 제도가 있습니다. 국위를 선양하고 한국 문화를 전세계에 알리는 공을 세웠다는 것을 인정합니다. 하지만 그들은 대중문화 가수이고 국위를 선양하는 과정에서 막대한 금전적 이득을 취했습니다. 대한민국 남성으로 군대에 가야 한다고 생각합니다.","wordCount":56}}},"rawDataInfo":{"question":{"fileFormat":"wav","fileSize":452558,"duration":14140,"samplingBit":16,"channelCount":1,"samplingRate":"16kHz","audioPath":"/Mock/07.ProductionManufacturing/Male/New/ckmk_q_mm_m_n_179353.wav"},"answer":{"fileFormat":"wav","fileSize":2794958,"duration":87340,"samplingBit":16,"channelCount":1,"samplingRate":"16kHz","audioPath":"/Mock/07.ProductionManufacturing/Male/New/ckmk_a_mm_m_n_179353.wav"}}}