{"version":"1.0","dataSet":{"info":{"date":"20230116","occupation":"MM","channel":"MOCK","place":"ONLINE","gender":"MALE","ageRange":"45-54","experience":"NEW"},"question":{"raw":{"text":"프로그램 관련하여서 지원자님께서 잘 다룰 수 있는 익숙한 설계 프로그램에 대해서 한번 구체적으로 말씀해 보시겠습니까","wordCount":15},"emotion":[],"intent":[]},"answer":{"raw":{"text":"다룰 수 있는 설계 프로그램을 문의를 해 주셨는데요. 설계 프로그램은 여러 가지 종류들이 많이 있습니다. 특히 쓰리디 투디 프로그램은 설계를 위한 기능적인 제도 요소를 설계자에게 지원해 주는 것으로 우리는 일반적으로 알고 있는 프로그램들 외에도 많은 종류의 프로그램들이 있습니다. 오픈소스 기반의 에 무료 버전과 상업용으로 사용하기 위해서는 별도의 금액을 지불하고 사용하는 사용 버전으로 나눌 수 있는데요. 아 저의 경우는 투디 쓰리디 특히 오토캐드 관련된 부분들은 지속적으로 설계시 사용을 했었던 경험을 가지고 있습니다. 특히 기계 설계 쪽 관련된 여러 가지 부분들은 가볍고 빠르다는 것을 장점으로 하고 있는 디자인 전용 프로그램이라고 할 수 있겠습니다. 따라서 다른 여러 가지 캐드들 이외에도 종류들은 있지만 제가 가장 많이 다뤄본 부분은 오토 캐드 관련된 부분이라고 할 수 있겠습니다. 물론 다른 어떤 설계들도 어 그러한 기능들이 요즘에 많이 음 할 수 있는 부분들도 생긴 것으로 알고 있기 한데요. 아직까지 현장에서는 오토 캐드 쪽 관련된 부분이 특히 기계 설비 쪽 관련돼서는 가장 많이 네 사용되고 있는 것으로 알고 있습니다.","wordCount":150},"emotion":[],"intent":[{"text":"","expression":"","category":"attitude"}],"summary":{"text":"설계 프로그램 중 쓰리디 투디 프로그램은 설계를 위한 기능적 제도 요소를 설계자에게 지원해 주는 것으로 오픈소스 기반의 무료 버전과 상업용으로 사용하는 별도의 금액을 지불하고 사용하는 사용 버전으로 나눌 수 있습니다. 저 개인적으로 투디 쓰리디 특히 오토캐드 관련된 부분들은 지속적으로 설계시 사용을 했었던 경험을 가지고 잇습니다. 기계 설계 쪽 관련 부분들은 가볍고 빠르다는 것을 장점으로 하고 있는 디자인 전용 프로그램입니다.","wordCount":59}}},"rawDataInfo":{"question":{"fileFormat":"wav","fileSize":419278,"duration":13100,"samplingBit":16,"channelCount":1,"samplingRate":"16kHz","audioPath":"/Mock/07.ProductionManufacturing/Male/New/ckmk_q_mm_m_n_160501.wav"},"answer":{"fileFormat":"wav","fileSize":2664398,"duration":83260,"samplingBit":16,"channelCount":1,"samplingRate":"16kHz","audioPath":"/Mock/07.ProductionManufacturing/Male/New/ckmk_a_mm_m_n_160501.wav"}}}