{"version":"1.0","dataSet":{"info":{"date":"20230116","occupation":"MM","channel":"MOCK","place":"ONLINE","gender":"MALE","ageRange":"45-54","experience":"NEW"},"question":{"raw":{"text":"혹시 매일 학습하고 있는 분야가 따로 있으실까요 있으시다면 그걸 왜 공부하고 있는지도 함께 설명해 주시기 바랍니다","wordCount":16},"emotion":[],"intent":[]},"answer":{"raw":{"text":"매일 공부하는 분야는 스페인어 그리고 어 역사 역사 관련된 부분 그리고 어 여행 쪽 관련된 책자들을 읽으면서 계속 공부를 하고 있습니다. 외국어에 관련된 부분은 제가 영어 중국어 일 본어를 자유롭게 구사할 정도의 외국어 실력을 가지고 있는데요. 최근에 스페인어 관련된 부분들에 관심이 있어서 나중에 여행이나 그런 부분들이 좀 필요할 것 같아서 스페인어를 일 년 정도 그냥 지속적으로 공부를 하고 있습니다. 역사 관련된 부분은 제가 관광 통역 안내사 및 문화 유산 해설사 자격증을 가지고 있는데요. 역사는 제가 어려서부터 좋아하고 관심 있어 하는 분야이기 때문에 지금도 여러 가지 역사 관련된 책자나 소설책 혹은 공부하는 부분들 해설할 때 에 필요한 부분들을 계속적으로 공부를 하고 있습니다. 또한 운동 관련된 부분 또한 제가 골프나 헬스 농구 탁구 볼링들은 제가 취미로 즐기면서도 좀 더 잘 할 수 있는 부분들은 조금씩 공부를 하고 지속적으로 관련된 부분에 대해서 관심을 가지고 공부도 하면서 취미 생활도 즐기고 있습니다.","wordCount":137},"emotion":[],"intent":[{"text":"","expression":"","category":"attitude"}],"summary":{"text":"매일 공부하는 분야는 스페인어, 역사 역사 관련 부분, 여행 쪽 관련 책자들을 읽으며 계속 공부를 하고 있습니다. 최근에 스페인어에 관심이 생겨서 일 년 정도 꾸준히 공부하고 있고, 역사 관련 부분은 관광 통역 안내사 및 문화 유산 해설사 자격증을 가지고 있고, 운동 관련 부분은 취미로 즐길 하며 공부와 취미 생활을 즐기고 있습니니다.","wordCount":51}}},"rawDataInfo":{"question":{"fileFormat":"wav","fileSize":389198,"duration":12160,"samplingBit":16,"channelCount":1,"samplingRate":"16kHz","audioPath":"/Mock/07.ProductionManufacturing/Male/New/ckmk_q_mm_m_n_157226.wav"},"answer":{"fileFormat":"wav","fileSize":2666958,"duration":83340,"samplingBit":16,"channelCount":1,"samplingRate":"16kHz","audioPath":"/Mock/07.ProductionManufacturing/Male/New/ckmk_a_mm_m_n_157226.wav"}}}