{"version":"1.0","dataSet":{"info":{"date":"20230116","occupation":"MM","channel":"MOCK","place":"ONLINE","gender":"MALE","ageRange":"35-44","experience":"NEW"},"question":{"raw":{"text":"직무 지식 역량 태도 이 세 가지 요소 중에 지원자님이 생각하기에 가장 중요하다고 생각하시는 것과 그 이유를 한 번 말씀해 주세요","wordCount":21},"emotion":[],"intent":[]},"answer":{"raw":{"text":"단연 저는 태도라고 생각합니다. 태도는 단순히 꾸며서 나오는 것이 아닌 그 사람의 깊은 마음속의 인성이라고 생각합니다. 원래 사람은 고쳐 쓰는 게 아니라고 했듯이 초반에 업무를 시킬 때는 직무 지식 및 역량 또는 능력이 아주 중요하다고 생각합니다. 하지만 조직을 이끌어가는데 많은 리더들이 하는 것 중에 하나가 좋은 인성을 가진 사람과는 능력이 조금은 부족하더라도 영원히 함께 할 수 있을 것 같다는 믿음을 갖는다는 것입니다. 직무 지식 및 역량에 아무리 뛰어나도 인성이 올바르지 못하고 인성이 올바르지 못한 사람은 다른 사람과 협업 및 시너지를 낼 수가 없습니다. 그런데 항상 적극적이고 수용적인 태도 남들의 마음을 읽고 남들의 이야기를 듣는 태도를 가진 사람은 어떤 업무에 배치되더라도 금방 융화가 되고 다른 사람과 협업이 잘 돼 시너지가 잘 나는 효과를 대학생 때부터 많이 보았습니다. 그래서 인성이 좋은 사람 즉 태도가 좋은 사람 우리는 그걸 에티튜드라고 얘기하는데요. 그 에티튜드를 가진 사람들은 어떤 사업에 배치를 해 놔도 다 적응을 하고 결국은 성공을 하는 많은 사람들을 보았기 때문에 저는 태도가 가장 중요한 요소라고 생각합니다.","wordCount":153},"emotion":[],"intent":[{"text":"태도는 단순히 꾸며서 나오는 것이 아닌 그 사람의 깊은 마음속의 인성이라고 생각합니다.","expression":"c_value","category":"background"},{"text":"원래 사람은 고쳐 쓰는 게 아니라고 했듯이 초반에 업무를 시킬 때는 직무 지식 및 역량 또는 능력이 아주 중요하다고 생각합니다.","expression":"c_value","category":"background"},{"text":"하지만   조직을 이끌어가는데 많은 리더들이 하는 것 중에 하나가 좋은 인성을 가진 사람과는 능력이 조금은 부족하더라도 영원히 함께 할 수 있을 것 같다는 믿음을 갖는다는 것입니다.","expression":"c_value","category":"background"},{"text":"그 에티튜드를 가진 사람들은 어떤 사업에 배치를 해 놔도   다 적응을 하고 결국은 성공을 하는 많은 사람들을 보았기 때문에 저는 태도가 가장 중요한 요소라고 생각합니다.","expression":"c_value","category":"background"}],"summary":{"text":"태도는 그 사람의 깊은 마음 속 인성이라고 생각합니다. 직무 지식 및 역량에 아무리 뛰어나도 인성이 올바르지 못하면 다른 사람과 협업 및 시너지를 낼 수 없습니다. 그런데 늘 적극적이고 수용적인 태도를 가진 사람은 어떤 업무에 배치되더라도 쉽게 융화되어 시너지가 잘 저는 효과를 보았습니다. 그래서 저는 태도가 가장 중요한 요소라고 생각합니다.","wordCount":49}}},"rawDataInfo":{"question":{"fileFormat":"wav","fileSize":517198,"duration":16160,"samplingBit":16,"channelCount":1,"samplingRate":"16kHz","audioPath":"/Mock/07.ProductionManufacturing/Male/New/ckmk_q_mm_m_n_159673.wav"},"answer":{"fileFormat":"wav","fileSize":2544718,"duration":79520,"samplingBit":16,"channelCount":1,"samplingRate":"16kHz","audioPath":"/Mock/07.ProductionManufacturing/Male/New/ckmk_a_mm_m_n_159673.wav"}}}