{"version":"1.0","dataSet":{"info":{"date":"20230116","occupation":"MM","channel":"MOCK","place":"ONLINE","gender":"MALE","ageRange":"-34","experience":"NEW"},"question":{"raw":{"text":"어 지원자님이 생각하시기에 다른 지원자들에 비해서 본인이 가진 차별성과 장점이 있다고 생각하시는지요 본인이 가진 차별성과 장점을 한 번 어필해 주시겠습니까","wordCount":20},"emotion":[],"intent":[]},"answer":{"raw":{"text":"제가 다른 지원자들의 비에 제가 가진 차별성 저희 경쟁력 그런 장점이라고 함은 바로 어 영어 회화라고 말씀을 드리고 싶습니다. 어 제가 이런 것들을 이런 것들을 공부하기 위해서 되게 많은 시간을 할애했고 어 더군다나 어렸을 때 어 영어에서 영어 국가에서 지내면서 정말 표출하고 어 조금 자신 있는 분야로 이렇게 된 것 같습니다. 때문에 다른 자들 다른 지원자들에 비해서 영어 회화는 정말 자신있고 저의 장점이라고 어필을 드리고 싶으며 이런 저의 장점은 바로 이 회사의 필수적인 요소라고 덕목이라고 생각을 합니다. 왜냐하면 이 회사 당사는 현재 해외 해외 사업을 여러 가지 추진을 하고 있고 그 과정에 있어서 저와 같은 능력이 부수적이라고 생각을 하기 때문에 저는 이 회사에 입사하기에 걸맞는 인재라고 생각을 하며 자신이 있기 때문에 지원을 하게 되었습니다.","wordCount":114},"emotion":[],"intent":[{"text":"왜냐하면 이 회사 당사는 현재 해외 해외 사업을 여러 가지 추진을 하고 있고 그 과정에 있어서 저와 같은 능력이 부수적이라고 생각을 하기 때문에 저는 이 회사에 입사하기에 걸맞는 인재라고 생각을 하며 자신이 있기 때문에 지원을 하게 되었습니다.","expression":"c_sincere_job","category":"etc"}],"summary":{"text":"다른 지원자들에 비해 영어 회화에 강점을 가지고 있으며 이는 이 회사의 필수적인 요소입니다. 당사는 해외 해외 사업을 추진하고 있고 이 회사에 입사하기에 맞는 인재라고 생각하여 지원을 하게 되었습니다.","wordCount":28}}},"rawDataInfo":{"question":{"fileFormat":"wav","fileSize":501518,"duration":15670,"samplingBit":16,"channelCount":1,"samplingRate":"16kHz","audioPath":"/Mock/07.ProductionManufacturing/Male/New/ckmk_q_mm_m_n_183915.wav"},"answer":{"fileFormat":"wav","fileSize":2769998,"duration":86560,"samplingBit":16,"channelCount":1,"samplingRate":"16kHz","audioPath":"/Mock/07.ProductionManufacturing/Male/New/ckmk_a_mm_m_n_183915.wav"}}}