{"version":"1.0","dataSet":{"info":{"date":"20230116","occupation":"MM","channel":"MOCK","place":"ONLINE","gender":"MALE","ageRange":"45-54","experience":"NEW"},"question":{"raw":{"text":"지금까지 살아오면서 여러 가지 일을 겪으셨을 텐데요 인생을 살면서 가장 후회되는 일이 있으십니까 있다면 어떤 일이 가장 후회가 되는지 한 가지만 말씀해 주십시오","wordCount":23},"emotion":[],"intent":[]},"answer":{"raw":{"text":"지금까지 살면서 가장 후회되는 일은 제가 고등학교를 인문계 고등학교를 졸업을 하고 어 대입에 에 일 재수 삼수까지 하며 최종적으로 어 대학을 수석으로 입학을 했지만 그 입 어렵게 입학한 대학을 졸업을 하지 못한 부분입니다. 결론적으로는 중국에서 어 본과를 언어 연수를 하고 본과를 다니 오 년 정도 했었고요. 지금 돌아켜 보면 그 당시에 고등학교 인문계 고등학교를 나와서 어 재수나 삼수할 만큼의 가정 형편은 되지 못했던 상황이었지만 어 어머니의 에 희생으로 그리고 저 또한 중간중간 아르바이트를 하면서 심리적 정신적 스트레스를 받으면서 공부를 했었던 기억이 지금도 가장 힘든 시기였다고 생각을 합니다. 따라서 지금 다시 그 시절로 돌아간다면 따른 방법 대학 이외에 직업 학교나 어 따른 여러 가지 상황을 방향을 좀 찾아봤을 텐데 그 당시에는 그런 생각을 하지 못하였던 것이 가장 후회됩니다.","wordCount":117},"emotion":[],"intent":[{"text":"지금까지 살면서 가장 후회되는 일은 제가 고등학교를 인문계 고등학교를 졸업을 하고   어 대입에 에 일 재수 삼수까지 하며 최종적으로 어 대학을   수석으로 입학을 했지만 그 입 어렵게 입학한 대학을 졸업을 하지 못한   부분입니다.","expression":"c_private","category":"background"},{"text":"결론적으로는 중국에서 어 본과를 언어 연수를 하고 본과를 다니 오 년 정도 했었고요.","expression":"c_private","category":"background"}],"summary":{"text":"인문계 고등학교를 졸업을 하고 재수 삼수까지 하며 최종적으로 대학을 수석으로 입학했지만 어렵게 입학한 대학을 졸업을 하지 못한 부분이 아쉽습니다. 입시를 준비하던 시절로 돌아간다면 대학 이외에 직업 학교나 여러 가지 상황을 좀 찾아봤을텐데 그런 생각을 못한 것이 가장 후회됩니다.","wordCount":38}}},"rawDataInfo":{"question":{"fileFormat":"wav","fileSize":570318,"duration":17820,"samplingBit":16,"channelCount":1,"samplingRate":"16kHz","audioPath":"/Mock/07.ProductionManufacturing/Male/New/ckmk_q_mm_m_n_172300.wav"},"answer":{"fileFormat":"wav","fileSize":2711118,"duration":84720,"samplingBit":16,"channelCount":1,"samplingRate":"16kHz","audioPath":"/Mock/07.ProductionManufacturing/Male/New/ckmk_a_mm_m_n_172300.wav"}}}