{"version":"1.0","dataSet":{"info":{"date":"20230116","occupation":"MM","channel":"MOCK","place":"ONLINE","gender":"MALE","ageRange":"-34","experience":"NEW"},"question":{"raw":{"text":"지원자분께서 이전 직장에서 퇴사를 하신 후에 그 퇴사를 하신 것에 대해서 후회하신 적은 없으신지 궁금합니다 있으시다고 한다면 왜 있는지도 함께 이야기해 주시면 좋겠습니다","wordCount":23},"emotion":[],"intent":[]},"answer":{"raw":{"text":"후회됐던 지점이 많았던 것이 그때 당시에는 그 문제를 조금 더 현명하게 해결할 수 있지 않았을까 하는 후회가 시간이 지나니까 생기게 되었습니다. 그때 당시에 그런 문제들만 너무 감정적으로 너무 순간적으로 대응하지 않고 잘 했다면 저는 아마도 지금도 그 회사를 계속 다니고 있었을 것 같다는 생각을 했었습니다. 왜냐하면 그 회사에서 제가 맡은 책임감도 컸었고 막중했었고 그리고 회사에서 저에게 대해주는 처우도 나쁘지 않았기 때문입니다. 그렇지만 한순간에 그런 순간적인 선택과 그런 옳지 못한 감정 컨트롤이 이런 돌이킬 수 없는 결과를 초래했구나 라는 것을 후회하고 있지만 이렇게 후회하고 있는 것을 다행이라고 생각을 합니다. 이런 계기를 통해서 다음부터는 그러지 않을 것이라는 것을 배웠기 때문이죠.","wordCount":98},"emotion":[],"intent":[{"text":"","expression":"","category":"attitude"}],"summary":{"text":"순간적인 선택과 감정 컨트롤이 돌이킬 수 없는 결과를 초래했다는 것을 후회하고 있지만 이렇게 후회하고 있는 것을 다행이라고 생각합니다. 이런 계기를 통해서 다음부터는 그러지 않을 것이라는 것을 배웠기 때문입니다.","wordCount":28}}},"rawDataInfo":{"question":{"fileFormat":"wav","fileSize":558158,"duration":17440,"samplingBit":16,"channelCount":1,"samplingRate":"16kHz","audioPath":"/Mock/07.ProductionManufacturing/Male/New/ckmk_q_mm_m_n_186736.wav"},"answer":{"fileFormat":"wav","fileSize":2640078,"duration":82500,"samplingBit":16,"channelCount":1,"samplingRate":"16kHz","audioPath":"/Mock/07.ProductionManufacturing/Male/New/ckmk_a_mm_m_n_186736.wav"}}}