{"version":"1.0","dataSet":{"info":{"date":"20230116","occupation":"MM","channel":"MOCK","place":"ONLINE","gender":"MALE","ageRange":"45-54","experience":"NEW"},"question":{"raw":{"text":"지금까지 살아오면서 가장 힘들었던 경험은 무엇이 있을까요 또 그 경험은 어떤 것인지 또 그것을 어떻게 극복했는지에 대해서 자세히 말씀해 주시기 바랍니다","wordCount":21},"emotion":[],"intent":[]},"answer":{"raw":{"text":"지금까지 살아오면서 가장 힘들었던 시절은 제가 고등학교를 졸업하고 대학에 재수 삼수 두 번 실패를 한 후 최종적으로 어 수석으로 대학에 들어갔던 시기입니다. 지금 생각을 해보면 저희 집 상황 자체가 재수나 삼수를 할 수 있는 상황은 아니었습니다. 가정 형편상 어머니가 에 힘들게 혼자서 일을 하셔서 자녀와 세 한 남매를 키우셨기 때문에 그 당시에 제가 아들이었고 어머니 입장에서는 고등학교를 인문계 고등학교를 졸업 해서 대학을 가지 않으면 사회에 나 낙오자라는 분위기가 있었기 때문에 어머니가 힘들게 에 지원을 해 주셔서 어 재수 삼수 까지 하며 최종적으로는 한국의 대학에 합격을 했었습니다. 일 년 정도 대학을 다니다가 최종적으로 군대를 다녀왔고 군대를 다녀오면서 한국에 있는 대학에 복학하라 하시어 복학하지 않고 바로 중국 상해에서 유학 생활 오 년을 진행을 했었습 했습니다. 물론 제가 재수 삼수를 하면서 여러 가지 힘든 경험을 했던 것이 지금의 저를 만들었다고 생각 할 수도 있겠지만 제가 다시 그때로 돌아간다면 재수 삼수는 하지 않을 것 같습니다.","wordCount":141},"emotion":[{"text":"일 년 정도 대학을 다니다가 최종적으로 군대를 다녀왔고 군대를 다녀오면서 한국에 있는 대학에 복학하라 하시어 복학하지 않고   바로 중국 상해에서 유학 생활 오 년을 진행을 했었습 했습니다.","expression":"u-fact","category":"neutral"}],"intent":[{"text":"형편상   어머니가 에 힘들게 혼자서 일을 하셔서 자녀와 세 한 남매를 키우셨기 때문에 그 당시에 제가 아들이었고 어머니 입장에서는   고등학교를 인문계 고등학교를 졸업 해서 대학을 가지 않으면 사회에 나 낙오자라는   분위기가 있었기 때문에 어머니가 힘들게 에 지원을 해 주셔서   어 재수 삼수 까지 하며 최종적으로는 한국의 대학에 합격을 했었습니다.","expression":"c_private","category":"background"}],"summary":{"text":"가정 형편이 좋지 않았던 제가 고등학교를 졸업하고 대학에 재수 삼수 두 번 실패를 한 후 최종적으로 수석으로 대학에 들어갔던 시기에 가장 힘들었던 것은 제가 대학에 복학하지 않고 바로 중국 상해에서 유학 생활을 오 년을 했습니다. 다시 그때로 돌아간다면 재수 삼수는 하지 않을 것 같습니다.","wordCount":44}}},"rawDataInfo":{"question":{"fileFormat":"wav","fileSize":419918,"duration":13120,"samplingBit":16,"channelCount":1,"samplingRate":"16kHz","audioPath":"/Mock/07.ProductionManufacturing/Male/New/ckmk_q_mm_m_n_163467.wav"},"answer":{"fileFormat":"wav","fileSize":2710158,"duration":84690,"samplingBit":16,"channelCount":1,"samplingRate":"16kHz","audioPath":"/Mock/07.ProductionManufacturing/Male/New/ckmk_a_mm_m_n_163467.wav"}}}