{"version":"1.0","dataSet":{"info":{"date":"20230116","occupation":"MM","channel":"MOCK","place":"ONLINE","gender":"MALE","ageRange":"45-54","experience":"NEW"},"question":{"raw":{"text":"지원자께서는 매일 공부하고 있는 분야가 따로 있는지 궁금합니다 있으시다면 그걸 왜 공부하는지도 함께 설명하여 말씀해 주시길 바랍니다","wordCount":17},"emotion":[],"intent":[]},"answer":{"raw":{"text":"저는 매일이라고는 말씀을 솔직히 말씀을 못 드리지만 어 시간이 될 때 좀 여유가 생길 때마다 영어 공부를 짬짬이 계속 해오고 있습니다. 어 솔직히 중학교 고등학교 대학교까지 영어 공부는 수없이 많이 해왔지만 어 학교에서 하는 공부는 좀 입시 위주의 문법이다 보니까 막상 대학을 졸업했는데도 솔직히 영어를 어 그 배운 기간에 비해서 어 잘 사용 못하는 것이 현실이었습니다. 어 저는 막상 회사에 들어와 보니까 이런 것을 더 좀 뼈저리게 느꼈습니다. 요즘은 말 그대로 글로벌시대라고 해서 어 사무실에 앉아서 근무를 하다가도 외국에서 전화가 옵니다. 그러면 당장 영어를 해 영어를 할 줄 알아야 뭐 통하라고 이 사람이 왜 전화를 했는지를 알 수 있을 텐데 어 그럴 때 영어를 못한다면 매우 당황스러울 것 같습니다. 그 뿐만 아니라 제 주변만 봐도 어 외국인이 너무 많습니다. 어 예전처럼 뭐 우리끼리만 있고 뭐 외국인 이 옆에 있는 거 신기하던 그런 시대가 아닙니다. 영어는 비즈니스의 기본이며 오히려 엔진니어일수록 영어는 더 잘해야 된다라고 저는 생각합니다. 실제로 우리가 운영하는 뭐 기계라든지 이런 것 모두 다 영어로 돼 있습니다. 그 운영법이라든지 관리법 심지어는 고장 수리까지도 다 영어로 돼 그 이거를 읽지 못하고 어 이런 경우에 여러 가지 문제가 발생할 수 있게 저는 영어를 항상 공부하고 있습니다.","wordCount":184},"emotion":[],"intent":[{"text":"그 운영법이라든지 관리법 심지어는 고장 수리까지도 다 영어로 돼 그 이거를 읽지 못하고 어 이런 경우에 여러 가지 문제가 발생할 수 있게 저는 영어를 항상 공부하고 있습니다.","expression":"c_imp","category":"personality"}],"summary":{"text":"저는 여유가 생길 때마다 영어 공부를 하고 있습니다. 학교에서 하는 공부는 입시 위주라서 막상 대학을 졸업했는데도 영어를 잘 사용하지 못하는 것이 현실이었습니다. 요즘은 글로벌 시대라서 외국에 전화 왔을 때 영어를 못하면 매우 당황스러울 것 같습니다. 저는 엔진니어일수록 영어는 비즈니스의 기본이며, 실제로 운영법, 관리법, 고장 수리까지도 영어로 돼 있어 영어가 꼭 필요합니다.","wordCount":51}}},"rawDataInfo":{"question":{"fileFormat":"wav","fileSize":470798,"duration":14710,"samplingBit":16,"channelCount":1,"samplingRate":"16kHz","audioPath":"/Mock/07.ProductionManufacturing/Male/New/ckmk_q_mm_m_n_179362.wav"},"answer":{"fileFormat":"wav","fileSize":2857038,"duration":89280,"samplingBit":16,"channelCount":1,"samplingRate":"16kHz","audioPath":"/Mock/07.ProductionManufacturing/Male/New/ckmk_a_mm_m_n_179362.wav"}}}