{"version":"1.0","dataSet":{"info":{"date":"20230116","occupation":"MM","channel":"MOCK","place":"ONLINE","gender":"MALE","ageRange":"-34","experience":"NEW"},"question":{"raw":{"text":"어 지원자님께서는 혹시 매일 공부를 하고 있는 분야가 따로 있다면 어 왜 그것을 공부하는지 같이 설명해 주셨으면 합니다","wordCount":18},"emotion":[],"intent":[]},"answer":{"raw":{"text":"제가 현재 매일 공부하고 있는 분야는 영어 영어 회화입니다. 제가 이 회사에 입사하기 위해서 영어 회화를 정말 열심히 공부했고 에 영어 회화 시험인 오피닉이라는 시험에서 가장 높은 등급인 에이 앱을 맡으면서 어 맞으면서 되게 큰 자신감을 얻을 수 있었습니다. 그런 자신감이 현재는 저의 흥미로 이어졌고 때문에 게임 영어 공부를 하고 있습니다. 어 영어공 영어 회화 공부를 매일 하는 이유는 당사가 대개 많은 여러 나라에 해외 사업을 추진하고 있는 것으로 알고 있기 때문에 이런 회사에 걸맞는 인재가 되기 위해서는 영어 회화라는 것이 필수적인 요소라고 필수적인 공목이라고 생각을 합니다. 때문에 항상 열심히 공부하고 있음 공부했다는 것을 말씀을 드리고 싶고 어 당사에 어 맞는 인재가 되도록 최산을 다 했고 좋은 결과가 있으면 좋을 것 같습니다. 또한 입사하게 된다면 저의 성장 뿐만 아닌 회사의 성장도 같이 나아갈 수 있는 신입 사원이 되겠습니다.","wordCount":128},"emotion":[{"text":"제가 이 회사에 입사하기 위해서 영어 회화를 정말 열심히 공부했고 에 영어 회화 시험인 오피닉이라는 시험에서 가장 높은 등급인 에이 앱을 맡으면서 어 맞으면서 되게 큰 자신감을 얻을 수 있었습니다.","expression":"p-achievement","category":"positive"}],"intent":[{"text":"제가 현재 매일 공부하고 있는 분야는 영어 영어 회화입니다.","expression":"c_imp","category":"personality"},{"text":"제가 이 회사에 입사하기 위해서 영어 회화를 정말 열심히 공부했고 에 영어 회화 시험인 오피닉이라는 시험에서 가장 높은 등급인 에이 앱을 맡으면서 어 맞으면서 되게 큰 자신감을 얻을 수 있었습니다.","expression":"c_imp","category":"personality"},{"text":"그런 자신감이 현재는 저의 흥미로 이어졌고 때문에 게임 영어 공부를 하고 있습니다.","expression":"c_imp","category":"personality"}],"summary":{"text":"당사에 맞는 인재가 되기 위해 영어 회화는 필수적인이기 때문에 매일 영어 회화를 공부하고 있습니다. 입사하게 된다면 회사의 성장도 같이 나아갈 수 있는 신입 사원이 되겠습니다.","wordCount":25}}},"rawDataInfo":{"question":{"fileFormat":"wav","fileSize":343118,"duration":10720,"samplingBit":16,"channelCount":1,"samplingRate":"16kHz","audioPath":"/Mock/07.ProductionManufacturing/Male/New/ckmk_q_mm_m_n_183914.wav"},"answer":{"fileFormat":"wav","fileSize":2921678,"duration":91300,"samplingBit":16,"channelCount":1,"samplingRate":"16kHz","audioPath":"/Mock/07.ProductionManufacturing/Male/New/ckmk_a_mm_m_n_183914.wav"}}}