{"version":"1.0","dataSet":{"info":{"date":"20230116","occupation":"MM","channel":"MOCK","place":"ONLINE","gender":"MALE","ageRange":"45-54","experience":"NEW"},"question":{"raw":{"text":"지원자님께서는 팀으로 일하는 것과 혼자 일하는 것 중 무엇을 더 선호하시나요 그 이유를 함께 말씀해 주세요","wordCount":16},"emotion":[],"intent":[]},"answer":{"raw":{"text":"저는 팀으로 일하는 것과 혼자 일하는 것 중 정말 제가 그냥 임의로 고를 수 있다 라고 하면 저는 혼자 일하는 것을 선택하겠습니다. 어 뭐 일의 특성상 어떤 일이냐에 따라서 뭐 혼자 할 수 있는 일이 있을 수 있고 아니면 혼자서는 도저히 할 수 없는 일이 있기에 그거는 뭐 일의 성격상 어 정해져야 된다 라고는 생각하지만 그래도 만약에 이것을 팀과 개인이 혼자 하는 일을 뭐 선택할 수 있다 그러면 저는 팀으로 일하는 것보다는 혼자 일을 하는 것을 선택하겠습니다. 뭐 특별한 이유가 있지는 않습니다. 저는 어 일을 할 때 뭐 계속 아이디어가 있고 그래야 되다 보니까 저는 일을 할 때 프로젝트를 진행할 때 그 창의성에 일단 그 역점을 둡니다. 무엇인가를 새로운 아이디어로 무엇인가를 새로 만들어 낸다라는 것에 역점을 두다 보니 팀으로 일할 때는 이 창의성이 되게 좀 이렇게 발휘하기가 좀 힘든 경향이 많이 있습니다. 팀으로 일한다 라는 것은 같이 이제 공조를 해야 되고 서로 협조를 해야 되다 보니까 시간 같은 것도 같이 일해야 되고 같이 맞춰야 되고 이런 일이 생깁니다. 저는 사실 능률이 안 오를 때는 쉬는 게 맞다 라고 생각하는 주의입니다. 반면에 일이 능률이 오를 때는 밤을 새서라도 그 일을 수행해 내는 게 맞다고 생각하고요. 혼자 일할 때는 제가 그 시간을 스스로 사용할 수 있기 때문에 전 좀 더 그때가 창의적인 것 같습니다.","wordCount":202},"emotion":[],"intent":[{"text":"","expression":"","category":"attitude"}],"summary":{"text":"일을 할 때 계속 아이디어가 있어야 되다 보니 프로젝트를 진행할 때 창의성에 역점을 두는데, 팀으로 일할 때는 창의성이 발휘되기 힘든 경향이 있습니다. 일이 능률이 오를 때는 쉬는 게 맞다 라고 생각하는 주의인데, 혼자 일할 때는 그 시간을 스스로 사용할 수 있기 때문에 좀 더 그때가 창의적인 것 같습니다.","wordCount":48}}},"rawDataInfo":{"question":{"fileFormat":"wav","fileSize":442958,"duration":13840,"samplingBit":16,"channelCount":1,"samplingRate":"16kHz","audioPath":"/Mock/07.ProductionManufacturing/Male/New/ckmk_q_mm_m_n_157467.wav"},"answer":{"fileFormat":"wav","fileSize":2893198,"duration":90410,"samplingBit":16,"channelCount":1,"samplingRate":"16kHz","audioPath":"/Mock/07.ProductionManufacturing/Male/New/ckmk_a_mm_m_n_157467.wav"}}}