{"version":"1.0","dataSet":{"info":{"date":"20230116","occupation":"MM","channel":"MOCK","place":"ONLINE","gender":"MALE","ageRange":"-34","experience":"NEW"},"question":{"raw":{"text":"지원자님께서는 업무를 할 때 분쟁이 발생할 때를 대비해서 지원자님만의 대처 방법이 따로 있으신가요 있으시다면 어떤 건지 한번 말씀해 주시기 바랍니다","wordCount":20},"emotion":[],"intent":[]},"answer":{"raw":{"text":"어 사실 지금 일에 대해서는 분쟁이라는 게 일어나 본 적이 없어요. 그러기엔 제가 그냥 너무 초보라서 없고 그리고 제가 조금 숙련이 된다고 하더라도 분쟁이요 분쟁은 조금 일어나기 어려운 분야가 아닐까. 어 애초에 작업을 시작하는 거는 이제 그러한 것들이 다 조정이 된 후라서 제가 직접적으로 그거를 맞닥뜨리기까지는 너무 오래 걸릴 것 같고 음 우선 작업 반장님의 말대로 그 저희 팀장 저희의 헤더의 지시대로 하는 게 베스트죠. 그게 그냥 저의 대처법이고 제가 무언가를 어 조절을 하고 조정을 하고 이거는 너무나 먼 미래 일이고 아예 제가 아직 모르는 어떤 모습이고 부분이기 때문에 함부로 어떻게 할 것이다 나는 이렇게 하겠다 라고 말씀드리기는 너무 무 무모한 부분인 것 같습니다.","wordCount":104},"emotion":[],"intent":[{"text":"어 애초에 작업을 시작하는 거는 이제 그러한 것들이 다 조정이 된 후라서   제가 직접적으로 그거를 맞닥뜨리기까지는 너무 오래 걸릴 것 같고   음  우선 작업 반장님의 말대로 그 저희 팀장 저희의   헤더의 지시대로 하는 게 베스트죠.","expression":"c_adp","category":"personality"}],"summary":{"text":"지금 일에 대해서는 분쟁이라는 게 일어나 본 적이 없습니다. 작업을 시작하는 것은 다 조정이 된 후라서 직접 맞닥뜨리기까지는 너무 오래 걸릴 것 같고 우선 작업 반장님의 말대로 저희의 헤더의 지시대로 하는 게 베스트입니다.","wordCount":33}}},"rawDataInfo":{"question":{"fileFormat":"wav","fileSize":474638,"duration":14830,"samplingBit":16,"channelCount":1,"samplingRate":"16kHz","audioPath":"/Mock/07.ProductionManufacturing/Male/New/ckmk_q_mm_m_n_179492.wav"},"answer":{"fileFormat":"wav","fileSize":2718158,"duration":84940,"samplingBit":16,"channelCount":1,"samplingRate":"16kHz","audioPath":"/Mock/07.ProductionManufacturing/Male/New/ckmk_a_mm_m_n_179492.wav"}}}