{"version":"1.0","dataSet":{"info":{"date":"20230116","occupation":"MM","channel":"MOCK","place":"ONLINE","gender":"MALE","ageRange":"45-54","experience":"NEW"},"question":{"raw":{"text":"만약 이직을 생각하는 동료를 만나게 된다면 뭐라고 말씀하시겠어요 그리고 왜 그렇게 말씀하실지도 설명해 주시겠어요","wordCount":14},"emotion":[],"intent":[]},"answer":{"raw":{"text":"어 직장인들에게 이직은 정말 중대차 한 일이라고 생각을 합니다. 만약 제 동료가 이직을 결심하고 있다면 저는 일단 그 동료에 어 의견을 존중할 것 같습니다. 본인의 일 인 이상 본인이 가장 어 오랫동안 고민하고 어 그 고민 끝에 내린 판단이라고 믿기 때문입니다. 어 직장을 옮기는 경우는 여러 가지가 있습니다. 뭐 급여를 보고 옮기는 경우도 있고 어 또는 뭐 자기의 뭐 발전 가능성이라든지 아니면 그 제가 옮기려고 하는 회사의 뭐 미래 등을 보고 일반적으로는 직장을 옮기게 되는데 이런 경우라면 저는 어 동료의 판단을 한 번 믿어주고 그 의견을 존중할 것 같습니다. 어 한 가지 그냥 다만 어 예외인 경우를 두면 직장생활을 하다 보면 뭐 상사나 뭐 뭐 순간적 상사한테 뭐 혼이 나거나 아니면 어떤 업무를 하는 데 있어서 뭐 야단을 맞거나 했을 때 순간적으로 어 직장을 옮길려는 그런 충동에 빠지는 경우가 있습니다. 저는 그런 식으로 뭐 약간 좀 즉흥적인 어떤 어 기분에 의해서 직장을 옮길려고 하는 거라면 직장을 그만두려고 하는 거라면 그런 경우에 한해서는 한 번 정도 다시 생각 해보라고 권할 것 같습니다. 하지만 그 외의 경우라면 저는 어 그 의견을 존중합니다.","wordCount":170},"emotion":[],"intent":[{"text":"","expression":"","category":"attitude"}],"summary":{"text":"직장인에게 이직은 정말 중대차 한 일이라고 생각합니다. 만약 제 동료가 이직을 결심하고 있다면 저는 그 동료의 의견을 존중할 것 같습니다. 직장의 이직은 여러 가지가 있으나 저는 동료의 판단을 믿어주고 그 의견을 존중합니다. 예외인 경우를 두면 직장생활을 하다 보면 순간적 충동에 빠지는 경우가 있습니다. 그 외의 경우라면 제 의견을 존중해여 합니다.","wordCount":50}}},"rawDataInfo":{"question":{"fileFormat":"wav","fileSize":317838,"duration":9930,"samplingBit":16,"channelCount":1,"samplingRate":"16kHz","audioPath":"/Mock/07.ProductionManufacturing/Male/New/ckmk_q_mm_m_n_180783.wav"},"answer":{"fileFormat":"wav","fileSize":2805198,"duration":87660,"samplingBit":16,"channelCount":1,"samplingRate":"16kHz","audioPath":"/Mock/07.ProductionManufacturing/Male/New/ckmk_a_mm_m_n_180783.wav"}}}