{"version":"1.0","dataSet":{"info":{"date":"20230116","occupation":"MM","channel":"MOCK","place":"ONLINE","gender":"MALE","ageRange":"45-54","experience":"NEW"},"question":{"raw":{"text":"지원자님께서 이전 직장이나 혹은 대학 시절 어떤 프로젝트를 해 봤는지 생각나시는 게 있으신가요 만약 있으시다면 그 프로젝트에 대해서 한번 편안하게 말씀해 주시겠습니까","wordCount":22},"emotion":[],"intent":[]},"answer":{"raw":{"text":"옛날 생각이 나는데요. 예전 대학 다닐 때 했던 프로젝트가 생각이 납니다. 그때는 헌혈 프로젝트를 했는데요. 이게 단순히 헌혈 프로젝트가 아니라 헌혈을 할 수 있는 몸 상태를 만들어주는 그런 프레젝티입니다. 쉽게 얘기하면 헌혈을 해 보신 분들은 알겠지만 헌혈을 할 수 있는 조건이 되는지 검사를 하거든요. 그때 보면 철분이 부족하다든지 어떤 검사 결과가 나와서 헌혈을 하러 가도 헌혈을 할 수 없는 경우가 나옵니다. 그래서 저는 그거에 착안해서 헌혈을 할 수 있는 몸 상태 즉 헌혈을 할 수 있게끔 하는 어떤 영양소 이런 것들을 홍보를 많이 했습니다. 그래서 그 부분을 갖다가 먹게 되면 건강이 좋아져서 헌혈을 할 수 있다 라는 어떤 이런 홍보를 했거든요. 이게 곧 헌혈을 할 수 있는 몸 상태가 되니까 헌혈로 이어지는 그런 연쇄적인 효과를 어 나오게 만들기도 했습니다.","wordCount":119},"emotion":[],"intent":[{"text":"","expression":"","category":"attitude"}],"summary":{"text":"예전 대학 시절에 했던 헌혈을 할 수 있는 몸 상태로 만들어주는 프레젝트입니다. 철분이 부족하다든지 어떤 검사 결과가 나와서 헌혈을 하러 가도 헌헐이 불가한 경우가 있었습니다. 이에 착안하여 헌혈을 하는 몸 상태를 만들어 주는 영양소 홍보했습니다.","wordCount":35}}},"rawDataInfo":{"question":{"fileFormat":"wav","fileSize":647758,"duration":20240,"samplingBit":16,"channelCount":1,"samplingRate":"16kHz","audioPath":"/Mock/07.ProductionManufacturing/Male/New/ckmk_q_mm_m_n_176543.wav"},"answer":{"fileFormat":"wav","fileSize":2420558,"duration":75640,"samplingBit":16,"channelCount":1,"samplingRate":"16kHz","audioPath":"/Mock/07.ProductionManufacturing/Male/New/ckmk_a_mm_m_n_176543.wav"}}}