{"version":"1.0","dataSet":{"info":{"date":"20230116","occupation":"MM","channel":"MOCK","place":"ONLINE","gender":"MALE","ageRange":"45-54","experience":"NEW"},"question":{"raw":{"text":"어 지원자님께서 생각하시기에 어 본인의 노년의 모습은 어떤 모습이었으면 좋겠는지요 어 지원자님께서 생각하는 이상적인 노년의 모습에 대해서 말씀해 주시기 바랍니다","wordCount":20},"emotion":[],"intent":[]},"answer":{"raw":{"text":"제 노년의 모습은 해외에서 살 것 같습니다. 젊었을 때는 물론 지금도 젊은 나이는 아니지만 은퇴 이전까지는 열심히 일한 후에 노후자금을 마련해서 저는 해외에서 살 계획입니다. 물론 해외에서 살기 위해서는 그 나라 언어도 배워둬야겠지요. 그래서 저는 제가 가고 싶은 나라의 언어를 틈틈이 공부를 하고 있습니다. 그래서 제가 가장 꿈꾸는 이상적인 노년은 해외에서 조금 더 해방 감을 맛보면서 젊게 이국적인 모습을 보면서 여행도 즐기는 즐기는 그런 노년을 맞이하고 싶습니다.","wordCount":67},"emotion":[],"intent":[{"text":"","expression":"","category":"attitude"}],"summary":{"text":"저는 은퇴 이전까지는 열심히 일한 후에 노후자금을 마련해서 해외에서 살 계획입니다. 그래서 가장 이상적인 노년은 해외에서 조금 더 해방감을 맛보며 여행도 즐기는 노년을 맞이하고 싶습니다.","wordCount":25}}},"rawDataInfo":{"question":{"fileFormat":"wav","fileSize":476878,"duration":14900,"samplingBit":16,"channelCount":1,"samplingRate":"16kHz","audioPath":"/Mock/07.ProductionManufacturing/Male/New/ckmk_q_mm_m_n_172612.wav"},"answer":{"fileFormat":"wav","fileSize":1804878,"duration":56400,"samplingBit":16,"channelCount":1,"samplingRate":"16kHz","audioPath":"/Mock/07.ProductionManufacturing/Male/New/ckmk_a_mm_m_n_172612.wav"}}}