{"version":"1.0","dataSet":{"info":{"date":"20230116","occupation":"MM","channel":"MOCK","place":"ONLINE","gender":"MALE","ageRange":"-34","experience":"NEW"},"question":{"raw":{"text":"사람들과 협업을 하면서 가장 어려웠던 점은 무엇이었나요 그리고 그 어려웠던 점을 어떻게 극복했는지도 말씀해 주세요","wordCount":15},"emotion":[],"intent":[]},"answer":{"raw":{"text":"어 저는 사람들과 협업을 하면서 가장 어려웠던 점은 어 스케줄을 맞추는 부분이었습니다. 서로의 그 개인적인 다 사정들이 있기 때문에 어 스케줄을 맞추는 부분이 굉장히 어려웠는데요. 어 그 부분에 있어서 서로 음 본인에게 유리한 어떤 스케줄들만 고집하고 어 본인이 좀 편한 시간 때만 선호하다 보니까 그렇게 갈등이 좀 생기고 어려운 부분이 생겼던 것 같습니다. 어 그래서 이렇게 하다보면 좀 이 협업하는 지금 이 과제를 어 좋게 완성시키기 어렵다고 판단돼서 그때 제 제안으로 본인이 편한 시간대를 어 써서 같은 종이에 써서 어 제비 뽑기를 해서 해결한 적이 있습니다. 아 그게 조금은 조금은 유치한 방법이라고 하실 수도 있지만 아 해결이 안 나고 조율을 해야 되고 서로 간에 편한 시간 대만 우겨는 것보다는 그냥 시간을 제비뽑기해서 선택하는 것이 훨씬 더 어 수월 했습니다.","wordCount":119},"emotion":[],"intent":[{"text":"어 그래서 이렇게 하다보면 좀 이 협업하는   지금 이 과제를 어 좋게 완성시키기 어렵다고 판단돼서 그때 제 제안으로   본인이 편한 시간대를 어 써서 같은 종이에 써서   어 제비 뽑기를 해서 해결한 적이 있습니다.","expression":"c_adp","category":"personality"},{"text":"아 그게 조금은 조금은   유치한 방법이라고 하실 수도 있지만 아 해결이 안 나고 조율을 해야 되고 서로 간에 편한 시간 대만 우겨는 것보다는   그냥 시간을 제비뽑기해서 선택하는 것이 훨씬 더   어 수월 했습니다.","expression":"c_adp","category":"personality"}],"summary":{"text":"협업을 하면서 서로의 스케줄만 고집하고 본인이 편할 때만 선호하다 보니 갈등이 생겨 제 제안으로 본인이 편한 시간대를 써서 제비 뽑기를 해서 해결한 적이 있습니다. 조율을 해야 되고 그냥 시간을 제비뽑기해서 선택하는 것이 훨씬 더 수월 했습니다.","wordCount":36}}},"rawDataInfo":{"question":{"fileFormat":"wav","fileSize":333518,"duration":10420,"samplingBit":16,"channelCount":1,"samplingRate":"16kHz","audioPath":"/Mock/07.ProductionManufacturing/Male/New/ckmk_q_mm_m_n_174669.wav"},"answer":{"fileFormat":"wav","fileSize":2896078,"duration":90500,"samplingBit":16,"channelCount":1,"samplingRate":"16kHz","audioPath":"/Mock/07.ProductionManufacturing/Male/New/ckmk_a_mm_m_n_174669.wav"}}}