{"version":"1.0","dataSet":{"info":{"date":"20230116","occupation":"MM","channel":"MOCK","place":"ONLINE","gender":"MALE","ageRange":"45-54","experience":"NEW"},"question":{"raw":{"text":"만약 지원자님이 함께 일을 하던 팀원과 불화가 생긴다면 어 그 불화가 있는 그 팀원과 어떻게 그거를 해결해 나갈지 해결 해결법과 그 이유를 함께 설명해 주시기 바랍니다","wordCount":26},"emotion":[],"intent":[]},"answer":{"raw":{"text":"일을 하 일을 하던 중 만약에 팀 팀원과 불화가 생긴다고 하면 어 그것은 일단 무조건 풀어야 된다 라고 생각을 합니다. 어 같은 동료이고 같은 동료라는 것은 어찌 보면 회사의 공동의 목적을 위해서 어 노력을 해야 됩니다. 때로는 내가 좀 손해를 보더라도 공동의 목적 공공의 그 이익을 생각해서는 개인의 희생도 조금은 감수를 해야 된다 라고 생각을 합니다. 어 팀원과 불화가 생기게 된다 불화가 생기는 것은 아무래도 뭐 개인적인 것도 있을 수 있고 업무적인 것도 있을 수도 있지만 무엇보다 어 본인이나 저나 그 상대방도 회사에 소속된 사람이기 때문에 그런 개인적인 감정은 어느정도 접어두고 그 공동의 목적을 이루기 위해서 어 좋아 어 소통을 해야 되고 서로 양보할 것은 양보하고 어 어떤 것이 최선의 이익인지를 생각을 해서 그 이익의 방향에 따라서 어 결정을 하는 것이 맞다고 생각을 합니다. 팀원과 불화가 생긴다 라고 하는 것은 단순히 그와 나만의 문제가 아니라 그 그 사람과 저와의 문제로 인해서 다른 사람에게도 피해를 줄 수 있기 때문에 어 불화가 생긴다면 당연히 풀어야 된다라고 생각합니다.","wordCount":155},"emotion":[],"intent":[{"text":"","expression":"","category":"attitude"}],"summary":{"text":"업무 중 팀 팀원과 불화가 생기면 무조건 풀어야 합니다. 같은 동료라는 것은 회사의 공동의 목적을 위해서 노력을 해야 되기 때문에 개인의 희생도 감수해야 합니다. 불화가 생기는 것은 개인적인 감정보다는 공동의 목적 달성을 위해 소통하고 양보할 것은 양보하며 최선의 이익을 생각하여 결정을 해야 합니다.","wordCount":43}}},"rawDataInfo":{"question":{"fileFormat":"wav","fileSize":442958,"duration":13840,"samplingBit":16,"channelCount":1,"samplingRate":"16kHz","audioPath":"/Mock/07.ProductionManufacturing/Male/New/ckmk_q_mm_m_n_165945.wav"},"answer":{"fileFormat":"wav","fileSize":2571278,"duration":80350,"samplingBit":16,"channelCount":1,"samplingRate":"16kHz","audioPath":"/Mock/07.ProductionManufacturing/Male/New/ckmk_a_mm_m_n_165945.wav"}}}