{"version":"1.0","dataSet":{"info":{"date":"20230116","occupation":"MM","channel":"MOCK","place":"ONLINE","gender":"MALE","ageRange":"35-44","experience":"NEW"},"question":{"raw":{"text":"귀하가 다룰 수 있는 설계 프로그램에 대해서 말해보세요","wordCount":8},"emotion":[],"intent":[]},"answer":{"raw":{"text":"제가 다룰 수 있는 설계 프로그램은 두 가지입니다. 하나는 빅데이터의 데이터를 크롤링 할 수 있는 파이썬이고 파이썬은 기존의 씨 뿔 뿔이나 씨샵 자바 같은 일반 프로그램보다 조금은 쉽지만 그래도 어느 정도 프로그램을 짜야 제대로 된 주식 프로그램이나 어떤 데이터를 수집하는 프로그램을 만들 수 있습니다. 제가 할 수 있는 또 다른 설계 프로그램은 캐드라는 프로그램입니다. 캐드는 컴퓨터 에이디드 디자인이라고 해서 컴퓨터를 이용해서 설계도를 그릴 수 있는 프로그램입니다. 캐드는 건축 일반 설계 또는 공장 이런 것들을 지을 때 전기 배선도 같은 걸 만들 때 컴퓨터에 도형화를 하여 그려내고 그것을 나중에 에이포지나 에이파이브 에이쓰리 같은 데다가 뽑아서 업무할 때 쓰는 프로그램입니다.","wordCount":98},"emotion":[{"text":"캐드는 컴퓨터 에이디드 디자인이라고 해서 컴퓨터를 이용해서 설계도를 그릴 수 있는 프로그램입니다.","expression":"u-fact","category":"neutral"},{"text":"캐드는   건축 일반 설계 또는 공장 이런 것들을 지을 때 전기 배선도 같은 걸 만들 때 컴퓨터에 도형화를 하여 그려내고 그것을 나중에 에이포지나 에이파이브   에이쓰리 같은 데다가 뽑아서 업무할 때 쓰는 프로그램입니다.","expression":"u-fact","category":"neutral"}],"intent":[{"text":"","expression":"","category":"attitude"}],"summary":{"text":"파이썬과 캐드라는 프로그램 중 파이썬은 어느 정도 프로그램을 짜야 제대로 된 주식 프로그램이나 데이터를 수집하는 프로그램을 만들 수 있습니다. 캐드는 컴퓨터를 이용해서 설계도를 그릴 수 있는 프로그램입니다.","wordCount":27}}},"rawDataInfo":{"question":{"fileFormat":"wav","fileSize":242638,"duration":7580,"samplingBit":16,"channelCount":1,"samplingRate":"16kHz","audioPath":"/Mock/07.ProductionManufacturing/Male/New/ckmk_q_mm_m_n_184635.wav"},"answer":{"fileFormat":"wav","fileSize":1868878,"duration":58400,"samplingBit":16,"channelCount":1,"samplingRate":"16kHz","audioPath":"/Mock/07.ProductionManufacturing/Male/New/ckmk_a_mm_m_n_184635.wav"}}}