{"version":"1.0","dataSet":{"info":{"date":"20230116","occupation":"MM","channel":"MOCK","place":"ONLINE","gender":"MALE","ageRange":"45-54","experience":"NEW"},"question":{"raw":{"text":"요즘 고령화 사회로 가면서 치매로 인한 문제가 많이 대두되고 있습니다 이에 대해서 건보공단이 하는 일과 개선할 방안에 대해서 말씀해 주시기 바랍니다","wordCount":21},"emotion":[],"intent":[]},"answer":{"raw":{"text":"요즘은 어 백세시대라고 해 가지고 어 정말 인간의 수명은 계속 늘어나고 있습니다. 그러다 보니 어 거기에 비례적으로 노인에 대한 질병 특히 치매 문제는 매우 심각한 사회문제로 떠오르고 있는 것이 사실입니다. 치매 치매 문제 치매는 다른 질병에 비해서 오히려 가정을 더 파괴시키는 주범이 됩니다. 차라리 암이라든지 이런 병들은 비록 고통스러울지라도 어 일단 환자가 지각이 있습니다. 하지만 치매 환자인 경우에는 지각이 없기 때문에 그를 돌볼 수 있는 누군가가 필요하고 그 누군가가 만약에 그 집에 생계를 유지하고 있는 사람이라면 그 집의 가정에 거의 생활이 무너지는 것과 같다 라고 할 수 있습니다. 저는 개인적으로 건강보험공단에서는 이 치매 환자를 돌볼 수 있는 기관과 그 치매 환자가 이용할 수 있는 그 기관의 기준과 폭을 넓혀야 된다 라고 생각을 합니다. 어 지금도 많은 치매 환자들을 돌볼 수 있는 어 기관 공적 기관들이 있지만 아무래도 점점 늘어나고 있는 노인 인구에 비해서는 어 부족한 것이 현실입니다. 저는 이 건강보험공단에서 이런 치매 환자를 돌볼 수 있는 시설과 시설을 확충함으로써 가정을 지킬 수 있고 이 사회를 지키는 방법이라고 생각합니다.","wordCount":158},"emotion":[],"intent":[{"text":"","expression":"","category":"attitude"}],"summary":{"text":"인간의 수명이 늘어남에 따라 치매는 더욱 심각한 사회문제로 떠오르고 있습니다. 특히 치매는 다른 질병에 비해 오히려 가정을 더 파괴시키는 주범입니다. 건강보험공단에서 치매 환자를 돌볼 수 있는 시설과 시설을 확충하여 치매 환자가 이용할 수 있는 기관의 기준과 폭을 넓혀야 합니다.","wordCount":39}}},"rawDataInfo":{"question":{"fileFormat":"wav","fileSize":467918,"duration":14620,"samplingBit":16,"channelCount":1,"samplingRate":"16kHz","audioPath":"/Mock/07.ProductionManufacturing/Male/New/ckmk_q_mm_m_n_165949.wav"},"answer":{"fileFormat":"wav","fileSize":2881998,"duration":90060,"samplingBit":16,"channelCount":1,"samplingRate":"16kHz","audioPath":"/Mock/07.ProductionManufacturing/Male/New/ckmk_a_mm_m_n_165949.wav"}}}