{"version":"1.0","dataSet":{"info":{"date":"20230116","occupation":"MM","channel":"MOCK","place":"ONLINE","gender":"MALE","ageRange":"45-54","experience":"NEW"},"question":{"raw":{"text":"만약 이직을 생각하는 동료를 만나게 되었을 때 뭐라고 말씀하실 건가요 왜 그렇게 말씀하실지 같이 설명해 주세요","wordCount":16},"emotion":[],"intent":[]},"answer":{"raw":{"text":"이직은 어 직장인한테는 매우 중대차한 문제입니다. 어 직장 동료가 이직을 결정했다면 저는 일단은 그 의견에 의견을 존중할 것 같습니다. 어 하지만 한편으로는 그 이직이 진정 본인의 미래를 생각하고 자신의 비전을 생각한 것이라면 어 그 이직에 대한 의견을 존중하겠지만 어 동료가 뭐 즉흥적으로 예를 들어 뭐 상사한테 뭐 혼이 났다라든지 이런 즉흥적으로 결정이 된 거라면 한 번 정도는 말려볼 것 같습니다. 어 이직은 말 그대로 직장인한테는 본인의 생계와도 문제가 되기 때문에 자신의 뭐 꿈을 위해서 자신의 어 어떤 이익을 위해서 어 이직을 결정한 것이라면 그 의견은 존중되어야 한다고 생각합니다. 앞에서 말씀드린 것처럼 뭐 순간적인 뭐 감정에 의해서 아니면 단지 뭐 급여를 조금 올려준다고 해서 이직을 가는 거라면 그런 거에 대해서 만큼은 한 번 정도 말려볼 것 같습니다.","wordCount":116},"emotion":[],"intent":[{"text":"","expression":"","category":"attitude"}],"summary":{"text":"이직은 직장인에게 중대차한 문제이지만, 진정 본인의 미래를 생각하고 자신의 비전을 생각한 것이라면 의견을 존중할 수 있습니다. 하지만 순간적인 감정에 의해서 또는 급여를 조금 올려준다고 해서 이직을 가는 거라면 그런 거에 대해서는 한번 정도 말려볼 것 같습니다.","wordCount":36}}},"rawDataInfo":{"question":{"fileFormat":"wav","fileSize":402958,"duration":12590,"samplingBit":16,"channelCount":1,"samplingRate":"16kHz","audioPath":"/Mock/07.ProductionManufacturing/Male/New/ckmk_q_mm_m_n_165943.wav"},"answer":{"fileFormat":"wav","fileSize":2216398,"duration":69260,"samplingBit":16,"channelCount":1,"samplingRate":"16kHz","audioPath":"/Mock/07.ProductionManufacturing/Male/New/ckmk_a_mm_m_n_165943.wav"}}}