{"version":"1.0","dataSet":{"info":{"date":"20230116","occupation":"MM","channel":"MOCK","place":"ONLINE","gender":"MALE","ageRange":"45-54","experience":"NEW"},"question":{"raw":{"text":"지원자님은 저희 회사에 이 직무에 지원한 이유가 무엇일까요 지원한 이유가 무엇인지 설명해 주시고 본인이 왜 이 회사와 이 직무에 적합한 인재인지도 설명 부탁드리겠습니다","wordCount":23},"emotion":[],"intent":[]},"answer":{"raw":{"text":"저는 매사에 긍정적이며 이 직무에 취업을 하고자 꽤 오랫동안 준비를 해왔습니다. 약 이 년 전부터 관련 자격증을 따기 위해서 노력해왔고 최근에는 결국 그 자격증을 취득한 바가 있습니다. 또한 이 직무를 남들보다 좀 더 잘 수행하고자 인턴 경험도 약 육 개월 정도 있습니다. 어 저는 동 직무를 수행하기 위해서 인턴 생활을 지금 육 개월째 현재 하고 있으며 나름 이 일에 대한 어 이해도가 높다 라고 말씀드리고 싶습니다. 저는 이 인턴 생활을 하면서 이 일이 정말 나한테 어 잘 맞고 제가 정말 청춘을 바쳐서 도전해 볼만한 일이라는 확신을 가지게 됐습니다. 저는 이 인턴 생활을 하면서 나름 어 이 기계 설비에 대한 이해도가 높으며 이것을 직접 운영하고 이것에 대한 정비를 해 본 경험이 있습니다. 물론 회사에는 저보다 더 많은 경험을 갖고 계신 분들이 있겠지만 저는 최소한 어 지금 지원한 이 신입사원 중에 저는 어 경험과 노하우를 갖추고 있다고 말씀드리고 싶습니다.","wordCount":137},"emotion":[{"text":"또한 이 직무를 남들보다 좀 더 잘 수행하고자 인턴 경험도 약 육 개월 정도 있습니다.","expression":"u-fact","category":"neutral"}],"intent":[{"text":"약 이 년 전부터 관련 자격증을 따기 위해서 노력해왔고 최근에는 결국 그 자격증을 취득한 바가 있습니다.","expression":"c_imp","category":"personality"},{"text":"또한 이 직무를 남들보다 좀 더 잘 수행하고자 인턴 경험도 약 육 개월 정도 있습니다.","expression":"c_imp","category":"personality"},{"text":"저는 이 인턴 생활을 하면서 나름 어 이 기계 설비에 대한 이해도가 높으며 이것을 직접 운영하고 이것에 대한 정비를 해 본 경험이 있습니다.","expression":"f_equip","category":"technology"}],"summary":{"text":"이 직무에 취업을 하고자 꽤 오랫동안 준비를 해왔고, 인턴 경험도 약 육 개월 정도 있습니다. 나름 이 일에 대한 이해도가 높다고 생각합니다. 최소한 지금 지원한 신입 사원 중에 저는 경험과 노하우를 갖추고 있다고 말씀드리겠습니다.","wordCount":34}}},"rawDataInfo":{"question":{"fileFormat":"wav","fileSize":609998,"duration":19060,"samplingBit":16,"channelCount":1,"samplingRate":"16kHz","audioPath":"/Mock/07.ProductionManufacturing/Male/New/ckmk_q_mm_m_n_182717.wav"},"answer":{"fileFormat":"wav","fileSize":2358158,"duration":73690,"samplingBit":16,"channelCount":1,"samplingRate":"16kHz","audioPath":"/Mock/07.ProductionManufacturing/Male/New/ckmk_a_mm_m_n_182717.wav"}}}