{"version":"1.0","dataSet":{"info":{"date":"20230116","occupation":"MM","channel":"MOCK","place":"ONLINE","gender":"MALE","ageRange":"45-54","experience":"NEW"},"question":{"raw":{"text":"지원자님께서 남들과는 다른 본인만의 경쟁력에 대해서 설명해 주시고 그런 경쟁력을 키우기 위해서 어떤 노력을 해 왔는지도 같이 얘기해 주세요","wordCount":19},"emotion":[],"intent":[]},"answer":{"raw":{"text":"저는 어렸을 때부터 과학 과목을 굉장히 좋아했습니다. 그래서 어 과학 관련 커뮤니티라든가 뭐 유튜브도 그렇고 그다음 블로그도 운영을 좀 하고 있습니다. 그리고 과학 관련해서 아이들에게 어 쉽게 설명할 수 있는 과외라든가 그런 것들도 진행을 했었습니다. 그래서 다른 사람들보다는 과학 관련 이해료가 이해도가 더 높다 라고 생각을 합니다.","wordCount":47},"emotion":[],"intent":[{"text":"그래서 어 과학 관련 커뮤니티라든가 뭐 유튜브도 그렇고 그다음 블로그도 운영을 좀 하고 있습니다.","expression":"c_private","category":"background"}],"summary":{"text":"저는 어렸을 때부터 과학을 좋아해서 과학 관련 커뮤니티, 유튜브, 블로그도 운영하고 있습니다. 그래서 다른 사람들보다 과학 관련 이해도가 높다고 생각합니다.","wordCount":20}}},"rawDataInfo":{"question":{"fileFormat":"wav","fileSize":504398,"duration":15760,"samplingBit":16,"channelCount":1,"samplingRate":"16kHz","audioPath":"/Mock/07.ProductionManufacturing/Male/New/ckmk_q_mm_m_n_174611.wav"},"answer":{"fileFormat":"wav","fileSize":1021518,"duration":31920,"samplingBit":16,"channelCount":1,"samplingRate":"16kHz","audioPath":"/Mock/07.ProductionManufacturing/Male/New/ckmk_a_mm_m_n_174611.wav"}}}