{"version":"1.0","dataSet":{"info":{"date":"20230116","occupation":"MM","channel":"MOCK","place":"ONLINE","gender":"MALE","ageRange":"45-54","experience":"NEW"},"question":{"raw":{"text":"지원자가 기술적인 이슈를 해결했던 경험을 이야기해 주세요","wordCount":7},"emotion":[],"intent":[]},"answer":{"raw":{"text":"기술적인 이슈라고 하면은 어 저희 집에 식기세척기를 설치를 하는데 음 그 호스 연결이라든가 이런 것들을 제가 직접 했고 그다음에 어 식기세척기를 위 어 세우기 위한 선반 같은 경우에도 직접 제작을 했었습니다. 그 그래서 지금 현재 아주 잘 쓰고 있습니다.","wordCount":39},"emotion":[],"intent":[{"text":"","expression":"","category":"attitude"}],"summary":{"text":"직접 식기세척기를 설치했습니다. 호스 연결과 선반을 제작했고 지금 아주 잘 쓰고 있습니다.","wordCount":12}}},"rawDataInfo":{"question":{"fileFormat":"wav","fileSize":211278,"duration":6600,"samplingBit":16,"channelCount":1,"samplingRate":"16kHz","audioPath":"/Mock/07.ProductionManufacturing/Male/New/ckmk_q_mm_m_n_174607.wav"},"answer":{"fileFormat":"wav","fileSize":896078,"duration":28000,"samplingBit":16,"channelCount":1,"samplingRate":"16kHz","audioPath":"/Mock/07.ProductionManufacturing/Male/New/ckmk_a_mm_m_n_174607.wav"}}}