{"version":"1.0","dataSet":{"info":{"date":"20230116","occupation":"MM","channel":"MOCK","place":"ONLINE","gender":"MALE","ageRange":"45-54","experience":"NEW"},"question":{"raw":{"text":"지원자님께서 최근에 봤던 뉴스들 가운데 가장 인상 깊었던 뉴스가 있다면 무엇인지 그 이유와 함께 설명해 주시기 바랍니다","wordCount":17},"emotion":[],"intent":[]},"answer":{"raw":{"text":"제가 최근에 본 뉴스 중 가장 좀 관심이 가는 것은 방탄소년단이 군대를 가야 하느냐 말아야 하냐 말아야 하느냐 하는 어 뉴스입니다. 어 우선 제 의견을 먼저 말씀드리면 저는 방탕소년단은 군대를 가야 된다고 생각합니다. 물론 우리나라 병역배 병역 법에는 어 국가를 빚낸 자 국가의 어 위상을 드높인 자 뭐 예를 들어서 올림픽 아시안 게임 등 국제대회에서 뭐 어 국위를 선양한 자 아니면 뭐 국제 콩쿨이라든지 뭐 이런 뭐 국제 문화 행사 뭐 예술 이런 분야에서 어 국위를 선양한 자에 한해서는 군대를 면제해주는 제도가 어 엄연히 있습니다. 물론 방탕소년단이 어 우리 국위를 선영하고 케이팝을 전 세계에 알리고 대한민국 전세계에 알린 것에 대해서는 어 누구도 부정하지 못할 사실입니다. 저 역시 그 공은 정말 금메달 올림픽에서 금메달을 따는 것 못지않게 크다 라고 생각을 합니다. 하지만 방탕소년단은 그 대중 가수입니다. 어 그들이 그렇게 국위를 선양하는 과정에서 그 누구도 상상할 수 없는 만큼 금전적 이익을 취했습니다. 그리고 우리나라 국민 남성은 국방의 의무가 있습니다. 방탄 소년단도 군대에 가야 된다고 생각합니다.","wordCount":153},"emotion":[],"intent":[{"text":"","expression":"","category":"attitude"}],"summary":{"text":"방탄소년단은 대중 가수로써 국위를 선양하는 과정에서 금전적 이익을 취했고, 우리나라 국민 남성은 국방의 의무가 있습니다. 따라서 최근 관심이 가는 것은 방탄소년단이 군대를 가야 하느냐 말아야 하느냐 하는 뉴스입니다.","wordCount":28}}},"rawDataInfo":{"question":{"fileFormat":"wav","fileSize":354638,"duration":11080,"samplingBit":16,"channelCount":1,"samplingRate":"16kHz","audioPath":"/Mock/07.ProductionManufacturing/Male/New/ckmk_q_mm_m_n_172647.wav"},"answer":{"fileFormat":"wav","fileSize":2901838,"duration":90680,"samplingBit":16,"channelCount":1,"samplingRate":"16kHz","audioPath":"/Mock/07.ProductionManufacturing/Male/New/ckmk_a_mm_m_n_172647.wav"}}}