{"version":"1.0","dataSet":{"info":{"date":"20230116","occupation":"MM","channel":"MOCK","place":"ONLINE","gender":"MALE","ageRange":"45-54","experience":"NEW"},"question":{"raw":{"text":"만약에 다른 부서와 갈등 상황이 발생한다면 어떤 식으로 해결하시겠어요 상황을 한번 가정하고 말씀해 주세요","wordCount":14},"emotion":[],"intent":[]},"answer":{"raw":{"text":"만약 타 부서와 갈등이 발생을 하게 된다면 먼저 어떤 시 문제 때문에 갈등이 발생을 했는지를 확인을 합니다. 정확한 판단이 초기 판단이 있어야 거기에 대한 해결 설책을 이 나올 수 있다고 생각을 하고요. 그러한 경우에는 대부분 이 부서별 이기주의가 발현이 되는 경우가 많이 있었습니다. 어떤 문제를 가지고 어 같이 협업을 하는 과정에서 그 문제에 대해서 진행을 해도 자 본인 부서에는 이익이나 손해를 끼치는 부분이 있기 때문에 적극적인 참여나 어 최종적으로 회사를 위해서 하는 일이 할지라도 어 적극 동요를 동조를 하지 않는 경우들이 많이 있습니다. 이런 경우는 간단한 회 개 회의를 통해서 아니면 미팅을 통해서 진행해서 할 수 있는 부분들은 아니구요. 그런 부분들은 이번에 에 이 프로젝트가 성공적으로 이루어졌을 경우에 반대 급부를 준다던가 다음 프로젝트를 진행을 할 때 어느 정도의 우선권을 준다던가 이러한 부분들도 하나의 해결책의 방법이라고 생각을 합니다. 무조건 간단하게 에 진행을 해야 되고 어 이번에는 무조건 나를 따라라 라는 식의 방법은 해결책이 아닙니다.","wordCount":143},"emotion":[],"intent":[{"text":"","expression":"","category":"attitude"}],"summary":{"text":"타 부서와 갈등 발생 시 정확한 판단이 있어야 해결책이 나올 수 있습니다. 협업 시 본인 부서에 이익이 되기 때문에 적극 동요를 동조하지 않는 경우가 많습니다. 이런 경우 간단한 회의나 미팅을 통해서 해결할 수 있는 부분이 아닙니다. 이런 부분들은 이번 프로젝트가 성공적이었을 경우 반대 급부를 주던가, 다음 프로젝트 진행 시 우선권을 주던가 하는 것들도 하나의 해결책입니다.","wordCount":55}}},"rawDataInfo":{"question":{"fileFormat":"wav","fileSize":296078,"duration":9250,"samplingBit":16,"channelCount":1,"samplingRate":"16kHz","audioPath":"/Mock/07.ProductionManufacturing/Male/New/ckmk_q_mm_m_n_160500.wav"},"answer":{"fileFormat":"wav","fileSize":2649038,"duration":82780,"samplingBit":16,"channelCount":1,"samplingRate":"16kHz","audioPath":"/Mock/07.ProductionManufacturing/Male/New/ckmk_a_mm_m_n_160500.wav"}}}