{"version":"1.0","dataSet":{"info":{"date":"20230116","occupation":"MM","channel":"MOCK","place":"ONLINE","gender":"MALE","ageRange":"45-54","experience":"NEW"},"question":{"raw":{"text":"일을 하다 보면 다른 지역에서 업무를 수행하게 될 수도 있는데요 타 지역 근무도 문제 없이 가능하신가요","wordCount":16},"emotion":[],"intent":[]},"answer":{"raw":{"text":"어 이런 문제는 저는 저로서는 아무런 문제가 안 됩니다. 저는 이미 입사하기 전부터 우리 회사가 어 각 지역에 지방에 여덟 개의 공장을 두고 있고 어 거기서 근무할 수도 있다 라는 것을 충분히 인지하고 있었으며 그것을 인지하고 어 회사에 지원을 한 것입니다. 물론 저는 가정이 있기 때문에 아이들이 학교를 다니고 뭐 그러고 있는 상황이어서 이사를 가기는 힘듭니다. 하지만 제가 알기로 우리나라 어 회사에 있는 각 지방에는 다 그 사원들이 근무할 수 있는 사택이 있는 걸로 알고 있고 공장 쪽에서도 어 그 숙식실이 별도로 있는 걸로 알고 있습니다. 저는 어 그런 기본적인 그 숙소가 제공이 된다면 어 타지에서 근무하는 것도 지방에서 근무하는 것도 전혀 문제가 될 게 없습니다. 어 타지에서 근무하는 것도 저는 자신이 있습니다.","wordCount":113},"emotion":[],"intent":[{"text":"","expression":"","category":"attitude"}],"summary":{"text":"저는 입사 전부터 지방에 공장이 있다는 것을 알고 입사했습니다. 각 지방에는 사원들이 근무할 사택이 있고 공장 쪽에는 숙식실이 있습니다. 그런 숙소가 제공된다면 타지에서 근무하는 것도 문제가 되지 않습니다.","wordCount":28}}},"rawDataInfo":{"question":{"fileFormat":"wav","fileSize":306638,"duration":9580,"samplingBit":16,"channelCount":1,"samplingRate":"16kHz","audioPath":"/Mock/07.ProductionManufacturing/Male/New/ckmk_q_mm_m_n_172692.wav"},"answer":{"fileFormat":"wav","fileSize":1808078,"duration":56500,"samplingBit":16,"channelCount":1,"samplingRate":"16kHz","audioPath":"/Mock/07.ProductionManufacturing/Male/New/ckmk_a_mm_m_n_172692.wav"}}}