{"version":"1.0","dataSet":{"info":{"date":"20230116","occupation":"MM","channel":"MOCK","place":"ONLINE","gender":"MALE","ageRange":"-34","experience":"NEW"},"question":{"raw":{"text":"지원자분께서 배달의민족 어플을 사용하시면서 그 사용 당시에 서비스에서 아쉬웠던 부분이 있으셨는지 있으셨다면 무엇이 가장 아쉬우셨는지에 대해서 이야기해 주시면 좋겠습니다","wordCount":19},"emotion":[],"intent":[]},"answer":{"raw":{"text":"배달의 민족을 저도 자취를 하고 있다 보니 굉장히 자주 사용하는 편입니다. 약 일 년 간 정도 배달의 민족을 사용하면서 아쉬웠던 부분은 두 가지입니다. 첫 번째는 리뷰 시스템에 의해서 그 가게가 평가된다는 것입니다. 리뷰를 인해서 처음 시켜보려고 하는 사람이 참고를 하는 이런 시스템 어떻게 보면은 원래 목적은 굉장히 좋다고 생각합니다. 그런데 이 목적을 가지고 악용하는 사람들이 있습니다. 일부러 별 한 개를 준다던지 자기가 마음에 안 들었다는 이유로 허위 거짓된 리뷰를 쓰는 것입니다. 이런 일류 일부분에 악용을 하는 사람들 때문에 업체는 피해를 보고 있다고 생각이 들어서 이거를 좀 더 미비 시스템을 개선해야 될 것으로 보입니다. 그리고 두 번째는 배달료 시스템입니다. 배달료가 빵원이라고 해서 이 가게를 찾아보면 삼 만 원 오 만 원씩 주문을 해야 배달이 빵원이라는 얘기가 나옵니다. 이런 식으로 낚시성 배달료는 조금 없어져야 된다고 생각합니다.","wordCount":124},"emotion":[],"intent":[{"text":"","expression":"","category":"attitude"}],"summary":{"text":"배달의 민족 사용으로 두 가지 아쉬웠던 점은 리뷰 시스템에 의해서 그 가게가 평가된다는 것인데 이 목적을 가지고 악용하는 사람들이 있습니다. 이 악용을 하는 사람들 때문에 업체가 피해를 보고 있다고 생각이 들어서 좀 더 미리 시스템을 개선해야 될 것으로 보입니다. 그리고 배달료가 빵원이라고 하는 낚시성 배달료 시스템은 조금 없어져야 한다고 생각합니다.","wordCount":50}}},"rawDataInfo":{"question":{"fileFormat":"wav","fileSize":616398,"duration":19260,"samplingBit":16,"channelCount":1,"samplingRate":"16kHz","audioPath":"/Mock/07.ProductionManufacturing/Male/New/ckmk_q_mm_m_n_170893.wav"},"answer":{"fileFormat":"wav","fileSize":2729678,"duration":85300,"samplingBit":16,"channelCount":1,"samplingRate":"16kHz","audioPath":"/Mock/07.ProductionManufacturing/Male/New/ckmk_a_mm_m_n_170893.wav"}}}