{"version":"1.0","dataSet":{"info":{"date":"20230116","occupation":"MM","channel":"MOCK","place":"ONLINE","gender":"MALE","ageRange":"45-54","experience":"NEW"},"question":{"raw":{"text":"그 엔지니어 중에 씨에스 엔지니어와 설비 엔지니어가 있지 않습니까 그 둘의 차이점이 어떤 부분이라고 생각하십니까","wordCount":15},"emotion":[],"intent":[]},"answer":{"raw":{"text":"씨에스 엔진이어 라는 부분들은 기본적으로 물건 어떤 제품을 사용을 하다보면 그 살 제품의 사용법과 여러 가지 문제점으로 인해서 고장이나 관련된 부분에 대한 고객 사 고객이 불만이 두 글과 불만을 접수하게 되는 경우가 있습니다. 이런 경우에는 커스터머 세티스팩션 관련된 저희가 일반적으로 얘기하는 에이에스 개념으로 해서 접근을 하는 엔지니어 이기 때문에 고객의 상황이나 그 불만의 내용에 따라서 그 부분들을 충족시켜서 최종적으로는 고객을 만족시키는 구분이라 할 수 있겠습니다. 반면에 설비 엔지니어의 경우는 그 고객 그 제품의 을 처음 고객사한테 제에 원하는 곳에 그리고 원하는 정도의 처음 어 설치를 해야 되는 부분들입니다 따라서 이 고객의 경우는 사용을 해보지 않았지만 그것을 어 구매 제품을 구매함으로써 기대하는 부분들이 있기 때문에 어 이 가짜 상 먼저 이 설비 엔지니어가 고객과의 대면을 하면서 어 뭐 사용법이라든지 처음 원했던 그런 부분들을 만족시키기 위해 주기 위해서 하는 서비스의 개념이라고 생각합니다","wordCount":130},"emotion":[],"intent":[{"text":"","expression":"","category":"attitude"}],"summary":{"text":"씨엔에이 엔진이어는 제품 사용법과 고장, 관련사항에 대한 고객의 불만을 해결하는 서비스입니다. 설비엔지니어의 경우는 제품을 처음 고객사에게 원하는 곳에 설치하고 설치해야 되는 부분이기 때문에, 고객과의 대면에서 사용법, 원했던 부분들을 만족시키기 위해 주는 서비스의 개념입니다.","wordCount":33}}},"rawDataInfo":{"question":{"fileFormat":"wav","fileSize":652558,"duration":20390,"samplingBit":16,"channelCount":1,"samplingRate":"16kHz","audioPath":"/Mock/07.ProductionManufacturing/Male/New/ckmk_q_mm_m_n_172294.wav"},"answer":{"fileFormat":"wav","fileSize":2760398,"duration":86260,"samplingBit":16,"channelCount":1,"samplingRate":"16kHz","audioPath":"/Mock/07.ProductionManufacturing/Male/New/ckmk_a_mm_m_n_172294.wav"}}}