{"version":"1.0","dataSet":{"info":{"date":"20230116","occupation":"MM","channel":"MOCK","place":"ONLINE","gender":"MALE","ageRange":"45-54","experience":"NEW"},"question":{"raw":{"text":"지원자님 만약 타 부서와 갈등의 상황이 생긴다면 어떻게 해결하시겠습니까 상황을 가정하해여 말씀 설명 부탁드릴게요","wordCount":14},"emotion":[],"intent":[]},"answer":{"raw":{"text":"그 갈등이 팀원 간의 개인적 갈등이라 그러면 이것은 개인적으로 서로 소통을 하고 이야기를 해 가지고 어 좀 누군가가 희생을 하고 누군가가 손해를 보더라도 개인적으로 풀 수 있겠지만 이게 부서와의 갈등이라고 하면 저는 당연히 팀장이라든지 그 부서의 장들이 만나 가지고 어 그것을 어 뭐 조율한다라 조율해야 된다라고 생각을 합니다. 보통 일반적으로 그 부서간의 갈등이라는 것은 서로 부서라는 것이 같은 회사 내에 있기 하지만 서로 경쟁적인 관계일 수도 있고 어 상대방이 잘 됐을 때 상대 부서가 잘 됐을 때 우리 부서가 어 반대로 그 못한다는 평을 받고 있었기 때문에 약간은 이기적인 판단이라든지 이기적인 자기 부서만을 생각하는 그런 마음이 작용하기 쉽습니다. 어쨌거나 회사 안에 있는 부서이고 회사에서는 기업은 이윤을 추구하는 그런 공통의 목적이 있다 보니 이 팀장들끼리 만나서 부서장끼리 만나서 어 조율을 하는 것이 저는 바른 올바른 것이라고 생각을 합니다. 팀장들끼리 조율을 해 가지고 그 공동의 목적을 이루기 위해서 누군가는 조금 양보를 하고 누군가 좀 희생을 하더라도 어 그 공동의 목적을 이루기 위해서 나아가는 것이 올 바람직한 방향이라고 생각합니다.","wordCount":156},"emotion":[],"intent":[{"text":"그 갈등이 팀원 간의 개인적 갈등이라 그러면   이것은 개인적으로 서로 소통을 하고 이야기를 해 가지고 어 좀   누군가가 희생을 하고 누군가가 손해를 보더라도 개인적으로 풀 수 있겠지만 이게 부서와의   갈등이라고 하면 저는 당연히 팀장이라든지 그 부서의 장들이 만나 가지고   어 그것을 어 뭐 조율한다라 조율해야 된다라고 생각을 합니다.","expression":"c_confl_mg","category":"personality"}],"summary":{"text":"팀원 간의 개인적 갈등은 누구나 풀 수 있지만 부서와의 갈등은 당연히 팀장이나 부서장들이 만나 조율해야 된다고 생각합니다. 회사에서는 이윤을 추구하는 공통의 목적이 있기 때문에 팀장들끼리 모여서 부서장들끼리 조율하는 것이 바른 것이라고 생각합니다. 그 공동의 목적을 이루기 위해 누군가는 조금 양보하고 누군가는 희생을 하더라도 나아가는 것이 올 바른 방향이라고 생각합니다","wordCount":49}}},"rawDataInfo":{"question":{"fileFormat":"wav","fileSize":348238,"duration":10880,"samplingBit":16,"channelCount":1,"samplingRate":"16kHz","audioPath":"/Mock/07.ProductionManufacturing/Male/New/ckmk_q_mm_m_n_165951.wav"},"answer":{"fileFormat":"wav","fileSize":2841038,"duration":88780,"samplingBit":16,"channelCount":1,"samplingRate":"16kHz","audioPath":"/Mock/07.ProductionManufacturing/Male/New/ckmk_a_mm_m_n_165951.wav"}}}