{"version":"1.0","dataSet":{"info":{"date":"20230116","occupation":"MM","channel":"MOCK","place":"ONLINE","gender":"MALE","ageRange":"35-44","experience":"NEW"},"question":{"raw":{"text":"지원자님께서 회사에 들어와 일을 하다가 상사가 회사의 이익에 반대되는 행동을 하는 것을 직접 목격했다고 가정을 해 봅시다 이 경우 지원자님께서는 어떻게 행동을 하시겠습니까","wordCount":23},"emotion":[],"intent":[]},"answer":{"raw":{"text":"상사가 회사의 이익에 반대되는 행동을 했다면 우선은 조용히 지켜보겠습니다. 그리고 그것을 꼼꼼하게 기록한 다음에 그것이 진짜 회사의 이익에 반대되는 행동인지 다른 사람들에게 조언을 구해서 확인을 해 볼 것입니다. 그래도 이것이 진짜 문제가 될 행동이라면 상사에게 다가가서 조용히 물어보고 의견을 제시할 것입니다. 김 부장님 지금 하신 행동은 회사의 이익에 반대되는 행동이고 회사의 정책이나 규칙에 어긋나 행동인데 왜 그렇게 하셨습니까. 제가 봤을 때는 이것은 옳지 못한 것 같습니다 라고 하면 김 부장님은 두 가지 의견을 낼 것입니다. 어 내가 몰라서 그랬어 다음부터는 고치도록 하겠습니다 라고 하는 경우가 있다면 그것은 그냥 수용하겠습니다. 하지만 다른 사람들도 다 그렇게 하고 원래 이거는 관행처럼 해 오던 것이기 때문에 큰 문제가 되지 않으니 자네도 같이 하는 게 어때 라고 한다면 저는 그것에 대한 문제점을 인지하고 리포트를 작성해서 더 높은 상사 또는 회사의 윤리위원회 그룹사에 보고를 하겠습니다. 남들이 잘못하는 것을 옆에서 가 묵과하고 묵인하고 있다면 저 또한 공동 범죄나 공조자의 책임이 있기 때문에 절대 그렇게 하지는 않을 것입니다.","wordCount":150},"emotion":[],"intent":[{"text":"","expression":"","category":"attitude"}],"summary":{"text":"상사가 회사의 이익에 반대되는 행동을 했다면 조용히 지켜보겠습니다. 그리고 그것을 꼼꼼하게 기록한 다음에 정말로 회사의 이익과 반대되는 행동인지 다른 사람들에게 조언을 구해서 확인을 해 볼 것입니다. 만약 남들이 잘못하는 것을 옆에서 가 묵인하고 있다면 저 또한 공동 범죄나 공조자의 책임이 있기 때문에 절대 그렇게 하지는 않을 것입니다.","wordCount":47}}},"rawDataInfo":{"question":{"fileFormat":"wav","fileSize":572238,"duration":17880,"samplingBit":16,"channelCount":1,"samplingRate":"16kHz","audioPath":"/Mock/07.ProductionManufacturing/Male/New/ckmk_q_mm_m_n_185525.wav"},"answer":{"fileFormat":"wav","fileSize":2535118,"duration":79220,"samplingBit":16,"channelCount":1,"samplingRate":"16kHz","audioPath":"/Mock/07.ProductionManufacturing/Male/New/ckmk_a_mm_m_n_185525.wav"}}}