{"version":"1.0","dataSet":{"info":{"date":"20230116","occupation":"MM","channel":"MOCK","place":"ONLINE","gender":"MALE","ageRange":"45-54","experience":"NEW"},"question":{"raw":{"text":"어 지원자님 본인만의 스트레스 해소법이 있는지요 어 있다면 어떤 해소법인지 설명해 주시고 또 왜 그런 방법으로 스트레스를 해소하는지도 함께 말씀해 주시면 좋겠습니다","wordCount":22},"emotion":[],"intent":[]},"answer":{"raw":{"text":"저만의 스트레스 방법은 운동을 하는 것입니다. 어떠한 문제에 부딪쳐서 스트레스를 받게 되면 그 스트레스 때문에 사람들은 따른 것들을 생각할 여유를 갖지 못합니다. 그래서 저의 경우는 스트레스가 발생을 한 경우에는 먼저 객관적인 입장에서 그 문제를 바라보기 위해서 일 손을 놓고 제가 좋아하는 운동을 헬스나 농구를 하면서 땀을 쏟고 샤워를 하고 다시 그 문제에 대해서 접근을 하는 걸 좋아합니다. 아 죄섬 기존의 방식에 얽매이다 보면 더 이상 앞으로 나아가지 못하는 경우들이 많이 있습니다. 따라서 운동을 하므고 다시 돌아와서 그 문제를 다시 본다면 정신적으로나 육체적으로나 리플래쉬 되는 부분들이 있기 때문에 그 문제 스트레스를 주는 문제에 대해서 객관적으로 다시 한번 볼 수 있는 기회가 되기 때문에 저의 경우는 스트레스를 받으면 운동을 합니다.","wordCount":108},"emotion":[],"intent":[{"text":"","expression":"","category":"attitude"}],"summary":{"text":"스트레스 발생 시, 객관적인 입장에서 문제를 바라보기 위해 헬스나 농구를 하면서 땀을 쏟고 샤워를 하고 다시 그 문제에 대해서 접근을 합니다. 기존의 방식에 얽매이다 보면 더 이상 나아가지 못하는 경우들이 있기 때문에 스트레스 받으면 운동을 합니다.","wordCount":36}}},"rawDataInfo":{"question":{"fileFormat":"wav","fileSize":492878,"duration":15400,"samplingBit":16,"channelCount":1,"samplingRate":"16kHz","audioPath":"/Mock/07.ProductionManufacturing/Male/New/ckmk_q_mm_m_n_158030.wav"},"answer":{"fileFormat":"wav","fileSize":2726478,"duration":85200,"samplingBit":16,"channelCount":1,"samplingRate":"16kHz","audioPath":"/Mock/07.ProductionManufacturing/Male/New/ckmk_a_mm_m_n_158030.wav"}}}