{"version":"1.0","dataSet":{"info":{"date":"20230116","occupation":"MM","channel":"MOCK","place":"ONLINE","gender":"MALE","ageRange":"35-44","experience":"NEW"},"question":{"raw":{"text":"어 일을 하다 보면 이제 협업할 일이 많이 생길 수 있거든요 혹시 이전 직장에서나 대학에서 협업할 때 어려운 점은 없으셨는지 궁금합니다","wordCount":21},"emotion":[],"intent":[]},"answer":{"raw":{"text":"네 저는 아직 협업을 할 일이 직장이 처음이라 어 대학에서밖에 없었는데요. 이제 대학에서 조별 과제 등을 많이 했습니다. 그 경험으로 미루어 봤을 때 음 물론 어려웠던 부분도 있습니다. 이게 모든 사람이 제 뜻대로 아니면 저도 어떤 사람들의 뜻대로 되는 경우들이 어 잘 없기 때문에 그 과정에서 어려움은 충분히 있을 수 있고 생길 것이라고 생각합니다. 하지만 저의 경우에는 제가 그런 일들을 진행하면서 어 좀 다른 사람의 말을 들어주거나 어떤 의견을 취합하고 어 그 의견들을 모으는 것에 굉장히 능숙하다 라고 생각하고 저 또한 자신이 있다고 생각하기 때문에 그런 부분을 잘 넘겼던 것 같습니다. 잘 넘기고 또 잘 해결했던 것 같습니다. 그래서 어떤 어려움이나 갈등 또는 이제 서로 다른 부분이 있을 때 제가 잘 마무리 짓고 정리 정돈하고 이런 것들에 대한 경험이 많이 있습니다. 그래서 저는 어려움은 있을 수 있지만 그 과정을 잘 해결하 해결해 갈 수 있다 라고 생각합니다.","wordCount":137},"emotion":[],"intent":[{"text":"이제 대학에서 조별 과제 등을 많이 했습니다.","expression":"c_private","category":"background"}],"summary":{"text":"협업을 할 일이 직장이 처음이라 대학밖에 없었습니다. 조별 과제 등을 많이 했었는데, 서로 다른 부분이 있을 때 잘 마무리 짓고 정리 정돈하는 것에 대한 경험이 많이 있습니다. 그래서 어려움은 있을 수 있지만 그 과정을 잘 해결해 해결해 갈 수 있다 라고 생각합니다.","wordCount":42}}},"rawDataInfo":{"question":{"fileFormat":"wav","fileSize":403278,"duration":12600,"samplingBit":16,"channelCount":1,"samplingRate":"16kHz","audioPath":"/Mock/07.ProductionManufacturing/Male/New/ckmk_q_mm_m_n_160053.wav"},"answer":{"fileFormat":"wav","fileSize":2773198,"duration":86660,"samplingBit":16,"channelCount":1,"samplingRate":"16kHz","audioPath":"/Mock/07.ProductionManufacturing/Male/New/ckmk_a_mm_m_n_160053.wav"}}}