{"version":"1.0","dataSet":{"info":{"date":"20230116","occupation":"MM","channel":"MOCK","place":"ONLINE","gender":"MALE","ageRange":"-34","experience":"NEW"},"question":{"raw":{"text":"지원자님의 스트레스 해소 방법과 해당 방법을 선택하신 이유가 궁금합니다","wordCount":9},"emotion":[],"intent":[]},"answer":{"raw":{"text":"저는 스트레스 받을 일은 어 거의 없습니다. 제가 스트레스를 많이 받고 예민하고 한 성격이 아니기 때문에 어 스트레스를 받지 않는 만큼 어 해소하는 것에 그 부분에 시간을 쓰는 것도 거의 없는데요. 어 굳이 찾자면 저는 인터넷 쇼핑을 통해서 스트레스를 해소하는 것 같습니다. 아 시간이 남거나 좀 음 저에게 선물을 주고 싶을 때 직접 저는 백화점이나 어떤 오프라인 매장을 이용하기보다는 온라인 매장을 이용해서 쇼핑하는 것이 훨씬 더 다양한 상품들을 음 어 훨씬 더 빠르게 보고 구입할 수 있기 때문에 시간도 효율적으로 쓸 수 있고요. 어 저는 좀 돌아다니고 걷고 하는 걸 좀 싫어하는 편이기 때문에 음 편하게 앉아서든 누워서든 뭐 핸드폰 하나로 쇼핑할 수 있다는 점이 좋아서 저는 어 그렇게 조금 있는 어 거의 없지만 조금 있는 그런 스트레스를 인터넷 쇼핑을 통해서 아예 없애는 어 그런 방법을 좀 활용하고 있는 것 같습니다.","wordCount":131},"emotion":[],"intent":[{"text":"","expression":"","category":"attitude"}],"summary":{"text":"저는 스트레스를 많이 받고 예민하지 않기 때문에 스트레스를 해소하는 것에 시간을 쓰는 것은 거의 없습니다. 그런데 시간이 남거나 선물을 주고 싶을 때 온라인 매장을 이용하는 것이 훨씬 더 다양한 상품들을 빠르게 보고 구입할 수 있기 때문에 시간을 효율적으로 쓸 수 있습니다.","wordCount":41}}},"rawDataInfo":{"question":{"fileFormat":"wav","fileSize":243278,"duration":7600,"samplingBit":16,"channelCount":1,"samplingRate":"16kHz","audioPath":"/Mock/07.ProductionManufacturing/Male/New/ckmk_q_mm_m_n_174670.wav"},"answer":{"fileFormat":"wav","fileSize":2781518,"duration":86920,"samplingBit":16,"channelCount":1,"samplingRate":"16kHz","audioPath":"/Mock/07.ProductionManufacturing/Male/New/ckmk_a_mm_m_n_174670.wav"}}}