{"version":"1.0","dataSet":{"info":{"date":"20230116","occupation":"MM","channel":"MOCK","place":"ONLINE","gender":"MALE","ageRange":"45-54","experience":"NEW"},"question":{"raw":{"text":"지원자님께서 생각하셨을 때 본인 스스로는 숫자와 창의 중 어떤 것에 더 가까운 사람이라고 생각하시나요 그렇게 생각하시는 이유도 말씀해 주세요","wordCount":19},"emotion":[],"intent":[]},"answer":{"raw":{"text":"어 저는 어 창의가 뭐 새로운 것 아이디어 무엇인가 새로 만들어내는 것 어 그리고 숫자라는 것을 정확한 것 규칙 눈에 보이는 것 이런 것으로 정의한다면 저는 개인적으로 창의 쪽에 가까운 것 같습니다. 저는 무엇인가를 만들어내고 어떤 것에 대해서 생각하고 고민하고 그거에 대한 아이디어를 내놓는 것에 어 매우 흥미를 느낍니다. 저는 개인적으로도 어떤 규칙적인 일보다는 어 창의적인 것 어 아이디어를 통해서 무엇이 무엇인가를 해내는 것에 좀 더 어 흥미를 느끼고 어 저 스스로도 그 그쪽에 조금 더 재능이 있다 라고 생각합니다. 뭐 일을 하면서 창의와 숫자 모두 다 중요하다고 생각하지만 전 그래도 어느 둘 중 하나를 고르라 그러면 제 스스로 창의 쪽에 더 가까운 것 같습니다.","wordCount":105},"emotion":[{"text":"저는 무엇인가를 만들어내고 어떤 것에 대해서 생각하고 고민하고 그거에 대한 아이디어를 내놓는 것에 어 매우 흥미를 느낍니다.","expression":"p-interest","category":"positive"},{"text":"저는 개인적으로도 어떤 규칙적인 일보다는 어 창의적인 것 어 아이디어를 통해서 무엇이 무엇인가를 해내는 것에 좀 더 어 흥미를 느끼고 어 저 스스로도 그 그쪽에 조금 더 재능이 있다 라고 생각합니다.","expression":"p-interest","category":"positive"}],"intent":[{"text":"","expression":"","category":"attitude"}],"summary":{"text":"일을 하면서 창의와 숫자 모두 중요하다고 생각하지만 어느 둘 중 하나를 고르라 그러면 제 스스로 창의 쪽에 더 가까운 것 같습니다.","wordCount":21}}},"rawDataInfo":{"question":{"fileFormat":"wav","fileSize":417678,"duration":13050,"samplingBit":16,"channelCount":1,"samplingRate":"16kHz","audioPath":"/Mock/07.ProductionManufacturing/Male/New/ckmk_q_mm_m_n_179324.wav"},"answer":{"fileFormat":"wav","fileSize":2108238,"duration":65880,"samplingBit":16,"channelCount":1,"samplingRate":"16kHz","audioPath":"/Mock/07.ProductionManufacturing/Male/New/ckmk_a_mm_m_n_179324.wav"}}}