{"version":"1.0","dataSet":{"info":{"date":"20230116","occupation":"MM","channel":"MOCK","place":"ONLINE","gender":"MALE","ageRange":"45-54","experience":"NEW"},"question":{"raw":{"text":"우리 회사가 해외 무대로 진출하게 된다면 어느 나라로 진출하는 것이 좋을까요 그 나라에 진출하면 좋다고 생각하는 이유도 같이 말씀해 주세요","wordCount":20},"emotion":[],"intent":[]},"answer":{"raw":{"text":"어 우리 회사가 해외로 해외 무대로 진출을 한다면 저는 태국이 어떨까 하는 생각을 합니다. 어 태국은 일단 동남아시아 중에서는 가장 앞서 있다 라고 할 수 있습니다. 주변에 있는 베트남 캄보디아 뭐 라오스 이들과 비교해서도 필리핀까지 비교했을 때 어 나름 문화나 경제적으로 가장 뭐 갓 한 발자국 이상은 앞서 있다고 저는 생각이 듭니다. 특히 요즘은 태국에는 한류 문화가 어 한류가 되게 유행을 하고 있습니다. 태국의 젊은이들은 한국 드라마를 보고 한국 우리의 음악을 듣고 어 우리의 문화를 어 모방하고 따라오고 있습니다. 이 때에 우리 회사 제품을 어 한류와 잘 조화를 시켜 가지고 어 저 태국 시장에 출시를 할 수 있다면 좀 더 자연스럽게 거부감 없이 그들은 어 쉽게 받아들일 수 있을 거라고 생각을 합니다. 그렇게 되면 그 주변에 있는 태국 시장의 교두 교두보 삼아 뭐 베트남 캄보디아 라오스 뭐 필리핀 시장까지 좀 더 쉽게 진출할 수 있을 것이라고 저는 생각합니다.","wordCount":138},"emotion":[],"intent":[{"text":"","expression":"","category":"attitude"}],"summary":{"text":"요즘 태국은 한류가 유행하고 있습니다. 태국의 젊은이들은 한국 드라마와 음악을 듣고 우리의 문화를 모방하고 따라오고 있는데, 우리 회사 제품을 한류와 잘 조화를 시켜 태국 시장에 출시한다면 거부감 없이 받아들일 수 있을 것입니다.","wordCount":32}}},"rawDataInfo":{"question":{"fileFormat":"wav","fileSize":366798,"duration":11460,"samplingBit":16,"channelCount":1,"samplingRate":"16kHz","audioPath":"/Mock/07.ProductionManufacturing/Male/New/ckmk_q_mm_m_n_172651.wav"},"answer":{"fileFormat":"wav","fileSize":2521038,"duration":78780,"samplingBit":16,"channelCount":1,"samplingRate":"16kHz","audioPath":"/Mock/07.ProductionManufacturing/Male/New/ckmk_a_mm_m_n_172651.wav"}}}