{"version":"1.0","dataSet":{"info":{"date":"20230116","occupation":"MM","channel":"MOCK","place":"ONLINE","gender":"MALE","ageRange":"45-54","experience":"NEW"},"question":{"raw":{"text":"본인이 과거에 고장 난 기계나 장비 등을 성공적으로 교체해 본 경험에 대해 말씀해 주시겠습니까","wordCount":14},"emotion":[],"intent":[]},"answer":{"raw":{"text":"어 바로 전에 다니던 직장에서 있었던 일입니다. 저는 엔지니어로서 전 직장에서 근무를 했었는데 그 당시에 공장에는 어 독일제 기계 라인을 어 수입해 가지고 설치해서 사용하고 있었습니다. 그런데 기계를 돌리다 보면 당연히 그 마모가 생기게 되고 거기에 대해서 소모품이 발생을 합니다. 그런데 전 직장에서는 그것을 어떻게 보완을 했냐 하면 기계가 이제 마모 소모품이 생겨 가지고 그 마모가 되면 그것을 빼내서 어 포장을 해서 그것을 본사가 기계 본사가 있는 독일로 보냅니다. 그럼 독일에서는 그걸 받아본 다음에 그거와 똑같은 제품을 다시 한국으로 보내주는 것입니다. 이게 한국과 독일 위치가 있다 보니까 보통 그렇게 가고 암만 빠른 특송으로 해도 최소한 마모된 물건을 보내고 그걸 돌려받는 데까지 약 한 이십 일 정도가 소요가 됐습니다. 그럼 그 이십 일 동안에는 고개를 기계를 어 정상적으로 운영을 할 수가 없었습니다. 저는 그 부분이 되게 답답했습니다. 그래서 저는 학교 학장 시절에 많이 해봤던 쓰리디 프린터기와 레이저 조각기를 이용해서 그것을 직접 한번 제작해 봤습니다. 어 물론 정품보다는 못 했지만 일단 기계가 멈추지 않고 잘 돌아갔습니다. 그 정품이 올 때까지 그 제가 만든 그 부품을 이용해서 기계를 운영해 본 경험이 있습니다.","wordCount":169},"emotion":[],"intent":[{"text":"저는 엔지니어로서 전 직장에서 근무를 했었는데   그 당시에 공장에는 어 독일제 기계 라인을 어 수입해 가지고 설치해서 사용하고 있었습니다.","expression":"f_equip","category":"technology"},{"text":"그런데 기계를 돌리다 보면 당연히   그 마모가 생기게 되고 거기에 대해서 소모품이 발생을 합니다.","expression":"f_equip","category":"technology"},{"text":"그런데 전 직장에서는 그것을 어떻게 보완을 했냐 하면 기계가   이제 마모 소모품이 생겨 가지고 그 마모가 되면 그것을 빼내서 어 포장을 해서 그것을 본사가 기계 본사가 있는 독일로 보냅니다.","expression":"f_equip","category":"technology"},{"text":"그래서 저는 학교 학장 시절에 많이 해봤던 쓰리디 프린터기와 레이저 조각기를 이용해서 그것을 직접 한번   제작해 봤습니다.","expression":"f_equip","category":"technology"},{"text":"그 정품이 올 때까지   그 제가 만든 그 부품을 이용해서 기계를 운영해 본 경험이 있습니다.","expression":"f_equip","category":"technology"}],"summary":{"text":"기계를 돌리다 마모되어 소모품이 생기면 기계 본사가 있는 독일로 보내어 제품을 다시 한국으로 보내주는 방식이었는데, 이 방식이 너무 답답하여 쓰리디 프린터기와 레이저 조각기를 이용해서 직접 제작해 봤습니다. 정품이 올 때까지 그 부품을 이용해서 기계를 운영해 본 경험이 있습니다.","wordCount":38}}},"rawDataInfo":{"question":{"fileFormat":"wav","fileSize":350798,"duration":10960,"samplingBit":16,"channelCount":1,"samplingRate":"16kHz","audioPath":"/Mock/07.ProductionManufacturing/Male/New/ckmk_q_mm_m_n_171783.wav"},"answer":{"fileFormat":"wav","fileSize":2848718,"duration":89020,"samplingBit":16,"channelCount":1,"samplingRate":"16kHz","audioPath":"/Mock/07.ProductionManufacturing/Male/New/ckmk_a_mm_m_n_171783.wav"}}}