{"version":"1.0","dataSet":{"info":{"date":"20230116","occupation":"MM","channel":"MOCK","place":"ONLINE","gender":"MALE","ageRange":"45-54","experience":"NEW"},"question":{"raw":{"text":"만약 본인이 내일 죽는다는 사실을 알게 된다면 당장 무엇을 하실 건가요 이 면접을 끝까지 보시겠습니까","wordCount":15},"emotion":[],"intent":[]},"answer":{"raw":{"text":"어 정말로 이런 일이 생긴다면 일단 면접은 끝까지 불 것 같습니다. 어 저는 나름 제 좌우명이 어 지금 현재 충실하라는 것이 제 좌우명이기에 일단은 면접을 마칠 것 같습니다. 그리고 나서 저는 어 남은 시간을 가족과 함께 보낼 것 같습니다. 가족과 보내면서 내가 얼마나 내 아이들을 그리고 나의 부인을 어 사랑하는지를 어 말을 할 것 같습니다. 그리고 제가 여태까지 살아오면서 어 저한테 도움을 주고 제가 도움을 받은 어 고마운 분들에게 어 감사했다고 어 전화로라도 인사를 드릴 것 같습니다. 어 그런 시간이 있은 후에는 가족과 어 시간을 보내고 어 가족에게 가능한 어 많은 이야기를 해주고 싶고 어 그들이 남아서 이 삶을 살 때 제가 항상 지켜봐주고 그 앞날을 축복해 준다고 어 분명하게 말하고 싶습니다.","wordCount":112},"emotion":[{"text":"어 저는 나름 제 좌우명이 어 지금 현재 충실하라는 것이 제 좌우명이기에 일단은 면접을 마칠 것 같습니다.","expression":"u-belief","category":"neutral"}],"intent":[{"text":"어 저는 나름 제 좌우명이 어 지금 현재 충실하라는 것이 제 좌우명이기에 일단은 면접을 마칠 것 같습니다.","expression":"c_value","category":"background"}],"summary":{"text":"저는 현재 충실하라는 좌우명으로 면접을 마칠 것 같습니다. 그리고 남은 시간을 가족과 함께 보내면서 제 아이들을 그리고 부인의 사랑을 말하고, 도움을 받은 분들께 감사 인사를 하고 싶습니다. 그 후에는 가족과 시간을 보내고 가족들에게 많은 이야기를 해주고 싶습니다.","wordCount":37}}},"rawDataInfo":{"question":{"fileFormat":"wav","fileSize":431758,"duration":13490,"samplingBit":16,"channelCount":1,"samplingRate":"16kHz","audioPath":"/Mock/07.ProductionManufacturing/Male/New/ckmk_q_mm_m_n_179360.wav"},"answer":{"fileFormat":"wav","fileSize":2634318,"duration":82320,"samplingBit":16,"channelCount":1,"samplingRate":"16kHz","audioPath":"/Mock/07.ProductionManufacturing/Male/New/ckmk_a_mm_m_n_179360.wav"}}}