{"version":"1.0","dataSet":{"info":{"date":"20230116","occupation":"MM","channel":"MOCK","place":"ONLINE","gender":"MALE","ageRange":"45-54","experience":"NEW"},"question":{"raw":{"text":"각자 스트레스를 해소하는 방법이 각자 다르잖아요 지원자님만의 스트레스 해소 방법이 있다면 그게 무엇일지 왜 그 방법으로 스트레스를 푸시는지 궁금합니다","wordCount":19},"emotion":[],"intent":[]},"answer":{"raw":{"text":"네 저는 좀 스트레스를 풀어야 되거나 휴식이 필요할 때는 좀 혼자만의 시간을 갖습니다. 다 어 뭐 영화를 보러 간다라든지 이제 영화를 혼자 보러 간다라든지 영화를 보러 가는 것도 이렇게 사람이 많은 저녁이라든지 주말 주말이 아니라 평일 낮이나 아니면 조조 시간 사람이 없을 때 그리고 예매를 해도 제일 사람 좌석이랑 좀 동떨어진 곳에 어 좌석을 예매를 해 가지고 제가 좋아하는 장르에 뭐 좋아하는 배우가 나오는 영화를 혼자 가서 봅니다. 그렇게 되면 일단 영화에 더 집중할 수도 있고 어 때로는 뭐 영화에 집중 못하더라도 그 어 깜깜한 그 극장 안에서 혼자서 뭐 제가 지금 당장 뭐 생각해야 될 거라든지 그런 것들을 한번 생각해봄으로써 뭐 제 주위를 환기시키고 어 그러면서 어 좀 뭐라 그럴까 힐링을 얻습니다. 만약 시간적 여유가 좀 더 있다고 그러면 저는 낚시를 갑니다. 낚시는 제가 젊어서부터 여태까지 어떻게 보면 유일하게 갖고 있는 취미인데 낚시도 마찬가지입니다. 뭐 고기 또 뭐 많이 잡으면 좋기도 하겠지만 고기를 잡는 건 그렇게 썩 중요하지 않습니다. 저는 그 강에 떠 있는 자대에 들어가 가지고 낚싯대를 드리우고 그 조용한 그 강 표면을 바라보면서 그냥 믹스 커피 한 잔 마시고 이러면서 저는 힐링을 찾습니다.","wordCount":176},"emotion":[],"intent":[{"text":"","expression":"","category":"attitude"}],"summary":{"text":"저는 좀 스트레스를 풀어야 되거나 휴식이 필요할 때는 좀 혼자만의 시간을 갖습니다. 영화를 혼자 가서 영화를 집중하지 못하더라도 주변을 환기시키고 힐링을 얻습니다. 시간적 여유가 좀 더 있으면 낚시를 하는데, 낚시는 그렇게 썩 중요하지 않습니다. 그 강에 떠 있는 자대에 들어가 낚시대를 드리우고 강 표면을 바라보면서 그냥 믹스 커피 한 잔 마시고 힐링을 찾습니다.","wordCount":53}}},"rawDataInfo":{"question":{"fileFormat":"wav","fileSize":404878,"duration":12650,"samplingBit":16,"channelCount":1,"samplingRate":"16kHz","audioPath":"/Mock/07.ProductionManufacturing/Male/New/ckmk_q_mm_m_n_160085.wav"},"answer":{"fileFormat":"wav","fileSize":2745038,"duration":85780,"samplingBit":16,"channelCount":1,"samplingRate":"16kHz","audioPath":"/Mock/07.ProductionManufacturing/Male/New/ckmk_a_mm_m_n_160085.wav"}}}