{"version":"1.0","dataSet":{"info":{"date":"20230116","occupation":"MM","channel":"MOCK","place":"ONLINE","gender":"MALE","ageRange":"45-54","experience":"NEW"},"question":{"raw":{"text":"지원자께서는 회사의 덕목이 무엇이라고 생각하는지 궁금합니다 그리고 어떤 회사가 좋은 회사라고 생각하는지 함께 말씀해 주시길 바랍니다","wordCount":16},"emotion":[],"intent":[]},"answer":{"raw":{"text":"회사는 공공 단체나 무슨 사단법인이 아닙니다. 그렇기에 회사내에 덕목은 어 일단 제일 큰 덕목은 이윤 추구라고 생각을 합니다. 그 이윤을 추구해서 이익을 많이 남겨야 그 소속원인 어 소속원인 그 직원들에게도 그 이윤을 배 배분을 할 수 있기 때문에 저는 일단 어 회사에 덕목은 이윤 추구입니다. 단 그 이윤 추구가 공공의 이익이나 어 공공에 뭐 자연을 해친다라든지 이런 식으로 어 공공의 의미를 벗어나서는 안 된다 라고 생각을 합니다. 단순히 회사의 이익을 취하기 위해서 어 무슨 뭐 폐수 이런 것을 아무 데나 버린다 라든지 이렇지 않은 상태라면 저는 일단 회사에는 어 이익을 추구하는 것이 맞고 그 이익은 어 직원들에게도 골고루 배분이 돼야 되고 그리고 사회에도 어 다시 환원을 시켜야 된다고 생각을 합니다. 회사라는 것은 이 회사가 이윤을 추구하기 위해서는 결국은 소비자 고객이 있어야 되는 것이고 그 고객으로부터 이윤을 추구했다고 그러면 어 그 다음에는 그 이익을 다시 그 시민에게 고객에게 그 베풀어야지 그 회사가 좀 더 발전하고 어 사회로부터 고객들로부터 인정받을 수 있다라고 저는 생각합니다.","wordCount":152},"emotion":[{"text":"단 그 이윤 추구가 공공의 이익이나 어 공공에   뭐 자연을 해친다라든지 이런 식으로 어 공공의 의미를 벗어나서는 안 된다 라고 생각을 합니다.","expression":"u-belief","category":"neutral"},{"text":"단순히 회사의 이익을 취하기 위해서   어 무슨 뭐 폐수 이런 것을 아무 데나 버린다 라든지 이렇지 않은 상태라면 저는 일단 회사에는 어 이익을 추구하는 것이 맞고 그 이익은 어 직원들에게도 골고루 배분이 돼야 되고 그리고 사회에도   어 다시 환원을 시켜야 된다고 생각을 합니다.","expression":"u-belief","category":"neutral"}],"intent":[{"text":"","expression":"","category":"attitude"}],"summary":{"text":"회사는 공공 단체나 사단법인이 아니기 때문에 회사 내에 가장 큰 덕목은 이윤 추구입니다. 이윤을 많이 남겨야 소속원인 직원들에게도 이윤을 배분할 수 있기 때문입니다. 이윤 추구가 공공의 이익이나 자연을 해친다는 식으로 공공의 의미를 벗어나서는 안 됩니다. 그 이익은 직원들에게도 골고루 배분이 되고 사회에도 다시 환원돼야 합니다.","wordCount":45}}},"rawDataInfo":{"question":{"fileFormat":"wav","fileSize":478158,"duration":14940,"samplingBit":16,"channelCount":1,"samplingRate":"16kHz","audioPath":"/Mock/07.ProductionManufacturing/Male/New/ckmk_q_mm_m_n_164001.wav"},"answer":{"fileFormat":"wav","fileSize":2777678,"duration":86800,"samplingBit":16,"channelCount":1,"samplingRate":"16kHz","audioPath":"/Mock/07.ProductionManufacturing/Male/New/ckmk_a_mm_m_n_164001.wav"}}}