{"version":"1.0","dataSet":{"info":{"date":"20230116","occupation":"MM","channel":"MOCK","place":"ONLINE","gender":"MALE","ageRange":"45-54","experience":"NEW"},"question":{"raw":{"text":"면접자분께서 태어나서 지금까지 해왔던 일들 가운데서 만약에 가장 후회스러운 일이 있다고 한다면 그게 무엇인지 궁금합니다 한 가지만 골라서 좀 자세하게 이야기 해 주세요","wordCount":23},"emotion":[],"intent":[]},"answer":{"raw":{"text":"어 태어나서 여태까지 한 일 중에 가장 후회되는 일은 어 아버님과 좀 더 많은 시간을 못 보낸 것입니다. 어 저는 사십 대 초반에 아버님을 여의고 그리고 육 개월 뒤에 어머님을 여 여였습니다. 어 저는 막내였는데 어머님과는 그래도 많은 추억을 공유하고 있습니다. 어 어머님과 여행도 다녀왔고 어머님과는 뭐 쇼핑도 하고 어머님과는 어 여타 좋은 추억 기억할 만한 추억거리가 많이 있습니다. 하지만 지금 막상 아버님 부모님 돌아가시고 나서 생각해보니깐 아버님과는 그런 추억이 전혀 없다 라는 것에 저 스스로 놀랍고 반성하고 너무 죄송스러웠습니다. 저는 솔직히 말씀드려서 이십 대가 되면서 아버님과 뭐 쇼핑을 하거나 단둘이 여행을 가거나 단둘이 어 술을 마셔본 겅험도 없습니다. 저는 왠지 아버님이 어려웠고 아버님이 되게 좀 쉽게 다가가기 어려운 존재였습니다. 그러다 보니 어 지금 부모님이 아버님이 돌아가시고 나서 생각해보니 너무 죄송하고 죗스럽고 그 일이 후회대구인 후회가 됩니다. 다시 한 번 그런 기회가 오지는 않겠지만 저는 그런 기회가 온다면 아버님과 정말 가깝게 지내는 관계가 되고 싶습니다.","wordCount":145},"emotion":[{"text":"그러다 보니   어 지금 부모님이 아버님이 돌아가시고 나서 생각해보니 너무 죄송하고 죗스럽고 그 일이   후회대구인 후회가 됩니다.","expression":"n-shame","category":"negative"}],"intent":[{"text":"어 저는 사십 대 초반에 아버님을 여의고   그리고 육 개월 뒤에 어머님을 여 여였습니다.","expression":"c_private","category":"background"}],"summary":{"text":"아버님과 더 많은 시간을 보내지 못한 것이 가장 후회됩니다. 어머니와의 여행, 쇼핑 등 좋은 추억들이 많지만 막상 아버님이 돌아가시고 나서 생각해보니 아버님과는 그런 추억이 전혀 없다 라는 것에 너무나 죄송스럽습니다. 다시 한 번 그런 기회가 온다면 아버님과 정말 가깝게 지내는 관계가 되고 싶습니다.","wordCount":43}}},"rawDataInfo":{"question":{"fileFormat":"wav","fileSize":627598,"duration":19610,"samplingBit":16,"channelCount":1,"samplingRate":"16kHz","audioPath":"/Mock/07.ProductionManufacturing/Male/New/ckmk_q_mm_m_n_172650.wav"},"answer":{"fileFormat":"wav","fileSize":2906318,"duration":90820,"samplingBit":16,"channelCount":1,"samplingRate":"16kHz","audioPath":"/Mock/07.ProductionManufacturing/Male/New/ckmk_a_mm_m_n_172650.wav"}}}