{"version":"1.0","dataSet":{"info":{"date":"20230116","occupation":"MM","channel":"MOCK","place":"ONLINE","gender":"MALE","ageRange":"45-54","experience":"NEW"},"question":{"raw":{"text":"귀하는 어 엔지니어로써 씨에스 엔지니어와 설비 엔지니어의 차이점이 무엇이라고 생각하는지 말씀해 주세요","wordCount":12},"emotion":[],"intent":[]},"answer":{"raw":{"text":"씨에스 엔지니어는 에이에스엠엘 분사 장비를 한국에서 설치하고 사용할 때 발생하는 하드웨어 그리고 소프트웨어의 문제를 해결하는 일이 씨에스 엔지니어의 주된 업무입니다. 어 설비 엔지니어는 기계 설비를 잘 다루며 익숙한 것 어 그리고 설비의 유지 보수 관리를 통해 설비를 개선했을 때 기계 설비에 문제가 있을 때 개선 효과와 절감 효과가 있는지 등을 평가하는 것을 주 업무로 하는 것으로 알고 있습니다. 씨에스 엔지니어와 설비 엔지니어는 어찌보면 분야는 다르지만 서로 공통적으로 어 이렇게 좋아하고 어울렸을 때 완벽한 시스템이 되기 때문에 두 엔지니어들 간은 엔지디어들은 긴밀한 협조와 어 서로를 향해서 협조가 필요하고 공동적으로 운행해야 된다 라고 생각합니다.","wordCount":92},"emotion":[],"intent":[{"text":"","expression":"","category":"attitude"}],"summary":{"text":"씨에스 엔지니어는 에이에스엠엘 분사 장비를 한국에서 설치할 때 발생하는 하드웨어, 소프트웨어의 문제를 해결하는 일이 주 업무입니다. 설비 엔지니어는 설비의 유지 보수 관리를 통해 설비를 개선했을 때 문제 발생 시 개선 효과 등을 평가합니다.","wordCount":33}}},"rawDataInfo":{"question":{"fileFormat":"wav","fileSize":440078,"duration":13750,"samplingBit":16,"channelCount":1,"samplingRate":"16kHz","audioPath":"/Mock/07.ProductionManufacturing/Male/New/ckmk_q_mm_m_n_165952.wav"},"answer":{"fileFormat":"wav","fileSize":2118478,"duration":66200,"samplingBit":16,"channelCount":1,"samplingRate":"16kHz","audioPath":"/Mock/07.ProductionManufacturing/Male/New/ckmk_a_mm_m_n_165952.wav"}}}