{"version":"1.0","dataSet":{"info":{"date":"20230116","occupation":"MM","channel":"MOCK","place":"ONLINE","gender":"MALE","ageRange":"45-54","experience":"NEW"},"question":{"raw":{"text":"기술 파트에도 여러 가지 분야가 있는데 지원자님의 특성을 살려서 가장 자신 있게 할 수 있는 기술 분야는 어떤 분야입니까 이와 함께 말씀해 주십시오","wordCount":23},"emotion":[],"intent":[]},"answer":{"raw":{"text":"제가 가장 자신 있는 기술 분야는 저 오토모티브 자동차 쪽 관련되어 있는 디스플레이 쪽 관련된 기술 분야입니다. 이전에 음 대부분의 자동차 안에 들어와있는 디스플레이는 엘이디로 구성이 되어 있고 엘이디 쪽 백나이트를 사용을 해서 오엘이디 쪽은 마치 그 신뢰성 쪽이 확보가 되어 있지 않은 부분들이 많이 있기 때문에 엘이디 음 티에프티 쪽 관련된 디스플레이가 많이 포진되어 있습니다. 특히 예전에는 운전자가 보는 데시 보드 그리고 운전자와 조수석 사이에 있는 커스터머 아 씨아이디 컨스터머 인포메이션 나 디스플레이 쪽 관련된 부분들이 따로따로 각각으로 떨어져 있었지만 최근의 추세는 투 인 원이라고 해서 관련된 부분들이 하나로 마치 눈으로 볼 때는 하나의 아 디스플레이처럼 보이지만 실질적으로는 두 개의 패널과 하나로 연결되어 있는 는 것처럼 보이게 하는 기술이 에 추세입니다. 훨씬 더 눈으로 보기에도 럭셔리하게 보이면서 어 하나로 묶여 연결돼 있는 듯한 모습은 따로따로 떨어져 있는 것보다는 더 집중력이나 이런 부분들의 대보다 더 나은 것 같습니다.","wordCount":138},"emotion":[],"intent":[{"text":"","expression":"","category":"attitude"}],"summary":{"text":"저는 오모티브 자동차와 관련되어 있는 디스플레이 쪽 기술 분야에서 가장 자신 있는 기술 분야를 가지고 있습니다. 자동차 안에 들어와있는 디스플레이는 엘이디로 구성이 되어 있고 엘이티 쪽 백나이트를 사용을 해서 오엘이디 쪽은 신뢰성 쪽이 확보가 되어 있지 않은 부분들이 많이 있기 때문에 엘이 디 음 티에프티 쪽 관련된 디스플레이가 많이 포진되어 있었습니다.","wordCount":51}}},"rawDataInfo":{"question":{"fileFormat":"wav","fileSize":416078,"duration":13000,"samplingBit":16,"channelCount":1,"samplingRate":"16kHz","audioPath":"/Mock/07.ProductionManufacturing/Male/New/ckmk_q_mm_m_n_160739.wav"},"answer":{"fileFormat":"wav","fileSize":2663118,"duration":83220,"samplingBit":16,"channelCount":1,"samplingRate":"16kHz","audioPath":"/Mock/07.ProductionManufacturing/Male/New/ckmk_a_mm_m_n_160739.wav"}}}