{"version":"1.0","dataSet":{"info":{"date":"20230116","occupation":"MM","channel":"MOCK","place":"ONLINE","gender":"MALE","ageRange":"45-54","experience":"NEW"},"question":{"raw":{"text":"그동안 지원자님이 인생에서 겪었던 갈등들 중에서 가장 심각했던 갈등 한 가지를 골라서 어떠한 상황이었는지 그리고 어떻게 해결했는지까지도 함께 답변해 주시면 감사하겠습니다","wordCount":21},"emotion":[],"intent":[]},"answer":{"raw":{"text":"인생에서 겪었던 갈등 중 가장 심했던 갈등은 어 층간 소음이었습니다. 어머니가 바로 옆 건물에 삼 층에 빌라에서 어 근 이십 년 넘게 살고 계셨고 새롭게 이사를 온 이 층에 이사를 온 사람이 팔십 노모가 아 쪼금 움직연 부분에 민감하게 반응을 하며 지속적으로 경찰에 신고를 했었고 그것 때문에 어머니는 계속 신 스트레스를 받으면서 제가 어 중재 층간 소음 중재위원회에 의뢰도 하고 경찰에 에 신고를 하면서 계속 어머니가 일 층을 오르내리 시면서 마주쳐야 되면서 어 위협을 느끼시는 부분도 있었기 때문에 실질적으로는 그렇게 신고를 하면서 계속 불안한 나날을 보냈었습니다. 당연히 중재위원회에서 요청을 했지만 그 이 층 사람은 대화를 거부하고 소리만 조금 나면 무조건 민감하게 반응을 하며 계속해서 신고를 했었습니다. 대한민국 경찰은 신고를 하게 되면 무조건 출동을 해야 되는 부분들이라 그것을 보고 어머니께서도 계속 신경을 쓰셨고 결론적으로는 이사를 가시면서 마무리가 되었습니다.","wordCount":127},"emotion":[],"intent":[{"text":"","expression":"","category":"attitude"}],"summary":{"text":"가장 심했던 갈등은 층간 소음이었습니다. 어머니는 일 층을 오르내리면서 위협을 느끼시는 부분도 있었기 때문에 신고를 하면서 계속 불안한 나날을 보냈습니다. 중재위원회에서 요청을 했지만 그 층 사람은 대화를 거부하고 소리만 나면 민감하게 반응을 하며 신고를 했습니다. 결론적으로 이사를 가면서 마무리가 되었습니다.","wordCount":40}}},"rawDataInfo":{"question":{"fileFormat":"wav","fileSize":518478,"duration":16200,"samplingBit":16,"channelCount":1,"samplingRate":"16kHz","audioPath":"/Mock/07.ProductionManufacturing/Male/New/ckmk_q_mm_m_n_163468.wav"},"answer":{"fileFormat":"wav","fileSize":2737358,"duration":85540,"samplingBit":16,"channelCount":1,"samplingRate":"16kHz","audioPath":"/Mock/07.ProductionManufacturing/Male/New/ckmk_a_mm_m_n_163468.wav"}}}