{"version":"1.0","dataSet":{"info":{"date":"20230116","occupation":"MM","channel":"MOCK","place":"ONLINE","gender":"MALE","ageRange":"45-54","experience":"NEW"},"question":{"raw":{"text":"지원자님이 우리 회사에 들어와서 오 년 뒤 십 년 뒤에 어떤 엔지니어가 되어 있을지를 한번 말씀해 주십시오","wordCount":17},"emotion":[],"intent":[]},"answer":{"raw":{"text":"회사에 들어가서 오 년 뒤 십 년 뒤에 모습은 저의 모습을 상상해 본다면 야전 사령관이 되어 있을 것 같습니다. 책상 위에 앉아서 지시를 하거나 관련된 부분을 관리하는 형보다는 현장에 가서 직접 뛰는 어 성 스타일이기 때문에 아마도 야전 사령관처럼 엔지니어 직접 나이가 좀 더 먹더라도 직접 현장에 있는 야전 사령관처럼 현장에서 지휘하는 부 엔지니어가 될 것 같습니다. 기존에 저의 경우는 해외 중국에서 오 년간 상해에서 있어 상해에서 유학 생활을 하였고 이 년 정도는 지사장으로 중국 심천 쪽에 에 에서 근무를 한 경험을 가지고 있습니다. 그 당시에도 책상이나 아 앉아서 어 직접 어 밑에 사람들을 지시하는 것보다는 현장에 직접 뛰어가서 어 현장의 목소리를 브이오 씨를 듣고 그 관련된 부분을 처리한 것에 개인적인 역량이나 성취감이 더 높았다고 어 생각하고 있습니다. 따라서 방금 말씀하셨던 회사에 들어와서 오 년 뒤 십 년 뒤에 저의 모습은 야전 사령관처럼 현장을 누비며 현장을 지휘하는 저의 모습을 상상해 봅니다.","wordCount":141},"emotion":[{"text":"기존에 저의 경우는 해외 중국에서 오 년간   상해에서 있어 상해에서 유학 생활을 하였고 이 년 정도는 지사장으로 중국 심천 쪽에 에 에서 근무를 한 경험을 가지고 있습니다.","expression":"u-fact","category":"neutral"}],"intent":[{"text":"책상 위에 앉아서 지시를 하거나   관련된 부분을 관리하는 형보다는 현장에 가서 직접 뛰는 어 성 스타일이기 때문에 아마도   야전 사령관처럼 엔지니어 직접 나이가 좀 더 먹더라도 직접 현장에 있는 야전 사령관처럼   현장에서 지휘하는 부 엔지니어가 될 것 같습니다.","expression":"c_imp","category":"personality"},{"text":"따라서 방금 말씀하셨던 회사에 들어와서 오 년 뒤 십 년 뒤에 저의 모습은 야전 사령관처럼 현장을 누비며   현장을 지휘하는 저의 모습을 상상해 봅니다.","expression":"c_imp","category":"personality"}],"summary":{"text":"저는 책상 위에 앉아서 지시를 하거나 관련된 부분을 관리하는 형보다는 현장에서 직접 뛰는 야전 사령관이 되어 있을 것 같습니다. 기존에 저는 해외에서 오 년간 상해에서 유학 생활을 하였고 이 년 정도는 지사장으로 중국 심천 쪽에 에서 근무를 한 경험을 가지고 있습니다. 그때 당시에 현장에 직접 뛰어가는 것에 개인적인 역량이나 성취감이 더 높았다고 생각합니다.","wordCount":53}}},"rawDataInfo":{"question":{"fileFormat":"wav","fileSize":353998,"duration":11060,"samplingBit":16,"channelCount":1,"samplingRate":"16kHz","audioPath":"/Mock/07.ProductionManufacturing/Male/New/ckmk_q_mm_m_n_160304.wav"},"answer":{"fileFormat":"wav","fileSize":2691278,"duration":84100,"samplingBit":16,"channelCount":1,"samplingRate":"16kHz","audioPath":"/Mock/07.ProductionManufacturing/Male/New/ckmk_a_mm_m_n_160304.wav"}}}