{"version":"1.0","dataSet":{"info":{"date":"20230116","occupation":"MM","channel":"MOCK","place":"ONLINE","gender":"MALE","ageRange":"45-54","experience":"NEW"},"question":{"raw":{"text":"요즘 사회가 고령화 사회로 가면서 치매로 인한 문제가 많이 대두되고 있습니다 혹시 이에 대해서 건보공단이 하는 일과 개선해야 할 방안에 대해서 생각해 보신 것이 있다면 말씀해 주세요","wordCount":27},"emotion":[],"intent":[]},"answer":{"raw":{"text":"건보에서 파견하는 인 인원이 있는데 제가 정확한 명칭은 잘 모르겠습니다. 하지만 그분들이 일하는 것은 뭐냐면 가족들을 대신해서 치매인 분들을 대신 돌봐 드리는 겁니다. 치매 돌보미 분들이거든요. 가족들이 심신이 피곤할 때 그분들을 모셔서 사용할 수가 있는데요. 그 건보에서 파견한 데 문제점은 일 등급과 육 등급 등급을 나눠서 시간대가 다르다는 것입니다. 그러지 말고 시간에 따라서 그분들을 파견하는 게 아니라 치매에 걸린 분들은 예방 차원에서 그리고 중증 치매 환자에게는 더 많은 시간을 부여해서 그분들을 파견해야 된다고 생각합니다. 치매는 심각한 병이고 가족들은 고통이 이루 말할 수가 없습니다. 조금이라도 건강하게 그분들의 생활을 지켜주기 위해서는 시간을 대폭 늘려서 치매 관리를 하시는 분들을 파견해야 된다고 저는 생각합니다.","wordCount":100},"emotion":[],"intent":[{"text":"조금이라도 건강하게 그분들의 생활을 지켜주기 위해서는 시간을 대폭 늘려서 치매 관리를 하시는 분들을 파견해야 된다고 저는 생각합니다.","expression":"c_value","category":"background"}],"summary":{"text":"건보에서 파견하는 치매 돌보미가 있습니다. 일 등급부터 육 등급으로 나눠서 다른 시간대에 파견하는 게 아니라 치매에 걸린 분들 예방 차원에서 중증 치매 환자에게 더 많은 시간을 부여해서 파견해야 된다고 생각합니다.","wordCount":30}}},"rawDataInfo":{"question":{"fileFormat":"wav","fileSize":459278,"duration":14350,"samplingBit":16,"channelCount":1,"samplingRate":"16kHz","audioPath":"/Mock/07.ProductionManufacturing/Male/New/ckmk_q_mm_m_n_176915.wav"},"answer":{"fileFormat":"wav","fileSize":2391118,"duration":74720,"samplingBit":16,"channelCount":1,"samplingRate":"16kHz","audioPath":"/Mock/07.ProductionManufacturing/Male/New/ckmk_a_mm_m_n_176915.wav"}}}