{"version":"1.0","dataSet":{"info":{"date":"20230116","occupation":"MM","channel":"MOCK","place":"ONLINE","gender":"MALE","ageRange":"45-54","experience":"NEW"},"question":{"raw":{"text":"우리 회사에 들어오시게 되면은 이제 잘 적응하셔 가지고 꾸준히 오래 다니실 텐데 오 년 뒤 십 년 뒤 쯤에 지원자님은 어떤 엔지니어가 될 거 같은지 한번 말씀해 주시겠어요","wordCount":28},"emotion":[],"intent":[]},"answer":{"raw":{"text":"저는 명장을 꿈꿉니다. 오 년 뒤 십 년 뒤 분명히 저는 오 년은 모르겠지만 십 년 뒤라면 어느 정도 이 분야에서는 명장이 되어 있지 않을까 라고 생각합니다. 무엇이든지 한 우물을 계속 파다 보면 물론 건성건성 하는 게 아니라 꼭 명장이 되야겠다는 진지한 자세로 임하면 분명히 십 년 뒤에는 저의 모습은 모든 사람들이 도움을 청할 수 있는 그런 명장의 반열에 제가 올라 있지 않을까 저는 그렇게 생각합니다.","wordCount":66},"emotion":[],"intent":[{"text":"","expression":"","category":"attitude"}],"summary":{"text":"저는 명장을 꿈꿉니다. 오 년 뒤라면 어느 정도 명장이 되지 않을까 생각합니다. 진중하게 임하면 십 년 후엔 모든 이가 도움을 청할 수 있는 명장이 될 수 있다고 생각합니다.","wordCount":28}}},"rawDataInfo":{"question":{"fileFormat":"wav","fileSize":518158,"duration":16190,"samplingBit":16,"channelCount":1,"samplingRate":"16kHz","audioPath":"/Mock/07.ProductionManufacturing/Male/New/ckmk_q_mm_m_n_176551.wav"},"answer":{"fileFormat":"wav","fileSize":1395918,"duration":43620,"samplingBit":16,"channelCount":1,"samplingRate":"16kHz","audioPath":"/Mock/07.ProductionManufacturing/Male/New/ckmk_a_mm_m_n_176551.wav"}}}