{"version":"1.0","dataSet":{"info":{"date":"20230116","occupation":"MM","channel":"MOCK","place":"ONLINE","gender":"MALE","ageRange":"45-54","experience":"NEW"},"question":{"raw":{"text":"해외로 파견 근무를 나가게 된다면 어느 나라에서 일을 하고 싶으신가요 어 이유도 함께 말씀해 주세요","wordCount":15},"emotion":[],"intent":[]},"answer":{"raw":{"text":"해외 근무 파견 근무를 나가나 하게 된다면 예전에는 선진국 저희 나라보다는 좀 나은 곳 어 좀 더 살기가 좋은 곳 일하기 좀 편한 곳을 생각했던 적도 있었습니다. 하지만 최근에는 제가 중국 상해에서 오 년간 유학 생활을 했었고 캐나다 밴쿠버에서 어학연수를 했었으며 일본 도쿄에서 교환 학생으로 또 어 생활을 해 본 경험을 가지고 있기 때문에 만약 해외 파견 근무를 하게 된다면 저의 개인적 역량이나 여러 가지 상황을 본다면 중국이 가장 적당한 하 적당할 것으로 생각을 합니다. 문제는 제가 아 그 중국에서 근무를 하게 되는 부분은 전혀 문제가 없고 무에서 유를 창조해 본 경험도 가지고 있기 때문에 그런 부분들은 전혀 문제가 되지 않는다고 생각을 합니다. 최근에는 중국 쪽 관련된 부분보다는 아시 제 예전에 중국에서 여러 가지 했던 제조나 그러한 부분들이 인도 파 베트남 쪽 일에 으로 옮겨가는 부분들도 있기 때문에 그 부분도 어 관심을 가지고 있습니다.","wordCount":134},"emotion":[],"intent":[{"text":"","expression":"","category":"attitude"}],"summary":{"text":"해외 근무 파견 근무를 나가나 예전에는 선진국 우리 나라보다 나은 곳을 생각했지만 최근에는 제가 중국 상해에서 오 년간 유학 생활을 했고, 캐나다 밴쿠버에서 어학연수를 했으며, 일본 도쿄에서도 교환 학생으로 생활을 해 본 경험이 있기 때문에 중국이 가장 적당한 것으로 생각합니다.","wordCount":40}}},"rawDataInfo":{"question":{"fileFormat":"wav","fileSize":420558,"duration":13140,"samplingBit":16,"channelCount":1,"samplingRate":"16kHz","audioPath":"/Mock/07.ProductionManufacturing/Male/New/ckmk_q_mm_m_n_172295.wav"},"answer":{"fileFormat":"wav","fileSize":2668238,"duration":83380,"samplingBit":16,"channelCount":1,"samplingRate":"16kHz","audioPath":"/Mock/07.ProductionManufacturing/Male/New/ckmk_a_mm_m_n_172295.wav"}}}