{"version":"1.0","dataSet":{"info":{"date":"20230116","occupation":"MM","channel":"MOCK","place":"ONLINE","gender":"MALE","ageRange":"45-54","experience":"NEW"},"question":{"raw":{"text":"지원자분께서 본인이 현재 가지고 계시는 위치나 지위보다도 훨씬 더 어려운 목표를 직접 달성하신 적이 있다고 하신다면 그 경험에 대해서 저희에게 자세하고 구체적으로 이야기해 주시면 좋겠습니다","wordCount":25},"emotion":[],"intent":[]},"answer":{"raw":{"text":"제가 어려운 목표를 달성한 부분은 해외 영업에서 어 신입사원을 좀 지날 때 쯤이었었는데 새로운 신규 영업 매출을 달성하라는 미션이 있었습니다. 기존의 방식으로 이미 이메일을 보내거나 전화를 하거나 혹은 그런 방법으로는 신규 영업 매출을 달성할 수 있기에는 한계를 느꼈고 제가 생각하는 부분에 대해서 직접 말씀을 드렸습니다. 그 부분은 중 고객사들이 많이 모여있는 중국의 남방에 있는 광동성 제 심찬 지역에 거점을 확보를 해야 된다고 말씀을 드렸고 그 거기를 통해서 영업을 진행해야 된다고 말씀을 드려서 중국어가 가능한 제가 아 직접 중국 심천에 가서 사무소를 구하고 사무소에서 일할 중국 인원들을 면접 채용하였으며 그 인원들과 함께 에 로칼 영업을 진행을 하면서 최종적으로는 어 이 신규 영업 매출을 달성한 경험을 가지고 있습니다. 이러한 경험이 저한테는 어 굉장히 크게 다가왔습니다.","wordCount":113},"emotion":[],"intent":[{"text":"그 부분은 중 고객사들이 많이 모여있는 중국의 남방에 있는 광동성   제 심찬 지역에 거점을 확보를 해야 된다고 말씀을 드렸고 그 거기를 통해서 영업을 진행해야 된다고 말씀을 드려서   중국어가 가능한 제가 아 직접 중국 심천에 가서 사무소를 구하고   사무소에서 일할 중국 인원들을 면접 채용하였으며 그 인원들과 함께 에   로칼 영업을 진행을 하면서 최종적으로는 어 이 신규 영업 매출을 달성한 경험을 가지고 있습니다.","expression":"c_private","category":"background"}],"summary":{"text":"새로운 신규 영업 매출을 달성하라는 미션이 있었습니다. 기존 방식으로는 달성하기 어려웠고, 광동성 제 심찬 지역에 거점을 확보해야 한다고 말씀을 드려서 중국어가 가능한 제가 직접 중국 심천에 가서 면접 채용하였으며 그 인원들과 영업을 진행하면서 최종적으로는 신규 영업 매출 목표를 달성하였습니다.","wordCount":39}}},"rawDataInfo":{"question":{"fileFormat":"wav","fileSize":647758,"duration":20240,"samplingBit":16,"channelCount":1,"samplingRate":"16kHz","audioPath":"/Mock/07.ProductionManufacturing/Male/New/ckmk_q_mm_m_n_172053.wav"},"answer":{"fileFormat":"wav","fileSize":2805518,"duration":87670,"samplingBit":16,"channelCount":1,"samplingRate":"16kHz","audioPath":"/Mock/07.ProductionManufacturing/Male/New/ckmk_a_mm_m_n_172053.wav"}}}