{"version":"1.0","dataSet":{"info":{"date":"20230116","occupation":"MM","channel":"MOCK","place":"ONLINE","gender":"MALE","ageRange":"45-54","experience":"NEW"},"question":{"raw":{"text":"지원자님께서는 이전 직장을 퇴사하실 때 어 퇴사를 하셨던 특별한 이유가 있으신지 궁금합니다 그리고 현재 우리가 다니고 있는 직장에서도 똑같은 이유로 퇴사를 하실 수 있는 가능성이 있는지도 궁금합니다","wordCount":27},"emotion":[],"intent":[]},"answer":{"raw":{"text":"네 제가 전 직장을 그만둔 데는 어 정말 특별한 이유가 있습니다. 그것을 잠시 말씀드리자면 어 제가 전에 다니던 직장은 약 삼십 년 정도 된 직원 수 한 이백 명 정도 되는 중견 기업이었습니다. 어 사장님도 매우 좋으셨고 임원진들 동료들 모두 저에게는 어 좋은 분들이셨습니다. 어 하지만 어 일 대 사장님께서 건강 상의 이유로 어 회장님으로 물 물러나시고 그 자제분인 아드님이 이 대 사장님으로 취임을 했습니다. 이 대 사장님이 취임하자마자 대대적인 그 감원 바람이 불었습니다. 어 제가 한 제가 모시고 있던 상사 상사님 그리고 저랑 같이 일했던 제 동료 어 그리고 심지어는 어 저희 사무실에서 제일 열심히 일을 했던 막내까지 전 직원 중에서 거의 한 사십 프로 정도가 감원이 되는 일이 있었습니다. 이것이 회사에 무슨 회사 사정이 안 좋아 가지고 감축을 위한 뭐 어 허리를 졸라매기 위한 감원이라면 저는 충분히 납득할 수 있었습니다. 그런 것이 아닌 그 사장 아드님의 사람을 집어 넣기 위한 감원이었기 때문에 전 도저히 이것을 인정할 수가 없었습니다. 당연히 회사에다 권유를 했고 회사에선 받아들이지 않았습니다. 저는 그 동료 직원과 같이 함께 사표를 냈습니다. 저는 새로운 직장에서는 이런 일이 절대 없기를 바랍니다.","wordCount":173},"emotion":[],"intent":[{"text":"","expression":"","category":"attitude"}],"summary":{"text":"제가 직장을 그만둔 데는 특별한 이유가 있습니다. 제가 일하던 직장은 중견 기업이지만, 일 대 사장님의 건강 상의 이유로 회장으로 물러나고 이 대 사장님이 취임을 하였습니다. 새로운 사장님이 취임하자마자 전 직원 중에서 거의 40프로 정도가 감원이 되었고, 이는 새로운 사장님의 지인을 넣기 위한 감원이었기에 인정할 수 없었습니다.","wordCount":46}}},"rawDataInfo":{"question":{"fileFormat":"wav","fileSize":636238,"duration":19880,"samplingBit":16,"channelCount":1,"samplingRate":"16kHz","audioPath":"/Mock/07.ProductionManufacturing/Male/New/ckmk_q_mm_m_n_157468.wav"},"answer":{"fileFormat":"wav","fileSize":2890318,"duration":90320,"samplingBit":16,"channelCount":1,"samplingRate":"16kHz","audioPath":"/Mock/07.ProductionManufacturing/Male/New/ckmk_a_mm_m_n_157468.wav"}}}