{"version":"1.0","dataSet":{"info":{"date":"20230116","occupation":"MM","channel":"MOCK","place":"ONLINE","gender":"MALE","ageRange":"-34","experience":"NEW"},"question":{"raw":{"text":"어 개인적으로 어떤 공부를 하시는지 말씀해 주시길 바랍니다 그리고 그러한 공부를 어떻게 강의나 책을 활용하는지 그러한 방법을 말씀해 주시기 바랍니다","wordCount":20},"emotion":[],"intent":[]},"answer":{"raw":{"text":"저는 항상 어 공부를 할 때면 어 책을 먼저 보는 습관을 들이고 있습니다. 책이라 함은 바로 기본서이고 항상 어떤 공부를 하든지 간에 기초라는 것이 되게 중요하다고 생각을 합니다. 때문에 공부를 할 때 항상 기초적인 측면을 먼저 위주로 공부를 하고 그런 것들을 공책으로 적어서 정리를 해 나가면 공부를 하는 스타일이라고 말씀을 드리고 싶습니다. 때문에 항상 이런 기초적인 부분들의 초쪼를 초점을 맞추면서 공부를 하고 있고 항상 생활을 해 나가고 있기 때문에 이런 부분들이 회사에 입사하게 되었을 때어도 때도 되게 큰 장점으로 다가올 수 있을 것 같습니다. 어 왜냐하면 기초가 닦아지지 않는 상태에서 어떤 일을 하게 되면 어려움이 빨리 찾아올 수 있 쉽게 무너질 수 있는데 저는 그런 것들을 알고 있고 때문에 현재 기초에 기초적인 지식이나 항상 기초적인 것들에 초점을 맞추며 생활에 나가고 있고 공부해 나가고 있는 것 같습니다.","wordCount":126},"emotion":[],"intent":[{"text":"","expression":"","category":"attitude"}],"summary":{"text":"저는 공부를 할 때 항상 기초적인 측면 위주로 공부를 하고 그런 것들을 공책으로 적어서 정리를 해 나가면 공부를 하는 스타일이라고 말씀을 드리고 싶습니다. 기초가 닦아지지 않는 상태에서 일을 하게 되면 어려움이 빨리 찾아올 수 있기 때문에 기초에 초점을 맞추며 공부를 하고 있는 것 같습니다.","wordCount":44}}},"rawDataInfo":{"question":{"fileFormat":"wav","fileSize":487758,"duration":15240,"samplingBit":16,"channelCount":1,"samplingRate":"16kHz","audioPath":"/Mock/07.ProductionManufacturing/Male/New/ckmk_q_mm_m_n_183839.wav"},"answer":{"fileFormat":"wav","fileSize":2883278,"duration":90100,"samplingBit":16,"channelCount":1,"samplingRate":"16kHz","audioPath":"/Mock/07.ProductionManufacturing/Male/New/ckmk_a_mm_m_n_183839.wav"}}}