{"version":"1.0","dataSet":{"info":{"date":"20230116","occupation":"SM","channel":"MOCK","place":"ONLINE","gender":"MALE","ageRange":"55-","experience":"NEW"},"question":{"raw":{"text":"우리 회사에 입사를 했는데 업무 내용이나 강도가 예상한 것과 전혀 다르게 느껴진다면 어떻게 하실 건가요","wordCount":15},"emotion":[],"intent":[]},"answer":{"raw":{"text":"탁 들어왔더니 내가 생각했던 것보다 업무의 강도가 좀 높다는 거죠 내용도 좀 많고. 과연 이 때 우리는 갈등하지 않을까요. 일단 처음에는 갈등할 것 같습니다. 왜냐하면 어 내가 생각했던 가 좀 다르네 라고 하는 것이 오면 하나의 그 충격으로 올 수 있기 때문이죠. 그러나 극복할 수 있을까 내가 과연 이것을 못할까 라는 갈등의 또 시간을 가지게 될 것 같아요. 그러면서 데이 바이 데이 출근을 하면서 일을 접하게 되겠죠. 오늘 하는 이 그 인터뷰도 마찬가지라고 생각을 합니다. 하면 할수록 아 배울 점이 참 많구나 나에게 도움이 되겠다는 생각을 하게 됩니다. 마찬가지라고 생각을 하는데요. 회사 입사를 해서 처음에 딱 마주 했더니 내용이 굉장히 많구나 갈등하겠지만 그러나 다시 도전해 봐야지 아이 캔두 나는 할 수 있다 이런 생각을 하면서 접근하다 보면 아 회사에 적응해 가는 나 자신을 발견할 수 있지 않을까 라고 생각을 합니다. 감사합니다.","wordCount":131},"emotion":[],"intent":[{"text":"","expression":"","category":"attitude"}],"summary":{"text":"회사 입사 후 처음에는 갈등이 있을 것 같습니다. 그러나 아이 캔두 저는 할 수 있다 라는 생각을 하면서 접근하다 보면 아 회사에 적응해 가는 나 자신을 발견할 수 있을 것이라고 생각합니다.","wordCount":31}}},"rawDataInfo":{"question":{"fileFormat":"wav","fileSize":285198,"duration":8910,"samplingBit":16,"channelCount":1,"samplingRate":"16kHz","audioPath":"/Mock/02.SalesMarketing/Male/New/ckmk_q_sm_m_n_246231.wav"},"answer":{"fileFormat":"wav","fileSize":2826958,"duration":88340,"samplingBit":16,"channelCount":1,"samplingRate":"16kHz","audioPath":"/Mock/02.SalesMarketing/Male/New/ckmk_a_sm_m_n_246231.wav"}}}