{"version":"1.0","dataSet":{"info":{"date":"20230116","occupation":"SM","channel":"MOCK","place":"ONLINE","gender":"MALE","ageRange":"-34","experience":"NEW"},"question":{"raw":{"text":"시간이 남을 때 어떤 일을 하시는지 그 일을 하는 이유는 무엇인지 설명해 주세요","wordCount":13},"emotion":[],"intent":[]},"answer":{"raw":{"text":"저는 시간이 남을 때 주로 넷플릭스에서 드라마를 보는 편입니다. 최근에는 수리남이란 드라마를 봤는데요. 제가 이렇게 시간이 남을 때도 최신 드라마를 보는 이유는 바로 영업 활동을 할 때 사람들과 공감대를 형성하기 위해섭니다. 영업을 하면 새로운 사람들을 만나서 친해져야 할 때가 있습니다. 그럴 때 최근에 유행하고 있는 음악이나 드라마를 잘 모른다면 사람들과 쉽게 소통할 수 있는 주제를 하나 놓치는 것입니다. 그렇기 때문에 시간이 남을 때 최근에 유행하고 있는 영화나 드라마를 보면서 나중에 사람들을 만나 그 드라마의 이야기를 꺼내고 그렇게 사람들과 친구가 되면서 저의 영업 활동에 큰 도움이 되고 있습니다. 그래서 앞으로도 최신 유행을 따라가며 사람들과 쉽게 어울리는 영업인이 되겠습니다.","wordCount":97},"emotion":[],"intent":[{"text":"","expression":"","category":"attitude"}],"summary":{"text":"시간이 남을 때 최신 드라마나 음악, 영화를 보는 이유는 영업 활동을 할 때 사람들과 공감대를 형성하기 위해서입니다. 앞으로도 최신 유행을 따라가며 사람들과 쉽게 어울리는 영업인이 되겠습니다.","wordCount":26}}},"rawDataInfo":{"question":{"fileFormat":"wav","fileSize":266318,"duration":8320,"samplingBit":16,"channelCount":1,"samplingRate":"16kHz","audioPath":"/Mock/02.SalesMarketing/Male/New/ckmk_q_sm_m_n_196494.wav"},"answer":{"fileFormat":"wav","fileSize":2790798,"duration":87210,"samplingBit":16,"channelCount":1,"samplingRate":"16kHz","audioPath":"/Mock/02.SalesMarketing/Male/New/ckmk_a_sm_m_n_196494.wav"}}}