{"version":"1.0","dataSet":{"info":{"date":"20230116","occupation":"SM","channel":"MOCK","place":"ONLINE","gender":"MALE","ageRange":"-34","experience":"NEW"},"question":{"raw":{"text":"업무 중에 영어로 서류를 작성해야 할 일이 생길 수 있습니다 지원자님께서는 영어로 서류를 작성하실 수 있습니까","wordCount":16},"emotion":[],"intent":[]},"answer":{"raw":{"text":"네 저는 영어로 서류를 작성하는데 자신이 있습니다. 왜냐하면 저는 영어로 서류를 작성해 본 경험이 많기 때문입니다. 저는 어린 시절부터 영어를 좋아해서 영어 드라마들을 즐겨보고 주인공들의 대사를 따라하고 또 영어로 된 노래들을 들으며 가사를 달달 외웠습니다. 이러한 과정을 통해서 꾸준히 영어 공부를 하였고 그 결과 미국에서 대학 생활을 할 수 있었습니다. 그러면서 영어로 각종 과제와 보고서들을 제출했고 또 운이 좋게 뉴욕에 있는 한 마케팅 회사에서 인턴 경험을 하면서 영어로 된 서류를 작성하는 법을 배울 수 있었습니다. 그러면서 약 일 년여 동안 영어로 다양한 서류들을 작성했습니다. 따라서 저는 영어로 서류를 작성하는데 전혀 어려움이나 두려움이 없습니다. 오히려 영어로 서류를 작성하는 것은 저에게 있어서 누구보다 잘 할 수 있는 일입니다.","wordCount":106},"emotion":[],"intent":[{"text":"","expression":"","category":"attitude"}],"summary":{"text":"저는 어린 시절부터 영어를 좋아해서 영어 드라마와 노래를 들으며 가사를 외웠고 그 결과 미국에서 대학 생활을 할 수 있었습니다. 그리고 뉴욕의 한 마케팅 회사에서 인턴 경험을 하면서 영어로 된 서류를 작성하는 법을 배웠습니다. 그래서 저는 영어로 서류를 작성하는데 자신있습니다.","wordCount":39}}},"rawDataInfo":{"question":{"fileFormat":"wav","fileSize":375118,"duration":11720,"samplingBit":16,"channelCount":1,"samplingRate":"16kHz","audioPath":"/Mock/02.SalesMarketing/Male/New/ckmk_q_sm_m_n_180753.wav"},"answer":{"fileFormat":"wav","fileSize":2704398,"duration":84510,"samplingBit":16,"channelCount":1,"samplingRate":"16kHz","audioPath":"/Mock/02.SalesMarketing/Male/New/ckmk_a_sm_m_n_180753.wav"}}}