{"version":"1.0","dataSet":{"info":{"date":"20230116","occupation":"SM","channel":"MOCK","place":"ONLINE","gender":"MALE","ageRange":"-34","experience":"NEW"},"question":{"raw":{"text":"지금까지 살면서 어려웠던 일들이 많이 있으셨을 텐데요 그중에서 가장 힘들었던 경험은 무엇이었습니까 그리고 그것을 어떻게 극복하셨는지 말씀해 주시기 바랍니다","wordCount":19},"emotion":[],"intent":[]},"answer":{"raw":{"text":"제가 지금까지 살아오면서 가장 힘들었던 경험은 제가 군 복무를 하는 중에 당시 만났던 여자 친구가 바람을 폈던 것입니다. 저는 대학교 일 학년 때 같은 학교에 다니는 여자 친구를 사귀였는데요. 하지만 제가 스무 살이라는 어린 나이에 군대에 가게 되면서 여자 친구와 멀리 떨어진 부대로 배치 받아 군 생활을 시작했습니다. 그리고 제가 입대하고 삼 개월 뒤 당시 여자 친구가 저에게 이별을 고했는데요. 그때 저는 담담히 받아들였습니다. 매우 힘든 시간을 보냈지만 그때까지는 괜찮았습니다. 하지만 얼마 후에 저의 대학 동기로부터 매우 충격적인 소식을 들었습니다. 저와 헤어진 것이 바로 저와 굉장히 친한 어떤 친구와 바람을 폈기 때문이라고 전해 듣고 매우 힘들었습니다.","wordCount":96},"emotion":[],"intent":[{"text":"","expression":"","category":"attitude"}],"summary":{"text":"저는 대학교 일학년 때 같은 학교에 다니는 여자 친구를 사귀었는데, 20살이라는 어린 나이에 군대에 가게 되면서 여자 친구와 멀리 떨어진 부대로 배치 받아 군 생활을 시작했고, 입대하고 삼 개월 뒤 여자 친구가 이별을 고했습니다. 매우 힘든 시간을 보냈지만 담담히 받아들였습니다.","wordCount":40}}},"rawDataInfo":{"question":{"fileFormat":"wav","fileSize":551758,"duration":17240,"samplingBit":16,"channelCount":1,"samplingRate":"16kHz","audioPath":"/Mock/02.SalesMarketing/Male/New/ckmk_q_sm_m_n_203908.wav"},"answer":{"fileFormat":"wav","fileSize":2899918,"duration":90620,"samplingBit":16,"channelCount":1,"samplingRate":"16kHz","audioPath":"/Mock/02.SalesMarketing/Male/New/ckmk_a_sm_m_n_203908.wav"}}}