{"version":"1.0","dataSet":{"info":{"date":"20230116","occupation":"SM","channel":"MOCK","place":"ONLINE","gender":"MALE","ageRange":"-34","experience":"NEW"},"question":{"raw":{"text":"소통 능력을 키우기 위해서 지원자님께서는 어떤 일을 할 수 있습니까 생각나는 방법들을 자세하게 한 번 말씀해 주시기 바랍니다","wordCount":18},"emotion":[],"intent":[]},"answer":{"raw":{"text":"다시 말씀드리지만 저는 소통 능력을 키우기 위해서는 상대방의 이 니즈를 파악하는 것 즉 경청의 자세가 중요하다고 생각이 듭니다. 상대방에게 경청을 함으로써 그들의 니즈를 파악을 하고 그들이 원하는 것들을 가장 잘 이끌어내는 것이 영업인에 있어서 가장 필수적인 덕목이라고 생각을 할 수 있는데요. 예를 들어서 상대방이 저에게 에이라는 것을 원했는데 지금 당장 저에게 에이가 없습니다. 그러면은 이 에이를 어떻게 얻을 수 있는지 상대에게 말해주거나 또는 내가 이 에이가 없는데 이러한 과정을 통해서 에이를 얻어서 너한테 줄 거야 라는 이런 것들을 확신시키는 그런 방식이 있겠죠. 이런 것들을 통해서 상대방에게 신뢰와 확신을 주고 또 그 상대방의 말을 되받아 침으로써 맞받아 침으로써 보다 좀 더 좋은 커뮤니케이션 스킬을 향상시킬 수 있을 것이라고 저는 생각이 듭니다. 따라서 저는 소통의 가장 기본적인 요소로서 경청을 꼽았습니다. 이상입니다 감사합니다.","wordCount":120},"emotion":[],"intent":[{"text":"","expression":"","category":"attitude"}],"summary":{"text":"소통 능력 향상을 위해서는 상대방의 니즈를 파악하는 경청의 자세가 중요합니다. 경청은 영업인에 있어서 필수적인 덕목으로 상대방의 신뢰와 확신을 주고 그 말을 되받아 침으로써 좋은 커뮤니케이션 스킬을 향상시킬 수 있기 때문입니다.","wordCount":30}}},"rawDataInfo":{"question":{"fileFormat":"wav","fileSize":473678,"duration":14800,"samplingBit":16,"channelCount":1,"samplingRate":"16kHz","audioPath":"/Mock/02.SalesMarketing/Male/New/ckmk_q_sm_m_n_185410.wav"},"answer":{"fileFormat":"wav","fileSize":2202958,"duration":68840,"samplingBit":16,"channelCount":1,"samplingRate":"16kHz","audioPath":"/Mock/02.SalesMarketing/Male/New/ckmk_a_sm_m_n_185410.wav"}}}