{"version":"1.0","dataSet":{"info":{"date":"20230116","occupation":"SM","channel":"MOCK","place":"ONLINE","gender":"MALE","ageRange":"-34","experience":"NEW"},"question":{"raw":{"text":"만약 지원자님께서 직무에 맞지 않은 일을 하게 된다면 어떻게 대응하시겠습니까 그래도 괜찮으시겠습니까","wordCount":12},"emotion":[],"intent":[]},"answer":{"raw":{"text":"만약 제 직무에 맞지 않는 일을 하게 된다면 저는 우선은 참고 열심히 해보겠습니다. 인사 담당자나 직장 상사는 이 분야에 대해 전문가이고 제 역량이나 적성에 맞춰서 다른 일을 잘 할 수 있다고 판단했기 때문에 저에게 다른 일을 맡겼다고 생각합니다. 그렇기 때문에 직무에 맞지 않는 일을 처음 하게 되더라도 배운다는 마음가짐으로 열심히 해보겠습니다. 하지만 시간이 많이 흐르고 제가 원하는 직무가 따로 있는데도 계속 제 직무에 맞지 않는 일만 한다면 상사와 면담을 통해 저의 답답함을 상담받을 것 같습니다. 하지만 이후에도 제 직무에 맞지 않는 일만 하게 된다면 어쩔 수 없이 제 직무에 맞는 일을 하기 위해 퇴사할 것 같습니다. 왜냐하면 저는 제 직무에 욕심이 있는 사람이기 때문입니다.","wordCount":104},"emotion":[],"intent":[{"text":"","expression":"","category":"attitude"}],"summary":{"text":"직무에 맞지 않는 일을 하게 되더라도 열심히 하겠습니다. 하지만 이후에도 계속해서 직무와 맞지 않는 일만 하게 되면 어쩔 수 없이 직무에 맞는 일을 하기 위해 퇴사할 것 같습니다. 왜냐하면 저는 직무에 욕심이 있는 사람이기 때문입니다.","wordCount":35}}},"rawDataInfo":{"question":{"fileFormat":"wav","fileSize":445838,"duration":13930,"samplingBit":16,"channelCount":1,"samplingRate":"16kHz","audioPath":"/Mock/02.SalesMarketing/Male/New/ckmk_q_sm_m_n_197105.wav"},"answer":{"fileFormat":"wav","fileSize":2652238,"duration":82880,"samplingBit":16,"channelCount":1,"samplingRate":"16kHz","audioPath":"/Mock/02.SalesMarketing/Male/New/ckmk_a_sm_m_n_197105.wav"}}}