{"version":"1.0","dataSet":{"info":{"date":"20230116","occupation":"SM","channel":"MOCK","place":"ONLINE","gender":"MALE","ageRange":"35-44","experience":"NEW"},"question":{"raw":{"text":"지원자님께서 지금껏 살아오면서 여러 가지 갈등을 경험해 보셨을 텐데요 그 갈등 중 가장 심각했던 갈등 하나를 선택하여서 말씀해 주시겠어요","wordCount":19},"emotion":[],"intent":[]},"answer":{"raw":{"text":"제가 그동안 인생을 살아오면서 수없이 많은 갈등을 겪어내곤 하였습니다. 지금 제 인생의 중간 정도의 삶을 유지하고 있는데요. 그동안 인생에서 겪었던 갈등 중에 가장 심각했던 갈등은 무엇이었는지 궁금해 하셨습니다. 저는 고등학교를 입학할 무렵 인문계 고등학교로 갈지 공학계로 갈지 거기서 갈등을 정말 많이 했습니다. 친구들이 일부는 인문계 일부는 공학 쪽으로 진로를 선택을 하였습니다. 친한 친구를 따라가야 할지 아니면 제가 원하는 길을 가야 할지를 고민을 하였고 공부를 하여 대학을 가고 좋은 회사에 취직을 하는 것이 좋을지 또는 대학은 포기하더라도 빠른 취직을 하는 것이 더 현명할지를 고민을 많이 하였습니다. 진로에 대한 고민은 끝없이 하지만 어린 나이이고 고등학교를 입학하기 전인 만큼 더욱 어떻게 보면 인생의 발판이 될 수도 있는 시작점이 딱 그때가 아니었을까 생각을 합니다. 그때 가장 많은 갈등을 하였던 것 같습니다.","wordCount":117},"emotion":[],"intent":[{"text":"저는 고등학교를 입학할 무렵 인문계 고등학교로 갈지 공학계로 갈지 거기서 갈등을 정말 많이 했습니다.","expression":"c_private","category":"background"}],"summary":{"text":"저는 고등학교를 입학할 무렵 인문계와 공학계 중 어느 쪽으로 진로를 택할지 고민을 많이 했습니다. 진로에 대한 고민은 끝없이 하지만 어린 나이이고 고등학교 입학 전이기 때문에 인생의 발판이 될 수 있는 시작점이 바로 그때라고 생각하여 가장 많은 갈등을 겪었습니다.","wordCount":38}}},"rawDataInfo":{"question":{"fileFormat":"wav","fileSize":441038,"duration":13780,"samplingBit":16,"channelCount":1,"samplingRate":"16kHz","audioPath":"/Mock/02.SalesMarketing/Male/New/ckmk_q_sm_m_n_230951.wav"},"answer":{"fileFormat":"wav","fileSize":3845838,"duration":120180,"samplingBit":16,"channelCount":1,"samplingRate":"16kHz","audioPath":"/Mock/02.SalesMarketing/Male/New/ckmk_a_sm_m_n_230951.wav"}}}