{"version":"1.0","dataSet":{"info":{"date":"20230116","occupation":"SM","channel":"MOCK","place":"ONLINE","gender":"MALE","ageRange":"-34","experience":"NEW"},"question":{"raw":{"text":"일을 하다 보면 영어로 서류를 작성해야 할 일이 생길 수 있습니다 지원자님께서는 영어로 서류를 작성하실 수 있으신가요","wordCount":17},"emotion":[],"intent":[]},"answer":{"raw":{"text":"일을 하다 보면 영어로 서류를 작성해야 할 일이 참 많은데요. 저는 영어로 서류를 작성할 수 있는 인재입니다. 저는 유창한 영어 실력을 가지고 있습니다. 어릴 적부터 영어에 관심이 많아 미국 드라마를 보면서 주인공들에 대사를 외우고 따라 했습니다. 또 영어로 된 노래들을 들으면서 가사를 외우고 그 의미를 찾아봤습니다. 이렇게 영어에 대한 감을 익힌 뒤 미국에서 일 년 간 교환 학생을 하면서 유창한 생활 영어를 할 수 있게 되었습니다. 대학을 졸업한 후 미국에 있는 한 마케팅 업체에서 인턴으로 생활하게 되면서 영어로 서류를 작성하는 법도 차근차근 배우게 되었는데요. 처음에는 배우기 어려웠지만 나중에는 유창하게 영어를 말하면서 영어로 서류도 작성할 수 있게 되었습니다. 이러한 영어 실력은 저만의 무기입니다. 이 회사에 도움이 되는 저의 유창한 영어 실력을 보여드리겠습니다. 저는 준비가 되어 있습니다.","wordCount":115},"emotion":[],"intent":[{"text":"","expression":"","category":"attitude"}],"summary":{"text":"저는 영어로 서류를 작성하는 인재입니다. 어릴 적부터 영어에 관심이 많아 미국 드라마를 보면서 대사와 가사를 외웠고, 대학 졸업 후 한 마케팅 업체에서 인턴으로 생활하면서 유창하게 영어를 말하면서 영어로 서류도 작성할 수 있게 되었습니다. 이 회사에 도움이 되는 유창한 영어 실력을 보여주겠습니다.","wordCount":41}}},"rawDataInfo":{"question":{"fileFormat":"wav","fileSize":349198,"duration":10910,"samplingBit":16,"channelCount":1,"samplingRate":"16kHz","audioPath":"/Mock/02.SalesMarketing/Male/New/ckmk_q_sm_m_n_191006.wav"},"answer":{"fileFormat":"wav","fileSize":2599758,"duration":81240,"samplingBit":16,"channelCount":1,"samplingRate":"16kHz","audioPath":"/Mock/02.SalesMarketing/Male/New/ckmk_a_sm_m_n_191006.wav"}}}