{"version":"1.0","dataSet":{"info":{"date":"20230116","occupation":"SM","channel":"MOCK","place":"ONLINE","gender":"MALE","ageRange":"-34","experience":"NEW"},"question":{"raw":{"text":"지원자님께서는 여러 사람들과 함께 일을 하게 되시다 보면 구성원들과 갈등이 생길 수가 있는데요 그렇다면 이럴 경우 어떻게 해결을 할 것인지 궁금합니다","wordCount":21},"emotion":[],"intent":[]},"answer":{"raw":{"text":"여러 사람들과 함께 일하다 보면 갈등이 생길 수 밖에 없는데요. 이럴 때 무엇보다 중요한 것은 술자리를 만드는 것입니다. 다소 유치한 방안이라 생각하실 수도 있겠는데요. 하지만 갈등 상황에서 누가 잘못을 했고 누구 주장이 맞는지 이런 것들을 따지는 것은 물론 그 순간에 갈등을 해결할 수는 있지만 그들에게 남은 감정의 골을 해소하긴 어렵습니다. 따라서 술자리를 기획하고 모든 구성원들이 모여 맛있는 음식과 간단한 음주를 즐기면서 서로의 마음을 터 놓고 친밀함을 형성하는 것이 이 방법에서 매우 효과적입니다. 그래서 그들에게 생긴 감정의 골을 해소하고 비 온 뒤에 굳는 땅이 더 단단하다는 말이 있듯이 더 단단한 유대감을 갖도록 하는 것입니다. 이런 방식으로 저는 많은 구성원들의 갈등을 해결해 왔고 아주 효과적인 방법이었다는 것을 많이 깨닫게 되었습니다.","wordCount":108},"emotion":[],"intent":[{"text":"","expression":"","category":"attitude"}],"summary":{"text":"여러 사람들과 함께 일하다 보면 갈등이 생길 수 밖에 없습니다. 이때 중요한 것은 술자리를 만드는 것입니다. 갈등 상황에서 따질 수는 있지만 감정의 골은 해소하기 어렵습니다. 따라서 술자리를 기획하고 모든 구성원들이 모여 마음을 터 놓고 친밀함을 형성하는 것이 이 방법에서 매우 효과적입니다.","wordCount":41}}},"rawDataInfo":{"question":{"fileFormat":"wav","fileSize":467918,"duration":14620,"samplingBit":16,"channelCount":1,"samplingRate":"16kHz","audioPath":"/Mock/02.SalesMarketing/Male/New/ckmk_q_sm_m_n_180468.wav"},"answer":{"fileFormat":"wav","fileSize":2894158,"duration":90440,"samplingBit":16,"channelCount":1,"samplingRate":"16kHz","audioPath":"/Mock/02.SalesMarketing/Male/New/ckmk_a_sm_m_n_180468.wav"}}}