{"version":"1.0","dataSet":{"info":{"date":"20230116","occupation":"SM","channel":"MOCK","place":"ONLINE","gender":"MALE","ageRange":"-34","experience":"NEW"},"question":{"raw":{"text":"지원자님께서는 과거에 프로젝트를 수행했던 경험이 있으신지 궁금합니다 어 그렇게 프로젝트를 수행했던 경험이 있으시다고 한다면 어떤 프로젝트를 진행하셨고 그 안에서 무슨 역할을 맡으셨는지 같이 이야기해 주세요","wordCount":25},"emotion":[],"intent":[]},"answer":{"raw":{"text":"여러 프로젝트 과정 중에서 저에게 가장 성취가 좋았던 것은 그 프로젝트를 발표하는 일이었습니다. 아무리 아무리 좋은 아이템을 가지고 아이디어를 가지고 이론적으로 완성적인 프로젝트를 준비했다고 하더라도 그것을 사람들에게 설명하지 못하면 소개하지 못하면 그것은 장롱 속에 있는 면허와도 같습니다. 저는 저만의 특별한 프리젠테이션 능력을 바탕으로 사람들에게 그것을 적극적으로 효과적으로 잘 설명해 내었습니다. 그 이후로도 맡은 여러 가지 프로 프로젝트에서도 저는 항상 발표를 맡았습니다. 그렇다고 해서 프로젝트 내에서 필요하지 않 한 프로젝트 내에서 필요한 학술적 연구와 연구 개발에 소홀했던 것은 전혀 아니었습니다. 충분한 아이디어를 제공하면서도 발표에 능했습니다.","wordCount":84},"emotion":[],"intent":[{"text":"","expression":"","category":"attitude"}],"summary":{"text":"저는 프리젠테이션 능력을 바탕으로 프로젝트를 발표하여 사람들에게 효과적으로 잘 설명했습니다. 프로젝트 내에서 필요하지 않은 학술적 연구와 연구 개발에 소홀했던 것은 아니었고 충분한 아이디어를 제공하면서도 발표에 능했습니다.","wordCount":26}}},"rawDataInfo":{"question":{"fileFormat":"wav","fileSize":627918,"duration":19620,"samplingBit":16,"channelCount":1,"samplingRate":"16kHz","audioPath":"/Mock/02.SalesMarketing/Male/New/ckmk_q_sm_m_n_186643.wav"},"answer":{"fileFormat":"wav","fileSize":2621518,"duration":81920,"samplingBit":16,"channelCount":1,"samplingRate":"16kHz","audioPath":"/Mock/02.SalesMarketing/Male/New/ckmk_a_sm_m_n_186643.wav"}}}