{"version":"1.0","dataSet":{"info":{"date":"20230116","occupation":"SM","channel":"MOCK","place":"ONLINE","gender":"MALE","ageRange":"-34","experience":"NEW"},"question":{"raw":{"text":"어 지원자님께서 어떤 문제에 부딪쳤을 때 혼자 해결하는 편이신가요 아니면 여러 사람들에게 이야기를 해서 어 솔루션을 구하는 편이신지 궁금합니다","wordCount":19},"emotion":[],"intent":[]},"answer":{"raw":{"text":"어떤 문제에 부딪쳤을 때 저는 혼자 해결하는 편입니다. 왜냐하면 그 문제에 대해서 가장 잘 아는 사람이자 저에 대해서 가장 잘 아는 사람도 바로 저이기 때문입니다. 여러 사람들과 이야기를 나누면서 문제를 해결하면 감정적인 위로도 되고 또 사람들의 의견을 들으면서 여러 가지 선택지를 가질 수 있어서 도움이 되는 것처럼 보입니다. 하지만 다른 사람들은 결코 저만큼 그 문제에 대해서 알지 못하고 제가 가진 능력이나 성향에 대해서 잘 알지 못하기 때문에 다른 사람들의 조언이 크게 도움이 되지 않을 수 있습니다. 따라서 저는 어떤 문제에 부딪쳤을 때 스스로 시간을 가지고 길게 고민하고 저와 문제에 대해서 생각하면서 혼자서 문제를 해결하려고 노력하는 편입니다.","wordCount":96},"emotion":[],"intent":[{"text":"","expression":"","category":"attitude"}],"summary":{"text":"저는 어떤 문제에 부딪쳤을 때 가장 잘 아는 사람이 저이기 때문에 혼자 해결하는 편입니다. 사람들과 이야기를 나누면서 문제를 해결하면 감정적인 위로도 되고 여러 선택지를 가질 수 있어서 도움이 되는 것 같지만 저만큼 그 문제에 대해 알지 못하기 때문에 크게 도움이 되지 않을 수 있습니다.","wordCount":44}}},"rawDataInfo":{"question":{"fileFormat":"wav","fileSize":480718,"duration":15020,"samplingBit":16,"channelCount":1,"samplingRate":"16kHz","audioPath":"/Mock/02.SalesMarketing/Male/New/ckmk_q_sm_m_n_197183.wav"},"answer":{"fileFormat":"wav","fileSize":2418638,"duration":75580,"samplingBit":16,"channelCount":1,"samplingRate":"16kHz","audioPath":"/Mock/02.SalesMarketing/Male/New/ckmk_a_sm_m_n_197183.wav"}}}