{"version":"1.0","dataSet":{"info":{"date":"20230116","occupation":"SM","channel":"MOCK","place":"ONLINE","gender":"MALE","ageRange":"-34","experience":"NEW"},"question":{"raw":{"text":"시간이 촉박할 때 어떻게 시간 관리를 하십니까 시험 기간과 같은 상황에 대해서 지원자님만의 시간 관리법이 궁금합니다","wordCount":16},"emotion":[],"intent":[]},"answer":{"raw":{"text":"시험 기간에 항상 공부를 하다 보면 시간이 부족했던 기억이 납니다. 며칠만 더 있으면 공부를 더 잘 할 수 있을 텐데 라는 생각을 했었던 거 같습니다. 이런 부분을 해결하기 위해 저는 시험 공부를 시작하기 전에 항상 계획을 세우고 공부를 했던 거 같습니다. 상대적으로 제가 어려워하는 부분을 먼저 배치를 하고 제가 잘 알고 쉽다고 생각하는 부분을 뒤쪽에 배치해서 시간 계획을 세웠던 거 같습니다. 제가 어렵다고 생각하는 부분은 좀 더 시간을 여유를 두고 공부를 할 수 있기 때문에 공부를 깊게 할 수 있었고 이런 방식으로 공부를 하다 보니 시험 성적도 오르고 시간도 효율적으로 썼던 거 같습니다.","wordCount":93},"emotion":[],"intent":[{"text":"","expression":"","category":"attitude"}],"summary":{"text":"시험 기간에 항상 공부를 하다 보면 시간이 부족했는데, 이를 해결하기 위해 미리 계획을 세워 공부했습니다. 상대적으로 어려워하는 부분을 먼저 배치하고 잘 알고 쉽다고 생각되는 부분을 뒤쪽에 배치해서 시간 계획을 세웠습니다.","wordCount":30}}},"rawDataInfo":{"question":{"fileFormat":"wav","fileSize":468558,"duration":14640,"samplingBit":16,"channelCount":1,"samplingRate":"16kHz","audioPath":"/Mock/02.SalesMarketing/Male/New/ckmk_q_sm_m_n_227789.wav"},"answer":{"fileFormat":"wav","fileSize":2067918,"duration":64620,"samplingBit":16,"channelCount":1,"samplingRate":"16kHz","audioPath":"/Mock/02.SalesMarketing/Male/New/ckmk_a_sm_m_n_227789.wav"}}}