{"version":"1.0","dataSet":{"info":{"date":"20230116","occupation":"SM","channel":"MOCK","place":"ONLINE","gender":"MALE","ageRange":"-34","experience":"NEW"},"question":{"raw":{"text":"네 광고를 만드시다 보면 광고주가 비윤리적 캠페인을 요구할 수 있습니다 그런 상황에서 본인은 어떻게 대처하고 행동을 하실지 말씀해 주시면 감사하겠습니다","wordCount":20},"emotion":[],"intent":[]},"answer":{"raw":{"text":"광고주가 비윤리적인 캠페인을 요구하면 저는 광고주에게 그 캠페인이 더 롱런으로 봤을 때 좋지 않은 이유에 대해서 설명하겠습니다. 이러한 비윤리적인 캠페인을 통해 단기간에 수익을 낼 수는 있습니다. 하지만 지금처럼 정보가 발달한 시대에 이러한 것들은 금방 드러나게 됩니다. 이러한 비윤리적인 캠페인을 진행했을 때 지금 단기적으로 얻을 수 있는 수입보다 장기적인 손해가 더 크다는 식으로 피피티를 준비해서 해당 광고주와의 면담을 통해 길게 봤을 때 이것은 회사의 손해가 되는 행위임을 어필하겠습니다. 이러한 설득에도 광고주가 마음을 바꾸지 않는다면 저는 다른 방식을 찾아보도록 하겠습니다. 결국 이러한 비윤리적인 캠페인은 크게 봤을 때 기업의 손해가 되는 행위이므로 자신의 무덤을 자신이 파는 것이라는 그러한 인식을 심어주도록 노력하겠습니다. 결론적으로 저는 광고주가 비윤리적인 캠페인을 요구하면 광보주를 설득하기 위해 노력하고 그러한 요구에 응하지 않겠습니다.","wordCount":112},"emotion":[],"intent":[{"text":"","expression":"","category":"attitude"}],"summary":{"text":"광고주가 비윤리적인 캠페인을 요구하면 저는 그 캠페인이 롱런으로 봤을 때 좋지 않은 이유에 대해 설명하겠습니다. 단기간에 수익을 낼 수는 있지만 지금 단기적으로 얻을 수 있는 수입보다 장기적인 손해가 더 크다는 식으로 피피티를 준비해 광고주와의 면담을 통해 장기적으로 봤을 때 회사의 손해가 되는 행위임을 어필하겠습니다.","wordCount":44}}},"rawDataInfo":{"question":{"fileFormat":"wav","fileSize":661198,"duration":20660,"samplingBit":16,"channelCount":1,"samplingRate":"16kHz","audioPath":"/Mock/02.SalesMarketing/Male/New/ckmk_q_sm_m_n_240292.wav"},"answer":{"fileFormat":"wav","fileSize":3324238,"duration":103880,"samplingBit":16,"channelCount":1,"samplingRate":"16kHz","audioPath":"/Mock/02.SalesMarketing/Male/New/ckmk_a_sm_m_n_240292.wav"}}}