{"version":"1.0","dataSet":{"info":{"date":"20230116","occupation":"SM","channel":"MOCK","place":"ONLINE","gender":"MALE","ageRange":"-34","experience":"NEW"},"question":{"raw":{"text":"동물 실험이라고 하는 것이 인간에게 어떠한 이익들을 가져다 줄 수 있는지 이야기해 주시면 좋겠습니다 그리고 동물 실험에 대해서 가지고 계시는 지원자분의 생각까지도 같이 이야기해 주시면 좋을 것 같아요","wordCount":28},"emotion":[],"intent":[]},"answer":{"raw":{"text":"동물 실험이 인간에게 주는 이익은 실로 다양합니다. 그것이 건강에 관한 것일 수도 있고 미용에 관한 것일 수도 있고 또 우리가 알 수 없는 새로운 과학기술에 대한 개척이 될 수도 있습니다. 저는 이 동물 실험이 주는 이익이 인간 사회에게 이때까지 인류 사회를 발전시켜 온 원동력이라고 생각이 듭니다. 그 정도로 동물 실험은 중요하고 또 그것에 있어서 그것으로 인해서 발생하는 이익도 막대합니다. 하지만 동물 실험이 저는 필수적이라고 생각이 들지만 너무 무분별하게 너무 무분별하게 이루어져서는 안 된다고 생각을 하고 있습니다. 아무리 그래도 인간의 번영을 위해서 죄 없는 생명체를 죽인다는 것이 윤리적으로 봤을 때는 비윤리적 윤리적으로 보았을 때는 전혀 올바르지 않다고 느껴지는 것이 사실이기 때문입니다. 따라서 그에 대한 희생을 최소화할 수 있는 그런 방법을 개발을 하고 또 될 수 있으면 동물 실험을 대체할 대치제를 찾아내는 것이 저는 또 바람직하다고 생각을 하고 있습니다. 이상입니다.","wordCount":128},"emotion":[{"text":"아무리 그래도 인간의 번영을 위해서 죄 없는 생명체를 죽인다는 것이 윤리적으로 봤을 때는 비윤리적   윤리적으로 보았을 때는 전혀 올바르지 않다고 느껴지는 것이 사실이기 때문입니다.","expression":"u-belief","category":"neutral"}],"intent":[{"text":"","expression":"","category":"attitude"}],"summary":{"text":"동물실험은 인류사회를 발전시켜 온 원동력이며, 인간에게 많은 이익을 줍니다. 그러나 윤리적, 비윤리적 윤리적 관점에서 동물실험의 희생을 최소화할 수 있는 방법을 개발하고, 동물 실험을 대체할 대치제를 찾아내는 것이 바람직하다고 생각합니다.","wordCount":29}}},"rawDataInfo":{"question":{"fileFormat":"wav","fileSize":596558,"duration":18640,"samplingBit":16,"channelCount":1,"samplingRate":"16kHz","audioPath":"/Mock/02.SalesMarketing/Male/New/ckmk_q_sm_m_n_185409.wav"},"answer":{"fileFormat":"wav","fileSize":2343438,"duration":73230,"samplingBit":16,"channelCount":1,"samplingRate":"16kHz","audioPath":"/Mock/02.SalesMarketing/Male/New/ckmk_a_sm_m_n_185409.wav"}}}