{"version":"1.0","dataSet":{"info":{"date":"20230116","occupation":"SM","channel":"MOCK","place":"ONLINE","gender":"MALE","ageRange":"-34","experience":"NEW"},"question":{"raw":{"text":"주변 친구들 중 한 명을 골라 칭찬해 주시는데 최대한 구체적이고 자세한 칭찬일수록 더욱 좋습니다","wordCount":14},"emotion":[],"intent":[]},"answer":{"raw":{"text":"저는 제 고등학교 친구 한 명을 칭찬하고 싶습니다. 왜냐하면 이 친구는 항상 어려운 상황에서도 포기하지 않고 끝까지 도전해서 좋은 결과를 만들어낸 친구이기 때문입니다. 이 친구는 대학을 졸업하고 취업이 되지 않아 마음고생이 심했습니다. 하지만 자신의 꿈을 포기하지 않고 대학원에 진학해서 이 년간 열심히 공부했습니다. 그러면서 생활비를 벌기 위해 밤에는 대리운전을 하면서 정말 바쁜 삶을 살았습니다. 그리고 대학원을 졸업하고 마침내 자신이 꿈꾸던 대기업에 취업하게 되었습니다. 이 과정을 보면서 저 또한 포기하지 않고 도전하는 사람이 되어야겠다 고 생각했습니다.","wordCount":75},"emotion":[{"text":"그리고 대학원을 졸업하고 마침내 자신이 꿈꾸던 대기업에 취업하게 되었습니다.","expression":"u-fact","category":"neutral"}],"intent":[{"text":"","expression":"","category":"attitude"}],"summary":{"text":"어려운 상황에서도 끝까지 도전해서 좋은 결과를 만들어낸 제 고등학교 친구 한 명을 칭찬하고 싶습니다. 이 친구를 보면서 저 또한 도전하는 사람이 되야겠다 고 생각했습니다.","wordCount":24}}},"rawDataInfo":{"question":{"fileFormat":"wav","fileSize":281678,"duration":8800,"samplingBit":16,"channelCount":1,"samplingRate":"16kHz","audioPath":"/Mock/02.SalesMarketing/Male/New/ckmk_q_sm_m_n_196784.wav"},"answer":{"fileFormat":"wav","fileSize":2503758,"duration":78240,"samplingBit":16,"channelCount":1,"samplingRate":"16kHz","audioPath":"/Mock/02.SalesMarketing/Male/New/ckmk_a_sm_m_n_196784.wav"}}}