{"version":"1.0","dataSet":{"info":{"date":"20230116","occupation":"SM","channel":"MOCK","place":"ONLINE","gender":"MALE","ageRange":"-34","experience":"NEW"},"question":{"raw":{"text":"직무 지식 역량 태도 이 세 가지 요소 중 지원자님께서 가장 중요하다고 생각하시는 것과 그 이유를 말씀 부탁드리겠습니다","wordCount":18},"emotion":[],"intent":[]},"answer":{"raw":{"text":"직무지식 역량 태도 이 세 가지 요소는 모두 중요하지만 그 중에서 가장 중요하다고 생각하는 요소는 바로 태도입니다. 왜냐하면 직무지식이나 역량은 경험을 통해서 개선하고 발전시킬 수 있지만 태도란 것은 사람이 살아온 경험으로 인해 형성된 가치관이기 때문에 쉽게 바꾸기 어렵기 때문입니다. 예를 들면 저는 이전 직장에서 아이스크림 영업을 했는데요. 저는 아이스크림에 대해서 잘 몰랐고 영업 경험도 없어서 직무지식이나 역량도 매우 부족했습니다. 그러나 저는 항상 배우는 태도 열심히 하는 태도로 여러 가지 경험을 통해서 점차 직무지식과 역량을 쌓아 왔습니다. 그러자 직무지식이나 역량이 뛰어났던 다른 동기들보다 더 좋은 성과를 만들어내기 시작했습니다. 이처럼 초기에는 직무지식이나 역량이 있는 사람이 더 좋은 성과를 만들어내지만 장기적으로는 좋은 태도를 가지고 있는 사람이 결국은 가장 좋은 성과를 만들어내게 됩니다.","wordCount":109},"emotion":[{"text":"예를 들면 저는 이전 직장에서 아이스크림 영업을 했는데요.","expression":"u-fact","category":"neutral"}],"intent":[{"text":"","expression":"","category":"attitude"}],"summary":{"text":"직무지식 역량 태도 이 세 가지 요소 중 가장 중요하다고 생각하는 요소는 태도입니다. 태도란 사람은 살아온 경험으로 형성된 가치관이기 때문에 쉽게 바꾸기 어렵기 때문입니다.","wordCount":24}}},"rawDataInfo":{"question":{"fileFormat":"wav","fileSize":380558,"duration":11890,"samplingBit":16,"channelCount":1,"samplingRate":"16kHz","audioPath":"/Mock/02.SalesMarketing/Male/New/ckmk_q_sm_m_n_180892.wav"},"answer":{"fileFormat":"wav","fileSize":2901838,"duration":90680,"samplingBit":16,"channelCount":1,"samplingRate":"16kHz","audioPath":"/Mock/02.SalesMarketing/Male/New/ckmk_a_sm_m_n_180892.wav"}}}