{"version":"1.0","dataSet":{"info":{"date":"20230116","occupation":"SM","channel":"MOCK","place":"ONLINE","gender":"MALE","ageRange":"35-44","experience":"NEW"},"question":{"raw":{"text":"귀하는 영어 실력이 뛰어나며 어 해외 영업에 자신이 있다고 포부를 밝히셨는데 해외 영업으로써의 목표가 있다면 그 목표를 말씀해 주세요","wordCount":19},"emotion":[],"intent":[]},"answer":{"raw":{"text":"우리 회사에 들어오게 된다면 해외 영업을 담당하게 될 텐데 해외 영업으로써 세워 둔 목표가 있는지 질문을 하셨습니다. 해외 영업을 담당하게 된다면 그 나라에 정서와 그 나라의 문화 여러 가지 필요한 부분들을 많이 챙겨야 하는 상황입니다. 그 나라 시민들 아 그 나라 국민들이 어떠한 정서를 가지고 있고 어떠한 것을 좋아하는지 우리랑 다른 점은 어떤 것이 있고 우리의 문화와 그 나라의 문화를 비교해 보고 어떤 제품을 어떻게 홍보해야 그 사람들에게 그 효과가 드러날 것인지를 정확하게 파악을 하는 것이 급선무일 것입니다. 그렇게 차근차근 제가 해외 영업을 담당하게 될 나라에서 최고의 근무를 하는 좋은 직원이 되는 꿈을 가져 보겠습니다. 그게 저의 목표이고 능숙하게 해외 영업을 잘하는 한 사람으로서 기억되고 싶은 것이 저의 욕심입니다.","wordCount":109},"emotion":[],"intent":[{"text":"","expression":"","category":"attitude"}],"summary":{"text":"해외 영업을 담당하게 되면 그 나라에 정서와 문화, 제품 홍보 등 필요한 부분들을 많이 챙겨야 하는 상황이며, 그렇게 해서 최고의 근무를 하는 좋은 직원이 되는 꿈을 가져 보겠습니다. 그것이 저의 목표이고 해외 영업을 잘하는 한 사람으로서 기억되고 싶은 것이 저의 욕심입니다.","wordCount":41}}},"rawDataInfo":{"question":{"fileFormat":"wav","fileSize":445518,"duration":13920,"samplingBit":16,"channelCount":1,"samplingRate":"16kHz","audioPath":"/Mock/02.SalesMarketing/Male/New/ckmk_q_sm_m_n_230740.wav"},"answer":{"fileFormat":"wav","fileSize":3414478,"duration":106700,"samplingBit":16,"channelCount":1,"samplingRate":"16kHz","audioPath":"/Mock/02.SalesMarketing/Male/New/ckmk_a_sm_m_n_230740.wav"}}}