{"version":"1.0","dataSet":{"info":{"date":"20230116","occupation":"SM","channel":"MOCK","place":"ONLINE","gender":"MALE","ageRange":"-34","experience":"NEW"},"question":{"raw":{"text":"회사에 들어와서 일을 하다 보면 현 지역이 아닌 다른 지역에서 업무를 수행하게 될 수도 있습니다 이럴 경우 지원자님께서는 타 지역 근무도 문제 없이 가능하시겠습니까","wordCount":24},"emotion":[],"intent":[]},"answer":{"raw":{"text":"영업인에게 있어서 현장 업무란 직접적으로 발로 뛰는 것이라고 생각을 합니다. 그 과정에서는 불가피하게 타 지역에서도 근무를 해야 된다고 생각을 합니다. 너무 외진 시골이나 아니면은 너무 그 빈도가 잦은 게 아니라면 타 지역 업무를 통해서 어느 정도의 저만의 커리어를 쌓을 수 있고 그 커리어를 기반으로 했을 때 제 인사 고과에도 좋은 긍정적인 영향을 끼칠 수 있을 것이라고 생각합니다. 또한 그것이 반드시 회사가 존속하기 위해서 필요한 것이라면 또한 그것에 대해서 적절한 보상이 이루어지고 저에게 그것에 대한 적절한 보상이 이루어지고 지위가 보장이 된다면 기꺼이 그 일을 맡아서 수행을 해야 된다고 생각을 하고 그것이 이 회사의 소속 이 조직의 소직 조직 조직에 소속이 되어 있는 사람으로서의 필수 라고 생각이 필수 코스라고 생각이 듭니다. 이상입니다. 감사합니다.","wordCount":111},"emotion":[],"intent":[{"text":"","expression":"","category":"attitude"}],"summary":{"text":"영업인에게 현장 업무란 직접 발로 차는 것이며 불가피하게 타 지역에서도 근무를 해야 합니다. 타 지역 업무를 통해 저만의 커리어를 쌓을 수 있고 인사 고과에도 좋은 영향을 끼칠 수 있습니다. 회사의 존속을 위해서 꼭 필요한 것이라면 기꺼이 그 일을 맡아서 수행해야 합니다.","wordCount":41}}},"rawDataInfo":{"question":{"fileFormat":"wav","fileSize":578318,"duration":18070,"samplingBit":16,"channelCount":1,"samplingRate":"16kHz","audioPath":"/Mock/02.SalesMarketing/Male/New/ckmk_q_sm_m_n_185403.wav"},"answer":{"fileFormat":"wav","fileSize":2010318,"duration":62820,"samplingBit":16,"channelCount":1,"samplingRate":"16kHz","audioPath":"/Mock/02.SalesMarketing/Male/New/ckmk_a_sm_m_n_185403.wav"}}}