{"version":"1.0","dataSet":{"info":{"date":"20230116","occupation":"SM","channel":"MOCK","place":"ONLINE","gender":"MALE","ageRange":"-34","experience":"NEW"},"question":{"raw":{"text":"우리 회사가 해외 무대로 진출한다면 어디로 진출하는 것이 좋을까요 그렇게 생각하는 이유도 함께 말씀해 주세요","wordCount":15},"emotion":[],"intent":[]},"answer":{"raw":{"text":"우리 회사가 해외 무대로 진출한다면 미국으로 진출하는 것이 가장 좋습니다. 그 이유는 여러 가지가 있는데요 첫 번째 이유는 미국은 명실상부 세계 최강대국이기 때문입니다. 그래서 미국은 시장이 크고 전 세계에 이목이 집중되어 있습니다. 이런 곳에서 일을 하고 어려움을 헤쳐나가다 보면 회사의 역량도 빠르게 키울 수가 있습니다. 두 번째 이유는 미국 시장에 진출해서 어느 정도의 인정을 받는다면 추후에 남미 유럽 아프리카까지 전세계 어느 곳에도 쉽게 진출할 수 있기 때문입니다. 세계인의 이목이 쏠린 미국 시장에서 성공한다면 다른 시장에도 살아남을 수 있다는 것이 증명된 셈이라 할 수 있는데요. 이처럼 우리 회사가 더 성장하기 위해서는 우선 미국 시장 미국을 노리는 것이 다른 어떤 나라보다도 훨씬 중요합니다.","wordCount":101},"emotion":[],"intent":[{"text":"","expression":"","category":"attitude"}],"summary":{"text":"우리 회사가 더 성장하기 위해서는 우선 미국 시장을 노리는 것이 다른 어떤 나라보다 훨씬 중요합니다. 이유는 미국이 명실상부 세계 최강대국이기 때문이고, 두 번째 이유는 미국 시장에서 인정을 받는다면 추후 남미 유럽 아프리카까지 쉽게 진출할 수 있기 때문입니다.","wordCount":37}}},"rawDataInfo":{"question":{"fileFormat":"wav","fileSize":391758,"duration":12240,"samplingBit":16,"channelCount":1,"samplingRate":"16kHz","audioPath":"/Mock/02.SalesMarketing/Male/New/ckmk_q_sm_m_n_190960.wav"},"answer":{"fileFormat":"wav","fileSize":2896398,"duration":90510,"samplingBit":16,"channelCount":1,"samplingRate":"16kHz","audioPath":"/Mock/02.SalesMarketing/Male/New/ckmk_a_sm_m_n_190960.wav"}}}