{"version":"1.0","dataSet":{"info":{"date":"20230116","occupation":"SM","channel":"MOCK","place":"ONLINE","gender":"MALE","ageRange":"-34","experience":"NEW"},"question":{"raw":{"text":"어 지원자님께서 이제 이전 직장을 그만둔 특별한 이유가 있으신지 궁금합니다 그리고 현재의 직장도 같은 이유로 그만둘 가능성이 있으신가요","wordCount":18},"emotion":[],"intent":[]},"answer":{"raw":{"text":"제가 이전 직장을 그만둔 이유는 바로 기업 문화가 매우 나빴기 때문입니다. 이전 직장은 남들이 보기에 화려한 건물 그리고 높은 기업 인지도 또 좋은 대외 이미지 높은 연봉 그야말로 밖에서 보기엔 모든 것이 완벽한 회사였습니다. 저도 많은 기대를 안고 입사했습니다. 하지만 내부에는 이해할 수 없는 각종 악습들이 많았습니다. 예를 들면 수습 기간이 끝나고 정규 사원이 되면 후배가 선배들에게 백만 원 이상 밥을 사주는 것이 문화였습니다. 게다가 주에 4회 이상 회식을 했고 술을 강요하고 부적절한 지시를 하는 등 기업 문화가 매우 나빴습니다. 그래서 이 직장도 만약 기업 문화가 나쁘다면 당연히 그만둘 가능성이 있습니다. 하지만 이 회사는 기업 문화가 매우 좋다는 소문을 들었습니다.","wordCount":100},"emotion":[],"intent":[{"text":"","expression":"","category":"attitude"}],"summary":{"text":"이전 직장은 겉보기엔 완벽했지만 내부적으로는 이해할 수 없는 각종 악습들이 많았습니다. 만약 이 직장도 기업 문화가 나쁘다면 당연히 그만둘 가능성이 있습니다.","wordCount":21}}},"rawDataInfo":{"question":{"fileFormat":"wav","fileSize":427598,"duration":13360,"samplingBit":16,"channelCount":1,"samplingRate":"16kHz","audioPath":"/Mock/02.SalesMarketing/Male/New/ckmk_q_sm_m_n_197117.wav"},"answer":{"fileFormat":"wav","fileSize":2860878,"duration":89400,"samplingBit":16,"channelCount":1,"samplingRate":"16kHz","audioPath":"/Mock/02.SalesMarketing/Male/New/ckmk_a_sm_m_n_197117.wav"}}}