{"version":"1.0","dataSet":{"info":{"date":"20230116","occupation":"SM","channel":"MOCK","place":"ONLINE","gender":"MALE","ageRange":"-34","experience":"NEW"},"question":{"raw":{"text":"시험 기간 또는 시간이 촉박할 때 지원자님께서는 어떻게 시간 관리를 하십니까 지원자님만의 특별한 시간관리법이 궁금합니다 말씀해 주세요","wordCount":17},"emotion":[],"intent":[]},"answer":{"raw":{"text":"시험 기간 시간이 촉박할 때 저는 잠을 줄이는 방식으로 시간을 관리했습니다. 시간 관리라는 것은 시간에 절대적인 양을 늘린다면 매우 쉬워지는데요. 저는 시험 전날에는 밤을 새면서 공부를 하는 방식으로 시간에 절대적인 양을 늘렸습니다. 물론 이 방식이 지속 가능한 방식은 아닌데요. 왜냐하면 저도 사람인지라 잠을 자지 못하면 컨디션이 떨어지고 또 일상생활에 지장이 있었기 때문입니다. 하지만 적어도 시험 기간에는 카페인에 힘을 빌려 밤을 새가면서 공부를 하고 주말에 잠을 보충하는 방식으로 시험 공부를 했는데요. 이 방식이 나름 효과가 있어서 저는 대학 시절 두 번의 성적 장학금을 받았고 또 친구들에게 항상 공부를 잘하는 친구가 되어서 많은 조언을 해주고 또 공부법을 공유하곤 했습니다.","wordCount":97},"emotion":[],"intent":[{"text":"","expression":"","category":"attitude"}],"summary":{"text":"시험 기간 시간이 촉박할 때 저는 잠을 줄이는 방식으로 시간을 관리했습니다. 시험 전날에는 밤을 새면서 공부를 하는 방식으로 시간에 절대적인 양을 늘렸습니다. 이 방식이 나름 효과가 있어서 두 번의 성적 장학금을 받았고 공부법을 공유하곤 했습니다.","wordCount":35}}},"rawDataInfo":{"question":{"fileFormat":"wav","fileSize":542798,"duration":16960,"samplingBit":16,"channelCount":1,"samplingRate":"16kHz","audioPath":"/Mock/02.SalesMarketing/Male/New/ckmk_q_sm_m_n_180464.wav"},"answer":{"fileFormat":"wav","fileSize":2806478,"duration":87700,"samplingBit":16,"channelCount":1,"samplingRate":"16kHz","audioPath":"/Mock/02.SalesMarketing/Male/New/ckmk_a_sm_m_n_180464.wav"}}}