{"version":"1.0","dataSet":{"info":{"date":"20230116","occupation":"SM","channel":"MOCK","place":"ONLINE","gender":"MALE","ageRange":"-34","experience":"NEW"},"question":{"raw":{"text":"지원자께서는 남들과는 다른 자신만의 경쟁력이 무엇인지 말씀해 주시길 바랍니다 그리고 경쟁력을 키우기 위하여 어떤 노력을 했었는지 함께 말씀해 주시길 바랍니다","wordCount":20},"emotion":[],"intent":[]},"answer":{"raw":{"text":"남들과는 다른 저만의 경쟁력은 바로 영어 실력입니다. 저는 영어에 대해 자신감이 있습니다. 학창 시절부터 영어로 된 드라마를 보면서 주인공들의 대사를 따라 하고 암기했습니다. 또한 영어 노래만 들으면서 영어 가사를 외우고 영어에 대한 감을 익혔습니다. 대학생이 되서는 미국으로 교환 학생을 가서 영어로 수업을 듣고 영어로 일상생활을 하면서 유창한 영어 실력을 가지게 되었습니다. 또한 미국에서 마케팅 기업의 인턴으로 육 개월간 일하면서 영어로 일하고 영어로 문서를 만들었습니다. 또한 한국에 돌아와서는 토익 만점이라는 결과를 얻기도 했습니다. 이처럼 저의 뛰어난 영어 실력이 남들과는 다른 저만의 경쟁력입니다.","wordCount":81},"emotion":[{"text":"대학생이 되서는 미국으로 교환 학생을 가서 영어로 수업을 듣고 영어로 일상생활을 하면서 유창한 영어 실력을 가지게 되었습니다.","expression":"u-fact","category":"neutral"},{"text":"또한 미국에서 마케팅 기업의 인턴으로 육 개월간 일하면서 영어로 일하고 영어로 문서를 만들었습니다.","expression":"u-fact","category":"neutral"},{"text":"또한 한국에 돌아와서는 토익 만점이라는 결과를 얻기도 했습니다.","expression":"u-fact","category":"neutral"}],"intent":[{"text":"대학생이 되서는 미국으로 교환 학생을 가서 영어로 수업을 듣고 영어로 일상생활을 하면서 유창한 영어 실력을 가지게 되었습니다.","expression":"c_private","category":"background"}],"summary":{"text":"저는 영어에 대해 자신감이 있습니다. 대학생이 되어서는 미국으로 교환 학생을 가서 수업을 듣고 영어로 일상생활을 하면서 유창한 영어 실력을 가지게 되었습니다. 그리고 미국에서 마케팅 기업의 인턴으로 일하고 영어로 문서를 만들었습니다.","wordCount":30}}},"rawDataInfo":{"question":{"fileFormat":"wav","fileSize":551758,"duration":17240,"samplingBit":16,"channelCount":1,"samplingRate":"16kHz","audioPath":"/Mock/02.SalesMarketing/Male/New/ckmk_q_sm_m_n_197192.wav"},"answer":{"fileFormat":"wav","fileSize":2561038,"duration":80030,"samplingBit":16,"channelCount":1,"samplingRate":"16kHz","audioPath":"/Mock/02.SalesMarketing/Male/New/ckmk_a_sm_m_n_197192.wav"}}}