{"version":"1.0","dataSet":{"info":{"date":"20230116","occupation":"SM","channel":"MOCK","place":"ONLINE","gender":"MALE","ageRange":"-34","experience":"NEW"},"question":{"raw":{"text":"지원자님이 배달의민족 앱을 사용하시면서 이 해당 서비스에서 아쉬웠던 부분이 있으실까요 만약 아쉬웠던 부분이 있다면 그게 무엇이었는지 말씀해 주세요","wordCount":18},"emotion":[],"intent":[]},"answer":{"raw":{"text":"제가 배달의 민족을 사용하면서 가장 아쉬웠던 부분은 바로 추천 서비스가 부족하다는 것입니다. 저는 배달의 민족을 오 년 동안 사용하면서 정말 많은 주문을 했는데요. 그래서 이런 데이터들을 활용해서 제가 어떤 요일에 어떤 음식을 주로 시켜 먹고 어떤 음식을 가장 좋아하는지 그래서 어떤 음식 어떤 식당을 추천해주고 싶은지 이런 것들이 좀 더 활성화되어 있다면 제가 더 많이 만족도 높게 배달의 민족을 사용했을 거 같습니다. 이런 데이터들을 충분히 활용해서 소비자에게 맞는 좋은 추천을 할 수 있는 역량이 있는 기업이라고 생각합니다. 따라서 배달의 민족이 빠른 시일 내에 이러한 빅데이터를 활용한 일종의 알고리즘을 개발해서 저에게 특정 시간대에 이 음식은 어떠세요 이런 알림을 보내주면서 추천을 해주는 서비스가 있다면 정말 좋을 거 같습니다. 앞으로 충분히 추가될 수 있다고 생각합니다.","wordCount":112},"emotion":[{"text":"제가 배달의 민족을 사용하면서 가장 아쉬웠던 부분은 바로 추천 서비스가 부족하다는 것입니다.","expression":"n-distress","category":"negative"}],"intent":[{"text":"","expression":"","category":"attitude"}],"summary":{"text":"배달의 민족을 사용하면서 추천 서비스가 부족하다는 점이 가장 아쉬웠습니다. 데이터들을 활용해서 소비자에게 맞는 좋은 추천을 할 수 있는 역량이 있는 기업이라고 생각합니다. 따라서 빅데이터를 활용한 알고리즘을 개발해서 추천해주는 서비스가 있다면 좋겠습니다.","wordCount":31}}},"rawDataInfo":{"question":{"fileFormat":"wav","fileSize":589518,"duration":18420,"samplingBit":16,"channelCount":1,"samplingRate":"16kHz","audioPath":"/Mock/02.SalesMarketing/Male/New/ckmk_q_sm_m_n_180627.wav"},"answer":{"fileFormat":"wav","fileSize":2867918,"duration":89620,"samplingBit":16,"channelCount":1,"samplingRate":"16kHz","audioPath":"/Mock/02.SalesMarketing/Male/New/ckmk_a_sm_m_n_180627.wav"}}}