{"version":"1.0","dataSet":{"info":{"date":"20230116","occupation":"SM","channel":"MOCK","place":"ONLINE","gender":"MALE","ageRange":"35-44","experience":"NEW"},"question":{"raw":{"text":"본인은 어떤 문제에 부딪쳤을 때 혼자 해결하는 편인가요 아니면 여러 사람들에게 이야기를 하는 편인가요","wordCount":14},"emotion":[],"intent":[]},"answer":{"raw":{"text":"어떤 문제에 부딪쳤을 때 혼자 해결을 하는 편인지 아니면 여러 사람들에게 이야기를 하는 편인지 질문을 하셨습니다. 어떤 문제인지에 따라 당연히 나뉠 것입니다. 혼자 해결할 수 있는 일인지 혼자 해결할 수 없는 일인지에 따라 구별이 되는 것은 당연한 일입니다. 그중 어 예를 들어 긍정적인 문제 부분은 저는 다른 사람들에게 이야기를 하여 좀 더 편하게 해결을 할 수 있도록 노력을 하고 부정적인 저의 이미지를 악화시킬 수 있는 그런 문제가 생긴다면 혼자서 최선을 다해서 해결을 해 보려고 할 것입니다. 그렇기 때문에 이 문제에 대한 정답은 개개인 성격에 따라 조금씩은 다르겠지만 저는 저한테 있어 제 이미지도 중요하기 때문에 긍정적인지 부정적인지 그 문제부터 파악을 합니다. 그리고 그 문제가 혼자서도 충분히 해결할 수 있는 그러한 상황이라면 가급적 혼자 해결하도록 노력을 하는 편입니다.","wordCount":116},"emotion":[],"intent":[{"text":"","expression":"","category":"attitude"}],"summary":{"text":"문제의 성격에 따라 당연히 나뉠 것입니다. 긍정적인 문제 부분은 다른 사람들에게 이야기를 하여 편하게 해결을 할 수 있도록 노력을 하고 부정적인 이미지의 악화는 혼자서 최선을 다해서 해결을 해 보려고 할 것입니다.","wordCount":31}}},"rawDataInfo":{"question":{"fileFormat":"wav","fileSize":271438,"duration":8480,"samplingBit":16,"channelCount":1,"samplingRate":"16kHz","audioPath":"/Mock/02.SalesMarketing/Male/New/ckmk_q_sm_m_n_196816.wav"},"answer":{"fileFormat":"wav","fileSize":2852238,"duration":89130,"samplingBit":16,"channelCount":1,"samplingRate":"16kHz","audioPath":"/Mock/02.SalesMarketing/Male/New/ckmk_a_sm_m_n_196816.wav"}}}