{"version":"1.0","dataSet":{"info":{"date":"20230116","occupation":"SM","channel":"MOCK","place":"ONLINE","gender":"MALE","ageRange":"-34","experience":"NEW"},"question":{"raw":{"text":"본인이 해외 영업에 관심이 생기게 된 계기는 무엇입니까","wordCount":8},"emotion":[],"intent":[]},"answer":{"raw":{"text":"제가 해외 영업 파트에 지원을 한 이유는 프랑스 교환 학생 시절 국내 기업들의 프랑스 진출을 목격했기 때문입니다. 저는 학창 시절 프랑스 문화에 관심이 생겨 프랑스 보루도로 교환 학생을 갔었습니다. 그때 프랑스라는 먼 나라에는 우리나라 제품이 없을 것이라고 생각했는데요. 이것은 저의 착각이었습니다. 삼성 티비 엘지 세탁기 등등 프랑스 사람들에 삶 속에는 국내 제품들 국내 음악들 다양한 국내 서비스들이 그들에게도 있었습니다. 이런 광경을 목격하면서 내가 속한 회사에서 이렇게 먼 나라로 우리 회사의 제품을 알리게 된다면 큰 성취감을 느낄 수 있겠구나 이런 생각을 했습니다. 그래서 외국어 공부를 열심히 하고 해외 영업에서 일해 보고 싶다고 다짐했었습니다.","wordCount":92},"emotion":[{"text":"저는 학창 시절 프랑스 문화에 관심이 생겨 프랑스 보루도로 교환 학생을 갔었습니다.","expression":"u-fact","category":"neutral"}],"intent":[{"text":"저는 학창 시절 프랑스 문화에 관심이 생겨 프랑스 보루도로 교환 학생을 갔었습니다.","expression":"c_private","category":"background"}],"summary":{"text":"프랑스 교환 학생 시절 국내 기업의 프랑스 진출을 목격했기 때문에 해외 영업 파트에 지원을 했습니다. 당시에는 프랑스에 우리나라 제품이 없을 것이라고 생각했으나, 실제 프랑스 사람들의 삶 속에는 국내 제품들이 있었습니다. 내가 속한 회사 제품을 알리게 된다면 큰 성취감을 느낄 수 있겠구나 라는 생각에 해외 영업에서 일해 보고 싶다고 다짐했습니다.","wordCount":49}}},"rawDataInfo":{"question":{"fileFormat":"wav","fileSize":227918,"duration":7120,"samplingBit":16,"channelCount":1,"samplingRate":"16kHz","audioPath":"/Mock/02.SalesMarketing/Male/New/ckmk_q_sm_m_n_190427.wav"},"answer":{"fileFormat":"wav","fileSize":2791438,"duration":87230,"samplingBit":16,"channelCount":1,"samplingRate":"16kHz","audioPath":"/Mock/02.SalesMarketing/Male/New/ckmk_a_sm_m_n_190427.wav"}}}