{"version":"1.0","dataSet":{"info":{"date":"20230116","occupation":"SM","channel":"MOCK","place":"ONLINE","gender":"MALE","ageRange":"35-44","experience":"NEW"},"question":{"raw":{"text":"회사에 들어와서 선배를 만나게 되는 경우가 많은데요 지원자님께서 이제 선배를 만나게 된다면 개인적으로 어떤 모습의 선배를 만나고 싶으신가요 그리고 그러한 이유도 함께 말씀해 주시길 바랍니다","wordCount":25},"emotion":[],"intent":[]},"answer":{"raw":{"text":"회사에 입사하여 선배를 만나게 된다면 어떤 모습에 선배를 만나고 싶은지 이유도 같이 물어보셨습니다. 선배라 함은 아무래도 저보다 먼저 입사를 하여 회사 생활이나 모든 다방면으로 저보다는 경력이 많고 조금 더 능숙한 그런 분들이 되겠습니다 그렇다면 좋은 선배는 후배들을 잘 챙겨주고 잘 지도해 주고 모르는 부분을 잘 설명해 주고 후배의 더 나은 직장 생활을 위해 뒤에서 밀어줄 수 있는 도움이 되는 선배가 아무래도 가장 이상적이고 좋은 선배가 아닐까 생각을 해봅니다. 후배를 존중해 주고 그 능력을 그 가치를 인정할 줄 알며 자신의 노하우를 잘 전수해 주고 그동안 겪어 오면서 자신도 느꼈었던 단점은 잘 개선할 수 있는 방법을 가르쳐 주고 그리고 회사 내의 여러 가지 돌아가는 제반 사정 등을 쉽게 잘 설명해 주는 그런 선배가 제가 입사하게 된다면 꼭 한 번 만나고 싶은 선배다 라고 말씀드릴 수 있겠습니다.","wordCount":124},"emotion":[],"intent":[{"text":"","expression":"","category":"attitude"}],"summary":{"text":"회사 생활에 경력이 더 많은 선배를 만나고 싶은 이유도 같이 물어봤습니다. 좋은 선배는 후배를 잘 챙겨주고 잘 지도해 주고 모르는 부분을 잘 설명해 주고 더 나은 직장 생활을 위해 뒤에서 밀어줄 수 있는 선배가 가장 이상적이고 좋은 선배가 아닐까 생각합니다.","wordCount":40}}},"rawDataInfo":{"question":{"fileFormat":"wav","fileSize":561998,"duration":17560,"samplingBit":16,"channelCount":1,"samplingRate":"16kHz","audioPath":"/Mock/02.SalesMarketing/Male/New/ckmk_q_sm_m_n_230738.wav"},"answer":{"fileFormat":"wav","fileSize":3742158,"duration":116940,"samplingBit":16,"channelCount":1,"samplingRate":"16kHz","audioPath":"/Mock/02.SalesMarketing/Male/New/ckmk_a_sm_m_n_230738.wav"}}}