{"version":"1.0","dataSet":{"info":{"date":"20230116","occupation":"SM","channel":"MOCK","place":"ONLINE","gender":"MALE","ageRange":"-34","experience":"NEW"},"question":{"raw":{"text":"지원자께서 만약 해외에 파견 근무를 나가게 되는 상황이 발생한다면 어느 나라에서 근무를 하고 싶은지 말씀해 주시길 바랍니다 그 이유도 함께 설명해 주시길 바랍니다","wordCount":23},"emotion":[],"intent":[]},"answer":{"raw":{"text":"해외의 파견 근무를 간다면 저는 미국에서 일하고 싶습니다. 그 이유는 여러 가지가 있는데요. 먼저 미국은 명실상부 세계 최강대국으로 세계 최고의 시장을 가진 곳이기 때문입니다. 그래서 미국에서 일을 하면 빠른 시일 내에 저의 업무적인 역량을 향상시킬 수 있을 것이라 확신하기 때문입니다. 그리고 미국 시장에 진출해서 어느 정도 인정을 받게 된다면 유럽이나 남미 또는 아프리카까지 다른 나라로 쉽게 진출할 수 있다고 생각하기 때문입니다. 세계 최고의 시장인 미국에서 인정을 받았다는 것은 어느 시장에 가도 살아남을 수 있는 경쟁력 있는 회사라는 뜻인데요. 따라서 미국을 발판 삼아 또 다른 세계로 영역을 넓히고 싶기 때문입니다. 다음 이유는 저의 삼촌이 미국에 살고 있기 때문에 미국에서 일하면 심리적인 안정감이 있는 상태로 일에 집중할 수 있다고 생각하기 때문입니다.","wordCount":109},"emotion":[],"intent":[{"text":"","expression":"","category":"attitude"}],"summary":{"text":"세계 최고의 시장인 미국에서 일하면 빠른 시일 내에 업무적인 역량을 향상시킬 수 있을 것이라고 확신합니다. 그리고 미국 시장에서 인정을 받으면 유럽이나 남미 또는 아프리카까지 다른 나라로 쉽게 진출할 수 있다고 생각합니다.","wordCount":31}}},"rawDataInfo":{"question":{"fileFormat":"wav","fileSize":551758,"duration":17240,"samplingBit":16,"channelCount":1,"samplingRate":"16kHz","audioPath":"/Mock/02.SalesMarketing/Male/New/ckmk_q_sm_m_n_181165.wav"},"answer":{"fileFormat":"wav","fileSize":2890318,"duration":90320,"samplingBit":16,"channelCount":1,"samplingRate":"16kHz","audioPath":"/Mock/02.SalesMarketing/Male/New/ckmk_a_sm_m_n_181165.wav"}}}