{"version":"1.0","dataSet":{"info":{"date":"20230116","occupation":"SM","channel":"MOCK","place":"ONLINE","gender":"MALE","ageRange":"-34","experience":"NEW"},"question":{"raw":{"text":"지원자님께서는 지금까지 살아오시면서 가장 힘들었던 경험이 있으셨나요 그렇다면 그것을 어떻게 극복하셨는지에 대해서도 말씀을 부탁드립니다","wordCount":14},"emotion":[],"intent":[]},"answer":{"raw":{"text":"지금까지 살아오면서 제가 겪었던 가장 힘들었던 경험은 바로 이전 직장을 다녔던 경험입니다. 이전 직장은 이름을 대면 누구나 알 만큼의 인지도 또 또래에 비해서 높은 연봉 이러한 장점들이 있었지만 단점이 매우 컸습니다. 바로 보수적이고 폐쇄적인 기업 문화였는데요. 예를 들면 후배가 첫 월급을 받으면 백만 원 이상을 쓰면서 선배들에게 밥과 술을 대접하는 문화가 있었습니다. 또 직장 상사를 직접 운전해서 집에 데려다 주거나 같이 저녁 식사를 하는 등의 악습도 있었습니다. 그래서 제가 좋아하는 일이었지만 이러한 기업 문화에 더 이상 견딜 수가 없어서 퇴사를 결심했고 이것이 제가 가장 힘들었던 경험이었습니다.","wordCount":86},"emotion":[],"intent":[{"text":"","expression":"","category":"attitude"}],"summary":{"text":"이전 직장의 단점은 보수적이고 폐쇄적인 기업 문화였습니다. 예를 들어 후배가 첫 월급을 받으면 선배들에게 밥과 술을 대접하는 문화가 있었습니다. 이런 기업 문화에 더 이상 견딜 수가 없어서 퇴사를 결심했습니다.","wordCount":29}}},"rawDataInfo":{"question":{"fileFormat":"wav","fileSize":478158,"duration":14940,"samplingBit":16,"channelCount":1,"samplingRate":"16kHz","audioPath":"/Mock/02.SalesMarketing/Male/New/ckmk_q_sm_m_n_190716.wav"},"answer":{"fileFormat":"wav","fileSize":2765198,"duration":86410,"samplingBit":16,"channelCount":1,"samplingRate":"16kHz","audioPath":"/Mock/02.SalesMarketing/Male/New/ckmk_a_sm_m_n_190716.wav"}}}