{"version":"1.0","dataSet":{"info":{"date":"20230116","occupation":"SM","channel":"MOCK","place":"ONLINE","gender":"MALE","ageRange":"-34","experience":"NEW"},"question":{"raw":{"text":"일을 하다 보면 여러 가지 트러블이 생길 수 있습니다 만약 상사와 트러블이 생긴다면 어떻게 하시겠습니까 또 상사가 지원자님을 혼낸다면 혹시 기분이 나쁘시지는 않을까요","wordCount":23},"emotion":[],"intent":[]},"answer":{"raw":{"text":"일을 하다 보면 상사와 트러블이 생길 수 있습니다. 그렇다고 해서 기분이 나쁠 것 같지는 않은데요. 왜냐하면 상사는 저보다 경험이 많고 저의 역량과 적성에 대해서 잘 알고 있기 때문에 저를 더 성장시키기 위해서 저를 혼낸다고 생각하기 때문입니다. 하지만 상사와 지속적인 트러블이 생기고 그것이 제가 아무리 생각해도 저의 발전보다는 저를 인간적으로 싫어해서 저에게 계속 혼을 내시는 거라면 그때는 상사와 면담을 통해 어떤 부분에서 저에게 불만이 있으신지 파악하고 그 부분을 집중적으로 고치겠습니다. 하지만 객관적으로 저를 괴롭히는 정도의 행동을 지속적으로 한다면 그때는 회사를 그만둘 것 같습니다.","wordCount":82},"emotion":[],"intent":[{"text":"","expression":"","category":"attitude"}],"summary":{"text":"상사와 트러블이 생기면 기분이 나쁠 것 같지는 않습니다. 하지만 상사가 계속 저를 싫어해서 계속 혼을 내시는 거라면 면담을 통해 어떤 부분에서 불만이 있는지 파악하고 그 부분을 집중적으로 고치겠습니다. 하지만 지속적으로 그러면 회사를 그만둘 것 같습니다.","wordCount":35}}},"rawDataInfo":{"question":{"fileFormat":"wav","fileSize":602958,"duration":18840,"samplingBit":16,"channelCount":1,"samplingRate":"16kHz","audioPath":"/Mock/02.SalesMarketing/Male/New/ckmk_q_sm_m_n_203604.wav"},"answer":{"fileFormat":"wav","fileSize":2400718,"duration":75020,"samplingBit":16,"channelCount":1,"samplingRate":"16kHz","audioPath":"/Mock/02.SalesMarketing/Male/New/ckmk_a_sm_m_n_203604.wav"}}}