{"version":"1.0","dataSet":{"info":{"date":"20230116","occupation":"SM","channel":"MOCK","place":"ONLINE","gender":"MALE","ageRange":"35-44","experience":"NEW"},"question":{"raw":{"text":"본인이 창의적으로 어떤 문제를 해결한 경험이 있으신가요 있다면 그 과정을 최대한 자세하게 설명 부탁드리겠습니다","wordCount":14},"emotion":[],"intent":[]},"answer":{"raw":{"text":"본인이 창의적으로 어떤 문제를 해결한 경험이 있는지 그 과정을 최대한 자세하게 설명해 달라고 하셨습니다. 예전에 업무를 추진하면서 대형 어 그림이 하나 필요한 상황이었습니다. 벽에 부착을 해야 되는 아주 큰 사이즈의 프린팅이 필요하였는데 생각보다 대형 인쇄는 비용도 많이 들고 그렇게 비용을 투자하면서까지 진행해야 될 정도로 중한 작업은 아니었습니다. 그래서 제가 창의적으로 구상을 하여 프린터로 그 대형 그림을 제작해 보고자 노력을 하였습니다. 그림을 에이 포 용지 밖에 되지 않는 프린터로 서른 두 장으로 분할하여 벽에 한 장씩 다시 퍼즐 맞추듯이 붙여서 대형 그림을 완성했던 기억이 있습니다. 아주 힘들고 고된 작업이었습니다.","wordCount":88},"emotion":[],"intent":[{"text":"","expression":"","category":"attitude"}],"summary":{"text":"프린터로 대형 그림을 제작해 보고자 노력을 하였습니다. 그림을 서른 두 장으로 분할하여 벽에 한 장씩 다시 퍼즐 맞추듯이 붙여서 대형 그림을 완성했던 기억이 있습니다. 아주 힘들고 고된 작업이었습니다.","wordCount":28}}},"rawDataInfo":{"question":{"fileFormat":"wav","fileSize":312398,"duration":9760,"samplingBit":16,"channelCount":1,"samplingRate":"16kHz","audioPath":"/Mock/02.SalesMarketing/Male/New/ckmk_q_sm_m_n_190703.wav"},"answer":{"fileFormat":"wav","fileSize":2819918,"duration":88120,"samplingBit":16,"channelCount":1,"samplingRate":"16kHz","audioPath":"/Mock/02.SalesMarketing/Male/New/ckmk_a_sm_m_n_190703.wav"}}}