{"version":"1.0","dataSet":{"info":{"date":"20230116","occupation":"SM","channel":"MOCK","place":"ONLINE","gender":"MALE","ageRange":"-34","experience":"NEW"},"question":{"raw":{"text":"일을 하다 보면 영어로 서류를 작성해야 할 일이 생길 수도 있습니다 지원자님은 이런 영어 서류 작성에 어려움 없이 진행하실 수 있나요","wordCount":21},"emotion":[],"intent":[]},"answer":{"raw":{"text":"저는 영어로 서류를 작성하는데 매우 자신 있습니다. 왜냐하면 저는 어린 시절부터 꾸준히 영어를 공부했기 때문입니다. 학창 시절 저는 영어 드라마 영어 영화들을 보면서 항상 주인공의 대사를 따라 하고 외웠습니다. 또한 영어 노래들을 들으면서 가사를 외우고 그 뜻을 해석하면서 놀았습니다. 대학 시절에는 미국으로 일 년간 교환 학생을 가면서 현지에서 영어로 친구를 사귀고 영어로 수업을 듣고 영어로 과제를 하면서 한층 더 영어 실력을 키웠습니다. 게다가 대학을 졸업하고 한 외국계 마케팅 기업에서 영어로 회의를 하고 영어로 각종 문서들을 만들면서 영어로 서류를 작성하는 방법도 배우고 또 익혔습니다. 그래서 저는 영어로 모든 것을 다 할 수 있는 인재입니다.","wordCount":93},"emotion":[{"text":"대학 시절에는 미국으로 일 년간 교환 학생을 가면서 현지에서 영어로 친구를 사귀고 영어로 수업을 듣고 영어로 과제를 하면서 한층 더 영어 실력을 키웠습니다.","expression":"u-fact","category":"neutral"},{"text":"게다가 대학을 졸업하고 한 외국계 마케팅 기업에서 영어로 회의를 하고 영어로 각종 문서들을 만들면서 영어로 서류를 작성하는 방법도 배우고 또 익혔습니다.","expression":"u-fact","category":"neutral"}],"intent":[{"text":"대학 시절에는 미국으로 일 년간 교환 학생을 가면서 현지에서 영어로 친구를 사귀고 영어로 수업을 듣고 영어로 과제를 하면서 한층 더 영어 실력을 키웠습니다.","expression":"c_private","category":"background"}],"summary":{"text":"저는 어린 시절부터 영어를 꾸준히 공부했기 때문에 영어로 서류를 작성하는데 매우 자신 있습니다. 그래서 저는 영어로 모든 것을 다 할 수 있는 인재입니다.","wordCount":23}}},"rawDataInfo":{"question":{"fileFormat":"wav","fileSize":587598,"duration":18360,"samplingBit":16,"channelCount":1,"samplingRate":"16kHz","audioPath":"/Mock/02.SalesMarketing/Male/New/ckmk_q_sm_m_n_197116.wav"},"answer":{"fileFormat":"wav","fileSize":2805518,"duration":87670,"samplingBit":16,"channelCount":1,"samplingRate":"16kHz","audioPath":"/Mock/02.SalesMarketing/Male/New/ckmk_a_sm_m_n_197116.wav"}}}