{"version":"1.0","dataSet":{"info":{"date":"20230116","occupation":"SM","channel":"MOCK","place":"ONLINE","gender":"MALE","ageRange":"-34","experience":"NEW"},"question":{"raw":{"text":"이전 직장을 그만두셨던 특별한 이유가 있었나요 그렇다면 현재 직장의 경우 같은 이유로 그만둘 가능성이 있다고 생각하시나요","wordCount":16},"emotion":[],"intent":[]},"answer":{"raw":{"text":"제가 다니고 있던 그 건물이 저희가 다니고 있던 그 회사의 건물이 다른 곳으로 넘어가게 되었습니다. 그래서 회사가 전체 회사 안에 있는 그런 어떤 온갖 기자재들과 생산 장비들이 다른 곳으로 이사를 할 수밖에 없었습니다. 그런데 가까운 곳으로 이동해 이동 이사를 했었으면 상관이 없는데 너무나 먼 곳으로 이사를 가게 되었기 때문에 한 시간 반이었던 제 어 출퇴근 시간이 거의 두 시간이 넘어가는 곳으로 이사를 가게 되었습니다. 그렇게 먼 두 시간 동안에 출퇴근 거리 합쳐서 출퇴근 합치면 네 시간이나 되는 그런 거리를 저는 다닐 수가 없었습니다. 그것이 바로 제가 직장을 전에 직장을 그만둘 수밖에 없었던 이유고 그렇기 때문에 저는 저의 집과 가까운 이곳으로 이곳으로 다니고자 합니다. 이 직장도 다른 곳으로 이사를 가게 된다면 어 저는 마찬가지로 그만 둘 수도 있을 것 같습니다.","wordCount":119},"emotion":[],"intent":[{"text":"","expression":"","category":"attitude"}],"summary":{"text":"회사 건물이 다른 곳으로 넘어가 기자재와 생산 장비들이 다른 곳으로 이사를 가면서 한 시간 반이던 출퇴근 시간이 거의 두 시간 넘어가는 곳으로 이사를 가게 되었습니다. 그렇게 먼 거리를 다닐 수 없어서 직장을 전에 그만둘 수밖에 없었고, 이것이 바로 퇴사 이유입니다. 다른 곳으로 이사가면 그만 둘 수도 있을 것 같습니다.","wordCount":49}}},"rawDataInfo":{"question":{"fileFormat":"wav","fileSize":625038,"duration":19530,"samplingBit":16,"channelCount":1,"samplingRate":"16kHz","audioPath":"/Mock/02.SalesMarketing/Male/New/ckmk_q_sm_m_n_193707.wav"},"answer":{"fileFormat":"wav","fileSize":2697038,"duration":84280,"samplingBit":16,"channelCount":1,"samplingRate":"16kHz","audioPath":"/Mock/02.SalesMarketing/Male/New/ckmk_a_sm_m_n_193707.wav"}}}