{"version":"1.0","dataSet":{"info":{"date":"20230116","occupation":"SM","channel":"MOCK","place":"ONLINE","gender":"MALE","ageRange":"-34","experience":"NEW"},"question":{"raw":{"text":"영업의 관점에서 커스터머 서비스인 씨에스 이것에 대해서 어 설명을 좀 해주시고 그리고 어떠한 씨에스가 좋은 씨에스일지 이것에 대해 생각도 말씀해 주세요","wordCount":21},"emotion":[],"intent":[]},"answer":{"raw":{"text":"영업의 관점에서 좋은 커스터머 서비스란 바로 시간과 공간의 제약이 없는 씨에스입니다. 왜냐하면 영업을 할 때 지금 당장 우리 회사의 제품이나 서비스의 강점뿐만 아니라 미래에도 우리 제품이나 서비스가 매우 유용할 것이라는 것을 설명할 때는 씨에스에 대해서도 꼭 이야기를 해야 합니다. 따라서 좋은 씨에스를 가진 제품을 영업하기 훨씬 쉽고 또 고가의 제품일수록 씨에스가 가지는 영향력도 어마어마합니다. 그래서 어떤 시간에도 어떤 장소에도 제품에 문제를 해결하고 서비스의 품질을 복구시킬 수 있다면 가장 좋습니다. 예를 들면 전국 각지에 서비스 센터가 있거나 혹은 전화를 하면 즉시 달려와서 제품이나 서비스를 고쳐주는 것 등이 그 예시입니다.","wordCount":88},"emotion":[],"intent":[{"text":"","expression":"","category":"attitude"}],"summary":{"text":"영업의 관점에서 좋은 커스터머 서비스란 시간과 공간의 제약이 없는 씨에스입니다. 시간에 상관없이 제품에 문제를 해결하고 서비스의 품질을 복구시킬 수 있다면 가장 좋습니다.","wordCount":22}}},"rawDataInfo":{"question":{"fileFormat":"wav","fileSize":519758,"duration":16239,"samplingBit":16,"channelCount":1,"samplingRate":"16kHz","audioPath":"/Mock/02.SalesMarketing/Male/New/ckmk_q_sm_m_n_190714.wav"},"answer":{"fileFormat":"wav","fileSize":2892238,"duration":90380,"samplingBit":16,"channelCount":1,"samplingRate":"16kHz","audioPath":"/Mock/02.SalesMarketing/Male/New/ckmk_a_sm_m_n_190714.wav"}}}