{"version":"1.0","dataSet":{"info":{"date":"20230116","occupation":"SM","channel":"MOCK","place":"ONLINE","gender":"MALE","ageRange":"-34","experience":"NEW"},"question":{"raw":{"text":"일을 하다 보면 상사와 트러블이 생길 수 있습니다 어 이렇게 트러블이 발생하는 순간 어떻게 하실 건가요 또 상사가 혼을 내면 기분이 나쁘시진 않을지 궁금합니다","wordCount":24},"emotion":[],"intent":[]},"answer":{"raw":{"text":"일을 하다 보면 상사와 트러블이 생길 수 있습니다. 그러면 상사가 혼을 내게 되는데요 그렇다고 해서 제가 기분이 나쁠 꺼 같진 않습니다. 왜냐하면 상사는 저보다 경험이 많고 더 많은 사례를 겪었기 때문에 저와 사고방식이 다를 때는 상사의 방식이 맞는 경우가 많습니다. 그렇기 때문에 배운다는 자세로 겸허히 혼날 준비가 되어 있습니다. 그렇게 해서라도 저의 역량과 커리어가 발전한다면 저는 매우 기쁠 것 같습니다. 이전 직장에서 저를 많이 혼냈던 상사가 있는데요. 이전 직장을 그만둘 때 가장 기억에 남고 가장 고마운 사람은 바로 그 상사였습니다. 왜냐하면 그 상사 덕분에 저는 연차에 비해서 정말 많은 것들을 할 수 있고 또 많은 것들을 볼 수 있는 시야를 가질 수 있었기 때문입니다. 이처럼 상사가 저를 혼낸다고 해서 무작정 기분이 나쁜 그런 사람은 아닙니다.","wordCount":115},"emotion":[{"text":"이전 직장을 그만둘 때 가장 기억에 남고 가장 고마운 사람은 바로 그 상사였습니다.","expression":"p-gratitude","category":"positive"}],"intent":[{"text":"","expression":"","category":"attitude"}],"summary":{"text":"일을 하다 보면 상사와 트러블이 생길 수 있는데, 상사는 저보다 경험이 많고 많은 사례를 겪었기 때문에 저와 사고방식이 다를 때는 상사의 방식이 맞는 경우가 많습니다. 따라서 배운다는 자세로 혼날 준비가 되어 있습니다. 상사 덕분에 많은 것들을 할 수 있었습니다.","wordCount":39}}},"rawDataInfo":{"question":{"fileFormat":"wav","fileSize":480078,"duration":15000,"samplingBit":16,"channelCount":1,"samplingRate":"16kHz","audioPath":"/Mock/02.SalesMarketing/Male/New/ckmk_q_sm_m_n_190889.wav"},"answer":{"fileFormat":"wav","fileSize":2733198,"duration":85410,"samplingBit":16,"channelCount":1,"samplingRate":"16kHz","audioPath":"/Mock/02.SalesMarketing/Male/New/ckmk_a_sm_m_n_190889.wav"}}}