{"version":"1.0","dataSet":{"info":{"date":"20230116","occupation":"SM","channel":"MOCK","place":"ONLINE","gender":"MALE","ageRange":"-34","experience":"NEW"},"question":{"raw":{"text":"예상했던 업무 내용이나 강도가 실제와 다르다면 어떻게 하실 건가요","wordCount":9},"emotion":[],"intent":[]},"answer":{"raw":{"text":"옥상으로 올라가서 하늘을 한번 쳐다볼 것 같습니다. 하늘을 쳐다보면 하늘에 떠 있는 수많은 구름 구름과 그 사이로 비치는 햇살 그런 것들을 보면서 기분을 정화시킬 것 같습니다. 높이서 보면 인간은 매우 작은 점 하나에 지나지 않습니다. 이런 작은 존재가 어떤 일을 해 나간다는 것이 매우 의미 있는 일 아니겠습니까. 그런데 업무 강도가 조금 세다고 해서 예상했던 것보다 조금 세다고 해서 그것에 좌절할 시간은 우리 인간에게는 없습니다. 왜냐하면 내가 예상한 것이기 때문입니다. 인간에 예상은 언제나 어리석을 수밖에 없습니다. 왜냐하면 인간은 너무나 작은 점 하나에 불과하지 않기 때문입니다. 그렇기 때문에 저는 밖에 나가서 하늘을 한번 쳐다보겠습니다.","wordCount":93},"emotion":[],"intent":[{"text":"","expression":"","category":"attitude"}],"summary":{"text":"업무 강도가 조금 세다고 해서 좌절할 시간은 인간에게는 없습니다. 인간은 너무나 작은 점 하나에 불과하기 때문입니다. 그렇기 때문에 저는 밖에서 하늘을 한번 보도록 하겠습니다.","wordCount":24}}},"rawDataInfo":{"question":{"fileFormat":"wav","fileSize":239438,"duration":7480,"samplingBit":16,"channelCount":1,"samplingRate":"16kHz","audioPath":"/Mock/02.SalesMarketing/Male/New/ckmk_q_sm_m_n_194493.wav"},"answer":{"fileFormat":"wav","fileSize":2544718,"duration":79520,"samplingBit":16,"channelCount":1,"samplingRate":"16kHz","audioPath":"/Mock/02.SalesMarketing/Male/New/ckmk_a_sm_m_n_194493.wav"}}}