{"version":"1.0","dataSet":{"info":{"date":"20230116","occupation":"SM","channel":"MOCK","place":"ONLINE","gender":"MALE","ageRange":"-34","experience":"NEW"},"question":{"raw":{"text":"대외 활동 같은 걸 해 보셨다면 거기서 뭘 배웠고 어떤 자세로 임하셨는지 거기에 대한 경험을 한번만 말씀해 주시기 바랍니다","wordCount":19},"emotion":[],"intent":[]},"answer":{"raw":{"text":"저는 지금까지 여러 대외 활동을 해봤는데요. 그중에서 가장 감명 깊었고 또 인상 깊었던 것은 바로 대학 시절 외국인 유학생의 한국 적응을 도왔던 대외 활동이었습니다. 저는 당시 오스트리아에서 온 한 여학생을 담당해서 함께 경복궁에 가고 광장 시장에 가서 맛있는 음식들을 먹으며 여러 가지 질문을 하고 소통하고 친해졌는데요. 당시 저는 비록 영어가 유창하지는 못했지만 그 학생과 진심으로 교감하고 있다는 것을 느꼈습니다. 그런 경험을 통해 사람과 사람이 소통하는 데는 언어만큼이나 진심이 중요하다는 것을 깨닫게 되었습니다. 그 외국인 유학생이 다시 오스트리아로 돌아가는 날까지 정말 깊은 우정을 나눴습니다. 이런 경험을 통해 항상 긍정적인 자세로 사람들과 소통하고 진심을 전하면 정말 깊은 관계가 될 수 있다는 것을 배웠습니다. 이런 경험을 통해 회사에서 어떤 사람과 소통하더라도 좋은 관계를 만들 자신이 있습니다.","wordCount":113},"emotion":[{"text":"저는 당시 오스트리아에서 온 한 여학생을 담당해서 함께 경복궁에 가고   광장 시장에 가서 맛있는 음식들을 먹으며 여러 가지   질문을 하고 소통하고 친해졌는데요.","expression":"p-affection","category":"positive"}],"intent":[{"text":"저는 당시 오스트리아에서 온 한 여학생을 담당해서 함께 경복궁에 가고   광장 시장에 가서 맛있는 음식들을 먹으며 여러 가지   질문을 하고 소통하고 친해졌는데요.","expression":"s_intp","category":"attitude"},{"text":"당시 저는 비록   영어가 유창하지는 못했지만 그 학생과 진심으로 교감하고 있다는 것을 느꼈습니다.","expression":"s_intp","category":"attitude"},{"text":"이런 경험을 통해 항상 긍정적인 자세로   사람들과 소통하고 진심을 전하면 정말 깊은 관계가 될 수 있다는 것을 배웠습니다.","expression":"s_intp","category":"attitude"}],"summary":{"text":"대학 시절 외국인 유학생의 한국 적응을 도왔던 대외 활동에서 진심으로 교감하고 있다는 것을 느꼈습니다. 이런 경험을 통해 긍정적인 자세로 사람들과 소통하고 진심을 전하면 좋은 관계를 만들 자신이 있습니다.","wordCount":28}}},"rawDataInfo":{"question":{"fileFormat":"wav","fileSize":355278,"duration":11100,"samplingBit":16,"channelCount":1,"samplingRate":"16kHz","audioPath":"/Mock/02.SalesMarketing/Male/New/ckmk_q_sm_m_n_180761.wav"},"answer":{"fileFormat":"wav","fileSize":2800718,"duration":87520,"samplingBit":16,"channelCount":1,"samplingRate":"16kHz","audioPath":"/Mock/02.SalesMarketing/Male/New/ckmk_a_sm_m_n_180761.wav"}}}