{"version":"1.0","dataSet":{"info":{"date":"20230116","occupation":"SM","channel":"MOCK","place":"ONLINE","gender":"MALE","ageRange":"-34","experience":"NEW"},"question":{"raw":{"text":"어 만약 지원자님께서 이 직무에 지원을 하셨지만 어 다른 부서에 배치가 되실 수도 있으신데요 어 그렇게 한다면 어떻게 대처를 하실 건가요 그래도 괜찮으신가요","wordCount":23},"emotion":[],"intent":[]},"answer":{"raw":{"text":"저는 현재 영업 판매 직무에 지원을 하였습니다. 그런데 만약에 제가 영업 판매 관련 부서가 아닌 기술 관련 부서에 배치가 되었다고 가정을 해 보겠습니다. 저는 전기 기계 관련 학과를 졸업했기 때문에 그런 업무가 와도 저는 호환이 굉장히 잘 됩니다. 알엔디 관련 업무를 보더라도 캐드 파일을 직접 다루면서 설계를 하고 물건을 만들어 보고 초중물 체크를 해 가면서 무언가를 개발하는 것에 대해서도 굉장히 관심이 많습니다. 그리고 만약에 제가 경영 사무 관련 직무를 얻게 되더라도 재미있을 것 같습니다. 민원인을 만나게 되는 경우 가장 일선에서 우리 회사에 애프터 서비스를 책임지는 것이죠. 물건을 판매하는 것에서 끝이 아닌 그 물건이 문제가 생겼을 때 대처하는 것 또한 굉장히 중요하다고 생각을 합니다. 팔고 끝이 아니니까요. 그리고 혹은 경영과 관련된 업무를 보게 되거나 인사 관련 업무를 보게 돼도 굉장히 재미있을 것 같습니다. 영업 판매 혹은 알엔디 관련 일을 하다 보면 그 직무 밖에 모르겠지만 경영과 인사 쪽 일을 하게 되면 우리 회사가 얼만큼 규모를 갖고 있고 어떤 방향으로 나가고 있는지 알 수 있기 때문입니다.","wordCount":154},"emotion":[{"text":"알엔디 관련 업무를 보더라도 캐드 파일을 직접 다루면서 설계를 하고 물건을 만들어 보고 초중물 체크를 해 가면서 무언가를 개발하는 것에 대해서도 굉장히 관심이 많습니다.","expression":"p-interest","category":"positive"}],"intent":[{"text":"","expression":"","category":"attitude"}],"summary":{"text":"영업 판매 혹은 알엔디 관련 일을 하다 보면 그 직무 밖에 모르겠지만 경영과 인사 쪽 일을 하게 되면 우리 회사가 얼만큼 규모를 갖고 어떤 방향으로 나가고 있는지 알 수 있기 때문입니다.","wordCount":31}}},"rawDataInfo":{"question":{"fileFormat":"wav","fileSize":488078,"duration":15250,"samplingBit":16,"channelCount":1,"samplingRate":"16kHz","audioPath":"/Mock/02.SalesMarketing/Male/New/ckmk_q_sm_m_n_212719.wav"},"answer":{"fileFormat":"wav","fileSize":2856398,"duration":89260,"samplingBit":16,"channelCount":1,"samplingRate":"16kHz","audioPath":"/Mock/02.SalesMarketing/Male/New/ckmk_a_sm_m_n_212719.wav"}}}