{"version":"1.0","dataSet":{"info":{"date":"20230116","occupation":"SM","channel":"MOCK","place":"ONLINE","gender":"MALE","ageRange":"-34","experience":"NEW"},"question":{"raw":{"text":"지원자님께서 다른 지원자들에 비해 지원자님만이 가진 차별성 장점을 어필할 수 있다면 어떤 것이 있는지 설명 부탁드립니다","wordCount":16},"emotion":[],"intent":[]},"answer":{"raw":{"text":"다른 지원자들에 비해 지원자님만에 가진 차별성 장점을 어필한다면 어떤 것들이 있겠습니까 라고 이렇게 질문을 해 주셨는데요. 다른 지원자들에 비해 저는 일단 어 뭐 어 많은 차별성과 장점이 있진 않지만 일단 저는 한 일을 시작하면 싫어하든 좋아하든 끝까지 그 일을 해결하기 위해 파고들고 열심히 노력한다는 점입니다. 그런 점들로 인해서 어 사람들이 나를 필요로 하고 원하는 것을 얻을 수 있게 모르는 부분이 있다면 팀원 동료와 상사들에게 물어보면서 그런 끈기와 노력이 있다고 할 수 있고요. 어 장점을 소개하자면 일단은 어 사람들을 어 이해시키고 말을 하는 것을 굉장히 좋아하기 때문에 어 사람들을 어 끌어모으는 그런 능력도 있다고 생각을 합니다. 이런 능력들이 어 다른 지원자들에 비해 내가 가진 장점이나 차별성이라고 볼 수 있고 어 다른 사람들이 이런 능력을 가지고 있다 해도 내가 더 우위라고 말할 수 있을 만큼 다른 사람들을 설득하고 어 끌어모으는 능력도 있고 리더십도 있는 것 같고 어 한 일을 시작하면 그 일을 포기하지 않고 끝까지 내가 할 수 있는 선에서 최선을 다하는 그런 모습들이 나의 장점을 어필한다고 할 수 있을 것 같습니다.","wordCount":160},"emotion":[],"intent":[{"text":"","expression":"","category":"attitude"}],"summary":{"text":"다른 지원자들에 비해 저는 한 일을 시작하면 싫어하든 좋아하든 끝까지 그 일을 해결하기 위해 파고들고 열심히 노력하는 점입니다. 다른 사람들을 설득하고 끌어모으는 능력도 있고 리더십도 있는 것 같습니다. 일을 시작하면 그 일을 포기하지 않고 끝까지 최선을 다하는 모습들이 저의 장점을 어필한다고 할 수 있을 것 같습니다.","wordCount":46}}},"rawDataInfo":{"question":{"fileFormat":"wav","fileSize":388558,"duration":12140,"samplingBit":16,"channelCount":1,"samplingRate":"16kHz","audioPath":"/Mock/02.SalesMarketing/Male/New/ckmk_q_sm_m_n_199324.wav"},"answer":{"fileFormat":"wav","fileSize":2746958,"duration":85840,"samplingBit":16,"channelCount":1,"samplingRate":"16kHz","audioPath":"/Mock/02.SalesMarketing/Male/New/ckmk_a_sm_m_n_199324.wav"}}}