{"version":"1.0","dataSet":{"info":{"date":"20230116","occupation":"SM","channel":"MOCK","place":"ONLINE","gender":"MALE","ageRange":"35-44","experience":"NEW"},"question":{"raw":{"text":"지원자께서 가장 좋아하는 브랜드가 있나요 브랜드란 무엇이라고 생각하십니까","wordCount":8},"emotion":[],"intent":[]},"answer":{"raw":{"text":"좋아하는 브랜드가 있나요 물어보셨습니다. 네 있습니다. 있다면 왜 그 브랜드를 좋아하는지 이야기해 주시고 브랜드란 뭐라고 생각하는지도 설명해 주세요 라고 하셨습니다. 저는 브랜드 중에서 나이키라는 브랜드를 아주 좋아합니다. 왜냐하면 오랜 기간 동안 전 세계적으로 사랑을 받고 있는 브랜드이기도 하고 운동화라든지 모든 어 스포츠 용품 등에 관해 나이키라는 특징적인 로고와 그리고 재질 또한 아주 훌륭하고 완성도 또한 상당히 좋게 나타나고 있는 것이 현실입니다. 그리고 가격이 완전 고가이지도 않으면서 완전 저가도 아니라 적당한 가격대를 또 형성하고 있기 때문입니다. 브랜드란 그 회사의 물품에 대한 종합적인 얼굴이다 라고 생각을 합니다. 브랜드가 곧 회사의 얼굴입니다.","wordCount":89},"emotion":[],"intent":[{"text":"","expression":"","category":"attitude"}],"summary":{"text":"저는 세계적인 사랑을 받고 있는 나이키라는 브랜드를 아주 좋아합니다. 브랜드란 그 회사의 물품에 대한 종합적인 얼굴이며, 브랜드가 곧 회사의 얼굴입니다.","wordCount":20}}},"rawDataInfo":{"question":{"fileFormat":"wav","fileSize":262478,"duration":8200,"samplingBit":16,"channelCount":1,"samplingRate":"16kHz","audioPath":"/Mock/02.SalesMarketing/Male/New/ckmk_q_sm_m_n_213923.wav"},"answer":{"fileFormat":"wav","fileSize":2892558,"duration":90390,"samplingBit":16,"channelCount":1,"samplingRate":"16kHz","audioPath":"/Mock/02.SalesMarketing/Male/New/ckmk_a_sm_m_n_213923.wav"}}}