{"version":"1.0","dataSet":{"info":{"date":"20230116","occupation":"SM","channel":"MOCK","place":"ONLINE","gender":"MALE","ageRange":"-34","experience":"NEW"},"question":{"raw":{"text":"좋아하는 브랜드가 있나요 브랜드란 무엇이라고 생각하는지 아는 대로 말씀에 보십시오","wordCount":10},"emotion":[],"intent":[]},"answer":{"raw":{"text":"제가 좋아하는 브랜드는 바로 프랑스의 악어 모양으로 유명한 브랜드입니다. 이 브랜드는 전직 테니스 선수가 당시 귀족 스포츠였던 테니스를 할 때 격식은 갖추면서도 운동하기 편한 그런 옷을 개발하면서 이른바 카라 티셔츠의 시대를 열었습니다. 그리고 이 카라 티셔츠는 해당 브랜드의 상징이 되었습니다. 이렇게 전통과 혁신이 동시에 살아있는 이러한 브랜드는 너무나도 귀중한 가치를 가진 브랜드입니다. 따라서 저는 이렇게 전통과 혁신 이 두 가지가 있는 프랑스 악어 모양 로고 의류 브랜드를 굉장히 좋아합니다.","wordCount":69},"emotion":[],"intent":[{"text":"","expression":"","category":"attitude"}],"summary":{"text":"저는 전통과 혁신이 공존하는 프랑스의 아오이 모양의 로고 의류 브랜드를 좋아합니다. 테니스 선수가 격식은 갖추면서도 운동하기 편한 옷을 개발하면서 카라 티셔츠의 시대를 열었는데 이것이 해당 브랜드의 상징이 되었습니다.","wordCount":28}}},"rawDataInfo":{"question":{"fileFormat":"wav","fileSize":590798,"duration":18460,"samplingBit":16,"channelCount":1,"samplingRate":"16kHz","audioPath":"/Mock/02.SalesMarketing/Male/New/ckmk_q_sm_m_n_204111.wav"},"answer":{"fileFormat":"wav","fileSize":2319438,"duration":72480,"samplingBit":16,"channelCount":1,"samplingRate":"16kHz","audioPath":"/Mock/02.SalesMarketing/Male/New/ckmk_a_sm_m_n_204111.wav"}}}