{"version":"1.0","dataSet":{"info":{"date":"20230116","occupation":"SM","channel":"MOCK","place":"ONLINE","gender":"MALE","ageRange":"-34","experience":"NEW"},"question":{"raw":{"text":"어 대학 생활을 보내면서 여러 가지 힘들었던 경험이 있으실 텐데요 지원자님께서는 그런 경험을 어떻게 극복하셨나요","wordCount":15},"emotion":[],"intent":[]},"answer":{"raw":{"text":"대학 생활을 보내면서 가장 힘들었던 경험이라기보단 너는 대학 때 어떤 것이 가장 힘들었냐고 자꾸 물어보는 그 질문이 저를 힘들게 했습니다. 왜냐하면 저는 굳이 따져보면 대학교 생활을 돌이켜보면 힘들었던 기억보다는 나름대로 힘들었지만 그것이 다 재미있는 추억이 되는 일들이 굉장히 많았었습니다. 그런데 자꾸 대학 생활을 보내면서 가장 힘들었던 경험이 무엇인지 물어보는 그 질문은 내가 무엇이 힘들었지 아 그것이 힘들었나 별로 힘들지 않았던 기억도 힘든 것이었다 라고 제가 가정을 하게 착각을 하게 만듭니다. 그렇게 착각을 통해서 만들어낸 그 저에 기억들을 저는 대학 생활을 하면서 가장 힘들었던 기억이라고 말을 하게 됩니다. 하지만 그것은 제가 정말 대학 생활할 때 힘들어 힘들지 않았던 기억일 수 있습니다. 그렇지만 자꾸 반복되는 질문은 저에 기억들을 힘들었던 기억으로 변질시켜 답변하도록 만들고 있습니다.","wordCount":112},"emotion":[],"intent":[{"text":"","expression":"","category":"attitude"}],"summary":{"text":"나름대로 힘들었지만 그것이 다 재미있는 추억이 되는 일들이 굉장히 많았었습니다. 그런데 대학 생활 때 가장 힘들었던 경험이 무엇인지 물어보는 반복된 질문은 제가 가정을 하게 만들고 저의 기억들을 힘들었던 기억으로 변질시켜 답변하도록 만들고 있습니다.","wordCount":33}}},"rawDataInfo":{"question":{"fileFormat":"wav","fileSize":327758,"duration":10240,"samplingBit":16,"channelCount":1,"samplingRate":"16kHz","audioPath":"/Mock/02.SalesMarketing/Male/New/ckmk_q_sm_m_n_194496.wav"},"answer":{"fileFormat":"wav","fileSize":2546638,"duration":79580,"samplingBit":16,"channelCount":1,"samplingRate":"16kHz","audioPath":"/Mock/02.SalesMarketing/Male/New/ckmk_a_sm_m_n_194496.wav"}}}