{"version":"1.0","dataSet":{"info":{"date":"20230116","occupation":"SM","channel":"MOCK","place":"ONLINE","gender":"MALE","ageRange":"-34","experience":"NEW"},"question":{"raw":{"text":"아 이전 직장이나 혹은 대학에서 어떤 프로젝트를 해 보신 적이 있는지요 어 그런 프로젝트에 대해서 생각나는 게 있다면 한 번 말씀해 주시기 바랍니다","wordCount":23},"emotion":[],"intent":[]},"answer":{"raw":{"text":"아 아 네 어 저 같은 경우는 해외에서 우리나라 한국 중고차를 어떻게 하면 팔 수 있을까에 대해서 제 대학 동기들과 한 번 이제 그 조를 짜서 프로젝트를 진행을 한 적이 있었습니다. 이제 세부적인 우리나라에 이제 중고차 이제 우리나라가 아무래도 자동차 만드는 기술이 뛰어나다 보니까 해외에서도 우리나라 중고차에 대해서 수요가 의외로 많습니다. 그래서 해당 중고차를 우리나라에서 저렴한 가격에 매입해서 이제 해외에 비싸게 판다면 아무래도 많은 이득을 챙길 수 있을 것 같아서 이런 프로젝트를 실제로 진행을 했었고 그리고 학교에서도 이걸로 저는 이제 대상까지 받을 만큼 상당히 공을 들일 수 있었던 그런 프로젝트였습니다. 어 실제로도 이 프로젝트가 지금 만약에 이 회사에서 진행을 한다면 정말 제대로 진행을 하고 싶은 그런 프로젝트입니다. 그런 아이디어였구요. 네 감사합니다.","wordCount":111},"emotion":[{"text":"아 아 네 어 저 같은 경우는 해외에서   우리나라 한국 중고차를 어떻게 하면 팔 수 있을까에 대해서 제 대학 동기들과 한 번 이제 그   조를 짜서 프로젝트를 진행을 한 적이 있었습니다.","expression":"u-fact","category":"neutral"},{"text":"그래서   해당 중고차를 우리나라에서 저렴한 가격에 매입해서 이제 해외에 비싸게 판다면 아무래도 많은 이득을 챙길 수 있을 것 같아서 이런 프로젝트를 실제로 진행을 했었고   그리고 학교에서도 이걸로 저는 이제 대상까지 받을 만큼 상당히 공을 들일 수 있었던 그런 프로젝트였습니다.","expression":"u-fact","category":"neutral"}],"intent":[{"text":"","expression":"","category":"attitude"}],"summary":{"text":"우리나라 중고차를 저렴한 가격에 매입해서 해외에 비싸게 판다면 많은 이득을 챙길 수 있을 것 같아 대학 동기들과 조를 짜서 프로젝트를 진행했습니다. 실제로도 이 프로젝트가 회사에서 진행을 한다면 정말 제대로 진행을 할 수 있는 프로젝트입니다.","wordCount":34}}},"rawDataInfo":{"question":{"fileFormat":"wav","fileSize":416078,"duration":13000,"samplingBit":16,"channelCount":1,"samplingRate":"16kHz","audioPath":"/Mock/02.SalesMarketing/Male/New/ckmk_q_sm_m_n_179585.wav"},"answer":{"fileFormat":"wav","fileSize":1977038,"duration":61780,"samplingBit":16,"channelCount":1,"samplingRate":"16kHz","audioPath":"/Mock/02.SalesMarketing/Male/New/ckmk_a_sm_m_n_179585.wav"}}}