{"version":"1.0","dataSet":{"info":{"date":"20230116","occupation":"SM","channel":"MOCK","place":"ONLINE","gender":"MALE","ageRange":"-34","experience":"NEW"},"question":{"raw":{"text":"네 지원자님의 십 년 후에 미래의 모습은 어떻게 되어 있을까요 어 본인이 생각하신 모습이 있다면 말씀해 주시구요 어 또 그때에도 저희 회사에 계속 다니고 계실 것 같으신가요","wordCount":27},"emotion":[],"intent":[]},"answer":{"raw":{"text":"저는 십 년 후에 이 회사에 해외 영업 파트 부장이 되었을 것 같습니다. 왜냐하면 저는 우리 회사의 우수한 제품들을 세계 각지에 많이 진출시키는 것이 저의 목표이기 때문입니다. 먼저 미국으로 진출하고 싶은데요. 왜냐하면 미국 시장은 세계에서 가장 큰 시장이고 최근 한국 문화가 인기를 얻으면서 한국 제품에 대한 관심이 높아지고 있는 상태이기 때문입니다. 그래서 미국에 진출하고 미국 시장에서 인기를 끌게 된다면 저는 미국 시장에서 받은 인기와 인정을 바탕으로 다른 국가로도 진출할 수 있다고 생각합니다. 그래서 십 년 동안 많은 나라로 우리 회사를 진출시켰고 그 덕분에 부장이라는 직함을 달았을 것 같습니다.","wordCount":88},"emotion":[],"intent":[{"text":"저는 십 년 후에 이 회사에 해외 영업 파트 부장이 되었을 것 같습니다.","expression":"c_imp","category":"personality"}],"summary":{"text":"우리 회사의 제품을 세계 각지에 많이 진출시키는 것이 목표이기 때문에 먼저 미국으로 진출하고 싶습니다. 미국 시장에서 인기를 끌게 된다면 다른 국가로도 진출할 수 있다고 생각합니다. 그래서 십 년 동안 해외 영업 파트 부장이 되었을 것 같습니다.","wordCount":36}}},"rawDataInfo":{"question":{"fileFormat":"wav","fileSize":521678,"duration":16300,"samplingBit":16,"channelCount":1,"samplingRate":"16kHz","audioPath":"/Mock/02.SalesMarketing/Male/New/ckmk_q_sm_m_n_197201.wav"},"answer":{"fileFormat":"wav","fileSize":2460238,"duration":76880,"samplingBit":16,"channelCount":1,"samplingRate":"16kHz","audioPath":"/Mock/02.SalesMarketing/Male/New/ckmk_a_sm_m_n_197201.wav"}}}