{"version":"1.0","dataSet":{"info":{"date":"20230116","occupation":"SM","channel":"MOCK","place":"ONLINE","gender":"MALE","ageRange":"-34","experience":"NEW"},"question":{"raw":{"text":"역량 태도 그리고 직무 지식이 있습니다 이 세 가지 요소 중에서 가장 중요하다고 생각하는 것은 어떤 건가요 이유와 함께 설명해 주시기 바랍니다","wordCount":22},"emotion":[],"intent":[]},"answer":{"raw":{"text":"직무 지식과 역량 그리고 태도 사실 이 세 가지 요소는 모두 중요합니다. 하지만 그중에서 굳이 가장 중요한 것을 꼽으라고 하면 저는 태도를 선택하겠습니다. 그 이유는 이 회사의 구성원이 될 정도라면 사실 비슷한 업무 지식을 갖고 있을 것이고 또 일정 수준 이상의 역량을 지녔다고 생각하기 때문입니다. 거기에서 차이를 만들어내는 것은 태도라고 생각합니다. 출발선이 각자마다 다를 수는 있습니다 .처음부터 업무 역량이 뛰어난 사람 혹은 직무 지식이 뛰어난 사람들이 있을 수 있겠죠. 하지만 태도가 남들에 비해 좋지 않다면 결국에 롱런으로 봤을 때는 그런 사람들은 뒤처질 수 밖에 없다고 생각합니다. 반면 조금 처음에는 직무 지식과 역량이 부족하더라 더라도 배우고자 하는 태도가 있다면 충분히 발전할 수 있는 여지가 있다고 생각합니다.","wordCount":105},"emotion":[],"intent":[{"text":"","expression":"","category":"attitude"}],"summary":{"text":"직무 지식과 역량, 태도 이 세 가지 요소 중 가장 중요한 것은 태도입니다. 이 회사 구성원이 될 정도라면 비슷한 업무 지식을 갖고 있을 것이고 일정 수준 이상의 역량을 지녔다고 생각하기 때문입니다. 태도는 차이를 만들어 냅니다. 배우려는 태도가 있다면 충분히 발전할 수 있습니다.","wordCount":42}}},"rawDataInfo":{"question":{"fileFormat":"wav","fileSize":556238,"duration":17380,"samplingBit":16,"channelCount":1,"samplingRate":"16kHz","audioPath":"/Mock/02.SalesMarketing/Male/New/ckmk_q_sm_m_n_215101.wav"},"answer":{"fileFormat":"wav","fileSize":2859598,"duration":89360,"samplingBit":16,"channelCount":1,"samplingRate":"16kHz","audioPath":"/Mock/02.SalesMarketing/Male/New/ckmk_a_sm_m_n_215101.wav"}}}