{"version":"1.0","dataSet":{"info":{"date":"20230116","occupation":"SM","channel":"MOCK","place":"ONLINE","gender":"MALE","ageRange":"-34","experience":"NEW"},"question":{"raw":{"text":"지원자님께서 이제 일을 하다가 타 부서랑 갈등이 생겼단 말이죠 그럼 그 상황을 한 번 가정해 보고 이런 상황에서 어떻게 해결하실지 구체적으로 답변해 주세요","wordCount":23},"emotion":[],"intent":[]},"answer":{"raw":{"text":"만약 타 부서와 갈등 상황이 발생한다면 저는 우선적으로 저희 부서에 도움이 되는 방향으로 설득하겠습니다. 하지만 추후에는 양보를 하겠다는 약속을 하고 그렇게 갈등 상황을 해결하겠습니다. 왜냐하면 타 부서라고 할지라도 결국은 같은 회사 안에서 같은 목표 같은 회사의 이익을 위해서 일하는 사람들이기 때문입니다. 예를 들면 제가 과거에 일했던 직장에서 한정된 예산을 타 부서와 나눠야 했던 경험이 있습니다. 그때 저는 여러 가지 이유를 들어서 저희 부서에 더 많은 예산을 가져올 수 있었습니다. 하지만 다음 분기 예산 편성에서는 타 부서에게 양보를 하겠다는 약속을 드렸었는데요. 이러한 방식으로 갈등 상황을 해결했더니 저희 부서도 좋아하시고 타 부서도 이해해 주시고 궁극적으로는 모두가 좋았던 결과를 만들어냈던 경험이 있습니다.","wordCount":99},"emotion":[],"intent":[{"text":"이러한 방식으로 갈등 상황을 해결했더니 저희 부서도 좋아하시고   타 부서도 이해해 주시고 궁극적으로는 모두가 좋았던 결과를 만들어냈던 경험이 있습니다.","expression":"c_confl_mg","category":"personality"}],"summary":{"text":"타 부서와 갈등 상황이 발생한다면 우선 저희 부서에 도움이 되는 방향으로 설득하겠습니다. 하지만 추후에는 양보를 하겠다는 약속을 하고 갈등 상황을 해결하겠습니다. 그 방식으로 갈등 상황을 해결했더니 모든 부서가 좋아하시고 모두가 좋은 결과를 만들어냈던 경험이 있습니다.","wordCount":35}}},"rawDataInfo":{"question":{"fileFormat":"wav","fileSize":501838,"duration":15680,"samplingBit":16,"channelCount":1,"samplingRate":"16kHz","audioPath":"/Mock/02.SalesMarketing/Male/New/ckmk_q_sm_m_n_180470.wav"},"answer":{"fileFormat":"wav","fileSize":2831438,"duration":88480,"samplingBit":16,"channelCount":1,"samplingRate":"16kHz","audioPath":"/Mock/02.SalesMarketing/Male/New/ckmk_a_sm_m_n_180470.wav"}}}