{"version":"1.0","dataSet":{"info":{"date":"20230116","occupation":"SM","channel":"MOCK","place":"ONLINE","gender":"MALE","ageRange":"-34","experience":"NEW"},"question":{"raw":{"text":"일을 하다가 만약에 상사에게 어려운 지시를 받으시면 어떻게 하실 건가요 그 이유도 함께 말씀해 주시겠어요","wordCount":15},"emotion":[],"intent":[]},"answer":{"raw":{"text":"제가 상사에게 어려운 지시를 받는다면 우선 최대한 열심히 해보겠습니다. 왜냐하면 상사는 경험이 많고 저와 함께하는 시간으로 저를 파악해서 제가 충분히 할 수 있고 제가 성장할 수 있는 지시를 내린다고 생각하기 때문입니다. 따라서 당장은 어렵지만 열심히 공부하고 노력해서 최대한 해보겠습니다. 하지만 아무리 봐도 객관적으로 아직 제가 할 수 없는 지시를 내린다면 다소 감정적인 문제가 있다고 보고 상사와 상담을 통해 저에게 이런 지시를 내린 이유가 무엇인지 저는 이 지시를 할 수 없는 능력인 걸 아는지 이런 것들을 물어보면서 대화를 통해 갈등을 해결할 거 같습니다. 이런 과정을 통해 상사에게 어려운 지시가 내려오더라도 현명하게 대처하는 신입사원이 되겠습니다.","wordCount":93},"emotion":[],"intent":[{"text":"","expression":"","category":"attitude"}],"summary":{"text":"상사에게 어려운 지시를 받는다면 열심히 노력하겠습니다. 하지만 객관적으로 할 수 없는 지시를 내린다면 상담을 통해 그 이유를 물어보면서 대화를 통해 갈등을 해결할 거 같습니다. 이런 과정을 통해 어려운 지시가 내려오더라도 현명하게 대처하는 신입사원이 되겠습니다.","wordCount":34}}},"rawDataInfo":{"question":{"fileFormat":"wav","fileSize":396878,"duration":12400,"samplingBit":16,"channelCount":1,"samplingRate":"16kHz","audioPath":"/Mock/02.SalesMarketing/Male/New/ckmk_q_sm_m_n_180301.wav"},"answer":{"fileFormat":"wav","fileSize":2627918,"duration":82120,"samplingBit":16,"channelCount":1,"samplingRate":"16kHz","audioPath":"/Mock/02.SalesMarketing/Male/New/ckmk_a_sm_m_n_180301.wav"}}}