{"version":"1.0","dataSet":{"info":{"date":"20230116","occupation":"SM","channel":"MOCK","place":"ONLINE","gender":"MALE","ageRange":"-34","experience":"NEW"},"question":{"raw":{"text":"영업과 마케팅의 차이는 차이를 우리 면접자님은 무엇이라고 생각하시나요","wordCount":8},"emotion":[],"intent":[]},"answer":{"raw":{"text":"영업과 마케팅 어떻게 보면 이런 판매직 관련해 가지고 굉장히 비슷해 보이는 단어인 것이 사실입니다. 하지만 어느 정도 목적성이 다른데요. 영업의 경우 최종 목적은 판매입니다. 이 물건을 팔기 위해서 우리 기업이 어떤 기업이고 이 기업이 무엇을 만들고 어떻게 만들고 가격이 어떻게 되고 이것을 샀을 때 어떤 장점이 있고 제품에 대한 설명이 훨씬 많은 것이 영업입니다. 이 물건을 팔아야 되기 때문이죠. 하지만 마케팅의 경우 우리 회사가 어떤 회사이고 그니까 마케팅의 최종 목적지는 자기 피알이라고 할 수 있습니다. 이 자기에 있어서 회사가 될 수도 있고요. 저 본인이 될 수도 있습니다. 회사를 알리기 위해 저를 알리기 위해 홍보를 하는 것이죠. 우리 기업은 이런 기업입니다 나중에 이런 제품을 만들 거고 현재 이런 제품을 만들 겁니다 만들고 있습니다. 우리는 이런 기업이기 때문에 많이 찾아와 주시고 관심을 가져주시면 좋겠습니다 라는 식의 홍보물이라고 생각을 하시면 될 것 같습니다.","wordCount":130},"emotion":[{"text":"이 물건을 팔기 위해서 우리 기업이 어떤 기업이고 이 기업이 무엇을 만들고 어떻게 만들고 가격이 어떻게 되고 이것을 샀을 때 어떤 장점이 있고 제품에 대한 설명이 훨씬 많은 것이 영업입니다.","expression":"u-fact","category":"neutral"}],"intent":[{"text":"","expression":"","category":"attitude"}],"summary":{"text":"판매직과 마케팅은 목적성이 다릅니다. 영업은 물건을 팔기 위해 기업이 어떤 기업이며 어떤 장점이 있고 제품에 대한 설명이 훨씬 많은 것이 영업입니다. 반면 마케팅은 자기 피알을 만들기 위해 회사가 될 수도, 본인이 될 수도 있는 회사를 알리기 위해 홍보하는 것입니다.","wordCount":39}}},"rawDataInfo":{"question":{"fileFormat":"wav","fileSize":249678,"duration":7800,"samplingBit":16,"channelCount":1,"samplingRate":"16kHz","audioPath":"/Mock/02.SalesMarketing/Male/New/ckmk_q_sm_m_n_212717.wav"},"answer":{"fileFormat":"wav","fileSize":2826958,"duration":88340,"samplingBit":16,"channelCount":1,"samplingRate":"16kHz","audioPath":"/Mock/02.SalesMarketing/Male/New/ckmk_a_sm_m_n_212717.wav"}}}