{"version":"1.0","dataSet":{"info":{"date":"20230116","occupation":"SM","channel":"MOCK","place":"ONLINE","gender":"MALE","ageRange":"-34","experience":"NEW"},"question":{"raw":{"text":"입사 후에는 어떤 채널을 마케팅하고 싶나요 다양한 채널 중에서 본인의 선호가 있다면 말씀 부탁드립니다","wordCount":14},"emotion":[],"intent":[]},"answer":{"raw":{"text":"저는 입사 후에 유튜브 채널을 운영해 보고 싶습니다. 왜냐하면 유튜브 채널은 명실상부 세계에서 가장 인기 있는 채널이고 실제로 많은 기업들이 유튜브 채널을 운영하면서 상당히 높은 마케팅 효과를 보고 있습니다. 또한 저는 이전 직장에서 영업 직무로 입사했지만 잠시 동안 에스엔에스 마케팅 팀에서 유튜브 채널 관리 업무를 진행한 경험이 있습니다. 그러면서 약 이백 편의 유튜브 동영상을 제작했고 그러면서 유튜브 채널에 큰 흥미를 가졌습니다. 따라서 입사 후에 유튜브 채널을 운영하면서 우리 회사의 브랜드 인지도를 높이고 우리 회사의 제품과 서비스를 홍보하고 싶습니다.","wordCount":78},"emotion":[{"text":"또한 저는 이전 직장에서 영업 직무로 입사했지만 잠시 동안 에스엔에스 마케팅 팀에서 유튜브 채널 관리 업무를 진행한 경험이 있습니다.","expression":"u-fact","category":"neutral"},{"text":"그러면서 약 이백 편의 유튜브 동영상을 제작했고 그러면서 유튜브 채널에 큰 흥미를 가졌습니다.","expression":"p-interest","category":"positive"}],"intent":[{"text":"따라서 입사 후에 유튜브 채널을 운영하면서 우리 회사의 브랜드 인지도를 높이고 우리 회사의 제품과 서비스를 홍보하고 싶습니다.","expression":"s_brand_strt","category":"technology"}],"summary":{"text":"유튜브 채널은 세계에서 가장 인기 있는 채널이고 실제로 많은 기업들이 유튜브 채널을 운영하면서 상당히 높은 마케팅 효과를 보고 있기 때문에 입사 후에 유튜브 채널을 운영해 보고 싶습니다.","wordCount":27}}},"rawDataInfo":{"question":{"fileFormat":"wav","fileSize":353998,"duration":11060,"samplingBit":16,"channelCount":1,"samplingRate":"16kHz","audioPath":"/Mock/02.SalesMarketing/Male/New/ckmk_q_sm_m_n_203605.wav"},"answer":{"fileFormat":"wav","fileSize":2440398,"duration":76260,"samplingBit":16,"channelCount":1,"samplingRate":"16kHz","audioPath":"/Mock/02.SalesMarketing/Male/New/ckmk_a_sm_m_n_203605.wav"}}}