{"version":"1.0","dataSet":{"info":{"date":"20230116","occupation":"SM","channel":"MOCK","place":"ONLINE","gender":"MALE","ageRange":"-34","experience":"NEW"},"question":{"raw":{"text":"지원자께서는 나만의 스트레스 해소법이 있으신지 궁금합니다 있으시다면 왜 그러한 방법으로 스트레스를 해소하는지 함께 설명하여 말씀해 주시길 바랍니다","wordCount":17},"emotion":[],"intent":[]},"answer":{"raw":{"text":"저만의 스트레스 해소법은 바로 운동을 하는 것인데요. 저는 주로 등산이나 축구를 하면서 스트레스를 풉니다. 그 이유는 여러 가지가 있는데요. 첫 번째로 운동이 가장 접근성이 좋은 취미기 때문입니다. 서울에는 참 많은 산들이 있고 또 축구하기 좋은 여러 운동장들이 있습니다. 그렇기 때문에 쉽게 등산이나 축구를 시작할 수 있고 그래서 저만의 스트레스 해소법으로 자리 잡았습니다. 두 번째는 운동을 하면 스트레스를 풀면서 체력도 기를 수 있기 때문인데요. 축구나 등산을 하면 많이 뛰고 많이 걸으면서 체력이 향상됩니다. 이러한 체력을 일을 할 때 쓰게 된다면 정말 지치지 않는 체력으로 일에 몰두할 수 있습니다. 또 다른 이유는 운동을 하면 새로운 사람들을 만나서 인간관계가 넓어지기 때문입니다. 등산이나 운동을 하면서 많은 사람들을 만나고 견문을 넓힐 수가 있습니다.","wordCount":108},"emotion":[],"intent":[{"text":"","expression":"","category":"attitude"}],"summary":{"text":"저만의 스트레스 해소법은 바로 운동인데, 그 이유는 첫 번째로 가장 접근성이 좋은 취미이기 때문이고, 두 번째는 체력을 기를 수 있고, 또 다른 이유는새로운 사람들을 만나서 인간관계가 넓어지기 때문입니다.","wordCount":28}}},"rawDataInfo":{"question":{"fileFormat":"wav","fileSize":529678,"duration":16550,"samplingBit":16,"channelCount":1,"samplingRate":"16kHz","audioPath":"/Mock/02.SalesMarketing/Male/New/ckmk_q_sm_m_n_181168.wav"},"answer":{"fileFormat":"wav","fileSize":2702798,"duration":84460,"samplingBit":16,"channelCount":1,"samplingRate":"16kHz","audioPath":"/Mock/02.SalesMarketing/Male/New/ckmk_a_sm_m_n_181168.wav"}}}