{"version":"1.0","dataSet":{"info":{"date":"20230116","occupation":"SM","channel":"MOCK","place":"ONLINE","gender":"MALE","ageRange":"-34","experience":"NEW"},"question":{"raw":{"text":"해외에 판매되면 좋을 방송 콘텐츠가 무엇이라고 생각이 드나요","wordCount":8},"emotion":[],"intent":[]},"answer":{"raw":{"text":"제가 생각했을 때 해외에 판매하면 좋을 것 같은 방송 콘텐츠는 바로 먹방 콘텐츠입니다. 그 이유는 여러 가지가 있는데요. 먼저 먹방은 한국이 원조이기 때문입니다. 해외에서도 먹방은 말 그대로 먹방이라는 고유명사로 불립니다. 그만큼 한국은 먹방의 나라이기 때문에 한국의 맛집을 찾아가서 음식을 먹는 이런 맛집 프로그램은 해외에서도 인기가 있을 것입니다. 실제로 제가 한 외국인에게 왜 먹방을 좋아하는지 물어봤더니 처음 보는 식재료를 새로운 방식으로 요리해서 맛있게 먹는 점이 매우 신기하다고 했습니다. 따라서 한국에서 인기가 있는 먹방 프로그램을 해외에 수출하면 정말 큰 성공을 거둘 것입니다.","wordCount":80},"emotion":[],"intent":[{"text":"","expression":"","category":"attitude"}],"summary":{"text":"해외에 판매하면 좋을 방송 콘텐츠는 바로 먹방 콘텐츠입니다. 그 이유는 한국이 먹방의 원조이기 때문입니다. 따라서 한국에서 인기 있는 먹방 프로그램을 해외에 수출하면 큰 성공을 거둘 것입니다.","wordCount":26}}},"rawDataInfo":{"question":{"fileFormat":"wav","fileSize":225998,"duration":7060,"samplingBit":16,"channelCount":1,"samplingRate":"16kHz","audioPath":"/Mock/02.SalesMarketing/Male/New/ckmk_q_sm_m_n_203940.wav"},"answer":{"fileFormat":"wav","fileSize":2758478,"duration":86200,"samplingBit":16,"channelCount":1,"samplingRate":"16kHz","audioPath":"/Mock/02.SalesMarketing/Male/New/ckmk_a_sm_m_n_203940.wav"}}}