{"version":"1.0","dataSet":{"info":{"date":"20230116","occupation":"SM","channel":"MOCK","place":"ONLINE","gender":"MALE","ageRange":"-34","experience":"NEW"},"question":{"raw":{"text":"일을 하다 보면 상사와 트러블이 발생할 수 있는데 어떻게 하실 겁니까 또 상사가 혼내면 기분 나쁘시지 않을까요","wordCount":17},"emotion":[],"intent":[]},"answer":{"raw":{"text":"일을 하다보면 상사와 트러블이 당연히 생길 수 있다고 생각합니다. 그렇다고 해서 상사가 혼내는 것이 기분 나쁘진 않습니다. 왜냐하면 상사는 저보다 경험이 많고 저에 대해 잘 파악하고 있기 때문에 저에게 혼내는 이유가 저를 더 성장시키기 위해서 라고 생각하기 때문입니다. 따라서 상사가 저를 혼내면 내가 아직 배울 점이 있구나 이렇게 생각하고 받아들일 것 같습니다. 하지만 지속적 으로 상사가 저에게 혼을 내고 제가 아무리 생각해도 객관적으로 제가 잘못한 것이 없다면 상사와 대화를 통해 갈등을 해결하고 만약 해결되지 않는다면 어쩔 수 없이 회사를 제가 떠나야 할 것 같습니다.","wordCount":84},"emotion":[],"intent":[{"text":"","expression":"","category":"attitude"}],"summary":{"text":"일 하며 상사와 트러블이 생길 수 있지만, 상사가 제 성장에 도움을 주기 때문에 혼내는 것이 기분 나쁘진 않습니다. 하지만 객관적으로 잘못이 없다면 상사와의 대화를 통해 갈등을 해결하도록 하겠습니다.","wordCount":28}}},"rawDataInfo":{"question":{"fileFormat":"wav","fileSize":396878,"duration":12400,"samplingBit":16,"channelCount":1,"samplingRate":"16kHz","audioPath":"/Mock/02.SalesMarketing/Male/New/ckmk_q_sm_m_n_197195.wav"},"answer":{"fileFormat":"wav","fileSize":2372558,"duration":74140,"samplingBit":16,"channelCount":1,"samplingRate":"16kHz","audioPath":"/Mock/02.SalesMarketing/Male/New/ckmk_a_sm_m_n_197195.wav"}}}