{"version":"1.0","dataSet":{"info":{"date":"20230116","occupation":"SM","channel":"MOCK","place":"ONLINE","gender":"MALE","ageRange":"-34","experience":"NEW"},"question":{"raw":{"text":"네 지원자님 성격상의 장점과 단점에 대해서 각각 장단점 설명을 좀 부탁드립니다 또 구체적인 예시도 함께 들어서 설명해 주시면 좋습니다 이 장점과 단점 성격상에 대한 문제입니다","wordCount":25},"emotion":[],"intent":[]},"answer":{"raw":{"text":"저의 단점은 물을 너무 많이 물을 너무 많이 마시는 것입니다. 저는 언젠가 한 번 수분을 많이 섭취하는 것은 건강에 굉장히 좋은 것이라는 강의를 듣게 되었습니다. 그 강의를 듣고 나서는 저는 매일 물을 마셨습니다. 그런데 물을 마시는 데에도 인간에게 허용된 적정 양이라는 게 있었습니다 적정량. 그런 적정량을 초과하여 섭취한 수분은 이 신장에서 결국 분해하지 못하고 신장에 과부하를 주어서 신장을 망가뜨리게 되었습니다. 물을 지나치게 마시는 그러니까 바꾸어 말하면 한 가지에 너무나 집착하게 된 이런 성격은 모 아니면 도와 같은 이런 성격은 아직까지는 저에게 단점으로 작용하는 것 같습니다. 그러나 이 회사에서 이 기회를 계기로 해서 저의 이 몰입하는 능력을 장점으로 바꾸고 싶습니다. 꼭 염두해 주시길 부탁드리겠습니다.","wordCount":103},"emotion":[],"intent":[{"text":"","expression":"","category":"attitude"}],"summary":{"text":"물을 지나치게 마시는 성격은 모 아니면 도와 같은 성격으로 아직까지는 제 단점으로 작용하고 있습니다. 그러나 이 기회를 계기로 해서 저의 이 몰입하는 능력을 장점으로 바꾸고 싶습니다. 꼭 염두해 주시길 부탁드립니다.","wordCount":30}}},"rawDataInfo":{"question":{"fileFormat":"wav","fileSize":660878,"duration":20650,"samplingBit":16,"channelCount":1,"samplingRate":"16kHz","audioPath":"/Mock/02.SalesMarketing/Male/New/ckmk_q_sm_m_n_186648.wav"},"answer":{"fileFormat":"wav","fileSize":2663758,"duration":83240,"samplingBit":16,"channelCount":1,"samplingRate":"16kHz","audioPath":"/Mock/02.SalesMarketing/Male/New/ckmk_a_sm_m_n_186648.wav"}}}