{"version":"1.0","dataSet":{"info":{"date":"20230116","occupation":"SM","channel":"MOCK","place":"ONLINE","gender":"MALE","ageRange":"-34","experience":"NEW"},"question":{"raw":{"text":"지원자님 만약 일을 하던 중 직무가 적성에 맞지 않아 어떻게 하시겠습니까 상황을 가정하는 말씀 부탁드려요","wordCount":15},"emotion":[],"intent":[]},"answer":{"raw":{"text":"만약 일을 하던 중 직무가 적성에 맞지 않는다면 첫 번째로는 정말 제가 적성에 맞지 않는 것인지 혹은 어려운 상황 앞에서 핑계를 대는 것인지 먼저 고민해 보겠습니다. 왜냐하면 아무래도 처음 회사에 들어가서 일을 하다 보면 어려운 상황들에 맞닥뜨리게 되고 내가 이 직무가 맞지 않는 것인가 이런 고민을 하기 쉽기 때문입니다. 따라서 만약 직무가 적성에 맞는 것이 아니라 정말 저와 맞지 않는 것이라면 우선은 저의 직장 상사 혹은 인사 담당자와 상담을 통해서 저의 상황을 좀 더 객관적으로 판단하고 제 적성에 맞는 직무로 옮기겠습니다. 왜냐하면 적성에 맞지도 않는 직무를 억지로 하는 것은 저와 회사 모두에게 손해이기 때문입니다. 제가 저의 적성에 잘 맞는 직무로 이동해서 즐겁고 열심히 일하는 것이 저와 회사 모두에게 좋습니다. 따라서 직무와 적성에 맞지 않는다면 직무를 바꾸겠습니다.","wordCount":116},"emotion":[],"intent":[{"text":"","expression":"","category":"attitude"}],"summary":{"text":"직무가 적성에 맞지 않는다면 어려운 상황 앞에서 핑계를 대는 것인지 고민해보겠습니다. 만약 이것이 적성에 맞는 것이 아니라면 직장 상사 혹은 인사 담당자와 상담을 통해서 객관적으로 판단하고 제 적성에 적합한 직무로 옮기겠습니다. 왜냐하면 회사와 모두에게 손해이기 때문입니다.","wordCount":36}}},"rawDataInfo":{"question":{"fileFormat":"wav","fileSize":392078,"duration":12250,"samplingBit":16,"channelCount":1,"samplingRate":"16kHz","audioPath":"/Mock/02.SalesMarketing/Male/New/ckmk_q_sm_m_n_180297.wav"},"answer":{"fileFormat":"wav","fileSize":2896718,"duration":90520,"samplingBit":16,"channelCount":1,"samplingRate":"16kHz","audioPath":"/Mock/02.SalesMarketing/Male/New/ckmk_a_sm_m_n_180297.wav"}}}