{"version":"1.0","dataSet":{"info":{"date":"20230116","occupation":"SM","channel":"MOCK","place":"ONLINE","gender":"MALE","ageRange":"-34","experience":"NEW"},"question":{"raw":{"text":"대학생활을 보내면서 가장 힘들었던 경험이 있다면 무엇인가요 그것을 어떻게 극복했는지도 함께 말씀해 주시기 바랍니다","wordCount":14},"emotion":[],"intent":[]},"answer":{"raw":{"text":"아침을 챙겨 먹는 일이 가장 힘들었었습니다. 대학 생활의 대부분은 술을 먹으며 보냈던 것 같았습니다. 과 동기들과 과 후배 선배들과 술을 먹는 일은 저에게 엄청 즐거운 일 일이었습니다. 젊은 나이에 그렇게 사람들과 어울려 맛있는 술은 저에게는 또 다른 추억이 되어 있습니다. 그렇지만 그렇게 술을 마시느라 매번 지각을 하고 아침을 제대로 챙겨 먹는 것은 굉장히 어려운 일이었었습니다. 그로 인해서 아침을 챙겨 먹지 못하고 매일 밤 술을 마시는 그런 생활을 하다 보니 건강도 많이 안 좋아지게 되었습니다. 그런 건강을 회복하느라 저는 대학교를 졸업하고 나서 규칙적인 생활을 하느라 많은 시간을 보냈지만 그때 망가진 건강은 쉽게 회복되지 않았습니다. 그래서 저는 지금 매일 아침 운동을 하고 있습니다. 운동과 운동을 하며 아침을 매일 챙겨 먹고 있습니다.","wordCount":109},"emotion":[{"text":"과 동기들과 과 후배 선배들과 술을 먹는 일은 저에게 엄청 즐거운 일 일이었습니다.","expression":"p-happiness","category":"positive"}],"intent":[{"text":"","expression":"","category":"attitude"}],"summary":{"text":"대학 생활 대부분을 술을 먹으며 보낸 저는 매일 지각을 하며 아침을 제대로 챙겨 먹는 것이 굉장히 어려웠습니다. 매일 밤 술을 마시는 생활을 하다 보니 건강도 많이 안 좋아지게 되어 저는 지금 매일 아침 운동을 하고 있습니다.","wordCount":36}}},"rawDataInfo":{"question":{"fileFormat":"wav","fileSize":355278,"duration":11100,"samplingBit":16,"channelCount":1,"samplingRate":"16kHz","audioPath":"/Mock/02.SalesMarketing/Male/New/ckmk_q_sm_m_n_193711.wav"},"answer":{"fileFormat":"wav","fileSize":2496398,"duration":78010,"samplingBit":16,"channelCount":1,"samplingRate":"16kHz","audioPath":"/Mock/02.SalesMarketing/Male/New/ckmk_a_sm_m_n_193711.wav"}}}