{"version":"1.0","dataSet":{"info":{"date":"20230116","occupation":"SM","channel":"MOCK","place":"ONLINE","gender":"MALE","ageRange":"-34","experience":"NEW"},"question":{"raw":{"text":"직무를 수행할 때 모르는 과제가 등장한다면 지원자님께서는 어떻게 해결하실 건가요 그 해결책과 이유도 함께 말씀해 주세요","wordCount":16},"emotion":[],"intent":[]},"answer":{"raw":{"text":"직무 수행 시 모르는 과제가 등장했다면 저는 저보다 경험이 많고 또 업계에 대해서 잘 알고 있는 저의 상사에게 물어보겠습니다. 왜냐하면 저는 직무 수행 시 항상 모든 부분을 꼼꼼히 공부하는 사람입니다. 그런데도 불구하고 제가 모르는 과제가 등장했다면 이것은 분명히 저의 경험 부족으로 인해서 문제가 생긴 것일 겁니다. 그렇기 때문에 저보다 경험이 많은 상사에게 이와 비슷한 전례가 있는지 여쭤보고 그에 맞는 해결책을 받아서 이 문제를 해결하겠습니다. 그 과정을 통해 저 또한 나중에 후배들에게 이러한 과제를 잘 알려줄 수 있도록 열심히 배우는 그런 자세를 갖고 다시는 그런 실수를 하지 않도록 열심히 하겠습니다.","wordCount":89},"emotion":[],"intent":[{"text":"","expression":"","category":"attitude"}],"summary":{"text":"직무 수행 시 모르는 과제가 생겼다면 경험 많은 상사에게 물어보겠습니다. 그 과정을 통해 저 또한 나중에 후배에게 이러한 과제를 잘 알려줄 수 있도록 열심히 배우는 자세를 갖고 다시는 그런 실수를 하지 않도록 열심히 하겠습니다.","wordCount":34}}},"rawDataInfo":{"question":{"fileFormat":"wav","fileSize":478798,"duration":14960,"samplingBit":16,"channelCount":1,"samplingRate":"16kHz","audioPath":"/Mock/02.SalesMarketing/Male/New/ckmk_q_sm_m_n_203904.wav"},"answer":{"fileFormat":"wav","fileSize":2627278,"duration":82100,"samplingBit":16,"channelCount":1,"samplingRate":"16kHz","audioPath":"/Mock/02.SalesMarketing/Male/New/ckmk_a_sm_m_n_203904.wav"}}}