{"version":"1.0","dataSet":{"info":{"date":"20230116","occupation":"SM","channel":"MOCK","place":"ONLINE","gender":"MALE","ageRange":"35-44","experience":"NEW"},"question":{"raw":{"text":"지원자님께서는 본인이 교번 근무에 잘 적응할 수 있다고 생각하시나요 그렇다면 그렇게 생각하시는 근거와 함께 말씀해 주실 수 있을까요","wordCount":18},"emotion":[],"intent":[]},"answer":{"raw":{"text":"제가 교번 근무에 잘 적응할 수 있다고 생각을 하는지 그렇다면 그 근거 또한 함께 이야기 해 달라는 질문이 되겠습니다. 교번 근무는 제가 그동안 많은 일을 해오면서 수시로 겪어 왔었고 계속해서 진행을 해 왔던 근무입니다. 그리하여 교번 근무라는 것에 대한 시차 적응 및 근무 환경과 여건에 대한 모든 적응이 다 되어 있는 상태이기 때문에 이번에 지원을 하는 직장에서 제가 교번 근무에 설정이 된다 하더라도 지나간 과거를 하나씩 돌이켜보면 일반 근무 행태보다 교번 근무를 더 많이 한 저로써는 당연히 잘 적응을 할 수 있다 라고 생각을 할 수 밖에 없습니다.","wordCount":88},"emotion":[],"intent":[{"text":"","expression":"","category":"attitude"}],"summary":{"text":"교번 근무는 시차 적응 및 근무 환경과 여건에 대한 모든 적응이 되어 있는 상태이기 때문에 이번에 지원하는 직장에서 제가 교번근무에 설정이 된다 하더라도 당연히 잘 적응을 할 수 있다 라고 생각을 할 수 밖에 없습니다.","wordCount":35}}},"rawDataInfo":{"question":{"fileFormat":"wav","fileSize":583438,"duration":18230,"samplingBit":16,"channelCount":1,"samplingRate":"16kHz","audioPath":"/Mock/02.SalesMarketing/Male/New/ckmk_q_sm_m_n_210144.wav"},"answer":{"fileFormat":"wav","fileSize":2830158,"duration":88440,"samplingBit":16,"channelCount":1,"samplingRate":"16kHz","audioPath":"/Mock/02.SalesMarketing/Male/New/ckmk_a_sm_m_n_210144.wav"}}}