{"version":"1.0","dataSet":{"info":{"date":"20230116","occupation":"SM","channel":"MOCK","place":"ONLINE","gender":"MALE","ageRange":"-34","experience":"NEW"},"question":{"raw":{"text":"본인의 생각이 아닌 지원자님의 다른 주변 사람들이 생각하는 지원자님의 장단점에 대해서 모두 다 구체적으로 말씀해 주시길 바랍니다","wordCount":17},"emotion":[],"intent":[]},"answer":{"raw":{"text":"본인의 생각이 아닌 지원자님에 다른 주변 사람들이 생각하는 지원자님의 단점과 장점을 모두 말해주세요 라고 이렇게 질문해 주셨는데요. 일단은 제가 생각하는 장점과 제 지원자 저의 다른 주변 사람들이 생각하는 장점과 단점은 굉장히 비슷하다고 연관돼 있다고 말할 수 있을 것 같습니다. 일단 제가 생각하는 저의 장점과 단점은 장점은 일단은 어 굉장히 기운이 좋다 뭐 어 설득력이 좋다 뭐 사람들을 잘 모은다 약간 리더십이 있다 이런 것들이고 단점으로는 어떤 일을 하기 전에 굉장히 걱정이 많다 싫어하는 일을 할 때 굉장히 두려움이 많다 약간 이러한 이러한 게 있었는데 다른 주변 사람들이 생각하는 저의 장점도 어 뭐 활 항상 에너지가 좋다 뭐 리더십이 있다 뭐 사람들이랑 잘 대화한다 등등이 있고 단점으로 치면은 인제 소심하다 생각보다 처음에 만났을 때 대화를 잘 못한다 뭐 이런 것 너무 텐션이 높을 때 있다 약간 이런 것들이 있기 때문에 장점이라고 생각해 주신 분들은 것들은 이제 감사히 여기고 더 잘 이어갈라고 노력을 할 것이고 단점이라고 생각한 것들은 인제 장점으로 승화시키고 인제 단점을 좀 극복할 수 있도록 좀 노력을 많이 해서 더 좋은 단점을 장점으로 승화시켜서 더 좋은 쪽으로 이렇게 할 수 있는 것이 있었으면 좋겠습니다.","wordCount":174},"emotion":[],"intent":[{"text":"","expression":"","category":"attitude"}],"summary":{"text":"주변인들이 생각하는 지원자님의 장점과 단점을 모두 말해달라는 질문에, 제 지원자의 장점은 에너지가 좋고 설득력이 좋으며 리더십이 있고, 단점은 두려움이 많다는 것이며, 장점은 대화에 소심함, 대화를 잘 못한다 이런 것 등이 있고 단점은 텐션이 높을 때 있습니다. 장점은 장점으로 승화시켜 더 좋은 쪽으로 할 수 있는 것이 있었으면 좋겠습니다.","wordCount":48}}},"rawDataInfo":{"question":{"fileFormat":"wav","fileSize":617358,"duration":19290,"samplingBit":16,"channelCount":1,"samplingRate":"16kHz","audioPath":"/Mock/02.SalesMarketing/Male/New/ckmk_q_sm_m_n_200040.wav"},"answer":{"fileFormat":"wav","fileSize":2757838,"duration":86180,"samplingBit":16,"channelCount":1,"samplingRate":"16kHz","audioPath":"/Mock/02.SalesMarketing/Male/New/ckmk_a_sm_m_n_200040.wav"}}}