{"version":"1.0","dataSet":{"info":{"date":"20230116","occupation":"SM","channel":"MOCK","place":"ONLINE","gender":"MALE","ageRange":"-34","experience":"NEW"},"question":{"raw":{"text":"우리가 업무를 하다 보면 스케줄에 없던 일이 갑작스럽게 생길 때가 있죠 만약 지원자님이 갑작스러운 일이 생긴다면 어떻게 대처하실 건가요","wordCount":19},"emotion":[],"intent":[]},"answer":{"raw":{"text":"저에게는 메모장을 가지고 다니는 습관이 있습니다. 메모장을 다니 가지고 다니면서 항상 벌어지는 모든 모든 순간들을 제 메모장에 적습니다. 메모장에 적는 이유는 그 순간에 그 순간에 그 상황에 나에게 제일 적절한 우선순위를 정하기 위한 것입니다. 빨리빨리 메모장이 적어서 이것은 지금 나에게 중요하지 않다 하면 우선순위를 뒤로 미룹니다. 그리고 아 이것이 중요하다 싶으면 우선순위는 위로 올라가게 됩니다. 저는 이런 습관을 중학교 때부터 대학교 때까지 그리고 직장을 다니면서까지 그 습관을 유지하고 있기 때문에 항상 저는 우선순위를 잘 정리할 수 있었고 높은 성적을 거두고 많은 것을 많은 것들을 이뤄낼 수 있었습니다. 이러한 습관이 있기 때문에 업무 중에 어떤 스케줄이 생기더라도 저는 우선순위를 빨리 정할 수 있습니다. 중요하지 않은 것들은 뒤로 미루고 그것들은 나중에 처리하면 되기 때문에 저에게는 그런 상황들을 잘 대처할 수 있는 습관이 있습니다.","wordCount":121},"emotion":[],"intent":[{"text":"","expression":"","category":"attitude"}],"summary":{"text":"저는 중학교 때부터 대학교 때까지 메모장을 가지고 다니는 습관이 있습니다. 그 습관 때문에 업무 중에 어떤 스케줄이 생기더라도 우선순위를 빨리 정할 수 있고 중요하지 않은 것들은 뒤로 미루고 나중에 처리하면 되기 때문에 그런 상황에 잘 대처할 수 있는 습관을 가지고 있습니다.","wordCount":41}}},"rawDataInfo":{"question":{"fileFormat":"wav","fileSize":572878,"duration":17900,"samplingBit":16,"channelCount":1,"samplingRate":"16kHz","audioPath":"/Mock/02.SalesMarketing/Male/New/ckmk_q_sm_m_n_193704.wav"},"answer":{"fileFormat":"wav","fileSize":2743118,"duration":85720,"samplingBit":16,"channelCount":1,"samplingRate":"16kHz","audioPath":"/Mock/02.SalesMarketing/Male/New/ckmk_a_sm_m_n_193704.wav"}}}