{"version":"1.0","dataSet":{"info":{"date":"20230116","occupation":"SM","channel":"MOCK","place":"ONLINE","gender":"MALE","ageRange":"-34","experience":"NEW"},"question":{"raw":{"text":"어 지원자님께서는 본인이 교번 근무에 잘 적응할 수 있는 편인지 어 그렇게 생각하는지 궁금하구요 만약에 잘 적응할 수 있는 편이라고 생각하신다면 그 근거와 함께 말씀해 주세요","wordCount":26},"emotion":[],"intent":[]},"answer":{"raw":{"text":"저는 교번 근무에 잘 적응할 수 있습니다. 왜냐하면 저는 잠을 잘 관리하는 사람이기 때문입니다. 저는 제가 자고 싶을 때 자고 제가 잠에서 깨고 싶을 때 깨는 잠을 정말 잘 관리하는 능력이 있는데요. 따라서 불규칙한 수면 패턴이라는 교번 근무의 최대 단점에도 저는 잘 버틸 수 있습니다. 실제로 제가 의무 경찰로 복무를 할 때 교번 근무를 했었습니다. 그때마다 저는 항상 잘 자고 잘 일어나서 정말 누구보다 좋은 평가를 받았습니다. 이처럼 저는 교번 근무를 하기에 좋은 능력과 또 경험이 있기 때문에 교번 근무를 누구보다 잘 해낼 수 있는 사람입니다.","wordCount":86},"emotion":[{"text":"실제로 제가 의무 경찰로 복무를 할 때 교번 근무를 했었습니다.","expression":"u-fact","category":"neutral"}],"intent":[{"text":"","expression":"","category":"attitude"}],"summary":{"text":"저는 잠을 잘 관리하는 사람이기 때문에 교번 근무에 잘 적응할 수 있습니다. 실제로 의무 경찰로 복무할 때 교번 근무를 했을 때 항상 잘 자고 잘 일어나서 정말 누구보다 좋은 평가를 받았습니다.","wordCount":31}}},"rawDataInfo":{"question":{"fileFormat":"wav","fileSize":482958,"duration":15090,"samplingBit":16,"channelCount":1,"samplingRate":"16kHz","audioPath":"/Mock/02.SalesMarketing/Male/New/ckmk_q_sm_m_n_196790.wav"},"answer":{"fileFormat":"wav","fileSize":2397518,"duration":74920,"samplingBit":16,"channelCount":1,"samplingRate":"16kHz","audioPath":"/Mock/02.SalesMarketing/Male/New/ckmk_a_sm_m_n_196790.wav"}}}