{"version":"1.0","dataSet":{"info":{"date":"20230116","occupation":"SM","channel":"MOCK","place":"ONLINE","gender":"MALE","ageRange":"-34","experience":"NEW"},"question":{"raw":{"text":"귀하께서는 자신에게 우호적이지 않은 상대를 설득해서 제 어 자기 편으로 만든 그런 경험이 있으신가요 어떻게 설득을 하셨나요","wordCount":17},"emotion":[],"intent":[]},"answer":{"raw":{"text":"저는 저에게 우호적이지 않은 상대를 설득을 통해 제 편으로 만든 경험이 많이 있습니다. 그중에서 가장 기억에 남는 것은 바로 이전 직장에서 있었던 경험인데요. 저는 아이스크림 기업에서 일 년 간 근무한 경험이 있습니다. 그러면서 열 개 이상의 대리점을 관리했는데요. 그중 저에게 매우 우호적이지 않은 한 대리점 사장님이 있었습니다. 이 사장님은 저에게 너무 어려 보이고 아직 미숙하다며 저를 믿지 않았는데요. 그래서 저는 어느 날 대리점 사장님과 함께 술자리를 가지면서 대리점 사장님께 제가 아직 어리지만 그렇기 때문에 많은 자격증과 여러 가지 도와드릴 수 있는 점이 있다는 것을 이야기하면서 제 편으로 만든 경험이 있습니다.","wordCount":90},"emotion":[{"text":"저는 아이스크림 기업에서 일 년 간 근무한 경험이 있습니다.","expression":"u-fact","category":"neutral"}],"intent":[{"text":"","expression":"","category":"attitude"}],"summary":{"text":"저는 아이스크림 기업에서 일 년 간 근무하며 대리점을 관리했는데, 한 대리점 사장님이 너무 어려 보이고 미숙하다며 믿지 않았습니다. 그래서 술자리를 가지면서 대리점 사장님께 도와드릴 수 있는 점이 있다는 것을 이야기하며 제 편으로 만든 경험이 있습니다.","wordCount":35}}},"rawDataInfo":{"question":{"fileFormat":"wav","fileSize":559438,"duration":17480,"samplingBit":16,"channelCount":1,"samplingRate":"16kHz","audioPath":"/Mock/02.SalesMarketing/Male/New/ckmk_q_sm_m_n_203606.wav"},"answer":{"fileFormat":"wav","fileSize":2868558,"duration":89640,"samplingBit":16,"channelCount":1,"samplingRate":"16kHz","audioPath":"/Mock/02.SalesMarketing/Male/New/ckmk_a_sm_m_n_203606.wav"}}}