{"version":"1.0","dataSet":{"info":{"date":"20230116","occupation":"SM","channel":"MOCK","place":"ONLINE","gender":"MALE","ageRange":"-34","experience":"NEW"},"question":{"raw":{"text":"지원자님께서는 영업을 하는 사람으로서 어떤 역량이 필요하다고 생각하시는지 그리고 필요하다고 생각하는 역량 여러 가지 가운데 가장 중요하게 생각하는 것은 무엇인지 또 그 이유는 무엇인지 말씀해 주시기 바랍니다","wordCount":27},"emotion":[],"intent":[]},"answer":{"raw":{"text":"영업을 하면서 영업인으로써 필요한 중요한 역량 중 하나는 바로 최신 트렌드를 파악하는 역량입니다. 영업을 하다보면 새로운 사람들을 많이 만나고 그들과 대화하게 됩니다. 그러면서 제가 일하고 있는 이 분야에 대한 최근 트렌드 이런 것들을 잘 알고 있어야 고객을 쉽게 설득할 수 있습니다. 하지만 이것 뿐만 아니라 영업인는 새로운 사람들과 쉽게 친해져야 하기 때문에 제가 일하고 있는 이 분야뿐만 아니라 스포츠 정치 재테크 등 다양한 분야에서 트렌드를 익혀야 합니다. 그래서 고객의 관심사에 맞게 그에 맞는 최신 트렌드를 이야기하면서 친밀해지는 것이 매우 중요합니다. 따라서 트렌드를 파악하는 능력이 매우 중요합니다.","wordCount":86},"emotion":[],"intent":[{"text":"하지만 이것 뿐만 아니라 영업인는 새로운 사람들과 쉽게 친해져야 하기 때문에 제가 일하고 있는 이 분야뿐만 아니라 스포츠 정치 재테크 등 다양한 분야에서 트렌드를 익혀야 합니다.","expression":"s_intp","category":"attitude"},{"text":"그래서 고객의 관심사에 맞게 그에 맞는 최신 트렌드를 이야기하면서 친밀해지는 것이 매우 중요합니다.","expression":"s_intp","category":"attitude"}],"summary":{"text":"영업인으로써 최신 트렌드를 파악하는 능력은 매우 중요합니다. 새로운 사람들과 쉽게 친해져야 하기 때문에 고객의 관심사에 맞는 최신 트렌드에 대해 이야기하면서 친밀해지는 것이 매우 중요하기 때문입니다.","wordCount":25}}},"rawDataInfo":{"question":{"fileFormat":"wav","fileSize":501838,"duration":15680,"samplingBit":16,"channelCount":1,"samplingRate":"16kHz","audioPath":"/Mock/02.SalesMarketing/Male/New/ckmk_q_sm_m_n_196501.wav"},"answer":{"fileFormat":"wav","fileSize":2883278,"duration":90100,"samplingBit":16,"channelCount":1,"samplingRate":"16kHz","audioPath":"/Mock/02.SalesMarketing/Male/New/ckmk_a_sm_m_n_196501.wav"}}}