{"version":"1.0","dataSet":{"info":{"date":"20230116","occupation":"SM","channel":"MOCK","place":"ONLINE","gender":"MALE","ageRange":"-34","experience":"NEW"},"question":{"raw":{"text":"면접자께서는 자사를 싫어하는 고객 가맹점이나 대리점을 포함해서 어떻게 영업을 하시겠는지 설명 부탁드리겠습니다","wordCount":12},"emotion":[],"intent":[]},"answer":{"raw":{"text":"자사를 싫어하는 고객이 있을 수 있습니다. 그러면 저는 우선 그 고객의 이야기를 들어보겠습니다. 해당 고객이 자사를 싫어하게 된 분명한 원인이 있을 것이기 때문인데요. 분명 그 고객은 자사와 관련된 불쾌한 경험이 있었다든지 혹은 주변에서 불쾌한 경험을 겪었던 사례를 들었기 때문이라고 생각합니다. 그래서 저는 해당 고객에게 이 물건을 팔겠다 이 상품을 팔겠다 로 접근하는 것이 아니라 그러한 불쾌감을 느꼈을 고객의 이야기를 들어줄 준비가 되었음을 보여주겠습니다. 고객의 이야기를 잘 듣고 우리 회사가 잘못한 부분을 인정하고 제가 대신 사과를 하면서 그 고객과 이 물건을 파는 입장이 아닌 이 문제가 발생하고 그 문제를 듣고 공감해주는 사람과 사람의 만남에서 있을 수 있는 소통의 방식으로 다가가겠습니다. 그러한 후에 고객의 말에 경청한 후에 우리 회사가 잘못한 점을 인정하고 하지만 지금은 이렇게 많이 달라졌고 또 고객이 그때 느꼈던 그러한 부분이 다시는 발생하지 않도록 이러한 점을 노력했다는 것을 고객에게 말씀드릴 것입니다. 이러한 신뢰를 바탕으로 된 소통을 통해 고객에게 다시 한 번 영업을 하도록 하겠습니다.","wordCount":144},"emotion":[],"intent":[{"text":"","expression":"","category":"attitude"}],"summary":{"text":"저는 해당 고객에게 불쾌감을 느꼈을 고객의 이야기를 들어줄 준비가 되었음을 보여주겠습니다. 이 문제가 발생하고 그 문제를 듣고 공감해주는 사람과 사람의 만남에서 있을 수 있는 소통의 방식으로 다가가겠습니다. 이러한 신뢰를 바탕으로 한 소통을 통해 고객에게 다시 한 번 영업을 하도록 하겠습니다.","wordCount":40}}},"rawDataInfo":{"question":{"fileFormat":"wav","fileSize":364878,"duration":11400,"samplingBit":16,"channelCount":1,"samplingRate":"16kHz","audioPath":"/Mock/02.SalesMarketing/Male/New/ckmk_q_sm_m_n_240285.wav"},"answer":{"fileFormat":"wav","fileSize":3776718,"duration":118020,"samplingBit":16,"channelCount":1,"samplingRate":"16kHz","audioPath":"/Mock/02.SalesMarketing/Male/New/ckmk_a_sm_m_n_240285.wav"}}}