{"version":"1.0","dataSet":{"info":{"date":"20230116","occupation":"SM","channel":"MOCK","place":"ONLINE","gender":"MALE","ageRange":"-34","experience":"NEW"},"question":{"raw":{"text":"지원자님께서는 남들과 다른 본인만의 경쟁력이 있는지 설명해 주시고 또 경쟁력을 키우기 위해 어떤 노력을 했었는지를 말씀해 주세요","wordCount":17},"emotion":[],"intent":[]},"answer":{"raw":{"text":"남들과는 다른 저만의 경쟁력은 바로 영어 실력입니다. 저는 유창한 영어 실력을 가지기 위해 참 많은 노력을 했는데요. 어린 시절부터 미국 드라마들을 보면서 주인공들의 대사를 암기하고 또 따라 했습니다. 또 영어로 된 노래들만을 들으면서 노래 가사들을 외우고 따라 불렀습니다. 꾸준히 이러한 연습을 통해 영어에 대한 감을 익혔습니다. 그리고 대학 시절 미국으로 교환 학생을 가면서 현지에서 영어를 배웠는데요. 영어로 된 수업을 듣고 영어로 친구를 사귀면서 영어에 대한 자신감은 더욱 커졌습니다. 그리고 미국 마케팅 회사에서 인턴 하면서 영어로 업무도 진행했는데요. 이러한 경험을 통해 저는 제 영어 실력을 향상시킬 수 있었습니다. 이 회사에 입사해서도 미국 업체 영어를 사용하는 업체와 일할 때 이것은 저만의 무기가 될 것입니다.","wordCount":102},"emotion":[{"text":"그리고 대학 시절 미국으로 교환 학생을 가면서 현지에서 영어를 배웠는데요.","expression":"u-fact","category":"neutral"},{"text":"그리고 미국 마케팅 회사에서 인턴 하면서 영어로 업무도 진행했는데요.","expression":"u-fact","category":"neutral"}],"intent":[{"text":"그리고 대학 시절 미국으로 교환 학생을 가면서 현지에서 영어를 배웠는데요.","expression":"c_private","category":"background"}],"summary":{"text":"저만의 경쟁력은 영어 실력입니다. 어린 시절부터 미국 드라마와 노래들을 보면서 영어에 대한 감을 익혔습니다. 대학 시절 미국으로 교환 학생을 가면서 현지에서 영어를 배웠고, 미국 마케팅 회사에서 인턴 하면서 영어로 업무도 진행했습니다.","wordCount":31}}},"rawDataInfo":{"question":{"fileFormat":"wav","fileSize":473678,"duration":14800,"samplingBit":16,"channelCount":1,"samplingRate":"16kHz","audioPath":"/Mock/02.SalesMarketing/Male/New/ckmk_q_sm_m_n_190713.wav"},"answer":{"fileFormat":"wav","fileSize":2862798,"duration":89460,"samplingBit":16,"channelCount":1,"samplingRate":"16kHz","audioPath":"/Mock/02.SalesMarketing/Male/New/ckmk_a_sm_m_n_190713.wav"}}}