{"version":"1.0","dataSet":{"info":{"date":"20230116","occupation":"SM","channel":"MOCK","place":"ONLINE","gender":"MALE","ageRange":"-34","experience":"NEW"},"question":{"raw":{"text":"어 지원자님께서는 특별히 가고 싶은 회사가 있으신가요 있으시다면 어 특정 도메인을 중요하게 생각하시는지 아니면 회사의 분위기를 중요하게 여기시는지 또 어떤 점을 중점적으로 보시는지 궁금합니다","wordCount":24},"emotion":[],"intent":[]},"answer":{"raw":{"text":"저는 특별히 가고 싶은 회사는 없습니다. 제가 회사를 볼 때 가장 중점적으로 보는 부분은 바로 회사의 분위기 기업 문화입니다. 왜냐하면 아무리 연봉이 높고 아무리 인지도가 높은 브랜드라고 하더라도 기업 문화가 좋지 않으면 오래 오래 일하기 어렵기 때문입니다. 실제로 저는 나름대로 유명한 이전 직장을 다니면서 높은 연봉을 받았는데요. 물론 풍족한 삶을 누릴 순 있었지만 매우 불행했습니다. 제 전 직장에 기업 문화가 매우 나빴기 때문인데요. 예를 들면 일주일에 세 번 이상 회식을 하고 다음날에 직장 상사에게 숙취 해소제를 사다 주는 등 다소 이해하기 어려운 기업 문화가 있었습니다. 그래서 저는 높은 연봉과 인지도 높은 브랜드를 포기하고 퇴사하게 되었습니다. 따라서 저는 기업 문화가 가장 중요하다고 생각합니다.","wordCount":102},"emotion":[],"intent":[{"text":"","expression":"","category":"attitude"}],"summary":{"text":"저는 특별히 가고 싶은 회사는 없습니다. 회사 분위기 기업 문화가 좋지 않으면 오래 오래 일하기 어렵기 때문입니다. 예를 들어 일주일에 세 번 이상 회식을 하고 다음날 직장 상사에게 숙취 해소제를 사주는 등 이해하기 어려운 기업 문화가 있었습니다.","wordCount":37}}},"rawDataInfo":{"question":{"fileFormat":"wav","fileSize":590158,"duration":18440,"samplingBit":16,"channelCount":1,"samplingRate":"16kHz","audioPath":"/Mock/02.SalesMarketing/Male/New/ckmk_q_sm_m_n_191012.wav"},"answer":{"fileFormat":"wav","fileSize":2772238,"duration":86630,"samplingBit":16,"channelCount":1,"samplingRate":"16kHz","audioPath":"/Mock/02.SalesMarketing/Male/New/ckmk_a_sm_m_n_191012.wav"}}}