{"version":"1.0","dataSet":{"info":{"date":"20230116","occupation":"SM","channel":"MOCK","place":"ONLINE","gender":"MALE","ageRange":"-34","experience":"NEW"},"question":{"raw":{"text":"협업은 아무래도 저희가 일을 할 때 불가피한 요소인데요 협업을 할 때 사교성이 좋은 편이신지 궁금합니다 또한 사교성을 키우기 위해 어떤 노력을 하실 것인지 궁금합니다","wordCount":24},"emotion":[],"intent":[]},"answer":{"raw":{"text":"저는 협업을 할 때뿐만 아니라 언제 어디든 항상 사교성이 매우 좋은 편입니다. 저는 사교성을 키우기 위해 참 많은 노력을 하고 있습니다. 먼저 시사 상식을 꾸준히 공부해 모든 사람과 쉽게 공통점을 찾고 공감대를 형성할 수 있습니다. 저는 매일매일 신문과 뉴스를 챙겨보면서 다양한 분야의 지식을 쌓고 있습니다. 그래서 정치를 좋아하는 사람에겐 정치에 관한 이야기 스포츠를 좋아하는 사람에겐 스포츠에 대한 뉴스 이런 것들을 사람에 맞게 이야기하면서 쉽게 친해지고 있습니다. 또한 시간이 날 때 최근 유행하는 영화와 드라마를 챙겨보면서 이렇게 영화나 드라마를 좋아하는 사람들과도 쉽게 소통하고 대화할 수 있도록 노력하고 있습니다. 이런 노력들을 통해 저는 사교성을 매우 길러왔습니다.","wordCount":94},"emotion":[],"intent":[{"text":"그래서 정치를 좋아하는 사람에겐 정치에 관한 이야기 스포츠를 좋아하는 사람에겐 스포츠에 대한 뉴스 이런 것들을 사람에 맞게 이야기하면서 쉽게 친해지고 있습니다.","expression":"s_intp","category":"attitude"},{"text":"또한 시간이 날 때 최근 유행하는 영화와 드라마를 챙겨보면서 이렇게 영화나 드라마를 좋아하는 사람들과도 쉽게 소통하고 대화할 수 있도록 노력하고 있습니다.","expression":"s_intp","category":"attitude"}],"summary":{"text":"저는 협업을 할 때뿐만 아니라 언제 어디든 항상 사교성이 매우 좋은 편입니다. 저는 시사 상식을 꾸준히 공부해 모든 사람과 쉽게 공통점을 찾고 공감대를 형성하는 등 사교성을 키우기 위해 참 많은 노력을 하고 있습니다.","wordCount":33}}},"rawDataInfo":{"question":{"fileFormat":"wav","fileSize":492878,"duration":15400,"samplingBit":16,"channelCount":1,"samplingRate":"16kHz","audioPath":"/Mock/02.SalesMarketing/Male/New/ckmk_q_sm_m_n_197115.wav"},"answer":{"fileFormat":"wav","fileSize":2711118,"duration":84720,"samplingBit":16,"channelCount":1,"samplingRate":"16kHz","audioPath":"/Mock/02.SalesMarketing/Male/New/ckmk_a_sm_m_n_197115.wav"}}}