{"version":"1.0","dataSet":{"info":{"date":"20230116","occupation":"SM","channel":"MOCK","place":"ONLINE","gender":"MALE","ageRange":"-34","experience":"NEW"},"question":{"raw":{"text":"현대인은 거짓말을 하루에 평균 세 번 정도 한다고 하는데요 지원자님이 해본 가장 기억에 남는 거짓말이 궁금합니다 어떤 게 있을까요","wordCount":19},"emotion":[],"intent":[]},"answer":{"raw":{"text":"제가 해 본 가장 기억에 남는 거짓말은 대학 시절 교수님께 했던 거짓말입니다. 저는 대학 시절 한 교수님의 총애를 받으면서 대학을 다녔는데요. 어느 날 교수님이 과제를 내주셨는데 제가 너무 하기 싫어서 미루고 미루다 그 전날 밤에 과제를 대충해서 제출했던 경험이 있습니다. 그때 교수님께서 저를 따로 불러서 과제가 부실하다 혹시 무슨 일이 있냐 이렇게 여쭤보셨고 저는 순간적으로 거짓말을 했습니다. 제 노트북이 고장이 나서 갑작스럽게 어제밤에 과제를 급하게 했다 그래서 부실할 수밖에 없었다 죄송하다 이렇게 말씀드리자 교수님께서는 저에게 제 과제보다 훨씬 좋은 만점에 가까운 점수를 주셨습니다. 그래서 큰 죄책감을 느꼈습니다.","wordCount":87},"emotion":[{"text":"그래서 큰 죄책감을 느꼈습니다.","expression":"n-shame","category":"negative"}],"intent":[{"text":"","expression":"","category":"attitude"}],"summary":{"text":"대학 시절 과제가 너무 하기 싫어서 미루다가 전날 밤에 대충해서 제출했던 경험이 있습니다. 평소에 저를 믿어주시던 교수님께서 따로 불러내 이유를 물으셨고, 노트북이 고장나서 급하게 제출하게 됐다고 거짓말을 했습니다.","wordCount":28}}},"rawDataInfo":{"question":{"fileFormat":"wav","fileSize":362318,"duration":11320,"samplingBit":16,"channelCount":1,"samplingRate":"16kHz","audioPath":"/Mock/02.SalesMarketing/Male/New/ckmk_q_sm_m_n_197011.wav"},"answer":{"fileFormat":"wav","fileSize":2800718,"duration":87520,"samplingBit":16,"channelCount":1,"samplingRate":"16kHz","audioPath":"/Mock/02.SalesMarketing/Male/New/ckmk_a_sm_m_n_197011.wav"}}}