{"version":"1.0","dataSet":{"info":{"date":"20230116","occupation":"SM","channel":"MOCK","place":"ONLINE","gender":"MALE","ageRange":"35-44","experience":"NEW"},"question":{"raw":{"text":"본인이 지금까지 살면서 이루었던 성과들 중에 가장 큰 성과는 무엇이었나요 왜 그것이 가장 큰 성과라고 생각하고 계시나요","wordCount":17},"emotion":[],"intent":[]},"answer":{"raw":{"text":"본인이 지금까지 살면서 이룬 성과 중 가장 큰 성과는 무엇인지 자랑을 한 번 해 달라고 하셨습니다. 글쎄요. 제가 지금까지 살면서 정말 크게 이루었다 라고 하는 성과는 별로 없는 것 같습니다. 하지만 그 중에서 워낙 여러 가지 작은 성과들을 내면서 살아오는 스타일이다 보니 어 가장 이룬 성과 중 하나는 컴퓨터를 제 손으로 부품을 하나 하나 조립을 하여 컴퓨터 본체를 완성시켰을 때 아주 기분이 좋았습니다. 그때 그 컴퓨터 하나를 조립을 하기 위해 각 부품의 특징들과 각 회사별 장단점 등을 전부 파악을 하고 각 부품 간의 호환성 그리고 적합성 그리고 실용성 잔 고장 등 모든 것을 체크하여 좋은 결과물을 만들었을 때 그때가 가장 기억에 남는 성과입니다.","wordCount":103},"emotion":[],"intent":[{"text":"","expression":"","category":"attitude"}],"summary":{"text":"지금까지 살면서 이룬 성과 중 가장 큰 성과는 컴퓨터 부품 조립으로 컴퓨터 본체를 완성시킨 것입니다. 조립을 위해 부품들의 특징과 회사별 장단점을 파악, 호환성, 적합성, 실용성을 체크하여 좋은 결과물을 만들었을 때 가장 기억에 남습니다.","wordCount":33}}},"rawDataInfo":{"question":{"fileFormat":"wav","fileSize":607438,"duration":18980,"samplingBit":16,"channelCount":1,"samplingRate":"16kHz","audioPath":"/Mock/02.SalesMarketing/Male/New/ckmk_q_sm_m_n_196767.wav"},"answer":{"fileFormat":"wav","fileSize":2905038,"duration":90780,"samplingBit":16,"channelCount":1,"samplingRate":"16kHz","audioPath":"/Mock/02.SalesMarketing/Male/New/ckmk_a_sm_m_n_196767.wav"}}}