{"version":"1.0","dataSet":{"info":{"date":"20230116","occupation":"SM","channel":"MOCK","place":"ONLINE","gender":"MALE","ageRange":"-34","experience":"NEW"},"question":{"raw":{"text":"지원자분께 질문 하나 드리겠습니다 만약 지원자께서 입사 후에 어떤 채널을 마케팅하고 싶으신지 그것에 대해서 아시는 대로 말씀해 보십시오","wordCount":18},"emotion":[],"intent":[]},"answer":{"raw":{"text":"입사 후 꼭 마케팅 해 보고 싶은 채널이 있나요 왜 그 채널인지 이유를 함께 말씀해 주세요 라고 이렇게 질문을 해주셨는데요. 어 입사 후에 꼭 마케팅 해보고 싶은 채널은 어 저는 일단 어 제이티비씨 나 티비엔을 어 마케팅 해 보고 싶습니다. 왜냐하면 원래 옛날에는 어릴 때는 공중파 이 케이비에스 에스비에스 이런 드라마들이나 예능을 많이 봤었는데 어 요즘 들어서 어 이제 공중파가 아닌 어 티비 엔이나 제이티비씨 어 뭐 이런 등등의 어 예능 프로그램이나 드라마를 많이 보게 되는 것 같은데요. 어 공중파에서 나올 수 없었던 공중파는 좀 대중적이고 어 어린이들이나 어른들 많은 사람들이 보기 때문에 뭐 모든 프로그램이 그러겠지만 그런 다루지 못했던 소재들을 티비엔 이나 제이티비씨 이런 데서는 어 다루고 내용을 잘 풀어나가고 되게 궁금증을 많이 가지게 하고 어 실패를 하지 잘 않는 것 같아서 어 그런 점에 있어서 굉장히 흥미롭다 느꼈기 때문에 꼭 그런 그 채널 두 개를 마케팅 해 보고 싶습니다. 어 그렇기 때문에 어 굉장히 흥미롭고 궁금하다고 할 수 있습니다.","wordCount":151},"emotion":[],"intent":[{"text":"","expression":"","category":"attitude"}],"summary":{"text":"요즘 공중파에서 다루지 못했던 소재들을 티비엔이나 제이티비씨에서 다루고 내용을 잘 풀어나가고 실패를 잘 하지 않는 것 같습니다. 그래서 저는 입사 후 마케팅 해 보고 싶은 채널 두 개를 마케팅 하고 싶습니다.","wordCount":31}}},"rawDataInfo":{"question":{"fileFormat":"wav","fileSize":522318,"duration":16320,"samplingBit":16,"channelCount":1,"samplingRate":"16kHz","audioPath":"/Mock/02.SalesMarketing/Male/New/ckmk_q_sm_m_n_192606.wav"},"answer":{"fileFormat":"wav","fileSize":2713038,"duration":84780,"samplingBit":16,"channelCount":1,"samplingRate":"16kHz","audioPath":"/Mock/02.SalesMarketing/Male/New/ckmk_a_sm_m_n_192606.wav"}}}