{"version":"1.0","dataSet":{"info":{"date":"20230116","occupation":"SM","channel":"MOCK","place":"ONLINE","gender":"MALE","ageRange":"-34","experience":"NEW"},"question":{"raw":{"text":"지원자께서는 동물 실험이 우리 인간들에게 주는 이익에 대해 말씀해 주시길 바랍니다 그리고 그에 관련된 동물 실험에 대하여 어떠한 생각을 하고 있는지 함께 설명해 주시길 바랍니다","wordCount":25},"emotion":[],"intent":[]},"answer":{"raw":{"text":"아 네 제가 생각하는 이제 동물 실험은 아무래도 어떠한 제품이 만들어지기 전에 그것이 사람에게 있지 직접적으로 위해를 가기 전에 사전에 미리 동물들에게 실험이 되어서 오는 만큼 그것을 통해서 이제 얻을 수 있는 이익은 어 그야말로 엄청나다고 생각합니다. 하지만 그것을 통해서 우리 인간만을 위해서 그런 동물을 희생시킨다는 것은 솔직히 말씀드리자면 윤리적으로나 이제 윤리적으로 봤을 때 비윤리적이라고 생각이 드는 것도 사실이고요. 하지만 저희 인간이 하지만 그것을 직접적으로 사람한테 실험할 수는 없을 만큼 그 동물 실험은 저는 필수적이라고 생각이 듭니다. 왜냐하면 그것을 통해서 거의 우리 인간이 얻을 수 있는 이익이 더 크기 때문입니다. 그리고 그러한 이익이 세상을 바꾸는 데 있어서 일조를 할 수 있을 것이라고 저는 생각이 들고요. 그래서 저는 동물 실험에 찬성을 하고 그리고 또한 하지만 무분별한 동물 실험은 이루어지지 않아야 된다고 생각합니다. 꼭 필요하지만 그 희생을 최소화할 수 있게 만들어야 된다고 생각이 듭니다. 감사합니다.","wordCount":133},"emotion":[{"text":"하지만   저희 인간이 하지만 그것을 직접적으로 사람한테 실험할 수는 없을 만큼 그 동물 실험은 저는 필수적이라고 생각이 듭니다.","expression":"u-belief","category":"neutral"}],"intent":[{"text":"그래서 저는 동물 실험에 찬성을 하고 그리고 또한 하지만 무분별한 동물 실험은 이루어지지 않아야 된다고 생각합니다.","expression":"c_value","category":"background"}],"summary":{"text":"동물 실험을 통해서 얻을 수 있는 이익은 엄청나지만, 인간만을 위해서 동물을 희생시킨다는 것은 윤리적으로나 윤리적으로 비윤리적이라고 생각되지만, 동물 실험은 필수적이라고 생각합니다. 그 이유는 우리 인간이 얻는 이익이 더 크기 때문입니다.","wordCount":30}}},"rawDataInfo":{"question":{"fileFormat":"wav","fileSize":609998,"duration":19060,"samplingBit":16,"channelCount":1,"samplingRate":"16kHz","audioPath":"/Mock/02.SalesMarketing/Male/New/ckmk_q_sm_m_n_179586.wav"},"answer":{"fileFormat":"wav","fileSize":2420238,"duration":75630,"samplingBit":16,"channelCount":1,"samplingRate":"16kHz","audioPath":"/Mock/02.SalesMarketing/Male/New/ckmk_a_sm_m_n_179586.wav"}}}