{"version":"1.0","dataSet":{"info":{"date":"20230116","occupation":"SM","channel":"MOCK","place":"ONLINE","gender":"MALE","ageRange":"-34","experience":"NEW"},"question":{"raw":{"text":"지금 본인이 내일 죽는다는 사실을 알게 된다면 당장 무엇을 하시겠습니까 이 면접을 끝까지 계속 보시겠습니까","wordCount":15},"emotion":[],"intent":[]},"answer":{"raw":{"text":"저는 제가 내일 죽는다는 사실을 알더라도 평소와 다름없는 일상을 살 것입니다. 사실 죽음이 닥쳐왔을 때 평소에 하지 않던 즐거운 일들을 하겠다고 생각하는 사람들이 많은데요. 하지만 저는 행복은 사실 가까이 있을 땐 잘 보이지 않고 멀리 있을 때는 크게 보인다고 생각합니다. 그렇기 때문에 우리가 이렇게 살아가는 일상 생활들이 사실은 굉장히 특별하고 또 행복한 순간들이라고 믿습니다. 하루 하루의 삶에 충실하고 매일매일 평범하게 하지만 열심히 살아가는 것이 죽음 직전에 저의 삶을 돌아봤을 때 가장 기억에 남을 것 같습니다. 그렇기 때문에 저는 오늘 하루 지금 주어진 이 면접에 최선을 다하고 저희 마지막을 기다리면서 열심히 살았던 매일매일에 저의 모습을 되짚어 볼 것 같습니다.","wordCount":98},"emotion":[],"intent":[{"text":"","expression":"","category":"attitude"}],"summary":{"text":"저는 내일 죽는다는 사실을 알더라도 평소와 다름없는 일상을 살 것입니다. 죽음이 닥쳐왔을 때 즐거운 일들을 하겠다고 생각하는 사람들은 가까이 있을 땐 잘 보이지 않지만 멀리 있을 때는 크게 보인다고 생각합니다. 우리가 이렇게 살아가는 일상 생활들이 굉장히 특별하고 또 행복한 순간들이라고 믿습니다.","wordCount":41}}},"rawDataInfo":{"question":{"fileFormat":"wav","fileSize":382478,"duration":11950,"samplingBit":16,"channelCount":1,"samplingRate":"16kHz","audioPath":"/Mock/02.SalesMarketing/Male/New/ckmk_q_sm_m_n_215095.wav"},"answer":{"fileFormat":"wav","fileSize":2656398,"duration":83010,"samplingBit":16,"channelCount":1,"samplingRate":"16kHz","audioPath":"/Mock/02.SalesMarketing/Male/New/ckmk_a_sm_m_n_215095.wav"}}}