{"version":"1.0","dataSet":{"info":{"date":"20230116","occupation":"SM","channel":"MOCK","place":"ONLINE","gender":"MALE","ageRange":"-34","experience":"NEW"},"question":{"raw":{"text":"그동안 진행하신 프로젝트들 가운데서 가장 기억에 남는 프로젝트가 있다면 말씀해 주시고 아 또 어떤 점에서 기억에 남는지도 함께 설명해 주시겠습니까","wordCount":20},"emotion":[],"intent":[]},"answer":{"raw":{"text":"저는 한때 환경 캠페인의 일환으로서 하천을 걸어 다니면서 쓰레기를 줍는 프로젝트를 진행한 적이 있었습니다. 처음 시작할 때는 뭐 쓰레기 주우면 기분 좋겠지 하는 그런 가벼운 마음으로 시작했는데 그 프로젝트가 진행되는 동안 저는 정말 턱이 빠질 정도로 입을 벌리게 되었습니다. 너무 입을 벌려서 쓰레기를 준 주울 때 쓰레기를 줍느라고 돌아다니는 그 환경에 있는 하천에서 모든 병균들을 다 마셔버린 것 같았습니다. 왜냐하면 저에 예상보다 제 생각보다 쓰레기가 너무 많았기 때문입니다. 아니 어디서 도대체 하천에 이렇게 쓰레기가 많이 몰려오는 것이지 의 의문이 들 정도였습니다. 알아본 결과 그 하천에 있는 쓰레기들은 주변에 있는 공장들이 다 그곳으로 야밤에 내 버린 내 버린 것이라고 했습니다. 그것을 알게 된 저는 저희 팀원들은 그것을 구청에 고발하게 되었습니다. 그래서 기억에 많이 남아있습니다.","wordCount":113},"emotion":[{"text":"저는 한때 환경 캠페인의 일환으로서 하천을 걸어 다니면서 쓰레기를 줍는 프로젝트를 진행한 적이 있었습니다.","expression":"u-fact","category":"neutral"}],"intent":[{"text":"","expression":"","category":"attitude"}],"summary":{"text":"환경 캠페인의 일환으로서 하천을 걸으며 쓰레기를 줍는 프로젝트를 진행한 적이 있었습니다. 예상보다 쓰레기가 너무 많았습니다. 그 하천에 있는 쓰레기들은 주변에 있는 공장들이 다 그 곳으로 야밤에 내버린 것이라고 했습니다.","wordCount":29}}},"rawDataInfo":{"question":{"fileFormat":"wav","fileSize":508238,"duration":15880,"samplingBit":16,"channelCount":1,"samplingRate":"16kHz","audioPath":"/Mock/02.SalesMarketing/Male/New/ckmk_q_sm_m_n_193709.wav"},"answer":{"fileFormat":"wav","fileSize":2548558,"duration":79640,"samplingBit":16,"channelCount":1,"samplingRate":"16kHz","audioPath":"/Mock/02.SalesMarketing/Male/New/ckmk_a_sm_m_n_193709.wav"}}}