{"version":"1.0","dataSet":{"info":{"date":"20230116","occupation":"SM","channel":"MOCK","place":"ONLINE","gender":"MALE","ageRange":"-34","experience":"NEW"},"question":{"raw":{"text":"본인은 어 해외 영업을 함으로써 어떤 목표가 있습니까","wordCount":8},"emotion":[],"intent":[]},"answer":{"raw":{"text":"해외 영업으로서 제가 세워둔 목표는 바로 삼 개 국어를 유창하게 하는 것입니다. 우선 영어를 완벽하게 하겠습니다. 영어란 명실상부 세계의 공용어입니다. 영어만 잘해도 영업할 수 있는 국가들이 많이 늘어납니다. 하지만 그것만으로는 충분하지 않습니다. 두 번째로 스페인어를 공부하겠습니다. 스페인어를 쓰는 남미는 최근 한류 열풍이 불면서 한국 제품에 대한 호감도가 급상승하고 있습니다. 그래서 빠른 시일 내에 남미로 진출하기 위해 스페인어를 공부하겠습니다. 세 번째로는 중국어를 공부하겠습니다. 중국은 세계에서 가장 큰 시장입니다. 그 인구와 경제 규모는 어마어마한데요. 따라서 중국어를 배워서 중국 시장에서 어느 정도의 지분만 차지하더라도 정말 큰 수익을 올릴 수 있습니다. 이처럼 영어 스페인어 중국어를 완벽하게 구사하는 글로벌 해외 영업인이 되겠습니다.","wordCount":97},"emotion":[],"intent":[{"text":"","expression":"","category":"attitude"}],"summary":{"text":"해외 영업의 목표는 영어, 스페인어, 중국어를 유창하게 하는 것입니다. 우선 영어를 완벽하게 하고, 두 번째로 스페인어를 공부하겠습니다. 세 번째로 중국어를 배워서 중국 시장에서 어느 정도의 지분만 차지하더라도 큰 수익을 올릴 수 있습니다.","wordCount":32}}},"rawDataInfo":{"question":{"fileFormat":"wav","fileSize":276558,"duration":8640,"samplingBit":16,"channelCount":1,"samplingRate":"16kHz","audioPath":"/Mock/02.SalesMarketing/Male/New/ckmk_q_sm_m_n_181047.wav"},"answer":{"fileFormat":"wav","fileSize":2830798,"duration":88460,"samplingBit":16,"channelCount":1,"samplingRate":"16kHz","audioPath":"/Mock/02.SalesMarketing/Male/New/ckmk_a_sm_m_n_181047.wav"}}}