{"version":"1.0","dataSet":{"info":{"date":"20230116","occupation":"SM","channel":"MOCK","place":"ONLINE","gender":"MALE","ageRange":"35-44","experience":"NEW"},"question":{"raw":{"text":"남들과는 다른 본인만의 경쟁력을 말씀해 주시구요 그 경쟁력을 키우기 위해 어떤 노력을 했는지도 함께 말씀해 주시기 바랍니다","wordCount":17},"emotion":[],"intent":[]},"answer":{"raw":{"text":"남들과는 다른 저만의 경쟁력을 설명해 달라고 하셨습니다. 그리고 경쟁력을 키우기 위해 어떤 노력을 하였는지도 궁금해 하셨습니다. 저는 남들과 다른 부분이 있다면 이것저것 종합적으로 많이 겪어 보았고 여러 가지 직업을 거쳐 옴으로써 각 일에 맞는 특성과 각 일에 따르는 장점 단점 모든 것을 다 겪어 본 사람입니다. 그래서 어느 웬만한 여느 직장인들보다 알고 있는 것도 많으며 경험해 본 것도 많고 겪어본 과정도 훨씬 많기 때문에 모든 전반적인 부분에서 능수능란한 업무를 진행해 나갈 수 있는 것이 저의 경쟁력입니다. 경쟁력을 키우기 위해 어떠한 노력을 한 것이 아니라 많은 경험을 통해 여러 경험을 통해 쌓여진 노하우와 경험이 만들어낸 무시무시한 그 힘은 함부로 타의 추종을 불허하는 능력임을 저는 자부합니다.","wordCount":104},"emotion":[],"intent":[{"text":"","expression":"","category":"attitude"}],"summary":{"text":"저는 모든 일을 다 겪어 본 사람이기 때문에 모든 전반적인 부분에서 능수능란한 업무를 진행해 나갈 수 있는 것이 경쟁력입니다. 어떠한 노력을 한 것이 아니라 많은 경험을 통해 쌓인 노하우와 그 힘은 함부로 타의 추종을 불허하는 능력임을 저는 자부합니다.","wordCount":38}}},"rawDataInfo":{"question":{"fileFormat":"wav","fileSize":400718,"duration":12520,"samplingBit":16,"channelCount":1,"samplingRate":"16kHz","audioPath":"/Mock/02.SalesMarketing/Male/New/ckmk_q_sm_m_n_231101.wav"},"answer":{"fileFormat":"wav","fileSize":3047758,"duration":95240,"samplingBit":16,"channelCount":1,"samplingRate":"16kHz","audioPath":"/Mock/02.SalesMarketing/Male/New/ckmk_a_sm_m_n_231101.wav"}}}