{"version":"1.0","dataSet":{"info":{"date":"20230116","occupation":"SM","channel":"MOCK","place":"ONLINE","gender":"MALE","ageRange":"-34","experience":"NEW"},"question":{"raw":{"text":"지원자님께서는 소통 능력을 키우기 위한 어떠한 일을 할 수 있는지 설명 가능하신가요 생각나는 방법에 대해서 자세한 설명을 부탁드립니다","wordCount":18},"emotion":[],"intent":[]},"answer":{"raw":{"text":"소통 능력을 키우기 위해서 제가 가장 추천하는 방법은 바로 신문을 보는 것입니다. 사람들과 소통을 잘 하기 위해서는 첫 단추가 매우 중요한데요. 모르는 사람과 대화를 시작할 때 가장 좋은 방법 중 하나는 최근의 시사 이슈를 이야기하는 것입니다. 왜냐하면 공감대를 형성하는 것이 소통의 기본인데 처음 보는 사람과 공감대를 형성하기가 매우 어렵기 때문인데요. 그래서 저는 매일마다 신문을 보고 신문의 일 면 기사와 사사사를 보며 시사 이슈를 정리합니다. 이렇게 습관을 들여 만약 정치를 좋아하는 사람을 만나면 정치 이슈에 대해 이야기하고 스포츠를 좋아하는 사람을 만나면 스포츠에 대해 말문을 트고 주식이나 재테크에 관심 있는 사람을 만난다면 관련 내용을 이야기하면서 쉽게 친해집니다. 친해지고 나면 소통하는 것은 식은 죽 먹기입니다. 이처럼 시사 상식을 공부하는 것이 소통에 큰 도움이 됩니다.","wordCount":111},"emotion":[],"intent":[{"text":"이렇게 습관을 들여 만약 정치를 좋아하는 사람을 만나면 정치 이슈에 대해 이야기하고 스포츠를 좋아하는 사람을 만나면 스포츠에 대해 말문을 트고 주식이나 재테크에 관심 있는 사람을 만난다면 관련 내용을 이야기하면서 쉽게 친해집니다.","expression":"s_intp","category":"attitude"}],"summary":{"text":"소통 능력 향상을 위해 매일 신문을 보는 것을 추천합니다. 모르는 사람과 대화할 때 좋은 방법 중 하나는 시사 이슈를 이야기하는 것입니다. 친해지고 나면 소통하는 것은 식은 죽 먹기입니다. 이처럼 시사 상식을 공부하는 것이 소통에 큰 도움이 됩니다.","wordCount":37}}},"rawDataInfo":{"question":{"fileFormat":"wav","fileSize":470798,"duration":14710,"samplingBit":16,"channelCount":1,"samplingRate":"16kHz","audioPath":"/Mock/02.SalesMarketing/Male/New/ckmk_q_sm_m_n_190720.wav"},"answer":{"fileFormat":"wav","fileSize":2787918,"duration":87120,"samplingBit":16,"channelCount":1,"samplingRate":"16kHz","audioPath":"/Mock/02.SalesMarketing/Male/New/ckmk_a_sm_m_n_190720.wav"}}}