{"version":"1.0","dataSet":{"info":{"date":"20230116","occupation":"SM","channel":"MOCK","place":"ONLINE","gender":"MALE","ageRange":"-34","experience":"NEW"},"question":{"raw":{"text":"저희 역사 속에서 가장 존경하는 인물을 말씀해 주시구요 그 인물이 왜 가장 존경스러운지 말씀해 주시기 바랍니다","wordCount":16},"emotion":[],"intent":[]},"answer":{"raw":{"text":"제가 역사 속에서 가장 존경하는 인물은 바로 이순신 장군입니다. 저는 최근 한산이란 영화를 보면서 이순신 장군의 영웅적이면서도 인간적인 면모에 다시 한번 반했는데요. 이순신 장군은 자신을 버린 국가에 대해서도 끝까지 충성하면서 정말 현실적으로 힘든 상황에서도 늘 잘할 수 있다 는 긍정적인 마음가짐으로 항상 성공하고 실패를 몰랐던 인물입니다. 저는 이순신 장군의 이런 포기할 줄 모르는 끈기 또 충성심과 의리 이런 것들에 다시 한번 큰 감명을 받았습니다. 저도 이순신 장군처럼 어떠한 상황에도 희망과 의리를 잃지 않는 그런 사람이 되겠습니다.","wordCount":76},"emotion":[{"text":"제가 역사 속에서 가장 존경하는 인물은 바로 이순신 장군입니다.","expression":"p-affection","category":"positive"},{"text":"저는 이순신 장군의 이런 포기할 줄 모르는 끈기 또 충성심과 의리 이런 것들에 다시 한번 큰 감명을 받았습니다.","expression":"p-gratitude","category":"positive"}],"intent":[{"text":"","expression":"","category":"attitude"}],"summary":{"text":"이순신 장군은 자신을 버린 국가에 대해서도 끝까지 충성하면서 항상 성공할 수 있다는 긍정적인 마음가짐으로 끝까지 의리를 잃지 않는 인물이었습니다.","wordCount":19}}},"rawDataInfo":{"question":{"fileFormat":"wav","fileSize":484558,"duration":15140,"samplingBit":16,"channelCount":1,"samplingRate":"16kHz","audioPath":"/Mock/02.SalesMarketing/Male/New/ckmk_q_sm_m_n_197191.wav"},"answer":{"fileFormat":"wav","fileSize":2633998,"duration":82310,"samplingBit":16,"channelCount":1,"samplingRate":"16kHz","audioPath":"/Mock/02.SalesMarketing/Male/New/ckmk_a_sm_m_n_197191.wav"}}}