{"version":"1.0","dataSet":{"info":{"date":"20230116","occupation":"SM","channel":"MOCK","place":"ONLINE","gender":"MALE","ageRange":"-34","experience":"NEW"},"question":{"raw":{"text":"직무 지식 역량 태도 이 세 가지 요소 중에 지원자님은 어떤 것이 가장 중요하다고 생각하세요 또한 그 이유도 말씀해 주세요","wordCount":20},"emotion":[],"intent":[]},"answer":{"raw":{"text":"제가 생각했을 때 직무 지식 역량 태도 이 세 가지 요소 중 가장 중요하다고 생각되는 것은 바로 태도입니다. 왜냐하면 직무 지식이나 역량은 경험을 통해서 많이 발전할 수 있지만 태도라는 것은 결국 살아온 삶의 가치관이기 때문에 쉽게 바꾸기 어렵기 때문입니다. 실제로 저는 이전 직장에서 저보다 직무 지식과 역량이 높은 동기들과 함께 일을 했는데 처음에는 제가 동기들에 비해 많이 부족했습니다. 하지만 시간이 흐르고 경험이 쌓이고 제 직무 지식과 역량이 자리를 잡자 저의 솔선수범하는 태도가 빛을 발해서 결국 제가 친구들보다 더 좋은 성과를 얻었던 경험이 있습니다.","wordCount":83},"emotion":[],"intent":[{"text":"","expression":"","category":"attitude"}],"summary":{"text":"저는 직무 지식 역량 태도 이 세 가지 요소 중 가장 중요하다고 생각되는 것은 태도입니다. 태도라는 것은 결국 살아온 삶의 가치관이기 때문에 쉽게 바꾸기 어렵기 때문입니다.","wordCount":26}}},"rawDataInfo":{"question":{"fileFormat":"wav","fileSize":645838,"duration":20180,"samplingBit":16,"channelCount":1,"samplingRate":"16kHz","audioPath":"/Mock/02.SalesMarketing/Male/New/ckmk_q_sm_m_n_203941.wav"},"answer":{"fileFormat":"wav","fileSize":2704078,"duration":84500,"samplingBit":16,"channelCount":1,"samplingRate":"16kHz","audioPath":"/Mock/02.SalesMarketing/Male/New/ckmk_a_sm_m_n_203941.wav"}}}