{"version":"1.0","dataSet":{"info":{"date":"20230116","occupation":"SM","channel":"MOCK","place":"ONLINE","gender":"MALE","ageRange":"-34","experience":"NEW"},"question":{"raw":{"text":"면접자님은 팀으로 일하는 것과 혼자 일하는 것 중 어느 것을 더 선호하시는 편인가요 그렇게 말씀하시는 이유도 같이 설명해 주시겠어요","wordCount":19},"emotion":[],"intent":[]},"answer":{"raw":{"text":"저는 팀으로 일하는 것과 혼자 일하는 것 중에서 팀으로 일하는 것을 더욱 선호합니다. 왜냐하면 저는 조직 생활에 어울리는 인재라고 생각하기 때문인데요. 이러한 조직에서 저는 팀원으로서 활동도 해봤고 또 중간 관리자로서 활동도 해봤고 리더로서의 경험도 있습니다. 이러한 저의 다양한 경험은 팀원으로서 또 팀의 리더로서 이 팀의 능률을 최상으로 올리는데 정말 크게 도움이 될 것이라고 생각합니다. 또 다른 이유는 제가 혼자 일했을 때보다 팀으로 일했을 때 생각도 하지 못한 더 좋은 결과물이 나오는 것을 직접 목격했기 때문입니다. 혼자서는 절대 해낼 수 없을 것이라 생각했던 업무를 팀원들과 협업을 통해 대화를 나누고 또 의견을 조율하면서 이끌어 갔더니 생각보다 짧은 시일 내에 새로운 아이디어가 나왔고 그 아이디어가 해결의 실마리 실마리가 되어서 문제를 생각보다 간단하게 해결할 수 있다는 것을 깨달았습니다. 저의 이런 팀으로서의 경험 그리고 팀으로서 좋은 성과를 냈던 경험은 제가 팀으로 일하는 것을 선호하게 된 가장 큰 이유입니다.","wordCount":133},"emotion":[],"intent":[{"text":"","expression":"","category":"attitude"}],"summary":{"text":"저는 팀원, 중간관리자, 리더로서의 경험을 바탕으로 이 조직의 능률을 최상으로 올리는데 큰 도움이 될 것이라고 생각합니다. 또 다른 이유는 혼자 일했을 때보다 팀원들과 협업을 통해 더 좋은 결과물이 나오는 것을 직접 목격했기 때문입니다. 이러한 경험들은 제가 팀으로 일하는 것을 선호하게 된 가장 큰 이유입니다.","wordCount":44}}},"rawDataInfo":{"question":{"fileFormat":"wav","fileSize":427918,"duration":13370,"samplingBit":16,"channelCount":1,"samplingRate":"16kHz","audioPath":"/Mock/02.SalesMarketing/Male/New/ckmk_q_sm_m_n_240289.wav"},"answer":{"fileFormat":"wav","fileSize":3628558,"duration":113390,"samplingBit":16,"channelCount":1,"samplingRate":"16kHz","audioPath":"/Mock/02.SalesMarketing/Male/New/ckmk_a_sm_m_n_240289.wav"}}}