{"version":"1.0","dataSet":{"info":{"date":"20230116","occupation":"SM","channel":"MOCK","place":"ONLINE","gender":"MALE","ageRange":"-34","experience":"NEW"},"question":{"raw":{"text":"팀으로 일하는 것과 혼자 일하는 것 중 지원자님은 어느 것을 더 선호하시나요 이유도 함께 말씀해 주세요","wordCount":16},"emotion":[],"intent":[]},"answer":{"raw":{"text":"저는 팀으로 일하는 것과 혼자 일하는 것 중 팀으로 일하는 것을 선호합니다. 왜냐하면 팀으로 일하면서 많은 사람들의 장점을 보고 그들의 장점을 저의 장점으로 만들 수 있기 때문입니다. 혼자 일하면 시간 관리도 편하고 갈등도 발생하지 않기 때문에 많은 사람들은 혼자 일하는 것을 더 선호합니다. 하지만 저는 팀으로 일하는 것이 어려운 점도 있지만 새로운 사람들을 만나고 그들의 장점을 보고 배우면서 저의 성장을 만들어 줄 수 있기 때문에 팀으로 일하는 것을 더 선호합니다. 실제로 제가 이전 직장에서 일하면서 한 디자이너에게 각종 디자인 방법에 대해 배운 적이 있습니다. 물론 배우는 순간에는 어렵고 힘들었지만 결국 그 디자인 방법에 대해서 능숙해지면서 그것은 저의 큰 자산이 되었습니다. 이런 이유 때문에 저는 팀으로 일하는 것을 선호합니다.","wordCount":108},"emotion":[],"intent":[{"text":"하지만   저는 팀으로 일하는 것이 어려운 점도 있지만 새로운 사람들을 만나고 그들의 장점을 보고 배우면서   저의 성장을 만들어 줄 수 있기 때문에 팀으로 일하는 것을 더 선호합니다.","expression":"c_cop","category":"personality"}],"summary":{"text":"저는 팀으로 일하는 것을 선호합니다. 혼자 일하면 시간 관리도 편하고 갈등도 발생하지 않아 많은 이들은 혼자 일하는 것을 더 선호하지만 저는 새로운 사람들을 만나고 그들의 장점을 보고 배우면서 저의 성장을 만들어 줄 수 있기 때문에 그렇게 합니다.","wordCount":37}}},"rawDataInfo":{"question":{"fileFormat":"wav","fileSize":293198,"duration":9160,"samplingBit":16,"channelCount":1,"samplingRate":"16kHz","audioPath":"/Mock/02.SalesMarketing/Male/New/ckmk_q_sm_m_n_180888.wav"},"answer":{"fileFormat":"wav","fileSize":2862158,"duration":89440,"samplingBit":16,"channelCount":1,"samplingRate":"16kHz","audioPath":"/Mock/02.SalesMarketing/Male/New/ckmk_a_sm_m_n_180888.wav"}}}