{"version":"1.0","dataSet":{"info":{"date":"20230116","occupation":"SM","channel":"MOCK","place":"ONLINE","gender":"MALE","ageRange":"-34","experience":"NEW"},"question":{"raw":{"text":"우리 회사에 입사를 딱 하셨는데 업무 내용이나 강도가 예상했던 것과 전혀 다르다면 어떻게 하시겠습니까","wordCount":14},"emotion":[],"intent":[]},"answer":{"raw":{"text":"회사에 입사를 했더니 업무 내용이나 강도가 제가 생각했던 것과 전혀 다르다면 처음에는 우선 최대한 적응하도록 노력하겠습니다. 왜냐하면 저는 신입사원이고 아직 회사에 대해서도 이 업계에 대해서도 잘 모릅니다. 그렇기 때문에 전문가인 직장 상사나 인사 담당자가 충분한 고민과 분석 끝에 해당 업무를 저에게 주고 해당 업무 강도를 저에게 주었을 거 같습니다. 따라서 처음에는 최대한 적응하려고 노력하겠습니다. 하지만 시간이 지나고 제가 객관적으로 충분한 연차가 쌓였는데도 업무 내용이나 강도가 여전히 제가 생각했을 때 문제가 있다면 인사 담당자 혹은 직장 상사와 면담을 통해서 저의 생각을 말씀드리고 이 부분이 조율되지 않는다면 어쩔 수 없이 회사를 그만둬야 할 것 같습니다.","wordCount":93},"emotion":[],"intent":[{"text":"","expression":"","category":"attitude"}],"summary":{"text":"저는 신입사원이고 이 업계에 대해서도 잘 모릅니다. 하지만 전문가인 직장 상사나 인사 담당자가 충분한 고민과 분석 끝에 해당 업무를 주었을 것 같습니다. 하지만 시간이 지나고 객관적으로 충분한 연차가 쌓였는데도 문제가 있다면 이 부분이 조율되지 않는다면 회사를 그만둬야 합니다.","wordCount":38}}},"rawDataInfo":{"question":{"fileFormat":"wav","fileSize":422798,"duration":13210,"samplingBit":16,"channelCount":1,"samplingRate":"16kHz","audioPath":"/Mock/02.SalesMarketing/Male/New/ckmk_q_sm_m_n_180758.wav"},"answer":{"fileFormat":"wav","fileSize":2421838,"duration":75680,"samplingBit":16,"channelCount":1,"samplingRate":"16kHz","audioPath":"/Mock/02.SalesMarketing/Male/New/ckmk_a_sm_m_n_180758.wav"}}}