{"version":"1.0","dataSet":{"info":{"date":"20230116","occupation":"SM","channel":"MOCK","place":"ONLINE","gender":"MALE","ageRange":"-34","experience":"NEW"},"question":{"raw":{"text":"팀으로 일하는 것과 혼자 일하는 것 중 지원자님은 어느 쪽을 더 선호하시나요 또한 그렇게 생각하시는 이유도 함께 말씀해 주시길 바랍니다","wordCount":20},"emotion":[],"intent":[]},"answer":{"raw":{"text":"팀으로 일하는 것과 혼자 일하는 것 중에 무엇을 더 선호하시나요 이유도 함께 말해주세요 라고 이렇게 질문을 해주셨는데요. 일단 저는 팀으로 일하는 것보다 혼자 일하는 것을 더 선호합니다. 어 왜냐하면 팀으로 일을 하면 나의 의견을 잘 말할 수 있긴 하지만 나의 의견을 잘 말해도 다른 사람의 의견이 더 좋거나 다른 사람의 의견이 채택된다면 내 의견이나 내 말을 잘 표현하지 못하고 시행하지 못할 수도 있는데 혼자 일하면 좀 복잡하고 어려운 부분이 많지만 나의 이야기를 창의력 있고 내가 잘하는 창의성과 이런 특별함으로 잘 풀어나갈 수 있기 때문에 저는 일단 혼자 일을 하는 것을 팀으로 일하는 것보다 더 선호하는 편입니다. 하지만 내가 만약에 전혀 알지 못하거나 배워야 할 부분이 있다고 생각하면 주변 사람들에게 도움을 청해서 혼자 일하는 것을 어 두려워하지 않고 다른 사람들의 의견도 적극 수용해서 내 의견과 비교하고 내 의견의 틀린 점과 상대방의 의견이 더 맞는 점 이런 점들을 잘 채택해서 그런 식으로 일을 하는 것을 좋아하는 것 같습니다. 그렇지만 평소에는 팀으로 일을 하는 것보다 혼자 일을 하는 것을 더 선호하고 더 좋아하는 것 같습니다.","wordCount":162},"emotion":[],"intent":[{"text":"","expression":"","category":"attitude"}],"summary":{"text":"팀으로 일하는 것보다 혼자 일하는 것을 더 선호합니다. 왜냐하면 저의 이야기를 창의력 있고 특별함으로 잘 풀어나갈 수 있기 때문입니다. 하지만 전혀 모르거나 배워야 할 부분이 있다고 생각하면 주변 사람들의 의견도 적극 수용해서 제 의견과 비교하고 제 의견의 틀린 점과 상대방의 의견이 더 맞는 점들을 잘 채택해서 일을 하는 것을 좋아하는 것 같습니다.","wordCount":52}}},"rawDataInfo":{"question":{"fileFormat":"wav","fileSize":621518,"duration":19420,"samplingBit":16,"channelCount":1,"samplingRate":"16kHz","audioPath":"/Mock/02.SalesMarketing/Male/New/ckmk_q_sm_m_n_199329.wav"},"answer":{"fileFormat":"wav","fileSize":2743758,"duration":85740,"samplingBit":16,"channelCount":1,"samplingRate":"16kHz","audioPath":"/Mock/02.SalesMarketing/Male/New/ckmk_a_sm_m_n_199329.wav"}}}