{"version":"1.0","dataSet":{"info":{"date":"20230116","occupation":"SM","channel":"MOCK","place":"ONLINE","gender":"MALE","ageRange":"-34","experience":"NEW"},"question":{"raw":{"text":"본인이 직접 해외 출장 장소를 선택할 수 있다면 지원자님은 꼭 한번 가서 일 해보고 싶은 나라가 있는지 또 이유도 함께 말씀해 주세요","wordCount":22},"emotion":[],"intent":[]},"answer":{"raw":{"text":"제가 만약 해외 출장 장소를 선택할 수 있다면 미국에 가서 일해보고 싶습니다. 그 이유는 여러 가지가 있는데요 첫 번째는 미국이 세계에서 가장 큰 시장이기 때문에 제가 미국에서 일한다면 성장할 수 있을 것이라 생각하기 때문입니다. 저는 항상 저의 역량을 더 발전시키고 싶은 사람입니다. 그렇기 때문에 미국이라는 큰 시장에서 저의 능력을 인정받는다면 정말 행복할 거 같습니다. 다음으로는 미국 시장에 진출하는 것이 가능해진다면 유럽 남미 아프리카 등 다른 나라로 진출하는 데도 큰 자신감을 얻을 수 있기 때문입니다. 미국 시장에서 인정을 받았다는 것은 다른 시장에서도 충분히 경쟁력이 있다는 것을 보여준다고 생각합니다. 그래서 미국 진출을 한 뒤 또 다른 국가로 진출해서 저희 커리어를 더 발전시키고 싶습니다.","wordCount":101},"emotion":[],"intent":[{"text":"","expression":"","category":"attitude"}],"summary":{"text":"미국의 출장 장소를 선택할 수 있다면 일해보고 싶습니다. 그 이유는 미국이 세계에서 가장 큰 시장이기 때문입니다. 다음으로는 미국 시장 진출이 가능해진다면 다른 나라로 진출하는 데도 큰 자신감을 얻을 수 있기 때문입니다. 그래서 미국 진출을 한 뒤 다른 국가로 진출해서 커리어를 더 발전시키려 합니다.","wordCount":43}}},"rawDataInfo":{"question":{"fileFormat":"wav","fileSize":631438,"duration":19730,"samplingBit":16,"channelCount":1,"samplingRate":"16kHz","audioPath":"/Mock/02.SalesMarketing/Male/New/ckmk_q_sm_m_n_197004.wav"},"answer":{"fileFormat":"wav","fileSize":2836558,"duration":88640,"samplingBit":16,"channelCount":1,"samplingRate":"16kHz","audioPath":"/Mock/02.SalesMarketing/Male/New/ckmk_a_sm_m_n_197004.wav"}}}