{"version":"1.0","dataSet":{"info":{"date":"20230116","occupation":"SM","channel":"MOCK","place":"ONLINE","gender":"MALE","ageRange":"35-44","experience":"NEW"},"question":{"raw":{"text":"점차 현대 사회로 갈수록 발전되는 것들이 많고 없어지는 직업도 많습니다 그렇다면은 가장 중요하다고 생각하는 없어서는 안 될 직업을 한 가지만 골라서 말씀해 주세요","wordCount":23},"emotion":[],"intent":[]},"answer":{"raw":{"text":"현대 사회에서 없어서는 안 될 가장 중요하다고 생각하는 직업을 한 가지만 골라 달라고 하였습니다. 지금 현실의 삶을 살아가는 데 있어 의식주 문제 말고도 수많은 곳 도처에 중요한 직책들이 난무하고 있습니다. 소방관 의사 경찰관 등등 없어서는 안 될 사회의 아주 중요한 임무를 지닌 직업들입니다. 가장 중요하다 라고 생각되는 직업은 의사입니다. 환자들은 앞으로도 고령화 시대라 계속 증가할 것이고 코로나 일 구 등 세계적인 전염 질환들이 계속해서 발생하고 있는 요즘 같은 시대에 정말 필요하고 없어서는 안 될 중요한 직업이다 라고 하면 단연 의사가 아닐까 라고 생각을 해 봅니다. 의사가 없다면 많은 사람들이 질병에 노출되어 건강을 해칠 것이고 엄청난 파국에 치닫지 않을까 생각을 해봅니다.","wordCount":100},"emotion":[],"intent":[{"text":"","expression":"","category":"attitude"}],"summary":{"text":"현대 사회에서 가장 중요하다고 생각되는 직업은 의사입니다. 고령화 시대라 계속 증가할 것이고 세계적인 전염 질환들이 계속해서 발생하고 있는 요즘 같은 시대에 가장 중요하고 없어서는 안 될 중요한 직업이라고 한다면 단연 의사일 것입니다.","wordCount":32}}},"rawDataInfo":{"question":{"fileFormat":"wav","fileSize":508238,"duration":15880,"samplingBit":16,"channelCount":1,"samplingRate":"16kHz","audioPath":"/Mock/02.SalesMarketing/Male/New/ckmk_q_sm_m_n_231426.wav"},"answer":{"fileFormat":"wav","fileSize":3257358,"duration":101790,"samplingBit":16,"channelCount":1,"samplingRate":"16kHz","audioPath":"/Mock/02.SalesMarketing/Male/New/ckmk_a_sm_m_n_231426.wav"}}}