{"version":"1.0","dataSet":{"info":{"date":"20230116","occupation":"SM","channel":"MOCK","place":"ONLINE","gender":"MALE","ageRange":"-34","experience":"NEW"},"question":{"raw":{"text":"우리 지원자님께서 가지고 있는 상위 일 퍼센트의 능력이 있다면 그 능력은 어떤 것인지 최대한 자세하게 설명해 주실 수 있으신가요","wordCount":19},"emotion":[],"intent":[]},"answer":{"raw":{"text":"제가 가지고 있는 상위 일 퍼센트의 능력은 바로 외국어 능력입니다. 저는 어린 시절부터 미국 드라마를 보고 미국 영화를 보고 미국 노래를 들으면서 각종 영어 대사와 노래 가사들을 달달 외우고 따라 했습니다. 대학에 가서는 미국으로 교환 학생을 떠났고 영어로 수업을 듣고 영어로 과제를 하고 영어로 사람들과 친해지면서 영어 실력을 향상시켰습니다. 한국으로 돌아와서는 토익 학원에 다니면서 부족했던 영어 문법이나 각종 영어 단어들을 공부했고 그 결과 토익 만점이라는 결과를 얻었습니다. 따라서 저는 저만이 가지고 있는 상위 일 퍼센트의 능력은 바로 이 영어 실력이라고 생각합니다.","wordCount":81},"emotion":[{"text":"한국으로 돌아와서는 토익 학원에 다니면서 부족했던 영어 문법이나 각종 영어 단어들을 공부했고 그 결과 토익 만점이라는 결과를 얻었습니다.","expression":"u-fact","category":"neutral"}],"intent":[{"text":"대학에 가서는 미국으로 교환 학생을 떠났고 영어로 수업을 듣고 영어로 과제를 하고 영어로 사람들과 친해지면서 영어 실력을 향상시켰습니다.","expression":"c_private","category":"background"},{"text":"한국으로 돌아와서는 토익 학원에 다니면서 부족했던 영어 문법이나 각종 영어 단어들을 공부했고 그 결과 토익 만점이라는 결과를 얻었습니다.","expression":"c_private","category":"background"}],"summary":{"text":"저는 어린 시절부터 미국 드라마, 영화, 노래를 듣고 따라했습니다. 대학에서는 교환학생으로 영어수업을 듣고 영어와 친해졌고, 한국으로 돌아와서는 토익 만점을 얻었습니다. 제가 가진 상위 일 퍼센트의 능력은 바로 영어 실력이라고 생각합니다.","wordCount":30}}},"rawDataInfo":{"question":{"fileFormat":"wav","fileSize":411598,"duration":12860,"samplingBit":16,"channelCount":1,"samplingRate":"16kHz","audioPath":"/Mock/02.SalesMarketing/Male/New/ckmk_q_sm_m_n_197202.wav"},"answer":{"fileFormat":"wav","fileSize":2554958,"duration":79840,"samplingBit":16,"channelCount":1,"samplingRate":"16kHz","audioPath":"/Mock/02.SalesMarketing/Male/New/ckmk_a_sm_m_n_197202.wav"}}}