{"version":"1.0","dataSet":{"info":{"date":"20230116","occupation":"SM","channel":"MOCK","place":"ONLINE","gender":"MALE","ageRange":"-34","experience":"NEW"},"question":{"raw":{"text":"혹시 지금 읽고 계신 책이 있으십니까 있다면 어떤 책인지 소개를 부탁드리겠습니다 그리고 왜 그 책을 읽으시는지도 함께 말씀해 주시기 바랍니다","wordCount":20},"emotion":[],"intent":[]},"answer":{"raw":{"text":"저는 이순신 장군이 쓴 난중일기라는 책을 읽고 있습니다. 이 책은 이순신 장군이 임진왜란을 겪으면서 있었던 여러 가지 사건들 또 개인적인 생각들 이런 것들을 담은 책인데요. 제가 이 책을 읽기 시작한 이유는 최근에 개봉했던 한산이라는 영화를 보고 나서 이순신 장군의 전략과 의리 결단력에 큰 감명을 받았기 때문입니다. 이순신 장군은 상대적인 열세 상황에서도 늘 평정심을 가지고 애국심과 의리로 항상 최고의 결정만을 내렸던 사람입니다. 그래서 한산도 앞바다에서 일본군들을 무찌를 수 있었는데요. 저 또한 이순신 장군님의 이런 평정심과 지혜 이런 것들을 조금이나마 배워서 이 회사에서 발휘할 수 있도록 그렇게 하고 싶기 때문에 최근 난중일기란 책을 사서 열심히 읽고 있습니다. 꼭 이 회사의 이순신 같은 사람이 되겠습니다.","wordCount":102},"emotion":[{"text":"이 책은   이순신 장군이 임진왜란을 겪으면서 있었던 여러 가지 사건들   또 개인적인 생각들 이런 것들을 담은 책인데요.","expression":"u-fact","category":"neutral"},{"text":"제가 이 책을 읽기 시작한 이유는 최근에 개봉했던 한산이라는 영화를 보고 나서   이순신 장군의 전략과 의리 결단력에   큰 감명을 받았기 때문입니다.","expression":"p-gratitude","category":"positive"}],"intent":[{"text":"","expression":"","category":"attitude"}],"summary":{"text":"이순신 장군은 상대적인 열세 상황에서도 항상 평정심을 가지고 애국심과 의리로 항상 최고의 결정만을 내렸던 사람입니다. 저 또한 이순신 장군님의 평정심과 지혜 같은 것들을 회사에서 발휘할 수 있도록 이 책을 사서 열심히 읽고 있습니다.","wordCount":33}}},"rawDataInfo":{"question":{"fileFormat":"wav","fileSize":504398,"duration":15760,"samplingBit":16,"channelCount":1,"samplingRate":"16kHz","audioPath":"/Mock/02.SalesMarketing/Male/New/ckmk_q_sm_m_n_180471.wav"},"answer":{"fileFormat":"wav","fileSize":2899918,"duration":90620,"samplingBit":16,"channelCount":1,"samplingRate":"16kHz","audioPath":"/Mock/02.SalesMarketing/Male/New/ckmk_a_sm_m_n_180471.wav"}}}