{"version":"1.0","dataSet":{"info":{"date":"20230116","occupation":"SM","channel":"MOCK","place":"ONLINE","gender":"MALE","ageRange":"-34","experience":"NEW"},"question":{"raw":{"text":"방문 판매 매출 증진을 위해 요즘 인터넷 채널을 많이 활용하고 있는데 이 때 일어나는 문제점에 대해서 말씀해 주실 수 있나요","wordCount":20},"emotion":[],"intent":[]},"answer":{"raw":{"text":"방문 판매 방문 판매 매출을 증진하기 위해서 인터넷 채널을 여는 것 어떻게 보면 굉장히 어려운 일입니다. 어려운 일이다 보니 문제점이 나올 수 있고요. 방문 판매라는 것은 사실 그렇게 이미지가 좋지 않습니다. 모르는 사람이 갑자기 찾아와 물건을 팔려하는 것이죠. 이 물건이 뭔지도 몰라 생소한 상태인데 외부인이 들어와 판매를 할려는 것은 굉장히 이질감이 들기 쉽습니다. 그래서 많은 사람들은 인터넷 채널을 이용해 방문 판매 예약을 잡고 잡으려고 하고 있죠. 인터넷 채널을 이용해서 매출을 증진하려는 방법 중에 무엇을 파는지에 대한 상품에 대한 설명이 굉장히 부족한 것 같습니다. 안 그래도 이질적인 사람이 들어와 영업을 하는 것인데 이 물건이 무엇인지부터 알아야 되기 때문에 이 채널을 이용해 탐 매출 증진을 위한 홍보를 하려 한다면 어떤 제품을 판매하려 하고 이 제품이 어떠한 성질을 갖고 있고 얼마고 이런 것들을 공공연하게 광고해야 된다고 생각합니다. 다짜고짜 사은품 혹은 예약을 잡는 것에 취중해야 하는 것이 아니죠.","wordCount":134},"emotion":[],"intent":[{"text":"","expression":"","category":"attitude"}],"summary":{"text":"방문 판매라는 것이 생소한 상태인데 외부인이 들어와 판매를 하려는 것은 굉장히 이질감이 들기 쉽기 때문에 사람들은 인터넷 채널을 이용해 방문 판매 예약을 잡고 잡으려고 하고 있는데, 인터넷 채널을 이용해서 매출을 증진하려는 방법 중에 무엇을 파는지에 대한 상품에 대한 설명이 굉장히 부족한 것 같습니다.","wordCount":43}}},"rawDataInfo":{"question":{"fileFormat":"wav","fileSize":291278,"duration":9100,"samplingBit":16,"channelCount":1,"samplingRate":"16kHz","audioPath":"/Mock/02.SalesMarketing/Male/New/ckmk_q_sm_m_n_212715.wav"},"answer":{"fileFormat":"wav","fileSize":2806478,"duration":87700,"samplingBit":16,"channelCount":1,"samplingRate":"16kHz","audioPath":"/Mock/02.SalesMarketing/Male/New/ckmk_a_sm_m_n_212715.wav"}}}