{"version":"1.0","dataSet":{"info":{"date":"20230116","occupation":"SM","channel":"MOCK","place":"ONLINE","gender":"MALE","ageRange":"-34","experience":"NEW"},"question":{"raw":{"text":"커뮤니케이션을 잘 할 수 있는 나만의 스킬이 있을까요 있다면 한번 소개해 주시고 가능하다면 직접 보여주셔도 좋을 것 같습니다","wordCount":18},"emotion":[],"intent":[]},"answer":{"raw":{"text":"저 같은 경우는 말하는 거 반 듣는 거 반입니다. 듣는 게 더 중요하다 말하는 게 더 중요하다 어떻게 보면 저는 편중하면 안 된다고 생각합니다. 듣기만 하면은 제가 무슨 생각을 하고 무슨 의견을 갖고 있는지 상대방은 모릅니다. 말을 하기만 하면 상대방은 어떻게 생각하고 제 이 말에 어떻게 동요 되는지 알 수가 없습니다. 그렇기 때문에 저는 듣고 말하기를 반반합니다. 근데 말을 할 때는 위트를 섞어서 얘기합니다. 위트를 섞어서 얘기를 하고 들을 때는 정리를 해 가면서 듣습니다. 상대방이 말을 한 번 하기 시작하면은 끝까지 듣습니다. 끝까지 들으면서 한 번씩 도중에 정리를 합니다. 아 그러니까 지금 당신의 말은 이 부분이 이렇기 때문에 현재 이런 상황에 와 있고 당신이 이 상황에 대해 이렇게 생각을 해서 앞으로 이렇게 행동할 것 같다는 말씀이시죠. 이런 식으로 한 번씩 정리를 해주면 상대방은 제가 상대방의 말에 아 귀 기울이고 있구나 제대로 이해하고 있구나 라고 생각을 하면서 공감을 하게 되고 더욱더 자기의 진심을 더 표현하려고 노력하게 되는 심리가 생기죠.","wordCount":148},"emotion":[],"intent":[{"text":"","expression":"","category":"attitude"}],"summary":{"text":"저는 듣고 말하기를 반반합니다. 그런데 말을 할 때는 위트를 섞어서 얘기하며 들을 때는 정리를 해 가면서 듣습니다. 이런 식으로 한 번씩 정리를 해주면 상대방은 공감을 하게 되고 자기의 진심을 더 표현하려고 노력하게 되는 심리가 생깁니다.","wordCount":35}}},"rawDataInfo":{"question":{"fileFormat":"wav","fileSize":604878,"duration":18900,"samplingBit":16,"channelCount":1,"samplingRate":"16kHz","audioPath":"/Mock/02.SalesMarketing/Male/New/ckmk_q_sm_m_n_189104.wav"},"answer":{"fileFormat":"wav","fileSize":2825038,"duration":88280,"samplingBit":16,"channelCount":1,"samplingRate":"16kHz","audioPath":"/Mock/02.SalesMarketing/Male/New/ckmk_a_sm_m_n_189104.wav"}}}