{"version":"1.0","dataSet":{"info":{"date":"20230116","occupation":"SM","channel":"MOCK","place":"ONLINE","gender":"MALE","ageRange":"-34","experience":"NEW"},"question":{"raw":{"text":"어 동물 실험이 인간에게 주는 이익은 여러 가지가 있는데요 어 지원자님이 생각하시는 동물 실험에 대한 생각을 어 편하게 설명해 주시기를 바랍니다","wordCount":21},"emotion":[],"intent":[]},"answer":{"raw":{"text":"동물 실험을 하면서 인간에게 도움이 되는 부분이 많이 있습니다. 특히 의학이나 제약 분야에는 굉장히 큰 도움이 되고 있습니다. 인간에게 직접 할 수 없는 의학 실험이나 제약 투여 실험 같은 분야들을 동물들에게 실험함으로써 이런 기술이 조금 더 발전할 수 있다고 생각합니다. 하지만 저는 동물 실험에 대한 생각은 부정적으로 생각하고 있습니다. 동물도 하나의 생명체이기 때문에 인간이 인간의 욕심만 가지고 동물 실험을 자행하는 것은 옳지 않다고 생각합니다. 인간의 생명이 소중하듯이 동물들의 생명도 소중하다는 생각을 하기 때문에 무분별한 동물 실험은 금지되어야 된다고 생각합니다.","wordCount":79},"emotion":[],"intent":[{"text":"동물도 하나의 생명체이기 때문에 인간이 인간의 욕심만 가지고 동물 실험을 자행하는 것은 옳지 않다고 생각합니다.","expression":"c_value","category":"background"},{"text":"인간의 생명이 소중하듯이 동물들의 생명도 소중하다는 생각을 하기 때문에 무분별한 동물 실험은 금지되어야 된다고 생각합니다.","expression":"c_value","category":"background"}],"summary":{"text":"인간에게 직접 할 수 없는 의학 실험이나 제약 투여 실험 같은 분야들을 동물들에게 실험함으로써 인간에게 도움이 되는 부분이 많이 있습니다. 하지만 무분별한 동물 실험은 금지되어야 한다고 생각합니다.","wordCount":27}}},"rawDataInfo":{"question":{"fileFormat":"wav","fileSize":435278,"duration":13600,"samplingBit":16,"channelCount":1,"samplingRate":"16kHz","audioPath":"/Mock/02.SalesMarketing/Male/New/ckmk_q_sm_m_n_236167.wav"},"answer":{"fileFormat":"wav","fileSize":2353998,"duration":73560,"samplingBit":16,"channelCount":1,"samplingRate":"16kHz","audioPath":"/Mock/02.SalesMarketing/Male/New/ckmk_a_sm_m_n_236167.wav"}}}