{"version":"1.0","dataSet":{"info":{"date":"20230116","occupation":"SM","channel":"MOCK","place":"ONLINE","gender":"MALE","ageRange":"35-44","experience":"NEW"},"question":{"raw":{"text":"지원자님께서는 지금 본인이 내일 죽는다는 사실을 안다면 당장 무엇을 할 생각이십니까 지원자님께서는 이 면접을 끝까지 계속 보실 건가요","wordCount":18},"emotion":[],"intent":[]},"answer":{"raw":{"text":"지금 본인이 내일 죽는다는 사실을 알게 된다면 당장 무엇을 할 것인지 이 면접을 끝까지 볼 것인지 질문하셨습니다. 내일 죽는다면 지금 이 면접을 볼 이유가 없어집니다. 오늘이 일생의 마지막 날이 된다면 남은 시간이 얼마가 되었든 아주 부족하게 느껴질 것이고 여러 가지 제 삶의 마무리를 차근차근 준비해 나가야 할 시간입니다. 가족 지인 친척 모든 사람들에게 제가 내일 죽게 된다면 일어날 일들을 그리고 알려야 하는 일들을 먼저 우선적으로 정리를 해야 합니다. 제 주변 정리를 해야 하고 앞으로의 남아있는 사람들에게 제 이미지가 나빠지지 않도록 그간 해왔던 잘못이 있다면 사과를 하고 도움이 될 것이 있다면 도움을 모두 줘 줘야 합니다. 오늘이 마지막인데 제 욕심은 챙길 필요가 없어지는 상황입니다. 다 내려놓고 남아있는 사람들을 위해서 최선을 다해 마무리를 잘 하고 떠날 준비를 해야 할 거 같습니다.","wordCount":119},"emotion":[],"intent":[{"text":"","expression":"","category":"attitude"}],"summary":{"text":"내일 죽는다면 당장 무엇을 할 것인지 이 면접을 끝까지 볼 것인지 질문하였습니다. 내일이 일생의 마지막 날이 된다면 남은 시간이 얼마든 아주 부족하게 느껴질 것이고 여러 가지 제 삶의 마무리를 조금씩 준비하고 떠날 준비를 해야 할 거 같습니다.","wordCount":37}}},"rawDataInfo":{"question":{"fileFormat":"wav","fileSize":663118,"duration":20720,"samplingBit":16,"channelCount":1,"samplingRate":"16kHz","audioPath":"/Mock/02.SalesMarketing/Male/New/ckmk_q_sm_m_n_230948.wav"},"answer":{"fileFormat":"wav","fileSize":3389518,"duration":105920,"samplingBit":16,"channelCount":1,"samplingRate":"16kHz","audioPath":"/Mock/02.SalesMarketing/Male/New/ckmk_a_sm_m_n_230948.wav"}}}