{"version":"1.0","dataSet":{"info":{"date":"20230116","occupation":"SM","channel":"MOCK","place":"ONLINE","gender":"MALE","ageRange":"35-44","experience":"NEW"},"question":{"raw":{"text":"어 본인의 장점과 단점이 있으실 텐데요 본인이 생각하기에 본인의 장단점을 설명해 주시고 또 본인이 그것을 특화시키고 또 단점을 극복하기 위해서 노력했던 경험이 있다면 함께 말씀해 주세요","wordCount":26},"emotion":[],"intent":[]},"answer":{"raw":{"text":"가 가지고 있는 능력 중에 하나는 경쟁사 동향을 잘 파악한다는 점입니다. 저에 이런 장점 부분은 제가 가진 호기심에서 기인을 하는데요. 저는 평소에 새로운 플랫폼이나 새로운 것들이 나오게 되면 그런 부분들을 꼭 한 번씩 직접 이용해보고 어떤 부분이 좋은지 어떤 부분이 안 좋은지에 대해서 혼자 여러 번 생각해보곤 합니다. 이런 부분들이 업무에 있어서 굉장히 도움이 되는 이유는 배경 지식에 있는데요. 제가 다양한 배경 지식들을 가지고 있을 때 고객에 성향에 대해서 더 잘 이해를 할 수 있고 혹은 그걸 기반으로 해서 더 다양한 설득의 방법들을 진행할 수 있다는 점에 대해서 굉장히 유용하다 라는 생각들을 하고 있습니다.","wordCount":94},"emotion":[],"intent":[{"text":"","expression":"","category":"attitude"}],"summary":{"text":"경쟁사 동향을 잘 파악한다는 점은 업무에 있어서 굉장히 도움이 되는 배경 지식에 있습니다. 다양한 배경 지식들을 가지고 있을 때 고객에 성향에 대해서 더 잘 이해를 할 수 있고 또 다양한 설득의 방법들을 진행할 수 있다고 생각합니다.","wordCount":36}}},"rawDataInfo":{"question":{"fileFormat":"wav","fileSize":557838,"duration":17430,"samplingBit":16,"channelCount":1,"samplingRate":"16kHz","audioPath":"/Mock/02.SalesMarketing/Male/New/ckmk_q_sm_m_n_224726.wav"},"answer":{"fileFormat":"wav","fileSize":2014478,"duration":62950,"samplingBit":16,"channelCount":1,"samplingRate":"16kHz","audioPath":"/Mock/02.SalesMarketing/Male/New/ckmk_a_sm_m_n_224726.wav"}}}