{"version":"1.0","dataSet":{"info":{"date":"20230116","occupation":"SM","channel":"MOCK","place":"ONLINE","gender":"MALE","ageRange":"-34","experience":"NEW"},"question":{"raw":{"text":"어 지원자님의 의견을 주장하실 때 강하게 주장하는 편이신가요 그리고 어떤 스타일로 자신의 의견을 주장하시는 편인지 어 설명해 주시길 바랍니다","wordCount":19},"emotion":[],"intent":[]},"answer":{"raw":{"text":"저는 사람들과 소통할 때 저에 의견이 강하게 되고 있다 라고 느껴지는 순간 저는 속으로 삼 초를 셉니다. 삼 초의 효과 무언가를 강하게 얘기하려고 하는 어떤 그러한 텐션이 올라올 때 잠깐 멈춰 서고 숫자를 하나 둘 셋 세게 됩니다. 그렇게 하면 그 강력했던 나의 주장이 조금 완화되어서 상대에게 상대들에게 조금 부드럽게 전달할 수 있게 됩니다. 이런 방법을 통해서 저는 온갖 수많은 갈등 상황들을 완화시킬 수 있었고 피를 볼 뻔한 여러 상황들도 모면할 수 있게 되었습니다. 제가 그렇게 할 수 있는 이유는 제가 옛날에 그렇게 강력하게 주장을 하다가 많은 사람들을 잃었기 때문입니다. 그래서 저는 아 뭔가 강하게 얘기할려고 할 때는 세 번을 생각하자 라는 결심이 섰기 때문입니다.","wordCount":105},"emotion":[],"intent":[{"text":"","expression":"","category":"attitude"}],"summary":{"text":"사람들과 소통할 때 삼 초를 셉니다. 삼 초의 효과는 강하게 얘기하려고 할 때 잠시 멈춰 서고 숫자를 하나 둘 셋 세게 하면 저의 주장이 조금 완화되어서 상대에게 부드럽게 전달할 수 있게 됩니다.","wordCount":32}}},"rawDataInfo":{"question":{"fileFormat":"wav","fileSize":454478,"duration":14200,"samplingBit":16,"channelCount":1,"samplingRate":"16kHz","audioPath":"/Mock/02.SalesMarketing/Male/New/ckmk_q_sm_m_n_193708.wav"},"answer":{"fileFormat":"wav","fileSize":2560718,"duration":80020,"samplingBit":16,"channelCount":1,"samplingRate":"16kHz","audioPath":"/Mock/02.SalesMarketing/Male/New/ckmk_a_sm_m_n_193708.wav"}}}