{"version":"1.0","dataSet":{"info":{"date":"20230116","occupation":"SM","channel":"MOCK","place":"ONLINE","gender":"MALE","ageRange":"-34","experience":"NEW"},"question":{"raw":{"text":"대학 생활을 보내면서 여러 가지 힘드셨던 점들이 있으시겠지만 가장 힘들었던 경험은 무엇인가요 그리고 그것을 어떻게 극복했는지도 말씀해 주시길 바랍니다","wordCount":19},"emotion":[],"intent":[]},"answer":{"raw":{"text":"대학 생활을 보내면서 가장 힘들었던 경험은 미국 교환 학생을 가기 위해 영어 성적을 만들었던 것입니다. 저는 대학교 삼 학년 시절 미국으로 교환 학생을 가겠다는 목표를 세웠습니다. 하지만 제 영어 성적이 많이 부족했습니다. 그래서 정말 밤낮없이 노력했습니다. 미국 드라마를 보면서 주인공들의 대사를 외우고 주인공들을 따라 그 대사를 따라 하면서 영어에 대한 감을 익혔고 음악을 들을 때도 팝송만 들었습니다. 그렇게 노력하면서 주말에는 토익 학원에 다녔습니다. 그렇게 약 육 개월간 노력한 결과 제가 원하던 성적을 받을 수 있었습니다. 그래서 미국으로 교환 학생을 가게 되었는데요. 미국에서 겪었던 경험은 저의 힘들었던 육 개월을 충분히 상쇄하고도 남는 귀중한 경험이었습니다.","wordCount":93},"emotion":[],"intent":[{"text":"그래서 미국으로 교환 학생을 가게 되었는데요.","expression":"c_private","category":"background"}],"summary":{"text":"대학 생활을 하면서 가장 힘들었던 경험은 미국 교환 학생을 가기 위해 영어 성적을 만들었던 것입니다. 드라마 속 주인공들의 대사를 따라 영어에 대한 감을 익혔고 주말에는 토익 학원에 다녔습니다. 그렇게 노력한 결과 원하던 성적을 받을 수 있었습니다.","wordCount":36}}},"rawDataInfo":{"question":{"fileFormat":"wav","fileSize":467278,"duration":14600,"samplingBit":16,"channelCount":1,"samplingRate":"16kHz","audioPath":"/Mock/02.SalesMarketing/Male/New/ckmk_q_sm_m_n_196493.wav"},"answer":{"fileFormat":"wav","fileSize":2601678,"duration":81300,"samplingBit":16,"channelCount":1,"samplingRate":"16kHz","audioPath":"/Mock/02.SalesMarketing/Male/New/ckmk_a_sm_m_n_196493.wav"}}}