{"version":"1.0","dataSet":{"info":{"date":"20230116","occupation":"SM","channel":"MOCK","place":"ONLINE","gender":"MALE","ageRange":"-34","experience":"NEW"},"question":{"raw":{"text":"본인 스스로 지원자께서 가지고 있는 위치보다 어려운 목표를 달성했던 경험이 있으신지요 있으시다면 그 경험이 무엇인지 말씀해 주시길 바랍니다","wordCount":18},"emotion":[],"intent":[]},"answer":{"raw":{"text":"제가 이 커머스 쪽 엠디로서 활동을 했었던 적이 있었습니다. 그 이 커머스를 통해서 이제 딜 같은 것을 진행을 했었는데요. 한 마디로 말씀드려서 행사입니다. 그 어느 정도 업체 측에서 마진 폭을 깎아 와서 저희 측에 가격을 만들어서 판매를 만들어야 되는 판매 실적을 만들어야 되는 그런 상황이었습니다. 거기서 제 역량과 전 정말로 부족하게 말도 안 듣는 가격을 만들어야 되는 상황이 닥쳐왔었습니다. 거기서 제가 선택을 했었던 것은 바로 진실함으로 업체한테 어필을 했었던 것이었습니다. 저는 정말 이 물건을 잘 팔고 싶은데 이 물건 가격으로는 아무래도 판매가 많이 어려울 것 같습니다. 어떻게 하면 이 물건을 잘 팔 수 있을지 한 번 저랑 같이 고민을 해 주시면 감사하겠습니다. 저의 이 태도에 업체께서는 완고하셨던 마음을 바꾸셔서 제가 생각했던 가격 가격보다 더 낮은 가격에 제시를 더 좋은 가격에 제시를 해 제시를 해 주셨고 그 결과 해당 행사를 정말 성공적으로 맞출 수 있었습니다. 이 경험을 통해서 어 진실된 마음이 잘 통한다 라는 교육을 얻게 되었습니다. 이상입니다.","wordCount":147},"emotion":[{"text":"제가 이 커머스 쪽 엠디로서 활동을 했었던 적이 있었습니다.","expression":"u-fact","category":"neutral"}],"intent":[{"text":"저의 이 태도에 업체께서는   완고하셨던 마음을 바꾸셔서 제가 생각했던 가격 가격보다 더 낮은 가격에 제시를 더 좋은 가격에 제시를 해 제시를 해 주셨고 그 결과 해당 행사를 정말 성공적으로 맞출 수 있었습니다.","expression":"s_sell_exp","category":"technology"}],"summary":{"text":"제가 이 커머스 쪽 엠디로서 활동을 했던 적이 있습니다. 어느 정도 업체 측에서 마진 폭을 깎아 와서 저희 측에 가격을 만들어서 판매를 만들어야 되는 판매 실적을 만들어야 되는 그런 상황이었습니다. 거기서 제가 선택했던 것은 바로 진실함으로 업체한테 어필을 했었던 것입니다. 이 경험을 통해서 진실된 마음이 잘 통한다는 것을 알게 되었습니다.","wordCount":50}}},"rawDataInfo":{"question":{"fileFormat":"wav","fileSize":492878,"duration":15400,"samplingBit":16,"channelCount":1,"samplingRate":"16kHz","audioPath":"/Mock/02.SalesMarketing/Male/New/ckmk_q_sm_m_n_185315.wav"},"answer":{"fileFormat":"wav","fileSize":2635278,"duration":82350,"samplingBit":16,"channelCount":1,"samplingRate":"16kHz","audioPath":"/Mock/02.SalesMarketing/Male/New/ckmk_a_sm_m_n_185315.wav"}}}