{"version":"1.0","dataSet":{"info":{"date":"20230116","occupation":"SM","channel":"MOCK","place":"ONLINE","gender":"MALE","ageRange":"35-44","experience":"NEW"},"question":{"raw":{"text":"지금까지 살아오면서 다양한 의사소통을 해보셨을 겁니다 그렇다면 그중에서 가장 어려웠던 의사소통 경험을 한 가지만 골라서 말씀해 주세요","wordCount":17},"emotion":[],"intent":[]},"answer":{"raw":{"text":"살면서 다양하게 수많은 커뮤니케이션을 경험을 해 본 것은 사실입니다. 그중에 가장 어려웠던 경험 한 가지를 꼽아 달라고 이야기하셨습니다. 제가 돌이켜보면 가장 어려웠던 경험 중 한 가지는 커뮤니케이션을 하는 과정에 연배가 아주 많으신 분이었고 저와는 살아온 환경과 시대가 전혀 다르다 보니 세대 차이가 많이 느껴지는 그런 분이셨습니다. 대화를 함에 있어 그분은 현재의 상황과 동떨어진 과거의 시대의 발상으로 계속 자기 주장만을 내세우며 현재의 상황에 전혀 걸맞지 않는 주장만을 반복하고 계셨습니다. 그런 분과 커뮤니케이션을 시도하는 자체도 아주 어려운 일이거니와 완성도 있게 좋은 결과를 내기란 더더욱 어려운 상황이었습니다. 그런 상황에서 제가 그분과 한 단계 한 단계 눈높이를 맞춰 나갔지만 끝내 좋은 결과로서 마무리 되지 못했던 아주 안타깝지만 어려운 커뮤니케이션이었다 라고 생각을 하고요. 아직도 잊혀지지가 않습니다.","wordCount":111},"emotion":[{"text":"그런 상황에서 제가 그분과 한 단계 한 단계 눈높이를 맞춰 나갔지만 끝내 좋은 결과로서 마무리 되지 못했던 아주 안타깝지만 어려운 커뮤니케이션이었다 라고 생각을 하고요.","expression":"n-distress","category":"negative"}],"intent":[{"text":"","expression":"","category":"attitude"}],"summary":{"text":"커뮤니케이션을 하는 과정에 연배가 아주 많으신 분이었고 저와는 살아온 환경과 시대가 전혀 달라 세대 차이가 많이 느껴지는 분이었습니다. 그런 분과 커뮤니케이션을 시도하는 자체도 아주 어려운 일이거니와 완성도 있게 좋은 결과를 내기란 더더욱 어려운 상황이었습니다.","wordCount":34}}},"rawDataInfo":{"question":{"fileFormat":"wav","fileSize":581198,"duration":18160,"samplingBit":16,"channelCount":1,"samplingRate":"16kHz","audioPath":"/Mock/02.SalesMarketing/Male/New/ckmk_q_sm_m_n_231429.wav"},"answer":{"fileFormat":"wav","fileSize":3884238,"duration":121380,"samplingBit":16,"channelCount":1,"samplingRate":"16kHz","audioPath":"/Mock/02.SalesMarketing/Male/New/ckmk_a_sm_m_n_231429.wav"}}}