{"version":"1.0","dataSet":{"info":{"date":"20230116","occupation":"SM","channel":"MOCK","place":"ONLINE","gender":"MALE","ageRange":"-34","experience":"NEW"},"question":{"raw":{"text":"본인의 의견을 주장할 때 강하게 주장하는 편인가요 이때 어떤 스타일로 본인의 의견을 주장하는지 궁금합니다","wordCount":14},"emotion":[],"intent":[]},"answer":{"raw":{"text":"저는 일을 할 때 저의 주장을 강하게 하는 편입니다. 일을 할 때는 본인의 의견을 강하게 주장해야 더 좋은 성과를 얻을 수 있다고 생각합니다. 저 같은 경우에 단순히 목소리만 크게 내서 주장을 하는 것이 아니라 굉장히 많은 자료 수집을 통해서 저의 주장을 뒷받침합니다. 인터넷을 통해서 자료를 검색하기도 하고 과거에 회사에서 했던 일이나 데이터를 이용해서 저의 주장을 뒷받침하고 있습니다. 이렇게 자료 수집을 해서 저의 주장을 뒷받침한다면 다른 사람들도 저의 주장을 조금 더 이해해 줬던 것 같습니다. 제가 입사해서 일을 하게 된다면 앞으로도 자료 수집을 많이 해서 저의 주장을 뒷받침하면서 열심히 일하는 인재가 되겠습니다.","wordCount":91},"emotion":[],"intent":[{"text":"","expression":"","category":"attitude"}],"summary":{"text":"일을 할 때는 본인의 의견을 강하게 주장해야 더 좋은 성과를 얻을 수 있다고 생각합니다. 저 같은 경우는 굉장히 많은 자료 수집을 통해서 저의 주장을 뒷받침하고 있습니다. 앞으로 자료를 많이 수집해서 열심히 일하는 인재가 되겠습니다.","wordCount":34}}},"rawDataInfo":{"question":{"fileFormat":"wav","fileSize":310478,"duration":9700,"samplingBit":16,"channelCount":1,"samplingRate":"16kHz","audioPath":"/Mock/02.SalesMarketing/Male/New/ckmk_q_sm_m_n_236172.wav"},"answer":{"fileFormat":"wav","fileSize":2353358,"duration":73540,"samplingBit":16,"channelCount":1,"samplingRate":"16kHz","audioPath":"/Mock/02.SalesMarketing/Male/New/ckmk_a_sm_m_n_236172.wav"}}}