{"version":"1.0","dataSet":{"info":{"date":"20230116","occupation":"SM","channel":"MOCK","place":"ONLINE","gender":"MALE","ageRange":"-34","experience":"NEW"},"question":{"raw":{"text":"일을 하다 만약 상사에게 어려운 지시를 받게 된다면 어떻게 하실 건가요 그렇게 행동하시는 이유도 같이 말씀해 주시겠어요","wordCount":17},"emotion":[],"intent":[]},"answer":{"raw":{"text":"일을 하다가 만약 상사에게 어려운 지시를 받으면 어떻게 하시겠습니까 이유도 함께 말씀해 주세요 라고 이렇게 질문해 주셨는데요. 일을 하다가 만약에 상사에게 어려운 지시를 받는다면 일단은 그 일을 해결할 수 있을 때까지 해결해 보도록 열심히 노력을 할 텐데요. 만약에 그 지시가 어 어 도를 넘는다거나 아니면 이 일에 관련 없거나 아니면 이 일에 꼭 필요하지 않은 그런 어려운 지시라고 하면 정중하게 거부할 것 같습니다. 만약 이 회사에 꼭 필요하고 좋 꼭 도움이 되는 그런 지시라면 일단은 시행해 보고 할 수 있는 데까지 해본 후에 모르는 부분이 있으면 죄송합니다 동료와 어 인제 상사님께 인제 좀 어 도움을 요청하면서 어 좀 좋은 쪽으로 처리할 수 있도록 그런 식으로 노력을 할 것 같습니다. 일단은 내가 원하고 쉬운 일만 할 수는 없다고 생각을 해요 이 회사 생활을 하면서. 그러기 때문에 어려운 일을 겪더라도 포기하지 말고 내가 일단 할 수 있는 데까지 노력해서 해 본 후에 인제 상 상사나 인제 중국 어 팀원들에게 어 조언을 구하면서 일을 잘 해결할 수 있도록 노력을 할 것 같습니다. 감사합니다.","wordCount":160},"emotion":[],"intent":[{"text":"","expression":"","category":"attitude"}],"summary":{"text":"일을 하다가 상사에게 어려운 지시를 받는다면 일을 해결할 수 있을 때까지 해결해 보도록 최선을 다할 텐데, 만약 그 지시가 도를 넘는다거나 이 일에 관련 없거나 꼭 필요하지 않은 그런 지시라고 한다면 정중하게 거부할 것 같습니다. 하지만 어려운 일을 겪더라도 포기하지 말고 상사나 팀원들에게 조언을 구하면서 일을 잘 해결할 수 있도록 노력을 해야 합니다.","wordCount":53}}},"rawDataInfo":{"question":{"fileFormat":"wav","fileSize":323278,"duration":10100,"samplingBit":16,"channelCount":1,"samplingRate":"16kHz","audioPath":"/Mock/02.SalesMarketing/Male/New/ckmk_q_sm_m_n_200039.wav"},"answer":{"fileFormat":"wav","fileSize":2694158,"duration":84190,"samplingBit":16,"channelCount":1,"samplingRate":"16kHz","audioPath":"/Mock/02.SalesMarketing/Male/New/ckmk_a_sm_m_n_200039.wav"}}}