{"version":"1.0","dataSet":{"info":{"date":"20230116","occupation":"SM","channel":"MOCK","place":"ONLINE","gender":"MALE","ageRange":"-34","experience":"NEW"},"question":{"raw":{"text":"어 커뮤니케이션을 잘 할 수 있는 본인만의 스킬이 있으신가요 있으시다면 한번 소개해 주시길 바랍니다 그리고 직접 한번 보여주셔도 좋습니다","wordCount":19},"emotion":[],"intent":[]},"answer":{"raw":{"text":"저에게 있어서 가장 커뮤니케이션을 잘하는 스킬이란 경청이라고 생각합니다. 가장 기본적인 스킬이라고 하실 수도 있습니다. 언어학 책에서도 또한 대학 강의에서도 이 경청이라는 자세를 가장 먼저 배운다고 보실 수 있는데요. 이게 굉장히 흔하게 흔한 스킬이라고 생각하실지 몰라도 많은 분들이 이것을 잘 모릅니다. 대표적인 예로 이거죠 네 말은 맞는데 내 말도 한 번 들어봐라. 이렇게 말하는 것입니다. 이것은 경청이라고 할 수가 없습니다. 너의 말은 맞다 하지만 내 말이 더 옳다 라는 것으로 상대방에게 들려줄 수 있기 때문입니다. 따라서 저는 이렇게 말합니다. 너 말도 이러이러한 부분에서는 정말 다 맞는 말이다. 하지만 지금 이 상황에서 그것을 적용시키기에는 살짝 무리가 있지 않을까. 저는 상대방에게 경청의 자세를 말할 때 물음표를 통해서 답변을 날리고 있습니다 . 상대방이 자신의 한 말에 대해서 한번 생각을 해보고 이러한 요소에 대해서 한번 더 깊게 생각을 하길 바라기 때문입니다. 그것을 통해서 타협과 합의점을 이끌어내고 그것이 곧 좋은 결과로 이루어지는 것을 저는 여러 번 경험했습니다. 감사합니다.","wordCount":142},"emotion":[],"intent":[{"text":"","expression":"","category":"attitude"}],"summary":{"text":"경청은 제 커뮤니케이션의 기본 스킬입니다. 네 말은 맞고 제 말도 들어보라 라는 말은 경청이라고 할 수 없습니다. 상대방의 말이 맞는지 한번 더 생각해 보고 타협과 합의점을 이끌어내고 그것이 곧 좋은 결과로 이루어지는 것을 여러 번 경험했습니다.","wordCount":36}}},"rawDataInfo":{"question":{"fileFormat":"wav","fileSize":495438,"duration":15480,"samplingBit":16,"channelCount":1,"samplingRate":"16kHz","audioPath":"/Mock/02.SalesMarketing/Male/New/ckmk_q_sm_m_n_185408.wav"},"answer":{"fileFormat":"wav","fileSize":2719118,"duration":84970,"samplingBit":16,"channelCount":1,"samplingRate":"16kHz","audioPath":"/Mock/02.SalesMarketing/Male/New/ckmk_a_sm_m_n_185408.wav"}}}