{"version":"1.0","dataSet":{"info":{"date":"20230116","occupation":"SM","channel":"MOCK","place":"ONLINE","gender":"MALE","ageRange":"35-44","experience":"NEW"},"question":{"raw":{"text":"만약에 안타깝게도 이 면접에서 최종 탈락하신다면 본인이 어떤 점이 부족해서 탈락했다고 생각을 하실까요","wordCount":13},"emotion":[],"intent":[]},"answer":{"raw":{"text":"만약 이 면접에서 최종 탈락을 하게 된다면 어떠한 점이 부족해서 탈락을 하였다고 생각을 할지 물어보셨습니다. 지금 제가 이 면접을 오랜 기간 준비해 오고 이 면접을 위해 많은 수고를 마다하지 않았습니다. 그럼에도 불구하고 만약 최종 탈락을 하게 된다면 제가 어떤 점이 부족해서 라기보다 다른 지원자들이 더욱 출중하였기 때문에 그럴 수도 있다 라고 긍정적인 마인드를 가지고 싶습니다. 그리고 만약 탈락을 하였다면 어떤 점이 부족했냐 라고 스스로 제 자신을 되짚어보며 그 면접관님들의 질문에 정확한 답변 어울리는 근거 있는 그리고 어 명확한 주장을 드러낼 수 있는 그런 답변을 얼마나 저 자신이 정확하게 하였는가 하는 의문점을 가지게 됩니다. 그게 이유일 것 같습니다.","wordCount":97},"emotion":[],"intent":[{"text":"","expression":"","category":"attitude"}],"summary":{"text":"면접에서 최종 탈락하게 된다면 어떤 점이 부족해서 탈락을 하였다고 생각을 할지 질문을 했는데, 다른 지원자들이 더 출중하였기 때문이라고 긍정적인 마인드를 가지고 싶습니다. 그리고 제 자신을 되짚어보며 의문점을 가지게 될 것 같습니다.","wordCount":31}}},"rawDataInfo":{"question":{"fileFormat":"wav","fileSize":361038,"duration":11280,"samplingBit":16,"channelCount":1,"samplingRate":"16kHz","audioPath":"/Mock/02.SalesMarketing/Male/New/ckmk_q_sm_m_n_190709.wav"},"answer":{"fileFormat":"wav","fileSize":2895438,"duration":90480,"samplingBit":16,"channelCount":1,"samplingRate":"16kHz","audioPath":"/Mock/02.SalesMarketing/Male/New/ckmk_a_sm_m_n_190709.wav"}}}