{"version":"1.0","dataSet":{"info":{"date":"20230116","occupation":"SM","channel":"MOCK","place":"ONLINE","gender":"MALE","ageRange":"-34","experience":"NEW"},"question":{"raw":{"text":"어 오늘 면접을 보시느라고 고생을 많이 하셨을 텐데요 어떤 방식으로 저희 회사에 어 면접을 준비하셨는지 궁금합니다","wordCount":16},"emotion":[],"intent":[]},"answer":{"raw":{"text":"아 네 저 같은 경우는 제가 아무래도 무대 공포증이 조금 있습니다. 그래서 정말 지금 이 면접 패턴이 익숙해질 때까지 정말 몇 번이고 몇 번이고 대뇌이면서 면접 질문을 들여다보면서 연습을 진행을 했습니다. 또한 실제 상황과 비슷하게 만들기 위해서 제 지인들을 이제 불러 앉혀 놓고 실제 면접관인 것처럼 이제 면접관인 것처럼 역할을 분담을 해서 제가 실제로 면접을 보는 것처럼 면접을 진행을 했습니다. 그 결과 지금의 제가 이렇게 여러분들 앞에 당당하게 있을 수 있는 것 같습니다. 네 그리고 또 제가 아무래도 이제 이곳이 무역 업계다 보니까 영어로도 면접을 이제 해외 클라인터를 면들 때를 클라이어트를 만날 때를 대비해서 영어로도 이제 면접을 제가 준비를 했습니다. 하지만 지금 이제 막바지에 다다르고 있는 지금 네 보여드리지 못한 것이 조금 아쉽지만 나중에 제가 입사를 하게 된다면 이러한 점을 이러한 역량을 보여드릴 수 있도록 네 이런 기회가 있었으면 좋겠습니다. 감사합니다.","wordCount":131},"emotion":[],"intent":[{"text":"","expression":"","category":"attitude"}],"summary":{"text":"무대 공포증을 극복하기 위해 실제 면접관인 것처럼 역할 분담을 하여 실제로 면접을 보는 것처럼 면접을 진행하였습니다. 그리고 영어로도 면접을 준비를 했습니다. 마지막 단계에 있는 지금 네 보여주지는 못한 것이 아쉽지만 나중에 입사하게 된다면 이러한 역량을 보여드릴 수 있도록 하겠습니다.","wordCount":39}}},"rawDataInfo":{"question":{"fileFormat":"wav","fileSize":312398,"duration":9760,"samplingBit":16,"channelCount":1,"samplingRate":"16kHz","audioPath":"/Mock/02.SalesMarketing/Male/New/ckmk_q_sm_m_n_179584.wav"},"answer":{"fileFormat":"wav","fileSize":2183118,"duration":68220,"samplingBit":16,"channelCount":1,"samplingRate":"16kHz","audioPath":"/Mock/02.SalesMarketing/Male/New/ckmk_a_sm_m_n_179584.wav"}}}