{"version":"1.0","dataSet":{"info":{"date":"20230116","occupation":"SM","channel":"MOCK","place":"ONLINE","gender":"MALE","ageRange":"-34","experience":"NEW"},"question":{"raw":{"text":"지원자님께서 스트레스를 받으면 어떻게 관리를 하는지 궁금하구요 왜 그런 방법으로 스트레스를 해소하는지에 대해서도 설명 부탁드리겠습니다","wordCount":15},"emotion":[],"intent":[]},"answer":{"raw":{"text":"네 저는 스트레스를 푸는 방법이 두 가지가 있습니다. 첫 번째는 제가 좋아하는 게임을 하는 것이고 두 번째는 바로 잠을 자는 것입니다. 제가 좋아하는 게임으로는 여러 가지가 있는데요. 그중에서도 모바일 게임 중에서 건담 게임을 주로 합니다. 뭔가 타격감이 좋기 때문에 하나하나 이제 적 기체들을 이제 격추를 시키다 보면은 이제 저의 스트레스도 풀리고 또 이제 그 분 이제 스트레스 받아서 어지러웠던 제 머리도 어느정도 해소가 맑아지는 그런 효과를 갖기 때문입니다. 하지만 그걸로도 풀리지 않는 문제가 있다면 저는 그냥 바로 이불을 깔고 낮잠을 자버립니다. 낮잠을 자고 낮잠을 한 번 푹 자고 일어나면은 일단은 첫 번째로는 낮잠 자는 동안에는 그 고민을 잊을 수가 있는 게 첫 번째 이유이고 그리고 두 번째는 그 낮잠을 자는 동안 보다 그 상황을 냉철하게 분석하고 이해할 수 있는 그런 사 그런 상황이 만들어지기 때문에 저는 이 두 가지 방법을 가장 선호를 하고 있는 편입니다. 이상입니다. 감사합니다.","wordCount":137},"emotion":[],"intent":[{"text":"","expression":"","category":"attitude"}],"summary":{"text":"스트레스 해소 방법으로 좋아하는 게임이나 낮잠을 자는 것이 있습니다. 낮잠 자는 동안에는 고민을 잊을 수가 있고 그 상황을 냉철하게 분석하고 이해할 수 있는 상황이 만들어지기 때문에 저는 이 두 가지 방법을 가장 선호하고 있는 편입니다.","wordCount":35}}},"rawDataInfo":{"question":{"fileFormat":"wav","fileSize":483918,"duration":15120,"samplingBit":16,"channelCount":1,"samplingRate":"16kHz","audioPath":"/Mock/02.SalesMarketing/Male/New/ckmk_q_sm_m_n_179589.wav"},"answer":{"fileFormat":"wav","fileSize":2188878,"duration":68400,"samplingBit":16,"channelCount":1,"samplingRate":"16kHz","audioPath":"/Mock/02.SalesMarketing/Male/New/ckmk_a_sm_m_n_179589.wav"}}}