{"version":"1.0","dataSet":{"info":{"date":"20230116","occupation":"SM","channel":"MOCK","place":"ONLINE","gender":"MALE","ageRange":"35-44","experience":"NEW"},"question":{"raw":{"text":"지원자님께서는 혹시 매일 공부하고 있는 분야가 따로 있으십니까 만약에 있으시다면 왜 그걸 공부하는지도 함께 설명해 주시기 바랍니다","wordCount":17},"emotion":[],"intent":[]},"answer":{"raw":{"text":"혹시 매일 공부하고 있는 분야가 있는지 있다면 그걸 왜 공부하는지 물어보셨습니다. 지금 매일 하고 있는 공부는 일본어 회화 공부를 하고 있습니다. 일본어가 배우고 싶기도 하고 차후 일본 여행 가서 활용할 수 있을 기본적인 글자 그리고 단어 위주로 간딴히 공부를 하고 있습니다. 우리 일상생활에서도 일본어는 많이 사용이 되고 있습니다. 하나 둘 씩 자기도 모르게 이게 일본어인지도 모르게 사용하고 있는 경우가 허다합니다. 그만큼 우리 사회 전반적으로 많이 분포되어 있지만 실제로 관심을 가지고 그 일본어에 대해서 연구해 보고 배워본 적은 없기 때문에 이번 기회로 저도 일본어 히라 하나 가타 카나 글자를 읽을 수 있는 것과 그리고 소통을 위해 대화를 위해 단어나 가벼운 문법 정도만 하나 둘 씩 차근차근 암기하고 있는 중입니다. 능숙하지는 않지만 일본 여행을 하게 되면 어느 정도 물건 사고 쇼핑을 하거나 먹고 잠잘 수 있을 정도는 되는 것 같습니다.","wordCount":128},"emotion":[{"text":"지금 매일 하고 있는 공부는 일본어 회화 공부를 하고 있습니다.","expression":"u-fact","category":"neutral"}],"intent":[{"text":"","expression":"","category":"attitude"}],"summary":{"text":"매일 공부하는 분야가 있다면 그것은 일본어 회화 공부입니다. 일본어가 배우고 싶기도 하고 차후 일본 여행 가서 활용할 기본적인 글자와 단어 위주로 공부를 하고 있습니다. 일상생활에서 일본어는 많이 사용이 되고 있지만 실제로 관심을 가지고 배워본 적은 없기 때문에 이번 기회로 일본어를 조금씩 암기하고 잇습니다.","wordCount":43}}},"rawDataInfo":{"question":{"fileFormat":"wav","fileSize":509518,"duration":15920,"samplingBit":16,"channelCount":1,"samplingRate":"16kHz","audioPath":"/Mock/02.SalesMarketing/Male/New/ckmk_q_sm_m_n_230739.wav"},"answer":{"fileFormat":"wav","fileSize":3742158,"duration":116940,"samplingBit":16,"channelCount":1,"samplingRate":"16kHz","audioPath":"/Mock/02.SalesMarketing/Male/New/ckmk_a_sm_m_n_230739.wav"}}}