{"version":"1.0","dataSet":{"info":{"date":"20230116","occupation":"SM","channel":"MOCK","place":"ONLINE","gender":"MALE","ageRange":"35-44","experience":"NEW"},"question":{"raw":{"text":"귀하께서는 술을 잘 하십니까 어 술을 먹다 보면 어디에서나 진상들이 있기 마련인데 만약 고객사가 술을 먹고 본인에게 진상을 부린다면 본인은 어떻게 대처하실 것인지 말씀해 주세요","wordCount":25},"emotion":[],"intent":[]},"answer":{"raw":{"text":"술을 마시다 보면 꼭 진상들이 생기기 마련입니다. 만약 고객과의 회식을 하는 도중 고객사가 술을 마시고 진상을 부린다면 어떻게 하겠냐고 질문을 하셨습니다. 저는 아주 중대한 고객 사이고 그러한 경우가 처음이라면 오히려 저희 영업에 이익이 될 수도 있다는 긍정적인 마인드를 가지고 잘 케어하고 잘 받아주고 안전하게 귀가할 수 있도록 모든 만만의 조치를 취해 볼 생각입니다. 그러면 이 길 고객사의 실수를 자신 스스로가 알게 되면 오히려 저에게 고마움을 느끼고 더 도움이 되기 위해 노력을 하지 않을까 생각을 해 봅니다. 그렇지 않고 중요하지 않은 고객사 이거나 반복되는 거듭 진상을 부린다면 그 고객사와의 신뢰는 무너질 것입니다.","wordCount":91},"emotion":[],"intent":[{"text":"","expression":"","category":"attitude"}],"summary":{"text":"저는 중대한 고객 사이이고 그런 경우가 처음이라면 긍정적인 마인드로 잘 케어하고 안전하게 귀가할 수 있도록 모든만의 조치를 취해 볼 계획입니다. 그렇지 않거나 반복되는 진상을 부린다면 고객사와의 신뢰는 무너질 것입니다.","wordCount":29}}},"rawDataInfo":{"question":{"fileFormat":"wav","fileSize":597486,"duration":18669,"samplingBit":16,"channelCount":1,"samplingRate":"16kHz","audioPath":"/Mock/02.SalesMarketing/Male/New/ckmk_q_sm_m_n_210148.wav"},"answer":{"fileFormat":"wav","fileSize":2864078,"duration":89500,"samplingBit":16,"channelCount":1,"samplingRate":"16kHz","audioPath":"/Mock/02.SalesMarketing/Male/New/ckmk_a_sm_m_n_210148.wav"}}}