{"version":"1.0","dataSet":{"info":{"date":"20230116","occupation":"SM","channel":"MOCK","place":"ONLINE","gender":"MALE","ageRange":"-34","experience":"NEW"},"question":{"raw":{"text":"일을 하다 보면 업무량이 과도하게 많아질 수도 있는데요 그렇게 업무량이 많은 그런 상황에서도 잘 버티실 자신이 있는지 말씀해 주시기 바랍니다","wordCount":20},"emotion":[],"intent":[]},"answer":{"raw":{"text":"어느 정도 적정선까지는 소화해야 되는 역량을 끼쳐 끼워 키워야 된다고 생각을 합니다. 회사라는 것이 항상 업무량이 늘 동일할 수는 없기에 업무량이 많은 날도 있고 적은 날도 있다고 생각이 듭니다. 하지만 그것이 너무 과도하게 많아진다면 저는 제가 할 수 있는 최선을 다해서 업무를 진행을 하고 그 이외의 것들을 못하겠다고 진지하게 말씀을 드리거나 아니면 동료를 통해서 도움을 요청해서 해당 업무를 처리하고 또 일을 수행을 할 것 같습니다. 아무래도 저의 역량이 부족한 거 아시 아니냐 라고 생각이 드실 수도 있지만 이 질문에 의도인 잘 버틸 자신이 있으시냐고 여쭤보신 것은 아무래도 정말 제가 생각하는 상상 이상이 업무의 것이 업무량이라고 생각이 듭니다. 그래서 솔직한 감정을 말씀 말씀을 드리자면 저는 어느 정도 그것이 제 역량 내에서 해결할 수 있으면 자신이 있으나 그것을 아득하게 뛰어나는 업무량이라면 자신이 없다고 당당하게 말씀드리고 싶습니다. 이상입니다. 감사합니다.","wordCount":126},"emotion":[],"intent":[{"text":"","expression":"","category":"attitude"}],"summary":{"text":"회사라는 것이 늘 업무량이 늘 동일할 수는 없기에 업무량이 너무 과도하게 많아진다면 제가 할 수 있는 최선을 다해서 업무를 진행하고 그 이외의 것들은 못하겠다고 말씀을 드리거나 또는 동료를 통해서 도움을 요청해서 해당 업무를 처리하고 또 일을 수행을 할 것 같습니다.","wordCount":40}}},"rawDataInfo":{"question":{"fileFormat":"wav","fileSize":459598,"duration":14360,"samplingBit":16,"channelCount":1,"samplingRate":"16kHz","audioPath":"/Mock/02.SalesMarketing/Male/New/ckmk_q_sm_m_n_185407.wav"},"answer":{"fileFormat":"wav","fileSize":2387918,"duration":74620,"samplingBit":16,"channelCount":1,"samplingRate":"16kHz","audioPath":"/Mock/02.SalesMarketing/Male/New/ckmk_a_sm_m_n_185407.wav"}}}