{"version":"1.0","dataSet":{"info":{"date":"20230116","occupation":"SM","channel":"MOCK","place":"ONLINE","gender":"MALE","ageRange":"-34","experience":"NEW"},"question":{"raw":{"text":"지금까지 살면서 다양한 경험을 해 보셨을 텐데요 어 지금까지 살면서 생각할 때 가장 힘들었던 경험은 무엇이었습니까 그리고 그것을 어떻게 극복하셨는지도 말씀해 주시기 바랍니다","wordCount":23},"emotion":[],"intent":[]},"answer":{"raw":{"text":"지금까지 살아 오면서 가장 힘들었던 경험은 바로 제가 군 복무를 할 때 여자 친구가 바람이 났던 것입니다. 저는 대학에서 만난 여자 친구가 있었는데요. 스무 살에 제가 군대를 가게 되면서 여자 친구와 삼 개월 만에 헤어졌습니다. 힘든 시간이었지만 저는 열심히 노력하면서 제 삶을 살았습니다. 하지만 얼마 후에 대학 친구에게 제 여자 친구가 저와 친한 선배와 바람이 났다는 것을 듣게 되었습니다. 그래서 어린 나이에 큰 충격을 받고 매우 힘들었던 경험이 있습니다. 하지만 전역 후에 새로운 여자 친구를 만나면서 이 어려움을 극복해 냈습니다. 이처럼 저는 힘든 경험도 잘 이겨 낼 수 있는 사람입니다.","wordCount":90},"emotion":[],"intent":[{"text":"","expression":"","category":"attitude"}],"summary":{"text":" 군 복무를 할 때 여자 친구가 바람이 났던 경험이 가장 힘들었지만 전역 후에 새로운 여자 친구를 만나면서 이 어려움을 극복해 냈습니다. 이처럼 저는 힘든 경험도 잘 이겨 낼 수 있는 사람입니다.","wordCount":31}}},"rawDataInfo":{"question":{"fileFormat":"wav","fileSize":613198,"duration":19160,"samplingBit":16,"channelCount":1,"samplingRate":"16kHz","audioPath":"/Mock/02.SalesMarketing/Male/New/ckmk_q_sm_m_n_197196.wav"},"answer":{"fileFormat":"wav","fileSize":2631438,"duration":82230,"samplingBit":16,"channelCount":1,"samplingRate":"16kHz","audioPath":"/Mock/02.SalesMarketing/Male/New/ckmk_a_sm_m_n_197196.wav"}}}