{"version":"1.0","dataSet":{"info":{"date":"20230116","occupation":"SM","channel":"MOCK","place":"ONLINE","gender":"MALE","ageRange":"-34","experience":"NEW"},"question":{"raw":{"text":"일을 하다 보면 영어로 서류를 작성해야 할 일이 생길 수 있는데요 지원자님께서는 영어로 서류를 작성하실 수 있으신가요","wordCount":17},"emotion":[],"intent":[]},"answer":{"raw":{"text":"저는 해외에서 이 년간 유학을 한 경험이 있습니다. 거기서 국제 학교를 다녔는데요. 해당 학교에서는 수업이 모두 영어로 진행되었기 때문에 저는 영어로 서류를 작성해야 할 상황이 굉장히 많았습니다. 그곳에서 수업을 하고 또 시험을 보고 친구들을 사귀면서 저는 영어를 습득할 수 있었는데요. 그러한 과정을 통해서 영어로 서류를 작성하는 것 뿐만 아니라 영어로 대화를 하는 스킬까지 배울 수 있었습니다. 이러한 저의 영어에 대한 관심과 또 능력을 바탕으로 한국에 돌아와서는 학생들에게 영어를 가르치기도 했고 또 국제 대회에서 영어 업무를 맡기도 했습니다. 이러한 저의 능력과 경험은 영어를 저와 친숙하게 만들어 주었습니다. 저의 영어에 대한 이해도 그리고 영어 관련 업무에 대한 경험은 제가 회사에 들어가서도 일을 하면서 영어로 서류를 작성하는데 커다란 도움이 될 것이라고 생각합니다. 특히나 국제 대회 경험을 하면서 일반적인 영어 말하기나 글 쓰는 것이 아닌 공식적인 서류 작성을 해 본 경험은 제가 회사에서 공식적인 영어 서류를 작성하는데 정말로 중요한 경험이 될 것이라고 생각합니다. 그렇기 때문에 저는 영어로 서류를 잘 작성할 수 있습니다.","wordCount":148},"emotion":[{"text":"저는 해외에서 이 년간 유학을 한 경험이 있습니다.","expression":"u-fact","category":"neutral"},{"text":"거기서 국제 학교를 다녔는데요.","expression":"u-fact","category":"neutral"},{"text":"이러한 저의 영어에 대한 관심과 또 능력을 바탕으로 한국에 돌아와서는 학생들에게 영어를 가르치기도 했고 또 국제 대회에서 영어 업무를 맡기도 했습니다.","expression":"u-fact","category":"neutral"}],"intent":[{"text":"저는 해외에서 이 년간 유학을 한 경험이 있습니다.","expression":"c_private","category":"background"}],"summary":{"text":"저는 해외에서 이 년간 유학을 한 경험이 있습니다. 이곳에서 수업을 하고 친구들을 사귀면서 영어를 습득할 수 있었습니다. 이러한 관심과 능력을 바탕으로 한국에 돌아와서는 학생들에게 영어를 가르치기도 했고 국제 대회에서 영어 업무를 맡기도 했습니다. 이러한 저의 능력과 경험은 영어를 저와 친숙하게 만들어 주었습니다.","wordCount":42}}},"rawDataInfo":{"question":{"fileFormat":"wav","fileSize":349198,"duration":10910,"samplingBit":16,"channelCount":1,"samplingRate":"16kHz","audioPath":"/Mock/02.SalesMarketing/Male/New/ckmk_q_sm_m_n_240284.wav"},"answer":{"fileFormat":"wav","fileSize":3703758,"duration":115740,"samplingBit":16,"channelCount":1,"samplingRate":"16kHz","audioPath":"/Mock/02.SalesMarketing/Male/New/ckmk_a_sm_m_n_240284.wav"}}}