{"version":"1.0","dataSet":{"info":{"date":"20230116","occupation":"SM","channel":"MOCK","place":"ONLINE","gender":"MALE","ageRange":"-34","experience":"NEW"},"question":{"raw":{"text":"좋아하는 앱이 있다면 말씀해 주시고 어 그 앱에서 광고를 넣는다면 무엇이 좋을지도 함께 말씀해 주세요","wordCount":15},"emotion":[],"intent":[]},"answer":{"raw":{"text":"저는 어떻게 보면 쇼핑 종류도 굉장히 좋아하는데요. 요즘은 핸드폰으로도 다 쇼핑이 가능하기 때문에 쇼핑 관련 어플이 제 가장 좋아하는 어플입니다. 그중에서도 한 가지 에이사의 어플인데요. 이 어플의 경우 해외에 있는 직구 직구 할 수 있는 상품들까지 판매가 가능합니다. 어떻게 보면은 해외에서 직구로 넘어오기 때문에 굉장히 시간도 오래 걸리고 비쌀 수 있습니다. 하지만 여기는 배송료가 무료입니다. 이것은 국가 간의 계약을 체결했기 때문인데요. 직접적으로 소비를 하는 저희 같은 소비자가 배송료를 지불하는 것이 아닌 국가 차원에서 배송비가 결제 처리가 됩니다. 이러는 과정에서 굉장히 물건을 싸게 소비자들은 사올 수 있는데 시간은 그래도 어쩔 수 없이 한 달 이내 혹은 한 달 약간 넘어서까지 걸리기도 합니다. 배송 기간은 복불 복불복이지만 바로 필요한 것이 아니라면 그래도 한참 동안 잊고 살다 보면 굉장히 빨리 올 수 있는데요. 하지만 여기 가품이 많이 존재합니다. 그래서 제 생각엔 가품을 바로 판독할 수 있는 어플 광고를 또 다시 거기다 배너에 추가하면 좋을 것 같습니다.","wordCount":143},"emotion":[],"intent":[{"text":"","expression":"","category":"attitude"}],"summary":{"text":"핸드폰으로도 쇼핑이 가능하기 때문에 쇼핑 관련 어플이 가장 좋아하는 어플은 해외에 있는 직구 할 수 있는 상품들까지 판매가 가능합니다. 가품을 바로 판독할 수 있는 어플 광고를 배너에 추가하면 좋을 것 같습니다.","wordCount":31}}},"rawDataInfo":{"question":{"fileFormat":"wav","fileSize":427598,"duration":13360,"samplingBit":16,"channelCount":1,"samplingRate":"16kHz","audioPath":"/Mock/02.SalesMarketing/Male/New/ckmk_q_sm_m_n_189111.wav"},"answer":{"fileFormat":"wav","fileSize":2821838,"duration":88180,"samplingBit":16,"channelCount":1,"samplingRate":"16kHz","audioPath":"/Mock/02.SalesMarketing/Male/New/ckmk_a_sm_m_n_189111.wav"}}}