{"version":"1.0","dataSet":{"info":{"date":"20230116","occupation":"SM","channel":"MOCK","place":"ONLINE","gender":"MALE","ageRange":"-34","experience":"NEW"},"question":{"raw":{"text":"살면서 가장 힘들었던 점은 어떤 것이 있으셨습니까 그 점을 극복하기 위하여 어떤 노력을 해 오셨는지 말씀해 주시겠습니까","wordCount":17},"emotion":[],"intent":[]},"answer":{"raw":{"text":"저에게 있어서 가장 힘들었던 것은 바로 무기력증을 극복하는 것이었습니다. 인생을 인생을 살다 보면 참으로 이제 특히 가장 위험한 게 바로 게으름이라고 할 수 있습니다. 저도 제가 직업을 구하지 못하고 백수 생활을 할 때 한 때 이런 무기력증에 빠져서 커다란 고생을 했었습니다. 아무 것도 하기 싫고 어떠한 변화도 일어나기 싫고 하지만 또 한편으로는 변화를 갈망하는 그런 모순된 삶을 살고 있었습니다. 이것을 극복하기 위해서 제가 선택한 것은 미루는 습관은 없애자 였습니다. 우리는 정말 사소한 것을 많이 미룹니다. 그게 설거지가 될 수도 있고 이불 개기가 될 수도 있고 청소가 될 수도 있습니다. 저는 이 사소한 거 하나하나부터 고쳐 나가기 시작했습니다. 이 사소한 거를 고쳐 나가니까는 결국에는 궁극적으로 저의 천성이었던 게으름이 습관으로서 고쳐지게 되었습니다. 이 과정을 통해서 저는 이제 모든 것을 할 수 있겠다 라는 생각도 들게 되었고요. 이상입니다. 감사합니다.","wordCount":126},"emotion":[{"text":"저도 제가 직업을 구하지 못하고 백수 생활을 할 때 한 때 이런 무기력증에 빠져서 커다란 고생을 했었습니다.","expression":"n-sadness","category":"positive"}],"intent":[{"text":"","expression":"","category":"attitude"}],"summary":{"text":"게으름을 극복하는 것이 가장 힘들었지만, 변화를 갈망하는 모순된 삶을 극복하기 위해 저는 미루는 습관을 없애자고 했습니다. 사소한 것들을 하나하나 고쳐 나가면서부터는 궁극적으로 제 천성이었던 게을름이 습관으로서 고쳐지게 되었습니다. 이상입니다.","wordCount":29}}},"rawDataInfo":{"question":{"fileFormat":"wav","fileSize":497038,"duration":15530,"samplingBit":16,"channelCount":1,"samplingRate":"16kHz","audioPath":"/Mock/02.SalesMarketing/Male/New/ckmk_q_sm_m_n_185404.wav"},"answer":{"fileFormat":"wav","fileSize":2401678,"duration":75050,"samplingBit":16,"channelCount":1,"samplingRate":"16kHz","audioPath":"/Mock/02.SalesMarketing/Male/New/ckmk_a_sm_m_n_185404.wav"}}}