{"version":"1.0","dataSet":{"info":{"date":"20230116","occupation":"SM","channel":"MOCK","place":"ONLINE","gender":"MALE","ageRange":"-34","experience":"NEW"},"question":{"raw":{"text":"지원자님께서는 이전 직장을 그만두게 되신 특별한 이유라도 있으셨나요 그리고 현 직장도 같은 이유로 그만둘 가능성이 있으신지 궁금합니다","wordCount":17},"emotion":[],"intent":[]},"answer":{"raw":{"text":"이전 직장을 그만둔 이유는 바로 기업 문화가 좋지 않았기 때문이었는데요. 연봉이나 워라벨 복지 다방면에서 만족스러웠지만 좋지 않은 기업 문화 때문에 이전 직장을 그만뒀습니다. 예를 들면 후배가 첫 월급을 받으면 선배에게 백만 원 이상을 쓰는 이해할 수 없는 문화가 있었고 또 주에 삼 회 이상 회식을 하면서 술을 강요하는 그런 구시대적인 문화가 있었습니다.이런 것들이 너무 힘들어서 저는 전 직장을 과감히 퇴사했습니다. 그렇기 때문에 현 직장은 그만둘 생각이 없습니다. 왜냐하면 매우 좋은 기업 문화를 가지고 있기로 소문난 회사이기 때문인데요. 실제로 현직자들의 말을 들어보면 이러한 기업 문화가 너무나 만족스럽다고 합니다. 따라서 이런 이유로 현 직장을 그만둘 가능성은 전혀 없다고 말씀드릴 수 있습니다.","wordCount":99},"emotion":[],"intent":[{"text":"","expression":"","category":"attitude"}],"summary":{"text":"주에 삼 회 이상 회식과 술을 강요하는 좋지 않은 기업 문화를 가지고 있어 이전 직장을 그만둔 것입니다. 현 직장은 실제로 기업 문화가 너무나 만족스럽다고 합니다. 따라서 이러한 이유로 현 직장을 그만둘 가능성은 전혀 없다고 말씀드리겠습니다.","wordCount":35}}},"rawDataInfo":{"question":{"fileFormat":"wav","fileSize":496718,"duration":15520,"samplingBit":16,"channelCount":1,"samplingRate":"16kHz","audioPath":"/Mock/02.SalesMarketing/Male/New/ckmk_q_sm_m_n_181166.wav"},"answer":{"fileFormat":"wav","fileSize":2662478,"duration":83200,"samplingBit":16,"channelCount":1,"samplingRate":"16kHz","audioPath":"/Mock/02.SalesMarketing/Male/New/ckmk_a_sm_m_n_181166.wav"}}}