{"version":"1.0","dataSet":{"info":{"date":"20230116","occupation":"SM","channel":"MOCK","place":"ONLINE","gender":"MALE","ageRange":"-34","experience":"NEW"},"question":{"raw":{"text":"면접자 면접자분이 생각하는 본인의 단점은 무엇이라고 생각합니까 그리고 이러한 단점을 보완하기 위해 어떠 위해 했었던 노력이 무엇일까요","wordCount":17},"emotion":[],"intent":[]},"answer":{"raw":{"text":"저의 단점은 치킨을 좋아하는 것입니다. 저는 치킨을 너무 좋아해서 매일 시켜 먹고 심지어는 제가 만들어 먹었습니다. 그렇지만 그 결과로 저는 성인 비만이라는 질병을 얻게 되었습니다. 아주 젊은 나이예요. 이러한 치킨에 대한 중독은 저의 아주 치명적인 단점과 성장을 가로막는 원인이 되고 있다는 것을 파악하게 되었습니다. 그래서 저는 그 이후로부터 치킨을 끊게 되었습니다. 치킨을 끊고 닭도리탕을 먹게 되었습니다. 닭도리탕을 먹으니 치킨을 튀기기 위한 기름을 더 이상 먹지 않게 되어 상대적으로 건강한 건강한 컨디션을 건강 상태를 유지할 수 있게 되었습니다. 제가 치킨을 끊고 닭도리탕을 먹었던 것은 저의 인생에 있어서 인생에 있어서 아주 큰 노력이었습니다.","wordCount":91},"emotion":[],"intent":[{"text":"","expression":"","category":"attitude"}],"summary":{"text":"저는 치킨을 너무 좋아해서 매일 시켜 먹었지만 그 결과 성인 비만이라는 질병을 얻게 되었습니다. 그리고 이러한 중독은 저의 아주 치명적인 단점과 성장을 가로막는 원인이 되고 있다는 것을 알게 되었고, 그 이후부터 치킨을 끊지 않고 닭도리탕을 먹었습니다.","wordCount":36}}},"rawDataInfo":{"question":{"fileFormat":"wav","fileSize":588238,"duration":18380,"samplingBit":16,"channelCount":1,"samplingRate":"16kHz","audioPath":"/Mock/02.SalesMarketing/Male/New/ckmk_q_sm_m_n_186645.wav"},"answer":{"fileFormat":"wav","fileSize":2675278,"duration":83600,"samplingBit":16,"channelCount":1,"samplingRate":"16kHz","audioPath":"/Mock/02.SalesMarketing/Male/New/ckmk_a_sm_m_n_186645.wav"}}}