{"version":"1.0","dataSet":{"info":{"date":"20230116","occupation":"SM","channel":"MOCK","place":"ONLINE","gender":"MALE","ageRange":"-34","experience":"NEW"},"question":{"raw":{"text":"지원자님께서 살면서 가장 힘들었던 점이 있다면 어떤 점이 가장 힘들었는지 또한 그 점을 극복하기 위해서 어떠한 노력들을 하셨는지 답변 부탁드리겠습니다","wordCount":20},"emotion":[],"intent":[]},"answer":{"raw":{"text":"저에게 있어서 가장 힘들었던 점이란 바로 게으름이었습니다. 저는 이러한 삶을 살기 전에 정말 게으른 삶을 살았습니다. 솔직히 말씀드리자면 지금도 아직 완벽하게 극복한 편은 아닙니다. 하지만 이 게으름이라는 것은 항상 자기 자신과의 싸움이라고 생각을 합니다. 그래서 저 같은 경우는 아무리 아침에 일어나기 싫더라도 일어날려고 노력을 했고 귀찮으므로 차일피일 미뤄왔던 이불 개기라든지 설거지라는 것을 바로 바로 할려고 이제 노력을 했습니다. 이러한 사소한 것으로부터의 변화가 시작돼서 결국에는 어느 정도 이제 게으름을 습관적으로 극복을 할 수가 있었습니다. 이러한 과정을 통해서 제가 느낀 것은 사람이라는 동물은 변한다 입니다. 아무리 노력하고 변하지 않는다고 하는 그러한 일상이 하루하루 쌓여간다면 사람은 결코 변하지 않겠지만 이러한 제가 했던 사소한 노력들 사소한 것들이 하나하나 쌓여서 결국엔 제 자신을 습관으로써 변화를 시킨 가장 좋은 예시였다고 할 수 있겠습니다. 이상이었습니다.","wordCount":118},"emotion":[],"intent":[{"text":"","expression":"","category":"attitude"}],"summary":{"text":"게으름은 자기 자신과의 싸움이라 생각하여 아침에 일어나기 싫더라도 일어날려고 노력을 했고 귀찮게 굴었던 이불 개기,설거지를 바로 할려고 노력을 했습니다. 이러한 사소한 것으로부터의 변화가 시작돼서 결국에는 제게게게습을 습관적으로 극복을 할 수가 있었습니다.","wordCount":31}}},"rawDataInfo":{"question":{"fileFormat":"wav","fileSize":419918,"duration":13120,"samplingBit":16,"channelCount":1,"samplingRate":"16kHz","audioPath":"/Mock/02.SalesMarketing/Male/New/ckmk_q_sm_m_n_185313.wav"},"answer":{"fileFormat":"wav","fileSize":2281678,"duration":71300,"samplingBit":16,"channelCount":1,"samplingRate":"16kHz","audioPath":"/Mock/02.SalesMarketing/Male/New/ckmk_a_sm_m_n_185313.wav"}}}