{"version":"1.0","dataSet":{"info":{"date":"20230116","occupation":"SM","channel":"MOCK","place":"ONLINE","gender":"MALE","ageRange":"35-44","experience":"NEW"},"question":{"raw":{"text":"지원자님께서는 설득을 잘 하시나요 지원자님 본인만의 설득 능력이 있다면 무엇인지 말씀해 주세요","wordCount":12},"emotion":[],"intent":[]},"answer":{"raw":{"text":"그 안의 설득 능력이 있다면 그거는 경청 능력입니다. 커뮤니케이션을 진행을 할 때 상대방의 말을 잘 들어야만 상대방이 원하는 부분이 어떤 부분인지 우리가 파악을 할 수가 있어서 설득을 진행할 수 있다 라고 생각합니다. 그래서 저는 제가 가진 그런 의견을 논리적으로 그냥 진 잘 말하는 게 중요한 게 아니라 상대방이 원하는 부분이 어떤 부분인지 그 목적성에 대해서 깨닫고 그리고 그 포인트에 맞춰서 상대방의 이야기들을 잘 듣고 그리고 맞춤 의견들을 제시하는 게 가장 좋은 세일즈 방법이라고 생각하고 있습니다.","wordCount":75},"emotion":[],"intent":[{"text":"","expression":"","category":"attitude"}],"summary":{"text":"커뮤니케이션을 진행할 때 상대의 말을 잘 들어야만 원하는 부분이 어떤 부분인지 파악할 수가 있어서 설득을 진행할 수 있습니다. 목적성에 대해서 깨닫고 맞춤 의견들을 제시하는 게 가장 좋은 세일즈 방법입니다.","wordCount":29}}},"rawDataInfo":{"question":{"fileFormat":"wav","fileSize":313678,"duration":9800,"samplingBit":16,"channelCount":1,"samplingRate":"16kHz","audioPath":"/Mock/02.SalesMarketing/Male/New/ckmk_q_sm_m_n_224723.wav"},"answer":{"fileFormat":"wav","fileSize":1905358,"duration":59540,"samplingBit":16,"channelCount":1,"samplingRate":"16kHz","audioPath":"/Mock/02.SalesMarketing/Male/New/ckmk_a_sm_m_n_224723.wav"}}}