{"version":"1.0","dataSet":{"info":{"date":"20230116","occupation":"SM","channel":"MOCK","place":"ONLINE","gender":"MALE","ageRange":"35-44","experience":"NEW"},"question":{"raw":{"text":"지원자님의 십 년 후 미래는 어떨 거라고 상상을 하시나요 십 년 후에도 이 회사에 계속 다닐 거라고 상상하시나요","wordCount":18},"emotion":[],"intent":[]},"answer":{"raw":{"text":"제가 십 년 뒤에 어떤 미래를 삶을 살고 있을지 그리고 지금 회사에 계속 다니고 있을지 물어보셨습니다. 저는 십 년 후에는 지금과 전혀 다른 삶을 살고 있을 것 같으며 이 회사에 계속 다니고 있지는 않을 것 같습니다. 이유는 현재 사회는 급속도로 많은 변화와 발전을 거듭하고 있으며 전 세계적인 변화와 발전의 동향은 계속해서 급 상승 중입니다. 한 해 한 해가 다르게 발전하는 현대 사회 속에서 지금 저는 이 회사에서 계속 근무하고 있을 것이 아니라 또 다른 무엇인가를 향해 나아가고 있을 것 같습니다. 십 년 후에 저의 미래는 아주 바쁠 것 같으며 또 저만의 삶을 추구하기 위해 열심히 활동하고 있을 거라고 생각합니다.","wordCount":99},"emotion":[],"intent":[{"text":"","expression":"","category":"attitude"}],"summary":{"text":"저는 십 년 후에는 지금과 전혀 다른 삶을 살고 있을 것 같습니다. 현대 사회는 급속도로 변화와 발전을 거듭하고 있으며 지금 저는 이 회사에서 계속 근무하고 있을 것이 아니라 또 다른 무엇인가를 향해 나아가고 있을 것입니다.","wordCount":35}}},"rawDataInfo":{"question":{"fileFormat":"wav","fileSize":442318,"duration":13820,"samplingBit":16,"channelCount":1,"samplingRate":"16kHz","audioPath":"/Mock/02.SalesMarketing/Male/New/ckmk_q_sm_m_n_213925.wav"},"answer":{"fileFormat":"wav","fileSize":2929358,"duration":91540,"samplingBit":16,"channelCount":1,"samplingRate":"16kHz","audioPath":"/Mock/02.SalesMarketing/Male/New/ckmk_a_sm_m_n_213925.wav"}}}