{"version":"1.0","dataSet":{"info":{"date":"20230116","occupation":"SM","channel":"MOCK","place":"ONLINE","gender":"MALE","ageRange":"-34","experience":"NEW"},"question":{"raw":{"text":"다음 질문입니다 지원자님께서 영업의 관점에서 바라봤을 때 커스터말 서비스 즉 씨에스에 대해 어떻게 생각하시는지 설명해 주시고 어떤 게 좋은 씨에스인지도 함께 답변해 주시기 바랍니다","wordCount":24},"emotion":[],"intent":[]},"answer":{"raw":{"text":"영업의 관점에서 커스터머 써비스 씨에스는 매우 중요합니다. 왜냐하면 고객에게 영업 활동을 할 때 당신이 지금 구매하는 이 제품 혹은 써비스가 시간이 가더라도 그 품질을 우리가 보존해 주겠다 이렇게 설득할 수 있는 큰 힘이 되기 때문입니다. 그 중에서도 가장 좋은 씨에스는 바로 시간과 공간의 제약을 받지 않는 씨에스인데요. 예를 들면 전국 각지에 서비스 센터가 있다 거나 혹은 이십 사 시간 상담센터를 운영해서 언제든지 전화로 문제를 해결할 수 있다 거나 혹은 정말 급한 상황에는 출장 서비스를 통해 씨에스를 해주거나 이렇게 시간과 공간의 제약을 받지 않는 씨에스야말로 가장 좋은 씨에스라고 생각합니다.","wordCount":88},"emotion":[],"intent":[{"text":"","expression":"","category":"attitude"}],"summary":{"text":"영업의 관점에서 커스터머 써비스 씨에스는 매주 중요한데, 시간과 공간 제약을 받지 않는 씨에스가 가장 좋은 씨에스라고 생각합니다.","wordCount":17}}},"rawDataInfo":{"question":{"fileFormat":"wav","fileSize":617678,"duration":19300,"samplingBit":16,"channelCount":1,"samplingRate":"16kHz","audioPath":"/Mock/02.SalesMarketing/Male/New/ckmk_q_sm_m_n_196681.wav"},"answer":{"fileFormat":"wav","fileSize":2741838,"duration":85680,"samplingBit":16,"channelCount":1,"samplingRate":"16kHz","audioPath":"/Mock/02.SalesMarketing/Male/New/ckmk_a_sm_m_n_196681.wav"}}}