{"version":"1.0","dataSet":{"info":{"date":"20230116","occupation":"SM","channel":"MOCK","place":"ONLINE","gender":"MALE","ageRange":"-34","experience":"NEW"},"question":{"raw":{"text":"지원자님은 왜 이 분야에 관심을 가지게 되었고 또 지원하게 되었는지 궁금합니다 관심을 가지게 되었던 계기와 지원 동기를 둘 다 말씀해 주세요","wordCount":21},"emotion":[],"intent":[]},"answer":{"raw":{"text":"제가 식품 영업 분야에 관심을 가지게 되었고 또 지원하게 된 계기는 바로 이전 직장에서의 경험 때문입니다. 저는 아이스크림 기업에서 일 년간 영업 직무로 일했는데요. 그러면서 식품 분야가 가지고 있는 매력에 빠지게 되었습니다. 식품은 사람들에게 행복을 가져다주고 남녀 노소 가릴 것 없이 모두가 좋아하는 분야입니다. 따라서 일을 할 때 사람들을 즐겁게 해준다는 점이 저에게는 큰 동기 부여가 됐습니다. 하지만 이전 직장은 기업 문화가 매우 좋지 않았습니다. 그래서 식품 분야는 매우 마음에 들었지만 이전 직장을 퇴사하게 되었고 좋은 기업 문화와 좋은 분야에서 일하고 있는 이 회사에 입사하고 싶어서 이렇게 지원하게 되었습니다.","wordCount":89},"emotion":[],"intent":[{"text":"그래서 식품 분야는 매우 마음에 들었지만 이전 직장을 퇴사하게 되었고 좋은 기업 문화와 좋은 분야에서 일하고 있는 이 회사에 입사하고 싶어서 이렇게 지원하게 되었습니다.","expression":"c_sincere_job","category":"etc"}],"summary":{"text":"식품 영업 분야에 관심을 가지게 된 계기는 이전 직장에서의 경험 때문입니다. 이전 직장은 기업 문화가 매우 좋지 않았습니다. 식품 분야는 매우 마음에 들었지만 좋은 기업 문화와 좋은 분야에서 일하고 있는 이 회사에 입사하고 싶어서 이렇게 지원하게 되었습니다.","wordCount":37}}},"rawDataInfo":{"question":{"fileFormat":"wav","fileSize":618958,"duration":19340,"samplingBit":16,"channelCount":1,"samplingRate":"16kHz","audioPath":"/Mock/02.SalesMarketing/Male/New/ckmk_q_sm_m_n_203610.wav"},"answer":{"fileFormat":"wav","fileSize":2602958,"duration":81340,"samplingBit":16,"channelCount":1,"samplingRate":"16kHz","audioPath":"/Mock/02.SalesMarketing/Male/New/ckmk_a_sm_m_n_203610.wav"}}}