{"version":"1.0","dataSet":{"info":{"date":"20230116","occupation":"SM","channel":"MOCK","place":"ONLINE","gender":"MALE","ageRange":"-34","experience":"NEW"},"question":{"raw":{"text":"만약 지원자님께서 지금 지원하신 이 업무가 아닌 다른 부서에 배치되게 된다면 어떻게 하시겠습니까 그래도 괜찮으시겠습니까","wordCount":15},"emotion":[],"intent":[]},"answer":{"raw":{"text":"제가 생각하는 회사라는 업 회사라는 조직은 필요한 능력을 적재적소에 잘 배치를 해서 잘 이용하는 그런 조직이라고 저는 생각이 듭니다. 그래서 제가 지금 비록 이 업무에 지원하지 지원했지만 다른 부서에 배치가 됐더라도 그것이 제 능력 안에서 해결할 수 있는 범주이고 또 그것이 제가 해야 하는 일이라면 저는 기꺼이 애사심과 책임감을 가지고 그 업무를 기꺼이 수행을 할 것 같습니다. 왜냐하면은 그것이 이제 저를 뽑아준 회사에 대한 예의라고 생각이 또 들고 또 제 능력이 거기서 또 새로운 능력이 빛을 발휘를 할 수도 있다고 생각이 들기 때문입니다. 하지만 만약에 정 이 업무가 제 적성에 맞지 않는다면 진지하게 상급자 분한테 말씀을 드려서 다른 부서 타 부서로서의 전출을 한 번 더 가거나 전출을 이제 고려를 진지하게 고려를 하는 것도 하나의 방법일 것 같습니다. 이상입니다. 감사합니다.","wordCount":119},"emotion":[],"intent":[{"text":"","expression":"","category":"attitude"}],"summary":{"text":"회사라는 조직은 필요한 능력을 적재적소에 배치해 잘 이용하는 조직이라고 생각합니다. 그래서 이 업무에 지원했지만 다른 부서에 배치됐더라도 그것이 제 능력 안에서 해결할 수 있는 범위라면 저는 기꺼이 그 업무를 기꺼이 수행할 것 같습니다.","wordCount":33}}},"rawDataInfo":{"question":{"fileFormat":"wav","fileSize":540878,"duration":16900,"samplingBit":16,"channelCount":1,"samplingRate":"16kHz","audioPath":"/Mock/02.SalesMarketing/Male/New/ckmk_q_sm_m_n_185316.wav"},"answer":{"fileFormat":"wav","fileSize":2255438,"duration":70480,"samplingBit":16,"channelCount":1,"samplingRate":"16kHz","audioPath":"/Mock/02.SalesMarketing/Male/New/ckmk_a_sm_m_n_185316.wav"}}}