{"version":"1.0","dataSet":{"info":{"date":"20230116","occupation":"SM","channel":"MOCK","place":"ONLINE","gender":"MALE","ageRange":"-34","experience":"NEW"},"question":{"raw":{"text":"어 일을 하다 보면 열심히 하지만 본인이 원하는 만큼 따라오지 못하는 팀 동료가 있을 수 있습니다 이러한 팀 동료에게 어떻게 하실 건가요","wordCount":22},"emotion":[],"intent":[]},"answer":{"raw":{"text":"함께 일을 하다 보면 열심히는 하지만 어 본인이 원하는 만큼 따라오지 못하는 팀 동료들이 있을 수 밖에 없습니다. 아프리카 속담에 이런 말이 있습니다. 빨리 가려면 혼자 가고 멀리 가려면 함께 가라. 공동체의 업무는 빨리하는 것도 물론 중요하지만 그것보다 중요한 건 더 정확하게 그리고 지속성을 갖는 것이라고 생각합니다. 공동체 구성원 중에 이 업무에 대해서 부족한 구성원이 있을 수 있습니다. 하지만 다른 분야에서는 그 구성원이 저의 업무 능력보다 뛰어날 수도 있습니다. 이러한 각자의 단점을 보완하기 위해 그룹에로 단체 생활을 하는 것이라고 생각합니다. 그렇기 때문에 저는 부족한 부분이 있는 동료를 보면 뭐라고 하기보다는 함께 오래 나아갈 수 있는 방법을 고안하고 도움을 주도록 하겠습니다. 그것이 더 성공하는 방법이라고 생각합니다.","wordCount":105},"emotion":[],"intent":[{"text":"","expression":"","category":"attitude"}],"summary":{"text":"공동체의 업무는 빨리하는 것도 중요하지만 더 정확하게 그리고 지속성을 갖는 것이라고 생각합니다. 각자의 단점을 보완하기 위해 함께 오래 나아갈 수 있는 방법을 고안하고 도움을 주도록 하겠습니다. 그것이 더 성공하는 방법이라 생각합니다.","wordCount":31}}},"rawDataInfo":{"question":{"fileFormat":"wav","fileSize":512078,"duration":16000,"samplingBit":16,"channelCount":1,"samplingRate":"16kHz","audioPath":"/Mock/02.SalesMarketing/Male/New/ckmk_q_sm_m_n_215099.wav"},"answer":{"fileFormat":"wav","fileSize":2852558,"duration":89140,"samplingBit":16,"channelCount":1,"samplingRate":"16kHz","audioPath":"/Mock/02.SalesMarketing/Male/New/ckmk_a_sm_m_n_215099.wav"}}}