{"version":"1.0","dataSet":{"info":{"date":"20230116","occupation":"SM","channel":"MOCK","place":"ONLINE","gender":"MALE","ageRange":"-34","experience":"NEW"},"question":{"raw":{"text":"마케팅 업무에 통계 분석 기법을 적용해 본 본인의 사례가 있다면 말씀해 주세요","wordCount":12},"emotion":[],"intent":[]},"answer":{"raw":{"text":"제가 일 전에 엠디 역할을 하면서 이커머스 업계에서 엠디로 일을 했을 때 일이었습니다. 이커머스에서는 컴퓨터 알고리즘을 통해서 이 사용자들이 어떤 물건을 가장 선호를 하는지를 잘 나타내주는 그런 척도가 있었는데요. 이 분석 기법 이 통계 푼 이것도 어떻게 보면 통계 분석 기법의 하나라고 볼 수 있겠습니다. 이 기법을 통해서 해당 소비자들이 원하는 니즈 즉 해당 소비자들이 원하는 물건들을 파악을 해서 그 물건들로 이제 딜을 진행을 했었고 그 결과 그 딜은 마진율이 그렇게 높은 소비자들에게 있어서 그렇게 매력적인 물건에 가격이 아니었음에도 불구하고 상당히 성공한 딜로 기록이 되어 상당히 성공한 행사로 기록이 되었습니다. 이것을 통해 통계를 완벽하게 맹신을 해서는 안 되겠지만 그렇다고 해도 이 통계를 또 아예 무시할 수 없다는 그런 생각이 들었는데요. 저는 이 통계에 항상 맹점이 있다고 느꼈었습니다. 하지만 이 행사를 진행을 함으로써 저의 그런 생각이 완전히 바뀌게 되었고 지금도 중요한 통계 지 지금도 중요한 지표로 활용을 해야겠다는 생각을 갖고 있습니다. 이상입니다. 감사합니다.","wordCount":142},"emotion":[{"text":"제가 일 전에 엠디 역할을 하면서 이커머스 업계에서 엠디로 일을 했을 때 일이었습니다.","expression":"u-fact","category":"neutral"}],"intent":[{"text":"이 기법을 통해서 해당 소비자들이 원하는 니즈 즉 해당 소비자들이 원하는 물건들을 파악을 해서 그 물건들로 이제 딜을 진행을 했었고   그 결과 그 딜은 마진율이 그렇게 높은 소비자들에게 있어서 그렇게 매력적인 물건에   가격이 아니었음에도 불구하고 상당히 성공한 딜로 기록이 되어 상당히 성공한 행사로 기록이 되었습니다.","expression":"s_sell_exp","category":"technology"}],"summary":{"text":"이커머스에서 컴퓨터 알고리즘을 통해서 사용자들이 어떤 물건을 가장 선호를 하는지를 잘 나타내주는 척도가 있습니다. 이 분석 기법을 통해서 해당 소비자들이 원하는 물건들을 파악을 해서 그 물건들로 딜을 진행을 했었고 그 결과 상당히 성공한 행사로 기록이 되었습니다. 이것을 통해서 통계 분석 기법의 하나라고 볼 수 있겠습니다.","wordCount":45}}},"rawDataInfo":{"question":{"fileFormat":"wav","fileSize":297038,"duration":9280,"samplingBit":16,"channelCount":1,"samplingRate":"16kHz","audioPath":"/Mock/02.SalesMarketing/Male/New/ckmk_q_sm_m_n_185369.wav"},"answer":{"fileFormat":"wav","fileSize":2532558,"duration":79140,"samplingBit":16,"channelCount":1,"samplingRate":"16kHz","audioPath":"/Mock/02.SalesMarketing/Male/New/ckmk_a_sm_m_n_185369.wav"}}}