{"version":"1.0","dataSet":{"info":{"date":"20230116","occupation":"SM","channel":"MOCK","place":"ONLINE","gender":"MALE","ageRange":"-34","experience":"NEW"},"question":{"raw":{"text":"시간이 촉박한 상황이 생기면 어떻게 시간 관리를 하시나요 지원자님만의 시간 관리법에 대해서 말씀해 주실 수 있을까요","wordCount":16},"emotion":[],"intent":[]},"answer":{"raw":{"text":"저는 시간이 촉박한 상황이 오기 전에 미리 준비를 하는 편입니다. 보통 근로계약서를 쓸 때 주 사십 시간 혹은 초과 근무를 해도 주 오십 이 시간을 넘기지 않는다 이런 식의 근로 노동법이 있죠. 그래서 예를 들어 아홉 시에 출근하여 여섯 시에 퇴근한다고 가정을 해 본다면 저 같은 경우 아홉 시 보다 삼십 분 전에 출근하고 여섯 시 보다 삼십 분 뒤인 뒤에 퇴근합니다. 앞 뒤로 삼십 분 삼십 분씩 미리 출근하고 미리 퇴근하게 되면 시간을 여유롭게 쓸 수 있는 장점이 있습니다. 미리 출근을 하게 되면 어제 무엇을 제가 했고 오늘 무엇을 해야 되는지 정리가 되고 삼십 분 늦게 퇴근하면 오늘 제가 무엇을 했고 내일 무엇을 해야 하는지를 정리할 수 있습니다. 이렇게 하다 보면 정규 업무 시간 내에 업무의 능률은 올라갈 수 있고요. 어떠한 시간이 촉박한 긴급한 일이 갑자기 떤져지더라도 소화할 수 있는 유연성을 기를 수 있습니다. 또한 이게 버릇으로 자리 잡아 하루 이틀 삼 일이 되면 앞 뒤로 한 시간씩 겹쳐지게 되면서 훨씬 더 피드백을 할 수 있는 시간이 많아집니다. 전 이렇게 관리를 합니다.","wordCount":163},"emotion":[{"text":"보통 근로계약서를 쓸 때 주 사십 시간 혹은 초과 근무를 해도 주 오십 이 시간을 넘기지 않는다 이런 식의 근로 노동법이 있죠.","expression":"u-fact","category":"neutral"}],"intent":[{"text":"","expression":"","category":"attitude"}],"summary":{"text":"저는 근로계약서를 쓸 때 주 오십 이 시간을 넘기지 않는다는 식의 근로 노동법을 따라 미리 준비를 하는 편인데, 이렇게 하다 보면 정규 업무 시간 내에 업무의 능률은 올라갈 수 있고 어떠한 시간이 촉박한 긴급한 일이 갑자기 떠올랐을 때를 감당할 수 있는 유연성을 기를 수 있습니다.","wordCount":45}}},"rawDataInfo":{"question":{"fileFormat":"wav","fileSize":558478,"duration":17450,"samplingBit":16,"channelCount":1,"samplingRate":"16kHz","audioPath":"/Mock/02.SalesMarketing/Male/New/ckmk_q_sm_m_n_212716.wav"},"answer":{"fileFormat":"wav","fileSize":2854478,"duration":89200,"samplingBit":16,"channelCount":1,"samplingRate":"16kHz","audioPath":"/Mock/02.SalesMarketing/Male/New/ckmk_a_sm_m_n_212716.wav"}}}