{"version":"1.0","dataSet":{"info":{"date":"20230116","occupation":"SM","channel":"MOCK","place":"ONLINE","gender":"MALE","ageRange":"-34","experience":"NEW"},"question":{"raw":{"text":"네 업무 시에 분쟁이 발생할 때를 대비한 지원자님만의 대처 방법이 있으신지 만약에 그런 업무 시 분쟁 발생에 대한 대처 방법에 대해 어떤 식으로 좀 할 수 있는지 자세하게 설명을 부탁드립니다","wordCount":30},"emotion":[],"intent":[]},"answer":{"raw":{"text":"업무시 분쟁이 발생할 때를 대비한 저만의 대처법은 바로 회식을 자주 하는 것입니다. 일을 하다 보면 분쟁이 생길 수 밖에 없는데요. 이렇게 분쟁이 생겼을 때 다들 성숙한 직장인이기 때문에 서로의 잘못을 인정하고 사과할 수는 있지만 그렇게 생긴 감정의 골을 해소하는 것이 쉽지는 않습니다. 그렇기 때문에 직장 밖에서 회식 자리를 통해 직장 동료가 아닌 사람 대 사람으로 친밀한 관계를 형성하고 그렇게 된 다음에 분쟁이 발생하면 서로가 친한 친구와 싸우고 화해하듯이 좀 더 서로를 이해하고 뒤끝 없이 분쟁을 잘 해결할 수 있습니다.","wordCount":79},"emotion":[],"intent":[{"text":"","expression":"","category":"attitude"}],"summary":{"text":"업무시 분쟁이 생길 경우를 대비한 저만의 대처법은 회식을 자주 하는 것입니다. 서로의 잘못을 인정하고 사과할 수는 있지만 감정의 골이 해소되는 것이 쉽지는 않습니다. 그래서 회식 자리를 통해 친밀한 관계를 형성하고 분쟁을 잘 해결할 수 있습니다.","wordCount":35}}},"rawDataInfo":{"question":{"fileFormat":"wav","fileSize":577998,"duration":18060,"samplingBit":16,"channelCount":1,"samplingRate":"16kHz","audioPath":"/Mock/02.SalesMarketing/Male/New/ckmk_q_sm_m_n_196675.wav"},"answer":{"fileFormat":"wav","fileSize":2556238,"duration":79880,"samplingBit":16,"channelCount":1,"samplingRate":"16kHz","audioPath":"/Mock/02.SalesMarketing/Male/New/ckmk_a_sm_m_n_196675.wav"}}}