{"version":"1.0","dataSet":{"info":{"date":"20230116","occupation":"SM","channel":"MOCK","place":"ONLINE","gender":"MALE","ageRange":"-34","experience":"NEW"},"question":{"raw":{"text":"어 대학에서 배운 지원자님의 여러 가지 전공 과목이 있으실 텐데요 이 중에서 가장 기억에 남는 과목을 한 가지 골라서 그 이유와 함께 어 말씀해 주세요","wordCount":25},"emotion":[],"intent":[]},"answer":{"raw":{"text":"대학에서 제가 배운 전공 과목 중 가장 기억에 남는 과목은 바로 소크라테스의 변론 과목입니다. 저는 대학에서 철학과를 전공했습니다. 그러면서 무수히 많은 철학자들의 수업을 들었습니다. 하지만 그중 가장 기억에 남는 수업은 바로 소크라테스의 변론 과목이었는데요. 그 이유는 다양합니다. 먼저 소크라테스가 그 시대에도 완벽한 논증을 펼쳤다는 것이 너무나도 인상 깊었기 때문입니다. 두 번째는 소크라테스가 그렇게 완벽한 논쟁을 펼쳤음에도 불구하고 대중들은 소크라테스에게 사형을 선고했던 점입니다. 저는 이 부분에서 사람들은 결국 논리보다는 감정에 이끌린다는 것을 알게 되었습니다. 왜냐하면 소크라테스의 논증은 완벽했지만 그가 논증을 하는 태도는 매우 거만했기 때문입니다.","wordCount":84},"emotion":[{"text":"저는 대학에서 철학과를 전공했습니다.","expression":"u-fact","category":"neutral"}],"intent":[{"text":"","expression":"","category":"attitude"}],"summary":{"text":"소크라테스의 변론 과목이 가장 기억에 남습니다. 그는 그 시대에도 완벽한 논증을 펼쳤지만 대중은 그를 사형을 선고했습니다. 논증은 완벽했지만 태도는 거만했기 때문입니다.","wordCount":21}}},"rawDataInfo":{"question":{"fileFormat":"wav","fileSize":454478,"duration":14200,"samplingBit":16,"channelCount":1,"samplingRate":"16kHz","audioPath":"/Mock/02.SalesMarketing/Male/New/ckmk_q_sm_m_n_203937.wav"},"answer":{"fileFormat":"wav","fileSize":2785998,"duration":87060,"samplingBit":16,"channelCount":1,"samplingRate":"16kHz","audioPath":"/Mock/02.SalesMarketing/Male/New/ckmk_a_sm_m_n_203937.wav"}}}