{"version":"1.0","dataSet":{"info":{"date":"20230116","occupation":"SM","channel":"MOCK","place":"ONLINE","gender":"MALE","ageRange":"-34","experience":"NEW"},"question":{"raw":{"text":"영업에서 가장 중요한 것은 어떤 것인지 지원 자님의 생각을 말씀해 주세요","wordCount":11},"emotion":[],"intent":[]},"answer":{"raw":{"text":"영업에서 가장 중요한 것은 상대방에 대한 이해라고 생각합니다. 제가 아는 지인분께서는 보험업계의 신화라고 불리는데요. 그분은 보험을 할 때 항상 상대방을 파악하고 그에 맞춘 선물을 사 간다든지 혹은 금융 전략을 조언해주곤 했다고 했습니다. 모든 영업의 기본은 내가 만나는 상대에 대한 이해라고 생각합니다. 사실 판매하는 상품에 대한 전달도 중요하겠지만 사람들은 그 말을 전달하는 사람의 신뢰성을 보고 물건을 살 것인지 혹은 말 것인지 결정하는 경우가 많습니다. 그렇기 때문에 저는 판매를 하고자 하는 대상에게 신뢰를 얻고 또 호감을 줄 수 있어야 한다고 생각합니다. 그래서 영업에서 가장 중요한 부분은 상대방에 대한 이해라고 생각합니다.","wordCount":88},"emotion":[],"intent":[{"text":"","expression":"","category":"attitude"}],"summary":{"text":"모든 영업의 기본은 제가 만나는 상대에 대한 이해입니다. 사람들은 그 말을 전달하는 사람의 신뢰성을 보고 물건을 구매 또는 말 것인지 결정합니다. 판매자에게는 신뢰를 얻고 또 호감을 줄 수 있어야 합니다. 그래서 영업에서 가장 중요한 부분은 상대방에 대한 이해도입니다.","wordCount":38}}},"rawDataInfo":{"question":{"fileFormat":"wav","fileSize":243278,"duration":7600,"samplingBit":16,"channelCount":1,"samplingRate":"16kHz","audioPath":"/Mock/02.SalesMarketing/Male/New/ckmk_q_sm_m_n_215102.wav"},"answer":{"fileFormat":"wav","fileSize":2808398,"duration":87760,"samplingBit":16,"channelCount":1,"samplingRate":"16kHz","audioPath":"/Mock/02.SalesMarketing/Male/New/ckmk_a_sm_m_n_215102.wav"}}}