{"version":"1.0","dataSet":{"info":{"date":"20230116","occupation":"SM","channel":"MOCK","place":"ONLINE","gender":"MALE","ageRange":"-34","experience":"NEW"},"question":{"raw":{"text":"우리 회사에 들어오게 된다면 지원자님이 가장 가고 싶은 부서는 어디입니까 그리고 왜 그 부서가 가고 싶다고 생각하셨는지 이유를 함께 말씀해 주시기 바랍니다","wordCount":22},"emotion":[],"intent":[]},"answer":{"raw":{"text":"우리 회사에 들어오게 된다면 가장 가고 싶은 부서는 바로 해외 영업 부서입니다. 그중에서도 미국 진출 담당 부서에 들어가고 싶은데요. 왜냐하면 미국 시장은 명실상부 세계에서 가장 큰 시장이고 따라서 미국 시장에서 일하게 된다면 저의 역량이 빠르게 성장할 것이기 때문입니다. 또한 미국 시장에서 우리 회사가 인정을 받으면 유럽 미국 다양한 곳에서 우리 제품이 성공할 수 있다는 증거이며 따라서 미국을 발판 삼아 다른 국가 다른 도시로 우리 회사가 뻗어나갈 수 있기 때문입니다. 그래서 저는 해외 영업 부서 그중에서도 미국 진출을 담당하는 팀으로 가서 열심히 일해보고 싶습니다.","wordCount":83},"emotion":[],"intent":[{"text":"","expression":"","category":"attitude"}],"summary":{"text":"우리 회사에 들어온다면 해외 영업 부서 중에서도 미국 진출 담당 부서에 들어가고 싶습니다. 미국 시장에서 일하게 된다면 역량이 빠르게 성장하고 다른 국가 다른 도시로 뻗어나갈 수 있기 때문입니다.","wordCount":28}}},"rawDataInfo":{"question":{"fileFormat":"wav","fileSize":529678,"duration":16550,"samplingBit":16,"channelCount":1,"samplingRate":"16kHz","audioPath":"/Mock/02.SalesMarketing/Male/New/ckmk_q_sm_m_n_203906.wav"},"answer":{"fileFormat":"wav","fileSize":2646478,"duration":82700,"samplingBit":16,"channelCount":1,"samplingRate":"16kHz","audioPath":"/Mock/02.SalesMarketing/Male/New/ckmk_a_sm_m_n_203906.wav"}}}