{"version":"1.0","dataSet":{"info":{"date":"20230116","occupation":"SM","channel":"MOCK","place":"ONLINE","gender":"MALE","ageRange":"-34","experience":"NEW"},"question":{"raw":{"text":"어 휴식을 취할 때 주로 어떤 일들을 하시나요 그리고 그 일을 하는 이유도 함께 말씀해 주시기를 바랍니다 그것들을 하면 어떤 것들이 좋나요","wordCount":22},"emotion":[],"intent":[]},"answer":{"raw":{"text":"휴식을 취한다는 게 직장 내에서 휴식을 취할 수도 있고요. 혹은 완전히 퇴근을 한 후 제가 휴식을 취할 수도 있겠는데요. 회사 내에서 주로 휴식을 취할 때는 저는 보통 옥상에 올라갑니다. 사무실은 어떻게 보면은 한정되어 있는 공간이다 보니까 계속 지냈던 공간에서 지내고 무료함을 느끼고 답답함을 느낄 수 있습니다. 그래서 저는 옥상에 올라가 멀리 보려는 노력 연습을 합니다. 컴퓨터 앞에 앉아 일을 하고 거래처에 바로 사람을 마주하고 일을 하고 어떻게 보면 작은 공간이잖아요. 그 대신 옥상에 올라가 멀리 사람 사는 모습을 보고 있으면 마음이 평온해집니다. 마음의 평온을 얻기 위해 휴식을 한다고 생각을 해도 과언이 아닙니다. 그리고 저는 집에 왔을 때 보통 웨이트를 합니다. 웨이트 트레이닝을 하다 보면 제 몸이 달라지는 것을 보게 되고 회사 외적으로 제가 자기 계발을 하고 있다는 생각에 뿌듯함을 느낍니다. 업무로 사실 평일이 끝나는 것이 사실인데요. 그와 외적으로 워크 앤 라이프 밸란스를 맞추기 위해 저는 운동을 열심히 하고 있습니다. 현재 일 년 넘게 했고 개인적으로 바디 프로필도 찍다는 생각 찍고 싶다는 생각이 듭니다. 자신을 가꾸기 위함이죠.","wordCount":156},"emotion":[],"intent":[{"text":"","expression":"","category":"attitude"}],"summary":{"text":"회사 내에서 주로 휴식을 취할 때는 주로 옥상에 올라가 멀리 사람 사는 모습을 보고 있는데, 그렇게 함으로써 마음의 평온을 얻고 자기 계발을 한다는 뿌듯함을 느낍니다. 그리고 개인적으로 워크 앤 라이프 밸란스를 맞추기 위해 운동을 열심히 하고 있습니다.","wordCount":37}}},"rawDataInfo":{"question":{"fileFormat":"wav","fileSize":482638,"duration":15080,"samplingBit":16,"channelCount":1,"samplingRate":"16kHz","audioPath":"/Mock/02.SalesMarketing/Male/New/ckmk_q_sm_m_n_212718.wav"},"answer":{"fileFormat":"wav","fileSize":2816718,"duration":88020,"samplingBit":16,"channelCount":1,"samplingRate":"16kHz","audioPath":"/Mock/02.SalesMarketing/Male/New/ckmk_a_sm_m_n_212718.wav"}}}