{"version":"1.0","dataSet":{"info":{"date":"20230116","occupation":"SM","channel":"MOCK","place":"ONLINE","gender":"MALE","ageRange":"35-44","experience":"NEW"},"question":{"raw":{"text":"본인은 영업과 판매의 차이가 무엇이라고 생각하는지 말씀해 주시겠습니까","wordCount":8},"emotion":[],"intent":[]},"answer":{"raw":{"text":"영업 그리고 판매 비슷하게 생각되는 이 두 가지 개념의 차이에 대해 자세한 설명을 요구하셨습니다. 영업과 판매는 어떻게 보면 거의 같은 맥락이라고 할 수도 있겠습니다 하지만 판매라는 것은 제가 판매해야 할 물품과 고객의 재화가 서로 맞교환되었을 때 즉 제가 가진 물건을 다른 사람의 돈과 교환을 하거나 그 사람의 다른 가치와 상응하는 교환을 하고 거기에 대한 저의 마진 이익이 남았을 때 그것이 판매가 되겠습니다. 하지만 영업이라 함은 판매가 이루어지기 위해 준비하는 과정을 비롯해 홍보 마케팅 그리고 에이에스 까지 모든 것을 통틀어 영업이라 칭할 수 있겠습니다. 그러므로 판매와 영업의 개념은 전혀 다릅니다.","wordCount":89},"emotion":[],"intent":[{"text":"","expression":"","category":"attitude"}],"summary":{"text":"판매는 제가 가진 물건을 다른 사람의 돈과 교환하거나 그 사람의 다른 가치와 상응하는 교환을 하고 여기에 대한 저의 마진 이익이 남았을 때 판매라 하며, 영업은 판매를 위한 모든 것을 통틀어 영업이라 할 수 있겠습니다.","wordCount":34}}},"rawDataInfo":{"question":{"fileFormat":"wav","fileSize":279438,"duration":8730,"samplingBit":16,"channelCount":1,"samplingRate":"16kHz","audioPath":"/Mock/02.SalesMarketing/Male/New/ckmk_q_sm_m_n_210146.wav"},"answer":{"fileFormat":"wav","fileSize":2906638,"duration":90830,"samplingBit":16,"channelCount":1,"samplingRate":"16kHz","audioPath":"/Mock/02.SalesMarketing/Male/New/ckmk_a_sm_m_n_210146.wav"}}}