{"version":"1.0","dataSet":{"info":{"date":"20230116","occupation":"SM","channel":"MOCK","place":"ONLINE","gender":"MALE","ageRange":"-34","experience":"NEW"},"question":{"raw":{"text":"요즘 고령화 사회로 가면서 치매에 대한 문제가 많이 대두되고 있는데 이에 대해 건보 공단이 하는 일과 개선 개선할 방법을 말씀해 주세요","wordCount":21},"emotion":[],"intent":[]},"answer":{"raw":{"text":"네 요즘 저출산 고령화 문제가 굉장히 심한데요. 그러 제 지인 중에는 치매를 걸린 할머니들이 없지만 제 친구들의 할머니나 좀 더 먼 친척들까지 가게 된다면 치매로 고생하시는 분들이 있습니다. 어 그래서 저는 이런 치매에 대한 문제점을 건강 건보공단에서 치매 환자들에게는 굉장히 잘하고 있다고 생각합니다. 치매 관련된 보험이나 서비스 시스템 그리고 나라에서 해주는 지원 사업이라든지 어 관리사를 붙여주는 그런 일들도 하고 있다고 알고 있고요. 그래서 제 하지만 제가 생각하기에 건보에서 개선할 방안은 바로 천대 이십 대 삼십 대 그리고 사십 대 오십 대 사람들에 관한 관심입니다. 아무래도 치매 환자가 많아지면서 정말 걱정이 많아지는 건 중장년이라고 생각을 하는데요. 저희 부모님 세대에 대한 관심을 더 가져주고 어 좀 더 미래지향적인 사람들을 챙길 수 있다면 건보에서 치매 문제로 굉장한 효과를 얻을 수 있다고 생각합니다. 그래서 단순히 현재 치매 노인들만 생각하는 것이 아닌 저희 엠제트 세대부터 중장년층까지 함께 신경을 써줬으면 더 좋을 것 같습니다.","wordCount":138},"emotion":[],"intent":[{"text":"","expression":"","category":"attitude"}],"summary":{"text":"저출산 고령화로 치매 환자가 늘면서 건보에서 개선할 방안은 이십 대 삼십 대 사십 대 오십 대 사람들에 관한 관심입니다. 우리 부모님 세대에 대한 관심을 더 가져주고 미래 지향적인 사람들을 챙길 수 있다면 건보의 치매 문제로 굉장한 효과를 얻을 수 있습니다. 엠제트 세대부터 중장년층까지 함께 신경을 써줬으면 더 좋을 것 같습니다.","wordCount":50}}},"rawDataInfo":{"question":{"fileFormat":"wav","fileSize":459598,"duration":14360,"samplingBit":16,"channelCount":1,"samplingRate":"16kHz","audioPath":"/Mock/02.SalesMarketing/Male/New/ckmk_q_sm_m_n_183689.wav"},"answer":{"fileFormat":"wav","fileSize":2557518,"duration":79920,"samplingBit":16,"channelCount":1,"samplingRate":"16kHz","audioPath":"/Mock/02.SalesMarketing/Male/New/ckmk_a_sm_m_n_183689.wav"}}}