{"version":"1.0","dataSet":{"info":{"date":"20230116","occupation":"SM","channel":"MOCK","place":"ONLINE","gender":"MALE","ageRange":"-34","experience":"NEW"},"question":{"raw":{"text":"지금까지 여러 대외 활동을 해 보셨을 텐데 어 대외 활동에서 무엇을 배웠고 어 어떤 자세로 임하셨는지 말씀 부탁드립니다","wordCount":18},"emotion":[],"intent":[]},"answer":{"raw":{"text":"아 네 저 같은 경우는 그 학교에서 과제를 내준 십만 원으로 물건 팔기가 가장 기억에 남았습니 가장 네 제가 했던 대학 활동 중에 가장 적합한 활동이라고 생각합니다. 이 어 경진대회에는 십만 원으로 과연 얼마만큼의 마진을 남길 수 있는지에 대한 그러한 대외 활동이었는데요. 저 같은 경우는 이제 처음에는 정말 십만 원이 이 비록 작은 돈이지만 이 아이 죄송합니다. 이 작은 돈을 통해서 아 얼마만큼 불릴 수 있겠어 라는 생각이 들었습니다. 그래서 처음에는 그렇게 대수롭지 않게 생각하고 그나마 가장 많이 팔 살 수 있는 물건들을 사서 임했습니다. 하지만 처음에 가볍게 가벼운 마음으로 이제 임해서 그런지 아무래도 아무래도 이제 물건이 아무리 팔려고 해도 팔리지가 않는 그런 현상이었습니 현상이 있었습니다. 하지만 마음을 고쳐 먹고 그때 제가 산 게 이제 양말하고 속옷이었는데 이제 그것들을 사우나 앞에 가져가서 이제 제가 직접 한번 팔아봤습니다. 어 근데 정말 의외로 잘 팔리더라고요. 이 자세에서 제가 배운 것들을 어떤 이 경험에서 제가 배운 것은 어떤 경험이었냐면 어 이런 모든 물건에는 쓰임새가 있다 입니다. 이상입니다. 감사합니다.","wordCount":155},"emotion":[{"text":"하지만 마음을 고쳐 먹고 그때 제가 산 게 이제 양말하고 속옷이었는데 이제 그것들을 사우나 앞에 가져가서   이제 제가 직접 한번 팔아봤습니다.","expression":"u-fact","category":"neutral"}],"intent":[{"text":"","expression":"","category":"attitude"}],"summary":{"text":"경진대회에서는 십만 원으로 물건을 팔기 위한 활동이었습니다. 처음에는 대수롭지 않게 여길 수 있는 물건을 사서 임했지만 물건이 팔리지 않는 현상이 있었습니다. 그때 제가 산 게 이제 양말하고 속옷이어서 사우나에 가서 직접 물건을 팔아봤습니다. 그런데 의외로 잘 팔리더라고 했습니다. 이런 모든 물건에는 쓰임새가 있다는 것을 배웠습니다.","wordCount":45}}},"rawDataInfo":{"question":{"fileFormat":"wav","fileSize":491918,"duration":15370,"samplingBit":16,"channelCount":1,"samplingRate":"16kHz","audioPath":"/Mock/02.SalesMarketing/Male/New/ckmk_q_sm_m_n_179583.wav"},"answer":{"fileFormat":"wav","fileSize":2741198,"duration":85660,"samplingBit":16,"channelCount":1,"samplingRate":"16kHz","audioPath":"/Mock/02.SalesMarketing/Male/New/ckmk_a_sm_m_n_179583.wav"}}}