{"version":"1.0","dataSet":{"info":{"date":"20230116","occupation":"SM","channel":"MOCK","place":"ONLINE","gender":"MALE","ageRange":"55-","experience":"NEW"},"question":{"raw":{"text":"어 동물 실험이 인간에게 여러 가지 이익을 줍니다 어 지원자님이 생각하시기에 동물 실험이 주는 이익에 관해 말씀해 주세요 그리고 그 거기에 관한 지원자님의 생각도 궁금합니다","wordCount":25},"emotion":[],"intent":[]},"answer":{"raw":{"text":"행동학적인 연구를 하기 위해서 스키너의 조작적 어 연구 반복 실험을 보면 여러 동물들을 가지고 어 조작적 어 실험을 하는 것을 우리가 볼 수 있습니다. 파블로프도 마찬가지인데요. 고전적 조건 실험을 하기 위해서 개의 종소리를 울림으로써 침을 흘리게 하고 그 침을 분비하게 함으로써 음식을 주게 되고 또 종소리와 침을 연관시켜서 동물의 반복적 행동에 대한 것을 연구한 것을 인간의 심리적 행동에 이렇게 비추어서 볼 수 있는 긍정적 요소가 있다 라고 생각을 합니다. 그래서 아 종을 울리니까 개가 침을 흘리는구나 그 때 음식을 주면 침을 흘린다는 것 알게 되는 거죠. 또 종을 한번 또 올리니까 또 침을 흘리게 되는 걸 알게 되고 또 음식을 주고 결국 종만 울려도 개가 침을 흘린다는 거죠. 이런 부분을 보면 인간의 행동학적 연구를 하는 데 있어서 하나의 보완적 요소로 작용한다고 봅니다. 물론 가장 중요한 것은 동물 실험을 하더라도 생명에 대한 부분은 소중하게 생각을 해야 될 것이다. 거기에 맞추어서 가야 되는 것이 중요하지 않을까 라고 생각을 합니다. 감사합니다.","wordCount":148},"emotion":[],"intent":[{"text":"","expression":"","category":"attitude"}],"summary":{"text":"인간의 행동학적 연구를 위한 스키너, 파블로프의 실험은 인간의 심리적 행동에 이러한 긍정적 요소가 있다고 생각합니다. 따라서 동물 실험을 하더라도 생명에 대한 부분은 소중하게 생각해야 될 것이고 거기에 맞추어서 가야 되지 않을까 생각합니다.","wordCount":32}}},"rawDataInfo":{"question":{"fileFormat":"wav","fileSize":512078,"duration":16000,"samplingBit":16,"channelCount":1,"samplingRate":"16kHz","audioPath":"/Mock/02.SalesMarketing/Male/New/ckmk_q_sm_m_n_246229.wav"},"answer":{"fileFormat":"wav","fileSize":2845518,"duration":88920,"samplingBit":16,"channelCount":1,"samplingRate":"16kHz","audioPath":"/Mock/02.SalesMarketing/Male/New/ckmk_a_sm_m_n_246229.wav"}}}