{"version":"1.0","dataSet":{"info":{"date":"20230116","occupation":"SM","channel":"MOCK","place":"ONLINE","gender":"MALE","ageRange":"-34","experience":"NEW"},"question":{"raw":{"text":"지원하신 직급으로 들어왔을 때 본인이 생각하시는 먼 미래 즉 십 년 뒤에 미래의 모습을 구체적으로 설명해 주세요","wordCount":17},"emotion":[],"intent":[]},"answer":{"raw":{"text":"지원자님의 십 년 후 미래는 어떨 것 같습니까 저희 회사에 계속 다니고 계실 것 같습니까 라고 이렇게 질문을 해주셨는데요. 어 일단 저의 십 년 미래에는 뭐 그래도 열심히 일을 하고 있을 것 같습니다. 왜냐하면 인제 십 년 후면 이제 서른 살 초가 되는데 어 그때도 열심히 일을 해야지 인제 노후에 가정을 꾸리거나 내가 하고 싶은 일들을 하면서 노후를 보낼 수 있을 것 같습니다. 어 만약에 제가 별 탈 없고 어 상사와 팀원들과 불화가 없고 문제 없이 내가 아직도 배울 것이 많다고 생각한다면 계속 어 회사에 그 저희 회사에 다닐 것 같구요. 어 그러면서 인제 더 열심히 일을 하고 어 배울 것들과 내가 인제 직급이 높아질수록 아래 사람들에게 내 이야기나 내 노하우 같은 거를 나눠줄 수 있을 때까지 열심히 다니면서 어 많은 것을 배우고 또 배운 것을 새로 들어온 사람들이나 모르는 사람들에게 나누는 그런 좋은 사람이 되고 싶습니다. 감사합니다.","wordCount":138},"emotion":[],"intent":[{"text":"","expression":"","category":"attitude"}],"summary":{"text":"열심히 일을 해야 노후에 가정을 꾸리며 노후를 보낼 수 있을 것 같습니다. 계속 회사에 다니면서 직급이 높아질수록 아래 사람들에게 제 이야기나 노하우 같은 것을 나눠줄 수 있을 때까지 열심히 하겠습니다.","wordCount":30}}},"rawDataInfo":{"question":{"fileFormat":"wav","fileSize":444878,"duration":13900,"samplingBit":16,"channelCount":1,"samplingRate":"16kHz","audioPath":"/Mock/02.SalesMarketing/Male/New/ckmk_q_sm_m_n_192608.wav"},"answer":{"fileFormat":"wav","fileSize":2499918,"duration":78120,"samplingBit":16,"channelCount":1,"samplingRate":"16kHz","audioPath":"/Mock/02.SalesMarketing/Male/New/ckmk_a_sm_m_n_192608.wav"}}}