{"version":"1.0","dataSet":{"info":{"date":"20230116","occupation":"SM","channel":"MOCK","place":"ONLINE","gender":"MALE","ageRange":"-34","experience":"NEW"},"question":{"raw":{"text":"처음 만난 상대와 어떻게 친해지세요","wordCount":5},"emotion":[],"intent":[]},"answer":{"raw":{"text":"영업을 하다 보면 처음 만난 상대와 이야기를 나눠야 합니다. 이렇게 처음 만난 상대와 친해지는 데는 저만의 비결이 있는데요 그것은 바로 시사 상식을 통해 공감때를 형성하는 것입니다. 많은 사람들이 처음 만난 사람과 공감때를 형성하고 공통점을 찾아 이야기하는 것이 매우 중요하다는 것을 알고 있습니다. 하지만 막상 실전에서 적용하기는 어려운데요. 이럴 때 가장 큰 힘이 되는 것이 바로 시사 상식입니다. 예를 들면 스포츠를 좋아하는 사람에겐 스포츠 관련 최신 이슈들을 이야기하고 정치를 좋아하는 사람에겐 정치 관련 뉴스를 이야기하고 이런 식으로 그 사람의 관심 분야에 대해서 어느 정도 알고 최근에 있었던 일들을 이야기한다면 정말 빠른 시일 내에 쉽게 친해지고 소통할 수 있습니다. 그래서 저는 꾸준한 시사 상식 공부를 통해 정말 말 그대로 어떤 사람이 저와 일을 함께 하게 되더라도 금세 친해질 수 있는 사람입니다.","wordCount":119},"emotion":[],"intent":[{"text":"이렇게 처음 만난 상대와 친해지는 데는 저만의 비결이 있는데요 그것은 바로 시사 상식을 통해 공감때를 형성하는 것입니다.","expression":"s_intp","category":"attitude"},{"text":"많은 사람들이 처음 만난 사람과 공감때를 형성하고 공통점을 찾아 이야기하는 것이 매우 중요하다는 것을 알고 있습니다.","expression":"s_intp","category":"attitude"}],"summary":{"text":"영업하다 보면 처음 만난 상대와 친해지는 데는 시사 상식을 통해 공감때를 형성하는 것입니다. 시사 상식은 그 사람의 관심 분야에 대해 어느 정도 알고 최근에 있었던 일들을 이야기하면 빨리 친해지고 소통할 수 있습니다. 그래서 저는 시사 상식 공부를 통해 자연스레 친해질 수 있는 사람입니다.","wordCount":43}}},"rawDataInfo":{"question":{"fileFormat":"wav","fileSize":190478,"duration":5950,"samplingBit":16,"channelCount":1,"samplingRate":"16kHz","audioPath":"/Mock/02.SalesMarketing/Male/New/ckmk_q_sm_m_n_190959.wav"},"answer":{"fileFormat":"wav","fileSize":2734478,"duration":85450,"samplingBit":16,"channelCount":1,"samplingRate":"16kHz","audioPath":"/Mock/02.SalesMarketing/Male/New/ckmk_a_sm_m_n_190959.wav"}}}