{"version":"1.0","dataSet":{"info":{"date":"20230116","occupation":"SM","channel":"MOCK","place":"ONLINE","gender":"MALE","ageRange":"-34","experience":"NEW"},"question":{"raw":{"text":"어 만약 지원자님이 게임 속의 캐릭터라고 상상을 해보고 어 자신이 그 게임에서 어떤 역할을 맡아서 수행을 하고 싶은지 어 상상해 보기 바랍니다","wordCount":22},"emotion":[],"intent":[]},"answer":{"raw":{"text":"제가 만약 게임 속 캐릭터라면 오버 워치라는 게임 속에서 라인 하르트라는 캐릭터를 하고 싶습니다. 이 캐릭터는 덩치가 크고 맷집이 좋아서 팀원들을 위해 상대 팀의 공격을 막아내는 역할을 합니다. 저도 제가 도움이 된다 면 우리 팀을 위해서 제가 대신 힘든 부분을 도맡아하고 어려운 일들에 나서면서 어려운 사회생활 속 든든한 방패가 되어주고 싶습니다. 따라서 저는 이렇게 맷집이 좋고 덩치도 좋아서 나를 희생하면서 팀을 구할 수 있는 그런 캐릭터로 활약해 보고 싶습니다.","wordCount":69},"emotion":[],"intent":[{"text":"","expression":"","category":"attitude"}],"summary":{"text":"저는 오버 워치라는 게임 속에서 라인 하르트라는 캐릭터를 하고 싶습니다. 도움이 된다면 팀원을 위해 힘든 부분을 도맡고 어려운 사회생활 속 든든한 방패가 되어주고 싶습니다.","wordCount":24}}},"rawDataInfo":{"question":{"fileFormat":"wav","fileSize":491278,"duration":15350,"samplingBit":16,"channelCount":1,"samplingRate":"16kHz","audioPath":"/Mock/02.SalesMarketing/Male/New/ckmk_q_sm_m_n_196673.wav"},"answer":{"fileFormat":"wav","fileSize":2183438,"duration":68230,"samplingBit":16,"channelCount":1,"samplingRate":"16kHz","audioPath":"/Mock/02.SalesMarketing/Male/New/ckmk_a_sm_m_n_196673.wav"}}}