{"version":"1.0","dataSet":{"info":{"date":"20230116","occupation":"SM","channel":"MOCK","place":"ONLINE","gender":"MALE","ageRange":"35-44","experience":"NEW"},"question":{"raw":{"text":"업무 중에 스케줄에 없었던 일이 생길 때가 정말 많습니다 이런 갑작스러운 상황이 생긴다면 지원자님은 어떻게 대처하실 건가요","wordCount":17},"emotion":[],"intent":[]},"answer":{"raw":{"text":"업무 중에 스케줄이 없던 일이 발생을 한다면 어떻게 대처를 하겠는지 라고 질문을 하셨습니다. 업무 중에 스케줄대로만 업무가 진행이 된다면 금상 첨화이겠지만 살다 보면 원하는 대로 일이 풀리지 않듯 업무를 하면서도 동등하게 어 살아가면서 잘 풀리지 않는 일과 같이 예상 밖의 난관이 생기기도 하고 생각하지 않았던 하지 않아도 될 일을 하게끔 되는 경우가 때때로 발생을 하곤 합니다. 이런 상황이 생기면 저희 업무 시간을 계산을 하고 그 시간 내에 할 수 있는 일이라면 당연히 조금 더 서둘러서 제가 맡았던 일의 분량보다 쪼금 더 함으로써 그냥 넘길 수 있을 것 같습니다. 그렇지 않은 일이라면 당연히 지금 해야 할 일과 추가로 새로 생긴 일 가운데 우선 순위를 따져 먼저 해야 할 일을 하는 게 맞습니다. 나머지 못하게 된 부분은 사정을 상사에게 설명을 충분히 이해할 수 있도록 하고 차후 진행하는 방법을 찾아야 할 것입니다.","wordCount":129},"emotion":[],"intent":[{"text":"","expression":"","category":"attitude"}],"summary":{"text":"업무 중에 스케줄이 없던 일이 생기면 업무 시간을 계산하고 그 시간 내에 할 수 있는 일이라면 빨리 처리해 그냥 넘길 수 있을 것 같습니다. 그렇지 않은 경우 우선 순위를 따져 먼저 해야 할 일을 하는 게 맞고, 나머지 못하게 된 부분은 상사의 설명을 충분히 이해할 수 있도록 차후 진행하는 방법을 찾아야 합니다.","wordCount":52}}},"rawDataInfo":{"question":{"fileFormat":"wav","fileSize":593678,"duration":18550,"samplingBit":16,"channelCount":1,"samplingRate":"16kHz","audioPath":"/Mock/02.SalesMarketing/Male/New/ckmk_q_sm_m_n_196772.wav"},"answer":{"fileFormat":"wav","fileSize":2908878,"duration":90900,"samplingBit":16,"channelCount":1,"samplingRate":"16kHz","audioPath":"/Mock/02.SalesMarketing/Male/New/ckmk_a_sm_m_n_196772.wav"}}}