{"version":"1.0","dataSet":{"info":{"date":"20230116","occupation":"SM","channel":"MOCK","place":"ONLINE","gender":"MALE","ageRange":"-34","experience":"NEW"},"question":{"raw":{"text":"이제까지 살면서 새로운 환경에서 아예 몰랐던 일을 해 본 경험이 있다면 그 경험에 대해서 한 번 말씀해 주시겠어요","wordCount":18},"emotion":[],"intent":[]},"answer":{"raw":{"text":"제가 살면서 새로운 환경에서 처음 해보는 일을 꼽으라고 하면 저는 군대에서 했던 일을 꼽을 것 같습니다. 군대는 제가 스무 살에 처음 다녀왔는데 이 때 처음으로 부모님들과 떨어져서 이 년이라는 시간 동안 지냈습니다. 부모님과 처음 떨어져서 생활을 하면서 많은 어려움도 있었고 부모님 생각도 많이 났었습니다. 이렇게 낯선 공간에서 생활을 하면서 하는 일도 어려웠던 것 같습니다. 군대에서 하는 일은 사회에서 하는 일과 다른 부분이 많습니다. 처음 보는 무기들도 만져야 하고 처음 보는 사람들과도 같이 자야 되는 상황들이 발생했습니다. 이런 부분에 있어서 제 자신이 다양한 경험을 하게 돼서 성장을 했다고 생각하지만 그 당시에는 많이 낯설고 어려웠던 경험이었던 것 같습니다.","wordCount":96},"emotion":[],"intent":[{"text":"","expression":"","category":"attitude"}],"summary":{"text":"군대에서 처음 해보는 일은 처음 보는 사람들과 같이 자는 일이었습니다. 처음 보는 무기도 만져야 하고 같이 자야 되는 상황들이 발생했습니다. 다양한 경험을 하게 돼 성장을 했다고 생각했지만 그 당시에는 많이 낯설고 어려웠던 경험이었습니다.","wordCount":33}}},"rawDataInfo":{"question":{"fileFormat":"wav","fileSize":316238,"duration":9880,"samplingBit":16,"channelCount":1,"samplingRate":"16kHz","audioPath":"/Mock/02.SalesMarketing/Male/New/ckmk_q_sm_m_n_236169.wav"},"answer":{"fileFormat":"wav","fileSize":2713358,"duration":84790,"samplingBit":16,"channelCount":1,"samplingRate":"16kHz","audioPath":"/Mock/02.SalesMarketing/Male/New/ckmk_a_sm_m_n_236169.wav"}}}