{"version":"1.0","dataSet":{"info":{"date":"20230116","occupation":"SM","channel":"MOCK","place":"ONLINE","gender":"MALE","ageRange":"-34","experience":"NEW"},"question":{"raw":{"text":"과거에 지원자님께서는 직면한 어려운 문제를 해결하기 위해서 어떤 아이디어를 제안하였고 또 무엇을 하였는지 그 과정에 대해서 자세하게 말씀 부탁드립니다","wordCount":19},"emotion":[],"intent":[]},"answer":{"raw":{"text":"저는 과거 아이스크림 업체에서 영업 직무로 일을 할 때 제가 담당했던 대리점 사장님과의 갈등을 해결하기 위해 대리점 사장님과 일박 이 일로 낚시 여행을 다녀오는 아이디어를 제안했고 이를 통해서 대리점 사장님과 유대감을 갖고 갈등을 해결할 수 있었습니다. 당시 대리점 사장님은 갑작스럽게 저희의 제품들을 구매하지 않고 경쟁사 제품으로 구매를 이어가셨는데요. 이 문제를 해결하기 위해 저는 사장님과 여러 번 대화를 시도했지만 이미 마음의 문을 닫은 상태였습니다. 그래서 저는 사장님이 좋아하는 곳으로 함께 일박 이 일 여행을 제안했고 저는 그 여행에서 일에 관한 이야기는 꺼내지 않고 친구가 되어 드렸습니다. 그러자 늦은 새벽 술자리를 함께 하면서 자신이 하고 있는 건강에 대한 고민을 털어놓았습니다. 이를 통해서 저는 사장님의 고민은 바로 건강 문제였다는 것을 깨닫고 이 문제를 잘 해결하여 거래를 이어갈 수 있었습니다.","wordCount":116},"emotion":[],"intent":[{"text":"저는 과거 아이스크림 업체에서 영업 직무로 일을 할 때 제가 담당했던 대리점 사장님과의 갈등을 해결하기 위해   대리점 사장님과 일박 이 일로 낚시 여행을 다녀오는 아이디어를 제안했고   이를 통해서 대리점 사장님과 유대감을 갖고 갈등을 해결할 수 있었습니다.","expression":"c_confl_mg","category":"personality"}],"summary":{"text":"저는 과거 아이스크림 업체에서 영업 직무로 일을 할 때 대리점 사장님과의 갈등을 해결하기 위해 대리점 사장님과 일박 이 일로 낚시 여행을 다녀오는 아이디어를 제안했고 이를 통해 유대감을 갖고 갈등을 해결할 수 있었습니다. 늦은 새벽 술자리를 함께 하면서 건강이 문제였다는 것을 깨닫고 이 문제를 잘 해결하여 거래를 이어갔습니다.","wordCount":47}}},"rawDataInfo":{"question":{"fileFormat":"wav","fileSize":550478,"duration":17200,"samplingBit":16,"channelCount":1,"samplingRate":"16kHz","audioPath":"/Mock/02.SalesMarketing/Male/New/ckmk_q_sm_m_n_180299.wav"},"answer":{"fileFormat":"wav","fileSize":2757838,"duration":86180,"samplingBit":16,"channelCount":1,"samplingRate":"16kHz","audioPath":"/Mock/02.SalesMarketing/Male/New/ckmk_a_sm_m_n_180299.wav"}}}