{"version":"1.0","dataSet":{"info":{"date":"20230116","occupation":"SM","channel":"MOCK","place":"ONLINE","gender":"MALE","ageRange":"35-44","experience":"NEW"},"question":{"raw":{"text":"업무를 하다 보면 어 예상치 못한 스케줄에 어 고려되지 않은 사항들이 생길 때가 많습니다 어 이럴 이런 경우에 지원자님께서는 어떻게 대처를 하시겠습니까","wordCount":22},"emotion":[],"intent":[]},"answer":{"raw":{"text":"업무 중 스케줄에 없던 일이 생길 때가 많습니다. 이런 상황에서 어떻게 대처하겠는지 질문을 하셨습니다. 업무를 하다 보면 예상 밖의 일로 스트레스를 받기도 합니다. 이런 경우 자신이 맡은 그 업무가 어느 정도의 비중을 차지하는지 그것들을 염두에 두고 판단을 해야 할 것입니다. 예를 들어 승객들의 안전을 책임지는 대중교통의 기사라며 없던 일이 생겼을 경우 그 일을 전혀 손을 댈 수가 없을 것이고 그리고 하는 일과 조금이라도 연관이 되어 스케줄이 시간이 조금 여유가 있고 그런 상황이라면 그 새로 생긴 일도 진행을 같이 해야 할 것입니다. 이 문제는 문제가 아니라 이런 상황에서 각자 자기가 맡은 바 책임과 의무를 다 하면서 진행을 할 수 있는 상황인지 없는 상황인지를 판단하여 스스로가 결정을 해야 할 부분입니다.","wordCount":108},"emotion":[],"intent":[{"text":"","expression":"","category":"attitude"}],"summary":{"text":". 업무가 어느 정도의 비중을 차지하는지 그것들을 염두에 두고 판단을 해야 할 부분입니다. 이 문제는 문제가 아니라 이 상황에서 각자의 책임과 의무를 다 하며 진행을 할 수 있는 상황인지 없는 상황인지를 판단하여 결정을 해야 합니다.","wordCount":35}}},"rawDataInfo":{"question":{"fileFormat":"wav","fileSize":474638,"duration":14830,"samplingBit":16,"channelCount":1,"samplingRate":"16kHz","audioPath":"/Mock/02.SalesMarketing/Male/New/ckmk_q_sm_m_n_196817.wav"},"answer":{"fileFormat":"wav","fileSize":2903438,"duration":90730,"samplingBit":16,"channelCount":1,"samplingRate":"16kHz","audioPath":"/Mock/02.SalesMarketing/Male/New/ckmk_a_sm_m_n_196817.wav"}}}