{"version":"1.0","dataSet":{"info":{"date":"20230116","occupation":"SM","channel":"MOCK","place":"ONLINE","gender":"MALE","ageRange":"-34","experience":"NEW"},"question":{"raw":{"text":"귀하는 비투비 마케팅에 대해서 알고 계십니까 알고 계신다면 비투비 마케팅이 무엇인지 말씀해 주세요","wordCount":13},"emotion":[],"intent":[]},"answer":{"raw":{"text":"비투비 마케팅은 바로 비즈니스 투 비즈니스의 줄임 말입니다. 즉 회사와 회사 간의 거래를 뜻합니다. 제가 예시를 든다면 저의 예전 직장을 말할 수 있겠습니다. 제 이전 직장은 붕어 아이스크림 메론 맛 아이스크림 등 다양한 인기 상품이 있었는데요. 이런 아이스크림을 우리가 자주 가는 대형 유통업체 마트 업체와 입점 거래를 통해 이 아이스크림 회사의 아이스크림을 해당 유통업체 매장 냉동고에 진열시키는 것이 비투비 마케팅입니다. 그러면서 서로의 마진을 챙기고 누가 더 많은 마진을 가질지 정하는 것이 바로 비투비 마케팅이라고 할 수 있습니다.","wordCount":77},"emotion":[{"text":"비투비 마케팅은 바로 비즈니스 투 비즈니스의 줄임 말입니다.","expression":"u-fact","category":"neutral"}],"intent":[{"text":"","expression":"","category":"attitude"}],"summary":{"text":"비투비 마케팅은 회사와 회사 간의 거래를 뜻하며 서로의 마진을 챙기고 누가 더 많은 마진을 가질지 정하는 것을 말합니다.","wordCount":18}}},"rawDataInfo":{"question":{"fileFormat":"wav","fileSize":373838,"duration":11680,"samplingBit":16,"channelCount":1,"samplingRate":"16kHz","audioPath":"/Mock/02.SalesMarketing/Male/New/ckmk_q_sm_m_n_204112.wav"},"answer":{"fileFormat":"wav","fileSize":2739598,"duration":85610,"samplingBit":16,"channelCount":1,"samplingRate":"16kHz","audioPath":"/Mock/02.SalesMarketing/Male/New/ckmk_a_sm_m_n_204112.wav"}}}