{"version":"1.0","dataSet":{"info":{"date":"20230116","occupation":"SM","channel":"MOCK","place":"ONLINE","gender":"MALE","ageRange":"-34","experience":"NEW"},"question":{"raw":{"text":"고객에게 제품을 추천했는데 고객이 그것을 마음에 들어하지 않는다면 지원자는 그 상품을 어떻게 어필하여 팔겠습니까","wordCount":14},"emotion":[],"intent":[]},"answer":{"raw":{"text":"어떠한 제품을 제가 고객에게 추천을 하고 있다고 상황을 가정해 보겠습니다. 근데 이 고객은 이 제품에 어떤 부분이 마음에 들지 않는 것이죠. 그런 경우 그 고객이 마음에 들어하지 않는 부분에 대해서 일단 해명을 할 것입니다. 고객님께선 이런 부분이 마음에 들지 않을 수 있는데 실제로 이 부분은 크게 문제가 되지 않고 요 부분에 대해서 호환이 되기 때문에 전혀 문제가 되지 않습니다 라고 일단 먼저 그 문제가 될 수 있는 부분에 대해서 시현을 할 것입니다. 직접 보면 느낌이 달라질 수 있기 때문이죠. 그럼에도 불구하고 이 물건이 마음에 들지 않는다고 하면 다른 물건을 일단 보여 줄 것입니다. 고객이 아까 마음에 들지 않았던 부분이 해소되는 물건인 거죠. 하지만 그와 동시에 이 물건의 단점을 얘기할 것입니다. 고객님께서 이 부분이 마음에 들지 않는다고 하셨는데 이 물건은 그 부분에 대해서 문제가 없는 부분입니다. 하지만 이 물건에 대해선 다른 문제점이 있죠. 하지만 제가 지금 이렇게 처음부터 설명드리고 있었던 제품은 이런 부분에 대해서 전혀 문제가 없습니다 라는 것처럼 작은 부분의 문제고 제가 팔려는 상품은 문제가 없다고 어필할 것입니다.","wordCount":158},"emotion":[],"intent":[{"text":"","expression":"","category":"attitude"}],"summary":{"text":"어떤 제품을 추천하고 있는데, 고객이 마음에 들지 않는 경우 그 이유에 대해 고객님께서 호환이 되기 때문에 문제가 되지 않는다 라고 먼저 시현을 할 것이고, 그렇지 않다면 다른 물건을 보여 줄 것입니다. 그리고 단점을 얘기 할 것인데, 이 물건은 그 부분에 문제가 없지만 이 물건에 문제는 다른 문제점이 있습니다.","wordCount":48}}},"rawDataInfo":{"question":{"fileFormat":"wav","fileSize":414798,"duration":12960,"samplingBit":16,"channelCount":1,"samplingRate":"16kHz","audioPath":"/Mock/02.SalesMarketing/Male/New/ckmk_q_sm_m_n_212720.wav"},"answer":{"fileFormat":"wav","fileSize":2868558,"duration":89640,"samplingBit":16,"channelCount":1,"samplingRate":"16kHz","audioPath":"/Mock/02.SalesMarketing/Male/New/ckmk_a_sm_m_n_212720.wav"}}}