{"version":"1.0","dataSet":{"info":{"date":"20230116","occupation":"SM","channel":"MOCK","place":"ONLINE","gender":"MALE","ageRange":"-34","experience":"NEW"},"question":{"raw":{"text":"지원자가 생각하고 있는 영업과 판매의 차이는 무엇이라고 말할 수 있을까요","wordCount":10},"emotion":[],"intent":[]},"answer":{"raw":{"text":"영업과 판매 이 두 가지 개념의 차이는 여러 가지가 있는데요. 먼저 첫 번째는 영업은 비투비와 비투씨를 포함하지만 판매는 비투씨만 이야기하는 것입니다. 따라서 영업이 판매를 포함하고 있다고 볼 수 있습니다. 영업은 회사와 회사 간의 계약을 맺는 비투비 그리고 회사가 일반 소비자와 판매를 하는 비투씨 두 가지를 포함하지만 판매는 소비자가 일반 기업과 거래한 비투씨만 해당됩니다. 이런 차이가 있습니다. 따라서 자연스럽게 영업은 좀 더 지속적인 느낌이 있고 판매는 단발성의 느낌이 강합니다. 이런 두 개념의 차이점이 있습니다.","wordCount":73},"emotion":[{"text":"먼저 첫 번째는 영업은 비투비와 비투씨를 포함하지만 판매는 비투씨만 이야기하는 것입니다.","expression":"u-fact","category":"neutral"},{"text":"영업은 회사와 회사 간의 계약을 맺는 비투비 그리고 회사가 일반 소비자와 판매를 하는 비투씨 두 가지를 포함하지만 판매는 소비자가 일반 기업과 거래한 비투씨만 해당됩니다.","expression":"u-fact","category":"neutral"}],"intent":[{"text":"","expression":"","category":"attitude"}],"summary":{"text":"영업은 회사와 회사 간의 계약을 맺는 비투비와 일반 소비자와 판매를 하는 비투씨가 포함하지만 판매는 소비자가 일반 기업과 거래한 비투씨만 해당되므로 자연스럽게 영업은 좀 더 지속적인 느낌을 줍니다.","wordCount":27}}},"rawDataInfo":{"question":{"fileFormat":"wav","fileSize":389838,"duration":12180,"samplingBit":16,"channelCount":1,"samplingRate":"16kHz","audioPath":"/Mock/02.SalesMarketing/Male/New/ckmk_q_sm_m_n_204104.wav"},"answer":{"fileFormat":"wav","fileSize":2583758,"duration":80740,"samplingBit":16,"channelCount":1,"samplingRate":"16kHz","audioPath":"/Mock/02.SalesMarketing/Male/New/ckmk_a_sm_m_n_204104.wav"}}}