{"version":"1.0","dataSet":{"info":{"date":"20230116","occupation":"SM","channel":"MOCK","place":"ONLINE","gender":"MALE","ageRange":"-34","experience":"NEW"},"question":{"raw":{"text":"어 스트레스를 받는 상황은 항상 존재하기 마련인데요 어 스트레스를 받게 되시면 어떤 방식으로 스트레스를 해소하시나요 그리고 어 그런 방식으로 스트레스를 해소하는 이유는 무엇인가요","wordCount":23},"emotion":[],"intent":[]},"answer":{"raw":{"text":"저는 스트레스를 받으면 운동을 하면서 스트레스를 해소합니다. 그 이유는 여러 가지가 있는데요. 첫 번째는 운동이 가장 접근성이 좋은 취미이기 때문입니다. 저는 등산과 축구를 매우 좋아하는데요. 서울에는 등산하기 좋은 멋진 산들이 많이 있고 축구하기 좋은 운동장들도 잘 구비되어 있습니다. 이렇게 접근성이 좋은 취미가 운동이기 때문에 운동을 통해 스트레스를 풀곤 합니다. 두 번째 이유는 운동을 하다 보면 체력을 기를 수 있기 때문입니다 .운동을 하면 평소보다 많이 뛰고 또 많이 걷고 또 많이 움직이게 됩니다. 이처럼 열심히 움직이고 활동적인 일을 하면 체력이 늘어나 제가 일상생활에서 업무를 할 때 쉽게 지치지 않습니다. 마지막은 운동을 하다 보면 인간관계가 넓어지기 때문인데요. 등산이나 축구를 하면서 정말 많은 사람들을 만날 수 있습니다. 그리고 그 사람들과 친해지면서 정서적으로도 사회적으로도 참 많은 이익을 얻을 수가 있습니다.","wordCount":116},"emotion":[],"intent":[{"text":"","expression":"","category":"attitude"}],"summary":{"text":"저는 접근성이 좋고 체력을 기를 수 있으며 인간관계가 넓어지는 등의 이유로 운동을 통해 스트레스를 해소합니다. ","wordCount":15}}},"rawDataInfo":{"question":{"fileFormat":"wav","fileSize":494798,"duration":15460,"samplingBit":16,"channelCount":1,"samplingRate":"16kHz","audioPath":"/Mock/02.SalesMarketing/Male/New/ckmk_q_sm_m_n_190961.wav"},"answer":{"fileFormat":"wav","fileSize":2896718,"duration":90520,"samplingBit":16,"channelCount":1,"samplingRate":"16kHz","audioPath":"/Mock/02.SalesMarketing/Male/New/ckmk_a_sm_m_n_190961.wav"}}}