{"version":"1.0","dataSet":{"info":{"date":"20230116","occupation":"SM","channel":"MOCK","place":"ONLINE","gender":"MALE","ageRange":"-34","experience":"NEW"},"question":{"raw":{"text":"전공 외에 자신이 수준급의 실력이 될 정도로 노력한 것이 있나요 있다면 전공과 관련해서 어떤 도움을 주는지도 궁금합니다","wordCount":17},"emotion":[],"intent":[]},"answer":{"raw":{"text":"저는 치킨을 좋아합니다. 제가 치킨을 얼마나 좋아하냐면 일 주일에 세 번 세 번은 치킨을 시켜 먹습니다. 그렇기 때문에 언젠가 한 번은 이런 생각이 들었습니다. 치킨 시켜 먹는 비용이 너무 많이 나가는데 이것을 내가 집에서 해 먹을 수 있다면 그 많은 비용을 절약할 수 있지 않을까 절약할 수 있지 않을까 하는 생각에 저는 저희 집에 치킨을 만들기 위한 온갖 재료들을 장비들을 세팅하게 되었습니다. 그리고서 치킨에 대한 연구를 시작하게 되었습니다. 치킨의 연구를 시작했던 결과 계속 했던 결과 저는 시중에 있는 어느 치킨집보다 맛있는 치킨을 만들 수 있게 되었습니다. 제가 만든 치킨은 지금 내다 팔아도 전혀 손색이 없습니다. 이런 열정은 제 전공의 새로운 영감을 불러내 주었습니다.","wordCount":103},"emotion":[],"intent":[{"text":"","expression":"","category":"attitude"}],"summary":{"text":"저는 일 주일에 세 번 세 번 치킨을 시켜 먹습니다. 집에서도 치킨을 만들어 비용을 절약할 수 있을까 해서 재료들을 세팅하고 연구를 계속한 결과 어느 치킨집보다 맛있는 치킨을 만들 수 있게 되었습니다. 이런 열정은 새로운 영감을 불러 일으켰습니다.","wordCount":37}}},"rawDataInfo":{"question":{"fileFormat":"wav","fileSize":371278,"duration":11600,"samplingBit":16,"channelCount":1,"samplingRate":"16kHz","audioPath":"/Mock/02.SalesMarketing/Male/New/ckmk_q_sm_m_n_186644.wav"},"answer":{"fileFormat":"wav","fileSize":2714958,"duration":84840,"samplingBit":16,"channelCount":1,"samplingRate":"16kHz","audioPath":"/Mock/02.SalesMarketing/Male/New/ckmk_a_sm_m_n_186644.wav"}}}