{"version":"1.0","dataSet":{"info":{"date":"20230116","occupation":"SM","channel":"MOCK","place":"ONLINE","gender":"MALE","ageRange":"-34","experience":"NEW"},"question":{"raw":{"text":"귀하께서는 이력서에 마케팅 업무에 대한 경험이 있다고 적어주셨는데 마케팅 업무에 통계 분석 기법을 적용해 본 본인의 사례가 있다면 그것에 대해서 이야기해 주세요","wordCount":22},"emotion":[],"intent":[]},"answer":{"raw":{"text":"저는 모 회사 마케팅 팀 인턴으로 근무하면서 통계 분석 기법을 업무에 적용해 본 경험이 있습니다. 바로 특정 물건에 대한 구매 연령별을 조사한 것이었는데요. 해당 물건에 구매 연령을 조사한 결과 주로 이십 대에서 삼십 대 초반이 나왔고 성별의 경우 여성이 많았다는 것을 확인할 수 있었습니다. 저는 이십 대 삼십 대 여성이라는 이 키워드에 기반하여 그들이 가장 많이 보는 유형의 에스엔에스 스타일 그리고 그들이 많이 클릭해 보는 광고들을 찾아봤습니다. 이러한 내용을 기반으로 저는 이십 삼십 여성을 공략하는 광고 기획안을 제출했는데요. 이러한 저의 기획은 좋은 기획으로 채택이 되었고 실제 해당 회사의 마케팅 실무에 사용이 되었습니다. 저의 이러한 아이디어가 실무에 적용되고 그 결과 삼 개월 후 매출이 증대하는 모습을 확인하면서 저는 마케팅 업무에서 이 소비자들의 통계를 분석하는 것이 얼마나 중요한지 깨달을 수 있었습니다. 그래서 저는 무작정 마케팅을 시작하기보다 그에 앞서 소비자의 통계를 분석하는 것이 이 성공의 가장 중요한 점이란 것을 배웠습니다.","wordCount":137},"emotion":[],"intent":[{"text":"저의 이러한 아이디어가 실무에 적용되고 그 결과 삼 개월 후 매출이 증대하는 모습을 확인하면서 저는 마케팅 업무에서 이 소비자들의 통계를 분석하는 것이 얼마나 중요한지 깨달을 수 있었습니다.","expression":"s_anls_prod","category":"technology"}],"summary":{"text":"저는 모 회사 마케팅 팀 인턴으로 근무하면서 통계 분석 기법을 업무에 적용해 본 경험이 있습니다. 마케팅 업무에서 소비자들의 통계를 분석하는 것이 얼마나 중요한지 깨달았습니다. 그래서 무작정 마케팅을 시작하기보다 그에 앞서 소비자의 통계를 분석 하는 것이 이 성공의 가장 중요한 점이란 것을 배웠습니다.","wordCount":42}}},"rawDataInfo":{"question":{"fileFormat":"wav","fileSize":529998,"duration":16560,"samplingBit":16,"channelCount":1,"samplingRate":"16kHz","audioPath":"/Mock/02.SalesMarketing/Male/New/ckmk_q_sm_m_n_240283.wav"},"answer":{"fileFormat":"wav","fileSize":3742798,"duration":116960,"samplingBit":16,"channelCount":1,"samplingRate":"16kHz","audioPath":"/Mock/02.SalesMarketing/Male/New/ckmk_a_sm_m_n_240283.wav"}}}