{"version":"1.0","dataSet":{"info":{"date":"20230116","occupation":"SM","channel":"MOCK","place":"ONLINE","gender":"MALE","ageRange":"-34","experience":"NEW"},"question":{"raw":{"text":"지원자가 마케터로서 본인이 가진 가장 뛰어난 역량에 대해서 설명해 주세요","wordCount":10},"emotion":[],"intent":[]},"answer":{"raw":{"text":"마케터로서 제가 가지고 있는 가장 뛰어난 역량은 바로 뉴미디어 역량이라고 생각합니다. 저는 대학 시절부터 꾸준히 뉴미디어에 관심을 가지고 유튜브 인스타그램 등 여러 가지 플랫폼에서 다양한 경험을 했는데요. 예를 들면 유튜브 채널을 개설해 여러 가지 콘텐츠들을 제작하고 업로드하면서 약 세 개의 유튜브 채널을 운영하면서 삼십 만에 가까운 구독자를 모았던 경험이 있습니다. 또한 인스타그램도 여러 개의 계정을 운영하면서 공동구매 계정을 만들어 실제 수익을 올리기도 했고 다양한 기업들과 협업하면서 광고 콘텐츠를 제작하기도 했습니다. 이러한 경험은 신입사원이 해보기 어려운 경험인데요. 따라서 마케터로서 제가 가지고 있는 가장 뛰어난 역량은 바로 이 뉴미디어 역량이라고 말씀드릴 수 있겠습니다. 이 회사에 입사해서도 제가 가진 뉴미디어 역량으로 회사의 뉴미디어 마케팅에 큰 도움이 되는 그런 신입사원이 되겠습니다.","wordCount":107},"emotion":[],"intent":[{"text":"","expression":"","category":"attitude"}],"summary":{"text":"마케터로서 제가 가지고 있는 가장 뛰어난 역량은 뉴미디어 역량이라고 생각합니다. 대학 시절부터 꾸준히 뉴미디어에 관심을 가지고 다양한 플랫폼에서 다양한 경험을 했습니다. 이 회사에 입사해서도 회사의 뉴미디어 마케팅에 큰 도움이 되는 신입사원이 되겠습니다.","wordCount":32}}},"rawDataInfo":{"question":{"fileFormat":"wav","fileSize":239758,"duration":7490,"samplingBit":16,"channelCount":1,"samplingRate":"16kHz","audioPath":"/Mock/02.SalesMarketing/Male/New/ckmk_q_sm_m_n_180625.wav"},"answer":{"fileFormat":"wav","fileSize":2808718,"duration":87770,"samplingBit":16,"channelCount":1,"samplingRate":"16kHz","audioPath":"/Mock/02.SalesMarketing/Male/New/ckmk_a_sm_m_n_180625.wav"}}}