{"version":"1.0","dataSet":{"info":{"date":"20230116","occupation":"SM","channel":"MOCK","place":"ONLINE","gender":"MALE","ageRange":"35-44","experience":"NEW"},"question":{"raw":{"text":"과거 프로젝트를 수행했던 경험이 있으신가요 어 있다면 어떤 경험이었는지 말씀해 주시고 또 그 프로젝트 내에서 어떤 역할을 맡으셨는지도 함께 말씀해 주시기 바랍니다","wordCount":22},"emotion":[],"intent":[]},"answer":{"raw":{"text":"과거 프로젝트를 수행했던 경험이 있는지 그리고 있다면 프로젝트 내에서 어떤 역할을 맡았는지 질문을 하셨습니다. 과거 프로젝트는 홍보 차원에서 진행을 했던 프로젝트였습니다. 홍보 예를 들어서 영상 그리고 홍보 자료 홍보 홈페이지 등등 많은 것을 준비하여 저희가 알려야 하는 제품의 홍보를 위해 열심히 준비를 하고 있을 때였습니다. 거기서 저는 디자인 역할을 맡아서 진행을 하였습니다. 포스터 디자인부터 해서 기초 틀이라든지 동일한 폰트 사용으로 홈페이지와 그리고 여러 가지 프린팅 전부 통일한 폰트 동일한 로고로 진행을 함으로써 고객이 같은 회사 동일 브랜드의 광고임을 인지할 수 있게 하고 다른 제품이 아닌 같은 제품이라는 것을 사실적으로 보여줘야 할 필요성이 있었기 때문입니다. 그래서 프로젝트를 진행할 때 저는 디자인 작업을 맡아서 하였습니다.","wordCount":103},"emotion":[],"intent":[{"text":"","expression":"","category":"attitude"}],"summary":{"text":"과거 프로젝트는 홍보 차원에서 진행되었던 프로젝트였는데, 포스터 디자인부터 시작해서 여러 가지 프린팅 전부 통일한 동일한 로고로 진행을 함으로써 고객이 같은 회사 동일 브랜드의 광고임을 인지할 수 있게 하고 다른 제품이 아닌 같은 제품이라는 것을 사실적으로 보여줘야 할 필요성이 있었기 때문입니다.","wordCount":40}}},"rawDataInfo":{"question":{"fileFormat":"wav","fileSize":492878,"duration":15400,"samplingBit":16,"channelCount":1,"samplingRate":"16kHz","audioPath":"/Mock/02.SalesMarketing/Male/New/ckmk_q_sm_m_n_196765.wav"},"answer":{"fileFormat":"wav","fileSize":2901838,"duration":90680,"samplingBit":16,"channelCount":1,"samplingRate":"16kHz","audioPath":"/Mock/02.SalesMarketing/Male/New/ckmk_a_sm_m_n_196765.wav"}}}