{"version":"1.0","dataSet":{"info":{"date":"20230116","occupation":"SM","channel":"MOCK","place":"ONLINE","gender":"MALE","ageRange":"-34","experience":"NEW"},"question":{"raw":{"text":"만약 지원자님께서 현재 지원하신 이 직무가 아닌 타 부서에 배치되게 된다면 어떻게 하시겠습니까 그래도 괜찮으신가요","wordCount":15},"emotion":[],"intent":[]},"answer":{"raw":{"text":"해당 직무가 지금 현재 제가 지원한 부서와 전혀 성격이 다른 부서가 아닌 이상에는 저는 이 업무를 충분히 잘 수행을 해야 된다고 생각을 하고 있습니다. 회사라는 업체 회사라는 조직 자체는 지원 각 사원의 능력을 적재 적소에 잘 배치를 하고 그것을 활용하는 것이 바로 조직의 역할이라고 저는 생각을 하고 있습니다. 따라서 저는 어떻게 보면 하나의 부품이라고 볼 수가 있겠지요. 그 부품 회사가 원하는 곳에 잘 배치되는 것이 부품의 역할이고 또 그 부품의 역할을 잘 수행을 하는 것이 바로 저의 역할이라고 생각이 들기 때문에 저는 제가 생각했던 것과 전혀 다른 업무가 아닌 이상은 충실히 이 업무를 잘 수행을 하고 역할을 잘 수 업무를 잘 수행을 하고 또 책임감 있게 최선을 다해서 업무를 해야 된다고 생각을 하고 있습니다. 만약에 저와 적성이 전혀 맞지 않을 경우에는 진지하게 전출이라든지 이직을 고려해 볼 수 있을 게 있습니다만 최대한 최선을 다해서 그 업무에 적응하려고 노력을 할 것입니다. 이상입니다. 감사합니다.","wordCount":141},"emotion":[],"intent":[{"text":"","expression":"","category":"attitude"}],"summary":{"text":"저는 해당 직무가 현재 제가 지원한 부서와 전혀 성격이 다른 부서가 아닌 이상, 저는 이 업무를 충분히 잘 수행해야 한다고 생각합니다. 회사라는 조직 자체는 지원 각 사원의 능력을 적재 적소에 잘 배치를 하고 그것을 활용하는 것이 조직의 역할이라고 생각합니다.","wordCount":39}}},"rawDataInfo":{"question":{"fileFormat":"wav","fileSize":521678,"duration":16300,"samplingBit":16,"channelCount":1,"samplingRate":"16kHz","audioPath":"/Mock/02.SalesMarketing/Male/New/ckmk_q_sm_m_n_185366.wav"},"answer":{"fileFormat":"wav","fileSize":2490318,"duration":77820,"samplingBit":16,"channelCount":1,"samplingRate":"16kHz","audioPath":"/Mock/02.SalesMarketing/Male/New/ckmk_a_sm_m_n_185366.wav"}}}