{"version":"1.0","dataSet":{"info":{"date":"20230116","occupation":"SM","channel":"MOCK","place":"ONLINE","gender":"MALE","ageRange":"-34","experience":"NEW"},"question":{"raw":{"text":"지원자님이 가지고 있는 상위 일 퍼센트의 능력이 있다면 그 능력을 최대한 자세하게 설명해 주시길 바랍니다","wordCount":15},"emotion":[],"intent":[]},"answer":{"raw":{"text":"제가 가지고 있는 상위 일 퍼센트의 능력은 바로 영어 능력입니다. 저는 어린 시절부터 영어에 관심이 많았는데요. 그래서 항상 미국 드라마를 보고 주인공들의 대사를 외우고 따라하면서 영어를 익혔습니다. 또한 팝송을 들으면서 가사를 외우고 따라 불렀습니다. 이렇게 영어에 대한 감을 잡은 뒤 대학생이 되고 미국으로 교환 학생을 가기 위해 더욱더 공부했고 일 년간 미국에서 교환 학생을 하면서 영어로 수업을 듣고 영어로 과제를 하고 영어로 생활하면서 영어 실력을 더욱더 향상시켰습니다. 그리고 미국에서 한 마케팅 기업에 인턴으로 들어가 영어로 업무를 하면서 업무에서도 영어를 쓸 수 있는 능력을 길렀습니다. 따라서 저의 상위 일 퍼센트 능력은 바로 영어입니다.","wordCount":92},"emotion":[],"intent":[{"text":"이렇게 영어에 대한 감을 잡은 뒤 대학생이 되고 미국으로 교환 학생을 가기 위해 더욱더 공부했고 일 년간 미국에서 교환 학생을 하면서 영어로 수업을 듣고 영어로 과제를 하고 영어로 생활하면서 영어 실력을 더욱더 향상시켰습니다.","expression":"c_private","category":"background"},{"text":"그리고 미국에서 한 마케팅 기업에 인턴으로 들어가 영어로 업무를 하면서 업무에서도 영어를 쓸 수 있는 능력을 길렀습니다.","expression":"c_private","category":"background"}],"summary":{"text":"영어는 제가 가지고 있는 상위 일 퍼센트의 능력입니다. 어린 시절부터 영어에 관심이 많아 미국 드라마나 팝송 가사를 외우며 영어를 익혔습니다. 대학생이 되고 미국으로 교환 학생을 가기 위해 공부하며 영어 실력을 향상시켰습니다.","wordCount":31}}},"rawDataInfo":{"question":{"fileFormat":"wav","fileSize":361038,"duration":11280,"samplingBit":16,"channelCount":1,"samplingRate":"16kHz","audioPath":"/Mock/02.SalesMarketing/Male/New/ckmk_q_sm_m_n_203609.wav"},"answer":{"fileFormat":"wav","fileSize":2903438,"duration":90730,"samplingBit":16,"channelCount":1,"samplingRate":"16kHz","audioPath":"/Mock/02.SalesMarketing/Male/New/ckmk_a_sm_m_n_203609.wav"}}}