{"version":"1.0","dataSet":{"info":{"date":"20230116","occupation":"SM","channel":"MOCK","place":"ONLINE","gender":"MALE","ageRange":"35-44","experience":"NEW"},"question":{"raw":{"text":"회사에 입사를 하게 된다면 가장 가고 싶은 부서가 있을 텐데요 왜 그 부서를 꼽으셨는지 이유와 함께 말씀해 주시기 바랍니다","wordCount":19},"emotion":[],"intent":[]},"answer":{"raw":{"text":"우리 회사에 들어오게 되면 가장 가고 싶은 부서와 왜 그렇게 생각하는지 이유를 물어보셨습니다. 이 회사에 입사하게 되면 저는 가장 가고 싶은 부서는 디자인 쪽 마케팅 부서에 지원을 하고 싶습니다. 마케팅 디자인을 해서 좋은 성과를 올려보고 싶은 마음이 간절합니다. 타의 추정을 불허하는 독창적인 기발한 아이디어로 새롭고 어디서든 본 적이 없었던 광고로 마케팅을 함으로써 시너지 효과를 거두고 회사의 이익에 많은 도움이 되는 그런 직원이 되고 싶습니다. 그렇게 생각한 이유는 제가 계속해서 디자인 공부를 해 오고 있고 이미 개성 넘치고 독창적인 디자인을 많이 만들어 본 경험이 있습니다. 그 능력을 살려 남들과 다른 경쟁력을 가지고 회사에서 좋은 입지를 갖추고 인정받아 좋은 직원이 돼서 빠른 승진과 출세할 수 있는 탈로를 찾아내는 것이 저의 목적이기 때문입니다.","wordCount":110},"emotion":[],"intent":[{"text":"","expression":"","category":"attitude"}],"summary":{"text":"이 회사에 입사하게 되면 저는 디자인 쪽 마케팅 부서에 지원을 하고 싶습니다. 독창적인 기발한 아이디어로 광고로 마케팅을 함으로써 시너지 효과를 거두고 회사의 이익에 많은 도움이 되는 직원이 되고 싶은데 그 능력을 살려 빠른 승진과 출세할 수 있는 탈로를 찾아내는 것이 목적이기 때문입니다.","wordCount":42}}},"rawDataInfo":{"question":{"fileFormat":"wav","fileSize":449998,"duration":14060,"samplingBit":16,"channelCount":1,"samplingRate":"16kHz","audioPath":"/Mock/02.SalesMarketing/Male/New/ckmk_q_sm_m_n_231427.wav"},"answer":{"fileFormat":"wav","fileSize":3461198,"duration":108160,"samplingBit":16,"channelCount":1,"samplingRate":"16kHz","audioPath":"/Mock/02.SalesMarketing/Male/New/ckmk_a_sm_m_n_231427.wav"}}}