{"version":"1.0","dataSet":{"info":{"date":"20230116","occupation":"SM","channel":"MOCK","place":"ONLINE","gender":"MALE","ageRange":"-34","experience":"NEW"},"question":{"raw":{"text":"지원자님이 가지고 있는 여러 가지 능력 가운데 본인이 생각할 때 상위 일 퍼센트의 능력이라고 생각되는 것이 있다면 그것이 무엇인지 최대한 자세하게 말씀해 주시기 바랍니다","wordCount":24},"emotion":[],"intent":[]},"answer":{"raw":{"text":"제가 가지고 있는 상위 일 퍼센트의 능력은 바로 외국어 능력입니다. 저는 영어와 스페인어를 유창하게 할 수 있습니다. 먼저 어린 시절부터 미국 드라마를 즐겨 보고 미국 노래를 즐겨 들으면서 영어에 대한 감을 익혔습니다. 그리고 고등학생 시절 미국으로 유학을 떠나면서 현지에서 영어를 배웠는데요. 아직 어린 나이다 보니 영어 실력이 빠르게 늘었습니다. 그리고 성인이 되어 스페인어에 관심이 생겼습니다. 당시 만났던 스페인 출신 여자 친구 때문이었는데요 그래서 스페인어를 공부하기 위해 여자 친구가 사는 스페인으로 넘어가 일을 했습니다. 그러면서 스페인어가 자연스레 늘었고 저는 유창하게 스페인어를 하게 되었습니다. 이처럼 영어 스페인어를 유창하게 하는 것은 저만이 가진 저만의 무기이고 상위 일 퍼센트의 능력이라고 말씀드릴 수 있습니다.","wordCount":99},"emotion":[],"intent":[{"text":"그리고 고등학생 시절 미국으로 유학을 떠나면서 현지에서 영어를 배웠는데요.","expression":"c_private","category":"background"}],"summary":{"text":"영어와 스페인어를 유창하게 하는 것은 저만의 무기이고 상위 일 퍼센트의 능력입니다. 어린 시절부터 미국 드라마와 노래를 들으며 영어에 대한 감을 익혔고, 고등학생 시절 미국으로 유학을 떠나 현지에서 영어를 배웠는데 영어 실력이 빠르게 늘었습니다. 성인이 되어 스페인어에 관심이 생겼습니다.","wordCount":38}}},"rawDataInfo":{"question":{"fileFormat":"wav","fileSize":603598,"duration":18860,"samplingBit":16,"channelCount":1,"samplingRate":"16kHz","audioPath":"/Mock/02.SalesMarketing/Male/New/ckmk_q_sm_m_n_190958.wav"},"answer":{"fileFormat":"wav","fileSize":2761998,"duration":86310,"samplingBit":16,"channelCount":1,"samplingRate":"16kHz","audioPath":"/Mock/02.SalesMarketing/Male/New/ckmk_a_sm_m_n_190958.wav"}}}