{"version":"1.0","dataSet":{"info":{"date":"20230116","occupation":"SM","channel":"MOCK","place":"ONLINE","gender":"MALE","ageRange":"-34","experience":"NEW"},"question":{"raw":{"text":"지금 본인이 내일 죽는다는 사실을 알게 된다면 지원자님은 당장 무엇을 하실 건가요 이 면접은 끝까지 보실 건가요","wordCount":17},"emotion":[],"intent":[]},"answer":{"raw":{"text":"만약 제가 내일 죽는다는 사실을 안다면 이 면접을 끝까지 보기는 힘들 거 같습니다. 대신 이 면접을 끝내고 가족들이 있는 고향으로 갈 거 같습니다. 그리고 가족들과 함께 저의 어린 시절을 회상하고 또 즐거운 추억을 쌓고 마지막 인사를 나누고 이젠 친구들을 만나러 갈 거 같습니다. 그리고 친구들에게는 항상 감사의 인사를 전하고 또 마지막으로 즐거운 추억을 쌓기 위해 어린 시절처럼 재미있게 놀 거 같습니다. 그리고는 혼자 집에 와서 제가 좋아했던 영화를 틀어놓고 또 제가 좋아했던 음악을 들으면서 제가 가장 좋아했던 음식을 먹으면서 아름답게 제가 좋아하는 것들로 둘러 쌓인 채 마지막 하루를 보내고 싶습니다. 그렇게 마지막 하루를 보내는 것이 가장 후회 없고 행복할 거 같습니다.","wordCount":101},"emotion":[],"intent":[{"text":"","expression":"","category":"attitude"}],"summary":{"text":"면접을 보고 내일 죽는다는 사실을 안다면 이 면접을 끝까지 보기 힘들 거 같습니다. 대신 마지막에는 가족들과 함께 어린 시절을 회상하며 마지막 인사를 하고 친구들을 만나러 갈 것입니다. 그리고 혼자 집에 와서 제가 좋아하는 것들로 둘러 쌓인 채 마지막 하루를 보내고 싶습니다.","wordCount":41}}},"rawDataInfo":{"question":{"fileFormat":"wav","fileSize":586958,"duration":18340,"samplingBit":16,"channelCount":1,"samplingRate":"16kHz","audioPath":"/Mock/02.SalesMarketing/Male/New/ckmk_q_sm_m_n_181046.wav"},"answer":{"fileFormat":"wav","fileSize":2640718,"duration":82520,"samplingBit":16,"channelCount":1,"samplingRate":"16kHz","audioPath":"/Mock/02.SalesMarketing/Male/New/ckmk_a_sm_m_n_181046.wav"}}}