{"version":"1.0","dataSet":{"info":{"date":"20230116","occupation":"SM","channel":"MOCK","place":"ONLINE","gender":"MALE","ageRange":"-34","experience":"NEW"},"question":{"raw":{"text":"스트레스를 받으면 어떻게 행동하시는지 또 왜 그런 방법으로 스트레스를 해소하시는지 말씀해 주실 수 있으실까요","wordCount":14},"emotion":[],"intent":[]},"answer":{"raw":{"text":"저는 운동을 하면서 스트레스를 푸는 편입니다. 그 이유는 여러 가지가 있는데요 먼저 가장 접근성이 좋은 취미가 바로 운동이기 때문입니다. 저는 축구나 등산을 하면서 스트레스를 풉니다. 서울에는 등산하기 좋은 산들도 많고 축구하기 좋은 운동장도 많습니다. 이렇게 접근성이 좋기 때문에 쉽게 운동을 하면서 스트레스를 풀 수 있다는 장점이 있습니다. 두 번째는 운동을 하면 체력을 기를 수 있기 때문입니다. 운동을 하면 많이 뛰고 많이 움직이면서 자연스럽게 체력이 좋아집니다. 그러면 일을 할 때 쉽게 지치지 않게 됩니다. 다음으로는 인간관계를 넓히기 위해 운동을 하면서 스트레스를 풉니다. 운동을 하면 새로운 사람들을 많이 만날 수 있습니다. 그러다 보면 새로운 친구를 사귀고 또 새로운 사람을 만나면서 인생에 대한 견문이 넓어지게 됩니다. 이런 장점들이 있기 때문에 운동을 하면서 스트레스를 풉니다.","wordCount":111},"emotion":[],"intent":[{"text":"","expression":"","category":"attitude"}],"summary":{"text":"저는 접근성이 좋은 축구나 등산, 그리고 체력을 기를 수 있는 운동, 인간관계를 넓히기 위해 운동을 하면서 스트레스를 풀려고 합니다.","wordCount":19}}},"rawDataInfo":{"question":{"fileFormat":"wav","fileSize":352078,"duration":11000,"samplingBit":16,"channelCount":1,"samplingRate":"16kHz","audioPath":"/Mock/02.SalesMarketing/Male/New/ckmk_q_sm_m_n_197003.wav"},"answer":{"fileFormat":"wav","fileSize":2826958,"duration":88340,"samplingBit":16,"channelCount":1,"samplingRate":"16kHz","audioPath":"/Mock/02.SalesMarketing/Male/New/ckmk_a_sm_m_n_197003.wav"}}}