{"version":"1.0","dataSet":{"info":{"date":"20230116","occupation":"SM","channel":"MOCK","place":"ONLINE","gender":"MALE","ageRange":"-34","experience":"NEW"},"question":{"raw":{"text":"그동안 진행한 프로젝트 가운데 가장 기억에 남는 프로젝트가 있다면 어떤 점에서 기억에 남는지 말씀해 주세요","wordCount":15},"emotion":[],"intent":[]},"answer":{"raw":{"text":"그동안 진행한 프로젝트들 가운데 가장 기억에 남는 것은 바로 에스엔에스 마케팅 프로젝트입니다. 저는 이전 직장에서 에스엔에스 마케팅 프로젝트를 진행한 경험이 있습니다. 저는 이전 회사를 영업 직무로 입사했고 계속 영업 일을 하다가 갑작스럽게 회사에서 에스앤에스 마케팅 팀이 필요하다는 말을 듣고 에스엔에스 마케팅 프로젝트의 팀장이 되었습니다. 그리고 제가 생각했을 때 에스앤에스 역량이 있는 직원들을 선별해서 팀을 꾸리고 에스엔에스에 대해 잘 알고 있는 인플루언서와 각종 대행사들을 만나 많이 배우고 처음부터 시작했습니다. 그 결과 제가 진행한 프로젝트는 많은 구독자와 높은 조회 수를 기록하면서 성공적으로 마무리되었습니다. 이 경험을 통해 저는 어떤 일이든 차근차근 배워서 해낼 수 있다는 자신감을 얻었습니다. 그래서 기억에 남습니다.","wordCount":97},"emotion":[{"text":"저는 이전 직장에서 에스엔에스 마케팅 프로젝트를 진행한 경험이 있습니다.","expression":"u-fact","category":"neutral"}],"intent":[{"text":"","expression":"","category":"attitude"}],"summary":{"text":"그동안 진행한 프로젝트들 중 가장 기억에 남는 것은 바로 소셜미디어 마케팅 프로젝트입니다. 이 경험을 통해 저는 어떤 일이든 차근차근 배워서 해낼 수 있다는 자신감을 얻었습니다. 그래서 기억에 남습니다.","wordCount":28}}},"rawDataInfo":{"question":{"fileFormat":"wav","fileSize":324878,"duration":10150,"samplingBit":16,"channelCount":1,"samplingRate":"16kHz","audioPath":"/Mock/02.SalesMarketing/Male/New/ckmk_q_sm_m_n_197109.wav"},"answer":{"fileFormat":"wav","fileSize":2847438,"duration":88980,"samplingBit":16,"channelCount":1,"samplingRate":"16kHz","audioPath":"/Mock/02.SalesMarketing/Male/New/ckmk_a_sm_m_n_197109.wav"}}}