{"version":"1.0","dataSet":{"info":{"date":"20230116","occupation":"SM","channel":"MOCK","place":"ONLINE","gender":"MALE","ageRange":"-34","experience":"NEW"},"question":{"raw":{"text":"지원자님이 생각하는 자신의 노년 모습과 이상적인 노년 모습을 함께 말씀해 주시겠어요","wordCount":11},"emotion":[],"intent":[]},"answer":{"raw":{"text":"네 제가 생각하는 노년의 모습은 두 가지입니다. 첫 번째는 외롭지 않은 노후입니다. 지금 이제 주변에 보면은 혼자 계시는 독거노인 분들도 굉장히 많고 또 문제가 실제로 사회적으로 문제가 크게 되지 않습니까. 저는 제 오십 년 후에 모습이 그 모습이 될까 솔직히 말해서 벌써부터 두렵습니다. 그래서 혼자가 아니라 뭔가 누군가 제 곁을 보살펴 줬으면 좋겠고 저랑 얘기를 해줬으면 좋겠고 그 저도 또 그 사람한테 얘기를 할 수 있는 그런 사람이 되고 그런 노후 그런 노후 생활을 저는 보내고 싶습니다. 그리고 두 번째로는 바로 경제적에서 어느 정도는 쪼끔 자유로여야 된다는 자유로운 노년기를 보내고 싶습니다. 실제로 노후가 되면은 얼마나 이제 사람들이 일을 못하기 때문에 가는 것도 있지만 천 원짜리 한 장도 벌벌 대면서 못 쓰는 그런 모습은 정말 싫거든요. 저는 리어카거나 그런 걸 끌기는 싫습니다. 그래서 물론 그런 분들을 비난하는 비하하는 것은 아니지만 저는 보다 경제적 자유를 빨르게 이뤄내서 노후에는 보다 좀 풍요로운 그런 노후 생활을 저는 즐기고 싶습니다. 이상입니다. 감사합니다.","wordCount":147},"emotion":[],"intent":[{"text":"","expression":"","category":"attitude"}],"summary":{"text":"제가 생각하는 노년의 모습은 두 가지입니다. 첫 번째는 외롭지 않은 노후이고, 두 번째는 경제적에서 어느 정도는 자유가 있는 노년기를 보내고 싶습니다.","wordCount":21}}},"rawDataInfo":{"question":{"fileFormat":"wav","fileSize":264078,"duration":8250,"samplingBit":16,"channelCount":1,"samplingRate":"16kHz","audioPath":"/Mock/02.SalesMarketing/Male/New/ckmk_q_sm_m_n_179588.wav"},"answer":{"fileFormat":"wav","fileSize":2408718,"duration":75270,"samplingBit":16,"channelCount":1,"samplingRate":"16kHz","audioPath":"/Mock/02.SalesMarketing/Male/New/ckmk_a_sm_m_n_179588.wav"}}}