{"version":"1.0","dataSet":{"info":{"date":"20230116","occupation":"SM","channel":"MOCK","place":"ONLINE","gender":"MALE","ageRange":"35-44","experience":"NEW"},"question":{"raw":{"text":"지원자님의 장점과 단점을 말씀해 주시구요 그리고 그 장점을 어떻게 특화시켰고 단점을 어떻게 극복하셨는지 그 과정을 함께 말씀해 주시기 바랍니다","wordCount":19},"emotion":[],"intent":[]},"answer":{"raw":{"text":"앞서 말씀드렸던 대로 저 같은 경우에는 추진력과 실행력이 뛰어나다는 점이 저에 장점이자 그리고 업무 추진에도 굉장히 도움되는 그런 능력 중에 하나 라고 계속해서 생각하고 있습니다. 그리고 이분 분들을 잘 다듬어서 업무에 실질적으로 도움이 되기 위해서는 어떤 방법이 필요할까 스스로 많이 고민을 해 보았는데요. 저는 제가 가진 능력들을 잘 활용하기 위해서는 정리를 조금 잘해야 된다 라는 생각을 했습니다. 저는 아이디어도 많고 여러 가지를 추진해 놓을 수 있는 그런 능력들을 보유하고 있습니다. 다만 실제로 잘 활용되기 위해서는 음 다른 사람들을 설득하는 작업도 중요하기 때문에 이 부분들에서 명료하게 서류화하고 혹은 시각할 수 있는 자료들을 구성하는 게 더 도움이 된다라는 생각을 했습니다.","wordCount":98},"emotion":[],"intent":[{"text":"","expression":"","category":"attitude"}],"summary":{"text":"추진력과 실행력이 뛰어나다는 점이 저에 장점이자 업무 추진에도 도움이 되는 능력 중 하나라고 생각하고 있습니다. 다른 사람들을 설득하는 작업도 중요하기 때문에 이 부분들에서 명료하게 서류화하고 혹은 시각할 수 있는 자료들을 구성하는 게 더 도움을 받습니다.","wordCount":35}}},"rawDataInfo":{"question":{"fileFormat":"wav","fileSize":480718,"duration":15020,"samplingBit":16,"channelCount":1,"samplingRate":"16kHz","audioPath":"/Mock/02.SalesMarketing/Male/New/ckmk_q_sm_m_n_224730.wav"},"answer":{"fileFormat":"wav","fileSize":2240718,"duration":70020,"samplingBit":16,"channelCount":1,"samplingRate":"16kHz","audioPath":"/Mock/02.SalesMarketing/Male/New/ckmk_a_sm_m_n_224730.wav"}}}