{"version":"1.0","dataSet":{"info":{"date":"20230116","occupation":"SM","channel":"MOCK","place":"ONLINE","gender":"MALE","ageRange":"-34","experience":"NEW"},"question":{"raw":{"text":"팀으로 일하는 것과 혼자 일하는 것 중 어떤 것을 더욱 선호하시나요 또 그러는 이유도 함께 말씀해 주시길 바랍니다","wordCount":18},"emotion":[],"intent":[]},"answer":{"raw":{"text":"네 저는 영업직으로 일을 할 때는 개인적으로 일하는 게 더 좋다고 생각합니다. 아무래도 영업직이라는 직무 자체가 분위기를 많이 타는 직무라고 생각합니다. 혹시라도 팀으로 일을 하게 되면 잘 하는 분들에게는 좋은 기운을 얻어서 일을 하겠지만 일을 잘 못하시는 분들과도 같이 일을 해야 되기 때문에 그분들에게는 부정적인 영향을 받을 수 있다고 생각합니다. 그래서 다른 일에서는 같이 팀으로 일을 하는 게 좋을지 모르겠지만 영업직 같은 경우에는 개인적으로 일하는 것을 더 선호하는 편입니다.","wordCount":69},"emotion":[],"intent":[{"text":"","expression":"","category":"attitude"}],"summary":{"text":"영업직은 분위기를 많이 타는 직무라 개인적으로 일하는 것을 더 선호하는 편입니다. 다른 일에서는 같이 팀으로 일을 하는 게 좋겠지만 영업직 같은 경우에는 개인적으로 일하는것을 더 선호합니다.","wordCount":26}}},"rawDataInfo":{"question":{"fileFormat":"wav","fileSize":572238,"duration":17880,"samplingBit":16,"channelCount":1,"samplingRate":"16kHz","audioPath":"/Mock/02.SalesMarketing/Male/New/ckmk_q_sm_m_n_200253.wav"},"answer":{"fileFormat":"wav","fileSize":1626318,"duration":50820,"samplingBit":16,"channelCount":1,"samplingRate":"16kHz","audioPath":"/Mock/02.SalesMarketing/Male/New/ckmk_a_sm_m_n_200253.wav"}}}