{"version":"1.0","dataSet":{"info":{"date":"20230116","occupation":"SM","channel":"MOCK","place":"ONLINE","gender":"MALE","ageRange":"-34","experience":"NEW"},"question":{"raw":{"text":"영업 자리를 갖는데 자꾸 술을 권하고 어려운 요청을 한다면 어떻게 대응을 하시겠습니까","wordCount":12},"emotion":[],"intent":[]},"answer":{"raw":{"text":"영업을 하다보면 가장 어려운 일이 술을 과하게 권하거나 어려운 요청을 계속하는 거래처를 만나는 것입니다. 저는 술을 좋아하는 사람 중에 한 명으로서 술을 권하는 부분은 어떻게든 이겨내서 대처를 할 수 있습니다. 하지만 어려운 요청은 제가 혼자 해결하기 어려운 부분이기 때문에 정중하게 거절하는 것이 맞다고 생각합니다. 이런 거래처는 한 두 번 거래하고 끝나는 것이 아니라 지속적으로 거래를 하는 거래처이기 때문에 저의 대처 능력 또한 굉장히 중요하다고 생각합니다. 그래서 저는 술을 권하는 것은 억지로라도 마실 자신이 있지만 어려운 요청은 저의 권한 밖이라고 정중하게 거절을 하겠습니다.","wordCount":82},"emotion":[],"intent":[{"text":"","expression":"","category":"attitude"}],"summary":{"text":"영업에서 어려운 일은 술을 과하게 권하거나 어려운 요청을 계속하는 거래처를 만나는 것입니다. 어려운 요청은 혼자 해결하기 어려운 부분이기에 정중하게 거절하는 것이 맞고 이런 거래처는 지속적인 거래처이기에 대처 능력 또한 중요하다고 생각합니다.","wordCount":31}}},"rawDataInfo":{"question":{"fileFormat":"wav","fileSize":512718,"duration":16020,"samplingBit":16,"channelCount":1,"samplingRate":"16kHz","audioPath":"/Mock/02.SalesMarketing/Male/New/ckmk_q_sm_m_n_236166.wav"},"answer":{"fileFormat":"wav","fileSize":2254798,"duration":70460,"samplingBit":16,"channelCount":1,"samplingRate":"16kHz","audioPath":"/Mock/02.SalesMarketing/Male/New/ckmk_a_sm_m_n_236166.wav"}}}