{"version":"1.0","dataSet":{"info":{"date":"20230116","occupation":"SM","channel":"MOCK","place":"ONLINE","gender":"MALE","ageRange":"-34","experience":"NEW"},"question":{"raw":{"text":"지원자만의 설득 능력이 있다면 그것이 무엇인지 설명해 주세요","wordCount":8},"emotion":[],"intent":[]},"answer":{"raw":{"text":"영업을 하다 보면 설득이 필요한 순간이 있는데 본인만의 설득 능력이 있다면 무엇인지 설명해 주세요 라고 이렇게 질문을 해주셨는데요. 영업을 하다보면 어 설득이 굉장히 필요한 순간이 많다고 생각을 합니다. 어떤 어떤 영업을 하든 간에 근데 그런 순간이 있 있는데 어 나만의 이 설득 능력이 있다면 무엇이냐고 물어봤는데 일단은 설득을 할라면 이제 남이 인제 이 영업을 좋아하고 원하게 만들어야 합니다. 그러기 위해서는 일단 상대방에 어 어 상대방이 원하는 반어 의견들을 잘 듣고 수긍을 하면서 어떤 식으로 도움을 줄 수 있는지 설명도 해야 하고 원하는 바를 내가 잘 캐치해야 하기 때문에 어 그런 점들을 굉장히 노력을 많이 할 것 같습니다. 어 일단은 우리 이 영업에 관해서 설득을 해야 하는데 어 이러면 인제 이 영업에 좋은 점과 어 설득을 할 때 어 그쪽 그 다른 사람에게 좋은 어떤 도움이 될 수 있고 어떤 능력을 발휘할 수 있는지 그런 점들을 중점으로 말을 하면서 설득을 잘 할 것 같습니다.","wordCount":143},"emotion":[],"intent":[{"text":"","expression":"","category":"attitude"}],"summary":{"text":"나만의 설득 능력이 있다면 남이 영업을 좋아하고 원하게 만들어야 합니다. 설득을 하려면 상대방의 의견을 듣고 도움을 줄 수 있는 방법을 설명해야 하고 원하는 바를 잘 캐치해야 하기 때문에 노력을 많이 할 것 같습니다. 설득 시 다른 사람에게 어떤 도움이 되고 능력을 발휘할 수 있는지 중점으로 이야기를 해야 합니다.","wordCount":48}}},"rawDataInfo":{"question":{"fileFormat":"wav","fileSize":242638,"duration":7580,"samplingBit":16,"channelCount":1,"samplingRate":"16kHz","audioPath":"/Mock/02.SalesMarketing/Male/New/ckmk_q_sm_m_n_192611.wav"},"answer":{"fileFormat":"wav","fileSize":2670158,"duration":83440,"samplingBit":16,"channelCount":1,"samplingRate":"16kHz","audioPath":"/Mock/02.SalesMarketing/Male/New/ckmk_a_sm_m_n_192611.wav"}}}