{"version":"1.0","dataSet":{"info":{"date":"20230116","occupation":"SM","channel":"MOCK","place":"ONLINE","gender":"MALE","ageRange":"35-44","experience":"NEW"},"question":{"raw":{"text":"사람들과 협업을 하면서 가장 어려웠던 점이 있다면 그것이 무엇이었는지 그리고 그것을 어떻게 극복했는지 말씀해 주세요","wordCount":15},"emotion":[],"intent":[]},"answer":{"raw":{"text":"사람들과 협업을 하면서 가장 어려웠던 점은 의견 충돌입니다. 의견 충돌은 어떠한 사람과 어떠한 일을 하든 발생할 수가 있습니다. 각자 그동안 살아온 삶이 다르고 살아온 환경과 생각에 차이가 엄연히 존재합니다. 그렇게 각자에 길을 걸어온 사람들이 한 길에서 만났다면 서로 다른 진로나 다른 방향을 서로 주장을 할 수도 있기 때문입니다. 그러므로 협업을 할 때 가장 어려웠던 점은 아무래도 서로에 의견이 너무 갈렸을 때 어느 정도 일치점이 있다면 조금씩 수정을 해서 양보하고 맞춰가면 되지만 완전 정반대의 방향으로 서로 생각을 가지고 있다면 일치시키기가 매우 어렵습니다. 그럴 때는 극복을 하려면 어느 한 쪽이 물러서거나 어느 한 쪽이 더 강하게 주장을 해야 하는 상황입니다. 저에 같은 경우는 차라리 제가 물러서면서 그 사람의 입장을 존중해주고 그 사람의 의견을 먼저 수렴해서 진행을 해보는 쪽으로 검토하겠습니다. 진행을 하다 문제점이 발생이 되면 아 이런 이런 부분 때문에 어쩔 수 없이 제가 생각했던 대로 가야겠습니다 라고 양해를 구할 수 있을 것입니다.","wordCount":140},"emotion":[{"text":"저에 같은 경우는 차라리 제가 물러서면서 그 사람의 입장을 존중해주고 그 사람의 의견을 먼저 수렴해서 진행을 해보는 쪽으로 검토하겠습니다.","expression":"p-affection","category":"positive"}],"intent":[{"text":"","expression":"","category":"attitude"}],"summary":{"text":"협업을 하면서 가장 어려웠던 점은 의견 충돌인데, 서로 의견이 너무 갈렸을 때 어느 정도 수정을 해서 양보하면 되지만 완전 반대의 방향으로 생각을 가지고 있다면 일치시키기가 매우 어렵습니다. 그럴 때는 어느 한 쪽이 물러서면서 그 사람의 입장을 존중해주고 그 사람의 의견을 먼저 수렴해서 진행을 해보는 쪽으로 검토하겠습니다.","wordCount":46}}},"rawDataInfo":{"question":{"fileFormat":"wav","fileSize":355278,"duration":11100,"samplingBit":16,"channelCount":1,"samplingRate":"16kHz","audioPath":"/Mock/02.SalesMarketing/Male/New/ckmk_q_sm_m_n_230742.wav"},"answer":{"fileFormat":"wav","fileSize":3859598,"duration":120610,"samplingBit":16,"channelCount":1,"samplingRate":"16kHz","audioPath":"/Mock/02.SalesMarketing/Male/New/ckmk_a_sm_m_n_230742.wav"}}}