{"version":"1.0","dataSet":{"info":{"date":"20230116","occupation":"SM","channel":"MOCK","place":"ONLINE","gender":"MALE","ageRange":"-34","experience":"NEW"},"question":{"raw":{"text":"이제까지 들어가 있었던 조직이나 단체 속에서 본인은 주로 어떤 역할을 하는 사람이었나요 본인이 담당했었던 역할에 대해서 말씀해 주세요","wordCount":18},"emotion":[],"intent":[]},"answer":{"raw":{"text":"여태까지 속해 있던 조직들의 사람들은 저를 닭도리탕을 좋아하는 사람으로 생각하고 있습니다. 언젠가 한 번은 제가 오랫동안 다녔던 다녔던 직장을 그만두고 그 후에 다시 놀러 갔던 적이 있습니다. 그런데 사람들이 저를 어이 닭도리탕 왔어 라고 부르는 것이었습니다. 저는 충격을 받아 아니 내 이름도 있는데 왜 닭도리탕이라고 부르느냐 라고 되물었습니다. 그랬더니 그 사람들은 너는 닭도리탕을 너무 좋아해서 우리가 항상 너를 닭도리탕이라고 부르지 않았냐 라고 말하는 것이었습니다. 그 이후에 저는 아 내가 닭도리탕을 좋아하는 사람이구나 라는 것을 깨닫게 되었습니다. 그리고 앞으로도 저는 닭도리탕을 좋아하는 사람으로 남기 위해서 최선의 노력을 다하도록 하겠습니다.","wordCount":88},"emotion":[],"intent":[{"text":"","expression":"","category":"attitude"}],"summary":{"text":"지금까지 속해 있던 조직들의 사람들은 저를 닭도리탕을 좋아하는 사람으로 생각하고 있습니다. 직장 퇴직 후 다시 한번 닭도를리탕에 방문했을 때, 그 사람들이 닭도 리탕이라고 부르자 제가 좋아하는 사람이구나 라는 것을 깨달았습니다.","wordCount":30}}},"rawDataInfo":{"question":{"fileFormat":"wav","fileSize":417998,"duration":13060,"samplingBit":16,"channelCount":1,"samplingRate":"16kHz","audioPath":"/Mock/02.SalesMarketing/Male/New/ckmk_q_sm_m_n_186646.wav"},"answer":{"fileFormat":"wav","fileSize":2336718,"duration":73020,"samplingBit":16,"channelCount":1,"samplingRate":"16kHz","audioPath":"/Mock/02.SalesMarketing/Male/New/ckmk_a_sm_m_n_186646.wav"}}}