{"version":"1.0","dataSet":{"info":{"date":"20230116","occupation":"SM","channel":"MOCK","place":"ONLINE","gender":"MALE","ageRange":"35-44","experience":"NEW"},"question":{"raw":{"text":"자사를 싫어하시는 고객님 어 대리점과 또 가맹점을 포함해서 그분 들에게 어떤 방식으로 영업하시겠습니까","wordCount":13},"emotion":[],"intent":[]},"answer":{"raw":{"text":"우리를 싫어하더라도 그 고객들에게 제품을 팔 수 있다 라면 우리 고 우리 제품을 좋아하는 노열층 고객들에게는 더 많은 이윤과 매출들을 낼 수 있을 것이라고 생각합니다. 항상 우리 제품에 대해서 굉장히 긍정적으로 생각하는 사람을 만나기는 어려울 것 같고요. 그런 분들을 설득하기 위해서는 어떤 제품에 대해서 매력도를 느끼는지 그 부분이 가격인지 서비스인지 애프터 서비스인지 이런 부분에 대해서 빠르게 파악을 해서 우리 회사만의 차별점에 대해서 어필하는 부분이 가장 좋은 영업 방식이라고 저는 생각을 하고 있습니다.","wordCount":72},"emotion":[],"intent":[{"text":"","expression":"","category":"attitude"}],"summary":{"text":"제품을 긍정적으로 생각하는 고객을 설득하기 위해서는 가격, 서비스, 애프터 서비스 등에 대해 빠르게 파악을 해서 회사만의 차별점에 대해서 어필하는 부분이 가장 좋은 영업 방식이라고 생각합니다.","wordCount":25}}},"rawDataInfo":{"question":{"fileFormat":"wav","fileSize":403278,"duration":12600,"samplingBit":16,"channelCount":1,"samplingRate":"16kHz","audioPath":"/Mock/02.SalesMarketing/Male/New/ckmk_q_sm_m_n_224732.wav"},"answer":{"fileFormat":"wav","fileSize":1771598,"duration":55360,"samplingBit":16,"channelCount":1,"samplingRate":"16kHz","audioPath":"/Mock/02.SalesMarketing/Male/New/ckmk_a_sm_m_n_224732.wav"}}}