{"version":"1.0","dataSet":{"info":{"date":"20230116","occupation":"SM","channel":"MOCK","place":"ONLINE","gender":"MALE","ageRange":"-34","experience":"NEW"},"question":{"raw":{"text":"고객에게 제품을 추천을 했는데 마음에 들어 하지 않는다면 그 상품을 어떻게 어필하실 겁니까","wordCount":13},"emotion":[],"intent":[]},"answer":{"raw":{"text":"만약 제가 추천한 제품을 고객이 마음에 들어하지 않는다면 저는 그 제품을 사지 않으면 손해 라는 마인드로 영업을 이어 갈 것 같습니다. 사람들은 이익보다는 손해에 민감하다 는 것이 경제학적으로 이미 증명이 됐습니다. 따라서 제가 추천한 제품을 고객이 마음에 들어 하지 않는다면 그 제품을 잘 사용하고 있는 유명인이나 다른 고객의 사례를 보여 주면서 다른 사람들은 이 제품으로 많은 이익을 누리는데 당신은 그렇지 못하기 때문에 큰 손해를 보는 것이다 이렇게 어필하면서 영업 활동을 이을 것이고 실제로 이 방식으로 많은 성과를 냈던 경험을 해 왔습니다.","wordCount":81},"emotion":[],"intent":[{"text":"","expression":"","category":"attitude"}],"summary":{"text":"사람이 이익보다 손해에 민감하다는 것이 증명되었기 때문에, 제가 추천한 제품을 고객이 마음에 들지 않는다면 그 제품을 사지 않으면 손해 라는 마인드로 영업을 이어 갈 것 같습니다.","wordCount":26}}},"rawDataInfo":{"question":{"fileFormat":"wav","fileSize":282318,"duration":8820,"samplingBit":16,"channelCount":1,"samplingRate":"16kHz","audioPath":"/Mock/02.SalesMarketing/Male/New/ckmk_q_sm_m_n_197199.wav"},"answer":{"fileFormat":"wav","fileSize":2320078,"duration":72500,"samplingBit":16,"channelCount":1,"samplingRate":"16kHz","audioPath":"/Mock/02.SalesMarketing/Male/New/ckmk_a_sm_m_n_197199.wav"}}}