{"version":"1.0","dataSet":{"info":{"date":"20230116","occupation":"SM","channel":"MOCK","place":"ONLINE","gender":"MALE","ageRange":"55-","experience":"NEW"},"question":{"raw":{"text":"면접자님께서 다룰 수 있는 프로그램은 어떤 것이 있을까요 또 그 프로그램을 어느 수준으로 사용할 수 있으십니까","wordCount":16},"emotion":[],"intent":[]},"answer":{"raw":{"text":"프로그램은 아래한글과 엠에스오피스 파워포인트 엑셀 등 이러한 형태의 프로그램들이 있는 것으로 어 저희가 아 많이 사용하고 있죠. 마찬가지로 이런 형태의 프로그램은 공공 행정에서도 중요하게 두각을 드러내고 있는 아래한글과 또 일반 회사에서도 많이 사용하고 있는 어 파워포인트 엑셀 엠에스워드는 대단히 중요한 어 문서 작성의 에 요소로 현재 작용하고 있다고 생각을 합니다. 그리고 어 회사에서 여러 요소를 가지고 어 작업을 하게 되는데요. 이러한 형태로 하나를 묶어서 가는 어 구글 협업 작업이 또한 어 클라우드 형태의 시스템에서 어 중요한 작업으로 되어 있습니다. 그래서 어 클라우드 시스템을 적용을 하게 되면 언제 어디서나 아 동일한 조건에서 작업을 할 수 있다는 것이지요. 그렇게 되면 결국 어 팀에서 어 추구하고 있는 프로젝트를 완성할 때 시간의 제약이나 공간의 제약을 뛰어넘어서 어 작업을 할 수 있다는 것입니다. 결국 이러한 형태의 아이티 기반의 에 여러 형태의 프로그램들이 에 회사에서나 공공 행정에서 중요한 요소로 이제 작용을 하고 있다고 생각을 합니다. 감사합니다.","wordCount":140},"emotion":[],"intent":[{"text":"","expression":"","category":"attitude"}],"summary":{"text":"아래한글과 엠에스오피스, 파워포인트 엑셀과 같은 프로그램은 공공 행정과 일반 회사에서 매우 중요한 문서 작성의 에 요소로 작용하고 있습니다. 구글 협업 작업도 클라우드 형태의 시스템에서 중요한 작업입니다. 클라우드 시스템을 적용하면 언제 어디서나 동일한 조건에서 작업이 가능해 시간, 공간의 제약을 뛰어넘어 작업을 할 수 있게 됩니다.","wordCount":44}}},"rawDataInfo":{"question":{"fileFormat":"wav","fileSize":301518,"duration":9420,"samplingBit":16,"channelCount":1,"samplingRate":"16kHz","audioPath":"/Mock/02.SalesMarketing/Male/New/ckmk_q_sm_m_n_246224.wav"},"answer":{"fileFormat":"wav","fileSize":2847758,"duration":88990,"samplingBit":16,"channelCount":1,"samplingRate":"16kHz","audioPath":"/Mock/02.SalesMarketing/Male/New/ckmk_a_sm_m_n_246224.wav"}}}