{"version":"1.0","dataSet":{"info":{"date":"20230116","occupation":"SM","channel":"MOCK","place":"ONLINE","gender":"MALE","ageRange":"-34","experience":"NEW"},"question":{"raw":{"text":"무언가를 달성하기 위해 목표를 세우고 이 삼 년간 열심히 노력한 경험이 있나요","wordCount":12},"emotion":[],"intent":[]},"answer":{"raw":{"text":"저는 토익 시험 만점이라는 목표를 세우고 삼 년간 열심히 노력해서 목표를 달성한 경험이 있습니다. 저는 영어 실력이 매우 부족했고 그에 대해서 항상 자신감이 없게 살아왔습니다. 그래서 삼 년 전 나도 열심히 해서 토익 만점을 받아보자 라는 목표를 세우고 열심히 노력했습니다. 미국 드라마를 보며 주인공의 대사를 외우고 따라하고 항상 영어 노래들을 들으면서 가사를 외웠습니다. 이렇게 영어의 감을 잡고 일 년간 미국으로 교환 학생을 가서 현지인들과 영어로 어울리고 영어로 수업을 듣고 영어로 과제를 하면서 영어에 대한 감과 자신감을 더욱더 높였습니다. 그리고 삼 개월 전 토익 시험을 치러 드디어 토익 만점이라는 결과를 받고 눈물을 흘렸습니다. 이 경험을 통해 무엇이든 할 수 있다는 자신감을 얻었습니다.","wordCount":101},"emotion":[],"intent":[{"text":"저는 토익 시험 만점이라는 목표를 세우고 삼 년간 열심히 노력해서 목표를 달성한 경험이 있습니다.","expression":"c_chl","category":"personality"},{"text":"그리고 삼 개월 전 토익 시험을 치러 드디어 토익 만점이라는 결과를 받고 눈물을 흘렸습니다.","expression":"c_private","category":"background"}],"summary":{"text":"영어 실력이 부족했던 저는 토익 시험 만점이라는 목표를 세우고 삼 년간 열심히 노력해 목표를 달성하였습니다. 드라마 속 주인공의 대사와 가사를 외우며 영어의 감을 잡고 교환학생을 가 영어 수업과 과제를 하며 영어에 대한 감과 자신감을 높였습니다.","wordCount":35}}},"rawDataInfo":{"question":{"fileFormat":"wav","fileSize":256078,"duration":8000,"samplingBit":16,"channelCount":1,"samplingRate":"16kHz","audioPath":"/Mock/02.SalesMarketing/Male/New/ckmk_q_sm_m_n_197110.wav"},"answer":{"fileFormat":"wav","fileSize":2715598,"duration":84860,"samplingBit":16,"channelCount":1,"samplingRate":"16kHz","audioPath":"/Mock/02.SalesMarketing/Male/New/ckmk_a_sm_m_n_197110.wav"}}}