{"version":"1.0","dataSet":{"info":{"date":"20230116","occupation":"SM","channel":"MOCK","place":"ONLINE","gender":"MALE","ageRange":"-34","experience":"NEW"},"question":{"raw":{"text":"지원자님의 단점이 있다면 말씀해 주시고 이를 보완하기 위해서 본인이 기울여 왔던 노력에 대해서도 함께 자세하게 말씀해 주실 수 있을까요","wordCount":19},"emotion":[],"intent":[]},"answer":{"raw":{"text":"저의 단점은 잠이 많다는 것입니다. 제가 잠이 너무 많아서 정말 웃지 못할 사건들도 많이 만들었는데요. 예를 들면 여자 친구와 기념일에 제주도로 가기로 한 약속을 하고 잠에 든 나머지 비행기를 놓쳤던 경험도 있습니다. 이처럼 잠이 너무 많다 보니 일상생활에도 지장을 주곤 하는데요. 이를 보완하기 위해 다양한 노력들을 하고 있습니다. 우선 휴대폰 알람이 아닌 자명종 알람 시계를 활용합니다. 휴대폰 알람은 쉽게 끌 수 있고 듣기에도 그렇게 나쁘지 않아서 효과가 적습니다. 따라서 자명종 시계를 구입해 정말 시끄러운 알람을 맞추고 잠에서 깨고 있습니다. 두 번째 노력은 운전 중에 잠들지 않기 위해 졸음 껌을 씹는 습관을 들였습니다. 졸음 껌은 매운 맛이 상당히 강해서 잠을 깨게 해주는 껌인데요. 이 졸음 껌을 항상 차에 두고 운전 중에는 늘 씹는 습관을 들였습니다.","wordCount":114},"emotion":[],"intent":[{"text":"","expression":"","category":"attitude"}],"summary":{"text":"단점은 잠이 많다는 것입니다. 자명종 알람 시계를 활용하여 휴대폰 알람보다 시끄러운 알람을 맞추고 잠에서 깨고 있습니다. 또한 운전 중에 잠들지 않기 위해 졸음 껌을 씹는 습관을 들였습니다.","wordCount":27}}},"rawDataInfo":{"question":{"fileFormat":"wav","fileSize":572878,"duration":17900,"samplingBit":16,"channelCount":1,"samplingRate":"16kHz","audioPath":"/Mock/02.SalesMarketing/Male/New/ckmk_q_sm_m_n_190426.wav"},"answer":{"fileFormat":"wav","fileSize":2871118,"duration":89720,"samplingBit":16,"channelCount":1,"samplingRate":"16kHz","audioPath":"/Mock/02.SalesMarketing/Male/New/ckmk_a_sm_m_n_190426.wav"}}}