{"version":"1.0","dataSet":{"info":{"date":"20230116","occupation":"SM","channel":"MOCK","place":"ONLINE","gender":"MALE","ageRange":"-34","experience":"NEW"},"question":{"raw":{"text":"지원자님의 전공과 관련해서 어 최근에 부족하다고 느끼고 따로 공부를 하고 있는 분야가 있으십니까","wordCount":13},"emotion":[],"intent":[]},"answer":{"raw":{"text":"저의 전공은 바로 영어영문학과인데요. 저는 제 영어 실력이 부족하다는 점을 느끼고 꾸준히 노력하고 있습니다. 먼저 영어로 된 드라마들을 보면서 주인공들의 대사를 암기하고 따라 하면서 실전에서 영어가 어떻게 쓰이는지 알기 위해 꾸준히 노력하고 있습니다. 또한 영어로 된 노래들을 들으면서 노래 가사를 외우고 따라 부르면서 영어에 대한 감을 익히면서 영어를 사용하는 국가들의 트렌드도 경험합니다. 이러한 노력을 통해 저의 영어 실력은 날이 갈수록 좋아지고 있습니다. 특히 토익 점수가 삼백 점 이상 오르면서 그야말로 인간 승리를 만들어 냈습니다. 이처럼 저는 꾸준히 영어 공부를 하고 있기 때문에 저의 영어 실력이 우리 회사에도 큰 도움이 될 것입니다.","wordCount":91},"emotion":[{"text":"저의 전공은 바로 영어영문학과인데요.","expression":"u-fact","category":"neutral"},{"text":"먼저 영어로 된 드라마들을 보면서 주인공들의 대사를 암기하고 따라 하면서 실전에서 영어가 어떻게 쓰이는지 알기 위해 꾸준히 노력하고 있습니다.","expression":"u-fact","category":"neutral"}],"intent":[{"text":"저의 전공은 바로 영어영문학과인데요.","expression":"c_private","category":"background"}],"summary":{"text":"전공인 영어영문학과에서는 영어로 된 드라마와 노래들을 들으며 영어에 대한 감을 익히고, 영어를 사용하는 국가들의 트렌드도 경험하고 있습니다. 이러한 노력을 통해 영어 실력은 날이 갈수록 좋아지고 있어서 회사에도 큰 도움이 될 것입니다.","wordCount":31}}},"rawDataInfo":{"question":{"fileFormat":"wav","fileSize":379278,"duration":11850,"samplingBit":16,"channelCount":1,"samplingRate":"16kHz","audioPath":"/Mock/02.SalesMarketing/Male/New/ckmk_q_sm_m_n_190715.wav"},"answer":{"fileFormat":"wav","fileSize":2794318,"duration":87320,"samplingBit":16,"channelCount":1,"samplingRate":"16kHz","audioPath":"/Mock/02.SalesMarketing/Male/New/ckmk_a_sm_m_n_190715.wav"}}}