{"version":"1.0","dataSet":{"info":{"date":"20230116","occupation":"SM","channel":"MOCK","place":"ONLINE","gender":"MALE","ageRange":"-34","experience":"NEW"},"question":{"raw":{"text":"지원자분께서 계셨던 이전 직장에서 퇴사를 하시고 난 이후에 그 퇴사한 행위에 대해서 후회하신 적은 없으신지 궁금합니다 만약에 후회하신 적이 있다면 왜 그랬는지도 같이 이야기해 주시면 좋을 것 같아요","wordCount":28},"emotion":[],"intent":[]},"answer":{"raw":{"text":"저는 이전 직장에서 퇴사한 것을 후회한 적이 단 한 번도 없습니다. 왜냐하면 이전 직장에 기업 문화가 매우 나빴기 때문입니다. 이전 직장을 다니면서 정말 꽤 많은 연봉 또 나쁘지 않은 워라벨 이런 것들을 누려왔는데요. 기업의 브랜드 인지도도 높아서 주위 사람들이 저를 많이 부러워 했습니다. 하지만 막상 회사를 다니는 저는 이 기업의 보수적이고 낡은 기업 문화에 많이 실망했는데요. 먼저 선배가 후배에게 밥을 사주는 것이 아니라 후배가 첫 월급을 받으면 회식 자리에 비용을 내는 비상식적인 문화도 있었고 또 퇴근 후에 상사와 함께 집을 가야 하는 괴상한 문화도 있었습니다. 그래서 이런 기업 문화로 봤을 때 앞으로의 성장 가능성이 희박하다고 보고 퇴사를 결정했습니다. 그래서 저는 퇴사한 것을 후회한 적이 없습니다.","wordCount":105},"emotion":[{"text":"하지만 막상 회사를 다니는 저는 이 기업의   보수적이고 낡은 기업 문화에 많이 실망했는데요.","expression":"n-sadness","category":"positive"}],"intent":[{"text":"","expression":"","category":"attitude"}],"summary":{"text":"이전 직장의 기업 문화가 매우 나빴고 막상 회사를 다니면서 보수적이고 낡은 기업 문화에 많이 실망했고 이런 기업 문화로 봤을 때 앞으로의 성장 가능성이 희박하다고 보고 퇴사하였고 후회한 적이 단 한 번도 없습니다.","wordCount":32}}},"rawDataInfo":{"question":{"fileFormat":"wav","fileSize":628558,"duration":19640,"samplingBit":16,"channelCount":1,"samplingRate":"16kHz","audioPath":"/Mock/02.SalesMarketing/Male/New/ckmk_q_sm_m_n_180628.wav"},"answer":{"fileFormat":"wav","fileSize":2849998,"duration":89060,"samplingBit":16,"channelCount":1,"samplingRate":"16kHz","audioPath":"/Mock/02.SalesMarketing/Male/New/ckmk_a_sm_m_n_180628.wav"}}}