{"version":"1.0","dataSet":{"info":{"date":"20230116","occupation":"SM","channel":"MOCK","place":"ONLINE","gender":"MALE","ageRange":"-34","experience":"NEW"},"question":{"raw":{"text":"마케팅 업무의 통계 분석 기법을 정용해 본 본인의 사례가 있다면 얘기해 주시겠습니까","wordCount":12},"emotion":[],"intent":[]},"answer":{"raw":{"text":"저는 이전 직장에서 에스엔에스 마케팅 업무를 진행했던 경험이 있습니다. 그때 에스피에스에스라는 통계 분석 프로그램을 사용해 본 경험이 있는데요. 그때 저는 에스앤에스 업무란 단순히 마케팅적인 감각으로 진행되는 업무라고 생각했습니다. 하지만 아무리 열심히 해도 성과가 나지 않자 통계 분석 기법을 적용해 보기로 했습니다. 그래서 대학 시절 잠깐 배웠던 에스피에스에스 프로그램을 통해 통계를 분석했는데요. 이를 통해서 객관적으로 사람들이 좋아하는 콘텐츠를 찾아낼 수 있었습니다. 이 경험을 통해 빅데이터가 가진 힘 그리고 통계가 가진 힘을 느꼈습니다. 결국 사람들의 마음을 움직이는 것도 빅데이터를 통해서 일정 규칙을 찾을 수 있었고 이를 통해서 효율적인 업무가 가능하다는 것을 배웠던 경험이었습니다. 따라서 마케팅 업무의 통계 분석 기법에 중요성을 느꼈습니다.","wordCount":99},"emotion":[{"text":"저는 이전 직장에서 에스엔에스 마케팅 업무를 진행했던 경험이 있습니다.","expression":"u-fact","category":"neutral"}],"intent":[{"text":"","expression":"","category":"attitude"}],"summary":{"text":"빅데이터를 통해 사람들의 마음을 움직이는 것도 빅데이터를 통해서 일정 규칙을 찾을 수 있었고 이를 통해서 효율적인 업무가 가능하다는 것을 배웠던 경험이기 때문에 마케팅 업무의 통계 분석 기법에 중요성을 느꼈습니다.","wordCount":29}}},"rawDataInfo":{"question":{"fileFormat":"wav","fileSize":388238,"duration":12130,"samplingBit":16,"channelCount":1,"samplingRate":"16kHz","audioPath":"/Mock/02.SalesMarketing/Male/New/ckmk_q_sm_m_n_180300.wav"},"answer":{"fileFormat":"wav","fileSize":2902798,"duration":90710,"samplingBit":16,"channelCount":1,"samplingRate":"16kHz","audioPath":"/Mock/02.SalesMarketing/Male/New/ckmk_a_sm_m_n_180300.wav"}}}