{"version":"1.0","dataSet":{"info":{"date":"20230116","occupation":"SM","channel":"MOCK","place":"ONLINE","gender":"MALE","ageRange":"-34","experience":"NEW"},"question":{"raw":{"text":"커뮤니케이션을 잘 할 수 있는 본인만의 특별한 스킬이 있나요 있다면 한번 소개해 주시고 가능하다면 보여주셔도 좋습니다","wordCount":16},"emotion":[],"intent":[]},"answer":{"raw":{"text":"커뮤니케이션을 잘 할 수 있는 저 만의 스킬은 바로 시사 이슈를 꿰뚫고 있는 것입니다. 새로운 사람을 만나면 공통점을 찾아서 공감대를 형성하는 것은 정말 기초적이고 많이 알려진 커뮤니케이션 스킬인데요. 이를 위해서 여러 가지 질문을 통해서 공통점을 찾는 것도 좋지만 최근의 화제가 된 시사 이슈들을 공부해서 대화를 시작하는 것이 어찌보면 가장 쉬운 공감대 형성 방법입니다. 특히 주식이나 부동산 같은 재테크 혹은 정치 관련 이슈들로 대화를 포문을 여는 것은 매우 효과적인 방법입니다. 그래서 저는 이러한 저만의 커뮤니케이션 스킬로 이전 직장에서 많은 영업을 성공시킨 경험이 있습니다. 이런 방식을 통해서 이 회사에서도 항상 친화력 있는 영업사원으로 좋은 성과 내겠습니다.","wordCount":94},"emotion":[],"intent":[{"text":"","expression":"","category":"attitude"}],"summary":{"text":" 시사 이슈들을 공부해서 대화를 시작하는 것이 가장 쉬운 공감대 형성 방법이라고 생각합니다. 이러한 스킬로 이전 직장에서 많은 영업을 성공시킨 경험이 있습니다.","wordCount":21}}},"rawDataInfo":{"question":{"fileFormat":"wav","fileSize":600398,"duration":18760,"samplingBit":16,"channelCount":1,"samplingRate":"16kHz","audioPath":"/Mock/02.SalesMarketing/Male/New/ckmk_q_sm_m_n_181170.wav"},"answer":{"fileFormat":"wav","fileSize":2747598,"duration":85860,"samplingBit":16,"channelCount":1,"samplingRate":"16kHz","audioPath":"/Mock/02.SalesMarketing/Male/New/ckmk_a_sm_m_n_181170.wav"}}}