{"version":"1.0","dataSet":{"info":{"date":"20230116","occupation":"SM","channel":"MOCK","place":"ONLINE","gender":"MALE","ageRange":"-34","experience":"NEW"},"question":{"raw":{"text":"살면서 다양한 커뮤니케이션을 경험해 보셨을 텐데요 그중 가장 어려웠던 경험을 한 가지만 말씀해 주시길 바랍니다","wordCount":15},"emotion":[],"intent":[]},"answer":{"raw":{"text":"살면서 다양한 커뮤니케이션 경험을 해 봤는데요. 그중 가장 어려웠던 점은 바로 제가 한 케이블 방송사에서 리포터로 일할 때 노인정에서 어르신들과 함께 소통했던 경험입니다. 당시 저는 취업 준비생들에 관한 인터뷰를 하기 위해 동네에 있는 한 노인정을 찾았는데요. 어르신들께서는 저를 환대해 주셨고 적극적으로 인터뷰에 참여해 주셨지만 어르신들에 발음과 단어 선택 이런 것들이 저와는 너무 달라서 소통하기가 굉장히 어려웠습니다. 그런 경험을 통해 역시 살아온 시대 그리고 즐기는 문화 이런 것에 따라서 다양한 커뮤니케이션 전략을 세워야 한다는 것을 깊게 느낄 수 있었습니다.","wordCount":78},"emotion":[{"text":"그중 가장 어려웠던 점은 바로 제가 한 케이블 방송사에서 리포터로 일할 때 노인정에서 어르신들과 함께 소통했던 경험입니다.","expression":"u-fact","category":"neutral"}],"intent":[{"text":"","expression":"","category":"attitude"}],"summary":{"text":"삶의 시대와 즐기는 문화에 따라 다양한 커뮤니케이션 전략을 세워야 한다는 것을 느꼈습니다. 제가 한 케이블 방송사에서 앵커로 일할 때 노인정에서 어르신들과 소통했던 경험이 가장 어려웠습니다. 발음과 단어 선택들이 저와는 달라 소통이 힘들었습니다.","wordCount":32}}},"rawDataInfo":{"question":{"fileFormat":"wav","fileSize":352078,"duration":11000,"samplingBit":16,"channelCount":1,"samplingRate":"16kHz","audioPath":"/Mock/02.SalesMarketing/Male/New/ckmk_q_sm_m_n_190431.wav"},"answer":{"fileFormat":"wav","fileSize":2335438,"duration":72980,"samplingBit":16,"channelCount":1,"samplingRate":"16kHz","audioPath":"/Mock/02.SalesMarketing/Male/New/ckmk_a_sm_m_n_190431.wav"}}}