{"version":"1.0","dataSet":{"info":{"date":"20230116","occupation":"SM","channel":"MOCK","place":"ONLINE","gender":"MALE","ageRange":"-34","experience":"NEW"},"question":{"raw":{"text":"귀하는 해외에 판매하면 좋을 방송 콘텐츠가 무엇이라고 생각하시나요","wordCount":8},"emotion":[],"intent":[]},"answer":{"raw":{"text":"해외에 판매하면 좋을 것 같은 방송 콘텐츠는 바로 우리나라의 맛집 프로그램 콘텐츠입니다. 왜냐하면 현재 외국인들은 우리나라 먹방에 대해서 아주 관심도가 높기 때문입니다. 저는 사실 해외에서 먹방이 인기가 있는 이유를 잘 몰랐는데요. 제가 좋은 기회에 한 외국인과 대화를 했던 경험이 있는데 그때 제가 왜 먹방을 좋아하는지 물어보니 외국인들에게는 너무나도 생소한 식재료 그리고 너무나도 새로운 요리법으로 음식을 만들어서 먹기 때문에 굉장히 재미있다고 말했습니다. 따라서 먹방의 원조인 한국 맛집 프로그램을 해외에 판매한다면 잘될 것 같습니다.","wordCount":72},"emotion":[],"intent":[{"text":"","expression":"","category":"attitude"}],"summary":{"text":"해외 방송 콘텐츠로 우리나라 맛집 프로그램을 판매하면 좋을 것 같습니다. 외국인들에게 생소한 식재료와 새로운 요리법으로 음식을 만들기 때문에 재미있기 때문입니다.","wordCount":20}}},"rawDataInfo":{"question":{"fileFormat":"wav","fileSize":283278,"duration":8850,"samplingBit":16,"channelCount":1,"samplingRate":"16kHz","audioPath":"/Mock/02.SalesMarketing/Male/New/ckmk_q_sm_m_n_203907.wav"},"answer":{"fileFormat":"wav","fileSize":2652238,"duration":82880,"samplingBit":16,"channelCount":1,"samplingRate":"16kHz","audioPath":"/Mock/02.SalesMarketing/Male/New/ckmk_a_sm_m_n_203907.wav"}}}