{"version":"1.0","dataSet":{"info":{"date":"20230116","occupation":"SM","channel":"MOCK","place":"ONLINE","gender":"MALE","ageRange":"35-44","experience":"NEW"},"question":{"raw":{"text":"협업을 할 일이 많이 생길 수 있습니다 어 협업을 하게 되면은 어 어려운 점이 많이 생길 수 있는데 지원자님께서는 지금까지 협업을 하면서 어려운 점은 없으셨나요","wordCount":25},"emotion":[],"intent":[]},"answer":{"raw":{"text":"협업을 할 일이 많이 생길 수 있어요. 이전 직장에서나 대학에서 협업을 할 때 어려운 점은 없었는지 물어보셨습니다. 예전 직장에서도 있었지만 대학에서도 협업을 할 때는 어려운 점이 많이 발생을 하곤 합니다. 협업이라는 것은 여러 사람이 힘을 합쳐 자기만의 맡은 바 임무를 다 해서 모든 이론이 하나가 되어 임무를 완수하여야 하는 협동심이 절실히 필요한 과제입니다. 하지만 이전 직장에서도 물론 주간 야간 근무자 간의 서로 간의 전달이 명확히 이루어지지 않아 엉뚱한 일을 서로 진행을 하여 프로젝트가 무산되었던 그러한 경험이 있습니다. 대학 시절에는 과제를 함께 해야 하는데 한 명이 도태되어 그 한 사람으로 인해 과제가 완성되지 못했던 그런 기억도 있습니다.","wordCount":96},"emotion":[{"text":"하지만 이전 직장에서도 물론 주간 야간 근무자 간의 서로 간의 전달이 명확히 이루어지지 않아 엉뚱한 일을 서로 진행을 하여 프로젝트가 무산되었던 그러한 경험이 있습니다.","expression":"u-fact","category":"neutral"},{"text":"대학 시절에는 과제를 함께 해야 하는데 한 명이 도태되어 그 한 사람으로 인해 과제가 완성되지 못했던 그런 기억도 있습니다.","expression":"u-fact","category":"neutral"}],"intent":[{"text":"","expression":"","category":"attitude"}],"summary":{"text":"협업은 여러 사람이 힘을 합쳐 자기만의 맡은 바 임무를 다 해서 모든 이론이 하나가 되어 임무를 완수하여야 하는 협동심이 절실한 과제이지만 이전 직장에서도 엉뚱한 일을 서로 진행을 하여 프로젝트가 취소되었던 그런 경험이 있습니다.","wordCount":33}}},"rawDataInfo":{"question":{"fileFormat":"wav","fileSize":488078,"duration":15250,"samplingBit":16,"channelCount":1,"samplingRate":"16kHz","audioPath":"/Mock/02.SalesMarketing/Male/New/ckmk_q_sm_m_n_210143.wav"},"answer":{"fileFormat":"wav","fileSize":2896398,"duration":90510,"samplingBit":16,"channelCount":1,"samplingRate":"16kHz","audioPath":"/Mock/02.SalesMarketing/Male/New/ckmk_a_sm_m_n_210143.wav"}}}