{"version":"1.0","dataSet":{"info":{"date":"20230116","occupation":"SM","channel":"MOCK","place":"ONLINE","gender":"MALE","ageRange":"-34","experience":"NEW"},"question":{"raw":{"text":"지원자님께서는 이 분야에 지원하시기 위해서 많은 노력을 하셨을 텐데 어 구체적으로 어떤 노력을 하셨는지 어 생각나는 대로 말씀해 주시길 바랍니다","wordCount":20},"emotion":[],"intent":[]},"answer":{"raw":{"text":"답변드리겠습니다. 제가 우리 회사에 지원하기 위해서 노력한 것은 다양한 방면이 있습니다. 첫 번째 커뮤니케이션 능력 두 번째 어학 능력 세 번째 협업 능력입니다. 첫 번째 의사소통 능력은 사람들과 대화할 때에 있어서 굉장히 중요한 역량입니다. 다른 사람들과 다양한 이야기를 통해 내가 설득해야 할 때가 있고 잘 들어주고 그거에 대해서 문제점을 지적하거나 어떠한 우려스러운 부분을 설명해야 될 때도 있습니다. 다양한 사람들을 만나고 그 사람들에게 판매 혹은 그 사람들에게 구매를 요청할 경우에는 굉장히 중요한 역량입니다. 이 의사소통을 하기 위해서는 어학 능력이 필수적입니다. 우리 회사 같은 경우에는 해외에 있는 다양한 바이어들과 업무를 협업하고 소통하면서 다양한 물건을 판매를 하고 그것의 구매를 독려하기 때문입니다. 마지막으로 협업입니다. 이 일에 있어서 제가 제 역량을 마음껏 뽐내기 위해서는 업무에 대한 숙지와 충분히 이것을 이해하고 적응할 기간이 필요합니다. 그 시간 동안 저에 대해서 굉장히 잘 알려주고 저도 굉장히 잘 따르면서 배울 수 있는 그런 조직에 있어서 협업을 배우고 다양한 경험을 통해서 배워왔던 저의 조직만의 노하우 저의 협업할 수 있는 능력 등을 같이 접목시켜서 잘 수행해 낼 수 있도록 하겠습니다. 이상입니다.","wordCount":160},"emotion":[],"intent":[{"text":"","expression":"","category":"attitude"}],"summary":{"text":"저는 해외에 있는 다양한 바이어들과 업무를 협업하고 소통하면서 다양한 물건을 판매하고 그것의 구매를 독려하기 위해서 어학 능력이 필수적입니다. 그리고 이 일에 있어서 업무에 대한 숙지와 충분히 이것을 이해하고 적응할 기간이 필요합니다. 그 시간 동안 저에 대해 굉장히 잘 알려주고 배울 수 있는 조직에 있어서 협업을 배우고 다양한 경험을 통해서 배워왔던 노하우 등을 같이 접목시켜서 잘 수행할 수 있도록 하겠습니다.","wordCount":59}}},"rawDataInfo":{"question":{"fileFormat":"wav","fileSize":441678,"duration":13800,"samplingBit":16,"channelCount":1,"samplingRate":"16kHz","audioPath":"/Mock/02.SalesMarketing/Male/New/ckmk_q_sm_m_n_252174.wav"},"answer":{"fileFormat":"wav","fileSize":3673038,"duration":114780,"samplingBit":16,"channelCount":1,"samplingRate":"16kHz","audioPath":"/Mock/02.SalesMarketing/Male/New/ckmk_a_sm_m_n_252174.wav"}}}