{"version":"1.0","dataSet":{"info":{"date":"20230116","occupation":"SM","channel":"MOCK","place":"ONLINE","gender":"MALE","ageRange":"-34","experience":"NEW"},"question":{"raw":{"text":"혹시 이전에 다니시던 직장이나 대학에서 어떤 프로젝트를 해 보셨는지 생각나시는 게 있다면 한 가지만 혹시 말씀해 보실까요","wordCount":17},"emotion":[],"intent":[]},"answer":{"raw":{"text":"이전 직장에서 저는 에스엔에스 마케팅 프로젝트를 진행했던 경험이 있습니다. 저는 이전 회사에 영업직으로 입사했습니다. 하지만 에스엔에스 마케팅 팀이 갑작스럽게 생겼고 나이가 어리고 상대적으로 에스엔에스에 대한 이해도가 높았던 제가 에스엔에스 팀을 담당하게 됐습니다. 그래서 회사에 에스엔에스에 대해 잘 아는 사람들을 선별하고 에스엔에스 마케팅 대행사와 각종 인플루언 서들을 만나면서 에스엔에스에 대한 이해도를 높였습니다. 그리고 열심히 노력한 결과 높은 조회 수와 높은 구독자를 확보하면서 에스엔에스 마케팅 프로젝트를 잘 마무리했습니다. 이 경험으로 새로운 분야라고 하더라도 배우고 노력하면 다 할 수 있다는 마음가짐을 갖게 되었습니다.","wordCount":80},"emotion":[{"text":"이전 직장에서 저는 에스엔에스 마케팅 프로젝트를 진행했던 경험이 있습니다.","expression":"u-fact","category":"neutral"},{"text":"저는 이전 회사에 영업직으로 입사했습니다.","expression":"u-fact","category":"neutral"},{"text":"하지만 에스엔에스 마케팅 팀이 갑작스럽게 생겼고 나이가 어리고 상대적으로 에스엔에스에 대한 이해도가 높았던 제가 에스엔에스 팀을 담당하게 됐습니다.","expression":"u-fact","category":"neutral"},{"text":"그리고 열심히 노력한 결과 높은 조회 수와 높은 구독자를 확보하면서 에스엔에스 마케팅 프로젝트를 잘 마무리했습니다.","expression":"u-fact","category":"neutral"}],"intent":[{"text":"","expression":"","category":"attitude"}],"summary":{"text":"저는 이전 직장에서 소셜미디어 마케팅 프로젝트를 진행했던 경험이 있습니다. 소셜미디어에 대해 잘 아는 사람들을 선별하고 마케팅 대행사와 각종 인플루언서를 만나면서 소셜미디어에 대한 이해도를 높였습니다. 이 경험으로 새로운 분야도 배워야 겠다는 마음가짐을 갖게 되었습니다.","wordCount":33}}},"rawDataInfo":{"question":{"fileFormat":"wav","fileSize":410318,"duration":12820,"samplingBit":16,"channelCount":1,"samplingRate":"16kHz","audioPath":"/Mock/02.SalesMarketing/Male/New/ckmk_q_sm_m_n_197197.wav"},"answer":{"fileFormat":"wav","fileSize":2664398,"duration":83260,"samplingBit":16,"channelCount":1,"samplingRate":"16kHz","audioPath":"/Mock/02.SalesMarketing/Male/New/ckmk_a_sm_m_n_197197.wav"}}}