{"version":"1.0","dataSet":{"info":{"date":"20230116","occupation":"SM","channel":"MOCK","place":"ONLINE","gender":"MALE","ageRange":"35-44","experience":"NEW"},"question":{"raw":{"text":"업무를 진행하다 보면 서류를 영어로 작성해야 될 일이 많습니다 그렇다면 본인은 영어로 서류를 잘 작성하실 수 있나요","wordCount":17},"emotion":[],"intent":[]},"answer":{"raw":{"text":"일을 하다 보면 영어로 서류를 작성해야 하는 경우가 발생을 합니다. 영어로서 서류를 작성할 수 있는지 질문하셨습니다. 일단 거기에 대한 답변은 네 가능합니다 라고 하겠습니다. 제가 영어를 그렇게 능수능란하게 잘하는 편은 아닙니다. 하지만 영어로 서류를 작성하는 데 있어 수많은 번역 프로그램이 이미 나와 있고 그중에서 가장 저의 내용과 잘 맞고 더 뚜렷하게 정확한 번역이 되는 프로그램을 먼저 선정을 한 다음 제가 기입하고자 하는 문구를 올바르게 번역된 문장과 함께 서류를 작성을 하면 영어로 된 서류도 아무런 문제 없이 작성이 가능하다 라고 생각을 합니다. 자신의 능력이 어느 정도인지 제가 알기에 스스로 그냥 타이핑만으로는 문서 작업은 영어로 할 수가 없는 상황입니다. 하지만 최근 워낙 많이 발전된 문명의 이기를 활용하여 어떠한 언어든 큰 문제 없이 서류로 작성을 할 수 있다는 것에 공감을 합니다. 그래서 위 질문에 대한 저의 답변은 영어로 서류 작성이 가능하다 입니다.","wordCount":129},"emotion":[],"intent":[{"text":"","expression":"","category":"attitude"}],"summary":{"text":"영어로 서류 작성이 가능한지 질문하였습니다. 네 가능하다고 하겠습니다. 번역 프로그램이 이미 나와 있고 가장 맞는 번역 프로그램을 선정하고 기입하고자 하는 문구를 올바르게 번역된 문장과 함께 서류를 작성을 하면 영어로 된 서류도 문제없이 작성이 가능합니다.","wordCount":34}}},"rawDataInfo":{"question":{"fileFormat":"wav","fileSize":497358,"duration":15540,"samplingBit":16,"channelCount":1,"samplingRate":"16kHz","audioPath":"/Mock/02.SalesMarketing/Male/New/ckmk_q_sm_m_n_231096.wav"},"answer":{"fileFormat":"wav","fileSize":3829198,"duration":119660,"samplingBit":16,"channelCount":1,"samplingRate":"16kHz","audioPath":"/Mock/02.SalesMarketing/Male/New/ckmk_a_sm_m_n_231096.wav"}}}