{"version":"1.0","dataSet":{"info":{"date":"20230116","occupation":"SM","channel":"MOCK","place":"ONLINE","gender":"MALE","ageRange":"-34","experience":"NEW"},"question":{"raw":{"text":"다른 계열사도 많이 있습니다 그러나 해당 계열사에 지원자님이 지원해 주신 특별한 이유가 있으실까요 그 특별한 이유에 대해서 궁금합니다","wordCount":18},"emotion":[],"intent":[]},"answer":{"raw":{"text":"맞습니다 이쪽 업계에서는 굉장히 다른 계열사도 많습니다. 제가 우리 회사에 지원한 이유 저희는 공공이 이용하는 물건에 대해서 개발을 하고 생산을 해서 영업을 하고 판매를 합니다. 저희는 철도 쪽에서 어떻게 보면 시민들의 발이 되어 줄 수 있는 지하철 분야에 대해서 저희가 안전용품을 생산을 하죠. 어떻게 보면 내 친구가 내 가족이 내 이웃 사촌이 항상 이용하는 지하철에 부품을 저희가 실험하고 기획하고 개발하고 판매해서 시공이 되기까지 굉장히 많은 뿌듯함을 느끼게 하는 부분이 많습니다. 어떻게 보면은 눈에 보이지 않는 부분입니다. 레일과 관련된 부품들인데 이것은 가장 중요한 부분 중 하나입니다. 지하철이 탈선하지 않게 지하철이 흔들리지 않게 진동이 덜하게 이러기 위해서 설계하는 것은 굉장히 어려운 방법이고 또한 승객들의 안전까지 책임져야 하는 것이 굉장히 중요합니다. 어떻게 보면 우리나라의 기반 사업 중 굉장히 무거운 분야고 이에 대해 책임감을 느끼고 싶어서 저는 이쪽에서 영업을 하고 싶다고 생각이 들었습니다.","wordCount":129},"emotion":[],"intent":[{"text":"","expression":"","category":"attitude"}],"summary":{"text":"레일과 관련된 부품들은 가장 중요한 부분 중 하나입니다. 지하철이 탈선하지 않도록 설계하는 것은 굉장히 어려운 방법이고 승객들의 안전까지 책임져야 하는 것이 굉장히 중요합니다. 어떻게 보면 우리나라의 기반 사업 중 굉장히 무거운 분야이고 이에 대해 책임감을 느끼고 싶어서 저는 이쪽에서 영업을 하고 싶다고 생각이 들었습니다.","wordCount":44}}},"rawDataInfo":{"question":{"fileFormat":"wav","fileSize":593358,"duration":18540,"samplingBit":16,"channelCount":1,"samplingRate":"16kHz","audioPath":"/Mock/02.SalesMarketing/Male/New/ckmk_q_sm_m_n_189109.wav"},"answer":{"fileFormat":"wav","fileSize":2796878,"duration":87400,"samplingBit":16,"channelCount":1,"samplingRate":"16kHz","audioPath":"/Mock/02.SalesMarketing/Male/New/ckmk_a_sm_m_n_189109.wav"}}}