{"version":"1.0","dataSet":{"info":{"date":"20230116","occupation":"SM","channel":"MOCK","place":"ONLINE","gender":"MALE","ageRange":"-34","experience":"NEW"},"question":{"raw":{"text":"해외 영업할 때 담당하고 싶은 국가가 있으면 말씀해 주세요","wordCount":9},"emotion":[],"intent":[]},"answer":{"raw":{"text":"해외 영업을 간다면 제가 가고 싶은 나라는 바로 미국입니다. 왜냐하면 미국은 명실상부 세계 초강대국으로 세계에서 가장 거대한 시장을 가지고 있기 때문입니다. 그래서 미국 시장에 진출해서 일을 한다면 제가 커리어적으로 큰 도움이 될 꺼 같습니다. 다음 이유는 미국 시장에 진출해서 어느 정도 인정을 받게 되면 남미 유럽 아프리카 등 전 세계 어디서든 살아남을 수 있다는 증명이 되는 것이라 생각합니다. 이렇게 미국 진출을 발판 삼아 다른 나라로 진출해서 다시 한 번 영업을 해보고 싶습니다. 세 번째 이유는 미국에 저에 삼촌이 있기 때문인데요. 아무래도 해외에서 일을 하다 보면 외롭고 힘든 경우가 있습니다. 그래서 저의 친척이 한 명이라도 있는 미국에서 일하게 된다면 그런 외로움 없이 일에 집중할 수 있을 꺼 같습니다.","wordCount":107},"emotion":[],"intent":[{"text":"","expression":"","category":"attitude"}],"summary":{"text":"세계 초강대국인 미국 시장에 진출해서 일을 한다면 커리어적으로 큰 도움이 될 꺼 같습니다. 또 미국 진출을 발판 삼아 다른 나라로 진출해서 다시 한 번 영업을 해보고 싶습니다. 미국에 친척이 한 명이라도 있기 때문에 외로움 없이 일에 집중 할 수 있습니다.","wordCount":40}}},"rawDataInfo":{"question":{"fileFormat":"wav","fileSize":258638,"duration":8080,"samplingBit":16,"channelCount":1,"samplingRate":"16kHz","audioPath":"/Mock/02.SalesMarketing/Male/New/ckmk_q_sm_m_n_190888.wav"},"answer":{"fileFormat":"wav","fileSize":2845518,"duration":88920,"samplingBit":16,"channelCount":1,"samplingRate":"16kHz","audioPath":"/Mock/02.SalesMarketing/Male/New/ckmk_a_sm_m_n_190888.wav"}}}