{"version":"1.0","dataSet":{"info":{"date":"20230116","occupation":"SM","channel":"MOCK","place":"ONLINE","gender":"MALE","ageRange":"-34","experience":"NEW"},"question":{"raw":{"text":"기차가 운행을 하고 있는데 갑자기 산사태로 한 시간 동안 정차가 되었다고 합니다 이 경우에 관리 책임의 위치에 있다면 어떻게 조치를 하실 건지 말씀해 주세요","wordCount":24},"emotion":[],"intent":[]},"answer":{"raw":{"text":"방금 주신 질문은 저에 실제 경험입니다. 저는 이 회사에 지원하기 전에 지하철을 운행했었습니다. 지하철 기관사로 일했었습니다. 일 호선 일 호선으로 제가 의정부에서 소요산으로 가고 있던 중이었습니다. 그런데 의정부를 다 빠져나올 때쯤 양주에서 어디에서 큰 산사태가 나서 길이 막혔습니다. 길이 막혔다는 소식을 듣고 저는 당연히 기차를 정차시켰습니다. 그런데 손님들은 왜 출발하지 않나며 왜 출발하지 않느냐며 저에게 항의를 했습니다. 저는 지금 산사태가 일어나서 더 이상 갈 수 없다고 설득을 드렸지만 그것은 먹히지 않았습니다. 손님들은 결국 기차에서 내리신 후에 기차 지하철 공사에 항의 메일을 넣게 되었고 그 항의 메일에 결과로 저는 일 차리 일자리를 잃게 되었습니다.","wordCount":93},"emotion":[{"text":"저는 이 회사에 지원하기 전에 지하철을 운행했었습니다.","expression":"u-fact","category":"neutral"},{"text":"지하철 기관사로 일했었습니다.","expression":"u-fact","category":"neutral"}],"intent":[{"text":"","expression":"","category":"attitude"}],"summary":{"text":"이 회사에 지원하기 전 지하철 기관사로 일했었습니다. 그런데 양주에서 큰 산사태가 나서 길이 막혔는데 손님들은 왜 출발하지 않느냐며 항의했습니다. 설득했지만 소용이 없었고 손님들은 기차 지하철 공사에 항의 메일을 넣어 일자리를 잃었습니다.","wordCount":31}}},"rawDataInfo":{"question":{"fileFormat":"wav","fileSize":652878,"duration":20400,"samplingBit":16,"channelCount":1,"samplingRate":"16kHz","audioPath":"/Mock/02.SalesMarketing/Male/New/ckmk_q_sm_m_n_194497.wav"},"answer":{"fileFormat":"wav","fileSize":2454478,"duration":76700,"samplingBit":16,"channelCount":1,"samplingRate":"16kHz","audioPath":"/Mock/02.SalesMarketing/Male/New/ckmk_a_sm_m_n_194497.wav"}}}