{"version":"1.0","dataSet":{"info":{"date":"20230116","occupation":"SM","channel":"MOCK","place":"ONLINE","gender":"MALE","ageRange":"35-44","experience":"NEW"},"question":{"raw":{"text":"혹시 지원자님께서는 이전 직장을 그만둔 특별한 이유가 있으십니까 그리고 현 직장도 같은 이유로 그만둘 가능성이 있을지 궁금한데요 말씀해 주시기 바랍니다","wordCount":20},"emotion":[],"intent":[]},"answer":{"raw":{"text":"이전 직장을 그만둔 특별한 이유와 현 직장도 같은 이유로 그만둘 가능성이 있는지 궁금해 하셨습니다. 이전 직장을 그만두게 된 특별한 이유는 함께 일하는 팀원들과의 호흡이 전혀 맞지 않아서 직장을 그만두게 되었습니다. 호흡을 맞추기 위해서 많이 노력도 하였고 저는 저에게 주어진 임무는 숭시 성 어 성실히 수행을 하였음에도 전혀 발전 가능성이 없어 진척이 없고 계속되는 마찰로 인해 를 그만둘 수밖에 없었던 사정이 생겼습니다. 하지만 현 직장에서는 팀웍이 중요한 일이 아니고 제 스스로만 맡은 바 임무만 잘 수행하면 되는 직업이기에 이전의 직장과 같은 이유로 퇴사할 가능성은 없습니다. 그 이유는 앞서 말씀드렸던 이전 직장에서 그만둔 이유와 현 직장에서 그 이유가 발생을 할 가능성이 없기 때문입니다.","wordCount":101},"emotion":[{"text":"호흡을 맞추기 위해서 많이 노력도 하였고 저는 저에게 주어진 임무는 숭시 성 어 성실히 수행을 하였음에도 전혀 발전 가능성이 없어 진척이 없고 계속되는 마찰로 인해 를 그만둘 수밖에 없었던 사정이 생겼습니다.","expression":"n-distress","category":"negative"}],"intent":[{"text":"","expression":"","category":"attitude"}],"summary":{"text":"이전 직장은 함께 일하는 팀원들과의 호흡이 맞지 않아 그만두게 되었는데, 현 직장은 제 스스로만 맡은 바 임무만 잘 수행하면 되는 직업이기에 이전의 직장과 같은 이유로 퇴사할 가능성은 없습니다.","wordCount":28}}},"rawDataInfo":{"question":{"fileFormat":"wav","fileSize":606158,"duration":18940,"samplingBit":16,"channelCount":1,"samplingRate":"16kHz","audioPath":"/Mock/02.SalesMarketing/Male/New/ckmk_q_sm_m_n_231098.wav"},"answer":{"fileFormat":"wav","fileSize":3225998,"duration":100810,"samplingBit":16,"channelCount":1,"samplingRate":"16kHz","audioPath":"/Mock/02.SalesMarketing/Male/New/ckmk_a_sm_m_n_231098.wav"}}}