{"version":"1.0","dataSet":{"info":{"date":"20230116","occupation":"SM","channel":"MOCK","place":"ONLINE","gender":"MALE","ageRange":"-34","experience":"NEW"},"question":{"raw":{"text":"지금 공부하고 있는 분야는 무엇인가요 지원자님은 왜 그것을 공부하고 있나요 또한 지금까지 무엇을 배웠는지도 함께 말씀 부탁드립니다","wordCount":17},"emotion":[],"intent":[]},"answer":{"raw":{"text":"제가 지금 공부하고 있는 분야는 바로 시사 상식입니다. 제가 시사 상식을 공부하는 이유는 바로 새로운 사람들과 만나서 대화할 때 쉽게 공감대를 형성하고 친해지기 위해섭니다. 우리는 새로운 사람을 만나 대화할 때 공통점을 찾아 공감대를 형성하는 것이 중요하다는 것은 누구나 알고 있습니다. 하지만 실천하기가 어려운데요. 이런 상황에서 최근에 시사 관련 이야기를 하면서 쉽게 친해질 수 있습니다. 예를 들면 주식이나 재테크를 좋아하는 사람에게는 주식이나 재테크와 관련된 최근의 이슈들을 이야기하고 스포츠를 좋아하는 사람한테는 스포츠 이야기를 하고 정치에 관심 있는 사람에겐 정치 관련 토론을 즐길 수도 있습니다. 이런 이유들로 저는 시사 공부를 열심히 하고 있습니다. 시사 공부를 하면서 최근 문제가 되고 있는 환율 문제나 각종 정치 문제에 대해서 아주 많이 배우고 공부했습니다.","wordCount":107},"emotion":[],"intent":[{"text":"","expression":"","category":"attitude"}],"summary":{"text":"저는 새로운 사람과 만나 대화할 때 공감대를 형성하고 친해지기 위해 시사 상식을 공부하고 있습니다. 최근 문제가 되고 있는 환율 문제나 각종 정치 문제에 대해서 아주 많이 배우고 공부했습니다.","wordCount":28}}},"rawDataInfo":{"question":{"fileFormat":"wav","fileSize":618318,"duration":19320,"samplingBit":16,"channelCount":1,"samplingRate":"16kHz","audioPath":"/Mock/02.SalesMarketing/Male/New/ckmk_q_sm_m_n_190891.wav"},"answer":{"fileFormat":"wav","fileSize":2656078,"duration":83000,"samplingBit":16,"channelCount":1,"samplingRate":"16kHz","audioPath":"/Mock/02.SalesMarketing/Male/New/ckmk_a_sm_m_n_190891.wav"}}}