{"version":"1.0","dataSet":{"info":{"date":"20230116","occupation":"SM","channel":"MOCK","place":"ONLINE","gender":"MALE","ageRange":"-34","experience":"NEW"},"question":{"raw":{"text":"네 오늘 면접을 준비하시느라고 고생을 좀 많이 하셨을 거라고 생각이 돼요 어떤 방식으로 우리 면접을 좀 준비를 하셨는지 어 지원자님께서 그 면접 준비하신 방법 말씀을 바랍니다","wordCount":26},"emotion":[],"intent":[]},"answer":{"raw":{"text":"저는 면접 준비를 하면서 크게 두 가지에 대해서 생각합니다. 첫 번째는 이 회사에 대해서 알아봅니다. 이 회사가 어떻게 창립되었고 어떤 난관이 있었고 또 어떤 전성기를 누렸으며 지금은 어떤 일에 집중하고 있는가 이런 것들을 과거 신문 기사나 최근의 뉴스 혹은 재무제표 등을 살피면서 파악합니다. 두 번째는 바로 저에 대해서 알아봅니다. 저의 어린 시절부터 지금까지 저의 가치관 형성에 큰 영향을 끼쳤던 일이 무엇이었는지 또 최근에 제가 집중하고 있는 일이 무엇인지 제가 가진 역량은 무엇이고 제가 못하는 것이 무엇인지 이런 것들을 파악하면서 저와 이 회사가 잘 맞는지 제가 이 회사에서 어떤 것을 기여할 수 있는지 이런 것들을 판단하고 고민합니다. 그래서 솔직한 제 자신을 보여드리는 것을 매우 중요하게 생각하고 있습니다.","wordCount":106},"emotion":[],"intent":[{"text":"","expression":"","category":"attitude"}],"summary":{"text":"저는 면접 준비를 하면서 이 회사에 대해 과거 신문 기사나 최근의 뉴스 혹은 재무제표 등을 살피고, 저는 어린 시절부터 지금까지 가치관 형성에 큰 영향을 끼쳤던 일, 집중하고 있는 일 그리고 자신이 가진 역량과 잘하는 것들을 파악하며 솔직한 제 자신을 보여주는 것을 중요하게 생각합니다.","wordCount":43}}},"rawDataInfo":{"question":{"fileFormat":"wav","fileSize":616398,"duration":19260,"samplingBit":16,"channelCount":1,"samplingRate":"16kHz","audioPath":"/Mock/02.SalesMarketing/Male/New/ckmk_q_sm_m_n_180469.wav"},"answer":{"fileFormat":"wav","fileSize":2824078,"duration":88250,"samplingBit":16,"channelCount":1,"samplingRate":"16kHz","audioPath":"/Mock/02.SalesMarketing/Male/New/ckmk_a_sm_m_n_180469.wav"}}}