{"version":"1.0","dataSet":{"info":{"date":"20230116","occupation":"SM","channel":"MOCK","place":"ONLINE","gender":"MALE","ageRange":"-34","experience":"NEW"},"question":{"raw":{"text":"술을 마시다 보면 진상들이 있기 마련인데요 만일 고객사가 술을 먹고 진상을 부린다면 지원자님께서는 어떻게 하실 것인지 말씀해 주세요 그리고 그 방식을 택한 이유를 함께 말씀해 주시기 바랍니다","wordCount":27},"emotion":[],"intent":[]},"answer":{"raw":{"text":"저는 고객사와의 회식 중 고객사가 술 먹고 진상을 부린다면 그 고객사와 거래를 중단하겠습니다. 제가 이렇게 말씀드리면 다소 극단적인 것이 아닌가 이렇게 생각하실 수도 있습니다. 하지만 저는 비즈니스에서 술을 통제하지 못하는 회사는 살아남을 수 없다고 생각합니다. 따라서 이 고객사를 잃는 것이 당장은 손해처럼 보이겠지만 장기적으로 봤을 때는 추락하는 배에서 탈출하는 것처럼 이렇게 몰락할 것이 분명한 고객사와 일을 하지 않는 것은 결국 우리의 이득이라고 생각합니다. 왜냐하면 업계는 냉정하고 이렇게 몰상식한 기업은 살아남지 못하는 것이 순리이기 때문입니다.","wordCount":74},"emotion":[],"intent":[{"text":"","expression":"","category":"attitude"}],"summary":{"text":"비즈니스에서 술을 통제하지 못하는 회사는 살아남을 수 없습니다. 따라서 고객사와 일을 하지 않는 것이 결국 우리의 이득입니다. 왜냐하면 업계는 냉정하고 몰상식한 기업은 살아남지 못하는 것이 순리이기 때문입니다.","wordCount":27}}},"rawDataInfo":{"question":{"fileFormat":"wav","fileSize":598478,"duration":18700,"samplingBit":16,"channelCount":1,"samplingRate":"16kHz","audioPath":"/Mock/02.SalesMarketing/Male/New/ckmk_q_sm_m_n_203938.wav"},"answer":{"fileFormat":"wav","fileSize":2744718,"duration":85770,"samplingBit":16,"channelCount":1,"samplingRate":"16kHz","audioPath":"/Mock/02.SalesMarketing/Male/New/ckmk_a_sm_m_n_203938.wav"}}}