{"version":"1.0","dataSet":{"info":{"date":"20230116","occupation":"SM","channel":"MOCK","place":"ONLINE","gender":"MALE","ageRange":"35-44","experience":"NEW"},"question":{"raw":{"text":"지원자님께서는 이전 경력을 봤을 때 이직을 좀 많이 하셨는데요 혹시 이전 직장 퇴사한 것을 후회하신 적은 없으신가요 후회한 적이 있다면 왜 후회하였는지 좀 말씀해 주세요","wordCount":25},"emotion":[],"intent":[]},"answer":{"raw":{"text":"이전 직장에서 퇴사한 후에 퇴사한 것을 후회를 한 적은 없는지 만약 있다면 왜 후회를 하는지도 궁금해하셨습니다. 이전 직장은 제가 아주 오랫동안 장기간 근무를 해왔던 곳입니다. 몇 년 그리고 아주 능숙하게 업무 처리를 할 수 있을 정도의 경지까지 올라갔었던 어떻게 보면 제 삶에서 가장 오래 근무했고 가장 잘 했던 일 중의 하나였습니다. 장기적으로 미래를 내다보고 발전 가능성 등을 모두 염두에 두고 지금 이 직장으로 이전을 하였으나 후회하는 부분도 없다 고 할 수는 없습니다. 왜 후회를 하느냐 하는 부분에서는 지금의 일보다 더 능수능란하게 이전 직장에서의 근무가 저에게는 적응이 너무 잘 되어 있어서 지금의 새로운 직장에 적응을 하고 있는 과정이니 적응된 곳이 더 어떻게 보면 저에게 유리한 곳이라고 할 수도 있습니다. 하지만 후회는 하지만 앞으로의 또 더 나아질 이후 미래를 지향하면서 지금 이 직장으로 옮겨오게 된 것입니다.","wordCount":124},"emotion":[],"intent":[{"text":"","expression":"","category":"attitude"}],"summary":{"text":"이전 직장은 제 삶에서 가장 오래 근무했고 가장 잘 했던 일 중의 하나이지만, 장기적으로 내다보고 발전 가능성 등을 염두에 두고 지금 이 직장으로 이전을 하였으나 후회하는 부분도 없다 고 할 수 없고, 후회는 하지만 앞으로의 또 더 나아질 이후 미래를 지향하면서 여기 오게 된 것입니다.","wordCount":45}}},"rawDataInfo":{"question":{"fileFormat":"wav","fileSize":632398,"duration":19760,"samplingBit":16,"channelCount":1,"samplingRate":"16kHz","audioPath":"/Mock/02.SalesMarketing/Male/New/ckmk_q_sm_m_n_230945.wav"},"answer":{"fileFormat":"wav","fileSize":3710158,"duration":115940,"samplingBit":16,"channelCount":1,"samplingRate":"16kHz","audioPath":"/Mock/02.SalesMarketing/Male/New/ckmk_a_sm_m_n_230945.wav"}}}