{"version":"1.0","dataSet":{"info":{"date":"20230116","occupation":"SM","channel":"MOCK","place":"ONLINE","gender":"MALE","ageRange":"-34","experience":"NEW"},"question":{"raw":{"text":"만약 지원자님께서 이 직무를 지원하셨는데 어 차후에 이 직무가 아닌 다른 부서에 배치가 되실 수도 있습니다 그렇게 된다면 어떻게 대처를 하시겠습니까","wordCount":21},"emotion":[],"intent":[]},"answer":{"raw":{"text":"만약 제가 지금 지원한 이 직무가 아닌 다른 부서에 배치되게 된다면 우선은 배운다는 마음가짐으로 누구보다 열심히 하겠습니다. 왜냐하면 저를 다른 부서에 배치시킨 직장 상사나 인사 팀이 저의 역량과 적성을 고려해서 다른 부서로 배치시켰다고 생각하기 때문입니다. 그래서 열심히 해보겠습니다. 또한 다른 직무에서 열심히 일하는 것도 제가 영업 직무로 돌아와서 활용할 수 있는 큰 자산을 얻는 것이기 때문에 우선은 열심히 배우고 노력하겠습니다. 하지만 시간이 지난 후에도 영업 직무로 돌아올 수 없다면 그때는 인사 담당자와 상담을 통해 다시 돌아오거나 그러지 못하면 퇴사하겠다고 이야기할 거 같습니다. 왜냐하면 저의 꿈은 영업 쪽에서 커리어를 쌓는 것이기 때문입니다.","wordCount":91},"emotion":[],"intent":[{"text":"","expression":"","category":"attitude"}],"summary":{"text":"저는 영업 직무로 복귀하여 활용할 수 있는 큰 자산을 얻기 위해 열심히 배우고 노력하겠습니다. 하지만 시간이 지난 후에도영업 직무로 돌아올 수 없다면 인사 담당자와 상담을 통해 다시 돌아오거나 그렇지 못하면 퇴사하겠다고 말할 것 같습니다.","wordCount":34}}},"rawDataInfo":{"question":{"fileFormat":"wav","fileSize":535758,"duration":16740,"samplingBit":16,"channelCount":1,"samplingRate":"16kHz","audioPath":"/Mock/02.SalesMarketing/Male/New/ckmk_q_sm_m_n_197113.wav"},"answer":{"fileFormat":"wav","fileSize":2689998,"duration":84060,"samplingBit":16,"channelCount":1,"samplingRate":"16kHz","audioPath":"/Mock/02.SalesMarketing/Male/New/ckmk_a_sm_m_n_197113.wav"}}}