{"version":"1.0","dataSet":{"info":{"date":"20230116","occupation":"SM","channel":"MOCK","place":"ONLINE","gender":"MALE","ageRange":"-34","experience":"NEW"},"question":{"raw":{"text":"지금까지 인생을 살아오면서 가장 힘들었던 경험은 무엇인가요 그리고 그것을 어떻게 극복을 하셨는지 함께 말씀해 주시기 바랍니다","wordCount":16},"emotion":[],"intent":[]},"answer":{"raw":{"text":"제가 지금까지 살아오면서 가장 힘들었던 경험은 바로 이전 직장을 그만둔 것입니다. 이전 직장은 또래에 비해서 높은 연봉과 남들이 다 아는 브랜드 인지도를 가진 대기업이었습니다. 하지만 저는 이 회사의 기업 문화에 대해서 굉장히 실망했는데요. 후배가 선배에게 백만 원치 밥을 사주는 문화 혹은 주에서 삼 회 이상 회식을 해야 하는 문화 술을 거절하지 못하는 문화 이런 다양한 문화들 그리고 악습들이 남아 있었습니다. 그래서 저는 고민 끝에 직장을 그만두었습니다. 많은 사람들이 말렸고 많은 사람들이 저를 비난했지만 저는 그만두었습니다. 그러면서 저의 꿈을 찾기 위해 이 자리까지 왔습니다.","wordCount":83},"emotion":[],"intent":[{"text":"","expression":"","category":"attitude"}],"summary":{"text":"이전 직장은 대기업 이었지만 기업 문화에 대해 실망했고 악습들이 남아있었기에 고민 끝에 그만두었습니다. 많은 사람들이 말렸고 비난했지만 저는 그만두면서 저의 꿈을 찾기 위해 이 자리까지 왔습니다.","wordCount":26}}},"rawDataInfo":{"question":{"fileFormat":"wav","fileSize":465998,"duration":14560,"samplingBit":16,"channelCount":1,"samplingRate":"16kHz","audioPath":"/Mock/02.SalesMarketing/Male/New/ckmk_q_sm_m_n_196791.wav"},"answer":{"fileFormat":"wav","fileSize":2488398,"duration":77760,"samplingBit":16,"channelCount":1,"samplingRate":"16kHz","audioPath":"/Mock/02.SalesMarketing/Male/New/ckmk_a_sm_m_n_196791.wav"}}}