{"version":"1.0","dataSet":{"info":{"date":"20230116","occupation":"SM","channel":"MOCK","place":"ONLINE","gender":"MALE","ageRange":"-34","experience":"NEW"},"question":{"raw":{"text":"쓰리디 티비가 이슈인데 기술적인 부분에서 중요하다고 생각하는 점과 소비자의 관점에서 면접자 본인의 생각을 말해주세요","wordCount":14},"emotion":[],"intent":[]},"answer":{"raw":{"text":"블루투스 기능을 지원하는지 또 블루투스 기능을 지원하더라도 그것이 뛰어난 통신 상태에 블루투스 기능을 지원하고 있는지를 꼭 확인해야 한다고 생각을 합니다. 왜냐면 우리는 요즘 넘쳐나는 오티티 시대에 살고 있습니다. 케이블 방송으로만 티비에 연결돼 있는 그런 유선 방송만 우리는 시청 시청하지 않습니다. 핸드폰을 통해서 여러 오티티 넷플릭스 유튜브 우리나라 토종 오티티인 티빙 웨이브 디즈니 방송 네이버 방송 수많은 오티티를 보고 있습니다. 볼 수 있는 통로가 다양해졌기 때문에 우리는 핸드폰으로만 화면을 보지 않고 핸드폰을 통해서 큰 화면으로 쓰리디 티비로 그것을 관람하고 싶어 합니다. 그 욕구가 쓰리디 티비가 나오게 된 또 하나의 트렌드라고 생각을 합니다. 그런데 핸드폰과 티비가 통신이 원활하지 않다면 우리가 볼 수 있는 것은 한정될 수밖에 없습니다. 유선 티비만 보고 유선은 살 수가 없습니다.","wordCount":112},"emotion":[],"intent":[{"text":"","expression":"","category":"attitude"}],"summary":{"text":"오티티 시대에 살고 있기 때문에 우리는 핸드폰으로만 화면을 보지 않고 큰 화면의 쓰리디 티비로 그것을 관람하고 싶어 합니다. 그런데 핸드폰과 티비가 통신이 원활하지 않다면 우리가 볼 수 있는 것은 한정될 수밖에 없습니다.","wordCount":32}}},"rawDataInfo":{"question":{"fileFormat":"wav","fileSize":361358,"duration":11290,"samplingBit":16,"channelCount":1,"samplingRate":"16kHz","audioPath":"/Mock/02.SalesMarketing/Male/New/ckmk_q_sm_m_n_194500.wav"},"answer":{"fileFormat":"wav","fileSize":2691598,"duration":84110,"samplingBit":16,"channelCount":1,"samplingRate":"16kHz","audioPath":"/Mock/02.SalesMarketing/Male/New/ckmk_a_sm_m_n_194500.wav"}}}