{"version":"1.0","dataSet":{"info":{"date":"20230116","occupation":"SM","channel":"MOCK","place":"ONLINE","gender":"MALE","ageRange":"-34","experience":"NEW"},"question":{"raw":{"text":"일을 하면서 가장 어려울 것으로 예상되는 것은 무엇인가요 그리고 그것에 대해 어떻게 대처할 생각이신지도 궁금합니다","wordCount":15},"emotion":[],"intent":[]},"answer":{"raw":{"text":"일을 하면서 가장 어려울 것으로 예상되는 것은 바로 열심히 하지 않는 동료를 만나는 것입니다. 일을 하다 보면 정말 많은 사람들을 만나게 되는데요 그 중 가장 난감한 존재가 열심히 일하지 않는 동료입니다. 그 사람들은 자신들이 적당히 해도 어느 정도의 성과와 금전적인 보상이 있기 때문에 동기 부여를 완전히 잃은 상태입니다. 이럴 때는 그 사람들에게 분명하게 역할을 지시하고 책임 소재를 명확하게 하는 것이 효과적인 방식입니다. 그래서 그 사람들이 자신의 본분을 다 하지 않으면 그 사람들의 책임으로 결과가 나빠지게 되는 거면 그 사람들은 누구보다 열심히 하는 그런 성향을 가지고 있습니다. 이처럼 정말 협업을 하면서 열심히 하지 않는 동료를 만난다면 책임 소재를 명확히 하면서 그 사람들에게 동기 부여를 심어주면서 대처하는 것이 가장 현명하면서 쉬운 방법입니다.","wordCount":110},"emotion":[],"intent":[{"text":"","expression":"","category":"attitude"}],"summary":{"text":"열심히 일하지 않는 동료를 만날 경우 책임 소재를 명확히 하면서 그들에게 동기 부여를 심어주면서 대처하는 것이 가장 현명하면서 쉬운 방법입니다.","wordCount":20}}},"rawDataInfo":{"question":{"fileFormat":"wav","fileSize":333518,"duration":10420,"samplingBit":16,"channelCount":1,"samplingRate":"16kHz","audioPath":"/Mock/02.SalesMarketing/Male/New/ckmk_q_sm_m_n_191010.wav"},"answer":{"fileFormat":"wav","fileSize":2761678,"duration":86300,"samplingBit":16,"channelCount":1,"samplingRate":"16kHz","audioPath":"/Mock/02.SalesMarketing/Male/New/ckmk_a_sm_m_n_191010.wav"}}}