{"version":"1.0","dataSet":{"info":{"date":"20230116","occupation":"SM","channel":"MOCK","place":"ONLINE","gender":"MALE","ageRange":"-34","experience":"NEW"},"question":{"raw":{"text":"지원자님께서 만약 이직을 생각하는 동료를 만나게 된다면 지원자님께서는 뭐라고 말씀하실 생각이십니까 왜 그렇게 말씀하실지도 함께 설명해 주시기 바랍니다","wordCount":18},"emotion":[],"intent":[]},"answer":{"raw":{"text":"영업사원들은 이직을 많이 하는 것으로 알고 있습니다. 그만큼 고객들을 만나서 제품이나 서비스를 판매하는 게 힘들기도 하고 많은 사람들을 만나다 보면 기운이 빠지는 것도 사실이기 때문입니다. 하지만 우리 보험 업무에 대해서는 그 가치를 다시 한번 생각해볼 필요가 있다고 알려줄 거 같습니다. 보험이라는 것은 싫어하는 사람은 있어도 필요하지 않는 사람은 없다 라는 말이 있습니다. 그만큼 보험이라는 것은 누구에게나 필요한 일입니다. 물론 영업 사원들에게 보험을 판매하는 것이 힘들 수 있지만 누군가에게 도움이 된다 라는 보험에 장점과 그리고 가치에 대해서 다시 한번 알려준다면 이직을 하는 동료를 조금 말릴 수 있지 않을까 라고 생각해 보았습니다.","wordCount":90},"emotion":[],"intent":[{"text":"","expression":"","category":"attitude"}],"summary":{"text":"영업사원들에게 보험 판매는 힘들지만 누군가에게 도움이 된다는 보험의 장점과 가치에 대해 알려준다면 이직을 하는 동료를 조금 말릴 수 있지 않을까 라는 생각을 해 보았습니다.","wordCount":24}}},"rawDataInfo":{"question":{"fileFormat":"wav","fileSize":655438,"duration":20480,"samplingBit":16,"channelCount":1,"samplingRate":"16kHz","audioPath":"/Mock/02.SalesMarketing/Male/New/ckmk_q_sm_m_n_227788.wav"},"answer":{"fileFormat":"wav","fileSize":2275278,"duration":71100,"samplingBit":16,"channelCount":1,"samplingRate":"16kHz","audioPath":"/Mock/02.SalesMarketing/Male/New/ckmk_a_sm_m_n_227788.wav"}}}