{"version":"1.0","dataSet":{"info":{"date":"20230116","occupation":"SM","channel":"MOCK","place":"ONLINE","gender":"MALE","ageRange":"35-44","experience":"NEW"},"question":{"raw":{"text":"업무를 할 때 분쟁이 발생할 때를 대비한 지원자님만의 대처법이 있으신가요 있다면 그 대처법이 무엇인지 상세하게 설명 부탁드리겠습니다","wordCount":17},"emotion":[],"intent":[]},"answer":{"raw":{"text":"업무 시 분쟁이 발생할 때를 대비한 저만의 대처법이 있는지 있다면 무엇인지 궁금합니다. 업무 시 발생하는 분쟁은 대부분 의사소통에서 발생을 하게 하거나 또는 협업을 통해 근무를 진행하는 과정에서 발생을 하게 됩니다. 첫 번째 의사소통 그 부분에서는 사전에 분쟁이 발생하지 않도록 돈독하게 서로를 격려해주고 위로해주고 또 보살펴주고 존중해주는 그런 마인드를 가질 필요성이 있다고 생각을 합니다. 그래서 저는 사전에 같이 관계해서 근무를 해야 하는 사람과 아주 각별히 가까운 사이가 되도록 최선을 다하는 것이 미리 분쟁을 예방할 수 있는 좋은 대처법이 아닌가 생각을 합니다. 그 사람의 마음을 얻고 나면 그다음 제 마음을 이 사람에게 또 알릴 수 있는 그러한 이심전심이 절실히 필요하지 않나 생각합니다.","wordCount":100},"emotion":[],"intent":[{"text":"","expression":"","category":"attitude"}],"summary":{"text":" 의사소통에서 발생하게 하거나 협업을 통해 근무를 진행하는 과정에서 발생합니다. 첫 번째 의사소통에서는 사전에 분쟁이 발생하지 않도록 서로 보살펴주고 존중해주는 마인드가 필요하다고 생각합니다.","wordCount":22}}},"rawDataInfo":{"question":{"fileFormat":"wav","fileSize":416078,"duration":13000,"samplingBit":16,"channelCount":1,"samplingRate":"16kHz","audioPath":"/Mock/02.SalesMarketing/Male/New/ckmk_q_sm_m_n_196818.wav"},"answer":{"fileFormat":"wav","fileSize":2933198,"duration":91660,"samplingBit":16,"channelCount":1,"samplingRate":"16kHz","audioPath":"/Mock/02.SalesMarketing/Male/New/ckmk_a_sm_m_n_196818.wav"}}}