{"version":"1.0","dataSet":{"info":{"date":"20230116","occupation":"SM","channel":"MOCK","place":"ONLINE","gender":"MALE","ageRange":"35-44","experience":"NEW"},"question":{"raw":{"text":"비투비 영업과 비투씨 영업 간의 접근 전략 상의 차이점은 무엇이라고 생각하는지 설명 부탁드리겠습니다","wordCount":13},"emotion":[],"intent":[]},"answer":{"raw":{"text":"피투비 영업은 기업 대 기업 간의 거래이기 때문에 저는 물건의 상세한 스펙과 물건의 가격이 중요하다고 생각합니다. 그중에서도 상세한 스펙이 더 중요하다고 생각합니다. 비투비는 기업 대 기업 간의 거래이기 때문에 물건의 가격보다는 상상 스펙 경쟁 상품의 보다 경쟁 상품보다 얼마나 이 물건의 품질이 뛰어난 지가 중요하다고 생각합니다. 반면 비 투씨 영업은 기업과 개인 간의 거래이 때문에 가격의 경 가격의 결정력이 경쟁적이라고 생각합니다. 가격이 얼마나 싸냐가 구매력으로 결정되 그 때 결정되기 때문에 가격을 저렴하게 낮추는 것이 중요하다고 생각합니다.","wordCount":76},"emotion":[],"intent":[{"text":"","expression":"","category":"attitude"}],"summary":{"text":"비투비 영업은 기업 대 기업 간의 거래이기 때문에 상품의 상세한 스펙과 물건의 가격이 중요합니다. 비투비는 가격의 경 가격의 결정력이 경쟁적이며, 가격을 저렴하게 낮추는 것이 중요합니다.","wordCount":25}}},"rawDataInfo":{"question":{"fileFormat":"wav","fileSize":434638,"duration":13580,"samplingBit":16,"channelCount":1,"samplingRate":"16kHz","audioPath":"/Mock/02.SalesMarketing/Male/New/ckmk_q_sm_m_n_240465.wav"},"answer":{"fileFormat":"wav","fileSize":1865038,"duration":58280,"samplingBit":16,"channelCount":1,"samplingRate":"16kHz","audioPath":"/Mock/02.SalesMarketing/Male/New/ckmk_a_sm_m_n_240465.wav"}}}