{"version":"1.0","dataSet":{"info":{"date":"20230116","occupation":"SM","channel":"MOCK","place":"ONLINE","gender":"MALE","ageRange":"35-44","experience":"NEW"},"question":{"raw":{"text":"지원자님 본인의 생각이 아닌 지원자님만의 다른 주변 사람들이 생각하는 지원자님의 단점과 장점을 모두 말씀해 보세요","wordCount":15},"emotion":[],"intent":[]},"answer":{"raw":{"text":"주변 사람들이 저에 대해서 평가를 할 때는 굉장히 계획성이 있고 또 실천력이 뛰어난 사람이라는 평가들을 받곤 합니다. 예를 들면은 제 친구들 그룹 중에서는 여섯 명의 친구들이 함께해야 하는 그런 모임이 있는데요. 그 모임에서 예를 들어 여행을 갈까 라는 의견이 나온다 라면 저는 언제 갈지 어떠한 방법으로 갈지 몇 명이나 참여할 수 있는지에 대해서 빠르게 정보를 알아보는 편이어서 친구들이 그렇게 생각을 하는 것 같습니다. 다만 조금은 안타깝게도 제가 가진 단점 중의 하나가 업무에 집중을 하면은 제가 사소하다고 생각되는 것들을 주로 잊어버려서 연락 같은 문제에 있어서 가끔 트러블들을 일으킬 때가 있습니다.","wordCount":89},"emotion":[],"intent":[{"text":"","expression":"","category":"attitude"}],"summary":{"text":"주변 친구들이 저에 대해 평가할때 계획성과 실천력이 뛰어나다고 평가합니다. 하지만 업무가 집중을 하면 사소하다고 생각되는 것들을 잊어버려서 연락 같은 문제에 있어서 트러블들을 일으킬 때가 있습니다.","wordCount":25}}},"rawDataInfo":{"question":{"fileFormat":"wav","fileSize":441038,"duration":13780,"samplingBit":16,"channelCount":1,"samplingRate":"16kHz","audioPath":"/Mock/02.SalesMarketing/Male/New/ckmk_q_sm_m_n_224727.wav"},"answer":{"fileFormat":"wav","fileSize":1922638,"duration":60080,"samplingBit":16,"channelCount":1,"samplingRate":"16kHz","audioPath":"/Mock/02.SalesMarketing/Male/New/ckmk_a_sm_m_n_224727.wav"}}}