{"version":"1.0","dataSet":{"info":{"date":"20230116","occupation":"SM","channel":"MOCK","place":"ONLINE","gender":"MALE","ageRange":"-34","experience":"NEW"},"question":{"raw":{"text":"어 지원자님께서 우리 회사에 들어오게 되신다면 어 가장 가고 싶으신 부서는 어디이신가요 그리고 어 왜 그 부서를 가장 가고 싶다고 생각하셨는지 그 이유를 함께 말씀해 주시길 바랍니다","wordCount":27},"emotion":[],"intent":[]},"answer":{"raw":{"text":"제가 입사하게 된다면 저는 영업 부서에서 일을 하고 싶습니다. 영업 부서의 매력은 다양한 사람들을 만나서 저희의 제품과 서비스를 판매한다는 것입니다. 제품과 서비스를 판매하기 위해서는 그 고객의 마음을 훔쳐야 제품이나 서비스를 판매할 수 있습니다. 이런 부분에 있어서 다양한 커뮤니케이션 능력도 필요하고 상품이나 제품에 대한 이해도도 높아야 된다고 생각합니다. 그리고 영업 조직의 가장 큰 장점은 실제 기업 이익에 영향을 주는 사람들이기 때문입니다. 영업 조직이 잘 돼야만 기업이 큰 수익을 낼 수 있고 미래에 성장할 수 있다고 생각합니다. 그래서 기업의 최전선에서 뛰는 사람들이 영업사원이라고 생각하고 저는 영업 부서에서 회사에 도움이 되는 사람이 되고 싶습니다.","wordCount":91},"emotion":[],"intent":[{"text":"그래서 기업의 최전선에서 뛰는 사람들이 영업사원이라고 생각하고 저는 영업 부서에서 회사에 도움이 되는 사람이 되고 싶습니다.","expression":"c_sincere_co","category":"etc"}],"summary":{"text":"영업부서의 장점은 다양한 사람들을 만나 제품과 서비스를 판매한다는 것이며 고객 마음을 훔쳐야 제품이나 서비스를 판매할 수 있기 때문에 다양한 커뮤니케이션 능력과 상품이나 제품에 대한 이해도도 높아야 된다고 생각합니다.","wordCount":28}}},"rawDataInfo":{"question":{"fileFormat":"wav","fileSize":594638,"duration":18580,"samplingBit":16,"channelCount":1,"samplingRate":"16kHz","audioPath":"/Mock/02.SalesMarketing/Male/New/ckmk_q_sm_m_n_236164.wav"},"answer":{"fileFormat":"wav","fileSize":2527438,"duration":78980,"samplingBit":16,"channelCount":1,"samplingRate":"16kHz","audioPath":"/Mock/02.SalesMarketing/Male/New/ckmk_a_sm_m_n_236164.wav"}}}