{"version":"1.0","dataSet":{"info":{"date":"20230116","occupation":"SM","channel":"MOCK","place":"ONLINE","gender":"MALE","ageRange":"-34","experience":"NEW"},"question":{"raw":{"text":"지원자님께서 생각하시기에 영업의 관점에서 커스토머 서비스 즉 씨에스에 대해서 설명해 주시고 어떠한 씨에스가 좋은 씨에스인지 말씀해 주세요","wordCount":17},"emotion":[],"intent":[]},"answer":{"raw":{"text":"영업의 관점에서 커스터머 써비스는 매우 중요합니다. 왜냐하면 영업을 할 때 고객에게 앞으로도 이 제품에 가치가 꾸준히 보존될 거라는 것을 확신시킨다면 고객을 설득하는 것이 훨씬 쉬워지기 때문입니다. 그 중에서도 시간과 공간의 제약을 받지 않는 씨에스가 매우 효과적인데요. 예를 들면 이십 사 시간 고객 상담 콜쎈터를 운영하고 또 전국 각지에 써비스 쎈터가 존재하고 혹은 심한 경우 직접 출장을 가서 제품이나 써비스를 고쳐주고 이렇게 시간과 공간의 제약을 받지 않는 이런 씨에스가 영업의 관점에서 가장 좋은 씨에스라고 생각합니다.","wordCount":74},"emotion":[],"intent":[{"text":"","expression":"","category":"attitude"}],"summary":{"text":"영업의 관점에서 커스터머 써비스는 중요합니다. 고객 설득에 시간과 공간의 제약이 없는 씨에스가 효과적입니다. 고객 상담 콜쎈터, 써비스 쎈터의 운영, 출장 서비스 등이 그 예입니다.","wordCount":24}}},"rawDataInfo":{"question":{"fileFormat":"wav","fileSize":636878,"duration":19900,"samplingBit":16,"channelCount":1,"samplingRate":"16kHz","audioPath":"/Mock/02.SalesMarketing/Male/New/ckmk_q_sm_m_n_196499.wav"},"answer":{"fileFormat":"wav","fileSize":2554958,"duration":79840,"samplingBit":16,"channelCount":1,"samplingRate":"16kHz","audioPath":"/Mock/02.SalesMarketing/Male/New/ckmk_a_sm_m_n_196499.wav"}}}