{"version":"1.0","dataSet":{"info":{"date":"20230116","occupation":"SM","channel":"MOCK","place":"ONLINE","gender":"MALE","ageRange":"-34","experience":"NEW"},"question":{"raw":{"text":"우리 면접자님께서는 영업이란 무엇인지 그리고 이 영업이 회사에서 어 가지는 지위와 역할은 무엇이라고 생각을 하십니까","wordCount":15},"emotion":[],"intent":[]},"answer":{"raw":{"text":"회사에서 영업이 차지하는 지위와 역할은 바로 왕이라고 생각합니다. 영업이 왕이다 이런 말을 하면 대부분의 사람들은 동의하지 않을 것입니다. 하지만 영업이야말로 회사의 꽃이자 왕인데요. 왜냐하면 회사의 수익을 직접적으로 만들어내는 것이 바로 영업직들이기 때문입니다. 회사는 연구원이나 생산직들이 많은 고민을 통해서 어떠한 제품이나 서비스를 만들어내고 마케팅이 이를 포장하고 소비자들에게 전략적으로 선보이면서 소비자들의 마음을 삽니다. 하지만 무엇보다 중요한 것은 영업을 통해서 실질적인 수익을 이끌어내는 것인데요. 따라서 영업이 대우받는 회사가 정말 좋은 회사이고 영업의 역할을 인정해주는 회사가 결국은 성장하게 됩니다. 저는 영업직으로서 항상 자부심을 가지고 일하는 인재입니다. 회사에 이익을 가져다 주는 그런 영업인이 되겠습니다.","wordCount":89},"emotion":[],"intent":[{"text":"회사에 이익을 가져다 주는 그런 영업인이 되겠습니다.","expression":"c_sincere_co","category":"etc"}],"summary":{"text":"영업직들은 회사의 수익을 직접적으로 만들어내기 때문에 회사의 꽃이자 왕입니다. 회사는 연구원이나 생산직들이 어떠한 제품이나 서비스를 만들어내고 마케팅이 이를 포장하고 소비자들에게 전략적으로 선보이면서 소비자의 마음을 사는데 무엇보다 중요한 것은 영업을 통해서 실질적인 수익을 이끌어내는 것입니다.","wordCount":34}}},"rawDataInfo":{"question":{"fileFormat":"wav","fileSize":403278,"duration":12600,"samplingBit":16,"channelCount":1,"samplingRate":"16kHz","audioPath":"/Mock/02.SalesMarketing/Male/New/ckmk_q_sm_m_n_180891.wav"},"answer":{"fileFormat":"wav","fileSize":2692558,"duration":84140,"samplingBit":16,"channelCount":1,"samplingRate":"16kHz","audioPath":"/Mock/02.SalesMarketing/Male/New/ckmk_a_sm_m_n_180891.wav"}}}