{"version":"1.0","dataSet":{"info":{"date":"20230116","occupation":"SM","channel":"MOCK","place":"ONLINE","gender":"MALE","ageRange":"-34","experience":"NEW"},"question":{"raw":{"text":"만약 어 광고주가 비윤리적인 캠페인을 요구를 한다면은 본인은 어떻게 어 할 것입니까","wordCount":12},"emotion":[],"intent":[]},"answer":{"raw":{"text":"만약 광고주가 비윤리적인 캠페인을 요구한다면 저는 거부하겠습니다. 왜냐하면 비윤리적인 캠페인을 진행해 봤자 결국 캠페인이란 것은 사람들의 관심과 이해 그리고 좋은 여론이 있어야 효과가 있는 것이지 비윤리적인 캠페인을 하는 것은 오히려 안 좋은 결과만을 만들 것이기 때문입니다. 결국 비윤리적인 캠페인은 광고주에게도 나아가 저의 커리어에도 전혀 도움이 되지 않기 때문에 저는 이런 비윤리적인 캠페인은 거부하겠습니다. 그렇다고 해서 상대방이 기분 나쁘게 거부하는 것이 아니라 솔직하게 해당 캠페인에 대해서 저의 생각을 말씀드리고 다른 방향으로 제안해 보겠습니다.","wordCount":72},"emotion":[],"intent":[{"text":"","expression":"","category":"attitude"}],"summary":{"text":"광고주가 비윤리적인 캠페인을 요구한다면 거부하겠습니다. 비윤리적 캠페인은 광고주, 커리어에 도움이 되지 않기 때문입니다. 그렇다고 해서 상대방이 기분 좋게 거부하는 것이 아니라 솔직하게 캠페인에 대해 저의 생각을 전하고 다른 방향으로 제안해 보겠습니다.","wordCount":31}}},"rawDataInfo":{"question":{"fileFormat":"wav","fileSize":421198,"duration":13160,"samplingBit":16,"channelCount":1,"samplingRate":"16kHz","audioPath":"/Mock/02.SalesMarketing/Male/New/ckmk_q_sm_m_n_197108.wav"},"answer":{"fileFormat":"wav","fileSize":2434638,"duration":76080,"samplingBit":16,"channelCount":1,"samplingRate":"16kHz","audioPath":"/Mock/02.SalesMarketing/Male/New/ckmk_a_sm_m_n_197108.wav"}}}