{"version":"1.0","dataSet":{"info":{"date":"20230116","occupation":"SM","channel":"MOCK","place":"ONLINE","gender":"MALE","ageRange":"-34","experience":"NEW"},"question":{"raw":{"text":"업무를 하다 보면 상사와 트러블이 발생할 수 있는데 어떻게 할 것입니까 또 상사가 혼내면 기분 나쁘시진 않을까요","wordCount":17},"emotion":[],"intent":[]},"answer":{"raw":{"text":"일을 하다 보면 상사와 트러블이 생길 수도 있는데 어떻게 할 것입니까 또 상사가 혼내면 기분이 나쁘시진 않을까요 라고 이렇게 질문을 해주셨는데요. 일을 하다 보면 상사와 트러블이 생길 일이 굉장히 많다고 생각을 합니다. 또 상사가 혼내면 기분이 나쁠 것이고요. 하지만 상사가 제가 제가 뭐 이 회사에 들어갔다면 이 상사의 말을 들어야 하고 이 상사가 나의 어 상사이기 때문에 어 내가 잘못한 점이 있다고 생각하고 일단은 어떤 점이 잘못됐는지 좀 여쭈어볼 것 같습니다. 여쭈어보면 어 그만한 답이 나올 것이고 이제 내가 어 했으면 되는 것인데 어 상사님이 알려주신 피드백으로 일단 내가 잘못했던 점을 어 고친다고 말을 하고 만약에 솔직히 내 잘못보다 상사 님의 잘못도 있다고 하면 그 잘못에 대해서는 정중하게 사과를 부탁드린다는 말을 드리고 싶고 어 일단 저의 잘못을 다시 되돌아보면서 어 사과를 드리고 이제 그런 일이 다시 일어나지 않도록 이제 상사 님의 이제 기분이 나쁘시지 않도록 어 상사님이 이 혼내시고 화 내시는 거는 다 저한테 이제 배움이 있으라고 그러시는 거기 때문에 어 그런 점에 있어서는 제가 고치고 노력해야 될 부분이라고 생각하고 상사님과 트러블이 없도록 최대한 노력하는 것이 좋겠지만 생긴다면 저는 그런 식으로 해결을 할 것 같습니다.","wordCount":175},"emotion":[],"intent":[{"text":"","expression":"","category":"attitude"}],"summary":{"text":"일을 하다 보면 상사와 트러블이 생길 일이 많고, 상사가 혼내면 기분이 나쁠 것입니다. 하지만 상사가 제가 이 회사에 들어갔으면 이 상사의 말을 들어야 하고 제가 잘못했던 점을 고친다고 말하고 상사의 잘못도 있으면 사과를 부탁 드립니다. 상사님이 혼내시는 것은 배움이 있으라고 하시는 것이므로 제가 고치고 노력해야 될 부분이라고 생각하고 상사님과 트려블이 없도록 최선을 다해야 할 것 같습니다.","wordCount":56}}},"rawDataInfo":{"question":{"fileFormat":"wav","fileSize":399758,"duration":12490,"samplingBit":16,"channelCount":1,"samplingRate":"16kHz","audioPath":"/Mock/02.SalesMarketing/Male/New/ckmk_q_sm_m_n_200033.wav"},"answer":{"fileFormat":"wav","fileSize":2730318,"duration":85320,"samplingBit":16,"channelCount":1,"samplingRate":"16kHz","audioPath":"/Mock/02.SalesMarketing/Male/New/ckmk_a_sm_m_n_200033.wav"}}}