{"version":"1.0","dataSet":{"info":{"date":"20230116","occupation":"SM","channel":"MOCK","place":"ONLINE","gender":"MALE","ageRange":"-34","experience":"NEW"},"question":{"raw":{"text":"네 현재 관심을 가지고 읽고 계신 책이 있다면 무슨 책인지 어 말씀해 주시겠습니까 또 왜 그 책을 읽는지 그 책을 통해서 얻은 것이 있다면 무엇이 있는지 함께 설명해 주시기 바랍니다","wordCount":30},"emotion":[],"intent":[]},"answer":{"raw":{"text":"요즘 제가 읽고 있는 책은 바로 이순신 장군이 쓴 난중일기 라는 책입니다. 이 책은 이순신 장군이 임진왜란을 겪으면서 자신의 경험과 자신의 생각들을 솔직하게 풀어낸 이순신 장군의 일기장이라고 할 수 있습니다. 제가 이 책을 읽게 된 이유는 최근 개봉한 한산이라는 영화를 통해 이순신 장군이 한산도 대첩 그리고 임진왜란에서 정말 많은 공을 세웠다는 것을 뼈저리게 느꼈기 때문입니다. 그러면서 이순신 장군의 인간적인 면모 또한 궁금했기 때문에 이순신 장군의 업적과 인간성이 보이는 난중일기라는 책에 관심이 생겼습니다. 그래서 책을 읽으면서 이순신 장군도 사람이구나 이순신 장군도 동료에 대한 험담을 하는구나 이런 것들을 보면서 참 즐거우면서도 마음 한 편이 씁쓸한 그런 책이 바로 난중일기라고 생각합니다.","wordCount":98},"emotion":[{"text":"그러면서 이순신 장군의 인간적인 면모 또한 궁금했기 때문에 이순신 장군의 업적과 인간성이 보이는 난중일기라는 책에 관심이 생겼습니다.","expression":"p-interest","category":"positive"}],"intent":[{"text":"","expression":"","category":"attitude"}],"summary":{"text":"최근 개봉한 한산이라는 영화를 통해 이순신 장군의 업적과 인간성이 보이는 난중일기에 관심이 생겼습니다. 이 책을 읽으면서 이순신 장군도 사람이구나 하는 것들을 보면서 참 즐거우면서도 마음 한 편이 씁쓸하게 느껴진 책이 바로 난중일기라고 생각합니다.","wordCount":33}}},"rawDataInfo":{"question":{"fileFormat":"wav","fileSize":465998,"duration":14560,"samplingBit":16,"channelCount":1,"samplingRate":"16kHz","audioPath":"/Mock/02.SalesMarketing/Male/New/ckmk_q_sm_m_n_191071.wav"},"answer":{"fileFormat":"wav","fileSize":2799758,"duration":87490,"samplingBit":16,"channelCount":1,"samplingRate":"16kHz","audioPath":"/Mock/02.SalesMarketing/Male/New/ckmk_a_sm_m_n_191071.wav"}}}