{"version":"1.0","dataSet":{"info":{"date":"20230116","occupation":"SM","channel":"MOCK","place":"ONLINE","gender":"MALE","ageRange":"-34","experience":"NEW"},"question":{"raw":{"text":"스터디를 따로 하고 계신 것이 있다면 어떤 공부를 왜 하고 계신지 말씀해 주세요","wordCount":13},"emotion":[],"intent":[]},"answer":{"raw":{"text":"저는 시사 상식 스터디를 따로 하고 있습니다. 시사 상식 스터디란 매일매일 자신이 담당하고 있는 신문을 보고 신문의 일 면 기사와 사설 부분을 짧게 요약 정리해서 사람들과 공유하고 토론하는 것입니다. 제가 시사 공부를 하는 이유는 새로운 사람과 만나 대화할 때 큰 도움이 되기 때문인데요. 우리는 새로운 사람을 만나면 공통점을 찾아 공감대를 형성하는 것이 매우 중요하다는 것을 알고 있습니다. 그러나 처음 보는 사람과 공통점을 찾는 것은 매우 어려운데요. 이럴 때 시사 상식이 매우 큰 도움이 됩니다. 만일 스포츠를 좋아하는 사람은 스포츠 이야기를 하면서 친해질 수 있고 또 주식이나 재테크를 좋아하는 사람은 그런 주식 관련 최근 뉴스들을 이야기하면서 공통점을 찾을 수 있습니다. 이처럼 시사 공부를 통해 새로운 사람과 소통할 수 있는 힘을 얻기 때문에 시사 공부를 매일매일 꾸준하게 하고 있습니다.","wordCount":117},"emotion":[],"intent":[{"text":"이처럼 시사 공부를 통해 새로운 사람과 소통할 수 있는 힘을 얻기 때문에 시사 공부를 매일매일 꾸준하게 하고 있습니다.","expression":"c_imp","category":"personality"}],"summary":{"text":"저는 담당하고 있는 신문의 일 면 기사와 사설 부분을 요약 정리해서 사람들과 공유하고 토론하는 시사 상식 스터디를 따로 하고 있습니다. 시사 공부를 통해 새로운 사람과 소통할 수 있는 힘을 얻기 때문에 시사 공부를 매일 꾸준하게 하는 이유입니다.","wordCount":37}}},"rawDataInfo":{"question":{"fileFormat":"wav","fileSize":245838,"duration":7680,"samplingBit":16,"channelCount":1,"samplingRate":"16kHz","audioPath":"/Mock/02.SalesMarketing/Male/New/ckmk_q_sm_m_n_190955.wav"},"answer":{"fileFormat":"wav","fileSize":2801998,"duration":87560,"samplingBit":16,"channelCount":1,"samplingRate":"16kHz","audioPath":"/Mock/02.SalesMarketing/Male/New/ckmk_a_sm_m_n_190955.wav"}}}