{"version":"1.0","dataSet":{"info":{"date":"20230116","occupation":"SM","channel":"MOCK","place":"ONLINE","gender":"MALE","ageRange":"-34","experience":"NEW"},"question":{"raw":{"text":"회사에서 없어서는 안 될 가장 중요하다고 생각하시는 직업은 무엇인가요 딱 한 가지만 골라서 구체적으로 말씀 부탁드립니다","wordCount":16},"emotion":[],"intent":[]},"answer":{"raw":{"text":"현대 사회에서 없어서는 안될 가장 중요하다 고 생각하는 직업은 바로 변호사입니다. 현대 사회는 이전과 달리 사람들의 권리에 대한 의식이 높아지고 그에 따라 책임을 명확히 하는 것이 매우 중요해졌습니다. 그래서 사람들 간에 법정 다툼이 활발하게 일어나고 있는데요. 또한 사회적으로 어려운 위치에 있는 사람들은 이런 법정 다툼에서 아는 것이 없어 큰 곤란을 겪습니다. 이런 상황에서 변호사라는 직업이 매우 중요합니다. 누군가의 입장을 대변해 주고 누군가를 위해 대신 싸워주는 것이 사람들에게 큰 힘이 됩니다. 또한 법적으로 잘잘못을 가릴 때 명쾌하게 사람들이 수긍할 수 있는 논리를 내세워 좋습니다.","wordCount":83},"emotion":[],"intent":[{"text":"","expression":"","category":"attitude"}],"summary":{"text":"현대 사회에서 중요한 직업은 변호사입니다. 현대 사회는 권리에 대한 의식이 높아지고 책임을 명확히 하는 것이 매우 중요해졌습니다. 그래서 사람들과의 법정 다툼에서 아는 것이 없어 곤란을 겪는데 이런 상황에서 변호사라는 직업이 매우 중요합니다.","wordCount":32}}},"rawDataInfo":{"question":{"fileFormat":"wav","fileSize":585038,"duration":18280,"samplingBit":16,"channelCount":1,"samplingRate":"16kHz","audioPath":"/Mock/02.SalesMarketing/Male/New/ckmk_q_sm_m_n_196674.wav"},"answer":{"fileFormat":"wav","fileSize":2885838,"duration":90180,"samplingBit":16,"channelCount":1,"samplingRate":"16kHz","audioPath":"/Mock/02.SalesMarketing/Male/New/ckmk_a_sm_m_n_196674.wav"}}}