{"version":"1.0","dataSet":{"info":{"date":"20230116","occupation":"SM","channel":"MOCK","place":"ONLINE","gender":"MALE","ageRange":"-34","experience":"NEW"},"question":{"raw":{"text":"소통 능력을 키우기 위해 어떤 일을 할 수 있을까요 생각나시는 방법에 대해 자세히 한 번 말씀해 주시기 바랍니다","wordCount":18},"emotion":[],"intent":[]},"answer":{"raw":{"text":"소통 능력을 키우기 위해서 할 수 있는 일들은 참 많은데요 그중에 제가 추천드리는 방법은 바로 시사 공부를 하는 것입니다. 왜냐하면 소통 능력이라는 것은 결국 새로운 사람들과 만나서 쉽게 친해지고 공감대를 형성할 수 있다면 빠르게 늘릴 수 있는 부분인데요 시사 공부를 통해 어떤 사람을 만나더라도 그 사람의 관심사에 대해서 이야기하고 공감대를 형성하면 매우 쉽게 소통할 수 있기 때문입니다. 스포츠를 좋아하는 사람에겐 최근에 있었던 스포츠 관련 뉴스를 이야기하고 또 주식이나 재테크를 좋아하는 사람에겐 관련 뉴스를 이야기하면서 쉽게 공통점을 찾고 공감대를 형성해 소통할 수 있습니다. 따라서 저는 소통 능력을 키우기 위해서 시사 공부를 하는 방법을 추천드립니다.","wordCount":93},"emotion":[],"intent":[{"text":"","expression":"","category":"attitude"}],"summary":{"text":"소통 능력은 새로운 사람과 만나 쉽게 친해지고 공감대를 형성할 수 있다면 빠르게 늘릴 수 있는 부분이기 때문에 저는 시사 공부를 하는 방법을 추천합니다.","wordCount":23}}},"rawDataInfo":{"question":{"fileFormat":"wav","fileSize":438478,"duration":13700,"samplingBit":16,"channelCount":1,"samplingRate":"16kHz","audioPath":"/Mock/02.SalesMarketing/Male/New/ckmk_q_sm_m_n_197009.wav"},"answer":{"fileFormat":"wav","fileSize":2737998,"duration":85560,"samplingBit":16,"channelCount":1,"samplingRate":"16kHz","audioPath":"/Mock/02.SalesMarketing/Male/New/ckmk_a_sm_m_n_197009.wav"}}}