{"version":"1.0","dataSet":{"info":{"date":"20230116","occupation":"SM","channel":"MOCK","place":"ONLINE","gender":"MALE","ageRange":"35-44","experience":"NEW"},"question":{"raw":{"text":"살면서 가장 힘들었던 점은 어떤 것이었는지요 어 또 그 힘든 점을 극복하기 위해서 어떤 노력을 해 오셨는지도 한 번 말씀해 주시기 바랍니다","wordCount":22},"emotion":[],"intent":[]},"answer":{"raw":{"text":"네 저는 그 군대 갔다 와서 복학하고 이제 취업하기 전까지의 시간이 가장 힘들었다고 생각합니다. 그 이유는 어 제가 집안 형편이 그렇게 넉넉한 편이 못 돼서 에 저 혼자 이제 학비도 벌고 어 생활비도 벌고 하면서 생활을 했어야 되는데요. 어 학비는 학자금 대출이나 장학금 장학 제도로 조금 도움을 받아서 해결한다고 해도 이 학비나 다른 어 필요한 부분에 들어가는 이 돈들을 좀 최대한 제가 물론 아르바이트 같은 거를 할 수도 있었지만 저는 좀 빨리 취업을 하고 싶었기 때문에 어 있는 돈에서 또는 그 생활 자금 생활비 대출을 통해서 그 돈 가지고 이제 한 학기씩 생활을 해야 됐기 때문에 그 돈을 아껴 쓰는 부분이 가장 좀 힘들었던 것 같습니다. 아 저는 그 돈을 아껴 쓰기 위해서 하루의 일과를 그냥 좀 어 항상 똑같이 했던 것 같습니다. 어 하 학교 앞에 천 오백 원 하는 김밥이 한 줄에 천 오백 원 하는 김밥 집이 있었는데 그 김밥을 두 줄 사가지고 예 나눠 먹으면서 그렇게 계속 어 한 가지 음식만 먹으면서 살았고요. 또 될 수 있으면 좀 지출 같은 걸 줄이기 위해서 어 거의 뭐 옷도 사지 않고 뭐 커피라든지 뭐 이런 음 뭐 돈 들어갈 부분들은 최소화하면서 그렇게 좀 취업 공부에만 좀 매진했던 것 같습니다.","wordCount":191},"emotion":[],"intent":[{"text":"","expression":"","category":"attitude"}],"summary":{"text":"집안 형편이 그렇게 넉넉한 편이 아니라서 군대 갔다 와서 복학하고 취업 전까지 가장 힘들었다고 생각합니다. 학비는 학자금 대출이나 장학금 장학 제도로 조금 도움을 받으면 되지만 저는 빨리 취업을 하고 싶었기 때문에 대출로 한 학기씩 생활을 해야 됐기 때문에 그 돈을 아껴 쓰는 부분이 가장 힘들었던 것 같습니다.","wordCount":47}}},"rawDataInfo":{"question":{"fileFormat":"wav","fileSize":463438,"duration":14480,"samplingBit":16,"channelCount":1,"samplingRate":"16kHz","audioPath":"/Mock/02.SalesMarketing/Male/New/ckmk_q_sm_m_n_236213.wav"},"answer":{"fileFormat":"wav","fileSize":3674958,"duration":114840,"samplingBit":16,"channelCount":1,"samplingRate":"16kHz","audioPath":"/Mock/02.SalesMarketing/Male/New/ckmk_a_sm_m_n_236213.wav"}}}