{"version":"1.0","dataSet":{"info":{"date":"20230116","occupation":"SM","channel":"MOCK","place":"ONLINE","gender":"MALE","ageRange":"-34","experience":"NEW"},"question":{"raw":{"text":"다른 지원잔들에 비해서 지원자님만이 가진 차별성 장점을 어필한다면 어떤 것이 있을까요","wordCount":11},"emotion":[],"intent":[]},"answer":{"raw":{"text":"다른 지원자들에 비해 지원자님만이 가진 차별성 장점을 어필한다면 어떤 것이 있겠습니까 라고 이렇게 질문해 주셨는데요. 다른 지원자들에 비해 나만이 가진 차별성이라고 하면은 어 어 일단은 굉장히 리더십이 좋고 근데 되게 창의력이 좋다고 생각합니다. 그리고 어떤 일을 시작하게 되면 끝까지 완주할려는 그런 어 마음가짐이 있기 때문에 그런 점에서 차별성 가지고 있다고 생각하고요. 장점이라고 생각한다면 어 일단은 굉장히 긍정적이고 활기찹니다. 어 항상 어 분위기를 좋게 만들라고 하고 사람들을 끌어모으는 것을 굉장히 좋아하기 때문에 그런 점에서 제 대화 능력이 좋다고 말씀드릴 수 있을 것 같고요. 어 다른 사람들의 비해 가지고 있는 저의 차별성과 장점이지만 이제 다른 사람들도 가지고 있다 생각하는데 어 그중에서도 저는 좀 더 자신 있게 말씀드리고 싶습니다. 왜냐하면 저는 이제 평소에도 친구들도 많고 친구들과 대화하는 것도 좋아하고 이런 어떤 일을 결정할 때 좀 많이 관여를 한다고 생각을 하기 때문에 그런 점에 있어서 어 되게 좋은 사람들 많이 데려올 수 있을 것 같고 사람을 설득하는 능력도 있기 때문에 그런 점에 있어서 팀에 굉장히 도움이 되고 다른 지원자들에 비해 그런 점이 있어서 차별성과 어 장점을 라고 생각을 하는 부분입니다.","wordCount":166},"emotion":[],"intent":[{"text":"","expression":"","category":"attitude"}],"summary":{"text":"다른 지원자에 비해 본인만의 차별성을 어필한다면 어떤 것이라고 생각하십니까 라고 질문해 주셨습니다. 창의력이 좋고, 끝까지 완주하려는 마음가짐이 있어서 차별성을 가지고 있다고 생각합니다. 장점이라고 생각한다면 긍정적이고 활기차고, 대화 능력이 좋다고 말할 수 있습니다. 다른 사람들도 가지고 있지만 그중에서도 저는 좀 더 자신 있게 말씀드리겠습니다.","wordCount":43}}},"rawDataInfo":{"question":{"fileFormat":"wav","fileSize":311758,"duration":9740,"samplingBit":16,"channelCount":1,"samplingRate":"16kHz","audioPath":"/Mock/02.SalesMarketing/Male/New/ckmk_q_sm_m_n_200038.wav"},"answer":{"fileFormat":"wav","fileSize":2743118,"duration":85720,"samplingBit":16,"channelCount":1,"samplingRate":"16kHz","audioPath":"/Mock/02.SalesMarketing/Male/New/ckmk_a_sm_m_n_200038.wav"}}}