{"version":"1.0","dataSet":{"info":{"date":"20230116","occupation":"SM","channel":"MOCK","place":"ONLINE","gender":"MALE","ageRange":"-34","experience":"NEW"},"question":{"raw":{"text":"오늘 이 면접을 준비하시느라고 고생을 많이 했을 거라고 생각이 드는데요 어 그동안 어떤 방식으로 어떻게 면접을 준비해 오셨는지 말씀해 주실 수 있겠습니까","wordCount":22},"emotion":[],"intent":[]},"answer":{"raw":{"text":"저는 크게 두 가지 방식으로 면접을 준비했습니다. 첫 번째는 회사에 대해서 철저히 공부하고 분석했습니다. 회사 홈페이지에서 회사의 연혁을 살피고 어떻게 회사가 창립됐는지 그리고 지금까지 어떤 사건들을 겪었는지 또 지금 가장 집중하고 있는 것이 무엇인지 이런 것들을 신문 기사나 재무제표를 통해서 살피고 공부하고 분석했습니다. 두 번째로 저에 대해서 공부했습니다. 저의 어린 시절부터 지금까지를 쭉 돌아보면서 어떤 경험들이 저의 가치관 형성에 큰 영향을 끼쳤고 또 제가 잘 할 수 있는 것은 무엇이고 저의 단점은 무엇인지 공부하면서 제가 이 회사에 어떻게 기여할 수 있을지 고민 했습니다. 이렇게 회사를 공부하고 저를 공부해서 저와 이 회사의 접점을 찾아가면서 이 면접을 준비했습니다.","wordCount":96},"emotion":[],"intent":[{"text":"","expression":"","category":"attitude"}],"summary":{"text":"저는 크게 두 가지 방식으로 면접을 준비했습니다. 첫째, 회사를 철저히 공부하고 분석했습니다. 둘째, 저는 어린 시절부터 지금까지 돌아보며 어떤 경험들이 가치관 형성에 큰 영향을 끼쳤고, 잘 할 수 있는 것과 단점은 무엇인지 공부하며 회사에 어떻게 기여할 수 있을지 고민했었습니다.","wordCount":39}}},"rawDataInfo":{"question":{"fileFormat":"wav","fileSize":522958,"duration":16340,"samplingBit":16,"channelCount":1,"samplingRate":"16kHz","audioPath":"/Mock/02.SalesMarketing/Male/New/ckmk_q_sm_m_n_181171.wav"},"answer":{"fileFormat":"wav","fileSize":2604878,"duration":81400,"samplingBit":16,"channelCount":1,"samplingRate":"16kHz","audioPath":"/Mock/02.SalesMarketing/Male/New/ckmk_a_sm_m_n_181171.wav"}}}