{"version":"1.0","dataSet":{"info":{"date":"20230116","occupation":"SM","channel":"MOCK","place":"ONLINE","gender":"MALE","ageRange":"-34","experience":"NEW"},"question":{"raw":{"text":"면접자님께서는 협엽을 할 일이 많이 생길 수가 있습니다 면접자님께서는 이전 직장에서나 대학에서 협엽을 할 때 어려운 점이 혹시 있으셨나요 아니면 없으셨나요","wordCount":21},"emotion":[],"intent":[]},"answer":{"raw":{"text":"저는 억울한 부분이 있었습니다. 왜냐하면 저는 굉장히 열정적인 사람이기 때문입니다. 열정적이었기 때문에 항상 저는 여러 가지 일을 동시에 동시 다발적으로 벌려놨었습니다. 대학교 때도 수많은 동아리 활동과 프로젝트 활동 과제 많은 전공들을 소화하느라 저에게는 항상 시간이 부족했었습니다. 그렇지만 저건 저는 책임감 없는 소리 책임감 없다는 소리는 듣기 싫어서 모든 활동을 매 순간 최선을 다 했었습니다. 회사에서도 마찬가지입니다. 저는 한 가지만 잘하는 사람이 되지 않기 위해서 여러 가지 활동들을 최선을 다해서 하고 있습니다. 그러다 보니 본의 아니게 오해를 일으키게 하는 행동들이 많이 있었습니다. 마치 다른 사람들이 보기에 지금 우리가 하고 있는 일에 굉장히 소홀하게 하고 있다 라는 인상을 심어줬던 적이 몇 번 있었던 것 같습니다. 그렇지만 그런 지점들은 제가 이렇게 말씀을 드리고 있다시피 반성을 하고 있기 때문에 자각을 했기 때문에 앞으로 조금 더 나아질 수 있을 것이라고 생각을 합니다.","wordCount":127},"emotion":[],"intent":[{"text":"","expression":"","category":"attitude"}],"summary":{"text":"저는 굉장히 열정적인 사람이기 때문에 항상 여러 가지 일을 동시에 동시 다발적으로 벌려 놓았습니다. 회사에서도 마찬가지입니다. 그러다 보니 오해를 일으키게 하는 행동들이 많이 있었습니다. 반성하고 자각을 했기 때문에 앞으로 조금 더 나아질 수 있을 것이라고 생각합니다.","wordCount":36}}},"rawDataInfo":{"question":{"fileFormat":"wav","fileSize":533838,"duration":16680,"samplingBit":16,"channelCount":1,"samplingRate":"16kHz","audioPath":"/Mock/02.SalesMarketing/Male/New/ckmk_q_sm_m_n_193703.wav"},"answer":{"fileFormat":"wav","fileSize":2631118,"duration":82220,"samplingBit":16,"channelCount":1,"samplingRate":"16kHz","audioPath":"/Mock/02.SalesMarketing/Male/New/ckmk_a_sm_m_n_193703.wav"}}}