{"version":"1.0","dataSet":{"info":{"date":"20230116","occupation":"SM","channel":"MOCK","place":"ONLINE","gender":"MALE","ageRange":"-34","experience":"NEW"},"question":{"raw":{"text":"몇 년 전 우버택시와 관한 논란이 있었습니다 지원자님께서는 우버택시에 관한 찬반 양론에 대해 각각 어떻게 생각하시나요","wordCount":16},"emotion":[],"intent":[]},"answer":{"raw":{"text":"저는 우버 택시 논란에 관해서 우버 택시를 허용해야 한다는 입장입니다. 왜냐하면 이미 전 세계에서 우버 택시는 활성화되어 있고 또한 최근 택시 공급이 부족해서 사회적으로 문제가 되고 있기 때문입니다. 하지만 반대 의견에도 어느 정도 동의하는 부분도 있습니다. 현재 서울에 있는 개인택시들은 모두 개인택시 자격을 얻기 위해 개인택시 번호판을 약 일억 원 정도로 구매하는 것으로 알고 있습니다. 그렇기 때문에 개인택시 기사들의 반대가 매우 심합니다. 따라서 정부는 이러한 개인택시 기사들에 대한 불만을 나서서 처리하고 우버 택시를 적극적으로 도입해야 한다고 생각합니다.","wordCount":77},"emotion":[],"intent":[{"text":"","expression":"","category":"attitude"}],"summary":{"text":"저는 우버 택시 논란에 관해서 우버 택시를 허용해야 한다는 입장이지만, 개인택시 기사들의 반대가 매우 심하기 때문에 정부는 이러한 개인택시 기사들에 대한 불만을 나서서 처리하고 우버 택시를 적극적으로 도입해야 한다고 생각합니다.","wordCount":30}}},"rawDataInfo":{"question":{"fileFormat":"wav","fileSize":435278,"duration":13600,"samplingBit":16,"channelCount":1,"samplingRate":"16kHz","audioPath":"/Mock/02.SalesMarketing/Male/New/ckmk_q_sm_m_n_197190.wav"},"answer":{"fileFormat":"wav","fileSize":2645838,"duration":82680,"samplingBit":16,"channelCount":1,"samplingRate":"16kHz","audioPath":"/Mock/02.SalesMarketing/Male/New/ckmk_a_sm_m_n_197190.wav"}}}