{"version":"1.0","dataSet":{"info":{"date":"20230116","occupation":"SM","channel":"MOCK","place":"ONLINE","gender":"MALE","ageRange":"-34","experience":"NEW"},"question":{"raw":{"text":"네 만약에 우리 회사에 들어오신다면 본인이 하고 싶은 업무가 있으신지요 어떤 업무를 해보고 싶으신지 그리고 왜 그 업무를 하시고 싶으신지도 함께 말씀해 주시기 바랍니다","wordCount":24},"emotion":[],"intent":[]},"answer":{"raw":{"text":"저는 이 회사에 들어와서 해외 진출을 해보고 싶습니다. 특히 미국에서 영업을 해보고 싶은데요. 제가 미국에서 영업을 해보고 싶은 이유는 여러 가지가 있습니다. 첫 번째로 미국은 세계에서 가장 큰 시장이기 때문에 미국에서 영업 활동을 한다면 빠른 시간에 저의 영업 역량을 기를 수 있다고 생각하기 때문입니다. 두 번째는 미국 시장에 진출해서 만일 미국 시장에서 인정받게 된다면 다른 나라로 쉽게 진출할 수 있다고 생각하기 때문입니다. 미국과 같은 세계에서 가장 큰 규모의 시장에서 인정받았다는 것은 유럽 남미 아프리카 등 다른 시장에서도 살아남을 수 있다는 것을 충분히 증명했다고 생각합니다. 따라서 미국 시장을 발판으로 다른 나라로 진출하고 싶기 때문입니다. 세 번째 이유는 제가 대학 시절 미국에서 교환 학생 한 경험이 있기 때문에 가장 친숙한 나라이기 때문입니다.","wordCount":110},"emotion":[],"intent":[{"text":"","expression":"","category":"attitude"}],"summary":{"text":"이 회사에 들어와서 해외 진출을 해보고 싶은데, 특히 미국에서 영업을 해보고 싶은 이유는 빠른 시간에 영업 역량을 기를 수 있다고 생각하기 때문이고, 미국 시장을 발판으로 다른 나라로 진출하고 싶기 때문입니다.","wordCount":30}}},"rawDataInfo":{"question":{"fileFormat":"wav","fileSize":521678,"duration":16300,"samplingBit":16,"channelCount":1,"samplingRate":"16kHz","audioPath":"/Mock/02.SalesMarketing/Male/New/ckmk_q_sm_m_n_181051.wav"},"answer":{"fileFormat":"wav","fileSize":2730638,"duration":85330,"samplingBit":16,"channelCount":1,"samplingRate":"16kHz","audioPath":"/Mock/02.SalesMarketing/Male/New/ckmk_a_sm_m_n_181051.wav"}}}