{"version":"1.0","dataSet":{"info":{"date":"20230116","occupation":"SM","channel":"MOCK","place":"ONLINE","gender":"MALE","ageRange":"-34","experience":"NEW"},"question":{"raw":{"text":"살면서 다양한 커뮤니케이션을 경험해 보셨을 텐데요 그중에서 가장 어렵다고 느끼셨던 경험을 한 가지만 꼽아서 자세하게 말씀 부탁드립니다","wordCount":17},"emotion":[],"intent":[]},"answer":{"raw":{"text":"살면서 다양한 커뮤니케이션을 경험했는데요. 그중 가장 어려웠던 것은 바로 대학 시절 어르신들과 함께 커뮤니케이션 했던 경험입니다. 저는 한 케이블 채널에서 리포터로 활동한 적이 있었는데요. 그때 노인정에 찾아가 어르신들에게 취업과 관련된 인터뷰를 진행하는 업무를 했었습니다. 그때 어르신들과 함께 인터뷰를 했는데 어르신들이 쓰는 단어 그리고 발음 이런 것들이 저와 잘 소통이 되지 않아서 상당히 어려웠던 기억이 있습니다. 이 경험 이후 항상 사람들과 소통할 때 그 사람의 문화 그리고 그 사람이 살았던 시대에 언어 습관 이런 것들을 항상 미리 준비해야 한다는 것을 배웠습니다.","wordCount":80},"emotion":[{"text":"저는 한 케이블 채널에서 리포터로 활동한 적이 있었는데요.","expression":"u-fact","category":"neutral"}],"intent":[{"text":"","expression":"","category":"attitude"}],"summary":{"text":"대학 시절 어르신들과 함께 소통했던 경험이 가장 어려웠습니다. 그 이후 사람들과 소통할 때 그 사람의 문화, 그 시대에 언어 습관들을 항상 미리 준비해야 한다는 것을 배웠습니다.","wordCount":26}}},"rawDataInfo":{"question":{"fileFormat":"wav","fileSize":597838,"duration":18680,"samplingBit":16,"channelCount":1,"samplingRate":"16kHz","audioPath":"/Mock/02.SalesMarketing/Male/New/ckmk_q_sm_m_n_203905.wav"},"answer":{"fileFormat":"wav","fileSize":2790158,"duration":87190,"samplingBit":16,"channelCount":1,"samplingRate":"16kHz","audioPath":"/Mock/02.SalesMarketing/Male/New/ckmk_a_sm_m_n_203905.wav"}}}