{"version":"1.0","dataSet":{"info":{"date":"20230116","occupation":"SM","channel":"MOCK","place":"ONLINE","gender":"MALE","ageRange":"-34","experience":"NEW"},"question":{"raw":{"text":"본인이 생각할 때 본인의 노년의 모습은 어떤 모습이었으면 좋을 것 같아요 생각하시는 가장 이상적인 노년의 모습을 말씀해 주세요","wordCount":18},"emotion":[],"intent":[]},"answer":{"raw":{"text":"제가 바라는 이상적인 노년의 모습은 제가 사회에서 받은 것들을 환원할 수 있는 그런 여력이 되는 삶입니다. 젊은 시절에 사회에서 많은 다양한 활동들을 하고 또 저로 인해서 저와 같은 직종 비슷한 꿈을 꾸는 친구들이 생겨났으면 좋겠습니다. 그리고 그 친구들이 꿈을 이루기 위해서 나아가는 데 제가 보탬이 될 수 있으면 좋겠습니다. 제가 존경하는 인물 중에 추신수 선수가 있습니다. 비단 그가 좋은 선수여서가 아니라 그가 자신이 마이너리그에서 시작했던 과거를 잊지 않고 후배들에게 어려움을 잊지 않고 도움을 주기 때문입니다. 저도 추신수 선수와 같이 어렵게 시작하는 어린 친구들을 도와줄 수 있는 그런 노년의 삶을 살고 싶습니다.","wordCount":91},"emotion":[{"text":"제가 존경하는 인물 중에 추신수 선수가 있습니다.","expression":"p-affection","category":"positive"}],"intent":[{"text":"","expression":"","category":"attitude"}],"summary":{"text":"제가 바라는 이상적인 노년의 모습은 사회에서 받은 것들을 환원할 수 있는 여력이 되는 삶입니다. 제가 존경하는 선수인 박찬호 선수처럼 어렵게 시작하는 어린 친구들을 도울 수 있는 삶을 살고 싶습니다.","wordCount":29}}},"rawDataInfo":{"question":{"fileFormat":"wav","fileSize":356558,"duration":11140,"samplingBit":16,"channelCount":1,"samplingRate":"16kHz","audioPath":"/Mock/02.SalesMarketing/Male/New/ckmk_q_sm_m_n_215093.wav"},"answer":{"fileFormat":"wav","fileSize":2256078,"duration":70500,"samplingBit":16,"channelCount":1,"samplingRate":"16kHz","audioPath":"/Mock/02.SalesMarketing/Male/New/ckmk_a_sm_m_n_215093.wav"}}}