{"version":"1.0","dataSet":{"info":{"date":"20230116","occupation":"SM","channel":"MOCK","place":"ONLINE","gender":"MALE","ageRange":"-34","experience":"NEW"},"question":{"raw":{"text":"협업하는 과제와 혼자 하는 과제 중 무엇을 더 선호하시나요 그 이유도 함께 말씀해 주시면 되겠습니다","wordCount":15},"emotion":[],"intent":[]},"answer":{"raw":{"text":"저는 아무래도 혼자 하는 과제가 더 저에게 매력적이라고 느껴집니다. 그렇게 생각하는 이유는 협업은 아무래도 신경써야 저만 혼자 잘 해서는 다 되는 것이 아니기 때문입니다. 각 제가 아무리 잘해도 다른 팀원들이 제대로 업무를 수행을 해 해 오지 않는다면 그 업무는 피차일반 망한 것과 마찬가지이기 때문이고 또 제가 근데 그로 인해서 서로의 감정이 감정의 골이 깊어지고 추후의 업무에 있어서도 부작용을 일으킬 수 있다고 생각하기 때문입니다. 하지만 혼자 하는 업무는 그 책임 소재가 오롯이 저에게 있기에 더 책임감을 가지고 제가 가진 최선을 다해서 최선을 다해서 업무에 더 수행을 할 수 있을 것 같고 또한 그것을 통해서 발생하는 성과가 저에게 오롯이 집중이 되기에 어 저에게 있어서 동기부여가 더욱더 될 것 같기 때문입니다. 따라서 저는 혼자 하는 업무가 더 좋고 또 그것을 더 선호하게 선호하고 있습니다. 이상입니다. 감사합니다.","wordCount":123},"emotion":[],"intent":[{"text":"","expression":"","category":"attitude"}],"summary":{"text":"협업은 신경써야 저만 잘 해서는 다 되는 것이 아니기 때문에 저는 개인적으로 혼자 하는 과제가 더 매력적이라고 느껴집니다. 그 이유는 협업은 제 책임 소재가 오롯이 자신에게 있기 때문입니다. 따라서 저는 혼자 하는 업무가 더 좋고 그것을 더 선호하게 선호하고 있습니다.","wordCount":40}}},"rawDataInfo":{"question":{"fileFormat":"wav","fileSize":313678,"duration":9800,"samplingBit":16,"channelCount":1,"samplingRate":"16kHz","audioPath":"/Mock/02.SalesMarketing/Male/New/ckmk_q_sm_m_n_185317.wav"},"answer":{"fileFormat":"wav","fileSize":2259918,"duration":70620,"samplingBit":16,"channelCount":1,"samplingRate":"16kHz","audioPath":"/Mock/02.SalesMarketing/Male/New/ckmk_a_sm_m_n_185317.wav"}}}