{"version":"1.0","dataSet":{"info":{"date":"20230116","occupation":"SM","channel":"MOCK","place":"ONLINE","gender":"MALE","ageRange":"-34","experience":"NEW"},"question":{"raw":{"text":"저희 회사는 업무에 관한 출장이 좀 많고 해외 출장으로 인한 시차 때문에 밤낮이 좀 바뀔 수 있어요 버틸 수 있는 자신이 있나요","wordCount":22},"emotion":[],"intent":[]},"answer":{"raw":{"text":"네 우선 음 출장으로 인해서 밤낮이 시차 때문에 바뀌고 하는 부분은 어 솔직히 말씀드리면 저는 지금 이 자리에서는 당연히 어 버틸 수 있고 괜찮다 라고 말씀을 드릴 수 밖에 없는 것 같습니다. 어 자신감이야 어 충분히 있습니다. 하지만 이제 현실적으로 체력이 따라줘야 되는 부분이기 때문에 아 업무를 위해서 어 만약에 제가 이 회사에 들어오게 된다면 어 따로 체력 관리라든지 조금 더 그런 힘든 업무와 스케줄에 어 버텨낼 수 있는 어 상태를 만들기 위해서 좀 노력을 해야 된다 라고 생각합니다. 자신감은 있습니다. 하지만 이제 어 이 자신감 갖고 되는 문제가 아니라 어 피지 피지컬 적으로 좀 어 그 버틸 만한 몸이 돼야 된다 라고 생각하기 때문에 어 최선을 다해서 어 열심히 좀 체력 관리와 영양 보충 등에 신경을 써서 아 잘 해내보도록 하겠습니다.","wordCount":122},"emotion":[],"intent":[{"text":"","expression":"","category":"attitude"}],"summary":{"text":"저는 지금 이 자리에서는 버틸 수 있고 괜찮다 라고 말씀을 할 수 밖에 없는 것 같습니다. 하지만 현실적으로 체력이 따라줘야 되는 부분이기 때문에 업무를 위해서 따로 체력 관리나 조금 더 힘든 업무와 스케줄에 어 견뎌낼 수 있는 상태를 만들기 위해서 노력을 해야 됩니다.","wordCount":43}}},"rawDataInfo":{"question":{"fileFormat":"wav","fileSize":355278,"duration":11100,"samplingBit":16,"channelCount":1,"samplingRate":"16kHz","audioPath":"/Mock/02.SalesMarketing/Male/New/ckmk_q_sm_m_n_249683.wav"},"answer":{"fileFormat":"wav","fileSize":3141518,"duration":98170,"samplingBit":16,"channelCount":1,"samplingRate":"16kHz","audioPath":"/Mock/02.SalesMarketing/Male/New/ckmk_a_sm_m_n_249683.wav"}}}