{"version":"1.0","dataSet":{"info":{"date":"20230116","occupation":"SM","channel":"MOCK","place":"ONLINE","gender":"MALE","ageRange":"-34","experience":"NEW"},"question":{"raw":{"text":"본인은 교번 근무에 잘 적응할 수 있다고 생각을 하시는지 궁금한데요 만약 그렇다면 그렇게 생각하는 그 이유도 함께 말씀해 주시기 바랍니다","wordCount":20},"emotion":[],"intent":[]},"answer":{"raw":{"text":"저는 교대 근무도 잘 할 수 있다고 생각합니다. 제가 입사하기 전에 약 삼 년 정도 소방 공무원으로 근무를 했었습니다. 아시다시피 소방 공무원은 교번 근무를 굉장히 많이 서는 직업 중의 하나입니다. 일 주일에 세 번 네 번 정도에 교번 근무를 섰던 경험이 있으니깐 어느 회사에 가더라도 교번 근무를 잘 설 수 있다고 생각합니다. 특히 요기서 제일 중요한 건 강한 체력이 유지되어야 됩니다. 교번 근무는 낮과 밤에 패턴이 바뀌는 일이기 때문에 강한 체력이 없다면 금방 지치고 스트레스를 받을 수 있습니다. 이런 부분에서 저는 끊임없이 체력 관리도 하고 있기 때문에 교번 근무를 잘 설 수 있다고 생각합니다.","wordCount":94},"emotion":[{"text":"제가 입사하기 전에 약 삼 년 정도 소방 공무원으로 근무를 했었습니다.","expression":"u-fact","category":"neutral"}],"intent":[{"text":"제가 입사하기 전에 약 삼 년 정도 소방 공무원으로 근무를 했었습니다.","expression":"c_private","category":"background"}],"summary":{"text":"소방 공무원은 낮과 밤에 패턴이 바뀌는 일이기 때문에 강한 체력이 유지되어야 되기 때문에 교대 근무도 잘 할 수 있습니다. 그래서 끊임없이 체력 관리도 하고 있기 때문에 교번 근무를 잘 설 수 있다고 생각합니다.","wordCount":33}}},"rawDataInfo":{"question":{"fileFormat":"wav","fileSize":434318,"duration":13570,"samplingBit":16,"channelCount":1,"samplingRate":"16kHz","audioPath":"/Mock/02.SalesMarketing/Male/New/ckmk_q_sm_m_n_227785.wav"},"answer":{"fileFormat":"wav","fileSize":2131278,"duration":66600,"samplingBit":16,"channelCount":1,"samplingRate":"16kHz","audioPath":"/Mock/02.SalesMarketing/Male/New/ckmk_a_sm_m_n_227785.wav"}}}