{"version":"1.0","dataSet":{"info":{"date":"20230116","occupation":"SM","channel":"MOCK","place":"ONLINE","gender":"MALE","ageRange":"-34","experience":"NEW"},"question":{"raw":{"text":"본인의 단점이 있다면 말씀해 주시고 그 단점을 보완하기 위해 기여한 노력이 있다면 함께 말씀해 주시기 바랍니다","wordCount":16},"emotion":[],"intent":[]},"answer":{"raw":{"text":"지원자님의 단점이 있다면 말씀해 주시고 이를 보완하기 위해 한 노력이 있다면 함께 말해주세요 라고 이렇게 질문을 해주셨는데요. 일단 제가 생각하는 저의 단점이 있다면 저는 어떤 일을 하기 전에 굉장히 소극적이고 제가 하기 싫어하는 일을 하게 되면 처음에 하기 싫은 티가 많이 난다는 것입니다. 이런 점에 있어서 저도 옛날부터 굉장히 고민이 많고 어 뭐 무슨 일을 시작하기 전부터 걱정을 한다는 것이 다른 사람에겐 불안감을 조성할 수 있고 좋지 않은 단점이라고 생각하는데요. 이를 보완하기 위한 노력이 있다면 저는 이 제 단점을 장점으로 승화시키자 생각을 많이 했습니다. 어떤 식으로 생각을 하였냐면 어 어떤 일을 하기 전에 굉장히 어 그 고민이 많고 약간 꺼려하는 부분이 있는 점을 제 장점으로 돌려 생각해서 어떤 일을 하더라도 신중하고 굉장히 조심스럽다 라는 점을 어 말을 하면서 이 단점을 장점으로 바꾸어서 어 극복할려고 노력을 많이 했습니다. 그럼에도 아직 어떤 일을 하기 전에 굉장히 걱정이 많지만 어 어떤 일이든 굉장히 조심스럽고 신중하게 한다고 항상 마인드 컨트롤을 하면서 어 이 단점을 장점으로 승화시키고 이를 보완하기 위해 열심히 노력한 것 같습니다.","wordCount":159},"emotion":[],"intent":[{"text":"","expression":"","category":"attitude"}],"summary":{"text":"지원자님의 단점을 보완하기 위한 노력이 있다면 말씀해 주셨으면 합니다. 저는 어떤 일을 하기 전에 굉장히 소극적이고 하기 싫은 일을 하게 되면 처음에 하기 싫은 티가 많이 난다는 점입니다. 이것을 장점으로 바꾸어서 극복할려고 노력을 많이 했습니다. 항상 마인드 컨트롤을 하면서 이 단점을 장점으로 승화시키고 이를 보완하기 위해 열심히 노력했습니다.","wordCount":48}}},"rawDataInfo":{"question":{"fileFormat":"wav","fileSize":345678,"duration":10800,"samplingBit":16,"channelCount":1,"samplingRate":"16kHz","audioPath":"/Mock/02.SalesMarketing/Male/New/ckmk_q_sm_m_n_199331.wav"},"answer":{"fileFormat":"wav","fileSize":2710158,"duration":84690,"samplingBit":16,"channelCount":1,"samplingRate":"16kHz","audioPath":"/Mock/02.SalesMarketing/Male/New/ckmk_a_sm_m_n_199331.wav"}}}