{"version":"1.0","dataSet":{"info":{"date":"20230116","occupation":"SM","channel":"MOCK","place":"ONLINE","gender":"MALE","ageRange":"-34","experience":"NEW"},"question":{"raw":{"text":"개인적으로 공부를 어떻게 하시는지 듣고 싶습니다 강의나 책을 활용한 공부법처럼 본인의 공부법에 대해 말씀해 주시길 바랍니다","wordCount":16},"emotion":[],"intent":[]},"answer":{"raw":{"text":"저는 개인적으로 시사 공부를 꾸준히 하고 있습니다. 매일매일 신문을 읽고 정 바쁜 날에는 신문 일 면 기사나 신문 사설들을 보면서 시사의 흐름을 놓치지 않으려고 꾸준히 노력하고 있습니다. 왜냐하면 새로운 사람들을 만나고 대화를 시작하는데 시사만큼 좋은 소재가 없기 때문입니다. 또한 강의나 책보다는 유튜브 채널을 통해서 여러 가지 교양을 쌓고 있는데요. 최근에는 유튜브에서 정말 많은 분야의 전문 지식들을 생생히 경험할 수 있습니다. 그래서 제가 좋아하는 분야가 아니더라도 과학이나 각종 해외 이슈들을 유튜브 채널을 통해서 공부하면서 다양한 분야에 폭넓게 여러 가지 지식들을 쌓으려고 노력하고 있습니다.","wordCount":82},"emotion":[],"intent":[{"text":"","expression":"","category":"attitude"}],"summary":{"text":"저는 새로운 사람과 대화할 때 시사만큼 좋은 소재가 없다고 생각하여 시사 공부를 꾸준히 하고 있습니다. 또 유튜브 채널을 통해 여러 가지 교양을 쌓고 있으며 다양한 분야에 폭넓게 여러 가지 지식들을 쌓으려고 노력합니다.","wordCount":32}}},"rawDataInfo":{"question":{"fileFormat":"wav","fileSize":581198,"duration":18160,"samplingBit":16,"channelCount":1,"samplingRate":"16kHz","audioPath":"/Mock/02.SalesMarketing/Male/New/ckmk_q_sm_m_n_180631.wav"},"answer":{"fileFormat":"wav","fileSize":2505678,"duration":78300,"samplingBit":16,"channelCount":1,"samplingRate":"16kHz","audioPath":"/Mock/02.SalesMarketing/Male/New/ckmk_a_sm_m_n_180631.wav"}}}