{"version":"1.0","dataSet":{"info":{"date":"20230116","occupation":"SM","channel":"MOCK","place":"ONLINE","gender":"MALE","ageRange":"-34","experience":"NEW"},"question":{"raw":{"text":"무언가를 달성하기 위해 목표를 세우고 이 삼 년간 열심히 노력하여 목표를 달성한 경험이 있으십니까 그런 경험에 관하여 말씀해 주시길 바랍니다","wordCount":20},"emotion":[],"intent":[]},"answer":{"raw":{"text":"저는 영어를 유창하게 하기 위해서 토익 만점이라는 목표를 세우고 무려 삼 년간 노력 끝에 이 목표를 달성했던 경험이 있습니다. 저는 정말 영어에 대해서는 아는 것이 없는 상태였는데요. 하지만 해외 영업 인재가 되기 위해 삼 년이라는 시간을 계획해서 꾸준히 영어 공부를 했습니다. 우선 영어 드라마들을 보면서 주인공들의 대사를 암기하고 또 영어로 된 노래만 들으면서 가사들을 외웠습니다. 그리고 호주로 워킹 홀리데이를 떠나서 일 년간 열심히 일하면서 현지인들과 영어로 소통하고 꾸준히 영어에 대한 감을 익혔습니다. 그리고 한국으로 돌아와서 저의 부족한 영어 문법 실력을 늘리기 위해 토익 학원에 등록해서 꾸준히 공부했습니다. 그 결과 삼 개월 전에 토익 만점이라는 제가 삼 년 전에 세웠던 목표를 달성했던 정말 뜻깊은 순간이 있었습니다.","wordCount":105},"emotion":[],"intent":[{"text":"하지만   해외 영업 인재가 되기 위해 삼 년이라는 시간을   계획해서 꾸준히 영어 공부를 했습니다.","expression":"c_chl","category":"personality"},{"text":"그리고 한국으로 돌아와서   저의 부족한 영어 문법 실력을 늘리기 위해 토익 학원에 등록해서   꾸준히 공부했습니다.","expression":"c_chl","category":"personality"},{"text":"그 결과 삼 개월 전에   토익 만점이라는 제가 삼 년 전에 세웠던 목표를 달성했던   정말 뜻깊은 순간이 있었습니다.","expression":"c_chl","category":"personality"}],"summary":{"text":"저는 영어를 유창하게 하기 위해서 토익 만점이라는 목표를 세우고 삼 년간 노력 끝에 이 목표를 달성했던 경험이 있습니다. 해외 영업 인재가 되기 위해 삼 년간의 시간을 계획해서 꾸준히 영어 공부를 했습니다. 그 결과 삼 개월 전에 토익 만점을 달성했습니다.","wordCount":39}}},"rawDataInfo":{"question":{"fileFormat":"wav","fileSize":466638,"duration":14580,"samplingBit":16,"channelCount":1,"samplingRate":"16kHz","audioPath":"/Mock/02.SalesMarketing/Male/New/ckmk_q_sm_m_n_181048.wav"},"answer":{"fileFormat":"wav","fileSize":2900878,"duration":90650,"samplingBit":16,"channelCount":1,"samplingRate":"16kHz","audioPath":"/Mock/02.SalesMarketing/Male/New/ckmk_a_sm_m_n_181048.wav"}}}