{"version":"1.0","dataSet":{"info":{"date":"20230116","occupation":"SM","channel":"MOCK","place":"ONLINE","gender":"MALE","ageRange":"-34","experience":"NEW"},"question":{"raw":{"text":"몇 년 전 우버 택시와 관련된 논란이 있었는데요 지원자님께서는 찬반양론에 대해 각각 어떻게 생각하십니까","wordCount":14},"emotion":[],"intent":[]},"answer":{"raw":{"text":"저는 개인적으로 우버 택시가 국내에 도입되는 것을 찬성을 하는 편인데요. 그렇게 생각을 되는 이유는 뭐 택시 기존의 택시 기사들의 밥자리 뭐 일자리를 뺏어간다 밥줄 밥 그릇 뺏기기다 이렇게 생각을 하실 수도 있겠지만 저는 시장 경제의 논리에 대해서 먼저 본질적인 것에 대해서 신뢰를 하고 있기 때문에 우버가 도입되더라도 그것이 오히려 더 시장에 긍정적인 영향을 낳지 않을까 라는 생각을 하고 있습니다. 현재 우리나라 택시는 독과점으로 인해서 기사들이 너무나도 갑이 되어 있습니다. 그것을 통해서 발생하는 피해는 오롯이 지금 국민들이 전부 다 떠안고 있는 상황입니다. 하지만 우버가 도입돼서 그들이 경각심을 갖고 서로 질 좋은 서비스를 내보이려고 노력을 하게 된다면 이것 또한 경제적으로 소비 결과적으로 소비자들 입장에서는 선순환으로 이어지는 것이기에 저는 이것에 대해서 이 도입에 대해서 찬성을 하고 있는 편입니다. 이상입니다. 감사합니다.","wordCount":117},"emotion":[],"intent":[{"text":"","expression":"","category":"attitude"}],"summary":{"text":"우리나라 택시는 독과점으로 기사들이 너무 갑이 되어 있어 피해를 국민들이 전부 다 떠안고 있지만, 우버가 도입돼서 서로 질 좋은 서비스를 내보이려고 노력을 하게 된다면 그것 또한 경제적으로 소비 결과적으로 소비자들 입장에서는 선순환으로 이어지는 것이기에 저는 우버 택시 도입에 찬성하고 있습니다.","wordCount":40}}},"rawDataInfo":{"question":{"fileFormat":"wav","fileSize":361038,"duration":11280,"samplingBit":16,"channelCount":1,"samplingRate":"16kHz","audioPath":"/Mock/02.SalesMarketing/Male/New/ckmk_q_sm_m_n_185320.wav"},"answer":{"fileFormat":"wav","fileSize":2149838,"duration":67180,"samplingBit":16,"channelCount":1,"samplingRate":"16kHz","audioPath":"/Mock/02.SalesMarketing/Male/New/ckmk_a_sm_m_n_185320.wav"}}}