{"version":"1.0","dataSet":{"info":{"date":"20230116","occupation":"SM","channel":"MOCK","place":"ONLINE","gender":"MALE","ageRange":"-34","experience":"NEW"},"question":{"raw":{"text":"본인의 의견을 주장할 때 강하게 주장하는 편이십니까 어떤 스타일로 자신의 의견을 주장하시는지 말씀해 주세요","wordCount":14},"emotion":[],"intent":[]},"answer":{"raw":{"text":"저는 의견을 주장할 때 매우 강하게 주장하는 편입니다. 저는 객관적인 근거들을 토대로 제 의견을 뒷받침하고 논리적으로 설득하는 것을 즐기는 편입니다. 예를 들면 믿을 수 있는 언론사에서 나온 뉴스 또 믿을 수 있는 기관에서 나온 각종 통계 자료 이렇게 믿을 수 있는 객관적인 근거들을 수집하고 이를 제가 말하고 싶은 내용에 맞게 잘 편집해서 사람들에게 깔끔하게 저의 의견과 근거를 논리적으로 제시하는 편입니다. 이런 방식으로 저는 저의 의견을 사람들에게 잘 설득시키는 편입니다. 이런 능력은 제가 이 회사에서 영업사원으로 사람들에게 우리 제품의 우수성을 알리는 데 큰 도움이 될 것입니다.","wordCount":85},"emotion":[],"intent":[{"text":"","expression":"","category":"attitude"}],"summary":{"text":"저는 객관적인 근거들을 토대로 제 의견을 뒷받침하고 논리적으로 설득하는 것을 즐기는 편입니다. 이런 능력은 제가 이 회사에서 영업사원으로 사람들에게 우리 제품의 우수성을 알리는 데 큰 도움이 될 것입니다.","wordCount":28}}},"rawDataInfo":{"question":{"fileFormat":"wav","fileSize":345678,"duration":10800,"samplingBit":16,"channelCount":1,"samplingRate":"16kHz","audioPath":"/Mock/02.SalesMarketing/Male/New/ckmk_q_sm_m_n_197118.wav"},"answer":{"fileFormat":"wav","fileSize":2502478,"duration":78200,"samplingBit":16,"channelCount":1,"samplingRate":"16kHz","audioPath":"/Mock/02.SalesMarketing/Male/New/ckmk_a_sm_m_n_197118.wav"}}}