{"version":"1.0","dataSet":{"info":{"date":"20230116","occupation":"SM","channel":"MOCK","place":"ONLINE","gender":"MALE","ageRange":"-34","experience":"NEW"},"question":{"raw":{"text":"귀하께서 생각하시는 영업에서 가장 중요하다고 생각되는 것이 무엇인지 본인에 의견을 말씀해 주세요","wordCount":12},"emotion":[],"intent":[]},"answer":{"raw":{"text":"영업에서 가장 중요한 것은 바로 소통 능력이라고 생각합니다. 왜냐하면 영업은 사람을 만나 그 사람을 설득하고 협상하는 것이 매우 중요하기 때문인데요 이렇게 사람들과 잘 소통하기 위해서는 새로운 사람과도 쉽게 친해지는 것이 매우 중요합니다. 사람들과 쉽게 친해지기 위해서는 시사 공부를 평소에 하는 것이 효과적인 방법입니다. 왜냐하면 새로운 사람을 만나서 공통점에 찾고 공감대를 형성하면 쉽게 친해지고 소통할 수 있기 때문입니다. 주식을 좋아하는 사람이라면 주식에 대해서 많은 뉴스를 공부해서 대화하고 스포츠를 좋아하는 사람이라면 스포츠에 대해서 공부해서 이야기하고 이렇게 하기 위해서는 평소에 최근의 뉴스를 즐겨 보는 그런 습관을 들이는 것이 중요합니다.","wordCount":86},"emotion":[],"intent":[{"text":"","expression":"","category":"attitude"}],"summary":{"text":"영업에서 가장 중요한 것은 소통 능력입니다. 사람과 잘 소통하기 위해서는 새로운 사람과도 쉽게 친해지는 것이 매우 중요하기 때문에 시사 공부를 평소에 하는 것이 효과적인 방법이라고 할 수 있습니다.","wordCount":28}}},"rawDataInfo":{"question":{"fileFormat":"wav","fileSize":360398,"duration":11260,"samplingBit":16,"channelCount":1,"samplingRate":"16kHz","audioPath":"/Mock/02.SalesMarketing/Male/New/ckmk_q_sm_m_n_197010.wav"},"answer":{"fileFormat":"wav","fileSize":2760078,"duration":86250,"samplingBit":16,"channelCount":1,"samplingRate":"16kHz","audioPath":"/Mock/02.SalesMarketing/Male/New/ckmk_a_sm_m_n_197010.wav"}}}