{"version":"1.0","dataSet":{"info":{"date":"20230116","occupation":"SM","channel":"MOCK","place":"ONLINE","gender":"MALE","ageRange":"-34","experience":"NEW"},"question":{"raw":{"text":"아이패드와 같이 시장에서 꾸준히 관심을 받고 또 꾸준히 구매가 되고 있는 제품들의 특징에 대해서 자세하게 설명해 주세요","wordCount":17},"emotion":[],"intent":[]},"answer":{"raw":{"text":"아이패드 맥북 에어팟 제트플립 등과 같이 시장에서 관심을 받는 제품의 특징은 바로 혁신이 있다는 것입니다. 예를 들어 아이패드란 제품은 정말 혁신 그 자체였는데요. 우리는 보통 수요가 있어야 공급이 생긴다고 생각합니다. 하지만 아이패드는 공급이 수요를 만든 정말 최초의 사례 중 하나인데요. 단순히 휴대폰을 크게 한 것이 아니라 아이 패드는 더 많은 작업 휴대폰과 컴퓨터의 중간으로서 휴대성과 작업성을 모두 가진 그야말로 혁신의 기기였습니다. 맥북이나 에어팟 제트플립 또한 마찬가지입니다. 이처럼 혁신을 담고 있는 제품들은 시장에서 큰 관심을 받는다는 것을 정말 살면서 많이 목격하고 또 깨달았습니다.","wordCount":82},"emotion":[],"intent":[{"text":"","expression":"","category":"attitude"}],"summary":{"text":"시장에서 관심을 받는 제품의 특징은 바로 혁신입니다. 예를 들어 아이 패드는 휴대성과 작업성을 모두 가진 혁신의 기기였습니다. 이처럼 혁신을 담고 있는 제품들은 시장에서 큰 관심을 받는다는 것을 살면서 많이 목격하고 깨달았습니다.","wordCount":31}}},"rawDataInfo":{"question":{"fileFormat":"wav","fileSize":403278,"duration":12600,"samplingBit":16,"channelCount":1,"samplingRate":"16kHz","audioPath":"/Mock/02.SalesMarketing/Male/New/ckmk_q_sm_m_n_203936.wav"},"answer":{"fileFormat":"wav","fileSize":2560718,"duration":80020,"samplingBit":16,"channelCount":1,"samplingRate":"16kHz","audioPath":"/Mock/02.SalesMarketing/Male/New/ckmk_a_sm_m_n_203936.wav"}}}