{"version":"1.0","dataSet":{"info":{"date":"20230116","occupation":"SM","channel":"MOCK","place":"ONLINE","gender":"MALE","ageRange":"-34","experience":"NEW"},"question":{"raw":{"text":"대학 생활을 보내면서 가장 힘들었던 경험은 무엇입니까 그것을 어떻게 극복하셨는지도 함께 말씀해 주세요","wordCount":13},"emotion":[],"intent":[]},"answer":{"raw":{"text":"대학 생활을 보내면서 가장 힘들었던 경험은 바로 전 여자 친구가 바람을 폈던 경험입니다. 저는 대학 시절 같은 전공을 하는 동기 여학생과 사귀였던 경험이 있습니다. 하지만 제가 스무 살이라는 어린 나이에 군대에 가게 됐고 제 여자 친구는 저를 기다려 주겠다고 말했지만 실제로는 제가 군대에 가고 삼 개월 뒤에 저에게 이별을 말했습니다. 저는 매우 힘들었지만 그래도 잘 버티고 있었습니다. 하지만 대학 동기가 제 전 여자 친구가 저에게 이별을 말한 이유가 바로 저의 친한 선배와 바람이 났기 때문이라고 알려주었고 저는 큰 충격을 받고 아주 힘든 시간을 보냈습니다. 하지만 군 제대 후 새 여자 친구를 만나면서 자연스럽게 이 상처는 극복이 되었습니다.","wordCount":97},"emotion":[],"intent":[{"text":"","expression":"","category":"attitude"}],"summary":{"text":"대학 생활 중 가장 힘들었던 경험은 바로 전 여자 친구가 바람을 폈던 경험입니다. 같은 전공의 동기 여학생과 사귀었던 적이 있었는데, 저는 어린 나이에 군대를 가게 됐고 여자 친구가 이별을 말했습니다. 하지만 군 제대 후 새 여자 친구를 만나면서 자연스럽게 이 상처는 극복되었습니다.","wordCount":42}}},"rawDataInfo":{"question":{"fileFormat":"wav","fileSize":332878,"duration":10400,"samplingBit":16,"channelCount":1,"samplingRate":"16kHz","audioPath":"/Mock/02.SalesMarketing/Male/New/ckmk_q_sm_m_n_203935.wav"},"answer":{"fileFormat":"wav","fileSize":2618958,"duration":81840,"samplingBit":16,"channelCount":1,"samplingRate":"16kHz","audioPath":"/Mock/02.SalesMarketing/Male/New/ckmk_a_sm_m_n_203935.wav"}}}