{"version":"1.0","dataSet":{"info":{"date":"20230116","occupation":"SM","channel":"MOCK","place":"ONLINE","gender":"MALE","ageRange":"35-44","experience":"NEW"},"question":{"raw":{"text":"지원자께서 입사 후 업무로 보시는데 만약 거래처와 갈등이 생긴다면 이것에 대해서 어떻게 풀 것인지 말씀해 주십시오","wordCount":16},"emotion":[],"intent":[]},"answer":{"raw":{"text":"거 영업을 하다 보면 거래처와 갈등이 생길 수 있습니다. 당연한 예 일입니다. 그런데 이런 상황을 어떻게 풀어나가야 할지 저한테 질문을 하셨습니다. 거래처와 갈등이 생긴다면 일단 그 갈등의 이유가 중요할 것입니다. 예를 들어 동일한 물품을 다른 판매자보다 비싸게 구입을 하고 있었거나 또는 더 질이 좋지 않은 물품을 구입을 하거나 이 두 가지 같은 경우라면 다른 경쟁사와 충분히 비교했을 때 어 더 좋거나 아니면 최소한 통일한 조건으로 거래를 할 수 있도록 최선을 다하겠습니다. 그리고 다른 거래처보다 더 좋은 조건으로 지금까지 거래를 하고 있었다면 또 그 상대방의 거래처가 더 좋은 조건으로 이 물품을 구입할 수 없는 그런 상황에 생긴 갈등이라면 그냥 어 상대 거래처의 상황과 마음을 터놓고 편히 문제를 풀어나갈 수 있는 해답을 찾아야 할 것입니다.","wordCount":113},"emotion":[],"intent":[{"text":"","expression":"","category":"attitude"}],"summary":{"text":"거래처와 갈등이 생겼다면 그 갈등의 이유가 중요합니다. 동일한 물품을 다른 판매자보다 비싸게 구입하거나 더 질이 좋지 않은 물품을 구입을 했다면 다른 경쟁사와 충분히 비교했을 때 더 좋거나 최소한 통일한 조건으로 거래를 할 수 있도록 최선을 다하겠습니다.","wordCount":36}}},"rawDataInfo":{"question":{"fileFormat":"wav","fileSize":440398,"duration":13760,"samplingBit":16,"channelCount":1,"samplingRate":"16kHz","audioPath":"/Mock/02.SalesMarketing/Male/New/ckmk_q_sm_m_n_196770.wav"},"answer":{"fileFormat":"wav","fileSize":2931918,"duration":91620,"samplingBit":16,"channelCount":1,"samplingRate":"16kHz","audioPath":"/Mock/02.SalesMarketing/Male/New/ckmk_a_sm_m_n_196770.wav"}}}