{"version":"1.0","dataSet":{"info":{"date":"20230116","occupation":"SM","channel":"MOCK","place":"ONLINE","gender":"MALE","ageRange":"-34","experience":"NEW"},"question":{"raw":{"text":"지원자께서도 아시다시피 회사에는 마케팅이 중요합니다 그렇다면 지원자께서 생각하는 마케팅의 개념은 무엇인지 말씀해 주십시오","wordCount":13},"emotion":[],"intent":[]},"answer":{"raw":{"text":"제가 생각하는 마케팅의 개념은 알리는 것입니다. 사업에서 중요한 요소들이 있는데요. 우선은 좋은 상품을 만드는 것이 중요합니다. 이러한 좋은 상품이 마련된 후에 중요한 것은 그러한 상품을 알리는 것인데요. 좋은 상품이 있더라도 사람들이 알지 못한다면 그 상품은 팔리지가 않을 것이기 때문입니다. 그래서 마케팅은 굉장히 중요합니다. 이 마케팅이 중요한 이유는 바로 이 좋은 상품이 필요한 사람들에게 어떻게 잘 노출이 되어지는지 와 관련이 있기 때문인데요. 어떤 특정 대상을 타게팅한 제품들이 있습니다. 혹은 상품들이 있습니다. 이러한 제품 혹은 상품들은 그러한 대상들에게 자주 노출되고 또 호감을 심어주어야 정말 의도한 대로 잘 팔릴 수가 있습니다. 그렇기 때문에 이러한 마케팅을 통해 대상을 분석하고 또 그런 대상들이 자주 접하는 플랫폼들을 찾는 것이 정말 중요하다고 생각합니다. 이러한 다양한 과정을 거쳐서 대상에 대한 어 정보를 수립하게 되면 이제 해당 대상을 정확하게 공략할 수 있는 포인트를 알 수 있습니다. 이것은 수익으로 직결되는 문제이므로 마케팅은 굉장히 중요하다고 생각합니다.","wordCount":135},"emotion":[],"intent":[{"text":"","expression":"","category":"attitude"}],"summary":{"text":"마케팅의 개념은 알리는 것으로 사업에서 중요한 요소입니다. 좋은 상품이 마련된 후에 중요한 것은 그 상품을 알리는 것입니다. 마케팅이 중요한 이유는 특정 대상을 타게팅한 제품들이 필요한 사람들에게 자주 노출되고 호감을 심어주어야 의도한 대로 잘 팔릴 수 있기 때문입니다. 다양한 과정을 거쳐서 정보를 수립하면 공략 포인트를 알 수 있습니다.","wordCount":47}}},"rawDataInfo":{"question":{"fileFormat":"wav","fileSize":438478,"duration":13700,"samplingBit":16,"channelCount":1,"samplingRate":"16kHz","audioPath":"/Mock/02.SalesMarketing/Male/New/ckmk_q_sm_m_n_240291.wav"},"answer":{"fileFormat":"wav","fileSize":3779918,"duration":118120,"samplingBit":16,"channelCount":1,"samplingRate":"16kHz","audioPath":"/Mock/02.SalesMarketing/Male/New/ckmk_a_sm_m_n_240291.wav"}}}