{"version":"1.0","dataSet":{"info":{"date":"20230116","occupation":"SM","channel":"MOCK","place":"ONLINE","gender":"MALE","ageRange":"-34","experience":"NEW"},"question":{"raw":{"text":"지원자님께서 만약 우리 회사에 입사를 한다면 꼭 하고 싶은 업무가 있으십니까 있다면 어떤 업무인지 말씀을 해 주시고 왜 그 일을 하고 싶은지에 대해서도 함께 말씀해 주시기 바랍니다","wordCount":27},"emotion":[],"intent":[]},"answer":{"raw":{"text":"저는 이 회사에 들어와서 미국 진출 업무를 해보고 싶습니다. 그 이유는 여러 가지가 있는데요 먼저 첫 번째로 미국은 명실상부 세계 최강대국으로 세계에서 가장 큰 시장을 가지고 있는 국가입니다. 따라서 우리 회사에 미국 진출이라는 막대한 업무를 담당하면 물론 책임감도 느끼고 매우 힘들겠지만 저의 커리어에 있어서 그리고 저의 역량에 있어서 매우 큰 성장을 가져다줄 것이라 확실하기 때문입니다. 두 번째는 제가 미국 진출에 성공한다면 유럽 남미 아프리카 등등 다른 대륙 다른 국가 다른 문화에서도 충분히 우리 회사를 알리고 성공시킬 수 있다는 증거이기 때문에 미국 진출을 기반으로 삼아 다른 국가로도 진출해 보고 싶기 때문입니다. 이런 이유들로 저는 미국 진출 업무를 굉장히 담당하고 싶습니다.","wordCount":99},"emotion":[],"intent":[{"text":"","expression":"","category":"attitude"}],"summary":{"text":"세계 최강대국인 미국의 진출 업무 담당이 내 커리어 및 역량에 큰 성장을 가져다줄 것 같으며, 미국 진출이 성공한다면 다른 대륙 다른 문화에서도 우리 회사를 알리고 성공시킬 수 있다는 증거이기에 다른 국가로도 진출해 보고 싶기 때문에 미국 진출 업무를 담당하고 싶습니다.","wordCount":40}}},"rawDataInfo":{"question":{"fileFormat":"wav","fileSize":577998,"duration":18060,"samplingBit":16,"channelCount":1,"samplingRate":"16kHz","audioPath":"/Mock/02.SalesMarketing/Male/New/ckmk_q_sm_m_n_197119.wav"},"answer":{"fileFormat":"wav","fileSize":2860878,"duration":89400,"samplingBit":16,"channelCount":1,"samplingRate":"16kHz","audioPath":"/Mock/02.SalesMarketing/Male/New/ckmk_a_sm_m_n_197119.wav"}}}