{"version":"1.0","dataSet":{"info":{"date":"20230116","occupation":"SM","channel":"MOCK","place":"ONLINE","gender":"MALE","ageRange":"-34","experience":"NEW"},"question":{"raw":{"text":"네 본인이 창의적으로 어떤 문제를 해결해 본 경험이 있으신가요 어 그 경험에 대해서 그 과정을 최대한 자세하게 설명해 주시면 좋겠습니다","wordCount":20},"emotion":[],"intent":[]},"answer":{"raw":{"text":"저는 창의적으로 문제를 해결한 경험이 많습니다. 그중에서 가장 기억에 남는 경험은 이전 직장에서 대리점 사장님의 화를 창의적으로 풀어줬던 경험입니다. 저는 이전에 아이스크림 회사에 다녔는데요 그러면서 한 대리점 사장님과 갈등이 있었습니다. 문제는 그 대리점 사장님이 아이스크림이 급하게 필요한데 제가 주문을 잘못 넣어서 아이스크림을 제 때 갖다 주지 못했던 것입니다. 그래서 저는 저의 자가용의 아이스크림을 싣고 차에 드라이아이스도 함께 실어서 아이스크림이 녹지 않게 하고 운전석에는 창문을 열어서 드라이아이스로 인한 호흡 곤란을 방지했습니다 .이렇게 제가 직접 차를 몰아서 아이스크림을 갖다 주자 사장님은 저를 믿고 같이 열심히 일할 수 있게 되었습니다.","wordCount":87},"emotion":[],"intent":[{"text":"","expression":"","category":"attitude"}],"summary":{"text":"아이스크림 회사에 재직중일때, 주문을 잘못 넣어 실수를 한 적이 있습니다. 급하게 자차를 이용해 대리점 사장님께 직접 아이스크림을 갖다 드렸고  그 후로도 계속 같이 일할수 있게 됐습니다.","wordCount":26}}},"rawDataInfo":{"question":{"fileFormat":"wav","fileSize":470478,"duration":14700,"samplingBit":16,"channelCount":1,"samplingRate":"16kHz","audioPath":"/Mock/02.SalesMarketing/Male/New/ckmk_q_sm_m_n_197104.wav"},"answer":{"fileFormat":"wav","fileSize":2820238,"duration":88130,"samplingBit":16,"channelCount":1,"samplingRate":"16kHz","audioPath":"/Mock/02.SalesMarketing/Male/New/ckmk_a_sm_m_n_197104.wav"}}}