{"version":"1.0","dataSet":{"info":{"date":"20230116","occupation":"SM","channel":"MOCK","place":"ONLINE","gender":"MALE","ageRange":"-34","experience":"NEW"},"question":{"raw":{"text":"지원자님의 전공과 관련해서 최근 부족함을 느끼고 별도로 공부를 하고 있는 분야가 있으십니까","wordCount":12},"emotion":[],"intent":[]},"answer":{"raw":{"text":"저는 대학교 때 경영학과에서 경영학을 전공했습니다. 경영학이라는 학문 자체가 워낙 광범위한 학문이고 어려운 학문이기 때문에 글로만 배우는 것이 이해가 안 갔습니다. 특히 저는 영업직을 하고 싶은 사람으로서 영업과 관련된 학문을 조금 더 배우고 싶었습니다. 그러던 중에 경영학 석사 과정에 협상과 관련된 수업이 있다는 것을 알게 되었습니다. 영업 직원에게 협상 능력은 굉장히 중요한 능력 중의 하나입니다. 그래서 제가 부족하다고 생각했던 경영 분야에 대해서 더 공부도 할 수 있고 협상과 관련된 수업도 들을 수 있는 경영학 석사 과정을 수료하고 있습니다. 이를 통해서 협상 능력을 갖추고 있는 영업 사원으로 거듭나겠습니다.","wordCount":87},"emotion":[{"text":"저는 대학교 때 경영학과에서 경영학을 전공했습니다.","expression":"u-fact","category":"neutral"}],"intent":[{"text":"","expression":"","category":"attitude"}],"summary":{"text":"저는 영업직을 하고 싶은 사람으로서 경영학 석사 과정에 협상과 관련된 수업이 있다는 것을 알게 되었습니다. 이를 통해 협상 능력을 갖추고 있는 영업 사원으로 거듭나겠습니다.","wordCount":24}}},"rawDataInfo":{"question":{"fileFormat":"wav","fileSize":313326,"duration":9789,"samplingBit":16,"channelCount":1,"samplingRate":"16kHz","audioPath":"/Mock/02.SalesMarketing/Male/New/ckmk_q_sm_m_n_236170.wav"},"answer":{"fileFormat":"wav","fileSize":2437198,"duration":76160,"samplingBit":16,"channelCount":1,"samplingRate":"16kHz","audioPath":"/Mock/02.SalesMarketing/Male/New/ckmk_a_sm_m_n_236170.wav"}}}