{"version":"1.0","dataSet":{"info":{"date":"20230116","occupation":"SM","channel":"MOCK","place":"ONLINE","gender":"MALE","ageRange":"-34","experience":"NEW"},"question":{"raw":{"text":"커뮤니케이션을 잘 할 수 있는 본인만의 노하우가 있나요 있다면 한번 소개해 주시면 감사하겠습니다 어 이 자리에서 직접 보여주셔도 좋습니다","wordCount":19},"emotion":[],"intent":[]},"answer":{"raw":{"text":"저는 저만 가지고 있는 커뮤니케이션을 잘 할 수 있는 비법이 있습니다. 언제부터 제가 이걸 개발해 가지고 사용했는지는 정확히 기억이 나지 않지만 저는 항상 이 방법을 써서 상대방으로 하여금 많은 호감을 얻어낼 수 있었습니다. 그것은 바로 상대방이 얘기할 때 눈썹을 이렇게 위로 치켜드는 겁니다. 설사 내가 상대방의 얘기를 잘 집중하지 못하고 있을 때도 있습니다. 무언가를 얘기를 하고 있는데 어떤 나의 고민 때문에 잠깐 얘기를 듣는 중에도 다른 생각으로 빠져들 수가 있습니다. 인간은 뇌에 한계가 있기 때문입니다. 그렇지만 그것이 자각되었다면 이렇게 눈썹을 위로 한번 치켜들어서 상대방을 쳐다보면 아 상대방으로 하여금 아 이 사람은 지금 내 얘기를 진중하게 듣고 있구나 라는 한 인상을 심어줄 수 있게 됩니다. 그런 인상이 상대방으로 하여금 경청을 하는 태도를 호감을 갖게 해 해 주고 있습니다.","wordCount":117},"emotion":[],"intent":[{"text":"","expression":"","category":"attitude"}],"summary":{"text":"저는 상대방이 말할 때 눈썹을 위로 치켜드는 방법으로 상대방이 경청하는 태도를 호감으로 만들었습니다. 인간은 뇌에 한계가 있기 때문에 얘기를 듣는 중에 다른 생각에 빠져들 수 있습니다. 그러나 이것이 자각 되었다면 이렇게 눈썹을 치켜들면 아 이 사람은 지금 내 얘기를 진중하게 듣고 있구나 라는 한 인상을 심어줄 수 있게 됩니다.","wordCount":49}}},"rawDataInfo":{"question":{"fileFormat":"wav","fileSize":449358,"duration":14040,"samplingBit":16,"channelCount":1,"samplingRate":"16kHz","audioPath":"/Mock/02.SalesMarketing/Male/New/ckmk_q_sm_m_n_193705.wav"},"answer":{"fileFormat":"wav","fileSize":2608718,"duration":81520,"samplingBit":16,"channelCount":1,"samplingRate":"16kHz","audioPath":"/Mock/02.SalesMarketing/Male/New/ckmk_a_sm_m_n_193705.wav"}}}