{"version":"1.0","dataSet":{"info":{"date":"20230116","occupation":"SM","channel":"MOCK","place":"ONLINE","gender":"MALE","ageRange":"-34","experience":"NEW"},"question":{"raw":{"text":"지금까지 살아오면서 본인을 가장 힘들게 했던 경험은 무엇인가요 그것을 어떻게 극복하셨는지도 궁금합니다","wordCount":12},"emotion":[],"intent":[]},"answer":{"raw":{"text":"지금까지 살아오면서 가장 힘들었던 경험은 바로 여자친구가 바람을 폈던 경험입니다. 저는 대학교 일 학년 때 만나던 여자친구가 있었는데요 제가 군대에 예상보다 빨리 가게 되면서 여자친구와 이별을 하게 되었습니다. 그리고 이십 일 개월간에 군 복무를 다 마치고 나서 충격적인 소식을 들었는데요 바로 제가 군대에서 열심히 일하고 있을 때 여자친구는 조와 가장 친했던 선배와 바람을 폈다는 것입니다. 친구들은 제가 충격을 받을까 봐 저에게 그 이야기를 하지 않았지만 저는 뒤늦게 그 사실을 알고 아주 충격받았습니다. 하지만 시간이 흐르고 저도 다른 여자친구를 만나면서 이 경험 이 상처를 극복할 수 있었습니다.","wordCount":86},"emotion":[],"intent":[{"text":"","expression":"","category":"attitude"}],"summary":{"text":"여자친구가 바람을 폈던 경험은 지금까지 살아오면서 가장 힘들었던 경험입니다. 군대를 예상보다 빨리 가게 되면서 여자친구와 이별을 하게 되었고, 군 복무를 다 마치고 나서도 여자친구가 저와 가장 친했던 선배와 바람을 피웠다는 것을 알게 되었습니다.","wordCount":33}}},"rawDataInfo":{"question":{"fileFormat":"wav","fileSize":368078,"duration":11500,"samplingBit":16,"channelCount":1,"samplingRate":"16kHz","audioPath":"/Mock/02.SalesMarketing/Male/New/ckmk_q_sm_m_n_197111.wav"},"answer":{"fileFormat":"wav","fileSize":2585358,"duration":80790,"samplingBit":16,"channelCount":1,"samplingRate":"16kHz","audioPath":"/Mock/02.SalesMarketing/Male/New/ckmk_a_sm_m_n_197111.wav"}}}