{"version":"1.0","dataSet":{"info":{"date":"20230116","occupation":"SM","channel":"MOCK","place":"ONLINE","gender":"MALE","ageRange":"-34","experience":"NEW"},"question":{"raw":{"text":"이 면접에서 최종 탈락하신다면 어떤 점이 부족해서 탈락했다고 생각합니까","wordCount":9},"emotion":[],"intent":[]},"answer":{"raw":{"text":"만약에 면접에서 최종 탈락한다면 저는 저의 능력을 다 보여주지 못했기 때문에 떨어졌다고 생각하겠습니다. 저는 이 영업 직무에서 가져야 할 모든 역량과 지식 그리고 좋은 태도도 가지고 있습니다. 저는 경영학을 전공했고 식품 기업에서 일 년 간 영업 인턴을 경험한 적이 있습니다. 이렇게 저는 직무 역량을 충분히 쌓아 온 인재입니다. 또한 지식도 상당한데요. 복수 전공으로 식품영양학과를 택하면서 식품 업계에 대해서 늘 관심을 가지고 공부했습니다. 또한 식품영양학에 대한 전문적인 지식도 쌓았습니다. 그리고 일 년 간의 인턴 생활을 하면서 업계 지식을 더 쌓았는데요. 이렇게 지식도 충분히 가지고 있습니다. 또한 저는 매사에 긍정적이고 도전하는 자세를 가지고 있습니다. 이러한 자세는 영업직으로서 매우 귀중한 자세입니다. 그래서 저는 능력이 정말 뛰어나지만 단 하나 면접관님께 저의 모든 능력을 다 보여드리지 못한 것이 부족했다고 생각할 것입니다.","wordCount":116},"emotion":[{"text":"저는 경영학을 전공했고 식품 기업에서 일 년 간 영업 인턴을 경험한 적이 있습니다.","expression":"u-fact","category":"neutral"},{"text":"복수 전공으로 식품영양학과를 택하면서 식품 업계에 대해서 늘 관심을 가지고 공부했습니다.","expression":"p-interest","category":"positive"},{"text":"그리고 일 년 간의 인턴 생활을 하면서 업계 지식을 더 쌓았는데요.","expression":"u-fact","category":"neutral"}],"intent":[{"text":"저는 경영학을 전공했고 식품 기업에서 일 년 간 영업 인턴을 경험한 적이 있습니다.","expression":"c_private","category":"background"},{"text":"복수 전공으로 식품영양학과를 택하면서 식품 업계에 대해서 늘 관심을 가지고 공부했습니다.","expression":"c_private","category":"background"}],"summary":{"text":"저는 경영학을 전공했고 식품 기업에서 일 년 간 영업 인턴을 경험한 적이 있으며 복수 전공으로 식품영양학과를 택하면서 식품 업계에 대해 늘 관심을 가지고 공부했습니다. 또한 매사에 긍정적이고 도전하는 자세는 영업직으로서 매우 귀중한 자세입니다. 면접관님께 제 능력을 다 보여주지 못한 것이 부족했다고 생각할 것입니다.","wordCount":43}}},"rawDataInfo":{"question":{"fileFormat":"wav","fileSize":249678,"duration":7800,"samplingBit":16,"channelCount":1,"samplingRate":"16kHz","audioPath":"/Mock/02.SalesMarketing/Male/New/ckmk_q_sm_m_n_191009.wav"},"answer":{"fileFormat":"wav","fileSize":2890318,"duration":90320,"samplingBit":16,"channelCount":1,"samplingRate":"16kHz","audioPath":"/Mock/02.SalesMarketing/Male/New/ckmk_a_sm_m_n_191009.wav"}}}