{"version":"1.0","dataSet":{"info":{"date":"20230116","occupation":"SM","channel":"MOCK","place":"ONLINE","gender":"MALE","ageRange":"35-44","experience":"NEW"},"question":{"raw":{"text":"지원자님께서 특별히 이 직무에 지원한 이유가 무엇인지 말씀 부탁드리겠습니다 그리고 본인이 왜 이 직무에 적합한 인재인지도 설명을 해 주시기 바랍니다","wordCount":20},"emotion":[],"intent":[]},"answer":{"raw":{"text":"이 직무에 지원한 이유가 무엇이고 왜 적합한 인재인지 설명해 달라고 하셨습니다. 지금 이 직무를 저는 오래 전부터 지원을 하기 위해 천천히 준비를 해왔었고 학창 시절 이후 이 직무를 위한 전공을 살려 대학교에서 공부를 하였습니다. 그리고 이 직무를 위해 학원을 다녔고 모든 종합적인 준비 과정부터 저희 적성 그리고 저희 재능 모든 것을 종합적으로 검토해 왔을 때도 가장 제가 하고 싶었던 꿈꿔 왔던 일이기 때문입니다. 그리고 제가 왜 적합한 인재인지는 저의 경력과 그리고 저의 자격 모든 것들을 종합해 봤을 때 다른 지원자들에 비해서 처 뒤쳐지거나 모자란 부족함 없이 충분히 당당하게 입사할 수 있을 정도의 스펙을 다 가지고 있기 때문에 누구보다도 더 적합한 인재가 아닐까 하고 생각을 하고 있습니다.","wordCount":106},"emotion":[],"intent":[{"text":"지금 이 직무를 저는 오래 전부터 지원을 하기 위해 천천히 준비를 해왔었고 학창 시절 이후 이 직무를 위한 전공을 살려 대학교에서 공부를 하였습니다.","expression":"c_sincere_job","category":"etc"},{"text":"그리고 이 직무를 위해 학원을 다녔고 모든 종합적인 준비 과정부터 저희 적성 그리고 저희 재능 모든 것을 종합적으로 검토해 왔을 때도 가장 제가 하고 싶었던 꿈꿔 왔던 일이기 때문입니다.","expression":"c_sincere_job","category":"etc"}],"summary":{"text":"이 직무에 지원한 이유가 무엇이고 왜 적합한 인재인지 설명을 해 달라고 하였습니다. 저는 모든 것들을 종합해 봤을 때 다른 지원자들에 비해서 당당하게 입사할 수 있을 정도의 스펙을 가지고 있기 때문에 누구보다도 더 적합한 인재가 아닐까 하고 생각을 하고 있습니다.","wordCount":39}}},"rawDataInfo":{"question":{"fileFormat":"wav","fileSize":575118,"duration":17970,"samplingBit":16,"channelCount":1,"samplingRate":"16kHz","audioPath":"/Mock/02.SalesMarketing/Male/New/ckmk_q_sm_m_n_231095.wav"},"answer":{"fileFormat":"wav","fileSize":3065678,"duration":95800,"samplingBit":16,"channelCount":1,"samplingRate":"16kHz","audioPath":"/Mock/02.SalesMarketing/Male/New/ckmk_a_sm_m_n_231095.wav"}}}