{"version":"1.0","dataSet":{"info":{"date":"20230116","occupation":"SM","channel":"MOCK","place":"ONLINE","gender":"MALE","ageRange":"-34","experience":"NEW"},"question":{"raw":{"text":"무언가를 달성하기 위해 목표를 세우고 이 삼 년간 열심히 노력하여 그 목표를 달성한 경험이 있으신가요","wordCount":15},"emotion":[],"intent":[]},"answer":{"raw":{"text":"저는 토익 만점이라는 목표를 달성하기 위해서 삼 년간 꾸준히 노력해서 이 목표를 달성한 경험이 있습니다. 저는 삼 년 전 영어에 대해서는 정말 자신감이 부족하고 실력도 모자란 사람이었습니다. 이를 극복하기 위해 토익 만점이라는 목표를 세우고 부단히 노력했습니다. 먼저 영어로 된 드라마를 보면서 주인공의 대사를 암기하고 따라 했습니다. 또 영어로 된 노래를 들으면서 가사를 외웠습니다. 이렇게 영어에 대한 감을 잡은 뒤 호주로 떠나 일을 하면서 영어를 배웠습니다. 그렇게 호주에서 일 년을 보낸 뒤 한국으로 돌아와 토익 학원에 등록했습니다. 바로 제게 부족했던 영어 문법을 공부하기 위해서인데요. 그렇게 삼 년간 열심히 공부한 끝에 얼마 전 토익 시험을 쳤고 이 토익 시험에서 무려 만점이라는 성적을 받으면서 삼 년 전 제가 세웠던 목표를 달성했습니다.","wordCount":108},"emotion":[],"intent":[{"text":"그렇게 삼 년간 열심히 공부한 끝에 얼마 전 토익 시험을 쳤고   이 토익 시험에서 무려 만점이라는 성적을 받으면서   삼 년 전 제가 세웠던 목표를 달성했습니다.","expression":"c_chl","category":"personality"}],"summary":{"text":"저는 토익 만점이라는 목표를 달성하기 위해서 삼 년간 꾸준히 노력해서 이 목표를 달성한 경험이 있습니다. 드라마 속 주인공의 대사와 가사를 암기하고, 호주로 떠나 일 년을 보낸 뒤 한국으로 돌아와 토익 학원에 등록하고 공부 끝에 토익 시험에서 만점이라는 성적을 받았습니다.","wordCount":39}}},"rawDataInfo":{"question":{"fileFormat":"wav","fileSize":387278,"duration":12100,"samplingBit":16,"channelCount":1,"samplingRate":"16kHz","audioPath":"/Mock/02.SalesMarketing/Male/New/ckmk_q_sm_m_n_181164.wav"},"answer":{"fileFormat":"wav","fileSize":2793358,"duration":87290,"samplingBit":16,"channelCount":1,"samplingRate":"16kHz","audioPath":"/Mock/02.SalesMarketing/Male/New/ckmk_a_sm_m_n_181164.wav"}}}