{"version":"1.0","dataSet":{"info":{"date":"20230116","occupation":"SM","channel":"MOCK","place":"ONLINE","gender":"MALE","ageRange":"35-44","experience":"NEW"},"question":{"raw":{"text":"열심히는 하지만 본인이 원하는 만큼 따라오지 못하는 팀 동료들이 있을 수 있는데 이럴 때는 어떻게 하실 생각이십니까","wordCount":17},"emotion":[],"intent":[]},"answer":{"raw":{"text":"열심히는 하지만 본인이 원하는 만큼 따라오지 못하는 팀 동료들이 있으면 어떻게 할 것인지 물어보셨습니다. 열심히는 하는데 따라오지 못한다는 것은 그 사람의 능력이 조금 다른 사람에 비해 부족하다 라고 보여집니다. 예를 들어 판단력이 부족하거나 이해도가 조금 떨어지는 경우 타인들과 같이 동일한 시간에서 동일한 업무량을 맞추지 못한다면 조금 부족하다 라고 할 수 있습니다. 하지만 어느 누구나 다 생각이 다른 것이고 행동과 그동안 살아온 배경 업무 환경 등에 따라 잘하는 사람과 조금 부족한 사람은 당연히 드러나기 마련입니다. 하지만 누가 잘했다 잘못했다 잘 잘못을 따질 것이 아니라 그 사람의 그 정도 능력을 존중해 주고 저 같으면 같이 도와줄 것이 아니라 그 사람은 원래 그 정도에 속도로 그 정도로 업무를 처리하는 사람이기 때문에 앞으로도 꾸준히 그 정도 업무라도 잘 진행할 수 있도록 대신 업무가 조금 느린 만큼 더 정확하고 세밀하게 업무를 잘 수행해 준다면 조금 빠른 동료에 비해서 크게 부족함 없이 잘 될 것이라 격려해 주고 같이 이끌어가는 그런 동료가 되었으면 합니다.","wordCount":147},"emotion":[],"intent":[{"text":"","expression":"","category":"attitude"}],"summary":{"text":"열심히는 하지만 본인이 원하는 만큼 따라오지 못하는 팀 동료가 있다면 어떻게 할 것인지 물어보았습니다. 열심히는 하는데 따라오지 못한다는 것은 그 사람의 능력이 조금 다른 사람에 비해 부족하다고 보여지므로 그 사람의 능력을 존중해 주고 같이 이끌어가는 그런 동료가 되었으면 합니다.","wordCount":39}}},"rawDataInfo":{"question":{"fileFormat":"wav","fileSize":358478,"duration":11200,"samplingBit":16,"channelCount":1,"samplingRate":"16kHz","audioPath":"/Mock/02.SalesMarketing/Male/New/ckmk_q_sm_m_n_230736.wav"},"answer":{"fileFormat":"wav","fileSize":3862478,"duration":120700,"samplingBit":16,"channelCount":1,"samplingRate":"16kHz","audioPath":"/Mock/02.SalesMarketing/Male/New/ckmk_a_sm_m_n_230736.wav"}}}