{"version":"1.0","dataSet":{"info":{"date":"20230116","occupation":"SM","channel":"MOCK","place":"ONLINE","gender":"MALE","ageRange":"-34","experience":"NEW"},"question":{"raw":{"text":"지금 읽고 계신 책이 있는지 있다면 무슨 책인지 궁금합니다 지원자님께선 왜 그 책을 선택해서 읽으시는지도 궁금합니다 함께 말씀해 주시기 바랍니다","wordCount":20},"emotion":[],"intent":[]},"answer":{"raw":{"text":"제가 요즘 읽고 있는 책은 이순신 장군의 난중일기입니다. 제가 그 책을 읽고 있는 이유는 최근에 개봉했던 영화 한산에서 이순신 장군의 영웅적인 면모를 보고 이순신 장군의 인간적인 면모도 궁금해져서 난중일기란 책을 구매해서 보게 되었습니다. 이 책은 이순신 장군이 임진왜란을 겪으면서 본인이 겪었던 사건들 그리고 본인이 하고 있는 생각들 그리고 고민들 이런 것들을 정리해 놓은 일기장입니다. 이 책을 보면서 이순신 장군 같은 영웅에게도 정말 두려움과 걱정이 있었다는 것을 알게 되었습니다. 그래서 저 또한 사회생활을 하면서 겪게 될 많은 고민들과 어려운 사건들에도 이순신 장군처럼 이렇게 초연하게 대응해야겠다는 교훈을 얻었습니다.","wordCount":86},"emotion":[],"intent":[{"text":"","expression":"","category":"attitude"}],"summary":{"text":"이순신 장군의 난중일기는 이순신 장군이 임진왜란을 겪으면서 본인이 겪었던 사건들, 본인이 하고 있는 생각들 그리고 고민들 이런 것들을 적어 놓은 일기장입니다. 이 책을 통해 이순신 장군처럼 초연하게 대응해야겠다는 교훈을 얻었습니다.","wordCount":30}}},"rawDataInfo":{"question":{"fileFormat":"wav","fileSize":422158,"duration":13190,"samplingBit":16,"channelCount":1,"samplingRate":"16kHz","audioPath":"/Mock/02.SalesMarketing/Male/New/ckmk_q_sm_m_n_196789.wav"},"answer":{"fileFormat":"wav","fileSize":2628878,"duration":82150,"samplingBit":16,"channelCount":1,"samplingRate":"16kHz","audioPath":"/Mock/02.SalesMarketing/Male/New/ckmk_a_sm_m_n_196789.wav"}}}