{"version":"1.0","dataSet":{"info":{"date":"20230116","occupation":"SM","channel":"MOCK","place":"ONLINE","gender":"MALE","ageRange":"35-44","experience":"NEW"},"question":{"raw":{"text":"지원자님이 생각하는 좋은 회사란 어떤 회사고 회사의 덕목은 무엇이라고 생각하시나요","wordCount":10},"emotion":[],"intent":[]},"answer":{"raw":{"text":"회사의 덕목은 무엇이라고 생각하냐는 질문입니다. 회사의 덕목은 배려와 그리고 나눔이라고 생각합니다. 어떤 회사가 좋은 회사라고 생각하냐면 앞서 언급했던 덕목 그대로 사회에 공헌하며 직원들에게 더 좋은 근무 환경과 여건을 제공하기 위한 회사의 배려 그런 것들이 가장 필요하다고 생각을 하고 있습니다. 수익 창출을 목표로 하는 회사이지만 그 수익의 일부분을 사회 소외 계층 또는 어려운 시민들에게 국민들에게 조금이나마 도움을 준다면 그 회사의 이미지는 더더욱 상승할 것이며 그 이미지로 인해 더 많은 고객이 이 회사의 물품을 구입하고 시스템을 구입하고 이런 좋은 결과가 더 뒤따라오지 않을까 한 번 생각을 해 봅니다.","wordCount":86},"emotion":[],"intent":[{"text":"","expression":"","category":"attitude"}],"summary":{"text":"회사의 덕목은 배려와 나눔이며 좋은 회사는 사회에 공헌하며 직원들에게 좋은 근무 환경과 여건을 제공하기 위한 배려가 가장 필요하다고 생각합니다.","wordCount":19}}},"rawDataInfo":{"question":{"fileFormat":"wav","fileSize":270158,"duration":8440,"samplingBit":16,"channelCount":1,"samplingRate":"16kHz","audioPath":"/Mock/02.SalesMarketing/Male/New/ckmk_q_sm_m_n_190706.wav"},"answer":{"fileFormat":"wav","fileSize":2896078,"duration":90500,"samplingBit":16,"channelCount":1,"samplingRate":"16kHz","audioPath":"/Mock/02.SalesMarketing/Male/New/ckmk_a_sm_m_n_190706.wav"}}}