{"version":"1.0","dataSet":{"info":{"date":"20230116","occupation":"SM","channel":"MOCK","place":"ONLINE","gender":"MALE","ageRange":"-34","experience":"NEW"},"question":{"raw":{"text":"지원자님께서는 이제 해외 파견 근무를 나가게 되실 수 있는데요 어 그렇게 된다면 어느 나라에서 일을 하고 싶으신가요 또 그 나라에서 일을 하고 싶으신 이유도 함께 설명해 주시길 바랍니다","wordCount":28},"emotion":[],"intent":[]},"answer":{"raw":{"text":"질문 답변드리겠습니다. 제가 해외 파견 근무를 나가면 중국에서 일을 진행하고 싶습니다. 제가 중국을 선택한 이유는 우리나라에서 가장 많은 무역 수지 흑자를 기록하고 있는 나라이기도 하고 우리 회사 안에서도 가장 많은 교역을 이루어내고 있는 국가이기도 합니다. 또한 전 세계적으로 봐서도 십 육 억의 인구를 가라 자랑하고 있는 중국 중국 자체가 엄청나게 큰 시장이라는 것은 누구도 부정할 수 없는 사실입니다. 저는 이 중국이라는 나라에 가서 현지에 적응하기 위해서 일단 어학 수준의 능력을 갖춰야겠다 생각을 했고 실제로 에이치에스 케이 오 급이라는 국가 공인 어학 능력을 지니고 있습니다. 이는 대학교 때부터 우리 회사에 입사하기 위한 채용 조건 우대 조건으로 확인을 했었고 실제로 우리 회사를 분석한 결과 중국에서 가장 많은 교역을 이루고 있다 라는 사실을 알고 있었기 때문에 준비할 수 있었습니다. 이처럼 저는 준비된 인재입니다. 중국에 가서 의사소통이 되는 사람과 의사소통이 어려운 사람하고 비교해 봤을 때는 저의 역량을 충분히 발휘할 수 있다고 생각합니다. 저는 저의 역량을 충분히 발휘하기 위해서 중국이라는 나라로 가서 그 중국에서 제가 할 수 있는 최선을 다 하고 또 현지에서만 가지고 있는 그 문화 꽌시라는 문화 등을 미리 숙지해서 올 것입니다. 그때 맺었던 문화에 대한 적응력과 그리고 해외 바이어들과의 관계를 바탕으로 나중에 본국으로 귀국해서도 충분히 그 계약을 성사시키고 성과를 이뤄낼 수 있도록 하겠습니다. 이상입니다.","wordCount":192},"emotion":[],"intent":[{"text":"","expression":"","category":"attitude"}],"summary":{"text":"저는 한국에서 가장 많은 무역 수지 흑자를 기록하고 우리 회사 안에서도 가장 많은 교역을 이루어내고 있는 국가인 중국에서 일을 진행하고 싶습니다. 저는 준비된 인재로 중국에서 최선을 다 하고 현지에서만 가지고 있는 문화 등을 미리 숙지해서 올 것입니다. 그때 맺었던 문화에 대한 적응력과 해외 바이어들과의 관계를 바탕으로 나중에 본국으로 귀국해서도 충분히 그 계약을 성사시키고 성과를 이뤄낼 수 있도록 하겠습니다.","wordCount":58}}},"rawDataInfo":{"question":{"fileFormat":"wav","fileSize":489038,"duration":15280,"samplingBit":16,"channelCount":1,"samplingRate":"16kHz","audioPath":"/Mock/02.SalesMarketing/Male/New/ckmk_q_sm_m_n_253104.wav"},"answer":{"fileFormat":"wav","fileSize":3725518,"duration":116420,"samplingBit":16,"channelCount":1,"samplingRate":"16kHz","audioPath":"/Mock/02.SalesMarketing/Male/New/ckmk_a_sm_m_n_253104.wav"}}}