{"version":"1.0","dataSet":{"info":{"date":"20230116","occupation":"SM","channel":"MOCK","place":"ONLINE","gender":"MALE","ageRange":"35-44","experience":"NEW"},"question":{"raw":{"text":"어 지금까지 살아오면서 이제 새로운 환경에서 전혀 몰랐던 일을 어 본인이 맡아서 한 경험이 있으신가요 있으시다면 이제 어떤 일이었는지 설명해 주시길 바랍니다","wordCount":22},"emotion":[],"intent":[]},"answer":{"raw":{"text":"지금까지 살아오면서 새로운 환경에서 전혀 몰랐던 일을 맡아서 해 본 경험을 물어보셨습니다. 제가 삼십 대 초반 기존에 하던 일을 그만두고 지인의 소개로 부동산에서 잠시 근무를 해 본 적이 있습니다. 전혀 부동산 쪽에 대해서는 문외한이었고 배워서 일을 해보려고 시도를 하였는데 정말 저와 잘 맞지 않는 일이구나 하는 것을 깨닫게 되고 육 개월도 채 하지 못하고 그만둔 경험이 있습니다. 부동산 일을 하면서 여기저기 찾아다니면서 매물을 확보하고 광고를 올려 고객을 확보하여 고객과 매물을 잘 판단해서 성사를 시켜야 하는 업무입니다. 막상 도전을 해보았는데 쉽지 않은 결정이었고 끝내 한 건도 성공을 하지 못한 탓에 저는 적성에 맞지 않음을 절실히 느꼈고 퇴사를 결심을 하게 되었던 것입니다.","wordCount":100},"emotion":[],"intent":[{"text":"","expression":"","category":"attitude"}],"summary":{"text":"부동산 일을 하면서 고객과 매물을 잘 판단해서 성사를 시켜야 하는 업무인데, 막상 도전을 해보았는데 쉽지 않은 결정이었고 끝내 한 건도 성공을 하지 못한 탓에 저는 적성에 맞지 않음을 절실히 느꼈고 퇴사를 결심을 하게 되었던 것입니다.","wordCount":35}}},"rawDataInfo":{"question":{"fileFormat":"wav","fileSize":532558,"duration":16640,"samplingBit":16,"channelCount":1,"samplingRate":"16kHz","audioPath":"/Mock/02.SalesMarketing/Male/New/ckmk_q_sm_m_n_231423.wav"},"answer":{"fileFormat":"wav","fileSize":3303118,"duration":103220,"samplingBit":16,"channelCount":1,"samplingRate":"16kHz","audioPath":"/Mock/02.SalesMarketing/Male/New/ckmk_a_sm_m_n_231423.wav"}}}