{"version":"1.0","dataSet":{"info":{"date":"20230116","occupation":"SM","channel":"MOCK","place":"ONLINE","gender":"MALE","ageRange":"-34","experience":"NEW"},"question":{"raw":{"text":"지원자님의 이력을 보니까요 여러 가지 활동들을 많이 하신 것 같은데 대외 활동에서 어떤 걸 배웠고 어떤 자세로 대외 활동에 임했는지 말씀 좀 부탁드릴게요 간결하게 설명을 해 주시면 되겠습니다","wordCount":28},"emotion":[],"intent":[]},"answer":{"raw":{"text":"저는 여러 가지 대외 활동을 해봤는데요. 제가 해본 대외 활동 중 가장 많은 것을 배웠던 대외 활동은 바로 대학 시절 외국인 유학생에 한국 적응을 돕도록 했던 대외 활동입니다. 저는 당시 외국어 공부를 하기 위해 외국인 유학생들과 함께 교류하는 그런 대외 활동을 신청했는데요. 거기서 저는 한 오스트리아에서 온 여학생과 짝이 되었습니다. 그리고 그 여학생과 경복궁 종로 다양한 곳을 다니며 삼겹살 비빔밥 등 다양한 한식 문화를 소개했습니다. 비록 저의 영어 실력이 부족해 의사소통이 완벽하진 못했지만 진심으로 교류할 수 있었습니다. 이 경험을 통해 진심만 있다면 누구와도 교류하고 소통할 수 있다는 점을 배웠습니다. 앞으로 영업인이 되어서 사람들과 소통할 때 진심을 전하는 그런 영업인이 되겠습니다.","wordCount":100},"emotion":[{"text":"저는 당시 외국어 공부를 하기 위해 외국인 유학생들과 함께 교류하는 그런 대외 활동을 신청했는데요.","expression":"u-fact","category":"neutral"}],"intent":[{"text":"저는 당시 외국어 공부를 하기 위해 외국인 유학생들과 함께 교류하는 그런 대외 활동을 신청했는데요.","expression":"c_private","category":"background"}],"summary":{"text":"대학 시절 외국인 유학생에 한국 적응을 돕도록 했던 대외 활동에서 진심으로 소통할 수 있다는 점을 배웠습니다. 앞으로 영업인이 되어서 사람들과 소통할 때 진심을 전하는 그런 영업인이 되겠습니다.","wordCount":27}}},"rawDataInfo":{"question":{"fileFormat":"wav","fileSize":592718,"duration":18520,"samplingBit":16,"channelCount":1,"samplingRate":"16kHz","audioPath":"/Mock/02.SalesMarketing/Male/New/ckmk_q_sm_m_n_190953.wav"},"answer":{"fileFormat":"wav","fileSize":2849038,"duration":89030,"samplingBit":16,"channelCount":1,"samplingRate":"16kHz","audioPath":"/Mock/02.SalesMarketing/Male/New/ckmk_a_sm_m_n_190953.wav"}}}