{"version":"1.0","dataSet":{"info":{"date":"20230116","occupation":"SM","channel":"MOCK","place":"ONLINE","gender":"MALE","ageRange":"-34","experience":"NEW"},"question":{"raw":{"text":"지원자님께서는 평소에 자신을 생각할 때 혹은 일을 할 때 자신이 숫자에 가깝다고 생각을 하십니까 아니면 창의 쪽에 가깝다고 생각을 하십니까 숫자와 창의 중 어떤 것에 더 가깝다고 생각하시는지 이유와 함께 말씀해 주세요","wordCount":32},"emotion":[],"intent":[]},"answer":{"raw":{"text":"저는 저 스스로를 숫자와 창의 중 창의에 가까운 사람이라고 생각합니다. 왜냐하면 저는 학창 시절부터 숫자에 약했기 때문입니다. 저는 학창 시절 숫자를 사용하는 수학 과목에서 성적이 매우 좋지 않았습니다. 반면에 창의의 영역이라고 할 수 있는 글짓기와 같은 부분에서는 좋은 성적을 거뒀습니다. 또 이전 직장에서 회계 업무를 처리할 때는 상당히 복잡하고 잔 실수도 종종 있었습니다. 하지만 창의에 영역이라 할 수 있는 영업이나 마케팅 부분에서는 남들보다 뛰어난 그런 역량을 보여줬습니다. 이런 이유들로 저는 숫자보다는 창의에 가까운 사람이라고 생각합니다.","wordCount":75},"emotion":[],"intent":[{"text":"","expression":"","category":"attitude"}],"summary":{"text":"학창 시절부터 숫자에 약했던 저는 창의의 영역인 글짓기와 회계업무에서 좋은 성적을 거두고 영업이나 마케팅에서 뛰어난 역량을 보여주면서 숫자와 창의 중 창의에 가까운 사람이라고 생각합니다.","wordCount":24}}},"rawDataInfo":{"question":{"fileFormat":"wav","fileSize":654478,"duration":20450,"samplingBit":16,"channelCount":1,"samplingRate":"16kHz","audioPath":"/Mock/02.SalesMarketing/Male/New/ckmk_q_sm_m_n_196502.wav"},"answer":{"fileFormat":"wav","fileSize":2671758,"duration":83490,"samplingBit":16,"channelCount":1,"samplingRate":"16kHz","audioPath":"/Mock/02.SalesMarketing/Male/New/ckmk_a_sm_m_n_196502.wav"}}}