{"version":"1.0","dataSet":{"info":{"date":"20230116","occupation":"SM","channel":"MOCK","place":"ONLINE","gender":"MALE","ageRange":"-34","experience":"NEW"},"question":{"raw":{"text":"열심이는 하지만 본인이 원하는 만큼 따라오지 못하는 동료들을 만날 수 있어요 이럴 때 지원자님은 어떻게 하실 것인가요","wordCount":17},"emotion":[],"intent":[]},"answer":{"raw":{"text":"열심히 하지만 제가 원하는 만큼 따라오지 못하는 팀 동료들을 만날 수 있습니다. 이런 경우에는 동료들의 수준에 따라서 대처 방안이 달라질 거 같은데요. 만약 아무리 열심히 한다고 하더라도 도저히 함께 일을 할 수 없는 수준의 동료라면 정말 미안하지만 팀원을 교체하는 방식을 실행해야 할 거 같습니다. 그래야 그 동료 그리고 저 이렇게 많은 사람들의 시간을 허비하지 않기 때문인데요. 반면에 열심히 하면 따라올 수 있는 동료라면 우선적으로 동료와의 상담을 통해서 동기부여를 더 심어주고 좀 더 쉬운 역할 좀 더 단순한 업무들을 배정하면서 충분히 자신감을 갖고 더 어려운 일에도 도전할 수 있도록 하는 것이 중요하다고 생각합니다. 이렇게 작은 업무부터 쉬운 업무부터 차근차근 하다 보면 언젠가는 저의 역량과 비슷한 수준으로 올라올 것이라고 확신하기 때문입니다.","wordCount":109},"emotion":[],"intent":[{"text":"","expression":"","category":"attitude"}],"summary":{"text":"열심히 하지만 원하는 만큼 따라올 수 없는 팀 동료를 만날 경우, 동료와의 상담을 통해서 동기부여를 더 심어주고 좀 더 쉬운 역할의 업무들을 배정하면서 자신감을 갖고 더 어려운 일에도 도전할 수 있도록 하는 것이 중요하다고 생각합니다.","wordCount":35}}},"rawDataInfo":{"question":{"fileFormat":"wav","fileSize":396238,"duration":12380,"samplingBit":16,"channelCount":1,"samplingRate":"16kHz","audioPath":"/Mock/02.SalesMarketing/Male/New/ckmk_q_sm_m_n_180466.wav"},"answer":{"fileFormat":"wav","fileSize":2893518,"duration":90420,"samplingBit":16,"channelCount":1,"samplingRate":"16kHz","audioPath":"/Mock/02.SalesMarketing/Male/New/ckmk_a_sm_m_n_180466.wav"}}}