{"version":"1.0","dataSet":{"info":{"date":"20230116","occupation":"SM","channel":"MOCK","place":"ONLINE","gender":"MALE","ageRange":"-34","experience":"NEW"},"question":{"raw":{"text":"어 지원자님의 전공과 관련해서 최근 부족하다고 느끼고 따로 공부를 하고 있는 분야가 있다면 말씀을 해 주시구요 왜 그 분야를 공부하는지 이유와 함께 설명해 주시면 더욱 좋습니다","wordCount":26},"emotion":[],"intent":[]},"answer":{"raw":{"text":"저는 독일어에 대해서 상장 상당히 부족함을 느끼고 지금 공부를 시작하고 있습니다. 제 전공은 의약 의약품 개발입니다. 그러니까 생물학 생물학 쪽에서도 약과 관련된 것을 전공으로 하였습니다. 그래서 의약품을 개발하는 모든 트렌드에 관심을 가지고서 여러 부분들을 검색을 하다가 알게 된 것이 독일의 의약품 회사들이었습니다. 그런데 제가 독일어 공부가 부족한 나머지 독일어의 독일 회사들의 그런 의약품 정보들을 정확히 파악하는데 약간의 어려움을 느껴서 지금은 독일어 공부에 매진하고 있습니다.","wordCount":64},"emotion":[{"text":"제 전공은   의약 의약품 개발입니다.","expression":"u-fact","category":"neutral"},{"text":"그러니까 생물학 생물학 쪽에서도 약과 관련된 것을   전공으로 하였습니다.","expression":"u-fact","category":"neutral"}],"intent":[{"text":"그런데 제가 독일어 공부가 부족한 나머지   독일어의 독일 회사들의 그런 의약품 정보들을 정확히 파악하는데 약간의 어려움을 느껴서 지금은 독일어 공부에 매진하고 있습니다.","expression":"c_imp","category":"personality"}],"summary":{"text":"저는 의약품 개발을 전공했고, 의약품을 개발하는 모든 트렌드에 관심을 가지고 검색하다가 알게된 독일의 의약품 회사들의 정보를 파악하는데 어려움을 느껴 독일어 공부에 매진하고 있습니다.","wordCount":23}}},"rawDataInfo":{"question":{"fileFormat":"wav","fileSize":535118,"duration":16720,"samplingBit":16,"channelCount":1,"samplingRate":"16kHz","audioPath":"/Mock/02.SalesMarketing/Male/New/ckmk_q_sm_m_n_186649.wav"},"answer":{"fileFormat":"wav","fileSize":2131278,"duration":66600,"samplingBit":16,"channelCount":1,"samplingRate":"16kHz","audioPath":"/Mock/02.SalesMarketing/Male/New/ckmk_a_sm_m_n_186649.wav"}}}