{"version":"1.0","dataSet":{"info":{"date":"20230116","occupation":"SM","channel":"MOCK","place":"ONLINE","gender":"MALE","ageRange":"-34","experience":"NEW"},"question":{"raw":{"text":"일을 하면서 가장 어려울 것으로 예상되는 점은 무엇입니까 그리고 그 어려운 점에 대해서 어떻게 대처할 생각이신지도 궁금합니다","wordCount":17},"emotion":[],"intent":[]},"answer":{"raw":{"text":"일을 하면서 가장 어려울 것으로 예상되는 점은 바로 반도체에 대해서 공부하는 것입니다. 우리 회사는 반도체를 전세계에 수출하는 글로벌 대기업입니다. 따라서 영업 직무라고 하더라도 반도체 산업 전반에 대한 이해와 반도체 제작 과정 반도체 작동 원리 등 기본적인 지식은 배워야 한다고 생각합니다. 하지만 저는 문과 대학을 나와서 그런 기계와 이과적인 소양에 대해서 매우 부족합니다. 따라서 반도체의 작동 원리나 기계적인 메커니즘에 대해서 이해하기 어려울 꺼 같습니다. 이에 대해서 저는 꾸준한 공부 그리고 독서를 통해 반도체 업계에 전문가로 거듭나겠습니다. 또한 기회가 된다면 생산직이나 연구직 사원들과 간담회를 가지며 그 작동 원리에 대해 전문가에게 배우겠습니다.","wordCount":89},"emotion":[],"intent":[{"text":"","expression":"","category":"attitude"}],"summary":{"text":"우리 회사는 반도체를 수출하는 글로벌 대기업이므로 영업 직무라 하더라도 반도체 산업 전반에 대한 이해와 반도체 제작 과정 반도체 작동 원리 등 기본적인 지식은 배워야 한다고 생각합니다.","wordCount":26}}},"rawDataInfo":{"question":{"fileFormat":"wav","fileSize":407438,"duration":12730,"samplingBit":16,"channelCount":1,"samplingRate":"16kHz","audioPath":"/Mock/02.SalesMarketing/Male/New/ckmk_q_sm_m_n_190885.wav"},"answer":{"fileFormat":"wav","fileSize":2773838,"duration":86680,"samplingBit":16,"channelCount":1,"samplingRate":"16kHz","audioPath":"/Mock/02.SalesMarketing/Male/New/ckmk_a_sm_m_n_190885.wav"}}}