{"version":"1.0","dataSet":{"info":{"date":"20230116","occupation":"SM","channel":"MOCK","place":"ONLINE","gender":"MALE","ageRange":"-34","experience":"NEW"},"question":{"raw":{"text":"어 지원자님께서 입사 후에 기존에 원하던 일을 못 하게 해 드실 수도 있는데요 어 이런 이럴 경우에는 어떻게 대처를 하실 건가요 그리고 그렇게 하실 이유도 함께 말씀해 주시길 바랍니다","wordCount":29},"emotion":[],"intent":[]},"answer":{"raw":{"text":"제가 입사 후 기존에 원하던 일을 하지 못하게 되었을 경우 저는 상관하지 않고 누구보다 열심히 제게 주어진 일을 하겠습니다. 그 이유는 여러 가지가 있는데요 첫 번째는 각 분야의 전문가인 저의 상사와 인사 담당자가 저의 역량과 성향 적성 등을 종합적으로 고려해서 제가 잘 할 수 있고 저에게 잘 맞는 그런 업무를 준다고 생각하기 때문입니다. 두 번째 이유는 제가 비록 생각하고 있지 않던 업무라도 제가 열심히 해서 성과를 낸다면 나중에 제가 그렇게 원하던 일을 하게 됐다고 해도 그 부분이 저에게 큰 자산이자 경험으로 남아 더욱더 제가 하고 싶던 일을 더 잘 할 수 있기 때문입니다. 이러한 이유들로 제가 기존에 생각하고 있지 않던 업무를 하더라도 누구보다 성실하고 누구보다 열심히 배우는 마음으로 그 업무를 하겠습니다.","wordCount":111},"emotion":[],"intent":[{"text":"","expression":"","category":"attitude"}],"summary":{"text":"제가 기존에 생각하고 있지 않던 업무를 하더라도 누구보다 성실하고 누구보다 열심히 배우는 마음으로 그 업무를 하겠습니다. 그 이유는 각 분야 전문가인 저의 상사와 인사 담당자가 저의 역량과 성향 적성 등을 종합적으로 고려하여 제게 잘 맞는 업무를 준다고 생각하기 때문입니다.","wordCount":39}}},"rawDataInfo":{"question":{"fileFormat":"wav","fileSize":505678,"duration":15800,"samplingBit":16,"channelCount":1,"samplingRate":"16kHz","audioPath":"/Mock/02.SalesMarketing/Male/New/ckmk_q_sm_m_n_197122.wav"},"answer":{"fileFormat":"wav","fileSize":2907598,"duration":90860,"samplingBit":16,"channelCount":1,"samplingRate":"16kHz","audioPath":"/Mock/02.SalesMarketing/Male/New/ckmk_a_sm_m_n_197122.wav"}}}