{"version":"1.0","dataSet":{"info":{"date":"20230116","occupation":"SM","channel":"MOCK","place":"ONLINE","gender":"MALE","ageRange":"-34","experience":"NEW"},"question":{"raw":{"text":"만약 지원자분께서 지금 지원하신 이와 같은 직무가 아니라 다른 직무에 배치되게 된다고 하더라도 괜찮으신지 어떻게 하실지에 대해서 자세하게 설명해 주시면 좋을 것 같습니다","wordCount":23},"emotion":[],"intent":[]},"answer":{"raw":{"text":"제가 만약 지금 지원한 이 직무가 아닌 다른 부서에 배치된다고 하더라도 우선은 열심히 일하겠습니다. 왜냐하면 저에게 다른 직무를 준 인사담당자는 저의 역량을 충분히 알고 제가 잘 할 수 있는 곳으로 배치하였다고 생각하기 때문입니다. 그래서 우선은 배운다는 마음가짐으로 누구보다 열심히 하겠습니다. 하지만 저는 영업 직무에 욕심이 있기 때문에 시간이 지나고 제가 인사 이동을 할 수 있는 때가 온다면 이 영업 직무로 다시 배치 받고 싶습니다. 왜냐하면 회사는 생계 수단이기도 하지만 자아 실현을 위한 공간이기도 합니다. 따라서 저의 꿈인 영업인으로서의 커리어를 시작하기 위해선 제가 영업 직무로 다시 돌아와야 합니다. 그래서 인사 담당자와 면담을 통해 제가 영업 직무로 돌아와서 다시 커리어를 시작하고 싶습니다.","wordCount":100},"emotion":[],"intent":[{"text":"","expression":"","category":"attitude"}],"summary":{"text":"저는 영업 직무에 욕심이 있기 때문에 시간이 지나고 인사 이동을 할 수 있는 때가 온다면 이 영업 직무로 다시 배치 받고 싶습니다. 인사 담당자와 면담을 통해제가 영업직무로 다시 커리어를 시작하고 싶은데, 이유는 회사는 생계수단이면서 자아실현의 공간이기 때문입니다.","wordCount":37}}},"rawDataInfo":{"question":{"fileFormat":"wav","fileSize":634638,"duration":19830,"samplingBit":16,"channelCount":1,"samplingRate":"16kHz","audioPath":"/Mock/02.SalesMarketing/Male/New/ckmk_q_sm_m_n_181167.wav"},"answer":{"fileFormat":"wav","fileSize":2596558,"duration":81140,"samplingBit":16,"channelCount":1,"samplingRate":"16kHz","audioPath":"/Mock/02.SalesMarketing/Male/New/ckmk_a_sm_m_n_181167.wav"}}}