{"version":"1.0","dataSet":{"info":{"date":"20230116","occupation":"SM","channel":"MOCK","place":"ONLINE","gender":"MALE","ageRange":"45-54","experience":"NEW"},"question":{"raw":{"text":"만일 지원자님께서 우리 회사에 입사하시게 된다면 가장 가고 싶은 부서와 왜 그렇게 생각하시는지를 이유와 함께 말씀해 주시기 바랍니다","wordCount":18},"emotion":[],"intent":[]},"answer":{"raw":{"text":"저는 예산 편성에 관련된 부서에 가고 싶습니다. 왜냐하면 제가 여태까지 쌓아왔던 그런 경험들이 사무직에 대한 경험 현장에 대한 경험 그런 것들이 다 저의 경험이 되어서 살아있는 저의 어떤 그런 이미지들이 되어서 그런 것들이 어떤 예산을 가지고 어떤 돈을 가지고 어떻게 움직였는지에 대해서 그렇게 숫자를 통해서 들여볼 수 있는 기회가 저에게 주어진다고 하면은 음 일단 먼저 말씀드리는 것은 제 개인적으로도 엄청난 큰 성장이 될 수 있을 것이라고 생각을 합니다. 그리고 더불어 가지고 제가 겪어왔던 그런 경험들을 가지고서 그런 예산 편성된 관련 관련된 부서에 간다고 하면은 제가 가지고 있는 다양한 경험들이 이 실제 필요를 알 수 있을 거기 때문에 그 실제 필요를 바탕으로 그 예산 편성하는데 도움이 그 부서에도 충분히 도움이 될 수 있다고 생각을 하고 있습니다.","wordCount":115},"emotion":[],"intent":[{"text":"","expression":"","category":"attitude"}],"summary":{"text":"저는 지금까지 쌓아왔던 다양한 경험들이 살아있는 경험이 되어서 예산 편성과 관련된 부서에 가고 싶습니다. 실제 필요를 바탕으로 예산 편성하는데 도움이 될 수 있다고 생각을 하고 있습니다.","wordCount":26}}},"rawDataInfo":{"question":{"fileFormat":"wav","fileSize":481358,"duration":15040,"samplingBit":16,"channelCount":1,"samplingRate":"16kHz","audioPath":"/Mock/02.SalesMarketing/Male/New/ckmk_q_sm_m_n_206558.wav"},"answer":{"fileFormat":"wav","fileSize":2425678,"duration":75800,"samplingBit":16,"channelCount":1,"samplingRate":"16kHz","audioPath":"/Mock/02.SalesMarketing/Male/New/ckmk_a_sm_m_n_206558.wav"}}}