{"version":"1.0","dataSet":{"info":{"date":"20230116","occupation":"SM","channel":"MOCK","place":"ONLINE","gender":"MALE","ageRange":"35-44","experience":"NEW"},"question":{"raw":{"text":"다음 질문입니다 면접자님이 왜 이 분야에 관심을 가지게 되었고 또 지원하게 되었는지 궁금한데요 관심을 가지게 된 이유와 지원 동기를 말씀해 주세요","wordCount":21},"emotion":[],"intent":[]},"answer":{"raw":{"text":"왜 이 분야에 관심을 가지게 되었고 또 지원하게 되었는지 궁금하다고 하셨습니다. 관심을 가진 이유와 지원 동기를 이야기해 달라는 질문입니다. 저는 이 분야에 관심을 가진 지는 아주 많은 시간이 흘렀습니다. 어린 시절부터 그림 그리기와 디자인 쪽으로 관심이 많았으며 학창 시절을 비롯해서 계속해서 손재주가 있다는 이야기를 많이 들어왔었습니다. 그래서 이 제가 가진 재능이라고 할 수도 있는 요러한 장점들을 재살려 업무에 적용을 했을 때 가장 효과적인 결과가 나오는 분야가 바로 지금의 이 분야가 아닐까 라고 판단을 하여 지원을 하게 되었습니다. 관심을 가진 이유는 저희 어린 시절부터 가지고 있던 재능이 전부이며 그 이후에도 그 재능을 이 분야에 접목시키기 위해 많은 노력을 하였으며 계속되는 진화를 거쳐 최근 많이 활용되는 프로그램들까지 섭렵을 함으로써 이 분야의 탁월한 인재가 아닌가 라고 나름 자신감 있게 생각을 갖고 있습니다. 그리하여 이 분야에서만큼 눈에 띄는 좋은 인재로 거듭나기 위하여 계속 노력한 끝에 지원을 하게 되었습니다.","wordCount":134},"emotion":[],"intent":[{"text":"어린 시절부터 그림 그리기와 디자인 쪽으로 관심이 많았으며 학창 시절을 비롯해서 계속해서 손재주가 있다는 이야기를 많이 들어왔었습니다.","expression":"c_private","category":"background"},{"text":"그래서 이 제가 가진 재능이라고 할 수도 있는 요러한 장점들을 재살려 업무에 적용을 했을 때 가장 효과적인 결과가 나오는 분야가 바로 지금의 이 분야가 아닐까 라고 판단을 하여 지원을 하게 되었습니다.","expression":"c_sincere_job","category":"etc"},{"text":"관심을 가진 이유는 저희 어린 시절부터 가지고 있던 재능이 전부이며 그 이후에도 그 재능을 이 분야에 접목시키기 위해 많은 노력을 하였으며 계속되는 진화를 거쳐 최근 많이 활용되는 프로그램들까지 섭렵을 함으로써 이 분야의 탁월한 인재가 아닌가 라고 나름 자신감 있게 생각을 갖고 있습니다.","expression":"c_sincere_job","category":"etc"},{"text":"그리하여 이 분야에서만큼 눈에 띄는 좋은 인재로 거듭나기 위하여 계속 노력한 끝에 지원을 하게 되었습니다.","expression":"c_sincere_job","category":"etc"}],"summary":{"text":"이 분야에 관심을 가진 이유와 지원 동기를 이야기해 달라는 질문입니다. 어린 시절부터 그림 그리기와 디자인 쪽에 관심이 많았으며 손재주가 좋다는 이야기를 많이 들어서입니다. 그래서 제가 가진 재능들을 재 살려 업무에 적용을 했을 때 가장 효과적인 결과가 나오는 분야가 바로 지금의 이 분야 아닐까 판단을 하여 지원을 하게 되었습니다.","wordCount":48}}},"rawDataInfo":{"question":{"fileFormat":"wav","fileSize":500238,"duration":15630,"samplingBit":16,"channelCount":1,"samplingRate":"16kHz","audioPath":"/Mock/02.SalesMarketing/Male/New/ckmk_q_sm_m_n_231428.wav"},"answer":{"fileFormat":"wav","fileSize":3866638,"duration":120830,"samplingBit":16,"channelCount":1,"samplingRate":"16kHz","audioPath":"/Mock/02.SalesMarketing/Male/New/ckmk_a_sm_m_n_231428.wav"}}}