{"version":"1.0","dataSet":{"info":{"date":"20230116","occupation":"SM","channel":"MOCK","place":"ONLINE","gender":"MALE","ageRange":"-34","experience":"NEW"},"question":{"raw":{"text":"면접자님께서는 본인이 생각하기에 자신의 노년의 모습이 어떠한 모습이었으면 좋겠다 라는 생각을 하십니까 이상적인 노년의 모습을 설명 부탁드립니다","wordCount":17},"emotion":[],"intent":[]},"answer":{"raw":{"text":"제가 생각하는 제가 바라는 저의 이상적인 노년의 모습은 바로 대가족을 이룬 모습입니다. 살면서 우리는 가족이 얼마나 소중한 존재인지를 느끼곤 합니다. 노년이 되면 정말 가족 없이는 쓸쓸한 하루하루를 보내게 될 가능성이 있는데요. 저는 빠른 시일 내에 결혼을 해서 자녀를 놓고 자녀를 열심히 키워서 얼른 활기찬 가정을 만들고 싶습니다. 그래서 노년이 되었을 때 많은 저의 자녀들 그리고 손자들 이렇게 많은 사람들이 저를 걱정하고 찾아와 주면서 누구보다 행복한 노년을 보내고 싶습니다. 그렇게 사랑을 받고 사는 노년의 모습이 제가 생각하는 가장 이상적인 노년의 모습입니다.","wordCount":80},"emotion":[],"intent":[{"text":"","expression":"","category":"attitude"}],"summary":{"text":"제가 바라는 이상적인 노년의 모습은 바로 대가족을 이룬 모습이며, 빠른 시일 내에 결혼을 해서 자녀를 놓고 하루빨리 활기찬 가정을 만들고 싶습니다. 그리고 많은 이들이 걱정해 주면서 행복한 노년을 보내고 싶어 합니다.","wordCount":31}}},"rawDataInfo":{"question":{"fileFormat":"wav","fileSize":516558,"duration":16140,"samplingBit":16,"channelCount":1,"samplingRate":"16kHz","audioPath":"/Mock/02.SalesMarketing/Male/New/ckmk_q_sm_m_n_191005.wav"},"answer":{"fileFormat":"wav","fileSize":2568078,"duration":80250,"samplingBit":16,"channelCount":1,"samplingRate":"16kHz","audioPath":"/Mock/02.SalesMarketing/Male/New/ckmk_a_sm_m_n_191005.wav"}}}