{"version":"1.0","dataSet":{"info":{"date":"20230116","occupation":"SM","channel":"MOCK","place":"ONLINE","gender":"MALE","ageRange":"-34","experience":"NEW"},"question":{"raw":{"text":"평소에 검색을 자주 하는 편이신가요 어떤 검색을 주로 하시는지 왜 하시는지 가능한 구체적으로 말씀해 주실 수 있을까요","wordCount":17},"emotion":[],"intent":[]},"answer":{"raw":{"text":"저는 평소에 검색을 자주 하는 편입니다. 저는 주로 우리말을 검색하는 편입니다. 영업을 하면 정확한 단어의 뜻을 알고 사용하는 것이 매우 중요합니다. 또한 정확하게 발음하는 것도 중요한데요 생각보다 우리는 우리말에 대해서 잘 모르고 있는 경우가 꽤 많습니다. 그래서 저는 조금이라도 오해의 소지가 생길 만한 단어라면 꼭 검색을 해보고 정확한 뜻과 의미를 파악해서 기억합니다. 이런 방식으로 저는 항상 누구에게나 호감 가는 말하기를 할 수 있게 되었습니다.","wordCount":64},"emotion":[],"intent":[{"text":"","expression":"","category":"attitude"}],"summary":{"text":"저는 평소 우리말을 자주 검색해서 정확한 뜻과 의미를 파악해서 기억합니다. 이런 방식으로 늘 호감 가는 말하기를 할 수 있게 되었습니다.","wordCount":20}}},"rawDataInfo":{"question":{"fileFormat":"wav","fileSize":625358,"duration":19540,"samplingBit":16,"channelCount":1,"samplingRate":"16kHz","audioPath":"/Mock/02.SalesMarketing/Male/New/ckmk_q_sm_m_n_197008.wav"},"answer":{"fileFormat":"wav","fileSize":2069518,"duration":64670,"samplingBit":16,"channelCount":1,"samplingRate":"16kHz","audioPath":"/Mock/02.SalesMarketing/Male/New/ckmk_a_sm_m_n_197008.wav"}}}