{"version":"1.0","dataSet":{"info":{"date":"20230116","occupation":"SM","channel":"MOCK","place":"ONLINE","gender":"MALE","ageRange":"35-44","experience":"NEW"},"question":{"raw":{"text":"지금까지 살아오시면서 어 새로운 환경에서 지금까지는 전혀 몰랐던 일을 하게 되는 경험이 생기실 수 있습니다 어 그런 경험이 있으시다면 한 번 소개해 주시길 바랍니다","wordCount":24},"emotion":[],"intent":[]},"answer":{"raw":{"text":"지금까지 살아오면서 새로운 환경에서 전혀 몰랐던 일을 맡아서 한 적이 있는지 있다면 소개해 달라고 하셨습니다. 저는 어 근무를 하면서 어 페인트칠을 그리고 도배를 그리고 간판 수리까지도 해봤던 경험이 있습니다. 어 새로운 환경은 아니고 제가 근무를 하던 환경이라 조금 당황스럽기는 하였지만 어 직장을 구해 새로 취직을 하였는데 그곳에서 하지 않아도 될 일 특히나 사람을 불러 해결해야 되는 일임에도 불구하고 제가 한 번 시도를 해 봐서 성공을 했었던 좋은 기억이 있습니다. 청소 전혀 생각지도 않았던 그런 일들을 그래도 전문가들보다는 조금 부족하였지만 어 책임지고 작업을 완수하였던 그런 경험이 있습니다. 그게 도배 그리고 페인트칠 그리고 간판 전기 수리 세 가지입니다.","wordCount":96},"emotion":[],"intent":[{"text":"","expression":"","category":"attitude"}],"summary":{"text":"새로운 환경이라서 조금 당황스럽기는 하였지만 새로 취직을 하였는데 그곳에서 하지 않아도 될 일을 한 번 시도해서 성공을 했었던 좋은 기억이 있습니다.","wordCount":21}}},"rawDataInfo":{"question":{"fileFormat":"wav","fileSize":508238,"duration":15880,"samplingBit":16,"channelCount":1,"samplingRate":"16kHz","audioPath":"/Mock/02.SalesMarketing/Male/New/ckmk_q_sm_m_n_196821.wav"},"answer":{"fileFormat":"wav","fileSize":2917838,"duration":91180,"samplingBit":16,"channelCount":1,"samplingRate":"16kHz","audioPath":"/Mock/02.SalesMarketing/Male/New/ckmk_a_sm_m_n_196821.wav"}}}