{"version":"1.0","dataSet":{"info":{"date":"20230116","occupation":"SM","channel":"MOCK","place":"ONLINE","gender":"MALE","ageRange":"-34","experience":"NEW"},"question":{"raw":{"text":"본인이 본인을 평가할 때 마케터로서 본인이 가진 가장 뛰어난 역량은 무엇이라고 생각하십니까","wordCount":12},"emotion":[],"intent":[]},"answer":{"raw":{"text":"마케터로서 어 지원자님께서 가지고 있는 가장 뛰어난 역량은 뭐라고 생각하십니까 한 가지만 말해주세요 라고 이렇게 질문을 해주셨는데요. 어 제가 뭐 제 말이 다를 수도 있구 어 저의 의견이긴 하지만 저는 일단 사람을 끌어모으는 능력이 있다고 생각합니다. 왜냐하면 인제 뭐 어떤 뭐 평소에 친구들과 약속을 잡을 때나 어 뭐 만남을 가질라 할 때 주도적으로 어디를 가자 이런 식으로 말을 하는 편이고 웬만해서 다 수긍하고 따라오는 편입니다. 어 리더십도 있고 어 사람들을 끌어모으는 능력이 있다고 생각을 하기 때문에 어 그런 점이 저의 가장 뛰어난 어 역량이라고 생각을 합니다. 어 그렇기 때문에 만약에 제가 마케터로 활동을 하게 된다면 어 그런 능력들을 잘 발휘하고 어 잘 섞어서 만들어내서 어 좋은 결과를 만들어 낼 거라고 자부하고 있구요. 이런 능력들을 잘 어 사용을 하신다면 어 굉장히 회사나 뭐 단체에 도움이 되는 인재와 인물이 될 수 있다고 생각하고 있습니다. 감사합니다.","wordCount":133},"emotion":[],"intent":[{"text":"","expression":"","category":"attitude"}],"summary":{"text":" 사람을 끌어모으는 능력이 있다고 생각합니다. 리더십도 있고 사람들을 끌어 모으는 능력이 있어서 마케터를 한다면 좋은 결과를 만들어 낼 것이라고 생각합니다. 이런 능력들을 잘 활용하면 회사나 단체에 도움이 되는 인재와 인물이 될 것입니다.","wordCount":32}}},"rawDataInfo":{"question":{"fileFormat":"wav","fileSize":375758,"duration":11740,"samplingBit":16,"channelCount":1,"samplingRate":"16kHz","audioPath":"/Mock/02.SalesMarketing/Male/New/ckmk_q_sm_m_n_192607.wav"},"answer":{"fileFormat":"wav","fileSize":2622798,"duration":81960,"samplingBit":16,"channelCount":1,"samplingRate":"16kHz","audioPath":"/Mock/02.SalesMarketing/Male/New/ckmk_a_sm_m_n_192607.wav"}}}