{"version":"1.0","dataSet":{"info":{"date":"20230116","occupation":"SM","channel":"MOCK","place":"ONLINE","gender":"MALE","ageRange":"-34","experience":"NEW"},"question":{"raw":{"text":"스터디를 따로 하고 계신 게 있다면 어떤 공부를 왜 하고 계신지 말씀 부탁드립니다","wordCount":13},"emotion":[],"intent":[]},"answer":{"raw":{"text":"저는 시사 상식 스터디를 하고 있습니다. 제가 시사 상식 스터디를 하는 이유는 영업직으로서 새로운 사람들을 만날 때 쉽게 친해지기 위해서입니다. 우리는 새로운 사람을 만나면 공통점을 찾고 공감대를 형성해서 친하게 지내는 것을 가장 좋은 방법이라고 알고 있습니다. 하지만 막상 현실에서 공통점을 찾기란 하늘의 별따긴데요. 이런 상황에서 미리 공부해 둔 시사 상식을 활용할 수 있습니다. 주식 및 재테크에 관련 있는 사람에게는 주식 이야기를 하면서 친해지고 스포츠를 좋아하는 사람에겐 스포츠와 관련된 최근 뉴스를 이야기하면서 가까워질 수 있습니다. 이처럼 시사 공부를 하게 되면 정말 그 어떤 사람과도 쉽게 공감대를 형성해서 친구가 될 수 있는데요. 앞으로도 신문을 꼬박꼬박 보면서 시사 스터디를 유지하고 이렇게 얻은 시사 상식을 통해 새로운 사람과 친해지고 이 사람들을 통해 영업에 큰 성과를 내도록 하겠습니다.","wordCount":113},"emotion":[],"intent":[{"text":"","expression":"","category":"attitude"}],"summary":{"text":"영업직으로서 새로운 사람들을 만날 때 쉽게 친해지기 위해서 시사 상식 스터디를 하고 있습니다. 시사 공부를 하게 되면 그 어떤 사람과도 쉽게 공감대를 형성해서 친구가 될 수 있으며 앞으로 큰 성과를 내도록 하겠습니다.","wordCount":32}}},"rawDataInfo":{"question":{"fileFormat":"wav","fileSize":251918,"duration":7870,"samplingBit":16,"channelCount":1,"samplingRate":"16kHz","audioPath":"/Mock/02.SalesMarketing/Male/New/ckmk_q_sm_m_n_191064.wav"},"answer":{"fileFormat":"wav","fileSize":2675918,"duration":83620,"samplingBit":16,"channelCount":1,"samplingRate":"16kHz","audioPath":"/Mock/02.SalesMarketing/Male/New/ckmk_a_sm_m_n_191064.wav"}}}