{"version":"1.0","dataSet":{"info":{"date":"20230116","occupation":"SM","channel":"MOCK","place":"ONLINE","gender":"MALE","ageRange":"-34","experience":"NEW"},"question":{"raw":{"text":"네 시험 기간에 시간이 촉박할 때 어떻게 시간 관리를 하셨는지 궁금하네요 어 지원자님만이 갖고 있는 어 시간 관리법에 대해서 한번 설명해 주시겠습니까","wordCount":22},"emotion":[],"intent":[]},"answer":{"raw":{"text":"시험 기간 시간이 촉박할 때 저는 잠을 자지 않으면서 최대한 시간을 늘리는 방법으로 시간 관리를 했습니다. 시간 관리라는 것은 결국 시간에 절대적인 양이 많으면 정말 쉬워집니다. 그래서 저는 시험 기간에 잠을 자지 않고 시험 공부를 하면서 시간을 투자했는데요. 물론 이 방법이 오랫동안 할 수 있는 방법은 아닙니다. 잠을 자지 못하면 면역력이 떨어지고 일상생활에 지장이 갈 수 밖에 없습니다. 그러나 시험 기간 만은 잠을 자지 않으면서 공부에 집중하고 또 시험이 없는 주말에는 잠을 푹 자면서 컨디션을 유지했는데요. 그때는 나이도 지금보다 어렸고 훨씬 체력이 좋았기 때문에 가능했었습니다. 그런 방식으로 저는 시험마다 좋은 성적을 거뒀습니다. 그래서 성적 우수상을 받으며 졸업하기도 했는데요. 이처럼 저는 필요한 순간에는 과감히 잠을 자지 않으면서 시간을 관리하고 꼭 해야 하는 일에 투자하고 있습니다.","wordCount":114},"emotion":[],"intent":[{"text":"","expression":"","category":"attitude"}],"summary":{"text":"시간 관리는 시간에 절대적인 양이 많으면 정말 쉬워집니다. 그래서 저는 시험 기간에 잠을 자지 않고 공부에 집중하면서 시간을 투자했습니다. 그런 방식으로 시험마다 좋은 성적을 거두고 성적 우수상을 받으며 졸업하기도 했습니다. 이처럼 필요한 순간에는 과감하게 시간을 관리하고 꼭 해야 하는 일에 투자하고 있습니다.","wordCount":42}}},"rawDataInfo":{"question":{"fileFormat":"wav","fileSize":480718,"duration":15020,"samplingBit":16,"channelCount":1,"samplingRate":"16kHz","audioPath":"/Mock/02.SalesMarketing/Male/New/ckmk_q_sm_m_n_180754.wav"},"answer":{"fileFormat":"wav","fileSize":2766478,"duration":86450,"samplingBit":16,"channelCount":1,"samplingRate":"16kHz","audioPath":"/Mock/02.SalesMarketing/Male/New/ckmk_a_sm_m_n_180754.wav"}}}