{"version":"1.0","dataSet":{"info":{"date":"20230116","occupation":"SM","channel":"MOCK","place":"ONLINE","gender":"MALE","ageRange":"-34","experience":"NEW"},"question":{"raw":{"text":"어 시간이 촉박한 상황이 생길 수 있는데요 이러한 상황에는 어떻게 시간 관리를 하시나요 지원자님께서는 어 시간관리 특 특별한 시간관리 노하우 있는지 말씀해 주시기를 바랍니다","wordCount":24},"emotion":[],"intent":[]},"answer":{"raw":{"text":"저는 시간이 촉박한 상황에서 시간 관리를 할 때 수면 시간을 줄이면서 시간 관리를 합니다. 사실 시간 관리라는 것은 절대적인 시간의 양이 많아지면 매우 쉬워지는데요. 따라서 저는 꼭 필요한 일이 있을 때 일이 너무 바쁠 때 잠을 줄여가면서 시간 관리를 하는 편입니다. 하지만 이 방법은 지속적으로 사용할 수는 없는데요. 그래서 주말에 밀린 잠을 자고 평일에는 거의 밤을 새면서 꼭 필요한 일을 하고 시간 관리를 하는 편입니다. 왜냐하면 저는 잠보다는 저의 커리어와 당장 해야 할 일들이 훨씬 더 중요하다고 생각하기 때문입니다. 그래서 저는 잠을 자지 않으면서 절대적인 시간의 양을 늘리고 이런 방식으로 시간 관리를 합니다.","wordCount":93},"emotion":[],"intent":[{"text":"","expression":"","category":"attitude"}],"summary":{"text":"저는 시간이 촉박한 상황에서 시간 관리를 할 때 수면 시간을 줄이면서 시간 관리를 합니다. 하지만 이 방법은 지속적으로 사용할 수는 없습니다. 그래서 저는 잠을 자지 않으면서 절대적인 시간의 양을 늘리고 시간 관리를 하는 편입니다.","wordCount":34}}},"rawDataInfo":{"question":{"fileFormat":"wav","fileSize":512718,"duration":16020,"samplingBit":16,"channelCount":1,"samplingRate":"16kHz","audioPath":"/Mock/02.SalesMarketing/Male/New/ckmk_q_sm_m_n_203933.wav"},"answer":{"fileFormat":"wav","fileSize":2716238,"duration":84880,"samplingBit":16,"channelCount":1,"samplingRate":"16kHz","audioPath":"/Mock/02.SalesMarketing/Male/New/ckmk_a_sm_m_n_203933.wav"}}}