{"version":"1.0","dataSet":{"info":{"date":"20230116","occupation":"SM","channel":"MOCK","place":"ONLINE","gender":"MALE","ageRange":"35-44","experience":"NEW"},"question":{"raw":{"text":"오늘 면접을 보기 위해 여러 가지 준비를 하시고 또 고생도 많이 하셨을 텐데요 지원자님께서는 어떤 방식으로 평소에 면접을 준비하셨는지가 궁금합니다 말씀 한번 해 주시기 바랍니다","wordCount":25},"emotion":[],"intent":[]},"answer":{"raw":{"text":"네 오늘 면접을 준비하느라고 고생을 많이 했습니다. 어떤 방식으로 면접을 준비하였는지 질문을 하셨습니다. 먼저 이 면접을 준비하기 위하여 이 회사에 대해 정보를 쪼금 종합적으로 분석 연구하였습니다. 그리고 어떠한 인재를 어떤 방식으로 채용을 하고 어떠한 환경에서 어떤 근무를 하는지까지 세밀하게 철저히 분석과 검색을 통해 알게 되었습니다. 그리고 거기에 걸맞는 어떤 질문이 나오든 정확하게 제 나름대로 대답을 잘 해야 하기 때문에 그 부분에 대해서도 집중적으로 준비를 하여 면접관의 어떠한 질문에도 명확한 정답을 제시할 수 있는 그런 준비를 하였습니다. 혹여 제가 생각하지 못한 부분의 질문이 나오더라도 제 나름대로 어떤 질문이든 그 질문에 적합한 대답을 이끌어낼 수 있도록 거울을 보면서 대답 연습을 하였습니다.","wordCount":99},"emotion":[{"text":"그리고 어떠한 인재를 어떤 방식으로 채용을 하고 어떠한 환경에서 어떤 근무를 하는지까지 세밀하게 철저히 분석과 검색을 통해 알게 되었습니다.","expression":"p-interest","category":"positive"}],"intent":[{"text":"","expression":"","category":"attitude"}],"summary":{"text":"면접을 위해 회사에 대한 종합적 정보를 분석 연구하고 세밀한 분석과 검색을 통해 알게 되었으며, 질문에 맞는 답을 위해 거울을 보며 대답 연습을 하였습니다.","wordCount":23}}},"rawDataInfo":{"question":{"fileFormat":"wav","fileSize":564878,"duration":17650,"samplingBit":16,"channelCount":1,"samplingRate":"16kHz","audioPath":"/Mock/02.SalesMarketing/Male/New/ckmk_q_sm_m_n_196764.wav"},"answer":{"fileFormat":"wav","fileSize":2922318,"duration":91320,"samplingBit":16,"channelCount":1,"samplingRate":"16kHz","audioPath":"/Mock/02.SalesMarketing/Male/New/ckmk_a_sm_m_n_196764.wav"}}}