{"version":"1.0","dataSet":{"info":{"date":"20230116","occupation":"SM","channel":"MOCK","place":"ONLINE","gender":"MALE","ageRange":"-34","experience":"NEW"},"question":{"raw":{"text":"최근에 본 뉴스들 가운데 가장 인상 깊었던 뉴스는 무엇인가요 무엇인지와 왜 그 뉴스가 인상 깊었는지 이유도 함께 말씀해 주세요","wordCount":19},"emotion":[],"intent":[]},"answer":{"raw":{"text":"최근에 본 뉴스 중 가장 기억에 남는 뉴스는 어려운 가정 형편 때문에 극단적인 선택을 한 세 모녀 이야기입니다. 이 모녀는 원래 부유한 집안에서 풍족하게 살았었습니다. 하지만 갑작스런 아버지의 사업 실패 그리고 엎친 데 덮친 격으로 어머니의 난치병 발병 여기서 아버지가 돌아가시게 되면서 가정이 한 번 기우는데요. 하지만 다행히도 이 가족에는 누구보다 성실한 아들이 있었습니다. 이 아들은 생계를 유지하고 가족들의 병원비를 내기 위해 밤낮으로 일하면서 정말 열심히 살았다고 하는데요. 하지만 과로로 세상을 떠나게 됩니다. 그리고 남은 세 모녀는 결국 다른 방도를 찾지 못하고 극단적인 선택을 하게 됩니다. 이 뉴스를 보면서 아직 우리나라에도 이런 복지 사각지대가 있구나 우리 주위 사람들을 잘 챙기고 두루두루 살펴보아야겠다고 생각하는 계기가 되었습니다.","wordCount":105},"emotion":[],"intent":[{"text":"","expression":"","category":"attitude"}],"summary":{"text":"최근 본 뉴스 중 가장 인상적인 것은 어려운 가정 형편 때문에 극단적 선택을 한 세 모녀 이야기인데, 이 뉴스를 보면서 우리나라에도 이런 복지 사각지대가 있다는 것을 알고 주위 사람들을 잘 챙기고 두루두루 살펴야겠다는 생각이 들었습니다.","wordCount":35}}},"rawDataInfo":{"question":{"fileFormat":"wav","fileSize":447758,"duration":13990,"samplingBit":16,"channelCount":1,"samplingRate":"16kHz","audioPath":"/Mock/02.SalesMarketing/Male/New/ckmk_q_sm_m_n_190890.wav"},"answer":{"fileFormat":"wav","fileSize":2836558,"duration":88640,"samplingBit":16,"channelCount":1,"samplingRate":"16kHz","audioPath":"/Mock/02.SalesMarketing/Male/New/ckmk_a_sm_m_n_190890.wav"}}}