{"version":"1.0","dataSet":{"info":{"date":"20230116","occupation":"SM","channel":"MOCK","place":"ONLINE","gender":"MALE","ageRange":"-34","experience":"NEW"},"question":{"raw":{"text":"다른 사람이 지원자님에 대해 생각할 때 장단점은 무엇이라고 이야기할까요 이유를 함께 말씀해 주세요","wordCount":13},"emotion":[],"intent":[]},"answer":{"raw":{"text":"다른 사람이 생각하는 저의 장단점은 여러 가지가 있는데요. 대표적으로 저의 장점은 도전 정신이 강하다는 것입니다. 저는 새로운 분야에 도전하는 것을 두려워하지 않는 사람인데요. 예를 들면 대학 시절 아직 우리 사회의 주류가 아니었던 유튜브 채널에 관심이 생겨 유튜브 채널을 개설하고 혼자 영상 편집을 배워서 유튜브 채널을 운영하면서 많은 구독자와 조회수를 얻었던 경험이 있습니다. 이처럼 저의 도전 정신으로 저는 많은 것에 도전하고 또 성과를 내왔습니다. 이러한 도전 정신이 저의 장점입니다. 하지만 저의 단점은 뒷심이 다소 부족하다는 것인데요. 어떤 일을 호기롭게 시작했다가 마무리를 깔끔하게 짓지 못하는 경우가 종종 있었습니다. 유튜브 채널도 꾸준히 운영하다가 지금은 다소 뜸해졌는데요. 이러한 제 단점을 보완하기 위해 업무 플랜을 체계적으로 짜서 꾸준히 일을 할 수 있도록 노력하고 있습니다.","wordCount":109},"emotion":[{"text":"예를 들면 대학 시절 아직 우리 사회의 주류가 아니었던   유튜브 채널에 관심이 생겨 유튜브 채널을 개설하고 혼자 영상 편집을 배워서   유튜브 채널을 운영하면서 많은 구독자와 조회수를 얻었던 경험이 있습니다.","expression":"u-fact","category":"neutral"}],"intent":[{"text":"예를 들면 대학 시절 아직 우리 사회의 주류가 아니었던   유튜브 채널에 관심이 생겨 유튜브 채널을 개설하고 혼자 영상 편집을 배워서   유튜브 채널을 운영하면서 많은 구독자와 조회수를 얻었던 경험이 있습니다.","expression":"c_chl","category":"personality"}],"summary":{"text":"다른 사람이 생각하는 저의 장점은 도전 정신이 강하다는 것이며, 단점은 뒷심이 다소 부족하다는 것입니다. 이를 보완하기 위해 업무 플랜을 체계적으로 짜서 꾸준히 일을 할 수 있도록 노력하고 있습니다.","wordCount":28}}},"rawDataInfo":{"question":{"fileFormat":"wav","fileSize":436878,"duration":13650,"samplingBit":16,"channelCount":1,"samplingRate":"16kHz","audioPath":"/Mock/02.SalesMarketing/Male/New/ckmk_q_sm_m_n_180302.wav"},"answer":{"fileFormat":"wav","fileSize":2876878,"duration":89900,"samplingBit":16,"channelCount":1,"samplingRate":"16kHz","audioPath":"/Mock/02.SalesMarketing/Male/New/ckmk_a_sm_m_n_180302.wav"}}}