{"version":"1.0","dataSet":{"info":{"date":"20230116","occupation":"SM","channel":"MOCK","place":"ONLINE","gender":"MALE","ageRange":"35-44","experience":"NEW"},"question":{"raw":{"text":"지원자님만의 단점이 있다면 말씀해 주시고 이를 보완하기 위해 지원자님이 한 노력이 있다면 함께 이유와 설명 부탁드려요","wordCount":16},"emotion":[],"intent":[]},"answer":{"raw":{"text":"저의 단점과 그를 보완하기 위한 노력을 궁금해하셨습니다. 저에 단점은 순조롭게 아주 능수능 능수능란하게 일을 진행을 잘 하다가 보면 뒤에 가서 터져서 쪼금 늦어지는 경우가 발생을 합니다. 왜냐하면 처음에 쪼금 오버할 정도로 빠르게 일을 치고 나갑니다. 그러다 보면 후반에 쪼금 지쳐서 오히려 남들보다 더 늦게 끝이 나는 경우가 발생을 하곤 하였습니다. 그래서 이 부분을 보완하기 위해 처음에 너무 서두르지 않고 차근차근 집중해서 순차적으로 착오 없이 차분하게 진행하는 쪽으로 방법을 바꾸어 보았습니다. 리듬을 바꾸니까 확실히 업무 능력이 더 향상되었고 처음부터 너무 서두르는 것이 오히려 단점이 될 수도 있다는 것을 깨달았습니다. 그래서 모든 일에는 달리기와 같이 자신만의 리듬을 컨트롤해야 하는 중요한 계산이 필요합니다. 달리기도 처음부터 최선을 다해서 너무 빠른 속도로 달렸다면 뒤에 자신의 체력과 맞지 않아 오히려 더 늦어질 수 있기 때문입니다.","wordCount":119},"emotion":[],"intent":[{"text":"","expression":"","category":"attitude"}],"summary":{"text":"능수능란하게 일을 진행하다 보면 후반에 지쳐서 남들보다 더 늦게 끝나는 경우가 있습니다. 이 부분을 보완하기 위해 처음엔 너무 서두르지 않고 순차적으로 착오 없이 차분하게 진행하는 쪽으로 방법을 바꾸어 보았습니다. 그 결과 업무 능력이 더 향상되었습니다.","wordCount":35}}},"rawDataInfo":{"question":{"fileFormat":"wav","fileSize":397518,"duration":12420,"samplingBit":16,"channelCount":1,"samplingRate":"16kHz","audioPath":"/Mock/02.SalesMarketing/Male/New/ckmk_q_sm_m_n_230944.wav"},"answer":{"fileFormat":"wav","fileSize":3819918,"duration":119370,"samplingBit":16,"channelCount":1,"samplingRate":"16kHz","audioPath":"/Mock/02.SalesMarketing/Male/New/ckmk_a_sm_m_n_230944.wav"}}}