{"version":"1.0","dataSet":{"info":{"date":"20230116","occupation":"SM","channel":"MOCK","place":"ONLINE","gender":"MALE","ageRange":"-34","experience":"NEW"},"question":{"raw":{"text":"본인이 생각하는 회사 내에서의 영업 직무의 가치에 관해서 말씀해 주실 수 있나요","wordCount":12},"emotion":[],"intent":[]},"answer":{"raw":{"text":"저는 회사 내에서 영업 직 영업 직무의 가치는 회사가 가장 추구해야 할 가장 중요한 가치라고 생각이 듭니다. 만약 퍼센트로 나뉜다면 영업이 구십 퍼센트 이상이라고 생각이 듭니다. 그렇게 생각하는 이유는 무엇이냐면은 실질적으로 모든 현장에서 이루어지는 모든 계약의 성과는 영업이라는 밑바탕이 되었기 영업이라는 밑바탕이 깔려있었기 때문입니다. 따라서 이러한 영업 사원들을 집중적으로 육성을 하고 그들에게 정당한 대우를 해주고 그들에게 상당한 성공의 기회를 보장을 하는 것이 앞으로의 저희 회사의 발전에 있어서도 또 사회 발전에 있어서 경제 발전에 있어서도 필요한 필수적인 요소라고 생각이 들기 때문에 저는 영업의 직 영업 직무의 가치가 가장 중요하다고 생각이 됩니다. 두 번째로 중요한 가치는 네 그렇습니다. 이상입니다. 감사합니다.","wordCount":98},"emotion":[],"intent":[{"text":"","expression":"","category":"attitude"}],"summary":{"text":"영업 직 영업 직무의 가치는 회사가 추구해야 할 가장 중요한 가치라고 생각합니다. 영업 사원들을 집중적으로 육성하고 정당한 대우를 해주고 성공의 기회를 보장을 하는 것이 앞으로의 회사와 사회의 발전에 있어서도 필요한 필수적인 요소입니다.","wordCount":32}}},"rawDataInfo":{"question":{"fileFormat":"wav","fileSize":336398,"duration":10510,"samplingBit":16,"channelCount":1,"samplingRate":"16kHz","audioPath":"/Mock/02.SalesMarketing/Male/New/ckmk_q_sm_m_n_185321.wav"},"answer":{"fileFormat":"wav","fileSize":1843918,"duration":57620,"samplingBit":16,"channelCount":1,"samplingRate":"16kHz","audioPath":"/Mock/02.SalesMarketing/Male/New/ckmk_a_sm_m_n_185321.wav"}}}