{"version":"1.0","dataSet":{"info":{"date":"20230116","occupation":"SM","channel":"MOCK","place":"ONLINE","gender":"MALE","ageRange":"35-44","experience":"NEW"},"question":{"raw":{"text":"일을 하다 보면 열심히는 하지만 본인이 원하는 만큼 따라오지 못하는 팀 동료들이 있을 수 있는데 이럴 때는 어떻게 하십니까","wordCount":19},"emotion":[],"intent":[]},"answer":{"raw":{"text":"열심히는 하지만 본인이 원하는 만큼에 성과를 내지 못하는 동료가 있다면 저는 그 동료를 위해서 제가 하는 능력의 일부를 조금 늦춰서 엇 비슷하게 맞춰줄 수도 있을 것이고 그 동료가 더 잘 할 수 있는 방법을 제시해 줄 수도 있을 것입니다. 열심히 하지 않는데 느리다면 지적을 해야 하지만 열심히 하는데도 따라오지 못하는 부분이 있다면 그 부분은 어느 정도 이해할 수 있는 선인지 아닌지를 먼저 판단해야 할 것입니다. 충분히 가능한 일이고 다른 사람들이 오히려 너무 업무 처리 속도가 빨라 이 동료가 뒤처지는 것처럼 보이는 것이라면 괜찮다 고 격려해 주고 하다 보면 점차 나아질 것이다 라고 독려해 줄 것입니다. 하지만 업무에 지장이 있을 정도로 조금 못 따라오는 상황이라면 그 부분을 보완하기 위해 종합적으로 한번 검토를 해야 할 것입니다. 다른 직원들과 소통하고 그 동료를 위해 모두가 합심해서 쪼그만 도움이라도 될 수 있도록 하는 것 그게 바로 팀워크이자 회사의 이익을 위한 모두의 단합심 협동심이라 하겠습니다.","wordCount":139},"emotion":[],"intent":[{"text":"","expression":"","category":"attitude"}],"summary":{"text":"열심히는 하지만 성과를 내지 못하는 동료가 있다면 능력의 일부를 늦춰 비슷한 방법으로 맞춰줄 수도 있고 더 잘 할 수 있는 방법을 제시해 줄 수도 있을 것입니다. 열심히 하지 않는데 느리다면 지적해야 하지만 열심히 하는데도 따라오지 못하는 부분이 있으면 이해의 선인지 아닌지를 먼저 판단해야 할 것입니다.","wordCount":45}}},"rawDataInfo":{"question":{"fileFormat":"wav","fileSize":371278,"duration":11600,"samplingBit":16,"channelCount":1,"samplingRate":"16kHz","audioPath":"/Mock/02.SalesMarketing/Male/New/ckmk_q_sm_m_n_231093.wav"},"answer":{"fileFormat":"wav","fileSize":3822798,"duration":119460,"samplingBit":16,"channelCount":1,"samplingRate":"16kHz","audioPath":"/Mock/02.SalesMarketing/Male/New/ckmk_a_sm_m_n_231093.wav"}}}