{"version":"1.0","dataSet":{"info":{"date":"20230116","occupation":"SM","channel":"MOCK","place":"ONLINE","gender":"MALE","ageRange":"-34","experience":"NEW"},"question":{"raw":{"text":"귀하께서 지원하신 직무 세일즈맨은 무엇이라고 생각하고 계십니까","wordCount":7},"emotion":[],"intent":[]},"answer":{"raw":{"text":"저는 세상의 모든 일은 세일즈라고 생각합니다. 흔히들 세일즈 업무와 타 업무가 다르다고 생각하지만 저는 결국 모든 일은 판매하는 것에 있다고 생각하기 때문입니다. 그렇기 때문에 이 직접 세일즈 현장에 나가서 세일즈 업무를 담당하는 세일즈맨은 굉장히 쉽지 않으면서도 대단한 일을 해내는 사람이라고 생각합니다. 이러한 세일즈 업무를 잘 해낼 수 있는 사람은 다른 타 어떤 업무에 가서도 수준급의 성과를 낼 수 있다고 생각합니다. 세일즈는 타인을 설득시키고 또 타인의 지갑을 열게 하고 타인에게 나의 이야기를 전달할 수 있는 그런 능력을 지녀야 합니다. 이러한 능력은 비단 세일즈 분야뿐만 아니라 다른 어떠한 분야에서도 통용되는 것입니다. 사람을 상대하는 세일즈맨에 이러한 기술과 경험은 이 회사가 발전하고 궁극적인 목표인 이익을 창출하는데에 무엇보다 중요하다고 생각합니다. 그렇기 때문에 저는 이런 세일즈 맨들을 굉장히 존경하고 또 저 또한 그들의 이런 능력과 경험 스킬들을 옆에서 보고 배우면서 저도 저러한 능력을 가지고 싶다는 생각을 했습니다. 그래서 저도 반드시 세일즈맨이 되고 싶습니다.","wordCount":137},"emotion":[],"intent":[{"text":"","expression":"","category":"attitude"}],"summary":{"text":"모든 일은 판매에 있다고 생각하기 때문에 직접 세일즈 현장에 나가 세일즈의 기술과 경험을 쌓는 것은 회사 발전과 궁극적인 이익 창출에 무엇보다 중요하다고 생각합니다. 그래서 저 또한 이런 세일즈맨들을 존경하고 또 옆에서 보고 배우면서 나도 이러한 능력을 가지고 싶다는 생각을 했습니다.","wordCount":40}}},"rawDataInfo":{"question":{"fileFormat":"wav","fileSize":275278,"duration":8600,"samplingBit":16,"channelCount":1,"samplingRate":"16kHz","audioPath":"/Mock/02.SalesMarketing/Male/New/ckmk_q_sm_m_n_240286.wav"},"answer":{"fileFormat":"wav","fileSize":3762638,"duration":117580,"samplingBit":16,"channelCount":1,"samplingRate":"16kHz","audioPath":"/Mock/02.SalesMarketing/Male/New/ckmk_a_sm_m_n_240286.wav"}}}