{"version":"1.0","dataSet":{"info":{"date":"20230116","occupation":"SM","channel":"MOCK","place":"ONLINE","gender":"MALE","ageRange":"-34","experience":"NEW"},"question":{"raw":{"text":"지원자님이 생각하는 본인 성격의 장점과 단점은 무엇인가요 구체적인 사례를 들어서 설명해 주시면 더욱 좋습니다","wordCount":14},"emotion":[],"intent":[]},"answer":{"raw":{"text":"저의 성격상 장점과 단점에 대해 말씀드리겠습니다. 저의 성격상 장점은 도전 정신이 매우 강하다는 것입니다. 저는 새로운 분야에 도전하는 것을 전혀 두려워하지 않는데요. 그래서 이천 십 팔 년부터 유튜브 채널을 운영하면서 새로운 도전에 나섰고 많은 조회수와 구독자를 확보하면서 큰 성과를 얻었던 경험이 있습니다. 이처럼 저는 어떤 분야든 항상 도전하는 자세가 있습니다. 반면 저의 단점은 뒷심이 다소 부족하다는 것인데요. 말 그대로 용두사미 용의 머리와 뱀의 꼬리 라는 사자성어처럼 저는 일을 크게 벌린 뒤 겨우겨우 마무리하는 버릇이 있습니다. 이런 단점을 보완하기 위해 매일매일 노력하고 있습니다.","wordCount":82},"emotion":[{"text":"그래서 이천 십 팔 년부터 유튜브 채널을 운영하면서 새로운 도전에 나섰고 많은 조회수와 구독자를 확보하면서 큰 성과를 얻었던 경험이 있습니다.","expression":"u-fact","category":"neutral"}],"intent":[{"text":"저의 성격상 장점은 도전 정신이 매우 강하다는 것입니다.","expression":"c_person","category":"background"},{"text":"반면 저의 단점은 뒷심이 다소 부족하다는 것인데요.","expression":"c_person","category":"background"}],"summary":{"text":"저는 어떤 분야든 항상 도전하는 성격이지만 뒷심이 다소 부족합니다. 그래서 일을 크게 벌린 뒤 겨우겨우 마무리하는 버릇이 있어서 이런 단점을 보완하기 위해 매일 노력하고 있습니다.","wordCount":25}}},"rawDataInfo":{"question":{"fileFormat":"wav","fileSize":352078,"duration":11000,"samplingBit":16,"channelCount":1,"samplingRate":"16kHz","audioPath":"/Mock/02.SalesMarketing/Male/New/ckmk_q_sm_m_n_203608.wav"},"answer":{"fileFormat":"wav","fileSize":2727438,"duration":85230,"samplingBit":16,"channelCount":1,"samplingRate":"16kHz","audioPath":"/Mock/02.SalesMarketing/Male/New/ckmk_a_sm_m_n_203608.wav"}}}