{"version":"1.0","dataSet":{"info":{"date":"20230116","occupation":"SM","channel":"MOCK","place":"ONLINE","gender":"MALE","ageRange":"-34","experience":"NEW"},"question":{"raw":{"text":"보험 영업에 대한 인식이 안 좋은 경우가 있는데 어떻게 생각하십니까","wordCount":10},"emotion":[],"intent":[]},"answer":{"raw":{"text":"보험 영업이라고 한다면 아무래도 여러 보험 상품이 있고 그 보험 상품마다 자기에 떨어지는 인센티브가 다릅니다. 인센티브가 다르다 보니 이왕이면 좀 더 인센티브가 높은 상품을 팔려고 영업을 하겠고요. 자신이 직접 출장을 와서 고객이 있는 데까지 방문하는 경우도 많아서 이런 경우 영업을 하는 영업인 입장에선 기대 비용이 커지기 마련입니다. 내가 이 정도까지 해줬으니 이 정도 상품은 팔아도 되겠지 라는 생각을 하게 되기 때문에 고객에게 보험 상품을 팔 때 최대한 자기에게 이윤이 많이 떨어지는 상품을 팔기 하려는 경향이 생기죠. 여기서부터 갈등이 생기기 시작합니다. 고객은 자기가 필요한 보험을 들고 하고 싶어하지만 영업을 하는 사람은 이윤이 많이 남는 보험을 팔려고 합니다. 둘 다 보험 상품에 대한 목적성이 다른 상태에서 어떻게 보면 고객은 보험 상품을 많이 하는 것이 아닙니다. 당연히 비전문가이기 때문에 어떤 상품이 어떤 보장을 해주고 어떤 효과가 있는지를 잘 몰라서 이 상품에 대한 설명까지 더해지지 않으면 더욱 불만이 생길 수 있기 때문에 인식이 안 좋다고 생각합니다.","wordCount":142},"emotion":[],"intent":[{"text":"","expression":"","category":"attitude"}],"summary":{"text":"보험 영업에서 고객은 자기가 필요한 보험을 들고 하고 싶어하지만 영업을 하는 사람은 이윤이 많이 남는 보험을 팔려고 합니다. 둘 다 보험 상품에 대한 목적성이 다른 상태에서 어떻게 보면 고객은 보험 상품을 많이 하는 것이 아니고 비전문가이기 때문에 어떤 상품이 어떤 보장을 해주고 어떤 효과가 있는지를 잘 몰라서 불만이 생길 수 있기 때문에 인식이 안 좋다고 생각합니다.","wordCount":56}}},"rawDataInfo":{"question":{"fileFormat":"wav","fileSize":239438,"duration":7480,"samplingBit":16,"channelCount":1,"samplingRate":"16kHz","audioPath":"/Mock/02.SalesMarketing/Male/New/ckmk_q_sm_m_n_189106.wav"},"answer":{"fileFormat":"wav","fileSize":2866318,"duration":89570,"samplingBit":16,"channelCount":1,"samplingRate":"16kHz","audioPath":"/Mock/02.SalesMarketing/Male/New/ckmk_a_sm_m_n_189106.wav"}}}