{"version":"1.0","dataSet":{"info":{"date":"20230116","occupation":"SM","channel":"MOCK","place":"ONLINE","gender":"MALE","ageRange":"-34","experience":"NEW"},"question":{"raw":{"text":"해외에 파견 근무를 나가게 된다면 어느 나라에서 일을 하고 싶으신가요 이유도 함께 말씀 부탁드리겠습니다","wordCount":14},"emotion":[],"intent":[]},"answer":{"raw":{"text":"만약 해외에 파견 근무를 나가게 된다면 저는 미국에서 일해보고 싶습니다. 그 이유는 여러 가지가 있습니다. 첫 번째는 미국은 명실상부 세계에서 가장 큰 시장을 가지고 있기 때문에 미국에서 일을 하는 것이 저의 역량과 커리어에 큰 도움이 될 거라고 생각하기 때문입니다. 두 번째는 만약 미국에서 제가 능력을 인정받는다면 유럽 남미 아프리카 등 다른 국가로 진출할 때도 제가 파견 근무를 나갈 수 있다고 생각하기 때문입니다. 세계에서 가장 크고 어려운 시장인 미국 시장에서 제가 능력을 보여준다면 회사에서 다른 국가로 파견 근무를 보낼 사람이 필요할 때 제가 선택받을 수 있습니다. 이렇게 미국 시장을 통해 많은 것을 얻을 수 있기 때문에 저는 미국에서 파견 근무를 해보고 싶습니다.","wordCount":101},"emotion":[],"intent":[{"text":"","expression":"","category":"attitude"}],"summary":{"text":"세계 가장 큰 시장인 미국에서 일하게 된다면 역량과 커리어에 큰 도움이 될 것이라고 생각하기 때문에, 그리고 미국에서 능력을 인정받는다면 다른 국가로 진출할 때도 파견 근무를 나갈 수 있다고 생각하기 때문에 미국에서 파견 근무를 해보고 싶습니다.","wordCount":35}}},"rawDataInfo":{"question":{"fileFormat":"wav","fileSize":318798,"duration":9960,"samplingBit":16,"channelCount":1,"samplingRate":"16kHz","audioPath":"/Mock/02.SalesMarketing/Male/New/ckmk_q_sm_m_n_197005.wav"},"answer":{"fileFormat":"wav","fileSize":2880078,"duration":90000,"samplingBit":16,"channelCount":1,"samplingRate":"16kHz","audioPath":"/Mock/02.SalesMarketing/Male/New/ckmk_a_sm_m_n_197005.wav"}}}