{"version":"1.0","dataSet":{"info":{"date":"20230116","occupation":"SM","channel":"MOCK","place":"ONLINE","gender":"MALE","ageRange":"-34","experience":"NEW"},"question":{"raw":{"text":"어 지원자님께서 우리 회사에 입사를 했더니 업무 내용이나 강도가 지원자님께서 예상했던 것보다 전혀 다를 수 있습니다 이런 상황에서는 어떻게 대처를 하실 건가요","wordCount":22},"emotion":[],"intent":[]},"answer":{"raw":{"text":"사실 회사에 입사하기 전에 업무 내용과 강도를 완벽하게 파악하는 것은 불가능하다고 생각합니다. 왜냐하면 다양한 변수가 있을 수 있고 또 업무도 다양하기 때문입니다. 그래서 저는 이 구성원으로서 어떠한 업무 강도 그리고 내용에도 적응을 할 수 있어야 한다고 생각하는데요. 그런 면에서 저는 강점이 있다고 생각합니다. 어려서부터 이사를 많이 다니고 또 다양한 단체 생활을 경험했던 저는 어딜 가나 빠르게 적응하곤 했는데요. 각자의 다양한 문화가 있었고 심지어 다른 언어를 사용하는 곳도 있었지만 저는 빠르게 자리를 잡을 수 있었습니다. 그 이유는 제가 열린 마음으로 새로운 문화와 내용 그리고 그 강도에 적응하고자 노력했기 때문인데요. 그렇기 때문에 귀사에 입사해서도 어떠한 업무 내용이나 강도를 만나더라도 잘 적극 적응할 수 있다고 생각합니다.","wordCount":103},"emotion":[],"intent":[{"text":"","expression":"","category":"attitude"}],"summary":{"text":"회사 입사 전 업무 내용과 강도를 완벽하게 파악하는 것은 불가능합니다. 다양한 변수가 있고 또 업무도 다양하기 때문입니다. 그래서 저는 이 구성원으로서 어떠한 업무 강도 그리고 내용에도 적응을 할 수 있어야 한다고 생각하는데 그런 면에서 강점이 있다고 생각합니다.","wordCount":37}}},"rawDataInfo":{"question":{"fileFormat":"wav","fileSize":480078,"duration":15000,"samplingBit":16,"channelCount":1,"samplingRate":"16kHz","audioPath":"/Mock/02.SalesMarketing/Male/New/ckmk_q_sm_m_n_215100.wav"},"answer":{"fileFormat":"wav","fileSize":2809038,"duration":87780,"samplingBit":16,"channelCount":1,"samplingRate":"16kHz","audioPath":"/Mock/02.SalesMarketing/Male/New/ckmk_a_sm_m_n_215100.wav"}}}