{"version":"1.0","dataSet":{"info":{"date":"20230116","occupation":"SM","channel":"MOCK","place":"ONLINE","gender":"MALE","ageRange":"-34","experience":"NEW"},"question":{"raw":{"text":"면접자님은 의견을 주장하실 때 강하게 자기 의견을 말하는 편인가요 어떠한 스타일의 주장을 내세우는지 설명 부탁드립니다","wordCount":15},"emotion":[],"intent":[]},"answer":{"raw":{"text":"저는 의견을 주장할 때 강하게 주장하는 편입니다. 저는 의견을 주장할 때 객관적인 정보들을 수집해서 강하게 의견을 주장하는 편인데요. 예를 들면 믿을 수 있는 언론기사 혹은 여러 가지 논문 이런 것들을 통해서 객관적인 근거를 수집하고 이것들을 어떠한 순서로 이야기해야 할지 고민하고 이런 것들을 재조합해서 저의 의견을 강하게 주장하곤 합니다. 왜냐하면 객관적인 근거가 없는 주장은 단순한 떼쓰기에 지나지 않기 때문입니다. 이런 과정을 통해서 저는 논리적이고 합리적인 사고방식을 길러왔습니다. 이런 것들은 제가 앞으로 영업을 하면서 사람들에게 저의 의견을 설득시킬 때 매우 유용할 것입니다.","wordCount":80},"emotion":[],"intent":[{"text":"저는 의견을 주장할 때 강하게 주장하는 편입니다.","expression":"c_person","category":"background"}],"summary":{"text":"저는 의견을 주장할 때 객관적인 정보들을 수집해서 강하게 주장하는 편입니다. 언론기사나 여러 가지 논문등 객관적인 근거들을 수집하고 재조합해서 저는 의견을 강하게 주장합니다. 이런 과정은 논리적이고 합리적인 사고방식을 길러왔습니다.","wordCount":28}}},"rawDataInfo":{"question":{"fileFormat":"wav","fileSize":464718,"duration":14520,"samplingBit":16,"channelCount":1,"samplingRate":"16kHz","audioPath":"/Mock/02.SalesMarketing/Male/New/ckmk_q_sm_m_n_181044.wav"},"answer":{"fileFormat":"wav","fileSize":2413198,"duration":75410,"samplingBit":16,"channelCount":1,"samplingRate":"16kHz","audioPath":"/Mock/02.SalesMarketing/Male/New/ckmk_a_sm_m_n_181044.wav"}}}