{"version":"1.0","dataSet":{"info":{"date":"20230116","occupation":"SM","channel":"MOCK","place":"ONLINE","gender":"MALE","ageRange":"-34","experience":"NEW"},"question":{"raw":{"text":"만약에 타 부서와 갈등 상황이 발생했다면 어떻게 해결하시겠습니까 어 상황을 가정해서 말씀해 주시기 바랍니다","wordCount":14},"emotion":[],"intent":[]},"answer":{"raw":{"text":"만약 타 부서와 갈등 상황이 발생한다면 첫 번째는 우리 부서를 위해 타 부서와 갈등 상황을 조율하겠습니다. 같은 회사이지만 제가 속한 부서를 위해서 더 노력해야 되는 것이 맞다고 생각합니다. 하지만 궁극적으로 타 부서도 우리 회사 소속이고 결국 같은 회사의 이익을 위해서 함께 일하는 관계이기 때문에 나중에는 양보를 할 거 같습니다. 그래서 제가 비슷한 경험을 했던 적이 있는데요. 이전 직장에서 한정된 예산을 두고 타 부서와 갈등이 있었습니다. 그때 저는 우리 부서에 최대한 많은 예산을 가져오려고 노력했고 다음 분기 예산 편성에서는 타 부서에게 저번에 감사했다 며 양보를 했었습니다.","wordCount":85},"emotion":[{"text":"그때 저는 우리 부서에 최대한 많은 예산을 가져오려고 노력했고 다음 분기 예산 편성에서는 타 부서에게 저번에 감사했다 며 양보를 했었습니다.","expression":"p-gratitude","category":"positive"}],"intent":[{"text":"","expression":"","category":"attitude"}],"summary":{"text":"타 부서와 갈등 상황이 발생한다면 우리 부서를 위해 갈등 상황을 조율하겠습니다. 같은 회사이지만 제가 속한 부서를 위해서 더 노력해야 된다고 생각합니다. 하지만 결국 같은 회사의 이익을 위해서 함께 일하는 관계이기 때문에 나중에는 양보를 할 거 같습니다.","wordCount":36}}},"rawDataInfo":{"question":{"fileFormat":"wav","fileSize":286798,"duration":8960,"samplingBit":16,"channelCount":1,"samplingRate":"16kHz","audioPath":"/Mock/02.SalesMarketing/Male/New/ckmk_q_sm_m_n_196495.wav"},"answer":{"fileFormat":"wav","fileSize":2778318,"duration":86820,"samplingBit":16,"channelCount":1,"samplingRate":"16kHz","audioPath":"/Mock/02.SalesMarketing/Male/New/ckmk_a_sm_m_n_196495.wav"}}}