{"version":"1.0","dataSet":{"info":{"date":"20230116","occupation":"SM","channel":"MOCK","place":"ONLINE","gender":"MALE","ageRange":"35-44","experience":"NEW"},"question":{"raw":{"text":"일을 하다 보면 영어로 서류를 작성해야 할 일이 생길 수도 있습니다 지원자님은 이런 영어 서류 작성에도 부담 없이 진행하실 수 있나요","wordCount":21},"emotion":[],"intent":[]},"answer":{"raw":{"text":"일을 하다 보면 영어로 된 문서로 서류를 작성해야 할 일이 생길 수가 있습니다. 그렇게 되면 저는 영어로 서류를 작성을 할 수가 있다 라고 대답을 할 것 같습니다. 저는 영어 실력이 출중하지 못합니다. 그렇기 때문에 제 해석 능력과 독학 능력으로는 충분한 서류를 완성하기에 어려움이 있을 수 있습니다. 하지만 요즘 많이 발전되고 개발되어진 번역 프로그램을 조금만 이용을 하여 활용을 한다면 복잡한 영어로 된 서류도 얼마든지 작성이 가능할 것이라고 생각을 합니다. 백 퍼센트 정확하고 완벽한 번역은 힘들겠으나 그 번역기에 대한 내용을 쪼금씩 더 이해하면서 그리고 살짝 보완하 수정 작업을 거쳐서 완성도 높게 서류를 작성해야 하는 경우 더 심혈을 기울여서 사전도 체크해 가면서 작업은 가능하다 라고 생각을 합니다.","wordCount":104},"emotion":[],"intent":[{"text":"","expression":"","category":"attitude"}],"summary":{"text":"영어로 된 문서로 서류를 작성해야 하는 경우 해석 능력과 독학 능력으로는 서류 완성에 어려움이 있을 수 있습니다. 하지만 최근 많이 발전되고 개발된 번역 프로그램을 조금만 이용을 한다면 복잡한 영어로 된 서류도 얼마든지 작성이 가능할 것이라고 생각을 합니다.","wordCount":37}}},"rawDataInfo":{"question":{"fileFormat":"wav","fileSize":611598,"duration":19110,"samplingBit":16,"channelCount":1,"samplingRate":"16kHz","audioPath":"/Mock/02.SalesMarketing/Male/New/ckmk_q_sm_m_n_213926.wav"},"answer":{"fileFormat":"wav","fileSize":2929038,"duration":91530,"samplingBit":16,"channelCount":1,"samplingRate":"16kHz","audioPath":"/Mock/02.SalesMarketing/Male/New/ckmk_a_sm_m_n_213926.wav"}}}