{"version":"1.0","dataSet":{"info":{"date":"20230116","occupation":"SM","channel":"MOCK","place":"ONLINE","gender":"MALE","ageRange":"35-44","experience":"NEW"},"question":{"raw":{"text":"지원자님이 해외 영업에 관심이 생기게 된 계기에 대해 말씀해 주시겠습니까","wordCount":10},"emotion":[],"intent":[]},"answer":{"raw":{"text":"해외 영업 파트에 지원을 하였는데 관심을 가지게 된 특별한 계기가 있는지 물어보셨습니다. 글로벌 시대에 발맞춰 국내에서만 진행하던 파트가 아닌 해외 영업 파트에 지원을 하게 된 것 또한 시대의 흐름에 역행하지 않고 더 넓은 글로벌한 시장 경쟁을 더 느껴보고 체험해 보고 싶어서 입니다. 우리나라의 문화와 정서 그리고 전혀 다른 해외의 문화와 정서 그리고 그 사람들의 사고방식 등등을 일일이 다 체크할 수는 없지만 하나씩 하나씩 지금 맞춰 간다면 더욱 좋은 결과로 발전되어지는 영업의 성과가 나오지 않을까 진지하게 생각을 해 봅니다. 그래서 저는 국내 영업도 물론 중요한 영업이긴 하나 해외 영업에 더욱더 관심을 가져서 좋은 결과로 이끌어 낼 수 있도록 최선을 다하겠습니다. 지금 한류 시대입니다. 우리나라의 여러 가지 컨텐츠들이 해외에서 각광을 받는 사례가 많기 때문입니다.","wordCount":112},"emotion":[],"intent":[{"text":"","expression":"","category":"attitude"}],"summary":{"text":"글로벌 시대에 발맞춰 해외 영업 파트에 관심을 가지게 된 특별한 계기가 있는지 물어보셨습니다. 시대의 흐름에 역행하지 않고 더 넓은 글로벌한 시장 경쟁을 더 느껴보고 체험해 보고 싶어서입니다. 지금 한류 시대입니다. 우리나라의 여러 가지 컨텐츠들이 해외에서 각광을 받는 사례가 많기 때문입니다.","wordCount":40}}},"rawDataInfo":{"question":{"fileFormat":"wav","fileSize":239758,"duration":7490,"samplingBit":16,"channelCount":1,"samplingRate":"16kHz","audioPath":"/Mock/02.SalesMarketing/Male/New/ckmk_q_sm_m_n_190712.wav"},"answer":{"fileFormat":"wav","fileSize":2893518,"duration":90420,"samplingBit":16,"channelCount":1,"samplingRate":"16kHz","audioPath":"/Mock/02.SalesMarketing/Male/New/ckmk_a_sm_m_n_190712.wav"}}}