{"version":"1.0","dataSet":{"info":{"date":"20230116","occupation":"SM","channel":"MOCK","place":"ONLINE","gender":"MALE","ageRange":"35-44","experience":"NEW"},"question":{"raw":{"text":"마케팅과 홍보 그리고 광고 기획 이 세 가지의 차이점이 무엇인지 어 설명해 주세요","wordCount":13},"emotion":[],"intent":[]},"answer":{"raw":{"text":"마케팅과 홍보 광고 기획의 차이점은 무엇인지 각각의 차이점과 장단점을 설명을 요구하셨습니다. 마케팅이란 광고를 하기 위한 준비 과정과 정보 수집 등등을 통틀어서 하는 말이고 홍보는 알리는 것이죠. 말 그대로 물품의 장점을 부각시켜 광고를 하는 것을 홍보라고 하면 되겠습니다. 광고 기획은 이 광고를 내기 위한 마케팅 전의 작업으로서 홍보를 하기 전 준비 과정 그리고 마케팅을 하기 전에 준비 과정 통틀어서 광고 기획이라고 보면 되겠습니다. 순서는 광고 기획 그다음에 마케팅 그다음에 홍보 이 순서로 가는 것이 가장 바람직한 순서이겠죠. 장점과 단점은 이 세 가지 기획의 차이점만을 놓고 장단점을 뽑으라 그러면 어떻게 대답을 해야 할지 참 어렵습니다. 광고 기획의 장점은 분석을 통해 그리고 마케팅을 하기 위한 과정이므로 가장 힘들다는 단점이 있을 것이고 장점은 좋은 결과를 만들어내기 위한 밑바탕이므로 가장 그 광고에 대한 핵심이 되는 업무이기 때문에 중요한 일이다 라고 보여집니다.","wordCount":126},"emotion":[],"intent":[{"text":"","expression":"","category":"attitude"}],"summary":{"text":"광고 기획은 분석을 통해 그리고 마케팅을 하기 위한 과정이므로 가장 힘들다는 단점이 있을 것이고 장점은 좋은 결과를 만들어내기 위한 밑바탕이므로 가장 그 광고에 대한 핵심이 되는 업무이기 때문에 중요한 일입니다.","wordCount":30}}},"rawDataInfo":{"question":{"fileFormat":"wav","fileSize":336398,"duration":10510,"samplingBit":16,"channelCount":1,"samplingRate":"16kHz","audioPath":"/Mock/02.SalesMarketing/Male/New/ckmk_q_sm_m_n_231432.wav"},"answer":{"fileFormat":"wav","fileSize":3822798,"duration":119460,"samplingBit":16,"channelCount":1,"samplingRate":"16kHz","audioPath":"/Mock/02.SalesMarketing/Male/New/ckmk_a_sm_m_n_231432.wav"}}}