{"version":"1.0","dataSet":{"info":{"date":"20230116","occupation":"SM","channel":"MOCK","place":"ONLINE","gender":"MALE","ageRange":"-34","experience":"NEW"},"question":{"raw":{"text":"마케팅 트렌드를 따라가는 본인만의 노하우 또는 습관이 있으시다면 말씀해 주시겠습니까","wordCount":10},"emotion":[],"intent":[]},"answer":{"raw":{"text":"마케팅 트렌드를 따라가는 지원자님만의 노하우 습관이 있다면 그것에 대해 말해주시겠습니까 라고 이렇게 질문을 해주셨는데요. 마케팅 트렌드를 따라가기 위해서는 일단 어 최근에 어 많은 사람들이 사용하는 그런 것들을 잘 알아야 한다고 생각을 하기 때문에 일단 검색이나 주변 사람들이 했던 굉장히 효과적이었던 그런 마케팅 트렌드들을 어 듣고 배우고 이런 식으로 처음 일을 시행합니다. 그 후에 인제 나만의 스타일과 상대방이나 어 사람들이 좋아할 만한 것들을 잘 승화시켜서 어 그런 식으로 마케팅 트렌드를 어 잘 따라가고 있다고 생각이 들고요. 어 굉장히 사람마다 취향도 있고 까다로우신 분들도 있고 어 대중적이지 않은 걸 좋아하는 사람도 있기 때문에 그런 사람들까지 하나도 빼놓지 않고 조사하고 음 대화를 나눠보면서 어 모든 사람들이 최대한 만족할 수 있는 그런 마케팅 트렌드를 만들어가고 따라가는 게 저만의 노하우와 습관이라고 할 수 있는데요. 그런 식으로 하면 인제 어 굉장히 좋은 마케팅 트렌드를 만들 수 있을 것 같고 어 그런 식이 바로 제가 따라가고 어 저의 습관이라고 할 수 있는 것 같습니다.","wordCount":147},"emotion":[],"intent":[{"text":"","expression":"","category":"attitude"}],"summary":{"text":"마케팅 트렌드를 따라가기 위해서는 주변 사람들이 했던 효과적이었던 마케팅 트렌드들을 듣고 배우고 이런 식으로 일을 시행합니다. 그 후 나만의 스타일과 상대방이나 사람들이 좋아하는 것들을 잘 승화시켜서 마케팅 트렌드에 잘 따라가고 있습니다. 모든 사람들이 최대한 만족할 수 있는 마케팅 트랜드를 만들어가고 따라가는 게 제만의 노하우와 습관입니다.","wordCount":45}}},"rawDataInfo":{"question":{"fileFormat":"wav","fileSize":335438,"duration":10480,"samplingBit":16,"channelCount":1,"samplingRate":"16kHz","audioPath":"/Mock/02.SalesMarketing/Male/New/ckmk_q_sm_m_n_199332.wav"},"answer":{"fileFormat":"wav","fileSize":2664398,"duration":83260,"samplingBit":16,"channelCount":1,"samplingRate":"16kHz","audioPath":"/Mock/02.SalesMarketing/Male/New/ckmk_a_sm_m_n_199332.wav"}}}