{"version":"1.0","dataSet":{"info":{"date":"20230116","occupation":"SM","channel":"MOCK","place":"ONLINE","gender":"MALE","ageRange":"-34","experience":"NEW"},"question":{"raw":{"text":"어 지원자님께서 입사 후에 기존의 원하던 일을 하지 못하게 되실 수도 있는데요 어 그럴 경우에는 어떻게 대처를 하실 건가요 그리고 그렇게 하실 이유도 함께 말씀해 주시길 바랍니다","wordCount":27},"emotion":[],"intent":[]},"answer":{"raw":{"text":"제가 입사 후에 기존에 원하던 일을 못하게 되었을 경우 우선은 열심히 하겠습니다. 왜냐하면 제가 원하던 일이 아니라 다른 일을 시키는 것은 전문가인 저의 상사와 인사 담당자에 저에 대한 정확한 분석과 생각이 있기 때문에 그렇게 하는 것이라고 생각하기 때문입니다. 하지만 제가 계속 그 업무를 하다가 결국 제가 기존에 원하던 영업 직무의 일이 하고 싶을 거 같습니다. 그렇게 된다면 인사 담당자 혹은 저의 상사에게 면담을 신청해 제가 기존에 원하던 일을 하고 싶다 이렇게 말씀드릴 것 같습니다. 왜냐하면 제가 원하는 일을 하는 것이 저의 커리어에서도 또 직장의 입장에서도 더 좋은 결과물을 만들어낼 수 있기 때문입니다.","wordCount":92},"emotion":[],"intent":[{"text":"","expression":"","category":"attitude"}],"summary":{"text":"기존 업무가 아닌 다른 일을 시키는 것은 전문가인 상사와 인사 담당자가 저에 대한 정확한 분석과 생각이 있기 때문입니다. 하지만 계속 그 업무를 하다가 결국 제가 기존에 원하던 영업 직무의 일을 하고 싶다면 담당자에게 면담을 신청해 의견을 말씀드릴 것 같습니다.","wordCount":39}}},"rawDataInfo":{"question":{"fileFormat":"wav","fileSize":495118,"duration":15470,"samplingBit":16,"channelCount":1,"samplingRate":"16kHz","audioPath":"/Mock/02.SalesMarketing/Male/New/ckmk_q_sm_m_n_196682.wav"},"answer":{"fileFormat":"wav","fileSize":2598478,"duration":81200,"samplingBit":16,"channelCount":1,"samplingRate":"16kHz","audioPath":"/Mock/02.SalesMarketing/Male/New/ckmk_a_sm_m_n_196682.wav"}}}