{"version":"1.0","dataSet":{"info":{"date":"20230116","occupation":"SM","channel":"MOCK","place":"ONLINE","gender":"MALE","ageRange":"-34","experience":"NEW"},"question":{"raw":{"text":"지원자님 협업을 할 일이 많이 생길 수 있는데 지원자님은 이전 직장에서 대학에 협업을 할 때 어려운 점은 없으셨는지 설명 간단히 해주실 수 있으실까요","wordCount":23},"emotion":[],"intent":[]},"answer":{"raw":{"text":"저는 협업을 많이 했지만 협업을 할 때 어려운 점도 당연 있었습니다. 특히 능력은 있지만 적극적으로 참여하지 않는 사람들과 협업을 할 때 매우 힘들었습니다. 그래서 항상 협업을 할 때는 사람들에게 역할과 책임을 분명히 하면서 사람들이 자신의 역할만은 적극적으로 참여할 수 있도록 동기부여를 하는 편입니다. 이렇게 적극적으로 참여하지 않고 내가 하지 않으면 누군가 대신 해주겠지 이런 생각을 가진 사람들은 또 자신이 손해보는 것은 싫어해서 그 사람들에게 역할을 주고 너가 하지 않으면 너가 책임지게 될 것이다 이렇게 말한다면 자신의 역할은 충실히 하는 편입니다. 그래서 항상 역할 분담을 명확히 하면서 지혜롭게 협업을 해 왔습니다.","wordCount":90},"emotion":[],"intent":[{"text":"그래서 항상 협업을 할 때는 사람들에게 역할과 책임을 분명히 하면서 사람들이 자신의 역할만은 적극적으로 참여할 수 있도록 동기부여를 하는 편입니다.","expression":"c_cop","category":"personality"}],"summary":{"text":"협업을 할 때는 사람들에게 역할과 책임을 분명히 하면서 사람들이 자신의 역할만은 적극적으로 참여할 수 있도록 동기부여를 하는 편입니다. 그래서 항상 역할 분담을 명확히 하면서 지혜롭게 협업을 해 왔습니다.","wordCount":28}}},"rawDataInfo":{"question":{"fileFormat":"wav","fileSize":441678,"duration":13800,"samplingBit":16,"channelCount":1,"samplingRate":"16kHz","audioPath":"/Mock/02.SalesMarketing/Male/New/ckmk_q_sm_m_n_197193.wav"},"answer":{"fileFormat":"wav","fileSize":2570958,"duration":80340,"samplingBit":16,"channelCount":1,"samplingRate":"16kHz","audioPath":"/Mock/02.SalesMarketing/Male/New/ckmk_a_sm_m_n_197193.wav"}}}