{"version":"1.0","dataSet":{"info":{"date":"20230116","occupation":"SM","channel":"MOCK","place":"ONLINE","gender":"MALE","ageRange":"35-44","experience":"NEW"},"question":{"raw":{"text":"제 질문은요 업무를 하다 보면은 협업할 일이 많이 생깁니다 그때 어 이전 직장에서나 대학에서 협업을 할 때 어려운 점은 없었는지가 궁금한데요","wordCount":21},"emotion":[],"intent":[]},"answer":{"raw":{"text":"협업을 할 일이 많이 생길 수 있는데 이전 직장이나 대학에서 시업을 할 때 어려웠던 난관은 없었는지 궁금해 하셨습니다. 협업은 말 그대로 함께 일을 하는 것입니다. 그렇다 보면 개개인이 다른 생각이 충돌을 일으키고 그것으로 인해 마찰이 발생을 하고 분쟁이 생기기 마련입니다. 그래서 어디든 협업을 할 때는 어려운 점이 없을 수가 없습니다. 저 같은 경우는 그 어려운 점을 해결을 하기 위해서 애초부터 한 걸음 물러서서 상대방의 의견에 따르면서 도움을 주고 그 역할을 충실히 수행함으로써 협업에 지장 없이 좋은 결과물을 만들어내는데 일조할 수 있다는 자부심으로 진행을 해 왔습니다. 그렇게 벅텨오다 보면 협업할 때 주장이 강한 사람들에게도 아무런 상관없이 묵묵하게 저의 자리를 지켜내고 주장이 약한 사람들에게는 제가 조금 끼어들어서 가벼운 조언이라도 하면서 이렇게 하면 어떨지 의사를 물어보고 말 그대로 마음을 하나로 모아서 진행을 하면 힘든 과정 없이 순탄하게 진행이 됩니다.","wordCount":126},"emotion":[],"intent":[{"text":"저 같은 경우는 그 어려운 점을 해결을 하기 위해서 애초부터 한 걸음 물러서서 상대방의 의견에 따르면서 도움을 주고 그 역할을 충실히 수행함으로써 협업에 지장 없이 좋은 결과물을 만들어내는데 일조할 수 있다는 자부심으로 진행을 해 왔습니다.","expression":"c_cop","category":"personality"}],"summary":{"text":"협업은 함께 일을 하는 것으로 각자의 생각이 충돌하고 마찰이 발생하여 분쟁이 생기기 마련입니다. 저 같은 경우는 협업할 때 상대방의 의견에 따르면서 도움을 주고 그 역할을 충실히 수행함으로써 협업에 지장 없이 좋은 결과물을 만들어내는데 일조할 수 있다는 자부심으로 진행을 해 왔습니다.","wordCount":40}}},"rawDataInfo":{"question":{"fileFormat":"wav","fileSize":459598,"duration":14360,"samplingBit":16,"channelCount":1,"samplingRate":"16kHz","audioPath":"/Mock/02.SalesMarketing/Male/New/ckmk_q_sm_m_n_231431.wav"},"answer":{"fileFormat":"wav","fileSize":3851598,"duration":120360,"samplingBit":16,"channelCount":1,"samplingRate":"16kHz","audioPath":"/Mock/02.SalesMarketing/Male/New/ckmk_a_sm_m_n_231431.wav"}}}