{"version":"1.0","dataSet":{"info":{"date":"20230116","occupation":"SM","channel":"MOCK","place":"ONLINE","gender":"MALE","ageRange":"-34","experience":"NEW"},"question":{"raw":{"text":"우리 회사에 들어오면 기준과는 업무 스타일이 달라질 수 있는데 기준과 다른 업무 스타일에 잘 적응할 수 있나요","wordCount":17},"emotion":[],"intent":[]},"answer":{"raw":{"text":"저는 기존과 다른 업무 스타일에 잘 적응할 수 있습니다. 그 이유는 크게 두 가지가 있습니다. 첫 번째는 저는 아직 사회 초년생이고 업무 경험이 많지 않아서 아직 업무 스타일이 확고하게 자리 잡지는 않았기 때문입니다. 그래서 잘 알려 주시고 잘 가르쳐 주신다면 이 회사에 맞게 업무 스타일을 잘 바꿀 수 있습니다. 두 번째는 제가 이전 직장을 다니면서 이미 업무 스타일을 바꿨던 경험이 있기 때문입니다. 처음에는 업무 스타일을 바꾸는 게 낯설기도 하고 어렵기도 했지만 차근차근 배우고 노력한 결과 쉽게 적응할 수 있었습니다. 이처럼 기존과는 다른 업무 스타일일지라도 저는 항상 배우는 자세로 잘 적응할 자신이 있습니다.","wordCount":92},"emotion":[],"intent":[{"text":"","expression":"","category":"attitude"}],"summary":{"text":"저는 사회 초년생이고 업무 경험이 많지 않아 업무 스타일이 확고하게 자리 잡지는 않았지만, 잘 가르쳐 준다면 회사 업무에 맞게 업무 스타일을 바꿀 수 있을 것이며, 이전 직장을 다니면서 업무 스타일을 바꿨던 경험이 있어서 적응할 수 있을 것입니다.","wordCount":37}}},"rawDataInfo":{"question":{"fileFormat":"wav","fileSize":296078,"duration":9250,"samplingBit":16,"channelCount":1,"samplingRate":"16kHz","audioPath":"/Mock/02.SalesMarketing/Male/New/ckmk_q_sm_m_n_197012.wav"},"answer":{"fileFormat":"wav","fileSize":2629838,"duration":82180,"samplingBit":16,"channelCount":1,"samplingRate":"16kHz","audioPath":"/Mock/02.SalesMarketing/Male/New/ckmk_a_sm_m_n_197012.wav"}}}