{"version":"1.0","dataSet":{"info":{"date":"20230116","occupation":"SM","channel":"MOCK","place":"ONLINE","gender":"MALE","ageRange":"-34","experience":"NEW"},"question":{"raw":{"text":"만약 일을 하던 중에 팀원과 불화가 생긴다면 어떻게 해결하실 건가요 본인의 해결법과 그 이유를 함께 말씀 부탁드립니다","wordCount":17},"emotion":[],"intent":[]},"answer":{"raw":{"text":"만약 일을 하던 중 팀원과 불화가 생긴다면 저는 회사 밖에서 술자리를 하면서 불화를 해소하겠습니다. 왜냐하면 회사 내에서 서로의 의견을 듣고 불화를 해결했다고 생각하지만 서로에게 생긴 이 감정의 골은 쉽사리 풀리지 않기 때문입니다. 따라서 회사 밖에서 직장 동료가 아닌 사람 대 사람으로 만나서 이야기하고 소통하고 같이 맛있는 음식을 먹으며 친해진다면 저절로 팀원과의 불화가 해소되고 서로에 대한 감정도 사라질 수 있습니다. 따라서 저는 만약 일을 하던 중 팀원과 불화가 생긴다면 회사 밖에서 만나 친구가 되고 친하게 지내면서 이를 해결할 것 같습니다.","wordCount":79},"emotion":[],"intent":[{"text":"따라서 회사 밖에서 직장 동료가 아닌 사람 대 사람으로 만나서 이야기하고 소통하고 같이 맛있는 음식을 먹으며 친해진다면 저절로 팀원과의 불화가 해소되고 서로에 대한 감정도 사라질 수 있습니다.","expression":"c_confl_mg","category":"personality"},{"text":"따라서 저는 만약 일을 하던 중 팀원과 불화가 생긴다면 회사 밖에서 만나 친구가 되고 친하게 지내면서 이를 해결할 것 같습니다.","expression":"c_confl_mg","category":"personality"}],"summary":{"text":"일을 하다가 팀원과 불화가 생긴다면 회사 밖에서 술자리를 하면서 해소하겠습니다. 회사 밖에서 소통하고 같이 맛있는 음식을 먹으며 친해진다면 불화가 해소되고 서로에 대한 감정도 사라질 것입니다.","wordCount":25}}},"rawDataInfo":{"question":{"fileFormat":"wav","fileSize":605518,"duration":18920,"samplingBit":16,"channelCount":1,"samplingRate":"16kHz","audioPath":"/Mock/02.SalesMarketing/Male/New/ckmk_q_sm_m_n_197200.wav"},"answer":{"fileFormat":"wav","fileSize":2421838,"duration":75680,"samplingBit":16,"channelCount":1,"samplingRate":"16kHz","audioPath":"/Mock/02.SalesMarketing/Male/New/ckmk_a_sm_m_n_197200.wav"}}}