{"version":"1.0","dataSet":{"info":{"date":"20230116","occupation":"SM","channel":"MOCK","place":"ONLINE","gender":"MALE","ageRange":"-34","experience":"NEW"},"question":{"raw":{"text":"영업 관리를 함에 있어 해낼 수 있는 힘이나 그 경험은 무엇이었는지 설명해 주시겠습니까","wordCount":13},"emotion":[],"intent":[]},"answer":{"raw":{"text":"제가 생각했을 때 영업 관리에 필요한 역량이나 경험은 사람을 많이 만나 보았냐 입니다. 사람을 잘 대하느냐를 먼저 역량이라고 얘기하기 전에 사람을 많이 대해 보았느냐 만나 보았느냐 겪어 보았느냐가 먼저라고 생각을 합니다. 사람을 잘 대하기 위해선 많이 만나 봐야 사람을 잘 대할 수 있습니다. 여러 종류의 사람들을 만나 보면서 아 이런 사람들을 만날 때는 이렇게 대해야 해 보는구나 연령 성별 각기 다른 특징이 있기 땜에 케이스 별로 머릿속에 정리가 되어 있어야 될 것 같습니다. 예를 들어 연령층이 높은 고객들을 만난다고 했을 때 약간의 고집이 있을 수 있죠. 이때 필요한 것은 역지사지입니다. 저보다 오래 살았었기 때문에 그만큼 인생에 대한 경험이 많을 것이고 자기만의 확고한 생각이 있을 수 있죠. 그래서 그 부분에 대해서는 어느 정도 인정을 해 주고 이런 부분도 있다는 것을 알려주는 것입니다. 이런 것처럼 연령 성별 계층별 특징을 정리하고 파악하고 있어야 제가 영업을 할 때도 수월하게 영업을 할 수 있다고 생각을 합니다. 즉 산전수전 다 겪었는지를 따져 봐야 될 것 같습니다. 영업을 하는 사람이요.","wordCount":153},"emotion":[],"intent":[{"text":"","expression":"","category":"attitude"}],"summary":{"text":"사람을 대하기 위해서는 많이 만나야 합니다. 여러 종류의 사람들을 만나 보면서 아 이런 사람들을 만날 때는 이렇게 대해야 해 보구나 연령 성별 각기 다른 특징이 있기 때문에 케이스 별로 정리가 되어 있어야 될 것 같습니다. 연령 성별 계층별 특징을 파악하고 있어야 영업을 할 때도 수월하게 영업을 할 수 있습니다.","wordCount":49}}},"rawDataInfo":{"question":{"fileFormat":"wav","fileSize":444878,"duration":13900,"samplingBit":16,"channelCount":1,"samplingRate":"16kHz","audioPath":"/Mock/02.SalesMarketing/Male/New/ckmk_q_sm_m_n_212721.wav"},"answer":{"fileFormat":"wav","fileSize":2832078,"duration":88500,"samplingBit":16,"channelCount":1,"samplingRate":"16kHz","audioPath":"/Mock/02.SalesMarketing/Male/New/ckmk_a_sm_m_n_212721.wav"}}}