{"version":"1.0","dataSet":{"info":{"date":"20230116","occupation":"SM","channel":"MOCK","place":"ONLINE","gender":"MALE","ageRange":"-34","experience":"NEW"},"question":{"raw":{"text":"타인을 설득하려다 실패한 경험이 있다면 자세히 설명 부탁드리겠습니다","wordCount":8},"emotion":[],"intent":[]},"answer":{"raw":{"text":"타인을 설득하는 일이 항상 성공일 수는 없는데요. 저는 타인을 설득하려다 실패한 경험이 이전 직장에서 있었습니다. 저는 한 식품 회사에 영업직으로 입사해 일 년 정도 일했는데요. 그 가운데 제가 한 대리점에 신제품을 취급하라고 설득하다가 실패한 경험이 있습니다. 저는 그 제품의 기능을 강조해서 설득을 했는데요. 하지만 그 대리점 사장님은 굉장히 감정적인 분이어서 논리적인 접근보다는 신입 사원이니까 불쌍해서 해 달라고 하는 부분이 훨씬 더 잘 먹혔습니다. 하지만 저는 그것을 몰랐고 따라서 설득에 실패했던 경험이 있습니다.","wordCount":72},"emotion":[{"text":"저는 한 식품 회사에 영업직으로 입사해 일 년 정도 일했는데요.","expression":"u-fact","category":"neutral"}],"intent":[{"text":"","expression":"","category":"attitude"}],"summary":{"text":"저는 이전 직장에서 타인을 설득하려다 실패한 경험이 있습니다. 대리점 사장님이 감정적인 분이어서 신입 사원이라서 불쌍해서 해 달라는 부분이 잘 통했습니다. 하지만 이것을 몰랐기 때문에 설득에 실패했습니다.","wordCount":26}}},"rawDataInfo":{"question":{"fileFormat":"wav","fileSize":252878,"duration":7900,"samplingBit":16,"channelCount":1,"samplingRate":"16kHz","audioPath":"/Mock/02.SalesMarketing/Male/New/ckmk_q_sm_m_n_203911.wav"},"answer":{"fileFormat":"wav","fileSize":2392078,"duration":74750,"samplingBit":16,"channelCount":1,"samplingRate":"16kHz","audioPath":"/Mock/02.SalesMarketing/Male/New/ckmk_a_sm_m_n_203911.wav"}}}