{"version":"1.0","dataSet":{"info":{"date":"20230116","occupation":"SM","channel":"MOCK","place":"ONLINE","gender":"MALE","ageRange":"-34","experience":"NEW"},"question":{"raw":{"text":"사람마다 자신만의 어떤 스트레스 해소법이 있을 텐데요 지원자님만의 스트레스 해소법은 무엇입니까 그 방법으로 스트레스를 해소하는 이유도 함께 말씀해 주세요","wordCount":19},"emotion":[],"intent":[]},"answer":{"raw":{"text":"저만의 스트레스 해소 방법은 바로 운동을 하는 것입니다. 저는 주로 등산을 하거나 축구를 하면서 스트레스를 풉니다. 그 이유는 여러 가지가 있는데요. 첫 번째 이유는 바로 운동이 가장 접근성이 좋은 스트레스 해소 방법이기 때문입니다. 저는 서울에서 살면서 참 등산하기 좋은 많은 산들 그리고 축구하기 좋은 많은 운동장들 속에서 살고 있습니다. 이렇게 접근성이 좋기 때문에 운동으로 스트레스를 풀고 있습니다. 두 번째는 체력이 길러진다는 것입니다. 운동을 하면 많이 움직이고 많이 뛰고 많이 걸으면서 체력이 늘어납니다. 이렇게 늘어난 체력을 업무 중에 사용하면 지치지 않고 업무를 마칠 수 있습니다. 세 번째 이유는 인간관계가 넓어진다는 것입니다. 축구나 등산을 하면서 참 많은 사람들을 만났는데요. 이 사람들과 함께 소통하고 같이 운동하면서 이 사람들에 삶에 경험을 흡수할 수 있습니다. 이렇게 다양한 강점들이 있기 때문에 운동으로 스트레스를 해소합니다.","wordCount":118},"emotion":[],"intent":[{"text":"","expression":"","category":"attitude"}],"summary":{"text":"스트레스 해소에 가장 좋은 방법은 등산과 축구로, 접근성이 좋고 체력이 길러지며 인간관계가 넓어진다는 것입니다. 이러한 강점들이 있기 때문에 운동으로 스트레스를 해소합니다.","wordCount":21}}},"rawDataInfo":{"question":{"fileFormat":"wav","fileSize":563918,"duration":17620,"samplingBit":16,"channelCount":1,"samplingRate":"16kHz","audioPath":"/Mock/02.SalesMarketing/Male/New/ckmk_q_sm_m_n_190886.wav"},"answer":{"fileFormat":"wav","fileSize":2812558,"duration":87890,"samplingBit":16,"channelCount":1,"samplingRate":"16kHz","audioPath":"/Mock/02.SalesMarketing/Male/New/ckmk_a_sm_m_n_190886.wav"}}}