{"version":"1.0","dataSet":{"info":{"date":"20230116","occupation":"SM","channel":"MOCK","place":"ONLINE","gender":"MALE","ageRange":"-34","experience":"NEW"},"question":{"raw":{"text":"아이패드처럼 시장에서 관심받는 제품들은 어떤 특징을 가지고 있을까요","wordCount":8},"emotion":[],"intent":[]},"answer":{"raw":{"text":"아이 패드 맥북 에어 팟 제트플립과 같이 시장에서 관심을 받는 제품들의 특징은 무엇일까요 라고 이렇게 질문해 주셨는데요. 일단은 이렇 이 만든 기획사는 이제 애플과 삼성인데 굉장히 사람들이 원하는 어 트렌드와 어 사람들이 원하는 니즈를 잘 충족시킨다고 생각을 합니다. 우선은 맥북은 일단은 굉장히 가볍고 어 성능도 좋으며 인제 어 좋은 성능을 가지고 있고 가격도 생각보다 저렴하기 때문에 많이 사용한다 생각을 하고요. 아이 패드 같은 경우는 이제 노트북을 들고 다니기에는 너무 불편하고 핸드폰으로 화면을 보기엔 너무 작을 때 쓰는 이 딱 그 중간에 있는 것을 아이패드라 생각하는데 아이패드에도 굉장히 많은 기능이 있고 사람들이 딱 어디 카페 갈 때 들고 다니면서 유용하게 쓸 수 있다고 생각을 하기 때문에 관심을 많이 갖는다 생각하고요. 에어팟 같은 경우는 요즘에는 인제 선이 있는 어 그런 애 뭐 이어폰보다는 인제 블루투스로 된 이 에어팟 같은 제품들을 많이 사용을 하는데 이런 제품들은 줄이 없어서 편하고 블루투스로 연결할 수 있다는 점에서 굉장히 편리함을 많이 가지고 있는 것 같습니다. 제트플립과 같은 핸드폰을 소개를 하고 관심을 끊는 제품이라고 생각하는 이유는 이제 반으로 접히면서 굉장히 트렌드하고 어 누구도 생각하지 못한 창의성을 갖고 있는 제품이라고 생각하기 때문입니다.","wordCount":173},"emotion":[],"intent":[{"text":"","expression":"","category":"attitude"}],"summary":{"text":"시장에서 관심을 받는 제품들의 특징으로 맥북은 가볍고 성능도 좋고 가격도 저렴하여 많이 사용합니다. 아이 패드는 노트북으로 쓰기에는 불편하고 핸드폰으로 보기에는 너무 작을 때 쓰는 중간의 제품입니다. 에어팟은 줄이 없어서 편하고 블루투스로 연결할 수 있다는 점에서 편리합니다. 제트플립은 반으로 접히면서 트렌드하고 창의적인 제품이라고 생각합니다.","wordCount":43}}},"rawDataInfo":{"question":{"fileFormat":"wav","fileSize":300878,"duration":9400,"samplingBit":16,"channelCount":1,"samplingRate":"16kHz","audioPath":"/Mock/02.SalesMarketing/Male/New/ckmk_q_sm_m_n_200036.wav"},"answer":{"fileFormat":"wav","fileSize":2735438,"duration":85480,"samplingBit":16,"channelCount":1,"samplingRate":"16kHz","audioPath":"/Mock/02.SalesMarketing/Male/New/ckmk_a_sm_m_n_200036.wav"}}}