{"version":"1.0","dataSet":{"info":{"date":"20230116","occupation":"SM","channel":"MOCK","place":"ONLINE","gender":"MALE","ageRange":"-34","experience":"NEW"},"question":{"raw":{"text":"지원자님께서는 따로 스터디하고 계신 게 있으신가요 그 공부를 왜 하고 어떤 공부를 하고 있는지 말씀해 주시면 감사하겠습니다","wordCount":17},"emotion":[],"intent":[]},"answer":{"raw":{"text":"저는 시사 스터디를 하고 있습니다. 아침마다 신문을 읽고 바쁜 날에도 일면 기사나 최소한 신문 사설 정도는 보면서 오늘의 이슈를 정리하고 스터디원들과 이에 관해서 토론하는 것이 바로 이 시사상식 스터디인데요. 제가 이 공부를 하는 이유는 새로운 사람들과 만나서 대화할 때 시사상식만큼 유용한 것이 없기 때문입니다. 특히 영업일을 하다 보면 저와 연배가 다른 어른들과 함께 대화할 때가 많은데요. 그때 가장 좋은 것이 주식 부동산과 같은 재테크에 관한 내용이나 정치에 관한 내용을 함께 이야기하는 것이 대화의 시작을 하기에 매우 좋습니다. 따라서 시사상식 스터디를 통해서 다방면으로 지식을 쌓는 것이 새로운 사람과 쉽게 대화를 시작하고 공감대를 쌓는 데 좋기 때문에 시사상식 스터디를 열심히 하고 있습니다.","wordCount":100},"emotion":[],"intent":[{"text":"제가 이 공부를 하는 이유는 새로운 사람들과 만나서 대화할 때   시사상식만큼 유용한 것이 없기 때문입니다.","expression":"s_intp","category":"attitude"},{"text":"따라서 시사상식 스터디를 통해서 다방면으로 지식을 쌓는 것이   새로운 사람과 쉽게 대화를 시작하고 공감대를 쌓는 데 좋기 때문에 시사상식 스터디를 열심히 하고 있습니다.","expression":"s_intp","category":"attitude"}],"summary":{"text":"저는 아침마다 신문을 읽고 일면 기사나 최소한 신문 사설 정도는 보면서 오늘의 이슈를 정리하고 스터디원들과 이에 관해서 토론하는 것을 통해 다방면으로 지식을 쌓는 것이 새로운 사람과 쉽게 대화를 시작하고 공감대를 쌓는 데 좋기 때문에 시사 스터 디를 열심히 하고 있습니다.","wordCount":40}}},"rawDataInfo":{"question":{"fileFormat":"wav","fileSize":377678,"duration":11800,"samplingBit":16,"channelCount":1,"samplingRate":"16kHz","audioPath":"/Mock/02.SalesMarketing/Male/New/ckmk_q_sm_m_n_181043.wav"},"answer":{"fileFormat":"wav","fileSize":2509518,"duration":78420,"samplingBit":16,"channelCount":1,"samplingRate":"16kHz","audioPath":"/Mock/02.SalesMarketing/Male/New/ckmk_a_sm_m_n_181043.wav"}}}