{"version":"1.0","dataSet":{"info":{"date":"20230116","occupation":"SM","channel":"MOCK","place":"ONLINE","gender":"MALE","ageRange":"35-44","experience":"NEW"},"question":{"raw":{"text":"어 현대 사회에서는 굉장히 많은 직업군이 계속해서 생겨나고 있는데 어 지원자님이 생각하시기에 없어서는 안될 가장 중요하다고 생각하는 직업을 한 가지만 골라서 말씀해 주시길 바랍니다","wordCount":24},"emotion":[],"intent":[]},"answer":{"raw":{"text":"현대 사회에서 없어서는 안 될 가장 중요하다고 생각하는 직업을 한 가지만 골라서 이야기해 달라고 하셨습니다. 제가 생각하기에는 현대 사회에서 가장 중요하다고 생각하는 직업은 경찰입니다. 이 사회의 정직하고 그리고 평온하게 질서를 유지할 수 있게 하는 치안 문제에 대해 경찰관들이 지금도 많이 애를 쓰시고 노고가 많은 줄 알고 있습니다. 그렇다면 그 경찰관들이 만약 존재하지 않는다면 어떻게 되겠습니까 사회는 무질서와 혼란과 혼돈에 빠질 것이고 각자 자신의 마음대로 범법 행위를 저지르고 다닐 것이기 때문입니다. 그렇다면 이 사회는 머지않아 짧은 시간 내에 붕괴가 될 것이고 강한 자만 살아남는 아주 상상도 하기 싫은 그런 세상이 될 것이기 때문입니다. 그래서 경찰관입니다.","wordCount":94},"emotion":[],"intent":[{"text":"","expression":"","category":"attitude"}],"summary":{"text":"현대 사회에서 가장 중요한 직업은 경찰입니다. 경찰관들이 없다면 사회는 무질서와 혼란, 혼돈에 빠질 것이고 각자 자신의 마음대로 범법 행위를 저지르고 다닐 것이기 때문입니다. 그래서 경찰관입니다.","wordCount":25}}},"rawDataInfo":{"question":{"fileFormat":"wav","fileSize":562958,"duration":17590,"samplingBit":16,"channelCount":1,"samplingRate":"16kHz","audioPath":"/Mock/02.SalesMarketing/Male/New/ckmk_q_sm_m_n_196815.wav"},"answer":{"fileFormat":"wav","fileSize":2913998,"duration":91060,"samplingBit":16,"channelCount":1,"samplingRate":"16kHz","audioPath":"/Mock/02.SalesMarketing/Male/New/ckmk_a_sm_m_n_196815.wav"}}}