{"version":"1.0","dataSet":{"info":{"date":"20230116","occupation":"SM","channel":"MOCK","place":"ONLINE","gender":"MALE","ageRange":"35-44","experience":"NEW"},"question":{"raw":{"text":"만약에 상사가 업무와 무관한 일을 시킨다면 잘 수행할 자신이 있으신가요 아니면 솔직하게 수행하지 않으실 건지도 궁금합니다","wordCount":16},"emotion":[],"intent":[]},"answer":{"raw":{"text":"만약 상사가 업무와 무관한 일을 시켜도 잘 수행할 자신이 있는지 아니면 수행하지 않을 것인지 질문을 하셨습니다. 이 부분은 요즘 엠지 세대와 저희 세대와 많은 생각의 차이가 있습니다. 엠지 세대들은 정해진 시간 정해진 근무 정해진 수당을 지급받기를 정확하게 요구를 하는 편이지만 저희 세대는 융통성을 가지고 출근도 조금 몇분 이라도 일찍을 하는 것을 기본으로 퇴근 시간은 조금 여유 있게 퇴근하는 것을 그동안 몸에 베여 있습니다. 업무 또한 상사가 업무와 무관한 일을 시키더라도 크게 어렵지 않은 일이거나 제 영업시 간 내에 업무시간 내 충분히 가능한 일이라면 그냥 단순히 할 수 있다고 그렇게 생각을 하는 입장입니다. 저는 저는 그렇습니다.","wordCount":95},"emotion":[],"intent":[{"text":"","expression":"","category":"attitude"}],"summary":{"text":"엠지 세대는 근무 수당 지급을 정확하게 요구하는 반면 저희 세대는 융통성을 가지고 일찍 출근하고 여유 있게 퇴근하는 것이 몸에 베여 있습니다. 상사가 업무와 무관한 일을 시키더라도 그냥 단순히 할 수 있다고 생각을 하는 입장입니다.","wordCount":34}}},"rawDataInfo":{"question":{"fileFormat":"wav","fileSize":593998,"duration":18560,"samplingBit":16,"channelCount":1,"samplingRate":"16kHz","audioPath":"/Mock/02.SalesMarketing/Male/New/ckmk_q_sm_m_n_210152.wav"},"answer":{"fileFormat":"wav","fileSize":2879118,"duration":89970,"samplingBit":16,"channelCount":1,"samplingRate":"16kHz","audioPath":"/Mock/02.SalesMarketing/Male/New/ckmk_a_sm_m_n_210152.wav"}}}