{"version":"1.0","dataSet":{"info":{"date":"20230116","occupation":"SM","channel":"MOCK","place":"ONLINE","gender":"MALE","ageRange":"-34","experience":"NEW"},"question":{"raw":{"text":"대학에서 배운 지원자님의 전공 과목 중 가장 기억에 남는 과목을 한 가지만 골라 말씀해 주세요 자세히 설명하시면 좋습니다","wordCount":18},"emotion":[],"intent":[]},"answer":{"raw":{"text":"대학 시절 제가 배운 전공 과목 중 가장 기억에 남았던 과목은 바로 쏘크라테스의 변론을 배웠던 과목입니다. 저는 대학에서 철학과를 전공했는데요. 그러면서 참 많은 수업을 들었습니다. 하지만 일 학년 때 들었던 쏘크라테스의 변론 과목이 가장 인상 깊었는데요. 왜냐하면 쏘크라테스는 누명을 쓰고 정말 억울한 상황에서도 그 시대에 어울리지 않게 정말 논리적으로 완벽하게 자신이 무죄임을 대중들에게 연설합니다. 하지만 대중들은 그런 쏘크라테스에게 여전히 사형을 내리는데요. 그 이유는 쏘크라테스가 논리적으로 옳은 말을 했다고 할지라도 그 태도가 매우 거만하고 자신감에 차 있었기 때문입니다. 그래서 제가 영업인이 되어서 논리적으로 설득할 때도 항상 듣는 사람의 감정을 고려해 겸손한 모습으로 설득하겠습니다.","wordCount":92},"emotion":[{"text":"저는 대학에서 철학과를 전공했는데요.","expression":"u-fact","category":"neutral"}],"intent":[{"text":"저는 대학에서 철학과를 전공했는데요.","expression":"c_private","category":"background"}],"summary":{"text":"저는 철학과를 전공하면서 일 학년 때 들었던 쏘크라테스의 변론 과목이 가장 인상 깊었습니다. 그는 누명을 쓰고 억울한 상황에서도 논리적으로 완벽하게 자신이 무죄임을 대중들에게 연설합니다. 하지만 대중들은 여전히 사형을 내렸습니다. 그 이유는 논리적으로 옳은 말을 했다고 할지라도 그 태도가 매우 거만했기 때문입니다.","wordCount":41}}},"rawDataInfo":{"question":{"fileFormat":"wav","fileSize":523598,"duration":16360,"samplingBit":16,"channelCount":1,"samplingRate":"16kHz","audioPath":"/Mock/02.SalesMarketing/Male/New/ckmk_q_sm_m_n_190954.wav"},"answer":{"fileFormat":"wav","fileSize":2854798,"duration":89210,"samplingBit":16,"channelCount":1,"samplingRate":"16kHz","audioPath":"/Mock/02.SalesMarketing/Male/New/ckmk_a_sm_m_n_190954.wav"}}}