{"version":"1.0","dataSet":{"info":{"date":"20230116","occupation":"SM","channel":"MOCK","place":"ONLINE","gender":"MALE","ageRange":"-34","experience":"NEW"},"question":{"raw":{"text":"왜 이 직무에 지원하셨나요 그리고 그 이유에 대해 말씀해 주시고 본인이 왜 적합한 인재인지 그것도 같이 설명해 주세요","wordCount":18},"emotion":[],"intent":[]},"answer":{"raw":{"text":"제가 영업 직무에 지원한 이유는 바로 사람들에게 좋은 물건을 적절하게 설득해서 판매하는 일에 큰 성취감을 느끼기 때문입니다. 저는 어린 시절부터 마치 영업 직무를 미래에 하게 될 것처럼 간단한 영업 활동을 했는데요. 예를 들면 초등학생 시절을 샤프심을 싸게 파는 문구점을 찾아 대량으로 저렴하게 구매한 뒤 학교에서 친구들에게 팔곤 했습니다. 그리고 고등학생 때는 크리스마스의 번화가에서 즉석 사진을 팔면서 사람들에게 즉석 사진을 찍어주고 돈을 받으며 영업 활동을 했습니다. 그리고 이전 직장은 식품 업계였는데요 좋은 식품을 국내 굴지의 유통 대기업에 계약을 체결하면서 많은 사람들이 좋은 제품을 맛볼 수 있다는 것이 참 즐겁고 성취감이 있었습니다. 그래서 저는 영업에 참 적확한 인재라고 생각합니다.","wordCount":97},"emotion":[{"text":"그리고 고등학생 때는 크리스마스의 번화가에서 즉석 사진을 팔면서 사람들에게 즉석 사진을 찍어주고 돈을 받으며 영업 활동을 했습니다.","expression":"u-fact","category":"neutral"},{"text":"그리고 이전 직장은 식품 업계였는데요 좋은 식품을 국내 굴지의 유통 대기업에 계약을 체결하면서 많은 사람들이 좋은 제품을 맛볼 수 있다는 것이 참 즐겁고 성취감이 있었습니다.","expression":"p-achievement","category":"positive"}],"intent":[{"text":"제가 영업 직무에 지원한 이유는 바로 사람들에게 좋은 물건을 적절하게 설득해서 판매하는 일에 큰 성취감을 느끼기 때문입니다.","expression":"c_sincere_job","category":"etc"},{"text":"예를 들면 초등학생 시절을 샤프심을 싸게 파는 문구점을 찾아 대량으로 저렴하게 구매한 뒤 학교에서 친구들에게 팔곤 했습니다.","expression":"s_sell_exp","category":"technology"},{"text":"그리고 고등학생 때는 크리스마스의 번화가에서 즉석 사진을 팔면서 사람들에게 즉석 사진을 찍어주고 돈을 받으며 영업 활동을 했습니다.","expression":"s_sell_exp","category":"technology"}],"summary":{"text":"저는 초등학생 시절부터 사람들에게 좋은 물건을 설득해서 판매하는 일에 큰 성취감을 느껴 영업 직무에 지원했습니다. 이전 직장은 식품 업계였는데, 좋은 식품을 국내 굴지의 유통 대기업에 계약하면서 많은 사람들이 좋은 제품을 맛볼 수 있다는 것이 즐겁고 성취감이 있었습니다.","wordCount":37}}},"rawDataInfo":{"question":{"fileFormat":"wav","fileSize":358478,"duration":11200,"samplingBit":16,"channelCount":1,"samplingRate":"16kHz","audioPath":"/Mock/02.SalesMarketing/Male/New/ckmk_q_sm_m_n_191003.wav"},"answer":{"fileFormat":"wav","fileSize":2753038,"duration":86030,"samplingBit":16,"channelCount":1,"samplingRate":"16kHz","audioPath":"/Mock/02.SalesMarketing/Male/New/ckmk_a_sm_m_n_191003.wav"}}}