{"version":"1.0","dataSet":{"info":{"date":"20230116","occupation":"SM","channel":"MOCK","place":"ONLINE","gender":"MALE","ageRange":"-34","experience":"NEW"},"question":{"raw":{"text":"업무를 진행하다 보면 업무량이 과도하게 많아질 수 있습니다 어 혹시 그래도 잘 버틸 자신이 있는지 말씀해 주세요","wordCount":17},"emotion":[],"intent":[]},"answer":{"raw":{"text":"일을 하다 보면 업무량이 많을 수 있습니다. 그래도 저는 잘 버틸 자신이 있습니다. 왜냐하면 일이라는 것은 시간에 구애받는 것이 아니라 특정 상황에서는 일이 몰릴 수도 있는 것이 당연하기 때문입니다. 또한 일을 하면서 이렇게 과도한 업무를 잘 해결하면 제가 업무적으로 성장할 수 있기 때문에 저에게 있어서는 오히려 큰 기회라고 생각하고 누구보다 열심히 하겠습니다. 그렇게 업무를 처리하면서 주위 사람들에게 인정도 받고 또 저의 한계에 도전해서 성과도 내고 더 좋은 경험이라고 생각합니다. 하지만 지속적으로 업무량이 과도하게 많고 이에 대한 보상이 충분하지 못하다면 무작정 오래오래 버틸 수는 없을 것 같습니다.","wordCount":86},"emotion":[],"intent":[{"text":"","expression":"","category":"attitude"}],"summary":{"text":"일이라는 것은 시간에 구애받는 것이 아니라 특정 상황에서는 일이 몰릴 수도 있는 것이 당연하기 때문에 지속적으로 업무량이 과도하게 많고 이에 대한 보상이 충분하지 않다면 무작정 오래오래 버틸 수는 없을 것 같습니다.","wordCount":31}}},"rawDataInfo":{"question":{"fileFormat":"wav","fileSize":452558,"duration":14140,"samplingBit":16,"channelCount":1,"samplingRate":"16kHz","audioPath":"/Mock/02.SalesMarketing/Male/New/ckmk_q_sm_m_n_196787.wav"},"answer":{"fileFormat":"wav","fileSize":2640718,"duration":82520,"samplingBit":16,"channelCount":1,"samplingRate":"16kHz","audioPath":"/Mock/02.SalesMarketing/Male/New/ckmk_a_sm_m_n_196787.wav"}}}