{"version":"1.0","dataSet":{"info":{"date":"20230116","occupation":"SM","channel":"MOCK","place":"ONLINE","gender":"MALE","ageRange":"-34","experience":"NEW"},"question":{"raw":{"text":"어 사람은 저마다 장점과 단점을 가지고 있는데 본인의 장점과 단점을 설명해 주시길 바랍니다 그리고 그것을 특화시키기 위해 노력했던 그리고 그것을 극복하기 위해 노력했던 것도 함께 말씀해 주시길 바랍니다","wordCount":28},"emotion":[],"intent":[]},"answer":{"raw":{"text":"저의 장점은 도전 정신이 강하다는 것입니다. 저는 새로운 분야에 도전하는 것에 전혀 두려움이 없는 사람입니다. 그래서 여러 분야에 도전해서 많은 성과를 내왔습니다. 예를 들면 저는 이천 십 팔 년부터 유튜브 채널을 운영하면서 유튜브 업계에 발을 들였고 많은 조회수와 높은 구독자를 달성하면서 성과를 냈던 경험이 있습니다. 이런 경험들을 통해 더욱더 도전 정신이 강해졌습니다. 반면 저의 단점은 잠이 많다는 것입니다. 저는 잠이 너무 많아서 비행기나 기차를 놓치는 등 정말 이해할 수 없는 부분도 있었는데요. 이를 극복하기 위해서 최근에는 자명종 시계를 여러 개 사서 알람을 꼭 듣고 일어나고 또 운전할 때 잠들지 않기 위해서 졸음 방지 검을 사서 운전 중에 항상 껌을 씹는 습관을 들였습니다.","wordCount":102},"emotion":[],"intent":[{"text":"저의 장점은 도전 정신이 강하다는 것입니다.","expression":"c_person","category":"background"}],"summary":{"text":"저는 새로운 분야에 도전하는 것에 전혀 두려움이 없는 사람입니다. 그래서 여러 분야에 도전해서 많은 성과를 내었습니다. 반면 저는 잠을 많이 잔다는 단점을 가지고 있습니다. 이를 극복하기 위해서 자명종 시계와 졸음 방지 껌을 구매했습니다.","wordCount":33}}},"rawDataInfo":{"question":{"fileFormat":"wav","fileSize":540878,"duration":16900,"samplingBit":16,"channelCount":1,"samplingRate":"16kHz","audioPath":"/Mock/02.SalesMarketing/Male/New/ckmk_q_sm_m_n_197121.wav"},"answer":{"fileFormat":"wav","fileSize":2793038,"duration":87280,"samplingBit":16,"channelCount":1,"samplingRate":"16kHz","audioPath":"/Mock/02.SalesMarketing/Male/New/ckmk_a_sm_m_n_197121.wav"}}}