{"version":"1.0","dataSet":{"info":{"date":"20230116","occupation":"SM","channel":"MOCK","place":"ONLINE","gender":"MALE","ageRange":"-34","experience":"NEW"},"question":{"raw":{"text":"다음 질문입니다 지원자님께서 현재 이 시장에 대해서 어떻게 분석하고 계시는지 또 그렇게 분석하는 이유가 무엇인지 답변해 주시기 바랍니다","wordCount":18},"emotion":[],"intent":[]},"answer":{"raw":{"text":"저는 현재 시장 상황에 대해서 좋지 않다고 생각합니다. 우리 회사는 아이스크림이 주력 제품인데요. 최근 코로나가 터지면서 사람들은 마스크를 쓰고 다니게 됐고 그러다 보니 거리에서 아이스크림을 먹는 일이 줄어들었습니다. 이런 상황이 몇 년간 지속되자 사람들은 구매 후 즉시 먹어야 하는 아이스크림보다는 아이스 커피나 음료 쪽으로 관심을 많이 가지게 됐고 아이스크림은 뒷전이었습니다. 이 상황에서 기성 아이스크림 제품이 아닌 저 칼로리 아이스크림이나 테이크아웃 아이스크림 등 다양한 아이스크림 경쟁자들이 생겨나면서 시장은 더 줄었습니다. 또한 아이스크림을 주로 소비했던 어린아이들이 나이를 먹고 또 최근 출산율 하락으로 어린아이들이 많이 태어나지 않으면서 주 고객층이 많이 줄어들고 있습니다. 이런 이유로 현재 아이스크림 시장 상황은 좋지 못하다고 말씀드릴 수 있습니다.","wordCount":100},"emotion":[{"text":"우리 회사는 아이스크림이 주력 제품인데요.","expression":"u-fact","category":"neutral"},{"text":"최근 코로나가 터지면서 사람들은 마스크를 쓰고 다니게 됐고   그러다 보니 거리에서 아이스크림을 먹는 일이 줄어들었습니다.","expression":"u-fact","category":"neutral"}],"intent":[{"text":"","expression":"","category":"attitude"}],"summary":{"text":"코로나 때문에 거리에서 아이스크림을 먹는 일이 줄어들자 사람들은 아이스 커피나 음료 쪽으로 관심을 가지게 됐고 아이스크림은 뒷전이 됐습니다. 또한 어린아이들이 나이를 먹었고 또 출산율 하락으로 주 고객층이 많이 줄고 있어 현재 아이스크림 시장 상황은 좋지 못하다고 생각합니다.","wordCount":37}}},"rawDataInfo":{"question":{"fileFormat":"wav","fileSize":557198,"duration":17410,"samplingBit":16,"channelCount":1,"samplingRate":"16kHz","audioPath":"/Mock/02.SalesMarketing/Male/New/ckmk_q_sm_m_n_180472.wav"},"answer":{"fileFormat":"wav","fileSize":2851918,"duration":89120,"samplingBit":16,"channelCount":1,"samplingRate":"16kHz","audioPath":"/Mock/02.SalesMarketing/Male/New/ckmk_a_sm_m_n_180472.wav"}}}