{"version":"1.0","dataSet":{"info":{"date":"20230116","occupation":"SM","channel":"MOCK","place":"ONLINE","gender":"MALE","ageRange":"-34","experience":"NEW"},"question":{"raw":{"text":"귀하께서는 특별히 좋아하는 브랜드가 있나요 어 좋아하는 브랜드가 있다면 그 브랜드명과 어 왜 그 브랜드를 좋아하는지 말씀해 주세요","wordCount":18},"emotion":[],"intent":[]},"answer":{"raw":{"text":"제가 좋아하는 브랜드는 프랑스의 악어 로고로 유명한 한 의류 브랜드입니다. 제가 그 브랜드를 좋아하는 이유는 바로 혁신과 전통이 공존하는 브랜드이기 때문입니다. 그 브랜드는 한 테니스 선수가 테니스에서 은퇴를 한 뒤 창업한 의류 브랜드입니다. 이 브랜드는 당시 테니스 선수들이 항상 불편한 옷을 입고 운동을 했기 때문에 예의 있으면서도 편안한 복장을 만들기 위해서 노력했습니다. 그래서 카라 티셔츠라는 혁신적인 옷을 만들어냈고 창업한지 수십 년이 지난 지금까지 그 브랜드의 전통으로 사람들에게 사랑받고 있습니다. 이처럼 전통과 혁신이 공존하는 것이 정말 좋은 브랜드라고 생각합니다.","wordCount":78},"emotion":[],"intent":[{"text":"","expression":"","category":"attitude"}],"summary":{"text":"혁신과 전통이 공존하는 것이 좋은 브랜드라고 생각합니다. 테니스 선수였던 한 테니스 선수가 은퇴 후 창업한 한 의류 브랜드는 혁신적인 옷을 만들어냈고 창업한지 수십 년이 지난 지금까지 사랑받고 있습니다.","wordCount":28}}},"rawDataInfo":{"question":{"fileFormat":"wav","fileSize":456078,"duration":14250,"samplingBit":16,"channelCount":1,"samplingRate":"16kHz","audioPath":"/Mock/02.SalesMarketing/Male/New/ckmk_q_sm_m_n_197188.wav"},"answer":{"fileFormat":"wav","fileSize":2650318,"duration":82820,"samplingBit":16,"channelCount":1,"samplingRate":"16kHz","audioPath":"/Mock/02.SalesMarketing/Male/New/ckmk_a_sm_m_n_197188.wav"}}}