{"version":"1.0","dataSet":{"info":{"date":"20230116","occupation":"SM","channel":"MOCK","place":"ONLINE","gender":"MALE","ageRange":"-34","experience":"NEW"},"question":{"raw":{"text":"지원자님께서 우리 회사에 들어오면 기존과는 업무 스타일이 달라질 수 있는데요 지원자님이 기존과 다른 업무 스타일에 잘 적응할 수 있는지 설명과 말씀 부탁드립니다","wordCount":22},"emotion":[],"intent":[]},"answer":{"raw":{"text":"네 저는 기존과는 다른 업무 스타일에 잘 적응할 수 있습니다. 그 이유는 여러 가지가 있는데요. 첫 번째로 저는 아직 업무 스타일이 확고하게 정해지지 않았습니다. 저는 아직 사회 초년생이고 업무를 많이 해 본 경험이 없습니다. 그렇기 때문에 제가 지금 가진 업무 스타일이 아직 저에게는 확립되지 않았습니다. 그래서 잘 알려주신다 면 이 회사에 맞는 업무 스타일로 쉽게 변할 수 있는 가능성을 가지고 있습니다. 두 번째는 제가 이전에 직장에서 일을 했을 때 그때도 업무 스타일을 바꿨던 경험이 있습니다. 당시에도 처음에는 업무 스타일을 바꿔야 한다 는 것이 부담되었지만 막상 시작하니 쉽게 적응했습니다. 그렇기 때문에 기존과 다른 업무 스타일에 저는 잘 적응할 준비가 되어 있는 인재입니다.","wordCount":101},"emotion":[],"intent":[{"text":"","expression":"","category":"attitude"}],"summary":{"text":"기존과 다른 업무 스타일에 잘 적응할 수 있는 이유는 아직 업무 스타일이 확고하게 정해지지 않았기 때문이고, 이전 직장에서 일을 했을 때 그때 업무 스타일을 바꿨던 경험이 있기 때문입니다.","wordCount":28}}},"rawDataInfo":{"question":{"fileFormat":"wav","fileSize":431438,"duration":13480,"samplingBit":16,"channelCount":1,"samplingRate":"16kHz","audioPath":"/Mock/02.SalesMarketing/Male/New/ckmk_q_sm_m_n_196496.wav"},"answer":{"fileFormat":"wav","fileSize":2660558,"duration":83140,"samplingBit":16,"channelCount":1,"samplingRate":"16kHz","audioPath":"/Mock/02.SalesMarketing/Male/New/ckmk_a_sm_m_n_196496.wav"}}}