{"version":"1.0","dataSet":{"info":{"date":"20230116","occupation":"SM","channel":"MOCK","place":"ONLINE","gender":"MALE","ageRange":"-34","experience":"NEW"},"question":{"raw":{"text":"회사 생활을 하거나 일을 하다 보면 스트레스를 받을 때가 많이 있습니다 지원자님께서는 어떤 방법으로 스트레스를 해소하시는지 말씀 한 번 해 주시기 바랍니다","wordCount":22},"emotion":[],"intent":[]},"answer":{"raw":{"text":"저는 스트레스를 받으면 잠을 잡니다. 잠을 자면 그동안 받았던 스트레스가 잠시 없어지게 되는 것 같 같습니다. 왜 잠깐 잠을 자는 것이 스트레스를 없어지게 하는지 궁금해서 한번 뇌에 대해서 공부를 한 적이 있었습니다. 그런데 잠을 자는 동안 우리의 뇌에 있는 시냅스들은 하루에 하루 동안 있었던 그런 모든 일들을 적절한 장소에 배치시키느라고 정보를 재정열 하느라고 그러한 시간을 보낸다는 것을 알게 되었습니다. 그런 비슷한 원리가 멍 때리는 것과 비슷합니다. 하지만 멍 때리는 것은 체력 회복이 되지 않기 때문에 저는 스트레스를 받으면 바로 잠을 잡니다. 잠을 자는 것이 보약이 보약이다 라는 옛말이 괜히 있는 것이 아닌 것 같습니다. 그래서 저는 업무 시간에도 스트레스를 받으면 틈틈이 잠을 자기 위해서 휴게실로 갑니다. 저를 찾기가 어려울 때는 휴게실에 보면 항상 제가 누워서 자고 있었습니다. 그것이 제가 스트레스를 다스리는 저만의 비법입니다.","wordCount":123},"emotion":[],"intent":[{"text":"","expression":"","category":"attitude"}],"summary":{"text":"뇌의 시냅스는 하루 동안 있었던 모든 정보를 재정열하느라 시간을 보냅니다. 하지만 멍 때리는 것은 체력 회복이 되지 않기 때문에 저는 스트레스를 받으면 바로 잠을 잡니다. 그래서 업무 시간에도 스트레스를 받으면 휴게실로 가서 항상 누워서 자고 있습니다.","wordCount":36}}},"rawDataInfo":{"question":{"fileFormat":"wav","fileSize":488078,"duration":15250,"samplingBit":16,"channelCount":1,"samplingRate":"16kHz","audioPath":"/Mock/02.SalesMarketing/Male/New/ckmk_q_sm_m_n_193712.wav"},"answer":{"fileFormat":"wav","fileSize":2439118,"duration":76220,"samplingBit":16,"channelCount":1,"samplingRate":"16kHz","audioPath":"/Mock/02.SalesMarketing/Male/New/ckmk_a_sm_m_n_193712.wav"}}}