{"version":"1.0","dataSet":{"info":{"date":"20230116","occupation":"SM","channel":"MOCK","place":"ONLINE","gender":"MALE","ageRange":"35-44","experience":"NEW"},"question":{"raw":{"text":"지원자님은 시간이 어 남을 때 무슨 일을 하면서 보내는지 궁금하구요 또 그 일을 하는 이유에 대해서도 함께 말씀해 주시겠습니까","wordCount":19},"emotion":[],"intent":[]},"answer":{"raw":{"text":"시간이 남을 때 무슨 일을 하는지 그리고 그 일을 하는 이유는 무엇인지 설명을 요구하셨습니다. 저는 시간이 남을 때 영상 시청을 주로 합니다. 유투브나 또는 다른 플랫폼을 이용하여 때로는 영화를 보거나 때로는 시사 프로그램 또는 최근 핫한 드라마 등을 챙겨보기도 합니다. 그 영상들을 시청하는 이유에 관해서는 시사 프로그램 같은 경우는 세상 돌아가는 이치를 조금 더 볼 수 있고 예능 프로그램 같은 경우는 요즘의 트렌드나 그리고 유행하는 여러 가지 언어나 또는 이상 전반적으로 현재 상 상황을 잘 체크해 보기 위한 입니다. 그리고 영화를 본다거나 유튜브를 통해 정보를 습득한다거나 또는 유익한 저의 일상에 도움이 될 만한 영상을 챙겨보고 있습니다.","wordCount":96},"emotion":[],"intent":[{"text":"","expression":"","category":"attitude"}],"summary":{"text":"저는 시간이 남을 때 영상 시청을 주로 하는데, 유투브나 또는 다른 플랫폼을 이용하여 영화를 보거나 시사 프로그램 또는 최근 핫한 드라마 등을 챙겨보기도 합니다.","wordCount":24}}},"rawDataInfo":{"question":{"fileFormat":"wav","fileSize":483918,"duration":15120,"samplingBit":16,"channelCount":1,"samplingRate":"16kHz","audioPath":"/Mock/02.SalesMarketing/Male/New/ckmk_q_sm_m_n_210147.wav"},"answer":{"fileFormat":"wav","fileSize":2883278,"duration":90100,"samplingBit":16,"channelCount":1,"samplingRate":"16kHz","audioPath":"/Mock/02.SalesMarketing/Male/New/ckmk_a_sm_m_n_210147.wav"}}}