{"version":"1.0","dataSet":{"info":{"date":"20230116","occupation":"SM","channel":"MOCK","place":"ONLINE","gender":"MALE","ageRange":"-34","experience":"NEW"},"question":{"raw":{"text":"커뮤니케이션을 잘 할 수 있는 본인만의 스킬이 있다면 말씀해 주세요 직접 저희에게 보여주시는 것도 좋습니다","wordCount":15},"emotion":[],"intent":[]},"answer":{"raw":{"text":"커뮤니케이션을 잘할 수 있는 저만의 스킬은 바로 시사 공부를 하는 것입니다. 저는 매일매일 신문을 읽고 바쁜 날에도 신문 일 면 기사와 신문 사설은 꼬박꼬박 챙겨보는 사람입니다. 제가 이렇게 하는 이유는 바로 새로운 사람들과 만나서 쉽게 공통점을 찾고 공감대를 형성하기 위해서입니다. 예를 들면 정치를 좋아하는 사람에겐 최근에 있었던 정치 이슈를 이야기하고 스포츠를 좋아하는 사람에겐 최신 스포츠 뉴스를 이야기하면서 사람들과 쉽게 친해질 수 있습니다. 영업 직무는 이렇게 사람들과 쉽게 친해지는 능력이 있다면 훨씬 쉬워집니다. 따라서 시사 공부를 하면서 사람들과 쉽게 커뮤니케이션을 하고 있습니다.","wordCount":81},"emotion":[],"intent":[{"text":"","expression":"","category":"attitude"}],"summary":{"text":"저는 매일 신문을 읽으며 새로운 사람들과 만나 쉽게 공통점을 찾고 공감대를 형성하기 위해 시사 공부를 하고 있습니다. 영업 직무는 사람들과 쉽게 친해지는 능력이 있다면 훨씬 쉬워집니다.","wordCount":26}}},"rawDataInfo":{"question":{"fileFormat":"wav","fileSize":361358,"duration":11290,"samplingBit":16,"channelCount":1,"samplingRate":"16kHz","audioPath":"/Mock/02.SalesMarketing/Male/New/ckmk_q_sm_m_n_204108.wav"},"answer":{"fileFormat":"wav","fileSize":2576398,"duration":80510,"samplingBit":16,"channelCount":1,"samplingRate":"16kHz","audioPath":"/Mock/02.SalesMarketing/Male/New/ckmk_a_sm_m_n_204108.wav"}}}