{"version":"1.0","dataSet":{"info":{"date":"20230116","occupation":"SM","channel":"MOCK","place":"ONLINE","gender":"MALE","ageRange":"-34","experience":"NEW"},"question":{"raw":{"text":"동물 실험이 인간에게 주는 이익은 무엇입니까 동물 실험에 대한 지원자님의 생각도 말씀해 주세요","wordCount":13},"emotion":[],"intent":[]},"answer":{"raw":{"text":"동물 실험은 인간에게 참 많은 이익을 주고 있습니다. 인간에게 꼭 필요한 화장품부터 의약품까지 동물 실험이 없는 곳이 없는데요. 이렇게 위험한 시험에서도 인간이 아니라 동물이 대신 희생 당하면서 인간의 안전을 지키고 인간에게 도움이 되는 제품들이 만들어지는데 동물 실험은 큰 힘을 주고 있습니다. 하지만 동물 실험이 인간에게 많은 이익을 준다고 해서 무작정 진행될 순 없습니다. 왜냐하면 동물도 고통을 느끼고 어떤 동물은 자아가 있고 또 감정이 있기 때문입니다. 따라서 인간은 동물 실험에 쓰이는 동물들의 복지에 신경 쓰고 동물 실험이 끝난 동물들의 노후를 보장해야 합니다.","wordCount":81},"emotion":[],"intent":[{"text":"","expression":"","category":"attitude"}],"summary":{"text":"동물 실험은 인간의 안전과 인간에게 도움이 되는 제품 생산에 큰 도움을 줍니다. 그러나 동물도 고통을 느끼고 자아와 감정이 있으므로 인간은 동물 실험에 쓰이는 동물들의 복지에 신경 쓰고 실험이 끝난 동물들의 노후를 보장해야 합니다.","wordCount":33}}},"rawDataInfo":{"question":{"fileFormat":"wav","fileSize":332878,"duration":10400,"samplingBit":16,"channelCount":1,"samplingRate":"16kHz","audioPath":"/Mock/02.SalesMarketing/Male/New/ckmk_q_sm_m_n_203612.wav"},"answer":{"fileFormat":"wav","fileSize":2796878,"duration":87400,"samplingBit":16,"channelCount":1,"samplingRate":"16kHz","audioPath":"/Mock/02.SalesMarketing/Male/New/ckmk_a_sm_m_n_203612.wav"}}}