{"version":"1.0","dataSet":{"info":{"date":"20230116","occupation":"SM","channel":"MOCK","place":"ONLINE","gender":"MALE","ageRange":"-34","experience":"NEW"},"question":{"raw":{"text":"혼자 하는 과제가 있고 협업하는 과제가 있습니다 이 둘 중에서 어떤 것을 더 선호하시나요 이유와 함께 말씀해 주시기 바랍니다","wordCount":19},"emotion":[],"intent":[]},"answer":{"raw":{"text":"저는 협업하는 과제와 혼자 하는 과제 중 협업하는 과제를 훨씬 더 선호합니다. 많은 사람들은 혼자 하는 과제가 다른 사람과의 갈등도 없고 시간 관리하기도 편하기 때문에 혼자 하는 과제를 많이 선호하는데요. 하지만 저는 다릅니다. 저는 협업하는 과제가 더 좋다고 생각합니다. 왜냐하면 샤업을 할 때 힘든 점들이 분명히 있지만 결국 협업을 하면서 여러 가지 장점이 있기 때문입니다. 첫 번째는 다른 사람들의 장점을 흡수할 수 있다는 것입니다. 실제로 제가 어려워하는 부분을 다른 사람은 쉽게 처리하고 저에게 그 방법을 전수하면서 저는 성장할 수 있습니다. 그렇기 때문에 저는 협업하는 과제를 훨씬 더 선호합니다. 두 번째로 인간관계가 넓어지기 때문입니다.","wordCount":93},"emotion":[],"intent":[{"text":"","expression":"","category":"attitude"}],"summary":{"text":"협업을 할 때 힘든 점들이 있지만 협업을 하면서 여러 가지 장점이 있기 때문에 협업하는 과제가 더 좋다고 생각합니다. 첫 번째는 다른 사람들의 장점을 흡수할 수 있고, 두 번째는 인간관계가 넓어진다는 것입니다.","wordCount":31}}},"rawDataInfo":{"question":{"fileFormat":"wav","fileSize":413518,"duration":12920,"samplingBit":16,"channelCount":1,"samplingRate":"16kHz","audioPath":"/Mock/02.SalesMarketing/Male/New/ckmk_q_sm_m_n_203910.wav"},"answer":{"fileFormat":"wav","fileSize":2742798,"duration":85710,"samplingBit":16,"channelCount":1,"samplingRate":"16kHz","audioPath":"/Mock/02.SalesMarketing/Male/New/ckmk_a_sm_m_n_203910.wav"}}}