{"version":"1.0","dataSet":{"info":{"date":"20230116","occupation":"SM","channel":"MOCK","place":"ONLINE","gender":"MALE","ageRange":"-34","experience":"NEW"},"question":{"raw":{"text":"지원자님께서는 타 지역 근무도 가능하십니까 일을 하다 보면 다른 지역에서 업무를 수행하게 되는 경우들이 생기는데요 타 지역 근무도 문제 없이 가능하신지 궁금합니다 답변 부탁드립니다","wordCount":24},"emotion":[],"intent":[]},"answer":{"raw":{"text":"일을 하다 보면 다른 지역에서 업무를 수행할 수 수행하게 될 수 있습니다 타 지역 근무도 문제 없이 가능하냐고 질문해 주셨는데 일단 제가 지금 서울에 거주를 하고 있는데 뭐 어 이 집을 떠나서 혼자 살아야 된다고 생각하면 좀 슬프긴 하지만 뭐 일을 할 때 내가 원하는 것만 할 수 없듯이 내가 원하는 곳에서만 일을 할 수 없다고 생각을 하는 편이기 때문에요. 어 어느 곳에서 하든 딱히 상관이 없는 것 같습니다. 타 지역에서 하면 그 지역에 다른 사람들한테도 다른 직원들한테도 배울 수 있는 점이 많다고 생각하고 내가 모르는 점을 부끄러워하는 것이 아니라 어 배움을 가지고 이제 다른 사람들에게 도움을 받으며 더 높은 곳으로 올라갈 수 있다고 생각을 하는 편이기 때문에 어 그런 점에 있어서 어 타 지역 근무에도 굉장히 기대가 많이 되고 어 설레는 것 같습니다. 타 지역 근무를 가면 이제 다른 회사 사람들과 이제 우리 회사 사람들과 소통하고 대화하면서 해결해야 될 문제들이 굉장히 많다고 생각을 하고 그런 문제들이 잘 해결된다면 이제 더 많은 사람들과 일을 할 수 있게 되고 내가 나중에라도 더 좋은 시나리오를 가지고 많은 사람들과 소통하고 일을 할 기회가 생긴다고 생각하기 때문에 되게 좋은 기회라고 생각하고 굉장히 만족스럽게 타 지역 근무도 문제 없이 가능할 것 같습니다.","wordCount":187},"emotion":[{"text":"타 지역 근무도 문제 없이 가능하냐고 질문해 주셨는데 일단 제가 지금 서울에 거주를 하고 있는데 뭐 어 이 집을 떠나서 혼자 살아야 된다고 생각하면 좀 슬프긴 하지만 뭐 일을 할 때 내가 원하는 것만 할 수 없듯이 내가 원하는 곳에서만 일을 할 수 없다고 생각을 하는 편이기 때문에요.","expression":"n-sadness","category":"positive"},{"text":"타 지역에서 하면 그 지역에 다른 사람들한테도 다른 직원들한테도 배울 수 있는 점이 많다고 생각하고 내가 모르는 점을 부끄러워하는 것이 아니라 어 배움을 가지고 이제 다른 사람들에게 도움을 받으며 더 높은 곳으로 올라갈 수 있다고 생각을 하는 편이기 때문에 어 그런 점에 있어서 어 타 지역 근무에도 굉장히 기대가 많이 되고 어 설레는 것 같습니다.","expression":"p-interest","category":"positive"}],"intent":[{"text":"","expression":"","category":"attitude"}],"summary":{"text":"일을 하다 보면 다른 지역에서 업무를 수행할 수 수행하게 될 수 있습니다. 타 지역에서 하면 다른 직원들한테 배울 점이 많다고 생각하고 배움을 가지고 다른 사람들에게 도움을 받으며 더 높은 곳으로 올라갈 수 있다고 생각을 하기 때문에 어 그런 점에 있어서 굉장히 기대가 많이 되고 설레는 것 같습니다. 앞으로 더 많은 사람들과 일을 할 수 있게 될 것이라고 생각하기 때문에 굉장히 만족스럽게 타 지역 근무도 문제 없이 가능할 것 같습니다.","wordCount":69}}},"rawDataInfo":{"question":{"fileFormat":"wav","fileSize":602318,"duration":18820,"samplingBit":16,"channelCount":1,"samplingRate":"16kHz","audioPath":"/Mock/02.SalesMarketing/Male/New/ckmk_q_sm_m_n_200037.wav"},"answer":{"fileFormat":"wav","fileSize":2692558,"duration":84140,"samplingBit":16,"channelCount":1,"samplingRate":"16kHz","audioPath":"/Mock/02.SalesMarketing/Male/New/ckmk_a_sm_m_n_200037.wav"}}}