{"version":"1.0","dataSet":{"info":{"date":"20230116","occupation":"SM","channel":"MOCK","place":"ONLINE","gender":"MALE","ageRange":"35-44","experience":"NEW"},"question":{"raw":{"text":"손님이 진상 손님을 대하게 된다면 어떻게 대처할 것인지 생각해 보신 적이 있으시다면 설명 부탁드리겠습니다","wordCount":14},"emotion":[],"intent":[]},"answer":{"raw":{"text":"영업을 하다 보면 진상 손님을 만나게 될 경우가 많이 발생을 합니다. 이럴 때는 제가 진상 손님을 만약 대하게 되었다면 어떻게 대처를 할 것인지 순간적으로 많이 고민을 할 것 같습니다. 그 손님의 지위 위치 그리고 저희 영업부와의 관계 그리고 어느 정도로 우리 영업부에 도움이 되는 손님인지 진상을 부리더라도 다 받아주고 케어해야 할 정도의 손님이라면 일단은 최소한 기분 상하지 않게 그 자리에서 잘 무마를 시도해 보겠습니다. 그리고 고객이 진상을 부린다면 그에 맞는 이유가 있었을 것입니다. 물론 저희 실수가 아니라 할지라도 그 부분에 대해 최선을 다해 수정을 하겠다 하고 답변을 하겠습니다.","wordCount":88},"emotion":[],"intent":[{"text":"","expression":"","category":"attitude"}],"summary":{"text":"영업을 하다 보면 진상 손님을 만나게 되는 경우가 많이 발생합니다. 이때 그 손님의 지위 위치, 영업부와의 관계 그리고 어느 정도로 영업부에 도움이 되는 손님인지 일단 기분 상하지 않게 그 자리에서 잘 무마를 시도해 보겠습니다.","wordCount":34}}},"rawDataInfo":{"question":{"fileFormat":"wav","fileSize":389838,"duration":12180,"samplingBit":16,"channelCount":1,"samplingRate":"16kHz","audioPath":"/Mock/02.SalesMarketing/Male/New/ckmk_q_sm_m_n_210149.wav"},"answer":{"fileFormat":"wav","fileSize":2902478,"duration":90700,"samplingBit":16,"channelCount":1,"samplingRate":"16kHz","audioPath":"/Mock/02.SalesMarketing/Male/New/ckmk_a_sm_m_n_210149.wav"}}}