{"version":"1.0","dataSet":{"info":{"date":"20230116","occupation":"SM","channel":"MOCK","place":"ONLINE","gender":"MALE","ageRange":"-34","experience":"NEW"},"question":{"raw":{"text":"이 직무에 지원하게 된 이유에 대해서 말씀해 주세요 그리고 본인이 왜 적합한 인재인지도 같이 설명해 주세요","wordCount":16},"emotion":[],"intent":[]},"answer":{"raw":{"text":"제가 영업 직무에 지원한 이유는 바로 저는 사람들을 설득하고 그것으로 돈을 벌 때 큰 성취감을 느끼기 때문입니다. 저는 어린 시절부터 영업 활동을 했던 그야말로 영업 인재였습니다. 저는 초등학생 시절 샤프심을 싸게 파는 문구점을 찾아 대량으로 샤프심을 구매한 뒤 학교에 샤프심을 들고 가서 친구들에게 비싸게 파는 그런 방식으로 돈을 벌었습니다. 고등학생이 되고는 즉석 사진기를 사서 번화가에서 사람들의 사진을 찍어주고 돈을 받았습니다. 이처럼 저는 영업 활동에 어릴 적부터 관심이 있었고 제가 사람들을 설득해서 사람들이 저에게 돈을 쓰는 것이 매우 신기하고 큰 성취감을 주었습니다. 따라서 저는 영업 직무에 적합한 인재입니다.","wordCount":87},"emotion":[{"text":"제가 영업 직무에 지원한 이유는 바로 저는 사람들을 설득하고 그것으로 돈을 벌 때 큰 성취감을 느끼기 때문입니다.","expression":"p-achievement","category":"positive"},{"text":"이처럼 저는 영업 활동에 어릴 적부터 관심이 있었고 제가 사람들을 설득해서 사람들이 저에게 돈을 쓰는 것이 매우 신기하고 큰 성취감을 주었습니다.","expression":"p-achievement","category":"positive"}],"intent":[{"text":"저는 초등학생 시절 샤프심을 싸게 파는 문구점을 찾아 대량으로 샤프심을 구매한 뒤 학교에 샤프심을 들고 가서 친구들에게 비싸게 파는 그런 방식으로 돈을 벌었습니다.","expression":"s_sell_exp","category":"technology"},{"text":"고등학생이 되고는 즉석 사진기를 사서 번화가에서 사람들의 사진을 찍어주고 돈을 받았습니다.","expression":"s_sell_exp","category":"technology"}],"summary":{"text":"어린 시절부터 영업 활동에 관심이 있었고 사람들을 설득해 돈을 쓰는 것이 매우 신기하고 큰 성취감을 주었기 때문에 저는 영업 직무에 적합한 인재입니다.","wordCount":22}}},"rawDataInfo":{"question":{"fileFormat":"wav","fileSize":304718,"duration":9520,"samplingBit":16,"channelCount":1,"samplingRate":"16kHz","audioPath":"/Mock/02.SalesMarketing/Male/New/ckmk_q_sm_m_n_203939.wav"},"answer":{"fileFormat":"wav","fileSize":2718158,"duration":84940,"samplingBit":16,"channelCount":1,"samplingRate":"16kHz","audioPath":"/Mock/02.SalesMarketing/Male/New/ckmk_a_sm_m_n_203939.wav"}}}