{"version":"1.0","dataSet":{"info":{"date":"20230116","occupation":"SM","channel":"MOCK","place":"ONLINE","gender":"MALE","ageRange":"-34","experience":"NEW"},"question":{"raw":{"text":"평소에 검색을 자주 하는 편이신가요 어떤 검색을 주로 하시는지 또한 왜 하시는지 그 이유에 대해서도 답변 부탁드립니다","wordCount":17},"emotion":[],"intent":[]},"answer":{"raw":{"text":"저는 검색을 자주 하는 편입니다. 저는 사람들과 다르게 우리말이나 영어 단어 등을 검색하는 편입니다. 왜냐하면 영업인으로서 사람들과 소통할 때 단어 선택이나 말을 잘하는 것이 매우 중요한데 생각보다 사람들은 우리말이나 쉬운 영단어에 대해서 잘못 알고 있는 경우가 많기 때문입니다. 또한 영업인으로서 정확한 발음과 단어 선택을 위해 우리말을 공부하는 것이 매우 중요한데요. 우리는 잘 말하고 있다 고 생각하지만 생각보다 우리는 단어의 뜻을 잘못 알고 있거나 단어의 발음을 잘못하고 있는 경우가 많습니다. 그래서 정확하고 좋은 말하기를 하기 위해 영단어나 우리말을 검색하는 편입니다.","wordCount":79},"emotion":[],"intent":[{"text":"","expression":"","category":"attitude"}],"summary":{"text":"영업인으로서 사람과 소통할 때 단어 선택이나 말을 잘하는 것이 매우 중요하나 생각보다 사람들은 우리말이나 쉬운 영단어에 대해 잘못 알고 있는 경우가 많기 때문에, 정확하고 좋은 말하기를 위해 영어 단어 등을 검색하는 편입니다.","wordCount":32}}},"rawDataInfo":{"question":{"fileFormat":"wav","fileSize":619918,"duration":19370,"samplingBit":16,"channelCount":1,"samplingRate":"16kHz","audioPath":"/Mock/02.SalesMarketing/Male/New/ckmk_q_sm_m_n_196679.wav"},"answer":{"fileFormat":"wav","fileSize":2810958,"duration":87840,"samplingBit":16,"channelCount":1,"samplingRate":"16kHz","audioPath":"/Mock/02.SalesMarketing/Male/New/ckmk_a_sm_m_n_196679.wav"}}}