{"version":"1.0","dataSet":{"info":{"date":"20230116","occupation":"SM","channel":"MOCK","place":"ONLINE","gender":"MALE","ageRange":"-34","experience":"NEW"},"question":{"raw":{"text":"지원자께서는 상사가 회사의 이익에 반하는 행동을 하는 것을 직접 목격을 하게 된다면은 지원자께서는 그때 어떻게 행동하실 것인지 말씀해 주시길 바랍니다","wordCount":20},"emotion":[],"intent":[]},"answer":{"raw":{"text":"상사가 회사에 이익에 반하는 행동을 하는 걸 보았다면 저는 첫 번째로는 상사에게 방금 하신 이 행동이 우리 회사의 이익에 반하는 행동인 것을 알고 있냐고 물을 것입니다. 잘 몰랐다고 하면 큰 문제가 되지 않겠지만 만약 알면서도 그러한 행동을 한 것이라면 매우 큰 문제입니다. 따라서 저는 아무리 상사가 저와 친밀하고 또 다정하다고 하더라도 회사에 이익에 반하는 행동을 한다면 저는 회사의 직원으로써 회사의 이익을 보호해야 하는 의무가 있기 때문에 상사를 감사 팀이나 다른 창구를 통해 고발하겠습니다. 이렇게 회사에 들어가면 언제 어디든 직장에 이익 우리 회사의 성공만을 간절히 바라는 그런 신입 사원이 되겠습니다.","wordCount":89},"emotion":[],"intent":[{"text":"따라서 저는 아무리 상사가 저와 친밀하고 또 다정하다고 하더라도 회사에 이익에 반하는 행동을 한다면 저는 회사의 직원으로써 회사의 이익을 보호해야 하는 의무가 있기 때문에 상사를 감사 팀이나 다른 창구를 통해 고발하겠습니다.","expression":"c_sincere_co","category":"etc"}],"summary":{"text":"저는 상사가 저와 친밀하고 다정하더라도 회사 이익에 반하는 행동을 한다면 상사를 고발하겠습니다. 직원은 회사의 이익을 보호해야 하는 의무가 있기 때문입니다.","wordCount":20}}},"rawDataInfo":{"question":{"fileFormat":"wav","fileSize":542798,"duration":16960,"samplingBit":16,"channelCount":1,"samplingRate":"16kHz","audioPath":"/Mock/02.SalesMarketing/Male/New/ckmk_q_sm_m_n_190717.wav"},"answer":{"fileFormat":"wav","fileSize":2671438,"duration":83480,"samplingBit":16,"channelCount":1,"samplingRate":"16kHz","audioPath":"/Mock/02.SalesMarketing/Male/New/ckmk_a_sm_m_n_190717.wav"}}}