{"version":"1.0","dataSet":{"info":{"date":"20230116","occupation":"SM","channel":"MOCK","place":"ONLINE","gender":"MALE","ageRange":"-34","experience":"NEW"},"question":{"raw":{"text":"어 평소에 개인 작업을 많이 하시는 편인지요 어 개인 작업을 많이 하신다면 그렇게 할 수 있는 원동력은 무엇인지도 함께 말씀해 주시기 바랍니다","wordCount":22},"emotion":[],"intent":[]},"answer":{"raw":{"text":"저는 평소에도 개인 작업을 많이 하는 편입니다. 이렇게 개인 작업을 많이 하는 이유는 제 자신이 조금 더 발전한 사람이 되기 위해서입니다. 개인 작업을 하면 제 실력도 끊임없이 늘어나고 더 성장할 수 있다고 생각합니다. 특히 개인 작업을 하다보면 성공에 대한 꿈을 갖게 되고 이런 꿈을 이루기 위해서 더 많은 노력을 하게 되는 것 같습니다. 제가 이렇게까지 할 수 있는 원동력은 성공에 대한 열망 때문인 것 같습니다. 어차피 사람에게 이십 사 시간은 똑같이 주어집니다. 이 시간을 어떻게 활용하느냐에 따라서 그 사람이 성공할지 아니면 실패할지가 결정된다고 생각합니다. 그래서 저는 성공에 대한 꿈을 가지고 이십사 시간을 알차게 사용하려고 노력하고 있습니다.","wordCount":96},"emotion":[],"intent":[{"text":"이 시간을 어떻게 활용하느냐에 따라서 그 사람이 성공할지 아니면 실패할지가 결정된다고 생각합니다.","expression":"c_value","category":"background"}],"summary":{"text":"저는 평소에도 개인 작업을 많이 하는 편인데, 이렇게 개인 작업을 하는 이유는 자신이 조금 더 발전한 사람이 되기 위해서입니다. 특히 개인 작업을 하다보면 성공에 대한 꿈을 갖게 되고 이런 꿈을 이루기 위해서 더 많은 노력을 하게 되는 것 같습니다.","wordCount":39}}},"rawDataInfo":{"question":{"fileFormat":"wav","fileSize":441038,"duration":13780,"samplingBit":16,"channelCount":1,"samplingRate":"16kHz","audioPath":"/Mock/02.SalesMarketing/Male/New/ckmk_q_sm_m_n_241285.wav"},"answer":{"fileFormat":"wav","fileSize":2539598,"duration":79360,"samplingBit":16,"channelCount":1,"samplingRate":"16kHz","audioPath":"/Mock/02.SalesMarketing/Male/New/ckmk_a_sm_m_n_241285.wav"}}}