{"version":"1.0","dataSet":{"info":{"date":"20230116","occupation":"SM","channel":"MOCK","place":"ONLINE","gender":"MALE","ageRange":"-34","experience":"NEW"},"question":{"raw":{"text":"혹시 이전 직장 또는 대학에서 어떤 프로젝트를 해 봤는지 생각나시는 게 있으십니까 있으시다면 한 번 말씀해 주시겠어요","wordCount":17},"emotion":[],"intent":[]},"answer":{"raw":{"text":"이전 직장에서 저는 에스엔에스 마케팅 프로젝트를 진행했는데요. 그러면서 참 많은 어려움들이 있었습니다. 저는 에스엔에스에 대해 잘 몰랐고 심지어 영업 직무로 입사했기 때문에 마케팅 요소에 대해서도 잘 몰랐습니다. 하지만 상대적으로 나이가 어리고 에스엔에스에 대한 이해도가 있는 제가 에스엔에스 마케팅 프로젝트에 중심이 되었습니다. 그래서 에스엔에스에 대한 이해도가 있는 직원들을 선별하고 에스엔에스 마케팅 대행사와 회의를 하고 인플루어서들을 만나 에스앤에스 활용법을 배우고 이렇게 에스앤에스 마케팅 프로젝트를 진행하면서 결국 높은 조회수와 많은 구독자를 확보하는 성과를 냈습니다. 이 경험을 통해서 잘 모르는 분야더라도 노력하면 할 수 있다는 것을 배웠습니다. 이 회사에 입사해서도 에스엔에스 업무를 잘 하는 그런 직원이 되겠습니다.","wordCount":93},"emotion":[{"text":"이전 직장에서 저는 에스엔에스 마케팅 프로젝트를 진행했는데요.","expression":"u-fact","category":"neutral"},{"text":"그래서 에스엔에스에 대한 이해도가 있는 직원들을 선별하고 에스엔에스 마케팅 대행사와 회의를 하고 인플루어서들을 만나 에스앤에스 활용법을 배우고 이렇게 에스앤에스 마케팅 프로젝트를 진행하면서 결국 높은 조회수와 많은 구독자를 확보하는 성과를 냈습니다.","expression":"u-fact","category":"neutral"}],"intent":[{"text":"","expression":"","category":"attitude"}],"summary":{"text":"저는 나이가 어리고 마케팅 요소에 대해서도 잘 몰랐습니다. 하지만 소셜미디어에 대한 이해도가 있는 직원들을 선별하고 대행사와 회의를 하고 인플루어들을 만나 에스앤에스 활용법을 배우고 프로젝트를 진행하면서 높은 조회수와 많은 구독자를 확보하는 성과를 냈습니다.","wordCount":32}}},"rawDataInfo":{"question":{"fileFormat":"wav","fileSize":490318,"duration":15320,"samplingBit":16,"channelCount":1,"samplingRate":"16kHz","audioPath":"/Mock/02.SalesMarketing/Male/New/ckmk_q_sm_m_n_203912.wav"},"answer":{"fileFormat":"wav","fileSize":2542158,"duration":79440,"samplingBit":16,"channelCount":1,"samplingRate":"16kHz","audioPath":"/Mock/02.SalesMarketing/Male/New/ckmk_a_sm_m_n_203912.wav"}}}