{"version":"1.0","dataSet":{"info":{"date":"20230116","occupation":"SM","channel":"MOCK","place":"ONLINE","gender":"MALE","ageRange":"-34","experience":"NEW"},"question":{"raw":{"text":"사람은 저마다 힘들었던 경험이 있는데요 어 지원자님께서 지금까지 살아오시면서 가장 힘들었던 경험은 무엇인지 궁금합니다 그리고 그것을 어떻게 극복하셨는지도 궁금합니다","wordCount":19},"emotion":[],"intent":[]},"answer":{"raw":{"text":"지금까지 살면서 제가 가장 힘들었던 경험은 제가 군 복무를 할 때 여자 친구가 바람이 났던 것입니다. 저는 스무 살의 나이에 빠르게 입대를 했는데요. 그러면서 정말 심적으로 많이 힘들었습니다. 특히 만난 지 얼마 안 된 여자 친구가 있었고 이 여자친구와 사이가 너무 좋은데 군대를 가는 것이 너무 슬펐습니다. 하지만 방법이 없었고 여자 친구의 집에서 차로 다섯 시간 거리에 부대로 입대하게 되었습니다. 그리고 두 달이 지나자 여자 친구는 저에게 이별을 고했습니다. 저는 큰 충격을 받았고 받아들이기 힘들었지만 어쨌건 이별하게 되었습니다. 그러나 얼마 후 친구로부터 제 전 여자 친구가 다른 남자와 바람이 났다는 사실을 알게 되었습니다. 하지만 저는 부대에 묶인 몸이고 군인 신분이라 저의 업무를 충실히 해야 했습니다. 그러다 보니 제가 어쩔 도리가 없었구요. 그래서 심적으로 매우 힘든 시간을 보냈었습니다.","wordCount":117},"emotion":[{"text":"특히 만난 지 얼마 안 된 여자 친구가 있었고 이 여자친구와 사이가 너무 좋은데 군대를 가는 것이 너무 슬펐습니다.","expression":"n-sadness","category":"positive"}],"intent":[{"text":"저는 스무 살의 나이에 빠르게 입대를 했는데요.","expression":"c_private","category":"background"}],"summary":{"text":"군 복무를 할 때 여자 친구가 바람이 났던 것입니다. 스무 살에 빠르게 입대를 하면서 심적으로 많이 힘들었습니다. 부대에 묶인 몸이고 군인 신분이라 업무를 충실히 해야 해서 어쩔 도리가 없었고 심적으로 매우 힘든 시간을 보냈습니다.","wordCount":34}}},"rawDataInfo":{"question":{"fileFormat":"wav","fileSize":595278,"duration":18600,"samplingBit":16,"channelCount":1,"samplingRate":"16kHz","audioPath":"/Mock/02.SalesMarketing/Male/New/ckmk_q_sm_m_n_190956.wav"},"answer":{"fileFormat":"wav","fileSize":2774478,"duration":86700,"samplingBit":16,"channelCount":1,"samplingRate":"16kHz","audioPath":"/Mock/02.SalesMarketing/Male/New/ckmk_a_sm_m_n_190956.wav"}}}