{"version":"1.0","dataSet":{"info":{"date":"20230116","occupation":"SM","channel":"MOCK","place":"ONLINE","gender":"MALE","ageRange":"-34","experience":"NEW"},"question":{"raw":{"text":"현재까지 면접자님이 여러 대외 활동을 해 보셨을 텐데 대외 활동에서 어떤 것을 배웠고 면접자님은 어떤 자세로 임하셨는지 말씀 부탁드립니다","wordCount":19},"emotion":[],"intent":[]},"answer":{"raw":{"text":"지금까지 여러 대외 활동을 해 봤는데요. 제가 했던 대외 활동 중에 가장 인상 깊었던 대외 활동은 바로 대학 시절 외국인 유학생들의 한국 적응을 도왔던 대외 활동입니다. 여기서 저는 한 오스트리아 국적의 여학생을 담당해서 한국 적응을 도왔는데요. 같이 경복궁도 가고 삼겹살도 먹으면서 많은 대화를 했습니다. 그러면서 진심으로 교류하고 소통할 수 있었는데요. 이 경험을 통해 저는 어떤 사람이라도 진심으로 다가가면 대화하고 교류할 수 있다는 것을 배웠습니다. 따라서 이 회사에서도 영업을 하면서 만나는 모든 사람 또 회사 내에 모든 사람들과 진심을 다해 소통하고 교류하겠습니다.","wordCount":81},"emotion":[{"text":"제가 했던 대외 활동 중에 가장 인상 깊었던 대외 활동은 바로 대학 시절 외국인 유학생들의 한국 적응을 도왔던 대외 활동입니다.","expression":"u-fact","category":"neutral"}],"intent":[{"text":"제가 했던 대외 활동 중에 가장 인상 깊었던 대외 활동은 바로 대학 시절 외국인 유학생들의 한국 적응을 도왔던 대외 활동입니다.","expression":"c_private","category":"background"}],"summary":{"text":"저는 대학 시절 외국인 유학생들의 한국 적응을 도왔던 대외 활동을 통해 진심으로 소통할 수 있다는 것을 배웠습니다. 따라서 이 회사에서도 영업을 하면서 만나는 모든 사람, 회사 내에 모든 사람들과 소통하고 교류하겠습니다.","wordCount":31}}},"rawDataInfo":{"question":{"fileFormat":"wav","fileSize":584398,"duration":18260,"samplingBit":16,"channelCount":1,"samplingRate":"16kHz","audioPath":"/Mock/02.SalesMarketing/Male/New/ckmk_q_sm_m_n_197198.wav"},"answer":{"fileFormat":"wav","fileSize":2310798,"duration":72210,"samplingBit":16,"channelCount":1,"samplingRate":"16kHz","audioPath":"/Mock/02.SalesMarketing/Male/New/ckmk_a_sm_m_n_197198.wav"}}}