{"version":"1.0","dataSet":{"info":{"date":"20230116","occupation":"SM","channel":"MOCK","place":"ONLINE","gender":"MALE","ageRange":"-34","experience":"NEW"},"question":{"raw":{"text":"지원자님께서 사람들과 협업을 하면서 어려웠던 점이 있으신가요 어려웠던 점이 있으시다면 어 해당 상황에서 어떻게 극복했는지 말씀해 주시길 바랍니다","wordCount":18},"emotion":[],"intent":[]},"answer":{"raw":{"text":"본질에서 벗어나는 말을 할 때 저는 참을 수가 없었습니다. 왜냐하면 우리는 그 당시에 해결해야 할 문제를 논의하고 있는 상황에서 어떤 사람은 자기는 아이디어랍시고 의견을 계속 표출을 했는데 제 입장에서는 그것이 전혀 뜬금없는 소리였습니다. 뜬금없는 소리를 계속 듣고 있자니 저는 너무 화가 나서 그만 헛소리 좀 그만 해라 라고 말할 수밖에 없었고 그 친구랑 저랑은 이제 싸움을 하게 되었습니다. 그런데 그 사건을 겪으면서 저는 생각을 하게 되었습니다. 과연 헛소리였을까 헛소리가 아니라 본질을 꿰뚫는 통찰력 있는 아이디어였을 수도 있는데 무엇이 나를 그렇게 협소하게 만든 것일까 돌아보니 저는 항상 헛소리 하는 사람들을 싫어했었습니다. 중학교 때도 고등학교 때도 대학교 때도 헛소리 하는 사람들을 싫어했었습니다. 하지만 돌이켜 생각해 보면 내가 놓치고 있는 통찰력들은 얼마나 많았나 라는 후회를 하고 있습니다.","wordCount":114},"emotion":[{"text":"본질에서 벗어나는 말을 할 때 저는 참을 수가 없었습니다.","expression":"n-anger","category":"negative"},{"text":"뜬금없는 소리를 계속 듣고 있자니 저는 너무 화가 나서 그만 헛소리 좀 그만 해라 라고 말할 수밖에 없었고 그 친구랑 저랑은 이제 싸움을 하게 되었습니다.","expression":"n-anger","category":"negative"}],"intent":[{"text":"","expression":"","category":"attitude"}],"summary":{"text":"통찰력 있는 아이디어였어도 그렇게 협소하게 만든 것은 무엇인지 돌아보니 항상 망언 하는 사람들을 싫어했습니다. 하지만 지금은 제가 놓치고 있는 통찰력이 얼마나 많았는지 후회하고 있습니다.","wordCount":24}}},"rawDataInfo":{"question":{"fileFormat":"wav","fileSize":500558,"duration":15640,"samplingBit":16,"channelCount":1,"samplingRate":"16kHz","audioPath":"/Mock/02.SalesMarketing/Male/New/ckmk_q_sm_m_n_194498.wav"},"answer":{"fileFormat":"wav","fileSize":2687438,"duration":83980,"samplingBit":16,"channelCount":1,"samplingRate":"16kHz","audioPath":"/Mock/02.SalesMarketing/Male/New/ckmk_a_sm_m_n_194498.wav"}}}