{"version":"1.0","dataSet":{"info":{"date":"20230116","occupation":"SM","channel":"MOCK","place":"ONLINE","gender":"MALE","ageRange":"-34","experience":"NEW"},"question":{"raw":{"text":"그동안 사람들과 협업을 하며 가장 어려웠던 점은 어떤 것이었나요 또한 어떻게 극복했는지도 말씀해 주시기 바랍니다","wordCount":15},"emotion":[],"intent":[]},"answer":{"raw":{"text":"사람들과 협업을 하며 가장 어려웠던 점은 바로 적극적으로 참여하지 않는 동요들을 함께 포함해서 일했던 경험입니다. 세상에는 참 많은 사람들이 있고 협업을 하면 정말 다양한 사람들을 만나게 되는데요. 그중 가장 어려웠던 점은 능력은 있지만 열심히 하지 않는 사람들과 협업을 할 때였습니다. 이 사람들은 누구보다도 능력있지만 가만히 있어도 어느 정도의 성과를 얻어갈 수 있다는 것을 알고 있기 때문에 열심히 하지 않았는데요. 이런 사람들을 대처하기 위해서 저는 역할 분담을 명확히 해서 책임 소재를 분명히 하는 것이 매우 효과적인 전략인 것을 발견했습니다. 이 사람들은 나름대로 능력이 있기 때문에 자신의 역할을 충분히 소화할 수 있습니다. 따라서 그 사람들에게 이 업무를 하지 않으면 당신은 함께 할 수 없다는 것을 명확히 하자 적어도 자신의 일은 분명히 했습니다. 이런 방식으로 협업에서 어려운 일들을 극복했습니다.","wordCount":116},"emotion":[{"text":"그중 가장 어려웠던 점은 능력은 있지만 열심히 하지 않는 사람들과 협업을 할 때였습니다.","expression":"n-distress","category":"negative"}],"intent":[{"text":"","expression":"","category":"attitude"}],"summary":{"text":"협업을 하며 가장 어려웠던 점은 적극적으로 참여하지 않는 동료들을 함께 포함해서 일했던 경험이었습니다. 협업에서 어려운 일들을 극복하기 위해서는 역할 분담을 명확히 해서 책임 소재를 분명히 하는 것이 매우 효과적인 전략인 것을 발견하였습니다.","wordCount":32}}},"rawDataInfo":{"question":{"fileFormat":"wav","fileSize":490958,"duration":15340,"samplingBit":16,"channelCount":1,"samplingRate":"16kHz","audioPath":"/Mock/02.SalesMarketing/Male/New/ckmk_q_sm_m_n_180755.wav"},"answer":{"fileFormat":"wav","fileSize":2876238,"duration":89880,"samplingBit":16,"channelCount":1,"samplingRate":"16kHz","audioPath":"/Mock/02.SalesMarketing/Male/New/ckmk_a_sm_m_n_180755.wav"}}}