{"version":"1.0","dataSet":{"info":{"date":"20230116","occupation":"SM","channel":"MOCK","place":"ONLINE","gender":"MALE","ageRange":"-34","experience":"NEW"},"question":{"raw":{"text":"네 저희 회사는 지금 교번 근무를 제를 적용하고 있는데 어 교번 근무제는 쉽지 않다고 익히들 알고 있죠 그래서 지원자님께서는 본인이 교번 근무에 잘 적용할 수 있다고 생각하시는지 그렇다면 그 근거도 함께 말씀해 주시기 바랍니다","wordCount":34},"emotion":[],"intent":[]},"answer":{"raw":{"text":"네 저는 교번 근무에 잘 적응할 자신이 있는데요. 어 너무 진부하고 뻔한 이야기일 수 있고 다른 지원자님들도 많이 이야기 했을 수 있겠지만 어 보통 남성들이 처음 교번 근무를 맡게 되는 게 군대 생활에서였다고 생각합니다. 어 군 생활에서 교번 근무 굉장히 힘든 일이고 잠도 많이 자지 못해서 엄청나게 피곤한 일이었는데요. 하지만 저는 굉장히 교번 근무를 좋아하는 편이었습니다. 어 시간이 바뀌는 것에 빠르게 적응할 수 있고 그런 시간들 속에서 시간을 효율적으로 사용하는 방법을 알기 때문인데요. 저는 당시에 교번 근무를 서면서도 제 공부를 소홀히 하지 않고 자격증 공부도 열심히 하고 제가 공부하고 싶은 분야들에 관한 책도 많이 읽으면서 그 시간을 굉장히 잘 활용했던 것 같습니다. 그래서 저는 빠른 적응력과 시간 안배 능력으로 교번 근무에 굉장히 잘 적응할 수 있다고 생각하는데요. 그래서 그 제가 입사해서 교번 근무을 맡게 되더라도 거리감 없 거리낌 없이 어려움 없이 잘 해낼 수 있다고 생각합니다.","wordCount":136},"emotion":[],"intent":[{"text":"","expression":"","category":"attitude"}],"summary":{"text":"보통 남성들이 처음 교번 근무를 맡게 되는 게 군대 생활에서였는데, 굉장히 힘들었지만 빠르게 적응할 수 있고 시간을 효율적으로 사용하는 방법을 알기 때문에 매우 선호했습니다. 그래서 빠른 적응력과 시간 안배 능력으로 교번 근무에 아주 잘 적응할 자신이 있습니다.","wordCount":37}}},"rawDataInfo":{"question":{"fileFormat":"wav","fileSize":522318,"duration":16320,"samplingBit":16,"channelCount":1,"samplingRate":"16kHz","audioPath":"/Mock/02.SalesMarketing/Male/New/ckmk_q_sm_m_n_183687.wav"},"answer":{"fileFormat":"wav","fileSize":2133198,"duration":66660,"samplingBit":16,"channelCount":1,"samplingRate":"16kHz","audioPath":"/Mock/02.SalesMarketing/Male/New/ckmk_a_sm_m_n_183687.wav"}}}