{"version":"1.0","dataSet":{"info":{"date":"20230116","occupation":"SM","channel":"MOCK","place":"ONLINE","gender":"MALE","ageRange":"-34","experience":"NEW"},"question":{"raw":{"text":"어떤 문제에 부딪쳤을 때 지원자님은 혼자 해결하는 편이신가요 아니면 여러 사람들에게 이야기를 하면서 해결하는 편이신가요","wordCount":15},"emotion":[],"intent":[]},"answer":{"raw":{"text":"어 저는 어떤 문제에 부딪쳤을 때 뭐 결론적으로는 다른 사람에게 도움을 청하는 경우도 있지만 우선 혼자서 먼저 해결하려는 경향이 많이 있는 것 같습니다. 어 제가 일을 처음 하는 일들이 굉장히 많았는데요. 다름 아니고 제가 어려워 했던 부분이 학교에서 축제를 진행하면서 포스터 제작이었습니다. 저희 과에 디자인 툴을 다룰 수 있는 사람도 없었고 아무래도 디자인과 학생들도 없는 동아리였기 때문에 이 축제 포스터를 만드는 게 굉장히 어려웠습니다. 하지만 저는 단기간에 이 제가 포토샵이라는 툴을 익히고 적절히 제가 만들 수 있는 레퍼런스를 찾고 분리해서 끝내 노력해서 그런 축제 포스터를 성공적으로 만들어냈습니다. 어 그 과정에서 굉장히 어려움과 힘든 일들이 많이 있었는데요. 제 주변 친구들에게 부탁을 할 수도 있었겠지만 저 스스로 갈구하고 해결하는 걸 굉장히 좋아하는 편입니다. 그래서 결론적으로는 도움을 받은 부분도 있었지만 저 혼자 최대한 끝까지 경험해보고 끝까지 부딪쳐보고 안 됐을 때 마지못해 도움을 청하는 경우였는데요. 그만저도 많은 부담을 주지 않기 위해서 스스로 많은 노력을 했던 것 같습니다. 그래서 저는 어떤 문제에 부딪쳤을 때 주로 혼자 해결하는 편입니다.","wordCount":153},"emotion":[],"intent":[{"text":"","expression":"","category":"attitude"}],"summary":{"text":"저는 어떤 문제에 부딪쳤을 때 다른 사람에게 도움을 청하는 경우도 있지만 우선 혼자서 먼저 해결하려는 경향이 많이 있는 것 같습니다. 디자인과 학생도 없는 동아리였기에 학교 축제를 진행하면서 포스터 만드는 게 굉장히 어려웠습니다. 스스로 갈구하고 해결하는 걸 굉장히 좋아하는 편입니다.","wordCount":39}}},"rawDataInfo":{"question":{"fileFormat":"wav","fileSize":611278,"duration":19100,"samplingBit":16,"channelCount":1,"samplingRate":"16kHz","audioPath":"/Mock/02.SalesMarketing/Male/New/ckmk_q_sm_m_n_183692.wav"},"answer":{"fileFormat":"wav","fileSize":2674638,"duration":83580,"samplingBit":16,"channelCount":1,"samplingRate":"16kHz","audioPath":"/Mock/02.SalesMarketing/Male/New/ckmk_a_sm_m_n_183692.wav"}}}