{"version":"1.0","dataSet":{"info":{"date":"20230116","occupation":"SM","channel":"MOCK","place":"ONLINE","gender":"MALE","ageRange":"35-44","experience":"NEW"},"question":{"raw":{"text":"본인의 단점이 있다면 말씀해 주시고 그것을 보완하기 위해 이제까지 노력한 부분에 대해서 같이 말씀해 주세요","wordCount":15},"emotion":[],"intent":[]},"answer":{"raw":{"text":"현재 음식을 빨리 먹어서 푸드 파이팅 대회에서 우승하는 것이 목표입니다. 하지만 태어나기를 위장이 작은 상태로 태어나서 음식을 빨리 먹지 못하는데 저는 이를 보완하기 위해서 매일 햄버거를 오십 개씩 먹고 있습니다. 현재는 오십 개 밖에 먹지 못하지만 앞으로는 하루에 백 개씩 먹는 것을 목표로 이것을 달성할 예정입니다. 저는 이를 보완하기 위해서 소화가 되지 않는 고무 풍선을 입안으로 집어넣어 위를 강제로 늘리고 있습니다. 이것은 매우 도움이 되는 트레이닝입니다. 이 트레이닝으로 저는 현재 햄버거 먹는 양을 조금씩 늘리고 있으며 앞으로 이렇게 꾸준히 연습에 매진하여 푸드 파이팅 대회에서 우승을 거머쥐겠습니다.","wordCount":86},"emotion":[],"intent":[{"text":"","expression":"","category":"attitude"}],"summary":{"text":"위장이 작은 저는 하루에 백 개씩 먹는 것을 목표로 달성할 예정입니다. 소화가 되지 않는 고무 풍선을 입안으로 넣어 위를 강제로 늘리는 트레이닝으로 현재버거 먹는 양을 조금씩 늘리고 있으며 우승하겠습니다.","wordCount":29}}},"rawDataInfo":{"question":{"fileFormat":"wav","fileSize":281678,"duration":8800,"samplingBit":16,"channelCount":1,"samplingRate":"16kHz","audioPath":"/Mock/02.SalesMarketing/Male/New/ckmk_q_sm_m_n_240470.wav"},"answer":{"fileFormat":"wav","fileSize":1835278,"duration":57350,"samplingBit":16,"channelCount":1,"samplingRate":"16kHz","audioPath":"/Mock/02.SalesMarketing/Male/New/ckmk_a_sm_m_n_240470.wav"}}}