{"version":"1.0","dataSet":{"info":{"date":"20230116","occupation":"SM","channel":"MOCK","place":"ONLINE","gender":"MALE","ageRange":"-34","experience":"NEW"},"question":{"raw":{"text":"어 지원자님께서는 이제 개인적으로 목표를 세워서 무언가를 달성하기 위해 어 이 이 년에서 삼 년 동안 열심히 노력해서 또 그 목표를 달성한 경험이 있으신지 어 물어보고 싶습니다","wordCount":27},"emotion":[],"intent":[]},"answer":{"raw":{"text":"저는 토익 만점이라는 목표를 세우고 삼 년간 열심히 노력해서 토익 만점이라는 목표를 달성한 경험이 있습니다. 저는 어린 시절부터 영어에 자신감이 없었는데요. 이러한 저의 약점을 극복하고자 영어 공부를 시작했습니다. 영어 드라마를 보면서 주인공들의 대사를 따라 하고 영어 노래를 들으면서 노래 가사를 전부 외웠습니다. 이렇게 영어로 감을 잡은 뒤 미국으로 교환 학생을 떠나서 영어로 수업을 듣고 영어로 친구를 만나고 영어로 과제를 제출하면서 다시 한 번 영어 실력을 향상시켰습니다. 그리고 한국에 돌아와서 토익 학원에 다니면서 노력한 결과 얼마 전 삼 년 전 세웠던 목표인 토익 만점이라는 큰 성과를 거두게 되었습니다.","wordCount":87},"emotion":[{"text":"저는 토익 만점이라는 목표를 세우고 삼 년간 열심히 노력해서 토익 만점이라는 목표를 달성한 경험이 있습니다.","expression":"u-fact","category":"neutral"}],"intent":[{"text":"저는 토익 만점이라는 목표를 세우고 삼 년간 열심히 노력해서 토익 만점이라는 목표를 달성한 경험이 있습니다.","expression":"c_chl","category":"personality"},{"text":"그리고 한국에 돌아와서 토익 학원에 다니면서 노력한 결과 얼마 전 삼 년 전 세웠던 목표인 토익 만점이라는 큰 성과를 거두게 되었습니다.","expression":"c_chl","category":"personality"}],"summary":{"text":"저는 어린 시절부터 영어에 자신감이 없었습니다. 그래서 영어 드라마나 영어 노래를 들으며 가사를 외웠습니다. 그 후 미국으로 교환 학생을 떠나 영어 수업을 듣고 과제로 과제를 제출하면서 영어 실력을 향상시켰고, 이제는 토익 만점이라는 큰 성과를 얻었습니다.","wordCount":35}}},"rawDataInfo":{"question":{"fileFormat":"wav","fileSize":535118,"duration":16720,"samplingBit":16,"channelCount":1,"samplingRate":"16kHz","audioPath":"/Mock/02.SalesMarketing/Male/New/ckmk_q_sm_m_n_203909.wav"},"answer":{"fileFormat":"wav","fileSize":2701838,"duration":84430,"samplingBit":16,"channelCount":1,"samplingRate":"16kHz","audioPath":"/Mock/02.SalesMarketing/Male/New/ckmk_a_sm_m_n_203909.wav"}}}