{"version":"1.0","dataSet":{"info":{"date":"20230116","occupation":"SM","channel":"MOCK","place":"ONLINE","gender":"MALE","ageRange":"-34","experience":"NEW"},"question":{"raw":{"text":"비투비 영업과 비투씨 영업 간의 접근 전략상의 차이점은 주로 무엇이라고 생각하시는지 지원자님의 입장에서 말씀해 주시겠습니까","wordCount":15},"emotion":[],"intent":[]},"answer":{"raw":{"text":"제가 생각하는 비투비 영업과 비투씨 영업 간의 접근 전략의 차이는 바로 지속성이라고 말씀드릴 수 있겠습니다. 비투씨 영업은 소비자에게 우리 회사의 제품이나 서비스를 그 순간에 판매하는 것입니다. 따라서 지속성이 부여되는 일이라고 볼 수 없습니다. 하지만 비투비 영업은 대체적으로 한번 거래를 트면 지속적으로 거래를 유지하기 때문에 좀 더 지속성이 있다고 볼 수 있습니다. 따라서 비투비 영업에서는 앞으로 계속 일을 함께 할 수 있는 믿을 만한 회사라는 것을 보여줘야 합니다. 그러기 위해서 기본적인 시간 준수부터 꼼꼼한 자료 작성 또 제품에 대한 논리적인 접근 이런 것들을 통해서 앞으로 계속 함께 할 수 있는 믿을 만한 회사라는 것을 보여주는 것이 중요합니다. 하지만 비투씨는 그 순간에 제품의 장점 특징 이런 것들을 구체적으로 설명하고 앞으로의 계획보다는 지금 이 순간에 집중하는 것이 더 중요하다는 차이가 있습니다.","wordCount":118},"emotion":[],"intent":[{"text":"","expression":"","category":"attitude"}],"summary":{"text":"비투비 영업은 소비자에게 우리 회사의 제품이나 서비스를 그 순간에 판매하는 것으로 한번 거래를 트면 지속적으로 거래를 유지하기 때문에 지속성이 있다고 볼 수 있습니다. 따라서 계속 일을 함께 할 수 있는 믿을 만한 회사라는 것을 보여줘야 합니다.","wordCount":36}}},"rawDataInfo":{"question":{"fileFormat":"wav","fileSize":396878,"duration":12400,"samplingBit":16,"channelCount":1,"samplingRate":"16kHz","audioPath":"/Mock/02.SalesMarketing/Male/New/ckmk_q_sm_m_n_180294.wav"},"answer":{"fileFormat":"wav","fileSize":2890638,"duration":90330,"samplingBit":16,"channelCount":1,"samplingRate":"16kHz","audioPath":"/Mock/02.SalesMarketing/Male/New/ckmk_a_sm_m_n_180294.wav"}}}