{"version":"1.0","dataSet":{"info":{"date":"20230116","occupation":"SM","channel":"MOCK","place":"ONLINE","gender":"MALE","ageRange":"-34","experience":"NEW"},"question":{"raw":{"text":"지원자님께서 본인이 현재 가지고 있는 위치보다 어려운 목표를 달성한 적이 있으십니까 있다면 그 경험을 말씀해 주십시오","wordCount":16},"emotion":[],"intent":[]},"answer":{"raw":{"text":"경험을 하나 말씀드리자면 바로 제 전 직장 얘기입니다. 입사를 갓 한 신입사원 상태였는데 그때 당시 네덜란드의 어떤 회사와 저희 회사가 엠오유를 맺고 하나의 제품을 저희 우리나라에 만들기로 한 것이죠. 그때 당시 저는 영어도 좋아했고 기술 관련된 학과도 졸업했기 때문에 현장 참여 방식으로 옆에서 회의록을 적는 방식으로 그렇게 네덜란드 거래처와 회의를 한 적이 있습니다. 직접 네덜란드로 갔었고요. 그때 당시 저 말고도 해외 영업 담당 팀이 있었는데 그쪽 팀에서 사정으로 인해서 굉장히 늦게 네덜란드로 도착하게 된 것입니다. 저와 다른 팀원들은 예정대로 회의장에 도착할 수 있었지만 원래 본 업무를 맡고 있는 해외 영업 팀 팀원들은 비행기가 결항되면서 늦게 온 것이죠. 하는 수 없이 프레젠테이션을 시작하기 전에 아이스 브레이킹과 더불어 저희 회사의 사업에 대한 개오를 설명을 해주면서 시간을 어느정도 딜레이 시켜야 했고 어쩔 수 없이 제가 완벽하지 않음에도 불구하고 아이스 브레이킹을 성공적으로 성 성공적으로 시키고 개오를 잘 말씀드린 적이 있습니다.","wordCount":136},"emotion":[],"intent":[{"text":"","expression":"","category":"attitude"}],"summary":{"text":"신입 사원 상태였는데 당시 네덜란드의 한 회사와 엠오유를 맺고 하나의 제품을 우리나라에 만들기로 하였습니다. 현장 참여 방식으로 네덜란드 거래처와 회의를 한 적이 있습니다. 당시 해외 영업 팀원들은 비행기가 결항되면서 늦게 온 것입니다. 어쩔 수 없이 프레젠테이션 전에 사업 설명을 해주면서 시간을 딜레이 시켜야 했습니다.","wordCount":44}}},"rawDataInfo":{"question":{"fileFormat":"wav","fileSize":611598,"duration":19110,"samplingBit":16,"channelCount":1,"samplingRate":"16kHz","audioPath":"/Mock/02.SalesMarketing/Male/New/ckmk_q_sm_m_n_189110.wav"},"answer":{"fileFormat":"wav","fileSize":2831438,"duration":88480,"samplingBit":16,"channelCount":1,"samplingRate":"16kHz","audioPath":"/Mock/02.SalesMarketing/Male/New/ckmk_a_sm_m_n_189110.wav"}}}