{"version":"1.0","dataSet":{"info":{"date":"20230116","occupation":"SM","channel":"MOCK","place":"ONLINE","gender":"MALE","ageRange":"-34","experience":"NEW"},"question":{"raw":{"text":"영어 점수가 좋던데 영어에 자신이 있나요","wordCount":6},"emotion":[],"intent":[]},"answer":{"raw":{"text":"저는 영어에 매우 자신 있는 사람입니다. 영업 일을 하다 보면 외국인들과 소통할 일이 많은데요. 저는 어린 시절부터 미국 드라마를 보면서 주인공들의 대사를 외우고 따라 하고 또 영어 팝송을 들으면서 가사를 외우고 따라 불렀습니다. 이렇게 영어에 대한 감을 찾은 뒤 대학 시절 미국으로 교환 학생을 떠났는데요. 현지에서 현지 친구들과 함께 친하게 지내며 생활 영어를 배웠고 대학을 졸업한 뒤 미국에 있는 한 마케팅 업체에서 인턴 생활을 할 만큼 유창한 영어 실력을 가지게 되었습니다. 따라서 제가 이 회사에 들어온다면 저의 유창한 영어 실력으로 전 세계 어떤 업체든 친밀하게 대화하고 또 속전 속결로 계약을 맺을 수 있게끔 누구보다 저의 능력을 십 분 발휘하겠습니다.","wordCount":99},"emotion":[{"text":"이렇게 영어에 대한 감을 찾은 뒤 대학 시절 미국으로 교환 학생을 떠났는데요.","expression":"u-fact","category":"neutral"},{"text":"현지에서 현지 친구들과 함께 친하게 지내며 생활 영어를 배웠고 대학을 졸업한 뒤 미국에 있는 한 마케팅 업체에서 인턴 생활을 할 만큼 유창한 영어 실력을 가지게 되었습니다.","expression":"u-fact","category":"neutral"}],"intent":[{"text":"이렇게 영어에 대한 감을 찾은 뒤 대학 시절 미국으로 교환 학생을 떠났는데요.","expression":"c_private","category":"background"}],"summary":{"text":"저는 영어에 매우 자신 있는 사람입니다. 어린 시절부터 영어에 대한 감을 찾은 뒤 미국으로 교환 학생을 떠났습니다. 대학을 졸업한 뒤 미국에 있는 한 마케팅 업체에서 인턴 생활을 할 만큼 유창한 영어 실력을 가지게 되었습니다.","wordCount":34}}},"rawDataInfo":{"question":{"fileFormat":"wav","fileSize":236238,"duration":7380,"samplingBit":16,"channelCount":1,"samplingRate":"16kHz","audioPath":"/Mock/02.SalesMarketing/Male/New/ckmk_q_sm_m_n_191004.wav"},"answer":{"fileFormat":"wav","fileSize":2543438,"duration":79480,"samplingBit":16,"channelCount":1,"samplingRate":"16kHz","audioPath":"/Mock/02.SalesMarketing/Male/New/ckmk_a_sm_m_n_191004.wav"}}}