{"version":"1.0","dataSet":{"info":{"date":"20230116","occupation":"SM","channel":"MOCK","place":"ONLINE","gender":"MALE","ageRange":"-34","experience":"NEW"},"question":{"raw":{"text":"우리 회사에 들어와서 꼭 하고 싶은 업무가 있으신가요 있으시다면 그것은 무엇이고 왜 그것이 하고 싶으신지도 말씀 부탁드립니다","wordCount":17},"emotion":[],"intent":[]},"answer":{"raw":{"text":"어 우리 회사에 들어와 어 본인이 하고 싶은 업무가 있으신가요 있다면 이유와 함께 말해 달라고 이렇게 질문을 해주셨는데요. 제가 만약에 이 회사에 들어간다면 저는 이 홍보 이쪽 팀에 들어가서 업무를 진행해 보고 싶습니다. 왜냐하면 어 옛날부터 꼭 해보고 싶었던 업무이기도 하고 어 사람들에게 어 우리 이 회사를 어 잘 홍보하고 끌어들이는 이런 마케팅이 굉장히 능하다고 생각을 하기 때문에 저는 홍보팀에 들어가서 어 뭐 홍보팀이 그거 굉장히 바쁘다고 알고 있는데 저는 이렇게 움직이고 어 손수 나서면서 이 회사에를 홍보하고 인제 많은 사람들에게 좋은 인식을 남겨주고 뭐 처리할 업무들을 열심히 하면서 내가 모르고 잘 못하는 점들을 어 어 높은 상사님에게나 인제 모르는 것들을 상대방이 알고 있는 점들을 잘 이렇게 배우고 알려 달라고 하면서 더 더 좋은 사람이 되고 이제 더 이 팀에 도움이 되는 어 더 홍보를 잘 할 수 있게 되는 이런 홍보 팀에 들어가서 꼭 한 번 일을 해보고 싶습니다.","wordCount":140},"emotion":[],"intent":[{"text":"","expression":"","category":"attitude"}],"summary":{"text":"본인이 회사에 들어간다면 홍보팀에서 업무를 진행하고 싶습니다. 마케팅이 굉장히 능숙하다고 생각하기 때문입니다. 홍보팀이 굉장히 바쁘다고 알고 있는데, 이렇게 손수 나서면서 회사에를 홍보하고 많은 사람들에게 좋은 인식을 남겨주고 처리하는 업무들을 열심히 하면서 제가 모르고 잘 못하는 점들을 알려 달라고 하고 싶습니다.","wordCount":40}}},"rawDataInfo":{"question":{"fileFormat":"wav","fileSize":618638,"duration":19330,"samplingBit":16,"channelCount":1,"samplingRate":"16kHz","audioPath":"/Mock/02.SalesMarketing/Male/New/ckmk_q_sm_m_n_192610.wav"},"answer":{"fileFormat":"wav","fileSize":2690638,"duration":84080,"samplingBit":16,"channelCount":1,"samplingRate":"16kHz","audioPath":"/Mock/02.SalesMarketing/Male/New/ckmk_a_sm_m_n_192610.wav"}}}