{"version":"1.0","dataSet":{"info":{"date":"20230116","occupation":"SM","channel":"MOCK","place":"ONLINE","gender":"MALE","ageRange":"-34","experience":"NEW"},"question":{"raw":{"text":"만약 저희 회사에 들어오셔서 지원자님의 직무에 맞지 않는 일을 하게 되신다면 어떻게 하시겠습니까 그래도 괜찮으신가요 말씀해 주세요","wordCount":17},"emotion":[],"intent":[]},"answer":{"raw":{"text":"만약 제가 원하지 않는 직무를 하게 된다 면 일단 배운다는 마음가짐으로 최대한 열심히 하겠습니다. 왜냐하면 영업 전문가 저에 상사와 인사 담당자는 그 분야에 전문가로서 제가 가진 역량이나 저의 적성 이런 것들을 종합적으로 고려해서 저에게 가장 잘 맞는 직무를 주었다 고 생각하기 때문입니다. 하지만 제가 그 직무를 하면서 아무리 노력해도 도저히 저와 맞지 않다 는 것을 느낀다면 저의 상사 혹은 인사담당자와 면담을 통해 제가 원했던 그 직무로 다시 시작하고 싶다 고 요청드릴 것 같습니다. 그래서 결국에는 제가 원하는 영업 직무로 돌아가겠습니다.","wordCount":80},"emotion":[],"intent":[{"text":"","expression":"","category":"attitude"}],"summary":{"text":"상사와 인사 담당자는 제 역량, 적성을 고려하여 가장 잘 맞는 직무를 주었다고 생각하기 때문에 열심히 하겠습니다. 만약 제가 원하지 않는 직무를 하게 된다면 다시 시작하고 싶다고 요청하여 원하는 영업 직무로 돌아가겠습니다.","wordCount":31}}},"rawDataInfo":{"question":{"fileFormat":"wav","fileSize":538958,"duration":16840,"samplingBit":16,"channelCount":1,"samplingRate":"16kHz","audioPath":"/Mock/02.SalesMarketing/Male/New/ckmk_q_sm_m_n_196500.wav"},"answer":{"fileFormat":"wav","fileSize":2677838,"duration":83680,"samplingBit":16,"channelCount":1,"samplingRate":"16kHz","audioPath":"/Mock/02.SalesMarketing/Male/New/ckmk_a_sm_m_n_196500.wav"}}}