{"version":"1.0","dataSet":{"info":{"date":"20230116","occupation":"SM","channel":"MOCK","place":"ONLINE","gender":"MALE","ageRange":"45-54","experience":"NEW"},"question":{"raw":{"text":"어 지원자님께서 입사 후에 이제 기존에 원하던 일을 하지 못하게 되실 수도 있습니다 그런 경우에는 어떻게 하시겠습니까 그렇게 하실 이유도 함께 말씀해 주시길 바랍니다","wordCount":24},"emotion":[],"intent":[]},"answer":{"raw":{"text":"제가 하려고 했던 일들을 못 하게 된다고 하면 어 당황스러울 것 같기는 합니다. 왜냐하면 저는 그 일들을 하기 위해서 그런 수많은 커리어들을 쌓아왔고 그것들을 잘 해결해내기 위한 그런 자격증도 따냈고 그것에 맞게 제가 회사의 경력도 쌓아놨는데 그것을 하지 못하게 된다고 하면 여태까지 제가 쌓아 놨던 모든 그런 이루어 놨던 것들은 물거품이 된다고 저는 그렇게 느껴질 것 같습니다. 수년 동안 쌓아왔던 것들이 물거품이 된다 라고 하는 것은 제가 이 회사에 그렇게 꼭 다녀야 될 이유가 있는 것인가 라는 생각으로도 이어질 수도 있을 것 같아요. 그래서 음 이거는 면접 자리에서 정확하게 제가 말씀을 드려야 될 것 같습니다. 제가 만약에 여기서 떨어진다고 하더라도 저는 제가 그 일을 해야 되기 때문에 그 일을 시키지 않으실 거라면 합격을 시켜주시지 않아도 저는 괜찮을 것 같습니다. 네","wordCount":120},"emotion":[],"intent":[{"text":"","expression":"","category":"attitude"}],"summary":{"text":"저는 수많은 커리어를 쌓아왔고 그것을 해결해내기 위한 자격증도 따냈습니다. 그것을 하지 못하게 된다고 한다면 그동안 쌓아왔던 모든 것들은 물거품이 된다고 느껴져서 저는 합격을 시켜주시지 않아도 될 것 같습니다.","wordCount":28}}},"rawDataInfo":{"question":{"fileFormat":"wav","fileSize":547918,"duration":17120,"samplingBit":16,"channelCount":1,"samplingRate":"16kHz","audioPath":"/Mock/02.SalesMarketing/Male/New/ckmk_q_sm_m_n_206557.wav"},"answer":{"fileFormat":"wav","fileSize":2640398,"duration":82510,"samplingBit":16,"channelCount":1,"samplingRate":"16kHz","audioPath":"/Mock/02.SalesMarketing/Male/New/ckmk_a_sm_m_n_206557.wav"}}}