{"version":"1.0","dataSet":{"info":{"date":"20230116","occupation":"SM","channel":"MOCK","place":"ONLINE","gender":"MALE","ageRange":"-34","experience":"NEW"},"question":{"raw":{"text":"현대인들은 하루 평균 세 번 정도 거짓말을 하고 산다는 이야기가 있습니다 지원자님께서 해보신 거짓말 중에 가장 기억에 남는 거짓말은 무엇인지 궁금합니다","wordCount":21},"emotion":[],"intent":[]},"answer":{"raw":{"text":"현대인은 하루에 평균 세 번 거짓말을 하고 산다고 합니다. 지원자님께서 해 본 가장 기억에 남는 거짓말은 무엇인가요 라고 이렇게 질문을 해주셨는데요. 어 저도 선의의 거짓말이나 진짜 거짓말이나 거짓말을 해본 기억이 어 적진 않은 것 같습니다. 그런데 그중에서도 해본 거짓말 중에 가장 기억에 남는 거짓말이라고 하면은 옛날에 어 친구 생일 파티를 위해서 어 친구들이 모여서 회의를 하고 있었는데 인제 회의를 하고 인제 그 생일을 축하해주고 서프라이즈로 하기 위해서 인제 준비를 하고 있었는데 갑자기 친구가 어 온다는 소식을 듣고 어 인제 오지 말라고 어 잠깐 딴 데 가 있으라고 우리 할 얘기가 있다 이런 식으로 말하면서 얼버무리면서 어 친구에게 거짓말 해본 기억이 있습니다. 뭐 선의의 거짓말이긴 하지만 결론적으로 어 굉장히 좋게 어 마무리가 됐고 친구도 굉장히 좋아했습니다. 친구가 눈치를 챘을 진 모르겠지만 확실히 그런 선의의 거짓말은 필요하다고 생각하고 어 필요한 상황에 마다 어 거짓말을 조금씩 써도 될 것 같다 라고 생각했습니다.","wordCount":139},"emotion":[],"intent":[{"text":"","expression":"","category":"attitude"}],"summary":{"text":"친구 생일 파티를 서프라이즈로 해주기 위해 친구에게 거짓말 해본 기억입니다. 결론적으로 굉장히 좋게 마무리 됐고 친구도 굉장히 좋아했습니다. 확실히 그런 선의의 거짓말은 필요하다고 생각하고 필요한 상황에 마다 조금씩 써도 될 것 같다 라고 생각했습니다.","wordCount":34}}},"rawDataInfo":{"question":{"fileFormat":"wav","fileSize":522318,"duration":16320,"samplingBit":16,"channelCount":1,"samplingRate":"16kHz","audioPath":"/Mock/02.SalesMarketing/Male/New/ckmk_q_sm_m_n_192605.wav"},"answer":{"fileFormat":"wav","fileSize":2757838,"duration":86180,"samplingBit":16,"channelCount":1,"samplingRate":"16kHz","audioPath":"/Mock/02.SalesMarketing/Male/New/ckmk_a_sm_m_n_192605.wav"}}}