{"version":"1.0","dataSet":{"info":{"date":"20230116","occupation":"SM","channel":"MOCK","place":"ONLINE","gender":"MALE","ageRange":"-34","experience":"NEW"},"question":{"raw":{"text":"우리 회사에 입사를 했더니 업무 내용이나 강도가 예상했던 것과 전혀 다르다면 지원자님께서는 어떻게 하시겠습니까","wordCount":14},"emotion":[],"intent":[]},"answer":{"raw":{"text":"만약 회사에 입사를 해서 제가 생각했던 업무 내용이나 업무 강도가 제 예상과 다르다면 우선 당황은 하겠지만 적응할 수 있도록 열심히 하겠습니다. 왜냐하면 저는 아직 신입 사원이기 때문에 당연히 제가 생각하는 회사와 실제 회사가 다를 수 있다고 생각하기 때문입니다. 특히 업무 내용 같은 경우에는 인사 담당자가 저에 대해서 잘 파악하고 제가 잘 맞는 업무 제가 소화할 수 있는 업무 강도로 일을 줄 것이라고 생각하기 때문에 우선은 우직하게 열심히 하겠습니다. 하지만 시간이 많이 지났는데도 불구하고 이 업무 내용이나 강도가 상식 밖이라면 그때는 회사에서 일하기가 어려울 거 같습니다. 따라서 이 업무 내용이나 강도에 대해서 담당자와 면담을 하고 만약 개선되지 못한다면 정말 안타깝고 죄송하지만 퇴사해야 할 거 같습니다.","wordCount":104},"emotion":[],"intent":[{"text":"","expression":"","category":"attitude"}],"summary":{"text":"저는 아직 신입 사원이기 때문에 회사와 실제 회사가 다를 수 있다고 생각하기 때문에 업무 내용이나 강도가 상식 밖이라면 회사에서의 일하기가 어려울 것 같습니다. 따라서 이 내용에 대해 담당자와 면담을 하고 개선되지 못하면 퇴사해야 할 것 같다고 생각합니다.","wordCount":37}}},"rawDataInfo":{"question":{"fileFormat":"wav","fileSize":544078,"duration":17000,"samplingBit":16,"channelCount":1,"samplingRate":"16kHz","audioPath":"/Mock/02.SalesMarketing/Male/New/ckmk_q_sm_m_n_180624.wav"},"answer":{"fileFormat":"wav","fileSize":2631758,"duration":82240,"samplingBit":16,"channelCount":1,"samplingRate":"16kHz","audioPath":"/Mock/02.SalesMarketing/Male/New/ckmk_a_sm_m_n_180624.wav"}}}