{"version":"1.0","dataSet":{"info":{"date":"20230116","occupation":"SM","channel":"MOCK","place":"ONLINE","gender":"MALE","ageRange":"-34","experience":"NEW"},"question":{"raw":{"text":"어 지금까지 살면서 가장 힘들었던 경험은 무엇인가요 그리고 그것을 어떻게 극복하셨는지도 궁금합니다 어 자세하게 설명해 주세요","wordCount":16},"emotion":[],"intent":[]},"answer":{"raw":{"text":"제가 살아오면서 가장 힘들었던 경험은 대학교 졸업 후 바로 취직에 성공한 그때였습니다. 저는 대학교 사 년 굉장히 특수한 학과를 졸업했는데요. 우연치 않게도 굉장히 좋은 기회가 찾아와 졸업 전 취업이 된 상태로 졸업을 하고 바로 취업을 할 수 있었습니다. 스물 네 살에 나이에 바로 일을 시작했지만 그때 당시 첫 직장은 굉장히 업무 환경이 힘들고 외로운 그런 곳이었는데요. 그래서 저는 이 직업이 계속 제가 갖고 있는 것이 맞는 것인지 계속 고민하게 되었고 육 개월 정도 일을 하고 바로 퇴사를 하게 되었습니다. 하지만 제가 사 년 동안 배운 것을 모두 버리고 다른 곳으로 가야 했을 때 그리고 군대 문제도 남아있었기 때문에 저는 거의 우울증이 걸리다시피 힘들었는데요. 그 당시 저와 말고도 또 다르게 힘들어하는 친구들이 있어서 같이 계획을 세우고 다른 분야로 나가기로 생각을 했습니다. 공부가 필요한 것은 계획을 세우고 군대 가기 전 공부 군대에 가서 할 공부 군대를 전역하고 나서 공부를 미리 정리하여 플랜대로 쭉 공부를 해서 원하고자 하는 기업의 다시 두 번째 직장을 갈 수 있었습니다.","wordCount":153},"emotion":[{"text":"제가 살아오면서 가장 힘들었던 경험은 대학교 졸업 후 바로 취직에 성공한 그때였습니다.","expression":"u-fact","category":"neutral"},{"text":"저는 대학교 사 년 굉장히 특수한 학과를 졸업했는데요.","expression":"u-fact","category":"neutral"},{"text":"하지만 제가 사 년 동안 배운 것을 모두 버리고 다른 곳으로 가야 했을 때 그리고 군대 문제도 남아있었기 때문에 저는 거의 우울증이 걸리다시피 힘들었는데요.","expression":"n-sadness","category":"positive"}],"intent":[{"text":"","expression":"","category":"attitude"}],"summary":{"text":"저는 스물 네 살에 첫 직장은 굉장히 외로운 곳이었습니다. 그래서 이 직업이 맞는 것인지 고민하다가 육개월 정도 일을 하고 바로 퇴사했습니다. 하지만 배운 것을 모두 버리고 다른 곳으로 가야 했을 때 그리고 군대 문제도 남아있었기 때문에 우울증에 걸리다시피 했습니다. 공부가 필요한 것은 계획을 세우고 꾸준히 공부를 해서 다시 두 번째 직장을 갈 수 있었습니다.","wordCount":54}}},"rawDataInfo":{"question":{"fileFormat":"wav","fileSize":536718,"duration":16770,"samplingBit":16,"channelCount":1,"samplingRate":"16kHz","audioPath":"/Mock/02.SalesMarketing/Male/New/ckmk_q_sm_m_n_212713.wav"},"answer":{"fileFormat":"wav","fileSize":2852238,"duration":89130,"samplingBit":16,"channelCount":1,"samplingRate":"16kHz","audioPath":"/Mock/02.SalesMarketing/Male/New/ckmk_a_sm_m_n_212713.wav"}}}