{"version":"1.0","dataSet":{"info":{"date":"20230116","occupation":"SM","channel":"MOCK","place":"ONLINE","gender":"MALE","ageRange":"-34","experience":"NEW"},"question":{"raw":{"text":"다양한 사람들과 함께 일을 하다 보면 그 구성원들과 갈등이 생길 일이 많습니다 어 이럴 때 보통 어떻게 해결을 하시는지 말씀해 주시기 바랍니다","wordCount":22},"emotion":[],"intent":[]},"answer":{"raw":{"text":"여러 사람들과 함께 일을 하다 보면 어쩔 수 없이 구성원들과 갈등이 생길 수밖에 없습니다. 저는 이럴 때 구성원들과 회식 자리를 마련해서 감정의 골을 해소하곤 합니다. 일을 하다가 갈등이 생겼을 때 회사 내에서 대화와 논리적인 절차를 통해 당장은 그 갈등을 해결할 수는 있습니다. 하지만 그렇다고 해서 이미 이 둘은 감정이 상했고 그 상한 감정을 치유하기 어렵습니다. 따라서 회사 밖에서 직장 동료가 아닌 사람 대 사람으로 허심탄회하게 서로의 생각과 감정을 이야기하고 맛있는 음식과 술과 함께 친해지면 구성원들끼리의 갈등이 완벽하게 사라지곤 합니다.","wordCount":79},"emotion":[],"intent":[{"text":"","expression":"","category":"attitude"}],"summary":{"text":"여러 사람들과 함께 일하다 보면 갈등이 생길 수밖에 없습니다. 이럴 때 구성원들과 회식 자리를 마련해서 감정의 골이 깊어진 감정을 해소하곤 합니다. 서로의 생각과 감정을 이야기하고 맛있는 음식과 술과 친해지면 갈등이 완전히 사라지곤 합니다.","wordCount":33}}},"rawDataInfo":{"question":{"fileFormat":"wav","fileSize":544078,"duration":17000,"samplingBit":16,"channelCount":1,"samplingRate":"16kHz","audioPath":"/Mock/02.SalesMarketing/Male/New/ckmk_q_sm_m_n_204109.wav"},"answer":{"fileFormat":"wav","fileSize":2519438,"duration":78730,"samplingBit":16,"channelCount":1,"samplingRate":"16kHz","audioPath":"/Mock/02.SalesMarketing/Male/New/ckmk_a_sm_m_n_204109.wav"}}}