{"version":"1.0","dataSet":{"info":{"date":"20230116","occupation":"SM","channel":"MOCK","place":"ONLINE","gender":"MALE","ageRange":"-34","experience":"NEW"},"question":{"raw":{"text":"역사 속에서 가장 존경하는 인물을 말씀해 주시구요 그리고 그 인물을 왜 가장 존경하는지 그 이유에 대해서도 말씀해 주시기 바랍니다","wordCount":19},"emotion":[],"intent":[]},"answer":{"raw":{"text":"저는 잔다르크라는 프랑스에 그 여성 인물을 굉장히 존경합니다. 왜냐하면 그때 당시만 해도 프랑스는 엄청난 남성 중심 귀족 중심의 사회였었습니다. 그러한 사회 중심에서 여성인 작은 여성인 잔다르크는 매우 큰 혁명을 일으키 일으켜 내었습니다. 그런 주류 사회에서 비주류인 너무나 그 작은 존재가 엄청난 큰 혁명을 일으켰다는 것은 지구를 뒤바꾸는 엄청난 힘이라고 생각을 합니다. 그런 힘은 인류에 많은 사람들에게 허락되지 않았습니다. 그렇게 허락 받은 특별한 존재들은 정말 너무 특별한 것 같습니다. 저도 그렇게 특별한 존재가 되어서 세상을 뒤엎을 수 있는 그런 사람이 되기를 항상 꿈을 꾸고 있습니다. 그 마음으로 저는 이 회사를 저의 첫 발판으로 시작을 도약하겠습니다.","wordCount":94},"emotion":[{"text":"저는 잔다르크라는 프랑스에 그 여성 인물을 굉장히 존경합니다.","expression":"p-affection","category":"positive"}],"intent":[{"text":"","expression":"","category":"attitude"}],"summary":{"text":"저는 잔다르크라는 프랑스 여성 인물을 굉장히 존경합니다. 그는 비주류였지만 큰 혁명을 일으켰고, 지구를 바꾸는 엄청난 힘이었습니다. 저는 그런 특별한 존재가 되어서 세상을 뒤엎을 수 있는 사람이 되고 싶습니다. 그 마음으로 회사를 첫 발판으로 도약하겠습니다.","wordCount":34}}},"rawDataInfo":{"question":{"fileFormat":"wav","fileSize":489678,"duration":15300,"samplingBit":16,"channelCount":1,"samplingRate":"16kHz","audioPath":"/Mock/02.SalesMarketing/Male/New/ckmk_q_sm_m_n_194494.wav"},"answer":{"fileFormat":"wav","fileSize":2522958,"duration":78840,"samplingBit":16,"channelCount":1,"samplingRate":"16kHz","audioPath":"/Mock/02.SalesMarketing/Male/New/ckmk_a_sm_m_n_194494.wav"}}}