{"version":"1.0","dataSet":{"info":{"date":"20230116","occupation":"SM","channel":"MOCK","place":"ONLINE","gender":"MALE","ageRange":"45-54","experience":"NEW"},"question":{"raw":{"text":"지원자님께서 지금까지 살아오면서 여러 가지 갈등 상황이 발생하셨을 텐데요 어 인생에서 겪었던 갈등들 중에서 가장 심각했던 갈등은 무엇이었는지 한 가지만 골라서 말씀해 주세요","wordCount":23},"emotion":[],"intent":[]},"answer":{"raw":{"text":"저는 방음 문제 때문에 상당히 고통을 받은 적이 있습니다. 제가 저의 공간에서 어떤 무언 것을 무언가를 개인 작업을 해야 될 때가 있었었는데 근데 제 개인 공간 옆에서 음악 트는 소리가 너무 커가지고 그 작업에 방해가 될 뻔한 적이 있었습니다. 네 지금도 들리고 있는데요. 이 영상 이 면접 영상에 그게 담길지는 모르겠지만 네 이 면접 중에 이렇게 음악이 들리는 거에 대해서 제 면접관님들께 조금 양해의 말씀은 드리겠습니다. 하지만 음악이 저렇게 들려도 이렇게 갈등을 겪었다 라는 저의 어떤 경험은 나눌 수 있으니까 그건 다행이라고 생각을 하고요. 그런 것들이 좀 잘 해결됐으면 좋겠습니다. 층간 소음 문제도 그렇고 이 방음 문제도 그렇고 사는 사람들이 서로에 대해서 조금만 배려를 해줄 수 있게 된다고 하면 충분히 그런 갈등은 봉합될 수 있을 것이라고 생각을 하고 있습니다.","wordCount":119},"emotion":[{"text":"저는 방음 문제 때문에 상당히 고통을 받은 적이 있습니다.","expression":"n-distress","category":"negative"}],"intent":[{"text":"","expression":"","category":"attitude"}],"summary":{"text":"층간 소음 문제도 있고 이 방음 문제도 있고 사는 사람들이 서로에 대해서 조금만 배려를 해준다면 충분히 갈등은 봉합될 수 있을 것이라고 생각을 하고 있습니다.","wordCount":24}}},"rawDataInfo":{"question":{"fileFormat":"wav","fileSize":652878,"duration":20400,"samplingBit":16,"channelCount":1,"samplingRate":"16kHz","audioPath":"/Mock/02.SalesMarketing/Male/New/ckmk_q_sm_m_n_206556.wav"},"answer":{"fileFormat":"wav","fileSize":2646798,"duration":82710,"samplingBit":16,"channelCount":1,"samplingRate":"16kHz","audioPath":"/Mock/02.SalesMarketing/Male/New/ckmk_a_sm_m_n_206556.wav"}}}