{"version":"1.0","dataSet":{"info":{"date":"20230116","occupation":"SM","channel":"MOCK","place":"ONLINE","gender":"MALE","ageRange":"-34","experience":"NEW"},"question":{"raw":{"text":"전공 외에 자신이 수준급의 실력이 될 정도로 노력해 본 것이 있는지요 어 있다면 어떤 것이었는지 또 전공과 관련해서 어떤 도움을 주는지도 말씀해 주시기 바랍니다","wordCount":24},"emotion":[],"intent":[]},"answer":{"raw":{"text":"저는 달리기만큼은 이 세상 그 어느 누구보다 잘 뛴다고 할 수 있습니다. 잘 뛴다고 하는 개념에는 절대적인 수치로 어떤 마라톤 선수나 단거리 달리기 선수들처럼 잘 뛴다는 그 개념이 아니라 제 입장에서 잘 뛴다는 것입니다. 가장 주관적인 것이 가장 세계적인 것이 된다 그런 논리입니다. 그렇게 말씀드리는 이유는 저는 달리게 하는 것을 굉장히 좋아합니다. 달릴 때 저는 엄청난 해소감을 느낍니다. 그 해소감은 저를 무척 단단하게 유지시켜 줍니다. 그 단단한 유지력을 바탕으로 저는 많은 것들을 해낼 수 있었고 그 달리기를 통해서 얻는 신체와 건강한 에너지를 바탕으로 저는 항상 모든 순간들을 잘 이겨낼 수 있었습니다. 이런 의미에서 저는 달리기를 저에 생활에 아주 잘 접목시키고 있다고 확신할 수 있습니다.","wordCount":104},"emotion":[],"intent":[{"text":"","expression":"","category":"attitude"}],"summary":{"text":"저는 달리기를 굉장히 좋아합니다. 달릴 때 저는 엄청난 해소감을 느낍니다. 그 해소감을 바탕으로 단단한 유지력을 바탕으로 많은 것들을 해낼 수 있었고 그 달리기를 통해서 얻는 신체와 건강한 에너지를 바탕으로 항상 모든 순간들을 잘 이겨낼수 있었습니다.","wordCount":35}}},"rawDataInfo":{"question":{"fileFormat":"wav","fileSize":537038,"duration":16780,"samplingBit":16,"channelCount":1,"samplingRate":"16kHz","audioPath":"/Mock/02.SalesMarketing/Male/New/ckmk_q_sm_m_n_194495.wav"},"answer":{"fileFormat":"wav","fileSize":2293838,"duration":71680,"samplingBit":16,"channelCount":1,"samplingRate":"16kHz","audioPath":"/Mock/02.SalesMarketing/Male/New/ckmk_a_sm_m_n_194495.wav"}}}