{"version":"1.0","dataSet":{"info":{"date":"20230116","occupation":"SM","channel":"MOCK","place":"ONLINE","gender":"MALE","ageRange":"-34","experience":"NEW"},"question":{"raw":{"text":"만약 면접자님께서 상사가 회사의 이익에 반하는 행동을 하는 것을 직접 목격하게 되었습니다 그때 어떻게 행동하실 건가요","wordCount":16},"emotion":[],"intent":[]},"answer":{"raw":{"text":"상사가 회사에 이익에 반하는 행동을 한다면 저는 우선 상사에게 지금 하신 행동이 우리 회사의 이익에 맞지 않는 행동이란 것을 아는지 여쭤볼 거 같습니다. 그때 상사가 알면서도 행동을 한다면 어쩔 수 없이 회사 감사 팀이나 혹은 다른 직장 상사에게 이 사실을 알릴 거 같습니다. 왜냐하면 아무리 그 상사가 좋은 사람이고 저와 친밀한 관계를 유지했더라도 회사의 이익을 가져다 주지 않는다면 저는 회사의 입장에서 그 상사를 벌줘야 할 의무가 있기 때문입니다. 저는 회사의 직원으로서 회사의 이익을 지키는 것이 가장 중요하다고 생각하는데요. 따라서 상사가 회사에 이익에 반하는 행동을 한다면 저는 회사에 충성하는 사람이지 상사에 충성하는 사람이 아니기 때문에 그 상사를 직접 고발할 거 같습니다.","wordCount":100},"emotion":[{"text":"저는 회사의 직원으로서 회사의 이익을 지키는 것이 가장 중요하다고 생각하는데요.","expression":"u-belief","category":"neutral"}],"intent":[{"text":"저는 회사의 직원으로서 회사의 이익을 지키는 것이 가장 중요하다고 생각하는데요.","expression":"c_sincere_co","category":"etc"}],"summary":{"text":"상사가 회사의 이익에 반하는 행동을 한다면 저는 회사 감사 팀이나 다른 직장 상사에게 이 사실을 알릴 것입니다. 상사가 좋은 사람이고 친밀한 관계를 유지했더라도 회사의 이익을 가져다 주지 않는다면 그 상사를 벌줘야 할 의무가 있기 때문입니다.","wordCount":35}}},"rawDataInfo":{"question":{"fileFormat":"wav","fileSize":362958,"duration":11340,"samplingBit":16,"channelCount":1,"samplingRate":"16kHz","audioPath":"/Mock/02.SalesMarketing/Male/New/ckmk_q_sm_m_n_180632.wav"},"answer":{"fileFormat":"wav","fileSize":2745038,"duration":85780,"samplingBit":16,"channelCount":1,"samplingRate":"16kHz","audioPath":"/Mock/02.SalesMarketing/Male/New/ckmk_a_sm_m_n_180632.wav"}}}