{"version":"1.0","dataSet":{"info":{"date":"20230116","occupation":"SM","channel":"MOCK","place":"ONLINE","gender":"MALE","ageRange":"-34","experience":"NEW"},"question":{"raw":{"text":"지원자님만의 스트레스 해소 방법이 있으신가요 그것은 무엇이고 왜 그 방법으로 스트레스를 해소하시는지도 말씀 부탁드립니다","wordCount":14},"emotion":[],"intent":[]},"answer":{"raw":{"text":"저는 스트레스를 받을 때 운동을 하면서 스트레스를 해소하고 있습니다. 특히 운동 중에도 배드민턴을 자주 치고 있습니다. 배드민턴을 치다보면 아들레날린도 분비되고 스트레스도 해소되는 기분이 들어서 배드민턴을 치면서 스트레스를 해소하고 있습니다. 배드민턴을 치다보면 다양한 사람들도 만나고 커뮤니케이션도 하기 때문에 제가 영업 사원으로서 커뮤니케이션 능력 또한 발전하는 것 같습니다. 운동을 하면서 스트레스도 풀고 영업사원으로서의 커뮤니케이션 능력 또한 같이 향상되기 때문에 일거양득에 취미생활을 하고 있다고 생각합니다.","wordCount":62},"emotion":[],"intent":[{"text":"","expression":"","category":"attitude"}],"summary":{"text":"저는 스트레스를 받을 때 운동 중에 셔틀버스를 타면서 스트레스를 해소하고 있습니다. 운동으로 스트레스도 풀고 커뮤니케이션 능력 또한 향상되기 때문에 일거양득에 취미생활을 하고 있다고 생각합니다.","wordCount":24}}},"rawDataInfo":{"question":{"fileFormat":"wav","fileSize":618958,"duration":19340,"samplingBit":16,"channelCount":1,"samplingRate":"16kHz","audioPath":"/Mock/02.SalesMarketing/Male/New/ckmk_q_sm_m_n_236168.wav"},"answer":{"fileFormat":"wav","fileSize":2163918,"duration":67620,"samplingBit":16,"channelCount":1,"samplingRate":"16kHz","audioPath":"/Mock/02.SalesMarketing/Male/New/ckmk_a_sm_m_n_236168.wav"}}}