{"version":"1.0","dataSet":{"info":{"date":"20230116","occupation":"SM","channel":"MOCK","place":"ONLINE","gender":"MALE","ageRange":"-34","experience":"NEW"},"question":{"raw":{"text":"지원자께서는 만약 위에서 과도한 실적 압박이 있을 경우 그것에 대해 어떻게 대처하실 것인가요","wordCount":13},"emotion":[],"intent":[]},"answer":{"raw":{"text":"만약 상사가 실적에 대해 과도하게 압박을 한다면 첫 번째는 그 압박을 받아들이고 최대한 실적을 내도록 해 보겠습니다. 상사는 저보다 경험이 많고 업계에 상황이나 흐름에 대해서 잘 알고 있습니다. 그렇기 때문에 저에게 과도하게 압박을 한다 고 해도 제가 실제로 달성할 수 있는 실적이라는 것을 알고 저에게 자극을 주고 동기부여를 주기 위해서 그렇게 행동한다고 생각합니다. 그래서 첫 번째는 최대한 그 실적을 달성할 수 있도록 노력하겠습니다. 하지만 제가 아무리 노력해도 현실적으로 달성하기 어려운 실적이라면 상사와의 면담을 통해 상사의 진심을 알아내겠습니다. 상사가 저에게 감정적인 골이 있을 수도 있고 또 다른 이유로 저에게 압박을 주는 것일 수도 있습니다. 그렇기 때문에 두 가지 방향으로 행동하겠습니다.","wordCount":99},"emotion":[],"intent":[{"text":"","expression":"","category":"attitude"}],"summary":{"text":"상사가 실적에 대해 과도하게 압박을 한다면 최대한 실적을 내도록 하겠습니다. 현실적으로 달성하기 어려운 실적이라면 상사와의 면담을 통해 상사의 진심을 알아내겠습니다. 상사의 감정적인 골이 있을 수도 있고 다른 이유로 압박을 주는 것일 수도 있습니다.","wordCount":33}}},"rawDataInfo":{"question":{"fileFormat":"wav","fileSize":288398,"duration":9010,"samplingBit":16,"channelCount":1,"samplingRate":"16kHz","audioPath":"/Mock/02.SalesMarketing/Male/New/ckmk_q_sm_m_n_196497.wav"},"answer":{"fileFormat":"wav","fileSize":2873678,"duration":89800,"samplingBit":16,"channelCount":1,"samplingRate":"16kHz","audioPath":"/Mock/02.SalesMarketing/Male/New/ckmk_a_sm_m_n_196497.wav"}}}