{"version":"1.0","dataSet":{"info":{"date":"20230116","occupation":"SM","channel":"MOCK","place":"ONLINE","gender":"MALE","ageRange":"35-44","experience":"NEW"},"question":{"raw":{"text":"네 협업을 해야 할 일이 많이 생길 수 있는데요 혹시 이전에 직장에서나 대학에서 그 협업을 하실 때 어려운 점을 겪으신 적이 있는지요 어 그 당시의 상황을 한번 말씀해 주시겠습니까","wordCount":29},"emotion":[],"intent":[]},"answer":{"raw":{"text":"협업을 할 일이 많이 생길 수 있는데 이전 직장 또는 대학에서 협업을 할 때 어려운 점은 없었는지 질문을 하셨습니다. 협업을 하면서 어려운 일이 없을 수가 없죠. 특히나 협업을 한다는 것은 여러 사람과 의견을 같이 해야 하거나 여러 사람의 의견을 수렴하여 진행을 해야 하기 때문이죠. 각기 다른 생각을 가지고 동일한 협업을 한다는 것은 누구에게나 큰 부담이 될 수 밖에 없습니다. 직장에서 협업을 하거나 대학에서 과제를 협업을 통해 진행을 해야 하는 경우 누구나 그렇듯 가장 어려운 문제점이 발생을 한다면 그것은 거의 의견 충돌 그리고 어 한 사람의 잘못된 행동 등등이 이유가 될 것입니다. 저 역시도 협업을 하면서 마음고생을 많이 했었던 경험이 있기 때문에 누구보다도 더 생각을 깊이 하는 편입니다.","wordCount":107},"emotion":[],"intent":[{"text":"","expression":"","category":"attitude"}],"summary":{"text":"협업은 여러 사람과 의견을 같이 해야 하거나 여러 사람의 의견을 수렴하여 진행을 해야 하기 때문에 어려운 일이 많을 수 밖에 없습니다. 특히 협업을 하면서 어려운 일은 서로 다른 생각을 가지고 동일한 협업을 한다는 것은 누구에게나 큰 부담이 될 수 있습니다.","wordCount":40}}},"rawDataInfo":{"question":{"fileFormat":"wav","fileSize":535118,"duration":16720,"samplingBit":16,"channelCount":1,"samplingRate":"16kHz","audioPath":"/Mock/02.SalesMarketing/Male/New/ckmk_q_sm_m_n_196820.wav"},"answer":{"fileFormat":"wav","fileSize":2911438,"duration":90980,"samplingBit":16,"channelCount":1,"samplingRate":"16kHz","audioPath":"/Mock/02.SalesMarketing/Male/New/ckmk_a_sm_m_n_196820.wav"}}}