{"version":"1.0","dataSet":{"info":{"date":"20230116","occupation":"SM","channel":"MOCK","place":"ONLINE","gender":"MALE","ageRange":"-34","experience":"NEW"},"question":{"raw":{"text":"본인만의 스트레스 해소 방법이 있다면 무엇입니까 왜 그 방법으로 스트레스를 해소하시는지도 함께 말씀해 주세요","wordCount":14},"emotion":[],"intent":[]},"answer":{"raw":{"text":"저만의 스트레스 해소 방법은 바로 운동을 하는 것입니다. 그 이유는 여러 가지가 있는데요 첫 번째 이유는 운동이야말로 가장 접근성이 좋은 취미이기 때문입니다. 저는 주로 축구를 하거나 등산을 하면서 스트레스를 풉니다. 서울에는 등산하기 좋은 산들이 참 많이 있고 운동하기 좋은 운동장들 축구하기 좋은 축구장들이 굉장히 많습니다. 그래서 접근성이 좋은 운동이라는 취미로 쉽게 스트레스를 풀 수 있습니다. 두 번째는 운동을 하면서 체력을 기를 수 있다는 것입니다. 운동을 하면 많이 뛰고 많이 걷고 많이 움직이면서 체력적으로 성장할 수 있습니다. 그래서 일을 할 때에도 쉽게 지치지 않게 됩니다. 마지막 세 번째 이유는 운동을 하면 인간관계가 참 넓어지기 때문입니다. 운동은 새로운 사람들을 만날 수 있는 기회가 되기도 하는데요 그래서 견문을 넓힐 수 있다는 것이 또 하나의 큰 장점입니다.","wordCount":113},"emotion":[],"intent":[{"text":"","expression":"","category":"attitude"}],"summary":{"text":"스트레스 해소 방법으로 운동은 접근성이 좋고, 체력을 기를 수 있으며, 인간관계를 넓힐 수 있다는 장점이 있어 저만의 스트레스 해소 방법이 되고 있습니다.","wordCount":22}}},"rawDataInfo":{"question":{"fileFormat":"wav","fileSize":337038,"duration":10530,"samplingBit":16,"channelCount":1,"samplingRate":"16kHz","audioPath":"/Mock/02.SalesMarketing/Male/New/ckmk_q_sm_m_n_196792.wav"},"answer":{"fileFormat":"wav","fileSize":2815438,"duration":87980,"samplingBit":16,"channelCount":1,"samplingRate":"16kHz","audioPath":"/Mock/02.SalesMarketing/Male/New/ckmk_a_sm_m_n_196792.wav"}}}