{"version":"1.0","dataSet":{"info":{"date":"20230116","occupation":"SM","channel":"MOCK","place":"ONLINE","gender":"MALE","ageRange":"55-","experience":"NEW"},"question":{"raw":{"text":"지금부터 삼 년 뒤까지 삼 년 내에 주로 이루고 싶은 목표나 성장 계획이 따로 있나요 어떤 목표를 가지고 계신지 말씀해 주세요","wordCount":21},"emotion":[],"intent":[]},"answer":{"raw":{"text":"어 저는 이번 프로젝트를 굉장히 중요하게 생각을 합니다. 이번 프로젝트를 통해서 어 내가 이 일을 완수해 냈구나 라고 하는 하나의 그 목표 달성에 대한 부분도 있고요. 이것이 아마 디딤돌이 되면 삼 년 간의 주요 성장 계획에 대한 목표가 뚜렷이 나올 수 있을 것 같아요. 저는 일단은 다음 프로젝트에 대한 기대감도 있고요. 두 번째로는 제가 어 현재 그 중고등학교 학생들에게 사 차 산업과 관련된 컨텐츠 강의를 하고 있는데 이러한 부분들에 대한 것을 사업에 적용을 해서 컨설팅 사업도 할 수 있겠다 라는 생각을 하고 있습니다. 혹은 에버 형 피플과 에버 형 코리아에서 하고 있는 여러 프로젝트가 있다면 그 프로젝트에도 어 확장의 폭이 넓어지지 않을까 라는 생각을 하게 되는 것이죠. 그렇게 함으로써 그동안 제가 쌓아왔던 십 오 년 간의 아이티 경험과 또 약 십 이 년 간의 사회적 기업과 협동조합 그리고 어 엔지오 단체에서 일했던 이 경험을 하나로 합쳐서 시너지를 발휘할 수 있는 중요한 부분으로 갈 수 있다 라고 생각을 합니다. 감사합니다.","wordCount":149},"emotion":[],"intent":[{"text":"","expression":"","category":"attitude"}],"summary":{"text":"저는 이번 프로젝트가 디딤돌이 되면 삼 년 간의 주요 성장 계획에 대한 목표가 뚜렷이 나올 것이라고 생각하며, 중고등학교 학생들에게 사차 산업과 관련된 컨설팅 사업을 할 수 있겠다 라는 생각을 하며 그동안 쌓아왔던 아이티 경험과 사회적 기업과 협동조합, 어 엔지오 단체에서의 경험을 시너지로 발휘할 수 있을 것이라 생각합니다.","wordCount":47}}},"rawDataInfo":{"question":{"fileFormat":"wav","fileSize":610638,"duration":19080,"samplingBit":16,"channelCount":1,"samplingRate":"16kHz","audioPath":"/Mock/02.SalesMarketing/Male/New/ckmk_q_sm_m_n_246232.wav"},"answer":{"fileFormat":"wav","fileSize":2912078,"duration":91000,"samplingBit":16,"channelCount":1,"samplingRate":"16kHz","audioPath":"/Mock/02.SalesMarketing/Male/New/ckmk_a_sm_m_n_246232.wav"}}}