{"version":"1.0","dataSet":{"info":{"date":"20230116","occupation":"SM","channel":"MOCK","place":"ONLINE","gender":"MALE","ageRange":"-34","experience":"NEW"},"question":{"raw":{"text":"입사 후에 근무를 하면서 본인이 지원한 분야가 본인과 잘 맞지 않는다는 사실을 깨달았을 때 어떻게 하실 생각인지 말씀해 주시기 바랍니다","wordCount":20},"emotion":[],"intent":[]},"answer":{"raw":{"text":"제가 지원한 분야와 제가 잘 맞지 않다고 생각하는 그 사실 자체를 부정하겠습니다. 왜냐하면 그것은 인간에 어리석은 욕심이기 때문입니다. 해 보지도 않고 조금 더 진득하게 빠져 보지도 않고 아 이것이 나와 맞지 않다 라고 판단하는 것은 굉장히 섣부른 판단이라고 생각 생각합니다. 대학교에도 자율 전공이라는 것이 있습니다. 자율 전공이란 여러 가지 것들을 여러 가지 전공들을 체험을 해보고 그다음에 나에게 맞는 전공을 선택하는 그런 대학에 그런 제도입니다. 이런 제도에서도 볼 수 있듯이 우리 인간의 능력은 무한합니다. 어느 한 가지만 하게끔 인간은 태어나지 않았습니다. 우리는 많은 것들을 할 수 있기 때문에 그 많은 것들을 시도해 가는 과정에서 우리는 꼭 임계점에 부딪치게 됩니다. 그러나 그 임계점을 넘지 못하고 이것이 나와 잘 맞지 않다고 판단하는 것은 엄청난 뇌가 귀찮아하는 착각에 불과합니다.","wordCount":115},"emotion":[],"intent":[{"text":"","expression":"","category":"attitude"}],"summary":{"text":"인간의 능력은 무한하기 때문에 많은 것들을 시도해 가는 과정에서 반드시 임계점에 부딪치게 됩니다. 그러나 그 임계점을 넘지 못하고 이것이 나와 잘 맞지 않는다고 판단하는 것은 뇌 착각에 불과합니다.","wordCount":28}}},"rawDataInfo":{"question":{"fileFormat":"wav","fileSize":502798,"duration":15710,"samplingBit":16,"channelCount":1,"samplingRate":"16kHz","audioPath":"/Mock/02.SalesMarketing/Male/New/ckmk_q_sm_m_n_194501.wav"},"answer":{"fileFormat":"wav","fileSize":2588238,"duration":80880,"samplingBit":16,"channelCount":1,"samplingRate":"16kHz","audioPath":"/Mock/02.SalesMarketing/Male/New/ckmk_a_sm_m_n_194501.wav"}}}