{"version":"1.0","dataSet":{"info":{"date":"20230116","occupation":"SM","channel":"MOCK","place":"ONLINE","gender":"MALE","ageRange":"-34","experience":"NEW"},"question":{"raw":{"text":"대학 생활을 하면서 가장 힘들었던 경험은 무엇인가요 그것을 어떻게 극복했는지도 말씀해 주시기 바랍니다","wordCount":13},"emotion":[],"intent":[]},"answer":{"raw":{"text":"대학 생활을 하면서 가장 힘들었던 것은 아무래도 혼자라는 생각이었습니다. 또 혼자 외톨이가 되었던 경험이었습니다. 저는 상당히 대학을 늦게 들어간 편이기도 하였고 또 군대도 늦게 전역을 하였고 또 그리고 특유의 이제 성격도 그렇게 활발하지 못해서 항상 곧 곁 곁돌던 그런 삶을 살았습니다. 처음에는 동기들이 그것을 저를 알아봐주고 다가와주었으나 어느 순간 한 두 명씩 제가 군대를 가면서 다 떠나가게 되었고 결국에는 저는 혼자 남게 되었습니다. 그때 그 시절이 정말 힘들었었고 그때 저는 결심했습니다. 이 성격을 한 번 바꿔보자. 그 이후로 저와 같은 강의를 듣는 학생들에게 말을 걸었고 또 그들과 친 용기를 내서 친해질 수 있었고 그 결과 지금 이제 친한 몇 명과는 연락도 주고 만큼알 주고받을 만큼의 그런 막역한 사이가 되었는데요. 이 모든 것을 가능했던 거는 바로 조그마한 용기 한 걸음의 용기라고 저는 생각이 듭니다. 그 용기가 있었기에 지금의 저는 그때 저는 대학 생활을 무사히 잘 끝마칠 수 있었고 또 지금 이렇게 면접을 보는 제가 존재한다고 생각이 들기 때문입니다. 이상입니다.","wordCount":148},"emotion":[],"intent":[{"text":"저는 상당히 대학을 늦게 들어간 편이기도 하였고   또 군대도 늦게 전역을 하였고 또 그리고 특유의 이제 성격도 그렇게 활발하지 못해서 항상 곧 곁 곁돌던 그런 삶을 살았습니다.","expression":"c_private","category":"background"},{"text":"그 이후로 저와 같은 강의를 듣는 학생들에게 말을 걸었고 또 그들과 친 용기를 내서   친해질 수 있었고 그 결과 지금 이제 친한 몇 명과는 연락도 주고 만큼알 주고받을 만큼의 그런 막역한 사이가 되었는데요.","expression":"s_intp","category":"attitude"}],"summary":{"text":"대학 생활을 하면서 가장 힘들었던 것은 역시 혼자라는 생각이었습니다. 처음에는 동기들이 저를 알아봐주고 다가와주었으나 어느 순간 제가 군대를 가면서 다 떠나가게 되었고 결국에는 혼자 남게 되었습니다. 이 모든 것을 가능했던 것은 조그마한 용기 한 걸음의 용기입니다. 그 용기가 있었기에 지금 이렇게 면접을 보는 제가 존재한다고 생각됩니다.","wordCount":46}}},"rawDataInfo":{"question":{"fileFormat":"wav","fileSize":457038,"duration":14280,"samplingBit":16,"channelCount":1,"samplingRate":"16kHz","audioPath":"/Mock/02.SalesMarketing/Male/New/ckmk_q_sm_m_n_185365.wav"},"answer":{"fileFormat":"wav","fileSize":2585038,"duration":80780,"samplingBit":16,"channelCount":1,"samplingRate":"16kHz","audioPath":"/Mock/02.SalesMarketing/Male/New/ckmk_a_sm_m_n_185365.wav"}}}