{"version":"1.0","dataSet":{"info":{"date":"20230116","occupation":"SM","channel":"MOCK","place":"ONLINE","gender":"MALE","ageRange":"-34","experience":"NEW"},"question":{"raw":{"text":"네 지원자님께서는 시간이 남을 때 무엇을 하시는지 여쭤보고 싶습니다 또 그 일을 하는 이유는 또 어떻게 되시는지도 궁금합니다 어 사실 이렇게 시간이 남는 여가 시간에 하시는 그런 일들에 대해서 말씀해 주시면 되겠습니다","wordCount":32},"emotion":[],"intent":[]},"answer":{"raw":{"text":"저는 시간이 남을 때 넷플릭스를 통해서 최근 유행하는 드라마들을 보는 편입니다. 왜냐하면 영업을 하다 보면 처음 보는 사람들과 대화를 시작하는 것이 매우 중요한데 그럴 때 현재 유행하고 있는 드라마를 이야기하는 것이 가장 보편적이면서 쉬운 방법이기 때문입니다. 예를 들면 최근 오징어 게임이나 수리남과 같은 드라마들이 국민적인 사랑을 받으면서 정말 유행을 선도하고 있는데요. 이런 드라마들의 내용을 빗대어서 영업을 하거나 혹은 등장인물에 빗대어서 저를 설명하면 많은 사람들이 재미있어 하고 또 쉽게 저에 대해서 이해하는 모습을 봤습니다. 이러한 경험을 통해 많은 사람들이 관심을 가지는 드라마를 꼭 봐야 한다는 것을 알게 되었고 따라서 시간이 남을 때 휴식을 취하면서도 항상 일에 도움이 되는 드라마를 시청하는 편입니다.","wordCount":100},"emotion":[{"text":"예를 들면   최근 오징어 게임이나 수리남과 같은 드라마들이   국민적인 사랑을 받으면서 정말 유행을 선도하고 있는데요.","expression":"u-fact","category":"neutral"}],"intent":[{"text":"","expression":"","category":"attitude"}],"summary":{"text":"넷플릭스를 통해 최근 유행하는 드라마들을 보는 편인데, 그 이유는 처음 보는 사람과 대화를 할 때 현재 유행하고 있는 드라마들을 말하는 것이 가장 보편적이면서 쉬운 방법이기 때문입니다.","wordCount":26}}},"rawDataInfo":{"question":{"fileFormat":"wav","fileSize":627918,"duration":19620,"samplingBit":16,"channelCount":1,"samplingRate":"16kHz","audioPath":"/Mock/02.SalesMarketing/Male/New/ckmk_q_sm_m_n_180885.wav"},"answer":{"fileFormat":"wav","fileSize":2759758,"duration":86240,"samplingBit":16,"channelCount":1,"samplingRate":"16kHz","audioPath":"/Mock/02.SalesMarketing/Male/New/ckmk_a_sm_m_n_180885.wav"}}}