{"version":"1.0","dataSet":{"info":{"date":"20230116","occupation":"SM","channel":"MOCK","place":"ONLINE","gender":"MALE","ageRange":"-34","experience":"NEW"},"question":{"raw":{"text":"요즘 고령화 사회로 가면서 치매로 인한 문제가 많이 대두되고 있는데 이에 대해 건보공단이 하는 일과 개선할 방안에 대해 말씀 부탁드리겠습니다","wordCount":20},"emotion":[],"intent":[]},"answer":{"raw":{"text":"고령화 사회로 가면서 치매로 인한 문제가 많이 생기고 있습니다. 이에 대해서 건보 공단은 많은 일을 하고 있습니다. 먼저 치매 환자에 대한 인식 개선 캠페인 또는 치매 환자를 위한 병원비 지원 이런 사업들을 하고 있고 또한 치매를 예방하기 위해서 어르신들에게 치매 예방법을 홍보하고 교육하면서 치매 예방과 치료에 직간접적으로 많은 도움을 주고 있습니다. 하지만 아쉬운 점은 치매 환자만큼 치매 환자를 돌보는 가족들에 대한 지원이 절실하게 필요한데 그 부분이 부족하다는 것입니다. 사랑하는 가족이 치매에 걸리면 치매 환자를 돌보는 가족들은 정말 큰 충격을 받습니다. 또한 그 시간이 길어지면 정신 질환이 올 수도 있는데요 따라서 건보공단은 치매 환자를 돌보는 치매 환자의 가족들에게도 지원을 해주는 것이 좋다고 생각합니다.","wordCount":102},"emotion":[],"intent":[{"text":"","expression":"","category":"attitude"}],"summary":{"text":"고령화 사회에서 치매는 큰 문제이며 건보공단은 인식 개선 캠페인, 치매 환자 병원비 지원 등의 사업을 하며 많은 도움을 주고 있습니다. 하지만 치매 환자만큼 치매 환자 가족을 위한 지원이 절실하게 필요한데, 그 부분이 부족합니다.","wordCount":33}}},"rawDataInfo":{"question":{"fileFormat":"wav","fileSize":409998,"duration":12810,"samplingBit":16,"channelCount":1,"samplingRate":"16kHz","audioPath":"/Mock/02.SalesMarketing/Male/New/ckmk_q_sm_m_n_197103.wav"},"answer":{"fileFormat":"wav","fileSize":2879438,"duration":89980,"samplingBit":16,"channelCount":1,"samplingRate":"16kHz","audioPath":"/Mock/02.SalesMarketing/Male/New/ckmk_a_sm_m_n_197103.wav"}}}