{"version":"1.0","dataSet":{"info":{"date":"20230116","occupation":"SM","channel":"MOCK","place":"ONLINE","gender":"MALE","ageRange":"-34","experience":"NEW"},"question":{"raw":{"text":"어 지원자님에게는 어떤 단점이 있을까요 어 본인이 생각하는 단점에 대해서 말씀해 주시고요 또 이를 보완하기 위해서 어떤 노력을 하셨는지도 함께 말씀해 주시기 바랍니다","wordCount":23},"emotion":[],"intent":[]},"answer":{"raw":{"text":"먼저 단점을 말씀드리기 전에 장점으로부터 어떻게 보면 단점이 비롯된다고 볼 수 있는데요. 우선 제 장점은 말을 굉장히 재미있고 조리 있게 정리를 잘한다는 것입니다. 낮을 가리지도 않고 외향적인 성격이기 때문에 저 같은 경우 처음 보는 사람들과의 자리에서도 말을 쉽게 리드를 하고 위트를 잘 섞고 주변 사람들은 정리까지 잘한다고들 얘기를 해 줍니다. 그래서 이제 단점을 말씀드리자면 이런 식으로 제가 대화를 이끌어가다 보면 자연스럽게 저는 말을 상대방들보다 훨씬 많이 하게 됩니다. 말을 많이 하게 되는 만큼 실수를 할 가능성도 높아지는 것이죠. 그래서 한 때는 그런 말을 하는 자리에서 말 실수를 해서 상대방의 기분을 상하게 한 적도 있습니다. 그런 것처럼 말을 해도 안 안 해도 되는 부분까지 말을 한다는 저의 단점이 있고요. 이를 보완하기 위해서 저는 말을 상대방과 처음 보는 사람과 혹은 굉장히 다수와 얘기를 해야 될 경우 한 마디 한 마디 이 말을 해도 되는지 일 초 정도 생각을 하고 말을 합니다. 그런 경우 말을 하는 딜레이는 생길 수 있지만 오히려 말 실수는 줄이는 방법이 될 수 있죠.","wordCount":155},"emotion":[],"intent":[{"text":"낮을 가리지도 않고 외향적인 성격이기 때문에 저 같은 경우 처음 보는 사람들과의 자리에서도 말을 쉽게 리드를 하고 위트를 잘 섞고 주변 사람들은 정리까지 잘한다고들 얘기를 해 줍니다.","expression":"c_person","category":"background"}],"summary":{"text":"외향적인 성격으로 말의 재미와 조리있게 정리를 잘하며, 대화를 이끌어가다 보면 말을 상대방들보다 훨씬 많이 하게 되고, 말을 안 해도 되는 부분까지 말을 한다는 단점이 있습니다. 이를 보완하기 위해 말을 상대방과 많이 해야 될 경우 한 마디 한 마디 이 말을 해도 되는지 일 초 정도 생각을 하며 말을 합니다.","wordCount":49}}},"rawDataInfo":{"question":{"fileFormat":"wav","fileSize":514958,"duration":16090,"samplingBit":16,"channelCount":1,"samplingRate":"16kHz","audioPath":"/Mock/02.SalesMarketing/Male/New/ckmk_q_sm_m_n_189112.wav"},"answer":{"fileFormat":"wav","fileSize":2893518,"duration":90420,"samplingBit":16,"channelCount":1,"samplingRate":"16kHz","audioPath":"/Mock/02.SalesMarketing/Male/New/ckmk_a_sm_m_n_189112.wav"}}}