{"version":"1.0","dataSet":{"info":{"date":"20230116","occupation":"SM","channel":"MOCK","place":"ONLINE","gender":"MALE","ageRange":"-34","experience":"NEW"},"question":{"raw":{"text":"어 우리 회사가 해외 무대로 진출을 한다면 어디로 진출하는 것이 좋을지 어 이유도 함께 말씀해 주세요","wordCount":16},"emotion":[],"intent":[]},"answer":{"raw":{"text":"우리 회사가 해외로 진출한다면 미국으로 진출하는 것이 가장 좋다고 생각합니다. 왜냐하면 미국은 명실상부 세계에서 가장 큰 시장을 가진 나라이기 때문입니다. 이렇게 세계가 집중하고 있는 미국 시장에서 우리 회사가 성과를 내고 자리를 잡는다면 우리 회사에 브랜드 파워나 인지도가 급상승하게 됩니다. 이런 것을 바탕으로 남미 유럽 아프리카 등 전 세계 모든 곳으로 진출할 수가 있습니다. 또한 현재 미국 사람들이 한국 문화에 빠지면서 한국 브랜드에 대한 호감도가 날이 갈수록 상승하고 있기 때문입니다. 국내 드라마들 국내 아이돌들이 미국에서 큰 인기를 얻으면서 한국 자체에 대한 인지도와 인기가 급상승하고 있습니다. 지금이 미국 시장에 진출하기 참 좋은 시기라고 할 수 있습니다. 그래서 우리 회사가 해외 무대로 진출한다면 미국으로 진출하는 것이 가장 좋다고 생각합니다.","wordCount":106},"emotion":[],"intent":[{"text":"","expression":"","category":"attitude"}],"summary":{"text":"세계 최대 시장을 가진 미국에서 성과를 내고 자리를 잡으면 브랜드 파워나 인지도가 급상승하게 됩니다. 또한 한국 문화에 빠져 한국 브랜드에 대한 호감도가 상승하고 있습니다. 그래서 우리 회사가 해외 진출한다면 미국으로 진출하는 것이 가장 좋다고 생각합니다.","wordCount":35}}},"rawDataInfo":{"question":{"fileFormat":"wav","fileSize":386638,"duration":12080,"samplingBit":16,"channelCount":1,"samplingRate":"16kHz","audioPath":"/Mock/02.SalesMarketing/Male/New/ckmk_q_sm_m_n_191063.wav"},"answer":{"fileFormat":"wav","fileSize":2695758,"duration":84240,"samplingBit":16,"channelCount":1,"samplingRate":"16kHz","audioPath":"/Mock/02.SalesMarketing/Male/New/ckmk_a_sm_m_n_191063.wav"}}}