{"version":"1.0","dataSet":{"info":{"date":"20230116","occupation":"SM","channel":"MOCK","place":"ONLINE","gender":"MALE","ageRange":"35-44","experience":"NEW"},"question":{"raw":{"text":"만일 거래처와 갈등이 생긴다면 지원자님께서는 어떤 방식으로 해결해 나갈 것인지 말씀해 주세요","wordCount":12},"emotion":[],"intent":[]},"answer":{"raw":{"text":"영업을 하다 보면 거래처와 갈등이 발생을 할 수 있습니다. 이런 상황을 어떻게 풀어나가는지 궁금해하셨습니다. 영업을 한다는 것은 저의 회사에서 거래처와의 거래를 성사시키기 위해 하는 모든 전반적인 업무가 영업입니다. 그러다 보면 서로 간의 적정 선의 질서와 거래 조건이 충족해야 하는데 저희가 제시한 조건과 거래처 간의 어 조건이 맞지 않으면 사소한 갈등이 발생을 하기도 합니다. 거래처와의 갈등이 발생을 하였을 때 어떠한 부분에서 어떤 조건을 제시하는지를 경청을 하고 저희 회사의 주장과 거래처 간의 주장의 격차를 따져 그리고 사회 전반적으로 형성되어 있는 여러 가지 가격 품질 그리고 비교 대상을 종합적인 분석을 토대로 서로 간의 조율이 가장 중요할 것입니다. 우리 회사의 이익만 챙길 것이 아니라 거래처의 의견도 충분히 존중해야만 좋은 거래가 성사될 수 있을 것입니다. 그러기 위해서는 배려심이 필요합니다.","wordCount":114},"emotion":[],"intent":[{"text":"","expression":"","category":"attitude"}],"summary":{"text":"영업으로 거래처와 갈등이 발생할 수 있습니다. 갈등 발생 시 어떤 부분에서 조건을 제시하는지 경청하고, 회사 주장과 거래처 간 주장의 격차를 따져 종합적 분석을 토대로 조율하는 것이 중요합니다. 거래처의 의견도 존중해야 좋은 거래가 성사될 수 있으므로 배려심이 필요합니다.","wordCount":37}}},"rawDataInfo":{"question":{"fileFormat":"wav","fileSize":307278,"duration":9600,"samplingBit":16,"channelCount":1,"samplingRate":"16kHz","audioPath":"/Mock/02.SalesMarketing/Male/New/ckmk_q_sm_m_n_230943.wav"},"answer":{"fileFormat":"wav","fileSize":3850958,"duration":120340,"samplingBit":16,"channelCount":1,"samplingRate":"16kHz","audioPath":"/Mock/02.SalesMarketing/Male/New/ckmk_a_sm_m_n_230943.wav"}}}