{"version":"1.0","dataSet":{"info":{"date":"20230116","occupation":"SM","channel":"MOCK","place":"ONLINE","gender":"MALE","ageRange":"-34","experience":"NEW"},"question":{"raw":{"text":"네 일을 하시다 보면 상사에게 어려운 지시를 받을 때도 있을 텐데요 어 만약 상사가 지원자님께 어려운 지시를 하게 된다면 어떻게 하시겠는지요 그 이유도 함께 말씀해 주시기 바랍니다","wordCount":27},"emotion":[],"intent":[]},"answer":{"raw":{"text":"일을 하다가 만약 상사에게 어려운 지시를 받는다면 우선은 열심히 하겠습니다. 왜냐하면 상사는 경험이 많고 또 저에 대해서 잘 알고 있기 때문에 제게 필요한 지시를 했다고 생각하기 때문입니다. 그래서 어려운 지시라고 하더라도 최대한 제가 할 수 있는 한 노력하겠습니다. 하지만 아무리 열심히 해도 제가 도저히 수행할 수 없는 지시라면 다른 이유가 있다는 것으로 생각해서 직장 상사와 면담을 시도할 것 같습니다. 만일 개인적으로 저에게 좋지 않은 감정이 있어서 저에게 골탕 먹일 생각으로 그런 지시를 했다면 대화를 통해서 문제를 해결할 것 같습니다. 왜냐하면 어려운 지시를 무작정 붙들고 있는 것은 저의 커리어에도 좋지 않기 때문입니다. 이런 과정을 통해서 상사와 소통하고 어려운 지시라도 끝까지 도전하는 그런 신입사원 되겠습니다.","wordCount":103},"emotion":[],"intent":[{"text":"","expression":"","category":"attitude"}],"summary":{"text":"어려운 지시를 받았을 때 열심히 하겠습니다. 하지만 수행할 수 없는 지시라면 면담을 시도할 것입니다. 어려운 지시를 무작정 붙들고 있는 것은 커리어에도 좋지 않기 때문입니다. 이런 과정을 통해 상사와 소통하고 어려운 지시라도 끝까지 도전하는 신입사원 되겠습니다.","wordCount":35}}},"rawDataInfo":{"question":{"fileFormat":"wav","fileSize":583758,"duration":18240,"samplingBit":16,"channelCount":1,"samplingRate":"16kHz","audioPath":"/Mock/02.SalesMarketing/Male/New/ckmk_q_sm_m_n_181052.wav"},"answer":{"fileFormat":"wav","fileSize":2730958,"duration":85340,"samplingBit":16,"channelCount":1,"samplingRate":"16kHz","audioPath":"/Mock/02.SalesMarketing/Male/New/ckmk_a_sm_m_n_181052.wav"}}}