{"version":"1.0","dataSet":{"info":{"date":"20230116","occupation":"SM","channel":"MOCK","place":"ONLINE","gender":"MALE","ageRange":"-34","experience":"NEW"},"question":{"raw":{"text":"일을 하다 보면 업무량이 과도하게 많아질 수도 있는데요 지원자님은 이런 과도한 업무량 속에서도 잘 버틸 자신이 있으신가요","wordCount":17},"emotion":[],"intent":[]},"answer":{"raw":{"text":"일을 하다 보면 업무량이 제가 생각했던 거보다 과도하게 많아지는 경우가 있는데요. 그래도 저는 이 업무들을 잘 처리해 낼 마음가짐이 되어 있습니다. 업무라는 것은 어떤 날엔 많고 어떤 날엔 적기도 합니다 우리가 업무가 적다고 해서 더 일을 많이 찾고 그렇게 하지 않듯이 일이 많다면 일이 많은 대로 열심히 하면 됩니다. 그래서 저는 빨리 성장하고 배울 수 있다는 마음가짐으로 많은 업무량을 즐겁게 처리할 수 있는 사람입니다. 하지만 이것이 저의 체력적인 문제가 생길 만큼 너무나도 과중하고 힘들다면 그때는 문제가 생길 수도 있습니다. 그 정도로 업무량이 많을 때는 직장 상사 혹은 인사 담당자와 면담을 통해 과도한 업무량을 지적하고 이에 대한 해결 방안을 함께 이야기하며 찾아보겠습니다. 이렇게 업무량과 업무 강도가 매우 강하더라도 저는 현명하게 대처할 자세가 되어 있습니다.","wordCount":113},"emotion":[],"intent":[{"text":"","expression":"","category":"attitude"}],"summary":{"text":"업무량이 많을 때는 직장 상사 혹은 인사 담당자와 면담을 통해 과도한 업무량을 지적하고 해결 방안을 함께 이야기하며 찾아보겠습니다. 이렇게 업무량과 업무 강도가 매우 강하더라도 저는 현명하게 대처할 자세가 되어 있습니다.","wordCount":30}}},"rawDataInfo":{"question":{"fileFormat":"wav","fileSize":586318,"duration":18320,"samplingBit":16,"channelCount":1,"samplingRate":"16kHz","audioPath":"/Mock/02.SalesMarketing/Male/New/ckmk_q_sm_m_n_190892.wav"},"answer":{"fileFormat":"wav","fileSize":2802638,"duration":87580,"samplingBit":16,"channelCount":1,"samplingRate":"16kHz","audioPath":"/Mock/02.SalesMarketing/Male/New/ckmk_a_sm_m_n_190892.wav"}}}