{"version":"1.0","dataSet":{"info":{"date":"20230116","occupation":"SM","channel":"MOCK","place":"ONLINE","gender":"MALE","ageRange":"-34","experience":"NEW"},"question":{"raw":{"text":"본인이 입사 후에 꼭 해보고 싶은 광고가 있다면 어떤 것이 있는지 설명해 주시겠습니까","wordCount":13},"emotion":[],"intent":[]},"answer":{"raw":{"text":"저는 요즘 꼭 광고를 해보고 싶은 것이 있는데요. 현재 우리나라엔 미국의 랩 힙합 문화가 굉장히 많이 들어와 있는 상태입니다. 랩 힙합 문화가 굉장히 건전한 것만 저희 나라에 들어왔으면 좋았겠지만 일부 마약에 대한 문화가 많이 들어왔고 현재 청소년들도 성인들도 마약을 굉장히 많이 하고 있다고 들었습니다. 이것은 굉장히 우리나라에서 대두되고 있는 큰 사회적 문제이고요. 이것과 관련해서 저는 치료할 수 있는 우리나라의 기반이 있다는 것을 광고하고 싶습니다. 그들이 자주 출몰할 수 있는 지하철 혹은 골목길 이런 곳에 저는 광고를 하고 싶고요. 치료할 수 있는 치료소가 있다는 것을 광고해 보고 싶습니다. 우리나라의 한창 성장기인 친구들 안 그래도 인구율이 굉장히 저조하죠. 출산율이 채 한 명이 안 되는 상태인데 이런 새 나라의 꿈나무들이 그런 것들에 중독이 돼서 삶을 망치는 것이 굉장히 보고 싶지 않습니다. 또한 그들이 많이 접할 수 있는 에스앤에스와 유튜브 채널도 개설해 관련 치료소가 있다는 것을 널리 알리고 관련된 도움을 주고 싶다는 생각을 많이 하게 되었습니다.","wordCount":142},"emotion":[{"text":"랩 힙합 문화가 굉장히 건전한 것만 저희 나라에 들어왔으면 좋았겠지만 일부 마약에 대한 문화가 많이 들어왔고 현재 청소년들도 성인들도 마약을 굉장히 많이 하고 있다고 들었습니다.","expression":"u-fact","category":"neutral"},{"text":"치료할 수 있는 치료소가 있다는 것을 광고해 보고 싶습니다.","expression":"p-interest","category":"positive"},{"text":"우리나라의 한창 성장기인 친구들 안 그래도 인구율이 굉장히 저조하죠.","expression":"u-fact","category":"neutral"}],"intent":[{"text":"","expression":"","category":"attitude"}],"summary":{"text":"현재 우리나라에는 일부 마약에 대한 문화가 많이 들어와 있습니다. 이는 큰 사회적 문제이며, 치료할 수 있는 기반이 필요합니다. 그들이 자주 출몰하는 지하철 혹은 골목길 등에 광고를 하고 싶으며, 치료소가 있다는 것을 광고해 보고 싶습니다. 또한 에스앤에스와 유튜브 채널도 개설해 관련 치료소를 알리고 관련 도움을 주고 싶습니다.","wordCount":46}}},"rawDataInfo":{"question":{"fileFormat":"wav","fileSize":308878,"duration":9650,"samplingBit":16,"channelCount":1,"samplingRate":"16kHz","audioPath":"/Mock/02.SalesMarketing/Male/New/ckmk_q_sm_m_n_212714.wav"},"answer":{"fileFormat":"wav","fileSize":2877198,"duration":89910,"samplingBit":16,"channelCount":1,"samplingRate":"16kHz","audioPath":"/Mock/02.SalesMarketing/Male/New/ckmk_a_sm_m_n_212714.wav"}}}