{"version":"1.0","dataSet":{"info":{"date":"20230116","occupation":"SM","channel":"MOCK","place":"ONLINE","gender":"MALE","ageRange":"-34","experience":"NEW"},"question":{"raw":{"text":"어 지원자님께서 입사 후에 기존에 원하던 일을 하지 못하게 드실 수도 있습니다 어 이런 경우에는 어떻게 해야 하시겠습니까 그리고 그렇게 하실 이유도 함께 말씀해 주시기를 바랍니다","wordCount":26},"emotion":[],"intent":[]},"answer":{"raw":{"text":"제가 입사 후 기존에 원하던 일을 하지 못하게 되었을 때 우선은 저에게 주어진 일에 성실히 임하겠습니다.왜냐하면 저에게 일을 주는 저의 상사 혹은 인사 담당자는 그쪽 분야의 전문가기 때문에 저의 잠재력과 역량을 객관적으로 판단해서 다른 일을 주었다고 생각하기 때문입니다. 그래서 최대한 적응할 수 있도록 열심히 하겠습니다. 하지만 제가 최대한 적응하려고 노력해도 그 일이 제가 원하던 일이 아니고 저에게 맞지 않다는 것을 깨닫게 된다면 인사 담당자 혹은 상사와의 면담을 통해 제가 원했던 일로 다시 직무를 변경하고자 요청 드릴 것 같습니다. 왜냐하면 저는 영업 직무를 하기 위해 대학 시절부터 꾸준히 노력했고 저에게 영업 직무의 잠재력과 적성이 있다고 확신하기 때문입니다.","wordCount":96},"emotion":[],"intent":[{"text":"","expression":"","category":"attitude"}],"summary":{"text":"저는 대학 시절부터 영업 직무를 위해 꾸준히 노력해왔고 영업 직무의 잠재력과 적성이 있다고 확신하기 때문에 기존의 일을 하지 못하게 되었을 때 주어진 일에 성실히 임하겠습니다. 하지만 그 일이 맞지 않는다면 다시 직무를 변경하고자 요청 드리고 싶습니다.","wordCount":36}}},"rawDataInfo":{"question":{"fileFormat":"wav","fileSize":572878,"duration":17900,"samplingBit":16,"channelCount":1,"samplingRate":"16kHz","audioPath":"/Mock/02.SalesMarketing/Male/New/ckmk_q_sm_m_n_190428.wav"},"answer":{"fileFormat":"wav","fileSize":2673998,"duration":83560,"samplingBit":16,"channelCount":1,"samplingRate":"16kHz","audioPath":"/Mock/02.SalesMarketing/Male/New/ckmk_a_sm_m_n_190428.wav"}}}