{"version":"1.0","dataSet":{"info":{"date":"20230116","occupation":"SM","channel":"MOCK","place":"ONLINE","gender":"MALE","ageRange":"35-44","experience":"NEW"},"question":{"raw":{"text":"지원자님만의 스트레스 해소 방법이 있다면 무엇일까요 그리고 왜 그 방법으로 스트레스를 해소하게 되었는지도 말씀 부탁드리겠습니다","wordCount":15},"emotion":[],"intent":[]},"answer":{"raw":{"text":"저만의 스트레스 해소 방법을 물어보셨습니다. 왜 그 방법으로 스트레스를 해소하는지도 궁금해 하셨습니다. 저는 스트레스를 많이 받게 되면 그것을 풀기 위해 여러 가지 노력을 합니다. 술을 마시면서 해소도 해보고 영화를 보거나 영상 시청에 몰두하여 스트레스를 잊어버리기도 합니다. 낚시를 가거나 등산을 가거나 또는 동네 산책을 하면서도 떨쳐버릴 수가 있습니다. 여러 가지 수많은 스트레스 해소법이 있으나 제가 최근 들어 느낀 가장 좋은 해소법은 목욕을 하고 숙면을 취하는 거 그것이 최선의 선택이었습니다. 이유는 숙면을 취할 땐 아무런 스트레스를 받지 않습니다. 그리고 자고 일어나면 큰 스트레스도 많이 완화가 되어 있는 것을 느낄 수 있습니다. 시간이 해결을 하듯 숙면이 그 어려운 것을 스스로 분해하고 스트레스를 조금씩 완화시키는 작용을 한다는 것을 몸으로 정신적으로 느낄 수 있었기 때문입니다. 실제 경험해 본 스트레스 해소법 중에 가장 제가 추천하는 것은 숙면입니다 숙면.","wordCount":122},"emotion":[],"intent":[{"text":"","expression":"","category":"attitude"}],"summary":{"text":"저는 스트레스를 많이 받게 되면 그것을 풀기 위해 여러 가지 노력을 합니다. 최근 들어 가장 좋은 해소법은 목욕을 하고 숙면을 취하는 것이며 실제 경험해 본 스트레스 해소법 중에서 가장 추천하는 것은 숙면입니다.","wordCount":32}}},"rawDataInfo":{"question":{"fileFormat":"wav","fileSize":373838,"duration":11680,"samplingBit":16,"channelCount":1,"samplingRate":"16kHz","audioPath":"/Mock/02.SalesMarketing/Male/New/ckmk_q_sm_m_n_230952.wav"},"answer":{"fileFormat":"wav","fileSize":3772878,"duration":117900,"samplingBit":16,"channelCount":1,"samplingRate":"16kHz","audioPath":"/Mock/02.SalesMarketing/Male/New/ckmk_a_sm_m_n_230952.wav"}}}