{"version":"1.0","dataSet":{"info":{"date":"20230116","occupation":"SM","channel":"MOCK","place":"ONLINE","gender":"MALE","ageRange":"35-44","experience":"NEW"},"question":{"raw":{"text":"지원자는 영어를 말하는데 자신이 있습니까","wordCount":5},"emotion":[],"intent":[]},"answer":{"raw":{"text":"영업 일을 하다보면 외국인들과도 소통하는 경우가 있습니다. 저에게 영어에 좀 자신이 있는지 질문하셨습니다. 저는 영어로 외국인과 소통하는 데서 사실상 거의 불가능에 가까울 정도로 영어 실력이 약한 편입니다. 하지만 요즘 시대가 워낙 좋아진 덕에 문명에 이기를 조금 더 활용하여 앱이라든지 여러 가지 번역 프로그램을 사용하여 문자 또는 음성으로 번역된 내용을 충분히 잘 전달할 수 있어 쪼금 번거로울 수 있으나 간단명료하고 짧은 소통에는 크게 문제 될 것이 없이 원활하게 소통이 가능하지 않을까 생각을 합니다. 그래서 지금 저에 생각은 영어에 자신은 없으나 앱이나 번역 프로그램을 사용한 소통은 가능하다 라고 생각을 하고 있습니다.","wordCount":89},"emotion":[],"intent":[{"text":"","expression":"","category":"attitude"}],"summary":{"text":"저는 영어로 외국인과 소통하는 데 거의 불가능에 가까울 정도로 영어 실력이 약한 편이지만, 요즘 시대가 워낙 좋아진 덕분에 앱이나 번역 프로그램을 사용하여 간단명료하고 짧은 소통에는 크게 문제 될 것이 없이 원활하게 소통이 가능하지 않을까 생각합니다.","wordCount":35}}},"rawDataInfo":{"question":{"fileFormat":"wav","fileSize":235598,"duration":7360,"samplingBit":16,"channelCount":1,"samplingRate":"16kHz","audioPath":"/Mock/02.SalesMarketing/Male/New/ckmk_q_sm_m_n_230734.wav"},"answer":{"fileFormat":"wav","fileSize":2671438,"duration":83480,"samplingBit":16,"channelCount":1,"samplingRate":"16kHz","audioPath":"/Mock/02.SalesMarketing/Male/New/ckmk_a_sm_m_n_230734.wav"}}}