{"version":"1.0","dataSet":{"info":{"date":"20230116","occupation":"SM","channel":"MOCK","place":"ONLINE","gender":"MALE","ageRange":"35-44","experience":"NEW"},"question":{"raw":{"text":"직무를 수행하였을 때 난관에 봉착하게 되었다면 어떻게 해결하실 예정이십니까 지원자님만의 해결법이 있다면 말씀해 주시고 그렇게 해결하는 이유도 말씀해 주세요","wordCount":19},"emotion":[],"intent":[]},"answer":{"raw":{"text":"직무를 수행하다 난관에 봉착했다면 어떻게 해결을 할지 저의 해결법과 이유를 궁금해 하셨습니다. 어떠한 일이든 일을 하다보면 예상치 못한 난관에 부딪치게 됩니다. 그렇다면 그 난관을 어떻게 극복할지 스트레스와 많은 육체적 정신적 괴로움이 생겨나게 됩니다. 그러다 보면 포기해버리거나 넘겨버리는 경우가 생길 수 있는데요. 그게 아니라 어떠한 큰 난관이라도 차근차근 작은 부분부터 체크해 나가다 보면 어느새 어느 정도 분해가 되고 처리가 됨을 느끼는 순간이 반드시 오기 마련입니다. 저의 해결법은 일단은 작은 부분부터 그 난관의 시초부터 왜 이러한 문제가 발생을 하였는지를 체크하는 것이 중요합니다. 그리고 한꺼번에 큰 난관을 그냥 쉽게 부숴버릴 것이 아니라 다시 발생하지 않도록 차분하게 전개를 하여 그 난관에 해결책을 찾아나가야 한다 고 생각을 합니다.","wordCount":103},"emotion":[],"intent":[{"text":"","expression":"","category":"attitude"}],"summary":{"text":"일을 하다보면 예상치 못한 난관에 부딪치게 되면 스트레스와 많은 육체적 정신적 괴로움이 생겨나게 됩니다. 해결법은 일단 작은 부분부터 난관의 시초부터 문제 발생을 체크하는 것이 중요합니다. 그리고 다시 발생하지 않도록 차분하게 해결책을 찾아나가야 한다고 생각합니다.","wordCount":34}}},"rawDataInfo":{"question":{"fileFormat":"wav","fileSize":508238,"duration":15880,"samplingBit":16,"channelCount":1,"samplingRate":"16kHz","audioPath":"/Mock/02.SalesMarketing/Male/New/ckmk_q_sm_m_n_230946.wav"},"answer":{"fileFormat":"wav","fileSize":3467598,"duration":108360,"samplingBit":16,"channelCount":1,"samplingRate":"16kHz","audioPath":"/Mock/02.SalesMarketing/Male/New/ckmk_a_sm_m_n_230946.wav"}}}