{"version":"1.0","dataSet":{"info":{"date":"20230116","occupation":"SM","channel":"MOCK","place":"ONLINE","gender":"MALE","ageRange":"35-44","experience":"NEW"},"question":{"raw":{"text":"지원자님 특별히 가지고 싶은 회사가 있나요 특정 도메인이 중요한지 회사의 분위기가 중요한지 지원자님의 어떤 점이 중심적으로 보이시는지 궁금합니다","wordCount":18},"emotion":[],"intent":[]},"answer":{"raw":{"text":"특별히 가고 싶은 회사가 있는지 특정 도메인이 중요한지 회사의 분위기가 중요한지 어떤 점을 중점적으로 보고 있는지를 궁금해 하셨습니다. 특별히 가고 싶은 회사는 저는 디자인으로 마케팅 하는 홍보 쪽 진로를 택하고 싶습니다. 특정 도메인도 물론 중요하긴 하나 회사의 분위기가 저한테는 더욱 중점적으로 보여질 것 같습니다. 근무 환경이나 근무 여건 모든 것들이 제가 디자인 업무를 하기 위해서는 집중력도 필요하고 많은 주위의 환경들이 변수가 됩니다. 그래서 제가 마음 놓고 작업할 수 있을 환경과 여건이 잘 갖춰진 회사 내의 분위기가 저는 더 중점적으로 체크하고 판단해야 할 가고 싶은 회사의 한 부분이 될 것입니다.","wordCount":89},"emotion":[],"intent":[{"text":"","expression":"","category":"attitude"}],"summary":{"text":"디자인으로 마케팅 하는 홍보 쪽 진로를 택하고 싶습니다. 근무 환경이나 근무 여건 모든 것이 집중력도 필요하고 주위 환경들이 변수가 되니 작업할 수 있는 환경과 여건이 잘 갖춰진 회사 분위기가 제가 체크하고 판단해야 할 회사의 한 부분입니다.","wordCount":36}}},"rawDataInfo":{"question":{"fileFormat":"wav","fileSize":553038,"duration":17280,"samplingBit":16,"channelCount":1,"samplingRate":"16kHz","audioPath":"/Mock/02.SalesMarketing/Male/New/ckmk_q_sm_m_n_231102.wav"},"answer":{"fileFormat":"wav","fileSize":2944718,"duration":92020,"samplingBit":16,"channelCount":1,"samplingRate":"16kHz","audioPath":"/Mock/02.SalesMarketing/Male/New/ckmk_a_sm_m_n_231102.wav"}}}