{"version":"1.0","dataSet":{"info":{"date":"20230116","occupation":"SM","channel":"MOCK","place":"ONLINE","gender":"MALE","ageRange":"35-44","experience":"NEW"},"question":{"raw":{"text":"어 지원자님께서 이전 직장에서 퇴사를 하신 후에 이제 퇴사한 것을 후회하신 적은 없으신가요 그리고 후회하셨다면 그 후회하신 이유는 무엇인가요","wordCount":19},"emotion":[],"intent":[]},"answer":{"raw":{"text":"이전 직장에서 퇴사 후에 퇴사한 것에 대해 후회를 한 적은 없는지 있다면 왜 후회를 하는지도 궁금해 하셨습니다. 이전 직장에서 제가 퇴사를 한 것에 대해서는 저의 선택이었고 제가 향후 발전 가능성이나 미래를 염두에 두고 퇴사 결정을 내린 것입니다. 후회한 적은 새로운 직장에 또다시 적응을 해 나가는 과정이 순탄치 않았고 많은 힘겨움이 있었습니다. 이전 직장은 오래 근무하여 근무 여건 아주 좋은 편이었고 근무 환경 동안 능숙하였기에 살짝 후회는 된 적도 있었으나 그 후회만으로는 제 남은 삶을 올바르게 살아갈 수 없을 것 같아 잠깐의 후회로 끝이 나고 지금은 새로운 직장에서 더욱 잘 적응을 하여 남은 미래를 더 발전된 미래로 꾸미는 쪽으로 지향하고 있습니다. 그래하여 이전 직장에서의 경험은 다 잊기로 마음을 먹었기 때문에 후회한 적은 있으나 지금은 전혀 후회하지 않는다 라고 답변을 해도 무방할 것 같습니다.","wordCount":122},"emotion":[],"intent":[{"text":"","expression":"","category":"attitude"}],"summary":{"text":"이전 직장에서의 경험을 전부 잊기로 마음을 먹었기에 후회한 적은 있으나 지금은 전혀 후회하지 않는다 라고 답변을 해도 될 것 같습니다. 이전 직장은 근무 여건 아주 좋은 편이었고 근무 환경 동안 능숙하여 조금 후회는 된 적도 있었으나 지금은 새로운 직장에서 잘 적응 하여 더 발전된 미래로 꾸미는 쪽으로 지향하고 있습니다.","wordCount":49}}},"rawDataInfo":{"question":{"fileFormat":"wav","fileSize":473678,"duration":14800,"samplingBit":16,"channelCount":1,"samplingRate":"16kHz","audioPath":"/Mock/02.SalesMarketing/Male/New/ckmk_q_sm_m_n_231425.wav"},"answer":{"fileFormat":"wav","fileSize":3850958,"duration":120340,"samplingBit":16,"channelCount":1,"samplingRate":"16kHz","audioPath":"/Mock/02.SalesMarketing/Male/New/ckmk_a_sm_m_n_231425.wav"}}}