{"version":"1.0","dataSet":{"info":{"date":"20230116","occupation":"SM","channel":"MOCK","place":"ONLINE","gender":"MALE","ageRange":"-34","experience":"NEW"},"question":{"raw":{"text":"한 국가의 문화유산에는 유형의 문화유산이 있고 또 무형의 문화유산이 있습니다 그중에서 공동체의 가치에 입각해서 무형 문화유산의 보호에 있어 적용되는 사회적 관념은 무엇이라고 생각하십니까","wordCount":23},"emotion":[],"intent":[]},"answer":{"raw":{"text":"공동체의 가치에 입각 무형 문화유산의 보호에 있어 적용되는 사회적 관념은 무엇이라고 생각하냐고 이렇게 질문해 주셨는데요. 일단 사람들이나 국민들이 지켜야 할 공동체 가치와 무형 문화유산의 보호는 일단은 뭐 무형 유산 어 훼손하지 않기 뭐 어 많은 가치 알리기 뭐 이런 등등이 있는데 사회적 관념으로는 일단 어느 사람이든 간에 모두 가지고 있어야 할 마인드라고 생각하는데 어 일단 뭐 만약에 훼손됐거나 공동체 가치에 대해 훼손하고 무형 문화유산에 있어서 훼손을 하게 된다면 어 사회적으로는 인제 그 훼손한 사람의 고의성과 그런 거를 확인하고 처벌을 하고 어 이 주 이 중요하고 옛날부터 이어져 온 무형 문화유산에 대해 있어서 어 수리하고 복원하는 것이 어 꼭 필요하다고 생각하고요. 일단 공동체 가치와 무형 문화유산에 있어서는 우리가 무조건 보호하고 지켜야 할 가치가 있는 문제이기 때문에 어 사회적으로는 그런 것들을 잘 제어하고 어 문화 무너지거나 어 어느 사람에 의해 어 고장이 나게 된다면 어 그거를 복원하고 그 가치를 지키고 그런 것에 있어서 사회적 관념이 꼭 필요하다고 생각합니다.","wordCount":146},"emotion":[],"intent":[{"text":"","expression":"","category":"attitude"}],"summary":{"text":"공동체 가치와 무형 문화유산의 보호에 있어 적용되는 사회적 관념은 훼손되지 않기, 많은 가치 알리기 등이 있으며 사회적으로는 훼손한 사람의 고의성과 처벌을 하고 수리하고 복원하는 것이 꼭 필요하다고 생각하며 고장이 나게 된다면 그것을 복원하고 그 가치를 지키고 그 가치를 지켜야 합니다.","wordCount":40}}},"rawDataInfo":{"question":{"fileFormat":"wav","fileSize":603598,"duration":18860,"samplingBit":16,"channelCount":1,"samplingRate":"16kHz","audioPath":"/Mock/02.SalesMarketing/Male/New/ckmk_q_sm_m_n_199325.wav"},"answer":{"fileFormat":"wav","fileSize":2753358,"duration":86040,"samplingBit":16,"channelCount":1,"samplingRate":"16kHz","audioPath":"/Mock/02.SalesMarketing/Male/New/ckmk_a_sm_m_n_199325.wav"}}}