{"version":"1.0","dataSet":{"info":{"date":"20230116","occupation":"SM","channel":"MOCK","place":"ONLINE","gender":"MALE","ageRange":"-34","experience":"NEW"},"question":{"raw":{"text":"면접자께서는 진상 손님을 어떻게 대처할 것인가에 대해서 생각해 보신 적이 있으시다면 설명 부탁드리겠습니다","wordCount":13},"emotion":[],"intent":[]},"answer":{"raw":{"text":"물론 영업 직원들에게 가장 어려운 일이 진상 고객을 만났을 경우입니다. 저 같은 경우에 이런 진상 고객을 만난다면 계속 웃는 얼굴로 응대를 하겠습니다. 옛말에 웃는 얼굴에 침 못 뱉는다 라는 말이 있습니다. 제가 계속 웃으면서 응대를 하다 보면 그 진상 고객도 나중에는 지쳐서 진상 고객보다는 한 명의 고객으로 돌아올 것이라고 생각합니다. 무조건 맞서 싸우는 것이 아니라 그 고객이 더 이상 대응을 하지 못하게 힘을 빼놓는 게 웃으면서 응대를 하는 방법이라고 생각해서 저라면 진상 고객에게 계속 웃는 얼굴로 응대를 하겠습니다.","wordCount":78},"emotion":[],"intent":[{"text":"저 같은 경우에 이런 진상 고객을 만난다면 계속 웃는 얼굴로 응대를 하겠습니다.","expression":"s_intp","category":"attitude"},{"text":"무조건 맞서 싸우는 것이 아니라 그 고객이 더 이상 대응을 하지 못하게 힘을 빼놓는 게 웃으면서 응대를 하는 방법이라고 생각해서 저라면 진상 고객에게 계속 웃는 얼굴로 응대를 하겠습니다.","expression":"s_intp","category":"attitude"}],"summary":{"text":"진상 고객을 만나도 계속 웃는 얼굴로 응대하면 그 진상 고객도 지쳐서 한 명의 고객으로 돌아올 것이라고 생각합니다. 웃으면서 응대를 하는 방법은 그 고객이 더 이상 대응을 하지 못하게 힘을 빼게 하는 것입니다.","wordCount":32}}},"rawDataInfo":{"question":{"fileFormat":"wav","fileSize":366798,"duration":11460,"samplingBit":16,"channelCount":1,"samplingRate":"16kHz","audioPath":"/Mock/02.SalesMarketing/Male/New/ckmk_q_sm_m_n_227784.wav"},"answer":{"fileFormat":"wav","fileSize":1817038,"duration":56780,"samplingBit":16,"channelCount":1,"samplingRate":"16kHz","audioPath":"/Mock/02.SalesMarketing/Male/New/ckmk_a_sm_m_n_227784.wav"}}}