{"version":"1.0","dataSet":{"info":{"date":"20230116","occupation":"SM","channel":"MOCK","place":"ONLINE","gender":"MALE","ageRange":"35-44","experience":"NEW"},"question":{"raw":{"text":"시험 기간 시간이 촉박할 때 어떻게 시간 관리를 하셨습니까 지원자님만의 시간 관리법을 말씀해 주세요","wordCount":14},"emotion":[],"intent":[]},"answer":{"raw":{"text":"시험 기간 시간이 촉박할 때 어떻게 시간 관리를 하는지 물어보셨습니다. 저의 시간 관리법이 궁금하다고 하셨습니다. 저는 시험 기간에 시간이 촉박할 땐 학교 앞 독서실을 이용하였습니다. 그 당시에만 해도 아침에 학교 등교할 때까지 거기서 머무를 수 있도록 시설이 되어 있었습니다. 그래서 어 등교 시간을 쪼개고 집으로 왔다갔다 하는 귀가 시간과 모든 시간을 쭐여 독서실에서 밤을 새다시피 하여서 공부를 하였던 적이 있습니다. 하지만 너무 잠이 오고 피곤한 시간에는 공부가 잘 되지 않습니다. 그래서 밤까지 최선을 다해 공부를 하고 어느 정도 늦은 시간에는 잠시라도 숙면을 취하는 것이 올바른 방법입니다. 그리고 평소보다 조금 일찍 기상을 해서 등교 시간 전 남는 시간에 또다시 공부를 조금 할 수 있는 여유가 생깁니다. 그 시간 때 하는 공부가 가장 머리에 잘 들어오는 것 같습니다. 그게 노하우입니다.","wordCount":118},"emotion":[],"intent":[{"text":"","expression":"","category":"attitude"}],"summary":{"text":"저는 등교 시간을 쪼개어 독서실에서 밤을 새다시피 공부했습니다. 하지만 너무 피곤한 시간에는 공부가 잘 되지 않았습니다. 그래서 밤까지 최선을 다해 공부하고 어느 정도 늦은 시간에는 잠시 숙면을 취하는 것이 올바른 방법입니다.","wordCount":31}}},"rawDataInfo":{"question":{"fileFormat":"wav","fileSize":346958,"duration":10840,"samplingBit":16,"channelCount":1,"samplingRate":"16kHz","audioPath":"/Mock/02.SalesMarketing/Male/New/ckmk_q_sm_m_n_196814.wav"},"answer":{"fileFormat":"wav","fileSize":2880718,"duration":90020,"samplingBit":16,"channelCount":1,"samplingRate":"16kHz","audioPath":"/Mock/02.SalesMarketing/Male/New/ckmk_a_sm_m_n_196814.wav"}}}