{"version":"1.0","dataSet":{"info":{"date":"20230116","occupation":"SM","channel":"MOCK","place":"ONLINE","gender":"MALE","ageRange":"35-44","experience":"NEW"},"question":{"raw":{"text":"만약에 면접자님께서 맡은 브랜드를 바이어에게 홍보를 해야 된다면 어떤 식으로 홍보를 하실 건가요","wordCount":13},"emotion":[],"intent":[]},"answer":{"raw":{"text":"입사 후에 맡은 브랜드를 바이어에게 홍보해야 할 일이 있다면 어떻게 홍보할 것인지 질문을 하셨습니다. 제가 바이어를 만나 지금 이 제품을 홍보해야 하는 입장이 되었다면 우선 그 제품이 옷이라면 당연히 입고 나갈 것이고 물품이라면 당연히 소지하고 나가겠습니다. 그리하여 직접 사용을 하고 있다는 것을 보여주고 그 바이어에게 이 제품은 제가 직접 얼마의 시간 동안 사용을 했다고 말을 합니다. 그리고 그 제품을 사용을 하면서 느꼈던 장점들 특히나 다른 제품과 비교해서 독창적인 아이디어가 들어간 부분을 우선적으로 강조해서 상대방에게 중점적으로 알리고 약간의 단점을 크게 부각되지 않는 선에서 살짝 귀띔함으로써 오히려 믿음을 갖게 그렇게 홍보를 하겠습니다.","wordCount":90},"emotion":[],"intent":[{"text":"","expression":"","category":"attitude"}],"summary":{"text":"제가 바이어를 만나 직접 사용을 하고 있다는 것을 보여주고 이 제품은 제가 직접 얼마의 시간 동안 사용을 했다고 말을 합니다. 독창적인 아이디어가 들어간 부분을 강조합니다.","wordCount":25}}},"rawDataInfo":{"question":{"fileFormat":"wav","fileSize":313678,"duration":9800,"samplingBit":16,"channelCount":1,"samplingRate":"16kHz","audioPath":"/Mock/02.SalesMarketing/Male/New/ckmk_q_sm_m_n_196766.wav"},"answer":{"fileFormat":"wav","fileSize":2900238,"duration":90630,"samplingBit":16,"channelCount":1,"samplingRate":"16kHz","audioPath":"/Mock/02.SalesMarketing/Male/New/ckmk_a_sm_m_n_196766.wav"}}}