{"version":"1.0","dataSet":{"info":{"date":"20230116","occupation":"SM","channel":"MOCK","place":"ONLINE","gender":"MALE","ageRange":"-34","experience":"NEW"},"question":{"raw":{"text":"어 본인이 지금까지 크고 작은 여러 가지 성과를 이어 이루셨을 텐데요 본인이 지금까지 살면서 이룬 성과 중 가장 큰 성과는 무엇인가요 자랑 한 번 해 주시길 바랍니다","wordCount":27},"emotion":[],"intent":[]},"answer":{"raw":{"text":"저는 대학교 사 년을 굉장히 특수한 학교에서 보냈습니다. 선박 관련 학과였기 때문에 특수대학이었고 취업하는 계열도 굉장히 특수한 분야였습니다. 하지만 졸업을 함과 동시에 취업을 했음에도 불구하고 이때 당시 제가 간 첫 회사는 굉장히 업무 환경이 힘들고 저와는 맞지 않는 회사였습니다. 그래서 사 년 동안에 공부한 걸 버리고 다시 새 출발을 하려고 했을 때 굉장히 큰 결심이 필요했고요. 다시 분야를 정하고 자격증과 공부 계획을 세우고 그와 동시에 군 복무 계획까지 세워야 했습니다. 굉장히 암담했고 그때 제 기준으로 이십 대 중반이었습니다. 내가 다시 일어설 수 있을지 내가 다시 직업을 가질 수 있을지 굉장히 마음도 착잡했는데요. 군대가 전역할 때까지 저는 끊임없이 공부했습니다. 공부하다가 계획이 틀리면 다시 계획을 세우고요. 거의 계획을 세우는 것이 일상일 정도였습니다. 그렇게 결국 군대 전역 전에 굉장히 어려운 자격증을 하나 취득할 수 있었고 군대에서 제가 땄기에 성과급 성 성취감은 배가 되었습니다.","wordCount":130},"emotion":[{"text":"저는 대학교 사 년을 굉장히 특수한 학교에서 보냈습니다.","expression":"u-fact","category":"neutral"},{"text":"내가 다시 일어설 수 있을지 내가 다시 직업을 가질 수 있을지 굉장히 마음도 착잡했는데요.","expression":"n-distress","category":"negative"}],"intent":[{"text":"","expression":"","category":"attitude"}],"summary":{"text":"선박 관련 학과였던 저는 대학교 사 년을 특수 학교에서 보냈습니다. 특수 학교 졸업 후 취업까지 사 년이 걸렸으나 회사와 맞지 않아 다시 시작하려고 큰 결심을 했습니다. 다시 분야를 정하고 공부 계획을 세우고 군 복무를 계획했습니다. 전역 전까지 꾸준히 공부하여 자격증을 취득했고 성취감을 느꼈습니다.","wordCount":43}}},"rawDataInfo":{"question":{"fileFormat":"wav","fileSize":513998,"duration":16059,"samplingBit":16,"channelCount":1,"samplingRate":"16kHz","audioPath":"/Mock/02.SalesMarketing/Male/New/ckmk_q_sm_m_n_189108.wav"},"answer":{"fileFormat":"wav","fileSize":2800718,"duration":87520,"samplingBit":16,"channelCount":1,"samplingRate":"16kHz","audioPath":"/Mock/02.SalesMarketing/Male/New/ckmk_a_sm_m_n_189108.wav"}}}