{"version":"1.0","dataSet":{"info":{"date":"20230116","occupation":"SM","channel":"MOCK","place":"ONLINE","gender":"MALE","ageRange":"35-44","experience":"NEW"},"question":{"raw":{"text":"본인의 장점과 단점을 설명해 주시고 그것을 특화시키고 극복하기 위해 해 오셨던 노력이 있다면 함께 말씀 부탁드립니다","wordCount":16},"emotion":[],"intent":[]},"answer":{"raw":{"text":"저의 장점과 단점을 설명을 들으시고 그것을 특화시키고 극복하기 위한 노력도 궁금해 하셨습니다. 저의 단점과 장점 중 저는 장점을 먼저 말씀을 드리자면 섬세하고 아주 독창적인 부분을 잘 살려서 디자인이든 모드든 그리고 손으로 하는 여러 가지 다채로운 활동 등에 있어 어 특화되어 있는 저만의 섬세함이 있습니다. 이것은 아주 사소한 것에서부터 큰 프로젝트에 이르기까지 남들이 상상하지 못했던 부분까지 체크하면서 그렇게 작업을 하는 것 그게 저의 장점입니다. 단점은 저는 말이 너무 많은 편입니다. 그래서 투머치 토크라고 해서 어느 제품 하나를 설명할 때 해야할 말과 해야 하지 않아야 할 말들을 때로는 착각하여 다 해버리는 경우가 허다하게 많습니다. 과한 언행은 오히려 상대방에게 믿음을 떨어뜨릴 뿐 아니라 오히려 상대방을 불편하게 할 수도 있습니다.","wordCount":106},"emotion":[],"intent":[{"text":"","expression":"","category":"attitude"}],"summary":{"text":"저는 섬세하고 독창적인 부분을 잘 살려서 디자인이든 모드든, 손으로 하는 여러 가지 다채로운 활동 등에 있어 특화되어 있는 섬세함이 있습니다. 단점은 말이 너무 많아 투머치 토크라고 해서 해야 하지 않아야 할 말들을 때로는 착각하여 다 해버리는 경우가 많습니다.","wordCount":38}}},"rawDataInfo":{"question":{"fileFormat":"wav","fileSize":588238,"duration":18380,"samplingBit":16,"channelCount":1,"samplingRate":"16kHz","audioPath":"/Mock/02.SalesMarketing/Male/New/ckmk_q_sm_m_n_196771.wav"},"answer":{"fileFormat":"wav","fileSize":2897358,"duration":90540,"samplingBit":16,"channelCount":1,"samplingRate":"16kHz","audioPath":"/Mock/02.SalesMarketing/Male/New/ckmk_a_sm_m_n_196771.wav"}}}