{"version":"1.0","dataSet":{"info":{"date":"20230116","occupation":"SM","channel":"MOCK","place":"ONLINE","gender":"MALE","ageRange":"-34","experience":"NEW"},"question":{"raw":{"text":"진행해 본 협업 중 가장 어려웠던 것이 있었나요 그 어려움을 어떻게 극복하셨나요","wordCount":12},"emotion":[],"intent":[]},"answer":{"raw":{"text":"지금까지 협업을 하면서 가장 어려웠던 점은 바로 열심히 하지 않는 팀원들과 함께하는 것이었습니다. 협업을 하다 보면 참 많은 사람들을 만나게 되는데요. 능력은 있지만 열심히 하지 않는 사람들이 가장 함께 하기 어려웠습니다. 이 사람들은 자신들이 열심히 하지 않더라도 어느 정도에 성과를 내는 것이 익숙하기 때문에 자신의 능력을 전부 발휘하지 않습니다. 그래서 남은 사람들이 정말 힘든데요. 이런 사람들을 대처하는 방법은 바로 역할을 분명히 나누고 책임 소재를 분명히 하는 것입니다. 그래서 당신들이 당신들의 역할을 제대로 하지 않으면 결과물이 나올 수 없다 이것을 명확하게 인지시키는 겁니다. 그렇게 되면 그 사람들은 자신의 능력을 발휘해서 적어도 일 인분 정도는 하게 됩니다. 이런 방안으로 협업을 하면서 적극적으로 참여하지 않는 사람들과도 잘 업무를 진행하고 성과를 내왔던 경험이 있습니다.","wordCount":110},"emotion":[],"intent":[{"text":"","expression":"","category":"attitude"}],"summary":{"text":"협업을 하면서 열심히 하지 않는 팀원들과 함께하는 것이 가장 어려웠습니다. 열심히 하지 않더라도 어느 정도에 성과를 내는 것이 익숙하기 때문에 자신의 능력을 전부 발휘하지 않습니다. 그래서 남은 사람들을 위해 역할을 분명히 나누고 책임 소재를 분명히 하는 것입니다.","wordCount":37}}},"rawDataInfo":{"question":{"fileFormat":"wav","fileSize":283598,"duration":8860,"samplingBit":16,"channelCount":1,"samplingRate":"16kHz","audioPath":"/Mock/02.SalesMarketing/Male/New/ckmk_q_sm_m_n_190887.wav"},"answer":{"fileFormat":"wav","fileSize":2745038,"duration":85780,"samplingBit":16,"channelCount":1,"samplingRate":"16kHz","audioPath":"/Mock/02.SalesMarketing/Male/New/ckmk_a_sm_m_n_190887.wav"}}}