{"version":"1.0","dataSet":{"info":{"date":"20230116","occupation":"SM","channel":"MOCK","place":"ONLINE","gender":"MALE","ageRange":"35-44","experience":"NEW"},"question":{"raw":{"text":"당신은 영업을 해 본 경험이나 판매를 해본 경험이 있습니까 영업과 판매의 차이는 무엇이라고 생각하나요 각각이 가진 장단점에 대해서 함께 말씀해 주십시오","wordCount":21},"emotion":[],"intent":[]},"answer":{"raw":{"text":"영업 그리고 판매 비슷해 보이는 이 두 가지 개념의 차이를 자세히 설명해 달라고 질문을 하셨습니다. 영업은 말 그대로 어느 물품을 판매를 해야 된다고 가정하셨을 때 그 제품을 잘 설명하고 그 제품의 장점을 알리고 그리고 고객이 그 물품을 구입할 수 있도록 홍보 마케팅 전략 등을 통하여 종합적으로 그 제품을 판매에 이르기까지 과정 그것을 영업이라고 할 수 있겠습니다. 그리고 물품을 구입한 고객의 어 프레임이 걸려 크레임이 걸려 와도 대처할 수 있고 에이에스 라든지 반품 교환 등을 각각 책임지는 모든 종합적인 과정을 영업이라고 하면 맞을 것 같습니다. 판매란 재화를 고객의 돈을 받고 교환을 하는 말 그대로 제가 가지고 있는 물품을 상대방의 어 현금이나 재화로 교환을 하는 방식 그리고 마진이 남겠죠. 그것이 판매가 되겠습니다.","wordCount":110},"emotion":[{"text":"영업은 말 그대로 어느 물품을 판매를 해야 된다고 가정하셨을 때 그 제품을 잘 설명하고 그 제품의 장점을 알리고 그리고 고객이 그 물품을 구입할 수 있도록 홍보 마케팅 전략 등을 통하여 종합적으로 그 제품을 판매에 이르기까지 과정 그것을 영업이라고 할 수 있겠습니다.","expression":"u-fact","category":"neutral"}],"intent":[{"text":"","expression":"","category":"attitude"}],"summary":{"text":"영업은 제품을 설명하고 장점을 알리고, 고객이 구입하도록 홍보 마케팅 전략 등을 통하여 종합적으로 그 제품을 판매에 이르기까지 과정이며 판매는 재화를 고객의 돈을 받고 교환을 하는 방식 그리고 마진이 남죠. 그것이 판매가 되겠습니다.","wordCount":32}}},"rawDataInfo":{"question":{"fileFormat":"wav","fileSize":624718,"duration":19520,"samplingBit":16,"channelCount":1,"samplingRate":"16kHz","audioPath":"/Mock/02.SalesMarketing/Male/New/ckmk_q_sm_m_n_196769.wav"},"answer":{"fileFormat":"wav","fileSize":2932558,"duration":91640,"samplingBit":16,"channelCount":1,"samplingRate":"16kHz","audioPath":"/Mock/02.SalesMarketing/Male/New/ckmk_a_sm_m_n_196769.wav"}}}