{"version":"1.0","dataSet":{"info":{"date":"20230116","occupation":"SM","channel":"MOCK","place":"ONLINE","gender":"MALE","ageRange":"-34","experience":"NEW"},"question":{"raw":{"text":"지원자분께서 지금까지 진행해 오셨던 프로젝트들 가운데에서 가장 기억에 남는 프로젝트가 있으실 겁니다 그 프로젝트가 왜 가장 기억에 남는지 어떠한 점이 본인의 머릿속에 가장 기억에 남는지를 설명해 주세요","wordCount":27},"emotion":[],"intent":[]},"answer":{"raw":{"text":"그동안 진행한 프로젝트들 가운데 가장 기억에 남는 프로젝트가 있다면 바로 제가 이전 직장에서 진행했던 에스엔에스 마케팅 프로젝트입니다. 저는 이전 직장에서 영업 직무로 일을 했었는데요. 이전 직장은 식품 업계 중 하나였는데 에스엔에스에 대해서 이제 막 관심을 가지고 에스엔에스 마케팅을 시작하려던 회사였습니다. 그래서 나이가 상대적으로 젊고 에스엔에스에 대한 이해도가 있는 제가 프로젝트의 중심이 되어 진행하게 되었는데요. 정말 아무 것도 몰라서 에스엔에스 전문가들이 만나 이야기를 나누고 인플루언서들을 만나 에스엔에스 활용법을 전수 받았습니다. 이러한 노력 끝에 에스엔에스 계정을 만들었고 이 에스엔에스 계정은 많은 구독조와 높은 조회수를 확보했습니다. 이 경험을 통해 잘 모르는 분야더라도 열심히 노력하면 해낼 수 있다는 것을 깨닫게 되었습니다.","wordCount":97},"emotion":[{"text":"그동안 진행한 프로젝트들 가운데 가장 기억에 남는 프로젝트가 있다면 바로 제가 이전 직장에서 진행했던 에스엔에스 마케팅 프로젝트입니다.","expression":"u-fact","category":"neutral"},{"text":"저는 이전 직장에서 영업 직무로 일을 했었는데요.","expression":"u-fact","category":"neutral"},{"text":"이전 직장은 식품 업계 중 하나였는데 에스엔에스에 대해서 이제 막 관심을 가지고 에스엔에스 마케팅을 시작하려던 회사였습니다.","expression":"u-fact","category":"neutral"}],"intent":[{"text":"","expression":"","category":"attitude"}],"summary":{"text":"이전 직장에서 진행했던 소셜미디어 마케팅 프로젝트가 가장 기억에 남습니다. 제가 프로젝트의 중심이 되어 전문가들이나 인플루언서들을 만나 활용법을 전수 받았습니다. 노력 끝에 소셜미디어 계정을 만들었고 많은 구독조와 높은 조회수를 확보했습니다. 노력하면 해낼 수 있다는 것을 느꼈습니다.","wordCount":35}}},"rawDataInfo":{"question":{"fileFormat":"wav","fileSize":619598,"duration":19360,"samplingBit":16,"channelCount":1,"samplingRate":"16kHz","audioPath":"/Mock/02.SalesMarketing/Male/New/ckmk_q_sm_m_n_190721.wav"},"answer":{"fileFormat":"wav","fileSize":2611278,"duration":81600,"samplingBit":16,"channelCount":1,"samplingRate":"16kHz","audioPath":"/Mock/02.SalesMarketing/Male/New/ckmk_a_sm_m_n_190721.wav"}}}