{"version":"1.0","dataSet":{"info":{"date":"20230116","occupation":"SM","channel":"MOCK","place":"ONLINE","gender":"MALE","ageRange":"-34","experience":"NEW"},"question":{"raw":{"text":"어 지원자님께서 지금까지 살면서 가장 힘들었던 경험은 무엇인가요 그리고 그 힘들었던 경험은 어떻게 극복하셨는지 궁금합니다 해당 경험을 자세하게 설명해 주세요","wordCount":20},"emotion":[],"intent":[]},"answer":{"raw":{"text":"학창 시절에 영어를 전혀 하지 못했을 때 해외에 나가 살았던 적이 있습니다. 당시에 저는 하이 바이 정도밖에 구분할 줄 모르는 정말 말 그대로 영어를 아예 할 줄 몰랐는데요. 하지만 제가 가게 된 학교는 영어를 기반으로 하는 국제 학교였습니다. 이 국제학교에서는 저를 도와주는 한국인도 없었고 또 선생님들은 영어로 수업을 진행하고 숙제를 내주시고 또 시험을 진행했습니다. 아무 것도 들을 수 없었던 저는 수업시간이 매번 캄캄한 암막 속에 있는 것 같았는데요. 그래서 저는 스스로 이것을 극복하기 위해 영어를 쓰는 외국인 친구들을 많이 사귀도록 노력했습니다. 사실 한국인 친구들도 사귈려면 얼마든지 사귈 수 있었지만 저는 제 영어 실력을 늘리기 위해 학교 축구 클럽에 가입한 뒤 그곳에 있는 다양한 외국인 친구들과 교류를 쌓았습니다. 그 과정을 통해 영어에 대한 두려움을 극복하고 또 잘 할 수 있게 되었습니다.","wordCount":120},"emotion":[],"intent":[{"text":"","expression":"","category":"attitude"}],"summary":{"text":"학창 시절에 영어를 전혀 하지 못했을 때 해외에 나가 살았던 적이 있습니다. 하지만 제가 가게 된 학교는 영어를 기반으로 하는 국제 학교였습니다. 수업이 항상 캄캄한 암막 속에 있는 것 같았는데, 이를 극복하기 위해 영어를 쓰는 외국인 친구들을 많이 사귀도록 노력했습니다. 그 과정을 통해 영어에 대한 두려움을 극복하고 잘 할 수 있었습니다.","wordCount":51}}},"rawDataInfo":{"question":{"fileFormat":"wav","fileSize":495438,"duration":15480,"samplingBit":16,"channelCount":1,"samplingRate":"16kHz","audioPath":"/Mock/02.SalesMarketing/Male/New/ckmk_q_sm_m_n_215098.wav"},"answer":{"fileFormat":"wav","fileSize":2768718,"duration":86520,"samplingBit":16,"channelCount":1,"samplingRate":"16kHz","audioPath":"/Mock/02.SalesMarketing/Male/New/ckmk_a_sm_m_n_215098.wav"}}}