{"version":"1.0","dataSet":{"info":{"date":"20230116","occupation":"SM","channel":"MOCK","place":"ONLINE","gender":"MALE","ageRange":"-34","experience":"NEW"},"question":{"raw":{"text":"만약 우리 회사가 해외 무대로 진출하게 된다면 어디로 진출하는 것이 좋을 거라고 생각하시나요 그 이유도 함께 말씀해 주세요","wordCount":18},"emotion":[],"intent":[]},"answer":{"raw":{"text":"아 네 저는 요즘 뜨고 있는 인도로 진출을 해야 된다고 생각을 합니다. 보통 중국이라고 생각을 하시겠지만 중국 같은 경우는 시장 상황이 중국 정부에 의해서 너무나도 자주 바뀌기 때문에 불안정성이 아무래도 불안정성이란 리스크가 가장 크다고 생각이 듭니다. 하지만 인도 같은 경우는 지금 현재 중국처럼 인구도 점점 폭발적으로 증가하는 나라이고 또한 인건비도 저렴하고 그리고 이제 무엇보다 한국 제품에 대한 열 한국 제품에 대한 그런 어 수요가 아무래도 많기 때문에 우리나라 우리 기업이 여기로 진출하게 된다면은 어마어마한 영업적 이익을 시장 개척을 할 수 있을 거라고 생각을 합니다. 또 그리고 인도 사람들은 중국 중국인들은 보통 중국어들을 중국어에 대한 프라이드가 높아서 중국어를 많이 사용하는 것에 비해서 인도 사람들은 영어가 제 이의 국어라고 불릴 만큼 영어도 잘하고 또 국민들의 교육 수준도 상당히 낮은 편이라 높습니다. 그리고 이제 선재 아이티 기업 개들은 이제 인도인들이 거의 다 주도할 만큼 그만큼 이제 그 그 나라 사람들의 그 지적 수준이 높기 때문에 우리가 해외 클라이언트로 상당히 잘 개척할 만한 그런 시장이라고 생각이 듭니다. 감사합니다.","wordCount":154},"emotion":[],"intent":[{"text":"","expression":"","category":"attitude"}],"summary":{"text":"시장 상황이 중국 정부에 의해서 자주 바뀌기 때문에 불안정성이란 리스크가 큰 중국 대신 인도는 인구도 증가하고 인건비도 저렴하고 한국 제품에 대한 수요가 많기 때문에 우리나라 기업이 진출하게 되면 엄청난 영업적 이익을 시장 개척을 할 수 있을 것입니다. 또한 인도 사람들은 영어도 잘하고 지적 수준이 높기 때문에 해외 클라이언트로 상당히 잘 개척할 만한 시장이라고 생각합니다.","wordCount":54}}},"rawDataInfo":{"question":{"fileFormat":"wav","fileSize":450638,"duration":14080,"samplingBit":16,"channelCount":1,"samplingRate":"16kHz","audioPath":"/Mock/02.SalesMarketing/Male/New/ckmk_q_sm_m_n_179587.wav"},"answer":{"fileFormat":"wav","fileSize":2818318,"duration":88070,"samplingBit":16,"channelCount":1,"samplingRate":"16kHz","audioPath":"/Mock/02.SalesMarketing/Male/New/ckmk_a_sm_m_n_179587.wav"}}}