{"version":"1.0","dataSet":{"info":{"date":"20230116","occupation":"SM","channel":"MOCK","place":"ONLINE","gender":"MALE","ageRange":"-34","experience":"NEW"},"question":{"raw":{"text":"지원자님께서 그동안 인생에서 겪었던 갈등들 중 가장 심각했던 갈등은 무엇인가요 혹시 한 가지만 골라 말씀해 주실 수 있을까요","wordCount":18},"emotion":[],"intent":[]},"answer":{"raw":{"text":"제가 그동안 인생에서 겪었던 갈등 중 가장 심각했던 갈등은 대학을 진학할 때 아버지와 있었던 갈등입니다. 당시 저는 스페인어를 공부해 해외에서 일하는 것이 꿈이었습니다. 그래서 한 대학교에 스페인어 학과를 지원했고 합격했습니다. 그와 동시에 다른 대학에 경영학과에도 합격했는데요. 아버지께서는 외국어는 따로 학원이나 과외 등을 통해서 충분히 배울 수 있다. 그렇기 때문에 대학에서만 배울 수 있는 학문을 배우는 것이 맞다 이렇게 말씀하셨습니다. 하지만 저는 스페인어를 공부하는 것이 꿈이었기 때문에 아버지와 맞서서 심각하게 갈등을 빚었습니다. 결국 어린 저는 아버지에 뜻에 따랐고 지금 돌이켜보면 아버지에 선택이 맞았습니다. 그래서 그 교훈으로 이제는 어르신들께 조언을 구하고 그 조언에 대해서 긍정적으로 생각하는 편입니다.","wordCount":95},"emotion":[{"text":"그래서 한 대학교에 스페인어 학과를 지원했고 합격했습니다.","expression":"u-fact","category":"neutral"}],"intent":[{"text":"","expression":"","category":"attitude"}],"summary":{"text":"그동안 인생에서 가장 심각했던 갈등은 대학을 진학할 때 아버지와의 갈등입니다. 어린 저는 스페인어를 공부하는 것이 꿈이었는데 아버지께서는 외국어는 학원을 통해서 충분히 배울 수 있다는 말이 맞았습니다. 그래서 이제는 어르신들께 조언을 구하고 그 조언에 대해서 긍정적으로 생각하는 편입니다.","wordCount":37}}},"rawDataInfo":{"question":{"fileFormat":"wav","fileSize":528718,"duration":16520,"samplingBit":16,"channelCount":1,"samplingRate":"16kHz","audioPath":"/Mock/02.SalesMarketing/Male/New/ckmk_q_sm_m_n_190884.wav"},"answer":{"fileFormat":"wav","fileSize":2743758,"duration":85740,"samplingBit":16,"channelCount":1,"samplingRate":"16kHz","audioPath":"/Mock/02.SalesMarketing/Male/New/ckmk_a_sm_m_n_190884.wav"}}}