{"version":"1.0","dataSet":{"info":{"date":"20230116","occupation":"SM","channel":"MOCK","place":"ONLINE","gender":"MALE","ageRange":"-34","experience":"NEW"},"question":{"raw":{"text":"입사 후 근무를 하면서 정작 지원한 분야가 지원자님과 잘 맞지 않다는 사실을 깨닫는다면 어떻게 하실 생각인지 말씀해 주세요","wordCount":18},"emotion":[],"intent":[]},"answer":{"raw":{"text":"저는 해당 직장이 저와 적성에 맞지는 잘 않아도 그것이 제가 지금 가장 잘 할 수 있는 일이라면 저는 이 직장에 남아 있을 생각입니다. 왜냐하면 새로운 것에 도전하기에는 제 나이가 너무나도 있기 때문에 새로운 도전에 있는 도전하는 것이 솔직히 말씀드려서 너무 겁이 나기 때문에 저는 지금 제가 가장 잘 할 수 있는 이 직장에 제가 적성에 잘 맞지 않더라도 이곳에 적응을 해서 어떻게든 다녀볼 생각입니다. 하지만 그렇다고 해서 제가 가만히 안주하고 있겠다는 것도 아닙니다. 업무 시간 외에 업무 시간이 끝나고 그 시간대 열심히 공부를 해서 다른 분야로서의 저의 재능을 찾아보고 그 분야가 만약에 저에게 자신이 있고 메리트가 있다고 느껴진다면 그쪽 분야로에 이직을 천천히 준비를 할 생각입니다. 하지만 너무 급진적인 것은 아니고 보수적으로 접근하면서 준비를 해 내갈 생각입니다. 이상입니다. 감사합니다.","wordCount":118},"emotion":[],"intent":[{"text":"","expression":"","category":"attitude"}],"summary":{"text":"저는 현재 제가 가장 잘 할 수 있는 일이라면 이 직장에 남아 있을 계획입니다. 이직은 보수적으로 접근하면서 준비하고, 적성에 맞지 않더라도 이곳저곳에 적응을 해서 다녀볼 계획입니다. 업무 시간 이후 다른 분야의 재능을 찾아보고, 메리트가 있다면 쪽분야의 이직을 준비할 것입니다.","wordCount":39}}},"rawDataInfo":{"question":{"fileFormat":"wav","fileSize":393998,"duration":12310,"samplingBit":16,"channelCount":1,"samplingRate":"16kHz","audioPath":"/Mock/02.SalesMarketing/Male/New/ckmk_q_sm_m_n_185372.wav"},"answer":{"fileFormat":"wav","fileSize":2263118,"duration":70720,"samplingBit":16,"channelCount":1,"samplingRate":"16kHz","audioPath":"/Mock/02.SalesMarketing/Male/New/ckmk_a_sm_m_n_185372.wav"}}}