{"version":"1.0","dataSet":{"info":{"date":"20230116","occupation":"SM","channel":"MOCK","place":"ONLINE","gender":"MALE","ageRange":"-34","experience":"NEW"},"question":{"raw":{"text":"업무를 하다 보면 업무량이 과도하게 많아질 때도 있습니다 그럴 때에도 잘 버틸 자신이 있으신가요","wordCount":14},"emotion":[],"intent":[]},"answer":{"raw":{"text":"일을 하다 보면 업무량이 과도하게 많아질 수도 있습니다. 그래도 저는 잘 버틸 자신이 있습니다. 왜냐하면 당연히 일이 항상 균일하게 있는 것이 아니기 때문입니다. 또 과도하게 많은 일이라고 하더라도 제가 열심히 하면 그만큼 제가 빠르게 성장할 수 있는 기회라고 생각하기 때문입니다. 그렇기 때문에 업무량이 과도하게 많더라도 저는 저의 성장의 기회로 여기고 누구보다 열심히 즐겁게 할 자신이 있습니다. 하지만 계속해서 업무량이 과도하게 많은데 그에 대한 적절한 보상이 없다면 그때는 잘 버틸 수 없을 것 같습니다. 왜냐하면 일이란 것은 결국 생계 유지를 위한 수단인데 충분한 보상이 없으면 동기 부여가 떨어지기 때문입니다.","wordCount":88},"emotion":[],"intent":[{"text":"","expression":"","category":"attitude"}],"summary":{"text":"업무량이 과도하게 많아질 수 있지만 저에게는 성장의 기회라 생각하고 열심히 할 자신이 있습니다. 하지만 업무량에 대한 적절한 보상이 없다면 잘 버틸 수 없을 것 같습니다. 그 이유는 일에 대한 동기 부여가 떨어지기 때문입니다.","wordCount":33}}},"rawDataInfo":{"question":{"fileFormat":"wav","fileSize":274318,"duration":8570,"samplingBit":16,"channelCount":1,"samplingRate":"16kHz","audioPath":"/Mock/02.SalesMarketing/Male/New/ckmk_q_sm_m_n_203903.wav"},"answer":{"fileFormat":"wav","fileSize":2665038,"duration":83280,"samplingBit":16,"channelCount":1,"samplingRate":"16kHz","audioPath":"/Mock/02.SalesMarketing/Male/New/ckmk_a_sm_m_n_203903.wav"}}}