{"version":"1.0","dataSet":{"info":{"date":"20230116","occupation":"SM","channel":"MOCK","place":"ONLINE","gender":"MALE","ageRange":"-34","experience":"NEW"},"question":{"raw":{"text":"평소 스트레스를 받으면 어떻게 하시는지 또 왜 그런 방법으로 스트레스를 해소하시는지 말씀해 주실 수 있으실까요","wordCount":15},"emotion":[],"intent":[]},"answer":{"raw":{"text":"저는 스트레스를 받으면 운동을 하면서 스트레스를 풉니다. 그 이유는 여러 가지가 있는데요. 먼저 첫 번째는 접근성이 가장 좋은 취미이기 때문입니다. 저는 주로 등산 축구를 하는데요. 서울에는 참 운동하기 좋은 장소들이 많습니다. 그래서 언제 어디서나 쉽게 운동을 하면서 스트레스를 풀 수 있기 때문에 운동으로 스트레스를 해소합니다. 다른 이유는 체력이 좋아지기 때문입니다. 운동을 하면 많이 뛰고 많이 움직이면서 체력이 좋아집니다. 그러면 일을 할 때 쉽게 지치지 않습니다. 또 다른 이유는 운동을 하면 인간 관계가 넓어지기 때문입니다. 운동은 다른 사람들과 함께 하는 것이 더 재밌습니다. 그래서 많은 사람들을 만나게 되고 세상을 보는 눈이 넓어집니다.","wordCount":91},"emotion":[{"text":"운동은 다른 사람들과 함께 하는 것이 더 재밌습니다.","expression":"p-interest","category":"positive"}],"intent":[{"text":"","expression":"","category":"attitude"}],"summary":{"text":"저는 스트레스를 받으면 등산,축구,운동을 하면서 스트레스를 해소합니다. 그 이유는 접근성이 좋고, 체력도 좋아지고, 인간 관계가 넓어지기 때문입니다. 그래서 세상을 보는 눈이 넓어집니다.","wordCount":22}}},"rawDataInfo":{"question":{"fileFormat":"wav","fileSize":352078,"duration":11000,"samplingBit":16,"channelCount":1,"samplingRate":"16kHz","audioPath":"/Mock/02.SalesMarketing/Male/New/ckmk_q_sm_m_n_196783.wav"},"answer":{"fileFormat":"wav","fileSize":2846158,"duration":88940,"samplingBit":16,"channelCount":1,"samplingRate":"16kHz","audioPath":"/Mock/02.SalesMarketing/Male/New/ckmk_a_sm_m_n_196783.wav"}}}