{"version":"1.0","dataSet":{"info":{"date":"20230116","occupation":"SM","channel":"MOCK","place":"ONLINE","gender":"MALE","ageRange":"-34","experience":"NEW"},"question":{"raw":{"text":"어 지원자님께서는 평소에 시간이 남을 때 어떤 일들을 하면서 지내시나요 그리고 그런 일들을 하는 것은 이유는 무엇인지 설명해 주시길 바랍니다","wordCount":20},"emotion":[],"intent":[]},"answer":{"raw":{"text":"저는 시간이 남으면 넷플릭스에서 최근 유행하고 있는 드라마를 보곤 합니다. 최근에는 오징어 게임과 수리남을 봤는데요. 왜냐하면 영업 일을 하면서 모르는 사람들과 함께 만나서 대화를 할 때 최근 유행하는 드라마 얘기를 하면 쉽게 친해질 수 있기 때문입니다. 영업 직무는 언제 어디서 어떤 연령대의 사람을 만날지 모릅니다. 그렇기 때문에 항상 새로운 사람과 만나서 쉽게 대화할 수 있는 방법을 찾아야 하는데요. 그중에서 가장 효과적인 방법 중 하나는 최근 유행하는 드라마에 대해서 이야기하는 것입니다. 따라서 이렇게 최근 유행하는 드라마를 보면 영업을 하면서 어떤 사람이든 드라마 이야기를 통해 쉽게 공감대를 형성하고 친밀한 관계로 거듭날 수 있습니다. 따라서 시간이 남을 때 넷플릭스로 드라마를 보고 있습니다.","wordCount":99},"emotion":[],"intent":[{"text":"","expression":"","category":"attitude"}],"summary":{"text":"영업 직무에서는 새로운 사람과 쉽게 대화할 수 있는 방법을 찾아야 하므로 최근 유행하는 드라마에 대해서 이야기하면 어떤 사람이든 쉽게 공감대를 형성하고 친밀한 관계로 거듭날 수 있어 넷플릭스로 드라마 이야기를 보고 있습니다.","wordCount":31}}},"rawDataInfo":{"question":{"fileFormat":"wav","fileSize":580238,"duration":18130,"samplingBit":16,"channelCount":1,"samplingRate":"16kHz","audioPath":"/Mock/02.SalesMarketing/Male/New/ckmk_q_sm_m_n_203603.wav"},"answer":{"fileFormat":"wav","fileSize":2641358,"duration":82540,"samplingBit":16,"channelCount":1,"samplingRate":"16kHz","audioPath":"/Mock/02.SalesMarketing/Male/New/ckmk_a_sm_m_n_203603.wav"}}}