{"version":"1.0","dataSet":{"info":{"date":"20230116","occupation":"SM","channel":"MOCK","place":"ONLINE","gender":"MALE","ageRange":"-34","experience":"NEW"},"question":{"raw":{"text":"입사 후에 쉬운 일이나 어려운 일이 있을 때 이 일에 대한 분배를 어떻게 하실 것입니까 또 어떻게 나누어서 처리할 생각이신지 궁금합니다","wordCount":21},"emotion":[],"intent":[]},"answer":{"raw":{"text":"저는 일단 쉬운 일 절반을 먼저 처리를 할 생각입니다. 그렇 쉬운 일 절반을 먼저 처리를 한 다음에 어려운 일을 어느 정도 중 그 칠십 퍼센트 정도 처리를 하고 그다음에 쉬운 일 그리고 다시 어려운 일 이렇게 처리할 생각입니다. 왜 그렇게 처리할 생각이냐면 한 가지 비중을 너무 한 곳에 집중시켰을 때 다른 하나에 대한 일을 처리할 시간이 없을 거라고 생각이 들기 때문입니다. 따라서 먼저 쉬운 일에 오십 퍼센트 정도 끝내 놓은 다음에 그다음에 이제 어려운 업무를 칠십 퍼센트를 진행을 해서 어느정도 일에 대한 그 밸런스와 시간을 따져 본 다음에 나머지 쉬운 일을 삼십 퍼센트를 빠르게 마치고 나머지 모든 역량을 막판 스퍼트를 내서 어려운 업무에 집중을 해서 업무를 처리하는 것이 가장 효율적인 방법이 아닐까 라는 생각이 듭니다. 감사합니다.","wordCount":116},"emotion":[],"intent":[{"text":"","expression":"","category":"attitude"}],"summary":{"text":"쉬운 일 절반을 먼저 처리하고 난 후에 어려운 일을 어느 정도 처리한 뒤에 어려운 일을 다시 어려운 일 이렇게 처리할 생각입니다. 쉬운 일을 절반 정도 끝내고 난 다음 어려운 일을 칠 퍼센트 진행 후 나머지 쉬운 일을 빠르게 마치고 어려운 업무에 집중할 것입니다.","wordCount":43}}},"rawDataInfo":{"question":{"fileFormat":"wav","fileSize":610958,"duration":19090,"samplingBit":16,"channelCount":1,"samplingRate":"16kHz","audioPath":"/Mock/02.SalesMarketing/Male/New/ckmk_q_sm_m_n_185411.wav"},"answer":{"fileFormat":"wav","fileSize":2112078,"duration":66000,"samplingBit":16,"channelCount":1,"samplingRate":"16kHz","audioPath":"/Mock/02.SalesMarketing/Male/New/ckmk_a_sm_m_n_185411.wav"}}}