{"version":"1.0","dataSet":{"info":{"date":"20230116","occupation":"SM","channel":"MOCK","place":"ONLINE","gender":"MALE","ageRange":"-34","experience":"NEW"},"question":{"raw":{"text":"동물 실험이 인간에게 주는 이익에 관련해서 한 번 말씀해 주세요 그리고 그것에 대한 지원자님의 생각도 궁금합니다 동물 실험을 찬성하시나요 반대하시나요","wordCount":20},"emotion":[],"intent":[]},"answer":{"raw":{"text":"동물 실험은 동물들에게는 미안하지만 인간에게 엄청난 도움을 주고 있습니다.그 사실을 동물들도 알았으면 좋겠습니다. 동물들의 입장에서 자신들을 희생시켜서 인간들의 질병을 치유하고 수명을 연장시키는 그런 개발들이 자기들을 희생해서 한다는 것이 너무나 분하고 억울할 수도 있지만 바꾸어 말해 보면 그런 발달된 의학적 지식을 통해서 동물들에게도 분명 도움을 주는 날이 올 수 있습니다. 인간은 오래 살고 볼 일입니다. 사람도 오래 사귀고 볼 일 볼 일이라는 말이 있습니다. 일단은 오래 살아야 많은 경험을 하고 많은 것을 깨닫고 많은 시행착오를 겪고 많은 것을 느끼고 또 많은 것을 개발할 수 있습니다. 그 많은 개발을 통해서 결국에는 동물들에게도 도움이 된다는 것을 동물들도 알았으면 좋겠습니다.","wordCount":96},"emotion":[],"intent":[{"text":"","expression":"","category":"attitude"}],"summary":{"text":"동물 실험이 인간에게 큰 도움을 준다는 사실을 동물들도 알았으면 좋겠습니다. 동물들은 인간에게 희생으로 질병을 치유하고 수명을 연장시키는 것이 분하고 억울할 수 있지만 발달된 의학적 지식을 통해서 분명 도움이 될 수 있습니다.","wordCount":31}}},"rawDataInfo":{"question":{"fileFormat":"wav","fileSize":466638,"duration":14580,"samplingBit":16,"channelCount":1,"samplingRate":"16kHz","audioPath":"/Mock/02.SalesMarketing/Male/New/ckmk_q_sm_m_n_186651.wav"},"answer":{"fileFormat":"wav","fileSize":2535438,"duration":79230,"samplingBit":16,"channelCount":1,"samplingRate":"16kHz","audioPath":"/Mock/02.SalesMarketing/Male/New/ckmk_a_sm_m_n_186651.wav"}}}