{"version":"1.0","dataSet":{"info":{"date":"20230116","occupation":"SM","channel":"MOCK","place":"ONLINE","gender":"MALE","ageRange":"-34","experience":"NEW"},"question":{"raw":{"text":"네 다른 지원자들에 비해서 지원자님만이 가진 그런 차별성과 장점에 대해서 한번 어필해 보시겠는지요 어떤 차별성과 장점을 갖고 계시다고 생각하는지 어 무척 궁금합니다","wordCount":22},"emotion":[],"intent":[]},"answer":{"raw":{"text":"다른 지원자들에 비해 제가 가진 차별성은 바로 외국어 실력입니다. 저는 어린 시절부터 미국 드라마를 보면서 주인공들의 대사를 외우고 팝송을 들으면서 영어 가사를 외우고 이렇게 영어에 대한 감을 잡았습니다. 그리고 미국으로 교환 학생을 가면서 현지인들과 영어로 소통하고 영어로 수업을 듣고 영어로 과제를 작성하면서 한층 더 영어 실력을 향상시켰습니다. 하지만 여기서 그치지 않고 미국 마케팅 기업의 인턴으로 입사해 육 개월 동안 영어로 회의를 하고 영어로 서류를 작성하면서 기업에서 쓰는 영어에 대해서도 많이 배웠습니다. 이런 저의 외국어 실력이 다른 지원자에 비해 저만이 가진 장점이라고 생각합니다.","wordCount":82},"emotion":[],"intent":[{"text":"그리고 미국으로 교환 학생을 가면서 현지인들과 영어로 소통하고 영어로 수업을 듣고 영어로 과제를 작성하면서 한층 더 영어 실력을 향상시켰습니다.","expression":"c_private","category":"background"}],"summary":{"text":"저는 어린 시절부터 미국드라마를 보면서 영어에 대한 감을 잡았고 교환학생을 가면서 한층 더 영어 실력을 향상시켰습니다. 그리고 미국 마케팅 기업의 인턴으로 입사해 육 개월 동안 기업에서 쓰는 영어에 대해서도 많이 배웠습니다.","wordCount":31}}},"rawDataInfo":{"question":{"fileFormat":"wav","fileSize":577998,"duration":18060,"samplingBit":16,"channelCount":1,"samplingRate":"16kHz","audioPath":"/Mock/02.SalesMarketing/Male/New/ckmk_q_sm_m_n_196786.wav"},"answer":{"fileFormat":"wav","fileSize":2672718,"duration":83520,"samplingBit":16,"channelCount":1,"samplingRate":"16kHz","audioPath":"/Mock/02.SalesMarketing/Male/New/ckmk_a_sm_m_n_196786.wav"}}}