{"version":"1.0","dataSet":{"info":{"date":"20230116","occupation":"SM","channel":"MOCK","place":"ONLINE","gender":"MALE","ageRange":"-34","experience":"NEW"},"question":{"raw":{"text":"만약 일을 하던 도중 타 부서와 갈등 상황이 생겼습니다 이때 어떻게 해결하실 건가요 상황을 한 번 가정해 보고 말씀해 주세요","wordCount":20},"emotion":[],"intent":[]},"answer":{"raw":{"text":"협력할 수 있는 건 협력하되 저희의 기본적인 본질을 해치지 않는 선에서 협력이 이루어져야 된다고 생각을 합니다. 예를 들면 영업 업무로 이제 해외 출장을 가게 되었을 때 갑자기 정해진 숙소에서 한참이나 멀리 떨어진 곳에 숙소를 배정해야 된다는 그런 재무 팀의 지시가 올라온다면 예정 재정 삭감을 위해서 저는 그것에 대해서는 정말 가장 가장 강력하게 반대를 할 것 같습니다. 회사에 위해가 끼치는 행동이기 때문입니다. 하지만 그런 것이 아니라 근처에 있는 사 성 급 호텔을 뭐 삼 성 급 호텔이나 이 성 급 호텔로 낮춰주겠다. 이러한 제안에는 어 얼마든지 수용을 하고 받아들일 수 있을 것 같습니다. 이것은 상황에 따라서 좀 많이 다를 것 같습니다. 하지만 기본적으로 어 회사 일이라는 게 한 가지 부서만 있어서는 돌아가는 것이 아니기에 저는 최대한 저희 업무 부서에 선을 넘지 않는 기본적인 본질적인 선을 넘지 않는 내에서는 최대한 해당 타 부서와의 관계를 쌓을 예정입니다. 이상입니다. 감사합니다.","wordCount":136},"emotion":[],"intent":[{"text":"","expression":"","category":"attitude"}],"summary":{"text":"협력할 수 있는 건 협력하되 저희의 기본적인 본질을 해치지 않는 선에서 협력이 이루어져야 된다고 생각합니다. 예를 들면 해외 출장을 가게 되었을 때 정해진 숙소에서 한참이나 멀리 떨어진 곳에 숙소를 배정해야 한다는 재무 팀의 지시가 온다면 최대한 저희 업무 부서에 선을 넘지 않는 선에서 최대한 타 부서와의 관계를 쌓을 예정입니다.","wordCount":49}}},"rawDataInfo":{"question":{"fileFormat":"wav","fileSize":370638,"duration":11580,"samplingBit":16,"channelCount":1,"samplingRate":"16kHz","audioPath":"/Mock/02.SalesMarketing/Male/New/ckmk_q_sm_m_n_185412.wav"},"answer":{"fileFormat":"wav","fileSize":2302158,"duration":71940,"samplingBit":16,"channelCount":1,"samplingRate":"16kHz","audioPath":"/Mock/02.SalesMarketing/Male/New/ckmk_a_sm_m_n_185412.wav"}}}