{"version":"1.0","dataSet":{"info":{"date":"20230116","occupation":"SM","channel":"MOCK","place":"ONLINE","gender":"MALE","ageRange":"35-44","experience":"NEW"},"question":{"raw":{"text":"네 다른 계열사들도 많이 있는데요 지원자님께서 이 계열사에 특별히 지원해 주신 이유가 있는지요 그 이유를 들어보고 싶네요","wordCount":17},"emotion":[],"intent":[]},"answer":{"raw":{"text":"네 저 같은 경우에는 이 계열사를 지원하게 된 얘기가 계기가 앞으로 더 무궁무진한 발전이 가능하다 라는 점 때문입니다. 예를 들면은 이미 모든 체계가 갖춰져 있는 자회사나 본사 계열사 같은 경우에는 제가 배울 것이 물론 많긴 하겠지만 성장할 수 있는 가능성의 폭이 더 좁다라고 생각합니다. 그래서 저는 그런 부분에서 조금 더 유연한 사고방식과 조직의 체계를 잡혀가는데 더 일조할 수 있는 이 기업이 저와 더 잘 맞는다 라고 생각해서 지원을 하게 되었었습니다.","wordCount":70},"emotion":[],"intent":[{"text":"","expression":"","category":"attitude"}],"summary":{"text":"모든 체계가 갖춰진 자회사나 본사 계열사의 경우 성장가능성의 폭이 더 좁다고 생각합니다. 유연한 사고방식과 조직의 체계에 일조할 수 있는 이 기업이 저와 잘 맞는다고 생각해서 지원을 하게 되었습니다.","wordCount":28}}},"rawDataInfo":{"question":{"fileFormat":"wav","fileSize":410318,"duration":12820,"samplingBit":16,"channelCount":1,"samplingRate":"16kHz","audioPath":"/Mock/02.SalesMarketing/Male/New/ckmk_q_sm_m_n_224728.wav"},"answer":{"fileFormat":"wav","fileSize":1596238,"duration":49880,"samplingBit":16,"channelCount":1,"samplingRate":"16kHz","audioPath":"/Mock/02.SalesMarketing/Male/New/ckmk_a_sm_m_n_224728.wav"}}}