{"version":"1.0","dataSet":{"info":{"date":"20230116","occupation":"SM","channel":"MOCK","place":"ONLINE","gender":"MALE","ageRange":"-34","experience":"NEW"},"question":{"raw":{"text":"지금까지 여러 대외 활동을 해 보셨을 거라고 생각하는데요 어 그런 대외 활동들을 통해서 무엇을 배웠고 또 어떤 자세로 임하셨는지 또 말씀해 주시기 바랍니다","wordCount":23},"emotion":[],"intent":[]},"answer":{"raw":{"text":"지금까지 여러 대외 활동을 해 보셨을 텐데 대외 활동에서 무엇을 배웠고 어떠한 자세로 임했는지 말씀해 주세요 라고 이렇게 질문해 주셨는데요. 일단은 대외 활동을 많이는 해 보긴 했지만 그렇게 어 좋은 경험들을 많이 해 본 것은 처음이라서 되게 신기하고 재미있었던 경험이었던 것 같은데요. 일단은 저는 대외 활동에서 캠페인을 해 봐왔습니다. 어 캠페인을 하면서 느낀 점은 어 일단 내용은 이제 일회용 일 회 일회용 용품 사용 줄이기라는 내용의 캠페인이었는데요. 일단은 그런 캠페인을 옛날에도 해보았지만 이렇게 어 커 가면서 의미 있게 해본 것을 처음인 것 같아서 굉장히 느끼는 바도 많고 많은 분들이 참여를 해 주시고 우리가 준비했던 캠페인 이벤트도 잘 참여해 주셨기 때문에 굉장히 큰 힘이 되었고요. 음 굉장히 배우는 것도 많고 어 굉장히 저희가 모자란 부분도 많다고 생각을 했지만 열심히 따라 주시고 참여해 주시는 그런 분들에게 굉장히 감사함을 느꼈고 어 이런 캠페인을 통해서 다른 사람들도 이 캠페인을 실천할 수 있고 많은 사람들도 이런 좋은 취지에 캠페인들을 많이 열고 어 시행하면서 되게 좋은 뜻을 많이 알렸으면 좋겠다고 그런 생각을 굉장히 많이 했던 것 같습니다. 이렇게 해서 제가 대외 활동을 해 보았던 것 중에 이제 무엇을 배웠고 어떤 자세로 임했는지에 대해 설명을 해 드렸습니다.","wordCount":180},"emotion":[{"text":"음 굉장히 배우는 것도 많고 어 굉장히 저희가 모자란 부분도 많다고 생각을 했지만 열심히 따라 주시고 참여해 주시는 그런 분들에게 굉장히 감사함을 느꼈고 어 이런 캠페인을 통해서 다른 사람들도 이 캠페인을 실천할 수 있고 많은 사람들도 이런 좋은 취지에 캠페인들을 많이 열고 어 시행하면서 되게 좋은 뜻을 많이 알렸으면 좋겠다고 그런 생각을 굉장히 많이 했던 것 같습니다.","expression":"p-gratitude","category":"positive"}],"intent":[{"text":"","expression":"","category":"attitude"}],"summary":{"text":"저는 대외 활동에서 캠페인을 해 보았는데 캠페인을 하면서 느낀 점은 일회용 일회 일회용 용품 사용 줄이기라는 내용의 캠페인이었습니다. 캠페인을 통해 다른 사람들도 이 캠페인들을 많이 열고 시행하면서 되게 좋은 뜻을 많이 알렸으면 좋겠다는 생각을 많이 했던 것 같습니다.","wordCount":38}}},"rawDataInfo":{"question":{"fileFormat":"wav","fileSize":501838,"duration":15680,"samplingBit":16,"channelCount":1,"samplingRate":"16kHz","audioPath":"/Mock/02.SalesMarketing/Male/New/ckmk_q_sm_m_n_200035.wav"},"answer":{"fileFormat":"wav","fileSize":2748238,"duration":85880,"samplingBit":16,"channelCount":1,"samplingRate":"16kHz","audioPath":"/Mock/02.SalesMarketing/Male/New/ckmk_a_sm_m_n_200035.wav"}}}