{"version":"1.0","dataSet":{"info":{"date":"20230116","occupation":"SM","channel":"MOCK","place":"ONLINE","gender":"MALE","ageRange":"35-44","experience":"NEW"},"question":{"raw":{"text":"본인은 개인적으로 운영하는 에스엔에스 채널이 있나요 지원자님의 에스엔에스 활용 능력이 얼마나 되는지 궁금합니다 그것에 대해서 말씀해 주세요","wordCount":17},"emotion":[],"intent":[]},"answer":{"raw":{"text":"개인적으로 운영하고 있는 에스앤에스 채널이 있는지 저의 에스앤에스 활용 능력이 얼마나 되는지 궁금하다 고 하셨습니다. 저는 개인적으로 에스엔에스를 통해서 간단한 채널을 운영하고 있습니다. 운영까지는 아니고 예 채널을 만들어서 취미로 공유하고 있습니다. 사소한 일상 소소한 일상과 음식들 그리고 술과 함께 곁들일 수 있는 안주 이런 것들을 주제로 해서 직접 먹어 보고 그 맛을 평가하고 또 직접 만들어서 먹는 과정 그리고 만들 때 들어가는 재료 등을 공개하고 모든 사람들이 같이 공유할 수 있도록 그렇게 많이 올려두는 편입니다. 팔로워 수도 나날이 조금씩 증가하고 있는 추세고 반응도 나쁘지 않고 그리고 다른 것이 아니라 사람들이 평상시에도 많이 관심을 가지고 늘 하루도 빠짐없이 생각하는 것이 음식과 안주라는 매력 있는 타이틀이 있어 활용 능력은 굳이 많이 필요 없지만 충분히 팔로우들을 확보할 수 있는 그런 상황이 되어 있습니다.","wordCount":120},"emotion":[],"intent":[{"text":"","expression":"","category":"attitude"}],"summary":{"text":"개인적인 에스앤에스 채널이 있는지 활용 능력이 얼마나 되는지 궁금하다 고 하였습니다. 저는 개인적인 채널을 만들어 취미로 공유하고 있습니다. 음식과 안주라는 매력적 타이틀이 있어 활용 능력은 필요하지 않지만 팔로우들을 확보할 수 있는 상황이 되어 있고 나날이 증가하고 있는 추세입니다.","wordCount":38}}},"rawDataInfo":{"question":{"fileFormat":"wav","fileSize":539278,"duration":16850,"samplingBit":16,"channelCount":1,"samplingRate":"16kHz","audioPath":"/Mock/02.SalesMarketing/Male/New/ckmk_q_sm_m_n_230741.wav"},"answer":{"fileFormat":"wav","fileSize":3377998,"duration":105560,"samplingBit":16,"channelCount":1,"samplingRate":"16kHz","audioPath":"/Mock/02.SalesMarketing/Male/New/ckmk_a_sm_m_n_230741.wav"}}}