{"version":"1.0","dataSet":{"info":{"date":"20230116","occupation":"SM","channel":"MOCK","place":"ONLINE","gender":"MALE","ageRange":"35-44","experience":"NEW"},"question":{"raw":{"text":"지원자님이 협업을 할 때 가장 중요하게 생각하는 것이 무엇입니까 지원자님은 왜 그것을 가장 중요하게 생각하시는지 간단한 설명과 말씀해 주세요","wordCount":19},"emotion":[],"intent":[]},"answer":{"raw":{"text":"협업 문제가 오늘 많이 등장을 합니다. 협업을 할 때 가장 중요하게 생각하는 것이 무엇인지 왜 그것을 가장 중요하게 생각하는지 질문을 하셨습니다. 협업이라는 것은 여러 사람이 같은 과제를 좋은 성과를 내기 위해 하 함께 일을 하는 것입니다. 가장 중요한 것은 완성도 있게 서로 간의 의견 충돌 없이 각자 맡은 바 본분을 잘 수행하여 끝까지 완성될 때까지 트러블 없이 좋은 결과물을 만들어내는 것이 궁극적인 목적일 것입니다. 가장 중요하게 생각되어야 하는 것은 각자 맡은 바 본분을 잊지 않고 정확하게 해야 할 일을 수행해 내는 거 책임감이 가장 중요하지 않을까 생각을 합니다. 협업을 하면서 책임감이 없는 한 사람이라도 존재를 한다면 그 프로젝트는 성공적이기 어렵기 때문입니다.","wordCount":101},"emotion":[{"text":"가장 중요하게 생각되어야 하는 것은 각자 맡은 바 본분을 잊지 않고 정확하게 해야 할 일을 수행해 내는 거 책임감이 가장 중요하지 않을까 생각을 합니다.","expression":"u-belief","category":"neutral"}],"intent":[{"text":"","expression":"","category":"attitude"}],"summary":{"text":"협업은 여러 사람이 같은 과제를 좋은 성과를 내기 위해 함께 일하는 것입니다. 협업의 궁극적인 목적은 트러블 없이 좋은 결과물을 만들어내는 것입니다. 가장 중요하게 생각되는 것은 각자의 본분을 잊지 않고 정확하게 해야 할 일을 수행해 내는 책임감입니다.","wordCount":36}}},"rawDataInfo":{"question":{"fileFormat":"wav","fileSize":462158,"duration":14440,"samplingBit":16,"channelCount":1,"samplingRate":"16kHz","audioPath":"/Mock/02.SalesMarketing/Male/New/ckmk_q_sm_m_n_196822.wav"},"answer":{"fileFormat":"wav","fileSize":2895118,"duration":90470,"samplingBit":16,"channelCount":1,"samplingRate":"16kHz","audioPath":"/Mock/02.SalesMarketing/Male/New/ckmk_a_sm_m_n_196822.wav"}}}