{"version":"1.0","dataSet":{"info":{"date":"20230116","occupation":"SM","channel":"MOCK","place":"ONLINE","gender":"MALE","ageRange":"-34","experience":"NEW"},"question":{"raw":{"text":"만약 상사가 회사의 이익에 반하는 행동을 직접 목격하게 되었다면 이때 어떻게 행동하실 건가요","wordCount":13},"emotion":[],"intent":[]},"answer":{"raw":{"text":"답변드리겠습니다. 저는 업무에 있어서 그것이 다른 이들에게 해가 가지 않고 우리 회사에 불이익을 주지 않는다면 그게 위법한 일이 아니라면은 어느 정도의 융통성을 가지는 것을 동의합니다. 그러나 상사가 우리 회사에 불이익을 주는 그런 행동을 했고 그것을 제가 직접 목격했다면은 우선 그 상사에게 직설적으로 이야기를 할 것입니다. 제가 이러한 상황을 언제 언제 몇 시에 어떻게 목격을 했었고 그것에 대해서 이것은 충분히 아닌 것 같다. 그러나 그만한 이유가 부득이한 사유가 있었더라면 혹은 제가 착각한 거일 수도 있으니 해명을 요구하겠다. 그것을 충분히 듣고 그럼에도 불구하고 그것이 제가 우려하는 일이 맞다면 그것에 대해서는 신고를 할 수 밖에 없다. 그러나 그것을 자진신고 할 수 있게 기회를 줄 것이고 그 자진신고를 할 때 저도 같이 목격하고 동행할 수 있도록 어 주변에서 함께 있겠다. 이것에 대해서 만약에 불응할 시에는 저도 각 회사에 있는 인사 또는 법률 팀에 자문을 구할 것이고 그거에 따른 상응하는 합당한 처벌을 요청할 것입니다. 어쨌든 공과 사는 충분히 구별을 해야 되고 그것이 우리 회사 전체에게 불이익을 주는 행동이라면은 어떤 경우에도 타협은 불가능합니다. 그것을 인지를 하고 다시는 그 실수를 반복하지 않을지 그리고 이후에 어떤 처분을 받아 회사를 다닐 수 있을지는 회사 차원에서 결정할 일이기 때문입니다. 이상입니다.","wordCount":180},"emotion":[],"intent":[{"text":"어쨌든 공과 사는 충분히 구별을 해야 되고 그것이 우리 회사 전체에게 불이익을 주는 행동이라면은 어떤 경우에도 타협은 불가능합니다.","expression":"c_value","category":"background"}],"summary":{"text":"저는 업무에 있어 다른 이들에게 해가 가지 않고 우리 회사에 불이익을 주지 않는 것이 위법한 일이 아니라면 융통성을 가지는 것을 동의합니다. 그러나 상사가 회사에 불이익을 주는 행동을 했고 그것을 직접 목격했다면 우선 그 상사에게 직설적으로 이야기를 할 것입니다. 공과 사는 충분히 구별을 해야 되고 회사 전체에게 불이익을 주는 행동이라면 어떤 경우에도 타협은 불가능합니다.","wordCount":53}}},"rawDataInfo":{"question":{"fileFormat":"wav","fileSize":250958,"duration":7840,"samplingBit":16,"channelCount":1,"samplingRate":"16kHz","audioPath":"/Mock/02.SalesMarketing/Male/New/ckmk_q_sm_m_n_252230.wav"},"answer":{"fileFormat":"wav","fileSize":3658958,"duration":114340,"samplingBit":16,"channelCount":1,"samplingRate":"16kHz","audioPath":"/Mock/02.SalesMarketing/Male/New/ckmk_a_sm_m_n_252230.wav"}}}