{"version":"1.0","dataSet":{"info":{"date":"20230116","occupation":"SM","channel":"MOCK","place":"ONLINE","gender":"MALE","ageRange":"-34","experience":"NEW"},"question":{"raw":{"text":"지원자님만의 스트레스 해소 방법이 있다면 무엇인지 궁금한데요 지원자님이 왜 그 방법으로 스트레스를 해소하는지도 함께 말씀해 주시기 바랍니다","wordCount":17},"emotion":[],"intent":[]},"answer":{"raw":{"text":"저의 스트레스 해소 방법은 바로 운동을 하는 것입니다. 그 이유는 여러 가지가 있는데요. 먼저 첫 번째 이유는 바로 접근성이 좋기 때문입니다. 저는 축구를 하거나 등산을 하는 것을 좋아하는데요. 서울에는 참 등산하기 좋은 산들이 많이 있고 축구 하기 좋은 운동장도 많습니다. 이렇게 접근성이 좋기 때문에 쉽게 운동을 하면서 스트레스를 해소합니다. 두번째 이유는 바로 체력이 좋아지기 때문인데요. 운동을 하면 자연스레 많이 뛰고 많이 움직이면서 체력이 좋아집니다. 그러면 일을 할 때 쉽게 지치지 않습니다. 이런 장점이 있기 때문에 운동으로 스트레스를 해소합니다. 마지막 이유는 운동을 하면 인간관계가 넓어지기 때문입니다. 운동을 하면 새로운 사람들과 만나서 견문을 넓힐 수가 있습니다.","wordCount":94},"emotion":[],"intent":[{"text":"","expression":"","category":"attitude"}],"summary":{"text":"스트레스 해소 방법으로 운동하는 것이 좋습니다. 첫째, 접근성이 좋아 쉽게 운동을 할 수 있습니다. 둘째, 체력이 좋아져 쉽게 지치지 않습니다. 셋째, 인간관계가 넓어져 새로운 사람과 만나서 견문을 넓힐 수 줍니다.","wordCount":30}}},"rawDataInfo":{"question":{"fileFormat":"wav","fileSize":530638,"duration":16580,"samplingBit":16,"channelCount":1,"samplingRate":"16kHz","audioPath":"/Mock/02.SalesMarketing/Male/New/ckmk_q_sm_m_n_204103.wav"},"answer":{"fileFormat":"wav","fileSize":2764238,"duration":86380,"samplingBit":16,"channelCount":1,"samplingRate":"16kHz","audioPath":"/Mock/02.SalesMarketing/Male/New/ckmk_a_sm_m_n_204103.wav"}}}