{"version":"1.0","dataSet":{"info":{"date":"20230116","occupation":"SM","channel":"MOCK","place":"ONLINE","gender":"MALE","ageRange":"35-44","experience":"NEW"},"question":{"raw":{"text":"지원자님께서 입사 후에 근무를 하게 되실 텐데요 정작 근무를 하다 보니 지원한 분야가 지원자님과 잘 맞지 않는다는 사실을 깨닫는다면 그때 어떻게 하시겠습니까","wordCount":22},"emotion":[],"intent":[]},"answer":{"raw":{"text":"입사 후에 근무를 하면서 정작 제가 지원한 분야가 저와 잘 맞지 않는다는 사실을 깨닫게 된다면 많이 고민이 될 것입니다. 하지만 입사를 하기 전부터 면접 준비를 하고 면접을 봐서 이 회사에 입사를 하였고 또 제가 원해서 이 분야에 지원을 하였는데 이 분야가 저와 맞지 않으면 저는 자괴감이 심하게 들어 혼란 속에 근무를 하게 될 것입니다. 하지만 제가 선택하고 지원을 한 분야인 만큼 책임감은 충분히 가져야 하고 적응 기간과 훈련 기간을 많이 거치더라도 적응을 해 나가는 방향으로 진로를 택하는 것이 올바른 선택이 아닐까 생각을 합니다. 장기간 노력하였음에도 도저히 성과를 낼 수 없고 저와 너무 맞지 않는 분야라는 것을 다시 한 번 체감하게 된다면 그때 다른 분야로 다시 지원하는 쪽으로 고민을 해야 할 것입니다. 하지만 처음부터 바로 아 안 맞구나 라고 속단해 버리지 않고 일단은 근무를 하면서 다시 한 번 최대한 적응하기 위해 노력하는 것이 제 자신에게는 바람직하다고 봅니다.","wordCount":136},"emotion":[],"intent":[{"text":"","expression":"","category":"attitude"}],"summary":{"text":"지원자 분야가 저와 맞지 않는다면 혼란 속에 근무를 하게 될 것입니다. 하지만 지원 분야인 만큼 책임감은 충분히 가져야 하고 적응 기간과 훈련 기간을 많이 거치더라도 적응을 해 나가는 방향으로 진로를 택하는 것이 올바른 선택이라고 생각합니다. 일단 근무를 하면서 최대한 적응하기 위해 노력하는 것이 제 자신에게는 바람직하다고 봅니다.","wordCount":47}}},"rawDataInfo":{"question":{"fileFormat":"wav","fileSize":558158,"duration":17440,"samplingBit":16,"channelCount":1,"samplingRate":"16kHz","audioPath":"/Mock/02.SalesMarketing/Male/New/ckmk_q_sm_m_n_231100.wav"},"answer":{"fileFormat":"wav","fileSize":3888078,"duration":121500,"samplingBit":16,"channelCount":1,"samplingRate":"16kHz","audioPath":"/Mock/02.SalesMarketing/Male/New/ckmk_a_sm_m_n_231100.wav"}}}