{"version":"1.0","dataSet":{"info":{"date":"20230116","occupation":"SM","channel":"MOCK","place":"ONLINE","gender":"MALE","ageRange":"-34","experience":"NEW"},"question":{"raw":{"text":"스터디를 따로 하고 계신 것이 있는지 궁금한데요 만약에 있다면 어떤 공부를 하셨고 왜 그것을 하고 계신지 말씀해 주시기 바랍니다","wordCount":19},"emotion":[],"intent":[]},"answer":{"raw":{"text":"저는 시사 상식 스터디를 하고 있습니다. 이 스터디는 사람들마다 각자 담당 신문사를 정하고 그 신문사의 신문을 구독해서 매일매일 그 신문을 읽고 그 신문의 일 면 기사와 신문 사설을 요약해서 공유하는 것이 바로 시사 상식 스터디입니다. 이 스터디를 하는 이유는 바로 영업 직무로서 새로운 사람을 만났을 때 쉽게 공통점을 찾고 공감대를 형성하기 위해서입니다. 영업 일을 하면서 새로운 사람을 만나야 할 때가 많습니다. 그때 정치를 좋아하는 사람에겐 최근 정치 시사 이슈를 스포츠를 좋아하는 사람에겐 최근의 스포츠 뉴스를 이야기하면서 공통점을 발굴해서 쉽게 친해질 수 있습니다. 이렇게 친해지면 영업 활동은 매우 쉬워집니다. 따라서 이런 강점을 누리기 위해 열심히 시사 공부를 하고 있습니다.","wordCount":98},"emotion":[],"intent":[{"text":"","expression":"","category":"attitude"}],"summary":{"text":"저는 영업 직무로서 새로운 사람을 만날 때 쉽게 공통점을 찾고 공감대를 형성하기 위해 시사 상식 스터디를 하고 있습니다. 정치, 시사 이슈, 스포츠를 좋아하는 사람과는 쉽게 친해질 수 있어서 영업 활동이 매우 쉬워집니다.","wordCount":32}}},"rawDataInfo":{"question":{"fileFormat":"wav","fileSize":547598,"duration":17110,"samplingBit":16,"channelCount":1,"samplingRate":"16kHz","audioPath":"/Mock/02.SalesMarketing/Male/New/ckmk_q_sm_m_n_204110.wav"},"answer":{"fileFormat":"wav","fileSize":2809038,"duration":87780,"samplingBit":16,"channelCount":1,"samplingRate":"16kHz","audioPath":"/Mock/02.SalesMarketing/Male/New/ckmk_a_sm_m_n_204110.wav"}}}