{"version":"1.0","dataSet":{"info":{"date":"20230116","occupation":"SM","channel":"MOCK","place":"ONLINE","gender":"MALE","ageRange":"35-44","experience":"NEW"},"question":{"raw":{"text":"업무를 할 때 분쟁이 발생할 때를 대비한 지원자님만의 대처법이 있나요 있다면 그게 무엇인지 궁금합니다","wordCount":14},"emotion":[],"intent":[]},"answer":{"raw":{"text":"어 저는 특별히 저만의 대처법이라고 할 건 없고요. 분쟁이 생길 때 저는 웬만하면 참는 편입니다. 분쟁을 좀 피하려고 하는 편이고 어 만약에 제가 그 분쟁의 중심에 있지는 않을 것 같기는 합니다만 어 저만의 방법은 그냥 좀 이렇게 과격하게 의견을 표출하는 분들이나 좀 자신의 의견과 자신만의 어떤 어 생각을 주장하시고 계속 어 우기시고 욕심 내시는 분들이 계시다면 그냥 저는 가만히 말 안 하고 있는 편입니다. 좀 어 다수의 의견 쪽으로 의견을 따르는 경우가 많고 누군가가 저에게 의견을 물었을 때도 저는 웬만하면 어 의견을 제시하지 않으려고 노력하는 편입니다. 어 다른 분들도 그렇게 분쟁을 하고 좀 다투고 그러는 가운데 가운데 저도 그렇게 똑같이 목소리를 높이고 제 주장을 한다면 오히려 그 분쟁이 해결되기보다는 좀 더 심해지고 길어지고 할 것이라고 생각하기 때문에 저는 제 의견을 내세우기보단 그냥 좀 참고 어 그 분쟁에 있어서 그냥 자연스럽게 해결될 때까지 좀 말을 아끼고 하는 편일 것 같습니다.","wordCount":139},"emotion":[],"intent":[{"text":"","expression":"","category":"attitude"}],"summary":{"text":"분쟁 발생 시 저는 참는 편입니다. 다수의 의견 쪽으로 의견을 따르는 경우가 많고 의견을 제시하지 않으려고 노력합니다. 제 주장을 한다면 오히려 분쟁이 더 심해지고 길어질 것이라고 생각하기 때문에 의견을 내세우기보다는 그냥 참을 수 있는 편일 것 같습니다.","wordCount":37}}},"rawDataInfo":{"question":{"fileFormat":"wav","fileSize":353998,"duration":11060,"samplingBit":16,"channelCount":1,"samplingRate":"16kHz","audioPath":"/Mock/02.SalesMarketing/Male/New/ckmk_q_sm_m_n_236214.wav"},"answer":{"fileFormat":"wav","fileSize":3369998,"duration":105310,"samplingBit":16,"channelCount":1,"samplingRate":"16kHz","audioPath":"/Mock/02.SalesMarketing/Male/New/ckmk_a_sm_m_n_236214.wav"}}}