{"version":"1.0","dataSet":{"info":{"date":"20230116","occupation":"SM","channel":"MOCK","place":"ONLINE","gender":"MALE","ageRange":"-34","experience":"NEW"},"question":{"raw":{"text":"업무를 하면서 가장 어려울 것으로 예상되는 것은 무엇입니까 그리고 그에 어떻게 대처할 생각이신지 말씀해 주세요","wordCount":15},"emotion":[],"intent":[]},"answer":{"raw":{"text":"영업 직원에게 가장 어려운 일은 갑질 고객을 만나는 게 가장 어려운 일이라고 생각합니다. 흔히 고객들은 영업 사원들을 본인보다 낮은 사람이라고 생각하는 경향이 있습니다. 영업 직원은 함부로 대해도 된다라는 생각을 갖고 있는 고객이 간혹 있다고 생각하기 때문에 이런 고객을 만났을 때 잘 대처하는 방법이 중요하다고 생각합니다. 제가 갑질 고객을 만난다면 그 갑질 고객에게 본인이 하고 있는 이런 행동이 갑질에 한 종류다 라는 것을 인지시켜주고 정중하게 이런 갑질 행태는 어 나쁜 것이라는 걸 잘 설명해 줄 거 같습니다. 이런 고객을 잘 응대하고 대처하다 보면 제 자신도 뛰어난 영업사원이 될 수 있을 것이라고 생각합니다.","wordCount":91},"emotion":[],"intent":[{"text":"","expression":"","category":"attitude"}],"summary":{"text":"영업 직원에게 갑질 고객을 만나는 일은 가장 어렵습니다. 흔히 영업 사원들을 본인보다 낮은 사람이라고 생각하기 때문에 갑질 고객을 만나었을 때 잘 대처하는 방법이 중요합니다. 이런 고객을 잘 응대하고 대처하다 보면 제 자신도 뛰어난 영업사원이 될 수 있을 것입니다.","wordCount":38}}},"rawDataInfo":{"question":{"fileFormat":"wav","fileSize":453838,"duration":14180,"samplingBit":16,"channelCount":1,"samplingRate":"16kHz","audioPath":"/Mock/02.SalesMarketing/Male/New/ckmk_q_sm_m_n_227786.wav"},"answer":{"fileFormat":"wav","fileSize":2094158,"duration":65440,"samplingBit":16,"channelCount":1,"samplingRate":"16kHz","audioPath":"/Mock/02.SalesMarketing/Male/New/ckmk_a_sm_m_n_227786.wav"}}}