{"version":"1.0","dataSet":{"info":{"date":"20230116","occupation":"SM","channel":"MOCK","place":"ONLINE","gender":"MALE","ageRange":"-34","experience":"NEW"},"question":{"raw":{"text":"우리 회사에 들어와서 일을 하게 된다면 중국으로 출장을 갈 일이 조금 생길 수도 있는데요 지원자님께서는 중국 출장을 가도 괜찮으시겠습니까 어떠신지 말씀 부탁 드립니다","wordCount":23},"emotion":[],"intent":[]},"answer":{"raw":{"text":"일을 하게 되면 중국으로 출장을 갈 일이 조금 생길 수 있습니다 중국 출장도 괜찮으신가요 라고 이렇게 질문 해주셨는데요. 일단은 일을 하게 되면 뭐 해외 영업이나 아니면 어디 멀리 지방으로 이렇게 일을 하게 출장을 갈 일이 되게 많다고 생각을 하는데 그중에 중국이라고 한다면 아버지가 지금 중국 수입에 수출 이렇게 일을 하시기 때문에 좀 많은 것을 듣기도 했고 어릴 때부터 중국으로 여행을 좀 많이 가 보았기 때문에 그런 점에 있어서는 딱히 거리낌이 없다고 생각을 하기 때문에 중국 출장을 가도 오 더 저한테는 좋은 기회가 될 거라고 생각을 하고 굉장히 긍정적으로 받아들이고 있습니다. 중국 출장을 간다면 일단은 많은 다른 사람들과 많은 다른 회사 기업들과 이렇게 협업도 하고 회의도 하면서 굉장히 저같이 사회 초년생이 배울 점이 많다고 생각을 하고 일단 해외로 가는 거기 때문에 긴장도 되겠지만 어 굉장히 많은 다른 제가 생각하지 못한 사람들을 만나면서 배우는 점도 많을 것 같기 때문에 어 굉장히 좋은 기회라고 생각을 합니다. 그렇기 때문에 이제 일을 하게 되면 중국으로 출장을 가도 저는 중국 출장도 괜찮고 굉장히 좋은 기회에 이제 내가 더 성장할 수 있는 그런 어 다리가 될 거 같애서 굉장히 기대가 되고 좋다고 생각을 하고 있습니다.","wordCount":178},"emotion":[],"intent":[{"text":"","expression":"","category":"attitude"}],"summary":{"text":"일을 하게 되면 해외로 출장을 갈 일이 생길 수 있습니다. 중국 출장도 괜찮습니다. 아버지도 일을 하셔서 거리낌이 없습니다. 다른 사람들과 협업도 하고 회의도 하면서 배움이 많을 것 같습니다. 좋은 기회라고 생각하며 중국 출장을 가면 더 성장할 수 있는 다리가 될 것 같아 기대가 되고 좋습니다.","wordCount":45}}},"rawDataInfo":{"question":{"fileFormat":"wav","fileSize":636878,"duration":19900,"samplingBit":16,"channelCount":1,"samplingRate":"16kHz","audioPath":"/Mock/02.SalesMarketing/Male/New/ckmk_q_sm_m_n_200042.wav"},"answer":{"fileFormat":"wav","fileSize":2730318,"duration":85320,"samplingBit":16,"channelCount":1,"samplingRate":"16kHz","audioPath":"/Mock/02.SalesMarketing/Male/New/ckmk_a_sm_m_n_200042.wav"}}}