{"version":"1.0","dataSet":{"info":{"date":"20230116","occupation":"SM","channel":"MOCK","place":"ONLINE","gender":"MALE","ageRange":"-34","experience":"NEW"},"question":{"raw":{"text":"만약 지원자님께서 입사를 하고 난 후에 해외에 나가서 파견 근무를 하게 된다면 어느 나라에서 일을 하고 싶으신가요 그리고 왜 그 나라에서 일을 하고 싶은지 이유도 함께 말씀해 주시기 바랍니다","wordCount":29},"emotion":[],"intent":[]},"answer":{"raw":{"text":"해외 파견 근무를 나가게 된다면 저는 미국에서 업무를 진행하고 싶습니다. 왜냐하면 미국은 명실상부 세계 최대에 시장을 가진 초강대국입니다. 따라서 미국에서 세계 굴지에 기업들과 함께 일을 한다면 저의 커리어적인 부분에서 큰 성과를 얻을 수 있다고 생각하기 때문입니다. 두 번째로 미국에서 파견 근무를 성공적으로 수행한다면 또 다른 나라로 진출하는 것에 큰 어려움이 없을 것이기 때문입니다. 미국 시장에서 인정받고 미국 업계에서 인정받는다면 유럽 남미 아프리카 그 어느 곳에서든 살아남을 수 있다는 것이 증명됐다고 봐도 무방한데요. 따라서 미국에서 성공적으로 업무를 수행하고 미국 업계와 시장에서 자리를 잡으면서 또 다른 국가로 진출하는 것에 대한 발판으로 미국 경험을 활용하고 싶습니다. 이러한 이유들로 저는 미국에서 근무를 해 보고 싶습니다.","wordCount":101},"emotion":[],"intent":[{"text":"","expression":"","category":"attitude"}],"summary":{"text":"세계 최대에 시장을 가진 초강대국인 미국에서 근무하게 된다면 커리어적인 부분에서 큰 성과를 얻을 수 있고, 또 다른 나라로 진출하는 것에 큰 어려움이 없을 것이라는 이유들로 미국에서 근무를 해 보고 싶습니다.","wordCount":30}}},"rawDataInfo":{"question":{"fileFormat":"wav","fileSize":630158,"duration":19690,"samplingBit":16,"channelCount":1,"samplingRate":"16kHz","audioPath":"/Mock/02.SalesMarketing/Male/New/ckmk_q_sm_m_n_190425.wav"},"answer":{"fileFormat":"wav","fileSize":2813518,"duration":87920,"samplingBit":16,"channelCount":1,"samplingRate":"16kHz","audioPath":"/Mock/02.SalesMarketing/Male/New/ckmk_a_sm_m_n_190425.wav"}}}