{"version":"1.0","dataSet":{"info":{"date":"20230116","occupation":"SM","channel":"MOCK","place":"ONLINE","gender":"MALE","ageRange":"-34","experience":"NEW"},"question":{"raw":{"text":"태어나서 지금까지 한 일들 가운데 가장 후회했던 일이 있다면 무엇인가요 한 가지만 골라서 말씀해 주시기 바랍니다","wordCount":16},"emotion":[],"intent":[]},"answer":{"raw":{"text":"태어나서 지금까지 한 일들 가운데 가장 후회했던 것은 바로 교환 학생을 가지 않은 것입니다. 저는 어릴 적부터 영어에 관심이 많았는데요. 그래서 영어로 된 미국 드라마들을 매주 보고 주인공들의 대사를 외워 따라하기도 했습니다. 또 항상 팝송을 들으면서 가사를 공부하곤 했는데요. 이렇게 영어에 대한 충분한 감을 익혔지만 유창하게 말하긴 어려웠습니다. 그래서 미국 교환 학생을 계획하고 여러 가지 일을 하며 비용을 모았습니다. 하지만 비용을 다 모으고 나니 교환 학생보다는 유럽 여행을 가는 것이 어떨까 싶어서 짧게 유럽 여행을 다녀오게 되었습니다. 유럽 여행을 하면서 정말 즐겁고 행복했지만 제가 좋아하는 영어를 유창하게 배울 수는 없었습니다. 그래서 저는 인생에 단 한 번 밖에 갈 수 없는 교환 학생이라는 기회를 놓친 것이 태어나서 지금까지 한 일들 가운데 가장 후회되는 일입니다.","wordCount":113},"emotion":[],"intent":[{"text":"","expression":"","category":"attitude"}],"summary":{"text":"어릴 적부터 영어에 관심이 많아 영어 드라마와 가사를 공부해 유창하게 말하긴 어려웠습니다. 미국 교환 학생을 계획하고 비용을 모았지만 교환 학생보다는 유럽 여행을 가보고 싶었습니다. 유럽 여행은 즐거웠지만 영어를 유창하게 배울 수는 없어서 교환 학생이라는 기회를 놓친 것이 가장 후회되는 일입니다.","wordCount":40}}},"rawDataInfo":{"question":{"fileFormat":"wav","fileSize":437518,"duration":13670,"samplingBit":16,"channelCount":1,"samplingRate":"16kHz","audioPath":"/Mock/02.SalesMarketing/Male/New/ckmk_q_sm_m_n_191011.wav"},"answer":{"fileFormat":"wav","fileSize":2726478,"duration":85200,"samplingBit":16,"channelCount":1,"samplingRate":"16kHz","audioPath":"/Mock/02.SalesMarketing/Male/New/ckmk_a_sm_m_n_191011.wav"}}}