{"version":"1.0","dataSet":{"info":{"date":"20230116","occupation":"SM","channel":"MOCK","place":"ONLINE","gender":"MALE","ageRange":"-34","experience":"NEW"},"question":{"raw":{"text":"지원자님이 창의적으로 어떤 문제를 해결한 경험이 있으시다면 그 과정을 최대한 자세하게 설명 부탁드립니다","wordCount":13},"emotion":[],"intent":[]},"answer":{"raw":{"text":"제가 창의적으로 어떤 문제를 해결한 경험은 참 많은데요 그중 하나를 말씀드리자면 저는 이전에 아이스크림 기업에서 일했습니다. 제가 영업직으로 일하면서 어떤 거래처에서 급하게 아이스크림이 필요하다고 했고 이미 물류 센터가 문을 닫은 뒤라 물류차가 없었습니다. 그래서 저는 저의 자가용의 드라이아이스와 아이스크림을 스무 박스 가량 싣고 거래처로 직접 운전했습니다. 그 과정에서 아이스크림이 녹지 않게 하기 위해 차에 에어컨을 최대로 틀고 패딩을 입은 채로 거래처로 갔습니다. 이렇게 창의적으로 문제를 해결하자 저는 주위 사람들에게 인정을 받고 또 거래처와의 관계도 돈독해질 수 있었습니다.","wordCount":77},"emotion":[{"text":"제가 창의적으로 어떤 문제를 해결한 경험은 참 많은데요 그중 하나를 말씀드리자면 저는 이전에 아이스크림 기업에서 일했습니다.","expression":"u-fact","category":"neutral"},{"text":"이렇게 창의적으로 문제를 해결하자 저는 주위 사람들에게 인정을 받고 또 거래처와의 관계도 돈독해질 수 있었습니다.","expression":"p-affection","category":"positive"}],"intent":[{"text":"","expression":"","category":"attitude"}],"summary":{"text":"제가 창의적으로 해결한 경험 중 하나는 제가 아이스크림 기업에서 일할 때 거래처에서 급하게 아이스크림이 필요하다고 하여 자가용에 드라이아이스와 아이스크림을 싣고 거래처로 직접 운전한 것입니다. 이로 인해 사람들과의 관계도 돈독해졌습니다.","wordCount":29}}},"rawDataInfo":{"question":{"fileFormat":"wav","fileSize":339278,"duration":10600,"samplingBit":16,"channelCount":1,"samplingRate":"16kHz","audioPath":"/Mock/02.SalesMarketing/Male/New/ckmk_q_sm_m_n_197185.wav"},"answer":{"fileFormat":"wav","fileSize":2546958,"duration":79590,"samplingBit":16,"channelCount":1,"samplingRate":"16kHz","audioPath":"/Mock/02.SalesMarketing/Male/New/ckmk_a_sm_m_n_197185.wav"}}}