{"version":"1.0","dataSet":{"info":{"date":"20230116","occupation":"SM","channel":"MOCK","place":"ONLINE","gender":"MALE","ageRange":"35-44","experience":"NEW"},"question":{"raw":{"text":"지금까지 인생을 살면서 가장 후회되는 일이 있다면 그것은 무엇인가요 한 가지만 골라서 구체적으로 말씀해 주시기 바랍니다","wordCount":16},"emotion":[],"intent":[]},"answer":{"raw":{"text":"지금까지 인생을 살아오면서 가장 후회되는 일이 있다면 어떤 일인지 한 가지만 이야기해 달라고 하셨습니다. 가장 후회되는 일 한 가지를 꼽으라면 공부를 소홀히 했던 과거 학창 시절이 가장 후회가 됩니다. 어린 시절부터 어른들은 공부해라 공부해라 라는 이야기를 많이 합니다. 하지만 성인이 되기 전에 그 당시에는 그러한 것들을 잘 깨닫지 못하고 이후 미래에 대한 고민보다는 현재 당시를 즐기고 당시의 안녕을 더 챙기게 되는 나이인 것은 사실입니다. 대부분이 그렇듯 어떠한 환경에서 어떻게 성장하였나도 상당히 중요하지만 제가 살아온 환경과 배경으로는 지나치게 높은 곳까지 공부로 올라가는 것은 아주 힘든 상황이었습니다. 그래서 저는 빨리 취업을 하고 근무를 시작을 하여 지금까지 여러 군 여러 군데를 다니며 근무를 하고 있지만 현재로서 제가 느끼는 가장 후회되는 일 중 하나를 꼽으라면 공부를 더 열심히 많이 못했던 그 과거가 가장 후회가 된다고 할 수 있겠습니다.","wordCount":124},"emotion":[{"text":"그래서 저는 빨리 취업을 하고 근무를 시작을 하여 지금까지 여러 군 여러 군데를 다니며 근무를 하고 있지만 현재로서 제가 느끼는 가장 후회되는 일 중 하나를 꼽으라면 공부를 더 열심히 많이 못했던 그 과거가 가장 후회가 된다고 할 수 있겠습니다.","expression":"n-distress","category":"negative"}],"intent":[{"text":"가장 후회되는 일 한 가지를 꼽으라면 공부를 소홀히 했던 과거 학창 시절이 가장 후회가 됩니다.","expression":"c_private","category":"background"}],"summary":{"text":"가장 후회되는 일 한 가지를 꼽자면, 공부를 소홀히 했던 과거 학창 시절입니다. 제가 살아온 환경과 배경으로는 지나치게 높은 곳까지 공부로 올라가는 것은 아주 힘든 상황이었습니다. 지금까지 근무를 하고 있지만 현재로선 공부를 더 열심히 하지 못했던 그 과거가 가장 후회된다고 할 수 있겠습니다.","wordCount":42}}},"rawDataInfo":{"question":{"fileFormat":"wav","fileSize":579278,"duration":18100,"samplingBit":16,"channelCount":1,"samplingRate":"16kHz","audioPath":"/Mock/02.SalesMarketing/Male/New/ckmk_q_sm_m_n_231099.wav"},"answer":{"fileFormat":"wav","fileSize":3668238,"duration":114630,"samplingBit":16,"channelCount":1,"samplingRate":"16kHz","audioPath":"/Mock/02.SalesMarketing/Male/New/ckmk_a_sm_m_n_231099.wav"}}}