{"version":"1.0","dataSet":{"info":{"date":"20230116","occupation":"SM","channel":"MOCK","place":"ONLINE","gender":"MALE","ageRange":"-34","experience":"NEW"},"question":{"raw":{"text":"고객의 불만이나 클레임을 해결한 경험이 있다면 어떻게 대처했습니까","wordCount":8},"emotion":[],"intent":[]},"answer":{"raw":{"text":"저는 이전 직장에서 고객의 불만을 지혜롭게 처리한 경험이 있습니다. 저는 아이스크림 기업에서 영업직으로 근무했었습니다. 당시 한 거래처에서 오늘까지 와야 하는 아이스크림이 도착하지 않았다며 저에게 불만을 제기했습니다. 그때는 이미 물류 창고도 마감한 상태라 달리 방도가 없었는데요. 저는 제 차에 아이스크림 열두 박스 정도를 싣고 에어컨을 최대로 틀고 드라이 아이스를 함께 넣어서 제 차로 두 시간 가량을 운전해서 거래처에 갖다 준 경험이 있습니다. 이 사건 이후 오히려 저와 거래처의 관계는 더욱더 단단해졌습니다.","wordCount":70},"emotion":[{"text":"저는 아이스크림 기업에서 영업직으로 근무했었습니다.","expression":"u-fact","category":"neutral"}],"intent":[{"text":"","expression":"","category":"attitude"}],"summary":{"text":"저는 이전 직장에서 고객의 불만을 지혜롭게 처리한 경험이 있습니다. 제 차에 아이스크림 12박스 정도를 싣고 두 시간 가량을 운전해서 거래처에 갖다 준 경험으로 저와 거래처의 관계는 더욱 단단해졌습니다.","wordCount":28}}},"rawDataInfo":{"question":{"fileFormat":"wav","fileSize":243278,"duration":7600,"samplingBit":16,"channelCount":1,"samplingRate":"16kHz","audioPath":"/Mock/02.SalesMarketing/Male/New/ckmk_q_sm_m_n_197194.wav"},"answer":{"fileFormat":"wav","fileSize":2345998,"duration":73310,"samplingBit":16,"channelCount":1,"samplingRate":"16kHz","audioPath":"/Mock/02.SalesMarketing/Male/New/ckmk_a_sm_m_n_197194.wav"}}}