{"version":"1.0","dataSet":{"info":{"date":"20230116","occupation":"SM","channel":"MOCK","place":"ONLINE","gender":"MALE","ageRange":"-34","experience":"NEW"},"question":{"raw":{"text":"이전 직장이나 어 혹은 대학에서 어떤 프로젝트를 해 봤는지 생각나시는 게 있으시다면 한 번 말씀해 주시겠습니까","wordCount":16},"emotion":[],"intent":[]},"answer":{"raw":{"text":"영업에 있어서 시장 파악을 하는 프로젝트를 진행을 했었습니다. 어떤 프로젝트였냐면은 이 어떤 가상의 상황을 던져주시고 이 교수님과 교수님의 생각에 가장 근접한 팀한테 이제 상을 주는 그런 프로젝트였는데요. 저 같은 경우는 이 프로젝트가 정말 저의 영업적인 스킬에 있어서 상당한 통찰함과 그리고 영업적 역량을 이끌어 준 그런 사건이라고 할 수 있겠습니다. 여기서 십만 원을 가지고 이제 최대한의 마진을 남겨오는 그런 업무를 같이 실무적인 업무를 같이 병행을 했었습니다. 이 십만 원이라는 돈이 정말 상당히 작을 수도 있겠지만 이 십만 원을 통해서 사람들이 필요한 니즈를 적재적소에 파악을 해서 물건을 파는 업무였는데요. 이 업무가 상당히 제 영업적 역량에 도움을 많이 줬었습니다. 십만 원으로 이십만 원까지 이십만 원을 이제 버너 오는 제 모습을 보면서 아 저는 상당히 영업에 자신이 소질이 있구나 이런 생각도 들게 되었고 그러한 자신감으로 이러한 이 회사에 지원을 하게 된 계기도 되었습니다. 이상입니다. 감사합니다.","wordCount":131},"emotion":[],"intent":[{"text":"십만 원으로 이십만 원까지 이십만 원을 이제 버너 오는 제 모습을 보면서 아 저는 상당히 영업에 자신이 소질이 있구나 이런 생각도 들게 되었고 그러한 자신감으로 이러한 이 회사에 지원을 하게 된 계기도 되었습니다.","expression":"c_sincere_job","category":"etc"}],"summary":{"text":"시장 파악을 하는 프로젝트를 진행했습니다. 이 프로젝트는 제 영업적 스킬에 있어서 상당한 통찰과 그리고 영업적 역량을 이끌어 준 사건이라고 할 수 있습니다. 십 원으로 최대한의 마진을 남겨오는 실무적인 업무를 같이 병행했습니다.","wordCount":31}}},"rawDataInfo":{"question":{"fileFormat":"wav","fileSize":389838,"duration":12180,"samplingBit":16,"channelCount":1,"samplingRate":"16kHz","audioPath":"/Mock/02.SalesMarketing/Male/New/ckmk_q_sm_m_n_185367.wav"},"answer":{"fileFormat":"wav","fileSize":2450638,"duration":76580,"samplingBit":16,"channelCount":1,"samplingRate":"16kHz","audioPath":"/Mock/02.SalesMarketing/Male/New/ckmk_a_sm_m_n_185367.wav"}}}