{"version":"1.0","dataSet":{"info":{"date":"20230116","occupation":"SM","channel":"MOCK","place":"ONLINE","gender":"MALE","ageRange":"-34","experience":"NEW"},"question":{"raw":{"text":"영업하기 위해 참석한 자린데 자꾸 술을 권하거나 어려운 부탁을 하거나 또 곤란한 상황을 만드는 사람이 있으면 그 상황을 어떻게 극복하실 건가요","wordCount":21},"emotion":[],"intent":[]},"answer":{"raw":{"text":"영업 자리를 갔을 때 자꾸 저에게 술을 권하고 어려운 요청을 한다면 저는 그 거래처와는 업무를 천천히 중단하고 다른 대체 업체를 찾아보겠습니다. 이 이야기가 사뭇 극단적으로 들릴 수도 있지만 저는 영업 활동을 할 때 이렇게 이기적이고 술자리에 빠져있는 이런 업체들은 장기적으로 회사가 성장하지 못하기 때문에 관계를 끊는 것이 옳다 고 생각합니다. 왜냐하면 이렇게 좋지 못한 거래처는 계속 평이 안 좋아지고 우리 회사와 업무를 진행하게 되면 우리 회사에도 부정적인 이미지가 옮겨올 수 있습니다. 따라서 이렇게 어려운 요청과 술자리 요청을 하는 거래처는 과감하게 관계를 정리하겠습니다.","wordCount":82},"emotion":[],"intent":[{"text":"","expression":"","category":"attitude"}],"summary":{"text":"저는 영업 자리에서 이기적이고 술자리에 빠져있는 거래처는 장기적으로 회사가 성장하지 못하므로 관계를 끊는 것이 옳다고 생각합니다. 따라서 어려운 요청과 술자리 요청을 하는 거래처의 관계는 과감하게 관계를 정리하겠습니다.","wordCount":27}}},"rawDataInfo":{"question":{"fileFormat":"wav","fileSize":435278,"duration":13600,"samplingBit":16,"channelCount":1,"samplingRate":"16kHz","audioPath":"/Mock/02.SalesMarketing/Male/New/ckmk_q_sm_m_n_196678.wav"},"answer":{"fileFormat":"wav","fileSize":2738638,"duration":85580,"samplingBit":16,"channelCount":1,"samplingRate":"16kHz","audioPath":"/Mock/02.SalesMarketing/Male/New/ckmk_a_sm_m_n_196678.wav"}}}