{"version":"1.0","dataSet":{"info":{"date":"20230116","occupation":"SM","channel":"MOCK","place":"ONLINE","gender":"MALE","ageRange":"-34","experience":"NEW"},"question":{"raw":{"text":"지원자님께서 보시는 바와 같이 우리 신용보증기금은 대한민국의 금융정책기관인데요 어 대한민국의 금융정책기관으로서 신용보증기금이 호가 해야 할 업무 영역은 뭐라고 생각하시나요 저에게 말해 주세요","wordCount":22},"emotion":[],"intent":[]},"answer":{"raw":{"text":"대한민국에 금융 정책 기관으로써 우리 신용 보증 기금이 호가대 확대해야 할 업무 영역은 무엇이라고 생각하냐 이렇게 질문해 주셨는데 일단은 어 신용보증기금의 인제 그 성립 설립 목적은 인제 담보 능력이 미약한 기업의 채무를 보증하여 인제 기업의 자금융통을 원활히 하고 신용 정보의 효율적인 관리 및 운용을 통하여 건전한 신용질서를 확립함으로써 균형 있는 국민의 경제 에너지에 이바지하기 위해서 이렇게 설립을 하였는데요. 일단은 어 주무 기관은 이제 금융위원회이기 때문에 인제 그리고 인제 기업 분류는 인제 기금 관리형 준 정보기관이었고 그렇기 때문에요. 어 일단은 이 어 신용보증기금이 확대해야 할 업무 영역에서는 뭐 많은 것이 있겠지만 일단은 기업의 미래와 이제 성장 동력 확진과 국민 경제 어 균형 발전에 기여를 해야 하기 때문에 이제 그 기업 도전과 성장이 되는 힘의 동반자가 이게 비전이라고 해야 합니다. 그러기 때문에 이제 그런 것에 대해서 좀 더 잘 확대해야 해야 할 업무 능력이라고 생각을 하고요. 기업을 잘 이끌어 갔으면 좋겠습니다.","wordCount":139},"emotion":[],"intent":[{"text":"","expression":"","category":"attitude"}],"summary":{"text":"신용보증기금의 설립 목적은 담보 능력이 미약한 기업의 채무를 보증하여 기업의 자금융통을 원활히 하고 건전한 신용질서를 확립함으로써 균형 있는 국민의 경제 에너지에 이바지하기 위해서 설립하였습니다. 업무 영역에서는 기업의 미래와 성장 동력 확진과 국민 경제의 균형 발전에 기여를 해야 합니다.","wordCount":38}}},"rawDataInfo":{"question":{"fileFormat":"wav","fileSize":540878,"duration":16900,"samplingBit":16,"channelCount":1,"samplingRate":"16kHz","audioPath":"/Mock/02.SalesMarketing/Male/New/ckmk_q_sm_m_n_200041.wav"},"answer":{"fileFormat":"wav","fileSize":2522318,"duration":78820,"samplingBit":16,"channelCount":1,"samplingRate":"16kHz","audioPath":"/Mock/02.SalesMarketing/Male/New/ckmk_a_sm_m_n_200041.wav"}}}