{"version":"1.0","dataSet":{"info":{"date":"20230116","occupation":"SM","channel":"MOCK","place":"ONLINE","gender":"MALE","ageRange":"-34","experience":"NEW"},"question":{"raw":{"text":"지원자님께서는 지금까지 여러 대외 활동을 경험해 보셨을 텐데요 대외 활동을 통해 무엇을 배웠고 또 어떤 자세로 임했는지 말씀해 주시기 바랍니다","wordCount":20},"emotion":[],"intent":[]},"answer":{"raw":{"text":"저는 지금까지 해본 여러 대외 활동 중 가장 기억에 남는 것은 바로 대학 시절 외국인 유학생의 한국 적응을 도왔던 것입니다. 저는 당시 오스트리아에서 온 한 여학생을 담당해서 한국 적응을 도왔는데요. 그러면서 같이 경복궁을 포함한 서울에 있는 여러 유적지들을 함께 다니고 삼겹살 냉면 등 한국 음식을 소개했습니다. 비록 저의 영어가 부족해서 대화는 어려웠지만 진심으로 소통하고 교류할 수 있었습니다. 이 경험을 통해 어떤 사람과도 진심으로 소통하고 교류할 수 있을 것이란 자신감을 얻었습니다. 그래서 이 회사에 입사해서도 어떤 사람이든지 잘 소통하고 교류하는 그런 사람이 되겠습니다.","wordCount":82},"emotion":[{"text":"저는 지금까지 해본 여러 대외 활동 중 가장 기억에 남는 것은 바로 대학 시절 외국인 유학생의 한국 적응을 도왔던 것입니다.","expression":"u-fact","category":"neutral"}],"intent":[{"text":"저는 지금까지 해본 여러 대외 활동 중 가장 기억에 남는 것은 바로 대학 시절 외국인 유학생의 한국 적응을 도왔던 것입니다.","expression":"c_private","category":"background"},{"text":"저는 당시 오스트리아에서 온 한 여학생을 담당해서 한국 적응을 도왔는데요.","expression":"c_private","category":"background"}],"summary":{"text":"대학 시절 외국인 유학생의 한국 적응을 도왔던 대외 활동이 가장 기억에 남습니다. 이 경험을 통해 어떤 사람과도 진심으로 소통하고 교류할 수 있을 것이란 자신감을 얻었습니다. 그래서 이 회사에 입사해서도 잘 소통하고 교류하는 사람이 되겠습니다.","wordCount":34}}},"rawDataInfo":{"question":{"fileFormat":"wav","fileSize":535438,"duration":16730,"samplingBit":16,"channelCount":1,"samplingRate":"16kHz","audioPath":"/Mock/02.SalesMarketing/Male/New/ckmk_q_sm_m_n_196498.wav"},"answer":{"fileFormat":"wav","fileSize":2665038,"duration":83280,"samplingBit":16,"channelCount":1,"samplingRate":"16kHz","audioPath":"/Mock/02.SalesMarketing/Male/New/ckmk_a_sm_m_n_196498.wav"}}}