{"version":"1.0","dataSet":{"info":{"date":"20230116","occupation":"SM","channel":"MOCK","place":"ONLINE","gender":"MALE","ageRange":"35-44","experience":"NEW"},"question":{"raw":{"text":"지원자님께서 최근 공부하고 있는 것이 있으신가요 왜 그 분야에 대해서 학습을 하는지 지금까지 어떤 것을 배웠는지에 대해서도 말씀 부탁드립니다","wordCount":19},"emotion":[],"intent":[]},"answer":{"raw":{"text":"요즘 하고 있는 공부가 있는지 왜 그것을 공부하는지 지금까지 무엇을 배웠는지도 궁금해 하셨습니다. 요즘은 제가 일러스트라는 프로그램으로 디자인 작업을 하는 과정을 배우고 있습니다. 왜 공부를 하는지는 여러 가지 종합적으로 제가 디자인을 필요로 할 때 가장 사용하기에 적합한 프로그램이 일러스트레이터라고 생각을 하고 있습니다. 포토샵과 비슷한 맥락이지만 사용법을 모르면 사용하기가 쉽지 않습니다. 그래서 책을 하나 구입을 해서 그 책에서 설명하는 대로 따라서 작업을 해보기도 하고 유튜브 등을 검색해서 잘 모르는 부분을 배우기도 합니다. 그리고 제가 직장 생활을 하든 또 다른 지인들의 디자인 작업을 도와주든 필요한 경우가 아주 많을 것 같아 유용한 프로그램이라 공부를 하고 있습니다. 지금까지 그 프로그램을 사용하여 간단한 작업 등은 충분히 할 수 있을 정도로 작업이 많이 늘었습니다. 간단한 로고 디자인이나 메뉴 디자인 배경 문구 그리고 폰트 작업까지 다들 할 수 있을 정도로 현재는 많이 늘은 상태입니다.","wordCount":127},"emotion":[{"text":"요즘은 제가 일러스트라는 프로그램으로 디자인 작업을 하는 과정을 배우고 있습니다.","expression":"u-fact","category":"neutral"}],"intent":[{"text":"","expression":"","category":"attitude"}],"summary":{"text":"디자인 작업을 할 때 필요한 프로그램인 일러스트레이터는 포토샵과 비슷한 맥락이지만 사용법을 알면 사용하기가 쉽지 않습니다. 그래서 책을 구입해서 작업을 하거나 유튜브 등을 검색해서 모르는 부분을 배우기도 합니다. 지금까지 그 프로그램을 사용하여 간단한 작업 등은 충분히 할 수 있을 정도로 작업이 많이 늘었습니다.","wordCount":42}}},"rawDataInfo":{"question":{"fileFormat":"wav","fileSize":454478,"duration":14200,"samplingBit":16,"channelCount":1,"samplingRate":"16kHz","audioPath":"/Mock/02.SalesMarketing/Male/New/ckmk_q_sm_m_n_231094.wav"},"answer":{"fileFormat":"wav","fileSize":3867918,"duration":120870,"samplingBit":16,"channelCount":1,"samplingRate":"16kHz","audioPath":"/Mock/02.SalesMarketing/Male/New/ckmk_a_sm_m_n_231094.wav"}}}