{"version":"1.0","dataSet":{"info":{"date":"20230116","occupation":"SM","channel":"MOCK","place":"ONLINE","gender":"MALE","ageRange":"-34","experience":"NEW"},"question":{"raw":{"text":"귀하께서는 해외 영업에서 맡고 싶은 국가가 따로 있습니까","wordCount":8},"emotion":[],"intent":[]},"answer":{"raw":{"text":"제가 해외 영업을 나가게 된다면 가장 가고 싶은 나라는 미국입니다. 그 이유는 여러 가지가 있는데요. 첫 번째는 미국이야말로 세계 최대 규모의 시장이기 때문에 배울 점이 많다는 것입니다. 미국은 명실상부 세계 최강대국이며 세계 굴지의 기업들이 경쟁을 하는 거대한 시장입니다. 이곳에서 영업을 하는 것이 저의 역량을 기르는 데 매우 도움이 될 것 같습니다. 두 번째는 만약 미국 시장에 진출하게 되면 또 다른 나라로 진출할 때 큰 도움이 되기 때문입니다. 이렇게 거대한 미국 시장에서 인정을 받는다는 것은 유럽이나 남미 혹은 아프리카 등 다양한 세계 시장 그 어디에서도 살아남을 수 있다는 것을 뜻하는데요. 따라서 미국에 진출해서 자리를 잡은 뒤 다른 나라로 진출하는 것이 쉬워지기 때문에 미국에서 영업을 해보고 싶습니다. 다른 이유는 미국의 저의 삼촌이 살고 있기 때문에 심리적으로도 안정감이 있기 때문입니다.","wordCount":117},"emotion":[],"intent":[{"text":"","expression":"","category":"attitude"}],"summary":{"text":"세계 최대 규모의 시장인 미국에서 영업을 하는 것은 역량 기르기에 좋고, 또 다른 나라로 진출할 때 큰 도움이 되기 때문에 해외 영업을 나가게 된다면 가장 가고 싶은 나라는 미국입니다.","wordCount":29}}},"rawDataInfo":{"question":{"fileFormat":"wav","fileSize":258638,"duration":8080,"samplingBit":16,"channelCount":1,"samplingRate":"16kHz","audioPath":"/Mock/02.SalesMarketing/Male/New/ckmk_q_sm_m_n_181045.wav"},"answer":{"fileFormat":"wav","fileSize":2752718,"duration":86020,"samplingBit":16,"channelCount":1,"samplingRate":"16kHz","audioPath":"/Mock/02.SalesMarketing/Male/New/ckmk_a_sm_m_n_181045.wav"}}}