{"version":"1.0","dataSet":{"info":{"date":"20230116","occupation":"SM","channel":"MOCK","place":"ONLINE","gender":"MALE","ageRange":"-34","experience":"NEW"},"question":{"raw":{"text":"영어 말고 다른 언어 할 수 있는 것이 있나요","wordCount":9},"emotion":[],"intent":[]},"answer":{"raw":{"text":"어 제가 외국어 능력이 그렇게 뛰어나지가 않은 편인데요. 어 제가 영어도 쪼끔 정도 하는 편인 것 같습니다. 그렇게 잘하는 편은 아니지만 어 제가 파트타임으로 근무하면서 외국인 손님을 제가 받아본 적이 있습니다. 그때마다 제가 임기 응변으로 대처했던 방법은 번역기와 바디랭기지 그리고 눈빛으로 뭔가 교감하는 것인데요. 어 손님도 명확하게 아 이 직원는 나의 언어를 잘 할 줄 모르는구나 라고 인식시켜주는 것이 가장 중요했다고 생각합니다. 어 하지만 제가 그런 서비스나 판매에서 열의를 잃지 않고 어 정말 손짓 발짓 모두 다 이용하면서 어려워하는 외국인 손님도 구제해 가면서 열심히 판매를 했던 경험이 있습니다. 그래서 제가 영어 이외에 다른 언어를 할 수는 없지만 어 그런 상황이 와도 정말 당황하지 않고 침착하게 잘 대처할 자신이 있습니다.","wordCount":109},"emotion":[],"intent":[{"text":"","expression":"","category":"attitude"}],"summary":{"text":"외국어 능력이 뛰어난 편은 아니지만 파트타임으로 근무하는 외국인 손님을 받아본 적이 있습니다. 그때마다 번역기와 바디랭기지 그리고 눈빛으로 교감하는 것이 가장 중요했습니다. 어 하지만 그런 서비스나 판매에서 열의를 잃지 않고 열심히 판매를 했던 경험이 있었습니다.","wordCount":34}}},"rawDataInfo":{"question":{"fileFormat":"wav","fileSize":225358,"duration":7040,"samplingBit":16,"channelCount":1,"samplingRate":"16kHz","audioPath":"/Mock/02.SalesMarketing/Male/New/ckmk_q_sm_m_n_183685.wav"},"answer":{"fileFormat":"wav","fileSize":1878478,"duration":58700,"samplingBit":16,"channelCount":1,"samplingRate":"16kHz","audioPath":"/Mock/02.SalesMarketing/Male/New/ckmk_a_sm_m_n_183685.wav"}}}