{"version":"1.0","dataSet":{"info":{"date":"20230116","occupation":"SM","channel":"MOCK","place":"ONLINE","gender":"MALE","ageRange":"-34","experience":"NEW"},"question":{"raw":{"text":"지원자는 실제로 물건을 판매한 경험이 있습니까 있다면 그 경험으로부터 배운 교훈은 무엇입니까","wordCount":12},"emotion":[],"intent":[]},"answer":{"raw":{"text":"저는 과거 번화가에서 즉석 사진을 찍어주면서 영업을 했던 경험이 있습니다. 대학 시절 저는 용돈를 벌기 위해 크리스마스에 조형물이 많고 사람들이 붐비는 곳에서 즉석 사진을 찍어주고 두 장에 오천 원에 판매하는 경험을 해 본 적이 있습니다. 당시 정말 많은 사람들이 있었고 즉석 사진을 판매할 때 사람들에게 다가가 먼저 휴대폰 사진을 찍어주고 혹시 즉석 사진을 찍을 생각이 있으신지 정중히 여쭤봤습니다. 이러한 방식으로 영업을 하자 제가 찍어준 휴대폰 사진을 보고 만족한 사람들은 즉석 사진으로 사진을 찍어 달라고 요청했는데요. 그렇게 제가 준비한 필름을 두 시간 만에 모두 소진할 수 있었습니다. 이 경험을 통해서 제가 배운 것은 영업은 자신의 실력을 증명하고 먼저 손을 내미는 것이 중요하다는 것을 경험적으로 느끼게 되었습니다. 이 경험으로 저는 좋은 영업인이 될 자질을 갖추게 되었습니다.","wordCount":114},"emotion":[],"intent":[{"text":"저는 과거 번화가에서 즉석 사진을 찍어주면서 영업을 했던 경험이 있습니다.","expression":"s_sell_exp","category":"technology"},{"text":"대학 시절 저는 용돈를 벌기 위해 크리스마스에 조형물이 많고   사람들이 붐비는 곳에서 즉석 사진을 찍어주고 두 장에 오천 원에 판매하는 경험을 해 본 적이 있습니다.","expression":"s_sell_exp","category":"technology"},{"text":"이러한 방식으로 영업을 하자 제가 찍어준 휴대폰 사진을 보고 만족한 사람들은   즉석 사진으로 사진을 찍어 달라고 요청했는데요.","expression":"s_sell_exp","category":"technology"}],"summary":{"text":"저는 과거 번화가에서 즉석 사진을 찍어 영업을 했던 경험이 있습니다. 이를 통해 자신의 실력을 증명하고 먼저 손을 내미는 것이 중요하다는 것을 경험적으로 느끼게 되었고, 이 경험으로 저는 좋은 영업인이 될 자질을 갖추게 되었습니다.","wordCount":33}}},"rawDataInfo":{"question":{"fileFormat":"wav","fileSize":337998,"duration":10560,"samplingBit":16,"channelCount":1,"samplingRate":"16kHz","audioPath":"/Mock/02.SalesMarketing/Male/New/ckmk_q_sm_m_n_180883.wav"},"answer":{"fileFormat":"wav","fileSize":2883278,"duration":90100,"samplingBit":16,"channelCount":1,"samplingRate":"16kHz","audioPath":"/Mock/02.SalesMarketing/Male/New/ckmk_a_sm_m_n_180883.wav"}}}