{"version":"1.0","dataSet":{"info":{"date":"20230116","occupation":"SM","channel":"MOCK","place":"ONLINE","gender":"MALE","ageRange":"35-44","experience":"NEW"},"question":{"raw":{"text":"지금까지 협업을 하면서 가장 어려웠던 것은 무엇이었나요 그 어려움을 어떻게 해결하셨었는지 과정에 대해 구체적으로 말씀 부탁드립니다","wordCount":16},"emotion":[],"intent":[]},"answer":{"raw":{"text":"협업을 하면서 저와 같이 일하던 동료가 제가 행동이 느리다는 이유로 저와 일하는 것을 거부하였습니다. 하지만 저는 그 동료를 달래주기 위해서 점심시간에 같이 밥을 먹으면서 제가 먹던 밥에 반을 그 동료의 식판에 들어 주었습니다. 그러자 동료는 덜어진 밥을 받고 매우 기뻐하며 내가 밥을 많이 먹는 것을 어떻게 알았느냐 하면서 금세 저에게 친근감을 표시하였습니다. 저는 이렇게 제가 먹을 분량을 줄이고 갈등이 있는 동료에게 줌으로써 동료와의 어려움을 극복했습니다. 앞으로도 일하면서 이런 갈등이 같이 일하는 사람에게 생긴다면은 저는 제가 먹던 밥을 주어서 갈등을 해결하겠습니다.","wordCount":80},"emotion":[],"intent":[{"text":"저는 이렇게 제가 먹을 분량을 줄이고 갈등이 있는 동료에게 줌으로써 동료와의 어려움을 극복했습니다.","expression":"c_confl_mg","category":"personality"}],"summary":{"text":"협업을 하면서 같이 일하던 동료가 행동이 느리다는 이유로 저와 일하는 것을 거부하였습니다. 그 동료를 달래주기 위해서 제가 먹던 밥에 반을 그 동료의 식판에 들어 주었습니다. 그러자 동료는 매우 기뻐하며 친근감을 표시하였습니다.","wordCount":31}}},"rawDataInfo":{"question":{"fileFormat":"wav","fileSize":602638,"duration":18830,"samplingBit":16,"channelCount":1,"samplingRate":"16kHz","audioPath":"/Mock/02.SalesMarketing/Male/New/ckmk_q_sm_m_n_240463.wav"},"answer":{"fileFormat":"wav","fileSize":1902798,"duration":59460,"samplingBit":16,"channelCount":1,"samplingRate":"16kHz","audioPath":"/Mock/02.SalesMarketing/Male/New/ckmk_a_sm_m_n_240463.wav"}}}