{"version":"1.0","dataSet":{"info":{"date":"20230116","occupation":"SM","channel":"MOCK","place":"ONLINE","gender":"MALE","ageRange":"35-44","experience":"NEW"},"question":{"raw":{"text":"지원자님이 최근에 본 뉴스들 가운데 가장 인상 깊었던 뉴스는 어떤 건가요 어 그 이유와 함께 어떤 뉴스였는지 말씀해 주시기 바랍니다","wordCount":20},"emotion":[],"intent":[]},"answer":{"raw":{"text":"최근에 본 뉴스들 중 가장 인상 깊었던 뉴스는 무엇인지 이유도 함께 이야기해 달라고 하셨습니다. 며칠 전 유명한 장기수 성범죄자가 출소를 며칠 앞둔 상황에서 다시 재구속되는 사건이 있었습니다. 그 사건을 보면서 참 세상은 공평하지도 공평하지 않지도 하지만 어쩌면 이 사람은 이번 결과로 인해 다시 한 번 철창 속에서 지내야 하는 입장이 되어 되는 것을 보고 참 죄를 많이도 지었구나 라는 것을 실감할 수 있었습니다. 그 사람이 출소하는 것에 많은 시민들이 두려워했고 마음 상해 했었는데 오래전 일이 다시 한 번 불거지면서 다시 재수감되는 이례적인 경우가 요즘 같이 고물가 시대에 힘든 세상을 살아가고 있는 국민들에게 조그마한 스트레스 해소가 되지 않았을까 하는 생각도 가져봅니다. 사회에 도움이 되지 않는다고 보이는 그러한 범죄자들의 출소일은 참 가슴을 먹먹하게 만드는 뉴스 중 하나입니다.","wordCount":115},"emotion":[],"intent":[{"text":"","expression":"","category":"attitude"}],"summary":{"text":"유명한 장기수 성범죄자가 출소를 앞둔 상황에서 다시 재구속되는 사건을 보면서 참 죄를 많이도 지었구나 라는 것을 실감할 수 있었습니다. 출소하는 것에 많은 시민들이 두려웠고 마음 상해 했었는데 최근 일이 다시 한 번 불거져 다시 재수감되는 이례적인 경우가 스트레스 해소가 되지 않을까 합니다.","wordCount":42}}},"rawDataInfo":{"question":{"fileFormat":"wav","fileSize":476878,"duration":14900,"samplingBit":16,"channelCount":1,"samplingRate":"16kHz","audioPath":"/Mock/02.SalesMarketing/Male/New/ckmk_q_sm_m_n_231424.wav"},"answer":{"fileFormat":"wav","fileSize":3697998,"duration":115560,"samplingBit":16,"channelCount":1,"samplingRate":"16kHz","audioPath":"/Mock/02.SalesMarketing/Male/New/ckmk_a_sm_m_n_231424.wav"}}}