{"version":"1.0","dataSet":{"info":{"date":"20230116","occupation":"SM","channel":"MOCK","place":"ONLINE","gender":"MALE","ageRange":"-34","experience":"NEW"},"question":{"raw":{"text":"지금까지 살아오면서 여러 대외 활동을 해 보셨을 거라 생각합니다 그 많은 대외 활동 중에서 무엇을 배웠고 어떠한 자세로 임했는지 지원자에 의견을 말씀해 주세요","wordCount":23},"emotion":[],"intent":[]},"answer":{"raw":{"text":"지금까지 많은 대외 활동을 하면서 여러 가지를 배웠습니다. 그중에서 가장 기억에 남는 것은 바로 외국인 유학생의 한국 적응을 돕는 것이었는데요. 저는 영어 실력이 그렇게 좋지 못했지만 최선을 다해서 대화했고 그 친구와 진심으로 교류할 수 있었습니다. 함께 경복궁에 가고 함께 대학가의 맛집들을 다니며 부족한 영어지만 진심으로 대화하고 공감하는 모습에 그 친구도 마음을 열었는데요. 이런 과정을 통해서 언어라는 것이 물론 중요하지만 진심을 다하는 태도로 충분히 마음을 전할 수 있구나 이런 것들을 배웠습니다. 이런 경험은 항상 도전적이고 새로운 것에 두려움을 가지지 않는 저의 태도를 만들어 주었는데요. 이 회사에 들어와서 해외에서 외국인들과 영업 활동을 해야 할 경우가 많이 생길 것이라 생각하는데요. 그럴 때 자신감을 가지고 제 과거를 떠올리며 항상 적극적은 마음으로 진심을 전하겠습니다.","wordCount":109},"emotion":[],"intent":[{"text":"함께 경복궁에 가고   함께 대학가의 맛집들을 다니며 부족한 영어지만   진심으로 대화하고 공감하는 모습에 그 친구도 마음을 열었는데요.","expression":"s_intp","category":"attitude"}],"summary":{"text":"많은 대외 활동을 하며 외국인 유학생의 한국 적응을 돕는 것이 가장 기억에 남습니다. 부족한 영어지만 진심으로 대화하고 공감하는 모습에 그 친구도 마음을 열었습니다. 이런 과정을 통해서 진심을 다하는 태도로 마음을 전할 수 있다는 것을 배웠습니다. 항상 적극적 마음으로 진심을 전하겠습니다.","wordCount":40}}},"rawDataInfo":{"question":{"fileFormat":"wav","fileSize":569998,"duration":17810,"samplingBit":16,"channelCount":1,"samplingRate":"16kHz","audioPath":"/Mock/02.SalesMarketing/Male/New/ckmk_q_sm_m_n_180467.wav"},"answer":{"fileFormat":"wav","fileSize":2862478,"duration":89450,"samplingBit":16,"channelCount":1,"samplingRate":"16kHz","audioPath":"/Mock/02.SalesMarketing/Male/New/ckmk_a_sm_m_n_180467.wav"}}}