{"version":"1.0","dataSet":{"info":{"date":"20230116","occupation":"SM","channel":"MOCK","place":"ONLINE","gender":"MALE","ageRange":"-34","experience":"NEW"},"question":{"raw":{"text":"요즘 사회나 기업에서는 영어가 중요한 부분을 차지하고 있습니다 그렇다면 지원자께서는 영어에 자신이 있으신지 그것에 대해서 말씀해 주십시오","wordCount":17},"emotion":[],"intent":[]},"answer":{"raw":{"text":"네 저는 해외에서 이 년간 살았던 경험이 있습니다. 그곳에서 영어로 소통하고 영어로 수업하는 국제 학교에 다녔었는데요. 처음에 영어를 전혀 할 줄 몰랐던 저는 해당 학교에서 이 년간 열심히 공부하면서 영어 실력도 많이 늘었고 나중에는 그곳에서 좋은 성적까지 기록하면서 우수하게 졸업을 했던 경험이 있습니다. 이러한 저의 영어에 대한 능력과 또 경험은 한국에 돌아와서도 제가 영어 관련 경험을 쌓는데에 큰 자산이 되었는데요. 저는 학교에서 아이들에게 영어 회화를 가르쳤고 또 국제대회에서 영어를 잘 사용할 수 있었기 때문에 외국인들에게 서비스를 제공하는 그러한 업무를 담당했던 경험이 있습니다. 이러한 저의 영화와 관련된 다양한 경험 그리고 능력은 제가 회사에 입사해서 외국인과 업무적으로 소통한 그런 경우에도 굉장히 잘 발휘될 것이라고 생각합니다. 이러한 저의 영어에 대한 경험과 또 자신감이 회사에 들어가서도 큰 기여를 할 수 있다고 확신합니다.","wordCount":118},"emotion":[{"text":"네 저는 해외에서 이 년간 살았던 경험이 있습니다.","expression":"u-fact","category":"neutral"},{"text":"그곳에서 영어로 소통하고 영어로 수업하는 국제 학교에 다녔었는데요.","expression":"u-fact","category":"neutral"},{"text":"저는 학교에서 아이들에게 영어 회화를 가르쳤고 또 국제대회에서 영어를 잘 사용할 수 있었기 때문에 외국인들에게 서비스를 제공하는 그러한 업무를 담당했던 경험이 있습니다.","expression":"u-fact","category":"neutral"}],"intent":[{"text":"네 저는 해외에서 이 년간 살았던 경험이 있습니다.","expression":"c_private","category":"background"},{"text":"이러한 저의 영어에 대한 경험과 또 자신감이 회사에 들어가서도 큰 기여를 할 수 있다고 확신합니다.","expression":"c_sincere_co","category":"etc"}],"summary":{"text":"해외에서 살았던 경험이 있습니다. 학교에서 영어로 소통하고 영어로 수업하는 국제 학교에 다녔었는데, 영어를 전혀 할 줄 몰랐습니다. 영어에 대한 능력과 또 경험은 한국에 돌아와서도 영어 관련 경험을 쌓는데 큰 자산이 되었습니다. 이러한 경험과 자신감이 회사에 들어가서도 큰 기여를 할 수 있다고 확신합니다.","wordCount":42}}},"rawDataInfo":{"question":{"fileFormat":"wav","fileSize":473678,"duration":14800,"samplingBit":16,"channelCount":1,"samplingRate":"16kHz","audioPath":"/Mock/02.SalesMarketing/Male/New/ckmk_q_sm_m_n_240288.wav"},"answer":{"fileFormat":"wav","fileSize":3098318,"duration":96820,"samplingBit":16,"channelCount":1,"samplingRate":"16kHz","audioPath":"/Mock/02.SalesMarketing/Male/New/ckmk_a_sm_m_n_240288.wav"}}}