{"version":"1.0","dataSet":{"info":{"date":"20230116","occupation":"SM","channel":"MOCK","place":"ONLINE","gender":"MALE","ageRange":"-34","experience":"NEW"},"question":{"raw":{"text":"일을 하다 보면 어 타 지역에서 업무를 수행해야 할 상황도 충분히 생길 수 있습니다 어 이런 상황에서 타 지역 근무도 무리 없이 수행이 가능하신가요","wordCount":24},"emotion":[],"intent":[]},"answer":{"raw":{"text":"일을 하다 보면 다른 지역에서 업무를 수행하게 될 수도 있습니다. 저는 타 지역 근무도 문제없이 가능한 인재입니다. 저는 성인이 되자마자 학창 시절을 보낸 저에 고향을 떠나서 새로운 도시로 이사를 가서 살았습니다. 가족도 친구도 없는 곳에서 저는 대학 생활과 몇 년에 직장 생활을 아주 잘 소화했고 이렇게 다른 지역에서도 살 수 있다는 것을 스스로 증명했습니다. 심지어는 일 년 간 프랑스에서 교환 학생을 하면서도 친구들을 많이 만들고 즐겁게 지냈던 경험이 있습니다. 이처럼 국내 해외 가리지 않고 저는 어디서든 즐겁고 행복하게 살 수 있는 사람입니다. 따라서 다른 지역에서 얼마든지 살면서 업무를 할 수 있는 사람입니다. 저를 믿고 맡겨주시면 어디서든 잘 하는 모습 보여드리겠습니다.","wordCount":100},"emotion":[{"text":"저는 성인이 되자마자 학창 시절을 보낸 저에 고향을 떠나서 새로운 도시로 이사를 가서 살았습니다.","expression":"u-fact","category":"neutral"},{"text":"심지어는 일 년 간 프랑스에서 교환 학생을 하면서도 친구들을 많이 만들고 즐겁게 지냈던 경험이 있습니다.","expression":"u-fact","category":"neutral"}],"intent":[{"text":"저는 성인이 되자마자 학창 시절을 보낸 저에 고향을 떠나서 새로운 도시로 이사를 가서 살았습니다.","expression":"c_private","category":"background"},{"text":"심지어는 일 년 간 프랑스에서 교환 학생을 하면서도 친구들을 많이 만들고 즐겁게 지냈던 경험이 있습니다.","expression":"c_private","category":"background"}],"summary":{"text":"저는 타 지역 근무도 문제없이 가능한 인재입니다. 가족도 친구도 없는 곳에서 대학 생활과 직장생활을 아주 잘 소화했고 이렇게 다른 지역에서도 살 수 있다는 것을 스스로 증명했습니다. 따라서 나를 믿고 맡겨주면 어디서든 잘 하는 모습을 보여주겠습니다.","wordCount":35}}},"rawDataInfo":{"question":{"fileFormat":"wav","fileSize":466638,"duration":14580,"samplingBit":16,"channelCount":1,"samplingRate":"16kHz","audioPath":"/Mock/02.SalesMarketing/Male/New/ckmk_q_sm_m_n_190722.wav"},"answer":{"fileFormat":"wav","fileSize":2625998,"duration":82060,"samplingBit":16,"channelCount":1,"samplingRate":"16kHz","audioPath":"/Mock/02.SalesMarketing/Male/New/ckmk_a_sm_m_n_190722.wav"}}}