{"version":"1.0","dataSet":{"info":{"date":"20230116","occupation":"SM","channel":"MOCK","place":"ONLINE","gender":"MALE","ageRange":"-34","experience":"NEW"},"question":{"raw":{"text":"지금까지의 사회생활이나 일상에서 다양한 커뮤니케이션을 경험해 보셨을 텐데요 지금 생각할 때 가장 어려웠던 경험이 있다면 한 가지만 어 골라서 말씀해 주시기 바랍니다","wordCount":22},"emotion":[],"intent":[]},"answer":{"raw":{"text":"제가 군 복무를 할 당시였습니다. 경찰서에서 군 복무를 했는데요. 굉장히 작은 시골 마을이었습니다. 시골엔 현재 노인분들 밖에 많이 남아 있지 않죠. 노인분들이 경찰서에 오게 될 일도 많지 않습니다. 그런 부분 가운데 노인분들이 경찰서에 찾아오면 어떤 민원 업무를 어디서 봐야 되는지 어떻게 봐야 되는지 잘 모르기 일쑤입니다. 그래서 제가 의경으로 복무를 하면서 앞에서 안 내하는 일을 했었고요. 하지만 일일이 다 데려다 드리고 준비해 드리고 설명해 드리기엔 굉장히 인력이 부족한 상황이었습니다. 그래서 말도 굉장히 빨리 해야 됐고 어르신 분들은 그걸 이해하기 어려웠죠. 커뮤니케이션에 대해서 장애를 갖고 있었습니다. 그래서 저는 시각적인 자료를 만들었습니다. 예를 들어 형사 관련 사건에 대해서 민원 업무를 볼 경우 강도 강도의 안대나 뭐 돈 몽둥이 이렇게 그림을 그려서 화살표를 그리고 형사 관련 사건은 이쪽으로 가야 된다고 팻말을 만들었고요. 교통사고 관련된 것은 자동차가 부딪치는 사진 신호 위반 이런 것들의 그림을 그려서 팻말을 만들었습니다. 그러면 설명을 하면서 훨씬 더 수월했죠.","wordCount":139},"emotion":[{"text":"경찰서에서 군 복무를 했는데요.","expression":"u-fact","category":"neutral"},{"text":"그래서 제가 의경으로 복무를 하면서 앞에서 안 내하는 일을 했었고요.","expression":"u-fact","category":"neutral"},{"text":"예를 들어 형사 관련 사건에 대해서 민원 업무를 볼 경우 강도 강도의 안대나 뭐 돈 몽둥이 이렇게 그림을 그려서 화살표를 그리고 형사 관련 사건은 이쪽으로 가야 된다고 팻말을 만들었고요.","expression":"u-fact","category":"neutral"}],"intent":[{"text":"예를 들어 형사 관련 사건에 대해서 민원 업무를 볼 경우 강도 강도의 안대나 뭐 돈 몽둥이 이렇게 그림을 그려서 화살표를 그리고 형사 관련 사건은 이쪽으로 가야 된다고 팻말을 만들었고요.","expression":"s_comn","category":"attitude"}],"summary":{"text":"제가 군 복무를 할 당시에는 시골에서 의경으로 복무한 적이 있었습니다. 노인분들이 경찰서에 찾아오면 어떤 민원 업무를 어디서 봐야 되는지 어떻게 봐야 되는지 잘 모르신다고 판단해 시각적인 자료를 만들어 수월한 응대를 했던 경험이 있습니다.","wordCount":33}}},"rawDataInfo":{"question":{"fileFormat":"wav","fileSize":603598,"duration":18860,"samplingBit":16,"channelCount":1,"samplingRate":"16kHz","audioPath":"/Mock/02.SalesMarketing/Male/New/ckmk_q_sm_m_n_212722.wav"},"answer":{"fileFormat":"wav","fileSize":2862158,"duration":89440,"samplingBit":16,"channelCount":1,"samplingRate":"16kHz","audioPath":"/Mock/02.SalesMarketing/Male/New/ckmk_a_sm_m_n_212722.wav"}}}