{"version":"1.0","dataSet":{"info":{"date":"20230116","occupation":"SM","channel":"MOCK","place":"ONLINE","gender":"MALE","ageRange":"-34","experience":"NEW"},"question":{"raw":{"text":"요즘 고령화 사회로 가면서 치매로 인한 문제가 많이 대두되고 있죠 이에 대해서 건보 공단이 하고 있는 일과 개선할 방안을 말씀해 주세요","wordCount":21},"emotion":[],"intent":[]},"answer":{"raw":{"text":"최근 고령화 사회로 가면서 치매로 인한 문제가 많이 발생하고 있습니다. 이에 건보공단은 치매가 있는 어르신들에게 옆에서 보조해주는 보조 사람을 보내주고 있습니다. 이러한 분들이 치매가 있으신 어르신 분들의 다양한 일상생활에 도움을 주고 계신데요. 이러한 부분을 저는 매우 잘 알고 있습니다. 저의 가족 중에 치매가 있는 분이 있기 때문입니다. 그분의 일상생활에서 만약 옆에서 이렇게 도움을 주는 분이 없다면 일상생활을 제대로 살아가기 어려울 것이라는 것을 저는 너무나 잘 알고 있습니다. 그래서 건보공단의 이러한 서비스는 치매가 많이 증가하고 있는 요즘 사회에 굉장히 중요한 업무라고 생각합니다. 다만 아쉬운 점은 이러한 일을 하는 분들이 적기 때문에 한 분이 한 어르신에게 쏟을 수 있는 시간이 한정되어 있고 그러다 보면 그 분과 진심으로 소통하기가 어려울 수 있다는 그러한 단점이 있습니다. 이러한 부분에 문제가 발생하면 결국 사람과 사람 사이에 신뢰라는 것이 발생하기 어렵고 또 케어하는 입장에서 전문성이 떨어질 수 있기 때문에 저는 이러한 업무의 인력을 충원해서 일 인당 한 어르신에게 쏟을 수 있는 시간을 지금보다 일 점 오 배 정도 늘리는 것이 중요하다고 생각합니다.","wordCount":155},"emotion":[{"text":"이러한 부분에 문제가 발생하면 결국 사람과 사람 사이에 신뢰라는 것이 발생하기 어렵고 또 케어하는 입장에서 전문성이 떨어질 수 있기 때문에 저는 이러한 업무의 인력을 충원해서 일 인당 한 어르신에게 쏟을 수 있는 시간을 지금보다 일 점 오 배 정도 늘리는 것이 중요하다고 생각합니다.","expression":"u-belief","category":"neutral"}],"intent":[{"text":"","expression":"","category":"attitude"}],"summary":{"text":"최근 고령화 사회로 가면서 치매로 인한 문제가 많이 발생하고 있습니다. 이에 건보공단은 치매가 있는 어르신에게 옆에서 보조해주는 보조 사람을 보내주고 이는 굉장히 중요한 업무입니다. 다만 한 분이 한 어르신에게 쏟을 수 있는 시간이 한정되어 있고 그 분과 진심으로 소통하기가 어려울 수 있다는 단점입니다. 케어하는 입장에서 전문성이 떨어질 수 있기 때문에 업무의 인력을 충원해야 합니다.","wordCount":54}}},"rawDataInfo":{"question":{"fileFormat":"wav","fileSize":613198,"duration":19160,"samplingBit":16,"channelCount":1,"samplingRate":"16kHz","audioPath":"/Mock/02.SalesMarketing/Male/New/ckmk_q_sm_m_n_240287.wav"},"answer":{"fileFormat":"wav","fileSize":3774158,"duration":117940,"samplingBit":16,"channelCount":1,"samplingRate":"16kHz","audioPath":"/Mock/02.SalesMarketing/Male/New/ckmk_a_sm_m_n_240287.wav"}}}