{"version":"1.0","dataSet":{"info":{"date":"20230116","occupation":"SM","channel":"MOCK","place":"ONLINE","gender":"MALE","ageRange":"-34","experience":"NEW"},"question":{"raw":{"text":"어 만약에 일을 하던 중에 팀원과 불화가 생긴다면 지원자님께서는 어떻게 대처하실 건가요 그리고 그렇게 대처하시는 이유도 함께 설명해 주시길 바랍니다","wordCount":20},"emotion":[],"intent":[]},"answer":{"raw":{"text":"일을 하면서 팀원과 불화가 생긴다면 저는 술자리를 통해서 대화를 할 거 같습니다. 사실 회사에서 업무에 대해서 이야기를 하다 보면 감정이 격해질 수도 있습니다. 이런 상황을 방지하기 위해서 저는 회사에서 이야기하는 것이 아니라 퇴근 이후에 이야기를 하는 것이 갈등을 해결하는 데 더 좋은 방법이라고 생각합니다. 저는 술자리를 좋아하는 사람으로서 술자리에 나가서 이야기를 하면 조금 더 쉽게 이야기가 나왔던 거 같습니다. 그래서 회사에서 이야기를 하는 것이 아니라 최근 이후에 술자리를 통해서 그 사람과 진솔하게 이야기를 한다면 이런 갈등이나 불화가 조금은 사라질 것이라고 생각합니다.","wordCount":81},"emotion":[],"intent":[{"text":"일을 하면서 팀원과 불화가 생긴다면 저는 술자리를 통해서 대화를 할 거 같습니다.","expression":"c_confl_mg","category":"personality"},{"text":"이런 상황을 방지하기 위해서 저는 회사에서 이야기하는 것이 아니라 퇴근 이후에 이야기를 하는 것이 갈등을 해결하는 데 더 좋은 방법이라고 생각합니다.","expression":"c_confl_mg","category":"personality"},{"text":"그래서 회사에서 이야기를 하는 것이 아니라 최근 이후에 술자리를 통해서 그 사람과 진솔하게 이야기를 한다면 이런 갈등이나 불화가 조금은 사라질 것이라고 생각합니다.","expression":"c_confl_mg","category":"personality"}],"summary":{"text":"업무로 팀원과 갈등이 생기면 술자리를 통해 대화하는 게 좋습니다. 회사에서 이야기 하다 보면 감정이 격해질 수 있는데, 이런 상황을 방지하기 위해 퇴근 이후에 이야기를 하는 것이 더 좋은 방법이라고 생각합니다.","wordCount":30}}},"rawDataInfo":{"question":{"fileFormat":"wav","fileSize":467918,"duration":14620,"samplingBit":16,"channelCount":1,"samplingRate":"16kHz","audioPath":"/Mock/02.SalesMarketing/Male/New/ckmk_q_sm_m_n_227790.wav"},"answer":{"fileFormat":"wav","fileSize":2151758,"duration":67240,"samplingBit":16,"channelCount":1,"samplingRate":"16kHz","audioPath":"/Mock/02.SalesMarketing/Male/New/ckmk_a_sm_m_n_227790.wav"}}}