{"version":"1.0","dataSet":{"info":{"date":"20230116","occupation":"SM","channel":"MOCK","place":"ONLINE","gender":"MALE","ageRange":"-34","experience":"NEW"},"question":{"raw":{"text":"본인은 입사를 하고 나서 기존에 원하던 일을 못 하게 되었을 경우 어떻게 하실 건지 궁금한데요 그렇게 할 이유도 함께 말씀해 주시기 바랍니다","wordCount":22},"emotion":[],"intent":[]},"answer":{"raw":{"text":"제가 입사 후에 제가 원하던 영업 직무의 일을 못 하게 되었을 경우 일단은 저에게 주어진 일을 열심히 하겠습니다. 왜냐하면 제가 다른 일을 하게 된다면 저의 직장 상사 혹은 인사 담당자와 같은 전문가들이 저의 적성 성격 역량 등을 파악해서 저에게 더 잘 맞는 일을 주었다고 생각하기 때문인데요. 또한 다른 일을 하면서도 이 업무에 익숙해지면 나중에 영업 일을 할 때 다른 직무에서 일했던 경험이 큰 도움이 되기 때문입니다. 하지만 아무리 해도 제가 원하던 영업 직무로 바꾸지 못한다면 퇴사하겠습니다. 왜냐하면 저는 영업 직무에서 일하기 위해 부단히 노력했고 영업으로 커리어를 쌓고 싶었습니다. 그런데 그게 불발된다면 저의 꿈을 이루지 못하는 것입니다. 제게 있어서 영업인의 꿈은 무엇과도 바꿀 수 없는 소중한 것입니다. 그렇기 때문에 잠깐은 참을 수 있지만 결국은 제가 원하던 일을 하고 싶습니다.","wordCount":118},"emotion":[],"intent":[{"text":"","expression":"","category":"attitude"}],"summary":{"text":"저는 다른 일을 하면서도 이 업무에 익숙해지면 나중에 영업 일을 할 때 다른 직무에서 일했던 경험이 큰 도움이 되기 때문에 주어진 일을 열심히 하겠습니다. 영업인의 꿈은 무엇과도 바꿀 수 없는 소중한 것이므로 잠시 참을 수 있지만 결국은 제가 원하던 일을 하고 싶습니다.","wordCount":42}}},"rawDataInfo":{"question":{"fileFormat":"wav","fileSize":470798,"duration":14710,"samplingBit":16,"channelCount":1,"samplingRate":"16kHz","audioPath":"/Mock/02.SalesMarketing/Male/New/ckmk_q_sm_m_n_191072.wav"},"answer":{"fileFormat":"wav","fileSize":2837838,"duration":88680,"samplingBit":16,"channelCount":1,"samplingRate":"16kHz","audioPath":"/Mock/02.SalesMarketing/Male/New/ckmk_a_sm_m_n_191072.wav"}}}