{"version":"1.0","dataSet":{"info":{"date":"20230116","occupation":"SM","channel":"MOCK","place":"ONLINE","gender":"MALE","ageRange":"-34","experience":"NEW"},"question":{"raw":{"text":"어 전 연령의 각기 다른 트렌드가 있을 수 있죠 본인이 생각할 때 최근 이 삼십 대 이 대표적인 트렌드는 무엇인지 거기에 대해서 말씀해 주시면 감사하겠습니다","wordCount":25},"emotion":[],"intent":[]},"answer":{"raw":{"text":"제 생각에는 요즘 유튜브나 틱톡같이 영상과 관련된 플랫폼이 굉장히 활발한데요. 단순 영상과 관련 관련된 플랫폼만 흥하고 있는 것이 아닌 요즘 트렌드는 짧은 릴스 즉 굉장히 짧은 시간에 동영상을 서로 공유하는 것이 요즘 트렌드라고 생각합니다. 유튜브 같은 경우에도 유튜브 쇼츠 인스타그램 같은 경우에도 인스타그램 릴스 이런 것들이 이런 것들이 있듯이 요즘 이 삼십 대들은 에스엔에스를 굉장히 많이 하는 상태에서 그 에스엔에스가 영상을 제공하고자 할 때 굉장히 주요 부분만 임팩트에 있는 부분만 자극적인 부분만 추려서 짧게 한 동영상에 담아내는 것이죠. 그런 식으로 짧고 임팩트 있는 동영상을 담아내기 시작하면 시간이 굉장히 덜 걸리는 데 반해 자극은 오래 남게 됩니다. 그러면서 요즘 최근 이 삼십 대들은 틱톡과 같은 플랫폼에서도 굉장히 많은 활동을 하기 시작했고요. 그것을 친구들과 공유를 하면서 같이 조인을 하기도 하고 이 영상에 수익금을 받을 수 있어 받을 수도 있어서 일석이조의 효과를 누리려고 하는 추세입니다.","wordCount":132},"emotion":[],"intent":[{"text":"","expression":"","category":"attitude"}],"summary":{"text":"요즘 영상과 관련된 플랫폼이 활발하고, 아주 짧은 시간에 동영상을 서로 공유하는 것이 트렌드라고 생각합니다. 이삼십 대들은 소셜미디어에서 주요 부분만 임팩트 있는 부분만 추려서 짧게 한 동영상에 담아냅니다. 그러면서 틱톡과 같은 플랫폼에서도 많은 활동을 했고, 수익금을 받을 수도 있어서 일석이조의 효과를 누리려고 하는 추세입니다.","wordCount":43}}},"rawDataInfo":{"question":{"fileFormat":"wav","fileSize":659278,"duration":20600,"samplingBit":16,"channelCount":1,"samplingRate":"16kHz","audioPath":"/Mock/02.SalesMarketing/Male/New/ckmk_q_sm_m_n_189107.wav"},"answer":{"fileFormat":"wav","fileSize":2857358,"duration":89290,"samplingBit":16,"channelCount":1,"samplingRate":"16kHz","audioPath":"/Mock/02.SalesMarketing/Male/New/ckmk_a_sm_m_n_189107.wav"}}}