{"version":"1.0","dataSet":{"info":{"date":"20230116","occupation":"SM","channel":"MOCK","place":"ONLINE","gender":"MALE","ageRange":"-34","experience":"NEW"},"question":{"raw":{"text":"본인이 생각할 때 회사가 가져야 할 덕목에는 무엇이 있다고 생각을 하십니까 그리고 평소 어떤 회사가 좋은 회사라고 생각하시는지 궁금합니다 말씀해 주세요","wordCount":21},"emotion":[],"intent":[]},"answer":{"raw":{"text":"제가 생각하는 회사의 덕목은 바로 충분한 보상을 주는 것입니다. 저는 직원들에게 충분한 보상을 주는 회사가 좋은 회사라고 생각합니다. 그 보상의 종류는 여러 가지가 있습니다. 그중에서 가장 중요한 보상의 형태는 바로 돈 즉 금전적인 보상입니다. 직업은 결국 생계 수단의 하나이기 때문에 돈을 많이 주는 것은 아주 좋은 회사의 덕목입니다. 두 번째는 바로 시간적인 보상입니다. 회사를 다니면 정말 시간이 항상 부족합니다. 이럴 때 회사에서 휴가를 주면 평소 내가 하고 싶던 취미 생활을 하면서 회사에 대한 고마운 마음이 커지기 때문에 시간적 보상 또한 매우 소중합니다. 따라서 저는 보상을 잘 주는 회사가 좋은 회사라고 생각합니다.","wordCount":91},"emotion":[],"intent":[{"text":"","expression":"","category":"attitude"}],"summary":{"text":"저는 회사의 덕목으로 충분한 보상을 주는 것을 꼽습니다. 그 중 가장 중요한 것은 금전적인 보상이고, 다음은 시간적 보상입니다. 회사에서는 시간이 부족할 때 휴가를 주면 평소 하고 싶던 취미 생활을 하며 회사에 대한 감사의 마음이 커집니다.","wordCount":35}}},"rawDataInfo":{"question":{"fileFormat":"wav","fileSize":542798,"duration":16960,"samplingBit":16,"channelCount":1,"samplingRate":"16kHz","audioPath":"/Mock/02.SalesMarketing/Male/New/ckmk_q_sm_m_n_203942.wav"},"answer":{"fileFormat":"wav","fileSize":2857678,"duration":89300,"samplingBit":16,"channelCount":1,"samplingRate":"16kHz","audioPath":"/Mock/02.SalesMarketing/Male/New/ckmk_a_sm_m_n_203942.wav"}}}