{"version":"1.0","dataSet":{"info":{"date":"20230116","occupation":"SM","channel":"MOCK","place":"ONLINE","gender":"MALE","ageRange":"-34","experience":"NEW"},"question":{"raw":{"text":"지원자님께서는 살면서 정말 다양한 커뮤니케이션의 경험을 하셨을 텐데 그중 가장 어려웠던 경험 하나만 뽑자면 어떤 것이 있을까요","wordCount":17},"emotion":[],"intent":[]},"answer":{"raw":{"text":"전 회사에서도 저는 기술 영업직 담당 직원이었는데요. 그 중 거래처 사람들과 커뮤니케이션을 할 때 어려움을 많이 호소를 했었고 그 중 제가 가장 힘들었던 경험을 꽂아보자면 꼽아보자면 굉장히 여러 가지가 있겠지만 그 중에서는 자기의 의견이 무조건 맞다고 맹신하는 상태로 감정적으로 얘기하는 사람입니다. 어떻게 보면은 나이 대가 좀 있으신 분들의 경우가 많은데요. 어떤 얘기를 하고 조율을 하고자 할 때 자기가 더 많이 안다는 이유로 자기가 더 많이 경험해 봤다는 이유만으로 제 생각을 생각 생각을 배려해주지 않고 이것이 무조건 맞다고 고집을 부리는 것입니다. 그렇게 고집을 부리다 보면 저도 제가 원하는 게 있고 제한하고 싶은 것이 있기 때문에 이것을 계속 연거푸 제한하게 되죠. 그러다 보면 상대방은 당연히 자기의 논리가 맞다고 생각을 하기 때문에 그때부터 제가 태클을 거는 것에 대해서 화가 나기 시작합니다. 그러면서 점점 자기의 의견을 붙여 나가기 시작하죠. 그런 경우가 제 경우에서는 가장 힘든 커뮤니케이션 경험이었습니다.","wordCount":133},"emotion":[{"text":"전 회사에서도 저는 기술 영업직 담당 직원이었는데요.","expression":"u-fact","category":"neutral"},{"text":"그러다 보면 상대방은 당연히 자기의 논리가 맞다고 생각을 하기 때문에 그때부터 제가 태클을 거는 것에 대해서 화가 나기 시작합니다.","expression":"n-anger","category":"negative"}],"intent":[{"text":"","expression":"","category":"attitude"}],"summary":{"text":"커뮤니케이션을 할 때 자기의 의견이 무조건 맞다고 맹신하는 상태로 감정적으로 얘기하는 사람이라 제 생각을 배려해주지 않고 무조건 맞는다고 고집을 부리다 보니 가장 힘든 커뮤니케이션 경험이었습니다.","wordCount":25}}},"rawDataInfo":{"question":{"fileFormat":"wav","fileSize":448718,"duration":14020,"samplingBit":16,"channelCount":1,"samplingRate":"16kHz","audioPath":"/Mock/02.SalesMarketing/Male/New/ckmk_q_sm_m_n_189103.wav"},"answer":{"fileFormat":"wav","fileSize":2779598,"duration":86860,"samplingBit":16,"channelCount":1,"samplingRate":"16kHz","audioPath":"/Mock/02.SalesMarketing/Male/New/ckmk_a_sm_m_n_189103.wav"}}}