{"version":"1.0","dataSet":{"info":{"date":"20230116","occupation":"SM","channel":"MOCK","place":"ONLINE","gender":"MALE","ageRange":"35-44","experience":"NEW"},"question":{"raw":{"text":"본인이 생각하는 영업을 한 단어로 정의한다면 무엇인지 말씀해 주세요","wordCount":9},"emotion":[],"intent":[]},"answer":{"raw":{"text":"영업을 한 단어로 정의한다면 뭐라고 말할 수 있을까요. 그리고 그 이유 또한 함께 설명을 요구하셨습니다. 영업 그것을 한 단어로 정의한다면 저는 장사라고 정의하고 싶습니다. 어떻게 보면 영업과 장사는 거의 같은 맥락이라고 볼 수 있습니다. 마케팅과 홍보 여러 가지 안내와 설명 등을 이용을 하여 고객으로 하여금 저의 물품을 구입할 수 있게끔 최선을 다해 알리고 설명하고 그런 모든 맥락을 장사와 영업은 같다 라고 볼 수 있습니다. 판매에 이르기까지의 모든 과정 그리고 판매 후에까지 모든 과정을 통틀어 책임져야 하는 영업과 장사입니다.","wordCount":78},"emotion":[],"intent":[{"text":"","expression":"","category":"attitude"}],"summary":{"text":"마케팅과 홍보의 모든 과정을 통틀어 책임져야 하는 영업과 장사가 같은 맥락이라고 할 수 있습니다. 판매를 한 단어로 정의한다면 저는 장사라고 정의하고 싶습니다.","wordCount":22}}},"rawDataInfo":{"question":{"fileFormat":"wav","fileSize":349518,"duration":10920,"samplingBit":16,"channelCount":1,"samplingRate":"16kHz","audioPath":"/Mock/02.SalesMarketing/Male/New/ckmk_q_sm_m_n_210150.wav"},"answer":{"fileFormat":"wav","fileSize":2894798,"duration":90460,"samplingBit":16,"channelCount":1,"samplingRate":"16kHz","audioPath":"/Mock/02.SalesMarketing/Male/New/ckmk_a_sm_m_n_210150.wav"}}}