{"version":"1.0","dataSet":{"info":{"date":"20230116","occupation":"SM","channel":"MOCK","place":"ONLINE","gender":"MALE","ageRange":"-34","experience":"NEW"},"question":{"raw":{"text":"이 직무에 어 왜 지원하게 되셨는지요 그 이유를 말씀해 주시고 또 본인이 이런 직무에 왜 적합한 인재인지도 같이 말씀해 주세요","wordCount":20},"emotion":[],"intent":[]},"answer":{"raw":{"text":"이 직무에 지원하면 빵은 얼마든지 먹을 수 있다고 들었기 때문에 이 직무에 지원하게 되었습니다. 공고에 분명히 제작 후에 남은 빵은 얼마든지 먹어도 된다고 먹어도 된다고 섭취해도 된다고 공고에 올라온 것을 확인하고 저는 이 직무에 지원하였습니다. 왜냐하면은 저는 빵을 굉장히 사랑합니다. 심지어 저는 대학교 때까지 별명이 빵남이었습니다. 빵을 좋아했기 때문이죠. 매 시간에 한 번씩 한 시간에 한 번씩이라도 빵을 먹지 않으면 저는 입 안에서 가시가 나왔습니다. 정말로 입 안 혀 끝에서 가시가 튀어나왔습니다. 그 가시가 튀어나온 것을 막기 위해서 저는 빵을 열심히 먹었습니다. 그렇기 때문에 일을 하면서도 빵을 먹을 수 있는 빵을 얼마든지 먹을 수 있는 이 직무를 저는 여태까지 기다려왔던 건지도 모르겠습니다. 꼭 합격해서 빵을 많이 먹을 수 있었으면 좋겠습니다.","wordCount":110},"emotion":[],"intent":[{"text":"이 직무에 지원하면 빵은 얼마든지 먹을 수 있다고   들었기 때문에 이 직무에 지원하게 되었습니다.","expression":"c_sincere_job","category":"etc"},{"text":"공고에 분명히   제작 후에 남은 빵은 얼마든지 먹어도 된다고 먹어도 된다고 섭취해도 된다고 공고에 올라온 것을 확인하고 저는 이 직무에 지원하였습니다.","expression":"c_sincere_job","category":"etc"}],"summary":{"text":"저는 빵을 굉장히 좋아하는데, 일을 하면서도 빵을 먹을 수 있는 이 직무가 꼭 합격해서 빵을 많이 먹을 수 있었으면 좋겠습니다.","wordCount":20}}},"rawDataInfo":{"question":{"fileFormat":"wav","fileSize":417358,"duration":13040,"samplingBit":16,"channelCount":1,"samplingRate":"16kHz","audioPath":"/Mock/02.SalesMarketing/Male/New/ckmk_q_sm_m_n_186647.wav"},"answer":{"fileFormat":"wav","fileSize":2654798,"duration":82960,"samplingBit":16,"channelCount":1,"samplingRate":"16kHz","audioPath":"/Mock/02.SalesMarketing/Male/New/ckmk_a_sm_m_n_186647.wav"}}}