{"version":"1.0","dataSet":{"info":{"date":"20230116","occupation":"SM","channel":"MOCK","place":"ONLINE","gender":"MALE","ageRange":"-34","experience":"NEW"},"question":{"raw":{"text":"저희 회사에 들어오시면 기존과는 업무 스타일이 달라질 수 있습니다 만약 기존과 다른 업무 스타일에 지원자님은 적응을 잘 하실 수 있으실지 말씀해 주세요","wordCount":22},"emotion":[],"intent":[]},"answer":{"raw":{"text":"물론입니다. 저는 제 별명이 스펀지 같은 사람인데요. 제가 아무래도 흡수력도 굉장히 이 빠르고 적응력이 엄청나게 좋은 편입니다. 이런 빠릿빠릿한 제 적응력 때문에 덕을 본 적이 제법 많이 있는데요. 어 다름이 아니고 제가 학교에서 팀 프로젝트를 할 때 엄청나게 많은 덕을 본 적이 있습니다. 어 아 열 명이서 함께하는 타 전공생들과 함께하는 프로젝트 였는데요. 아무래도 인원수가 너무너무 많다 보니까 사람에 대한 관리도 어렵고 많이 쉽지 않았습니다. 그리고 캡스톤 디자인이라는 나라에서 지원해주는 디자인 산업이었기 때문에 아무래도 디자인과 학생들이 굉장히 많은 고생을 하고 타과 학생들은 엄청나게 할 일이 없어지는 그런 경향들이 생겼는데요. 이 방안에서 제가 생각해낸 것은 쉬운 디자인을 우리가 할 수 있는 부분을 찾는 것이었습니다. 어 그런 프로젝트에서 쉬운 디자인이라고하면은 피피티 디자인이나 아니면 손으로 그림을 얼추 그릴 수 있는 방향 그리고 구조에 대한 연구들이었습니다. 어 이런 방향에서 제가 단기간에 엄청나게 많은 공부를 하고 디자이너들에게 많은 도움을 줬던 적이 있는데요. 어 이러한 결과 좋은 프로젝트를 완수할 수 있었고 모두들 적절한 업무량으로 프로스트를 마무리할 수 있었습니다. 이와 같이 저는 흡수력과 적응력이 굉장히 빠른 사람이라서 기존 스타일과 다른 업무 스타일에도 잘 적응할 수 있습니다.","wordCount":169},"emotion":[{"text":"어 다름이 아니고 제가 학교에서 팀 프로젝트를 할 때 엄청나게 많은 덕을 본 적이 있습니다.","expression":"u-fact","category":"neutral"}],"intent":[{"text":"","expression":"","category":"attitude"}],"summary":{"text":"흡수력 적응력이 좋은 스펀지 같은 사람입니다. 캡스톤 디자인이라는 나라에서 지원해주는 디자인 산업에서 디자인 학생들이 굉장히 고생해서 타과 학생들은 할 일이 없어지는 경향들이 생겼습니다. 그래서 제가 생각한 것은 쉬운 디자인을 우리가 할 수 있는 부분을 찾는 것이었습니다. 그 결과 좋은 프로젝트를 완수할 수 있었고 모두들 적절한 업무량으로 프로스트를 마무리할 수 있게 되었습니다.","wordCount":51}}},"rawDataInfo":{"question":{"fileFormat":"wav","fileSize":585038,"duration":18280,"samplingBit":16,"channelCount":1,"samplingRate":"16kHz","audioPath":"/Mock/02.SalesMarketing/Male/New/ckmk_q_sm_m_n_183691.wav"},"answer":{"fileFormat":"wav","fileSize":2689358,"duration":84040,"samplingBit":16,"channelCount":1,"samplingRate":"16kHz","audioPath":"/Mock/02.SalesMarketing/Male/New/ckmk_a_sm_m_n_183691.wav"}}}