{"version":"1.0","dataSet":{"info":{"date":"20230116","occupation":"SM","channel":"MOCK","place":"ONLINE","gender":"MALE","ageRange":"-34","experience":"NEW"},"question":{"raw":{"text":"지원자님께서는 스트레스를 받으면 어떻게 하시는지 좀 알고 싶은데요 또 왜 그런 방식을 로 좀 스트레스를 해소하시는지 그것도 함께 말씀을 좀 해주실 수 있으실까요","wordCount":23},"emotion":[],"intent":[]},"answer":{"raw":{"text":"저는 스트레스를 받으면 운동을 하면서 이 스트레스를 해소하는 버릇이 있습니다. 제가 주로 하는 운동은 바로 등산이나 축구인데요. 제가 이러한 방식으로 스트레스를 해소하는 이유는 여러 가지가 있습니다. 첫 번째는 가장 접근성이 좋은 방법이 바로 운동이기 때문입니다. 서울에는 수많은 산들이 있고 또 많은 운동장들이 있습니다. 따라서 등산이나 축구 같은 운동을 접하기가 매우 쉬운데요. 그러다 보니 자연스레 저의 취미이자 스트레스 해소 방법이 되었습니다. 두 번째는 운동을 하면서 스트레스도 풀리지만 체력을 기를 수 있기 때문입니다. 운동을 하다 보면 많이 뛰고 많이 걷고 많이 움직이게 됩니다. 이런 방식으로 체력을 늘려서 업무를 하는 데 활용한다면 쉽게 지치지 않을 수 있습니다. 따라서 이런 방식으로 스트레스를 해소합니다. 세 번째는 새로운 인간관계를 쌓을 수 있기 때문인데요. 운동을 하면 참 여러 사람들을 만나게 됩니다. 이들을 통해 저의 인맥을 늘리고 견문을 넓힐 수 있습니다.","wordCount":123},"emotion":[],"intent":[{"text":"","expression":"","category":"attitude"}],"summary":{"text":"저는 스트레스를 받으면 등산이나 축구로 해소하는 버릇이 있는데, 가장 접근성이 좋은 방법이 운동이기에 자연스럽게 스트레스 해소 방법이 되었습니다. 둘째로는 스트레스를 풀면서 체력을 기를 수 있고, 셋째로는 새로운 인간관계를 쌓을 수 있기 때문입니다.","wordCount":32}}},"rawDataInfo":{"question":{"fileFormat":"wav","fileSize":566478,"duration":17700,"samplingBit":16,"channelCount":1,"samplingRate":"16kHz","audioPath":"/Mock/02.SalesMarketing/Male/New/ckmk_q_sm_m_n_180626.wav"},"answer":{"fileFormat":"wav","fileSize":2803278,"duration":87600,"samplingBit":16,"channelCount":1,"samplingRate":"16kHz","audioPath":"/Mock/02.SalesMarketing/Male/New/ckmk_a_sm_m_n_180626.wav"}}}