{"version":"1.0","dataSet":{"info":{"date":"20230116","occupation":"SM","channel":"MOCK","place":"ONLINE","gender":"MALE","ageRange":"-34","experience":"NEW"},"question":{"raw":{"text":"지원자님께서는 인생을 살면서 무엇인가 하나에 푹 빠져 몰두해 본 경험이 있으신가요 있다면 어떤 것에 몰두하셨는지도 말씀해 주세요","wordCount":17},"emotion":[],"intent":[]},"answer":{"raw":{"text":"저는 어렸을 때부터 말을 하는 걸 좋아했습니다. 말을 하는 걸 좋아하다보니 자연스럽게 학교에서 언어와 관련된 과목을 좋아하게 됐고요. 그중에서도 영어를 굉장히 좋아하게 되었습니다. 중학교에 진학하기 전 영어에 대한 문법에 관심이 많아 중 삼에 해당하는 영어 문법까지 완벽히 숙지를 하고 중학교에 입학을 했었죠. 이 시너지는 대단했습니다. 중학교 삼 년 내내 영어를 최상위권 성적을 유지할 수 있었고 그 이후 고등학교에서도 단단히 다져진 중학교 동안에 영어 실력을 바탕으로 굉장히 좋은 성적으로 고등학교까지 졸업할 수 있었습니다. 그 이후 대학 생활을 하면서 토익이라는 시험을 봐야 된다는 것을 알게 되었어요. 방학 때 강남으로 토익 학원을 끊었고 그때 당시 제 주위 사람들과는 달리 더욱더 다양한 범위의 사람들을 스터디에서 만나게 되었습니다. 다양한 사람들을 만나고 그 사람들과 영어라는 주제를 하나 가지고 공부한다는 것이 너무 매력적이라고 저는 생각이 들어서 매일 강남에서 저희 집까지 막차를 타고 올 때까지 학원에서 나마 공부를 하고 그때 당시 그에 대한 성과로 굉장히 고득점을 성취할 수 있었습니다.","wordCount":141},"emotion":[],"intent":[{"text":"","expression":"","category":"attitude"}],"summary":{"text":"저는 어렸을 때부터 말을 좋아하는데, 학교에서 언어 관련 과목을 좋아하게 됐고, 그중에서도 영어를 굉장히 좋아하게 되었습니다. 중학교 삼 년 내내 영어 최상위권 성적을 유지하고 고등학교에서도 단단히 다져진 영어 실력을 바탕으로 좋은 성적으로 고등학교까지 졸업할 수 있었습니다. 그 이후 대학 생활을 하면서 토익이라는 시험을 봐야 한다는 것을 알게 되었고, 학원에서 나마 공부를 했습니다.","wordCount":52}}},"rawDataInfo":{"question":{"fileFormat":"wav","fileSize":476878,"duration":14900,"samplingBit":16,"channelCount":1,"samplingRate":"16kHz","audioPath":"/Mock/02.SalesMarketing/Male/New/ckmk_q_sm_m_n_189105.wav"},"answer":{"fileFormat":"wav","fileSize":2788558,"duration":87140,"samplingBit":16,"channelCount":1,"samplingRate":"16kHz","audioPath":"/Mock/02.SalesMarketing/Male/New/ckmk_a_sm_m_n_189105.wav"}}}