{"version":"1.0","dataSet":{"info":{"date":"20230116","occupation":"SM","channel":"MOCK","place":"ONLINE","gender":"MALE","ageRange":"35-44","experience":"NEW"},"question":{"raw":{"text":"의사소통 능력을 키우기 위해서는 어떤 일을 할 수 있을까요 편하게 생각나는 방법이 있다면 상세하게 말씀해 주시기 바랍니다","wordCount":17},"emotion":[],"intent":[]},"answer":{"raw":{"text":"소통 능력을 키우기 위해서 어떤 일을 할 수 있을까 생각나는 방법들을 자세히 말씀해 달라 고 요청하셨습니다. 소통 능력을 키우려면 첫째 올바른 단어와 정확한 대화 방법 숙지입니다. 예시를 들더라도 현재의 상황과 일치하거나 연관되어진 예시를 들어야 함에도 그렇지 못한 예시를 들어 오히려 상대방에게 소통 중 눈쌀을 찌푸리게 하는 경우가 발생을 합니다. 앞 뒤가 맞지 않는 괴설은 소통의 방해 일 뿐 도움이 되지 않습니다. 그래서 가장 첫 번째로 중요한 것이 정확한 현재의 주제 파악 그리고 그 소통을 위한 올바른 대화 가장 기본입니다. 그리고 적절하고 딱 맞는 예시를 들거나 이해하기 쉬운 상황을 가정하여 소통을 한다면 한결 능숙하고 더 정확한 소통이 이루어진다고 생각을 합니다.","wordCount":99},"emotion":[],"intent":[{"text":"","expression":"","category":"attitude"}],"summary":{"text":"앞 뒤가 맞지 않는 괴설은 소통의 방해 일 뿐 도움이 되지 않습니다. 정확한 현재의 주제 파악 그리고 그 소통을 위한 올바른 대화가 가장 기본입니다. 그리고 적절하고 딱 맞는 예시를 들거나 이해하기 쉬운 상황을 가정하여 소통을 하면 더 정확한 소통이 이루어집니다.","wordCount":40}}},"rawDataInfo":{"question":{"fileFormat":"wav","fileSize":444878,"duration":13900,"samplingBit":16,"channelCount":1,"samplingRate":"16kHz","audioPath":"/Mock/02.SalesMarketing/Male/New/ckmk_q_sm_m_n_230950.wav"},"answer":{"fileFormat":"wav","fileSize":3279758,"duration":102490,"samplingBit":16,"channelCount":1,"samplingRate":"16kHz","audioPath":"/Mock/02.SalesMarketing/Male/New/ckmk_a_sm_m_n_230950.wav"}}}