{"version":"1.0","dataSet":{"info":{"date":"20230116","occupation":"SM","channel":"MOCK","place":"ONLINE","gender":"MALE","ageRange":"-34","experience":"NEW"},"question":{"raw":{"text":"만약 지원자님께서 일을 하던 중 직무가 적성에 맞지 않는다는 일을 하신다면 어떻게 하시겠습니까 상황을 가정하고 말씀해 주세요","wordCount":17},"emotion":[],"intent":[]},"answer":{"raw":{"text":"만약 일을 하던 중 직무가 적성에 맞지 않는다면 저는 그래도 우선은 열심히 해보겠습니다. 왜냐하면 저보다 경험이 많고 이 분야에 대해 잘 알고 있고 저의 적성과 역량을 잘 알고 있는 저의 상사와 인사 담당자가 저를 이 직무에 배치시킨 것이기 때문에 제가 최대한 열심히 해서 이 직무를 잘 수행해 보겠습니다. 하지만 아무리 해도 이 직무가 저의 적성에 맞지 않는다면 어쩔 수 없이 상사 혹은 인사 담당자와 면담을 통해 직무를 바꿀 것 같습니다. 왜냐하면 적성에 맞지 않는 업무를 하는 것은 제 커리어에도 이 회사에도 전혀 도움이 되지 않기 때문입니다. 따라서 저는 만약 일을 하던 중 직무가 적성에 맞지 않는다면 우선 열심히 하지만 주후에 직무를 바꾸겠습니다.","wordCount":102},"emotion":[],"intent":[{"text":"","expression":"","category":"attitude"}],"summary":{"text":"적성에 맞지 않는 업무를 하는 것은 제 커리어에도 이 회사에도 도움이 되지 않기 때문에 저는 일단 열심히 하지만 주후에 직무를 바꾸겠습니다.","wordCount":21}}},"rawDataInfo":{"question":{"fileFormat":"wav","fileSize":568398,"duration":17760,"samplingBit":16,"channelCount":1,"samplingRate":"16kHz","audioPath":"/Mock/02.SalesMarketing/Male/New/ckmk_q_sm_m_n_204107.wav"},"answer":{"fileFormat":"wav","fileSize":2781518,"duration":86920,"samplingBit":16,"channelCount":1,"samplingRate":"16kHz","audioPath":"/Mock/02.SalesMarketing/Male/New/ckmk_a_sm_m_n_204107.wav"}}}