{"version":"1.0","dataSet":{"info":{"date":"20230116","occupation":"SM","channel":"MOCK","place":"ONLINE","gender":"MALE","ageRange":"35-44","experience":"NEW"},"question":{"raw":{"text":"입사 후에 근무를 하시면서 정작 지원했던 분야가 본인과 잘 맞지 않는다는 사실을 깨달으시면 이때 어떻게 하실 건가요","wordCount":17},"emotion":[],"intent":[]},"answer":{"raw":{"text":"입사 후 근무를 하면서 정작 지원한 분야가 저와 잘 맞지 않는다는 사실을 깨닫게 되면 어떻게 할 것인지 물어보셨습니다. 입사를 새로 하여 근무를 하는 데 있어 제가 지원한 분야는 저에게 맞춰질 것이라고 예상을 하고 지원을 하게 된 것입니다. 정작 지원을 한 분야는 생각보다 근무 환경 여건 그리고 시스템 등을 다 따져 봤을 때 저와 잘 맞지 않구나 라는 것을 깨달았다면 조금 더 노력을 해서 그 분야에 대해 통달할 정도로 전문가 가까운 수준의 경지에 이를 때까지 노력을 하겠습니다. 애초에 칼을 뽑았으면 무라도 썰어야 하듯 제가 지원을 한 분야인 만큼 제 스스로가 책임을 지고 그 분야에 대해 더욱 저에게 맞춰 갈 수 있도록 노력을 끝까지 하도록 하겠습니다.","wordCount":104},"emotion":[],"intent":[{"text":"","expression":"","category":"attitude"}],"summary":{"text":"조금 더 노력을 해서 그 분야에 대해 통달할 정도로 전문가 가까운 수준의 경지에 이를 때까지 노력하겠습니다.","wordCount":16}}},"rawDataInfo":{"question":{"fileFormat":"wav","fileSize":617678,"duration":19300,"samplingBit":16,"channelCount":1,"samplingRate":"16kHz","audioPath":"/Mock/02.SalesMarketing/Male/New/ckmk_q_sm_m_n_190708.wav"},"answer":{"fileFormat":"wav","fileSize":2857678,"duration":89300,"samplingBit":16,"channelCount":1,"samplingRate":"16kHz","audioPath":"/Mock/02.SalesMarketing/Male/New/ckmk_a_sm_m_n_190708.wav"}}}