{"version":"1.0","dataSet":{"info":{"date":"20230116","occupation":"SM","channel":"MOCK","place":"ONLINE","gender":"MALE","ageRange":"-34","experience":"NEW"},"question":{"raw":{"text":"상대에 바이어가 과도한 접대와 메리트를 요구한다면 어떻게 대응을 할 수 있겠습니까","wordCount":11},"emotion":[],"intent":[]},"answer":{"raw":{"text":"상대 바이어가 과도한 접대와 메리트를 요구한다면 저는 상대 바이어와의 거래를 중단하겠습니다. 물론 바이어와 거래를 중단하게 된다면 단기적으로는 금전적인 손실이 발생할 것입니다. 하지만 저는 이렇게 과도한 접대와 메리트를 통해서 정말 불건전한 영업을 하는 바이어는 결국 시장에서 도태될 것이라고 확신합니다. 따라서 바이어의 요구를 들어주지 않고 오히려 다른 곳에서 매출 돌파구를 찾으면서 위기를 극복할 것 같습니다. 그러면 시간이 흐른 후 과도한 접대를 요구하던 바이어는 시장에서 도태되고 있을 것입니다.","wordCount":65},"emotion":[],"intent":[{"text":"","expression":"","category":"attitude"}],"summary":{"text":"불건전한 영업을 하는 바이어는 결국 시장에서 도태될 것이라고 확신합니다. 오히려 다른 곳에서 매출 돌파구를 찾으면서 위기를 극복할 것 같습니다. 그러면 시간이 흐른 후 그 바이어는 시장에서 도태되고 있을 것입니다.","wordCount":29}}},"rawDataInfo":{"question":{"fileFormat":"wav","fileSize":353678,"duration":11050,"samplingBit":16,"channelCount":1,"samplingRate":"16kHz","audioPath":"/Mock/02.SalesMarketing/Male/New/ckmk_q_sm_m_n_197007.wav"},"answer":{"fileFormat":"wav","fileSize":2417358,"duration":75540,"samplingBit":16,"channelCount":1,"samplingRate":"16kHz","audioPath":"/Mock/02.SalesMarketing/Male/New/ckmk_a_sm_m_n_197007.wav"}}}