{"version":"1.0","dataSet":{"info":{"date":"20230116","occupation":"SM","channel":"MOCK","place":"ONLINE","gender":"MALE","ageRange":"-34","experience":"NEW"},"question":{"raw":{"text":"이 회사에 입사가 된다면 어 꼭 해보고 싶은 광고가 있다면 어떤 것이 있습니까","wordCount":13},"emotion":[],"intent":[]},"answer":{"raw":{"text":"저는 입사 후에 휴대폰 광고를 해보고 싶습니다. 제가 휴대폰 광고를 해보고 싶은 이유는 여러 가지가 있습니다. 먼저 첫 번째로 휴대폰 사업은 우리 회사에서 가장 중요하게 생각하는 사업이기 때문입니다. 따라서 우리 회사의 중추적인 역할을 하는 휴대폰 사업의 핵심 휴대폰 광고를 담당하게 된다면 물론 막중한 책임감을 가지고 힘들기도 하겠지만 이 광고를 잘 끝낸다면 저의 커리어에도 큰 도움이 되면서 스스로 엄청난 성취감과 자부심을 느낄 수 있을 것 같기 때문입니다. 다른 이유는 휴대폰 광고야말로 전 국민을 대상으로 한 광고이기 때문에 저의 광고 역량에 큰 도움이 될 것이기 때문입니다. 이런 이유들로 저는 휴대폰 광고를 꼭 해보고 싶습니다.","wordCount":92},"emotion":[],"intent":[{"text":"","expression":"","category":"attitude"}],"summary":{"text":"휴대폰 사업은 회사에서 가장 중요하게 생각하는 사업이기 때문에 입사 후에 휴대폰 광고를 해보고 싶습니다. 그리고 전 국민을 대상으로 한 광고이기 때문에 광고 역량에 큰 도움이 될 것입니다.","wordCount":27}}},"rawDataInfo":{"question":{"fileFormat":"wav","fileSize":388558,"duration":12140,"samplingBit":16,"channelCount":1,"samplingRate":"16kHz","audioPath":"/Mock/02.SalesMarketing/Male/New/ckmk_q_sm_m_n_197006.wav"},"answer":{"fileFormat":"wav","fileSize":2775758,"duration":86740,"samplingBit":16,"channelCount":1,"samplingRate":"16kHz","audioPath":"/Mock/02.SalesMarketing/Male/New/ckmk_a_sm_m_n_197006.wav"}}}