{"version":"1.0","dataSet":{"info":{"date":"20230116","occupation":"SM","channel":"MOCK","place":"ONLINE","gender":"MALE","ageRange":"-34","experience":"NEW"},"question":{"raw":{"text":"현대인은 하루 평균 세 번의 거짓말을 하고 산다고 하는데요 어 지원자님께서 해본 거짓말 중에 가장 기억에 남는 거짓말은 무엇인가요 말씀 한번 해 보시겠어요","wordCount":23},"emotion":[],"intent":[]},"answer":{"raw":{"text":"제가 해본 거짓말 중 가장 기억에 남는 거짓말은 대학 시절 교수님께 했던 거짓말입니다. 저는 대학 시절 한 교수님의 집중적인 사랑을 받으면서 대학을 다녔는데요. 어느 날 그 교수님이 내준 과제를 미루고 미루다 수업 전날에 정말 대충해서 과제물을 만들었고 제출했습니다. 그러자 교수님께서 저에게 과제가 부실한 것 같다 혹시 무슨 일이 있냐 이렇게 물어보셨고 순간적으로 저는 거짓말을 했습니다. 교수님 제 노트북이 고장이 나서 제가 이 주일 동안 만든 과제가 없어지고 하루 만에 급하게 만드느라 부실했습니다. 그러자 교수님은 그럴 줄 알았다 며 저에게 매우 좋은 성적을 주셨습니다.","wordCount":83},"emotion":[],"intent":[{"text":"","expression":"","category":"attitude"}],"summary":{"text":"대학 시절 교수님께 했던 거짓말은 가장 기억에 남습니다. 어느 날 교수님께서 과제를 미루다 수업 전날에 대충 과제물을 만들었고 제출했는데, 교수님께 노트북이 고장 나서 하루 만에 급하게 만드느라 부실했습니다 라고 말하자 좋은 성적을 주셨습니다.","wordCount":33}}},"rawDataInfo":{"question":{"fileFormat":"wav","fileSize":494798,"duration":15460,"samplingBit":16,"channelCount":1,"samplingRate":"16kHz","audioPath":"/Mock/02.SalesMarketing/Male/New/ckmk_q_sm_m_n_196680.wav"},"answer":{"fileFormat":"wav","fileSize":2702158,"duration":84440,"samplingBit":16,"channelCount":1,"samplingRate":"16kHz","audioPath":"/Mock/02.SalesMarketing/Male/New/ckmk_a_sm_m_n_196680.wav"}}}