{"version":"1.0","dataSet":{"info":{"date":"20230116","occupation":"SM","channel":"MOCK","place":"ONLINE","gender":"MALE","ageRange":"-34","experience":"NEW"},"question":{"raw":{"text":"지원자님께서는 팀장에 더 잘 맞을 것 같은지 팀원에 더 잘 맞을 것 같은지 또 왜 그렇게 생각하는지 이유와 함께 설명 부탁드립니다","wordCount":21},"emotion":[],"intent":[]},"answer":{"raw":{"text":"저는 무엇인가를 이끄는 팀장보다는 팀원에 더 잘 어울리는 사람인데요. 왜냐하면 저는 앞에서 무언가를 선도하고 지도를 하는 팀원 팀장보다는 뒤에서 잔잔하게 서포트를 해주는 그런 직책에 더 잘 어울리기 때문입니다. 그렇다고 해서 제가 아예 능력이 없다거나 그렇다고 무임승차를 하겠다는 것은 아닙니다. 저는 제가 맡은 일에 최선을 다하고 또 책임감도 있기 때문에 맡은 바 일에 책임을 다할려고 노력을 하는 편입니다. 이제 이러한 것들이 뒷받침이 됐을 때 적어도 팀장을 힘들게 하기보다는 팀원을 만 힘들게 만드는 그런 암 덩어리 존재가 아닌 그래도 팀 내에서 팀장 다음으로 가장 큰 도움이 되는 그런 사람으로 저는 성장을 하고 싶기에 저는 팀장보다는 팀원이 더 잘 어울리는 사람으로 생각을 했습니다. 네 이상입니다. 감사합니다.","wordCount":103},"emotion":[],"intent":[{"text":"","expression":"","category":"attitude"}],"summary":{"text":"저는 앞에서 선도하고 지도를 하는 팀원 팀장보다는 뒤에서 잔잔하게 서포트를 해주는 그런 직책에 더 잘 어울리는 사람이라고 생각합니다. 이것이 뒷받침이 됐을 때 팀 내에서 팀장 다음으로 가장 큰 도움이 되는 사람으로 저는 성장을 하고 싶습니다.","wordCount":35}}},"rawDataInfo":{"question":{"fileFormat":"wav","fileSize":498638,"duration":15580,"samplingBit":16,"channelCount":1,"samplingRate":"16kHz","audioPath":"/Mock/02.SalesMarketing/Male/New/ckmk_q_sm_m_n_185364.wav"},"answer":{"fileFormat":"wav","fileSize":1966798,"duration":61460,"samplingBit":16,"channelCount":1,"samplingRate":"16kHz","audioPath":"/Mock/02.SalesMarketing/Male/New/ckmk_a_sm_m_n_185364.wav"}}}