{"version":"1.0","dataSet":{"info":{"date":"20230116","occupation":"SM","channel":"MOCK","place":"ONLINE","gender":"MALE","ageRange":"35-44","experience":"NEW"},"question":{"raw":{"text":"업무를 하다보면 분쟁이 발생할 때가 있습니다 이를 대비한 지원자님만의 대처 방법이 있는지 궁금합니다 있다면 어떤 대처 방법인지 이야기해 주세요","wordCount":19},"emotion":[],"intent":[]},"answer":{"raw":{"text":"업무시에 분쟁이 발생할 때를 대비한 저만의 대처법이 있는지 있다면 무엇인지 궁금하다 고 하셨습니다. 업무 시 분쟁은 불가피한 어 어떻게 보면 누구나 수시로 겪고 있고 또 앞으로 또 겪게 될 일들 중 하나입니다. 어떠한 업무를 하든 상사와 또는 동료와 또는 부하 직원과 사소한 마찰이나 분쟁이 생길 수밖에 없습니다. 미리 이 분쟁을 대비하려면 대처법이라고 한다면 그 상대에 따라 조금씩은 다르겠지만 일단 그 상대를 먼저 배려해야 합니다. 평상 평상시에 그 상대를 배려하는 모습을 보이고 이해하는 모습을 보이고 그리고 저의 주장을 무조건 내세우기보다는 상대들의 의견을 먼저 경청해 주고 그를 수용할 준비가 되어 있다 라는 자세를 보여줌으로써 관계가 돈독해지고 서로 터놓고 얘기할 수 있는 그러한 사회가 된다면 분쟁이 발생을 하기 전 어느 한쪽이 양보를 하든 방법을 찾든 분쟁을 최대한 줄일 수 있는 방법이 아닐까 그렇게 저는 생각을 하고 있습니다.","wordCount":124},"emotion":[],"intent":[{"text":"","expression":"","category":"attitude"}],"summary":{"text":"업무 시 분쟁이 발생할 때를 대비한 저만의 대처법이 있다면 궁금하다 고 하였습니다. 분쟁을 대비하려면 일단 그 상대를 먼저 배려해야 합니다. 관계를 돈독히 하고 서로 터놓고 얘기하는 그런 사회가 된다면 분쟁을 최대한 줄일 수 있는 방법이 아닐까 생각합니다.","wordCount":37}}},"rawDataInfo":{"question":{"fileFormat":"wav","fileSize":461198,"duration":14410,"samplingBit":16,"channelCount":1,"samplingRate":"16kHz","audioPath":"/Mock/02.SalesMarketing/Male/New/ckmk_q_sm_m_n_230947.wav"},"answer":{"fileFormat":"wav","fileSize":3597198,"duration":112410,"samplingBit":16,"channelCount":1,"samplingRate":"16kHz","audioPath":"/Mock/02.SalesMarketing/Male/New/ckmk_a_sm_m_n_230947.wav"}}}