{"version":"1.0","dataSet":{"info":{"date":"20230116","occupation":"SM","channel":"MOCK","place":"ONLINE","gender":"MALE","ageRange":"-34","experience":"NEW"},"question":{"raw":{"text":"평소에 특별히 가고 싶은 회사가 있으셨나요 보통 회사를 고를 때 지원자님께서는 특정 도메인을 중요하게 생각하시는지 아니면 회사의 분위기를 중요하게 생각하시는지 궁금합니다","wordCount":21},"emotion":[],"intent":[]},"answer":{"raw":{"text":"저는 제가 회사를 고르는 데 있어서 제일 중요한 것은 회사의 분위기라고 생각을 합니다. 솔직히 말씀드려서 미국에 있는 아주 대표적인 도메인 그 외에는 다 거기서 거기라고 생각을 합니다. 무시하는 것이 아니라 그만큼 우리나라 한국의 아이티 계열은 많은 상향 평준 평준화를 이루어 놨다고 이루어냈다고 생각을 합니다. 그렇기 때문에 저는 제가 어떤 도메인과 회사 그런 것보다는 이 아이티 계열의 전반적인 성장을 위해 바라보는 편입니다. 진정한 아이티 강국이 되기를 저는 간절히 바라고 있습니다. 그러기 위해서는 마음 맞는 사람들과 즐거운 분위기에서 화목한 분위기에서 더 좋은 업무 효율을 날 수 있기 때문에 아무리 중소기업이라 중소기업이더라도 스타트업이라도 제일 중요한 것은 분위기라고 생각을 합니다.","wordCount":96},"emotion":[],"intent":[{"text":"","expression":"","category":"attitude"}],"summary":{"text":"우리나라 한국의 아이티 계열은 상향 평준 평준화를 이루어 놓았기에 전반적인 성장을 위해 바라보는 편인데, 진정한 아이티 강국이 되기를 바라고 있습니다. 그러기 위해서는 마음 맞는 사람들과 화목한 분위기에서 더 좋은 업무 효율을 낼 수 있다고 생각합니다.","wordCount":35}}},"rawDataInfo":{"question":{"fileFormat":"wav","fileSize":573518,"duration":17920,"samplingBit":16,"channelCount":1,"samplingRate":"16kHz","audioPath":"/Mock/02.SalesMarketing/Male/New/ckmk_q_sm_m_n_186650.wav"},"answer":{"fileFormat":"wav","fileSize":2651278,"duration":82850,"samplingBit":16,"channelCount":1,"samplingRate":"16kHz","audioPath":"/Mock/02.SalesMarketing/Male/New/ckmk_a_sm_m_n_186650.wav"}}}