{"version":"1.0","dataSet":{"info":{"date":"20230116","occupation":"SM","channel":"MOCK","place":"ONLINE","gender":"MALE","ageRange":"35-44","experience":"NEW"},"question":{"raw":{"text":"아 본인의 전공 외에 자신이 수준급의 실력이 될 정도로 노력해 본 것이 있는지요 아 있다면 어떤 것이었는지 말씀해 주시고 또 전공과 관련해서 어떤 도움을 주었는지도 말씀해 주시기 바랍니다","wordCount":28},"emotion":[],"intent":[]},"answer":{"raw":{"text":"전공 외에 제가 수준급의 실력이 될 정도로 노력을 한 것이 있냐고 물어보셨습니다. 저는 문서 작업 프로그램 거의 어 자격증을 일 급 까지 취득을 하면 하였습니다. 어떠한 문서 표 그래프 도표 등등을 작업하는데 능수능란하며 전문가 수준급의 실력은 다 갖추고 있다고 봐도 무방할 것 같습니다. 전공 과목은 아니지만 디자인 작업이나 문서 작업 쪽에 관심이 아주 많아 예전부터 많이 준비해 왔고 노력을 해 왔던 결과물이 바로 워드프로세서 자격증이라고 생각을 합니다. 전공과 관련하여 어떤 도움을 주는지는 어떤 서류를 작성하거나 어떤 어 안건을 제출할 때 남들보다 더욱 화면 상 그리고 지면 상 단정되고 깔끔한 디자인 형식의 문서를 만들 수 있다는 장점이 있습니다.","wordCount":97},"emotion":[{"text":"저는 문서 작업 프로그램 거의 어 자격증을 일 급 까지 취득을 하면 하였습니다.","expression":"u-fact","category":"neutral"}],"intent":[{"text":"","expression":"","category":"attitude"}],"summary":{"text":"디자인 작업이나 문서 작업 쪽에 관심이 아주 많아 예전부터 많이 준비해 왔던 결과물이 바로 워드프로세서 자격증입니다. 전공과 관련하여 어떤 서류를 작성하거나 안건을 제출할 때 단정되고 깔끔하고 디자인 형식의 문서를 만들 수 있다는 장점이 있습니다.","wordCount":34}}},"rawDataInfo":{"question":{"fileFormat":"wav","fileSize":604878,"duration":18900,"samplingBit":16,"channelCount":1,"samplingRate":"16kHz","audioPath":"/Mock/02.SalesMarketing/Male/New/ckmk_q_sm_m_n_190707.wav"},"answer":{"fileFormat":"wav","fileSize":2894798,"duration":90460,"samplingBit":16,"channelCount":1,"samplingRate":"16kHz","audioPath":"/Mock/02.SalesMarketing/Male/New/ckmk_a_sm_m_n_190707.wav"}}}