{"version":"1.0","dataSet":{"info":{"date":"20230116","occupation":"SM","channel":"MOCK","place":"ONLINE","gender":"MALE","ageRange":"-34","experience":"NEW"},"question":{"raw":{"text":"지원자님께서는 평소에 개인 작업을 많이 하시는 편입니까 그렇다면 그렇게 할 수 있는 원동력이 무엇이라고 생각하십니까","wordCount":15},"emotion":[],"intent":[]},"answer":{"raw":{"text":"저는 살면서 개인 작업을 했던 적이 거의 없었습니다. 항상 주변에는 동료들이 있었고 팀이 있었고 조직에 속해서 어떤 일을 항상 해왔었습니다. 그런데 그런 것들이 그런 사회적인 관계를 맺으며 일을 하는 그런 모든 것들이 저에게 어느 순간부터 몹시 피로로 다가와 큰 스트레스가 되어서 더 이상 사람들과 일을 할 수 없게 되었습니다. 그로 인해서 얻은 질병과 그 질병으로 인해서 저는 아직도 약을 복용하고 있습니다. 그렇기 때문에 저는 제가 이제 더 이상 사람들과 일을 할 수 없다는 것을 잘 알고 있습니다. 그래서 그 이후부터는 저는 항상 개인 작업을 해왔습니다. 개인 작업을 이루어서 해왔던 성과들도 많이 있습니다. 그렇게 할 수 있는 원동력은 저는 더 이상 사람들과 저 작업을 할 수 없기 때문입니다.","wordCount":107},"emotion":[],"intent":[{"text":"","expression":"","category":"attitude"}],"summary":{"text":"저는 살면서 개인 작업을 한 적이 거의 없었는데, 사회적 관계를 맺으며 일을 하는 것이 매우 스트레스로 다가와 더 이상 사람들과 일을 할 수 없게 되었습니다. 그로 인해 얻은 질병과 그 질병으로 인해서 아직도 약을 복용하고 있습니다. 그래서 지금까지는 개인 작업을 해왔습니다.","wordCount":41}}},"rawDataInfo":{"question":{"fileFormat":"wav","fileSize":403278,"duration":12600,"samplingBit":16,"channelCount":1,"samplingRate":"16kHz","audioPath":"/Mock/02.SalesMarketing/Male/New/ckmk_q_sm_m_n_193706.wav"},"answer":{"fileFormat":"wav","fileSize":2490318,"duration":77820,"samplingBit":16,"channelCount":1,"samplingRate":"16kHz","audioPath":"/Mock/02.SalesMarketing/Male/New/ckmk_a_sm_m_n_193706.wav"}}}