{"version":"1.0","dataSet":{"info":{"date":"20230116","occupation":"SM","channel":"MOCK","place":"ONLINE","gender":"MALE","ageRange":"-34","experience":"NEW"},"question":{"raw":{"text":"귀하께서 입사 후 어 영업을 할 때 거래처와 만약 갈등이 생긴다면 그 갈등을 어떻게 해결할지 방법에 대해서 말씀해 주세요","wordCount":19},"emotion":[],"intent":[]},"answer":{"raw":{"text":"영업을 하다 보면 거래처와 갈등이 생기는 경우가 많습니다. 이러한 상황에서 가장 중요한 것은 서로가 어떤 것을 원하는지 허심탄회하게 이야기하는 것입니다. 그러기 위해서는 정말 사람 대 사람으로 소통할 수 있는 술자리가 있다면 참 효과적인데요. 그래서 저는 거래처와 갈등이 생기면 정말 맛있는 식당에서 술자리를 가지면서 사람 대 사람으로 솔직하게 대화하는 것을 선호합니다. 그렇게 일로 만난 사이지만 친밀감을 형성하고 서로가 원하는 바를 솔직하게 이야기하면서 서로가 서로를 더 잘 알게 되고 배려하게 되고 인간적인 감정을 갖게 되면서 갈등을 해소할 수 있습니다. 또한 비 온 뒤에 땅이 굳듯이 더 단단한 관계를 형성할 수 있습니다. 이러한 술자리를 통해서 진솔한 소통을 하는 방식으로 거래저와 갈등을 해결하고 싶습니다.","wordCount":100},"emotion":[],"intent":[{"text":"그래서 저는 거래처와 갈등이 생기면   정말 맛있는 식당에서 술자리를 가지면서 사람 대 사람으로   솔직하게 대화하는 것을 선호합니다.","expression":"c_confl_mg","category":"personality"},{"text":"그렇게   일로 만난 사이지만 친밀감을 형성하고 서로가 원하는 바를   솔직하게 이야기하면서 서로가 서로를 더 잘 알게 되고   배려하게 되고 인간적인 감정을 갖게 되면서 갈등을 해소할 수 있습니다.","expression":"c_confl_mg","category":"personality"}],"summary":{"text":"영업하다 보면 거래처와 갈등이 생기는 경우가 많은데 그럴 때 사람 대 사람으로 소통할 수 있는 술자리가 있으면 참 효과적입니다. 술자리를 가지면서 진솔한 소통을 하는 방식으로 거래저와 갈등을 해결하고 싶습니다.","wordCount":29}}},"rawDataInfo":{"question":{"fileFormat":"wav","fileSize":501838,"duration":15680,"samplingBit":16,"channelCount":1,"samplingRate":"16kHz","audioPath":"/Mock/02.SalesMarketing/Male/New/ckmk_q_sm_m_n_180887.wav"},"answer":{"fileFormat":"wav","fileSize":2885198,"duration":90160,"samplingBit":16,"channelCount":1,"samplingRate":"16kHz","audioPath":"/Mock/02.SalesMarketing/Male/New/ckmk_a_sm_m_n_180887.wav"}}}