{"version":"1.0","dataSet":{"info":{"date":"20230116","occupation":"SM","channel":"MOCK","place":"ONLINE","gender":"MALE","ageRange":"-34","experience":"NEW"},"question":{"raw":{"text":"지금까지의 지원자님에게 주어졌던 약간의 협업 일들을 하시면서 가장 고된 기억으로 남았던 점과 그 부분을 어떻게 해결하셨는지 말씀해 주세요","wordCount":18},"emotion":[],"intent":[]},"answer":{"raw":{"text":"지금까지 협업하면서 가장 어려웠던 것과 그 어려움을 어떻게 해결했는지 함께 말해 달라고 이렇게 질문해 주셨는데요. 일단 협업하면서 가장 어려웠던 점은 어 의견이 맞지 않는다는 점이었습니다. 일단 협업을 하게 되면 뭐 아는 사람과 협업을 할 수도 있지만 웬만해서 모르는 사람과 처음 본 사람과 그 회사나 그런 것이 마음에 들어서 협업을 하게 되는 경우가 많습니다. 그러면 그 저와 인제 협업을 하기 위해 그 의견을 맞춰야 하기 때문에 그런 대화나 소통이 있을 텐데 그런 점에서 나랑 맞지 않는 부분도 있었고 내가 생각한 의견이 아닌 경우도 많았습니다. 그럴 때마다 그런 점이 가장 어려웠는데 그 어려움을 해결하기 위해 나의 의견보다는 상대방의 의견을 먼저 들어보았습니다. 그 후에 내 의견이 더 맞다고 생각하는 점과 상대방의 의견에서 틀린 점 상대방의 의견에서 내가 원래 몰랐던 점 내가 원래 생각하지 못했던 점을 뽑아서 상대방에게 내 의견과 함께 설명하며 이런 점을 조율하면서 함께 맞춰나가는 게 어떻겠냐 라고 이렇게 의견을 물어보고 그런 식으로 협 협업을 어 협업에서 가장 어려웠던 점을 해결했던 것 같습니다.","wordCount":151},"emotion":[],"intent":[{"text":"그 후에 내 의견이 더 맞다고 생각하는 점과 상대방의 의견에서 틀린 점 상대방의 의견에서 내가 원래 몰랐던 점 내가 원래 생각하지 못했던 점을 뽑아서 상대방에게 내 의견과 함께 설명하며 이런 점을 조율하면서 함께 맞춰나가는 게 어떻겠냐 라고 이렇게 의견을 물어보고 그런 식으로 협 협업을 어 협업에서 가장 어려웠던 점을 해결했던 것 같습니다.","expression":"c_confl_mg","category":"personality"}],"summary":{"text":"협업할 때 가장 어려웠던 점은 제가 생각한 의견이 아닌 상대방의 의견을 듣고 조율하는 과정을 거치는 것이 좋겠다는 생각이 들게 했습니다. 그 후에는 제가 더 맞다고 생각하는 점과 틀린 점, 제가 원래 생각하지 못했던 점을 뽑아 상대방에게 의견을 묻고 조율하는 방식으로 협업을 해왔습니다.","wordCount":42}}},"rawDataInfo":{"question":{"fileFormat":"wav","fileSize":478158,"duration":14940,"samplingBit":16,"channelCount":1,"samplingRate":"16kHz","audioPath":"/Mock/02.SalesMarketing/Male/New/ckmk_q_sm_m_n_192604.wav"},"answer":{"fileFormat":"wav","fileSize":2725838,"duration":85180,"samplingBit":16,"channelCount":1,"samplingRate":"16kHz","audioPath":"/Mock/02.SalesMarketing/Male/New/ckmk_a_sm_m_n_192604.wav"}}}