{"version":"1.0","dataSet":{"info":{"date":"20230116","occupation":"SM","channel":"MOCK","place":"ONLINE","gender":"MALE","ageRange":"-34","experience":"NEW"},"question":{"raw":{"text":"최근에 면접자님이 재미있게 하고 있는 일이 무엇일까요 그리고 그 일이 왜 재미있는지도 함께 설명해 주시면 감사하겠습니다","wordCount":16},"emotion":[],"intent":[]},"answer":{"raw":{"text":"최근에 저는 여러 가지 경제학 서적을 이 읽는 것에 흥미를 느끼고 또 재미있게 느끼고 있습니다. 왜 그러냐면 이러한 돈의 흐름을 어느 정도는 파악을 하고 있어야지 어떤 상품이 히트를 치고 또 어떤 상품을 기획해야 될지를 잘 파악할 수 있기 때문인데요. 이것은 결국 또 제가 돈을 버는 데 있어서 커다란 도움이 되기 때문에 어 오히려 귀찮다고 느껴지지 않고 상당히 흥미를 느끼는 것 같습니다. 또한 이것을 토대로 이제 새롭게 투자 또 이제 진행을 하고 있습니다. 근데 이제 그 단순히 예전에는 단순히 그 기업에 대한 찌라시 즉 소문만 듣고 투자를 했다면 지금은 어느 정도의 기업을 보는 눈이 생기고 그것에 대한 가치를 보면서 이렇게 투자를 해야겠다 라고 이제 생각이 들어서 올바른 투자법을 배울 수 있어서 또 그런 것도 상당히 흥미롭고 재미있게 다가왔던 것 같습니다. 앞으로도 이러한 경제학 서적을 통해서 저의 지식 역량을 좀 더 늘리고 또 제 영업적인 스킬도 이제 늘릴 수 있는 그런 기회로 됐었으면 좋겠습니다. 이상입니다.","wordCount":143},"emotion":[{"text":"최근에 저는 여러 가지 경제학 서적을 이 읽는 것에 흥미를 느끼고 또 재미있게 느끼고 있습니다.","expression":"p-interest","category":"positive"},{"text":"이것은 결국 또 제가 돈을 버는 데 있어서 커다란 도움이 되기 때문에 어 오히려   귀찮다고 느껴지지 않고 상당히 흥미를 느끼는 것 같습니다.","expression":"p-interest","category":"positive"},{"text":"근데 이제 그 단순히 예전에는 단순히 그 기업에 대한 찌라시 즉 소문만 듣고 투자를 했다면   지금은 어느 정도의 기업을 보는 눈이 생기고 그것에 대한 가치를 보면서 이렇게 투자를 해야겠다 라고 이제 생각이 들어서   올바른 투자법을 배울 수 있어서 또 그런 것도 상당히 흥미롭고 재미있게 다가왔던 것 같습니다.","expression":"p-interest","category":"positive"}],"intent":[{"text":"","expression":"","category":"attitude"}],"summary":{"text":"최근 저는 돈의 흐름을 어느 정도는 알고 있어야 어떤 상품이 히트를 치고 어떤 상품을 기획해야 될지를 파악할 수 있다는 경제학 서적을 읽고 있습니다. 이것을 토대로 새로운 투자를 하고 있는데 올바른 투자법을 배울 수 있어서 흥미롭고 재미있게 다가왔습니다. 앞으로도 이러한 서적을 통해 지식 역량과 영업적 스킬을 늘릴 수 있었으면 좋겠습니다.","wordCount":49}}},"rawDataInfo":{"question":{"fileFormat":"wav","fileSize":615758,"duration":19240,"samplingBit":16,"channelCount":1,"samplingRate":"16kHz","audioPath":"/Mock/02.SalesMarketing/Male/New/ckmk_q_sm_m_n_185363.wav"},"answer":{"fileFormat":"wav","fileSize":2279118,"duration":71220,"samplingBit":16,"channelCount":1,"samplingRate":"16kHz","audioPath":"/Mock/02.SalesMarketing/Male/New/ckmk_a_sm_m_n_185363.wav"}}}