{"version":"1.0","dataSet":{"info":{"date":"20230116","occupation":"SM","channel":"MOCK","place":"ONLINE","gender":"MALE","ageRange":"-34","experience":"NEW"},"question":{"raw":{"text":"지원자님께서 경험하신 여러 대외 활동 중에 어떤 대외 활동을 하였고 그 대외 활동에서 무엇을 배웠고 어떤 자세로 임하였는지 말씀 부탁드립니다","wordCount":20},"emotion":[],"intent":[]},"answer":{"raw":{"text":"쓰레기를 많이 버리면 안 된다는 것을 배웠습니다. 저는 주로 환경 캠페인의 환경 활동 환경 대외 활동을 많이 했었습니다. 환경 대외 활동을 하면서 주웠던 쓰레기만 몇 톤은 되는 것 같습니다. 무심코 버린 그런 쓰레기들 내가 집에서 버리는 그런 쓰레기들 종량제 봉투에 버린다고 버리는 그런 쓰레기들이 쌓여서 그렇게 많은 쓰레기 산을 이루고 있는지는 몰랐었습니다. 그렇게 쓰레기 산을 이루고 있는 그 모습들을 보니 정말 쓰레기를 줄여야 되겠다 쓰레기 때문에 이 지구가 멸망하겠다 라는 생각이 절로 들었습니다. 그래서 저는 쓰레기 매립지가 하루빨리 더 개설되어야 된다고 생각을 합니다. 그렇게 쓰레기를 매립하고 아니면 쓰레기를 재활용해서 하루빨리 쓰레기 문제를 해결해야 된다 고 깊은 깨달음을 얻었습니다.","wordCount":98},"emotion":[{"text":"저는 주로 환경 캠페인의 환경 활동 환경 대외 활동을 많이 했었습니다.","expression":"u-fact","category":"neutral"}],"intent":[{"text":"","expression":"","category":"attitude"}],"summary":{"text":"저는 환경 대외 활동을 하며 주었던 쓰레기만 몇 톤 되는 것 같습니다. 종량제 봉투에 버린다고 버리는 것들이 쌓여서 많은 쓰레기 산을 이루고 있는지는 몰랐습니다. 그래서 쓰레기 매립지가 더 개설되어야 한다는 생각을 했습니다.","wordCount":32}}},"rawDataInfo":{"question":{"fileFormat":"wav","fileSize":523278,"duration":16350,"samplingBit":16,"channelCount":1,"samplingRate":"16kHz","audioPath":"/Mock/02.SalesMarketing/Male/New/ckmk_q_sm_m_n_193710.wav"},"answer":{"fileFormat":"wav","fileSize":2498638,"duration":78080,"samplingBit":16,"channelCount":1,"samplingRate":"16kHz","audioPath":"/Mock/02.SalesMarketing/Male/New/ckmk_a_sm_m_n_193710.wav"}}}