{"version":"1.0","dataSet":{"info":{"date":"20230116","occupation":"SM","channel":"MOCK","place":"ONLINE","gender":"MALE","ageRange":"-34","experience":"NEW"},"question":{"raw":{"text":"팀워크와 창의성 중에서 더 중요한 것은 뭐라고 생각을 하시나요 근거도 함께 들어서 말씀해 주시기 바랍니다","wordCount":15},"emotion":[],"intent":[]},"answer":{"raw":{"text":"저는 창의성과 팀워크 중에 팀워크가 더 중요하다고 생각합니다. 창의성은 결국 본인 혼자서의 능력입니다. 반대로 팀워크는 여러 사람들의 능력을 같이 합치는 것이기 때문에 아무리 뛰어난 사람이 창의성을 가지고 일을 한다고 해도 많은 사람들의 생각을 뛰어넘을 수는 없다고 생각합니다. 쉽게 이야기해서 팀 워크 안에는 다양한 사람들이 있기 때문에 창의성도 거기서 발휘될 것이라고 생각합니다. 무엇보다 팀워크를 잘 갖추고 있는 조직은 더 좋은 성과를 낼 수 밖에 없습니다. 혼자서 일하는 창의적인 사람보다 팀워크를 갖춘 조직이 더 많은 사람이 더 다양한 의견을 가지고 일을 하기 때문에 성과 또한 좋은 성과로 나타날 것이라고 생각합니다.","wordCount":88},"emotion":[],"intent":[{"text":"","expression":"","category":"attitude"}],"summary":{"text":"저는 창의성과 팀워크 중 팀워크가 중요하다고 생각합니다. 창의성은 혼자서의 능력인 반면에 팀워크는 여러 사람들의 능력을 같이 합치는 것이기 때문에, 창의성을 가진 사람이 일을 한다고 해도 많은 사람들의 생각을 뛰어넘을 수는 없습니다.","wordCount":31}}},"rawDataInfo":{"question":{"fileFormat":"wav","fileSize":501838,"duration":15680,"samplingBit":16,"channelCount":1,"samplingRate":"16kHz","audioPath":"/Mock/02.SalesMarketing/Male/New/ckmk_q_sm_m_n_236165.wav"},"answer":{"fileFormat":"wav","fileSize":2450638,"duration":76580,"samplingBit":16,"channelCount":1,"samplingRate":"16kHz","audioPath":"/Mock/02.SalesMarketing/Male/New/ckmk_a_sm_m_n_236165.wav"}}}