{"version":"1.0","dataSet":{"info":{"date":"20230116","occupation":"SM","channel":"MOCK","place":"ONLINE","gender":"MALE","ageRange":"-34","experience":"NEW"},"question":{"raw":{"text":"지금까지 협업을 통한 일을 많이 해 보셨으리라 생각이 듭니다 아 협업을 하면서 지원자님이 생각할 때 가장 어려웠던 점은 무엇이었습니까 그리고 그 어려움을 어떻게 해결하셨는지도 함께 말씀 부탁드립니다","wordCount":27},"emotion":[],"intent":[]},"answer":{"raw":{"text":"제가 지금까지 협업을 하면서 가장 어려웠던 점은 열심히 하지 않아도 이 일이 마무리되겠지 이런 생각을 가지고 적극적으로 참여하지 않았던 사람들과 함께 일을 했던 것입니다. 이 사람들은 자신이 그 일을 하지 않으면 다른 누군가가 하는 것이 당연하다고 생각하고 이것을 이용하는 그런 부류의 사람들이었습니다. 저는 이런 사람들과 협업을 할 때는 항상 책임 소재를 명확히 하고 역할 분담을 정확하게 하면서 이 문제를 해결했습니다. 이 사람들은 자신에게 명확한 역할과 책임이 있다면 자신이 책임지기는 싫어서 자신의 역할은 충실하게 하는 편입니다. 따라서 이렇게 적극적으로 참여하지 않는 사람들에게 책임을 분명하게 알려주면서 협업을 했고 잘 해결할 수 있었습니다.","wordCount":90},"emotion":[],"intent":[{"text":"","expression":"","category":"attitude"}],"summary":{"text":"적극적으로 참여하지 않았던 사람들과 협업할 때 어려웠습니다. 책임 소재를 명확히 하고 역할 분담을 정확하게 하는 방법으로 문제를 해결했습니다.","wordCount":18}}},"rawDataInfo":{"question":{"fileFormat":"wav","fileSize":595598,"duration":18610,"samplingBit":16,"channelCount":1,"samplingRate":"16kHz","audioPath":"/Mock/02.SalesMarketing/Male/New/ckmk_q_sm_m_n_197184.wav"},"answer":{"fileFormat":"wav","fileSize":2784078,"duration":87000,"samplingBit":16,"channelCount":1,"samplingRate":"16kHz","audioPath":"/Mock/02.SalesMarketing/Male/New/ckmk_a_sm_m_n_197184.wav"}}}