{"version":"1.0","dataSet":{"info":{"date":"20230116","occupation":"SM","channel":"MOCK","place":"ONLINE","gender":"MALE","ageRange":"35-44","experience":"NEW"},"question":{"raw":{"text":"기차가 잘 운행을 하다가 산사태로 삼십 분 동안 정차하게 되었습니다 그때 면접자님이 관리 책임에 위치해 있는 사람이라면 어떤 방법으로 조치하실 건가요","wordCount":21},"emotion":[],"intent":[]},"answer":{"raw":{"text":"기차가 운행을 하다 산사태로 인해 삼십 분간 정차가 된 경우 제가 관리 책임의 위치에 놓여있는 사람이라면 어떻게 조치할지 질문을 하셨습니다. 말 그대로 산사태라는 것은 저희가 실수를 하거나 저희 과실이 아닌 천재 지변으로 인한 열차의 정지로 도착 시간이 지연됨을 의미합니다. 일단 수습 상황을 체크하고 앞에 장애물들이 치워지는 시간 또는 여러 가지 모든 상황을 고려하여 빠른 시간 내에 제 운행이 어렵다 판단이 되면 고객에게 안내 방송을 한 후 급한 연락을 통해 버스 등 다른 교통 수단을 급히 배치하여 고객들을 목적지까지 일단 수송을 한 다음 지연과 여러 가지 피해 보상 등을 강구해야 할 것입니다.","wordCount":91},"emotion":[],"intent":[{"text":"","expression":"","category":"attitude"}],"summary":{"text":"기차가 산사태로 인해 정차가 된 경우 어떻게 조치할지 질문을 하였습니다. 산사태는 천재 지변으로 열차의 정지로 도착 시간이 지연됨을 의미합니다. 최대한 빨리 운행이 어렵다 판단되면 고객들을 목적지까지 수송한 다음 피해 보상을 해야 할 것입니다.","wordCount":33}}},"rawDataInfo":{"question":{"fileFormat":"wav","fileSize":414158,"duration":12940,"samplingBit":16,"channelCount":1,"samplingRate":"16kHz","audioPath":"/Mock/02.SalesMarketing/Male/New/ckmk_q_sm_m_n_210151.wav"},"answer":{"fileFormat":"wav","fileSize":2860238,"duration":89380,"samplingBit":16,"channelCount":1,"samplingRate":"16kHz","audioPath":"/Mock/02.SalesMarketing/Male/New/ckmk_a_sm_m_n_210151.wav"}}}