{"version":"1.0","dataSet":{"info":{"date":"20230116","occupation":"SM","channel":"MOCK","place":"ONLINE","gender":"MALE","ageRange":"-34","experience":"NEW"},"question":{"raw":{"text":"사람들과 협업을 하며 가장 어려웠던 점은 무엇이었습니까 또 어떻게 극복하셨는지도 함께 말씀해 주세요","wordCount":13},"emotion":[],"intent":[]},"answer":{"raw":{"text":"일을 하면서 가장 힘들었던 것은 지각하는 사람들이 많이 있었다는 것입니다. 협업이라는 것은 다양한 사람들이 한 가지 일을 같이 해 나가는 것입니다. 협업을 할 때 한 사람이 오 분 십 분만 늦는다고 해도 기다리고 있는 사람들에 시간들을 많이 뺏어 가는 것이기 때문에 지각을 하는 사람들에게 경각심을 일깨워 줘야 된다고 생각했습니다. 저는 협업을 할 때 지각을 하는 사람들을 어떻게 하면 지각을 하지 않게 할 수 있을까 라는 고민을 했고 여러 가지 의견을 종합해 본 결과 지각하는 사람들에게 벌금을 매기자 라는 의견이 나왔습니다. 그래서 지각을 하는 사람들은 커피나 밥을 사는 등 벌금을 매기는 형식으로 경각심을 일깨워줬던 것 같습니다. 이렇게 하면서 지각을 하는 사람들이 많이 적어졌고 협업도 더 능률이 올랐던 것 같습니다.","wordCount":108},"emotion":[],"intent":[{"text":"","expression":"","category":"attitude"}],"summary":{"text":"협업을 할 때 지각하는 사람들에게 경각심을 일깨워 줘야 한다고 생각했습니다. 여러 의견을 종합해 본 결과 지각하는 사람에게 벌금을 매기자는 의견이 나왔습니다. 그렇게 지각을 하는 사람들이 많이 적어졌고 협업도 더 능률이 높아졌습니다.","wordCount":31}}},"rawDataInfo":{"question":{"fileFormat":"wav","fileSize":353998,"duration":11060,"samplingBit":16,"channelCount":1,"samplingRate":"16kHz","audioPath":"/Mock/02.SalesMarketing/Male/New/ckmk_q_sm_m_n_227787.wav"},"answer":{"fileFormat":"wav","fileSize":2436558,"duration":76140,"samplingBit":16,"channelCount":1,"samplingRate":"16kHz","audioPath":"/Mock/02.SalesMarketing/Male/New/ckmk_a_sm_m_n_227787.wav"}}}