{"version":"1.0","dataSet":{"info":{"date":"20230116","occupation":"SM","channel":"MOCK","place":"ONLINE","gender":"MALE","ageRange":"-34","experience":"NEW"},"question":{"raw":{"text":"지원자께서는 회사의 덕목이 무엇이라고 생각하십니까 그리고 어떠한 회사가 좋은 회사라고 생각하시는지 말씀해 주시길 바랍니다","wordCount":14},"emotion":[],"intent":[]},"answer":{"raw":{"text":"제가 생각하는 회사의 덕목은 인재를 귀하게 여기는 것입니다. 우리는 많은 회사들이 자신들의 단기적인 이익을 위해서 직원들 그리고 생산직들을 정말 하찮게 대하는 모습을 봐왔습니다. 그런 회사들은 결국은 도태되었습니다. 왜냐하면 동기 부여가 있고 충성심이 있는 사람과 그렇지 않은 사람의 차이는 매우 크기 때문인데요. 그렇기 때문에 저는 사람을 귀한 줄 알고 사람에게 투자하는 회사가 좋은 회사라고 생각합니다. 즉 사람에게 충분한 연봉을 주고 각종 혜택을 비롯한 복지를 누리게 하고 그렇게 사람들에게 자연스럽게 충성심을 만들어주고 누구보다 직원들은 회사를 위해서 열심히 일하고 그러면 다시 충분한 보상이 따라오고 이런 선순환 구조가 되어 있는 회사가 정말 좋은 회사입니다. 이런 회사들은 앞으로도 더 성장할 수 있을 것입니다.","wordCount":98},"emotion":[],"intent":[{"text":"","expression":"","category":"attitude"}],"summary":{"text":"많은 회사들이 단기 이익을 위해 직원들을 하찮게 대해 도태되었는데, 동기 부여가 있고 충성심이 있는 사람과 그렇지 않은 사람의 차이는 매우 크기 때문에 사람이 귀한 줄 알고 사람에게 투자하는 회사가 좋은 회사라고 생각합니다.","wordCount":32}}},"rawDataInfo":{"question":{"fileFormat":"wav","fileSize":448718,"duration":14020,"samplingBit":16,"channelCount":1,"samplingRate":"16kHz","audioPath":"/Mock/02.SalesMarketing/Male/New/ckmk_q_sm_m_n_191067.wav"},"answer":{"fileFormat":"wav","fileSize":2670158,"duration":83440,"samplingBit":16,"channelCount":1,"samplingRate":"16kHz","audioPath":"/Mock/02.SalesMarketing/Male/New/ckmk_a_sm_m_n_191067.wav"}}}