{"version":"1.0","dataSet":{"info":{"date":"20230116","occupation":"SM","channel":"MOCK","place":"ONLINE","gender":"MALE","ageRange":"-34","experience":"NEW"},"question":{"raw":{"text":"현재는 수많은 앱이 있는데요 지원자님이 좋아하시는 앱이 있다면 어떤 것이 있나요 그리고 그 앱에 광고를 넣는다면 무엇이 좋을지 얘기해 주세요","wordCount":20},"emotion":[],"intent":[]},"answer":{"raw":{"text":"좋아하는 앱이 있다면 말씀해 주시고 그 앱에 광고를 넣는다면 무엇이 좋을지 함께 말해 달라고 그렇게 질문을 해주셨는데요. 좋아하는 앱이 있다면 어 사운드 클라우드 라는 음악 앱입니다. 네이버 뮤직 멜론 지니 뮤직 같이 그런 어 어 그런 음악 앱이랑은 좀 다른 점이 있는데요. 인제 그런 앱들은 정식 음원이나 음원으로 발매된 곡만 넣어주는데 사운드 크 하우드 라는 앱은 정식 음원도 있지만 이제 사람들이 커버한 그런 곡을 올릴 수도 있고 어 소속사나 뭐 음원 계약이 없는 모든 사람들이 어 그곳에다가 음악을 올릴 수 있습니다 계정을 만들어서. 지금 유명한 해외 팝가수 포스트 말론도 사운드 클라우드의 노래를 올리는 것으로 처음 음원은 처음에 이름 알렸다고 했는데요. 그만큼 저는 그 앱에 이제 리믹스 버전이나 어 그런 어 모두나 기회를 줄 수 있는다는 점에 그 앱을 굉장히 좋아합니다. 그 앱에 광고를 넣는다면 어 인제 처음 음악을 시작하는 사람들의 영상을 따서 거기에 음원을 올리는 그런 내용의 광고였으면 좋겠습니다.","wordCount":139},"emotion":[{"text":"지금 유명한 해외 팝가수 포스트 말론도 사운드 클라우드의 노래를 올리는 것으로 처음 음원은 처음에 이름 알렸다고 했는데요.","expression":"u-fact","category":"neutral"}],"intent":[{"text":"","expression":"","category":"attitude"}],"summary":{"text":"사운드 클라우드는 정식 음원도 있지만 사람들이 커버한 곡을 올릴 수도 있고 음원 계약이 없는 모든 사람들이 그곳에다가 음악을 올릴 수 있습니다. 그 앱에 광고를 넣는다면 처음 음악을 시작하는 사람들의 영상을 따서 음원을 올리는 그런 내용의 광고였으면 좋겠습니다.","wordCount":37}}},"rawDataInfo":{"question":{"fileFormat":"wav","fileSize":478158,"duration":14940,"samplingBit":16,"channelCount":1,"samplingRate":"16kHz","audioPath":"/Mock/02.SalesMarketing/Male/New/ckmk_q_sm_m_n_192603.wav"},"answer":{"fileFormat":"wav","fileSize":2661198,"duration":83160,"samplingBit":16,"channelCount":1,"samplingRate":"16kHz","audioPath":"/Mock/02.SalesMarketing/Male/New/ckmk_a_sm_m_n_192603.wav"}}}