{"version":"1.0","dataSet":{"info":{"date":"20230116","occupation":"SM","channel":"MOCK","place":"ONLINE","gender":"MALE","ageRange":"-34","experience":"NEW"},"question":{"raw":{"text":"우리 회사에 들어와서 지원자님이 하고 싶으신 업무가 있으신가요 있다면 그 이유를 함께 설명해 주세요","wordCount":14},"emotion":[],"intent":[]},"answer":{"raw":{"text":"아 네 제가 만약에 이제 업무를 하게 진행하게 된다면 저는 현장 쪽 업무를 좀 주로 맡고 싶습니다. 직접 발로 뛰는 세일즈 업무를 주로 맡고 싶은데 그 이유가 뭐냐면 제가 생각하는 영업은 경제라는 혈액을 돌게 하는 그런 혈관을 돌게 하는 혈액이라고 저는 생각이 듭니다. 이런 물건이 적재적소에 공급이 되고 또 이러한 돈이 적재적소에서 잘 소비가 돼야지 경제를 촉진시키고 사회를 발전시킨다고 저는 생각이 들기 때문입니다. 따라서 그 영업의 최전선에 있는 현장에서 직접 발로 뛰면서 돌아다님으로써 보다 나은 보다 나은 경제를 만드는 데 있어서 일조를 하고 싶습니다. 감사합니다.","wordCount":85},"emotion":[],"intent":[{"text":"","expression":"","category":"attitude"}],"summary":{"text":"영업의 최전선에 있는 현장에서 직접 발로 뛰면서 돌아다니면서 보다 나은 보다 좋은 경제를 만드는 데 있어서 일조를 하고 싶습니다.","wordCount":19}}},"rawDataInfo":{"question":{"fileFormat":"wav","fileSize":412558,"duration":12890,"samplingBit":16,"channelCount":1,"samplingRate":"16kHz","audioPath":"/Mock/02.SalesMarketing/Male/New/ckmk_q_sm_m_n_179590.wav"},"answer":{"fileFormat":"wav","fileSize":1639118,"duration":51220,"samplingBit":16,"channelCount":1,"samplingRate":"16kHz","audioPath":"/Mock/02.SalesMarketing/Male/New/ckmk_a_sm_m_n_179590.wav"}}}