{"version":"1.0","dataSet":{"info":{"date":"20230116","occupation":"SM","channel":"MOCK","place":"ONLINE","gender":"MALE","ageRange":"35-44","experience":"NEW"},"question":{"raw":{"text":"지원자님은 의견을 주장하실 때 강하게 주장하시는 편이신가요 어떤 스타일로 자신의 의견을 주장하는지 말씀 부탁드립니다","wordCount":14},"emotion":[],"intent":[]},"answer":{"raw":{"text":"저는 의견을 주장할 때 강하게 주장하는 편인지 어떤 스타일로 자신의 의견을 주장하는지도 궁금하다고 하셨습니다. 저는 의견을 주장할 때는 조금 강하게 주장을 하는 편입니다. 제가 가지고 있는 지식의 범위 내에서 그 부분에 대한 주장은 반박하기 힘들 정도로 강하게 반복해서 내세우기도 합니다. 허나 상대방의 주장을 듣고 그 주장의 일리가 더욱 있다면 자 저도 제 주장을 조금 수그러뜨리고 상대방의 의견을 경청하기도 합니다. 이 문제도 모순이 있는 것이 그 주장하는 게 얼마나 신빙성이 있고 얼마나 정확한 근거가 있으며 그리고 제가 가진 경험과 그 상대방이 가지고 있는 생각과 경험 그리고 여러 가지 종합적으로 분석을 통해 어떠한 주장의 의견인지에 따라 내용이 달라지고 결과도 달라질 것입니다.","wordCount":99},"emotion":[],"intent":[{"text":"","expression":"","category":"attitude"}],"summary":{"text":"저는 의견을 주장할 때 강하게 주장하는 편입니다. 허나 상대방의 주장을 듣고 그 주장의 일리가 더 있다면 저는 제 주장을 수그러뜨리고 상대방의 의견을 경청하기도 합니다. 종합적인 분석을 통해 어떠한 주장의 의견인지에 따라 내용이 달라지고 결과도 달라질 것입니다.","wordCount":36}}},"rawDataInfo":{"question":{"fileFormat":"wav","fileSize":387278,"duration":12100,"samplingBit":16,"channelCount":1,"samplingRate":"16kHz","audioPath":"/Mock/02.SalesMarketing/Male/New/ckmk_q_sm_m_n_196819.wav"},"answer":{"fileFormat":"wav","fileSize":2895758,"duration":90490,"samplingBit":16,"channelCount":1,"samplingRate":"16kHz","audioPath":"/Mock/02.SalesMarketing/Male/New/ckmk_a_sm_m_n_196819.wav"}}}