{"version":"1.0","dataSet":{"info":{"date":"20230116","occupation":"SM","channel":"MOCK","place":"ONLINE","gender":"MALE","ageRange":"-34","experience":"NEW"},"question":{"raw":{"text":"특별히 가고 싶은 회사가 있다면 말씀을 해 주시구요 특정 도메인이 중요한지 아니면 회사의 분위기가 중요한지 어떤 점을 주로 중점적으로 보시는지 말씀해 주시기 바랍니다","wordCount":23},"emotion":[],"intent":[]},"answer":{"raw":{"text":"저는 특별히 가고 싶은 회사는 없지만 제가 중점적으로 보는 부분은 회사의 분위기입니다. 왜냐하면 제 전 직장은 기업 문화 회사의 분위기가 매우 나빴고 저는 높은 연봉과 높은 브랜드 인지도를 포기하고 퇴사했기 때문입니다. 저는 한 식품 회사에 다녔는데요. 이 회사는 대외적으로 이미지가 매우 좋았습니다. 하지만 내부는 썩어 들어가고 있었는데요. 이 회사의 기업 문화는 정말 보수적이었습니다. 직장 상사보다 먼저 퇴근할 수 없고 발목이 보이는 양말을 신을 수 없고 운동화를 신고 출근할 수 없고 후배가 선배에게 백만 원 치 밥을 사야 하고 이런 다소 받아들이기 힘든 이상한 기업 문화가 있었습니다. 그래서 저는 적응하기 매우 어려웠고 높은 연봉과 높은 인지도를 포기하고 과감하게 퇴사를 선택하게 되었습니다. 이 경험을 통해 회사를 선택할 때 기업 문화 기업의 분위기를 중점적으로 보게 되었습니다.","wordCount":113},"emotion":[{"text":"저는 한 식품 회사에 다녔는데요.","expression":"u-fact","category":"neutral"}],"intent":[{"text":"","expression":"","category":"attitude"}],"summary":{"text":"특별히 가고 싶은 회사는 없지만 전 직장은 기업 문화 회사의 분위기가 매우 나빴고 높은 연봉과 높은 브랜드 인지도를 포기하고 퇴사했기 때문에 회사를 선택할 때 기업 문화 기업의 분위기를 중점적으로 보게 되었습니다.","wordCount":31}}},"rawDataInfo":{"question":{"fileFormat":"wav","fileSize":521678,"duration":16300,"samplingBit":16,"channelCount":1,"samplingRate":"16kHz","audioPath":"/Mock/02.SalesMarketing/Male/New/ckmk_q_sm_m_n_191065.wav"},"answer":{"fileFormat":"wav","fileSize":2552398,"duration":79760,"samplingBit":16,"channelCount":1,"samplingRate":"16kHz","audioPath":"/Mock/02.SalesMarketing/Male/New/ckmk_a_sm_m_n_191065.wav"}}}