{"version":"1.0","dataSet":{"info":{"date":"20230116","occupation":"SM","channel":"MOCK","place":"ONLINE","gender":"MALE","ageRange":"-34","experience":"NEW"},"question":{"raw":{"text":"지원자님께서는 글로벌 인재에게 필수적으로 필요한 요소들이 어떤 것이 있다고 생각을 하십니까 글로벌 인재에게 필수인 요소는 무엇이고 또 지원자님께서는 그것을 위해서 어떤 노력들을 해 오셨습니까","wordCount":24},"emotion":[],"intent":[]},"answer":{"raw":{"text":"글로벌 인재에게 필수인 요소는 바로 외국어 역량입니다. 특히 영어 실력이 매우 매우 중요한데요. 저는 영어 실력을 향상시키기 위해 부단히 노력했습니다. 먼저 미국 드라마를 보면서 주인공들의 대사를 외우고 그대로 따라가면서 영어에 대한 감을 익혔습니다. 또한 영어로 된 노래만 들으면서 각종 영 단어들을 외웠는데요. 이렇게 영어에 대한 감을 잡은 뒤 미국으로 교환 학생을 떠나면서 미국에서 대학을 다니며 영어로 친구들을 사귀고 영어로 생활했습니다. 그렇게 대학 생활을 마친 뒤에는 미국에서 마케팅 회사 인턴 생활을 하면서 회사에서 쓰는 영어 공식적인 말하기 이런 것들을 배웠습니다. 그래서 저는 누구보다 뛰어난 영어 실력 즉 외국어 역량을 가지고 있는 인재라고 말씀드릴 수 있습니다. 이렇게 좋은 영어 실력을 가진 저를 글로벌 인재로 키워주십시오.","wordCount":103},"emotion":[{"text":"이렇게 영어에 대한 감을 잡은 뒤 미국으로 교환 학생을 떠나면서 미국에서 대학을 다니며 영어로 친구들을 사귀고 영어로 생활했습니다.","expression":"u-fact","category":"neutral"}],"intent":[{"text":"","expression":"","category":"attitude"}],"summary":{"text":"글로벌 인재에게 필수인 요구는 외국어 역량입니다. 특히 영어 실력이 매우 중요하기 때문에, 저는 미국 드라마, 노래, 대학 생활 등을 통해 영어에 대한 감을 익혔습니다. 그래서 저는 누구보다 뛰어난 영어 실력을 가지고 있는 인재라고 생각합니다.","wordCount":34}}},"rawDataInfo":{"question":{"fileFormat":"wav","fileSize":636878,"duration":19900,"samplingBit":16,"channelCount":1,"samplingRate":"16kHz","audioPath":"/Mock/02.SalesMarketing/Male/New/ckmk_q_sm_m_n_191068.wav"},"answer":{"fileFormat":"wav","fileSize":2712398,"duration":84760,"samplingBit":16,"channelCount":1,"samplingRate":"16kHz","audioPath":"/Mock/02.SalesMarketing/Male/New/ckmk_a_sm_m_n_191068.wav"}}}