{"version":"1.0","dataSet":{"info":{"date":"20230116","occupation":"SM","channel":"MOCK","place":"ONLINE","gender":"MALE","ageRange":"-34","experience":"NEW"},"question":{"raw":{"text":"일을 하면서 가장 어려울 것으로 예상되는 것은 무엇일지 그리고 그에 어떻게 대처할 생각인지 말씀해 주세요","wordCount":15},"emotion":[],"intent":[]},"answer":{"raw":{"text":"제가 일을 하면서 가장 어려울 것으로 예상되는 것은 어르신들과의 소통입니다. 왜냐하면 이 영업을 하면서 항상 경제력을 가지고 있고 결정권을 가지고 있는 사람은 저보다 연배가 높으신 어르신들이기 때문입니다. 이 어르신들과의 대화가 어렵다고 생각하는 것은 저와 연령과 관심사가 다르기 때문인데요. 이에 대처하기 위해 저는 꾸준히 신문을 보면서 어르신들이 좋아할 만한 대화 주제를 꾸준히 공부하고 있습니다. 예를 들면 어르신들이 관심이 많은 주식 재테크 부동산과 같은 분야에서 어떤 일들이 벌어지고 있는지 꾸준히 신문을 통해서 공부하고 있습니다. 또한 어르신들은 정치 주제도 굉장히 좋아하시는데요. 저는 다양한 신문사의 신문 사설을 보면서 어떤 정치적 입장에서 어떤 주장을 하는지 꾸준히 보고 공부하면서 어르신들과 공감하고 맞장구를 쳐줄 준비가 되어 있습니다.","wordCount":100},"emotion":[],"intent":[{"text":"이에 대처하기 위해 저는 꾸준히 신문을 보면서 어르신들이 좋아할 만한 대화 주제를   꾸준히 공부하고 있습니다.","expression":"s_intp","category":"attitude"},{"text":"저는 다양한 신문사의 신문 사설을 보면서   어떤 정치적 입장에서 어떤 주장을 하는지 꾸준히 보고 공부하면서 어르신들과 공감하고   맞장구를 쳐줄 준비가 되어 있습니다.","expression":"s_intp","category":"attitude"}],"summary":{"text":"제가 일을 하면서 가장 어려울 것으로 예상되는 것은 연배가 높으신 어르신들과의 소통인데, 저와 연령과 관심사가 다르기 때문에 대화가 어렵다고 생각하는 것에는 대처하기 위해 신문을 보면서 공감하고 맞장구를 쳐줄 준비가 되어 있습니다.","wordCount":31}}},"rawDataInfo":{"question":{"fileFormat":"wav","fileSize":346958,"duration":10840,"samplingBit":16,"channelCount":1,"samplingRate":"16kHz","audioPath":"/Mock/02.SalesMarketing/Male/New/ckmk_q_sm_m_n_180465.wav"},"answer":{"fileFormat":"wav","fileSize":2833038,"duration":88530,"samplingBit":16,"channelCount":1,"samplingRate":"16kHz","audioPath":"/Mock/02.SalesMarketing/Male/New/ckmk_a_sm_m_n_180465.wav"}}}