{"version":"1.0","dataSet":{"info":{"date":"20230116","occupation":"SM","channel":"MOCK","place":"ONLINE","gender":"MALE","ageRange":"35-44","experience":"NEW"},"question":{"raw":{"text":"지원자분은 게임은 어떤 방식으로 브랜드 마케팅을 해야 한다고 생각하시나요 본인이 생각하시는 마케팅 방법에 대해서 말씀해 주시기 바랍니다","wordCount":17},"emotion":[],"intent":[]},"answer":{"raw":{"text":"게임의 브랜드 마케팅은 어떻게 하는 것이 좋다고 생각하는지 물어보셨습니다. 게임의 브랜드 마케팅은 일단 게임 화면을 동영상으로 재미있어 보이는 부분을 잘 편집하고 그 게임의 특징과 그래픽 등이 잘 드러나는 부분을 강조하며 광고용으로 사용할 모토가 되는 하나의 영상을 제작한 다음 유투브 그리고 에스엔에스 등에 조그만 짧은 광고로 삽입을 해서 게이머들로 하여금 관심을 갖게 하는 것이 우선적일 것입니다. 그리고 그 게임을 새로 출시하였을 때 많은 유저를 확보하는 것이 목적일 것입니다. 그러기 위해서는 처음 출시 당시의 이벤트로 게이머들에게 아이템이나 여러 캐릭터에 대한 보상 그리고 무료 직업 등을 홍보하고 또 광고하여 많은 유저를 모아 놓고 시작을 하는 것 그게 가장 좋은 마케팅 방법이 아닐까 생각을 합니다. 일단 플레이어가 있어야 게임 원활하게 어 동작이 될 것이고 이용자가 많으면 그만큼 입소문을 타서라도 많은 유저들이 몰려들 것이기 때문입니다.","wordCount":120},"emotion":[],"intent":[{"text":"","expression":"","category":"attitude"}],"summary":{"text":"게임의 브랜드 마케팅은 게임 화면을 동영상으로 재미있어 보이는 부분을 잘 편집하고 그 게임의 특징과 그래픽 등이 잘 드러나는 부분을 강조하며 광고용으로 사용할 모토가 되는 하나의 영상을 제작한 다음 유투브 그리고 소셜미디어 등에 조그만 짧은 광고로 삽입을 하는 것이 우선적일 것입니다.","wordCount":40}}},"rawDataInfo":{"question":{"fileFormat":"wav","fileSize":441678,"duration":13800,"samplingBit":16,"channelCount":1,"samplingRate":"16kHz","audioPath":"/Mock/02.SalesMarketing/Male/New/ckmk_q_sm_m_n_230733.wav"},"answer":{"fileFormat":"wav","fileSize":3649678,"duration":114050,"samplingBit":16,"channelCount":1,"samplingRate":"16kHz","audioPath":"/Mock/02.SalesMarketing/Male/New/ckmk_a_sm_m_n_230733.wav"}}}