{"version":"1.0","dataSet":{"info":{"date":"20230116","occupation":"SM","channel":"MOCK","place":"ONLINE","gender":"MALE","ageRange":"35-44","experience":"NEW"},"question":{"raw":{"text":"음 지원자님은 인생을 살면서 무언가 하나에 푹 빠져서 몰두해 본 경험이 있으신가요 있다면 어떤 것이었을지 궁금합니다","wordCount":16},"emotion":[],"intent":[]},"answer":{"raw":{"text":"인생을 살아오면서 무언가 하나에 푹 빠져서 몰두해 본 적이 있는지 있다면 그것이 무엇일지 궁금합니다. 저는 그동안의 삶을 살면서 어 제가 할 수 있는 유일한 스포츠 당구를 좋아합니다. 학창 시절 정말 당구에 빠져서 꿈에 나올 정도로 몰두해 본 적이 있습니다. 그리고 그 이후도 실력이 어느 정도 향상이 되어 클럽에 갔을 때 다른 사람들에게 인정받을 수 있을 정도 실력을 갖추게 되고 삼십 대 때 들어서는 그 실력이 조금 더 향상이 되어 다른 사람들을 가르쳐 줄 수 있을 정도 그 정도 실력으로 향상이 되었고요. 현재 사십 대인 지금은 어 웬만한 선수들과 경쟁을 하여도 크게 밀리지 않을 정도로 많은 성장을 하였습니다. 그러니까 학창 시절을 시작으로 이십 대 삼십 대 그리고 현재의 사십 대까지 저의 삶과 가장 몰두해 있는 것이 바로 이 당구입니다.","wordCount":118},"emotion":[],"intent":[{"text":"","expression":"","category":"attitude"}],"summary":{"text":"저는 지금까지 살면서 유일하게 할 수 있는 스포츠 당구를 좋아합니다. 학창 시절 당구에 빠져서 꿈에 나올 정도로 몰두해 본 적이 있고, 후에 다른 사람들에게 인정받을 정도 실력을 갖추게 되고, 지금은 웬만한 선수와 경쟁할 정도입니다. 가장 몰두해 있는 것이 당구입니다.","wordCount":39}}},"rawDataInfo":{"question":{"fileFormat":"wav","fileSize":547918,"duration":17120,"samplingBit":16,"channelCount":1,"samplingRate":"16kHz","audioPath":"/Mock/02.SalesMarketing/Male/New/ckmk_q_sm_m_n_196813.wav"},"answer":{"fileFormat":"wav","fileSize":2927118,"duration":91470,"samplingBit":16,"channelCount":1,"samplingRate":"16kHz","audioPath":"/Mock/02.SalesMarketing/Male/New/ckmk_a_sm_m_n_196813.wav"}}}