{"version":"1.0","dataSet":{"info":{"date":"20230116","occupation":"SM","channel":"MOCK","place":"ONLINE","gender":"MALE","ageRange":"-34","experience":"NEW"},"question":{"raw":{"text":"지원자님께서는 어떤 문제에 부딪쳤을 때 혼자 해결을 하시는 편인가요 아니면 여러 사람들에게 이야기를 해서 조언을 구하시는 편인가요","wordCount":17},"emotion":[],"intent":[]},"answer":{"raw":{"text":"저는 어떤 문제에 부딪쳤을 때 여러 사람들에게 이야기하기보다는 저 혼자 해결하는 편입니다. 왜냐하면 그 문제에 대해서 가장 잘 아는 사람이 바로 저이고 저에 대해서 가장 잘 아는 사람도 바로 저이기 때문입니다. 다른 사람들에게 문제에 대해서 이야기하면 순간적으로 속은 시원할 수 있지만 그 사람들은 저에 대해서도 그리고 그 문제에 대해서도 잘 모르기 때문에 결국은 크게 도움이 되지 않는 말만 할 뿐입니다. 따라서 저는 어떤 문제에 부딪쳤을 때 스스로 그 문제에 대해서 고민하고 또 저에 대해서 다시 깊이 생각해 보면서 어떻게 하면 이 문제를 잘 해결할 수 있을지 스스로 해결 방안을 찾는 편입니다.","wordCount":91},"emotion":[],"intent":[{"text":"","expression":"","category":"attitude"}],"summary":{"text":"저는 어떤 문제에 부딪쳤을 때 여러 사람들에게 이야기하기 보다는 저 혼자 해결하는 편입니다. 다른 사람들에게 이야기하면 순간 속은 시원할 수 있지만 그 사람들은 저에 대해서도, 그 문제에 대해서도 잘 모르기 때문입니다.","wordCount":31}}},"rawDataInfo":{"question":{"fileFormat":"wav","fileSize":455758,"duration":14240,"samplingBit":16,"channelCount":1,"samplingRate":"16kHz","audioPath":"/Mock/02.SalesMarketing/Male/New/ckmk_q_sm_m_n_203611.wav"},"answer":{"fileFormat":"wav","fileSize":2462798,"duration":76960,"samplingBit":16,"channelCount":1,"samplingRate":"16kHz","audioPath":"/Mock/02.SalesMarketing/Male/New/ckmk_a_sm_m_n_203611.wav"}}}