{"version":"1.0","dataSet":{"info":{"date":"20230116","occupation":"SM","channel":"MOCK","place":"ONLINE","gender":"MALE","ageRange":"-34","experience":"NEW"},"question":{"raw":{"text":"지원자님이 하고 싶은 직무 말고 다른 직무를 맡게 되신다면 어떻게 하시겠습니까 그래도 괜찮으실까요","wordCount":13},"emotion":[],"intent":[]},"answer":{"raw":{"text":"만약 제가 하고 싶은 영업 직무가 아니라 다른 직무를 맡게 된다고 하더라도 저는 열심히 할 준비가 되어 있습니다. 저는 새로운 분야에 도전하는 것을 굉장히 좋아합니다. 그런 제 성격 덕분에 정말 많은 분야에 도전하고 많은 분야에서 성과를 내왔는데요. 예를 들면 이천 십 팔 년부터 유튜브 채널을 운영하면서 새로운 플랫폼에 대한 호기심을 좋은 성과로 만들어냈던 경험이 있습니다. 이처럼 제가 다른 직무를 맡게 된다면 저의 역량과 능력을 인사 담당자가 충분히 파악하고 제가 잘 할 수 있는 직무에 저를 배치했다고 보고 제가 맡은 업무에서 최고가 되기 위해 꾸준히 노력하겠습니다. 그래서 제가 하고 싶은 영업 직무가 아니라 다른 직무에서 우선적으로 성과를 낸 뒤 이후에 담당자와 면담을 거쳐 제가 하고 싶은 직무로 다시 한번 도전하고 싶습니다. 그래서 저는 모든 분야에서 경험이 있고 능력 있는 그런 사원이 되고 싶습니다.","wordCount":122},"emotion":[{"text":"저는 새로운 분야에 도전하는 것을 굉장히 좋아합니다.","expression":"p-interest","category":"positive"}],"intent":[{"text":"예를 들면   이천 십 팔 년부터 유튜브 채널을 운영하면서 새로운 플랫폼에 대한 호기심을   좋은 성과로 만들어냈던 경험이 있습니다.","expression":"c_chl","category":"personality"}],"summary":{"text":"저는 새로운 분야에 도전하는 것을 굉장히 좋아합니다. 그래서 제가 하고 싶은 영업 직무가 아니라 다른 직무에서 우선적으로 성과를 낸 후 담당자와 면담을 거쳐 제가 하고 싶은 직무로 다시 한번 도전하고 싶습니다. 그래서 저는 모든 분야에서 경험이 있고 능력 있는 사원이 되고 싶습니다.","wordCount":42}}},"rawDataInfo":{"question":{"fileFormat":"wav","fileSize":449038,"duration":14030,"samplingBit":16,"channelCount":1,"samplingRate":"16kHz","audioPath":"/Mock/02.SalesMarketing/Male/New/ckmk_q_sm_m_n_180629.wav"},"answer":{"fileFormat":"wav","fileSize":2859918,"duration":89370,"samplingBit":16,"channelCount":1,"samplingRate":"16kHz","audioPath":"/Mock/02.SalesMarketing/Male/New/ckmk_a_sm_m_n_180629.wav"}}}