{"version":"1.0","dataSet":{"info":{"date":"20230116","occupation":"SM","channel":"MOCK","place":"ONLINE","gender":"MALE","ageRange":"-34","experience":"NEW"},"question":{"raw":{"text":"만약에 지원자님의 직무와 맞지 않는 일을 맡게 되신다면 어떻게 하실 생각이십니까 지원자님께서는 그런 상황이 생겨도 괜찮으실까요","wordCount":16},"emotion":[],"intent":[]},"answer":{"raw":{"text":"만약 제가 직무에 맞지 않는 일을 하게 된다면 우선적으로는 저에게 주어진 업무를 최선을 다해 수행하겠습니다. 왜냐하면 저는 회사의 직원으로서 어떤 업무든 충실하게 해야 할 의무가 있기 때문입니다. 하지만 직무에 맞지 않는 일을 계속하는 것은 저의 커리어에 있어서도 또 회사에 있어서도 큰 손해입니다. 왜냐하면 저의 잠재력을 충분히 사용하지 못해 효율적인 업무 처리가 불가능하기 때문입니다. 따라서 제 직무에 맞는 일을 다시 할 수 있도록 인사 담당자나 저의 직장 상사에게 이 문제에 대해서 털어놓고 함께 해결 방안을 찾을 것 같습니다. 그렇게 해서 제가 하고 싶은 직무 즉 이 영업 직무로 다시 돌아와서 저의 커리어를 성장시키고 또 제가 좋아하는 일을 하며 좋은 성과를 내는 것이 저와 회사 두 입장에서 모두 긍정적이라고 생각합니다. 따라서 처음에는 열심히 하겠지만 꼭 제가 좋아하는 일로 돌아가겠습니다.","wordCount":117},"emotion":[],"intent":[{"text":"","expression":"","category":"attitude"}],"summary":{"text":"저는 어떤 업무든 충실하게 해야 할 의무가 있기에 직무에 맞지 않는 일을 하게 된다면 최선을 다해 수행하겠습니다. 하지만 직무에 맞는 일을 다시 할 수 있도록 인사 담당자나 직장 상사에게 이 문제에 대해서 털어놓고 함께 해결 방안을 찾을 것 같습니다. 그렇게 해서 제가 좋아하는 일을 하며 좋은 성과를 내는 것이 좋다고 생각합니다.","wordCount":51}}},"rawDataInfo":{"question":{"fileFormat":"wav","fileSize":514638,"duration":16079,"samplingBit":16,"channelCount":1,"samplingRate":"16kHz","audioPath":"/Mock/02.SalesMarketing/Male/New/ckmk_q_sm_m_n_180295.wav"},"answer":{"fileFormat":"wav","fileSize":2912078,"duration":91000,"samplingBit":16,"channelCount":1,"samplingRate":"16kHz","audioPath":"/Mock/02.SalesMarketing/Male/New/ckmk_a_sm_m_n_180295.wav"}}}