{"version":"1.0","dataSet":{"info":{"date":"20230116","occupation":"ARD","channel":"MOCK","place":"ONLINE","gender":"MALE","ageRange":"-34","experience":"NEW"},"question":{"raw":{"text":"면접자님께서 최근에 접한 기억에 남는 어 뛰어난 디자인 사례는 있는지 어 또 무엇이었는지 저희에게 설명해 주세요","wordCount":16},"emotion":[],"intent":[]},"answer":{"raw":{"text":"특정 회사의 이름을 언급해도 되는지 모르겠습니다만 어차피 뭐 디자인의 영역이니까 쉽게 말씀을 드려도 될 것 같습니다. 저는 이제 아이폰의 디자인이 정말 기억에 남습니다. 왜냐하면 아이폰은 제가 기억하기로는 아이폰 쎄븐부터 시작을 해서 큰 디자인의 변화가 없었습니다. 큰 디자인의 변화가 없음에도 왜 계속 그 아이폰의 디자인에 끌리는지 저는 참 정말 의문이었습니다. 그래도 이번에 또 다른 아이폰 시리즈가 발표를 되면서 보고 새로운 아이폰 시리즈가 발표되는 것을 보고 그 디자인을 보고 전작과 달라진 점을 찾아볼 수가 없었습니다. 그런데도 사고 싶게 만드는 그 끌리는 매력은 무엇일까 곰곰이 생각했던 때가 제가 얼마 전에 압구정에 갔었을 때 있었습니다. 아 어떻게 이렇게 똑같이 내는데 끌릴 수가 있지 이 디자인에 비밀은 무엇일까 과연 무엇일까.","wordCount":105},"emotion":[],"intent":[{"text":"","expression":"","category":"attitude"}],"summary":{"text":"아이폰은 큰 디자인의 변화가 없음에도 계속 끌리는 아이폰의 디자인이 기억에 남습니다. 새로운 아이폰 시리즈가 발표되고 그 디자인을 보고 전작과 달라진 점을 찾아볼 수 없었지만, 사고 싶게 만드는 그 끌리는 매력은 무엇인지 곰곰이 생각했습니다.","wordCount":33}}},"rawDataInfo":{"question":{"fileFormat":"wav","fileSize":391118,"duration":12220,"samplingBit":16,"channelCount":1,"samplingRate":"16kHz","audioPath":"/Mock/06.Design/Male/New/ckmk_q_ard_m_n_198674.wav"},"answer":{"fileFormat":"wav","fileSize":2595918,"duration":81120,"samplingBit":16,"channelCount":1,"samplingRate":"16kHz","audioPath":"/Mock/06.Design/Male/New/ckmk_a_ard_m_n_198674.wav"}}}