{"version":"1.0","dataSet":{"info":{"date":"20230116","occupation":"ARD","channel":"MOCK","place":"ONLINE","gender":"MALE","ageRange":"-34","experience":"NEW"},"question":{"raw":{"text":"지금까지 여러 협업을 통해서 일을 해 오셨을 텐데요 사람들과 협업을 하면서 가장 어려웠던 점이 있다면 무엇이었습니까 그리고 그 어려운 점들을 어떻게 극복했는지도 궁금합니다","wordCount":23},"emotion":[],"intent":[]},"answer":{"raw":{"text":"저는 협업을 하면서 가장 힘들었던 점은 바로 의지가 부족한 구성원들과 협업을 하는 것이었습니다. 특히나 대학교 때는 일명 무임승차라고 하는 학우들이 많았는데 저는 그러한 구성원들을 볼 때마다 아 어떻게 해야 할까 이 구성원이 열심히 하지 않고 의지가 없는 것은 어떻게 보면은 다른 구성원들의 문제일 수도 있겠다 라는 생각이 들어서 오히려 그 구성원이 부족한 것 만큼 더 열심히 하고 다른 팀원들까지 열심히 하는 분위기를 만들다 보면은 자연스럽게 그 사람은 눈에 이제 저희 눈에 열정이 타오르는 것을 보고 이 사람은 가시방석 일 수도 있을 것이라 자신도 얼떨결에 열심히 따라오게 됩니다. 그렇게 하게 되면은 다른 구성원들은 더 열심히 했기 때문에 자신들의 역량이 향상되는 것이고 그리고 그 부족한 팀원까지 평균 수준의 역량까지 끌어올릴 수 있기 때문에 저는 그렇게 팀워크를 다지는 방법을 사용했습니다.","wordCount":117},"emotion":[],"intent":[{"text":"","expression":"","category":"attitude"}],"summary":{"text":"협업을 하면서 가장 힘들었던 점은 의지가 부족한 구성원들과 협업을 하는 것이었습니다. 그 구성원이 부족한 것 만큼 더 열심히 하고 다른 팀원들까지 열심히 하는 분위기를 만들다 보면 자연스럽게 열정이 타오르는 것을 보고 자신도 열심히 따라오게 됩니다. 그렇게 팀워크를 다지는 방법을 사용했습니다.","wordCount":40}}},"rawDataInfo":{"question":{"fileFormat":"wav","fileSize":648398,"duration":20260,"samplingBit":16,"channelCount":1,"samplingRate":"16kHz","audioPath":"/Mock/06.Design/Male/New/ckmk_q_ard_m_n_198291.wav"},"answer":{"fileFormat":"wav","fileSize":2797198,"duration":87410,"samplingBit":16,"channelCount":1,"samplingRate":"16kHz","audioPath":"/Mock/06.Design/Male/New/ckmk_a_ard_m_n_198291.wav"}}}