{"version":"1.0","dataSet":{"info":{"date":"20230116","occupation":"ARD","channel":"MOCK","place":"ONLINE","gender":"MALE","ageRange":"-34","experience":"NEW"},"question":{"raw":{"text":"어 여러 사람들과 함께 일을 진행하다 보면요 구성원들과 갈등이 생길 일이 많습니다 이럴 때 어떻게 해결을 하시는지 궁금합니다 말씀해 주세요","wordCount":20},"emotion":[],"intent":[]},"answer":{"raw":{"text":"여러 사람들과 함께 일을 하다 보면 구성원들과의 갈등이 생길 수 있는데요. 이럴 때 어떻게 해결하냐고 질문을 해 주셨습니다. 저는 여러 사람과 일을 할 일이 많지는 않았지만 그 좋아하는 활동이나 어 캠페인 같은 활동을 할 때 여러 사람들과 일을 하게 됩니다. 그럴 때 구성원들과의 갈등이 절대 안 생길 수가 없어요. 그럴 때마다 저는 제가 리더인 경우도 있지만 리더를 따르는 경우도 있습니다. 그럴 때마다 공통적으로 갈등이 생길 때 해결하는 방법이 있는데 그럴 때는 서로의 의견들을 다 들어보는 것입니다. 자신들의 의견만 내세우면 절대 갈등이 좁혀질 수가 없습니다. 그러므로 갈등이 맞지 않는 사람 의견이 맞지 않는 사람이라도 갈등 해소를 위해서 서로의 의견들을 말하며 서로의 의견에서 문제점과 좋은 점을 뽑은 다음에 가장 좋은 의견으로 갈등을 해소하는 편입니다. 그렇게 되면 다수결이나 어 민주주의의 방법으로 자신이 생각 자신이 놓쳤던 부분도 있을 거고 자신이 생각하지 못했던 부분들이 있기 때문에 그런 부분들을 잘 이끌어 나가서 협업해서 그러면 갈등을 해소할 방법이 될 것 같습니다.","wordCount":144},"emotion":[],"intent":[{"text":"그럴 때마다 공통적으로 갈등이 생길 때 해결하는 방법이 있는데 그럴 때는 서로의 의견들을 다 들어보는 것입니다.","expression":"c_confl_mg","category":"personality"},{"text":"그러므로 갈등이 맞지 않는 사람 의견이 맞지 않는 사람이라도 갈등 해소를 위해서 서로의 의견들을 말하며 서로의 의견에서 문제점과 좋은 점을 뽑은 다음에 가장 좋은 의견으로 갈등을 해소하는 편입니다.","expression":"c_confl_mg","category":"personality"},{"text":"그렇게 되면 다수결이나 어 민주주의의 방법으로 자신이 생각 자신이 놓쳤던 부분도 있을 거고 자신이 생각하지 못했던 부분들이 있기 때문에 그런 부분들을 잘 이끌어 나가서 협업해서 그러면 갈등을 해소할 방법이 될 것 같습니다.","expression":"c_confl_mg","category":"personality"}],"summary":{"text":"저는 좋아하는 활동이나 캠페인 같은 활동을 할 때 여러 사람들과 일을 하게 되면 구성원들과의 갈등이 생길 수 있습니다. 그럴 때마다 서로의 의견을 듣고 문제점과 좋은 점을 뽑아 가장 좋은 의견으로 갈등을 해소하는 편입니다. 그러면 다수결이나 민주주의의 방법으로 자신이 놓쳤던 부분들을 잘 이끌어 나가 협업해서 갈등을 해소할 수 있을 것 같습니다.","wordCount":50}}},"rawDataInfo":{"question":{"fileFormat":"wav","fileSize":599758,"duration":18740,"samplingBit":16,"channelCount":1,"samplingRate":"16kHz","audioPath":"/Mock/06.Design/Male/New/ckmk_q_ard_m_n_174322.wav"},"answer":{"fileFormat":"wav","fileSize":2713038,"duration":84780,"samplingBit":16,"channelCount":1,"samplingRate":"16kHz","audioPath":"/Mock/06.Design/Male/New/ckmk_a_ard_m_n_174322.wav"}}}