{"version":"1.0","dataSet":{"info":{"date":"20230116","occupation":"ARD","channel":"MOCK","place":"ONLINE","gender":"MALE","ageRange":"35-44","experience":"NEW"},"question":{"raw":{"text":"네 만약에 지원자님께서 이번 면접에서 최종적으로 탈락을 하시게 될 경우에 어 어떤 점이 부족해서 탈락을 하셨다고 생각을 하실지 네 말씀 부탁드립니다","wordCount":21},"emotion":[],"intent":[]},"answer":{"raw":{"text":"음 일단 탈락한다는 가정을 한다는 것 자체가 저는 뭐 잘못됐다고 생각을 합니다. 그럴 일이 없을 테니까요. 그래도 만약에 탈락을 했다 라고 과정을 물어보신다면 저는 음 부족해서였다기보다 맞지 않아서였다 라고 생각을 합니다. 어 누군가와 누군가가 만날 때 회사와 개인이 만날 때는 그만한 이유가 있어서 그만큼 인연이 닿았기 때문에 만나는 것이라고 생각을 합니다. 지금 면접을 보시는 분과 저의 인연이 닿았을 수도 있고 회사 자체가 저 맞았을 수도 있는 것이겠죠. 하지만 어 제가 탈락했다는 거는 회사에서 요구하는 어떤 분야에 사람이 아니었기 때문에 탈락을 한 것이니까 부족했다 라는 생각은 너무 음 과한 생각 같구요. 부족한 게 아니라 어 회사와 제가 어 우리 면접잠님 면접자분님과 제가 어 심사자님가 제가 맞지 않았다 맞지 않았던 부분이 있었던 것으로 저는 이해를 할 것 같습니다. 음 그래서 천천히 한번 곱씹어보고 그 맞지 않은 부분을 찾아내서 저를 좀 발전하는 계기로 삼아야 되지 않을까 싶습니다. 어떤 회사를 가건 그 회사와 맞는 것을 찾아내는 것 또한 지원자로서 응당해야 할 일이라고 생각하기 때문에 저는 그렇게 접근을 할 것 같습니다.","wordCount":156},"emotion":[],"intent":[{"text":"","expression":"","category":"attitude"}],"summary":{"text":"면접에서 탈락했다는 것은 회사에서 요구하는 사람이 아니었기 때문에 부족했다 라는 생각은 과한 생각이며, 맞지 않았다고 이해 할 것 같습니다. 곱씹어보고 발전하는 계기로 삼아야 되지 않을까 싶습니다.","wordCount":26}}},"rawDataInfo":{"question":{"fileFormat":"wav","fileSize":633998,"duration":19810,"samplingBit":16,"channelCount":1,"samplingRate":"16kHz","audioPath":"/Mock/06.Design/Male/New/ckmk_q_ard_m_n_183668.wav"},"answer":{"fileFormat":"wav","fileSize":2789838,"duration":87180,"samplingBit":16,"channelCount":1,"samplingRate":"16kHz","audioPath":"/Mock/06.Design/Male/New/ckmk_a_ard_m_n_183668.wav"}}}