{"version":"1.0","dataSet":{"info":{"date":"20230116","occupation":"ARD","channel":"MOCK","place":"ONLINE","gender":"MALE","ageRange":"-34","experience":"NEW"},"question":{"raw":{"text":"사람들과 협업을 하면서 가장 어려웠던 점은 무엇이었나요 또한 그것을 어떻게 극복하셨었는지도 함께 말씀해 주시길 바랍니다","wordCount":15},"emotion":[],"intent":[]},"answer":{"raw":{"text":"사람들과 협업을 하며 가장 어려웠던 점이 있다면 무엇이었나요 어떻게 극복했는지도 말해 달라고 이렇게 질문을 해주셨는데요. 어 사람들과 협업을 하면서 가장 어려웠던 점은 일단은 의견을 잘 조율하고 의견의 차이를 좁히는 것이 좀 어려웠던 것 같습니다. 왜냐하면 인제 협 다른 사람들과 협업을 하기 위해서는 인제 어 모르는 사람일 수도 있고 아는 사람일 수도 있지만 그 아 이루고자 하는 목표랑 그 원하는 바가 같아야 한다고 생각해요. 그러기 때문에 의견이 다르더라도 그 의견을 좁혀 나가야 되고 협업을 하기 위해서는 그런 점들이 굉장히 중요하다고 생각을 하는데 어 그런 점에 있어서 어 굉장히 쉽지 않았고 이렇게 달랐던 부분들이 많기 때문에 처음에 그런 점을 인제 협업하는 것이 좀 힘들었습니다. 어 이제 그것을 극복하기 위해 어떻게 노력했냐 라고 물어봐 주신다면 그런 점을 극복하기 위해서 나의 의견보다는 상대방의 의견을 먼저 듣고 상대방 의견에서 내가 캐치하지 못했던 부분이나 상대방이 어 실수하고 있는 부분들을 잘 이렇게 뽑아내서 그런 점들을 설명하고 이해시키고 이제 내 의견과 맞춰나가면서 그런 식으로 협업을 하면서 이제 서 대화 소통을 하면서 협업에 인제 그 중간 지점을 찾아나갔던 걸로 생각이 들고 그런 식으로 극복을 했던 것 같습니다.","wordCount":168},"emotion":[],"intent":[{"text":"어 이제 그것을 극복하기 위해 어떻게 노력했냐 라고 물어봐 주신다면 그런 점을 극복하기 위해서 나의 의견보다는 상대방의 의견을 먼저 듣고 상대방 의견에서 내가 캐치하지 못했던 부분이나 상대방이 어 실수하고 있는 부분들을 잘 이렇게 뽑아내서 그런 점들을 설명하고 이해시키고 이제 내 의견과 맞춰나가면서 그런 식으로 협업을 하면서 이제 서 대화 소통을 하면서 협업에 인제 그 중간 지점을 찾아나갔던 걸로 생각이 들고 그런 식으로 극복을 했던 것 같습니다.","expression":"c_confl_mg","category":"personality"}],"summary":{"text":"사람들과 협업을 하며 가장 어려웠던 점은 의견을 조율하고 의견의 차이를 좁히는 것이 좀 어려웠던 것 같습니다. 왜냐하면 이루고자 하는 목표와 원하는 바가 같아야 한다고 생각하기 때문에 그런 점들이 중요하다고 생각했지만 굉장히 어려웠고, 그런 점을 극복하기 위해서 저의 의견보다는 상대방의 의견을 먼저 듣고 이해시키는 방식으로 했습니다.","wordCount":45}}},"rawDataInfo":{"question":{"fileFormat":"wav","fileSize":607438,"duration":18980,"samplingBit":16,"channelCount":1,"samplingRate":"16kHz","audioPath":"/Mock/06.Design/Male/New/ckmk_q_ard_m_n_201644.wav"},"answer":{"fileFormat":"wav","fileSize":2768718,"duration":86520,"samplingBit":16,"channelCount":1,"samplingRate":"16kHz","audioPath":"/Mock/06.Design/Male/New/ckmk_a_ard_m_n_201644.wav"}}}