{"version":"1.0","dataSet":{"info":{"date":"20230116","occupation":"ARD","channel":"MOCK","place":"ONLINE","gender":"MALE","ageRange":"-34","experience":"NEW"},"question":{"raw":{"text":"얼마 전에 구급대원이 주취자에게 폭행을 당해 순직 당하는 일이 있었습니다 이 사건에 대해서 지원자님은 어떻게 생각하시는지 그 생각을 편안하게 말씀해 주세요","wordCount":21},"emotion":[],"intent":[]},"answer":{"raw":{"text":"저는 그러한 사건들을 볼 때마다 정말로 가슴이 아픕니다. 저는 그렇게 사람의 권리를 박탈하는 존재들에게는 그들 또한 그의 상응하는 대가를 치루야 한다고 생각합니다. 남의 목숨을 빼앗은 자는 똑같이 빼앗으면 그만입니다. 하지만 법적 제도가 피해자에게도 어느 정도의 권리를 보장하기 때문에 그러한 가해자들이 겁을 안 먹고 그저 법이 약하니까 계속 범죄를 저지릅니다. 따라서 저는 법의 예방 차원으로 그냥 형벌을 지금보다 한 다섯 배 더 많이 형량을 올리게 돼 버리면은 저는 국내 범죄율이 현저하게 떨어질 거라고 생각합니다. 특히나 음주와 관련된 부분에서는 음주 운전으로 인해서 무고한 사람들이 많이 죽는 사건 사고가 있는데 때문에 저는 그러한 것들에 대해서 처벌을 딱 네 배 정도 올리면은 좋을 것이라고 생각합니다.","wordCount":101},"emotion":[],"intent":[{"text":"","expression":"","category":"attitude"}],"summary":{"text":"법 제도가 피해자에게도 어느 정도의 권리를 보장하기 때문에 가해자들이 겁을 안 먹고 그저 법이 약하기 때문에 계속 범죄를 저지합니다. 따라서 형벌을 지금보다 한 다섯 배 더 많이 형량을 올리면은 국내 범죄율이 현저하게 떨어질 것이라고 생각합니다.","wordCount":35}}},"rawDataInfo":{"question":{"fileFormat":"wav","fileSize":591758,"duration":18490,"samplingBit":16,"channelCount":1,"samplingRate":"16kHz","audioPath":"/Mock/06.Design/Male/New/ckmk_q_ard_m_n_194962.wav"},"answer":{"fileFormat":"wav","fileSize":2797838,"duration":87430,"samplingBit":16,"channelCount":1,"samplingRate":"16kHz","audioPath":"/Mock/06.Design/Male/New/ckmk_a_ard_m_n_194962.wav"}}}