{"version":"1.0","dataSet":{"info":{"date":"20230116","occupation":"ARD","channel":"MOCK","place":"ONLINE","gender":"MALE","ageRange":"-34","experience":"NEW"},"question":{"raw":{"text":"만약에 면접자님께서 직무에 맞지 않는 일을 하게 되신다면 어떻게 하실 생각이십니까 그래도 괜찮으신지에 대한 생각을 듣고 싶습니다","wordCount":17},"emotion":[],"intent":[]},"answer":{"raw":{"text":"물론 제가 당연히 가장 선호하는 그러한 직무는 제가 현재 지원한 예술 디자인 분야의 직무입니다. 어 예술 디자인 분야의 직무라고 한다면 그 어떠한 직무를 맡게 된다고 하더라도 어 잘 적응해 나가고 어 완벽하게 수행해낼 자신을 가지고 있습니다. 하지만 회사의 사정상 어 예술 디자인 분야의 직무가 관련된 것이 아닌 좀 다른 분야의 직무를 어쩔 수 없이 하여야 하는 상황이 찾아오게 된다면 어 물론 당황하고 많이 힘들겠지만 어 그 해당 직무를 수행해내기 위해서 좀 많은 노력을 해 볼 것 같습니다. 어 회사 입장에서도 어쩔 수 없는 상황일 것이고 제가 그 직무를 해내지 못할 것이라고 생각하지 않았기 때문에 제가 그 해당 직무를 맡게 된다고 생각합니다. 어 따라서 어 나의 분야에 직무가 아니라고 하여서 좀 흥미를 잃어버리거나 좀 열심히 하지 않는 그러한 부정적인 태도를 보이기보다는 좀 이 업무를 잘 해내고 이제 나의 좀 업무의 스펙트럼을 넓힐 수 있는 기회로 생각을 하여서 그렇게 좀 진행을 해보면 괜찮을 것 같습니다.","wordCount":143},"emotion":[],"intent":[{"text":"","expression":"","category":"attitude"}],"summary":{"text":"예술 디자인 분야가 관련된 것이 아닌 다른 분야의 직무를 수행할 수 없는 상황이 온다면, 그 직무를 수행해내기 위해 많이 노력할 것 같습니다. 직무가 아니라고 하여서 흥미를 잃게 되거나 열심히 하지 않는 부정적인 태도를 보이기보다는 업무를 잘 해내고 업무의 스펙트럼을 넓힐 수 있는 기회로 생각하여 진행을 해보면 괜찮습니다.","wordCount":47}}},"rawDataInfo":{"question":{"fileFormat":"wav","fileSize":456078,"duration":14250,"samplingBit":16,"channelCount":1,"samplingRate":"16kHz","audioPath":"/Mock/06.Design/Male/New/ckmk_q_ard_m_n_219089.wav"},"answer":{"fileFormat":"wav","fileSize":2643278,"duration":82600,"samplingBit":16,"channelCount":1,"samplingRate":"16kHz","audioPath":"/Mock/06.Design/Male/New/ckmk_a_ard_m_n_219089.wav"}}}