{"version":"1.0","dataSet":{"info":{"date":"20230116","occupation":"ARD","channel":"MOCK","place":"ONLINE","gender":"MALE","ageRange":"-34","experience":"NEW"},"question":{"raw":{"text":"어 직무 지식 역량 태도 이 세 가지 요소가 중요한데요 지원자님께서 그 세 가지 중에 가장 중요하다고 생각하시는 것이 무엇인가요 그리고 그 이유도 무엇인지 말씀해 주시길 바랍니다","wordCount":27},"emotion":[],"intent":[]},"answer":{"raw":{"text":"저는 태도가 가장 세 가지 중 중요하다고 생각합니다. 직무 지식은 배울 수 있는 거고 역량은 늘릴 수 있는 겁니다. 하지만 태도가 나쁘다면 어떤 것도 늘릴 수 없다고 생각합니다. 아무리 직무 지식을 배우고 노력을 해도 태도가 바르지 않다면 그 사람은 좋은 직무 지식을 갖고 있다고 보이기 어렵습니다. 모든 기본은 태도에서 나오기 때문이죠. 기본 태도는 저희는 어렸을 때부터 유치원 때부터 직장을 구하는 지금 이 순간까지 계속 배워왔습니다. 하지만 직무 지식과 역량은 배금지 얼마 되지 않았죠. 그 세월은 저는 이기기 힘들다고 봅니다. 그렇기 때문에 태도가 가장 중요하다고 말씀드리고 싶습니다.","wordCount":86},"emotion":[],"intent":[{"text":"","expression":"","category":"attitude"}],"summary":{"text":"모든 기본은 태도에서 나오기에, 저는 태도가 가장 중요하다고 생각합니다. 직무 지식은 배울 수 있고 역량은 늘릴 수 있지만, 태도가 나쁘면 어떤 것도 늘릴 수 없으므로 태도가 가장 중요합니다.","wordCount":28}}},"rawDataInfo":{"question":{"fileFormat":"wav","fileSize":586318,"duration":18320,"samplingBit":16,"channelCount":1,"samplingRate":"16kHz","audioPath":"/Mock/06.Design/Male/New/ckmk_q_ard_m_n_225061.wav"},"answer":{"fileFormat":"wav","fileSize":1903438,"duration":59480,"samplingBit":16,"channelCount":1,"samplingRate":"16kHz","audioPath":"/Mock/06.Design/Male/New/ckmk_a_ard_m_n_225061.wav"}}}