{"version":"1.0","dataSet":{"info":{"date":"20230116","occupation":"ARD","channel":"MOCK","place":"ONLINE","gender":"MALE","ageRange":"-34","experience":"NEW"},"question":{"raw":{"text":"다른 지원자들이에 비해 지원자님이 가진 특별한 장점을 어필한다면 어떤 것들이 있을까요","wordCount":11},"emotion":[],"intent":[]},"answer":{"raw":{"text":"저 같은 경우에는 다른 지원자들과 차별화 될 저의 장점이라 생각하자면 저는 다른 사람들보다 창의적이라고 자부할 수 있습니다. 그 이유는 우선 제가 생활하는데 있어서 가장 경계하는 게 익숙해지는 것이라고 생각합니다. 그렇기 때문에 모든 사물들을 볼 때 모든 일들을 처리하거나 뭐든 업무 환경에 있어서 저는 익숙해진 상황 속에서도 최대한 낯설게 보는 사람인 거 같습니다. 그렇기 때문에 어떠한 문제를 해결하거나 어떠한 과정 속에서 좀 더 떨어진 관점으로 객관적이게 그 상황을 판단하며 익숙하지 않은 상황에서 어떻게 더 다른 새로운 방법으로 그 문제를 해결하거나 그 문제 그 상황을 대처할 건지 고안을 하게 됩니다. 그렇기 때문에 다른 사람들보다 좀 더 개인적이면서도 창의적인 문제 해결법을 늘 제시해 왔다고 생각합니다.","wordCount":102},"emotion":[],"intent":[{"text":"저 같은 경우에는 다른 지원자들과 차별화 될 저의 장점이라 생각하자면 저는 다른 사람들보다 창의적이라고 자부할 수 있습니다.","expression":"c_person","category":"background"}],"summary":{"text":"다른 지원자들과 차별화 될 나만의 장점은 다른 사람들보다 창의적이라고 자부할 수 있습니다. 익숙지 않은 상황에서 어떻게 다른 방법으로 그 문제를 해결하거나 그 상황을 대처할 건지 고안하기 때문에 개인적이면서도 창의적인 문제 해결법을 늘 제시해 왔다고 생각합니다.","wordCount":35}}},"rawDataInfo":{"question":{"fileFormat":"wav","fileSize":370958,"duration":11590,"samplingBit":16,"channelCount":1,"samplingRate":"16kHz","audioPath":"/Mock/06.Design/Male/New/ckmk_q_ard_m_n_227217.wav"},"answer":{"fileFormat":"wav","fileSize":2837518,"duration":88670,"samplingBit":16,"channelCount":1,"samplingRate":"16kHz","audioPath":"/Mock/06.Design/Male/New/ckmk_a_ard_m_n_227217.wav"}}}