{"version":"1.0","dataSet":{"info":{"date":"20230116","occupation":"ARD","channel":"MOCK","place":"ONLINE","gender":"MALE","ageRange":"-34","experience":"NEW"},"question":{"raw":{"text":"팀으로 일을 하다 보면 사람을 리더형과 팔로우형으로 나눌 수 있게 됩니다 지원자님께서 생각할 때 본인은 남을 잘 이끄는 리더형과 남을 잘 따르는 팔로워형인지 어떤 유형인지 이유와 함께 설명해 주십시오","wordCount":29},"emotion":[],"intent":[]},"answer":{"raw":{"text":"저는 리더나 팔로워의 구분이 저에게는 딱히 없는 것 같습니다. 저는 단지 상황에 맞게 어 제가 있는 위치나 업무 숙련도에 따라 어 거기에 맞는 역할을 수행해 왔습니다. 팀원의 구성이나 수행 능력을 봤을 때 리더가 필요한 상황이고 만약 제가 그 역할에 무리 무리가 없다고 판단이 되면 저는 리더로서 그 역할을 잘 수행해야 왔다고 생각합니다. 그리고 만약에 팔로워의 역할이 주어졌을 때 저는 리더의 조율에 맞게 리더와 팀원들을 서포트 해주면서 그리고 커뮤니케이션 조율이나 어 팀 분위기 증진 등을 위해서 노력해 왔습니다. 그래서 저에게는 딱히 구분이 없고 단지 제가 있는 상황이나 그 위치에 맞게 그 역할을 잘 수행할 수 있을 거라고 생각합니다.","wordCount":97},"emotion":[],"intent":[{"text":"","expression":"","category":"attitude"}],"summary":{"text":"저는 리더나 팔로워의 구분이 딱히 없습니다. 저는 단지 제가 있는 위치나 업무 숙련도에 따라 그 역할을 수행해 왔기 때문에 제가 있는 상황이나 그 위치에 맞게 그 역할을 잘 수행할 수 있을 것이라고 생각합니다.","wordCount":33}}},"rawDataInfo":{"question":{"fileFormat":"wav","fileSize":639438,"duration":19980,"samplingBit":16,"channelCount":1,"samplingRate":"16kHz","audioPath":"/Mock/06.Design/Male/New/ckmk_q_ard_m_n_179308.wav"},"answer":{"fileFormat":"wav","fileSize":2084878,"duration":65150,"samplingBit":16,"channelCount":1,"samplingRate":"16kHz","audioPath":"/Mock/06.Design/Male/New/ckmk_a_ard_m_n_179308.wav"}}}