{"version":"1.0","dataSet":{"info":{"date":"20230116","occupation":"ARD","channel":"MOCK","place":"ONLINE","gender":"MALE","ageRange":"-34","experience":"NEW"},"question":{"raw":{"text":"면접자님의 전공과 관련하여 최근 부족하다고 느끼고 따로 공부를 하고 있는 분야가 있으실까요 그게 무엇인지 말씀 부탁드립니다","wordCount":16},"emotion":[],"intent":[]},"answer":{"raw":{"text":"저는 전공과 관련해서 공부하고 있었던 것은 바로 쓰리디 디자인데요. 제가 쓰리디 디자인이 많이 부족한 것 같애서 어 따로 유튜브도 보고 어 배웠었는데 마침 교양 수업 중에 쓰리디 프로그램으로 활용한 디자인 하는 정 교양 수업이 있어서 그 수업을 수강했고 그리고 그 수업에서는 특이하게 어 조별로 발표를 하는데 그중에서 순위까지도 이제 교수님이 평가해 주셔서 매깁니다. 그리고 저는 그 팀 플레이를 할 때에 팀장을 맡았고 그리고 저희 조가 아주 팀원들의 실력이 출중해서 그곳에서 조별 과제도 일 등을 하고 에이 쁠이라는 좋은 성적까지도 받았습니다. 그리고 제가 팀장으로서 역할을 잘 충실하게 해주었다고 이제 교수님에게도 칭찬을 많이 들었고 그리고 그 수업을 통해서 제가 쓰리디 프로그램에 대해서 더욱더 많은 관심과 애정이 생겼고 그 이후로 더욱더 배워서 나중에는 관련 공모전까지 나가서 입상을 하는 좋은 경험까지 했었습니다.","wordCount":118},"emotion":[],"intent":[{"text":"","expression":"","category":"attitude"}],"summary":{"text":"전공과 관련된 전공은 쓰리디 디자인인데, 전공 수업 중에 쓰리디 프로그램으로 활용한 디자인 하는 정 교양 수업이 있어서 수강했고, 조별 발표를 교수님께서 평가해 주셔서 팀플레이를 해서 좋은 성적도 받았습니다. 그 수업을 통해서 쓰리디 프로그램에 대한 애정이 생겼고 관련 공모전 입상까지 했습니다.","wordCount":40}}},"rawDataInfo":{"question":{"fileFormat":"wav","fileSize":599118,"duration":18720,"samplingBit":16,"channelCount":1,"samplingRate":"16kHz","audioPath":"/Mock/06.Design/Male/New/ckmk_q_ard_m_n_194475.wav"},"answer":{"fileFormat":"wav","fileSize":2785358,"duration":87040,"samplingBit":16,"channelCount":1,"samplingRate":"16kHz","audioPath":"/Mock/06.Design/Male/New/ckmk_a_ard_m_n_194475.wav"}}}