{"version":"1.0","dataSet":{"info":{"date":"20230116","occupation":"ARD","channel":"MOCK","place":"ONLINE","gender":"MALE","ageRange":"-34","experience":"NEW"},"question":{"raw":{"text":"지금 응시자님 디자인 전공하셨는데요 디자인 전공자로서 그 전공하지 않은 사람과 협업하기 위해서 그 고려해야 될 부분에 대해서 말씀해 주시면 감사하겠습니다","wordCount":20},"emotion":[],"intent":[]},"answer":{"raw":{"text":"디자인 전공자로서 디자인을 전공하지 않은 비전공자와 협업하기 위해선 어 좀 고려해야 할 부분이 특수하게 쫌 몇 가지 있는 것 같습니다. 우선적으로는 어 이 디자인이라는 분야가 되게 비전공자에게는 어떻게 보면 쫌 진입 장벽이 높을 수도 있다고 생각합니다. 어 하지만 이 디자인 전공자로서 회사에서 일을 하게 되면 이 분명히 비전공자와 협업을 하게 되는 상황이 찾아오게 됩니다. 어 따라서 이 비전공자는 이 디자인 전공에 대해서 이런 업무에 대해서 어 완벽하게 잘 알고 있는 것이 절대 아니기 때문에 어 그러한 상황에서 발생하는 어 이제 갈등이나 문제점들을 전공자의 입장에서 조금 차분하고 잘 알려주는 것이 중요하다고 생각합니다. 어 좀 상대방을 배려하는 입장에서 먼저 대화를 시도하고 쫌 디자인 업무의 특성에 대해서 쫌 자세하게 설명을 해 준다면 이제 그러한 갈등이 생기는 상황 등을 쫌 최소화 할 수 있을 것 같습니다.","wordCount":122},"emotion":[],"intent":[{"text":"","expression":"","category":"attitude"}],"summary":{"text":"디자인 전공자로서 비전공자와 협업하기 위해서는 전공자로서 상대방을 배려하는 입장에서 먼저 대화를 시도하고 디자인 업무의 특성에 대해서 자세하게 설명을 해 준다면 그러한 갈등이 생기는 상황 등을 최소화 할 수 있을 것 같습니다.","wordCount":31}}},"rawDataInfo":{"question":{"fileFormat":"wav","fileSize":529678,"duration":16550,"samplingBit":16,"channelCount":1,"samplingRate":"16kHz","audioPath":"/Mock/06.Design/Male/New/ckmk_q_ard_m_n_227308.wav"},"answer":{"fileFormat":"wav","fileSize":2218958,"duration":69340,"samplingBit":16,"channelCount":1,"samplingRate":"16kHz","audioPath":"/Mock/06.Design/Male/New/ckmk_a_ard_m_n_227308.wav"}}}