{"version":"1.0","dataSet":{"info":{"date":"20230116","occupation":"ARD","channel":"MOCK","place":"ONLINE","gender":"MALE","ageRange":"-34","experience":"NEW"},"question":{"raw":{"text":"지원자님만의 스트레스 해소 방법이 있으신가요 왜 그런 방법으로 스트레스를 해소하시는지 이유도 말씀 부탁드립니다","wordCount":13},"emotion":[],"intent":[]},"answer":{"raw":{"text":"저만의 스트레스 해소 방법에 대해서 말씀드리자면 저는 개인적으로 산책하는 것을 통해 스트레스를 해소합니다. 산책을 하는 것은 산책을 할 때 뭔가 마음에 머리와 마음의 머릿속과 마음을 비우고 산책을 할 수 있고 그리고 산책을 하면서 자기 자신을 내려놓을 수 있기 때문입니다. 그 과정을 통해서 제가 스트레스를 받았던 그 근원적인 문제에 대해서 한 번 더 돌이켜 생각하는 시간을 가지게 될 수 있고 그리고 그 스트레스를 직접적으로 받고 그 스트레스를 해결하기 위해 머리를 싸매는 것보다 분위기를 환기시키기 위해 산책을 하면서 그 스트레스를 받았던 이유에 대해서 그리고 그 근원적인 문제에 대해서 좀 더 한 발짝 멀어진 객관적인 시선으로 그 문제를 해결할 수 있는 방향에 대해서 생각할 수 있기 때문입니다. 또한 산책을 하게 된다면 천천히 가벼운 걸음은 몸과 마음의 심신 몸과 마음의 안정을 취하게 하고 그리고 가벼운 운동을 통해 숙면 또한 잘 취하게 하여 스트레스를 해소하는 데 가장 큰 도움이라 생각합니다.","wordCount":135},"emotion":[],"intent":[{"text":"","expression":"","category":"attitude"}],"summary":{"text":"저는 개인적으로 산책하는 것을 통해 스트레스를 해소합니다. 산책을 통해 자기 자신을 내려놓을 수 있고 스트레스를 받았던 근원적인 문제에 대해 다시 생각할 수 있습니다. 또한 가벼운 걸음으로 몸과 마음의 안정을 취하고, 가벼운 운동을 통해 숙면을 취하게 하여 스트레스를 해소하는 데 가장 큰 도움이 될 것입니다.","wordCount":44}}},"rawDataInfo":{"question":{"fileFormat":"wav","fileSize":613838,"duration":19180,"samplingBit":16,"channelCount":1,"samplingRate":"16kHz","audioPath":"/Mock/06.Design/Male/New/ckmk_q_ard_m_n_227987.wav"},"answer":{"fileFormat":"wav","fileSize":2908238,"duration":90880,"samplingBit":16,"channelCount":1,"samplingRate":"16kHz","audioPath":"/Mock/06.Design/Male/New/ckmk_a_ard_m_n_227987.wav"}}}