{"version":"1.0","dataSet":{"info":{"date":"20230116","occupation":"ARD","channel":"MOCK","place":"ONLINE","gender":"MALE","ageRange":"-34","experience":"NEW"},"question":{"raw":{"text":"디자이너로서 가지고 있는 앞으로의 목표에 대해서 한번 설명해 주세요","wordCount":9},"emotion":[],"intent":[]},"answer":{"raw":{"text":"저는 나중에 한 디자인 분야의 대표 디자이너로 서울 근교의 사무실에서 가족들과 거주하며 삶의 즐거움을 누리고 싶은 목표가 있습니다. 제가 이곳에 지원한 이유도 이러한 저의 꿈에 가장 근접한 일을 할 수 있다고 생각해서 입니다. 규모가 더 크고 업무가 체계적으로 분배된 것도 좋지만 일의 기회 부터 유통까지 전반적인 일을 해 보는 것이 더 시대적인 흐름에 맞는다고 생각합니다. 그런 점에서 당사에 진행하는 프로젝트와 흐름이 제 생각과 유사합니다. 그런 만큼 현장과 사무실을 가리지 않고 열정을 다하여 나중에 회사를 대표하는 디자이너로 일에서도 삶에서도 만족스러운 삶을 누리고 있을 것입니다.","wordCount":83},"emotion":[],"intent":[{"text":"","expression":"","category":"attitude"}],"summary":{"text":"저는 나중에 한 디자인 분야의 대표 디자이너로 서울 근교 사무실에서 가족들과 거주하며 삶의 즐거움을 누리고 싶은 목표가 있습니다. 일의 기회 부터 유통까지 전반적인 일을 하는 것이 시대적인 흐름에 맞는다고 생각합니다.","wordCount":30}}},"rawDataInfo":{"question":{"fileFormat":"wav","fileSize":292558,"duration":9140,"samplingBit":16,"channelCount":1,"samplingRate":"16kHz","audioPath":"/Mock/06.Design/Male/New/ckmk_q_ard_m_n_190940.wav"},"answer":{"fileFormat":"wav","fileSize":1771918,"duration":55370,"samplingBit":16,"channelCount":1,"samplingRate":"16kHz","audioPath":"/Mock/06.Design/Male/New/ckmk_a_ard_m_n_190940.wav"}}}