{"version":"1.0","dataSet":{"info":{"date":"20230116","occupation":"ARD","channel":"MOCK","place":"ONLINE","gender":"MALE","ageRange":"-34","experience":"NEW"},"question":{"raw":{"text":"지원자님께서 특별히 가고 싶은 회사가 혹시 있으신가요 특정 도메인이 중요한지 아니면 회사 분위기가 중요한지 지원자님께서 어떤 것을 중점적으로 보시는지 말씀해 주시기 바랍니다","wordCount":22},"emotion":[],"intent":[]},"answer":{"raw":{"text":"저는 가고 싶은 회사가 있냐고 생각을 해봤을 때 회사에 어떤 명성이라든지 크기라든지 이런 것도 당연히 중요하지만 회사의 분위기가 어떤지가 정말 더 중요합니다. 어떤 회사의 분위기 제가 원하는 회사의 분위기는 가족 같은 분위기입니다. 흔히들 우리 회사는 가족 같은 분위기다 이런 얘기를 하지만 이 얘기는 제가 봤을 때 인사 담당자나 채용담당자가 하는 얘기가 아닌 현재 일을 직접 하고 있는 현업자들이 이렇게 얘기를 하면은 정말 회사의 분위기가 좋다고 생각합니다. 그렇게 현적 현직자들이 자기네 회사가 가족 같은 회사이다 이 말을 하는 근거가 있을 것입니다. 업무 분위기가 굉장히 화기애애하다 혹은 업무 환경이 타이트하지 않기 때문에 주위 사람들을 모두 살펴가면서 일을 할 수 있다 즉 가족 같은 분위기에 회사라 함은 정말 가족같이 챙기기만 하는 것이 아닌 업무 환경도 좋고 성과도 어느 정도 나오고 일을 한 일을 함에 있어서 효율도 좋고 여러 가지를 보편적으로 상위권이라고 생각할 수 있는 회사가 가족 같은 분위기가 형성되는 것 같습니다.","wordCount":138},"emotion":[],"intent":[{"text":"","expression":"","category":"attitude"}],"summary":{"text":"저는 가고 싶은 회사가 있다고 생각했을 때 회사 분위기가 정말 중요하다고 생각합니다. 흔히들 우리 회사는 가족 같은 분위기라고 하지만 이는 인사 담당자나 채용담당자가 하는 얘기가 아니라 현재 일을 직접 하고 있는 현업자들이 얘기를 하면은 정말 회사 분위기가 좋다고 봅니다. 업무 환경이 굉장히 화기애애합니다.","wordCount":43}}},"rawDataInfo":{"question":{"fileFormat":"wav","fileSize":459278,"duration":14350,"samplingBit":16,"channelCount":1,"samplingRate":"16kHz","audioPath":"/Mock/06.Design/Male/New/ckmk_q_ard_m_n_169799.wav"},"answer":{"fileFormat":"wav","fileSize":2735118,"duration":85470,"samplingBit":16,"channelCount":1,"samplingRate":"16kHz","audioPath":"/Mock/06.Design/Male/New/ckmk_a_ard_m_n_169799.wav"}}}