{"version":"1.0","dataSet":{"info":{"date":"20230116","occupation":"ARD","channel":"MOCK","place":"ONLINE","gender":"MALE","ageRange":"-34","experience":"NEW"},"question":{"raw":{"text":"여러 사람들과 함께 일을 하다 보면 구성원들과 갈등이 생기곤 합니다 지원자님께서는 이럴 때 어떻게 해결하실 건가요","wordCount":16},"emotion":[],"intent":[]},"answer":{"raw":{"text":"여러 사람들과 함께 일을 하다 보면 갈등이 분명 생기기 마련입니다. 특히 디자이너들끼리 모여 있으면 서로 자기 디자인의 의견을 조금 더 하기 위해 감정이 없던 감정도 생기기 마련인데요. 저는 그러면 일단 회의를 중단하고 환기를 한 번 시키려고 합니다. 지금 너무 감정적으로 되어 상대에게 상처를 주고 일과 전혀 상관없는 일들의 말들이 나올 수도 있기 때문입니다. 상대가 만약 경청하지 않고 심술을 부린다면 저는 일단 그렇다면 그 사람들의 의견을 수용할 것 같습니다. 이 관계가 틀어진다면 일을 못하느니만도 못하는 것처럼 못하는 것보다 더 안 좋은 결과가 나올 수도 있기 때문이죠.","wordCount":85},"emotion":[],"intent":[{"text":"","expression":"","category":"attitude"}],"summary":{"text":"여러 사람과 함께 일하다 보면 갈등이 생기기 마련인데, 이럴 경우 회의를 중단하고 환기를 시키려고 합니다. 지금 너무 감정적으로 되어 상대에게 상처를 주고 일과 전혀 상관없는 일들의 말이 나올 수도 있기 때문입니다.","wordCount":31}}},"rawDataInfo":{"question":{"fileFormat":"wav","fileSize":358478,"duration":11200,"samplingBit":16,"channelCount":1,"samplingRate":"16kHz","audioPath":"/Mock/06.Design/Male/New/ckmk_q_ard_m_n_225249.wav"},"answer":{"fileFormat":"wav","fileSize":1963278,"duration":61350,"samplingBit":16,"channelCount":1,"samplingRate":"16kHz","audioPath":"/Mock/06.Design/Male/New/ckmk_a_ard_m_n_225249.wav"}}}