{"version":"1.0","dataSet":{"info":{"date":"20230116","occupation":"ARD","channel":"MOCK","place":"ONLINE","gender":"MALE","ageRange":"-34","experience":"NEW"},"question":{"raw":{"text":"어 열심히 하지만 본인이 원하는 만큼 따라오지 못하는 팀 동료들이 있을 수 있습니다 어 이럴 때는 이러한 팀 동료들을 어떻게 하시겠습니까","wordCount":21},"emotion":[],"intent":[]},"answer":{"raw":{"text":"저는 대학교 때 조별 과제를 하게 되면은 항상 팀장을 대부분 맡았었습니다. 왜냐하면 제가 재수를 해서 대학교에 들어왔기 때문에 또래들보다 이제 한 살 내지 두 살 정도 많았습니다. 그렇다보니 자연스럽게 나이가 많다는 이유로 팀장을 많이 맡게 되었고 그리고 저희 항 제가 운이 없었던 것인지 항상 구성원들 중에서 열심히 하지 않고 의욕이 없고 열정이 없는 구성원들이 꼭 있었습니다. 그럴 때마다 저는 오히려 눈치가 보여서 자기가 열심히 하고 의욕적이게 하거나 뭐 그런 식으로 유도를 하기 위해서 저를 포함한 다른 구성원들이 더욱더 배로 열심히 하게 되면은 자연스럽게 그 인원이 저희 분위기에 휩쓸려 그렇게 열심히 하게 되었습니다. 그 열심히 안 하는 인원들 뿐만 아니라 조금 역량이 떨어지는 그러한 구성원들조차 그렇게 수준 높은 팀 내 분위기를 보이게 되면은 자연스럽게 자신의 역량도 크게 한 층 더 발휘할 수 있기 때문에 저는 그러한 방식으로 어 해결을 하였습니다.","wordCount":129},"emotion":[],"intent":[{"text":"","expression":"","category":"attitude"}],"summary":{"text":"저는 대학교 때 조별 과제를 할 때 대부분 팀장을 맡았었습니다. 나이가 많다는 이유로 열심히 하지 않고 의욕이 없는 구성원들이 있었습니다. 그럴 때마다 눈치가 보여서 열심히 하도록 유도하기 위해 다른 구성원들이 열심히 하게 되었습니다. 역량이 떨어지는 구성원들조차 분위기를 보이면 역량을 발휘할 수 있는 방식으로 해결하였습니다.","wordCount":44}}},"rawDataInfo":{"question":{"fileFormat":"wav","fileSize":445518,"duration":13920,"samplingBit":16,"channelCount":1,"samplingRate":"16kHz","audioPath":"/Mock/06.Design/Male/New/ckmk_q_ard_m_n_188771.wav"},"answer":{"fileFormat":"wav","fileSize":2789838,"duration":87180,"samplingBit":16,"channelCount":1,"samplingRate":"16kHz","audioPath":"/Mock/06.Design/Male/New/ckmk_a_ard_m_n_188771.wav"}}}