{"version":"1.0","dataSet":{"info":{"date":"20230116","occupation":"ARD","channel":"MOCK","place":"ONLINE","gender":"MALE","ageRange":"35-44","experience":"NEW"},"question":{"raw":{"text":"지원자님이 직장에 들어와서 본인보다 몇 년이나 더 많은 경험들을 하신 인생 선배를 만나게 된다면 그분은 어떤 모습을 본인에게 보여주었으면 좋겠는지 이유도 말씀해 주세요","wordCount":23},"emotion":[],"intent":[]},"answer":{"raw":{"text":"저는 저는 하나부터 열까지 다 가르쳐주는 선배를 만나고 싶지는 않습니다. 저는 제가 궁금한 것들 혹은 필요로 하는 것들 회사에 있어서 알아야 되는 것들을 먼저 찾아내서 물어보았을 때 친절하게 대답해주는 선배를 만나고 싶습니다. 그 이유는 당연합니다. 모든 걸 가르쳐주는 선배가 물론 처음에는 좋을 수 있습니다. 하지만 그것은 온연히 제 것이 되기 쉽지 않습니다. 그 받은 것들을 여러 번 곱씹고 또 곱씹고 곱씹어야 온연히 제 것이 될 수 있습니다. 그만큼 시간이 많이 들어간다는 것이겠죠. 하지만 저는 제 스스로 궁금한 것들을 찾아내고 물어보고 했을 때 더 좋은 결과가 있고 더 쉽게 이뤄낼 수 있다고 생각을 합니다. 더 완벽하게 이뤄낼 수 있다고 또 생각을 합니다. 본인이 무언가를 찾기 위한 노력을 하지 않는 사람은 그것에 대한 진정한 해결책을 가질 수 없습니다. 그래서 저는 선배에게도 마찬가지입니다. 제가 선배에게 도움을 요청하고 뭔가 편안한 편안한 방법을 구하는 것은 더 정답을 갖기 위해서입니다. 더 정답을 찾기 위한 하나의 과정으로 선배님에게 의존하는 것이고 그럴 때 선배님께서는 아무 일 없다는 듯이 편안한 마음으로 웃으면서 얘기해 주고 그 과정을 친절하게 이해시켜 줄 수 있는 선배를 만나고 싶습니다. 저도 그런 선배가 되고 싶습니다.","wordCount":170},"emotion":[],"intent":[{"text":"","expression":"","category":"attitude"}],"summary":{"text":"저는 모든 걸 가르쳐주는 선배를 만나고 싶지는 않습니다. 물어보았을 때 친절하게 대답해주는 선배를 만나고 싶습니다. 정답을 찾기 위한 하나의 과정으로 선배에게 의존하는 것이고 그럴 때 선배님께서 아무 일 없다는 듯이 편안한 마음으로 웃으면서 얘기하고 그 과정을 친절하게 이해 시켜 줄 수 있는 선배를 찾고 싶습니다.","wordCount":45}}},"rawDataInfo":{"question":{"fileFormat":"wav","fileSize":551118,"duration":17220,"samplingBit":16,"channelCount":1,"samplingRate":"16kHz","audioPath":"/Mock/06.Design/Male/New/ckmk_q_ard_m_n_189208.wav"},"answer":{"fileFormat":"wav","fileSize":2706318,"duration":84570,"samplingBit":16,"channelCount":1,"samplingRate":"16kHz","audioPath":"/Mock/06.Design/Male/New/ckmk_a_ard_m_n_189208.wav"}}}