{"version":"1.0","dataSet":{"info":{"date":"20230116","occupation":"ARD","channel":"MOCK","place":"ONLINE","gender":"MALE","ageRange":"-34","experience":"NEW"},"question":{"raw":{"text":"사람들과 협업을 하며 가장 어려웠던 점이 있으신가요 어떻게 극복했는지 함께 말씀해 주세요","wordCount":12},"emotion":[],"intent":[]},"answer":{"raw":{"text":"사람과 협업을 하게 될 경우 그 팀에 가장 궁극적인 목표를 향해 나아갈 때 서로의 의견을 굉장히 많이 그리고 굉장히 여러 수차례 공유하게 됩니다. 그 과정 속에서 아무래도 각자가 생각하고 있는 방향과 자신이 갖고 있는 입장 또는 생각이 다르기 때문에 충분히 그 의견을 제시함에 있어서 서로가 상충되는 이견을 제안할 때도 있습니다. 그렇기 때문에 아무래도 의견 차이가 발생하게 되고 그 의견 차이가 좁혀지지 않을 경우 갈등 상황으로 치닫는 그런 경우가 가장 어려웠던 점 같습니다. 제 개인적인 경험에 빗대어 설명 드리자면 저 같은 경우에는 이제 상대방의 입장을 충분히 고려하고 그리고 상대방이 어떻게 생각하는지 그리고 상대방에 의견에 대해서 충분히 존중하고 그리고 이해하려고 하고 포용하려고 하는 노력을 통해 상대방과 저 자신 그 사이에서 의견 의견 차이에 문제가 생겼을 때 그러한 점을 쪼금 더 서로 양보해주고 그리고 더 나은 방향으로 나아갈 수 있는 방법을 어떻게 모색하면 좋은지 생각해 본 적이 있습니다.","wordCount":135},"emotion":[],"intent":[{"text":"사람과 협업을 하게 될 경우 그 팀에 가장 궁극적인 목표를 향해 나아갈 때 서로의 의견을 굉장히 많이 그리고 굉장히 여러 수차례 공유하게 됩니다.","expression":"c_cop","category":"personality"},{"text":"제 개인적인 경험에 빗대어 설명 드리자면 저 같은 경우에는 이제 상대방의 입장을 충분히 고려하고 그리고 상대방이 어떻게 생각하는지 그리고 상대방에 의견에 대해서 충분히 존중하고 그리고 이해하려고 하고 포용하려고 하는 노력을 통해 상대방과 저 자신 그 사이에서 의견 의견 차이에 문제가 생겼을 때 그러한 점을 쪼금 더 서로 양보해주고 그리고 더 나은 방향으로 나아갈 수 있는 방법을 어떻게 모색하면 좋은지 생각해 본 적이 있습니다.","expression":"c_cop","category":"personality"}],"summary":{"text":"협업을 하게 될 경우 서로의 입장을 충분히 고려하고, 의견을 존중하고, 이해하려고 하고 포용하려고 하는 노력을 통해 의견 의견 차이에 문제가 생겼을 때 조금 더 서로 양보해주고 더 나은 방향으로 나아가는 방법을 어떻게 모색하면 좋은지 생각해 본 적이 있습니다.","wordCount":38}}},"rawDataInfo":{"question":{"fileFormat":"wav","fileSize":318798,"duration":9960,"samplingBit":16,"channelCount":1,"samplingRate":"16kHz","audioPath":"/Mock/06.Design/Male/New/ckmk_q_ard_m_n_227484.wav"},"answer":{"fileFormat":"wav","fileSize":2910158,"duration":90940,"samplingBit":16,"channelCount":1,"samplingRate":"16kHz","audioPath":"/Mock/06.Design/Male/New/ckmk_a_ard_m_n_227484.wav"}}}