{"version":"1.0","dataSet":{"info":{"date":"20230116","occupation":"ARD","channel":"MOCK","place":"ONLINE","gender":"MALE","ageRange":"-34","experience":"NEW"},"question":{"raw":{"text":"지원자님 친구 있으시죠 주변 친구들 중에 딱 한 명만을 꼽아서 칭찬을 좀 해주시면 좋을 것 같습니다 구체적이고 자세하게 말씀해 주시면 더욱더 좋을 것 같아요 말씀 부탁드리겠습니다","wordCount":26},"emotion":[],"intent":[]},"answer":{"raw":{"text":"제 주변 친구 중에서는 정말 열정과 의지가 대단한 친구가 있습니다. 그 친구로 말할 것 같으면은 어 중학교 때까지 공부를 하지 않고 그리고 고등학교 이 학년 때까지도 공부 공부를 하지 않았고 그리고 그랬는데 고 삼 때 재수를 해서 수능을 여섯 개 밖에 틀리지 않은 친구가 있었습니다. 이 그 친구는 또 군대를 제대하고 나서 구급 경찰 순경시험을 쳐서 최종 학교까지 했는데 최종 학교까지 했지만 자신 더 큰 꿈을 이뤄보고자 어 포기를 하고 그냥 세무사 준비를 하고 얼마 전에 일 차 학교까지 했었습니다. 그 친구는 하루에 무려 열 여섯 시간씩 공부도 하고 그리고 경찰 시험도 필기시험을 팔백 명 중에서 무려 구 등이나 하는 아주 우수한 성적으로 하기도 했습니다. 저는 그 친구 때문에 항상 자극을 많이 얻고 저도 저렇게 열심히 하겠다 라는 생각을 합니다. 그래서 그 친구는 저에게 자극제 같은 존재이고 그 친구를 칭찬합니다.","wordCount":130},"emotion":[{"text":"그래서 그 친구는 저에게 자극제 같은 존재이고 그 친구를 칭찬합니다.","expression":"p-affection","category":"positive"}],"intent":[{"text":"","expression":"","category":"attitude"}],"summary":{"text":"저는 제 주변 친구들 중에 열정과 의지가 대단한 친구가 있는데 그 친구 때문에 항상 자극을 많이 얻고 열심히 하겠다는 생각을 합니다. 그래서 그 친구를 칭찬합니다.","wordCount":25}}},"rawDataInfo":{"question":{"fileFormat":"wav","fileSize":572878,"duration":17900,"samplingBit":16,"channelCount":1,"samplingRate":"16kHz","audioPath":"/Mock/06.Design/Male/New/ckmk_q_ard_m_n_194473.wav"},"answer":{"fileFormat":"wav","fileSize":2761678,"duration":86300,"samplingBit":16,"channelCount":1,"samplingRate":"16kHz","audioPath":"/Mock/06.Design/Male/New/ckmk_a_ard_m_n_194473.wav"}}}