{"version":"1.0","dataSet":{"info":{"date":"20230116","occupation":"ARD","channel":"MOCK","place":"ONLINE","gender":"MALE","ageRange":"-34","experience":"NEW"},"question":{"raw":{"text":"어 좋아하는 브란드가 있으신가요 있으시다면 어 그 브랜드를 좋아한 왜 그 브랜드를 좋아하는지 어 브랜드란 뭐라고 생각하는지 거기에 대해서 어 자세히 설명해 주시면 감사하겠습니다","wordCount":24},"emotion":[],"intent":[]},"answer":{"raw":{"text":"저는 애플을 굉장히 좋아하는 편입니다. 일단 왜 좋아하냐면은 일단 애플 같은 경우에는 하드웨어적으로도 부족함이 없는 제품을 만들어내고 있고 그리고 무엇보다도 저는 지금의 애플을 만들 수 있게 해준 것이 바로 어 마케팅 그리고 소프트웨어라고 생각을 합니다. 물론 폐쇄적인 소프트웨어로서 약간의 어 비난을 받고 있지만은 그러한 비난을 상쇄시키고 남을 충분한 이 소프트웨어에 강점이 있기 때문에 저는 애플을 좋아하는데 그리고 저는 브랜드라고 왜 그러 브랜드가 무엇이냐 하면은 일단 하나의 옷이라고 생각을 합니다. 그렇기 때문에 어떠한 브랜드를 사용하는 것은 하나의 옷을 입는 것과 같고 그리고 그 브랜드와 자신과 가치관을 공유하면서 한마디로 어 브랜드를 사용하면 그 브랜드가 자신을 나타나 나타내고 표현할 수 있는 수단이라고 생각이 들기 때문에 저는 브랜드는 자신을 표현하는 수단이라고 생각합니다.","wordCount":108},"emotion":[],"intent":[{"text":"","expression":"","category":"attitude"}],"summary":{"text":"저는 애플의 마케팅과 소프트웨어, 그리고 브랜드가 자신을 나타내고 표현할 수 있는 수단이라고 생각하기 때문에 애플을 굉장히 좋아하는 편입니다. 또한 브랜드가 무엇인지는 하나의 옷이라고 생각하고 그 브랜드와 자신과 가치관을 공유하면서 브랜드를 사용하면 그것이 자신을 표현하는 수단이라고 생각합니다.","wordCount":36}}},"rawDataInfo":{"question":{"fileFormat":"wav","fileSize":664398,"duration":20760,"samplingBit":16,"channelCount":1,"samplingRate":"16kHz","audioPath":"/Mock/06.Design/Male/New/ckmk_q_ard_m_n_188766.wav"},"answer":{"fileFormat":"wav","fileSize":2823758,"duration":88240,"samplingBit":16,"channelCount":1,"samplingRate":"16kHz","audioPath":"/Mock/06.Design/Male/New/ckmk_a_ard_m_n_188766.wav"}}}