{"version":"1.0","dataSet":{"info":{"date":"20230116","occupation":"ARD","channel":"MOCK","place":"ONLINE","gender":"MALE","ageRange":"-34","experience":"NEW"},"question":{"raw":{"text":"스트레스를 받으면 어떻게 하시나요 그리고 그런 방법으로 왜 스트레스를 해소하는지 그 이유도 같이 설명해 주시겠어요","wordCount":15},"emotion":[],"intent":[]},"answer":{"raw":{"text":"어 저는 스트레스를 받으면은 부셔도 되는 어떤 물건을 하나를 구입을 합니다. 그리고 나서 그 물건을 어 부숩니다. 왜 그런 방법으로 스트레스를 해소하는지 조금 그런 안 좋은 눈빛으로 쳐다보실 수도 있지만 저는 그렇게 스트레스를 해소하는 방법이 제일 직관적이고 제일 확실하면서도 저희 어떤 스트레스를 푸는데 어 드는 비용을 줄이는 방법이라고 생각을 하고 있습니다. 왜냐하면 스트레스가 쌓였다는 것은 엄청난 가슴 속에 무언가 답답한 것이 쌓인 것이라고 저는 생각이 되어집니다. 그런데 그런 것들을 다스리기 위해서 여러 가지 많은 스트레스 해소 방법이 있지만 그 중에서 정적인 방법은 저에게 도움이 되지 않다고 저는 판단이 되어집니다. 정적인 방법보다는 액티비티한 적극적인 어떤 활발한 활동을 통해서 스트레스를 푸는 것이 저에게 제일 효과적이라고 생각하고 있기 때문에 여러 가지 해봤던 결과 물건을 부수는 행위가 물건을 부수는 행위가 저에게는 확실한 스트레스 해소 방법으로 자리 잡혀져 있습니다.","wordCount":124},"emotion":[],"intent":[{"text":"","expression":"","category":"attitude"}],"summary":{"text":"저는 스트레스 해소 방법으로 물건을 부수는 행위를 선호합니다. 스트레스 해소 방법 중 정적인 방법보다는 액티브한 어떤 활발한 활동을 통해서 스트레스를 푸는 것이 가장 효과적이라고 생각하기 때문에 여러 가지 해봤던 결과 물건을 부시는 행위가 저에게는 확실한 스트레스 해소 방법이 되어버렸습니다.","wordCount":39}}},"rawDataInfo":{"question":{"fileFormat":"wav","fileSize":302158,"duration":9440,"samplingBit":16,"channelCount":1,"samplingRate":"16kHz","audioPath":"/Mock/06.Design/Male/New/ckmk_q_ard_m_n_218735.wav"},"answer":{"fileFormat":"wav","fileSize":2774158,"duration":86690,"samplingBit":16,"channelCount":1,"samplingRate":"16kHz","audioPath":"/Mock/06.Design/Male/New/ckmk_a_ard_m_n_218735.wav"}}}