{"version":"1.0","dataSet":{"info":{"date":"20230116","occupation":"ARD","channel":"MOCK","place":"ONLINE","gender":"MALE","ageRange":"-34","experience":"NEW"},"question":{"raw":{"text":"최근 접한 기억에 남는 디자인 사례는 무엇이었는지 설명해 주시겠습니까","wordCount":9},"emotion":[],"intent":[]},"answer":{"raw":{"text":"최근에 제가 접한 디자인은 유투브를 통해서 한 티 안 토니오 가우디에 대해 대한 영상을 본 적이 있습니다. 안토니오 가우디는 자연물을 기반으로 건축을 하는 형태를 가지고 있는 건축가인데 이는 일반적인 건축 뿐만 일반적인 건축인 직선 형태를 사용하는 전통적인 건축 양식을 양식에서 벗어나 새로운 양식에서 벗어나 곡선을 사용하는 새로운 디자인적 새로운 디자인적 설계를 하여 건축사에서 유례없는 업적을 세운 바 있습니다. 제가 저 안 토니오 디 안 토니오 다운 가우디에 이제 안토니오 가우디에 디자인에 더 흥미를 느낀 점이 있다면 그것은 바로 그가 자신의 건축물의 자연물을 사용했다는 것입니다.","wordCount":84},"emotion":[{"text":"안토니오 가우디는 자연물을 기반으로 건축을 하는 형태를 가지고 있는 건축가인데 이는 일반적인 건축 뿐만 일반적인 건축인 직선 형태를 사용하는 전통적인 건축 양식을 양식에서 벗어나 새로운 양식에서 벗어나 곡선을 사용하는 새로운 디자인적 새로운 디자인적 설계를 하여 건축사에서 유례없는 업적을 세운 바 있습니다.","expression":"u-fact","category":"neutral"}],"intent":[{"text":"","expression":"","category":"attitude"}],"summary":{"text":"안토니오 가우디는 자연물을 기반으로 건축을 하는 건축가로 전통적인 건축 양식을 벗어나 곡선을 사용하는 새로운 디자인적 설계를 하여 건축사에서 유례없는 업적을 세운 바 있습니다.","wordCount":23}}},"rawDataInfo":{"question":{"fileFormat":"wav","fileSize":243278,"duration":7600,"samplingBit":16,"channelCount":1,"samplingRate":"16kHz","audioPath":"/Mock/06.Design/Male/New/ckmk_q_ard_m_n_180054.wav"},"answer":{"fileFormat":"wav","fileSize":2914318,"duration":91070,"samplingBit":16,"channelCount":1,"samplingRate":"16kHz","audioPath":"/Mock/06.Design/Male/New/ckmk_a_ard_m_n_180054.wav"}}}