{"version":"1.0","dataSet":{"info":{"date":"20230116","occupation":"ARD","channel":"MOCK","place":"ONLINE","gender":"MALE","ageRange":"-34","experience":"NEW"},"question":{"raw":{"text":"이전에 다니던 직장에서 퇴사한 후에 퇴사한 것을 후회하신 적은 없으십니까 있다면 왜인지도 함께 말씀을 부탁드립니다","wordCount":15},"emotion":[],"intent":[]},"answer":{"raw":{"text":"이전 직장에서 퇴사한 것을 후회한 적이 있다고 물으신다면 후회 해본 적이 없다 라고 말씀드리는 것은 거짓말이라고 생각합니다. 그 이유에 대해서는 아무래도 그 직장을 다니면서 가지고 있던 고민이나 스트레스를 해결하기 위해 그 직장을 그만두어야 된다고 생각하는 경우가 일반적입니다. 그 직장을 다니는 순간 속에서는 하지만 그 직장을 그만두고 난 다음에는 그 직장에 그만둔다는 것이 근원적인 스트레스를 해소하는 방법이 아니라는 사실을 깨닫기 때문에 깨닫기 때문에 그 이전 직장을 퇴사하는 거을 후에 해 본 적이 있습니다. 그리고 이전 직장에서 어떻게 했다면 더 나은 방법을 가졌고 그리고 그 이전 직장에서 어떻게 해야 그때 해결할 수 있었을 텐데 라는 여러 가지 생각들이 들면서 괜히 관둔 것이 아니었나 라는 생각도 들기 때문에 후회한 적이 있습니다.","wordCount":108},"emotion":[],"intent":[{"text":"","expression":"","category":"attitude"}],"summary":{"text":"이전 직장의 퇴사에 대해 후회한 적이 없다고 말하는 것은 거짓말입니다. 그 이유는 그 직장의 고민이나 스트레스를 해결하기 위해 그만둬야 한다고 생각하기 때문입니다. 하지만 그 이전 직장을 퇴사한 후 여러 가지 생각들이 들면서 관둔 것이 아닌가 하는 생각이 들어서 후회했습니다.","wordCount":39}}},"rawDataInfo":{"question":{"fileFormat":"wav","fileSize":551438,"duration":17230,"samplingBit":16,"channelCount":1,"samplingRate":"16kHz","audioPath":"/Mock/06.Design/Male/New/ckmk_q_ard_m_n_180171.wav"},"answer":{"fileFormat":"wav","fileSize":2864398,"duration":89510,"samplingBit":16,"channelCount":1,"samplingRate":"16kHz","audioPath":"/Mock/06.Design/Male/New/ckmk_a_ard_m_n_180171.wav"}}}