{"version":"1.0","dataSet":{"info":{"date":"20230116","occupation":"ARD","channel":"MOCK","place":"ONLINE","gender":"MALE","ageRange":"-34","experience":"NEW"},"question":{"raw":{"text":"음 다른 지원자들과 비를 어 비해서 지원자님만 가진 차별성 혹은 장점을 어필한다면 어떤 것이 있겠습니까","wordCount":15},"emotion":[],"intent":[]},"answer":{"raw":{"text":"제가 가진 장점은 바로 체력입니다. 저는 고등학교 때까지 운동을 해 왔었습니다. 저는 그 팀 내에서도 굉장히 체력이 좋은 편으로 평가를 받았었습니다. 때문에 저는 이러한 체력적 강점이 있다고 말씀드릴 수 있겠는데 체력이 좋아서 어따 쓸 거냐 라는 게 생각이 드실 수가 있습니다. 하지만 저는 이 세상 일을 하는 데 있어서 항상 뒷받침이 되고 기반이 되는 것이 바로 저는 체력이라고 생각됩니다. 때문에 업무를 하는 데 있어서 야근을 해야 할 상황도 필연적으로 발생할 것인데 이러한 일들을 자신의 역량을 최대한 발휘하면서 할 수 있게끔 하려면은 바로 체력이 좋아야 합니다. 이러한 체력들은 이 세상 모든 것을 하는 데 있어서 근간이 되고 그리고 체력이 좋아야지 뇌도 잘 돌아가기 때문에 이러한 체력적 강점 저는 마라톤 대회에서 입상한 적이 있습니다. 물론 아마추어 대회였지만 대회 대회였지만 제가 아마 그래도 현재 지원한 지원자들 중에서 제일 체력이 좋을 것이라고 자부합니다.","wordCount":129},"emotion":[{"text":"저는 고등학교 때까지 운동을 해 왔었습니다.","expression":"u-fact","category":"neutral"},{"text":"이러한 체력들은 이 세상 모든 것을 하는 데 있어서 근간이 되고 그리고 체력이 좋아야지 뇌도 잘 돌아가기 때문에 이러한 체력적 강점 저는 마라톤 대회에서 입상한 적이 있습니다.","expression":"u-fact","category":"neutral"}],"intent":[{"text":"저는 고등학교 때까지 운동을 해 왔었습니다.","expression":"c_private","category":"background"},{"text":"하지만 저는 이 세상 일을 하는 데 있어서 항상 뒷받침이 되고 기반이 되는 것이 바로 저는 체력이라고 생각됩니다.","expression":"c_value","category":"background"}],"summary":{"text":"저는 고등학교 때까지 운동을 해 왔기 때문에 체력적 강점이 있다고 할 수 있습니다. 하지만 업무와 같은 일상적인 일들을 자신의 역량을 최대한 발휘하면서 할 수 있게 하기 위해서 바로 체력이 좋아야 합니다. 이러한 체력들은 이 세상 모든 것을 하는 데 있어서 근간이 되고, 뇌도 잘 돌아가기 때문에 저는 마라톤 대회에서 입상한 적이 있었습니다.","wordCount":52}}},"rawDataInfo":{"question":{"fileFormat":"wav","fileSize":326478,"duration":10200,"samplingBit":16,"channelCount":1,"samplingRate":"16kHz","audioPath":"/Mock/06.Design/Male/New/ckmk_q_ard_m_n_198612.wav"},"answer":{"fileFormat":"wav","fileSize":2864718,"duration":89520,"samplingBit":16,"channelCount":1,"samplingRate":"16kHz","audioPath":"/Mock/06.Design/Male/New/ckmk_a_ard_m_n_198612.wav"}}}