{"version":"1.0","dataSet":{"info":{"date":"20230116","occupation":"ARD","channel":"MOCK","place":"ONLINE","gender":"MALE","ageRange":"-34","experience":"NEW"},"question":{"raw":{"text":"어떤 문제에 부딪쳤을 때는 혼자 해결하는 편이신가요 아니면 여러 사람들에게 이야기를 해서 해결하는 편이신가요","wordCount":14},"emotion":[],"intent":[]},"answer":{"raw":{"text":"저는 기본적으로 엄살이 심한 인간입니다. 제가 소화할 수 있는 어떤 고통의 정도보다 조금 더 심한 고통이 오게 되면 저는 참을 수 없습니다. 일에 관해서도 마찬가지입니다. 그렇다고 제가 책임감이 부족하다거나 일할 능력이 업무와 떨어지는 그런 사람은 아닙니다. 그렇지만 어떤 어려운 문제가 생기면은 저는 바로 옆에 사람에게 물어봅니다. 옆에 사람에게 물어보거나 앞에 사람에게 물어보거나 뒤에 사람에게 물어봅니다. 그렇게 이야기를 함을 통해서 저는 저의 고통을 빨리 분담시킬 수 있습니다. 분담을 시켜 남은 그 에너지로 저는 다시 그 문제들을 해결합니다. 엄살을 떠난 저에 이런 성향이 어떤 문제를 회피하는 것이 아닌 문제의 고통을 빨리 분담하고 다시 정신을 재회복하여 그 문제를 다시 회복하는 그런 메커니즘을 가진 인간입니다.","wordCount":101},"emotion":[],"intent":[{"text":"","expression":"","category":"attitude"}],"summary":{"text":"저는 기본적으로 엄살이 심한 인간입니다. 하지만 어떤 문제가 생기면 바로 옆에 사람에게 질문합니다. 그렇게 이야기를 함으로 고통을 빨리 분담 시킬 수 있습니다. 문제를 회피하는 것이 아닌 문제를 빨리 분담하고 다시 정신을 회복하여 그 문제를 다시 회복하는 인간인 것입니다.","wordCount":38}}},"rawDataInfo":{"question":{"fileFormat":"wav","fileSize":306958,"duration":9590,"samplingBit":16,"channelCount":1,"samplingRate":"16kHz","audioPath":"/Mock/06.Design/Male/New/ckmk_q_ard_m_n_194168.wav"},"answer":{"fileFormat":"wav","fileSize":2410958,"duration":75340,"samplingBit":16,"channelCount":1,"samplingRate":"16kHz","audioPath":"/Mock/06.Design/Male/New/ckmk_a_ard_m_n_194168.wav"}}}