{"version":"1.0","dataSet":{"info":{"date":"20230116","occupation":"ARD","channel":"MOCK","place":"ONLINE","gender":"MALE","ageRange":"-34","experience":"NEW"},"question":{"raw":{"text":"지원자님께서는 본인 스스로 숫자와 창의 중에 어떤 것에 더 가깝다고 생각하시나요 그 이유에 대해서도 함께 말씀해 주세요","wordCount":17},"emotion":[],"intent":[]},"answer":{"raw":{"text":"숫자와 창의를 비교하자면 숫자는 어떤 팩트에 입각한 굉장히 객관적인 사실을 얘기하겠죠. 창의는 한 작품을 보더라도 똑같이 이해하는 사람은 없습니다. 주관적인 것을 얘기하겠죠. 저에게 객관적이냐 주관적이냐를 여쭤보시는 거 물어보시는 것 같은데 저는 창의에 더 가깝다고 생각합니다. 미술관이나 전시회를 갔을 때 작품들을 보고 같이 간 사람들과 작품 평을 해 봤을 때 저는 주로 다른 작품 평을 내곤 합니다. 쉽게 예를 들어 보자면 이 작품에 대해서 어떤 색깔이 더 눈에 띄었어 라는 질문에서 남들은 보통 파란색이 눈에 띄었다고 할 때 저는 빨간색이 눈에 띄었다고 합니다. 그만큼 주관적인 의견도 잘 표명을 하는 편이고요. 어떻게 보면 색깔이 강하다는 얘기도 많이 듣습니다. 그러다 보니 어떻게 보면 팀원들과 협업을 할 때도 제 개성이 너무 강해서 쫌 튀는 경우가 있는데요. 그거를 색깔을 어느 정도 줄일 마음은 없습니다. 줄이는 대신 협업하는 방법을 배우는 것이죠. 나 일단 이런 사람인데 이런 이런 부분에 대해서 양해를 했으면 좋겠습니다 혹은 이런 부분에 대해서 불만이 있으시면 약간 줄이도록 하겠습니다 하면서 협업을 하는 것이죠.","wordCount":149},"emotion":[],"intent":[{"text":"","expression":"","category":"attitude"}],"summary":{"text":"숫자와 창의를 비교하면 숫자는 객관적 사실을, 창의는 주관적 것을 얘기합니다. 미술관이나 전시회를 갔을 때 같이 간 사람들과 작품 평가를 해 봤을 때, 주관적인 의견을 표명을 하는 편입니다. 그래서 팀원들과 협업할 때 개성이 너무 강해 튀는 경우가 있는데, 이것을 줄이는 대신 협업하는 방법을 배우게 됩니다.","wordCount":44}}},"rawDataInfo":{"question":{"fileFormat":"wav","fileSize":601038,"duration":18780,"samplingBit":16,"channelCount":1,"samplingRate":"16kHz","audioPath":"/Mock/06.Design/Male/New/ckmk_q_ard_m_n_213992.wav"},"answer":{"fileFormat":"wav","fileSize":2856078,"duration":89250,"samplingBit":16,"channelCount":1,"samplingRate":"16kHz","audioPath":"/Mock/06.Design/Male/New/ckmk_a_ard_m_n_213992.wav"}}}