{"version":"1.0","dataSet":{"info":{"date":"20230116","occupation":"ARD","channel":"MOCK","place":"ONLINE","gender":"MALE","ageRange":"-34","experience":"NEW"},"question":{"raw":{"text":"직무 지식 역량 태도 이 세 가지 요소 중 본인이 가장 중요하다고 여기시는 것과 그 이유를 말씀해 주세요","wordCount":18},"emotion":[],"intent":[]},"answer":{"raw":{"text":"네 저는 직무 지식과 역량 그리고 태도 이 세 가지 요소 중에서 가장 중요하다고 생각하는 것은 바로 태도입니다. 어 이 태도라 함은 이제 업무를 진행함에 있어서 어떠한 태도를 가지고 어떠한 마음가짐을 가지고 업무를 진행할 것인가 에 대한 부분인데요. 어 저는 이 어 업무를 할 때 쫌 좋은 태도를 지니고 있으면 직무 지식과 역량은 같이 따라온다고 생각하고 있기 때문에 어 태도를 이 세 가지 요소 중에서 가장 중요한 요소라고 생각하고 있습니다. 우선 업무를 할 때 바람직한 태도라 함은 어 어떠한 업무를 하게 되더라도 쫌 적극적으로 해결해 보려고 임하는 어 그러한 태도도 하나의 좋은 태도일 수 있을 것 같고 아니면 이제 업무 시간 외에도 자신의 어떤 역량을 개인 경 역량을 끊임없이 개발하기 위해서 어 쫌 따로 시간을 내서 노력하는 어 그러한 태도도 업무를 진행할 때 쫌 좋은 태도라고 볼 수 있을 것 같습니다.","wordCount":131},"emotion":[],"intent":[{"text":"","expression":"","category":"attitude"}],"summary":{"text":"업무 진행에 있어 직무 지식과 역량, 태도 중 가장 중요하다고 생각하는 것은 태도입니다. 업무를 할 때 바람직한 태도는 어떤 업무를 하게 되더라도 적극적으로 해결해 보려고 임하는 것이며, 업무 시간 외에도 자신의 역량을 개발하기 위해 시간을 내어 노력하는 것 또한 좋은 태도라 볼 수 있습니다.","wordCount":44}}},"rawDataInfo":{"question":{"fileFormat":"wav","fileSize":366158,"duration":11440,"samplingBit":16,"channelCount":1,"samplingRate":"16kHz","audioPath":"/Mock/06.Design/Male/New/ckmk_q_ard_m_n_227673.wav"},"answer":{"fileFormat":"wav","fileSize":2373198,"duration":74160,"samplingBit":16,"channelCount":1,"samplingRate":"16kHz","audioPath":"/Mock/06.Design/Male/New/ckmk_a_ard_m_n_227673.wav"}}}