{"version":"1.0","dataSet":{"info":{"date":"20230116","occupation":"ARD","channel":"MOCK","place":"ONLINE","gender":"MALE","ageRange":"-34","experience":"NEW"},"question":{"raw":{"text":"지원자님께서 우리 회사에 입사를 하게 된다면 어 본인이 가장 가고 싶은 부서를 얘기해 주시고 또 왜 그 부서에 가고 싶은지 이유를 함께 얘기해 주세요","wordCount":24},"emotion":[],"intent":[]},"answer":{"raw":{"text":"네 저는 설계 부서에서 일을 하고 싶습니다. 왜냐하면 이제 디자이너로서의 창의성을 발휘하는 것도 물론 좋습니다. 하지만 디자인에도 여러 가지 종류가 있지 않습니까. 뭔가 사람들이 보기 좋아하는 화려한 정말 전혀 그 듣도 보지도 못한 형태를 디자인 하는 그런 디자이너가 있는 반면에 설계도를 만들고 제가 만든 그 설계도대로 어떠한 것들을 이렇게 딱딱 움직이는 딱딱 맞아 떨어지는 그런 것들을 디자인 하는 것도 어떻게 보면 골조를 세우는 그런 것들도 저는 오히려 더 제가 좋아하기 때문입니다. 뭔가 제가 새로운 것을 창조하는 그런 창조자의 느낌에서 그런 세부 하나하나까지 이제 건드려 가는 것이 저는 제가 하나부터 백 가지 이 관여를 하는 것이 저는 정말로 좋아하기 때문에 저는 그래서 설계부서에서 처음부터 길을 기반을 닦고 그 다음에 다른 디자인 부서로 넘어가든 그렇게 해서 진행을 하고 싶습니다. 네 이상입니다. 감사합니다.","wordCount":120},"emotion":[],"intent":[{"text":"","expression":"","category":"attitude"}],"summary":{"text":"디자인에는 골조를 세우는 디자인도 있고 새로운 것을 창조하는 창조자의 느낌에서 세부 하나하나까지 관여하는 것이 좋아 설계 부서에서 일을 하고 싶습니다.","wordCount":20}}},"rawDataInfo":{"question":{"fileFormat":"wav","fileSize":473678,"duration":14800,"samplingBit":16,"channelCount":1,"samplingRate":"16kHz","audioPath":"/Mock/06.Design/Male/New/ckmk_q_ard_m_n_185255.wav"},"answer":{"fileFormat":"wav","fileSize":2033998,"duration":63560,"samplingBit":16,"channelCount":1,"samplingRate":"16kHz","audioPath":"/Mock/06.Design/Male/New/ckmk_a_ard_m_n_185255.wav"}}}