{"version":"1.0","dataSet":{"info":{"date":"20230116","occupation":"ARD","channel":"MOCK","place":"ONLINE","gender":"MALE","ageRange":"-34","experience":"NEW"},"question":{"raw":{"text":"만약 직무에 맞지 않은 일을 본인이 하게 된다면 그때 어떻게 대처하실 예정인가요 그래도 괜찮으신가요","wordCount":14},"emotion":[],"intent":[]},"answer":{"raw":{"text":"저는 제 인생에 있어서 가장 큰 모토 중 하나가 바로 인생에서 일이 잘 풀리면은 항상 힘든 일이 뒤따라 온다 필수적으로 필수 불가결적으로 따라오게 된다 라는 게 저의 지론입니다. 때문에 제가 제 능력을 인정받아 아주 감사하게 저를 채용하신다면은 그것이 인생에서 좋은 일이고 그리고 인생에서 좋은 일에 뒤에는 항상 고난과 역경이 따라오기 때문에 때문에 제가 직무에 맞지 않는 일을 하게 된다 하더라도 반대로 제가 배치된 그 부서는 저를 필요로 해서 뽑아간 것이기 때문에 저는 오히려 감사한 마음으로 직무의 일을 성실히 잘 수행할 수 있을 것 같습니다. 때문에 감사한 마음으로 일을 열심히 배운다는 마인드로 그렇게 업무를 진행하다 보게 되면은 그것이 또 제 하나의 능력이 되고 이러한 능력의 발전은 이제 커리어 개발에 있어서 중요한 발판이 될 것이고 이러한 것들이 제 인생에 있어서 많은 도움이 되기 때문에 저는 아주 잘 열심히 할 것 같다고 말씀드릴 수가 있겠습니다.","wordCount":132},"emotion":[],"intent":[{"text":"저는 제 인생에 있어서 가장 큰 모토 중 하나가 바로 인생에서 일이 잘 풀리면은 항상 힘든 일이 뒤따라 온다 필수적으로 필수 불가결적으로 따라오게 된다 라는 게 저의 지론입니다.","expression":"c_value","category":"background"}],"summary":{"text":"저는 제 인생에 있어서 가장 큰 모토 중 하나가 바로 인생에서 일이 잘 풀리면 항상 힘든 일이 필수 불가결적으로 따라오게 된다는 것입니다. 때문에 제가 능력을 인정받아 아주 감사하게 채용하신다면은 인생에서 좋은 일이고 그 뒤에는 항상 고난과 역경이 따라오기 때문에 저는 아주 잘 열심히 할 것 같다고 말씀드리겠습니다.","wordCount":47}}},"rawDataInfo":{"question":{"fileFormat":"wav","fileSize":369358,"duration":11540,"samplingBit":16,"channelCount":1,"samplingRate":"16kHz","audioPath":"/Mock/06.Design/Male/New/ckmk_q_ard_m_n_198425.wav"},"answer":{"fileFormat":"wav","fileSize":2798798,"duration":87460,"samplingBit":16,"channelCount":1,"samplingRate":"16kHz","audioPath":"/Mock/06.Design/Male/New/ckmk_a_ard_m_n_198425.wav"}}}