{"version":"1.0","dataSet":{"info":{"date":"20230116","occupation":"ARD","channel":"MOCK","place":"ONLINE","gender":"MALE","ageRange":"-34","experience":"NEW"},"question":{"raw":{"text":"지원자님께서 이제 우리 회사에 들어오게 되신다면 가장 가고 싶은 부서와 어 그리고 왜 그 부서를 가장 가고 싶다고 생각하셨는지 그 이유를 함께 말씀해 주시길 바랍니다","wordCount":25},"emotion":[],"intent":[]},"answer":{"raw":{"text":"저는 인사부서에 가고 싶습니다. 인사부서에 가서 사람들에게 인사를 잘하고 싶습니다. 인사부서에 가서 제가 가장 먼저 진행할 프로젝트는 어떤 것이냐 하면 인사하는 프로젝트입니다. 인사라는 것이 사람 일을 관리하는 것이 우리가 보통 인사 일이라고 알고 있습니다. 대표적으로 예를 들면 우리는 휴가를 결제받기 위해서 인사과에 갑니다. 인사과에서 우리 휴가의 업무를 관장을 해 줍니다. 하지만 그런 정도의 인사 일은 너무 협소적인 범위라고 볼 수 있습니다. 인사라고 한다면 사람과 사람 사이의 모든 일을 관장해야 한다고 생각을 합니다. 그렇기 때문에 저는 다른 직원들보다 조금 한 한 삼십 분 정도 일찍 출근을 해서 회사 들어오는 그 입구에서 우리 직원들에게 반갑게 인사를 하겠습니다. 안녕하십니까 저는 인사과입니다 인사과이기 때문에 여러분에게 인사를 하기 위해서 이 자리에 있습니다 안녕하십니까 라는 인사를 하는 것으로 저의 어떤 인사과 첫 번째 프로젝트를 꼭 진행하고 싶습니다.","wordCount":121},"emotion":[],"intent":[{"text":"","expression":"","category":"attitude"}],"summary":{"text":"인사부서에서 사람들에게 인사를 잘하고 싶습니다. 인사의 업무는 사람과 사람 사이의 모든 일을 관장해야 한다고 생각하기 때문에 다른 직원들보다 조금 한 한 30~40분 일찍 출근해서 회사 입구에서 우리 직원들에게 반갑게 인사를 하겠습니다.","wordCount":31}}},"rawDataInfo":{"question":{"fileFormat":"wav","fileSize":442958,"duration":13840,"samplingBit":16,"channelCount":1,"samplingRate":"16kHz","audioPath":"/Mock/06.Design/Male/New/ckmk_q_ard_m_n_227570.wav"},"answer":{"fileFormat":"wav","fileSize":2605518,"duration":81420,"samplingBit":16,"channelCount":1,"samplingRate":"16kHz","audioPath":"/Mock/06.Design/Male/New/ckmk_a_ard_m_n_227570.wav"}}}