{"version":"1.0","dataSet":{"info":{"date":"20230116","occupation":"ARD","channel":"MOCK","place":"ONLINE","gender":"MALE","ageRange":"-34","experience":"NEW"},"question":{"raw":{"text":"지원자님께서 갖고 있는 사위 일 퍼센트의 능력이 있다면 그 능력에 대해 최대한 자세히 설명해 주시기 바랍니다","wordCount":16},"emotion":[],"intent":[]},"answer":{"raw":{"text":"제가 가진 상위 일 퍼센트 능력은 바로 체력이라고 생각됩니다. 저는 이전에 운동부 선수 생활을 했었는데 이 운동부 생활을 할 때에 에서도 저는 팀내에서 체력이 굉장히 좋은 편이었습니다. 따라서 저는 이러한 체력의 이점이 저는 모든 일을 하는 데 있어서 기반이 되기 때문에 저는 많은 이득이 있을 거라는 생각이 듭니다. 이러한 상위 일 퍼센트의 능력은 모든 일을 하는 데 있어서 굉장히 중요한 요소라고 생각이 듭니다. 저는 어 대학교 때도 하프 하프 마르톤에 나가서 입상을 하는 그러한 성적을 냈었습니다. 그리고 이러한 체력을 통해서 저는 공부도 무려 열 네 시간까지 한 적도 있었고 이러한 능력은 제가 업무를 하는 데 있어서도 야근 그리고 교번 근무라든지 뭐 그러한 긴급 대비 상황을 통해서 어 뭐 또 당직을 선다든지 이러한 것들을 하는 데 있어서 저의 이러한 상위 일 퍼센트의 체력은 정말로 좋은 이점이 될 것입니다. 때문에 이러한 체력적 강점이 있다고 말씀드릴 수 있겠습니다.","wordCount":135},"emotion":[{"text":"저는 어 대학교 때도 하프 하프 마르톤에 나가서 입상을 하는 그러한 성적을 냈었습니다.","expression":"u-fact","category":"neutral"}],"intent":[{"text":"저는 이전에 운동부 선수 생활을 했었는데 이 운동부 생활을 할 때에 에서도 저는 팀내에서 체력이 굉장히 좋은 편이었습니다.","expression":"c_private","category":"background"}],"summary":{"text":"상위 일 퍼센트의 능력은 업무 수행에 있어서 굉장히 중요한 요소입니다. 운동부 생활을 할 때에도 체력은 굉장히 좋은 편이었고 이러한 체력의 이점이 모든 일을 하는 데 있어서 기반이 되기 때문에 저는 많은 이득을 볼 수 있을 것입니다.","wordCount":36}}},"rawDataInfo":{"question":{"fileFormat":"wav","fileSize":368078,"duration":11500,"samplingBit":16,"channelCount":1,"samplingRate":"16kHz","audioPath":"/Mock/06.Design/Male/New/ckmk_q_ard_m_n_198428.wav"},"answer":{"fileFormat":"wav","fileSize":2768078,"duration":86500,"samplingBit":16,"channelCount":1,"samplingRate":"16kHz","audioPath":"/Mock/06.Design/Male/New/ckmk_a_ard_m_n_198428.wav"}}}