{"version":"1.0","dataSet":{"info":{"date":"20230116","occupation":"ARD","channel":"MOCK","place":"ONLINE","gender":"MALE","ageRange":"-34","experience":"NEW"},"question":{"raw":{"text":"지금 공부하고 있는 분야가 있나요 만약 있다면 왜 그것을 공부하고 계시는지 또한 지금까지 무엇을 배웠는지도 함께 말씀해 주세요","wordCount":18},"emotion":[],"intent":[]},"answer":{"raw":{"text":"네 지금 공부하는 분야는 색깔에 대해서 좀 공부를 하고 있습니다. 갑자기 웬 색깔이냐 라고 하셨을 때 이제 조금 당황을 하실 수도 있으시겠는데요. 어 색깔이라는 것은 이제 저희 사람이 보는 것에 있어서 가장 본질적인 것이라고 생각이 들기에 저는 지금 이 색조가 어떻게 하면 좀 더 매력적으로 자농차에 입혀질 수 있는지 어떤 디자인에 이런 색조가 더 잘 어울리는지 어떠한 설계에 어떠한 색조가 들어가야지 이 디자인을 조금 더 부각시켜 보일 수 있는지 이런 것들을 저는 지금 공부를 하고 있는 공부를 하고 있습니다. 이것을 통해서 제가 가지고 있는 설계적 능력과 이 색조의 능력이 가미해진다면 정말 커다란 시너지 효과를 낼 수 있다고 저는 생각이 들기 때문에 저는 지금 색깔 쪽으로 이 공부를 하고 있고 또 추가적으로는 영어 쪽으로도 좀 공부를 하고 있습니다. 영어 쪽으로 공부를 하는 이유는 해외에서 유명한 디자인에 대한 그 설계 도면을 볼 때 가끔씩 주석이 달려서 설명을 해주는 것이 있는데요. 그것들을 파악하고 이해하기 위해서는 영어 공부가 필수이기 때문입니다. 이상입니다. 감사합니다.","wordCount":148},"emotion":[],"intent":[{"text":"어 색깔이라는 것은 이제 저희 사람이 보는 것에 있어서 가장 본질적인 것이라고 생각이 들기에   저는 지금 이 색조가 어떻게 하면 좀 더 매력적으로 자농차에 입혀질 수 있는지 어떤 디자인에 이런 색조가 더 잘 어울리는지   어떠한 설계에 어떠한 색조가 들어가야지 이 디자인을 조금 더 부각시켜 보일 수 있는지 이런 것들을 저는 지금 공부를 하고 있는   공부를 하고 있습니다.","expression":"c_imp","category":"personality"}],"summary":{"text":"색깔이라는 것은 사람이 보는 것에 있어서 가장 본질적인 것이라고 생각되어 설계적 능력과 이 색조의 능력이 가미된다면 커다란 시너지 효과를 낼 수 있다고 생각되어 색깔 쪽과 영어 쪽으로도 좀 공부를 하고 있습니다.","wordCount":31}}},"rawDataInfo":{"question":{"fileFormat":"wav","fileSize":596558,"duration":18640,"samplingBit":16,"channelCount":1,"samplingRate":"16kHz","audioPath":"/Mock/06.Design/Male/New/ckmk_q_ard_m_n_185342.wav"},"answer":{"fileFormat":"wav","fileSize":2442958,"duration":76340,"samplingBit":16,"channelCount":1,"samplingRate":"16kHz","audioPath":"/Mock/06.Design/Male/New/ckmk_a_ard_m_n_185342.wav"}}}