{"version":"1.0","dataSet":{"info":{"date":"20230116","occupation":"ARD","channel":"MOCK","place":"ONLINE","gender":"MALE","ageRange":"-34","experience":"NEW"},"question":{"raw":{"text":"역사 속에서 가장 존경하는 인물은 누구인가요 또한 지원자님이 그 인물을 가장 존경하는 이유도 함께 말씀 부탁드립니다","wordCount":16},"emotion":[],"intent":[]},"answer":{"raw":{"text":"역사 속에서 가장 존경하는 인물을 말씀해 주시고 그 인물을 가장 존경하는 이유에 대해서도 말씀해 주세요 라고 이렇게 질문해 주셨는데요 어 저는 많은 분들을 존경하고 옛날 역사에게도 좋아하고 그러지만 저는 이순신 장군님을 굉장히 존경하고 좋아합니다. 그 이유는 무엇이냐면 터무니없는 싸움이라고 볼 수 있어요 이게 부딪쳐 보지는 않았지만 다른 사람이 보기에는 무조건 지는 싸움이다 배 열 두 척과 상대방 몇 만 척을 상대해야 되는 그런 상황에서 모두 다 벌벌 떨고 어 당연히 해보지는 않았지만 다 내 그렇게 생각하는 사람이 예측해서 많다고 생각을 했습니다. 하지만 이순신 장군은 해보지 않으면 모른다 일단은 부딪쳐 보자라는 생각으로 열두 척의 배로 일본 왜군에 몇 만 대에 달하는 그런 배들을 다 물리치고 우리 대한민국을 지금 지 조선을 지키셨는데요 그렇기 때문에 굉장히 어 감사하다고 느끼지만 우선 그런 용기가 있다는 것 자체에 굉장히 놀랍고 제가 원래 어 저도 대충 예측이 가거나 하기 싫은 일은 좀 꺼려하는 편입니다. 하지만 그런 이순신 장군님을 보고 그런 마음을 굉장히 멋있다고 느끼면서 저도 일단은 부딪쳐 보자 뭐 못하더라도 어 안 해본 것보다 낫지 않냐 약간 이런 생각으로 일단 부딪쳐서 어떻게 될지 모르기 때문에 그런 식으로 하면서 이 순신의 장군에 대한 굉장한 존경심이 있습니다.","wordCount":178},"emotion":[{"text":"역사 속에서 가장 존경하는 인물을 말씀해 주시고 그 인물을 가장 존경하는 이유에 대해서도 말씀해 주세요 라고 이렇게 질문해 주셨는데요 어 저는 많은 분들을 존경하고 옛날 역사에게도 좋아하고 그러지만 저는 이순신 장군님을 굉장히 존경하고 좋아합니다.","expression":"p-affection","category":"positive"},{"text":"하지만 그런 이순신 장군님을 보고 그런 마음을 굉장히 멋있다고 느끼면서 저도 일단은 부딪쳐 보자 뭐 못하더라도 어 안 해본 것보다 낫지 않냐 약간 이런 생각으로 일단 부딪쳐서 어떻게 될지 모르기 때문에 그런 식으로 하면서 이 순신의 장군에 대한 굉장한 존경심이 있습니다.","expression":"p-affection","category":"positive"}],"intent":[{"text":"","expression":"","category":"attitude"}],"summary":{"text":"역사 속 이순신 장군을 가장 존경하는 이유는 터무니없는 싸움이라 볼 수 있지만 이순신 장군은 해보지 않더라도 일단 부딪쳐 보자라는 생각으로 일본 왜군에 몇 만 대에 달하는 배들을 다 물리치고 우리 대한민국을 지켜냈기 때문입니다. 저는 예측이 가거나 하기 싫은 일은 좀 꺼려하는 편이지만 이순신 장군님을 보고 이순신 장군에 대한 존경심이 생겼습니다.","wordCount":50}}},"rawDataInfo":{"question":{"fileFormat":"wav","fileSize":608718,"duration":19020,"samplingBit":16,"channelCount":1,"samplingRate":"16kHz","audioPath":"/Mock/06.Design/Male/New/ckmk_q_ard_m_n_201650.wav"},"answer":{"fileFormat":"wav","fileSize":2782798,"duration":86960,"samplingBit":16,"channelCount":1,"samplingRate":"16kHz","audioPath":"/Mock/06.Design/Male/New/ckmk_a_ard_m_n_201650.wav"}}}