{"version":"1.0","dataSet":{"info":{"date":"20230116","occupation":"ARD","channel":"MOCK","place":"ONLINE","gender":"MALE","ageRange":"-34","experience":"NEW"},"question":{"raw":{"text":"사내 스터디를 만들어 공부할 수 있다면 지원자님께서는 어떤 것을 공부해 보고 싶으신가요 이유도 함께 말씀해 주시길 바랍니다","wordCount":17},"emotion":[],"intent":[]},"answer":{"raw":{"text":"네 저는 사내 스터디를 만들어서 공부할 수 있다면 저는 영어를 좀 더 집중적으로 공부 스터 공부를 하는 스터디 모임 만들고 싶습니다. 디자이너인데 왜 영어를 공부하냐 이렇게 생각을 하실 수도 있습니다. 하지만 저희 디자이너는 한 회사에서 일하는 것이 아닌 나중에 저희 회사가 해외로 뻗어나가게 했을 땐 뻗어나가게 됐을 땐 다양한 외국인 클라이언트와 만나서 대화를 진행할 수 있어야 됩니다. 그 과정에서 영어를 모르거나 제대로 용량을 제가 만드는 이 작품이 이 디자인 도안이 어떤 도안인지 영어로 원활하게 설명을 하지 못한다면 과연 그 클라이언트한테 신뢰를 줄 수가 있을까요. 저는 없을 거라고 생각을 합니다. 그렇기 때문에 어느 정도 수준급 이상의 영어 실력을 갖춰야지만 그 이 글로벌 시대에 해외 시장을 개척할 수 있는 성장력 원동력이 되고 또 앞으로의 제 디자인에 있어서도 상당한 상당한 커리어를 쌓아갈 수 있다고 생각하기에 저는 만약에 이제 스터디를 만들게 된다면 영어 스터디를 만들어서 적어도 중 상급 이상의 스터 영어 회화 스킬을 보유하게 할 수 있는 그런 스터디 그룹을 만들고 싶습니다. 이상입니다. 감사합니다.","wordCount":150},"emotion":[],"intent":[{"text":"","expression":"","category":"attitude"}],"summary":{"text":"영어 스터디 모임을 만들고 싶습니다. 해외로 뻗어나가게 됐을 때 외국 클라이언트와 만나서 대화를 진행할 수 있어야 합니다. 그렇기 때문에 글로벌 시대에 해외 시장을 개척할 수 있는 성장 원동력이 되고 제 디자인에 있어서도 커리어를 쌓을 수 있다고 생각합니다.","wordCount":37}}},"rawDataInfo":{"question":{"fileFormat":"wav","fileSize":393998,"duration":12310,"samplingBit":16,"channelCount":1,"samplingRate":"16kHz","audioPath":"/Mock/06.Design/Male/New/ckmk_q_ard_m_n_185256.wav"},"answer":{"fileFormat":"wav","fileSize":2458958,"duration":76840,"samplingBit":16,"channelCount":1,"samplingRate":"16kHz","audioPath":"/Mock/06.Design/Male/New/ckmk_a_ard_m_n_185256.wav"}}}