{"version":"1.0","dataSet":{"info":{"date":"20230116","occupation":"ARD","channel":"MOCK","place":"ONLINE","gender":"MALE","ageRange":"35-44","experience":"NEW"},"question":{"raw":{"text":"지원자님 역사 속에 가장 존경하는 인물을 말씀해 주시고 그 인물을 가장 존경하는 이유에 대해서도 설명과 말씀 부탁드립니다","wordCount":17},"emotion":[],"intent":[]},"answer":{"raw":{"text":"수많은 역사 속 인물들이 있지만 저는 그중에서도 가장 존경하는 인물은 이순신 장 장군입니다. 이순신 장군은 본인이 가진 능력뿐만 아니라 주변 사람들을 모두 최고의 능력을 뽐낼 수 있도록 지휘를 하셨습니다. 더군다나 본인의 사리사욕을 위한 삶이 아닌 오로지 나라를 위해 하겠다는 마음으로 본인의 위치에서 할 수 있는 최선의 역할을 하셨습니다. 평소 노력을 게을리하지 않았고 공부 또한 충실히 수행하였습니다. 자신의 삶의 목표가 있으면 반드시 이루기 위해 노력을 하셨던 그 자세 그리고 자신의 목표가 개인의 이익이 아닌 공익을 위해 헌신하셨던 그 마음 자세 그 모든 것들이 저는 너무나도 훌륭하게 느껴졌습니다. 뿐만 아니라 다른 사람의 온갖 음해와 질투 속에서도 그걸 모두 이겨내고 주어진 여건에 적응하여 최고의 결과를 이끌어내었다는 점에서 최고의 지휘관으로 저는 생각합니다. 그래서 저는 제가 어떤 일을 하던 어떤 삶을 살던 이 순신 장군 만큼의 삶을 산다고 노력을 하면 분명히 저는 성공할 수 있을 것이고 사회에서도 인정받을 수 있는 사람이 될 수 있을 것이라고 생각합니다. 그렇지만 무엇보다도 중요한 건 제 스스로 너무 뿌듯한 삶을 살 것 같다고 생각합니다.","wordCount":154},"emotion":[],"intent":[{"text":"","expression":"","category":"attitude"}],"summary":{"text":"이순신 장군은 본인의 사리사욕을 위한 삶이 아닌 나라를 위해 하겠다는 마음으로 본인의 위치에서 할 수 있는 최선의 역할을 하였습니다. 다른 사람의 온갖 음해와 질투 속에서도 그것을 모두 이겨내고 주어진 여건에 적응하여 최고의 결과를 이끌어냈다는 점에서 최고의 지휘관으로 생각합니다.","wordCount":38}}},"rawDataInfo":{"question":{"fileFormat":"wav","fileSize":391118,"duration":12220,"samplingBit":16,"channelCount":1,"samplingRate":"16kHz","audioPath":"/Mock/06.Design/Male/New/ckmk_q_ard_m_n_189203.wav"},"answer":{"fileFormat":"wav","fileSize":2737998,"duration":85560,"samplingBit":16,"channelCount":1,"samplingRate":"16kHz","audioPath":"/Mock/06.Design/Male/New/ckmk_a_ard_m_n_189203.wav"}}}