{"version":"1.0","dataSet":{"info":{"date":"20230116","occupation":"ARD","channel":"MOCK","place":"ONLINE","gender":"MALE","ageRange":"-34","experience":"NEW"},"question":{"raw":{"text":"아이패드 맥복 에어팟 제트플립 등과 같이 시장에서 관심을 받는 이런 제품들의 특징이 무엇일지 본인의 생각을 말씀해 주세요","wordCount":17},"emotion":[],"intent":[]},"answer":{"raw":{"text":"해당 제품의 가장 큰 특징은 바로 디자인이라고 생각합니다. 그리고 디자인을 선보이는 데 있어서 뒷받침되는 성능이 또 중요한 요소로서 는 작용을 한다고 생각합니다. 먼저 애플의 제품 같은 경우에는 기존에도 성능을 겸비한 예쁜 디자인으로 이제 많은 사랑들을 받아왔습니다. 하지만 갤럭시 삼성 제품 같은 경우에는 상대적으로 조금 젊은층의 세대들에 있어서는 어 조금 그 디자인적으로는 그렇게 큰 사랑을 못 받았었는데 이번에 제트 플립과 같이 이렇게 좀 심박한 기능성과 그리고 뿐만 아니라 무엇보다도 디자인 또 최근에 레트로 열풍이 일으켰는데 그러한 시기와 잘 맞물려서 이 제트 플립이 시장에서 큰 인기를 얻을 수 있었다고 저는 생각을 합니다. 저는 아이폰을 쓰는 사람은 항상 아이폰만 쓰는 것을 봤는데 이 번에 제트 플립을 제트 플립으로 아이픈 유저가 갈아타는 모습을 많이 보았습니다. 그러한 특징들이 있습니다.","wordCount":114},"emotion":[],"intent":[{"text":"","expression":"","category":"attitude"}],"summary":{"text":"해당 제품의 가장 큰 특징은 심박한 기능성과 디자인으로 최근 레트로 열풍과 잘 맞물려 제트 플립처럼 시장에서 큰 인기를 얻을 수 있었다고 생각합니다.","wordCount":22}}},"rawDataInfo":{"question":{"fileFormat":"wav","fileSize":477518,"duration":14920,"samplingBit":16,"channelCount":1,"samplingRate":"16kHz","audioPath":"/Mock/06.Design/Male/New/ckmk_q_ard_m_n_188935.wav"},"answer":{"fileFormat":"wav","fileSize":2857998,"duration":89310,"samplingBit":16,"channelCount":1,"samplingRate":"16kHz","audioPath":"/Mock/06.Design/Male/New/ckmk_a_ard_m_n_188935.wav"}}}