{"version":"1.0","dataSet":{"info":{"date":"20230116","occupation":"ARD","channel":"MOCK","place":"ONLINE","gender":"MALE","ageRange":"-34","experience":"NEW"},"question":{"raw":{"text":"지원자님께서 그리는 자신에 노년의 모습은 어떤 것이 있습니까 이성적인 노년의 모습이 있으시다면 어 자세히 한 번 말씀해 주세요","wordCount":18},"emotion":[],"intent":[]},"answer":{"raw":{"text":"어 제가 생각하는 그리고 제가 원하는 저의 노년의 모습은 좀 여유로운 모습이었으면 좋겠습니다. 물론 다들 어 상상하는 것은 이제 여유로운 노년을 꿈꾸지만 어 이제 저 또한 그러한 좀 여유로운 노년 생활을 보내고 싶은데요. 그렇기 위해서는 어 좀 경제적인 여유가 우선적으로 가장 뒷받침되어야 될 것 같습니다. 어 노년에는 아무래도 근로 소득으로 인한 쪼끔 어떤 그런 소득을 얻기 힘들기 때문에 어 좀 근로를 하지 않아도 얻을 수 있는 불로 소득에 대한 대책을 마련을 해 놓는다던가 아니면 좀 근로를 하지 않아도 될 만큼의 좀 여유로운 자본 상황을 미리 만들어 놓는 것이 가장 중요한 것 같습니다. 그렇기 위해서는 이제 어 노년에 다다르기 이전에 어 어떠한 철저한 자산 관리법이 가장 중요한 것 같습니다. 어 따라서 어 좀 이상적인 어떤 경제적으로도 여유롭고 심적으로도 여유로운 노년의 모습을 보내고 싶기 때문에 좀 미리미리 준비를 잘 하는 것이 중요할 것 같습니다.","wordCount":132},"emotion":[],"intent":[{"text":"","expression":"","category":"attitude"}],"summary":{"text":"노년에 다다르기 전에 어떤 철저한 자산 관리법이 가장 중요한 것 같습니다. 경제적으로도 여유롭고 심적으로도 여유로운 노년의 모습을 보내고 싶기 때문에 좀 미리 미리 준비를 잘 하는 것이 중요하다고 생각합니다.","wordCount":29}}},"rawDataInfo":{"question":{"fileFormat":"wav","fileSize":445198,"duration":13910,"samplingBit":16,"channelCount":1,"samplingRate":"16kHz","audioPath":"/Mock/06.Design/Male/New/ckmk_q_ard_m_n_219821.wav"},"answer":{"fileFormat":"wav","fileSize":2354638,"duration":73580,"samplingBit":16,"channelCount":1,"samplingRate":"16kHz","audioPath":"/Mock/06.Design/Male/New/ckmk_a_ard_m_n_219821.wav"}}}