{"version":"1.0","dataSet":{"info":{"date":"20230116","occupation":"ARD","channel":"MOCK","place":"ONLINE","gender":"MALE","ageRange":"-34","experience":"NEW"},"question":{"raw":{"text":"일상에서 유엑스를 경험한 적이 있으신가요 그 경험을 말씀해 주세요","wordCount":9},"emotion":[],"intent":[]},"answer":{"raw":{"text":"저는 먼저 애플 제품을 이용하면서 가장 사용 경험이 인상 깊었던 것은 일단 연동성에서 정말로 이것이 말도 안 될 정도로 신속하고 빠르고 그리고 직관적이다 라는 것을 느꼈습니다. 일단 애플은 소프트웨어 그리고 유아이 유엑스 부문에 있어서 굉장히 디테일하다고 소문이 나 있는데 이제 예를 들어서 에어 팟을 연결하게 된다면 에어 팟에 실물 모양이 화면에 나타나게 되고 그리고 이번에 특히 새로 출시한 아이폰 십 사 프로를 봄게 되면은 그동안의 핸드폰의 단점으로 여겨졌던 펀치올을 또 무슨 아일랜드 노치 아일랜드인가 뭐 그런 거를 해 가지고 오히려 단점을 활용하여 그렇게 디자인 적으로 애니메이션으로 구현을 했던 게 저는 정말로 인상 깊었던 경험이었습니다.","wordCount":94},"emotion":[],"intent":[{"text":"","expression":"","category":"attitude"}],"summary":{"text":"아이폰을 사용하면서 가장 인상 깊었던 것은 연동성입니다. 애플은 소프트웨어와 유아이 유엑스 부문에서 디테일하다고 소문났습니다. 아이폰 십 사 프로를 사용하면서 아이폰의 단점을 활용하여 디자인적으로 애니메이션으로 구현한 것이 인상 깊었습니다.","wordCount":28}}},"rawDataInfo":{"question":{"fileFormat":"wav","fileSize":257358,"duration":8039,"samplingBit":16,"channelCount":1,"samplingRate":"16kHz","audioPath":"/Mock/06.Design/Male/New/ckmk_q_ard_m_n_188934.wav"},"answer":{"fileFormat":"wav","fileSize":2789518,"duration":87170,"samplingBit":16,"channelCount":1,"samplingRate":"16kHz","audioPath":"/Mock/06.Design/Male/New/ckmk_a_ard_m_n_188934.wav"}}}