{"version":"1.0","dataSet":{"info":{"date":"20230116","occupation":"ARD","channel":"MOCK","place":"ONLINE","gender":"MALE","ageRange":"35-44","experience":"NEW"},"question":{"raw":{"text":"현재 따로 공부 중인 것이 있나요 있다면 어떤 공부를 하고 있으며 왜 하는지 궁금합니다","wordCount":14},"emotion":[],"intent":[]},"answer":{"raw":{"text":"저는 영어 공부를 하고 있습니다. 왜냐하면 제가 뭐 영어 회화를 한다거나 어 전문적인 어떤 의사소통을 위한 영어 공부라기보다는 제가 아까도 말씀드렸다시피 방송이나 이런 기술적인 부분에 대한 공부를 진행을 하고 있다라고 말씀을 드렸습니다. 그런데 아시다시피 뭐 파악해 본 결과 한글로 된 어떤 것 보다는 용어 자체가 영어로 된 용어가 굉장히 많았습니다. 그 표현을 제대로 이해하고 정확하게 파악하기 위해서는 영어 공부를 해야 될 필요성을 절실히 느꼈습니다. 흔한 용어조차 영어로 구성이 되어 있기 때문에 그 맥락을 정확히 이해하고 장비의 특성을 파악하고 공부하기 위해서는 영어 공부가 필수적이었다는 것을 느꼈기 때문에 영어 공부를 하고 있습니다. 음 그렇다고 해서 그것만 딱 공부하게 되면은 너무 지엽적으로 단어만 외우게 되는 형태가 될 것 같애서 하는 김에 같이 어 다른 분들과 대화도 할 수 있게끔 하는 영어 공부를 꾸준히 진행을 해 왔고 음 조만간 결실도 맺을 수 있을 거라고 생각을 합니다. 어 영어를 기본적으로 하게 되면은 어 큰 도움이 될 거고 회사에도 큰 기여를 할 수 있을 것 같기도 하고요. 그다음에 제가 살아가는 데 있어서 큰 도움이 될 수 있다고 당연히 생각을 합니다.","wordCount":164},"emotion":[{"text":"흔한 용어조차 영어로 구성이 되어 있기 때문에 그 맥락을 정확히 이해하고 장비의 특성을 파악하고 공부하기 위해서는 영어 공부가 필수적이었다는 것을 느꼈기 때문에 영어 공부를 하고 있습니다.","expression":"u-fact","category":"neutral"}],"intent":[{"text":"","expression":"","category":"attitude"}],"summary":{"text":"방송이나 기술적인 부분은 용어조차 영어로 구성되어 있기 때문에 그 맥락을 정확히 이해하고 장비의 특성을 파악하기 위해서는 영어 공부가 필수적입니다. 영어를 기본적으로 하게 되면은 회사에도 큰 기여를 할 수 있을 것 같습니다. 그리고 제가 살아가는 데 있어서 큰 도움이 될 수 있다고 생각합니다.","wordCount":42}}},"rawDataInfo":{"question":{"fileFormat":"wav","fileSize":297678,"duration":9300,"samplingBit":16,"channelCount":1,"samplingRate":"16kHz","audioPath":"/Mock/06.Design/Male/New/ckmk_q_ard_m_n_183669.wav"},"answer":{"fileFormat":"wav","fileSize":2758478,"duration":86200,"samplingBit":16,"channelCount":1,"samplingRate":"16kHz","audioPath":"/Mock/06.Design/Male/New/ckmk_a_ard_m_n_183669.wav"}}}