{"version":"1.0","dataSet":{"info":{"date":"20230116","occupation":"ARD","channel":"MOCK","place":"ONLINE","gender":"MALE","ageRange":"-34","experience":"NEW"},"question":{"raw":{"text":"커뮤니케이션을 잘 할 수 있는 지원자님만의 스킬이 있다면 한번 소개해 주시겠어요 직접 시연해 주셔도 좋습니다","wordCount":15},"emotion":[],"intent":[]},"answer":{"raw":{"text":"저는 커뮤니케이션을 잘 할 수 있는 스킬 중 어 보통은 말하기가 중요하다고 생각하는데 저는 말하기 만큼 듣기 능력을 되게 중요하게 생각합니다. 커뮤니케이션 능력이라는 것은 결국 상호 작용을 전제로 하는데 따라서 이해 관계자들이 서로 자기 말만 하고 들으려고 하지 않는다면 커뮤니케이션이 이루어지지 않는 것과 마찬가지라고 생각합니다. 그래서 조별 과제에서 자신의 의견을 주장하는 사람이 많아 그 사이에서 의견을 조율한 경험이 있거나 팀원들의 의견을 전부 기록해 요약 정리해서 알려주는 것도 커뮤니케이션 능력 중 하나라고 생각합니다. 그리고 액션보다 더 중요한 것은 리액션인데 내가 꼭 말을 하지 않더라도 듣는 경험이 있다면 충분히 훌륭한 커뮤니케이션 경험이라고 생각합니다.","wordCount":91},"emotion":[],"intent":[{"text":"","expression":"","category":"attitude"}],"summary":{"text":"커뮤니케이션은 상호 작용을 전제로 하므로 조별 과제에서 자신의 의견을 주장하는 사람이 많아 그 사이에서 의견을 조율한 경험이 있거나 팀원들의 의견을 전부 기록해 요약 정리해서 알려주는 것도 커뮤니케이션 능력 중 하나라고 생각합니다.","wordCount":31}}},"rawDataInfo":{"question":{"fileFormat":"wav","fileSize":389838,"duration":12180,"samplingBit":16,"channelCount":1,"samplingRate":"16kHz","audioPath":"/Mock/06.Design/Male/New/ckmk_q_ard_m_n_185172.wav"},"answer":{"fileFormat":"wav","fileSize":1961678,"duration":61300,"samplingBit":16,"channelCount":1,"samplingRate":"16kHz","audioPath":"/Mock/06.Design/Male/New/ckmk_a_ard_m_n_185172.wav"}}}