{"version":"1.0","dataSet":{"info":{"date":"20230116","occupation":"ARD","channel":"MOCK","place":"ONLINE","gender":"MALE","ageRange":"-34","experience":"NEW"},"question":{"raw":{"text":"어 상사가 업무와 무관한 업무를 시키게 되는 경우도 있을 수 있는데 어 해당 업무를 잘 수행할 수 있을지 궁금합니다 그리고 수행하지 않을 것인지도 궁금합니다","wordCount":24},"emotion":[],"intent":[]},"answer":{"raw":{"text":"만약 해당 업무가 객관적으로 회사의 업무 규정이나 사회적 윤리에서 벗어나지 않는다면 저는 제시에 따라야 한다고 생각합니다. 제가 미처 생각 못한 이유가 있을 수도 있기 때문입니다. 하지만 동일한 일이 반복된다면 충분히 수행한 후에 조심스럽게 다른 방법을 제시해 보겠습니다. 그럼에도 변화할 수 없는 것이라면 상사께서도 보수적인 설명이 있으시거나 별도의 지시가 있으실 것이라고 생각합니다. 하지만 회사의 업무 규정이나 윤리상 어긋나는 일이라면 그대로 따르지 않고 회사의 입장에서 문제가 될 수 있는 일임을 말씀드리겠습니다.","wordCount":69},"emotion":[],"intent":[{"text":"","expression":"","category":"attitude"}],"summary":{"text":"만약 해당 업무가 객관적으로 회사의 업무 규정이나 사회적 윤리에서 벗어나지 않는다면 제시에 따라야 합니다. 만약 동일한 일이 반복된다면 충분히 수행한 후에 다른 방법을 제시해 보겠습니다.","wordCount":25}}},"rawDataInfo":{"question":{"fileFormat":"wav","fileSize":440398,"duration":13760,"samplingBit":16,"channelCount":1,"samplingRate":"16kHz","audioPath":"/Mock/06.Design/Male/New/ckmk_q_ard_m_n_185024.wav"},"answer":{"fileFormat":"wav","fileSize":1740878,"duration":54400,"samplingBit":16,"channelCount":1,"samplingRate":"16kHz","audioPath":"/Mock/06.Design/Male/New/ckmk_a_ard_m_n_185024.wav"}}}