{"version":"1.0","dataSet":{"info":{"date":"20230116","occupation":"ARD","channel":"MOCK","place":"ONLINE","gender":"MALE","ageRange":"-34","experience":"NEW"},"question":{"raw":{"text":"지원자님이 디자인으로서 가지고 있는 목표나 계획이 있나요 있다면 어떤 것이 있는지 그것에 대해서 설명해 주시기 바랍니다","wordCount":16},"emotion":[],"intent":[]},"answer":{"raw":{"text":"저는 디자이너로서 가지고 있는 앞으로의 저만의 목표가 있는데요. 이는 이제 디자이너로서 가지는 저만의 목표일 뿐만 아니라 어 디자이너뿐만 아니라 이제 다른 업에 어 근무하고 있는 모든 사람들이 각자 자신만의 어 앞으로의 목표를 설정을 하고 그에 맞는 업무를 하고 있을 것으로 생각이 됩니다. 일단 디자이너로서 제가 특별하게 가지고 있는 목표는 어 저만의 좀 디자인 프로세스를 구축을 하고 어 이것을 이제 사람들에게 인정받을 수 있도록 어 그렇게 좀 좋은 결과물을 만들어내는 것이 저만의 목표입니다. 어 이 디자이너의 세계에서는 어 자신만의 독특한 그러한 어 세계 이런 것들이 중요하다고 생각을 하는데 이것이 인정을 받으려면 어 사람들에게 많이 소비되는 그러한 어 좋은 결과물이 우선적으로 나와야 한다고 생각합니다. 어 따라서 저는 디자이너로서 저만의 세계를 구축하고 이것을 사람들에게 선보여서 좀 인정받을 수 있는 그러한 목표를 가지고 있습니다.","wordCount":120},"emotion":[],"intent":[{"text":"일단 디자이너로서 제가 특별하게 가지고 있는 목표는 어 저만의 좀 디자인 프로세스를 구축을 하고 어 이것을 이제 사람들에게 인정받을 수 있도록 어 그렇게 좀 좋은 결과물을 만들어내는 것이 저만의 목표입니다.","expression":"d_brand_pref","category":"technology"}],"summary":{"text":"디자인 프로세스를 구축하고 사람들에게 인정받을 수 있는 좋은 결과물을 만들어내는 것이 저만의 목표입니다. 사람들에게 많이 소비되는 좋은 결과물이 우선적으로 나와야 한다고 생각하는데, 그렇게 해서 제가 디자이너로서 자부심을 가지고 업무에 임할 수 있을 것입니다.","wordCount":33}}},"rawDataInfo":{"question":{"fileFormat":"wav","fileSize":442318,"duration":13820,"samplingBit":16,"channelCount":1,"samplingRate":"16kHz","audioPath":"/Mock/06.Design/Male/New/ckmk_q_ard_m_n_219084.wav"},"answer":{"fileFormat":"wav","fileSize":2628238,"duration":82130,"samplingBit":16,"channelCount":1,"samplingRate":"16kHz","audioPath":"/Mock/06.Design/Male/New/ckmk_a_ard_m_n_219084.wav"}}}