{"version":"1.0","dataSet":{"info":{"date":"20230116","occupation":"ARD","channel":"MOCK","place":"ONLINE","gender":"MALE","ageRange":"-34","experience":"NEW"},"question":{"raw":{"text":"지원자분 본인이 생각하는 장단점 말고 다른 사람들이 지원자 분을 볼 때 장단점을 뭐라고 생각하는지에 대해서 이야기해 주시면 좋겠습니다 그 이유까지도 함께 이야기해 주세요","wordCount":23},"emotion":[],"intent":[]},"answer":{"raw":{"text":"저에 장점은 비교적 감사함을 아는 편이라고 합니다. 저는 조금씩 사소한 일에도 감사함을 되속 되새겨 보는 편이기도 합니다. 예전 어느 인기 예능 프로그램에서 내가 받은 선물 중에 가장 쓸모없는 선물은 이라는 주제로 이야기를 나누었던 적이 있는데 아무리 작은 선물이라도 악으가 없다면 모든 선물은 감사한 것이라고 생각합니다. 상대방이 나를 위하고 생각하는 것은 감사한 일이기 때문입니다. 그리고 제가 잘 하는 말은 감사합니다 라는 말입니다. 그런데 조금은 요즘 성식적으로 감사하다는 표현을 하는 것 같아서 고민이었는데 더욱 진심을 느낄 수 있도록 상대방의 마음을 생각하고 발전시키려 노력하는 중입니다. 그리고 다른 사람이 생각하는 저의 단점은 실수를 하였을 때 남들보다 크게 걱정하는 것입니다. 미리 걱정한다고 해결될 일도 아닌데 앞서서 걱정을 하는 경우가 종종 있어 지적을 받고는 했습니다. 그렇기 때문에 저의 꼼꼼한 성격으로 실수를 최소화하기 위해서 한 번 더 검토하는 편이고 혹시라도 한 번 더 실수를 저지 되게 되면 해당 실수는 다시 하지 않으려고 노력을 하는 편입니다.","wordCount":138},"emotion":[],"intent":[{"text":"그렇기 때문에 저의 꼼꼼한 성격으로 실수를 최소화하기 위해서 한 번 더 검토하는 편이고   혹시라도 한 번 더 실수를 저지 되게 되면 해당 실수는 다시 하지 않으려고   노력을 하는 편입니다.","expression":"c_person","category":"background"}],"summary":{"text":"저는 사소한 일에도 감사함을 되새겨보는 편인데, 상대방이 나를 위하고 생각하는 것은 감사한 일이기 때문입니다. 또한 저는 실수를 하였을 때 남들보다 크게 걱정하는 단점을 가지고 있어서 실수를 최소화하기 위해 한번 더 검토하는 편입니다.","wordCount":32}}},"rawDataInfo":{"question":{"fileFormat":"wav","fileSize":600078,"duration":18750,"samplingBit":16,"channelCount":1,"samplingRate":"16kHz","audioPath":"/Mock/06.Design/Male/New/ckmk_q_ard_m_n_177958.wav"},"answer":{"fileFormat":"wav","fileSize":2895758,"duration":90490,"samplingBit":16,"channelCount":1,"samplingRate":"16kHz","audioPath":"/Mock/06.Design/Male/New/ckmk_a_ard_m_n_177958.wav"}}}