{"version":"1.0","dataSet":{"info":{"date":"20230116","occupation":"ARD","channel":"MOCK","place":"ONLINE","gender":"MALE","ageRange":"-34","experience":"NEW"},"question":{"raw":{"text":"일을 하게 되신다면 협업을 할 일이 많이 생길 수 있습니다 이전 직장에서나 대학에서 협업을 하실 때 지원자님이 겪었던 어려운 점이 없으셨는지 궁금합니다","wordCount":22},"emotion":[],"intent":[]},"answer":{"raw":{"text":"기본적으로 협업에서 나의 내가 혼자서 이 문제를 다 해결할 것이다 라는 그런 마인드만 없으면은 협업에서는 어떤 문제도 발생되지 않을 것이라고 자부하고 있습니다. 네 협업에서 항상 문제가 생기는 것들이 제 경험에서 이렇게 되짚어 보면 다 자기가 맞다 이게 맞다 이렇게 해야 된다 무조건 해 이렇게 해야 된다 라는 그런 강력한 자기주장 그런 강력한 자기주장이 협업을 가로막는 아주 큰 장애물이었다는 것을 좀 돌아보면 많이 그렇게 생각이 됩니다. 근데 저는 제가 기본적으로 많이 알고 있는 것이 없거든요. 저는 항상 제가 부족한 사람이라고 생각을 합니다. 부족한 사람이기 때문에 항상 이렇게 배우려는 자세 아 나는 완벽하지 않으니까 저 사람 말을 들어야 된다 라는 이런 자신감 없는 이 아니라 어떤 조금 더 이렇게 수용하려는 태도 그런 태도를 갖다 보니까 저는 항상 그런 자기 주장을 강력하게 요구하는 사람들과는 항상 반대편에 있었었습니다. 그런 사람들과 항상 반대편에 있었기 때문에 저로 인해서 어려웠던 적은 없었습니다. 다 그 사람들 문제였지.","wordCount":139},"emotion":[],"intent":[{"text":"","expression":"","category":"attitude"}],"summary":{"text":"협업에서 문제가 생기는 것들은 강력한 자기주장이 협업을 가로막는 장애물이었다는 것을 돌아보면 많이 생각합니다. 저는 배우려는 자세, 수용하려는 태도를 갖고 보니 자기 주장을 강하게 요구하는 사람들과는 항상 반대편에 있었고, 저로 인해서 어려웠던 적은 없었습니다. 다 그 사람들 문제였습니다.","wordCount":37}}},"rawDataInfo":{"question":{"fileFormat":"wav","fileSize":569678,"duration":17800,"samplingBit":16,"channelCount":1,"samplingRate":"16kHz","audioPath":"/Mock/06.Design/Male/New/ckmk_q_ard_m_n_186832.wav"},"answer":{"fileFormat":"wav","fileSize":2749518,"duration":85920,"samplingBit":16,"channelCount":1,"samplingRate":"16kHz","audioPath":"/Mock/06.Design/Male/New/ckmk_a_ard_m_n_186832.wav"}}}