{"version":"1.0","dataSet":{"info":{"date":"20230116","occupation":"ARD","channel":"MOCK","place":"ONLINE","gender":"MALE","ageRange":"-34","experience":"NEW"},"question":{"raw":{"text":"어 이 면접에서 최종 탈락 하게 되실 수도 있는데요 어 그렇게 된다면 이제 본인이 생각하기에 본인의 어떤 점이 부족해서 최종 탈락했다고 생각을 하실 건가요","wordCount":24},"emotion":[],"intent":[]},"answer":{"raw":{"text":"제가 이 면접에서 최종 탈락을 하게 된다면 음 저의 짧은 시간 안에 저의 저를 전부 보여주지 못해서 탈락을 했다고 생각을 하게 될 것 같습니다. 아무래도 짧은 시간 안에 저의 역량을 전부 보여줄 수가 없기 때문에 그런 점에서 내 모습을 백 퍼센트 보여주지 못했다 라고 생각을 할 것 같습니다. 이상입니다.","wordCount":49},"emotion":[],"intent":[{"text":"","expression":"","category":"attitude"}],"summary":{"text":"이 면접에서 최종 탈락하게 된다면 짧은 시간 안에 제 역량을 전부 보여줄 수 없기 때문에 내 모습을 백 퍼센트 보여주지 못했다 라고 생각 할 것 같습니다.","wordCount":26}}},"rawDataInfo":{"question":{"fileFormat":"wav","fileSize":446478,"duration":13950,"samplingBit":16,"channelCount":1,"samplingRate":"16kHz","audioPath":"/Mock/06.Design/Male/New/ckmk_q_ard_m_n_244345.wav"},"answer":{"fileFormat":"wav","fileSize":1283918,"duration":40120,"samplingBit":16,"channelCount":1,"samplingRate":"16kHz","audioPath":"/Mock/06.Design/Male/New/ckmk_a_ard_m_n_244345.wav"}}}