{"version":"1.0","dataSet":{"info":{"date":"20230116","occupation":"ARD","channel":"MOCK","place":"ONLINE","gender":"MALE","ageRange":"-34","experience":"NEW"},"question":{"raw":{"text":"만약 지원자님께서 이 면접에서 최종 탈락하게 되신다면 어떤 점이 부족해서 탈락했다고 생각하실 건가요","wordCount":13},"emotion":[],"intent":[]},"answer":{"raw":{"text":"탈락하면 어떡하시겠으며 어떤 생각을 할 것 같냐 라는 질문도 해 주시네요. 아 글쎄요. 저는 엄청 노력해 왔다고 생각을 해서 솔직히 말씀드리면 굉장히 서운하겠죠. 이렇게까지 제가 면접관님들과 그런 방금 오갔던 우리 대화들이 다 그냥 진심이 아니었다고 느껴질 것 같애요. 뭐 방금 칭찬해 주셨던 어떤 그런 부분들도 뭐 관심을 보여 주셨던 어떤 그런 질문들도 아 이 사람들도 어쩔 수 없이 일을 일을 하시는 입장이시니까 저렇게 질문을 하셨지 제 포트폴리오를 보고서 진심으로 저렇게 질문을 해 주신 것은 아니구나 라는 그런 상처를 안 받을 수 있을까요. 입장을 바꿔 보신다고 생각을 해 보시면 이 자리에서 제가 했던 말들을 면접관님들께서 하셨다고 생각을 하시며는 이렇게 말을 했는데도 탈락을 한다고 하면은 뭐 이성적으로 왜 탈락했는지 파악하 하는 데까지는 시간이 많이 걸리겠죠. 시간이 많이 걸리겠지만 일단은 너무 서운할 것 같습니다. 그리고 나서 왜 떨어졌는지는 나중에 생각을 할 수 있겠죠.","wordCount":130},"emotion":[],"intent":[{"text":"","expression":"","category":"attitude"}],"summary":{"text":"이 자리에서 탈락을 한다고 하면 이성적으로 왜 탈락했는지 파악하는데까지는 시간이 많이 걸리겠지만 일단 너무 아쉽고 서운할 것 같습니다. 왜 떨어졌는지는 나중에 생각을 할 수 있을 것 같습니다.","wordCount":27}}},"rawDataInfo":{"question":{"fileFormat":"wav","fileSize":353998,"duration":11060,"samplingBit":16,"channelCount":1,"samplingRate":"16kHz","audioPath":"/Mock/06.Design/Male/New/ckmk_q_ard_m_n_198681.wav"},"answer":{"fileFormat":"wav","fileSize":2703438,"duration":84480,"samplingBit":16,"channelCount":1,"samplingRate":"16kHz","audioPath":"/Mock/06.Design/Male/New/ckmk_a_ard_m_n_198681.wav"}}}