{"version":"1.0","dataSet":{"info":{"date":"20230116","occupation":"ARD","channel":"MOCK","place":"ONLINE","gender":"MALE","ageRange":"-34","experience":"NEW"},"question":{"raw":{"text":"스트레스를 받으면 어떻게 하시는지 왜 그런 방법으로 스트레스를 해소하시는지 지원자님만의 특별한 이유를 말씀해 주실 수 있을까요","wordCount":16},"emotion":[],"intent":[]},"answer":{"raw":{"text":"저는 스트레스를 받을 때마다 자전거를 탑니다. 일단 현대 사회에서 발생하는 대부분의 스트레스는 인간관계로부터 오는 것입니다 때문에 저는 인간관계를 잠시나마 벗어날 수만 있다면 그것이 스트레스 하나의 해소 방법이라고 저는 생각을 하기 때문에 자전거를 탈 때 이제 오로지 휴대폰은 집에 놔두고 그리고 오로지 몸과 자전거만 들고 나온 채 집 주변 자전거 도로에서 자전거를 탑니다. 이 휴대폰을 놔두고 오는 이유는 이제 심리적으로 이제 인간관계와 단절되었다 라는 느낌을 받을 수도 있고 그리고 뿐만 아니라 자전거를 타게 되면은 오로지 눈 앞에 보이는 자전거 도로와 그리고 몸으로 부딪치는 바람만 이제 집중을 할 수 있기 때문에 그러한 부분에 있어서 어 스트레스가 해소가 되고 그러고 또한 무엇보다 몸이 건강해야지 마음이 건강한 것처럼 몸이 건강하기 위해서 자전거를 또 타는 그러한 효과도 있습니다. 따라서 이러한 이 건강도 챙기면서 스트레스도 해소하는 방법으로 자전거 타는 것을 선택하였습니다.","wordCount":125},"emotion":[],"intent":[{"text":"","expression":"","category":"attitude"}],"summary":{"text":"저는 현대 사회에서 발생하는 스트레스는 인간관계로부터 오는 것이라고 생각하여 휴대폰은 집에두고 오로지 몸과 자전거만 들고 나온 채 집 주변 자전거 도로에서 자전거를 탑니다. 건강도 챙기면서 스트레스도 해소하는 방법으로 자전거 타는 것을 선택하였습니다.","wordCount":32}}},"rawDataInfo":{"question":{"fileFormat":"wav","fileSize":565198,"duration":17660,"samplingBit":16,"channelCount":1,"samplingRate":"16kHz","audioPath":"/Mock/06.Design/Male/New/ckmk_q_ard_m_n_194953.wav"},"answer":{"fileFormat":"wav","fileSize":2732558,"duration":85390,"samplingBit":16,"channelCount":1,"samplingRate":"16kHz","audioPath":"/Mock/06.Design/Male/New/ckmk_a_ard_m_n_194953.wav"}}}