{"version":"1.0","dataSet":{"info":{"date":"20230116","occupation":"ARD","channel":"MOCK","place":"ONLINE","gender":"MALE","ageRange":"35-44","experience":"NEW"},"question":{"raw":{"text":"지원자님께서는 본인 스스로 숫자와 창의 중 어떤 것에 더 가깝다고 생각하십니까 이유와 함께 말씀해 주세요","wordCount":15},"emotion":[],"intent":[]},"answer":{"raw":{"text":"저는 숫자와 창의 중의 하나를 더 가깝게 생각하냐고 물으신다면 저는 창의라고 생각을 합니다. 저는 굉장히 창의적인 사람입니다. 같은 같은 것을 보더라도 다양한 각도로 보기를 바래왔고 다른 사람들이 말하는 보편적인 가치를 보기보다는 조금 더 다른 조금 더 개성 있는 것을 보는 것을 더 즐거워하였습니다. 숫자를 보더라도 같은 일이어도 여러 가지 의미가 있을 수 있다고 생각을 합니다. 저는 그 다양한 의미를 바라보는 것을 좋아했습니다. 그래서 숫자와 창의 중의 하나를 저의 모습을 표현하라고 한다면 저는 당연히 창의라고 하겠습니다. 제 이름에도 창자가 들어가지 않습니까. 죄송합니다. 그래서 저는 창의적인 것이야말로 이 세상을 구성하는 가장 이 세상을 발전시키는 가장 큰 요소라고 생각합니다. 숫자는 그 다음에 따라오는 것이라고 생각을 합니다. 창의적인 발상 창의적인 행동 창의적인 생각 창의적인 느낌 여러 가지 것들을 것들로 아이디어를 만들어내고 그 아이디어를 구체화시키는 게 숫자라고 생각을 합니다. 두 가지는 양립을 해야 되겠지만 발전을 위해서라면 창의가 더 중요한 요소라고 생각을 합니다. 하지만 지켜야 한다면 숫자가 더 중요하겠죠. 그래서 저는 창의라고 생각을 합니다.","wordCount":148},"emotion":[{"text":"같은 같은 것을 보더라도 다양한 각도로 보기를 바래왔고 다른 사람들이 말하는 보편적인 가치를 보기보다는 조금 더 다른 조금 더 개성 있는 것을 보는 것을 더 즐거워하였습니다.","expression":"p-happiness","category":"positive"}],"intent":[{"text":"그래서 저는 창의적인 것이야말로 이 세상을 구성하는 가장 이 세상을 발전시키는 가장 큰 요소라고 생각합니다.","expression":"d_creative","category":"attitude"},{"text":"창의적인 발상 창의적인 행동 창의적인 생각 창의적인 느낌 여러 가지 것들을 것들로 아이디어를 만들어내고 그 아이디어를 구체화시키는 게 숫자라고 생각을 합니다.","expression":"d_creative","category":"attitude"}],"summary":{"text":"숫자와 창의 중 무엇을 더 가깝게 생각하느냐는 질문에 창의라고 생각합니다. 창의적인 것이야말로 이 세상을 구성하는 가장 이 세상을 발전시키는 가장 큰 요소라고 생각하기 때문입니다. 두 가지는 양립을 해야 되겠지만 발전을 위해서라면 창의가 더 중요한 요소라고 생각을 하지만 지켜야 한다면 숫자는 더 중요하다고 생각합니다.","wordCount":43}}},"rawDataInfo":{"question":{"fileFormat":"wav","fileSize":375118,"duration":11720,"samplingBit":16,"channelCount":1,"samplingRate":"16kHz","audioPath":"/Mock/06.Design/Male/New/ckmk_q_ard_m_n_189366.wav"},"answer":{"fileFormat":"wav","fileSize":2612558,"duration":81640,"samplingBit":16,"channelCount":1,"samplingRate":"16kHz","audioPath":"/Mock/06.Design/Male/New/ckmk_a_ard_m_n_189366.wav"}}}