{"version":"1.0","dataSet":{"info":{"date":"20230116","occupation":"ARD","channel":"MOCK","place":"ONLINE","gender":"MALE","ageRange":"-34","experience":"NEW"},"question":{"raw":{"text":"지원자께서는 만약 지금 본인이 내일 죽는다는 사실을 알게 된다면은 당장 뭐 할 것 같은지 궁금합니다 그리고 이 면접을 끝까지 계속 보실 것인지 말씀해 주시길 바랍니다","wordCount":25},"emotion":[],"intent":[]},"answer":{"raw":{"text":"제가 내일 바로 죽는다는 사실을 지금 알게 되더라도 저는 면접을 끝까지 보도록 하겠습니다. 지금까지 이 면접을 위해서 노력해 온 것들을 바로 포기하고 나가버린다면 내일 죽어서도 큰 후회를 하게 될 것 같다는 생각이 들기 때문입니다. 그래서 마지막까지 최선을 다해서 면접을 마무리 짓도록 하겠습니다. 면접을 끝낸 뒤에 음 소중한 사람들에게 통화를 하여서 몇 명을 찾아가고 이야기를 나누고 식사를 하고 마지막 하루는 가족들과 보내면서 맛있는 식사를 하면서 그렇게 마지막을 보낼 것 같습니다.","wordCount":69},"emotion":[],"intent":[{"text":"","expression":"","category":"attitude"}],"summary":{"text":"면접을 포기한다면 죽어서도 큰 후회를 하게 될 것 같아 최선을 다해서 마무리 하겠습니다. 면접을 끝내고 가족에게 이야기를 나누고, 가족들과 식사하면서 마지막을 보낼 것 같습니다.","wordCount":24}}},"rawDataInfo":{"question":{"fileFormat":"wav","fileSize":575118,"duration":17970,"samplingBit":16,"channelCount":1,"samplingRate":"16kHz","audioPath":"/Mock/06.Design/Male/New/ckmk_q_ard_m_n_172273.wav"},"answer":{"fileFormat":"wav","fileSize":2424398,"duration":75760,"samplingBit":16,"channelCount":1,"samplingRate":"16kHz","audioPath":"/Mock/06.Design/Male/New/ckmk_a_ard_m_n_172273.wav"}}}