{"version":"1.0","dataSet":{"info":{"date":"20230116","occupation":"ARD","channel":"MOCK","place":"ONLINE","gender":"MALE","ageRange":"-34","experience":"NEW"},"question":{"raw":{"text":"일을 하다 보면 다른 지역에서 업무를 수행하게 되실 수도 있는데요 지원자님은 이러한 타 지역 근무에 대해서도 문제없이 수행하실 의향이 있으신가요","wordCount":20},"emotion":[],"intent":[]},"answer":{"raw":{"text":"어 어느 정도의 배려는 이루어져야 된다고 생각합니다. 만약에 너무 본가하고 멀어지게 돼서 기러기 생활을 하게 된다면 그것은 아무래도 회사의 회사원의 사기 진작에 있어서는 조금 힘들 수도 있다 라고 생각이 들기 때문인데요. 만약에 회사에서 주거 문제와 뭐 의식주 문제를 어느정도 해결해 주실 수 있다고 하면은 어 타 지역 근무도 문제 없이 가능할 것 같습니다. 하지만 그것에 대해서 돌아오는 보상은 확실해야 된다고 생각을 합니다. 가뜩이나 이제 인프라라든지 이런 것도 좋지 않은 곳에서 업무를 수행하는데 그에 대한 보수가 더 적다고 하면은 이것이야말로 아무래도 직원들의 사기를 떨어뜨리는 가장 커다란 요인이 될 수 있다고 생각이 들기 때문입니다. 그래서 확실한 보상이 이루어진다면 타 지역 근무를 통해서 저만의 커리어를 쌓고 이 커리어를 통해서 회사에 도움이 되는 방향으로 긍정적인 쪽으로 이뤄 시너지 효과를 발생할 수 있다고 저는 생각이 들고 있습니다. 네 이상입니다. 감사합니다.","wordCount":125},"emotion":[],"intent":[{"text":"","expression":"","category":"attitude"}],"summary":{"text":"본가와 멀어지는 기러기 생활은 회사 사기 진작에는 힘들 수 있으나 주거, 의식주 문제 해결된다면 타 지역 근무도 가능할 것 같습니다. 또한 인프라도 좋지 않은 곳에서 업무를 수행하는데 보수가 더 적다면 직원들의 사기를 떨어뜨리는 큰 요인이 될 수 있으므로 확실한 보상이 있어야 합니다.","wordCount":42}}},"rawDataInfo":{"question":{"fileFormat":"wav","fileSize":606158,"duration":18940,"samplingBit":16,"channelCount":1,"samplingRate":"16kHz","audioPath":"/Mock/06.Design/Male/New/ckmk_q_ard_m_n_185339.wav"},"answer":{"fileFormat":"wav","fileSize":2282318,"duration":71320,"samplingBit":16,"channelCount":1,"samplingRate":"16kHz","audioPath":"/Mock/06.Design/Male/New/ckmk_a_ard_m_n_185339.wav"}}}