{"version":"1.0","dataSet":{"info":{"date":"20230116","occupation":"ARD","channel":"MOCK","place":"ONLINE","gender":"MALE","ageRange":"-34","experience":"NEW"},"question":{"raw":{"text":"네이버 다음 구글의 검색을 비교해 보시고 각각 검색 엔진들의 차이점과 장단점을 지원자님께서 자세하게 설명해 주시기 바랍니다","wordCount":16},"emotion":[],"intent":[]},"answer":{"raw":{"text":"먼저 네이버와 다음 같은 경우에는 검색을 하게 되면은 일단 어 한국 게시물들이 국내 게시물들이 가장 노출이 잘 되고 그리고 네이버는 네이버 플랫폼 예를 들어 카페 블로그와 같은 게시물들이 주로 상단에 노출되는 경향이 있고 다음도 네이버와 마찬가지입니다. 자사의 플랫폼이 가장 상단에 노출이 됩니다. 그리고 구글 같은 경우에는 앞서 네이버 다음은 광고 배너 이러한 것들이 트래픽을 많이 차지하기 때문에 구글은 검색 속도가 정말로 엔터만 누르면 바로 나옵니다. 그리고 구글은 뭐 특정 플랫폼 네이버 블로그 뭐 다음 블로그 이런 것들을 고려하지 않고 그저 객관적으로 어 관련도가 가장 높은 그러한 게시물들이 상당히 노출이 되고 때문에 저는 어 한국 국내 뭐 블로그 리뷰 뭐 그런 것들을 검색할 때에는 네이버나 다음 같은 검색 엔진들을 사용하고 그리고 논문 이론 영문 이러한 것들의 자료는 구글을 통해서 검색을 하는 것이 더 장점이 있다고 생각합니다.","wordCount":125},"emotion":[],"intent":[{"text":"","expression":"","category":"attitude"}],"summary":{"text":"네이버와 다음은 국내 게시물이, 네이버는 자사 플랫폼이, 구글은 객관적으로 관련도가 높은 게시물이 가장 노출이 잘 됩니다. 그래서 한국 국내 및 블로그 리뷰 등을 검색할 때는 네이버나 다음 같은 검색 엔진들을 사용하고, 논문 이론 등의 자료는 구글을 검색하는 것이 더 좋습니다.","wordCount":40}}},"rawDataInfo":{"question":{"fileFormat":"wav","fileSize":560078,"duration":17500,"samplingBit":16,"channelCount":1,"samplingRate":"16kHz","audioPath":"/Mock/06.Design/Male/New/ckmk_q_ard_m_n_188939.wav"},"answer":{"fileFormat":"wav","fileSize":2712398,"duration":84760,"samplingBit":16,"channelCount":1,"samplingRate":"16kHz","audioPath":"/Mock/06.Design/Male/New/ckmk_a_ard_m_n_188939.wav"}}}