{"version":"1.0","dataSet":{"info":{"date":"20230116","occupation":"ARD","channel":"MOCK","place":"ONLINE","gender":"MALE","ageRange":"-34","experience":"NEW"},"question":{"raw":{"text":"네이버와 다음 구글의 검색을 비교해 주고 각각 검색 엔진들의 차이점이나 장단점을 같이 한 번 설명해 주세요","wordCount":16},"emotion":[],"intent":[]},"answer":{"raw":{"text":"먼저 네이버와 다음과 같은 경우에는 주로 자사 플랫폼의 게시글들이 상단에 노출되고 그리고 최상단에는 광고가 노출이 됩니다. 그리고 구글 같은 경우에는 광고가 매우 없고 그리고 자사의 플랫폼보다는 가장 객관적이고 관련성이 높은 게시물들이 위에 노출됩니다. 때문에 구글 같은 경우에는 광고와 같은 쓸데없는 트래픽 낭비가 없기 때문에 검색 속도가 매우 빠릅니다. 그래서 국내 게시글 예를 들어서 국내 업체 리뷰 후기 국내 관광 장소 이러한 것들을 검색할 때에는 주로 네이버와 다음을 이용하는 게 좋습니다. 왜냐하면 그러한 후기들은 보통 네이버와 다음 블로그에 많기 때문입니다. 그리고 구글 같은 경우에는 영문서 아니면 어떠한 이론 논문 이 기사 이러한 것들을 찾기에 굉장히 적합하다고 볼 수 있습니다. 그리고 많은 양을 빠르게 검색해야 하는 그러한 과제물들을 할 때에는 당연히 구글을 검색하는 것이 빠르기 때문에 좋다고 말씀드릴 수 있겠습니다.","wordCount":118},"emotion":[],"intent":[{"text":"","expression":"","category":"attitude"}],"summary":{"text":"네이버와 다음과 같은 경우에는 자사 플랫폼의 게시글들이 상단에 노출되고 최상단에는 광고가 노출됩니다. 구글은 광고 없이 가장 객관적이고 관련성이 높은 게시물들이 위에 노출되기 때문에 검색 속도가 매우 빠집니다. 그래서 국내 게시글 예를 들어서 국내 업체 리뷰 후기 국내 관광 장소 등을 검색할 때에는 주로 네이버와 다음을 이용합니다.","wordCount":46}}},"rawDataInfo":{"question":{"fileFormat":"wav","fileSize":375118,"duration":11720,"samplingBit":16,"channelCount":1,"samplingRate":"16kHz","audioPath":"/Mock/06.Design/Male/New/ckmk_q_ard_m_n_198607.wav"},"answer":{"fileFormat":"wav","fileSize":2795278,"duration":87350,"samplingBit":16,"channelCount":1,"samplingRate":"16kHz","audioPath":"/Mock/06.Design/Male/New/ckmk_a_ard_m_n_198607.wav"}}}