{"version":"1.0","dataSet":{"info":{"date":"20230116","occupation":"ARD","channel":"MOCK","place":"ONLINE","gender":"MALE","ageRange":"-34","experience":"NEW"},"question":{"raw":{"text":"지원자님은 스트레스를 받으면 어떻게 해소하시나요 왜 그런 방법으로 스트레스를 해소하는지 말씀해 주세요","wordCount":12},"emotion":[],"intent":[]},"answer":{"raw":{"text":"저는 개인적으로 스트레스를 받을 때 그 스트레스를 해소하기 위해 아무 생각하지 않고 산책을 즐기는 거 같습니다. 산책을 하게 된다 면은 일단 머리를 비우고 마음을 비우고 아무런 생각을 하지 않은 채 산책을 하게 돼서 제가 어떤 부분에 있어서 스트레스를 받게 되었는지 좀 더 저 자신을 환기시키는 그런 긍정적인 작용을 한다고 생각합니다. 그리고 그뿐만 아니라 가벼운 마음으로 산책을 하면서 제가 스트레스를 받았던 상황에 대해서 여유가 된다면 그 상황을 다시 돌이켜보고 그리고 어떤 문제 때문에 저 제가 스트레스를 받게 됐는지 조금 더 한 발자국 멀어진 상황에서 객관적으로 그 상황을 판단할 수 있기 때문에 그 스트레스를 해소하는 법 그리고 그 스트레스를 받게 되는 그 문제를 그 근원적인 문제를 해결하는 법에 대해서 좀 더 고민하는 시간을 가질 수 있다는 점이 있습니다. 그렇기 때문에 산책을 하면서 스트레스를 해소하는 게 보통인 것 같습니다.","wordCount":126},"emotion":[],"intent":[{"text":"","expression":"","category":"attitude"}],"summary":{"text":"저는 개인적으로 스트레스를 받을 때 아무 생각 없이 산책을 즐기는 거 같습니다. 산책을 하게 되면 스트레스를 받은 부분에 대해 저 자신을 환기시키는 긍정적인 작용을 합니다. 여유가 된다면 그 상황을 다시 되돌아보고, 객관적으로 그 상황을 판단할 수 있기 때문에 산책을 하면서 스트레스를 해소하는 게 보통입니다.","wordCount":44}}},"rawDataInfo":{"question":{"fileFormat":"wav","fileSize":339278,"duration":10600,"samplingBit":16,"channelCount":1,"samplingRate":"16kHz","audioPath":"/Mock/06.Design/Male/New/ckmk_q_ard_m_n_227490.wav"},"answer":{"fileFormat":"wav","fileSize":2897998,"duration":90560,"samplingBit":16,"channelCount":1,"samplingRate":"16kHz","audioPath":"/Mock/06.Design/Male/New/ckmk_a_ard_m_n_227490.wav"}}}