{"version":"1.0","dataSet":{"info":{"date":"20230116","occupation":"ARD","channel":"MOCK","place":"ONLINE","gender":"MALE","ageRange":"-34","experience":"NEW"},"question":{"raw":{"text":"우리는 매일매일 뉴스를 접하게 됩니다 지원자님께서는 최근에 본 뉴스들 가운데 가장 인상 깊었던 뉴스는 무엇입니까 왜 그 뉴스가 인상 깊었는지 이유도 함께 말씀해 주세요","wordCount":24},"emotion":[],"intent":[]},"answer":{"raw":{"text":"네 저는 정크 아트에 대한 기사가 나왔을 때 상당히 좀 인상이 깊었던 편이었을 편이었습니다. 갑자기 웬 뜬금없이 정크 아트냐 쓰레기 아트냐 이렇게 말씀을 하실 수도 있는데요. 정크 아트란 쓰레기들을 가지고 우리 생활에 있는 나올 수 있는 실생활 펭이물 폐기물들을 가지고 이제 그걸로 예술하는 그런 예술 행위를 말합니다. 자칫 일상생활에서 버려질 수도 있는 쓸모없어 보이는 그런 폐기물들이 하나의 예술 작품으로 탄생을 하는 것을 보고 상당히 그것이 매력적이라고 느껴지고 또 그것이 환경 오염에 있어서도 어느정도 도움이 될 수 있겠구나 라는 생각이 들었습니다. 요즘 환경오염 때문에 이슈가 많은데 이러한 요소들을 이러한 채로 버려지는 위해 물질들 이런 요소들을 활용을 해서 새로운 예술 작품들을 파 만들고 이것을 또 소비를 하는 그런 선순환이 반복이 되면서 뭔가 우리 지구에도 도움이 되지 않을까 하는 그런 생각이 들었기 때문에 저는 이러한 사소한 뉴스가 가장 인상이 깊고 매력적으로 저에게 다가섰던 것 같습니다. 이상입니다. 감사합니다.","wordCount":134},"emotion":[{"text":"정크 아트란 쓰레기들을 가지고 우리 생활에 있는 나올 수 있는 실생활 펭이물 폐기물들을 가지고 이제 그걸로 예술하는 그런 예술 행위를 말합니다.","expression":"u-fact","category":"neutral"},{"text":"자칫 일상생활에서 버려질 수도 있는 쓸모없어 보이는 그런 폐기물들이 하나의 예술 작품으로 탄생을 하는 것을 보고 상당히 그것이 매력적이라고 느껴지고   또 그것이 환경 오염에 있어서도 어느정도 도움이 될 수 있겠구나 라는 생각이 들었습니다.","expression":"p-interest","category":"positive"},{"text":"요즘 환경오염 때문에 이슈가 많은데 이러한 요소들을 이러한 채로 버려지는 위해 물질들 이런 요소들을 활용을 해서 새로운 예술 작품들을 파   만들고 이것을 또 소비를 하는 그런 선순환이 반복이 되면서 뭔가 우리 지구에도 도움이 되지 않을까 하는 그런 생각이 들었기 때문에 저는 이러한 사소한 뉴스가 가장 인상이 깊고   매력적으로 저에게 다가섰던 것 같습니다.","expression":"p-interest","category":"positive"}],"intent":[{"text":"자칫 일상생활에서 버려질 수도 있는 쓸모없어 보이는 그런 폐기물들이 하나의 예술 작품으로 탄생을 하는 것을 보고 상당히 그것이 매력적이라고 느껴지고   또 그것이 환경 오염에 있어서도 어느정도 도움이 될 수 있겠구나 라는 생각이 들었습니다.","expression":"d_sens","category":"attitude"},{"text":"요즘 환경오염 때문에 이슈가 많은데 이러한 요소들을 이러한 채로 버려지는 위해 물질들 이런 요소들을 활용을 해서 새로운 예술 작품들을 파   만들고 이것을 또 소비를 하는 그런 선순환이 반복이 되면서 뭔가 우리 지구에도 도움이 되지 않을까 하는 그런 생각이 들었기 때문에 저는 이러한 사소한 뉴스가 가장 인상이 깊고   매력적으로 저에게 다가섰던 것 같습니다.","expression":"d_sens","category":"attitude"}],"summary":{"text":"정크 아트란 쓸모없어 보이는 실생활 폐기물들을 가지고 예술로 탄생시키는 행위입니다. 이는 환경 오염에 도움이 될 것 같습니다. 버려지는 위해 물질들을 활용을 해서 새로운 예술 작품을 만들고 소비를 하는 선순환이 반복이 되면서 지구에도 도움을 준다고 생각합니다.","wordCount":35}}},"rawDataInfo":{"question":{"fileFormat":"wav","fileSize":638158,"duration":19940,"samplingBit":16,"channelCount":1,"samplingRate":"16kHz","audioPath":"/Mock/06.Design/Male/New/ckmk_q_ard_m_n_185257.wav"},"answer":{"fileFormat":"wav","fileSize":2232398,"duration":69760,"samplingBit":16,"channelCount":1,"samplingRate":"16kHz","audioPath":"/Mock/06.Design/Male/New/ckmk_a_ard_m_n_185257.wav"}}}