{"version":"1.0","dataSet":{"info":{"date":"20230116","occupation":"ARD","channel":"MOCK","place":"ONLINE","gender":"MALE","ageRange":"-34","experience":"NEW"},"question":{"raw":{"text":"이전에 직장이나 대학에서 프로젝트를 진행한 것이 있는지 혹시 생각나는 게 있다면 한 번 말씀해 주시겠어요","wordCount":15},"emotion":[],"intent":[]},"answer":{"raw":{"text":"어 저는 대학교 재학 시절에 어 좀 전공 관련된 여러 팀 과제를 진행해 봤다던가 아니면 공모전이나 대외 활동 등을 준비하면서 좀 팀 단위로 팀 플레이를 좀 해야 하는 경우가 많이 있었습니다. 어 이러한 팀 프로젝트를 진행할 때 좀 생각에 많이 남는 그런 일화가 하나 있는데 어 좀 공모전을 준비하였을 때 이제 제가 그 팀의 리더를 담당을 하여서 팀을 이끌어 나갔습니다. 어 그런데 이제 이 팀 단위로 업무를 진행하다 보니까 어 여태까지 팀원들이 각자 해왔던 작업 방식이 다 다르고 어 성격도 다 다르고 이제 각자 특화되어 있는 분야도 다 다르기 때문에 좀 이러한 부분들을 조율하는 과정에 있어서 팀원들 간에 여러 가지 사소한 갈등이 발생하였습니다. 이러한 갈등들을 잘 봉합하는 것이 저의 임무였기 때문에 저는 이제 저의 주장을 너무 강 강하게 팀원들에게 관철시키기보다는 팀원들의 입장에서 먼저 생각을 해보고 팀원들에게 먼저 다가가는 그런 좀 열려 있는 소통의 자세를 취하려고 많이 노력하였습니다. 어 이런 이런 노력들로 어 그 팀을 잘 이끌었고 수상을 했던 경험을 가지고 있습니다.","wordCount":151},"emotion":[],"intent":[{"text":"","expression":"","category":"attitude"}],"summary":{"text":"팀 프로젝트를 진행할 때 팀 단위로 업무를 진행하다 보니 팀원들 간에 여러 가지 갈등이 발생했습니다. 이러한 갈등들을 잘 봉합하는 것이 임무였기 때문에 저는 팀원들의 입장에서 먼저 생각을 해보고 팀원들에게 먼저 다가가는 소통의 자세를 취하려고 많이 노력했습니다. 이런 노력들로 그 팀을 잘 이끌었고 수상을 했던 경험을 가지고 있습니다.","wordCount":47}}},"rawDataInfo":{"question":{"fileFormat":"wav","fileSize":304718,"duration":9520,"samplingBit":16,"channelCount":1,"samplingRate":"16kHz","audioPath":"/Mock/06.Design/Male/New/ckmk_q_ard_m_n_219088.wav"},"answer":{"fileFormat":"wav","fileSize":2770318,"duration":86570,"samplingBit":16,"channelCount":1,"samplingRate":"16kHz","audioPath":"/Mock/06.Design/Male/New/ckmk_a_ard_m_n_219088.wav"}}}