{"version":"1.0","dataSet":{"info":{"date":"20230116","occupation":"ARD","channel":"MOCK","place":"ONLINE","gender":"MALE","ageRange":"-34","experience":"NEW"},"question":{"raw":{"text":"본인은 본인이 생각했을 때 숫자와 창의 중 어떤 것에 더 가깝다고 생각을 하세요 이유와 함께 말씀해 주시기 바랍니다","wordCount":18},"emotion":[],"intent":[]},"answer":{"raw":{"text":"숫자와 창의 어떻게 보면 논리적이냐 주관적이냐 이걸 물어보는 것 같은데요. 저 같은 경우 창의입니다. 숫자로 함은 굉장히 객관적이고 사실에 입각한 그런 성향을 말하는 것 같습니다. 저는 근데 살아가다 보니 모든 사람들이 일이라고 볼 때 대문자 아이일 수도 있잖아 라는 어떤 경우가 많았습니다. 똑같은 사실들을 볼 때 틀리게 보는 게 아니라 다르게 보는 것입니다. 이런 성향이 맞물리다 보니까 지금 상태에서 디자인 학과를 졸업해 지금 우리 회사에 디자이너로서 지원을 한 것도 사실이고요. 창의성 어떻게 보면 디자이너로서 숙명이라고 생각을 합니다. 저는 그래서 이 창의성을 살리기 위해서는 여러 자극을 받아야 된다고 생각을 합니다. 사무실에서 디자인을 하다가 잘 떠오르지 않을 때 영감이 없을 때 저는 사무실을 박차 밖으로 나갑니다. 이런 경우부터 어떻게 보면 창의성이라 볼 수 있겠죠. 그저 가만히 길거리에서 커피 한 잔을 마시면서 지나가는 사람들을 보다가 디자인 영감이 떠오르기도 하고요. 그저 산을 올라가서 산으로 올라가면서 산책을 하다가 영감이 떠오르기도 합니다. 그래서 전 창의에 더 가깝다고 생각합니다.","wordCount":142},"emotion":[],"intent":[{"text":"","expression":"","category":"attitude"}],"summary":{"text":"숫자와 창의 중 숫자로 함은 객관적이고 사실에 입각한 성향을 말하는 것 같습니다. 그런데 살아가다 보니 모든 사람들이 일이라고 볼 때 대문자 아이일 수도 있잖아 라는 경우가 많았습니다. 똑같은 사실들을 볼 때 틀리게 보는 게 아니라 다르게 보는 것입니다. 그래서 전 창의성에 가깝다고 생각합니다.","wordCount":43}}},"rawDataInfo":{"question":{"fileFormat":"wav","fileSize":472398,"duration":14760,"samplingBit":16,"channelCount":1,"samplingRate":"16kHz","audioPath":"/Mock/06.Design/Male/New/ckmk_q_ard_m_n_195271.wav"},"answer":{"fileFormat":"wav","fileSize":2875598,"duration":89860,"samplingBit":16,"channelCount":1,"samplingRate":"16kHz","audioPath":"/Mock/06.Design/Male/New/ckmk_a_ard_m_n_195271.wav"}}}