{"version":"1.0","dataSet":{"info":{"date":"20230116","occupation":"ARD","channel":"MOCK","place":"ONLINE","gender":"MALE","ageRange":"35-44","experience":"NEW"},"question":{"raw":{"text":"지원자님께서는 만약에 이직을 생각하는 동료가 있다면 뭐라고 대화를 할 것입니까 그렇다면 왜 그렇게 대화를 할 것인지에 대해서도 말씀 부탁드립니다","wordCount":19},"emotion":[],"intent":[]},"answer":{"raw":{"text":"이직을 생각하는 동료를 만나게 되면은 저는 어 가장 먼저 객관적인 얘기를 전하기보다는 왜 이직을 결심하게 되었는지부터 물어보고 그 친구가 이직을 결심하게 된 계기에 대해서 공감하고 소통해 보는 시간을 가져야 된다고 생각을 합니다. 그 결과에 따라서 내용은 천차 만별일 것 같아요. 음 관계 때문일 수도 있고 어떤 본인이 희망하는 미래에 대한 청사진 비전 때문일 수도 있고 경제적인 이유일 수도 있고 더 나은 조건에서 기회가 찾아왔던 것일 수도 있고 아니면 하고 싶은 것을 찾아 떠나가는 것일 수도 있을 거라고 생각을 합니다. 그 다양한 이유들이 존재하는데 그걸 공감하지 못한 상태에서 어 객관적인 이야기를 뭐 하면 안 된다 이런 얘기를 전하는 것은 무리가 있을 것 같고요. 결론적으로는 제가 회사를 다니는 동안은 이 회사가 정말 저의 비전에 맞고 어 충분히 어 나의 미래를 맡길 수 있다 라고 판단하고 있는 것이기 때문에 그 친구의 이유를 충분히 공감한 후에 저의 이야기와 더불어서 어 같이 이끌어 나갈 수 있도록 회사에 몸담아서 열심히 할 수 있도록 어 얘기 공감할 수 있게끔 얘기를 풀어나가고요. 결론적으로는 친구의 선택을 존중하겠다는 이야기로 마무리를 할 것 같습니다.","wordCount":163},"emotion":[],"intent":[{"text":"","expression":"","category":"attitude"}],"summary":{"text":"이직을 생각하는 동료를 만나 이직을 결심하게 된 계기에 대해 공감하고 소통해 보는 시간을 가져야 합니다. 그 결과에 따라 내용은 천차만별이기 때문에 그 이유를 충분히 공감한 후에 저의 이야기와 더불어서 같이 이끌어 나갈 수 있도록 얘기를 풀어나가고요. 결론적으로는 친구의 선택을 존중하겠다는 이야기로 마무리할 것 같습니다.","wordCount":44}}},"rawDataInfo":{"question":{"fileFormat":"wav","fileSize":552398,"duration":17260,"samplingBit":16,"channelCount":1,"samplingRate":"16kHz","audioPath":"/Mock/06.Design/Male/New/ckmk_q_ard_m_n_183666.wav"},"answer":{"fileFormat":"wav","fileSize":2732238,"duration":85380,"samplingBit":16,"channelCount":1,"samplingRate":"16kHz","audioPath":"/Mock/06.Design/Male/New/ckmk_a_ard_m_n_183666.wav"}}}