{"version":"1.0","dataSet":{"info":{"date":"20230116","occupation":"ARD","channel":"MOCK","place":"ONLINE","gender":"MALE","ageRange":"-34","experience":"NEW"},"question":{"raw":{"text":"업무 특성상 교번 근무를 해야 할 상황이 많이 생길 수도 있는데요 지원자님께서는 본인이 이러한 교번 근무에 잘 적응할 수 있다고 생각하시나요","wordCount":21},"emotion":[],"intent":[]},"answer":{"raw":{"text":"저는 개인적으로 교번근무에 잘 적응할 수 있다고 생각합니다. 그 이유에 대해서 말씀드리자면 저는 굉장히 계획적인 사람입니다. 그렇기 때문에 어떠한 업무를 받았을 때 그 업무를 충분히 수행함에 있어서 계획적인 방안을 생각하고 그리고 그 계획을 실행시키기 위해 노력하는 편인 것 같습니다. 이것은 교번근무라는 상황에도 적용될 수 있습니다. 만약에 제가 오전 근무를 한 후에 다음날에 오후 근무로 근무를 하게 된다면 그 근무 환경에 맞춰서 제 생활 패턴을 잘 적응할 수 있도록 계획을 할 것이고 그리고 그 계획을 수행 잘 지키기 위해서 노력할 것입니다. 그렇기 때문에 업무에 지장 가는 것 없이 그 계획을 잘 지켜 오전 근무를 하고 다음 오후 근무를 할 때 또는 오후 근무를 하고 다음날 오전 근무를 할 때 제가 생활 패턴의 생활 패턴을 계획하여 그 계획한 것을 수행하여 잘 맞춰서 교번근무에 적응할 수 있다고 생각합니다.","wordCount":125},"emotion":[],"intent":[{"text":"","expression":"","category":"attitude"}],"summary":{"text":"저는 굉장히 계획적인 사람이기 때문에 업무를 충분히 수행함에 있어서 계획적인 방안을 생각하고 그 계획을 실행시키기 위해 노력하는 편인데, 이것이 교번근무라는 상황에도 적용될 수 있다면 근무 환경에 맞춰서 제 생활 패턴을 잘 적응할 수 있도록 계획을 할 것이고 그 계획을 수행 잘 지키기 위해서 노력할 것입니다.","wordCount":45}}},"rawDataInfo":{"question":{"fileFormat":"wav","fileSize":416078,"duration":13000,"samplingBit":16,"channelCount":1,"samplingRate":"16kHz","audioPath":"/Mock/06.Design/Male/New/ckmk_q_ard_m_n_227491.wav"},"answer":{"fileFormat":"wav","fileSize":2898638,"duration":90580,"samplingBit":16,"channelCount":1,"samplingRate":"16kHz","audioPath":"/Mock/06.Design/Male/New/ckmk_a_ard_m_n_227491.wav"}}}