{"version":"1.0","dataSet":{"info":{"date":"20230116","occupation":"ARD","channel":"MOCK","place":"ONLINE","gender":"MALE","ageRange":"-34","experience":"NEW"},"question":{"raw":{"text":"지원자님의 십 년 후 미래는 어떨 것 같으신가요 저희 회사에 계속 다니고 계실 것 같으신가요","wordCount":15},"emotion":[],"intent":[]},"answer":{"raw":{"text":"제가 이 회사에 십 년 후에도 다니고 있을지 아닐지는 이 회사가 십 년 후에도 운행을 하고 있을지 이 회사가 십 년 후에도 시장에서 가치를 인정받아서 그렇게 운영을 하고 있을지에 대해서 더 먼저 답변이 되어야 한다고 생각을 합니다. 면접관님들께서는 이 회사가 십 년 후에도 장사를 온전히 하고 있을 것 같으십니까 라고 저는 되물어보겠습니다. 이 말씀을 드리는 이유는 이렇게 급변하는 시대에 저는 이 회사가 조금 더 경각심을 가지고 더 큰 혁신을 이루어야 한다고 생각을 합니다. 나름 혁신을 이루어서 이 회사에서 이 면접 과정도 더 투명하게 지금과 같이 이런 오픈하는 과정을 겪었지만 그것으로는 부족하다고 생각을 합니다. 이렇게 말씀드리는 이유는 제가 이 회자 이 회사에 애정이 있기 때문에 이 회사가 그동안 걸어온 행보를 제가 다 관심을 갖고 지켜봤기 때문에 아직은 더 부족하다는 생각이 생각입니다. 그렇기 때문에 이 회사가 십 년 후에도 장사가 계속되고 있으라면 되고 있다고 한다면 저는 제가 다니고 있겠죠 이 회사에 애정이 있기 때문에.","wordCount":142},"emotion":[],"intent":[{"text":"","expression":"","category":"attitude"}],"summary":{"text":"급변하는 시대에 저는 이 회사가 조금 더 경각심을 가지고 더 큰 혁신을 이루어야 한다고 생각하며, 이 면접 과정도 더 투명하게 지금과 같이 오픈하는 과정을 겪었지만 아직은 더 부족하다고 생각하므로 면접관님들께서는 이 회사가 십 년 후에도 장사를 온전히 하고 있을 것 같십니까 라고 되물을 것입니다.","wordCount":44}}},"rawDataInfo":{"question":{"fileFormat":"wav","fileSize":335438,"duration":10480,"samplingBit":16,"channelCount":1,"samplingRate":"16kHz","audioPath":"/Mock/06.Design/Male/New/ckmk_q_ard_m_n_227567.wav"},"answer":{"fileFormat":"wav","fileSize":2735438,"duration":85480,"samplingBit":16,"channelCount":1,"samplingRate":"16kHz","audioPath":"/Mock/06.Design/Male/New/ckmk_a_ard_m_n_227567.wav"}}}