{"version":"1.0","dataSet":{"info":{"date":"20230116","occupation":"ARD","channel":"MOCK","place":"ONLINE","gender":"MALE","ageRange":"-34","experience":"NEW"},"question":{"raw":{"text":"지원자님이 생각하셨을 때 우리 회사가 해외 무대로 진출을 하게 된다면 어디로 진출하는 것이 좋을 거라고 생각을 하십니까 이유도 같이 설명을 부탁드립니다","wordCount":21},"emotion":[],"intent":[]},"answer":{"raw":{"text":"디자인 관련해 가지고 저희 회사가 해외 무대로 진출하려면 아직 감은 없지만 프랑스로 가면 좋다고 생각을 합니다. 프랑스엔 여러 의류 명품들이 많죠. 그런 의류 명품 회사들과 저희가 엠오유를 매 맺을 수 있다면 추후 저희가 여는 팝업 스토어 이런 곳에 같이 그 명품 브랜드들의 옷들을 출품하는 것입니다. 패션 쇼를 열 수 있고요. 그 각 명품 브랜드의 엠베서더들까지 초청을 할 수 있죠. 이것은 어떻게 보면 저희 회사의 등급을 높임과 동시에 마케팅 효과가 수반됩니다. 이런 명품 브랜드들 어떻게 보면 그 명품 이름이란 자체만으로 굉장히 디자인이 좋다고 할 수 있는 평가도 받습니다. 이름 자체가 명품이기도 하지만 그들의 제품 하나하나를 보면 정말 어떻게 이런 디자인을 낼까 라는 생각을 전 자주 합니다. 그래서 그 디자이너들과 일선에서 같이 협업을 해 보면 더 좋은 영감을 받을 수도 있고요. 벤치마킹의 좋은 사례로 저희가 이용할 수도 있을 것 같습니다. 그래서 프랑스를 추천합니다.","wordCount":131},"emotion":[],"intent":[{"text":"","expression":"","category":"attitude"}],"summary":{"text":"디자인 관련해 해외 진출의 좋은 대안으로 프랑스를 추천합니다. 프랑스엔 여러 의류 명품 회사들과 우리가 엠오유를 매 맺을 수 있다면 추후 우리가 여는 팝업 스토어 이런 곳에 같이 그 명품 브랜드들의 옷들을 출품하는 것입니다. 이것은 회사의 등급을 높임과 동시에 마케팅 효과가 수반됩니다.","wordCount":41}}},"rawDataInfo":{"question":{"fileFormat":"wav","fileSize":481358,"duration":15040,"samplingBit":16,"channelCount":1,"samplingRate":"16kHz","audioPath":"/Mock/06.Design/Male/New/ckmk_q_ard_m_n_195270.wav"},"answer":{"fileFormat":"wav","fileSize":2815438,"duration":87980,"samplingBit":16,"channelCount":1,"samplingRate":"16kHz","audioPath":"/Mock/06.Design/Male/New/ckmk_a_ard_m_n_195270.wav"}}}