{"version":"1.0","dataSet":{"info":{"date":"20230116","occupation":"ARD","channel":"MOCK","place":"ONLINE","gender":"MALE","ageRange":"-34","experience":"NEW"},"question":{"raw":{"text":"지원자님은 스터디를 따로 하고 계신 것이 있나요 만약 있다면 어떤 공부를 하고 계신지 함께 말씀해 주실 수 있을까요","wordCount":18},"emotion":[],"intent":[]},"answer":{"raw":{"text":"저는 글로벌 인재가 되기 위해서 어 프레젠테이션 스터디를 하고 있습니다. 그 이곳에 특이한 점은 무엇이냐면은 바로 영어로 프레젠테이션을 하는 것입니다. 따라서 기존의 프레젠테이션 능력뿐만 아니라 외국어 능력까지 향상시킬 수 있는 그러한 스터디를 하고 있습니다. 이 스터디는 이제 모두 미국으로 교환 학생을 다녀오던지 아니면 미국에서 잠시 살았던 사람들 그리고 뭐 영어를 좀 다들 잘하는 사람들끼리 뭉쳐서 스터디를 하고 있기 때문에 이러한 프레젠테이션 발표 능력이 굉장히 다들 열심히 실력을 끌어 올리려고 하는 분위기입니다. 이러한 공부를 하는 이유도 이제 프레젠테이션 능력이란 사실상 전 세계 모든 곳에 직장인들은 갖추어야 할 역량이라고 생각이 되고 대표적으로 스티브 잡스 같은 경우에도 프레젠테이션 능력이 아주 뛰어났다고 볼 수 있습니다. 때문에 또한 투자자들에게 투자를 이끌어내기 위해서도 프레젠테이션 능력이 중요하기 때문에 저는 특히 해외 진출을 위하여 영어로 된 프레젠테이션 연습 스터디를 진행하고 있습니다.","wordCount":123},"emotion":[],"intent":[{"text":"","expression":"","category":"attitude"}],"summary":{"text":"저는 글로벌 인재가 되기 위해 영어로 프레젠테이션 스터디를 하고 있는데, 이스터디는 모두 미국으로 교환 학생을 다녀오거나 미국에서 잠시 살았던 사람들 그리고 영어를 좀 잘하는 사람들끼리 스터 디를 하고 있기 때문에 프레젠테이이션 발표 능력이 굉장히 열심히 실력을 끌어 올리려고 하는 분위기입니다.","wordCount":40}}},"rawDataInfo":{"question":{"fileFormat":"wav","fileSize":517518,"duration":16170,"samplingBit":16,"channelCount":1,"samplingRate":"16kHz","audioPath":"/Mock/06.Design/Male/New/ckmk_q_ard_m_n_194954.wav"},"answer":{"fileFormat":"wav","fileSize":2856078,"duration":89250,"samplingBit":16,"channelCount":1,"samplingRate":"16kHz","audioPath":"/Mock/06.Design/Male/New/ckmk_a_ard_m_n_194954.wav"}}}