{"version":"1.0","dataSet":{"info":{"date":"20230116","occupation":"ARD","channel":"MOCK","place":"ONLINE","gender":"MALE","ageRange":"-34","experience":"NEW"},"question":{"raw":{"text":"지원자님에 스트레스 해소 방법이 있다면 무엇인가요 또한 어쩌다 그 방법으로 스트레스를 해소하게 되었는지 이유도 말씀해 주시기 바랍니다","wordCount":17},"emotion":[],"intent":[]},"answer":{"raw":{"text":"저는 코인 노래방에 자주 갑니다. 코인 노래방에 자주 가서 결제를 하고 한 한 이십 곡 이렇게 결제하는 것 같습니다. 결제를 해서 처음에 노래를 부르면은 약간 목이 안 풀려 가지고 내가 원하는 음까지 도달을 하지 못하거나 이상한 방식으로 그렇게 노래를 하게 될 때가 있는데 그것에서 조금 더 넘어가면은 이제부터 노래가 자연스럽게 돼요. 제가 노래 굉장히 제가 이런 말씀을 드리는 것이 조금 민망할 수도 있지만 제가 노래를 굉장히 잘하거든요. 그래서 그렇게 노래를 부르다 보면은 아 나 가순가 내가 가순가 아 이 정도면 가수 해야 되지 않나 그런 망상에 잠깐 빠질 정도로 젖을 정도로 그런 감상의 망상에 젖을 정도로 노래를 해요. 마치 그 어떤 노래의 분위기의 주인공이 된 것처럼 그런 감상을 갖고 노래를 합니다. 그러면 마치 나 혼자의 어떤 콘서트를 하고 온 것처럼 코인 노래방을 나올 때는 그런 개운한 감정이 살면서 있었던 스트레스를 잠깐 잊게 해 주는 것 같애요. 잠깐 잊게. 그 잠깐 있게 해 주는 것이 굉장히 어떤 정화의 효과를 불러일으키지 않나 예 그래서 저는 코인 노래방에 자주 갑니다.","wordCount":157},"emotion":[],"intent":[{"text":"","expression":"","category":"attitude"}],"summary":{"text":"코인 노래방에서 20곡 정도를 결제 후에 노래를 부릅니다. 그렇게 노래를 부르다 보면  혼자 어떤 콘서트에 온 것 처럼 개운한 감정이 살면서 있었던 스트레스를 잠깐 잊게 해 주는 것 같습니다. 그 잠깐 있게 해 주는 것이 굉장히 어떤 정화의 효과를 불러일으키지 않을까 생각합니다.","wordCount":42}}},"rawDataInfo":{"question":{"fileFormat":"wav","fileSize":560078,"duration":17500,"samplingBit":16,"channelCount":1,"samplingRate":"16kHz","audioPath":"/Mock/06.Design/Male/New/ckmk_q_ard_m_n_198680.wav"},"answer":{"fileFormat":"wav","fileSize":2765838,"duration":86430,"samplingBit":16,"channelCount":1,"samplingRate":"16kHz","audioPath":"/Mock/06.Design/Male/New/ckmk_a_ard_m_n_198680.wav"}}}