{"version":"1.0","dataSet":{"info":{"date":"20230116","occupation":"ARD","channel":"MOCK","place":"ONLINE","gender":"MALE","ageRange":"-34","experience":"NEW"},"question":{"raw":{"text":"만약에 일을 하던 중 팀과 불화가 생긴다면 어떻게 해결을 하시겠습니까 그 해결 방법과 그 이유를 말씀해 주십시오","wordCount":17},"emotion":[],"intent":[]},"answer":{"raw":{"text":"제가 만약 팀원과 불화가 생긴다면 우선 사수에게 불화가 생겼던 내용과 그 해당 사실에 대해 어 명확하게 전달을 하고 해당 건에 대한 처리 사항을 전달받을 것 같습니다. 그 이유는 회사 내에 발생한 일을 개인적인 방법으로 해결하는 것보다 회사 내에 존재하는 적법한 절차에 따라 해결하는 것이 매끄러운 해결책이라 생각합니다. 따라서 저는 앞서 말씀드린 방법으로 팀원과 불화가 생겼을 때 이 방식으로 대처할 것 같습니다.","wordCount":61},"emotion":[],"intent":[{"text":"","expression":"","category":"attitude"}],"summary":{"text":"팀원과 불화가 생긴다면 회사 내에 존재하는 적법한 절차에 따라 해결하는 것이 매끄러운 해결책이라 생각합니다. 따라서 저는 이 방식으로 대처할 것 같습니다.","wordCount":21}}},"rawDataInfo":{"question":{"fileFormat":"wav","fileSize":579598,"duration":18110,"samplingBit":16,"channelCount":1,"samplingRate":"16kHz","audioPath":"/Mock/06.Design/Male/New/ckmk_q_ard_m_n_190942.wav"},"answer":{"fileFormat":"wav","fileSize":1605838,"duration":50180,"samplingBit":16,"channelCount":1,"samplingRate":"16kHz","audioPath":"/Mock/06.Design/Male/New/ckmk_a_ard_m_n_190942.wav"}}}