{"version":"1.0","dataSet":{"info":{"date":"20230116","occupation":"ARD","channel":"MOCK","place":"ONLINE","gender":"MALE","ageRange":"-34","experience":"NEW"},"question":{"raw":{"text":"나만의 스트레스의 해소법이 있는지 있다면 왜 그런 방법으로 스트레스를 해소하는지 함께 말씀해 주시겠습니까","wordCount":13},"emotion":[],"intent":[]},"answer":{"raw":{"text":"저만에 스트레스 해소 방법은 침대에 누워서 눈을 감고 음악을 감상하거나 명상을 하는 것입니다. 스트레스 받는 상황이나 그 이유를 끊임없이 생각을 하다 보면 그 스트레스에서 벗어날 수가 없습니다. 그렇기 때문에 잠시 동안만이라도 스트레스에서 해방 받기 위해서는 그 생각을 차단시켜야 합니다. 조용한 곳에서 눈을 감고 조용한 음악을 들으면서 명상을 할 때도 있지만 반대로 시끄럽고 신나는 음악을 틀어 놓고 아무 생각 없이 누워 있으면 스트레스가 풀리고는 합니다.","wordCount":64},"emotion":[],"intent":[{"text":"","expression":"","category":"attitude"}],"summary":{"text":"침대에 누워서 음악을 감상하거나 명상을 하는 것입니다. 스트레스에서 벗어나기 위해서는 그 생각을 차단시켜야 합니다.","wordCount":14}}},"rawDataInfo":{"question":{"fileFormat":"wav","fileSize":353678,"duration":11050,"samplingBit":16,"channelCount":1,"samplingRate":"16kHz","audioPath":"/Mock/06.Design/Male/New/ckmk_q_ard_m_n_177956.wav"},"answer":{"fileFormat":"wav","fileSize":1694798,"duration":52960,"samplingBit":16,"channelCount":1,"samplingRate":"16kHz","audioPath":"/Mock/06.Design/Male/New/ckmk_a_ard_m_n_177956.wav"}}}