{"version":"1.0","dataSet":{"info":{"date":"20230116","occupation":"ARD","channel":"MOCK","place":"ONLINE","gender":"MALE","ageRange":"-34","experience":"NEW"},"question":{"raw":{"text":"지원자님께서는 지금부터 삼 년 뒤까지 어떤 주요 성장 계획이나 목표가 있으시다면 어떠한 것이 있는지 말씀해 주시면 감사하겠습니다","wordCount":17},"emotion":[],"intent":[]},"answer":{"raw":{"text":"네 저는 어 설계 분야에 있어서 정점을 찍고 싶습니다. 고작 삼 년 만에 그런 게 무슨 말이냐 라고 말씀하실 수도 있을 있으실 텐데요. 어 제 팀을 이끄는 팀장이 되어서 저만의 설계도를 한번 제대로 디자인을 해보고 싶습니다. 저는 상당히 설계를 하는 것을 좋아합니다. 어떤 것인지 이제 어떤 물건을 어떠한 디자인 건물이 됐든 자동차가 됐든 그것들이 제 손 끝에서 새롭게 창조된다는 그 느낌을 느낌을 저는 정말로 좋아하기 때문인데요. 따라서 나중에 기회가 된다면 이 회사에서 설계자로서의 설계 디자이너로서의 인제 능력을 인정을 받아서 저만의 팀을 만들고 그 팀에서 팀원들을 이끌면서 프로젝트를 진행하는 그런 팀장으로서의 역할을 수행을 하고 싶습니다. 그래서 이 회사에 지원하게 되었고 앞으로 삼 년 후에는 그러한 설계 팀장으로서의 모습이 되고 싶습니다. 이상입니다. 감사합니다.","wordCount":111},"emotion":[{"text":"따라서 나중에 기회가 된다면 이 회사에서 설계자로서의 설계 디자이너로서의 인제 능력을 인정을 받아서 저만의 팀을 만들고   그 팀에서 팀원들을 이끌면서 프로젝트를 진행하는 그런 팀장으로서의 역할을 수행을 하고 싶습니다.","expression":"p-interest","category":"positive"}],"intent":[{"text":"","expression":"","category":"attitude"}],"summary":{"text":"저는 설계를 좋아하는데, 회사에서 능력을 인정을 받아서 저만의 팀을 만들고 팀원들을 이끌면서 프로젝트를 진행하는 그런 팀장으로서의 역할을 수행하고 싶습니다. 그래서 이 회사에 지원하게 되었고 앞으로 삼 년 후에는 그러한 설계 팀장으로서의 모습이 되겠습니다.","wordCount":33}}},"rawDataInfo":{"question":{"fileFormat":"wav","fileSize":438478,"duration":13700,"samplingBit":16,"channelCount":1,"samplingRate":"16kHz","audioPath":"/Mock/06.Design/Male/New/ckmk_q_ard_m_n_185335.wav"},"answer":{"fileFormat":"wav","fileSize":2090318,"duration":65319,"samplingBit":16,"channelCount":1,"samplingRate":"16kHz","audioPath":"/Mock/06.Design/Male/New/ckmk_a_ard_m_n_185335.wav"}}}