{"version":"1.0","dataSet":{"info":{"date":"20230116","occupation":"ARD","channel":"MOCK","place":"ONLINE","gender":"MALE","ageRange":"-34","experience":"NEW"},"question":{"raw":{"text":"혹시 개인적으로 공부를 어떻게 하세요 강의나 책을 활용한 공부를 말씀해 주시는 것도 좋아요","wordCount":13},"emotion":[],"intent":[]},"answer":{"raw":{"text":"저는 개인적으로 공부를 따로 진행하고 있습니다. 어 이는 제가 취업을 준비하는 입장에서 어 경쟁력 있는 지원자가 되기 위해서 이렇게 꾸준하게 계속 노력을 하고 있는 점인데요. 어 개인적으로 제가 공부하는 방법은 총 두 가지로 분류해 볼 것 같습니다. 혼자 개인적으로 공부를 하는 방법과 이제 스터디를 구성해서 스터디원들과 함께 공부하는 두 가지 방법으로 좀 나눠서 설명해 드릴 수 있을 것 같습니다. 혼자서 공부를 진행할 때는 아무래도 혼자서 인터넷 강의를 수강하거나 좀 해당 관련된 서적이나 좀 연구 논문 자료 등을 참고하여서 좀 혼자서 어 좀 말을 최대한 줄이고 최대한 뭐 적거나 혼자 연구하는 그러한 공부 등을 하고 있습니다. 반면 이제 스터디원들과 함께 스터디를 진행할 때에는 어 좀 팀원들과 많이 대화를 하는 방식으로 생각을 서로 공유하고 서로의 의견을 주고받는 그러한 방식의 공부 방법을 활용하고 있습니다.","wordCount":121},"emotion":[],"intent":[{"text":"","expression":"","category":"attitude"}],"summary":{"text":"경쟁력 있는 지원자가 되기 위해 개인적으로 공부하는 방법은 인터넷 강의 수강하거나 서적, 논문 자료 등을 참고하여 혼자 공부하는 방법과 팀원들과 많이 대화를 하는 방식으로 생각을 공유하고 서로의 의견을 주고받는 방식의 공부 방법을 활용하고 있습니다.","wordCount":34}}},"rawDataInfo":{"question":{"fileFormat":"wav","fileSize":270158,"duration":8440,"samplingBit":16,"channelCount":1,"samplingRate":"16kHz","audioPath":"/Mock/06.Design/Male/New/ckmk_q_ard_m_n_219815.wav"},"answer":{"fileFormat":"wav","fileSize":2417358,"duration":75540,"samplingBit":16,"channelCount":1,"samplingRate":"16kHz","audioPath":"/Mock/06.Design/Male/New/ckmk_a_ard_m_n_219815.wav"}}}