{"version":"1.0","dataSet":{"info":{"date":"20230116","occupation":"ARD","channel":"MOCK","place":"ONLINE","gender":"MALE","ageRange":"-34","experience":"NEW"},"question":{"raw":{"text":"남들과는 다른 본인만의 경쟁력이 있다면 말씀해 주세요 그리고 그것을 키우기 위해서는 어떤 노력들을 했는지도 말씀해 주세요","wordCount":16},"emotion":[],"intent":[]},"answer":{"raw":{"text":"네 저는 남들과 다른 저만의 경쟁력을 키우기 위해서 저는 평소에 노력을 정말로 많이 했습니다. 간신 간단히 그냥 노력이라고 하면 생소할 수도 있겠지만 저는 특히 디자이너에게 있어서 도면을 보는 능력을 저는 가장 많이 키워왔습니다. 이것에 대해서 노력도 많이 했고요. 이렇게 노력을 한 이유는 뭐냐면 모든 디자이너 그리고 또 모든 일에 있어서 초안는 항상 도면이기 때문입니다. 따라서 저의 이러한 스킬 도면을 이제 보고 만드는 그런 스킬을 올리기 위해서 이러한 노력을 저는 평소에 하루에도 이제 도면을 다섯 장씩 그려 직접 그려보고 또 해외 유명한 사람들의 도면을 직접 봐가면서 이러한 요소들이 어떻게 하면 저에게 도움이 될 수 있는지를 늘 공부를 했고 또 이러한 것들이 쌓여서 지금의 저를 이렇게 만들 수 있었습니다. 그리고 이 결과는 실제로 대학 재학 중에서도 좋은 성 시험 성적 결과와 그리고 대학 교수님의 추천 그리고 교내 입상까지도 이어졌던 그런 좋은 경험으로 발전을 할 수가 있었습니다. 따라서 저는 이 저희가 가치가 가지게 된 이 도면 보는 능력을 최고의 자랑거리라고 생각을 합니다 감사합니다.","wordCount":150},"emotion":[],"intent":[{"text":"","expression":"","category":"attitude"}],"summary":{"text":"초안은 항상 도면이기 때문에 도면을 보는 능력을 가장 많이 키웠습니다. 그래서 매일 도를 다섯 장씩 그려보고 해외 유명한 사람들의 도면은 직접 봐가면서 공부했고 이런 것들이 쌓여서 지금의 저를 만들 수 있었습니다. 이 결과는 실제로 좋은 성 시험 성적 결과와 대학 교수님의 추천 그리고 교내 입상까지도 이어졌던 좋은 경험이 되었습니다.","wordCount":49}}},"rawDataInfo":{"question":{"fileFormat":"wav","fileSize":350798,"duration":10960,"samplingBit":16,"channelCount":1,"samplingRate":"16kHz","audioPath":"/Mock/06.Design/Male/New/ckmk_q_ard_m_n_185260.wav"},"answer":{"fileFormat":"wav","fileSize":2483278,"duration":77600,"samplingBit":16,"channelCount":1,"samplingRate":"16kHz","audioPath":"/Mock/06.Design/Male/New/ckmk_a_ard_m_n_185260.wav"}}}