{"version":"1.0","dataSet":{"info":{"date":"20230116","occupation":"ARD","channel":"MOCK","place":"ONLINE","gender":"MALE","ageRange":"35-44","experience":"NEW"},"question":{"raw":{"text":"디자인 중에 유아이와 유엑스가 있는데 유엑스 디자인이 무엇이라고 생각하는지 지원자가 자세하게 말씀해 주세요","wordCount":13},"emotion":[],"intent":[]},"answer":{"raw":{"text":"유엑스 디자인은 말 그대로 사용자 경험을 활용한 디자인이라고 저는 정의를 내리고 있고 그렇게 알고 있습니다. 음 사용자 경험이라는 거는 결국에는 사 좋은 사용자 경험 디자인이라는 거는 두 번째 측면으로 접근하는 게 가장 합당하고 합당하다고 생각을 합니다. 첫 번째는 본인이 경험한 것 그 자체를 인식할 수 있게끔 만들어주는 디자인이 돼야 되겠죠. 참고로 우리가 물 커피 포트를 디자인한다고 생각을 하면은 손잡이 부분에 대한 경험 그다음에 물을 따르는 데 대한 경험이 당연히 있겠죠. 그런 부분에 대한 요소가 그 디자인에 당연히 들어가야 할 것이고 그와 덧붙여서 심리적인 요소까지 더해질 때 진정한 좋은 유엑스 디자인이라고 생각을 합니다. 사용자의 경험을 받아들이면서도 심리적인 기능을 충분히 만족할 수 있는 것 그게 컬러가 됐던 독창적인 창의성이 됐던 어떤 요소가 됐던 간에 어 눈에 보이는 것 또한 자신의 경험을 비춰어 바로 한 눈에 알아볼 수 있게끔 만들어주는 것 이걸 꼭 해봐야 하나 라는 생각이 들지 않고 눈에 딱 보는 순간 아 좋겠다 내가 사용해 보니 저런 게 정말 필요해 했던 것 같은데 이걸 구현했다 그러면서도 이쁘다 라는 느낌을 주는 게 좋은 유엑스 디자인이라고 생각을 합니다.","wordCount":165},"emotion":[],"intent":[{"text":"","expression":"","category":"attitude"}],"summary":{"text":"유엑스 디자인은 사용자 경험을 활용한 디자인이라고 할 수 있습니다. 유엑스 디자인의 첫번째 측면은 본인이 경험한 것 그 자체를 인식할 수 있게 해주는 디자인일 것입니다. 디자인에 여러가지 심리적인 요소까지 더해질 때 좋은 디자인이라고 생각합니다. 눈에 보이는 것 또한 자신의 경험을 비추어 바로 한 눈에 알아볼 수 있게 만들어주는 것을 꼭 해야 한다고 생각하지 않습니다.","wordCount":53}}},"rawDataInfo":{"question":{"fileFormat":"wav","fileSize":352078,"duration":11000,"samplingBit":16,"channelCount":1,"samplingRate":"16kHz","audioPath":"/Mock/06.Design/Male/New/ckmk_q_ard_m_n_183670.wav"},"answer":{"fileFormat":"wav","fileSize":2788558,"duration":87140,"samplingBit":16,"channelCount":1,"samplingRate":"16kHz","audioPath":"/Mock/06.Design/Male/New/ckmk_a_ard_m_n_183670.wav"}}}