{"version":"1.0","dataSet":{"info":{"date":"20230116","occupation":"ARD","channel":"MOCK","place":"ONLINE","gender":"MALE","ageRange":"-34","experience":"NEW"},"question":{"raw":{"text":"만약 지원자님이 이 면접에서 최종 탈락을 하게 된다면 어떤 점이 부족해서 탈락을 했다고 생각을 하시나요 말씀해 주시기 바랍니다","wordCount":18},"emotion":[],"intent":[]},"answer":{"raw":{"text":"만약 이 면접에서 최종 탈락하였다면은 저는 그저 아직 기회가 아니었다 라는 시기적으로 시기상조했다는 그러한 느낌이 들 것 같습니다. 왜냐하면은 일단 최종 면접까지 온 것 자체가 제 역량을 평가하시고 최종 면접까지 갈 정도의 어느 정도의 역량을 갖추었 때문이라고 생각하는데 그리고 또 한 최종 면접에 서는 보통 같이 일할 실무진 팀원 분들께서 이제 면접이 들어오는 걸로 알고 있는데 저는 각 팀에 녹아 들 그러한 아직 팀에 잘 융화되지 못할 것 같아서 떨어졌을 것 같고 또한 팀 분위기상 잘 맞지 않을 것 같아서 떨어졌을 거라는 생각이 듭니다. 하지만 저는 이 기회를 빌려 저는 항상 어느 조직이든 단체를 가든 항상 인사성이 바르고 여러 조직에도 많이 있어 봤고 그리고 저는 무엇보다 운동부 단체 생활을 해왔기 때문에 그러한 조직 생활 부분에 있어서는 정말 잘 할 수 있다고 자신을 드립니다.","wordCount":123},"emotion":[],"intent":[{"text":"","expression":"","category":"attitude"}],"summary":{"text":"이 면접에서 최종 탈락하였다면 시기상조한 느낌이 들 것 같습니다. 하지만 저는 인사성이 바르고 여러 조직에도 많이 있어봤고 운동부 단체 생활을 해왔기 때문에 그런 조직 생활 부분에 있어서는 정말 잘 할 수 있다고 자신합니다.","wordCount":33}}},"rawDataInfo":{"question":{"fileFormat":"wav","fileSize":422478,"duration":13200,"samplingBit":16,"channelCount":1,"samplingRate":"16kHz","audioPath":"/Mock/06.Design/Male/New/ckmk_q_ard_m_n_194479.wav"},"answer":{"fileFormat":"wav","fileSize":2797518,"duration":87420,"samplingBit":16,"channelCount":1,"samplingRate":"16kHz","audioPath":"/Mock/06.Design/Male/New/ckmk_a_ard_m_n_194479.wav"}}}