{"version":"1.0","dataSet":{"info":{"date":"20230116","occupation":"ARD","channel":"MOCK","place":"ONLINE","gender":"MALE","ageRange":"-34","experience":"NEW"},"question":{"raw":{"text":"다른 사람들이 생각하는 지원자님의 장점과 단점은 무엇입니까 그 이유도 함께 설명해 주세요","wordCount":12},"emotion":[],"intent":[]},"answer":{"raw":{"text":"저의 장점은 오래 앉을 수 있는 엉덩이 인내심이라고 저는 제 장점은 그렇게 생각을 합니다. 이제 제가 같이 자라왔던 친구들을 보면 대부분 인내심이 적습니다. 인내심이 적다고 하는 것은 어떤 문 어려운 문제가 발생되었을 때 그 친구들은 주로 문제를 회피하려고 하는 그런 경향들을 많이 보입니다. 그렇지만 저는 어떤 문제가 왔을 때 그것에 대해서 피하지 않고 문제가 온전히 나에게 돌아오도록 들어오도록 문제가 나에게 오도록 기다리는 편입니다. 그렇게 강력한 저의 인내심은 그 문제를 견디고 전사의 심장으로 그 문제를 또 헤쳐나갈 수 있게 해주는 힘을 갖게 해줍니다. 그런 저의 어떤 강인한 힘은 이 강력한 인내심에서부터 시작을 한다고 생각을 합니다. 그런데 이것은 제가 이렇게 허풍으로서 제가 말씀을 드리는 것이 아니라 다른 사람들도 저에게 너는 정말 인내심이 강력하다 라고 항상 얘기를 합니다. 엊그저께도 친구들을 만났는데 친구가 딱 보자마자 저에게 그런 얘기를 했습니다. 야 너 오랜만에 해 봤는데 진짜 인내심 강력하다 라고 얘기를 해주는 것을 보고 아 나의 인내심이 아직 강력하구나 라는 확신을 얻고 이렇게 오디션 장소에서 면접 장소에도 이렇게 자신 있게 오게 되었습니다.","wordCount":156},"emotion":[],"intent":[{"text":"저의 장점은 오래 앉을 수 있는 엉덩이 인내심이라고 저는 제 장점은 그렇게 생각을 합니다.","expression":"c_person","category":"background"},{"text":"그렇게 강력한 저의 인내심은 그 문제를 견디고 전사의 심장으로 그 문제를 또 헤쳐나갈 수 있게 해주는 힘을 갖게 해줍니다.","expression":"c_person","category":"background"},{"text":"그런 저의 어떤 강인한 힘은 이 강력한 인내심에서부터 시작을 한다고 생각을 합니다.","expression":"c_person","category":"background"}],"summary":{"text":"제가 같이 자라왔던 친구들을 보면 대부분 인내심이 적습니다. 그러나 강력한 저의 인내심은 그 문제를 견디고 전사의 심장으로 그 문제를 또 헤쳐나갈 수 있게 해주는 힘을 갖게 해줍니다. 그런 저의 강인한 힘은 강력한 인내심에서부터 시작을 한다고 생각을 합니다. 다른 사람들도 인내심이 강력하다 라고 항상 얘기를 합니다. 자신감을 얻고 면접 장소에도 자신감 있게 오게 되었습니다.","wordCount":53}}},"rawDataInfo":{"question":{"fileFormat":"wav","fileSize":367438,"duration":11480,"samplingBit":16,"channelCount":1,"samplingRate":"16kHz","audioPath":"/Mock/06.Design/Male/New/ckmk_q_ard_m_n_227568.wav"},"answer":{"fileFormat":"wav","fileSize":2887758,"duration":90240,"samplingBit":16,"channelCount":1,"samplingRate":"16kHz","audioPath":"/Mock/06.Design/Male/New/ckmk_a_ard_m_n_227568.wav"}}}