{"version":"1.0","dataSet":{"info":{"date":"20230116","occupation":"ARD","channel":"MOCK","place":"ONLINE","gender":"MALE","ageRange":"-34","experience":"NEW"},"question":{"raw":{"text":"현재 디자인 트렌드와 앞으로의 전망은 무엇이라고 생각하시는지 말씀해 주세요","wordCount":9},"emotion":[],"intent":[]},"answer":{"raw":{"text":"어 현재의 디자인 트렌드는 어 좀 간소화하면서도 이제 좀 예쁜 디자인을 추구하는 그런 어 좀 추세가 반영이 많이 되고 있는 것 같습니다. 어 이제 예를 들어서 하나 설명해 드리자면 이제 젊은 세대 층에서 좀 갤럭시보다는 아이폰이 주로 더 사랑을 받는 이 그러한 이유로도 설명을 해 볼 수 있겠습니다. 어 저는 이런 좀 젊은 세대의 트렌드를 빠르게 파악을 하고 이 저의 디자인 패턴에 잘 반영하기 위해서 좀 에스앤에스 활동을 다양하게 하면서 이러한 부분들을 빠르게 파악하려고 노력하고 있습니다. 확실히 에스엔에스 활동을 많이 하게 되면 최근 젊은 세대 즉 엠지 세대가 어떤 디자인을 사랑하고 어떠한 생각들을 가지고 있는지 정말 빠르게 파악이 가능한 것 같습니다. 어 저도 이제 디자인 작업을 할 때 이러한 점들을 상당 부분 참고해서 진행을 하고 있으며 제가 입사를 하게 된다고 하더라도 좀 이렇게 좀 디자인 트렌드를 잘 빠르게 파악하려는 저의 이러한 노력들은 계속될 것 같습니다.","wordCount":135},"emotion":[],"intent":[{"text":"어 저는 이런 좀 젊은 세대의 트렌드를 빠르게 파악을 하고 이 저의 디자인 패턴에 잘 반영하기 위해서 좀 에스앤에스 활동을 다양하게 하면서 이러한 부분들을 빠르게 파악하려고 노력하고 있습니다.","expression":"d_trendy","category":"technology"}],"summary":{"text":"디자인 트렌드는 간소화하면서도 예쁜 디자인을 추구하는 추세가 반영이 되고 있습니다. 저는 젊은 세대의 트렌드를 빠르게 파악하고 디자인 패턴에 반영하기 위해 에스앤에스 활동을 다양하게 하고 있으며, 젊은 세대 즉 엠지 세대가 어떤 디자인을 좋아하고 어떠한 생각들을 가지고 있는지 빠르게 파악합니다.","wordCount":39}}},"rawDataInfo":{"question":{"fileFormat":"wav","fileSize":262478,"duration":8200,"samplingBit":16,"channelCount":1,"samplingRate":"16kHz","audioPath":"/Mock/06.Design/Male/New/ckmk_q_ard_m_n_227681.wav"},"answer":{"fileFormat":"wav","fileSize":2392398,"duration":74760,"samplingBit":16,"channelCount":1,"samplingRate":"16kHz","audioPath":"/Mock/06.Design/Male/New/ckmk_a_ard_m_n_227681.wav"}}}