{"version":"1.0","dataSet":{"info":{"date":"20230116","occupation":"ARD","channel":"MOCK","place":"ONLINE","gender":"MALE","ageRange":"-34","experience":"NEW"},"question":{"raw":{"text":"오늘 면접을 준비하느라 정말 고생이 많으셨을 텐데요 어떤 방식으로 이번 면접을 준비하셨는지 구체적으로 말씀해 주실 수 있을까요","wordCount":17},"emotion":[],"intent":[]},"answer":{"raw":{"text":"저는 뭐 사실 그냥 최대한 저다운 모습을 보여드리려고 생각을 하고 왔었고요. 그래서 어떠한 질문을 하셔도 긴장하지 않고 어 그 순간에 침착하게 제가 가진 생각을 조금 차분하게 말할 수 있기를 이라는 목표로 그러한 걸 제가 목표로 하고 오늘 이 자리에 왔었습니다. 그래서 뭐 기본적인 뭐 회사의 기본 정보 같은 것만 쪼금 보고 왔지 나머지는 사실 면접 자체가 네 저에 대해서 궁금해 하시는 거일 거기 때문에 저를 조금 돌아보면서 준비하려고 했고요. 그랬었습니다. 네 제 저에 대한 소개를 잘 해야 더 플러스 요인일 거라고 생각을 했었어요. 뭐 회사에 대한 공부 뭐 어떤 정보 외우기 이런 것보다 네 그냥 저를 있는 그대로 잘 보여 드리자 라는 마음으로 오늘 왔었습니다.","wordCount":105},"emotion":[],"intent":[{"text":"","expression":"","category":"attitude"}],"summary":{"text":"저는 최대한 저다운 모습을 보여드려야 겠다는 목표로 이 자리에 왔습니다. 그래서 기본적인 회사의 기본 정보만 보고 왔었고 나머지는 조금 돌아보며 준비하려고 했습니다. 그냥 있는 그대로 잘 보여드렸는데 라는 마음으로 오늘 왔었습니다.","wordCount":31}}},"rawDataInfo":{"question":{"fileFormat":"wav","fileSize":593998,"duration":18560,"samplingBit":16,"channelCount":1,"samplingRate":"16kHz","audioPath":"/Mock/06.Design/Male/New/ckmk_q_ard_m_n_189116.wav"},"answer":{"fileFormat":"wav","fileSize":2517198,"duration":78660,"samplingBit":16,"channelCount":1,"samplingRate":"16kHz","audioPath":"/Mock/06.Design/Male/New/ckmk_a_ard_m_n_189116.wav"}}}