{"version":"1.0","dataSet":{"info":{"date":"20230116","occupation":"ARD","channel":"MOCK","place":"ONLINE","gender":"MALE","ageRange":"-34","experience":"NEW"},"question":{"raw":{"text":"지원자님이 생각하시기에 글로벌 인재의 필수 요소는 어떤 것이라고 생각하시나요 면접자님이 그것을 위해 노력했던 것은 어떤 것이 있는지도 궁금합니다","wordCount":18},"emotion":[],"intent":[]},"answer":{"raw":{"text":"글로벌 인제에게 필수 요소는 우선 저는 커뮤니케이션 역량과 언어라고 생각합니다. 저는 대학 생활을 하면서 이 년간 영국에서 교환 학생으로 수업을 들으며 다양한 국적의 사람들과 팀을 이루고 그리고 그들과 소통하는 법을 배웠습니다. 그리고 학교 뿐만 아니라 글로벌 기업 인터넷 경험을 통해서 실무 실무에 적용할 수 있는 역량도 키웠습니다. 조직에서의 커뮤니케이션 경험은 저를 어느 상황에서도 좋은 팀웍과 최대의 시너지를 낼 수 있는 능력을 갖게 해주었습니다.","wordCount":63},"emotion":[],"intent":[{"text":"글로벌 인제에게 필수 요소는 우선 저는 커뮤니케이션 역량과 언어라고 생각합니다.","expression":"c_value","category":"background"},{"text":"저는 대학 생활을 하면서 이 년간 영국에서 교환 학생으로 수업을 들으며 다양한 국적의 사람들과 팀을 이루고 그리고 그들과 소통하는 법을 배웠습니다.","expression":"c_private","category":"background"}],"summary":{"text":"저는 대학에서 교환학생으로 수업을 들으며 다양한 국적의 사람들과 팀을 이루는 법을 배웠습니다. 그리고 글로벌 기업 인터넷 경험을 통해서 실무에 적용할 수 있는 역량도 키웠습니다.","wordCount":24}}},"rawDataInfo":{"question":{"fileFormat":"wav","fileSize":414158,"duration":12940,"samplingBit":16,"channelCount":1,"samplingRate":"16kHz","audioPath":"/Mock/06.Design/Male/New/ckmk_q_ard_m_n_179512.wav"},"answer":{"fileFormat":"wav","fileSize":1610958,"duration":50340,"samplingBit":16,"channelCount":1,"samplingRate":"16kHz","audioPath":"/Mock/06.Design/Male/New/ckmk_a_ard_m_n_179512.wav"}}}