{"version":"1.0","dataSet":{"info":{"date":"20230116","occupation":"ARD","channel":"MOCK","place":"ONLINE","gender":"MALE","ageRange":"-34","experience":"NEW"},"question":{"raw":{"text":"얼마 전에 구급 대원이 주취자에게 폭행을 당해서 순직하는 안타까운 일이 있었는데요 이 사건에 대해서 지원자님께서는 어떻게 생각하시는지 본인의 생각을 듣고 싶습니다","wordCount":21},"emotion":[],"intent":[]},"answer":{"raw":{"text":"네 저도 얼마 전에 뉴스를 통해서 어 구급대원께서 이제 주취자에게 폭행을 당해서 어 순직 당하는 이런 안타까운 사고를 접하게 되었습니다. 어 이 사건에 대해서 많은 생각을 하게 되었지만 우선 가 가장 먼저 들었던 생각은 어 정말 어 생명이 위급한 여러 사람들을 살릴 수 있는 그런 소중한 인적 자원이라고 볼 수 있는 구급대원이 어떻게 보면 이런 주취자에게 폭행을 당해 순직 당한 게 좀 국가가 이 사람을 지켜주지 못했다 우리 사회가 이 사람을 지켜주지 못했다 라는 좀 안타까움이 있었습니다. 따라서 이런 안타까운 사고를 방지하기 위해서는 어 국가 차원 즉 이제 법률적인 제도 차원에서 이러한 것들을 잘 해결할 수 있도록 많은 노력이 필요할 것 같으며 이러한 안타까운 사고가 발생을 할 때 어 우리 모두가 사회 구성원 모두가 좀 이러한 안타까움에 같이 공감하고 어 좀 좋은 후속 조치가 이루어질 수 있도록 어 끊임없이 관심을 갖고 어 좀 정치에 관심을 갖고 좀 그러한 모습들이 가장 필요할 것 같습니다.","wordCount":143},"emotion":[{"text":"네 저도 얼마 전에 뉴스를 통해서 어 구급대원께서 이제 주취자에게 폭행을 당해서 어 순직 당하는 이런 안타까운 사고를 접하게 되었습니다.","expression":"n-sadness","category":"positive"},{"text":"우리 사회가 이 사람을 지켜주지 못했다 라는 좀 안타까움이 있었습니다.","expression":"n-sadness","category":"positive"}],"intent":[{"text":"","expression":"","category":"attitude"}],"summary":{"text":"구급대원이 주취자에게 폭행을 당해 순직하는 안타까운 사고를 접하게 되었습니다. 이러한 안타까운 사고를 방지하기 위해서는 국가 차원 또는 법률적인 제도 차원에서 이러한 것들을 잘 해결할 수 있도록 많은 노력이 필요할 것 같으며, 우리 모두가 정치에 관심을 갖고 이러한 사건들이 발생하지 않도록 해야 할 것입니다.","wordCount":43}}},"rawDataInfo":{"question":{"fileFormat":"wav","fileSize":454478,"duration":14200,"samplingBit":16,"channelCount":1,"samplingRate":"16kHz","audioPath":"/Mock/06.Design/Male/New/ckmk_q_ard_m_n_226899.wav"},"answer":{"fileFormat":"wav","fileSize":2603598,"duration":81360,"samplingBit":16,"channelCount":1,"samplingRate":"16kHz","audioPath":"/Mock/06.Design/Male/New/ckmk_a_ard_m_n_226899.wav"}}}