{"version":"1.0","dataSet":{"info":{"date":"20230116","occupation":"ARD","channel":"MOCK","place":"ONLINE","gender":"MALE","ageRange":"-34","experience":"NEW"},"question":{"raw":{"text":"일을 하다 보면 남을 잘 이끄는 리더형과 남을 잘 따르는 팔로워 형으로 나누어지게 됩니다 본인은 남을 잘 이끄는 리더형인지 남을 잘 따르는 팔로형인지 말씀해 주시기 바랍니다","wordCount":26},"emotion":[],"intent":[]},"answer":{"raw":{"text":"저는 리더나 팔로워 구분이 저에게는 딱히 없는 것 같습니다. 어 단지 상황에 맞게 제가 있는 위치나 업무 숙련도에 따라 거기에 맞는 역할을 수행해 왔습니다. 팀원의 어 구성이나 수행능력을 봤을 때 리더가 필요한 상황이고 제가 그 역할에 무리가 없다고 판단이 되면 그 리더로서 그 역할을 잘 수행해 왔다고 생각합니다. 그리고 팔로워의 역할이 주어진다면 리더의 조율에 맞게 리더와 팀원들을 서포트 해주면서 커뮤니케이션 조율이나 팀 분위기 증진 등을 위해 노력하는 편입니다.","wordCount":68},"emotion":[],"intent":[{"text":"","expression":"","category":"attitude"}],"summary":{"text":"저는 리더나 팔로워 구분을 할 필요가 없다고 생각하며, 상황에 맞는 역할 수행을 해 왔다고 생각합니다. 만약 리더 역할을 한다면 그에 맞게 서포트하고 팀 분위기 증진을 위해 노력합니다.","wordCount":27}}},"rawDataInfo":{"question":{"fileFormat":"wav","fileSize":660558,"duration":20640,"samplingBit":16,"channelCount":1,"samplingRate":"16kHz","audioPath":"/Mock/06.Design/Male/New/ckmk_q_ard_m_n_179504.wav"},"answer":{"fileFormat":"wav","fileSize":1687118,"duration":52720,"samplingBit":16,"channelCount":1,"samplingRate":"16kHz","audioPath":"/Mock/06.Design/Male/New/ckmk_a_ard_m_n_179504.wav"}}}