{"version":"1.0","dataSet":{"info":{"date":"20230116","occupation":"ARD","channel":"MOCK","place":"ONLINE","gender":"MALE","ageRange":"-34","experience":"NEW"},"question":{"raw":{"text":"지원자분께서는 이전 직장에서 퇴사를 하시고 난 이후에 퇴사한 사실 자체를 후회한 적은 없으신지 궁금합니다 있으시다고 한다면 왜 였는지도 함께 이야기해 주시기 바랍니다","wordCount":22},"emotion":[],"intent":[]},"answer":{"raw":{"text":"후회가 되고 있는 부분이 있다고 하면 만약에 퇴사하지 않고 계속 다녔었다면 저는 아마 꽤 높은 직급에 올라가 있었을 것 같아요. 그렇지만 저는 그만둘 수 밖에 없었던 이유는 그 회사의 미래성이 없다고 판단이 되었었습니다. 그 회사가 이제 다른 쪽으로 이제 경영권이 넘어갈 거라는 얘기를 듣고서 그것이 결정적이었어서 아 이 경영진들은 이 회사의 어떤 성장에 투자에 관심이 없나 그런 어떤 실망스러운 마음에 퇴사를 하고 아예 직종을 옮기게 됐는데 아직도 그 회사가 멀쩡히 이렇게 운영이 되고 있는 걸 보면서 아 만약에 내가 그만두지 않고 계속 다녔다면 지금쯤은 훨씬 더 높은 높은 직급과 연봉을 받으면서 일을 하고 있었을텐데 라는 후회가 없다고 하면 거짓말입니다 좀 후회가 되는 부분이 있습니다. 네","wordCount":105},"emotion":[],"intent":[{"text":"","expression":"","category":"attitude"}],"summary":{"text":"만약 퇴사하지 않고 계속 다녔다면 저는 높은 직급에 올라가 있었을 것 같은데 그만두지 않을 수 밖에 없었던 이유는 그 회사의 미래성이 없다고 판단되었기 때문이었습니다. 그런데 지금은 훨씬 더 높은 직급과 연봉을 받으면서 일을 하고 있텐데 라는 후회가 되었습니다.","wordCount":38}}},"rawDataInfo":{"question":{"fileFormat":"wav","fileSize":528398,"duration":16510,"samplingBit":16,"channelCount":1,"samplingRate":"16kHz","audioPath":"/Mock/06.Design/Male/New/ckmk_q_ard_m_n_186823.wav"},"answer":{"fileFormat":"wav","fileSize":2449358,"duration":76540,"samplingBit":16,"channelCount":1,"samplingRate":"16kHz","audioPath":"/Mock/06.Design/Male/New/ckmk_a_ard_m_n_186823.wav"}}}