{"version":"1.0","dataSet":{"info":{"date":"20230116","occupation":"ARD","channel":"MOCK","place":"ONLINE","gender":"MALE","ageRange":"-34","experience":"NEW"},"question":{"raw":{"text":"특별히 가고 싶은 회사가 있으십니까 특정 도메인이 중요한지 회사에 분위기가 중요한지 어떤 점을 중점적으로 보시는지 말씀해 주세요","wordCount":17},"emotion":[],"intent":[]},"answer":{"raw":{"text":"어 제가 가고 싶은 회사를 선정할 때 가장 중요하게 보는 것은 아무래도 그 회사의 분위기인 것 같습니다. 어 물론 급여나 뭐 출퇴근 거리 뭐 등등 다양한 그러한 결정 요인들이 있겠지만 저에게 있어서는 어 좀 회사의 업무 분위기가 가장 중요한 것 같습니다. 제가 신입 사원으로 입사한다고 하더라도 어 너무 기죽지 않고 이제 나의 어떤 어 쫌 독창적인 생각이나 그런 주장들을 좀 강하게 펼칠 수 있는 쫌 그러한 편안한 분위기가 마련이 되어 있는 회사면 좋을 것 같습니다. 물론 입사를 하여서 이제 제가 연차가 쌓이고 상사의 자이 자리에 오르게 되더라도 쫌 저는 쫌 저보다 어린 사원들의 그런 의견들을 잘 수용하기 위해서 이러한 분위기를 자발적으로 조성할 수 있도록 쫌 많은 노력을 할 것 같습니다. 그리고 회사 전체적으로 보았을 때도 이렇게 어린 사원들의 다양한 의견들을 존중해주는 것이 결국 어 매출의 증가로 이어진다고 생각하고 있습니다.","wordCount":129},"emotion":[],"intent":[{"text":"","expression":"","category":"attitude"}],"summary":{"text":"제가 가고 싶은 회사를 선정할 때 가장 중요하게 보는 것은 회사의 업무 분위기인 것 같습니다. 신입 사원으로 입사한다고 하더라도 편안한 분위기가 마련되어 있으면 좋겠습니다. 그리고 사원들의 다양한 의견들을 존중해주는 것이 결국 매출의 증가로 이어진다고 생각하고 있습니다.","wordCount":36}}},"rawDataInfo":{"question":{"fileFormat":"wav","fileSize":420878,"duration":13150,"samplingBit":16,"channelCount":1,"samplingRate":"16kHz","audioPath":"/Mock/06.Design/Male/New/ckmk_q_ard_m_n_227307.wav"},"answer":{"fileFormat":"wav","fileSize":2325198,"duration":72660,"samplingBit":16,"channelCount":1,"samplingRate":"16kHz","audioPath":"/Mock/06.Design/Male/New/ckmk_a_ard_m_n_227307.wav"}}}