{"version":"1.0","dataSet":{"info":{"date":"20230116","occupation":"ARD","channel":"MOCK","place":"ONLINE","gender":"MALE","ageRange":"-34","experience":"NEW"},"question":{"raw":{"text":"지원자님께서 앞으로 꾸준히 다녀야 되는 직장을 최종적으로 결정하실 때 가장 중요하게 여기는 세 가지 사항이 있다면 무엇인지 말씀해 주세요","wordCount":19},"emotion":[],"intent":[]},"answer":{"raw":{"text":"저는 직장을 선택할 때 회사와 직장과의 거리 그리고 여러 가지 복지 혜택 그리고 그 회사 안에서 누릴 수 있는 여러 가지 동아리 활동들을 기대를 할 것 같습니다. 왜냐하면 저는 회사 회사라는 것이 단순하게 돈만 받고 그렇게 할 일만 하는 그런 것이 아니라 회사를 통해서 다양한 어떤 활동들을 기대할 수 있는 것들을 기대하고 있습니다. 그것이 바로 이제 사람들의 어울림이라든가 이제 회사에서 주는 여러 가지 복지 혜택을 누릴 수 있는 또 다른 어떤 생활의 패턴 그리고 직장 직장과 집 사이에 어떤 거리를 어떤 그 거리의 계산을 통한 그런 시간 등을 확보를 해서 여러 가지 활동을 할 수 있는 그런 것들을 저는 추구하게 될 것 같습니다.","wordCount":103},"emotion":[],"intent":[{"text":"","expression":"","category":"attitude"}],"summary":{"text":"저는 직장을 선택할 때 회사와 직장과의 거리, 복지 혜택 그리고 회사 안에서 누릴 수 있는 여러 동아리 활동들을 기대하고 있습니다. 사람들과의 어울림, 복지와 거리의 계산 등을 통해 여러 활동을 할 수 있는 것을 추구하게 될 것 같습니다.","wordCount":37}}},"rawDataInfo":{"question":{"fileFormat":"wav","fileSize":422478,"duration":13200,"samplingBit":16,"channelCount":1,"samplingRate":"16kHz","audioPath":"/Mock/06.Design/Male/New/ckmk_q_ard_m_n_218734.wav"},"answer":{"fileFormat":"wav","fileSize":2039438,"duration":63730,"samplingBit":16,"channelCount":1,"samplingRate":"16kHz","audioPath":"/Mock/06.Design/Male/New/ckmk_a_ard_m_n_218734.wav"}}}