{"version":"1.0","dataSet":{"info":{"date":"20230116","occupation":"ARD","channel":"MOCK","place":"ONLINE","gender":"MALE","ageRange":"-34","experience":"NEW"},"question":{"raw":{"text":"어 인생을 살다 보면 시험 기간이나 시간이 촉박한 상황이 생기기 마련인데요 지원자님께서는 어 그러한 상황들의 시간 관리를 어떻게 하셨는지 궁금합니다 지원자님만의 시간관리 노하우가 있으신가요","wordCount":24},"emotion":[],"intent":[]},"answer":{"raw":{"text":"시험 기간 시간이 촉박할 때 어떻게 시간 관리를 하셨습니까. 지원자님만의 시간 관리법이 궁금합니다 라고 이렇게 질문을 해주셨는데요 일단은 시험 기간이나 시간이 촉박할 상황이 굉장히 많았습니다. 제가 일을 좀 잘 어 바쁜 일이 있거나 이러면 미루는 스타일이긴 해 가지고 그런 것들 때문에 어 시험 기간이나 그냥 시간이 촉박할 상황들이 굉장히 많았는데요 일단 시험 기간에 시간이 촉박하게 되면 어 굉장히 어 사람이 다급해지고 알았던 것도 놓치게 되고 어 인제 체크해 둔 부분을 잘 확인할 수 없을 거라고 생각을 합니다. 그렇기 때문에 저는 시험 기간이나 갱시간 촉박할 때 어 이 계획을 세우는 편입니다. 시행하지 못하더라도 계획을 세워서 하나하나 차근차근 해결을 해 나가다 보면 어 굉장히 어 시간을 그나마 이 촉박한 와중에 이렇게 계획적으로 쓸 수 있다고 생각을 하기 때문에 그런 점이 있어서 그런 것 같고 시간이 촉박할 때도 이렇게 계획을 세워서 어떤 일을 할 때도 하나를 하더라도 제대로 하자 라는 이런 마인드로 계획을 세워두면 제가 계획을 보면서 아 난 지금 이걸 완료했고 이 다음에 이걸 하면 되겠다 하면서 시간도 굉장히 절약이 되고 많은 부분들에서 좋은 점이 있는 것 같기 때문에 그런 식으로 시간을 관리하고 있습니다.","wordCount":172},"emotion":[],"intent":[{"text":"","expression":"","category":"attitude"}],"summary":{"text":"저는 시험 기간이나 갱시간 촉박할 때 계획을 세우는 편입니다. 시행하지 못하더라도 계획을 세워서 하나하나 해결해 나가다 보면 시간을 절약하고 많은 부분들에서 좋은 점이 있는 것 같기 때문에 그렇게 시간을 관리하고 있습니다.","wordCount":31}}},"rawDataInfo":{"question":{"fileFormat":"wav","fileSize":566478,"duration":17700,"samplingBit":16,"channelCount":1,"samplingRate":"16kHz","audioPath":"/Mock/06.Design/Male/New/ckmk_q_ard_m_n_201646.wav"},"answer":{"fileFormat":"wav","fileSize":2800078,"duration":87500,"samplingBit":16,"channelCount":1,"samplingRate":"16kHz","audioPath":"/Mock/06.Design/Male/New/ckmk_a_ard_m_n_201646.wav"}}}