{"version":"1.0","dataSet":{"info":{"date":"20230116","occupation":"ARD","channel":"MOCK","place":"ONLINE","gender":"MALE","ageRange":"-34","experience":"NEW"},"question":{"raw":{"text":"만약 상사가 업무와 무관한 일을 시켜도 잘 수행할 자신이 있으십니까 혹은 수행하지 않을 것인지 궁금합니다","wordCount":15},"emotion":[],"intent":[]},"answer":{"raw":{"text":"만약에 그러한 일이 발생을 해도 저는 아주 잘 수행할 것 같습니다. 왜냐하면 저는 어 알바를 할 때에도 예전에 맨날 제 사장님께서 업무와 무관한 일들을 정말 많이 시키셨습니다. 그럴 때마다 저는 매일매일 묵묵히 수행을 하였고 결국에 이렇게 열심히 하시는 다고 생각하셔서 사장님께서는 제 시급을 올려 주기도 하였습니다. 그리고 업무와 무관한 일을 시킨다는 것은 또한 어떻게 보면은 상사님께서 저를 더욱더 편하게 생각하셔서 그런 걸 수도 있으니까 너무 아닌 것 같을 때에는 저는 좀 당당하게 말씀을 드릴 것 같습니다. 그리고 이것이 엄청나게 타당하지 않다면 인사과의 인사 부서에 보고를 할 것 같습니다. 하지만 이것이 제 업무인지 아니면 업무 그냥 회사 업무에 전혀 관련되지 않으면 안 할 것 같습니다.","wordCount":104},"emotion":[],"intent":[{"text":"","expression":"","category":"attitude"}],"summary":{"text":"알바를 할 때도 사장님께서 업무와 무관한 일들을 정말 많이 시키셨습니다. 그럴 때마다 성실하게 수행한다고 생각하셔서 시급도 올려 주셨습니다. 업무와 상관없는 일을 시킨다는 것이 타당하지 않다면 인사과의 인사 부서에 보고를 할 것 같습니다.","wordCount":32}}},"rawDataInfo":{"question":{"fileFormat":"wav","fileSize":361038,"duration":11280,"samplingBit":16,"channelCount":1,"samplingRate":"16kHz","audioPath":"/Mock/06.Design/Male/New/ckmk_q_ard_m_n_194544.wav"},"answer":{"fileFormat":"wav","fileSize":2824718,"duration":88270,"samplingBit":16,"channelCount":1,"samplingRate":"16kHz","audioPath":"/Mock/06.Design/Male/New/ckmk_a_ard_m_n_194544.wav"}}}