{"version":"1.0","dataSet":{"info":{"date":"20230116","occupation":"ARD","channel":"MOCK","place":"ONLINE","gender":"MALE","ageRange":"-34","experience":"NEW"},"question":{"raw":{"text":"디자인 업무의 프로세스에 관해 설명 좀 해주시고 지원자께서는 어떻게 이를 활용해 일을 일을 하실 생각이신지 함께 말씀해 주세요","wordCount":18},"emotion":[],"intent":[]},"answer":{"raw":{"text":"디자인 업무의 프로세스 즉 과정에 대해서 설명 드리자면 일단 우선 디자인을 할 목적 또는 뭐 목표를 설정해야 하고 그리고 그 디자인의 목표를 설정했으면 그 디자인을 통해서 어떤 사람들이 이익을 볼 수 있는지 그리고 어떻게 사용되면 더 효용적인 측면으로 사용할 수 있을지 토론을 하는 과정을 통해 디자인의 전반적인 이해와 디자인을 위한 팀원 관의 생각의 공유를 충분히 한 후에 그 디자인 설계에 들어가게 됩니다. 그래서 그 디자인은 직접적인 설계 그리고 디자인이 실질적으로 유효한지 생각하는 과정을 거치고 그리고 그 디자인이 완성되었을 때 개선해야 할 점 그리고 그 디자인에 있어서 문제가 되거나 보아 보완해야 할 점을 상의하고 최종적으로 그 디자인을 결정하게 됩니다. 저는 이를 통해서 대학교 과제에 디자인을 하는 과정 속에 이러한 점을 반영한 적이 있습니다.","wordCount":112},"emotion":[],"intent":[{"text":"디자인 업무의 프로세스 즉 과정에 대해서 설명 드리자면 일단 우선 디자인을 할 목적 또는 뭐 목표를 설정해야 하고 그리고 그 디자인의 목표를 설정했으면 그 디자인을 통해서 어떤 사람들이 이익을 볼 수 있는지 그리고 어떻게 사용되면 더 효용적인 측면으로 사용할 수 있을지 토론을 하는 과정을 통해 디자인의 전반적인 이해와 디자인을 위한 팀원 관의 생각의 공유를 충분히 한 후에 그 디자인 설계에 들어가게 됩니다.","expression":"d_dgn_proc","category":"technology"},{"text":"그래서 그 디자인은 직접적인 설계 그리고 디자인이 실질적으로 유효한지 생각하는 과정을 거치고 그리고 그 디자인이 완성되었을 때 개선해야 할 점 그리고 그 디자인에 있어서 문제가 되거나 보아 보완해야 할 점을 상의하고 최종적으로 그 디자인을 결정하게 됩니다.","expression":"d_dgn_proc","category":"technology"}],"summary":{"text":"디자인 업무의 프로세스는 디자인의 목적과 목표를 설정하고 토론을 통해 전반적인 이해와 팀원 관의 생각의 공유를 한 후 디자인 설계에 들어가게 됩니다. 그리하여 디자인 설계가 실질적인 유효한지 생각하는 과정을 거쳐 최종적으로 보완할 점을 상의하고 최종적으로 그 디자인을 결정하게 됩니다.","wordCount":38}}},"rawDataInfo":{"question":{"fileFormat":"wav","fileSize":381518,"duration":11920,"samplingBit":16,"channelCount":1,"samplingRate":"16kHz","audioPath":"/Mock/06.Design/Male/New/ckmk_q_ard_m_n_227216.wav"},"answer":{"fileFormat":"wav","fileSize":2879118,"duration":89970,"samplingBit":16,"channelCount":1,"samplingRate":"16kHz","audioPath":"/Mock/06.Design/Male/New/ckmk_a_ard_m_n_227216.wav"}}}