{"version":"1.0","dataSet":{"info":{"date":"20230116","occupation":"ARD","channel":"MOCK","place":"ONLINE","gender":"MALE","ageRange":"-34","experience":"NEW"},"question":{"raw":{"text":"대학 생활을 보내면서 가장 힘들었던 경험은 무엇인가요 또 그 힘들었던 시간을 어떻게 극복하셨었는지도 구체적으로 말씀해 주세요","wordCount":16},"emotion":[],"intent":[]},"answer":{"raw":{"text":"대학생 문화 보내면서 가장 힘들었던 경험은 아무래도 인간관계인 것 같습니다. 물론 학생 신분의 입장에서 학생과 학생 사이의 인간관계도 힘들었고 그리고 그뿐만 아니라 학생과 교수 사이의 인간관계 또한 쉽지 않았던 것 같습니다. 우선 제가 이것을 극복하기 위해 노력한 점에 대해서 말씀드리자면 저는 개인적으로 내향적인 사람이라고 생각합니다. 하지만 인간관계를 극복하기 위해선 이런 내향적인 부분을 충분히 탈피하고 외향적인 사람이 되도록 노력하자는 생각을 먼저 했고 그리고 이것을 실제적으로 내향적이고 수동적인 사람이 되기보다 외향적이고 능동적인 사람이 되기 위해 여러 가지 프로젝트나 봉사 활동 그리고 동아리에 참여하면서 사람들과 대화함에 있어서 저 혼자 폐쇄적인 상황을 만들지 않고 좀 더 개방적인 인간관계를 가지려고 노력하며 다양한 사람들의 만남을 통해 그러한 저의 부족한 점을 극복했던 것 같습니다.","wordCount":107},"emotion":[],"intent":[{"text":"우선 제가 이것을 극복하기 위해 노력한 점에 대해서 말씀드리자면 저는 개인적으로 내향적인 사람이라고 생각합니다.","expression":"c_person","category":"background"}],"summary":{"text":"대학생 문화를 보내면서 가장 힘들었던 경험은 인간관계인 것 같습니다. 이를 극복하기 위해 저는 개인적으로 내향적인 사람이라고 생각합니다. 하지만 인간관계를 극복하기 위해선 이런 내향적 부분을 충분히 탈피하고 외향적인 사람이 되도록 노력하자는 생각을 먼저 했고, 이것을 실제적으로 외향적이고 능동적인 사람이 되려고 노력하면서 부족한 점을 극복했던 것 같았습니다.","wordCount":45}}},"rawDataInfo":{"question":{"fileFormat":"wav","fileSize":600718,"duration":18770,"samplingBit":16,"channelCount":1,"samplingRate":"16kHz","audioPath":"/Mock/06.Design/Male/New/ckmk_q_ard_m_n_227489.wav"},"answer":{"fileFormat":"wav","fileSize":2847758,"duration":88990,"samplingBit":16,"channelCount":1,"samplingRate":"16kHz","audioPath":"/Mock/06.Design/Male/New/ckmk_a_ard_m_n_227489.wav"}}}