{"version":"1.0","dataSet":{"info":{"date":"20230116","occupation":"ARD","channel":"MOCK","place":"ONLINE","gender":"MALE","ageRange":"-34","experience":"NEW"},"question":{"raw":{"text":"지원자님께서는 만약에 일을 하던 도중 타 부서와 갈등의 상황이 발생을 하게 됩니다 그렇게 된다면 어떻게 해결을 할 생각이신 건가요 상황을 가정했을 때 설명 부탁드립니다","wordCount":24},"emotion":[],"intent":[]},"answer":{"raw":{"text":"먼저 타 부서와 갈등이 생기게 되면은 일단 가장 먼저 대처해야 할 것은 서로 일단 흥분을 가라앉히는 것을 저는 가장 중요하게 생각을 합니다. 저는 학창 시절에도 그렇고 저는 항상 사람들과의 갈등이 생겼을 경우에는 서로 기분이 상하여 그렇게 서로 격앙되기 마련입니다. 또한 목소리도 커지고 흥분을 하여서 제대로 된 이성적인 사고를 하기가 매우 힘들어지는데요. 그러할 경우에는 서로 더 감정적으로 다가가게 되 어그저 자신이 맞다고 우기면서 싸움밖에 되지 않는 꼴이 발생합니다. 따라서 저는 이를 지성인답게 논리적으로 해결해 보자 항상 흥분을 가라앉히고 상대방의 흥분도 가라앉히며 서로 객관적인 제 삼 자의 시선 시선으로 서로의 문제점이라든지 서로 각자가 어떠한 잘못을 했는지 어떠한 합의점을 도출하고 어떠한 해결책이 있을지 이러한 것에 대해서 논의를 하기 때문에 저는 그러한 방법으로 부서와의 갈등 상황을 해결할 것 같습니다.","wordCount":115},"emotion":[],"intent":[{"text":"먼저 타 부서와 갈등이 생기게 되면은 일단 가장 먼저 대처해야 할 것은 서로 일단 흥분을 가라앉히는 것을 저는 가장 중요하게 생각을 합니다.","expression":"c_confl_mg","category":"personality"},{"text":"따라서 저는 이를 지성인답게 논리적으로 해결해 보자 항상 흥분을 가라앉히고 상대방의 흥분도 가라앉히며 서로 객관적인 제 삼 자의 시선 시선으로 서로의 문제점이라든지 서로 각자가 어떠한 잘못을 했는지 어떠한 합의점을 도출하고 어떠한 해결책이 있을지 이러한 것에 대해서 논의를 하기 때문에 저는 그러한 방법으로 부서와의 갈등 상황을 해결할 것 같습니다.","expression":"c_confl_mg","category":"personality"}],"summary":{"text":"타 부서와 갈등이 생길 경우 가장 먼저 대처해야 할 것은 서로 흥분을 가라앉히는 것입니다. 감정적으로 다가가면 싸움이 될 수 있습니다. 따라서 논리적으로 해결하자 항상 흥분과 상대방의 흥분도 가라앉히며 객관적인 제 3 자의 시선 시선으로 합의점과 해결책을 논의해야 합니다.","wordCount":38}}},"rawDataInfo":{"question":{"fileFormat":"wav","fileSize":590158,"duration":18440,"samplingBit":16,"channelCount":1,"samplingRate":"16kHz","audioPath":"/Mock/06.Design/Male/New/ckmk_q_ard_m_n_194543.wav"},"answer":{"fileFormat":"wav","fileSize":2798158,"duration":87440,"samplingBit":16,"channelCount":1,"samplingRate":"16kHz","audioPath":"/Mock/06.Design/Male/New/ckmk_a_ard_m_n_194543.wav"}}}