{"version":"1.0","dataSet":{"info":{"date":"20230116","occupation":"ARD","channel":"MOCK","place":"ONLINE","gender":"MALE","ageRange":"-34","experience":"NEW"},"question":{"raw":{"text":"네 현대 사회에서 없어서는 안 될 가장 중요한 직업은 무엇이라고 생각하시는지요 본인이 생각하는 가장 중요한 직업을 한 가지만 골라서 말씀해 주시기 바랍니다","wordCount":22},"emotion":[],"intent":[]},"answer":{"raw":{"text":"상담사요. 상담사가 생각이 나네요. 현대 사회라고 하시니까 확실히 그리고 제가 어렸을 때보다 어 요즘에 이제 그 상담에 대한 인식과 어떤 그 규모가 정말 많이 달라졌다는 걸 느껴요. 정말 다양해지고 정말 광범위해지고 그리고 매체에서 또 그런 상담에 대한 걸 다루기 때문에 그리고 매체에 나오는 사람들이 자신이 상담을 받았다고 고백을 하고 그까 고백이라는 게 이제 뭐 뭐 죄짓고 이런 게 아니잖아요. 고백이란 말이 또 웃길 수도 있지만 그냥 자기의 기억을 그냥 네 얘기하는 걸 수도 있지만 그냥 대화라고 할 수도 있는데 어디 나와서 누구랑 뭐 인터뷰를 하면서 나온 걸 고백이라고 하는 게 되게 죄지은 것처럼 느껴지는 단어이기도 한데 그런 부분들이 조금 어떤 그 상담을 받는 그 부분 그 경계를 많이 허물면서 사람들이 자신의 스트레스나 자신의 어떤 감정적인 부분에 대해서 재고하고 할 수 있기 때문에 그걸 들어주는 상담사가 꼭 있어야 된다고 생각해요.","wordCount":129},"emotion":[],"intent":[{"text":"","expression":"","category":"attitude"}],"summary":{"text":"현대 사회에서 상담에 대한 인식과 규모가 다양해지고 광범위해지면서, 매체에서 상담을 받았다고 고백을 하는 것이 죄지은 것처럼 느껴지는데, 그런 부분에서 상담을 받는 그 부분을 많이 허물면서 자신의 스트레스나 감정적인 부분을 재고하고 할 수 있는 상담사가 꼭 있어야 한다고 생각합니다.","wordCount":38}}},"rawDataInfo":{"question":{"fileFormat":"wav","fileSize":467278,"duration":14600,"samplingBit":16,"channelCount":1,"samplingRate":"16kHz","audioPath":"/Mock/06.Design/Male/New/ckmk_q_ard_m_n_189122.wav"},"answer":{"fileFormat":"wav","fileSize":2927118,"duration":91470,"samplingBit":16,"channelCount":1,"samplingRate":"16kHz","audioPath":"/Mock/06.Design/Male/New/ckmk_a_ard_m_n_189122.wav"}}}