{"version":"1.0","dataSet":{"info":{"date":"20230116","occupation":"ARD","channel":"MOCK","place":"ONLINE","gender":"MALE","ageRange":"-34","experience":"NEW"},"question":{"raw":{"text":"업무 중 스케줄에 없던 일이 생길 때가 많습니다 지원자님께서는 이런 상황이 생긴다면 어떻게 대처하시겠습니까 말씀해 주세요","wordCount":16},"emotion":[],"intent":[]},"answer":{"raw":{"text":"업무 중에 스케줄에 없던 일이 갑자기 생긴다면 저는 먼저 우선 순위를 생각하겠습니다. 좀 더 중요하고 일정이 짧은 일을 먼저 끝내 놓고 그나마 일정이 여유로운 일을 그 뒤에 끝내는 것이 업무를 전체적인 업무를 생각하기에 가장 효율적인 방법이라고 생각하기 때문입니다.","wordCount":38},"emotion":[],"intent":[{"text":"","expression":"","category":"attitude"}],"summary":{"text":"업무 중에 스케줄에 없던 일이 생긴다면 우선 순위를 생각하겠습니다. 좀 더 중요하고 일정이 짧은 일을 먼저 끝내 놓고 여유로운 일을 그 뒤에 끝내는 것이 효율적이기 때문입니다.","wordCount":26}}},"rawDataInfo":{"question":{"fileFormat":"wav","fileSize":600398,"duration":18760,"samplingBit":16,"channelCount":1,"samplingRate":"16kHz","audioPath":"/Mock/06.Design/Male/New/ckmk_q_ard_m_n_177834.wav"},"answer":{"fileFormat":"wav","fileSize":1155278,"duration":36100,"samplingBit":16,"channelCount":1,"samplingRate":"16kHz","audioPath":"/Mock/06.Design/Male/New/ckmk_a_ard_m_n_177834.wav"}}}