{"version":"1.0","dataSet":{"info":{"date":"20230116","occupation":"ARD","channel":"MOCK","place":"ONLINE","gender":"MALE","ageRange":"-34","experience":"NEW"},"question":{"raw":{"text":"우리 회사가 해외 무대로 진출을 한다면 어디로 진출하는 것이 좋을지 이유와 함께 말씀 부탁드립니다","wordCount":14},"emotion":[],"intent":[]},"answer":{"raw":{"text":"우리나라 어떤 문화가 예상치 못하게 그런 영미권 유럽권에 진출해서 뛰어난 실적을 이룬 것은 정말 기대하지 못했던 것이었던 것 같습니다. 정말 기대 이상이었고 어떤 누가 봐도 예상 외 외였고 그렇지만 그런 시점에서 그런 시점에서 다시 보았을 때 이 동일한 언어권을 가지고 있는 중앙아시아 쪽 중앙아시아 문화권에 실제로 우리나라 언어를 사용하고 있는 민족들도 있다고 들었고 실제로 고려인들도 그쪽에 많이 계시고 뭐 사업성으로 따져봤을 때는 영미권 유럽권 이런 데 보다는 조금 약할 수 있다고 생각을 생각을 합니다. 그렇지만 또 문화권에 동일된 관점에서 봤을 때는 중앙아시아 쪽도 나쁘지 않지 않나 중앙아시아 쪽도 한 번 고려해 보는 게 좋을 것 같습니다.","wordCount":96},"emotion":[],"intent":[{"text":"","expression":"","category":"attitude"}],"summary":{"text":"동일한 언어권을 가지고 있는 중앙아시아 문화권에 실제로 우리나라 언어를 사용하고 있는 민족들도 있다고 들었고 실제로 고려인들도 이쪽에 많이 계시고 해서 사업성으로 따져봤을 때는 영미권 유럽권 보다는 조금 약할 수 있습니다.","wordCount":30}}},"rawDataInfo":{"question":{"fileFormat":"wav","fileSize":379278,"duration":11850,"samplingBit":16,"channelCount":1,"samplingRate":"16kHz","audioPath":"/Mock/06.Design/Male/New/ckmk_q_ard_m_n_186830.wav"},"answer":{"fileFormat":"wav","fileSize":2462798,"duration":76960,"samplingBit":16,"channelCount":1,"samplingRate":"16kHz","audioPath":"/Mock/06.Design/Male/New/ckmk_a_ard_m_n_186830.wav"}}}