{"version":"1.0","dataSet":{"info":{"date":"20230116","occupation":"ARD","channel":"MOCK","place":"ONLINE","gender":"MALE","ageRange":"-34","experience":"NEW"},"question":{"raw":{"text":"살면서 지금까지 전혀 새로운 환경에서 아주 몰랐던 일을 맡아서 한 경험이 있나요 있다면 말씀해 주세요","wordCount":15},"emotion":[],"intent":[]},"answer":{"raw":{"text":"지금까지 살아오면서 새로운 환경에서 전혀 몰랐던 일을 맡아서 한 경험이 있다면 소개해 달라고 질문을 해주셨는데요. 지금까지 살아오면서 어 새로운 환경을 굉장히 많이 경험했다고 생각해요. 어 근데 그중에서 전혀 몰랐던 일을 맡아서 한 경험이 있냐고 물어보신다면 어 저는 어 그렇게 많은 경험을 하지 못했지만 어 제가 원래 운동 쪽을 좋아해서 항상 어 학교를 다닐 때 어 체육부장이나 체육 도우미 같은 그런 역할을 자주 했었는데 어 갑자기 이제 교무부장과 어 뭐 마케팅 홍보 포스터 만드는 일을 맡게 되었습니다. 어 처음에는 굉장히 당황을 해서 어떻게 하는지도 모르고 굉장히 얼이 탔었지만 어 그것도 상대방을 끌어 모으고 상대방이 그걸 보고 어 마케팅이 성공하고 홍보가 되기 위해서 열심히 포스터도 만들고 홍보를 친구들과 함께 했던 기억이 있는데요. 어 그런 경험에 있어서 굉장히 새로 보였고 어 내가 운동과 스포츠 말고도 더 좋아하고 잘할 수 있는 것이 있구나 라고 생각을 하면서 굉장히 좋고 새로웠던 경험이었다고 생각합니다.","wordCount":137},"emotion":[],"intent":[{"text":"","expression":"","category":"attitude"}],"summary":{"text":"지금까지 살아오면서 새로운 환경에서 전혀 몰랐던 일을 맡아서 한 경험이 있다면 소개해 달라고 질문해주셨습니다. 저는 운동을 좋아해서 체육 부장이나 체육 도우미 역할을 자주 했었는데 교무 부장과 마케팅 홍보 포스터 만드는 일을 맡게 되었습니다. 마케팅이 성공하고 홍보를 친구들과 함께 했던 기억이 있습니다.","wordCount":41}}},"rawDataInfo":{"question":{"fileFormat":"wav","fileSize":389838,"duration":12180,"samplingBit":16,"channelCount":1,"samplingRate":"16kHz","audioPath":"/Mock/06.Design/Male/New/ckmk_q_ard_m_n_174315.wav"},"answer":{"fileFormat":"wav","fileSize":2611918,"duration":81620,"samplingBit":16,"channelCount":1,"samplingRate":"16kHz","audioPath":"/Mock/06.Design/Male/New/ckmk_a_ard_m_n_174315.wav"}}}