{"version":"1.0","dataSet":{"info":{"date":"20230116","occupation":"ARD","channel":"MOCK","place":"ONLINE","gender":"MALE","ageRange":"35-44","experience":"NEW"},"question":{"raw":{"text":"네 회사의 덕목이 무엇이라고 생각하시는지요 어 그리고 지원자님 생각하시기에 어떤 회사가 좋은 회사일까요 어 평소 생각하셨던 바가 있으면 소개해 주시기 바랍니다","wordCount":21},"emotion":[],"intent":[]},"answer":{"raw":{"text":"저는 세 가 저는 세 가지 면에서 좋은 회사의 규분을 판단합니다. 일단은 돈을 많이 버는 회사가 좋은 회사죠. 돈을 많이 벌지 못하는 회사가 어떤 의미가 있을까요. 물론 공익법인이라든지 사회적 기업 같은 경우에는 사회 가치를 실현함으로써의 그 목적이 있기 때문에 그런 면은 이루어야 더 좋은 회사지만 기본적으로 경제활동 사업을 하는 회사는 돈을 많이 벌고 경제적 이익을 취할 수 있는 회사가 좋은 회사입니다. 두 번째로 이거는 공 똑같은 가치를 지닌다고 생각합니다. 순서와는 상관없이 두 번째로는 구성원들이 모두 열심히 자기의 일을 찾아서 하는 회사의 환경을 만들어주는 게 좋은 회사라고 생각을 합니다. 그냥 시키는 것만 하는 수동적인 회사가 아닌 회사 구성원들이 각각 나서서 자신의 할 일을 명확하게 알고 있고 더 나은 일을 하기 위해 끊임없이 노력하는 환경을 만들어주는 회사 그런 회사가 가장 좋은 회사라고 생각을 합니다. 세 번째로는 분위기입니다. 좋은 분위기라는 거는 상하 관계가 명확하든 가족 같은 사이든 상관이 없습니다. 중요한 거는 본인이 하고자 하는 능력을 이끌어 주는 환경 속에서 일할 수 있게끔 만들어주는 분위기를 명확하게 전달해주는 회사가 좋다고 생각합니다. 그것에 적응하는 거는 구성원들이 가져야 될 문제라고 생각을 합니다. 정해진 게 아니라 그 구성원들이 따를 수 있게끔 명확한 철학을 갖고 있는 회사가 좋은 회사라고 생각합니다.","wordCount":181},"emotion":[],"intent":[{"text":"","expression":"","category":"attitude"}],"summary":{"text":"경제활동 사업을 하는 회사는 돈을 많이 벌고 경제적 이익을 취할 수 있는 회사가 좋은 회사입니다. 두번째로는 모두가 열심히 자기의 일을 찾아서 하는 회사의 환경을 만들어주는 게 좋은 회사라고 생각합니다. 세번째로는 본인이 하고자 하는 능력을 이끌어 주는 환경 속에서 일할 수 있게 해주는 분위기를 명확하게 전달해주는 회사가 좋습니다.","wordCount":47}}},"rawDataInfo":{"question":{"fileFormat":"wav","fileSize":529998,"duration":16560,"samplingBit":16,"channelCount":1,"samplingRate":"16kHz","audioPath":"/Mock/06.Design/Male/New/ckmk_q_ard_m_n_189211.wav"},"answer":{"fileFormat":"wav","fileSize":2833998,"duration":88560,"samplingBit":16,"channelCount":1,"samplingRate":"16kHz","audioPath":"/Mock/06.Design/Male/New/ckmk_a_ard_m_n_189211.wav"}}}