{"version":"1.0","dataSet":{"info":{"date":"20230116","occupation":"ARD","channel":"MOCK","place":"ONLINE","gender":"MALE","ageRange":"-34","experience":"NEW"},"question":{"raw":{"text":"동물 실험이 인간에게 주는 이익에 대해서 지원자님께서 생각하실 때에 말씀해 주시고 동물 실험에 대해서 지원자님께서는 어떻게 생각하시는지도 같이 말씀해 주시기 바랍니다","wordCount":21},"emotion":[],"intent":[]},"answer":{"raw":{"text":"저 같은 경우에는 동물 실험이 없었다면은 아마 지금 지구상에 존재하는 인류가 한 삼십 퍼센트는 없지 않을까 태어나지도 않지 않았을까 라는 생각이 듭니다. 왜냐하면은 동물 실험이 있기 때문에 현재 발전된 제약 같은 써비스들이 많이 발전할 수 있었다는 생각이 듭니다. 또한 동물 실험 없이 제약 실험을 할 때 그런 임상 실험을 할 때 만약에 인간들에게 그런 임상 실험을 하게 된다면은 많은 또 인간단체들이 들고 일어나서 인간들한테 실험을 중지해라 라는 것을 했을 것 같습니다. 때문에 동물 실험을 통해서 현재 이렇게 임상실험이라든지 뭐 약을 만든다든지 이러한 것들에 대한 실험을 빠르고 대량으로 할 수 있었기 때문에 현재 지구의 의학 수준이 이 정도까지 발전했다고 생각합니다. 만약에 임상실험 인간을 대상으로 하였다면은 많은 실험을 할 수 없었기 때문에 현재 의학 수준이 이렇게까지 발전하지 않았을 거이라는 것이 저의 생각입니다.","wordCount":120},"emotion":[],"intent":[{"text":"","expression":"","category":"attitude"}],"summary":{"text":"동물실험이 없었다면 현재 지구상의 인류가 태어나지도 않았을 것이라는 생각이 듭니다. 왜냐하면 동물실험으로 인해 현재 발전된 제약 같은 써비스들이 많이 발전할 수 있었고, 인간 대상의 임상실험이 아니라면 많은 실험을 할 수 없었기 때문에 현재 지구의 의학 수준이 이 정도까지 발전했다고 생각합니다.","wordCount":40}}},"rawDataInfo":{"question":{"fileFormat":"wav","fileSize":454478,"duration":14200,"samplingBit":16,"channelCount":1,"samplingRate":"16kHz","audioPath":"/Mock/06.Design/Male/New/ckmk_q_ard_m_n_198097.wav"},"answer":{"fileFormat":"wav","fileSize":2800078,"duration":87500,"samplingBit":16,"channelCount":1,"samplingRate":"16kHz","audioPath":"/Mock/06.Design/Male/New/ckmk_a_ard_m_n_198097.wav"}}}