{"version":"1.0","dataSet":{"info":{"date":"20230116","occupation":"ARD","channel":"MOCK","place":"ONLINE","gender":"MALE","ageRange":"-34","experience":"NEW"},"question":{"raw":{"text":"지원자분께서는 커뮤니케이션을 잘 해낼 수 있는 본인만의 스킬이 있으신지 궁금합니다 이를 소개해 주셔도 좋고 직접 한 번 보여주셔도 좋을 것 같습니다","wordCount":21},"emotion":[],"intent":[]},"answer":{"raw":{"text":"어떤 한 사람과 커뮤니케이션을 함에 있어서 저는 정리하면서 말하기 라는 스킬을 갖고 있습니다. 일단 저는 사람과 얘기를 할 때 낯을 가리지 않습니다. 그리고 외향적인 성격이기 때문에 잘 리드를 해서 대화를 이어가곤 하죠. 그런 과정에서 재미있게 얘기를 잘 하기 때문에 재미있게 리드를 해 가면서 정리를 하는 그런 말하기 기법을 쓰고 있습니다. 제가 꼭 말을 하는 것도 아니라 또한 잘 듣기도 합니다. 예를 들면 이렇습니다. 아니 내가 오늘 어제 이렇게 했는데 저렇게 해 가지고 진짜 지금 이 상태가 이렇게 돼가지고 너무 심란 드라니까 이 그래서 이렇게 했더니 이렇게 하자고 하더라고 라고 제가 어떤 지인의 얘기를 들었을 때 저는 아 그래서 이렇게 돼 가지고 현재 상황이 이렇게 된거야 지금 이렇게 하는 거고 이렇게 제가 상대방의 말을 경청하고 있고 완전히 이해하고 있으니 지금 이 상황이 맞는지 한번 확인해 주겠습니까 라는 뜻으로 상대방이 해주는 말을 한 번씩 정리를 해주는 겁니다. 그러면 상대방도 아 나와 상호 상호 작용 하고 있구나 라는 걸 알게 되고 더 얘기를 하게 되는 것이죠.","wordCount":153},"emotion":[],"intent":[{"text":"일단 저는 사람과 얘기를 할 때 낯을 가리지 않습니다.","expression":"c_person","category":"background"},{"text":"그리고 외향적인 성격이기 때문에 잘 리드를 해서 대화를 이어가곤 하죠.","expression":"c_person","category":"background"},{"text":"아니 내가 오늘 어제 이렇게 했는데 저렇게 해 가지고 진짜 지금 이 상태가 이렇게 돼가지고 너무 심란 드라니까 이 그래서 이렇게 했더니 이렇게 하자고 하더라고   라고 제가 어떤 지인의 얘기를 들었을 때 저는 아 그래서 이렇게 돼 가지고 현재 상황이 이렇게 된거야   지금 이렇게 하는 거고 이렇게 제가 상대방의 말을 경청하고 있고 완전히 이해하고 있으니 지금 이 상황이 맞는지 한번 확인해 주겠습니까 라는 뜻으로   상대방이 해주는 말을 한 번씩 정리를 해주는 겁니다.","expression":"d_sens","category":"attitude"},{"text":"그러면 상대방도 아 나와 상호 상호 작용 하고 있구나   라는 걸 알게 되고 더 얘기를 하게 되는 것이죠.","expression":"d_sens","category":"attitude"}],"summary":{"text":"저는 정리를 하면서 말하는 스킬을 가지고 있습니다. 외향적인 성격인 저는 잘 리드를 해 가면서 정리를 하면서 말하고, 꼭 말을 하는 것도 아니고 또한 잘 듣기도 합니다. 상대방이 해주는 말을 한 번씩 정리를 해주면서 상대방도 나와 상호 작용 하고 있다는 걸 알게 되고 더 얘기를 하게 되는 것입니다.","wordCount":47}}},"rawDataInfo":{"question":{"fileFormat":"wav","fileSize":507598,"duration":15860,"samplingBit":16,"channelCount":1,"samplingRate":"16kHz","audioPath":"/Mock/06.Design/Male/New/ckmk_q_ard_m_n_169801.wav"},"answer":{"fileFormat":"wav","fileSize":2818638,"duration":88080,"samplingBit":16,"channelCount":1,"samplingRate":"16kHz","audioPath":"/Mock/06.Design/Male/New/ckmk_a_ard_m_n_169801.wav"}}}