{"version":"1.0","dataSet":{"info":{"date":"20230116","occupation":"ARD","channel":"MOCK","place":"ONLINE","gender":"MALE","ageRange":"-34","experience":"NEW"},"question":{"raw":{"text":"몇 년 전 우버 택시와 관한 논란이 있었다는 걸 알고 계실 겁니다 지원자께서는 당시의 찬반양론에 대해 각각 어떻게 생각하셨나요","wordCount":19},"emotion":[],"intent":[]},"answer":{"raw":{"text":"우버 택시 논란 이전에 우리는 조금 더 그 대중교통 확충에 조금 더 우리의 논의들을 모아야 한다고 생각을 합니다. 지금 이제 기후 위기와 관련돼 가지고 점점 더 도시 속에서 그런 매연을 내뿜는 차들에 대한 반감이 커지고 있어요. 그렇기 때문에 택시가 계속 이렇게 매연을 내뿜을 내뿜으면서 운전하고 있는 그런 상황들은 언젠가는 다 없어져야 하는 상황이라고 생각을 합니다. 근데 그렇게 될라면은 시민들이 움직일 수 있는 교통 수단을 충분히 확보해 주는 것이 정말 중요하다고 생각을 하는데 과연 지금 지하철 시스템과 버스 시스템은 시민들을 실어 나르기에 충분한 것인지 우리는 고민을 해봐야 합니다. 이런 기본적인 교통 수단이 충분히 확보가 되었다면 택시라고 하는 것은 보조적인 이동 수단에 지나지 않을 것입니다. 그런 세상이 올 때까지 택시에 대한 논란은 조금 접어두고 우리는 지하철과 버스 확보에 열중해야 합니다.","wordCount":118},"emotion":[],"intent":[{"text":"","expression":"","category":"attitude"}],"summary":{"text":"도시 속에서 매연을 내뿜는 택시에 대한 반감이 커지고 있는 지금, 우버 택시 논란 이전에 대중교통 확충에 대한 논의들을 더 모아야 합니다. 시민들이 이동할 수 있는 교통 수단을 충분히 확보해 주는 것이 중요한 만큼 우리는 지하철과 버스 확보에 열중해야 합니다.","wordCount":39}}},"rawDataInfo":{"question":{"fileFormat":"wav","fileSize":632078,"duration":19750,"samplingBit":16,"channelCount":1,"samplingRate":"16kHz","audioPath":"/Mock/06.Design/Male/New/ckmk_q_ard_m_n_218738.wav"},"answer":{"fileFormat":"wav","fileSize":2640078,"duration":82500,"samplingBit":16,"channelCount":1,"samplingRate":"16kHz","audioPath":"/Mock/06.Design/Male/New/ckmk_a_ard_m_n_218738.wav"}}}