{"version":"1.0","dataSet":{"info":{"date":"20230116","occupation":"ARD","channel":"MOCK","place":"ONLINE","gender":"MALE","ageRange":"-34","experience":"NEW"},"question":{"raw":{"text":"지원자님 만약 이직을 생각하는 동료를 만나게 된다면 뭐라고 말씀하시겠습니까 지원자님은 왜 그렇게 말씀하실지도 설명 부탁드려요","wordCount":15},"emotion":[],"intent":[]},"answer":{"raw":{"text":"저는 만약 제 동료가 이직을 생각하고 있다면 일단 만나서 왜 이직을 하고 싶은지 의견을 듣고 싶습니다. 그 이유는 단순 힘듦과 고됨 때문에 이직을 원하는 건지 아니면 정말 그 사람의 비전에 대하여 고뇌를 겪고 있어 이전을 이직을 원하는 건지 그것이 궁금하기 때문입니다. 물론 격려를 처음에는 해주겠지만 그 사람이 정말 확고한 결정을 가지고 있다면 저는 옆에서 동료로서 응원을 해 줄 것 같습니다. 왜냐하면 저도 언젠가 이직을 할 수도 있는 것이고 요즘은 이직이 과거와 달리 부담되고 힘든 것이 아니라 자신에게 더 맞는 일을 찾으러 가는 것이라고 생각하기 때문입니다.","wordCount":85},"emotion":[],"intent":[{"text":"","expression":"","category":"attitude"}],"summary":{"text":"저는 제 동료가 이직을 생각하고 있다면 일단 만나 의견을 듣고 싶습니다. 그 사람이 확고한 결정을 가지고 있다라면 옆에서 응원을 해 줄 것 같습니다. 이직은 자신에게 더 맞는 일을 찾으러 가는 것이라고 생각하기 때문입니다.","wordCount":33}}},"rawDataInfo":{"question":{"fileFormat":"wav","fileSize":485838,"duration":15180,"samplingBit":16,"channelCount":1,"samplingRate":"16kHz","audioPath":"/Mock/06.Design/Male/New/ckmk_q_ard_m_n_225053.wav"},"answer":{"fileFormat":"wav","fileSize":2114638,"duration":66080,"samplingBit":16,"channelCount":1,"samplingRate":"16kHz","audioPath":"/Mock/06.Design/Male/New/ckmk_a_ard_m_n_225053.wav"}}}