{"version":"1.0","dataSet":{"info":{"date":"20230116","occupation":"ARD","channel":"MOCK","place":"ONLINE","gender":"MALE","ageRange":"-34","experience":"NEW"},"question":{"raw":{"text":"만약 지원자님께서 해외 파견을 나가게 된다면 따로 일하고 싶은 나라가 있으실까요 그리고 왜 그 나라에서 일을 하고 싶은지 이유도 같이 말씀해 주시기 바랍니다","wordCount":23},"emotion":[],"intent":[]},"answer":{"raw":{"text":"저는 예전부터 그리스 로마 신화를 굉장히 제가 좋아했었습니다. 그리스 로마 신화를 통해서 어떤 그때의 역사와 문화가 중세로 이어져서 그 어떤 주 중세 때 이어진 그런 사상들과 중세 이해서 이어진 또 넘어온 그런 르네상스적인 그런 혁명들의 시작은 그리스 로마의 어떤 그런 문화였다고 저는 생각을 항상 하고 있었어요. 그래서 해외 파견 근무를 나가게 된다면 그쪽에 저희 지사가 있는지는 모르겠어요. 근데 그 정보는 저에게 지금 면접관님들께서 안 주셨기 때문에 나라만 말씀드리면은 저는 그리스나 어떤 로마 이탈리아 이쪽으로 가고 싶습니다. 그쪽에 가서 어떤 그런 문화들 같은 것들 땅에 그런 기운들 같은 것들 이 지정학적 위치는 어떻게 그렇게 중세를 다스릴 수 있게 되었었나 라는 것들을 직접 눈으로 보면 눈으로 보면서 그러면서 일을 하고 싶어요. 그럼 우리 회사도 이 한반도를 넘어서 세계로 뻗어 나갈 수 있지 않을까 그런 아이디어 힌터 힌트들을 얻을 수 있지 않을까 그런 생각을 해 봅니다 네.","wordCount":134},"emotion":[],"intent":[{"text":"","expression":"","category":"attitude"}],"summary":{"text":"그리스 로마 신화를 통해서 르네상스적인 혁명들의 시작은 그리스 로마였습니다. 그래서 해외 파견 근무를 나가게 된다면 직접 눈으로 보고 싶습니다. 그럼 우리 회사도 한반도를 넘어 세계로 뻗어 나갈 수 있지 않을까 그런 아이디어 힌터 힌트들을 얻을 수 있을 것이라고 생각합니다.","wordCount":39}}},"rawDataInfo":{"question":{"fileFormat":"wav","fileSize":384078,"duration":12000,"samplingBit":16,"channelCount":1,"samplingRate":"16kHz","audioPath":"/Mock/06.Design/Male/New/ckmk_q_ard_m_n_198677.wav"},"answer":{"fileFormat":"wav","fileSize":2639118,"duration":82470,"samplingBit":16,"channelCount":1,"samplingRate":"16kHz","audioPath":"/Mock/06.Design/Male/New/ckmk_a_ard_m_n_198677.wav"}}}