{"version":"1.0","dataSet":{"info":{"date":"20230116","occupation":"ARD","channel":"MOCK","place":"ONLINE","gender":"MALE","ageRange":"-34","experience":"NEW"},"question":{"raw":{"text":"이제까지 속해 있었던 조직이나 단체 속에서 본인은 주로 어떤 역할을 하는 사람이었나요 본인의 역할을 말씀해 주시겠어요","wordCount":16},"emotion":[],"intent":[]},"answer":{"raw":{"text":"네 저는 주로 조직에서 써포터의 역할을 했었습니다. 왜냐하면 제 성격이 이제 특성상 앞에 나서거나 앞에 나서서 얘기를 하거나 뭔가 남들을 이끄는 리더 역할은 조금 어려웠기 때문입니다. 하지만 그렇다고 이제 무임승차를 했던 것은 아닙니다. 제가 할 수 있는 선 내에서 최선을 다하려고 노력을 했었고 결코 저는 책임감이 어느 정도 높은 편이기에 결코 무임승차를 할려고 하지 않도록 노력을 많이 했었습니다. 하지만 어느 정도 용기를 내서 나서야 될 상황에서는 또 나서는 존재이기도 했습니다. 예를 들어서 리더의 자리가 정말로 없어서 아무도 할 사람이 없었을 때 제가 나서서 이제 팀원들을 어느정도 이끌어주고 써포트해주는 그런 역할로 활약을 했던 했었던 적도 있었고 또 그리고 발표자가 없었을 때 제가 용기 있게 나서서 앞에서 발표를 하는 그런 역할도 수행을 하기도 했습니다. 한마디로 말씀드려서 든든한 조력자 써포터 역할을 저는 충실히 해냈다고 생각합니다. 이상입니다. 감사합니다.","wordCount":124},"emotion":[],"intent":[{"text":"","expression":"","category":"attitude"}],"summary":{"text":"저는 주로 조직에서 조력자 써포터의 역할을 했습니다. 성격상 리더 역할은 어려웠지만 할 수 있는 선에서 최선을 다하고 책임감이 어느 정도 높아 무임승차를 하지 않도록 노력을 많이 했었습니다. 하지만 어느 정도 용기를 내서 나서야 될 상황에서는 또 나서는 존재이기도 했습니다","wordCount":39}}},"rawDataInfo":{"question":{"fileFormat":"wav","fileSize":355278,"duration":11100,"samplingBit":16,"channelCount":1,"samplingRate":"16kHz","audioPath":"/Mock/06.Design/Male/New/ckmk_q_ard_m_n_185253.wav"},"answer":{"fileFormat":"wav","fileSize":2188238,"duration":68380,"samplingBit":16,"channelCount":1,"samplingRate":"16kHz","audioPath":"/Mock/06.Design/Male/New/ckmk_a_ard_m_n_185253.wav"}}}