{"version":"1.0","dataSet":{"info":{"date":"20230116","occupation":"ARD","channel":"MOCK","place":"ONLINE","gender":"MALE","ageRange":"-34","experience":"NEW"},"question":{"raw":{"text":"면접자님은 유아이 지유아이 디자인이란 무엇이라고 생각을 하시나요","wordCount":7},"emotion":[],"intent":[]},"answer":{"raw":{"text":"네 유아이와 쥐유아이에 대해서 무엇인지 그리고 차이점에 대해서도 간략하게 설명을 해 보겠습니다. 유아이 유저 인터페이스 사용자가 보는 화면 음성과 같은 비 시각적 부분을 포함합니다. 쥐유아이는 그래픽 유저 인터페이스로 사용자가 보는 시각적 화면 일반적인 앱 웹 디자인에 해당됩니다. 범주에서 보자면 유아이가 좀 더 넓은 범주를 뜻하는데요. 엑스유아이 라는 단어도 생깁니다. 유저 익스피어런스죠. 엑스 유엑스 와 유아이 쥐유아이를 구분하는 경우 유엑스는 주로 와이어 프레임으로 설 화면을 설계하거나 그러고요. 유아이 와 쥐유아이 는 주로 시각적인 화면 디자인을 담당하며 인터랙션과 마케팅 이미지를 같이 제작하는 경우가 많습니다. 인터랙션 디자인의 경우 규모가 있는 디자인 조직에서 유아이 내부에 사용되는 모션만 전문적으로 다루는 직군입니다. 에프터 이펙트와 프래머 자바 스크립트를 이용한 고품질의 프로듀 타입을 다룹니다. 인터랙션 디자이너는 프로젝트를 진행하기 위해 필수적인 직군이 아니라서 팀에 따라서 위치가 있는 경우도 있고 없는 경우도 있죠. 어쩔 땐 쥐아이 쥐유아이 디자이너가 업무를 담당하기도 합니다.","wordCount":131},"emotion":[{"text":"유아이 유저 인터페이스 사용자가 보는 화면 음성과 같은 비 시각적 부분을 포함합니다.","expression":"u-fact","category":"neutral"},{"text":"쥐유아이는 그래픽 유저 인터페이스로 사용자가 보는 시각적 화면 일반적인 앱 웹 디자인에 해당됩니다.","expression":"u-fact","category":"neutral"},{"text":"유아이 와 쥐유아이 는 주로 시각적인 화면 디자인을 담당하며 인터랙션과 마케팅 이미지를 같이 제작하는 경우가 많습니다.","expression":"u-fact","category":"neutral"},{"text":"인터랙션 디자인의 경우 규모가 있는 디자인 조직에서 유아이 내부에 사용되는 모션만 전문적으로 다루는 직군입니다.","expression":"u-fact","category":"neutral"},{"text":"인터랙션 디자이너는 프로젝트를 진행하기 위해 필수적인 직군이 아니라서 팀에 따라서 위치가 있는 경우도 있고 없는 경우도 있죠.","expression":"u-fact","category":"neutral"}],"intent":[{"text":"","expression":"","category":"attitude"}],"summary":{"text":"유아이와 쥐유아이는 그래픽 유저 인터페이스로 사용자가 보는 시각적 화면 일반적인 앱 웹 디자인에 해당됩니다. 유엑스는 와이어 프레임으로 설계하고 유아이는 주로 시각적인 화면 디자인을 담당하며 인터랙션과 마케팅 이미지를 같이 제작하는 경우가 많습니다. 디자인 조직에서 유아이 내부에 사용되는 모션만 전문적으로 다루는 인터랙티브 디자이너가 업무담당자가 되기도 합니다.","wordCount":44}}},"rawDataInfo":{"question":{"fileFormat":"wav","fileSize":255438,"duration":7980,"samplingBit":16,"channelCount":1,"samplingRate":"16kHz","audioPath":"/Mock/06.Design/Male/New/ckmk_q_ard_m_n_213983.wav"},"answer":{"fileFormat":"wav","fileSize":2827598,"duration":88360,"samplingBit":16,"channelCount":1,"samplingRate":"16kHz","audioPath":"/Mock/06.Design/Male/New/ckmk_a_ard_m_n_213983.wav"}}}