{"version":"1.0","dataSet":{"info":{"date":"20230116","occupation":"ARD","channel":"MOCK","place":"ONLINE","gender":"MALE","ageRange":"-34","experience":"NEW"},"question":{"raw":{"text":"사람들과 협업을 하며 가장 어려웠던 점이 있다면 무엇이었습니까 어떻게 극복하셨는지도 함께 말씀해 주세요","wordCount":13},"emotion":[],"intent":[]},"answer":{"raw":{"text":"어 제가 만약에 이번 면접에 합격을 하여서 입사를 하게 된다면 어 개인 단위로 진행하는 업무뿐만 아니라 사람들과 협업을 하여서 진행하는 팀 프로젝트도 여러 가지 있을 것으로 생각하고 있습니다. 저는 대학교 재학 시절에 어 여러 가지 다양한 디자인 공모전을 준비하면서 어 좀 다양한 팀원들과 함께 팀 프로젝트를 많이 경험했었습니다. 저는 주로 팀 프로젝트를 진행할 때 리더의 역할을 자처해서 팀을 이끄는 역할을 맡게 되었습니다. 어 이렇게 팀을 이끌어 가다 보면 팀원들 간에 여러 사소한 뭐 분쟁이나 어떤 트러블들이 발생할 수밖에 없는데 어 이러한 부분은 이제 팀원들 간에 서로 여태까지 진행해 왔던 작업 방식들이 다르거나 뭐 선호하는 작업 시간대가 다르는 등에 어 어쩔 수 없이 발생할 수밖에 없는 그러한 점들로 인해서 갈등들이 많이 발생을 하였습니다. 어 저는 리더로서 이것을 잘 중재해여야 했기 때문에 이제 팀원들에게 먼저 다가가고 좀 소통을 하려고 이제 배려해주는 좀 그러한 소통의 자세로 다가갔던 것 같습니다. 이를 통해서 좀 어려운 점들을 잘 극복할 수 있었습니다.","wordCount":145},"emotion":[{"text":"저는 대학교 재학 시절에 어 여러 가지 다양한 디자인 공모전을 준비하면서 어 좀 다양한 팀원들과 함께 팀 프로젝트를 많이 경험했었습니다.","expression":"u-fact","category":"neutral"}],"intent":[{"text":"","expression":"","category":"attitude"}],"summary":{"text":"저는 주로 팀 프로젝트를 진행할 때 리더의 역할을 자처해서 팀을 이끄는 역할을 맡게 되었는데, 이렇게 팀을 이끌어 가다 보면 팀원들 간에 사소한 분쟁이나 트러블들이 발생할 수밖에 없는데, 저는 리더로서 팀원들에게 먼저 다가가고 소통의 자세로 다가갔던 것 같습니다. 이를 통해서 좀 어려운 점들을 잘 극복할 수 있었습니다.","wordCount":46}}},"rawDataInfo":{"question":{"fileFormat":"wav","fileSize":368078,"duration":11500,"samplingBit":16,"channelCount":1,"samplingRate":"16kHz","audioPath":"/Mock/06.Design/Male/New/ckmk_q_ard_m_n_227674.wav"},"answer":{"fileFormat":"wav","fileSize":2722638,"duration":85080,"samplingBit":16,"channelCount":1,"samplingRate":"16kHz","audioPath":"/Mock/06.Design/Male/New/ckmk_a_ard_m_n_227674.wav"}}}