{"version":"1.0","dataSet":{"info":{"date":"20230116","occupation":"ARD","channel":"MOCK","place":"ONLINE","gender":"MALE","ageRange":"-34","experience":"NEW"},"question":{"raw":{"text":"지금 본인이 내일 죽는다는 사실을 알게 되었습니다 당장 무엇을 할 것인지 이 면접을 끝까지 계속 볼 것인지 궁금합니다","wordCount":18},"emotion":[],"intent":[]},"answer":{"raw":{"text":"저는 그러한 사실을 알아도 아무렇지 않게 평소처럼 행동을 할 것 같습니다. 왜냐하면은 내가 지금 당장 내일 죽는다고 해도 정말로 죽을 일이 발생할지도 안 할지도 모르고 뿐만 아니라 저 제가 과연 실제로 죽는다는 것을 알아도 정말 내일이 마지막 움직인 것처럼 움직임이 보이면은 오히려 혼란스러움이 발생할 수 있으니까 저는 똑같이 생활할 것 같습니다. 그리고 이 면접 같은 경우에도 제가 그냥 똑같이 할 것 같습니다. 왜냐하면 이것이 그런 거는 인생에 있어서 마지막 면접이 될 수도 있을 것이고 뿐만 아니라 이러한 인생의 마지막 면접을 망치게 된다면 죽어서도 한이 맺힐 것 같기 때문에 저는 그저 열심히 이 면접을 끝낼 것 같습니다. 이렇게 함으로써 저는 인생을 마감하든지 아니면은 신이 제 뜻을 뜻을 아시게 된다면 살려주시든지 그거에 맞게 열심히 살겠습니다.","wordCount":113},"emotion":[],"intent":[{"text":"","expression":"","category":"attitude"}],"summary":{"text":"저는 죽는다는 것을 알아도 내일이 마지막 움직이는 것처럼 움직임이 보이면은 오히려 혼란스러움이 발생할 수 있기 때문에 똑같은 생활할 것 같습니다. 그리고 이 면접 같은 경우에도 그냥 열심히 할 것 같으며 신이 제 뜻을 아시게 된다면 살려주든지 그걸로 맞게 열심히 살겠습니다.","wordCount":40}}},"rawDataInfo":{"question":{"fileFormat":"wav","fileSize":373838,"duration":11680,"samplingBit":16,"channelCount":1,"samplingRate":"16kHz","audioPath":"/Mock/06.Design/Male/New/ckmk_q_ard_m_n_194550.wav"},"answer":{"fileFormat":"wav","fileSize":2915278,"duration":91100,"samplingBit":16,"channelCount":1,"samplingRate":"16kHz","audioPath":"/Mock/06.Design/Male/New/ckmk_a_ard_m_n_194550.wav"}}}