{"version":"1.0","dataSet":{"info":{"date":"20230116","occupation":"ARD","channel":"MOCK","place":"ONLINE","gender":"MALE","ageRange":"-34","experience":"NEW"},"question":{"raw":{"text":"본인만의 스트레스 해소 방법이 있다면 무엇이 있습니까 왜 그런 방법으로 스트레스를 해소하시는지 궁금합니다","wordCount":13},"emotion":[],"intent":[]},"answer":{"raw":{"text":"저는 평소에 검도를 즐겨 합니다. 검도는 다소 격렬해 보일 수도 있지만 일주일에 한 번 검도를 하고 나면 그동안 저한테 쌓인 스트레스가 한 번에 풀립니다. 그 검도를 하면서 정신에 집중하면 육체적인 건강뿐만 아니라 정신적인 건강도 지켜지는 것 같습니다. 앞으로 제가 해야할 업무는 디자인 직업이지만 이걸 꾸준하게 진행하기 위해 체력 관리도 중요한 부분이라고 생각합니다. 그러므로 이러한 스트레스 해소 방법은 건강뿐만 아니라 제가 하고 있는 업무 수행에도 도움이 될 것입니다.","wordCount":67},"emotion":[],"intent":[{"text":"","expression":"","category":"attitude"}],"summary":{"text":"저는 평소에 검도를 즐겨 하는데, 검도를 하면서 정신에 집중하면 육체적인 건강뿐만 아니라 정신적인 건강도 지켜지는 것 같습니다. 이러한 스트레스 해소 방법은 업무 수행에도 도움이 될 것입니다.","wordCount":26}}},"rawDataInfo":{"question":{"fileFormat":"wav","fileSize":345678,"duration":10800,"samplingBit":16,"channelCount":1,"samplingRate":"16kHz","audioPath":"/Mock/06.Design/Male/New/ckmk_q_ard_m_n_184844.wav"},"answer":{"fileFormat":"wav","fileSize":1644878,"duration":51400,"samplingBit":16,"channelCount":1,"samplingRate":"16kHz","audioPath":"/Mock/06.Design/Male/New/ckmk_a_ard_m_n_184844.wav"}}}