{"version":"1.0","dataSet":{"info":{"date":"20230116","occupation":"ARD","channel":"MOCK","place":"ONLINE","gender":"MALE","ageRange":"-34","experience":"NEW"},"question":{"raw":{"text":"지원자님은 시간이 촉박한 상황이 발생하면 어떻게 시간 관리를 하시는 편입니까 시간 관리법이 궁금합니다","wordCount":13},"emotion":[],"intent":[]},"answer":{"raw":{"text":"시간이 촉박한 상황에서 시간 관리를 하는 방법은 애초에 좀 시간이 촉박할 만한 환경 자체를 만들지 않는 것이 가장 좋은 시간 관리법이라고 생각하고 있습니다. 어 입사를 하게 되면 이제 여러 가지 일을 좀 한 번에 많이 처리해야 되는 경우도 있고 갑자기 예정에 없던 업무가 생길 수도 있기 때문에 음 이러한 상황에서 이러한 상황이 찾아오게 된다면 어떻게 해결할지를 생각하기보다는 이러한 상황 자체를 만들지 않기 위해서 좀 평소에 다른 고정적으로 해야 하는 업무들이 있다면 좀 빠르게 빠르게 효율적으로 미리 처리해 놓는 것이 중요하다고 생각합니다. 어 이러한 업무 스탠스를 가지고 있는 사람은 어 애초에 시간이 촉박하게 될 만한 상황 자체를 만들지 않게 될 것 같습니다. 어 그러한 상황이 찾아온다면 이제 자연스럽게 좀 예정이 없던 스케줄이 생기더라도 어 그 스케줄에 대응할 수 있는 그러한 시간적 여유가 생겨날 수밖에 없다고 생각합니다.","wordCount":125},"emotion":[],"intent":[{"text":"","expression":"","category":"attitude"}],"summary":{"text":"시간이 촉박한 상황에서 시간 관리를 하는 방법은 촉박할 만한 환경 자체를 만들지 않는 것이 가장 좋은 시간 관리법이라고 생각하고 있습니다. 평소에 다른 고정적으로 해야 하는 업무들이 있다면 좀 빠르게 빠르게 효율적으로 미리 처리해 놓는 것이 중요하다고 생각합니다.","wordCount":37}}},"rawDataInfo":{"question":{"fileFormat":"wav","fileSize":361038,"duration":11280,"samplingBit":16,"channelCount":1,"samplingRate":"16kHz","audioPath":"/Mock/06.Design/Male/New/ckmk_q_ard_m_n_219818.wav"},"answer":{"fileFormat":"wav","fileSize":2195278,"duration":68600,"samplingBit":16,"channelCount":1,"samplingRate":"16kHz","audioPath":"/Mock/06.Design/Male/New/ckmk_a_ard_m_n_219818.wav"}}}