{"version":"1.0","dataSet":{"info":{"date":"20230116","occupation":"ARD","channel":"MOCK","place":"ONLINE","gender":"MALE","ageRange":"-34","experience":"NEW"},"question":{"raw":{"text":"아이패드 맥북 에어팟 제트 플립 등과 같이 요즘 시장에서 관심을 받는 제품들의 특징은 무엇인지 설명해 주세요","wordCount":16},"emotion":[],"intent":[]},"answer":{"raw":{"text":"아이패드 맥북 그리고 에어팟 제트플립 등과 같이 시장에서 관심을 받는 제품의 특징으로는 첫 번째로 디자인이라고 생각합니다. 요즘처럼 좀 더 기발하고 획기적인 디자인이 나오지 않는 이상 외형적인 외형의 형태적인 디자인보다는 컬러 디자인을 좀 더 관심 있게 보는 구매자들이 많다고 생각합니다. 요즘 관심받고 있는 제품들의 공통점으로는 제품의 색상에 대한 디자인을 제품을 선호하는 데 큰 이유가 되고 있다고 생각합니다. 두 번째로는 광고나 마케팅적인 면에서 티비에서 제품을 사용하는 연예인들을 비춰 줌으로써 보여지는 효과도 한몫하고 있는 것으로 추측합니다. 마지막으로 개성을 중요하게 생각하는 현대 시대에서는 어 본인의 개성에 맞게 핸드폰이나 에어팟과 같이 케이스나 키링 같은 악세사리로 본인의 기기를 꾸미임으로써 자기의 개성을 표출하고 만족하는 경향이 있기 때문이라고 생각합니다.","wordCount":101},"emotion":[],"intent":[{"text":"","expression":"","category":"attitude"}],"summary":{"text":"시장에서 관심을 받는 제품의 특징으로는 컬러 디자인, 광고나 마케팅적인 면에서 티비에서 제품을 사용하는 연예인들을 비춰 줌으로써 보여지는 효과, 본인의 개성에 맞게 악세사리로 본인의 기기를 꾸미는 경향이 있다고 생각합니다.","wordCount":28}}},"rawDataInfo":{"question":{"fileFormat":"wav","fileSize":471758,"duration":14740,"samplingBit":16,"channelCount":1,"samplingRate":"16kHz","audioPath":"/Mock/06.Design/Male/New/ckmk_q_ard_m_n_177963.wav"},"answer":{"fileFormat":"wav","fileSize":2835278,"duration":88600,"samplingBit":16,"channelCount":1,"samplingRate":"16kHz","audioPath":"/Mock/06.Design/Male/New/ckmk_a_ard_m_n_177963.wav"}}}