{"version":"1.0","dataSet":{"info":{"date":"20230116","occupation":"ARD","channel":"MOCK","place":"ONLINE","gender":"MALE","ageRange":"-34","experience":"NEW"},"question":{"raw":{"text":"지원자분께서 지금 읽고 계신 책이 있으신지 있으시다고 한다면 그것이 무슨 책인지에 대해서도 궁금합니다 그리고 왜 그 책을 읽고 계시는 지도 함께 이야기해 주세요","wordCount":23},"emotion":[],"intent":[]},"answer":{"raw":{"text":"저는 최근에 디자인이란 무엇인가 라는 책을 읽고 있습니다. 어 디자인이란 무엇인가 라는 책에는 디자인의 정의부터 시작해서 디자인의 역사 그리고 디자인이 가지고 있는 가치뿐만 아니라 현업에서 일하고 있는 디자이너들에 대한 이야기도 함께 어 설명해 주고 있습니다. 저는 이 책을 보면서 디자인이란 무엇인가에 대해서 한 번 더 설 정리를 해보고 생각을 해봐서 저만의 디자인 철학을 어 정하는 단계에 있습니다. 그리고 현역 디자이너들의 생각을 읽어보고 어 지금 제가 앞으로 디자인에 대한 트렌드 그리고 업무에 대한 도움을 받을 수 있는 방향을 어 이 책을 통해서 많이 도움을 받고 있습니다.","wordCount":85},"emotion":[],"intent":[{"text":"그리고 현역 디자이너들의 생각을 읽어보고 어 지금 제가 앞으로 디자인에 대한 트렌드 그리고 업무에 대한 도움을 받을 수 있는 방향을 어 이 책을 통해서 많이 도움을 받고 있습니다.","expression":"d_trendy","category":"technology"}],"summary":{"text":"디자인이란 무엇인가 라는 책은 디자인의 정의부터 역사, 가치, 현업의 디자이너들에 대한 이야기로 저만의 디자인 철학을 정하는 단계이며 앞으로 디자인에 대한 트렌드와 업무에 도움을 받을 수 있는 방향을 알려줍니다.","wordCount":28}}},"rawDataInfo":{"question":{"fileFormat":"wav","fileSize":680398,"duration":21260,"samplingBit":16,"channelCount":1,"samplingRate":"16kHz","audioPath":"/Mock/06.Design/Male/New/ckmk_q_ard_m_n_185169.wav"},"answer":{"fileFormat":"wav","fileSize":1858638,"duration":58080,"samplingBit":16,"channelCount":1,"samplingRate":"16kHz","audioPath":"/Mock/06.Design/Male/New/ckmk_a_ard_m_n_185169.wav"}}}