{"version":"1.0","dataSet":{"info":{"date":"20230116","occupation":"ARD","channel":"MOCK","place":"ONLINE","gender":"MALE","ageRange":"-34","experience":"NEW"},"question":{"raw":{"text":"지원자님께서 만약 일을 할 때에 직무가 적성에 맞지 않는다면 지원자님께서는 어떻게 하시겠습니까 그 상황을 가정을 해서 지원자님께서 어떻게 이야기할지 한 번 말씀해 주시기 바랍니다","wordCount":24},"emotion":[],"intent":[]},"answer":{"raw":{"text":"만약에 일을 하던 중에 직무가 적성에 맞지 않는다면 저는 많은 고민을 하게 될 것 같습니다. 심지어 직무가 저 적성과 맞지 않는 경우라면 제가 노력한 만큼의 성과가 남들 만큼 나오지 않을 것이고 그리고 남들이 하루면 하루면 하는 일을 제가 할 때는 일 주일이 걸리고 남들이 그럭저럭 하게 되는 일이 또 저에겐 스트레스로 다가오게 될 것 같습니다. 물론 부족한 게 있으면 부족한 그 부분을 채우기 위해서 노력을 통해 더 잘 할 수 있도록 최선을 다 해야겠지만 그것마저도 되지 않는 상황이 된다면 생각을 많이 해봐야 될 것 같습니다. 제가 만족하지 못하는 직무를 하게 된다면 결과적으로 같은 팀이나 크게는 회사 전반적으로 좋지 못하는 영향을 끼칠 수 있기 때문에 최선을 다해 노력을 가했음에도 불구하고 개선이 되지 않는다면 선임분들에게 요청을 드려 상담을 통해서 문제를 해결해 보는 등의 노력도 해볼 수 있을 것 같습니다. 이상입니다.","wordCount":128},"emotion":[],"intent":[{"text":"","expression":"","category":"attitude"}],"summary":{"text":"직무가 적성에 맞지 않는다면 회사 전반적으로 좋지 않은 영향을 끼칠 수 있기 때문에 최선을 다해 노력을 가했음에도 불구하고 개선이 되지 않는다면 선임분들에게 요청을 드려 상담을 통해서 문제를 해결해 보는 등의 노력도 해볼 수 있을 것 같습니다.","wordCount":36}}},"rawDataInfo":{"question":{"fileFormat":"wav","fileSize":537678,"duration":16800,"samplingBit":16,"channelCount":1,"samplingRate":"16kHz","audioPath":"/Mock/06.Design/Male/New/ckmk_q_ard_m_n_177964.wav"},"answer":{"fileFormat":"wav","fileSize":2805518,"duration":87670,"samplingBit":16,"channelCount":1,"samplingRate":"16kHz","audioPath":"/Mock/06.Design/Male/New/ckmk_a_ard_m_n_177964.wav"}}}