{"version":"1.0","dataSet":{"info":{"date":"20230116","occupation":"ARD","channel":"MOCK","place":"ONLINE","gender":"MALE","ageRange":"-34","experience":"NEW"},"question":{"raw":{"text":"대학 생활을 보내면서 가장 힘들었던 경험과 그것을 어떻게 극복했는지 말씀해 주세요","wordCount":11},"emotion":[],"intent":[]},"answer":{"raw":{"text":"대학교 재학 시절에 조별 과제를 하면서 부원간에 과에 갈등이 발생했고 어 이를 원만하게 해결했던 경험이 있습니다. 저는 각자의 의견에 공감을 하며 회의를 통해서 각 부원들의 의견은 무엇인지 그리고 그 근거가 무엇인지 꼼꼼하게 파악하였습니다. 부원들과의 소통을 통해서 그 주장의 근거를 찾게 되었고 이를 융합하는 과정을 통해 각자의 의견을 모으게 되었습니다. 부원들도 모두 이에 동의했고 그 결과 성공적으로 과제를 마무리하여 좋은 성적을 받았던 경험이 있습니다. 각자의 입장에서 한 번 더 생각하여 의견을 모은다면 업무의 갈등도 감정적이지 않고 원만하게 해결해 나갈 수 있다는 것을 배운 소중한 경험이었습니다. 이 경험을 토대로 조직 모두의 최대 모두 최대한의 만족을 위해 경청과 공감 그리고 이해가 뒷받침된 소통을 하면서 갈등 해결을 위해 노력해 나가겠습니다.","wordCount":106},"emotion":[],"intent":[{"text":"각자의 입장에서 한 번 더 생각하여   의견을 모은다면 업무의 갈등도 감정적이지 않고 원만하게 해결해 나갈 수 있다는 것을 배운   소중한 경험이었습니다.","expression":"c_confl_mg","category":"personality"}],"summary":{"text":"저는 대학교 재학 시절 조별 과제를 하면서 부원간의 갈등이 발생했고 이를 원만하게 해결했던 경험이 있습니다. 이를 토대로 조직 모두의 만족을 위해 경청과 공감 그리고 이해가 뒷받침된 소통을 하면서 갈등 해결을 위해 노력해 나가겠습니다.","wordCount":33}}},"rawDataInfo":{"question":{"fileFormat":"wav","fileSize":297678,"duration":9300,"samplingBit":16,"channelCount":1,"samplingRate":"16kHz","audioPath":"/Mock/06.Design/Male/New/ckmk_q_ard_m_n_177894.wav"},"answer":{"fileFormat":"wav","fileSize":2837198,"duration":88660,"samplingBit":16,"channelCount":1,"samplingRate":"16kHz","audioPath":"/Mock/06.Design/Male/New/ckmk_a_ard_m_n_177894.wav"}}}