{"version":"1.0","dataSet":{"info":{"date":"20230116","occupation":"ARD","channel":"MOCK","place":"ONLINE","gender":"MALE","ageRange":"-34","experience":"NEW"},"question":{"raw":{"text":"어 협업을 할 때 사교성이 좋으신 편인지 궁금합니다 그래서 아니라면 또 사교성을 키우기 위해서 어떤 노력을 하셨는지도 어 얘기해 주셨으면 좋겠습니다","wordCount":21},"emotion":[],"intent":[]},"answer":{"raw":{"text":"저 같은 경우 외동아들입니다. 세 가족과 항상 같이 살았기 때문에 엄마와 아빠의 사랑 속에서 자라는 동안 어떻게 보면 협업을 하고 사교성을 기르고 이런 단계가 크게 없었는데요. 초등학교 중학교를 지나면서 저는 사교성이 생겼다고 생각을 합니다. 초반에는 어색하고 이 어색함을 어떻게 풀어 볼까 농담도 던져 보고 어떻게 보면 그 자아가 형성되던 학생 시절에 저는 사교성을 길렀다고 할 수 있는데요. 그 이후에 사회에 나와 대학생이 되고 여러 지역에서 온 사람들과 교류를 하고 그때 당시 저는 분위기 메이커 역할을 했습니다. 사교성이 그래도 고등학교 때까지 잘 자라는 것 같은데요. 대학교 축제가 되면 엠씨를 보기도 하고 처음 보는 사람들과 어떤 과제를 할 때도 서슴없이 대화를 주도해 나가면서 과제를 해 갔고요. 상대방이 약간은 내성적인 성격이라면 이 사교성은 더욱 빛을 발했습니다. 상대방을 편하게 해준다는 것이었는데 저 같은 경우 상대방이 어떤 사람인지를 먼저 파악하려고 노력을 합니다. 외향적인지 내향적인지 취향은 나랑 같은지 이런 것들을 파악하고 얘기를 하기 때문에 저는 사교성이 좋은 편입니다.","wordCount":142},"emotion":[{"text":"저 같은 경우 외동아들입니다.","expression":"u-fact","category":"neutral"}],"intent":[{"text":"외향적인지 내향적인지 취향은 나랑 같은지 이런 것들을 파악하고 얘기를 하기 때문에 저는 사교성이 좋은 편입니다.","expression":"c_person","category":"background"}],"summary":{"text":"저는 외동아들입니다. 세 가족과 같이 살았기 때문에 협업을 하고 사교성을 기르는 단계가 크게 없었는데 초등학교 중학교를 지나면서 사교성이 생겼습니다. 대학생이 되고 여러 지역에서 온 사람들과 교류를 하면서 분위기 메이커 역할을 했습니다. 상대방이 어떤 사람인지를 먼저 파악하려고 노력을 하기 때문에 사교성은 좋은 편입니다.","wordCount":42}}},"rawDataInfo":{"question":{"fileFormat":"wav","fileSize":368718,"duration":11520,"samplingBit":16,"channelCount":1,"samplingRate":"16kHz","audioPath":"/Mock/06.Design/Male/New/ckmk_q_ard_m_n_195264.wav"},"answer":{"fileFormat":"wav","fileSize":2807758,"duration":87740,"samplingBit":16,"channelCount":1,"samplingRate":"16kHz","audioPath":"/Mock/06.Design/Male/New/ckmk_a_ard_m_n_195264.wav"}}}