{"version":"1.0","dataSet":{"info":{"date":"20230116","occupation":"ARD","channel":"MOCK","place":"ONLINE","gender":"MALE","ageRange":"-34","experience":"NEW"},"question":{"raw":{"text":"지원자님의 전공과 관련해서 최근 부족하다고 느끼고 따로 공부를 하고 있는 분야가 있나요 구체적으로 답변 부탁드립니다","wordCount":15},"emotion":[],"intent":[]},"answer":{"raw":{"text":"저는 어 이 대학교 전공 또한 디자인 계열이었고 어 여태까지 해왔던 뭐 아르바이트나 인턴 등등 어 전부 이제 좀 디자인 쪽과 관련된 일을 해 왔었기 때문에 어 뭐 실무적인 부분으로나 아니면 좀 이론적인 부분 모두 어느 정도 상당한 수준의 지식을 가지고 있다고 생각하고 있습니다. 하지만 그럼에도 완벽하다라고는 생각해 본 적이 한번도 없기 때문에 어 좀 좀 더 가치 있는 좀 더 완벽한 그러한 지원자가 되기 위해서 좀 끊임없이 따로 노력을 하고 있는 편입니다. 그중에 하나가 이제 따로 공부를 하고 있는 점인데 제가 진행하고 있는 공부는 아무래도 제 작업물에만 없 좀 몰두하다 보면 너무 디자인의 방향성이 한정되어 버리는 느낌을 받기 때문에 좀 여러 사람들의 다양한 디자인 작품들을 참고하여서 조금 더 나의 작품에 좀 스펙트럼을 넓히고 싶은 그러한 마음에 이제 다른 사람들의 디자인을 보고 어 참고할 부분들을 많이 공부하고 있습니다.","wordCount":128},"emotion":[],"intent":[{"text":"보면 너무 디자인의 방향성이 한정되어 버리는 느낌을 받기 때문에 좀 여러 사람들의 다양한 디자인 작품들을 참고하여서 조금 더 나의 작품에 좀 스펙트럼을 넓히고 싶은 그러한 마음에 이제 다른 사람들의 디자인을 보고 어 참고할 부분들을 많이 공부하고 있습니다.","expression":"c_imp","category":"personality"}],"summary":{"text":"저는 디자인 계열에서 실무와 이론 모두 상당한 수준의 지식을 가지고 있습니다. 하지만 완벽하다고 생각해 본 적이 없기 때문에 좀 더 완벽한 지원자가 되기 위해 따로 공부를 하고 있으며, 다른 사람들의 디자인 작품을 참고하여 저의 작품에 좀 스펙트럼을 넓히고 싶은 마음으로 참고할 부분들을 많이 공부하고 있합니다.","wordCount":45}}},"rawDataInfo":{"question":{"fileFormat":"wav","fileSize":631758,"duration":19740,"samplingBit":16,"channelCount":1,"samplingRate":"16kHz","audioPath":"/Mock/06.Design/Male/New/ckmk_q_ard_m_n_226900.wav"},"answer":{"fileFormat":"wav","fileSize":2370638,"duration":74080,"samplingBit":16,"channelCount":1,"samplingRate":"16kHz","audioPath":"/Mock/06.Design/Male/New/ckmk_a_ard_m_n_226900.wav"}}}