{"version":"1.0","dataSet":{"info":{"date":"20230116","occupation":"ARD","channel":"MOCK","place":"ONLINE","gender":"MALE","ageRange":"-34","experience":"NEW"},"question":{"raw":{"text":"만약 협업을 하다가 타 부서와 갈등이 발생을 했어요 이럴 때 어떻게 해결하실지 궁금하거든요 한 번 상황을 가정해 보고 설명 부탁드리겠습니다","wordCount":20},"emotion":[],"intent":[]},"answer":{"raw":{"text":"네 저와 같은 경우는 어 저의 피로도가 증가되지 않는 선에서 최대한 그들의 요구 조건을 수용을 하 할려고 노력을 할 거지만 반대로 또 저희 권련 권리를 침해를 하려 한다면은 그것 또한 강력하게 이제 좀 조율을 해야 될 거라고 저희는 생각을 합니다 이게 이제 어떤 의미냐 하면은 예를 들어서 이제 저희가 새롭게 내놓은 디자인 초안이 너무 예산이 비싸게 잡아 먹어서 마진율이 낮을 수도 있지 않겠습니까. 이제 그래서 해당 마진율 때문에 재무 팀에서 저희 측에서 이 디자인 초안을 수정해 달라 즉 그렇게 요청해 오면은 저희 측에서는 이제 최대한 그 재무 팀의 요청을 받아들여서 저희들이 본 형태 저희들이 이제 만들어 놓은 본질의 디자인을 해치지 않는 선에서 최대한의 수정 작업을 이제 기여할 것이다. 이런 느낌이라고 생각을 하시면 될 것 같습니다. 그만큼의 조율이 있고 이루어져야지만 회사가 잘 운영이 될 수 있고 또 그것 그것이 곧 회사의 이익으로 직결이 된다고 생각이 들기 때문입니다. 이상입니다. 감사합니다.","wordCount":138},"emotion":[],"intent":[{"text":"","expression":"","category":"attitude"}],"summary":{"text":"디자인 초안의 마진율 때문에 재무 팀이 디자인 초안을 수정해 달라고 요청해 오면, 저희는 최대한 그 재무 팀의 요청을 받아들여서 본 형태 우리가 만들어 놓은 본질의 디자인을 해치지 않는 선에서 최대한의 수정 작업을 기여할 것입니다. 이러한 조율이 있어야 회사가 잘 운영될 수 있고 그것이 곧 회사의 이익으로 직결됩니다.","wordCount":47}}},"rawDataInfo":{"question":{"fileFormat":"wav","fileSize":478158,"duration":14940,"samplingBit":16,"channelCount":1,"samplingRate":"16kHz","audioPath":"/Mock/06.Design/Male/New/ckmk_q_ard_m_n_185239.wav"},"answer":{"fileFormat":"wav","fileSize":2329998,"duration":72810,"samplingBit":16,"channelCount":1,"samplingRate":"16kHz","audioPath":"/Mock/06.Design/Male/New/ckmk_a_ard_m_n_185239.wav"}}}