{"version":"1.0","dataSet":{"info":{"date":"20230116","occupation":"ARD","channel":"MOCK","place":"ONLINE","gender":"MALE","ageRange":"-34","experience":"NEW"},"question":{"raw":{"text":"어 글로벌 인재에게 필수적인 요소는 무엇인가요 그리고 면접자님께서 생각하시기에 글로벌 인재에게 필수적인 요소를 위해 노력했던 것은 무엇인가요","wordCount":17},"emotion":[],"intent":[]},"answer":{"raw":{"text":"글로벌 인재의 필수 요소는 어 커뮤니케이션 역량과 그리고 언어라고 생각합니다. 저는 대학 생활을 하면서 이 년간 영국에서 교환 학생으로 수업을 들었는데 다양한 국적의 사람들과 팀을 이루고 그리고 소통하는 법을 배웠습니다. 또 학교 뿐만 아니라 글로벌 기업 인터넷 경험을 통해 실무에 적용할 수 있는 역량도 키웠습니다. 조직의 조직에서의 커뮤니케이션 경험은 저를 어느 상황에서도 좋은 팀웍과 최대의 시너지를 낼 수 있는 능력을 갖게 해주었습니다. 그래서 저는 이 두 가지 요소가 글로벌 인재에게 필수인 요소라고 생각합니다.","wordCount":73},"emotion":[],"intent":[{"text":"","expression":"","category":"attitude"}],"summary":{"text":"저는 대학에서 다양한 국적의 사람들과 팀을 이루고 소통하는 법을 배웠고 글로벌 기업 인터넷 경험을 통해 실무에 적용할 수 있는 역량도 키웠습니다. 그래서 이 두 가지 요소가 글로벌 인재에게 필수인 요소라고 생각합니다.","wordCount":31}}},"rawDataInfo":{"question":{"fileFormat":"wav","fileSize":467918,"duration":14620,"samplingBit":16,"channelCount":1,"samplingRate":"16kHz","audioPath":"/Mock/06.Design/Male/New/ckmk_q_ard_m_n_193370.wav"},"answer":{"fileFormat":"wav","fileSize":1812878,"duration":56650,"samplingBit":16,"channelCount":1,"samplingRate":"16kHz","audioPath":"/Mock/06.Design/Male/New/ckmk_a_ard_m_n_193370.wav"}}}