{
    "version": "1.0",
    "dataSet": {
        "info": {
            "date": "20230116",
            "occupation": "ARD",
            "channel": "MOCK",
            "place": "ONLINE",
            "gender": "MALE",
            "ageRange": "-34",
            "experience": "NEW"
        },
        "question": {
            "raw": {
                "text": "지원자님께서 우리 회사에 들어오게 된다면 가장 가고 싶은 부서와 지원자님은 왜 그렇게 생각하셨는지 이유도 함께 설명과 말씀해 주세요",
                "wordCount": 18
            },
            "emotion": [],
            "intent": []
        },
        "answer": {
            "raw": {
                "text": "제가 이 회사에 입사하게 될 기회가 생긴다면 저는 인사팀에 들어가고 싶습니다. 저의 최종 목표는 인사팀에 입사하여 효율적인 교육 과정과 보상 과정 개발을 통해 직원들의 능력을 이끌어내는 역할을 감당하고자 하는 목표가 있기 때문에 인사 팀에 들어가서 제 목표를 이루고 싶기 때문입니다.",
                "wordCount": 39
            },
            "emotion": [],
            "intent": [
                {
                    "text": "저의 최종 목표는 인사팀에 입사하여 효율적인 교육 과정과 보상 과정 개발을 통해 직원들의 능력을 이끌어내는 역할을 감당하고자 하는 목표가 있기 때문에 인사 팀에 들어가서 제 목표를 이루고 싶기 때문입니다.",
                    "expression": "c_imp",
                    "category": "personality"
                }
            ],
            "summary": {
                "text": "저는 인사팀에 입사하여 효율적인 교육 과정과 보상 과정 개발을 통해 직원들의 능력을 이끌어내는 역할을 감당하고자 하는 최종 목표를 이루고 싶습니다.",
                "wordCount": 19
            }
        }
    },
    "rawDataInfo": {
        "question": {
            "fileFormat": "wav",
            "fileSize": 436238,
            "duration": 13630,
            "samplingBit": 16,
            "channelCount": 1,
            "samplingRate": "16kHz",
            "audioPath": "/Mock/06.Design/Male/New/ckmk_q_ard_m_n_172279.wav"
        },
        "answer": {
            "fileFormat": "wav",
            "fileSize": 1068238,
            "duration": 33380,
            "samplingBit": 16,
            "channelCount": 1,
            "samplingRate": "16kHz",
            "audioPath": "/Mock/06.Design/Male/New/ckmk_a_ard_m_n_172279.wav"
        }
    }
}