{"version":"1.0","dataSet":{"info":{"date":"20230116","occupation":"ARD","channel":"MOCK","place":"ONLINE","gender":"MALE","ageRange":"-34","experience":"NEW"},"question":{"raw":{"text":"면접자님이 생각하시기에 직무 지식 역량 태도 이 세 가지 요소 중에서 가장 중요하다고 생각하시는 게 무엇일까요 그리고 그 이유도 말씀해 주세요","wordCount":21},"emotion":[],"intent":[]},"answer":{"raw":{"text":"저는 어 이 직무 지식 뭐 역량 태도 이런 이 세 가지 요소 중에서 가장 중요한 것은 아무래도 첫 번째로 태도 에티튜드라고 생각이 듭니다. 그렇게 생각하는 이유는 이 태도가 없으면 사람은 바뀌지 않는다고 생각이 들기 때문입니다. 아무리 훌륭한 직무 지식을 가지고 있고 또 아무리 훌륭한 역량이 있다고 하더라도 그것을 이루고자 또는 만들고자 하는 의지가 없다면 이 위에 있는 두 가지 요소들은 쓸모가 없기 때문입니다. 하지만 올바른 태도를 갖고 있다면 즉 열정적인 태도와 에티튜드를 가지고 있다면 이 태도를 통해서 저 직무 지식을 활용할 수 있고 또 역량도 십분 발휘를 해서 상당히 좋은 시너지 효과를 낼 수 있다고 생각하기에 저는 비록 직무 지식이나 역량이 조금 부족할지는 몰라도 열정적인 열정적인 태도야말로 어 이러한 업무를 디자이너로서의 업무를 수행하는 것에 있어서 상당히 유용하고 또 가장 중요하다고 생각이 듭니다. 또한 이것은 단순히 직업뿐만 아니라 인생 사이에 있어서도 필수적이라고 생각을 합니다. 이상입니다. 감사합니다.","wordCount":136},"emotion":[],"intent":[{"text":"","expression":"","category":"attitude"}],"summary":{"text":"직무 지식, 역량 태도 중 가장 중요한 것은 태도 에티튜드입니다. 태도 없이는 사람은 바뀌지 않습니다. 하지만 올바른 태도를 갖고 있다면 직무 지식을 활용할 수 있고 역량도 발휘해 좋은 시너지 효과를 낼 수 있습니다. 열정적인 태도야말로 디자이너로서의 업무 수행에 유용하고 인생에서도 필수적입니다.","wordCount":41}}},"rawDataInfo":{"question":{"fileFormat":"wav","fileSize":606158,"duration":18940,"samplingBit":16,"channelCount":1,"samplingRate":"16kHz","audioPath":"/Mock/06.Design/Male/New/ckmk_q_ard_m_n_185238.wav"},"answer":{"fileFormat":"wav","fileSize":2451918,"duration":76620,"samplingBit":16,"channelCount":1,"samplingRate":"16kHz","audioPath":"/Mock/06.Design/Male/New/ckmk_a_ard_m_n_185238.wav"}}}