{"version":"1.0","dataSet":{"info":{"date":"20230116","occupation":"ARD","channel":"MOCK","place":"ONLINE","gender":"MALE","ageRange":"-34","experience":"NEW"},"question":{"raw":{"text":"지원자께서는 디자인 공부를 많이 하신 걸로 알고 있습니다 그렇다면 평소에는 어떤 디자인을 참고해서 작업을 하는 편이신지 그것에 대해서 말씀해 보십시오","wordCount":20},"emotion":[],"intent":[]},"answer":{"raw":{"text":"평소에 제가 디자인을 함에 있어서 가장 참고하는 부분은 그 물론 디자인의 종류에 따라서 다르지만 대부분의 경우 저는 자연물을 참고하는 경우가 많습니다. 그 이유에 대해서 설명드리자면 제 개인적으로 가장 위대한 디자인이라고 생각을 해봤을 때 그 대상은 일반적인 사람들이 만든 디자인이 아니라 궁극적으로 자연물이라고 생각합니다. 어떤 상황에 있어서 가장 제가 생각하기에 가장 최대한의 그 칭찬이라는 칭찬이라고 생각하는 표현은 자연스럽다입니다. 그렇기 때문에 자연이 주는 이미지가 아무래도 제 개인적으로 가장 사람들 사이에서 위험 위 위화감을 주지 않고 그리고 충분히 좋은 긍정적인 이미지를 끌어올 수 있기 때문에 디자인을 할 때 자연물을 참고해서 하면 조금 더 사람들에게 다가가기 쉽고 그렇기 때문에 참고를 하는 경우가 있습니다.","wordCount":99},"emotion":[],"intent":[{"text":"평소에 제가 디자인을 함에 있어서 가장 참고하는 부분은 그 물론 디자인의 종류에 따라서 다르지만 대부분의 경우 저는 자연물을 참고하는 경우가 많습니다.","expression":"d_brand_pref","category":"technology"},{"text":"그 이유에 대해서 설명드리자면 제 개인적으로 가장 위대한 디자인이라고 생각을 해봤을 때 그 대상은 일반적인 사람들이 만든 디자인이 아니라 궁극적으로 자연물이라고 생각합니다.","expression":"d_dgn_proc","category":"technology"},{"text":"그렇기 때문에 자연이 주는 이미지가 아무래도 제 개인적으로 가장 사람들 사이에서 위험 위 위화감을 주지 않고 그리고 충분히 좋은 긍정적인 이미지를 끌어올 수 있기 때문에 디자인을 할 때 자연물을 참고해서 하면 조금 더 사람들에게 다가가기 쉽고 그렇기 때문에 참고를 하는 경우가 있습니다.","expression":"d_dgn_proc","category":"technology"}],"summary":{"text":"디자인할 때 자연물을 참고하는 경우가 많습니다. 가장 위대한 디자인은 일반적인 사람들이 만든 디자인이 아니라 궁극적으로 자연물이라고 생각합니다. 자연이 주는 이미지가 사람들에게 위화감을 주지 않고, 좋은 이미지를 끌어올 수 있기 때문입니다.","wordCount":30}}},"rawDataInfo":{"question":{"fileFormat":"wav","fileSize":494798,"duration":15460,"samplingBit":16,"channelCount":1,"samplingRate":"16kHz","audioPath":"/Mock/06.Design/Male/New/ckmk_q_ard_m_n_227488.wav"},"answer":{"fileFormat":"wav","fileSize":2928718,"duration":91520,"samplingBit":16,"channelCount":1,"samplingRate":"16kHz","audioPath":"/Mock/06.Design/Male/New/ckmk_a_ard_m_n_227488.wav"}}}