{"version":"1.0","dataSet":{"info":{"date":"20230116","occupation":"ARD","channel":"MOCK","place":"ONLINE","gender":"MALE","ageRange":"-34","experience":"NEW"},"question":{"raw":{"text":"지금까지 살면서 여러 가지 대외 활동을 해 보신 것으로 보이는데 어 그동안 대외 활동을 하시면서 무엇을 배웠고 또 그것을 어떤 자세로 임했는지 말씀해 주시기를 바랍니다","wordCount":25},"emotion":[],"intent":[]},"answer":{"raw":{"text":"저는 실제로 스타트업처럼 활동을 하는 앱 개발 동아리의 디자이너로 들어가 봤었는데요. 저는 거기서 디자인을 담당했지만 앱 유아이 유 엑스만 디자인 한 것이 아니라 그 팀 동아리 팀 전체적인 분위기도 디자인을 했다고 생각합니다. 팀의 분위기를 디자인한다 라는 어 이 팀의 스타트업으로서 어떤 색깔로 비춰질지 유쾌한 팀인지 조용한 팀인지 그런 것들을 디자인하고 팀에게 색을 입혀 에이전시에게 보여드릴 때 그런 모습들을 앞서 나가 보여줬습니다. 그런 디자인들을 했을 때 처음에는 저는 아 내가 디자이너로서 들어왔는데 이런 것까지 디자인을 해야 라고 생각했지만 동아리를 끝내고 생각을 해 보았을 때 정말 큰 도움이 됐다는 것을 인지하고 있습니다.","wordCount":90},"emotion":[],"intent":[{"text":"","expression":"","category":"attitude"}],"summary":{"text":"스타트업처럼 활동을 하는 앱 개발 동아리의 디자이너로 들어갔는데, 팀 전체적인 분위기를 디자인 했다고 생각합니다. 처음에는 이런 것까지 디자인해야 되나 생각했으나 동아리를 끝내고 생각 해 보았을 때 큰 도움이 되었다는 것을 알고 있습니다.","wordCount":32}}},"rawDataInfo":{"question":{"fileFormat":"wav","fileSize":492878,"duration":15400,"samplingBit":16,"channelCount":1,"samplingRate":"16kHz","audioPath":"/Mock/06.Design/Male/New/ckmk_q_ard_m_n_225243.wav"},"answer":{"fileFormat":"wav","fileSize":2225358,"duration":69540,"samplingBit":16,"channelCount":1,"samplingRate":"16kHz","audioPath":"/Mock/06.Design/Male/New/ckmk_a_ard_m_n_225243.wav"}}}