{"version":"1.0","dataSet":{"info":{"date":"20230116","occupation":"ARD","channel":"MOCK","place":"ONLINE","gender":"MALE","ageRange":"-34","experience":"NEW"},"question":{"raw":{"text":"회사에 들어오시면 여러 유형의 선배를 만나게 되실 텐데요 어떤 모습의 선배를 만나고 싶으신가요 또 왜 그렇게 생각하시는지 이유도 함께 말씀해 주시기 바랍니다","wordCount":22},"emotion":[],"intent":[]},"answer":{"raw":{"text":"저는 회사에 들어와서 선배를 만나게 된다면 해당 업무에 관한 지식과 커뮤네케이션 스킬이 어 굉장히 뛰어난 선배를 만나고 싶습니다. 저는 선배를 옆에서 보고 저도 해당 분야에 대한 제식을 얻으며 업무에 대한 자신감을 키우고 커뮤니케이션 능력도 이렇게 해서 많이 배우며 제가 가진 역량을 최대한으로 이끌어 낼 수 있는 그런 선배를 만나서 어 많은 도움을 받고 저도 회사에 기여할 수 있는 능력을 최대한으로 키우고 싶습니다.","wordCount":62},"emotion":[],"intent":[{"text":"","expression":"","category":"attitude"}],"summary":{"text":"저는 회사에 들어와서 선배를 만나게 된다면 해당 업무에 관한 지식과 커뮤네케이션 스킬이 굉장히 뛰어난 선배를 만나어 회사에 기여할 수 있는 능력을 최대한으로 키우고 싶습니다.","wordCount":24}}},"rawDataInfo":{"question":{"fileFormat":"wav","fileSize":494798,"duration":15460,"samplingBit":16,"channelCount":1,"samplingRate":"16kHz","audioPath":"/Mock/06.Design/Male/New/ckmk_q_ard_m_n_185164.wav"},"answer":{"fileFormat":"wav","fileSize":1564238,"duration":48880,"samplingBit":16,"channelCount":1,"samplingRate":"16kHz","audioPath":"/Mock/06.Design/Male/New/ckmk_a_ard_m_n_185164.wav"}}}