{"version":"1.0","dataSet":{"info":{"date":"20230116","occupation":"ARD","channel":"MOCK","place":"ONLINE","gender":"MALE","ageRange":"-34","experience":"NEW"},"question":{"raw":{"text":"면접자님은 팀으로 일하시는 것과 혼자 일하시는 것 중에서 무엇을 더 선호하실까요 그에 따른 이유도 함께 말씀해 주세요","wordCount":17},"emotion":[],"intent":[]},"answer":{"raw":{"text":"저는 혼자서 일을 하는 것이 더 좋습니다. 팀으로 일하를 하게 될 경우 물론 같은 팀끼리 일을 하게 된다면 그 팀원 개인마다 가지고 있는 각자의 역량을 크게 발휘하여 팀 프로젝트를 성황리에 끝냈을 경우에는 개인이 혼자서 하는 능력보다 훨씬 더 커다란 성과를 낼 수 있음을 분명히 알고 있습니다. 하지만 팀원 사이에 서로의 협력이 충분히 이루어지지 않는다면 개인이 혼자서 프로젝트를 수행하는 것보다 수행 수행하는 것에 비해 훨씬 더 낮은 효율 업무를 가지고 있다고 생각합니다. 만약에 팀원끼리의 의견 충돌로 인한 불화가 생길 수도 있고 그리고 팀원 사이에 의견이 좁혀지지 않아서 프로젝트의 진행도가 떨어질 수도 있다고 생각합니다. 그런 측면에 있어서 개인이 혼자 프로젝트를 진행하게 된다면 혼자의 역량을 충분히 발휘한다면 티 팀으로 하는 것보다 훨씬 더 효율적으로 만들 수 있다고 생각합니다.","wordCount":115},"emotion":[],"intent":[{"text":"","expression":"","category":"attitude"}],"summary":{"text":"팀원들 사이에 서로의 협력이 충분히 이루어지지 않는다면 개인이 혼자서 수행하는 것보다 수행 수행하는 것에 비해 훨씬 더 낮은 효율 업무를 가지고 있다고 생각합니다. 그런면에 있어서 개인이 혼자 프로젝트를 진행하게 된다면 혼자의 역량을 충분히 발휘한다면 티 팀으로 하는 것보다 훨씬 더 효율적으로 만들 수 있다고 생각합니다.","wordCount":45}}},"rawDataInfo":{"question":{"fileFormat":"wav","fileSize":603598,"duration":18860,"samplingBit":16,"channelCount":1,"samplingRate":"16kHz","audioPath":"/Mock/06.Design/Male/New/ckmk_q_ard_m_n_227985.wav"},"answer":{"fileFormat":"wav","fileSize":2921678,"duration":91300,"samplingBit":16,"channelCount":1,"samplingRate":"16kHz","audioPath":"/Mock/06.Design/Male/New/ckmk_a_ard_m_n_227985.wav"}}}