{"version":"1.0","dataSet":{"info":{"date":"20230116","occupation":"ARD","channel":"MOCK","place":"ONLINE","gender":"MALE","ageRange":"35-44","experience":"NEW"},"question":{"raw":{"text":"어 지금 읽고 계신 책이 있는지요 어 있다면 어떤 책인지 설명해 주시구요 또 왜 그 책을 읽고 계시는지도 함께 말씀해 주시면 좋겠습니다","wordCount":22},"emotion":[],"intent":[]},"answer":{"raw":{"text":"저는 지금 삼국지를 다시 읽고 있습니다. 어렸을 적 막연하게 삼국지를 읽었는데 그 방대한 내용 속에서는 우리 삶 속의 모든 모습 모든 캐릭터 모든 인간의 모습들이 담겨 있기 때문에 어렸을 때는 몰랐던 새로운 것들을 알아가고 있는 중입니다. 아직도 그 긴 여정의 초반부 밖에 다시 읽지는 못했습니다. 하지만 초반 밖에 지나지 않았음에도 불구하고 저는 벌써 많은 사람들을 만났습니다. 그 속에 있는 많은 사람들 하나하나가 제가 지금까지 살아온 여정 속에서 만났던 사람들과 굉장히 비슷한 부분들이 많이 있었습니다. 유비 같은 사람 관우 같은 사람 장비 같은 사람 조조 같은 사람 그 수많은 인물들은 각각 캐릭터를 갖고 있고 각각의 특성이 너무나도 뚜렷합니다. 저는 제가 삶을 살면서 학교에서 그리고 대학교에서 그 다음에 사회생활을 하면서 그런 비슷한 사람들을 수 없이 만나왔습니다. 그 만나왔던 얘기는 먼저 학습을 하고 만났다는 뜻이 뜻입니다. 그렇다는 얘기는 좀 더 그 사람을 이해하는 데 도움이 되고 내가 살아가는 데 있어서 좋은 방법을 내가 처신하는 데 있어서 좋은 방법을 얻게 해주었다고 생각을 합니다. 그래서 저는 삼국지를 다시 읽고 예전에는 이야기 위주로 읽었다면 지금은 그 사람의 모습을 보는 것으로 재미있게 읽고 있습니다.","wordCount":167},"emotion":[],"intent":[{"text":"","expression":"","category":"attitude"}],"summary":{"text":"저는 어렸을 적 막연하게 삼국지를 읽었는데 그 방대한 내용 속에서는 우리 삶 속의 모든 모습 모든 캐릭터 모든 인간의 모습들이 담겨 있기 때문에 어렸을 때는 몰랐던 새로운 것들을 알아가고 있는 중입니다. 삼국지를 다시 읽고 예전에는 이야기 위주로 읽었다면 지금은 그 사람의 모습을 보는 것으로 재미있게 읽고 있습니다.","wordCount":47}}},"rawDataInfo":{"question":{"fileFormat":"wav","fileSize":448718,"duration":14020,"samplingBit":16,"channelCount":1,"samplingRate":"16kHz","audioPath":"/Mock/06.Design/Male/New/ckmk_q_ard_m_n_189209.wav"},"answer":{"fileFormat":"wav","fileSize":2708238,"duration":84630,"samplingBit":16,"channelCount":1,"samplingRate":"16kHz","audioPath":"/Mock/06.Design/Male/New/ckmk_a_ard_m_n_189209.wav"}}}