{"version":"1.0","dataSet":{"info":{"date":"20230116","occupation":"ARD","channel":"MOCK","place":"ONLINE","gender":"MALE","ageRange":"-34","experience":"NEW"},"question":{"raw":{"text":"디자인 산업이 향후 어떻게 흘러갈 것인지 미래 전망에 대한 본인의 생각과 견해를 알려주시겠습니까","wordCount":13},"emotion":[],"intent":[]},"answer":{"raw":{"text":"어 저는 최근 디자인 산업의 미래 전망을 좀 굉장히 밝다고 생각하고 있습니다. 어 이 현대 사회에서 어 좀 여러 가지 에이아이 산업이나 뭐 로봇 산업 등이 이제 많이 발달을 하게 되면서 점점 어 이러한 것들이 인간의 노동력을 대체하고 있는 그러한 시대가 찾아오고 있다고 생각합니다. 어 하지만 아직 어 에이아이나 로봇들이 이제 인간의 좀 고유한 가치까지는 따라 잡을 수 없다고 생각하고 있는데요. 어 이 디자인 산업이라는 것은 어떤 디자인에 대해서 이제 좀 소비자들의 욕구를 충족시킬 수 있을 만한 그런 좀 소비자의 입장에서 이쁘고 마음에 드는 그러한 디자인을 뽑아내는 것이 가장 중요한데 어 아직까지는 어 에이아이가 그러한 인간의 고유한 가치를 따라 잡을 수 없는 수준이라고 생각하고 있습니다. 그리고 앞으로도 조금 힘들 것이라고 생각을 하고 있습니다. 따라서 이제 최근에 좀 많은 디자인 쪽 종사자들이 좀 굉장히 많이 각광을 받고 있는 것 같고 좀 앞으로도 이러한 좀 인간의 좀 고유한 가치를 지닐 수 있는 그러한 직업들이 조금 더 각광을 받을 것 같습니다.","wordCount":148},"emotion":[],"intent":[{"text":"","expression":"","category":"attitude"}],"summary":{"text":"디자인 산업이 인간의 노동력을 대체하고 있지만 아직 인간의 고유한 가치까지는 따라 잡을 수 없다고 생각합니다. 소비자의 입장에서 예쁜 디자인을 뽑아내는 것이 가장 중요하기 때문에 앞으로도 좀 많이 각광을 받을 것 같습니다.","wordCount":31}}},"rawDataInfo":{"question":{"fileFormat":"wav","fileSize":366158,"duration":11440,"samplingBit":16,"channelCount":1,"samplingRate":"16kHz","audioPath":"/Mock/06.Design/Male/New/ckmk_q_ard_m_n_227304.wav"},"answer":{"fileFormat":"wav","fileSize":2766158,"duration":86440,"samplingBit":16,"channelCount":1,"samplingRate":"16kHz","audioPath":"/Mock/06.Design/Male/New/ckmk_a_ard_m_n_227304.wav"}}}