{"version":"1.0","dataSet":{"info":{"date":"20230116","occupation":"ARD","channel":"MOCK","place":"ONLINE","gender":"MALE","ageRange":"35-44","experience":"NEW"},"question":{"raw":{"text":"만약에 일을 하시던 중에 팀원과 불화가 생긴다면 이러한 상황에서 어떻게 해결을 하시겠는지요 그 해결법과 그 이유에 대해서 말씀해 주시기 바랍니다","wordCount":20},"emotion":[],"intent":[]},"answer":{"raw":{"text":"팀원과 불화가 생길 때 가장 먼저 일어나는 느낌은 바로 화일 것입니다. 서로에 대한 화 분노 이런 감정들이 먼저 올라올 거라고 생각을 합니다. 감정이 먼저 올라오는 경우에는 어떤 객관적인 사실을 갖고 얘기하더라도 그것이 제대로 보일 리가 없습니다. 그래서 저는 먼저 감정을 다스리는 것을 우선적으로 하겠습니다. 어 제가 잘못한 게 조금이라도 있건 없건 그것과는 무관하게 그런 상황을 만드는 것 자체에 대한 감정을 누그러뜨릴 수 있도록 사과를 할 것입니다. 그리고 그 사과가 받아들여져서 상대방이 어 저와 정상적으로 객관적인 대화를 나눌 수 있는 상태 물론 그건 저도 마찬가지일 것입니다. 그런 상태가 된다면 그 불화가 생긴 원인에 대해서 객관적인 시각에서 바라볼 수 있는 눈을 갖고 얘기를 할 것입니다. 그리고 그 원인이 된 내용을 어 조절할 수 있는 상태를 서로 간의 합의를 통해서 이루어내야 되겠죠. 그 합의점을 찾는다면 똑같은 문제로 발생하는 트러블은 절대 없을 거라고 생각합니다. 일을 하다보면 당연히 트러블이 있을 수 있고 그런 트러블은 계속 많을수록 좋다고 생각을 합니다. 물론 이런 거정을 거쳐서 이런 과정을 통해서 서로 다음에 같은 일로 트러블이 일어나는 일이 없도록 한다면 말이죠.","wordCount":161},"emotion":[],"intent":[{"text":"","expression":"","category":"attitude"}],"summary":{"text":"팀원과 불화가 생길 때 가장 먼저 오는 감정은 화일 것입니다. 감정을 다스리는 것을 우선적으로 하고 그 사과가 받아들여져서 상대방이 정상적인 대화를 나눌 수 있는 상태가 된다면 그 불화가 생긴 원인에 대해서 객관적인 시각에서 바라볼 수 있는 눈을 갖고 얘기를 할 것입니다. 그 원인이 된 내용을 서로 간의 합의를 통해서 이루어내야 될 것입니다.","wordCount":52}}},"rawDataInfo":{"question":{"fileFormat":"wav","fileSize":441678,"duration":13800,"samplingBit":16,"channelCount":1,"samplingRate":"16kHz","audioPath":"/Mock/06.Design/Male/New/ckmk_q_ard_m_n_189370.wav"},"answer":{"fileFormat":"wav","fileSize":2515918,"duration":78620,"samplingBit":16,"channelCount":1,"samplingRate":"16kHz","audioPath":"/Mock/06.Design/Male/New/ckmk_a_ard_m_n_189370.wav"}}}