{"version":"1.0","dataSet":{"info":{"date":"20230116","occupation":"ARD","channel":"MOCK","place":"ONLINE","gender":"MALE","ageRange":"-34","experience":"NEW"},"question":{"raw":{"text":"만약 지원자님께서 하고 싶은 직무가 아닌 다른 직무를 맡게 된다면 어떻게 생각하실지 궁금합니다 그래도 괜찮으신가요","wordCount":15},"emotion":[],"intent":[]},"answer":{"raw":{"text":"저는 예술 디자인 파트로서 이 회사의 직무를 지원했는데요. 만약에 이것이 아니라 기술 관련 직무에 제가 배정을 받게 되더라도 괜찮습니다. 저는 본래 정비와 관련된 일을 했었기 때문에 이런 기술직 파트에 들어가서 제 본래 직무와는 다른 일을 하게 되더라도 접근성이 굉장히 좋습니다. 즉 호환이 잘 되는 것인데요. 기계나 이 전기 쪽은 어떻게 보면 보이지 않는 그런 부분을 해석해야 되는 부분이 많습니다. 공학적으로 여러 가지 자격증도 있는 상태이고 전기 기계 쪽으로 정비 일도 해 봤기 때 해봤기 때문에 현장에서 일을 할 때 어떤 부분이 위험한지 어떻게 일을 해야 효율적인지 이런 것들이 몸에 습득되어 있어 기술직 관련해 가지고는 제가 다른 직무를 맡게 되더라도 괜찮습니다. 제가 만약에 영업 쪽에 직무를 얻게 되더라도 동일한데요. 기술 영업직으로서 일을 해 본 적도 있고 거래처 사람들과 소통도 원활하게 해 본 바 있기 때문에 영업직 영업 관련 직무를 제가 맞게 되더라도 충분히 잘 해낼 수 있는 자신감이 있습니다.","wordCount":138},"emotion":[],"intent":[{"text":"","expression":"","category":"attitude"}],"summary":{"text":"저는 예술 디자인 파트로서 이 회사의 직무를 지원했습니다. 만약 이것이 아니라 기술 관련 직무에 배정받게 되더라도 괜찮습니다. 본래 정비와 관련된 일을 했었기 때문에 이런 기술직 파트에 들어가서 제 본래 직무와는 다른 일을 하게 되더라도 호환이 잘 될 수 있습니다.","wordCount":39}}},"rawDataInfo":{"question":{"fileFormat":"wav","fileSize":364878,"duration":11400,"samplingBit":16,"channelCount":1,"samplingRate":"16kHz","audioPath":"/Mock/06.Design/Male/New/ckmk_q_ard_m_n_169798.wav"},"answer":{"fileFormat":"wav","fileSize":2681998,"duration":83810,"samplingBit":16,"channelCount":1,"samplingRate":"16kHz","audioPath":"/Mock/06.Design/Male/New/ckmk_a_ard_m_n_169798.wav"}}}