{"version":"1.0","dataSet":{"info":{"date":"20230116","occupation":"ARD","channel":"MOCK","place":"ONLINE","gender":"MALE","ageRange":"-34","experience":"NEW"},"question":{"raw":{"text":"열심히는 하는데 본인이 원하는 만큼 따라오지 못하는 팀 동료들이 있을 수 있습니다 그럴 때는 어떻게 하시나요","wordCount":16},"emotion":[],"intent":[]},"answer":{"raw":{"text":"열심히는 하지만 제가 원하는 만큼 따라오지 못하는 팀 동료들이 있을 수도 있으며 어 입장을 바꿔서 생각하면 저는 되게 열심히 하였는데도 불구하고 이제 다른 사람들이 보았을 때 본인들이 원하는 만큼 따라오지 못했다 라고 생각할 수도 있을 것 같습니다. 어 이러한 입장 차이는 이제 서로의 어떤 능력들이 다 다르고 어 뭐 작업 방식이나 이런 것들이 좀 다 다르기 때문에 그렇기 때문에 일어날 수 밖에 없는 어떤 갈등이라고 생각을 하고 있습니다. 좀 이러한 부분들을 협업하는 데 있어서 잘 조율해 보는 것이 가장 중요하다고 생각합니다. 어 그렇기 위해서는 이제 나만의 입장이 아닌 해당 팀 동료의 입장에서 좀 어떤 부분이 힘들었고 대신 이런 부분에는 자신이 있다 라고 하는 좀 그러한 부분들을 좀 빠르게 소통을 통해서 파악을 해 낸 후에 각자 잘하는 영역을 맡게 된다면 어 분명히 어 이제 서로의 원하는 니즈를 서로 충족시킬 수 있는 그러한 상황이 찾아올 것이라고 생각합니다. 따라서 어 빠르게 상대방의 입장에서 소통을 시도해 보는 그러한 좀 배려의 자세가 필요한 것 같습니다.","wordCount":150},"emotion":[],"intent":[{"text":"","expression":"","category":"attitude"}],"summary":{"text":"협업할 때 서로의 능력, 작업 방식, 능력 차이를 조율하는 것이 중요하므로 나만의 입장이 아닌 해당 팀 동료의 입장에서 소통을 통해 파악을 해 낸 후에 각자의 잘하는 영역을 맡게 된다면 분명히 서서의 원하는 니즈를 서로 충족시킬 수 있는 상황이 올 것입니다. 따라서 상대방의 입장에서 소통을 시도하는 배려의 자세가 필요합니다.","wordCount":48}}},"rawDataInfo":{"question":{"fileFormat":"wav","fileSize":296078,"duration":9250,"samplingBit":16,"channelCount":1,"samplingRate":"16kHz","audioPath":"/Mock/06.Design/Male/New/ckmk_q_ard_m_n_225344.wav"},"answer":{"fileFormat":"wav","fileSize":2665038,"duration":83280,"samplingBit":16,"channelCount":1,"samplingRate":"16kHz","audioPath":"/Mock/06.Design/Male/New/ckmk_a_ard_m_n_225344.wav"}}}