{"version":"1.0","dataSet":{"info":{"date":"20230116","occupation":"ARD","channel":"MOCK","place":"ONLINE","gender":"MALE","ageRange":"35-44","experience":"NEW"},"question":{"raw":{"text":"지원자님께서는 창의성과 팀워크 중에 어떤 것이 더 중요하다고 생각하시나요 그리고 그렇게 생각하는 근거도 함께 말씀해 주시길 바랍니다","wordCount":17},"emotion":[],"intent":[]},"answer":{"raw":{"text":"둘 중 하나를 선택하는 것은 저는 정말 솔직히 무의미하다고 생각을 합니다. 어떤 종류의 일을 같이 하고 있건 간에 창의성과 팀 워크는 서로 양립해야 되는 존재입니다. 그래도 굳이 하나를 골라야 한다고 말씀을 물어보신다면 저는 상황에 따라 라고 말씀을 드리겠습니다. 창의성이 더 중요하게 발휘돼야 되는 상황 즉 팀웍으로 인해서 창의성을 해칠 수 밖에 없는 상황이 온다면 저는 그거는 팀웍이 더 중요하다고 생각을 합니다. 창의성이 발휘돼야 일을 진척시키는 상황에서 팀 워크로 인해 창의성이 훼손되는 일이 벌어진다면 그거야말로 최악의 경우가 아닐 수 없습니다. 반대로 마찬가지입니다. 팀웍을 발휘해야 이을 일을 할 수 있는 상황인데 창의성이 오히려 팀웍을 해치는 상황이 발생한다면 당연히 팀웍을 조금 창의성이 부족하더라도 팀웍을 선택해야 된다고 생각을 합니다. 즉 서로에게 해가 되지 해가 되는 상황 서로의 가치로 인해 해가 되는 상황이 오는 것을 포기하는 것이 맞다 라고 저는 생각을 합니다. 그래서 두 가지 태세를 다 갖추고 저는 준비를 하겠다 라고 감히 말씀을 드리겠습니다. 하나를 골라야 한다고 한다면 저는 저를 뽑지 않더라도 포기하겠습니다.","wordCount":149},"emotion":[],"intent":[{"text":"","expression":"","category":"attitude"}],"summary":{"text":"어떤 종류의 일을 같이 하고 있건 간에 창의성과 팀워크는 양립해야 하는 존재입니다. 창의성이 더 중요하게 발휘돼야 되는 상황 즉 팀워크로 인해서 창의성을 해칠 수 밖에 없는 상황이 온다면 저는 팀웍이 더 중요하다고 생각합니다. 서로의 가치로 인해 해가 되는 상황이 오는 것을 포기하는 것이 맞다 라고 생각합니다.","wordCount":46}}},"rawDataInfo":{"question":{"fileFormat":"wav","fileSize":495438,"duration":15480,"samplingBit":16,"channelCount":1,"samplingRate":"16kHz","audioPath":"/Mock/06.Design/Male/New/ckmk_q_ard_m_n_189371.wav"},"answer":{"fileFormat":"wav","fileSize":2601678,"duration":81300,"samplingBit":16,"channelCount":1,"samplingRate":"16kHz","audioPath":"/Mock/06.Design/Male/New/ckmk_a_ard_m_n_189371.wav"}}}