{"version":"1.0","dataSet":{"info":{"date":"20230116","occupation":"ARD","channel":"MOCK","place":"ONLINE","gender":"MALE","ageRange":"-34","experience":"NEW"},"question":{"raw":{"text":"옷 신발 가방 등 다양한 브랜드가 있는데요 본인이 좋아하는 디자인 브랜드는 어떤 것이 있나요 그리고 그 이유에 대해서 설명해 주세요","wordCount":20},"emotion":[],"intent":[]},"answer":{"raw":{"text":"저 같은 경우에는 디자인 브랜드는 아니지만 어떻게 보면은 디자인적인 요소가 가장 장점으로 평가받고 있는 바로 애플을 좋아합니다. 일단 애플 같은 경우에는 제품의 디자인뿐만 아니라 어 브랜드 이미지까지 엄청 효과적으로 큰 성공을 거둔 브랜드라고 말씀드릴 수 있겠습니다. 이제 애플의 제품 같은 경우에는 물론 외관상으로도 매우 깔끔하고 디자인이 좋다고 평가 받습니다. 하지만 저는 이런 외관보다 오히려 더욱 중요하게 생각하는 디자인 요소는 바로 소프트웨어 유아이입니다. 이러한 유저 인터페이스 그리고 애니메이션과 같은 것들이 매우 자연스럽고 그리고 매우 직관적이고 그리고 실용성 있게 구성되어 있기 때문에 저는 이러한 디자인 요소가 바로 소비자들의 지갑을 열 수 있는 원동력이 된 것 같습니다. 때문에 저는 이러한 애플의 디자인적인 요소가 지금에 애플이 있게 만들어 줄 수 있었다고 보고 저는 브랜드 디자인까지 잘 성공적으로 한 브랜드라고 생각이 듭니다.","wordCount":117},"emotion":[],"intent":[{"text":"","expression":"","category":"attitude"}],"summary":{"text":"디자인적인 요소가 가장 장점으로 평가받고 있는 바로 애플을 좋아합니다. 애플은 제품의 디자인뿐만 아니라 브랜드 이미지까지 엄청난 성공을 거둔 브랜드라고 말씀드렸습니다. 저는 이러한 디자인 요소가 소비자들의 지갑을 열 수 있는 원동력이 된 것 같습니다. 브랜드 디자인까지 잘 성공적으로 한 브랜가라고 생각합니다.","wordCount":40}}},"rawDataInfo":{"question":{"fileFormat":"wav","fileSize":534478,"duration":16700,"samplingBit":16,"channelCount":1,"samplingRate":"16kHz","audioPath":"/Mock/06.Design/Male/New/ckmk_q_ard_m_n_198608.wav"},"answer":{"fileFormat":"wav","fileSize":2902478,"duration":90700,"samplingBit":16,"channelCount":1,"samplingRate":"16kHz","audioPath":"/Mock/06.Design/Male/New/ckmk_a_ard_m_n_198608.wav"}}}