{"version":"1.0","dataSet":{"info":{"date":"20230116","occupation":"ARD","channel":"MOCK","place":"ONLINE","gender":"MALE","ageRange":"-34","experience":"NEW"},"question":{"raw":{"text":"만약 일을 하던 중에 직무가 적성에 맞지 않는다는 것을 깨닫게 되었습니다 그때 어떻게 하시겠습니까 상황을 가정한 뒤 말씀해 주세요","wordCount":19},"emotion":[],"intent":[]},"answer":{"raw":{"text":"저 같은 경우는 진지하게 한 번 저의 역량을 다시 고려를 해 볼 것 같습니다. 이게 왜 그러냐면은 회사 일을 수행하는 데 있어서 가장 중요한 거는 업무에 대한 만족도라고 저는 생각이 듭니다. 하지만 그 직무가 적성에 맞지 않는다는 것은 저에게 있어서는 업무적인 것에 있어서 만족도를 얻지 못하는 것이기 때문에 그렇기 때문에 업무에 대한 효율도 더 떨어지고 또 그로 인해서 회사에 손해를 끼칠 수 있다고 생각하기에 저는 진지하게 이직을 고려를 할 것 같습니다. 어 하지만 이직을 고려하기 전에 비 업무의 적성에 맞지 않은 업무의 적응하기 위해 최대한의 노력은 한 번 해볼 생각입니다. 예를 들면은 이러한 업무에 대해서 조금 더 열심히 배운다든지 퇴근을 해서 조금 더 공부를 한다든지 이러한 최소한의 노력은 최대한의 노력을 통해서 어떻게든 극복을 할려고 아마 최대한 노력을 진행을 할 것 같습니다. 정 안되면 동료들한테 도움을 청할 수 있겠구요. 하지만 이 모든 노력이 무산이 된다면 저는 진지하게 이직을 고려를 할 것 같습니다. 이상입니다. 감사합니다.","wordCount":143},"emotion":[],"intent":[{"text":"","expression":"","category":"attitude"}],"summary":{"text":"회사 업무 수행에 있어 가장 중요한 것은 업무에 대한 만족도이지만 직무가 적성에 맞지 않는다면 업무의 효율도 떨어지고 회사에 손해를 끼칠 수 있다고 생각하기 때문에 저는 진지하게 이직을 고려를 할 것 같습니다. 이직 전 비 업무의 적성에 맞지않는 업무의 적응을 위해 최대한의 노력을 할 것입니다. 이 모든 노력이 무산된다면 저는 이직을 고려할 것입니다.","wordCount":52}}},"rawDataInfo":{"question":{"fileFormat":"wav","fileSize":454478,"duration":14200,"samplingBit":16,"channelCount":1,"samplingRate":"16kHz","audioPath":"/Mock/06.Design/Male/New/ckmk_q_ard_m_n_185333.wav"},"answer":{"fileFormat":"wav","fileSize":2262478,"duration":70700,"samplingBit":16,"channelCount":1,"samplingRate":"16kHz","audioPath":"/Mock/06.Design/Male/New/ckmk_a_ard_m_n_185333.wav"}}}