{"version":"1.0","dataSet":{"info":{"date":"20230116","occupation":"ARD","channel":"MOCK","place":"ONLINE","gender":"MALE","ageRange":"-34","experience":"NEW"},"question":{"raw":{"text":"남들과는 다른 자신만의 경쟁력을 설명해 주세요 또한 그 경쟁력을 키우기 위해 그동안 어떤 노력을 하셨는지도 말씀 부탁드립니다","wordCount":17},"emotion":[],"intent":[]},"answer":{"raw":{"text":"저는 남들보다 창의성이 뛰어나다고 생각합니다. 저는 항상 어떤 작업이나 디자인 예술을 시작하기 전에 이것이 창의적인가 라고 저 자신을 의심하며 시작합니다. 물론 부정적으로 들리실 수도 있겠지만 이 작업은 굉장히 창의성을 발전시키는 데 저는 도움이 된다고 자부합니다. 그래서 어떤 작업을 하든 항상 그 생각을 하고 모든 서치를 하며 이 작품이 창의성이 있는가 세상에 나왔던 작품인지 아니면 어떤 변화를 주어서 여기까지 도달했는지 그 생각들을 계속해서 굴려나가고 부풀려나갑니다. 그렇기 때문에 저는 다른 사람보다 창의성만큼은 경쟁력을 뛰어나다고 생각할 수 있겠습니다.","wordCount":75},"emotion":[],"intent":[{"text":"","expression":"","category":"attitude"}],"summary":{"text":"디자인 예술을 할 때 저 자신을 의심하며 시작하지만, 이 작업은 창의성을 발전시키는 데 도움이 된다고 생각합니다. 그래서 어떤 작업을 하든 서치를 해나가기 때문에 창의성만큼은 경쟁력을 뛰어나다고 생각할 수 있겠습니다.","wordCount":29}}},"rawDataInfo":{"question":{"fileFormat":"wav","fileSize":610958,"duration":19090,"samplingBit":16,"channelCount":1,"samplingRate":"16kHz","audioPath":"/Mock/06.Design/Male/New/ckmk_q_ard_m_n_225062.wav"},"answer":{"fileFormat":"wav","fileSize":1756878,"duration":54900,"samplingBit":16,"channelCount":1,"samplingRate":"16kHz","audioPath":"/Mock/06.Design/Male/New/ckmk_a_ard_m_n_225062.wav"}}}