{"version":"1.0","dataSet":{"info":{"date":"20230116","occupation":"ARD","channel":"MOCK","place":"ONLINE","gender":"MALE","ageRange":"-34","experience":"NEW"},"question":{"raw":{"text":"만약 지원자님이 원하는 직무가 아니라 다른 직무를 맡게 되신다면 어떻게 하실 것인가요 그래도 괜찮으신가요","wordCount":14},"emotion":[],"intent":[]},"answer":{"raw":{"text":"저 대 인생의 모토가 하나 있습니다. 바로 인생에는 주기적으로 고난과 역경 그리고 뜻대로 되지 않는 일이 필수 불가결적으로 따라온다 라는 것이 저의 지론입니다. 일단 만약에 제가 정말로 이 기업에 들어간다고 해도 그런 좋은 일 뒤에는 항상 어렵고 고난과 역경이 찾아옵니다. 예를 들어서 다른 직무를 맡는 것도 그러한 것이라고 볼 수 있습니다. 따라서 저는 그러한 일을 할 때에 이제 아니 이것은 내가 당연히 겪어야 할 일이다. 그리고 저는 일이 잘 풀려도 항상 방심을 하지 않습니다. 오히려 일이 더 잘 풀리면은 아 내가 이렇게 들뜬 상태에서 위기가 찾아오면은 한 번에 무너지겠구나 하면서 오히려 일이 잘 풀리면은 더욱더 긴장을 하고 태세를 갖추는 그러한 마음가짐을 먹습니다. 따라서 저는 그리고 다른 직무를 맡는 것도 어떻게 보면은 그 직무의 부서에서 저를 뽑아가고 필요해서 뽑아 간 것이기 때문에 감사한 마음으로 직무를 배울 것 같습니다.","wordCount":127},"emotion":[{"text":"바로 인생에는 주기적으로 고난과 역경 그리고 뜻대로 되지 않는 일이 필수 불가결적으로 따라온다 라는 것이 저의 지론입니다.","expression":"u-belief","category":"neutral"}],"intent":[{"text":"","expression":"","category":"attitude"}],"summary":{"text":"인생의 모토는 인생에는 고난과 역경, 뜻대로 되지 않는 일이 필수 불가결적으로 따라온다 라는 것입니다. 그래서 다른 직무를 맡는 것도 그러한 것이라고 볼 수 있고, 일을 할 때는 당연히 겪어야 할 일이고, 일이 잘 풀리면 더욱더 긴장하고 태세를 갖추는 마음가짐을 먹습니다.","wordCount":40}}},"rawDataInfo":{"question":{"fileFormat":"wav","fileSize":353678,"duration":11050,"samplingBit":16,"channelCount":1,"samplingRate":"16kHz","audioPath":"/Mock/06.Design/Male/New/ckmk_q_ard_m_n_194474.wav"},"answer":{"fileFormat":"wav","fileSize":2829518,"duration":88420,"samplingBit":16,"channelCount":1,"samplingRate":"16kHz","audioPath":"/Mock/06.Design/Male/New/ckmk_a_ard_m_n_194474.wav"}}}