{"version":"1.0","dataSet":{"info":{"date":"20230116","occupation":"ARD","channel":"MOCK","place":"ONLINE","gender":"MALE","ageRange":"-34","experience":"NEW"},"question":{"raw":{"text":"만약 지원자님께서 게임 속 캐릭터로 변신하신다면 어떤 게임에서 어떤 캐릭터를 맡아서 수행하고 싶으신지 말씀해 주세요","wordCount":15},"emotion":[],"intent":[]},"answer":{"raw":{"text":"저는 게임 속에서 탱커 역할을 하고 싶습니다. 탱커 역할 같은 경우에는 게임 속 팀에서 원정대에서 가장 필요한 역할 중 하나입니다. 이 탱커의 역할은 다른 역량이 뛰어난 사람들의 뒷받침해주고 대신 희생을 해주며 결국에는 승리로 이끄는 그러한 역할을 합니다. 물론 사람들은 자신이 활약할 수 있는 눈에 보이게 활약할 수 있는 그러한 딜러 역할을 원하지만 제가 게임 속에서 탱커 역할을 하고 싶은 이유는 자신이 희생함에 있어서 그러한 것이 오히려 저는 더욱더 가치 있는 일이라고 생각되기 때문입니다. 특히나 제가 이러한 생각을 먹었던 이유가 제가 한국사를 하면서 저희 독립 투사들 이러한 분들이 전쟁 영웅도 물론 있지마는 그렇게 전쟁 영웅이 아니라 유관순 열사 그리고 김구 선생님과 같이 그렇게 자신을 희생하면서 아주 큰 공헌을 하셨기 때문에 저는 그러한 것에 감명이 받았기 때문입니다.","wordCount":115},"emotion":[],"intent":[{"text":"물론 사람들은 자신이 활약할 수 있는 눈에 보이게 활약할 수 있는 그러한 딜러 역할을 원하지만 제가 게임 속에서 탱커 역할을 하고 싶은 이유는 자신이 희생함에 있어서 그러한 것이 오히려 저는 더욱더 가치 있는 일이라고 생각되기 때문입니다.","expression":"c_value","category":"background"}],"summary":{"text":"사람들은 눈에 보이게 활약할 수 있는 딜러 역할을 원하지만 저는 자신이 희생함에 있어서 더욱 가치 있는 일이라고 생각하기 때문에 게임 속에서 탱커 역할을 하고 싶습니다.","wordCount":25}}},"rawDataInfo":{"question":{"fileFormat":"wav","fileSize":608718,"duration":19020,"samplingBit":16,"channelCount":1,"samplingRate":"16kHz","audioPath":"/Mock/06.Design/Male/New/ckmk_q_ard_m_n_198423.wav"},"answer":{"fileFormat":"wav","fileSize":2796238,"duration":87380,"samplingBit":16,"channelCount":1,"samplingRate":"16kHz","audioPath":"/Mock/06.Design/Male/New/ckmk_a_ard_m_n_198423.wav"}}}