{"version":"1.0","dataSet":{"info":{"date":"20230116","occupation":"ARD","channel":"MOCK","place":"ONLINE","gender":"MALE","ageRange":"-34","experience":"NEW"},"question":{"raw":{"text":"어 입사 후에 이 쉬운 일과 어려운 일이 있을 때 이 일에 대한 분배를 어떻게 하시는지 궁금합니다 어 어떻게 이 난이도에 따라서 일을 나눠 처리할 생각인가요","wordCount":26},"emotion":[],"intent":[]},"answer":{"raw":{"text":"입사 후 제 업무를 수행함에 있어 쉬운 일 그리고 어려운 일이 있을 때 그 일의 분배를 어떻게 하면 좋은지 물어보셨는데 저 같은 경우에는 아무래도 어려운 일부터 시작하고 그리고 그 어려운 일들이 다 끝난 후에 쉬운 일을 시작하지 않을까 싶습니다. 그 이유 같은 경우에는 어려운 일을 하게 될 경우 그 업무에 있어서 들이는 소요되는 시간과 그리고 그 업무를 파악함에 있어서 들이는 시간이 아무래도 상대적으로 쉬운 일보다 조금 더 걸릴 것이라 생각하고 그리고 어려운 일을 진행함에 있어서 다양한 사람들의 의견을 듣고 그리고 이 일을 진행할 때 막히는 부분이 있을 경우에 상사에 충고 또한 들어야 할 점을 고려해 봤을 때 조금 더 시간 분배를 시간 분배적 차원에서 생각을 해보자면 쉬운 일 같은 경우에는 금방 헬 금방 흥 해결할 수 있다고 생각합니다. 그렇기 때문에 조금 더 쉬운 일보다 상대적으로 시간 또는 노력이 아닌 소모되는 어려운 일을 먼저 처리한 후에 그 다음에 쉬운 일을 처리하는 게 맞다고 생각합니다.","wordCount":143},"emotion":[],"intent":[{"text":"","expression":"","category":"attitude"}],"summary":{"text":"업무 수행에 있어 어려운 일이 있을 때의 일 분배에 대해서는 어려운 일부터 시작하고 그 일이 끝난 후에 쉬운 일을 시작하는 것이 맞다고 생각합니다. 어려운 일을 하게 될 경우 업무에 소요되는 시간이 다른 일보다 조금 더 걸릴 것이며, 어려운 일을 진행함에 있어 다양한 사람들의 의견을 듣고 상사의 충고도 들어야 하기 때문입니다.","wordCount":50}}},"rawDataInfo":{"question":{"fileFormat":"wav","fileSize":519758,"duration":16239,"samplingBit":16,"channelCount":1,"samplingRate":"16kHz","audioPath":"/Mock/06.Design/Male/New/ckmk_q_ard_m_n_227486.wav"},"answer":{"fileFormat":"wav","fileSize":2929358,"duration":91540,"samplingBit":16,"channelCount":1,"samplingRate":"16kHz","audioPath":"/Mock/06.Design/Male/New/ckmk_a_ard_m_n_227486.wav"}}}