{"version":"1.0","dataSet":{"info":{"date":"20230116","occupation":"ARD","channel":"MOCK","place":"ONLINE","gender":"MALE","ageRange":"-34","experience":"NEW"},"question":{"raw":{"text":"면접자님의 성격상의 장점과 단점에 대해서 각각 설명해 주세요 그리고 구체적인 예시를 들어서 장점과 단점을 설명 부탁드리겠습니다","wordCount":16},"emotion":[],"intent":[]},"answer":{"raw":{"text":"저의 성격에 이제 장점은 일단 사람들과 금방 친해진다는 점입니다. 그리고 다른 사람을 배려하는 마음입니다. 근데 반대로 단점은 제가 사람들을 너무 좋아하다 보니깐 오히려 사람들에게 어 조금 많은 서운함을 잘 느낀다고 들을 수 있습니다. 장점 같은 경우에는 저는 평소에도 친구들에게 제 성격이 좋고 배려심이 많다는 소리를 많이 들었습니다. 그리고 뿐만 아니라 여러 친구들이 이제 저한테 다른 사람들은 불편한데 너는 편하다 너한테는 엄청 잘해줄 수 있겠다 라는 말을 굉장히 많이 들었습니다. 단점 같이 약간 서운함을 많이 느낀다는 것은 어떻게 안 좋게 말하면은 조금 질투라고 볼 수 있습니다. 근데 이것은 남녀를 불 불문하고 제가 워낙 사람들을 좋아하기 때문에 그로 인해서 발생하는 오히려 정이 많아서 발생하는 그러한 제 성격이 단점이지 않느냐 라는 생각이 듭니다.","wordCount":110},"emotion":[],"intent":[{"text":"저의 성격에 이제 장점은 일단 사람들과 금방 친해진다는 점입니다.","expression":"c_person","category":"background"},{"text":"근데 반대로 단점은 제가 사람들을 너무 좋아하다.","expression":"c_person","category":"background"},{"text":"장점 같은 경우에는 저는 평소에도 친구들에게 제 성격이 좋고 배려심이 많다는 소리를 많이 들었습니다.","expression":"c_person","category":"background"},{"text":"단점 같이 약간 서운함을 많이 느낀다는 것은 어떻게 안 좋게 말하면은 조금 질투라고 볼 수 있습니다.","expression":"c_person","category":"background"}],"summary":{"text":"저는 성격이 좋고 배려심이 많으며 다른 사람들을 배려하는 마음을 가졌습니다. 하지만 사람들을 너무 좋아하기 때문에 다른 사람들에게는 조금 아쉬움을 많이 느꼈습니다. 이것은 질투라고 볼 수 있으나, 오히려 정이 많아서 생기는 성격인 것 같습니다.","wordCount":33}}},"rawDataInfo":{"question":{"fileFormat":"wav","fileSize":476558,"duration":14890,"samplingBit":16,"channelCount":1,"samplingRate":"16kHz","audioPath":"/Mock/06.Design/Male/New/ckmk_q_ard_m_n_198096.wav"},"answer":{"fileFormat":"wav","fileSize":2775758,"duration":86740,"samplingBit":16,"channelCount":1,"samplingRate":"16kHz","audioPath":"/Mock/06.Design/Male/New/ckmk_a_ard_m_n_198096.wav"}}}