{"version":"1.0","dataSet":{"info":{"date":"20230116","occupation":"ARD","channel":"MOCK","place":"ONLINE","gender":"MALE","ageRange":"-34","experience":"NEW"},"question":{"raw":{"text":"만약 지원자님이 지원한 이 직무가 아니라 다른 부서에 배치되게 된다면 어떻게 하실 생각이신가요","wordCount":13},"emotion":[],"intent":[]},"answer":{"raw":{"text":"저 같은 경우에 제가 지원하는 업무에 대해서 일하는 부분이 아니라 음 다른 분야에 대해서 일을 하게 될 경우 분명히 그 사이에 차이에서 오는 음 낯섦과 괴리감 같은 게 있겠지만 저는 그것 또한 충분히 잘 극복해낼 수 있을 거라고 생각합니다. 그 이유는 제가 생 제가 지원한 분야에 대해서 충분한 이해와 인지를 갖고 그 일을 수행할 수 있지만 만약에 다른 업무를 시킨다고 다른 업무 다른 부서에 배정돼서 다른 업무를 하게 된다 하더라도 그 업무를 충분히 수행하려고 하는 자세와 그리고 무엇이든 다 배우려고 하는 저의 마인드 셋이 그 부서 낯선 부서에 가서 새로운 일을 맡게 되고 그 새로운 일을 진행함에 있어서 이점으로 작용한다고 생각합니다. 그렇기 때문에 저는 제가 생각한 부서에서 일을 하는 게 가장 좋겠지만 그렇지 않게 될 경우에도 제가 수행하는 능력을 충분히 발휘할 수 있다고 생각합니다.","wordCount":124},"emotion":[],"intent":[{"text":"","expression":"","category":"attitude"}],"summary":{"text":"저는 다른 부서에서 일하게 될 경우 낯선 부서에서 새로운 일을 진행함에 있어서 이점으로 작용한다고 생각하기 때문에 제가 생각한 부서에서 일을 하는 게 가장 좋겠지만 그렇지 않게 될 경우에도 제가 수행하는 능력을 충분히 발휘할 수 있다고 생각합니다.","wordCount":36}}},"rawDataInfo":{"question":{"fileFormat":"wav","fileSize":371278,"duration":11600,"samplingBit":16,"channelCount":1,"samplingRate":"16kHz","audioPath":"/Mock/06.Design/Male/New/ckmk_q_ard_m_n_227487.wav"},"answer":{"fileFormat":"wav","fileSize":2931278,"duration":91600,"samplingBit":16,"channelCount":1,"samplingRate":"16kHz","audioPath":"/Mock/06.Design/Male/New/ckmk_a_ard_m_n_227487.wav"}}}