{"version":"1.0","dataSet":{"info":{"date":"20230116","occupation":"ARD","channel":"MOCK","place":"ONLINE","gender":"MALE","ageRange":"35-44","experience":"NEW"},"question":{"raw":{"text":"어 우리 회사에 들어오면 어 기존과 다른 업무 스타일이 어 달라질 수도 있는데 기존과 다른 업무 스타일에 잘 적응할 수 있다고 생각을 하십니까","wordCount":23},"emotion":[],"intent":[]},"answer":{"raw":{"text":"당연히 가능해야 된다고 생각하고 저는 가능할 겁니다. 음 업무 스타일이라는 거는 음 기업에서 요구하는 업무 스타일이 있고 제가 추구하는 업무 스타일이 있습니다. 항상 본인의 것만 고집할 수는 없습니다. 그리고 다른 스타일을 받아들이게 되면 저도 한 단계 성숙하는 계기가 된다고 생각합니다. 그 업무 스타일을 흡수함으로써 기존에 제가 갖고 있던 업무 스타일을 잘 조정해서 더 나다은 진보적이고 빠른 그리고 독창적인 업무 스타일을 만들어낼 수 있을 것이고 그 업무 스타일은 결국 저에게 큰 도움이 될 것이 뻔하기 때문입니다. 저는 그걸 받아들여서 적응을 잘하고 어 흡수하는 스펀지 같은 사람이 될 거라고 확신하고 그렇게 되고 싶습니다. 제 평소 지론이 그렇습니다. 내가 갖고 있는 것이 절대라고 생각하면 안 된다 이 세상에는 끊임없이 배워야 한다는 것을 인식하고 있습니다. 업무 스타일 또 마찬가지입니다. 당연히 필요한 것이 있다면 배워야 하는 것이고 기존의 다른 업무 스타일이 존재한다는 것은 이 회사에는 그것이 맞다는 것을 다른 사람들로 인해서 이미 경험을 한 것일 것입니다. 그러면 저는 당연히 받아들여야 하는 것이고 그것을 못 받아들인다면 제 능력이 부족한 것이라고 생각합니다. 따라서 저는 제 능력이 부족하다고 생각하지 않기 때문에 받아들일 수 있고 충분히 잘 해낼 수 있을 거리라고 생각합니다.","wordCount":173},"emotion":[],"intent":[{"text":"","expression":"","category":"attitude"}],"summary":{"text":"업무 스타일이라는 것은 기업에서 요구하는 업무 스타일과 제가 추구하는 업무 스타일이 있습니다. 다른 스타일을 받아들이게 되면 저는 더 진보적이고 빠른 그리고 독창적인 업무 스타일을 만들어낼 수 있을 것이고 결국 제 업무에 큰 도움이 될 것이 뻔하기 때문에 저는 그것을 받아들여서 적응을 잘하고 흡수하는 스펀지 같은 사람이 될 거라고 확신하고 그렇게 되고 싶습니다.","wordCount":52}}},"rawDataInfo":{"question":{"fileFormat":"wav","fileSize":522318,"duration":16320,"samplingBit":16,"channelCount":1,"samplingRate":"16kHz","audioPath":"/Mock/06.Design/Male/New/ckmk_q_ard_m_n_190002.wav"},"answer":{"fileFormat":"wav","fileSize":2658638,"duration":83080,"samplingBit":16,"channelCount":1,"samplingRate":"16kHz","audioPath":"/Mock/06.Design/Male/New/ckmk_a_ard_m_n_190002.wav"}}}