{"version":"1.0","dataSet":{"info":{"date":"20230116","occupation":"ARD","channel":"MOCK","place":"ONLINE","gender":"MALE","ageRange":"-34","experience":"NEW"},"question":{"raw":{"text":"현대 사회에서 없어서는 안 될 가장 중요하게 생각하는 직업에 대해 한 가지를 골라 말씀해 주시겠어요","wordCount":15},"emotion":[],"intent":[]},"answer":{"raw":{"text":"제가 생각하는 현대 사회에서 없어서는 안 될 가장 중요하다고 생각하는 직업은 디자이너입니다. 어 최근 이제 뭐 에이아이가 발달하고 뭐 여러 가지 뭐 로봇 사업이 어 좀 성공적으로 잘 진행이 되면서 점점 기술의 고도화가 이루어지고 있고 어 상당 부분 인간의 노동력을 대체할 수 있는 그러한 시스템이 많이 발달이 되고 있습니다. 어 하지만 아직 디자인 분야에서는 어 이러한 뭐 첨단 산업들이 따라 올 수 없는 그러한 가치가 있다고 생각합니다. 디자인 분야에서 가장 중요한 것은 어 미적 가치라고 생각합니다. 그 어떤 분야의 직무보다 미적인 가치가 가장 중요하다고 생각되는 분야인데요. 어 아직 이러한 부분에 있어서 인간이 가장 중요시하는 미적 가치를 이러한 기계들이 아직 따라올 수 없다고 생각합니다. 그리고 시간이 지난다고 하더라도 이 미적 가치를 느낀다는 것은 인간 고유의 특성이라고 생각을 하고 있기 때문에 어 언제나 좀 디자이너가 항상 각광받을 수 밖에 없는 오히려 시간이 지날수록 그 인적 가치가 더 도드라질 수밖에 없는 그러한 직업이라고 생각하고 있습니다.","wordCount":142},"emotion":[],"intent":[{"text":"","expression":"","category":"attitude"}],"summary":{"text":"디자인 분야는 첨단 산업들이 아직 따라올 수 없는 가치가 있다고 생각합니다. 그 어떤 분야의 직무보다 미적인 가치가 가장 중요하다고 생각되는 분야이기 때문에 시간이 지날수록 그 인적 가치가 더 도드라질 수밖에 없는 직업이라고 생각하고 있습니다.","wordCount":34}}},"rawDataInfo":{"question":{"fileFormat":"wav","fileSize":300558,"duration":9390,"samplingBit":16,"channelCount":1,"samplingRate":"16kHz","audioPath":"/Mock/06.Design/Male/New/ckmk_q_ard_m_n_226898.wav"},"answer":{"fileFormat":"wav","fileSize":2615118,"duration":81720,"samplingBit":16,"channelCount":1,"samplingRate":"16kHz","audioPath":"/Mock/06.Design/Male/New/ckmk_a_ard_m_n_226898.wav"}}}