{"version":"1.0","dataSet":{"info":{"date":"20230116","occupation":"ARD","channel":"MOCK","place":"ONLINE","gender":"MALE","ageRange":"-34","experience":"NEW"},"question":{"raw":{"text":"음 디자인 전공자로서 어 비전공자와 협업을 하기 위해 어 고려해야 할 부분이 있다면 어 그 협업을 위해서 어떤 노력을 할 수 있는지도 말씀해 주시기 바랍니다","wordCount":25},"emotion":[],"intent":[]},"answer":{"raw":{"text":"제가 디자인 업무를 함에 있어 디자이너들끼리의 소통은 당연하지만 그렇지 않은 디자인 비 전공자와의 협업도 빈번하게 발생할 거라 예상이 되는데요. 이때 디자인 전공자로서 디자인 비전공자를 고려해야 할 점은 우선 디자인 전공자로서 디자인 비전공자들이 모를 수 있는 전문적인 언어를 사용하는 것보단 누구나 쉽게 이해할 수 있도록 언어를 풀어서 전달한다던가 또는 언어보다 이해가 쉬운 이미지들을 보여주며 소통하는 방식을 고려해 볼 것 같습니다. 디자인 업무란 게 문제 해결과 동시에 간단 명료하게 정리하여 보여주는 일을 한다고 생각합니다. 이에 맞춰 비전공자와 협업을 잘하는 것도 디자인 업무에 대한 능력을 일정 부 일정 부분 반영한다고 생각합니다.","wordCount":88},"emotion":[],"intent":[{"text":"이때 디자인 전공자로서 디자인 비전공자를 고려해야 할 점은 우선 디자인 전공자로서 디자인 비전공자들이 모를 수 있는 전문적인 언어를 사용하는 것보단 누구나 쉽게 이해할 수 있도록 언어를 풀어서 전달한다던가 또는 언어보다 이해가 쉬운 이미지들을 보여주며 소통하는 방식을 고려해 볼 것 같습니다.","expression":"d_sens","category":"attitude"}],"summary":{"text":"디자인 업무는 문제 해결과 동시에 간단 명료하게 보여주는 일을 합니다. 이에 맞춰 비전공자와 협업을 잘하는 것도 디자인 업무에 대한 능력을 일정 부분 반영한다고 생각합니다.","wordCount":24}}},"rawDataInfo":{"question":{"fileFormat":"wav","fileSize":633038,"duration":19780,"samplingBit":16,"channelCount":1,"samplingRate":"16kHz","audioPath":"/Mock/06.Design/Male/New/ckmk_q_ard_m_n_193364.wav"},"answer":{"fileFormat":"wav","fileSize":2019598,"duration":63110,"samplingBit":16,"channelCount":1,"samplingRate":"16kHz","audioPath":"/Mock/06.Design/Male/New/ckmk_a_ard_m_n_193364.wav"}}}