{"version":"1.0","dataSet":{"info":{"date":"20230116","occupation":"ARD","channel":"MOCK","place":"ONLINE","gender":"MALE","ageRange":"-34","experience":"NEW"},"question":{"raw":{"text":"다른 계열사도 있는데 이 계열사에 지원한 특별한 이유가 있으십니까 그 이유가 궁금합니다","wordCount":12},"emotion":[],"intent":[]},"answer":{"raw":{"text":"현재 우리 브랜드는 해외 명품 브랜드를 거의 따라 잡았다고 할 수 있습니다. 국내 대기업에서 인수를 하면서 저희의 입지가 더 높아진 것도 사실이지만 저희가 초창기에 주목을 받기 시작한 이유도 저희 독자적인 디자인 기술로 유명해지기 시작한 것도 있죠. 명품 가격만큼은 아닌데 디자인은 명품 디자인이다. 이게 저희의 디자인 모토이죠. 어떻게 보면 저는 가성비가 좋은 회사라고 생각을 합니다. 저 또한 어떤 상품을 구매할 때 가성비가 좋은 상품을 구매하려고 합니다. 똑같은 제품 똑같은 사용 기한임에도 불구하고 조금이라도 더 싼 제품을 같은 맛이 나더라도 조금이라도 싼 음식 이런 식으로 우리나라의 어떤 소비 패턴을 봤을 때 디자인은 해외 명품 브랜드 못지않은데 가격은 그만큼 비싸지 않습니다. 그래서 저희는 언 현재 디자인 브랜드에서 업계 일 위를 달리고 있고 이는 계속적으로도 확장될 것이라고 생각을 합니다. 디자인을 어떻게 보면 생활용품 쪽으로 뷰티 제품 뿐만 아니라 생활용품 쪽으로도 디자인을 저희가 기획해 보고 싶은 마음으로 생겨서 이 회사에 지원하게 되었습니다.","wordCount":137},"emotion":[],"intent":[{"text":"디자인을 어떻게 보면 생활용품 쪽으로 뷰티 제품 뿐만 아니라 생활용품 쪽으로도 디자인을 저희가 기획해 보고 싶은 마음으로 생겨서 이 회사에 지원하게 되었습니다.","expression":"c_sincere_job","category":"etc"}],"summary":{"text":"현재 우리 브랜드는 해외 명품 브랜드를 거의 따라 잡았다고 할 수 있습니다. 국내 대기업에서 인수를 하면서 입지가 더 높아졌지만 초창기에 주목을 받기 시작한 이유도 독자적인 디자인 기술로 유명해지기 시작한 것도 있죠. 디자인은 명품 디자인인데 가격은 그만큼 비싸지 않습니다. 그래서 저희는 현재 디자인 브랜드에서 업계 일 위를 달리고 있고 이는 계속적으로도 확장될 것이라고 생각합니다.","wordCount":53}}},"rawDataInfo":{"question":{"fileFormat":"wav","fileSize":311758,"duration":9740,"samplingBit":16,"channelCount":1,"samplingRate":"16kHz","audioPath":"/Mock/06.Design/Male/New/ckmk_q_ard_m_n_195272.wav"},"answer":{"fileFormat":"wav","fileSize":2806478,"duration":87700,"samplingBit":16,"channelCount":1,"samplingRate":"16kHz","audioPath":"/Mock/06.Design/Male/New/ckmk_a_ard_m_n_195272.wav"}}}