{"version":"1.0","dataSet":{"info":{"date":"20230116","occupation":"ARD","channel":"MOCK","place":"ONLINE","gender":"MALE","ageRange":"-34","experience":"NEW"},"question":{"raw":{"text":"지원자께서는 여러 가지 디자인 경험이 있으셨습니다 그렇다면 본인이 작업한 디자인의 우수성을 알리고자 발표해 본 경험이 있으시다면 이것에 대해서 말씀해 주시겠습니까","wordCount":20},"emotion":[],"intent":[]},"answer":{"raw":{"text":"저는 제가 작업한 디자인의 우수성을 알리고자 제가 대학교 삼 학년 겨울방학 때 한 스타트업 기업에서 인턴 생활을 했었는데 그곳에서 이제 저도 어떠한 프로젝트에 참여를 했었습니다. 어떤 프로젝트얐냐면은 이제 제품 디자인 특히 의류 디자인 관련된 프로젝트였는데 이제 그곳에서 저 또한 로고 디자인의 어느정도 프로젝트를 진행을 하여 함께 작업을 하였습니다. 그리고 저는 그곳에서 인턴들 중에 대표로 제가 직접 발표를 맡게 되었습니다. 그곳에서는 실무지인과 그리고 높은 직급의 분들까지 모두 계셨는데요. 그분들 앞에서 막상 발표를 할려니까 너무나도 떨렸었습니다. 하지만 집에서 발표 연습을 열심히 해간 덕분에 어 칭찬을 들었었던 경험이 있습니다.","wordCount":86},"emotion":[],"intent":[{"text":"어떤 프로젝트얐냐면은 이제 제품 디자인 특히 의류 디자인 관련된 프로젝트였는데 이제 그곳에서 저 또한 로고 디자인의 어느정도 프로젝트를 진행을 하여 함께 작업을 하였습니다.","expression":"d_brand_pref","category":"technology"}],"summary":{"text":"디자인의 우수성을 알리고자 스타트업 기업에서 인턴 생활을 했습니다. 제품 디자인 특히 의류 디자인 관련된 프로젝트에 참여했고, 인턴들 중에 대표로 발표를 맡게 되었습니다. 발표를 할으려니 떨렸지만, 집에서 발표 연습을 열심히 한 덕분에 칭찬을 들었던 경험이 있습니다.","wordCount":35}}},"rawDataInfo":{"question":{"fileFormat":"wav","fileSize":505678,"duration":15800,"samplingBit":16,"channelCount":1,"samplingRate":"16kHz","audioPath":"/Mock/06.Design/Male/New/ckmk_q_ard_m_n_194377.wav"},"answer":{"fileFormat":"wav","fileSize":2784078,"duration":87000,"samplingBit":16,"channelCount":1,"samplingRate":"16kHz","audioPath":"/Mock/06.Design/Male/New/ckmk_a_ard_m_n_194377.wav"}}}