{"version":"1.0","dataSet":{"info":{"date":"20230116","occupation":"ARD","channel":"MOCK","place":"ONLINE","gender":"MALE","ageRange":"-34","experience":"NEW"},"question":{"raw":{"text":"어 만약에 이직을 생각하는 동료를 만나게 되는 경우가 생길 수 있는데요 이렇게 어 이직을 결심한 동료를 만나게 된다면 뭐라고 말씀하시겠습니까 그리고 그렇게 말씀하는 이유는 무엇입니까","wordCount":25},"emotion":[],"intent":[]},"answer":{"raw":{"text":"어떤 회사로 고민 중인지 좀 정보를 같이 공유 받고 싶을 것 같아요. 그래서 그 친구가 가지고 있는 그 정보와 그 이직 계획과 그리고 그 친구가 쌓아 놓은 쌓아놓은 포트폴리오가 좀 적절하다고 판단되면은 솔직히 말씀드려서 저도 많이 그 친구한테 도움을 많이 많이 받을 것 같습니다. 왜냐하면 요즘 시대는 요즘 시대는 뭐 더더욱이나 평생 직장이라는 게 평생 직업이라는 게 그런 의미가 많이 어 사라졌잖아요. 그렇기 때문에 뭐 기회가 된다면 또 나의 개발 나의 성장과 어떤 나의 어떤 계획과 뭐 솔직히 말씀드려서 더 큰 연봉이 더 좋은 대우가 있다고 한다면 같이 정보를 공유하면서 더 절 더 좋은 전략을 세워서 이직을 해 이직을 해가는 이직을 해 나가는 것 그것이 결국 이 회사에서도 저 인재를 지킬려면 어떻게 해야 되는지에 대한 그런 경험이 될 수도 있기 때문에 같이 뭐 스터디까지는 오바더라도 같이 뭐 이렇게 공유를 하지 않을까 그런 솔직한 마음 입니다. 네","wordCount":136},"emotion":[],"intent":[{"text":"","expression":"","category":"attitude"}],"summary":{"text":"평생직장이라는 게 의미가 없어지기 때문에 어떤 회사로 고민 중인지 정보를 같이 공유를 받고 싶을 것 같습니다. 정보를 공유하면서 더 좋은 전략을 세워서 이직을 해 나가는 것이 결국 이 회사에서도 저 인재를 지킬려면 어떻게 해야 되는지에 대한 경험이 될 수 있기 때문입니다.","wordCount":41}}},"rawDataInfo":{"question":{"fileFormat":"wav","fileSize":544078,"duration":17000,"samplingBit":16,"channelCount":1,"samplingRate":"16kHz","audioPath":"/Mock/06.Design/Male/New/ckmk_q_ard_m_n_186826.wav"},"answer":{"fileFormat":"wav","fileSize":2543118,"duration":79470,"samplingBit":16,"channelCount":1,"samplingRate":"16kHz","audioPath":"/Mock/06.Design/Male/New/ckmk_a_ard_m_n_186826.wav"}}}