{"version":"1.0","dataSet":{"info":{"date":"20230116","occupation":"ARD","channel":"MOCK","place":"ONLINE","gender":"MALE","ageRange":"-34","experience":"NEW"},"question":{"raw":{"text":"지금까지 협업하면서 가장 어려웠던 점과 그 어려움은 어떻게 해결했는지 해결 방법도 같이 말씀해 주세요","wordCount":14},"emotion":[],"intent":[]},"answer":{"raw":{"text":"지금까지 협업을 하면서 가장 어려웠던 것과 어 그 어려움을 어떻게 해결했는지 함께 말해 달라고 이렇게 질문을 해 주셨는데요. 어 지금까지 협업을 많이 한 적은 없지만 어 해본 기억이 있는데 어 가장 어려웠던 점은 어 나의 의사와 상대방의 의사가 어 이케 맞아 떨어져야지 협업이 가능하다고 생각하는데 그때는 저의 의견과 상대방의 의견이 잘 맞지 않았던 것 같아요. 그래서 어 굉장히 어려웠던 경험이 있는데 그 어려움을 해결하기 위해서 어 상 일단 저의 의견은 잠깐 집어두고 상대방의 의견을 어 굉장히 어 신중하고 어 나의 의견과 어떤 점이 다른지 나의 의견보다 좋은 점과 어 나쁜 점이 무엇인지 생각을 많이 해보려고 노력을 했고 그 후에 어 상대방에게도 나의 의견에 대해서 잘 들어 달라 어 상대방의 의견과 내 의견이 어 차이점과 그 안에 그 중점에 어 더 좋은 점을 생각해보자 라고 상대방을 잘 어 다독이면서 제 의견과 상대방의 의견을 잘 협업해 나가서 협업하면서 가장 어려웠던 그런 의사소통을 그 어려움을 이런 식으로 대화를 통해서 잘 해결했습니다.","wordCount":148},"emotion":[],"intent":[{"text":"그래서 어 굉장히 어려웠던 경험이 있는데 그 어려움을 해결하기 위해서 어 상 일단 저의 의견은 잠깐 집어두고 상대방의 의견을 어 굉장히 어 신중하고 어 나의 의견과 어떤 점이 다른지 나의 의견보다 좋은 점과 어 나쁜 점이 무엇인지 생각을 많이 해보려고 노력을 했고 그 후에 어 상대방에게도 나의 의견에 대해서 잘 들어 달라 어 상대방의 의견과 내 의견이 어 차이점과 그 안에 그 중점에 어 더 좋은 점을 생각해보자 라고 상대방을 잘 어 다독이면서 제 의견과 상대방의 의견을 잘 협업해 나가서 협업하면서 가장 어려웠던 그런 의사소통을 그 어려움을 이런 식으로 대화를 통해서 잘 해결했습니다.","expression":"c_confl_mg","category":"personality"}],"summary":{"text":"협업을 할 때 저의 의견과 상대방의 의견이 잘 맞지 않아 굉장히 어려웠던 경험이 있습니다. 이를 해결하기 위해 상대방의 의견을 신중히 생각해 보려고 노력을 했고, 그 후에는 상대방의 의견을 잘 들어 달라 라고 상대방을 다독이면서 의견을 잘 협업해 나가면서 어려움을 잘 해결했습니다.","wordCount":41}}},"rawDataInfo":{"question":{"fileFormat":"wav","fileSize":312718,"duration":9770,"samplingBit":16,"channelCount":1,"samplingRate":"16kHz","audioPath":"/Mock/06.Design/Male/New/ckmk_q_ard_m_n_174314.wav"},"answer":{"fileFormat":"wav","fileSize":2676878,"duration":83650,"samplingBit":16,"channelCount":1,"samplingRate":"16kHz","audioPath":"/Mock/06.Design/Male/New/ckmk_a_ard_m_n_174314.wav"}}}