{"version":"1.0","dataSet":{"info":{"date":"20230116","occupation":"ARD","channel":"MOCK","place":"ONLINE","gender":"MALE","ageRange":"-34","experience":"NEW"},"question":{"raw":{"text":"일을 하다 보면 혼자서 일을 할 때도 있고 혹은 팀으로 일을 할 때도 있습니다 지원자님께서는 팀으로 일하는 것과 혼자 일하는 것 중에 무엇을 더 선호하십니까 이유도 함께 말씀을 해 주십시오","wordCount":30},"emotion":[],"intent":[]},"answer":{"raw":{"text":"혼자서 프로젝트를 할 때와 팀으로 프로젝트를 할 때 어떤 것을 어떤 것이 더 편하다고 더 더 더 편하다고 말할 수는 없지만 제 개인적으로는 팀으로 하는 것보다 혼자서 프로젝트를 하는 것이 더 좋다고 생각합니다. 그 이유는 팀으로 프로젝트를 할 경우 팀원과의 사이에 의사소통을 통해서 팀 프로젝트를 진행해야 하는데 그 과정에 있어서 팀원 개개인의 생각과 입장 차이가 발생할 수 있고 이것을 조율할 누군가가 이것을 누군가가 조율해주지 않는다면 그 팀은 충분한 역량을 발휘할 수 없을 것입니다. 물론 팀 프로젝트를 통해서 더 할 팀 프로젝트를 통해서 개인이 하는 게 혼자서 하는 프로젝트 팀 프로젝트라 하는 것은 혼자서 하는 프로젝트보다 훨씬 더 향상된 수준의 질과 양을 가진 프로젝트를 성공시킬 수 있다는 사실은 분명합니다. 하지만 프로젝트가 진행되지 않을 수 있 있는 경우도 있습니다.","wordCount":117},"emotion":[],"intent":[{"text":"","expression":"","category":"attitude"}],"summary":{"text":"개인은 개인적으로 팀으로 하는 프로젝트가 더 편하지만, 개인적으로 팀 프로젝트가 개인적으로 더 좋다고 생각합니다. 팀 프로젝트는 팀원 개개인의 생각과 입장 차이를 조율해 더 향상된 수준의 질과 양을 가진 프로젝트를 성공시킬 수 있지만, 프로젝트가 진행되지 않을 수도 있습니다.","wordCount":37}}},"rawDataInfo":{"question":{"fileFormat":"wav","fileSize":595278,"duration":18600,"samplingBit":16,"channelCount":1,"samplingRate":"16kHz","audioPath":"/Mock/06.Design/Male/New/ckmk_q_ard_m_n_180055.wav"},"answer":{"fileFormat":"wav","fileSize":2918158,"duration":91190,"samplingBit":16,"channelCount":1,"samplingRate":"16kHz","audioPath":"/Mock/06.Design/Male/New/ckmk_a_ard_m_n_180055.wav"}}}