{"version":"1.0","dataSet":{"info":{"date":"20230116","occupation":"ARD","channel":"MOCK","place":"ONLINE","gender":"MALE","ageRange":"-34","experience":"NEW"},"question":{"raw":{"text":"어 만약에 어 지원자님께서 해외에 파견 근무를 나가게 된다면 어느 나라로 가고 싶으신지요 또 그 나라에 왜 가고 싶은지 그 이유도 함께 말씀해 주세요","wordCount":24},"emotion":[],"intent":[]},"answer":{"raw":{"text":"저는 이전에 해외를 많이 돌아다니며 일을 했었었는데요. 네덜란드 미국 일본 동남아시아 중동 나라까지 돌아다니면서 해외에서 이미 근무를 해 본 바 있습니다. 근데 그 중에서 이제 이 회사에서 제가 또다시 파견 근무를 나가게 된다면 저는 미국에서 파견 근무를 하고 싶습니다. 미국은 여러 문화권의 사람들이 일을 하고 있고 그러다 보니 다양한 문화 다양한 어떤 생활 양식들을 접할 수가 있습니다. 그리고 또한 영어가 가장 세계 공용어인 상황에서 영어의 종주국에서 일을 하게 되는 것인데 그렇게 일을 하다 보면 저희가 우리 회사가 많은 나라에도 알려줄 수 있는 기회가 될 수 있을 것 같고요. 그리고 또한 비단 미국에서만 제가 일을 하는 것이 아닌 거기서 파생되어 미국 안에 있는 또 다른 나라에 있는 사람들과 소통을 하면서 다른 나라로 이 차 해외로 나갈 수 있다고 생각을 합니다. 또 다른 해외 진출의 가능성을 열어두기 위해 미국으로 가고 싶습니다.","wordCount":129},"emotion":[{"text":"저는 이전에 해외를 많이 돌아다니며 일을 했었었는데요.","expression":"u-fact","category":"neutral"},{"text":"네덜란드 미국 일본 동남아시아 중동 나라까지 돌아다니면서   해외에서 이미 근무를 해 본 바 있습니다.","expression":"u-fact","category":"neutral"}],"intent":[{"text":"","expression":"","category":"attitude"}],"summary":{"text":"이 회사에서 파견 근무를 나가게 된다면 미국에서 파견 근무를 하고 싶습니다. 다양한 문화를 접할 수 있고, 영어가 가장 세계 공용어인 상황에서 영어의 종주국에서 일을 하게 되는 것인데 그렇게 일을 하다 보면 회사가 많은 나라에도 알려줄 수 있는 기회가 될 수 있고 또 다른 해외 진출의 가능성을 열어두기 위해 미국으로 가야 합니다.","wordCount":51}}},"rawDataInfo":{"question":{"fileFormat":"wav","fileSize":454478,"duration":14200,"samplingBit":16,"channelCount":1,"samplingRate":"16kHz","audioPath":"/Mock/06.Design/Male/New/ckmk_q_ard_m_n_169793.wav"},"answer":{"fileFormat":"wav","fileSize":2787278,"duration":87100,"samplingBit":16,"channelCount":1,"samplingRate":"16kHz","audioPath":"/Mock/06.Design/Male/New/ckmk_a_ard_m_n_169793.wav"}}}