{"version":"1.0","dataSet":{"info":{"date":"20230116","occupation":"ARD","channel":"MOCK","place":"ONLINE","gender":"MALE","ageRange":"-34","experience":"NEW"},"question":{"raw":{"text":"지원자님 그동안 진행한 프로젝트를 가운데 가장 기억에 남은 프로젝트가 있다면 지원자님은 어떤 점에서 기억에 남는지 설명과 말씀 부탁해 주세요","wordCount":19},"emotion":[],"intent":[]},"answer":{"raw":{"text":"지금까지 진행한 프로젝트들 중 가장 기억에 남는 프로젝트는 팀원 네 명이서 모여 하나의 컨셉을 유지하여 포스터를 만드는 공모전이 있었습니다. 저희는 브이알 브이알을 사용한 디자인을 했었는데 그 팀원들이 하나 같이 디자인을 해 오지 않는 겁니다. 하지만 저는 의기가 넘쳤던 만큼 그들 몫까지 제가 디자인을 했고 그들에게 발표를 했습니다. 하지만 그들은 의기소침하고 오히려 제가 기대했던 반응과는 달리 그런데 이거는 조금 방향이 다르지 않아 라며 저에게 핍박을 주었었는데요. 하지만 그 공모전에서 전 결국 수상을 하고 말았습니다. 꾹 참고 하면은 결과가 온다는 점에서 가장 기억에 남았던 것 같습니다.","wordCount":84},"emotion":[],"intent":[{"text":"","expression":"","category":"attitude"}],"summary":{"text":"팀원 네 명이 모여 하나의 컨셉을 유지하여 포스터를 만드는 공모전에서 수상을 하였습니다.  브이알을 사용한 디자인을 하였으나 그들은 의기소침하고 방향성이 다르지 않다며 핍박을 주었지만, 참고하면 결과가 온다는 점에서 가장 기억에 남았습니다.","wordCount":30}}},"rawDataInfo":{"question":{"fileFormat":"wav","fileSize":454478,"duration":14200,"samplingBit":16,"channelCount":1,"samplingRate":"16kHz","audioPath":"/Mock/06.Design/Male/New/ckmk_q_ard_m_n_225250.wav"},"answer":{"fileFormat":"wav","fileSize":2233038,"duration":69780,"samplingBit":16,"channelCount":1,"samplingRate":"16kHz","audioPath":"/Mock/06.Design/Male/New/ckmk_a_ard_m_n_225250.wav"}}}