{"version":"1.0","dataSet":{"info":{"date":"20230116","occupation":"ARD","channel":"MOCK","place":"ONLINE","gender":"MALE","ageRange":"-34","experience":"NEW"},"question":{"raw":{"text":"지원자님 본인이 현재 가지고 있는 위치보다 더 어려운 목표를 달성해 본 경험이 있다면 그때 경험에 대해서 말씀해 주시겠어요","wordCount":18},"emotion":[],"intent":[]},"answer":{"raw":{"text":"저는 최근에 어떠한 게임의 스코어를 최고 스코어를 갱신한 적이 있습니다. 그 스코어라는 것이 저의 개인 어떤 혼자 하는 게임이 아니라 전 세계 사람들이 모여서 하는 그런 게임이었는데 우리나라 게이머들도 그 전세계 최고 기록에 아무도 접근을 하지 못했었어요. 그렇지만 저는 그 기록이 정말 깨고 싶어 가지고 많은 노력을 했는데 그런데 그걸 깨기 위해서는 정말 수많은 노력을 했었어야 했어요. 그 사람이 어떻게 해서 그 점수에 도달했는지 분석도 필요했고 그 사람의 공략을 제가 이제 복사를 해서 제 나름대 나름대로 체득을 한 다음에 그것을 이겨낼 수 있는 저만의 방법을 또 개발해야 해 해야했기 때문에 좀 많은 그런 어려움이 있었지만 저는 그것이 제가 꼭 이루어야 할 목표라고 생각을 하고 저것을 정복하지 못하면 나는 나 자신을 이길 수 없다 라고 생각을 하고 정말 끊임없이 노력을 해 가지고 그 세계 기록 그 랭킹을 제가 갱신할 수 있었습니다.","wordCount":130},"emotion":[],"intent":[{"text":"","expression":"","category":"attitude"}],"summary":{"text":"저는 최근에 어떠한 게임의 스코어를 최고 스코어를 갱신한 적이 있습니다. 기록을 깨기 위해 많은 노력을 했고 그 사람의 공략을 제가 복사를 해서 제 나름대로 체득을 한 다음에 그것을 이겨낼 수 있는 방법을 개발해야 했기 때문에 어려움이 있었지만 그것을 정복하기 위해 끊임없이 노력을 해 가지고 랭킹을 갱신할 수 있었습니다.","wordCount":48}}},"rawDataInfo":{"question":{"fileFormat":"wav","fileSize":312398,"duration":9760,"samplingBit":16,"channelCount":1,"samplingRate":"16kHz","audioPath":"/Mock/06.Design/Male/New/ckmk_q_ard_m_n_227563.wav"},"answer":{"fileFormat":"wav","fileSize":2502478,"duration":78200,"samplingBit":16,"channelCount":1,"samplingRate":"16kHz","audioPath":"/Mock/06.Design/Male/New/ckmk_a_ard_m_n_227563.wav"}}}