{"version":"1.0","dataSet":{"info":{"date":"20230116","occupation":"ARD","channel":"MOCK","place":"ONLINE","gender":"MALE","ageRange":"-34","experience":"NEW"},"question":{"raw":{"text":"해외에 파견 근무를 나가게 된다면 어느 나라에서 일을 하고 싶으신가요 또한 그 나라에 가고 싶은 이유도 함께 말씀 부탁드립니다","wordCount":19},"emotion":[],"intent":[]},"answer":{"raw":{"text":"제가 만약에 해외 파견 근무를 나가게 된다면 저는 어 미국에서 일을 해보고 싶습니다. 어 솔직히 이 디자인 업무라는 것이 어 크게 뭐 나라에 영향을 끼친다거나 좀 어떤 환경에 영향을 그렇게 많이 받는 어 직업군은 아닌 것 같습니다. 어 그리고 그 어느 나라를 가서라도 이제 나의 역량을 펼칠 수 있는 그러한 기회의 분야라고도 생각을 하고 있습니다. 어 물론 이제 기본적인 의사소통에 필요한 그러한 외국어 역량이 있기 때문에 좀 그러한 점이 어 제가 미국을 선택하는 데 가장 큰 영향을 준 것 같습니다. 우선 저는 저에 자기소개서나 좀 이력서에서도 이제 보실 수 있다시피 좀 영어에 가장 큰 강점을 가지고 있다고 생각합니다. 어 높은 수준의 공인 영어 성적을 어 보유하고 있고 좀 해외에서 그까 어 영어권 국가에서 체류를 했던 경험도 가지고 있기 때문에 어 이제 영어를 사용하는 이제 미국이나 다른 나라에 있어서 업무를 진행하는데 큰 문제가 없다 라고 생각을 하고 있고 좀 나의 역량을 미국이라는 큰 나라에서 조금 더 펼쳐보고 싶다는 생각을 하게 된 것 같습니다.","wordCount":152},"emotion":[],"intent":[{"text":"","expression":"","category":"attitude"}],"summary":{"text":"디자인 업무는 외국에 영향을 많이 받지는 않지만 어느 나라를 가서라도 저의 역량을 펼칠 수 있는 기회의 분야라 생각합니다. 저는 높은 수준의 공인 영어 성적과 영어권 국가에서 체류했던 경험이 있어서 영어를 사용하는 미국이나 다른 나라에 있어서 업무를 진행하는데 큰 문제가 없다고 생각합니다.","wordCount":41}}},"rawDataInfo":{"question":{"fileFormat":"wav","fileSize":579598,"duration":18110,"samplingBit":16,"channelCount":1,"samplingRate":"16kHz","audioPath":"/Mock/06.Design/Male/New/ckmk_q_ard_m_n_227677.wav"},"answer":{"fileFormat":"wav","fileSize":2561998,"duration":80060,"samplingBit":16,"channelCount":1,"samplingRate":"16kHz","audioPath":"/Mock/06.Design/Male/New/ckmk_a_ard_m_n_227677.wav"}}}