{"version":"1.0","dataSet":{"info":{"date":"20230116","occupation":"ARD","channel":"MOCK","place":"ONLINE","gender":"MALE","ageRange":"-34","experience":"NEW"},"question":{"raw":{"text":"역사 속 인물 중 가장 존경하는 인물이 있으신가요 해당 인물과 존경하는 이유에 대해 설명 가능하신가요","wordCount":15},"emotion":[],"intent":[]},"answer":{"raw":{"text":"저는 다산 정약용을 존경합니다. 그는 실학을 집대성하여 조선 후기의 부국 강병을 꿈꿨던 관료이자 실학자였습니다. 그가 조선 후기의 실학자로 명상을 날릴 수 있었던 것은 자신이 처한 상황과 시대에 대한 문제점을 정확하게 파악하고 그에 따른 개혁의 방향들을 앞장서서 제시하였기 때문입니다. 귀양 살이를 오히려 자신의 수양 그리고 미래의 후손들에게 자신의 지식과 사상을 물려줄 기회로 만든 점에서 깊은 감명을 받았습니다. 그 장점은 성실함과 실용주의라고 생각합니다. 평생에 걸친 방대한 저서들은 그의 성실함을 보여주는 대목이고 배다리에서 거중기에 이르는 발명품들은 추상적인 이론에서 벗어난 진정한 지식인의 모습이라고 생각합니다. 하지만 농지 개혁에 있어서는 아쉬운 부분이 있다고 생각합니다 실제로 농지를 경작한 것은 농민들이지만 양반의 입장에서 바라보었다고 생각합니다. 백성을 위한다면 스스로 자세를 낮춰 바라보아야 한다고 생각합니다.","wordCount":105},"emotion":[{"text":"저는 다산 정약용을 존경합니다.","expression":"p-affection","category":"positive"}],"intent":[{"text":"","expression":"","category":"attitude"}],"summary":{"text":"정약용은 자신의 상황과 시대에 대한 문제점을 정확하게 파악하고 그에 따른 개혁의 방향들을 앞장서서 제시하였기에 조선 후기의 실학자로 명상을 날릴 수 있었습니다. 그의 장점은 성실함과 실용주의입니다. 하지만 농지 개혁에 있어서는 아쉬운 부분이 있다면 농민들을 양반의 입장에서 바라보았다는 것입니다.","wordCount":37}}},"rawDataInfo":{"question":{"fileFormat":"wav","fileSize":306638,"duration":9580,"samplingBit":16,"channelCount":1,"samplingRate":"16kHz","audioPath":"/Mock/06.Design/Male/New/ckmk_q_ard_m_n_172281.wav"},"answer":{"fileFormat":"wav","fileSize":2833998,"duration":88560,"samplingBit":16,"channelCount":1,"samplingRate":"16kHz","audioPath":"/Mock/06.Design/Male/New/ckmk_a_ard_m_n_172281.wav"}}}