{"version":"1.0","dataSet":{"info":{"date":"20230116","occupation":"ARD","channel":"MOCK","place":"ONLINE","gender":"MALE","ageRange":"35-44","experience":"NEW"},"question":{"raw":{"text":"지원자님이 평소 존경하고 있는 디자이너와 제품에 대해서 말씀해 주세요","wordCount":9},"emotion":[],"intent":[]},"answer":{"raw":{"text":"저는 애플의 조나단 아이브 디자이너를 가장 좋아합니다. 제가 가장 좋아하는 브랜드가 또 애플이기도 하고요. 어 제가 중학교 일 학년 때 처음 봤던 애플 컴퓨터 디자인은 저에겐 충격적이었습니다. 그 당시 컴퓨터는 네모 반듯한 것이 전부였고 그 네모 반듯한 세상 속에 어 일종의 명령문들만 가득 채워지는 굉장히 싫어하는 것들이었는데 애플은 달랐습니다. 다름을 보여준 것이죠. 그 다름이 개성으로 다가오고 그 다가온 것은 저의 마음을 훔쳤습니다. 늘 그래왔습니다. 어 애플이 보여주는 모든 제품들은 잊지 않았던 것들을 보여주었고 그 잊지 않았던 것들임에도 불구하고 효용성을 극대화했습니다. 사용하고 싶게끔 만들면서 아름다운 것 그 두 가지 지금 말씀하신 유엑스 디자인에 대한 설명과 일치하는 곳이 바로 애플이었기 때문입니다. 저는 조나단 나이브의 이 디자인이 지금도 영향을 미치고 있다는 사실이 너무나도 존경스럽고 얼마나 진보적이고 발전적인 태도를 지녔는지 생각해보게 됩니다. 저도 그 디자이너를 본 받아서 진보적이고 독창적인 세계를 구축하는 사람이 되고 싶습니다.","wordCount":130},"emotion":[{"text":"저는 조나단 나이브의 이 디자인이 지금도 영향을 미치고 있다는 사실이 너무나도 존경스럽고 얼마나 진보적이고 발전적인 태도를 지녔는지 생각해보게 됩니다.","expression":"p-affection","category":"positive"},{"text":"저도 그 디자이너를 본 받아서 진보적이고 독창적인 세계를 구축하는 사람이 되고 싶습니다.","expression":"p-interest","category":"positive"}],"intent":[{"text":"저는 조나단 나이브의 이 디자인이 지금도 영향을 미치고 있다는 사실이 너무나도 존경스럽고 얼마나 진보적이고 발전적인 태도를 지녔는지 생각해보게 됩니다.","expression":"d_sens","category":"attitude"}],"summary":{"text":"저는 애플의 조나단 아이브 디자이너를 가장 좋아합니다. 그가 보여주는 모든 제품들은 잊지 않았던 것들을 보여주었고 그 기억들에 대한 효용성을 극대화했습니다. 사용하게 만들면서 아름다운 것은 유엑스 디자인에 대한 설명과 일치하는 곳이 바로 애플입니다. 이 디자이너를 본 받아서 진보적이고 독창적인 세계를 구축하는 사람이 되고 싶습니다.","wordCount":43}}},"rawDataInfo":{"question":{"fileFormat":"wav","fileSize":243278,"duration":7600,"samplingBit":16,"channelCount":1,"samplingRate":"16kHz","audioPath":"/Mock/06.Design/Male/New/ckmk_q_ard_m_n_190001.wav"},"answer":{"fileFormat":"wav","fileSize":2464078,"duration":77000,"samplingBit":16,"channelCount":1,"samplingRate":"16kHz","audioPath":"/Mock/06.Design/Male/New/ckmk_a_ard_m_n_190001.wav"}}}