{"version":"1.0","dataSet":{"info":{"date":"20230116","occupation":"ARD","channel":"MOCK","place":"ONLINE","gender":"MALE","ageRange":"-34","experience":"NEW"},"question":{"raw":{"text":"네이버 다음 구글 이 셋에 검색을 비교해 보시고 각각 검색 엔진들에 장단점과 차이를 설명해 주세요","wordCount":15},"emotion":[],"intent":[]},"answer":{"raw":{"text":"이 세 가지 검색 엔진들의 특징들은 먼저 네이버와 다음과 같은 서비스는 검색을 하게 되면은 자사 플랫폼에 게시글들이 주로 상단에 노출이 됩니다. 그리고 구글 같은 경우에는 그러한 자사의 플랫폼과 상관없이 가장 객관적이고 그리고 관련성이 높은 자료들이 상단에 노출됩니다. 그리고 무엇보다 이 네이버 다음과 그리고 구글 이것들의 차이점은 바로 광고 노출인데요. 물론 구글도 광고가 어느 정도 있지만 네이버와 다음은 매우 많으며 따라서 이러한 트래픽의 낭비도 네이버와 다음이 심하기 때문에 구글이 검색 속도가 가장 빠릅니다. 그리고 네이버와 다음 같은 경우에는 국내 관련 자료 예를 들어서 리뷰 그리고 어디 맛집 정보 이러한 것들에 대한 자료가 찾기가 수월하고 그리고 구글 같은 경우에는 논문 그리고 해외 자료 그리고 영문 자료 이러한 것들을 찾기에 매우 적합한 것을 확인할 수 있습니다.","wordCount":113},"emotion":[{"text":"이 세 가지 검색 엔진들의 특징들은 먼저 네이버와 다음과 같은 서비스는 검색을 하게 되면은 자사 플랫폼에 게시글들이 주로 상단에 노출이 됩니다.","expression":"u-fact","category":"neutral"}],"intent":[{"text":"","expression":"","category":"attitude"}],"summary":{"text":"네이버와 다음은 자사 플랫폼에 게시글이 주로 상단에 노출되고, 구글은 객관적이고 관련성이 높은 자료들이 상단에 노출됩니다. 네이버는 광고 노출이 매우 많고 트래픽의 낭비도 매우 심하기 때문에 검색 속도가 가장 빠를 수 밖에 없습니다.","wordCount":32}}},"rawDataInfo":{"question":{"fileFormat":"wav","fileSize":467278,"duration":14600,"samplingBit":16,"channelCount":1,"samplingRate":"16kHz","audioPath":"/Mock/06.Design/Male/New/ckmk_q_ard_m_n_198430.wav"},"answer":{"fileFormat":"wav","fileSize":2831118,"duration":88470,"samplingBit":16,"channelCount":1,"samplingRate":"16kHz","audioPath":"/Mock/06.Design/Male/New/ckmk_a_ard_m_n_198430.wav"}}}