{"version":"1.0","dataSet":{"info":{"date":"20230116","occupation":"ARD","channel":"MOCK","place":"ONLINE","gender":"MALE","ageRange":"35-44","experience":"NEW"},"question":{"raw":{"text":"최근에 본 뉴스들 가운데 가장 인상 깊었던 뉴스가 있으시다면 그게 무엇이었는지에 대해 이유도 함께 말씀해 주세요","wordCount":16},"emotion":[],"intent":[]},"answer":{"raw":{"text":"저는 요새 전쟁 뉴스를 굉장히 유심히 보고 있습니다. 매일매일 우크라이나와 러시아 간에 일어나고 있는 이 침략 전쟁을 매우 심도 있게 분석하고 어 하루하루 어떻게 뉴스가 나오고 있는지 보고 있습니다. 음 저는 이 세계 사람들의 삶에 굉장히 관심이 많습니다. 그래서 어떤 사고가 났다던지 혹은 큰 일이 벌어졌다던지 또는 그와 반대로 따뜻한 일 뭔가 사람 마음을 훈훈하게 녹여주는 일이 벌어진 기사들을 많이 찾아봅니다. 어 저는 기본적으로 사람들이 살아가는 이 세상에 대한 관심이 많은 사람이기 때문입니다. 음 그래서 전쟁도 빨리 종결됐으면 하는 마음을 담아서 뉴스를 보고 있습니다. 마음 같아서야 어 그 사람들을 위해서 우크라이나분들을 위해서 할 수 있는 것이 무엇이 있을까에 대한 고민도 같이 해보지만 실질적으로 저가 도움이 될 수 있는 일이 많이 없는 상황이기 때문에 이렇게 관심을 갖는 것 만으로 스스로 도움이 된다 라는 위안을 갖고 살펴보고 있습니다. 이렇게 많은 사람들이 관심을 갖고 지켜볼 때 그 전쟁도 빨리 끝날 수 있지 않을까 생각을 하는 마음으로 우크라이나와 러시아 간의 침략 전쟁을 주의 깊게 뉴스로 살펴보고 있습니다.","wordCount":153},"emotion":[],"intent":[{"text":"","expression":"","category":"attitude"}],"summary":{"text":"저는 세계 사람들의 삶에 관심이 많기 때문에 전쟁 뉴스를 유심히 보고 있습니다. 그래서 전쟁도 빨리 종결됐으면 하는 마음으로 뉴스를 보고 있으며, 우크라이나분들을 위해서 할 수 있는 일이 별로 없기 때문에 관심을 갖는 것만으로 위안을 갖고 살펴보고 있습니다.","wordCount":37}}},"rawDataInfo":{"question":{"fileFormat":"wav","fileSize":517198,"duration":16160,"samplingBit":16,"channelCount":1,"samplingRate":"16kHz","audioPath":"/Mock/06.Design/Male/New/ckmk_q_ard_m_n_189369.wav"},"answer":{"fileFormat":"wav","fileSize":2651278,"duration":82850,"samplingBit":16,"channelCount":1,"samplingRate":"16kHz","audioPath":"/Mock/06.Design/Male/New/ckmk_a_ard_m_n_189369.wav"}}}