{"version":"1.0","dataSet":{"info":{"date":"20230116","occupation":"ARD","channel":"MOCK","place":"ONLINE","gender":"MALE","ageRange":"-34","experience":"NEW"},"question":{"raw":{"text":"그동안 지원자님께서 속해 있었던 조직이나 단체 속에서 본인은 주로 어떤 역할을 하는 사람이었는지 어 말씀해 주시면 감사하겠네요","wordCount":17},"emotion":[],"intent":[]},"answer":{"raw":{"text":"제가 어떤 조직이나 단체에 속했을 때 주로 맡았던 점은 많은 사람들이 서로의 의견을 공유하고 그 의견을 공유함에 있어서 자신의 입장에 대해서 말하고 그리고 자신이 생각하는 바에 대해서 얘기할 그런 경우가 많은데 서로 그런 얘기를 주고받다 보면 각자의 입장에 대해서 충분히 고려하지 못한 상황이 발생할 수도 있고 그런 상황이 발생함에 따라 갈등이 조장될 그런 가능성도 있는데 저는 주로 그 사이에서 그 둘의 사이를 중재하고 그리고 그 둘의 사이 서로의 입장을 이해시키려고 노력해주고 그리고 둘의 의견에 그 상충할 수 있는 거래 둘의 상충된 의견을 둘 다 포용할 수 있는 새로운 새로운 방향을 제시하는 그런 역할을 주로 했던 것 같습니다. 그 역할을 통해서 다양한 사람들의 서로가 생각하는 각자의 입장에 대해서 생각하는 계기가 되었고 그리고 그 서로의 입장이 충돌이 됐을 때 그런 갈등 상황을 어떻게 하면 좀 더 구조시키지 않고 중재할 수 있는지 그런 점을 배운 것 같습니다.","wordCount":134},"emotion":[],"intent":[{"text":"제가 어떤 조직이나 단체에 속했을 때 주로 맡았던 점은 많은 사람들이 서로의 의견을 공유하고 그 의견을 공유함에 있어서 자신의 입장에 대해서 말하고 그리고 자신이 생각하는 바에 대해서 얘기할 그런 경우가 많은데 서로 그런 얘기를 주고받다 보면 각자의 입장에 대해서 충분히 고려하지 못한 상황이 발생할 수도 있고 그런 상황이 발생함에 따라 갈등이 조장될 그런 가능성도 있는데 저는 주로 그 사이에서 그 둘의 사이를 중재하고 그리고 그 둘의 사이 서로의 입장을 이해시키려고 노력해주고 그리고 둘의 의견에 그 상충할 수 있는 거래 둘의 상충된 의견을 둘 다 포용할 수 있는 새로운 새로운 방향을 제시하는 그런 역할을 주로 했던 것 같습니다.","expression":"c_confl_mg","category":"personality"},{"text":"그 역할을 통해서 다양한 사람들의 서로가 생각하는 각자의 입장에 대해서 생각하는 계기가 되었고 그리고 그 서로의 입장이 충돌이 됐을 때 그런 갈등 상황을 어떻게 하면 좀 더 구조시키지 않고 중재할 수 있는지 그런 점을 배운 것 같습니다.","expression":"c_confl_mg","category":"personality"}],"summary":{"text":"저는 어떤 조직이나 단체에서 서로의 의견을 공유할 때 각자의 입장을 충분히 고려하지 못한 상황이 발생할 수도 있고 갈등이 조장될 수도 있는데, 그 사이에서 중재하고 서로 입장을 이해시키려고 노력하며 의견을 둘 다 포용할 수 있는 새로운 방향을 제시하는 역할을 했던 것 같습니다.","wordCount":41}}},"rawDataInfo":{"question":{"fileFormat":"wav","fileSize":379598,"duration":11860,"samplingBit":16,"channelCount":1,"samplingRate":"16kHz","audioPath":"/Mock/06.Design/Male/New/ckmk_q_ard_m_n_227483.wav"},"answer":{"fileFormat":"wav","fileSize":2848078,"duration":89000,"samplingBit":16,"channelCount":1,"samplingRate":"16kHz","audioPath":"/Mock/06.Design/Male/New/ckmk_a_ard_m_n_227483.wav"}}}