{"version":"1.0","dataSet":{"info":{"date":"20230116","occupation":"ARD","channel":"MOCK","place":"ONLINE","gender":"MALE","ageRange":"-34","experience":"NEW"},"question":{"raw":{"text":"이루고 싶으신 인생의 목표가 있나요 있다면 왜 그것을 이루고 싶으신지도 함께 말씀해 보시겠어요","wordCount":13},"emotion":[],"intent":[]},"answer":{"raw":{"text":"제가 이루고 싶은 인생 목표는 어 흔한 인생 목표일 수도 있는데 저는 개인적으로 세계의 여행을 해보고 싶습니다. 그 이유는 여러 나라에 가서 여러 나라에 각각 그 고유의 문화를 체험하고 그리고 다양한 사람들을 만나고 그리고 다양한 문화와 먹거리를 접하고 제 시야와 안목을 넓히는 데 있어서 가장 큰 도움을 줄 수 있을 것이라고 생각하기 때문입니다. 만약에 세계 여행을 하게 된다면 세계 여행을 하면서 여러 나라에 방문하고 그리고 그 나라 각각의 고유 문화를 접함으로써 접하고 체험함으로써 다양한 사람들의 입장을 생각하는 데 도움이 될 수 있다고 생각합니다. 또한 사람들을 사귀는 데 있어서 여러 가지 인적 요소가 반영되는데 그 인적 요소 또한 향상시키고 다양한 사람들의 새로 만나는 것에 대해 거리낌이 없을 것이라고 생각하기 때문입니다.","wordCount":109},"emotion":[],"intent":[{"text":"","expression":"","category":"attitude"}],"summary":{"text":"저는 개인적으로 세계 여행을 하고 싶습니다. 그 이유는 세계 여행을 통해 각 나라의 고유 문화를 체험하고, 다양한 사람들을 만나고, 다양한 문화와 먹거리를 접하면서 시야와 안목을 넓히는 데 가장 큰 도움이 될 것이라고 생각하기 때문입니다.","wordCount":34}}},"rawDataInfo":{"question":{"fileFormat":"wav","fileSize":307278,"duration":9600,"samplingBit":16,"channelCount":1,"samplingRate":"16kHz","audioPath":"/Mock/06.Design/Male/New/ckmk_q_ard_m_n_180168.wav"},"answer":{"fileFormat":"wav","fileSize":2895438,"duration":90480,"samplingBit":16,"channelCount":1,"samplingRate":"16kHz","audioPath":"/Mock/06.Design/Male/New/ckmk_a_ard_m_n_180168.wav"}}}