{"version":"1.0","dataSet":{"info":{"date":"20230116","occupation":"ARD","channel":"MOCK","place":"ONLINE","gender":"MALE","ageRange":"-34","experience":"NEW"},"question":{"raw":{"text":"지원자님께서 업무와 관련하여 다룰 수 있는 프로그램이 있으신가요 그렇다면 그 프로그램을 어느 수준으로 사용할 수 있는지 지원자님의 생각이 궁금합니다","wordCount":19},"emotion":[],"intent":[]},"answer":{"raw":{"text":"저는 라이너란 프로그램을 사용할 줄 아는데요. 이 라이너는 자체적으로 개발한 쓰리디 모델링 커널의 넙스 기반에 서피스터 위주로 사용할 수 있기 때문에 저는 간단한 제품들 예로 들자면 컵이나 뭐 스피커 노트북 핸드폰 이런 제품부터 복잡한 면을 가진 자동차 선박 등 어 다양한 수준으로 모델링 프로그램을 사용할 수 있습니다. 저는 이 프로그램을 사용해서 어 여러 제품들을 디자인을 해 봤기 때문에 수준에 대하여는 크게 문제가 없는 편입니다.","wordCount":64},"emotion":[],"intent":[{"text":"","expression":"","category":"attitude"}],"summary":{"text":"라이너 프로그램은 자체 개발한 쓰리디 모델링 커널의 넙스 기반에 서피스터 위주로 사용할 수 있기 때문에 다양한 수준으로 모델링 프로그램을 사용할 수 있습니다.","wordCount":22}}},"rawDataInfo":{"question":{"fileFormat":"wav","fileSize":474958,"duration":14840,"samplingBit":16,"channelCount":1,"samplingRate":"16kHz","audioPath":"/Mock/06.Design/Male/New/ckmk_q_ard_m_n_190936.wav"},"answer":{"fileFormat":"wav","fileSize":1575758,"duration":49240,"samplingBit":16,"channelCount":1,"samplingRate":"16kHz","audioPath":"/Mock/06.Design/Male/New/ckmk_a_ard_m_n_190936.wav"}}}