{"version":"1.0","dataSet":{"info":{"date":"20230116","occupation":"ARD","channel":"MOCK","place":"ONLINE","gender":"MALE","ageRange":"-34","experience":"NEW"},"question":{"raw":{"text":"네 지원자님께서 오늘 면접 준비하시느라고 고생을 좀 많이 하셨을 텐데 어떤 방식으로 면접을 준비하셨는지 이야기를 좀 해주실 수 있는지 여쭤보고 싶습니다","wordCount":21},"emotion":[],"intent":[]},"answer":{"raw":{"text":"네 저는 먼저 저에 포트폴리오를 정리해 나가면서 제가 지금까지 했던 경험들과 업무들에 리스트를 꼼꼼히 정리해 나가는 일 먼저 시작을 했습니다. 저라는 사람이 이 회사에 적합한 인재인지 확인하기 위해서는 저도 저 제 자신에 대해서 그동안의 경력들을 체크해 나가야 했기 때문입니다. 그리고 주변 사람들에 피드백을 받아보았습니다. 먼저 취업하여 경험이 있는 동기들과 선배님들의 도움을 받아 정보를 얻었고 그 정보들을 취합하여 면접 준비를 하였습니다. 이상입니다.","wordCount":61},"emotion":[],"intent":[{"text":"","expression":"","category":"attitude"}],"summary":{"text":"이 회사에 적합한 인재인지 확인하기 위해서는 제 자신에 대해 그동안의 경력들을 체크해 나가야 했기 때문에 주변 사람들의 피드백을 받아보았습니다.","wordCount":19}}},"rawDataInfo":{"question":{"fileFormat":"wav","fileSize":579918,"duration":18120,"samplingBit":16,"channelCount":1,"samplingRate":"16kHz","audioPath":"/Mock/06.Design/Male/New/ckmk_q_ard_m_n_177613.wav"},"answer":{"fileFormat":"wav","fileSize":1918798,"duration":59960,"samplingBit":16,"channelCount":1,"samplingRate":"16kHz","audioPath":"/Mock/06.Design/Male/New/ckmk_a_ard_m_n_177613.wav"}}}