{"version":"1.0","dataSet":{"info":{"date":"20230116","occupation":"ARD","channel":"MOCK","place":"ONLINE","gender":"MALE","ageRange":"-34","experience":"NEW"},"question":{"raw":{"text":"어 공동체의 가치에 입각해서 무형 문화유산의 보호에 있어 적용되는 사회적 관념은 무엇이라고 생각하십니까 어 본인의 생각을 말씀해 주세요","wordCount":18},"emotion":[],"intent":[]},"answer":{"raw":{"text":"무형문화유산이라 함은 굉장히 여러 가지가 있을 수 있는데요. 유형이 아니라 무형이다 보니까 인간 문화재가 될 수도 있겠구요. 이것들을 보존함에 있어서 보호함에 있어서 저희가 가장 중요한 사회적 관념은 후세들에게도 알릴 수 있는 그런 제도적 장치가 돼 있어야 된다는 것입니다. 무형이 아니다 보니 보관만 하고 있는다고 후세들에게 전달되는 것이 아닙니다. 예를 들어 기능장들 우리나라 각 곳에 숨어있는 명장들의 경우 이 명장들이 생을 마감했을 때 이 명장을 대신할 대신할 다음 명장이 필요합니다. 세대가 계속되면서 이것이 계속 내려줘 와야 되는 것이죠. 무형문화에 있어 갖고 이거를 보호함에 있어서는 세대 간의 연결이 필요한 것입니다. 사실 저도 현재 무형문화가 뭐가 있는지 잘 모릅니다. 요즘 세대들이 무형문화에 대해서 무엇이 있고 어떻게 세습되어 왔고 이런 것들을 파악하는 장치가 더 추가적으로 됐으면 좋겠습니다.","wordCount":113},"emotion":[],"intent":[{"text":"","expression":"","category":"attitude"}],"summary":{"text":"무형문화유산이라 함은 인간 문화재가 될 수도 있고, 무형이 아니라서 보관만 하고 있다고 후세들에게 전달되지 않습니다. 세대 간에 연결이 필요한 것입니다. 요즘 세대들이 무형문화에 대해 무엇이 있고 어떻게 세습되어 왔고 이런 것들을 파악하는 장치가 더 추가적으로 됐으면 좋겠습니다.","wordCount":37}}},"rawDataInfo":{"question":{"fileFormat":"wav","fileSize":385358,"duration":12040,"samplingBit":16,"channelCount":1,"samplingRate":"16kHz","audioPath":"/Mock/06.Design/Male/New/ckmk_q_ard_m_n_169796.wav"},"answer":{"fileFormat":"wav","fileSize":2756558,"duration":86140,"samplingBit":16,"channelCount":1,"samplingRate":"16kHz","audioPath":"/Mock/06.Design/Male/New/ckmk_a_ard_m_n_169796.wav"}}}