{"version":"1.0","dataSet":{"info":{"date":"20230116","occupation":"ARD","channel":"MOCK","place":"ONLINE","gender":"MALE","ageRange":"-34","experience":"NEW"},"question":{"raw":{"text":"열심히는 하지만 본인이 원하는 만큼 따라오지 못하는 팀 동료가 어 있을 수도 있습니다 이럴 때는 어떻게 하실지 생각해 보시고 말씀해 주세요","wordCount":21},"emotion":[],"intent":[]},"answer":{"raw":{"text":"열심히 하지만 본인이 원하는 만큼 따라오지 못하는 팀 동료들이 있을 수 있습니다. 이럴 땐 어떻게 하십니까 라고 이렇게 질문을 해주셨는데요. 일단은 굉장히 답답은 할 것 같지만 저도 그럴 때가 있었고 다 잘하는 거 다 잘하는 사람은 없을 거라고 생각을 해요. 그렇기 때문에 그런 열심히 열심히 하는 것이 저는 가장 중요하다고 생각하기 때문에 왜냐하면 열심히 하면 못하는 점을 도와줄 수 있고 그 점을 수긍하면서 더 발전하고 모르는 걸 알아갈 수 있는데 열심히 하지 않는 팀원들에게는 그럴 가치가 없다고 생각합니다. 그렇기 때문에 열심히 하지만 내가 원하는 만큼 따라오지 못하는 팀 동료가 있다면 다른 동료에게 도움을 청하거나 아니면 내가 직접 나서서 어 그 원하는 만큼 따라오지 못하는 팀원을 어 강요하지는 않지만 그렇게 성장할 수 있도록 도움을 주고 그 사람도 모르는 부분에 있어서 가르침을 받을 수 있게 그런 식으로 팀원들과 함께 어 의견들을 나누면서 도와줄 것 같습니다. 그렇 그러면 열심히 하는 대가가 따른다고 생각하기 때문에 그 열심히 하지만 원하는 만큼 따라오지 못하는 사람도 어 자신감도 생기고 모르는 부분을 알아가는 그런 과정이 있기 때문에 더 도움이 될 거라고 생각합니다.","wordCount":164},"emotion":[],"intent":[{"text":"그렇기 때문에 열심히 하지만 내가 원하는 만큼 따라오지 못하는 팀 동료가 있다면 다른 동료에게 도움을 청하거나 아니면 내가 직접 나서서 어 그 원하는 만큼 따라오지 못하는 팀원을 어 강요하지는 않지만 그렇게 성장할 수 있도록 도움을 주고 그 사람도 모르는 부분에 있어서 가르침을 받을 수 있게 그런 식으로 팀원들과 함께 어 의견들을 나누면서 도와줄 것 같습니다.","expression":"c_cop","category":"personality"}],"summary":{"text":"열심히 하지만 원하는 만큼 따라오지 못하는 팀 동료가 있다면 다른 동료에게 도움을 청하거나 직접 나서서 그 동료를 도와 성장을 돕고 그 사람도 모르는 부분에 있어서 가르침을 받을 수 있게 팀원들과 함께 의견들을 나누면서 도울 것입니다. 열심히 하는 대가가 따른다고 생각하기 때문입니다.","wordCount":41}}},"rawDataInfo":{"question":{"fileFormat":"wav","fileSize":510798,"duration":15960,"samplingBit":16,"channelCount":1,"samplingRate":"16kHz","audioPath":"/Mock/06.Design/Male/New/ckmk_q_ard_m_n_174317.wav"},"answer":{"fileFormat":"wav","fileSize":2671758,"duration":83490,"samplingBit":16,"channelCount":1,"samplingRate":"16kHz","audioPath":"/Mock/06.Design/Male/New/ckmk_a_ard_m_n_174317.wav"}}}