{"version":"1.0","dataSet":{"info":{"date":"20230116","occupation":"ARD","channel":"MOCK","place":"ONLINE","gender":"MALE","ageRange":"-34","experience":"NEW"},"question":{"raw":{"text":"디자인은 특히 최근의 트렌드를 잘 아는 것이 중요한데요 최근 디자인 트렌드는 어떻게 파악하고 계신가요","wordCount":14},"emotion":[],"intent":[]},"answer":{"raw":{"text":"말씀해주신 것처럼 디자인은 특히나 다른 분야에 비해서 최근의 트렌드를 잘 아는 것이 가장 중요한 것 같습니다. 디자인은 즉 소비자의 니즈와 직결되는 부분이기 때문에 어 최근의 트렌드를 빠르게 잘 파악하고 이를 나의 디자인에 잘 반영하는 것이 가장 중요하다고 생각합니다. 어 저는 이렇게 좀 최근 디자인 트렌드에 대해서 좀 기민하게 반응을 하기 위해서 어 여러 가지 소셜 네트워크 활동 등을 통해 좀 이러한 점들을 파악하려고 노력하고 있습니다. 어 젊은 세대들이 주로 사용하는 인스타그램 등의 에스앤에스 등을 활용하면 좀 확실히 최근에 트렌드에 관해서 어 좀 빠르게 누구보다 빠르게 파악을 할 수 있는 것 같습니다. 그리고 이렇게 에스엔에스를 잘 활용할 줄 아는 부분은 최근 이게 엠지 세대에 어 특징이라고도 생각을 하고 좀 엠지 세대를 타깃으로 공략하기에 가장 적합한 방법이라고 생각하고 있습니다.","wordCount":117},"emotion":[],"intent":[{"text":"디자인은 즉 소비자의 니즈와 직결되는 부분이기 때문에 어 최근의 트렌드를 빠르게 잘 파악하고 이를 나의 디자인에 잘 반영하는 것이 가장 중요하다고 생각합니다.","expression":"d_trendy","category":"technology"},{"text":"어 저는 이렇게 좀 최근 디자인 트렌드에 대해서 좀 기민하게 반응을 하기 위해서 어 여러 가지 소셜 네트워크 활동 등을 통해 좀 이러한 점들을 파악하려고 노력하고 있습니다.","expression":"d_trendy","category":"technology"},{"text":"어 젊은 세대들이 주로 사용하는 인스타그램 등의 에스앤에스 등을 활용하면 좀 확실히 최근에 트렌드에 관해서 어 좀 빠르게 누구보다 빠르게 파악을 할 수 있는 것 같습니다.","expression":"d_trendy","category":"technology"}],"summary":{"text":"디자인은 소비자의 니즈와 직결되는 부분이기 때문에 트렌드를 빠르게 파악하고 이를 저의 디자인에 잘 반영하는 것이 가장 중요하다고 생각합니다. 젊은 세대들이 주로 사용하는 인스타그램 등의 에스앤에스 등을 활용하면 트렌드에 관해서 빠르게 파악을 할 수 있으며, 엠지 세대를 공략하기에 가장 적합한 방법이라고 생각합니다.","wordCount":41}}},"rawDataInfo":{"question":{"fileFormat":"wav","fileSize":409038,"duration":12780,"samplingBit":16,"channelCount":1,"samplingRate":"16kHz","audioPath":"/Mock/06.Design/Male/New/ckmk_q_ard_m_n_227678.wav"},"answer":{"fileFormat":"wav","fileSize":2115918,"duration":66120,"samplingBit":16,"channelCount":1,"samplingRate":"16kHz","audioPath":"/Mock/06.Design/Male/New/ckmk_a_ard_m_n_227678.wav"}}}