{"version":"1.0","dataSet":{"info":{"date":"20230116","occupation":"ARD","channel":"MOCK","place":"ONLINE","gender":"MALE","ageRange":"-34","experience":"NEW"},"question":{"raw":{"text":"젊은 사람들이 아이폰을 선호하는 이유에 대해 어떻게 생각하시나요 지원자님께서 생각하시는 이유를 이야기해 주세요","wordCount":13},"emotion":[],"intent":[]},"answer":{"raw":{"text":"우선 디자인이요. 디자인 네 그게 크게 한몫했다고 생각해요. 이제 그 아이폰을 처음 쓰기 시작한 그때 최초의 연령대 기준에서 지금 뭐 한 십 년 정도 뒤로 가는 거니까 그렇다고 해도 음 그 애플의 로고가 가진 그 이미지와 음 아이폰 애초에 초기부터 꾸준히 이제 지금까지 나온 것까지 꾸준한 어떤 모델의 이미지가 정말 뭔가 세련되고 어 심플하면서 뭔가 감각적인 그런 이미지화 한 것 같아요 애플이. 그게 잘 먹혀 들었고요. 그리고 뭐 경쟁 업체는 사실 우리나라에서나 고가를 쓰지 외국에서는 다 뭐 보급형 이런 모델로 주력했다 고 하는데 그렇게 이쁘지도 않고 기능은 솔직히 좋은데 저도 지금 그 폰들 쓰지만 참 똑똑치 못했다고 생각을 해요 그런 부분에 대해서.","wordCount":102},"emotion":[],"intent":[{"text":"","expression":"","category":"attitude"}],"summary":{"text":"아이폰의 로고가 가진 이미지와 꾸준한 모델의 이미지가 세련되고 심플하면서 감각적인 이미지화 한 것 같습니다. 그리고 외국에서는 보급형 모델로 주력했다고 하는데 별로 예쁘지도 않고 기능은 좋은데 똑똑하지 못하다고 생각합니다.","wordCount":28}}},"rawDataInfo":{"question":{"fileFormat":"wav","fileSize":534798,"duration":16710,"samplingBit":16,"channelCount":1,"samplingRate":"16kHz","audioPath":"/Mock/06.Design/Male/New/ckmk_q_ard_m_n_189113.wav"},"answer":{"fileFormat":"wav","fileSize":2858318,"duration":89320,"samplingBit":16,"channelCount":1,"samplingRate":"16kHz","audioPath":"/Mock/06.Design/Male/New/ckmk_a_ard_m_n_189113.wav"}}}