{"version":"1.0","dataSet":{"info":{"date":"20230116","occupation":"ARD","channel":"MOCK","place":"ONLINE","gender":"MALE","ageRange":"-34","experience":"NEW"},"question":{"raw":{"text":"지원자분께서는 많은 디자인을 하신 걸로 알고 있습니다 그러면 다른 디자이너와 지원자의 차별점은 무엇이 있는지 그것에 대해서 솔직한 대로 말씀해 주십시오","wordCount":20},"emotion":[],"intent":[]},"answer":{"raw":{"text":"디자이너를 한다면 디자인도 굉장히 중요하지만 그 디자인을 비롯하여 사용감도 굉장히 중요합니다. 저는 디자인에 대해서 굉장히 창의적으로 하는 편이지만 다른 디자이너와 저와의 차이점이라 한다면 저는 인체공학적인 디자인을 설계합니다. 인체공학적인 디자인이라 한다면 예를 들어 오른손 잡이들만을 위한 상품이 아닌 왼손잡이도 사용할 수 있는 그런 제품들을 만들어보려고 노력합니다. 또한 제가 옷을 만들 때도 꼭 남자와 여자 입는 사용 성별을 꼭 구분하는 것이 아닌 유니섹스적인 디자인을 하려고 노력합니다. 같은 티셔츠에도 남자가 입었을 때 여자가 입었을 때 핏이 다르게 디자인을 하려고 하죠. 이러한 것들은 어떻게 보면 포괄성입니다. 이 디자인을 선택적으로 특정 계층에게만 노출시키는 것이 아닌 연령 성별 혹은 별다른 특징 없 특징 없이 모든 세대에게 노출시키도록 저는 노력하는 편인 거죠.","wordCount":105},"emotion":[],"intent":[{"text":"인체공학적인 디자인이라 한다면 예를 들어   오른손 잡이들만을 위한 상품이 아닌 왼손잡이도 사용할 수 있는 그런 제품들을 만들어보려고 노력합니다.","expression":"d_creative","category":"attitude"},{"text":"또한 제가 옷을 만들 때도 꼭 남자와 여자   입는 사용 성별을 꼭 구분하는 것이 아닌 유니섹스적인 디자인을 하려고 노력합니다.","expression":"d_creative","category":"attitude"},{"text":"같은 티셔츠에도 남자가 입었을 때 여자가 입었을 때 핏이 다르게 디자인을 하려고 하죠.","expression":"d_creative","category":"attitude"},{"text":"이 디자인을 선택적으로 특정 계층에게만 노출시키는 것이 아닌   연령 성별 혹은 별다른 특징 없 특징 없이 모든 세대에게   노출시키도록 저는 노력하는 편인 거죠.","expression":"d_creative","category":"attitude"}],"summary":{"text":"디자인도 중요하지만 사용감도 중요합니다. 그래서 저는 인체공학적 디자인을 설계합니다. 또한 유니섹스적 디자인을 하려 노력하는데 이는 포괄성입니다. 이 디자인을 선택적으로 특정 계층에게만 노출시키는 것이 아닌 모든 세대에게 노출시키도록 노력하는 편입니다.","wordCount":29}}},"rawDataInfo":{"question":{"fileFormat":"wav","fileSize":488078,"duration":15250,"samplingBit":16,"channelCount":1,"samplingRate":"16kHz","audioPath":"/Mock/06.Design/Male/New/ckmk_q_ard_m_n_168623.wav"},"answer":{"fileFormat":"wav","fileSize":2725198,"duration":85160,"samplingBit":16,"channelCount":1,"samplingRate":"16kHz","audioPath":"/Mock/06.Design/Male/New/ckmk_a_ard_m_n_168623.wav"}}}