{"version":"1.0","dataSet":{"info":{"date":"20230116","occupation":"ARD","channel":"MOCK","place":"ONLINE","gender":"MALE","ageRange":"-34","experience":"NEW"},"question":{"raw":{"text":"지원자님께서 그동안 인생에서 겪었던 갈등들 중에서 가장 심각했던 갈등은 어떤 것이었는지요 어 한 가지만 골라서 어 그 상황을 말씀해 주시겠습니까","wordCount":20},"emotion":[],"intent":[]},"answer":{"raw":{"text":"저는 대학 입시에 실패한 것을 새내기 일 년 동안 스스로의 핸디캡으로 가지고 있었던 것입니다. 수능시험 당일 컨디션 저조로 평소보다 낮은 성적을 받아 원하던 대학에 가지 못했습니다. 하지만 원하던 전공을 포기할 수는 없었고 학교를 조정해 지금의 학교에 입학했습니다. 부모님께 죄송한 마음과 무엇보다 스스로에 대한 실망감으로 일 학년 동안 전공 사업은 열심히 들으면서도 학교에 마음을 못 붙이고 있었습니다. 그러던 중 편입을 고민하며 찾아갔던 학교 상담실에서 다양한 재학생 지원 프로그램을 알게 되었고 제가 조금만 노력한다면 훨씬 많은 기회를 얻을 수 있다는 것을 알게 되었습니다. 또한 제가 후회만 하고 있는 사이 다른 친구들은 기회가 있다는 것을 알고 열심히 움직 움직였고 저는 저의 스스로의 바보스러움을 보았습니다. 문제는 학교가 아니라 저한테 있었습니다. 저는 이런 갈등을 겪고 열심히 노력하여서 어 결국 공모전 결승에서 제가 원래 목표했던 상을 타기도 하고 이를 통해 제가 쌓아 놓은 벽을 깨고 도전하는 법을 배웠습니다.","wordCount":132},"emotion":[],"intent":[{"text":"수능시험 당일 컨디션 저조로 평소보다 낮은 성적을 받아 원하던 대학에 가지 못했습니다.","expression":"c_private","category":"background"}],"summary":{"text":"새내기 일 년 동안 대학 입시에 실패한 것을 핸디캡으로 가지고 있었습니다. 수능 시험 당일 컨디션 저조로 원하던 대학에 가지 못했으나 학교를 조정해 지금의 학교에 입학했습니다. 편입을 고민하며 찾아갔던 학교 상담실에서 다양한 재학생 지원 프로그램을 알게 되었습니다. 제가 후회만 하고 있는 사이 다른 친구들은 기회가 있다는 것을 알고 열심히 움직였습니다. 결국 공모전 예선에서 수상을 하고 도전법을 배웠습니다.","wordCount":56}}},"rawDataInfo":{"question":{"fileFormat":"wav","fileSize":459598,"duration":14360,"samplingBit":16,"channelCount":1,"samplingRate":"16kHz","audioPath":"/Mock/06.Design/Male/New/ckmk_q_ard_m_n_190939.wav"},"answer":{"fileFormat":"wav","fileSize":2789838,"duration":87180,"samplingBit":16,"channelCount":1,"samplingRate":"16kHz","audioPath":"/Mock/06.Design/Male/New/ckmk_a_ard_m_n_190939.wav"}}}