{"version":"1.0","dataSet":{"info":{"date":"20230116","occupation":"ARD","channel":"MOCK","place":"ONLINE","gender":"MALE","ageRange":"-34","experience":"NEW"},"question":{"raw":{"text":"본인이 생각하기에 자신의 노년은 어떤 모습이었으면 좋겠나요 본인의 상상 속에서 이상적인 노년의 모습을 말씀해 주시기 바랍니다","wordCount":16},"emotion":[],"intent":[]},"answer":{"raw":{"text":"제가 생각하기에 저의 가장 이상적인 노년의 모습은 아무래도 제가 목표 했던 거를 다 이루고 그리고 그 이론만큼 성과도 얻고 주위 사람들의 인정도 받고 그리고 저만의 공동체 가족이던 가족이라면 가족이라고 할 수 있고 어 굳이 뭐 어떠한 조직에 속해서 제가 만든 공동체라는 조직에 속해서 주변 사람들로부터 여러 인정이나 어 이 정도면 충분히 성공했다 라는 만큼의 느낌을 받을 수 있을 정도로 성과를 이뤄냈으면 좋겠습니다. 그래서 제 주변에 사람들이 떠나지 않고 노년임에도 불구하고 저를 위해 주고 저를 신경 써주고 저 또한 그 사람들한테 신경 써주고 위해 주는 그런 서로 상호 간의 우호적인 관계들이 많았으면 좋겠습니다.","wordCount":92},"emotion":[],"intent":[{"text":"","expression":"","category":"attitude"}],"summary":{"text":"이상적인 노년의 모습은 제가 목표했던 것을 다 이루고, 이론만큼 성과도 얻고, 주변 사람들로부터 인정도 받고, 이 정도면 충분히 성공했다는 만큼의 인정을 받는 것 같습니다. 그래서 주변 사람들이 노년임에도 신경써주는 상호 우호적인 관계들이 많았으면 좋겠습니다.","wordCount":34}}},"rawDataInfo":{"question":{"fileFormat":"wav","fileSize":379598,"duration":11860,"samplingBit":16,"channelCount":1,"samplingRate":"16kHz","audioPath":"/Mock/06.Design/Male/New/ckmk_q_ard_m_n_227213.wav"},"answer":{"fileFormat":"wav","fileSize":2868558,"duration":89640,"samplingBit":16,"channelCount":1,"samplingRate":"16kHz","audioPath":"/Mock/06.Design/Male/New/ckmk_a_ard_m_n_227213.wav"}}}