{"version":"1.0","dataSet":{"info":{"date":"20230116","occupation":"ARD","channel":"MOCK","place":"ONLINE","gender":"MALE","ageRange":"-34","experience":"NEW"},"question":{"raw":{"text":"지원자님은 주로 어디에서 디자인 영감을 얻는 편인지 답변해 주세요","wordCount":9},"emotion":[],"intent":[]},"answer":{"raw":{"text":"저는 보통 디자인을 할 때 세상 밖으로 나가곤 합니다. 저는 어떤 디자인이든 처음 시초의 디자인은 자연과 세계라고 생각하기 때문에 좀 더 디자인의 영감을 받고 싶다면 컴퓨터 앞에 앉아서 검색만 할 것이 아니라 방문을 열고 세상으로 나가야 된다고 생각합니다. 저는 최근 제주도 여행을 다녀왔습니다. 이번이 두 번째 제주도 여행이었는데요. 두번이나 가면 볼 게 뭐가 있어 라고 말씀하시는 분도 있겠지만 저는 나이가 다르게 스물 한 살과 스물 다섯 살 그렇게 두 번 갔기 때문에 좀 더 제가 느끼지 못한 새로운 영감들을 얻곤 했습니다. 특히 사진으로 찍기보다 눈으로 촬영하여 뇌에 담았을 때 그 영감들은 정말 신비롭고 뇌리에서 잊혀지지 않는 그런 기억들로 영감이 남았습니다.","wordCount":100},"emotion":[],"intent":[{"text":"저는 어떤 디자인이든 처음 시초의 디자인은 자연과 세계라고 생각하기 때문에 좀 더 디자인의 영감을 받고 싶다면 컴퓨터 앞에 앉아서 검색만 할 것이 아니라 방문을 열고 세상으로 나가야 된다고 생각합니다.","expression":"c_value","category":"background"}],"summary":{"text":"디자인의 영감을 얻고 싶다면 방문을 열고 세상으로 나가야 합니다. 최근 두 번 제주도 여행을 가면서 새로운 영감을 얻었습니다. 특히 눈으로 촬영하여 뇌에 담았을 때 그 영감들은 신비롭고 뇌리에서 잊혀지지 않는 기억들로 영감이 남았습니다.","wordCount":33}}},"rawDataInfo":{"question":{"fileFormat":"wav","fileSize":239438,"duration":7480,"samplingBit":16,"channelCount":1,"samplingRate":"16kHz","audioPath":"/Mock/06.Design/Male/New/ckmk_q_ard_m_n_225058.wav"},"answer":{"fileFormat":"wav","fileSize":2143438,"duration":66980,"samplingBit":16,"channelCount":1,"samplingRate":"16kHz","audioPath":"/Mock/06.Design/Male/New/ckmk_a_ard_m_n_225058.wav"}}}