{"version":"1.0","dataSet":{"info":{"date":"20230116","occupation":"ARD","channel":"MOCK","place":"ONLINE","gender":"MALE","ageRange":"-34","experience":"NEW"},"question":{"raw":{"text":"지원자님께서 진행하셨던 프로젝트나 만드셨던 작품 가운데 대표적인 프로젝트나 작품에 관해 말씀해 주시겠어요","wordCount":12},"emotion":[],"intent":[]},"answer":{"raw":{"text":"저는 복수 전공생으로서 이제 시각 디자인을 배우기 시작한 저는 시작이 남들보다는 느렸지만 이제 제가 본 전공인 광고 홍보 학과에서 다진 스토리텔링 역량과 기획력으로 약점을 극복하였습니다. 저의 첫 브랜딩 수업은 자기 자신을 표현하는 브랜드를 만드는 것이 주제였습니다. 글을 위주로 다루던 수업에 익숙했던 저는 저 자신을 시각적인 결과물을 통해 표현하는 것에 어려움을 느꼈는데 아무튼 저는 어 한 아이티 기업에서 콘텐츠를 통해 제가 전하고자 하는 가치를 만들기 위해서 어 대표적인 프로젝트로서 싱가포르에서 개최한 국제 페어 이천 십 칠 녹 아시아 에서 제가 출품한 적이 있었는데 이것은 제가 문구류 브랜드의 이름과 컨셉 디자인 그리고 전시 디스플레이까지 기획하고 제작하는 것이 제 졸업 전시 과제였는데 어 이것을 통해서 제 모든 것을 녹여 냈고 그리고 졸업 전시 이것을 작품 출품에 출품하여 사업화 제안까지 받은 경험이 있었습니다. 저는 이 작품이 대표적인 프로젝트라고 어 말씀드릴 수 있겠습니다.","wordCount":128},"emotion":[],"intent":[{"text":"","expression":"","category":"attitude"}],"summary":{"text":"시각 디자인을 배우기 시작한 저는 남들보다는 느렸지만 광고 홍보 학과에서 다진 스토리텔링 역량과 기획력으로 약점을 극복하였습니다. 첫 브랜딩 수업은 자기 자신을 표현하는 브랜드를 만드는 것이 주제였는데, 싱가포르에서 개최한 국제 페어 이천 십 칠 녹 아시아 에서 출품한 것이 대표적인 프로젝트입니다.","wordCount":40}}},"rawDataInfo":{"question":{"fileFormat":"wav","fileSize":316238,"duration":9880,"samplingBit":16,"channelCount":1,"samplingRate":"16kHz","audioPath":"/Mock/06.Design/Male/New/ckmk_q_ard_m_n_194957.wav"},"answer":{"fileFormat":"wav","fileSize":2773838,"duration":86680,"samplingBit":16,"channelCount":1,"samplingRate":"16kHz","audioPath":"/Mock/06.Design/Male/New/ckmk_a_ard_m_n_194957.wav"}}}