{"version":"1.0","dataSet":{"info":{"date":"20230116","occupation":"ARD","channel":"MOCK","place":"ONLINE","gender":"MALE","ageRange":"-34","experience":"NEW"},"question":{"raw":{"text":"지원자님께서 지금 공부하고 있는 분야가 있으신가요 있다면 어떤 분야를 공부하고 있고 또 왜 그것을 공부하고 있는지 궁금합니다 또한 지금까지 무엇을 배웠는지도 말씀해 주시기 바랍니다","wordCount":24},"emotion":[],"intent":[]},"answer":{"raw":{"text":"지금 공부하고 있는 분야는 무엇인가요. 왜 그걸 공부하는지 지금까지 무엇을 배웠는지도 말해 달라고 이렇게 질문을 해 주셨는데요. 일단 지금 공부하고 있는 분야는 어 스포츠에 관해서 스포츠 지도사를 하기 위해서 공부를 하고 있습니다. 그 이유는 무엇이냐. 내년에 있는 생활체육 지도사 자격증을 취득하기 위해서 국가자격증이고 쉬운 자격증이 아니기 때문에 이 필기 공부를 열심히 하고 있습니다. 이걸 왜 공부하느냐. 제가 옛날부터 운동을 좋아하고 스포츠를 좋아하고 누구를 가르치는 걸 굉장히 좋아합니다. 그렇기 때문에 어 정식으로 취업을 하기 위해서 이 자격증은 굉장히 기본적이고 필수적인 자격증 이라고 생각을 하기 때문에 이 자격증을 공부하고 있고요. 지금까지 이 자격증을 위해 무엇을 배웠냐 라고 이렇게 물어보신다면 일단은 필기 시험을 먼저 봐야 하는 그런 종목이기 때문에 어 이 스포츠의 지혜와 스포츠의 과거의 시작점 약간 이런 것들을 스포츠 윤리 뭐 이런 사회 계획 이런 것들을 배우면서 이 필기 공부를 하고 있고요. 국가 자격증이고 쉽지 않은 자격증이기 때문에 지금부터 차근차근 천천히 준비하면서 어 내년에 있을 이 시험을 준비하고 있고요. 어 꾸준하게 한다면 떨어지지 않을 거라 생각을 하고 자신감이 있기 때문에 어 필기시험을 보고 실기시험까지 열심히 공부하고 연구하고 있습니다.","wordCount":166},"emotion":[{"text":"제가 옛날부터 운동을 좋아하고 스포츠를 좋아하고 누구를 가르치는 걸 굉장히 좋아합니다.","expression":"p-interest","category":"positive"}],"intent":[{"text":"제가 옛날부터 운동을 좋아하고 스포츠를 좋아하고 누구를 가르치는 걸 굉장히 좋아합니다.","expression":"c_person","category":"background"}],"summary":{"text":"지금 공부하고 있는 분야는 스포츠에 관해서 스포츠 지도사를 하기 위해서 공부하고 있는데 국가 자격증이고 쉬운 자격증이 아니기 때문에 필기 공부를 열심히 하고 있습니다. 지금까지 무엇을 배웠냐 라고 묻는다면 일단 필기 시험을 먼저 봐야 하는 종목이기 때문에 어 스포츠의 지혜와 과거의 시작점 약간 이런 것들을 스포츠 윤리나 사회 계획 등을 배우면서 필기 공부하고 있습니다","wordCount":53}}},"rawDataInfo":{"question":{"fileFormat":"wav","fileSize":594318,"duration":18570,"samplingBit":16,"channelCount":1,"samplingRate":"16kHz","audioPath":"/Mock/06.Design/Male/New/ckmk_q_ard_m_n_201652.wav"},"answer":{"fileFormat":"wav","fileSize":2807118,"duration":87720,"samplingBit":16,"channelCount":1,"samplingRate":"16kHz","audioPath":"/Mock/06.Design/Male/New/ckmk_a_ard_m_n_201652.wav"}}}