{"version":"1.0","dataSet":{"info":{"date":"20230116","occupation":"ARD","channel":"MOCK","place":"ONLINE","gender":"MALE","ageRange":"-34","experience":"NEW"},"question":{"raw":{"text":"어 사람은 저마다 인생에서 이루고 싶은 목표가 있는데요 어 본인은 이루고 싶은 인생의 목표가 있나요 있다면 그것을 왜 이루고 싶은지 그 이유도 함께 말씀해 주시길 바랍니다","wordCount":26},"emotion":[],"intent":[]},"answer":{"raw":{"text":"저는 인생에 있어서 경제적인 자유를 누리고 싶습니다. 그러기 위해서는 저는 회사가 주는 월급만으로는 절대로 경제적 자유를 누리 누릴 수 없기 때문에 항상 투자를 해야 한다고 생각합니다. 왜 이것을 이루고 싶냐면은 저희 집이 어렸을 때부터 매우 가난하였기 때문입니다. 따라서 저는 어 그러한 이해때문에 경제적 자유를 누리고 싶은데요. 이렇게 하기 위해서는 먼저 경제에 대한 이해도가 높아야 됩니다. 각자 개인은 경제에 있어서 개별 경제 주체입니다. 그렇기 때문에 경제가 돌아가는 원리에 대해서는 적어도 알아야 되고 그리고 투자 부분에서도 민간이 기업 뿐만 아니라 개인 가계 이러한 것들도 투자를 해야 되기 때문에 저는 월급을 충분히 시드로 시드머니로 모으고 그것을 통해서 어 성공적인 투자를 통해 노후 자금을 마련할 것 같습니다.","wordCount":103},"emotion":[],"intent":[{"text":"","expression":"","category":"attitude"}],"summary":{"text":"저는 회사에서 받는 월급만으로는 경제적 자유를 누릴 수 없기 때문에 항상 투자를 해야 한다고 생각합니다. 그러기 위해서는 경제에 대한 이해도가 높아야 되기 때문에 월급을 시드머니로 모으고 성공적인 투자를 통해 노후 자금을 마련할 것 같습니다.","wordCount":34}}},"rawDataInfo":{"question":{"fileFormat":"wav","fileSize":499278,"duration":15600,"samplingBit":16,"channelCount":1,"samplingRate":"16kHz","audioPath":"/Mock/06.Design/Male/New/ckmk_q_ard_m_n_194545.wav"},"answer":{"fileFormat":"wav","fileSize":2762318,"duration":86320,"samplingBit":16,"channelCount":1,"samplingRate":"16kHz","audioPath":"/Mock/06.Design/Male/New/ckmk_a_ard_m_n_194545.wav"}}}