{"version":"1.0","dataSet":{"info":{"date":"20230116","occupation":"ARD","channel":"MOCK","place":"ONLINE","gender":"MALE","ageRange":"-34","experience":"NEW"},"question":{"raw":{"text":"요즘 공부하고 있는 것이 있나요 있다면 그것을 왜 공부하는지 그리고 이제까지는 어떤 것들을 배웠는지 설명해 주세요","wordCount":16},"emotion":[],"intent":[]},"answer":{"raw":{"text":"저는 요새 공부하는 법을 공부하고 있습니다. 여태까지 해 왔던 공부들도 그렇게 나쁜 공부들은 아니었다고 스스로 평을 할 수 있습니다. 하지만 그렇게 공부를 해 왔던 결과 어느 순간 엄청난 저에게 회의감이 들었어요. 무엇을 위한 공부였지 점수를 위한 공부였나 합격을 위한 공부였나 누군가에게 보여 주기 위한 공부를 하지 않았나 내가 계속 그러면서 제 마음속에 엄청난 회의감이 찾아왔었어요. 그래서 이 회사를 지원하기 위해서 필요한 공부들은 계속 하면서 한편으로는 공부가 도대체 뭐지 나는 무엇을 공부해 왔지 나는 무얼 공부해 나가야 되는 걸까 이런 고민을 한다고 해서 제가 회사 업무를 소홀하는 것은 절대 아닙니다. 이것은 저희 뇌는 이렇게 나눠져 있기 때문에 회사 일을 하면서도 그 고민을 이렇게 동시에 같이 할 수 있거든요. 그래서 어떻게 공부하는 것이 공부하는 것인가 아주 그런 고민에 빠져 가지고 네 요새는 그런 공부를 하고 있습니다.","wordCount":124},"emotion":[],"intent":[{"text":"","expression":"","category":"attitude"}],"summary":{"text":"회사 지원을 위해 필요한 공부들은 계속 하면서도 한편으로는 무엇을 공부해 나가야 되는 것일까 이런 고민을  하기도 합니다. 하지만 고민을 한다고 해서 회사 업무를 소홀하는 것은 아닙니다. 우리 뇌는 이렇게 나눠져 있기 때문에 회사 일을 하면서도 그 고민을 동시에 같이 할 수 있습니다.","wordCount":42}}},"rawDataInfo":{"question":{"fileFormat":"wav","fileSize":358478,"duration":11200,"samplingBit":16,"channelCount":1,"samplingRate":"16kHz","audioPath":"/Mock/06.Design/Male/New/ckmk_q_ard_m_n_198675.wav"},"answer":{"fileFormat":"wav","fileSize":2570638,"duration":80330,"samplingBit":16,"channelCount":1,"samplingRate":"16kHz","audioPath":"/Mock/06.Design/Male/New/ckmk_a_ard_m_n_198675.wav"}}}