{"version":"1.0","dataSet":{"info":{"date":"20230116","occupation":"ARD","channel":"MOCK","place":"ONLINE","gender":"MALE","ageRange":"-34","experience":"NEW"},"question":{"raw":{"text":"네 다른 계열사들도 많이 있는데요 지원자님께서 이 계열사에 지원해 주신 특별한 이유가 있는지요 그 이유에 대해서 한번 들어보고 싶습니다","wordCount":19},"emotion":[],"intent":[]},"answer":{"raw":{"text":"저는 어렸을 때부터 항상 제가 지원한 현재 이 계열사 이 기업에 많이 노출되어 있었습니다. 항상 생활 곳곳에 침투되어 있었고 그리고 사회에서도 해당 계열사의 제품을 많이 볼 수 있었습니다. 때문에 저는 이러한 기업은 어떤 일을 하는 곳일까 라는 게 정말 궁금하였고 이 때문에 저는 기업 홈페이지에 들어가 이 기업 비전과 가치를 한 번 읽어본 적이 있었는데 해당 기업이 추구하는 기업의 업 가치와 비전이 제가 추구하는 기업과 기업의 가치 기업이 지녀야 할 가치 이러한 것들이 모두 맞아 떨어져서 아 내가 이 기업을 가면은 나의 가치를 실현할 수 있겠구나 라는 생각이 들어서 이렇게 특별히 지원하게 되었습니다. 그리고 무엇보다도 어렸을 때부터 이 계열사에 저는 항상 입사하고 싶었기 때문에 이러한 곳에서 일을 하게 된다면은 제 인생의 목표를 한 가지 이룬 것이라고 말씀드릴 수 있겠습니다. 때문에 저는 열심히 잘 할 수 있습니다.","wordCount":126},"emotion":[],"intent":[{"text":"때문에 저는 이러한 기업은 어떤 일을 하는 곳일까 라는 게 정말 궁금하였고 이 때문에 저는 기업 홈페이지에 들어가 이 기업 비전과 가치를 한 번 읽어본 적이 있었는데 해당 기업이 추구하는 기업의 업 가치와 비전이 제가 추구하는 기업과 기업의 가치 기업이 지녀야 할 가치 이러한 것들이 모두 맞아 떨어져서 아 내가 이 기업을 가면은 나의 가치를 실현할 수 있겠구나 라는 생각이 들어서 이렇게 특별히 지원하게 되었습니다.","expression":"c_sincere_job","category":"etc"}],"summary":{"text":"저는 어렸을 때부터 현재 이 계열사에 많이 노출되어 있었기 때문에 어떤 일을 하는 곳일까 고민하다가 이 기업의 비전과 가치를 읽고서 이 기업을 지원하게 되었습니다. 이 계열사에서 일하게 된다면 제 인생의 목표를 한 가지 이룬 것이라고 말씀드리겠습니다. 때문에 저는 열심히 잘 할 수 있습니다.","wordCount":43}}},"rawDataInfo":{"question":{"fileFormat":"wav","fileSize":434318,"duration":13570,"samplingBit":16,"channelCount":1,"samplingRate":"16kHz","audioPath":"/Mock/06.Design/Male/New/ckmk_q_ard_m_n_194481.wav"},"answer":{"fileFormat":"wav","fileSize":2822798,"duration":88210,"samplingBit":16,"channelCount":1,"samplingRate":"16kHz","audioPath":"/Mock/06.Design/Male/New/ckmk_a_ard_m_n_194481.wav"}}}