{"version":"1.0","dataSet":{"info":{"date":"20230116","occupation":"ARD","channel":"MOCK","place":"ONLINE","gender":"MALE","ageRange":"-34","experience":"NEW"},"question":{"raw":{"text":"디자인을 할 때 영감은 주로 어디에서 받습니까","wordCount":7},"emotion":[],"intent":[]},"answer":{"raw":{"text":"어 저는 디자인을 할 때 주로 나만의 독창적인 그러한 디자인 패턴을 만들기 위해서 어 노력을 많이 하는 것 같습니다. 어 하지만 이제 그럼에도 불구하고 쫌 다양한 디자인 패턴들을 만들어야 할 경우가 있는데 그러한 경우에는 어 좀 여러 비슷 저와 비슷한 사람들의 여러 가지 디자인 패턴들을 참고하면서 좀 그러한 부분에서 영감을 많이 받아오는 것 같습니다. 어 예시를 하나 들자면 이제 제가 어 너무 저의 디자인 패턴이 고착화되고 너무 우물 안에 갇혀있는 느낌을 받아서 이러한 부분들을 보완하고자 어 디자인 전공자들을 모아서 이제 디자인 스터디를 모았던 적이 있습니다. 지금도 진행을 하고 있는데요 어 어떠한 한 작품 주제에 대해서 좀 다양하게 의견을 토론을 해보고 어 어떤 주제를 대 어 선정을 하여서 이제 다 같이 자신만의 디자인 패턴을 만들어보는 그러한 작업 절차들을 거치다 보니 어 제가 이제 어 작품을 보는 안목 또한 넓어지고 저의 디자인 패턴 또한 고착화되지 않고 어 조금 더 다양해지는 그러한 점을 느낌을 받을 수 있었습니다.","wordCount":144},"emotion":[],"intent":[{"text":"어 하지만 이제 그럼에도 불구하고 쫌 다양한 디자인 패턴들을 만들어야 할 경우가 있는데 그러한 경우에는 어 좀 여러 비슷 저와 비슷한 사람들의 여러 가지 디자인 패턴들을 참고하면서 좀 그러한 부분에서 영감을 많이 받아오는 것 같습니다.","expression":"d_dgn_proc","category":"technology"},{"text":"어 예시를 하나 들자면 이제 제가 어 너무 저의 디자인 패턴이 고착화되고 너무 우물 안에 갇혀있는 느낌을 받아서 이러한 부분들을 보완하고자 어 디자인 전공자들을 모아서 이제 디자인 스터디를 모았던 적이 있습니다.","expression":"c_imp","category":"personality"}],"summary":{"text":"디자인할 때 나만의 독창적인 디자인 패턴을 만들려고 많이 노력하지만, 다양한 디자인 패턴을 만들어야 할 때는 여러 디자인 패턴들을 참고하면서 영감을 많이 받아왔습니다. 디자인 패턴이 고착화된 부분을 보완하고자 디자인 스터디를 모았던 적이 있는데, 그렇게 작업 절차를 거치다보니 작품을 보는 안목이 넓어지고 디자인 패턴도 다양해졌습니다.","wordCount":43}}},"rawDataInfo":{"question":{"fileFormat":"wav","fileSize":348238,"duration":10880,"samplingBit":16,"channelCount":1,"samplingRate":"16kHz","audioPath":"/Mock/06.Design/Male/New/ckmk_q_ard_m_n_227310.wav"},"answer":{"fileFormat":"wav","fileSize":2675598,"duration":83610,"samplingBit":16,"channelCount":1,"samplingRate":"16kHz","audioPath":"/Mock/06.Design/Male/New/ckmk_a_ard_m_n_227310.wav"}}}