{"version":"1.0","dataSet":{"info":{"date":"20230116","occupation":"ARD","channel":"MOCK","place":"ONLINE","gender":"MALE","ageRange":"-34","experience":"NEW"},"question":{"raw":{"text":"좋은 디자인이란 무엇이라고 생각하시는지 설명해 주시겠습니까","wordCount":6},"emotion":[],"intent":[]},"answer":{"raw":{"text":"좋은 디자인이란 어떤 디자인이라고 생각하시나요. 왜 그런 디자인이 좋다고 생각하는지도 말해 달라고 이렇게 질문을 해 주셨는데요. 일단 좋은 디자인이라 하면은 저는 제 눈에만 좋은 게 아니라 다른 사람 타인의 눈에도 타인이 생각하기에도 좋은 좋다고 생각하는 디자인이 좋은 디자인이라고 생각합니다. 어 왜냐하면 내가 좋다고 어 그것만 그것을 수긍하고 만들어 버리면 좋은 디자인이 될 수 없다고 생각하는데 인제 타인 나은 다른 사람들도 좋다고 생각하고 나와 눈촐미가 비슷하고 같다고 생각하는 것이 좋은 디자인이라고 생각합니다. 왜 그런 디자인이 좋다고 생각하냐면 디자인을 함에 있어서 나 혼자 보는 것이 아닌 게 많다고 생각을 해요. 뭘 팔아야 할 옷이 될 수도 있고 가전제품이 될 수도 있는데 그런 디자인에 있어서 나만 좋다고 내가 좋아하는 대로만 만들고 판매를 하게 된다면 다른 사람들의 구매 의욕을 일으킬 수 없기 때문에 상 타인이 상대방이 어 대중적으로 좋다고 생각하는 그런 디자인이 어 좋은 디자인이라고 생각을 합니다. 그러므로 저는 그렇게 생각하기 때문에 어 내 생각 말고도 다른 사람들의 생각이 좋다고 생각합니다.","wordCount":147},"emotion":[],"intent":[{"text":"일단 좋은 디자인이라 하면은 저는 제 눈에만 좋은 게 아니라 다른 사람 타인의 눈에도 타인이 생각하기에도 좋은 좋다고 생각하는 디자인이 좋은 디자인이라고 생각합니다.","expression":"c_value","category":"background"},{"text":"뭘 팔아야 할 옷이 될 수도 있고 가전제품이 될 수도 있는데 그런 디자인에 있어서 나만 좋다고 내가 좋아하는 대로만 만들고 판매를 하게 된다면 다른 사람들의 구매 의욕을 일으킬 수 없기 때문에 상 타인이 상대방이 어 대중적으로 좋다고 생각하는 그런 디자인이 어 좋은 디자인이라고 생각을 합니다.","expression":"c_value","category":"background"}],"summary":{"text":"디자인에 있어서 나만 좋다고 제가 좋아하는 대로 만들고 판매를 하게 된다면 다른 사람들의 구매 의욕을 일으킬 수 없기 때문에 제 생각 말고도 다른 사람들의 생각이 좋다고 생각합니다.","wordCount":27}}},"rawDataInfo":{"question":{"fileFormat":"wav","fileSize":241358,"duration":7540,"samplingBit":16,"channelCount":1,"samplingRate":"16kHz","audioPath":"/Mock/06.Design/Male/New/ckmk_q_ard_m_n_174316.wav"},"answer":{"fileFormat":"wav","fileSize":2681038,"duration":83780,"samplingBit":16,"channelCount":1,"samplingRate":"16kHz","audioPath":"/Mock/06.Design/Male/New/ckmk_a_ard_m_n_174316.wav"}}}