{"version":"1.0","dataSet":{"info":{"date":"20230116","occupation":"ARD","channel":"MOCK","place":"ONLINE","gender":"MALE","ageRange":"-34","experience":"NEW"},"question":{"raw":{"text":"당신이 생각하는 좋은 디자인이란 무엇입니까","wordCount":5},"emotion":[],"intent":[]},"answer":{"raw":{"text":"먼저 디자인의 의미란 주어진 목적을 조형적으로 실체화하는 것으로 라틴어 데지그나래 지시하다 지사하다 표현하다 성취하다 라는 뜻을 가지고 있습니다. 때문에 디자인은 어떤 목적을 달성하기 위하여 계획된 것을 실현시키는 과정과 결과를 모두 포함한 모든 조형 활동 창조활동을 말하며 실용적이고 미적인 요소를 표현하는 것이 디자인입니다. 때문에 디자인의 목적은 경제적인 이윤 추구와 예술적인 창작 그리고 인간의 장식적인 욕구의 충족 그리고 인간의 행복을 위한 생활 환경 개선과 삶의 질을 업그레이드 시키는데 목적이 있습니다. 때문에 디자인이란 미적인 요소뿐만 아니라 실용적인 요소 그리고 목적이 있는 요소를 실체화 시키는 것이라고 말씀드릴 수 있겠습니다. 때문에 기능성과 실용성 심미성 독창성 경제성 이러한 것들을 모두 갖추어야 되고 가장 중요한 것은 단어의 뜻에서 볼 수 있듯이 목적 적합 돼야 합니다.","wordCount":108},"emotion":[],"intent":[{"text":"","expression":"","category":"attitude"}],"summary":{"text":"디자인은 주어진 목적을 조형적으로 실체화하는 것으로 목적 달성을 위해 계획된 것을 실현시키는 과정과 결과를 포함한 모든 조형 활동 창조활동을 말하며 실용적이고 미적인 요소를 표현하는 것이 디자인입니다. 때문에 디자인은 미적인 요소와 실용적인 요소, 목적이 있는 요소를 실체화 시키는 것입니다.","wordCount":38}}},"rawDataInfo":{"question":{"fileFormat":"wav","fileSize":239758,"duration":7490,"samplingBit":16,"channelCount":1,"samplingRate":"16kHz","audioPath":"/Mock/06.Design/Male/New/ckmk_q_ard_m_n_198288.wav"},"answer":{"fileFormat":"wav","fileSize":2840398,"duration":88760,"samplingBit":16,"channelCount":1,"samplingRate":"16kHz","audioPath":"/Mock/06.Design/Male/New/ckmk_a_ard_m_n_198288.wav"}}}