{"version":"1.0","dataSet":{"info":{"date":"20230116","occupation":"ARD","channel":"MOCK","place":"ONLINE","gender":"MALE","ageRange":"-34","experience":"NEW"},"question":{"raw":{"text":"시간이 촉박한 상황이 생기면 지원자님은 어떻게 시간 관리를 하시나요 지원자님만의 시간 관리법이 궁금한데요 그런 노하우가 있다면 편하게 말씀해 주세요","wordCount":19},"emotion":[],"intent":[]},"answer":{"raw":{"text":"저는 일단 시간이 촉박한 상황이 생기면은 대부분의 이제 업무가 굉장히 많이 쌓이거나 시간이 오래 걸려서 그렇게 하는 것인데 저는 그럴 때마다 일단 제가 지금 처리해야 할 업무들이 어떠한 것들이 있는지 쭉 나열한 다음에 그 각각 업무들을 다양한 기준으로 예를 들어 중요도 마감 기한 그리고 난이도 그리고 예상되는 소요 시간 등을 종합적으로 고려하여 먼저 처리해야 할 업무들의 우선순위를 매깁니다. 그리고 우선 순위를 매긴 다음에 제가 타임 라인을 작성하게 되는데 이러한 타임 라인대로 업무를 처리하다 보면은 내가 이 때쯤에는 이러한 일을 하고 있어야 되고 내가 얼마나 속도가 늦고 있는지 빠르고 있는지 얼마나 여유가 있는지 그리고 지금 시기에 잘 맞게 제가 업무 처리를 잘 하고 있는지 이러한 것들을 시각적으로 확인할 수 있고 직접 체감할 수 있기 때문에 그 타임 라인을 작성하는 방법으로 시간을 관리하고 촉박한 상황이 생기게 된다면 일단 에너지 드링크를 한 두 개를 먹고 한 각성된 상태에서 업무 처리를 합니다.","wordCount":138},"emotion":[],"intent":[{"text":"","expression":"","category":"attitude"}],"summary":{"text":"저는 시간이 촉박할 때마다 지금 처리해야 할 업무들을 나열한 다음 우선순위를 매깁니다. 그리고 타임 라인을 작성하는데 이 방법으로 시간을 관리하고 촉박한 상황이 생기면 일단 에너지 드링크를 한 두 개 먹고 한 각성된 상태에서 업무 처리를 합니다.","wordCount":36}}},"rawDataInfo":{"question":{"fileFormat":"wav","fileSize":580558,"duration":18140,"samplingBit":16,"channelCount":1,"samplingRate":"16kHz","audioPath":"/Mock/06.Design/Male/New/ckmk_q_ard_m_n_188937.wav"},"answer":{"fileFormat":"wav","fileSize":2810318,"duration":87820,"samplingBit":16,"channelCount":1,"samplingRate":"16kHz","audioPath":"/Mock/06.Design/Male/New/ckmk_a_ard_m_n_188937.wav"}}}