{"version":"1.0","dataSet":{"info":{"date":"20230116","occupation":"ARD","channel":"MOCK","place":"ONLINE","gender":"MALE","ageRange":"-34","experience":"NEW"},"question":{"raw":{"text":"면접자님이 지금까지 읽은 가장 감명 깊게 읽은 책 또 감명 깊게 본 영화는 어떤 것일까요","wordCount":15},"emotion":[],"intent":[]},"answer":{"raw":{"text":"제가 가장 감명 깊게 읽은 책은 만화책 중 한 권인데요. 산 속에서 살아남기 라는 만화책입니다. 그 책이 질문을 들었을 때 가장 먼저 생각이 났습니다. 산에서 살아남기는 주인공들이 비행기에서 비행기 추락 사고로 인해 사람이 없는 산 속에 표류를 하게 됩니다. 그러면서 서바이벌 상식을 가지고 산 속에서 말 그대로 살아남는 내용인데 어린 제가 그 책을 봤을 때 너무 충격적이었습니다. 어떻게 이렇게 스토리를 맛있게 그리면서 학습을 줄 수가 있지. 저는 그런 충격의 학습 만화를 그리고 싶어졌습니다. 그래서 그 만화책이 가장 감명 깊게 남았고요. 감명 깊게 본 영화는 저는 트루먼쇼입니다. 처음 트루먼쇼를 보았을 때 충격은 말로 이룰 수 없습니다. 정말 옛날 영화지만 저는 그 시절에는 아직 태어나기 전이기에 최근에 영상을 보게 되었는데 트르먼쇼 주인공의 그 마음이 헤아릴 수 없어 너무 감명 깊게 왔습니다.","wordCount":119},"emotion":[],"intent":[{"text":"","expression":"","category":"attitude"}],"summary":{"text":"산 속에서 살아남기는 서바이벌 상식을 가지고 산 속에서 말 그대로 살아남는 내용인데, 제가 가장 감명 깊게 읽은 책은 만화책 중 한 권입니다. 그 책을 읽었을 때 가장 먼저 생각이 났습니다. 다음으로는 트루먼쇼에 대해 감명 깊었습니다.","wordCount":35}}},"rawDataInfo":{"question":{"fileFormat":"wav","fileSize":363598,"duration":11360,"samplingBit":16,"channelCount":1,"samplingRate":"16kHz","audioPath":"/Mock/06.Design/Male/New/ckmk_q_ard_m_n_225055.wav"},"answer":{"fileFormat":"wav","fileSize":2819918,"duration":88120,"samplingBit":16,"channelCount":1,"samplingRate":"16kHz","audioPath":"/Mock/06.Design/Male/New/ckmk_a_ard_m_n_225055.wav"}}}