{"version":"1.0","dataSet":{"info":{"date":"20230116","occupation":"ARD","channel":"MOCK","place":"ONLINE","gender":"MALE","ageRange":"-34","experience":"NEW"},"question":{"raw":{"text":"역사 속에서 가장 존경하는 인물을 말씀해 주시고 어 그 인물을 가장 존경하는 이유에 대해서 말씀해 주세요","wordCount":16},"emotion":[],"intent":[]},"answer":{"raw":{"text":"저는 일제강점기에 일본군과 맞서 그런 친일파들과 맞서 우리나라의 독립을 위해 힘써주었던 그런 광복군에 대해서 존경하는 마음을 가지고 있습니다. 그렇지 않았다면 그분들이 계시지 않았다면 저희는 지금 이렇게 한국말이 아닌 일본말로 면접을 진행하고 있었을지도 모릅니다. 한글을 공부하는 것이 아니라 일본 말을 공부하고 일본 언어를 일본 문화를 배우고 일본 역사를 배우고 그랬다고 한다면 너무나 가슴이 아플 것 같아요. 만약 그렇게 우리가 살고 있었으면 저부터라도 제 세대에라도 독립을 이루기 위해서 독립운동을 일으키지 않았을까 생각합니다. 그만큼 제가 독립심이 애국심이 애국 애국심이 발달됐던 이유는 바로 다 그런 광복군님들의 희생 그런 것들을 보고 배워 배웠기 때문인 것 같습니다.","wordCount":91},"emotion":[{"text":"저는 일제강점기에 일본군과 맞서   그런 친일파들과 맞서 우리나라의 독립을 위해 힘써주었던 그런 광복군에 대해서   존경하는 마음을 가지고 있습니다.","expression":"p-affection","category":"positive"}],"intent":[{"text":"저는 일제강점기에 일본군과 맞서   그런 친일파들과 맞서 우리나라의 독립을 위해 힘써주었던 그런 광복군에 대해서   존경하는 마음을 가지고 있습니다.","expression":"c_value","category":"background"}],"summary":{"text":"저는 광복군에 대해 존경합니다. 한글이 아닌 일본 말로 면접을 진행하는 것이 아니라면 너무나 가슴이 아플 것 같습니다. 제가 독립심이 애국 애국심이 발달된 이유는 광복군님들의 희생 같은 것들을 보고 배워 배웠기 때문입니다.","wordCount":31}}},"rawDataInfo":{"question":{"fileFormat":"wav","fileSize":436558,"duration":13640,"samplingBit":16,"channelCount":1,"samplingRate":"16kHz","audioPath":"/Mock/06.Design/Male/New/ckmk_q_ard_m_n_186829.wav"},"answer":{"fileFormat":"wav","fileSize":2605518,"duration":81420,"samplingBit":16,"channelCount":1,"samplingRate":"16kHz","audioPath":"/Mock/06.Design/Male/New/ckmk_a_ard_m_n_186829.wav"}}}