{"version":"1.0","dataSet":{"info":{"date":"20230116","occupation":"ARD","channel":"MOCK","place":"ONLINE","gender":"MALE","ageRange":"-34","experience":"NEW"},"question":{"raw":{"text":"어 전공 외에 자신이 수준급의 실력이 될 정도로 노력해 보신 것이 있는지요 어 있다면 어떤 노력을 하셨고 또 그것이 전공과 관련해서 어떤 도움을 주는지도 말씀해 주시기 바랍니다","wordCount":27},"emotion":[],"intent":[]},"answer":{"raw":{"text":"저는 전공 이외에 운동이 아주 수준급 실력이라고 생각됩니다. 이것을 전공과 결부 짓자면은 사실 사람이 살아가고 어떤 무언가를 하는 데 있어서 가장 중요한 것은 체력이 뒷받침되어야 합니다. 운동을 할려면은 당연히 체력이 좋아야 되고 그리고 공부도 할려면은 당연히 또한 체력이 좋아야 됩니다. 공부를 잘하는 방법은 바로 엉덩이 엉덩이가 무거운 사람이 공부를 잘한다는 것처럼 그리고 예술 디자인의 부분에 있어서 그 사람들도 물론 창의성이 좋아야겠지만 당연히 작업할 때면은 체력이 좋아야 됩니다. 때문에 이렇게 사람이 행하는 모든 것에 있어서 체력이 있어야 되기 때문에 저는 그러한 운동을 잘 하기 때문에 그러한 부분에 있어서 체력이 좋고 그리고 끈기와 노력을 필요로 하는 부분에 있어서는 제가 다른 지원자들보다 더욱더 많은 이점이 있다고 생각이 듭니다. 그리고 저는 이러한 체력을 만들기 위해서 마라톤에도 나가보고 그리고 고등학교 때는 마라톤 하프 마라톤에서 무려 삼 등까지 해봤습니다.","wordCount":123},"emotion":[],"intent":[{"text":"이것을 전공과 결부 짓자면은 사실 사람이 살아가고 어떤 무언가를 하는 데 있어서 가장 중요한 것은 체력이 뒷받침되어야 합니다.","expression":"c_value","category":"background"},{"text":"공부를 잘하는 방법은 바로 엉덩이 엉덩이가 무거운 사람이 공부를 잘한다는 것처럼 그리고 예술 디자인의 부분에 있어서 그 사람들도 물론 창의성이 좋아야겠지만 당연히 작업할 때면은 체력이 좋아야 됩니다.","expression":"c_value","category":"background"}],"summary":{"text":"전공과 결부 짓자면 사람이 살아가고 어떤 무언가를 하는 데 있어서 가장 중요한 것은 체력이 뒷받침되어야 합니다. 그래서 저는 운동을 잘 하기 때문에 그런 부분에 있어서 체력이 좋고 그리고 끈기와 노력을 필요로 하는 부분에 있어서는 다른 지원자들보다 더욱더 많은 이점이 있다고 생각합니다.","wordCount":41}}},"rawDataInfo":{"question":{"fileFormat":"wav","fileSize":535118,"duration":16720,"samplingBit":16,"channelCount":1,"samplingRate":"16kHz","audioPath":"/Mock/06.Design/Male/New/ckmk_q_ard_m_n_198292.wav"},"answer":{"fileFormat":"wav","fileSize":2840398,"duration":88760,"samplingBit":16,"channelCount":1,"samplingRate":"16kHz","audioPath":"/Mock/06.Design/Male/New/ckmk_a_ard_m_n_198292.wav"}}}