{"version":"1.0","dataSet":{"info":{"date":"20230116","occupation":"ARD","channel":"MOCK","place":"ONLINE","gender":"MALE","ageRange":"-34","experience":"NEW"},"question":{"raw":{"text":"어 일을 하다 보면 업무량이 과도하게 많아질 수 있는데요 어 지원자님께서는 그러한 많은 업무량도 잘 버틸 자신이 있으신지 궁금합니다","wordCount":19},"emotion":[],"intent":[]},"answer":{"raw":{"text":"업무량이 과도하게 많아진다 고 한다면 물론 초반에는 그 업무를 수행하 수행함에 있어서 많은 부족한 문제들이 있기 때문에 업무들을 수행하는 능력이 좋지 못해 업무량이 늘어날 것이라고 생각합니다. 그리고 회사가 성수기를 맞이해서 더 잘 될 때도 또한 업무량이 많이 과도하게 많아질 수 있다 고 생각하는데 저는 그 부분에 있어서 충분히 잘 버틸 자신이 있습니다. 그 이유는 업무를 수행하다 보면은 그 업무를 수행하는 능력을 향상시킬 수 있고 그리고 그 업무를 수행함에 있어서 저만의 노하우나 저만의 이런 방식을 더 정확하고 더 빠르게 효율적으로 그 업무를 처리할 수 있는 저만의 방식을 새롭게 찾을 것이 분명하기 때문에 업무를 수행함에 있어서 아무래도 과도하게 업무량이 많아진다 고 하더라도 그 업무에 향상 속 업무를 처리하는 속도가 향상됨에 따라 업무 능력 업무 처리 능력이 향상되기 때문에 충분히 잘 버틸 자신이 있습니다.","wordCount":121},"emotion":[],"intent":[{"text":"","expression":"","category":"attitude"}],"summary":{"text":"업무 수행 능력이나 처리 능력이 향상되기 때문에 업무량이 과도하게 많아진다 해도 충분히 잘 극복할 자신이 있습니다. 그 이유는 업무를 수행하다 보면 그 업무를 수행하는 능력을 향상시킬 수 있고 더 빠르게 효율적으로 그 업무를 처리할 수 있는 저만의 방식을 찾을 것이기 때문입니다.","wordCount":41}}},"rawDataInfo":{"question":{"fileFormat":"wav","fileSize":456078,"duration":14250,"samplingBit":16,"channelCount":1,"samplingRate":"16kHz","audioPath":"/Mock/06.Design/Male/New/ckmk_q_ard_m_n_227984.wav"},"answer":{"fileFormat":"wav","fileSize":2918158,"duration":91190,"samplingBit":16,"channelCount":1,"samplingRate":"16kHz","audioPath":"/Mock/06.Design/Male/New/ckmk_a_ard_m_n_227984.wav"}}}