{"version":"1.0","dataSet":{"info":{"date":"20230116","occupation":"ARD","channel":"MOCK","place":"ONLINE","gender":"MALE","ageRange":"-34","experience":"NEW"},"question":{"raw":{"text":"지원자님 일을 하게 되면 자료를 문서화할 일이 많아집니다 문서화 작업이 왜 필요하다고 생각하시는지 설명과 말씀해 주세요","wordCount":16},"emotion":[],"intent":[]},"answer":{"raw":{"text":"저는 문서화 작업이 정말 중요한 작업이라고 생각하는데요. 그 이유는 문서화를 시킨다는 것은 단순히 옮겨 적는 것이 아니라 역사를 만든 것과 같다고 생각합니다. 모든 일들을 문서화하여 기록한다면 그 일이 성공했을 때 또는 실패했을 때 다음 세대 다음 후배들이 그것을 보고 어떤 방향으로 가는 길이 성공해 가는 길이다 어떤 방법의 길이 실패해 가는 길이다 이런 판단을 하기에 좀 더 수월해질 것이고 그것이 바로 저희가 먼저 부딪쳐 본 선배로서 후배인들에게 놓아줄 수 있는 길이라고 생각합니다.","wordCount":72},"emotion":[],"intent":[{"text":"","expression":"","category":"attitude"}],"summary":{"text":"모든 일들을 문서화하여 기록한다면 후배들이 그 일을 보고 어떤 길이 성공해 가는 길인지 판단하기 수월해질 것이고, 이것이 바로 제가 먼저 부딪쳐 본 선배로서 후배인들에게 놓아줄 수 있는 길이라고 생각합니다.","wordCount":29}}},"rawDataInfo":{"question":{"fileFormat":"wav","fileSize":396238,"duration":12380,"samplingBit":16,"channelCount":1,"samplingRate":"16kHz","audioPath":"/Mock/06.Design/Male/New/ckmk_q_ard_m_n_225054.wav"},"answer":{"fileFormat":"wav","fileSize":1781838,"duration":55680,"samplingBit":16,"channelCount":1,"samplingRate":"16kHz","audioPath":"/Mock/06.Design/Male/New/ckmk_a_ard_m_n_225054.wav"}}}