{"version":"1.0","dataSet":{"info":{"date":"20230116","occupation":"ARD","channel":"MOCK","place":"ONLINE","gender":"MALE","ageRange":"-34","experience":"NEW"},"question":{"raw":{"text":"면접자 본인이 생각을 했을 때 디자인은 무엇이고 정말 좋은 디자인은 어떤 것인지 말씀을 해주시죠","wordCount":14},"emotion":[],"intent":[]},"answer":{"raw":{"text":"제가 생각하기에 디자인이란 많은 사람들에 있어서 유의미한 설계라고 생각합니다. 보통 사람들이 생각하기에 디자인이라고 하면은 심리적인 측면만 생각하는 경우가 굉장히 드문 굉장히 많습니다. 그 이유는 아무래도 디자인이라는 용어를 사용함에 있어서 디자인이 단순히 뭐 치장하는 거나 꾸미는 정도로 생각하는 그런 경향이 있기 때문에 그런 사람들이 있다고 생각합니다. 하지만 저 같은 경우에는 디자인이란 사람들의 실리를 따지고 그리고 사람들의 생활 전반에 있어서 그 사람들이 불편함을 느끼지 못하도록 설계 하는 것 또한 디자인의 한 영역으로 생각하고 그리고 디자인을 함에 있어서 이 디자인을 사용하게 될 사람에 대해 그리고 이 디자인을 통해 어떠한 이점을 가지고 갈 수 있는지 그런 실용적인 측면도 고려하는 게 디자인이라고 생각합니다. 그렇기 때문에 저는 디자인은 심리적인 측면뿐만 아니라 실용적인 측면 또한 고려되는 그런 사람을 생각하는 설계라고 생각합니다.","wordCount":114},"emotion":[],"intent":[{"text":"하지만 저 같은 경우에는 디자인이란 사람들의 실리를 따지고 그리고 사람들의 생활 전반에 있어서 그 사람들이 불편함을 느끼지 못하도록 설계 하는 것 또한 디자인의 한 영역으로 생각하고 그리고 디자인을 함에 있어서 이 디자인을 사용하게 될 사람에 대해 그리고 이 디자인을 통해 어떠한 이점을 가지고 갈 수 있는지 그런 실용적인 측면도 고려하는 게 디자인이라고 생각합니다.","expression":"c_value","category":"background"},{"text":"그렇기 때문에 저는 디자인은 심리적인 측면뿐만 아니라 실용적인 측면 또한 고려되는 그런 사람을 생각하는 설계라고 생각합니다.","expression":"c_value","category":"background"}],"summary":{"text":"디자인이란 사람들의 실리를 따지고 생활 전반에 있어서 불편함을 느끼지 못하도록 설계 하는 것 또한 디자인의 한 영역으로 생각하고, 디자인을 함에 있어 디자인을 통해 어떠한 이점을 가지고 갈 수 있는지 그런 실용적인 측면도 고려하는 게 디자인이라고 생각합니다.","wordCount":36}}},"rawDataInfo":{"question":{"fileFormat":"wav","fileSize":352078,"duration":11000,"samplingBit":16,"channelCount":1,"samplingRate":"16kHz","audioPath":"/Mock/06.Design/Male/New/ckmk_q_ard_m_n_227485.wav"},"answer":{"fileFormat":"wav","fileSize":2870478,"duration":89700,"samplingBit":16,"channelCount":1,"samplingRate":"16kHz","audioPath":"/Mock/06.Design/Male/New/ckmk_a_ard_m_n_227485.wav"}}}