{"version":"1.0","dataSet":{"info":{"date":"20230116","occupation":"ARD","channel":"MOCK","place":"ONLINE","gender":"MALE","ageRange":"-34","experience":"NEW"},"question":{"raw":{"text":"우리 회사가 해외 무대로 진출한다면 어디로 진출하는 것이 좋을까요 그렇게 생각하시는 이유도 함께 말씀 부탁드립니다","wordCount":15},"emotion":[],"intent":[]},"answer":{"raw":{"text":"저는 해외 디자인 관련돼 가지고 해외 무대로 출장 나가거나 혹은 저희 브랜드를 앞 세울 수 있는 기회가 생긴다면 저는 미국으로 가고 싶습니다. 저희 업계 디자인을 보자면 어떻게 보면 유럽에서 훨씬 강대국이라고 할 수 있는데요. 그보다는 강대국 즉 종주국으로 먼저 가는 것이 아니라 저희 브랜드를 먼저 더 많이 알릴 수 있는 미국으로 진출하는 것이 맞다고 생각을 합니다. 미국의 경우 세계 공용어인 영어를 쓰는 강대국이고 그러다 보면 저희는 의사소통에 문제가 없을 가능성이 높죠. 그렇게 어느 정도 의사소통 문제가 해결된 상태에 국가에 가서 미국 같은 경우 굉장히 여러 나라의 사람들이 같이 일을 하면서 지내는 국가입니다. 그 말은 미국 사람들에게만 저희 브랜드가 노출되는 것이 아닌 전 세계 사람들에게 어떻게 보면 저희 브랜드를 노출시킬 수 있는 무대가 되는 것이죠. 그러다 보면 다른 문 다른 나라의 문화권 그 문화권에서 어떤 디자인을 추구하는지 양식이 어떤지 그런 것들도 한 번에 파악을 할 수 있고요. 단지 저희는 미국이라는 한 나라로 진출을 했을 뿐인데 미국 뿐만 아니라 세계에 노출이 되는 굉장히 좋은 영향을 끼칠 것으로 생각이 듭니다. 그래서 미국이 좋을 것 같습니다.","wordCount":162},"emotion":[],"intent":[{"text":"","expression":"","category":"attitude"}],"summary":{"text":"우리 브랜드를 더 많이 알릴 수 있는 미국으로 진출하는 것이 맞다고 생각합니다. 미국은 세계 공용어인 영어를 쓰는 강대국이고, 전 세계 사람들에게 우리 브랜드를 노출시킬 수 있는 무대가 되는 것입니다. 저희는 미국이라는 한 나라로 진출을 했을 뿐인데 미국 뿐만 아니라 세계에 노출이 되는 굉장히 좋은 영향을 끼칠 것으로 생각합니다.","wordCount":48}}},"rawDataInfo":{"question":{"fileFormat":"wav","fileSize":612878,"duration":19150,"samplingBit":16,"channelCount":1,"samplingRate":"16kHz","audioPath":"/Mock/06.Design/Male/New/ckmk_q_ard_m_n_213986.wav"},"answer":{"fileFormat":"wav","fileSize":2849038,"duration":89030,"samplingBit":16,"channelCount":1,"samplingRate":"16kHz","audioPath":"/Mock/06.Design/Male/New/ckmk_a_ard_m_n_213986.wav"}}}