{"version":"1.0","dataSet":{"info":{"date":"20230116","occupation":"ARD","channel":"MOCK","place":"ONLINE","gender":"MALE","ageRange":"-34","experience":"NEW"},"question":{"raw":{"text":"현재 디자인 트렌드와 그에 따른 전망은 앞으로 무엇으라고 생각하는지 설명해 보세요","wordCount":11},"emotion":[],"intent":[]},"answer":{"raw":{"text":"유엑스 디자인의 가장 최근 트렌드 중 하나는 바로 터체르스 인터랙션입니다. 우리는 팬데믹으로 인해 사회적 거리두기를 사회 전반에 걸쳐 겪으면서 이러한 트렌드는 사회 사회의 중요한 역할을 하게 되었습니다. 음성 제어 인터페이스 및 에어 제스터 제어 기술은 업계에서 필수적인 기술로 이용되고 있습니다. 그리고 다음 디자인 트렌드는 첫 번째로 사용자들이 주목하는 증강 현실 그리고 가상 현실이 있으며 또 그리고 업계에서 주목하는 유엑스 트렌드는 에어컨 트롤 제스처 및 쓰리디 애니메이션 입니다. 애니메이션과 일러스트레이션은 웹 사이트에 스토리텔링 기능을 추가하여 어 방문자의 관심을 끌고 고객이 머무르는 시간을 늘리는 뉴 엑스트 디자인 트렌드입니다.","wordCount":86},"emotion":[],"intent":[{"text":"유엑스 디자인의 가장 최근 트렌드 중 하나는 바로 터체르스 인터랙션입니다.","expression":"d_trendy","category":"technology"},{"text":"그리고 다음 디자인 트렌드는 첫 번째로 사용자들이 주목하는 증강 현실 그리고 가상 현실이 있으며 또 그리고 업계에서 주목하는 유엑스 트렌드는 에어컨 트롤 제스처 및 쓰리디 애니메이션 입니다.","expression":"d_trendy","category":"technology"},{"text":"애니메이션과 일러스트레이션은 웹 사이트에 스토리텔링 기능을 추가하여 어 방문자의 관심을 끌고 고객이 머무르는 시간을 늘리는 뉴 엑스트 디자인 트렌드입니다.","expression":"d_trendy","category":"technology"}],"summary":{"text":"음성 제어 인터페이스 및 에어 제스터 제어 기술은 업계에서 필수적인 기술로 이용되고 있습니다. 다음 디자인 트렌드는 증강 현실, 가상 현실이 있고 유엑스 트렌드는 에어컨 트롤 제스처 및 쓰리디 애니메이션입니다.","wordCount":29}}},"rawDataInfo":{"question":{"fileFormat":"wav","fileSize":297678,"duration":9300,"samplingBit":16,"channelCount":1,"samplingRate":"16kHz","audioPath":"/Mock/06.Design/Male/New/ckmk_q_ard_m_n_179310.wav"},"answer":{"fileFormat":"wav","fileSize":2192718,"duration":68520,"samplingBit":16,"channelCount":1,"samplingRate":"16kHz","audioPath":"/Mock/06.Design/Male/New/ckmk_a_ard_m_n_179310.wav"}}}