{"version":"1.0","dataSet":{"info":{"date":"20230116","occupation":"ARD","channel":"MOCK","place":"ONLINE","gender":"MALE","ageRange":"-34","experience":"NEW"},"question":{"raw":{"text":"네 지원자님은 어 전공과 관련해서 최근에 부족하다고 느끼고 있고 어 그래서 따로 공부를 하는 분야가 있는지요 어 있다면 어떤 분야를 공부하고 있는지 한번 설명해 주시기 바랍니다","wordCount":26},"emotion":[],"intent":[]},"answer":{"raw":{"text":"저는 변화하는 산업 트렌드에 맞게 어 쓰리디 프린터에 대해서 이제 요즘 배우고 있습니다. 또한 글로벌 리더가 될려면은 요즘 이러한 산업 트렌드에 맞춰서 자신의 역량을 쌓워야 한다고 생각을 하기 때문인데요. 어 이 프로 프로그램을 제가 이제 배우고 있고 또한 이것은 자격증 시험도 있습니다. 저는 쓰리디 프린팅 마스터 이 급이라는 일단 자격증을 준비하고 있고요. 그래서 저는 이게 총 몇 주 차로 진행이 되냐면은 총 팔 주차로 진행이 되는 프로그램을 제가 하고 있는데 먼저 첫 번째 시간 대는 그냥 좀 따분하게 오리엔테이션으로 산업 현황이랑 이러한 것들에 대해서 배웠는데 이 실제로 어 그 실습을 들어간 것은 이제 삼 주 차 때부터 들어갔습니다. 먼저 쓰리디 캐드 라는 프로그램을 이용해서 직접 파라 네스틱 모델링에 대한 이해를 하였고 그다음 도면에 대한 방법을 배웠습니다. 현재 제가 아직 몇 주 밖에 되지 않아서 아직 많이 배우지 못했는데 그래도 어 정말 새롭게 느껴지고 있습니다.","wordCount":134},"emotion":[],"intent":[{"text":"저는 변화하는 산업 트렌드에 맞게 어 쓰리디 프린터에 대해서 이제 요즘 배우고 있습니다.","expression":"c_imp","category":"personality"},{"text":"또한 글로벌 리더가 될려면은 요즘 이러한 산업 트렌드에 맞춰서 자신의 역량을 쌓워야 한다고 생각을 하기 때문인데요.","expression":"c_value","category":"background"},{"text":"저는 쓰리디 프린팅 마스터 이 급이라는 일단 자격증을 준비하고 있고요.","expression":"c_imp","category":"personality"},{"text":"먼저 쓰리디 캐드 라는 프로그램을 이용해서 직접 파라 네스틱 모델링에 대한 이해를 하였고 그다음 도면에 대한 방법을 배웠습니다.","expression":"c_imp","category":"personality"}],"summary":{"text":"변화하는 산업 트렌드에 맞게 저는 쓰리디 프린팅 마스터 자격증을 준비하고 있습니다. 첫 번째 시간대는 따분하게 오리엔테이션으로 산업 현황 등에 대해서 배웠는데, 실제로 실습을 들어간 것은 삼 주 차 때부터입니다. 먼저 파라 네스틱 모델링에 대한 이해를 하였고, 다음 도면에 대한 방법을 배웠습니다.","wordCount":41}}},"rawDataInfo":{"question":{"fileFormat":"wav","fileSize":550478,"duration":17200,"samplingBit":16,"channelCount":1,"samplingRate":"16kHz","audioPath":"/Mock/06.Design/Male/New/ckmk_q_ard_m_n_198093.wav"},"answer":{"fileFormat":"wav","fileSize":2851278,"duration":89100,"samplingBit":16,"channelCount":1,"samplingRate":"16kHz","audioPath":"/Mock/06.Design/Male/New/ckmk_a_ard_m_n_198093.wav"}}}