{"version":"1.0","dataSet":{"info":{"date":"20230116","occupation":"ARD","channel":"MOCK","place":"ONLINE","gender":"MALE","ageRange":"-34","experience":"NEW"},"question":{"raw":{"text":"대학 생활을 할 때 가장 힘들었던 경험이 있다면 그것이 무엇인지 그리고 그것을 어떻게 극복했는지 말씀해 주세요","wordCount":16},"emotion":[],"intent":[]},"answer":{"raw":{"text":"제가 대학 생활을 보내면서 가장 힘들었던 경험은 어 너무 과도하게 팀 과제가 많았다는 점인데요. 어 저는 이제 전공 특성상도 그렇고 여러 가지 대외 활동이나 공모전을 많이 진행하였기 때문에 좀 항상 수많은 팀 플레이에 좀 시달렸던 것 같습니다. 그리고 이제 많은 팀 플레이에 있어서 저는 이제 리더의 역할을 자처하여서 진행하였는데요. 어 리더로서 갖는 리더만의 좀 그런 고충들도 있었기 때문에 그러한 부분들이 가장 힘들었던 것 같습니다. 하지만 이를 모두 극복해내야 했기 때문에 좀 리더로서 어떤 업무 방식이 가장 좋을까 라는 많은 고민을 하게 되었고 이제 팀으로 팀에서 리더로 활동하기 위해 이제 뭐 저의 주장을 강하게 주장하기보다 좀 팀원들의 입장에서 먼저 생각을 해보고 이제 팀원들에게 소통하기 위해서 먼저 다가가는 좀 그러한 소통과 배려의 자세를 많이 배울 수 있었던 것 같습니다. 어 결론적으로는 이러한 방법들을 잘 활용하면서 좀 여러 가지 팀 플레이 경험을 성공적으로 이끌었던 경험을 가지고 있습니다.","wordCount":134},"emotion":[],"intent":[{"text":"","expression":"","category":"attitude"}],"summary":{"text":"대학 생활을 하면서 과도한 팀 과제가 많아 힘들었고, 리더의 역할을 자처하여 팀 과제를 수행하기도 했습니다. 이를 극복하기 위해 팀원들의 입장에서 생각하여 소통하는 자세를 배울 수 있었습니다. 결론적으로 이러한 방법들을 잘 활용하며 여러 가지 팀 플레이 경험을 성공했던 경험을 가지고 있습니다.","wordCount":40}}},"rawDataInfo":{"question":{"fileFormat":"wav","fileSize":316238,"duration":9880,"samplingBit":16,"channelCount":1,"samplingRate":"16kHz","audioPath":"/Mock/06.Design/Male/New/ckmk_q_ard_m_n_219822.wav"},"answer":{"fileFormat":"wav","fileSize":2529998,"duration":79060,"samplingBit":16,"channelCount":1,"samplingRate":"16kHz","audioPath":"/Mock/06.Design/Male/New/ckmk_a_ard_m_n_219822.wav"}}}