{"version":"1.0","dataSet":{"info":{"date":"20230116","occupation":"ARD","channel":"MOCK","place":"ONLINE","gender":"MALE","ageRange":"-34","experience":"NEW"},"question":{"raw":{"text":"이 직무에 지원한 이유가 무엇인가요 본인이 왜 이 직무에 적합한 인재라고 생각하십니까","wordCount":12},"emotion":[],"intent":[]},"answer":{"raw":{"text":"제가 이 직무에 지원하게 된 계기는 일단 어렸을 때부터 관심이 많았습니다. 그래서 진로나 대학교 진학도 꾸준히 이 직무를 하기 위해 준비해 왔습니다. 그렇기 때문에 저는 준비된 인재라고 생각하고 있습니다. 그리고 저의 특유의 꼼꼼한 성격과 창의적인 아이디어로 회사의 발전에 이바지할 수 있다고 자부하기 때문에 적합한 인재라고 생각합니다.","wordCount":46},"emotion":[],"intent":[{"text":"제가 이 직무에 지원하게 된 계기는 일단 어렸을 때부터   관심이 많았습니다.","expression":"c_sincere_job","category":"etc"},{"text":"그래서 진로나 대학교 진학도   꾸준히 이 직무를 하기 위해 준비해 왔습니다.","expression":"c_sincere_job","category":"etc"},{"text":"그리고 저의 특유의 꼼꼼한 성격과 창의적인 아이디어로   회사의 발전에 이바지할 수 있다고 자부하기 때문에   적합한 인재라고 생각합니다.","expression":"c_sincere_co","category":"etc"}],"summary":{"text":"꼼꼼한 성격과 창의적인 아이디어로 회사의 발전에 이바지할 수 있다고 자부하는 저는 준비된 인재라 생각하며 이 직무에 지원하게 되었습니다.","wordCount":18}}},"rawDataInfo":{"question":{"fileFormat":"wav","fileSize":385358,"duration":12040,"samplingBit":16,"channelCount":1,"samplingRate":"16kHz","audioPath":"/Mock/06.Design/Male/New/ckmk_q_ard_m_n_172276.wav"},"answer":{"fileFormat":"wav","fileSize":1688398,"duration":52760,"samplingBit":16,"channelCount":1,"samplingRate":"16kHz","audioPath":"/Mock/06.Design/Male/New/ckmk_a_ard_m_n_172276.wav"}}}