{"version":"1.0","dataSet":{"info":{"date":"20230116","occupation":"ARD","channel":"MOCK","place":"ONLINE","gender":"MALE","ageRange":"-34","experience":"NEW"},"question":{"raw":{"text":"지원자님께서 만약 우리 회사에 오시게 된다면 가장 가고 싶은 부서와 왜 그렇게 생각하는지 이유를 함께 말씀해 주세요","wordCount":17},"emotion":[],"intent":[]},"answer":{"raw":{"text":"저는 아이씨티 직무로 현재 지원을 한 상태고 여기서 가장 가고 싶은 곳은 데이터를 수집하는 부서입니다. 데이터 수집이라 함은 어떻게 보면은 피피티 발표를 함에 있어서 정보 수집에 가깝습니다. 대학교 때부터 저는 정보 수집을 도맡아서 했었고요. 이 무분별하게 데이터 수집을 한 하는 것이 아닌 수집 수집된 데이터를 일차적으로 분류를 하고 분류가 된 것을 눈에 보기 좋게 정렬를 하였죠. 이렇게 발표 발표를 몇 가지 해보다 보니까 저는 데이터 수집에 굉장히 소집이 있다는 사실을 알게 되었습니다. 그냥 막연하게 수집만 방대하게 하는 것이 중요한 것이 아닙니다. 많이 데이터를 수집하는 것도 중요하지만 그와 똑같이 중요한 것이 데이터의 출처는 올바른지 이 수집된 데이터를 보기 좋게 정렬은 되었는지 이런 것들도 체크가 필요합니다. 저는 이것에 대해서 대학교 때부터 지금까지 굉장히 숙달되어 있기 때문에 우리 회사에 들어온 후에서도 이 숙달되어 있는 데이터 수집 능력을 쭉 발휘하고 싶습니다.","wordCount":127},"emotion":[{"text":"저는 아이씨티 직무로 현재 지원을 한 상태고 여기서 가장 가고 싶은 곳은   데이터를 수집하는 부서입니다.","expression":"p-interest","category":"positive"},{"text":"대학교 때부터 저는 정보 수집을 도맡아서 했었고요.","expression":"u-fact","category":"neutral"}],"intent":[{"text":"","expression":"","category":"attitude"}],"summary":{"text":"저는 대학교 때부터 정보 수집을 도맡아 했습니다. 무분별하게 데이터 수집을 하는 것이 아닌 수집된 데이터를 일차적으로 분류하고 분류가 된 것을 눈에 보기 좋게 정렬을 하였습니다. 이렇게 발표 발표를 해 보니 데이터 수집에 굉장히 소집이 있다는 것을 알게 되었습니다. 데이터의 출처는 올바른지 정렬은 되었는지 체크가 필요합니다.","wordCount":45}}},"rawDataInfo":{"question":{"fileFormat":"wav","fileSize":460878,"duration":14400,"samplingBit":16,"channelCount":1,"samplingRate":"16kHz","audioPath":"/Mock/06.Design/Male/New/ckmk_q_ard_m_n_169794.wav"},"answer":{"fileFormat":"wav","fileSize":2737998,"duration":85560,"samplingBit":16,"channelCount":1,"samplingRate":"16kHz","audioPath":"/Mock/06.Design/Male/New/ckmk_a_ard_m_n_169794.wav"}}}