{"version":"1.0","dataSet":{"info":{"date":"20230116","occupation":"ARD","channel":"MOCK","place":"ONLINE","gender":"MALE","ageRange":"-34","experience":"NEW"},"question":{"raw":{"text":"유엑스 디자인이 무엇이라고 생각하시나요","wordCount":4},"emotion":[],"intent":[]},"answer":{"raw":{"text":"유엑스 디자인이란 사용자 경험을 디자인하고 만드는 것이라고 볼 수 있습니다. 이때 중요한 것은 사용자의 관점에서 제품이나 서비스를 기획하고 디자인하는 것입니다. 디자이너라면 본인의 직감이나 디자인 경력이 아닌 사용자를 충분히 이해하고 고려했는가를 최우선 순위로 삼아서 디자인 해야 합니다. 그리고 그 배경에는 가설을 세우고 가설을 검증하는 과정이 필요합니다. 그리고 좋은 유엑스 디자인이란 바로 사용자의 문제를 해결해 주는 디자인입니다. 그럼 사용자의 문제를 해결해 준다는 것은 사용자에게 지속적인 피드백을 받고 사용자 관점에서 제품 및 서비스를 만들거나 개선하는 것입니다. 그리고 이 작업은 한 번에 싸이클로 끝나는 것이 아니라 사용자가 만족할 때까지 반복해야 합니다.","wordCount":87},"emotion":[],"intent":[{"text":"","expression":"","category":"attitude"}],"summary":{"text":"유엑스 디자인이란 사용자 경험을 디자인하고 만드는 것으로 사용자 관점에서 제품이나 서비스를 기획하고 디자인합니다. 그 배경에는 가설을 세우고 가설을 검증하는 과정이 필요합니다. 그리고 사용자의 문제를 해결해 주는 디자인으로 지속적인 피드백을 받습니다.","wordCount":30}}},"rawDataInfo":{"question":{"fileFormat":"wav","fileSize":247118,"duration":7720,"samplingBit":16,"channelCount":1,"samplingRate":"16kHz","audioPath":"/Mock/06.Design/Male/New/ckmk_q_ard_m_n_190934.wav"},"answer":{"fileFormat":"wav","fileSize":2136398,"duration":66760,"samplingBit":16,"channelCount":1,"samplingRate":"16kHz","audioPath":"/Mock/06.Design/Male/New/ckmk_a_ard_m_n_190934.wav"}}}