{"version":"1.0","dataSet":{"info":{"date":"20230116","occupation":"ARD","channel":"MOCK","place":"ONLINE","gender":"MALE","ageRange":"-34","experience":"NEW"},"question":{"raw":{"text":"직무 수행 중 난관에 봉착했다면 어떻게 해결하실 건가요 지원자님의 해결법과 이유를 함께 말씀해 보시겠습니까","wordCount":14},"emotion":[],"intent":[]},"answer":{"raw":{"text":"직무 수행시에 난관에 봉착했다면 저는 일단 선임분들의 도움을 받겠습니다. 아직 저는 경험이 부족하고 신입이기 때문에 이를 해결하는 데 있어서 아직 많이 서툰 사람입니다. 그렇기 때문에 혼자서 해결해 해서 일을 더 키우기보다는 저보다 경험이 많고 지식이 많은 선임분들에 도움을 선임분들께 도움을 요청하고 방법을 찾아 해결해 나가겠습니다. 그러한 과정 속에서 저만에 해결책도 찾아볼 수 있고 다음에 똑같은 일이 발생하더라도 유연하게 대처할 수 있다고 생각하기 때문입니다. 이상입니다.","wordCount":64},"emotion":[],"intent":[{"text":"","expression":"","category":"attitude"}],"summary":{"text":"저는 아직 경험이 부족하고 신입이기 때문에 업무를 더 키우기보다는 저보다 경험이 많고 지식이 많은 선임분들에 도움을 요청하고 방법을 찾아 해결해 나가겠습니다.","wordCount":21}}},"rawDataInfo":{"question":{"fileFormat":"wav","fileSize":425678,"duration":13300,"samplingBit":16,"channelCount":1,"samplingRate":"16kHz","audioPath":"/Mock/06.Design/Male/New/ckmk_q_ard_m_n_177787.wav"},"answer":{"fileFormat":"wav","fileSize":1886798,"duration":58960,"samplingBit":16,"channelCount":1,"samplingRate":"16kHz","audioPath":"/Mock/06.Design/Male/New/ckmk_a_ard_m_n_177787.wav"}}}