{"version":"1.0","dataSet":{"info":{"date":"20230116","occupation":"ARD","channel":"MOCK","place":"ONLINE","gender":"MALE","ageRange":"-34","experience":"NEW"},"question":{"raw":{"text":"얼마 전 구급 대원이 주취자에게 폭행을 당해 순직 당하는 일이 있었는데요 지원자님은 이 사건에 대해 어떻게 생각하십니까","wordCount":17},"emotion":[],"intent":[]},"answer":{"raw":{"text":"개인적으로 굉장히 안타깝다고 생각합니다. 구급대원이 일을 할 때 충분히 위험한 상황이 발생할 수 있다는 사실을 본인이 충분히 인지하고 있었음에도 불구하고 그런 주취자의 에 폭행을 막기 위해서 순직하셨으리라는 상상도 하지 못했을 겁니다. 음 주취자를 어떻게 보면 구조하고 남 구하려고 했을 그런 행동인데 오히려 그 주취자에게 폭행을 당했다니 저는 개인적으로 마음이 아픕니다. 이러한 사건에 대해서 생각을 좀 더 깊게 해보자면 아무래도 지금 현 시스템이 충분히 성숙하지 못한 것이 아닌가 그런 생각이 듭니다. 주취자는 주취자 나름대로 법의 심각성을 깨닫지 못하고 심신 미약이 가능하다는 인식이 사회 전반에 깔려 있던 게 문제고 그리고 구조대 구급대원은 구급대원대로 그러한 주취자를 말릴 수 있을 만한 충분한 수단이 갖춰지지 않은 사회 시스템에 문제가 있다고 생각합니다.","wordCount":106},"emotion":[{"text":"개인적으로 굉장히 안타깝다고 생각합니다.","expression":"n-sadness","category":"positive"},{"text":"음 주취자를 어떻게 보면 구조하고 남 구하려고 했을 그런 행동인데 오히려 그 주취자에게 폭행을 당했다니 저는 개인적으로 마음이 아픕니다.","expression":"n-sadness","category":"positive"}],"intent":[{"text":"음 주취자를 어떻게 보면 구조하고 남 구하려고 했을 그런 행동인데 오히려 그 주취자에게 폭행을 당했다니 저는 개인적으로 마음이 아픕니다.","expression":"d_sens","category":"attitude"}],"summary":{"text":"주취자에게 폭행을 당했다니 개인적으로 마음이 아픕니다. 주취자는 법의 심각성을 깨닫지 못하고 심신 미약이 가능하다는 인식이 사회 전반에 깔려 있었고, 구급대원은 구급 대원대로 주취자를 말릴 수 있는 충분한 수단이 갖춰지지 않은 사회 시스템에 문제가 있다고 생각합니다.","wordCount":35}}},"rawDataInfo":{"question":{"fileFormat":"wav","fileSize":411918,"duration":12870,"samplingBit":16,"channelCount":1,"samplingRate":"16kHz","audioPath":"/Mock/06.Design/Male/New/ckmk_q_ard_m_n_227222.wav"},"answer":{"fileFormat":"wav","fileSize":2871118,"duration":89720,"samplingBit":16,"channelCount":1,"samplingRate":"16kHz","audioPath":"/Mock/06.Design/Male/New/ckmk_a_ard_m_n_227222.wav"}}}