{"version":"1.0","dataSet":{"info":{"date":"20230116","occupation":"ARD","channel":"MOCK","place":"ONLINE","gender":"MALE","ageRange":"-34","experience":"NEW"},"question":{"raw":{"text":"지원자분께서는 디자인 경험이 많다고 들었습니다 그렇다면 지원자께서 생각하시는 디자인이란 무엇인지 본인의 생각을 말씀해 보십시오","wordCount":14},"emotion":[],"intent":[]},"answer":{"raw":{"text":"제가 생각하는 디자인은 바로 외면에 나타난 디자인이 사물의 본질을 알려주는 것이 바로 디자인이라고 생각이 듭니다. 먼저 미국의 애플 같은 경우에도 로고 디자인이 그 브랜드의 상징성을 나타내고 그리고 또한 그 이 세상에 여러 사과가 있지만 가장 비싼 사과라고 할 수 있습니다. 때문에 이러한 로고 같은 경우에는 기업을 그 자체로 나타내기도 하는데 이러한 것처럼 디자인은 그 기업의 가치를 나타내기도 합니다. 따라서 저는 삼성 같은 경우에도 어 제품 로그 디자인에 있어서 조금 더 심플하고 그러한 브랜드 이미지를 구축해야 하지 않나 라는 생각이 듭니다. 또한 디자인 같은 경우에도 현대 기술에서는 이제 점점 하드웨어 부분적으로는 모두 완성형이기 때문에 이제 디자인적인 부분이 더욱더 강조될 것이라고 저는 생각합니다.","wordCount":101},"emotion":[],"intent":[{"text":"","expression":"","category":"attitude"}],"summary":{"text":"디자인이란 외면에 나타난 디자인이 사물의 본질을 알려주는 것입니다. 애플의 로고 디자인이 브랜드 상징성을 나타내고 기업의 가치를 나타내므로 삼성도 제품 로그 디자인에 심플하고 브랜드 이미지를 구축해야 합니다. 또한 현대 기술에서는 디자인적인 부분이 더욱 강조될 것입니다.","wordCount":34}}},"rawDataInfo":{"question":{"fileFormat":"wav","fileSize":480718,"duration":15020,"samplingBit":16,"channelCount":1,"samplingRate":"16kHz","audioPath":"/Mock/06.Design/Male/New/ckmk_q_ard_m_n_194482.wav"},"answer":{"fileFormat":"wav","fileSize":2787278,"duration":87100,"samplingBit":16,"channelCount":1,"samplingRate":"16kHz","audioPath":"/Mock/06.Design/Male/New/ckmk_a_ard_m_n_194482.wav"}}}