{"version":"1.0","dataSet":{"info":{"date":"20230116","occupation":"ARD","channel":"MOCK","place":"ONLINE","gender":"MALE","ageRange":"-34","experience":"NEW"},"question":{"raw":{"text":"소통 능력을 키우기 위해서 어떤 일들을 할 수 있을까요 생각나는 방법이나 지원자님께서 노력하셨던 방법들을 자세하게 말씀해 주시길 바랍니다","wordCount":18},"emotion":[],"intent":[]},"answer":{"raw":{"text":"저 같은 경우에는 많은 대외 활동을 나가는 것이 좋다고 생각합니다. 일단 소통 능력이라는 것 자체가 사람들을 잘 대하고 잘 얘기하고 그러한 능력이기 때문에 최대한 사람들과 많이 부디 낄 수 있는 그러한 활동들을 하고 그리고 같이 협업하 협업하고 그리고 단체로 무언가 활동을 할 수 있는 그러한 것들을 하는 것이 저는 좋다고 생각이 됩니다. 때문에 저는 최대한 많은 대외 활동들을 나가는 것을 좋은 방법으로 생각합니다. 그리고 뭐 공모전 참여를 하든지 그러한 방법도 있겠지만 제가 개인적으로 생각하는 가장 좋은 방법은 바로 스포츠인 것 같습니다. 이렇게 스포츠 활동을 하다 보면은 자연스럽게 이제 서로 땀을 흘리면은 아드레날린이 솟고 사람에 대한 이제 거부감이라든지 낯선 감정이라든지 그러한 것들이 많이 약해지기 때문에 저는 스포츠를 많이 참여하는 것도 아주 좋은 방법이라는 생각이 듭니다.","wordCount":114},"emotion":[],"intent":[{"text":"","expression":"","category":"attitude"}],"summary":{"text":"저는 최대한 많은 대외 활동을 나가는 것이 좋다고 생각합니다. 그리고 개인적으로 생각하는 가장 좋은 방법은 스포츠인 것 같습니다. 스포츠 활동을 하다 보면 자연스럽게 아드레날린이 솟고 사람에 대한 거부감이나 낯선 감정들이 약해지기 때문에 아주 좋은 방법이라고 생각합니다.","wordCount":36}}},"rawDataInfo":{"question":{"fileFormat":"wav","fileSize":596238,"duration":18630,"samplingBit":16,"channelCount":1,"samplingRate":"16kHz","audioPath":"/Mock/06.Design/Male/New/ckmk_q_ard_m_n_198099.wav"},"answer":{"fileFormat":"wav","fileSize":2770638,"duration":86580,"samplingBit":16,"channelCount":1,"samplingRate":"16kHz","audioPath":"/Mock/06.Design/Male/New/ckmk_a_ard_m_n_198099.wav"}}}