{"version":"1.0","dataSet":{"info":{"date":"20230116","occupation":"ARD","channel":"MOCK","place":"ONLINE","gender":"MALE","ageRange":"-34","experience":"NEW"},"question":{"raw":{"text":"만약 상사가 업무와 무관한 일을 시켰을 때 지원자님은 그 일도 잘 수행하실 수 있나요 솔직하게 수행하실 건지 아닌지 답변해 주세요","wordCount":20},"emotion":[],"intent":[]},"answer":{"raw":{"text":"만약 상사가 업무와 무관한 일을 시키면 저는 일단 어느 정도로 무관한지 제 혼자 스스로 판단을 할 것 같습니다. 요즘에는 상사가 상사의 자녀 숙제도 디자인한다는 얘기를 들었습니다. 저는 그 정도로 무관한 일이라면 하지 않을 것 같습니다. 물론 그 상사에게는 미움과 핍박을 듣겠지만 전 이 회사의 회사 디자인을 하러 온 것이지 그 상사님 자녀분의 디자인을 하러 온 것이 아니기 때문에 단호하고 칼같이 말할 것 같습니다. 저는 상사분 자녀 디자인을 하러 온 것이 아니라고 말이죠. 하지만 그 정도로 무관한 것이 아니고 무증한것이 어느정도 퍼센트를 따져서 일을 처리할 것 같습니다.","wordCount":86},"emotion":[],"intent":[{"text":"","expression":"","category":"attitude"}],"summary":{"text":"상사가 업무와 무관한 일을 시키면 제 혼자 스스로 판단을 할 것 같습니다. 하지만 전 이 회사의 회사 디자인을 하러 온 것이 아니기 때문에 단호하고 칼같이 말하고 무증것이 어느 부분을 따져서 일을 처리할 것 같다고 생각합니다.","wordCount":35}}},"rawDataInfo":{"question":{"fileFormat":"wav","fileSize":617998,"duration":19310,"samplingBit":16,"channelCount":1,"samplingRate":"16kHz","audioPath":"/Mock/06.Design/Male/New/ckmk_q_ard_m_n_225248.wav"},"answer":{"fileFormat":"wav","fileSize":1910478,"duration":59700,"samplingBit":16,"channelCount":1,"samplingRate":"16kHz","audioPath":"/Mock/06.Design/Male/New/ckmk_a_ard_m_n_225248.wav"}}}