{"version":"1.0","dataSet":{"info":{"date":"20230116","occupation":"ARD","channel":"MOCK","place":"ONLINE","gender":"MALE","ageRange":"-34","experience":"NEW"},"question":{"raw":{"text":"네 지원자님의 성격상 장점과 단점에 대해서 각각 말씀해 주실 수 있는지요 어 또한 그 구체적인 예시를 들어서 함께 말씀해 주시면 더 좋겠습니다","wordCount":22},"emotion":[],"intent":[]},"answer":{"raw":{"text":"저의 성격 중 장점은 잘 웃는 것입니다. 저는 어떤 일이 생겨도 외로워도 슬퍼도 잘 웃습니다. 그런 잘 웃는 저의 천성은 모든 어려움들을 잘 이겨내도록 해주었습니다. 맞을 때도 웃었고 무언가를 빼앗길 때도 웃었습니다. 당장에 실제적인 손해는 어쩔 수 없고 너무 마음 아픈 일이지만 웃고 나면 그것은 금방 잊혀지게 되었습니다. 그런 웃음을 바탕으로 저는 항상 모든 인간관 관계에서 웃을 수 있었습니다. 웃으면 복이 온다 그런 말처럼 예전에 손해들은 웃음을 통해 새로운 복으로 다 메꿔지게 되었습니다. 그 이후로 확신을 얻은 저는 더욱더 외로워도 슬퍼도 절대 울지 않고 웃게 되었습니다. 이런 저의 웃는 성격은 저의 아주 큰 장점이라고 생각을 하고 있습니다.","wordCount":97},"emotion":[],"intent":[{"text":"저의 성격 중 장점은 잘 웃는 것입니다.","expression":"c_person","category":"background"},{"text":"이런 저의 웃는 성격은 저의 아주 큰 장점이라고 생각을 하고 있습니다.","expression":"c_person","category":"background"}],"summary":{"text":"잘 웃는 성격은 어떤 일이 생겨도 외로워도 슬퍼도 잘 웃습니다. 맞는 때도 웃었고 무언가를 빼앗길 때도 웃었습니다. 웃음을 바탕으로 모든 인간관 관계에서 웃었고 과거에 손해들은 웃음을 통해 새로운 복이 되었습니다. 이런 성격의 장점은 아주 큰 장점입니다.","wordCount":36}}},"rawDataInfo":{"question":{"fileFormat":"wav","fileSize":452558,"duration":14140,"samplingBit":16,"channelCount":1,"samplingRate":"16kHz","audioPath":"/Mock/06.Design/Male/New/ckmk_q_ard_m_n_194164.wav"},"answer":{"fileFormat":"wav","fileSize":2485198,"duration":77660,"samplingBit":16,"channelCount":1,"samplingRate":"16kHz","audioPath":"/Mock/06.Design/Male/New/ckmk_a_ard_m_n_194164.wav"}}}