{"version":"1.0","dataSet":{"info":{"date":"20230116","occupation":"ARD","channel":"MOCK","place":"ONLINE","gender":"MALE","ageRange":"-34","experience":"NEW"},"question":{"raw":{"text":"지원자님께서 일을 하다 보면 업무량이 과도하게 많아질 수 있습니다 지원자님이 그래도 잘 버틸 자신이 있습니까 설명 부탁드립니다","wordCount":17},"emotion":[],"intent":[]},"answer":{"raw":{"text":"업무량이 과도해지게 된다면 저는 사장님의 조율을 요청 드리겠습니다. 우리나라에는 법정 근로시간이라는 것이 존재합니다. 몇 시간 이내에 일을 해결하라는 것이 법정 근로시간입니다. 그런데 업무량이 과도됐다는 것은 법정 근로시간이 초과되게끔 일을 업무들을 설계하는 것이기 때문이라고 생각을 합니다. 그렇기 때문에 과도한 업무량이 생겼다는 것은 저의 업무 능력에 문제가 생겼다는 것이 아니라 법정 근로시간이 법정 근로시간이 초과되게끔 일을 설계한 사장님에게 어느정도 책임이 있다고 생각을 합니다. 그렇기 때문에 업무량이 과도해지게 된다면 사장님에게 면담을 요청 드리겠습니다. 면담을 요청드려서 업무를 법정 근로 시간에 맞게 적절하게 배분해 달라고 요청을 드리겠습니다.","wordCount":82},"emotion":[{"text":"우리나라에는 법정 근로시간이라는 것이 존재합니다.","expression":"u-fact","category":"neutral"}],"intent":[{"text":"","expression":"","category":"attitude"}],"summary":{"text":"법정 근로시간이 초과되게끔 일을 업무들을 설계하는 것이기 때문에 업무량이 과도해지게 되면 업무를 법정 근로 시간에 맞게 적절하게 배분해 달라고 요청을 하도록 하겠습니다.","wordCount":22}}},"rawDataInfo":{"question":{"fileFormat":"wav","fileSize":392398,"duration":12260,"samplingBit":16,"channelCount":1,"samplingRate":"16kHz","audioPath":"/Mock/06.Design/Male/New/ckmk_q_ard_m_n_186129.wav"},"answer":{"fileFormat":"wav","fileSize":2673998,"duration":83560,"samplingBit":16,"channelCount":1,"samplingRate":"16kHz","audioPath":"/Mock/06.Design/Male/New/ckmk_a_ard_m_n_186129.wav"}}}