{"version":"1.0","dataSet":{"info":{"date":"20230116","occupation":"ARD","channel":"MOCK","place":"ONLINE","gender":"MALE","ageRange":"-34","experience":"NEW"},"question":{"raw":{"text":"과거에 직면한 어려운 문제를 해결해 보신 적이 있는지요 어 그런 상황에서 어떤 아이디어를 제안하셨고 또 무엇을 하셨는지 그 과정을 말씀해 주시기 바랍니다","wordCount":22},"emotion":[],"intent":[]},"answer":{"raw":{"text":"저는 이전 직장에서 사회적 기업과 일을 해 본 경험이 있습니다. 신체적인 문제가 있는 사람들을 위한 제품을 만드는 일이었는데 이 프로젝트를 위해 리서치 단계에서만 삼 개월을 진행했고 이 리서치를 통해 사회에서 다수가 아닌 소수로 살아가는 일이 얼마나 힘들고 또 이들을 위한 제품이나 서비스가 절대적으로 부족하다는 생각이 들었습니다. 이때 소수를 위한 제품은 상품성이 없다는 피드백을 받으며 프로젝트를 접어야 할 것 같다는 위기도 있었지만 저희는 팀원들과의 노력 끝에 문제를 보완한 여러 아이디어를 내어 좋은 제품을 만들어냈고 세계적인 디자인 상을 받고 여러 언론에도 서게 되는 주목할 만한 성과를 내게 되었습니다. 결론적으로 소외된 곳에 더 많은 관심을 갖게 하였고 이는 사소한 곳에도 관심을 잃지 않고 주의를 기울이게 하여 작은 것도 놓치지 않는 습관을 만들어 주었습니다.","wordCount":110},"emotion":[],"intent":[{"text":"","expression":"","category":"attitude"}],"summary":{"text":"사회적 기업과 일을 해 본 경험을 바탕으로 소외된 곳에 더 많은 관심을 갖게 하였고 이는 사소한 곳에도 관심을 잃지 않고 주의를 기울이게 하여 작은 것도 놓치지 않는 습관을 만들어 주었습니다.","wordCount":30}}},"rawDataInfo":{"question":{"fileFormat":"wav","fileSize":522318,"duration":16320,"samplingBit":16,"channelCount":1,"samplingRate":"16kHz","audioPath":"/Mock/06.Design/Male/New/ckmk_q_ard_m_n_184847.wav"},"answer":{"fileFormat":"wav","fileSize":2439758,"duration":76240,"samplingBit":16,"channelCount":1,"samplingRate":"16kHz","audioPath":"/Mock/06.Design/Male/New/ckmk_a_ard_m_n_184847.wav"}}}