{"version":"1.0","dataSet":{"info":{"date":"20230116","occupation":"ARD","channel":"MOCK","place":"ONLINE","gender":"MALE","ageRange":"-34","experience":"NEW"},"question":{"raw":{"text":"지원자님께서는 본인이 교번 근무에 잘 적응할 수 있다고 생각하십니까 그렇다면 그 근거도 함께 설명해 주세요","wordCount":15},"emotion":[],"intent":[]},"answer":{"raw":{"text":"네 저는 교번 근무에 잘 적응할 수 있다고 생각합니다. 저는 일 인 가구라서 혼자 살기 때문에 주거 이동이나 근무 스케줄 변동에 대한 등에서 크게 영향을 받지 않기 때문에 어떤 문제는 없을 것 같습니다. 그리고 이전 직장에서도 교번 근무를 몇 개월 정도 해봤는데 교번 근무에 대한 스트레스보다는 어 적절한 휴식이 주어지지 못하였을 때 받는 스트레스가 스트레스가 더 큰 편이라 이것만 적절히 지켜준다면 교번 근무에 대해서 그 어려움은 없을 것 같습니다.","wordCount":69},"emotion":[],"intent":[{"text":"","expression":"","category":"attitude"}],"summary":{"text":"저는 일 인 가구라서 혼자 살기 때문에 교번 근무에 적응할 수 있습니다. 그리고 적절한 휴식이 주어지지 못하였을 때 받는 스트레스가 더 큰 편이라 이를 잘 지켜준다면 어려움은 없을 것 같습니다.","wordCount":30}}},"rawDataInfo":{"question":{"fileFormat":"wav","fileSize":400718,"duration":12520,"samplingBit":16,"channelCount":1,"samplingRate":"16kHz","audioPath":"/Mock/06.Design/Male/New/ckmk_q_ard_m_n_179303.wav"},"answer":{"fileFormat":"wav","fileSize":1392718,"duration":43520,"samplingBit":16,"channelCount":1,"samplingRate":"16kHz","audioPath":"/Mock/06.Design/Male/New/ckmk_a_ard_m_n_179303.wav"}}}