{"version":"1.0","dataSet":{"info":{"date":"20230116","occupation":"ARD","channel":"MOCK","place":"ONLINE","gender":"MALE","ageRange":"-34","experience":"NEW"},"question":{"raw":{"text":"지원자님께서 최근에 재미있게 하고 있는 일은 무엇인가요 그리고 그 일이 왜 재미있는지도 함께 설명 부탁드리겠습니다","wordCount":15},"emotion":[],"intent":[]},"answer":{"raw":{"text":"저는 최근에 스터디를 따로 하고 있는 게 있습니다. 제 업무에 도움되는 쪽으로 취미 겸 배우고 있는데 새로운 렌더링 프로그램인 레드시프트라 프로그램을 익히고 있습니다. 레드시프트는 기존에 사용하는 툴보다 훨씬 더 디테일하고 세밀한 표현을 가능하게 해서 최근 시장에서 조금씩 사용을 확장해 나가고 있는 걸로 알고 있습니다. 이런 툴을 이용해서 제가 하는 업무에도 적용할 수 있다면 적용해 보려고 합니다. 실제 업무에 활용할 정도의 수준이 된다면 한 단계 높은 수준의 작업물을 만들 수 있게 되어 기대가 되고 어 이런 새로운 틀을 배우는 것 자체가 저한테는 재미가 있어서 최근에 재미있게 하고 있는 이 중의 하나입니다.","wordCount":90},"emotion":[{"text":"제 업무에 도움되는 쪽으로 취미 겸 배우고 있는데 새로운 렌더링 프로그램인 레드시프트라 프로그램을 익히고 있습니다.","expression":"u-fact","category":"neutral"},{"text":"실제 업무에 활용할 정도의 수준이 된다면 한 단계 높은 수준의 작업물을 만들 수 있게 되어 기대가 되고 어 이런 새로운 틀을 배우는 것 자체가 저한테는 재미가 있어서 최근에 재미있게 하고 있는 이 중의 하나입니다.","expression":"p-interest","category":"positive"}],"intent":[{"text":"","expression":"","category":"attitude"}],"summary":{"text":"저는 업무에 도움이 되는 새로운 렌더링 프로그램인 레드시프트라 프로그램을 익히고 있습니다. 새로운 틀을 배우는 것 자체가 저한테 재미있어서 최근에 재미있게 하고 있는 이 중의 하나입니다.","wordCount":25}}},"rawDataInfo":{"question":{"fileFormat":"wav","fileSize":333518,"duration":10420,"samplingBit":16,"channelCount":1,"samplingRate":"16kHz","audioPath":"/Mock/06.Design/Male/New/ckmk_q_ard_m_n_184843.wav"},"answer":{"fileFormat":"wav","fileSize":1830478,"duration":57200,"samplingBit":16,"channelCount":1,"samplingRate":"16kHz","audioPath":"/Mock/06.Design/Male/New/ckmk_a_ard_m_n_184843.wav"}}}