{"version":"1.0","dataSet":{"info":{"date":"20230116","occupation":"ARD","channel":"MOCK","place":"ONLINE","gender":"MALE","ageRange":"-34","experience":"NEW"},"question":{"raw":{"text":"네이버 유튜브 구글의 검색 엔진들이 각각 어떤 차이와 장점 단점들을 갖고 있는지 지원자님이 비교하고 분석해서 설명해 주세요","wordCount":17},"emotion":[],"intent":[]},"answer":{"raw":{"text":"사람들이 사용하는 많은 검색 포탈들이 있습니다. 네이버 다음 구글 등등이 있는데 이러한 검색 포탈들의 차이점에 대해서 말씀드리자면 일단 네이버 같은 경우에는 사람들이 굉장히 많이 방문하는 사이트입니다. 이 네이버는 한 페이지 내에서 사람들에게 검색 엔진을 사용하는 사람들에게 여러 가지 정보를 제공하려고 노력을 하고 그리고 그뿐만 아니라 뭐 쇼핑이나 영화 도서 또는 웹툰 같은 여가 시장 여가 생활을 기반으로 하는 다양한 시장을 공략했기 때문에 다양한 사람들이 이 검색 엔진 네이버를 사용할 때 네이버를 단순히 검색 엔진으로서 사용하는 것이 아니라 네이버에서 충분한 여가 생활을 즐길 수 있도록 그런 환경을 조성했습니다. 그리고 구글 같은 경우에는 다른 검색 엔진과 다르게 국 검색 엔진의 그 본질에 대해서 잘 파악하고 있고 그러한 기본적인 업무를 수행할 수 있도록 집중했으며 다양한 정보들이 있다는 것이 장점입니다.","wordCount":116},"emotion":[],"intent":[{"text":"","expression":"","category":"attitude"}],"summary":{"text":"많은 검색 포탈들 중 네이버는 사람들이 많이 방문합니다. 네이버는 다양한 정보를 제공하고 여가 생활을 기반으로 하는 다양한 시장을 공략했습니다. 또 구글은 검색 엔진의 본질에 대해 파악하고 기본적인 업무를 수행할 수 있도록 집중했으며 다양한 정보들이 있다는 것이 장점입니다.","wordCount":37}}},"rawDataInfo":{"question":{"fileFormat":"wav","fileSize":467278,"duration":14600,"samplingBit":16,"channelCount":1,"samplingRate":"16kHz","audioPath":"/Mock/06.Design/Male/New/ckmk_q_ard_m_n_227492.wav"},"answer":{"fileFormat":"wav","fileSize":2928078,"duration":91500,"samplingBit":16,"channelCount":1,"samplingRate":"16kHz","audioPath":"/Mock/06.Design/Male/New/ckmk_a_ard_m_n_227492.wav"}}}