{"version":"1.0","dataSet":{"info":{"date":"20230116","occupation":"ARD","channel":"MOCK","place":"ONLINE","gender":"MALE","ageRange":"-34","experience":"NEW"},"question":{"raw":{"text":"지원자가 따로 진행하고 있는 프로젝트가 있나요","wordCount":6},"emotion":[],"intent":[]},"answer":{"raw":{"text":"저는 개인적으로 따로 진행하고 있는 프로젝트가 있습니다. 그건 건축 관련된 일로 저는 한 지방 도시를 정하고 그 지역과 관련 있는 역사를 공부하고 공부한 내용을 바탕으로 저만의 견해를 추가하여 어 그 지역에 필요한 건축물이나 어떤 상점 같은 거를 가상으로 만들어서 그거를 온라인에 올려서 사람들한테 소개하는 역 소개하는 프로젝트를 하고 있습니다. 저는 이 프로젝트를 통해서 우리나라에 숨겨진 역사를 재발굴하거나 아니면 소외되어 있는 지역의 좋은 점들을 발견해서 어 사람들에게 알리고 거기에 대한 좋은 반응들을 얻고 있습니다. 저는 이를 통해 사람들의 관심 사람들의 관심 있는 내용이나 분야 등에 대한 피드백을 받으며 관련된 소식들을 다양한 루트를 통해 얻고 있습니다. 어 이것은 제 업무를 진행할 때에도 이러한 피드백들이 유용하게 작용할 때가 많아서 저는 시간이 날 때 이 프로젝트를 꾸준하게 진행할 생각입니다.","wordCount":115},"emotion":[{"text":"저는 이 프로젝트를 통해서 우리나라에 숨겨진 역사를 재발굴하거나 아니면 소외되어 있는 지역의 좋은 점들을 발견해서 어 사람들에게 알리고 거기에 대한 좋은 반응들을 얻고 있습니다.","expression":"p-achievement","category":"positive"}],"intent":[{"text":"","expression":"","category":"attitude"}],"summary":{"text":"저는 지방 도시를 정하여 그 지역에 필요한 건축물이나 상점을 온라인에 올리고 사람들한테 소개하는 프로젝트를 하고 있습니다. 이를 통해 사람들의 관심 내용과 분야 등에 대한 피드백을 받으며 관련된 소식들을 다양한 루트를 통해 얻고 있으며 앞으로 이 프로젝트를 꾸준하게 진행할 계획입니다.","wordCount":39}}},"rawDataInfo":{"question":{"fileFormat":"wav","fileSize":211278,"duration":6600,"samplingBit":16,"channelCount":1,"samplingRate":"16kHz","audioPath":"/Mock/06.Design/Male/New/ckmk_q_ard_m_n_179306.wav"},"answer":{"fileFormat":"wav","fileSize":2390478,"duration":74700,"samplingBit":16,"channelCount":1,"samplingRate":"16kHz","audioPath":"/Mock/06.Design/Male/New/ckmk_a_ard_m_n_179306.wav"}}}