{"version":"1.0","dataSet":{"info":{"date":"20230116","occupation":"ARD","channel":"MOCK","place":"ONLINE","gender":"MALE","ageRange":"-34","experience":"NEW"},"question":{"raw":{"text":"동물 실험이 인간에게 주는 이익에 관련해서 말씀해 주세요 그리고 동물 실험에 대한 지원자님의 생각도 궁금합니다","wordCount":15},"emotion":[],"intent":[]},"answer":{"raw":{"text":"잔인성에 대해서 생각을 해 봐야 될 것 같습니다. 간단하게 예를 들면 쥐에게 어떤 주사를 넣는 정도는 보통 우리 인간들이 상식선에서 생각했을 때 어 그 정도면 안 아프지 않나 괜찮지 않나 잔인하지 않은 것 같다 라는 정도에서는 허락이 될 수도 있겠지만 어떤 뭐 매달려서 실험을 실행시킨다거나 그 동물의 생사를 가지고서 실험을 진행시키는 그런 잔인한 일은 솔직히 인간적인 감정에서 이렇게 호소를 드리는 것이지만 그렇게 너무 잔인한 실험은 안 했으면 좋겠습니다. 상식선에서 봤을 때 마음이 아프잖아요. 그 정도는 안 했으면 좋겠어요. 네 그 정도입니다 그 정도.","wordCount":83},"emotion":[],"intent":[{"text":"","expression":"","category":"attitude"}],"summary":{"text":"동물실험의 잔인성에 대한 생각을 해 봐야 될 것 같습니다. 상식선에서는 괜찮다고 생각할지 몰라도, 동물 생사를 가지고 실험을 하는 것은 인간적인 감정으로 호소를 하는 것이지만, 너무 잔혹한 실험은 안 했으면 좋겠습니다.","wordCount":30}}},"rawDataInfo":{"question":{"fileFormat":"wav","fileSize":337038,"duration":10530,"samplingBit":16,"channelCount":1,"samplingRate":"16kHz","audioPath":"/Mock/06.Design/Male/New/ckmk_q_ard_m_n_186824.wav"},"answer":{"fileFormat":"wav","fileSize":2140238,"duration":66880,"samplingBit":16,"channelCount":1,"samplingRate":"16kHz","audioPath":"/Mock/06.Design/Male/New/ckmk_a_ard_m_n_186824.wav"}}}