{"version":"1.0","dataSet":{"info":{"date":"20230116","occupation":"ARD","channel":"MOCK","place":"ONLINE","gender":"MALE","ageRange":"-34","experience":"NEW"},"question":{"raw":{"text":"스트레스를 받으면 어떻게 하시나요 또한 왜 그런 방법으로 본인의 스트레스를 해소하는 편인지 이유에 대해서도 함께 답변 부탁드립니다","wordCount":17},"emotion":[],"intent":[]},"answer":{"raw":{"text":"저는 스트레스를 받을 때마다 어떠한 방식으로 스트레스를 푸냐면 일단 제가 느끼는 대부분의 현대사회에서 오는 스트레스는 인간관계에서 오는 스트레스입니다. 따라서 저는 잠시나마 인간관계와의 단절 예를 들어 핸드폰을 꺼놓고 있는다든지 그럴 때마다 심리적으로도 굉장히 편한 상태가 찾아옵니다. 그리고 마침 제 주 집 주변에 강변 자전거 도로가 있는데 이제 문득 저도 자전거를 타고 싶다는 생각에 집에 핸드폰을 놔두고 그리고 오로지 자전거만 끌고 나와서 세상과 단절된 채로 눈앞에 자전거 도로와 얼굴에 부딪치는 바람 이 두 가지만 집중하게 된다면은 제가 언제부터 스트레스를 받았나 이러한 것들로부터 잠시 나마 자유로워질 수 있었습니다. 따라서 저는 항상 스트레스를 받거나 시간이 여유가 있을 때는 그러한 방식으로 자전거를 타곤 하였고 정말 효과가 좋았습니다.","wordCount":102},"emotion":[],"intent":[{"text":"","expression":"","category":"attitude"}],"summary":{"text":"현대사회의 스트레스는 인간관계에서 오는 스트레스입니다. 핸드폰을 꺼놓고 있다든지, 자전거만 끌고 나와서 세상에 단절된 채로 얼굴에 부딪치는 바람만 집중하면 스트레스에서 잠시 자유로워질 수 있습니다. 이런 방식으로 자전거를 타면 효과가 좋았습니다.","wordCount":29}}},"rawDataInfo":{"question":{"fileFormat":"wav","fileSize":553038,"duration":17280,"samplingBit":16,"channelCount":1,"samplingRate":"16kHz","audioPath":"/Mock/06.Design/Male/New/ckmk_q_ard_m_n_188933.wav"},"answer":{"fileFormat":"wav","fileSize":2799438,"duration":87480,"samplingBit":16,"channelCount":1,"samplingRate":"16kHz","audioPath":"/Mock/06.Design/Male/New/ckmk_a_ard_m_n_188933.wav"}}}