{"version":"1.0","dataSet":{"info":{"date":"20230116","occupation":"ARD","channel":"MOCK","place":"ONLINE","gender":"MALE","ageRange":"-34","experience":"NEW"},"question":{"raw":{"text":"어 협업을 할 일이 업무 특성상 많이 생길 수 있습니다 어 지원자님께서 이전 직장이나 대학에서 협업을 할 때 어려운 점은 없으셨나요","wordCount":21},"emotion":[],"intent":[]},"answer":{"raw":{"text":"어 물론 회사에 입사를 하게 된다면 어 협업을 해야 하는 경우가 많이 있을 것이라는 것은 충분히 예상을 하고 있습니다. 어 그리고 저는 대학교 재학 시절에 전공 팀 과제나 아니면 공모전이나 많은 대회 활동 등을 준비하면서 좀 이렇게 팀 단위로 일을 해야 하는 경우가 많이 있어서 이러한 경우 대부분 리더를 맡아서 해당 팀을 잘 이끌어 나갔던 경험을 가지고 있습니다. 팀 단위로 업무를 진행하다 보면 이제 팀원들 간에 여태까지 해왔던 작업 방식이 다 다르고 성격도 다 다르고 그리고 각자 잘하는 부분들이 좀 많이 다르기 때문에 이러한 부분들을 조율해 나가는 데 있어서 좀 사소한 작은 갈등들이 많이 발생할 수도 있습니다. 어 실제로 갈등이 많이 발생하였는데 이러한 갈등들을 잘 봉합하는 것이 이제 리더인 저의 역할이었고 어 저의 의견이나 주장 등을 너무 강하게 팀원들에게 관철시키기보다는 팀원들의 입장에서 팀원들에게 먼저 다가가는 소통의 자세로 그렇게 좀 문제들을 해결해 나가려고 노력하였습니다. 어 그 결과 쫌 성공적으로 팀을 잘 이끌고 여러 차례 수상까지 이끌었던 그러한 경험을 가지고 있습니다.","wordCount":149},"emotion":[{"text":"어 그 결과 쫌 성공적으로 팀을 잘 이끌고 여러 차례 수상까지 이끌었던 그러한 경험을 가지고 있습니다.","expression":"u-fact","category":"neutral"}],"intent":[{"text":"어 실제로 갈등이 많이 발생하였는데 이러한 갈등들을 잘 봉합하는 것이 이제 리더인 저의 역할이었고 어 저의 의견이나 주장 등을 너무 강하게 팀원들에게 관철시키기보다는 팀원들의 입장에서 팀원들에게 먼저 다가가는 소통의 자세로 그렇게 좀 문제들을 해결해 나가려고 노력하였습니다.","expression":"c_confl_mg","category":"personality"}],"summary":{"text":"팀 단위로 업무를 진행하게 되면 팀원들 간에 작업 방식, 성격, 잘하는 부분이 달라 조율하는데 있어 갈등이 발생할 수 있습니다. 리더인 저는 팀원들의 입장에서 먼저 다가가는 소통의 자세로 문제들을 해결해 나가려고 노력한 결과 성공적으로 팀을 잘 이끌고 여러 차례 수상까지 이끌어왔습니다.","wordCount":40}}},"rawDataInfo":{"question":{"fileFormat":"wav","fileSize":424398,"duration":13260,"samplingBit":16,"channelCount":1,"samplingRate":"16kHz","audioPath":"/Mock/06.Design/Male/New/ckmk_q_ard_m_n_219090.wav"},"answer":{"fileFormat":"wav","fileSize":2794318,"duration":87320,"samplingBit":16,"channelCount":1,"samplingRate":"16kHz","audioPath":"/Mock/06.Design/Male/New/ckmk_a_ard_m_n_219090.wav"}}}