{"version":"1.0","dataSet":{"info":{"date":"20230116","occupation":"ARD","channel":"MOCK","place":"ONLINE","gender":"MALE","ageRange":"-34","experience":"NEW"},"question":{"raw":{"text":"지원자님께서 직접 해외 출장 장소를 선택할 수 있다면 꼭 한번 가서 일해 보근 싶은 나라는 어디인가요","wordCount":16},"emotion":[],"intent":[]},"answer":{"raw":{"text":"제가 만약 해외 출장 장소를 선택할 수 있다면 덴마크에서 한 번 일을 꼭 해보고 싶습니다. 덴마크의 디자인 역사는 우리나라보다 훨씬 길어서 그 속에 있는 사람들에 대한 생각과 많은 뮤지엄 그리고 건축 또 그들이 만들어낸 디자인을 보면서 그 나라에서 꼭 한 번 일해보고 싶다는 생각을 많이 하였습니다. 만약 거기서 일한다면 디자이너로서는 다양한 볼거리와 생각할 거리가 많아서 좋은 환경이 될 것이라고 생각합니다. 그래서 저는 만약 제가 나라를 선택할 수 있다면 덴마크 또는 그 근처의 유럽 나라에서 꼭 한 번 일을 해보고 싶습니다.","wordCount":80},"emotion":[],"intent":[{"text":"","expression":"","category":"attitude"}],"summary":{"text":"디자이너로서 해외 출장지를 선택할 수 있다면 덴마크에서 일하고 싶습니다. 덴마크의 디자인 역사는 우리나라보다 훨씬 길기 때문에 디자이너로서는 다양한 볼거리와 생각할 거리가 많아서 좋은 환경이 될 것입니다.","wordCount":26}}},"rawDataInfo":{"question":{"fileFormat":"wav","fileSize":326798,"duration":10210,"samplingBit":16,"channelCount":1,"samplingRate":"16kHz","audioPath":"/Mock/06.Design/Male/New/ckmk_q_ard_m_n_185025.wav"},"answer":{"fileFormat":"wav","fileSize":2012878,"duration":62900,"samplingBit":16,"channelCount":1,"samplingRate":"16kHz","audioPath":"/Mock/06.Design/Male/New/ckmk_a_ard_m_n_185025.wav"}}}