{"version":"1.0","dataSet":{"info":{"date":"20230116","occupation":"ARD","channel":"MOCK","place":"ONLINE","gender":"MALE","ageRange":"-34","experience":"NEW"},"question":{"raw":{"text":"요즘 고령화 사회로 가면서 치매로 인한 문제가 많이 대두되고 있습니다 이에 대해 건보 공단이 하는 일과 개선 방안에 대한 본인의 생각을 말씀해 주세요","wordCount":23},"emotion":[],"intent":[]},"answer":{"raw":{"text":"어 최근 이제 대한민국의 고령화 지수가 굉장히 좀 심각한 것으로 제가 알고 있습니다. 또한 제가 알기로는 어 오이씨디에 가입한 국가 내에서도 대한민국의 고령화 추세는 굉장히 가파르고 좀 심각한 추세로 알고 있습니다. 이 고령화 고령화가 진행 진행이 되면 이제 자연스럽게 좀 고령화에 따른 질병 문제가 대두될 수밖에 없고 좀 치매는 그 중에서도 가장 대표적인 문제라고 말씀드릴 수 있겠습니다. 어 이에 따라서 이제 건강 보험 공단에 좀 막중한 역할이 기대되고 있는데 어 제 생각에는 최근 건강 보험 공단이 좀 이러한 부분을 좀 제대로 역할을 수행하지 못하고 있다고 생각합니다. 그렇게 생각하는 가장 큰 이유 중의 하나는 역시 어 최근 논란이 되고 있는 건강 보험 공단의 재정 상태인 것 같습니다. 건강 보험 공단의 재정 상태가 좀 굉장히 악화되어 있는 것으로 알고 있는데 어 이러한 점을 전 정부가 굉장히 간과를 하고 방치를 하고 하였다고 생각을 합니다. 어 지금이라도 더 늦기 전에 좀 이러한 건강 보험 공단의 재정 상황을 좀 개선시킬 수 있는 특단의 대책이 필요할 것 같습니다.","wordCount":152},"emotion":[],"intent":[{"text":"","expression":"","category":"attitude"}],"summary":{"text":"최근 대한민국의 고령화 지수가 굉장히 가파르고 심각한 추세로 알고 있습니다. 고령화가 진행 진행이 되면 치매가 가장 대표적인 치매입니다. 건강 보험 공단이 제대로 역할을 수행하지 못하는 가장 큰 이유 중의 하나는 재정 상태인데, 전 정부가 굉장히 간과하고 방치를 한 것 같습니다. 지금이라도 특단의 대책이 필요합니다.","wordCount":44}}},"rawDataInfo":{"question":{"fileFormat":"wav","fileSize":480718,"duration":15020,"samplingBit":16,"channelCount":1,"samplingRate":"16kHz","audioPath":"/Mock/06.Design/Male/New/ckmk_q_ard_m_n_227305.wav"},"answer":{"fileFormat":"wav","fileSize":2748238,"duration":85880,"samplingBit":16,"channelCount":1,"samplingRate":"16kHz","audioPath":"/Mock/06.Design/Male/New/ckmk_a_ard_m_n_227305.wav"}}}