{"version":"1.0","dataSet":{"info":{"date":"20230116","occupation":"ARD","channel":"MOCK","place":"ONLINE","gender":"MALE","ageRange":"-34","experience":"NEW"},"question":{"raw":{"text":"어 지원자님께서 지금까지 협업을 하면서 가장 어려웠던 점과 또 그 어려웠던 점을 어떻게 극복하셨는지 함께 말씀해 주시길 바랍니다","wordCount":18},"emotion":[],"intent":[]},"answer":{"raw":{"text":"저는 협업이 협업이 되기 위해선 기본적으로 수준 수준이 맞아야 한다고 생각을 합니다. 어떤 것을 같이 이룩하기 위해서는 나의 대화 수준과 상대방의 대화 수준이 수준이 어느 정도는 맞아야 일에 의사소통이 가능할 것이라고 저는 생각을 합니다. 그런데도 불구하고 상대방의 수준이 너무 낮다 너무 떨어져 있다고 하면은 어떤 우리가 해결해야 될 문제와 그런 사안들을 공유하기가 참으로 난감할 것 같습니다. 왜냐하면 그 지식 수준이라는 것이 같이 공유가 되어야 같은 대안들을 얘기할 때 그 지식 수준과 어떤 비슷한 수준을 바탕으로 많은 것들을 얘기할 수가 있는데 상대방의 수준이 이에 미치지 못한다고 한다면은 저 혼자 결국에는 일을 처리하는 것밖에 되지 않기 때문에 결국에 어 저는 이제 협업을 할 때 수준이 맞지 않는다고 하면은 그것이 굉장히 어려운 일이라고 생각을 합니다. 그럴 때는 팀을 바꿔야 한다고 생각합니다. 저와 수준에 맞는 팀을 어필 어필할 줄 알아야 한다고 생각합니다.","wordCount":128},"emotion":[],"intent":[{"text":"저는 협업이 협업이 되기 위해선 기본적으로 수준 수준이 맞아야 한다고 생각을 합니다.","expression":"c_cop","category":"personality"}],"summary":{"text":"협업이 이루어지기 위해서는 저의 대화 수준과 상대방의 대화 수준이 수준이 어느 정도는 맞아야 의사소통이 가능할 것이라고 생각합니다. 그런데 상대방의 수준이 너무 떨어져 있으면 해결과 사안들을 공유하기가 어려운 것 같습니다. 그럴 때는 팀을 바꿔 저와 수준에 맞는 팀을 어필할 줄 알아야 합니다.","wordCount":41}}},"rawDataInfo":{"question":{"fileFormat":"wav","fileSize":448718,"duration":14020,"samplingBit":16,"channelCount":1,"samplingRate":"16kHz","audioPath":"/Mock/06.Design/Male/New/ckmk_q_ard_m_n_218742.wav"},"answer":{"fileFormat":"wav","fileSize":2782798,"duration":86960,"samplingBit":16,"channelCount":1,"samplingRate":"16kHz","audioPath":"/Mock/06.Design/Male/New/ckmk_a_ard_m_n_218742.wav"}}}