{"version":"1.0","dataSet":{"info":{"date":"20230116","occupation":"ARD","channel":"MOCK","place":"ONLINE","gender":"MALE","ageRange":"-34","experience":"NEW"},"question":{"raw":{"text":"최근의 지원자님이 보셨던 뉴스들 중에서 가장 인상 깊었던 뉴스는 무엇인가요 그게 무엇인지 그리고 이유는 무엇인지 말씀 부탁드립니다","wordCount":17},"emotion":[],"intent":[]},"answer":{"raw":{"text":"제가 최근에 본 뉴스들 가운데 가장 인상 깊게 보았던 뉴스는 어 에스피씨 그룹 불매 운동에 관한 뉴스입니다. 다들 아시다시피 어 이제 빵 제조 공장에서 좀 안타까운 사고가 발생하였고 이제 그 사고 후에 에스피씨 그룹의 대처 방법이 이제 매우 잘못되었다고 어 이제 소개가 된 부분들을 다들 알고 계실 겁니다. 이 저 또한 그 에스피씨 그룹의 대처가 좀 굉장히 어 조금 안 좋았다 라고 생각을 하고 있고 좀 노동자들을 소중하게 대하지 않는다 라는 느낌을 강하게 받았습니다. 어 따라서 이러한 노동자들의 권리를 보장받기 위해 어 좀 내부적인 노조에서의 활동하는 것도 이해가 가고 이제 외부적으로는 이 소비자들이 어 이러한 좀 건전한 노동 사회를 만들어내기 위해서 어 해당 그룹의 계열사들 불매 운동을 하는 것 또한 좀 이해가 되는 부분이고 저도 동참을 하고 있습니다. 어 기업이 어 이윤을 내는 것도 중요하지만 장기적인 관점으로 바라보았을 때는 노동자들을 좀 소중하게 대하는 것이 가장 중요한 것 같습니다.","wordCount":138},"emotion":[],"intent":[{"text":"","expression":"","category":"attitude"}],"summary":{"text":"에스피씨 그룹의 사고 이후 노동자들의 권리를 위해 내부적 노조에서 활동하는 것과 외부적으로는 소비자들이 해당 그룹의 계열사들 불매 운동에 동참하는 것이 이해되고 동참하고 있습니다. 기업이 이윤을 내는 것도 중요하지만 장기적 관점으로 보았을 때는 노동자들을 소중히 대하는 것이 가장 중요한 것 같습니다.","wordCount":40}}},"rawDataInfo":{"question":{"fileFormat":"wav","fileSize":629198,"duration":19660,"samplingBit":16,"channelCount":1,"samplingRate":"16kHz","audioPath":"/Mock/06.Design/Male/New/ckmk_q_ard_m_n_219820.wav"},"answer":{"fileFormat":"wav","fileSize":2686798,"duration":83960,"samplingBit":16,"channelCount":1,"samplingRate":"16kHz","audioPath":"/Mock/06.Design/Male/New/ckmk_a_ard_m_n_219820.wav"}}}