{"version":"1.0","dataSet":{"info":{"date":"20230116","occupation":"ARD","channel":"MOCK","place":"ONLINE","gender":"MALE","ageRange":"-34","experience":"NEW"},"question":{"raw":{"text":"과거의 프로젝트를 수행했던 경험이 있으신지 궁금하구요 어 있다면 프로젝트 안에서 또 어떤 역할을 맡으셨는지도 이야기해 주세요","wordCount":16},"emotion":[],"intent":[]},"answer":{"raw":{"text":"과거에 자동차 디자인 프로젝트를 이제 진행을 했던 적이 있었습니다. 그 곳에서 정말 부족하지만 저는 인제 조장의 역할을 맡아서 팀원들의 케어를 하는 그런 역할을 진행을 했었는데요. 아무래도 이제 이게 협업이다 보니까 진행을 함에 있어서 팀원들과 이제 불화나 마찰이나 또 역량적인 부분에서 무임승차를 할려는 그런 팀원들이 종종 보이곤 했습니다. 어 저는 아무래도 독단적으로 팀을 이끌어가는 리더보다는 뒤에서 써포트를 해주는 그런 역할에 좀 더 어울린다고 저는 생각이 듭니다. 그래서 최대한 팀이 분열이 되지 않도록 그들을 잘 결집시키는 것이 중요하다고 생각해서 그렇게 저는 제 신념대로 일을 진행을 했었고 그 결과 뭐 무임 승차를 할려는 팀원들이 거의 없는 상태에서 무사히 프로젝트를 마칠 수 있었고 또한 그것에 대한 결과로 학점으로 보상을 받아 받았었습니다. 이러한 경험을 통해서 리더적으로서의 리더십을 키울 수 있었고 또 앞으로 제가 팀 팀을 이끌게 되었을 때 어떻게 이끌면 되겠구나 라는 것에 대해서 확신을 갖게 되었습니다. 이상입니다. 감사합니다.","wordCount":134},"emotion":[],"intent":[{"text":"과거에 자동차 디자인 프로젝트를 이제 진행을 했던 적이 있었습니다.","expression":"c_private","category":"background"}],"summary":{"text":"과거 자동차 디자인 프로젝트에서 조장 역할을 맡았던 적이 있습니다. 협업이라 무임승차를 하려는 팀원들이 보이곤 했습니다. 리더보다 뒤에서 서포트를 해주는 역할이 더 어울리고 그 결과 성공적으로 프로젝트를 마치고 학점 보상을 받았습니다. 이를 통해 리더적 리더십을 키웠고 팀 팀을 어떻게 이끌지 확신하게 되었습니다.","wordCount":41}}},"rawDataInfo":{"question":{"fileFormat":"wav","fileSize":396878,"duration":12400,"samplingBit":16,"channelCount":1,"samplingRate":"16kHz","audioPath":"/Mock/06.Design/Male/New/ckmk_q_ard_m_n_185337.wav"},"answer":{"fileFormat":"wav","fileSize":2514638,"duration":78580,"samplingBit":16,"channelCount":1,"samplingRate":"16kHz","audioPath":"/Mock/06.Design/Male/New/ckmk_a_ard_m_n_185337.wav"}}}