{"version":"1.0","dataSet":{"info":{"date":"20230116","occupation":"ARD","channel":"MOCK","place":"ONLINE","gender":"MALE","ageRange":"-34","experience":"NEW"},"question":{"raw":{"text":"어 지원자님께서 우리 회사에 입사를 했더니 업무 내용이나 강도가 이상했던 것보다 훨씬 어려울 수 있습니다 그러 아니면 훨씬 쉬울 수도 있고요 그렇게 되면 어떻게 대처를 하실 건가요","wordCount":27},"emotion":[],"intent":[]},"answer":{"raw":{"text":"제가 이 회사에 입사를 한 후 예상하고 있는 업무 강도가 있겠죠. 근데 그 업무 강도와 내용이 전혀 다른 경우 첫 번째는 어떻게 보면 제가 생각한 것보다 너무 업무 강도가 낮을 때 그리고 두 번째는 제가 생각한 것보다 업무 강도가 훨씬 높을 때 이렇게 두 가지 경우가 있을 것으로 생각이 됩니다. 첫 번째 제가 생각했던 것보다 업무 강도가 너무 낮았을 경우를 한번 생각해 보겠습니다. 그런 경우 제가 먼저 해야 되는 그 업무 강도가 낮은 일들 먼저 빨리 적응을 합니다. 빨리 적응을 하고 헤쳐 나가고 모두 제 것으로 만들고요. 그걸로 끝이 아니라 또 다른 부가 가치를 창출해 낼 수 있는 어떠한 프로젝트를 만들어 내거나 디자인 도안을 짜거나 다른 여러 가지 시도를 할 것 같습니다. 근데 그게 아니라 제 생각과는 다르게 업무 강도가 훨씬 높다고 생각이 됐을 땐 시간 관리를 먼저 할 것입니다. 업무 강도가 높기 때문에 정규 업무 시간 내에 일을 못 끝낼 가능성이 높기 때문이죠. 삼십 분 정도 일찍 출근을 한다는 거 한다던가 삼십 분 늦게 퇴근을 한다던가 시간을 유동적으로 쓸 수 있게 어느 정도 삼십 분 정도씩 여유분을 두는 것입니다. 그렇게 해서 업무 강도가 큰 경우 대처를 할 것으로 생각이 듭니다.","wordCount":181},"emotion":[],"intent":[{"text":"","expression":"","category":"attitude"}],"summary":{"text":"이 회사에 입사한 후 예상하고 있는 업무 강도와 내용이 전혀 다른 경우 두 가지 경우가 있을 것으로 생각되는데, 첫 번째는 제가 생각한 것보다 너무 업무 강도가 낮을 때이고 두 번째는 업무 강도가 훨씬 높을 때입니다. 업무 강도가 높을 땐 시간 관리를 먼저 할 것입니다. 업무 강도 때문에 정규 업무 시간 내에 일을 못 끝낼 가능성이 높기 때문입니다.","wordCount":57}}},"rawDataInfo":{"question":{"fileFormat":"wav","fileSize":549838,"duration":17180,"samplingBit":16,"channelCount":1,"samplingRate":"16kHz","audioPath":"/Mock/06.Design/Male/New/ckmk_q_ard_m_n_213985.wav"},"answer":{"fileFormat":"wav","fileSize":2804558,"duration":87640,"samplingBit":16,"channelCount":1,"samplingRate":"16kHz","audioPath":"/Mock/06.Design/Male/New/ckmk_a_ard_m_n_213985.wav"}}}