{"version":"1.0","dataSet":{"info":{"date":"20230116","occupation":"ARD","channel":"MOCK","place":"ONLINE","gender":"MALE","ageRange":"-34","experience":"NEW"},"question":{"raw":{"text":"어 본인이 개인적으로 공부를 할 때 어떻게 하시는지 어 말씀해 주시길 바랍니다 어 강의를 활용하시는지 책을 활용하시는지 이런 것들을 말씀해 주세요","wordCount":21},"emotion":[],"intent":[]},"answer":{"raw":{"text":"저는 전공 공부 같은 경우에는 아무래도 저희 전공 특성상 이론을 배우는 것도 중요하지만 가장 중요한 것은 직접 경험하고 직접 작품을 만들고 직접 경험을 하는 것입니다. 뭐 경영학이라든지 뭐 경제학 이런 이론적인 이론적 측면이 강한 전공 같은 경우에는 물론 이론적 지식이 굉장히 중요하게 작용을 하지만 이제 저희 디자인 전공과 같이 그러한 곳은 오로지 결과물 시각물 그러한 요소들로 이제 결과를 설명하기 때문에 저는 공부를 할 때는 물론 이론적 토대는 가장 최소화하고 이 이론적 토대를 바탕으로 내가 어떻게 결과를 도출하는 데 있어서 이용할 수 있을까 이런 식으로 적용을 하려고 합니다. 그렇기 때문에 저는 공부를 하는 데도 있어서 이 이론을 이 학문적 지식을 내가 앞으로 필드에서 업무를 수행하는 데 있어서 어떠한 식으로 활용해야 할까 라는 생각을 가지고서 항상 공부를 하는 편입니다.","wordCount":117},"emotion":[],"intent":[{"text":"","expression":"","category":"attitude"}],"summary":{"text":"디자인 전공은 결과물 시각물들로 결과를 설명하기 때문에, 저는 공부를 할 때는 이론적 토대는 최소화하고 어떻게 결과를 도출하는 데 이용할 수 있을까 이런 식으로 적용을 하려고 합니다. 그래서 이 이론을 업무 수행에 어떻게 활용할지 생각하며 공부합니다.","wordCount":35}}},"rawDataInfo":{"question":{"fileFormat":"wav","fileSize":490958,"duration":15340,"samplingBit":16,"channelCount":1,"samplingRate":"16kHz","audioPath":"/Mock/06.Design/Male/New/ckmk_q_ard_m_n_188767.wav"},"answer":{"fileFormat":"wav","fileSize":2760718,"duration":86270,"samplingBit":16,"channelCount":1,"samplingRate":"16kHz","audioPath":"/Mock/06.Design/Male/New/ckmk_a_ard_m_n_188767.wav"}}}