{"version":"1.0","dataSet":{"info":{"date":"20230116","occupation":"ARD","channel":"MOCK","place":"ONLINE","gender":"MALE","ageRange":"-34","experience":"NEW"},"question":{"raw":{"text":"디자인 직무 관련 일을 할 때 숨어있는 재능이 얼마나 중요하다고 생각하는지 아니면 그런 걸 노력으로 할 수 있는 건지 그중에 어떤 건지 한번 말씀해 주세요","wordCount":25},"emotion":[],"intent":[]},"answer":{"raw":{"text":"음 많은 분들이 이 디자인 직무를 수행함에 있어서 좀 다른 직군에 비해서 재능의 역할이 좀 중요한 부 그런 부분을 차지한다고 생각할 것 같습니다. 어 실제로도 어 좀 이 사람들이 많이 알거나 많이 유명한 그러한 디자이너들은 대부분 되게 뛰어난 재능을 타고났다 라고 많은 사람들이 생각하는 것 같습니다. 저 역시도 옛날에는 그렇게 생각 했었습니다. 하지만 물론 재능의 역할이 중 중요하지 않다는 말은 아니지만 재능의 역할 그 이상으로 어 노력의 부분도 굉장히 중요한 분야라고 생각합니다. 어 왜냐하면 이 디자인이라는 것은 어떤 정해진 정답이 없고 어떻게 보면 굉장히 여러 가지 관점에서 바라볼 수 있는 부분들이 있기 때문에 어 어떤 재능이 특출나서 그것을 떨치기보다는 어 계속해서 자신만의 어 영 어떤 디자인 영역을 구축해 나간다면 언젠가는 그 노력이 어 빛을 발한다고 생각하고 있기 때문에 어 저는 재능보다는 노력의 역할이 더 중요한 분야인 것 같습니다.","wordCount":128},"emotion":[],"intent":[{"text":"어 왜냐하면 이 디자인이라는 것은 어떤 정해진 정답이 없고 어떻게 보면 굉장히 여러 가지 관점에서 바라볼 수 있는 부분들이 있기 때문에 어 어떤 재능이 특출나서 그것을 떨치기보다는 어 계속해서 자신만의 어 영 어떤 디자인 영역을 구축해 나간다면 언젠가는 그 노력이 어 빛을 발한다고 생각하고 있기 때문에 어 저는 재능보다는 노력의 역할이 더 중요한 분야인 것 같습니다.","expression":"c_value","category":"background"}],"summary":{"text":"디자인 직무 수행에 있어 재능보다 노력의 역할이 더 중요하다고 생각합니다. 디자인에는 정해진 정답이 없고 여러 관점에서 바라볼 수 있는 부분이 있기 때문에 재능을 떨치기보다는 계속 자신만의 디자인 영역을 구축해 나간다면 언젠가는 그 노력이 빛을 발할 것이라고 생각하기 때문입니다.","wordCount":38}}},"rawDataInfo":{"question":{"fileFormat":"wav","fileSize":526158,"duration":16440,"samplingBit":16,"channelCount":1,"samplingRate":"16kHz","audioPath":"/Mock/06.Design/Male/New/ckmk_q_ard_m_n_225343.wav"},"answer":{"fileFormat":"wav","fileSize":2798798,"duration":87460,"samplingBit":16,"channelCount":1,"samplingRate":"16kHz","audioPath":"/Mock/06.Design/Male/New/ckmk_a_ard_m_n_225343.wav"}}}