{"version":"1.0","dataSet":{"info":{"date":"20230116","occupation":"ARD","channel":"MOCK","place":"ONLINE","gender":"MALE","ageRange":"35-44","experience":"NEW"},"question":{"raw":{"text":"지금 따로 공부하고 있는 분야가 있으신가요 있다면 왜 그걸 공부하시는지 현재까지 어떤 것들을 배웠는지에 대해서도 말씀 부탁드립니다","wordCount":17},"emotion":[],"intent":[]},"answer":{"raw":{"text":"저는 방송 시스템에 대해서 공부를 하고 있습니다. 어렸을 때부터 티비 드라마 영화 뮤직비디오 같은 분야에 대한 관심이 굉장히 많았고 영화도 포함입니다. 굉장히 관심이 많았고 영상 매체를 통해 보여지는 것들에 대해서 굉장히 큰 흥미를 갖고 있었습니다. 그런데 한 가지 공연장에 갔을 때 더 큰 감동을 느꼈습니다. 우연찮게 찾아갔던 어 콘서트에서 보여지는 그 시스템 속에 있는 영상 과정 영상으로 중개해주는 그 과정이 너무나도 멋지게 보였습니다. 그래서 음 아르바이트로 공연 연출 기획사에 들어가서 현장 업무도 많이 옆에서 보았고 공연이 어떻게 구성되는지 중개 시스템이 어떻게 갖춰지는지 보면서 즐거움을 느꼈습니다. 그래서 저는 카메라를 촬영하는 방법 각도 구도 어 뭐 색깔 빛 색상 그다음에 음향을 어떻게 구성해야 되는지 이런 여러 가지 요소들 그리고 그 요소들을 가지고 현장에 있는 공연 상황이 어떻게 보는 사람들에게 정말로 멋있게 실제 있는 현장에 있는 것 같은 현장감을 느끼면서 보여줄 수 있는가에 대한 고민을 많이 하게 됐습니다. 그래서 저는 웬만한 일 인 미디어 중계를 할 수 있을 정도로 시스템에 대한 이해를 완벽히 갖춰 놨습니다.","wordCount":152},"emotion":[{"text":"저는 방송 시스템에 대해서 공부를 하고 있습니다.","expression":"u-fact","category":"neutral"},{"text":"어렸을 때부터 티비 드라마 영화 뮤직비디오 같은 분야에 대한 관심이 굉장히 많았고 영화도 포함입니다.","expression":"p-interest","category":"positive"},{"text":"굉장히 관심이 많았고 영상 매체를 통해 보여지는 것들에 대해서 굉장히 큰 흥미를 갖고 있었습니다.","expression":"p-interest","category":"positive"},{"text":"그런데 한 가지 공연장에 갔을 때 더 큰 감동을 느꼈습니다.","expression":"p-gratitude","category":"positive"},{"text":"그래서 음 아르바이트로 공연 연출 기획사에 들어가서 현장 업무도 많이 옆에서 보았고 공연이 어떻게 구성되는지 중개 시스템이 어떻게 갖춰지는지 보면서 즐거움을 느꼈습니다.","expression":"p-happiness","category":"positive"}],"intent":[{"text":"","expression":"","category":"attitude"}],"summary":{"text":"저는 방송 시스템에 대해 공부하고 있습니다. 어렸을 때부터 영상 매체를 통해 보여지는 것에 관심이 많았는데, 콘서트에서 보여지는 시스템 속에 있는 영상 과정 영상으로 중개해주는 그 과정이 멋있어서 아르바이트로 공연 연출 기획사에 들어갔습니다. 여러 가지 요소들 그리고 그 요소들을 가지고 실제 현장에 있는 것 같은 현장감을 느끼면서 보여줄 수 있는가에 대해 고민하게 됐습니다.","wordCount":52}}},"rawDataInfo":{"question":{"fileFormat":"wav","fileSize":590158,"duration":18440,"samplingBit":16,"channelCount":1,"samplingRate":"16kHz","audioPath":"/Mock/06.Design/Male/New/ckmk_q_ard_m_n_189996.wav"},"answer":{"fileFormat":"wav","fileSize":2556878,"duration":79900,"samplingBit":16,"channelCount":1,"samplingRate":"16kHz","audioPath":"/Mock/06.Design/Male/New/ckmk_a_ard_m_n_189996.wav"}}}