{"version":"1.0","dataSet":{"info":{"date":"20230116","occupation":"ARD","channel":"MOCK","place":"ONLINE","gender":"MALE","ageRange":"-34","experience":"NEW"},"question":{"raw":{"text":"어 지금까지 협업을 많이 해 보셨을 텐데요 사람들과 협업을 하면서 가장 어려웠던 점은 어떤 것이 있었는지요 또 그것을 어떻게 극복했는지도 함께 말씀해 주시면 좋겠습니다","wordCount":24},"emotion":[],"intent":[]},"answer":{"raw":{"text":"사람들과 협업을 하며 가장 어려웠던 점이 있다면 무엇이었나요. 어떻게 극복했는지도 말씀해 주세요 라고 이렇게 질문을 해주셨는데요. 사람들과 협업하며 가장 어려웠던 점은 내 의견과 상대방의 의견이 맞지 않을 때였던 것 같습니다. 왜냐하면 내가 하고 싶은 방향이 있고 상대방이 하고 싶은 방향이 있는데 항상 맞아 떨어질 수 없다고 생각을 해요. 그렇게 되면 의견 충돌이 생기고 이제 그런 점을 어 헤쳐나가야 하기 때문에 굉장히 어려웠던 경험이 있습니다. 그런 상황일 때마다 저는 어떻게 극복을 했냐 라고 말 질문을 해 주신다면 저는 일단 상대방의 말을 먼저 듣습니다. 제 의견이 있지만 저의 의견을 계속 내세우게 된다면 상대방도 자신의 의견을 내세우게 될 것이고 그러면 그 협의점을 찾지 못한다고 생각을 합니다. 왜냐하면 서로의 의견만 내세우고 충돌하게 된다면 싸움으로만 번질 확률이 높기 때문에 저는 일단 저의 의견을 배제하고 상대방의 의견을 듣습니다. 그 후에 상대방의 의견에 대해서 문제점이나 아니면 좋은 점을 뽑고 그 후에 제 의견을 말한 후에 상대방에게 설득시키는 편입니다. 그렇게 하면 굉장히 좋은 결과를 얻을 수 있었던 것 같습니다. 감사합니다.","wordCount":152},"emotion":[],"intent":[{"text":"왜냐하면 서로의 의견만 내세우고 충돌하게 된다면 싸움으로만 번질 확률이 높기 때문에 저는 일단 저의 의견을 배제하고 상대방의 의견을 듣습니다.","expression":"c_confl_mg","category":"personality"},{"text":"그 후에 상대방의 의견에 대해서 문제점이나 아니면 좋은 점을 뽑고 그 후에 제 의견을 말한 후에 상대방에게 설득시키는 편입니다.","expression":"c_confl_mg","category":"personality"}],"summary":{"text":"사람들과 협업하며 가장 어려웠던 점은 제 의견과 상대방의 의견이 맞지 않을 때였던 것 같습니다. 그런 상황일 때마다 저는 상대방의 말을 먼저 듣고 그 후 상대방의 의견에 대해서 문제점이나 좋은 점을 뽑은 후 제 의견을 말해 상대방에게 설득시키는 편입니다. 그렇게 하면 굉장히 좋은 결과를 얻을 수 있었던 것 같았습니다.","wordCount":48}}},"rawDataInfo":{"question":{"fileFormat":"wav","fileSize":521678,"duration":16300,"samplingBit":16,"channelCount":1,"samplingRate":"16kHz","audioPath":"/Mock/06.Design/Male/New/ckmk_q_ard_m_n_174321.wav"},"answer":{"fileFormat":"wav","fileSize":2705998,"duration":84560,"samplingBit":16,"channelCount":1,"samplingRate":"16kHz","audioPath":"/Mock/06.Design/Male/New/ckmk_a_ard_m_n_174321.wav"}}}