{"version":"1.0","dataSet":{"info":{"date":"20230116","occupation":"ARD","channel":"MOCK","place":"ONLINE","gender":"MALE","ageRange":"-34","experience":"NEW"},"question":{"raw":{"text":"어 입사를 준비한 기간이 긴 것 같습니다 어 직장을 선택할 때 가장 중요하게 생각하는 세 가지가 있다면 각각 무엇인지 이유와 함께 자세하게 설명해 주시기 바랍니다","wordCount":25},"emotion":[],"intent":[]},"answer":{"raw":{"text":"제가 직장을 선택할 때 가장 중요하게 생각하는 세 가지는 첫 번째로 같이 일을 하게 될 사람입니다. 어 저와 같이 협업이 잘 맞을수록 최대한의 시너지가 나고 사람이 좋아 제가 다니고 싶은 마음도 계속 생길 것 같습니다. 두 번째로는 근무 환경입니다. 어 디자인적으로 근무 환경이 많은 영감을 받을 수 있는 어 환경들이 많이 있어야 제가 그것들을 보면서 업무에 다양하게 활용할 수 있을 것 같습니다. 세 번째로는 발전 가능성입니다. 저 뿐만 아니라 회사도 마찬가지로 발전 가능성이 있을 때 최대한의 노력을 할 것이라 생각합니다. 그래서 저는 이 세 가지를 저한테 가장 중요하게 생각하는 고려 사항입니다.","wordCount":91},"emotion":[],"intent":[{"text":"","expression":"","category":"attitude"}],"summary":{"text":"저는 직장을 선택할 때 같이 일을 하게 될 사람, 디자인적으로 영감을 받을 수 있는 환경, 회사 발전 가능성이라는 세 가지를 가장 중요하게 생각 합니다.","wordCount":24}}},"rawDataInfo":{"question":{"fileFormat":"wav","fileSize":537038,"duration":16780,"samplingBit":16,"channelCount":1,"samplingRate":"16kHz","audioPath":"/Mock/06.Design/Male/New/ckmk_q_ard_m_n_185026.wav"},"answer":{"fileFormat":"wav","fileSize":2104398,"duration":65760,"samplingBit":16,"channelCount":1,"samplingRate":"16kHz","audioPath":"/Mock/06.Design/Male/New/ckmk_a_ard_m_n_185026.wav"}}}