{"version":"1.0","dataSet":{"info":{"date":"20230116","occupation":"ARD","channel":"MOCK","place":"ONLINE","gender":"MALE","ageRange":"-34","experience":"NEW"},"question":{"raw":{"text":"어 사람은 저마다 어 후회했던 일들이 많은데요 지원자님께서도 태어나서 지금까지 한 일들 가운데 가장 후회했던 일이 무엇인지 말씀해 주시길 바랍니다","wordCount":20},"emotion":[],"intent":[]},"answer":{"raw":{"text":"저는 이때까지 한 일 중에서 가장 후회됐던 것은 제가 운동선수 운동선수였었는데 운동을 빨리 그만두지 않은 것이 굉장히 후회가 됩니다. 왜냐하면은 처음에 제가 운동을 시작한 이유가 남들보다 또래들보다 조금 키가 큰 편이고 그리고 엄청 뚱뚱했습니다. 지금은 몸이 마른 편이지만 그때는 그때 당시에는 정말 고도 비만을 판정받은 적이 있어서 그래서 살 뺄 겸 키 크다고 스카우트가 왔을 겸해서 겸사겸사 운동을 시작했는데 그때만 해도 저는 당연히 프로 선수가 될 수 있을 줄 알았는데 막상 어 그러한 가망이 안 보여서 그만뒀었는데 제가 그때 초등학교 사 학년때 시작했는데 무려 육 개월 만에 살이 이십 키로가 빠졌습니다. 근데 제가 중학교까지 하다가 그만뒀는데 그때 초등학교 때까지만 하고 그만둬서 조금 더 학업에 신경을 쓰고 어 미술 관련해서 조금 더 좋은 역량을 쌓았다면은 좋지 않았을까 라는 생각이 들어서 저는 그때가 가장 후회가 됩니다.","wordCount":124},"emotion":[],"intent":[{"text":"","expression":"","category":"attitude"}],"summary":{"text":"저는 운동선수로서 운동을 빨리 그만둔 것이 후회됩니다. 처음부터 프로 선수가 될 수 있을 줄 알았는데 가망이 안 보여서 그만뒀는데 초등학교 때까지만 하고 그만둬서 조금 더 학업에 신경을 쓰고 어 미술 관련해서 조금 더 좋은 역량을 쌓았다면 좋았을 것이라는 생각이 들어서 가장 후회가 됩니다.","wordCount":43}}},"rawDataInfo":{"question":{"fileFormat":"wav","fileSize":428238,"duration":13380,"samplingBit":16,"channelCount":1,"samplingRate":"16kHz","audioPath":"/Mock/06.Design/Male/New/ckmk_q_ard_m_n_194381.wav"},"answer":{"fileFormat":"wav","fileSize":2813838,"duration":87930,"samplingBit":16,"channelCount":1,"samplingRate":"16kHz","audioPath":"/Mock/06.Design/Male/New/ckmk_a_ard_m_n_194381.wav"}}}