{"version":"1.0","dataSet":{"info":{"date":"20230116","occupation":"ARD","channel":"MOCK","place":"ONLINE","gender":"MALE","ageRange":"-34","experience":"NEW"},"question":{"raw":{"text":"어 지원자님만의 어 스트레스 해소 노하우가 있으신지 궁금합니다 그리고 있으시다면 왜 그런 방법으로 스트레스를 해소하시는지 이유도 함께 말씀해 주시길 바랍니다","wordCount":20},"emotion":[],"intent":[]},"answer":{"raw":{"text":"스트레스를 푸는 방법이라고 한다면 회사에서 하는 방법 집에서 하는 방법 이렇게 두 가지가 있는 것 같습니다. 첫 번째로 회사 내에서 스트레스를 풀고자 할 때는 보통 제가 디자인을 하다가 영감이 떠오르지 않을 때 자극이 부족할 때 사용하는 방법입니다. 저 우선 밖을 나갑니다. 커피숍을 가기도 하고요. 잠깐 뒤에 산책을 하기도 합니다. 자극이 안 자극이 안 온다고 해서 사무실에만 있다면 한정된 공간이기 때문에 자극이 더 이상 올 곳이 없습니다. 우선 나가서 상쾌한 공기도 마시고 사람들 지나 다니는 것도 보고 이 사람은 이런 옷을 입었네 저 사람은 저렇게 스타일링을 했네 이런 굉장히 열린 공간에서 자극을 받으려고 노력을 합니다. 그러다 보면 새로운 디자인을 짜야 된다는 스트레스에서 벗어날 수가 있고요. 집에 와서 스트레스를 풀기 위해서는 저는 주로 명상을 하는 편입니다. 돈이 들지 않는 굉장히 편안한 힐링 방법이죠. 명상을 시작하면 초반 오 분에서 십 분 정도는 스트레스 받았던 상황이 계속 떠오릅니다. 하지만 그 시간이 지나고 나면 무념무상의 구름을 걷고 있는다는 있는 듯한 느낌을 받을 수 있구요. 편안하게 몸이 이완되면서 스트레스가 풀리고는 합니다.","wordCount":155},"emotion":[],"intent":[{"text":"","expression":"","category":"attitude"}],"summary":{"text":"회사 내에서 스트레스를 풀려고 할 때는 영감이 떠오르지 않을 때 사용하는 방법인데, 사무실에만 있다면 한정된 공간이기 때문에 자극이 더 이상 올 곳이 없습니다. 그리고 집에 와서 스트레스를 풀기 위해서는 주로 명상을 하는 편인데, 돈을 들지 않는 굉장히 편안한 힐링 방법이라 할 수 있습니다.","wordCount":43}}},"rawDataInfo":{"question":{"fileFormat":"wav","fileSize":494798,"duration":15460,"samplingBit":16,"channelCount":1,"samplingRate":"16kHz","audioPath":"/Mock/06.Design/Male/New/ckmk_q_ard_m_n_213991.wav"},"answer":{"fileFormat":"wav","fileSize":2856398,"duration":89260,"samplingBit":16,"channelCount":1,"samplingRate":"16kHz","audioPath":"/Mock/06.Design/Male/New/ckmk_a_ard_m_n_213991.wav"}}}