{"version":"1.0","dataSet":{"info":{"date":"20230116","occupation":"ARD","channel":"MOCK","place":"ONLINE","gender":"MALE","ageRange":"35-44","experience":"NEW"},"question":{"raw":{"text":"네 혹시 사내 스터디를 만들어서 공부할 기회를 갖게 되신다면 어떤 것을 공부하고 싶으신가요 그리고 또 왜 그것을 공부하고 싶은지 이유도 함께 말씀해 주시면 좋겠습니다","wordCount":24},"emotion":[],"intent":[]},"answer":{"raw":{"text":"사내 스터디를 만든다고 한다면 저는 당연히 일 번으로 영어에 대한 공부를 하는 모임을 만들 것입니다. 왜냐하면 이유는 너무나 분명합니다. 저희가 하고자 하는 업무 이 분야는 한글로 되어 있지 않습니다. 조금 더 전문성을 갖고 고객들과 만나서 얘기를 한다거나 나의 개발을 위한 여러 가지 툴들을 다룬다거나 아니면 자기 계발을 위한 여러 가지 시스템들을 익히기 위해서는 반드시 영어를 알아야 합니다. 영어를 모르면 그 의미를 정말로 제대로 알 수가 없고 정말로 제대로 알 수가 없다면 익히고 설명하고 어 일을 하는 데 있어서 굉장한 어려움이 따릅니다. 그래서 가장 중요한 거는 내가 하고 있는 것들을 온연히 내 것으로 만들 수 있는 능력이 필요하다고 생각을 합니다. 그래서 반드시 영어 공부를 할 것입니다. 더 나아가서 영어 실력이 느는 것 뿐만 아니라 영어 회화 실력까지 는다면 더욱더 내가 할 수 있는 것의 폭이 굉장히 넓어질 것 같습니다. 그러기 위해서는 반드시 영어 공부가 필요하고 저 혼자만 하는 게 아니라 동료들과 함께 진행을 한다면 더 시너지 효과가 날 것이고 동료들과의 관계도 좋아질 것이고 동료들의 실력도 성장하여 우리 회사에 큰 도움이 될 것이라고 생각을 합니다. 그래서 저는 반드시 영어 동아리를 만들 것입니다.","wordCount":170},"emotion":[],"intent":[{"text":"","expression":"","category":"attitude"}],"summary":{"text":"사내 스터디를 만든다면 반드시 영어에 대한 공부를 하는 모임을 만들 것입니다. 전문성을 갖고 고객들과 만나거나 자기 계발을 위한 시스템들을 익히기 위해서는 반드시 영어를 알아야 합니다. 그래서 제가 하고 있는 것들을 온연히 제 것으로 만들 수 있는 능력이 필요하다고 생각합니다. 영어 실력이 느는 것 뿐만 아니라 영어 회화 실력까지 준다면 더욱 넓어질 것 같습니다.","wordCount":53}}},"rawDataInfo":{"question":{"fileFormat":"wav","fileSize":524878,"duration":16400,"samplingBit":16,"channelCount":1,"samplingRate":"16kHz","audioPath":"/Mock/06.Design/Male/New/ckmk_q_ard_m_n_189205.wav"},"answer":{"fileFormat":"wav","fileSize":2673358,"duration":83540,"samplingBit":16,"channelCount":1,"samplingRate":"16kHz","audioPath":"/Mock/06.Design/Male/New/ckmk_a_ard_m_n_189205.wav"}}}