{"version":"1.0","dataSet":{"info":{"date":"20230116","occupation":"ARD","channel":"MOCK","place":"ONLINE","gender":"MALE","ageRange":"-34","experience":"NEW"},"question":{"raw":{"text":"지원자님께서 우리 회사에 들어오시게 된다면 가장 가고 싶은 부서와 왜 그렇게 생각하셨는지 이유를 함께 말씀해 주세요","wordCount":16},"emotion":[],"intent":[]},"answer":{"raw":{"text":"저는 사내 교육 강사 부서로 희망합니다. 저는 학교 생활 내에서 교내 멘토로 활동하였습니다. 그 밖에도 여가 시간을 활용해 블로그를 운영하면서 취업을 준비하는 학생들이나 학생들에게 카운셀러를 자칭 자청해 왔습니다. 그러면서 어느 순간 지금 하고 있는 업무보다 멘토 활동이나 블로그에서 정보를 얻어가는 애들이 자리를 잡아가는 것에 더욱 보람을 느끼고 있는 저를 보았습니다. 예 시간을 틈틈이 활용하여 어 대학원에 진학해서 전공을 받고 교육감 석사를 취득하였습니다. 그리고 그간 경험을 살며 관련 직종 종사자들을 위한 경력 개발 강한 연구를 주제로 논문을 썼습니다. 이러한 저의 역량과 업무에 대한 비전을 살려 교육 강사로서 더 많은 사람들에게 꿈을 위한 디딤돌이 되고 싶어서 어 해당 부서에 지원을 하고 싶습니다.","wordCount":100},"emotion":[{"text":"그러면서 어느 순간 지금 하고 있는 업무보다 멘토 활동이나 블로그에서 정보를 얻어가는 애들이 자리를 잡아가는 것에 더욱 보람을 느끼고 있는 저를 보았습니다.","expression":"p-achievement","category":"positive"}],"intent":[{"text":"","expression":"","category":"attitude"}],"summary":{"text":"저는 교내 멘토로 활동하였고 여가 시간을 활용해 블로그를 운영하면서 카운셀러를 자청해 왔습니다. 대학원에 진학해서 전공을 받고 교육감 석사를 취득하였고 그간 경험을 살며 관련 직종 종사자들을 위한 경력 개발을 주제로 논문을 썼습니다.","wordCount":31}}},"rawDataInfo":{"question":{"fileFormat":"wav","fileSize":419918,"duration":13120,"samplingBit":16,"channelCount":1,"samplingRate":"16kHz","audioPath":"/Mock/06.Design/Male/New/ckmk_q_ard_m_n_185167.wav"},"answer":{"fileFormat":"wav","fileSize":2336078,"duration":73000,"samplingBit":16,"channelCount":1,"samplingRate":"16kHz","audioPath":"/Mock/06.Design/Male/New/ckmk_a_ard_m_n_185167.wav"}}}