{"version":"1.0","dataSet":{"info":{"date":"20230116","occupation":"ARD","channel":"MOCK","place":"ONLINE","gender":"MALE","ageRange":"-34","experience":"NEW"},"question":{"raw":{"text":"일을 하시게 되면 중국으로 출장을 갈 일이 조금 생길 수도 있을 것 같은데요 어 지원자님께서는 중국으로 출장에 가셔서 일을 하시는 것도 괜찮으실까요 말씀해 주시기 바랍니다","wordCount":25},"emotion":[],"intent":[]},"answer":{"raw":{"text":"네 디자이너에게 있어서 충분한 해외 주제의 경험은 필수라고 생각이 듭니다. 각 나라마다 추구하는 예술성이 다 예술성이 다르고 또 각 나라마다 보유하고 있는 고유의 시각도 다 다르기에 해외 견문을 최대한 넓히는 것이 가장 중요하다고 저는 생각이 들기 때문입니다. 중국 같은 경우는 이제 현재 발전하고 있는 신흥 강국으로서 예술성에 대한 그러한 수요도 상당히 높아지고 있는 것이 사실입니다. 따라서 중국에서 다양한 경험을 통해서 저의 예술적 역량을 증진시키고 또 저희 디자이너로 디자이너로서의 역량을 증진시키는 기회가 될 것이라고 생각이 들기에 중국 쪽으로 파견을 나가서 일을 하는 것도 괜찮다고 생각이 됩니다. 또한 새로운 해외 클라이인터들을 만날 수 있고 또 그 사람들을 앞으로 추후에 저희 회사 고객들을 끌어들일 수도 있기에 상당히 좋은 기회라고 생각이 듭니다. 이상입니다. 감사합니다.","wordCount":110},"emotion":[],"intent":[{"text":"","expression":"","category":"attitude"}],"summary":{"text":"디자이너에게 있어 해외 주제의 경험은 필수입니다. 각 나라마다 추구하는 예술성이 다르기 때문입니다. 특히 중국은 신흥 강국으로서 예술성에 대한 수요도 높아지고 있습니다. 따라서 중국에서 다양한 경험을 통해서 예술적 역량을 증진시키고 디자이너로서의 역량도 증진시킬 수 있을 것입니다.","wordCount":35}}},"rawDataInfo":{"question":{"fileFormat":"wav","fileSize":528398,"duration":16510,"samplingBit":16,"channelCount":1,"samplingRate":"16kHz","audioPath":"/Mock/06.Design/Male/New/ckmk_q_ard_m_n_185334.wav"},"answer":{"fileFormat":"wav","fileSize":2157518,"duration":67420,"samplingBit":16,"channelCount":1,"samplingRate":"16kHz","audioPath":"/Mock/06.Design/Male/New/ckmk_a_ard_m_n_185334.wav"}}}