{"version":"1.0","dataSet":{"info":{"date":"20230116","occupation":"ARD","channel":"MOCK","place":"ONLINE","gender":"MALE","ageRange":"-34","experience":"NEW"},"question":{"raw":{"text":"지원자분께서는 지금까지 디자이너로서의 경력이 많다고 들었습니다 그럼 디자이너로서 앞으로의 목표에 관해 설명해 주시겠습니까","wordCount":13},"emotion":[],"intent":[]},"answer":{"raw":{"text":"제가 디자인이너로서 여러 경력을 쌓고 난 후가 된다면 저는 저만의 브랜드를 하나 런칭하고 싶습니다. 브랜드도 각각의 특색이 있을 텐데 저 같은 경우에는 환경 친화적인 디자인을 갖고 있는 브랜드를 런칭하고 싶습니다. 일종의 애플을 보자면 애플의 경우 굉장히 디자인이 현대적입니다. 박스를 하나 사서 언 박싱을 할 때마저도 굉장히 모양이 기이하고 편리하게 돼 있습니다. 모양이 기이하게 돼 있지만 편리하게 되어있는 디자인 하나의 애플의 특징이라고 볼 수 있겠죠. 저 같은 경우에도 환경 친화적인 그런 디자인을 런칭할 것입니다. 예를 들어 박스를 언 박싱 할 때 저희 상품을 인터넷에서 구매를 해서 박스를 받아보게 되신다면 저희 박스는 분리수거를 하지 않으셔도 됩니다. 종량제에 넣어도 알아서 썩는 박스인 것이죠. 이런 것처럼 이용을 함에 있어 가지고 환경 친화적인 자연의 것으로 돌아갈 수 있는 그런 디자인을 만드는 브랜드를 런칭하고 싶습니다.","wordCount":119},"emotion":[],"intent":[{"text":"제가 디자인이너로서 여러 경력을 쌓고 난 후가 된다면 저는 저만의 브랜드를 하나 런칭하고 싶습니다.","expression":"c_imp","category":"personality"},{"text":"브랜드도 각각의 특색이 있을 텐데 저 같은 경우에는 환경 친화적인 디자인을 갖고 있는   브랜드를 런칭하고 싶습니다.","expression":"c_imp","category":"personality"},{"text":"모양이 기이하게 돼 있지만 편리하게 되어있는 디자인   하나의 애플의 특징이라고 볼 수 있겠죠.","expression":"d_trendy","category":"technology"},{"text":"저 같은 경우에도 환경 친화적인   그런 디자인을 런칭할 것입니다.","expression":"c_imp","category":"personality"},{"text":"예를 들어 박스를 언 박싱 할 때 저희 상품을   인터넷에서 구매를 해서 박스를 받아보게 되신다면 저희 박스는 분리수거를 하지 않으셔도 됩니다.","expression":"d_creative","category":"attitude"},{"text":"이런 것처럼 이용을 함에 있어 가지고 환경 친화적인 자연의 것으로 돌아갈 수 있는 그런 디자인을 만드는   브랜드를 런칭하고 싶습니다.","expression":"c_imp","category":"personality"}],"summary":{"text":"저만의 브랜드를 하나 런칭하고 싶습니다. 일종의 애플을 보자면 애플은 굉장히 디자인이 현대적입니다. 박스를 언 박싱을 할 때마저도 편리하게 되어있는 디자인 하나의 애플의 특징이라고 볼 수 있습니다. 저 역시 환경 친화적인 그런 디자인을 만들겠습니다.","wordCount":33}}},"rawDataInfo":{"question":{"fileFormat":"wav","fileSize":437198,"duration":13660,"samplingBit":16,"channelCount":1,"samplingRate":"16kHz","audioPath":"/Mock/06.Design/Male/New/ckmk_q_ard_m_n_169795.wav"},"answer":{"fileFormat":"wav","fileSize":2721998,"duration":85060,"samplingBit":16,"channelCount":1,"samplingRate":"16kHz","audioPath":"/Mock/06.Design/Male/New/ckmk_a_ard_m_n_169795.wav"}}}