{"version":"1.0","dataSet":{"info":{"date":"20230116","occupation":"ARD","channel":"MOCK","place":"ONLINE","gender":"MALE","ageRange":"-34","experience":"NEW"},"question":{"raw":{"text":"과거에 난관에 봉착하였을 때 이를 해결하기 위해 어떠한 아이디어를 제시했고 이를 어떻게 구현하셨는지 과정에 대해 상세히 설명 부탁드립니다","wordCount":18},"emotion":[],"intent":[]},"answer":{"raw":{"text":"저는 이전 직장에서 사회적 기업과 일을 해 본 경험이 있습니다. 신체적인 문제가 있는 사람들을 위한 제품을 만드는 일이었는데 이 프로젝트를 위해 리서치 단계에서만 삼 개월을 진행했고 이 리서치를 통해 사회에서 다수가 아닌 소수로 살아가는 일이 얼마나 힘들고 이들을 위한 제품이나 서비스가 절대적으로 부족하다는 생각이 들었습니다. 이때 소수를 위한 제품은 상품성이 없다는 피드백을 받으며 프로젝트를 접어야 할 것 같다는 위기 위기도 있었지만 저희는 팀원들과의 노력 끝에 문제를 보완한 여러 아이디어들을 많이 내왔고 이를 통해 좋은 제품을 만들어냈습니다. 그리고 세계적인 디자인상을 받고 여러 언론에도 소개되는 주목할 만한 성과를 내게 되었습니다.","wordCount":88},"emotion":[],"intent":[{"text":"신체적인 문제가 있는 사람들을 위한 제품을 만드는 일이었는데 이 프로젝트를 위해 리서치 단계에서만 삼 개월을 진행했고 이 리서치를 통해 사회에서 다수가 아닌 소수로 살아가는 일이 얼마나 힘들고 이들을 위한 제품이나 서비스가 절대적으로 부족하다는 생각이 들었습니다.","expression":"c_private","category":"background"},{"text":"이때 소수를 위한 제품은 상품성이 없다는 피드백을 받으며 프로젝트를 접어야 할 것 같다는 위기 위기도 있었지만 저희는 팀원들과의 노력 끝에 문제를 보완한 여러 아이디어들을 많이 내왔고 이를 통해 좋은 제품을 만들어냈습니다.","expression":"d_brand_pref","category":"technology"}],"summary":{"text":"사회적 기업과 일을 해 본 경험이 있는데, 신체적인 문제가 있는 사람들을 위한 제품을 만드는 일이었습니다. 리서치 단계에서만 삼 개월을 진행했고 이들을 위한 제품이나 서비스가 부족하다는 생각이 들었습니다. 팀원들과의 노력 끝에 좋은 제품을 만들어냈습니다.","wordCount":33}}},"rawDataInfo":{"question":{"fileFormat":"wav","fileSize":372238,"duration":11630,"samplingBit":16,"channelCount":1,"samplingRate":"16kHz","audioPath":"/Mock/06.Design/Male/New/ckmk_q_ard_m_n_179509.wav"},"answer":{"fileFormat":"wav","fileSize":2230478,"duration":69700,"samplingBit":16,"channelCount":1,"samplingRate":"16kHz","audioPath":"/Mock/06.Design/Male/New/ckmk_a_ard_m_n_179509.wav"}}}