{"version":"1.0","dataSet":{"info":{"date":"20230116","occupation":"ARD","channel":"MOCK","place":"ONLINE","gender":"MALE","ageRange":"-34","experience":"NEW"},"question":{"raw":{"text":"일을 하다 보면 다른 지역에서 업무를 하게 될 때도 있는데요 지원자님은 타 지역 근무에 대해서도 문제없이 임할 수 있으신가요","wordCount":19},"emotion":[],"intent":[]},"answer":{"raw":{"text":"업무를 수행함에 있어서 타 지역에 가서 업무를 수행하게 된다면 충분히 할 수 있을 것 같습니다. 이 문제에 대해서는 앞선 바 고려 해 본 적도 있고 그리고 다른 지역에서 생활할 때 그 편함을 크게 느끼지 못할 것 같아서 타 지 역에서도 문제 없이 업무를 수행할 수 있을 것 같습니다. 물론 업무를 수행할 때 지금 제가 살고 있는 지역에서 업무를 수행하면 좋겠지만 만약에 그러한 여건이 가져지지 않을 경우 다른 지역에서도 업무를 수행하게 될 텐데 저는 오히려 그런 경험이 저에게 더 긍정적인 측면이라고 생각합니다. 그 이유는 제가 줄곧 살던 곳에서 벗어나 다른 지역에서 삶으로써 그 지역에 또 다른 문화 더 다양한 사람들을 만나며 제 인생에 있어서 새로운 경험을 할 수 있다고 생각하기 때문입니다. 그 경험을 통해 저는 더 성장할 것이고 그렇기 때문에 저는 타 지역 근무도 문제없이 수행할 수 있다고 생각합니다.","wordCount":128},"emotion":[],"intent":[{"text":"","expression":"","category":"attitude"}],"summary":{"text":"업무 수행에 있어서 타 지역에 가서 업무를 수행하게 된다면 충분히 할 수 있을 것 같습니다. 그 지역에 또 다른 문화 더 다양한 사람들을 만나며 새로운 경험을 할 수 있다고 생각하기 때문입니다. 그 경험을 통해 저는 더 성장할 것이고 그렇기 때문에 저는 타 지역 근무도 문제없이 수행할 수 있는다고 생각합니다.","wordCount":49}}},"rawDataInfo":{"question":{"fileFormat":"wav","fileSize":520078,"duration":16250,"samplingBit":16,"channelCount":1,"samplingRate":"16kHz","audioPath":"/Mock/06.Design/Male/New/ckmk_q_ard_m_n_227983.wav"},"answer":{"fileFormat":"wav","fileSize":2825678,"duration":88300,"samplingBit":16,"channelCount":1,"samplingRate":"16kHz","audioPath":"/Mock/06.Design/Male/New/ckmk_a_ard_m_n_227983.wav"}}}