{"version":"1.0","dataSet":{"info":{"date":"20230116","occupation":"ARD","channel":"MOCK","place":"ONLINE","gender":"MALE","ageRange":"-34","experience":"NEW"},"question":{"raw":{"text":"만약 상사가 업무와 무관한 일을 시킨다면 지원자님은 어떻게 하실 건가요 잘 수행하실 수 있는지 혹은 수행하지 않으실 건지 말씀해 주세요","wordCount":20},"emotion":[],"intent":[]},"answer":{"raw":{"text":"만약에 해당 업무가 객관적으로 회사의 업무 규정이나 사회적 윤리에서 벗어나지 않는다면 저는 지시에 따라야 한다고 생각합니다. 제가 미처 생각하지 못한 이유가 있을 수도 있기 때문입니다. 하지만 동일한 일이 반복된다면 충분히 수행한 후에 조심스럽게 다른 방법을 제시해 보겠습니다. 그럼에도 변화할 수 없는 것이라면 상사께서도 부수적인 설명이 있으시거나 별도의 지시가 있으실 것이라 생각합니다. 하지만 회사의 업무 규정이나 윤리상 어긋나는 일이라면 저는 그대로 따르지 않고 회사의 입장에서 문제가 될 수 있는 일임을 말씀 드리겠습니다.","wordCount":71},"emotion":[],"intent":[{"text":"","expression":"","category":"attitude"}],"summary":{"text":"저는 해당 업무가 객관적으로 회사의 업무 규정이나 사회적 윤리에서 벗어나지 않는다면 지시에 따라야 한다고 생각합니다. 만약 동일한 일이 반복된다면 충분히 수행한 후에 다른 방법을 제시해 보겠습니다.","wordCount":26}}},"rawDataInfo":{"question":{"fileFormat":"wav","fileSize":607438,"duration":18980,"samplingBit":16,"channelCount":1,"samplingRate":"16kHz","audioPath":"/Mock/06.Design/Male/New/ckmk_q_ard_m_n_179506.wav"},"answer":{"fileFormat":"wav","fileSize":1856718,"duration":58020,"samplingBit":16,"channelCount":1,"samplingRate":"16kHz","audioPath":"/Mock/06.Design/Male/New/ckmk_a_ard_m_n_179506.wav"}}}