{"version":"1.0","dataSet":{"info":{"date":"20230116","occupation":"ARD","channel":"MOCK","place":"ONLINE","gender":"MALE","ageRange":"-34","experience":"NEW"},"question":{"raw":{"text":"지금까지 지원자님 이 지원자님이 협업을 하시면서 가장 어려웠던 부분과 그 어려움을 어떻게 해결하셨는지 과정을 한 번 설명해 주실 수 있으실까요","wordCount":20},"emotion":[],"intent":[]},"answer":{"raw":{"text":"어 협업을 하면서 어려운 거요. 어 시간이요 시간. 시간 지키기. 네 이게 다양한 분야가 만나면 이제 그거를 관리하고 정리해서 정리하는 또 담당이 타임 테이블 같은 걸 만들잖아요. 그러면 이게 다양한 분야의 사람들이 동일한 목적을 위해 목표를 위해 하는 거기 때문에 어 각자의 부분을 집중을 하면서 또 우리가 약속한 그 계획 그 시간을 지켜줘야 되는 것들이 있는데 항상 그게 항상 부족해요. 아무리 그거를 짤 때 그 이걸 알려 달라고 할 때 넉넉 잡아서 조금 얘기하려고 해도 네 항상 타이트해요. 뭐 그래서 그 그 막바지까지 치달아서 막 예민해지고 정신없을 때 근데 그 시간이 모자를 때 그래서 또 어쨌든 자연스럽게 비켜줘야 되거나 뭔가 이렇게 물러서야 될 때 어려워요. 해결하는 게 아니라 그냥 무조건 이렇게 비키고 다시 저희 거에 어떻게 해서 좀 옆에서 하죠. 네.","wordCount":121},"emotion":[],"intent":[{"text":"","expression":"","category":"attitude"}],"summary":{"text":"협업 하면서 어려운 거는 시간 지키기입니다. 협업을 할 때 다양한 분야가 만날 경우 관리, 정리하는 담당이 타임 테이블을 만듭니다. 그래서 각자의 부분에 집중을 하면서 우리가 약속한 시간을 지켜줘야 하는데 항상 부족합니다.","wordCount":31}}},"rawDataInfo":{"question":{"fileFormat":"wav","fileSize":639438,"duration":19980,"samplingBit":16,"channelCount":1,"samplingRate":"16kHz","audioPath":"/Mock/06.Design/Male/New/ckmk_q_ard_m_n_189120.wav"},"answer":{"fileFormat":"wav","fileSize":2918798,"duration":91210,"samplingBit":16,"channelCount":1,"samplingRate":"16kHz","audioPath":"/Mock/06.Design/Male/New/ckmk_a_ard_m_n_189120.wav"}}}