{"version":"1.0","dataSet":{"info":{"date":"20230116","occupation":"ARD","channel":"MOCK","place":"ONLINE","gender":"MALE","ageRange":"-34","experience":"NEW"},"question":{"raw":{"text":"여러분 아이 패드 맥북 에어 팟 지플릿 등과 같이 시장에서 관심받는 제품들의 특징이 각각 무엇인지 알고 계시다면 설명해 주세요","wordCount":19},"emotion":[],"intent":[]},"answer":{"raw":{"text":"아이패드 맥북 그리고 에어팟 제트플립 등과 같이 시장에서 관심을 받는 제품의 특징으로는 첫 번째로는 디자인이라고 생각합니다. 요즘과 같이 기발하고 획기적인 디자인이 나오지 않는 이상 외형의 형태적인 디자인보다는 컬러 디자인을 더 보고 관심을 가지는 구매자들이 대부분이라고 생각합니다. 요즘 관심을 받고 있는 제품들의 공통점으로 제품의 색상에 대한 디자인의 제품을 선호하는 데 큰 이유가 되고 있다고 생각합니다. 두 번째로는 광고나 마케팅적인 면에서 티비에서 제품을 사용하는 연예인들을 비춰 줌으로써 보여지는 효과도 한몫 하는 것으로 추측됩니다. 마지막으로는 개성을 중요하게 생각하는 현대 사회에서 폰꾸라는 단어처럼 휴대폰을 꾸미다 라는 신조어까지 나온 만큼 요즘은 본인의 개성에 맞게 핸드폰이나 에어팟 등 케이스나 키링을 꾸밈으로써 본인에 개성을 표출하고 만족하는 경향이 있기 때 있기 때문이라고 생각합니다.","wordCount":105},"emotion":[],"intent":[{"text":"","expression":"","category":"attitude"}],"summary":{"text":"시장에서 관심을 받는 제품의 특징으로는 컬러 디자인을 더 보고 관심을 가지는 구매자들이 대부분이라고 생각합니다. 요즘 관심을 받고 있는 제품들의 공통점은 제품의 색상에 대한 디자인의 제품을 선호하는 데 큰 이유가 되고 있다고 생각합니다.","wordCount":32}}},"rawDataInfo":{"question":{"fileFormat":"wav","fileSize":433998,"duration":13560,"samplingBit":16,"channelCount":1,"samplingRate":"16kHz","audioPath":"/Mock/06.Design/Male/New/ckmk_q_ard_m_n_177863.wav"},"answer":{"fileFormat":"wav","fileSize":2864078,"duration":89500,"samplingBit":16,"channelCount":1,"samplingRate":"16kHz","audioPath":"/Mock/06.Design/Male/New/ckmk_a_ard_m_n_177863.wav"}}}