{"version":"1.0","dataSet":{"info":{"date":"20230116","occupation":"ARD","channel":"MOCK","place":"ONLINE","gender":"MALE","ageRange":"-34","experience":"NEW"},"question":{"raw":{"text":"지원자님께서 그동안 인생에서 겪었던 갈등들 중에서 가장 심각했던 갈등은 무엇인가요 한 가지만 골라서 구체적인 상황과 함께 어떻게 갈등을 해결했는지 말씀해 주시기 바랍니다","wordCount":22},"emotion":[],"intent":[]},"answer":{"raw":{"text":"저는 군 생활을 할 시절에 업무적인 문제로 선임과의 갈등이 있었습니다. 그로 인해서 선임과 사이도 좋지 못했고 권위적이고 강압적인 선임이었기에 어쩔 수 없이 그 입장에 따라야 했습니다. 그래서 스트레스도 많이 받았던 기억이 있었습니다. 갈등에 해결은 선임이 먼저 제대를 한 후 해소되었으며 제가 했던 고민들을 토대로 후임들과 소통을 하려 하며 지내려 노력했던 기억이 있습니다.","wordCount":52},"emotion":[],"intent":[{"text":"","expression":"","category":"attitude"}],"summary":{"text":"군 생활 시절 업무적 문제로 선임과 갈등이 있었습니다. 선임이 먼저 제대를 한 후 갈등에 해결이 되었으며 제가 했던 고민들을 토대로 후임들과 소통을 하려 노력했던 기억이 있습니다.","wordCount":26}}},"rawDataInfo":{"question":{"fileFormat":"wav","fileSize":606158,"duration":18940,"samplingBit":16,"channelCount":1,"samplingRate":"16kHz","audioPath":"/Mock/06.Design/Male/New/ckmk_q_ard_m_n_177784.wav"},"answer":{"fileFormat":"wav","fileSize":1459278,"duration":45600,"samplingBit":16,"channelCount":1,"samplingRate":"16kHz","audioPath":"/Mock/06.Design/Male/New/ckmk_a_ard_m_n_177784.wav"}}}