{"version":"1.0","dataSet":{"info":{"date":"20230116","occupation":"ARD","channel":"MOCK","place":"ONLINE","gender":"MALE","ageRange":"-34","experience":"NEW"},"question":{"raw":{"text":"지원자님께서 스트레스를 받으시면 어떻게 하시는지 또 왜 그러한 방법으로 스트레스를 해소하시는지 구체적으로 말씀해 주실 수 있으신가요","wordCount":16},"emotion":[],"intent":[]},"answer":{"raw":{"text":"어 저는 스트레스를 받게 된다면 그 스트레스를 해소하기 위해서 주로 사용하는 방법은 두 가지가 있는 것 같습니다. 우선 첫 번째로는 제가 운동하는 것을 좋아하기 때문에 친구들과 함께 운동을 하면서 스트레스를 해소하고 있습니다. 어 주중에 뭐 업무나 아니면 뭐 취업 준비 공부 등을 하면서 좀 스트레스를 많이 받을 수밖에 없는 환경에 처해 있는데 어 주말에 이제 친구들과 함께 어 날을 잡아서 다 같이 운동을 하고 이제 밥과 술자리까지 함께 하고 나면은 좀 스트레스가 많이 해소되는 느낌을 받고 있습니다. 아무래도 뭐 혼자 이제 주중에 업무를 진행할 때나 좀 뭐 혼자 있을 시간이 좀 많기 때문에 이제 사람들과 내 그리고 내가 친한 사람들과 교류를 할 시간이 좀 적어지는 그러한 측면이 있었는데 운동을 하면서 그러한 것들을 잘 해소하고 있는 것 같습니다. 그리고 이제 뭐 동영상 콘텐츠 등을 시청하는 것도 하나의 스트레스 해소법인데요. 어 내가 평소에 관심 있어 하고 보고 싶었던 동영상들을 시청하면서 좀 혼자만의 여유로운 시간을 갖는 것도 하나의 좋은 스트레스 해소 방법입니다.","wordCount":149},"emotion":[],"intent":[{"text":"","expression":"","category":"attitude"}],"summary":{"text":"스트레스 해소를 위해 주로 사용하는 방법은 친구와 함께 운동을 하면서 스트레스를 해소하는 것과 동영상 콘텐츠 등을 시청하면서 혼자 여유로운 시간을 갖는 것이 있습니다.","wordCount":23}}},"rawDataInfo":{"question":{"fileFormat":"wav","fileSize":508878,"duration":15900,"samplingBit":16,"channelCount":1,"samplingRate":"16kHz","audioPath":"/Mock/06.Design/Male/New/ckmk_q_ard_m_n_219816.wav"},"answer":{"fileFormat":"wav","fileSize":2717518,"duration":84920,"samplingBit":16,"channelCount":1,"samplingRate":"16kHz","audioPath":"/Mock/06.Design/Male/New/ckmk_a_ard_m_n_219816.wav"}}}