{"version":"1.0","dataSet":{"info":{"date":"20230116","occupation":"ARD","channel":"MOCK","place":"ONLINE","gender":"MALE","ageRange":"-34","experience":"NEW"},"question":{"raw":{"text":"지원자님께서는 일을 할 때 창의성과 팀워크 중 무엇을 더 중요하게 생각을 하십니까 근거를 들어서 함께 설명해 주시기 바랍니다","wordCount":18},"emotion":[],"intent":[]},"answer":{"raw":{"text":"창의성과 팀워크 중에서는 팀워크가 훨씬 더 중요하다고 생각을 합니다. 아무리 좋은 아이디어와 아무리 뛰어난 영감을 가지고 있다고 하더라도 그것을 실현시켜 주는 것은 팀입니다. 팀이 없다면 아무리 좋은 아이디어라도 실현이 될 수가 없습니다. 팀을 통해서 팀을 통해서 그 아이디어를 사람들과 접촉할 수 있게 해주고 팀이어야 그 아이디어를 더 성숙한 아이디어로 만들어 줄 수 있다고 생각을 합니다. 팀워크를 무시하고 창의성에만 집착을 한다고 하면은 그것은 그저 순수 예술이나 하는 것에 불과합니다. 순수 예술을 비하하는 것은 아니지만 사람들과 살고 있다는 것은 여러 아이디어와 의견과 감정이 공유가 되어야 되는 것이기 때문입니다 입니다. 그렇기 때문에 팀워크가 중요하다고 생각을 합니다.","wordCount":93},"emotion":[{"text":"창의성과 팀워크 중에서는 팀워크가 훨씬 더 중요하다고 생각을 합니다.","expression":"u-belief","category":"neutral"},{"text":"팀이 없다면   아무리 좋은 아이디어라도 실현이 될 수가 없습니다.","expression":"u-belief","category":"neutral"}],"intent":[{"text":"창의성과 팀워크 중에서는 팀워크가 훨씬 더 중요하다고 생각을 합니다.","expression":"c_value","category":"background"},{"text":"팀이 없다면   아무리 좋은 아이디어라도 실현이 될 수가 없습니다.","expression":"c_cop","category":"personality"},{"text":"팀을 통해서   팀을 통해서 그 아이디어를 사람들과 접촉할 수 있게 해주고   팀이어야 그 아이디어를 더 성숙한 아이디어로 만들어 줄 수 있다고 생각을 합니다.","expression":"c_cop","category":"personality"}],"summary":{"text":"창의성과 팀워크 중 팀워크가 중요합니다. 좋은 아이디어와 영감이 있더라도 그것을 실현시켜 주는 것은 팀이며, 팀을 통해서 그 아이디어를 사람들과 접촉할 수 있게 해주고 팀이어야 그 아이디어를 더 성숙한 아이디어로 만들어 줄 수 있다고 생각합니다.","wordCount":34}}},"rawDataInfo":{"question":{"fileFormat":"wav","fileSize":475598,"duration":14860,"samplingBit":16,"channelCount":1,"samplingRate":"16kHz","audioPath":"/Mock/06.Design/Male/New/ckmk_q_ard_m_n_186125.wav"},"answer":{"fileFormat":"wav","fileSize":2671438,"duration":83480,"samplingBit":16,"channelCount":1,"samplingRate":"16kHz","audioPath":"/Mock/06.Design/Male/New/ckmk_a_ard_m_n_186125.wav"}}}