{"version":"1.0","dataSet":{"info":{"date":"20230116","occupation":"ARD","channel":"MOCK","place":"ONLINE","gender":"MALE","ageRange":"-34","experience":"NEW"},"question":{"raw":{"text":"작업을 할 때 지원자는 주로 영감을 어디에서 받고 있습니까","wordCount":9},"emotion":[],"intent":[]},"answer":{"raw":{"text":"어 저는 디자인 쪽 일을 할 때 주로 쫌 혼자서 많이 몰두하고 이제 나만의 패턴을 만들어내기 위해서 쫌 많은 노력을 하는 편이었습니다. 물론 이 디자인 세계에서 나만의 독창적인 디자인 패턴을 가지고 있다는 것은 하나의 큰 장점일 수 있겠습니다. 어 하지만 이 회사에서 업무를 진행함에 있어서 쫌 나만의 패턴이 너무 고착화되는 것은 쫌 다양한 작품을 소화해 내기에 그렇게 어 좋지만은 않은 점이라고 생각을 하였고 쫌 나의 안목을 넓히고 디자인 패턴을 조금 더 다양화시키기 위해서 어 좀 노력을 하여야겠다는 생각을 하게 되었습니다. 어 따라서 이러한 점을 해소하기 위해서 좀 저와 비슷한 디자인 전공자들을 모아서 이제 디자인 스터디를 진행하게 되었습니다. 어 어떠한 작품 주제에 대해서 여러 가지 이야기를 다 같이 나누고 한 주제를 선정해서 쫌 다양한 디자인 패턴들을 서로 만들어보는 시간을 가지다 보니 이제 좀 다른 즉 그런 다른 스터디원들의 디자인 패턴에서 쫌 영감을 받아서 최근에 작업을 많이 진행을 하게 되었고 쫌 좋은 성과를 거두었다고 생각하고 있습니다.","wordCount":144},"emotion":[],"intent":[{"text":"물론 이 디자인 세계에서 나만의 독창적인 디자인 패턴을 가지고 있다는 것은 하나의 큰 장점일 수 있겠습니다.","expression":"d_dgn_proc","category":"technology"}],"summary":{"text":"저는 디자인 분야에서 일을 할 때 독창적인 디자인 패턴을 가지고 있는 것이 장점이지만, 고착화된 패턴은 다양한 작품을 소화해 내기에 좋지 않다고 생각하였습니다. 그래서 저와 비슷한 디자인 전공자들을 모아 디자인 스터디를 진행하게 되었는데, 이 과정에서 다른 스터드원들의 디자인 패턴에서 영감을 받아서 최근에 작업을 많이 진행하였습니다.","wordCount":44}}},"rawDataInfo":{"question":{"fileFormat":"wav","fileSize":243278,"duration":7600,"samplingBit":16,"channelCount":1,"samplingRate":"16kHz","audioPath":"/Mock/06.Design/Male/New/ckmk_q_ard_m_n_227311.wav"},"answer":{"fileFormat":"wav","fileSize":2506318,"duration":78320,"samplingBit":16,"channelCount":1,"samplingRate":"16kHz","audioPath":"/Mock/06.Design/Male/New/ckmk_a_ard_m_n_227311.wav"}}}