{"version":"1.0","dataSet":{"info":{"date":"20230116","occupation":"ARD","channel":"MOCK","place":"ONLINE","gender":"MALE","ageRange":"-34","experience":"NEW"},"question":{"raw":{"text":"우리 회사에 들어오시게 된다면 가장 가고 싶은 부서는 어떤 부서인지 또 왜 그 부서에 가고 싶은지 이유를 함께 말씀해 주시면 좋겠습니다","wordCount":21},"emotion":[],"intent":[]},"answer":{"raw":{"text":"저는 시각 디자인 부서로 가고 싶습니다. 고객은 제품과 더불어 직간접적인 브랜드 경험을 통해서 적립된 브랜드의 이미지를 같이 소개하는데 브랜드의 아이덴티티 가치 그리고 스토리를 시각적으로 풀어내 브랜드 경험을 제공하는 주체가 바로 제가 추구하는 디자이너라고 생각합니다. 따라서 디자인 직무자는 브랜드 제품을 능숙하게 시각화할 수 있고 고객의 눈길과 손길을 이끄는 디자인을 할 수가 있어야 합니다. 저는 일찍이 브랜드와 패키지 디자인으로 진로를 정해서 많은 과제와 프로젝트를 통해서 감각을 익혀 왔습니다. 따라서 디자인 직무는 제가 가장 잘 할 수 있는 분야입니다. 이제 조직 속에서 디자이너는 많은 부서가 함께하는 큰 프로젝트 안에서 디자인을 담당을 하는데 따라서 전체 업무 프로세스에 대한 이해와 원만한 대인관계는 좋은 성과에 있어서 가장 중요하고 어쨌든 저는 어렸을 때부터 이런 디자인에 대해서 관심이 많았고 그리고 브랜드 가치를 실현시킬 수 있는 그러한 부서가 바로 시각 디자인 부서라고 생각이 되기 때문에 저는 그러한 가치 실현에 있어서 해당 부서에 가장 가고 싶다고 말씀드리겠습니다.","wordCount":137},"emotion":[],"intent":[{"text":"따라서 디자인 직무자는 브랜드 제품을 능숙하게 시각화할 수 있고 고객의 눈길과 손길을 이끄는 디자인을 할 수가 있어야 합니다.","expression":"c_value","category":"background"}],"summary":{"text":"디자인 직무자는 브랜드 제품을 능숙하게 시각화할 수 있고 고객의 눈길과 손길을 이끄는 디자인을 할 수가 있어야 합니다. 저는 브랜드와 패키지 디자인으로 진로를 정해서 많은 과제와 프로젝트를 통해서 감각을 익혔기 때문에 디자인 직무는 제가 가장 잘 할 수 있는 분야입니다.","wordCount":39}}},"rawDataInfo":{"question":{"fileFormat":"wav","fileSize":438478,"duration":13700,"samplingBit":16,"channelCount":1,"samplingRate":"16kHz","audioPath":"/Mock/06.Design/Male/New/ckmk_q_ard_m_n_188764.wav"},"answer":{"fileFormat":"wav","fileSize":2851598,"duration":89110,"samplingBit":16,"channelCount":1,"samplingRate":"16kHz","audioPath":"/Mock/06.Design/Male/New/ckmk_a_ard_m_n_188764.wav"}}}