{"version":"1.0","dataSet":{"info":{"date":"20230116","occupation":"ARD","channel":"MOCK","place":"ONLINE","gender":"MALE","ageRange":"-34","experience":"NEW"},"question":{"raw":{"text":"지원자님께서 생각하시는 창의성과 팀워크 중 더 중요한 것은 무엇이라고 생각하십니까 그 근거도 함께 들어서 말씀해 주세요","wordCount":16},"emotion":[],"intent":[]},"answer":{"raw":{"text":"저는 창의성과 팀워크 중에서 팀워크가 더욱 중요하다고 생각합니다. 협업은 서로 간의 배려와 협동이 있어야 좋은 결과를 이끌어 낼 수 있습니다. 창의성만 존재한다면 의견 조율이 쉽게 잘 되지 않을 것이고 그렇기 때문에 결과도 좋지 않은 걸로 예상이 됩니다. 하지만 팀워크가 존재한다면 시너지를 일으켜서 창의성은 저절로 따라오는 것이라고 생각하기 때문에 저는 창의성보다는 팀워크가 더욱 중요한 요소라고 생각하고 있습니다.","wordCount":56},"emotion":[],"intent":[{"text":"저는 창의성과 팀워크 중에서 팀워크가 더욱 중요하다고 생각합니다.","expression":"c_cop","category":"personality"},{"text":"협업은 서로 간의 배려와 협동이 있어야 좋은 결과를   이끌어 낼 수 있습니다.","expression":"c_cop","category":"personality"},{"text":"하지만 팀워크가   존재한다면 시너지를 일으켜서 창의성은 저절로 따라오는 것이라고   생각하기 때문에 저는 창의성보다는 팀워크가 더욱 중요한   요소라고 생각하고 있습니다.","expression":"c_cop","category":"personality"}],"summary":{"text":"협업은 서로 간의 배려와 협동이 있어야 좋은 결과를 이끌어 낼 수 있기 때문에 창의성보다 팀워크가 더욱 중요한 요소라고 생각합니다.","wordCount":19}}},"rawDataInfo":{"question":{"fileFormat":"wav","fileSize":585038,"duration":18280,"samplingBit":16,"channelCount":1,"samplingRate":"16kHz","audioPath":"/Mock/06.Design/Male/New/ckmk_q_ard_m_n_172280.wav"},"answer":{"fileFormat":"wav","fileSize":1906638,"duration":59580,"samplingBit":16,"channelCount":1,"samplingRate":"16kHz","audioPath":"/Mock/06.Design/Male/New/ckmk_a_ard_m_n_172280.wav"}}}