{"version":"1.0","dataSet":{"info":{"date":"20230116","occupation":"ARD","channel":"MOCK","place":"ONLINE","gender":"MALE","ageRange":"-34","experience":"NEW"},"question":{"raw":{"text":"네 본인의 장점과 단점에 대해서 잘 알고 계시나요 어 그 장단점을 설명해 주시고요 또 그것을 특화시키거나 또는 극복하기 위해서 어떤 노력을 하셨는지도 함께 말씀해 주시기 바랍니다","wordCount":26},"emotion":[],"intent":[]},"answer":{"raw":{"text":"제 장점은 책임감입니다. 친구들도 제게 어떤 일이 있을 때 저를 믿고 맡기면 걱정하지 않는다고 합니다. 대학 시절 동아리 회장을 맡았을 때 일 년간 한 번도 모임에 빠져본 적이 없습니다. 중간중간 개인 사정이 있었지만 동아리의 조직 구성원으로 사적인 모임이었지만 서로의 약속이라고 생각했기 때문입니다. 사소한 부분이지만 이러한 성실함을 인정받아 동아리 회장이 될 수 있었고 회장이 된 이후 동아리 활동에서 성과를 인정받아 학교에서 최우수 동아리로 선정되는 영예도 얻을 수 있었습니다. 그리고 제 단점은 조금 보수적인 성향을 가지고 있습니다. 군 생활을 오래 하셨던 아버지의 영향으로 평소 옷차림이나 생활 방식에도 정해진 규칙을 따르는 것이 습관이 되어 있었습니다. 그러다 보니 전혀 새로운 곳에 도전하기 보다는 기존의 문제를 개선하거나 정해진 절차 속에서 따라하는 것이 더 편하게 느껴집니다. 저는 이러한 어 단점을 극복하기 위해 끊임없이 제가 하는 방식이 최선인가를 고민하는 자세로 좀 더 빨리 정확하게 할 수 있는 방법을 고민하고 있습니다.","wordCount":133},"emotion":[],"intent":[{"text":"제 장점은 책임감입니다.","expression":"c_person","category":"background"},{"text":"그리고 제 단점은 조금 보수적인 성향을 가지고 있습니다.","expression":"c_person","category":"background"}],"summary":{"text":"대학 때 동아리 회장을 맡았을 때 일 년간 한 번도 모임에 빠져본 적이 없습니다. 그리고 보수적인 성향을 가지고 있습니다. 그래서 새로운 곳에 도전하기 보다는 기존의 문제를 개선하거나 정해진 절차 속에서 따라하는 것이 더 편하게 느껴집니다.","wordCount":35}}},"rawDataInfo":{"question":{"fileFormat":"wav","fileSize":566478,"duration":17700,"samplingBit":16,"channelCount":1,"samplingRate":"16kHz","audioPath":"/Mock/06.Design/Male/New/ckmk_q_ard_m_n_185030.wav"},"answer":{"fileFormat":"wav","fileSize":2798798,"duration":87460,"samplingBit":16,"channelCount":1,"samplingRate":"16kHz","audioPath":"/Mock/06.Design/Male/New/ckmk_a_ard_m_n_185030.wav"}}}