{"version":"1.0","dataSet":{"info":{"date":"20230116","occupation":"ARD","channel":"MOCK","place":"ONLINE","gender":"MALE","ageRange":"35-44","experience":"NEW"},"question":{"raw":{"text":"일을 하다 보면 예상하지 못했던 다양한 갈등 관계가 생기기도 합니다 만약 상사와 트러블이 생길 수도 있는데 어떻게 하시겠습니까 또 상사가 혼을 내면 기분이 나쁘시지 않으시겠습니까","wordCount":25},"emotion":[],"intent":[]},"answer":{"raw":{"text":"어느 곳에서든 상사든 동료든 일을 하다 보면 맞지 않는 부분이 발생을 할 것이고 잘못한 부분도 발생을 할 것입니다. 그렇게 되면 당연히 트러블이 일어나겠죠. 음 저는 일단 트러블이 생긴다면 그 원인을 분명히 찾아야 된다고 생각을 합니다. 물론 저 원인을 찾는 게 우선이라고 생각을 하지만 트러블이 발생할 때 가장 기본적으로 발생하는 것은 화입니다. 화가 나지 않는 상황 흥분하지 않는 상황을 만드는 것이 그 일을 해결하는 데 있어서 서로에게 가장 도움이 된다고 생각을 합니다. 그래서 일단은 먼저 사과를 할 것입니다. 잘했던 잘못했던 이런 상황을 만든 것 자체가 잘못이기 때문입니다. 그래서 흥분을 가라앉히고 천천히 그 상황에 대해서 돌아볼 겁니다. 그리고 돌아본 그 내용을 토대로 어 좋은 기회가 있을 때 곱씹어 볼 수 있는 자리를 반드시 가져야 됩니다. 그래야 같은 일이 발생했을 때 똑같은 일이 벌어지지 않으니까요. 저는 상사가 혼낸다고 해서 절대 기분이 나쁘거나 하지는 않습니다. 물론 제가 잘못하지 않았는데 화를 화를 낸다면 분명히 기분이 나쁘겠죠. 그게 기분 나쁘지 않다고 하는 사람은 진짜 자신의 마음을 표현할 수 없는 사람이고 그게 스트레스로 쌓이게 되면 나중에 회사에 더 큰 기여를 할 수 없을지 모릅니다. 그래서 저는 화가 날 수 있습니다. 제가 잘못한 거 하지 않는 것에 대해서 그렇다면 하지만 기본적으로는 그렇지 않은 외 부분에서는 화가 나지 않습니다.","wordCount":190},"emotion":[],"intent":[{"text":"","expression":"","category":"attitude"}],"summary":{"text":"트러블이 발생할 때 가장 기본적으로 발생하는 것은 화입니다. 화를 내지 않는 상황이 일을 해결하는 데 가장 도움이 됩니다. 흥분하지 않는 상황은 제가 잘못했던 잘못했던 이런 상황을 만든 것 자체가 잘못이기 때문입니다. 그리고 흥분을 가라앉히고 그 상황에 대해 돌아볼 것입니다. 그 내용을 토대로 좋은 기회가 있을 때 곱씹을 수 있는 자리를 반드시 가져야 됩니다.","wordCount":53}}},"rawDataInfo":{"question":{"fileFormat":"wav","fileSize":596558,"duration":18640,"samplingBit":16,"channelCount":1,"samplingRate":"16kHz","audioPath":"/Mock/06.Design/Male/New/ckmk_q_ard_m_n_189210.wav"},"answer":{"fileFormat":"wav","fileSize":2789518,"duration":87170,"samplingBit":16,"channelCount":1,"samplingRate":"16kHz","audioPath":"/Mock/06.Design/Male/New/ckmk_a_ard_m_n_189210.wav"}}}