{"version":"1.0","dataSet":{"info":{"date":"20230116","occupation":"ARD","channel":"MOCK","place":"ONLINE","gender":"MALE","ageRange":"-34","experience":"NEW"},"question":{"raw":{"text":"면접자분 디자인 업무에 프로세스에 관한 설명을 좀 해주시구요 지원자께서는 어떻게 이를 활용해 일을 하실 생각이신지 함께 그것도 다 말씀해 주시기 바랍니다","wordCount":21},"emotion":[],"intent":[]},"answer":{"raw":{"text":"저는 밑그림 그리는 게 항상 제일 뭐 진부한 말일 수도 있지만 진부한 말씀을 드리는 걸 수도 있지만 저는 항상 밑그림 그리는 것이 가장 중요하고 제일 그쪽에서 많은 아이디어들이 나오고 있다 고 저는 항상 팀원들한테도 강조를 했었고 제가 잠깐 했던 알바 시골에 있던 학원에서도 강조를 했었었고 제가 다녔던 대학교에서도 교수님들이 항상 그렇게 강조를 해 주셨었고 그걸 제가 받아들였고 예. 밑그림 단계에서 많은 아이디어들이 스쳐 지나가요. 그런데 나왔던 거 그런데 거기에서 나왔던 아이디어들이 사람들의 회의를 통해서 통해서 없어지고 사라져요. 첫 느낌이 중요한 건데 어떤 아이디어를 접했을 때 주제어를 접했을 때 그 주제어에 관한 첫 번째 아이디어의 그 느낌 수능을 볼 때도 첫 번째 찍은 정답이 정답이다. 첫 번째 찍은 답에서 수정하면 틀린다 이런 말이 있듯이 저는 첫 번째 그 감각을 굉장히 소중하게 생각합니다.","wordCount":121},"emotion":[],"intent":[{"text":"","expression":"","category":"attitude"}],"summary":{"text":"아이디어를 접했을 때 주제어에 관한 첫 번째 아이디어의 그 느낌, 수능을 볼 때 첫 번째 찍은 답에서 수정하면 틀린다 이런 말이 있듯이 저는 첫 번째 그 감각을 굉장히 소중하게 생각합니다.","wordCount":30}}},"rawDataInfo":{"question":{"fileFormat":"wav","fileSize":453838,"duration":14180,"samplingBit":16,"channelCount":1,"samplingRate":"16kHz","audioPath":"/Mock/06.Design/Male/New/ckmk_q_ard_m_n_198678.wav"},"answer":{"fileFormat":"wav","fileSize":2506958,"duration":78340,"samplingBit":16,"channelCount":1,"samplingRate":"16kHz","audioPath":"/Mock/06.Design/Male/New/ckmk_a_ard_m_n_198678.wav"}}}