{"version":"1.0","dataSet":{"info":{"date":"20230116","occupation":"ARD","channel":"MOCK","place":"ONLINE","gender":"MALE","ageRange":"-34","experience":"NEW"},"question":{"raw":{"text":"어 지원자님께서는 어떤 문제에 부딪쳤을 때 어 혼자 해결하는 편이신지 아니면 이제 여러 사람들에게 이야기를 하는 편이신지 궁금합니다 여러 사람들끼리 이야기해서 이야기를 해서 해결책을 구하는 편이신가요","wordCount":26},"emotion":[],"intent":[]},"answer":{"raw":{"text":"저는 어떤 문제에 부딪쳤을 때 어 일단은 먼저 혼자 해결하는 편입니다. 어 그 해당 업무가 개인적으로 해결이 가능한 일인지 파악을 한 다음 개인적으로 해결할 수 있는 일이라면 갖은 방법을 통해서 해결을 해보고 만약에 개인적인 방법으로 난관을 헤쳐나갈 수 없다면 경험이 많은 상사나 다른 동료에게 도움을 요청할 것 같습니다. 그리고 도움을 요청할 때에는 최대한 상황에 대한 설명과 어려움에 대해 간결하게 설명하고 도움을 받은 후에 이에 대한 내용도 기록하여 추후에는 같은 일에 대한 어려움이 없도록 대처를 하는 편인 것 같습니다.","wordCount":78},"emotion":[],"intent":[{"text":"","expression":"","category":"attitude"}],"summary":{"text":"저는 어떤 문제에 부딪쳤을 때 일단 먼저 혼자 해결하는 편입니다. 상황에 대한 설명과 어려움을 간결하게 설명하고 도움을 받은 후에 이에 대한 내용도 기록하여 추후에 같은 일에 대한 어려움이 없도록 대처하는 것 같습니다.","wordCount":32}}},"rawDataInfo":{"question":{"fileFormat":"wav","fileSize":641998,"duration":20060,"samplingBit":16,"channelCount":1,"samplingRate":"16kHz","audioPath":"/Mock/06.Design/Male/New/ckmk_q_ard_m_n_185032.wav"},"answer":{"fileFormat":"wav","fileSize":1743438,"duration":54480,"samplingBit":16,"channelCount":1,"samplingRate":"16kHz","audioPath":"/Mock/06.Design/Male/New/ckmk_a_ard_m_n_185032.wav"}}}