{"version":"1.0","dataSet":{"info":{"date":"20230116","occupation":"ARD","channel":"MOCK","place":"ONLINE","gender":"MALE","ageRange":"-34","experience":"NEW"},"question":{"raw":{"text":"귀하께서는 뭐 새로운 디자인을 하거나 뭐 작업을 할 때 주로 영감을 어디서 받으십니까","wordCount":13},"emotion":[],"intent":[]},"answer":{"raw":{"text":"저는 영감을 얻기 위해서 다양한 방법들로 영감을 얻는데 먼저 창의력이 필요할 때마다 저는 컬렉션을 살 살펴봅니다. 특히나 새 프로젝트를 시작하려고 할 때마다 프린트 레스트를 사용하여 이미지를 수집하고 이 그곳에서 영감을 얻고 아이디어를 구체화시킵니다. 또한 인스타 그램에서 존경하는 아티스트를 팔로워하고 그들의 작품의 스크린 샷을 찍어서 나중에 이제 제가 그것을 참고하고 그리고 컬렉션을 위해서 데스트 트급 데스크 톱이나 휴대폰에 이제 폴더를 유지하여 필요할 때마다 추가하고 다시 참조합니다. 그리고 제가 존경하는 아티스트와 다시 연결하여 창의성을 높이는데 그러한 아티스트를 통해서 저는 영감을 얻습니다. 이제 그 아티스트의 인터뷰를 보거나 동기 영감 그리고 창의적인 과정 등에 대해서 가르침을 얻는데 예를 들어서 영화 제작자라면은 이제 영감을 준 영화를 다시 방문하고 좋아하는 감독과의 인터뷰를 읽고 몇 가지 이 제 생각들을 적고 그러한 방식으로 저는 롤 모델들을 주로 활용하였습니다.","wordCount":120},"emotion":[],"intent":[{"text":"저는 영감을 얻기 위해서 다양한 방법들로 영감을 얻는데 먼저 창의력이 필요할 때마다 저는 컬렉션을 살 살펴봅니다.","expression":"d_creative","category":"attitude"},{"text":"그리고 제가 존경하는 아티스트와 다시 연결하여 창의성을 높이는데 그러한 아티스트를 통해서 저는 영감을 얻습니다.","expression":"d_creative","category":"attitude"}],"summary":{"text":"저는 영감을 얻기 위해서 다양한 방법들로 영감을 얻습니다. 프린트 레스트를 사용하여 이미지를 수집하고 영감을 구체화시키며, 아티스트를 팔로워하고 작품을 참고하고 다시 참조합니다. 그리고 다시 연결하여 창의성을 높이는데 그러한 아티스트를 통해서 영감을 얻으며, 그 아티스트의 인터뷰를 보거나 가르침을 얻고 있습니다.","wordCount":38}}},"rawDataInfo":{"question":{"fileFormat":"wav","fileSize":320078,"duration":10000,"samplingBit":16,"channelCount":1,"samplingRate":"16kHz","audioPath":"/Mock/06.Design/Male/New/ckmk_q_ard_m_n_188942.wav"},"answer":{"fileFormat":"wav","fileSize":2745358,"duration":85790,"samplingBit":16,"channelCount":1,"samplingRate":"16kHz","audioPath":"/Mock/06.Design/Male/New/ckmk_a_ard_m_n_188942.wav"}}}