{"version":"1.0","dataSet":{"info":{"date":"20230116","occupation":"ARD","channel":"MOCK","place":"ONLINE","gender":"MALE","ageRange":"-34","experience":"NEW"},"question":{"raw":{"text":"살면서 지원자님이 경험했던 다양한 커뮤니케이션 중에 가장 어려웠던 경험을 한 가지만 꼽아서 말씀해 주세요","wordCount":14},"emotion":[],"intent":[]},"answer":{"raw":{"text":"제가 살면서 가장 어려운 경우였었던 가장 어려운 커뮤니케이션의 한 종류는 바로 일을 하면서 말을 통하지 않는 사람들을 이제 상대했던 일이었습니다. 제가 피씨방에서 아르바이트를 했을 때 일이었습니다. 분명히 저희 피씨방 측에서 공지로 사전에 점검이 있을 거라는 것에도 불구하고 이제 한 손님이 그것을 인지하지 못한 채 끝까지 자기 주장만 내세우시면서 자기 주장만 내세우시면서 저하고 저를 포함한 저희 다른 아르바이트생들한테 이런 해당 사실이 계속해서 컴플레인을 지적을 하셨습니다. 참다 참다가 결국은 못 참겠어서 그 자리를 피한 적이 있었었는데 그때 그때 들었던 모멸감과 그리고 이러한 여러 가지 복잡 미묘한 감정들이 오갔습니다. 어 자신이 듣고 싶은 말만 들으려고 하고 하고 싶은 말만 할려는 모습을 보면서 어 저는 저런 사람은 절대로 되지 말아야겠다 라는 생각이 들었고 이는 앞으로의 제 커뮤니케이션 스킬에 있어서도 나중에 영업에 있어서도 저희 측의 주장만 어필하지 말 말아야겠다는 그런 생각을 하게 되었습니다. 감사합니다.","wordCount":129},"emotion":[],"intent":[{"text":"제가 피씨방에서 아르바이트를 했을 때 일이었습니다.","expression":"c_private","category":"background"},{"text":"분명히 저희 피씨방 측에서 공지로 사전에 점검이 있을 거라는 것에도 불구하고   이제 한 손님이 그것을 인지하지 못한 채 끝까지 자기 주장만 내세우시면서   자기 주장만 내세우시면서 저하고 저를 포함한 저희 다른 아르바이트생들한테 이런 해당 사실이 계속해서 컴플레인을 지적을 하셨습니다.","expression":"c_private","category":"background"}],"summary":{"text":"일을 하면서 말을 통하지 않는 사람들을 상대했던 일이 가장 어려웠습니다. 피씨방 아르바이트를 할 때 한 손님이 자기 주장만 내세우면 컴플레인을 지적하셨습니다. 참다 참다 자리를 피한 적이 있었는데, 모멸감과 여러 복잡한 감정들이 오갔습니다. 저 사람처럼 되지 말야겠다는 생각이 들었습니다.","wordCount":38}}},"rawDataInfo":{"question":{"fileFormat":"wav","fileSize":375118,"duration":11720,"samplingBit":16,"channelCount":1,"samplingRate":"16kHz","audioPath":"/Mock/06.Design/Male/New/ckmk_q_ard_m_n_185233.wav"},"answer":{"fileFormat":"wav","fileSize":2475278,"duration":77350,"samplingBit":16,"channelCount":1,"samplingRate":"16kHz","audioPath":"/Mock/06.Design/Male/New/ckmk_a_ard_m_n_185233.wav"}}}