{"version":"1.0","dataSet":{"info":{"date":"20230116","occupation":"ARD","channel":"MOCK","place":"ONLINE","gender":"MALE","ageRange":"-34","experience":"NEW"},"question":{"raw":{"text":"간혹 열심히는 하지만 본인이 원하는 만큼 따라오지 못하는 팀 동료가 있을 수 있습니다 그럴 때는 어떻게 하시나요","wordCount":17},"emotion":[],"intent":[]},"answer":{"raw":{"text":"저 같은 경우 프로젝트 내에서 팀원들과 소통하고자 할 때 같이 협업을 할 때 저가 원한 만큼 따라오지 못하는 동료가 있을 경우 당근을 주기도 하고 채찍을 주기도 합니다. 예를 들어서 어떤 팀원이 제가 원하는 만큼 따라오지 못한다. 어떤 부분을 따라오지 못하고 있는지 먼저 체크를 해 봅니다. 그리고 그것이 이 팀원의 역량에선 충분히 나올 수 있는 것이라고 생각이 될 땐 당근을 줍니다. 약간의 포인트만 찝어 준다면 이 친구는 봇물 터지듯이 일을 헤쳐 나갈 것이기 때문이죠. 어떻게 보면 그 하나를 짚어짐으로써 모든 문제가 해결되는 것입니다. 그렇게 판단됐을 때 저는 당근을 주고요. 그렇지 않다고 판단됐을 경우 예를 들어 아예 감을 못 잡고 있는 친구의 경우 약간의 채찍을 주는 경향이 경향이 있습니다. 약간의 꾸지름 당연히 인신 모독을 하지는 않구요. 일에 대해서 이 부분에 대해서는 당연히 생각핸 부분이 있다. 채찍이 오히려 알려 주는 부분이 많습니다. 여러 가지 자극이 되어 오히려 더 열심히 일을 하게 되는 동기 부여가 될 수도 있고요. 그렇게 저는 당근과 채찍을 사람의 유형에 따라서 역량의 유형에 역량에 따라서 주는 편입니다.","wordCount":157},"emotion":[],"intent":[{"text":"","expression":"","category":"attitude"}],"summary":{"text":"협업을 할 때, 원하는 만큼 따라오지 못하는 동료가 있을 경우, 그 역량에서 충분히 나올 수 있다고 생각될 때는 당근을 주고, 그렇지 않다고 판단됐을 때는 약간의 꾸지름으로써 오히려 더 열심히 일을 하게 되는 동기 부여가 될 수 있는 당근과 채찍을 주는 편입니다.","wordCount":41}}},"rawDataInfo":{"question":{"fileFormat":"wav","fileSize":348878,"duration":10900,"samplingBit":16,"channelCount":1,"samplingRate":"16kHz","audioPath":"/Mock/06.Design/Male/New/ckmk_q_ard_m_n_213984.wav"},"answer":{"fileFormat":"wav","fileSize":2877518,"duration":89920,"samplingBit":16,"channelCount":1,"samplingRate":"16kHz","audioPath":"/Mock/06.Design/Male/New/ckmk_a_ard_m_n_213984.wav"}}}