{"version":"1.0","dataSet":{"info":{"date":"20230116","occupation":"ARD","channel":"MOCK","place":"ONLINE","gender":"MALE","ageRange":"-34","experience":"NEW"},"question":{"raw":{"text":"어 살면서 여러 가지 다양한 커뮤니케이션을 경험해 보셨을 텐데 어 지원자님이 생각하시기에 본인이 그동안 가장 어려웠던 경험을 한 가지만 꼽자면 어떤 경험인가요","wordCount":22},"emotion":[],"intent":[]},"answer":{"raw":{"text":"달리는 차 안에서 소통을 해야 할 때가 있었습니다. 그런데 제가 타고 있던 당시에 그 차는 좋은 차가 아니어 가지고 달랠 때 달릴 때 그 소음이 엄청났었습니다. 그 차 안에서의 그 엄청난 소음을 극복하고서 어 이렇게 커뮤니케이션을 하는 것이라 것은 목소리를 굉장히 크게 내야 할 수 밖에 없는 상황이었었습니다. 하지만 그렇게 목소리를 크게 내는 과정 과정이 듣는 사람들로 하여금 무척이나 화가 나게끔 화를 내는 것처럼 오해를 불러일으키는 그런 소통 방법이었고 그렇게 차 안에서 우리는 그렇게 소통을 하다가 결국엔 결국에는 오해가 생겨가지고 정말로 실제로 고성을 오고 가면서 싸움을 하게 되었었습니다. 그래서 다음에 어떤 소통할 일이 생기면 주변에 소음이 있는지 없는지 소통을 하기에 적당한 소음인지 소통을 방해할 만큼의 너무 큰 소음이 아닌지 이렇게 확인을 하는 습관을 갖게 되었습니다.","wordCount":115},"emotion":[],"intent":[{"text":"","expression":"","category":"attitude"}],"summary":{"text":"달릴 때의 소음 때문에 차 안에서 소통을 할 때는 목소리를 크게 내야만 했습니다. 그런데 그 소통이 오해를 불러일으켜서 실제로 고성을 오고 가면서 싸움을 하게 되었습니다. 그래서 다음에 소통할 일이 생기면 소통이 적당한 소음인지 방해할 만큼의 큰 소음은 아닌지 확인하는 습관이 생겼습니다.","wordCount":41}}},"rawDataInfo":{"question":{"fileFormat":"wav","fileSize":494798,"duration":15460,"samplingBit":16,"channelCount":1,"samplingRate":"16kHz","audioPath":"/Mock/06.Design/Male/New/ckmk_q_ard_m_n_218733.wav"},"answer":{"fileFormat":"wav","fileSize":2745678,"duration":85800,"samplingBit":16,"channelCount":1,"samplingRate":"16kHz","audioPath":"/Mock/06.Design/Male/New/ckmk_a_ard_m_n_218733.wav"}}}