{"version":"1.0","dataSet":{"info":{"date":"20230116","occupation":"ARD","channel":"MOCK","place":"ONLINE","gender":"MALE","ageRange":"-34","experience":"NEW"},"question":{"raw":{"text":"지원자님께서는 다루실 수 있는 설계 프로그램이 있으신가요 만약 있으시다면 어떠한 프로그램을 다루실 수 있는지 그 프로그램에 대해서도 자세하게 설명해 주시기 바랍니다","wordCount":21},"emotion":[],"intent":[]},"answer":{"raw":{"text":"제가 다룰 수 있는 설계 프로그램은 라이너라는 프로그램입니다. 라이너는 자체적으로 개발한 쓰리디 모델링 커널의 넙스 기반에서 페스트 위주로 사용을 해 왔습니다. 넙스란 컴퓨터 그래픽스 분야에서 커버나 서피스를 수학적으로 표현해 내기 위해 천 구백 칠십 년대 초에 이론 체계가 짜여진 오래된 방식입니다. 인터 프라이즈용 엠 캐드를 비롯하여 대부분의 쓰리디 캐드들이 넙스 방식의 서피스 디자인 툴에 직관적 디자인이 더한 더한 어 서프티 방식의 서비스 디자인 툴을 모듈 에드인 형태로 제공해 왔으며 라이너도 서프티 기반 모델링을 버전 체인부터 탑재해 왔습니다.","wordCount":77},"emotion":[{"text":"인터 프라이즈용 엠 캐드를 비롯하여 대부분의 쓰리디 캐드들이 넙스 방식의 서피스 디자인 툴에 직관적 디자인이 더한 더한 어 서프티 방식의 서비스 디자인 툴을 모듈 에드인 형태로 제공해 왔으며 라이너도 서프티 기반 모델링을 버전 체인부터 탑재해 왔습니다.","expression":"u-fact","category":"neutral"}],"intent":[{"text":"","expression":"","category":"attitude"}],"summary":{"text":"라이너는 자체적으로 개발한 쓰리디 모델링 커널의 넙스 기반에서 페스트 위주로 사용을 해 왔습니다. 서프티 방식의 서비스 디자인 툴을 모듈 에드인 형태로 제공해 왔고 버전 체인부터 탑재해 였습니다.","wordCount":27}}},"rawDataInfo":{"question":{"fileFormat":"wav","fileSize":611918,"duration":19120,"samplingBit":16,"channelCount":1,"samplingRate":"16kHz","audioPath":"/Mock/06.Design/Male/New/ckmk_q_ard_m_n_190935.wav"},"answer":{"fileFormat":"wav","fileSize":1971918,"duration":61620,"samplingBit":16,"channelCount":1,"samplingRate":"16kHz","audioPath":"/Mock/06.Design/Male/New/ckmk_a_ard_m_n_190935.wav"}}}