{"version":"1.0","dataSet":{"info":{"date":"20230116","occupation":"ARD","channel":"MOCK","place":"ONLINE","gender":"MALE","ageRange":"-34","experience":"NEW"},"question":{"raw":{"text":"과거에 지원자님이 사람들과 협업을 하면서 가장 어려웠던 점이 있다면 무엇이었나요 또한 그것을 어떻게 극복하셨나요","wordCount":14},"emotion":[],"intent":[]},"answer":{"raw":{"text":"제가 가장 힘들었던 점은 바로 의지가 없는 팀원들과 함께 협업하는 것입니다. 그러한 팀원들은 팀의 분위기를 해치고 팀 워크를 다운 시키기 때문입니다. 때문에 저는 그러한 팀원들과 같이 협업을 할 때에는 어떻게 하면 좋을까 라는 생각을 많이 하게 되었는데 제가 했던 좋은 방법은 바로 다른 구성원들이 그 사람이 부족한 만큼 더욱더 열심히 하는 것입니다. 부족한 만큼 더 열심히 하게 되면은 자연스럽게 팀 평균으로 보았을 때는 더욱더 분위기가 타오르게 됩니다. 그러한 열정적인 분위기 속에서 그 구성원만 도태되 도태된 것을 느끼거나 열정이 없는 것을 자기가 알게 된다면은 가시방석이기 때문에 어쩔 수 없이 열심히 하게 되고 그리고 평균 정도의 역량을 발휘하게 됩니다. 이를 통해서 다른 구성원들은 자신의 역량이 올라가고 그리고 그 부족한 구성원 같은 경우에는 평균 정도 할 수 있는 역량까지 끌어올릴 수 있기 때문에 저는 그러한 방법으로 극복을 하였습니다.","wordCount":125},"emotion":[],"intent":[{"text":"","expression":"","category":"attitude"}],"summary":{"text":"의지가 없는 팀원들과 협업하는 것은 팀 분위기를 해치고 팀 워크를 다운 시키기 때문에 가장 힘들었습니다. 그래서 다른 구성원들이 그 사람이 부족한 만큼 더욱더 열심히 하면 팀 평균으로 보았을 때는 더욱 분위기가 타오릅니다. 이러한 방법으로 극복을 하였습니다.","wordCount":36}}},"rawDataInfo":{"question":{"fileFormat":"wav","fileSize":625358,"duration":19540,"samplingBit":16,"channelCount":1,"samplingRate":"16kHz","audioPath":"/Mock/06.Design/Male/New/ckmk_q_ard_m_n_198609.wav"},"answer":{"fileFormat":"wav","fileSize":2818638,"duration":88080,"samplingBit":16,"channelCount":1,"samplingRate":"16kHz","audioPath":"/Mock/06.Design/Male/New/ckmk_a_ard_m_n_198609.wav"}}}