{"version":"1.0","dataSet":{"info":{"date":"20230116","occupation":"ARD","channel":"MOCK","place":"ONLINE","gender":"MALE","ageRange":"-34","experience":"NEW"},"question":{"raw":{"text":"회사에 입사해서 일을 하다 보면 현 지역이 아닌 다른 지역에서 업무를 수행하게 될 수도 있습니다 지원자님께서는 타 지역 근무도 문제 없이 하실 수 있으신가요","wordCount":24},"emotion":[],"intent":[]},"answer":{"raw":{"text":"거리가 중요할 것 같습니다. 저의 집으로부터 옮겨지는 그 타 지역의 근무지가 직선거리로 백 키로 백 킬로미터가 넘지 않는다면 저는 일을 할 수 있습니다. 그렇지만 저의 집과 새로 일하게 될 근무지가 백 킬로미터가 넘어가게 된다면 저는 그 문제를 심각하게 고려해 봐야 될 것 같습니다. 왜냐하면 저는 이 직장을 선택한 것도 저희 집에서 오십 키로가 넘지 않기 때문에 이 직장을 고른 것입니다. 그런데 백 키로가 넘는다 는 것은 저에게 엄청나게 많은 출퇴근 시간을 할애해야 한다는 것을 의미하는 것이 아니겠습니까. 너무 먼 출퇴근 거리는 저의 삶의 질을 떨어뜨립니다. 그것을 방지하기 위해서 저는 항상 저희 집에서부터 오십 킬로미터 내외인 지역을 직장으로 골랐었습니다.","wordCount":98},"emotion":[],"intent":[{"text":"","expression":"","category":"attitude"}],"summary":{"text":"저는 집으로부터 오십 킬로미터 내외인 지역을 직장으로 골랐습니다. 그런데 백 킬로미터가 넘는다는 것은 저에게는 엄청난 출퇴근 시간을 할애해야 하는 것을 의미합니다. 이것을 방지하기 위해서 항상 집에서부터 오십 리터 내외인 곳을 직장으로 골랐습니다.","wordCount":32}}},"rawDataInfo":{"question":{"fileFormat":"wav","fileSize":522318,"duration":16320,"samplingBit":16,"channelCount":1,"samplingRate":"16kHz","audioPath":"/Mock/06.Design/Male/New/ckmk_q_ard_m_n_194165.wav"},"answer":{"fileFormat":"wav","fileSize":2640078,"duration":82500,"samplingBit":16,"channelCount":1,"samplingRate":"16kHz","audioPath":"/Mock/06.Design/Male/New/ckmk_a_ard_m_n_194165.wav"}}}