{"version":"1.0","dataSet":{"info":{"date":"20230116","occupation":"ARD","channel":"MOCK","place":"ONLINE","gender":"MALE","ageRange":"-34","experience":"NEW"},"question":{"raw":{"text":"다룰 수 있는 설계 프로그램이 있으신가요 지원자 님 어떤 프로그램을 다루실 수 있는지 그 프로그램에 대해서도 같이 설명해 주시기 바랍니다","wordCount":20},"emotion":[],"intent":[]},"answer":{"raw":{"text":"저는 쓰리디 모델링 프로그램을 몇 가지 다룰 수 있습니다. 먼저 저는 솔리드 웍스 라는 쓰리디 프로그램을 이제 사용할 수가 있는데 먼저 이것은 컴퓨터 지원 설계를 말합니다. 삼 차원 도면을 볼 수 있는 컴퓨터 지원 설계 프로그 그램인데 이제 쓰리디 캐드 프로그램 중에서는 솔리드 웍스는 직관적이고 쉬운 사용 방법으로 알려져 있어 어 많은 디자이너들이 사용하는 프로그램입니다. 뭐 제품 설계 플라스틱 사출 금형 설계 부품 설계 기구 설계 전기설계 토목 의료 디자인 등 다양한 분야에서 활용이 되고 있습니다. 그리고 저는 카티아 라는 또 쓰리디 프로그램을 활용할 수가 있는데 이것은 특히 써피스 모델링에 특화되어 있어서 곡면 모델링에 상당한 강점이 있습니다. 따라서 곡면이 많고 정밀한 설계를 해야 하는 그러한 쓰리디 모델링에 굉장히 필요한 필수 프로그램이라고 볼 수 있습니다. 때문에 이것은 제품 설계라든지 엄청 세세한 디자인을 할 때 매우 중요하게 생각되는 프로그램입니다.","wordCount":127},"emotion":[],"intent":[{"text":"먼저 저는 솔리드 웍스 라는 쓰리디 프로그램을 이제 사용할 수가 있는데 먼저 이것은 컴퓨터 지원 설계를 말합니다.","expression":"d_dgn_proc","category":"technology"},{"text":"그리고 저는 카티아 라는 또 쓰리디 프로그램을 활용할 수가 있는데 이것은 특히 써피스 모델링에 특화되어 있어서 곡면 모델링에 상당한 강점이 있습니다.","expression":"d_dgn_proc","category":"technology"}],"summary":{"text":"솔리드 웍스라는 쓰리디 프로그램을 사용할 수 있는데, 이는 직관적이고 쉬운 사용 방법으로 많은 디자이너들이 사용하는 프로그램입니다. 그리고 카티아 라는 프로그램은 써피스 모델링에 특화되어 곡면 모델링이 강점이 있습니다. 때문에 제품 설계나 세세한 디자인을 할 때 매우 중요합니다.","wordCount":36}}},"rawDataInfo":{"question":{"fileFormat":"wav","fileSize":503758,"duration":15740,"samplingBit":16,"channelCount":1,"samplingRate":"16kHz","audioPath":"/Mock/06.Design/Male/New/ckmk_q_ard_m_n_198100.wav"},"answer":{"fileFormat":"wav","fileSize":2786638,"duration":87080,"samplingBit":16,"channelCount":1,"samplingRate":"16kHz","audioPath":"/Mock/06.Design/Male/New/ckmk_a_ard_m_n_198100.wav"}}}