{"version":"1.0","dataSet":{"info":{"date":"20230116","occupation":"ARD","channel":"MOCK","place":"ONLINE","gender":"MALE","ageRange":"-34","experience":"NEW"},"question":{"raw":{"text":"지원자님께서 이 면접에서 최종 탈락하실 수도 있는데요 그렇다면 본인이 어떤 점이 부족해서 최종 탈락했다고 어 생각하실지 궁금합니다","wordCount":17},"emotion":[],"intent":[]},"answer":{"raw":{"text":"제가 만약에 이번 면접에서 어 최종적으로 탈락을 하게 된다면 저는 아마도 저의 경험적인 부분에 있어서의 부족함이 어 제 발목을 잡았다고 생각합니다. 어 비록 신입으로 지원하는 거다 보니까 이제 다른 경력직 있는 경력이 있는 지원자들에 비해서 아무래도 경력적인 부분에서는 어 좀 부족하다고 생각을 하고 있습니다. 어 따라서 좀 이런 저도 이제 이런 경력적인 부분을 해소를 하고자 뭐 여러 아르바이트도 해보고 여러 가지 인턴 활동들도 해 보았지만 아무래도 뭐 그런 활동들보다는 직접 실제로 정규직으로 일해 본 경험이 더 아무 기업 입장에서는 중요하다고 생각할 수도 있을 것 같습니다. 어 따라서 제가 만약에 이번 면접에서 최종을 최종 탈락하게 된다면 그런 경력에 있어서의 부족함이 어 저를 탈락으로 이끌지 않았나 라고 생각을 하고 좀 그러한 부분을 해소하기 위해서 더 노력을 하고 다시 면접에 나올 것 같습니다.","wordCount":120},"emotion":[],"intent":[{"text":"","expression":"","category":"attitude"}],"summary":{"text":"이번 면접에서 탈락하게 된다면 경험적인 부분에서 부족한 점이 제 발목을 잡았다고 생각합니다. 이를 해소하기 위해 여러 아르바이트와 인턴 활동도 해 보았지만 인턴보다는 직접 정규직에서 일해 본 경험이 더 중요하다고 생각할 수 있어서 더 노력을 하고 다시 면접에 나올 것 같습니다.","wordCount":40}}},"rawDataInfo":{"question":{"fileFormat":"wav","fileSize":491278,"duration":15350,"samplingBit":16,"channelCount":1,"samplingRate":"16kHz","audioPath":"/Mock/06.Design/Male/New/ckmk_q_ard_m_n_226893.wav"},"answer":{"fileFormat":"wav","fileSize":2535758,"duration":79240,"samplingBit":16,"channelCount":1,"samplingRate":"16kHz","audioPath":"/Mock/06.Design/Male/New/ckmk_a_ard_m_n_226893.wav"}}}