{"version":"1.0","dataSet":{"info":{"date":"20230116","occupation":"ARD","channel":"MOCK","place":"ONLINE","gender":"MALE","ageRange":"-34","experience":"NEW"},"question":{"raw":{"text":"아 만약에 일을 하던 중에 직무가 적성에 맞지 않는다는 것을 알게 되셨습니다 아 그런 경우에 어떻게 하실지 상황을 가정하고 말씀해 주시기 바랍니다","wordCount":22},"emotion":[],"intent":[]},"answer":{"raw":{"text":"만약 제가 일을 하고 있는데 적성에 너무 맞지 않아서 이 일이 더디고 남들이 하는 반 밖에 효율을 내지 못할 때는 저는 저의 상사 분께 말씀을 드리고 싶습니다. 왜냐하면 그분도 이런 길을 겪으실 수 있었을 테니까요. 만약 상사 분께서 나도 그랬다 하지만 지금 이 자리까지 왔고 너도 할 수 있어 라고 긍정적으로 말씀을 해주신다면 저는 좀 더 참고 제가 효율을 낼 수 있는 적성에 맞게 해보도록 노력을 하겠습니다. 하지만 상사 분께서 이 일은 적성에 맞는 사람만 하는 것이 더 큰 효율을 낼 수 있다 라고 말씀을 하신다면 저는 좀 더 노력을 해 보겠지만 적성에 맞는 곳으로 다시 발걸음을 돌릴 것 같습니다.","wordCount":100},"emotion":[],"intent":[{"text":"","expression":"","category":"attitude"}],"summary":{"text":"일을 하고 있는데 적성에 맞지 않아 일이 더디고 남들이 하는 반 밖에 효율을 내지 못할 때는 제 상사 께 말씀을 드리고 싶습니다. 상사의 긍정적인 말씀에 저는 좀 더 참고하겠지만 적성에 맞는 곳으로 다시 발걸음을 돌리겠습니다.","wordCount":35}}},"rawDataInfo":{"question":{"fileFormat":"wav","fileSize":416078,"duration":13000,"samplingBit":16,"channelCount":1,"samplingRate":"16kHz","audioPath":"/Mock/06.Design/Male/New/ckmk_q_ard_m_n_225060.wav"},"answer":{"fileFormat":"wav","fileSize":1872718,"duration":58520,"samplingBit":16,"channelCount":1,"samplingRate":"16kHz","audioPath":"/Mock/06.Design/Male/New/ckmk_a_ard_m_n_225060.wav"}}}