{"version":"1.0","dataSet":{"info":{"date":"20230116","occupation":"ARD","channel":"MOCK","place":"ONLINE","gender":"MALE","ageRange":"-34","experience":"NEW"},"question":{"raw":{"text":"만약에 지원자님께서 지금 지원하신 이 직무가 아닌 다른 부서에 배치가 된다면 어떻게 하시겠는지요 어 다른 부서에 배치가 돼도 괜찮으시겠는지요 한번 말씀해 주세요","wordCount":22},"emotion":[],"intent":[]},"answer":{"raw":{"text":"회사 입장에서 회사 입장에서 그것이 더 적절하다고 판단이 되었기 때문에 그렇게 배치가 된 것이 아닐까요. 뭐 섭섭할 수도 있습니다 제가 섭섭할 수도 있지만 어쨌든 간에 조직에서 저보다 높으신 상급자 분들께서 그렇게 판단을 내리셨다는 것은 그렇게 배치를 하셨다는 것은 어떤 충분한 고민의 시간과 어떤 지혜와 그런 것에 따른 결정이었다고 믿기 때문에 기꺼이 받아들일 수 있을 것 같습니다. 뭐 그렇다고 제가 이거 하나만 꼭 이거 하나만 할 수 있는 사람 그런 건 아니라서 저는 뭐 이것도 할 수 있고 저것도 할 수 있습니다. 그렇기 때문에 어디 가서도 어 자신 있게 적응할 수 있는 그런 믿음이 있기 때문에 더 오히려 더 도움이 되지 않을까요. 너를 옮겼으니까 나중에 그것을 뭐 감안해서 너에 대한 평가를 내려주겠다 그런 뜻도 솔직히 말씀드려서 기대를 해 볼 수 있는 것 같습니다. 네 기꺼이 받아들일 것 같습니다. 네","wordCount":128},"emotion":[],"intent":[{"text":"","expression":"","category":"attitude"}],"summary":{"text":"조직에서 상급자 분께서 그렇게 판단을 내리셨다는 것은 충분한 고민의 시간과 지혜와 그런 것에 따른 결정이었다고 믿기 때문에 기꺼이 받아들일 수 있을 것 같습니다. 자신감을 가지고 적응할 수 있는 믿음이 있기 때문에 오히려 더 도움이 되지 않을까 생각합니다.","wordCount":37}}},"rawDataInfo":{"question":{"fileFormat":"wav","fileSize":529998,"duration":16560,"samplingBit":16,"channelCount":1,"samplingRate":"16kHz","audioPath":"/Mock/06.Design/Male/New/ckmk_q_ard_m_n_186828.wav"},"answer":{"fileFormat":"wav","fileSize":2382158,"duration":74440,"samplingBit":16,"channelCount":1,"samplingRate":"16kHz","audioPath":"/Mock/06.Design/Male/New/ckmk_a_ard_m_n_186828.wav"}}}