{"version":"1.0","dataSet":{"info":{"date":"20230116","occupation":"ARD","channel":"MOCK","place":"ONLINE","gender":"MALE","ageRange":"-34","experience":"NEW"},"question":{"raw":{"text":"본인이 지금까지 살아오면서 이루었던 성과들 중에 가장 큰 성과는 무엇이었나요 자유롭게 자랑 한번 해주세요","wordCount":14},"emotion":[],"intent":[]},"answer":{"raw":{"text":"제가 이룬 성과 중 가장 큰 성과는 바로 대학교 사 학년 여름 방학 때 인턴 생활을 하였었는데 그곳에서 최우수 인턴으로 뽑혔던 것이 제일 큰 성과입니다. 그리고 그 전에는 제가 그 인턴에서 합격한 것이 바로 영어 어학 점수가 높았다고 생각이 드는데요. 그 영어 점수도 제가 저는 학창 시절에 영어를 놓고 살았던 사람으로서 정말 영어에 대해서 하나도 몰랐지만 제가 결국에 군대에서 영어 공부를 아쉬운 마음에 너무 열심히 했고 하루도 빠짐없이 영어를 공부를 하였고 그 졸업하기 전 이제 전역하고 나서 토익을 쳐봤는데 물론 구백 점이 나왔습니다. 그 통해서 제가 인턴에 뽑히고 그것을 통해서 또 인턴으로 최우수로 수료를 해서 저는 그것이 저의 군대에서의 노력이 결국 인턴 최우수까지 연결되었던 가장 큰 성과가 있던 것 같다고 볼 수 있습니다.","wordCount":113},"emotion":[{"text":"제가 이룬 성과 중 가장 큰 성과는 바로 대학교 사 학년 여름 방학 때 인턴 생활을 하였었는데 그곳에서 최우수 인턴으로 뽑혔던 것이 제일 큰 성과입니다.","expression":"u-fact","category":"neutral"}],"intent":[{"text":"","expression":"","category":"attitude"}],"summary":{"text":"제가 이룬 성과 중 가장 큰 성과는 대학교 사학년 여름 방학 때 인턴 생활을 하였는데 그곳에서 최우수 인턴으로 뽑혔던 것입니다. 그 전에는 영어 어학 점수가 높았는데, 군대에서의 노력이 결국 인턴 최우수까지 연결되었던 가장 큰 성과였던 것 같습니다.","wordCount":37}}},"rawDataInfo":{"question":{"fileFormat":"wav","fileSize":590158,"duration":18440,"samplingBit":16,"channelCount":1,"samplingRate":"16kHz","audioPath":"/Mock/06.Design/Male/New/ckmk_q_ard_m_n_194546.wav"},"answer":{"fileFormat":"wav","fileSize":2726478,"duration":85200,"samplingBit":16,"channelCount":1,"samplingRate":"16kHz","audioPath":"/Mock/06.Design/Male/New/ckmk_a_ard_m_n_194546.wav"}}}