{"version":"1.0","dataSet":{"info":{"date":"20230116","occupation":"ARD","channel":"MOCK","place":"ONLINE","gender":"MALE","ageRange":"-34","experience":"NEW"},"question":{"raw":{"text":"우리 회사에 입사하여 지원자님께서 하고 싶은 업무가 있으십니까 있으시다면 이유와 함께 말씀해 주시기 바랍니다","wordCount":14},"emotion":[],"intent":[]},"answer":{"raw":{"text":"저는 교육 강사를 희망합니다. 십 년 간 현업 실무에서 관련 고객들를 응대하면서 사내 멘토로 활동하였습니다. 그 밖에도 여가 시간을 활용해 블로그를 운영하면서 취업을 준비하는 학생들이나 새로 임직한 초임 사원들을 카운셀러를 자청해 왔습니다. 그러면서 어느 순간 지금 하고 있는 업무보다 멘토 활동이나 블로그에서 정보를 얻어가는 이들이 자리를 잡아가는 것에 더욱 보람을 느끼는 저를 보았습니다. 이에 업무 시간을 틈틈이 활용하여 대학원에 진학해 전공을 바꾸고 교육학 석사를 취득하였습니다. 그리고 그간 현업에서의 경험을 살며 관련 직종 종사자를 위한 경력 개발 방안 연구를 주제로 논문을 썼습니다. 이러한 저의 역량과 업무에 대한 비전을 살려 교육 공사로서 더 많은 사람들에게 꿈을 위한 디딤돌이 되고 싶습니다.","wordCount":98},"emotion":[],"intent":[{"text":"","expression":"","category":"attitude"}],"summary":{"text":"저는 십 년 간 현업 실무에서 관련 고객들을 응대하면서 사내 멘토로 활동하였고 여가 시간을 활용하여 카운셀러를 자청해 왔는데 업무 시간을 틈틈이 활용하여 대학원에 진학해 전공을 바꾸고 교육학 석사를 취득하였습니다.","wordCount":29}}},"rawDataInfo":{"question":{"fileFormat":"wav","fileSize":465358,"duration":14540,"samplingBit":16,"channelCount":1,"samplingRate":"16kHz","audioPath":"/Mock/06.Design/Male/New/ckmk_q_ard_m_n_179511.wav"},"answer":{"fileFormat":"wav","fileSize":2209998,"duration":69060,"samplingBit":16,"channelCount":1,"samplingRate":"16kHz","audioPath":"/Mock/06.Design/Male/New/ckmk_a_ard_m_n_179511.wav"}}}