{"version":"1.0","dataSet":{"info":{"date":"20230116","occupation":"ARD","channel":"MOCK","place":"ONLINE","gender":"MALE","ageRange":"-34","experience":"NEW"},"question":{"raw":{"text":"협업을 할 때 사교성이 좋은 편인가요 또 사교성을 키우기 위해 어떤 노력을 하셨나요","wordCount":13},"emotion":[],"intent":[]},"answer":{"raw":{"text":"협업을 할 때 저는 사교성이 좋은 편입니다. 저는 원래 어느 무리에 가도 잘 물들어서 어우러지는 성격을 가졌고 그래서 큰 갈등 없이 무난하게 협동하는 편입니다. 저는 사교성을 키우기 위해 했던 노력은 다른 사람들의 이야기나 의견을 무시하지 않고 잘 들어주는 것입니다. 다른 사람들의 의견을 존중하고 공감해 준다면 사교성은 어렵지 않게 키울 수 있고 사람들과도 자연스럽게 친해질 수 있기 때문에 협업 시에도 좋은 분위기를 이끌었고 그 결과도 늘 좋은 성과를 얻었었던 경험이 많이 있습니다.","wordCount":71},"emotion":[],"intent":[{"text":"협업을 할 때 저는 사교성이 좋은 편입니다.","expression":"c_person","category":"background"},{"text":"저는 원래 어느 무리에 가도 잘 물들어서   어우러지는 성격을 가졌고 그래서 큰 갈등 없이   무난하게 협동하는 편입니다.","expression":"c_person","category":"background"},{"text":"다른 사람들의 의견을 존중하고 공감해 준다면 사교성은 어렵지 않게 키울 수 있고   사람들과도 자연스럽게 친해질 수 있기 때문에 협업 시에도 좋은 분위기를 이끌었고   그 결과도 늘 좋은 성과를 얻었었던 경험이 많이 있습니다.","expression":"d_sens","category":"attitude"}],"summary":{"text":"협업 시 다른 사람들의 의견을 존중하고 공감해 준다면 사교성은 어렵지 않게 키울 수 있고 사람들과도 자연스럽게 친해질 수 있기 때문에 협업 시에도 좋은 분위기를 이끌었던 경험이 많이 있습니다.","wordCount":28}}},"rawDataInfo":{"question":{"fileFormat":"wav","fileSize":268878,"duration":8400,"samplingBit":16,"channelCount":1,"samplingRate":"16kHz","audioPath":"/Mock/06.Design/Male/New/ckmk_q_ard_m_n_172282.wav"},"answer":{"fileFormat":"wav","fileSize":1953358,"duration":61040,"samplingBit":16,"channelCount":1,"samplingRate":"16kHz","audioPath":"/Mock/06.Design/Male/New/ckmk_a_ard_m_n_172282.wav"}}}