{"version":"1.0","dataSet":{"info":{"date":"20230116","occupation":"ARD","channel":"MOCK","place":"ONLINE","gender":"MALE","ageRange":"-34","experience":"NEW"},"question":{"raw":{"text":"현대 현재 스터디를 하고 계신 것이 있습니까 그 스터디 모임에 대해 설명해 주시고 왜 그 공부를 하고 있는지 이야기해 주십시오","wordCount":20},"emotion":[],"intent":[]},"answer":{"raw":{"text":"저는 지금 스터디를 하고 있습니다. 저는 여러 스터디를 하고 있는데 일단 코딩도 하고 있고 그리고 영어 회화 능력도 하고 있고 그리고 개인적으로 제 취미 생활에 관련된 스터디도 하고 있습니다. 이런 공부를 하는 이유에 대해서 말씀드리자면 저는 매 순간마다 성장해야 된다고 생각합니다. 개인적으로 능력을 키우는 시간은 키우는 시간은 때에 국한되어 있지 않고 항상 그 순간순간에 능력을 향상시켜야 된다고 생각하기 때문에 저는 스터디를 계속함에 따라 저의 개인적인 능력을 향상시키고 그리고 제가 지금 코딩 공부를 하는 이유는 앞으로 코딩이 사용되는 분야가 더 많아지기 때문이고 그리고 영어 회화 능력 시험 회화 능력을 향상시키는 이유 또한 글로벌 시대에 맞춰서 수려한 영어 실력을 통해 업무 향상을 위한 것이기 때문에 스터디를 하고 있습니다.","wordCount":106},"emotion":[],"intent":[{"text":"이런 공부를 하는 이유에 대해서 말씀드리자면 저는 매 순간마다 성장해야 된다고 생각합니다.","expression":"c_imp","category":"personality"},{"text":"개인적으로 능력을 키우는 시간은 키우는 시간은 때에 국한되어 있지 않고 항상 그 순간순간에 능력을 향상시켜야 된다고 생각하기 때문에 저는 스터디를 계속함에 따라 저의 개인적인 능력을 향상시키고 그리고 제가 지금 코딩 공부를 하는 이유는 앞으로 코딩이 사용되는 분야가 더 많아지기 때문이고 그리고 영어 회화 능력 시험 회화 능력을 향상시키는 이유 또한 글로벌 시대에 맞춰서 수려한 영어 실력을 통해 업무 향상을 위한 것이기 때문에 스터디를 하고 있습니다.","expression":"c_imp","category":"personality"}],"summary":{"text":"저는 매 순간마다 성장해야 된다고 생각하기 때문에 스터디를 계속함에 따라 개인적인 능력을 향상시키고, 앞으로 코딩이 사용되는 분야가 더 많아지기 때문에 영어 회화 능력 시험 회화 능력을 향상시키는 이유와 업무 향상을 위한 것입니다.","wordCount":32}}},"rawDataInfo":{"question":{"fileFormat":"wav","fileSize":566478,"duration":17700,"samplingBit":16,"channelCount":1,"samplingRate":"16kHz","audioPath":"/Mock/06.Design/Male/New/ckmk_q_ard_m_n_227986.wav"},"answer":{"fileFormat":"wav","fileSize":2925518,"duration":91420,"samplingBit":16,"channelCount":1,"samplingRate":"16kHz","audioPath":"/Mock/06.Design/Male/New/ckmk_a_ard_m_n_227986.wav"}}}