{"version":"1.0","dataSet":{"info":{"date":"20230116","occupation":"ARD","channel":"MOCK","place":"ONLINE","gender":"MALE","ageRange":"-34","experience":"NEW"},"question":{"raw":{"text":"몇 년 전 우버 택시와 관한 논란이 있었던 걸로 알고 계실 겁니다 지원자님께서는 찬반 양론에 대해 각각 어떻게 생각하고 계십니까","wordCount":20},"emotion":[],"intent":[]},"answer":{"raw":{"text":"어 네 저도 몇 년 전 이 우버 택시에 관한 논란이 있었다는 것을 잘 인지하고 있습니다. 어 이에 관한 찬반 양론이 굉장히 좀 뜨겁게 일어났었는데 우선 어 우버 택시 찬성 쪽의 이야기를 들어보면 그동안 어 대한민국의 이제 뭐 택시 사업이 좀 뭐 여러 갑질 논란도 있고 이 아니면 이제 심야 시간대에는 뭐 좀 돈이 될 만한 사람들을 골라서 태운다 뭐 이러한 좀 다양한 어 좀 택시에 관한 논란이 있었기 때문에 좀 이러한 부분들을 해소하고 좀 요금적인 부분에 있어서도 조금 더 절약을 할 수 있기 때문에 좀 이제 우버 택시를 어 찬성하는 입장에서는 좀 이러한 입장들이 있었고 어 반대로 이제 반대하는 입장은 주로 이제 택시 노조 쪽이었다고 생각을 하는데 뭐 정식적으로 사업 등록을 하고 운행하는 것이 아니다 보니까 어떤 문제가 발생했을 때 이제 책임 문제나 뭐 그런 것들에 대한 안전 문제가 있을 수도 있다고 생각하는 쪽이 반대 쪽이었습니다. 어 저는 개인적으로는 우버 택시를 찬성하고 있는 쪽이지만 뭐 반대 쪽에서 주장하는 입장도 일리가 있기 때문에 이러한 부분들은 보완을 해서 진행해야 할 것 같습니다.","wordCount":161},"emotion":[],"intent":[{"text":"","expression":"","category":"attitude"}],"summary":{"text":"몇 년 전 우버 택시에 관한 논란이 있었습니다. 찬성 쪽에서는 여러 논란들을 해소하고 요금적인 부분을 절약할 수 있기 때문에 찬성하는 입장들이 있었고, 반대하는 입장은 주로 택시 노조 쪽이라서 문제 발생 시 책임 문제나 안전 문제가 있을 수 있다고 생각하는 쪽이라서 보완을 해서 진행해야 할 것 같습니다.","wordCount":46}}},"rawDataInfo":{"question":{"fileFormat":"wav","fileSize":433998,"duration":13560,"samplingBit":16,"channelCount":1,"samplingRate":"16kHz","audioPath":"/Mock/06.Design/Male/New/ckmk_q_ard_m_n_226896.wav"},"answer":{"fileFormat":"wav","fileSize":2768078,"duration":86500,"samplingBit":16,"channelCount":1,"samplingRate":"16kHz","audioPath":"/Mock/06.Design/Male/New/ckmk_a_ard_m_n_226896.wav"}}}