{"version":"1.0","dataSet":{"info":{"date":"20230116","occupation":"ARD","channel":"MOCK","place":"ONLINE","gender":"MALE","ageRange":"-34","experience":"NEW"},"question":{"raw":{"text":"본인이 직접 사내 스터디를 만들어서 공부할 수 있다면 어떤 것을 공부하고 싶으신가요 그리고 그곳을 공부하고 싶은 이유도 함께 말씀해 주시기를 바랍니다","wordCount":21},"emotion":[],"intent":[]},"answer":{"raw":{"text":"사내 스터디라고 한다면 음 저희가 일정 부분 회사에서 지원도 받고 저희도 적금 형식으로 돈을 모아서 해외 디자인 연수를 떠나는 것이 좋다고 생각을 합니다. 스터디를 만들어 놓고 어느 양식을 보러 갈 건지 어느 문화권의 디자인을 체험하러 갈 것인지를 정하고요. 관련된 자료를 수집합니다. 그렇게 해서 자료를 수집하고 나면 그 나라로 갈 경비를 계산해 보고요. 한 번씩 실제로 디자인 연수를 떠나는 것입니다. 디자인 연수라고 한다면 저희가 인터넷만으로 보고 본 것만으론 어떻게 보면 저희가 디자인적 자극을 받기에 부족할 수 있습니다. 그래서 직접 현물이 있는 시장으로 뛰어들어 보는 것이죠. 직접 저희가 디자인 연수를 가 보고 저희가 도안을 따거나 벤치마킹 할 수 있는 좋은 사례들과 디자인이 있다면 직접 해외 연수를 가는 것도 좋은 방법이라고 생각을 합니다. 그렇게 갔다 와서 자기는 우리는 어떤 디자인을 봤고 어떤 영감을 받았고 이 영감을 앞으로 추후에 어떻게 활용할 것인지 보고서를 작성하고요. 그에 따라서 직원들끼리 피드백을 하고 새로운 창조물을 만들기 위해 열심히 회의를 할 수 있을 것 같습니다.","wordCount":146},"emotion":[],"intent":[{"text":"","expression":"","category":"attitude"}],"summary":{"text":"사내 스터디를 만들어 해외 디자인 연수를 떠나는 것이 좋습니다. 직접 현물이 있는 시장으로 참여해 디자인적 자극을 받고, 좋은 사례들과 디자인이 있다면 해외 연수를 가는 것입니다. 그렇게 가서 보고서를 작성하고 피드백을 하고 새로운 창조물을 만들기 위해 열심히 회의를 할 수 있을 것 같습니다.","wordCount":42}}},"rawDataInfo":{"question":{"fileFormat":"wav","fileSize":474638,"duration":14830,"samplingBit":16,"channelCount":1,"samplingRate":"16kHz","audioPath":"/Mock/06.Design/Male/New/ckmk_q_ard_m_n_213988.wav"},"answer":{"fileFormat":"wav","fileSize":2857678,"duration":89300,"samplingBit":16,"channelCount":1,"samplingRate":"16kHz","audioPath":"/Mock/06.Design/Male/New/ckmk_a_ard_m_n_213988.wav"}}}