{"version":"1.0","dataSet":{"info":{"date":"20230116","occupation":"ARD","channel":"MOCK","place":"ONLINE","gender":"MALE","ageRange":"-34","experience":"NEW"},"question":{"raw":{"text":"가장 감명 깊게 읽은 책과 감명 깊게 본 영화는 무엇입니까","wordCount":10},"emotion":[],"intent":[]},"answer":{"raw":{"text":"제가 강명 깊게 읽은 책은 언 바운드라는 책입니다. 이 책은 구글의 조용민 매니저가 쓴 책인데 구글의 문화와 더불어 본인이 생각하는 성장 법칙에 대한 인사이트들을 풀어 쓴 내용인데 인사이트가 너무 뛰어나서 읽으면서도 놀랐던 책입니다. 이 책을 읽고 새로운 정보가 들어오거나 무엇을 보게 되어더라도 저 자신의 일과 업에 대해 연관시키는 연습을 해야 된다는 것을 알게 되었습니다. 끊임없이 배우고 노력하여서 성장해야 한다는 계기를 만들어 준 책입니다. 그리고 감명 깊게 본 영화는 애니메이션 코코입니다. 가족의 사랑을 느끼고 가족과의 유대감을 보여준 따뜻한 영화였고 죽음 이후의 세상에 대해서 조금 다른 시각을 가지게 된 감동적인 영화였습니다.","wordCount":89},"emotion":[{"text":"가족의 사랑을 느끼고 가족과의 유대감을 보여준 따뜻한 영화였고   죽음 이후의 세상에 대해서 조금 다른 시각을 가지게 된   감동적인 영화였습니다.","expression":"p-gratitude","category":"positive"}],"intent":[{"text":"","expression":"","category":"attitude"}],"summary":{"text":"언 바운드라는 책은 구글의 조용민 매니저가 쓴 책인데 본인의 일과 업에 대해 끊임없이 배우고 노력하여서 성장해야 한다는 계기를 만들어 준 책입니다. 그리고 감명 깊게 본 영화는 애니메이션 코코입니다.","wordCount":28}}},"rawDataInfo":{"question":{"fileFormat":"wav","fileSize":286798,"duration":8960,"samplingBit":16,"channelCount":1,"samplingRate":"16kHz","audioPath":"/Mock/06.Design/Male/New/ckmk_q_ard_m_n_172277.wav"},"answer":{"fileFormat":"wav","fileSize":2669518,"duration":83420,"samplingBit":16,"channelCount":1,"samplingRate":"16kHz","audioPath":"/Mock/06.Design/Male/New/ckmk_a_ard_m_n_172277.wav"}}}