{"version":"1.0","dataSet":{"info":{"date":"20230116","occupation":"ARD","channel":"MOCK","place":"ONLINE","gender":"MALE","ageRange":"-34","experience":"NEW"},"question":{"raw":{"text":"만약 지원자님께서 지원하신 해당 직무가 아닌 타 부서에 배치되게 된다면 어떻게 하시겠습니까 그래도 괜찮으신가요","wordCount":14},"emotion":[],"intent":[]},"answer":{"raw":{"text":"저는 이번 예술 디자인 분야의 직무에 지원하였지만 어 회사의 사정상 이 예술 디자인 분야의 직무가 아닌 좀 다른 직무를 해야 하는 그러한 부서에 배치가 된다고 하더라도 어 저는 어 이 상황을 잘 해결해 내기 위해서 좀 많은 노력을 해 볼 것 같습니다. 어 물론 이제 좀 달갑지만은 않은 그런 상황일 것 같긴 할 것 같습니다. 어 예술 디자인 분야의 직무를 어 지원하였고 어 여태까지 해온 일도 어 이런 예술 디자인 분야에만 어 적용해 볼 수 있는 그러한 업무들이었다고 생각을 하기 때문에 아무래도 여태까지 제가 해왔던 직무와는 전혀 다른 성격에 직무를 맡게 된다면 좀 많이 당황할 것 같기도 하고 어 나의 능력을 마음껏 발휘하지 못할 수도 있다 라는 생각을 하게 될 것 같습니다. 하지만 내가 하고 싶어하는 일만 할 수 없는 것이 회사라고 생각을 하기 때문에 어 좀 다른 직무를 맡게 된다고 하더라도 좀 해결해 보려고 많이 노력을 하고 주위 사람들에게 많이 물어보면서 그렇게 업무를 진행해 나가면 괜찮을 것 같습니다.","wordCount":149},"emotion":[],"intent":[{"text":"","expression":"","category":"attitude"}],"summary":{"text":"예술 디자인 분야의 직무에 지원했지만 회사의 사정상 다른 직무를 해야 하는 부서에 배치가 되어도 해결 노력을 해 볼 것 같습니다. 하지만 제가 하고 싶어하는 일만 할 수 없는 것이 회사라고 생각을 하기 때문에 주위 사람들에게 많이 물어보면서 업무를 진행해 나가면 괜찮습니다.","wordCount":41}}},"rawDataInfo":{"question":{"fileFormat":"wav","fileSize":373838,"duration":11680,"samplingBit":16,"channelCount":1,"samplingRate":"16kHz","audioPath":"/Mock/06.Design/Male/New/ckmk_q_ard_m_n_219087.wav"},"answer":{"fileFormat":"wav","fileSize":2602958,"duration":81340,"samplingBit":16,"channelCount":1,"samplingRate":"16kHz","audioPath":"/Mock/06.Design/Male/New/ckmk_a_ard_m_n_219087.wav"}}}