{"version":"1.0","dataSet":{"info":{"date":"20230116","occupation":"ARD","channel":"MOCK","place":"ONLINE","gender":"MALE","ageRange":"-34","experience":"NEW"},"question":{"raw":{"text":"면접자님이 생각했을 때 내가 생각하는 단점은 이것이다 그리고 이것을 보완하기 위해서 내가 이러한 노력을 했다 말씀 좀 부탁드리겠습니다 자세하게 설명할수록 좋습니다","wordCount":21},"emotion":[],"intent":[]},"answer":{"raw":{"text":"주변 친구들로부터 저는 성격이 급 급하다는 평가를 듣고는 했습니다. 그래서 인지 단체 활동할 때 어려움이 조금 있었습니다. 하지만 여러 가지 활동을 통해서 빠른 일 처리보다는 정확한 일 처리가 중요하다는 것을 배우게 되었습니다. 그 이후로 협업을 할 때에는 주어진 일을 한 번 더 확인하고 부족한 점은 사람들과 상호 보완하면서 노력하고 있습니다. 이상입니다.","wordCount":51},"emotion":[],"intent":[{"text":"주변 친구들로부터 저는 성격이 급 급하다는 평가를 듣고는 했습니다.","expression":"c_person","category":"background"}],"summary":{"text":"저는 성격이 급해서 단체 활동 시 어려움이 조금 있었지만 여러 활동으로 정확한 일 처리가 중요하다는 것을 배우게 되었고 협업 시 보완하면서 노력하고 있습니다.","wordCount":23}}},"rawDataInfo":{"question":{"fileFormat":"wav","fileSize":584398,"duration":18260,"samplingBit":16,"channelCount":1,"samplingRate":"16kHz","audioPath":"/Mock/06.Design/Male/New/ckmk_q_ard_m_n_177703.wav"},"answer":{"fileFormat":"wav","fileSize":1530958,"duration":47840,"samplingBit":16,"channelCount":1,"samplingRate":"16kHz","audioPath":"/Mock/06.Design/Male/New/ckmk_a_ard_m_n_177703.wav"}}}