{"version":"1.0","dataSet":{"info":{"date":"20230116","occupation":"ARD","channel":"MOCK","place":"ONLINE","gender":"MALE","ageRange":"-34","experience":"NEW"},"question":{"raw":{"text":"살면서 지원자님께서 가장 힘들었던 점은 무엇이었습니까 그 점을 극복하기 위해서 특별한 노력들을 해 오셨습니까","wordCount":14},"emotion":[],"intent":[]},"answer":{"raw":{"text":"제가 군 생활을 할 때 업무적인 문제로 선임과의 갈등이 있었습니다. 그로 인해서 선임과의 사이도 좋지 못했고 권위적이고 강압적인 분이었기에 어쩔 수 없이 따라야 했고 그로 인해서 스트레스도 많이 받았던 기억이 있습니다. 갈등에 해결은 선임이 먼저 제대를 하고 난 후에 어쩔 수 없이 기다린 끝에 해 해소가 되었으며 저는 이 경험을 토대로 그 어 후임들과 소통을 하며 불만 사항이 없이 지내려고 노력을 했던 기억이 있습니다. 이상입니다.","wordCount":65},"emotion":[{"text":"그로 인해서 선임과의 사이도 좋지 못했고 권위적이고 강압적인 분이었기에   어쩔 수 없이 따라야 했고 그로 인해서 스트레스도 많이 받았던 기억이 있습니다.","expression":"n-distress","category":"negative"}],"intent":[{"text":"","expression":"","category":"attitude"}],"summary":{"text":"군 생활 시 업무적인 문제로 선임과의 갈등이 있었습니다. 선임이 먼저 제대를 하고 난 후에 갈등 해결이 되었으며 이 경험을 토대로 후임들과 불만 사항이 없이 지내려고 노력했습니다.","wordCount":26}}},"rawDataInfo":{"question":{"fileFormat":"wav","fileSize":508238,"duration":15880,"samplingBit":16,"channelCount":1,"samplingRate":"16kHz","audioPath":"/Mock/06.Design/Male/New/ckmk_q_ard_m_n_177896.wav"},"answer":{"fileFormat":"wav","fileSize":1665998,"duration":52060,"samplingBit":16,"channelCount":1,"samplingRate":"16kHz","audioPath":"/Mock/06.Design/Male/New/ckmk_a_ard_m_n_177896.wav"}}}