{"version":"1.0","dataSet":{"info":{"date":"20230116","occupation":"ARD","channel":"MOCK","place":"ONLINE","gender":"MALE","ageRange":"-34","experience":"NEW"},"question":{"raw":{"text":"만약에 본인이 타 부서와 갈등 상황이 발생한다면 이를 어떻게 해결하실지 말씀해 주시구요 그리고 상황을 가정하고 말씀해 주시면 됩니다","wordCount":18},"emotion":[],"intent":[]},"answer":{"raw":{"text":"제가 만약에 입사를 하게 된 후에 어 어떤 업무를 진행함에 있어서 우리 부서 안에서만 해결할 수 있는 그런 일뿐만 아니라 타 부서와도 협업을 하여서 업무를 진행하는 경우가 어 꽤나 많이 발생할 것 같습니다. 어 예를 들면 어 이제 마케팅 부서에서 어떤 마케팅을 진행할 때 어 좀 이런 이런 디자인 광고 디자인이 필요하겠다 라는 뭐 요청이 들어오게 된다면 이제 그 요청에 응해서 그에 걸맞는 어 디자인을 뽑아내는 것이 이제 디자인 부서의 일이라고 할 수 있겠는데요. 어 이제 그렇다 보면 그 마케팅 부서 쪽에서 애초에 원했던 디자인 약간 느낌과 디자인 부서에서 최종적으로 뽑아낸 디자인이 어느 정도 이미지가 안 맞는다거나 뭐 그러한 약간의 갈등이 발생할 수도 있을 것 같습니다. 그리고 뭐 언제까지 디자인 작업을 마무리해 달라고 부탁했는데 어 너무 밀려 있는 업무가 많아서 뭐 그런 것들을 처리할 수 없는 상황이라든지 이 그런 상황에서는 서로 좀 많은 대화를 통한 조율이 가장 중요할 것 같습니다.","wordCount":140},"emotion":[],"intent":[{"text":"","expression":"","category":"attitude"}],"summary":{"text":"업무 진행에 있어 타 부서와 협업을 하여서 업무를 진행하는 경우가 꽤 많이 발생할 것 같습니다. 예를 들면 마케팅 부서에서 디자인 광고 디자인 요청이 들어오면 그에 맞게 디자인을 뽑아내는 것이 디자인 부서의 일이라고 할 수 있습니다. 이때 서로 많은 대화를 통한 조율이 가장 중요합니다.","wordCount":43}}},"rawDataInfo":{"question":{"fileFormat":"wav","fileSize":549838,"duration":17180,"samplingBit":16,"channelCount":1,"samplingRate":"16kHz","audioPath":"/Mock/06.Design/Male/New/ckmk_q_ard_m_n_226894.wav"},"answer":{"fileFormat":"wav","fileSize":2710798,"duration":84710,"samplingBit":16,"channelCount":1,"samplingRate":"16kHz","audioPath":"/Mock/06.Design/Male/New/ckmk_a_ard_m_n_226894.wav"}}}