{"version":"1.0","dataSet":{"info":{"date":"20230116","occupation":"ARD","channel":"MOCK","place":"ONLINE","gender":"MALE","ageRange":"-34","experience":"NEW"},"question":{"raw":{"text":"본인의 생각이 아닌 지원자님의 다른 주변 사람들이 생각하는 지원자님의 단점과 장점을 모두 말씀해 주시면 되겠습니다","wordCount":15},"emotion":[],"intent":[]},"answer":{"raw":{"text":"제 주변 사람들이 생각하는 저의 단점과 장점에 대해서 얘기해 드리도록 하겠습니다. 제 주변 사람들은 저에게 조금 판단 하는 것이 느리다고 합니다. 판단을 할 때에 신중을 가하기 때문에 많은 시간이 걸리는 것에 대해서 답답함을 느끼는 부분이 라고 생각합니다. 물론 그 판단이 늦어지기 때문에 어떤 한 사항에 대해서 결정을 할 때까지 시간이 걸리는 것은 저의 단점이었지만 그 단점 또한 제가 또한 일을 함에 있어서 신중을 가하는 것이기 때문에 다른 사람들이 보기에는 단점이라 생각할 수 있을지라도 제가 생각하기에는 단점 장 오히려 장점에 가까운 것 같습니다. 그리고 저희 주변 사람들이 저를 볼 때 장점이라고 생각하는 것은 제 생각이 창의적이다 라는 말을 많이 듣는 것 같습니다. 제 창의적인 생각을 통해서 여러 가지 어려운 문제들을 해결하거나 그 문제를 어떠한 상황이 난처했을 때 난처한 상황에 처했을 때 그 상황을 해결한 적도 있습니다.","wordCount":125},"emotion":[],"intent":[{"text":"","expression":"","category":"attitude"}],"summary":{"text":"주변 사람들은 제 판단이 느리고 신중을 가하기 때문에 많은 시간이 걸리는 것에 답답함을 느낀다고 합니다. 하지만 제 생각에는 제 생각이 창의적이라는 말을 많이 듣습니다. 창의적인 생각을 통해서 여러 가지 어려운 문제들을 해결하거나 어떤 상황이 난처했을 때 난처한 상황에 처했을 때 그 상황을 해결한 적도 있습니다.","wordCount":45}}},"rawDataInfo":{"question":{"fileFormat":"wav","fileSize":333518,"duration":10420,"samplingBit":16,"channelCount":1,"samplingRate":"16kHz","audioPath":"/Mock/06.Design/Male/New/ckmk_q_ard_m_n_180058.wav"},"answer":{"fileFormat":"wav","fileSize":2865998,"duration":89560,"samplingBit":16,"channelCount":1,"samplingRate":"16kHz","audioPath":"/Mock/06.Design/Male/New/ckmk_a_ard_m_n_180058.wav"}}}