{"version":"1.0","dataSet":{"info":{"date":"20230116","occupation":"ARD","channel":"MOCK","place":"ONLINE","gender":"MALE","ageRange":"-34","experience":"NEW"},"question":{"raw":{"text":"지원자께서 스스로 직장을 선택할 때에 가장 중요하게 생각하는 세 가지가 무엇인지 궁금합니다 그 세 가지가 각각 무엇인지 저에게 말씀해 주시길 바랍니다","wordCount":21},"emotion":[],"intent":[]},"answer":{"raw":{"text":"제가 직장을 선택할 때 가장 중요하게 여기는 세 가지 중에 첫 번째는 제가 맡은 업무입니다. 업무가 저에 적성에 잘 맞아야지 저에게도 그리고 회사에게도 발전이 있다고 생각합니다. 그렇기 때문에 첫 번째로는 적성에 잘 맞는 업무를 제일 중요하게 생각하고 두 번째는 회사와 집과의 거리입니다. 출 퇴근 시간에서 많은 시간을 잡아먹게 된다면 아무래도 그렇지 않은 상황에서 보다 피곤함이 커지고 자기 계발에 시간을 쓸 수 있는 시간도 줄어들기 때문입니다. 마지막으로는 회사의 분위기입니다. 분위기가 저와 잘 맞는 곳을 선택해야 그 회사에 적응하기도 편하고 사람들과의 관계도 좀 더 원활하게 지낼 수 있기 때문에 즐겁게 일을 할 수 있을 것 같습니다.","wordCount":94},"emotion":[],"intent":[{"text":"","expression":"","category":"attitude"}],"summary":{"text":"직장 선택 시 중요하게 여기는 세 가지 중 첫 번째는 제가 맡은 업무이고, 두 번째는 회사와 집과의 거리이고, 마지막으로는 회사의 분위기 입니다.","wordCount":22}}},"rawDataInfo":{"question":{"fileFormat":"wav","fileSize":547278,"duration":17100,"samplingBit":16,"channelCount":1,"samplingRate":"16kHz","audioPath":"/Mock/06.Design/Male/New/ckmk_q_ard_m_n_177833.wav"},"answer":{"fileFormat":"wav","fileSize":2334158,"duration":72940,"samplingBit":16,"channelCount":1,"samplingRate":"16kHz","audioPath":"/Mock/06.Design/Male/New/ckmk_a_ard_m_n_177833.wav"}}}