{"version":"1.0","dataSet":{"info":{"date":"20230116","occupation":"ARD","channel":"MOCK","place":"ONLINE","gender":"MALE","ageRange":"-34","experience":"NEW"},"question":{"raw":{"text":"지금까지 인생을 살면서 가장 후회되는 일이 있으신가요 어떤 일인지 한 가지만 말씀해 주세요","wordCount":13},"emotion":[],"intent":[]},"answer":{"raw":{"text":"어 후회되는 일이요 음. 후회되는 일. 기술적인 걸 조금 음 배워 놓지 못한 거 네 현실적인 부분이죠. 그게 어 머리로 알고는 있었지만 기술이 뭐 최고다 뭐 경 그러니까 수입을 수입 활동을 하는 거에 있어서도 장기적으로 어 무얼 하든지 간에 나중에 그게 있으면 어떻게든 네 경제적 활동을 할 수 있으니까. 근데 알면서도 참 그게 어 실제로 어떤 실천을 하기까지가 쉽지가 않고 그 무언가를 배우려는 실천을 하기까지가 네 계속 그냥 그런 상태로 지금까지 흘러왔기 때문에 뭔가 대충이라도 알고 있을 때 쪼금 노력을 할 걸 쪼금 학원을 다니던 공부를 좀 할 걸 이런 생각이 드는 것 같애요. 현실적인 부분에서 네. 그렇게라도 좀 배워 놨으면 좋았을 걸 이런 생각을 어 종종 했었습니다 최근 몇 년 정도. 그렇습니다.","wordCount":113},"emotion":[],"intent":[{"text":"","expression":"","category":"attitude"}],"summary":{"text":"기술적인 것을 배워 놓지 못한 것이 후회되는 일 입니다. 근데 실제로 어떤 실천을 하기가 쉽지가 않고 계속 그렇게 흘러왔기 때문에 뭔가 대충이라도 알고 있을 때 조금 노력을 할 걸 학원을 다니던 공부를 좀 할 걸 하는 생각이 듭니다.","wordCount":38}}},"rawDataInfo":{"question":{"fileFormat":"wav","fileSize":343118,"duration":10720,"samplingBit":16,"channelCount":1,"samplingRate":"16kHz","audioPath":"/Mock/06.Design/Male/New/ckmk_q_ard_m_n_189115.wav"},"answer":{"fileFormat":"wav","fileSize":2836238,"duration":88630,"samplingBit":16,"channelCount":1,"samplingRate":"16kHz","audioPath":"/Mock/06.Design/Male/New/ckmk_a_ard_m_n_189115.wav"}}}