{"version":"1.0","dataSet":{"info":{"date":"20230116","occupation":"ARD","channel":"MOCK","place":"ONLINE","gender":"MALE","ageRange":"-34","experience":"NEW"},"question":{"raw":{"text":"회사의 덕목은 무엇이라고 생각하십니까 어떤 회사가 좋은 회사라고 생각하는지 지원자님의 생각을 말씀해 주세요","wordCount":13},"emotion":[],"intent":[]},"answer":{"raw":{"text":"지금 회사의 덕목은 직원들에게 복지를 실현시켜주고 사회적 공헌 활동을 하는 기업이 좋은 기업이라고 생각을 합니다. 일단 직원들에게 복지를 실현해 주는 것은 곧 회사 입장에서도 인적 자원이라는 곳에 투자를 하는 것이기 때문에 그리고 또한 기업의 모든 생산물들은 물론 기계가 만들어주지만 연쿠 개발 그 같은 분야에서는 모두 다 사람이 하는 일이기 때문에 그러한 것들에 있어서는 인적자원에 대한 투자 즉 복지 실현이라는 것이 조직의 입장에서는 매우 중요한 부분으로 작용된다고 생각합니다. 그리고 사회적 공헌 활동 같은 경우에도 기업이 이제 거대 기업으로서 다 자리를 잡게 되었다면 그만한 사회적 책임이 지어지게 되는데요. 왜냐하면은 사회로부터 제품이 수요가 되고 그리고 그러한 사회로 사회에게 제품을 공급하고 그리고 직원들도 그러한 사회로부터 직원들을 이제 수요하는 것이기 때문에 그러한 사회에 대한 공헌 또한 필요하다고 생각을 하고 어 투자 기업에서도 이제 이에스씨 경영 부분에 사회적 책임에 대한 지표도 굉장히 중요시하기 때문에 좋은 회사는 바로 그런 것인 것 같습니다.","wordCount":135},"emotion":[],"intent":[{"text":"","expression":"","category":"attitude"}],"summary":{"text":"기업의 덕목은 직원들에게 복지를 실현시켜주고 사회적 공헌 활동을 하는 것입니다. 복지 실현은 인적자원에 대한 투자이기 때문에 조직의 입장에서는 매우 중요한 부분으로 작용합니다. 사회적 공헌 활동도 사회로부터 제품이 공급되고 직원들도 사회로부터 직원들을 수요하는 것이므로 사회적 책임이 있습니다.","wordCount":36}}},"rawDataInfo":{"question":{"fileFormat":"wav","fileSize":504398,"duration":15760,"samplingBit":16,"channelCount":1,"samplingRate":"16kHz","audioPath":"/Mock/06.Design/Male/New/ckmk_q_ard_m_n_194378.wav"},"answer":{"fileFormat":"wav","fileSize":2824078,"duration":88250,"samplingBit":16,"channelCount":1,"samplingRate":"16kHz","audioPath":"/Mock/06.Design/Male/New/ckmk_a_ard_m_n_194378.wav"}}}