{"version":"1.0","dataSet":{"info":{"date":"20230116","occupation":"ARD","channel":"MOCK","place":"ONLINE","gender":"MALE","ageRange":"-34","experience":"NEW"},"question":{"raw":{"text":"협업을 할 때 사교성이 좋은 편이신지 궁금합니다 사교성을 키우기 위해 어떤 노력을 하셨습니까","wordCount":13},"emotion":[],"intent":[]},"answer":{"raw":{"text":"저는 기본적으로 사교성이 많이 장착되어 있는 사람이라고 생각을 합니다. 사교 문제에 있어서는 어려움을 겪었던 적이 거의 없습니다. 항상 친구들이랑도 친하게 지내고 항상 저는 제가 먼저 다가가는 성격이었습니다. 한 가지 팁을 드리자면 날씨 얘기를 하는 것입니다. 초면에 날씨 얘기를 하게 되면 땡뜽한 분위기를 날씨 얘기로 부드럽게 풀 수가 있습니다. 그렇게 부드럽게 풀어진 분위기는 다음 이야기로 넘어갈 수 있고 그 사람과의 어떤 친밀 관계를 형성하는데 매우 매끄럽게 해주는 그런 전 단계가 바로 날씨 얘기라고 생각을 합니다. 그래서 저는 매일 날씨를 확인합니다. 오늘 비가 오는지 날이 더운지 날이 추운지 매일 항상 확인하고 다닙니다. 그렇기 때문에 비가 오는 상황에서도 저는 항상 우산을 갖고 다니고 우산을 갖고 오지 않는 사람들이 있다면 제 우산을 기꺼이 내어 줍니다. 이런 준비된 사교성 이런 준비된 사교성이 저를 더욱더 성장시켜 주었습니다.","wordCount":121},"emotion":[],"intent":[{"text":"저는 기본적으로 사교성이 많이 장착되어 있는 사람이라고 생각을 합니다.","expression":"c_person","category":"background"},{"text":"항상 친구들이랑도 친하게 지내고 항상 저는 제가 먼저 다가가는 성격이었습니다.","expression":"c_person","category":"background"}],"summary":{"text":"저는 기본적으로 사교성이 많이 장착되어 있는 사람이라고 생각하며 초면에 날씨 얘기를 하면 그 사람과의 친밀 관계를 매우 매끄럽게 해주는 전 단계가 날씨 얘기라고 생각합니다. 그래서 비가 오는 상황에서도 항상 우산을 갖고 다니며 준비된 사교성은 저를 더욱더 성장시켜 주었습니다.","wordCount":38}}},"rawDataInfo":{"question":{"fileFormat":"wav","fileSize":325838,"duration":10180,"samplingBit":16,"channelCount":1,"samplingRate":"16kHz","audioPath":"/Mock/06.Design/Male/New/ckmk_q_ard_m_n_194166.wav"},"answer":{"fileFormat":"wav","fileSize":2668878,"duration":83400,"samplingBit":16,"channelCount":1,"samplingRate":"16kHz","audioPath":"/Mock/06.Design/Male/New/ckmk_a_ard_m_n_194166.wav"}}}