{"version":"1.0","dataSet":{"info":{"date":"20230116","occupation":"ARD","channel":"MOCK","place":"ONLINE","gender":"MALE","ageRange":"-34","experience":"NEW"},"question":{"raw":{"text":"현재 디자인 트렌드가 무엇이라고 생각하는지 그리고 트렌드를 읽기 위해 평소 어떠한 노력을 기울이고 있나요","wordCount":14},"emotion":[],"intent":[]},"answer":{"raw":{"text":"현재 디자인 트렌드는 저는 단순함이라고 생각합니다. 과거의 많은 디자인들을 추가해 복잡한 디자인들이 유행이었다면 지금은 좀 더 덜어내고 하나를 더 덜어내 그 중에서 한 번 더 덜어낸 디자인들이 사용자들에게 트렌드고 인기가 끄는 디자인이라고 말할 수 있는데요. 그렇게 생각하는 이유는 요즘은 생각보다 깔끔하고 단결하며 간결한 디자인들을 선호하는 사람들이 많습니다. 저는 트렌드를 읽기 위해 평소에 디자인 잡지 핀터레스트 그리고 전시회들을 직접 찾아가 아 요즘은 이런 디자인들을 선호하는구나 라고 깨달고 있기 때문에 저는 그것이 요즘에 디자인 트렌드라고 생각합니다.","wordCount":74},"emotion":[],"intent":[{"text":"현재 디자인 트렌드는 저는 단순함이라고 생각합니다.","expression":"d_trendy","category":"technology"},{"text":"과거의 많은 디자인들을 추가해 복잡한 디자인들이 유행이었다면 지금은 좀 더 덜어내고 하나를 더 덜어내 그 중에서 한 번 더 덜어낸 디자인들이 사용자들에게 트렌드고 인기가 끄는 디자인이라고 말할 수 있는데요.","expression":"d_trendy","category":"technology"},{"text":"저는 트렌드를 읽기 위해 평소에 디자인 잡지 핀터레스트 그리고 전시회들을 직접 찾아가 아 요즘은 이런 디자인들을 선호하는구나 라고 깨달고 있기 때문에 저는 그것이 요즘에 디자인 트렌드라고 생각합니다.","expression":"d_trendy","category":"technology"}],"summary":{"text":"지금 디자인 트렌드는 단순한 디자인으로, 더 덜어내고 하나를 더 덜어낸 디자인들이 사용자들에게 트렌드이고 인기가 끄는 디자인입니다. 요즘은 의외로 깔끔하고 단결하며 간결한 디자인들을 선호하는 사람들이 많습니다.","wordCount":25}}},"rawDataInfo":{"question":{"fileFormat":"wav","fileSize":497998,"duration":15560,"samplingBit":16,"channelCount":1,"samplingRate":"16kHz","audioPath":"/Mock/06.Design/Male/New/ckmk_q_ard_m_n_225252.wav"},"answer":{"fileFormat":"wav","fileSize":1676878,"duration":52400,"samplingBit":16,"channelCount":1,"samplingRate":"16kHz","audioPath":"/Mock/06.Design/Male/New/ckmk_a_ard_m_n_225252.wav"}}}