{"version":"1.0","dataSet":{"info":{"date":"20230116","occupation":"ARD","channel":"MOCK","place":"ONLINE","gender":"MALE","ageRange":"-34","experience":"NEW"},"question":{"raw":{"text":"트렌드는 계속 변하고 있습니다 혹시 본인이 생각하시는 어 최근의 디자인 트렌드는 뭐라고 생각하시는지 말씀해 주세요","wordCount":15},"emotion":[],"intent":[]},"answer":{"raw":{"text":"저는 트렌드를 파악하기 위해서 지하철 역을 갑니다. 지하철 역은 정말 많은 사람들이 오고 가는 아주 그런 정말 화계 장터 같은 곳이라고 저는 생각을 합니다. 거기에서는 지하철에서는 혹 몰라요 요새 제가 다니는 시간 때가 너무 늦어 가지고 애들은 많이 못 봤는데 이십 대에서부터 저기 팔십 세 노인분들까지 정말 많은 분들의 그런 어떤 패션 패션뿐만이 아니라 옷을 어떻게 차려 입는지 뿐만이 아니라 무엇을 하고 있고 어떤 준비 상태를 통해서 어디로 가고 있는지 뭘 들고 가고 있는지 아 저 사람의 생활 양상은 저렇겠다 아 저 사람은 저기서 지금 저런 상태로 걸어가고 있으니까 어딘가를 가겠다 아 저 사람 없이 피곤해 보이네 어딘가에서 집으로 가는 길이겠다 그런 모습들을 통해서 트렌드를 파악합니다. 요새 트렌드는 마스크를 벗는 것입니다. 지하철에서는 벗을 수 없지만 지하철 바깥에서는 대부분의 사람들이 마스크를 벗을려고 하고 있어요. 네","wordCount":124},"emotion":[],"intent":[{"text":"저는 트렌드를 파악하기 위해서 지하철 역을 갑니다.","expression":"d_trendy","category":"technology"},{"text":"거기에서는 지하철에서는 혹 몰라요 요새 제가 다니는 시간 때가 너무 늦어 가지고 애들은 많이 못 봤는데 이십 대에서부터 저기 팔십 세 노인분들까지 정말 많은 분들의 그런 어떤 패션 패션뿐만이 아니라 옷을 어떻게 차려 입는지 뿐만이 아니라 무엇을 하고 있고 어떤 준비 상태를 통해서 어디로 가고 있는지 뭘 들고 가고 있는지 아 저 사람의 생활 양상은 저렇겠다 아 저 사람은 저기서 지금 저런 상태로 걸어가고 있으니까 어딘가를 가겠다 아 저 사람 없이 피곤해 보이네 어딘가에서 집으로 가는 길이겠다 그런 모습들을 통해서 트렌드를 파악합니다.","expression":"d_trendy","category":"technology"},{"text":"요새 트렌드는 마스크를 벗는 것입니다.","expression":"d_trendy","category":"technology"}],"summary":{"text":"트렌드 파악을 위해 지하철 역으로 가서 트렌드를 파악합니다. 트렌드는 마스크를 벗는 것으로 지하철에서는 벗을 수 없지만 지하철 바깥에서는 대부분의 사람들이 마스크를 벗으려고 하고 있습니다.","wordCount":24}}},"rawDataInfo":{"question":{"fileFormat":"wav","fileSize":367438,"duration":11480,"samplingBit":16,"channelCount":1,"samplingRate":"16kHz","audioPath":"/Mock/06.Design/Male/New/ckmk_q_ard_m_n_198676.wav"},"answer":{"fileFormat":"wav","fileSize":2656078,"duration":83000,"samplingBit":16,"channelCount":1,"samplingRate":"16kHz","audioPath":"/Mock/06.Design/Male/New/ckmk_a_ard_m_n_198676.wav"}}}