{"version":"1.0","dataSet":{"info":{"date":"20230116","occupation":"ARD","channel":"MOCK","place":"ONLINE","gender":"MALE","ageRange":"-34","experience":"NEW"},"question":{"raw":{"text":"대학 생활을 보내면서 가장 힘들었던 경험은 어떤 것이 있었을까요 어 그 경험에 대해 말씀해 주시고 또 그것을 어떻게 극복했는지도 함께 말씀해 주시기 바랍니다","wordCount":23},"emotion":[],"intent":[]},"answer":{"raw":{"text":"아침에 일어나는 것이 가장 힘들었었습니다. 초등학교에 입학하고서부터 고등학교를 졸업할 때까지 수능을 마무리 지을 때까지 항상 아침 일곱 시에 일어났었어야 했었습니다. 그런 삶이 너무 지쳐서 대학생이 되면 시간을 마음대로 조절할 수 있다고 얘기를 들었어서 아 대학생이면은 잠을 많이 잘 수 있겠구나 라는 그런 희망을 안고 부푼 꿈을 안고 그렇게 공부를 열심히 해서 대학생이 되었는데 학과 생활도 너무 많았고 아침에 들어야 할 수업도 너무 많았고 이상하게 아침에 학과 활동을 해야 되는 것들이 있었어 가지고 어떤 날은 뭐 새벽 네 시 다섯 시 이렇게 일어나야 할 때도 있었어서 잠을 자지 못하고 빨리빨리 일어나야 한다는 것이 너무 힘들었었습니다. 그래도 대학교 때는 뭐 고등학교 때보다 중고등학교 때보다 방학은 길었어서 방학 방학이 길었서 그건 좋았던 것 같습니다.","wordCount":111},"emotion":[{"text":"초등학교에 입학하고서부터 고등학교를 졸업할 때까지 수능을 마무리 지을 때까지   항상 아침 일곱 시에 일어났었어야 했었습니다.","expression":"u-fact","category":"neutral"},{"text":"그런 삶이 너무 지쳐서 대학생이 되면 시간을 마음대로 조절할 수 있다고 얘기를 들었어서 아 대학생이면은   잠을 많이 잘 수 있겠구나 라는 그런 희망을 안고 부푼 꿈을 안고 그렇게 공부를 열심히 해서 대학생이 되었는데   학과 생활도 너무 많았고 아침에 들어야 할 수업도 너무 많았고   이상하게 아침에 학과 활동을 해야 되는 것들이 있었어 가지고 어떤 날은   뭐 새벽 네 시 다섯 시 이렇게 일어나야 할 때도 있었어서 잠을 자지 못하고 빨리빨리 일어나야 한다는 것이 너무 힘들었었습니다.","expression":"n-distress","category":"negative"}],"intent":[{"text":"초등학교에 입학하고서부터 고등학교를 졸업할 때까지 수능을 마무리 지을 때까지   항상 아침 일곱 시에 일어났었어야 했었습니다.","expression":"c_private","category":"background"}],"summary":{"text":"초등학교 때부터 고등학교 졸업까지 항상 아침 7시에 일어나야 했던 삶이 너무 지쳐 대학생이 되면 시간을 자유롭게 조절할 수 있다는 말을 듣고 열심히 공부해서 대학생이 되었는데, 학과 생활과 학과 활동을 너무 많이 해서 잠을 자지 못하고 빨리 일어나야 하는 것이 너무 힘들었습니다.","wordCount":41}}},"rawDataInfo":{"question":{"fileFormat":"wav","fileSize":467278,"duration":14600,"samplingBit":16,"channelCount":1,"samplingRate":"16kHz","audioPath":"/Mock/06.Design/Male/New/ckmk_q_ard_m_n_186825.wav"},"answer":{"fileFormat":"wav","fileSize":2551118,"duration":79720,"samplingBit":16,"channelCount":1,"samplingRate":"16kHz","audioPath":"/Mock/06.Design/Male/New/ckmk_a_ard_m_n_186825.wav"}}}