{"version":"1.0","dataSet":{"info":{"date":"20230116","occupation":"ARD","channel":"MOCK","place":"ONLINE","gender":"MALE","ageRange":"-34","experience":"NEW"},"question":{"raw":{"text":"상사가 회사의 이익에 반하는 행동을 하는 것을 만약 지원자님이 눈앞으로 직접 목격했다면 그때 지원자님은 이것에 대하여 어떻게 대응해서 행동하실 건가요","wordCount":20},"emotion":[],"intent":[]},"answer":{"raw":{"text":"만약 성사가 회사에 이익에 반하는 행동을 할 때 제가 그걸 목격했다면 저는 그 제 관점이 틀릴 수도 있다는 전제를 우선 두고 그 상사에게 해당 업무가 어 회사에 이익에 반하는 것이 아닌지 한번 얘기를 나눠야 한다고 생각합니다. 얘기를 나눠서 문제가 적절하게 해결이 된다면 가장 좋겠지만 그렇게 얘기를 해도 해결이 안 됐을 경우에는 해당 업무가 뭐 객관적으로 회사의 업무 규정을 벗어나는 건지 그거에 대한 그거에 대해서 잘 아는 다른 동료나 또는 해당 부서에 관한 관 해당 부서에 찾아가서 상담을 받아보고 어 적절한 해결책을 제시해 볼 것 같습니다.","wordCount":85},"emotion":[],"intent":[{"text":"얘기를 나눠서 문제가 적절하게 해결이 된다면 가장 좋겠지만 그렇게 얘기를 해도 해결이 안 됐을 경우에는 해당 업무가 뭐 객관적으로 회사의 업무 규정을 벗어나는 건지 그거에 대한 그거에 대해서 잘 아는 다른 동료나 또는 해당 부서에 관한 관 해당 부서에 찾아가서 상담을 받아보고 어 적절한 해결책을 제시해 볼 것 같습니다.","expression":"c_confl_mg","category":"personality"}],"summary":{"text":"회사 이익에 반하는 행동을 목격했다면 상사에게 해당 업무가 회사에 이익에 반하는지 한번 얘기를 나눠야 합니다. 그렇게 되지 않았을 경우 해당업무가 객관적으로 회사의 업무 규정을 벗어나는 건지 상담 후 해결책을 제시해야 합니다.","wordCount":31}}},"rawDataInfo":{"question":{"fileFormat":"wav","fileSize":564558,"duration":17640,"samplingBit":16,"channelCount":1,"samplingRate":"16kHz","audioPath":"/Mock/06.Design/Male/New/ckmk_q_ard_m_n_193365.wav"},"answer":{"fileFormat":"wav","fileSize":1753678,"duration":54800,"samplingBit":16,"channelCount":1,"samplingRate":"16kHz","audioPath":"/Mock/06.Design/Male/New/ckmk_a_ard_m_n_193365.wav"}}}