{"version":"1.0","dataSet":{"info":{"date":"20230116","occupation":"ARD","channel":"MOCK","place":"ONLINE","gender":"MALE","ageRange":"-34","experience":"NEW"},"question":{"raw":{"text":"지원자님께서 생각하시기에 본인의 노년은 어떤 모습이었으면 하시나요 자신이 그리고 있는 이상적인 노년의 모습을 말씀해 주시길 바랍니다","wordCount":16},"emotion":[],"intent":[]},"answer":{"raw":{"text":"제가 생각하는 노년의 모습은 경제적 자유를 이룬 그리고 시대에 뒤떨어지지 않는 그러한 사람이었으면 좋겠습니다. 왜냐하면은 흔히 제 또래 세대들 같은 경우에는 이제 세대 차이가 조금 나는 분들이랑 대화를 하다 보면은 아무래도 좀 세대 차이가 많이 난다. 그리고 엄청 막혀있는 사람 같다 라는 얘기를 종종 친구들에게 어 들리곤 합니다. 그래서 저는 저도 젊은 세대라고 볼 수 있지만 저보다 더 어린 그러한 친구들이 저를 보기에는 또 제 자신이 꽉 막힌 사람일 수도 있습니다. 그렇기 때문에 저는 좀 그러한 사람이 되지 않기 위해서 좀 신세대 문물 문화 영상 이슈 이러한 것들을 어 더 잘 파악을 잘해서 조금 젊은 세대들과 제가 나 나중에 노년기가 돼서 잘 어울릴 수 있는 그러한 노년의 모습을 갖추었으면 좋겠는 바입니다.","wordCount":111},"emotion":[],"intent":[{"text":"","expression":"","category":"attitude"}],"summary":{"text":"노년의 모습은 경제적 자유를 이룬, 시대에 뒤떨어지지 않는 사람이길 바랍니다. 신세대 문물 문화 영상 이슈들을 잘 파악을 해서 좀 젊은 세대들과 제가 나중에 노년기가 되서 잘 어울릴 수 있는 그러한 노년을 갖추었으면 좋겠습니다.","wordCount":33}}},"rawDataInfo":{"question":{"fileFormat":"wav","fileSize":577358,"duration":18040,"samplingBit":16,"channelCount":1,"samplingRate":"16kHz","audioPath":"/Mock/06.Design/Male/New/ckmk_q_ard_m_n_194958.wav"},"answer":{"fileFormat":"wav","fileSize":2774478,"duration":86700,"samplingBit":16,"channelCount":1,"samplingRate":"16kHz","audioPath":"/Mock/06.Design/Male/New/ckmk_a_ard_m_n_194958.wav"}}}