{"version":"1.0","dataSet":{"info":{"date":"20230116","occupation":"ARD","channel":"MOCK","place":"ONLINE","gender":"MALE","ageRange":"-34","experience":"NEW"},"question":{"raw":{"text":"사람은 저마다 장점과 단점을 가지고 있는데요 지원자님께서는 본인의 장점과 단점을 설명해 주시고 본인의 장점을 특화시키기 위한 노력과 단점을 극복하기 위한 노력도 함께 말씀해 주시길 바랍니다","wordCount":25},"emotion":[],"intent":[]},"answer":{"raw":{"text":"제 장점은 바로 끈기와 노력입니다. 저는 고등학교 이 학년 때까지 그저 미술에만 관심이 있어서 공부를 아예 하지 않았습니다. 하지만 고등학교 삼 학년 때 저는 이 성적으로는 원하는 대학교에 가지 못하겠다 라는 생각이 뇌리에 박혀서 저는 매일같이 열 두 시간씩 공부를 하였습니다. 공부하랴 미술하랴 정말로 힘들었지만 저는 이러한 끈기를 통해서 결국에 좋은 대학교에 입학을 할 수 있었고 그리고 단점 같은 경우에는 제가 또 체력이 굉장히 약해서 패 팩 쓰러지곤 했습니다. 그래서 저는 그러한 것들을 극복하기 위해 공부를 하면서도 잠시 시간이 쉬는 시간이 있을 때마다 그것을 머리 식히는 시간으로 활용을 하고 그 시간에 팔 굽혀 펴기를 한다든지 맨몸 스커트를 한다든지 그러한 방식으로 저는 효율적으로 시간 관리를 하였고 또한 체력 부분에 대한 단점을 극복하려는 노력을 통해서 결국에 좋은 성과를 얻었었습니다.","wordCount":117},"emotion":[],"intent":[{"text":"제 장점은 바로 끈기와 노력입니다.","expression":"c_person","category":"background"}],"summary":{"text":"미술에 관심이 없던 저는 고등학교 삼학년 때부터 매일 열 두 시간씩 공부했습니다. 끈기를 통해 좋은 대학에 진학할 수 있었고, 체력적인 한계 극복을 위해 휴식 시간에 팔 굽혀 펴기, 맨몸 스커트 등 체력 보완 노력을 통해 좋은 성과를 얻었습니다.","wordCount":38}}},"rawDataInfo":{"question":{"fileFormat":"wav","fileSize":531598,"duration":16610,"samplingBit":16,"channelCount":1,"samplingRate":"16kHz","audioPath":"/Mock/06.Design/Male/New/ckmk_q_ard_m_n_194548.wav"},"answer":{"fileFormat":"wav","fileSize":2728718,"duration":85270,"samplingBit":16,"channelCount":1,"samplingRate":"16kHz","audioPath":"/Mock/06.Design/Male/New/ckmk_a_ard_m_n_194548.wav"}}}