{"version":"1.0","dataSet":{"info":{"date":"20230116","occupation":"ARD","channel":"MOCK","place":"ONLINE","gender":"MALE","ageRange":"-34","experience":"NEW"},"question":{"raw":{"text":"지원자님께서는 가장 좋아하는 앱이 있으십니까 만약에 있으시다면 유아이 측면에서 왜 그 앱이 앱을 좋아하시는지도 함께 말씀 부탁드립니다","wordCount":17},"emotion":[],"intent":[]},"answer":{"raw":{"text":"저는 애플에서 제작한 가라지 밴드 라는 앱을 좋아합니다. 가라지 밴드에는 수십 가지의 악기와 그 악기에 대한 수십 가지의 옵션이 있습니다. 유아인 측면에서 보면 이렇게 수백 개의 옵션을 정리하려면 많은 노력이 필요합니다. 앱 수가 많으면 많을수록 유저가 원하는 타겟에 효율적으로 접근할 수 있도록 위 엿을 짜야 하는데 입 앱은 효율적으로 접근 가능할 수 있게 목록을 스치화하여 보여줍니다. 그리고 아이콘을 복잡하지 않게 명료한 이미지로 대체하여 한눈에 바라볼 수 있도록 디자인하였고 패드나 폰 사이즈에 맞춰 아이콘의 크기를 누르기 적절한 크기로 변화하면서도 유저가 악기 사용이 편하도록 그 크기를 자유롭게 조절할 수도 있습니다. 이는 다른 음악앱에서는 적용이 안 되어 있어 유저들이 가장 만족하는 기능 중 하나입니다. 이렇게 사용하는 유저들이 원하는 기능이 무엇인지 잘 파악하여 유아이적으로 가장 효율적인 배치를 적용한 앱이어서 좋아하게 되었습니다.","wordCount":117},"emotion":[],"intent":[{"text":"","expression":"","category":"attitude"}],"summary":{"text":"가라지 밴드는 수십 가지 악기와 그 악기에 대한 수십 가지의 옵션이 있습니다. 앱 수가 많을수록 유저가 원하는 타겟에 효율적으로 접근할 수 있도록 목록을 스치화하여 보여주고 아이콘을 명료한 이미지로 대체하여 한눈에 바라볼 수 있도록 디자인하였습니다.","wordCount":34}}},"rawDataInfo":{"question":{"fileFormat":"wav","fileSize":544078,"duration":17000,"samplingBit":16,"channelCount":1,"samplingRate":"16kHz","audioPath":"/Mock/06.Design/Male/New/ckmk_q_ard_m_n_184852.wav"},"answer":{"fileFormat":"wav","fileSize":2680398,"duration":83760,"samplingBit":16,"channelCount":1,"samplingRate":"16kHz","audioPath":"/Mock/06.Design/Male/New/ckmk_a_ard_m_n_184852.wav"}}}