{"version":"1.0","dataSet":{"info":{"date":"20230116","occupation":"ARD","channel":"MOCK","place":"ONLINE","gender":"MALE","ageRange":"-34","experience":"NEW"},"question":{"raw":{"text":"어 일을 하던 중에 이제 팀원과 사이 좋게 지내는 것은 필수적인데요 하지만 그래도 불구하고 불화가 생길 수 있습니다 이러한 경우에는 어떻게 해결하실 것인지 그 해결법과 이유를 말씀해 주시길 바랍니다","wordCount":29},"emotion":[],"intent":[]},"answer":{"raw":{"text":"자연의 섭리에 맡겨야 된다고 생각을 합니다. 그 사람과 저와 불화가 생겼다는 것은 그 사람과 저만이 독특하게 부딪치는 어떤 스파크가 발견된 것입니다. 그것은 그 순간에 어떤 불화를 모면하기 위해서 억지로 붙잡고 해결을 한다고 해결이 되는 것처럼 보일 수는 있습니다. 그렇지만 결국에는 그 사람과 저와 맞지 않는 어떤 감출 수 없는 부분이 드러났다는 것입니다. 그런 것은 억지로 해결한다고 해서 되는 것이 아니라 자연의 섭리대로 놔두다 보면은 해결될 것은 해결되고 해결되지 않으면 그저 그대로 흘러가게 흘러가게 되는 것 같습니다. 그렇게 해 온 결과 저는 이 자리에 저를 당당하게 세울 수 있었습니다. 애써 해결하지 않는 그런 태도 자연에 섭리에 맡기는 그런 태도는 이를 더 한 치 앞 멀리 더 내다봐서 마치 숲을 보는 것처럼 그런 시선을 갖게 해주었습니다.","wordCount":114},"emotion":[],"intent":[{"text":"","expression":"","category":"attitude"}],"summary":{"text":"그 사람과 저만의 불화는 억지로 해결한다고 해결될 수 있는 것이 아니라 자연의 섭리대로 내버려두다 보면 해결될 것은 해결되고 해결되지 않으면 그대로 흘러가게 되는 것 같습니다. 애써 해결하지 않는 태도는 마치 숲을 보는 것처럼 그런 시선을 갖게 해주었습니다.","wordCount":37}}},"rawDataInfo":{"question":{"fileFormat":"wav","fileSize":633038,"duration":19780,"samplingBit":16,"channelCount":1,"samplingRate":"16kHz","audioPath":"/Mock/06.Design/Male/New/ckmk_q_ard_m_n_194169.wav"},"answer":{"fileFormat":"wav","fileSize":2601358,"duration":81290,"samplingBit":16,"channelCount":1,"samplingRate":"16kHz","audioPath":"/Mock/06.Design/Male/New/ckmk_a_ard_m_n_194169.wav"}}}