{"version":"1.0","dataSet":{"info":{"date":"20230116","occupation":"ARD","channel":"MOCK","place":"ONLINE","gender":"MALE","ageRange":"-34","experience":"NEW"},"question":{"raw":{"text":"만약 일을 하다가 팀원과 불화가 생기게 된다면 어떻게 해결하실 건가요 본인의 해결 방법과 그 이유에 대해서 말씀해 주세요","wordCount":18},"emotion":[],"intent":[]},"answer":{"raw":{"text":"어 제가 만약에 입사를 하게 되어서 이제 팀원들과 여러 가지 협업을 해야 할 일이 많이 있을 것으로 생각하고 있습니다. 하지만 이렇게 여러 가지 팀 플레이를 진행하다 보면 좀 불화가 어느 정도 생겨날 수밖에 없다고 생각하고 있습니다. 이는 여태까지 해왔던 작업 방식이나 패턴 등이 다 다르고 어 뭐 서로 성격이 다 다르고 이제 뭐 선호하는 작업 시간대라든지 각자 잘하는 분야가 다 다르기 때문에 일어날 수밖에 없는 불화라고 생각을 하고 있습니다. 가장 중요한 것은 이런 불화들을 잘 헤쳐 나가는 것이 중요한 것 같습니다. 어 그리고 저의 좀 여러 대학 시절에 했던 팀 플레이 경험을 통해서 비추어 보자면 어 이런 불화를 해결하는 데 있어서 가장 좋은 방법은 어 좀 솔직하게 다가가고 좀 여러 소통을 많이 해보려고 먼저 다가가는 그러한 배려의 자세인 것 같습니다. 어 먼저 대화를 시도를 하다 보면 이제 자연스럽게 어느 정도는 그런 부분들이 해결이 되기 때문에 쫌 이렇게 먼저 다가가는 자세로 팀원과의 불화를 잘 조율하려는 그러한 마음가짐이 가장 중요한 것 같습니다.","wordCount":150},"emotion":[],"intent":[{"text":"","expression":"","category":"attitude"}],"summary":{"text":"팀원들과 여러 가지 협업을 하다 보면 불화가 생길 수밖에 없는데, 이를 잘 헤쳐 나가는 것이 가장 중요한 것 같습니다. 불화를 해결하는 가장 좋은 방법은 솔직하게 다가가고 여러 소통을 많이 해보려고 먼저 다가가는 배려의 자세입니다. 먼저 대화를 시도하다 보면 자연스럽게 문제들이 해결되기 때문에 그렇게 다가가는 자세가 가장 중요합니다.","wordCount":47}}},"rawDataInfo":{"question":{"fileFormat":"wav","fileSize":355278,"duration":11100,"samplingBit":16,"channelCount":1,"samplingRate":"16kHz","audioPath":"/Mock/06.Design/Male/New/ckmk_q_ard_m_n_227312.wav"},"answer":{"fileFormat":"wav","fileSize":2678158,"duration":83690,"samplingBit":16,"channelCount":1,"samplingRate":"16kHz","audioPath":"/Mock/06.Design/Male/New/ckmk_a_ard_m_n_227312.wav"}}}