{"version":"1.0","dataSet":{"info":{"date":"20230116","occupation":"ARD","channel":"MOCK","place":"ONLINE","gender":"MALE","ageRange":"-34","experience":"NEW"},"question":{"raw":{"text":"디자인 산업의 미래의 전망에 관한 면접자님의 생각을 저희에게 들려주시겠습니까","wordCount":9},"emotion":[],"intent":[]},"answer":{"raw":{"text":"미래 전망이요. 글쎄요. 음 요즘은 어 그까 최근 삼 년 이내 아 삼 년 이내로 정말 그 에이아이 캐릭터로 광고를 하는 게 제가 시청자로서 그까 소비자로서 네 이제 쪼끔 익숙해지고 있는 그 아이템과 그런 이미지들인 것 같애요. 처음에는 솔직히 티가 나긴 하는데 그래도 생각보단 덜 났거든요. 그래서 뭐지 하면서 찾아보게 되는 것 또한 역시 광고 효과이기 때문에 그런 부분들이 생소하고 네 신선한 것도 인정할 수밖에 없구요. 그래서 이제 정말 어떤 실제 사물이 아닌 사람이 아닌 이런 에이아이로 여러 가지 부분들이 대체가 되겠구나 라는 생각이 조금 현실적으로 많이 와닿은 부분들이 있어서 네 그런 에이아이에 대한 어떤 어 시장의 변화 부분이 참 크다 고 생각을 합니다.","wordCount":104},"emotion":[],"intent":[{"text":"","expression":"","category":"attitude"}],"summary":{"text":"최근 삼 년 이내로 에이아이 캐릭터로 광고를 하는 것이 익숙하고 신선한데, 실제 사물이 아닌 사람이 아닌 에이아이로 여러 가지 부분들이 대체가 되겠구나 라는 생각이 들어서 에이아이에 대한 시장의 변화가 큽니다.","wordCount":30}}},"rawDataInfo":{"question":{"fileFormat":"wav","fileSize":257998,"duration":8060,"samplingBit":16,"channelCount":1,"samplingRate":"16kHz","audioPath":"/Mock/06.Design/Male/New/ckmk_q_ard_m_n_189118.wav"},"answer":{"fileFormat":"wav","fileSize":2921038,"duration":91280,"samplingBit":16,"channelCount":1,"samplingRate":"16kHz","audioPath":"/Mock/06.Design/Male/New/ckmk_a_ard_m_n_189118.wav"}}}