{"version":"1.0","dataSet":{"info":{"date":"20230116","occupation":"ARD","channel":"MOCK","place":"ONLINE","gender":"MALE","ageRange":"-34","experience":"NEW"},"question":{"raw":{"text":"일을 하시다 보면 지원자님은 다른 지역에서 업무를 수학 수행하게 되실 수도 있습니다 타 지역 근무도 문제 없이 가능하신 편인지 궁금한데요 솔직하게 말씀 부탁드립니다","wordCount":23},"emotion":[],"intent":[]},"answer":{"raw":{"text":"만약에 출퇴근이 가능한 거리라면 어 제가 좀 더 부지런하게 움직일 것 같고 그것이 만약에 불가능한 곳이라면 어 성실한 직장 생활이 중요한 만큼 거주지를 이동해서 근무의 부담을 줄일 것 같습니다. 저는 대학에 입학한 이후 사 년 가까이 매일 편도 두 시간 그리고 왕복 네 시간을 통학한 바 있습니다. 부모님께서는 이때 자취를 권하셨지만 저는 부담을 덜어드리려고 통학을 선택했습니다. 처음에는 힘들기도 했지만 얼마 지나지 않아 적응이 되었고 이동 시간 동안 자격증 공부나 시험 예습 복습을 하기도 하고 시험 기간에는 부족한 잠을 보충하는 등 이를 잘 활용해 왔습니다. 마지막 학기에는 더 먼 곳으로 인사 이사를 하게 되어 친구와 자취를 했는데 어 확실히 통합보다 편하다는 생각이 들었습니다. 이런 경험이 있는 만큼 저는 발령지에 거리는 제가 그 환경에서 일하는 것에 크게 중요한 사항이 되지 않습니다.","wordCount":119},"emotion":[{"text":"저는 대학에 입학한 이후 사 년 가까이 매일 편도 두 시간 그리고 왕복 네 시간을 통학한 바 있습니다.","expression":"u-fact","category":"neutral"}],"intent":[{"text":"저는 대학에 입학한 이후 사 년 가까이 매일 편도 두 시간 그리고 왕복 네 시간을 통학한 바 있습니다.","expression":"c_private","category":"background"},{"text":"마지막 학기에는 더 먼 곳으로 인사 이사를 하게 되어 친구와 자취를 했는데 어 확실히 통합보다 편하다는 생각이 들었습니다.","expression":"c_private","category":"background"}],"summary":{"text":"저는 대학에 입학한 이후 사 년 가까이 매일 편도 두 시간, 왕복 네 시간을 통학했습니다. 처음에는 힘들기도 했지만 적응이 되어 자격증 공부나 시험 예습 복습을 하기도 하고, 시험 기간에는 부족한 잠을 보충했습니다. 더 먼 곳으로 이사를 하게 되어 친구와 자취를 했는데 확실히 통합보다 편리하다는 생각이 들었습니다.","wordCount":46}}},"rawDataInfo":{"question":{"fileFormat":"wav","fileSize":604878,"duration":18900,"samplingBit":16,"channelCount":1,"samplingRate":"16kHz","audioPath":"/Mock/06.Design/Male/New/ckmk_q_ard_m_n_179309.wav"},"answer":{"fileFormat":"wav","fileSize":2509518,"duration":78420,"samplingBit":16,"channelCount":1,"samplingRate":"16kHz","audioPath":"/Mock/06.Design/Male/New/ckmk_a_ard_m_n_179309.wav"}}}