{"version":"1.0","dataSet":{"info":{"date":"20230116","occupation":"ARD","channel":"MOCK","place":"ONLINE","gender":"MALE","ageRange":"-34","experience":"NEW"},"question":{"raw":{"text":"지원자님께서 해당 직무에 지원한 이유가 무엇인지 말씀해 주시구요 이 직무에 지원자님 스스로 적합한 인재라고 생각하시는 이유까지도 함께 말씀해 주시면 감사하겠습니다","wordCount":20},"emotion":[],"intent":[]},"answer":{"raw":{"text":"저는 어렸을 때부터 무언가를 만들고 그리고 하는 것을 좋아했습니다. 그래서 항상 어렸을 때 뭐 종이 접기 뭐 오리기 그림 그리기 색칠하기 이런 것들을 정말 많이 했는데 그래서 보니 자연스럽게 그냥 뭐 미술 예술 쪽에 이제 전공을 선택하게 되었고 그렇게 해서 우연치 않게 이제 저는 어 화장품 남자들이 사용하는 화장품에도 관심을 가지게 되었는데 그것이 왜 그렇게 됐냐면은 제가 엄청 좋아하는 배우가 있었는데 그 여자 배우가 선전을 하는 이 화장품이 너무나 탐났는데 하지만 그것은 여성 제품이고 그래서 저는 남성 제품이 없나 그 브랜드에는 라는 생각으로 우연치 않게 이제 남성 화장품에 대해 관심을 가지게 되었고 따라서 저는 남성 화장품 디자이너 라는 목표로 이제 이렇게 지원을 하게 되었습니다. 따라서 저는 제 가치 실현을 위해서 이 직무에 지원하였습니다.","wordCount":113},"emotion":[],"intent":[{"text":"저는 어렸을 때부터 무언가를 만들고 그리고 하는 것을 좋아했습니다.","expression":"c_private","category":"background"},{"text":"그래서 항상 어렸을 때 뭐 종이 접기 뭐 오리기 그림 그리기 색칠하기 이런 것들을 정말 많이 했는데 그래서 보니 자연스럽게 그냥 뭐 미술 예술 쪽에 이제 전공을 선택하게 되었고 그렇게 해서 우연치 않게 이제 저는 어 화장품 남자들이 사용하는 화장품에도 관심을 가지게 되었는데 그것이 왜 그렇게 됐냐면은 제가 엄청 좋아하는 배우가 있었는데 그 여자 배우가 선전을 하는 이 화장품이 너무나 탐났는데 하지만 그것은 여성 제품이고 그래서 저는 남성 제품이 없나 그 브랜드에는 라는 생각으로 우연치 않게 이제 남성 화장품에 대해 관심을 가지게 되었고 따라서 저는 남성 화장품 디자이너 라는 목표로 이제 이렇게 지원을 하게 되었습니다.","expression":"c_sincere_job","category":"etc"}],"summary":{"text":"저는 어렸을 때부터 무언가를 만들고 하는 것을 좋아해서 자연스럽게 미술 예술 쪽에 전공을 선택하게 되었고 우연치 않게 남성 화장품 디자이너 라는 목표로 제 가치 실현을 위해서 이 직무에 지원하였습니다.","wordCount":29}}},"rawDataInfo":{"question":{"fileFormat":"wav","fileSize":482958,"duration":15090,"samplingBit":16,"channelCount":1,"samplingRate":"16kHz","audioPath":"/Mock/06.Design/Male/New/ckmk_q_ard_m_n_188770.wav"},"answer":{"fileFormat":"wav","fileSize":2800078,"duration":87500,"samplingBit":16,"channelCount":1,"samplingRate":"16kHz","audioPath":"/Mock/06.Design/Male/New/ckmk_a_ard_m_n_188770.wav"}}}