{"version":"1.0","dataSet":{"info":{"date":"20230116","occupation":"ARD","channel":"MOCK","place":"ONLINE","gender":"MALE","ageRange":"-34","experience":"NEW"},"question":{"raw":{"text":"네 직접 본인이 작업하신 디자인의 우수함을 널리 알리기 위해서 발표해 보신 경험을 말씀해 주시겠습니까","wordCount":14},"emotion":[],"intent":[]},"answer":{"raw":{"text":"저 같은 경우에는 대학교 과제로 제가 직접 디자인을 했던 것이 있는데 일단 저는 디자인을 할 때 가장 중요하게 생각하는 부분이 아무래도 실용성과 예술성을 중요하게 생각합니다. 그렇기 때문에 실용성인 점을 고려해서 실생활에서 어떻게 사용되는 부분에 있어서 어떤 점이 개선되면 좋은지 파악한 후 그 부족한 점을 채울 수 있는 디자인을 생각해내고 그리고 그 디자인에 예술성을 가미해서 그 디자인이 실용석인 층력 층 실용적인 측멱도 챙김과 동시에 디자인 그 자체로서 심리적인 아름다움을 줄 수 있도록 설계를 해 왔습니다. 그래서 저는 휴지를 뽑을 수 있는 어떤 도구를 만드는 와중에 그 도구가 예술적인 측면을 고려해 봐서 보이기에 아름다울 수 있도록 그 꽃병과 휴지통을 결합한 작품을 설계해서 사람들한테 발표한 적이 있습니다.","wordCount":104},"emotion":[],"intent":[{"text":"저 같은 경우에는 대학교 과제로 제가 직접 디자인을 했던 것이 있는데 일단 저는 디자인을 할 때 가장 중요하게 생각하는 부분이 아무래도 실용성과 예술성을 중요하게 생각합니다.","expression":"d_brand_pref","category":"technology"},{"text":"그렇기 때문에 실용성인 점을 고려해서 실생활에서 어떻게 사용되는 부분에 있어서 어떤 점이 개선되면 좋은지 파악한 후 그 부족한 점을 채울 수 있는 디자인을 생각해내고 그리고 그 디자인에 예술성을 가미해서 그 디자인이 실용석인 층력 층 실용적인 측멱도 챙김과 동시에 디자인 그 자체로서 심리적인 아름다움을 줄 수 있도록 설계를 해 왔습니다.","expression":"d_brand_pref","category":"technology"},{"text":"그래서 저는 휴지를 뽑을 수 있는 어떤 도구를 만드는 와중에 그 도구가 예술적인 측면을 고려해 봐서 보이기에 아름다울 수 있도록 그 꽃병과 휴지통을 결합한 작품을 설계해서 사람들한테 발표한 적이 있습니다.","expression":"d_brand_pref","category":"technology"}],"summary":{"text":"디자인 할 때 가장 중요한 부분은 실용성과 예술성입니다. 그래서 실용성인 점을 고려해서 실생활에서 어떤 점이 개선되면 좋는지 파악한 후 그 부족한 점을 채울 수 있는 디자인을 생각해내고 그 디자인에 예술성을 더해서 심리적인 아름다움을 줄 수 있도록 설계를 해 왔습니다.","wordCount":39}}},"rawDataInfo":{"question":{"fileFormat":"wav","fileSize":367758,"duration":11490,"samplingBit":16,"channelCount":1,"samplingRate":"16kHz","audioPath":"/Mock/06.Design/Male/New/ckmk_q_ard_m_n_227214.wav"},"answer":{"fileFormat":"wav","fileSize":2912078,"duration":91000,"samplingBit":16,"channelCount":1,"samplingRate":"16kHz","audioPath":"/Mock/06.Design/Male/New/ckmk_a_ard_m_n_227214.wav"}}}