{"version":"1.0","dataSet":{"info":{"date":"20230116","occupation":"ARD","channel":"MOCK","place":"ONLINE","gender":"MALE","ageRange":"35-44","experience":"NEW"},"question":{"raw":{"text":"만약 상사가 업무와 무관한 일을 시켜도 본인은 잘 수행할 수 있나요 잘 수행하지 못할 건지도 말씀해 주시기 바랍니다","wordCount":18},"emotion":[],"intent":[]},"answer":{"raw":{"text":"업무와 무관한 일을 시키게 돼도 저는 수행을 잘 할 자신이 있습니다. 단 전제 조건은 있습니다. 물론 제가 할 수 있는 일을 소화할 수 있는 일을 시키신다면 저는 잘 해낼 수 있습니다. 왜냐하면 저는 다른 사람들이 저의 도움을 받아서 무언가를 하는 것 무언가으로 무언가를 해내는 것 이뤄내는 것에 대해서 굉장히 뿌듯함을 느낍니다. 그래서 봉사활동도 많이 해 왔고 제 능력을 필요로 하는 곳에 가서 하는 활동은 기꺼이 참여를 해 왔기 때문입니다. 저는 그래서 어떤 일을 시키던 간에 어 제 업무와 무관하더라도 그런 일들 사소한 거 하나라도 제가 할 수 있는 일을 시키신다면 저는 언제든지 두 손 두 발 다 사용해서 어 달려가서 할 수 있습니다. 하지만 제가 할 수 없는 것들 제가 혐오하는 것들 제가 두려워하는 것들을 시킨다면 정중하게 제가 할 수 없는 것이라 그 이유를 설명드리고 말씀을 드리겠습니다. 그럼 당연히 먼저 했던 것들이 있기 때문에 그렇게 정중하게 제 진심을 말씀드리면 기분 나빠하시지 않으시고 어 할 수 없는 것에 대해서 받아들일 수 있을 거라고 생각을 합니다. 정리하면 저는 제가 할 수 있는 것들을 시키신다면 어늘마든지 할 수 있고요. 하지만 제가 할 수 없는 것들을 시키신다면 정중하게 거절할 것입니다.","wordCount":176},"emotion":[],"intent":[{"text":"","expression":"","category":"attitude"}],"summary":{"text":"저는 다른이의 도움을 받아 무언가를 해내는 것에 뿌듯함을 느낍니다. 어떤 일을 시키던 간에 제가 할 수 있는 일을 시키신다면 언제든지 달려서 할 수 있습니다. 하지만 제가 혐오하는 것들 두려워하는 것들을 시킨다면 정중하게 거절할 것입니다.","wordCount":34}}},"rawDataInfo":{"question":{"fileFormat":"wav","fileSize":463438,"duration":14480,"samplingBit":16,"channelCount":1,"samplingRate":"16kHz","audioPath":"/Mock/06.Design/Male/New/ckmk_q_ard_m_n_189368.wav"},"answer":{"fileFormat":"wav","fileSize":2706638,"duration":84580,"samplingBit":16,"channelCount":1,"samplingRate":"16kHz","audioPath":"/Mock/06.Design/Male/New/ckmk_a_ard_m_n_189368.wav"}}}