{"version":"1.0","dataSet":{"info":{"date":"20230116","occupation":"ARD","channel":"MOCK","place":"ONLINE","gender":"MALE","ageRange":"-34","experience":"NEW"},"question":{"raw":{"text":"어 역사 속에서 우리는 여러 가지 존경할 만한 인물들이 많은데요 그중에서 어 가장 존경하는 인물을 말씀해 주시고 그 인물을 가장 존경하는 이유에 대해서도 말씀해 주시길 바랍니다","wordCount":26},"emotion":[],"intent":[]},"answer":{"raw":{"text":"저는 김구 선생님을 가장 존경을 합니다. 제가 한국사를 공부할 때에 가장 감명 깊게 김구 선생님의 그러한 흔적들을 살펴보았습니다. 저는 어떻게 이렇게 그냥 한 사람이 대한민국의 역사에 있어서 중요한 발판이 되었던 대한민국 임시정부에 처음부터 끝까지 계셨던 분으로서 대한민국에 이렇게 발전하고 세계 강대국이 된 데 있어서 많은 기반을 다진 것이 그 시발점이 바로 대한민국 임시정부인데 그렇게 한 사람의 노력과 희생으로 그렇게 대한민국을 지금까지 있게 해준 임시정부를 세우고 그리고 자신이 희생하고 맞서 싸우고 제가 예전에 그 새 시대에 살았더라면은 제 몸 하나 챙기기도 바빴을 것인데 그렇게까지 나라를 위해서 희생하고 헌신하는 그러한 일을 하신 김구 선생님을 존경합니다.","wordCount":93},"emotion":[{"text":"저는 김구 선생님을 가장 존경을 합니다.","expression":"p-affection","category":"positive"},{"text":"저는 어떻게 이렇게 그냥 한 사람이 대한민국의 역사에 있어서 중요한 발판이 되었던 대한민국 임시정부에 처음부터 끝까지 계셨던 분으로서 대한민국에 이렇게 발전하고 세계 강대국이 된 데 있어서 많은 기반을 다진 것이 그 시발점이 바로 대한민국 임시정부인데 그렇게 한 사람의 노력과 희생으로 그렇게 대한민국을 지금까지 있게 해준 임시정부를 세우고 그리고 자신이 희생하고 맞서 싸우고 제가 예전에 그 새 시대에 살았더라면은 제 몸 하나 챙기기도 바빴을 것인데 그렇게까지 나라를 위해서 희생하고 헌신하는 그러한 일을 하신 김구 선생님을 존경합니다.","expression":"p-affection","category":"positive"}],"intent":[{"text":"","expression":"","category":"attitude"}],"summary":{"text":"김구 선생님을 가장 존경합니다. 김구 선생님은 대한민국 임시정부에 처음부터 끝까지 계셨던 분으로서 대한민국의 발전과 세계 강대국이 된 데 있어서 많은 기반을 다진 그 시발점이 바로 대한민국 임시정부인데 그렇게까지 나라를 위해서 희생하고 헌신하는 그러한 일을 하신 분입니다.","wordCount":36}}},"rawDataInfo":{"question":{"fileFormat":"wav","fileSize":541838,"duration":16930,"samplingBit":16,"channelCount":1,"samplingRate":"16kHz","audioPath":"/Mock/06.Design/Male/New/ckmk_q_ard_m_n_198426.wav"},"answer":{"fileFormat":"wav","fileSize":2798158,"duration":87440,"samplingBit":16,"channelCount":1,"samplingRate":"16kHz","audioPath":"/Mock/06.Design/Male/New/ckmk_a_ard_m_n_198426.wav"}}}