{"version":"1.0","dataSet":{"info":{"date":"20230116","occupation":"ARD","channel":"MOCK","place":"ONLINE","gender":"MALE","ageRange":"-34","experience":"NEW"},"question":{"raw":{"text":"업무를 하는데 만약 상사에게 어려운 지시를 받게 된다면 어떻게 하실래요 그렇게 행동할 이유도 함께 말씀해 주시기 바랍니다","wordCount":17},"emotion":[],"intent":[]},"answer":{"raw":{"text":"저는 일단 경험이 많으신 선배 사수분들이나 선배 직원분들에게 도움을 청할 것 같습니다. 왜냐하면은 당연히 어려운 지시를 하는 경우에는 경험이 많으신 분들이 그런 것에 대한 대처법을 더욱더 잘 알고 계실 것이기 때문에 저는 그렇게 할 것인데요. 그렇게 하게 되면은 또한 선배님과 더욱더 친해질 수 있고 이런 친해진 것은 이제 또 업무 분위기를 더욱더 엄청 친화적으로 이끌어 갈 수 있을 것이라고 생각합니다. 그리고 어려운 지시를 또한 받게 되면은 제 자신의 역량 또한 발전시킬 수 있는 계기가 될 수 있을 것이라고 생각됩니다. 그리고 혼자서 일을 처리할 수 있으면은 그것이 가장 좋은 방법일 것입니다. 하지만 저는 오히려 선배님들과 더 친해지기 위해서 오히려 커피라도 한잔 사줄 수 있는 사드릴 수 있는 그러한 어 발판 그러한 건이라도 만들어 낼 수 있도록 오히려 선배님들한테 많이 물어봐서 더욱더 친해질 수 있도록 노력하겠습니다.","wordCount":124},"emotion":[],"intent":[{"text":"","expression":"","category":"attitude"}],"summary":{"text":"어려운 지시를 하는 경우에는 경험이 많으신 선배 사수분들이나 선배 직원분들에게 도움을 청할 것 같습니다. 그렇게 하면은 선배님과 더욱더 친해질 수 있고 업무 분위기를 더욱더 친화적으로 이끌어 갈 수 있을 것이라고 생각합니다.","wordCount":31}}},"rawDataInfo":{"question":{"fileFormat":"wav","fileSize":459598,"duration":14360,"samplingBit":16,"channelCount":1,"samplingRate":"16kHz","audioPath":"/Mock/06.Design/Male/New/ckmk_q_ard_m_n_198102.wav"},"answer":{"fileFormat":"wav","fileSize":2773838,"duration":86680,"samplingBit":16,"channelCount":1,"samplingRate":"16kHz","audioPath":"/Mock/06.Design/Male/New/ckmk_a_ard_m_n_198102.wav"}}}