{"version":"1.0","dataSet":{"info":{"date":"20230116","occupation":"ARD","channel":"MOCK","place":"ONLINE","gender":"MALE","ageRange":"-34","experience":"NEW"},"question":{"raw":{"text":"협업을 할 때 가장 중요하게 생각하는 것이 어 무엇인지 어 생각해 보시고 왜 그것을 가장 중요하게 생각하시는지 이유도 말씀해 주세요","wordCount":20},"emotion":[],"intent":[]},"answer":{"raw":{"text":"제가 협업을 할 때 가장 중요하게 생각하는 것은 커뮤니케이션 능력입니다. 그 이유는 커뮤니케이션이 매끄럽게 되지 않았을 때 발생되는 문제가 많다고 생각합니다. 의견을 도출하거나 좋은 방안에 대해 좋은 방안에 대해서 이야기를 나눌 때 상대와의 의견 충돌이나 갈등은 피할 수 없다고 생각하는데 이럴 경우 너무 자기 주장만을 내세운다거나 아니면 반대로 너무 자기주장 없이 상대 의견만에 따를 때 문제가 생긴 상황들이 많았습니다. 자기 의견을 설득 가능하게 주장하고 상대 의견이 맞다고 생각이 들면 상대 의견에 대해 동조하고 서포트 해주는 능력이 있어야 팀으로 협업을 할 때 가장 좋은 시너지가 날 수 있다고 생각합니다. 그래서 저는 이런 점들을 고려하여 협업을 할 때 가장 중요하게 생각하는 요소입니다.","wordCount":100},"emotion":[],"intent":[{"text":"자기 의견을 설득 가능하게 주장하고 상대 의견이 맞다고 생각이 들면 상대 의견에 대해 동조하고 서포트 해주는 능력이 있어야 팀으로 협업을 할 때 가장 좋은 시너지가 날 수 있다고 생각합니다.","expression":"c_cop","category":"personality"}],"summary":{"text":"협업 시 가장 중요하게 생각하는 것은 커뮤니케이션 능력인데, 자기 의견을 설득 가능하게 주장하고 상대 의견이 맞다고 생각이 들면 상대 의견에 대해 동조하고 서포트 해주는 능력이 있어야 팀 협업에서 가장 좋은 시너지가 날 수 있다고 생각합니다.","wordCount":35}}},"rawDataInfo":{"question":{"fileFormat":"wav","fileSize":502478,"duration":15700,"samplingBit":16,"channelCount":1,"samplingRate":"16kHz","audioPath":"/Mock/06.Design/Male/New/ckmk_q_ard_m_n_193368.wav"},"answer":{"fileFormat":"wav","fileSize":2256718,"duration":70520,"samplingBit":16,"channelCount":1,"samplingRate":"16kHz","audioPath":"/Mock/06.Design/Male/New/ckmk_a_ard_m_n_193368.wav"}}}