{"version":"1.0","dataSet":{"info":{"date":"20230116","occupation":"ARD","channel":"MOCK","place":"ONLINE","gender":"MALE","ageRange":"-34","experience":"NEW"},"question":{"raw":{"text":"혹시 입사 후에 근무를 하면서 지원자님이 지원한 이 분야가 정작 자신과 잘 맞지 않는다는 사실을 깨닫는다면 어떻게 하실 건가요","wordCount":19},"emotion":[],"intent":[]},"answer":{"raw":{"text":"우선적으로 말씀드리자면 저는 어 대학교 사 년 재학하는 시절 내내 그리고 어 여러 아르바이트나 관련된 인턴 업무 등을 진행하면서 어 디자인 업무만 계속해 왔었고 어 지금 제가 따로 공부하는 분야가 있는데 이 분야 역시도 디자인과 매우 밀접하게 관련이 있는 분야이기 때문에 제가 여태까지 해왔던 모든 활동들은 다 이 디자인 분야에 맞추어져 있는 그러한 어 것들이라 볼 수 있겠고 어 다른 분야에서 일하는 저의 모습을 상상해 본 적은 아직 없는 것 같습니다. 어 따라서 이제 제가 지원한 이 디자인 분야에 제가 잘 맞지 않는다 라고 생각해 본 적도 단 한번도 없습니다. 어 하지만 그럼에도 불구하고 어떤 피치 못할 상황으로 인해서 어 갑자기 어 나라 잘 맞지 않는다 라는 생각이 들게 된다면 어 그냥 일시적인 상황에 의한 그러한 고민이라고 생각을 하고 이런 고민을 떨쳐버릴 수 있도록 좀 주위에 도움을 요청하거나 좀 혼자서 잘 이겨내 보려고 좀 많은 노력을 할 것 같습니다.","wordCount":139},"emotion":[],"intent":[{"text":"","expression":"","category":"attitude"}],"summary":{"text":"저는 디자인 업무만 계속해 왔고 따로 공부하는 분야가 있는데 이 분야도 디자인과 매우 밀접하게 관련이 있는 분야이기 때문에 지금까지 해왔던 모든 활동들은 이 디자인 분야에 맞추어져 있는 것들이라 볼 수 있고 저는 다른 분야에서 일하는 모습을 상상해 본 적은 아직 없습니다.","wordCount":41}}},"rawDataInfo":{"question":{"fileFormat":"wav","fileSize":643278,"duration":20100,"samplingBit":16,"channelCount":1,"samplingRate":"16kHz","audioPath":"/Mock/06.Design/Male/New/ckmk_q_ard_m_n_226895.wav"},"answer":{"fileFormat":"wav","fileSize":2764878,"duration":86400,"samplingBit":16,"channelCount":1,"samplingRate":"16kHz","audioPath":"/Mock/06.Design/Male/New/ckmk_a_ard_m_n_226895.wav"}}}