{"version":"1.0","dataSet":{"info":{"date":"20230116","occupation":"ARD","channel":"MOCK","place":"ONLINE","gender":"MALE","ageRange":"-34","experience":"NEW"},"question":{"raw":{"text":"인생을 살아가면서 가장 후회됐던 일이 있었을까요 만약에 있었다면 한 가지만 골라서 저에게 얘기해 주세요","wordCount":14},"emotion":[],"intent":[]},"answer":{"raw":{"text":"저는 태어나서 지금까지 한 일들 가운데 가장 후회했던 점은 어 좀 학창 시절에 다양한 경험을 해보지 못했다는 점인 것 같습니다. 어 학창 시절에 이제 주로 뭐 드라마에나 좀 나오는 좀 그러한 전형적인 모범생의 생활 패턴을 살았던 것 같습니다. 어 좀 친구들과 어울리는 시간이 부족하였다고 생각하고 너무 학업에 시간을 너무 많이 쏟지 않았나 라는 생각이 듭니다. 어 물론 이게 기성세대의 입장에서 바라보았을 때는 좀 바람직한 학생의 모습이지 않나 라고 생각할 수 있겠지만 어 생각을 돌이켜보면 그때만 할 수 있는 일이 분명히 있었을 것 같습니다. 좀 뭐 취업이나 이런 걱정 없이 어 정말 좀 누구보다 재미있게 놀 수 있는 그러한 시기라고 생각을 하는데 어 그러한 시기에 이제 너무 친구들과 어울리지 못하고 좀 너무 학업에만 몰두하면서 살았던 삶이 여태까지는 가장 후회로 남는 것 같습니다.","wordCount":121},"emotion":[],"intent":[{"text":"","expression":"","category":"attitude"}],"summary":{"text":"학창 시절에 다양한 경험을 해보지 못한 것은 가장 후회스러운 점입니다. 전형적인 모범생의 생활 패턴을 살았던 것 같습니다. 친구들과 어울리는 시간이 부족하였다고 생각하고 학업에 시간을 너무 많이 쏟았습니다. 친구들과 어울리지 못하고 학업에만 몰두했던 삶이 가장 후회로 남습니다.","wordCount":36}}},"rawDataInfo":{"question":{"fileFormat":"wav","fileSize":389198,"duration":12160,"samplingBit":16,"channelCount":1,"samplingRate":"16kHz","audioPath":"/Mock/06.Design/Male/New/ckmk_q_ard_m_n_219814.wav"},"answer":{"fileFormat":"wav","fileSize":2434638,"duration":76080,"samplingBit":16,"channelCount":1,"samplingRate":"16kHz","audioPath":"/Mock/06.Design/Male/New/ckmk_a_ard_m_n_219814.wav"}}}