{"version":"1.0","dataSet":{"info":{"date":"20230116","occupation":"ARD","channel":"MOCK","place":"ONLINE","gender":"MALE","ageRange":"-34","experience":"NEW"},"question":{"raw":{"text":"지원자님께서는 평소에 스트레스를 받으면 어떻게 해소를 하시는 편이신가요 그리고 왜 그런 방법으로 스트레스를 해소하는지에 대해서도 말씀을 해 주시기 바랍니다","wordCount":19},"emotion":[],"intent":[]},"answer":{"raw":{"text":"저는 스트레스를 받으면은 자전거를 탑니다. 현대 사회에서 오는 대부분의 스트레스는 바로 인간관계에서 비롯됩니다. 저 또한 그러한 인간관계에 대한 스트레스 때문에 많은 스트레스를 받았었습니다. 그리고 이를 스트레스를 풀기 위해서 저는 집에 휴대폰을 놔두고 오로지 제 몸과 자전거만 이끌고 나와 집 앞 주변 자전거 도로에 자전거를 탑니다. 그렇게 하게 되면은 휴대폰을 통해서 연결되었던 초 연결 사회 속에서 잠시나마 벗을 벗어날 수 있어서 마음이 편안해지고 그리고 오로지 자전거를 타게 되면은 눈 앞에 보이는 자전거 도로와 그리고 내 몸으로 부딪치는 바람 이 두 가지 것에만 집중을 할 수 있기 때문에 세상과에 속세에서 잠시나마 벗어나는 느낌을 받을 수 있습니다. 그리고 또한 몸이 건강해야지 마음이 건강하기 때문에 자전거를 통해서 운동 능력을 향상시키고 이러한 체력이 뒷받침되어 현대사회의 스트레스를 극복할 수 있는 기반을 마련할 수 있는 방법이 바로 자전거 타기입니다.","wordCount":122},"emotion":[],"intent":[{"text":"","expression":"","category":"attitude"}],"summary":{"text":"현대 사회에서 오는 스트레스는 인간관계에서 비롯되기 때문에 저는 스트레스를 받으면 자전거를 탑니다. 휴대폰을 통해서 연결되었던 초 연결 사회 속에서 잠시나마 벗을 수 있어서 마음이 편안해지고, 자전거 도로와 제 몸으로 부딪치는 바람에만 집중 할 수 있기 때문에 속세에서 잠시 벗어나는 느낌을 받을 수 있습니다.","wordCount":43}}},"rawDataInfo":{"question":{"fileFormat":"wav","fileSize":592078,"duration":18500,"samplingBit":16,"channelCount":1,"samplingRate":"16kHz","audioPath":"/Mock/06.Design/Male/New/ckmk_q_ard_m_n_198610.wav"},"answer":{"fileFormat":"wav","fileSize":2766158,"duration":86440,"samplingBit":16,"channelCount":1,"samplingRate":"16kHz","audioPath":"/Mock/06.Design/Male/New/ckmk_a_ard_m_n_198610.wav"}}}