{"version":"1.0","dataSet":{"info":{"date":"20230116","occupation":"ARD","channel":"MOCK","place":"ONLINE","gender":"MALE","ageRange":"-34","experience":"NEW"},"question":{"raw":{"text":"평소에 검색을 자주 하시는 편이십니까 어떤 검색을 주로 하고 있고 또 왜 하고 있는지 말씀 부탁드립니다","wordCount":16},"emotion":[],"intent":[]},"answer":{"raw":{"text":"저는 평소에 검색을 자주 하고 있는 편입니다. 어 제가 검색을 자주 하는 이유는 저의 자기 계발 역량을 꾸준하게 하기 위해서인데요. 어 이 디자인 분야에서 이제 업무를 진행하기 위해서는 어 최근의 트렌드에 가장 민감하게 반응해야 한다고 생각합니다. 그 어떤 분야의 직무보다 트렌드에 민감한 분야라고 생각을 하고 있기 때문에 어 좀 이러한 최근 트렌드들을 잘 따라가고 이러한 트렌드들을 나의 디자인 패턴에 잘 반영을 하기 위해서 좀 다양하게 검색을 자주 하고 있는 편입니다. 제가 검색에 주로 사용하는 것은 이제 에스앤에스입니다. 에스앤에스 중에서도 이제 젊은 층이 주로 사용하는 어 인스타그램이라는 소셜 네트워크 서비스를 어 자주 이용하고 있습니다. 확실히 이 에스엔에스를 이용하다 보면 최근 젊은 세대 즉 엠지 세대라고도 하는 이 세대가 어떠한 디자인에 관심이 있고 좀 어떠한 생각들을 가지고 있는지 파르 빠르게 파악이 가능한 것 같습니다. 어 따라서 현재까지도 검색을 애용하고 있고 입사를 하게 된다고 하더라도 이제 저의 역량을 꾸준하게 개발하기 위해서 계속 사용하게 될 방법이라고 생각합니다.","wordCount":143},"emotion":[{"text":"그 어떤 분야의 직무보다 트렌드에 민감한 분야라고 생각을 하고 있기 때문에 어 좀 이러한 최근 트렌드들을 잘 따라가고 이러한 트렌드들을 나의 디자인 패턴에 잘 반영을 하기 위해서 좀 다양하게 검색을 자주 하고 있는 편입니다.","expression":"p-interest","category":"positive"}],"intent":[{"text":"어 이 디자인 분야에서 이제 업무를 진행하기 위해서는 어 최근의 트렌드에 가장 민감하게 반응해야 한다고 생각합니다.","expression":"d_trendy","category":"technology"},{"text":"그 어떤 분야의 직무보다 트렌드에 민감한 분야라고 생각을 하고 있기 때문에 어 좀 이러한 최근 트렌드들을 잘 따라가고 이러한 트렌드들을 나의 디자인 패턴에 잘 반영을 하기 위해서 좀 다양하게 검색을 자주 하고 있는 편입니다.","expression":"d_trendy","category":"technology"},{"text":"확실히 이 에스엔에스를 이용하다 보면 최근 젊은 세대 즉 엠지 세대라고도 하는 이 세대가 어떠한 디자인에 관심이 있고 좀 어떠한 생각들을 가지고 있는지 파르 빠르게 파악이 가능한 것 같습니다.","expression":"d_trendy","category":"technology"},{"text":"어 따라서 현재까지도 검색을 애용하고 있고 입사를 하게 된다고 하더라도 이제 저의 역량을 꾸준하게 개발하기 위해서 계속 사용하게 될 방법이라고 생각합니다.","expression":"c_imp","category":"personality"}],"summary":{"text":"디자인 분야에서 업무를 진행하기 위해서 트렌드에 민감한 분야라고 생각하여 트렌드를 저의 디자인 패턴에 잘 반영을 하기 위해서 검색을 자주 합니다. 주로 사용하는 것은 에스앤에스인데 젊은 층이 주로 사용하는 인스타그램이라는 소셜 네트워크 서비스를 자주 이용합니다. 현재까지도 검색을 애용하고 있고 입사 후에도 계속 사용하게 될 방법이라고 생각합니다.","wordCount":45}}},"rawDataInfo":{"question":{"fileFormat":"wav","fileSize":333518,"duration":10420,"samplingBit":16,"channelCount":1,"samplingRate":"16kHz","audioPath":"/Mock/06.Design/Male/New/ckmk_q_ard_m_n_227680.wav"},"answer":{"fileFormat":"wav","fileSize":2671438,"duration":83480,"samplingBit":16,"channelCount":1,"samplingRate":"16kHz","audioPath":"/Mock/06.Design/Male/New/ckmk_a_ard_m_n_227680.wav"}}}