{"version":"1.0","dataSet":{"info":{"date":"20230116","occupation":"ARD","channel":"MOCK","place":"ONLINE","gender":"MALE","ageRange":"-34","experience":"NEW"},"question":{"raw":{"text":"흔히들 현대인은 평균 하루 세 번 이상의 거짓말을 하고 산다는 말이 있습니다 지원자님께서 지금까지 해 본 거짓말 가운데 가장 기억에 남는 것은 무엇인가요","wordCount":23},"emotion":[],"intent":[]},"answer":{"raw":{"text":"저는 제 친한 친구와 같이 금연을 시작했었습니다. 그 친구도 어떤 이유 때문에 담배를 같이 끊어보는 것이 어떻냐 라고 얘기를 했었고 저도 그 당시에 담배를 피는 거에 대해서 조금 건강 문제가 제 안에서 문제가 이슈가 이제 이슈가 발견이 되어서 담배를 끊어야 되겠다고 좀 결심을 하고 있었던 찰나였었습니다. 그런데 그 친구와 금연 운동을 금연 캠페인을 둘이서 이렇게 진행을 하던 도중에 담배 피우고 싶은 일이 생겨서 제가 친구 몰래 옥상에서 담배를 폈습니다. 담배를 피고 나서 또 다시 우리끼리 그 금연을 잘 하고 있는지에 대해서 점검을 하는 그런 과정이 있었었는데 저는 담배를 피지 않았다고 그 친구에게 거짓말을 했습니다. 그런데 그 모습을 본 제 친구가 제가 하는 말이 거짓말 같았었던 것처럼 느껴졌었는지 너에 저에게 너 거짓말하고 있는 것 아니냐 라고 물었을 때 내가 왜 거짓말을 하냐 나 정말 담배 핀 적 없다 왜 그렇게 의심하냐 기분이 나쁘다 이렇게 얘기를 하니까 그 친구가 더 이상 의심하지 않았습니다. 그 친구와의 어떤 자존심 대결 때문에 저는 거짓말을 할 수 밖에 없었던 것 같습니다.","wordCount":155},"emotion":[],"intent":[{"text":"","expression":"","category":"attitude"}],"summary":{"text":"저는 제 친한 친구와 같이 금연을 시작하였는데, 친구 몰래 옥상에서 담배를 폈는데, 담배를 피지 않았다고 그 친구에게 거짓말을 했습니다. 그 친구와의 자존심 대결 때문에 거짓말을 할 수 밖에 없었던 것 같습니다.","wordCount":31}}},"rawDataInfo":{"question":{"fileFormat":"wav","fileSize":537678,"duration":16800,"samplingBit":16,"channelCount":1,"samplingRate":"16kHz","audioPath":"/Mock/06.Design/Male/New/ckmk_q_ard_m_n_227566.wav"},"answer":{"fileFormat":"wav","fileSize":2922638,"duration":91330,"samplingBit":16,"channelCount":1,"samplingRate":"16kHz","audioPath":"/Mock/06.Design/Male/New/ckmk_a_ard_m_n_227566.wav"}}}