{"version":"1.0","dataSet":{"info":{"date":"20230116","occupation":"ARD","channel":"MOCK","place":"ONLINE","gender":"MALE","ageRange":"-34","experience":"NEW"},"question":{"raw":{"text":"대학에서 배운 지원자님의 전공 과목 중에서 가장 기억에 남는 과목을 한 가지 골라서 설명해 주시고 기억에 남는 이유도 같이 이야기해 주십시오","wordCount":21},"emotion":[],"intent":[]},"answer":{"raw":{"text":"저는 세부 전공 과목 중에 티싱 비전 워크숍 이라는 과목이 가장 기억에 남습니다. 이제 세부 전공 과목 중에서 가장 과제가 많고 까다로운 수업이라서 학생들이 많이 기피하는 과목이었지만 실전 위주의 수업 방식을 통해서 더욱 많은 것을 배울 수 있을 것 같아서 선택 수강했던 수업입니다. 한 학기에 조별로 네 편식 뉴스 형식의 영상을 기획 촬영 편집하여서 티싱 비전 전용 동영상 채널에서 선보이는 실전형 수업이었습니다. 처음에는 편집 틀도 사용할 줄도 몰라서 자막에 테두리를 넣는 방법조차 몇 시간에 걸쳐서 검색을 했던 기억이 납니다. 어설펐던 작업물은 시도가 더해질수록 그럴듯해졌고 기말 평가 때는 가장 조회 수가 높았던 동영상의 타이틀을 거머지기도 했습니다. 만약 그때 다른 쉬운 영상 수업을 선택하고 티싱 비전 워크숍 수업을 듣지 않았더라면 저는 지금 같은 영상 구성과 편집에 대한 이해를 가질 수 없었을 것입니다. 팀워크의 압박감 빠듯한 촬영 일정과 편집 마감 시간에 허덕이며 한 학기를 보냈지만 어느 수업보다도 뿌듯함이 가장 많이 남은 수업이었습니다.","wordCount":139},"emotion":[{"text":"팀워크의 압박감 빠듯한 촬영 일정과 편집 마감 시간에 허덕이며 한 학기를 보냈지만 어느 수업보다도 뿌듯함이 가장 많이 남은 수업이었습니다.","expression":"p-achievement","category":"positive"}],"intent":[{"text":"","expression":"","category":"attitude"}],"summary":{"text":"세부 전공 과목 중 티싱 비전 워크숍은 가장 난이도가 높고 까다로운 수업이지만, 실전 위주의 수업 방식으로 많은 것을 배울 수 있을 것 같아 선택 수강했던 수업입니다. 팀워크의 압박감 빠듯한 촬영 일정과 편집 마감 시간에 허덕이며 한 학기를 보냈지만 어느 수업보다도 뿌듯함이 가장 많이 남은 수업이었습니다.","wordCount":45}}},"rawDataInfo":{"question":{"fileFormat":"wav","fileSize":515278,"duration":16100,"samplingBit":16,"channelCount":1,"samplingRate":"16kHz","audioPath":"/Mock/06.Design/Male/New/ckmk_q_ard_m_n_198604.wav"},"answer":{"fileFormat":"wav","fileSize":2867598,"duration":89610,"samplingBit":16,"channelCount":1,"samplingRate":"16kHz","audioPath":"/Mock/06.Design/Male/New/ckmk_a_ard_m_n_198604.wav"}}}