{"version":"1.0","dataSet":{"info":{"date":"20230116","occupation":"ARD","channel":"MOCK","place":"ONLINE","gender":"MALE","ageRange":"-34","experience":"NEW"},"question":{"raw":{"text":"대학 생활을 보내면서 지원자님께 가장 힘들었던 경험은 무엇인가요 또한 그것을 어떻게 극복했었는지에 대해서도 말씀해 주실 수 있을까요","wordCount":17},"emotion":[],"intent":[]},"answer":{"raw":{"text":"제가 가장 힘들었던 부분는 일단 학비의 부담이었습니다. 저희 학교가 사립 학교라서 한 학기에 무려 사백 만 원이나 되는 돈을 지불하여야 했습니다. 하지만 성적 장학금 제도가 잘 되어 있어서 그리고 국가 장학금도 저희 집에 소득 분위에서라면은 어 충분히 전액 장학금을 성적 장학금과 합쳐서 받을 수 있을 것 같애서 저는 열심히 공부를 하였습니다. 알바비를 전부 학비로 나갈 바에 이 주 공부하고 이 삼 주 동안 공부하고 성적 장학금을 받아가는 게 훨씬 더 효율적인 일이라고 생각을 했어서 저는 이때까지 쭉 성적 장학금을 받아왔습니다. 두 번의 학년 수석 그리고 두 번의 학년 우수 와 같이 계속해서 성적과 관련된 장학금을 받았고 교수님들 사이에서도 제가 학습 태도가 우수한 학생이라고 그렇게 평가가 내려진다는 것을 알게 되었습니다.","wordCount":109},"emotion":[],"intent":[{"text":"","expression":"","category":"attitude"}],"summary":{"text":"사립 학교라 학비 부담이 컸지만, 성적 장학금 제도가 잘 되어 있고 소득 분위에서는 전액 장학금을 성적 장학금과 합쳐 받을 수 있을 것 같아 열심히 공부했습니다. 알바비를 전부 학비로 낼 바에 이 주 공부하고 이 삼 주 동안 공부하고 성적 장학금을 받아왔습니다.","wordCount":41}}},"rawDataInfo":{"question":{"fileFormat":"wav","fileSize":588558,"duration":18390,"samplingBit":16,"channelCount":1,"samplingRate":"16kHz","audioPath":"/Mock/06.Design/Male/New/ckmk_q_ard_m_n_194376.wav"},"answer":{"fileFormat":"wav","fileSize":2820558,"duration":88140,"samplingBit":16,"channelCount":1,"samplingRate":"16kHz","audioPath":"/Mock/06.Design/Male/New/ckmk_a_ard_m_n_194376.wav"}}}