{"version":"1.0","dataSet":{"info":{"date":"20230116","occupation":"ARD","channel":"MOCK","place":"ONLINE","gender":"MALE","ageRange":"35-44","experience":"NEW"},"question":{"raw":{"text":"어 디자인 업무의 어 프로세스에 대 관해서 설명을 해주시고 그 본인이 얘기하는 그 그 프로세스를 우리 회사에 또 어떤 방식으로 접목을 시킬지 말씀해 주시기 바랍니다","wordCount":25},"emotion":[],"intent":[]},"answer":{"raw":{"text":"디자인 업무의 프로세스에 대해서 말씀을 드리겠습니다. 디자인 업무의 프로세스는 가장 먼저 어 이 일을 맡긴 클라이언트의 의도가 가장 중요합니다. 어떤 목적으로 어떻게 만드는지 해서 그 목표를 설정하는 것이 가장 중요하다고 생각을 해서 일 번으로 놓고요. 그 목적과 목표가 명확해진다면 그것을 이룰 수 있는 구체적인 방법을 어 만들어내야 됩니다. 그 방법은 어떻게 해야 되냐면 다양한 공부 연구 그다음에 비슷한 사례 유형들의 조사를 끊임없이 해서 그것에 대한 모든 준비를 마칩니다. 그리고 그 분석의 과정을 거치고 나면 밑그림을 그려야 됩니다. 기본적인 음 설계 어떻게 그려나가야 될 것인지 스케치를 해보는 과정을 거쳐야 됩니다. 그리고 다시 한 번 피드백을 받아야 됩니다. 어 클라이언트의 의도가 충분히 발영되었는지 그런 기본적인 기획 스케치를 하였는지를 검토를 받습니다. 그게 됐다라고 한다면 그 다음부터 어 구체적으로 만들어 나갑니다 창의성인 모든 것을 발휘해서. 그리고 나서 만들어낸 완성품들을 고객에게 보여주면 된다고 생각을 합니다. 음 저는 이 프로세스는 어떤 일을 하던 똑같이 적용된다고 생각을 합니다. 분석 과정을 거치고 목표를 설정하고 스케치를 하고 만들어내는 것 저는 이게 프로세스라고 생각을 합니다.","wordCount":155},"emotion":[],"intent":[{"text":"디자인 업무의 프로세스는 가장 먼저 어 이 일을 맡긴 클라이언트의 의도가 가장 중요합니다.","expression":"d_dgn_proc","category":"technology"},{"text":"어떤 목적으로 어떻게 만드는지 해서 그 목표를 설정하는 것이 가장 중요하다고 생각을 해서 일 번으로 놓고요.","expression":"d_dgn_proc","category":"technology"},{"text":"그 목적과 목표가 명확해진다면 그것을 이룰 수 있는 구체적인 방법을 어 만들어내야 됩니다.","expression":"d_dgn_proc","category":"technology"},{"text":"그 방법은 어떻게 해야 되냐면 다양한 공부 연구 그다음에 비슷한 사례 유형들의 조사를 끊임없이 해서 그것에 대한 모든 준비를 마칩니다.","expression":"d_dgn_proc","category":"technology"},{"text":"그리고 그 분석의 과정을 거치고 나면 밑그림을 그려야 됩니다.","expression":"d_dgn_proc","category":"technology"},{"text":"기본적인 음 설계 어떻게 그려나가야 될 것인지 스케치를 해보는 과정을 거쳐야 됩니다.","expression":"d_dgn_proc","category":"technology"},{"text":"그리고 다시 한 번 피드백을 받아야 됩니다.","expression":"d_dgn_proc","category":"technology"},{"text":"어 클라이언트의 의도가 충분히 발영되었는지 그런 기본적인 기획 스케치를 하였는지를 검토를 받습니다.","expression":"d_dgn_proc","category":"technology"},{"text":"그게 됐다라고 한다면 그 다음부터 어 구체적으로 만들어 나갑니다","expression":"d_dgn_proc","category":"technology"},{"text":"그리고 나서 만들어낸 완성품들을 고객에게 보여주면 된다고 생각을 합니다.","expression":"d_dgn_proc","category":"technology"},{"text":"음 저는 이 프로세스는 어떤 일을 하던 똑같이 적용된다고 생각을 합니다.","expression":"d_dgn_proc","category":"technology"},{"text":"분석 과정을 거치고 목표를 설정하고 스케치를 하고 만들어내는 것 저는 이게 프로세스라고 생각을 합니다.","expression":"d_dgn_proc","category":"technology"}],"summary":{"text":"디자인 업무의 프로세스는 의뢰인의 의도를 파악하는것이 가장 중요합니다. 목적과 목표를 설정하면 그것을 이룰 수 있는 방법을 만들어내야 됩니다. 연구와 조사를 통해 준비를 하고 분석의 과정을 거치고 밑그림을 그려야 합니다. 그리고 스케치를 해보는 과정을 겪고 피드백을 받아야 합니다. 창의성이 발휘되어 완성품을 고객에게 보여주면 된다고 생각합니다.","wordCount":44}}},"rawDataInfo":{"question":{"fileFormat":"wav","fileSize":654478,"duration":20450,"samplingBit":16,"channelCount":1,"samplingRate":"16kHz","audioPath":"/Mock/06.Design/Male/New/ckmk_q_ard_m_n_189372.wav"},"answer":{"fileFormat":"wav","fileSize":2670158,"duration":83440,"samplingBit":16,"channelCount":1,"samplingRate":"16kHz","audioPath":"/Mock/06.Design/Male/New/ckmk_a_ard_m_n_189372.wav"}}}