{"version":"1.0","dataSet":{"info":{"date":"20230116","occupation":"ARD","channel":"MOCK","place":"ONLINE","gender":"MALE","ageRange":"-34","experience":"NEW"},"question":{"raw":{"text":"시험 기간에 시간이 촉박할 때는 어떤 방법으로 시간 관리를 했는지 본인의 시간 관리법에 대해서 말씀해 주세요","wordCount":16},"emotion":[],"intent":[]},"answer":{"raw":{"text":"그럴 때일수록 더 복잡하게 생각할 필요가 없는 것 같습니다. 그럴 때일수록 빨리 문제를 풀어야 한다고 생각을 합니다. 시간이 촉박하여졌다는 것 시험 기간이 끝날 시간이 다가왔다는 것 하지만 내가 풀어야 할 문제가 있다는 것 거기에서 무언가를 더 생각을 하게 되면 내가 왜 이렇게 됐지 이렇게 된 이유가 무엇이지 라는 분석이 들어가는 순간 또 시간은 흐릅니다. 그렇게 시간이 흐르기 전에 우리는 하루라도 더 빨리 일 분이라도 더 빨리 일 초라도 더 빨리 그 문제를 풀어야 합니다. 그래야 시간 안에 끝낼 수 있는 문제를 빨리 풀어야 결국에 우리가 정말로 풀려고 했던 그 문제를 우리는 풀 수가 있는 것이고 그렇기 때문에 저는 특별한 시간 관리법보다는 내가 해결해야 될 문제가 있으면 그 문제를 빨리 해결하기 위해서 노력을 합니다. 그것이 저만의 진정한 시간 관리법이라고 말씀드릴 수가 있습니다.","wordCount":121},"emotion":[],"intent":[{"text":"","expression":"","category":"attitude"}],"summary":{"text":"우리는 시간이 흐를수록 더 빨리 그 문제를 풀어야 합니다. 그래야 정말로 풀려고 했던 그 문제를 풀 수가 있기 때문에 저는 특별한 시간 관리법보다는 제가 해결해야 될 문제가 있으면 그 문제를 빨리 해결하기 위해서 노력을 합니다.","wordCount":35}}},"rawDataInfo":{"question":{"fileFormat":"wav","fileSize":296078,"duration":9250,"samplingBit":16,"channelCount":1,"samplingRate":"16kHz","audioPath":"/Mock/06.Design/Male/New/ckmk_q_ard_m_n_227564.wav"},"answer":{"fileFormat":"wav","fileSize":2218318,"duration":69320,"samplingBit":16,"channelCount":1,"samplingRate":"16kHz","audioPath":"/Mock/06.Design/Male/New/ckmk_a_ard_m_n_227564.wav"}}}