{"version":"1.0","dataSet":{"info":{"date":"20230116","occupation":"ARD","channel":"MOCK","place":"ONLINE","gender":"MALE","ageRange":"-34","experience":"NEW"},"question":{"raw":{"text":"일을 하다가 만약 상사에게 어려운 지시를 받는다면 어떻게 하실 건가요 그렇게 하시려는 이유에 대해서도 함께 말씀 부탁드립니다","wordCount":17},"emotion":[],"intent":[]},"answer":{"raw":{"text":"상사가 저에게 어려운 지시를 내렸다면 저는 두 가지 경우라고 생각을 합니다. 첫 번째는 저를 믿고 제가 할 수 있다고 확신을 들어서 저한테 맡긴 경우 혹은 그전 직무 유기 첫번째 경우에서는 이미 상사와 저는 인간적으로 개인적으로 친한 상태일 것 같습니다. 내적 친밀감이 있고 내적 친밀감이 있으라면 어느 정도 업무에 대한 효율이 좋아야 되는데요. 이런 업무를 맡겨 봤더니 제가 그걸 해낸다. 같이 협업할 때 굉장히 서포트를 잘해 준다. 이러면서 상사에 신임을 얻어 얻었을 것이고 그랬기 때문에 지금의 제 위치보다 좀 더 높은 지시를 받았을 수도 있다고 생각을 합니다. 그런 경우 저는 자신 있게 일을 시도할 것입니다. 이렇게도 해보고 저렇게도 해보고 디자인 초안도 짜 짜 보고 그러다 보면 당연히 막히는 부분이 생길 수 있는데요. 이 상태에선 그 상사와 유대감이 있는 상태에 상태일 것이기 때문에 모르는 부분은 최대한 알아 본 후 질문을 할 것입니다. 그럼 바로 피드백을 받을 수 있을 것이고 다시 일을 쳐나가는 것이죠. 하지만 직무 유기 경우에 직무 유기의 경우라면 어떻게 보면 최대한 많이 물어 볼 것입니다. 제가 그만큼 빼내 와야 그 직무 유기된 일을 할 수 있기 때문이죠.","wordCount":167},"emotion":[],"intent":[{"text":"","expression":"","category":"attitude"}],"summary":{"text":"직무 유기의 경우라면 두 가지 경우라고 생각합니다. 하나는 확신에 의해 제게 맡겼을 경우이고, 다른 하나는 유대감에 의해 맡았을 경우입니다. 이 상태에서는 모르는 부분은 최대한 알아본 후 질문할 것이고, 피드백을 받을 수 있을 것입니다. 하지만 직무 유기일 경우라면 최대한 많이 물어 볼 것입니다. 제가 그만큼 빼야 그 직무 유기된 일을 할 수 있기 때문입니다.","wordCount":53}}},"rawDataInfo":{"question":{"fileFormat":"wav","fileSize":627278,"duration":19600,"samplingBit":16,"channelCount":1,"samplingRate":"16kHz","audioPath":"/Mock/06.Design/Male/New/ckmk_q_ard_m_n_195266.wav"},"answer":{"fileFormat":"wav","fileSize":2900238,"duration":90630,"samplingBit":16,"channelCount":1,"samplingRate":"16kHz","audioPath":"/Mock/06.Design/Male/New/ckmk_a_ard_m_n_195266.wav"}}}