{"version":"1.0","dataSet":{"info":{"date":"20230116","occupation":"ARD","channel":"MOCK","place":"ONLINE","gender":"MALE","ageRange":"35-44","experience":"NEW"},"question":{"raw":{"text":"휴식을 취할 때 지원자님은 주로 어떤 일들을 하시나요 또한 왜 그 일을 하시는지 그 이유에 대해서도 함께 답변해 주실 수 있을까요","wordCount":21},"emotion":[],"intent":[]},"answer":{"raw":{"text":"휴식을 취할 때는 저는 여러 가지 일들을 합니다. 그때그때 기분이나 여유 시간의 상황에 따라 다른지 또 어디에 있는지에 따라 다른데요. 제가 가장 좋아하는 것들은 영화를 보는 것 드라마를 보는 것 그리고 음악을 듣는 것 그리고 사진을 찍는 것 영상을 찍는 것 생각해보니 굉장히 그냥 뭐 다양하고 흔히들 하는 것들을 나열해 놓은 것 같은데요. 저는 정말로 이런 것들을 꽤 어릴 때부터 해왔습니다. 남다르게 티비 속에 광고 같은 것도 눈여겨보고 카피 라이터의 꿈을 키우기도 했고 어 무언가를 눈에 담는 것 머릿속에 담는 것 그것이 시각과 청각을 활용한 것이라면은 무엇이든지 좋아했던 어릴 적 기억이 있습니다. 그래서 커서도 그 일을 하고 있지는 않지만 어 그런 것들을 하면서 저는 저의 지적인 욕구 그다음에 어 즐거움 이런 것들을 채우고 있습니다. 음 내가 제가 하고 있는 이런 업무와도 분명히 관련이 있을 거라고 생각을 하고요. 그래서 더욱더 즐겁고 재미있게 어 삶을 보내고 있습니다. 음 저에겐 휴식이 용납되지 않습니다. 휴식 시간조차 이렇게 활용을 해서 무엇가를 해야만 하는 즐거움이 있으니까요.","wordCount":150},"emotion":[{"text":"그래서 더욱더 즐겁고 재미있게 어 삶을 보내고 있습니다.","expression":"p-happiness","category":"positive"}],"intent":[{"text":"","expression":"","category":"attitude"}],"summary":{"text":"저는 영화를 보는 것, 음악을 듣는 것, 사진을 찍는 것 등을 어릴 적부터 해왔습니다. 티비 속의 광고도 눈여겨보고 카피라이터의 꿈을 키우기도 했습니다. 그 일을 하고 있지는 않지만 그런 것들을 하면서 지적인 욕구, 즐거움 등을 채우고 있습니다. 저에겐 휴식이 용납되지 않습니다. 휴식 시간조차 활용을 해야 하는 즐거움이 있습니다.","wordCount":47}}},"rawDataInfo":{"question":{"fileFormat":"wav","fileSize":593998,"duration":18560,"samplingBit":16,"channelCount":1,"samplingRate":"16kHz","audioPath":"/Mock/06.Design/Male/New/ckmk_q_ard_m_n_189994.wav"},"answer":{"fileFormat":"wav","fileSize":2457038,"duration":76780,"samplingBit":16,"channelCount":1,"samplingRate":"16kHz","audioPath":"/Mock/06.Design/Male/New/ckmk_a_ard_m_n_189994.wav"}}}