{"version":"1.0","dataSet":{"info":{"date":"20230116","occupation":"ARD","channel":"MOCK","place":"ONLINE","gender":"MALE","ageRange":"-34","experience":"NEW"},"question":{"raw":{"text":"혹시 본인이 창의적으로 어떤 문제를 직접 해결해 본 경험이 있을까요 있다면 그 과정에 대해서 최대한 자세한 설명 부탁드릴게요","wordCount":18},"emotion":[],"intent":[]},"answer":{"raw":{"text":"네 있습니다. 대학 재학 시절에 개인 과제를 준비하면서 공모전에 나갔던 경험이 있었습니다. 어린이들을 위한 공원 테마파크 공간을 만드는 주제로 정했었습니다. 아이들이 구석진 곳을 좋아하는 특성을 파악하여 개미굴이라는 컨셉을 잡았고 공간 디자인을 진행하였습니다. 그리고 결과적으로 공모전에서 은상을 받았던 경험이 있습니다. 창의적인 아이디어로 좋은 성적을 얻은 경험이었다고 생각합니다. 이상입니다.","wordCount":47},"emotion":[{"text":"그리고 결과적으로 공모전에서 은상을 받았던 경험이 있습니다.","expression":"u-fact","category":"neutral"}],"intent":[{"text":"대학 재학 시절에 개인 과제를 준비하면서 공모전에 나갔던 경험이 있었습니다.","expression":"c_private","category":"background"}],"summary":{"text":"대학 재학 시절 어린이들이 좋아하는 특성을 파악해 테마파크 공간을 만드는 공모전에 나가 은상을 받은 경험이 있습니다. 창의적 아이디어로 좋은 성적을 얻었습니다.","wordCount":21}}},"rawDataInfo":{"question":{"fileFormat":"wav","fileSize":350798,"duration":10960,"samplingBit":16,"channelCount":1,"samplingRate":"16kHz","audioPath":"/Mock/06.Design/Male/New/ckmk_q_ard_m_n_251593.wav"},"answer":{"fileFormat":"wav","fileSize":1617998,"duration":50560,"samplingBit":16,"channelCount":1,"samplingRate":"16kHz","audioPath":"/Mock/06.Design/Male/New/ckmk_a_ard_m_n_251593.wav"}}}