{"version":"1.0","dataSet":{"info":{"date":"20230116","occupation":"ARD","channel":"MOCK","place":"ONLINE","gender":"MALE","ageRange":"-34","experience":"NEW"},"question":{"raw":{"text":"대학 생활을 보내면서 가장 힘들었던 적이 언제였는지 궁금합니다 그러면 어떻게 극복하셨는지도 함께 말씀해 주시기 바랍니다","wordCount":15},"emotion":[],"intent":[]},"answer":{"raw":{"text":"대학 생활 중에 가장 힘들었던 것은 바로 조별 과제를 할 때 열심히 하지 않는 팀원들이 있는 것입니다. 이러한 팀원들과 이제 협업을 하게 된다면은 괜히 다른 팀원들과 저까지 기운이 빠지고 열정이 없어집니다. 때문에 저는 그러한 팀원들의 열정을 끌어올리기 위하여 고민하던 중에 생각해냈던 좋은 방법이 바로 저와 다른 팀원들이 그 팀원이 부족한 만큼 더욱더 열정을 태우고 더욱 열심히 하는 것입니다. 그렇게 하게 되면은 자연스럽게 그 팀원은 따라오게 되고 평균 수준까지 역량이 끌어 올려집니다. 그리고 다른 팀원들과 저는 더 열심히 한 만큼 그만큼 역량이 올라가는 것이고 때문에 이는 전체적인 구성원들의 역량들이 함께 향상되는 효과를 누릴 수가 있습니다. 때문에 저는 이러한 방법들로 효과를 많이 보았으며 이러한 것을 대외 활동과 공모전에도 적용을 하여 수차례 입상을 하였던 경험이 있었습니다.","wordCount":113},"emotion":[],"intent":[{"text":"","expression":"","category":"attitude"}],"summary":{"text":"팀원들과 협업을 하게 되면 다른 팀원들까지 열정이 없어집니다. 그래서 저와 다른 팀원들이 그 팀원이 부족한 만큼 더욱더 열정을 태우고 더욱 열심히 하면 자연스럽게 그 팀원은 따라오게 되고 평균 수준까지 역량이 끌어 올려집니다. 이는 전체적인 구성원들의 역량들이 함께 향상되는 효과를 누릴 수가 있습니다.","wordCount":42}}},"rawDataInfo":{"question":{"fileFormat":"wav","fileSize":448078,"duration":14000,"samplingBit":16,"channelCount":1,"samplingRate":"16kHz","audioPath":"/Mock/06.Design/Male/New/ckmk_q_ard_m_n_198429.wav"},"answer":{"fileFormat":"wav","fileSize":2793358,"duration":87290,"samplingBit":16,"channelCount":1,"samplingRate":"16kHz","audioPath":"/Mock/06.Design/Male/New/ckmk_a_ard_m_n_198429.wav"}}}