{"version":"1.0","dataSet":{"info":{"date":"20230116","occupation":"ARD","channel":"MOCK","place":"ONLINE","gender":"MALE","ageRange":"-34","experience":"NEW"},"question":{"raw":{"text":"지금 스터디를 따로 하고 계시는 것이 있는지요 어 있다면 어떤 공부를 하고 계시는지 또 왜 그 공부를 하고 계시는지도 함께 말씀해 주시기 바랍니다","wordCount":23},"emotion":[],"intent":[]},"answer":{"raw":{"text":"저는 스터디를 따로 하고 있는 게 있습니다. 제 업무에 도움되는 쪽으로 공부를 하고 있는데 이건 새로운 프로그램 새로운 랜더링 프로그램인 내디시프트 프로그램을 배우고 있습니다. 내디시프트는 기존에 사용하는 틀보다 훨씬 더 디테일하고 세밀한 표현을 가능하게 해서 최근 시장에서 사람들이 조금씩 사양을 확장해 나가고 있는 걸로 알고 있습니다. 이런 툴을 공부해서 만약 제가 하는 업무에도 적용할 수 있는 수준까지 공부를 할 수 있다면 실제 업무에 적용을 해보려고 합니다. 만약 그 정도의 수준이 된다면 한 단계 높은 수준의 자 업물을 만들 수 있을 거라 생각됩니다.","wordCount":82},"emotion":[],"intent":[{"text":"","expression":"","category":"attitude"}],"summary":{"text":"내디시프트 프로그램은 기존의 틀보다 세밀한 표현을 가능하게 해서 시장에서 사양을 확장해 나가고 있습니다. 이런 툴을 공부해서 실제 업무에 적용할 수 있다면 높은 수준의 작업물을 만들 수 있을 것이라 생각됩니다.","wordCount":29}}},"rawDataInfo":{"question":{"fileFormat":"wav","fileSize":466638,"duration":14580,"samplingBit":16,"channelCount":1,"samplingRate":"16kHz","audioPath":"/Mock/06.Design/Male/New/ckmk_q_ard_m_n_179305.wav"},"answer":{"fileFormat":"wav","fileSize":1716558,"duration":53640,"samplingBit":16,"channelCount":1,"samplingRate":"16kHz","audioPath":"/Mock/06.Design/Male/New/ckmk_a_ard_m_n_179305.wav"}}}