{"version":"1.0","dataSet":{"info":{"date":"20230116","occupation":"ARD","channel":"MOCK","place":"ONLINE","gender":"MALE","ageRange":"-34","experience":"NEW"},"question":{"raw":{"text":"어 태어나서 지금까지 하신 일들 가운데 어 가장 후회했던 일이 어 무엇인지 한 가지만 골라서 말씀 부탁드립니다","wordCount":17},"emotion":[],"intent":[]},"answer":{"raw":{"text":"저는 대학 입시에 실패한 것을 새내기 일 년 동안 스스로의 핸드캡으로 가지고 있었던 것입니다. 저는 수능 시험 당일 컨디션 저조로 평소보다 낮은 성적을 받아 원하던 대학에 가지 못했습니다. 하지만 전공을 포기할 수는 없었고 학교를 조정해 지금의 학교에 진학했습니다. 하지만 스스로에 대한 실망감으로 전공 수업을 들으면서도 학교의 마음을 못 고치고 있었습니다. 그러던 중 편입을 고민하며 찾아갔던 학교 상담실에서 다양한 재학생 지원 프로그램 프로그램을 알게 되었고 제가 조금만 노력한다면 훨씬 많은 기회를 얻을 수 있다는 것을 알게 되었습니다. 또한 제가 후회만 하고 있는 십 년 사이 더 발 빠르게 움직인 친구들이 있다는 것을 알고 스스로의 바보스러움을 보았습니다. 문제는 학교가 아니라 저였습니다. 그때부터 학과 활동은 물론 대외 활동에도 적극적으로 임했습니다. 무엇보다 앞으로 직무에 필요한 역량을 시험할 수 있는 공모전 준비에 열중했고 이런 학교생활을 적극적으로 했던 계기로 공모전 결승에서 우승도 하고 이를 통해서 제가 쌓아 놓은 벽을 깨고 도전하는 법을 배웠습니다.","wordCount":137},"emotion":[],"intent":[{"text":"","expression":"","category":"attitude"}],"summary":{"text":"새내기 일 년 동안 대학 입시에 실패한 것을 스스로 핸드캡으로 가지고 있었습니다. 수능 시험 당일 컨디션 저조로 원하던 대학에 가지 못했으나 학교를 조정해 지금의 학교에 진학했습니다. 그러던 중 다양한 재학생 지원 프로그램 프로그램을 알게 되었고 후회만 하고 있는 사이 더 빠르게 움직인 친구들이 있다는 것을 알고 스스로의 바보스러움을 보았습니다.","wordCount":49}}},"rawDataInfo":{"question":{"fileFormat":"wav","fileSize":477518,"duration":14920,"samplingBit":16,"channelCount":1,"samplingRate":"16kHz","audioPath":"/Mock/06.Design/Male/New/ckmk_q_ard_m_n_185027.wav"},"answer":{"fileFormat":"wav","fileSize":2851918,"duration":89120,"samplingBit":16,"channelCount":1,"samplingRate":"16kHz","audioPath":"/Mock/06.Design/Male/New/ckmk_a_ard_m_n_185027.wav"}}}