{"version":"1.0","dataSet":{"info":{"date":"20230116","occupation":"ARD","channel":"MOCK","place":"ONLINE","gender":"MALE","ageRange":"-34","experience":"NEW"},"question":{"raw":{"text":"업무를 하다 보면 다른 지역에서 수행하게 될 수도 있는데요 타 지역 근무도 문제 없이 가능하신지 궁금합니다","wordCount":16},"emotion":[],"intent":[]},"answer":{"raw":{"text":"네 저는 다른 지역에서의 근무도 문제 없이 가능합니다. 저의 본가가 지방이라서 대학교도 다른 지방 지역에서 다녔고 그리고 취업을 위해서 다른 지역에서 자취를 한 지도 오래되었기 때문에 다른 지역에서 파견을 당하는 것에 대해서 크게 거부감을 가지고 있지는 않습니다. 그래서 타지역 근무에 대해서도 아무런 문제 없이 어 업무를 하는 데 있어서 중요한 문제라면 별로 상관없이 할 수 있다고 생각합니다.","wordCount":57},"emotion":[],"intent":[{"text":"","expression":"","category":"attitude"}],"summary":{"text":"취업준비를 위해 다른 지방으로 발령을 받은 적이 없으며, 본가가 지방이기 때문에 타지역 파견에 거부감이 없습니다. 그래서 업무와 관련된 문제라면 문제없다고 생각합니다.","wordCount":21}}},"rawDataInfo":{"question":{"fileFormat":"wav","fileSize":346958,"duration":10840,"samplingBit":16,"channelCount":1,"samplingRate":"16kHz","audioPath":"/Mock/06.Design/Male/New/ckmk_q_ard_m_n_172274.wav"},"answer":{"fileFormat":"wav","fileSize":1555918,"duration":48620,"samplingBit":16,"channelCount":1,"samplingRate":"16kHz","audioPath":"/Mock/06.Design/Male/New/ckmk_a_ard_m_n_172274.wav"}}}