{"version":"1.0","dataSet":{"info":{"date":"20230116","occupation":"ARD","channel":"MOCK","place":"ONLINE","gender":"MALE","ageRange":"-34","experience":"NEW"},"question":{"raw":{"text":"우리는 커뮤니케이션을 계속해서 하며 살아가야 하는데요 커뮤니케이션을 잘 할 수 있는 본인만의 스킬이 있다면 어 한번 저희에게 소개를 해 주시길 바랍니다 직접 한번 저희에게 보여주셔도 좋습니다","wordCount":26},"emotion":[],"intent":[]},"answer":{"raw":{"text":"저는 커뮤니케이션 능력 중에서 말하는 능력만큼 어 듣는 능력도 굉장히 중요하다고 생각합니다. 커뮤니케이션 능력이라는 것은 결국 상호 작용을 전제로 하는데요. 따라서 이해 관계자들이 서로 자기 말만 하고 들으려고 하지 않는다면 커뮤니케이션이 이루어지지 않은 것과 마찬가지라고 생각합니다. 조별 과제에서 자신의 의견을 주장하는 사람이 많아 그 사이에서 의견을 조율한 경험이 있고 또 팀원들의 의견을 전부 기록해 요약하고 정리해서 알려주는 것도 커뮤니케이션 능력 중 하나라고 생각해서 저는 이러한 능력을 올릴 수 있도록 많은 노력을 해 왔습니다. 그리고 액션보다 더 중요한 것이 리액션인데 제가 꼭 말을 하지 않더라도 듣는 경험이 있다면 이건 충분히 훌륭한 커뮤니케이션 경험이라고 생각합니다.","wordCount":93},"emotion":[],"intent":[{"text":"","expression":"","category":"attitude"}],"summary":{"text":"저는 커뮤니케이션 능력 중 말하는 능력만큼 듣는 능력도 중요하다고 생각합니다. 조별 과제에서 자신의 의견을 주장하는 사람이 많아 그 사이에서 의견을 조율한 경험이 있습니다. 팀원들의 의견을 전부 기록해 요약하고 정리해서 알려주는 것도 커뮤니케이션 능력 중 하나라고 생각합니다.","wordCount":36}}},"rawDataInfo":{"question":{"fileFormat":"wav","fileSize":491918,"duration":15370,"samplingBit":16,"channelCount":1,"samplingRate":"16kHz","audioPath":"/Mock/06.Design/Male/New/ckmk_q_ard_m_n_185029.wav"},"answer":{"fileFormat":"wav","fileSize":2162638,"duration":67580,"samplingBit":16,"channelCount":1,"samplingRate":"16kHz","audioPath":"/Mock/06.Design/Male/New/ckmk_a_ard_m_n_185029.wav"}}}