{"version":"1.0","dataSet":{"info":{"date":"20230116","occupation":"ARD","channel":"MOCK","place":"ONLINE","gender":"MALE","ageRange":"-34","experience":"NEW"},"question":{"raw":{"text":"지원자께서는 만약 직무 수행을 할 때 난관에 봉착한 경우 어떻게 해결하실 건가요 지원자님의 해결법과 그 이유가 무엇인지 말씀해 주시길 바랍니다","wordCount":20},"emotion":[],"intent":[]},"answer":{"raw":{"text":"제가 직무 수행 시 난관에 봉착했다면 우선 해당 업무가 개인적으로 해결이 가능한 일인지 파악을 할 것입니다. 개인적으로 해결할 수 있다면 어 최대한 많은 방법을 통해서 해결을 해 보고 만약에 개인적인 방법으로 난관을 헤쳐나갈 수 없다면 어 경험이 많은 상사나 다른 동료들에게 도움을 요청할 것입니다. 도움을 요청할 때에는 최대한 상황에 대한 설명과 어려움에 대해 간결하게 설명하고 이에 대한 도움을 받을 것입니다. 그리고 도움을 받은 내용을 기록하여서 추후에 같은 일에 대한 어려움이 없도록 대처할 것입니다.","wordCount":73},"emotion":[],"intent":[{"text":"개인적으로 해결할 수 있다면 어 최대한 많은 방법을 통해서 해결을 해 보고 만약에 개인적인 방법으로 난관을 헤쳐나갈 수 없다면 어 경험이 많은 상사나 다른 동료들에게 도움을 요청할 것입니다.","expression":"c_cop","category":"personality"}],"summary":{"text":"직무 수행 시 난관에 봉착했다면 개인적으로 해결이 가능한지 파악을 할 것이고, 어렵다면 다른 동료들에게 도움을 요청할 것이며, 이를 간결하게 설명하고 이를 기록하여 추후에 어려움이 없도록 대처할 것입니다.","wordCount":27}}},"rawDataInfo":{"question":{"fileFormat":"wav","fileSize":588878,"duration":18400,"samplingBit":16,"channelCount":1,"samplingRate":"16kHz","audioPath":"/Mock/06.Design/Male/New/ckmk_q_ard_m_n_185168.wav"},"answer":{"fileFormat":"wav","fileSize":1644878,"duration":51400,"samplingBit":16,"channelCount":1,"samplingRate":"16kHz","audioPath":"/Mock/06.Design/Male/New/ckmk_a_ard_m_n_185168.wav"}}}