{"version":"1.0","dataSet":{"info":{"date":"20230116","occupation":"ARD","channel":"MOCK","place":"ONLINE","gender":"MALE","ageRange":"35-44","experience":"NEW"},"question":{"raw":{"text":"면접자님은 유엑스 디자인이 어떤 것이라고 무엇이라고 생각하십니까","wordCount":7},"emotion":[],"intent":[]},"answer":{"raw":{"text":"유엑스 디자인은 말 그대로 사용자 경험에 의한 디자인이라고 말씀을 드릴 수 있겠습니다. 사용자 경험이라는 거는 뭘까요 사용자 명함 경험이라는 거는 음 말 그대로일 것이라고 생각을 합니다. 어 그 제품을 사용하는 사용자가 경험적 요인에 의해서 어 이랬으면 좋겠다 하는 것들을 충족시켜주는 디자인이라고 저는 생각을 합니다. 그래서 좋은 유엑스 디자인이라는 건 어 앞에 있는 말 뜻을 그대로 따르는 것일 것입니다. 첫번째 요소 사용자가 느낄 수 있는 원하는 바를 그대로 구현해주는 디자인 아 이거 이랬으면 정말 편리할 것 같은데 아 이거 이렇게 되면 정말 효율적으로 사용할 수 있을 것 같은데 라는 느낌을 그대로 구현해 주는 디자인 이것이 가장 좋은 디자인의 첫 번째 구성 요소일 거고 두 번째 요소는 그것에 더해서 심리적인 기능까지 만족을 시켜 줘야 된다는 것입니다. 디자인하면 흔히들 가장 먼저 떠오르는 것은 이쁘다 멋지다 이런 감성적인 느낌일 것입니다. 사용자가 경험에 의해서 사용할 수 있을 것 같은 구체적인 느낌을 주는 디자인을 갖춘 데다가 심리적인 요소까지 갖췄다면 그 디자인은 좋은 디자인이라 말할 수 있고 어김없이 잘 팔릴 것이라고 생각합니다.","wordCount":155},"emotion":[],"intent":[{"text":"","expression":"","category":"attitude"}],"summary":{"text":"유엑스 디자인은 사용자 경험에 의한 디자인이라고 할 수 있습니다. 사용자가 느낄 수 있는 바를 그대로 구현해주는 디자인, 사용자가 경험에 의해서 사용할 수 있을 것 같은 구체적인 느낌을 주는 디자인을 갖춘 데다가 심리적인 요소까지 갖췄다면 그 디자인은 좋은 디자인이라 말할 수 있고 언제나 잘 팔릴 것이라고 생각합니다.","wordCount":46}}},"rawDataInfo":{"question":{"fileFormat":"wav","fileSize":263758,"duration":8240,"samplingBit":16,"channelCount":1,"samplingRate":"16kHz","audioPath":"/Mock/06.Design/Male/New/ckmk_q_ard_m_n_189997.wav"},"answer":{"fileFormat":"wav","fileSize":2585678,"duration":80800,"samplingBit":16,"channelCount":1,"samplingRate":"16kHz","audioPath":"/Mock/06.Design/Male/New/ckmk_a_ard_m_n_189997.wav"}}}