{"version":"1.0","dataSet":{"info":{"date":"20230116","occupation":"ARD","channel":"MOCK","place":"ONLINE","gender":"MALE","ageRange":"-34","experience":"NEW"},"question":{"raw":{"text":"본인이 생각하는 유아이 쥐유아이 디자인이란 무엇인가요","wordCount":6},"emotion":[],"intent":[]},"answer":{"raw":{"text":"유아이 지유아이 디자인은 일단 사용자가 보는 보는 것 이라고 간단하게 말을 해보고 싶습니다. 사용자가 직접 보고 어디에 무엇이 있고 그것을 사용하는 것은 유엑스겠지만 그것을 보는 시점 시각화 시킨 것 어디에 위치하는 것 이런 것이 모두 유아이 지유아이 라고 말할 수 있는데요. 유아이는 상당히 중요합니다. 거의 모든 디자인의 기본이라고도 말할 수 있죠. 그래서 유아이 디자이너들이 항상 열심히 노력을 하고 머리를 뭉쳐서 낸 것들이 지금의 유아이라고 할 수 있겠습니다. 그래서 저도 유아이 디자인을 꼭 해보고 싶습니다.","wordCount":74},"emotion":[],"intent":[{"text":"","expression":"","category":"attitude"}],"summary":{"text":"디자인의 기본이라 할 수 있는 유아이 디자인은 직접 보는 시점 시각화 시킨 것 어디에 위치하는 것 모든 것이 유아이 지유아이 라고 말할 수 있습니다.","wordCount":24}}},"rawDataInfo":{"question":{"fileFormat":"wav","fileSize":357518,"duration":11170,"samplingBit":16,"channelCount":1,"samplingRate":"16kHz","audioPath":"/Mock/06.Design/Male/New/ckmk_q_ard_m_n_225251.wav"},"answer":{"fileFormat":"wav","fileSize":1595598,"duration":49860,"samplingBit":16,"channelCount":1,"samplingRate":"16kHz","audioPath":"/Mock/06.Design/Male/New/ckmk_a_ard_m_n_225251.wav"}}}