{"version":"1.0","dataSet":{"info":{"date":"20230116","occupation":"ARD","channel":"MOCK","place":"ONLINE","gender":"MALE","ageRange":"-34","experience":"NEW"},"question":{"raw":{"text":"어 만약에 상사가 업무와 무관한 일을 잘 시켜도 이제 수 수행할 자신이 있으신지 궁금합니다 아니면은 이제 수행하지 않으실 것인지도 궁금합니다","wordCount":20},"emotion":[],"intent":[]},"answer":{"raw":{"text":"회사는 여러 가지 업무가 맞물려 있고 다양한 사람이 존재하는 곳입니다. 따라서 요구하는 업무도 다양하고 그 범위도 넓다고 생각합니다. 그리고 저는 그러한 업무를 맡게 된다면은 제 생각은 그 일을 기회로 삼아라 라고 말하고 싶습니다. 이제 이 제 의견은 이 일 저 일 잡다한 일을 다 해야 한다는 얘기가 아니라 어 상사와의 상사와 이제 신뢰 관계를 구축하기 위해서 기본 업무에 충실하지만 조금씩 연차와 경험이 쌓이면서 상사와 함께 할 가끔은 상사를 대신할 역량을 키워야만 조직에서 오래 사아 살아남을 수 있기 때문에 나와 업무 영역과 무관한 일이 주어질 때마다 그 일을 내 일이 아닌 덤으로 해야 하는 일이라고 생각하는 마인드가 그 일을 더 어렵게 만드는 주범입니다. 따라서 나에게 이 일을 시킨 상사에 심정을 파악하고 상사가 그만큼 나를 믿고 신뢰하기 때문에 이런 개인적인 혹은 번거롭고 어려운 일을 맡기고 상의하시는구나 라는 마음 자세를 가질 필요가 있을 것이라고 생각합니다.","wordCount":132},"emotion":[],"intent":[{"text":"","expression":"","category":"attitude"}],"summary":{"text":"회사는 여러 가지 업무가 맞물려 있고 다양한 사람이 존재하는 곳이므로 요구하는 업무도 다양하고 그 범위도 넓다고 생각합니다. 저는 그러한 업무를 맡게 된다면 그 일을 기회로 삼아라 라고 말하고 싶습니다. 상사와의 신뢰 관계를 구축하기 위해서 이런 개인적인 일을 맡기고 상의하는구라는 마음 자세를 가질 필요가 있을 것이라고 생각합니다.","wordCount":46}}},"rawDataInfo":{"question":{"fileFormat":"wav","fileSize":447758,"duration":13990,"samplingBit":16,"channelCount":1,"samplingRate":"16kHz","audioPath":"/Mock/06.Design/Male/New/ckmk_q_ard_m_n_198285.wav"},"answer":{"fileFormat":"wav","fileSize":2822158,"duration":88190,"samplingBit":16,"channelCount":1,"samplingRate":"16kHz","audioPath":"/Mock/06.Design/Male/New/ckmk_a_ard_m_n_198285.wav"}}}