{"version":"1.0","dataSet":{"info":{"date":"20230116","occupation":"ARD","channel":"MOCK","place":"ONLINE","gender":"MALE","ageRange":"-34","experience":"NEW"},"question":{"raw":{"text":"본인의 의견을 주장하실 때 강하게 주장하는 편인지 아니면 따라가는 편인지 궁금한데요 어떤 스타일로 본인의 의견을 주장하시나요","wordCount":16},"emotion":[],"intent":[]},"answer":{"raw":{"text":"저는 제 의견을 주장할 때 강하게 주장하는 것보다는 부드럽게 주장하는 편입니다. 저는 개인의 의견도 중요하지만 팀워크를 통해 생기는 시너지 효과를 최대한 발휘하는 것을 선호합니다. 개인의 의견을 강하게 주장하다 보면 다른 팀원의 의견이 약해지거나 무시되는 경우가 있는데 이를 부드러운 방식으로 조율하다 보면 새로운 의견이 더 생기거나 생각하지 못한 아이디어를 얻어 이를 통해 더 좋은 방향으로 가는 경험이 많았습니다. 때에 따라서 신속하게 의견을 정리하기 위해 한 방향으로 의견을 강하게 정해야 될 때도 있지만 저는 가능하면 최대한 많은 의견을 듣기 위해 제 의견을 공감받기 쉽게 주장하는 편입니다.","wordCount":84},"emotion":[],"intent":[{"text":"","expression":"","category":"attitude"}],"summary":{"text":"저는 팀워크를 통해 생기는 시너지 효과를 최대한 발휘하는 것을 선호합니다. 의견을 강하게 주장하다 보면 다른 팀원의 의견이 약해지는 경우가 있는데 부드러운 방식으로 조율하다 보면 새로운 의견이 더 생기거나 아이디어가 더해져 더 좋은 방향으로 가는 경험이 많았습니다.","wordCount":36}}},"rawDataInfo":{"question":{"fileFormat":"wav","fileSize":448718,"duration":14020,"samplingBit":16,"channelCount":1,"samplingRate":"16kHz","audioPath":"/Mock/06.Design/Male/New/ckmk_q_ard_m_n_193367.wav"},"answer":{"fileFormat":"wav","fileSize":1888078,"duration":59000,"samplingBit":16,"channelCount":1,"samplingRate":"16kHz","audioPath":"/Mock/06.Design/Male/New/ckmk_a_ard_m_n_193367.wav"}}}