{"version":"1.0","dataSet":{"info":{"date":"20230116","occupation":"ARD","channel":"MOCK","place":"ONLINE","gender":"MALE","ageRange":"-34","experience":"NEW"},"question":{"raw":{"text":"어 본인이 생각하기에 본인은 남을 잘 이끄는 리더형과 팔로워형 중에 어떤 유형인지 설명해 주시길 바랍니다 그리고 그렇게 생각한 이유는 무엇인가요","wordCount":20},"emotion":[],"intent":[]},"answer":{"raw":{"text":"저는 시시때때로 상황에 맞게 변할 수 있는 그런 자아를 가지고 있습니다. 그렇기 때문에 저는 어떤 명령에만 순종하여서 일하는 수동적인 사람도 아니고 또 그렇게 독단적으로 모든 것을 무시하고 끌고 나 끌고 나가는 그런 독불장군 형의 인간도 아닙니다. 저는 마치 박쥐와 같이 이리 붙었다 저리 붙었다 간에 붙었다 쓸개에 붙었다 그러한 적절하게 붙어야 될 때를 정확하게 관찰하고 파악할 줄 아는 사람이기 때문에 저는 리더형도 될 수 있고 남이 무언가를 시키면은 잘 따라하는 팔로워 형도 될 수 있다고 저는 제가 스스로 그렇게 진단을 하고 있습니다. 이렇게 된 이유는 제가 정말로 여러 가지 상황에 적응하기 위해서 많은 상황들을 접해 왔었고 그 과정들을 적응하는 데 있어서 겪었던 수많은 어떤 저의 기억들과 어떤 경험들은 저를 이렇게 박쥐 같은 사람으로 간에 붙었다 쓸개에 붙었다 하는 사람으로 만들어 줄 수 있게 해주었습니다.","wordCount":124},"emotion":[],"intent":[{"text":"","expression":"","category":"attitude"}],"summary":{"text":"저는 시시때때로 상황에 맞게 변할 수 있는 자아를 가지고 있기 때문에 명령에 순종하는 수동적인 사람도 아니고 독단적으로 모든 것을 무시하고 끌고 나 끌고 나가는 독불장군 형의 인간도 아닙니다. 적절하게 붙어야 될 때를 정확하게 관찰하고 파악할 줄 아는 사람입니다.","wordCount":38}}},"rawDataInfo":{"question":{"fileFormat":"wav","fileSize":480718,"duration":15020,"samplingBit":16,"channelCount":1,"samplingRate":"16kHz","audioPath":"/Mock/06.Design/Male/New/ckmk_q_ard_m_n_218739.wav"},"answer":{"fileFormat":"wav","fileSize":2427598,"duration":75860,"samplingBit":16,"channelCount":1,"samplingRate":"16kHz","audioPath":"/Mock/06.Design/Male/New/ckmk_a_ard_m_n_218739.wav"}}}