{"version":"1.0","dataSet":{"info":{"date":"20230116","occupation":"ARD","channel":"MOCK","place":"ONLINE","gender":"MALE","ageRange":"-34","experience":"NEW"},"question":{"raw":{"text":"주로 디자인 영감은 어디에서 받는가요","wordCount":5},"emotion":[],"intent":[]},"answer":{"raw":{"text":"저는 일을 할 때 분야나 장소 시간에 관계없이 다양한 상황에서 영감을 받습니다. 기본적으로는 인터넷을 통해 최근 트렌드의 기사나 매거진을 통해 새로운 소식을 접하기도 하고 어 디자인 이미지를 보면서 형태감을 익히기도 합니다. 이 외에도 식당이나 카페를 가거나 길을 걸으며 사람이나 건축 인테리어 소품 등을 보며 영감을 받기도 합니다. 최근에는 여행을 갔던 곳에서 방문을 방문한 건축물을 보며 현재 개인적으로 진행하고 있는 프로젝트에 대한 영감을 받았습니다. 건축물의 형태와 내부 구조를 착안해서 형태를 구상하는 등 저는 다양한 곳에서 영감을 받고 있습니다.","wordCount":77},"emotion":[],"intent":[{"text":"최근에는 여행을 갔던 곳에서 방문을 방문한 건축물을 보며 현재 개인적으로 진행하고 있는 프로젝트에 대한 영감을 받았습니다.","expression":"d_sens","category":"attitude"},{"text":"건축물의 형태와 내부 구조를 착안해서 형태를 구상하는 등 저는 다양한 곳에서 영감을 받고 있습니다.","expression":"d_sens","category":"attitude"}],"summary":{"text":"저는 일을 할 때 분야나 장소 시간에 관계없이 다양한 상황에서 영감을 받습니다. 최근 트렌드의 기사나 매거진을 통해 새로운 소식을 접하기도 하고 디자인 이미지를 보면서 형태감을 익히기도 합니다. 다양한 곳에서 영감을 받고 있습니다.","wordCount":32}}},"rawDataInfo":{"question":{"fileFormat":"wav","fileSize":266318,"duration":8320,"samplingBit":16,"channelCount":1,"samplingRate":"16kHz","audioPath":"/Mock/06.Design/Male/New/ckmk_q_ard_m_n_185023.wav"},"answer":{"fileFormat":"wav","fileSize":1993358,"duration":62290,"samplingBit":16,"channelCount":1,"samplingRate":"16kHz","audioPath":"/Mock/06.Design/Male/New/ckmk_a_ard_m_n_185023.wav"}}}