{"version":"1.0","dataSet":{"info":{"date":"20230116","occupation":"ARD","channel":"MOCK","place":"ONLINE","gender":"MALE","ageRange":"35-44","experience":"NEW"},"question":{"raw":{"text":"지원자님께서 그동안 인생에서 겪었던 갈등들 중에서 어떤 갈등이 가장 심각했었는지요 어 그러한 갈등 중에서 한가지만 골라서 말씀해 주시기 바랍니다","wordCount":19},"emotion":[],"intent":[]},"answer":{"raw":{"text":"지금까지 지금까지 제 인생에서 가장 심하게 겪었던 갈등은 아버지와의 갈등이었습니다. 아버지와의 갈등은 음 어렸을 때는 제가 저항할 힘이 없어서 마음속으로만 생각했지만 아마 그때부터 품어왔을 거라고 저는 기억이 됩니다. 아버지는 늘 제가 하고 싶은 것들을 할 수 없게 하셨고 그 그 그가 원하는 아버지가 원하는 삶을 살게끔 하기 위해 항상 노력하셨습니다. 아마 다들 들었을 테지만 공부에 대한 강요 하지 말아야 될 것들에 대한 강요 저는 아까도 늘 말씀드렸다시피 방송 쪽 영상 쪽 이런 예체능과 관련된 일들에 대한 것에 굉장히 큰 관심을 가졌는데 아버지는 항상 그런 것들에 대한 거부감이 많으셨습니다. 항상 공부가 원저이길 바라셨고 좋은 성적을 주는 것만이 그리고 나중에 커서 공무원 같은 국가의 일을 하는 것만이 어 삶의 큰 목표를 달성하는 것이라고 하셨고 저에게 강요를 해 왔습니다. 음 저는 그 강요를 이겨내 왔습니다. 중학교 때부터 제가 하고 싶은 공부를 아버지가 원하는 것들을 이뤄내 주면서도 제가 원하는 공부를 꾸준히 해 왔고 지금 이 자리에 앉아서 변접관님과 면접을 보게 되었습니다.","wordCount":147},"emotion":[],"intent":[{"text":"","expression":"","category":"attitude"}],"summary":{"text":"아버지와의 갈등은 제 인생에서 가장 심하게 겪었던 갈등입니다. 아버지는 제가 하고 싶은 것들을 할 수 없게 하셨고 제가 원하는 삶을 살게끔 노력하셨습니다. 공부에 대한 강요를 제가 극복했습니다. 중학교 때부터 아버지가 원하는 공부를 꾸준히 해 왔고 지금 이 자리에 앉아서 변접관님과 면접을 보게 되었습니다.","wordCount":43}}},"rawDataInfo":{"question":{"fileFormat":"wav","fileSize":493518,"duration":15420,"samplingBit":16,"channelCount":1,"samplingRate":"16kHz","audioPath":"/Mock/06.Design/Male/New/ckmk_q_ard_m_n_189998.wav"},"answer":{"fileFormat":"wav","fileSize":2701838,"duration":84430,"samplingBit":16,"channelCount":1,"samplingRate":"16kHz","audioPath":"/Mock/06.Design/Male/New/ckmk_a_ard_m_n_189998.wav"}}}