{"version":"1.0","dataSet":{"info":{"date":"20230116","occupation":"ARD","channel":"MOCK","place":"ONLINE","gender":"MALE","ageRange":"-34","experience":"NEW"},"question":{"raw":{"text":"상사가 회사의 이익에 반하는 행동을 하는 것을 본인이 직접 목격을 했어요 어 그럼 그때는 어떻게 행동을 하시겠습니까 구체적으로 답변 부탁드리겠습니다","wordCount":20},"emotion":[],"intent":[]},"answer":{"raw":{"text":"제가 만약에 상사가 회사 이익에 반하는 행동을 하는 것을 지금 목격했다면 우선 그 자리에서 상사와 직접 대화를 해 볼 것 같습니다. 대화를 통해 최대한 옳은 방향으로 해결도 해 보고 그래도 만약에 해결이 되지 않는다면 어 회사의 메뉴얼을 맡는 사람에게 라는 사람을 찾아 문의를 해 볼 것 같습니다. 그런 다음 가장 회사의 적절한 해결책을 찾아서 어 회사 그 상사와 다시 한번 이야기를 해보고 조치를 취할 것 같습니다.","wordCount":66},"emotion":[],"intent":[{"text":"","expression":"","category":"attitude"}],"summary":{"text":"상사와 직접 대화를 하고 문제 해결이 안 될 경우 회사 메뉴얼을 맡는 사람에게 문의해 보거나, 적절한 해결책을 찾아 회사 상사와 다시 대화를 해 보아야 할 것 같습니다.","wordCount":27}}},"rawDataInfo":{"question":{"fileFormat":"wav","fileSize":498958,"duration":15590,"samplingBit":16,"channelCount":1,"samplingRate":"16kHz","audioPath":"/Mock/06.Design/Male/New/ckmk_q_ard_m_n_185171.wav"},"answer":{"fileFormat":"wav","fileSize":1413198,"duration":44160,"samplingBit":16,"channelCount":1,"samplingRate":"16kHz","audioPath":"/Mock/06.Design/Male/New/ckmk_a_ard_m_n_185171.wav"}}}