{"version":"1.0","dataSet":{"info":{"date":"20230116","occupation":"ARD","channel":"MOCK","place":"ONLINE","gender":"MALE","ageRange":"-34","experience":"NEW"},"question":{"raw":{"text":"본인이 하고 싶은 디자인이 있으신가요 그 원하는 디자인에 대하여 간단하게 설명 부탁드립니다","wordCount":12},"emotion":[],"intent":[]},"answer":{"raw":{"text":"저는 어 디자인 트렌드를 좀 따라가는 그러한 것들을 해보고 싶은데 먼저 저는 레트로 디자인 그리고 그러한 것들을 좀 해보고 싶습니다. 어 어떠한 것들이 있냐면은 이제 와이투케이 스타일이 패션계에도 재등장하고 그리고 무엇보다도 저는 아이티 업계에서도 그런 테크 업계에서도 레트로 열풍이 충분히 불 수 있다는 생각이 듭니다. 특히 삼성 갤럭시 제트플립 같은 경우에는 이전에 저희 폴더 폰에 감성을 불러일으켰기 때문에 그리고 현대적인 디자인 요소까지 가미해서 이렇게 레트로 디자인을 만들었기 때문에 저는 그러한 레트로 디자인에 이제 현대적인 해석을 가미해서 현대적인 레트로 감성 이러한 것들을 만드는 것이 한 번 제가 해보고 싶었던 디자인입니다. 이제 이를 통하면은 어 많은 고객들의 관심을 이끌 수 있을 것이란 생각이 들고 또 제가 이전에 레트로 디자인 공모전에서 수상을 한 적이 있었기 때문에 그러한 레트로 디자인을 담당해 보고 싶습니다.","wordCount":119},"emotion":[],"intent":[{"text":"저는 어 디자인 트렌드를 좀 따라가는 그러한 것들을 해보고 싶은데 먼저 저는 레트로 디자인 그리고 그러한 것들을 좀 해보고 싶습니다.","expression":"d_trendy","category":"technology"},{"text":"특히 삼성 갤럭시 제트플립 같은 경우에는 이전에 저희 폴더 폰에 감성을 불러일으켰기 때문에 그리고 현대적인 디자인 요소까지 가미해서 이렇게 레트로 디자인을 만들었기 때문에 저는 그러한 레트로 디자인에 이제 현대적인 해석을 가미해서 현대적인 레트로 감성 이러한 것들을 만드는 것이 한 번 제가 해보고 싶었던 디자인입니다.","expression":"d_trendy","category":"technology"}],"summary":{"text":"디자인 트렌드를 좀 따라가는 것들을 해보고 싶은데 먼저 레트로 디자인을 해 보고 싶습니다. 그 이유는 와이투케이 스타일이 패션계에도 재등장하고 아이티 업계와 테크 업계에서도 레트로의 열풍이 충분히 불 수 있기 때문입니다.","wordCount":30}}},"rawDataInfo":{"question":{"fileFormat":"wav","fileSize":420558,"duration":13140,"samplingBit":16,"channelCount":1,"samplingRate":"16kHz","audioPath":"/Mock/06.Design/Male/New/ckmk_q_ard_m_n_198290.wav"},"answer":{"fileFormat":"wav","fileSize":2750798,"duration":85960,"samplingBit":16,"channelCount":1,"samplingRate":"16kHz","audioPath":"/Mock/06.Design/Male/New/ckmk_a_ard_m_n_198290.wav"}}}