{"version":"1.0","dataSet":{"info":{"date":"20230116","occupation":"ARD","channel":"MOCK","place":"ONLINE","gender":"MALE","ageRange":"-34","experience":"NEW"},"question":{"raw":{"text":"오늘 면접을 준비하시느라 정말 고생이 많으셨을 텐데요 지원자님은 어떤 방식으로 면접을 준비해 오셨는지 구체적으로 말씀해 주실 수 있나요","wordCount":18},"emotion":[],"intent":[]},"answer":{"raw":{"text":"저는 면접 준비를 대략 아홉 가지 방법으로 준비했습니다. 첫 번째로 제가 제출한 서류를 다시 확인하는 시간을 가졌습니다. 두 번째로 이력서 자기소개서로 예상 질문을 뽑아서 준비했습니다. 세 번째로 제가 지원한 회사에 대해 대하여 조사를 하였습니다. 네 번째로 직무 관련 예상 질문을 뽑아서 답변하는 시간을 가졌습니다. 다섯 번째로 면접 예상 질문을 최대한 준비 많이 하였습니다. 그리고 말로 연습하였습니다. 그리고 면접 볼 장소와 시간을 확인하였습니다. 마지막으로 면접 준비물을 챙기고 면접 전날에는 일찍 잠을 청하였습니다. 저는 이런 식으로 면접을 준비하였습니다.","wordCount":76},"emotion":[],"intent":[{"text":"","expression":"","category":"attitude"}],"summary":{"text":"저는 면접 준비를 약 아홉 가지 방법으로 했습니다. 서류 확인 후 이력서 자기소개서 예상 질문, 지원자에 대한 조사, 직무 관련 질문, 예상 질문 답변 순서로 했으며 마지막에는 면접 전날 일찍 자려고 했습니다","wordCount":32}}},"rawDataInfo":{"question":{"fileFormat":"wav","fileSize":608078,"duration":19000,"samplingBit":16,"channelCount":1,"samplingRate":"16kHz","audioPath":"/Mock/06.Design/Male/New/ckmk_q_ard_m_n_184851.wav"},"answer":{"fileFormat":"wav","fileSize":2150798,"duration":67210,"samplingBit":16,"channelCount":1,"samplingRate":"16kHz","audioPath":"/Mock/06.Design/Male/New/ckmk_a_ard_m_n_184851.wav"}}}