{"version":"1.0","dataSet":{"info":{"date":"20230116","occupation":"ARD","channel":"MOCK","place":"ONLINE","gender":"MALE","ageRange":"-34","experience":"NEW"},"question":{"raw":{"text":"지원자님께서는 평소에 검색을 자주 하시나요 그렇다면 어떠한 검색을 주로 하시는지 그리고 왜 하시는지에 대해서 답변을 부탁드립니다","wordCount":16},"emotion":[],"intent":[]},"answer":{"raw":{"text":"초고속 인터넷이 보급되기 시작한 그 때부터 저의 어떤 학창시절이 시작되었었습니다. 그래서 저희들에게는 모르는 것이 있으면은 선생님께 질문한다 뭐 어른들께 질문을 한다 그 문제를 해결하기 위해서 도서관을 찾아가서 공부를 한다 자료를 찾아본다 그런 개념보다는 컴퓨터실에서 피씨방에서 컴퓨터로 검색 포털을 통해서 검색을 하는 것이 저희 저희 세대에는 익숙한 익숙한 상황이었습니다. 그래서 자연스럽게 모르는 것이 있으면 물어보자 검색하자 야 모르는 거 있으면 찾아봐 야 모르는 거 있으면 검색해 봐 이게 저희한테는 어 자연스러운 것 같습니다. 그러다가 이제 스마트폰이 나오게 되었고 더욱더 이제 정보들을 빨리 파악할 수 있는 그런 시대가 더 오게 되어서 뭐 모르는 것을 누구에게 물어본다 라는 것은 좀 쉽게 생각할 수 있는 일이 아닌 것 같아요. 네","wordCount":106},"emotion":[],"intent":[{"text":"","expression":"","category":"attitude"}],"summary":{"text":"모르는 것이 있으면 선생님께 질문한다, 어른들께 질문을 한다 보다는 컴퓨터실에서 피씨방에서 컴퓨터로 검색 포털을 통해서 검색을 하는 것이 익숙한 상황이었습니다. 그러다 스마트폰이 나오면서 정보들을 빨리 파악할 수 있는 시대가 되어서 모르는 것을 누구에게 물어보는 것은 쉬운 일이 아닙니다.","wordCount":38}}},"rawDataInfo":{"question":{"fileFormat":"wav","fileSize":496718,"duration":15520,"samplingBit":16,"channelCount":1,"samplingRate":"16kHz","audioPath":"/Mock/06.Design/Male/New/ckmk_q_ard_m_n_186827.wav"},"answer":{"fileFormat":"wav","fileSize":2400718,"duration":75020,"samplingBit":16,"channelCount":1,"samplingRate":"16kHz","audioPath":"/Mock/06.Design/Male/New/ckmk_a_ard_m_n_186827.wav"}}}