{"version":"1.0","dataSet":{"info":{"date":"20230116","occupation":"ARD","channel":"MOCK","place":"ONLINE","gender":"MALE","ageRange":"-34","experience":"NEW"},"question":{"raw":{"text":"지원자님께서 최근에 재미있게 하고 있는 일이 있으신가요 있으시다면 왜 그 일이 재밌는지도 함께 말씀해 주세요","wordCount":15},"emotion":[],"intent":[]},"answer":{"raw":{"text":"저는 어제 회사 근처에 집을 하나 장만했습니다. 집을 하나 장만하기 앞서서 어떤 종류의 집을 사야 하고 얼마짜리에 집을 사야 하고 어떤 크기의 집을 사야 하고 결정해야 될 것이 굉장히 많았습니다. 초반에는 이런 일을 처음 해보는 지라 낯설고 뭐부터 봐야 되는지 몰랐습니다. 하지만 유투브도 찾아보고 인터넷도 검색을 해보면서 제가 어떤 보금자리를 얻는다는 거에 있어서는 굉장히 많은 것을 알아야 된다는 것을 깨닫고 여러 가지 공부를 했습니다. 그러다 보니까 아 이런 부분에서 이런 일도 있구나 이런 대출 상품도 있구나 굉장히 우리나라의 경제가 어떻게 흘러가는지 최근 동향이 어떤지 이쪽의 땅 값은 언제 또 오를 예정인지 이런 것들이 굉장히 궁금해졌습니다. 그래서 부동산과 관련된 어떤 공부에 굉장히 흥미를 요즘 느끼고 있고 제가 계약한 집의 경우 굉장히 합리적인 가격에 거래를 했다고 생각이 들어서 성취감을 일단 느낀 상태기 때문에 부동산 관련된 공부를 최근에 좀 더 해보려고 하고 있습니다. 돈을 경제적으로 불려간다는 건 굉장히 재미있는 일인 것 같습니다.","wordCount":139},"emotion":[{"text":"그러다 보니까 아 이런 부분에서 이런 일도 있구나   이런 대출 상품도 있구나 굉장히 우리나라의 경제가 어떻게 흘러가는지 최근 동향이 어떤지 이쪽의 땅 값은 언제 또 오를 예정인지   이런 것들이 굉장히 궁금해졌습니다.","expression":"p-interest","category":"positive"},{"text":"그래서 부동산과 관련된 어떤 공부에 굉장히 흥미를 요즘 느끼고 있고   제가 계약한 집의 경우 굉장히 합리적인 가격에 거래를 했다고 생각이 들어서 성취감을 일단 느낀 상태기 때문에   부동산 관련된 공부를 최근에 좀 더 해보려고 하고 있습니다.","expression":"p-interest","category":"positive"},{"text":"돈을 경제적으로 불려간다는 건 굉장히 재미있는 일인 것 같습니다.","expression":"p-interest","category":"positive"}],"intent":[{"text":"","expression":"","category":"attitude"}],"summary":{"text":"회사 근처에 집을 하나 장만하기 전에 어떤 종류의 집을 시작해야지 할지 몰랐으나 유투브와 인터넷 검색을 통해 많은 것을 알게 되었고 부동산 관련 공부에 흥미를 느끼고 있고 성취감을 느껴서 최근에 부동산 관련 공부를 좀 더 해보고 싶습니다.","wordCount":36}}},"rawDataInfo":{"question":{"fileFormat":"wav","fileSize":352078,"duration":11000,"samplingBit":16,"channelCount":1,"samplingRate":"16kHz","audioPath":"/Mock/06.Design/Male/New/ckmk_q_ard_m_n_169800.wav"},"answer":{"fileFormat":"wav","fileSize":2743438,"duration":85730,"samplingBit":16,"channelCount":1,"samplingRate":"16kHz","audioPath":"/Mock/06.Design/Male/New/ckmk_a_ard_m_n_169800.wav"}}}