{"version":"1.0","dataSet":{"info":{"date":"20230116","occupation":"ARD","channel":"MOCK","place":"ONLINE","gender":"MALE","ageRange":"-34","experience":"NEW"},"question":{"raw":{"text":"동물 실험이 인간에게 주는 이익에 관하여 한번 말씀해 주세요 또한 동물 실험에 대한 면접자님의 생각도 궁금합니다 편안하게 말씀 부탁드립니다","wordCount":19},"emotion":[],"intent":[]},"answer":{"raw":{"text":"동물 실험이 인간에게 주는 이익에 관해서 말씀해 보세요. 동물실험에 대한 지원 님의 생각도 궁금합니다 라고 이렇게 질문해 주셨는데요 일단 제가 동물을 따로 키우지는 않습니다. 네 그렇지만 그런 식으로 객관적으로 판단해서 봐도 동물 실험이 인간에 인간에게 주는 이익은 굉장히 어 솔직히 많다고 생각을 해요. 왜냐하면 동물 실험을 통해서 인제 먼저 이 반응이 어떤지 이런 식으로 실험을 하면서 이제 인간에게 주입해도 되는지 뭐 이런 것들에 대해서 굉장히 많은 실험이 있다고 알고 있는데 사실 동물 실험이 인간에게 주는 이익은 굉장히 많고 그렇다고 생각하지만 너무 막 대한다는 것도 사실인 것 같습니다. 어 왜냐하면 동물도 똑같은 생명이고 인제 우리랑 다르게 없다고 보지만 이제 동물들 이제 인간 대행으로 써서 이제 동물한테 쓴 것에 이제 효과를 보고 이제 된다 나를 판단해서 이제 뭐 약으로 사용할 수도 있고 뭐 예방 주사 이런 걸로 사용할 수 있는데 이런 것에 대해서는 굉장히 안타깝지만 우리가 살아남기 위해서는 어쩔 수 없는 것이라고 보고 어 그런 것 때문에 동물들에게는 굉장히 미안하고 안타까운 일이지만 어쩔 수는 없다 고 생각을 하는 편입니다.","wordCount":157},"emotion":[],"intent":[{"text":"","expression":"","category":"attitude"}],"summary":{"text":"동물실험이 인간에게 주는 이익은 사실 많다고 생각 합니다. 동물들을 인간 대행으로 써서 동물에게 쓴 것에 대해서는 굉장히 안타깝지만 우리가 살아남기 위해 어쩔 수 없는 것이라고 보고 있는 편입니다.","wordCount":28}}},"rawDataInfo":{"question":{"fileFormat":"wav","fileSize":523278,"duration":16350,"samplingBit":16,"channelCount":1,"samplingRate":"16kHz","audioPath":"/Mock/06.Design/Male/New/ckmk_q_ard_m_n_201647.wav"},"answer":{"fileFormat":"wav","fileSize":2767118,"duration":86470,"samplingBit":16,"channelCount":1,"samplingRate":"16kHz","audioPath":"/Mock/06.Design/Male/New/ckmk_a_ard_m_n_201647.wav"}}}