{"version":"1.0","dataSet":{"info":{"date":"20230116","occupation":"ARD","channel":"MOCK","place":"ONLINE","gender":"MALE","ageRange":"35-44","experience":"NEW"},"question":{"raw":{"text":"지원자님께서 직장을 선택하실 때 가장 중요하게 생각하는 세 가지가 있다면 그 세 가지에 대해서 구체적으로 답변 부탁드릴게요","wordCount":17},"emotion":[],"intent":[]},"answer":{"raw":{"text":"직장을 생각할 때 가장 중요한 것은 내 삶의 질을 얼마나 높여줄 수 있느냐 그리고 내가 그 회사에 얼마나 기여를 할 수 있느냐 이 두 가지라고 생각을 합니다. 내 삶의 질을 높이는 요소도 또한 여러 가지가 있을 수 있을 것입니다. 경제적으로 많은 도움이 되는 것 또한 삶의 질을 높이는 것일 거고 내가 하는 일로 인해서 음 그 회사에 큰 도움이 되어 나에게 성취감을 주는 것 또한 삶의 질을 높이는 것이 될 수도 있고요. 회사가 위치한 지역 이런 여러 가지 고 고려 요소 환경적 요인들 또한 제 삶의 질을 높일 수 있는 중요한 요소일 겁니다. 물론 이 세 가지 요소가 다 맞춰지면 더 할 나위 없이 좋겠지만 신입사원 때부터 세 가지 요소를 다 갖춘다는 것은 정말 어려운 일일 것입니다. 그래서 그 세 가지 중에 한 가지라도 나에게 맞는 것이 있다면 점차 연차가 쌓이고 경력을 더해 가면서 그 회사에서 내가 중요한 부분으로 자리를 차지하는 위치가 된다면 자연스럽게 세 가지 요소가 모두 저에게 긍정적으로 작용할 것이기 때문에 저는 이 가치적인 요소 이 이 제 회사가 저에게 삶의 질을 높일 수 있는 이 요소를 굉장히 중요하게 생각하고 두 번째 두 번째는 제가 회사에 기여할 수 있느냐 입니다. 제가 기여할 수 없는 회사를 굳이 들어갈 이유는 없겠죠.","wordCount":191},"emotion":[],"intent":[{"text":"","expression":"","category":"attitude"}],"summary":{"text":"직장을 생각할 때 가장 중요한 것은 제 삶의 질을 얼마나 높여줄 수 있느냐 그리고 제가 그 회사에 얼마나 기여를 할 수 있느냐는 두 가지입니다. 저는 가치적인 요소 이 제가 회사에 기여할 수 있는 요소를 굉장히 중요하게 생각합니다. 두 번째는 제가 회사에 참여할 수 있느냐 입니다.","wordCount":45}}},"rawDataInfo":{"question":{"fileFormat":"wav","fileSize":377678,"duration":11800,"samplingBit":16,"channelCount":1,"samplingRate":"16kHz","audioPath":"/Mock/06.Design/Male/New/ckmk_q_ard_m_n_189995.wav"},"answer":{"fileFormat":"wav","fileSize":2590798,"duration":80960,"samplingBit":16,"channelCount":1,"samplingRate":"16kHz","audioPath":"/Mock/06.Design/Male/New/ckmk_a_ard_m_n_189995.wav"}}}