{"version":"1.0","dataSet":{"info":{"date":"20230116","occupation":"ARD","channel":"MOCK","place":"ONLINE","gender":"MALE","ageRange":"35-44","experience":"NEW"},"question":{"raw":{"text":"만약 지금 본인이 내일 죽는다는 사실을 알게 된다면 지원자님께서는 당장 무엇을 할 생각이신가요 이 면접을 끝까지 보고 계시겠습니까","wordCount":18},"emotion":[],"intent":[]},"answer":{"raw":{"text":"네 당연히 이 면접을 끝까지 보는 것이 저한테는 가장 주어진 일이죠. 저는 제 삶에 있어서 가장 중요한 것은 지금 이 순간이라고 생각을 합니다. 그래서 내가 지금 당장 죽음을 알게 되었어도 지금 하고 있는 것이 면접이기 때문에 일단은 이 면접을 마치는 것을 최우선으로 하려고 합니다. 그리고 나서는 무엇을 할지 천천히 생각을 해 봐야 되겠죠. 음 저에게 남은 시간이 단 하루밖에 없다면 제가 가장 사랑하는 것들을 돌아보는 시간을 가질 것입니다. 당연히 면접을 마친 후에 되게 후 라고 생각을 전해 드립니다. 음 면접을 마치고 나면 저는 일단 제가 가장 좋아하는 사람과 연락을 해서 어 그동안 고마웠던 것들 어 감사해야 될 이야기들을 진중하게 전달을 할 겁니다. 그렇게 하다보면 아마 고마워 할 사람들이 너무 많아서 시간이 얼마 남지 않을 것 같습니다. 어 얼마 남지 않은 시간 동안에는 음 맛있는 것을 일단 먹고요. 그다음에 제가 가장 듣고 싶었던 가장 좋아하는 음악을 한 곡 들을 겁니다. 그리고 나서 마지막으로는 내 삶에 대해 삶과 가장 연관이 있을 것 같은 소중한 영화 한 편을 보고요. 마무리로는 한 시간 전에 잠을 자고 싶습니다. 그 잠을 통해서 죽음을 준비하는 시간을 가질 것 같다고 생각을 합니다.","wordCount":174},"emotion":[],"intent":[{"text":"","expression":"","category":"attitude"}],"summary":{"text":"저는 면접을 끝까지 보는 것이 제 삶에 있어서 가장 중요한 일이기 때문에 일단 이 면접을 마치는 것을 최우선으로 하려고 합니다. 그리고 나서는 무엇을 할지 천천히 생각을 해 봐야 하고, 남은 하루라면 제가 가장 사랑하는 것들을 돌아보는 시간을 가질 것입니다. 그렇게 하다보니 시간이 얼마 남지 않은 것 같습니다. 마지막으로는 소중한 영화를 보고, 한 시간 전에 잠을 자고 싶습니다.","wordCount":57}}},"rawDataInfo":{"question":{"fileFormat":"wav","fileSize":494798,"duration":15460,"samplingBit":16,"channelCount":1,"samplingRate":"16kHz","audioPath":"/Mock/06.Design/Male/New/ckmk_q_ard_m_n_183665.wav"},"answer":{"fileFormat":"wav","fileSize":2799118,"duration":87470,"samplingBit":16,"channelCount":1,"samplingRate":"16kHz","audioPath":"/Mock/06.Design/Male/New/ckmk_a_ard_m_n_183665.wav"}}}