{"version":"1.0","dataSet":{"info":{"date":"20230116","occupation":"ARD","channel":"MOCK","place":"ONLINE","gender":"MALE","ageRange":"-34","experience":"NEW"},"question":{"raw":{"text":"본인의 생각이 아니라 본인 주변의 다른 사람들이 말하는 본인의 단점과 장점에 대해 모두 말씀해 주세요","wordCount":15},"emotion":[],"intent":[]},"answer":{"raw":{"text":"저 같은 경우 제가 생각하는 게 아니라 저의 주변 사람들이 저를 평가할 때 저에 대해서 장점과 단점을 말해 줄 때 그 장점에 대한 부분 같은 경우에는 저의 장점은 음 신중하다 였습니다. 많은 사람들이 제가 어떠한 판단을 내릴 때 이 굉장히 심사숙고하고 고민을 통해서 결정을 내린다는 것 결정을 내린다 라고 말했고 그리고 그 일을 함에 있어서 충분한 이해와 머릿속으로 생각을 통해 일을 진행한다 진행하기 때문에 신중하다는 그런 평가를 많이 받아 왔습니다. 하지만 단점을 꼽자면 아무래도 그 신중한 만큼 답답하다는 느낌을 들었던 것 같습니다. 제가 어떤 한 일을 처리하는 과정 속에서 제 개인적으로 제가 성에 찰 때까지 그 과정을 그 문제를 해결할 과정을 충분히 계획하고 고민하고 실행하고 다시 돌아와서 고민하고 계획하고 실행하는 그런 굉장히 번거로운 구조를 갖고 있다 보니까 주변 사람들이 보기에는 그러한 해결 방법이 굉장히 답답하다고 느꼈던 것 같습니다.","wordCount":128},"emotion":[],"intent":[{"text":"저 같은 경우 제가 생각하는 게 아니라 저의 주변 사람들이 저를 평가할 때 저에 대해서 장점과 단점을 말해 줄 때 그 장점에 대한 부분 같은 경우에는 저의 장점은 음 신중하다 였습니다.","expression":"c_person","category":"background"}],"summary":{"text":"주변 사람들이 저를 평가할 때 장점과 단점을 말해 줄 때 저는 신중하다 였습니다. 많은 사람들이 심사숙고하고 고민을 통해서 결정을 내린다고 했고, 일을 할 때 충분한 이해와 생각을 통해 일을 진행하기 때문에 신중하다는 평가를 많이 받아 왔습니다. 하지만 그 신중한 만큼 답답함을 느꼈던 것 같습니다.","wordCount":44}}},"rawDataInfo":{"question":{"fileFormat":"wav","fileSize":279758,"duration":8740,"samplingBit":16,"channelCount":1,"samplingRate":"16kHz","audioPath":"/Mock/06.Design/Male/New/ckmk_q_ard_m_n_227991.wav"},"answer":{"fileFormat":"wav","fileSize":2929358,"duration":91540,"samplingBit":16,"channelCount":1,"samplingRate":"16kHz","audioPath":"/Mock/06.Design/Male/New/ckmk_a_ard_m_n_227991.wav"}}}