{"version":"1.0","dataSet":{"info":{"date":"20230116","occupation":"ARD","channel":"MOCK","place":"ONLINE","gender":"MALE","ageRange":"-34","experience":"NEW"},"question":{"raw":{"text":"면접자님께서 디자이너로 근무를 하시면서 가장 힘들고 어려웠던 경험에 대해서 말씀해 주시겠습니까","wordCount":11},"emotion":[],"intent":[]},"answer":{"raw":{"text":"제가 과거 디자이너로서 가장 힘들었던 점이 점에 대해서 생각을 해보자면 아무래도 서로 상호 간의 소통의 문제가 생겼을 때 그때가 가장 힘들었던 경 경험 같습니다. 그 이유에 대해서 말씀드리자면 디자인이라고 하면 아무래도 여러 사람들과 같이 협업하는 관계를 통해서 디자인의 가장 궁극적인 목표를 향해 나아가는 데 디자인을 하면서 서로 간에 의견이 상충할 수 있고 그리고 서로가 지향하는 방향도 충분히 다를 수 있다고 생각합니다. 그렇기 때문에 여러 가지 관점 속에서 다양한 이견이 오가면서 서로가 그 의견을 조율하지 못하고 가끔씩 충돌하는 경우도 있는데 그 과정 속에서 아무래도 서로가 양보하지 못하고 자기 자신의 주장만 내세우는 그런 경험이 가장 힘들었던 거 같습니다. 저는 그 경험을 통해서 다른 사람들의 이해하고 그 사람의 입장에서 한 번 더 생각하고 그리고 그 사람의 의견을 충분히 수용하려는 그런 자세를 얻게 된 것 같습니다.","wordCount":122},"emotion":[],"intent":[{"text":"그 이유에 대해서 말씀드리자면 디자인이라고 하면 아무래도 여러 사람들과 같이 협업하는 관계를 통해서 디자인의 가장 궁극적인 목표를 향해 나아가는 데 디자인을 하면서 서로 간에 의견이 상충할 수 있고 그리고 서로가 지향하는 방향도 충분히 다를 수 있다고 생각합니다.","expression":"d_dgn_proc","category":"technology"}],"summary":{"text":"디자인이라는 것은 여러 사람과 같이 협업하는 관계를 통해서 디자인의 가장 궁극적인 목표를 향해 나아가는 데 디자인을 하면서 서로 의견이 상충할 수 있고 지향하는 방향도 충분히 다를 수 있다고 생각합니다. 그 경험을 통해서 다른 사람들의 입장을 생각하고 그 사람의 의견을 충분히 수용하려는 자세를 얻게 되었습니다.","wordCount":44}}},"rawDataInfo":{"question":{"fileFormat":"wav","fileSize":346958,"duration":10840,"samplingBit":16,"channelCount":1,"samplingRate":"16kHz","audioPath":"/Mock/06.Design/Male/New/ckmk_q_ard_m_n_227220.wav"},"answer":{"fileFormat":"wav","fileSize":2833358,"duration":88540,"samplingBit":16,"channelCount":1,"samplingRate":"16kHz","audioPath":"/Mock/06.Design/Male/New/ckmk_a_ard_m_n_227220.wav"}}}