{"version":"1.0","dataSet":{"info":{"date":"20230116","occupation":"ARD","channel":"MOCK","place":"ONLINE","gender":"MALE","ageRange":"-34","experience":"NEW"},"question":{"raw":{"text":"만약 저희 회사에 입사를 하신다면 기존에 하시던 업무와는 스타일이 달라질 수도 있는데 지원자님은 이런 기존과 다른 업무 스타일에 잘 적응하는 편이세요","wordCount":21},"emotion":[],"intent":[]},"answer":{"raw":{"text":"저의 집은 어렸을 때부터 이사를 굉장히 많이 갔었습니다. 왜냐하면 저희 아버지께서 항상 순환 근무를 하시는 직종에 계셨기 때문에 저희 가족들은 자연스럽게 아버지를 따라 전국 방방 곡곡을 옮겨 다니면서 지냈었습니다. 그렇기 때문에 저는 오히려 어느 한 곳에 오래 있고 항상 변화하는 환경 속에서 적응되면서 살아왔었습니다. 이것은 저의 거주지 그리고 라이프 스타일뿐만 아니라 저의 업무 환경도 마찬가지라고 볼 수 있겠습니다. 때문에 저는 적응을 잘하는 사람이라고 자부할 수 있기 때문에 업무 스타일이 달라진다고 해서 저는 전혀 개의치 않고 일을 열심히 할 것 같습니다. 또한 회사가 요구하는 업무 스타일이 있고 항상 사람은 자기가 가는 곳에 가면은 그곳에 법을 따라야 하는 것처럼 저는 다른 업무 스타일이 요구되어도 저는 열심히 잘 이행할 수 있을 것이라고 말씀드릴 수가 있겠습니다.","wordCount":112},"emotion":[{"text":"저의 집은 어렸을 때부터 이사를 굉장히 많이 갔었습니다.","expression":"u-fact","category":"neutral"},{"text":"왜냐하면 저희 아버지께서 항상 순환 근무를 하시는 직종에 계셨기 때문에 저희 가족들은 자연스럽게 아버지를 따라 전국 방방 곡곡을 옮겨 다니면서 지냈었습니다.","expression":"u-fact","category":"neutral"}],"intent":[{"text":"저의 집은 어렸을 때부터 이사를 굉장히 많이 갔었습니다.","expression":"c_private","category":"background"},{"text":"왜냐하면 저희 아버지께서 항상 순환 근무를 하시는 직종에 계셨기 때문에 저희 가족들은 자연스럽게 아버지를 따라 전국 방방 곡곡을 옮겨 다니면서 지냈었습니다.","expression":"c_private","category":"background"},{"text":"그렇기 때문에 저는 오히려 어느 한 곳에 오래 있고 항상 변화하는 환경 속에서 적응되면서 살아왔었습니다.","expression":"c_adp","category":"personality"}],"summary":{"text":"저는 거주지 그리고 라이프 스타일뿐만 아니라 업무 환경도 변화하는 환경 속에서 적응하면서 살아왔습니다. 업무 스타일이 달라진다고 해서 전혀 개의치 않고 열심히 할 것 같습니다. 다른 업무 스타일이 요구되어도 열심히 잘 이행할 수 있을 것이라고 말씀드리겠습니다.","wordCount":35}}},"rawDataInfo":{"question":{"fileFormat":"wav","fileSize":626638,"duration":19580,"samplingBit":16,"channelCount":1,"samplingRate":"16kHz","audioPath":"/Mock/06.Design/Male/New/ckmk_q_ard_m_n_198432.wav"},"answer":{"fileFormat":"wav","fileSize":2693838,"duration":84180,"samplingBit":16,"channelCount":1,"samplingRate":"16kHz","audioPath":"/Mock/06.Design/Male/New/ckmk_a_ard_m_n_198432.wav"}}}