{"version":"1.0","dataSet":{"info":{"date":"20230116","occupation":"ARD","channel":"MOCK","place":"ONLINE","gender":"MALE","ageRange":"-34","experience":"NEW"},"question":{"raw":{"text":"회사에 들어와서 일을 하다 보면 현 지역이 아닌 다른 지역에서 업무를 수행하게 될 수도 있습니다 지원자님께서는 타 지역 근무도 문제 없이 수행하실 수 있으신가요","wordCount":24},"emotion":[],"intent":[]},"answer":{"raw":{"text":"저는 어렸을 때부터 아버지가 순환 근무를 하셨기 때문에 그러한 부분에 있어서는 무리 없이 아주 잘 수행할 수 있을 것 같습니다. 예를 들어 저는 어릴 때부터 항상 전학을 많이 가고 이사도 많이 가고 오히려 한 곳에서 오래 있는 것이 제게는 더 어 어색한 그러한 상황이었습니다. 이 때문에 저는 항상 이사를 다니면서 새로운 친구들을 만나고 전학을 가서 새로운 환경에서 적응을 하고 이러한 것이 제 그냥 삶이라서 오히려 타정 타 지역에 근무로 가는 것이 또 제게 있어서는 그냥 당연한 일이라고 느껴질 수 있습니다. 그리고 저는 오히려 항상 시골에서만 살았기 때문에 대도시 쪽이나 도심 쪽보다는 오히려 저는 자연 친화적인 그런 소도시와 같은 곳이 또 제 특성에 제 성향이 더욱더 맞을 것이라고 생각이 듭니다. 저는 항상 친구들이랑 놀러 갈 때도 어디 사람 많은 번화가 보다 사람 없고 물 좋고 공기 좋은 공원이나 아니면 산 이러한 곳을 많이 가서 저는 타 지역 근무도 상관이 없을 것 같습니다.","wordCount":141},"emotion":[],"intent":[{"text":"","expression":"","category":"attitude"}],"summary":{"text":"저는 어렸을 때부터 아버지가 순환 근무를 하였기 때문에 그런 부분에 있어서 무리 없이 잘 수행할 수 있을 것 같습니다. 그리고 제가 시골에서만 살았기 때문에 대도시 쪽이나 도심 쪽보다는 오히려 자연 친화적인 소도시와 같은 곳이 더 제 특성이 맞을 것이라고 생각합니다.","wordCount":40}}},"rawDataInfo":{"question":{"fileFormat":"wav","fileSize":494798,"duration":15460,"samplingBit":16,"channelCount":1,"samplingRate":"16kHz","audioPath":"/Mock/06.Design/Male/New/ckmk_q_ard_m_n_194375.wav"},"answer":{"fileFormat":"wav","fileSize":2847438,"duration":88980,"samplingBit":16,"channelCount":1,"samplingRate":"16kHz","audioPath":"/Mock/06.Design/Male/New/ckmk_a_ard_m_n_194375.wav"}}}