{"version":"1.0","dataSet":{"info":{"date":"20230116","occupation":"ARD","channel":"MOCK","place":"ONLINE","gender":"MALE","ageRange":"-34","experience":"NEW"},"question":{"raw":{"text":"디자인 직무 수행의 재능의 역할은 얼마나 중요하다고 생각하시는지 설명 부탁드리겠습니다","wordCount":10},"emotion":[],"intent":[]},"answer":{"raw":{"text":"네 제 생각에는 디자이너에게 있어서 재능이란 상당히 중요한 요소라고 생각이 듭니다. 그렇게 생각하는 이유는 뭐냐면은 디자이너는 말 그대로 적용하는 틀에서 무엇인가를 만드는 디자이너도 있겠지만 어떻게 보면 새로운 것을 창조를 해내는 것이 바로 디자이너입니다. 하지만 디자이너로서의 기본적인 소양 즉 창의성이라든지 아니면 기름 그림을 기리는 그릴 수 있는 기교라든지 또는 도안을 볼 수 있는 그런 능력이 없다면 그는 그것은 디자이너스의 디자이너로서의 자격 미달이라고 생각이 듭니다. 각각 직군에서 요구하는 능력이 있듯이 저도 이 디자이너에서의 필요한 그런 능력이 있다고 생각이 듭니다. 저 같은 경우는 물건을 통찰하는 통찰 안이 어느 정도 발달이 되어 있으며 그리고 손으로 손수 그리는 그린 그림을 그리시는 손재주도 발달이 되어 있고 그리고 저는 이제 동여 도안을 보는 특히 설계도를 보는 그런 능력도 저는 발달에 되어있어서 저는 제 생각에는 뛰어난 디자이너까지는 아니어도 어느 정도는 기본이 되어있는 디자이너라고 생각이 됩니다. 이상입니다. 감사합니다.","wordCount":129},"emotion":[],"intent":[{"text":"","expression":"","category":"attitude"}],"summary":{"text":"디자이너에게 재능이란 상당히 중요한 요소입니다. 창의성, 기교, 도안을 볼 수 있는 능력이 없다면 그것은 디자이너로서의 자격 미달입니다. 각각 직군에서 요구하는 능력이 있듯이 저 역시 디자이너에서의 필요한 능력이 있다고 생각합니다. 물건을 통찰하는 통찰 안과 손재주가 발달이 되어있고 설계도를 보는 능력도 발달에 되어있습니다.","wordCount":41}}},"rawDataInfo":{"question":{"fileFormat":"wav","fileSize":294478,"duration":9200,"samplingBit":16,"channelCount":1,"samplingRate":"16kHz","audioPath":"/Mock/06.Design/Male/New/ckmk_q_ard_m_n_185235.wav"},"answer":{"fileFormat":"wav","fileSize":2380878,"duration":74400,"samplingBit":16,"channelCount":1,"samplingRate":"16kHz","audioPath":"/Mock/06.Design/Male/New/ckmk_a_ard_m_n_185235.wav"}}}