{"version":"1.0","dataSet":{"info":{"date":"20230116","occupation":"ARD","channel":"MOCK","place":"ONLINE","gender":"MALE","ageRange":"-34","experience":"NEW"},"question":{"raw":{"text":"지원자님께서는 시간이 남을 때 주로 무슨 일을 하시나요 그 일을 하는 이유는 무엇인지 말씀해 주시길 바랍니다","wordCount":16},"emotion":[],"intent":[]},"answer":{"raw":{"text":"저는 시간이 남을 때 유튜브를 통해서 여러 가지 컨텐츠들을 소비합니다. 그 컨텐츠를 컨텐츠를 소비하면서 저는 이 전에 있어서 제가 관심 없던 분야에 대해서 새로운 관심을 가지고 가지게 될 수 있고 그리고 새로운 엔터테인먼트 영상을 소비하면서 제 개인적인 만족감을 충족할 수도 있고 그리고 제가 관심이 있는 취미 같은 경우 취미를 대신한 사람들의 콘텐츠들을 소비함으로써 제 취미 생활에 관한 여러 가지 다양한 정보나 새로운 정보들이 있다면 그 취미생활을 하는 데 있어서 더 더 좋은 더 더 나은 취미 생활을 활동을 할 수 있도록 도와줄 도움이 되기 때문입니다. 그렇기 때문에 새로운 콘텐츠를 소비함으로써 여러 가지 정보들을 접하고 그리고 그 정보들을 토대로 제 생활에서 생활 또는 업무에서 문제가 발생됐을 경우에 그 문제를 해결하기 위해 정보들을 접목시켜 해결 할 수 있기 때문입니다.","wordCount":117},"emotion":[],"intent":[{"text":"","expression":"","category":"attitude"}],"summary":{"text":"저는 시간이 남을 때 유튜브를 통해 여러 컨텐츠들을 소비합니다. 새로운 컨텐츠를 소비하면서 새로운 관심을 가지게 될 수도 있고, 새로운 컨텐츠로 제 개인적인 만족감을 충족할 수도 있습니다. 새로운 콘텐츠를 소비함으로써 여러 정보들을 접하고 문제 발생 시 정보들을 접목시켜 해결 할 수 있기 때문입니다.","wordCount":42}}},"rawDataInfo":{"question":{"fileFormat":"wav","fileSize":332878,"duration":10400,"samplingBit":16,"channelCount":1,"samplingRate":"16kHz","audioPath":"/Mock/06.Design/Male/New/ckmk_q_ard_m_n_180170.wav"},"answer":{"fileFormat":"wav","fileSize":2914638,"duration":91080,"samplingBit":16,"channelCount":1,"samplingRate":"16kHz","audioPath":"/Mock/06.Design/Male/New/ckmk_a_ard_m_n_180170.wav"}}}