{"version":"1.0","dataSet":{"info":{"date":"20230116","occupation":"ARD","channel":"MOCK","place":"ONLINE","gender":"MALE","ageRange":"-34","experience":"NEW"},"question":{"raw":{"text":"대학 생활을 보내면서 가장 힘들었던 적이 언제였나요 그 경험을 말씀해 주시고 어떻게 극복하셨는지 함께 어 말씀해 주시기 바랍니다","wordCount":18},"emotion":[],"intent":[]},"answer":{"raw":{"text":"가장 힘들었던 것은 바로 학비 마련이었습니다. 그래서 저는 학교에 대한 고민이 많았습니다. 저의 학교는 또한 사립학교라서 거기다가 예체능 계열이라 다른 문과 이과 학생들보다 학비가 더욱 높았습니다. 특히 저희 단과대의 경우에는 한 학기에 사백 만 원이 넘어갔습니다. 때문에 저는 이를 어떻게 학자금을 마련할까 라는 생각으로 많이 알아보았는데 저희 학교가 성적 장학금 지원 제도가 굉장히 잘 돼 있어서 저는 그래서 알바를 할 시간에 오히려 시험 기간 동안만이라도 엄청 열심히 해서 성적 장학금을 받으면은 그것이 더 알바하는 것보다 더욱더 이득이겠구나 라는 생각이 들어서 저는 매 학기 장학금을 놓친 적이 없었습니다. 두 번의 학년 수석 그리고 그 이외에 항상 성적 장학금을 받았습니다. 때문에 저는 이러한 노력들로 인해서 성적 장학금을 받을 수 있었고 덕분에 부모님의 어깨를 짐을 덜어드렸었습니다.","wordCount":113},"emotion":[],"intent":[{"text":"","expression":"","category":"attitude"}],"summary":{"text":"저는 사립학교이고 예체능 계열이라 학비가 높았는데, 성적 장학금 지원 제도가 잘 돼 있어서 알바할 시간에 시험 기간 동안만이라도 열심히 해서 성적 장학금을 받으면 그것이 알바하는 것보다 더욱더 이득이겠다는 생각을 해서 매 학기 장학금을 놓친 적이 없었습니다.","wordCount":36}}},"rawDataInfo":{"question":{"fileFormat":"wav","fileSize":465998,"duration":14560,"samplingBit":16,"channelCount":1,"samplingRate":"16kHz","audioPath":"/Mock/06.Design/Male/New/ckmk_q_ard_m_n_198287.wav"},"answer":{"fileFormat":"wav","fileSize":2810318,"duration":87820,"samplingBit":16,"channelCount":1,"samplingRate":"16kHz","audioPath":"/Mock/06.Design/Male/New/ckmk_a_ard_m_n_198287.wav"}}}