{"version":"1.0","dataSet":{"info":{"date":"20230116","occupation":"ARD","channel":"MOCK","place":"ONLINE","gender":"MALE","ageRange":"-34","experience":"NEW"},"question":{"raw":{"text":"타인이 생각하는 지원자님의 장단점은 무엇이라 생각하십니까 이유도 함께 말씀해 주세요","wordCount":10},"emotion":[],"intent":[]},"answer":{"raw":{"text":"어 다른 사람이 생각하는 저의 장단점은 우선 장점에 대해서 말씀드리자면 어 좀 다른 사람들이 봤을 때 제가 어떤 업무를 처리함에 있어서 어 실수 없이 좀 완벽하게 잘 처리를 해내는 그러한 점을 장점이라고 생각할 것 같습니다. 어 실제로 저는 어떤 업무를 처리할 때 어떤 실수를 좀 잡아내기 위해서 좀 검토에 재검토를 하고 좀 공을 많이 들이는 편이라고 생각을 합니다. 어 하지만 이는 곧 다른 사람이 봤을 때 단점이라고도 생각할 수 있을 것 같습니다. 어 쪼끔 만약에 협업을 하는 입장이라고 하면 이제 다음 단계로 넘어가기 위해서 좀 빠르게 업무를 처리해야 할 때도 있다고 생각할 것 같은데 어 이제 제가 너무 시간을 많이 들이다 보면 다른 사람이 봤을 때 이제 저는 어 업무 처리가 다소 느리다 라고 생각할 수도 있을 것 같습니다. 어 따라서 좀 장점이자 단점이라고도 생각을 하기 때문에 어 장점적인 부분은 살리고 단점이라고 생각될 수 있는 부분은 좀 최대한 보완하도록 노력해야 할 것 같습니다.","wordCount":143},"emotion":[],"intent":[{"text":"","expression":"","category":"attitude"}],"summary":{"text":"다른 사람이 생각하는 저의 장점에 대해 말씀드리자면, 저는 어떤 업무를 처리함에 있어서 실수 없이 완벽하게 잘 처리를 해내는 점을 장점이라고 생각할 것 같습니다. 하지만 다른 사람이 봤을 때 단점이라고도 생각할 수 있기 때문에 장점적인 부분은 살리고 단점은 최대한 보완하도록 노력해야 할 것입니다.","wordCount":42}}},"rawDataInfo":{"question":{"fileFormat":"wav","fileSize":299918,"duration":9370,"samplingBit":16,"channelCount":1,"samplingRate":"16kHz","audioPath":"/Mock/06.Design/Male/New/ckmk_q_ard_m_n_219813.wav"},"answer":{"fileFormat":"wav","fileSize":2581838,"duration":80680,"samplingBit":16,"channelCount":1,"samplingRate":"16kHz","audioPath":"/Mock/06.Design/Male/New/ckmk_a_ard_m_n_219813.wav"}}}