{"version":"1.0","dataSet":{"info":{"date":"20230116","occupation":"ARD","channel":"MOCK","place":"ONLINE","gender":"MALE","ageRange":"-34","experience":"NEW"},"question":{"raw":{"text":"다른 사람이 생각하는 지원자님의 장단점은 무엇인가요 또한 그렇게 얘기하는 이유에 대해서도 함께 말씀해 주실 수 있을까요","wordCount":16},"emotion":[],"intent":[]},"answer":{"raw":{"text":"저의 장점은 어디에서도 최선을 다하는 것이라고 생각을 합니다. 저는 제가 항상 원하지 않은 일을 할 때에도 아 잘 할 수 있다 그런 자신 나에게 믿음을 통해서 할 수 있다 할 수 있다 할 수 있다 세 번을 외치면서 항상 그 상황에 최선을 다했었습니다. 그런 최선을 다하는 성격은 제가 어딜 가더라도 무슨 과제를 맡더라도 적응을 잘하게 해 주었습니다. 저는 어떤 어려움이 생겨도 잘 적응할 수 있을 최선을 다했던 노력을 많이 가지고 있습니다. 저를 뽑아 주신다면 회사에서 아무리 어려운 일이 생겨도 상사들이 아무리 괴롭혀도 아무리 야근을 해야 된다고 해도 지방으로 출장을 가야 된다고 하더라도 저는 최선을 다할 수 있습니다. 최선을 다하는 것은 저의 삶의 모토이기 때문입니다. 이 면접을 위해서도 저는 정말 최선을 다해서 달려왔었습니다. 최선을 다해 일을 하겠습니다.","wordCount":116},"emotion":[],"intent":[{"text":"저의 장점은 어디에서도 최선을 다하는 것이라고 생각을 합니다.","expression":"c_person","category":"background"},{"text":"그런 최선을 다하는 성격은 제가 어딜 가더라도 무슨 과제를 맡더라도 적응을 잘하게 해 주었습니다.","expression":"c_person","category":"background"},{"text":"최선을 다하는 것은 저의 삶의 모토이기 때문입니다.","expression":"c_value","category":"background"}],"summary":{"text":"최선을 다하는 성격은 어떤 과제를 맡더라도 적응을 잘하게 해 주었고 어떤 어려움이 생겨도 잘 적응할 수 있을 최선을 다했던 노력을 많이 가지고 있습니다. 이 면접을 위해서도 최선을 다해서 달려왔었습니다. 최선을 다해 일을 하겠습니다.","wordCount":33}}},"rawDataInfo":{"question":{"fileFormat":"wav","fileSize":604878,"duration":18900,"samplingBit":16,"channelCount":1,"samplingRate":"16kHz","audioPath":"/Mock/06.Design/Male/New/ckmk_q_ard_m_n_198679.wav"},"answer":{"fileFormat":"wav","fileSize":2510158,"duration":78440,"samplingBit":16,"channelCount":1,"samplingRate":"16kHz","audioPath":"/Mock/06.Design/Male/New/ckmk_a_ard_m_n_198679.wav"}}}