{"version":"1.0","dataSet":{"info":{"date":"20230116","occupation":"ARD","channel":"MOCK","place":"ONLINE","gender":"MALE","ageRange":"-34","experience":"NEW"},"question":{"raw":{"text":"어떤 문제에 부딪쳤을 때 혼자 해결하시는 편입니까 아니면 여러 사람들에게 이야기를 함으로써 해결하는 편입니까","wordCount":14},"emotion":[],"intent":[]},"answer":{"raw":{"text":"저는 주로 엄마에게 전화를 많이 합니다. 무슨 문제가 생겼을 때 뭐 실제적으로 현실적으로 업무를 하다가 부딪치는 그런 문제 말고는 저는 다 엄마한테 전화를 합니다. 엄마한테 전화해서 엄마 이런 일이 생겼다 어떡하지 그럼 엄마가 답변을 해 줍니다. 그렇게 그리고 그대로 하면은 대체적으로 문제들이 잘 해결이 되더라구요. 그리고서 엄마한테 물어봐서 해결이 안 되는 문제가 있을 수도 있어요. 엄마가 모르는 문제 그니까 엄마 세대는 모르는 문제 같은 거 저는 이제 이제 제일 친한 친구들한테 물어봅니다. 예 일 순위 엄마 이 순위 이제 동년배 친구 같은 세대를 살았으니까 엄마가 모르는 문제들 모르는 문제들 친구들은 아니까.","wordCount":91},"emotion":[],"intent":[{"text":"","expression":"","category":"attitude"}],"summary":{"text":"저는 주로 엄마에게 전화하는데 문제 발생시 엄마 답변에 엄마 세대가 모르는 문제 같은 걸 제일 친한 친구들한테 물어 봅니다. 예 일 순위 엄마 이 순위 동년배 친구 같은 세대를 살았으니까 엄마가 모르는 문제들은 아니까요.","wordCount":34}}},"rawDataInfo":{"question":{"fileFormat":"wav","fileSize":321998,"duration":10060,"samplingBit":16,"channelCount":1,"samplingRate":"16kHz","audioPath":"/Mock/06.Design/Male/New/ckmk_q_ard_m_n_186831.wav"},"answer":{"fileFormat":"wav","fileSize":1877518,"duration":58670,"samplingBit":16,"channelCount":1,"samplingRate":"16kHz","audioPath":"/Mock/06.Design/Male/New/ckmk_a_ard_m_n_186831.wav"}}}