{"version":"1.0","dataSet":{"info":{"date":"20230116","occupation":"ARD","channel":"MOCK","place":"ONLINE","gender":"MALE","ageRange":"-34","experience":"NEW"},"question":{"raw":{"text":"지금 본인이 당장 매일 죽는다는 사실을 알게 된다면 무얼 하실 건가요 또한 지금 보고 계시는 이 면접을 끝까지 보실 건지 솔직히 말씀해 주세요","wordCount":23},"emotion":[],"intent":[]},"answer":{"raw":{"text":"제가 내일 죽는다는 사실을 들었다면 우선 이 면접은 끝까지 볼 것입니다. 제 인생에서 중요한 가치는 사람과의 관계와 신뢰입니다. 제가 면접을 보겠다고 하는 약속은 지키고 그 이후에는 우선 사랑하는 가족과 함께 지인들에게 전화하는 시간을 갖겠습니다. 작은 인연을 맺었던 분들에게 감사와 작별 인사를 나누겠습니다. 그 후 가족들과 함께 맛있는 저녁을 먹고 어 따뜻한 담소를 나누고 싶습니다. 다음 생에는 다시 가족으로 태어나서 못한 사람을 나누자는 말을 잊지 않을 것입니다. 그리고 그동안 쌓았던 일기와 편지들을 읽고 제 인생을 회보하며 정말 복받은 인생이었다고 행복해 하며 가족들과 함께 잠자리에 들고 싶습니다.","wordCount":85},"emotion":[{"text":"제 인생에서 중요한 가치는 사람과의 관계와 신뢰입니다.","expression":"u-belief","category":"neutral"}],"intent":[{"text":"제 인생에서 중요한 가치는 사람과의 관계와 신뢰입니다.","expression":"c_value","category":"background"}],"summary":{"text":"내일 죽는다는 말을 들었다면 이 면접은 끝까지 볼 것입니다. 제 인생에서 중요한 가치는 사람과의 관계와 신뢰입니다. 면접을 보겠다고 하는 약속은 지키고 가족과 함께 지인들에게 전화하는 시간을 갖겠습니다. 가족과 함께 맛있는 저녁을 먹고 담소를 나누겠습니다.","wordCount":34}}},"rawDataInfo":{"question":{"fileFormat":"wav","fileSize":584398,"duration":18260,"samplingBit":16,"channelCount":1,"samplingRate":"16kHz","audioPath":"/Mock/06.Design/Male/New/ckmk_q_ard_m_n_179508.wav"},"answer":{"fileFormat":"wav","fileSize":2053838,"duration":64180,"samplingBit":16,"channelCount":1,"samplingRate":"16kHz","audioPath":"/Mock/06.Design/Male/New/ckmk_a_ard_m_n_179508.wav"}}}