{"version":"1.0","dataSet":{"info":{"date":"20230116","occupation":"ARD","channel":"MOCK","place":"ONLINE","gender":"MALE","ageRange":"-34","experience":"NEW"},"question":{"raw":{"text":"만약 일을 하던 중 직무가 적성에 맞지 않는다는 것을 알게 되었습니다 이 때에 어떻게 하실 것인지 상황을 가정하고 말씀해 주세요","wordCount":20},"emotion":[],"intent":[]},"answer":{"raw":{"text":"저는 직무가 적성에 맞지 않는다고 해도 묵묵히 열심히 할 것 같습니다. 왜냐하면 그런다고 퇴사를 할 수도 없기 때문에 그리고 무엇보다도 무엇보다도 제가 엄청나게 큰 노력을 해서 이룬 자리인데 그렇게 단지 적성에 맞지 않는다는 이유로 무언가를 어떻게 한다는 것은 일단 굉장히 안 좋은 부정적인 사고인 것 같습니다. 따라서 저는 이 적성에 맞지 않는 게 오히려 더 잘 된 일일 수도 있습니다. 왜냐하면 자신이 좋아하는 일을 업으로 삼게 되면은 자신이 스트레스를 풀려고 했던 그러한 조하 좋아하는 일을 더 이상 스트레스를 풀려고 쓸 수가 없기 때문에 저는 차라리 업무를 하는 데 있어서 그냥 차리 적성에 맞지 않더라도 그냥 잘하고 열심히 하면 저는 된다고 생각을 합니다. 그리고 적성에 맞지 않으면 이제 자리가 불편하면은 자신이 똑바로 자세를 고쳐 앉아야 되는 것처럼 저는 오히려 더 열심히 해야 된다고 생각합니다.","wordCount":123},"emotion":[],"intent":[{"text":"","expression":"","category":"attitude"}],"summary":{"text":"적성에 맞지 않는다고 해서 열심히 한다는 것은 굉장히 부정적인 사고인 것 같습니다. 오히려 적성에 안 맞는 게 더 잘 된 일일 수도 있습니다. 차라리 업무를 하는 데 있어서 적성에 맞더라도 그냥 잘하고 열심히 하면 저는 된다고 생각합니다.","wordCount":37}}},"rawDataInfo":{"question":{"fileFormat":"wav","fileSize":367438,"duration":11480,"samplingBit":16,"channelCount":1,"samplingRate":"16kHz","audioPath":"/Mock/06.Design/Male/New/ckmk_q_ard_m_n_188936.wav"},"answer":{"fileFormat":"wav","fileSize":2835918,"duration":88620,"samplingBit":16,"channelCount":1,"samplingRate":"16kHz","audioPath":"/Mock/06.Design/Male/New/ckmk_a_ard_m_n_188936.wav"}}}