{"version":"1.0","dataSet":{"info":{"date":"20230116","occupation":"ARD","channel":"MOCK","place":"ONLINE","gender":"MALE","ageRange":"-34","experience":"NEW"},"question":{"raw":{"text":"본인이 생각하는 본인에 단점이 있습니까 있다면 말씀해 주시고 그 단점을 보완하기 위해서 한 노력이 있다면 함께 말씀해 주세요","wordCount":18},"emotion":[],"intent":[]},"answer":{"raw":{"text":"어 저의 단점은 어 디자인 작업을 진행할 때 어 우물 안에 갇혀있는 듯한 그러한 작업 행태를 보인다는 점인 것 같습니다. 어 이를 어떻게 좋게 본다고 하면 어 나만의 독특하고 좀 개성이 있고 좀 꾸준하게 나만의 스타일을 어 고수한다 좀 이렇게 받아들일 수도 있을 것 같지만 어 최근에는 이러한 점이 좀 단점이라고 생각이 많이 들었습니다. 어 너무 디자인 패턴이 고착화되다 보니까 좀 다양성이 떨어진다는 느낌을 많이 받을 수 있었는데요 어 이러한 부분들을 개선해야 개선해야겠다는 좀 생각을 하게 되었고 이를 보완하기 위해서 어떠한 한 주제에 대해서 쫌 여러 사람들과 함께 의견을 나누고 쫌 다양한 작품들을 다양한 디자인 패턴들을 볼 수 있는 좀 그러한 기회를 마련하고자 쫌 디자인 쪽과 관련된 이 전공자들을 모아서 어 시간을 맞춰서 스터디를 따로 진행을 하고 있습니다. 이렇게 스터디를 진행하다 보니 좀 확실히 작품을 보는 안목이 많이 넓어지고 쫌 내가 만들어내는 디자인의 패턴도 조금 더 다양해지는 그러한 느낌을 받게 되었습니다.","wordCount":141},"emotion":[],"intent":[{"text":"어 저의 단점은 어 디자인 작업을 진행할 때 어 우물 안에 갇혀있는 듯한 그러한 작업 행태를 보인다는 점인 것 같습니다.","expression":"c_person","category":"background"},{"text":"어 너무 디자인 패턴이 고착화되다 보니까 좀 다양성이 떨어진다는 느낌을 많이 받을 수 있었는데요 어 이러한 부분들을 개선해야 개선해야겠다는 좀 생각을 하게 되었고 이를 보완하기 위해서 어떠한 한 주제에 대해서 쫌 여러 사람들과 함께 의견을 나누고 쫌 다양한 작품들을 다양한 디자인 패턴들을 볼 수 있는 좀 그러한 기회를 마련하고자 쫌 디자인 쪽과 관련된 이 전공자들을 모아서 어 시간을 맞춰서 스터디를 따로 진행을 하고 있습니다.","expression":"c_imp","category":"personality"}],"summary":{"text":"디자인 작업을 진행할 때 너무 패턴이 고착화되어 다양성이 떨어지는 점이 단점이라고 생각합니다. 이를 보완하기 위해 디자인 쪽 전공자들을 모아 스터디를 따로 진행하다 보니 작품을 보는 안목이 넓어지고 제가 만들어내는 디자인의 패턴도 더 다양해지는 느낌을 받게 되었습니다.","wordCount":36}}},"rawDataInfo":{"question":{"fileFormat":"wav","fileSize":425678,"duration":13300,"samplingBit":16,"channelCount":1,"samplingRate":"16kHz","audioPath":"/Mock/06.Design/Male/New/ckmk_q_ard_m_n_227309.wav"},"answer":{"fileFormat":"wav","fileSize":2590158,"duration":80940,"samplingBit":16,"channelCount":1,"samplingRate":"16kHz","audioPath":"/Mock/06.Design/Male/New/ckmk_a_ard_m_n_227309.wav"}}}