{"version":"1.0","dataSet":{"info":{"date":"20230116","occupation":"ARD","channel":"MOCK","place":"ONLINE","gender":"MALE","ageRange":"-34","experience":"NEW"},"question":{"raw":{"text":"지금 본인이 내일 죽는다는 사실을 안다면 당장 어떠한 행동을 하실 건가요 이 면접을 끝까지 계속 보실 생각이십니까","wordCount":17},"emotion":[],"intent":[]},"answer":{"raw":{"text":"저는 매일 죽는다는 사실을 알아도 변함없이 그냥 똑같이 살아갈 것 같습니다. 뿐만 아니라 또한 이 면접도 제 인생의 마지막 면접이 되는 건데 지금 그냥 나가버리게 된다면 인생의 마지막 면접을 망친 거기 때문에 저는 한이 맺칠 것 같아서 끝까지 열심히 할 것 같습니다. 그리고 만약에 지금 제가 내일 죽는다는 사실을 알게 되면은 오히려 더 스트레스 받고 짜증나고 슬프고 무섭고 엄청나게 혼란스러운 상태가 될 것 같아서 저는 차라리 현실을 부정하고 에이 설마하는 그런 느낌으로 하는 평소대로 똑같이 살아갈 것 같습니다. 진짜로 내일 죽는다는 보장도 없고 그렇기 때문에 저는 평소 흘러가는 대로 똑같이 생활을 하겠습니다. 그렇게 해야지 제가 마음이 편한 채로 죽을 수 있고 죽는다는 표현이 좀 그렇긴 한데 그렇게 할 수 있기 때문에 저는 평소대로 똑같이 살아가겠습니다.","wordCount":115},"emotion":[],"intent":[{"text":"","expression":"","category":"attitude"}],"summary":{"text":"저는 매일 죽는다는 사실을 알아도 변함없이 평범하게 살아갈 것 같습니다. 만약 내일 죽는다는 것을 알게 된다면 오히려 더 스트레스 받고 짜증날 것 같아서 저는 평소대로 평범하게 살아가겠습니다.","wordCount":27}}},"rawDataInfo":{"question":{"fileFormat":"wav","fileSize":382158,"duration":11940,"samplingBit":16,"channelCount":1,"samplingRate":"16kHz","audioPath":"/Mock/06.Design/Male/New/ckmk_q_ard_m_n_188938.wav"},"answer":{"fileFormat":"wav","fileSize":2795598,"duration":87360,"samplingBit":16,"channelCount":1,"samplingRate":"16kHz","audioPath":"/Mock/06.Design/Male/New/ckmk_a_ard_m_n_188938.wav"}}}