{"version":"1.0","dataSet":{"info":{"date":"20230116","occupation":"ARD","channel":"MOCK","place":"ONLINE","gender":"MALE","ageRange":"-34","experience":"NEW"},"question":{"raw":{"text":"앞으로 일을 하면서 협업을 할 일이 많이 생길 수가 있는데 뭐 이전 직장이나 대학교에서 협업을 하면서 어려웠던 점은 없으셨나요 답변 부탁드리겠습니다","wordCount":21},"emotion":[],"intent":[]},"answer":{"raw":{"text":"기본적으로 협업이라는 것은 다 같이 일을 하는 것인 만큼 협동이 가장 중요한데요. 하지만 이제 항상 늘 그렇듯이 이제 사람들이 협업을 많이 기피하는 경우가 많은 것 같습니다. 저 같은 경우도 그랬는데요. 저 같은 경우는 특히 대학 생활을 할 때 이제 프로젝트로 협업 이제 디자인 프로젝트로 이제 협업을 하는 그런 경우가 있었는데 항상 흔히들 말하는 무임승차 즉 버스를 타는 그런 팀원들이 많이 존재를 했었습니다. 어 회사에서도 물론 이제 그런 게 존재를 할 것이라고 생각이 듭니다. 저 같은 경우는 솔직한 제 솔직한 심정을 말씀드리자면 그런 것들을 정말로 싫어합니다. 무책임한 걸 정말로 싫어하고 조금이라도 일말의 책임을 그런 것에 대해서 져야 된다고 저는 생각을 하는 사람입니다. 그리고 또한 이러한 무임승차를 예방하기 위해서는 확실히 그 사람이 협업을 할 때 그 사람이 했던 역할이나 활약도에 따라서 확실한 보상을 줘야 된다고 저는 생각이 듭니다. 대학 생활 때도 그렇게 협업을 할 때 저희 교수님께서 그런 식으로 이제 학점을 주시 주셨던 적이 있었는데 상당히 반응도 좋았었고 또 그렇게 했더니 무임승차하는 사람들이 상당히 줄어든 것을 확인을 할 수가 있었습니다. 이상입니다. 감사합니다.","wordCount":160},"emotion":[],"intent":[{"text":"","expression":"","category":"attitude"}],"summary":{"text":"기본적으로 협업이라는 것은 다 같이 일을 하는 것인 만큼 협동이 가장 중요하나 사람들이 협업을 기피하는 경우가 많은 것 같습니다. 저는 대학 생활 때 프로젝트로 협업, 디자인프로젝트로 협업을 하는 경우 무임승차라는 것을 타는 팀원들이 많았습니다. 그런 것들을 정말로 싫어하고 조금이라도 일말의 책임을 져야 한다고 생각을 합니다. 또 이러한 무임 승차를 예방하기 위해서는 확실한 보상을 줘야 한다고 생각합니다.","wordCount":56}}},"rawDataInfo":{"question":{"fileFormat":"wav","fileSize":511438,"duration":15980,"samplingBit":16,"channelCount":1,"samplingRate":"16kHz","audioPath":"/Mock/06.Design/Male/New/ckmk_q_ard_m_n_185241.wav"},"answer":{"fileFormat":"wav","fileSize":2686798,"duration":83960,"samplingBit":16,"channelCount":1,"samplingRate":"16kHz","audioPath":"/Mock/06.Design/Male/New/ckmk_a_ard_m_n_185241.wav"}}}