{"version":"1.0","dataSet":{"info":{"date":"20230116","occupation":"ARD","channel":"MOCK","place":"ONLINE","gender":"MALE","ageRange":"-34","experience":"NEW"},"question":{"raw":{"text":"여러 사람들과 함께 일을 하다 보면 구성원들과 갈등이 생길 일이 있습니다 이럴 때 지원자님께서는 어떻게 해결하시나요 상황을 가정하고 말씀해 주시길 바랍니다","wordCount":21},"emotion":[],"intent":[]},"answer":{"raw":{"text":"만약에 구성원들과의 갈등이 생겼을 때 저는 상황에 맞는 타협점이 무엇인지를 고민해 보겠습니다. 모든 일을 정답이 있는 것은 아니지만 불협화음이 난 현재 상황을 개선시킬 수 있는 방법은 저는 분명히 있다고 생각하고 어 일을 계속 끄는 것이 모두에게는 별로 좋은 것이 아님은 분명하기 때문입니다. 특히 업무적인 것이라면 더 이상의 충돌보다는 업무 규정이나 통상적인 업무 처리 절차에 따르는 것이 맞다고 생각합니다. 상황이 시급성이나 사안의 중요성에 따라서 제가 판단할 수 없는 것이라면 직원들 간의 동의를 구하고 어 저보다 많은 경험이 많은 상사나 선배 조언을 구해 회사에 더 도움이 되는 방향을 따르도록 하겠습니다.","wordCount":88},"emotion":[],"intent":[{"text":"","expression":"","category":"attitude"}],"summary":{"text":"구성원들과의 갈등이 생겼을 때 상황에 맞는 타협점이 무엇인지 고민하겠습니다. 불협화음이 난 현재 상황을 개선시킬 수 있는 방법은 분명히 있다고 생각하고 충돌보다는 업무 규정이나 통상적인 업무 처리 절차에 따르는 것이 맞다고 생각합니다.","wordCount":31}}},"rawDataInfo":{"question":{"fileFormat":"wav","fileSize":494798,"duration":15460,"samplingBit":16,"channelCount":1,"samplingRate":"16kHz","audioPath":"/Mock/06.Design/Male/New/ckmk_q_ard_m_n_179503.wav"},"answer":{"fileFormat":"wav","fileSize":2001358,"duration":62540,"samplingBit":16,"channelCount":1,"samplingRate":"16kHz","audioPath":"/Mock/06.Design/Male/New/ckmk_a_ard_m_n_179503.wav"}}}