{"version":"1.0","dataSet":{"info":{"date":"20230116","occupation":"ARD","channel":"MOCK","place":"ONLINE","gender":"MALE","ageRange":"-34","experience":"NEW"},"question":{"raw":{"text":"디자이너로서 앞으로의 목표에 대해서 설명해 주시겠습니까","wordCount":6},"emotion":[],"intent":[]},"answer":{"raw":{"text":"저는 약 십 년 정도 후에 디자인 분야의 대표 디자이너로 서울 근교에 사무실에서 가족들과 거주하며 삶의 즐거움을 누리고 싶습니다. 제가 이곳에 지원한 이유도 이러한 저의 꿈에 가장 근접한 일을 할 수 있다고 생각해서 입니다. 규모가 더 크고 업무가 체계적으로 분배된 것도 좋지만 일에 기획부터 유통까지 전반적인 일을 해보는 것이 더 시대적인 흐름에 맞는다고 생각합니다. 그런 점에서 당사에 진행하는 프로젝트와 흐름이 저의 생각과 유사합니다. 그런 만큼 저는 현장과 사무실을 가리지 않고 열정을 다하여 나중에 회사를 대표하는 디자이너로 일에서도 삶에서도 만족스러운 삶을 누리고 싶은 목표가 있습니다.","wordCount":84},"emotion":[],"intent":[{"text":"","expression":"","category":"attitude"}],"summary":{"text":"저는 일에 기획부터 유통까지 전반적인 일을 해보는 것이 시대적인 흐름에 맞는다고 생각해서 디자인 분야의 대표 디자이너로 서울 근교에 사무실에서 가족들과 거주하며 삶의 즐거움을 누리고 싶은 목표가 있습니다.","wordCount":27}}},"rawDataInfo":{"question":{"fileFormat":"wav","fileSize":219278,"duration":6850,"samplingBit":16,"channelCount":1,"samplingRate":"16kHz","audioPath":"/Mock/06.Design/Male/New/ckmk_q_ard_m_n_185165.wav"},"answer":{"fileFormat":"wav","fileSize":1935438,"duration":60480,"samplingBit":16,"channelCount":1,"samplingRate":"16kHz","audioPath":"/Mock/06.Design/Male/New/ckmk_a_ard_m_n_185165.wav"}}}