{"version":"1.0","dataSet":{"info":{"date":"20230116","occupation":"ARD","channel":"MOCK","place":"ONLINE","gender":"MALE","ageRange":"-34","experience":"NEW"},"question":{"raw":{"text":"인생을 살면서 어 무엇인가 좀 하나에 푹 빠져서 몰두해 본 적이 있는지 궁금하구요 어 있다면 그것이 무엇인지 자세하게 얘기해 주시겠습니까","wordCount":20},"emotion":[],"intent":[]},"answer":{"raw":{"text":"저는 한 때 강아지에 완전 푹 빠져 산 적이 있습니다. 제가 애완 동물을 굉장히 좋아하는데 어렸을 때 초등학생 때 일입니다. 강아지를 너무 키우고 싶었지만 부모님의 반대로 인해서 강아지를 제외한 동물들을 키워왔었습니다. 애완동물 중에는 거북이 병아리 그리고 슈가글라이더라고 하는 날다람쥐 그냥 다람쥐 앵무새 이런 식으로 강아지나 고양이가 아닌 다른 여러 동물을 키웠었는데요. 그러다가 한 지인의 아기 강아지를 한 달 동안 임시 보호 해준 적이 있습니다. 지인이 해외를 가게 되어 잠시 보가 보호해준 것이었는데 정말 그때 당시 저는 강아지를 너무 좋아한다는 사실을 알게 되었고 학교가 끝나면 바로 집에서 나가지도 않고 강아지와 시간을 보겠습니다. 한 달이라는 시간 동안 제가 잘 놀아주고 잘 먹여주고 건강에 대해서도 계속 신경 써주고 하다보니 그 짧은 한 달 임에도 불구하고 성장하는 것을 확인했습니다. 어떤 한 생물의 보호자가 되어서 성장시키는 게 굉장히 뿌듯하다는 생각도 했습니다.","wordCount":126},"emotion":[{"text":"제가 애완 동물을 굉장히 좋아하는데 어렸을 때 초등학생 때 일입니다.","expression":"u-fact","category":"neutral"},{"text":"어떤 한 생물의 보호자가 되어서 성장시키는 게 굉장히 뿌듯하다는 생각도 했습니다.","expression":"p-achievement","category":"positive"}],"intent":[{"text":"","expression":"","category":"attitude"}],"summary":{"text":"애완 동물을 굉장히 좋아하는데 어렸을 때 부모님의 반대로 강아지를 제외한 동물들을 키웠는데, 한 지인의 아기 강아지를 한 달 동안 임시 보호 해준 적이 있습니다. 그 짧은 한 달임에도 불구하고 성장하는 것을 확인했고 어떤 한 생물의 보호자가 되어서 성장시키는 게 뿌듯하다는 생각도 했습니다.","wordCount":42}}},"rawDataInfo":{"question":{"fileFormat":"wav","fileSize":525518,"duration":16420,"samplingBit":16,"channelCount":1,"samplingRate":"16kHz","audioPath":"/Mock/06.Design/Male/New/ckmk_q_ard_m_n_169797.wav"},"answer":{"fileFormat":"wav","fileSize":2737358,"duration":85540,"samplingBit":16,"channelCount":1,"samplingRate":"16kHz","audioPath":"/Mock/06.Design/Male/New/ckmk_a_ard_m_n_169797.wav"}}}