{"version":"1.0","dataSet":{"info":{"date":"20230116","occupation":"ARD","channel":"MOCK","place":"ONLINE","gender":"MALE","ageRange":"-34","experience":"NEW"},"question":{"raw":{"text":"어 네 지원자님께서는 평소에 스트레스를 받으면 어떻게 하시는지요 어 또 왜 그런 방법으로 스트레스를 해소하는지도 함께 말씀해 주시면 좋겠습니다","wordCount":19},"emotion":[],"intent":[]},"answer":{"raw":{"text":"스트레스를 받을 경우 저는 산책을 합니다. 산책을 하다 보면 스트레스를 받는 상황에 있어서 좀 더 탁 트인 공간에서 스트레스를 받은 상황에 대해서 다시 한 번 상황을 생각해보며 상황에 어떤 문제점에 있었는지 그리고 앞으로 내가 할 수 있는 부분이 무엇이 있는지 확인할 수 있기 때문에 산책을 하는 것은 자신을 돌아보고 그리고 그 스트레스를 받은 받았던 상황 또한 돌아볼 수 있는 좋은 경험을 제공합니다. 일 또한 몸을 움직이다 보면은 스트레스를 어느 정도 해소할 수 있고 그리고 산책이 끝나고 산책을 끝내고 집에 들어와서 다시 하루를 시작하게 된다면 스트레스를 어떤 이유 때문에 스트레스를 받았든지 가끔 잊어버리는 경우도 있기 때문에 스트레스를 해소하는 방법에 산책은 아주 좋은 방법이라고 생각합니다. 뿐만 아 또 뿐만 아니라 산책을 하면은 더 건강해지기 때문에 스트레스를 해소하는 데 좋은 방법입니다.","wordCount":118},"emotion":[],"intent":[{"text":"","expression":"","category":"attitude"}],"summary":{"text":"저는 스트레스를 받을 경우 산책을 합니다. 산책을 통해 상황을 생각해보며 문제점을 확인하고, 할 수 있는 부분을 확인할 수 있기 때문에 스트레스 해소에 좋은 방법이라고 생각합니다. 뿐만 아니라 산책을 하면은 더 건강해지기 때문에 스트레스를 해소하는 데 좋은 방법입니다.","wordCount":37}}},"rawDataInfo":{"question":{"fileFormat":"wav","fileSize":441038,"duration":13780,"samplingBit":16,"channelCount":1,"samplingRate":"16kHz","audioPath":"/Mock/06.Design/Male/New/ckmk_q_ard_m_n_180060.wav"},"answer":{"fileFormat":"wav","fileSize":2900878,"duration":90650,"samplingBit":16,"channelCount":1,"samplingRate":"16kHz","audioPath":"/Mock/06.Design/Male/New/ckmk_a_ard_m_n_180060.wav"}}}