{"version":"1.0","dataSet":{"info":{"date":"20230116","occupation":"ARD","channel":"MOCK","place":"ONLINE","gender":"MALE","ageRange":"-34","experience":"NEW"},"question":{"raw":{"text":"얼마 전 구급 대원이 주취자에게 폭행을 당해 순직 당하는 일이 있었습니다 이 사건에 대해 어떻게 생각하시는지 말씀해 주세요","wordCount":18},"emotion":[],"intent":[]},"answer":{"raw":{"text":"저도 얼마 전에 뉴스를 통해서 이 구급대원이 주취자에게 폭행을 당해서 순직 당하는 그러한 안타까운 사건을 접하게 되었습니다. 저는 이 사건에 대해서 좀 많은 생각이 들었는데요. 우선 이 사람이 구급 대원이고 아니고를 떠나서 하나의 소중한 목숨이 이런 어이없는 사건으로 인해서 어 안타깝게 떠나간 것이 굉장히 어 좀 분노가 치밀어 오르는 그런 사건이었습니다. 어 또한 어 사람을 살리는 구급 대원인데 이러한 사람을 살리는 법률이나 제도는 미비하다 라는 생각이 들었습니다. 또한 주취자라는 이유로 뭐 감경이 되거나 그러한 일도 없어야 되겠습니다. 무엇보다 가장 중요한 것은 어 이러한 구급대원 등을 보호하기 위한 법률적인 조치도 마련이 되어야 하겠지만 이러한 사건이 일어났을 때 어 이러한 부분들을 개선시키기 위해서 우리 사회의 구성원 모두가 어 모두 노력하고 관심을 기울이는 모습을 끊임없이 정치권에 보여주는 것이 가장 중요한 것 같습니다.","wordCount":119},"emotion":[{"text":"우선 이 사람이 구급 대원이고 아니고를 떠나서 하나의 소중한 목숨이 이런 어이없는 사건으로 인해서 어 안타깝게 떠나간 것이 굉장히 어 좀 분노가 치밀어 오르는 그런 사건이었습니다.","expression":"n-anger","category":"negative"}],"intent":[{"text":"","expression":"","category":"attitude"}],"summary":{"text":"구급대원이 주취자에게 폭행을 당해 순직하는 안타까운 사건을 접하게 되었습니다. 사람을 살리는 구급 대원인데 이러한 사람을 살리는 법률이나 제도가 미비하다 라는 생각이 들었고 주취자라는 이유로 감경이나 그러한 일도 없어야 되겠습니다. 우리 사회의 구성원들이 모두 노력하고 관심을 기울이는 모습이 가장 중요합니다.","wordCount":39}}},"rawDataInfo":{"question":{"fileFormat":"wav","fileSize":361358,"duration":11290,"samplingBit":16,"channelCount":1,"samplingRate":"16kHz","audioPath":"/Mock/06.Design/Male/New/ckmk_q_ard_m_n_228174.wav"},"answer":{"fileFormat":"wav","fileSize":2386638,"duration":74580,"samplingBit":16,"channelCount":1,"samplingRate":"16kHz","audioPath":"/Mock/06.Design/Male/New/ckmk_a_ard_m_n_228174.wav"}}}