{"version":"1.0","dataSet":{"info":{"date":"20230116","occupation":"ARD","channel":"MOCK","place":"ONLINE","gender":"MALE","ageRange":"-34","experience":"NEW"},"question":{"raw":{"text":"일을 하게 된다면 자료를 문서화 해야 할 일이 많습니다 지원자님은 이런 문서화 작업이 왜 필요하다고 생각하시는지 말씀 부탁드립니다","wordCount":18},"emotion":[],"intent":[]},"answer":{"raw":{"text":"자료에 문서화 작업은 업무의 효율성을 위해 필요하다고 생각합니다. 업무에 관한 자료를 미리 문서화 시키고 그리고 정리해 두면 나중에 업무를 할 때 일을 찾아보기 쉽고 그렇기 때문에 더 정확하고 빠른 업무를 진행할 수 있기 때문입니다. 그렇기 때문에 저는 업무의 효율성을 위하여 문서화 작업이 꼭 필요하다고 생각합니다. 이상입니다.","wordCount":46},"emotion":[],"intent":[{"text":"","expression":"","category":"attitude"}],"summary":{"text":"업무에 관한 자료를 미리 문서화 시키고 정리해 두면 나중에 업무를 할 때 일을 찾기 쉽고 더 정확하고 빠른 업무를 진행할 수 있기 때문에 자료에 문서화 작업이 꼭 필요합니다.","wordCount":28}}},"rawDataInfo":{"question":{"fileFormat":"wav","fileSize":619278,"duration":19350,"samplingBit":16,"channelCount":1,"samplingRate":"16kHz","audioPath":"/Mock/06.Design/Male/New/ckmk_q_ard_m_n_177633.wav"},"answer":{"fileFormat":"wav","fileSize":1349838,"duration":42180,"samplingBit":16,"channelCount":1,"samplingRate":"16kHz","audioPath":"/Mock/06.Design/Male/New/ckmk_a_ard_m_n_177633.wav"}}}