{"version":"1.0","dataSet":{"info":{"date":"20230116","occupation":"ARD","channel":"MOCK","place":"ONLINE","gender":"MALE","ageRange":"-34","experience":"NEW"},"question":{"raw":{"text":"지원자님만의 스트레스 해소 방법이 있다면 무엇일까요 지원자님 왜 그 방법에 스트레스를 해소하는지도 설명과 말씀 부탁드립니다","wordCount":15},"emotion":[],"intent":[]},"answer":{"raw":{"text":"저만에 스트레스 해소 방법은 눈을 감고 영상을 하거나 음악을 듣는 것입니다. 스트레스를 받는 이유는 주로 스트레스를의 원인에 대해서 끈엄 끊임없이 되 뇌이고 생각하다 보면 스트레스가 끊이지 않고 계속 받고 있는 거라고 생각합니다. 그렇기 때문에 잠시 동안만이라도 스트레스에서 해방 받기 위해서는 그 생각을 차단시켜야 합니다. 그래서 저는 스트레스를 받을 때 침대에 누워서 눈을 감고 조용한 음악을 들으며 명상을 할 때도 있지만 반대로 시끄럽고 신나는 음악을 크게 틀고 아무 생각없이 누워 있으면 스트레스가 풀리고는 합니다.","wordCount":73},"emotion":[],"intent":[{"text":"","expression":"","category":"attitude"}],"summary":{"text":"스트레스 해소법은 눈을 감고 영상을 보거나 음악을 듣는 것입니다. 스트레스의 원인은 계속 되뇌이고 생각하다 보니 계속 받는 것입니다. 따라서 잠시 스트레스에서 벗어나기 위해서는 그 생각을 차단시켜야 합니다.","wordCount":27}}},"rawDataInfo":{"question":{"fileFormat":"wav","fileSize":390478,"duration":12200,"samplingBit":16,"channelCount":1,"samplingRate":"16kHz","audioPath":"/Mock/06.Design/Male/New/ckmk_q_ard_m_n_177783.wav"},"answer":{"fileFormat":"wav","fileSize":2003278,"duration":62600,"samplingBit":16,"channelCount":1,"samplingRate":"16kHz","audioPath":"/Mock/06.Design/Male/New/ckmk_a_ard_m_n_177783.wav"}}}