{"version":"1.0","dataSet":{"info":{"date":"20230116","occupation":"ARD","channel":"MOCK","place":"ONLINE","gender":"MALE","ageRange":"-34","experience":"NEW"},"question":{"raw":{"text":"네 입사 후에 근무를 하시면서 정작 아 지원자님이 지원한 분야가 본인과 잘 맞지 않는다는 사실을 알게 되셨다고 생각해 보시구요 어 그런 상황에서는 어떻게 행동하실지 한번 말씀해 주시기 바랍니다","wordCount":28},"emotion":[],"intent":[]},"answer":{"raw":{"text":"입사 한 다음 제가 제 저에게 맡아진 근무를 하면서 제가 생각하기에 제 적성 또는 제가 하고 있는 일과 제 능력이 맞지 않다고 생각하게 된다면 아마 그 부분에 대해서 충분히 깊게 고민해 볼 것입니다. 우선 고민을 하고 그 방법을 해결하는 데 있어서 어떤 문제를 해결해야 하는지 그리고 어떠한 방식으로 해결해야 하는 데 충분히 생각하는 후에 그 방식을 해결해 줄 수 있 있는 마땅한 방법이 나온다면 그 방법을 더 강구하고 탐구하고 고민하여 그 방법대로 진행할 것입니다. 예를 들어 제 능력이 부족해서 제가 지원한 분야에 지 잘 받지 않다고 한다면 그 능력을 향상시키고 앞으로 제 업무를 함에 있어서 문제가 없도록 제 역량을 충분히 발전시킬 것입니다. 하지만 충분한 고민 후에도 저 제가 어떻게 해결할 수 있는 부분이 없다고 판단됐을 때는 아무래도 이직을 할 것 같습니다.","wordCount":121},"emotion":[],"intent":[{"text":"","expression":"","category":"attitude"}],"summary":{"text":"입사 후 적성과 업무 능력의 불일치에 대해 고민할 것입니다. 그 후 해결 방안을 생각하고 충분한 시간을 들여 해결 방법을 찾습니다. 만약 해결 방안이 없다고 판단되면 이직을 할 것 같습니다.","wordCount":29}}},"rawDataInfo":{"question":{"fileFormat":"wav","fileSize":598478,"duration":18700,"samplingBit":16,"channelCount":1,"samplingRate":"16kHz","audioPath":"/Mock/06.Design/Male/New/ckmk_q_ard_m_n_180165.wav"},"answer":{"fileFormat":"wav","fileSize":2878798,"duration":89960,"samplingBit":16,"channelCount":1,"samplingRate":"16kHz","audioPath":"/Mock/06.Design/Male/New/ckmk_a_ard_m_n_180165.wav"}}}