{"version":"1.0","dataSet":{"info":{"date":"20230116","occupation":"ARD","channel":"MOCK","place":"ONLINE","gender":"MALE","ageRange":"-34","experience":"NEW"},"question":{"raw":{"text":"다른 지원자들에 비해서 어 내가 이게 훨씬 낫다 하는 뭐 장점이나 차별성이 있다면 궁금하거든요 어 저희한테 한 번 어필해 보시겠어요","wordCount":20},"emotion":[],"intent":[]},"answer":{"raw":{"text":"먼저 저는 어 다른 지원자들에 비해서 어 직무 역량을 갖추었다고 생각을 합니다. 먼저 저는 학부에서 디자인을 전공하면서 기획 그리고 디자인 툴을 포함해서 다양한 디자인 프로세스를 익혔습니다. 또한 전문 역량을 강화하고자 포토샵 일러스트 인디자인 이외에도 라이노 키샷 툴을 능숙하게 다룰 수 있어서 다양한 디자인 업무를 동시에 수행할 수 있었습니다. 이제 이러한 역량은 어 제가 회사에서 추구하는 역량에 아주 걸맞는 것으로 생각이 됩니다. 그리고 뿐만 아니라 저는 그동안 학부 시절에 무려 열 개의 대회 공모전을 나갔었는데 그 중에 대다수가 브랜드와 관련된 이제 디자인 공모전이었습니다. 그리고 그 중에 저는 무려 여섯 개의 공모전에서 입상을 하는 경험을 하였고 그 중에 세 번을 일 위를 하였습니다. 따라서 저는 이러한 또 제 공모전의 성과를 통해서 무려 두 곳의 대기업에서도 저는 인턴 생활을 하였고 따라서 저는 다른 지원자들보다 어 직무 역량이 뛰어나다고 할 수 있겠습니다.","wordCount":128},"emotion":[{"text":"먼저 저는 학부에서 디자인을 전공하면서 기획 그리고 디자인 툴을 포함해서 다양한 디자인 프로세스를 익혔습니다.","expression":"u-fact","category":"neutral"},{"text":"그리고 그 중에 저는 무려 여섯 개의 공모전에서 입상을 하는 경험을 하였고 그 중에 세 번을 일 위를 하였습니다.","expression":"u-fact","category":"neutral"}],"intent":[{"text":"그리고 뿐만 아니라 저는 그동안 학부 시절에 무려 열 개의 대회 공모전을 나갔었는데 그 중에 대다수가 브랜드와 관련된 이제 디자인 공모전이었습니다.","expression":"c_private","category":"background"},{"text":"그리고 그 중에 저는 무려 여섯 개의 공모전에서 입상을 하는 경험을 하였고 그 중에 세 번을 일 위를 하였습니다.","expression":"c_private","category":"background"}],"summary":{"text":"저는 학부에서 디자인을 전공하면서 다양한 디자인 프로세스를 익혔고, 라이노 키샷 툴을 능수능란하게 다룰 수 있어서 다양한 디자인 업무를 동시에 수행할 수 있었습니다. 또한 학부 시절에 인턴 생활을 하면서 두 곳의 대기업에서 인턴 생활을 했기 때문에 다른 지원자들보다 직무 역량이 뛰어나다고 할 수 있습니다.","wordCount":43}}},"rawDataInfo":{"question":{"fileFormat":"wav","fileSize":518798,"duration":16210,"samplingBit":16,"channelCount":1,"samplingRate":"16kHz","audioPath":"/Mock/06.Design/Male/New/ckmk_q_ard_m_n_188765.wav"},"answer":{"fileFormat":"wav","fileSize":2706638,"duration":84580,"samplingBit":16,"channelCount":1,"samplingRate":"16kHz","audioPath":"/Mock/06.Design/Male/New/ckmk_a_ard_m_n_188765.wav"}}}