{"version":"1.0","dataSet":{"info":{"date":"20230116","occupation":"ARD","channel":"MOCK","place":"ONLINE","gender":"MALE","ageRange":"-34","experience":"NEW"},"question":{"raw":{"text":"협업하는 과제와 혼자 하는 과제 중에 어느 것을 더 선호하시나요 또한 그렇게 생각하시는 이유도 함께 말씀 부탁드립니다","wordCount":17},"emotion":[],"intent":[]},"answer":{"raw":{"text":"저는 혼자 하는 과제를 좀 더 저 좋아하는 경향이 있었습니다. 왜냐하면은 대학교 때 조별 과제를 하다 보면은 일 명 무임승차를 하는 구성원들이 항상 존재했었습니다. 하지만 제가 인턴을 합격하게 대해서 인턴 생활을 했었는데 이제 인턴 같은 경우에는 사람들을 선별해서 뽑기 때문에 어느 정도 열심히 하고 의지가 있는 사람들끼리 구성원들을 채용합니다. 그때 있어서 어 저는 오로지 제 팀원들이 모두 다 열심히 하고 의지들이 있는 사람들로만 구성되어 있었던 적을 경험한 적 있었고 그들과 함께 협업을 하다 보니 아 왜 협업을 하는지 알겠다 라는 것을 아주 절실하게 느꼈습니다. 때문에 저는 처음에는 혼자 하는 과제가 더 오히려 마음도 편하고 물론 힘들긴 하지만 정신적인 스트레스들은 덜 받았습니다. 하지만 어 뛰어난 사람들과 함께라면은 저는 협업하는 과제가 더욱더 좋다는 생각이 들었고 저는 오히려 조건만 좋다면 협업하는 과제가 좋을 것 같습니다.","wordCount":122},"emotion":[],"intent":[{"text":"하지만 어 뛰어난 사람들과 함께라면은 저는 협업하는 과제가 더욱더 좋다는 생각이 들었고 저는 오히려 조건만 좋다면 협업하는 과제가 좋을 것 같습니다.","expression":"c_cop","category":"personality"}],"summary":{"text":"저는 팀원들이 모두 열심히 하고 의지들이 있는 사람들로만 구성되어 있었던 적을 경험한 적이 있습니다. 그들과 함께 협업을 하다 보니 왜 협업을 하는지 알겠다는 것을 아주 절실하게 느꼈기 때문에 오히려 혼자 하는 과제가 더 좋았고 조건만 좋다면 협업하는 과제가 좋을 것 같습니다.","wordCount":41}}},"rawDataInfo":{"question":{"fileFormat":"wav","fileSize":590158,"duration":18440,"samplingBit":16,"channelCount":1,"samplingRate":"16kHz","audioPath":"/Mock/06.Design/Male/New/ckmk_q_ard_m_n_198098.wav"},"answer":{"fileFormat":"wav","fileSize":2915278,"duration":91100,"samplingBit":16,"channelCount":1,"samplingRate":"16kHz","audioPath":"/Mock/06.Design/Male/New/ckmk_a_ard_m_n_198098.wav"}}}