{"version":"1.0","dataSet":{"info":{"date":"20230116","occupation":"ARD","channel":"MOCK","place":"ONLINE","gender":"MALE","ageRange":"-34","experience":"NEW"},"question":{"raw":{"text":"배달의민족을 이용해 보신 적이 있는지요 어 배달의민족을 이용하시면서 그 서비스에 대해서 아쉬웠던 부분이 있었는지요 있었다면 어떤 점이 아쉬웠는지 말씀해 주시기 바랍니다","wordCount":21},"emotion":[],"intent":[]},"answer":{"raw":{"text":"네 아무래도 가장 서비스에서 아쉬웠던 점은 아무래도 배달비가 아니었나 싶습니다. 물론 각 플랫폼도 돈을 받아서 이제 장사를 해야 되기는 하지만 그 배달비의 비중이 너무 높다고 생각이 들었기 때문입니다. 음식 한 끼를 만 원 짜리를 시키는데 만 삼천 원을 내야 한 만 삼천 원을 내야 한다는 압박감이 상대적으로 또 심리적으로 돈이 없었던 저에게 크게 다가왔던 것 같습니다. 그리고 두 번째로는 최소 배달 주문이라는 것을 걸어 놓은 것입니다. 배달비도 받으면서 손해를 입을 일도 없으면서 그렇게 최소 배달 주문까지 이만 원 이상을 소비하게 하는 그런 행태가 상당히 아쉽고 또 돈이 없는 저로서는 아무리 먹고 싶은 음식이 있어도 그것을 먹지 못한 먹지 못한다는 그런 좌절감에 빠져있을 때도 있었습니다. 그래서 결국에는 잘 이용하지 않게 됐고 지금은 배달의민족 말고 그냥 직접 가서 포장을 해 먹는 것이 훨씬 더 저렴하다고 느껴져서 훨씬 더 저렴하고 또 편리해서 지금은 현재 그렇게 하고 있습니다. 이상입니다. 감사합니다.","wordCount":136},"emotion":[],"intent":[{"text":"","expression":"","category":"attitude"}],"summary":{"text":"가장 아쉬웠던 점은 배달비의 비중이 너무 높다는 점과 최소 배달 주문이라는 것을 걸어 놓은 것인데, 배달비도 받으면서 손해를 입을 일도 없으면서 최소 배달 주문을 하게 하는 행태가 상당히 아쉽고 또 좌절감에 빠져있을 때도 있었지만 이제는 그냥 직접 가서 포장을 해 먹는 것이 훨씬 더 저렴하다고 느껴져서 그렇게 하고 있습니다.","wordCount":49}}},"rawDataInfo":{"question":{"fileFormat":"wav","fileSize":541838,"duration":16930,"samplingBit":16,"channelCount":1,"samplingRate":"16kHz","audioPath":"/Mock/06.Design/Male/New/ckmk_q_ard_m_n_185254.wav"},"answer":{"fileFormat":"wav","fileSize":2298958,"duration":71840,"samplingBit":16,"channelCount":1,"samplingRate":"16kHz","audioPath":"/Mock/06.Design/Male/New/ckmk_a_ard_m_n_185254.wav"}}}