{"version":"1.0","dataSet":{"info":{"date":"20230116","occupation":"ARD","channel":"MOCK","place":"ONLINE","gender":"MALE","ageRange":"-34","experience":"NEW"},"question":{"raw":{"text":"좋아하는 앱이 있다면 말씀해 주시고 유아이 측면에서 왜 그 앱을 좋아했는지도 말씀해 주세요","wordCount":13},"emotion":[],"intent":[]},"answer":{"raw":{"text":"저는 가장 좋아하는 어플리케이션은 삼성의 삼성 페이입니다. 일단 이 어플리케이션 같은 경우에는 유아이 측면에서는 화면이 아예 꺼진 상태에서 화면 하단에서 위로 이제 슬라이드 터치를 하게 되면은 바로 지갑이 지갑에서 카드를 꺼내는 애니메이션 그러한 애니메이션이 나오게 됩니다. 그리고 또한 삼성 페이 안에 등록된 카드를 이 바꾸기 위해서 전환을 할 때도 카드 지갑을 연상시키는 그러한 유저 인터페이스로 화면이 바뀌기 때문인데 그러한 화면의 전환는 굉장히 신선했고 또한 실제로 저희가 생활하면서 발생하는 그런 움직임들을 구현을 하기 때문에 저는 그러한 부분에 있어서 유아이가 굉장히 직관적이고 편리하고 그리고 어른들도 충분히 잘 사용할 수 있을 만큼 매우 간단하고 간편하고 편리하다고 생각을 하였습니다. 따라서 저는 유일하게 요즘 젊은 세대들이 아이폰을 쓰지만 그러한 삼성의 간편함 때문에 항상 갤럭시 제품을 쓰고 있습니다.","wordCount":112},"emotion":[],"intent":[{"text":"","expression":"","category":"attitude"}],"summary":{"text":"삼성 페이를 가장 좋아하는 어플리케이션은 유아이 측면에서는 화면이 꺼진 상태에서 화면 하단에서 위로 슬라이드 터치를 하게 되면은 바로 지갑을 꺼내는 애니메이션이 나오게 됩니다. 그리고 전환을 할 때도 카드 지갑을 연상시키는 유저 인터페이스로 화면이 바뀌기 때문에 굉장히 직관적이고 편리하다고 생각합니다.","wordCount":39}}},"rawDataInfo":{"question":{"fileFormat":"wav","fileSize":318798,"duration":9960,"samplingBit":16,"channelCount":1,"samplingRate":"16kHz","audioPath":"/Mock/06.Design/Male/New/ckmk_q_ard_m_n_194478.wav"},"answer":{"fileFormat":"wav","fileSize":2774478,"duration":86700,"samplingBit":16,"channelCount":1,"samplingRate":"16kHz","audioPath":"/Mock/06.Design/Male/New/ckmk_a_ard_m_n_194478.wav"}}}