{"version":"1.0","dataSet":{"info":{"date":"20230116","occupation":"ARD","channel":"MOCK","place":"ONLINE","gender":"MALE","ageRange":"-34","experience":"NEW"},"question":{"raw":{"text":"지원자님께서는 팀장이 더 잘 맞을 것 같은지 팀원이 더 잘 맞을 것 같은지 지원자님만의 이유와 함께 설명 말씀해 주세요","wordCount":19},"emotion":[],"intent":[]},"answer":{"raw":{"text":"저는 팀장보다는 팀원에 더 잘 맞을 것 같다고 생각합니다. 그 이유는 저는 사람들의 의견을 버리는 것에 익숙치 않습니다. 의견을 버린다고 하면 보통 팀장은 의견을 통합해야 합니다. 그리고 많은 사람들의 이야기를 경청해 줘야 하죠. 하지만 저의 장점인 창의성에는 그것과 맞지 않습니다. 저는 많은 아이디어를 쏟아내고 팀원들과 함께 얘기를 해보고 팀장이 그것을 선택하고 밀어주는 것을 원하지 제가 다른 사람들의 창의성을 듣고 이 사람들을 이끌어 나갈 힘은 상당히 부족하다고 생각해요. 저는 팀원에 더 잘 맞을 것 같다고 생각합니다.","wordCount":75},"emotion":[],"intent":[{"text":"","expression":"","category":"attitude"}],"summary":{"text":"저는 의견을 버리는 것에 익숙치 않아 팀원에 더 잘 맞을 것 같다고 생각합니다. 이유는 저는 다른 사람들의 창의성을 듣고 이 사람들을 이끌어 나갈 힘은 상당히 부족하다고 생각하기 때문입니다.","wordCount":28}}},"rawDataInfo":{"question":{"fileFormat":"wav","fileSize":447118,"duration":13970,"samplingBit":16,"channelCount":1,"samplingRate":"16kHz","audioPath":"/Mock/06.Design/Male/New/ckmk_q_ard_m_n_225246.wav"},"answer":{"fileFormat":"wav","fileSize":1679438,"duration":52480,"samplingBit":16,"channelCount":1,"samplingRate":"16kHz","audioPath":"/Mock/06.Design/Male/New/ckmk_a_ard_m_n_225246.wav"}}}