{"version":"1.0","dataSet":{"info":{"date":"20230116","occupation":"ARD","channel":"MOCK","place":"ONLINE","gender":"MALE","ageRange":"-34","experience":"NEW"},"question":{"raw":{"text":"네 지원자님께서는 지금 이 분야에 지원하기 위해서 그동안 어떤 노력을 해 오셨는지요 어 어떤 노력을 하셨는지 생각나는 대로 말씀해 주시기 바랍니다","wordCount":21},"emotion":[],"intent":[]},"answer":{"raw":{"text":"이 분야를 제가 완벽하게 마스터하기 위해서 저는 제가 공부하는 모든 것들을 그리고 또 예상되는 모든 것들을 노트에 제가 자필로 정리를 했습니다 정리를. 그냥 컴퓨터로 자료를 수집해서 포트폴리오를 만드는 그런 수준이 아니라 제가 표도 직접 다 그리고 필요한 모든 그림들도 직접 손으로 그려 가면서 노트에 이렇게 모든 자료들을 정리를 했습니다. 이제 그 자료는 저에게 너무나 큰 재산과도 같기 때문에 포트폴리오에는 인제 제가 제출을 하지 못했지만 이제 앞으로 저와 함께 일을 하시게 된다면은 제가 이제 그 노트를 같이 일하시는 분들께 조금씩 보여 드릴 그럴 용의가 있습니다. 그 노트 자체는 저에게 엄청난 지적 재산권만큼 큰 가치를 지닌 것이기 때문에 그 자리에는 내지 못했지만 거기에 제가 노력한 모든 것들이 노트에 모두 저의 자필로 정리가 되어 있습니다.","wordCount":112},"emotion":[],"intent":[{"text":"","expression":"","category":"attitude"}],"summary":{"text":"이 분야를 완벽하게 마스터하기 위해서 제가 직접 표를 그리고 필요한 그림들도 직접 손으로 그려 가면서 노트에 모든 자료들을 정리를 했습니다. 그 노트 자체는 저에게 엄청난 지적 재산권만큼 큰 가치를 지닌 것이기 때문에 그 자리에는 내지 못했지만 제가 노력한 모든 것들이 모두 저의 자필로 정리가 되어 있습니다.","wordCount":46}}},"rawDataInfo":{"question":{"fileFormat":"wav","fileSize":485198,"duration":15160,"samplingBit":16,"channelCount":1,"samplingRate":"16kHz","audioPath":"/Mock/06.Design/Male/New/ckmk_q_ard_m_n_198673.wav"},"answer":{"fileFormat":"wav","fileSize":2572878,"duration":80400,"samplingBit":16,"channelCount":1,"samplingRate":"16kHz","audioPath":"/Mock/06.Design/Male/New/ckmk_a_ard_m_n_198673.wav"}}}