{"version":"1.0","dataSet":{"info":{"date":"20230116","occupation":"ARD","channel":"MOCK","place":"ONLINE","gender":"MALE","ageRange":"35-44","experience":"NEW"},"question":{"raw":{"text":"배달의 민족을 사용하시면서 서비스에서 아쉬웠던 부분이 있으셨다면 어 무엇인지 말씀해 주세요","wordCount":11},"emotion":[],"intent":[]},"answer":{"raw":{"text":"저는 배달의 민족 서비스를 진행하면서 가장 어려웠던 점 그다음에 가장 아쉬웠던 점은 사실 제가 이런 쪽에 굉장히 관심이 많습니다. 이런 어플을 사용하는 것 최신 기기 최신 문물을 받아들이고 공부하는 것에 대한 관심이 많기 때문에 어렵지 않고 아쉬웠던 부분이 별로 없습니다. 그래서 저는 이 부분에 얘기한다면은 뭐 사용하는 것에 대해 얘기한다면은 아쉬움은 크게 없다 라고 말씀을 드릴 수 있을 것 같습니다. 다만 몇 가지 한 두 가지 정도를 짚어볼 수 있는데 첫 번째는 후기 관련해서 너무 조작하기가 쉽다 라는 부분이 있습니다. 그 다음에 제가 후기를 남기고 싶지 않게끔 뭐 그렇게 후기를 남기는 것에 대해 꼭 남겨야 되겠다 라는 생각이 들게 시스템이 되어 있지 않아서 항상 남기지 않는 경험을 하고 있습니다. 그다음에 두 번째는 음 수수료가 너무 비쌉니다. 배달의 민족에서 음식을 시켜보면 항상 배달 집이 굉장히 어 많이 붙는 것을 알 수가 있는데 그럴 바에야 직접 어 가게 전화해서 주문하고 배달을 시키는 게 훨씬 낫다 라는 생각을 할 때가 많았습니다. 음 플랫폼을 만들어 준 건 굉장히 고마운 일이지만 그 플랫폼은 너무 어 이익이 그쪽에 집중되어 있다고 생각이 들었습니다.","wordCount":166},"emotion":[],"intent":[{"text":"","expression":"","category":"attitude"}],"summary":{"text":"배달의민족 서비스를 진행하면서 가장 아쉬웠던 점은 첫 번째는 후기 관련해서 너무 조작하기가 쉽다 라는 부분이 있고, 두 번째는 수수료가 너무 비쌌다는 것입니다. 플랫폼을 만들어 준 것은 고맙지만 그 플랫폼은 너무 이익에 집중되어 있다고 생각이 들었습니다.","wordCount":35}}},"rawDataInfo":{"question":{"fileFormat":"wav","fileSize":345678,"duration":10800,"samplingBit":16,"channelCount":1,"samplingRate":"16kHz","audioPath":"/Mock/06.Design/Male/New/ckmk_q_ard_m_n_189364.wav"},"answer":{"fileFormat":"wav","fileSize":2686798,"duration":83960,"samplingBit":16,"channelCount":1,"samplingRate":"16kHz","audioPath":"/Mock/06.Design/Male/New/ckmk_a_ard_m_n_189364.wav"}}}