{"version":"1.0","dataSet":{"info":{"date":"20230116","occupation":"ARD","channel":"MOCK","place":"ONLINE","gender":"MALE","ageRange":"-34","experience":"NEW"},"question":{"raw":{"text":"과거에 프로젝트를 수행했던 경험이 있으실 거예요 그 프로젝트 내에서 어떤 역할을 맡으셨는지가 궁금한데요 말씀 부탁드리겠습니다","wordCount":15},"emotion":[],"intent":[]},"answer":{"raw":{"text":"저는 이전에 어 한 아이티 기업에서 인터넷을 근무하며 사용자의 시각에서 디자인을 하는 법을 배웠는데 바로 그곳에서 제가 맡은 한 프로젝트는 이제 기존의 두바이 관광청 이벤트 배너를 새롭게 디자인을 하여서 이벤트 참여율을 높이는 프로젝트였습니다. 이제 저는 한정된 모바일 화면 내에서는 시선을 끌기 위한 방법을 모색해야 한다고 제안을 하였고 그리고 시안을 제작하였습니다. 그리고 이를 통해서 클릭율이 이전보다 열 배 이상 증가하였습니다. 그리고 이러한 경험을 통하여 일 초 만에 스쳐 지나가는 수 많은 배너들 중에 과연 어떠한 점이 궁금증과 흥미를 불러 일으킬까 고민을 한 점이 결국 즉각적인 반응으로 이어진다는 것을 확인할 수 있었습니다. 나아가 뿌듯함과 동시에 성취감이 주는 동기 부여를 느꼈었던 어 값진 경험이었는데 이를 통해서 저는 인턴을 맡았던 그 아이티 회사에서 어 정규직 채용 전환 요청까지 제안까지 왔었었는데 저는 더 큰 경험을 해보고자 제안을 거절하였습니다.","wordCount":123},"emotion":[],"intent":[{"text":"저는 이전에 어 한 아이티 기업에서 인터넷을 근무하며 사용자의 시각에서 디자인을 하는 법을 배웠는데 바로 그곳에서 제가 맡은 한 프로젝트는 이제 기존의 두바이 관광청 이벤트 배너를 새롭게 디자인을 하여서 이벤트 참여율을 높이는 프로젝트였습니다.","expression":"c_private","category":"background"}],"summary":{"text":"저는 IT 기업에서 근무하며 사용자의 시각에서 디자인하는 법을 배웠는데, 두바이 관광청 이벤트 배너를 새롭게 디자인하여 이벤트 참여율을 높이는 프로젝트를 진행하였습니다. 이를 통해 클릭율이 열 배 이상 증가하였고, 즉각적인 반응과 성취감, 동기 부여를 느꼈습니다. 그러나 더 큰 경험을 해보고자 제안을 거절하였습니다.","wordCount":40}}},"rawDataInfo":{"question":{"fileFormat":"wav","fileSize":420878,"duration":13150,"samplingBit":16,"channelCount":1,"samplingRate":"16kHz","audioPath":"/Mock/06.Design/Male/New/ckmk_q_ard_m_n_194955.wav"},"answer":{"fileFormat":"wav","fileSize":2701518,"duration":84420,"samplingBit":16,"channelCount":1,"samplingRate":"16kHz","audioPath":"/Mock/06.Design/Male/New/ckmk_a_ard_m_n_194955.wav"}}}