{"version":"1.0","dataSet":{"info":{"date":"20230116","occupation":"ARD","channel":"MOCK","place":"ONLINE","gender":"MALE","ageRange":"-34","experience":"NEW"},"question":{"raw":{"text":"일을 하시다 보면 다른 지역에서 업무를 수행하게 될 수도 있을 텐데요 지원자님께서는 거주지가 아닌 타 지역에 근무를 하셔도 문제 없이 가능하실까요","wordCount":21},"emotion":[],"intent":[]},"answer":{"raw":{"text":"네 저는 다른 지역에서에 근무도 문제 없이 가능합니다. 저에 본가가 지방이라서 대학교도 다른 지역에서 다녀보았고 취업을 위해서 다른 지역에서 자취를 한 지도 오래되었기 때문에 다른 지역에 파견을 나가는 것에 대해서 거부감을 크게 가지고 있지는 않습니다. 그래서 타 지역 근무에 대해서는 아무런 문제 없이 해 해 나갈 수 있습니다.","wordCount":48},"emotion":[],"intent":[{"text":"","expression":"","category":"attitude"}],"summary":{"text":"취업을 위해 다른 지역에서 자취를 한 지도 오래되었기 때문에 다른 지역 근무에 대해서는 아무 문제 없이 해 나갈 수 있습니다. 이는 거부감이 크지 않습니다.","wordCount":24}}},"rawDataInfo":{"question":{"fileFormat":"wav","fileSize":461198,"duration":14410,"samplingBit":16,"channelCount":1,"samplingRate":"16kHz","audioPath":"/Mock/06.Design/Male/New/ckmk_q_ard_m_n_177957.wav"},"answer":{"fileFormat":"wav","fileSize":1078478,"duration":33700,"samplingBit":16,"channelCount":1,"samplingRate":"16kHz","audioPath":"/Mock/06.Design/Male/New/ckmk_a_ard_m_n_177957.wav"}}}