{"version":"1.0","dataSet":{"info":{"date":"20230116","occupation":"ARD","channel":"MOCK","place":"ONLINE","gender":"MALE","ageRange":"-34","experience":"NEW"},"question":{"raw":{"text":"업무를 수행하면서 가장 어려울 것으로 예상되는 것은 무엇인가요 그리고 그에 어떻게 대처할 생각이신지도 궁금합니다","wordCount":14},"emotion":[],"intent":[]},"answer":{"raw":{"text":"어 근무시간이 근무시간 중간 중간에 쉬는 시간이 충분히 있는지가 조금 의문스럽습니다. 왜냐하면 저는 모든 일을 할 때 오십 분 일하고 십 분 쉬는 저만의 패턴을 개발해 왔었습니다. 어 그런 패턴을 개발해 왔기 때문에 회사에서 새로운 것에 적응하면서 그 회사의 근무시간을 따라간다는 것이 지금 입장에서는 조금 부담스럽게 느껴지기는 합니다. 그렇지만 저도 저만의 방법을 고집하는 것이 아니라 회사의 새로운 환경에 적응하는 것이 마땅한 도리라고 생각을 하고 있습니다. 그렇지만 혹시나 쉬는 시간이 있다고 한다면 저는 조금 더 기쁘게 회사 생활에 적응할 수 있을 것 같기 때문에 아직은 잘 모르겠지만 어 근무시간 중에 쉬는 시간이 없다면 저한테는 그것이 가장 어려울 것으로 어려운 문제로 어 예상이 되고 있습니다.","wordCount":103},"emotion":[],"intent":[{"text":"","expression":"","category":"attitude"}],"summary":{"text":"저는 모든 일을 할 때 오십 분 일하고 십 분 쉬는 저만의 패턴을 개발해 왔기 때문에 회사에서 새로운 것에 적응하면서 그 회사의 근무시간을 따라간다는 것이 조금 부담스럽기는 합니다. 근무시간 중에 쉬는 시간이 없다면 그것이 가장 어려울 것으로 예상하고 있습니다.","wordCount":39}}},"rawDataInfo":{"question":{"fileFormat":"wav","fileSize":396238,"duration":12380,"samplingBit":16,"channelCount":1,"samplingRate":"16kHz","audioPath":"/Mock/06.Design/Male/New/ckmk_q_ard_m_n_218737.wav"},"answer":{"fileFormat":"wav","fileSize":2228878,"duration":69650,"samplingBit":16,"channelCount":1,"samplingRate":"16kHz","audioPath":"/Mock/06.Design/Male/New/ckmk_a_ard_m_n_218737.wav"}}}