{"version":"1.0","dataSet":{"info":{"date":"20230116","occupation":"ARD","channel":"MOCK","place":"ONLINE","gender":"MALE","ageRange":"-34","experience":"NEW"},"question":{"raw":{"text":"지원자님의 생각이 아닌 지원자님의 다른 주변 사람들이 생각하는 지원자님의 장점과 단점을 모두 말씀해 주세요","wordCount":14},"emotion":[],"intent":[]},"answer":{"raw":{"text":"다른 주변인들이 생각하는 저의 단점은 일단 여유를 갖지 못한다는 점 같습니다. 저의 주변인들은 항상 저에게 넌 다 잘하는데 여유만 있으면 정말 완벽하겠다. 너무 쫓기는 사람 마냥 뛰어다녀. 항상 마음이 조급해 보여 라는 소리를 많이 들었습니다. 그리고 저의 장점은 너는 정말 하나를 시작할 때 엄청나게 몰입을 하는구나 너는 정말 끝장을 보는 성격이구나 라는 말을 많이 들었었습니다. 저도 그런 의견들에 동의하는 바입니다.","wordCount":60},"emotion":[],"intent":[{"text":"","expression":"","category":"attitude"}],"summary":{"text":"다른 주변인들은 제게 여유만 있으면 완벽하겠다 라는 말과 함께 마음이 조급해 보여 라는 말을 했습니다. 하지만 저 역시도 주변인들의 의견에 동의합니다.","wordCount":21}}},"rawDataInfo":{"question":{"fileFormat":"wav","fileSize":375118,"duration":11720,"samplingBit":16,"channelCount":1,"samplingRate":"16kHz","audioPath":"/Mock/06.Design/Male/New/ckmk_q_ard_m_n_225057.wav"},"answer":{"fileFormat":"wav","fileSize":1692238,"duration":52880,"samplingBit":16,"channelCount":1,"samplingRate":"16kHz","audioPath":"/Mock/06.Design/Male/New/ckmk_a_ard_m_n_225057.wav"}}}