{"version":"1.0","dataSet":{"info":{"date":"20230116","occupation":"ARD","channel":"MOCK","place":"ONLINE","gender":"MALE","ageRange":"-34","experience":"NEW"},"question":{"raw":{"text":"지원자님은 이 징후에 지연한 이유가 어떠한 것인지 설명 부탁드리고요 본인이 왜 이러한 직무에 적합한지에 대해서도 말씀 부탁드리겠습니다","wordCount":17},"emotion":[],"intent":[]},"answer":{"raw":{"text":"제가 예술 디자인 직렬에 지원을 했는데요. 저 같은 경우 굉장히 창의적이라는 말을 많이 듣곤 합니다. 디자인이란 걸 한 거 말고도 다른 분야에서도 말이죠. 어떻게 보면 독특하다고 도 할 수 있는데요. 저희 회사의 경우 직원 각각의 개성을 존중합니다. 예를 들어 백화점 같은 곳이 아니라 유니폼을 입는 것도 아니고 굉장히 자율 복장이 근무 시간도 굉장히 탄력적입니다. 이렇게 창의적이고 어떻게 보면 어디로 튈지 모르는 사람들이 일하는 우리 회사는 제가 일하기에 굉장히 적합하다고 생각이 들고요. 그런 사람들이 모여서 화합을 하는 방식이 있어서도 굉장히 트러블 없이 잘 조율되고 있다고 생각을 합니다. 그 부분에 대해서 이런 굉장히 개성 강한 직원들이 만나서 하나의 창조물을 만나러 낸다란 것이 만들어 낸다는 것이 굉장히 매력적이라고 생각을 합니다. 그 중에서도 저는 인체 공학적인 설계 인체 공학적인 디자인 도안을 만들고 싶은데요. 그에 대해서 저희는 산업 분야에서도 이미 이런 인체 공학적 디자인으로 이미 명성이 지극합니다. 그래서 인체 공학적 설계 관련해 가지고 산업 용품도 안전 용품도 생활 용품도 만들어보고 싶습니다.","wordCount":146},"emotion":[{"text":"저희 회사의 경우 직원 각각의 개성을 존중합니다.","expression":"p-affection","category":"positive"}],"intent":[{"text":"저 같은 경우 굉장히 창의적이라는 말을 많이 듣곤 합니다.","expression":"c_person","category":"background"}],"summary":{"text":"우리 회사는 창의적이고 개성이 강한 직원들이 모여서 하나의 창조물을 만들어 내고 있습니다. 그 중에서도 산업 분야에서도 명성이 높은 인체 공학적 설계 도안을 만들고 싶습니다.","wordCount":24}}},"rawDataInfo":{"question":{"fileFormat":"wav","fileSize":576078,"duration":18000,"samplingBit":16,"channelCount":1,"samplingRate":"16kHz","audioPath":"/Mock/06.Design/Male/New/ckmk_q_ard_m_n_213989.wav"},"answer":{"fileFormat":"wav","fileSize":2821838,"duration":88180,"samplingBit":16,"channelCount":1,"samplingRate":"16kHz","audioPath":"/Mock/06.Design/Male/New/ckmk_a_ard_m_n_213989.wav"}}}