{"version":"1.0","dataSet":{"info":{"date":"20230116","occupation":"ARD","channel":"MOCK","place":"ONLINE","gender":"MALE","ageRange":"-34","experience":"NEW"},"question":{"raw":{"text":"지원자님께서 생각하시기에 글로벌 인재에게 필수인 요소는 어떤 것이며 지원자님께서 그것을 위해 노력했던 것이 어떠한 것인지 궁금합니다","wordCount":16},"emotion":[],"intent":[]},"answer":{"raw":{"text":"글로벌 인재의 필수 요소는 저는 커뮤니케이션 역량과 언어라고 생각합니다. 저는 대학 생활을 하면서 이 년 간 영국에서 교환 학생으로 수업을 들으며 다양한 국적인 사람들과 팀을 이루고 그들과 소통하는 법을 배웠습니다. 그리고 학교 뿐만 아니라 글로벌 기업 인터넷 경험을 통해 실무에 적용할 수 있는 역량도 키웠습니다. 조직에서의 커뮤니케이션 경험은 저를 어느 상황에서도 좋은 팀웍과 최대의 시너지를 낼 수 있는 능력을 갖게 해주었습니다. 그래서 저는 이러한 노력을 통해서 앞서 말한 커뮤니케이션 역량과 변화라는 능력을 키울 수 있었습니다.","wordCount":75},"emotion":[],"intent":[{"text":"","expression":"","category":"attitude"}],"summary":{"text":"저는 대학 생활을 하면서 교환 학생으로 수업을 들으며 다양한 사람들과 팀을 이루는 법을 배웠습니다. 그리고 글로벌 기업 인터넷 경험을 통해 실무에 적용할 수 있는 역량도 키웠고 커뮤니케이션 역량과 변화라는 능력을 키울 수 있었습니다.","wordCount":33}}},"rawDataInfo":{"question":{"fileFormat":"wav","fileSize":505678,"duration":15800,"samplingBit":16,"channelCount":1,"samplingRate":"16kHz","audioPath":"/Mock/06.Design/Male/New/ckmk_q_ard_m_n_185170.wav"},"answer":{"fileFormat":"wav","fileSize":1674958,"duration":52340,"samplingBit":16,"channelCount":1,"samplingRate":"16kHz","audioPath":"/Mock/06.Design/Male/New/ckmk_a_ard_m_n_185170.wav"}}}