{"version":"1.0","dataSet":{"info":{"date":"20230116","occupation":"ARD","channel":"MOCK","place":"ONLINE","gender":"MALE","ageRange":"-34","experience":"NEW"},"question":{"raw":{"text":"혹시 매일 공부하고 있는 분야가 따로 있는지 궁금한데요 만약에 있다면 그 분야를 왜 공부하는지 이유를 함께 설명해 주시기 바랍니다","wordCount":19},"emotion":[],"intent":[]},"answer":{"raw":{"text":"저는 전공과 관련하여 렌더링 스킬이 부족하여 따로 스터디를 하고 있는 게 있습니다. 기존에 많이 사용하는 프로그램에서 기술적인 한계를 느껴 조금 더 세밀하고 다양한 쓰리디 애니메이션이 가능한 레디시프트라는 프로그램을 배우고 있습니다. 이 틀을 활용할 수 있다면 한 단계 높은 수준의 렌더링 퀄리티는 물론 심도 있는 애니메이션 제작으로 요즘 트렌드에 맞는 영상 관련 콘텐츠도 제작이 가능할 거라 생각됩니다. 그래서 저는 이 프로그램을 통해 한 단계 높은 퀄리티의 작업물을 내기 위해 따로 시간을 내서 공부하고 있습니다.","wordCount":73},"emotion":[],"intent":[{"text":"저는 전공과 관련하여 렌더링 스킬이 부족하여 따로 스터디를 하고 있는 게 있습니다.","expression":"c_imp","category":"personality"},{"text":"기존에 많이 사용하는 프로그램에서 기술적인 한계를 느껴 조금 더 세밀하고 다양한 쓰리디 애니메이션이 가능한 레디시프트라는 프로그램을 배우고 있습니다.","expression":"c_imp","category":"personality"},{"text":"이 틀을 활용할 수 있다면 한 단계 높은 수준의 렌더링 퀄리티는 물론 심도 있는 애니메이션 제작으로 요즘 트렌드에 맞는 영상 관련 콘텐츠도 제작이 가능할 거라 생각됩니다.","expression":"c_imp","category":"personality"},{"text":"그래서 저는 이 프로그램을 통해 한 단계 높은 퀄리티의 작업물을 내기 위해 따로 시간을 내서 공부하고 있습니다.","expression":"c_imp","category":"personality"}],"summary":{"text":"레디시프트라는 프로그램을 통해 한 단계 높은 수준의 렌더링 퀄리티는 물론 심도 있는 애니메이션 제작으로 요즘 트렌드에 맞는 영상 관련 콘텐츠도 제작이 가능할 거라고 생각됩니다.","wordCount":24}}},"rawDataInfo":{"question":{"fileFormat":"wav","fileSize":500558,"duration":15640,"samplingBit":16,"channelCount":1,"samplingRate":"16kHz","audioPath":"/Mock/06.Design/Male/New/ckmk_q_ard_m_n_190941.wav"},"answer":{"fileFormat":"wav","fileSize":1682638,"duration":52580,"samplingBit":16,"channelCount":1,"samplingRate":"16kHz","audioPath":"/Mock/06.Design/Male/New/ckmk_a_ard_m_n_190941.wav"}}}