{"version":"1.0","dataSet":{"info":{"date":"20230116","occupation":"ARD","channel":"MOCK","place":"ONLINE","gender":"MALE","ageRange":"-34","experience":"NEW"},"question":{"raw":{"text":"면접자분 디자인 업무의 프로세스에 관해 설명해 주시고 지원자께서는 어떻게 이를 활용해 일을 하실 생각이신지 그 부분에 대해서 자세하게 이야기 좀 해주세요","wordCount":21},"emotion":[],"intent":[]},"answer":{"raw":{"text":"먼저 디자인 모델 프로세스 같은 경우에는 먼저 리서치 그다음 디자인 그다음 구현 그다음 결과물을 인도하는 총 네 가지 단계로 구성되어 있습니다. 먼저 어 분석을 할 때에는 먼저 브랜드 나이와 역사 현재 시장 포지션 그리고 타겟 시장 소비자 청중들 그리고 현재 브랜드의 속성 그 프로젝트의 전반적 목표와 기한 그리고 예산과 같은 것들을 이제 분석을 하게 되는데요. 그것을 통해서 이제 또한 세부적으로 토의를 하고 그다음에 디자인 플랫폼을 마련하고 그리고 디자인 팀에 브리이프를 전달을 하고 그다음에 브레인스토밍을 통해서 프로젝트 프로젝트의 용어를 공유하고 브랜드 개성과 감성정 속성에 대해서 표현을 통일하고 그리고 컨셉을 개발하고 또한 디자인 컨셉을 분석하여 최종 컨셉을 정제합니다. 그리고 마무리 최종 디자인 시 제품을 제가 제작을 하고 그리고 또한 이것에 대한 시장 반응도 조사를 하 합니다. 이러한 프로세스로 저는 일을 할 것 같습니다.","wordCount":121},"emotion":[],"intent":[{"text":"먼저 디자인 모델 프로세스 같은 경우에는 먼저 리서치 그다음 디자인 그다음 구현 그다음 결과물을 인도하는 총 네 가지 단계로 구성되어 있습니다.","expression":"d_dgn_proc","category":"technology"},{"text":"먼저 어 분석을 할 때에는 먼저 브랜드 나이와 역사 현재 시장 포지션 그리고 타겟 시장 소비자 청중들 그리고 현재 브랜드의 속성 그 프로젝트의 전반적 목표와 기한 그리고 예산과 같은 것들을 이제 분석을 하게 되는데요.","expression":"d_dgn_proc","category":"technology"},{"text":"그것을 통해서 이제 또한 세부적으로 토의를 하고 그다음에 디자인 플랫폼을 마련하고 그리고 디자인 팀에 브리이프를 전달을 하고 그다음에 브레인스토밍을 통해서 프로젝트 프로젝트의 용어를 공유하고 브랜드 개성과 감성정 속성에 대해서 표현을 통일하고 그리고 컨셉을 개발하고 또한 디자인 컨셉을 분석하여 최종 컨셉을 정제합니다.","expression":"d_dgn_proc","category":"technology"},{"text":"그리고 마무리 최종 디자인 시 제품을 제가 제작을 하고 그리고 또한 이것에 대한 시장 반응도 조사를 하 합니다.","expression":"d_dgn_proc","category":"technology"}],"summary":{"text":"디자인 모델 프로세스는 리서치, 디자인, 구현, 결과물 인도 단계로 구성됩니다. 분석을 통해 세부 토의, 디자인 플랫폼 마련, 용어 공유, 컨셉 개발, 최종 컨셉 정제, 최종 제품 제작, 시장 반응 조사의 순서로 저는 일을 할 것 같습니다.","wordCount":36}}},"rawDataInfo":{"question":{"fileFormat":"wav","fileSize":467278,"duration":14600,"samplingBit":16,"channelCount":1,"samplingRate":"16kHz","audioPath":"/Mock/06.Design/Male/New/ckmk_q_ard_m_n_194547.wav"},"answer":{"fileFormat":"wav","fileSize":2859598,"duration":89360,"samplingBit":16,"channelCount":1,"samplingRate":"16kHz","audioPath":"/Mock/06.Design/Male/New/ckmk_a_ard_m_n_194547.wav"}}}