{"version":"1.0","dataSet":{"info":{"date":"20230116","occupation":"ARD","channel":"MOCK","place":"ONLINE","gender":"MALE","ageRange":"-34","experience":"NEW"},"question":{"raw":{"text":"어 좋은 회사의 덕목이란 무엇이라고 생각하시는지 편하게 말씀해 주시기 바랍니다 어 어떤 회사가 좋은 회사라고 생각하는지 최근에는 그 이 추세가 바뀌어가는 추세인데요 어 편하게 말씀해 주시길 바랍니다","wordCount":27},"emotion":[],"intent":[]},"answer":{"raw":{"text":"저는 직원들에게 있어서 복지를 실현하는 회사가 좋은 회사의 덕목이라고 생각합니다. 왜냐하면은 기업에 있어서 가장 중요한 핵심 자원은 바로 인적 자원이 이 때문입니다. 왜냐하면은 최고 관리자도 모두 인적 관리자고 그리고 연구개발진 생산자 디자이너 경영 관리직 모두 다 인간이 하기 때문에 인적 자원이 곧 회사의 존망에 달려있다고 볼 수 있습니다. 때문에 저는 이들에게 투자를 하는 것이 곧 복지 사업 복지고 그러한 것을 잘 실현시켜 준 회사가 바로 어 미국의 구글과 같은 거대 기업이라고 생각합니다. 반대로 기업의 목적에 맞게 기업의 최종 목표는 이윤 추구이다 보니 그러한 이윤 추구의 목적을 이제 살리기 위해서 철저한 성과제로 하지만 그에 상응하는 인색 인센티브 복지를 실현시켜 주어야지 어 그런 기업이 좋은 회사의 덕목이라고 생각합니다.","wordCount":106},"emotion":[],"intent":[{"text":"","expression":"","category":"attitude"}],"summary":{"text":"기업에서 가장 중요한 핵심 자원은 인적 자원이므로 이들에게 투자를 하는 것이 복지 사업 복지이고 그것을 잘 실현시켜 준 회사가 구글과 같은 거대 기업이라고 생각합니다. 반대로 이윤 추구의 목적을 살리기 위해서 철저한 성과제로 인센티브 복지를 실현시켜 주어야 합니다.","wordCount":37}}},"rawDataInfo":{"question":{"fileFormat":"wav","fileSize":649678,"duration":20300,"samplingBit":16,"channelCount":1,"samplingRate":"16kHz","audioPath":"/Mock/06.Design/Male/New/ckmk_q_ard_m_n_194960.wav"},"answer":{"fileFormat":"wav","fileSize":2885838,"duration":90180,"samplingBit":16,"channelCount":1,"samplingRate":"16kHz","audioPath":"/Mock/06.Design/Male/New/ckmk_a_ard_m_n_194960.wav"}}}