{"version":"1.0","dataSet":{"info":{"date":"20230116","occupation":"ARD","channel":"MOCK","place":"ONLINE","gender":"MALE","ageRange":"-34","experience":"NEW"},"question":{"raw":{"text":"다른 사람이 생각하는 지원자님의 장단점은 무엇이라고 생각을 하세요 그 장단점에 대한 이유도 함께 말씀해 주시기 바랍니다","wordCount":16},"emotion":[],"intent":[]},"answer":{"raw":{"text":"내가 생 제가 생각하는 장 단점은 어 저 같은 경우는 아무래도 통찰안이 조금 발달이 되어 있습니다. 왜냐하면 저는 도면을 보는 것을 좋아하기 때문에 어릴 적부터 도면을 많이 보아오면서 이 물건의 구조가 어떻게 되어 있는지 이 물건의 본질은 무엇인지에 대한 그러한 구조적 통찰을 자동적으로 들을 수 있었기 때문입니다. 두 번째는 꼼꼼함 입니다. 저는 일을 두 번 하는 것을 굉장히 싫어합니다. 그래서 한 번 일을 할 때 조금 느리더라도 제대로 하자 라는 마인드로 저는 일을 수행을 하고 있습니다. 이것으로 인해서 발생하는 단점은 업무 시간이 조금 더 길어지거나 업 일 처리 속도가 조금 느리다는 단점이 있습니다. 하지만 업무를 빠르게 한다고 무조건 좋은 것이 아닌 것이 한 번 할 일을 한 번 할 일을 실수를 해서 두 번 하는 것이 오히려 더 시간적으로나 물적으로나 손해가 더 막심하다고 들기 때문에 차라리 저는 조금 천천히라도 꼼꼼히 그리고 통찰력 있게 일을 하는 것이 바람직하다고 생각이 됩니다. 이것이 바로 제 장점이자 단점이라고 볼 수 있으시겠습니다. 이상입니다.","wordCount":148},"emotion":[{"text":"그래서 한 번 일을 할 때 조금 느리더라도 제대로 하자 라는 마인드로 저는 일을 수행을 하고 있습니다.","expression":"u-belief","category":"neutral"}],"intent":[{"text":"","expression":"","category":"attitude"}],"summary":{"text":"저는 도면을 보는 것을 좋아해서 어릴 적부터 구조에 대한 통찰안을 발달시켜 왔고, 일을 두 번 하는 것을 싫어해서 조금 느리더라도 제대로 하자 라는 마인드로 일을 수행하고 있습니다. 업무 시간이 조금 더 길어지거나 업무 처리 속도가 약간 느리다는 단점이 있지만 오히려 더 시간적으로나 물적으로나 손해가 더 막심하기 때문에 꼼꼼함이 장점입니다.","wordCount":49}}},"rawDataInfo":{"question":{"fileFormat":"wav","fileSize":448718,"duration":14020,"samplingBit":16,"channelCount":1,"samplingRate":"16kHz","audioPath":"/Mock/06.Design/Male/New/ckmk_q_ard_m_n_185341.wav"},"answer":{"fileFormat":"wav","fileSize":2485198,"duration":77660,"samplingBit":16,"channelCount":1,"samplingRate":"16kHz","audioPath":"/Mock/06.Design/Male/New/ckmk_a_ard_m_n_185341.wav"}}}