{"version":"1.0","dataSet":{"info":{"date":"20230116","occupation":"ARD","channel":"MOCK","place":"ONLINE","gender":"MALE","ageRange":"-34","experience":"NEW"},"question":{"raw":{"text":"혹시 지금 매일 공부하고 있는 분야가 따로 있으신지요 어 있다면 어떤 분야인지 또 왜 그걸 공부하고 있는지도 함께 설명해 주시기 바랍니다","wordCount":21},"emotion":[],"intent":[]},"answer":{"raw":{"text":"저는 제가 전공한 이 디자인 분야에 대해서 졸업을 하고 나서 지금까지도 계속 따로 공부를 하고 있습니다. 어 왜 공부를 하냐 라고 물어본다면 어 일단 취 취업을 준비하는 입장에서 더 나은 수준의 지원자가 되기 위해서 그래서 노력을 하는 것이 가장 큰 이유라고 할 수 있겠고 아무래도 이 디자인 분야가 좀 트렌드에 굉장히 민감한 그러한 분야이기 때문에 어 계속해서 꾸준하게 자기 계발을 하지 않는다면 도태될 수밖에 없는 분야의 직무라고 생각하고 있습니다. 어 따라서 이런 최근 트렌드에 쫌 민감하게 반응을 하고 어 좀 참고할 수 있는 부분이 있다면 나의 작품 트렌드에 쫌 반영시키기 위해서 어 현재까지도 좀 꾸준하게 그러한 부분을 매일매일 공부하고 있습니다. 이는 제가 만약에 취업을 성공하고 회사를 다니게 된다고 하더라도 어 더 나은 디자이너가 되기 위해서 좀 꾸준하게 계속 진행을 할 부분인 것 같습니다.","wordCount":123},"emotion":[],"intent":[{"text":"어 따라서 이런 최근 트렌드에 쫌 민감하게 반응을 하고 어 좀 참고할 수 있는 부분이 있다면 나의 작품 트렌드에 쫌 반영시키기 위해서 어 현재까지도 좀 꾸준하게 그러한 부분을 매일매일 공부하고 있습니다.","expression":"d_trendy","category":"technology"}],"summary":{"text":"디자인 분야는 트렌드에 민감한 분야이기 때문에 꾸준하게 자기 계발을 하지 않으면 도태될 수 밖에 없는 분야의 직무라고 생각합니다. 취업에 성공하고 회사를 다니게 된다고 하더라도 더 나은 디자이너가 되기 위해서 계속 진행을 할 부분인 것 같습니다.","wordCount":35}}},"rawDataInfo":{"question":{"fileFormat":"wav","fileSize":445518,"duration":13920,"samplingBit":16,"channelCount":1,"samplingRate":"16kHz","audioPath":"/Mock/06.Design/Male/New/ckmk_q_ard_m_n_228583.wav"},"answer":{"fileFormat":"wav","fileSize":2617998,"duration":81810,"samplingBit":16,"channelCount":1,"samplingRate":"16kHz","audioPath":"/Mock/06.Design/Male/New/ckmk_a_ard_m_n_228583.wav"}}}