{"version":"1.0","dataSet":{"info":{"date":"20230116","occupation":"ARD","channel":"MOCK","place":"ONLINE","gender":"MALE","ageRange":"-34","experience":"NEW"},"question":{"raw":{"text":"당신이 눈여겨본 디자인이 있습니다 디자인 트렌드 중 인상 깊었던 것이 있습니까","wordCount":11},"emotion":[],"intent":[]},"answer":{"raw":{"text":"현재 가장 핫한 디자인이라고 생각을 한다면 아무래도 애플이 아닐까 싶습니다. 현재 애플이 핸드폰 시리즈도 굉장히 다채롭게 두터운 매니아층을 가진 상태로 출시 중에 있고요. 관련된 부속품들도 굉장히 많죠. 맥북 에어팟 애플 워치 이렇게 부속 기구로 만들어 낸 사업까지 굉장히 성공해서 지금 애플의 디자인이 가장 트렌디하다고 생각을 합니다. 그냥 똑같은 블루투스 이어폰인데도 콩나물이라고들 표현을 하죠. 이렇게 콩나물이라고 표현을 하는 것 자체가 어떻게 보면 인체 공학적인 설계라고 생각을 합니다. 기존의 이어폰 방식들을 보면 어떻게 보면 단일화가 돼 있죠. 고무 캡이 씌어져 있는 구조 근데 에어팟은 그게 아니고 귀에 잘 맞게 모양이 형상되어 있습니다. 굉장히 모양이 기이하면서도 이쁘다는 생각이 들게 하는 특이한 디자인이죠. 애플 워치도 마찬가지입니다. 어떻게 보면 손목에 네모난 시계가 올라가 있는 것입니다. 그냥 네모난 시계인데도 불구하고 디스플레이며 어떤 이런 스테인리스와 조합을 해서 스트랩도 조합을 하고요. 굉장히 다채로운 디아이와이 디자인을 할 수 있다는 점에서 고객에게 맞춘 디자인 맞춤 디자인 이런 게 좋은 것 같습니다.","wordCount":141},"emotion":[],"intent":[{"text":"현재 가장 핫한 디자인이라고 생각을 한다면 아무래도 애플이 아닐까 싶습니다.","expression":"d_trendy","category":"technology"},{"text":"맥북 에어팟 애플 워치 이렇게 부속 기구로 만들어 낸 사업까지 굉장히 성공해서 지금 애플의 디자인이 가장 트렌디하다고 생각을 합니다.","expression":"d_trendy","category":"technology"}],"summary":{"text":"현재 가장 핫한 디자인이라고 생각되는 애플은 핸드폰 시리즈도 굉장히 다채로운 매니아층을 가진 상태로 출시 중에 있으며, 관련된 부속품들도 굉장히 많습니다. 기존의 이어폰 방식들을 보면 단일화가 돼 있지만 에어팟은 귀에 잘 맞게 모양이 형상되어 있으며 애플 워치도 손목에 네모난 시계가 올라가 있는 등 상당히 다채로운 디자인을 할 수 있습니다.","wordCount":48}}},"rawDataInfo":{"question":{"fileFormat":"wav","fileSize":304718,"duration":9520,"samplingBit":16,"channelCount":1,"samplingRate":"16kHz","audioPath":"/Mock/06.Design/Male/New/ckmk_q_ard_m_n_213990.wav"},"answer":{"fileFormat":"wav","fileSize":2867278,"duration":89600,"samplingBit":16,"channelCount":1,"samplingRate":"16kHz","audioPath":"/Mock/06.Design/Male/New/ckmk_a_ard_m_n_213990.wav"}}}