{"version":"1.0","dataSet":{"info":{"date":"20230116","occupation":"ARD","channel":"MOCK","place":"ONLINE","gender":"MALE","ageRange":"-34","experience":"NEW"},"question":{"raw":{"text":"만약 상사가 업무와 무관한 일을 자꾸 시킨다면 지원자님께서는 그 일에 대해서도 수행하실 자신이 있나요 아니면 수행하지 않으실 건가요","wordCount":18},"emotion":[],"intent":[]},"answer":{"raw":{"text":"그 상사가 업무와 무관한 일을 저한테 시킬 시켰을 때 그 해당 업무가 어 객관적으로 회사의 업무 규정이나 사회적 윤리에서 벗어나지 않는다면 저는 지시에 따라야 한다고 생각합니다. 어 제가 미처 생각하지 못한 이유가 있을 수도 있기 때문입니다. 하지만 동일한 일이 반복된다면 어 충분히 수행한 후에 조심스럽게 다른 방법을 제시해 보겠습니다. 어 그럼에도 변화할 수 없는 것이라면 상사께서도 어 부서적인 설명이 있으시거나 별도의 지시가 있으실 것이라 생각합니다. 하지만 회사의 업무 규정이나 윤리상 어긋나는 일이라면 저는 그대로 따르지 않고 우선 회사의 입장에서 문제가 될 수 있는 일임을 어 상사게 말씀드리겠습니다.","wordCount":87},"emotion":[],"intent":[{"text":"","expression":"","category":"attitude"}],"summary":{"text":"그 상사가 업무와 무관한 일을 저한테 시켰을 때 객관적으로 회사의 업무 규정이나 사회적 윤리에서 벗어나지 않는다면 지시에 따라야 한다고 생각합니다. 이는 회사 입장에서 문제가 될 수 있는 일임을 상사에게 말씀드리겠습니다.","wordCount":30}}},"rawDataInfo":{"question":{"fileFormat":"wav","fileSize":607438,"duration":18980,"samplingBit":16,"channelCount":1,"samplingRate":"16kHz","audioPath":"/Mock/06.Design/Male/New/ckmk_q_ard_m_n_179307.wav"},"answer":{"fileFormat":"wav","fileSize":2092878,"duration":65400,"samplingBit":16,"channelCount":1,"samplingRate":"16kHz","audioPath":"/Mock/06.Design/Male/New/ckmk_a_ard_m_n_179307.wav"}}}