{"version":"1.0","dataSet":{"info":{"date":"20230116","occupation":"ARD","channel":"MOCK","place":"ONLINE","gender":"MALE","ageRange":"-34","experience":"NEW"},"question":{"raw":{"text":"협업을 할 일이 많이 생길 수 있습니다 지원자님께서는 이전 직장에서나 대학에서 협업을 할 때 어려운 점은 없으셨나요","wordCount":17},"emotion":[],"intent":[]},"answer":{"raw":{"text":"저는 기본적으로 경청이라는 능력이 장착되어 있는 사람입니다. 어머니가 저를 낳으실 때부터 경청하는 능력이 저는 장착이 되어 가지고 태어났습니다. 그래서 저는 아기 때 울었던 적이 별로 없습니다. 엄마가 하는 말을 잘 듣고 아빠가 하는 말을 잘 들었기 때문에 그렇게 어렸을 때부터 부모님과의 상호 협력에 타고났기 때문에 제가 울음을 통해서 부모님을 곤란에 빠뜨렸던 적은 없었습니다. 그 경청하는 능력은 청소년기를 지나 대학교 시절을 지나 사회생활을 하면서도 저에게 많은 도움이 되었습니다. 저는 기본적으로 사람들의 말을 잘 들을 줄 알고 그 듣는 말을 통해서 그 사람이 어떤 마음을 가지고 있는지를 파악할 줄 압니다. 왜 그렇게 됐는지는 모르겠습니다. 원래부터 그렇게 태어났기 때문에 저에게는 협업을 할 때 어려웠던 적은 없습니다. 다만 제 능력이 부족해서 어려움이 닥쳤었습니다.","wordCount":109},"emotion":[],"intent":[{"text":"저는 기본적으로 경청이라는 능력이 장착되어 있는 사람입니다.","expression":"c_person","category":"background"},{"text":"저는 기본적으로 사람들의 말을 잘 들을 줄 알고 그 듣는 말을 통해서 그 사람이 어떤 마음을 가지고 있는지를 파악할 줄 압니다.","expression":"c_person","category":"background"}],"summary":{"text":"저는 기본적으로 경청이라는 능력이 장착되어 있는 사람이기 때문에 사람들의 말을 잘 들을 줄 알고 그 듣는 말을 통해서 그 사람이 어떤 마음을 가지고 있는지를 파악할 줄 압니다. 그래서 협업을 할 때 어려웠던 적은 없지만 제 능력이 부족해서 어려움이 닥쳤습니다.","wordCount":39}}},"rawDataInfo":{"question":{"fileFormat":"wav","fileSize":373838,"duration":11680,"samplingBit":16,"channelCount":1,"samplingRate":"16kHz","audioPath":"/Mock/06.Design/Male/New/ckmk_q_ard_m_n_186132.wav"},"answer":{"fileFormat":"wav","fileSize":2685838,"duration":83930,"samplingBit":16,"channelCount":1,"samplingRate":"16kHz","audioPath":"/Mock/06.Design/Male/New/ckmk_a_ard_m_n_186132.wav"}}}