{"version":"1.0","dataSet":{"info":{"date":"20230116","occupation":"ARD","channel":"MOCK","place":"ONLINE","gender":"MALE","ageRange":"-34","experience":"NEW"},"question":{"raw":{"text":"지원자께서는 전공 외에 자신이 수줍급 실력이 될 정도로 노력한 것이 있었는지 궁금합니다 있으시다면 그 전공과 관련된 어떠한 도움을 주셨는지 함께 말씀해 주시길 바랍니다","wordCount":23},"emotion":[],"intent":[]},"answer":{"raw":{"text":"저는 게임을 잘 합니다. 제가 게임을 너무 잘하는 것 같아서 한 때는 대학교 때 전공을 그만두고 프로게이머가 될까 프로게임을 전문적으로 하는 사람이 될까 고민을 한 적도 있었습니다. 하지만 게임을 너무 오래 하면 모니터를 너무 오래 쳐다보기 때문에 시력이 나빠져서 눈에 건조증이 생겨서 그렇게 할 수는 없었습니다. 하지만 저는 그렇게 발달된 저에 게임 능력을 통해서 가끔 일이 풀리지 않을 때 게임을 합니다. 본질에서 사건의 본질에서 잠깐 멀어져서 게임에 집중하는 순간은 다시 본질에 대해서 생각할 수 있는 힘을 주게 합니다. 그렇게 게임을 통해서 저는 저에 전공 능력을 더욱더 발전시킬 수 있었습니다. 전공과 무관된 전혀 다른 것을 함으로써 주는 효과는 기대해 볼 만합니다.","wordCount":100},"emotion":[],"intent":[{"text":"","expression":"","category":"attitude"}],"summary":{"text":"전공과 무관한 다른 것을 함으로써 주는 효과는 기대해 볼 만합니다. 저는 게임을 너무 잘 합니다. 모니터를 너무 오래 봐서 시력이 나빠질 수 있었지만, 게임을 통해서 제 전공 능력을 더욱 발전시킬 수 있었습니다. 전공과 무관된 전혀 다른 것을 하면서 주는 효과입니다.","wordCount":40}}},"rawDataInfo":{"question":{"fileFormat":"wav","fileSize":551118,"duration":17220,"samplingBit":16,"channelCount":1,"samplingRate":"16kHz","audioPath":"/Mock/06.Design/Male/New/ckmk_q_ard_m_n_194171.wav"},"answer":{"fileFormat":"wav","fileSize":2361678,"duration":73800,"samplingBit":16,"channelCount":1,"samplingRate":"16kHz","audioPath":"/Mock/06.Design/Male/New/ckmk_a_ard_m_n_194171.wav"}}}