{"version":"1.0","dataSet":{"info":{"date":"20230116","occupation":"ARD","channel":"MOCK","place":"ONLINE","gender":"MALE","ageRange":"-34","experience":"NEW"},"question":{"raw":{"text":"귀하께서 생각하시는 빛의 삼원소와 색의 삼원소가 어떻게 다른지 설명해 주세요","wordCount":10},"emotion":[],"intent":[]},"answer":{"raw":{"text":"먼저 빛의 삼원색 같은 경우에는 빨강 초록 파랑 그리고 색의 삼원색 같은 경우에는 자홍색 노랑색 청록색으로 구성되어 있습니다. 빛의 색은 태양이나 전등 촛불과 같은 광원에서 나오는 색이고 물감이나 물체가 가진 색은 그 물체가 반사하는 빛의 색입니다. 그리고 어 인간의 눈은 온갖 색을 볼 수 있지만 그 차이를 엄밀하게 구별하여 말하기는 사실상 불가능한데 어쨌든 색의 삼 원색은 이제 반사되어 오는 빛입니다. 이 삼원색의 이제 빛의 삼 원색과는 달리 색의 삼 원색은 노랑 청록 자홍색인데 색의 삼 원색은 빛의 이 차색에 해당됩니다. 색의 삼 원색도 빛의 색처럼 일 차색 이 차색 보색이 있으며 색의 삼 원색으로 모두 혼합하면은 비로소 검정색이 됩니다. 따라서 색의 삼 원색은 빛의 이 차색에 해당을 하고 물체의 색은 발광채로부터 받은 빛을 반사한 색입니다. 그렇게 차이점은 설명드릴 수 있습니다.","wordCount":120},"emotion":[],"intent":[{"text":"","expression":"","category":"attitude"}],"summary":{"text":"빛의 삼원색은 빨강, 초록, 파랑 그리고 자홍색, 노랑색, 청록색으로 구성되어 있고 이 삼원색이 빛의 삼원색과는 달리 빛나는 이차색에 해당하고 물체의 색은 발광채로 부터 받은 빛을 반사한 색입니다.","wordCount":27}}},"rawDataInfo":{"question":{"fileFormat":"wav","fileSize":323278,"duration":10100,"samplingBit":16,"channelCount":1,"samplingRate":"16kHz","audioPath":"/Mock/06.Design/Male/New/ckmk_q_ard_m_n_188763.wav"},"answer":{"fileFormat":"wav","fileSize":2787918,"duration":87120,"samplingBit":16,"channelCount":1,"samplingRate":"16kHz","audioPath":"/Mock/06.Design/Male/New/ckmk_a_ard_m_n_188763.wav"}}}