{"version":"1.0","dataSet":{"info":{"date":"20230116","occupation":"ARD","channel":"MOCK","place":"ONLINE","gender":"MALE","ageRange":"-34","experience":"NEW"},"question":{"raw":{"text":"지금까지 다양한 대외 활동을 해 보셨을 텐데요 어 그렇게 다양한 대외 활동을 통해서 무엇을 배웠고 또 어떤 자세로 임하셨는지 말씀 부탁드리겠습니다","wordCount":21},"emotion":[],"intent":[]},"answer":{"raw":{"text":"저는 대학교 재학 시절에 어 좀 여러 가지 대외 활동들을 진행해 보았습니다. 이 대외 활동들을 진행하면서 제가 가장 크게 배울 수 있었던 점은 팀원들 간에 서로 협력하는 방법인데요. 팀 프로젝트를 진행하다 보면 이 팀원들 간에 어 발생하는 여러 가지 갈등들이 있습니다. 이러한 갈등의 원인은 어 서로 여태까지 작업해왔던 방식들이 다 다르고 어 서로 성격도 다르고 이제 선호하는 작업 시간대가 다 다르는 등의 그러한 사소한 문제점들에서 기인하는 갈등들이었는데요. 어 저는 이제 주로 리더의 역할을 담당하였기 때문에 이러한 팀원들에 사소한 갈등들을 잘 어 중재하고 팀을 성공적으로 이끄는 그러한 임무를 맡았었습니다. 저는 이러한 갈등들을 해결하기 위해서 좀 팀원들에게 먼저 다가가고 팀원에 입장에서 먼저 생각을 해보는 좀 그러한 배려와 소통에 자세로 팀원들에게 다가갔던 것 같습니다. 어 이러한 좀 태도는 후에 제가 어 입사를 하여서 팀 프로젝트를 진행할 때에도 어 큰 도움이 될 만한 경험으로 남을 것 같습니다.","wordCount":133},"emotion":[],"intent":[{"text":"","expression":"","category":"attitude"}],"summary":{"text":"팀 프로젝트를 진행하다 보면 팀원들 간에 생기는 여러 가지 갈등들 때문에 저는 주로 리더의 역할을 담당하였기 때문에 팀원들에 사소한 갈등들을 잘 중재하고 팀을 성공적으로 이끄는 임무를 맡았었습니다. 이러한 태도는 후에 입사를 하여서 팀 프로젝트를 진행할 때에도 큰 도움이 될 만한 경험으로 남을 것 같습니다.","wordCount":44}}},"rawDataInfo":{"question":{"fileFormat":"wav","fileSize":500238,"duration":15630,"samplingBit":16,"channelCount":1,"samplingRate":"16kHz","audioPath":"/Mock/06.Design/Male/New/ckmk_q_ard_m_n_227676.wav"},"answer":{"fileFormat":"wav","fileSize":2665358,"duration":83290,"samplingBit":16,"channelCount":1,"samplingRate":"16kHz","audioPath":"/Mock/06.Design/Male/New/ckmk_a_ard_m_n_227676.wav"}}}