{"version":"1.0","dataSet":{"info":{"date":"20230116","occupation":"ARD","channel":"MOCK","place":"ONLINE","gender":"MALE","ageRange":"-34","experience":"NEW"},"question":{"raw":{"text":"지원자께서 지금까지 인생을 살면서 가장 후회되는 일이 있다면 어떤 일일까요 한 가지만 말씀해 주시기 바랍니다","wordCount":15},"emotion":[],"intent":[]},"answer":{"raw":{"text":"제 성격 중에 가장 큰 취약점은 저는 박쥐 같은 사람이라는 점입니다. 저는 항상 저의 어떤 주관을 가지고서 확실한 주관을 갖고서 움직이기보다는 주변 눈치를 살살 살피면서 이런 상황에서는 이리 붙었다 저런 상황에서는 저리 붙었다 즉 간에 붙었다 쓸개에 붙었다 하는 그런 박쥐와 같은 성격을 가지고 있습니다. 저와 이렇게 제가 갖고 있는 이런 어떤 성격적인 결함 때문에 음 살면서 많은 후회되는 일들이 있었는데 그것은 제가 어 이런 눈치를 살피는 경향이 있다 보니까 이 경향으로 인해 여러 단체에 배신감을 안겨주어 안겨주게 되었던 여러 사건들 때문에 그런 후회하는 마음이 생긴 것 같습니다. 하지만 저는 그런 단체들에 대해서 어 배신하고자 하는 마음은 없었었고 그때 당시에는 이것이 제일 적절하다고 판단이 되어 그렇게 했지만 어 그런 저의 어떤 박쥐 같은 행동들이 단체들의 입장에서는 별로 좋게 받아들여지지 않았던 것 같습니다.","wordCount":122},"emotion":[],"intent":[{"text":"제 성격 중에 가장 큰 취약점은 저는 박쥐 같은 사람이라는 점입니다.","expression":"c_person","category":"background"}],"summary":{"text":"저는 확실한 주관을 갖고서 움직이는 것이 아니라 주변 눈치를 살피는 경향을 가지고 있습니다. 이런 경향으로 인해 여러 단체에 배신감을 안겨주었던 여러 사건들 때문에 후회하는 마음이 생긴 것 같습니다. 하지만 배신하고자 하는 마음은 없었고 그때 당시에는 이것이 가장 적절하다고 판단되어 그렇게 했지만 단체들의 입장에서는 별로 좋게 받아들여지지 않았습니다.","wordCount":47}}},"rawDataInfo":{"question":{"fileFormat":"wav","fileSize":518478,"duration":16200,"samplingBit":16,"channelCount":1,"samplingRate":"16kHz","audioPath":"/Mock/06.Design/Male/New/ckmk_q_ard_m_n_218740.wav"},"answer":{"fileFormat":"wav","fileSize":2610638,"duration":81580,"samplingBit":16,"channelCount":1,"samplingRate":"16kHz","audioPath":"/Mock/06.Design/Male/New/ckmk_a_ard_m_n_218740.wav"}}}