{"version":"1.0","dataSet":{"info":{"date":"20230116","occupation":"ARD","channel":"MOCK","place":"ONLINE","gender":"MALE","ageRange":"-34","experience":"NEW"},"question":{"raw":{"text":"만약 지원자님께서 업무를 하다가 상사에게 어려운 지시를 받는다면 어떻게 대처하실 건가요 그 이유도 함께 설명해 주세요","wordCount":16},"emotion":[],"intent":[]},"answer":{"raw":{"text":"일을 하다가 상사에게 어려운 지시를 받게 된다면 솔직히 말해서 조금 부담스러울 것 같습니다. 하지만 상사가 시킨 일이기 때문에 그 지시에 따라야 한다고 생각합니다. 일단 제가 신입이 이기 때문에 제가 모르는 업무라서 하기 어려운 경우라면 먼저 상사에게 어떻게 해야 하는지 꼼꼼히 물어본 다음에 지시한 사항을 이행을 한다면 저도 성장할 수 있고 더 좋은 결과를 얻 얻을 수 있지 않을까 생각합니다.","wordCount":59},"emotion":[],"intent":[{"text":"","expression":"","category":"attitude"}],"summary":{"text":"상사가 시킨 일이므로 그 지시에 따라야 한다고 생각합니다. 먼저 상사에게 어떻게 해야 하는지 꼼꼼히 물어본 다음에 지시한 사항을 이행한다면 더 좋은 결과를 얻을 수 있습니다.","wordCount":25}}},"rawDataInfo":{"question":{"fileFormat":"wav","fileSize":468558,"duration":14640,"samplingBit":16,"channelCount":1,"samplingRate":"16kHz","audioPath":"/Mock/06.Design/Male/New/ckmk_q_ard_m_n_172275.wav"},"answer":{"fileFormat":"wav","fileSize":1646798,"duration":51460,"samplingBit":16,"channelCount":1,"samplingRate":"16kHz","audioPath":"/Mock/06.Design/Male/New/ckmk_a_ard_m_n_172275.wav"}}}