{"version":"1.0","dataSet":{"info":{"date":"20230116","occupation":"ARD","channel":"MOCK","place":"ONLINE","gender":"MALE","ageRange":"-34","experience":"NEW"},"question":{"raw":{"text":"유아이 지유아이 디자인이란 무엇이라고 생각하십니까","wordCount":5},"emotion":[],"intent":[]},"answer":{"raw":{"text":"유아이는 유저 인터페이스의 약자로 사용자가 보는 화면 음성과 같은 비 시각적 부분을 포함 합니다. 지유아이는 유아이에 포함된 개념으로 그래픽 유저 인터페이스 즉 사용자가 보는 시각적 화면 일반적인 앱 웹 디자인에 해당합니다. 유합 유엑스와 유아이 지유아이를 구분하는 경우 유엑스는 주로 와이어 프레임으로 화면을 설계하고 사업과 개발 이슈를 점검합니다. 유아이 지유아이는 주로 시각적인 화면 디자인을 담당하며 인터랙션과 마케팅 이미지를 같이 제작하는 경우가 많습니다. 인터렉션 디자인은 규모가 있는 디자인 조직에서 유아이 내부에 사용되는 모션만 전문적으로 다루는 직군입니다. 에프타이 픽트와 프레이머 자바 스크립트를 이용한 고품질의 프로트 타입을 다룹니다. 인터렉션 디자이너는 프로젝트를 진행하기 위해 필수적인 직군이 아니라서 팀에서 따로 위치되는 경우는 적습니다. 이 직권이 없을시 지유아이 디자이너가 업무를 담당합니다.","wordCount":104},"emotion":[{"text":"지유아이는 유아이에 포함된 개념으로 그래픽 유저 인터페이스 즉 사용자가 보는 시각적 화면 일반적인 앱 웹 디자인에 해당합니다.","expression":"u-fact","category":"neutral"},{"text":"유합 유엑스와 유아이 지유아이를 구분하는 경우 유엑스는 주로 와이어 프레임으로 화면을 설계하고 사업과 개발 이슈를 점검합니다.","expression":"u-fact","category":"neutral"},{"text":"유아이 지유아이는 주로 시각적인 화면 디자인을 담당하며 인터랙션과 마케팅 이미지를 같이 제작하는 경우가 많습니다.","expression":"u-fact","category":"neutral"},{"text":"인터렉션 디자인은 규모가 있는 디자인 조직에서 유아이 내부에 사용되는 모션만 전문적으로 다루는 직군입니다.","expression":"u-fact","category":"neutral"},{"text":"에프타이 픽트와 프레이머 자바 스크립트를 이용한 고품질의 프로트 타입을 다룹니다.","expression":"u-fact","category":"neutral"},{"text":"인터렉션 디자이너는 프로젝트를 진행하기 위해 필수적인 직군이 아니라서 팀에서 따로 위치되는 경우는 적습니다.","expression":"u-fact","category":"neutral"}],"intent":[{"text":"","expression":"","category":"attitude"}],"summary":{"text":"지유아이는 유아이에 포함된 개념으로 사용자가 보는 시각적 화면 일반적인 앱 웹 디자인에 해당합니다. 유엑스는 와이어 프레임으로 화면을 설계하고 이슈를 점검하며, 유아이 지유아이이는 주로 시각적인 화면 디자인을 담당하며 인터랙션과 마케팅 이미지를 같이 제작하는 경우가 많습니다.","wordCount":34}}},"rawDataInfo":{"question":{"fileFormat":"wav","fileSize":241358,"duration":7540,"samplingBit":16,"channelCount":1,"samplingRate":"16kHz","audioPath":"/Mock/06.Design/Male/New/ckmk_q_ard_m_n_184849.wav"},"answer":{"fileFormat":"wav","fileSize":2678158,"duration":83690,"samplingBit":16,"channelCount":1,"samplingRate":"16kHz","audioPath":"/Mock/06.Design/Male/New/ckmk_a_ard_m_n_184849.wav"}}}