{"version":"1.0","dataSet":{"info":{"date":"20230116","occupation":"ARD","channel":"MOCK","place":"ONLINE","gender":"MALE","ageRange":"-34","experience":"NEW"},"question":{"raw":{"text":"입사 후에 근무를 하게 될 텐데요 그런데 정작 지원한 분야가 본인과 잘 맞지 않는다는 사실을 깨닫는다면 어떻게 하실 생각인지 저에게 말씀해 주시기 바랍니다","wordCount":23},"emotion":[],"intent":[]},"answer":{"raw":{"text":"음 저는 우선적으로 말씀드리자면 어 대학교 사 년 간의 재학 시절뿐만 아니라 좀 여러 가지 아르바이트나 인턴 업무 등을 거치면서 어 제가 이 디자인 예술 디자인 분야에 근무를 하게 된다면 어 제 적성과는 맞지 않을 거라고 생각해 본 적은 단 한번도 없었던 것 같습니다. 어 따라서 이 제가 지원한 이 예술 디자인 분야가 어 저와 잘 맞지 않는다 라고 생각해 본 적도 없고 앞으로도 그렇게 생각을 해볼 것 같지 않습니다. 하지만 그럼에도 불구하고 제가 예상하지 못하는 상황 때문에 좀 그러한 사실을 깨닫게 된다면 저는 그래도 그 상황을 좀 잘 헤쳐나가기 위해서 많은 노력을 해 볼 것 같습니다. 앞서 말씀드렸다시피 이 예술 디자인 분야에 어 정말 많은 열의를 가지고 있고 이 분야만을 위해서 준비를 해 왔기 때문에 어 다른 분야에서 일을 하고 있는 저의 모습은 잘 그려지지 않는 것 같습니다. 어 따라서 어 해당 상황을 잘 타개해 나가기 위해서 어 혼자 할 수 있으면 혼자 진행을 하고 아니면 다른 사람의 도움이 필요하다면 기꺼이 어 도움을 요청할 수 있는 그러한 자세로 문제들을 잘 해결해 나가고 잘 적응해 나가겠습니다.","wordCount":166},"emotion":[],"intent":[{"text":"","expression":"","category":"attitude"}],"summary":{"text":"저는 디자인 예술 디자인 분야에 지원할 만큼 적성에 맞지 않는다고 생각해 본 적이 없습니다. 하지만 상황을 잘 헤쳐나가기 위해 노력할 것 같습니다. 혼자 할 수 있으면 혼자 진행하고 다른 사람의 도움이 필요하다면 기꺼이 도움을 요청할 수 있는 자세로 문제들을 잘 해결해 나가고 잘 적응해 나가겠습니다.","wordCount":45}}},"rawDataInfo":{"question":{"fileFormat":"wav","fileSize":557518,"duration":17420,"samplingBit":16,"channelCount":1,"samplingRate":"16kHz","audioPath":"/Mock/06.Design/Male/New/ckmk_q_ard_m_n_219817.wav"},"answer":{"fileFormat":"wav","fileSize":2803278,"duration":87600,"samplingBit":16,"channelCount":1,"samplingRate":"16kHz","audioPath":"/Mock/06.Design/Male/New/ckmk_a_ard_m_n_219817.wav"}}}