{"version":"1.0","dataSet":{"info":{"date":"20230116","occupation":"ARD","channel":"MOCK","place":"ONLINE","gender":"MALE","ageRange":"-34","experience":"NEW"},"question":{"raw":{"text":"면접자님은 네이버 다음 구글의 검색을 비교해 보시고 각각 검색 엔진들의 차이점과 장단점에 대해 설명 부탁드립니다","wordCount":15},"emotion":[],"intent":[]},"answer":{"raw":{"text":"음 우선 네이버는 다음보다 사실 제 기억으로는 후발 주자였고 인기도 원래는 더 없었고 했지만 광고를 정말 잘해서 어 급상승 했구요. 그 지금도 대부분 나이가 있으신 분들은 대부분 알고 있는 날개 달린 모자 그리구 그 네이버만이 가질 수 있는 지식인 서비스 그거에 광고 홍보를 정말 정말 인식되도록 잘 했었고 저는 다음 유전데 솔직히 네이버가 센스가 있었어요. 그런 부분에 대해서. 어 좀 빨래 발 빠르게 계속 선도하려고 했고 그게 먹혔고 유지는 하고 유지를 하고 있는 중이고 다음은 전 다음을 메인으로 해서 오랫동안 이용해 왔지만 다음은 네 망조가 들었고 다음은 점점 퇴보하고 있고 저는 일부러 다음에 서비스 기능을 다 못하게 만든다고 생각해요 카카오가. 그리고 지금 정말 별로 별로 포털 사이트라고 할 수 없구요. 구글은 뭐 전세계적으로 많은 이용자를 갖고 있는 그냥 최고의 포털 기업이죠.","wordCount":121},"emotion":[],"intent":[{"text":"","expression":"","category":"attitude"}],"summary":{"text":"네이버는 후발 주자였지만 광고 홍보를 잘 해서 급상승했습니다. 네이버는 빠르게 선도하려 했고 유지하고 있는 중이고 다음은 점점 퇴보하고 있습니다. 구글은 전세계 많은 이용자를 갖고 있는 최고의 포털 기업입니다.","wordCount":28}}},"rawDataInfo":{"question":{"fileFormat":"wav","fileSize":435278,"duration":13600,"samplingBit":16,"channelCount":1,"samplingRate":"16kHz","audioPath":"/Mock/06.Design/Male/New/ckmk_q_ard_m_n_189114.wav"},"answer":{"fileFormat":"wav","fileSize":2910798,"duration":90960,"samplingBit":16,"channelCount":1,"samplingRate":"16kHz","audioPath":"/Mock/06.Design/Male/New/ckmk_a_ard_m_n_189114.wav"}}}