{"version":"1.0","dataSet":{"info":{"date":"20230116","occupation":"ARD","channel":"MOCK","place":"ONLINE","gender":"MALE","ageRange":"-34","experience":"NEW"},"question":{"raw":{"text":"면접자께서 생각하시는 진행하 따로 본인이 진행하는 프로젝트가 있으시다면 설명 부탁드리겠습니다","wordCount":10},"emotion":[],"intent":[]},"answer":{"raw":{"text":"저는 개인적으로 따로 진행하는 프로젝트가 있습니다. 그것은 건축 관련된 일로 어느 한 지방 도시를 정하고 그 지역과 관련 있는 역사를 공부하고 공부한 내용을 바탕으로 저만의 견해를 추가하여 지역에 필요한 건축이나 인테리어를 가상으로 만들어 온라인에 소개하는 프로젝트를 하고 있습니다. 이 프로젝트를 통해 우리나라에 숨겨진 역사를 재발굴하거나 소외되어 있는 지역의 좋은 점들을 발견해서 사람들에게 알려 좋은 반응들을 얻고 있습니다. 이를 통해 사람들이 관심 있는 내용이나 인연 등에 대한 피드백을 받으며 관련된 소식들을 다양한 루트를 통해 얻고 있습니다. 재업무를 진행할 때에도 이러한 피드백들이 위험하게 작용할 때가 많아서 시간이 날 때 꾸준하게 진행해 볼 생각입니다.","wordCount":91},"emotion":[],"intent":[{"text":"","expression":"","category":"attitude"}],"summary":{"text":"저는 개인적으로 건축 관련 프로젝트를 하여 지역에 필요한 건축이나 인테리어를 가상으로 만들어 온라인에 소개하는 프로젝트를 하고 있습니다. 이를 통해 사람들이 관심 있는 내용이나 인연 등에 대한 피드백을 받으며 관련된 소식들을 다양한 루트로 얻습니다.","wordCount":33}}},"rawDataInfo":{"question":{"fileFormat":"wav","fileSize":401998,"duration":12560,"samplingBit":16,"channelCount":1,"samplingRate":"16kHz","audioPath":"/Mock/06.Design/Male/New/ckmk_q_ard_m_n_185028.wav"},"answer":{"fileFormat":"wav","fileSize":2152398,"duration":67260,"samplingBit":16,"channelCount":1,"samplingRate":"16kHz","audioPath":"/Mock/06.Design/Male/New/ckmk_a_ard_m_n_185028.wav"}}}