{"version":"1.0","dataSet":{"info":{"date":"20230116","occupation":"ARD","channel":"MOCK","place":"ONLINE","gender":"MALE","ageRange":"-34","experience":"NEW"},"question":{"raw":{"text":"네 협업을 할 때 무엇이 가장 중요하다고 생각하시는지요 어 또 지원자님께서는 왜 그것을 가장 중요하게 생각하는지 어 함께 말씀해 주시면 좋겠습니다","wordCount":21},"emotion":[],"intent":[]},"answer":{"raw":{"text":"저는 협업을 할 때 가장 중요하게 생각하는 것은 일단 팀의 분위기라고 생각을 합니다. 왜냐하면 아주 뛰어난 역량을 가진 개인들이 있어도 서로 서로의 분위기가 안 좋으면은 결국 좋은 성과를 이뤄내지 못합니다. 예를 들어서 제가 엠비에이를 좋아하는데 예전에 엠비에이 중에서 어 엘 에이 레이커스라는 팀이 지금 있는데 그곳에서는 무려 국가대표 출신의 팀원들이 네 명 뛰고 있습니다. 개인의 전력만 보게 된다면은 우승할 것으로 전혀 이상할 바 없지만 하지만 오히려 팀 워크가 좋지 않아 팀의 리그 성적은 좋지 못하였습니다. 때문에 저는 이런 것처럼 개인의 역량이 아무리 뛰어나도 티머크와 팀 분위기가 좋지 않으면은 개인의 역량이 시너지 효과를 발휘하지 못하기 때문에 저 는 팀 분위기 팀 워크가 가장 중요하다고 생각하는 바입니다. 그렇기 때문에 좋은 리더를 두어 팀 분위기와 팀 워크 이러한 상호 작용과 같은 것들을 잘 이끌어 낼 수 있어야 된다고 생각합니다.","wordCount":126},"emotion":[],"intent":[{"text":"저는 협업을 할 때 가장 중요하게 생각하는 것은 일단 팀의 분위기라고 생각을 합니다.","expression":"c_cop","category":"personality"},{"text":"때문에 저는 이런 것처럼 개인의 역량이 아무리 뛰어나도 티머크와 팀 분위기가 좋지 않으면은 개인의 역량이 시너지 효과를 발휘하지 못하기 때문에 저 는 팀 분위기 팀 워크가 가장 중요하다고 생각하는 바입니다.","expression":"c_cop","category":"personality"}],"summary":{"text":"협업을 할 때 가장 중요하게 생각하는 것은 팀 분위기입니다. 개인의 역량이 아무리 뛰어나도 팀워크와 팀 분위기가 안 좋으면 개인 역량이 시너지 효과를 발휘하지 못하기 때문입니다. 좋은 리더를 두면 팀 분위기와 팀 워크 이러한 상호 작용과 같은 것들을 잘 이끌어 낼 수 있어야 한다고 생각합니다.","wordCount":44}}},"rawDataInfo":{"question":{"fileFormat":"wav","fileSize":499918,"duration":15620,"samplingBit":16,"channelCount":1,"samplingRate":"16kHz","audioPath":"/Mock/06.Design/Male/New/ckmk_q_ard_m_n_194477.wav"},"answer":{"fileFormat":"wav","fileSize":2770638,"duration":86580,"samplingBit":16,"channelCount":1,"samplingRate":"16kHz","audioPath":"/Mock/06.Design/Male/New/ckmk_a_ard_m_n_194477.wav"}}}