{"version":"1.0","dataSet":{"info":{"date":"20230116","occupation":"ARD","channel":"MOCK","place":"ONLINE","gender":"MALE","ageRange":"35-44","experience":"NEW"},"question":{"raw":{"text":"어 회사에 들어오게 되면 상사가 업무와 무관한 일을 시키게 되는 경우가 발생할 수도 있습니다 지원자님께서는 이러한 경우에 잘 수행할 자신이 있으신지 어 궁금합니다","wordCount":23},"emotion":[],"intent":[]},"answer":{"raw":{"text":"업무와 무관한 일에는 많은 종류가 있겠는데요. 음 사실 평소에도 제가 누군가를 위해 도와주는 일에는 거리낌 없이 이렇게 해주는 편입니다. 그러면 서로의 관계에 있어서도 도움이 되고 평소에 도와주는 것에 대해서도 굉장히 만족하는 편이거든요. 그 사람이 좋아하고 감사하는 모습을 보면 그것에 있어서 뿌듯함을 느끼기 때문에 기본적으로는 제가 해줄 수 있는 범위의 것들을 요청한다면 저는 수행을 할 수 있습니다. 가령 그런 것들을 제가 할 수 있는 것들 뭐 사진을 찍어 달라던지 운전을 해 달라던지 뭐 저는 이제 술을 마시지 않고 운전하는 것을 좋아하기 때문에 평소에 또 주변 친구들이나 동생들을 잘 데려다 주었거든요. 그다음에 기타 제가 할 수 있는 것들 뭐가 있을까요. 뭐 좋은 영화를 추천해 준다던지 뭐 표를 예매해 준다던지 스포츠나 공연 이런 쪽에서 관심이 많기 때문에 어 예매를 대신 해 준다던지 아니면 다른 것들 뭐 할 수 있는 것들 맞집을 찾아 준다든지 이런 것들을 부탁을 한다면 저는 정중하게 부탁을 한다면 허무 강하게 시키더라도 괜찮습니다. 어 제가 할 수 있는 선에서는 도와줄 수 있는 것들은 충분히 수행을 할 수 있을 것 같고요. 하지만 납득할 수 없는 것들 혹은 제가 못하는 것들을 시킨다면 그거는 정중하게 제가 할 수 있는 것이 아니라고 말씀을 드리고 거절을 할 겁니다.","wordCount":182},"emotion":[],"intent":[{"text":"","expression":"","category":"attitude"}],"summary":{"text":"업무와 무관한 일에는 다양한 종류가 있습니다. 개인적으로 누군가를 위해 도움이 되는 일이라면 거리낌 없이 도와주는 편입니다. 가령 사진을 찍어 주거나 운전을 해 주거나 영화를 추천해 준다거나표를 예매해 주거나 또는 할 수 있는 것들을 정중하게 부탁을 한다면 저는 수행을 할 수 있지만 납득할 수 없는 것들을 시킨다면 거절을 할 것입니다.","wordCount":49}}},"rawDataInfo":{"question":{"fileFormat":"wav","fileSize":473678,"duration":14800,"samplingBit":16,"channelCount":1,"samplingRate":"16kHz","audioPath":"/Mock/06.Design/Male/New/ckmk_q_ard_m_n_183667.wav"},"answer":{"fileFormat":"wav","fileSize":2821838,"duration":88180,"samplingBit":16,"channelCount":1,"samplingRate":"16kHz","audioPath":"/Mock/06.Design/Male/New/ckmk_a_ard_m_n_183667.wav"}}}