{"version":"1.0","dataSet":{"info":{"date":"20230116","occupation":"ARD","channel":"MOCK","place":"ONLINE","gender":"MALE","ageRange":"-34","experience":"NEW"},"question":{"raw":{"text":"지원자님께서는 이 분야에 지원하기 위해 어떤 노력을 하셨습니까 생각나는 대로 말씀해 주시길 바랍니다","wordCount":13},"emotion":[],"intent":[]},"answer":{"raw":{"text":"특히나 예술 분야 같은 경우에서는 이론적인 지식보다 실무적인 경험 감각 그러한 것들이 주요 자기만의 역량을 발휘하기 때문에 저는 학부 시절 무려 스무 개의 공모전에 참가를 하였고 그중에 여덟 개의 공모전에서 수상을 하였습니다. 동상 네 개 그리고 한 번에 이 등 그리고 두 번을 일 등을 수상하였습니다. 그리고 이후에 저는 디자인 관련 기관에서 인턴 생활을 하였고 그리고 뿐만 아니라 저는 교환 학생까지 독일로 다녀왔습니다. 이제 특히 독일에서 배운 곳이 많은데 저는 이때까지 한국에서 밖에 안 지냈기 때문에 독일에서의 그러한 디자인 트렌드 디자인 문화 뭐 그런 디자인 이론 이런 것까지 모두 겪으므로써 정말 많은 문화 차이가 있다는 것을 느꼈고 그러한 것을 최대한 저의 역량에 독이 되기 위해서 많은 노력을 했습니다. 그러한 것들을 통해 좋은 경험으로써 이 기업에 지원하게 되었습니다.","wordCount":117},"emotion":[],"intent":[{"text":"","expression":"","category":"attitude"}],"summary":{"text":"예술 분야는 실무적인 경험이 중요하기 때문에 저는 학부 때 여덟 개의 공모전에서 수상을 했습니다. 이후 디자인 관련 기관에서 인턴을 했고, 교환학생까지 독일에서 배웠습니다. 독일에서의 문화 차이를 경험하고 좋은 경험으로 이 기업에 지원하게 되었습니다.","wordCount":33}}},"rawDataInfo":{"question":{"fileFormat":"wav","fileSize":353998,"duration":11060,"samplingBit":16,"channelCount":1,"samplingRate":"16kHz","audioPath":"/Mock/06.Design/Male/New/ckmk_q_ard_m_n_194380.wav"},"answer":{"fileFormat":"wav","fileSize":2769038,"duration":86530,"samplingBit":16,"channelCount":1,"samplingRate":"16kHz","audioPath":"/Mock/06.Design/Male/New/ckmk_a_ard_m_n_194380.wav"}}}