{"version":"1.0","dataSet":{"info":{"date":"20230116","occupation":"ARD","channel":"MOCK","place":"ONLINE","gender":"MALE","ageRange":"35-44","experience":"NEW"},"question":{"raw":{"text":"예 지원자님께서는 평소에 검색을 자주 하시는 편인가요 어 검색을 자주 하신다면 어떤 검색을 주로 하시는지 또 왜 검색을 하시는지 그 이유를 함께 말씀해 주시기 바랍니다","wordCount":25},"emotion":[],"intent":[]},"answer":{"raw":{"text":"저는 평소에 검색을 많이 하는 편입니다. 어 그것도 검색을 뭐 네이버나 다 네이버 정도로만 하지 않고 네이버로도 하고 구글로도 하고 다음으로도 합니다. 궁금한 것이 있으면은 참지 못하는 편이기 때문에 모르는 것이 있으면 항상 검색을 해서 정확하게 알아보는 편이고요. 어 조금 미심쩍게 알고 있는 것들 어 어렴풋이 알고 있는지 정확하게 모르는 것들 또한 정확하게 알고 넘어가기 위해서 검색을 자주 하는 편입니다. 즉 내가 모르는 것에 대한 탐구를 저는 중요하게 생각합니다. 모르는 것을 새로 알아나간다는 것 알고 있더라도 조금 더 정확하게 알게 된다는 것 인간의 호기심을 가장 충족시키는 최고의 방법이 아닐까라고 저는 생각을 합니다. 그래서 늘 검색을 많이 하고 어 휴대폰이나 컴퓨터도 가장 많이 사용하는 것이 검색 엔진이라고 저는 말씀드릴 수 있습니다. 그 외에도 가장 관심이 있는 분야나 어 흥미롭게 생각하는 것들에 대해서는 검색을 해서 알아가는 편이고 검색해 나온 결과들을 직접 찾아가 보기도 하고 사용해 보기도 하고 써보기도 하는 등 그런 검색에 그치는 것이 아니라 일상 생활에까지 이어져서 정말로 몸으로 느낄 수 있게 해 보는 편입니다. 검색은 생활화 되어 있습니다.","wordCount":158},"emotion":[],"intent":[{"text":"","expression":"","category":"attitude"}],"summary":{"text":"저는 모르는 것에 대한 탐구를 중요하게 생각합니다. 모르는 것을 새로 알아나간다는 것 알고 있더라도 조금 더 정확하게 알게 된다는 것 인간의 호기심을 가장 충족시키는 최고의 방법이 아닐까 생각합니다. 그래서 늘 검색을 많이 하고 휴대폰이나 컴퓨터도 가장 많이 사용하는 것이 검색 엔진이라고 생각합니다. 검색은 일상화 되어 있습니다.","wordCount":46}}},"rawDataInfo":{"question":{"fileFormat":"wav","fileSize":514958,"duration":16090,"samplingBit":16,"channelCount":1,"samplingRate":"16kHz","audioPath":"/Mock/06.Design/Male/New/ckmk_q_ard_m_n_183672.wav"},"answer":{"fileFormat":"wav","fileSize":2739918,"duration":85620,"samplingBit":16,"channelCount":1,"samplingRate":"16kHz","audioPath":"/Mock/06.Design/Male/New/ckmk_a_ard_m_n_183672.wav"}}}