{"version":"1.0","dataSet":{"info":{"date":"20230116","occupation":"ARD","channel":"MOCK","place":"ONLINE","gender":"MALE","ageRange":"35-44","experience":"NEW"},"question":{"raw":{"text":"어떤 문제에 부딪쳤을 때 지원자님은 혼자서 해결하는 편이신가요 아니면 주변의 여러 사람들에게 이야기를 함으로써 해결을 하는 편이신가요","wordCount":17},"emotion":[],"intent":[]},"answer":{"raw":{"text":"저는 어 문제에 부딪쳤을 때 가장 먼저 하는 것은 먼저 그 문제에 대한 해결 방법이라든지 여러 가지 것들을 저 혼자서 생각을 하고 고민을 합니다. 고민을 하고 나서 그렇게 얻게 된 결론을 주변에 다른 친구나 제가 믿을 만한 그 분야에 있어서 그런 문제에 있어서 믿을 만한 분에게 어 동의 생각을 같이 구합니다. 제가 얻은 결론을 다른 사람들과 공유해서 어 결과를 얻다 보면은 더 나은 결과 그다음에 더 긍정적인 긍정적인 영향을 미칠 수 있는 방법을 얻어낼 수가 있다고 생각을 합니다. 하지만 중요한 거는 결국 선택은 제 자신이 해야 된다 라고 생각을 하죠. 그래서 결론적으로는 혼자 해결을 하는 것보다는 혼자 방법을 고민하고 그 고민을 다른 분들과의 얘기를 통해서 나누고 그리고 다시 저에게 최적으로 맞는 해결 방법을 선택한 후에 진행을 합니다. 저는 두 가지를 다 병행을 해야 된다 라고 생각을 합니다.","wordCount":127},"emotion":[],"intent":[{"text":"","expression":"","category":"attitude"}],"summary":{"text":"문제에 부딪쳤을 때 혼자 방법을 고민하고 그 고민을 다른 분들과의 얘기를 통해서 나누고 그리고 다시 저에게 최적으로 맞는 해결 방법을 선택한 후에 진행을 합니다.","wordCount":24}}},"rawDataInfo":{"question":{"fileFormat":"wav","fileSize":611918,"duration":19120,"samplingBit":16,"channelCount":1,"samplingRate":"16kHz","audioPath":"/Mock/06.Design/Male/New/ckmk_q_ard_m_n_183663.wav"},"answer":{"fileFormat":"wav","fileSize":2136398,"duration":66760,"samplingBit":16,"channelCount":1,"samplingRate":"16kHz","audioPath":"/Mock/06.Design/Male/New/ckmk_a_ard_m_n_183663.wav"}}}