{"version":"1.0","dataSet":{"info":{"date":"20230116","occupation":"ARD","channel":"MOCK","place":"ONLINE","gender":"MALE","ageRange":"-34","experience":"NEW"},"question":{"raw":{"text":"만약 지원자님 주변에 이직을 생각하는 동료를 만나게 된다면 지원자님은 뭐라고 말씀하시겠습니까 또한 왜 그렇게 말씀하실지도 한번 말씀 부탁드립니다","wordCount":18},"emotion":[],"intent":[]},"answer":{"raw":{"text":"직장 동료 중에 이직을 준비하고 있는 동료를 만나게 된다면은 저는 그 동료를 응원해 줄 것 같습니다. 왜냐하면 이직을 결정했다고 하는 것은 그 친구에게 중요한 결정이었다고 생각을 하기 때문입니다. 인생은 자신이 개척해 나가는 것이고 사람이 한 회사에서 끝까지 일을 하는 것은 바람직한 것은 아니라고 생각을 합니다. 그렇기 때문에 자신의 길을 찾아서 또 다른 계를 또 다른 길을 개척해 나가는 동료를 만나게 된다면 이직을 권유한다기보다는 그 사람 자체를 응원해주게 될 것 같습니다. 그렇다고 이직을 독려하는 것은 아닙니다. 그 사람의 결정을 존중하고 응원을 해준다는 것 그것입니다","wordCount":83},"emotion":[],"intent":[{"text":"","expression":"","category":"attitude"}],"summary":{"text":"자신의 길을 찾아 다른 길을 개척해 나가는 동료를 만나게 된다면 이직을 권유하기보다는 그 사람 자체를 응원해줄 것 같습니다. 그렇다고 이직을 독려하는 것은 아니고 그 사람의 결정을 존중하고 응원을 해주는 것 그 것입니다.","wordCount":32}}},"rawDataInfo":{"question":{"fileFormat":"wav","fileSize":572878,"duration":17900,"samplingBit":16,"channelCount":1,"samplingRate":"16kHz","audioPath":"/Mock/06.Design/Male/New/ckmk_q_ard_m_n_186123.wav"},"answer":{"fileFormat":"wav","fileSize":2515278,"duration":78600,"samplingBit":16,"channelCount":1,"samplingRate":"16kHz","audioPath":"/Mock/06.Design/Male/New/ckmk_a_ard_m_n_186123.wav"}}}