{"version":"1.0","dataSet":{"info":{"date":"20230116","occupation":"ARD","channel":"MOCK","place":"ONLINE","gender":"MALE","ageRange":"35-44","experience":"NEW"},"question":{"raw":{"text":"직무 수행 시에 모르는 과제가 등장했다면 어떻게 해결하실 건가요 본인의 해결법과 그 이유를 함께 말씀 부탁드립니다","wordCount":16},"emotion":[],"intent":[]},"answer":{"raw":{"text":"일단 모르는 과제가 등장하면은 전임자를 통해서 배우거나 전임자가 사퇴해서 가르쳐 줄 사람이 없다면은 그래도 회사 내에서는 이 일을 누군가 했던 사람이 있을 겁니다. 수소문을 통해서 그 사람을 찾아내고 밥을 산다거나 해서 대접을 하고 그다음에 간곡히 부탁을 할 것 같습니다. 좀 알려주십사 하고 이렇게 대접한다고 그렇게 과제 해결법을 배우고 임무를 직무를 수행할 것 같습니다. 이상입니다.","wordCount":54},"emotion":[],"intent":[{"text":"","expression":"","category":"attitude"}],"summary":{"text":"과제가 등장하면은 전임자를 통해서 배우거나 전임자가 사퇴해서 가르쳐 줄 사람이 없으면 수소문을 통해서 그 사람을 찾아내서 대접한다고 과제 해결법을 배우고 임무를 수행할 것 같습니다.","wordCount":24}}},"rawDataInfo":{"question":{"fileFormat":"wav","fileSize":593006,"duration":18529,"samplingBit":16,"channelCount":1,"samplingRate":"16kHz","audioPath":"/Mock/06.Design/Male/New/ckmk_q_ard_m_n_239405.wav"},"answer":{"fileFormat":"wav","fileSize":1512718,"duration":47270,"samplingBit":16,"channelCount":1,"samplingRate":"16kHz","audioPath":"/Mock/06.Design/Male/New/ckmk_a_ard_m_n_239405.wav"}}}