{"version":"1.0","dataSet":{"info":{"date":"20230116","occupation":"ARD","channel":"MOCK","place":"ONLINE","gender":"MALE","ageRange":"-34","experience":"NEW"},"question":{"raw":{"text":"혹시 우리 회사에 들어와서 본인이 하고 싶은 업무가 있다면 왜 그 업무를 하고 싶은지 그 이유와 함께 말씀해 주세요","wordCount":19},"emotion":[],"intent":[]},"answer":{"raw":{"text":"이 회사에 들어와서 내가 하고 싶은 업무가 있냐 있다면 그 이유와 함께 말해 달라 라고 이렇게 질문해주셨는데요 저는 일단 홍보 팀에 들어가고 싶습니다. 왜냐하면 홍보팀에 들어가면 다른 사람들을 만날 기회도 굉장히 많아지고 이 우리 이 회사에 들어가게 된다면 이 회사에 대한 그 자부심과 이 회사를 잘 표현하고 설명을 해서 홍보를 해야겠다 뭐 이런 제품 같은 거에 대해서 자부심을 가지고 홍보해야겠다 약간 이런 생각 들이 굉장히 가득 차 있을 것 같아서 그런 점에 있어서 굉장히 자부심도 느끼고 이 회사의 소속감도 느낄 것 같습니다. 그렇기 때문에 저는 이 회사에 들어온다면 저는 꼭 홍보 팀에 들어가고 싶고요 홍보팀에서 이제 다른 업체나 이제 회사들을 만나면서 우리 회사를 굉장히 자부하는 이 마음을 어 이어서 이제 이 제품이나 어떤 것들을 홍보할 때 굉장히 흥미를 느끼고 많은 것을 배울 수 있다고 생각을 합니다. 어 만약에 내가 잘 못하거나 모르는 부분들은 이 상사님이나 팀원들과 함께 어 파트를 나눠서 어 공부를 한다든지 아니면 뭐 이런 식의 많은 방법들이 있기 때문에 만약에 제가 이 회사에 들어간다면 홍보팀에서 꼭 이 회사를 위해서 필요한 사람이 될 수 있다는 거를 좀 보여드리고 싶고 그렇게 하고 싶습니다.","wordCount":173},"emotion":[],"intent":[{"text":"","expression":"","category":"attitude"}],"summary":{"text":"이 회사에 들어와서 하고 싶은 업무가 있다면 소개해 달라 라고 질문해주셨는데 홍보 팀에 들어가고 싶습니다. 홍보팀에서 다른 업체나 회사들을 만나면서 회사를 자부하는 마음을 이어서 이 제품이나 어떤 것들을 홍보할 때 굉장히 흥미를 느끼고 많은 것을 배울 수 있다고 생각합니다.","wordCount":39}}},"rawDataInfo":{"question":{"fileFormat":"wav","fileSize":316238,"duration":9880,"samplingBit":16,"channelCount":1,"samplingRate":"16kHz","audioPath":"/Mock/06.Design/Male/New/ckmk_q_ard_m_n_201645.wav"},"answer":{"fileFormat":"wav","fileSize":2796878,"duration":87400,"samplingBit":16,"channelCount":1,"samplingRate":"16kHz","audioPath":"/Mock/06.Design/Male/New/ckmk_a_ard_m_n_201645.wav"}}}