{"version":"1.0","dataSet":{"info":{"date":"20230116","occupation":"ARD","channel":"MOCK","place":"ONLINE","gender":"MALE","ageRange":"-34","experience":"NEW"},"question":{"raw":{"text":"지원자님께서 남들과 하는 다른 자신만의 경쟁을 설명해 주세요 경쟁력을 키우기 위해 어떤 노력을 했는지도 설명과 말씀 부탁드립니다","wordCount":17},"emotion":[],"intent":[]},"answer":{"raw":{"text":"남들과는 다른 자신만의 경쟁력을 설명해 주세요 경쟁력을 키우기 위해 어떤 노력을 했는지도 말해주세요 라고 이렇게 질문을 해주셨는데요 어 남들과는 다른 나의 갱신이라 하면은 일단은 저는 한 일을 하면 그 일을 끝까지 책임감 있게 시행한다는 것입니다. 그렇기 때문에 이제 어 원래 하기 싫은 일들은 사람들이 하기 싫어하지만 저는 어떤 일을 시작을 하면 굉장히 오기도 있고 어 그런 경쟁력이 있기 때문에 저는 어떤 일을 시작하는 내가 모르는 것이라도 뭐 혼자 찾아보거나 다른 사람에게 조언을 구해서 이 일을 어떻게 해결 하고 풀어나갈 수 있도록 하는 것이 저의 장점이라고 생각합니다. 이런 경쟁력을 키우기 위해서 저는 어 가벼운 일이거나 쉬운 일이더라도 쉽게 생각하지 않고 내가 원래 하던 대로 어 어려운 일일수록 더 열심히 약간 이런 식으로 해서 경쟁력을 키우기 위해 노력을 했습니다. 그렇기 때문에 제가 지금 이런 자신감을 있게 말할 수 있는 거 같고요 어 그런 일이 있을 때마다 항상 어 집중하고 신중하게 뭐 세상이 쉬운 일은 없다고 생각하기 때문에 그런 것 그런 마음을 담아서 어떤 일이든 열심히 하고 모든 일을 마무리할 때까지 놓치지 않는 그런 좋은 경쟁력을 가지고 있는 것 같습니다.","wordCount":167},"emotion":[],"intent":[{"text":"","expression":"","category":"attitude"}],"summary":{"text":"남들과는 다른 저의 갱신은 한 일을 하면 끝까지 책임감 있게 시행한다는 것입니다. 그래서 다른 사람에게 조언을 구해서 일을 어떻게 해결 하고 풀어나갈 수 있도록 하는 것이 장점이라고 생각합니다. 이런 경쟁력을 키우기 위해 저는 어려운 일일수록 더 열심히 노력을 했습니다. 그래서 지금 이런 자신감을 말할 수 있고, 모든 일을 마무리할 때까지 놓치지 않는 좋은 경쟁력을 가지고 있는 것 같습니다.","wordCount":58}}},"rawDataInfo":{"question":{"fileFormat":"wav","fileSize":431438,"duration":13480,"samplingBit":16,"channelCount":1,"samplingRate":"16kHz","audioPath":"/Mock/06.Design/Male/New/ckmk_q_ard_m_n_201651.wav"},"answer":{"fileFormat":"wav","fileSize":2808718,"duration":87770,"samplingBit":16,"channelCount":1,"samplingRate":"16kHz","audioPath":"/Mock/06.Design/Male/New/ckmk_a_ard_m_n_201651.wav"}}}