{"version":"1.0","dataSet":{"info":{"date":"20230116","occupation":"ARD","channel":"MOCK","place":"ONLINE","gender":"MALE","ageRange":"-34","experience":"NEW"},"question":{"raw":{"text":"지원자님께서는 다룰 수 있는 프로그램이 있으신가요 혹시 있으시다면 그 프로그램을 어느 수준으로 사용하실 수 있는지도 궁금합니다","wordCount":16},"emotion":[],"intent":[]},"answer":{"raw":{"text":"저는 이제 어도비사에서 나온 프리미어 프로그램과 어 애프터 이팩터를 잘 사용할 줄 압니다. 어 거기 저희 채용 공고 지원서에 보면은 그런 프로그램을 다룰 줄 아는 프로그램을 쓰는 란이 없어 가지고 제가 적지는 못했는데 제가 어떤 주변의 어떤 환경들을 관찰하고 촬영해서 그걸 영상으로 남기는 그런 일들을 매우 좋아합니다. 그렇기 때문에 저는 이제 여러 가지 것들을 촬영하면서 그것을 이제 제가 보기 좋게 하기 위한 영상 자료로 남기기 위해서 프리미어를 배웠었고 좀 더 좋은 영상을 만들고 싶은 욕심 때문에 애프터 이펙터도 배웠었고 네 그런 과정에 있기 때문에 저는 음 만약에 저에게 어떤 영상 편집의 업무를 맡기신다고 하면 저는 저의 경험을 바탕으로 해서 어 영상 편집을 매우 잘할 수 있다고 말씀드릴 수 있습니다.","wordCount":109},"emotion":[{"text":"어 거기 저희 채용 공고 지원서에 보면은 그런 프로그램을 다룰 줄 아는 프로그램을 쓰는 란이 없어 가지고 제가 적지는 못했는데 제가 어떤 주변의 어떤 환경들을 관찰하고 촬영해서 그걸 영상으로 남기는 그런 일들을 매우 좋아합니다.","expression":"p-interest","category":"positive"}],"intent":[{"text":"","expression":"","category":"attitude"}],"summary":{"text":"저는 주변 환경들을 관찰하고 촬영해서 영상으로 남기는 것을 매우 좋아합니다. 여러 가지 것들을 촬영하면서 그것을 보기 좋게 하기 위한 영상 자료로 남기기 위해서 프리미어를 배웠었고 좀 더 좋은 영상을 만들고 싶은 욕심 때문에 애프터 이펙트도 배웠었습니다.","wordCount":36}}},"rawDataInfo":{"question":{"fileFormat":"wav","fileSize":603918,"duration":18870,"samplingBit":16,"channelCount":1,"samplingRate":"16kHz","audioPath":"/Mock/06.Design/Male/New/ckmk_q_ard_m_n_218741.wav"},"answer":{"fileFormat":"wav","fileSize":2178958,"duration":68090,"samplingBit":16,"channelCount":1,"samplingRate":"16kHz","audioPath":"/Mock/06.Design/Male/New/ckmk_a_ard_m_n_218741.wav"}}}