{"version":"1.0","dataSet":{"info":{"date":"20230116","occupation":"ARD","channel":"MOCK","place":"ONLINE","gender":"MALE","ageRange":"-34","experience":"NEW"},"question":{"raw":{"text":"직무 수행 수행 시에 모르는 과제가 등장한다면 면접자님은 어떻게 해결하실 건가요 그 해결범과 그렇게 하시는 이유도 한번 말씀 부탁드립니다","wordCount":19},"emotion":[],"intent":[]},"answer":{"raw":{"text":"제가 만약 직무 수행 시에 모르는 과제가 등장하게 된다면 일단 직장 상사 내지는 어 선배 사수분에게 도움을 청할 것 같습니다. 제가 일례로 아르바이트를 할 때에도 사장님께서 이제 모르는 업무를 시키실 때는 저는 처음에 어쩔 줄 몰라했는데 이제 그럴 때마다 주변 동료 또는 선배 아르바이트생들한테 도움을 요청했었습니다. 그리고 막상 모르는 그런 업무라도 도와줘서 업무 처리를 하다 보면은 막상 어려운 것도 아니고 항상 쉽게 쉽게 잘 적응할 수 있었던 것 같습니다. 그리고 그렇게 물어보는 이유도 일단은 저보다 더 경험이 많고 그러한 상황에 능숙하게 대처를 할 수 있기 때문에 저는 저보다 경험이 많은 사람한테 도움을 요청할 것 같습니다. 그렇게 함으로써 이제 그 사람도 제게 업무를 가르켜주면서 자기도 한번 리마인드 하고 저는 또 새롭게 배워 이런 선순환 과정이 생기는 것입니다.","wordCount":116},"emotion":[],"intent":[{"text":"","expression":"","category":"attitude"}],"summary":{"text":"만약 직무 수행 시에 모르는 과제가 등장하게 된다면 일단 직장 상사 내지는 선배 사수분에게 도움을 청할 것 같습니다. 그렇게 함으로써 그 사람도 제게 업무를 가르켜주면서 자기도 한번 리마인드 하고 저는 또 새롭게 배워 이런 선순환 과정이 생기는 것입니다.","wordCount":38}}},"rawDataInfo":{"question":{"fileFormat":"wav","fileSize":560078,"duration":17500,"samplingBit":16,"channelCount":1,"samplingRate":"16kHz","audioPath":"/Mock/06.Design/Male/New/ckmk_q_ard_m_n_188772.wav"},"answer":{"fileFormat":"wav","fileSize":2803278,"duration":87600,"samplingBit":16,"channelCount":1,"samplingRate":"16kHz","audioPath":"/Mock/06.Design/Male/New/ckmk_a_ard_m_n_188772.wav"}}}