{"version":"1.0","dataSet":{"info":{"date":"20230116","occupation":"ARD","channel":"MOCK","place":"ONLINE","gender":"MALE","ageRange":"-34","experience":"NEW"},"question":{"raw":{"text":"귀하는 디자인 직무 수행에 재능의 역할은 얼마나 중요하다고 생각하십니까 본인의 생각을 말씀해 주세요","wordCount":13},"emotion":[],"intent":[]},"answer":{"raw":{"text":"네 제 생각에 디자인 직무 수행에 있어서 어느정도 기본적인 소양은 갖추고 있어야 된다고 생각합니다. 거기서 말하는 기본적인 소양이란 가장 기본적으로 도면을 보는 능력 그리고 어느 정도 예술적인 감각 그리고 창작력 이렇게 세 가지인데요. 아무래도 이제 이러한 것들을 이러한 요소들을 잘 가미를 해서 새로운 작품을 창조하는 것이 저희 디자이너의 삶이기 때문에 저는 이러한 것들이 필수적이라고 생각이 듭니다. 저 같은 경우에는 저는 대학 생활에 도면 도면에 관해서는 어느 정도 이제 많이 익혔고 또한 평소에 저는 뭔가를 만들고 또 이제 제가 생각한 대로 이제 딱딱 맞아 떨어져서 움직이는 그런 요소들을 저는 저와 이게 도면에 상당히 관심이 많고 또 도면에 관해서는 어느정도 자신감이 있는 편입니다. 그리고 창작적인 면에서는 조금 부족할 수 있지만 창작적인 면은 인터넷이나 이런 매체들을 접하면서 충분히 공부를 하고 트렌드가 되는 디자인들을 익혀 나가면서 충분히 저만의 것들을 만들 수 있기에 저는 이 두 가지 요소를 갖춘 제가 어느 정도 기본은 기본 이상 정도는 한다고 저는 생각이 듭니다. 이상입니다. 감사합니다.","wordCount":147},"emotion":[],"intent":[{"text":"","expression":"","category":"attitude"}],"summary":{"text":"디자인 직무 수행에 있어서 기본 소양은 도면을 보는 능력, 예술적 감각, 창작력 이 세 가지인데, 저는 이것을 잘 가미해서 새로운 작품을 만드는 것이 디자이너의 삶이기 때문에 필수적이라고 생각합니다.","wordCount":28}}},"rawDataInfo":{"question":{"fileFormat":"wav","fileSize":464718,"duration":14520,"samplingBit":16,"channelCount":1,"samplingRate":"16kHz","audioPath":"/Mock/06.Design/Male/New/ckmk_q_ard_m_n_185258.wav"},"answer":{"fileFormat":"wav","fileSize":2574798,"duration":80460,"samplingBit":16,"channelCount":1,"samplingRate":"16kHz","audioPath":"/Mock/06.Design/Male/New/ckmk_a_ard_m_n_185258.wav"}}}