{"version":"1.0","dataSet":{"info":{"date":"20230116","occupation":"ARD","channel":"MOCK","place":"ONLINE","gender":"MALE","ageRange":"-34","experience":"NEW"},"question":{"raw":{"text":"본인이 가장 감명 깊게 읽은 책 또는 감명 깊게 본 영화는 무엇인지 각각 말씀해 주세요","wordCount":15},"emotion":[],"intent":[]},"answer":{"raw":{"text":"제가 최근에 감명 깊게 읽은 책은 디자인의 디자인이란 하라 켄야가 쓴 책이 있는데요. 이 책은 어 디자인이란 무엇인가 폭넓은 영역에서 활약해 온 디자이너 하라케냐가 리디자인 전시 무인 양품 마치아 긴자 나가노 동계올림픽 개식 프로그램 아이치 만국 박람회 프로모션 세계 그래픽 디자인 회의 등 자신이 관여한 인 여러 프로젝트를 돌아보며 나름의 답을 풀어놓는 책입니다. 지금 잠시 멈춰 미지의 의상과 만나자는 그의 제안에는 종래의 디자인관을 새롭게 하는 발상의 전환이 담겨 있습니다. 디자인이라는 행위를 언어로 디자인한 이 책은 디자인의 가능성을 제시하는 명석한 감정이라는 평과 함께 제 이십 육 회 산토리아 상을 수상하였습니다. 저는 이 책을 보면서 디자인에 대한 영감을 많이 얻는 편입니다.","wordCount":99},"emotion":[{"text":"제가 최근에 감명 깊게 읽은 책은 디자인의 디자인이란 하라 켄야가 쓴 책이 있는데요.","expression":"p-gratitude","category":"positive"}],"intent":[{"text":"","expression":"","category":"attitude"}],"summary":{"text":"디자인의 디자인이란 하라 켄야가 쓴 책에서 자신이 관여한 프로젝트를 돌아보며 나름의 답을 풀어놓는 책입니다. 디자인이라는 행위를 언어로 디자인한 이 책은 디자인의 가능성을 제시하는 명석한 감정이라는 평과 함께 산토리아 상을 수상하였습니다.","wordCount":30}}},"rawDataInfo":{"question":{"fileFormat":"wav","fileSize":366798,"duration":11460,"samplingBit":16,"channelCount":1,"samplingRate":"16kHz","audioPath":"/Mock/06.Design/Male/New/ckmk_q_ard_m_n_190937.wav"},"answer":{"fileFormat":"wav","fileSize":2182798,"duration":68210,"samplingBit":16,"channelCount":1,"samplingRate":"16kHz","audioPath":"/Mock/06.Design/Male/New/ckmk_a_ard_m_n_190937.wav"}}}