{"version":"1.0","dataSet":{"info":{"date":"20230116","occupation":"ARD","channel":"MOCK","place":"ONLINE","gender":"MALE","ageRange":"-34","experience":"NEW"},"question":{"raw":{"text":"면접자께서 좋아하는 혹은 존경하는 디자이너와 그 이유는 무엇인지 설명 부탁드리겠습니다","wordCount":10},"emotion":[],"intent":[]},"answer":{"raw":{"text":"네 저는 우리나라의 가장 디지트 아트의 선구자라고 할 수 있는 지금은 현재 돌아가신 고 백남준 씨를 저는 좋아하고 또는 존경합니다. 어 전에 일 전에 어렸을 때 백남준 씨의 전시장에 가본 적이 있었습니다. 당시 우리나라로서는 생소한 디지털 아트를 선도하는 분의 그러한 예술물을 예술품을 보고 뭔가 재미있기도 하고 미술에 관심을 갖게 해준 그런 계기가 되었습니다. 지금은 어 사라생 지금은 거의 언급이 되지 않으시지만은 그때 당시에는 상당히 센세이 센세이셔널한 그러한 열풍을 일으키신 분이라고 저는 기억을 하고 있습니다. 제 미술가의 꿈을 갖게 하신 것도 바로 그분 덕분이고요. 그렇게 동기부여가 되었고 지금의 제가 이렇게 디자이너로는 디자이너라는 꿈을 갖고 이 면접장에 있는 것 같습니다. 네 앞으로도 네 이러한 기회가 있다면은 저도 그분처럼 뭔가 뭔가 선풍적인 것을 이끌고 새로운 것을 선도하는 그러한 사람이 되고 싶습니다. 이상입니다. 감사합니다.","wordCount":120},"emotion":[{"text":"네 저는 우리나라의 가장 디지트 아트의 선구자라고 할 수 있는 지금은 현재 돌아가신 고 백남준 씨를 저는 좋아하고 또는 존경합니다.","expression":"p-affection","category":"positive"},{"text":"어 전에 일 전에 어렸을 때 백남준 씨의 전시장에 가본 적이 있었습니다.","expression":"u-fact","category":"neutral"}],"intent":[{"text":"","expression":"","category":"attitude"}],"summary":{"text":"디지털 아트의 선구자라 할 수 있는 고 백남준 씨의 전시장을 가본 적이 있습니다. 생소한 예술품을 보고 미술에 관심을 갖게 된 계기가 되었고, 제가 미술가의 꿈을 갖게 된 것도 이분 덕분입니다. 앞으로 저 역시 선풍적인 것을 이끌고 새로운 것을 선도하는 사람이 되고 싶습니다.","wordCount":42}}},"rawDataInfo":{"question":{"fileFormat":"wav","fileSize":318798,"duration":9960,"samplingBit":16,"channelCount":1,"samplingRate":"16kHz","audioPath":"/Mock/06.Design/Male/New/ckmk_q_ard_m_n_185236.wav"},"answer":{"fileFormat":"wav","fileSize":2348238,"duration":73380,"samplingBit":16,"channelCount":1,"samplingRate":"16kHz","audioPath":"/Mock/06.Design/Male/New/ckmk_a_ard_m_n_185236.wav"}}}