{"version":"1.0","dataSet":{"info":{"date":"20230116","occupation":"ARD","channel":"MOCK","place":"ONLINE","gender":"MALE","ageRange":"-34","experience":"NEW"},"question":{"raw":{"text":"본인의 장점과 단점을 설명해 주시고 그것을 특화시키고 또 극복하기 위한 노력도 함께 말씀 부탁드리겠습니다","wordCount":14},"emotion":[],"intent":[]},"answer":{"raw":{"text":"저는 저의 장점은 비교적 감사함을 아는 편이라고 생각합니다. 정말 사소한 일에도 감사함을 되새겨 보기도 합니다. 예전에 어느 인기 예능 프로에서 내가 받은 선물 중 가장 쓸모없는 선물은 이라는 주제로 이야기를 나눈 적이 있었는데 아무리 작은 선물이라도 악의가 없다면 모든 선물은 감사한 것이라고 생각했습니다. 상대방이 나를 위하고 생각하는 것은 감사한 일이기 때문입니다. 그리고 제가 가장 하는 말은 감사합니다 라는 말입니다. 그런데 요즘은 형식적으로 감사하다는 표현을 하는 것 같아서 고민이었는데 더욱 진심을 느낄 수 있도록 상대방의 마음을 생각하며 발전시키려 노력하는 중입니다. 그리고 저의 단점은 실수를 하였을 때 남들보다 크게 걱정하는 것입니다. 미리 걱정한다고 해결해야 될 일도 아닌데 앞서서 걱정을 하는 경우가 종종 있습니다. 그렇기 때문에 저의 꼼꼼한 성격으로 실수를 최소화하기 위해서 한 번 더 검토하는 편이고 혹시나 한 번 실수를 저지르게 되면 해당 실수는 다시는 하지 않으려 노력하는 편입니다.","wordCount":127},"emotion":[],"intent":[{"text":"그리고 저의 단점은 실수를 하였을 때 남들보다 크게 걱정하는 것입니다.","expression":"c_person","category":"background"}],"summary":{"text":"저는 감사함을 아는 편인데, 사소한 일에도 감사함을 느끼려고 노력합니다. 그리고 저는 실수를 하였을 때 남들보다 크게 걱정하는 단점을 가지고 있어서, 실수를 최소화하기 위해 한 번 더 검토하는 편입니다.","wordCount":28}}},"rawDataInfo":{"question":{"fileFormat":"wav","fileSize":368078,"duration":11500,"samplingBit":16,"channelCount":1,"samplingRate":"16kHz","audioPath":"/Mock/06.Design/Male/New/ckmk_q_ard_m_n_177953.wav"},"answer":{"fileFormat":"wav","fileSize":2841998,"duration":88810,"samplingBit":16,"channelCount":1,"samplingRate":"16kHz","audioPath":"/Mock/06.Design/Male/New/ckmk_a_ard_m_n_177953.wav"}}}