{"version":"1.0","dataSet":{"info":{"date":"20230116","occupation":"ARD","channel":"MOCK","place":"ONLINE","gender":"MALE","ageRange":"-34","experience":"NEW"},"question":{"raw":{"text":"지원자님은 협업을 하실 때 사교성이 좋은 편이신지 궁금합니다 또 사교성을 키우기 위해서 지원자님만의 어떤 특별한 노력이 있으셨을까요","wordCount":17},"emotion":[],"intent":[]},"answer":{"raw":{"text":"저는 팀원들과 협업을 할 때 어 사교성이 좋은 편에 속하는 것 같습니다. 어 이 제가 생각하기에 이 사교성이라 함은 성격적으로 타고나는 부분이 있다고 생각하기 때문에 이 사교성을 따로 키우기 위해서 어 어떤 노력을 하는 것이 큰 의미는 없다고 생각합니다. 어 그리고 또 굳이 저의 경우에 있어서는 사교성을 키우기 위해서 어떠한 다른 노력을 할 필요는 없었다고 생각을 하기 때문에 어 뭐 따로 노력을 한 것은 없습니다. 그리고 이 협업을 할 때 사교성은 확실히 좀 중요한 부분인 것 같습니다. 어 원활한 커뮤니케이션의 사교성만큼 좋은 것이 없다고 생각을 하기 때문인데요. 이 원활한 커뮤니케이션이 이루어져야 이제 그 협업을 진행할 때에도 서로 갈등이 발생할 때 이를 조금 원활하게 조율해 나갈 수 있기 때문에 어 좋은 사교성은 확실하게 협업을 할 때 어 장점으로 생각이 됩니다.","wordCount":119},"emotion":[],"intent":[{"text":"","expression":"","category":"attitude"}],"summary":{"text":"저는 팀원들과 협업할 때 사교성이 좋은 편이라 따로 노력을 할 필요는 없다고 생각합니다. 원활한 커뮤니케이션이 이루어져야 협업할 때에도 갈등 발생 시 원활하게 조율해 나갈 수 있기 때문에 좋은 사교성은 협업의 장점으로 생각 됩니다.","wordCount":33}}},"rawDataInfo":{"question":{"fileFormat":"wav","fileSize":543758,"duration":16990,"samplingBit":16,"channelCount":1,"samplingRate":"16kHz","audioPath":"/Mock/06.Design/Male/New/ckmk_q_ard_m_n_228591.wav"},"answer":{"fileFormat":"wav","fileSize":2291918,"duration":71620,"samplingBit":16,"channelCount":1,"samplingRate":"16kHz","audioPath":"/Mock/06.Design/Male/New/ckmk_a_ard_m_n_228591.wav"}}}