{"version":"1.0","dataSet":{"info":{"date":"20230116","occupation":"ARD","channel":"MOCK","place":"ONLINE","gender":"MALE","ageRange":"35-44","experience":"NEW"},"question":{"raw":{"text":"지원자님은 좋아하는 브랜드가 있나요 있다면 왜 그 브랜드를 좋아하는지 말씀해 주시고 브랜드란 뭐라고 생각하는지도 이야기해 주세요","wordCount":16},"emotion":[],"intent":[]},"answer":{"raw":{"text":"좋아하는 브랜드는 저는 애플 브랜드를 굉장히 좋아합니다. 애플 브랜드가 좋 애플 브랜드를 좋아하는 가장 큰 이유는 저에게 가치를 심어준다는 점입니다. 애플을 제품을 사용하고 애플을 활용해서 제 삶의 가치의 생산성을 높이는 역할을 해주기 때문입니다. 그 브랜드가 단순히 이쁘기만 하고 사람들이 멋지다 라고 표현하는 의식을 주기 때문에 그런 겉보이는 겉보기에 좋은 것만으로 선택한 것은 절대 아니고요. 애플이 주는 그 기업의 여러 가지 가치들이 제 삶의 질을 높이는 데 큰 도움이 되고 있기 때문입니다. 저는 애플 기기를 사기 위해서 열심히 일을 하고요. 애플 기기를 활용해서 제 삶을 조금 더 정리가 되고 가치 있게 살기 위한 어 도구로 사용이 됩니다. 더불어서 애플이 주는 저에게 애플이 주는 가치는 삶의 동반자 같은 느낌을 줍니다. 그들이 내놓은 물건 하나하나가 저의 삶에 있어서 큰 즐거움으로 다가오고 그 즐거움은 제 삶의 원동력이 되어 제가 열심히 살게 해주기 때문입니다. 그리고 브랜드라는 것은 그 기업이 갖고 있는 가치를 담았다고 생각합니다. 그 가치가 높고 낮음은 그 브랜드를 좌우하는 어 중요한 것이기 때문입니다.","wordCount":150},"emotion":[{"text":"그들이 내놓은 물건 하나하나가 저의 삶에 있어서 큰 즐거움으로 다가오고 그 즐거움은 제 삶의 원동력이 되어 제가 열심히 살게 해주기 때문입니다.","expression":"p-happiness","category":"positive"}],"intent":[{"text":"","expression":"","category":"attitude"}],"summary":{"text":"저는 애플 브랜드를 좋아합니다. 그 브랜드가 주는 여러 가지 가치들이 제 삶의 질을 높이는 데 큰 도움이 되고 있기 때문입니다. 그들이 내놓은 물건 하나하나가 제 삶에 큰 즐거움으로 다가오며 그 즐거움은 삶의 원동력이 되어 열심히 살게 해주기 때문입니다. 브랜드는 그 기업이 갖고 있는 가치를 담았다고 생각합니다. 그 가치가 높고 낮음은 그 브랜드를 좌우하는 중요한 것이기 때문입니다.","wordCount":56}}},"rawDataInfo":{"question":{"fileFormat":"wav","fileSize":427598,"duration":13360,"samplingBit":16,"channelCount":1,"samplingRate":"16kHz","audioPath":"/Mock/06.Design/Male/New/ckmk_q_ard_m_n_189999.wav"},"answer":{"fileFormat":"wav","fileSize":2633038,"duration":82280,"samplingBit":16,"channelCount":1,"samplingRate":"16kHz","audioPath":"/Mock/06.Design/Male/New/ckmk_a_ard_m_n_189999.wav"}}}