{"version":"1.0","dataSet":{"info":{"date":"20230116","occupation":"ARD","channel":"MOCK","place":"ONLINE","gender":"MALE","ageRange":"-34","experience":"NEW"},"question":{"raw":{"text":"면접자님의 전공과 관련해서 최근 부족하다고 느끼고 혹은 따로 공부를 하고 있는 분야가 있으실까요 만약 있으시다면 한번 말씀 부탁드립니다","wordCount":18},"emotion":[],"intent":[]},"answer":{"raw":{"text":"저는 최근에 스터디를 따로 하고 있는 게 있습니다. 제 업무에 도움되는 쪽으로 취미겸 배우고 있는데 새로운 렌더링 프로그램인 레드시프트란 프로그램을 익히고 있습니다. 레드시프트는 기존에 사용하는 툴보다 훨씬 더 디테일하고 세밀한 표현을 가능하게 해서 최근 시장에서 조금씩 사용을 확장해 나가고 있는 걸로 알고 있습니다. 이런 툴을 이용해서 제가 하는 업무에도 적용할 수 있다면 한 번 적용해 보려고 합니다. 실제 업무에 활용할 정도의 수준이 된다면 한 단계 높은 수준의 작업물을 만들 수 있게 되어 기대가 되고 이런 새로운 툴을 배우는 것 자체가 재미있어서 저는 최근에 전공과 관련해서 이런 쪽의 부족하다고 느끼고 레드 시프트를 공부하고 있습니다.","wordCount":93},"emotion":[{"text":"레드시프트는 기존에 사용하는 툴보다 훨씬 더 디테일하고 세밀한 표현을 가능하게 해서 최근 시장에서 조금씩 사용을 확장해 나가고 있는 걸로 알고 있습니다.","expression":"u-fact","category":"neutral"}],"intent":[{"text":"제 업무에 도움되는 쪽으로 취미겸 배우고 있는데 새로운 렌더링 프로그램인 레드시프트란 프로그램을 익히고 있습니다.","expression":"c_imp","category":"personality"},{"text":"실제 업무에 활용할 정도의 수준이 된다면 한 단계 높은 수준의 작업물을 만들 수 있게 되어 기대가 되고 이런 새로운 툴을 배우는 것 자체가 재미있어서 저는 최근에 전공과 관련해서 이런 쪽의 부족하다고 느끼고 레드 시프트를 공부하고 있습니다.","expression":"c_imp","category":"personality"}],"summary":{"text":"새로운 렌더링 프로그램인 레드시프트란 프로그램을 익히고 있는데, 기존의 툴보다 훨씬 더 디테일하고 세밀한 표현을 가능하게 해서 최근 시장에서 사용을 확장해 나가고 있는 걸로 알고 있습니다.","wordCount":25}}},"rawDataInfo":{"question":{"fileFormat":"wav","fileSize":603278,"duration":18850,"samplingBit":16,"channelCount":1,"samplingRate":"16kHz","audioPath":"/Mock/06.Design/Male/New/ckmk_q_ard_m_n_193369.wav"},"answer":{"fileFormat":"wav","fileSize":2016078,"duration":63000,"samplingBit":16,"channelCount":1,"samplingRate":"16kHz","audioPath":"/Mock/06.Design/Male/New/ckmk_a_ard_m_n_193369.wav"}}}