{"version":"1.0","dataSet":{"info":{"date":"20230116","occupation":"ARD","channel":"MOCK","place":"ONLINE","gender":"MALE","ageRange":"-34","experience":"NEW"},"question":{"raw":{"text":"지원자님은 일상에서 유엑스를 경험하신 적이 있으신가요","wordCount":6},"emotion":[],"intent":[]},"answer":{"raw":{"text":"제가 일상에서 경험한 유엑스 사용자 경험 중에 가장 인상 깊었던 것은 그 리그 오브 레젠드라는 게임을 아십니까. 그 클라이언트의 유엑스가 저는 상당히 인상이 깊습니다. 처음에는 그런 한국인들에게 그런 클라이언트가 익숙치 않았습니다. 하지만 지금 롤의 클라이언트를 모르는 사람은 롤 하는 사람 중 단 한 명도 없을 겁니다. 이제는 그것이 롤 클라이언트 그 자체가 게임의 유엑스가 됐기 때문이죠. 그래서 한국의 다른 기업들도 롤의 클라이언트처럼 많은 상당수의 유엑스를 따라가고 있습니다. 처음 시도한 유엑스지만 이제는 모두가 아는 유엑스 그래서 저는 그것이 가장 인상이 깊습니다.","wordCount":80},"emotion":[],"intent":[{"text":"","expression":"","category":"attitude"}],"summary":{"text":"롤의 클라이언트 그 자체가 게임의 유엑스가 되었기 때문에 한국의 다른 기업들도 많은 상당수의 유엑스를 따라가고 있습니다. 처음 시도한 유엑스지만 이제는 모두가 아는 유엑스 그래서 그것이 가장 인상이 깊습니다.","wordCount":28}}},"rawDataInfo":{"question":{"fileFormat":"wav","fileSize":243278,"duration":7600,"samplingBit":16,"channelCount":1,"samplingRate":"16kHz","audioPath":"/Mock/06.Design/Male/New/ckmk_q_ard_m_n_225247.wav"},"answer":{"fileFormat":"wav","fileSize":1951438,"duration":60980,"samplingBit":16,"channelCount":1,"samplingRate":"16kHz","audioPath":"/Mock/06.Design/Male/New/ckmk_a_ard_m_n_225247.wav"}}}