{"version":"1.0","dataSet":{"info":{"date":"20230116","occupation":"ARD","channel":"MOCK","place":"ONLINE","gender":"MALE","ageRange":"-34","experience":"NEW"},"question":{"raw":{"text":"만약 지원자님이 하고 싶은 직무가 아니라 다른 직무를 맡게 된다면 어떻게 하실 것인가요 그래도 계속 다니실 건가요","wordCount":17},"emotion":[],"intent":[]},"answer":{"raw":{"text":"저는 저의 모토가 있습니다. 항상 인생은 자기의 뜻대로 흘러가지 않으며 일이 잘 풀려도 그 뒤에는 항상 필수적으로 고난과 역경이 따라온다 라는 것이 저의 생각입니다. 특히나 제가 이 기업에서 저를 정말 좋게 봐줘서 저를 채용시켜 주어도 그것에서 끝나는 것이 아니라 그 뒤에는 항상 고난과 역경이 따라 올 것을 알고 있습니다. 하지만 그러한 고난과 역경이 엄청난 그런 힘든 것이 아니라 다른 직무를 맡는다든지 그러한 일들과 같을 수 있습니다. 따라서 저는 그러한 일이 발생하게 되면은 아 올 것이 왔구나 이러한 것을 내가 겪고 이겨내야지 제 자신이 한 층 더 성장을 하는구나 라는 생각을 하면서 아주 열심히 다른 직무를 배울 것 같습니다. 또한 그렇게 제가 하고 싶은 직무 말고 다른 직무를 하는 것도 어떻게 보면은 내가 기존에 전혀 관심이 없었고 하지 않았던 그러한 업무 라고도 볼 수 있어서 저의 역량이 하나 더 늘어나는 것이기 때문에 저는 기쁜 마음으로 일을 할 것 같습니다.","wordCount":138},"emotion":[{"text":"항상 인생은 자기의 뜻대로 흘러가지 않으며 일이 잘 풀려도 그 뒤에는 항상 필수적으로 고난과 역경이 따라온다 라는 것이 저의 생각입니다.","expression":"u-belief","category":"neutral"}],"intent":[{"text":"","expression":"","category":"attitude"}],"summary":{"text":"저는 일이 잘 풀려도 그 뒤에는 항상 고난과 역경이 따라올 것이라 생각합니다. 하지만 그러한 고난은 다른 직무를 맡다든지 그러한 일들과 같을 수 있습니다. 따라서 저는 그러한 일이 발생하게 되면은 아 올 것이 왔구나 라는 것을 제가 겪고 이겨내야 제 자신이 한 층 더 성장을 하겠구나 라는 생각을 하면서 열심히 할 것 같습니다.","wordCount":52}}},"rawDataInfo":{"question":{"fileFormat":"wav","fileSize":372558,"duration":11640,"samplingBit":16,"channelCount":1,"samplingRate":"16kHz","audioPath":"/Mock/06.Design/Male/New/ckmk_q_ard_m_n_194382.wav"},"answer":{"fileFormat":"wav","fileSize":2852558,"duration":89140,"samplingBit":16,"channelCount":1,"samplingRate":"16kHz","audioPath":"/Mock/06.Design/Male/New/ckmk_a_ard_m_n_194382.wav"}}}