{"version":"1.0","dataSet":{"info":{"date":"20230116","occupation":"ARD","channel":"MOCK","place":"ONLINE","gender":"MALE","ageRange":"-34","experience":"NEW"},"question":{"raw":{"text":"살면서 다양한 커뮤니케이션을 경험해 보셨을 텐데 그중에서 가장 어려웠던 경험을 한 가지만 꼽아서 말씀 부탁드리겠습니다","wordCount":15},"emotion":[],"intent":[]},"answer":{"raw":{"text":"저에게 가장 어려웠던 커뮤니케이션은 나무와 커뮤니케이션을 하는 것이었습니다. 저는 한 때 산에서 일을 했던 적이 있습니다. 산에서 일을 하다보면 나무와 커뮤니케이션을 해야 할 때가 많이 있습니다. 나무가 무슨 말을 하고 있는지 나무가 원하는 것은 무엇인지 또 나무가 나에게 하고 있는 말이 무엇인지 파악하는 것은 정말 어려운 일입니다. 왜냐하면 우리 기껏해야 백 년을 살지만 나무는 수백 년을 살아 나무는 수백 년을 살아왔기 때문입니다. 그 수백 년의 삶을 이해하기란 우리의 몇 십 년의 삶은 너무 초라하고 볼품이 없습니다. 사람과 커뮤니케이션을 한다고 하면 사람은 말을 통해서 표정을 통해서 의사를 표현하지만 나무는 가만히 있기 때문에 어떻게 의견을 표시하고 있는지를 제가 파악하기가 어렵습니다. 하지만 나무에 이렇게 귀를 기울이다 보면 나무가 하는 말을 들을 수가 있습니다. 그것을 깨닫는 것까지 상당히 오랜 시간이 걸렸습니다.","wordCount":117},"emotion":[{"text":"저는 한 때 산에서 일을 했던 적이 있습니다.","expression":"u-fact","category":"neutral"}],"intent":[{"text":"","expression":"","category":"attitude"}],"summary":{"text":"산에서 일을 하다보니 나무와 커뮤니케이션을 해야 할 때가 많습니다. 사람은 말을 통해서 의사를 표현하지만 나무는 가만히 있기 때문에 어떻게 의견을 표시하고 있는지 파악하기가 어렵습니다. 하지만 나무에 귀를 기울이다보면 나무가 하는 말을 들을 수가 있습니다. 그것을 깨닫는 것까지 상당히 오랜 시간이 걸렸습니다.","wordCount":41}}},"rawDataInfo":{"question":{"fileFormat":"wav","fileSize":345038,"duration":10780,"samplingBit":16,"channelCount":1,"samplingRate":"16kHz","audioPath":"/Mock/06.Design/Male/New/ckmk_q_ard_m_n_186130.wav"},"answer":{"fileFormat":"wav","fileSize":2788558,"duration":87140,"samplingBit":16,"channelCount":1,"samplingRate":"16kHz","audioPath":"/Mock/06.Design/Male/New/ckmk_a_ard_m_n_186130.wav"}}}