{"version":"1.0","dataSet":{"info":{"date":"20230116","occupation":"ARD","channel":"MOCK","place":"ONLINE","gender":"MALE","ageRange":"-34","experience":"NEW"},"question":{"raw":{"text":"네 평소에 개인 작업을 많이 하시는지요 어 있다면 어 무엇이 그런 제 개인 작업을 많이 할 수 있게 하는지 그 원동력에 대해서 설명해 주시기 바랍니다","wordCount":25},"emotion":[],"intent":[]},"answer":{"raw":{"text":"저는 어렸을 때부터 항상 개인 작업을 많이 해왔다고 말씀드릴 수 있겠습니다. 왜냐하면 저는 어렸을 때부터 항상 무언가를 만들어내는 것을 좋아했습니다. 종이 접기 색칠하기 이러한 것들을 좋아했었는데 이러한 것들을 하다 보면은 성취감을 이룰 수 있습니다. 제가 중요하게 생각하는 가치 중 하나가 바로 성취감 그리고 제 자신의 발전을 경험할 때 느끼는 그러한 효능감 이러한 것들이 제게 중요하게 작용합니다. 그렇기 때문에 저는 개인 작업을 하게 되면은 이러한 성취감이 더욱더 많이 얻을 수 있기 때문에 개인 작업을 굉장히 선호하는 편이고 때문에 이러한 성취감 그리고 그러한 것들을 이루어내면서 얻을 수 있는 자기 효능감 때문에 저는 이러한 것들을 개인 작업이 혼자서 하니까 매우 힘듦에도 불구하고 할 수 있었던 원동력이 되어 왔습니다. 그리고 이러한 원동력을 통해서 제가 지금의 이 자리까지 올 수 있었다고 생각이 들고 앞으로도 저는 계속해서 이러한 원동력을 바탕으로 아주 열심히 일을 할 수 있을 것 같습니다.","wordCount":132},"emotion":[],"intent":[{"text":"","expression":"","category":"attitude"}],"summary":{"text":"개인 작업을 굉장히 좋아하는 저는 어렸을 때부터 무언가를 만들어내는 것을 좋아했습니다. 종이 접기 색칠 같은 것들을 하다 보면 성취감을 이룰 수 있습니다. 이것을 통해 자신의 발전을 경험할 때 느끼는 효능감이 중요하게 작용합니다. 이런 원동력을 바탕으로 계속 열심히 일을 할 수 있을 것 같습니다.","wordCount":43}}},"rawDataInfo":{"question":{"fileFormat":"wav","fileSize":466638,"duration":14580,"samplingBit":16,"channelCount":1,"samplingRate":"16kHz","audioPath":"/Mock/06.Design/Male/New/ckmk_q_ard_m_n_198606.wav"},"answer":{"fileFormat":"wav","fileSize":2779598,"duration":86860,"samplingBit":16,"channelCount":1,"samplingRate":"16kHz","audioPath":"/Mock/06.Design/Male/New/ckmk_a_ard_m_n_198606.wav"}}}