{"version":"1.0","dataSet":{"info":{"date":"20230116","occupation":"ARD","channel":"MOCK","place":"ONLINE","gender":"MALE","ageRange":"35-44","experience":"NEW"},"question":{"raw":{"text":"면접자님께서 본인이 현재 갖고 있는 위치보다 어려운 목표를 달성한 적이 있으실까요 만약 있으시다면 그 경험에 대하여 편안하게 말씀 부탁드립니다","wordCount":19},"emotion":[],"intent":[]},"answer":{"raw":{"text":"제가 국제자원봉사단을 이끌고 해외에 나간 적이 있습니다. 저의 그때 당시에 위치는 그 봉사 단원들을 이끌어 나가서 좋은 결과를 어 각자의 멤버들이 어 그런 마음을 가질 수 있도록 해주는 역할을 하는 게 저의 위치였습니다. 하지만 해외 봉사라는 게 굉장히 어렵습니다. 어 악조건 속에서 진행이 되고 거주하는 환경 그다음에 우리가 모든 것을 진행하는 일 처리하는 부분에 있어서 부족한 부분이 굉장히 많고 현지인들과의 소통 또한 어려운 부분이 많습니다. 이 아이들이 우리가 참가한 청소년들이 소기의 목표를 이루기 위해서는 그 모든 부분들을 제가 옆에서 서포트하고 이끌어내서 최적의 결과를 만들어낼 수 있도록 지원하는 역할을 해야 됩니다. 그렇지만 제가 주도해서 나선다면 이 참여한 친구들에게 정말로 온전한 목표 달성을 이루는 쾌감을 줄 수가 없었습니다. 그래서 저는 있는 듯 없는 듯 하면서 이 친구들의 부족한 부분을 보충해주는 역할을 충분히 이뤄냈던 적이 많습니다. 제가 갔을 때마다 한 번 두 번의 오차를 겪으면서 부족한 부분은 항상 메모하고 체크해서 그 다음에는 더 나은 결과를 내기 위해 노력을 해 왔고 저는 있는 듯 없는 듯하는 위치에서 성과를 내는 옆에서 서포트 해주는 역할을 잘 할 수 있게 되었습니다. 그래서 참가하던 모든 친구들이 항상 최고의 만족도를 얻고 돌아갔던 경험이 있습니다.","wordCount":175},"emotion":[{"text":"제가 국제자원봉사단을 이끌고 해외에 나간 적이 있습니다.","expression":"u-fact","category":"neutral"}],"intent":[{"text":"","expression":"","category":"attitude"}],"summary":{"text":"해외 봉사라는 게 굉장히 어렵습니다. 악조건 속에서 진행이 되고 거주하는 환경 그리고 우리가 모든 것을 진행하는 일 처리하는 부분에 있어서 부족한 부분이 많고 현지인들과의 소통 또한 어려운 부분이 많습니다. 제가 주도해서 나선다면 정말로 온전한 목표 달성을 이루는 쾌감을 줄 수가 없습니다. 그래서 저는 있는 듯 없는 듯 하면서 친구들의 부족한 부분을 보충해주는 역할을 잘 할 수 있게 되었습니다.","wordCount":58}}},"rawDataInfo":{"question":{"fileFormat":"wav","fileSize":598158,"duration":18690,"samplingBit":16,"channelCount":1,"samplingRate":"16kHz","audioPath":"/Mock/06.Design/Male/New/ckmk_q_ard_m_n_189206.wav"},"answer":{"fileFormat":"wav","fileSize":2743118,"duration":85720,"samplingBit":16,"channelCount":1,"samplingRate":"16kHz","audioPath":"/Mock/06.Design/Male/New/ckmk_a_ard_m_n_189206.wav"}}}