{"version":"1.0","dataSet":{"info":{"date":"20230116","occupation":"ARD","channel":"MOCK","place":"ONLINE","gender":"MALE","ageRange":"-34","experience":"NEW"},"question":{"raw":{"text":"그동안 진행했던 프로젝트들 중에서 가장 기억에 남는 프로젝트는 무엇인가요 또한 어떤 점에서 그 프로젝트가 기억에 남으시나요","wordCount":16},"emotion":[],"intent":[]},"answer":{"raw":{"text":"음 제가 그동안 진행한 프로젝트들 가운데 가장 기억에 남는 프로젝트는 아무래도 대학교 재학 시절에 진행했던 공모전이 가장 기억에 남습니다. 디자인 공모전이었고 이제 다른 디자인 전공자들과 함께 진행을 했던 팀 프로젝트였습니다. 저는 해당 팀 프로젝트를 진행하면서 어 리더의 역할을 자처해서 리더 역할을 하게 되었고 이 팀을 잘 이끌어야 하는 그러한 숙제를 가지고 있었습니다. 어 이제 팀원들 간의 좀 사소한 갈등이 발생을 할 수밖에 없었습니다. 왜냐하면 팀원들 간에 여태까지 작업을 해왔던 방식도 다 다르고 음 뭐 선호하는 작업 시간대라던지 아니면 각자 특출 난 부분이 다 다르기 때문에 이러한 부분들을 조율해 나가는 데 있어서 좀 여러 가지 갈등 사항이 있었던 것 같습니다. 저는 이러한 갈등들을 리더로서 잘 해결해어야 했고 어 잘 해결하기 위해서 좀 나의 주장을 강하게 관찰시키기보다는 이 팀원의 입장에서 먼저 생각을 해 보고 팀원과 소통하기 위해서 끊임없이 노력하는 그러한 자세를 취했던 것 같습니다. 이는 제가 해당 프로젝트에서 배울 수 있었던 가장 큰 부분이라고 생각을 하며 어 후에 입사를 하게 되어서도 저에게 큰 도움이 될 부분이라고 생각합니다.","wordCount":155},"emotion":[],"intent":[{"text":"저는 이러한 갈등들을 리더로서 잘 해결해어야 했고 어 잘 해결하기 위해서 좀 나의 주장을 강하게 관찰시키기보다는 이 팀원의 입장에서 먼저 생각을 해 보고 팀원과 소통하기 위해서 끊임없이 노력하는 그러한 자세를 취했던 것 같습니다.","expression":"c_confl_mg","category":"personality"}],"summary":{"text":"저는 대학교 재학 시절에 팀 프로젝트를 진행하면서 리더의 역할을 자처해서 리더 역할을 하게 되었고 이 팀을 잘 이끌어야 하는 숙제를 가지고 있었습니다. 그런데 팀원들 간의 사소한 갈등이 발생을 할 수밖에 없었는데, 이를 리더로서 잘 해결해 나가야 했고 팀원과 소통하기 위해서 끊임없이 노력하는 그러한 자세를 취했던 것 같습니다. 이는 입사하더라도 큰 도움이 될 부분이라고 생각합니다.","wordCount":54}}},"rawDataInfo":{"question":{"fileFormat":"wav","fileSize":610318,"duration":19070,"samplingBit":16,"channelCount":1,"samplingRate":"16kHz","audioPath":"/Mock/06.Design/Male/New/ckmk_q_ard_m_n_228178.wav"},"answer":{"fileFormat":"wav","fileSize":2788558,"duration":87140,"samplingBit":16,"channelCount":1,"samplingRate":"16kHz","audioPath":"/Mock/06.Design/Male/New/ckmk_a_ard_m_n_228178.wav"}}}