{"version":"1.0","dataSet":{"info":{"date":"20230116","occupation":"ARD","channel":"MOCK","place":"ONLINE","gender":"MALE","ageRange":"-34","experience":"NEW"},"question":{"raw":{"text":"최근에 본 뉴스들 가운데에서 가장 인상 깊었던 뉴스는 어떤 것이 있었는지요 어 그 뉴스가 무엇인지 말씀해 주시고 또 그렇게 인상 깊었던 이유도 함께 말씀해 주시기 바랍니다","wordCount":26},"emotion":[],"intent":[]},"answer":{"raw":{"text":"저는 우리나라 국가대표팀이 사강에 올라갈 것이라고는 전혀 생각하지 못했었습니다. 왜냐하면 개최국이라는 이점이 있다고 해도 우리나라 선수들에 객관적인 피지컬은 다른 출전국들에 비해 너무 낮다고 생각되었기 때문입니다. 그런데 우리나라 국가대표 선수들은 기적에 기적에 기적을 만들어냈습니다. 경기를 보고 있는 저조차도 너무 놀라서 입을 다물지 못했습니다. 월드컵 기간 동안 저는 입을 다물지 못해서 입 안에 충치가 생겼습니다. 충치가 생길 정도로 입을 다물지 못할 정도로 그런 우리나라에의 대표팀에 실력 이것은 여태까지 제가 살아 살아오면서 봤던 뉴스들 중에서 가장 충격적인 소식이 아닐 수 없습니다.","wordCount":78},"emotion":[],"intent":[{"text":"","expression":"","category":"attitude"}],"summary":{"text":"우리나라 선수들은 객관적인 피지컬이 다른 출전국들에 비해 너무 낮다고 생각했지만 우리나라 국가대표 선수들은 기적에 기적을 만들어 냈습니다. 우리나라 대표팀의 실력은 제가 살아오며 봤던 뉴스들 중에서 가장 충격적인 소식이었습니다.","wordCount":28}}},"rawDataInfo":{"question":{"fileFormat":"wav","fileSize":544078,"duration":17000,"samplingBit":16,"channelCount":1,"samplingRate":"16kHz","audioPath":"/Mock/06.Design/Male/New/ckmk_q_ard_m_n_194172.wav"},"answer":{"fileFormat":"wav","fileSize":2129998,"duration":66560,"samplingBit":16,"channelCount":1,"samplingRate":"16kHz","audioPath":"/Mock/06.Design/Male/New/ckmk_a_ard_m_n_194172.wav"}}}