{"version":"1.0","dataSet":{"info":{"date":"20230116","occupation":"ARD","channel":"MOCK","place":"ONLINE","gender":"MALE","ageRange":"-34","experience":"NEW"},"question":{"raw":{"text":"면접자님의 주변 친구들 중에서 한 명을 골라서 칭찬해 주시는데 구체적이고 자세한 칭찬일수록 더욱 좋을 것 같습니다","wordCount":16},"emotion":[],"intent":[]},"answer":{"raw":{"text":"저는 제 친구 중에 군대를 같이 나온 친구가 있는데 그 친구는 군대를 전역하자 말자 경찰 시험을 쳤는데 무려 팔백 명 구백 명 중에서 필기시험 성적만 구 등을 하는 기염을 토했습니다. 그리고 실기 성적도 실기 평가에서도 아주 좋은 성적으로 어 최종 합격까지 갔는데 하지만 자신의 더 큰 꿈을 이루고 싶다고 하여 경찰의 꿈을 포기하고 세무사의 길로 접어들었습니다. 이후의 그 친구는 일 차 시험을 합격하였고 그리고 현재 이 차 시험을 치고 다시 공부하고 있습니다. 그 친구는 마음만 먹으면 하루에 열 여섯 시간씩 공부를 하고 저 같은 경우에는 이제 그 친구를 보고 많은 동기부여와 영감 그리고 열정을 얻기 때문에 저는 그 친구를 보고 많이 배웁니다. 어떻게 보면은 나이가 똑같은 동갑이지만 제 멘토이고 제 룰 모델이고 제가 배워야 할 점이 정말로 많은 친구입니다.","wordCount":119},"emotion":[],"intent":[{"text":"","expression":"","category":"attitude"}],"summary":{"text":"저는 제 친구 중에 군대를 같이 나온 친구가 경찰 시험을 쳤는데 필기시험 성적만 구 등을 하는 등 좋은 성적으로 최종 합격까지 했는데 자신의 더 큰 꿈을 이루고 싶다고 하여 세무사의 길로 접어들었습니다. 저는 그 친구를 보고 많은 동기부여와 영감 그리고 열정을 얻기 때문에 많이 배웁니다.","wordCount":45}}},"rawDataInfo":{"question":{"fileFormat":"wav","fileSize":312398,"duration":9760,"samplingBit":16,"channelCount":1,"samplingRate":"16kHz","audioPath":"/Mock/06.Design/Male/New/ckmk_q_ard_m_n_194961.wav"},"answer":{"fileFormat":"wav","fileSize":2759118,"duration":86220,"samplingBit":16,"channelCount":1,"samplingRate":"16kHz","audioPath":"/Mock/06.Design/Male/New/ckmk_a_ard_m_n_194961.wav"}}}