{"version":"1.0","dataSet":{"info":{"date":"20230116","occupation":"ARD","channel":"MOCK","place":"ONLINE","gender":"MALE","ageRange":"-34","experience":"NEW"},"question":{"raw":{"text":"디자인을 전공한 사람으로서 어 비전공자와 어 협업하기 위해서는 어 고려해야 할 부분에 대해서 말씀해 보시겠습니까","wordCount":15},"emotion":[],"intent":[]},"answer":{"raw":{"text":"제가 생각하기에 비전공자와 함께 협업을 하기 위해서는 일단 비전공자의 디자인적 수준을 파악하는 것이 우선이라고 합니다. 비전공자라고 해도 디자인을 함에 있어서 전혀 문제가 없을 정도의 실력을 가지고 있는 경우도 있기 때문에 먼저 협업하기 위해서 고려해야 할 부분을 디자인 비전공자의 디자인적 역량을 확인하는 것입니다. 또한 디자인 비 비전공자의 디자인을 비 전공자의 디자인적 역량을 확인한 후에 그 비전공자가 디자인 전공자와 함께 소통하는데 문제가 없을 문제가 있지 않기 위해 비전공자에게 디자인 전공과 관련된 여러 가지 기본적인 지식이나 기본적인 사용 언어들을 학습시키고 교육시키고 학습시켜서 비전공자와 디자인 전공자 사이에 의사소통에 문제가 없도록 하는 것이 제 우선이라고 생각합니다.","wordCount":91},"emotion":[],"intent":[{"text":"","expression":"","category":"attitude"}],"summary":{"text":"디자인 비전공자와 함께 협업하기 위해서는 디자인적 수준을 파악하는 것이 우선입니다. 또한 비전공자의 디자인적 역량을 확인한 후, 디자인 전공과 관련된 기본적 지식이나 기본적인 사용 언어들을 학습시켜서 의사소통에 문제가 없도록 하는 것이 우선이라고 생각합니다.","wordCount":32}}},"rawDataInfo":{"question":{"fileFormat":"wav","fileSize":499278,"duration":15600,"samplingBit":16,"channelCount":1,"samplingRate":"16kHz","audioPath":"/Mock/06.Design/Male/New/ckmk_q_ard_m_n_180053.wav"},"answer":{"fileFormat":"wav","fileSize":2917838,"duration":91180,"samplingBit":16,"channelCount":1,"samplingRate":"16kHz","audioPath":"/Mock/06.Design/Male/New/ckmk_a_ard_m_n_180053.wav"}}}