{"version":"1.0","dataSet":{"info":{"date":"20230116","occupation":"ARD","channel":"MOCK","place":"ONLINE","gender":"MALE","ageRange":"-34","experience":"NEW"},"question":{"raw":{"text":"현재 디자인 트렌드가 무엇이라고 생각하는지 그리고 트렌드를 읽기 위해 평소 계속 하고 있는 것이 있는지 말씀할 수 있나요","wordCount":18},"emotion":[],"intent":[]},"answer":{"raw":{"text":"현재 가장 유행하고 있는 디자인 트렌드에 대해서 말씀드리자면 저는 개인적으로 가상 화폐와 연관 지어 블록체인 기술을 기반으로 만들어진 엔에프티 디자인이 가장 트렌드라고 생각합니다. 그 이유는 이제껏 없었던 새로운 디자인 형태를 보여줌과 동시에 그 디자인의 개념이 있어서 이제껏 어디서도 선보이지 않았던 그 작품의 고유 가치를 가장 잘 지킬 수 있는 방법을 제시했고 그리고 많은 사람들이 쉽게 접함과 접할 수 있는 환경을 조성함과 동시에 그 작가와 디자인 소비층 사이에 거리를 혁신적으로 줄였다고 생각하기 때문입니다. 저도 이러한 디자인 트렌드를 잇기 위해서 뭐 여러 가지 뭐 인터넷을 통해 정보를 얻거나 책을 통해 얻거나 정 잡지나 뭐 예술 팜플렛 같은 것도 많이 읽지만 저 같은 경우에는 유튜브를 통한 디자인 정보를 얻으려고 합니다.","wordCount":107},"emotion":[],"intent":[{"text":"현재 가장 유행하고 있는 디자인 트렌드에 대해서 말씀드리자면 저는 개인적으로 가상 화폐와 연관 지어 블록체인 기술을 기반으로 만들어진 엔에프티 디자인이 가장 트렌드라고 생각합니다.","expression":"d_trendy","category":"technology"},{"text":"저도 이러한 디자인 트렌드를 잇기 위해서 뭐 여러 가지 뭐 인터넷을 통해 정보를 얻거나 책을 통해 얻거나 정 잡지나 뭐 예술 팜플렛 같은 것도 많이 읽지만 저 같은 경우에는 유튜브를 통한 디자인 정보를 얻으려고 합니다.","expression":"d_trendy","category":"technology"}],"summary":{"text":"디자인의 개념이 그 작품의 고유 가치를 가장 잘 지킬 수 있는 방법을 제시했고, 많은 사람들이 쉽게 접할 수 있는 환경을 조성함과 동시에 그 작가와 디자인 소비층 사이에 거리를 혁신적으로 줄였다고 생각하기 때문에 엔에프티 디자인이 가장 트렌드라고 생각합니다.","wordCount":37}}},"rawDataInfo":{"question":{"fileFormat":"wav","fileSize":456078,"duration":14250,"samplingBit":16,"channelCount":1,"samplingRate":"16kHz","audioPath":"/Mock/06.Design/Male/New/ckmk_q_ard_m_n_227219.wav"},"answer":{"fileFormat":"wav","fileSize":2924878,"duration":91400,"samplingBit":16,"channelCount":1,"samplingRate":"16kHz","audioPath":"/Mock/06.Design/Male/New/ckmk_a_ard_m_n_227219.wav"}}}