{"version":"1.0","dataSet":{"info":{"date":"20230116","occupation":"ARD","channel":"MOCK","place":"ONLINE","gender":"MALE","ageRange":"-34","experience":"NEW"},"question":{"raw":{"text":"어 사람은 저마다 자기가 잘하는 능력이 있습니다 지원자님께서 자신이 가지고 있는 상위 일 퍼센트의 능력이 있으시다면 어 그 능력을 최대한 자세하게 설명해 주시길 바랍니다","wordCount":24},"emotion":[],"intent":[]},"answer":{"raw":{"text":"제가 가지고 있는 상위 일 퍼센트의 능력이라 함은 꾸준함이라고 생각합니다. 저는 어 지금 현재 어 취업을 준비하고 있는 입장에서는 너무나 당연하게도 저의 좀 역량을 꾸준하게 개발하기 위해서 꾸준한 노력을 하고 있습니다. 어 그리고 저의 이러한 노력은 어 입사 후에 저도 이제 입사를 하고 난 후에도 좀 꾸준하게 계속 진행이 될 것이라고 생각합니다. 어 저는 우선 어 저의 좀 디자인 역량을 개발하기 위해서 좀 최근 젊은 세대 즉 엠지 세대가 어떠한 디자인을 사랑하고 어 어떠한 디자인에 대해서 어떠한 생각들을 가지고 있는지 이러한 부분들을 좀 빠르게 파악하려고 노력하는 편입니다. 어 이 디자인 분야말로 트렌드의 가장 민감한 분야라고 생각을 하기 때문에 가장 필요한 부분이라고 생각을 하고 있습니다. 어 따라서 어 이렇게 꾸준하게 자기 계발을 위해서 노력을 하고 있는 점이 어 다른 지원자들과 비교했을 때 제가 가지고 있는 상위 일 퍼센트의 능력이라고 저는 자부합니다.","wordCount":130},"emotion":[],"intent":[{"text":"어 저는 우선 어 저의 좀 디자인 역량을 개발하기 위해서 좀 최근 젊은 세대 즉 엠지 세대가 어떠한 디자인을 사랑하고 어 어떠한 디자인에 대해서 어떠한 생각들을 가지고 있는지 이러한 부분들을 좀 빠르게 파악하려고 노력하는 편입니다.","expression":"d_trendy","category":"technology"}],"summary":{"text":"저는 현재 취업을 준비하고 있는 입장으로서 꾸준함이라는 상위 일 퍼센트의 능력을 가지고 있다고 자부합니다. 저는 젊은 세대들이 어떠한 디자인을 좋아하고 어떤 디자인에 대해 어떠한 생각들을 가지고 있는지 빠르게 파악하고 있습니다. 꾸준하게 자기 계발을 위해서 노력하는 점이 제가 가지고 있는 능력이라고 생각합니다.","wordCount":41}}},"rawDataInfo":{"question":{"fileFormat":"wav","fileSize":476878,"duration":14900,"samplingBit":16,"channelCount":1,"samplingRate":"16kHz","audioPath":"/Mock/06.Design/Male/New/ckmk_q_ard_m_n_227682.wav"},"answer":{"fileFormat":"wav","fileSize":2432718,"duration":76020,"samplingBit":16,"channelCount":1,"samplingRate":"16kHz","audioPath":"/Mock/06.Design/Male/New/ckmk_a_ard_m_n_227682.wav"}}}