{"version":"1.0","dataSet":{"info":{"date":"20230116","occupation":"ARD","channel":"MOCK","place":"ONLINE","gender":"MALE","ageRange":"-34","experience":"NEW"},"question":{"raw":{"text":"본인은 어떤 모습의 노년으로 늙어가길 바라시나요 생각하시는 이상적인 노년의 모습에 대해 말씀해 주세요","wordCount":13},"emotion":[],"intent":[]},"answer":{"raw":{"text":"저는 저에 노년이 지금처럼 평범하지만 좀 더 마음적으로 여유로운 노년이 되었으면 좋겠습니다. 첫 번째로는 좀 더 많은 사람들과 어울리고 아침에 일어나서는 하고 싶은 일이 있는 하루를 맞이하는 생활을 했으면 좋겠습니다. 그리고 무슨 공부이든 계속 하고 있기를 원합니다. 건강이 허락하는 한 배움을 중단하지 않고 계속하면서 시간을 보내고 싶습니다. 마지막으로 고독과 외로움을 슬퍼하기보다는 즐길 수 있는 노인이 되기를 원합니다. 어떻게 해야 하는지는 아직 모르지만 노년은 결국 외로움을 담담히 받아들일 수 있으면 견딜 만한 삶이라고 생각하기 때문에 그러한 노인이 되었으면 하는 바램이 있습니다. 이상입니다.","wordCount":81},"emotion":[],"intent":[{"text":"","expression":"","category":"attitude"}],"summary":{"text":"평범하지만 좀 더 마음적으로 여유로운 노인이 되었으면 좋겠습니다. 많은 사람들과 어울리고 무슨 공부이든 계속 하고 있기를 원하며 고독과 외로움을 슬퍼하기보다는 즐길 수 있는 노인이 되기를 원합니다.","wordCount":26}}},"rawDataInfo":{"question":{"fileFormat":"wav","fileSize":304718,"duration":9520,"samplingBit":16,"channelCount":1,"samplingRate":"16kHz","audioPath":"/Mock/06.Design/Male/New/ckmk_q_ard_m_n_177786.wav"},"answer":{"fileFormat":"wav","fileSize":2162958,"duration":67590,"samplingBit":16,"channelCount":1,"samplingRate":"16kHz","audioPath":"/Mock/06.Design/Male/New/ckmk_a_ard_m_n_177786.wav"}}}