{"version":"1.0","dataSet":{"info":{"date":"20230116","occupation":"ARD","channel":"MOCK","place":"ONLINE","gender":"MALE","ageRange":"-34","experience":"NEW"},"question":{"raw":{"text":"만약 이직을 생각하고 있는 동료를 만나게 된다면 뭐라고 말씀하시겠습니까 그렇게 말씀하시는 이유도 말씀해 주세요","wordCount":14},"emotion":[],"intent":[]},"answer":{"raw":{"text":"만약에 어 이직을 생각하는 동료를 만나게 된다면 뭐라고 말씀하겠습니까. 왜 그렇게 말할지도 설명해 달라고 질문을 해주셨는데요. 만약에 이직을 생각하는 동료가 있다면 일단은 어 그만한 이유가 있을 거고 어 제 이 다니던 곳이 마음에 안 들어서 그럴 수도 있고 다른 사정이 있을 수도 있기 때문에 일단은 그 동료에게 어떤 일 때문에 이직을 생각하는지 물어볼 것 같습니다. 그러면 이제 그 동료가 말해주는 것을 들어보고 어 제가 도울 수 있는 부분이나 고칠 수 있는 부분이라고 생각하면 도와주고 어 함께 나아갈 수 있도록 최대한 노력을 할 텐데요. 하지만 제가 도움을 줄 수 없는 부분이나 저와 생각이 다르거나 어 불가피한 상황이 온다면 어쩔 수 없이 어 니 생각이 틀린 것이 아니다 니 생각이 옳고 다른 곳에 가서도 더 열심히 하고 어 그곳에서 도움이 될 수 있도록 그런 인재가 되라 라고 이렇게 조언과 응원을 해주고 싶을 것 같습니다. 그래야지 떠나가는 떠나가고 이직을 생각한 동료도 어 굉장히 슬프지만 열심히 다른 데 가서도 할 수 있을 것 같습니다.","wordCount":150},"emotion":[],"intent":[{"text":"","expression":"","category":"attitude"}],"summary":{"text":"만약 이직을 생각하는 동료를 만나게 된다면 어떤 일 때문에 이직을 생각하는지 물어볼 것 같습니다. 그 동료가 말하는 것을 들어보고 제가 도울 수 있는 부분이나 고칠 수 있는 부분이라고 생각하면 도와주고 함께 나아갈 수 있도록 최선을 다할 텐데, 제가 도움을 줄 수 없는 부분이나 불가피한 상황이 온다면 다른 곳에 가서도 도움이 되는 인재가 되라고 조언과 응원을 해주고 싶습니다.","wordCount":57}}},"rawDataInfo":{"question":{"fileFormat":"wav","fileSize":369678,"duration":11550,"samplingBit":16,"channelCount":1,"samplingRate":"16kHz","audioPath":"/Mock/06.Design/Male/New/ckmk_q_ard_m_n_174318.wav"},"answer":{"fileFormat":"wav","fileSize":2742478,"duration":85700,"samplingBit":16,"channelCount":1,"samplingRate":"16kHz","audioPath":"/Mock/06.Design/Male/New/ckmk_a_ard_m_n_174318.wav"}}}