{"version":"1.0","dataSet":{"info":{"date":"20230116","occupation":"ARD","channel":"MOCK","place":"ONLINE","gender":"MALE","ageRange":"35-44","experience":"NEW"},"question":{"raw":{"text":"가장 감명 깊게 읽은 책 감명 깊게 본 영화는 무엇인지 설명해 주시겠습니까","wordCount":12},"emotion":[],"intent":[]},"answer":{"raw":{"text":"수많은 책들과 수많은 영화를 봤지만 정말 어이없게 들으실 수도 있겠지만 저는 이순신 전기를 가장 감명 깊게 봤습니다. 한 사람의 삶이 이렇게 기구하고 어 기구 한 사람의 삶이 이렇게 감동을 전해줄 수 있는지 저는 이순신 장군을 통해 알게 되었습니다. 희로 애락이 다 담겨있는 이순신 장군의 삶이야말로 제가 이 세상 살아갈 때 정말로 큰 도움이 될 수 있겠다라는 생각이 들 만큼 감동적인 삶을 살았다고 생각을 합니다. 저는 어렸을 때 봤던 그 이순신 장군의 전기 이외에 다른 무수한 좋은 책들도 있었지만 감동을 줬다 라고 감동을 넘어섰다 라고 정도의 책을 만나보지 못했습니다. 가장 감동 감명 깊게 본 영화는 이것 또한 아이러니 입니다. 저는 판타지 영화를 좋아하지 않습니다. 그런데 반지의 제왕 시리즈는 저의 좋아하지 않는 판타지 영화를 넘어선 그 이상의 무언가를 전해주었습니다. 인간의 무한한 상상력이 무엇인지 인간이 상상력을 발휘할 때 어떤 이야기가 어떻게 펼쳐지는지를 저에게 느끼게 해준 영화였기 때문입니다. 그 내용을 떠나서 어떤 것인지를 떠나서 저는 반지의 제왕이 저에게 상상력이 무엇인지에 대한 일깨움을 전해주었기에 자신 있게 감명 있게 본 영화라고 추천 드리겠습니다.","wordCount":157},"emotion":[{"text":"희로 애락이 다 담겨있는 이순신 장군의 삶이야말로 제가 이 세상 살아갈 때 정말로 큰 도움이 될 수 있겠다라는 생각이 들 만큼 감동적인 삶을 살았다고 생각을 합니다.","expression":"p-gratitude","category":"positive"},{"text":"가장 감동 감명 깊게 본 영화는 이것 또한 아이러니 입니다.","expression":"p-gratitude","category":"positive"}],"intent":[{"text":"","expression":"","category":"attitude"}],"summary":{"text":"저는 이순신 전기를 가장 감명 깊게 봤습니다. 이순신 장군의 삶은 정말로 큰 도움이 될 만큼 감동적인 삶을 살았다고 생각합니다. 가장 감동 깊었던 영화는 반지의 제왕 시리즈입니다. 인간의 무한한 상상력이 무엇인지 느끼게 해준 영화이기 때문에 자신 있게 감명 있게 본 영화라고 추천 드리겠습니다.","wordCount":42}}},"rawDataInfo":{"question":{"fileFormat":"wav","fileSize":361678,"duration":11300,"samplingBit":16,"channelCount":1,"samplingRate":"16kHz","audioPath":"/Mock/06.Design/Male/New/ckmk_q_ard_m_n_183671.wav"},"answer":{"fileFormat":"wav","fileSize":2825678,"duration":88300,"samplingBit":16,"channelCount":1,"samplingRate":"16kHz","audioPath":"/Mock/06.Design/Male/New/ckmk_a_ard_m_n_183671.wav"}}}