{"version":"1.0","dataSet":{"info":{"date":"20230116","occupation":"ARD","channel":"MOCK","place":"ONLINE","gender":"MALE","ageRange":"-34","experience":"NEW"},"question":{"raw":{"text":"디자이너로서 일하면서 가장 힘들었던 경험에 대해 설명 부탁드리겠습니다","wordCount":8},"emotion":[],"intent":[]},"answer":{"raw":{"text":"저는 아무래도 과도한 업무 스트레스에 시달렸다고 볼 수가 있습니다. 어떠한 것이냐 하면 과거에 저는 상당히 업무 속도가 어 빠른 편은 아니었지만 그렇다고 해도 정하여진 마감 기일에 일을 잘 마치는 편이었습니다. 아 일을 잘 마쳤습니다. 하지만 그것을 본 회사는 저에게 주어진 업무가 별것 아닌 건 줄 알고 업무량이 적은 줄 알고 더 많은 업무를 쥐어주는 그런 상황이 발생을 했습니다. 어 이러한 경우가 정말로 저는 없어져야 된다고 생각하는 것 중의 하나입니다. 왜냐하면 그날 할 업무는 정해져 있지만 능력이 다 개개인마다 다르기 때문에 그 업무량 하나만 보고 판단하는 것도 무리일 수도 있겠지만 그 업무를 끝냈다고 해서 또 다른 업무를 던져주는 것은 그 사람을 정말로 상당한 업무 스트레스에 처할 수 있다고 저는 생각이 들기 때문입니다. 따라서 이것을 방지하기 위해서 저는 업무가 만약에 주어진다면 그 업무를 다 마쳤다면 그 사람을 이제 퇴근하게 해는 게 저는 옳다고 생각이 듭니다. 이상입니다. 감사합니다.","wordCount":135},"emotion":[],"intent":[{"text":"","expression":"","category":"attitude"}],"summary":{"text":"업무가 정해져 있지만 능력이 개개인마다 다르기 때문에 업무를 끝났다고 해서 또 다른 업무를 던져주는 것은 그 사람을 정말로 상당한 업무 스트레스에 처할 수 있다고 생각합니다. 이것을 방지하기 위해서 저는 그 업무를 다 마쳤다면 그 사람을 이제 퇴근하는 게 옳다고 생각됩니다.","wordCount":40}}},"rawDataInfo":{"question":{"fileFormat":"wav","fileSize":259598,"duration":8109,"samplingBit":16,"channelCount":1,"samplingRate":"16kHz","audioPath":"/Mock/06.Design/Male/New/ckmk_q_ard_m_n_185340.wav"},"answer":{"fileFormat":"wav","fileSize":2432718,"duration":76020,"samplingBit":16,"channelCount":1,"samplingRate":"16kHz","audioPath":"/Mock/06.Design/Male/New/ckmk_a_ard_m_n_185340.wav"}}}