{"version":"1.0","dataSet":{"info":{"date":"20230116","occupation":"ARD","channel":"MOCK","place":"ONLINE","gender":"MALE","ageRange":"-34","experience":"NEW"},"question":{"raw":{"text":"주변 친구들 중 한 명을 골라서 칭찬을 해 보시겠어요 구체적이고 자세한 칭찬일수록 더욱 좋습니다","wordCount":14},"emotion":[],"intent":[]},"answer":{"raw":{"text":"저는 제 친구 중에서 어 고등학교 시절부터 지금까지 어 좀 돈독한 관계를 유지하고 있는 그 친구를 골라서 칭찬을 해 주고 싶습니다. 제가 그 친구를 칭찬해 주고 싶은 이유는 그 친구의 높은 공감 능력 때문인 것 같습니다. 그 친구와 대화를 하거나 같이 어디를 놀러 가면 어 항상 쫌 나의 이야기에 공감을 많이 해 주고 많이 배려해 주는 그러한 모습들을 항상 볼 수 있었습니다. 어 이는 이제 저뿐만 아니라 많은 사람들이 그 친구에 대해서 쫌 그렇게 평가를 하는 편인 것 같고 어 좀 꾸준하게 그런 성격을 좀 유지하고 많은 사람들과 좋은 관계를 유지하는 것이 쫌 어떻게 보면 굉장히 부럽기도 하였습니다. 그리고 제가 정말 닮아야 닮아 보고 싶다 라고 생각한 좀 그러한 친구이기 때문에 어 저는 그 친구를 골라서 칭찬을 많이 해 주고 싶습니다.","wordCount":121},"emotion":[],"intent":[{"text":"","expression":"","category":"attitude"}],"summary":{"text":"저는 제 친구 중에서 고등학교 시절부터 지금까지 돈독한 관계를 유지하고 있는 그 친구를 칭찬해 주고 싶습니다. 그 친구는 높은 공감 능력으로 제 이야기에 공감을 많이 해 주고 배려해 주는 모습을 볼 수 있었습니다. 그 친구가 좋은 관계를 유지하는 것이 부러워 보이기도 했습니다.","wordCount":42}}},"rawDataInfo":{"question":{"fileFormat":"wav","fileSize":294478,"duration":9200,"samplingBit":16,"channelCount":1,"samplingRate":"16kHz","audioPath":"/Mock/06.Design/Male/New/ckmk_q_ard_m_n_228173.wav"},"answer":{"fileFormat":"wav","fileSize":2162638,"duration":67580,"samplingBit":16,"channelCount":1,"samplingRate":"16kHz","audioPath":"/Mock/06.Design/Male/New/ckmk_a_ard_m_n_228173.wav"}}}