{"version":"1.0","dataSet":{"info":{"date":"20230116","occupation":"ARD","channel":"MOCK","place":"ONLINE","gender":"MALE","ageRange":"-34","experience":"NEW"},"question":{"raw":{"text":"만약 일을 하다가 상사로부터 혼자 처리하기 어려운 지시를 받게 된다면 지원자님께서는 어떻게 대처하시겠습니까 그 이유도 함께 설명해 주시기 바랍니다","wordCount":19},"emotion":[],"intent":[]},"answer":{"raw":{"text":"일을 하다가 상사에게 어려운 지시를 받게 된다면 조금은 당황할 것 같습니다. 하지만 상사 분이 시킨 일이기 때문에 그 지시에 따라 한다고 생각합니다. 일단은 제가 모르는 업무라서 하기 어려운 경우라면 상사에게 먼저 꼼꼼이 물어보면서 지시한 상황을 해결해 나가면 어 좀 더 좋은 결과를 얻을 수 있지 않을까 생각합니다.","wordCount":47},"emotion":[],"intent":[{"text":"","expression":"","category":"attitude"}],"summary":{"text":"저는 모르는 업무라 하기 어려운 경우 먼저 상사에게 꼼꼼이 물어보면서 지시한 상황을 해결해 나가면 좀 더 좋은 결과를 얻을 수 있다고 생각합니다.","wordCount":22}}},"rawDataInfo":{"question":{"fileFormat":"wav","fileSize":404558,"duration":12640,"samplingBit":16,"channelCount":1,"samplingRate":"16kHz","audioPath":"/Mock/06.Design/Male/New/ckmk_q_ard_m_n_177955.wav"},"answer":{"fileFormat":"wav","fileSize":1212878,"duration":37900,"samplingBit":16,"channelCount":1,"samplingRate":"16kHz","audioPath":"/Mock/06.Design/Male/New/ckmk_a_ard_m_n_177955.wav"}}}