{"version":"1.0","dataSet":{"info":{"date":"20230116","occupation":"ARD","channel":"MOCK","place":"ONLINE","gender":"MALE","ageRange":"-34","experience":"NEW"},"question":{"raw":{"text":"기 지원자님께서 업무를 수행할면서 난관에 봉착했다면 어떻게 해결하시겠습니까 지원자님의 해결법이 궁금합니다 그 이유도 함께 설명해 주세요","wordCount":16},"emotion":[],"intent":[]},"answer":{"raw":{"text":"제가 직무 수행 시 난관에 봉착했다면 우선 해당 업무가 개인적으로 해결이 가능한 일인지 파악을 할 것입니다. 개인적으로 해결할 수 있다면 많은 방법을 통해서 해결을 해 보고 만약에 개인적인 방법으로 난관을 쳐나갈 수 없다면 경험이 많은 상사나 다른 동료에게 도움을 요청할 것입니다. 도움을 요청할 때에는 최대한 상황에 대한 설명과 제가 겪는 어려움에 대해 최대한 간결하게 설명하고 도움을 받고 이에 대한 내용을 기록하여 추후에 같은 일에 대한 어려움이 없도록 대처할 것 같습니다.","wordCount":70},"emotion":[],"intent":[{"text":"","expression":"","category":"attitude"}],"summary":{"text":"직무 수행 시 난관에 봉착했다면 개인적으로 해결이 가능한지 파악을 할 것입니다. 도움을 요청할 때는 최대한 상황에 대한 설명과 어려움을 최대한 간결하게 설명하고 이를 기록해야 할 것 같습니다.","wordCount":27}}},"rawDataInfo":{"question":{"fileFormat":"wav","fileSize":564558,"duration":17640,"samplingBit":16,"channelCount":1,"samplingRate":"16kHz","audioPath":"/Mock/06.Design/Male/New/ckmk_q_ard_m_n_184845.wav"},"answer":{"fileFormat":"wav","fileSize":1727758,"duration":53990,"samplingBit":16,"channelCount":1,"samplingRate":"16kHz","audioPath":"/Mock/06.Design/Male/New/ckmk_a_ard_m_n_184845.wav"}}}