{"version":"1.0","dataSet":{"info":{"date":"20230116","occupation":"ARD","channel":"MOCK","place":"ONLINE","gender":"MALE","ageRange":"-34","experience":"NEW"},"question":{"raw":{"text":"지원자님이 지금까지 살아오면서 가장 힘들었던 게 어떤 게 있어요 또 그 상황을 극복하기 위해서 어떻게 노력했는지 궁금합니다","wordCount":17},"emotion":[],"intent":[]},"answer":{"raw":{"text":"저는 학창 시절 때부터 이 남들보다 항상 배우는 속도가 늦었습니다. 그렇기 때문에 저는 학업을 하는 데도 있어서 제가 남들은 한 세 시간이면 하면 될 것을 저는 네 시간 다섯 시간을 하는 것을 느꼈고 때문에 저는 오히려 부족하고 뒤쳐지는 만큼 남들보다 몇 배는 노력해야겠다 시간을 더 투입해야겠다 공부는 엉덩이 싸움이다 라는 생각으로 무조건 오래 앉아있었습니다. 때문에 입시 준비하랴 학업도 신경쓰랴 고등학교 때는 다시는 돌아가기 싫을 만큼 힘든 그러한 삶을 살았는데 그러한 독기를 품으로써 저는 그래도 원하는 대학교에 올 수 있었고 이러한 것들이 제가 그렇게 어쩌다 보면 남들보다 뒤쳐진 배우는 게 느린 만큼 노력을 했는데 그러한 노력이 제가 꿈꾸었던 목표를 달성할 수 있었으므로 연결되었습니다.","wordCount":102},"emotion":[],"intent":[{"text":"","expression":"","category":"attitude"}],"summary":{"text":"저는 학창 시절부터 남들보다 항상 배우는 속도가 늦었습니다. 그래서 공부에 있어 남들은 한 세 시간이면 될 것을 저는 네 시간 다섯 시간을 하는 것을 느꼈고 그래서 저는 남들보다 몇 배는 노력해야겠다는 생각을 했습니다. 그러한 독기를 통해 원하는 대학교에 올 수 있었습니다.","wordCount":41}}},"rawDataInfo":{"question":{"fileFormat":"wav","fileSize":417358,"duration":13040,"samplingBit":16,"channelCount":1,"samplingRate":"16kHz","audioPath":"/Mock/06.Design/Male/New/ckmk_q_ard_m_n_188769.wav"},"answer":{"fileFormat":"wav","fileSize":2814798,"duration":87960,"samplingBit":16,"channelCount":1,"samplingRate":"16kHz","audioPath":"/Mock/06.Design/Male/New/ckmk_a_ard_m_n_188769.wav"}}}