{"version":"1.0","dataSet":{"info":{"date":"20230116","occupation":"ARD","channel":"MOCK","place":"ONLINE","gender":"MALE","ageRange":"-34","experience":"NEW"},"question":{"raw":{"text":"살면서 다양한 커뮤니케이션을 경험해 봤을 거라고 생각이 드는데요 어 그러한 경험 중에서 어떤 경험이 가장 어려웠는지 한 가지만 꼽아서 이야기해 주시겠습니까","wordCount":21},"emotion":[],"intent":[]},"answer":{"raw":{"text":"제가 대학교 삼 학년 여름방학 때 장애 복지시설에서 레크리에이션을 하는 대외 활동을 참가했었습니다. 이제 그때는 제가 살면서 처음으로 장애우 학생과 대화를 해 보았습니다. 그렇게 장애우 학생과 처음 커뮤니케이션을 하다 보니까 제가 어떻게 해야 될지 잘 몰랐었습니다. 전혀 생각지도 못하는 곳에서 울음을 터트린다든지 아니면 갑자기 때린다든지 아니면은 지금 같이 어떻게 하자는 것을 안 한다든지 나가 버린다든지 전혀 종잡을 수 없는 럭비공 같았는데 결국에 그러한 학생들과 커뮤니케이션을 잘 하는 방법은 바로 관심을 갖게 하는 것이고 자신이 하게 하고 싶게끔 만드는 것이었습니다. 뿐만 아니라 마음의 문을 열어주게 되면은 그 마음도 이제 이해를 하고 자신들도 깨닫기 때문에 그러한 마음적이고 심리적인 측면에서도 커뮤니케이션을 하는 것으로 효과를 봤었습니다.","wordCount":102},"emotion":[{"text":"제가 대학교 삼 학년 여름방학 때 장애 복지시설에서 레크리에이션을 하는 대외 활동을 참가했었습니다.","expression":"u-fact","category":"neutral"}],"intent":[{"text":"","expression":"","category":"attitude"}],"summary":{"text":"저는 대학교 삼 학년 여름방학 때 장애 복지 시설에서 레크리에이션을 하는 대외 활동에 참가했었습니다. 장애우 학생과 처음 커뮤니케이션을 하다 보니 어떻게 해야 할지 몰랐는데 결국에 학생들과 커뮤니케이션을 잘 하는 방법은 관심을 갖게 하는 것이고 하고 싶게끔 만드는 것이었습니다.","wordCount":38}}},"rawDataInfo":{"question":{"fileFormat":"wav","fileSize":473678,"duration":14800,"samplingBit":16,"channelCount":1,"samplingRate":"16kHz","audioPath":"/Mock/06.Design/Male/New/ckmk_q_ard_m_n_188941.wav"},"answer":{"fileFormat":"wav","fileSize":2824078,"duration":88250,"samplingBit":16,"channelCount":1,"samplingRate":"16kHz","audioPath":"/Mock/06.Design/Male/New/ckmk_a_ard_m_n_188941.wav"}}}