{"version":"1.0","dataSet":{"info":{"date":"20230116","occupation":"ARD","channel":"MOCK","place":"ONLINE","gender":"MALE","ageRange":"-34","experience":"NEW"},"question":{"raw":{"text":"다음 질문입니다 국내 최대 기업 삼성 삼성의 유엑스에 대해서 면접자 분이 최대한 아시는 만큼 구체적으로 근거를 들어서 평가해 주시기 바랍니다","wordCount":20},"emotion":[],"intent":[]},"answer":{"raw":{"text":"먼저 제가 저의 첫 스마트폰이 갤럭시 넥서스였는데 어 중학교 삼 학년 때 이 제품을 구입하였습니다. 그리고 이후 제가 아직까지도 갤럭시 제품 라인을 쓰고 있는데 저는 평생을 갤럭시 제품만 써 온 입장으로서 경험해보는 바로는 어 일단 무수히 많은 기능과 아이폰과 같이 깔끔한 유아이를 제공한다는 것이 이제 어 주요 장점이라고 생각하고 그리고 반대로 원 유아이에 이제 단점 같은 경우에는 어 항상 많을 리소스를 사용하고 때문에 램 저장 공간이 조금 부족한다는 게 단점이라고 생각합니다. 하지만 저는 어 이러한 어차피 요즘 스마트폰 같은 경우에는 다 스펙이 사양이 상향 평준화 되어 있고 점점 더 좋아진 추세이기 때문에 이렇게 램을 많이 차지하는 부분은 저는 딱히 문제가 되지 않을 거라 생각하고 기능 부분에서도 굿 락이라는 좋은 카스터 마이징 어플리케이션을 통해서 어 하기 때문에 좋습니다.","wordCount":117},"emotion":[{"text":"먼저 제가 저의 첫 스마트폰이 갤럭시 넥서스였는데 어 중학교 삼 학년 때 이 제품을 구입하였습니다.","expression":"u-fact","category":"neutral"}],"intent":[{"text":"","expression":"","category":"attitude"}],"summary":{"text":"요즘 스마트폰은 다 스펙이 상향 평준화 되어 있고 점점 더 좋아진 추세이기 때문에 램을 많이 차지하는 부분은 별다른 문제가 되지 않을 것이라 생각하고 기능 부분에서도 굿 락이라는 좋은 카스터 마이징 어플리케이션을 통해서 하기 때문에 좋습니다.","wordCount":35}}},"rawDataInfo":{"question":{"fileFormat":"wav","fileSize":574158,"duration":17940,"samplingBit":16,"channelCount":1,"samplingRate":"16kHz","audioPath":"/Mock/06.Design/Male/New/ckmk_q_ard_m_n_194374.wav"},"answer":{"fileFormat":"wav","fileSize":2860238,"duration":89380,"samplingBit":16,"channelCount":1,"samplingRate":"16kHz","audioPath":"/Mock/06.Design/Male/New/ckmk_a_ard_m_n_194374.wav"}}}