{"version":"1.0","dataSet":{"info":{"date":"20230116","occupation":"ARD","channel":"MOCK","place":"ONLINE","gender":"MALE","ageRange":"-34","experience":"NEW"},"question":{"raw":{"text":"지원자님 이력서를 보니까 대외 활동을 굉장히 많이 하셨는데 이 대외 활동에서 어떤 걸 배웠고 어떤 자세로 임했고 지원했는지 정말 궁금합니다 답변 좀 부탁드릴게요","wordCount":23},"emotion":[],"intent":[]},"answer":{"raw":{"text":"음 제가 이제 대학교 때 음 축제에 참여했던 적이 있어요 축제에. 축제에 제가 스텝으로 참여를 해서 어 뭐 축제 관련 프로그램 같은 것도 이제 관리하고 그런 활동을 했었는데 저도 너무나 궁금했던 축제이기도 하고 네 그 축제도 궁금하지만 그 축제가 어떻게 돌아가는지 그 백 스테이지의 그 모습들이 너무 제가 궁금하고 보고 싶고 그랬던 건데 이제 그게 실현이 된 거죠. 그래서 되게 재미있었구요. 그리고 네 그냥 그 전체 과정을 함께 했다는 것만으로도 엄청난 공부가 됐던 이 부분에서 이렇게 해야 되고 저 부분은 저렇게 해야 되고 해야 된다는 게 아니라 하고 있고 이렇게 될 수가 있구나 라는 그 흐름으로 보게 됐던 것 같아요. 생각에 전개가 그래서 여러 사람들과 대화도 많이 해보고 만남도 갖고 그런 그런 유의미한 시간이었습니다.","wordCount":114},"emotion":[{"text":"축제에 제가 스텝으로 참여를 해서 어 뭐 축제 관련 프로그램 같은 것도 이제 관리하고 그런 활동을 했었는데 저도 너무나 궁금했던 축제이기도 하고 네 그 축제도 궁금하지만 그 축제가 어떻게 돌아가는지 그 백 스테이지의 그 모습들이 너무 제가 궁금하고 보고 싶고 그랬던 건데 이제 그게 실현이 된 거죠.","expression":"u-fact","category":"neutral"}],"intent":[{"text":"","expression":"","category":"attitude"}],"summary":{"text":"저는 대학교 때 축제에 참여했던 적이 있습니다. 그 축제가 어떻게 돌아가는지 보고 싶었던 건데 그것이 실현이 된 겁니다. 그래서 되게 재미있었고, 전체적인 과정을 함께 했다는 것만으로도 큰 공부가 된 것 같습니다. 생각에 전개가 그래서 사람들과 대화도 많이 해보고 만남도 갖는 유의미한 시간이었습니다.","wordCount":42}}},"rawDataInfo":{"question":{"fileFormat":"wav","fileSize":490958,"duration":15340,"samplingBit":16,"channelCount":1,"samplingRate":"16kHz","audioPath":"/Mock/06.Design/Male/New/ckmk_q_ard_m_n_189121.wav"},"answer":{"fileFormat":"wav","fileSize":2898958,"duration":90590,"samplingBit":16,"channelCount":1,"samplingRate":"16kHz","audioPath":"/Mock/06.Design/Male/New/ckmk_a_ard_m_n_189121.wav"}}}