{"version":"1.0","dataSet":{"info":{"date":"20230116","occupation":"ARD","channel":"MOCK","place":"ONLINE","gender":"MALE","ageRange":"-34","experience":"NEW"},"question":{"raw":{"text":"본인의 생각이 아닌 다른 사람이 생각하는 지원자님의 장점과 단점은 무엇이라고 생각을 하십니까 그리고 왜 그렇게 생각하시는지도 함께 말씀해 주시기 바랍니다","wordCount":20},"emotion":[],"intent":[]},"answer":{"raw":{"text":"항상 제 주변에 친구들은 제게 성격이 좋다 하였는데 그러한 성격이 좋은 것은 바로 제가 남들에게 엄청 공감을 잘해주기 때문입니다. 그리고 남들이 말하는 저의 단점은 제가 사람을 워낙 좋아하기 때문에 남녀를 불문하고 제가 조금 질투심이 강하고 그리고 많이 서운해합니다 그런 것에 있어서. 때문에 저는 이러한 장점과 단점은 오히려 제가 정이 많기 때문에 그 사람에 대해서 애정 하는 것이기 때문입니다. 그리고 제가 공감을 잘 해준다는 것은 제가 남들이 무언가 무언가를 말할 때 제가 리액션을 엄청 신경 써서 해주는 편입니다. 되도록 크게 할려고 하고 그리고 오히려 너무 크게 하고 가식적으로 리액션을 하게 되면은 오히려 그 사람이 느끼기에 무안한 상황이 연출될 수가 있습니다. 때문에 저는 당연히 리액션을 잘 해줄려면은 상대방의 입장에서 이해를 해야 하고 그리고 상대방이 무엇을 말하는지 이러한 것들을 공감을 해야 되기 때문에 저는 그러한 커뮤니케이션 스킬로 사람들에게 장점이라는 소리를 많이 들었습니다.","wordCount":129},"emotion":[],"intent":[{"text":"그리고 남들이 말하는 저의 단점은 제가 사람을 워낙 좋아하기 때문에 남녀를 불문하고 제가 조금 질투심이 강하고 그리고 많이 서운해합니다","expression":"c_person","category":"background"}],"summary":{"text":"주변에서는 제게 성격이 좋다 하였는데 그것은 바로 제가 남들에게 엄청 공감을 잘해주기 때문입니다. 그리고 제가 공감을 잘 해준다는 것은 제가 무언가를 말할 때 제가 리액션을 엄청 신경 써서 해주는 편인데, 되도록 크게 하고 가식적으로 하게 되면은 오히려 그 사람이 느끼기에 무안한 상황이 연출될 수가 있기 때문입니다.","wordCount":46}}},"rawDataInfo":{"question":{"fileFormat":"wav","fileSize":545358,"duration":17040,"samplingBit":16,"channelCount":1,"samplingRate":"16kHz","audioPath":"/Mock/06.Design/Male/New/ckmk_q_ard_m_n_198611.wav"},"answer":{"fileFormat":"wav","fileSize":2793678,"duration":87300,"samplingBit":16,"channelCount":1,"samplingRate":"16kHz","audioPath":"/Mock/06.Design/Male/New/ckmk_a_ard_m_n_198611.wav"}}}