{"version":"1.0","dataSet":{"info":{"date":"20230116","occupation":"ARD","channel":"MOCK","place":"ONLINE","gender":"MALE","ageRange":"-34","experience":"NEW"},"question":{"raw":{"text":"업무 특성상 해외 출장을 자주 가게 될 수도 있습니다 본인이 직접 해외 출장 장소를 선택할 수 있다면 어 지원자님께서는 꼭 한 번 가서 해보고 싶은 나라가 있으신가요","wordCount":27},"emotion":[],"intent":[]},"answer":{"raw":{"text":"저는 해외에서 출장을 간다면 프랑스를 가고 싶습니다. 일전에 중학교에서 영국의 한 고등학교와 자매결연을 맺어서 겨울 방학 때 잠시 어학 연수를 갔다 온 적이 있었는데요. 프랑스도 들렸어요. 들러서 루브르 박물관도 가고 에펠탑도 가고 개선문도 가고 이렇게 가본 바 프랑스는 굉장히 르네상스 양식의 건축물이 많죠. 어떻게 보면 그런 데서 영감을 많이 받았다고도 할 수 있습니다. 이곳은 또한 다국적 국가입니다. 길거리에서 그림을 그려주는 흑인 같은 굉장히 흑인과 백인이 조화롭게 이루어져 있는데요. 이 광경을 멀리서 지켜보느라면 디자인에 대한 영감을 자극을 받을 것 같습니다. 또한 에펠탑을 야경이 펼쳐지는 곳에서 조명이 켜진 상태를 본다면 정말 제가 이걸로 이걸 직접 그대로 본따서 에펠탑과 관련된 상품을 디자인하고 싶을 정도입니다. 샌느 강 옆에 있는 에펠탑 저는 이와 관련된 디자인의 영감을 받고 싶습니다.","wordCount":113},"emotion":[{"text":"일전에 중학교에서 영국의 한 고등학교와 자매결연을 맺어서 겨울 방학 때 잠시 어학 연수를 갔다 온 적이 있었는데요.","expression":"u-fact","category":"neutral"}],"intent":[{"text":"또한 에펠탑을 야경이 펼쳐지는 곳에서 조명이 켜진 상태를 본다면 정말 제가 이걸로 이걸 직접 그대로 본따서 에펠탑과 관련된 상품을 디자인하고 싶을 정도입니다.","expression":"d_sens","category":"attitude"},{"text":"샌느 강 옆에 있는 에펠탑 저는 이와 관련된 디자인의 영감을 받고 싶습니다.","expression":"d_sens","category":"attitude"}],"summary":{"text":"해외에서 출장을 간다면 프랑스를 가보고 싶습니다. 프랑스는 굉장히 르네상스 양식의 건축물이 많고 다국적 국가이기 때문에 디자인에 대한 영감을 많이 받습니다. 샌느 강 옆에 있는 에펠탑 저는 이와 관련된 디자인의 영감을 받고 싶습니다.","wordCount":32}}},"rawDataInfo":{"question":{"fileFormat":"wav","fileSize":611918,"duration":19120,"samplingBit":16,"channelCount":1,"samplingRate":"16kHz","audioPath":"/Mock/06.Design/Male/New/ckmk_q_ard_m_n_195268.wav"},"answer":{"fileFormat":"wav","fileSize":2777038,"duration":86780,"samplingBit":16,"channelCount":1,"samplingRate":"16kHz","audioPath":"/Mock/06.Design/Male/New/ckmk_a_ard_m_n_195268.wav"}}}