{"version":"1.0","dataSet":{"info":{"date":"20230116","occupation":"ARD","channel":"MOCK","place":"ONLINE","gender":"MALE","ageRange":"-34","experience":"NEW"},"question":{"raw":{"text":"업무 중 스케줄이 어 없을 때가 많습니다 이런 상황이 생긴다면 어떻게 대처를 하시겠습니까 답변 부탁드릴게요","wordCount":15},"emotion":[],"intent":[]},"answer":{"raw":{"text":"업무를 진행하다 보면 어 스케줄에 없던 일이 생길 때가 많이 있습니다. 어 이는 어 예술 디자인 쪽 분야의 업무뿐만 아니라 거의 모든 분야의 업무에서 종종 발생하는 일인 것 같습니다. 어 이렇게 갑자기 업무에 예정이 없던 스케줄이 생기게 된다면 좀 많이 당황하고 이제 아 시간을 어떻게 분배해야 할지 정말 많은 고민이 생길 것 같습니다. 시간에는 한계가 있기 때문인데요. 어 저는 만약에 그러니까 이러한 상황이 최대한 찾아오지 않도록 어떤 기존의 원래 해야 하는 업무들을 좀 업무 시간 내에 좀 빠르게 빠르게 처리를 하게 된다면 이 예정에 없던 이러한 스케줄이 생긴다 하더라도 뭔가 잘 대처해 나갈 수 있고 그 일에 조금 더 시간을 쏟을 수 있는 그러한 여유가 생길 것이라고 생각합니다. 어 따라서 이렇게 업무 중에 스케줄에 없는 일이 생기는 경우는 어 어쩔 수 없이 일어날 수밖에 없기 때문에 어 이러한 상황에 잘 대처할 수 있도록 평소에 시간 관리를 어 효율적으로 잘 하는 자세가 중요할 것 같습니다.","wordCount":144},"emotion":[],"intent":[{"text":"","expression":"","category":"attitude"}],"summary":{"text":"예술 디자인 분야뿐만 아니라 거의 모든 분야의 업무 진행 중 스케줄에 없던 일이 생길 때가 있는데, 업무 시간 내에 처리를 하게 된다면 좀 더 시간을 쏟을 수 있는 여유가 생길 것이라고 생각합니다. 어쩔 수 없이 일어날 수밖에 없기 때문에 이러한 상황에 잘 대처할 수 있도록 시간 관리를 잘 하는 자세가 중요할 것 같습니다.","wordCount":53}}},"rawDataInfo":{"question":{"fileFormat":"wav","fileSize":440078,"duration":13750,"samplingBit":16,"channelCount":1,"samplingRate":"16kHz","audioPath":"/Mock/06.Design/Male/New/ckmk_q_ard_m_n_219085.wav"},"answer":{"fileFormat":"wav","fileSize":2563278,"duration":80100,"samplingBit":16,"channelCount":1,"samplingRate":"16kHz","audioPath":"/Mock/06.Design/Male/New/ckmk_a_ard_m_n_219085.wav"}}}