{"version":"1.0","dataSet":{"info":{"date":"20230116","occupation":"ARD","channel":"MOCK","place":"ONLINE","gender":"MALE","ageRange":"-34","experience":"NEW"},"question":{"raw":{"text":"자 만약 지원자님이 하고 싶은 직무 말고 그 외에 다른 직무를 맡게 되시게 된다면 어떻게 하시겠어요 그렇게 돼도 괜찮으실까요","wordCount":19},"emotion":[],"intent":[]},"answer":{"raw":{"text":"아 네 기본적으로 회사란 필요한 인재를 적재적소에 배치하는 것이라고 즉 배치하는 곳이라고 저는 생각을 하고 있습니다. 따라서 회사에서 제 능력과 역량을 다른 곳에 필요한 적재적소에 배치하시겠다고 생각을 하셨다면 저는 기꺼이 그 결정에 따라서 회사의 결정을 따라야 된다고 생각이 듭니다. 하지만 너무 터무니 없는 그런 직무라면 아무래도 좀 고민을 할 수 있겠지만 어 만약에 그런 것이 아니라 어느정도 연관된 곳에 배치가 되게 이루어진다 이루어지 보통은 되게 이루어지겠죠. 이루어지게 된다면 제가 할 수 있는 모든 역량을 다 들이 부어서 정말 최선을 다해서 이렇게 일을 할 거라고 저는 그렇게 자신 할 수 있습니다. 왜냐하면 제가 중요하게 생각하는 것은 일의 일에 있어서는 경중이 없다고 생각이 들기 때문입니다. 어떠한 일에도 어떠한 일을 하던 간에 이게 회사에게 꼭 필요한 일이고 누군가는 해야 할 일이기 때문에 아무리 그것이 제 마음에 들지 않더라도 저는 그것을 충실하게 이행해야 된다고 늘 생각하고 있기 때문입니다. 이상입니다. 감사합니다.","wordCount":136},"emotion":[],"intent":[{"text":"","expression":"","category":"attitude"}],"summary":{"text":"기본적으로 회사란 필요한 인재를 적재적소에 배치하는 것이라고 저는 생각을 하고 있습니다. 만약 회사에서 제 능력과 역량을 다른 곳에 배치하겠다고 생각을 하셨다면 저는 기꺼이 그 결정에 따라 회사의 결정을 따라야 된다고 생각합니다. 어떠한 일에 있어서 경중이 없다고 생각하며 어떠한 일이든 누군가는 해야 할 일이기 때문에 그것을 충실하게 이행해야 된다고 생각하고 있기 때문입니다.","wordCount":51}}},"rawDataInfo":{"question":{"fileFormat":"wav","fileSize":494478,"duration":15450,"samplingBit":16,"channelCount":1,"samplingRate":"16kHz","audioPath":"/Mock/06.Design/Male/New/ckmk_q_ard_m_n_185259.wav"},"answer":{"fileFormat":"wav","fileSize":2401358,"duration":75040,"samplingBit":16,"channelCount":1,"samplingRate":"16kHz","audioPath":"/Mock/06.Design/Male/New/ckmk_a_ard_m_n_185259.wav"}}}