{"version":"1.0","dataSet":{"info":{"date":"20230116","occupation":"ARD","channel":"MOCK","place":"ONLINE","gender":"MALE","ageRange":"-34","experience":"NEW"},"question":{"raw":{"text":"면접자님께서 직장을 선택하실 때 가장 중요하게 생각하시는 세 가지가 따로 있으실까요 있으시다면 각각 그게 무엇인지 말씀 부탁드립니다","wordCount":17},"emotion":[],"intent":[]},"answer":{"raw":{"text":"제가 직장을 선택할 때 가장 중요하게 생각하는 세 가지는 바로 먼저 조직 문화 그리고 복지 그리고 기업의 네임 밸류입니다. 저는 이러한 먼저 복지 같은 경우에는 복지가 좋아야지 직원들의 업무 능력이 향상되고 그리고 또한 열심히 일을 할 수 있습니다. 그리고 조직 문화 같은 경우에도 너무 수직적이고 위계적이고 관료적인 그러한 문화는 직원들의 역량을 최대한 발휘할 수가 없기 때문입니다. 그리고 마지막 세 번째인 기업의 네임 밸류 같은 경우에도 기업의 네임 밸류가 높아야지 직원들이 하는 일도 충성심을 가지고 또한 애사심을 가지고 일할 수 있기 때문에 저는 오히려 기업의 네임 밸류가 좋아야지 직원들이 열심히 할 수 있고 그리고 앞서 두 가지의 이점도 있어야지 일을 열심히 할 수가 있습니다.","wordCount":103},"emotion":[],"intent":[{"text":"","expression":"","category":"attitude"}],"summary":{"text":"조직 문화, 복지, 기업의 네임 밸류는 직원들이 열심히 할 수 있는 요소입니다. 조직 문화는 수직적이고 위계적인 문화는 직원들의 역량을 최대한 발휘할 수 없습니다. 기업의 네임은 밸류가 높을수록 직원들은 충성심, 애사심을 가지고 일할 수 있습니다.","wordCount":34}}},"rawDataInfo":{"question":{"fileFormat":"wav","fileSize":554958,"duration":17340,"samplingBit":16,"channelCount":1,"samplingRate":"16kHz","audioPath":"/Mock/06.Design/Male/New/ckmk_q_ard_m_n_198603.wav"},"answer":{"fileFormat":"wav","fileSize":2754958,"duration":86090,"samplingBit":16,"channelCount":1,"samplingRate":"16kHz","audioPath":"/Mock/06.Design/Male/New/ckmk_a_ard_m_n_198603.wav"}}}