{"version":"1.0","dataSet":{"info":{"date":"20230116","occupation":"ARD","channel":"MOCK","place":"ONLINE","gender":"MALE","ageRange":"-34","experience":"NEW"},"question":{"raw":{"text":"협업을 할 때 사교성이 좋은 편이신가요 그렇다면 사교성을 키우기 위해서는 어떤 노력을 하셨나요","wordCount":13},"emotion":[],"intent":[]},"answer":{"raw":{"text":"네 저는 협업을 할 때 사교성이 좋은 편입니다. 원래 어느 무리에 가도 잘 물들어 어우러지는 성격을 가졌고 그래서 큰 갈등 없이 무난하게 협동하는 편입니다. 저는 사교성을 키우기 위해서 다른 사람에 이야기나 의견을 무시하지 않고 잘 들어주려고 노력하는 편입니다. 다른 사람들에 의견을 존중하고 공감해 준다면 사교성은 어렵지 않게 키울 수 있다고 생각합니다. 그리고 사람들과도 자연스럽게 친해질 수 있기 때문에 협업 시에도 좋은 분위기를 이끌어 좋은 결과를 많이 만들어 낼 수 있었습니다. 이상입니다.","wordCount":71},"emotion":[],"intent":[{"text":"","expression":"","category":"attitude"}],"summary":{"text":"협업 시 사교성이 좋은 편으로 다른 사람들의 의견을 존중하고 공감해 준다면 사교성은 어렵지 않게 키울 수 있다고 생각합니다.","wordCount":18}}},"rawDataInfo":{"question":{"fileFormat":"wav","fileSize":307278,"duration":9600,"samplingBit":16,"channelCount":1,"samplingRate":"16kHz","audioPath":"/Mock/06.Design/Male/New/ckmk_q_ard_m_n_177704.wav"},"answer":{"fileFormat":"wav","fileSize":2148878,"duration":67150,"samplingBit":16,"channelCount":1,"samplingRate":"16kHz","audioPath":"/Mock/06.Design/Male/New/ckmk_a_ard_m_n_177704.wav"}}}