{"version":"1.0","dataSet":{"info":{"date":"20230116","occupation":"ARD","channel":"MOCK","place":"ONLINE","gender":"MALE","ageRange":"-34","experience":"NEW"},"question":{"raw":{"text":"네 지원자님이 나중에 교번 근무를 하게 되실 수도 있는데요 어 교번 근무에 간간이 좀 적응을 못하는 분들이 계신데 지원자님 본인께서는 교번 근무에 잘 적용할 수 있다고 생각하시나요 그렇다면 근거도 함께 말씀해 주시기 바랍니다","wordCount":33},"emotion":[],"intent":[]},"answer":{"raw":{"text":"저는 어렸을 때부터 운동선수를 해왔기 때문에 저는 체력적인 부분에 있어서는 굉장히 강한 편이라고 말씀드릴 수 있겠습니다. 일례로 저는 고등학교 이 학년 때 무려 마라톤이 사십 이 점 일 구 오 킬로미터인데 저는 무려 열 여덟 살의 어린 나이에 사십 사 키로를 뛰었습니다. 그것도 평지가 아니라 산비탈 길이 굉장히 많은 그러한 코스였습니다. 그리고 또는 저는 군 생활을 할 때 항상 밤낮이 바뀌었습니다. 항상 교대 근무로 들어갔고 새벽 근무 그리고 항상 야간 반 그래서 항상 밤낮이 바뀐 경험이 많았기 때문에 저는 그러한 체력적인 부분 그리고 밤낮에 관한 부분 이러한 것에 있어서 교번 근무는 저에게 엄청 적응을 잘 할 수 있는 그러한 근무 형태라고 생각이 듭니다. 때문에 저의 이러한 경험들은 다른 지원자들보다 더욱 많은 체력적인 강점이 있을 것이라는 생각이 들기 때문에 저는 잘 적응할 수 있을 거라고 말씀드릴 수 있겠습니다.","wordCount":127},"emotion":[],"intent":[{"text":"저는 어렸을 때부터 운동선수를 해왔기 때문에 저는 체력적인 부분에 있어서는 굉장히 강한 편이라고 말씀드릴 수 있겠습니다.","expression":"c_private","category":"background"}],"summary":{"text":"저는 어렸을 때부터 운동선수를 해왔기 때문에 체력적인 부분이 굉장히 강한 편입니다. 또한 군 생활을 할 때 항상 밤낮이 바뀐 경험이 많았기 때문에 교번 근무는 제가 적응을 잘 할 수 있는 근무 형태라고 생각합니다.","wordCount":33}}},"rawDataInfo":{"question":{"fileFormat":"wav","fileSize":527438,"duration":16480,"samplingBit":16,"channelCount":1,"samplingRate":"16kHz","audioPath":"/Mock/06.Design/Male/New/ckmk_q_ard_m_n_198101.wav"},"answer":{"fileFormat":"wav","fileSize":2726158,"duration":85190,"samplingBit":16,"channelCount":1,"samplingRate":"16kHz","audioPath":"/Mock/06.Design/Male/New/ckmk_a_ard_m_n_198101.wav"}}}