{"version":"1.0","dataSet":{"info":{"date":"20230116","occupation":"ARD","channel":"MOCK","place":"ONLINE","gender":"MALE","ageRange":"35-44","experience":"NEW"},"question":{"raw":{"text":"지원자께서는 본인이 생각하는 장점과 단점을 설명해 말씀해 주시길 바랍니다 그리고 그것을 특화시키고 극복하기 위하여 했던 노력도 함께 설명하여 말씀해 주시길 바랍니다","wordCount":21},"emotion":[],"intent":[]},"answer":{"raw":{"text":"저는 사람들과 잘 어울릴 수도 있고 얘기도 많이 들어주는 장점을 갖고 있습니다. 즉 사람들과 협업 업무 진행에 있어서 어 이끄는 능력도 있고 서포트 해주는 능력도 있고 조언을 해주는 능력을 갖고 있습니다. 그래서 이 장점을 특화시키기 위한 대외 활동을 많이 하였습니다. 어 청소년들을 이끌고 진행하는 캠프의 리더로 많이 참여를 하였고 대외에서 하는 행사 같은 경우 자원봉사자 특히 자원봉사자를 이끄는 역할을 많이 했습니다. 뿐만 아니라 어떤 모임에 있어서 서버의 역할을 해야 될 필요성이 있으면 기꺼이 먼저 나서서 서버의 역할을 많이 했습니다. 두 번째로는 저의 단점은 음 어떻게 들리실지 모르겠지만 생김새입니다. 네 저는 매력적으로 생기지 않았습니다. 흔히 말해서 못생겼다고 하죠. 하지만 저는 이 못생겼다라는 거를 인식한 이후부터 저는 개성으로 발전시키기 위한 노력을 하였습니다. 못생겼어 하지만 나는 얼굴만으로도 다른 사람들을 웃게 만들어줄 수 있어 그래서 편안하게 다가갈 수 있어 라는 의식을 항상 심어 왔습니다. 그리고 실제로 그렇게 보이는 행동을 하였고 그런 말을 하였더니 상대방들도 편안하게 받아주었습니다. 저를 보면 웃고 편안하게 많은 얘기를 해 줍니다. 저는 그렇게 극복을 했다라고 생각을 합니다.","wordCount":156},"emotion":[],"intent":[{"text":"저는 사람들과 잘 어울릴 수도 있고 얘기도 많이 들어주는 장점을 갖고 있습니다.","expression":"c_person","category":"background"}],"summary":{"text":"협업 업무 진행에 있어 이끄는 능력도 있고 서포트 해주는 능력도 있고 조언을 해주는 능력을 갖고 있어서 이 장점을 특화시키기 위한 대외 활동을 많이 하였습니다. 둘째로 저는 매력적으로 생기지 않았지만 얼굴만으로도 다른 사람들을 웃게 만들어줄 수 있어 그래서 편안하게 다가갈 수 있어 라는 의식을 심어 왔고 실제로 그렇게 보이는 행동을 하였더니 상대방들도 편안하게 받아주었습니다.","wordCount":53}}},"rawDataInfo":{"question":{"fileFormat":"wav","fileSize":559086,"duration":17469,"samplingBit":16,"channelCount":1,"samplingRate":"16kHz","audioPath":"/Mock/06.Design/Male/New/ckmk_q_ard_m_n_189212.wav"},"answer":{"fileFormat":"wav","fileSize":2617678,"duration":81800,"samplingBit":16,"channelCount":1,"samplingRate":"16kHz","audioPath":"/Mock/06.Design/Male/New/ckmk_a_ard_m_n_189212.wav"}}}