{"version":"1.0","dataSet":{"info":{"date":"20230116","occupation":"ARD","channel":"MOCK","place":"ONLINE","gender":"MALE","ageRange":"-34","experience":"NEW"},"question":{"raw":{"text":"면접자 본인의 대표 프로젝트 작품에 관해 설명해 주시겠습니까","wordCount":8},"emotion":[],"intent":[]},"answer":{"raw":{"text":"제가 여태까지 진행했던 음 공모전 작품 중에서 대표적인 사례를 하나 말씀 드릴 수 있을 것 같습니다. 어 저는 이제 디자인 전공자로서 대학교 재학 시절에 좀 여러 가지 디자인 프로젝트나 디자인 공모전 등을 진행하였습니다. 어 제가 가장 기억에 남는 것은 어 좀 팀 단위로 진행을 했던 그런 디자인 공모전이었는데요. 저는 해당 공모전을 진행하면서 어 리더의 역할을 맡게 되어서 진행을 하게 되었고 어 팀원들 간에 융합하는 방법에 대해서 많은 생각을 해 볼 수 있었던 그러한 시간이었습니다. 사실 디자인 분야라는 것이 어 그냥 개인이 디자인을 잘하면 끝이다 라고 생각하실 수도 있겠지만 그렇기보다는 팀으로 협업해야 하는 프로젝트가 정말 많고 어 나의 뛰어난 실력도 중요하지만 어 상대방의 뛰어난 실력까지도 이제 나의 작품과 융화시킬 수 있는 그러한 능력도 굉장히 중요하다고 볼 수 있겠습니다. 저는 해당 공모전을 진행하면서 그러한 방법에 대해서 많은 생각들을 해 볼 수 있었고 어 지금까지도 가장 기억에 남으며 앞으로 이제 회사 생활에 있어서 팀 프로젝트를 진행하면서 좀 많은 도움이 되지 않을까 생각하고 있습니다.","wordCount":150},"emotion":[{"text":"어 저는 이제 디자인 전공자로서 대학교 재학 시절에 좀 여러 가지 디자인 프로젝트나 디자인 공모전 등을 진행하였습니다.","expression":"u-fact","category":"neutral"}],"intent":[{"text":"라고 생각하실 수도 있겠지만 그렇기보다는 팀으로 협업해야 하는 프로젝트가 정말 많고 어 나의 뛰어난 실력도 중요하지만 어 상대방의 뛰어난 실력까지도 이제 나의 작품과 융화시킬 수 있는 그러한 능력도 굉장히 중요하다고 볼 수 있겠습니다.","expression":"c_cop","category":"personality"}],"summary":{"text":"디자인 전공자로서 팀 단위로 진행을 했던 디자인 공모전이 가장 기억에 남습니다. 팀원들 간에 융합하는 방법에 대해서 생각해 볼 수 있었던 시간이었습니다. 팀 협업해야 하는 프로젝트가 정말 많고 상대방의 실력까지도 저의 작품과 융화시킬 수 있는 능력도 중요하다고 볼 수 있고 앞으로도 도움이 될 것 같습니다.","wordCount":44}}},"rawDataInfo":{"question":{"fileFormat":"wav","fileSize":284238,"duration":8880,"samplingBit":16,"channelCount":1,"samplingRate":"16kHz","audioPath":"/Mock/06.Design/Male/New/ckmk_q_ard_m_n_228181.wav"},"answer":{"fileFormat":"wav","fileSize":2630478,"duration":82200,"samplingBit":16,"channelCount":1,"samplingRate":"16kHz","audioPath":"/Mock/06.Design/Male/New/ckmk_a_ard_m_n_228181.wav"}}}