{"version":"1.0","dataSet":{"info":{"date":"20230116","occupation":"ARD","channel":"MOCK","place":"ONLINE","gender":"MALE","ageRange":"-34","experience":"NEW"},"question":{"raw":{"text":"어 업무 특성상 해외 파견 근무를 나갈 일이 굉장히 많이 생깁니다 지원자님께서는 그중에 어느 나라에서 일을 하고 싶으신가요 이유도 함께 말씀해 주시길 바랍니다","wordCount":23},"emotion":[],"intent":[]},"answer":{"raw":{"text":"제가 만약에 해외에 파견 근무를 나가게 된다면 저는 미국에서 일을 해 보고 싶습니다. 어 그 많고 많은 나라 중에 하필 미국을 고른 이유라고 하면 여러 가지가 있을 수 있겠지만 우선 어 미국에서 일을 해 보고 싶다고 생각하게 된 이유는 가장 큰 이유로 어 좀 언어적인 부분에 있어서 자신감이 있기 때문입니다. 어 제 자기소개서나 이력서에서도 살펴보실 수 있겠지만 어 저는 영어에 대해서 강한 자신감을 가지고 있습니다. 어 높은 영어 공인 성적을 유지하고 있기도 하고 어 이제 체류 경험이나 심지어는 이제 교환 학생 경험도 있기 때문에 어 어느 정도 미국에 있는 것이 저에게 친숙하기도 합니다. 어 이 친숙한 환경 또한 어 좀 효율적인 업무를 위해서 환경적으로 중요한 부분이라고 생각을 하기 때문에 음 굳이 해외 파견 근무를 꼭 나가야 한다면 어 저는 다른 나라들보다도 미국에서 한번 일을 해 보고 싶습니다.","wordCount":127},"emotion":[{"text":"어 그 많고 많은 나라 중에 하필 미국을 고른 이유라고 하면 여러 가지가 있을 수 있겠지만 우선 어 미국에서 일을 해 보고 싶다고 생각하게 된 이유는 가장 큰 이유로 어 좀 언어적인 부분에 있어서 자신감이 있기 때문입니다.","expression":"p-interest","category":"positive"},{"text":"어 이 친숙한 환경 또한 어 좀 효율적인 업무를 위해서 환경적으로 중요한 부분이라고 생각을 하기 때문에 음 굳이 해외 파견 근무를 꼭 나가야 한다면 어 저는 다른 나라들보다도 미국에서 한번 일을 해 보고 싶습니다.","expression":"p-interest","category":"positive"}],"intent":[{"text":"","expression":"","category":"attitude"}],"summary":{"text":"해외 파견 근무를 가게 된다면 저는 미국에서 일하고 싶습니다. 그 이유는 언어적인 부분에 있어서 자신감이 있기 때문입니다. 그리고 친숙한 환경 또한 효율적인 업무를 위해서 중요한 부분이라고 생각하기 때문에 다른 나라들보다도 미국에서 한번 일을 해 보고 싶었습니다.","wordCount":36}}},"rawDataInfo":{"question":{"fileFormat":"wav","fileSize":551438,"duration":17230,"samplingBit":16,"channelCount":1,"samplingRate":"16kHz","audioPath":"/Mock/06.Design/Male/New/ckmk_q_ard_m_n_228587.wav"},"answer":{"fileFormat":"wav","fileSize":2475278,"duration":77350,"samplingBit":16,"channelCount":1,"samplingRate":"16kHz","audioPath":"/Mock/06.Design/Male/New/ckmk_a_ard_m_n_228587.wav"}}}