{"version":"1.0","dataSet":{"info":{"date":"20230116","occupation":"ARD","channel":"MOCK","place":"ONLINE","gender":"MALE","ageRange":"-34","experience":"NEW"},"question":{"raw":{"text":"인간은 살면서 다양한 경험을 하게 되는데요 지원자님께서 지금까지 살면서 가장 힘들었던 경험은 무엇입니까 그리고 그 힘듦을 어떻게 극복하셨는지도 말씀 한번 해 주시기 바랍니다","wordCount":23},"emotion":[],"intent":[]},"answer":{"raw":{"text":"저는 대학 입시에 실패한 것을 새내기 일 년 동안 스스로의 핸드캡으로 가지고 있었던 것입니다. 수능시험 당일 컨디션 저조로 평소보다 낮은 성적을 받아 원하던 대학에 가지 못했습니다. 하지만 원하던 전공을 포기할 수는 없었고 학교를 조정해 지금의 학교에 진학했습니다. 저는 스스로에 대한 실망감으로 일 학년 동안 전공 수업은 열심히 들으면서도 학교의 마음을 못 붙이고 있었습니다. 그러던 중 편입을 고민하며 찾아갔던 학교 상담실에서 다양한 재학생 지원 프로그램을 알게 되었고 제가 조금만 노력한다면 훨씬 많은 기회를 얻을 수 있다는 것을 알게 되었습니다. 또한 제가 후회만 하고 있는 일 년 사이 발 빠르게 움직인 친구들이 있다는 것을 알고 스스로의 바보스러움을 보았습니다. 그때부터 학과 활동은 물론 대내외 활동에도 적극적으로 임해 앞으로 직무 용 직무에 필요한 역량을 시험할 수 있는 공모전 준비에도 열중했습니다. 그래서 저는 학교생활을 적극적으로 해서 공모전에도 수상을 하고 제가 원래 목표를 했던 학교 친구들과 경쟁을 해서 제가 수상했을 때 희열이 아직도 잊혀지지 않습니다. 이를 통해 제가 쌓아 놓은 벽을 깨고 도전하는 법을 배웠습니다.","wordCount":149},"emotion":[{"text":"하지만 원하던 전공을 포기할 수는 없었고 학교를 조정해 지금의 학교에 진학했습니다.","expression":"u-fact","category":"neutral"},{"text":"저는 스스로에 대한 실망감으로 일 학년 동안 전공 수업은 열심히 들으면서도 학교의 마음을 못 붙이고 있었습니다.","expression":"n-sadness","category":"positive"},{"text":"그래서 저는 학교생활을 적극적으로 해서 공모전에도 수상을 하고 제가 원래 목표를 했던 학교 친구들과 경쟁을 해서 제가 수상했을 때 희열이 아직도 잊혀지지 않습니다.","expression":"p-happiness","category":"positive"}],"intent":[{"text":"","expression":"","category":"attitude"}],"summary":{"text":"새내기 일 년 동안 대학 입시에 실패한 것을 스스로 핸드캡으로 가지고 있었습니다. 수능시험 당일 컨디션 저조로 원하던 대학에 가지 못했으나 학교를 조정해 지금의 학교에 진학했습니다. 그러던 중 다양한 재학생 지원 프로그램을 알게 되고 스스로 바보스러움을 보았습니다. 학교생활을 적극적으로 해서 공모전에도 수상하고 경쟁하며 도전법을 배웠습니다.","wordCount":44}}},"rawDataInfo":{"question":{"fileFormat":"wav","fileSize":582798,"duration":18210,"samplingBit":16,"channelCount":1,"samplingRate":"16kHz","audioPath":"/Mock/06.Design/Male/New/ckmk_q_ard_m_n_193371.wav"},"answer":{"fileFormat":"wav","fileSize":2778638,"duration":86830,"samplingBit":16,"channelCount":1,"samplingRate":"16kHz","audioPath":"/Mock/06.Design/Male/New/ckmk_a_ard_m_n_193371.wav"}}}