{"version":"1.0","dataSet":{"info":{"date":"20230116","occupation":"ARD","channel":"MOCK","place":"ONLINE","gender":"MALE","ageRange":"-34","experience":"NEW"},"question":{"raw":{"text":"지원자께서는 지금까지 인생을 살아오면서 가장 후회되는 일이 있다면 어떠한 일인지 궁금합니다 한 가지만 말씀해 주시길 바랍니다","wordCount":16},"emotion":[],"intent":[]},"answer":{"raw":{"text":"대학 입시에 실패한 것을 새내기 일 년 동안 스스로의 핸디캡으로 가지고 있었던 것입니다. 수능 시험 당일 컨디션 저조로 평소보다 삼십 점이 낮은 성적을 받아 원하던 대학에 가지 못했습니다. 하지만 원하던 전공을 포기할 수는 없었고 학교를 조정해 지금의 학교에 진학했습니다. 부모님께 죄송한 마음과 무엇보다 스스로에 대한 실망감으로 일 학년 동안 일 학년 동안 전공 수업은 열심히 들으면서도 학교의 마음을 못 붙이고 있었습니다. 그러던 중 학교 상담실에서 다양한 재학생 지원 프로그램을 알게 되었고 제가 조금만 노력한다면 훨씬 많은 기회를 얻을 수 있다는 것을 알게 되었습니다. 또한 제가 후회만 하고 있는 사이 더 발 빠르게 움직인 친구들이 있다는 것을 알고 자책도 하였습니다. 문제는 학교가 아니라 저였습니다. 그때부터 학과 활동 물론 대내외 활동에도 적극적으로 임했습니다. 무엇보다 앞으로 직무가 직무에 필요한 역량을 시험할 수 있는 공모전 준비에 열중했고 공모전 준비를 열심히 해서 수상하기도 했습니다. 저는 이를 통해 제가 쌓아놓은 벽을 깨고 도전하는 법을 배웠습니다.","wordCount":139},"emotion":[{"text":"무엇보다 앞으로 직무가 직무에 필요한 역량을 시험할 수 있는 공모전 준비에 열중했고 공모전 준비를 열심히 해서 수상하기도 했습니다.","expression":"u-fact","category":"neutral"}],"intent":[{"text":"무엇보다 앞으로 직무가 직무에 필요한 역량을 시험할 수 있는 공모전 준비에 열중했고 공모전 준비를 열심히 해서 수상하기도 했습니다.","expression":"c_private","category":"background"}],"summary":{"text":"새내기 일 년 동안 대학 입시에 실패한 것을 핸디캡으로 가지고 있었습니다. 수능 시험 당일 컨디션 저조로 원하던 대학에 가지 못했으나 학교를 조정해 지금의 학교에 진학했습니다. 그러던 중 다양한 재학생 지원 프로그램을 알게 되었고 학과 활동 물론 대내외 활동에도 적극적으로 임했으며 이를 통해 도전법을 배웠습니다.","wordCount":44}}},"rawDataInfo":{"question":{"fileFormat":"wav","fileSize":448718,"duration":14020,"samplingBit":16,"channelCount":1,"samplingRate":"16kHz","audioPath":"/Mock/06.Design/Male/New/ckmk_q_ard_m_n_184846.wav"},"answer":{"fileFormat":"wav","fileSize":2721678,"duration":85050,"samplingBit":16,"channelCount":1,"samplingRate":"16kHz","audioPath":"/Mock/06.Design/Male/New/ckmk_a_ard_m_n_184846.wav"}}}