{"version":"1.0","dataSet":{"info":{"date":"20230116","occupation":"ARD","channel":"MOCK","place":"ONLINE","gender":"MALE","ageRange":"-34","experience":"NEW"},"question":{"raw":{"text":"면접자님께서는 이 분야에 지원하시기 위해서 관련된 어떤 노력들을 하셨을까요 지금 생각나는 대로 한번 말씀 부탁드립니다","wordCount":15},"emotion":[],"intent":[]},"answer":{"raw":{"text":"저는 이 분야에 지원을 하기 위해서 여태까지 이 분야에서 종사했던 사람들의 보고서 프로젝트 결과 보고서 같은 그런 것들을 세세히 하나도 놓치지 않고 다 읽어보려고 노력을 했습니다. 물론 보안에 문제가 되는 자료들은 물론 자가 구할 수도 없었고요. 이제 시중에 공개되어 있는 그 정도의 보고서만을 가지고 제가 이제 분석의 과정을 거쳤었습니다. 그 과정 자체는 저로서는 수많은 데이터들을 수집하는 과정이었고 그렇게 수집하는 과정에서 그 사람들의 노하우를 배울 수 있었고 또 개선해야 될 부분들이 또 관찰이 되었었고 또 어떤 부분은 나에게도 맞는 부분이구나 라는 것들이 관찰이 되어지는 부분도 있었었습니다. 그래서 그런 자료들을 수집하고 어떤 조사하는 과정 자체가 저에게는 이 분야에 내가 일을 잘 하기 위해서 노력을 기울였던 그런 여러 가지 부분들 중에서 저는 그것이 저에게 가장 도움이 되었다고 확실하게 말씀을 드리겠습니다.","wordCount":117},"emotion":[],"intent":[{"text":"","expression":"","category":"attitude"}],"summary":{"text":"저는 이 분야에 지원을 하기 위해서 이 분야에 종사했던 사람들의 보고서 프로젝트 결과 보고서 같은 것들을 세세히 하나도 놓치지 않고 다 읽어보려고 노력을 했습니다. 그 과정 자체는 수많은 데이터들을 수집하는 과정이었고 그 사람들의 노하우를 배울 수 있었고 개선해야할 부분들이나 어떤 부분이 나에게도 맞는 부분이구나 라는 것들이 관찰이 되었습니다.","wordCount":48}}},"rawDataInfo":{"question":{"fileFormat":"wav","fileSize":491918,"duration":15370,"samplingBit":16,"channelCount":1,"samplingRate":"16kHz","audioPath":"/Mock/06.Design/Male/New/ckmk_q_ard_m_n_227565.wav"},"answer":{"fileFormat":"wav","fileSize":2579918,"duration":80620,"samplingBit":16,"channelCount":1,"samplingRate":"16kHz","audioPath":"/Mock/06.Design/Male/New/ckmk_a_ard_m_n_227565.wav"}}}