{"version":"1.0","dataSet":{"info":{"date":"20230116","occupation":"ARD","channel":"MOCK","place":"ONLINE","gender":"MALE","ageRange":"-34","experience":"NEW"},"question":{"raw":{"text":"지원자님께서 다룰 수 있는 프로그램이 있으신가요 그리고 만약 있다면 그 프로그램은 무엇이며 어느 정도 수준까지 사용할 수 있는지 얘기해 주시기 바랍니다","wordCount":21},"emotion":[],"intent":[]},"answer":{"raw":{"text":"다룰 수 있는 프로그램이 있으신가요. 있으시다면 그 프로그램을 어느 수준으로 사용할 수 있는지 궁금합니다 라고 이렇게 질문을 해주셨는데요. 학교에서 방과 후 수업으로 엑셀을 배우고 이제 엑셀 자격증을 취득했고 초등학교 때나 어릴 때 파워 포인트까지 취득을 했는데 파워포인트는 뭐 어떤 작업을 해서 이렇게 발표하고 이게 프레젠테이션을 할 수 있을 정도는 되는 것 같고요. 엑셀은 어 아직 이 부족하지만 함수를 몇 개 할 수 있어서 뭐 회사에서 작업하거나 그럴 때는 문제 없을 것 같다고 생각을 하고 하지만 다니면서도 배워도 되고 지 모르는 부분이 많기 때문에 어 그건 좀 하고 싶고 만약에 한다면 이제 엑셀에도 이제 회사를 들어가면 굉장히 엑셀을 사용할 일이 많다고 생각을 하기 때문에 엑셀 이랑 파워 포인트를 할 수 있지만 엑셀에 대해서 어 다니면서도 더 공부를 하고 어 인제 뭐 작업을 할 정도는 되지만 이제 차표로 나타내거나 그런 더 세밀한 작업들을 해야 할 일이 많기 때문에 엑셀에 대해서 좀 더 배운 후에 함수나 이런 것을 활용해서 뭐 개표나 인제 인제 목차나 절차 같은 거를 작업할 정도까지 실력을 올리는 것도 꼭 필요하다고 생각하고 있습니다.","wordCount":163},"emotion":[],"intent":[{"text":"","expression":"","category":"attitude"}],"summary":{"text":"엑셀은 함수를 몇 개 할 수 있어서 회사 작업에는 문제가 없을 것 같으나 엑셀과 파워 포인트를 병행하고 있고 작업을 할 정도는 되지만 세밀한 작업들을 해야 할 일이 많기 때문에 엑셀에 대해서 좀 더 배운 후 함수나 이런 것을 활용해서 개표나 목차나 절차 같은 것을 작업할 정도로 실력을 올리는 것도 꼭 필요하다고 생각합니다.","wordCount":52}}},"rawDataInfo":{"question":{"fileFormat":"wav","fileSize":399438,"duration":12480,"samplingBit":16,"channelCount":1,"samplingRate":"16kHz","audioPath":"/Mock/06.Design/Male/New/ckmk_q_ard_m_n_201643.wav"},"answer":{"fileFormat":"wav","fileSize":2745678,"duration":85800,"samplingBit":16,"channelCount":1,"samplingRate":"16kHz","audioPath":"/Mock/06.Design/Male/New/ckmk_a_ard_m_n_201643.wav"}}}