{"version":"1.0","dataSet":{"info":{"date":"20230116","occupation":"ARD","channel":"MOCK","place":"ONLINE","gender":"MALE","ageRange":"-34","experience":"NEW"},"question":{"raw":{"text":"남을 잘 이끄는 리더형과 남을 잘 따르는 팔로워형이 있다면 본인은 어떤 유형에 더 가깝나요 또한 그 이유는 무엇인가요","wordCount":18},"emotion":[],"intent":[]},"answer":{"raw":{"text":"저 같은 경우에는 남을 잘 이끄는 리더형이라고 볼 수 있겠습니다. 저는 고등학교 때까지 운동 선수 생활을 해왔었는데 저는 중학교 삼 학년 고등학교 삼 학년 이 때 모두 팀의 주장을 맡았었습니다. 그리고 대학교 때는 이제 제가 고 삼 때 마지막에 좀 다쳐서 운동 선수의 꿈을 접고 재수를 해서 대학교에 들어갔는데 이 때 이제 제가 다른 친구들보다 그 나이가 한 두 살 정도 많으니까 항상 전공 수업 조별 과제를 할 때에는 제가 팀장을 맡았었습니다. 이제 그럴 때마다 제가 어떻게 보면은 단지 나이가 많다는 이유로 이렇게 팀장을 해 왔지만 반면에 저는 운동선수 시절에 항상 주장도 해왔고 그리고 또한 제가 군대도 대학교 이 학년을 마치고 가서 군대도 제가 동기들보다 한 두 살 정도 더 많았고 선임들이랑 나이가 같거나 그랬었습니다. 때문에 저는 항상 형 취급을 당했고 그래서 제가 항상 주도적으로 하고 제가 잔소리도 하고 그렇게 해서 저는 항상 어 리더형의 역할을 맡아 왔습니다.","wordCount":138},"emotion":[],"intent":[{"text":"저 같은 경우에는 남을 잘 이끄는 리더형이라고 볼 수 있겠습니다.","expression":"c_person","category":"background"},{"text":"저는 고등학교 때까지 운동 선수 생활을 해왔었는데 저는 중학교 삼 학년 고등학교 삼 학년 이 때 모두 팀의 주장을 맡았었습니다.","expression":"c_private","category":"background"}],"summary":{"text":"저는 리더형이라고 볼 수 있습니다. 고등학교 때까지 주장을 맡았고 대학교 때는 팀장을 맡았습니다. 그리고 군대에서도 선임들과 나이가 같았기 때문에 항상 형 취급을 당했기 때문에 저는 항상 리더형의 역할을 맡아 왔습니다.","wordCount":30}}},"rawDataInfo":{"question":{"fileFormat":"wav","fileSize":614478,"duration":19200,"samplingBit":16,"channelCount":1,"samplingRate":"16kHz","audioPath":"/Mock/06.Design/Male/New/ckmk_q_ard_m_n_198289.wav"},"answer":{"fileFormat":"wav","fileSize":2745038,"duration":85780,"samplingBit":16,"channelCount":1,"samplingRate":"16kHz","audioPath":"/Mock/06.Design/Male/New/ckmk_a_ard_m_n_198289.wav"}}}