{"version":"1.0","dataSet":{"info":{"date":"20230116","occupation":"ARD","channel":"MOCK","place":"ONLINE","gender":"MALE","ageRange":"-34","experience":"NEW"},"question":{"raw":{"text":"커뮤니케이션을 잘 하는 지원자님의 스킬이 있다면 한 번 소개해 주시겠습니까 직접 한 번 보여주셔도 좋습니다","wordCount":15},"emotion":[],"intent":[]},"answer":{"raw":{"text":"음 커뮤니케이션을 잘할 수 있는 나만의 스킬이 있다면 한번 소개해 주시겠어요 직접 한번 보셔도 좋습니다 라고 이렇게 질문을 해주셨는데요. 어 제가 커뮤니케이션을 잘할 수 있는 나만의 스키를 소개하자면 저는 일단 어 옛날부터 되게 친구들과 대화도 많이 하고 대화할 때 의미없는 대화보다 어 잘 이끌어가며 상대방 말을 경청을 잘하고 내 말 할 때도 어 근거가 없는 게 아니라 근거 있이 어 되게 조리 있게 말하는 것을 굉장히 좋아하고 연습을 많이 했습니다. 그리고 어 그 면접 준비를 한번 한 적이 있었는데 어 그때를 빌미로 어 선생님과 이제 부모님과 형과 친구와 어 이렇게 면접 준비를 하면서도 커뮤니케이션을 굉장히 잘하려고 나의 의사를 잘 전달하기 위해서 많은 노력을 했었는데요. 그런 것들이 나만의 스킬이라 할 수 있고 혼자 거울 보면서 이렇게 말하기 연습도 했고 커뮤니케이션을 잘 하기 위해서는 상대방의 말을 잘 들어야 한다고 생각하기 때문에 어 된장히 그런 점에 대해서 연습을 많이 했던 어 기억이 있습니다. 직접 한번 보여주기는 부끄러워서 어 패스하도록 하겠습니다. 감사합니다.","wordCount":148},"emotion":[{"text":"직접 한번 보여주기는 부끄러워서 어 패스하도록 하겠습니다.","expression":"n-shame","category":"negative"}],"intent":[{"text":"","expression":"","category":"attitude"}],"summary":{"text":"커뮤니케이션을 잘 하기 위해서는 상대방의 말을 잘 들어야 한다고 생각하기 때문에 그런 점에 대해서 연습을 많이 했던 기억이 있습니다. 직접 보여주기는 부끄러워서 패스하도록 하겠습니다.","wordCount":24}}},"rawDataInfo":{"question":{"fileFormat":"wav","fileSize":499918,"duration":15620,"samplingBit":16,"channelCount":1,"samplingRate":"16kHz","audioPath":"/Mock/06.Design/Male/New/ckmk_q_ard_m_n_174313.wav"},"answer":{"fileFormat":"wav","fileSize":2650638,"duration":82830,"samplingBit":16,"channelCount":1,"samplingRate":"16kHz","audioPath":"/Mock/06.Design/Male/New/ckmk_a_ard_m_n_174313.wav"}}}