{"version":"1.0","dataSet":{"info":{"date":"20230116","occupation":"ARD","channel":"MOCK","place":"ONLINE","gender":"MALE","ageRange":"-34","experience":"NEW"},"question":{"raw":{"text":"지원자님은 개인 작업을 많이 하시는 편이신가요 개인 작업을 할 수 있는 원동력은 무엇이신가요","wordCount":13},"emotion":[],"intent":[]},"answer":{"raw":{"text":"개인적으로 작업할 때만 발동되는 아주 독특한 집중력과 몰입력이 있다고 저는 생각을 합니다. 물론 사람들이랑 같이 일할 때 사람들을 통해서 얻는 시너지도 무시할 수 없다고 생각을 합니다. 그렇지만 혼자 있을 때 어떤 방해도 없이 나와 오로지 그 문제만을 대할 때 발동되는 그 집중력은 다른 사람들 틈 속에 있는 다른 사람 다른 사람들 틈 속에 있을 때와 발견되는 에너지와는 굉장히 다른 밀도의 집중력이라고 저는 생각을 하고 있습니다. 그래서 저는 종종 다른 사람들과 함께 있을 때도 혼자 있는 것처럼 개인 작업하는 것처럼 그런 밀도 있는 집중력을 만들기 위해서 제 귀를 닫고 모든 시선을 차단하고 저와 이 문제만 집중될 수 있는 환경을 종종 만들고는 합니다. 그렇게 밀도 있는 집중력은 저를 불 타오르게 하고 살아있다는 어떤 원동력을 생겨주게 합니다. 그런 원동력은 저에 삶에 동기가 되고 제가 저를 더욱더 채찍질 있게 움직일 게 해주는 원동력이 됩니다.","wordCount":130},"emotion":[],"intent":[{"text":"","expression":"","category":"attitude"}],"summary":{"text":"개인적으로 작업할 때 발동되는 집중력과 몰입력은 다른 사람들 틈 속에 있을 때와 다른 밀도의 집중력이라고 생각합니다. 그래서 제 귀를 닫고 모든 시선을 차단하고 저와 이 문제만 집중될 수 있는 환경을 만들곤 합니다. 밀도 있는 집중력은 살아있다는 어떤 원동력이 생기며 저의 삶에 동기가 되고 나를 더욱더 채찍질하게 해주는 원동력이 됩니다.","wordCount":49}}},"rawDataInfo":{"question":{"fileFormat":"wav","fileSize":294478,"duration":9200,"samplingBit":16,"channelCount":1,"samplingRate":"16kHz","audioPath":"/Mock/06.Design/Male/New/ckmk_q_ard_m_n_194167.wav"},"answer":{"fileFormat":"wav","fileSize":2769998,"duration":86560,"samplingBit":16,"channelCount":1,"samplingRate":"16kHz","audioPath":"/Mock/06.Design/Male/New/ckmk_a_ard_m_n_194167.wav"}}}