{"version":"1.0","dataSet":{"info":{"date":"20230116","occupation":"ARD","channel":"MOCK","place":"ONLINE","gender":"MALE","ageRange":"-34","experience":"NEW"},"question":{"raw":{"text":"디자인 산업의 미래 전망에 관한 본인의 생각을 아 지금 답변해 주시겠습니까","wordCount":11},"emotion":[],"intent":[]},"answer":{"raw":{"text":"저는 디자인 산업의 미래 전망에 대해서 어떻게 생각하냐면은 먼저 현재 계속해서 산업이 발전하고 사람들의 소득 수준이 많이 향상되고 이를 통해서 사람들의 수준이 높아지고 그리고 기술력도 점점 상향 평준 평준화되어 가고 있습니다. 예전에는 스마트폰을 살 때에 성능이 빠르고 그러한 것들을 구입하였지만 지금은 거의 나오는 모든 제품들이 성능이 좋기 때문에 그 이외의 것들에 구매 요소로 중요 요인으로 반영합니다. 때문에 디자인 산업의 미래는 매우 밝다고 볼 수 있습니다. 현재 기술력들은 계속해서 많이 발전한 상태이고 때문에 소비자들은 더 이상 이러한 성능보다는 오히려 디자인 부분 요소에 더욱더 관심을 기울이기 때문입니다. 그리고 때문에 사람들은 소득 수준도 향상돼서 어 실내 인테리어 디자인과 같은 것들에 소비 지출이 많이 늘었고 때문에 디자인 산업 전망은 더욱더 좋다고 말씀드릴 수 있겠습니다.","wordCount":110},"emotion":[],"intent":[{"text":"","expression":"","category":"attitude"}],"summary":{"text":"디자인 산업의 미래는 산업이 발전하고 사람들의 소득 수준이 향상되어 기술력이 점점 상향 평준 평준화되어 가고 있기 때문에 매우 밝다고 볼 수 있습니다. 소비자들은 디자인 부분 요소에 더욱더 관심을 기울이기 때문입니다.","wordCount":30}}},"rawDataInfo":{"question":{"fileFormat":"wav","fileSize":279438,"duration":8730,"samplingBit":16,"channelCount":1,"samplingRate":"16kHz","audioPath":"/Mock/06.Design/Male/New/ckmk_q_ard_m_n_198605.wav"},"answer":{"fileFormat":"wav","fileSize":2701518,"duration":84420,"samplingBit":16,"channelCount":1,"samplingRate":"16kHz","audioPath":"/Mock/06.Design/Male/New/ckmk_a_ard_m_n_198605.wav"}}}