{"version":"1.0","dataSet":{"info":{"date":"20230116","occupation":"ARD","channel":"MOCK","place":"ONLINE","gender":"MALE","ageRange":"-34","experience":"NEW"},"question":{"raw":{"text":"어 입사를 한 후에 쉬운 일과 어려운 일이 있다고 할 때 이 일에 대한 분배를 어떻게 하실 건가요 또 어떻게 이 일을 나눠서 처리하실 건지 궁금합니다","wordCount":26},"emotion":[],"intent":[]},"answer":{"raw":{"text":"입사 후 쉬운 일과 어려운 일이 있을 때 이를 분배하는 과정에 대해서 말씀 드리자면 저는 쉬운 일을 먼저 한 다음에 그다음에 어려운 일을 할 것 같습니다. 그 이유는 쉬운 일을 먼저 처리를 하게 될 경우 어려운 일을 처리하는 과정에 있어서 좀 더 집중을 할 수 있고 그리고 쉬운 일이 남아 있지 않다는 점을 통해 몰입하여 어려운 일을 더 효율적으로 더 신경 써서 끝낼 수 있다고 생각합니다. 만약에 어려운 일을 먼저 하고 쉬운 일을 하게 될 경우 어려운 일을 함에 있어서 쉬운 나중에 해야 할 쉬운 일이 신경 쓰일 수 있는데 반면에 쉬운 일을 먼저 끝내고 어려운 일을 하게 된다면 오히려 쉬운 일을 함과 동시에 어려운 일을 하게 되었을 때 쉬운 일을 신경 쓰지 않는다는 장점이 있습니다. 그리고 만약에 어려운 일이 생겼을 경우 그 일을 물어볼 수 있는 뭐 멘토나 뭐 상사에게 충분한 토의를 통한 문제 해결 방식을 들을 수 있고 수정하는 과정에서도 어려운 일이 마지막에 하는 게 더 낫습니다.","wordCount":149},"emotion":[],"intent":[{"text":"","expression":"","category":"attitude"}],"summary":{"text":"입사 후 쉬운 일과 어려운 일을 분배할 때, 쉬운 일을 먼저 한 후 어려운 일을 할 것 같습니다. 어려운 일을 먼저 처리하게 되면 집중이 되고, 쉬운 일이 남아 있지 않다는 점에서 더 효율적으로 끝낼 수 있습니다. 그리고 어려운 일이 생겼을 때 멘토나 상사에게 토의를 통한 해결 방식을 들을 수 있고, 수정하는 과정에서도 마지막에 하는 게 낫습니다.","wordCount":56}}},"rawDataInfo":{"question":{"fileFormat":"wav","fileSize":539918,"duration":16870,"samplingBit":16,"channelCount":1,"samplingRate":"16kHz","audioPath":"/Mock/06.Design/Male/New/ckmk_q_ard_m_n_227989.wav"},"answer":{"fileFormat":"wav","fileSize":2886478,"duration":90200,"samplingBit":16,"channelCount":1,"samplingRate":"16kHz","audioPath":"/Mock/06.Design/Male/New/ckmk_a_ard_m_n_227989.wav"}}}