{"version":"1.0","dataSet":{"info":{"date":"20230116","occupation":"ARD","channel":"MOCK","place":"ONLINE","gender":"MALE","ageRange":"-34","experience":"NEW"},"question":{"raw":{"text":"지원자님만의 스트레스 해소 방법이 있다면 무엇인가요 또한 지원자님은 왜 그 방법으로 스트레스를 해소하시는지 구체적으로 말씀해 주세요","wordCount":16},"emotion":[],"intent":[]},"answer":{"raw":{"text":"스트레스 받는 상황이 온다면 저는 샤워를 합니다. 샤워 샤워를 통해서 몸을 깨끗이 씻어냅니다. 씻어내는 그 과정을 통해서 몸에 혈액 순환은 다시 순환을 시작하고 저도 기분적으로 더러운 것들을 깨끗하게 씻어냈다는 그런 감정을 얻을 수 있습니다. 목욕 재개라는 말이 있습니다. 목욕을 하고 재개한다는 것입니다. 옛날부터 그런 말이 있었다는 것은 어려운 일이 있을 때 목욕을 재개하면 다시 태어난 것처럼 어떤 일들을 할 수 있었던 것 다시 살 수 있었다는 것을 의미합니다. 그런 목욕 재개 현대 사회에 이르러서는 그것을 샤워라고 합니다. 샤워를 통해서 정신과 몸을 깨끗하게 해서 스트레스를 극복하고 저는 다시 업무에 투입합니다.","wordCount":89},"emotion":[],"intent":[{"text":"","expression":"","category":"attitude"}],"summary":{"text":"샤워를 통해서 정신과 몸을 깨끗이 해서 스트레스를 극복하고 저는 다시 업무에 투입합니다. 물로 인해 스트레스 받는 상황이 온다면 저는 샤워를 합니다.","wordCount":21}}},"rawDataInfo":{"question":{"fileFormat":"wav","fileSize":599118,"duration":18720,"samplingBit":16,"channelCount":1,"samplingRate":"16kHz","audioPath":"/Mock/06.Design/Male/New/ckmk_q_ard_m_n_194170.wav"},"answer":{"fileFormat":"wav","fileSize":2217678,"duration":69300,"samplingBit":16,"channelCount":1,"samplingRate":"16kHz","audioPath":"/Mock/06.Design/Male/New/ckmk_a_ard_m_n_194170.wav"}}}