{"version":"1.0","dataSet":{"info":{"date":"20230116","occupation":"ARD","channel":"MOCK","place":"ONLINE","gender":"MALE","ageRange":"35-44","experience":"NEW"},"question":{"raw":{"text":"지원자분 면접에 오시느라 고생하셨습니다 그럼 질문 드리겠습니다 지원자께서는 주로 디자인의 영감은 어디에서 받으시는지 그것에 대해서 간략하게 말씀해 보십시오","wordCount":18},"emotion":[],"intent":[]},"answer":{"raw":{"text":"디자인을 할 때 주로 어디서 영감을 받으시는지 물으셨습니다. 음 저는 디자인을 할 때 어렸을 때부터 항상 버스를 타고 지나갈 때면 지나가는 간판들을 유심히 쳐다보고 읽었습니다. 지나가는 건물들을 쳐다보았습니다. 저는 그렇게 주변 제 삶 속에 지나가서 보이는 모든 것들에 대한 것에슬 바라보면서 영감을 많이 얻고는 합니다. 최근 들어 더더욱 조금 더 번화한 도시 혹은 공원을 지나다 보면 각양각색의 모양을 갖춘 벤치들을 볼 수 있었습니다. 저는 그 벤치들을 보면서 최근에 많은 영감을 받았던 것으로 기억이 납니다. 사람이 앉기 쉽게 만들어 놓은 것 그러면서도 독특한 모양을 한 것 미학적인 요소와 기능적인 요소를 모두 갖추기 위해 노력한 흔적이 보이는 다양한 것들을 볼 수 있었습니다. 그런 것들을 통해 저도 영감을 받습니다. 제가 하는 작업 제가 하는 기획 이 모든 것에 그런 요소들을 담아내야 한다는 가치관이 어 투영되는 것입니다. 저는 그래서 어 지나가는 모든 것들을 가볍게 보지 않고 제 눈에 들어온 어떤 것들이 있으면 바로 사진을 찍고 그때 느낌을 적어 놉니다. 그런 것들을 다시 되돌아보다 보면 창의적인 생각과 획기적인 내용들을 기획할 수 있게 된다는 생각을 하고 있습니다.","wordCount":161},"emotion":[],"intent":[{"text":"음 저는 디자인을 할 때 어렸을 때부터 항상 버스를 타고 지나갈 때면 지나가는 간판들을 유심히 쳐다보고 읽었습니다.","expression":"d_dgn_proc","category":"technology"},{"text":"저는 그렇게 주변 제 삶 속에 지나가서 보이는 모든 것들에 대한 것에슬 바라보면서 영감을 많이 얻고는 합니다.","expression":"d_sens","category":"attitude"},{"text":"저는 그 벤치들을 보면서 최근에 많은 영감을 받았던 것으로 기억이 납니다.","expression":"d_sens","category":"attitude"},{"text":"제가 하는 작업 제가 하는 기획 이 모든 것에 그런 요소들을 담아내야 한다는 가치관이 어 투영되는 것입니다.","expression":"d_dgn_proc","category":"technology"},{"text":"저는 그래서 어 지나가는 모든 것들을 가볍게 보지 않고 제 눈에 들어온 어떤 것들이 있으면 바로 사진을 찍고 그때 느낌을 적어 놉니다.","expression":"d_dgn_proc","category":"technology"},{"text":"그런 것들을 다시 되돌아보다 보면 창의적인 생각과 획기적인 내용들을 기획할 수 있게 된다는 생각을 하고 있습니다.","expression":"d_dgn_proc","category":"technology"}],"summary":{"text":"디자인을 할 때 지나가서 보이는 모든 것들에 대한 것을 바라보면서 영감을 많이 얻습니다. 사람이 앉기 쉽게 만들어 놓은 것 그러면서도 독특한 모양을 한 것 미학적인 요소와 기능적인 요소를 갖추기 위해 노력한 흔적이 보이는 다양한 것들을 볼 수 있었던 것들을 통해 영감을 받습니다.","wordCount":42}}},"rawDataInfo":{"question":{"fileFormat":"wav","fileSize":552078,"duration":17250,"samplingBit":16,"channelCount":1,"samplingRate":"16kHz","audioPath":"/Mock/06.Design/Male/New/ckmk_q_ard_m_n_189367.wav"},"answer":{"fileFormat":"wav","fileSize":2698958,"duration":84340,"samplingBit":16,"channelCount":1,"samplingRate":"16kHz","audioPath":"/Mock/06.Design/Male/New/ckmk_a_ard_m_n_189367.wav"}}}