{"version":"1.0","dataSet":{"info":{"date":"20230116","occupation":"ARD","channel":"MOCK","place":"ONLINE","gender":"MALE","ageRange":"35-44","experience":"NEW"},"question":{"raw":{"text":"만약 본인이 이 면접에서 최종 탈락하게 될 경우 어떤 점이 부족해서 탈락했을 것이라고 생각할까요","wordCount":14},"emotion":[],"intent":[]},"answer":{"raw":{"text":"제가 만약에 이 면접에서 탈락을 한다면 굉장히 마음이 아프겠습니다. 하지만 뭐 제가 부족한 점을 찾는 것 또한 저에게는 큰 자산이 될 것이고 좋은 경험이 될 것이라고 생각을 합니다. 그렇지만 저는 제가 부족해서 이 회사의 면접에서 탈락했다고 생각하지 않습니다. 저는 이 회사와 맞지 않았다 라고 생각을 할 것 같습니다. 저는 기본적으로 그렇게 생각을 합니다. 음 저와 같이 입사를 신청한 모든 지원자들은 충분한 공부를 해 왔고 저마다의 경험을 토대로 꿈을 꿔 왔고 지원을 했습니다. 저도 마찬가지고요. 하지만 탈락을 했다는 것은 이 회사가 추구하는 가치 혹은 이 회사가 필요로 하는 사람과는 맞지 않는 부분이 조금 있어서 당락이 결정됐다고 저는 생각을 합니다. 그래서 저는 절대 부족한 점을 찾으려고 노력하지는 않을 겁니다. 부족한 점은 평소에 찾고 있기 때문에 그리고 그 평소에 찾고 있던 부족한 점을 보완하려고 노력하고 있기 때문에 저는 부족한 점을 여러분 이 면접자 분들께 말씀드리는 것보다는 제가 이 회사와 맞지 않았던 부분을 찾아내서 반성하고 다음 회사에 입사를 하게 되는 면접관들을 만나게 된다면 맞출 수 있도록 최대한 노력을 많이 해 올 것입니다. 저는 인연을 가장 중요시하기 때문입니다. 맞지 않았던 부분 보완해서 나오도록 하겠습니다.","wordCount":169},"emotion":[],"intent":[{"text":"","expression":"","category":"attitude"}],"summary":{"text":"저는 이 회사와 맞지 않아 탈락했다고 생각하지 않습니다. 이 회사가 추구하는 가치나 이 회사가 필요로 하는 사람과는 맞지 않는 부분이 조금 있어서 당락이 결정되었다고 생각합니다. 그래서 저는 절대 부족한 점을 찾으려고 노력하지는 않을 것이고, 다음에 입사하는 면접관들을 만나게 된다면 맞출 수 있도록 최대한 노력을 해 올 것입니다. 인연을 가장 중요시하기 때문입니다.","wordCount":51}}},"rawDataInfo":{"question":{"fileFormat":"wav","fileSize":281678,"duration":8800,"samplingBit":16,"channelCount":1,"samplingRate":"16kHz","audioPath":"/Mock/06.Design/Male/New/ckmk_q_ard_m_n_189204.wav"},"answer":{"fileFormat":"wav","fileSize":2738318,"duration":85570,"samplingBit":16,"channelCount":1,"samplingRate":"16kHz","audioPath":"/Mock/06.Design/Male/New/ckmk_a_ard_m_n_189204.wav"}}}