{"version":"1.0","dataSet":{"info":{"date":"20230116","occupation":"ARD","channel":"MOCK","place":"ONLINE","gender":"MALE","ageRange":"-34","experience":"NEW"},"question":{"raw":{"text":"이전 직장을 그만둔 특별한 이유가 있으실까요 그리고 만약에 현 직장도 같은 이유로 그만둘 가능성이 있을까요","wordCount":15},"emotion":[],"intent":[]},"answer":{"raw":{"text":"이전 직장과 이 전전 직장의 경우 굉장히 돌아다니는 업무가 많았습니다. 외근이 아니라 일 자체가 돌아다니는 업무였습니다. 첫 번째 직장의 경우 해외를 연속으로 돌아다니는 업무입니다. 네덜란드 미국 일본 프랑스 동남아시아 굉장히 여러 곳을 돌아다니다 보니 굉장히 힘이 들었습니다. 그때그때 그때 작업 현장에 맞춰서 일을 적응해야 되는 것도 굉장히 힘들었고요. 두 번째 직장의 경우 우리나라 안에서 돌아다니는 일이었지만 그럼에도 불구하고 지방 출장이 너무 잦아 너무 힘들어서 퇴사를 했었습니다. 이 회사의 비전은 괜찮다고 생각이 드나 제 몸과 건강이 나빠진다는 것이 생각이 들어서 퇴사를 했는데요. 지금 현 직장의 경우 저는 그런 업무 환경이 아니기 때문에 그만 둘 이유가 없습니다. 현재 저희는 고정된 본사가 있고 그 본사에 딸린 디자이너 실이 다 각기 있구요. 제 사무실이 있고 정해져 있기 때문에 외근을 나가더라도 특수한 경우가 아니면 웬만하면 사무실에서 내근으로 디자인을 짜게 되죠. 이렇게 업무 환경이 중요하다고 생각을 하는데요. 현재 저희가 건물을 이전하거나 그럴 일이 없기 때문에 업무 환경이 전 너무 마음에 들어 퇴사하지 않을 것입니다.","wordCount":148},"emotion":[{"text":"이전 직장과 이 전전 직장의 경우 굉장히 돌아다니는 업무가 많았습니다.","expression":"u-fact","category":"neutral"},{"text":"첫 번째 직장의 경우 해외를 연속으로 돌아다니는 업무입니다.","expression":"u-fact","category":"neutral"}],"intent":[{"text":"","expression":"","category":"attitude"}],"summary":{"text":"이전 직장과 이 전 직장의 경우 굉장히 돌아다니던 업무가 많았습니다. 첫 번째는 해외를 연속으로 돌아다니고, 두 번째는 우리나라 안에서 돌아다니다가 지방 출장이 너무 힘들어서 퇴사를 했습니다. 현재 저희는 건물을 이전하거나 그럴 일이 없기 때문에 전 너무 마음에 들어 퇴사하지 않을 것입니다.","wordCount":41}}},"rawDataInfo":{"question":{"fileFormat":"wav","fileSize":310478,"duration":9700,"samplingBit":16,"channelCount":1,"samplingRate":"16kHz","audioPath":"/Mock/06.Design/Male/New/ckmk_q_ard_m_n_213987.wav"},"answer":{"fileFormat":"wav","fileSize":2859598,"duration":89360,"samplingBit":16,"channelCount":1,"samplingRate":"16kHz","audioPath":"/Mock/06.Design/Male/New/ckmk_a_ard_m_n_213987.wav"}}}