{"version":"1.0","dataSet":{"info":{"date":"20230116","occupation":"ARD","channel":"MOCK","place":"ONLINE","gender":"MALE","ageRange":"-34","experience":"NEW"},"question":{"raw":{"text":"지원자분께서 저희 회사에 입사를 하시고 난 뒤에 본인이 근무하시면서 정작 지원하셨던 분야가 지원자분 본인과 잘 맞지 않는다는 사실을 깨닫게 되신다고 하면 어떻게 하실 생각이신지 궁금합니다","wordCount":25},"emotion":[],"intent":[]},"answer":{"raw":{"text":"개인적으로 입사를 한 후 근무를 하면서 제가 지원한 분야가 막상 저의 성향과 맞지 않게 됐다 는 사실을 알게 됐을 때 저 같은 경우에는 잘 맞는다 라는 기준이 어느 정도인지는 잘 모르겠지만 최대한 맞춰 보려고 함에도 잘 맞지 않는다는 그런 상황 가정에서 말씀 드려 보자면 저는 솔직하게 다른 분야를 생각할 것 같습니다. 그 이유에 대해서는 아무래도 제가 근무를 하면서 그 제가 맡은 업무를 충분히 수행할 수 없 충분한 역량을 발휘해서 수행할 수 없다는 사실을 본인이 가장 잘 알고 있고 그 결과 그러한 생각이 근무를 하는 과정 속에서 드러나게 될 것이고 그렇게 된다면 근무를 하는 그 성과에 좋지 못한 영향으로 반영될 것이 분명하기 때문입니다. 그렇기 때문에 만약에 정말로 노력해도 지원한 분야에 제가 맞지 않는다는 사실이라면 저는 아무래도 다른 분야를 찾거나 아니면 그 회사 내에서 다른 분야에 가려고 노력할 것 같습니다.","wordCount":128},"emotion":[],"intent":[{"text":"","expression":"","category":"attitude"}],"summary":{"text":"제가 지원한 분야가 성향과 맞지 않는다는 사실을 알게 됐을 때 저는 솔직히 다른 분야를 생각할 것 같습니다. 그 이유는 제가 맡은 업무를 충분히 수행할 수 없다는 사실을 본인이 가장 잘 알고 있고 그러한 생각이 근무를 하는 과정 속에서 드러나게 될 것이고 그렇게 된다면 근무를 하는 그 성과에 좋지 못한 영향으로 반영될 것이기 때문입니다.","wordCount":53}}},"rawDataInfo":{"question":{"fileFormat":"wav","fileSize":633358,"duration":19790,"samplingBit":16,"channelCount":1,"samplingRate":"16kHz","audioPath":"/Mock/06.Design/Male/New/ckmk_q_ard_m_n_227992.wav"},"answer":{"fileFormat":"wav","fileSize":2873678,"duration":89800,"samplingBit":16,"channelCount":1,"samplingRate":"16kHz","audioPath":"/Mock/06.Design/Male/New/ckmk_a_ard_m_n_227992.wav"}}}