{"version":"1.0","dataSet":{"info":{"date":"20230116","occupation":"ARD","channel":"MOCK","place":"ONLINE","gender":"MALE","ageRange":"-34","experience":"NEW"},"question":{"raw":{"text":"면접자님은 의견을 주장하실 때 강하게 주장하시는 편인가요 면접자님은 어떤 스타일로 본인의 의견을 주장하시는지 그 스타일이 궁금합니다","wordCount":16},"emotion":[],"intent":[]},"answer":{"raw":{"text":"저는 제 의견을 주장할 때 강하게 주장하는 스타일은 아닙니다. 일단 저는 다른 사람에 의견을 먼저 들어보는 스타일입니다. 무조건 제 의견만 옳다고는 볼 수 없기 때문에 상대방의 의견이 납득이 가는 의견이라면 일단 최대한 수용을 하는 편입니다. 하지만 그렇지 않는 상황에서는 상황에서 저의 주장을 저 의견을 주장해야 한다면 저는 어 관련된 자료를 찾아보고 그것을 정리하여서 그 자료를 보여주고 제시함으로써 저의 의견을 피력하는 스타일입니다.","wordCount":61},"emotion":[],"intent":[{"text":"","expression":"","category":"attitude"}],"summary":{"text":"저는 제 의견을 주장할 때 강하게 주장하는 스타일은 아닙니다. 상대방의 의견이 납득이 가는 의견이라면 최대한 수용을 하는 편이지만, 그렇지 않은 상황에서는 자료를 보여주고 제 의견을 피력하는 스타일입니다.","wordCount":27}}},"rawDataInfo":{"question":{"fileFormat":"wav","fileSize":551758,"duration":17240,"samplingBit":16,"channelCount":1,"samplingRate":"16kHz","audioPath":"/Mock/06.Design/Male/New/ckmk_q_ard_m_n_177883.wav"},"answer":{"fileFormat":"wav","fileSize":1687118,"duration":52720,"samplingBit":16,"channelCount":1,"samplingRate":"16kHz","audioPath":"/Mock/06.Design/Male/New/ckmk_a_ard_m_n_177883.wav"}}}