{"version":"1.0","dataSet":{"info":{"date":"20230116","occupation":"ARD","channel":"MOCK","place":"ONLINE","gender":"MALE","ageRange":"-34","experience":"NEW"},"question":{"raw":{"text":"다른 디자이너와 당신의 차별점은 무엇인지 말씀해 보세요","wordCount":7},"emotion":[],"intent":[]},"answer":{"raw":{"text":"어 제가 가지고 있는 이제 다른 디자이너와의 차이점 혹은 저만의 차별점은 어 저는 좀 대중적인 시선에서 어 저의 디자인 작품을 좀 바라보려고 노력한다는 점입니다. 어 모든 디자이너들이 그렇다는 것은 아니지만 이제 보통 다른 디자이너들과 얘기를 해보거나 좀 작품들을 많이 살펴보면 어 약간 본인만의 세계에 너무 심취하여서 좀 다른 사람들 입장에서는 좀 공감하기 힘든 어 그러한 부분들이 종종 발생한다고 생각합니다. 이 문화 디자인이라는 것은 물론 본인의 만족도 중요하지만 어 이러한 디자인을 다른 사람들과 함께 공유하고 어 소비되게 함으로써 좀 이 대중들에게 좀 많이 다가갈 수 있는 그러한 면에서 느끼는 보람이 정말 많이 있는 직업이라고 생각을 하는데요. 어 저는 이러한 부분에 있어서 좀 대중들에게 좀 친근하게 잘 다가갈 수 있는 그러한 점을 가장 중요한 포인트로 삼고 있기 때문에 어 제가 이러한 부분은 다른 디자이너들보다 어 차별점으로 두고 있는 부분이라고 생각합니다.","wordCount":128},"emotion":[],"intent":[{"text":"","expression":"","category":"attitude"}],"summary":{"text":"다른 디자이너와 차이점 혹은 저만의 차별점은 대중적인 시선에서 디자인 작품을 바라본다는 점입니다. 다른 디자이너들과 얘기를 해보거나 작품을 보면 본인만의 세계에 너무 심취하여 다른 사람들 입장에서는 공감하기 힘든 부분들이 종종 발생합니다. 이러한 점은 다른 디자이너들보다 차별점으로 두고 있는 부분이라고 생각합니다.","wordCount":39}}},"rawDataInfo":{"question":{"fileFormat":"wav","fileSize":227918,"duration":7120,"samplingBit":16,"channelCount":1,"samplingRate":"16kHz","audioPath":"/Mock/06.Design/Male/New/ckmk_q_ard_m_n_219092.wav"},"answer":{"fileFormat":"wav","fileSize":2656718,"duration":83020,"samplingBit":16,"channelCount":1,"samplingRate":"16kHz","audioPath":"/Mock/06.Design/Male/New/ckmk_a_ard_m_n_219092.wav"}}}