{"version":"1.0","dataSet":{"info":{"date":"20230116","occupation":"ARD","channel":"MOCK","place":"ONLINE","gender":"MALE","ageRange":"-34","experience":"NEW"},"question":{"raw":{"text":"요즘 고령화 사회로 가면서 치매로 인한 문제가 많이 발생하고 있습니다 이에 대해 건보 공단이 하는 일과 개선할 방안에 대해 말씀해 주시길 바랍니다","wordCount":22},"emotion":[],"intent":[]},"answer":{"raw":{"text":"국민 건강 보험 공단은 치매 수급자 맞춤형 케어를 위한 치매 전문 인력 양성을 위하여 총 일곱 차 수에 걸쳐 이천 이십 이 년도 치매 전문 교육을 실시한다고 합니다. 교육 대상은 방문 요양 기관 주 야간 보호 기관 치매 전담형 기관에 소속된 요양 보호사 및 프로그램 관리자 직종의 종사자입니다. 교육 대상자 선정은 공정성을 기하기 위해 매월 공고를 통해 인터넷 신청 방식으로 모집하게 되나 일 차 수는 위 대상 기간 중 작년에 교육 신청을 하지 못한 기간에 포함한 전체 기관에 최대 두 명까지 교육 접수를 진행할 예정이라고 합니다. 연간 교육 인원은 전년 대비 약 이십 퍼센트 확대한 약 십 만 명을 목표로 추진할 개혁이라고 하는데 이와 더불어 어 치매 전문 시설도 확충해 나갔으면 합니다.","wordCount":112},"emotion":[],"intent":[{"text":"","expression":"","category":"attitude"}],"summary":{"text":"국민건강보험공단은 치매 수급자 맞춤형 케어를 위한 치매 전문 인력 양성을 위하여 총 일곱 차 수에 걸쳐 이천 이 년도 치매 전문 교육을 실시합니다. 연간 교육 인원은 전년 대비 약 이십 퍼센트 확대한 약 십 만 명을 목표로 합니다. 이와 더불어 어 치매 전문 시설도 확충해 나갔으면 합니다.","wordCount":47}}},"rawDataInfo":{"question":{"fileFormat":"wav","fileSize":473678,"duration":14800,"samplingBit":16,"channelCount":1,"samplingRate":"16kHz","audioPath":"/Mock/06.Design/Male/New/ckmk_q_ard_m_n_190933.wav"},"answer":{"fileFormat":"wav","fileSize":2152398,"duration":67260,"samplingBit":16,"channelCount":1,"samplingRate":"16kHz","audioPath":"/Mock/06.Design/Male/New/ckmk_a_ard_m_n_190933.wav"}}}