{"version":"1.0","dataSet":{"info":{"date":"20230116","occupation":"ARD","channel":"MOCK","place":"ONLINE","gender":"MALE","ageRange":"-34","experience":"NEW"},"question":{"raw":{"text":"지원자님께서 만약 타 부서와 갈등 상황이 발생한다면 지원자님은 어떻게 해결하시겠습니까 지원자님의 상황을 가정하고 말씀과 설명해 주실 수 있습니까","wordCount":18},"emotion":[],"intent":[]},"answer":{"raw":{"text":"타 부서와의 직접적인 갈등 상황이 발생하게 된다면 저는 그 타 부서와 그 문제를 직접적으로 해결하기보다는 갈등 조정 위원회와 같은 제삼자의 개입을 통해서 문제를 해결해야 된다 고 생각을 합니다. 왜냐하면 문제가 발생을 했어 문제가 발생해 발생을 했다면 그 당사자와 당사자들은 서로에 대한 직접적인 감정이 개입되어서 사안에 본질을 제대로 파악하지 못할 수 있습니다. 그런 왜곡된 시각은 사건을 바로 해결하는 데 큰 장애를 줍니다. 그렇기 때문에 변호사와 같은 제도가 있는 것이고 변호사와 같은 사람들은 그런 사건들을 대리해서 맡아주는 역할을 하고 있습니다. 그것이 객관적인 처리가 가능한 것이기 때문입니다.","wordCount":84},"emotion":[],"intent":[{"text":"","expression":"","category":"attitude"}],"summary":{"text":"타 부서와의 직접적인 갈등 상황이 발생하게 된다면 갈등 조정 위원회와 같은 제삼자의 개입을 통해서 문제를 해결해야 된다고 생각합니다. 왜냐하면 당사자들의 왜곡된 시각은 사건을 바로 해결하는 데 큰 장애를 줍니다.","wordCount":29}}},"rawDataInfo":{"question":{"fileFormat":"wav","fileSize":467918,"duration":14620,"samplingBit":16,"channelCount":1,"samplingRate":"16kHz","audioPath":"/Mock/06.Design/Male/New/ckmk_q_ard_m_n_194163.wav"},"answer":{"fileFormat":"wav","fileSize":2213198,"duration":69160,"samplingBit":16,"channelCount":1,"samplingRate":"16kHz","audioPath":"/Mock/06.Design/Male/New/ckmk_a_ard_m_n_194163.wav"}}}