{"version":"1.0","dataSet":{"info":{"date":"20230116","occupation":"ARD","channel":"MOCK","place":"ONLINE","gender":"MALE","ageRange":"-34","experience":"NEW"},"question":{"raw":{"text":"지원자님만의 특별한 스트레스 해소 방법이 있을까요 만약 있다면 왜 다른 방법이 아닌 그 방법으로 스트레스를 해소하시는지 함께 말씀해 주세요","wordCount":19},"emotion":[],"intent":[]},"answer":{"raw":{"text":"저만의 스트레스 해소 방법으로는 침대에 누워서 눈을 감고 음악을 듣거나 명상을 하는 것입니다. 스트레스 받는 이유에 대해서 항상 끊임없이 생각을 하다 보면 그 스트레스가 더 커지고 끊임없이 생각이 나기 때문에 잠시 동안만이라도 그 스트레스에서 해방 받기 위해서는 다른 생각을 차단시켜야 된다고 생각합니다. 그래서 눈을 감고 조용한 음악을 감상하면서 명상을 할 때도 있지만 반대로 시끄럽고 신나는 음악을 크게 틀어놓고 아무 생각 없이 누워 있으면 스트레스가 풀리고는 합니다.","wordCount":66},"emotion":[],"intent":[{"text":"","expression":"","category":"attitude"}],"summary":{"text":"스트레스 해소법으로는 침대에 누워서 음악을 듣거나 명상을 하는 것입니다. 스트레스 해소를 위해서는 다른 생각을 차단시켜야 합니다. 그래서 음악을 들으며 명상할 때도 있지만, 그냥 누워 있으면 해소됩니다.","wordCount":26}}},"rawDataInfo":{"question":{"fileFormat":"wav","fileSize":605198,"duration":18910,"samplingBit":16,"channelCount":1,"samplingRate":"16kHz","audioPath":"/Mock/06.Design/Male/New/ckmk_q_ard_m_n_177954.wav"},"answer":{"fileFormat":"wav","fileSize":1764558,"duration":55140,"samplingBit":16,"channelCount":1,"samplingRate":"16kHz","audioPath":"/Mock/06.Design/Male/New/ckmk_a_ard_m_n_177954.wav"}}}