{"version":"1.0","dataSet":{"info":{"date":"20230116","occupation":"ARD","channel":"MOCK","place":"ONLINE","gender":"MALE","ageRange":"-34","experience":"NEW"},"question":{"raw":{"text":"지원자님께서 지금까지 살아오시면서 이룬 성과 중에 가장 큰 성과는 무엇입니까 자랑하듯이 말씀해 주시기 바랍니다","wordCount":14},"emotion":[],"intent":[]},"answer":{"raw":{"text":"제가 지금까지 살아오면서 이룬 성과 중에 가장 큰 성과라고 생각되는 부분은 어 대학교 진학인 것 같습니다. 어 저는 이제 고등학교 삼 년과 그리고 추가로 일 년에 재수 과정을 더 거쳐서 도합 사 년간 대학 진학을 위해서 많은 준비를 하였는데요. 좀 처음에는 뭐 재수를 생각하지는 않았지만 좀 삼 년 안에 끝을 내기 위해서 어 저만의 목표를 장기적인 목표를 세우고 그 장기적인 목표를 달성해내기 위해서 여러 가지로 많은 노력을 하였습니다. 하지만 그럼에도 불구하고 어 원하는 만족할 만한 성과를 이뤄내지 못했기 때문에 이 추가적으로 일 년을 더 투자하기로 생각을 하였습니다. 어 여러 가지 좀 안 좋은 과정들도 있었고 이제 대학을 다니고 있는 친구들과의 어떤 비교에서 일어나는 열등감으로 인해서 좀 굉장히 심적으로 힘들었던 부분이 많았었지만 어 결론적으로는 다 잘 이겨내고 끝내 제가 원하는 수준의 결과를 좀 이루어냈던 그러한 경험을 가지고 있습니다.","wordCount":127},"emotion":[],"intent":[{"text":"","expression":"","category":"attitude"}],"summary":{"text":"저는 고등학교 삼 년과 추가로 일 년에 재수 과정을 더 거쳐 도합 사 년간 대학 진학을 위해서 많은 준비를 하였습니다. 여러 가지 안 좋은 과정들도 있었고, 친구들과의 비교에서 오는 열등감을 극복하면서 원하는 수준의 결과를 이루었던 경험을 가지고 있습니다.","wordCount":38}}},"rawDataInfo":{"question":{"fileFormat":"wav","fileSize":503758,"duration":15740,"samplingBit":16,"channelCount":1,"samplingRate":"16kHz","audioPath":"/Mock/06.Design/Male/New/ckmk_q_ard_m_n_219819.wav"},"answer":{"fileFormat":"wav","fileSize":2561998,"duration":80060,"samplingBit":16,"channelCount":1,"samplingRate":"16kHz","audioPath":"/Mock/06.Design/Male/New/ckmk_a_ard_m_n_219819.wav"}}}