{"version":"1.0","dataSet":{"info":{"date":"20230116","occupation":"ARD","channel":"MOCK","place":"ONLINE","gender":"MALE","ageRange":"-34","experience":"NEW"},"question":{"raw":{"text":"창의성과 팀워크 중 어떤 것을 더 중요하게 생각하시는지 말씀해 주시고 그렇게 생각하는 근거도 같이 말씀해 주세요","wordCount":16},"emotion":[],"intent":[]},"answer":{"raw":{"text":"창의성과 팀워크 중에 더 중요한 거는 저는 창의성이라고 생각합니다. 그 이유는 저는 어떤 사람도 눈앞에 닥치면 팀워크를 낼 수 있다고 생각합니다. 아니 그거는 팀워크를 내기보다 누가 희생하고 맞춰주는 거 아니야 라고 말씀하실 수도 있지만 저는 그것 또한 팀워크를 내고 있다고 말할 수 있습니다. 하지만 창의성은 태어날 때부터 지금까지 많은 사고력 발전을 통해 스킬을 구현했다고 생각합니다. 그렇게 짧은 시간 안에 아무리 노력을 해도 창의성이 뛰어난 사람을 이길 수 없다고 생각하기 때문에 단시간에 노력해서 팀워크를 올릴 수 있는 팀워크보다는 장기 시간에 필요한 창의성이 더 중요하다고 생각합니다.","wordCount":84},"emotion":[],"intent":[{"text":"","expression":"","category":"attitude"}],"summary":{"text":"팀워크 중 창의성이 가장 중요하다고 생각합니다. 창의성은 사고력 발전을 통해 스킬을 구현합니다. 단시간에 팀워크를 올릴 수 있는 팀워크보다는 장기 시간에 필요한 창의성입니다.","wordCount":22}}},"rawDataInfo":{"question":{"fileFormat":"wav","fileSize":321998,"duration":10060,"samplingBit":16,"channelCount":1,"samplingRate":"16kHz","audioPath":"/Mock/06.Design/Male/New/ckmk_q_ard_m_n_225059.wav"},"answer":{"fileFormat":"wav","fileSize":1904078,"duration":59500,"samplingBit":16,"channelCount":1,"samplingRate":"16kHz","audioPath":"/Mock/06.Design/Male/New/ckmk_a_ard_m_n_225059.wav"}}}