{"version":"1.0","dataSet":{"info":{"date":"20230116","occupation":"ARD","channel":"MOCK","place":"ONLINE","gender":"MALE","ageRange":"-34","experience":"NEW"},"question":{"raw":{"text":"만약에 그럴 일은 없겠지만 만약에 상사가 회사의 이익에 반하는 행동을 하는 걸 직접 보셨다면 그때는 어떻게 하시겠어요","wordCount":17},"emotion":[],"intent":[]},"answer":{"raw":{"text":"상사가 회사의 이익에 반하는 행동을 하는 것을 제가 목격하게 되었다면 그 상황과 경중에 따라서 어 결과가 다르겠지만 일단은 모른 척하고 넘어가고 싶지는 않습니다. 그 상황이 해결을 통해서 원만하게 할 수 있는 상황이라면 제가 믿을 수 있는 다른 상사분에게 이 상황을 조심스럽게 전달하고 어떻게 할지 의논을 통해서 문제점을 찾아 해결해 보도록 노력해 볼 것 같습니다.","wordCount":54},"emotion":[],"intent":[{"text":"","expression":"","category":"attitude"}],"summary":{"text":"상사가 회사의 이익에 반하는 행동을 하는 것을 목격하게 된다면 일단 모른척하고 넘어가고 싶지는 않습니다. 다른 상사분에게 상황을 조심스럽게 전달하고 문제를 해결해 보도록 노력해 볼 것 같습니다.","wordCount":26}}},"rawDataInfo":{"question":{"fileFormat":"wav","fileSize":398478,"duration":12450,"samplingBit":16,"channelCount":1,"samplingRate":"16kHz","audioPath":"/Mock/06.Design/Male/New/ckmk_q_ard_m_n_172278.wav"},"answer":{"fileFormat":"wav","fileSize":1517518,"duration":47420,"samplingBit":16,"channelCount":1,"samplingRate":"16kHz","audioPath":"/Mock/06.Design/Male/New/ckmk_a_ard_m_n_172278.wav"}}}