{"version":"1.0","dataSet":{"info":{"date":"20230116","occupation":"ARD","channel":"MOCK","place":"ONLINE","gender":"MALE","ageRange":"-34","experience":"NEW"},"question":{"raw":{"text":"디자인 산업의 미래 전망에 관한 본인의 생각을 말씀해 주세요","wordCount":9},"emotion":[],"intent":[]},"answer":{"raw":{"text":"디자인 산업의 미래 전망은 아주 좋다고 생각합니다. 그 이유는 앞으로 여러 디자인이 만들어질 때 그 디자인을 고려하는 상황 속에서 여러 가지 요소가 사용되는데 그 여러 가지 사용 요소가 이미 이전 디자인에서 소모된 디자인들을 참고로 하기 때문에 지금과 같은 정보화 시대 시대에 정보화 산업 시대의 속에서 그러한 요소들을 찾아보기가 그 그러한 정보들에 접근하는 데 있어서 굉장히 용이하기 때문에 여러 가지 디자인이 새로운 방식으로 탄생할 것이라고 생각합니다. 디자인은 제가 생각하기에 디자인은 모방과 파괴와 창조라고 생각합니다. 그렇기 때문에 여러 가지 디자인 정보들의 접근이 용이해진다는 것은 사람들이 여러 가지 디자인을 보고 그 디자인을 통해 영감을 받아 새로 모방하고 그리고 기존에 있던 디자인들에 대해 자신이 가지고 있는 불만을 반영하여 확인 하고 그리고 자기 자신만의 새로운 디자인을 창조하기 때문에 디자인 산업의 미래가 아주 밝다고 생각합니다.","wordCount":119},"emotion":[],"intent":[{"text":"디자인은 제가 생각하기에 디자인은 모방과 파괴와 창조라고 생각합니다.","expression":"c_value","category":"background"}],"summary":{"text":"디자인 산업의 미래 전망은 매우 밝습니다. 지금과 같은 정보화 시대에서는 디자인 정보를 찾기가 아주 용이하기 때문에 여러 가지 디자인이 새로운 방식으로 탄생할 것입니다. 정보들의 접근이 용이해진다는 것은 사람들이 새로운 디자인을 보고 모방하고, 기존 디자인에 대한 불만을 반영하여 새로운 디자인을 창조하기 때문입니다.","wordCount":41}}},"rawDataInfo":{"question":{"fileFormat":"wav","fileSize":235278,"duration":7350,"samplingBit":16,"channelCount":1,"samplingRate":"16kHz","audioPath":"/Mock/06.Design/Male/New/ckmk_q_ard_m_n_180062.wav"},"answer":{"fileFormat":"wav","fileSize":2906958,"duration":90840,"samplingBit":16,"channelCount":1,"samplingRate":"16kHz","audioPath":"/Mock/06.Design/Male/New/ckmk_a_ard_m_n_180062.wav"}}}