{"version":"1.0","dataSet":{"info":{"date":"20230116","occupation":"ARD","channel":"MOCK","place":"ONLINE","gender":"MALE","ageRange":"-34","experience":"NEW"},"question":{"raw":{"text":"어 어떤 문제에 부딪쳤을 경우에 지원자님께서는 어 혼자 해결하는 편이신지 아니면 여러 사람들에게 이야기를 해서 해결책을 구하는 편이신지 궁금합니다","wordCount":19},"emotion":[],"intent":[]},"answer":{"raw":{"text":"저는 주로 혼자서 모든 일을 해결을 할려고 하는 편입니다. 왜냐하면은 여러 사람에게 이 문제를 나눈다고 하면은 그 사람들에게 그 각각의 사람들에게 사람들이 주시는 그 의견과 또 해결책이 모두 다 다르기 때문에 먼저 제가 할 수 있는 모든 일을 다 해 본 다음에 그래도 안되면은 그 이후에서야 이제 사람들한테 이제 이야기를 해서 요청을 하는 편입니다. 그렇게 왜냐하면은 저는 제 스스로의 문제 해결력을 길러야 된다고 생각을 합니다. 하지만 여러 사람한테 말을 해서 조언을 구하고 그것이 이제 가장 쉬운 길이 될 수도 있겠지만 너무 그곳에 의존하다 보면은 정작 제가 혼자 일 때 문제 해결을 원활히 못할 수 있는 가능성이 존재하기 때문에 저는 제가 주로 혼자 해결하는 것이 마음에도 편하고 또 제 역량을 증진시킨다고 생각이 들어서 저는 혼자 하는 것을 선호하는 편입니다. 하지만 사람들과의 협업도 물론 제 이런 고민을 말하는 이러한 사람들과의 협업도 중요하다고 생각이 듭니다. 왜냐하면은 팀 플레이는 혼자서 하는 것이 아닌 팀원이 다같이 하는 것이기 때문입니다. 감사합니다.","wordCount":145},"emotion":[],"intent":[{"text":"","expression":"","category":"attitude"}],"summary":{"text":"저는 주로 혼자 해결하는 것을 선호하는 편이지만, 사람들과의 협업도 중요하다고 생각합니다. 왜냐하면 팀 플레이는 혼자서 하는 것이 아닌 팀원이 다같이 하는 것이기 때문입니다.","wordCount":23}}},"rawDataInfo":{"question":{"fileFormat":"wav","fileSize":454478,"duration":14200,"samplingBit":16,"channelCount":1,"samplingRate":"16kHz","audioPath":"/Mock/06.Design/Male/New/ckmk_q_ard_m_n_185234.wav"},"answer":{"fileFormat":"wav","fileSize":2337038,"duration":73030,"samplingBit":16,"channelCount":1,"samplingRate":"16kHz","audioPath":"/Mock/06.Design/Male/New/ckmk_a_ard_m_n_185234.wav"}}}