{"version":"1.0","dataSet":{"info":{"date":"20230116","occupation":"ARD","channel":"MOCK","place":"ONLINE","gender":"MALE","ageRange":"-34","experience":"NEW"},"question":{"raw":{"text":"이전 직장을 퇴사한 것을 후회하신 적은 없으신가요 만약 후회한 적이 있다면 왜 후회하 이었는지도 함께 말씀해 주세요","wordCount":17},"emotion":[],"intent":[]},"answer":{"raw":{"text":"제가 개인적으로 생각하기에 이전 직장에서 퇴사를 했을 때 아무래도 그 퇴사를 했을 당시에는 후회라는 것을 하지 안 하지 않을까 라고 생각했습니다. 막상 회사를 퇴사하고 다니 그때는 충분히 힘들었던 사실을 몸이 느끼고 있었고 그리고 정신적으로 또 충분히 힘들다는 사실을 인지하고 있었음에도 불구하고 퇴사를 하고 나니까 그 퇴사를 하기 전에 그 회사에서 일하던 과정들이 생각나고 그리고 어떠한 점이 저에게 부족했었는지도 계속 되풀이 되고 그리고 제가 그 회사에서 실수했던 부분들이 계속 생각이 나서 시간이 지나면 지날수록 그 회사에서 퇴사한 후 퇴사한 것을 후회하게 되더라구요. 그래 가지고 이 문제를 해결하기 위해서는 다음 직장에선 반드시 직무를 수행함에 있어서 충분히 저의 직무적 능력을 향 가지고 그리고 그 직무에 임해서 후회하지 않을 만큼 열심히 그 직무를 수행하겠다 라고 다짐한 경험이 있습니다.","wordCount":114},"emotion":[],"intent":[{"text":"","expression":"","category":"attitude"}],"summary":{"text":"이전 직장에서 퇴사를 했을 때 후회하지 않을 것이라고 생각했지만 막상 퇴사하고 나니 그 회사에서 했던 일들과 실수했던 것들이 계속 생각 나서 시간이 지날수록 퇴사한 것을 후회하게 되었습니다. 그리하여 다음 직장에선 열심히 하겠다는 다짐이 있었습니다.","wordCount":34}}},"rawDataInfo":{"question":{"fileFormat":"wav","fileSize":408718,"duration":12770,"samplingBit":16,"channelCount":1,"samplingRate":"16kHz","audioPath":"/Mock/06.Design/Male/New/ckmk_q_ard_m_n_227221.wav"},"answer":{"fileFormat":"wav","fileSize":2897038,"duration":90530,"samplingBit":16,"channelCount":1,"samplingRate":"16kHz","audioPath":"/Mock/06.Design/Male/New/ckmk_a_ard_m_n_227221.wav"}}}