{"version":"1.0","dataSet":{"info":{"date":"20230116","occupation":"BM","channel":"MOCK","place":"ONLINE","gender":"FEMALE","ageRange":"35-44","experience":"EXPERIENCED"},"question":{"raw":{"text":"저희 회사에 들어와 지원자님께서 하고 싶은 업무가 있으십니까 어떤 업무가 하고 싶으신지 이유와 함께 말씀해 주시기 바랍니다","wordCount":17},"emotion":[],"intent":[]},"answer":{"raw":{"text":"네 제가 해당 기업에 들어오게 된다 라면 저는 컬처 피플 팀에서 꼭 근무를 해보고 싶습니다. 제가 듣기로는 우리 회사의 컬처 인제 컬처 피플 팀이 다른 조직원들과 혹은 다른 부서원들과 협력하고 커뮤니케이션에서 회사의 그런 조직 문화를 형성하는데 어 가장 일조를 하는 그런 부서라는 이야기를 들었었습니다. 제가 가장 잘하는 업무 중의 하나가 다른 사람들과 끊임없이 커뮤니케이션을 하고 이렇게 커뮤니케이션을 하는 과정을 통해서 어 좋은 분위기를 형성하는 그런 능력들이 있습니다. 그래서 기회가 된다 라면은 제가 우리 회사의 조직 문화 개선을 위해서 어떤 부분을 노력할 수 있을지 스스로 한번 되새김질 하기 위해서 꼭 꼭 해당 분야에서 한번 근무할 수 있는 기회가 있었으면 좋겠습니다.","wordCount":99},"emotion":[],"intent":[{"text":"","expression":"","category":"attitude"}],"summary":{"text":"저는 해당 기업에 들어온다면 컬처 피플 팀의 근무를 하고 싶습니다. 다른 조직원들과 협력하고 커뮤니케이션을 하는 과정에서 좋은 분위기를 형성하는 능력이 있기 때문입니다. 조직 문화 개선을 위해 노력하겠습니다.","wordCount":27}}},"rawDataInfo":{"question":{"fileFormat":"wav","fileSize":472398,"duration":14760,"samplingBit":16,"channelCount":1,"samplingRate":"16kHz","audioPath":"/Mock/01.Management/Female/Experienced/ckmk_q_bm_f_e_195843.wav"},"answer":{"fileFormat":"wav","fileSize":2152718,"duration":67270,"samplingBit":16,"channelCount":1,"samplingRate":"16kHz","audioPath":"/Mock/01.Management/Female/Experienced/ckmk_a_bm_f_e_195843.wav"}}}