{"version":"1.0","dataSet":{"info":{"date":"20230116","occupation":"BM","channel":"MOCK","place":"ONLINE","gender":"FEMALE","ageRange":"55-","experience":"EXPERIENCED"},"question":{"raw":{"text":"여러 사람들과 같이 일을 하다 보면 구성원들끼리 갈등이 생길 수도 있습니다 그럴 때는 어떻게 해결하시는 편인가요","wordCount":16},"emotion":[],"intent":[]},"answer":{"raw":{"text":"여러 사람들과 함께 일을 하다보면 구성원들과 갈등이 생기는 일이 잦아 잦습니다. 이럴 때는 어떻게 해결을 하냐면 저 같은 경우는 어 이 모든 사람이 갈등이 있다는 건 무슨 문제에 대해서 모두 다 열의를 갖고 있다고 생각을 합니다. 그래서 어 한 사람 한 사람의 의견을 취업을 하는 것도 물론이구요. 그 의견을 취합을 하면서 이것을 어떻게 해결해 나갈 것인가를 잠시 생각을 한 다음에 아 모두 각자 개성이 있는 것 같아요. 이 구성원들을 보면 각자 개성이 있기 때문에 각자의 개성을 존중을 하면서 하나하나 문제를 해결하는 것이 이 함께 일을 할 때 가장 중요한 사항인 것 같습니다. 모두 같이 일을 한다고 해서 어 개인 개인의 의견이 묵살이 된다면 아 그러니까 누구도 의견을 제시를 하지 않겠지요. 그래서 다 같이 일을 할 때 개인 개인의 의견을 하나씩 낸다는 것은 이 문제 해결에 되게 발전 가능성이 있다고 생각을 하기 때문에 아 모든 사람들의 의견을 하나하나 받아서 되도록이면 취합을 하고 그다음에 서로 이해를 시켜서 해결을 하려고 노력을 하는 편입니다. 그러면 어 많이 해결이 되는 것 같더라구요. 네 이상입니다.","wordCount":159},"emotion":[],"intent":[{"text":"그래서 어 한 사람 한 사람의 의견을 취업을 하는 것도 물론이구요.","expression":"c_confl_mg","category":"personality"},{"text":"그 의견을 취합을 하면서 이것을 어떻게 해결해 나갈 것인가를 잠시 생각을 한 다음에 아 모두 각자 개성이 있는 것 같아요.","expression":"c_confl_mg","category":"personality"},{"text":"이 구성원들을 보면 각자 개성이 있기 때문에 각자의 개성을 존중을 하면서 하나하나 문제를 해결하는 것이 이 함께 일을 할 때 가장 중요한 사항인 것 같습니다.","expression":"c_confl_mg","category":"personality"},{"text":"모두 같이 일을 한다고 해서 어 개인 개인의 의견이 묵살이 된다면 아 그러니까 누구도 의견을 제시를 하지 않겠지요.","expression":"c_confl_mg","category":"personality"},{"text":"그래서 다 같이 일을 할 때 개인 개인의 의견을 하나씩 낸다는 것은 이 문제 해결에 되게 발전 가능성이 있다고 생각을 하기 때문에 아 모든 사람들의 의견을 하나하나 받아서 되도록이면 취합을 하고 그다음에 서로 이해를 시켜서 해결을 하려고 노력을 하는 편입니다.","expression":"c_confl_mg","category":"personality"}],"summary":{"text":"함께 일을 하다보면 구성원들과 갈등이 생기는 일이 잦습니다. 이 구성원들의 개성을 존중하면서 하나하나 문제를 해결하는 것이 함께 일을 할 때 가장 중요한 사항인 것 같습니다. 모든 사람들의 의견을 받아서 되도록이면 취합을 하고 그다음 서로 이해를시켜서 해결을 하려고 노력을 하는 편입니다.","wordCount":40}}},"rawDataInfo":{"question":{"fileFormat":"wav","fileSize":336718,"duration":10520,"samplingBit":16,"channelCount":1,"samplingRate":"16kHz","audioPath":"/Mock/01.Management/Female/Experienced/ckmk_q_bm_f_e_217733.wav"},"answer":{"fileFormat":"wav","fileSize":2785998,"duration":87060,"samplingBit":16,"channelCount":1,"samplingRate":"16kHz","audioPath":"/Mock/01.Management/Female/Experienced/ckmk_a_bm_f_e_217733.wav"}}}