{"version":"1.0","dataSet":{"info":{"date":"20230116","occupation":"BM","channel":"MOCK","place":"ONLINE","gender":"FEMALE","ageRange":"-34","experience":"EXPERIENCED"},"question":{"raw":{"text":"어 직장 생활에서는 협업을 할 일이 많이 생기는데요 어 혹시 그 이전 직장에서나 또 대학에서 협업을 할 때 어려운 점이 있으셨다면 그 경험에 대해서 설명해 주시겠습니까","wordCount":26},"emotion":[],"intent":[]},"answer":{"raw":{"text":"네 예전에 대학에서 협업을 한 적이 있었는데요. 막 엄청나게 어려운 점은 없었습니다. 다만 많은 사람들이 있었기 때문에 사람들의 다양한 의견을 수렴하는 것에서 조금의 시간이 걸렸었는데요. 그리고 본인의 입장을 굉장히 고집하시는 분들의 말을 바로 예전에는 바로 얘기를 못 했었는데요. 지금 같은 경우에는 노하우가 생겨서 우선 조금의 자기의 생각이 강하신 분이 있으면은 따로 이야기를 했습니다. 그래서 이 사람 이야기를 들어보고 아 이 사람 입장에서는 그렇게 생각할 수 밖에 없겠다. 그래서 아 너의 입장에서는 에이로 이야기를 할 수 있겠구나 야 나 같아도 그랬을 것 같애. 그런데 지금 우리가 이런 결과물을 내야 되는데 에이 만 주장하기보다는 나는 이런 비 주장이 조금은 더 괜찮다고 생각을 해. 그러니까 우리가 너의 에이 주장의 장점과 여기 비해 주장의 장점을 이끌어내서 좋게 마무리하면 어떨까 이런 식으로 조금은 유하게 말을 하는 그런 방법을 저 방법이라기보다는 그런 화법을 사용해서요 대부분 다 좀 긍정적으로 유하게 풀렸던 것 같습니다. 그래서 딱히 막 엄청나게 어려운 점은 없었고 사람이 많고 그럼 본인만의 생각이 강하신 분이 있으면은 조금 고려했어야겠다 라고 말씀드릴 수 있을 것 같습니다.","wordCount":159},"emotion":[],"intent":[{"text":"지금 같은 경우에는 노하우가 생겨서   우선 조금의 자기의 생각이 강하신 분이 있으면은 따로 이야기를 했습니다.","expression":"c_confl_mg","category":"personality"}],"summary":{"text":"기존에 대학에서 협업을 한 적이 있었는데, 본인의 입장을 굉장히 고집하시는 분들은 따로 이야기를 했습니다. 그런데 지금은 노하우가 생겨서 에이 주장의 장점과 비교해 주장의 장점을 이끌어내서 좋게 마무리하면 어떨까 이런 식으로 유하게 말을 하는 방법을 사용해 대부분 다 긍정적으로 풀었습니다.","wordCount":39}}},"rawDataInfo":{"question":{"fileFormat":"wav","fileSize":533198,"duration":16660,"samplingBit":16,"channelCount":1,"samplingRate":"16kHz","audioPath":"/Mock/01.Management/Female/Experienced/ckmk_q_bm_f_e_166594.wav"},"answer":{"fileFormat":"wav","fileSize":2734478,"duration":85450,"samplingBit":16,"channelCount":1,"samplingRate":"16kHz","audioPath":"/Mock/01.Management/Female/Experienced/ckmk_a_bm_f_e_166594.wav"}}}