{"version":"1.0","dataSet":{"info":{"date":"20230116","occupation":"BM","channel":"MOCK","place":"ONLINE","gender":"FEMALE","ageRange":"-34","experience":"EXPERIENCED"},"question":{"raw":{"text":"지원자님의 이전 직장 또는 대학에서 프로젝트를 많이 해 보셨을 텐데요 가장 생각나는 프로젝트를 하나 선택하셔서 소개해 주시겠습니까","wordCount":17},"emotion":[],"intent":[]},"answer":{"raw":{"text":"저는 대학 시절 서울시청에서 크리스마스 시즌를 맞아 서울시청에서 크리스마스 플리마켓을 한 경험이 기억에 남습니다. 크리스마스는 국제적으로 의미가 깊은 성탄절 즉 국제 행사 기념일이라고 생각합니다. 저는 따라서 그러한 날을 맞이하여 큰 행사를 대비하여 시청에서 직접 트리를 만들어 장식하고 시청 크리스마스를 기념한 리스트를 만드는 등 미니트리 관련 상품을 만드는 것이 큰 도움이 되었습니다. 저는 직접 만들어보면서 그 일에 대해서도 흥미를 느끼고 이것이 상품화 될 수 있는지에 대한 고민을 하면서 다양한 고민과 발전을 이뤄낼 수 있었다고 생각합니다. 또한 만들면서 저의 능력치더한 능력치 또한 향상할 수 있었고 직접 팔 팔매 있어서는 저의 영업 능력의 성상함을 볼 수 있었습니다. 그리고 홍보함에 있어서는 있어서는 마케팅의 효과를 볼 수 있었고 광고 홍보 효과도 누르기 위해 인 스타일을 활용하 활용하는 등 적극적으로 일을 한 경험이 저에게 도움이 됐다고 생각합니다. 감사합니다.","wordCount":122},"emotion":[{"text":"저는 대학 시절 서울시청에서 크리스마스 시즌를 맞아 서울시청에서 크리스마스 플리마켓을 한 경험이 기억에 남습니다.","expression":"u-fact","category":"neutral"}],"intent":[{"text":"저는 대학 시절 서울시청에서 크리스마스 시즌를 맞아 서울시청에서 크리스마스 플리마켓을 한 경험이 기억에 남습니다.","expression":"c_private","category":"background"}],"summary":{"text":"대학 시절 서울시청에서 크리스마스 플리마켓을 한 경험이 기억에 남습니다. 크리스마스는 국제 행사 기념일로, 이를 대비하여 시청에서 미니트리 관련 상품을 만드는 것이 큰 도움이 되었습니다. 직접 만들어보면서 다양한 고민과 발전을 이뤄낼 수 있었고, 홍보함에서는 마케팅의 효과를 볼 수 있었습니다.","wordCount":38}}},"rawDataInfo":{"question":{"fileFormat":"wav","fileSize":481358,"duration":15040,"samplingBit":16,"channelCount":1,"samplingRate":"16kHz","audioPath":"/Mock/01.Management/Female/Experienced/ckmk_q_bm_f_e_180949.wav"},"answer":{"fileFormat":"wav","fileSize":2689998,"duration":84060,"samplingBit":16,"channelCount":1,"samplingRate":"16kHz","audioPath":"/Mock/01.Management/Female/Experienced/ckmk_a_bm_f_e_180949.wav"}}}