{"version":"1.0","dataSet":{"info":{"date":"20230116","occupation":"BM","channel":"MOCK","place":"ONLINE","gender":"FEMALE","ageRange":"-34","experience":"EXPERIENCED"},"question":{"raw":{"text":"본인이 창의적으로 어떤 문제를 해결한 경험이 있나요 그 과정을 자세하게 설명해 주세요","wordCount":12},"emotion":[],"intent":[]},"answer":{"raw":{"text":"저는 창의적으로 문제를 해결한 경험이 있습니다. 예를 들어서 저는 재학 대학 재학 시절에 축제를 진행한 경우에 경험이 경험이 있습니다. 저는 그 과정에서 저희 학과 축제 부스로는 딸기 우유와 막대를 이용한 음료를 만들어 파는 것을 진행했었습니다. 저는 그 상품들을 팔기 위해서 노력했습니다. 그 상품들을 팔기 위한 방법을 노력해 생각해보았을 때 그 상품에 대한 시식 코너를 마련하는 것이 도움이 될 것이라고 생각했습니다. 저의 음료는 맛 있었기 때문에 그 음료의 맛을 맛보면 사람들은 사갈 것이라고 생각했기 때문입니다. 따라서 저는 학생들이 많이 지나 지나다니는 곳에 홍보를 하고 시식을 할 수 있도록 맛보게 하 했습니다. 그 결과 사람들은 눈에 띄게 많아졌고 그 음료 맛을 본 학생들은 저희 음료를 사가기 시작했습니다. 그 결과 저희 음료는 모두 매진되어 품절되기에 이르렀고 축제 부스 축제 부스와 축제를 성공적으로 마무리 할 수 있었습니다. 감사합니다.","wordCount":124},"emotion":[{"text":"예를 들어서 저는 재학 대학 재학 시절에 축제를 진행한 경우에 경험이 경험이 있습니다.","expression":"u-fact","category":"neutral"}],"intent":[{"text":"예를 들어서 저는 재학 대학 재학 시절에 축제를 진행한 경우에 경험이 경험이 있습니다.","expression":"c_private","category":"background"}],"summary":{"text":"창의적으로 문제를 해결한 경험을 예로 들자면, 대학 재학 시절에 축제 부스로 딸기 우유와 막대를 이용한 음료를 만들어 파는 것을 진행했습니다. 시식 코너 마련이 도움이 될 것이라고 생각해 학생들이 많이 지나다니는 곳에 홍보를 하고 시식을 할 수 있도록 맛보게 하였습니다. 그 결과 음료가 매진되었습니다.","wordCount":43}}},"rawDataInfo":{"question":{"fileFormat":"wav","fileSize":293198,"duration":9160,"samplingBit":16,"channelCount":1,"samplingRate":"16kHz","audioPath":"/Mock/01.Management/Female/Experienced/ckmk_q_bm_f_e_180559.wav"},"answer":{"fileFormat":"wav","fileSize":2384078,"duration":74500,"samplingBit":16,"channelCount":1,"samplingRate":"16kHz","audioPath":"/Mock/01.Management/Female/Experienced/ckmk_a_bm_f_e_180559.wav"}}}