{"version":"1.0","dataSet":{"info":{"date":"20230116","occupation":"BM","channel":"MOCK","place":"ONLINE","gender":"FEMALE","ageRange":"-34","experience":"EXPERIENCED"},"question":{"raw":{"text":"본인은 협업을 할 때 사교성이 좋은 편인가요 좋은 편이라면 사교성을 키우기 위해서 어떤 노력들을 해 왔나요","wordCount":16},"emotion":[],"intent":[]},"answer":{"raw":{"text":"네 저는 사교성이 좋은 편이라고 생각을 합니다. 제 타고난 성격 자체도 사교성이 좋은 편이라고 생각을 하지만 어 제가 현재 하고 있는 업무 자체가 유관 부서들과 협업하는 일이 많기 때문에 어 사교성을 키우기 위해서 제 개인적으로도 좀 신경을 많이 쓰는 편인데요. 그러기 위해서 제가 노력했던 방향은 음 업무를 할 때 꼭 업무 얘기만 하지는 않는다는 겁니다. 물론 업무를 할 때 업무에 가장 집중해야 맞지만 어 업무를 시작함에 앞서 처음 뵙는 분들과 협업을 하게 된다고 하면 그분들에게 먼저 또 요즘 개인적으로 관심 있는 주제 뭐 좋아하는 일상들에 대한 얘기를 물어봐서 그분들에게 제가 개인적인 인간적인 호감을 사기 위해 먼저 노력을 한다는 것입니다. 어 저희가 업무를 하기 위해서 모인 집단이기 하지만 기본적으로 인간과 인간 대 어 어떤 커뮤니케이션이 필요한 작업이기 때문에 그분들에게 어떤 인간적인 호감을 먼저 사게 되면 업무 협업 업무를 하는 데 있어서 좀 더 시너지를 이끌어 낼 수 있다고 생각하기 때문에 음 항상 인간적으로 제가 먼저 그분들에게 관심이 있고 호감을 사기 위해 있다는 것은 관심이 있다는 것을 표현을 하고 그분들의 호감을 사기 위해 노력을 많이 하는 편입니다.","wordCount":165},"emotion":[],"intent":[{"text":"제 타고난 성격 자체도 사교성이 좋은 편이라고   생각을 하지만 어 제가 현재 하고 있는 업무 자체가 유관 부서들과 협업하는 일이   많기 때문에 어 사교성을 키우기 위해서 제 개인적으로도 좀 신경을 많이 쓰는   편인데요.","expression":"c_person","category":"background"}],"summary":{"text":"업무 자체가 유관 부서들과 협업하는 일이 많기 때문에 사교성을 키우기 위해 노력을 많이 했습니다. 업무를 시작할 때 처음 뵙는 분들과 협업을 하게 되면 제가 개인적인 인간적인 호감을 사기 위해 노력을 하는 것입니다. 항상 인간적인 호감을 사게 되면 협업 업무를 하는 데 있어서 시너지를 이끌어 낼 수 있다고 생각하기 때문입니다.","wordCount":49}}},"rawDataInfo":{"question":{"fileFormat":"wav","fileSize":332878,"duration":10400,"samplingBit":16,"channelCount":1,"samplingRate":"16kHz","audioPath":"/Mock/01.Management/Female/Experienced/ckmk_q_bm_f_e_173544.wav"},"answer":{"fileFormat":"wav","fileSize":2444238,"duration":76380,"samplingBit":16,"channelCount":1,"samplingRate":"16kHz","audioPath":"/Mock/01.Management/Female/Experienced/ckmk_a_bm_f_e_173544.wav"}}}