{"version":"1.0","dataSet":{"info":{"date":"20230116","occupation":"BM","channel":"MOCK","place":"ONLINE","gender":"FEMALE","ageRange":"-34","experience":"EXPERIENCED"},"question":{"raw":{"text":"과거 직면한 어려운 문제를 해결하기 위해서 어떤 아이디어를 제안하였고 또 무엇을 하셨는지 그 과정을 설명해 주시기 바랍니다","wordCount":17},"emotion":[],"intent":[]},"answer":{"raw":{"text":"과거 졸업 준비를 할 때 전시회를 열 때 졸업 전시 전 준비 위원회를 한 경험이 있습니다. 그 과정에서 졸업 준비를 할 때 전시회에 꼭 필요한 전시 소개 작품 소개를 하는 팻말이나 표지판 판 때가 없다는 것이 문제였습니다. 작품 소개가 되어야 하는데 작품 소개를 할 것이 없어서 문제가 되었습니다. 하지만 촉박한 기한 속에서 어떻게 해야 될지 사람들은 그것에 들고 패닉 상태에 빠졌습니다. 하지만 저는 최대한 빠른 시간 내에 그 문제를 해결하기 위해서 인쇄 스크린 업체에 전화를 해보았고 그 결과 비용적으로 그리고 시간적으로 따져 보았을 때 가장 합리적인 업체를 찾아 그 사장님과의 커뮤니케이션을 통해 빠른 시간 내에 발주를 넣고 그 판말 표대 표지판을 받아온 경험이 있습니다. 그 일을 통해 작업을 졸업 준비를 무사하게 준비할 수 있었고 전시는 성공적으로 마무리 할 수 있었다고 생각합니다. 감사합니다.","wordCount":122},"emotion":[],"intent":[{"text":"하지만 저는 최대한 빠른 시간 내에 그 문제를 해결하기 위해서 인쇄 스크린 업체에 전화를 해보았고 그 결과 비용적으로 그리고 시간적으로 따져 보았을 때 가장 합리적인 업체를 찾아 그 사장님과의 커뮤니케이션을 통해 빠른 시간 내에 발주를 넣고 그 판말 표대 표지판을 받아온 경험이 있습니다.","expression":"c_adp","category":"personality"}],"summary":{"text":"졸업 준비를 할 때 전시회에 꼭 필요한 전시 소개 작품 소개를 하는 팻말이나 표지판 판 때가 없어 사람들이 패닉 상태에 빠졌습니다. 인쇄 스크린 업체에 전화하여 가장 합리적인 업체를 찾아 판말 표대 표지판을 받아 온 경험이 있습니다. 그 일을 통해 졸업 준비를 안전하게 준비할 수 있었습니다.","wordCount":45}}},"rawDataInfo":{"question":{"fileFormat":"wav","fileSize":450638,"duration":14080,"samplingBit":16,"channelCount":1,"samplingRate":"16kHz","audioPath":"/Mock/01.Management/Female/Experienced/ckmk_q_bm_f_e_180797.wav"},"answer":{"fileFormat":"wav","fileSize":2531918,"duration":79120,"samplingBit":16,"channelCount":1,"samplingRate":"16kHz","audioPath":"/Mock/01.Management/Female/Experienced/ckmk_a_bm_f_e_180797.wav"}}}