{"version":"1.0","dataSet":{"info":{"date":"20230116","occupation":"BM","channel":"MOCK","place":"ONLINE","gender":"FEMALE","ageRange":"-34","experience":"EXPERIENCED"},"question":{"raw":{"text":"업무를 하다 보면 영어로 서류를 작성해야 할 일이 많이 생길 수 있습니다 지원자님께서는 서류로 영어로 서류를 작성하실 수 있으십니까","wordCount":19},"emotion":[],"intent":[]},"answer":{"raw":{"text":"어 네 충분히 가능합니다. 저는 영어 공부를 굉장히 꾸준히 했었고 사실 그 서류 양식만 파악하는 시간이 주어진다면은 그 서류 작성하는 데 좀 무리가 없고요. 그리고 대학 때 제 경험 안에서 영어로 지원서 같은 것도 작성한 적이 있어서 사실 어떤 항목적인 것들 외에도 제가 무언가를 설명하는 거 뭐 이 프로젝트가 어떤 식으로 진행이 될 건지 뭐 그런 점들도 그런 부분들도 영어로 충분히 작성이 가능합니다.","wordCount":63},"emotion":[],"intent":[{"text":"","expression":"","category":"attitude"}],"summary":{"text":"저는 영어 공부를 많이 해서 서류 양식만 파악 시간이 있다면 서류 작성에 무리가 없고 대학 때 영어로 지원서 같은 것도 작성한 적이 있어서 그런 부분들도 영어로 충분히 작성이 가능합니다.","wordCount":29}}},"rawDataInfo":{"question":{"fileFormat":"wav","fileSize":625358,"duration":19540,"samplingBit":16,"channelCount":1,"samplingRate":"16kHz","audioPath":"/Mock/01.Management/Female/Experienced/ckmk_q_bm_f_e_102980.wav"},"answer":{"fileFormat":"wav","fileSize":1393358,"duration":43540,"samplingBit":16,"channelCount":1,"samplingRate":"16kHz","audioPath":"/Mock/01.Management/Female/Experienced/ckmk_a_bm_f_e_102980.wav"}}}