{"version":"1.0","dataSet":{"info":{"date":"20230116","occupation":"BM","channel":"MOCK","place":"ONLINE","gender":"FEMALE","ageRange":"35-44","experience":"EXPERIENCED"},"question":{"raw":{"text":"어 지원자분께서 익히 아시겠지만 지금 사회가 점점 고령화되면서 치매에 대한 문제가 많이 대두되고 있습니다 어 이와 관련해서 건강 보험 공단이 하는 일 그리고 개선 방안을 생각하신 게 있다면 이야기해 주세요","wordCount":30},"emotion":[],"intent":[]},"answer":{"raw":{"text":"우리나라는 실제로 고령화를 떠마 떠나서 초고령화 사회로 진입이 얼마나 남지 않았을 정도로 아 노인 문제가 굉장히 심각한 사회적인 문제가 될 것 같습니다. 어 노인 문제가 일어나게 되면 빈곤 문제가 있을 수 있고요. 또 건강과 관련해서도 여러 가지 문제가 발생을 하는데 특히 이제 노인들이 많이 가지고 있는 질병이죠. 치매와 관련된 부분도 사회적인 문제가 될 거라고 생각을 합니다. 지금 이제 개인 그리고 가족들의 그 문제로 여기고 가족들이 보살피거나 이런 경우가 많은데요. 하지만 앞으로 쪼끔 더 이런 인구가 많아지고 고령화 사회가 진행되면 분명히 사회가 개입해야 될 시점이 올 거라고 생각을 합니다. 언제까지나 개인에게 맡겨만 둘 수 있는 문제는 아닌 것 같고요. 어 사회에서 적극적으로 그것들을 케어하고 또 중요한 점은 그 지금 그 케어를 하기 위해서는 노년에 마련된 어떤 자금적인 부분 현실적인 부분이 돼야 되는데 실제로 그 노년에 대한 준비를 해 놓지 못한 사람들이 굉장히 많다고 들었습니다. 그렇기 때문에 저는 이런 부분에 대해서 쪼끔 더 정부가 나서고 그리고 건보 공단이 나서서 그것들을 미리미리 선제적으로 대응할 수 있는 정책과 방법들을 연구했으면 좋겠다 라는 생각이 들었습니다.","wordCount":160},"emotion":[],"intent":[{"text":"그렇기 때문에 저는 이런 부분에 대해서 쪼끔 더   정부가 나서고 그리고 건보 공단이 나서서 그것들을 미리미리 선제적으로   대응할 수 있는 정책과 방법들을 연구했으면 좋겠다 라는 생각이 들었습니다.","expression":"m_critical","category":"attitude"}],"summary":{"text":"우리나라는 초고령화 사회로 진입이 얼마 남지 않았을 정도로 노인 문제가 심각한 사회적 문제가 될 것 같습니다. 개인에게 맡겨만 둘 수 있는 문제가 아닌 만큼 사회에서 적극적으로 개입해야 될 시점이 올 것입니다. 정부가 나서고 건보 공단이 나서 선제적으로 대응할 수 있는 정책과 방법들을 연구했으면 좋겠다 라는 생각이 들었습니다.","wordCount":47}}},"rawDataInfo":{"question":{"fileFormat":"wav","fileSize":615758,"duration":19240,"samplingBit":16,"channelCount":1,"samplingRate":"16kHz","audioPath":"/Mock/01.Management/Female/Experienced/ckmk_q_bm_f_e_175881.wav"},"answer":{"fileFormat":"wav","fileSize":2750798,"duration":85960,"samplingBit":16,"channelCount":1,"samplingRate":"16kHz","audioPath":"/Mock/01.Management/Female/Experienced/ckmk_a_bm_f_e_175881.wav"}}}