{"version":"1.0","dataSet":{"info":{"date":"20230116","occupation":"BM","channel":"MOCK","place":"ONLINE","gender":"FEMALE","ageRange":"55-","experience":"EXPERIENCED"},"question":{"raw":{"text":"만약에 일을 하던 중에 팀원과 불화가 생겼다면 어떻게 해결하시겠습니까 그런 해결법과 그 해결법을 택한 이유를 어 설명해 주셨으면 좋겠습니다","wordCount":19},"emotion":[],"intent":[]},"answer":{"raw":{"text":"하던 지 티마가 아 만약 일을 하던 중 팀원과 불화가 생긴다면 저는 사실 불화를 잘 만드는 형이 아닙니다. 되도록이면 참고 배려하는 거를 배려하는 것을 중요시 합니다. 그 제가 조금만 한 발만 더 물러서면 어 불화가 생긴 다른 사람도 또다시 저에게 한 발 다가오더라구요. 그런 방법을 많이 제가 터득을 했기 때문에 크게 제가 불화가 생겨서 얼굴을 붉힌다거나 아니면은 다퉜다거나 그런 일은 없었던 것 같아요. 근데 불만이 있다면 아 언제나 저는 좀 물어보는 편입니다. 근데 가끔 그렇게 물어보면 당황하는 경우가 있긴 하더라구요. 근데 저는 어 그럴 때마다 아니 진짜 나는 듣고 싶다 라고 얘기를 해서 그 불화의 이유를 안 다음에 그다음에 그럼 제가 고칠 수 있는 부분과 제가 할 수 있는 할 수 없는 부분과 할 수 있는 부분을 제시를 해서 그걸 만약에 수용을 한다면 좀 더 어 같이 융합할 수 있게 그렇게 해결을 하겠습니다. 예 이상입니다.","wordCount":135},"emotion":[],"intent":[{"text":"근데 저는 어 그럴 때마다 아니 진짜 나는 듣고 싶다   라고 얘기를 해서 그 불화의 이유를 안 다음에 그다음에 그럼 제가 고칠 수 있는 부분과   제가 할 수 있는 할 수 없는 부분과 할 수 있는 부분을 제시를 해서 그걸 만약에 수용을 한다면   좀 더 어 같이 융합할 수 있게 그렇게 해결을 하겠습니다.","expression":"c_confl_mg","category":"personality"}],"summary":{"text":"일을 하던 중 팀원과 불화가 생긴다면 배려를 중요시 합니다. 제가 양보하고 배려하는 것을 터득해서 불화는 없었던 것 같습니다. 불만이 있다면 듣고 싶다 라고 얘기를 해서 고칠 수 있는 부분과 할 수 없는 부분을 제시를 해서 같이 융합할 수 있게 해결하겠습니다.","wordCount":40}}},"rawDataInfo":{"question":{"fileFormat":"wav","fileSize":409998,"duration":12810,"samplingBit":16,"channelCount":1,"samplingRate":"16kHz","audioPath":"/Mock/01.Management/Female/Experienced/ckmk_q_bm_f_e_189792.wav"},"answer":{"fileFormat":"wav","fileSize":2664398,"duration":83260,"samplingBit":16,"channelCount":1,"samplingRate":"16kHz","audioPath":"/Mock/01.Management/Female/Experienced/ckmk_a_bm_f_e_189792.wav"}}}