{"version":"1.0","dataSet":{"info":{"date":"20230116","occupation":"BM","channel":"MOCK","place":"ONLINE","gender":"FEMALE","ageRange":"45-54","experience":"EXPERIENCED"},"question":{"raw":{"text":"지원자님께서는 무언가를 달성하기 위해 목표를 세우고 이 삼 년간 열심히 노력하여 그 목표를 달성한 경험이 있으십니까","wordCount":16},"emotion":[],"intent":[]},"answer":{"raw":{"text":"어 제가 원래 운동을 굉장히 싫어해요. 네 정말 살기 위해서 운동을 하는 사람인데 저는 근데 이제 일을 하면서 아무래도 업무적인 것을 위해서 운동을 해야 되는 경우가 점점 더 많아지더라고요. 이게 네 진급을 하면 할수록 그래서 개인적으로는 너무 싫지만 이제 시작을 한 게 골프 네 골프를 하면서 이제 아무래도 계속 이제 계속 어떤 접대 이런 그런 부분으로 골프를 치면서 이야기들을 하시니까. 그래서 이게 또 그런데 어느 정도 수준이 돼야지 또 같이 할 수가 있으니까. 너무 제가 완전 쌩초보라서 그러면 뭐 민망하더라고요. 저도 보는 눈이 있기 때문에 그래서 아예 조금 마음을 먹고 네 아예 코치 계속 레슨 받으면서 해서 이제는 꽤 저도 수준급으로 뭐 수준급까지 아니더라도 어느 정도 민망하지는 않을 정도로 해서 지금은 네 그래도 즐겁게는 좀 치는 편인 것 같습니다.","wordCount":119},"emotion":[],"intent":[{"text":"","expression":"","category":"attitude"}],"summary":{"text":"업무적인 것을 위해서 운동을 해야 되는 경우가 점점 더 많아지다보니 개인적으로는 너무 싫어하게 되었습니다. 그래서 조금 마음을 먹고 코치 레슨 받으면서 이제 어느 정도 부끄럽지는 않을 정도로 해서 지금은 즐겁게 치는 편인 것 같습니다.","wordCount":34}}},"rawDataInfo":{"question":{"fileFormat":"wav","fileSize":522318,"duration":16320,"samplingBit":16,"channelCount":1,"samplingRate":"16kHz","audioPath":"/Mock/01.Management/Female/Experienced/ckmk_q_bm_f_e_177721.wav"},"answer":{"fileFormat":"wav","fileSize":2823758,"duration":88240,"samplingBit":16,"channelCount":1,"samplingRate":"16kHz","audioPath":"/Mock/01.Management/Female/Experienced/ckmk_a_bm_f_e_177721.wav"}}}