{"version":"1.0","dataSet":{"info":{"date":"20230116","occupation":"BM","channel":"MOCK","place":"ONLINE","gender":"FEMALE","ageRange":"-34","experience":"EXPERIENCED"},"question":{"raw":{"text":"지원자분께서 지금까지 인생을 살아오시면서 가장 후회되는 일이 있다고 하신다면 그 일이 어떤 일인지 궁금합니다 그 중에서도 한 가지만 이야기해 주신다면 좋을 것 같습니다","wordCount":23},"emotion":[],"intent":[]},"answer":{"raw":{"text":"어 어떤 하나의 큰 이벤트라기보다는 어 제가 항상 머릿속으로만 생각을 하고 실천으로 옮기지 않는 점 이 살면서 가장 후회되는 점입니다. 어 매년 내년에는 무얼 해 봐야지 어떤 걸 계획해서 어떤 걸 한번 해봐야지 도전해 봐야지 라는 생각은 정말 많이 하는데 막상 실천으로 옮길 때는 온갖 핑계를 다 대서 아 이런 건 이래서 어렵고 이런 상황 때문에 안 될 것 같고 좀 부정적인 생각들을 먼저 함으로써 제 시작을 주저하게 만드는 그런 반복된 양상들이 굉장히 후회되는 점입니다. 그런 행동들 때문에 제가 놓친 기회들 많은 경험들이 굉장히 많다고 생각을 했기 때문에 어 이제부터라도 어 어떤 걸 계획하고 도전을 할 때 어려움이 있을 수는 있지만 어 먼저 도전을 해 봄으로써 그 과정에서 실패를 하더라도 어 그 과정에서 오는 어떤 배움이나 경험들은 다 제 자산이 될 거기 때문에 어 앞으로는 좀 더 너무 깊이 생각하지 않고 음 실천에 옮기는 쪽으로 하려고 노력을 하고 있습니다.","wordCount":139},"emotion":[{"text":"어 매년 내년에는 무얼 해 봐야지 어떤 걸 계획해서 어떤 걸 한번 해봐야지 도전해 봐야지 라는 생각은 정말 많이 하는데 막상 실천으로 옮길 때는   온갖 핑계를 다 대서 아 이런 건 이래서 어렵고 이런 상황 때문에 안 될 것 같고 좀 부정적인 생각들을 먼저 함으로써 제 시작을 주저하게 만드는 그런 반복된 양상들이 굉장히 후회되는 점입니다.","expression":"n-distress","category":"negative"}],"intent":[{"text":"","expression":"","category":"attitude"}],"summary":{"text":"살면서 가장 후회되는 점은 제가 항상 머릿속으로만 생각을 하고 실천으로 옮기지 않은 점인데, 이런 행동들 때문에 제가 놓친 기회들 많은 경험들이 많다고 생각했기 때문에 앞으로는 좀 더 깊이 생각하지 않고 실천에 옮기는 쪽으로 하려고 노력하고 있습니다.","wordCount":36}}},"rawDataInfo":{"question":{"fileFormat":"wav","fileSize":580558,"duration":18140,"samplingBit":16,"channelCount":1,"samplingRate":"16kHz","audioPath":"/Mock/01.Management/Female/Experienced/ckmk_q_bm_f_e_173519.wav"},"answer":{"fileFormat":"wav","fileSize":2026958,"duration":63340,"samplingBit":16,"channelCount":1,"samplingRate":"16kHz","audioPath":"/Mock/01.Management/Female/Experienced/ckmk_a_bm_f_e_173519.wav"}}}