{"version":"1.0","dataSet":{"info":{"date":"20230116","occupation":"BM","channel":"MOCK","place":"ONLINE","gender":"FEMALE","ageRange":"35-44","experience":"EXPERIENCED"},"question":{"raw":{"text":"멀티채널과 옴니채널의 개념과 차이점에 대해서 자세히 한번 설명해 보세요","wordCount":9},"emotion":[],"intent":[]},"answer":{"raw":{"text":"멀티 채널은 더 많은 고객 접촉과 참여를 유도하기 위해서 다양한 채널을 구축하는 데 주력하는 반면에 옴니 채널은 어떤 채널을 통하든 고객에게 긍정적이고 끊임없는 경험을 제공하는 데 초점을 맞춥니다. 통합된 쇼핑 경험을 제공함으로써 고객과 브랜드 간의 관계를 구축하는 것인데요. 다양한 채널을 활용한다는 측면에서는 음 유사해 보이지만 두 개 마케팅의 본질은 다르다고 할 수 있습니다. 멀티 채널 전력을 구사하는 기업은 채널의 수를 늘리는 경향이 있습니다. 그러나 옴니 채널 전략에서는 고객에게 수 수고스러움을 유발시키는 채널을 줄일 수도 있습니다. 옴니 채널 채널은 복수 채널을 개발하는 게 아니라 고객의 전체 쇼핑 여정을 최적화하는 게 목적이기 때문입니다.","wordCount":91},"emotion":[{"text":"멀티 채널은 더 많은 고객 접촉과 참여를 유도하기 위해서 다양한 채널을 구축하는 데 주력하는 반면에 옴니 채널은 어떤 채널을 통하든 고객에게 긍정적이고 끊임없는 경험을 제공하는 데 초점을 맞춥니다.","expression":"u-fact","category":"neutral"}],"intent":[{"text":"","expression":"","category":"attitude"}],"summary":{"text":"멀티 채널은 더 많은 고객 접촉과 참여를 유도하기 위해 다양한 채널을 구축하는 데 주력하는 반면, 옴니 채널은 어떤 채널을 통하든 고객에게 긍정적이고 끊임없는 경험을 제공하는 데 초점을 맞춤니다.","wordCount":28}}},"rawDataInfo":{"question":{"fileFormat":"wav","fileSize":309198,"duration":9660,"samplingBit":16,"channelCount":1,"samplingRate":"16kHz","audioPath":"/Mock/01.Management/Female/Experienced/ckmk_q_bm_f_e_209534.wav"},"answer":{"fileFormat":"wav","fileSize":1931918,"duration":60370,"samplingBit":16,"channelCount":1,"samplingRate":"16kHz","audioPath":"/Mock/01.Management/Female/Experienced/ckmk_a_bm_f_e_209534.wav"}}}