{"version":"1.0","dataSet":{"info":{"date":"20230116","occupation":"BM","channel":"MOCK","place":"ONLINE","gender":"FEMALE","ageRange":"-34","experience":"EXPERIENCED"},"question":{"raw":{"text":"어 업무를 하다 보면 팀으로 일을 할 때도 있고 혼자서 일을 할 때도 있는데 지원자님께서는 어떤 것을 더 선호하시는지요 그 이유도 함께 말씀해 주시면 좋겠습니다","wordCount":25},"emotion":[],"intent":[]},"answer":{"raw":{"text":"저는 업무를 하는 데 있어서 어 팀으로 일하는 걸 선호하는 편입니다. 어 기본적으로 같이 일할 때 훨씬 더 시너지 효과가 나는 것 같구요. 그리고 혼자 일했을 때보다 또 사람들이 모여서 상호 작용을 하고 또 어떤 걸 만들어가면서 어 그 뿌듯함도 더 커지는 것 같습니다. 어 업무를 할 때 기본적으로 각자의 역할이 중요하긴 한데요. 그 역할들이 모여서 또 하나의 프로젝트를 만들어 냈을 때 어 저는 훨씬 더 보람을 느꼈던 것 같습니다. 그래서 제가 이제 다른 회사에서 업무를 할 때도 같이 팀 프로젝트를 하게 되면 훨씬 더 재미있고 또 여러 가지로 같이 소통하면서 하게 되다 보니까 또 친분 관계도 넓어지고 경험도 쌓이는 일을 했습니다. 그리고 이제 혼자 역량으로 일을 할 때는 어떤 파트의 부분을 일을 하게 되는데요. 그 일을 하게 되면 전체적인 거를 아우르지 못하거나 보지 못하는 경우도 있습니다. 어 단순히 업무 지원을 하다보면 그 파트에 미시적인 것만 보게 되는데요. 하지만 같이 업무를 여러 가지로 진행을 해서 팀 프로젝트를 하다 보니까 더 크게 볼 수 있는 눈이 생겼고 또 경험을 함으로써 얻게 되는 점이 많았다고 생각을 해서 저는 팀으로 일하는 것을 선호하는 편입니다.","wordCount":171},"emotion":[{"text":"그리고   혼자 일했을 때보다 또 사람들이 모여서 상호 작용을 하고 또 어떤 걸 만들어가면서   어 그 뿌듯함도 더 커지는 것 같습니다.","expression":"p-achievement","category":"positive"},{"text":"그 역할들이 모여서 또 하나의 프로젝트를 만들어 냈을 때   어 저는 훨씬 더 보람을 느꼈던 것 같습니다.","expression":"p-achievement","category":"positive"}],"intent":[{"text":"그리고   혼자 일했을 때보다 또 사람들이 모여서 상호 작용을 하고 또 어떤 걸 만들어가면서   어 그 뿌듯함도 더 커지는 것 같습니다.","expression":"c_cop","category":"personality"},{"text":"그 역할들이 모여서 또 하나의 프로젝트를 만들어 냈을 때   어 저는 훨씬 더 보람을 느꼈던 것 같습니다.","expression":"c_cop","category":"personality"},{"text":"그래서 제가 이제   다른 회사에서 업무를 할 때도 같이 팀 프로젝트를 하게 되면 훨씬 더 재미있고   또 여러 가지로 같이 소통하면서 하게 되다 보니까 또 친분 관계도 넓어지고   경험도 쌓이는 일을 했습니다.","expression":"c_cop","category":"personality"},{"text":"보니까 더 크게 볼 수 있는 눈이 생겼고 또 경험을 함으로써   얻게 되는 점이 많았다고 생각을 해서 저는 팀으로 일하는 것을 선호하는   편입니다.","expression":"c_cop","category":"personality"}],"summary":{"text":"업무 지원 시 미시적인 것만 보게 되지만 같이 업무를 여러 가지로 진행을 해서 팀 프로젝트를 하다 보니 더 크게 볼 수 있는 눈이 생겼고 또 경험을 함으로써 얻게 되는 점이 많다고 생각을 해서 저는 팀으로 일하는 것을 선호하는 편입니다.","wordCount":39}}},"rawDataInfo":{"question":{"fileFormat":"wav","fileSize":425678,"duration":13300,"samplingBit":16,"channelCount":1,"samplingRate":"16kHz","audioPath":"/Mock/01.Management/Female/Experienced/ckmk_q_bm_f_e_155934.wav"},"answer":{"fileFormat":"wav","fileSize":2846158,"duration":88940,"samplingBit":16,"channelCount":1,"samplingRate":"16kHz","audioPath":"/Mock/01.Management/Female/Experienced/ckmk_a_bm_f_e_155934.wav"}}}