{"version":"1.0","dataSet":{"info":{"date":"20230116","occupation":"BM","channel":"MOCK","place":"ONLINE","gender":"FEMALE","ageRange":"-34","experience":"EXPERIENCED"},"question":{"raw":{"text":"만약에 오늘 이 면접에서 최종적으로 탈락을 하게 되신다면 과연 어떤 점이 부족해서 탈락했다고 생각을 하실 것 같습니까","wordCount":17},"emotion":[],"intent":[]},"answer":{"raw":{"text":"제가 만약 이 면접에서 최종 탈락하였다면 저의 역량이 부족해서라고 생각할 것 같습니다. 저는 아직 나이도 어리고 사회 초년생이고 아직 배우고 성장해야 할 것이 많이 남았다고 생각합니다. 따라서 제가 떨어지게 된다면 다른 지원자들보다 역량이 부족하거나 아직 이 회사에 들어 올 만큼 충분한 역량을 갖추지 못하였기 때문이라고 생각할 것 같습니다. 따라서 저는 면접에 탈락했다고 좌절하고 괴로워하는 것이 아니라 그것을 딛고 일어서서 저의 역량을 키우고 저만의 무기를 만드는데 더 집중할 것 같습니다. 저는 많은 도전과 시련을 함께 뚫고 나갈 수 있는 사람이라고 생각합니다. 이 면접에 최종 탈락한다면 정말 너무나도 아쉽겠지만 제가 원하는 바를 이루기 위해서 제 스스로를 더욱 강 갈고 닦는 시간을 가지게 될 것 같습니다. 그리하여 제 능력을 충분히 갖추고 역량을 키운 뒤에 나중에 기회가 된다면 더 좋은 모습으로 볼 수 있다면 좋겠다고 생각했습니다. 감사합니다.","wordCount":123},"emotion":[],"intent":[{"text":"","expression":"","category":"attitude"}],"summary":{"text":"이 면접에서 최종 탈락한다면 다른 지원자들보다 역량이 부족하다고 생각할 것 같습니다. 하지만 저는 많은 도전과 시련을 함께 뚫고 나갈 수 있는 사람이라고 생각합니다. 그리하여 제 능력을 충분히 갖추고 역량을 키운 뒤에 나중에 더 좋은 모습으로 볼 수 있다면 좋겠다고 생각했습니다.","wordCount":40}}},"rawDataInfo":{"question":{"fileFormat":"wav","fileSize":454798,"duration":14210,"samplingBit":16,"channelCount":1,"samplingRate":"16kHz","audioPath":"/Mock/01.Management/Female/Experienced/ckmk_q_bm_f_e_180950.wav"},"answer":{"fileFormat":"wav","fileSize":2624718,"duration":82020,"samplingBit":16,"channelCount":1,"samplingRate":"16kHz","audioPath":"/Mock/01.Management/Female/Experienced/ckmk_a_bm_f_e_180950.wav"}}}