{"version":"1.0","dataSet":{"info":{"date":"20230116","occupation":"BM","channel":"MOCK","place":"ONLINE","gender":"FEMALE","ageRange":"-34","experience":"EXPERIENCED"},"question":{"raw":{"text":"지원자께서 그동안 진행해 온 프로젝트들 가운데 가장 기억에 남는 프로젝트가 있다면 어떤 점에서 기억에 남는지 설명해 주시기 바랍니다","wordCount":18},"emotion":[],"intent":[]},"answer":{"raw":{"text":"그동안 기억에 남았던 프로젝트 같은 경우에는 저희가 전체 팀원이 함께 참여한 프로젝트였고요. 그리고 옆에 타 부서와 같이 협업을 통해서 이루어지는 아 그런 대형 프로젝트를 진행했던 점이 좀 기억에 남는 것 같습니다. 그리고 당시에 제가 그 업무를 총괄하는 그런 역할을 했었는데요. 어 제가 사실 뭐 입사하거나 이런 지 오래되지 않았는데 저한테 그 총괄하는 업무를 맡겨주셨고 또 제 스스로도 그거를 하면서 굉장히 뿌듯했던 그런 기억이 남는 것 같습니다. 어 아무래도 저는 이제 어떤 프로젝트를 진행을 할 때 좀 주도적으로 일하는 걸 좋아하는 편인 것 같고요. 그리고 그 프로젝트를 진행을 하면서 팀원들과 함께 소통하고 또 그 원만하게 해결돼 가는 과정 그리고 어떤 일이 프로젝트가 마무리됐을 때 성취감이 굉장히 컸던 것 같습니다. 그래서 그 프로젝트가 회사 내에서도 좋은 평가를 받았고요. 그리고 다음 프로젝트로 이어질 정도로 연속성 있게 기획이 됐습니다. 아 앞으로 제가 입사를 하게 된다면 이렇게 프로젝트를 진행했던 경험을 바탕으로 어 여러 가지 프로젝트도 담당해보고 업무를 해 볼 수 있었으면 좋겠습니다.","wordCount":147},"emotion":[{"text":"그리고 그 프로젝트를 진행을 하면서 팀원들과 함께 소통하고   또 그 원만하게 해결돼 가는 과정 그리고 어떤 일이 프로젝트가 마무리됐을   때 성취감이 굉장히 컸던 것 같습니다.","expression":"p-achievement","category":"positive"}],"intent":[{"text":"그리고 옆에 타 부서와 같이 협업을 통해서 이루어지는   아 그런 대형 프로젝트를 진행했던 점이 좀 기억에 남는 것 같습니다.","expression":"c_cop","category":"personality"},{"text":"그리고 그 프로젝트를 진행을 하면서 팀원들과 함께 소통하고   또 그 원만하게 해결돼 가는 과정 그리고 어떤 일이 프로젝트가 마무리됐을   때 성취감이 굉장히 컸던 것 같습니다.","expression":"c_cop","category":"personality"}],"summary":{"text":"프로젝트가 회사 내에서 좋은 평가를 받고 연속성 있게 기획이 됐습니다. 앞으로 입사를 하게 된다면 프로젝트 진행했던 경험을 바탕으로 여러 가지 프로젝트도 담당해보고 업무를 해 볼 수 있었으면 좋겠습니다.","wordCount":28}}},"rawDataInfo":{"question":{"fileFormat":"wav","fileSize":506958,"duration":15840,"samplingBit":16,"channelCount":1,"samplingRate":"16kHz","audioPath":"/Mock/01.Management/Female/Experienced/ckmk_q_bm_f_e_154145.wav"},"answer":{"fileFormat":"wav","fileSize":2752718,"duration":86020,"samplingBit":16,"channelCount":1,"samplingRate":"16kHz","audioPath":"/Mock/01.Management/Female/Experienced/ckmk_a_bm_f_e_154145.wav"}}}