{"version":"1.0","dataSet":{"info":{"date":"20230116","occupation":"BM","channel":"MOCK","place":"ONLINE","gender":"FEMALE","ageRange":"55-","experience":"EXPERIENCED"},"question":{"raw":{"text":"만약 지원자분이 이번 면접에서 최종 탈락을 하신다면 스스로가 생각하기엔 어떤 점이 부족했던 것 같나요","wordCount":14},"emotion":[],"intent":[]},"answer":{"raw":{"text":"저는 부족함이 없어요. 그건 여기 회사 잘못이지 그걸 왜 내 탓으로 돌리려고 하세요. 네 제가 부족한 게 아니죠. 그건 질문이 잘못됐어요. 그리고 질문이 참 음 조금 이렇게 얘기해서 참 유감이긴 한데 되게 건방지네요 질문이. 아무리 뭐 내가 여기에 지원서를 내고 채용을 됐으면 하는 마음으로 나도 얘기를 하고 있긴 하지만 왜 당연히 지원한 사람의 부족함으로 인해서 탈락이 이루어진다고 생각을 하죠. 이렇게 질문이 나오는 거를 봤으니 사실 저도 제 입장에서 판단을 할 수 있어요 네 결과가 어떻든지 간에. 참 참 웃기는 상황이긴 하네요. 네 어떤 시선으로 어 지원자를 바라보는지도 알 수 있는 부분이고요. 어 조심하셔야 될 것 같아요. 옛날 같은 사고방식으로는 아무리 뭐 지금 날고 긴다고 해도 오래 살아남을 수 없어요. 사람은 계속 있기도 하고 빠지기도 하고 합니다.","wordCount":116},"emotion":[],"intent":[{"text":"","expression":"","category":"attitude"}],"summary":{"text":"어떤 시선으로 지원자를 바라보는지 알 수 있는 부분이죠. 옛날 사고방식으로는 아무리 긴다고 해도 오래 살아남을 수 없어요. 사람은 계속 있기도 하고 빠지기도 하기 때문에 어떤 관점으로 바라보는지가 중요한 것 같습니다.","wordCount":30}}},"rawDataInfo":{"question":{"fileFormat":"wav","fileSize":329678,"duration":10300,"samplingBit":16,"channelCount":1,"samplingRate":"16kHz","audioPath":"/Mock/01.Management/Female/Experienced/ckmk_q_bm_f_e_160015.wav"},"answer":{"fileFormat":"wav","fileSize":2798798,"duration":87460,"samplingBit":16,"channelCount":1,"samplingRate":"16kHz","audioPath":"/Mock/01.Management/Female/Experienced/ckmk_a_bm_f_e_160015.wav"}}}