{"version":"1.0","dataSet":{"info":{"date":"20230116","occupation":"BM","channel":"MOCK","place":"ONLINE","gender":"FEMALE","ageRange":"-34","experience":"EXPERIENCED"},"question":{"raw":{"text":"지원자님께서 사람들이랑 협업하면서 가장 어려웠던 상황이 있으신가요 그 상황을 그러면 어떻게 극복했었는지 같이 말씀해 주시기 바랍니다","wordCount":16},"emotion":[],"intent":[]},"answer":{"raw":{"text":"아무래도 협업을 할 때 가장 어려운 점은 소통의 문제라고 생각을 합니다. 어 일단은 협업을 할 때는 가장 기본적으로 업무 협의라던가 아니면 세분화돼서 의사소통을 하고 또 해결해야 될 게 굉장히 많은데요. 하지만 이제 팀원들 간에 이 협업이 이뤄졌을 때 의사소통이 제대로 되지 않으면 업무가 빨리 진전이 되지 않는 경우가 있었습니다. 왜냐하면 팀원들이 공동으로 협의를 해서 어떤 의사 결정을 해야 하는데 그것들이 느려지고 또 특히 인제 그 와중에 팀원과의 불화 라던가 아니면 뭐 의사 결정 과정에 문제가 생기게 되면 계속해서 딜레이 되고 또 산으로 가는 경우도 있었습니다 아 본래의 목적 이외에 또 음정에만 치부한다던가 아니면 그것들이 흘러가는 데 있어서 좀 어려운 점이 많았는데요 그래서 저는 협업을 할 때는 기본적으로 그 의사소통을 잘 하는 거 커뮤니케이션이 중요하다고 생각하고요. 그러기 위해서는 업무 뿐만이 아니라 그 외적으로도 서로 좀 친분 관계가 있는 사이 또 신뢰 관계가 있는 사이라고 하면 조금 더 일 해 잘 되지 않을까 싶습니다. 그래서 단순히 팀원들이 업무만 하는 것이 아니라 앞으로 발전을 위해서 서로 협의하고 노력하는 과정들이 어 협업을 할 때 중요하다고 생각합니다.","wordCount":162},"emotion":[],"intent":[{"text":"아 본래의 목적 이외에 또   음정에만 치부한다던가 아니면 그것들이 흘러가는 데 있어서 좀 어려운 점이 많았는데요   그래서 저는 협업을 할 때는 기본적으로 그 의사소통을 잘 하는 거 커뮤니케이션이   중요하다고 생각하고요.","expression":"c_cop","category":"personality"},{"text":"그래서 단순히 팀원들이 업무만 하는 것이 아니라 앞으로   발전을 위해서 서로 협의하고 노력하는 과정들이 어 협업을 할 때 중요하다고 생각합니다.","expression":"c_cop","category":"personality"}],"summary":{"text":"협업 시 팀원들 간에 의사소통이 원활하지 않으면 업무가 빨리 진전되지 않는 경우가 있습니다. 의사소통을 잘 하는 커뮤니케이션이 중요하다고 생각하며, 업무 외적으로도 친분 관계가 있는 사이, 신뢰 관계가 있는 사이라고 하면 조금 더 일이 잘 될 수 있을 것 같습니다. 발전을 위해 서로 협의하고 노력하는 과정들이 협업 시 중요합니다.","wordCount":48}}},"rawDataInfo":{"question":{"fileFormat":"wav","fileSize":422478,"duration":13200,"samplingBit":16,"channelCount":1,"samplingRate":"16kHz","audioPath":"/Mock/01.Management/Female/Experienced/ckmk_q_bm_f_e_153994.wav"},"answer":{"fileFormat":"wav","fileSize":2869198,"duration":89660,"samplingBit":16,"channelCount":1,"samplingRate":"16kHz","audioPath":"/Mock/01.Management/Female/Experienced/ckmk_a_bm_f_e_153994.wav"}}}