{"version":"1.0","dataSet":{"info":{"date":"20230116","occupation":"BM","channel":"MOCK","place":"ONLINE","gender":"FEMALE","ageRange":"-34","experience":"EXPERIENCED"},"question":{"raw":{"text":"경영 지원 중에 본인이 하고 싶은 직무와 그 이유가 있을까요","wordCount":10},"emotion":[],"intent":[]},"answer":{"raw":{"text":"음 아니요 저는 경연 지원 중에서 특별하게 제가 하고 싶은 직무는 없습니다. 그냥 저는 어 주시는 역할을 성실하게 할 수 있을 것 같아서 원래 좀 수동적인 인간이라 가지구 막 제가 뭘 하고 싶다 이런 마음은 딱히 없어서 그냥 일을 하기 위해서 지원을 한 것이기 때문에 어떤 일을 주셔도 저한테는 그냥 다 똑같은 마음으로 임할 수 있을 것 같습니다.","wordCount":58},"emotion":[],"intent":[{"text":"","expression":"","category":"attitude"}],"summary":{"text":"경연 지원 중 제가 하고 싶은 직무는 수동적인 인간이기 때문에 어떤 일을 주셔도 똑같은 마음으로 임할 수 있을 것 같습니다.","wordCount":20}}},"rawDataInfo":{"question":{"fileFormat":"wav","fileSize":266318,"duration":8320,"samplingBit":16,"channelCount":1,"samplingRate":"16kHz","audioPath":"/Mock/01.Management/Female/Experienced/ckmk_q_bm_f_e_148359.wav"},"answer":{"fileFormat":"wav","fileSize":1057998,"duration":33060,"samplingBit":16,"channelCount":1,"samplingRate":"16kHz","audioPath":"/Mock/01.Management/Female/Experienced/ckmk_a_bm_f_e_148359.wav"}}}