{"version":"1.0","dataSet":{"info":{"date":"20230116","occupation":"BM","channel":"MOCK","place":"ONLINE","gender":"FEMALE","ageRange":"-34","experience":"EXPERIENCED"},"question":{"raw":{"text":"우리 회사가 해외 무대로 진출을 한다면 어디로 진출하는 것이 좋 좋겠습니까 이유도 말씀해 주세요","wordCount":14},"emotion":[],"intent":[]},"answer":{"raw":{"text":"저는 인도네시아로 진출하는 것이 적합하다고 생각합니다. 왜냐하면 인도네시아는 우리나라보다 우수한 인구수와 거대한 국토를 가지고 있어 거대한 시장 규모를 가지고 있기 때문입니다. 또한 둘째는 기업 친화적인 사업 환경을 가지고 있기 때문입니다. 인도네시아는 최근 옴니버스 법안을 제정하여 인도네시아에 진출한 해외 투자 기업에서의 규제 완화 세제 혜택 노동 관행 개선 등을 획기적으로 추진하고 있습니다. 또한 세 번째로 산업의 전략적 중요성과 성장 가능성입니다. 인도네시아는 최근 아이티 식음료 전자 화학 바이오 헬스 등 여러 전략 사업을 집중 육성하고 있습니다. 마지막으로는 인도네시아는 우리와 같은 자유 민주주의 시장경제를 지향하고 있습니다. 한류 열풍과 더불어 교류할 수 있는 여지가 큽니다. 또한 소비자의 고객 평가 등도 합리적이고 모바일 환경이 잘 조성되고 있다는 점을 뽑았습니다. 이러한 점들로 인해 저는 인도네시아로 시장을 진출하는 것이 적합하다고 생각합니다. 감사합니다.","wordCount":115},"emotion":[],"intent":[{"text":"","expression":"","category":"attitude"}],"summary":{"text":"인도네시아는 거대한 시장 규모, 기업 친화적인 사업 환경, 산업의 전략적 중요성과 성장 가능성, 자유 민주주의 시장경제를 지향하고 한류 열풍과 더불어 교류할 수 있는 여지가 크기 때문에 저는 인도네시아로 진출하는 것이 적합하다고 생각합니다.","wordCount":32}}},"rawDataInfo":{"question":{"fileFormat":"wav","fileSize":437518,"duration":13670,"samplingBit":16,"channelCount":1,"samplingRate":"16kHz","audioPath":"/Mock/01.Management/Female/Experienced/ckmk_q_bm_f_e_178343.wav"},"answer":{"fileFormat":"wav","fileSize":2412238,"duration":75380,"samplingBit":16,"channelCount":1,"samplingRate":"16kHz","audioPath":"/Mock/01.Management/Female/Experienced/ckmk_a_bm_f_e_178343.wav"}}}