{"version":"1.0","dataSet":{"info":{"date":"20230116","occupation":"BM","channel":"MOCK","place":"ONLINE","gender":"FEMALE","ageRange":"45-54","experience":"EXPERIENCED"},"question":{"raw":{"text":"지원하신 직무가 어떤 직무인지 잘 알고 있나요","wordCount":7},"emotion":[],"intent":[]},"answer":{"raw":{"text":"네 너무 잘 알고 있고요. 제가 정말 잘 할 수 있는 일이라는 것도 알고 있습니다. 그리고 어 잦은 출장이 동원된다는 것도 알고 있고 저는 그 사업에 확장을 시킬 수 있는 이 회사가 그 사업을 거기까지 확장시킬 수 있는 거에 굉장히 관심이 많기 때문에 저는 그 일을 정말 적극적으로 해 나갈 것입니다.","wordCount":51},"emotion":[],"intent":[{"text":"그리고 어 잦은 출장이 동원된다는 것도 알고 있고   저는 그 사업에 확장을 시킬 수 있는 이 회사가 그 사업을 거기까지 확장시킬 수 있는 거에 굉장히 관심이 많기 때문에   저는 그 일을 정말 적극적으로 해 나갈 것입니다.","expression":"c_sincere_co","category":"etc"}],"summary":{"text":"사업 확장을 할 수 있는 회사로 사업을 확장시킬 수 있는 거에 관심이 많기 때문에 그 일을 적극적으로 해 나갈 것입니다. 그 일에 관심이 많기 때문입니다.","wordCount":25}}},"rawDataInfo":{"question":{"fileFormat":"wav","fileSize":239758,"duration":7490,"samplingBit":16,"channelCount":1,"samplingRate":"16kHz","audioPath":"/Mock/01.Management/Female/Experienced/ckmk_q_bm_f_e_102781.wav"},"answer":{"fileFormat":"wav","fileSize":1024398,"duration":32009,"samplingBit":16,"channelCount":1,"samplingRate":"16kHz","audioPath":"/Mock/01.Management/Female/Experienced/ckmk_a_bm_f_e_102781.wav"}}}