{"version":"1.0","dataSet":{"info":{"date":"20230116","occupation":"BM","channel":"MOCK","place":"ONLINE","gender":"FEMALE","ageRange":"45-54","experience":"EXPERIENCED"},"question":{"raw":{"text":"일을 하던 중 모르는 과제가 등장합니다 어떻게 해결하실 건가요 해결법과 이유에 대해서 말씀해 주세요","wordCount":14},"emotion":[],"intent":[]},"answer":{"raw":{"text":"저 같은 경우에는 제가 전혀 모르는 주제나 혹은 내용이 업무에서 나왔을 때 먼저 스스로 한 번 고민해보고 또 인터넷 검색 포털을 통해서 한 번 써치 한 써치 해보는 것을 중요하게 생각합니다. 그 이유는 물론 내가 모르는 과제가 있다 라면 타인에게 바로 물어보고 또 한번 설명해 줄 것을 요청하는 방법도 있을 것입니다. 그렇지만 먼저 스스로 한번 고민해보는 어 자체 스터디를 통해서 검색을 해 본 능력을 키울 수도 있고 혹은 내가 어떠한 방향으로 이만큼은 알아냈지만 더 이상 이만큼은 내가 전진해내 전진해 내지 못했다면서 타인에게 물어볼 수 있는 그런 기회들을 가질 수 있다 라고 생각합니다. 그래서 제가 비록 모르는 과제가 나왔다 라면 스킵하거나 혹은 회피하지 않고 직접 자체적으로 알아보는 자세로 업무를 한번 추진해 보도록 하겠습니다.","wordCount":112},"emotion":[],"intent":[{"text":"","expression":"","category":"attitude"}],"summary":{"text":"저 같은 경우에는 전혀 모르는 주제나 내용이 업무에서 나왔을 때 스스로 고민하고 또 인터넷 검색 포털을 통해서 한번 써치 해보는 것을 중요하게 생각합니다. 그래서 직접 자체적으로 알아보는 자세로 업무를 추진해 보도록 하겠습니다.","wordCount":32}}},"rawDataInfo":{"question":{"fileFormat":"wav","fileSize":306638,"duration":9580,"samplingBit":16,"channelCount":1,"samplingRate":"16kHz","audioPath":"/Mock/01.Management/Female/Experienced/ckmk_q_bm_f_e_184677.wav"},"answer":{"fileFormat":"wav","fileSize":2473678,"duration":77300,"samplingBit":16,"channelCount":1,"samplingRate":"16kHz","audioPath":"/Mock/01.Management/Female/Experienced/ckmk_a_bm_f_e_184677.wav"}}}