{"version":"1.0","dataSet":{"info":{"date":"20230116","occupation":"BM","channel":"MOCK","place":"ONLINE","gender":"FEMALE","ageRange":"-34","experience":"EXPERIENCED"},"question":{"raw":{"text":"이루고 싶은 인생의 목표가 있으세요 있으시면 왜 그것을 이루고 싶은 지에 대해서도 함께 말씀해 주시겠어요","wordCount":15},"emotion":[],"intent":[]},"answer":{"raw":{"text":"저는 일단은 당분간은 회사 생활을 열심히 해서 제 돈을 좀 모으고 싶고요. 제 삶의 큰 목표는 애견 카페를 하는 것이고 그 카페가 좀 더 커졌을 때 유기견들을 보호할 수 있는 시설을 만드는 게 저의 목표입니다. 그래서 항상 좀 마당이 있고 공간을 강아지들이 뛰어 놀 수 있는 그런 공간에 카페를 만들고 싶은 욕심이 많구요. 그리고 버려지는 개들이 어 아직은 좀 정부 차원에서도 그런 제도가 없어서 안타깝기는 하지만 그래서 제가 좀 그런 유기견들을 거둬서 그냥 죽게 되는 경우들을 좀 방지하고 싶습니다.","wordCount":79},"emotion":[{"text":"제 삶의 큰 목표는   애견 카페를 하는 것이고 그 카페가 좀 더 커졌을 때 유기견들을 보호할 수 있는 시설을 만드는 게 저의 목표입니다.","expression":"p-interest","category":"positive"}],"intent":[{"text":"","expression":"","category":"attitude"}],"summary":{"text":"저는 당분간은 회사 생활을 열심히 해서 돈을 모으고 싶으며, 제 삶의 큰 목표는 반려견을 보호할 수 있는 시설을 만드는 것이며, 버려진 개들을 그냥 죽게 되는 경우들을 방지하고 싶습니다.","wordCount":28}}},"rawDataInfo":{"question":{"fileFormat":"wav","fileSize":468558,"duration":14640,"samplingBit":16,"channelCount":1,"samplingRate":"16kHz","audioPath":"/Mock/01.Management/Female/Experienced/ckmk_q_bm_f_e_102974.wav"},"answer":{"fileFormat":"wav","fileSize":1907598,"duration":59610,"samplingBit":16,"channelCount":1,"samplingRate":"16kHz","audioPath":"/Mock/01.Management/Female/Experienced/ckmk_a_bm_f_e_102974.wav"}}}