{"version":"1.0","dataSet":{"info":{"date":"20230116","occupation":"BM","channel":"MOCK","place":"ONLINE","gender":"FEMALE","ageRange":"-34","experience":"EXPERIENCED"},"question":{"raw":{"text":"어 앱 많이 쓰죠 우리 뭐 스마트폰 없는 사람들이 거의 없으니까 자 최근에 많이 늘 많 무궁무진한 앱이 많은데 새로운 앱 중에서 가장 관심 있는 앱이 어떤 게 있나요","wordCount":29},"emotion":[],"intent":[]},"answer":{"raw":{"text":"최근에 다양하고 또 신기한 앱들이 많이 나오고 있는데요. 어 저는 그중에서도 이제 그 사람의 생활 패턴이라던가 아니면 먹는 거 이런 것들을 분석을 해서 맞춤형으로 좀 지원해주는 그런 서비스가 기억에 남았습니다. 아무래도 우리가 인제 직장인들 같은 경우에 사회생활하고 바쁘다 보면 이제 먹는 거를 본인이 의식하지 않고 먹거나 아니면 운동을 소홀히 하거나 뭐 이런 경우들이 발생을 하게 되는데요. 그래서 그런 앱들 같은 경우에는 뭐 사진을 찍어서 간편하게 올리면 식생활을 분석을 해주고 또 어떤 영양소가 부족하고 또 어떻게 관리를 해야 되는지 그런 것들을 추천해 주는 앱을 받습니다. 아마 이제 빅데이터라던가 그 이제 아이오티 그리고 이런 서비스를 기반으로 해서 기술적인 측면에서 개발이 된 것 같은데요. 이렇게 최근에 이제 기술이 다양하게 발전을 하면서 그 사람들에게 맞는 맞춤형 정보를 제공해주는 서비스들이 많이 나오고 있습니다. 어 앞으로는 더 이렇게 개인에게 맞는 맞춤형 서비스들이 많이 나올 것 같구요. 또 그런 앱 뿐만이 아니라 제품들 또 서비스들 간의 개발 경쟁도 굉장히 치열해질 것이라는 생각이 듭니다. 그리고 최근에 트렌드가 이제 빠르게 변화하고 있기 때문에 이런 서비스가 기억에 남을 거 같고 발전을 할 것 같습니다.","wordCount":164},"emotion":[],"intent":[{"text":"","expression":"","category":"attitude"}],"summary":{"text":"최근 그 사람의 생활 패턴이나 먹는 거 등을 분석해서 맞춤형으로 지원해주는 서비스가 나왔습니다. 사진을 찍어 간편하게 올리면 식생활을 분석해주고 어떤 영양소가 부족하고 또 어떻게 관리를 해야 하는지 추천해 주는 앱을 받습니다. 빅데이터와 아이오티 서비스를 기반으로 기술적 측면에서 개발이 된 것 같은데, 이렇게 기술이 다양하게 발전을 하면서 맞춤형 정보 제공 서비스들이 많이 나오고 있습니다.","wordCount":53}}},"rawDataInfo":{"question":{"fileFormat":"wav","fileSize":540238,"duration":16880,"samplingBit":16,"channelCount":1,"samplingRate":"16kHz","audioPath":"/Mock/01.Management/Female/Experienced/ckmk_q_bm_f_e_153998.wav"},"answer":{"fileFormat":"wav","fileSize":2877838,"duration":89930,"samplingBit":16,"channelCount":1,"samplingRate":"16kHz","audioPath":"/Mock/01.Management/Female/Experienced/ckmk_a_bm_f_e_153998.wav"}}}