{"version":"1.0","dataSet":{"info":{"date":"20230116","occupation":"BM","channel":"MOCK","place":"ONLINE","gender":"FEMALE","ageRange":"45-54","experience":"EXPERIENCED"},"question":{"raw":{"text":"중국의 출장이 조금 있을 것 같은데 괜찮나요","wordCount":7},"emotion":[],"intent":[]},"answer":{"raw":{"text":"중국 출장이 제게는 전혀 문제가 없습니다. 저는 오히려 중국 출장이 반갑습니다. 늦게 배운 중국어가 사용될 수 있는 기회이기 때문입니다. 예전 직장에서도 중국어를 활용하여 업무를 보았었습니다. 중국 출장은 저는 아주 반갑고 제가 살아있는 느낌이 드는 그런 업무입니다. 중국 출장은 제게는 전혀 문제가 되지 않습니다.","wordCount":43},"emotion":[],"intent":[{"text":"","expression":"","category":"attitude"}],"summary":{"text":"중국 출장은 늦게 배운 중국어를 사용할 수 있는 기회이기 때문에 제게 문제가 되지 않습니다. 오히려 중국 출장이 반갑고 살아있는 느낌이 드는 업무입니다.","wordCount":22}}},"rawDataInfo":{"question":{"fileFormat":"wav","fileSize":224078,"duration":7000,"samplingBit":16,"channelCount":1,"samplingRate":"16kHz","audioPath":"/Mock/01.Management/Female/Experienced/ckmk_q_bm_f_e_103630.wav"},"answer":{"fileFormat":"wav","fileSize":1610958,"duration":50340,"samplingBit":16,"channelCount":1,"samplingRate":"16kHz","audioPath":"/Mock/01.Management/Female/Experienced/ckmk_a_bm_f_e_103630.wav"}}}