{"version":"1.0","dataSet":{"info":{"date":"20230116","occupation":"BM","channel":"MOCK","place":"ONLINE","gender":"FEMALE","ageRange":"35-44","experience":"EXPERIENCED"},"question":{"raw":{"text":"저희 회사에 입사하게 된다면 가장 일해보고 싶은 부서와 그 이유를 현재 이 일하고 있는 업무와 관련지어 이야기해 주십시오","wordCount":18},"emotion":[],"intent":[]},"answer":{"raw":{"text":"네 저는 입사를 하게 된다면 경영팀으로 입사를 하고 싶습니다. 저는 기본적으로 경영에 대해서 관심이 많고 또 회사의 그 경영을 관리하는 거에 만족감을 느끼고 있는데요. 제가 그동안 경영을 전공을 했었고 그리고 이런 직무들을 하면서 좀 재미와 흥미를 느꼈습니다. 그래서 전에 회사에 있을 때도 경영팀에서 활동을 하면서 어 회사의 전반적인 재무제표라던가 아니면 경영 상태를 살펴보고 또 지원하는 업무들을 수행을 했습니다. 또 경영은 회사에 있는 여러 사람들의 직원들에게 도움을 줄 수 있는 일이기도 한데요. 사실 회사에 있어서 매우 중요한 부서라고 생각이 듭니다. 여러 가지 지원 활동이라던가 그리고 회사를 잘 시스템을 굴러가게 하는 그런 지원을 하는 부서이기 때문에 저는 그 부서에 가서 일을 하고 싶습니다. 다만 제가 원하는 직무가 아니더라고 하더라도 여러 가지 부서에서 저는 경험을 해보고 싶은데요. 이러한 경험을 통해서 여러 가지 저를 발전시키고 노력하는 그런 사람이 되고 싶습니다.","wordCount":126},"emotion":[{"text":"제가 그동안 경영을 전공을 했었고   그리고 이런 직무들을 하면서 좀 재미와 흥미를 느꼈습니다.","expression":"p-interest","category":"positive"}],"intent":[{"text":"그래서 전에 회사에   있을 때도 경영팀에서 활동을 하면서 어 회사의 전반적인 재무제표라던가   아니면 경영 상태를 살펴보고 또 지원하는 업무들을 수행을 했습니다.","expression":"m_admin","category":"technology"},{"text":"여러 가지 지원 활동이라던가   그리고 회사를 잘 시스템을 굴러가게 하는 그런 지원을 하는 부서이기 때문에   저는 그 부서에 가서 일을 하고 싶습니다.","expression":"c_sincere_job","category":"etc"}],"summary":{"text":"저는 경영에 관심이 많고 회사 경영을 관리하는 것에 만족합니다. 전에 경영팀에서 활동하며 재무제표, 경영 상태를 살피고 지원하는 업무들을 수행했습니다. 경영은 회사에 중요한 부서이기 때문에 그 부서에서 일 하고 싶습니다. 원하는 직무가 아니어도 여러 부서에서 경험을 해보고 발전시키고 노력하는 사람이 되겠습니다.","wordCount":40}}},"rawDataInfo":{"question":{"fileFormat":"wav","fileSize":499278,"duration":15600,"samplingBit":16,"channelCount":1,"samplingRate":"16kHz","audioPath":"/Mock/01.Management/Female/Experienced/ckmk_q_bm_f_e_107838.wav"},"answer":{"fileFormat":"wav","fileSize":2365518,"duration":73920,"samplingBit":16,"channelCount":1,"samplingRate":"16kHz","audioPath":"/Mock/01.Management/Female/Experienced/ckmk_a_bm_f_e_107838.wav"}}}