{"version":"1.0","dataSet":{"info":{"date":"20230116","occupation":"BM","channel":"MOCK","place":"ONLINE","gender":"FEMALE","ageRange":"35-44","experience":"EXPERIENCED"},"question":{"raw":{"text":"직무를 수행을 하면서 난관에 봉착을 했다면 어떻게 해결을 하시겠습니까 지원자님의 해결 방법과 아 그 이유를 말씀해 주시면 감사하겠습니다","wordCount":18},"emotion":[],"intent":[]},"answer":{"raw":{"text":"난관이 봉착했다면 그 직무에 제일 잘 아는 상사나 전문가를 빠르게 찾아가 상황을 설명하고 도움을 요청할 것 같습니다. 왜냐하면 저보다 경험이 많은 사람들은 이미 이런 난관을 부딪친 경험이 만났을 거기에 그런 해결 방법이 저보다 수월하게 해결할 수 있는 능력이 있다고 생각을 하기 때문입니다. 물론 혼자서 공부하고 습득할 수는 있지만 회사에서는 정확하고 빠른 업무가 되어야 되기 때문에 혼자 끙끙 알면서 해결하기보다는 어 여 여러 전문가의 상 상사를 찾아가서 해결 방법을 알아내고 그리고 다음 업무에 똑같은 일이 반복되지 않도록 할 것입니다.","wordCount":78},"emotion":[],"intent":[{"text":"","expression":"","category":"attitude"}],"summary":{"text":"회사에서는 정확하고 빠른 업무가 되어야 하기 때문에 혼자 끙끙 알면서 해결하기보다는 여러 전문가의 상사를 찾아가 해결 방법을 알아내고 그리고 다음 업무에 똑같은 일이 반복되지 않도록 해야 합니다.","wordCount":27}}},"rawDataInfo":{"question":{"fileFormat":"wav","fileSize":537038,"duration":16780,"samplingBit":16,"channelCount":1,"samplingRate":"16kHz","audioPath":"/Mock/01.Management/Female/Experienced/ckmk_q_bm_f_e_192196.wav"},"answer":{"fileFormat":"wav","fileSize":1479758,"duration":46240,"samplingBit":16,"channelCount":1,"samplingRate":"16kHz","audioPath":"/Mock/01.Management/Female/Experienced/ckmk_a_bm_f_e_192196.wav"}}}