{"version":"1.0","dataSet":{"info":{"date":"20230116","occupation":"BM","channel":"MOCK","place":"ONLINE","gender":"FEMALE","ageRange":"35-44","experience":"EXPERIENCED"},"question":{"raw":{"text":"지원자님이 인생을 살면서 무언가 하나에 푹 빠져서 그 집중해 본 경험이 있으실까요 있으시다면 어떤 것인지 궁금합니다","wordCount":16},"emotion":[],"intent":[]},"answer":{"raw":{"text":"네 저도 물론 굉장히 몰두했었던 그런 경험들이 있습니다. 조금 의아하게 생기 생각하실 수도 있는데요. 저 같은 경우에는 어 학창 시절에 신화라는 그런 가수를 굉장히 좋아했었고 굉장히 몰두해서 그 가수의 사생활 같은 것도 많이 알고 싶어하고 혹은 뭐 그 가수에 관련한 매체 기사들이 있었다 라면 그 기사들을 다 스크랩하면서까지 굉장히 음 팬으로서 할 수 있는 모든 행동들을 했었던 그런 경험들이 있습니다. 물론 어떤 사람들이 생각했을 때에는 정말 생산성이 없는 그런 행동이라고 생각할 수도 있겠지만 저는 당시 제가 했던 그런 몰입 집념 그리고 정보를 모으는 능력 이런 것들을 좀 그런 과정들을 통해서 배울 수 있었고 저에게는 어 비록 생산성은 없었을지언정 제가 뭔가를 배울 수 있고 정보를 습득하는 능력에 있어서는 그 능력을 배양할 수 있었던 그런 기회였던 것 같습니다.","wordCount":116},"emotion":[{"text":"저 같은 경우에는 어 학창 시절에   신화라는 그런 가수를 굉장히 좋아했었고 굉장히 몰두해서   그 가수의 사생활 같은 것도 많이 알고 싶어하고 혹은 뭐 그 가수에 관련한 매체 기사들이 있었다","expression":"u-fact","category":"neutral"}],"intent":[{"text":"","expression":"","category":"attitude"}],"summary":{"text":"학창 시절에 신화라는 가수를 굉장히 좋아했고 사생활이나 매체 기사들을 다 스크랩해서라도 팬으로서 할 수 있는 모든 행동들을 했던 경험들이 있습니다. 저는 당시 제가 했던 몰입 집념 그리고 정보를 모으는 능력들을 이런 과정들을 통해서 배웠고 그것을 배양할 수 있었던 기회였던 것 같습니다.","wordCount":41}}},"rawDataInfo":{"question":{"fileFormat":"wav","fileSize":364878,"duration":11400,"samplingBit":16,"channelCount":1,"samplingRate":"16kHz","audioPath":"/Mock/01.Management/Female/Experienced/ckmk_q_bm_f_e_195846.wav"},"answer":{"fileFormat":"wav","fileSize":2682318,"duration":83820,"samplingBit":16,"channelCount":1,"samplingRate":"16kHz","audioPath":"/Mock/01.Management/Female/Experienced/ckmk_a_bm_f_e_195846.wav"}}}