{"version":"1.0","dataSet":{"info":{"date":"20230116","occupation":"BM","channel":"MOCK","place":"ONLINE","gender":"FEMALE","ageRange":"45-54","experience":"EXPERIENCED"},"question":{"raw":{"text":"면접자분이 대학에서 배운 전공 과목 중에서 가장 기억에 남는 과목 한 가지를 설명해 주세요","wordCount":14},"emotion":[],"intent":[]},"answer":{"raw":{"text":"과거 커뮤니케이션의 이해 그리고 말하기 기초 라는 과목들을 들었던 기억이 납니다. 제가 해당 과목들이 기억에 남는 이유는 제가 당시에 특별한 사정으로 인해서 제가 전공하는 과목이 아닌 다른 과목에 어 전공 수강생들과 함께 그 과목을 들었었어요. 당시 제가 느꼈던 감정들은 어 다른 전공의 학생들과 이 과목을 들으니 너무 재미있다. 그리고 서로 기본 베이스 어 지식에 대한 베이스가 다른데 우리들이 모여서 서로 커뮤니케이션에 대해서 대화를 하니까 더 재미있다. 또 다양한 아이디어들이 나오는 것 같다는 생각을 했었습니다. 그래서 저 같은 경우에는 이 과목에서 가장 기억에 남는 이유에 대해서 말씀드리자면 우리가 커뮤니케이션 진행할 때 굉장히 다양한 분야의 사람들과 말을 하게 될 텐데요. 그 과정에 있어서 더 좋은 아이디어들이 나오고 더 좋은 토의가 될 수 있다는 점입니다.","wordCount":112},"emotion":[],"intent":[{"text":"","expression":"","category":"attitude"}],"summary":{"text":"커뮤니케이션의 이해, 말하기 기초 라는 과목은 전공 수강생들과 함께 들은 과목인데, 전공 학생들과 함께 들으니 재미있고 다양한 아이디어들이 나오는 것 같았습니다. 그 과정에 있어서 더 좋은 아이디어들이 나오고 더 좋은 토의가 될 수 있다는 점이 가장 기억에 남습니다.","wordCount":38}}},"rawDataInfo":{"question":{"fileFormat":"wav","fileSize":433998,"duration":13560,"samplingBit":16,"channelCount":1,"samplingRate":"16kHz","audioPath":"/Mock/01.Management/Female/Experienced/ckmk_q_bm_f_e_191827.wav"},"answer":{"fileFormat":"wav","fileSize":2538318,"duration":79320,"samplingBit":16,"channelCount":1,"samplingRate":"16kHz","audioPath":"/Mock/01.Management/Female/Experienced/ckmk_a_bm_f_e_191827.wav"}}}