{"version":"1.0","dataSet":{"info":{"date":"20230116","occupation":"BM","channel":"MOCK","place":"ONLINE","gender":"FEMALE","ageRange":"55-","experience":"EXPERIENCED"},"question":{"raw":{"text":"어 면접자님께서 어 본인의 직무에 맞지 않는 일을 하게 되실 수도 있는데요 그렇게 된다면 어떻게 하실 건가요 그리고 본인이 그렇게 된다고 하더라도 괜찮으신가요","wordCount":23},"emotion":[],"intent":[]},"answer":{"raw":{"text":"저는 제가 지원한 직무에서 꼭 근무를 하고 싶습니다. 그래서 만약에 제가 지원한 직무의 일이 아니라면은 굉장히 실망을 할 것 같습니다. 하지만 이 말이 곧 이 일을 그만두겠다 라는 의미는 아니구요. 기회가 된다 라면은 해당 분야에 대한 역량을 더 키워서 다른 직무로 옮길 수 있도록 노력할 것 같습니다. 그 전까지는 사명감을 가지고 어떤 업무가 주어지더라도 열심히 책임감을 가지고 근무하겠습니다.","wordCount":58},"emotion":[{"text":"그래서 만약에 제가 지원한 직무의 일이 아니라면은 굉장히 실망을 할 것 같습니다.","expression":"n-sadness","category":"positive"}],"intent":[{"text":"","expression":"","category":"attitude"}],"summary":{"text":"저는 제가 지원한 직무에서 꼭 근무를 하고 싶습니다. 기회가 된다면 해당 분야에 대한 역량을 더 키워 다른 직무로 옮길 수 있도록 노력할 것입니다.","wordCount":23}}},"rawDataInfo":{"question":{"fileFormat":"wav","fileSize":588878,"duration":18400,"samplingBit":16,"channelCount":1,"samplingRate":"16kHz","audioPath":"/Mock/01.Management/Female/Experienced/ckmk_q_bm_f_e_248802.wav"},"answer":{"fileFormat":"wav","fileSize":2138638,"duration":66830,"samplingBit":16,"channelCount":1,"samplingRate":"16kHz","audioPath":"/Mock/01.Management/Female/Experienced/ckmk_a_bm_f_e_248802.wav"}}}