{"version":"1.0","dataSet":{"info":{"date":"20230116","occupation":"BM","channel":"MOCK","place":"ONLINE","gender":"FEMALE","ageRange":"45-54","experience":"EXPERIENCED"},"question":{"raw":{"text":"지원자님이 지원하신 개발 파트는 여러 종류의 프로그램을 다뤄야 합니다 지원자님이 다룰 수 있는 프로그램은 무엇이며 그리고 어느 수준으로 사용할 수 있습니까","wordCount":21},"emotion":[],"intent":[]},"answer":{"raw":{"text":"저는 우선 뭐 제가 우선 사무직을 했었기 때문에 뭐 이게 이렇게 엑셀 우선 잘 다루구요. 엑셀 능숙하게 다루고 있구요. 그다음에 포토샵 네 직업상 안 할 수가 없기 때문에 포토샵과 그다음에 편집 프로그램 동영상 편집 프로그램 저는 한 가지 밖에 없습니다. 프림이었습니다 프리미어. 대학교 때 우연히 배우기 시작했다가 이제 그것만 쓰니까 개만 알아요. 그래서 프리미어로는 아주 많은 작업물을 만들었기 때문에 수준급으로 할 수 있다고 이야기할 수 있을 것 같고요. 오 네 그 정도인 것 같습니다. 포토샵 프리미어 그다음에 사무 업무로는 엑셀 네 파워포인트까지 그 정도 인 것 같습니다.","wordCount":87},"emotion":[],"intent":[{"text":"","expression":"","category":"attitude"}],"summary":{"text":"엑셀 능숙하게 다루고 있고, 포토샵과 편집 프로그램 동영상 편집 프로그램 하나밖에 없습니다. 그 중 프리미어로 많은 작업물을 만들었기 때문에 능숙한 작업이 가능해 보입니다. 그 정도입니다.","wordCount":25}}},"rawDataInfo":{"question":{"fileFormat":"wav","fileSize":583758,"duration":18240,"samplingBit":16,"channelCount":1,"samplingRate":"16kHz","audioPath":"/Mock/01.Management/Female/Experienced/ckmk_q_bm_f_e_141446.wav"},"answer":{"fileFormat":"wav","fileSize":2441678,"duration":76300,"samplingBit":16,"channelCount":1,"samplingRate":"16kHz","audioPath":"/Mock/01.Management/Female/Experienced/ckmk_a_bm_f_e_141446.wav"}}}