{"version":"1.0","dataSet":{"info":{"date":"20230116","occupation":"BM","channel":"MOCK","place":"ONLINE","gender":"FEMALE","ageRange":"-34","experience":"EXPERIENCED"},"question":{"raw":{"text":"가장 존경하는 역사 속 인물과 그 존경 이유에 대해 함께 설명 부탁드립니다","wordCount":12},"emotion":[],"intent":[]},"answer":{"raw":{"text":"저는 최근에 뭐 존경이라기보다는 기억에 남는 인물이 있는데요. 바로 우크라이나 대통령 젤렌스키 입니다. 아무래도 뭐 이 대통령이 정말 전쟁이 일어난 뒤에 오히려 가치를 새롭게 평가 받았다고 할 정도로 어 굉장히 우여곡절도 많았고 사람들의 평가도 엇갈리는 그런 사람 중에 한 명인데요. 어 다들 뭐 아시겠지만 젤레스키는 코미디언이었다고 하죠. 굉장히 또 국민들에게 사랑받는 코미디언이었는데 어 정치인을 넘어서 한 나라를 다스리는 대통령이 되기까지 어 정말 대단하다는 또 생각이 들구요. 하지만 이제 전쟁이 일어나기 전에 그거를 제대로 막지 못했다는 그런 이제 책임 의식 그런 비판도 있었습니다. 하지만 결국에는 이제 전쟁이 나는 상황 속에서도 좀 그것들을 의연하게 잘 대처하는 것을 보고 어 한 나라의 대통령이 중심을 갖고 또 국민들을 사랑하는 마음을 갖는다는 게 참 중요하다는 생각이 듭니다. 어 저는 뭐 정치적으로 젤렌스키가 어떻게 정치를 하고 그거에 대한 평가는 모르겠지만 어쨌든 자국민을 보호할려고 하고 본인의 나라에 대해서 충성심이 있다는 거 그 자체에 조금 어 굉장히 기억이 남았습니다.","wordCount":141},"emotion":[],"intent":[{"text":"","expression":"","category":"attitude"}],"summary":{"text":"전쟁 상황 속에서도 잘 대처하는 우크라이나 대통령의 모습을 보면서 한 나라의 대통령이 중심을 갖고 국민들을 사랑하는 마음을 갖는게 중요하다는 생각이 들었습니다. 정치인을 넘어서 한 나라를 다스리는 대통령이 되기까지 대단하다는 생각도 들고 전쟁 상황에서 본인의 나라에 대한 충성심이 있다는 것 자체가 기억에 많이 남았습니다.","wordCount":43}}},"rawDataInfo":{"question":{"fileFormat":"wav","fileSize":243278,"duration":7600,"samplingBit":16,"channelCount":1,"samplingRate":"16kHz","audioPath":"/Mock/01.Management/Female/Experienced/ckmk_q_bm_f_e_153999.wav"},"answer":{"fileFormat":"wav","fileSize":2752078,"duration":86000,"samplingBit":16,"channelCount":1,"samplingRate":"16kHz","audioPath":"/Mock/01.Management/Female/Experienced/ckmk_a_bm_f_e_153999.wav"}}}