{"version":"1.0","dataSet":{"info":{"date":"20230116","occupation":"BM","channel":"MOCK","place":"ONLINE","gender":"FEMALE","ageRange":"55-","experience":"EXPERIENCED"},"question":{"raw":{"text":"회사에 입사를 했더니 업무 내용이나 업무 강도가 본인이 예상했던 것과 전혀 다르다면 어떤 식으로 행동하시겠습니까","wordCount":15},"emotion":[],"intent":[]},"answer":{"raw":{"text":"잘 아실지 모르겠지만 제 이력서에 나와 있는 기업들을 보시면 굉장히 업무 강도가 높은 회사였고 저는 그 회사 내에서도 가장 업무 강도가 집중되는 그런 핵심 부서원으로 근무를 했었습니다. 그래서 현직장에 들어오게 될 때 내가 생각했던 업무 강도보다 더 세더라도 얼마든지 잘 적응할 자신이 있습니다. 오히려 업무가 너무 없다 라면은 제가 그런 곳에서 근무해 본 적이 없어서 오히려 더 당황스러울 것 같습니다. 그리고 저는 시간을 굉장히 잘 관리하는 편이라서 많은 업무도 잘 소화할 수 있습니다.","wordCount":73},"emotion":[],"intent":[{"text":"","expression":"","category":"attitude"}],"summary":{"text":"저는 이력서에 나와 있는 기업 중에서도 핵심 부서원으로 근무를 했었습니다. 그래서 이직할 때 업무가 너무 없다 라면 오히려 당황스러울 것 같습니다. 그리고 시간을 굉장히 잘 관리하는 편이라서 많은 업무도 잘 소화합니다.","wordCount":31}}},"rawDataInfo":{"question":{"fileFormat":"wav","fileSize":419918,"duration":13120,"samplingBit":16,"channelCount":1,"samplingRate":"16kHz","audioPath":"/Mock/01.Management/Female/Experienced/ckmk_q_bm_f_e_243986.wav"},"answer":{"fileFormat":"wav","fileSize":2573838,"duration":80430,"samplingBit":16,"channelCount":1,"samplingRate":"16kHz","audioPath":"/Mock/01.Management/Female/Experienced/ckmk_a_bm_f_e_243986.wav"}}}