{"version":"1.0","dataSet":{"info":{"date":"20230116","occupation":"BM","channel":"MOCK","place":"ONLINE","gender":"FEMALE","ageRange":"55-","experience":"EXPERIENCED"},"question":{"raw":{"text":"어 사내 스터디를 만들어서 공부할 수 있다고 생각해 생각한다면 어떤 것을 공부하고 싶으신가요 그리고 그것을 공부하고 싶은 이유도 함께 말씀해 주시길 바랍니다","wordCount":22},"emotion":[],"intent":[]},"answer":{"raw":{"text":"서로 함께 업무에 대해서 고민할 수 있는 토론의 장이 있다 라면은 정말 큰 도움이 될 것 같습니다. 그 이유는 회사 사람들만이 가지고 있는 커뮤니티에서는 회사의 굉장히 깊숙한 이야기들까지 서로 나눌 수 있기 때문에 특히 회사에서 사용하는 프로그램들에 대해서 논의할 수 있는 장이 있다 라면 아주 도움이 될 것 같아 주도적으로 해당 스터디를 개선해 볼 것 같습니다.","wordCount":56},"emotion":[],"intent":[{"text":"","expression":"","category":"attitude"}],"summary":{"text":"서로 업무에 대해 고민할 수 있는 토론의 장이 있다면 꼭 도움이 될 것 같습니다. 회사 깊은 이야기들까지 나눌 수 있기 때문에 주도적으로 해당 스터디를 개선해 보아야 합니다.","wordCount":27}}},"rawDataInfo":{"question":{"fileFormat":"wav","fileSize":493518,"duration":15420,"samplingBit":16,"channelCount":1,"samplingRate":"16kHz","audioPath":"/Mock/01.Management/Female/Experienced/ckmk_q_bm_f_e_248799.wav"},"answer":{"fileFormat":"wav","fileSize":1863758,"duration":58240,"samplingBit":16,"channelCount":1,"samplingRate":"16kHz","audioPath":"/Mock/01.Management/Female/Experienced/ckmk_a_bm_f_e_248799.wav"}}}