{"version":"1.0","dataSet":{"info":{"date":"20230116","occupation":"BM","channel":"MOCK","place":"ONLINE","gender":"FEMALE","ageRange":"45-54","experience":"EXPERIENCED"},"question":{"raw":{"text":"본인에 의견을 좀 밀어붙일 때 어 강하게 의사 피력을 하시는 편인가요","wordCount":11},"emotion":[],"intent":[]},"answer":{"raw":{"text":"필요할 때는 강하게 그렇지 않을 때는 강하지 않게 때에 따라 다르게 하는 편입니다. 제 주장이 필요하다고 생각할 때는 다른 사람들이 맞지 않는 말을 하거나 어울리지 않는 말을 할 때 그럴 때는 제 의견을 강력하게 주장합니다. 그런데 꼭 그러지 않아도 될 만한 상황에는 그렇게 크게 저의 주장을 내세우고 그렇지는 않습니다. 거의 대부분은 주위 사람들의 의견을 많이 듣는 편입니다.","wordCount":57},"emotion":[],"intent":[{"text":"제 주장이 필요하다고 생각할 때는   다른 사람들이 맞지 않는 말을 하거나 어울리지 않는 말을 할 때   그럴 때는 제 의견을 강력하게 주장합니다.","expression":"c_person","category":"background"}],"summary":{"text":"자신의 주장을 강하게 내세우기보다는 주위 사람들의 의견을 많이 듣는 편입니다. 제 주장이 필요할 때는 강하게 그렇지 않을 때는 때에 따라 다르게 주장을 내세우습니다.","wordCount":23}}},"rawDataInfo":{"question":{"fileFormat":"wav","fileSize":275278,"duration":8600,"samplingBit":16,"channelCount":1,"samplingRate":"16kHz","audioPath":"/Mock/01.Management/Female/Experienced/ckmk_q_bm_f_e_105089.wav"},"answer":{"fileFormat":"wav","fileSize":1508558,"duration":47140,"samplingBit":16,"channelCount":1,"samplingRate":"16kHz","audioPath":"/Mock/01.Management/Female/Experienced/ckmk_a_bm_f_e_105089.wav"}}}