{"version":"1.0","dataSet":{"info":{"date":"20230116","occupation":"BM","channel":"MOCK","place":"ONLINE","gender":"FEMALE","ageRange":"45-54","experience":"EXPERIENCED"},"question":{"raw":{"text":"어 창의성과 팀워크 이 두 가지 다 굉장히 중요한데요 어 지원자님이 생각하시기에 조금 더 중요한 것은 무엇이라고 생각하시나요 그리고 그것을 더 중요하다고 생각하시는 이유도 함께 말씀해 주시기 바랍니다","wordCount":28},"emotion":[],"intent":[]},"answer":{"raw":{"text":"저 같은 경우에는 업무를 하는 데 있어서 창의성보다는 팀워크가 더 중요한 요소 중의 하나라고 생각합니다. 그 이유는 다음과 같습니다. 제가 지금 지원한 직무는 저 혼자서 일 처린을 하는 그런 직무가 아니라 여러 가지 다양한 그런 팀들과 끊임없이 교류해야 되는 그런 직무로 알고 있습니다. 그렇기 때문에 개인의 창의성을 발휘해야 되는 기획 직무보다는 조직 융화 능력이 잘 발휘될 수 있는 팀워크를 더 중요시 여기는 게 더 중요하다 라고 생각합니다. 실제로 프로젝트를 진행할 때 팀워크를 더 중요하고 우리가 함께 머리를 맞대서 좋은 아이디어를 만들어낼 때 업무를 하는 시너지 효과를 탁월하게 발휘할 수 있다 라고 생각합니다.","wordCount":92},"emotion":[],"intent":[{"text":"실제로 프로젝트를 진행할 때 팀워크를 더 중요하고 우리가 함께 머리를 맞대서 좋은 아이디어를 만들어낼 때 업무를 하는 시너지 효과를   탁월하게 발휘할 수 있다 라고 생각합니다.","expression":"c_cop","category":"personality"}],"summary":{"text":"업무 수행에 있어 창의성보다 팀워크가 더 중요하다고 봅니다. 팀워크는 창의성이 발휘되는 기획 직무보다 조직 융화 능력이 잘 발휘될 수 있는 직무의 중요 요소라고 생각합니다.","wordCount":24}}},"rawDataInfo":{"question":{"fileFormat":"wav","fileSize":634638,"duration":19830,"samplingBit":16,"channelCount":1,"samplingRate":"16kHz","audioPath":"/Mock/01.Management/Female/Experienced/ckmk_q_bm_f_e_184673.wav"},"answer":{"fileFormat":"wav","fileSize":2257678,"duration":70550,"samplingBit":16,"channelCount":1,"samplingRate":"16kHz","audioPath":"/Mock/01.Management/Female/Experienced/ckmk_a_bm_f_e_184673.wav"}}}