{"version":"1.0","dataSet":{"info":{"date":"20230116","occupation":"BM","channel":"MOCK","place":"ONLINE","gender":"FEMALE","ageRange":"35-44","experience":"EXPERIENCED"},"question":{"raw":{"text":"이전 직장을 그만둔 특별한 사유가 있으신가요 그리고 현 직장도 같은 이유로 그만둘 가능성이 있을까요","wordCount":14},"emotion":[],"intent":[]},"answer":{"raw":{"text":"저는 이전 직장을 그만둔 이유는 출산과 육아 문제 때문이었습니다. 육아 휴직을 따로 주지 않는 회사 정책 때문에 출산 휴가를 삼 개월 만에 다시 복직을 하게 되었습니다. 아무래도 육아와 일을 동시에 하는 워킹맘의 현실은 너무나도 힘이 들었습니다. 도움을 줄 수 있는 조부모나 도우미들이 없었더라면 더욱더 힘든 상황이라 직장을 그만둘 수 밖에 없었습니다. 지금은 아이가 어느 정도 컸고 도움을 줄 수 있는 조무보가 계시기 때문에 같은 이유로 그만둘 가능성은 없을 것 같습니다. 그리고 최근에는 어느 정도 단축 업무라던가 여러 가지 혜택들을 국가에서 좀 적극적으로 지원해주는 부분이 있기 때문에 이런 부분만 좀 회사에서 쪼끔 도와주시고 양해를 부탁드린다면 그말둔 계획 없이 잘 다닐 수 있을 것 같습니다.","wordCount":103},"emotion":[],"intent":[{"text":"","expression":"","category":"attitude"}],"summary":{"text":"저는 출산과 육아 문제로 직장을 그만두었는데 조부모나 도우미가 있었다면 더 좋았을 것 같습니다. 요즘은 단축 업무나 여러 가지 혜택들이 국가에서 많이 지원해주기 때문에 회사에서는 이 부분만 도와주면 좋겠습니다.","wordCount":28}}},"rawDataInfo":{"question":{"fileFormat":"wav","fileSize":360398,"duration":11260,"samplingBit":16,"channelCount":1,"samplingRate":"16kHz","audioPath":"/Mock/01.Management/Female/Experienced/ckmk_q_bm_f_e_237113.wav"},"answer":{"fileFormat":"wav","fileSize":1703758,"duration":53240,"samplingBit":16,"channelCount":1,"samplingRate":"16kHz","audioPath":"/Mock/01.Management/Female/Experienced/ckmk_a_bm_f_e_237113.wav"}}}