{"version":"1.0","dataSet":{"info":{"date":"20230116","occupation":"BM","channel":"MOCK","place":"ONLINE","gender":"FEMALE","ageRange":"-34","experience":"EXPERIENCED"},"question":{"raw":{"text":"지원자님은 본인의 의견을 주장할 때 강하게 주장을 하시는 편인가요 평소 어떤 스타일로 자기의 의견을 주장하는지 궁금합니다","wordCount":16},"emotion":[],"intent":[]},"answer":{"raw":{"text":"저는 의견을 강하게 주장한다기보다는 조금은 부드러운 방식을 택하는데요. 예를 들어서 제 의견을 얘기할 때 어떤 게 있을까요 정말 예를 들어서 저녁으로 뭐 치킨을 먹자 라는 이야기가 나왔습니다. 그러면 저는 뭐 치킨 먹자 라고 바로 얘기하는 게 아니고 어 이번에 뭐 먹었어 뭐 그전에는 어떤 걸 먹었어 라고 이야기 들은 다음에 아 어제는 이걸 먹었고 우리 저번에는 이걸 먹었구나 근데 다 이 요번에는 그런 맛이 조금 끌리더라. 그래서 우리 요번에 치킨는 어떨까 이런 식으로 우선은 다른 사람들의 의견을 들어보고 그 안에서 이 사람들 입장에 공감을 한 다음에 제 의견을 내비치는 그런 형식으로 저는 이야기를 하는 편입니다. 그래서 저는 강압적이라기보다는 조금 부드럽다 라고 이야기를 했고요. 어쩔 때는 강압적으로 약간 강하게 주장하는 사람들에게 끌릴 때도 있지만 저처럼 부드럽게 얘기하는 사람의 말에 조금 더 마음이 가는 사람도 많이 있다는 것을 저는 확인을 했습니다. 그래서 저는 부드러운 방식으로 저의 의견을 이야기한다 라고 말씀드릴 수 있을 것 같습니다.","wordCount":142},"emotion":[],"intent":[{"text":"그래서 저는 강압적이라기보다는 조금 부드럽다    라고 이야기를 했고요.","expression":"c_person","category":"background"}],"summary":{"text":"저는 강하게 의견을 주장하는 것보다 부드러운 방식을 택합니다. 강압적으로 강하게 주장하는 사람들에게 끌릴 때도 있지만 저처럼 부드럽게 얘기하는 사람의 말에 조금 더 마음이 가는 사람도 많이 있다는 것을 확인했습니다. 그래서 저는 부드러운 방식으로 저의 의견을 이야기한다 라고 말할 수 있을 것 같습니다.","wordCount":42}}},"rawDataInfo":{"question":{"fileFormat":"wav","fileSize":350798,"duration":10960,"samplingBit":16,"channelCount":1,"samplingRate":"16kHz","audioPath":"/Mock/01.Management/Female/Experienced/ckmk_q_bm_f_e_166445.wav"},"answer":{"fileFormat":"wav","fileSize":2313038,"duration":72280,"samplingBit":16,"channelCount":1,"samplingRate":"16kHz","audioPath":"/Mock/01.Management/Female/Experienced/ckmk_a_bm_f_e_166445.wav"}}}