{"version":"1.0","dataSet":{"info":{"date":"20230116","occupation":"BM","channel":"MOCK","place":"ONLINE","gender":"FEMALE","ageRange":"35-44","experience":"EXPERIENCED"},"question":{"raw":{"text":"직무를 수행할 때 모르는 과제가 등장한다면 어떻게 해결하시겠습니까 지원자님만의 해결법과 이유에 대해 말씀해 주시기 바랍니다","wordCount":15},"emotion":[],"intent":[]},"answer":{"raw":{"text":"어 네 어 직무 수행 시에 모르는 과제가 등장했다면 그 해결 해결 방법에 대해서 어 저는 어 이렇게 또 생각을 해 보았습니다. 어 어 모르는 과제에 대해서 저의 기본적인 지식이 부족하다고 느껴지기 때문에 어 그것과 관련된 다양한 케이스들 그리고 이전에 또 경험들 또 연구 부분들 분야들 또 책들 그리고 인터넷 서치 등 여러 가지 여러 가지 부분으로 어 그 과제에 대해서 우선 연구를 해서 충분하게 제가 이해하고 또 알 수 있는 부분은 제 스스로 또 그것들을 파악하도록 최선의 노하 노력을 다할 것입니다. 또한 어 그 모르는 과제에 대해서 기존에 또 담당하였던 담당자 분 또 선배님들께 찾아가서 조언을 구하고 또 어 어려운 제가 실제로 그 과제를 수행할 때 어려운 부분이 있었다면 그것들에 대해서 질문하고 답변을 들어 또 올바른 방향성을 설정해 나갈 것입니다. 어 그리고 또 그 과제를 수행하지 않았지만 저희 상사에 대해서도 이 과제를 어떤 방향으로 또 진행하기 원하는가에 대한 또 방향을 설정하기 원합니다.","wordCount":143},"emotion":[],"intent":[{"text":"","expression":"","category":"attitude"}],"summary":{"text":"직무 수행 시 모르는 과제가 등장했다면 해결 해결 방법에 대해서 저는 이렇게 생각을 해 보았습니다. 모르는 과제에 대해서 기본적인 지식이 부족하기 때문에 우선 연구를 해서 제가 이해하고 또 알 수 있는 부분은 스스로 파악하도록 최선을 다할 것입니다. 그리고 어려운 부분은 조언을 구하고 올바른 방향성을 설정해 나갈 것입니다.","wordCount":47}}},"rawDataInfo":{"question":{"fileFormat":"wav","fileSize":501838,"duration":15680,"samplingBit":16,"channelCount":1,"samplingRate":"16kHz","audioPath":"/Mock/01.Management/Female/Experienced/ckmk_q_bm_f_e_207876.wav"},"answer":{"fileFormat":"wav","fileSize":2844238,"duration":88880,"samplingBit":16,"channelCount":1,"samplingRate":"16kHz","audioPath":"/Mock/01.Management/Female/Experienced/ckmk_a_bm_f_e_207876.wav"}}}