{"version":"1.0","dataSet":{"info":{"date":"20230116","occupation":"BM","channel":"MOCK","place":"ONLINE","gender":"FEMALE","ageRange":"45-54","experience":"EXPERIENCED"},"question":{"raw":{"text":"네 여러 사람들과 함께 일을 하다 보면 그 구성원들과의 갈등이 생길 수 있는데요 어 그런 상황이 생긴다면 지원자님께서는 어떻게 해결하시겠는지요 어 본인이 생각하시는 바를 말씀해 주시기 바랍니다","wordCount":27},"emotion":[],"intent":[]},"answer":{"raw":{"text":"근데 어 갈등이 생긴다는 건 이미 누군가는 감정이 상한 거예요. 그거는 네 그래서 어 원만한 해결이 좋죠. 좋은데 생각보다 그렇게 막 양쪽이 다 아주 막 해피 엔딩이 있는 게 생각보다 더 드물다. 어떤 저의 경험적인 통계로는 생각보다 그렇기가 힘들다. 네 오 서로가 조금씩 감수하고 배려하면서 맞추어 나가는 게 뭐 일반적인 어떤 그런 의견 차이에서의 어떤 합의의 과정이겠죠. 그래서 저도 그런 경우가 많고 그런 경우들 있었고 그래서 그렇긴 하지만 네 그런데 저도 이제 제가 백 프로 틀리지는 않지만 대체적으로 맞는 편이에요. 자부하기를 그래서 그게 확신이 있을 때는 쪼끔 밀고 나가는 편입니다.","wordCount":90},"emotion":[],"intent":[{"text":"","expression":"","category":"attitude"}],"summary":{"text":"갈등은 원만한 해결이 좋은데 생각보다 해피 엔딩이 있는 게 더 드뭅니다. 서로가 조금씩 감수하고 배려하면서 맞춰 나가는 게 일반적인 어떤 의견 차이에서의 어떤 합의의 과정입니다.","wordCount":25}}},"rawDataInfo":{"question":{"fileFormat":"wav","fileSize":537678,"duration":16800,"samplingBit":16,"channelCount":1,"samplingRate":"16kHz","audioPath":"/Mock/01.Management/Female/Experienced/ckmk_q_bm_f_e_177714.wav"},"answer":{"fileFormat":"wav","fileSize":2726798,"duration":85210,"samplingBit":16,"channelCount":1,"samplingRate":"16kHz","audioPath":"/Mock/01.Management/Female/Experienced/ckmk_a_bm_f_e_177714.wav"}}}