{"version":"1.0","dataSet":{"info":{"date":"20230116","occupation":"BM","channel":"MOCK","place":"ONLINE","gender":"FEMALE","ageRange":"45-54","experience":"EXPERIENCED"},"question":{"raw":{"text":"지원자님께서 가지고 있는 상위 일 퍼센트의 능력이 있다면 그 능력에 대해 대해서 최대한 자세하게 설명해 주시겠습니까","wordCount":16},"emotion":[],"intent":[]},"answer":{"raw":{"text":"제가 남들보다 뛰어난 저의 차별점에 대해서 한번 설명드리도록 하겠습니다. 제 친구들이 항상 저에 대해서 얘기를 할 때 저는 실행력이 뛰어난 사람이라는 그런 평가를 받곤 합니다. 그 이유는 친구들끼리 어떤 플랜을 진행을 해 볼까 어떤 걸 하면 어떨까 라는 의견들이 나왔을 때 저는 그 자리에서 직접 자료도 찾아 보고 혹은 언제가 조금 우리가 여행 가기가 좋은 날짜인지 우리가 모임을 어디서 진행하면 좋을지 즉각적으로 빨리 예약도 하고 실행이 옮긴 실행에 옮기는 제 특유의 그런 능력 때문이었습니다. 저는 이러한 저의 실행력을 바탕으로 좋은 아이디어가 있고 혹은 업무에서 빨리 실행해야 되는 일들이 있더라면 지체하지 않고 시간을 딜레이하지 않는 자세로 빠르게 업무를 한번 실행해 옮기 옮겨 보도록 하겠습니다.","wordCount":103},"emotion":[],"intent":[{"text":"","expression":"","category":"attitude"}],"summary":{"text":"제 친구들은 저에 대해 실행력이 뛰어난 사람이라고 평가합니다. 실행력을 바탕으로 좋은 아이디어나 업무에서 빨리 실행해야 되는 일이 있었다면 지체하지 않고 빠르게 업무를 한번 실행해 옮겨 보도록 하겠습니다.","wordCount":27}}},"rawDataInfo":{"question":{"fileFormat":"wav","fileSize":503118,"duration":15720,"samplingBit":16,"channelCount":1,"samplingRate":"16kHz","audioPath":"/Mock/01.Management/Female/Experienced/ckmk_q_bm_f_e_191831.wav"},"answer":{"fileFormat":"wav","fileSize":2400718,"duration":75020,"samplingBit":16,"channelCount":1,"samplingRate":"16kHz","audioPath":"/Mock/01.Management/Female/Experienced/ckmk_a_bm_f_e_191831.wav"}}}