{"version":"1.0","dataSet":{"info":{"date":"20230116","occupation":"BM","channel":"MOCK","place":"ONLINE","gender":"FEMALE","ageRange":"-34","experience":"EXPERIENCED"},"question":{"raw":{"text":"지원자께서는 태어나서 지금까지 한 일들 가운데 가장 후회했던 일이 무엇인지 궁금합니다 그 중 한 가지만 골라서 말씀해 주시겠습니까","wordCount":18},"emotion":[],"intent":[]},"answer":{"raw":{"text":"지금 생각나는 것 중의 하나는 국제고등학교를 준비하는 데 있어서 최선을 다하지 못한 일이 가장 후회가 되는 것 같습니다. 사실 가벼운 마음으로 한 것도 없지 않아 있었는데 거기서 경험할 것들이 저는 내심 기대가 되었기 때문에 그러면 그 기대에 맞춰서 노력을 했어야 되는데 그러지 못한 부분이 후회가 지금도 가끔 되는 것 같습니다.","wordCount":50},"emotion":[],"intent":[{"text":"","expression":"","category":"attitude"}],"summary":{"text":"국제고등학교를 준비하는 데 있어서 최선을 다하지 못한 일이 가장 후회가 되는 것 같습니다. 그 기대에 맞춰서 노력을했어야 되는데 그러지 못한 부분이 후회가 됩니다.","wordCount":23}}},"rawDataInfo":{"question":{"fileFormat":"wav","fileSize":496718,"duration":15520,"samplingBit":16,"channelCount":1,"samplingRate":"16kHz","audioPath":"/Mock/01.Management/Female/Experienced/ckmk_q_bm_f_e_172380.wav"},"answer":{"fileFormat":"wav","fileSize":1230798,"duration":38460,"samplingBit":16,"channelCount":1,"samplingRate":"16kHz","audioPath":"/Mock/01.Management/Female/Experienced/ckmk_a_bm_f_e_172380.wav"}}}