{"version":"1.0","dataSet":{"info":{"date":"20230116","occupation":"BM","channel":"MOCK","place":"ONLINE","gender":"FEMALE","ageRange":"35-44","experience":"EXPERIENCED"},"question":{"raw":{"text":"무언가를 달성하기 위해 목표를 세우고 이 삼 년 동안 열심히 노력해서 목표를 달성한 경험이 있으신가요 그 경험에 관하여 말씀해 주세요","wordCount":20},"emotion":[],"intent":[]},"answer":{"raw":{"text":"저는 열정적이고 하고 싶은 일이 많은 편입니다. 자는 시간이 아깝다고 생각한 적이 많았습니다. 그래서 다섯 시간만 자도 거뜬한 체력을 만들고 싶어서 삼 년 전부터 수영을 하고 있습니다. 월 수 금 아침 일곱 시 타임 수영을 신청하여 다니고 있습니다. 처음에는 아침 여섯 시에 일어나서 수영을 가는 것이 쉽지만은 않았습니다. 하지만 수영으로 변화될 제 몸과 능률을 기대하며 수영에 출석했습니다. 제 용돈의 일부를 투자한 만큼 수영에 대한 의지가 더 생겼습니다. 지금도 꾸준히 수영을 하고 있고 건강한 신체와 정신으로 제가 하는 업무에 더 집중할 수 있게 되었습니다.","wordCount":83},"emotion":[{"text":"월 수 금 아침 일곱 시 타임 수영을 신청하여 다니고 있습니다.","expression":"u-fact","category":"neutral"}],"intent":[{"text":"","expression":"","category":"attitude"}],"summary":{"text":"수영을 통해 변화될 제 몸과 능률을 기대하며 출석한 결과, 제 용돈의 일부를 투자한 만큼 수영에 대한 의지가 더 생겼고 지금도 꾸준히 수영을 하고 있어 제 업무에 더 집중할 수 있게 되었습니다.","wordCount":31}}},"rawDataInfo":{"question":{"fileFormat":"wav","fileSize":420878,"duration":13150,"samplingBit":16,"channelCount":1,"samplingRate":"16kHz","audioPath":"/Mock/01.Management/Female/Experienced/ckmk_q_bm_f_e_184813.wav"},"answer":{"fileFormat":"wav","fileSize":1776078,"duration":55500,"samplingBit":16,"channelCount":1,"samplingRate":"16kHz","audioPath":"/Mock/01.Management/Female/Experienced/ckmk_a_bm_f_e_184813.wav"}}}