{"version":"1.0","dataSet":{"info":{"date":"20230116","occupation":"BM","channel":"MOCK","place":"ONLINE","gender":"FEMALE","ageRange":"-34","experience":"EXPERIENCED"},"question":{"raw":{"text":"지원자님께서는 직무의 지식 그런 역량 태도 이 세 가지 중 어느 요소가 가장 중요하다고 생각하시는가요 그 이유와 함께 말씀해 주세요","wordCount":20},"emotion":[],"intent":[]},"answer":{"raw":{"text":"저는 기본적으로 직무 지식 역량 태도 이런 것들이 모두 중요하다고 생각을 하는데요. 뭐 그중에서도 가장 중요한 걸 꼽자고 하면 저는 태도인 거 같습니다. 왜냐하면 회사는 기본적으로 혼자 업무를 하는 곳이 아니고 공동으로 같이 일을 하고 또 업무 협의가 필요한 부분이 많은데 어 이 태도가 적극적이지 않고 또 혹은 어 본인이 하고 싶은 이야기만 하거나 아니면 본인의 업무만 하는 그런 사람이 있을 경우에 협의가 어렵다는 측면이 있을 것 같습니다. 그래서 저는 적극적인 태도 그리고 다른 사람과 함께 같이 일을 할 수 있다는 그런 인지 그리고 어 회사에 대한 어느정도 충성심과 그리고 책임감이 필요하다고 생각을 하는데요. 저는 업무에 있어서 이 태도 중에서도 그 책임감이라는 측면이 굉장히 중요하다고 생각을 합니다. 어 본인이 맡은 일을 충실히 해야 다른 사람에게 피해가 가지 않고 또 그리고 그 팀원의 일들이 잘 돌아갈 수 있기 때문에 이런 점들을 염두해 두고 또 업무를 하는 그런 사람과 일을 해보고 싶다 라는 생각이 들었습니다. 그리고 이외에도 뭐 역량이라던가 직무 지식이 같이 풍부하면 훨씬 더 좋을 것 같은데요. 일단은 태도로 기반이 돼야 같이 업무를 하고 협업을 할 수 있을 것 같습니다.","wordCount":169},"emotion":[],"intent":[{"text":"일단은 태도로 기반이 돼야 같이 업무를 하고 협업을   할 수 있을 것 같습니다.","expression":"c_cop","category":"personality"}],"summary":{"text":"회사는 공동으로 같이 일을 하고 업무 협의가 필요한 부분이 많은데 태도가 적극적이지 않거나 본인의 업무만 하는 사람이 있을 경우 협의가 어렵습니다. 그래서 저는 적극적인 태도, 회사에 대한 어느정도 충성심과 책임감이 필요하다고 생각합니다. 업무에 있어서 태도는 굉장히 중요하다고 생각하며 업무에 있어서 책임감이라는 측면이 굉장히 중요합니다.","wordCount":44}}},"rawDataInfo":{"question":{"fileFormat":"wav","fileSize":554958,"duration":17340,"samplingBit":16,"channelCount":1,"samplingRate":"16kHz","audioPath":"/Mock/01.Management/Female/Experienced/ckmk_q_bm_f_e_153996.wav"},"answer":{"fileFormat":"wav","fileSize":2856398,"duration":89260,"samplingBit":16,"channelCount":1,"samplingRate":"16kHz","audioPath":"/Mock/01.Management/Female/Experienced/ckmk_a_bm_f_e_153996.wav"}}}