{"version":"1.0","dataSet":{"info":{"date":"20230116","occupation":"BM","channel":"MOCK","place":"ONLINE","gender":"FEMALE","ageRange":"45-54","experience":"EXPERIENCED"},"question":{"raw":{"text":"본인의 장점과 단점이 있다면 그것에 대해 설명을 해주시고 장점을 특화시키고 단점을 극복하기 위한 노력도 함께 말씀해 주시면 감사하겠습니다","wordCount":18},"emotion":[],"intent":[]},"answer":{"raw":{"text":"저의 장점은 사실 제가 발견한 것이 아닙니다. 저의 주변의 사람들이 저에게 알려주었습니다. 저는 정말 직설적으로 하고 싶은 말을 다 하는데 다른 사람이 그렇게 말을 하면 기분이 나쁠 것 같은 말인데도 저는 할 말을 다 하고도 상대방이 전혀 기분 나쁘지 않게 한다고 합니다. 그것이 저의 장점인 것 같습니다. 저의 자 당점은 정말 나쁜 단점이라 생각합니다. 싫은 사람이 생기면 그 사람을 아예 보지 않습니다. 말도 하지 않고 대꾸도 하지 않고 안 봅니다. 그것이 저의 단점입니다.","wordCount":73},"emotion":[],"intent":[{"text":"저는 정말 직설적으로 하고 싶은 말을 다 하는데   다른 사람이 그렇게 말을 하면 기분이 나쁠 것 같은 말인데도 저는 할 말을 다 하고도 상대방이 전혀 기분 나쁘지 않게 한다고 합니다.","expression":"c_person","category":"background"}],"summary":{"text":"저는 직설적으로 하고 싶은 말을 할 때 상대방이 기분 좋게 받아들이는 것이 장점입니다. 하지만 싫은 사람이 생기면 그 사람을 아예 보지 않는 것이 단점입니다.","wordCount":24}}},"rawDataInfo":{"question":{"fileFormat":"wav","fileSize":409998,"duration":12810,"samplingBit":16,"channelCount":1,"samplingRate":"16kHz","audioPath":"/Mock/01.Management/Female/Experienced/ckmk_q_bm_f_e_105087.wav"},"answer":{"fileFormat":"wav","fileSize":1904078,"duration":59500,"samplingBit":16,"channelCount":1,"samplingRate":"16kHz","audioPath":"/Mock/01.Management/Female/Experienced/ckmk_a_bm_f_e_105087.wav"}}}