{"version":"1.0","dataSet":{"info":{"date":"20230116","occupation":"BM","channel":"MOCK","place":"ONLINE","gender":"FEMALE","ageRange":"35-44","experience":"EXPERIENCED"},"question":{"raw":{"text":"지원자님께서 지금 지원하신 이 직무가 아닌 다른 부서에 배치가 된다면 어떻게 하시겠는지 혹은 그래도 괜찮으신지 말씀 부탁드립니다","wordCount":17},"emotion":[],"intent":[]},"answer":{"raw":{"text":"네 저는 만약에 제가 지원하는 업무 외에도 다른 부서에 배치되면 오히려 좋을 것 같습니다. 왜냐하면 다른 부서에 가서 제가 또 업무를 지원해 봄으로써 어 다양한 경험을 쌓을 수 있고요. 그리고 여러 동료들과 같이 일해볼 수 있는 기회가 있기 때문입니다. 어 사실상 저는 사무 경영 업무를 지원하고 있기 때문에 이 분야에 대해서는 옮길 수 있는 기회가 많지 않았습니다. 그래서 저도 타 부서에 가서 일해보고 싶은 마음이 오히려 컸는데요. 하지만 회사에서는 인력이 부족하고 또 이 분야에서 일을 처리하기 힘들기 때문에 어 타 부서로 지원을 해도 지원이 되지 않는 경우가 더 많았습니다. 그래서 저는 오히려 다른 업무를 해 봄으로써 제가 적성에 맞는지 아닌지 또 판단해 볼 수도 있고 또 경험을 쌓을 수 있기 때문에 저는 오히려 타 부서로 가면 어 더 좋은 경험이 될 수 있을 것 같습니다. 제가 입사 이후에 저의 업무 뿐만이 아니라 여러 가지 지원 업무를 경험해 봄으로써 어 제 실력도 높이고 또 다른 사람과 함께 일해볼 수 있는 기회가 될 수 있기 때문에 저는 다른 부서에 배치된다고 해도 어 흔쾌하게 갈 의향이 있고요. 오히려 좋은 기회로 삼아서 제 실력을 발전시킬 수 있도록 하겠습니다.","wordCount":174},"emotion":[],"intent":[{"text":"","expression":"","category":"attitude"}],"summary":{"text":"저는 사무 경영 업무를 지원하고 있어서 이직할 기회가 별로 없었습니다. 하지만 타 부서로 지원을 해도 지원이 되지 않는 경우가 많았는데, 오히려 다른 업무를 해 봄으로써 적성에 맞는지 판단하고 경험을 쌓을 수 있기 때문에 오히려 이 부서에 배치되면 오히려 좋은 경험이 될 것 같습니다.","wordCount":43}}},"rawDataInfo":{"question":{"fileFormat":"wav","fileSize":453198,"duration":14160,"samplingBit":16,"channelCount":1,"samplingRate":"16kHz","audioPath":"/Mock/01.Management/Female/Experienced/ckmk_q_bm_f_e_118847.wav"},"answer":{"fileFormat":"wav","fileSize":2681678,"duration":83800,"samplingBit":16,"channelCount":1,"samplingRate":"16kHz","audioPath":"/Mock/01.Management/Female/Experienced/ckmk_a_bm_f_e_118847.wav"}}}