{"version":"1.0","dataSet":{"info":{"date":"20230116","occupation":"BM","channel":"MOCK","place":"ONLINE","gender":"FEMALE","ageRange":"35-44","experience":"EXPERIENCED"},"question":{"raw":{"text":"고령화 사회로 가면서 치매로 인한 문제가 많이 대두되고 있는데요 이에 대하여 검보공단이 하는 일과 개선할 방안에 대하여 지원자님에 생각을 말씀해 주시기 바랍니다","wordCount":22},"emotion":[],"intent":[]},"answer":{"raw":{"text":"저는 우리 사회가 초고령화 사회로 가기 전에 이런 점들을 많이 논의하고 대비해야 한다고 생각을 합니다. 어 특히 지금 치매가 사회적으로 문제가 되고 있는데요. 어 치매 자체의 질병이 문제가 된다기보다는 그 치매라는 질병이 누군가의 간호 서비스가 필요하기 때문에 그거와 관련해서 문제가 되는 것 같습니다. 일단 치매가 걸리면 반드시 보호자가 필요한데요. 최근에는 일 인 가구들이 많고 또 자식들이 부모들을 완전히 케어하지 못하면서 어떤 공적인 서비스를 통해서 이런 거를 받아야 한다고 생각을 합니다. 하지만 최근에 아직까지 우리나라는 이런 것들을 그냥 개인의 문제 개인의 건강 문제로만 치부를 하게 되는데요. 앞으로 노인이 굉장히 많아지고 어 인구가 점점 줄어들고 고령화가 진행될수록 이거는 개인이 감당해야 될 문제가 아니라 사회적으로 그리고 함께 논의해야 될 문제라고 생각을 합니다. 그래서 이런 측면에서 사회적으로 고민을 해보고 또 정부에서도 인력들을 배정을 하거나 좀 서비스를 개선하는 노력들이 필요하다고 생각을 하는데요. 특히 건강보험 공단이 이런 측면에서 조금 더 많이 귀를 기울이고 미래사회에 대비를 해서 어떤 대안책을 제시해야 한다고 생각을 합니다.","wordCount":146},"emotion":[],"intent":[{"text":"","expression":"","category":"attitude"}],"summary":{"text":"우리 사회가 초고령화 사회로 가기 전에 이런 점들을 많이 논의하고 대비해야 합니다. 치매는 간호 서비스와 관련해 문제가 되고 있습니다. 최근에는 일 인 가구들이 많고 자식들이 부모들을 완전히 케어하지 못하면서 공적인 서비스를 받아야 합니다. 앞으로 노인이 굉장히 많아지고 고령화가 진행될수록 이것은 사회적으로 함께 논의해야 할 문제습니다. 정부에서 인력 배정이나 서비스 개선 노력이 필요합니다. 건강보험 공단이 미래사회에 대비를 해야 합니다.","wordCount":58}}},"rawDataInfo":{"question":{"fileFormat":"wav","fileSize":581838,"duration":18180,"samplingBit":16,"channelCount":1,"samplingRate":"16kHz","audioPath":"/Mock/01.Management/Female/Experienced/ckmk_q_bm_f_e_120642.wav"},"answer":{"fileFormat":"wav","fileSize":2752718,"duration":86020,"samplingBit":16,"channelCount":1,"samplingRate":"16kHz","audioPath":"/Mock/01.Management/Female/Experienced/ckmk_a_bm_f_e_120642.wav"}}}