{"version":"1.0","dataSet":{"info":{"date":"20230116","occupation":"BM","channel":"MOCK","place":"ONLINE","gender":"FEMALE","ageRange":"35-44","experience":"EXPERIENCED"},"question":{"raw":{"text":"일을 하다 보면 자료를 문서화 하게 될 일이 많습니다 그럴 때 문서화 작업은 왜 필요하다고 생각하시는지 본인의 생각을 말씀해 주세요","wordCount":20},"emotion":[],"intent":[]},"answer":{"raw":{"text":"업무를 할 때는 이제 익숙한 업무와 그렇지 않은 업무가 있다고 생각을 합니다. 익숙한 업무를 하는 경우는 사용 빈도가 높기 때문에 일을 할 때는 수월하나 그렇지 않은 경우는 한 번 해봐도 기억이 나지 않는 경우가 많습니다. 하지만 모든 일을 자료를 문서화하게 되면 예전에 했던 업무에 대해 참고할 수 있는 자료가 발생하게 되어 찾기도 쉽고 두 번 할 일을 한 번으로 줄어들 수가 있어 업무 효율이 늘어나게 됩니다. 그리고 업무를 하다 보면 계속 그 일만 하는 것이 아니라 이제 앞으로 이제 후임들이 후임들에게나 또는 전 사원에게 필요한 업무가 될 수도 있기 때문에 문서화를 해 놓으면 다른 직원들도 쉽게 찾아 사용할 수 있는 매뉴얼이 될 수 있어 문서화 작업은 꼭 필요하다고 생각을 합니다.","wordCount":110},"emotion":[],"intent":[{"text":"","expression":"","category":"attitude"}],"summary":{"text":"모든 업무를 문서화하게 되면 과거에 했던 업무에 대해 참고할 수 있는 자료가 발생하게 되어 찾기도 쉽고 두 번 할 일을 한 번으로 줄어들 수가 있어 업무 효율이 늘어나게 됩니다. 또한 다른 직원들도 쉽게 찾아 사용할 수 있는 매뉴얼이 될 수 있어 문서화 작업은 꼭 필요하다고 생각합니다.","wordCount":46}}},"rawDataInfo":{"question":{"fileFormat":"wav","fileSize":362318,"duration":11320,"samplingBit":16,"channelCount":1,"samplingRate":"16kHz","audioPath":"/Mock/01.Management/Female/Experienced/ckmk_q_bm_f_e_198454.wav"},"answer":{"fileFormat":"wav","fileSize":1777358,"duration":55540,"samplingBit":16,"channelCount":1,"samplingRate":"16kHz","audioPath":"/Mock/01.Management/Female/Experienced/ckmk_a_bm_f_e_198454.wav"}}}