{"version":"1.0","dataSet":{"info":{"date":"20230116","occupation":"BM","channel":"MOCK","place":"ONLINE","gender":"FEMALE","ageRange":"-34","experience":"EXPERIENCED"},"question":{"raw":{"text":"살면서 다양한 커뮤니케이션을 경험해 보셨을 텐데요 그중에서 가장 어려웠던 경험은 무엇이었는지 말씀해 주세요","wordCount":13},"emotion":[],"intent":[]},"answer":{"raw":{"text":"어 네 개 기관을 통합하여서 행사를 주관한 적이 있었는데요. 어 주 통합해서 진행하다 보니 모든 네 개 기관별로 일정과 또 홍보 일정과 모든 일정들을 통합해서 하나의 일정으로 진행을 했었어야 됐습니다. 하지만 네 개 기관이 어 피드백이 빠르지 않았고 네 개 기관 중 한 개 기관이 피드백이 늦어져서 어 그 업무 일정이 자꾸 늦어지게 되었습니다. 어 이 부분이 좀 어려워서 저는 빨리 해결해야 된다고 생각을 했고 그래서 저는 그 한 개 기관 담당자가 빨리 의사 결정을 하고 업무를 인지할 수 있도록 어 단톡방을 만들어서 매번 그 일정과 그 듀 데이트에 대해서 마감 기간에 대해서 공지를 하고 알려주었습니다.","wordCount":96},"emotion":[{"text":"어 네 개 기관을 통합하여서 행사를 주관한 적이 있었는데요.","expression":"u-fact","category":"neutral"}],"intent":[{"text":"어 이 부분이 좀 어려워서 저는 빨리 해결해야 된다고 생각을 했고 그래서 저는 그 한 개 기관 담당자가 빨리 의사 결정을 하고 업무를 인지할 수 있도록 어 단톡방을 만들어서 매번 그 일정과 그 듀 데이트에 대해서 마감 기간에 대해서 공지를 하고 알려주었습니다.","expression":"c_adp","category":"personality"}],"summary":{"text":"네 개 기관을 통합하여 행사를 주관했지만, 한 개 기관이 피드백이 늦어져 업무 일정이 늦어지게 되었습니다. 빨리 해결하고자 단톡방을 만들어 공지하였습니다.","wordCount":20}}},"rawDataInfo":{"question":{"fileFormat":"wav","fileSize":589198,"duration":18410,"samplingBit":16,"channelCount":1,"samplingRate":"16kHz","audioPath":"/Mock/01.Management/Female/Experienced/ckmk_q_bm_f_e_261967.wav"},"answer":{"fileFormat":"wav","fileSize":2050318,"duration":64069,"samplingBit":16,"channelCount":1,"samplingRate":"16kHz","audioPath":"/Mock/01.Management/Female/Experienced/ckmk_a_bm_f_e_261967.wav"}}}