{"version":"1.0","dataSet":{"info":{"date":"20230116","occupation":"BM","channel":"MOCK","place":"ONLINE","gender":"FEMALE","ageRange":"35-44","experience":"EXPERIENCED"},"question":{"raw":{"text":"정말 만약인데요 지금 그 우리 지원자님이 내일 죽는다는 사실을 알게 된다면 어 지금 당장 어떤 일을 하실 것 같은지 혹시 이 면접을 계속 끝까지 보실 건지","wordCount":26},"emotion":[],"intent":[]},"answer":{"raw":{"text":"만약에 저에게 하루 밖에 시간이 주어지지 않는다 라고 하면 저는 가족들과 시간을 보낼 것 같습니다. 아무래도 저의 가장 소중하고 가까운 존재가 가족이기 때문입니다. 저는 가족과 함께 보내는 시간을 굉장히 중요하게 생각을 하는데요. 가족은 저에게 정서적인 안정을 주는 아주 소중한 사람들인 것 같습니다. 항상 저를 위해주고 그리고 어려운 힘든 상황 속에서도 저를 위해서 많은 도움을 주고 있기 때문인데요. 어 가족은 저에게 정신적인 지지와 그리고 따뜻함을 주는 존재인 것 같습니다. 그리고 저도 가족들에게 그런 존재가 되기 위해서 노력을 하는데요.아무래도 이런 가족에서 따뜻한 보살핌을 받고 자란 사람은 사회에 나가서도 훌륭하게 자랄 수 있는 것 같습니다. 그래서 저는 만약에 하루 밖에 주어지지 않는다 라고 하면 가장 소중한 가족들과 시간을 보낼 거고요. 가족들과 맛있는 걸 먹고 또 이야기를 하고 서로 감정을 그 교류하면서 그 하루의 시간을 정말 소중하게 사용할 것 같습니다.","wordCount":126},"emotion":[{"text":"아무래도 저의 가장 소중하고 가까운 존재가   가족이기 때문입니다.","expression":"p-affection","category":"positive"}],"intent":[{"text":"","expression":"","category":"attitude"}],"summary":{"text":"가족은 제가 힘든 상황 속에서도 도움을 주는 소중한 사람들인 것 같습니다. 가족에서 따뜻한 보살핌을 받고 자란 사람은 사회에서 훌륭하게 자랄 수 있습니다. 저는 하루밖에 시간이 주어지지 않는다고 한다면 가장 소중한 가족들과 시간을 보내면서 서로 감정을 교류하면서 소중한 시간을 보내게 될 것입니다.","wordCount":41}}},"rawDataInfo":{"question":{"fileFormat":"wav","fileSize":657358,"duration":20540,"samplingBit":16,"channelCount":1,"samplingRate":"16kHz","audioPath":"/Mock/01.Management/Female/Experienced/ckmk_q_bm_f_e_108768.wav"},"answer":{"fileFormat":"wav","fileSize":2366158,"duration":73940,"samplingBit":16,"channelCount":1,"samplingRate":"16kHz","audioPath":"/Mock/01.Management/Female/Experienced/ckmk_a_bm_f_e_108768.wav"}}}