{"version":"1.0","dataSet":{"info":{"date":"20230116","occupation":"BM","channel":"MOCK","place":"ONLINE","gender":"FEMALE","ageRange":"55-","experience":"EXPERIENCED"},"question":{"raw":{"text":"기획이라는 것이 어떤 것이라고 생각하는지 지원자님만의 기획에 대한 생각을 아 설명 부탁드리겠습니다","wordCount":12},"emotion":[],"intent":[]},"answer":{"raw":{"text":"이 기획이라는 것이 어떤 것이라고 생각하냐는 그 질문에 아 제가 아 그 전 회사에서 일했던 거는 기획실이었습니다. 제가 기획실에서 일을 했을 때는 대체적으로 업무가 새로운 상품을 개발하는 것이 저의 기획실 업무였거든요. 근데 기획이라는 것을 가만히 들여다보면 어떤 그 대상이나 어떤 결과물에 대해서 변화를 가져올 수 있을 만한 나의 어 기 어 계 계획이나 좀 더 나은 방향으로 새로운 결과물을 도출시키려고 하는 게 기획이라고 생각합니다. 근데 기획을 딱 했을 때는 꼭 새로운 것만이 아 그 새로운 결과물 새로운 것만이 아 좋은 결과물이라고 할 수는 없거든요. 기획을 하면서 옛날에 구 기획물을 많이 어 공부를 해 보았습니다. 옛날에 이런 상품은 어떤가 그러면서 그 상품에 대한 결과물을 도출을 했을 때 이 상품이 어떤가를 하면서 새로운 것을 기획을 하는 것이 기획이라고 생각을 합니다. 그래서 온고이지신이란 말도 있고 아 청출럴함이란 말도 있구요. 예 그런 뜻을 생각을 하면서 옛 것을 한 번 더 보고 새로운 것을 기획해 나가려고 하는 편입니다.","wordCount":143},"emotion":[{"text":"제가 기획실에서 일을 했을 때는 대체적으로 업무가 새로운 상품을 개발하는 것이 저의 기획실 업무였거든요.","expression":"u-fact","category":"neutral"}],"intent":[{"text":"","expression":"","category":"attitude"}],"summary":{"text":"기획이란 어떤 대상이나 결과물에 대해 변화를 가져올 수 있을 만한 저의 어기 어 계 계획이나 좀 더 나은 방향으로 새로운 결과물을 도출시키려고 하는 것입니다. 기획을 할 때는 꼭 새로운 것만이 좋은 결과물이라고 할 수는 없습니다. 옛날 것을 한 번 더 보고 새로운 것을 기획해 나가는 편입니다.","wordCount":46}}},"rawDataInfo":{"question":{"fileFormat":"wav","fileSize":394318,"duration":12320,"samplingBit":16,"channelCount":1,"samplingRate":"16kHz","audioPath":"/Mock/01.Management/Female/Experienced/ckmk_q_bm_f_e_217734.wav"},"answer":{"fileFormat":"wav","fileSize":2803918,"duration":87620,"samplingBit":16,"channelCount":1,"samplingRate":"16kHz","audioPath":"/Mock/01.Management/Female/Experienced/ckmk_a_bm_f_e_217734.wav"}}}