{"version":"1.0","dataSet":{"info":{"date":"20230116","occupation":"BM","channel":"MOCK","place":"ONLINE","gender":"FEMALE","ageRange":"-34","experience":"EXPERIENCED"},"question":{"raw":{"text":"지원자님께서 일을 하던 중에 직무가 적성에 맞지 않는다면 어떻게 행동하실 것 같은지 상황을 가정하고 말씀해 주시기 바랍니다","wordCount":17},"emotion":[],"intent":[]},"answer":{"raw":{"text":"어 사실 맡겨진 업무이기 때문에 무엇보다 책임감을 가지고 어 열심히 진행을 하겠습니다. 하지만 계속해서 이거에 대한 의문이 생긴다고 한다면 어 진실되고 사실적으로 팀장님과 또 동료들과 함께 어 조언을 구하고 의견을 여쭤볼 것 같습니다. 음 아무래도 팀장님이 저의 업무 능력과 어 저의 스타일을 가장 잘 파악하고 계시기 때문에 이것에 대해서 서로 고민 거리를 이야기 해보고 또 그 이야기가 타당하다면 저희 팀장님께서도 좋은 방향으로 이끌어 주실 거라고 생각을 합니다.","wordCount":67},"emotion":[],"intent":[{"text":"","expression":"","category":"attitude"}],"summary":{"text":"업무이기 때문에 책임감을 가지고 열심히 하겠습니다. 팀장님께서 업무 능력과 스타일을 잘 파악하고 계신데 이것이 타당하다면 좋은 방향으로 이끌어 주리라 생각합니다.","wordCount":20}}},"rawDataInfo":{"question":{"fileFormat":"wav","fileSize":459918,"duration":14370,"samplingBit":16,"channelCount":1,"samplingRate":"16kHz","audioPath":"/Mock/01.Management/Female/Experienced/ckmk_q_bm_f_e_236412.wav"},"answer":{"fileFormat":"wav","fileSize":1725518,"duration":53920,"samplingBit":16,"channelCount":1,"samplingRate":"16kHz","audioPath":"/Mock/01.Management/Female/Experienced/ckmk_a_bm_f_e_236412.wav"}}}