{"version":"1.0","dataSet":{"info":{"date":"20230116","occupation":"BM","channel":"MOCK","place":"ONLINE","gender":"FEMALE","ageRange":"35-44","experience":"EXPERIENCED"},"question":{"raw":{"text":"만약 입사 후 사내 스터디 모임을 조직할 수 있다면 어떤 스터디 모임을 만들고 싶은지와 그 이유도 말씀해 주세요","wordCount":18},"emotion":[],"intent":[]},"answer":{"raw":{"text":"저는 레고 스터디요 레고. 장난감 레고 아시죠. 제가 레고를 어렸을 때부터 좋아했어요. 그래서 많이 많이 만들었는데 정말 많이 만들고 많이 뿌시고 다시 만들고 이렇게 정말 수도 없이 반복을 해왔는데 레고는 음 성별 뭐 나이 뭐 사회적인 어떤 그 위치 인종 문화 안 따지는 것 같아요. 참 웃겨요 이런 네모난 그런 다양한 크기 다양한 높이 이런 조각들로 여러 가지를 조립해 가지고 막 진짜 그 들뜬 어린아이와 같은 들뜬 호흡으로 무언가를 오랫동안 이제 집중력을 요하면서 그걸 한다는 게. 그래서 다 같이 그런 단합 대회로 단체가 이제 같이 하기에 되게 좋은 그런 취미이면서 네 놀이인 것 같아서 저는 너무 좋다고 생각해요. 레고가 생각만 해도 재미있어요 잡고 싶어요 스케줄을 막.","wordCount":106},"emotion":[{"text":"제가 레고를 어렸을 때부터 좋아했어요.","expression":"p-interest","category":"positive"}],"intent":[{"text":"","expression":"","category":"attitude"}],"summary":{"text":"레고를 어렸을 때부터 좋아했는데, 레고는 성별, 나이, 사회적 위치, 인종 문화 안 따지는 것 같습니다. 레고는 들뜬 호흡으로 집중력을 요하면서 무언가를 하는 것이, 단합 대회로 단체가 같이 하기 좋은 취미인 것 같아 너무 좋습니다.","wordCount":34}}},"rawDataInfo":{"question":{"fileFormat":"wav","fileSize":296078,"duration":9250,"samplingBit":16,"channelCount":1,"samplingRate":"16kHz","audioPath":"/Mock/01.Management/Female/Experienced/ckmk_q_bm_f_e_142667.wav"},"answer":{"fileFormat":"wav","fileSize":2684238,"duration":83880,"samplingBit":16,"channelCount":1,"samplingRate":"16kHz","audioPath":"/Mock/01.Management/Female/Experienced/ckmk_a_bm_f_e_142667.wav"}}}