{"version":"1.0","dataSet":{"info":{"date":"20230116","occupation":"BM","channel":"MOCK","place":"ONLINE","gender":"FEMALE","ageRange":"35-44","experience":"EXPERIENCED"},"question":{"raw":{"text":"면접자님께서는 시험 기간에 시간이 촉박하실 때 어떻게 시간 관리를 하셨는지 궁금하고요 이에 따른 면접자님의 시간 관리법에 대해서도 같이 설명을 부탁드립니다","wordCount":20},"emotion":[],"intent":[]},"answer":{"raw":{"text":"제가 하고 있는 시간 관리법으로는 첫째 할 일을 리스트화 하라 입니다. 우선순위를 정하여 시간 관리를 시각화하고 중요도는 긴급성과 중요성으로 구분하여 우선순위를 정합니다. 두 번째로는 체크 박스 활용하기입니다. 시간관 시간 관리에 포인트를 두고 오늘 할 일과 다음날 해도 되는 일을 구분하고 있습니다. 나만의 체크 박스 표시도를 만들어서 업무력을 상승시키는 효과를 보고 얻고 있습니다. 세 번째로는 마감일 정하기입니다. 정해진 마감일보다 하루나 이틀 전으로 자신만의 마감일을 만들어서 초안을 완성하여 좀 더 보완하는 시간적 여유를 갖고 있습니다. 마감일 설정이 중요한 이유는 목표 달성에 긍정적인 영향을 끼치고 실행력을 자극하는 촉진제 역할을 하기 때문입니다. 저는 이렇게 세 가지 방법으로 시간 관리를 하고 있습니다.","wordCount":97},"emotion":[],"intent":[{"text":"제가 하고 있는 시간 관리법으로는 첫째 할 일을 리스트화 하라 입니다.","expression":"m_sche","category":"technology"},{"text":"우선순위를 정하여 시간 관리를 시각화하고 중요도는 긴급성과 중요성으로 구분하여 우선순위를 정합니다.","expression":"m_sche","category":"technology"},{"text":"시간관 시간 관리에 포인트를 두고 오늘 할 일과 다음날 해도 되는 일을 구분하고 있습니다.","expression":"m_sche","category":"technology"},{"text":"정해진 마감일보다 하루나 이틀 전으로 자신만의 마감일을 만들어서 초안을 완성하여 좀 더 보완하는 시간적 여유를 갖고 있습니다.","expression":"m_sche","category":"technology"},{"text":"마감일 설정이 중요한 이유는 목표 달성에 긍정적인 영향을 끼치고 실행력을 자극하는 촉진제 역할을 하기 때문입니다.","expression":"m_sche","category":"technology"}],"summary":{"text":"저는 할 일을 리스트화하고, 체크 박스를 활용하며, 마감일을 정하는 세 가지 방법으로 시간 관리를 하고 있습니다. 이는 목표 달성에 긍정적인 영향을 끼치고 실행력을 자극하는 촉진제 역할을 합니다.","wordCount":27}}},"rawDataInfo":{"question":{"fileFormat":"wav","fileSize":551758,"duration":17240,"samplingBit":16,"channelCount":1,"samplingRate":"16kHz","audioPath":"/Mock/01.Management/Female/Experienced/ckmk_q_bm_f_e_191083.wav"},"answer":{"fileFormat":"wav","fileSize":2082958,"duration":65090,"samplingBit":16,"channelCount":1,"samplingRate":"16kHz","audioPath":"/Mock/01.Management/Female/Experienced/ckmk_a_bm_f_e_191083.wav"}}}