{"version":"1.0","dataSet":{"info":{"date":"20230116","occupation":"BM","channel":"MOCK","place":"ONLINE","gender":"FEMALE","ageRange":"35-44","experience":"EXPERIENCED"},"question":{"raw":{"text":"직무 지식 역량 태도 이 세 가지 요소 중에 가장 중요하다고 생각하시는 것과 그 이유에 대해 말씀해 주실 수 있을까요","wordCount":20},"emotion":[],"intent":[]},"answer":{"raw":{"text":"저는 태도가 제일 중요하다고 생각합니다. 우선 태도라는 것은 직무 지식을 배우거나 받아들이는 태도 역량을 더욱더 일으킬 수 있는 태도가 다 포함되어 있다고 생각하기 때문에 업무를 하는데 자신의 직무 지식과 역량을 더욱 늘리고 열심히 할 수 있단 태도가 우선적으로 뒷받침되어 있어야 가능하다고 생각합니다. 아무리 직무 지식과 역량이 뛰어나다 해도 그것을 발휘할 수 있는 태도가 안 되어 있다면 그 지식을 발휘할 수 있는 데 한계가 있다고 생각합니다. 업무를 할 때는 다른 다른 사람들과 함께 소통하고 그것을 받아들이고 또 다른 직원들을 설득할 수 있는 힘이 필요하다고 생각하는데 그것이 되려면 태도가 일 순위가 되어야 되지 않나 싶습니다.","wordCount":93},"emotion":[],"intent":[{"text":"","expression":"","category":"attitude"}],"summary":{"text":"업무를 할 때는 다른 사람들과 함께 소통하고 그것을 받아들이고 또 다른 직원들을 설득할 수 있는 힘이 필요하다고 생각하는데 그것이 그것이 되려면 태도가 일 순위가 되어야 되지 않을까 생각합니다.","wordCount":28}}},"rawDataInfo":{"question":{"fileFormat":"wav","fileSize":617678,"duration":19300,"samplingBit":16,"channelCount":1,"samplingRate":"16kHz","audioPath":"/Mock/01.Management/Female/Experienced/ckmk_q_bm_f_e_198456.wav"},"answer":{"fileFormat":"wav","fileSize":1536078,"duration":48000,"samplingBit":16,"channelCount":1,"samplingRate":"16kHz","audioPath":"/Mock/01.Management/Female/Experienced/ckmk_a_bm_f_e_198456.wav"}}}