{"version":"1.0","dataSet":{"info":{"date":"20230116","occupation":"BM","channel":"MOCK","place":"ONLINE","gender":"FEMALE","ageRange":"35-44","experience":"EXPERIENCED"},"question":{"raw":{"text":"조건도 다 같고 다 같은 상품인데 다른 지점에서 가격을 낮춰 판매하고 있는 것을 지원자가 알게 된다면 어떻게 대처하시겠습니까","wordCount":18},"emotion":[],"intent":[]},"answer":{"raw":{"text":"제가 만약 소비자의 입장에서 다른 지점에 상품 가격을 낮게 낮춰 판매를 하고 있다면 사실 그 지점을 통해서 물건을 구매할 것 같습니다. 왜냐하면 모든 조건이 동일한데 가격적인 메리트까지 있다면 소비자로서 당연한 꿈의 욕구를 일으킬 것이고 손해보면서까지 다른 매장에서 구매 할 일이 없기 때문입니다. 하지만 소비자가 아닌 판매자의 경우에는 대처가 달라질 것 같습니다. 보통 시장 경제에서 형성된 소비자가는 정해져 있을 것입니다. 그런데 다른 지점에서 유독 상품 가격을 낮춰서 판매하게 된다면 결국엔 다른 지점도 소비자를 유치하기 위해서 상품 가격을 낮출 수 밖에 없을 것입니다. 이게 반복이 되다 보면 시장 경제에 혼란을 야기시킨다는 점에서 좀 적극적으로 대응할 필요가 있지 않나 싶습니다. 물론 단합 팽위가 아니라 정당한 시장에서는 상품 가격을 소비자가 소비자가를 기준으로 정종 당당하게 판매를 해야 되지 않나 싶습니다.","wordCount":115},"emotion":[],"intent":[{"text":"","expression":"","category":"attitude"}],"summary":{"text":"소비자가 아닌 판매자의 경우에는 대처가 달라질 것 같습니다. 다른 지점에서 상품 가격을 낮춰 판매하게 되면 결국 다른 지점도 소비자를 유치하기 위해서 상품 가격을 낮출 수 밖에 없을 것입니다. 이것이 반복이 되다 보면 시장 경제에 혼란을 야기시킨다는 점에서 좀 적극적으로 대응할 필요가 있지 않을까 싶습니다.","wordCount":44}}},"rawDataInfo":{"question":{"fileFormat":"wav","fileSize":467278,"duration":14600,"samplingBit":16,"channelCount":1,"samplingRate":"16kHz","audioPath":"/Mock/01.Management/Female/Experienced/ckmk_q_bm_f_e_246038.wav"},"answer":{"fileFormat":"wav","fileSize":2101198,"duration":65660,"samplingBit":16,"channelCount":1,"samplingRate":"16kHz","audioPath":"/Mock/01.Management/Female/Experienced/ckmk_a_bm_f_e_246038.wav"}}}