{"version":"1.0","dataSet":{"info":{"date":"20230116","occupation":"BM","channel":"MOCK","place":"ONLINE","gender":"FEMALE","ageRange":"-34","experience":"EXPERIENCED"},"question":{"raw":{"text":"지원자님께서 직접 해외 출장 장소를 선택할 수 있다면 꼭 한 번 일해보고 싶은 나라가 어디인지 이유와 함께 설명 바랍니다","wordCount":19},"emotion":[],"intent":[]},"answer":{"raw":{"text":"어 저는 별로 그렇게 해외에는 관심이 없어서 꼭 해보고 싶은 나라 같은 거는 사실 없습니다. 그렇다고 해서 뭐 해외 출장을 제가 뭐 기피한다는 건 아니지만 뭐 굳이 제가 일을 해보고 싶었던 나라가 있지는 않아서 뭐 어디를 가든 저한테는 좀 똑같은 감상일 것 같아서 외국에 가는 거에 대한 어떤 기대도 별로 없고 뭐 여행으로도 잘 안 나가는 편이라서 뭐 출장은 그냥 출장 정도로만 여길 것 같아서 꼭 일해 보고 싶은 나라는 없습니다.","wordCount":71},"emotion":[],"intent":[{"text":"","expression":"","category":"attitude"}],"summary":{"text":"해외 출장을 기피하는 것은 아니지만 꼭 일해 보고 싶은 나라는 없습니다. 꼭 하고 싶은 나라가 아니라서 해외 출장에 대한 기대도 별로 없고 일 해 보고 싶은 나라가 없습니다","wordCount":28}}},"rawDataInfo":{"question":{"fileFormat":"wav","fileSize":396238,"duration":12380,"samplingBit":16,"channelCount":1,"samplingRate":"16kHz","audioPath":"/Mock/01.Management/Female/Experienced/ckmk_q_bm_f_e_148358.wav"},"answer":{"fileFormat":"wav","fileSize":1368398,"duration":42760,"samplingBit":16,"channelCount":1,"samplingRate":"16kHz","audioPath":"/Mock/01.Management/Female/Experienced/ckmk_a_bm_f_e_148358.wav"}}}