{"version":"1.0","dataSet":{"info":{"date":"20230116","occupation":"BM","channel":"MOCK","place":"ONLINE","gender":"FEMALE","ageRange":"35-44","experience":"EXPERIENCED"},"question":{"raw":{"text":"면접자님이 저희 회사에서 일을 하다 보면 업무량이 과도하게 많아질 수도 있습니다 그래두 잘 버틸 자신이 있으세요","wordCount":16},"emotion":[],"intent":[]},"answer":{"raw":{"text":"네 저는 업무량이 많거나 범위가 넓다고 하더라도 잘 이겨낼 수가 있습니다. 어 업무량이 많다고 해서 제가 그 업무가 불편하거나 회사에 다니기 힘들어 하는 일은 벌어지지 않을 것 같습니다. 왜냐하면 저는 업무량이 많아도 제가 분명히 할 수 있는 역할이라고 생각을 하고 제가 할 수 있는 일이라고 하면 저는 끝까지 열심히 해 낼 자신이 있습니다. 저는 기본적으로 업무라는 것을 좋아하고 제 일에 자부심을 느끼고 있습니다. 그리고 그 일이 저의 역할이고 제가 필요한 일이라고 하면 언제든지 더 적극적으로 업무를 해 낼 자신이 있습니다. 업무량이 많거나 야근이나 외근이 있다고 하더라도 제가 해야 되는 일이라고 저는 사명감을 느끼게 되면 끝까지 맡아서 업무를 진행하는 성격인데요. 그래서 제가 만약에 입사를 하게 돼서 저한테 어려운 일을 맡겨 주신다고 하더라도 저는 끝까지 책임감 있게 잘 수행해 낼 수 있도록 하겠습니다. 저에게 기회를 주셨으면 좋겠습니다.","wordCount":125},"emotion":[],"intent":[{"text":"","expression":"","category":"attitude"}],"summary":{"text":"업무량이 많거나 범위가 넓다고 하더라도 잘 이겨낼 수 있습니다. 업무가 불편하거나 회사에 다니기 힘들어 하는 일은 벌어지지 않을 것 같습니다. 저는 업무라는 것을 좋아하고 그 일에 자부심을 느끼며, 언제든지 더 적극적으로 업무를 해 낼 자신있습니다. 업무에 책임감을 느끼면 끝까지 맡아서 업무를 진행하는 성격입니다.","wordCount":43}}},"rawDataInfo":{"question":{"fileFormat":"wav","fileSize":543438,"duration":16980,"samplingBit":16,"channelCount":1,"samplingRate":"16kHz","audioPath":"/Mock/01.Management/Female/Experienced/ckmk_q_bm_f_e_108771.wav"},"answer":{"fileFormat":"wav","fileSize":2224078,"duration":69500,"samplingBit":16,"channelCount":1,"samplingRate":"16kHz","audioPath":"/Mock/01.Management/Female/Experienced/ckmk_a_bm_f_e_108771.wav"}}}