{"version":"1.0","dataSet":{"info":{"date":"20230116","occupation":"BM","channel":"MOCK","place":"ONLINE","gender":"FEMALE","ageRange":"35-44","experience":"EXPERIENCED"},"question":{"raw":{"text":"본인이 최근에 인상 깊게 본 서비스는 무엇이 있는 건지 설명 부탁드리겠습니다","wordCount":11},"emotion":[],"intent":[]},"answer":{"raw":{"text":"최근에 가장 제가 인상 깊게 본 서비스는 개인 맞춤형 서비스입니다. 최근에는 아무래도 사회가 발전을 하고 또 개인별로 원하는 바가 다르기 때문에 이런 맞춤형 서비스가 굉장히 활발하게 진행이 되고 있는 것 같습니다. 그래서 아무래도 앞으로 기업들이 전략을 세울 때 이렇게 소비자들이 어 개인 맞춤형을 원하는 만큼 그 니즈에 맞춰서 다양한 방식으로 변화를 하고 또 서비스를 할 때도 여러 가지를 어 그 성향에 맞는 걸 준비하는 게 굉장히 중요하다고 생각이 드는데요. 최근에 저는 미용이라던가 뷰티 그리고 어 책을 읽는데도 개인 맞춤형으로 알고리즘을 통해서 분석을 해주고 제안해주는 서비스들이 기억에 남았습니다. 그리고 최근에는 빅데이터를 활용해서 기반을 활용한 맞춤형 서비스도 굉장히 많은데요. 이런 것들을 아무래도 소비자들이 원하고 있는 만큼 앞으로 이런 서비스들이 좀 발전할 것이라는 생각이 들었습니다.","wordCount":112},"emotion":[],"intent":[{"text":"","expression":"","category":"attitude"}],"summary":{"text":"최근에는 개인별로 원하는 바가 다르기 때문에 개인 맞춤형 서비스가 활발하게 진행되고 있습니다. 기업들이 전략을 세울 때 소비자들의 니즈에 맞춰 다양한 방식으로 변화를 하고, 서비스를 할 때도 성향에 맞는 걸 준비하는 게 중요합니다. 최근에는 빅데이터를 활용한 맞춤형 서비스도 많습니다.","wordCount":38}}},"rawDataInfo":{"question":{"fileFormat":"wav","fileSize":307278,"duration":9600,"samplingBit":16,"channelCount":1,"samplingRate":"16kHz","audioPath":"/Mock/01.Management/Female/Experienced/ckmk_q_bm_f_e_107833.wav"},"answer":{"fileFormat":"wav","fileSize":2169038,"duration":67780,"samplingBit":16,"channelCount":1,"samplingRate":"16kHz","audioPath":"/Mock/01.Management/Female/Experienced/ckmk_a_bm_f_e_107833.wav"}}}