{"version":"1.0","dataSet":{"info":{"date":"20230116","occupation":"BM","channel":"MOCK","place":"ONLINE","gender":"FEMALE","ageRange":"55-","experience":"EXPERIENCED"},"question":{"raw":{"text":"우리가 마주 대하거나 헤어질 때 예를 표하는 인사 있지 않습니까 귀하께서 생각하는 인사란 어떤 의미인지 본인의 의견을 간단하게 말씀해 주세요","wordCount":20},"emotion":[],"intent":[]},"answer":{"raw":{"text":"인사란 회사의 미래죠 네. 회사의 미래 앞으로 이 회사가 어떻게 될지 회사의 존망이 달린 그런 부분이라고 해야 될까요. 점점 더 뭐 그런 말 있잖아요. 예를 들면 뭐 앞으로 이제 기계화가 많이 돼서 사람들의 일자리가 축소할 거고 그까 어느 부분은 어느 업종은 그게 맞겠죠. 근데 애초에 그 어느 업종은 맞는다는 그 부분에서의 출발점 그냥 그 회사라는 것 자체는 사람이 없으면 안 돼요. 네 그래서 그 사람을 적절하게 배치를 하고 또 운영을 하게끔 사람을 애초에 모으고 구성을 하고 이런 것 전부가 어 제일 우선시 되어야 되고 그까 우선시 되면서 가장 밑바탕이 깔린 거여야 되기 때문에 안 보일 수는 있겠지만 그렇다고 등한시해서는 안 되죠. 네 정말 바탕이에요 바탕.","wordCount":105},"emotion":[],"intent":[{"text":"","expression":"","category":"attitude"}],"summary":{"text":"앞으로 기계화가 많이 되서 일자리가 축소될 텐데 그 직종에 맞는 사람을 적절하게 배치하고 운영을 하게끔 사람을 모으고 구성을 하고 이런 것 전부가 제일 우선시 되어야 되고 밑바탕이 깔아져야 되기 때문에 등한시해선 안 됩니다.","wordCount":33}}},"rawDataInfo":{"question":{"fileFormat":"wav","fileSize":485518,"duration":15170,"samplingBit":16,"channelCount":1,"samplingRate":"16kHz","audioPath":"/Mock/01.Management/Female/Experienced/ckmk_q_bm_f_e_160022.wav"},"answer":{"fileFormat":"wav","fileSize":2611278,"duration":81600,"samplingBit":16,"channelCount":1,"samplingRate":"16kHz","audioPath":"/Mock/01.Management/Female/Experienced/ckmk_a_bm_f_e_160022.wav"}}}