{"version":"1.0","dataSet":{"info":{"date":"20230116","occupation":"BM","channel":"MOCK","place":"ONLINE","gender":"FEMALE","ageRange":"55-","experience":"EXPERIENCED"},"question":{"raw":{"text":"상사가 회사의 이익에 반하는 행동을 하는 것을 본인이 직접 목격했다고 가정을 했을 때 어떻게 대처하시고 행동하실 생각인지 의견을 들어보고 싶습니다","wordCount":20},"emotion":[],"intent":[]},"answer":{"raw":{"text":"만약에 상사가 그런 행동을 한다는 것을 목격한다 라면은 저는 상부에 보고를 드릴 것 같습니다. 그렇지만 물론 그 전에엔 상사 분께 제가 목격한 부분이 맞는지 그 진위 여부에 대해서는 꼭 확인을 할 것 같습니다. 왜냐 하면 제가 특정 상황만 보고 오해했을 수도 있기 때문입니다. 그렇지만 대화를 한 이후에도 그 행동이 잘못됐다고 생각된다면 저는 주인의식을 가지고 회사를 위해서 보고를 드릴 것 같습니다.","wordCount":60},"emotion":[],"intent":[{"text":"","expression":"","category":"attitude"}],"summary":{"text":"저는 상사가 그런 행동을 한다는 것을 목격한다면 상부에 보고를 할 것 같습니다. 그 행동이 잘못됐다고 생각된다면 저는 주인의식을 가지고 회사를 위해서 보고를 할 것입니다.","wordCount":24}}},"rawDataInfo":{"question":{"fileFormat":"wav","fileSize":428238,"duration":13380,"samplingBit":16,"channelCount":1,"samplingRate":"16kHz","audioPath":"/Mock/01.Management/Female/Experienced/ckmk_q_bm_f_e_248797.wav"},"answer":{"fileFormat":"wav","fileSize":2359758,"duration":73740,"samplingBit":16,"channelCount":1,"samplingRate":"16kHz","audioPath":"/Mock/01.Management/Female/Experienced/ckmk_a_bm_f_e_248797.wav"}}}