{"version":"1.0","dataSet":{"info":{"date":"20230116","occupation":"BM","channel":"MOCK","place":"ONLINE","gender":"FEMALE","ageRange":"35-44","experience":"EXPERIENCED"},"question":{"raw":{"text":"대한민국의 금융 정책 기관으로 신 우리 신용보증기금이 있는데요 어 이런 신용보증기금에서는 어떤 일을 해야 하는지 그 업무 영역에 대해서 아시는 바가 있다면 말씀해 주시기 바랍니다","wordCount":25},"emotion":[],"intent":[]},"answer":{"raw":{"text":"신용보증기금이 앞으로 확대해야 할 업무를 생각한다면 기업 정보를 데이터화하고 비대면 모바일 플랫폼을 활성화시켜서 업무의 효율성을 확대해야 된다고 생각합니다. 이런 기업에 대한 각종 서류나 정보를 데이터화하여 신용보증기금이 그 데이터를 활용함으로써 기존의 업무 분담을 줄이고 남은 재원들을 새로운 금융지원 또는 비 금융지원을 활용함으로써 업무적으로 효과성을 증대시킬 수 있는 방향으로 나아가야 된다고 생각합니다.","wordCount":50},"emotion":[],"intent":[{"text":"","expression":"","category":"attitude"}],"summary":{"text":"신용보증기금의 업무 효율성을 확대하기 위해서는 기업 정보를 데이터화하고 비대면 모바일 플랫폼을 활성화시켜 업무의 효율성을 증대시켜야 한다고 생각합니다.","wordCount":17}}},"rawDataInfo":{"question":{"fileFormat":"wav","fileSize":531278,"duration":16600,"samplingBit":16,"channelCount":1,"samplingRate":"16kHz","audioPath":"/Mock/01.Management/Female/Experienced/ckmk_q_bm_f_e_259454.wav"},"answer":{"fileFormat":"wav","fileSize":1459278,"duration":45600,"samplingBit":16,"channelCount":1,"samplingRate":"16kHz","audioPath":"/Mock/01.Management/Female/Experienced/ckmk_a_bm_f_e_259454.wav"}}}