{"version":"1.0","dataSet":{"info":{"date":"20230116","occupation":"BM","channel":"MOCK","place":"ONLINE","gender":"FEMALE","ageRange":"35-44","experience":"EXPERIENCED"},"question":{"raw":{"text":"그동안 속해 있었던 조직이나 단체 속에서 지원자님께서는 주로 어떤 역할을 하는 사람이었는지 말씀 부탁드리겠습니다","wordCount":14},"emotion":[],"intent":[]},"answer":{"raw":{"text":"저는 그동안 속해 있었던 조직 단체 속에서 주로 적극적인 지지자의 역할을 담당하는 사람이었던 것 같습니다. 구성원들의 말을 잘 귀담아 듣는 편이었고요. 리더가 미처 챙기지 못하는 부분들을 잘 캐치해서 단체 속에서 도움이 되려고 노력하는 편이었습니다. 리더가 정확한 목표와 방향대로 구성원들을 데리고 갈 수 있도록 저는 뒤에서 묵묵히 지원해 주는 편이고요. 그 일이 잘 될 수 있도록 협조해 주는 그런 역할에 강점이 있는 사람입니다. 저의 이런 역할들 때문에 제가 팀에 들어가 있으면 리더들이 항상 업무를 할 때 매우 수월하다 라는 피드백을 많이 해주었던 경험들이 있습니다.","wordCount":83},"emotion":[],"intent":[{"text":"구성원들의 말을 잘 귀담아 듣는 편이었고요.","expression":"c_person","category":"background"}],"summary":{"text":"저는 리더가 정확한 목표와 방향대로 구성원들을 데리고 갈 수 있도록 옆에서 지원해 주는 편에 속합니다. 이런 역할들 때문에 제가 팀에 들어가 있으면 리더들이 항상 업무를 할 때 매우 수월하다 라는 피드백을 많이 해주었던 경험들이 있습니다.","wordCount":35}}},"rawDataInfo":{"question":{"fileFormat":"wav","fileSize":317838,"duration":9930,"samplingBit":16,"channelCount":1,"samplingRate":"16kHz","audioPath":"/Mock/01.Management/Female/Experienced/ckmk_q_bm_f_e_204583.wav"},"answer":{"fileFormat":"wav","fileSize":1698958,"duration":53090,"samplingBit":16,"channelCount":1,"samplingRate":"16kHz","audioPath":"/Mock/01.Management/Female/Experienced/ckmk_a_bm_f_e_204583.wav"}}}