{"version":"1.0","dataSet":{"info":{"date":"20230116","occupation":"BM","channel":"MOCK","place":"ONLINE","gender":"FEMALE","ageRange":"45-54","experience":"EXPERIENCED"},"question":{"raw":{"text":"지원자분께서 지금 현재 읽고 계신 책이 있으신지 만약에 있으시다고 한다면 무슨 책인지 궁금합니다 그리고 어떤 이유에서 그 책을 지금 읽고 계신 지에 대해서도 함께 이야기해 주시기 바랍니다","wordCount":27},"emotion":[],"intent":[]},"answer":{"raw":{"text":"저는 요즘에 음 제가 산문집을 좋아해요. 그래서 요즘에는 저는 그 황현산 선생님에 밤이 선생이다 라는 책이 있어요. 그래서 요즘 그거를 읽고 있습니다. 제가 이제 그 황현산 선생님 책을 계속 읽어봐야지 읽어봐야지 하다가 이제 시작을 했어요. 그까 되게 오래 전부터 생각을 했던 건데 그마저도 너무 뒤늦게 시작을 했고 이게 책을 읽기 전에 접했던 몇 가지 선생님의 글들이 되게 저를 많이 흔들었어요. 되게 감동을 주기도 하고 어떤 그 통찰력 그리고 그 짧은 문장이 주는 그 깊이감 그리고 무게감 여러 가지가 굉장히 저를 흔들어 놨었기 때문에 이미 그래서 찾아서 읽어야지 하고 계속 벼르고 있다가 뒤늦게 시작을 했고 네 읽으면서 되게 좋습니다 요즘. 네","wordCount":100},"emotion":[],"intent":[{"text":"","expression":"","category":"attitude"}],"summary":{"text":"황현산 선생님의 밤이 선생이다 라는 책을 읽고 있습니다. 책을 읽으면서 통찰력, 깊이감, 무게감 이런 것들이 저를 많이 흔들었어요. 그래서 찾아서 읽으려고 벼르고 있다가 뒤늦게 시작을 했고 읽으면서 되게 좋습니다.","wordCount":29}}},"rawDataInfo":{"question":{"fileFormat":"wav","fileSize":588878,"duration":18400,"samplingBit":16,"channelCount":1,"samplingRate":"16kHz","audioPath":"/Mock/01.Management/Female/Experienced/ckmk_q_bm_f_e_179519.wav"},"answer":{"fileFormat":"wav","fileSize":2615118,"duration":81720,"samplingBit":16,"channelCount":1,"samplingRate":"16kHz","audioPath":"/Mock/01.Management/Female/Experienced/ckmk_a_bm_f_e_179519.wav"}}}