{"version":"1.0","dataSet":{"info":{"date":"20230116","occupation":"BM","channel":"MOCK","place":"ONLINE","gender":"FEMALE","ageRange":"55-","experience":"EXPERIENCED"},"question":{"raw":{"text":"지원자께서 본인이 현재 가지고 있는 위치보다 어려운 목표를 달성한 적이 있나요 있다면 그 경험에 대해서 자세하게 말씀해 주세요","wordCount":18},"emotion":[],"intent":[]},"answer":{"raw":{"text":"어려운 목표를 다 달성한 적이 있기는 있는데 근데 솔직히 그 어려운 목표는 내가 생각할 때 어려운 목표라고 생각을 하고요. 네 결론적으로 얘기를 하면 제가 어 그 당시에 이제 경제적인 상황이 너무 어려웠는데 제가 목표를 하고 있는 아파트에 어 들어가야 되는 상황이었어요. 그때 인제 그 모든 것들을 딱딱딱 경제 돈을 지출과 회계를 정확하게 구분해서 결국은 어 팔 수 있는 집은 팔고 살 수 있는 집은 사고 정리할 수 있는 어 땅은 정리하고 이러면서 그거를 일 년 안에 그 세금 문제가 있어서 그런 것들을 착착 착착 진행했던 일들이 물론 제가 한 거라기보다는 여러 가지 상황에서 맞춰줬던 그런 좋은 경험이기도 하지만 어 실질적으로 지나고 나니까 그 어려운 목표를 딱 이루어서 제가 원하는 어 아파트를 살 수 있었어요. 음 그래서 세금도 절감할 수 있었고 그런 경험들이 저한테는 아주 좋은 음 경험입니다.","wordCount":127},"emotion":[],"intent":[{"text":"","expression":"","category":"attitude"}],"summary":{"text":"경제적인 상황이 너무 어려웠던 제가 목표를 하고 있는 아파트를 들어가야 되는 상황이어서 세금 문제를 해결하고 세금을 절감할 수 있었던 경험들은 저한테 아주 좋은 경험입니다.","wordCount":24}}},"rawDataInfo":{"question":{"fileFormat":"wav","fileSize":622158,"duration":19440,"samplingBit":16,"channelCount":1,"samplingRate":"16kHz","audioPath":"/Mock/01.Management/Female/Experienced/ckmk_q_bm_f_e_267508.wav"},"answer":{"fileFormat":"wav","fileSize":2688718,"duration":84020,"samplingBit":16,"channelCount":1,"samplingRate":"16kHz","audioPath":"/Mock/01.Management/Female/Experienced/ckmk_a_bm_f_e_267508.wav"}}}