{"version":"1.0","dataSet":{"info":{"date":"20230116","occupation":"BM","channel":"MOCK","place":"ONLINE","gender":"FEMALE","ageRange":"-34","experience":"EXPERIENCED"},"question":{"raw":{"text":"현대 사회에서는 없어서는 안 될 가장 중요하다 고 생각하는 직업이 있다면 한 가지만 골라서 설명해 주시겠습니까","wordCount":16},"emotion":[],"intent":[]},"answer":{"raw":{"text":"저는 현대사회에서 없어 서는 안될 그리고 가장 중요하다고 생각하는 직업을 바로 정신과 의사라고 생각합니다. 왜냐하면 현대사회가 놀라운 속도로 발전함에 따라 사람들의 마음은 그와는 반대로 많이 힘들고 지쳐있다고 생각되기 때문입니다. 따라서 지친 사람들의 마음을 이해하고 공감하고 그들의 마음을 치료해 줄 수 있는 정신과 의사는 아주 중요한 직업이라고 생각합니다. 그 직업이 없다면 사회가 혼란에 빠지고 그들의 마음을 헤아리 헤아려 줄 사람이 없어서 더욱 힘들 것이라고 생각합니다. 정말 마음이 힘들고 아파서 병원을 가서 치료해 되야 되는 사람인데 감기로 시작했던 병이 암이나 천식 폐렴 등으로 커질 수 있다고 생각하기 때문입니다. 저는 아무리 가벼운 일이라도 사람들 간의 감정을 공유하고 서로 간의 따뜻한 관심을 기울이는 것이 가장 중요하다고 생각합니다. 따라서 그 마음을 치료해 줄 수 있는 정신과 의사가 중요하다고 생각합니다. 감사합니다.","wordCount":115},"emotion":[],"intent":[{"text":"","expression":"","category":"attitude"}],"summary":{"text":"현대사회에서 가장 중요한 직업은 정신과 의사입니다. 현대사회가 급속도로 발전함에 따라 사람들의 마음은 많이 지쳐있다고 여겨지기 때문입니다. 따라서 그 마음을 치료해 줄 수 있는 정신과 의사는 아주 중요한 직업이라고 생각합니다.","wordCount":29}}},"rawDataInfo":{"question":{"fileFormat":"wav","fileSize":360398,"duration":11260,"samplingBit":16,"channelCount":1,"samplingRate":"16kHz","audioPath":"/Mock/01.Management/Female/Experienced/ckmk_q_bm_f_e_180802.wav"},"answer":{"fileFormat":"wav","fileSize":2709518,"duration":84670,"samplingBit":16,"channelCount":1,"samplingRate":"16kHz","audioPath":"/Mock/01.Management/Female/Experienced/ckmk_a_bm_f_e_180802.wav"}}}