{"version":"1.0","dataSet":{"info":{"date":"20230116","occupation":"BM","channel":"MOCK","place":"ONLINE","gender":"FEMALE","ageRange":"45-54","experience":"EXPERIENCED"},"question":{"raw":{"text":"만약 면접자님께서 지금 지원하신 이 직무가 아닌 다른 부서에 배치되게 된다면 어떻게 하시겠습니까 그래도 괜찮으십니까","wordCount":15},"emotion":[],"intent":[]},"answer":{"raw":{"text":"다른 부서라는 게 어떤 걸 말씀하시는 걸까요. 제가 지금 광고 일을 몇 년이죠 이십 년 이상 해왔는데 고 일에 관련된 어떤 부분이라면 상관없습니다. 네 제가 가진 어떤 경험과 그다음 여러 가지 노하우 안에서 도움이 되고자 노력을 하겠지만 완전히 아예 모르는 직무라면 뭐 괜찮을까요. 오히려 제가 누가 될 수 있을 것 같아서 괜찮으시겠어요. 아예 모르시 모르는 업무는 제가 자신이 없어서요. 그래서 그러면 네 조금 힘들지 않을까 싶습니다 지금 생각하기에. 그리고 일을 진행상 조금이라도 네 그 관련된 일을 주셔야지 원활하게 돌아가고 빠르게 적응을 할 수가 있지 아예 쌩판 모르는 일을 주시는 거면 그거는 그냥 갓 대학 졸업한 취업 준비생을 뽑는 것과 다름이 없기 때문에 조금 어렵지 않을까 싶다는 생각이 듭니다.","wordCount":108},"emotion":[],"intent":[{"text":"","expression":"","category":"attitude"}],"summary":{"text":"광고 일을 20년 이상 해왔는데 전혀 모르는 직무면 괜찮습니다. 아예 모르는 업무는 제가 자신이 없어 조금 힘들 것 같습니다. 그리고 일을 진행상 조금이라도 관련 일을 주셔야지 원활하게 돌아가고 빠르게 적응을 할 수가 있습니다.","wordCount":33}}},"rawDataInfo":{"question":{"fileFormat":"wav","fileSize":412558,"duration":12890,"samplingBit":16,"channelCount":1,"samplingRate":"16kHz","audioPath":"/Mock/01.Management/Female/Experienced/ckmk_q_bm_f_e_141447.wav"},"answer":{"fileFormat":"wav","fileSize":2754638,"duration":86080,"samplingBit":16,"channelCount":1,"samplingRate":"16kHz","audioPath":"/Mock/01.Management/Female/Experienced/ckmk_a_bm_f_e_141447.wav"}}}