{"version":"1.0","dataSet":{"info":{"date":"20230116","occupation":"BM","channel":"MOCK","place":"ONLINE","gender":"FEMALE","ageRange":"45-54","experience":"EXPERIENCED"},"question":{"raw":{"text":"지원자님은 이전 직장을 그만둔 어떤 특별한 이유가 있습니까 그리고 현 직장도 혹시 같은 이유로 그만둘 가능성이 있을까요","wordCount":17},"emotion":[],"intent":[]},"answer":{"raw":{"text":"사실은 그 일이 어 제가 동업을 하던 사업이었어요. 그래서 제 동업자에게 어 회계적인 부분을 거의 맡겼었는데 사실은 영업을 하면서 어 코로나 기준으로 인해서 많은 타격을 봤었고 그로 인해서 직원들에게 어 지급을 밀리는 일이 좀 많이 발생하게 됐습니다. 저는 내 동업자를 믿었었기 때문에 그 동업자의 의견대로 제가 직접 나서서 그 직원들을 설득하고 꼭 믿음을 주고 신뢰를 쌓는 역할을 맡았었는데 그게 사실 이 년 정도 이상 지속되더라고요. 그래서 그제서야 저도 도대체 저희 회사가 어떻게 굴러가고 있던 건지 좀 적극적으로 제가 파악해야겠다 라는 생각이 들어서 동업자랑 이야기를 시작했었고 사실은 그 문제가 조금 갈등이 커지긴 했습니다. 그런데 결과적으로 제가 동업자에게 속았던 부분들이 있었고 그렇다면은 제가 이 사업에서 손을 떼고 나오는 게 맞다고 판단해서 그 일을 그만두게 됐습니다.","wordCount":113},"emotion":[],"intent":[{"text":"그래서   제 동업자에게 어 회계적인 부분을 거의 맡겼었는데   사실은 영업을 하면서 어 코로나 기준으로 인해서 많은 타격을 봤었고   그로 인해서 직원들에게 어 지급을 밀리는 일이 좀 많이 발생하게 됐습니다.","expression":"c_private","category":"background"},{"text":"그래서 그제서야 저도 도대체   저희 회사가 어떻게 굴러가고 있던 건지 좀 적극적으로 제가   파악해야겠다 라는 생각이 들어서 동업자랑 이야기를 시작했었고 사실은 그 문제가 조금 갈등이 커지긴 했습니다.","expression":"c_private","category":"background"},{"text":"그런데 결과적으로 제가 동업자에게 속았던 부분들이 있었고 그렇다면은 제가 이 사업에서 손을 떼고 나오는 게 맞다고 판단해서   그 일을 그만두게 됐습니다.","expression":"c_private","category":"background"}],"summary":{"text":"코로나 기준으로 인한 영업 손실로 인해 동업자에게 지급을 밀리던 중, 동업자의 의견대로 직접 나서 직원들을 설득하고 신뢰를 쌓는 역할을 맡았었습니다. 그 관계가 이 년 이상 지속되자, 회사가 어떻게 돌아가는지 파악해야겠다는 생각이 들어 동업자와 이야기를 시작했고, 결국 사업에서 손을 떼고 나오는 게 맞다고 판단해 일을 그만두었습니다.","wordCount":45}}},"rawDataInfo":{"question":{"fileFormat":"wav","fileSize":483278,"duration":15100,"samplingBit":16,"channelCount":1,"samplingRate":"16kHz","audioPath":"/Mock/01.Management/Female/Experienced/ckmk_q_bm_f_e_102774.wav"},"answer":{"fileFormat":"wav","fileSize":2732238,"duration":85380,"samplingBit":16,"channelCount":1,"samplingRate":"16kHz","audioPath":"/Mock/01.Management/Female/Experienced/ckmk_a_bm_f_e_102774.wav"}}}