{"version":"1.0","dataSet":{"info":{"date":"20230116","occupation":"BM","channel":"MOCK","place":"ONLINE","gender":"FEMALE","ageRange":"35-44","experience":"EXPERIENCED"},"question":{"raw":{"text":"만약에 상사가 업무와 무관한 일을 시킨다면 어 본인은 어떻게 처신하실 건지요 어 그 일을 잘 수행을 하실지 아니면 거부하실지 궁금합니다","wordCount":20},"emotion":[],"intent":[]},"answer":{"raw":{"text":"네 경영 사무 업무를 지원하다 보면 어 제 업무와 무관한 일을 할 때도 굉장히 많은 것 같습니다. 왜냐하면 회사 전반적으로 제가 돕는 사무 업무를 지원하고 있기 때문에 아마 그런 경우가 많이 발생을 하게 되는데요. 어 저는 대부분 팔십 퍼센트 이상 제가 수용해서 업무를 처리하고 있고요. 그리고 어차피 그것도 저의 업무이고 또 회사를 도와줄 수 있는 일이기 때문에 저는 잘 수행하고 있다고 생각을 합니다. 하지만 간혹 그런 경우가 있습니다. 이거는 저의 판단으로 이뤄질 문제가 아니고 분명히 윗선에서 좀 평가해 대야 되는 문제가 있을 것 같고요. 그리고 또 어떤 경우에는 어 제가 이거를 다 모두 집행이 가능하지 않은 그런 일들도 있을 수 있을 것 같습니다. 그럴 때는 이제 상사분께 제가 말씀을 드려서 요청을 드리고요. 이 부분은 요렇게 도와주시고 수정이 돼야 될 것 같다 라고 해서 협의에서 진행을 하고 있는 편이긴 합니다. 어 저는 기본적으로 사무 지원 업무를 하고 있기 때문에 어 제 업무의 범위가 굉장히 넓다고 생각을 하고요. 그리고 제가 만약에 어 지원하기 힘든 일이 있으면 그것들은 팀원들과 협의해서 결정하면 되기 때문에 저는 그거는 무리 없이 잘 수행해 낼 수 있다고 생각을 합니다.","wordCount":171},"emotion":[],"intent":[{"text":"","expression":"","category":"attitude"}],"summary":{"text":"경영 사무 업무를 지원하다 보면 업무와 무관한 일을 할 때도 많은 것 같습니다. 업무의 범위가 굉장히 넓다고 생각하며, 지원하기 힘든 일이 있으면 팀원들과 협의해서 결정하면 되기 때문에 저는 무리 없이 잘 수행해 낼 수 있다고 생각합니다.","wordCount":36}}},"rawDataInfo":{"question":{"fileFormat":"wav","fileSize":445518,"duration":13920,"samplingBit":16,"channelCount":1,"samplingRate":"16kHz","audioPath":"/Mock/01.Management/Female/Experienced/ckmk_q_bm_f_e_118843.wav"},"answer":{"fileFormat":"wav","fileSize":2649038,"duration":82780,"samplingBit":16,"channelCount":1,"samplingRate":"16kHz","audioPath":"/Mock/01.Management/Female/Experienced/ckmk_a_bm_f_e_118843.wav"}}}