{"version":"1.0","dataSet":{"info":{"date":"20230116","occupation":"BM","channel":"MOCK","place":"ONLINE","gender":"FEMALE","ageRange":"55-","experience":"EXPERIENCED"},"question":{"raw":{"text":"대학에서 학습한 지원자님의 전공 과목 중 가장 기억에 남는 과목을 한 가지만 골라 말씀해 주실 수 있나요","wordCount":17},"emotion":[],"intent":[]},"answer":{"raw":{"text":"어 대학교 다닐 때 지역 사회 연구론이라는 과목을 공부한 적 있어요. 그때 인제 책을 한 권을 다 읽었는데 어 생각 외로 지역사회 연구론이라는 책을 통해서 제가 많은 것을 배울 수 있었어요. 그까 지역사회에 대한 연구를 이런 식으로 하고 있구나. 아 우리가 그냥 우리가 살고 있는 그 이런 도시 개발이라든가 지역이라는 게 그냥 내가 살고 있는 동네를 아는 그런 수준이 아니구나. 그러면서 좀 깨달은 점이 많았고 음 그래서 지역상에 연구로란 이라는 가목을 정확하게 기억하고 있어요. 지역 사회 연구론. 어 너무 좋았던 기억이 있네요. 그래서 그 과목에 대해서 아직도 그 책을 버리지 않고 있어요. 그 책을 처음부터 끝까지 꾸준히 읽으면서 어 아 제가 한 번 이 지역사회 연구를 좀 한번 해보면 어떨까 어 요런 분야에서는 내가 좀 요렇게 잘 할 수 있을 것 같은데 라는 생각을 좀 하면서 배운 점이 많습니다.","wordCount":129},"emotion":[{"text":"어 대학교 다닐 때 지역 사회 연구론이라는 과목을 공부한 적 있어요.","expression":"u-fact","category":"neutral"}],"intent":[{"text":"어 대학교 다닐 때 지역 사회 연구론이라는 과목을 공부한 적 있어요.","expression":"c_private","category":"background"}],"summary":{"text":"대학 재학 시절 지역 사회 연구론을 공부하며 지역사회에 대한 연구를 접했습니다. 이를 통해 도시 개발과 지역이 동네를 아는 수준이 아니라는 것을 깨달았고, 지역상 연구로란이라는 과목을 기억합니다. 이 과목을 꾸준히 읽으며 지역사회 연구에 대해 배우고 있습니다.","wordCount":35}}},"rawDataInfo":{"question":{"fileFormat":"wav","fileSize":333518,"duration":10420,"samplingBit":16,"channelCount":1,"samplingRate":"16kHz","audioPath":"/Mock/01.Management/Female/Experienced/ckmk_q_bm_f_e_267509.wav"},"answer":{"fileFormat":"wav","fileSize":2226318,"duration":69570,"samplingBit":16,"channelCount":1,"samplingRate":"16kHz","audioPath":"/Mock/01.Management/Female/Experienced/ckmk_a_bm_f_e_267509.wav"}}}