{"version":"1.0","dataSet":{"info":{"date":"20230116","occupation":"BM","channel":"MOCK","place":"ONLINE","gender":"FEMALE","ageRange":"-34","experience":"EXPERIENCED"},"question":{"raw":{"text":"살면서 다양한 커뮤니케이션을 경험해 보았을 것입니다 그중에서 가장 어려웠던 경험 한 가지만 말씀해 주시겠어요","wordCount":14},"emotion":[],"intent":[]},"answer":{"raw":{"text":"네 살면서 다양한 커뮤니케이션을 경험해 봤는데요. 그중 가장 어려웠던 거는 외국인과의 소통이었습니다. 아무리 한국말을 잘한다고 해도 그쪽 사고와 우리의 사고가 달라서 약간 의아하고 이해가 안 되는 점이 있었는데요. 예를 들어서 저는 이제 중국에 계신 이 중국인 분이 약속 시간을 정했는데 그 약속시간에 대해서 아무런 말이 없어서 저는 취소가 된 줄 알고 있었어요. 그리고 실제로도 못 볼 수도 있다 라고 이야기를 해서요. 그런데 알고 보니 그 약속 시간이 취소가 되지 않아서 제가 다시 가야만 하는 가야만 한다기보다는 저를 데리러 저희 집으로 오신 그래서 너무 당황했던 경험이 생각이 납니다. 그래서 처음에는 어 이 사람은 약속 안 된다고 얘기해 놓고는 왜 또 된다고 하지 라고 생각을 했지만 또 어찌보면은 또 그런 문화의 차이라던지 사람의 생각은 다 다르니까요. 약간 한국인데도 어려울 텐데 이런 외국인이라는 요런 소통이 조금 안 돼서 그게 좀 어렵고 당황스러웠었다라고 말씀드릴 수 있을 것 같습니다. 후에는 따로 이야기를 해서 그런 문제는 잘 해결을 했고 그런 일은 또 다시는 없었습니다. 네","wordCount":149},"emotion":[],"intent":[{"text":"","expression":"","category":"attitude"}],"summary":{"text":" 가장 어려웠던 것은 외국인과의 소통입니다. 나라별로 사고가 달라서 약간 의아하고 이해가 안 되는 점이 있었는데 후에 따로 이야기를 해서 그런 문제는 잘 해결을 했습니다.","wordCount":24}}},"rawDataInfo":{"question":{"fileFormat":"wav","fileSize":321998,"duration":10060,"samplingBit":16,"channelCount":1,"samplingRate":"16kHz","audioPath":"/Mock/01.Management/Female/Experienced/ckmk_q_bm_f_e_166284.wav"},"answer":{"fileFormat":"wav","fileSize":2489038,"duration":77780,"samplingBit":16,"channelCount":1,"samplingRate":"16kHz","audioPath":"/Mock/01.Management/Female/Experienced/ckmk_a_bm_f_e_166284.wav"}}}