{"version":"1.0","dataSet":{"info":{"date":"20230116","occupation":"BM","channel":"MOCK","place":"ONLINE","gender":"FEMALE","ageRange":"35-44","experience":"EXPERIENCED"},"question":{"raw":{"text":"지원자님 성격에 어 장점과 단점에 대해서 어 각각 말씀해 주시고 구체적인 예시를 들어서 어 말씀해 주셔도 좋습니다","wordCount":17},"emotion":[],"intent":[]},"answer":{"raw":{"text":"저의 성격은 남을 배려하고 꼼꼼한 편입니다. 그렇기 때문에 친구와 여행을 가더라도 상대방의 니즈를 참고하여 꼼꼼하게 계획하고 플랜을 잡기 때문에 어느 친구와 가더라도 트러블 없이 여행을 마칩니다. 그리하여 저와 한 번 여행을 간 친구들은 계속해서 가고 싶어하는 편이기도 합니다. 하지만 나에 대한 집중보다는 조금 상대방을 먼저 생각하는 이러한 성격 때문에 나에 대한 줏대가 없는 것이 단점이기도 합니다. 여행을 가더라도 내가 조금 희생을 해야 다른 사람들이 편하기 때문에 조금 불편하더라도 싫더라도 양보하는 편입니다. 하지만 제가 그러한 성격을 친구들도 이제 이해하고 있기 때문에 결과론적으로는 다들 서로 배려하며 불편하지 않게 만드는 것을 보았습니다. 따라서 이것이 좀 단점이자 장점이 될 수도 있다고 생각해서 저는 이런 단점을 성격을 바꾸려곤 하지 않습니다.","wordCount":105},"emotion":[],"intent":[{"text":"저의 성격은 남을 배려하고 꼼꼼한 편입니다.","expression":"c_person","category":"background"},{"text":"하지만 나에 대한 집중보다는 조금 상대방을 먼저 생각하는 이러한 성격 때문에 나에 대한 줏대가 없는 것이 단점이기도 합니다.","expression":"c_person","category":"background"}],"summary":{"text":"저는 남을 배려하고 꼼꼼한 성격으로 친구와 여행을 가더라도 트러블 없이 여행을 마칩니다. 하지만 나에 대한 집중보다는 상대방을 먼저 생각하는 성격 때문에 조금 불편하더라도 싫더라도 양보하는 편이지만 이것이 단점이자 장점이 될 수도 있다고 생각해서 성격 바꾸려곤 하지 않습니다.","wordCount":37}}},"rawDataInfo":{"question":{"fileFormat":"wav","fileSize":541198,"duration":16910,"samplingBit":16,"channelCount":1,"samplingRate":"16kHz","audioPath":"/Mock/01.Management/Female/Experienced/ckmk_q_bm_f_e_246040.wav"},"answer":{"fileFormat":"wav","fileSize":1960398,"duration":61260,"samplingBit":16,"channelCount":1,"samplingRate":"16kHz","audioPath":"/Mock/01.Management/Female/Experienced/ckmk_a_bm_f_e_246040.wav"}}}