{"version":"1.0","dataSet":{"info":{"date":"20230116","occupation":"BM","channel":"MOCK","place":"ONLINE","gender":"FEMALE","ageRange":"-34","experience":"EXPERIENCED"},"question":{"raw":{"text":"입사 후 근무를 하면서 본인이 지원한 분야가 정작 지원자님과 잘 맞지 않는다는 사실을 깨닫게 되었습니다 그때 어떻게 대처할 생각인가요","wordCount":19},"emotion":[],"intent":[]},"answer":{"raw":{"text":"저는 일단 이 분야에서 계속해서 일을 해왔기 때문에 어 제가 입사를 한 이후에 같은 업무의 배정을 받으면 어 업무가 적성에 잘 맞지 않은 일은 발생하지 않을 것이라고 생각을 합니다. 어 다만 뭐 이 다른 부서에 간다던가 아니면 회사에서 원하는 거 말고 어 다른 일을 할 때 또 저 역시도 적성에 안 맞을 수는 있다고 생각을 합니다. 하지만 일단 뭐 적성에 안 맞는다는 건 저의 개인적인 사정이기 때문에 어 회사의 룰과 또 규칙에 맞춰서 업무를 조금 열심히 해보도록 노력을 할 거구요. 만약에 이제 그런데도 불구하고 계속해서 어 거기서 이제 제가 맞지 않는다고 생각하거나 이러면 회사에 적극적으로 건의를 드려서 다른 부서로 이동을 어 생각해 볼 수 있을 것 같습니다. 하지만 저도 이제 회사를 다녀봤지만 어 제가 원한다고 해서 다른 부서로 바로 갈 수 있는 게 아니기 때문에 일단은 제가 적응을 하게 될 것 같구요. 그리고 나서 이 팀원들 아니면 상사분들과 협의를 해서 업무에 대한 결정 방향을 어 네 선택할 수 있도록 하겠습니다. 하지만 얼마든지 뭐 상황이 바뀔 수 있는 그런 여지가 있다고 생각하기 때문에 일단은 회사의 업무에 충실하도록 하겠습니다.","wordCount":167},"emotion":[],"intent":[{"text":"","expression":"","category":"attitude"}],"summary":{"text":"저는 이 분야에서 계속해서 일을 해왔기 때문에 입사 이후 같은 업무의 배정을 받으면 적성에 잘 맞지 않은 일은 발생하지 않을 것이라고 생각합니다. 하지만 회사 룰과 규칙에 맞춰서 업무를 열심히 해보도록 노력하겠습니다. 그리고 이후에 팀원들 또는 상사분들과 협의를 해서 업무에 대한 결정 방향을 선택할 수 있도록 하겠습니다.","wordCount":46}}},"rawDataInfo":{"question":{"fileFormat":"wav","fileSize":427598,"duration":13360,"samplingBit":16,"channelCount":1,"samplingRate":"16kHz","audioPath":"/Mock/01.Management/Female/Experienced/ckmk_q_bm_f_e_153995.wav"},"answer":{"fileFormat":"wav","fileSize":2752718,"duration":86020,"samplingBit":16,"channelCount":1,"samplingRate":"16kHz","audioPath":"/Mock/01.Management/Female/Experienced/ckmk_a_bm_f_e_153995.wav"}}}