{"version":"1.0","dataSet":{"info":{"date":"20230116","occupation":"BM","channel":"MOCK","place":"ONLINE","gender":"FEMALE","ageRange":"45-54","experience":"EXPERIENCED"},"question":{"raw":{"text":"저희 회사에 지원자분께서 들어오시게 된다면 가장 가고 싶은 부서 그리고 왜 본인이 그렇게 생각하셨는지에 대해서 그 이유를 함께 이야기해 주신다면 좋을 것 같습니다","wordCount":23},"emotion":[],"intent":[]},"answer":{"raw":{"text":"어 저는 회사에 들어오게 되면 어 마케팅 중에서도 회사 브랜딩 마케팅을 하는 부서로 배치를 받고 싶은데요. 제품에 대한 마케팅이 아니라 회사에 대한 네임에 대한 브랜딩을 맡고 싶습니다. 저는 환경에 대한 관심도 많고 또 사회에 대한 관심도 많습니다. 앞으로 미리 환경에서 기업이 해야 할 역할에 대한 어 생각을 좀 많이 해 왔기 때문에 그런 것들을 좀 실행할 수 있는 마케팅 부서에 일을 하고 싶고요. 또 이런 환경 운동으로 인해서 어 기업의 이미지 가치가 굉장히 개선되고 고무된 어 사례도 굉장히 많습니다. 네 저의 그런 기본 지식들과 또 회사의 지원을 통해서 좀 저희 회사 브랜드 가치를 좀 높이는 그런 기여를 하고 싶습니다.","wordCount":99},"emotion":[],"intent":[{"text":"","expression":"","category":"attitude"}],"summary":{"text":"저는 환경에 대한 관심, 사회에 대한 관심이 많으므로 기업이 해야 할 역할을 실행할 수 있는 마케팅 부서에 일하고 싶습니다. 환경 운동으로 인해 기업의 이미지 가치가 개선되고 고무된 사례가 많기 때문에 회사 브랜드 가치를 높이는 기여를 하고 싶습니다.","wordCount":37}}},"rawDataInfo":{"question":{"fileFormat":"wav","fileSize":551758,"duration":17240,"samplingBit":16,"channelCount":1,"samplingRate":"16kHz","audioPath":"/Mock/01.Management/Female/Experienced/ckmk_q_bm_f_e_267246.wav"},"answer":{"fileFormat":"wav","fileSize":1774158,"duration":55440,"samplingBit":16,"channelCount":1,"samplingRate":"16kHz","audioPath":"/Mock/01.Management/Female/Experienced/ckmk_a_bm_f_e_267246.wav"}}}