{"version":"1.0","dataSet":{"info":{"date":"20230116","occupation":"BM","channel":"MOCK","place":"ONLINE","gender":"FEMALE","ageRange":"45-54","experience":"EXPERIENCED"},"question":{"raw":{"text":"업무시 분쟁이 발생할 때를 대비한 지원자님만의 대처법이 있나요 만약에 그 대처법이 있다면 무엇인지 궁금합니다 말씀해 주세요","wordCount":16},"emotion":[],"intent":[]},"answer":{"raw":{"text":"분쟁이요. 뭔가 계속 갈등 뭐 협업에 관한 아니면 뭐 분쟁 이런 걸 많이 물어보시네요. 대처법 근데 어 이거는 쪼끔 그런 협업 네 다양한 사람들과 함께하는 일을 오래 하다 보면 누구나 조금 그 감이 생기는 것 같아요. 그러니까 분쟁이 발생되기 전에 보이는 그 감이 있죠. 그까 사실 그것 그것도 마찬가지로 분쟁이라고 볼 수는 있겠지만 그게 이제 그 보여지는 그까 뭐 진원제의라고 할 수 있겠죠 그 사람을 주시하죠. 그리고 그 사람 먼저 관리에 들어가죠 케어 네. 뭐 좀 단둘이 더 이야기를 가지면서 어떤 부분으로 지금 이 사람이 뭔가 이렇게 부글부글 하면서 이렇게 기포가 이제 전체적인 거에서 보글보글 올라오는 게 보이는지 뭐가 문제지 뭐가 불만이 있지 이런 걸 이제 쪼끔씩 대화하면서 이끌어내고 그게 제가 조금 제 선에서 먼저 조정할 수 있는 부분이면 먼저 처리를 들어가서 그게 터지지 않게끔 하는 것도 꽤 있었습니다.","wordCount":129},"emotion":[],"intent":[{"text":"뭐 좀 단둘이 더 이야기를 가지면서 어떤 부분으로 지금 이 사람이   뭔가 이렇게 부글부글 하면서 이렇게 기포가 이제 전체적인 거에서 보글보글 올라오는 게 보이는지   뭐가 문제지 뭐가 불만이 있지 이런 걸 이제 쪼끔씩 대화하면서 이끌어내고 그게   제가 조금 제 선에서 먼저 조정할 수 있는 부분이면 먼저 처리를 들어가서 그게 터지지 않게끔   하는 것도 꽤 있었습니다.","expression":"c_confl_mg","category":"personality"}],"summary":{"text":"협업에 관한 분쟁에 대한 대처법은 다양한 사람들과 일을 오래하다 보면 누구나 그 감이 생기는 것 같습니다. 그 사람을 주시하고 그 사람을 먼저 관리합니다. 어떤 부분이 문제이고 불만이 있는지 대화하면서 이끌어내고 제가 먼저 조정할 수 있는 부분이면 먼저 처리를 합니다.","wordCount":39}}},"rawDataInfo":{"question":{"fileFormat":"wav","fileSize":485198,"duration":15160,"samplingBit":16,"channelCount":1,"samplingRate":"16kHz","audioPath":"/Mock/01.Management/Female/Experienced/ckmk_q_bm_f_e_177718.wav"},"answer":{"fileFormat":"wav","fileSize":2896078,"duration":90500,"samplingBit":16,"channelCount":1,"samplingRate":"16kHz","audioPath":"/Mock/01.Management/Female/Experienced/ckmk_a_bm_f_e_177718.wav"}}}