{"version":"1.0","dataSet":{"info":{"date":"20230116","occupation":"BM","channel":"MOCK","place":"ONLINE","gender":"FEMALE","ageRange":"35-44","experience":"EXPERIENCED"},"question":{"raw":{"text":"지원자님의 의견을 주장하실 때 강하게 주장하는 편이신가요 어떤 스타일로 본인의 의견을 주장하시는지 들어보고 싶습니다","wordCount":14},"emotion":[],"intent":[]},"answer":{"raw":{"text":"저는 저의 의견을 주장할 때 어떻게 하면 의견 전달을 정확하게 할 수 있을까 고민하는 스타일입니다. 보통 회의를 할 때 제 의견을 주장해야 하는 경우가 많은데요. 그럴 경우에는 회의 시작 전에 주장해야 할 내용을 문장으로 작성해 숙지하는 편입니다. 회의에 참석한 사람들 중에는 반대 의견을 가진 사람도 있기 마련인데요. 그에 따라서 평소에 생각을 피상적으로 말하면 반디에 반대에 부딪쳐 좌절하기가 쉽고 쉬울 거라고 생각합니다. 제 주장이 받아들여지게 하려면 회의 전에 주장할 내용을 분명한 문장으로 만들고 반론의 여지가 있는 부분에 대해서는 근거할 만한 자료나 세부 데이터를 준비해 두는 편입니다. 또한 복잡한 의견을 주장해야 할 경우에는 쉽고 간단하게 말하려고 노력합니다. 듣는 사람이 한 번 더 생각해 보아야 할 문장이나 용어를 사용하여 의견을 간략하게 전달하는 것이 중요하다고 생각합니다.","wordCount":112},"emotion":[],"intent":[{"text":"","expression":"","category":"attitude"}],"summary":{"text":"저는 제 의견을 주장할 때 어떻게 하면 의견 전달을 정확하게 할 수 있을까 고민하는 스타일입니다. 제 주장이 받아들여지게 하려면 주장할 내용을 분명한 문장으로 만들고 반론의 여지가 있는 부분은 근거할 만한 자료나 세부 데이터를 준비해 두는 편입니다.","wordCount":36}}},"rawDataInfo":{"question":{"fileFormat":"wav","fileSize":585678,"duration":18300,"samplingBit":16,"channelCount":1,"samplingRate":"16kHz","audioPath":"/Mock/01.Management/Female/Experienced/ckmk_q_bm_f_e_190925.wav"},"answer":{"fileFormat":"wav","fileSize":2293198,"duration":71660,"samplingBit":16,"channelCount":1,"samplingRate":"16kHz","audioPath":"/Mock/01.Management/Female/Experienced/ckmk_a_bm_f_e_190925.wav"}}}