{"version":"1.0","dataSet":{"info":{"date":"20230116","occupation":"BM","channel":"MOCK","place":"ONLINE","gender":"FEMALE","ageRange":"-34","experience":"EXPERIENCED"},"question":{"raw":{"text":"지원자께서 인생을 살아오면서 지금까지 이룬 성과 중에 가장 큰 성과는 무엇인가요 한 번 자랑해 주시기 부탁합니다","wordCount":16},"emotion":[],"intent":[]},"answer":{"raw":{"text":"어 이게 자랑이라면 자랑일 수 있는데 저는 제 친구들 제 또래에 비해서 일찍 결혼을 한 편이고 어 아이를 되게 일찍 낳았습니다. 대학에 가서 얼마 안 있고였으니까. 근데 그때는 막상 제가 아이를 낳겠다고 결심했을 때는 후회가 없었거든요. 어 뭐 누구나 결혼하는 거는 성인이 되면 할 거라고 상상을 했었고 나는 그때가 지금 왔다 라고 생각했는데 막상 그런 출산 때가 다가오니깐 좀 감정이 많이 복잡하더라구요. 친구들은 지금 한창 캠퍼스 생활을 즐기고 있고 뭐 남자친구랑 연애도 하고 뭐 헤어지기도 하고 뭐 소개팅도 하고 뭐 엠티도 가고 이러고 있는데 왜 나는 지금 이 방 안에 이러고 있지 라는 생각을 되게 많이 해서 우울감도 많았었는데 또 아이를 키우면서 그게 행복감으로 많이 극복이 되긴 했어요 아이가 워낙 또 예뻤고. 그리고 나서 이제 제가 남들보다는 좀 사회생활을 늦게 시작하게 되긴 했지만 학교도 늦게 마치고 근데 많이 여유로운 마음을 가지게 되더라구요. 그래서 그게 제일 큰 성과가 아닐까 라고 생각합니다.","wordCount":140},"emotion":[],"intent":[{"text":"어 이게 자랑이라면 자랑일 수 있는데 저는   제 친구들 제 또래에 비해서 일찍 결혼을 한 편이고 어 아이를 되게 일찍 낳았습니다.","expression":"c_private","category":"background"},{"text":"그리고 나서 이제 제가 남들보다는 좀 사회생활을 늦게 시작하게 되긴 했지만 학교도 늦게 마치고   근데 많이 여유로운 마음을 가지게 되더라구요.","expression":"c_private","category":"background"}],"summary":{"text":"저는 제 또래에 비해서 일찍 결혼을 한 편이고 아이를 많이 낳았는데 막상 출산 때가 되니 감정이 많이 복잡해졌습니다. 아이를 키우면서 행복감으로 많이 극복이 되었고, 사회생활을 늦게 시작하게 되었지만 학교도 늦게 마치고 많이 여유로운 마음을 가지게 되었습니다. 그것이 가장 큰 성과라고 생각합니다.","wordCount":41}}},"rawDataInfo":{"question":{"fileFormat":"wav","fileSize":431758,"duration":13490,"samplingBit":16,"channelCount":1,"samplingRate":"16kHz","audioPath":"/Mock/01.Management/Female/Experienced/ckmk_q_bm_f_e_149253.wav"},"answer":{"fileFormat":"wav","fileSize":2832078,"duration":88500,"samplingBit":16,"channelCount":1,"samplingRate":"16kHz","audioPath":"/Mock/01.Management/Female/Experienced/ckmk_a_bm_f_e_149253.wav"}}}