{"version":"1.0","dataSet":{"info":{"date":"20230116","occupation":"BM","channel":"MOCK","place":"ONLINE","gender":"FEMALE","ageRange":"-34","experience":"EXPERIENCED"},"question":{"raw":{"text":"본인이 하고 싶은 업무가 있다면 어떤 것인가요","wordCount":7},"emotion":[],"intent":[]},"answer":{"raw":{"text":"저는 지금 제가 지원한 이 업무 외에는 사실 희망하는 업무는 따로 없습니다. 어쨌든 이게 중심이 되는 일이고 제가 지원한 일 외에 이 업무가 아 제가 지원한 일 외에 어떤 업무가 있는지 파악이 안 됐고 사실은 이 업무가 중심이기 때문에 다른 업무가 있을 거라고 생각은 잘 안 하고 있어서 딱히 제가 하고 싶어하는 업무는 지금 지원한 일 외에는 없습니다.","wordCount":58},"emotion":[],"intent":[{"text":"","expression":"","category":"attitude"}],"summary":{"text":"저는 지원한 이 업무 외에 희망 업무가 따로 없고 이 업무가 중심이기 때문에 하고 싶어하는 업무는 지원한 일 외에는 없습니다.","wordCount":20}}},"rawDataInfo":{"question":{"fileFormat":"wav","fileSize":215438,"duration":6730,"samplingBit":16,"channelCount":1,"samplingRate":"16kHz","audioPath":"/Mock/01.Management/Female/Experienced/ckmk_q_bm_f_e_102981.wav"},"answer":{"fileFormat":"wav","fileSize":1141838,"duration":35680,"samplingBit":16,"channelCount":1,"samplingRate":"16kHz","audioPath":"/Mock/01.Management/Female/Experienced/ckmk_a_bm_f_e_102981.wav"}}}