{"version":"1.0","dataSet":{"info":{"date":"20230116","occupation":"BM","channel":"MOCK","place":"ONLINE","gender":"FEMALE","ageRange":"-34","experience":"EXPERIENCED"},"question":{"raw":{"text":"지금부터 삼 년 안에 내 주요 성장 계획이나 목표가 있으시다면 말씀해 주세요","wordCount":12},"emotion":[],"intent":[]},"answer":{"raw":{"text":"네 목표가 있다고 한다면 우선은 건강해지는 건데요. 이렇게 얘기하면 사람들이 어 지금 이 사람이 건강하지 않나 라고 느낄 수 있는데 여기에서 건강한 운동을 의미합니다. 예전에는 무작정 살이 빼는 거에 치중을 했다면 지금은 어느정도 사람이 살아가는 정도의 사람이 살아가는 정도라기보다는 사람이 살면서 내가 조금 체력적으로 안정적이다 라고 느낄 정도의 운동을 제가 건강으로 말씀드린 거고요. 네 저는 건강합니다. 그래서 저의 목표가 있다면 뭐 근육량을 한 이 키로 정도 키우는 이렇게 잡아왔는데요. 남들이 봤을 때 이 키로라고 하면 정말 뭐 이 삼 년에 별거 아니다 라고 느낄 수 있는데 우리가 많은 약속들이 있고 그리고 이것을 늘린다고 해도 유지되는 게 굉장히 어렵다고 생각을 합니다. 그래서 저는 일단 이 키로를 이수한 다음에 또 이 키로 이 키로 이 이런 식으로 발전해 나가는 어찌보면 계단 형식을 선택했거든요. 그래서 그런 식으로 이 킬로씩 근육을 키워나가는 것 근손실이 없도록 유지하는 것에 초점을 맞췄습니다. 네 그것이 저의 목표입니다.","wordCount":139},"emotion":[],"intent":[{"text":"","expression":"","category":"attitude"}],"summary":{"text":"저는 사람이 살면서 조금 체력적으로 안정적이다 라고 느낄 정도의 운동을 목표로 하고 있습니다. 그래서 저는 일단 이 키로를 이수한 다음에 또 이 키로 이 이렇게 발전해 나가는 계단 형식을 선택하였습니다. 그래서 그런 식으로 이 킬로씩 근육을 키워나가는 것 근손실이 없도록 유지하는 것에 초점을 맞췄습니다.","wordCount":44}}},"rawDataInfo":{"question":{"fileFormat":"wav","fileSize":473678,"duration":14800,"samplingBit":16,"channelCount":1,"samplingRate":"16kHz","audioPath":"/Mock/01.Management/Female/Experienced/ckmk_q_bm_f_e_166600.wav"},"answer":{"fileFormat":"wav","fileSize":2322638,"duration":72580,"samplingBit":16,"channelCount":1,"samplingRate":"16kHz","audioPath":"/Mock/01.Management/Female/Experienced/ckmk_a_bm_f_e_166600.wav"}}}