{"version":"1.0","dataSet":{"info":{"date":"20230116","occupation":"BM","channel":"MOCK","place":"ONLINE","gender":"FEMALE","ageRange":"55-","experience":"EXPERIENCED"},"question":{"raw":{"text":"만약 지원자님께서 게임 속 캐릭터라면 어떤 게임에서 어떤 역할을 맡아서 수행을 해보고 싶으신가요 답변 부탁드릴게요","wordCount":15},"emotion":[],"intent":[]},"answer":{"raw":{"text":"네 저 같은 경우에는 사람을 도울 수 있는 일을 굉장히 좋아하는데요. 그래서 단순히 힘이 굉장히 세서 다른 사람을 공격해서 이기기만 하는 캐릭터보다는 여러 사람들과 함께 돕고 또 시너지 효과를 낼 수 있는 그런 캐릭터가 제가 좋아하는 캐릭터일 것 같습니다. 그래서 기회가 된다 라면은 저는 단순히 힘이 센 캐릭터가 아니라 내가 백업 역할을 할 수 있는 그런 캐릭터가 무엇일지 나의 포지션은 어떻게 진행을 해야 될지 그 부분에 대해서 고민해 볼 것 같습니다.","wordCount":71},"emotion":[],"intent":[{"text":"","expression":"","category":"attitude"}],"summary":{"text":"사람들을 돕고 시너지 효과를 내는 캐릭터가 제가 좋아하는 캐릭터입니다. 기회가 된다면 백업 역할의 캐릭터와 저의 포지션 진행에 대해 고민해봐야 할 것 같습니다.","wordCount":22}}},"rawDataInfo":{"question":{"fileFormat":"wav","fileSize":481038,"duration":15030,"samplingBit":16,"channelCount":1,"samplingRate":"16kHz","audioPath":"/Mock/01.Management/Female/Experienced/ckmk_q_bm_f_e_243988.wav"},"answer":{"fileFormat":"wav","fileSize":2029518,"duration":63420,"samplingBit":16,"channelCount":1,"samplingRate":"16kHz","audioPath":"/Mock/01.Management/Female/Experienced/ckmk_a_bm_f_e_243988.wav"}}}