{"version":"1.0","dataSet":{"info":{"date":"20230116","occupation":"BM","channel":"MOCK","place":"ONLINE","gender":"FEMALE","ageRange":"35-44","experience":"EXPERIENCED"},"question":{"raw":{"text":"어떤 문제에 부딪쳤을 때 혼자 해결하는 편이신가요 아니면 여러 사람들에게 이야기를 하면서 해결하는 편이신지 솔직한 답변 부탁드립니다","wordCount":17},"emotion":[],"intent":[]},"answer":{"raw":{"text":"어려운 문제에 부딪쳤을 때 혼자 해결하는 편인지 아니면 여러 사람의 이야기를 또 해서 해결하는 편인지에 대해서 답변하도록 하겠습니다. 어 어려운 문제에 부딪쳤을 때 어 처음에는 그 상황이 어떤 상황인지에 대해서 제 스스로가 잘 이해하려고 노력을 하고 또 해결해야 할 방향성에 대해서 이해할 수 있게끔 먼저 노력을 하는 편입니다. 그렇지만 이 과 이 문제 자체가 혼자서는 해결하기 어렵다 라는 분명한 판단이 들 때에는 어 제게 도움을 줄 수 있는 사람들을 정확하게 찾아야 하고 또 그런 사람들을 찾아서 어 상황을 분명하게 이해시키고 그것과 관련하여 필요한 그런 문제 해결 방법에 대한 조언을 구하거나 또 함께 해결할 수 있는 그런 아이디어를 찾는 것이 저희 문제 해결 방법이라고 생각을 합니다. 그리고 어 저는 어 이런 문제에 부딪쳤을 때 제 스스로가 같이 리더십이 있는데요. 어 그 리더십을 사용해서 또 어 관련자들을 또 독려하고 그 목표를 향해서 그 목표를 달성하도록 하는 그런 리더십이 있다고 생각하기 때문에 혼자 뿐만 아니라 다른 사람들의 또 이야기를 듣고 함께 해결하는 편이라고 생각합니다.","wordCount":151},"emotion":[],"intent":[{"text":"어 그 리더십을 사용해서 또 어 관련자들을 또 독려하고 그 목표를 향해서 그 목표를 달성하도록 하는 그런 리더십이 있다고 생각하기 때문에 혼자 뿐만 아니라 다른 사람들의 또 이야기를 듣고 함께 해결하는 편이라고 생각합니다.","expression":"c_cop","category":"personality"}],"summary":{"text":"어려운 문제에 부딪쳤을 때 처음에는 제 스스로가 이해를 하려고 노력을 하는 편이지만, 혼자서는 해결하기 어렵다 라는 판단이 들 때에는 제게 도움을 줄 수 있는 사람들을 정확하게 찾고 문제 해결 방법에 대한 조언을 구하거나 함께 해결할 수 있는 아이디어를 찾는 것이 문제 해결 방법이라고 생각합니다.","wordCount":44}}},"rawDataInfo":{"question":{"fileFormat":"wav","fileSize":621198,"duration":19410,"samplingBit":16,"channelCount":1,"samplingRate":"16kHz","audioPath":"/Mock/01.Management/Female/Experienced/ckmk_q_bm_f_e_207879.wav"},"answer":{"fileFormat":"wav","fileSize":2857038,"duration":89280,"samplingBit":16,"channelCount":1,"samplingRate":"16kHz","audioPath":"/Mock/01.Management/Female/Experienced/ckmk_a_bm_f_e_207879.wav"}}}