{"version":"1.0","dataSet":{"info":{"date":"20230116","occupation":"BM","channel":"MOCK","place":"ONLINE","gender":"FEMALE","ageRange":"-34","experience":"EXPERIENCED"},"question":{"raw":{"text":"입사 후에 근무를 하면서 정작 지원한 분야가 본인과는 잘 맞지 않는 사실을 깨닫게 되었습니다 이때 어떻게 대처하실 건가요","wordCount":18},"emotion":[],"intent":[]},"answer":{"raw":{"text":"저와 잘 맞지 않는다고 하면은 우선은 제가 할 수 있는 부분에서는 최선을 다 할 거 같습니다. 예를 들어서 저랑 전혀 다른 업무라고 하면은 말씀을 드릴 것 같기는 한데요. 예를 들어서 저는 기계적인 쪽으로는 아무 것도 모르는데 기계적인 걸로 배치가 됐다 그래서 맞지 않는다 라고 하면은 솔직하게 이야기를 할 것 같습니다. 나는 에이로 지원을 했는데 아예 나를 비에 있다. 나는 이 비에 대해서 아무 것도 모른다 라고요. 왜냐하면 괜히 내가 아예 모르는 것을 가지고 있다가 결국 결과물이 안 좋은 적이 예전에 있었습니다. 한 십 대 때 그런 과제 결과물이 안 좋았던 적이 있었고요. 차라리 내가 모르는 것을 다른 누군가 조금은 더 아는 사람이 하는 게 낫지 않나 라는 생각이 있고요. 하지만 내가 지원한 분야랑 크게 벗어나지 않는다 매 매나 비슷한 느낌이다 라고 하면은 저는 그 쪽에 맞춰서 일을 할 것 같습니다. 아까 말했듯이 그런 극단적으로 내가 아예 할 줄 모르는 분야가 아니면요. 네","wordCount":142},"emotion":[],"intent":[{"text":"","expression":"","category":"attitude"}],"summary":{"text":"아무것도 모르는 곳에 배치가 됐다면 솔직하게 모르는 상태인 것을 말씀드릴 것 같습니다. 하지만 제가 지원한 분야랑 크게 벗어나지 않는 분야라고 한다면 그 쪽에 맞춰서 일을 할 것 같습니다. ","wordCount":28}}},"rawDataInfo":{"question":{"fileFormat":"wav","fileSize":391118,"duration":12220,"samplingBit":16,"channelCount":1,"samplingRate":"16kHz","audioPath":"/Mock/01.Management/Female/Experienced/ckmk_q_bm_f_e_166373.wav"},"answer":{"fileFormat":"wav","fileSize":2092878,"duration":65400,"samplingBit":16,"channelCount":1,"samplingRate":"16kHz","audioPath":"/Mock/01.Management/Female/Experienced/ckmk_a_bm_f_e_166373.wav"}}}