{"version":"1.0","dataSet":{"info":{"date":"20230116","occupation":"BM","channel":"MOCK","place":"ONLINE","gender":"FEMALE","ageRange":"35-44","experience":"EXPERIENCED"},"question":{"raw":{"text":"지원자님은 휴식을 취할 때 주로 어떤 일들을 하시나요 또한 왜 그 일을 하시는지 이유도 함께 말씀 부탁드립니다","wordCount":17},"emotion":[],"intent":[]},"answer":{"raw":{"text":"저는 휴식을 취할 때도 사실 무언가를 쪼끔 하는 편인 것 같습니다. 책을 읽는다던가 아니면 운동을 하면서 휴식을 취하기도 하고요. 어 아니면은 주변에 있는 산책을 가거나 아니면 쇼핑몰에 가서 영감을 받고 뭐 이런 행동들을 하고 있습니다. 어 저도 이제 직장을 다니면서 휴식을 취하기 위해서 여러 가지 방법들을 했는데 제가 무조건적으로 그냥 쉬다 보니까 오히려 더 게을러지고 또 몸이 더 의욕이 떨어지는 그런 상황이 있었고요. 그리고 집에서 그냥 그렇게 이렇게 휴식을 쭉 취하는 시간이 저한테 어느 정도 지나면 다시 또 의욕적으로 뭔가 해보고 싶은 그런 욕구가 많이 들었고요. 어 제 건강과 몸을 위해서 휴식하는 건 좋지만 시간 낭비를 한다는 개념을 제가 별로 좋아하지 않기 때문에 그런 시간을 최대한 없애고 아니면 다른 시간을 조금 더 효율적으로 사용하기 위해서 노력을 하고 있습니다. 그래서 저는 뭐 쉴 때도 계속해서 제가 뭐 발전할 수 있는 방향들을 생각을 한다던가 아니면 쪼끔 더 휴식을 취할 때도 의미있게 시간을 보낼려고 노력을 하고 있습니다. 그래서 기본적으로 좀 시간들을 알차게 보내기 위해서 노력하는 사람이라고 말씀을 드리고 싶습니다.","wordCount":156},"emotion":[],"intent":[{"text":"","expression":"","category":"attitude"}],"summary":{"text":"저는 무조건적으로 휴식을 취하다 보니 오히려 더 게을러지고 몸이 의욕이 떨어지는 상황이 있었고, 휴식하는 시간이 어느 정도 지나면 다시 의욕적으로 무언가 해보고 싶은 욕구가 많이 들었습니다. 그래서 저는 기본적으로 좀 시간들을 알차게 보내기 위해서 노력하는 사람이라고 말씀을 드리고 싶습니다.","wordCount":39}}},"rawDataInfo":{"question":{"fileFormat":"wav","fileSize":497678,"duration":15550,"samplingBit":16,"channelCount":1,"samplingRate":"16kHz","audioPath":"/Mock/01.Management/Female/Experienced/ckmk_q_bm_f_e_175876.wav"},"answer":{"fileFormat":"wav","fileSize":2753998,"duration":86060,"samplingBit":16,"channelCount":1,"samplingRate":"16kHz","audioPath":"/Mock/01.Management/Female/Experienced/ckmk_a_bm_f_e_175876.wav"}}}