{"version":"1.0","dataSet":{"info":{"date":"20230116","occupation":"BM","channel":"MOCK","place":"ONLINE","gender":"FEMALE","ageRange":"45-54","experience":"EXPERIENCED"},"question":{"raw":{"text":"지원자분 면접에 오시느라 수고 많으셨습니다 질문 드리겠습니다 지원자께서 다룰 수 있는 프로그램은 무엇이 있는지 말씀해 주시고 또 어느 수준으로 사용할 수 있는지도 말씀해 주시면 감사하겠습니다","wordCount":25},"emotion":[],"intent":[]},"answer":{"raw":{"text":"제가 지원한 직무에 서는 엠에스 오피스와 에스큐엘 그리고 한글 프로그램들을 잘 활용해야 한다 라고 들었습니다. 그래서 저는 대학교 시절부터 엑셀를 잘 다루기 위해서 해당 자격증도 따 보고 직접 실무에 적용되게끔 많은 연습들을 해 왔었습니다. 그리고 제 포트폴리오를 보시면 알겠지만 저는 간단한 수준의 에스큐엘 프로그램과 코딩 작업도 가능하기 때문에 현재 직무를 진행하는데 전혀 무리가 없다 라고 말씀드리고 싶습니다.","wordCount":57},"emotion":[],"intent":[{"text":"","expression":"","category":"attitude"}],"summary":{"text":"엑셀을 잘 다루기 위해 자격증도 따고 직접 실무에 적용되게끔 연습해 왔습니다. 간단한 수준의 에스큐엘 프로그램과 코딩 작업도 가능하기 때문에 현재 직무 진행에 무리가 없습니다.","wordCount":24}}},"rawDataInfo":{"question":{"fileFormat":"wav","fileSize":585358,"duration":18290,"samplingBit":16,"channelCount":1,"samplingRate":"16kHz","audioPath":"/Mock/01.Management/Female/Experienced/ckmk_q_bm_f_e_268888.wav"},"answer":{"fileFormat":"wav","fileSize":2369358,"duration":74040,"samplingBit":16,"channelCount":1,"samplingRate":"16kHz","audioPath":"/Mock/01.Management/Female/Experienced/ckmk_a_bm_f_e_268888.wav"}}}