{"version":"1.0","dataSet":{"info":{"date":"20230116","occupation":"BM","channel":"MOCK","place":"ONLINE","gender":"FEMALE","ageRange":"45-54","experience":"EXPERIENCED"},"question":{"raw":{"text":"팀 프로젝트 중간에 해당 분야 전문가인 팀원이 빠져 중단될 위기에 있다면 면접자님은 어떻게 하시겠습니까","wordCount":14},"emotion":[],"intent":[]},"answer":{"raw":{"text":"팀 프로젝트 중간에 전문가인 팀원이 빠지는 것은 프로젝트의 정말 중요한 문제가 될 수 있는데요. 이럴 경우 저는 그 팀원을 설득하는 방향을 먼저 선택하겠습니다. 팀원이 프로젝트에서 빠질 때는 그만한 이유가 또는 갈등 상황이 있어서 그럴 수도 있는데요. 그럴 경우 이 팀원이 가지는 생각이 무엇인지 무엇 때문에 프로젝트에서 빠지게 되는지 우선 알아보고 그 불편함이 있다면 그것의 원인을 제거하는 방향으로 위기를 모면해 나가겠습니다.","wordCount":60},"emotion":[],"intent":[{"text":"","expression":"","category":"attitude"}],"summary":{"text":"프로젝트에서 팀원이 빠질 경우 팀원이 가지는 생각이 무엇인지, 왜 프로젝트에서 빠지게 되는지 알아보고 불편함이 있다면 그 원인을 제거하는 방향으로 위기를 모면해 나가겠습니다.","wordCount":22}}},"rawDataInfo":{"question":{"fileFormat":"wav","fileSize":403278,"duration":12600,"samplingBit":16,"channelCount":1,"samplingRate":"16kHz","audioPath":"/Mock/01.Management/Female/Experienced/ckmk_q_bm_f_e_258133.wav"},"answer":{"fileFormat":"wav","fileSize":1421518,"duration":44420,"samplingBit":16,"channelCount":1,"samplingRate":"16kHz","audioPath":"/Mock/01.Management/Female/Experienced/ckmk_a_bm_f_e_258133.wav"}}}