{"version":"1.0","dataSet":{"info":{"date":"20230116","occupation":"BM","channel":"MOCK","place":"ONLINE","gender":"FEMALE","ageRange":"-34","experience":"EXPERIENCED"},"question":{"raw":{"text":"지원자님만의 스트레스 해소 방법이 있나요 있다면 그것은 무엇이고 왜 지원자님은 그 방법으로 스트레스를 해소하는지 말씀해 주세요","wordCount":16},"emotion":[],"intent":[]},"answer":{"raw":{"text":"저희 스트레스 해소 방법은 고양이와 노는 것입니다. 바라만 봐도 좋고 사랑스럽고 행복하고 충만감이 느껴지는 것이 있다면 그것이 제게 있어서는 고양이입니다. 저는 고양이와 함께 있을 때 뿐만이 아니라 고양이 사진을 보거나 동영상을 보거나 단순히 그런 것들을 보는 것만으로도 행복감을 느끼기 때문에 저에게 있어서 스트레스 해소법은 고양이를 보는 것입니다. 감사합니다.","wordCount":48},"emotion":[{"text":"저는 고양이와 함께 있을 때 뿐만이 아니라 고양이 사진을 보거나 동영상을 보거나   단순히 그런 것들을 보는 것만으로도 행복감을 느끼기 때문에 저에게 있어서 스트레스 해소법은 고양이를 보는 것입니다.","expression":"p-happiness","category":"positive"}],"intent":[{"text":"","expression":"","category":"attitude"}],"summary":{"text":"스트레스 해소법은 고양이와 노는 것입니다. 사진을 보거나 동영상을 보거나 그런 것들을 보는 것만으로도 행복감을 느끼기 때문에 스트레스를 풀수있는 방법은 고양이를 보는 것입니다.","wordCount":22}}},"rawDataInfo":{"question":{"fileFormat":"wav","fileSize":579918,"duration":18120,"samplingBit":16,"channelCount":1,"samplingRate":"16kHz","audioPath":"/Mock/01.Management/Female/Experienced/ckmk_q_bm_f_e_178348.wav"},"answer":{"fileFormat":"wav","fileSize":1104718,"duration":34520,"samplingBit":16,"channelCount":1,"samplingRate":"16kHz","audioPath":"/Mock/01.Management/Female/Experienced/ckmk_a_bm_f_e_178348.wav"}}}