{"version":"1.0","dataSet":{"info":{"date":"20230116","occupation":"BM","channel":"MOCK","place":"ONLINE","gender":"FEMALE","ageRange":"35-44","experience":"EXPERIENCED"},"question":{"raw":{"text":"지원자님께서 최근 해 본 뉴스들 가운데 가장 인상 깊었던 뉴스는 무엇인가요 지원자님이 무엇인지 이유도 함께 설명과 말씀 부탁드립니다","wordCount":18},"emotion":[],"intent":[]},"answer":{"raw":{"text":"저 같은 경우에는 택시 플랫폼 규제에 대한 뉴스를 최근에 보았던 경험이 있습니다. 최근에 저 역시도 심야 택시 대란을 겪었던 그런 사람 중의 한 명인데요. 십 분 넘게 어 추가 요금을 불렀는데도 불구하고 택시가 도착하지 않아서 저 역시도 굉장히 곤란했었습니다. 한 차로는 십 분 정도 거리였지만 걸어가면 삼십 분 되는 거리였기 때문에 저는 선택의 여지가 택시 밖에 없었긴 했는데요. 그냥 심야 택시도 비싸지만 추가 요금까지 불렀는데도 불구하고 택시가 도착하지 않는 모습을 보면서 해외처럼 우버가 있었다라면 이렇게까지 많은 유저들이 불편을 겪지는 않았을 텐데 라는 그런 생각들을 했었습니다. 그래서 조금 안타까운 생각들이 들었고 우리나라가 운송 수단에 대해서는 플랫폼 규제가 굉장히 까다롭기 때문에 기술의 발전과 함께 이런 부분들이 좀 완화되면은 모든 사람들에게 더 이로운 서비스를 제공하지 제공할 수 있는 기회가 되지 않을까 라는 생각들을 했었습니다.","wordCount":121},"emotion":[],"intent":[{"text":"","expression":"","category":"attitude"}],"summary":{"text":"택시 플랫폼 규제에 대한 뉴스를 본 적이 있습니다. 심야 택시도 비싸지만 추가 요금까지 불렀음에도 택시가 도착하지 않는 모습을 보면서 우버가 있었다면 많은 불편을 겪지는 않았을 텐데 라는 생각을 했습니다. 플랫폼 규제가 완화되면 모든 사람들에게 더 이로운 서비스를 제공할 수 있는 기회가 되지 않을까 생각했습니다.","wordCount":44}}},"rawDataInfo":{"question":{"fileFormat":"wav","fileSize":396878,"duration":12400,"samplingBit":16,"channelCount":1,"samplingRate":"16kHz","audioPath":"/Mock/01.Management/Female/Experienced/ckmk_q_bm_f_e_209691.wav"},"answer":{"fileFormat":"wav","fileSize":2541518,"duration":79420,"samplingBit":16,"channelCount":1,"samplingRate":"16kHz","audioPath":"/Mock/01.Management/Female/Experienced/ckmk_a_bm_f_e_209691.wav"}}}