{"version":"1.0","dataSet":{"info":{"date":"20230116","occupation":"BM","channel":"MOCK","place":"ONLINE","gender":"FEMALE","ageRange":"35-44","experience":"EXPERIENCED"},"question":{"raw":{"text":"창의성과 팀워크 중에서 더 중요한 것은 무엇이라고 생각하시나요 그렇게 생각하시는 근거도 함께 들어서 구체적으로 말씀해 주세요","wordCount":16},"emotion":[],"intent":[]},"answer":{"raw":{"text":"창의성이 사실 요즘 많은 기업들에서 선호하는 인재상이라는 것에 대해서는 저도 굉장히 큰 공감을 하고 있습니다. 다만 제가 실제로 업무를 하는 입장에서는 음 굉장히 유니크한 그런 창의성을 가지고 있는 사람보다는 팀에 잘 융화될 수 있는 그렇게 모나지 않은 사람이 더 도움이 되는 것 같습니다. 유능한 사람을 함께 동료로서 근무하는 그런 자부심도 있겠지만 실제로 어 조직이 커짐에 따라서 함께하는 멤버즈 멤버들이 커질 때는 팁워크가 정말 큰 요소라고 생각합니다. 우리가 한 팀이 우리가 한 팀이다 라는 원 팀 이런 생각들이 있을 때 저희는 더 큰 시너지 효과를 낼 수 있고 어 타인의 일이 내일이라는 주인의식을 가지고 오히려 더 행동할 수 있는 그런 기회들이 많기 때문에 저 같은 경우에는 팀워크를 업무하는 데 있어서 가장 중요하게 생각하는 그런 큰 요소라고 생각합니다.","wordCount":116},"emotion":[],"intent":[{"text":"","expression":"","category":"attitude"}],"summary":{"text":"창의성이 요즘 기업에서 선호하는 인재상이지만 실제로 업무를 하는 입장에서는 굉장히 유니크한 창의성을 가지고 있는 사람보다는 팀에 잘 융화될 수 있는 그렇게 모나지 않은 사람이 더 도움이 되는 것 같습니다.","wordCount":29}}},"rawDataInfo":{"question":{"fileFormat":"wav","fileSize":600078,"duration":18750,"samplingBit":16,"channelCount":1,"samplingRate":"16kHz","audioPath":"/Mock/01.Management/Female/Experienced/ckmk_q_bm_f_e_195852.wav"},"answer":{"fileFormat":"wav","fileSize":2412878,"duration":75400,"samplingBit":16,"channelCount":1,"samplingRate":"16kHz","audioPath":"/Mock/01.Management/Female/Experienced/ckmk_a_bm_f_e_195852.wav"}}}