{"version":"1.0","dataSet":{"info":{"date":"20230116","occupation":"BM","channel":"MOCK","place":"ONLINE","gender":"FEMALE","ageRange":"-34","experience":"EXPERIENCED"},"question":{"raw":{"text":"당신은 앞으로의 계획과 목표가 무엇인가요 지금부터 삼 년 뒤까지 삼 년 내 주요 성장 계획이나 목표가 있으십니까 있다면 그것은 무엇인지 상세하게 말씀해 주십시오","wordCount":23},"emotion":[],"intent":[]},"answer":{"raw":{"text":"네 저는 삼 년 뒤에 제 이 외국어를 어느 정도 대화가 가능할 정도로 하고 싶다 라는 목표가 있고요. 그래서 많지는 않지만 그냥 하루에 단어 열 개 배우기 그리고 주말에는 자막 없이 뭐 드라마 보기 이런 식으로 따로 공부를 하고 있는 편입니다. 아무래도 글로벌 사회인 만큼 그리고 우리가 얼마나 다양한 회사를 만날지 모르잖아요. 거기에서는 어느 정도의 제가 무기라고 얘기하면 어떨까요 네 무기를 하나 가지고 있는 것은 도움이 되지 않을까 라는 생각이 듭니다. 그래서 그 무기를 저는 외국어로 선택을 했고 이것을 제가 완벽하게 구사할 수 있다면 저 개인적인 성장 뿐만 아니라 이 회사에도 굉장히 도움이 되는 인재가 아닐까 라는 생각이 듭니다. 그래서 저는 삼 년 내에는 외국어 하나를 일반적으로 어느 정도 소통할 수 있을 정도로는 마스터 하자 라고 목표를 세웠습니다.","wordCount":118},"emotion":[],"intent":[{"text":"네 저는 삼 년 뒤에 제 이 외국어를 어느 정도 대화가 가능할 정도로 하고 싶다 라는 목표가 있고요.","expression":"c_chl","category":"personality"},{"text":"그래서 많지는 않지만   그냥 하루에 단어 열 개 배우기 그리고 주말에는 자막 없이 뭐 드라마 보기 이런 식으로 따로 공부를 하고 있는 편입니다.","expression":"c_imp","category":"personality"},{"text":"그래서 저는   삼 년 내에는 외국어 하나를 일반적으로 어느 정도 소통할 수 있을 정도로는   마스터 하자 라고 목표를 세웠습니다.","expression":"c_chl","category":"personality"}],"summary":{"text":"글로벌 사회인 만큼 글로벌 사회에서 저는 외국어를 어느 정도 소통할 수 있을 정도로 마스터 하겠다는 목표로 삼았습니다. 글로벌 사회에서 외국어는 저 개인적 성장뿐만 아니라 회사에도 큰 도움이 되는 인재상이 될 수 있기 때문입니다.","wordCount":33}}},"rawDataInfo":{"question":{"fileFormat":"wav","fileSize":653518,"duration":20420,"samplingBit":16,"channelCount":1,"samplingRate":"16kHz","audioPath":"/Mock/01.Management/Female/Experienced/ckmk_q_bm_f_e_165993.wav"},"answer":{"fileFormat":"wav","fileSize":1966798,"duration":61460,"samplingBit":16,"channelCount":1,"samplingRate":"16kHz","audioPath":"/Mock/01.Management/Female/Experienced/ckmk_a_bm_f_e_165993.wav"}}}