{"version":"1.0","dataSet":{"info":{"date":"20230116","occupation":"BM","channel":"MOCK","place":"ONLINE","gender":"FEMALE","ageRange":"55-","experience":"EXPERIENCED"},"question":{"raw":{"text":"만약 본인이 지금 지원한 업무가 아니라 다른 부서에 배치되게 되었을 경우 어떻게 하실 건가요 그래도 괜찮으실까요","wordCount":16},"emotion":[],"intent":[]},"answer":{"raw":{"text":"저 같은 경우에는 만약에 제가 원하는 직무가 아니라 다른 직무에 배치된다 라면 인사 팀에 적극적으로 어필을 먼저 해 볼 것 같습니다. 저는 현재 제가 지원한 이 직무에서만 저의 커리어를 쌓아왔고 이 쌓아온 커리어를 바탕으로 이 직무에서 많은 성과를 낼 수 있는 경험자라고 생각을 합니다. 그래서 제가 가진 능력에 대해서 다시 한 번 어필을 한 다음에 그 부서로 전보를 요청할 것 같습니다.","wordCount":61},"emotion":[],"intent":[{"text":"","expression":"","category":"attitude"}],"summary":{"text":"저는 현재 제가 지원한 이 직무에서만 커리어를 쌓아왔고 이 직무에서 많은 성과를 낼 수 있는 경험자라고 생각하므로, 능력을 다시 어필한 후 전보를 요청할 것 같습니다.","wordCount":25}}},"rawDataInfo":{"question":{"fileFormat":"wav","fileSize":380558,"duration":11890,"samplingBit":16,"channelCount":1,"samplingRate":"16kHz","audioPath":"/Mock/01.Management/Female/Experienced/ckmk_q_bm_f_e_243990.wav"},"answer":{"fileFormat":"wav","fileSize":1884878,"duration":58900,"samplingBit":16,"channelCount":1,"samplingRate":"16kHz","audioPath":"/Mock/01.Management/Female/Experienced/ckmk_a_bm_f_e_243990.wav"}}}