{"version":"1.0","dataSet":{"info":{"date":"20230116","occupation":"BM","channel":"MOCK","place":"ONLINE","gender":"FEMALE","ageRange":"-34","experience":"EXPERIENCED"},"question":{"raw":{"text":"지원자님은 전공 외에도 수준급의 실력이 될 정도로 노력한 것이 있는지 만약에 있다면 어떤 도움을 주는지 전공과 관련해서 말씀해 주세요","wordCount":19},"emotion":[],"intent":[]},"answer":{"raw":{"text":"네 저는 제가 전공한 거 이외에 언어 실력을 가지고 있는데요. 저는 특이하게 러시아어를 공부해서 어 대화가 가능할 정도 수준으로 커뮤니케이션을 할 수가 있습니다. 어 제가 여러 가지 언어가 있지만 러시아어를 배운 이유가 있는데요. 아 많은 사람들이 사용하지 않는데도 불구하고 그래도 통번역을 진행할 때 러시아어가 필요하거나 사용하는 사람들이 꽤 많다는 걸 깨달았습니다. 어 기존에 영어라던가 아니면은 다른 언어들은 잘하는 사람이 굉장히 많습니다. 하지만 러시아어는 많이 사용함에도 불구하고 할 수 있는 사람들이 많지 않다는 걸 깨닫고요. 제가 그거의 능력을 개발을 한다면 좀 희소성이 있겠다 라고 판단을 해서 러시아어를 공부를 했습니다. 어 사실 러시아어를 배울 수 있는 창구가 많지 않고 또 학원에서 배운다고 하더라도 실전에서 그거를 이제 대화를 해보면서 연습할 수 있는 기회가 많지 않았는데요. 그럼에도 불구하고 제가 이 언어를 할 수 있다면 다른 사람보다 경쟁력을 가질 수 있기 때문에 제가 이거를 열심히 연습을 했습니다. 하지만 공부할 수 있는 기간이 많지 않기 때문에 제가 꾸준히 매일매일 연습을 했고요. 그래서 한 삼 년 사 년 정도 동안 연습한 결과 지금은 자유롭게 의사소통이 가능할 정도로 연습을 한 상황입니다.","wordCount":163},"emotion":[],"intent":[{"text":"제가   그거의 능력을 개발을 한다면 좀 희소성이 있겠다 라고 판단을 해서 러시아어를 공부를   했습니다.","expression":"c_imp","category":"personality"}],"summary":{"text":"러시아어를 배운 이유는 통번역을 진행할 때 러시아어가 필요한 사람이 많다는 걸 깨달았습니다. 러시아어는 많이 사용함에도 할 수 있는 사람이 많지 않다는 걸 깨닫고 그것을 개발한다면 희소성이 있겠다 라고 판단을 해서 공부를 했습니다. 학원에서 배운다고 하더라도 실전에서 연습할 기회가 많지 않았지만 꾸준히 연습을 해서 지금은 자유롭게 의사소통이 가능할 정도로 연습을 한 상태입니다.","wordCount":51}}},"rawDataInfo":{"question":{"fileFormat":"wav","fileSize":427598,"duration":13360,"samplingBit":16,"channelCount":1,"samplingRate":"16kHz","audioPath":"/Mock/01.Management/Female/Experienced/ckmk_q_bm_f_e_120262.wav"},"answer":{"fileFormat":"wav","fileSize":2820558,"duration":88140,"samplingBit":16,"channelCount":1,"samplingRate":"16kHz","audioPath":"/Mock/01.Management/Female/Experienced/ckmk_a_bm_f_e_120262.wav"}}}