{"version":"1.0","dataSet":{"info":{"date":"20230116","occupation":"BM","channel":"MOCK","place":"ONLINE","gender":"FEMALE","ageRange":"35-44","experience":"EXPERIENCED"},"question":{"raw":{"text":"지원자님께서 생각하시기에 본인의 노년은 어떤 모습이었으면 하시나요 이상적으로 그리고 계시는 본인의 노년을 말씀해 주세요","wordCount":14},"emotion":[],"intent":[]},"answer":{"raw":{"text":"저 같은 경우에는 제 직업적 가치관 자체가 다른 사람에게 베풀고 내가 알고 있는 지식을 다른 사람에게 전달할 수 있는 그런 기회들이 있으면 너무 행복하겠다 라는 생각을 했었습니다. 그래서 실제로 저는 대학 시절에 교직 이수를 진행했을 때 어 새터민 그런 초등학생들을 대상으로 영어와 수학을 가르쳐주는 재능 나눔 활동들을 했었구요. 그리고 그 이후에 제가 다른 기업에서 근무를 하면서 아이티 기업에 대해서 직무에 직무를 한 번 옮겨보고 싶은 사람들을 대상으로 제가 직접 재능 나눔을 또 하고 자기소개서들을 고쳐주었었던 그런 경험들이 있습니다. 그래서 저는 제가 여러 가지 직무들을 해 본 경험을 바탕으로 그러니까 퇴직을 한 이후에는 재능 나눔 콘서트들을 다니면서 어 여러 청년들을 조금 도와줄 수 있는 이런 자아 실현의 기회들이 있었으면 좋겠다 라는 생각들을 많이 했었고요. 실제로 그 부분에 대해서도 실천으로 옮기기 위해서 저는 여러 가지 방안들을 현재 실천 중에 있습니다.","wordCount":128},"emotion":[],"intent":[{"text":"그래서 실제로 저는 대학 시절에 교직 이수를 진행했을 때 어 새터민 그런 초등학생들을 대상으로 영어와 수학을 가르쳐주는 재능 나눔 활동들을 했었구요.","expression":"c_private","category":"background"},{"text":"그리고 그 이후에 제가 다른 기업에서 근무를 하면서 아이티 기업에 대해서 직무에 직무를 한 번 옮겨보고 싶은 사람들을 대상으로 제가 직접 재능 나눔을 또 하고 자기소개서들을 고쳐주었었던 그런 경험들이 있습니다.","expression":"c_private","category":"background"}],"summary":{"text":"저는 직업적 가치관 자체를 다른 사람에게 베풀고 제가 알고 있는 지식을 다른 사람에게 전달할 수 있는 기회들이 있으면 너무 행복하겠다는 생각을 했습니다. 실제로 제가 여러 가지 직무들을 해 본 경험을 바탕으로 퇴직을 한 이후에는 재능 나눔 콘서트들을 다니면서 여러 청년들을 도울 수 있는 기회가 있었으면 좋겠다는 생각을 해왔습니다.","wordCount":48}}},"rawDataInfo":{"question":{"fileFormat":"wav","fileSize":562638,"duration":17580,"samplingBit":16,"channelCount":1,"samplingRate":"16kHz","audioPath":"/Mock/01.Management/Female/Experienced/ckmk_q_bm_f_e_209692.wav"},"answer":{"fileFormat":"wav","fileSize":2502478,"duration":78200,"samplingBit":16,"channelCount":1,"samplingRate":"16kHz","audioPath":"/Mock/01.Management/Female/Experienced/ckmk_a_bm_f_e_209692.wav"}}}