{"version":"1.0","dataSet":{"info":{"date":"20230116","occupation":"BM","channel":"MOCK","place":"ONLINE","gender":"FEMALE","ageRange":"35-44","experience":"EXPERIENCED"},"question":{"raw":{"text":"오늘 면접을 위하여 많은 고생을 하셨을 텐데 본인만의 면접을 준비하는 방식이 있으시다면 말씀해 주시기 바랍니다","wordCount":15},"emotion":[],"intent":[]},"answer":{"raw":{"text":"저는 면접을 준비를 하는데 미리미리 준비를 하고 평상시에 어 말할 것에 대해서 준비를 많이 하는 편입니다. 그래서 면접을 준비를 하면서 인상되는 문제를 뽑아서 미리 어 키워드를 적어서 그것들을 마음속에서 정리를 하고 진행할 수 있도록 했고 그리고 집에서 연습을 미리 하면서 어떤 부분에서 제가 부족한지 개선할 점을 많이 찾게 되었습니다. 그래서 제가 평상시에 말이 빨라서 어 면접을 할 때 어 정확성이 떨어 전달하는데 정확성이 떨어진다는 것을 알게 되어서 또박또박 천천히 어 속도를 조절하여서 그것들을 어 조절하는 것을 연습을 하게 되었습니다. 그리고 저는 평상시에 어떤 아이디어가 떠오르거나 제 생각을 정리를 할 때 어 필기를 해서 노트로 제외 생각을 정리를 하는 습관을 가지고 있습니다. 그래서 그것들을 어 적용을 하고 또 평상시에 또 대화를 하면서 또 다른 사람들과 대화를 하면서 그것들을 조절해 나가려고 많은 노력을 기울이고 있습니다. 그래서 그것들을 쌓여서 면접에 실제로 도움이 많은 어 영향을 미치게 되었습니다.","wordCount":134},"emotion":[],"intent":[{"text":"","expression":"","category":"attitude"}],"summary":{"text":"저는 평상시에 말할 것에 대해 준비를 많이 하는 편인데, 면접 준비를 하면서 인상되는 문제를 뽑아 키워드를 적어서 정리하고 진행할 수 있도록 했고, 집에서 연습을 많이 하면서 개선점을 많이 찾게 되었습니다. 그리고 평소 생각 정리를 노트로 하는 습관을 가지고 있었는데 이것들을 조절해 나가려고 많이 노력하고 있습니다.","wordCount":45}}},"rawDataInfo":{"question":{"fileFormat":"wav","fileSize":439118,"duration":13720,"samplingBit":16,"channelCount":1,"samplingRate":"16kHz","audioPath":"/Mock/01.Management/Female/Experienced/ckmk_q_bm_f_e_217668.wav"},"answer":{"fileFormat":"wav","fileSize":2657998,"duration":83060,"samplingBit":16,"channelCount":1,"samplingRate":"16kHz","audioPath":"/Mock/01.Management/Female/Experienced/ckmk_a_bm_f_e_217668.wav"}}}