{"version":"1.0","dataSet":{"info":{"date":"20230116","occupation":"BM","channel":"MOCK","place":"ONLINE","gender":"FEMALE","ageRange":"45-54","experience":"EXPERIENCED"},"question":{"raw":{"text":"대학 생활 중 손에 꼽는 가장 힘든 경험은 무엇이었는지 궁금합니다 그리고 극복 방법도 함께 말씀해 주세요","wordCount":16},"emotion":[],"intent":[]},"answer":{"raw":{"text":"대학을 보내면서 가장 힘들었던 경험 중의 하나는 제가 교직 이수 활동을 했었던 건데요. 전공 과목 외에도 교직 이수를 하기 위해서 대략적으로 삼십 학점 정도를 더 들었어야 했었는데 저는 그 과정이 시간이 굉장히 부족했었기 때문에 좀 힘든 경험이었었습니다. 그리고 실제로도 제 성적에서 뭐 에프나 디 이런 낮은 학점들을 받은 경험은 없지만 어 각 학기에만 열리는 과목들을 제가 빠르게 파악하지 못해서 한 학기를 더 다녔었던 경험들이 저에게는 조금 힘들었었습니다. 그렇지만 저는 당시에 제가 이렇게 힘들게 느낀 점을 잘 빠르게 극복하기 위해서 오히려 시간 관리를 정말 잘 해야겠다. 어 얼마 남지 않은 시간이더라도 긴급도에 따라서 시간들을 잘 분류를 해서 내 시간들을 잘 보내야겠다 라는 그런 배움을 얻을 수 있는 좋은 시간이었었다 라고 저는 생각합니다.","wordCount":111},"emotion":[],"intent":[{"text":"","expression":"","category":"attitude"}],"summary":{"text":"대학 생활 동안 교직 이수 활동을 하면서 시간이 많이 부족했습니다. 그리고 각 학기의 과목들을 빠르게 파악하지 못해서 한 학기를 더 다녔던 경험들이 조금 힘들었습니다. 빨리 극복하기 위해서 시간 관리를 잘 해야겠다 라는 배움을 얻을 수 있었던 시간이었습니다.","wordCount":37}}},"rawDataInfo":{"question":{"fileFormat":"wav","fileSize":340238,"duration":10630,"samplingBit":16,"channelCount":1,"samplingRate":"16kHz","audioPath":"/Mock/01.Management/Female/Experienced/ckmk_q_bm_f_e_191829.wav"},"answer":{"fileFormat":"wav","fileSize":2418638,"duration":75580,"samplingBit":16,"channelCount":1,"samplingRate":"16kHz","audioPath":"/Mock/01.Management/Female/Experienced/ckmk_a_bm_f_e_191829.wav"}}}