{"version":"1.0","dataSet":{"info":{"date":"20230116","occupation":"BM","channel":"MOCK","place":"ONLINE","gender":"FEMALE","ageRange":"35-44","experience":"EXPERIENCED"},"question":{"raw":{"text":"어 최근에는 굉장히 많은 어 직업들이 생겨나고 있는데요 지원자님이 생각하시기에 본인이 이제 가장 중요하다고 생각하는 직업을 한 가지만 골라서 말씀해 주시길 바랍니다","wordCount":22},"emotion":[],"intent":[]},"answer":{"raw":{"text":"저는 현대 사회로 갈수록 가장 중요하게 생각하신 생각되는 직업은 농부라고 생각을 합니다. 사실 현대 사회는 기계화 자동화가 되면서 제일 좀 등한시되는 부분이 제일 기본적인 욕구인 의식주가 충족될 수 있는 직업이라고 생각을 합니다. 어떤 산업이 기계화 자동화가 된다면 농부들은 사라질 것이며 농사 지을 수 있는 땅도 없어질 것입니다. 최근 환경 오염 문제로 우리의 기본적인 먹거리부터 파괴되고 있습니다. 그리고 최근에 러시아와 우크라이나 전쟁을 보면서 식자재를 수입에 의존하거나 그럴 경우 식량 위기를 맞고 있는 여러 나라의 이슈를 보면서 우리나라의 땅에서 우리 농작물을 키워내고 지켜나가는 게 얼마나 중요한 일인지를 깨닫게 되었습니다. 물론 예전처럼 자급자족하는 사회가 아니기 때문에 이제 현대 사회에 맞춰서 기계화 자동화 부분도 공업에 집중 투자를 하여서 조금 더 생산적으로 농업을 활성화시킬 수 있다고 생각합니다. 따라서 저는 현대 사회가 되면 될수록 우리의 기본적인 의식주를 지켜낼 수 있는 농부가 가장 중요하는 직업이라고 생각을 합니다.","wordCount":130},"emotion":[],"intent":[{"text":"","expression":"","category":"attitude"}],"summary":{"text":"기계화 자동화가 되면서 가장 등한시되는 부분이 제일 기본적인 욕구인 의식주가 충족될 수 있는 직업이라고 생각합니다. 현대 사회가 되면 될수록 우리의 기본적인 의식주를 지켜낼 수 있는 농부가 가장 중요하다고 생각합니다.","wordCount":29}}},"rawDataInfo":{"question":{"fileFormat":"wav","fileSize":563278,"duration":17600,"samplingBit":16,"channelCount":1,"samplingRate":"16kHz","audioPath":"/Mock/01.Management/Female/Experienced/ckmk_q_bm_f_e_237115.wav"},"answer":{"fileFormat":"wav","fileSize":2252238,"duration":70380,"samplingBit":16,"channelCount":1,"samplingRate":"16kHz","audioPath":"/Mock/01.Management/Female/Experienced/ckmk_a_bm_f_e_237115.wav"}}}