{"version":"1.0","dataSet":{"info":{"date":"20230116","occupation":"BM","channel":"MOCK","place":"ONLINE","gender":"FEMALE","ageRange":"35-44","experience":"EXPERIENCED"},"question":{"raw":{"text":"지원자님께서 만약 일을 하던 중 직무가 적성에 맞지 않는다면 어떻게 하시겠습니까 지원자님의 상황 가정 하에 말씀과 설명 부탁드려요","wordCount":18},"emotion":[],"intent":[]},"answer":{"raw":{"text":"제가 입사한 이후에 만약에 제가 하던 업무가 적성에 맞지 않아 진다거나 아 한 때 사실 그런 일은 많이 발생하지는 않을 것 같습니다. 하지만 부서에 또 발령이 나서 그쪽 업무에 제가 어 적응하지 못하는 그런 사례도 있을 수 있다고는 생각을 하는데요. 하지만 기본적으로 많지 않은 상황이라고 저는 생각을 합니다. 그냥 제가 업무에 잘 적응을 하고 이 일을 오히려 발전시키는 데 초점을 맞추고 싶은데요. 어 저는 기본적으로 어떤 업무를 하든지 간에 제 스스로 그 업무에 대한 파악과 이해가 이뤄지고 또 제가 어떤 업무를 할지에 대한 명확한 이해가 있으면 어 만약에 적성에 맞지 않는다고 하더라도 금방 잘 적응해 줄 수 있는 그런 능력이 있다고 생각을 합니다. 그래서 앞으로도 제가 적성에 맞지 않거나 쪼끔은 환경 변화가 있는 일이 있다고 하더라도 저는 적극적으로 어 그 분야에 맞춰서 일을 하게 될 것 같고요. 그리고 그 환경에서 또 배울 수 있는 거에 대해서 감사하면서 좀 낮은 자세로 어 일을 해보고 싶다 라는 생각이 듭니다. 그래서 뭐 직무가 맞지 않다거나 환경적인 변화가 있다고 하더라도 어 회사의 업무이기 때문에 제 나름대로 역량을 발휘하고 또 배울 수 있도록 노력을 하도록 하겠습니다.","wordCount":171},"emotion":[],"intent":[{"text":"","expression":"","category":"attitude"}],"summary":{"text":"저는 어떤 업무를 하든지 간에 제 스스로에 대한 파악과 이해가 이뤄지고 또 어떤 업무를 할지에 대한 명확한 이해가 있다면 적성에 맞지 않는다고 하더라도 금방 잘 적응해 줄 수 있는 능력이 있다고 생각합니다. 그래서 앞으로 저는 적극적으로 그 분야에 맞춰서 일을 하게 될 것 같습니다. 그리고 그 환경에서 낮은 자세로 일을 해보고 싶습니다.","wordCount":52}}},"rawDataInfo":{"question":{"fileFormat":"wav","fileSize":434638,"duration":13580,"samplingBit":16,"channelCount":1,"samplingRate":"16kHz","audioPath":"/Mock/01.Management/Female/Experienced/ckmk_q_bm_f_e_175880.wav"},"answer":{"fileFormat":"wav","fileSize":2752718,"duration":86020,"samplingBit":16,"channelCount":1,"samplingRate":"16kHz","audioPath":"/Mock/01.Management/Female/Experienced/ckmk_a_bm_f_e_175880.wav"}}}