{"version":"1.0","dataSet":{"info":{"date":"20230116","occupation":"BM","channel":"MOCK","place":"ONLINE","gender":"FEMALE","ageRange":"45-54","experience":"EXPERIENCED"},"question":{"raw":{"text":"업무를 하다 보면 영어로 서류를 작성해야 할 일이 많습니다 영어로 서류 작성이 가능하십니까","wordCount":13},"emotion":[],"intent":[]},"answer":{"raw":{"text":"일을 하다 보면 영어로 서류를 작성해야 할 일이 분명히 있습니다. 하지만 저에게 즉흥적으로 영어로 서류를 작성하라고 하면 저는 완벽하게 해내지는 못합니다. 하지만 요즘엔 기술이 워낙 좋다 보니 한글로 된 서류를 영어로 번역해서 변환 시켜주는 그런 기계들도 많더라구요. 프로그램도 많구요. 그래서 제가 영어로 서류를 작성해야 한다면 저는 그런 프로그램 기술을 활용해서 영어로 작성해서 제출하도록 하겠습니다.","wordCount":54},"emotion":[],"intent":[{"text":"","expression":"","category":"attitude"}],"summary":{"text":"일을 하다 보면 영어로 서류를 작성해야 할 일이 분명히 있습니다. 하지만 요즘은 한글로 된 서류를 영어로 번역해 변환 시켜주는 프로그램 기술이 많습니다. 그래서 영어로 작성해서 제출하도록 하겠습니다.","wordCount":27}}},"rawDataInfo":{"question":{"fileFormat":"wav","fileSize":306638,"duration":9580,"samplingBit":16,"channelCount":1,"samplingRate":"16kHz","audioPath":"/Mock/01.Management/Female/Experienced/ckmk_q_bm_f_e_243713.wav"},"answer":{"fileFormat":"wav","fileSize":1230158,"duration":38440,"samplingBit":16,"channelCount":1,"samplingRate":"16kHz","audioPath":"/Mock/01.Management/Female/Experienced/ckmk_a_bm_f_e_243713.wav"}}}