{"version":"1.0","dataSet":{"info":{"date":"20230116","occupation":"BM","channel":"MOCK","place":"ONLINE","gender":"FEMALE","ageRange":"-34","experience":"EXPERIENCED"},"question":{"raw":{"text":"이전 직장 혹은 대학에서 어떤 프로젝트를 지원자님께서 해 보셨는지 생각나시는 게 있다면 한 번 말씀해 주시겠어요","wordCount":16},"emotion":[],"intent":[]},"answer":{"raw":{"text":"어 이전 직장에서 새 프로젝트 제품에 대해 글로벌 허가를 진행한 적이 있습니다. 제가 담당한 제품은 의료기기였기 때문에 어 시장에 런칭하기 위해서는 반드시 각 국가의 보건 당국의 사전 허가를 받아야만 판매할 수 있는 특수성이 있는 제품이었습니다. 어 또한 외국계 다국적 기업이었기 때문에 어 런칭 대상이 전 세계였습니다. 따라서 프로그램 팀의 우선 순위에 맞춰서 적시에 허가를 받아내야 했습니다. 허가를 못 받게 되면 물건을 판매할 수 없기 때문에 어 저한테 상당한 부담감이 있었지만 그동안 어 해왔던 경험을 바탕으로 추가 근무를 하면서까지 스케줄 기한을 준수했고 다행히 성공적으로 신제품을 적시에 시장에 런칭할 수 있었습니다. 굉장히 어 압박을 받는 스트레스가 높은 상황이었지만 각 국가별로 어 다른 요구사항에 맞춰 까다로운 허가를 준비하는 것은 어 물론 굉장히 도전적인 일이었지만 일을 해내는 과정에서 시간 관리라던지 우선순위 관리 그리고 무엇보다 제 업무 역량을 굉장히 크게 반전 어 크게 상승시킬 수 발전할 수 있는 발전시킬 수 있는 그런 빅 스텝이었던 것 같습니다.","wordCount":141},"emotion":[{"text":"어 이전 직장에서 새 프로젝트 제품에 대해 글로벌 허가를 진행한 적이 있습니다.","expression":"u-fact","category":"neutral"},{"text":"제가 담당한 제품은 의료기기였기 때문에   어 시장에 런칭하기 위해서는 반드시 각 국가의 보건 당국의 사전 허가를 받아야만 판매할 수 있는 특수성이 있는 제품이었습니다.","expression":"u-fact","category":"neutral"}],"intent":[{"text":"어 이전 직장에서 새 프로젝트 제품에 대해 글로벌 허가를 진행한 적이 있습니다.","expression":"c_private","category":"background"}],"summary":{"text":"의료기기를 담당했는데 글로벌 허가를 위해 각 국가의 보건 당국의 사전 허가를 받아야 했습니다. 허가를 받지 않으면 물건을 판매할 수 없기 때문에 부담감이 있었지만 스케줄 기한을 준수하고 성공적으로 시장에 런칭할 수 있었습니다. 시간 관리, 우선순위 관리, 무엇보다 제 업무 역량을 크게 상승시킬 수 있는 빅 스텝이었습니다.","wordCount":45}}},"rawDataInfo":{"question":{"fileFormat":"wav","fileSize":367118,"duration":11470,"samplingBit":16,"channelCount":1,"samplingRate":"16kHz","audioPath":"/Mock/01.Management/Female/Experienced/ckmk_q_bm_f_e_189807.wav"},"answer":{"fileFormat":"wav","fileSize":2220238,"duration":69380,"samplingBit":16,"channelCount":1,"samplingRate":"16kHz","audioPath":"/Mock/01.Management/Female/Experienced/ckmk_a_bm_f_e_189807.wav"}}}