{"version":"1.0","dataSet":{"info":{"date":"20230116","occupation":"BM","channel":"MOCK","place":"ONLINE","gender":"FEMALE","ageRange":"-34","experience":"EXPERIENCED"},"question":{"raw":{"text":"만약 지원자님이 입사한 이후에 팀 프로젝트를 맡게 되었는데 팀 프로젝트 중간에 그 분야의 전문가인 팀원이 빠지게 돼서 중단될 위기에 처해 있다면 그때 어떻게 하시겠습니까","wordCount":24},"emotion":[],"intent":[]},"answer":{"raw":{"text":"어 팀 프로주스 중간에 전문가 팀원이 빠지게 된다면 어 하루 빨리 다른 팀원을 대체할 사람을 구해야 된다고 생각합니다. 어 팀원을 구하기 전까지 나머지 팀원들이 더 많은 업무를 해주야 한다고 생각을 하고 그 나머지 팀원들에 대해서 어 상황 설명과 또 그만한 보상을 잘해 주는 것이 적절하다고 생각합니다.","wordCount":46},"emotion":[],"intent":[{"text":"","expression":"","category":"attitude"}],"summary":{"text":"프로젝트 도중 전문가 팀원이 빠질 경우, 그 전에 나머지 팀원들에게 더 많은 업무를 해주고 상황 설명과 보상을 해주는 것이 적절합니다.","wordCount":20}}},"rawDataInfo":{"question":{"fileFormat":"wav","fileSize":528398,"duration":16510,"samplingBit":16,"channelCount":1,"samplingRate":"16kHz","audioPath":"/Mock/01.Management/Female/Experienced/ckmk_q_bm_f_e_261964.wav"},"answer":{"fileFormat":"wav","fileSize":1141838,"duration":35680,"samplingBit":16,"channelCount":1,"samplingRate":"16kHz","audioPath":"/Mock/01.Management/Female/Experienced/ckmk_a_bm_f_e_261964.wav"}}}