{"version":"1.0","dataSet":{"info":{"date":"20230116","occupation":"BM","channel":"MOCK","place":"ONLINE","gender":"FEMALE","ageRange":"55-","experience":"EXPERIENCED"},"question":{"raw":{"text":"오늘 면접 준비하느라고 고생을 많이 하셨습니다 어떤 방식으로 면접을 준비하셨는지 말씀해 주실 수 있습니까","wordCount":14},"emotion":[],"intent":[]},"answer":{"raw":{"text":"네 고생 하셨다고 얘기해 주셔서 감사하구요. 음 그쵸 뭐 이거는 뭐 저뿐만 아니라 어 어떤 회사를 지원하는 그런 지원자들에게 그 모두가 겪는 과정일텐데 이 회사에 대해서 알아보는 것 그러한 시간 시간과 노력을 들이는 것 그걸 준비라고들 하죠. 저 역시 그걸 했고 제가 어 지금의 제가 어디에 소속되어서 내가 어떤 부분으로 조금 도와줄 수 있는지가 내가 도움을 줘서 얼만큼 뿌듯함을 느낄 수 있는 회사일지를 제가 조금 살펴보고 저도 나름대로 지원서를 제출을 한 거고요. 음 네 그렇습니다. 그래서 지금까지 해왔던 지금 저의 이런 인터뷰 자체가 저의 노력이고 이거 역시 그리고 저는 성실히 지금 말씀하시는 부분들에 대해서 잘 고심을 하고 제 나름대로의 어 경험 안에서의 생각으로 열심히 답변을 했어요. 그래서 그 부분이 저는 충실한 준비고 네 노력이었다고 생각합니다.","wordCount":115},"emotion":[],"intent":[{"text":"","expression":"","category":"attitude"}],"summary":{"text":"어떤 회사를 지원하는 지원자들에게 회사를 알아보는 것 그러한 시간과 노력을 들이는 것을 준비를 했습니다. 그래서 어떤 부분으로 도움을 줄 수 있는지 살펴보고 지원서를 제출을 한 것이고 그 부분이 충실한 준비이고 노력이었다고 생각합니다.","wordCount":32}}},"rawDataInfo":{"question":{"fileFormat":"wav","fileSize":550478,"duration":17200,"samplingBit":16,"channelCount":1,"samplingRate":"16kHz","audioPath":"/Mock/01.Management/Female/Experienced/ckmk_q_bm_f_e_160017.wav"},"answer":{"fileFormat":"wav","fileSize":2888718,"duration":90270,"samplingBit":16,"channelCount":1,"samplingRate":"16kHz","audioPath":"/Mock/01.Management/Female/Experienced/ckmk_a_bm_f_e_160017.wav"}}}