{"version":"1.0","dataSet":{"info":{"date":"20230116","occupation":"BM","channel":"MOCK","place":"ONLINE","gender":"FEMALE","ageRange":"-34","experience":"EXPERIENCED"},"question":{"raw":{"text":"지원자님께서 협업을 할 때 사교성이 좋은 편인지 궁금합니다 지원자님이 또 사교성을 키우기 위해 어떠한 노력을 하셨는지도 이야기해 주세요","wordCount":18},"emotion":[],"intent":[]},"answer":{"raw":{"text":"네 저는 서 협업을 할 때 사교성이 좋은 편이고요. 사교성을 키우기 위해서는 그 굉장히 다양한 노력을 했습니다. 왜냐하면 저는 굉장히 소심한 성격이라 어릴 때는 중국집에 전화도 못 했습니다. 그게 너무 부끄럽기도 하고 무섭기도 해서요. 그럴 때 역시나 가장 확실한 방법은 직접 부딪쳐보고 경험하는 것인데 사실 직접 부딪치기가 쉽지는 않잖아요. 그래서 저는 서비스 업종에서도 일을 많이 했었습니다. 그렇게 해서 조금은 극단적이고 강한 사교성을 키우는 데 아주 큰 도움이 됐었고요. 그리고 어떠한 바로 또 만약에 제가 그런 서비스업의 투업이 투입이 됐다면 잘 안 됐을 텐데요. 많은 사람들을 만나보고 그리고 어떠한 상황을 가정에서 또 이야기를 해보는 그런 연습을 했었습니다. 그렇게 그렇기 위해서는 학원이라든지 다양한 커뮤니티를 접속이 아니고 뭐라고 해야 되죠 가입을 했다고 해야 될까요. 네 등록하는 것이 굉장히 중요했고 그런 상황을 설정해서 이야기하는 것도 한 가지가 아닌 여러 가지를 설정해서 거기에 맞게 답변하는 그런 노력을 했었습니다. 그래서 지금은 보시는 것처럼 말을 하는데 부끄럽다던지 막히지 않고 술술 잘 하는 편입니다.","wordCount":146},"emotion":[],"intent":[{"text":"왜냐하면 저는 굉장히 소심한 성격이라 어릴 때는 중국집에 전화도 못 했습니다.","expression":"c_person","category":"background"},{"text":"그래서 저는   서비스 업종에서도 일을 많이 했었습니다.","expression":"c_private","category":"background"}],"summary":{"text":"저는 협업할 때 사교성이 좋은 편인데, 사교성을 키우기 위해서는 직접 부딪쳐보고 경험하는 것이 가장 확실한 방법이기 때문에 서비스 업종에서도 일을 많이 했습니다. 그리고 많은 사람들을 만나보고 어떤 상황을 가정에서 또 이야기를 해보는 연습을 했었습니다. 그리고 다양한 커뮤니티에 가입하는 것이 굉장히 중요했고 여러 가지를 설정해서 답변하는 노력을 했습니다","wordCount":47}}},"rawDataInfo":{"question":{"fileFormat":"wav","fileSize":483918,"duration":15120,"samplingBit":16,"channelCount":1,"samplingRate":"16kHz","audioPath":"/Mock/01.Management/Female/Experienced/ckmk_q_bm_f_e_166597.wav"},"answer":{"fileFormat":"wav","fileSize":2545358,"duration":79540,"samplingBit":16,"channelCount":1,"samplingRate":"16kHz","audioPath":"/Mock/01.Management/Female/Experienced/ckmk_a_bm_f_e_166597.wav"}}}