{"version":"1.0","dataSet":{"info":{"date":"20230116","occupation":"BM","channel":"MOCK","place":"ONLINE","gender":"FEMALE","ageRange":"35-44","experience":"EXPERIENCED"},"question":{"raw":{"text":"본인이 인생을 살면서 어 무엇인가 하나에 푹 빠져서 몰두해 본 적이 있으신가요 있으시다면 그것이 무엇인지 또 그것에 매력은 어떤 것인지에 대해서 말씀해 주시기 바랍니다","wordCount":24},"emotion":[],"intent":[]},"answer":{"raw":{"text":"네 저는 저의 성격에 장점이 있다면 집중력이 좀 좋은 편이라고 말씀을 드리고 싶습니다. 어 제가 인생을 살면서 여러 가지를 경험을 해봤는데요. 어 제가 좋아하는 일이라고 하면 저는 어 집중력이 좀 뛰어나고 그리고 그거에 몰두할 수 있는 그런 장점을 가지고 있다고 생각을 합니다. 어 특히 인생을 살면서 제가 겪어본 일 중에서는 어떤 프로젝트를 회사에서 진행을 했었는데 그 프로젝트에 제가 완전히 몰두해서 어 몇 달간을 지냈던 적이 있구요. 그리고 제가 좋아하는 운동 같은 경우에도 제가 그 운동을 할 때는 집중도 있게 몰입도 있게 진행을 하는 편입니다. 저는 어떤 일을 할 때 어 제가 반드시 해야겠다 라고 생각하는 지점이 있으면 몰두하고 집중해서 하는 편인데요. 어 저도 인생을 살면서 이렇게 몰입하고 또 집중도 있게 하는 게 굉장히 중요하다고 생각을 합니다. 그래서 제가 저 스스로 집중력을 높이기 위해서 여러 가지 방법들을 하는데요. 예를 들어서 명상이라던가 아니면 일을 할 때 몰두할 수 있도록 집중력 훈련 이런 것들을 많이 진행을 했습니다. 그렇기 때문에 제가 몰두하고 일할 수 있는 게 저의 큰 장점이라고 생각을 합니다.","wordCount":157},"emotion":[],"intent":[{"text":"네 저는 저의 성격에 장점이 있다면 집중력이 좀 좋은 편이라고   말씀을 드리고 싶습니다.","expression":"c_person","category":"background"},{"text":"어 제가 좋아하는 일이라고 하면 저는 어 집중력이 좀 뛰어나고   그리고 그거에 몰두할 수 있는 그런 장점을 가지고 있다고 생각을 합니다.","expression":"c_person","category":"background"},{"text":"그렇기 때문에 제가 몰두하고 일할 수 있는 게 저의   큰 장점이라고 생각을 합니다.","expression":"c_person","category":"background"}],"summary":{"text":"집중력이 좋은 편이라 말씀을 드리고 싶습니다. 제가 좋아하는 일에는 집중력이 뛰어나고 거기에 몰두할 수 있는 장점을 가지고 있다고 생각을 합니다. 그래서 집중력 향상을 위해서 명상이나 집중력 훈련 등을 진행을 했습니다.","wordCount":30}}},"rawDataInfo":{"question":{"fileFormat":"wav","fileSize":631118,"duration":19720,"samplingBit":16,"channelCount":1,"samplingRate":"16kHz","audioPath":"/Mock/01.Management/Female/Experienced/ckmk_q_bm_f_e_120641.wav"},"answer":{"fileFormat":"wav","fileSize":2706638,"duration":84580,"samplingBit":16,"channelCount":1,"samplingRate":"16kHz","audioPath":"/Mock/01.Management/Female/Experienced/ckmk_a_bm_f_e_120641.wav"}}}