{"version":"1.0","dataSet":{"info":{"date":"20230116","occupation":"BM","channel":"MOCK","place":"ONLINE","gender":"FEMALE","ageRange":"-34","experience":"EXPERIENCED"},"question":{"raw":{"text":"현대는 물류 전쟁 물류 대란이라고까지 얘기를 합니다 어 국내에 물류 산업이 앞으로 어떻게 나가야 될 나가야 할지 본인의 의견을 말씀해 주세요","wordCount":21},"emotion":[],"intent":[]},"answer":{"raw":{"text":"최근 물류 산업의 많은 변화가 일어나는 것은 시장 흐름과 트렌드 흐름에 따른 변화에 따라가는 자연스러운 흐름이라고 생각합니다. 저는 국내 물류 산업 또한 해외 시장 흐름 변경이 변화함에 따라 그 변화를 발맞추어 대응해야 한다고 생각합니다. 따라서 변화에 따라가기 위해 국내 시장의 유통 방안에도 큰 변화가 있어야 한다고 생각합니다. 시장이 물류가 달라지고 시장 환경과 트렌드가 딸라 달라지고 있는 만큼 그 환경을 뒷받침해 줄 유통 방식의 변화도 필요하다고 생각하기 때문입니다. 따라서 저는 국내 물류 산업이 앞으로도 많은 방향으로 발전하고 유통 산업의 방식에 변화를 주어 발전하고 나아가야 한다고 생각합니다. 국내 물류 산업 또한 트렌드와 시장 흐름의 환경에 발맞추어 따라가야 한다고 생각하기 때문입니다. 감사합니다.","wordCount":99},"emotion":[],"intent":[{"text":"","expression":"","category":"attitude"}],"summary":{"text":"최근 물류 산업의 많은 변화가 일어나는 것은 시장 흐름과 트렌드 흐름에 따른 변화에 따라가는 자연스러운 흐름입니다. 따라서 변화에 따라가기 위해 국내 시장의 유통 방안에도 큰 변화가 있어야 합니다. 그 환경을 뒷받침해 줄 유통 방식의 변화도 필요하다고 생각하기 때문입니다.","wordCount":38}}},"rawDataInfo":{"question":{"fileFormat":"wav","fileSize":496718,"duration":15520,"samplingBit":16,"channelCount":1,"samplingRate":"16kHz","audioPath":"/Mock/01.Management/Female/Experienced/ckmk_q_bm_f_e_180945.wav"},"answer":{"fileFormat":"wav","fileSize":2473998,"duration":77310,"samplingBit":16,"channelCount":1,"samplingRate":"16kHz","audioPath":"/Mock/01.Management/Female/Experienced/ckmk_a_bm_f_e_180945.wav"}}}