{"version":"1.0","dataSet":{"info":{"date":"20230116","occupation":"BM","channel":"MOCK","place":"ONLINE","gender":"FEMALE","ageRange":"-34","experience":"EXPERIENCED"},"question":{"raw":{"text":"혹시 몇 년 전에 우리나라에서 우버 택시에 관한 논란이 있었던 걸 기억하시나요 그럼 그때 지원자님께서는 우버 택시에 관한 찬반 양론 중에 어디에 입장이셨나요","wordCount":23},"emotion":[],"intent":[]},"answer":{"raw":{"text":"저는 개인적으로 택시 회사들이 경쟁을 통해서 소비자들에게 더 좋은 서비스를 제공하는 건 너무 당연하다고 생각을 하고요. 그런 서비스는 당연히 이루어져야 한다고 생각을 합니다. 왜냐하면 소비자들은 아무래도 경쟁의 관점에서 내가 돈을 쓰고 소비를 하기 위해서 더 좋은 서비스를 받기를 원합니다. 그럴려고 하면 기업들이 그 소비자의 니즈에 맞춰서 어 당연히 움직여야 되는 측면이 있고요. 그리고 기업들도 그러면서 더 발전을 거듭하는 거 같습니다. 그런데 어떤 특정 계층의 이익이라던가 아니면 본인들의 그런 기득권을 유지하기 위해서 뭔가를 막거나 방해하거나 이런 건 저는 기본적으로 자본주의 경쟁 체제에 적합하지 않다고 생각을 합니다. 그렇기 때문에 우리나라에서도 이 우버 관련한 문제가 있었던 측면을 저는 조금 안타깝게 보고 있고요. 왜 이런 일이 우리나라에서만 발생했을까에 대한 고민을 해보기도 했습니다. 결국에는 우버 이런 걸 떠나서 앞으로 어떤 서비스가 런칭이 되더라도 소비자의 관점에서 소비자가 원하는 측면으로 발전을 해야지 기득권의 계층을 위해서 이런 일이 다시는 일어나지 않았으면 좋겠다 라는 생각을 해 봤습니다.","wordCount":138},"emotion":[],"intent":[{"text":"그런데 어떤   특정 계층의 이익이라던가 아니면 본인들의 그런 기득권을 유지하기 위해서   뭔가를 막거나 방해하거나 이런 건 저는 기본적으로 자본주의 경쟁 체제에   적합하지 않다고 생각을 합니다.","expression":"m_critical","category":"attitude"},{"text":"결국에는 우버 이런 걸   떠나서 앞으로 어떤 서비스가 런칭이 되더라도 소비자의 관점에서 소비자가   원하는 측면으로 발전을 해야지 기득권의 계층을 위해서 이런 일이 다시는 일어나지 않았으면   좋겠다 라는 생각을 해 봤습니다.","expression":"m_critical","category":"attitude"}],"summary":{"text":"택시 회사들이 경쟁을 통해서 소비자에게 더 좋은 서비스를 제공하는 것은 당연합니다. 특정 계층의 이익이나 기득권 유지를 위해서 뭔가를 막거나 방해하거나 하는 건 자본주의 경쟁 체제에 적합하지 않다고 생각합니다. 따라서 어떤 서비스가 런칭되더라도 소비자의 관점에서 소비자가 원하는 측면으로 발전을 해야 기득권의 계층을 위해서 이런 일이 다시는 일어나지 않길 바랍니다.","wordCount":48}}},"rawDataInfo":{"question":{"fileFormat":"wav","fileSize":665678,"duration":20800,"samplingBit":16,"channelCount":1,"samplingRate":"16kHz","audioPath":"/Mock/01.Management/Female/Experienced/ckmk_q_bm_f_e_154149.wav"},"answer":{"fileFormat":"wav","fileSize":2758478,"duration":86200,"samplingBit":16,"channelCount":1,"samplingRate":"16kHz","audioPath":"/Mock/01.Management/Female/Experienced/ckmk_a_bm_f_e_154149.wav"}}}