{"version":"1.0","dataSet":{"info":{"date":"20230116","occupation":"BM","channel":"MOCK","place":"ONLINE","gender":"FEMALE","ageRange":"-34","experience":"EXPERIENCED"},"question":{"raw":{"text":"지원자님께서 생각하는 자신의 노년은 어떤 모습일 것 같습니까 이상적인 노년의 모습을 말씀해 주시길 바랍니다","wordCount":14},"emotion":[],"intent":[]},"answer":{"raw":{"text":"저는 제가 적정하다고 생각하는 그 나이가 있거든요 노년의 나이. 그거를 몇 세라고 말씀을 드리기는 어렵지만 저는 안락사를 선택하는 걸 꿈꾸고 있습니다. 어 되게 예전부터 모르겠어요 언제부터인지 모르겠는데 언제부턴가 그 안락사를 좀 생각하게 됐던 적이 있는데 실제로 시행하고 있는 국가들이 있잖아요. 그래서 노년에 제가 이제 조금 어느정도 평화를 느끼고 있는 그 시점이 온다면 굳이 오래 살고 싶지 않을 것 같고 그 존엄사를 시행하는 나라로 이주해서 그 존엄사를 선택할 것 같습니다. 저는 그래서 뭔가 제가 가족들을 좀 설득하는 걸 많이 연습하고 있어요. 어떻게 내 존엄사를 설득할 수 있을까.","wordCount":86},"emotion":[],"intent":[{"text":"","expression":"","category":"attitude"}],"summary":{"text":"저는 안락사를 꿈꿔요. 실제로 시행하는 국가들이 있어서 노년에 어느 정도 평화를 느끼고 있는 시점이 온다면 굳이 오래 살고 싶지 않을 것 같아서 그 존엄사를 시행하는 나라로 이주해서 존엄사를 선택할 것 같습니다.","wordCount":31}}},"rawDataInfo":{"question":{"fileFormat":"wav","fileSize":368078,"duration":11500,"samplingBit":16,"channelCount":1,"samplingRate":"16kHz","audioPath":"/Mock/01.Management/Female/Experienced/ckmk_q_bm_f_e_149262.wav"},"answer":{"fileFormat":"wav","fileSize":2021198,"duration":63160,"samplingBit":16,"channelCount":1,"samplingRate":"16kHz","audioPath":"/Mock/01.Management/Female/Experienced/ckmk_a_bm_f_e_149262.wav"}}}