{
    "version": "1.0",
    "dataSet": {
        "info": {
            "date": "20230116",
            "occupation": "BM",
            "channel": "MOCK",
            "place": "ONLINE",
            "gender": "FEMALE",
            "ageRange": "35-44",
            "experience": "EXPERIENCED"
        },
        "question": {
            "raw": {
                "text": "혹시 매일 공부하고 있는 분야가 따로 있으신가요 있다면 그것은 무엇이고 왜 그것을 공부하고 계시는지도 말씀 부탁드립니다",
                "wordCount": 16
            },
            "emotion": [],
            "intent": []
        },
        "answer": {
            "raw": {
                "text": "저는 최근에 엑셀 공부를 사실 다시 하고 있습니다. 물론 이력서에서 제 내용을 보셨겠지만 저는 컴퓨터 활용 이 급 자격증이 있습니다. 그런데 이렇게 자격증을 따는 것과 실무에 영역은 정말 다른 영역이라는 생각들을 최근에 했었습니다. 제가 어떤 마케팅 회사에서 인턴을 했었는데요. 당시 제 사수 분이 하시는 말이 빨리 퇴근하고 싶으면 열심히 엑셀을 공부하라는 말씀을 해주시더라구요. 처음에는 그 의미에 대해서 잘 이해를 못 했었습니다. 그렇지만 제가 당시에 느꼈던 점은 어 이렇게 엑셀을 활용하니까 정말 편리하네 이걸 빨리 끝내면 집에도 빨리 갈 수 있네 라는 생각들을 했었고 실제로도 제가 몇 가지 음 쿼리나 뭐 피벗테이블 이런 것들을 만드는 능력들을 배우자 업무처리가 훨씬 더 빨라졌었던 그런 경험들이 있기 때문에 저는 앞으로 입사 후에도 조금 더 제 시간들을 효율적으로 관리하기 위해서 엑셀들을 연습할 예정들에 있습니다.",
                "wordCount": 119
            },
            "emotion": [],
            "intent": [
                {
                    "text": "제가 어떤 마케팅 회사에서 인턴을 했었는데요.",
                    "expression": "c_private",
                    "category": "background"
                },
                {
                    "text": "그렇지만 제가 당시에 느꼈던 점은 어 이렇게 엑셀을 활용하니까 정말 편리하네   이걸 빨리 끝내면 집에도 빨리 갈 수 있네 라는 생각들을 했었고 실제로도 제가 몇 가지   음 쿼리나 뭐 피봇테이블 이런 것들을 만드는 능력들을 배우자 업무처리가 훨씬 더 빨라졌었던 그런 경험들이 있기 때문에 저는 앞으로 입사 후에도   조금 더 제 시간들을 효율적으로 관리하기 위해서 엑셀들을 연습할 예정들에 있습니다.",
                    "expression": "m_admin",
                    "category": "technology"
                }
            ],
            "summary": {
                "text": "컴퓨터 활용 자격증을 따는 것과 실무에 영역은 정말 다르다는 생각을 최근에 했습니다. 실제로 업무처리가 훨씬 더 빨라졌었던 경험들이 있기 때문에 앞으로 입사 후에도 조금 더 효율적인 시간 관리를 위해서 엑셀들을 연습할 예정들에 있습니다.",
                "wordCount": 33
            }
        }
    },
    "rawDataInfo": {
        "question": {
            "fileFormat": "wav",
            "fileSize": 585038,
            "duration": 18280,
            "samplingBit": 16,
            "channelCount": 1,
            "samplingRate": "16kHz",
            "audioPath": "/Mock/01.Management/Female/Experienced/ckmk_q_bm_f_e_195850.wav"
        },
        "answer": {
            "fileFormat": "wav",
            "fileSize": 2577678,
            "duration": 80550,
            "samplingBit": 16,
            "channelCount": 1,
            "samplingRate": "16kHz",
            "audioPath": "/Mock/01.Management/Female/Experienced/ckmk_a_bm_f_e_195850.wav"
        }
    }
}