{"version":"1.0","dataSet":{"info":{"date":"20230116","occupation":"BM","channel":"MOCK","place":"ONLINE","gender":"FEMALE","ageRange":"35-44","experience":"EXPERIENCED"},"question":{"raw":{"text":"만약 지금 본인이 내일 죽는다는 사실을 알게 된다면 당장 무엇을 하시겠습니까 이 면접을 끝까지 계속 보시겠습니까","wordCount":16},"emotion":[],"intent":[]},"answer":{"raw":{"text":"제가 내일 당장 죽는다는 사실을 알게 되더라도 면접은 끝까지 볼 것 같습니다. 면접은 회사와 면접관과의 약속이기 때문에 그 약속만은 꼭 지키고 싶기 때문입니다. 그리고 면접을 끝낸 다음 가족들과 함께 평소와 같이 지낼 것 같습니다. 제가 제일 좋아하는 음식을 시켜서 먹고 웃으면서 얘기를 하고 대화를 나누면서 가족들에게 사랑한다고 계속 말을 하고 싶습니다. 그리고 제가 죽은 후에 가족들이 피곤하지 않게 제가 가지는 자산들을 깨끗하게 정리하여 나누어 주고 싶습니다. 또한 조금 어려움을 겪고 있는 아이들에게도 제가 가진 자산의 일부를 기부하고 싶습니다. 사실 내일 내가 당장 죽는다고 생각을 하면 하루가 너무 우울할 것 같지만 가족들을 위해서 즐겁게 마무리를 짓고 싶을 것 같습니다.","wordCount":98},"emotion":[],"intent":[{"text":"","expression":"","category":"attitude"}],"summary":{"text":"면접은 회사와 면접관과의 약속이기에 꼭 지키고 싶습니다. 면접을 마친 후에는 가족들과 평소처럼 지낼 것 같습니다. 가족들이 피곤해하지 않게 자산들을 정리하여 나누어 주고, 어려움을 겪고 있는 아이들에게도 자산의 일부를 기부하려고 합니다.","wordCount":30}}},"rawDataInfo":{"question":{"fileFormat":"wav","fileSize":360398,"duration":11260,"samplingBit":16,"channelCount":1,"samplingRate":"16kHz","audioPath":"/Mock/01.Management/Female/Experienced/ckmk_q_bm_f_e_237314.wav"},"answer":{"fileFormat":"wav","fileSize":1739598,"duration":54360,"samplingBit":16,"channelCount":1,"samplingRate":"16kHz","audioPath":"/Mock/01.Management/Female/Experienced/ckmk_a_bm_f_e_237314.wav"}}}