{"version":"1.0","dataSet":{"info":{"date":"20230116","occupation":"BM","channel":"MOCK","place":"ONLINE","gender":"FEMALE","ageRange":"-34","experience":"EXPERIENCED"},"question":{"raw":{"text":"지원자분께서 생각하실 때 동물 실험이 인간에게 어떤 이익을 주는지에 관해서 이야기해 보시면 좋겠습니다 동물 실험이라고 하는 것에 대해서 지원자 분이 가지고 계신 생각도 궁금합니다","wordCount":24},"emotion":[],"intent":[]},"answer":{"raw":{"text":"동물 실험은 인간의 생명 보호라는 절대적인 가치를 지닌다고 생각을 합니다. 따라서 동물 실험에 대한 제 의견을 여쭤보신다고 하면 결론부터 말씀드리면 저는 찬성합니다. 어 만약에 확인되지 않은 어떤 후보 물질에 대해서 무턱대고 사람을 대상으로 먼저 인체 시험을 진행하게 될 경우 미처 예상치 못한 파급 효과가 우리가 예상 한 것보다 훨씬 더 클 수 있기 때문입니다. 간단하게 예를 들어 어떤 여성의 신체의 실험 물질을 시험을 했을 경우 그 파급 효과가 그 여성 신체 본인에서만 끝나는 것이 아니라 추후에 그 여성이 임신을 해서 아이를 가졌을 경우 그 효과가 그 다음 후손대에까지 이어질 수 있기 때문입니다. 물론 그렇다고 해서 어 어떤 명확한 가이드라인이나 생명 종중에 관한 그런 것 없이 무턱대고 동물에게 시험이 진행되서는 안 되겠죠. 따라서 명확한 가이드라인과 어떤 생명 존중 사상 이런 시험과 관련된 윤리 강령들을 강화해서 동물 시험을 진행을 해야 한다고 생각을 합니다.","wordCount":131},"emotion":[],"intent":[{"text":"동물 실험은 인간의 생명 보호라는 절대적인 가치를 지닌다고 생각을 합니다.","expression":"c_value","category":"background"},{"text":"따라서 명확한 가이드라인과 어떤 생명 존중 사상 이런   시험과 관련된 윤리 강령들을 강화해서 동물 시험을 진행을 해야 한다고 생각을 합니다.","expression":"c_value","category":"background"}],"summary":{"text":"동물 실험은 인간의 생명 보호라는 절대적 가치를 지녔기에 찬성합니다. 확인되지 않은 후보 물질에 대해 무턱대고 인체 시험을 진행하게 될 경우 예상치 못한 파급 효과가 클 수 있기 때문입니다. 따라서 명확한 가이드라인과 윤리 강령들을 강화해서 동물 시험을 진행해야 한다고 생각합니다.","wordCount":39}}},"rawDataInfo":{"question":{"fileFormat":"wav","fileSize":646478,"duration":20200,"samplingBit":16,"channelCount":1,"samplingRate":"16kHz","audioPath":"/Mock/01.Management/Female/Experienced/ckmk_q_bm_f_e_189811.wav"},"answer":{"fileFormat":"wav","fileSize":2184078,"duration":68250,"samplingBit":16,"channelCount":1,"samplingRate":"16kHz","audioPath":"/Mock/01.Management/Female/Experienced/ckmk_a_bm_f_e_189811.wav"}}}