{"version":"1.0","dataSet":{"info":{"date":"20230116","occupation":"BM","channel":"MOCK","place":"ONLINE","gender":"FEMALE","ageRange":"-34","experience":"EXPERIENCED"},"question":{"raw":{"text":"그동안 지원자님이 살아오면서 어 많은 조직과 단체에 속해 보셨을 텐데 그동안 속해 있었던 조직이나 단체 중에서 지원자님은 주로 어떤 역할을 하는 사람이었는지 설명해 주시기 바랍니다","wordCount":25},"emotion":[],"intent":[]},"answer":{"raw":{"text":"어 저는 주로 사실 단체 활동을 많이 하지 않았지만 만약에 그런 곳에 속하게 되었을 때 주로 아무 것도 안 하는 역할을 맡았습니다. 왜 그런지 모르겠지만 뭐 제가 굳이 나서지 않아서 그런 성격이라서 그럴 수도 있는데 뭐 팀원들 자체에서도 딱히 저한테 어떤 일을 기대하지 않았고 뭔가를 맡기지도 않았었고 그냥 되게 항상 조용히 묻어가는 역할을 했던 것 같습니다. 그래서 어떨 때는 그 팀에서 제가 있는지도 잘 모를 때가 있었어 가지구 오히려 뭔가 제가 갑작스럽게 거기에 빠지게 된다거나 할 때도 크게 뭔가 지장이 생기지 않았던 것 같애요. 그래서 사실 어떤 역할을 하는 사람이었냐 라는 질문이긴 하지만 저는 그냥 조용히 있는 역할을 했던 사람이었다고 생각합니다.","wordCount":101},"emotion":[],"intent":[{"text":"","expression":"","category":"attitude"}],"summary":{"text":"저는 단체 활동을 많이 하지는 않았지만 그런 곳에 속하게 되었을 때 거의 아무 것도 안 하는 역할을 맡았습니다. 어떤 일을 기대하지 않았고 그냥 조용히 묻어가는 역할을 했던 사람이었다고 생각합니다.","wordCount":29}}},"rawDataInfo":{"question":{"fileFormat":"wav","fileSize":489038,"duration":15280,"samplingBit":16,"channelCount":1,"samplingRate":"16kHz","audioPath":"/Mock/01.Management/Female/Experienced/ckmk_q_bm_f_e_148356.wav"},"answer":{"fileFormat":"wav","fileSize":2313678,"duration":72300,"samplingBit":16,"channelCount":1,"samplingRate":"16kHz","audioPath":"/Mock/01.Management/Female/Experienced/ckmk_a_bm_f_e_148356.wav"}}}