{"version":"1.0","dataSet":{"info":{"date":"20230116","occupation":"BM","channel":"MOCK","place":"ONLINE","gender":"FEMALE","ageRange":"35-44","experience":"EXPERIENCED"},"question":{"raw":{"text":"전공 이외에 자신이 수준급의 실력이 될 정도로 노력한 것이 있는지요 어 있다면 어떤 것인지 설명해 주시고요 또 전공과 관련해서 어떤 도움을 주는지도 말씀해 주시기 바랍니다","wordCount":25},"emotion":[],"intent":[]},"answer":{"raw":{"text":"전공 외에 저의 수준급 실력이 될 정도로 노력한 것이 있다면 컴퓨터 활용 능력입니다. 처음에는 컴퓨터 활용 능력을 공부한 목적은 다른 자격증을 취득하기 위함이었습니다. 그 자격증을 취득함에 있어서 컴퓨터 활용 관련된 컴퓨터 활용 기술 자격증이 있으면은 가산점이 있었기 때문에 처음에 정보처리기사라는 기사 자격증을 취득하게 되었습니다. 전공 그 서적을 사고 실기를 통해서 그 시험을 합격하였으며 또 다른 기기운용기능사라는 자격증을 또 취득하게 되었습니다. 이 자격증 취득을 하기 위해서 친구랑 같이 동영상 강의를 들었고 문제 풀이를 열심히 하였으며 그 실기 연습을 열심히 하였습니다. 이렇게 취득한 컴퓨터 활용 능력은 제가 업무를 수행함에 있을 때 좀 더 컴퓨터 관련해서 남들보다는 좀 더 수월하고 시간을 단축해서 업무를 할 수 있는 장점으로 다가왔으며 현재도 유용하게 이 능력을 활용하고 있습니다.","wordCount":111},"emotion":[],"intent":[{"text":"","expression":"","category":"attitude"}],"summary":{"text":"컴퓨터 활용 능력은 전공 외에 다른 자격증을 취득하기 위해 공부하다가, 자격증에 가산점이 있어 정보처리기사, 기기운용기능사 자격증을 따고, 동영상 강의와 실기 연습을 통해 다른 자격증도 취득하였습니다. 이 능력은 업무 수행 시 수월하고 시간 단축이 되어 현재도 유용하게 활용하고 있습니다.","wordCount":38}}},"rawDataInfo":{"question":{"fileFormat":"wav","fileSize":505678,"duration":15800,"samplingBit":16,"channelCount":1,"samplingRate":"16kHz","audioPath":"/Mock/01.Management/Female/Experienced/ckmk_q_bm_f_e_173779.wav"},"answer":{"fileFormat":"wav","fileSize":2775758,"duration":86740,"samplingBit":16,"channelCount":1,"samplingRate":"16kHz","audioPath":"/Mock/01.Management/Female/Experienced/ckmk_a_bm_f_e_173779.wav"}}}