{"version":"1.0","dataSet":{"info":{"date":"20230116","occupation":"BM","channel":"MOCK","place":"ONLINE","gender":"FEMALE","ageRange":"-34","experience":"EXPERIENCED"},"question":{"raw":{"text":"혹시 요즘 공부하고 있는 것이 있나요 공부하고 있는 것이 있다면 왜 그것을 공부하는지 그리고 지금까지는 어떤 것을 배웠는지도 말씀해 주세요","wordCount":20},"emotion":[],"intent":[]},"answer":{"raw":{"text":"어 저는 현재 독일어를 공부하고 있습니다. 음 언어 공부를 좀 하고 싶다고 느꼈던 적이 있는데 어렸을 때 어 고등학교에서 제이 외국어 수업으로 독일어 수업이 있었어요. 근데 그때 이제 선생님께서 되게 예쁘신 분이셨는데 외국어를 이제 독일어 뿐만 아니라 많은 언어를 구사하시는 분이었는데 그게 좀 멋있게 바라봤던 그 기억이 있습니다. 그래서 뭔가 저도 모르게 항상 그 공부를 하고 싶다고 생각이 들었었고 어 사실 본격적으로 공부한 건 얼마 안 됐는데 대학 때 이제 독일어 문학과 수업도 한 번 들어봤었어요. 그런데 분명히 교수님께서 난이도가 어렵지 않을 거다 기초 독일어 수준으로 이해하면 된다 라고 해서 그 수업을 수강을 했는데 뭐 갑자기 고학년 사람들이 오더라고요 막 대학교 삼 사 학년. 그분들이 듣는 수업처럼 갑자기 진행이 되는 바람에 제가 되게 못 쫓아갔던 기억이 있어요. 그래서 뭔가 그때 제가 이해할 수 없었던 그 상황에서의 답답함 같은 게 있어서 되게 오래 좀 저한테 각인됐던 것 같애요. 그래서 한 작년부터 독일어 공부를 좀 꾸준히 하고 있습니다.","wordCount":146},"emotion":[{"text":"그래서 뭔가 저도 모르게 항상 그 공부를 하고 싶다고 생각이 들었었고 어 사실 본격적으로 공부한 건 얼마 안 됐는데   대학 때 이제 독일어 문학과 수업도 한 번 들어봤었어요.","expression":"u-fact","category":"neutral"}],"intent":[{"text":"그래서 뭔가 저도 모르게 항상 그 공부를 하고 싶다고 생각이 들었었고 어 사실 본격적으로 공부한 건 얼마 안 됐는데   대학 때 이제 독일어 문학과 수업도 한 번 들어봤었어요.","expression":"c_private","category":"background"}],"summary":{"text":"고등학교 때 외국어 수업으로 독일어 수업을 들은 적이 있습니다. 근데 갑자기 고학년들이 수업을 진행하는 바람에 제가 따라가지 못해서 답답함이 느껴져서 작년부터 독일어 공부를 꾸준히 하고 있습니니다.","wordCount":26}}},"rawDataInfo":{"question":{"fileFormat":"wav","fileSize":366798,"duration":11460,"samplingBit":16,"channelCount":1,"samplingRate":"16kHz","audioPath":"/Mock/01.Management/Female/Experienced/ckmk_q_bm_f_e_148362.wav"},"answer":{"fileFormat":"wav","fileSize":2795598,"duration":87360,"samplingBit":16,"channelCount":1,"samplingRate":"16kHz","audioPath":"/Mock/01.Management/Female/Experienced/ckmk_a_bm_f_e_148362.wav"}}}