{"version":"1.0","dataSet":{"info":{"date":"20230116","occupation":"BM","channel":"MOCK","place":"ONLINE","gender":"FEMALE","ageRange":"-34","experience":"EXPERIENCED"},"question":{"raw":{"text":"지원자님께서 생각하실 때에 자신의 노년의 모습은 혹시 어떤 모습이었으면 좋겠을까요 이상적인 노년의 모습을 생각나는 대로 말씀해 주시기 바랍니다","wordCount":18},"emotion":[],"intent":[]},"answer":{"raw":{"text":"제가 생각했을 때 저의 노년의 모습은 전원 마을에서 시골에서 안락하고 평화로운 생활을 하는 것이라고 생각합니다. 저는 제가 경제적 자유를 이유로 안정적이고 평화롭게 시골 에서 텃밭도 가꾸고 강아지와 고양이를 키우며 가끔 손녀와 자식들을 보고 저희 남편과 가족들을 보고 사는 것이 제 인생의 낙이라고 생각합니다. 저는 삶에 있어서 안정과 자유를 이루기 위해서는 경제적 자유라는 성을 함락시키는 것이 중요하다고 생각하기 때문에 먼저 노후 대책을 제대로 세워서 노후 재정을 정비하고 노후 자금을 마련하여 노후에는 돈 걱정 없이 행복하게 사는 것이 가장 좋은 것이라고 생각합니다. 그리고 자연 속에서 걱정과 근심 없이 살고 싶다는 꿈을 가지고 있습니다. 감사합니다.","wordCount":92},"emotion":[],"intent":[{"text":"","expression":"","category":"attitude"}],"summary":{"text":"노후 대책을 제대로 세워 노후 재정을 정비하고 노후 자금을 마련하여 노후에는 돈 걱정 없이 행복하게 사는 것이 가장 좋은 것이라고 생각합니다. 그리고 자연 속에서 걱정과 근심 없이 살고 싶다는 꿈을 가지고 있습니다.","wordCount":32}}},"rawDataInfo":{"question":{"fileFormat":"wav","fileSize":383118,"duration":11970,"samplingBit":16,"channelCount":1,"samplingRate":"16kHz","audioPath":"/Mock/01.Management/Female/Experienced/ckmk_q_bm_f_e_180560.wav"},"answer":{"fileFormat":"wav","fileSize":2310478,"duration":72200,"samplingBit":16,"channelCount":1,"samplingRate":"16kHz","audioPath":"/Mock/01.Management/Female/Experienced/ckmk_a_bm_f_e_180560.wav"}}}