{"version":"1.0","dataSet":{"info":{"date":"20230116","occupation":"BM","channel":"MOCK","place":"ONLINE","gender":"FEMALE","ageRange":"45-54","experience":"EXPERIENCED"},"question":{"raw":{"text":"지원자님께서 우리 회사에 이 직무를 하기 위해 지원을 하셨는데요 왜 이 직무에 지원하셨는지 이유가 궁금합니다 그리고 본인이 생각할 때 본인이 이 직무에 왜 적합한 인재인지도 설명해 주시기 바랍니다","wordCount":28},"emotion":[],"intent":[]},"answer":{"raw":{"text":"제가 해당 분야에 지원한 이유는 제가 해당 분야에 실무 경험이 여러 번 있기 때문입니다. 그래서 현재 경력직에 지원하게 되었구요. 대학교 졸업 이후 저 같은 경우에는 관련 분야에서 총 삼 개월 정도 인턴을 경험했고 그 후에 제가 인턴을 했던 회사에서 정규직을 제안받아 총 삼 년 정도 더 근무한 경력이 있습니다. 또한 저는 제가 해당 업무를 진행할 때 가장 큰 보람과 즐거움을 느껴서 제 인생의 천직이라고 생각하고 있습니다.","wordCount":66},"emotion":[{"text":"대학교 졸업 이후 저 같은 경우에는 관련 분야에서 총 삼 개월 정도 인턴을 경험했고 그 후에 제가 인턴을 했던 회사에서 정규직을 제안받아 총 삼 년 정도 더 근무한 경력이 있습니다.","expression":"u-fact","category":"neutral"},{"text":"또한 저는 제가 해당 업무를 진행할 때 가장 큰 보람과 즐거움을 느껴서 제 인생의 천직이라고 생각하고 있습니다.","expression":"p-happiness","category":"positive"}],"intent":[{"text":"제가 해당 분야에 지원한 이유는 제가 해당 분야에 실무 경험이 여러 번 있기 때문입니다.","expression":"c_sincere_job","category":"etc"}],"summary":{"text":"저는 해당 분야에 실무 경험이 여러 번 있어서 현재 경력직에 지원하게 되었습니다. 제가 해당 업무를 진행할 때 가장 큰 보람과 즐거움을 느껴서 제 인생의 천직이라고 생각하고 있습니다.","wordCount":27}}},"rawDataInfo":{"question":{"fileFormat":"wav","fileSize":629198,"duration":19660,"samplingBit":16,"channelCount":1,"samplingRate":"16kHz","audioPath":"/Mock/01.Management/Female/Experienced/ckmk_q_bm_f_e_247843.wav"},"answer":{"fileFormat":"wav","fileSize":1854798,"duration":57960,"samplingBit":16,"channelCount":1,"samplingRate":"16kHz","audioPath":"/Mock/01.Management/Female/Experienced/ckmk_a_bm_f_e_247843.wav"}}}