{"version":"1.0","dataSet":{"info":{"date":"20230116","occupation":"BM","channel":"MOCK","place":"ONLINE","gender":"FEMALE","ageRange":"-34","experience":"EXPERIENCED"},"question":{"raw":{"text":"예 지원자님께서 가지고 계시는 자신만의 스트레스 해소 방법이 있다면 어떤 것인지 또 왜 그런 방법으로 스트레스를 해소하시는지도 좀 함께 말씀을 부탁드립니다","wordCount":21},"emotion":[],"intent":[]},"answer":{"raw":{"text":"네 저는 스트레스를 해소할 때 맛있는 걸 먹는 것 같습니다. 저는 맛있는 음식을 먹을 때 가장 행복하고 또 기분이 좋아지기도 하는데요. 어떨 때는 정말 좋아서 엔돌핀이 돌기도 합니다. 그리고 저는 어떤 음식이든 안 가리고 좀 시도를 하는 편인 것 같습니다. 뭐 한식 중식 일식 이렇게 우리가 기본적으로 먹을 수 있는 그런 음식 뿐만이 아니라 어 세계 각국의 나라의 그 특이한 음식들을 먹어보는 것도 좋아 하는데요. 그 음식들을 먹을 때 굉장히 낯선 것에 도전하는 그런 기분이 들기도 하지만 어쨌든 제가 그런 걸 시도해 봄으로써 아 다른 사람은 이런 식습관을 가지고 있고 이런 음식 문화를 가지고 있구나 라는 그런 체험을 하는 경험도 있는 것 같습니다. 어 사실 어떤 사람의 경우에는 그 낯선 음식을 먹는 거를 굉장히 꺼려하는 사람도 있다고 들었는데요. 저는 오히려 그런 새로운 시도를 해 봄으로써 기분을 좋게 느끼구요. 그리고 여행을 간다고 해도 저희는 식도락 여행을 많이 갑니다. 그래서 그 나라의 음식들을 직접 맛보고 체험하기도 하고요. 그리고 시장에 가서 직접 식재료를 가지고 와서 저는 요리도 좋아합니다. 먹는 거를 좋아하는 만큼 요리를 할 때도 행복함을 느껴서 그런 방법으로 저만의 스트레스를 해소하고 있는 것 같습니다.","wordCount":172},"emotion":[],"intent":[{"text":"","expression":"","category":"attitude"}],"summary":{"text":"저는 스트레스를 해소할 때 맛있는 음식을 먹으면 엔돌핀이 돌기도 하고, 어떤 음식이든 안 가리고 시도를 하는 편인데, 낯선 것에 도전하는 기분도 들지만 새로운 시도를 함으로써 다른 사람은 이런 식습관을 가지고 있고 이런 음식 문화를 가지고 있다는 체험을 하는 것 같습니다. 그리고 여행을 가더라도 그 나라의 음식들을 직접 맛보고 체험하기도 하며, 직접 식재료를 가지고 와서 요리도 좋아합니다.","wordCount":56}}},"rawDataInfo":{"question":{"fileFormat":"wav","fileSize":633998,"duration":19810,"samplingBit":16,"channelCount":1,"samplingRate":"16kHz","audioPath":"/Mock/01.Management/Female/Experienced/ckmk_q_bm_f_e_141117.wav"},"answer":{"fileFormat":"wav","fileSize":2851278,"duration":89100,"samplingBit":16,"channelCount":1,"samplingRate":"16kHz","audioPath":"/Mock/01.Management/Female/Experienced/ckmk_a_bm_f_e_141117.wav"}}}