{"version":"1.0","dataSet":{"info":{"date":"20230116","occupation":"BM","channel":"MOCK","place":"ONLINE","gender":"FEMALE","ageRange":"45-54","experience":"EXPERIENCED"},"question":{"raw":{"text":"귀하께서 여태까지 인생을 살아오시면서 본인이 실제로 겪었던 갈등 중 가장 심각하고 본인 스스로 어 힘들었던 갈등은 무엇인지 말씀해 주세요","wordCount":19},"emotion":[],"intent":[]},"answer":{"raw":{"text":"가장 심각했던 것은 인간관계의 문제였던 것 같습니다. 상대방과 저와의 생각이 달랐는데 다른 내용을 공유하지 못하고 각자 자기만의 생각을 가지고 그 생각대로 행동함으로 인하여 발생되었던 오해와 불신들이 서로를 너무 힘들게 하였습니다. 인간관계의 오해와 불신은 어떤 방법으로도 풀 수가 없는 어려웠던 문제였던 것 같습니다. 그래서 결국은 지금은 서로 보지 않는 단계에까지 이르렀습니다.","wordCount":50},"emotion":[],"intent":[{"text":"","expression":"","category":"attitude"}],"summary":{"text":"서로 다른 생각을 가지고 각자의 생각대로 행동함으로 생긴 오해와 불신들은 서로를 힘들게 하였고 이제는 서로 보지 않는 단계에까지 이르렀습니다. 이는 인간관계의 문제였습니다.","wordCount":22}}},"rawDataInfo":{"question":{"fileFormat":"wav","fileSize":552398,"duration":17260,"samplingBit":16,"channelCount":1,"samplingRate":"16kHz","audioPath":"/Mock/01.Management/Female/Experienced/ckmk_q_bm_f_e_103624.wav"},"answer":{"fileFormat":"wav","fileSize":1600718,"duration":50020,"samplingBit":16,"channelCount":1,"samplingRate":"16kHz","audioPath":"/Mock/01.Management/Female/Experienced/ckmk_a_bm_f_e_103624.wav"}}}