{"version":"1.0","dataSet":{"info":{"date":"20230116","occupation":"BM","channel":"MOCK","place":"ONLINE","gender":"FEMALE","ageRange":"35-44","experience":"EXPERIENCED"},"question":{"raw":{"text":"다양한 사람들과 함께 일을 하다 보면요 구성원들과 갈등이 생길 일이 많습니다 이럴 때 어떻게 해결을 하실 건지 말씀해 주시기 바랍니다","wordCount":20},"emotion":[],"intent":[]},"answer":{"raw":{"text":"구성원들과 갈등이 생길 때는 먼저 대화를 통해서 갈등의 원인부터 찾아낼 것 같습니다. 물론 대화를 하다 보면 개개인의 입장이 다 다르고 받아들이는 정도가 다르기 때문에 하나의 입장으로 모이기는 힘듭니다. 하지만 제일 중요한 것은 대화를 통해 구성원들의 마음을 읽어주고 이해해 주는 것이라고 생각합니다. 해결법이 백 프로 구성원들의 마음에 드는 경우는 없습니다. 하지만 우선 나의 마음을 읽어주고 이해해 준다면 어느 정도 풀린다고 생각하기 때문에 충분한 대화를 통해 해결할 수 있는 방법을 만들어 볼 것입니다.","wordCount":71},"emotion":[],"intent":[{"text":"구성원들과 갈등이 생길 때는 먼저 대화를 통해서 갈등의 원인부터 찾아낼 것 같습니다.","expression":"c_confl_mg","category":"personality"}],"summary":{"text":"구성원들과 갈등이 생길 때는 대화를 통해 갈등의 원인부터 찾아낼 것 같습니다. 가장 중요한 것은 대화를 통해 구성원들의 마음을 읽어주고 이해해 주는 것이라고 생각합니다.","wordCount":23}}},"rawDataInfo":{"question":{"fileFormat":"wav","fileSize":420878,"duration":13150,"samplingBit":16,"channelCount":1,"samplingRate":"16kHz","audioPath":"/Mock/01.Management/Female/Experienced/ckmk_q_bm_f_e_199084.wav"},"answer":{"fileFormat":"wav","fileSize":1222478,"duration":38200,"samplingBit":16,"channelCount":1,"samplingRate":"16kHz","audioPath":"/Mock/01.Management/Female/Experienced/ckmk_a_bm_f_e_199084.wav"}}}