{"version":"1.0","dataSet":{"info":{"date":"20230116","occupation":"BM","channel":"MOCK","place":"ONLINE","gender":"FEMALE","ageRange":"-34","experience":"EXPERIENCED"},"question":{"raw":{"text":"멀티채널과 옴니채널의 개념과 그리고 그 차이점에 대해서 설명해 주세요","wordCount":9},"emotion":[],"intent":[]},"answer":{"raw":{"text":"멀티 채널과 옴니 채널의 개념과 차이점에 대해 설명하겠습니다. 먼저 멀티 채널은 기존의 우리가 사용하고 있는 채널을 말하는데 한 마디로 티비 인터넷 등 동시 교차 구매를 유통한 시너지 효자 효과를 얻고자 하는 플랫폼을 의미합니다. 또한 옴니 채널에 대해 설명하겠습니다. 옴니 채널은 모든 것을 의미하는 것 또는 모든 방식을 의미하는 적투성 옴니와 유통경 경로를 의미하는 채널의 합성어를 의미합니다. 멀티 채널과 옴니 채널의 차이점을 들자면 멀티 채널로 운영하고 있는 각 채널을 독립적으로 운영하고 온 오프라인의 경매 경쟁 상대라고 하면 옴니 채널은 고객 중심의 채널로 온 오프라인 이상 관계라는 점에서 차이를 보이고 있습니다. 최근 유통산업은 다양한 채널의 진화로 멀티 채널에서 옴니 채널로 진화하고 있는 양상을 보이고 있습니다. 감사합니다.","wordCount":104},"emotion":[{"text":"먼저 멀티 채널은 기존의 우리가 사용하고 있는 채널을 말하는데 한 마디로 티비 인터넷 등 동시 교차 구매를 유통한 시너지 효자 효과를 얻고자 하는 플랫폼을 의미합니다.","expression":"u-fact","category":"neutral"},{"text":"옴니 채널은 모든 것을 의미하는 것 또는 모든 방식을 의미하는 적투성 옴니와 유통경 경로를 의미하는 채널의 합성어를 의미합니다.","expression":"u-fact","category":"neutral"},{"text":"멀티 채널과 옴니 채널의 차이점을 들자면 멀티 채널로 운영하고 있는 각 채널을 독립적으로 운영하고 온 오프라인의 경매 경쟁 상대라고 하면 옴니 채널은 고객 중심의 채널로 온 오프라인 이상 관계라는 점에서 차이를 보이고 있습니다.","expression":"u-fact","category":"neutral"},{"text":"최근 유통산업은 다양한 채널의 진화로 멀티 채널에서 옴니 채널로 진화하고 있는 양상을 보이고 있습니다.","expression":"u-fact","category":"neutral"}],"intent":[{"text":"","expression":"","category":"attitude"}],"summary":{"text":"멀티 채널은 티비 인터넷 등 동시 교차 구매를 유통한 시너지 효과를 얻는 플랫폼을 의미하며, 옴니 채널은 모든 것을 의미하는 것과 모든 방식을 의미하는 적투성 옴니와 유통경 경로를 의미하는 채널의 합성어를 의미합니다.","wordCount":31}}},"rawDataInfo":{"question":{"fileFormat":"wav","fileSize":243278,"duration":7600,"samplingBit":16,"channelCount":1,"samplingRate":"16kHz","audioPath":"/Mock/01.Management/Female/Experienced/ckmk_q_bm_f_e_180794.wav"},"answer":{"fileFormat":"wav","fileSize":2482638,"duration":77580,"samplingBit":16,"channelCount":1,"samplingRate":"16kHz","audioPath":"/Mock/01.Management/Female/Experienced/ckmk_a_bm_f_e_180794.wav"}}}