{"version":"1.0","dataSet":{"info":{"date":"20230116","occupation":"BM","channel":"MOCK","place":"ONLINE","gender":"FEMALE","ageRange":"-34","experience":"EXPERIENCED"},"question":{"raw":{"text":"지원자님께서 다른 지원자들에 비해 지원자님만이 가진 차별성 장점을 어필한다면 어떤 것이 있을지 궁금한데요 말씀해 주시기 바랍니다","wordCount":16},"emotion":[],"intent":[]},"answer":{"raw":{"text":"어 저 성격은 적응력이 강하다는 것입니다. 그래서 그동안 어떤 회사 또 어떤 업무를 맡게 됐었을 때도 어 빠르게 적응할 수 있었습니다. 어 저는 학창 시절부터 친구들이 너는 어디 가서도 잘 살 거야라는 말을 자주 들었습니다. 어 이런 저의 성격으로 어 해당 회사에서도 잘 적응하고 업무에 빠르게 적응하고 또 같이 일하는 동료와 선배 또 상관님과 어 친화력을 가지고 잘 진행했습니다.","wordCount":59},"emotion":[],"intent":[{"text":"어 저 성격은 적응력이 강하다는 것입니다.","expression":"c_person","category":"background"}],"summary":{"text":"저의 성격은 적응력이 강해서 어떤 회사나 업무를 맡게 됐었을 때도 빠르게 적응할 수 있었습니다. 그래서 제 성격으로 해당 회사에서도 잘 적응했습니다.","wordCount":21}}},"rawDataInfo":{"question":{"fileFormat":"wav","fileSize":668238,"duration":20880,"samplingBit":16,"channelCount":1,"samplingRate":"16kHz","audioPath":"/Mock/01.Management/Female/Experienced/ckmk_q_bm_f_e_261969.wav"},"answer":{"fileFormat":"wav","fileSize":1379918,"duration":43120,"samplingBit":16,"channelCount":1,"samplingRate":"16kHz","audioPath":"/Mock/01.Management/Female/Experienced/ckmk_a_bm_f_e_261969.wav"}}}