{"version":"1.0","dataSet":{"info":{"date":"20230116","occupation":"BM","channel":"MOCK","place":"ONLINE","gender":"FEMALE","ageRange":"-34","experience":"EXPERIENCED"},"question":{"raw":{"text":"협업을 할 일이 많이 생길 수 있습니다 이전 직장에서나 대학을 다닐 때 협업을 하면서 어려운 점이 있었나요 있었다면 그 점에 대해서 말씀해 주세요","wordCount":23},"emotion":[],"intent":[]},"answer":{"raw":{"text":"저는 협업을 하는 것이 아주 좋다고 생각합니다. 왜냐하면 제가 하는 일에 있어서 저의 시각으로만 보거나 저희 팀의 시각으로만 보면 해결되지 않고 모르는 부분이 많이 있다고 생각합니다. 하지만 협업을 통해서 그 분야에 전문가들과 만나서 그 분야에 대해서 더 잘 알고 그 분야에 대해서 더 통합적으로 관리하고 체계적으로 관리할 수 있다고 생각합니다. 저는 제가 모르는 지식에 있어서 분야를 알고 있는 그 분들과의 협업을 성실히 수행해 나갈 것입니다. 협업을 할 때 어려운 점이 있다면 서로 간에 커뮤니케이션이 잘 되지 않는다는 점을 들 수 있습니다. 커뮤니케이션은 언제나 가장 중요한 덕목이라고 생각합니다. 커뮤니케이션이 잘 되지 않는다면 오해가 생겨서 일을 처음부터 다시 해야 되는 커뮤니케이션 비용이 막대하게 발생할 수 있고 그로 인해 힘든 일을 겪을 수 있기 때문입니다. 저는 그러한 어려운 점을 원만한 대 대화와 끊임없이 질문하는 것으로 서로 해결해 나갈 것입니다. 가장 중요한 것은 모르는 것을 아는 것이라고 생각합니다. 따라서 질문할 것입니다. 감사합니다.","wordCount":138},"emotion":[],"intent":[{"text":"저는 협업을 하는 것이 아주 좋다고 생각합니다.","expression":"c_cop","category":"personality"},{"text":"하지만 협업을 통해서 그 분야에 전문가들과 만나서 그 분야에 대해서 더 잘 알고 그 분야에 대해서 더 통합적으로 관리하고 체계적으로 관리할 수 있다고 생각합니다.","expression":"c_cop","category":"personality"},{"text":"저는 그러한 어려운 점을 원만한 대 대화와 끊임없이 질문하는 것으로 서로 해결해 나갈 것입니다.","expression":"c_confl_mg","category":"personality"}],"summary":{"text":"협업을 통해서 그 분야에 전문가들과 만나서 그 분야에 대해 더 잘 알고 통합적이고 체계적으로 관리할 수 있습니다. 협업을 할 때 어려운 점이 있다면 서로 간에 커뮤니케이션이 잘 되지 않는다는 점입니다. 커뮤니케이션은 언제나 가장 중요한 덕목이라고 생각합니다. 가장 중요한 것은 모르는 것을 아는 것입니다. 따라서 질문할 것입니다.","wordCount":46}}},"rawDataInfo":{"question":{"fileFormat":"wav","fileSize":454158,"duration":14190,"samplingBit":16,"channelCount":1,"samplingRate":"16kHz","audioPath":"/Mock/01.Management/Female/Experienced/ckmk_q_bm_f_e_180562.wav"},"answer":{"fileFormat":"wav","fileSize":2802958,"duration":87590,"samplingBit":16,"channelCount":1,"samplingRate":"16kHz","audioPath":"/Mock/01.Management/Female/Experienced/ckmk_a_bm_f_e_180562.wav"}}}