{"version":"1.0","dataSet":{"info":{"date":"20230116","occupation":"BM","channel":"MOCK","place":"ONLINE","gender":"FEMALE","ageRange":"-34","experience":"EXPERIENCED"},"question":{"raw":{"text":"지원자님께서 우리 회사에 들어오게 된다면 제일 가고 싶은 부서와 왜 그렇게 생각하시는지 이유도 함께 설명해 주시면 감사하겠습니다","wordCount":17},"emotion":[],"intent":[]},"answer":{"raw":{"text":"저는 저희 회사에 들어오게 된다면 가장 가고 싶은 부서는 전략 사업 팀입니다. 저는 다른 회사에서 사무 보조로 일을 하게 되었을 때 전략 사업 팀에서 근무한 경험이 있습니다. 저는 그 전략 사업 팀에서 어떤 전략을 꾸리고 그 전략에 맞춰서 방향을 수립하고 그 일을 어떻게 처리해야 되는지 모든 일을 처리하는 과정에 있어서 중요한 것 중요한 일을 담당하는 부분이 전략 사업 팀이라고 생각했습니다. 저는 팀원들과 소통하여 회의와 미팅을 진행하고 그 이 과정에서 어떤 일을 진행하고 있는지 서로의 진행 상황을 공유하고 앞으로 어떤 문제점이 있고 개선해야 할지 앞으로 어떤 방향으로 나아갈지에 대해서 팀원들과 논의하고 전략을 꾸리고 일을 해나갈 것입니다. 그런 과정이 제가 전력 사업 팀에 들어간다면 잘 할 수 있는 일이라고 생각했습니다. 감사합니다.","wordCount":109},"emotion":[],"intent":[{"text":"저는 다른 회사에서 사무 보조로 일을 하게 되었을 때 전략 사업 팀에서 근무한 경험이 있습니다.","expression":"c_private","category":"background"}],"summary":{"text":"저는 다른 회사에서 사무 보조로 일을 하게 되었을 때 전략 사업 팀에서 근무한 경험이 있습니다. 그 전략 사업 팀이 어떤 전략을 꾸리고 방향을 수립하고 일을 어떻게 처리해야 되는지 중요한 일을 담당하는 부분을 제가 전력 사업 팀에 들어간다면 잘 할 수 있을 것이라고 생각했습니다.","wordCount":43}}},"rawDataInfo":{"question":{"fileFormat":"wav","fileSize":368078,"duration":11500,"samplingBit":16,"channelCount":1,"samplingRate":"16kHz","audioPath":"/Mock/01.Management/Female/Experienced/ckmk_q_bm_f_e_180793.wav"},"answer":{"fileFormat":"wav","fileSize":2480718,"duration":77520,"samplingBit":16,"channelCount":1,"samplingRate":"16kHz","audioPath":"/Mock/01.Management/Female/Experienced/ckmk_a_bm_f_e_180793.wav"}}}