{"version":"1.0","dataSet":{"info":{"date":"20230116","occupation":"BM","channel":"MOCK","place":"ONLINE","gender":"FEMALE","ageRange":"45-54","experience":"EXPERIENCED"},"question":{"raw":{"text":"일을 하다가 만약에 상사에게 어려운 지시를 받으면 어떻게 하시겠는지요 어 그렇게 하실 이유도 함께 말씀해 주시면 좋겠습니다","wordCount":17},"emotion":[],"intent":[]},"answer":{"raw":{"text":"어려운 지시를 받으면요 해야죠 네 해야죠. 어려운 지시를 그냥 주겠어요. 뭐 지나가는 사람이 제가 걸려 가지고 저한테 주겠어요. 아니 아니죠 네 해결을 할 만한 사람한테 그거를 넘기죠. 보통 그러니까 네 그러면 해야죠. 네 그 부분에 대해서 믿고 맡긴 거기 때문에 좀 제가 할 수 있는 한 해서 최선을 다해서 그 기대에 부응하는게 제가 소속된 직원으로서 할 수 있는 최선의 어 태도이고 그쵸 네 그런데 그게 뭐 조금 뭐랄까요. 어떤 떠넘기기식 네 어떤 발생될 피해나 그런 책임에 대해서 회피를 하면서 저에게 떠넘긴다 그런 건 안 하죠. 그런건 네 뭐 신뢰고 뭐고 회사 내 어떤 거고 뭐고 안에 그런 건 안 하죠. 아예 완전히 그냥 거부합니다. 살아야죠 스스로.","wordCount":106},"emotion":[],"intent":[{"text":"","expression":"","category":"attitude"}],"summary":{"text":"믿고 맡긴 거기 때문에 좀 제가 할 수 있는 한 해서 최선을 다해서 그 기대에 부응하는게 제가 소속된 직원으로서 할 수 있는 최선의 태도이고, 어떤 발생될 피해나 그런 책임에 대해서 회피를 하면서 저에게 떠넘긴다 그런 건 안 하죠.  그런건 완전히 그냥 거부합니다","wordCount":42}}},"rawDataInfo":{"question":{"fileFormat":"wav","fileSize":417358,"duration":13040,"samplingBit":16,"channelCount":1,"samplingRate":"16kHz","audioPath":"/Mock/01.Management/Female/Experienced/ckmk_q_bm_f_e_177719.wav"},"answer":{"fileFormat":"wav","fileSize":2847438,"duration":88980,"samplingBit":16,"channelCount":1,"samplingRate":"16kHz","audioPath":"/Mock/01.Management/Female/Experienced/ckmk_a_bm_f_e_177719.wav"}}}