{"version":"1.0","dataSet":{"info":{"date":"20230116","occupation":"BM","channel":"MOCK","place":"ONLINE","gender":"FEMALE","ageRange":"55-","experience":"EXPERIENCED"},"question":{"raw":{"text":"혹시 지금 공부하고 있는 분야가 어떤 것인가요 그리고 그것은 왜 공부하고 있는지 지금까지는 어떤 것들을 배웠는지도 말씀해 주세요","wordCount":18},"emotion":[],"intent":[]},"answer":{"raw":{"text":"저는 어떤 부분에 있어서 근거를 도출하기 위해서는 데이터들을 잘 수집하고 관리하고 그리고 그를 통해서 자료들을 잘 보관하는 작업이 굉장히 중요하다 라고 생각하고 있습니다. 그래서 대학교 시절에 통계 프로그램들을 열심히 배웠고 또한 통계사 자격증이 있습니다. 그리고 그런 부분들을 잘 활용하기 위해서 계속해서 일과 후에 연습 중에 있습니다.","wordCount":46},"emotion":[],"intent":[{"text":"","expression":"","category":"attitude"}],"summary":{"text":"데이터들을 수집, 관리, 보관하는 작업이 중요하다고 생각합니다. 그래서 통계사 자격증을 가지고 일과 후 연습 중에 있습니다..","wordCount":16}}},"rawDataInfo":{"question":{"fileFormat":"wav","fileSize":345038,"duration":10780,"samplingBit":16,"channelCount":1,"samplingRate":"16kHz","audioPath":"/Mock/01.Management/Female/Experienced/ckmk_q_bm_f_e_248795.wav"},"answer":{"fileFormat":"wav","fileSize":1987918,"duration":62120,"samplingBit":16,"channelCount":1,"samplingRate":"16kHz","audioPath":"/Mock/01.Management/Female/Experienced/ckmk_a_bm_f_e_248795.wav"}}}