{"version":"1.0","dataSet":{"info":{"date":"20230116","occupation":"BM","channel":"MOCK","place":"ONLINE","gender":"FEMALE","ageRange":"35-44","experience":"EXPERIENCED"},"question":{"raw":{"text":"문서 작업 시 실수나 오타 등을 방지하기 위한 자신만의 방법이 있습니까 그럼 설명해 주세요","wordCount":14},"emotion":[],"intent":[]},"answer":{"raw":{"text":"네 저는 문서 작업을 할 때 어 견고하고 또 완성도 높여야 하는 게 중요하다고 생각이 듭니다. 일단 기본적으로 저는 여러 가지 프로그램을 다룰 수가 있고요. 그리고 문서 작업을 많이 해 본 경험이 있기 때문에 실수나 오탈 자를 방지할 수 있는 경험적인 부분도 가지고 있습니다. 어 기본적으로 제가 문서 작업을 하고 난 다음에 여러 차례에 걸쳐서 검수를 하게 되는데요. 이렇게 여러 차례에 걸쳐서 제가 반복적으로 보게 되면 실수나 오탈 자들이 많이 줄어드는 것 같습니다. 그리고 제가 기본적으로 문서 작업을 항상 하고 있고 또 여러 가지 공부를 통해서 배웠기 때문에 이런 점들을 좀 능숙하게 다룰 수가 있고요. 그리고 제가 만약에 상사께 보고를 드린다거나 아니면 완료하기 전에 저는 다른 사람보다 반복적으로 두 번에서 세 번까지 어 확인 작업을 하게 됩니다. 이렇게 하게 되면 아무래도 실수를 줄일 수 있고 제가 또 완벽하게 문서 작업을 할 수 있기 때문에 이렇게 업무를 처리하는 편이고요. 제가 입사를 하게 된다면 이런 문서 작업을 통해서 실수나 오탈 자를 방지를 해서 어 좀 완벽한 문서로 제출할 수 있도록 하겠습니다.","wordCount":159},"emotion":[],"intent":[{"text":"그리고 문서 작업을 많이 해 본 경험이 있기 때문에 실수나 오탈 자를 방지할 수 있는   경험적인 부분도 가지고 있습니다.","expression":"m_admin","category":"technology"}],"summary":{"text":"문서 작업을 할 때 완성도가 높아야 하는 게 중요합니다. 저는 여러 프로그램을 다룰 수 있고, 문서 작업을 많이 해 본 경험이 있어서 실수나 오탈 자를 방지할 수 있는 경험도 있습니다. 문서 작업을 항상 하고 있고, 여러 가지 공부를 통해서 배웠기 때문에 이런 점들을 좀 능숙하게 다룰 수가 있었습니다.","wordCount":48}}},"rawDataInfo":{"question":{"fileFormat":"wav","fileSize":394958,"duration":12340,"samplingBit":16,"channelCount":1,"samplingRate":"16kHz","audioPath":"/Mock/01.Management/Female/Experienced/ckmk_q_bm_f_e_108764.wav"},"answer":{"fileFormat":"wav","fileSize":2557518,"duration":79920,"samplingBit":16,"channelCount":1,"samplingRate":"16kHz","audioPath":"/Mock/01.Management/Female/Experienced/ckmk_a_bm_f_e_108764.wav"}}}