{"version":"1.0","dataSet":{"info":{"date":"20230116","occupation":"BM","channel":"MOCK","place":"ONLINE","gender":"FEMALE","ageRange":"55-","experience":"EXPERIENCED"},"question":{"raw":{"text":"지원자님께서는 전공 외에 수준급의 실력이 될 정도로 노력한 분야가 있으십니까 있다면 전공과 관련하여 어떤 도움을 줄 수 있는지도 궁금합니다","wordCount":19},"emotion":[],"intent":[]},"answer":{"raw":{"text":"예 제 전공은 어 이과 쪽으로 화학이었는데요. 어 제가 그 화학은 화학 쪽으로는 이제 가고 싶지 않아서 그때부터 영어 회화 공부를 했습니다. 그래 영어 회화 가능하구요. 근데 애석하게도 화학 쪽으로는 제가 직업을 선택하지 않게 되었습니다. 외국어 공부를 하면서 어 영어 쪽이죠 영어하고 어 러시아어를 공부를 했었는데요. 영어를 공부를 하면서 영어 회화 가능하고 아 외국인과 많이 상대를 하였습니다. 외국인 행사도 많이 뛰어봤는데요. 그때마다 아 외국인들한테 우리 나라를 좀 유창하게 더 소개해 주고 싶은 마음에 더욱더 열심히 노력하게 되었습니다. 아 영어는 보통 제가 화학 전공을 했지만 화학 쪽으로 가진 않았거든요. 근데 화학하는 친구들 중에서는 제가 제일 잘하지 않을까 그런 생각이 듭니다. 네 네 감사합니다.","wordCount":102},"emotion":[{"text":"예 제 전공은 어  이과 쪽으로 화학이었는데요.","expression":"u-fact","category":"neutral"}],"intent":[{"text":"","expression":"","category":"attitude"}],"summary":{"text":"전공은 이과 쪽 화학이지만, 화학을 피하고 싶어 영어 회화 공부를 했습니다. 그 후 러시아어도 공부를 했었는데, 영어 회화 가능하고 외국인과 많이 상대했습니다. 외국인들에게 우리 나라를 좀 유창하게 소개해 주고 싶은 마음으로 열심히 노력하겠습니다.","wordCount":33}}},"rawDataInfo":{"question":{"fileFormat":"wav","fileSize":572878,"duration":17900,"samplingBit":16,"channelCount":1,"samplingRate":"16kHz","audioPath":"/Mock/01.Management/Female/Experienced/ckmk_q_bm_f_e_189784.wav"},"answer":{"fileFormat":"wav","fileSize":2432718,"duration":76020,"samplingBit":16,"channelCount":1,"samplingRate":"16kHz","audioPath":"/Mock/01.Management/Female/Experienced/ckmk_a_bm_f_e_189784.wav"}}}