{"version":"1.0","dataSet":{"info":{"date":"20230116","occupation":"BM","channel":"MOCK","place":"ONLINE","gender":"FEMALE","ageRange":"-34","experience":"EXPERIENCED"},"question":{"raw":{"text":"지원자님께서 이 직무에 지원한 이유가 무엇인지 궁금합니다 어 말씀을 한번 해 주시기 바랍니다 그리고 본인은 본인이 왜 적합한 인재인지도 설명해 주시기 바랍니다","wordCount":22},"emotion":[],"intent":[]},"answer":{"raw":{"text":"어 저는 자금 행정 직무에 지원을 하였는데요. 어 지원한 이유는 저의 성격적인 꼼꼼함과 또 꼼꼼함이 어 맞아서 이 업무에 적합하다고 생각합니다. 어 저는 음 누구나 지나칠 수 있는 그것도 꼼꼼히 살펴보고 계산을 할려고 하는 사람입니다. 어 산업 지원센터에 예산을 관리할 때도 그냥 지나칠 수 있는 고정비 항목도 꼼꼼하게 확인을 하여서 어 데이터를 그 그 월별 장비 사용 데이터를 분석을 해서 어 불필요한 장비의 대여를 중지시킴으로써 고정비 항목도 어 제거하였습니다. 이렇게 지나칠 수 있는 어 고정비용 항목도 꼼꼼하게 확인을 해서 어 이 회사에서도 음 불필요한 비용을 발생되지 않도록 하겠습니다.","wordCount":88},"emotion":[],"intent":[{"text":"어 지원한 이유는 저의 성격적인 꼼꼼함과 또 꼼꼼함이 어 맞아서 이 업무에 적합하다고 생각합니다.","expression":"c_person","category":"background"},{"text":"어 저는 음 누구나 지나칠 수 있는 그것도 꼼꼼히 살펴보고 계산을 할려고 하는 사람입니다.","expression":"c_person","category":"background"},{"text":"어 산업 지원센터에 예산을 관리할 때도 그냥 지나칠 수 있는 고정비 항목도 꼼꼼하게 확인을 하여서 어 데이터를 그 그 월별 장비 사용 데이터를 분석을 해서 어 불필요한 장비의 대여를 중지시킴으로써 고정비 항목도 어 제거하였습니다.","expression":"m_acct","category":"technology"},{"text":"이렇게 지나칠 수 있는 어 고정비용 항목도 꼼꼼하게 확인을 해서 어 이 회사에서도 음 불필요한 비용을 발생되지 않도록 하겠습니다.","expression":"c_sincere_co","category":"etc"}],"summary":{"text":"저는 성격이 꼼꼼해서 자금 행정 직무에 지원했습니다. 산업 지원센터 예산 관리시 불필요한 장비의 대여를 중지시켜 고정비용 항목을 제거했고 이 회사에서도 불필요한 비용을 발생시키지 않도록 하겠습니다.","wordCount":25}}},"rawDataInfo":{"question":{"fileFormat":"wav","fileSize":593678,"duration":18550,"samplingBit":16,"channelCount":1,"samplingRate":"16kHz","audioPath":"/Mock/01.Management/Female/Experienced/ckmk_q_bm_f_e_236404.wav"},"answer":{"fileFormat":"wav","fileSize":2119118,"duration":66220,"samplingBit":16,"channelCount":1,"samplingRate":"16kHz","audioPath":"/Mock/01.Management/Female/Experienced/ckmk_a_bm_f_e_236404.wav"}}}