{"version":"1.0","dataSet":{"info":{"date":"20230116","occupation":"BM","channel":"MOCK","place":"ONLINE","gender":"FEMALE","ageRange":"-34","experience":"EXPERIENCED"},"question":{"raw":{"text":"지원자님께서는 평소에 개인 작업을 많이 하시는 편인가요 그렇다면 그렇게 할 수 있는 원동력이 무엇이라고 생각하십니까","wordCount":15},"emotion":[],"intent":[]},"answer":{"raw":{"text":"네 개인 작업을 많이 하는 편이기도 하고 어 또 많이 하려고도 노력을 하는 편이기도 합니다. 어 왜냐하면 물론 이제 회사가 원하는 방향과 제가 원하는 방향이 일치를 하게 된다면 가장 좋은 조건이겠지만 사실 회사가 원하는 방향을 제가 원하는 방향이 일치하지 않을 수도 있는 상황이 많지 않습니까 하지만 그렇다고 하더라도 저는 항상 회사가 원하는 목표를 이루도록 하는 것이 가장 제 우선의 업무이기 때문에 회사에서는 무조건 회사가 원하는 방향으로 먼저 작업을 하지만 그것만으로 채워지지 않는 어떤 제 자아 실현이라든지 제 욕구를 좀 더 채워줄 수 있는 그런 활동을 좀 원하기도 하기 때문에 어 그런 자아 실현을 개인적인 자아 실현을 하기 위해서 개인 작업을 하기도 합니다. 그리고 또 이런 개인 작업을 하면서 제 자아 실현을 하다 보면 결국에는 이런 어떤 자아 실현을 하면서 나아가는 과정이라든지 느끼는 경험 이런 것들이 결국에는 제가 업무를 하는 데 있어서도 도움이 많이 되기 때문에 어 개인적인 작업을 많이 하려고 하는 편입니다.","wordCount":142},"emotion":[],"intent":[{"text":"","expression":"","category":"attitude"}],"summary":{"text":"저는 회사가 원하는 목표를 이루도록 하는 것이 제 우선 업무이기 때문에 개인 작업을 많이 하는 편입니다. 또 개인 작업을 하면서 제 자아 실현을 하다 보면 결국에는 업무 수행에 도움이 많이 되기 때문에 개인적인 작업을 많이 하려고 합니다.","wordCount":37}}},"rawDataInfo":{"question":{"fileFormat":"wav","fileSize":355278,"duration":11100,"samplingBit":16,"channelCount":1,"samplingRate":"16kHz","audioPath":"/Mock/01.Management/Female/Experienced/ckmk_q_bm_f_e_189805.wav"},"answer":{"fileFormat":"wav","fileSize":2085198,"duration":65160,"samplingBit":16,"channelCount":1,"samplingRate":"16kHz","audioPath":"/Mock/01.Management/Female/Experienced/ckmk_a_bm_f_e_189805.wav"}}}