{"version":"1.0","dataSet":{"info":{"date":"20230116","occupation":"BM","channel":"MOCK","place":"ONLINE","gender":"FEMALE","ageRange":"35-44","experience":"EXPERIENCED"},"question":{"raw":{"text":"기업도 어 직원들의 교육 훈련이 있습니다 이 교육 훈련의 어 십 년 후의 모습은 어떻게 바뀌어 있을 것으로 예상을 하십니까","wordCount":20},"emotion":[],"intent":[]},"answer":{"raw":{"text":"네 제가 생각했을 때는 앞으로 기업 교육 훈련이 십 년 뒤에는 훨씬 더 발전되고 빠른 모습으로 변화할 것 같습니다. 어 사실 지금은 오프라인 중심으로 이뤄지고 있지만 이런 기업 교육 훈련이 앞으로는 온라인 중심으로 이동을 하게 될 것 갔고요. 그러면서 여러 가지 훈련 방법이 변화하면서 앞으로 십 년 뒤에는 아무래도 많은 변화들이 예상이 됩니다. 아 그리고 기업 교육 훈련이 사실은 굉장히 중요한 분야입니다. 직원들의 교육을 다루고 또 회사의 방침이나 이런 거를 전달할 수 있기 때문에 어 계속해서 이루어져야 되고 발전된 모습으로 바뀌어야 한다고 생각을 하는데요. 어 앞으로 십 년을 예측하기 힘들 정도로 불과 삼 년 오 년 뒤에는 더 빠른 속도로 다양하게 변화가 이뤄질 것이라고 생각을 합니다. 그래서 기업들도 이 변화에 발맞춰서 빠르게 변화하고 그거에 대응하는 전략이 필요하다고 생각을 합니다.","wordCount":119},"emotion":[],"intent":[{"text":"","expression":"","category":"attitude"}],"summary":{"text":"기업 교육 훈련이 십 년 뒤에는 온라인 중심으로 이동하며 많은 변화들이 예상됩니다. 또한 기업 교육 훈련은 직원들의 교육을 다루므로 발전된 모습으로 바뀌어야 합니다. 기업의 변화에 발맞춰서 빠르게 변화하고 그에 대응하는 전략이 필요합니다.","wordCount":32}}},"rawDataInfo":{"question":{"fileFormat":"wav","fileSize":573518,"duration":17920,"samplingBit":16,"channelCount":1,"samplingRate":"16kHz","audioPath":"/Mock/01.Management/Female/Experienced/ckmk_q_bm_f_e_118933.wav"},"answer":{"fileFormat":"wav","fileSize":2107598,"duration":65860,"samplingBit":16,"channelCount":1,"samplingRate":"16kHz","audioPath":"/Mock/01.Management/Female/Experienced/ckmk_a_bm_f_e_118933.wav"}}}