{"version":"1.0","dataSet":{"info":{"date":"20230116","occupation":"BM","channel":"MOCK","place":"ONLINE","gender":"FEMALE","ageRange":"-34","experience":"EXPERIENCED"},"question":{"raw":{"text":"지원자님 창의성과 팀워크 중 더 중요한 것은 무엇이라고 생각하십니까 지원자님의 근거와 함께 들어서 좋은 말씀 이해관계 설명 부탁드려요","wordCount":18},"emotion":[],"intent":[]},"answer":{"raw":{"text":"저는 창의성과 팀워크 어느 거 하나 빼놓을 것 없이 굉장히 모두 중요한 요소라고 생각을 하는데요.어 그래도 그중에서 하나를 꼽자고 하면 어 저희 팀에서는 창의성보다는 팀 워크가 훨씬 더 중요한 것 같습니다. 왜냐하면 저희가 이제 경영 지원 업무를 하기 때문에 어 부서 간의 협의가 필요하거나 아니면 팀원 내에서도 의견을 합치해서 공동으로 협의를 해야 되는 경우가 굉장히 많습니다. 이렇게 공동으로 노력이 진행되지 않으면 어떠한 부분이 빠지거나 아니면 다른 사람이 더 일을 많이 해야 되는 그런 경우도 발생할 수가 있습니다. 그렇기 때문에 무엇보다 참여적인 태도 그리고 같이 하려는 노력들이 중요하다고 생각을 하는데요. 어 저는 그런 면에서 어 개인의 창의성도 중요하지만 저희 업무에서는 팀워크가 중요하다고 생각을 하고 저도 그 부분에 초점을 맞춰서 더 노력을 하고 있습니다. 어 제가 업무를 어 게을리하지 않고 그리고 더 열심히 하는 이유는 팀원 내에서 제가 어 피해를 주기 싫기 때문인데요. 더 나아가서 팀원에게 도움이 되고 제가 보탬이 되는 그런 팀원으로서 자리하고 싶다는 생각이 많이 들었습니다. 그래서 저는 앞으로도 이 업무를 맡게 되면 팀원과 협업을 통해서 그 부분들을 더욱더 발전시켜 나갈 수 있도록 하겠습니다.","wordCount":164},"emotion":[],"intent":[{"text":"그렇기 때문에 무엇보다 참여적인 태도   그리고 같이 하려는 노력들이 중요하다고 생각을 하는데요.","expression":"c_cop","category":"personality"},{"text":"어 저는 그런 면에서   어 개인의 창의성도 중요하지만 저희 업무에서는 팀워크가 중요하다고 생각을 하고 저도   그 부분에 초점을 맞춰서 더 노력을 하고 있습니다.","expression":"c_cop","category":"personality"}],"summary":{"text":"경영 지원 업무를 하기 때문에 부서 간의 협의가 필요하거나 팀원 내에서도 공동으로 협의를 해야 되는 경우가 많습니다. 그렇기 때문에 참여적인 태도 그리고 같이 하려는 노력들이 중요합니다. 그런 면에서 개인의 창의성도 중요하지만 팀워크가 중요하다고 생각을 하고 그 부분에 초점을 맞춰서 노력을 하고 있습니다.","wordCount":42}}},"rawDataInfo":{"question":{"fileFormat":"wav","fileSize":481358,"duration":15040,"samplingBit":16,"channelCount":1,"samplingRate":"16kHz","audioPath":"/Mock/01.Management/Female/Experienced/ckmk_q_bm_f_e_140172.wav"},"answer":{"fileFormat":"wav","fileSize":2748878,"duration":85900,"samplingBit":16,"channelCount":1,"samplingRate":"16kHz","audioPath":"/Mock/01.Management/Female/Experienced/ckmk_a_bm_f_e_140172.wav"}}}