{"version":"1.0","dataSet":{"info":{"date":"20230116","occupation":"BM","channel":"MOCK","place":"ONLINE","gender":"FEMALE","ageRange":"35-44","experience":"EXPERIENCED"},"question":{"raw":{"text":"만약 지원자님께서 회사에 입사를 하고 난 후에 해외로 파견 근무를 나가게 된다면 어느 나라에서 일을 하고 싶으신가요 그리고 왜 그 나라에서 일을 하고 싶으신지에 대한 이유도 함께 말씀을 해 주세요","wordCount":30},"emotion":[],"intent":[]},"answer":{"raw":{"text":"저는 미국으로 파견 근무를 나가고 싶습니다. 이왕 근무를 할 것이면 제 선진국인 미국에서 일을 배우게 되면 제 선진적인 업무 방법을 배울 수 있을 거 같기 때문입니다. 또한 저는 영어를 기본적으로 할 수 있기 때문에 의사소통에 큰 문제가 없을 것이며 조금 조직적인 한국 문화보다는 조금 더 자유롭게 나의 역량을 펼칠 수 있을 것 같습니다. 또한 저는 다양한 사람들을 만나는 것을 조아 좋아합니다. 다양한 나라에서 온 인재들이 모여있는 곳에서 다양한 민족들의 생활도 느껴볼 수 있고 어 여러 가지 재미있는 경험을 하게 될 거 같습니다. 이렇게 다양하고 선진적인 업무를 배우고 느끼며 다시 한국으로 돌아온다면 그 업무를 할 때에도 회사를 위해 조금 더 발전된 역량을 발휘할 수 있지 않을까 싶습니다. 그리고 미국에서 영어 공부를 조금 더 하게 되면은 업그레이드된 저의 영어 커뮤니케이션 스킬이 늘어날 거 같기 때문에 저는 미국에서 해외 파견 근무를 하고 싶습니다.","wordCount":130},"emotion":[{"text":"또한 저는 다양한 사람들을 만나는 것을 조아 좋아합니다.","expression":"p-interest","category":"positive"}],"intent":[{"text":"","expression":"","category":"attitude"}],"summary":{"text":"선진국인 미국에서 일을 배우게 되면 선진적인 업무 방법을 배울 수 있을 것 같아 미국으로 파견 근무를 가고 싶습니다. 영어를 기본적으로 할 수 있기 때문에 의사소통에 큰 문제가 없을 것이며, 조직적인 한국 문화보다는 자유로운 역량 발휘가 가능할 것 같습니다. 그리고 미국에서 영어 공부를 조금 더 하게 되면 영어 커뮤니케이션 스킬이 늘어날 것 같아 미국 파견 근무를 희망합니다.","wordCount":56}}},"rawDataInfo":{"question":{"fileFormat":"wav","fileSize":582478,"duration":18200,"samplingBit":16,"channelCount":1,"samplingRate":"16kHz","audioPath":"/Mock/01.Management/Female/Experienced/ckmk_q_bm_f_e_237318.wav"},"answer":{"fileFormat":"wav","fileSize":2181198,"duration":68160,"samplingBit":16,"channelCount":1,"samplingRate":"16kHz","audioPath":"/Mock/01.Management/Female/Experienced/ckmk_a_bm_f_e_237318.wav"}}}