{"version":"1.0","dataSet":{"info":{"date":"20230116","occupation":"BM","channel":"MOCK","place":"ONLINE","gender":"FEMALE","ageRange":"35-44","experience":"EXPERIENCED"},"question":{"raw":{"text":"지원자님께서는 상위 일 퍼센트에 능력이 있다고 합니다 지원자님께서 가지고 있는 상위 일 퍼센트에 능력이 있다면 그 능력을 최대한 자세하게 설명해 보세요","wordCount":21},"emotion":[],"intent":[]},"answer":{"raw":{"text":"저만의 장점이라고 하면 저는 판단 능력이 좋은 것 같습니다. 사실 어떤 업무를 하든지 간에 그 상황에 대한 정확한 이해와 그리고 해결 방법을 제시할 수 있는 능력은 굉장히 중요하다고 생각합니다. 사실 회사 생활에서는 각자의 업무에 별로 개인의 능력이 다 부여돼 있습니다. 하지만 그걸 떠나서 종합적으로 일을 바라보고 그리고 문제가 발생했을 때 즉각적으로 대처할 수 있는 능력은 매우 중요하다고 생각이 드는데요. 이러한 능력을 가지기 위해서는 기본적으로 경험이 많아야 할 것 같고요. 그리고 본인이 판단할 수 있는 능력이 있어야 될 것 같습니다. 저는 그런 면에서 다른 지원자에 비해서 제가 우수한 면을 가지고 있다고 생각을 합니다. 저는 기본적으로 제 자신에 대해서 잘 알고 있고 또 저에 대한 이해도도 높습니다. 저 뿐만이 아니라 타인이 어떻게 일을 하고 있는지 더 나아가서 회사의 시스템은 어떻게 굴러가고 회사는 어떤 목적을 취하는 지에 대해서 저는 다양하게 생각을 하는 편인 것 같습니다. 이렇게 깊이 있는 사고를 통해서 어떤 문제를 깊이 있게 바라보고 또 잘 해결해 나갈 수 있는 건 굉장히 중요하다고 생각이 듭니다. 그래서 저의 가장 큰 장점이라고 할 수 있습니다.","wordCount":161},"emotion":[{"text":"사실 어떤 업무를 하든지 간에 그 상황에 대한 정확한 이해와 그리고 해결 방법을   제시할 수 있는 능력은 굉장히 중요하다고 생각합니다.","expression":"u-belief","category":"neutral"}],"intent":[{"text":"","expression":"","category":"attitude"}],"summary":{"text":"어떤 업무를 하든지 그 상황에 대한 정확한 이해와 그리고 해결 방법을 제시할 수 있는 능력은 굉장히 중요하다고 생각합니다. 개인적인 능력뿐만 아니라 종합적으로 일을 바라보고 문제 발생 시 즉각적으로 대처할 수 있는 능력, 그리고 본인이 판단할 수 있는 능력을 가지면 저는 다른 지원자에 비해서 제가 우수한 면이 있다고 생각 합니다.","wordCount":49}}},"rawDataInfo":{"question":{"fileFormat":"wav","fileSize":648078,"duration":20250,"samplingBit":16,"channelCount":1,"samplingRate":"16kHz","audioPath":"/Mock/01.Management/Female/Experienced/ckmk_q_bm_f_e_108767.wav"},"answer":{"fileFormat":"wav","fileSize":2748878,"duration":85900,"samplingBit":16,"channelCount":1,"samplingRate":"16kHz","audioPath":"/Mock/01.Management/Female/Experienced/ckmk_a_bm_f_e_108767.wav"}}}