{"version":"1.0","dataSet":{"info":{"date":"20230116","occupation":"BM","channel":"MOCK","place":"ONLINE","gender":"FEMALE","ageRange":"-34","experience":"EXPERIENCED"},"question":{"raw":{"text":"우선 오늘 면접 준비하느라고 굉장히 고생을 많이 하셨을 텐데요 어떤 방식으로 면접을 준비하셨는지 말씀 부탁드리겠습니다","wordCount":15},"emotion":[],"intent":[]},"answer":{"raw":{"text":"저는 이번 면접을 준비를 할 때 이 회사에 적합한 인재로 어 필요한 건 무엇인지에 대해서 고민을 많이 해 봤습니다. 어 사실상 제가 뛰어난 여러 가지를 가지고 있다고 하더라도 회사에서 원하는 인재상에 맞추는 게 중요하다고 생각을 했는데요. 어 각각의 회사마다 추구하는 방향성이 다르고 가치관이 있기 때문에 그게 무엇인지 파악하는 게 중요하다고 생각을 했습니다. 그래서 제가 본 결과 이 회사에서는 글로벌 인재를 필요로 하고 또 여러 가지가 발달된 사람을 원하다는 생각을 했습니다. 그렇기 때문에 저의 그런 점을 좀 부각시켜 드리기 위해서 노력을 했는데요. 그래서 질문 연습 같은 경우에도 좀 다양한 방식으로 준비를 했습니다. 쪼금 더 독창적이고 창의적인 그런 질문에 대한 답변도 준비를 해 보고요. 그리고 순발력을 기르기 위해서 면접에 대비하기 위한 실전 상황처럼 연습을 많이 했습니다. 어 저도 여러 가지 그동안의 경험을 겪었고 또 스펙을 쌓기 위해서 노력을 했고요. 그리고 이 회사에 입사 지원을 하기 위해서 실전처럼 여러 가지를 준비를 했습니다. 그래서 저에게 기회가 주신다면 제가 입사를 해서 일할 수 있는 그런 기회를 주셨으면 좋겠습니다.","wordCount":153},"emotion":[],"intent":[{"text":"","expression":"","category":"attitude"}],"summary":{"text":"이 회사에 적합한 인재로 저는 글로벌 인재를 필요로 하고 여러 가지가 발달된 사람을 원하였습니다. 그래서 질문 연습 같은 경우에도 좀 다양한 방식으로 준비를 했습니다. 그리고 순발력을 기르기 위해서 면접에 대비하기 위한 실전 상황처럼 연습을 많이 했었습니다. 그래서 기회가 주어진다면 제가 입사를 해서 일할 수 있는 그런 기회를 주셨으면 좋겠습니다.","wordCount":49}}},"rawDataInfo":{"question":{"fileFormat":"wav","fileSize":361358,"duration":11290,"samplingBit":16,"channelCount":1,"samplingRate":"16kHz","audioPath":"/Mock/01.Management/Female/Experienced/ckmk_q_bm_f_e_120257.wav"},"answer":{"fileFormat":"wav","fileSize":2749198,"duration":85910,"samplingBit":16,"channelCount":1,"samplingRate":"16kHz","audioPath":"/Mock/01.Management/Female/Experienced/ckmk_a_bm_f_e_120257.wav"}}}