{"version":"1.0","dataSet":{"info":{"date":"20230116","occupation":"BM","channel":"MOCK","place":"ONLINE","gender":"FEMALE","ageRange":"-34","experience":"EXPERIENCED"},"question":{"raw":{"text":"일을 하다 보면 상사와 트러블이 생길 수 있는데 지원자님은 어떻게 할 것입니까 또 상사가 혼내면 지원자님은 기분 나쁘시진 않을까요","wordCount":19},"emotion":[],"intent":[]},"answer":{"raw":{"text":"당연히 기분이 나쁘겠죠. 어 하지만 트러블이 생길 수 있다는 부분에서 트러블이 생기는 건 어쩔 수 없다고 생각을 합니다. 뭐 일하다 보면은 아무리 일적으로 신중하고 싶어도 감정적으로 감정적으로 상할 수 밖에 없는 순간이 반드시 있다고 생각을 하구요. 오히려 그런 트라블이 생길 때마다 뭐 감정적으로 좀 제어를 제가 스스로 하려고 하면은 업무를 할 때 더 스트레스가 생길 것 같고 그리고 사실 또 어떤 상황인지도 중요할 것 같습니다. 어떤 상황이냐에 따라서 제가 뭐 감정적으로 어디까지 드러내도 괜찮은지 등을 좀 파악을 해야 될 것 같은데 일단은 트러블이 생긴다고 가정했을 때 될 수 있으면 좀 그때그때 풀었으면 좋겠습니다. 근데 뭐 그때 상황에서 저의 상사가 그거를 어디까지 받아들여 주는지는 모르겠지만 상사 입장에서 뭔가 해결책을 제재 제시해 주지 않는다면 제가 먼저 방안을 좀 마련하려고 할 것 같습니다.","wordCount":120},"emotion":[],"intent":[{"text":"어떤 상황이냐에 따라서 제가 뭐 감정적으로 어디까지 드러내도 괜찮은지 등을 좀 파악을 해야 될 것 같은데   일단은 트러블이 생긴다고 가정했을 때   될 수 있으면 좀 그때그때 풀었으면 좋겠습니다.","expression":"c_confl_mg","category":"personality"}],"summary":{"text":"일하다가 보면 감정적으로 트러블이 생길 수 밖에 없는 순간이 있다고 생각하며, 감정적으로 좀 제어를 하려고 하면은 업무를 할 때 더 스트레스가 생길 것 같습니다. 어떤 상황이냐에 따라서 감정적으로 어디까지 드러내도 괜찮은지 등을 좀 파악을 해야 될 것 같은데 될 수 있으면 그때그때 풀었으면 좋겠습니다.","wordCount":44}}},"rawDataInfo":{"question":{"fileFormat":"wav","fileSize":584398,"duration":18260,"samplingBit":16,"channelCount":1,"samplingRate":"16kHz","audioPath":"/Mock/01.Management/Female/Experienced/ckmk_q_bm_f_e_148354.wav"},"answer":{"fileFormat":"wav","fileSize":2684558,"duration":83890,"samplingBit":16,"channelCount":1,"samplingRate":"16kHz","audioPath":"/Mock/01.Management/Female/Experienced/ckmk_a_bm_f_e_148354.wav"}}}