{"version":"1.0","dataSet":{"info":{"date":"20230116","occupation":"BM","channel":"MOCK","place":"ONLINE","gender":"FEMALE","ageRange":"35-44","experience":"EXPERIENCED"},"question":{"raw":{"text":"요즘 논쟁이 많은 우버 택시 찬반에 대해서 논해 보시겠습니까","wordCount":9},"emotion":[],"intent":[]},"answer":{"raw":{"text":"우버 택시에 대해서 말씀드려보겠습니다. 우버 택시 이제 바뀌는 현대사회에서 당연히 나타날 부분이고 이거보다 더 발전된 부분이 나올 것이라 생각을 하고 있습니다. 네 이런 플랫폼 회사에서 갖고 있는 장점이 분명히 있고 그로 인해 인제 피해를 보는 어 인제 그로 인해서 생계 논란이 될 수 있는 그런 부분은 분명히 공존하게 되어 있습니다. 근데 어 다들 사용해 봐서 알겠지만 이 플랫폼 회사들이 확실히 편리하고 어 생활에 윤택하고 어 시간도 많이 할애하지 않고 이런 부분에서 정말 장점이 강합니다. 그러면은 제가 생각했을 때는 그런 부분은 당연히 받아들여야 하지 않을까 싶습니다. 변화를 하기 위해서는 분명히 희생이 있고 피해가 있고 그런 거에 대한 조화를 잘 이루었을 때 하나의 문화가 또 성립이 된다고 생각합니다. 그래서 우버 택시에 대해서는 절대 반대의 입장에서만 볼 수는 없는 것이고 음 저는 찬성하는 부분에서 다가갈 수 있을 것 같습니다. 그 그에서 인제 사람마다 호불호가 있을 건데 어 제 의견은 찬성이다 라고 되겠습니다. 이상입니다.","wordCount":140},"emotion":[],"intent":[{"text":"","expression":"","category":"attitude"}],"summary":{"text":"우버 택시는 현대사회에서 당연히 나타날 부분이고 더 발전된 부분이 나타날 것이라 생각합니다. 플랫폼 회사의 장점과 그로 인한 피해로 생계 논란이 공존하게 되는데 변화를 위해서는 희생과 피해에 대한 조화가 이루어져야 합니다. 우버 택시에 대해 반대의 입장에서만 볼 수는 없고 찬성하는 부분에서 다가갈 수 있을 것 같습니다.","wordCount":45}}},"rawDataInfo":{"question":{"fileFormat":"wav","fileSize":259278,"duration":8100,"samplingBit":16,"channelCount":1,"samplingRate":"16kHz","audioPath":"/Mock/01.Management/Female/Experienced/ckmk_q_bm_f_e_101795.wav"},"answer":{"fileFormat":"wav","fileSize":2748238,"duration":85880,"samplingBit":16,"channelCount":1,"samplingRate":"16kHz","audioPath":"/Mock/01.Management/Female/Experienced/ckmk_a_bm_f_e_101795.wav"}}}