{"version":"1.0","dataSet":{"info":{"date":"20230116","occupation":"BM","channel":"MOCK","place":"ONLINE","gender":"FEMALE","ageRange":"-34","experience":"EXPERIENCED"},"question":{"raw":{"text":"지원자 분이 생각하시기에 글로벌 인재가 되기 위해 필수인 요소는 무엇이 있고 면접자 분께서는 그와 같은 필수 요소를 취득하기 위해서 어떠한 노력들을 하셨는지 이야기해 주시기 바랍니다","wordCount":25},"emotion":[],"intent":[]},"answer":{"raw":{"text":"글로벌 인재의 필수 요소라고 하면 무엇보다도 어 세계 공용 언어라고 할 수 있는 영어를 사용함에 있어서 불편함이 없어야 한다고 생각하고요. 그리고 어 서로 다른 문화권의 사람들과 대화를 할 때 그 다름 다름 차이로 인한 어떤 거부감 같은 걸 느끼지 않아야 한다고 생각을 합니다. 어 저는 이미 외국계 업계에서 근무를 하 하고 있기 때문에 일상생활에서 이 비즈니스 영어를 많이 사용하고 있는데요. 아무래도 음 모국어가 영어가 아니다 보니까 사용하는 뭐 원어민처럼 사용하는 데는 좀 어려움이 있을 수 있지만 적어도 어 비즈니스 영어에서 제가 내용을 전달하는 데 있어서 어려움이 없게끔 퇴근하고 주 삼 회 정도 원어민과 전화 영어를 통해서 어 제 영어 능력을 키우기 위해서 노력을 하고 있습니다. 또 다른 해외권 사람들과 대화를 할 일이 있을 경우 혹은 미팅을 할 일이 있을 경우 어 미리 해당 국가에 대한 조사를 좀 하 진행을 함으로써 혹여나 발생할 수 있는 민감한 주제 등을 꺼내지 않을 수 있도록 그런 노력을 하고 있는 편입니다.","wordCount":146},"emotion":[],"intent":[{"text":"","expression":"","category":"attitude"}],"summary":{"text":"글로벌 인재의 필수 요소는 세계 공용 언어인 영어를 사용함에 있어 불편함이 없어야 한다고 생각합니다. 외국계 업계에서 근무하기 때문에 비즈니스 영어를 사용하는데 원어민처럼 사용하는 데는 다소 어려움이 있지만 적어도 주 삼 회 정도 원어민의 전화 영어를 통해서 영어 능력을 키우기 위해 노력하고 있습니다.","wordCount":42}}},"rawDataInfo":{"question":{"fileFormat":"wav","fileSize":601678,"duration":18800,"samplingBit":16,"channelCount":1,"samplingRate":"16kHz","audioPath":"/Mock/01.Management/Female/Experienced/ckmk_q_bm_f_e_173515.wav"},"answer":{"fileFormat":"wav","fileSize":2057678,"duration":64300,"samplingBit":16,"channelCount":1,"samplingRate":"16kHz","audioPath":"/Mock/01.Management/Female/Experienced/ckmk_a_bm_f_e_173515.wav"}}}