{"version":"1.0","dataSet":{"info":{"date":"20230116","occupation":"BM","channel":"MOCK","place":"ONLINE","gender":"FEMALE","ageRange":"45-54","experience":"EXPERIENCED"},"question":{"raw":{"text":"협업하는 과제와 혼자 하는 과제 중 무엇을 더 선호하는지 말씀해 주세요","wordCount":11},"emotion":[],"intent":[]},"answer":{"raw":{"text":"저 같은 경우에는 혼자 하는 과제보다는 여러 가지 조직 구성원들과 함께 프로젝트를 만들어 보고 또 업무를 직접 진행해 보는 것을 더 선호합니다. 그 이유는 물론 혼자 하는 업무는 따로 스케줄들을 조정할 필요가 없어서 굉장히 편리한 그런 부분도 있다는 점에 대해서 충분히 저도 잘 알고 있습니다. 그렇지만 우리가 협업을 해서 진행을 하면 내가 업무를 진행할 때 그런 시각 더 바운더리가 넓어진다는 점에 대해서 저는 많이 느꼈었습니다. 그래서 기 기회가 된다면 지금 직장에 입사하고 나서도 저 혼자 업무에 대해서 고민하는 게 아닌 여러 동료들과 함께 많이 머리를 맞대고 고민할 수 있도록 하겠습니다.","wordCount":90},"emotion":[],"intent":[{"text":"","expression":"","category":"attitude"}],"summary":{"text":"저 같은 경우에는 혼자 하는 과제보다는 여러 조직 구성원들과 함께 프로젝트를 만들어 보고 또 업무를 직접 진행해 보는 것을 더 선호합니다. 기회가 된다면 직장에 입사하고 나서도 여러 동료들과 함께 많이 고민할 수 있도록 하겠습니다.","wordCount":34}}},"rawDataInfo":{"question":{"fileFormat":"wav","fileSize":246158,"duration":7690,"samplingBit":16,"channelCount":1,"samplingRate":"16kHz","audioPath":"/Mock/01.Management/Female/Experienced/ckmk_q_bm_f_e_191828.wav"},"answer":{"fileFormat":"wav","fileSize":2055758,"duration":64239,"samplingBit":16,"channelCount":1,"samplingRate":"16kHz","audioPath":"/Mock/01.Management/Female/Experienced/ckmk_a_bm_f_e_191828.wav"}}}