{"version":"1.0","dataSet":{"info":{"date":"20230116","occupation":"BM","channel":"MOCK","place":"ONLINE","gender":"FEMALE","ageRange":"35-44","experience":"EXPERIENCED"},"question":{"raw":{"text":"어 대학에서 많은 전공 과목을 배우셨을 텐데 지원자님께서 그중에 가장 기억에 남는 과목을 한 가지만 골라서 어 말씀해 주시길 바랍니다","wordCount":20},"emotion":[],"intent":[]},"answer":{"raw":{"text":"저는 경영황을 전공하면서 견제학 원리가 제일 기억에 남는 과목입니다. 경제학이란 재화와 용역의 생산과 분배 지출에 관한 전반적인 경제 현상을 분석하고 연구하는 학문입니다. 즉 현실의 경제가 어떻게 움직이고 있는지를 체계적으로 이해할 수 있는 안목을 기르고 합리적인 선택의 기본 원리를 배울 수 있는 항목이라 원론적이고 기초적인 내용을 다루고 있었습니다. 사실 뉴스를 보면서 여러 강시 경제 용어가 나오고 그것이 어떻게 긴밀하게 움직이는지 저의 미진한 이론으로는 이해하기가 많이 어려웠습니다. 특히 최근에 급변하는 세계 경제 상황이라던지 뭐 인플레이션이나 고 금리 고 환율 주가 하락 등 이것이 하나의 문제가 아닌 복잡하지만 긴밀하게 하나의 끈으로 이어졌다는 사실을 경제학 원리를 통해서 이해하게 되었습니다. 그러다 보니 더욱더 경제 흐름에 관심을 가지게 되었고 이제는 그냥 흘러 듣는 뉴스가 아닌 경제를 분석을 하면서 앞으 방향까지 예측할 수 있는 발판을 마련해 준 과목 같아서 저는 경제학 원리가 제일 기억에 남는 과목입니다.","wordCount":129},"emotion":[{"text":"경제학이란 재화와 용역의 생산과 분배 지출에 관한 전반적인 경제 현상을 분석하고 연구하는 학문입니다.","expression":"u-fact","category":"neutral"}],"intent":[{"text":"","expression":"","category":"attitude"}],"summary":{"text":"경제학이란 재화와 용역의 생산과 분배 지출에 관한 전반적인 경제 현상을 분석하고 연구하는 학문으로 현실의 경제가 어떻게 움직이고 있는지를 체계적으로 이해할 수 있는 안목을 기르고 합리적인 선택의 기본 원리를 배울 수 있는 항목이라 원론적이고 기초적인 내용을 다루고 있었습니다.","wordCount":37}}},"rawDataInfo":{"question":{"fileFormat":"wav","fileSize":514958,"duration":16090,"samplingBit":16,"channelCount":1,"samplingRate":"16kHz","audioPath":"/Mock/01.Management/Female/Experienced/ckmk_q_bm_f_e_246035.wav"},"answer":{"fileFormat":"wav","fileSize":2371278,"duration":74100,"samplingBit":16,"channelCount":1,"samplingRate":"16kHz","audioPath":"/Mock/01.Management/Female/Experienced/ckmk_a_bm_f_e_246035.wav"}}}