{"version":"1.0","dataSet":{"info":{"date":"20230116","occupation":"BM","channel":"MOCK","place":"ONLINE","gender":"FEMALE","ageRange":"-34","experience":"EXPERIENCED"},"question":{"raw":{"text":"지금까지 살아오시면서 가장 힘들었던 경험이 무엇이었나요 그리고 그것을 어떻게 극복하셨나요 함께 말씀해 주시기 바랍니다","wordCount":14},"emotion":[],"intent":[]},"answer":{"raw":{"text":"지금까지 살아오면서 가장 힘들었던 경험은 두 번의 눈 수술을 한 경험입니다. 저는 선천적으로 눈의 근육이 부족하여 눈이 옆으로 돌아가는 사시라는 증상을 가지고 있었습니다. 그 증상을 알게 된 것은 제가 어렸을 때부터 남들과 다르다는 것은 다른 사람들의 말과 행동으로부터 알 수 있었습니다. 저는 따라서 그 증상을 치료하기 위하여 다섯 살 때 첫 번째 수술을 경험했습니다. 그 당시에는 경험이 없어서 기억이 잘 나지 않지만 저는 제 눈이 다른 사람과 다르다는 것을 알고 콤플렉스로 작용했기 때문에 열 다섯 살 때 눈에 근육이 풀어져 다시 재수술을 해야 한다는 것을 알았을 때 정말 심적으로 많이 힘들었습니다. 하지만 저는 긍정적으로 생각하고 그 수술을 하고 나서도 어떤 식으로 재활을 하고 눈 근육을 계속 키워주는 운동을 해야 하는지 그 방법을 숙지하고 계속 수행하고 따라하고 저를 고치려고 노력 한 결과 저는 이제 그 증상을 치료하고 일상생활에 전혀 무리 없이 생활할 수 있었습니다. 감사합니다.","wordCount":134},"emotion":[{"text":"저는 선천적으로 눈의 근육이 부족하여 눈이 옆으로 돌아가는 사시라는 증상을 가지고 있었습니다.","expression":"u-fact","category":"neutral"},{"text":"그 당시에는 경험이 없어서 기억이 잘 나지 않지만 저는 제 눈이 다른 사람과 다르다는 것을 알고 콤플렉스로 작용했기 때문에 열 다섯 살 때 눈에 근육이 풀어져 다시 재수술을 해야 한다는 것을 알았을 때 정말 심적으로 많이 힘들었습니다.","expression":"n-distress","category":"negative"}],"intent":[{"text":"지금까지 살아오면서 가장 힘들었던 경험은 두 번의 눈 수술을 한 경험입니다.","expression":"c_private","category":"background"},{"text":"저는 선천적으로 눈의 근육이 부족하여 눈이 옆으로 돌아가는 사시라는 증상을 가지고 있었습니다.","expression":"c_private","category":"background"},{"text":"저는 따라서 그 증상을 치료하기 위하여 다섯 살 때 첫 번째 수술을 경험했습니다.","expression":"c_private","category":"background"},{"text":"그 당시에는 경험이 없어서 기억이 잘 나지 않지만 저는 제 눈이 다른 사람과 다르다는 것을 알고 콤플렉스로 작용했기 때문에 열 다섯 살 때 눈에 근육이 풀어져 다시 재수술을 해야 한다는 것을 알았을 때 정말 심적으로 많이 힘들었습니다.","expression":"c_private","category":"background"},{"text":"하지만 저는 긍정적으로 생각하고 그 수술을 하고 나서도 어떤 식으로 재활을 하고 눈 근육을 계속 키워주는 운동을 해야 하는지 그 방법을 숙지하고 계속 수행하고 따라하고 저를 고치려고 노력 한 결과 저는 이제 그 증상을 치료하고 일상생활에 전혀 무리 없이 생활할 수 있었습니다.","expression":"c_private","category":"background"}],"summary":{"text":"저는 선천적으로 눈의 근육이 부족하여 눈이 옆으로 돌아가는 사시라는 증상을 가지고 있었습니다. 이를 치료하기 위해 다섯 살 때 첫 번째 수술을 경험했고 심적으로 많이 힘들었습니다. 하지만 긍정적으로 생각하고 재활과 눈 근육을 키워주는 운동을 계속 수행한 결과 일상생활에 무리 없이 생활할 수 있게 되었습니다.","wordCount":43}}},"rawDataInfo":{"question":{"fileFormat":"wav","fileSize":384078,"duration":12000,"samplingBit":16,"channelCount":1,"samplingRate":"16kHz","audioPath":"/Mock/01.Management/Female/Experienced/ckmk_q_bm_f_e_180795.wav"},"answer":{"fileFormat":"wav","fileSize":2601678,"duration":81300,"samplingBit":16,"channelCount":1,"samplingRate":"16kHz","audioPath":"/Mock/01.Management/Female/Experienced/ckmk_a_bm_f_e_180795.wav"}}}