{"version":"1.0","dataSet":{"info":{"date":"20230116","occupation":"BM","channel":"MOCK","place":"ONLINE","gender":"FEMALE","ageRange":"-34","experience":"EXPERIENCED"},"question":{"raw":{"text":"지금까지 다양한 커뮤니케이션을 해 보셨을 텐데요 그중에서도 좀 어렵다 라고 생각하는 소통 방법이 있었는지 궁금한데요 그 과정과 사례에 대해서 구체적으로 한번 말씀을 한번 해 보시죠","wordCount":25},"emotion":[],"intent":[]},"answer":{"raw":{"text":"네 제가 살면서 경험했던 사람들 중에 가장 어려운 상사분이 계셨습니다. 그 상사분께서는 일단 수평적이거나 아니면 양방향의 그런 커뮤니케이션을 전혀 하지 않으셨습니다. 어 과거에 일을 배우셔서 그러시는지 몰라도 어 일방적인 소통과 전달이 있었고요. 그리고 밑에 직원들의 의견을 좀 잘 수용하지 않으려는 그런 성향이 강하셨습니다. 어 그러면서 아무래도 밑에 직원들도 굉장히 어려운 점이 많았는데요. 업무를 보고 드려야 하고 또 그럴 때는 문제가 없었는데 밑에서 문제가 발생했을 때 그 상황에 대해서 쪼금 자유롭게 의견을 얘기할 수 있어야 하는데 전혀 그런 게 되지 않았습니다. 그래서 그 커뮤니케이션이 사실 굉장히 어려웠던 생각이 나는데요. 저는 커뮤니케이션은 가장 중요한 건 양방향 의사소통이 커뮤니케이션이라고 생각을 합니다. 근데 그 방식은 커뮤니케이션이 아니고 일방적인 전달과 지시에 포함된다고 보는데요. 저는 이렇게 앞으로 커뮤니케이션에서는 서로를 존중하고 그 배려 속에서 대화하는 게 가장 중요하다고 생각을 합니다. 그래서 아무래도 커뮤니케이션에 대해서 이해하고 노력들이 필요할 것 같다는 생각이 들었습니다.","wordCount":134},"emotion":[{"text":"저는 이렇게 앞으로 커뮤니케이션에서는   서로를 존중하고 그 배려 속에서 대화하는 게 가장 중요하다고 생각을 합니다.","expression":"u-belief","category":"neutral"}],"intent":[{"text":"","expression":"","category":"attitude"}],"summary":{"text":"저는 앞으로 커뮤니케이션에서는 서로를 존중하고 그 배려 속에서 대화하는 게 가장 중요하다고 생각하며, 커뮤니케이션에 대해서 이해하고 노력들이 필요할 것 같다는 생각이 들었습니다.","wordCount":22}}},"rawDataInfo":{"question":{"fileFormat":"wav","fileSize":537678,"duration":16800,"samplingBit":16,"channelCount":1,"samplingRate":"16kHz","audioPath":"/Mock/01.Management/Female/Experienced/ckmk_q_bm_f_e_120256.wav"},"answer":{"fileFormat":"wav","fileSize":2864398,"duration":89510,"samplingBit":16,"channelCount":1,"samplingRate":"16kHz","audioPath":"/Mock/01.Management/Female/Experienced/ckmk_a_bm_f_e_120256.wav"}}}