{"version":"1.0","dataSet":{"info":{"date":"20230116","occupation":"BM","channel":"MOCK","place":"ONLINE","gender":"FEMALE","ageRange":"55-","experience":"EXPERIENCED"},"question":{"raw":{"text":"기차가 운행 중 산사태로 인하여 삼십 분 동안 정차되었습니다 이때 본인이 관리 책임에 위치에 있다면 어떻게 조치하시겠습니까","wordCount":17},"emotion":[],"intent":[]},"answer":{"raw":{"text":"만약에 제가 관리자로서 모든 책임이 있는데 말씀하신 바와 같은 안전 문제가 발생한다 라면 저는 즉각적으로 기차 운행을 멈출 것 같습니다. 먼저 많은 시간과 비용이 들더라도 안전팀을 보내서 기차가 완전히 운행 가능한 수준일 때까지 정차시킬 것 같습니다. 안전은 우리가 그 무엇과도 바꿀 수 없는 소중한 부분이라고 생각하기 때문입니다. 그래서 이상 징후 현상이 발생할 때에는 선제적인 대응이 꼭 필요합니다.","wordCount":57},"emotion":[],"intent":[{"text":"","expression":"","category":"attitude"}],"summary":{"text":"안전 문제가 발생한다면 즉각적으로 기차 운행을 멈추게 될 것 같습니다. 안전은 무엇과도 바꿀 수 없는 소중한 부분입니다. 그래서 이상 징후 현상이 발생할 때에는 선제적인 대응이 꼭 필요합니다.","wordCount":27}}},"rawDataInfo":{"question":{"fileFormat":"wav","fileSize":400718,"duration":12520,"samplingBit":16,"channelCount":1,"samplingRate":"16kHz","audioPath":"/Mock/01.Management/Female/Experienced/ckmk_q_bm_f_e_248794.wav"},"answer":{"fileFormat":"wav","fileSize":2324558,"duration":72640,"samplingBit":16,"channelCount":1,"samplingRate":"16kHz","audioPath":"/Mock/01.Management/Female/Experienced/ckmk_a_bm_f_e_248794.wav"}}}