{"version":"1.0","dataSet":{"info":{"date":"20230116","occupation":"BM","channel":"MOCK","place":"ONLINE","gender":"FEMALE","ageRange":"45-54","experience":"EXPERIENCED"},"question":{"raw":{"text":"본인의 성격상 장점과 단점에 대해 말씀해 주세요 이때 구체적인 예시를 들어 주셔도 좋습니다","wordCount":13},"emotion":[],"intent":[]},"answer":{"raw":{"text":"예 저의 장점은 좀 관찰력이 뛰어나다. 네 관찰력이 좋은 표현인 것 같습니다. 어 길을 가다가 어 숲에 가다가 곤충도 좀 많이 발견하구요. 이상한 풀잎도 발견을 하고 예 그런 부분들이 장점이야 라고 하지만 실제로 그런 변화를 좀 인지해서 음 사고도 예방한 적이 있구요. 음 그 관찰력이 어 굉장한 도움이 되는 것 같습니다. 예를 들어서 이제 기존과 달랐던 아 그 나이프가 좀 다른 위치에 있는 것을 발견을 하고 예 조금 사고가 날 뻔한 사례를 예방했던 경험도 있고요. 어 또 관찰력을 통해서 제품을 개선했던 사례도 있습니다. 굉장히 큰 장점이라고 생각을 합니다. 그 반면에 저의 단점은 어 감정이입이 좀 잘 되는 편이어서 눈물이 많습니다. 영화나 드라마를 볼 때 좀 민망하니 만큼 울어서 그게 좀 저의 단점이 아닐까 생각합니다.","wordCount":114},"emotion":[],"intent":[{"text":"예 저의 장점은 좀 관찰력이 뛰어나다.","expression":"c_person","category":"background"},{"text":"그 반면에 저의 단점은 어 감정이입이 좀 잘 되는 편이어서 눈물이 많습니다.","expression":"c_person","category":"background"}],"summary":{"text":"저는 관찰력이 뛰어나고, 관찰력을 통해 사고를 예방하고 제품을 개선한 사례가 있습니다. 하지만 감정이입이 잘 되는 편이어서 눈물이 많습니다. 영화나 드라마를 볼 때 부끄러워서 단점이라 생각합니다.","wordCount":25}}},"rawDataInfo":{"question":{"fileFormat":"wav","fileSize":282318,"duration":8820,"samplingBit":16,"channelCount":1,"samplingRate":"16kHz","audioPath":"/Mock/01.Management/Female/Experienced/ckmk_q_bm_f_e_267250.wav"},"answer":{"fileFormat":"wav","fileSize":2214478,"duration":69200,"samplingBit":16,"channelCount":1,"samplingRate":"16kHz","audioPath":"/Mock/01.Management/Female/Experienced/ckmk_a_bm_f_e_267250.wav"}}}