{"version":"1.0","dataSet":{"info":{"date":"20230116","occupation":"BM","channel":"MOCK","place":"ONLINE","gender":"FEMALE","ageRange":"-34","experience":"EXPERIENCED"},"question":{"raw":{"text":"지원자님께서는 본인이 현재 가지고 있는 위치보다 더 어려운 목표를 달성한 적이 있다면 그 경험을 말씀해 주세요","wordCount":16},"emotion":[],"intent":[]},"answer":{"raw":{"text":"저는 현재 가지고 있는 위치보다 어려운 목표를 달성한 적이 있다면 그것은 바로 제가 펀딩 프로젝트를 성공한 것이라고 생각합니다. 저는 텀블벅이라는 클라우드 펀딩 싸이트에서 저의 생품을 펀딩해서 클라우딩에 성공한 경험이 있습니다. 제가 클라우드에 클라우드 편딩에 성공한 제품은 하바리움이라는 상품입니다. 당시 저는 화혜 디자인이라는 전공을 하면서 꽃과 관련된 상품을 만들고 싶었습니다. 그러던 와중에 유리병에 화학 용품 처리를 해서 용액 안에 꽃을 넣으면 그 꽃이 영구적으로 반 영구적으로 보관되는 하바리움 상품을 알게 되었고 그 상품을 개발하여 사람들에게 가치를 전달하는 것이 중요하다고 생각했습니다. 저는 클라우드 펀딩에 사람들이 후원을 하는 이유는 가치를 담은 상품을 보았기 때문이라고 생각합니다. 따라서 저는 그 클라우드 펀딩 상품에 그 바다 환경 보호라는 가치를 부여하여 바다 환경 보호에 관련된 문구를 넣고 멸종 위기 바다 생물을 넣어 같이 참여 소비를 유도했습니다. 그 결과 저는 클라우드 펀딩에 성공하는 결과를 이룰 수 있었습니다. 감사합니다.","wordCount":130},"emotion":[{"text":"저는 텀블벅이라는 클라우드 펀딩 싸이트에서 저의 생품을 펀딩해서 클라우딩에 성공한 경험이 있습니다.","expression":"u-fact","category":"neutral"},{"text":"그 결과 저는 클라우드 펀딩에 성공하는 결과를 이룰 수 있었습니다.","expression":"u-fact","category":"neutral"}],"intent":[{"text":"저는 현재 가지고 있는 위치보다 어려운 목표를 달성한 적이 있다면 그것은 바로 제가 펀딩 프로젝트를 성공한 것이라고 생각합니다.","expression":"c_private","category":"background"}],"summary":{"text":"클라우드에 클라우드 편딩에 성공한 상품인 하바리움은 유리병에 꽃을 넣으면 그 꽃이 영구적으로 반영구적으로 보관되는 상품으로 사람들에게 가치를 전달하는 것이 중요하다고 생각했습니다. 그래서 그 상품에 바다 환경 보호라는 가치를 부여하여 멸종 위기 바다 생물을 넣어 같이 참여 소비를 유도한 결과 클라우드 펀딩에 성공하게 되었습니다.","wordCount":43}}},"rawDataInfo":{"question":{"fileFormat":"wav","fileSize":419278,"duration":13100,"samplingBit":16,"channelCount":1,"samplingRate":"16kHz","audioPath":"/Mock/01.Management/Female/Experienced/ckmk_q_bm_f_e_180554.wav"},"answer":{"fileFormat":"wav","fileSize":2707918,"duration":84620,"samplingBit":16,"channelCount":1,"samplingRate":"16kHz","audioPath":"/Mock/01.Management/Female/Experienced/ckmk_a_bm_f_e_180554.wav"}}}