{"version":"1.0","dataSet":{"info":{"date":"20230116","occupation":"BM","channel":"MOCK","place":"ONLINE","gender":"FEMALE","ageRange":"-34","experience":"EXPERIENCED"},"question":{"raw":{"text":"자동차 관련 기술 중에 가장 유망하다고 생각하는 것은 어떤 것일까요","wordCount":10},"emotion":[],"intent":[]},"answer":{"raw":{"text":"분명히 어릴 때 미래를 상상하는 그림을 봤을 때 자동차가 하늘을 날았거든요. 근데 여전히 아직도 어 비행기 밖에 안 날고 있단 말이죠. 저는 그래서 어 인류가 자동차를 날게 하는 거에 아직 포기하지 않았다고 생각을 하고 뭐 지금 무인 자동차 뭐 전기 자동차 관련돼서 많은 것들이 쏟아져 나오고 있긴 한데 결국에는 날으는 자동차가 나와야 한다고 생각을 합니다. 그런데 그게 뭐 비행기까지는 아니겠죠 당연히. 그러면 굳이 비행기를 타면 되지 자동차를 탈 일이 없으니 탈 필요가 없으니까. 근데 근거리를 좀 날면서 갈 수 있는 자동차가 생기면 좋을 것 같애요. 그래야 환경오염이 좀 덜 할 수 있는 방법으로 그 자원이 좀 기술이 발전이 됐으면 좋겠습니다.","wordCount":100},"emotion":[],"intent":[{"text":"","expression":"","category":"attitude"}],"summary":{"text":"자동차가 아직까지는 비행기 밖에 안 납니다. 인류가 자동차를 날게 하는 것에 아직 포기하지 않았다고 생각하며, 날으는 자동차가 나와야 한다고 생각합니다. 근거리를 좀 날면서 갈 수 있는 자동차가 생기면 환경오염이 좀 덜 할 수 있는 방법으로 기술이 발전돼야 합니다.","wordCount":38}}},"rawDataInfo":{"question":{"fileFormat":"wav","fileSize":248398,"duration":7760,"samplingBit":16,"channelCount":1,"samplingRate":"16kHz","audioPath":"/Mock/01.Management/Female/Experienced/ckmk_q_bm_f_e_149261.wav"},"answer":{"fileFormat":"wav","fileSize":2026958,"duration":63340,"samplingBit":16,"channelCount":1,"samplingRate":"16kHz","audioPath":"/Mock/01.Management/Female/Experienced/ckmk_a_bm_f_e_149261.wav"}}}