{"version":"1.0","dataSet":{"info":{"date":"20230116","occupation":"BM","channel":"MOCK","place":"ONLINE","gender":"FEMALE","ageRange":"35-44","experience":"EXPERIENCED"},"question":{"raw":{"text":"지금 읽고 있는 책이 있는지 그 읽고 있으면 그 책이 무엇인지 말씀해 주시고 왜 그 책을 읽는지에 대해서도 같이 말씀해 주세요","wordCount":21},"emotion":[],"intent":[]},"answer":{"raw":{"text":"네 저는 최근에 소설책을 많이 읽고 있습니다. 아 우리나라에서는 소설책이 잘 팔리지 않는 것으로 알고 있는데요. 사람들은 기본적으로 소설은 어 공상 상상으로 빚어낸 일이라고 생각하고 픽션 허구라고 생각하는 경우가 많습니다. 그래서 소설을 왜 읽어야 되냐 이거에 대해서 논란도 있었던 걸로 알고 있는데요. 제가 좋아하는 작가가 그런 말을 했습니다. 어 소설을 반드시 읽어야 되고 그걸 통해서 우리는 상상력을 높일 수 있고 또 삶을 바라보는 그런 확장성을 가지고 있다 라는 말을 했는데요. 저도 그 말에 굉장히 공감이 됩니다. 저도 처음에는 바빠서 소설책을 읽지 못하다가 최근에는 쪼금 노력을 해서 오히려 시간을 내서 소설책을 읽으려고 하고 있습니다. 그런데 다만 허구 픽션이라고 할지라도 제가 그 소설에 몰입을 하다보면 제가 스트레스도 풀리고요. 그리고 저의 세계도 확장되는 걸 느낄 수가 있었습니다. 그래서 최근에 저는 다양한 소설책을 읽고 있고요. 우리나라 소설뿐만이 아니라 또 해외에 있는 소설들을 읽게 되는데요. 그런 책들을 읽어보다 보니까 제가 좋아하는 작가의 취향도 생기게 되고 또 흥미도 느끼게 돼서 요즘에 재미있게 읽고 있습니다. 그래서 저도 소설책을 읽으라고 권유를 하고 싶습니다.","wordCount":155},"emotion":[{"text":"그런 책들을 읽어보다 보니까   제가 좋아하는 작가의 취향도 생기게 되고 또 흥미도 느끼게 돼서 요즘에 재미있게   읽고 있습니다.","expression":"p-interest","category":"positive"}],"intent":[{"text":"","expression":"","category":"attitude"}],"summary":{"text":"사람들은 소설은 공상 상상으로 빚어낸 일이라고 생각하고 픽션 허구라고 생각하는 경우가 많습니다. 소설은 반드시 읽어야 되고 그것을 통해서 우리는 상상력을 높일 수 있고 또 삶을 바라보는 그런 확장성을 가지고 있다 라는 말을 했습니다. 최근에 다양한 소설책을 읽고 있습니다. 그래서 나도 소설책을 읽으라고 권유를 하고 싶습니다.","wordCount":45}}},"rawDataInfo":{"question":{"fileFormat":"wav","fileSize":387278,"duration":12100,"samplingBit":16,"channelCount":1,"samplingRate":"16kHz","audioPath":"/Mock/01.Management/Female/Experienced/ckmk_q_bm_f_e_118937.wav"},"answer":{"fileFormat":"wav","fileSize":2750798,"duration":85960,"samplingBit":16,"channelCount":1,"samplingRate":"16kHz","audioPath":"/Mock/01.Management/Female/Experienced/ckmk_a_bm_f_e_118937.wav"}}}