{"version":"1.0","dataSet":{"info":{"date":"20230116","occupation":"BM","channel":"MOCK","place":"ONLINE","gender":"FEMALE","ageRange":"35-44","experience":"EXPERIENCED"},"question":{"raw":{"text":"요즘 공부하고 있는 것이 있나요 있다면 그것은 무엇이고 왜 그것을 공부하고 있는지 지금까지 무엇을 배웠는지도 말씀 부탁드립니다","wordCount":17},"emotion":[],"intent":[]},"answer":{"raw":{"text":"예 요즘은 영어 공부를 시작하고 있습니다. 예전 직장에서 영어를 사용하지 않는 업무를 하다 보니 배웠던 영어가 점점 도태되어 있고 또 이제는 또 코로나가 풀리기 시작하면서 점점 해외로 나가는 수요도 많아지고 글로벌화되는 세상에서 영어는 필수라는 생각이 들어서 영어 공부를 다시 시작하고 있습니다. 영어 영상을 들으면서 따로 따라 말하기 듣기 그리고 쓰기를 하고 있으며 화상 영어도 신청하여 여 회화여 회화 능력을 좀 더 이끌어 볼려고 노력하고 있습니다.","wordCount":65},"emotion":[],"intent":[{"text":"","expression":"","category":"attitude"}],"summary":{"text":"영어가 필수라는 생각에 영어 공부를 다시 시작하면서 영어 영상을 들으며 따라 말하기 쓰기 그리고 화상 영어도 신청하여 회화 능력을 좀 더 이끌어 보려고 노력하고 있습니다.","wordCount":25}}},"rawDataInfo":{"question":{"fileFormat":"wav","fileSize":582158,"duration":18190,"samplingBit":16,"channelCount":1,"samplingRate":"16kHz","audioPath":"/Mock/01.Management/Female/Experienced/ckmk_q_bm_f_e_198460.wav"},"answer":{"fileFormat":"wav","fileSize":1223758,"duration":38240,"samplingBit":16,"channelCount":1,"samplingRate":"16kHz","audioPath":"/Mock/01.Management/Female/Experienced/ckmk_a_bm_f_e_198460.wav"}}}