{"version":"1.0","dataSet":{"info":{"date":"20230116","occupation":"BM","channel":"MOCK","place":"ONLINE","gender":"FEMALE","ageRange":"-34","experience":"EXPERIENCED"},"question":{"raw":{"text":"업무를 할 때 분쟁이 발생할 때가 생길 텐데요 그때를 대비한 지원자님의 대처법이 있다면 무엇인지 궁금합니다 말씀 부탁 드리겠습니다","wordCount":18},"emotion":[],"intent":[]},"answer":{"raw":{"text":"저는 업무 분쟁이 발생했을 시에 최대한 침착한 태도를 유지하면서 문제에 원인을 찾는 데 집중할 것입니다. 문제를 해결하기 위해서는 문제 원인를 찾는 것이 우선 순위로 두는 것이 맞다고 생각합니다. 따라서 따른 일들을 모두 제쳐두고 원인을 찾는 데 집중하고 그 일을 해결할 것에 집중할 것입니다. 팀원들과 함께 그 일을 함께 논의하여 최대한 빠른 해결 방안을 찾을 수 있도록 노력할 것입니다. 감사합니다.","wordCount":59},"emotion":[],"intent":[{"text":"","expression":"","category":"attitude"}],"summary":{"text":"저는 업무 분쟁이 발생했을 시에 최대한 침착한 태도를 유지하면서 문제에 원인을 찾는 데 집중할 것입니다. 팀원들과 함께 최대한 빨리 해결 방안을 찾을 수 있도록 노력할 것입니다.","wordCount":26}}},"rawDataInfo":{"question":{"fileFormat":"wav","fileSize":438478,"duration":13700,"samplingBit":16,"channelCount":1,"samplingRate":"16kHz","audioPath":"/Mock/01.Management/Female/Experienced/ckmk_q_bm_f_e_178344.wav"},"answer":{"fileFormat":"wav","fileSize":1030478,"duration":32200,"samplingBit":16,"channelCount":1,"samplingRate":"16kHz","audioPath":"/Mock/01.Management/Female/Experienced/ckmk_a_bm_f_e_178344.wav"}}}