{"version":"1.0","dataSet":{"info":{"date":"20230116","occupation":"BM","channel":"MOCK","place":"ONLINE","gender":"FEMALE","ageRange":"45-54","experience":"EXPERIENCED"},"question":{"raw":{"text":"본인이 직접 해외 출장 장소를 선택할 수 있다면 꼭 한번 가서 일해보고 싶은 나라가 무엇입니까","wordCount":15},"emotion":[],"intent":[]},"answer":{"raw":{"text":"저는 일본에서 일을 해보고 싶습니다. 사실은 일본어를 하지 못합니다. 그런데 우리나라와 접해 있는 나라 중에 중국 일본 가장 가까운 그 두 나라가 있는데 그중에 중국에서는 일을 해 보았고 이젠 일본에서 일을 해보고 싶습니다. 그렇다면 지금부터 일본어를 공부해야 하겠지만 그래도 그런 기회가 있다면 감사하게 여기고 열심히 일해보고 싶은 생각이 있습니다.","wordCount":49},"emotion":[],"intent":[{"text":"","expression":"","category":"attitude"}],"summary":{"text":"저는 일본어는 못하지만 중국, 일본 두 나라에서 일을 해보고 싶습니다. 일본어를 못해도 기회가 있다면 열심히 일해보고 싶은 생각이 있습니다.","wordCount":19}}},"rawDataInfo":{"question":{"fileFormat":"wav","fileSize":330958,"duration":10340,"samplingBit":16,"channelCount":1,"samplingRate":"16kHz","audioPath":"/Mock/01.Management/Female/Experienced/ckmk_q_bm_f_e_103632.wav"},"answer":{"fileFormat":"wav","fileSize":1605198,"duration":50160,"samplingBit":16,"channelCount":1,"samplingRate":"16kHz","audioPath":"/Mock/01.Management/Female/Experienced/ckmk_a_bm_f_e_103632.wav"}}}