{"version":"1.0","dataSet":{"info":{"date":"20230116","occupation":"BM","channel":"MOCK","place":"ONLINE","gender":"FEMALE","ageRange":"45-54","experience":"EXPERIENCED"},"question":{"raw":{"text":"본인이 직접 해외 출장 장소를 선택할 수 있다면 지원자님께서는 어느 나라에 가서 꼭 일을 해보고 싶으신가요 그 나라를 꼭 가고 싶은 이유가 있을까요 함께 설명해 주시기 바랍니다","wordCount":27},"emotion":[],"intent":[]},"answer":{"raw":{"text":"제가 만약에 해외로 나가게 된다 라면은 저는 우리 회사가 가지고 있는 베트남 지사로 한번 가보고 싶다 라는 생각을 했습니다. 그 이유는 다음과 같습니다. 베트남은 물론 개발 도상국 국가이긴 하지만 우리 회사가 가장 많이 컨택하는 나라의 인구이기도 한데요. 또한 베트남 같은 경우에는 우리나라와 굉장히 비슷한 그런 문화들을 가지고 있다 라고 생각하기 때문에 저는 제가 해외 출장을 가더라도 빠르게 잘 적응할 수 있다 라고 생각을 하고 있습니다. 또한 저 같은 경우에는 개발 도상 국가만이 가지고 있는 빠르게 성장하는 그런 프로세스들을 경험해보고 싶은 그런 욕구가 있습니다. 그래서 비록 우리나라와 우리나라와 기후가 약간 다르고 언어가 다르겠지만 저는 그곳만의 성장하는 그런 에너지 기운들을 느끼고 싶습니다.","wordCount":100},"emotion":[],"intent":[{"text":"","expression":"","category":"attitude"}],"summary":{"text":"우리 회사가 가장 많이 컨택하는 나라인 베트남에 출장을 가게 된다면 빠르게 적응하고 빠르게 성장하는 개발 도상 국가만의 빠르게 성장하는 프로세스들을 경험해보고 싶은 욕구가 있습니다.","wordCount":24}}},"rawDataInfo":{"question":{"fileFormat":"wav","fileSize":460238,"duration":14380,"samplingBit":16,"channelCount":1,"samplingRate":"16kHz","audioPath":"/Mock/01.Management/Female/Experienced/ckmk_q_bm_f_e_184676.wav"},"answer":{"fileFormat":"wav","fileSize":2336078,"duration":73000,"samplingBit":16,"channelCount":1,"samplingRate":"16kHz","audioPath":"/Mock/01.Management/Female/Experienced/ckmk_a_bm_f_e_184676.wav"}}}