{"version":"1.0","dataSet":{"info":{"date":"20230116","occupation":"BM","channel":"MOCK","place":"ONLINE","gender":"FEMALE","ageRange":"-34","experience":"EXPERIENCED"},"question":{"raw":{"text":"만약에 지원자님께서 내일 죽는다는 사실을 미리 알게 되었을 때 지금 당장 무엇을 할 예정이신가요 이 면접을 끝까지 계속 진행하실 건가요","wordCount":20},"emotion":[],"intent":[]},"answer":{"raw":{"text":"네 저는 저에게 하루밖에 시간이 주어지지 않는다고 해도 이 면접을 끝까지 마무리하도록 하겠습니다. 왜냐하면 제가 원해서 선택한 일이고 그리고 제가 가장 어 원했던 일이기 때문에 끝까지 면접을 마무리하고 결과도 볼 수 있었으면 좋겠습니다. 어 저는 하루밖에 시간이 주어지지 않는다면 제가 가장 하고 싶은 일을 하고 싶은데요. 지금의 상황으로서는 저에게는 이직 그리고 취업이 중요한 것 같습니다. 물론 하루밖에 시간이 없기 때문에 결과가 어떻던지 간에 그 회사에서 일을 할 수는 없겠지만 제가 분명히 입사를 하고 싶은 회사였고 또 다니고 싶은 회사였기 때문에 끝까지 면접을 통해서 최선을 다할 수 있도록 하겠습니다. 어 그리고 저는 하루밖에 시간이 주어지지 않는다고 하면 면접을 보고 난 후에 그리고 나서 저에게 시간을 여유롭게 보내면서 제가 하고 싶은 일들을 하게 될 것 같은데요. 그 면접 결과에 승부에 상관없이 어 제 스스로 만족을 하면서 그 결과에 따르도록 하겠습니다. 어쨌든 저는 하루밖에 주어지지 않는다고 하면 면접을 하고 나머지 시간에는 어 제가 원하는 취미라든가 또 아니면 가족들과 시간을 보내면서 그 소중한 하루를 보낼 것 같다는 생각이 들었습니다.","wordCount":155},"emotion":[],"intent":[{"text":"","expression":"","category":"attitude"}],"summary":{"text":"저는 하루밖에 시간이 주어지지 않는다고 해도 이 면접을 끝까지 마무리하도록 하겠습니다. 왜냐하면 제가 원해서 선택한 일이기 때문에 끝까지 면접을 마무리하고 결과도 볼 수 있었으면 좋겠습니다. 일단 면접을 하고 나머지 시간에는 제가 원하는 취미나 가족과 시간을 보내면서 소중한 하루를 보낼 것 같다는 생각이 들었습니다.","wordCount":43}}},"rawDataInfo":{"question":{"fileFormat":"wav","fileSize":517198,"duration":16160,"samplingBit":16,"channelCount":1,"samplingRate":"16kHz","audioPath":"/Mock/01.Management/Female/Experienced/ckmk_q_bm_f_e_140169.wav"},"answer":{"fileFormat":"wav","fileSize":2752718,"duration":86020,"samplingBit":16,"channelCount":1,"samplingRate":"16kHz","audioPath":"/Mock/01.Management/Female/Experienced/ckmk_a_bm_f_e_140169.wav"}}}