{"version":"1.0","dataSet":{"info":{"date":"20230116","occupation":"BM","channel":"MOCK","place":"ONLINE","gender":"FEMALE","ageRange":"-34","experience":"EXPERIENCED"},"question":{"raw":{"text":"네 만약 지원자님께서 어 게임 속 캐릭터라면 어떤 게임에서 어떤 역할을 맡아서 수행하고 싶으신지 답변을 한 번 부탁을 드리고 싶습니다 네 게임 속 캐릭터입니다","wordCount":24},"emotion":[],"intent":[]},"answer":{"raw":{"text":"만약 제가 게임 속 캐릭터라면 저는 게임에서 어떤 역할을 맡아서 수행하고 싶다고 생각해 보았을 때 히어로의 역할을 하고 싶습니다. 모든 사람들이 히어로를 하는 것은 진부하다고 생각할 수 있지만 저는 사람 다른 사람들이 어려움에 빠졌을 때 그들을 도와주고 문제를 해결해 주고 직접 나서서 그들을 다독여주고 함께 하고 싶다고 생각했습니다. 따라서 저는 게임 속 캐릭터에서 히어로 라는 역할을 맡춰 맡아서 그들 모두에게 희망과 행복을 주는 히로인이 되고 싶습니다. 앞서 그들을 이끌고 올바른 방향으로 나아가도록 방향을 제시하고 싶습니다. 그리고 이러한 저의 성향은 일을 할 때도 마찬가지로 모든 이들에게 도움이 되고 필요한 존재가 되고 싶습니다. 제가 만약 일을 하게 된다면 게임 속 히어로처럼 모든이들에게 도움이 필요한 상황에 나타나서 그들을 도와주고 그들과 함께 이를 해결해 나가는 히로인이 되고 싶습니다. 감사합니다.","wordCount":115},"emotion":[],"intent":[{"text":"","expression":"","category":"attitude"}],"summary":{"text":"저는 게임 속 캐릭터에서 히어로라는 역할을 맡아서 모든 이들에게 도움이 되고 필요한 존재가 되고 싶습니다. 만약 일을 하게 된다면 게임 속 히어로처럼 모든이들에게 도움을 필요한 상황에 나타나서 그들을 도와주고 그들과 함께 이를 해결해 나가는 히로인이 되겠습니다.","wordCount":36}}},"rawDataInfo":{"question":{"fileFormat":"wav","fileSize":578638,"duration":18080,"samplingBit":16,"channelCount":1,"samplingRate":"16kHz","audioPath":"/Mock/01.Management/Female/Experienced/ckmk_q_bm_f_e_180540.wav"},"answer":{"fileFormat":"wav","fileSize":2522958,"duration":78840,"samplingBit":16,"channelCount":1,"samplingRate":"16kHz","audioPath":"/Mock/01.Management/Female/Experienced/ckmk_a_bm_f_e_180540.wav"}}}