{"version":"1.0","dataSet":{"info":{"date":"20230116","occupation":"BM","channel":"MOCK","place":"ONLINE","gender":"FEMALE","ageRange":"-34","experience":"EXPERIENCED"},"question":{"raw":{"text":"본인이 행정 업무로 지원을 하셨는데 행정의 정의와 하는 일 또 의의에 대해서 어떻게 생각하시는지 한번 설명해 보시겠습니까","wordCount":17},"emotion":[],"intent":[]},"answer":{"raw":{"text":"제가 생각하는 행정의 정의는 일을 사무적으로 진행함에 있어서 필요한 모든 절차의 일을 의미한다고 생각합니다. 왜냐하면 행정은 사전적인 의미로 보았을 때 정치나 사무를 행한다고 쓰여 있습니다. 그리고 국가 통치 작용 가운데 입법 작용과 사법 작용을 제외한 국가 작용법이라고 사전에는 적혀있습니다. 그러한 작용을 생각해 보았을 때 제가 하는 일에 있어서는 행정은 저의 사고를 비롯한 모든 일들을 처리함에 있어서 가장 근간이 되는 일이라고 생각합니다. 따라서 저는 행정이 모든 일에 있어서 적용되는 아주 중요한 일이고 기본적으로 근간이 되는 뿌리가 되는 일이라고 생각하기 때문에 중요하다고 생각합니다. 제가 만약 행정 업무를 맡게 된다고 해도 모든 일을 의미있고 가치 있는 일이라고 생각하면서 꼼꼼하고 세세하게 처리하게 될 것 같습니다. 감사합니다.","wordCount":102},"emotion":[],"intent":[{"text":"","expression":"","category":"attitude"}],"summary":{"text":"행정의 사전적 의미는 정치나 사무를 행한다고 쓰여있으며 국가 통치 작용 중 입법 작용과 사법 작용을 제외한 국가 작용법이라고 적혀있습니다. 따라서 행정은 제 사고를 비롯한 모든 일들을 처리함에 있어 가장 근간이 되는 일이라고 생각합니다.","wordCount":33}}},"rawDataInfo":{"question":{"fileFormat":"wav","fileSize":463118,"duration":14470,"samplingBit":16,"channelCount":1,"samplingRate":"16kHz","audioPath":"/Mock/01.Management/Female/Experienced/ckmk_q_bm_f_e_180542.wav"},"answer":{"fileFormat":"wav","fileSize":2408718,"duration":75270,"samplingBit":16,"channelCount":1,"samplingRate":"16kHz","audioPath":"/Mock/01.Management/Female/Experienced/ckmk_a_bm_f_e_180542.wav"}}}