{"version":"1.0","dataSet":{"info":{"date":"20230116","occupation":"BM","channel":"MOCK","place":"ONLINE","gender":"FEMALE","ageRange":"-34","experience":"EXPERIENCED"},"question":{"raw":{"text":"과거에 어 직면한 어려운 문제를 해결해 보신 경험이 있는지요 그런 상황에서 어떤 아이디어를 제안하셨고 또 무엇을 하셨는지 그 과정을 말씀해 주시기 바랍니다","wordCount":22},"emotion":[],"intent":[]},"answer":{"raw":{"text":"음 대학생 때 조별 과제를 할 때 한 분이 사 학년 막 학기셨는데 그분이 굉장히 굉장히 불성실한 태도로 조별 과제에 임했습니다. 사실 그 개인 사정이란 게 어쩔 수 없었지만 저 같은 경우에는 유 열이 굉장히 받았는데 그 이전에 제가 목표하는 바는 이 교양 과목이어서 좋은 성적을 내야 했기 때문에 좋은 성적을 내기 위해서는 좋은 결과물을 만들어야 하고 지금 여건이 협업을 받을 수 없는 상태라면 내가 시간을 내서 이 목표를 이루기 위해 노력하는 게 맞다고 생각을 해서 다른 분들과 어 과부하는 일을 분배해서 그 목표를 이루기 위해 최선을 다 했고 결과적으로 에이 쁠이라는 성적을 얻어서 이렇게 하는 게 맞다고 느꼈습니다.","wordCount":99},"emotion":[],"intent":[{"text":"","expression":"","category":"attitude"}],"summary":{"text":"대학생 때 조별 과제할 때 굉장히 불성실한 태도로 임했습니다. 좋은 성적을 내기 위해서는 좋은 결과물을 만들어야 해서 다른 분들과 과부하는 일을 분배해서 목표를 이루기 위해 최선을 다 했고 결과적으로 에이쁠이라는 성적을 얻어서 이렇게 하는 게 맞다고 느꼈습니다.","wordCount":37}}},"rawDataInfo":{"question":{"fileFormat":"wav","fileSize":508878,"duration":15900,"samplingBit":16,"channelCount":1,"samplingRate":"16kHz","audioPath":"/Mock/01.Management/Female/Experienced/ckmk_q_bm_f_e_172379.wav"},"answer":{"fileFormat":"wav","fileSize":2361038,"duration":73780,"samplingBit":16,"channelCount":1,"samplingRate":"16kHz","audioPath":"/Mock/01.Management/Female/Experienced/ckmk_a_bm_f_e_172379.wav"}}}