{"version":"1.0","dataSet":{"info":{"date":"20230116","occupation":"BM","channel":"MOCK","place":"ONLINE","gender":"FEMALE","ageRange":"45-54","experience":"EXPERIENCED"},"question":{"raw":{"text":"지원자님이 생각하시는 십 년 후 미래의 모습은 어떨 것 같나요 저희 회사에 계속 다닐 것 같으세요","wordCount":16},"emotion":[],"intent":[]},"answer":{"raw":{"text":"저희 회사 정년이 육십 오 세인가요. 제가 건강이 허락하는 한 혹은 회사에서 허락하는 한 제 영년을 보장해 주신다면 십 년 후에도 이 회사를 다니고 있을 것 같습니다 열심히. 예 근데 그렇지 않고 제가 어 일신상의 이유로 회사를 그만둔다면 음 저는 작은 봉사 단체를 운영하고 있을 것 같습니다. 지금도 제가 봉사 단체에 소속되어서 기업과 이런 단체를 연결해 주는 그런 일을 하고 있거든요. 굉장히 보람도 많이 느끼고 그분들이 자립하는 모습을 보면서 굉장히 뿌듯하고 예 나의 그 삶의 어떤 희망 원천이 되는 그런 느낌들을 많이 받았습니다. 그래서 그 일에 굉장히 열심히 할 것 같구요. 예 열심히 하기 위해서 작은 단체도 운영하지 않을까 그런 미래를 생각하고 있습니다.","wordCount":103},"emotion":[{"text":"굉장히 보람도 많이 느끼고 그분들이 자립하는 모습을 보면서 굉장히 뿌듯하고 예 나의 그 삶의 어떤 희망 원천이 되는 그런 느낌들을 많이 받았습니다.","expression":"p-achievement","category":"positive"}],"intent":[{"text":"","expression":"","category":"attitude"}],"summary":{"text":"일신상의 이유로 회사를 그만둔다면 저는 작은 봉사 단체를 운영하고 있을 것 같습니다. 지금도 봉사 단체에 소속되어 기업과 단체를 연결해 주는 일을 하고 있습니다. 그 일에 열심히 하기 위해서 작은 단체도 운영하지 않을까 생각합니다.","wordCount":33}}},"rawDataInfo":{"question":{"fileFormat":"wav","fileSize":275918,"duration":8620,"samplingBit":16,"channelCount":1,"samplingRate":"16kHz","audioPath":"/Mock/01.Management/Female/Experienced/ckmk_q_bm_f_e_267252.wav"},"answer":{"fileFormat":"wav","fileSize":1866638,"duration":58330,"samplingBit":16,"channelCount":1,"samplingRate":"16kHz","audioPath":"/Mock/01.Management/Female/Experienced/ckmk_a_bm_f_e_267252.wav"}}}