{"version":"1.0","dataSet":{"info":{"date":"20230116","occupation":"BM","channel":"MOCK","place":"ONLINE","gender":"FEMALE","ageRange":"45-54","experience":"EXPERIENCED"},"question":{"raw":{"text":"물류란 무엇인가요","wordCount":2},"emotion":[],"intent":[]},"answer":{"raw":{"text":"제가 지원한 경영 쪽 부분에서는 분명히 물류 부분이 굉장히 중요합니다. 제가 생각하는 물류는 유통 과정에서 우리가 만드는 제품인데요. 저는 이 물류 관리가 굉장히 어려운 분야 중의 하나라고 생각합니다. 왜냐하면 조그마한 기업에서 상대가 상관이 없지만 제가 지원한 우리 기업에서는 굉장히 방대한 양의 그런 물류들을 가지고 있을 것이라고 생각합니다. 그러면 그 재고들을 잘 관리를 하고 지금 어디서 어떻게 물류들이 옮겨지고 있는지 그 프로세스에 대해서도 매일 잘 확인을 해야 루즈분이 없다 라고 생각합니다. 제품의 루즈가 많이 발생하게 되면 곧 기업의 손해와 바로 직결되기 때문에 이런 부분들을 우리가 방지하는 것이 굉장히 중요하다 라고 저는 생각하고 있습니다.","wordCount":92},"emotion":[],"intent":[{"text":"","expression":"","category":"attitude"}],"summary":{"text":"물류는 유통 과정에서 우리가 만드는 제품인데, 이 물류 관리가 굉장히 어려운 분야 중의 하나라고 생각합니다. 제품의 루즈가 많이 발생하게 되면 기업의 손해와 바로 직결되기 때문에 이런 부분들을 우리가 방지하는 것이 굉장히 중요하다고 생각합니다.","wordCount":33}}},"rawDataInfo":{"question":{"fileFormat":"wav","fileSize":163918,"duration":5120,"samplingBit":16,"channelCount":1,"samplingRate":"16kHz","audioPath":"/Mock/01.Management/Female/Experienced/ckmk_q_bm_f_e_191832.wav"},"answer":{"fileFormat":"wav","fileSize":2212558,"duration":69140,"samplingBit":16,"channelCount":1,"samplingRate":"16kHz","audioPath":"/Mock/01.Management/Female/Experienced/ckmk_a_bm_f_e_191832.wav"}}}