{"version":"1.0","dataSet":{"info":{"date":"20230116","occupation":"BM","channel":"MOCK","place":"ONLINE","gender":"FEMALE","ageRange":"-34","experience":"EXPERIENCED"},"question":{"raw":{"text":"역사 속에서 가장 존경하는 인물을 말씀해 주시고 그 인물을 가장 존경하는 이유에 대해서도 구체적으로 말씀해 주시기 바랍니다","wordCount":17},"emotion":[],"intent":[]},"answer":{"raw":{"text":"어 역사 속에서 가장 존경하는 사람은 이순신입니다. 어 이순신은 음 타고난 전략가이기 때문입니다. 어 목표에 있어서 여러 방면을 생각하고 또 인사 관리를 하고 또 목표를 성공에 이르기까지 위해 꼼꼼하게 관찰하고 점검하고 또 전략적인 사고를 하기 때문에 어 가장 존경하는 인물이고 저 역시 어떤 문제에 있어서 어 다방면으로 고민을 하고 또 뭐 문제를 해결하기 위한 전략적인 사고를 가지고 싶습니다.","wordCount":58},"emotion":[{"text":"어 역사 속에서 가장 존경하는 사람은 이순신입니다.","expression":"p-affection","category":"positive"}],"intent":[{"text":"","expression":"","category":"attitude"}],"summary":{"text":"역사 속에서 가장 존경하는 사람은 이순신입니다. 그는 타고난 전략가이기 때문에 저는 문제에 있어서 다방면으로 고민을 하고 문제를 해결하기 위한 전략적인 사고를 가지고 싶습니다.","wordCount":23}}},"rawDataInfo":{"question":{"fileFormat":"wav","fileSize":625358,"duration":19540,"samplingBit":16,"channelCount":1,"samplingRate":"16kHz","audioPath":"/Mock/01.Management/Female/Experienced/ckmk_q_bm_f_e_261966.wav"},"answer":{"fileFormat":"wav","fileSize":1488078,"duration":46500,"samplingBit":16,"channelCount":1,"samplingRate":"16kHz","audioPath":"/Mock/01.Management/Female/Experienced/ckmk_a_bm_f_e_261966.wav"}}}