{"version":"1.0","dataSet":{"info":{"date":"20230116","occupation":"BM","channel":"MOCK","place":"ONLINE","gender":"FEMALE","ageRange":"35-44","experience":"EXPERIENCED"},"question":{"raw":{"text":"현대인은 하루 평균 세 번 거짓말을 하고 산다고 합니다 우리 지원자님께서는 본인이 해본 가장 기억에 남는 거짓말은 무엇인가요","wordCount":18},"emotion":[],"intent":[]},"answer":{"raw":{"text":"제가 해본 가장 기억에 남는 거짓말은 어렸을 때 있었던 일입니다. 목욕탕에 갔을 때 목욕탕에 한증막이 있었는데 그 한증막에는 모래시계가 있었습니다. 모래시계를 뒤집는 순간 제 손에서 그 모래시계가 미끌렸고 모래시계가 깨졌습니다. 그래서 마침 그 한증막에는 저밖에 없었기 때문에 저는 일단 그 모래 시계는 유리이기 때문에 치워야 했습니다. 그래서 수건에 그 모래시계를 대충 치우고 나서 이것을 수습하기 위해서 그 관리자에게 얘기를 해야 되는데 관리자에게 제가 모래시계를 깨뜨렸다고는 하지 않고 한증막에 모래시계가 깨져 있었다고 거짓말을 했습니다. 일단 그 모래시계는 유리가 위험한 흔적 없이 잘 치워졌지만 저는 제가 깼다고 죄송하다고 사과를 하지 않고 사실을 은닉한 거짓말의 하나 라고 생각이 됩니다. 이것은 시간이 몇 십 년인 지난 지금도 기억에 남고 있고 그때 왜 그렇게 정직하게 이야기를 하지 못했을까 하는 후회가 많이 남아있습니다.","wordCount":117},"emotion":[],"intent":[{"text":"","expression":"","category":"attitude"}],"summary":{"text":"어릴 적 한증막에 모래시계가 있었는데 뒤집는 순간 깨져서 치워야 했습니다. 관리자에게 제가 모래시계를 깨뜨렸다 고는 하지 않고 한증막에 모래시계가 깨져 있었다고 거짓말을 했습니다. 이것은 지금도 기억에 남고, 정직하게 이야기를 하지 못한 것에 후회가 많이 남습니다.","wordCount":35}}},"rawDataInfo":{"question":{"fileFormat":"wav","fileSize":441358,"duration":13790,"samplingBit":16,"channelCount":1,"samplingRate":"16kHz","audioPath":"/Mock/01.Management/Female/Experienced/ckmk_q_bm_f_e_173778.wav"},"answer":{"fileFormat":"wav","fileSize":2801998,"duration":87560,"samplingBit":16,"channelCount":1,"samplingRate":"16kHz","audioPath":"/Mock/01.Management/Female/Experienced/ckmk_a_bm_f_e_173778.wav"}}}