{"version":"1.0","dataSet":{"info":{"date":"20230116","occupation":"BM","channel":"MOCK","place":"ONLINE","gender":"FEMALE","ageRange":"-34","experience":"EXPERIENCED"},"question":{"raw":{"text":"본인께서는 현재 우리나라의 기업들이 전체 프로세스나 각각의 역할에 대해 다들 잘 하고 있다고 생각하시나요 본인의 생각을 말씀해 주세요","wordCount":18},"emotion":[],"intent":[]},"answer":{"raw":{"text":"현재 우리나라 기업들은 각각의 역할이나 전체 프로세스에 대해서 늘 잘하고 있지는 않고 조금한 미진한 면이 있는 것 같습니다. 현재 우리나라나 우리나라 기업들은 주먹 구구식이나 당장 직면에 있는 것들만 집중하는 경향이 있습니다. 올해는 정권이 바뀌면서 많은 기업들이 우왕 좌왕하고 있습니다. 정권이 바뀌면 오 년마다 해야 될 것이 든 다 변합니다. 집권당이 어디인지에 따라도 다 달라지고 경제가 정치의 영향을 받는 것은 당연하지만 그 정도가 큽니다. 어느 해에는 알엔디에 투자했다가 정권이 바뀌면 알엔디에 대한 투자를 멈추고 어느 해에는 여성 복지를 주요시 하다가 정권이 바뀌면 그것을 무시하고 각각의 역할들을 하지 않고 기업들이 줏대 없이 눈치만 보면서 하기 때문에 각각의 역할은 다 하지 못하고 있습니다. 프로세스가 자신만의 줏대 없이 이제 저리 휘둘리면 안 됩니다. 기업은 자신만의 프로세스를 더 공고히 만들어야 한다고 생각합니다.","wordCount":117},"emotion":[],"intent":[{"text":"","expression":"","category":"attitude"}],"summary":{"text":"현재 우리나라 기업들은 각자의 역할이나 전체 프로세스에 대해 늘 잘하고 있지는 않고 조금한 미진한 면이 있는 것 같습니다. 정권이 바뀌면 오 년마다 해야 될 것이 든 다 변합니다. 기업은 자신만의 프로세스를 더 공고히 만들어야 한다고 생각합니다.","wordCount":36}}},"rawDataInfo":{"question":{"fileFormat":"wav","fileSize":594638,"duration":18580,"samplingBit":16,"channelCount":1,"samplingRate":"16kHz","audioPath":"/Mock/01.Management/Female/Experienced/ckmk_q_bm_f_e_200582.wav"},"answer":{"fileFormat":"wav","fileSize":2657358,"duration":83040,"samplingBit":16,"channelCount":1,"samplingRate":"16kHz","audioPath":"/Mock/01.Management/Female/Experienced/ckmk_a_bm_f_e_200582.wav"}}}