{"version":"1.0","dataSet":{"info":{"date":"20230116","occupation":"BM","channel":"MOCK","place":"ONLINE","gender":"FEMALE","ageRange":"-34","experience":"EXPERIENCED"},"question":{"raw":{"text":"만일 지원자님께서 해외에서 근무하게 된다면 어디에서 하고 싶으신지 말씀해 주세요","wordCount":10},"emotion":[],"intent":[]},"answer":{"raw":{"text":"어 저는 개인적으로 미국에서 좀 해보고 싶습니다. 어쨌든 회계를 다루는 일이기 때문에 어떤 자본의 굉장히 대표적인 나라라고 할 수 있는 곳에 가서 좀 그 현장을 눈에 보고 싶습니다. 눈에 담고 싶고 좀 체감하고 싶은 마음이 있어서 항상 그 미국이라는 나라가 그런 부분에서 좀 궁금했었고 과연 정말 제가 자본이라는 것을 생각했을 때 어떤 가치를 가질 수 있을까. 그 미국이라는 나라를 가보면 그거를 정말 더 잘 할 수 있을 것 같다는 생각이 들어서 한번 제가 하는 업무에서 만약에 해외에서 근무하는 기회가 생긴다면 어 미국 쪽을 한번 경험해보고 싶습니다.","wordCount":86},"emotion":[],"intent":[{"text":"","expression":"","category":"attitude"}],"summary":{"text":"회계를 다루는 일이기 때문에 미국의 현장을 보고 싶습니다. 미국을 가보면 어떤 가치를 가질 수 있을까 싶었고 해외 근무 기회가 생긴다면 미국 쪽을 한번 경험해보고 싶었습니다.","wordCount":25}}},"rawDataInfo":{"question":{"fileFormat":"wav","fileSize":275278,"duration":8600,"samplingBit":16,"channelCount":1,"samplingRate":"16kHz","audioPath":"/Mock/01.Management/Female/Experienced/ckmk_q_bm_f_e_102982.wav"},"answer":{"fileFormat":"wav","fileSize":1781838,"duration":55680,"samplingBit":16,"channelCount":1,"samplingRate":"16kHz","audioPath":"/Mock/01.Management/Female/Experienced/ckmk_a_bm_f_e_102982.wav"}}}