{"version":"1.0","dataSet":{"info":{"date":"20230116","occupation":"BM","channel":"MOCK","place":"ONLINE","gender":"FEMALE","ageRange":"55-","experience":"EXPERIENCED"},"question":{"raw":{"text":"어떤 문제에 부딪쳤을 때 혼자 해결하는 편이신지 혹은 여러 사람들에게 이야기를 하는 편이신지 궁금합니다","wordCount":14},"emotion":[],"intent":[]},"answer":{"raw":{"text":"아 저는 그 어떤 문제에 부딪쳤을 때 혼자 해결하는 편은 아닙니다. 아 되도록이면 여러 사람들한테 이야기를 하는 편입니다. 어 그게 뭐 저한테 챙피한 일이나 아니면 좀 얘기하지 못한 부끄러운 일일 수 있더라도 아 좀 아는 사람이나 좀 친한 사람이나 여러 사람들한테 좀 알리는 편입니다. 그러다 보면은 어느 순간에 답이 나올 때가 있더라구요. 저 혼자 딱 혼자 꿍꿍 앓는 것보다는 다른 사람한테 얘기하고 나면 한 편으로 좀 속도 편해지는 것 같고 그다음에 다른 친구들한테 다른 분들한테 아 이런 해결 방안을 가끔 찾은 경우가 여러 번 있습니다. 그래서 저는 절대 무슨 문제에 부딪쳤을 때 혼자 해결하는 것보다는 사람들한테 얘기를 해서 답을 얻고 그다음에 제가 해결을 할려고 노력을 하는 편입니다. 그까 여러 사람이 모이면 지혜가 모인다고 하잖아요. 그 서 저는 그걸 믿거든요. 그래서 여러 사미람의 지혜를 빌리기 위해서 이야기를 하는 편입니다. 네 이상입니다.","wordCount":130},"emotion":[],"intent":[{"text":"","expression":"","category":"attitude"}],"summary":{"text":"저는 어떤 문제에 부딪쳤을 때 되도록 여러 사람들한테 이야기를 하는 편입니다. 그러다 보면 어느 순간에 답이 나올 때가 있습니다. 그래서 저는 절대 혼자 해결하는 것보다는 사람들한테 얘기를 해서 답을 얻고, 제가 해결을 할려고 노력을 하는 겁니다. 여러 사람의 지혜를 빌리기 위해서 이야기를 하는 것입니다.","wordCount":44}}},"rawDataInfo":{"question":{"fileFormat":"wav","fileSize":346958,"duration":10840,"samplingBit":16,"channelCount":1,"samplingRate":"16kHz","audioPath":"/Mock/01.Management/Female/Experienced/ckmk_q_bm_f_e_189790.wav"},"answer":{"fileFormat":"wav","fileSize":2516558,"duration":78640,"samplingBit":16,"channelCount":1,"samplingRate":"16kHz","audioPath":"/Mock/01.Management/Female/Experienced/ckmk_a_bm_f_e_189790.wav"}}}