{"version":"1.0","dataSet":{"info":{"date":"20230116","occupation":"BM","channel":"MOCK","place":"ONLINE","gender":"FEMALE","ageRange":"35-44","experience":"EXPERIENCED"},"question":{"raw":{"text":"검색 엔진들 중 대표적인 네이버 다음 구글 검색을 비교해 보시고 각각 검색 엔진들의 차이점 장단점을 비교해서 설명해 주시기 바랍니다","wordCount":19},"emotion":[],"intent":[]},"answer":{"raw":{"text":"요즘은 정보가 정말 넘쳐나는데요. 이런 정보에 홍 홍수 속에서도 네이버 다음 구글 이런 검색 엔진 포털들이 하는 역할이 정말 크다 라고 저는 생각을 하고 있습니다. 예전에는 내가 정보를 찾기 위해서는 직접 컴퓨터를 키고 인터넷 익스플로러를 들어가서 검색을 했어야 했는데 최근에는 간편하게 핸드폰 어플을 통해서 검색들을 하기 할 수 있기 때문에 정말 내 손 안에서 모든 정보들을 찾아볼 수 있는 그런 환경이 왔다 라고 생각을 합니다. 어렸을 때는 정보화 시대 라는 단어들이 굉장히 유행했었을 때 그 의미에 대해서 잘 이해를 못 했었는데 지금은 정보화 시대라는 게 내 손 안에 있다 라는 생각들을 하고 있습니다. 특히 네이버나 다음 같은 경우에는 스마트 렌즈라든지 다음 렌즈 이런 서비스를 통해서 간편하게 사진만 찍으면 이게 어떤 제품이고 얼마이고 어떤 꽃이고 어떤 식물이고 이런 점까지 굉장히 자세하게 알려주기 때문에 더더욱 이렇게 검색 엔진을 활용하는 그 활용도가 높아질 것이라 생각합니다.","wordCount":132},"emotion":[],"intent":[{"text":"","expression":"","category":"attitude"}],"summary":{"text":"요즘 정보의 홍수 속에서 네이버 다음 구글 같은 검색 엔진 포털들의 역할이 정말 큽니다. 핸드폰 어플을 통해서 검색을 할 수 있기 때문에 제 손 안에서 모든 정보들을 찾아볼 수 있는 환경이 왔습니다. 특히 네이버나 다음 같은 경우 스마트 렌즈 같은 서비스를 통해서 검색 엔진의 활용도가 높아질 것입니다.","wordCount":47}}},"rawDataInfo":{"question":{"fileFormat":"wav","fileSize":664398,"duration":20760,"samplingBit":16,"channelCount":1,"samplingRate":"16kHz","audioPath":"/Mock/01.Management/Female/Experienced/ckmk_q_bm_f_e_195851.wav"},"answer":{"fileFormat":"wav","fileSize":2699598,"duration":84360,"samplingBit":16,"channelCount":1,"samplingRate":"16kHz","audioPath":"/Mock/01.Management/Female/Experienced/ckmk_a_bm_f_e_195851.wav"}}}