{"version":"1.0","dataSet":{"info":{"date":"20230116","occupation":"BM","channel":"MOCK","place":"ONLINE","gender":"FEMALE","ageRange":"45-54","experience":"EXPERIENCED"},"question":{"raw":{"text":"지원자께서는 평소 개인 작업을 많이 하는 편이라고 생각하시나요 만약 그렇다면 그 원동력은 무엇이라고 생각하십니까","wordCount":14},"emotion":[],"intent":[]},"answer":{"raw":{"text":"저는 평소에도 저 혼자만의 작업을 많이 하는 편입니다. 그것은 아마도 조용한 것을 좋아하고 혼자만의 골똘한 생각을 통하여 결과가 나오는 것을 즐기는 저의 성격 때문이기도 한 것 같습니다. 저는 정확한 결과가 나오는 그런 것이 참 좋습니다. 그래서 여럿이 웃고 떠들고 하는 것도 물론 좋지만 그것보다도 저는 저 혼자만의 생각과 시간을 즐기는 편입니다. 그러므로 개인 작업 또한 많이 하는 편입니다.","wordCount":58},"emotion":[],"intent":[{"text":"","expression":"","category":"attitude"}],"summary":{"text":"조용한 것을 좋아하는 저 성격 때문에 저 혼자의 작업을 많이 하는 편입니다. 그래서 개인 작업 또한 많이 합니다. 이는 저 자신만의 생각과 시간을 즐기는 성격때문입니다.","wordCount":25}}},"rawDataInfo":{"question":{"fileFormat":"wav","fileSize":333518,"duration":10420,"samplingBit":16,"channelCount":1,"samplingRate":"16kHz","audioPath":"/Mock/01.Management/Female/Experienced/ckmk_q_bm_f_e_103627.wav"},"answer":{"fileFormat":"wav","fileSize":1645518,"duration":51420,"samplingBit":16,"channelCount":1,"samplingRate":"16kHz","audioPath":"/Mock/01.Management/Female/Experienced/ckmk_a_bm_f_e_103627.wav"}}}