{"version":"1.0","dataSet":{"info":{"date":"20230116","occupation":"BM","channel":"MOCK","place":"ONLINE","gender":"FEMALE","ageRange":"45-54","experience":"EXPERIENCED"},"question":{"raw":{"text":"본인이 하고 싶은 업무가 있다면 어떤 게 있을까요","wordCount":8},"emotion":[],"intent":[]},"answer":{"raw":{"text":"저는 어 어쨌든 그 새로운 얼굴을 찾아내는 발굴할 수 있는 업무를 맡고 싶고요. 그러기 위해서 좀 다양한 오디션에 참여할 수 있는 권한을 가지고 싶습니다. 그래서 그 권한을 가지고 요즘 세상에서 원하는 음 대중들이 좋아할 수 있는 새로운 스타를 좀 찾아내고 싶고요. 그리고 자신이 가지고 있는 재능을 알아차리지 못하는 친구들을 발견해 내고 싶습니다. 그래서 어쨌든 저는 오디션에 참여할 수 있는 권한을 가진 업무를 하고 싶고 그 찾아낸 인물을 저희 회사와 계약할 수 있도록 적극적으로 앞에서 제가 그 의견을 낼 수 있는 역할을 하고 싶습니다.","wordCount":83},"emotion":[],"intent":[{"text":"","expression":"","category":"attitude"}],"summary":{"text":"저는 새로운 얼굴을 찾아내는 발굴하는 업무를 맡고 싶습니다. 그래서 다양한 오디션에 참여할 수 있는 권한을 가지고, 찾아내낸 인물을 회사와 계약할 수 있도록 적극적으로 의견을 낼 수 있는 역할을 하고 싶습니다.","wordCount":30}}},"rawDataInfo":{"question":{"fileFormat":"wav","fileSize":243278,"duration":7600,"samplingBit":16,"channelCount":1,"samplingRate":"16kHz","audioPath":"/Mock/01.Management/Female/Experienced/ckmk_q_bm_f_e_102778.wav"},"answer":{"fileFormat":"wav","fileSize":1881038,"duration":58780,"samplingBit":16,"channelCount":1,"samplingRate":"16kHz","audioPath":"/Mock/01.Management/Female/Experienced/ckmk_a_bm_f_e_102778.wav"}}}