{"version":"1.0","dataSet":{"info":{"date":"20230116","occupation":"BM","channel":"MOCK","place":"ONLINE","gender":"FEMALE","ageRange":"35-44","experience":"EXPERIENCED"},"question":{"raw":{"text":"면접자님이 생각하시는 회사의 덕목은 무엇인가요 어떤 회사가 좋은 회사라고 생각하고 계시는지 궁금합니다","wordCount":12},"emotion":[],"intent":[]},"answer":{"raw":{"text":"저는 사람을 중요하게 생각하는 회사가 좋은 회사라고 생각을 합니다. 기업은 이윤을 추구하기 위해 설립되어졌지만 그 이윤을 추구하기 위해 열심히 일하는 것은 바로 근로자입니다. 근로자의 능력을 인정해주고 최상으로 이끌어주며 그에 대한 보답을 충분히 해주면 근로자는 애사심을 가지고 회사의 이익 창출에 더욱더 노력을 할 것입니다. 아무리 훌륭한 인재를 뽑아 놓고도 사람을 중요하게 생각하지 않는다면 근로자는 그저 소모품으로 소진되어 결국엔 회사의 이윤 추구에도 막대한 영향을 미치는 경우를 많이 보았습니다. 특히 최근에 어느 대기업에서 제품 제조 과정에서 인사 사고가 발생했을 때 그에 대한 대처가 굉장히 미흡하였고 그것을 본 전 국민들이 전 국민들이 분노를 하며 불매 운동에 참여하는 것을 보았습니다. 그렇기 때문에 저는 회사는 사람을 제일 중요시 여기는 회사가 좋은 회사라고 생각을 합니다.","wordCount":108},"emotion":[],"intent":[{"text":"","expression":"","category":"attitude"}],"summary":{"text":"기업은 이윤을 추구하기 위해 설립되어졌지만 근로자 역시 능력을 인정해주고 최상으로 이끌어주며 그에 대한 보답을 충분히 해주면 근로자는 애사심을 가지고 회사의 이익 창출에 더욱더 노력을 할 것이므로, 회사는 사람을 제일 중요시 여기는 회사가 좋은 회사라고 생각합니다.","wordCount":35}}},"rawDataInfo":{"question":{"fileFormat":"wav","fileSize":296078,"duration":9250,"samplingBit":16,"channelCount":1,"samplingRate":"16kHz","audioPath":"/Mock/01.Management/Female/Experienced/ckmk_q_bm_f_e_237433.wav"},"answer":{"fileFormat":"wav","fileSize":1941838,"duration":60680,"samplingBit":16,"channelCount":1,"samplingRate":"16kHz","audioPath":"/Mock/01.Management/Female/Experienced/ckmk_a_bm_f_e_237433.wav"}}}