{"version":"1.0","dataSet":{"info":{"date":"20230116","occupation":"BM","channel":"MOCK","place":"ONLINE","gender":"FEMALE","ageRange":"35-44","experience":"EXPERIENCED"},"question":{"raw":{"text":"지원자님은 의견을 주장하실 때 강하게 주장하는 편이신가요 평소 어떤 스타일로 자신의 의견을 주장하시는지 답변 부탁드립니다","wordCount":15},"emotion":[],"intent":[]},"answer":{"raw":{"text":"저는 의견을 주장할 때 제 주장을 우선적으로 내기보다는 다른 사람의 주장을 먼저 듣는 편입니다. 다른 사람의 다양한 주장을 듣다 보면 제가 몰랐던 다른 지식들도 습득할 수 있고 또한 저의 주장을 더 뒷받침해 줄 수 있는 내용들도 알 수 있기 때문에 강하게 주장하기보다는 다른 사람들의 의견을 조금 더 들어보고 나의 주장을 펼치는 편입니다. 하지만 만약 나의 주장이 조금 확고하다 싶을 때면 강하게 나가는 편이기도 합니다. 특히 윤리적으로나 사회적으로 문제가 생길 수 있는 의견에서는 저는 주장이 확고해지는 편이기 때문에 그런 부분에서는 강하게 주장하는 편입니다.","wordCount":82},"emotion":[],"intent":[{"text":"","expression":"","category":"attitude"}],"summary":{"text":"저는 의견을 주장할 때 제 주장을 우선으로 내기보다는 다른 사람의 주장을 먼저 들어보고 저의 주장을 펼치는 편이지만, 주장이 확고하다 싶을 때에는 강하게 나가는 편이기도 합니다. 특히 윤리적, 사회적으로 문제가 생길 수 있는 의견에서는 강하게 주장하는 편입니다.","wordCount":36}}},"rawDataInfo":{"question":{"fileFormat":"wav","fileSize":595918,"duration":18620,"samplingBit":16,"channelCount":1,"samplingRate":"16kHz","audioPath":"/Mock/01.Management/Female/Experienced/ckmk_q_bm_f_e_199087.wav"},"answer":{"fileFormat":"wav","fileSize":1452238,"duration":45380,"samplingBit":16,"channelCount":1,"samplingRate":"16kHz","audioPath":"/Mock/01.Management/Female/Experienced/ckmk_a_bm_f_e_199087.wav"}}}