{"version":"1.0","dataSet":{"info":{"date":"20230116","occupation":"BM","channel":"MOCK","place":"ONLINE","gender":"FEMALE","ageRange":"-34","experience":"EXPERIENCED"},"question":{"raw":{"text":"보고서 같은 문서 작성을 할 때 실수를 방지하려면 어떻게 해야 한다고 생각하십니까","wordCount":12},"emotion":[],"intent":[]},"answer":{"raw":{"text":"집중력과 정확도가 가장 필요한 부분이라고 생각합니다. 그리고 어느 정도는 생각보다는 무 무아지경 일으킨 건 무의식의 세계에서 기술적으로 기계적으로 일을 하는 훈련이 필요한 것 같습니다.","wordCount":24},"emotion":[],"intent":[{"text":"","expression":"","category":"attitude"}],"summary":{"text":"기계적으로 일을 하는 훈련이 필요하며, 집중력·정확도, 집중력 향상이 가장 필요할 것입니다.","wordCount":11}}},"rawDataInfo":{"question":{"fileFormat":"wav","fileSize":279758,"duration":8740,"samplingBit":16,"channelCount":1,"samplingRate":"16kHz","audioPath":"/Mock/01.Management/Female/Experienced/ckmk_q_bm_f_e_172374.wav"},"answer":{"fileFormat":"wav","fileSize":910158,"duration":28440,"samplingBit":16,"channelCount":1,"samplingRate":"16kHz","audioPath":"/Mock/01.Management/Female/Experienced/ckmk_a_bm_f_e_172374.wav"}}}