{"version":"1.0","dataSet":{"info":{"date":"20230116","occupation":"BM","channel":"MOCK","place":"ONLINE","gender":"FEMALE","ageRange":"45-54","experience":"EXPERIENCED"},"question":{"raw":{"text":"지원자님께서 개인적으로 공부를 어떻게 하시는지 궁금한데요 강의나 책을 활용한 공부를 설명해 주셔도 좋습니다","wordCount":13},"emotion":[],"intent":[]},"answer":{"raw":{"text":"아 요즘에는 아 이게 뭐 어떤 파고드는 공부라곤 그렇지만 저는 요즘 자연 네 그런 저는 요즘 채식주의에 꽂혀서 제가 완전 뭐 아직 채식주의자라는 건 아니지만 좀 그런 환경 문제 이런 거에 제가 좀 관심이 가게 돼서 그 부분으로 제 주변 채식주의자인 친구들 그리고 또 그 친구들에 어떤 조언을 할 수 있는 그런 선생님들 같이 쪼끔 만나면서 배워나가고 있습니다. 이게 뭐 제 어떤 취향 뭐 저희 뭐 여러 가지 부분들을 떠나서 저를 떠나서 앞으로에 어떤 전망상으로도 그렇고 이 시장이 굉장히 넓어질 것도 있고 그리고 어 뭐 음식물 이렇게 식품 네 그런 부분에서 굉장한 우려들이 많기 때문에 여러 가지 가능성들이 생길 수가 있어서 이제 진짜 그 자연에서 순수하게 얻어질 수 있는 것들 그것들을 얼마나 또 우리가 살아갈 수 있을지 이런 부분으로 네 관심이 가더라구요.","wordCount":122},"emotion":[],"intent":[{"text":"","expression":"","category":"attitude"}],"summary":{"text":"자연에서 순수하게 얻어질 수 있는 것들 그것들을 얼마나 우리가 살아갈 수 있을지 이런 부분으로 관심이 가더군요. 제가 채식주의자인 건 아니지만 환경 문제에 관심이 생겨서 주변 채식주의자들의 조언을 받는 선생님들을 만나면서 배워나가고 있습니다.","wordCount":32}}},"rawDataInfo":{"question":{"fileFormat":"wav","fileSize":330958,"duration":10340,"samplingBit":16,"channelCount":1,"samplingRate":"16kHz","audioPath":"/Mock/01.Management/Female/Experienced/ckmk_q_bm_f_e_141450.wav"},"answer":{"fileFormat":"wav","fileSize":2916238,"duration":91130,"samplingBit":16,"channelCount":1,"samplingRate":"16kHz","audioPath":"/Mock/01.Management/Female/Experienced/ckmk_a_bm_f_e_141450.wav"}}}