{"version":"1.0","dataSet":{"info":{"date":"20230116","occupation":"BM","channel":"MOCK","place":"ONLINE","gender":"FEMALE","ageRange":"55-","experience":"EXPERIENCED"},"question":{"raw":{"text":"다양한 커뮤니케이션이 존재합니다 그 중 가장 어려웠던 경험이 있다면 한 가지만 말씀해 주세요","wordCount":13},"emotion":[],"intent":[]},"answer":{"raw":{"text":"어 커뮤니케이션 공부를 했는데도 불구하고 커뮤니케이션 경험이 여러 방면에 다양한 사람들하고 접촉이 있었는데 그중에서 참 어려웠던 경험이 있어요. 이제 그런 직종은 제가 이제 유아들을 다뤘던 직종인데 유아들을 다룰 때는 유아들 입장에서 바라봐 주고 그들의 시선에서 눈을 맞춰줘야 되는데 어 그런 것들이 제일 쉽지 않았고 그리고 사실은 전문가들 분야에서 전문가들이 모여있는 직종에서 그들을 상대하는 것이 어 상담 분야에서 만났을 때 그때도 또한 어려웠습니다. 그까 어 유아들하고 또 어 박사급 이상인 분들 그런 분들 강의하는 기회가 있었는데 그때 제가 어 그들을 인제 강의하는 그 분위기에서 그들의 그들과 시선을 맞추는 거 어 그까 가장 어린 나이와 가장 높은 수준의 어 지적 능력이 높은 사람들을 상대하는 게 제일 어려웠던 것 같습니다.","wordCount":107},"emotion":[],"intent":[{"text":"","expression":"","category":"attitude"}],"summary":{"text":"저는 유아들을 다뤘던 직종인데, 유아들을 입장에서 바라봐야지, 그들의 시선에서 눈을 맞춰줘야 하는데 어려웠고, 전문가들이 모여있는 직종에서 그들을 상대하는 것도 어려웠습니다. 말하자면 가장 어린 나이와 가장 높은 수준의 지적 능력이 높은 사람을 상대하는 게 제일 어려웠던 것 같습니다.","wordCount":37}}},"rawDataInfo":{"question":{"fileFormat":"wav","fileSize":288398,"duration":9010,"samplingBit":16,"channelCount":1,"samplingRate":"16kHz","audioPath":"/Mock/01.Management/Female/Experienced/ckmk_q_bm_f_e_267506.wav"},"answer":{"fileFormat":"wav","fileSize":2457678,"duration":76800,"samplingBit":16,"channelCount":1,"samplingRate":"16kHz","audioPath":"/Mock/01.Management/Female/Experienced/ckmk_a_bm_f_e_267506.wav"}}}