{"version":"1.0","dataSet":{"info":{"date":"20230116","occupation":"BM","channel":"MOCK","place":"ONLINE","gender":"FEMALE","ageRange":"55-","experience":"EXPERIENCED"},"question":{"raw":{"text":"협업할 일이 많이 생길 수도 있습니다 이전 직장에서나 대학에서 협업을 할 때 어려운 점은 없으셨나요","wordCount":15},"emotion":[],"intent":[]},"answer":{"raw":{"text":"협업을 할 일이 많이 생길 수 있다는 거는 많은 사람들과 같이 일을 한다는 거겠죠. 네 저는 어 사람을 보면서 좀 더 나한테 에너지를 받는 형인 것 같습니다. 사람들과 같이 일하는 거를 되게 즐겨 하구요. 어 학교에서도 이제 실험을 같이 했을 때 아 조 실험 그다음에 개인 실험보다는 조 실험을 할 때 되게 즐거운 즐거운 기억이 납니다. 그 많은 친구들과 같이 협업을 할 때 서로 에너지를 많이 받는 것을 되게 즐겨 하구요. 그다음에 조금 서로 배려하는 거를 중시합니다. 그래서 협업을 할 때 어려운 점은 없었던 거 같아요. 새로운 사람에 대한 두려움이라든가 그다음에 그런 것은 전혀 없구요. 어 사람을 보면 저한테 더 에너지를 받아서 많은 사람 또 새로운 사람 별로 두려운 두려움은 없습니다. 네 감사합니다.","wordCount":113},"emotion":[{"text":"어   학교에서도 이제 실험을 같이 했을 때 아 조 실험 그다음에 개인 실험보다는 조 실험을 할 때 되게 즐거운   즐거운 기억이 납니다.","expression":"p-happiness","category":"positive"}],"intent":[{"text":"어   학교에서도 이제 실험을 같이 했을 때 아 조 실험 그다음에 개인 실험보다는 조 실험을 할 때 되게 즐거운   즐거운 기억이 납니다.","expression":"c_cop","category":"personality"}],"summary":{"text":"협업을 할 일이 많이 생길 수 있다는 것은 많은 사람들과 같이 일을 한다는 의미일 것 같습니다. 많은 사람들과 협업할 때 서로 에너지를 많이 받고 배려하는 것을 중시합니다. 그래서 협업 시 어려운 점은 없었고 새로운 사람에 대한 두려움도 없었습니다.","wordCount":38}}},"rawDataInfo":{"question":{"fileFormat":"wav","fileSize":366158,"duration":11440,"samplingBit":16,"channelCount":1,"samplingRate":"16kHz","audioPath":"/Mock/01.Management/Female/Experienced/ckmk_q_bm_f_e_189786.wav"},"answer":{"fileFormat":"wav","fileSize":2306638,"duration":72080,"samplingBit":16,"channelCount":1,"samplingRate":"16kHz","audioPath":"/Mock/01.Management/Female/Experienced/ckmk_a_bm_f_e_189786.wav"}}}