{"version":"1.0","dataSet":{"info":{"date":"20230116","occupation":"BM","channel":"MOCK","place":"ONLINE","gender":"FEMALE","ageRange":"45-54","experience":"EXPERIENCED"},"question":{"raw":{"text":"직장을 선택함에 있어서 지원자님께서 가장 중요하게 생각하는 세 가지가 있다면 어떤 것인지 각각 무엇인지 그 이유에 대해서도 함께 말씀해 주세요","wordCount":20},"emotion":[],"intent":[]},"answer":{"raw":{"text":"예 제가 직장을 선택할 때 가장 중요하게 생각하는 세 가지 중 그 첫 번째는 그 산업의 지속 가능성 여부입니다. 이 산업이 앞으로 미래에 계속 성장할 산업이냐 아니면은 현재는 포화하고 굉장히 활성화되고 좋지만 앞으로 미래에 봤을 때는 좀 하향 산업이냐 저는 오래 근무하고 싶기 때문에 이 회사의 산업이 앞으로 미래에도 발전 가능성이 있는 산업이냐가 굉장히 중요한 저의 선택 요소 중에 한 가지구요. 두 번째는 좀 저의 개인적인 가치관과도 좀 일맥상통하는 부분이 있는데 어 사회에 대한 공헌도입니다. 회사가 이익을 추구하는 것도 굉장히 중요하지만 사회와 함께 살아가야 될 것이기 때문에 이 사회에 얼마나 기여하고 공헌하느냐 환경 문제에 얼마나 기여하느냐 이런 부분도 저의 개인적인 가치관과 굉장히 일맥상통하는 부분이라 중요한 요소로 보고 있구요. 마지막 요소는 어 바로 그 재무 상태입니다. 특히나 스타트업 기업 같은 경우에는 재무 상태 때문에 아이디어는 굉장히 좋은데 좀 문을 닫는 회사들이 있거든요. 어 저는 조금 중년에 상황이기 때문에 안정된 회사가 그래 선호합니다. 그래서 그 회사의 재무 건전성이라든가 이런 부분들도 상당히 중요한 어 요소로 저에게는 작용하고 있습니다.","wordCount":155},"emotion":[],"intent":[{"text":"","expression":"","category":"attitude"}],"summary":{"text":"직장 선택 시 중요하게 생각하는 세 가지 요소는 산업의 지속 가능성 여부, 사회에 대한 공헌도, 재무 상태입니다. 특히 스타트업 기업의 경우에는 재무 상태 때문에 아이디어는 굉장히 좋은데 좀 문을 닫는 회사들이 있습니다. 그래서 저에게는 회사의 재무 건전성이라든가 이런 부분들도 상당히 중요한 요소로 작용하고 있습니다.","wordCount":44}}},"rawDataInfo":{"question":{"fileFormat":"wav","fileSize":473678,"duration":14800,"samplingBit":16,"channelCount":1,"samplingRate":"16kHz","audioPath":"/Mock/01.Management/Female/Experienced/ckmk_q_bm_f_e_267243.wav"},"answer":{"fileFormat":"wav","fileSize":2992078,"duration":93500,"samplingBit":16,"channelCount":1,"samplingRate":"16kHz","audioPath":"/Mock/01.Management/Female/Experienced/ckmk_a_bm_f_e_267243.wav"}}}