{"version":"1.0","dataSet":{"info":{"date":"20230116","occupation":"BM","channel":"MOCK","place":"ONLINE","gender":"FEMALE","ageRange":"35-44","experience":"EXPERIENCED"},"question":{"raw":{"text":"얼마 전에 구급대원이 주취자에게 폭행을 당하여 순직 당하는 일이 발생하였습니다 지원자님께서는 이 사건에 대해서 어떻게 생각하고 계시나요","wordCount":17},"emotion":[],"intent":[]},"answer":{"raw":{"text":"화가 납니다 우선. 그냥 좀 너무 이런 뉴스를 자주 접하니까. 그까 이런 뉴스라는 건 술에 관련된 사건 사고들이에요. 근데 자주 라는 말도 참 작아 보일 정도로 매일 눈 뜨고 보면 또 술 술을 취해 어쩌고 저쩌고 심신미약을 주장 어쩌고 저쩌고 근데 또 그거에 대해서 인정을 해서 형량이 감염 감염 감형되고 어쩌고 저쩌고 악순환을 사법기관에서 음 반복시키고 더 강화시키고 있는 것 같아요. 그래서 아 제발 술에 대한 주취 상태에서의 어떤 행위에 대한 사건들은 사고들은 엄벌에 처했으면 좋겠습니다 엄벌. 심신미약은 여기에 해당되는 말이 아니길 조금 법으로 바뀌었으면 좋겠습니다.","wordCount":86},"emotion":[],"intent":[{"text":"","expression":"","category":"attitude"}],"summary":{"text":"술에 대한 주취 상태에서의 어떤 행위에 대한 사고들은 엄벌을 처했으면 좋겠습니다 엄벌. 심신미약은 여기에 해당되는 말이 아니길 조금 법으로 바뀌었으면 좋겠습니다.","wordCount":21}}},"rawDataInfo":{"question":{"fileFormat":"wav","fileSize":602958,"duration":18840,"samplingBit":16,"channelCount":1,"samplingRate":"16kHz","audioPath":"/Mock/01.Management/Female/Experienced/ckmk_q_bm_f_e_142671.wav"},"answer":{"fileFormat":"wav","fileSize":2759758,"duration":86240,"samplingBit":16,"channelCount":1,"samplingRate":"16kHz","audioPath":"/Mock/01.Management/Female/Experienced/ckmk_a_bm_f_e_142671.wav"}}}