{"version":"1.0","dataSet":{"info":{"date":"20230116","occupation":"BM","channel":"MOCK","place":"ONLINE","gender":"FEMALE","ageRange":"35-44","experience":"EXPERIENCED"},"question":{"raw":{"text":"어 지원자님께서 상상을 해 보셨을 때 십 년 후의 미래는 어떤 모습이실 것 같나요 그리고 그 십 년 후에 미래에 지원자님께서는 저희 회사에 계속 다니고 계실 건가요","wordCount":27},"emotion":[],"intent":[]},"answer":{"raw":{"text":"저는 십 년 후에 이 회사에서 다른 사람들을 교육하는 일에 매진을 하고 또 에너지를 쏟을 계획입니다. 지금까지 제가 어 전문적으로 어 한 경력을 살려서 다른 사람들이 어려운 일이 있다면 어 그것들을 어 교육이라든지 강의라든지를 통해서 음 필요한 사람들에게 혹은 전체적으로 교육하는 일에 어 많은 에너지를 쏟고 싶습니다. 그리고 또 십 년 후에는 어 회사가 가지고 있는 어 역량들을 더 발휘를 하기 위해서 새로운 것을 개발을 하고 또 부족한 점들을 어떻게 개선을 해야 되고 또 사회 분위기에 맞춰서 무엇을 받아들여야 되는지에 대해서 많은 고민을 하겠습니다. 음 예를 들어 인공지능이나 또 줌 서비스 같은 에스엔에스 망을 많이 사용을 하는 것이 어 추세인데 회사가 그것들을 따라가기 위해서 제가 많은 노력들을 기하고 또 회사가 사회 분위기에 발 맞춰서 그것들을 따라갈 수 있도록 많은 어 제 에너지를 쏟을 계획입니다.","wordCount":124},"emotion":[],"intent":[{"text":"","expression":"","category":"attitude"}],"summary":{"text":"저는 십 년 후에 회사에서 다른 사람들을 교육하는 일에 매진을 하고 에너지를 쏟을 계획입니다. 또 십년 후에는 회사가 가지고 있는 역량을 더 발휘하기 위해서 새로운 것을 개발하고 부족한 점들을 어떻게 개선하고 사회 분위기에 맞춰서 무엇을 받아들여야 되는지에 대해서 많은 고민을 하겠습니다.","wordCount":41}}},"rawDataInfo":{"question":{"fileFormat":"wav","fileSize":425678,"duration":13300,"samplingBit":16,"channelCount":1,"samplingRate":"16kHz","audioPath":"/Mock/01.Management/Female/Experienced/ckmk_q_bm_f_e_217672.wav"},"answer":{"fileFormat":"wav","fileSize":2452558,"duration":76640,"samplingBit":16,"channelCount":1,"samplingRate":"16kHz","audioPath":"/Mock/01.Management/Female/Experienced/ckmk_a_bm_f_e_217672.wav"}}}