{"version":"1.0","dataSet":{"info":{"date":"20230116","occupation":"BM","channel":"MOCK","place":"ONLINE","gender":"FEMALE","ageRange":"-34","experience":"EXPERIENCED"},"question":{"raw":{"text":"네 지금까지 여러 대외 활동을 해 보셨을 거라고 생각이 드는데요 어떤 대외 활동을 하셨는지 또 무엇을 배웠고 어떤 자세로 임했는지 함께 말씀해 주시기 바랍니다","wordCount":24},"emotion":[],"intent":[]},"answer":{"raw":{"text":"저는 실제로 지금까지 여러 대외 활동을 한 경험이 있습니다. 저는 그 대외 활동에서 팀원들과의 협업과 의사소통 능력을 배웠습니다. 가장 중요한 것은 사람과 사람 간의 일을 하는 것이므로 저 혼자 일을 진행하는 것이 아니라 팀원들이 있었기 때문에 가능한 성공과 마무리였다고 생각하기 때문입니다. 따라서 저는 팀원들에게 배울 점을 수용하고 그들에게서 배울 점을 캐치하고 그들과 함께 좋은 방향으로 성장하고 나아가고자 했던 것 같습니다. 저는 하나라도 더 배우고자 하는 의지로 임하여 그들에게서 좋은 점을 발견하여 그들에게 좋은 점을 흡수하고 서로 좋은 영향을 받아 주고받는 선한 영향력을 끼쳤다고 생각합니다. 저는 앞으로 모든 다 일을 함에 있어서 배울 점을 보고 좋은 점을 먼저 캐치하여 그 좋은 점을 먼저 수행 수 수용하는 방향으로 일을 진행할 것입니다. 저는 따라서 대외 활동에서 배운 경험을 토대로 진행할 것입니다. 감사합니다.","wordCount":119},"emotion":[],"intent":[{"text":"","expression":"","category":"attitude"}],"summary":{"text":"저는 지금까지 여러 대외 활동을 한 경험이 있습니다. 그 활동에서 팀원들과의 협업과 의사소통 능력을 배웠습니다. 앞으로 모든 다 일을 함에 있어서 배울 점을 보고 좋은 점을 먼저 캐치하여 그 좋은 점을 우선 수행 수 수용하는 방향으로 일을 진행할 것입니다.","wordCount":39}}},"rawDataInfo":{"question":{"fileFormat":"wav","fileSize":508878,"duration":15900,"samplingBit":16,"channelCount":1,"samplingRate":"16kHz","audioPath":"/Mock/01.Management/Female/Experienced/ckmk_q_bm_f_e_180801.wav"},"answer":{"fileFormat":"wav","fileSize":2764878,"duration":86400,"samplingBit":16,"channelCount":1,"samplingRate":"16kHz","audioPath":"/Mock/01.Management/Female/Experienced/ckmk_a_bm_f_e_180801.wav"}}}