{"version":"1.0","dataSet":{"info":{"date":"20230116","occupation":"BM","channel":"MOCK","place":"ONLINE","gender":"FEMALE","ageRange":"-34","experience":"EXPERIENCED"},"question":{"raw":{"text":"지원자님은 평소에 개인 작업을 많이 하시는 편인가요 그렇다면 개인 작업을 많이 할 수 있는 원동력은 무엇이라고 생각하시나요","wordCount":17},"emotion":[],"intent":[]},"answer":{"raw":{"text":"네 저는 평소에도 개인 작업을 꽤나 하고 있는 편이고요. 이거를 그렇게 할 수 있는 원동력은 재미라고 생각이 듭니다. 일도 그렇고 공부도 그렇고 정말 사실은 하기 싫고 너무 힘들잖아요. 그런데도 우리가 하는 이유 중의 하나가 물론 돈이라든지 그런 결과물이 있지만 거기에서 오는 재미가 가장 크다고 생각이 듭니다. 그래서 저는 제가 하는 개인 작업이 사실 뭐 금전적으로 엄청나게 많이 번다던지 누군가 알아주는 작업은 아닙니다. 하지만 이걸 함으로써 내가 너무 재미있고 이 결과물에 대해서 사람들이 긍정적인 이야기를 했을 때 저도 마음이 굉장히 행복해진다는 걸 느끼는데요. 그래서 저는 어떤 일을 할 때는 그런 재미라는 원동력이 정말 강하게 있어야 되지 않나 라는 생각을 하는 편입니다.","wordCount":100},"emotion":[{"text":"하지만 이걸 함으로써 내가 너무 재미있고   이 결과물에 대해서 사람들이 긍정적인 이야기를 했을 때 저도 마음이 굉장히 행복해진다는 걸 느끼는데요.","expression":"p-happiness","category":"positive"}],"intent":[{"text":"","expression":"","category":"attitude"}],"summary":{"text":"저는 개인적으로 개인 작업을 꽤나 하고 있는 편인데, 그 원동력은 재미라고 생각합니다. 어떤 일을 할 때는 그 재미라는 원동력이 강하게 있어야 되지 않을까 생각합니다.","wordCount":24}}},"rawDataInfo":{"question":{"fileFormat":"wav","fileSize":400718,"duration":12520,"samplingBit":16,"channelCount":1,"samplingRate":"16kHz","audioPath":"/Mock/01.Management/Female/Experienced/ckmk_q_bm_f_e_166448.wav"},"answer":{"fileFormat":"wav","fileSize":1651278,"duration":51600,"samplingBit":16,"channelCount":1,"samplingRate":"16kHz","audioPath":"/Mock/01.Management/Female/Experienced/ckmk_a_bm_f_e_166448.wav"}}}