{"version":"1.0","dataSet":{"info":{"date":"20230116","occupation":"BM","channel":"MOCK","place":"ONLINE","gender":"FEMALE","ageRange":"45-54","experience":"EXPERIENCED"},"question":{"raw":{"text":"소통 능력을 키우기 위해서 어떤 일을 할 수 있을까요 지원자님이 생각하는 방법을 구체적으로 설명해 주세요","wordCount":15},"emotion":[],"intent":[]},"answer":{"raw":{"text":"과거 저 같은 경우에는 말이 조금 빠르고 굉장히 발화량이 많은 편이었습니다. 제가 기존에 생각했던 소통을 잘하는 방법은 내가 말을 조리있게 하고 내가 하고 싶은 말을 최대한 많이 하면은 상대방이 잘 받아들이지 않을까 라는 그런 생각을 했었습니다. 그런데 지금 생각해 보면 그 문제들은 편견이었던 것 같습니다. 왜냐하면 저는 최근에 제가 말하는 습관을 고쳤는데요. 제가 말을 더 빠르게 할 때보다 오히려 더 한 템포 늦춰서 상대방의 의견들을 많이 경청하는 자세들을 보여줄 때 상대방도 내 말을 잘 이해를 하고 나도 상대방의 의견에 더 공감되고 진정한 소통을 진행하고 있다 라는 점이 느껴졌습니다. 그래서 제가 생각할 때 커뮤니케이션은 경청에서부터 시작한다 라고 말씀드리고 싶습니다.","wordCount":98},"emotion":[],"intent":[{"text":"","expression":"","category":"attitude"}],"summary":{"text":"과거에는 말이 빠르고 발화량이 많은 편이었는데, 최근에 말하는 습관을 고쳤더니 더 한 템포 늦춰서 상대방의 의견들을 많이 경청하는 자세들을 보여줄 때 상대방도 더 이해를 하고 나도 상대방의 의견에 더 공감되고 진정한 소통을 진행하고 있다고 느껴졌습니다.","wordCount":35}}},"rawDataInfo":{"question":{"fileFormat":"wav","fileSize":375118,"duration":11720,"samplingBit":16,"channelCount":1,"samplingRate":"16kHz","audioPath":"/Mock/01.Management/Female/Experienced/ckmk_q_bm_f_e_184674.wav"},"answer":{"fileFormat":"wav","fileSize":2587278,"duration":80850,"samplingBit":16,"channelCount":1,"samplingRate":"16kHz","audioPath":"/Mock/01.Management/Female/Experienced/ckmk_a_bm_f_e_184674.wav"}}}