{"version":"1.0","dataSet":{"info":{"date":"20230116","occupation":"BM","channel":"MOCK","place":"ONLINE","gender":"FEMALE","ageRange":"-34","experience":"EXPERIENCED"},"question":{"raw":{"text":"어떠한 문제에 부딪쳤다고 했을 때 지원자분께서는 스스로 일을 혼자 해결하려고 하는 편이신지 혹은 여러 사람들에게 본인의 고민을 나누려고 하는 편이신지 궁금합니다","wordCount":21},"emotion":[],"intent":[]},"answer":{"raw":{"text":"저는 어떤 문제에 부딪쳤을 때 절대로 혼자 해결하지 않구요. 굉장히 호들갑을 떨면서 많은 사람들에게 집중을 요하는 편입니다. 그렇게 해서 그게 오래 가지 않고 빨리 해결될 수 있도록 하는 편이에요. 혼자 해결하려고 하면은 시간이 너무 오래 걸릴 때도 있고 그런데 여러 사람들이 알아야 어떤 문제인지 같이 파악을 좀 해주고 도움을 주기 때문에 최대한 좀 사소한 일이어도 좀 크게 키워서 말하는 편입니다.","wordCount":60},"emotion":[],"intent":[{"text":"","expression":"","category":"attitude"}],"summary":{"text":"저는 어떤 문제에 부딪쳤을 때 혼자 해결하지 않고 많은 사람들에게 집중을 요하는 편입니다. 여러 사람들이 알아야 어떤 문제인지 파악을 하고 도움을 주기 때문에 저는 크게 키워서 이야기합니다.","wordCount":27}}},"rawDataInfo":{"question":{"fileFormat":"wav","fileSize":559118,"duration":17470,"samplingBit":16,"channelCount":1,"samplingRate":"16kHz","audioPath":"/Mock/01.Management/Female/Experienced/ckmk_q_bm_f_e_149257.wav"},"answer":{"fileFormat":"wav","fileSize":1229838,"duration":38430,"samplingBit":16,"channelCount":1,"samplingRate":"16kHz","audioPath":"/Mock/01.Management/Female/Experienced/ckmk_a_bm_f_e_149257.wav"}}}