{"version":"1.0","dataSet":{"info":{"date":"20230116","occupation":"BM","channel":"MOCK","place":"ONLINE","gender":"FEMALE","ageRange":"45-54","experience":"EXPERIENCED"},"question":{"raw":{"text":"지원자님은 게임을 좋아하십니까 만약 지원자님께서 게임 속 캐릭터라면 어떤 게임에서 어떤 역할을 맡아서 수행하고 싶은지 그것에 대해 이야기해 주세요","wordCount":19},"emotion":[],"intent":[]},"answer":{"raw":{"text":"만약 제가 게임 속에 있다면 저는 게임 속에 있는 아이템 역할을 하고 있을 것 같습니다. 아이템이 참 좋은 것 같습니다. 모든 사람들이 가지고 싶어하고 가지려고 노력하는 그런 귀한 것이니 저도 그런 역할을 하고 싶습니다. 돈을 많은 돈을 주고서라도 구입하려고 하는 그런 멋진 아이템이 되어 있을 것 같습니다. 아이템으로 이 다른 사람들에게 즐거움도 주고 도움을 주는 그런 역할을 하고 있을 것 같습니다. 하고 싶습니다.","wordCount":63},"emotion":[],"intent":[{"text":"","expression":"","category":"attitude"}],"summary":{"text":"게임 속에 있는 아이템처럼, 저는 아이템이 다른 사람들에게 즐거움과 도움을 주는 역할을 하고 싶습니다. 돈을 주고 구입하고 싶은 아이템이 되었으면 좋겠습니다.","wordCount":21}}},"rawDataInfo":{"question":{"fileFormat":"wav","fileSize":535118,"duration":16720,"samplingBit":16,"channelCount":1,"samplingRate":"16kHz","audioPath":"/Mock/01.Management/Female/Experienced/ckmk_q_bm_f_e_105090.wav"},"answer":{"fileFormat":"wav","fileSize":1583438,"duration":49480,"samplingBit":16,"channelCount":1,"samplingRate":"16kHz","audioPath":"/Mock/01.Management/Female/Experienced/ckmk_a_bm_f_e_105090.wav"}}}