{"version":"1.0","dataSet":{"info":{"date":"20230116","occupation":"BM","channel":"MOCK","place":"ONLINE","gender":"FEMALE","ageRange":"35-44","experience":"EXPERIENCED"},"question":{"raw":{"text":"지원자님께서 생각하고 계시는 본인의 장점과 단점을 말씀해 주세요 그리고 그 장점을 특화시키기 위해서 혹은 단점을 극복하기 위해서 본인이 노력도 하셨을 텐데 그것도 함께 말씀해 주세요","wordCount":25},"emotion":[],"intent":[]},"answer":{"raw":{"text":"저의 가장 큰 장점은 정신력이 강하다는 것입니다. 그리고 저는 긍정적으로 생각하는 사람이라는 건데요. 저는 매사를 항상 긍정적으로 바라보고 또 적극적으로 대응하는 것 같습니다. 실제로 살다가 보면 삶에 대한 태도와 가치관이 굉장히 중요하다고 생각이 드는데요. 저는 기본적으로 어떤 일을 바라볼 때 잘 해결이 될 수 있겠구나. 희망차고 긍정적인 마음으로 대하고 있습니다. 이런 마음을 가지고 일을 하고 일상생활을 보내다 보면 정말 자연스럽게 좋은 일이 생기게 되는 것 같은데요. 만약에 어려운 일이 닥쳤다고 하더라도 또 긍정적이고 적극적인 마음으로 대처하고 풀어낸다면 반드시 이겨낼 수 있다고 생각이 됩니다. 회사 생활도 마찬가지인 것 같습니다. 모든 직장인이 그렇듯이 회사 생활을 하다보면 어려운 점들도 있을 거고 그중에서 갈등이 빚어질 수도 있는데요. 저는 그 갈등을 바라보는 태도와 가치관이 중요하다고 생각이 됩니다. 같이 팀원들과 함께 협업을 통해서 이겨내고 또 내 자신의 업무의 역량을 높이기 위해서 적극적인 자세로 임하도록 하겠습니다.","wordCount":129},"emotion":[],"intent":[{"text":"그리고 저는   긍정적으로 생각하는 사람이라는 건데요.","expression":"c_person","category":"background"},{"text":"같이 팀원들과 함께 협업을 통해서 이겨내고 또 내 자신의 업무의 역량을 높이기   위해서 적극적인 자세로 임하도록 하겠습니다.","expression":"c_cop","category":"personality"}],"summary":{"text":"긍정적이고 적극적인 마음으로 일을 하다 보면 좋은 일이 생기거나, 어려운 일이 닥친 경우 긍정적으로 대처하고 풀어낸다면 반드시 이겨낼 수 있다고 생각합니다. 회사 생활을 하다보면 어려운 점들도 있을 것이고 그중 갈등이 빚어질 수도 있습니다. 그 갈등을 바라보는 태도와 가치관이 중요하다고 생각되어 협업을 통해 극복하겠습니다.","wordCount":43}}},"rawDataInfo":{"question":{"fileFormat":"wav","fileSize":628558,"duration":19640,"samplingBit":16,"channelCount":1,"samplingRate":"16kHz","audioPath":"/Mock/01.Management/Female/Experienced/ckmk_q_bm_f_e_108772.wav"},"answer":{"fileFormat":"wav","fileSize":2555918,"duration":79870,"samplingBit":16,"channelCount":1,"samplingRate":"16kHz","audioPath":"/Mock/01.Management/Female/Experienced/ckmk_a_bm_f_e_108772.wav"}}}