{"version":"1.0","dataSet":{"info":{"date":"20230116","occupation":"BM","channel":"MOCK","place":"ONLINE","gender":"FEMALE","ageRange":"45-54","experience":"EXPERIENCED"},"question":{"raw":{"text":"일을 하시게 되면 중국으로 출장을 갈 일이 조금 생길 수도 있을 것 같은데요 지원자님께서는 중국에 출장 가셔서 일하시는 것도 아무 문제 없이 괜찮으신지 말씀해 주시기 바랍니다","wordCount":26},"emotion":[],"intent":[]},"answer":{"raw":{"text":"해외 출장을 간다는 것이 사실 쉬운 일은 아닙니다. 그렇지만 저 같은 경우에는 취미 자체가 해외 여행이기 때문에 제가 중국으로 출장을 가게 되더라도 얼마든지 잘 해외 출장 장소까지 찾아갈 자신이 있습니다. 물론 현지 법인에서 직원이 나와서 저를 맞이해 주신다 라면 너무 좋겠지만 상황이 여의치 않을 때에는 저는 혼자 중국 공항에 도착해서 제가 지사까지 찾아갈 수 있는 그런 능력이 있다 라고 말씀드리고 싶습니다. 또한 저 같은 경우는 낯선 곳에 떨어지더라도 어느 곳에서나 잘 적응한다는 그런 장점들이 있기 때문에 저의 이런 능력들을 십 분 발휘할 수 있는 해외 출장에 많이 보내 주셔도 저는 임무들을 잘 완수할 수 있다 라고 자신 있게 말씀드릴 수 있습니다.","wordCount":101},"emotion":[],"intent":[{"text":"","expression":"","category":"attitude"}],"summary":{"text":"저 같은 경우는 취미 자체가 해외 여행이기 때문에 해외 출장을 가게 되더라도 얼마든지 잘 해외 출장 장소까지 찾아갈 자신이 있습니다. 낯선 곳에 떨어지더라도 어느 곳에서나 잘 적응한다는 그런 장점들이 있기 때문에 저는 임무들을 잘 완수할 수 있다 라고 자신 있게 말씀드리겠습니다.","wordCount":41}}},"rawDataInfo":{"question":{"fileFormat":"wav","fileSize":482958,"duration":15090,"samplingBit":16,"channelCount":1,"samplingRate":"16kHz","audioPath":"/Mock/01.Management/Female/Experienced/ckmk_q_bm_f_e_184678.wav"},"answer":{"fileFormat":"wav","fileSize":2267918,"duration":70870,"samplingBit":16,"channelCount":1,"samplingRate":"16kHz","audioPath":"/Mock/01.Management/Female/Experienced/ckmk_a_bm_f_e_184678.wav"}}}