{"version":"1.0","dataSet":{"info":{"date":"20230116","occupation":"BM","channel":"MOCK","place":"ONLINE","gender":"FEMALE","ageRange":"35-44","experience":"EXPERIENCED"},"question":{"raw":{"text":"지금 지원자분이 제일 가고 싶은 회사가 어딜까요","wordCount":7},"emotion":[],"intent":[]},"answer":{"raw":{"text":"음 지금 제가 본인이 원했을 때 제가 가고 싶은 회사의 종류가 몇 가지가 있을 것 같습니다. 이제 뭐 첫 번째는 연봉을 많이 주는 역시 돈을 많이 주는 회사가 있을 것이고 두 번째는 이제 조금 딱딱하고 어 엄격한 분위기 회사가 있을 것이고 마지막으로 세 번째는 엄청 부드럽고 웃음이 많은 회사가 있을 겁니다. 그렇지만 또 이렇게 분위기 좋은 회사는 또 그에 맞지 않게 그 연봉이 좀 적을 수도 있을 것이고 다 회사마다 장단점이 있을 겁니다. 네 여러 가지 종류 회사를 다녀봤는데 어 이 연봉은 좀 적고 복지 분야는 좀 떨어지더라도 마음이 편한 회사가 분명히 있습니다. 이 직원의 마음이 편한 회사라는 것은 정말 어 리더로서 회사의 오너로서 어 쉽지 않은 선택일 수도 있고 그런 분위기를 만든다는 거는 분명히 오너의 마인드가 틀린 겁니다. 그런 부분에서는 저는 제 선호 하는 회사는 어 연봉도 중요하지만 그 부드러운 회사 웃음이 있는 회사를 제일 선호할 것 같습니다. 그래야 장기적으로도 더 오래 다닐 수 있고 어 여러 가지로 회사 입장에서도 어 조화를 이룰 것 같습니다. 네 이상입니다.","wordCount":158},"emotion":[],"intent":[{"text":"","expression":"","category":"attitude"}],"summary":{"text":"저는 돈을 많이 주는 회사, 딱딱하고 엄격한 분위기 회사, 부드럽고 웃음이 많은 회사를 다녀봤습니다. 분위기 좋은 회사는 연봉도 적고 복지 분야는 떨어지더라도 마음이 편한 회사가 분명히 있습니다. 그런 부분에서는 연봉도 중요하지만 부드러운 회사 웃음이 있는 회사를 제일 선호합니다.","wordCount":38}}},"rawDataInfo":{"question":{"fileFormat":"wav","fileSize":212558,"duration":6640,"samplingBit":16,"channelCount":1,"samplingRate":"16kHz","audioPath":"/Mock/01.Management/Female/Experienced/ckmk_q_bm_f_e_101796.wav"},"answer":{"fileFormat":"wav","fileSize":2779598,"duration":86860,"samplingBit":16,"channelCount":1,"samplingRate":"16kHz","audioPath":"/Mock/01.Management/Female/Experienced/ckmk_a_bm_f_e_101796.wav"}}}