{"version":"1.0","dataSet":{"info":{"date":"20230116","occupation":"BM","channel":"MOCK","place":"ONLINE","gender":"FEMALE","ageRange":"45-54","experience":"EXPERIENCED"},"question":{"raw":{"text":"물류의 미래는 어떨 것 같은가요","wordCount":5},"emotion":[],"intent":[]},"answer":{"raw":{"text":"앞으로도 물류 환경은 많은 변화를 가질 것으로 예상됩니다. 예전엔 물류를 분류하거나 배송하는 일들을 사람이 직접 했는데요. 지금은 거의 대부분 자동화로 변화되고 있습니다. 예를 들어 아마존의 키바 같은 경우 물류에 커다란 변화를 가져왔는데요. 사람들이 하루 종일 작업할 일을 아마존 키바에 로봇으로 대체하면서 세 시간 정도로 단축됐다고 하는 기사를 본 적이 있습니다. 이처럼 물류의 미래는 자동화가 될 것이고 사람들은 그것을 관리하는 정도의 일만 할 것 같아요.","wordCount":64},"emotion":[],"intent":[{"text":"","expression":"","category":"attitude"}],"summary":{"text":"예전엔 물류 분류, 배송을 사람이 했으나 지금은 거의 자동화 됐습니다. 아마존 키바가 그 예시로, 물류의 미래는 자동화될 것이고 사람들은 그것을 관리하는 일만 할 것 같습니다.","wordCount":25}}},"rawDataInfo":{"question":{"fileFormat":"wav","fileSize":213518,"duration":6670,"samplingBit":16,"channelCount":1,"samplingRate":"16kHz","audioPath":"/Mock/01.Management/Female/Experienced/ckmk_q_bm_f_e_243715.wav"},"answer":{"fileFormat":"wav","fileSize":1529678,"duration":47800,"samplingBit":16,"channelCount":1,"samplingRate":"16kHz","audioPath":"/Mock/01.Management/Female/Experienced/ckmk_a_bm_f_e_243715.wav"}}}