{"version":"1.0","dataSet":{"info":{"date":"20230116","occupation":"BM","channel":"MOCK","place":"ONLINE","gender":"FEMALE","ageRange":"-34","experience":"EXPERIENCED"},"question":{"raw":{"text":"본인이 이전 직장 혹은 대학에서 어떤 프로젝트를 해봤는지 생각나시는 게 있다면 한 가지 말씀해 주시겠어요","wordCount":15},"emotion":[],"intent":[]},"answer":{"raw":{"text":"전에 직장에서 저희가 팀별 공공 프로젝트 서비스를 좀 진행을 했었습니다. 저희가 처음 하는 기획 업무였고요. 그래서 저희 팀에서 처음 기획 부터 그리고 실행까지 모두 진행을 했던 프로젝트입니다. 어 사실 저도 업무를 진행을 할 때 어떤 한 파트만 대부분 제가 진행을 하고 나머지 부분은 그냥 어 팀장님이나 아니면 상사분께서 맡는 경우가 많았는데요. 하지만 이번에는 제가 어 주체가 돼서 전체 기획도 해보고 그리고 구체적인 실행 방법도 직접 여러 가지를 설계를 해 봤습니다. 이렇게 프로젝트의 전 과정을 제가 참여를 하다 보니까 정말 배운 점도 많게 됐구요. 그다음에 그 프로젝트를 하고 난 다음에 느낀 점은 아 이렇게 했으면 조금 더 효율적이고 또 시간 낭비도 없었지 않았을까 라는 생각을 하면서 다시 한 번 체킹하기도 했습니다. 그렇게 전 과정을 하다보니까 제 스스로 훨씬 더 발전해 있다 라는 생각이 들었고요. 그리고 그 다음 프로젝트를 그럴 때는 이런 점들을 보완을 해서 앞으로 조금 더 나은 그런 프로젝트가 될 수 있도록 노력을 해 해야겠다 라는 마음이 들어서 굉장히 열심히 진행을 했던 그런 기억이 있습니다.","wordCount":155},"emotion":[],"intent":[{"text":"","expression":"","category":"attitude"}],"summary":{"text":"업무의 한 파트만 진행하는 경우가 많았는데, 이번에는 제가 주체가 돼 전체 기획도 해보고 그리고 구체적인 실행 방법도 직접 설계를 해 봤습니다. 이렇게 프로젝트의 전 과정을 제가 참여를 하다 보니 정말 배운 점도 많게 됐고, 또 이 프로젝트가 더 효율적이고 시간 낭비도 없었을 것이라는 생각을 하면서 체킹하기도 했습니다.","wordCount":47}}},"rawDataInfo":{"question":{"fileFormat":"wav","fileSize":442958,"duration":13840,"samplingBit":16,"channelCount":1,"samplingRate":"16kHz","audioPath":"/Mock/01.Management/Female/Experienced/ckmk_q_bm_f_e_141119.wav"},"answer":{"fileFormat":"wav","fileSize":2679118,"duration":83720,"samplingBit":16,"channelCount":1,"samplingRate":"16kHz","audioPath":"/Mock/01.Management/Female/Experienced/ckmk_a_bm_f_e_141119.wav"}}}