{"version":"1.0","dataSet":{"info":{"date":"20230116","occupation":"BM","channel":"MOCK","place":"ONLINE","gender":"FEMALE","ageRange":"45-54","experience":"EXPERIENCED"},"question":{"raw":{"text":"멀티 채널과 옴니 채널의 개념을 각각 설명해 주시고 그 차이점에 대해서 본인의 의견을 말씀해 주세요","wordCount":15},"emotion":[],"intent":[]},"answer":{"raw":{"text":"어 뭐 이거는 멀티 채널은 그냥 그 채널 자체에 가짓수를 넓히는 거죠. 늘리는 네 정말 그냥 채널의 개수가 많아져서 이것저것 돌려볼 수 있는 그 가짓수가 엄청 많아진다는 거 그런 거고 어 옴니 채 옴니 채널은 이제 그 고객이 원하는 채널을 늘리는 거예요. 그러니까 고객이 취향에 맞지 않는 채널도 있을 거 아니에요 수 많은 채널들 중에. 그 그런 거는 애초에 사라지게 하는 거죠. 고객이 볼 수 있는 그 층 그 시야에서 고객에게 필요가 없는 그런 채널은 아예 이제 최소화 시켜버리는 그런 차이 고 정도 아예 이 그건 고객을 겨냥한 고객 맞춤으로 이제 채널이 되는 거기 때문에 고런 차이 라고 알고 있습니다.","wordCount":100},"emotion":[],"intent":[{"text":"","expression":"","category":"attitude"}],"summary":{"text":"멀티 채널은 채널 자체의 가짓수를 넓히는 것이고, 옴니 채널은 고객이 원하는 채널을 늘리는 것입니다. 즉, 고객에게 불필요한 채널은 최소화하고, 고객 맞춤으로 채널이 되는 것입니다.","wordCount":24}}},"rawDataInfo":{"question":{"fileFormat":"wav","fileSize":392398,"duration":12260,"samplingBit":16,"channelCount":1,"samplingRate":"16kHz","audioPath":"/Mock/01.Management/Female/Experienced/ckmk_q_bm_f_e_179520.wav"},"answer":{"fileFormat":"wav","fileSize":2506958,"duration":78340,"samplingBit":16,"channelCount":1,"samplingRate":"16kHz","audioPath":"/Mock/01.Management/Female/Experienced/ckmk_a_bm_f_e_179520.wav"}}}