{"version":"1.0","dataSet":{"info":{"date":"20230116","occupation":"BM","channel":"MOCK","place":"ONLINE","gender":"FEMALE","ageRange":"35-44","experience":"EXPERIENCED"},"question":{"raw":{"text":"네 우리 회사에 들어오시게 되면 어떤 부서에 가장 가고 싶으신지요 또 왜 그 부서에 가고 싶은지 그 이유도 함께 말씀해 주시면 좋겠습니다","wordCount":22},"emotion":[],"intent":[]},"answer":{"raw":{"text":"저 같은 경우에는 인재 개발 팀에 사실 가장 먼저 들어가고 싶었었습니다. 그 이유는 저는 과거 제 전공과 연관성도 있었고 제가 과거에 이 전공 과목을 공부를 했을 때 인사 행정 쪽이 굉장히 재미있고 또 유닉하다 라는 생각들을 많이 했었습니다. 물론 해당 분야에서는 경력자만 뽑는다는 소리를 들은 적이 있습니다. 그리고 제가 아는 지인이 말하기로 지금 현재 이 기업에서는 인사 팀에서 이제 사람을 뽑을 때는 기존의 다른 팀에 있는 직원들에게 한번 의사를 물어본 다음에 직접 데려와서 쪼금 옴보딩 기간을 걸친 다음에 인재들을 키워나가는 그런 시스템이라고 들었는데요. 그래서 첫 시작은 직접 업무의 필드에서 뛰는 이 직무로 시작을 하고 싶고 그리고 나중에 기회가 된다 라면은 제가 가지고 있는 실무 능령들 능력들을 더 배양을 해서 인재 개발 팀에서 한번 근무할 수 있는 기회들이 주어지면 너무 감사할 것 같습니다.","wordCount":122},"emotion":[{"text":"그 이유는 저는 과거 제 전공과 연관성도 있었고 제가 과거에 이 전공 과목을 공부를 했을 때 인사 행정 쪽이 굉장히 재미있고 또 유닉하다 라는 생각들을 많이 했었습니다.","expression":"p-interest","category":"positive"}],"intent":[{"text":"","expression":"","category":"attitude"}],"summary":{"text":"현재 이 기업에서는 기존의 다른 팀에 있는 직원들에게 한번 의사를 물어본 다음에 직접 데려와서 옴보딩 기간을 거쳐 인재들을 키워나가는 시스템이라고 들었습니다. 그래서 첫 시작은 직접 업무의 필드에서의 직무로 시작하고 나중에 실무 능령들 능력들을 더 배양해서 인재 개발 팀에 한번 근무하고 싶습니다.","wordCount":41}}},"rawDataInfo":{"question":{"fileFormat":"wav","fileSize":456078,"duration":14250,"samplingBit":16,"channelCount":1,"samplingRate":"16kHz","audioPath":"/Mock/01.Management/Female/Experienced/ckmk_q_bm_f_e_209686.wav"},"answer":{"fileFormat":"wav","fileSize":2410318,"duration":75320,"samplingBit":16,"channelCount":1,"samplingRate":"16kHz","audioPath":"/Mock/01.Management/Female/Experienced/ckmk_a_bm_f_e_209686.wav"}}}