{"version":"1.0","dataSet":{"info":{"date":"20230116","occupation":"BM","channel":"MOCK","place":"ONLINE","gender":"FEMALE","ageRange":"55-","experience":"EXPERIENCED"},"question":{"raw":{"text":"지원자님 남들과는 다른 자신만의 경쟁력을 설명해 주세요 지원자님만의 경쟁력을 키우기 위해 어떤 노력을 했는지 말씀 설명 부탁드릴게요","wordCount":17},"emotion":[],"intent":[]},"answer":{"raw":{"text":"경쟁력이요. 저는 그냥 저를 내세우고 싶어요. 네 이게 솔직한 솔직한 제 생각이에요 네. 제 제 경력 보시면 아시잖아요. 네 굳이 제가 입으로 무언가를 말을 해야 되나요. 제가 이제까지 이룬 성과들이 있는데 여러 회사를 다니면서 그리고 저는 한 회사에 몸담으면 굉장히 오래 갑니다. 그래서 제가 여러 회사라고 하지만 사실 다섯 손가락 안으로 돼요. 저 저 오래 다닙니다 회사. 그래서 그 회사의 성장을 같이 보고 그 회사의 성장을 제가 이루기 때문에 음 길게 보고 넓게 보셔야 될 것 같아요 네. 그리고 저는 대기업으로 가지 않습니다. 제가 들어가서 나올 때 대기업으로 나오는 경우가 많았지 애초에 들어갈 때 대기업으로 들어가지 않아요. 그래서 성장을 할 때 같이 저의 가치가 올라가기 때문에 그에 맞는 걸로 대우를 해주셨으면 하는 거고 잘 봐주셨으면 좋겠어요 네.","wordCount":117},"emotion":[],"intent":[{"text":"","expression":"","category":"attitude"}],"summary":{"text":"저는 여러 회사를 다니면서 한 회사에 몸담으면 굉장히 오래 가요. 그래서 그 회사의 성장을 같이 보고 넓게 봐야 될 것 같습니다. 그리고 대기업으로 가지 않고 회사가 성장 할 때 저의 가치도 같이 올라가기 때문에 그에 맞는 대우를 해주셨으면 하는 겁니다.","wordCount":40}}},"rawDataInfo":{"question":{"fileFormat":"wav","fileSize":385678,"duration":12050,"samplingBit":16,"channelCount":1,"samplingRate":"16kHz","audioPath":"/Mock/01.Management/Female/Experienced/ckmk_q_bm_f_e_160021.wav"},"answer":{"fileFormat":"wav","fileSize":2729038,"duration":85280,"samplingBit":16,"channelCount":1,"samplingRate":"16kHz","audioPath":"/Mock/01.Management/Female/Experienced/ckmk_a_bm_f_e_160021.wav"}}}