{"version":"1.0","dataSet":{"info":{"date":"20230116","occupation":"BM","channel":"MOCK","place":"ONLINE","gender":"FEMALE","ageRange":"55-","experience":"EXPERIENCED"},"question":{"raw":{"text":"지금까지 살아오면서 본인을 가장 힘들게 했던 경험은 무엇인가요 그것을 어떻게 극복하셨는지도 궁금합니다","wordCount":12},"emotion":[],"intent":[]},"answer":{"raw":{"text":"예 지금까지 살아오면서 가장 힘들었던 경험은 아 아버님이 돌아가신 게 가장 힘들었던 경험이었습니다. 아 제가 이제 아버님은 이제 서울에 사시고 제가 잠깐 지방에 사시 살았을 때 이제 이 서울에 올라와서 아버님한테 인제 부탁을 했거든요. 어느 지역에서 어느 지역으로 이제 저희 가족을 좀 옮겨주십사 하고 얘기를 했는데 그날 아버님께서 몸이 안 좋으셨음에도 불구하고 인제 제 부탁이라 아 저희를 데리고 가시다가 아 뇌출혈로 어 그날 저녁에 돌아가셨어요. 그래서 제가 살아오면서 가장 힘들었던 경험이었습니다. 그때는 많이 우울했고 아 이 일을 어떻게 극복 할 수 있을까 라는 생각으로 한동안 방황도 많이 했었는데요. 아 아버님이 얼마나 저를 사랑하셨나를 하나하나 생각을 하면서 어 아버님의 사랑 그래서 나를 놓지 않아야겠다는 그런 느낌 그 다음에 아버지가 얼마나 나를 사랑하셨으면 그렇게 몸이 아픔에도 불구하고 어 제부탁을 들어주셨을까 하는 생각을 하면서 많은 우울감을 극복했습니다.","wordCount":124},"emotion":[{"text":"어느 지역에서 어느 지역으로 이제 저희 가족을 좀 옮겨주십사 하고 얘기를 했는데 그날 아버님께서 몸이 안 좋으셨음에도 불구하고 인제 제 부탁이라 아 저희를 데리고 가시다가 아 뇌출혈로 어 그날 저녁에 돌아가셨어요.","expression":"u-fact","category":"neutral"},{"text":"그때는 많이 우울했고 아 이 일을 어떻게 극복 할 수 있을까 라는 생각으로 한동안 방황도 많이 했었는데요.","expression":"n-sadness","category":"positive"}],"intent":[{"text":"예 지금까지 살아오면서 가장 힘들었던 경험은 아 아버님이 돌아가신 게 가장 힘들었던 경험이었습니다.","expression":"c_private","category":"background"},{"text":"어느 지역에서 어느 지역으로 이제 저희 가족을 좀 옮겨주십사 하고 얘기를 했는데 그날 아버님께서 몸이 안 좋으셨음에도 불구하고 인제 제 부탁이라 아 저희를 데리고 가시다가 아 뇌출혈로 어 그날 저녁에 돌아가셨어요.","expression":"c_private","category":"background"}],"summary":{"text":"아버님이 돌아가시는 것이 가장 힘들었던 경험이었습니다. 아버님이 저희를 데리고 가시다가 뇌출혈로 돌아가셔서 많이 우울했습니다. 아버님의 사랑을 생각하면 나를 놓지 않겠다는 생각, 아버님의 사랑이 얼마나 나를 사랑하셨기에 제 부탁은 들어주었을까 하는 생각을 하며 우울감을 극복했었습니다.","wordCount":34}}},"rawDataInfo":{"question":{"fileFormat":"wav","fileSize":339278,"duration":10600,"samplingBit":16,"channelCount":1,"samplingRate":"16kHz","audioPath":"/Mock/01.Management/Female/Experienced/ckmk_q_bm_f_e_217737.wav"},"answer":{"fileFormat":"wav","fileSize":2830798,"duration":88460,"samplingBit":16,"channelCount":1,"samplingRate":"16kHz","audioPath":"/Mock/01.Management/Female/Experienced/ckmk_a_bm_f_e_217737.wav"}}}