{"version":"1.0","dataSet":{"info":{"date":"20230116","occupation":"BM","channel":"MOCK","place":"ONLINE","gender":"FEMALE","ageRange":"-34","experience":"EXPERIENCED"},"question":{"raw":{"text":"경영이란 무엇이라고 생각하십니까","wordCount":3},"emotion":[],"intent":[]},"answer":{"raw":{"text":"어 경영이란 회사의 뭐 인사 영업 회사의 모든 어 자금 같은 걸 모스 관리하는 것이 경영이라고 생각합니다. 어 좋은 경영이란 무엇보다 회사를 잘 경영하기 위해서는 어 수익이 나야 하기 때문에 어 수익이 잘 날 수 있도록 사업를 기획하고 영업 활동을 잘하고 마케팅을 잘하는 것이 중요하다고 생각합니다.","wordCount":46},"emotion":[],"intent":[{"text":"","expression":"","category":"attitude"}],"summary":{"text":"좋은 경영이란 수익이 잘 날 수 있도록 사업을 기획하고 영업 활동을 잘하고 마케팅을 잘하는 것이 중요하다고 생각합니다. 이는 좋은 경영의 핵심이라 생각합니다.","wordCount":22}}},"rawDataInfo":{"question":{"fileFormat":"wav","fileSize":224078,"duration":7000,"samplingBit":16,"channelCount":1,"samplingRate":"16kHz","audioPath":"/Mock/01.Management/Female/Experienced/ckmk_q_bm_f_e_261963.wav"},"answer":{"fileFormat":"wav","fileSize":1040718,"duration":32520,"samplingBit":16,"channelCount":1,"samplingRate":"16kHz","audioPath":"/Mock/01.Management/Female/Experienced/ckmk_a_bm_f_e_261963.wav"}}}