{"version":"1.0","dataSet":{"info":{"date":"20230116","occupation":"BM","channel":"MOCK","place":"ONLINE","gender":"FEMALE","ageRange":"35-44","experience":"EXPERIENCED"},"question":{"raw":{"text":"기차가 운행 시 산사태로 삼십 분 동안 정차하게 되었을 때 지원자님께서 관리 책임에 위치에 있다면 어떻게 조치하시겠습니까","wordCount":17},"emotion":[],"intent":[]},"answer":{"raw":{"text":"일단 문제가 발생했기 때문에 제가 책임자에 위치에 있다면 제가 책임지고 모든 사항이 처리될 때까지 신속하게 하도록 하겠습니다. 일단 기차가 운행이 됐을 때 산사태는 어 자연 재해입니다. 저희가 예측하지 못한 상황이기 때문에 여러 가지 힘든 점이 많을 텐데요. 하지만 매뉴얼대로 제가 신속하게 처리를 해 나갈 수 있도록 하겠습니다. 그리고 가장 무엇보다 승객들을 보호하는 게 책임자의 관리라고 생각을 합니다. 그렇기 때문에 승객들에게 그 사실을 고지시키고 안전한 곳으로 대피하라고 일단 말을 할 것 같습니다. 그 다음에 삼십 분 동안 정체가 됐을 때 그 상황에서 급한 승객이 있을 경우에 도움을 적극적으로 지원을 해야 될 의무가 있는 것 같은데요. 어 다른 이제 부서라던가 아니면 본사에 연락을 해서 그 조치를 빠르게 처리될 수 있도록 지원을 하겠습니다. 그리고 만약에 정차가 되어 있다고 하면 언제까지 이 업무 처리가 이루어져야 하고 또 더 딜레이 될 수 있는 상황이 있기 때문에 이런 것들을 신속하게 알리고 고지하는 것도 의무라고 생각을 합니다. 그뿐만이 아니라 빨리 본사에 요청을 해서 그 업무가 처리가 되고 문제가 되지 않도록 하는 측면이 중요하기 때문에 제가 그 판단을 정확하게 이해를 하고 책임질 수 있도록 최선의 노력을 다하겠습니다.","wordCount":169},"emotion":[],"intent":[{"text":"","expression":"","category":"attitude"}],"summary":{"text":"기차가 운행됐을 때 산사태는 자연 재해이기 때문에 매뉴얼대로 처리하고 승객들을 안전하게 대피시키고 급한 승객이 있을 경우 도움을 적극적으로 지원할 수 있도록 하겠습니다. 정차가 되어 있으면 언제까지 업무 처리가 이루어져야 하고 더 딜레이 될 수 있는 상황이 있기 때문에 이런 것들을 신속하게 알리고 고지하는 것도 의무라고 생각합니다.","wordCount":46}}},"rawDataInfo":{"question":{"fileFormat":"wav","fileSize":496078,"duration":15500,"samplingBit":16,"channelCount":1,"samplingRate":"16kHz","audioPath":"/Mock/01.Management/Female/Experienced/ckmk_q_bm_f_e_118936.wav"},"answer":{"fileFormat":"wav","fileSize":2745038,"duration":85780,"samplingBit":16,"channelCount":1,"samplingRate":"16kHz","audioPath":"/Mock/01.Management/Female/Experienced/ckmk_a_bm_f_e_118936.wav"}}}