{"version":"1.0","dataSet":{"info":{"date":"20230116","occupation":"BM","channel":"MOCK","place":"ONLINE","gender":"FEMALE","ageRange":"35-44","experience":"EXPERIENCED"},"question":{"raw":{"text":"현대 사회에는 없어서는 안 될 어 가장 중요하다고 생각하는 직업들이 여러 가지가 있을 텐데요 지원자님이 생각하시기에 그중에 어 가장 중요하다고 생각하는 직업 한 가지만 골라서 말씀해 주시길 바랍니다","wordCount":28},"emotion":[],"intent":[]},"answer":{"raw":{"text":"많은 사람들이 정치인을 좋아하진 않지만 저는 현대사회라는 사회가 잘 굴러가기 위해서는 정치인의 존재가 꼭 필요하다 라고 생각합니다. 그 이유는 인간이 가진 그런 함의성 이기심 욕심 이런 것들을 컨트롤 하기 위해서는 우리 인간만이 굴러가는 우리 사회를 위한 규제들이 필요한데요. 이러한 의사결정을 대신해 주는 그런 사람들이 저는 정치인이라고 생각합니다. 그들은 시민들을 대변합니다. 우리의 목소리이기 때문에 우리가 가지고 있는 고충이나 이러한 점들을 사회적인 관점에서 해결해 주기 위해서 꼭 필수 불가결한 그런 존재 중의 하나라고 저는 생각을 하고 있습니다. 그래서 많은 사람들이 정치인의 존재에 대해서 부정적으로 생각하지만 그 정치인이 가지는 목적성에 대해서는 저처럼 많이 공감을 하고 있을 것이라고 저는 생각하고 있습니다.","wordCount":97},"emotion":[],"intent":[{"text":"","expression":"","category":"attitude"}],"summary":{"text":"현대사회가 잘 돌아가기 위해서는 인간만이 굴러가는 사회를 위한 규제들을 대신해 줄 수 있는 존재가 정치인이라고 생각합니다. 그들은 시민들을 대변하기 때문에 그들의 고충이나 이러한 점들을 사회적인 관점에서 해결해 주기 위해서 꼭 필수 불가결한 존재 중 하나입니다.","wordCount":35}}},"rawDataInfo":{"question":{"fileFormat":"wav","fileSize":582158,"duration":18190,"samplingBit":16,"channelCount":1,"samplingRate":"16kHz","audioPath":"/Mock/01.Management/Female/Experienced/ckmk_q_bm_f_e_195844.wav"},"answer":{"fileFormat":"wav","fileSize":2339278,"duration":73100,"samplingBit":16,"channelCount":1,"samplingRate":"16kHz","audioPath":"/Mock/01.Management/Female/Experienced/ckmk_a_bm_f_e_195844.wav"}}}