{"version":"1.0","dataSet":{"info":{"date":"20230116","occupation":"BM","channel":"MOCK","place":"ONLINE","gender":"FEMALE","ageRange":"45-54","experience":"EXPERIENCED"},"question":{"raw":{"text":"만약 지원자님께서 지금 지원하신 이 직무가 아닌 다른 부서에 배치가 된다면 어떻게 하시겠습니까 그래도 괜찮으시겠습니까","wordCount":15},"emotion":[],"intent":[]},"answer":{"raw":{"text":"물론 면접관님이 생각하시기에 제 역량과 어 지원하는 직무가 맞지 않다 라고 생각되면 저를 다른 부서로 배치하게 되실 수도 있다 라고 생각을 합니다. 그리고 저 역시도 현재 직무를 지원하기 전에 인사팀으로부터 다른 티에프 팀이나 혹은 다른 부서로 배치될 수 있다 라는 점에 대해서 충분히 이야기를 들었고 저 역시도 그 부분에 대해서 동의를 했기 때문에 현재 면접을 진행하게 되었습니다. 그렇지만 제가 최종적으로 근무하고 싶은 부서는 현재 직무이기 때문에 저에게 만약에 역량이 부족하다면 그 부족한 역량을 더 채우고 또 현재 기업에 입사해서 조직 문화를 조금 배우는 그런 시간들을 가지면서 제가 원하는 부서로 다시 한 번 발령받을 수 있도록 꾸준히 노력하도록 하겠습니다.","wordCount":98},"emotion":[],"intent":[{"text":"","expression":"","category":"attitude"}],"summary":{"text":"저는 현재 직무를 지원하기 전에 인사팀으로부터 다른 부서로 배치될 수 있다는 점에 동의를 했습니다. 하지만 최종적으로 근무하고 싶은 부서는 현재 직무이기 때문에 부족한 역량을 더 채우면서 원하는 부서로 다시 발령받을 수 있도록 노력하겠습니다.","wordCount":33}}},"rawDataInfo":{"question":{"fileFormat":"wav","fileSize":474318,"duration":14820,"samplingBit":16,"channelCount":1,"samplingRate":"16kHz","audioPath":"/Mock/01.Management/Female/Experienced/ckmk_q_bm_f_e_184682.wav"},"answer":{"fileFormat":"wav","fileSize":2433358,"duration":76040,"samplingBit":16,"channelCount":1,"samplingRate":"16kHz","audioPath":"/Mock/01.Management/Female/Experienced/ckmk_a_bm_f_e_184682.wav"}}}