{"version":"1.0","dataSet":{"info":{"date":"20230116","occupation":"BM","channel":"MOCK","place":"ONLINE","gender":"FEMALE","ageRange":"-34","experience":"EXPERIENCED"},"question":{"raw":{"text":"지원자님께서 본인을 생각할 때 본인은 남을 잘 이끄는 리더형입니까 아니면 남을 잘 따르는 팔로워형 유형인지 말씀 부탁드립니다 그리고 그 이유는 무엇인지 함께 설명 부탁드립니다","wordCount":24},"emotion":[],"intent":[]},"answer":{"raw":{"text":"어 저는 아직까지는 팀원에 더 잘 맞는 것 같습니다. 업무 전문성으로 보나 피플 매니징 측면에서 보나 어 아직은 부족한 부분이 많기 때문입니다. 어 현재 대리로써 사원일 때보다는 더 깊게 문제를 들여다보고 상황을 다각적으로 이해하며 전문지식을 확장하는 데 집중하고 있지만 아직은 전문지식 측면이나 경험의 깊이 차원에서 어 부족한 부분이 많다고 생각을 합니다. 또 저 개인으로서는 팀원들과 뭐 화합을 이루려고 노력하고 어 하는 것은 얼마든지 잘 할 수 있다고 생각을 하지만 제 일이 아닌 제가 아닌 제삼자의 고민을 들어주고 어 제삼자들 간의 어떤 분쟁 관계를 리더로서 잘 조율하고 전체 팀을 이끌기에는 아직 역량이 부족하다고 생각하기 때문입니다. 어 하지만 저도 언젠가는 팀을 이끄는 리더로써에 역할을 해보고 싶기 때문에 팀원으로써 현재 팀장님이 어떤 식으로 팀을 이끄는지 배워보고 익히 보고 배워서 제 능력으로 체화될 수 있게끔 어 노력을 하고 있습니다.","wordCount":125},"emotion":[],"intent":[{"text":"","expression":"","category":"attitude"}],"summary":{"text":"업무 전문성이나 피플 매니징 측면에 있어서 아직은 부족한 부분이 많기 때문에 팀원에 더 잘 맞는 것 같습니다. 아직 제삼자의 고민을 들어주고 분쟁 관계를 잘 조율하고 전체 팀을 이끌기에는 역량이 부족하기 때문입니다. 하지만 팀원으로써 팀장님이 어떤 식으로 팀을 이끄는지 배워보고 체화될 수 있도록 노력하고 있습니다.","wordCount":44}}},"rawDataInfo":{"question":{"fileFormat":"wav","fileSize":583118,"duration":18220,"samplingBit":16,"channelCount":1,"samplingRate":"16kHz","audioPath":"/Mock/01.Management/Female/Experienced/ckmk_q_bm_f_e_189808.wav"},"answer":{"fileFormat":"wav","fileSize":2028878,"duration":63400,"samplingBit":16,"channelCount":1,"samplingRate":"16kHz","audioPath":"/Mock/01.Management/Female/Experienced/ckmk_a_bm_f_e_189808.wav"}}}