{"version":"1.0","dataSet":{"info":{"date":"20230116","occupation":"BM","channel":"MOCK","place":"ONLINE","gender":"FEMALE","ageRange":"55-","experience":"EXPERIENCED"},"question":{"raw":{"text":"지금 이 시간에도 많은 어플이 만들어지고 많은 어플이 출시됩니다 지원자분께서 최근에 가장 잘 사용하고 가장 좋아하는 앱이 있는지 자세히 답변해 주세요","wordCount":21},"emotion":[],"intent":[]},"answer":{"raw":{"text":"제가 최근에 아주 좋아하는 앱이 있는데요. 어 바로 건강을 어 지켜주는 헬스와 관련된 앱입니다. 아 제가 하루 종일 먹는 어 음식량의 칼로리도 계산해 주고 제가 하루 종일 걷는 걸음도 어 계산해 주고 그리고 저의 그 혈압이 도 체크해 줄 수 있는 그런 건강 앱인데요. 또한 또 다양한 건강과 관련된 조언도 해주는 그런 앱입니다. 저는 어 아주 건강하고 또 직장 생활도 충분히 할 수 있을 만큼 어 활력이 넘치는 사람이긴 하지만 아무래도 연령이 있다 보니까 건강을 체크해야 할 그런 상황이라 건강과 관련된 그런 앱을 어 헬스 앱을 아주 어 애용하고 있고 좋아하는 앱입니다. 그래서 이런 앱을 보면서 우리가 사업 부분에 있어서 이렇게 사람들이 필수적으로 필요로 하는 그런 앱을 어 개발해서 이것이 그 사람들 필요로 하는 그런 분야를 만들어 나가고 사업 분야로 연결하는 것도 어 아주 좋은 사업 분야가 될 것이라고 생각하고 있습니다.","wordCount":131},"emotion":[{"text":"제가 최근에 아주 좋아하는 앱이 있는데요.","expression":"p-interest","category":"positive"},{"text":"보니까 건강을 체크해야 할 그런 상황이라 건강과 관련된 그런 앱을 어 헬스 앱을 아주 어 애용하고 있고 좋아하는 앱입니다.","expression":"p-interest","category":"positive"}],"intent":[{"text":"","expression":"","category":"attitude"}],"summary":{"text":"건강과 관련된 앱을 아주 애용하고 있고 좋아하는 앱입니다. 그래서 우리가 사업 부분에 있어서 사람들이 필수적으로 필요로 하는 앱을 개발해서 사람들이 필요로 하는 분야를 만들어 나가고 사업 분야로 연결하는 것도 아주 좋은 사업 분야가 될 것이라고 생각하고 있습니다.","wordCount":37}}},"rawDataInfo":{"question":{"fileFormat":"wav","fileSize":531918,"duration":16620,"samplingBit":16,"channelCount":1,"samplingRate":"16kHz","audioPath":"/Mock/01.Management/Female/Experienced/ckmk_q_bm_f_e_268136.wav"},"answer":{"fileFormat":"wav","fileSize":2696398,"duration":84260,"samplingBit":16,"channelCount":1,"samplingRate":"16kHz","audioPath":"/Mock/01.Management/Female/Experienced/ckmk_a_bm_f_e_268136.wav"}}}