{"version":"1.0","dataSet":{"info":{"date":"20230116","occupation":"BM","channel":"MOCK","place":"ONLINE","gender":"FEMALE","ageRange":"35-44","experience":"EXPERIENCED"},"question":{"raw":{"text":"평소에 검색을 자주 하는 편인지 궁금한데요 어떤 검색을 주로 하시고 왜 그 검색을 하는지 저에게 말씀해 주시기 바랍니다","wordCount":18},"emotion":[],"intent":[]},"answer":{"raw":{"text":"네 평소에 검색을 자주 하는 편입니다. 주로 궁금한 것을 검색하는데요. 최근에 제일 검색을 많이 하는 분야는 경제 분야입니다. 최근에 인플레이션과 고환율 주식 하락 등 경제 침체 등으로 인해 경제가 불안정하다 보니 경제 뉴스를 주로 검색하게 되었습니다. 어 포털사이트나 뉴스 사이트에서 주로 기사를 읽거나 궁금한거나 모르는 부분을 주로 검색합니다. 아무래도 매일매일 경제가 돌아가는 부분을 검색하고 익히다 보면 경영관리 업무하는 부분에도 큰 도움이 되고 개인 투자를 할 때에도 많은 도움이 되어서 이렇게 검색을 자주 하게 됩니다.","wordCount":74},"emotion":[{"text":"최근에 제일 검색을 많이 하는 분야는 경제 분야입니다.","expression":"p-interest","category":"positive"},{"text":"최근에 인플레이션과 고환율 주식 하락 등 경제 침체 등으로 인해 경제가 불안정하다 보니 경제 뉴스를 주로 검색하게 되었습니다.","expression":"p-interest","category":"positive"},{"text":"어 포털사이트나 뉴스 사이트에서 주로 기사를 읽거나 궁금한거나 모르는 부분을 주로 검색합니다.","expression":"p-interest","category":"positive"},{"text":"아무래도 매일매일 경제가 돌아가는 부분을 검색하고 익히다 보면 경영관리 업무하는 부분에도 큰 도움이 되고 개인 투자를 할 때에도 많은 도움이 되어서 이렇게 검색을 자주 하게 됩니다.","expression":"p-interest","category":"positive"}],"intent":[{"text":"","expression":"","category":"attitude"}],"summary":{"text":"평소 검색은 경제분야를 자주 하는데, 경제 침체로 인해 경제 뉴스를 주로 검색하게 되었습니다. 매일 경제가 돌아가는 부분을 검색하다 보면 경영관리 업무나 개인 투자에도 도움이 됩니다.","wordCount":25}}},"rawDataInfo":{"question":{"fileFormat":"wav","fileSize":427598,"duration":13360,"samplingBit":16,"channelCount":1,"samplingRate":"16kHz","audioPath":"/Mock/01.Management/Female/Experienced/ckmk_q_bm_f_e_198453.wav"},"answer":{"fileFormat":"wav","fileSize":1468238,"duration":45880,"samplingBit":16,"channelCount":1,"samplingRate":"16kHz","audioPath":"/Mock/01.Management/Female/Experienced/ckmk_a_bm_f_e_198453.wav"}}}