{"version":"1.0","dataSet":{"info":{"date":"20230116","occupation":"BM","channel":"MOCK","place":"ONLINE","gender":"FEMALE","ageRange":"45-54","experience":"EXPERIENCED"},"question":{"raw":{"text":"조직이나 단체 속에서 본인은 주로 어떤 역할을 하는 사람이었는지 답변해 주시겠습니까","wordCount":11},"emotion":[],"intent":[]},"answer":{"raw":{"text":"조직이나 단체에서 저는 주로 다른 사람들의 일을 서포트 해주는 일을 했습니다. 서로 자기 일에 정신이 없다 보면은 부족한 부분을 잘 보지 못하고 그 부분을 챙기지 못하는 경우가 많이 있습니다. 저는 주로 멀리서 그런 부분들을 바라보고 그런 일들을 메꿔주는 일을 했습니다. 내 혼자 내가 하는 일도 중요하지만 빈 곳을 찾아 빈 곳을 메꿔 주는 역할을 하는 사람도 분명히 필요하다고 생각합니다. 저는 주로 그런 역할을 했었던 것 같습니다.","wordCount":66},"emotion":[],"intent":[{"text":"","expression":"","category":"attitude"}],"summary":{"text":"조직이나 단체에서 부족한 부분을 잘 보지 못하고 그 부분을 챙기지 못하는 경우가 많은데, 저는 주로 멀리서 그런 부분들을 메꿔주는 역할을 하는 사람이 필요하다고 생각합니다.","wordCount":24}}},"rawDataInfo":{"question":{"fileFormat":"wav","fileSize":304718,"duration":9520,"samplingBit":16,"channelCount":1,"samplingRate":"16kHz","audioPath":"/Mock/01.Management/Female/Experienced/ckmk_q_bm_f_e_105084.wav"},"answer":{"fileFormat":"wav","fileSize":1909838,"duration":59680,"samplingBit":16,"channelCount":1,"samplingRate":"16kHz","audioPath":"/Mock/01.Management/Female/Experienced/ckmk_a_bm_f_e_105084.wav"}}}