{"version":"1.0","dataSet":{"info":{"date":"20230116","occupation":"BM","channel":"MOCK","place":"ONLINE","gender":"FEMALE","ageRange":"35-44","experience":"EXPERIENCED"},"question":{"raw":{"text":"지원자님이 우리 회사에 들어오게 된다면 가장 가고 싶은 부서가 어딘지 왜 그렇게 생각하셨는지 이유가 궁금합니다","wordCount":15},"emotion":[],"intent":[]},"answer":{"raw":{"text":"어 만약에 회사에 들어오게 된다면 가장 가고 싶은 부서 그리고 그렇게 생각한 이유에 대해서 말씀드리겠습니다. 먼저 가장 가고 싶은 부서는 어 그 회사의 아이피 관련 부서 법률 관련 부서입니다. 저는 어 대학원을 또 법률 관련 석사를 어 또 어 석사에 그런 자격을 소지를 하고 있고요. 그리고 기존의 버어 아이 기존의 기업에서도 아이피 관련한 또 업무를 맡았기 때문에 그 업무가 저에 가장 어 제가 그 업무의 가장 적임자라고 생각을 합니다. 그리고 또한 기존의 어 회사나 또 국가 기관에서 근무했던 경험이 있는데 어 관련해서 많은 어 수상 경력이나 또한 업무 평가가 높았던 그런 경력 또한 있습니다. 또 아이피 관련해서는 어 그 회사에 아주 중요한 핵심 자산이 될 수 있고 그리고 아이피를 또 이용해서 또 회사의 자금이나 운영에 굉장히 개성 있고 독특한 그런 업적들을 많이 남길 수 있는 또 또 향후적으로 봤을 때 어 너무나 중요한 그런 가치를 지닌 부분이기 때문에 그곳 업무를 담당하여 또 회사 성장을 위해서 또 일조하고 돕고 싶습니다.","wordCount":149},"emotion":[],"intent":[{"text":"그리고 또한 기존의 어 회사나 또 국가 기관에서 근무했던 경험이 있는데 어 관련해서 많은 어 수상 경력이나 또한 업무 평가가 높았던 그런 경력 또한 있습니다.","expression":"c_private","category":"background"}],"summary":{"text":"회사로 들어온다면 가장 가고 싶은 부서는 아이피 관련 부서 법률 관련 부서입니다. 대학원을 졸업했고, 기존의 기업에서도 아이피 관련한 업무를 맡았기에 제가 업무의 적임자라고 생각합니다. 아이피 관련해서는 회사에 아주 중요한 자산이고, 아이피를 이용해서 회사의 자금이나 운영에 굉장히 개성 있고 독특한 업적들을 많이 남길 수 있는 부분이기 때문입니다.","wordCount":46}}},"rawDataInfo":{"question":{"fileFormat":"wav","fileSize":321998,"duration":10060,"samplingBit":16,"channelCount":1,"samplingRate":"16kHz","audioPath":"/Mock/01.Management/Female/Experienced/ckmk_q_bm_f_e_207878.wav"},"answer":{"fileFormat":"wav","fileSize":2827598,"duration":88360,"samplingBit":16,"channelCount":1,"samplingRate":"16kHz","audioPath":"/Mock/01.Management/Female/Experienced/ckmk_a_bm_f_e_207878.wav"}}}