{"version":"1.0","dataSet":{"info":{"date":"20230116","occupation":"BM","channel":"MOCK","place":"ONLINE","gender":"FEMALE","ageRange":"-34","experience":"EXPERIENCED"},"question":{"raw":{"text":"만약 사내 스터디를 만들어 공부할 수 있다면 어떤 것을 공부하고 싶으신가요 그 이유도 함께 말씀해 주시면 되겠습니다","wordCount":17},"emotion":[],"intent":[]},"answer":{"raw":{"text":"저는 사내 스터디를 만들어서 공부할 수 있다면 아이티 업계에 대한 공부를 진행하여 앱을 최종적으로 만들어 보는 것에 대한 사이드 프로젝트를 변행해 보고 싶습니다. 왜냐하면 아이티 업계 만큼 빠르게 성장한 분야가 없는 만큼 그 분야가 발 그 분야가 그토록 빠르게 성장하고 발생할 수 있는 이유에 대해서 알아보고 어떻게 하면 우리도 그런 변화에 탑승하고 변화를 따라가서 발맞추어 성장을 이뤄낼 수 있는지 찾아보고 앱을 직접 만들어보고 싶다는 목표가 있기 때문에 그 목표를 그런 같은 공동의 목표를 가진 사람들과 스터디하여 좋은 성과를 이뤄내고 성과를 내지 못하더라도 만드는 것에 큰 의의를 두고 싶습니다. 저는 아이티 업계에 대해서 지식을 공부하고 그런 공부를 하는 것에 그치는 것뿐만이 아니라 앱을 직접 만드는 사이드 프로젝트로 꼭 지내보고 싶다는 희망이 있었습니다. 그래야 저는 사내 스터디를 만든다면 꼭 만들어서 진행해 보고 싶다는 생각을 합니다. 감사합니다.","wordCount":124},"emotion":[{"text":"저는 사내 스터디를 만들어서 공부할 수 있다면 아이티 업계에 대한 공부를 진행하여 앱을 최종적으로 만들어 보는 것에 대한 사이드 프로젝트를 변행해 보고 싶습니다.","expression":"p-interest","category":"positive"}],"intent":[{"text":"","expression":"","category":"attitude"}],"summary":{"text":"저는 사내 스터디를 만들어서 아이티 업계에 대한 공부를 진행하여 앱을 최종적으로 만들어 보는 것에 대한 사이드 프로젝트를 변행해 보고 싶습니다. 그래야 제가 사내스터 디를 만든다면 꼭 만들어서 진행해 보고 싶다는 생각을 합니다.","wordCount":32}}},"rawDataInfo":{"question":{"fileFormat":"wav","fileSize":422158,"duration":13190,"samplingBit":16,"channelCount":1,"samplingRate":"16kHz","audioPath":"/Mock/01.Management/Female/Experienced/ckmk_q_bm_f_e_180947.wav"},"answer":{"fileFormat":"wav","fileSize":2481038,"duration":77530,"samplingBit":16,"channelCount":1,"samplingRate":"16kHz","audioPath":"/Mock/01.Management/Female/Experienced/ckmk_a_bm_f_e_180947.wav"}}}