{"version":"1.0","dataSet":{"info":{"date":"20230116","occupation":"BM","channel":"MOCK","place":"ONLINE","gender":"FEMALE","ageRange":"-34","experience":"EXPERIENCED"},"question":{"raw":{"text":"지원자께서는 직접 해외 출장 장소를 선택할 수 있는 기회가 생긴다면은 꼭 한 번 가서 일해보고 싶은 나라가 어떤 곳인지 이야기해 주시겠습니까","wordCount":21},"emotion":[],"intent":[]},"answer":{"raw":{"text":"저는 해외 출장을 가게 된다면 북유럽으로 한 번 가보고 싶습니다. 어 북유럽은 워낙 복지가 굉장히 잘 되어 있기로 유명한 나라인데요. 아무래도 저희가 뭐 공공 서비스 업무와 관련된 업무를 하다 보니까 어 그런 나라에 직접 가서 어떻게 서비스들이 이루어지고 있는지가 굉장히 궁금해졌습니다. 어 사실 이제 복지가 잘 돼 있다 라고 보는 거는 저희가 뉴스 기사나 아니면 책을 통해서만 봤는데요. 실제 가서 시민들의 모습들을 보고 체험을 하면서 어 이런 점들을 조금 벤치마킹하고 본 받으면 좋겠다 라는 점을 배우고 싶습니다. 아무래도 저의 업무와 관련해서는 그쪽에서 선진국이고 선두 국가로 나서고 있기 때문에 저도 그런 점들을 배우고 싶다 라는 생각을 많이 해 봤고요. 어 굉장히 아무래도 북유럽으로 출장을 갈 확률도 적고 그리고 저희와 교류하고 있는 업무도 많지 않은 것으로 알고 있습니다. 그래서 기회가 된다면 제가 꼭 지원을 해서 그런 서비스 업무들을 어떻게 진행되는지 경험하고 파악하고 또 보고 싶다 라는 생각이 들었기 때문에 어 제가 가보고 싶다 라는 생각이 좀 들었습니다.","wordCount":145},"emotion":[{"text":"보니까 어 그런 나라에   직접 가서 어떻게 서비스들이 이루어지고 있는지가 굉장히 궁금해졌습니다.","expression":"p-interest","category":"positive"},{"text":"그래서 기회가 된다면 제가   꼭 지원을 해서 그런 서비스 업무들을 어떻게 진행되는지 경험하고 파악하고 또   보고 싶다 라는 생각이 들었기 때문에 어 제가 가보고 싶다 라는 생각이 좀 들었습니다.","expression":"p-interest","category":"positive"}],"intent":[{"text":"","expression":"","category":"attitude"}],"summary":{"text":"복지가 잘 되어 있는 북유럽에 직접 가보고 싶습니다. 뉴스나 책을 통해서만 봤었는데, 실제 시민들을 보고 체험을 하면서 벤치마킹을 하고 싶었습니다. 북유럽에 출장을 갈 확률도 적고 교류하는 업무도 많지 않지만, 기회가 된다면 지원을 해서 서비스 업무들을 경험하고 파악하고 보고 싶다 라는 생각이 들었습니다.","wordCount":42}}},"rawDataInfo":{"question":{"fileFormat":"wav","fileSize":459598,"duration":14360,"samplingBit":16,"channelCount":1,"samplingRate":"16kHz","audioPath":"/Mock/01.Management/Female/Experienced/ckmk_q_bm_f_e_141120.wav"},"answer":{"fileFormat":"wav","fileSize":2557518,"duration":79920,"samplingBit":16,"channelCount":1,"samplingRate":"16kHz","audioPath":"/Mock/01.Management/Female/Experienced/ckmk_a_bm_f_e_141120.wav"}}}