{"version":"1.0","dataSet":{"info":{"date":"20230116","occupation":"BM","channel":"MOCK","place":"ONLINE","gender":"FEMALE","ageRange":"45-54","experience":"EXPERIENCED"},"question":{"raw":{"text":"어 기획이라는 걸 어떻게 어떤 것이라고 생각하십니까 그 지원자님만의 기획에 대해서 과거 어떤 기획을 했는지 한 가지만 말씀해 주시고 이거를 어떤 성과를 냈는지까지 말씀해 주시기 바랍니다","wordCount":26},"emotion":[],"intent":[]},"answer":{"raw":{"text":"제가 생각했을 때 기획은 의도가 가장 중요하다 라고 생각합니다. 요즘 미국에서 가장 각광받는 직업 중의 하나가 피엠 이라는 직업으로 발표가 되었는데요. 저는 그 뉴스를 보면서 우리나라 기업에서도 피엠 업무 즉 기획 업무에 대해서 더 많은 사람들이 관심을 가지겠다 라는 생각을 했습니다. 사실 훈련을 정하고 나면 기획대로 흘러가는 것이 굉장히 어렵습니다. 그렇지만 가장 중요한 프로젝트의 목표 그리고 기획 의도 그 기본 베이스를 만드는 것이 기획이기 때문에 앞으로 그 중요성은 더 커져갈 것이라 예상합니다.","wordCount":72},"emotion":[],"intent":[{"text":"","expression":"","category":"attitude"}],"summary":{"text":"기획은 의도가 가장 중요하다고 생각합니다. 미국의 피엠직업을 보면서 우리나라 기업에서도 피엠 업무에 관심을 가지겠다는 생각을 했습니다. 프로젝트의 목표와 기획 의도의 기본 베이스를 만드는 것이 기획이기 때문입니다.","wordCount":26}}},"rawDataInfo":{"question":{"fileFormat":"wav","fileSize":626318,"duration":19570,"samplingBit":16,"channelCount":1,"samplingRate":"16kHz","audioPath":"/Mock/01.Management/Female/Experienced/ckmk_q_bm_f_e_247850.wav"},"answer":{"fileFormat":"wav","fileSize":2465998,"duration":77060,"samplingBit":16,"channelCount":1,"samplingRate":"16kHz","audioPath":"/Mock/01.Management/Female/Experienced/ckmk_a_bm_f_e_247850.wav"}}}