{"version":"1.0","dataSet":{"info":{"date":"20230116","occupation":"BM","channel":"MOCK","place":"ONLINE","gender":"FEMALE","ageRange":"-34","experience":"EXPERIENCED"},"question":{"raw":{"text":"스트레스를 받으면 어떻게 하세요 그리고 왜 그런 방법으로 스트레스를 해소하는지 그 이유도 말씀해 주세요","wordCount":14},"emotion":[],"intent":[]},"answer":{"raw":{"text":"스트레스를 받으면 저만의 시간을 가지는 걸 택하고 있습니다. 아무래도 저만의 시간을 가지면서 이 가진다는 게 집에 있는 경우도 있겠지만요. 혼자 나가서 산책을 한다던지 혼자 카페에 가서 커피 한 잔을 한다던지 이런 식으로 내가 혼자 보내는 시간이 굉장히 스트레스 해소에 중요하다 라고 말씀드릴 수 있을 것 같애요. 아무래도 스트레스가 오는 경우는 뭐 직장에 일에서 그런 것도 있고 나의 부족에서 오는 경우도 있다고 생각이 듭니다. 그래서 그런 것들이 어느정도 정리하는 즉 내 마인드 컨트롤 하는 시간이 굉장히 중요하다고 생각을 하는데요. 다른 사람들이랑 만나면서도 굉장히 재미있지만 저는 저만의 개인 시간을 가지면서 그런 스트레스를 해소하는 게 굉장히 큰 도움이 됐다 라고 말씀드릴 수 있을 것 같습니다.","wordCount":102},"emotion":[],"intent":[{"text":"","expression":"","category":"attitude"}],"summary":{"text":"저는 스트레스를 받으면 저만의 시간을 가지는 걸 택하고 있습니다. 혼자 산책을 하거나 카페에 가서 커피 한 잔을 하는 등, 혼자 보내는 시간이 스트레스 해소에 중요하다고 생각합니다. 마인드 컨트롤 시간이 스트레스를 해소하는 데 큰 도움이 되었습니다.","wordCount":35}}},"rawDataInfo":{"question":{"fileFormat":"wav","fileSize":304718,"duration":9520,"samplingBit":16,"channelCount":1,"samplingRate":"16kHz","audioPath":"/Mock/01.Management/Female/Experienced/ckmk_q_bm_f_e_166598.wav"},"answer":{"fileFormat":"wav","fileSize":1734798,"duration":54210,"samplingBit":16,"channelCount":1,"samplingRate":"16kHz","audioPath":"/Mock/01.Management/Female/Experienced/ckmk_a_bm_f_e_166598.wav"}}}