{"version":"1.0","dataSet":{"info":{"date":"20230116","occupation":"BM","channel":"MOCK","place":"ONLINE","gender":"FEMALE","ageRange":"-34","experience":"EXPERIENCED"},"question":{"raw":{"text":"아 지원자님께서는 의견을 주장하실 때 어 강하게 주장하는 편인지 궁금하네요 어떤 스타일로 자신의 의견을 주장하시는지 한번 말씀해 주시겠습니까","wordCount":18},"emotion":[],"intent":[]},"answer":{"raw":{"text":"저는 저의 의견을 주장할 때 강하게 주장하는 편은 아닙니다. 저는 오히려 부드럽게 주장하는 편입니다. 저는 강하게 주장하는 것은 오히려 상대방으로 하여금 반발감을 들고 위축되게 하고 거부감을 일으킬 수 있다고 생각합니다. 따라서 저는 저의 주장하는 바를 충분히 주장할 수 있다고 생각하기 때문에 강압적으로 강하게 주장하는 것이 아니라 부드럽게 주장하여 상대방을 마음을 완화시키고 긴장을 완화시킨 뒤 저의 마음을 설득하고 말로써 제 말로써 제 생각을 전달하는 것이 중요하다고 생각합니다. 저의 의견을 꼭 받아들여 달라고 강하게 주장하는 것은 어떻게 보면 강요로 받아들여질 수도 있다고 생각하기 때문입니다. 따라서 저는 상대방에게 충분히 제 생각을 부드럽게 얘기하고 제 생각과 주장을 받아들일 수 있게끔 충분한 시간을 두고 상대방에 말을 경청하며 제 의견을 설득할 수 있도록 노력합니다. 감사합니다.","wordCount":109},"emotion":[],"intent":[{"text":"","expression":"","category":"attitude"}],"summary":{"text":"저는 강하게 주장하는 편이 아니라 부드럽게 주장하는 편입니다. 강하게 주장하는 것은 오히려 상대방으로 하여금 반발감을 들고 위축되게 하고 거부감을 일으킬 수 있기 때문입니다. 따라서 저는 부드러운 주장으로 상대방을 마음을 완화시키고 긴장을 완화시킨 뒤 제 말로써 제 생각을 전달하는 것이 중요하다고 생각합니다.","wordCount":41}}},"rawDataInfo":{"question":{"fileFormat":"wav","fileSize":461198,"duration":14410,"samplingBit":16,"channelCount":1,"samplingRate":"16kHz","audioPath":"/Mock/01.Management/Female/Experienced/ckmk_q_bm_f_e_180948.wav"},"answer":{"fileFormat":"wav","fileSize":2535118,"duration":79220,"samplingBit":16,"channelCount":1,"samplingRate":"16kHz","audioPath":"/Mock/01.Management/Female/Experienced/ckmk_a_bm_f_e_180948.wav"}}}