{"version":"1.0","dataSet":{"info":{"date":"20230116","occupation":"BM","channel":"MOCK","place":"ONLINE","gender":"FEMALE","ageRange":"55-","experience":"EXPERIENCED"},"question":{"raw":{"text":"이 직무에 지원한 이유가 무엇인지 말씀해 주시고 본인이 왜 적합한 인재인지 설명해 주세요","wordCount":13},"emotion":[],"intent":[]},"answer":{"raw":{"text":"예 제가 왜 이 직무에 지원을 한 이유는 이유가 이제 무엇이냐고 물어주셨는데요. 아 제가 아 이십 대부터 한 삼십 대 중반까지 이쪽 여행 업계에서 종사를 해 왔습니다. 십 년 간 종사를 해오면서 그쪽에서 기획실 업무를 했거든요. 그런데 기획실 업무를 하면서 되게 많은 상품을 개발도 했고 그다음에 개발을 한 후 판매도 해 보았습니다. 그리고 음 전세계적으로 많이 그 여행도 했고 여행겸 공부였지요. 여행겸 학습 그다음에 이제 공부였습니다. 그래서 많이 어 경험을 한 한 제 경험을 바탕으로 많은 사람들에게 좋은 여행 상품을 만들고 싶은 것이 아 제가 이 직무에 지원한 이유구요. 그 다음에 저 같은 경우는 아 전 세계 여행 뿐만 아니라 우리 나라의 아 중심지인 진짜 우리나라의 중심지인 대전에 살면서 아 전국을 안 가본 것이 없습니다. 안 가본 곳이 없습니다. 전국의 특산물 고 다음에 여행 장소 맛집 고 댐에 여행을 어디를 가면 무엇을 봐야 할 것인지 그런 걸 많이 알고 있기 때문에 제가 이 일에 아주 적합한 인재라고 생각합니다.","wordCount":148},"emotion":[{"text":"아 제가 아 이십 대부터 한 삼십 대 중반까지 이쪽 여행 업계에서 종사를 해 왔습니다.","expression":"u-fact","category":"neutral"},{"text":"십 년 간 종사를 해오면서 그쪽에서 기획실 업무를 했거든요.","expression":"u-fact","category":"neutral"},{"text":"그런데 기획실 업무를 하면서 되게 많은 상품을 개발도 했고 그다음에 개발을 한 후 판매도 해 보았습니다.","expression":"u-fact","category":"neutral"}],"intent":[{"text":"아 제가 아 이십 대부터 한 삼십 대 중반까지 이쪽 여행 업계에서 종사를 해 왔습니다.","expression":"c_private","category":"background"},{"text":"십 년 간 종사를 해오면서 그쪽에서 기획실 업무를 했거든요.","expression":"c_private","category":"background"},{"text":"그런데 기획실 업무를 하면서 되게 많은 상품을 개발도 했고 그다음에 개발을 한 후 판매도 해 보았습니다.","expression":"c_private","category":"background"},{"text":"그래서 많이 어 경험을 한 한 제 경험을 바탕으로 많은 사람들에게 좋은 여행 상품을 만들고 싶은 것이 아 제가 이 직무에 지원한 이유구요.","expression":"c_sincere_job","category":"etc"},{"text":"전국의 특산물 고 다음에 여행 장소 맛집 고 댐에 여행을 어디를 가면 무엇을 봐야 할 것인지 그런 걸 많이 알고 있기 때문에 제가 이 일에 아주 적합한 인재라고 생각합니다.","expression":"c_sincere_job","category":"etc"}],"summary":{"text":"이 직무에 지원한 이유가 무엇인지요? 십 년 간 여행 업계에서 종사하면서 기획실 업무를 하면서 상품을 개발하고 판매해 보았습니다. 그리고 여행겸 공부를 많이 해서 많은 사람들에게 좋은 여행 상품을 만들고 싶은 것이 이 직무의 지원 이유입니다. 그리고 전국을 안 가본 곳이 없으며 전국의 특산물, 여행장소를 많이 알고 있어서 이 일에 아주 적합한 인재라고 생각합니다.","wordCount":53}}},"rawDataInfo":{"question":{"fileFormat":"wav","fileSize":311758,"duration":9740,"samplingBit":16,"channelCount":1,"samplingRate":"16kHz","audioPath":"/Mock/01.Management/Female/Experienced/ckmk_q_bm_f_e_217742.wav"},"answer":{"fileFormat":"wav","fileSize":2848078,"duration":89000,"samplingBit":16,"channelCount":1,"samplingRate":"16kHz","audioPath":"/Mock/01.Management/Female/Experienced/ckmk_a_bm_f_e_217742.wav"}}}