{"version":"1.0","dataSet":{"info":{"date":"20230116","occupation":"BM","channel":"MOCK","place":"ONLINE","gender":"FEMALE","ageRange":"-34","experience":"EXPERIENCED"},"question":{"raw":{"text":"지원자님이 만약에 입사를 하고 근무를 했어요 근데 이 분야가 지원자님이랑 잘 맞지 않는 거예요 그러면 어떻게 하시고 싶으세요","wordCount":18},"emotion":[],"intent":[]},"answer":{"raw":{"text":"만약에 입사 이후에 제가 지원한 분야가 적성에 잘 맞지 않는다고 한다면 일단은 저는 다른 부서의 지원을 요청해 보도록 하겠습니다. 하지만 그에 앞서서 과연 제가 왜 적성에 맞지 않는지 그리고 조금 더 기다려보고 노력을 해보면 어 부서가 저한테 맞을 수도 있으니까 그 기다려 볼지 말지를 판단을 할 것 같습니다. 그렇다고 해서 제가 어렵게 입사한 만큼 일이 맞지 않는다고 해서 퇴사를 결정하거나 이러지는 않을 것 같고요. 기본적으로 업무 수행을 하면서 일단 제가 어 적성에 맞지 않는다는 사실을 판단을 할 것 같고요. 그 다음에 어 적극적으로 인사부서에 요청을 할 것 같습니다. 제가 잘하는 분야는 이런 분야고 기존에 하던 업무이니까 이런 부분으로 보직이 변경이 가능한지에 대해서 알아보고요. 가능하면 부서 변경이 이루어질 때까지 기다리면서 업무를 진행을 해야 될 것 같습니다. 아무래도 입사 이후에 전혀 부서 이동이 안 되는 측면이 아니기 때문에 저는 일단 기다려보면서 상황을 유연하게 대응하고 또 적극적으로 제가 적성에 맞는 부서에 갈 수 있도록 지원을 요청 드리도록 하겠습니다.","wordCount":145},"emotion":[],"intent":[{"text":"만약에 입사 이후에 제가 지원한 분야가 적성에 잘 맞지 않는다고 한다면   일단은 저는 다른 부서의 지원을 요청해 보도록 하겠습니다.","expression":"c_adp","category":"personality"},{"text":"하지만   그에 앞서서 과연 제가 왜 적성에 맞지 않는지 그리고 조금 더 기다려보고   노력을 해보면 어 부서가 저한테 맞을 수도 있으니까 그 기다려 볼지 말지를   판단을 할 것 같습니다.","expression":"c_adp","category":"personality"},{"text":"아무래도 입사 이후에 전혀 부서 이동이 안 되는 측면이   아니기 때문에 저는 일단 기다려보면서 상황을 유연하게 대응하고 또 적극적으로   제가 적성에 맞는 부서에 갈 수 있도록 지원을 요청 드리도록 하겠습니다.","expression":"c_adp","category":"personality"}],"summary":{"text":"입사 이후 지원한 분야가 적성에 잘 맞지 않는다면 다른 부서의 지원을 요청해 보도록 하겠습니다. 기본적으로 업무 수행을 하면서 적성에 맞지 않는다는 사실을 판단을 할 것이고, 그 다음에 적극적으로 인사부서에 요청을 할 것 같습니다. 부서 변경이 이루어질 때까지 기다리면서 업무를 해야 될 것 같습니다. 일단 기다려보면서 상황을 유연하게 대응하고 적극적으로 지원을 요청 드리도록 하겠습니다.","wordCount":53}}},"rawDataInfo":{"question":{"fileFormat":"wav","fileSize":416398,"duration":13010,"samplingBit":16,"channelCount":1,"samplingRate":"16kHz","audioPath":"/Mock/01.Management/Female/Experienced/ckmk_q_bm_f_e_141114.wav"},"answer":{"fileFormat":"wav","fileSize":2553038,"duration":79780,"samplingBit":16,"channelCount":1,"samplingRate":"16kHz","audioPath":"/Mock/01.Management/Female/Experienced/ckmk_a_bm_f_e_141114.wav"}}}