{"version":"1.0","dataSet":{"info":{"date":"20230116","occupation":"BM","channel":"MOCK","place":"ONLINE","gender":"FEMALE","ageRange":"-34","experience":"EXPERIENCED"},"question":{"raw":{"text":"지원자는 본인 스스로 팀장에 더 잘 맞을 것 같은지 팀원에 더 잘 맞을 것 같은지 이유와 함께 설명해 주세요","wordCount":19},"emotion":[],"intent":[]},"answer":{"raw":{"text":"네 저는 기본적으로 어 팀장 리더로서 업무에 훨씬 더 적합한 사람인 것 같습니다. 어 팀원보다는 리더로서 팀장으로서 업무를 수행할 때 제가 만족감이 더 크구요. 저의 적성에도 맞다는 생각이 듭니다. 어 제가 이제 업무를 하거나 아니면은 기타 다른 활동을 할 때도 팀장으로서 역할을 수행했을 때 좀 잘 해낼 수 있다고 생각을 하구요. 그리고 팀장에 역할인 라는 게 그 사람들에게 어떤 지시나 업무를 리드하는 것 뿐만이 아니라 또 도와주는 역할이라고 생각을 합니다. 그래서 어떤 사람에게 도움이 필요할 때 제가 그것들을 또 지원해주고 역할을 담당하다 보면 만족감이 굉장히 컸는데요. 그래서 저는 이 업무 처리를 할 때 제가 가능하면 팀장으로서 또 리더로서 역할을 수행하게 된다면 어 만족감을 느끼면서 업무를 진행할 수 있을 것 같다 라는 생각이 듭니다. 어 뿐만 아니라 저도 팀원으로서도 또 제 역할을 성실하게 수행해 낼 수 있다는 장점이 있습니다. 그렇기 때문에 팀원 팀장 모두 제 역할에 주어진다면 최선을 다해서 노력하고 충실히 이행할 수 있도록 하겠습니다.","wordCount":144},"emotion":[],"intent":[{"text":"","expression":"","category":"attitude"}],"summary":{"text":"팀원 팀장 모두 제 역할에 주어진다면 최선을 다해서 노력하고 충실히 이행할 수 있도록 하겠습니다. 저는 리더로서 팀장으로서 업무를 수행할 때 만족감이 더 크고 적성에도 맞습니다. 그리고 팀장인 라는 게 어떤 지시나 업무를 리드하는 것 뿐만 아니라 도와주는 역할이라고 생각을 합니다.","wordCount":40}}},"rawDataInfo":{"question":{"fileFormat":"wav","fileSize":373838,"duration":11680,"samplingBit":16,"channelCount":1,"samplingRate":"16kHz","audioPath":"/Mock/01.Management/Female/Experienced/ckmk_q_bm_f_e_154144.wav"},"answer":{"fileFormat":"wav","fileSize":2648398,"duration":82760,"samplingBit":16,"channelCount":1,"samplingRate":"16kHz","audioPath":"/Mock/01.Management/Female/Experienced/ckmk_a_bm_f_e_154144.wav"}}}