{"version":"1.0","dataSet":{"info":{"date":"20230116","occupation":"BM","channel":"MOCK","place":"ONLINE","gender":"FEMALE","ageRange":"-34","experience":"EXPERIENCED"},"question":{"raw":{"text":"최근에 본 뉴스들 중 가운데 가장 인상 깊었던 뉴스는 무엇입니까 어떤 뉴스였는지와 이유도 함께 말씀해 주세요","wordCount":16},"emotion":[],"intent":[]},"answer":{"raw":{"text":"어 최근 본 뉴스 중에 가장 인상이 깊었다기보다는 마음이 가장 갔던 뉴스는 어 최근 할로윈 파티로 이태원 압사 사건이 가장 최근에 어 많은 관심이 갔던 뉴스였습니다. 어 서울 한복판에서 어 있어서도 안 될 정말 아무도 예상치 못했던 사고였고 어 이런 사고가 다시 일어나지 않도록 음 국가는 어 국민에게 어 그런 압사 사건이 발생했을 때 어떻게 대처해야 되는지 또 일상 속에서 그런 일이 발생했을 때 어떻게 해야 되는지 안내와 어 교육을 해야 될 것 같습니다.","wordCount":74},"emotion":[],"intent":[{"text":"","expression":"","category":"attitude"}],"summary":{"text":"할로윈 파티로 이태원 압사 사건이 가장 인상 깊었고 가장 관심이 컸던 뉴스였습니다. 이런 사고가 다시 일어나지 않도록 국가는 국민에게 압사 사건 발생 시 대처 방법을 안내와 교육을 해야 할 것 같습니다.","wordCount":31}}},"rawDataInfo":{"question":{"fileFormat":"wav","fileSize":368078,"duration":11500,"samplingBit":16,"channelCount":1,"samplingRate":"16kHz","audioPath":"/Mock/01.Management/Female/Experienced/ckmk_q_bm_f_e_261971.wav"},"answer":{"fileFormat":"wav","fileSize":1742798,"duration":54460,"samplingBit":16,"channelCount":1,"samplingRate":"16kHz","audioPath":"/Mock/01.Management/Female/Experienced/ckmk_a_bm_f_e_261971.wav"}}}