{"version":"1.0","dataSet":{"info":{"date":"20230116","occupation":"BM","channel":"MOCK","place":"ONLINE","gender":"FEMALE","ageRange":"-34","experience":"EXPERIENCED"},"question":{"raw":{"text":"열심히 하지만 본인이 원하는 만큼 따라오지 못하는 팀 동료들이 있을 수 있는데요 이럴 때 어떻게 하실 것인가요","wordCount":17},"emotion":[],"intent":[]},"answer":{"raw":{"text":"저는 중요한 것은 잘하는 것 못하는 것을 가르는 것이 아니라 태도의 문제라고 생각합니다. 평소 팀원들에 따라오고자 하고 배우고자 열심히 노력할 의지가 있다면 저는 충분히 해낼 수 있다고 생각합니다. 따라서 팀원에 의지를 파악한 후에 의지가 없다면 그 의지를 형성시키도록 노력할 것입니다. 그리고 의지가 있는 팀원이라면 충분히 그 일을 알려주고 터득하고 배우고 가면 될 일이라고 생각합니다. 감사합니다.","wordCount":55},"emotion":[],"intent":[{"text":"","expression":"","category":"attitude"}],"summary":{"text":"팀원에 태도를 파악하고 열심히 노력할 의지가 있다면 충분히 해낼 수 있다고 생각합니다. 의지가 있는 팀원이라면 그 일을 터득하고 배우고 가면 될 일이라고 생각합니다.","wordCount":23}}},"rawDataInfo":{"question":{"fileFormat":"wav","fileSize":375118,"duration":11720,"samplingBit":16,"channelCount":1,"samplingRate":"16kHz","audioPath":"/Mock/01.Management/Female/Experienced/ckmk_q_bm_f_e_178345.wav"},"answer":{"fileFormat":"wav","fileSize":1046158,"duration":32689,"samplingBit":16,"channelCount":1,"samplingRate":"16kHz","audioPath":"/Mock/01.Management/Female/Experienced/ckmk_a_bm_f_e_178345.wav"}}}