{"version":"1.0","dataSet":{"info":{"date":"20230116","occupation":"BM","channel":"MOCK","place":"ONLINE","gender":"FEMALE","ageRange":"-34","experience":"EXPERIENCED"},"question":{"raw":{"text":"저희 일의 특성 상 야근이나 잔업 혹은 외근이 많아질 수도 있습니다 이렇게 업무 시간 외에 따로 또 시간을 내서 일을 해야 하는 상황이 생긴다면 지원자님께서는 어떻게 하시겠습니까 그래도 괜찮으시겠습니까","wordCount":29},"emotion":[],"intent":[]},"answer":{"raw":{"text":"어 제가 아직 일에 경험이 없기 때문에 저한 제 입장에서 어떻게 어떤 일이 벌어질지는 잘 모르겠으나 일과 삶의 균형을 찾기 위해서 굉장히 노력도 해야 되지만 저는 아직 사회 초년생이고 이 분야에 있어서 적응하고 싶은 의지가 크기 때문에 어 최대한 견디려는 마음으로 회사에 지원을 했습니다.","wordCount":44},"emotion":[],"intent":[{"text":"어 제가 아직 일에 경험이 없기 때문에   저한 제 입장에서 어떻게 어떤 일이 벌어질지는 잘 모르겠으나 일과 삶의 균형을 찾기 위해서 굉장히 노력도 해야 되지만 저는 아직 사회 초년생이고   이 분야에 있어서 적응하고 싶은 의지가 크기 때문에 어 최대한 견디려는 마음으로   회사에 지원을 했습니다.","expression":"c_sincere_job","category":"etc"}],"summary":{"text":"일과 삶의 균형을 찾으려고 노력하지만 사회 초년생인 저는 최대한 견디려는 마음으로 회사에 지원했습니다. 이는 회사 생활에 대한 적응력 덕분입니다.","wordCount":19}}},"rawDataInfo":{"question":{"fileFormat":"wav","fileSize":655438,"duration":20480,"samplingBit":16,"channelCount":1,"samplingRate":"16kHz","audioPath":"/Mock/01.Management/Female/Experienced/ckmk_q_bm_f_e_172381.wav"},"answer":{"fileFormat":"wav","fileSize":1162958,"duration":36340,"samplingBit":16,"channelCount":1,"samplingRate":"16kHz","audioPath":"/Mock/01.Management/Female/Experienced/ckmk_a_bm_f_e_172381.wav"}}}