{"version":"1.0","dataSet":{"info":{"date":"20230116","occupation":"BM","channel":"MOCK","place":"ONLINE","gender":"FEMALE","ageRange":"-34","experience":"EXPERIENCED"},"question":{"raw":{"text":"지원자님께서 생각하셨을 때 직무 지식과 또 역량 그리고 태도 이 세 가지 요소 중에 가장 중요하다고 생각하는 것이 어떤 것인가요 또 그 이유는 또 어떻게 되시나요","wordCount":26},"emotion":[],"intent":[]},"answer":{"raw":{"text":"저는 직무 지식과 역량 태도 이 세 가지 요소 중 가장 중요하다고 생각하는 것은 바로 태도라고 생각합니다. 저는 직무 지식이나 역량은 충분히 키울 수 있는 문제라고 생각합니다. 왜냐하면 제가 배우고자 의사 배우고자 하는 의지와 열정만 있다면 관련 지식을 가진 해당 선배님들이나 아니면 저 스스로도 그 직무에 대해서 책을 읽거나 영상을 찾아보거나 하는 등 업무 지식을 배울 수 있는 방법은 요즘 너무나 다양하다고 생각합니다. 또한 역량도 마찬가지로 책을 읽거나 글쓰기를 하는 등 저에게 필요하다고 생각하는 부분을 더욱 키울 수 있는 부분이 역량이라고 생각합니다. 하지만 태도는 쉽게 해결해 해결되지 않는 문제라고 생각합니다. 아무리 역량을 키우고 직무 지식을 키워도 저의 태도가 좋지 않다면 그것은 제가 일을 잘하는 사람이라고 볼 수 없을 것 같습니다. 따라서 저는 태도가 가장 중요하다고 생각합니다. 앞으로 저는 모든 일을 한 함에 있어서 태도를 좋고 성실하고 열심히 하는 자세를 가지고 무엇이든 배우고 수용하고자 하는 자세로 일을 해 나갈 것입니다. 감사합니다.","wordCount":140},"emotion":[],"intent":[{"text":"","expression":"","category":"attitude"}],"summary":{"text":"저는 직무 지식과 역량 태도 이 세 가지 요소 중 가장 중요하다고 생각하는 것은 바로 태도라고 생각합니다. 앞으로 저는 모든 일을 함에 있어서 태도를 좋고 성실하고 열심히 하는 자세를 가지고 무엇이든 배우고 수용하고자 하는 자세로 일을 해 나갈 것입니다.","wordCount":39}}},"rawDataInfo":{"question":{"fileFormat":"wav","fileSize":568398,"duration":17760,"samplingBit":16,"channelCount":1,"samplingRate":"16kHz","audioPath":"/Mock/01.Management/Female/Experienced/ckmk_q_bm_f_e_180536.wav"},"answer":{"fileFormat":"wav","fileSize":2628238,"duration":82130,"samplingBit":16,"channelCount":1,"samplingRate":"16kHz","audioPath":"/Mock/01.Management/Female/Experienced/ckmk_a_bm_f_e_180536.wav"}}}