{"version":"1.0","dataSet":{"info":{"date":"20230116","occupation":"BM","channel":"MOCK","place":"ONLINE","gender":"FEMALE","ageRange":"-34","experience":"EXPERIENCED"},"question":{"raw":{"text":"직장에서 일을 하다 보면 여러 사람과 함께 일을 하는 경우들이 많이 있습니다 만약 이때 구성원들과 갈등이 생길 수도 있는데요 이런 경우 보통 어떻게 해결을 하시나요","wordCount":25},"emotion":[],"intent":[]},"answer":{"raw":{"text":"저는 갈등 상황에는 정답이 분명하게 있는 갈등과 정답이 없는 갈등 두 가지가 있다고 생각을 합니다. 정답이 분명하게 있는 갈등의 경우에는 어 문제의 근본 원인과 뭐 전체적인 문제 양상을 제대로 파악하고 있는 어 어떤 이 상황을 해결할 수 있는 능력이 있는 리더십 그러니까 리더가 있다면 이 문제는 쉽게 해결될 수 있는 일이라고 생각을 합니다. 어 하지만 문제는 양측의 의견이 모두 일리가 있고 또 그래서 답이 명확히 없는 상황에 첨예하게 대립하는 경우인데요. 어 이럴 경우는 제가 리더라면 기한을 정해두고 양측 모두 각자의 의견대로 업무를 준비하도록 지시한 다음에 경쟁을 붙여서 승부를 가리도록 하는 것입니다. 그래서 어 승패를 가려서 상대팀이 수긍할 수 밖에 없도록 만들 것 같습니다. 또한 이러한 경쟁 과정에서 아마도 분명하게 드러나는 각 팀의 단점이 있을 텐데요. 그렇다면 각 팀의 이런 단점을 음 각 팀의 장점에서부터 끌어와서 상호 보완을 하면서 최선의 선택은 만들기 힘들지라도 어 차선의 선택은 할 수 있도록 어 상황을 만들 것 같습니다.","wordCount":143},"emotion":[],"intent":[{"text":"","expression":"","category":"attitude"}],"summary":{"text":"갈등 상황에는 정답이 분명하게 있는 갈등과 정답이 없는 갈등 두 가지가 있는데, 정답이 분명히 있는 갈등의 경우에는 문제의 근본 원인과 전체적인 문제 양상을 제대로 파악하고 있는 리더가 있다면 이 문제는 쉽게 해결될 수 있는 일이라고 생각합니다.","wordCount":36}}},"rawDataInfo":{"question":{"fileFormat":"wav","fileSize":562638,"duration":17580,"samplingBit":16,"channelCount":1,"samplingRate":"16kHz","audioPath":"/Mock/01.Management/Female/Experienced/ckmk_q_bm_f_e_189806.wav"},"answer":{"fileFormat":"wav","fileSize":2228238,"duration":69630,"samplingBit":16,"channelCount":1,"samplingRate":"16kHz","audioPath":"/Mock/01.Management/Female/Experienced/ckmk_a_bm_f_e_189806.wav"}}}