{"version":"1.0","dataSet":{"info":{"date":"20230116","occupation":"BM","channel":"MOCK","place":"ONLINE","gender":"FEMALE","ageRange":"35-44","experience":"EXPERIENCED"},"question":{"raw":{"text":"지원자님은 협업을 할 때 사교성이 좋나요 사교성을 키우기 위해서 노력한 게 있다면 말씀해 주세요","wordCount":14},"emotion":[],"intent":[]},"answer":{"raw":{"text":"엄 그렇게 좋다고는 못하겠습니다. 그냥 그냥 최소한에 어떤 관계 유지 정도인 것 같습니다. 아 그까 일을 해야 되는 거에 있어서 어 일에 어떤 피해가 가지 않게 이건 당연하지만요. 피해가 가지 않게 하면서 음 각자에 분야에서 조금 그 공유를 해야 되고 계속 주고받아야 되는 부분에 있어서는 충분히 열심히 하지만 그 외에 부분에 어떤 개별적인 침묵 이런 거로는 사실 노력하지 않습니다. 저는 그게 너무 어 감정 소모가 돼서 좀 힘들어요 개인적으로. 제가 그런 성향이기도 하고 그래서 제 업무 특성상 어 일을 위한 협업을 하는 게 그 협업 자체를 진행하는 게 노력이기도 하고 또 사교성을 키우기 위한 거라면 그래도 회사에서 진행하는 단체 행사에 꾸준히 빠지지 않는다 정도 인거 같아요.","wordCount":106},"emotion":[],"intent":[{"text":"","expression":"","category":"attitude"}],"summary":{"text":"일에 피해를 주지 않으면서 계속 주고받아야 되는 부분에서는 열심히 하지만 그 외의 개별적인 침묵 같은 거로는 노력하지 않습니다. 협업 자체를 진행하는 게 노력이기도 하고 사교성을 키우기 위한 거라면 회사에서 진행하는 단체 행사에 빠지지 않는다 정도 입니다.","wordCount":36}}},"rawDataInfo":{"question":{"fileFormat":"wav","fileSize":453838,"duration":14180,"samplingBit":16,"channelCount":1,"samplingRate":"16kHz","audioPath":"/Mock/01.Management/Female/Experienced/ckmk_q_bm_f_e_142663.wav"},"answer":{"fileFormat":"wav","fileSize":2880718,"duration":90020,"samplingBit":16,"channelCount":1,"samplingRate":"16kHz","audioPath":"/Mock/01.Management/Female/Experienced/ckmk_a_bm_f_e_142663.wav"}}}