{"version":"1.0","dataSet":{"info":{"date":"20230116","occupation":"BM","channel":"MOCK","place":"ONLINE","gender":"FEMALE","ageRange":"-34","experience":"EXPERIENCED"},"question":{"raw":{"text":"지원자님께서는 직무 수행시 모르는 과제가 등장했던 경험이 있으십니까 그때 그 경험을 어떻게 해결하셨는지 설명 부탁 드립니다","wordCount":16},"emotion":[],"intent":[]},"answer":{"raw":{"text":"저는 일단 제 경력이 아주 많지는 않기 때문에 제가 직무를 할 때 모르는 부분이 있으면 저는 적극적으로 옆에 있는 동료들에게 도움을 요청하는 편입니다. 어 실제로 업무 처리가 빨리빨리 진행이 돼야 되는데 제가 그걸 모른다고 계속 붙잡고 있는다고 한다면 그 업무가 지연될 수도 있고 그리고 저의 업무 지연 뿐만이 아니라 다른 사람에게도 피해를 줄 수 있다고 생각합니다. 그렇기 때문에 제가 모르는 부분이거나 아니면 도움을 요청할 부분에 대해서는 신속하게 요청을 하는 편이라고 저는 생각을 하는데요. 어 그렇게 하는 이유로 이유는 그렇게 제가 업무를 제 역할을 충실히 해야 아 다른 사람과 협업을 할 때 그 프로젝트가 더 빨리 진행이 되는 것 같았습니다. 저도 처음에는 제 스스로 노력하기 위해서 시간을 끌고 여러 가지로 고민도 해봤는데요. 물론 그런 노력들도 저에게 보탬이 되지만 어 기본적으로 물어서 아니면 동료에게 도움을 구해서 더 빨리 천을 처리 되는 일이라고 한다면 저는 적극적으로 도움을 요청하도록 하겠습니다. 앞으로도 제가 업무를 하다가 여러 가지 모르는 과제가 나타날 수도 있고 또 처리하기 힘든 상황이 있을 때도 있는데요. 그럴 때는 팀원들과 서로 도와가면서 할 것이고요. 그리고 저도 도움을 줄 수 있는 부분은 적극적으로 팀원들을 돕도록 하겠습니다.","wordCount":172},"emotion":[],"intent":[{"text":"어 그렇게 하는 이유로 이유는 그렇게 제가 업무를 제 역할을 충실히 해야    아 다른 사람과 협업을 할 때 그 프로젝트가 더 빨리 진행이 되는 것 같았습니다.","expression":"c_cop","category":"personality"},{"text":"그리고 저도 도움을 줄 수 있는 부분은 적극적으로 팀원들을 돕도록 하겠습니다.","expression":"c_cop","category":"personality"}],"summary":{"text":"저는 경력이 많지 않기 때문에 업무를 할 때 모르는 부분이 있으면 옆에 있는 동료들에게 도움을 요청하는 편입니다. 업무를 하면서 모르는 과제가 나타날 수도 있고 처리하기 힘든 상황이 있을 때도 있습니다. 그럴 때는 팀원들과 서로 도와가면서 할 것이고, 나도 적극적으로 팀원들을 돕도록 하겠습니다.","wordCount":42}}},"rawDataInfo":{"question":{"fileFormat":"wav","fileSize":475278,"duration":14850,"samplingBit":16,"channelCount":1,"samplingRate":"16kHz","audioPath":"/Mock/01.Management/Female/Experienced/ckmk_q_bm_f_e_140168.wav"},"answer":{"fileFormat":"wav","fileSize":2745038,"duration":85780,"samplingBit":16,"channelCount":1,"samplingRate":"16kHz","audioPath":"/Mock/01.Management/Female/Experienced/ckmk_a_bm_f_e_140168.wav"}}}