{"version":"1.0","dataSet":{"info":{"date":"20230116","occupation":"BM","channel":"MOCK","place":"ONLINE","gender":"FEMALE","ageRange":"35-44","experience":"EXPERIENCED"},"question":{"raw":{"text":"지원자님께서는 협업을 할 때 사교성이 좋으신 편인가요 그리고 사교성을 키우기 위해서 어떠한 노력을 하셨는지 말씀해 주시기 바랍니다","wordCount":17},"emotion":[],"intent":[]},"answer":{"raw":{"text":"네 저는 기본적으로 협업 업무를 할 때 사람 만나는 걸 좋아하고 또 원만하게 사교 활동을 하는 편인 것 같습니다. 어 저는 기본적으로 성격이 사교성이 좋고요. 그리고 사람하고 유연하게 커뮤니케이션을 잘 하는 편입니다. 그 부분이 저의 아주 큰 장점이라고 할 수가 있는데요. 사실 어 회사에서 동료들과 또 일을 하다보면 이런 커뮤니케이션 능력은 굉장히 중요한 것 같습니다. 본인만의 의견을 고집하거나 이기적으로 행동하지 않고 서로를 배려하면서도 사교성 있게 잘 지내는 게 중요하다고 생각을 하는데요. 그래서 저는 협업을 할 때 본인의 역량을 발휘하는 것 뿐만이 아니라 서로 협업을 통해서 어 잘 교우 관계를 지내는 것도 중요하다고 생각을 합니다. 저는 기본적으로 그동안 회사 생활을 하면서 이런 문제가 없었고 또 유연하게 잘 풀어냈기 때문에 어 이번 회사에 입사를 하게 된다고 하더라도 저는 동료들과 협업을 통해서 잘 진행해 나갈 수 있도록 하겠습니다.","wordCount":125},"emotion":[],"intent":[{"text":"어 저는 기본적으로 성격이 사교성이 좋고요.","expression":"c_person","category":"background"},{"text":"그래서 저는 협업을 할 때 본인의   역량을 발휘하는 것 뿐만이 아니라 서로 협업을 통해서 어 잘 교우 관계를 지내는 것도   중요하다고 생각을 합니다.","expression":"c_cop","category":"personality"},{"text":"저는 기본적으로 그동안 회사 생활을 하면서 이런 문제가   없었고 또 유연하게 잘 풀어냈기 때문에 어 이번 회사에 입사를 하게 된다고 하더라도   저는 동료들과 협업을 통해서 잘 진행해 나갈 수 있도록 하겠습니다.","expression":"c_cop","category":"personality"}],"summary":{"text":"협업 업무를 할 때 원만하게 사교 활동을 하는 편인 것 같습니다. 성격이 사교성이 좋고 사람하고 유연하게 커뮤니케이션을 잘 하는 편인데, 회사 동료와 일을 하다보면 이런 커뮤니케이션 능력이 굉장히 중요하다고 생각합니다. 이번 회사에 입사하더라도 협업을 통해 잘 진행해 나갈 수 있도록 하겠습니다.","wordCount":41}}},"rawDataInfo":{"question":{"fileFormat":"wav","fileSize":632398,"duration":19760,"samplingBit":16,"channelCount":1,"samplingRate":"16kHz","audioPath":"/Mock/01.Management/Female/Experienced/ckmk_q_bm_f_e_108765.wav"},"answer":{"fileFormat":"wav","fileSize":2170958,"duration":67840,"samplingBit":16,"channelCount":1,"samplingRate":"16kHz","audioPath":"/Mock/01.Management/Female/Experienced/ckmk_a_bm_f_e_108765.wav"}}}