{"version":"1.0","dataSet":{"info":{"date":"20230116","occupation":"BM","channel":"MOCK","place":"ONLINE","gender":"FEMALE","ageRange":"45-54","experience":"EXPERIENCED"},"question":{"raw":{"text":"기업이 자금을 조달하는 방법에는 직접적인 방법과 간접적인 방법이 있는데요 그 두 가지를 아는 것까지 말씀해 주십시오","wordCount":16},"emotion":[],"intent":[]},"answer":{"raw":{"text":"어 제가 저의 경험은 아니고 제가 일했었던 어떤 기업 근데 큰 기업은 아니었고 작은 기업이었는데 그 기업이 어떻게 자금을 조달하는지 제가 직접적으로 사실 알지 못하지만 그때 당시에 좀 들었던 이야기가 있었습니다. 네 제가 알기로는 현금을 좀 지원받을 수 있는 그런 좀 가깝게 지내는 곳이 있다고 알고 있었고 그 곳에서 현금을 좀 투자를 받았고 그리고 그 회사가 그 기업이 이제 하는 사업들 중에 좀 돈이 안 되는 사업이 하나 있었습니다. 돈이 안 되는 이제 브랜드라고 할 수 있는데 그래서 당시에 그 기업이 돈이 모자르다는 걸 알고 있었는데 어떻게 이 사업들을 할 수 있지 라고 생각했었는데 그 돈이 제 안 되는 브랜드가 어 사회적으로 좀 중요하게 생각하는 것들을 내세워서 어 국가적인 사업 지원을 받는 거 그리고 투자를 받는 거에 큰 도움이 되는 걸로 알고 있습니다.","wordCount":123},"emotion":[],"intent":[{"text":"","expression":"","category":"attitude"}],"summary":{"text":"돈을 지원받을 수 있는 곳에서 투자를 받았고 그 회사가 하는 사업들 중에 돈이 안 되는 사업이 있었는데 사회적으로 중요한 것들을 내세워서 국가적인 사업 지원을 받는 게 큰 도움이 되는 걸로 알고 있습니다.","wordCount":32}}},"rawDataInfo":{"question":{"fileFormat":"wav","fileSize":493198,"duration":15410,"samplingBit":16,"channelCount":1,"samplingRate":"16kHz","audioPath":"/Mock/01.Management/Female/Experienced/ckmk_q_bm_f_e_102776.wav"},"answer":{"fileFormat":"wav","fileSize":2613518,"duration":81670,"samplingBit":16,"channelCount":1,"samplingRate":"16kHz","audioPath":"/Mock/01.Management/Female/Experienced/ckmk_a_bm_f_e_102776.wav"}}}