{"version":"1.0","dataSet":{"info":{"date":"20230116","occupation":"BM","channel":"MOCK","place":"ONLINE","gender":"FEMALE","ageRange":"-34","experience":"EXPERIENCED"},"question":{"raw":{"text":"입사를 하시게 되면 문서 작업을 상당히 많이 하셔야 되는데 문서 작업 시 실수나 오탈자 등을 방지하기 위한 자신만의 비결이 있다면 그것에 대해서 말씀해 주세요","wordCount":24},"emotion":[],"intent":[]},"answer":{"raw":{"text":"아무래도 마지막에 한 번 더 점검하는 것으로 저는 실수나 오타를 방지하는 편이고요. 사람은 기계가 아니기 때문에 백 프로 완벽할 수 없다고 생각이 생각을 합니다. 그래서 문서 작업할 때 그런 실수나 오타를 방지하기 위해서는 우선 조금은 긴장을 하는 방법도 있기는 한데요. 사람이 계속 긴장하지는 않잖아요. 그래서 업무를 한 다음에 마지막으로 한 번 더 꼼꼼하게 점검하는 방식을 사용하는 편입니다. 요즘에는 프로그램이 좋아서 그런 오타가 있는지 그리고 띄어쓰기를 제대로 했는지 검사해 주는 프로그램이 있습니다. 그래서 그것을 통해서 저는 마지막으로 한 번 더 확인을 한다 라고 말씀드릴 수 있을 것 같습니다.","wordCount":87},"emotion":[],"intent":[{"text":"","expression":"","category":"attitude"}],"summary":{"text":"문서 작업할 때 사람은 기계가 아니기 때문에 실수나 오타를 방지하는 것이 중요합니다. 그래서 업무를 한 후에 꼼꼼하게 점검하는 방식을 사용하는 편입니다. 요즘에는 프로그램이 좋아서 띄어쓰기를 제대로 했는지 검사해 주는 프로그램이 있습니다.","wordCount":31}}},"rawDataInfo":{"question":{"fileFormat":"wav","fileSize":488078,"duration":15250,"samplingBit":16,"channelCount":1,"samplingRate":"16kHz","audioPath":"/Mock/01.Management/Female/Experienced/ckmk_q_bm_f_e_166443.wav"},"answer":{"fileFormat":"wav","fileSize":1560398,"duration":48760,"samplingBit":16,"channelCount":1,"samplingRate":"16kHz","audioPath":"/Mock/01.Management/Female/Experienced/ckmk_a_bm_f_e_166443.wav"}}}