{"version":"1.0","dataSet":{"info":{"date":"20230116","occupation":"BM","channel":"MOCK","place":"ONLINE","gender":"FEMALE","ageRange":"35-44","experience":"EXPERIENCED"},"question":{"raw":{"text":"만약 해외에 파견 근무를 나가게 되신다면 지원자님은 어느 나라에서 일을 하고 싶으실까요 그 이유도 함께 말씀 부탁드립니다","wordCount":17},"emotion":[],"intent":[]},"answer":{"raw":{"text":"저는 미국으로 파견으로 나가보고 싶습니다. 이왕 근무를 할 것이면 제일 선진국인 미국에서 일을 배우게 되면 제일 선진적인 업무 방법을 배울 수 있을 것 같기 때문입니다. 또한 영어를 기본적으로 할 수 있기 때문에 의사소통에 큰 문제가 없을 것이며 아무래도 조직적인 한국 문화보다는 조금 더 자유로운 분위기에서 나의 역량을 펼칠 수 있을 것 같습니다. 그리고 다양한 나라에서 온 인재들이 모여있는 곳에서 다양한 민족들의 생활도 느껴볼 수 있는 것도 재미있는 경험이 될 것 같습니다. 이러한 다양하고 선진적인 업무를 배우고 느끼며 다시 한국으로 돌아온다면 업무를 할 때에도 회사를 위해 더욱더 발전된 역량을 발휘할 수 있을 것 같습니다.","wordCount":93},"emotion":[],"intent":[{"text":"","expression":"","category":"attitude"}],"summary":{"text":"선진국인 미국에서 일을 배우게 되면 선진적인 업무 방법을 배울 수 있을 것 같아 미국으로 파견을 나가보고 싶습니다. 그리고 다양한 민족들의 생활을 느껴보는 것도 재미있는 경험이 될 것 같습니다. 다시 한국으로 돌아온다면 더욱더 발전된 역량을 발휘할 수 있다고 생각합니다.","wordCount":38}}},"rawDataInfo":{"question":{"fileFormat":"wav","fileSize":555598,"duration":17360,"samplingBit":16,"channelCount":1,"samplingRate":"16kHz","audioPath":"/Mock/01.Management/Female/Experienced/ckmk_q_bm_f_e_199085.wav"},"answer":{"fileFormat":"wav","fileSize":1598158,"duration":49940,"samplingBit":16,"channelCount":1,"samplingRate":"16kHz","audioPath":"/Mock/01.Management/Female/Experienced/ckmk_a_bm_f_e_199085.wav"}}}