{"version":"1.0","dataSet":{"info":{"date":"20230116","occupation":"BM","channel":"MOCK","place":"ONLINE","gender":"FEMALE","ageRange":"35-44","experience":"EXPERIENCED"},"question":{"raw":{"text":"지원자님이 소통 능력을 키우기 위해서 어떤 일을 할 수 있을까요 생각나는 방법들을 자세하게 한 번 말씀해 주세요","wordCount":17},"emotion":[],"intent":[]},"answer":{"raw":{"text":"일단은 기본적으로 요즘에는 소통 능력을 키우는 게 굉장히 중요하다고 생각을 합니다. 왜냐하면 많은 사람들이 개인화 돼 있고 그리고 핸드폰이나 이런 개인 일상에 좀 익숙해져 있다 보니까 어 소통 능력이 부족한 사람들이 굉장히 많이 늘어나고 있는 것 같습니다. 어 소통능력은 아무래도 중요한 게 사람과 사람 사이에 관계기 때문에 사람에 대한 마음가짐을 가지는 게 중요할 것 같습니다. 일단 소통을 하기 위해서는 상호 존중과 배려 그리고 그 사람을 이해하려는 그런 노력들이 필요할 것 같고요. 그리고 실제로 소통 능력을 향상시키기 위해서는 다양한 사람들과 접촉하고 이야기해보고 교류를 해야 한다고 생각을 합니다. 어 본인만의 생각에 빠져있거나 본인이 무조건 다 맞다고 생각하게 되면 소통이 어려워질 수 있는데요. 그렇기 때문에 사람들과 많이 교류하고 또 동호회나 모임을 통해서 소통 능력을 키우는 게 중요하다고 생각을 합니다. 그런 면에서 저는 회사에서 어 이런 소통 능력을 키우기 위해서 사내 동호회나 모임을 가지는 거가 중요하다고 생각을 합니다. 아무래도 그러한 사적인 모임을 통해서 서로 친해질 수도 있고 마음을 열 수도 있고 그러면서 소통 능력이 올라갈 수 있기 때문에 그런 기회를 많이 가지는 게 좋다고 생각을 합니다.","wordCount":162},"emotion":[],"intent":[{"text":"일단은 기본적으로 요즘에는 소통 능력을 키우는 게 굉장히 중요하다고 생각을 합니다.","expression":"c_value","category":"background"}],"summary":{"text":"많은 사람들이 개인화 돼 있고 핸드폰이나 개인 일상에 익숙해져 있다 보니 소통 능력이 부족한 사람들이 많이 늘어나고 있는 것 같습니다. 소통능력은 사람과 사람 사이의 관계이기 때문에 사람에 대한 마음가짐을 가지는 게 중요합니다. 그리고 실제로 소통 능력을 향상시키기 위해서는 다양한 사람들과 많이 교류하고 동호회나 모임을 통해서 소통 능력을 키워야 합니다.","wordCount":49}}},"rawDataInfo":{"question":{"fileFormat":"wav","fileSize":330958,"duration":10340,"samplingBit":16,"channelCount":1,"samplingRate":"16kHz","audioPath":"/Mock/01.Management/Female/Experienced/ckmk_q_bm_f_e_118849.wav"},"answer":{"fileFormat":"wav","fileSize":2750798,"duration":85960,"samplingBit":16,"channelCount":1,"samplingRate":"16kHz","audioPath":"/Mock/01.Management/Female/Experienced/ckmk_a_bm_f_e_118849.wav"}}}