{"version":"1.0","dataSet":{"info":{"date":"20230116","occupation":"BM","channel":"MOCK","place":"ONLINE","gender":"FEMALE","ageRange":"45-54","experience":"EXPERIENCED"},"question":{"raw":{"text":"본인이 역사 속에서 가장 존경하는 인물을 말씀해 주세요 그리고 그 인물을 왜 존경하는지 그 이유도 같이 말씀해 주세요","wordCount":18},"emotion":[],"intent":[]},"answer":{"raw":{"text":"저는 세종대왕이요. 네 그때 그까 왕 임에도 불구하고 왕이라는 신분임에도 불구하고 그 당시에 수많은 그 신하들이 대신들이 학자들이 모두가 그렇게 반대를 했는데 네 문자 창제 네 그런데 이제 진행을 하셨잖아요. 그래서 우리가 지금 이렇게 제가 쓰고 있고 그 언어를 그러니까 그 고집도 대단하지만 정말 정말 대단하고 존경스럽지만 또 그 결과물 그 작품이 뭐 그냥 네 예술품이면서 어떤 어떤 과학이 과학적인 어떤 발명품도 되는 그 대단함. 네 그런데 심지어 그게 백성들을 위한 마음에서 비롯된 것이었다는 저 그 탄생 배경 이 모든 게 다 그냥 어느 것 하나 아름답지 않은 부분이 없는 이야기이자 네 사실인 것 같아요. 진실.","wordCount":96},"emotion":[],"intent":[{"text":"","expression":"","category":"attitude"}],"summary":{"text":"세종대왕의 문자 창제는 그 고집도 대단하지만 예술품이면서 과학적인 발명품도 되는 대단함. 그런데 그것이 백성들을 위한 마음에서 비롯된 것이라는 그 탄생 배경 모두가 아름답지 않은 부분이 없는 이야기이자 사실인 것 같습니다.","wordCount":30}}},"rawDataInfo":{"question":{"fileFormat":"wav","fileSize":327758,"duration":10240,"samplingBit":16,"channelCount":1,"samplingRate":"16kHz","audioPath":"/Mock/01.Management/Female/Experienced/ckmk_q_bm_f_e_177715.wav"},"answer":{"fileFormat":"wav","fileSize":2882638,"duration":90080,"samplingBit":16,"channelCount":1,"samplingRate":"16kHz","audioPath":"/Mock/01.Management/Female/Experienced/ckmk_a_bm_f_e_177715.wav"}}}