{"version":"1.0","dataSet":{"info":{"date":"20230116","occupation":"BM","channel":"MOCK","place":"ONLINE","gender":"FEMALE","ageRange":"-34","experience":"EXPERIENCED"},"question":{"raw":{"text":"이전 직장을 그만둔 이유가 무엇인가요 그리고 현 직장도 같은 이유로 그만둘 가능성이 있을까요","wordCount":13},"emotion":[],"intent":[]},"answer":{"raw":{"text":"이전 직장을 그만둔 특별한 이유는 제가 그 곳에서는 더 이상 발전할 수 없다고 느꼈기 때문입니다. 왜냐하면 그 회사의 상황과 저의 상황을 맞추어 보았을 때 저는 아직 사회 초년생으로서 배워야 할 것도 많고 발전 가능성이 많고 더 더욱 성장하고 싶었습니다. 하지만 그 회사의 상황은 이제 경제적으로 좋지 않고 좋지 않은 상황에 머물러 있었고 근 몇 년 동안 비슷한 성과를 내고 있었습니다. 따라서 빠르게 변화하고 있는 시장 상황에서도 대처하고 대처하지 못했고 발전하고 있지 않다는 생각이 들었습니다. 따라서 저는 제가 더욱 성장하고 발전할 수 있는 이 회사에 지원하게 되었습니다. 저는 이 회사에 지원하게 된 이유가 발전 가능성이 많고 앞으로도 제가 성장할 기회가 많은 회사라고 생각했기 때문에 그러한 이유를 충족되는 곳이라고 생각해서 지원한 것이므로 저는 현 직장도 같은 이유로 그만 둘 가능성은 없다고 생각합니다. 감사합니다.","wordCount":121},"emotion":[],"intent":[{"text":"","expression":"","category":"attitude"}],"summary":{"text":"이전 직장을 그만둔 특별한 이유는 빠르게 변화하는 시장 상황에서도 대처하고 대처하지 못했고 발전하고 있지 않다는 생각이 들었기 때문입니다. 그러므로 더욱 성장하고 발전할 수 있는 이 회사에 지원하게 되었으며 현 직장도 같은 이유로 그만 둘 가능성은 없다고 생각합니다.","wordCount":37}}},"rawDataInfo":{"question":{"fileFormat":"wav","fileSize":363278,"duration":11350,"samplingBit":16,"channelCount":1,"samplingRate":"16kHz","audioPath":"/Mock/01.Management/Female/Experienced/ckmk_q_bm_f_e_180800.wav"},"answer":{"fileFormat":"wav","fileSize":2584078,"duration":80750,"samplingBit":16,"channelCount":1,"samplingRate":"16kHz","audioPath":"/Mock/01.Management/Female/Experienced/ckmk_a_bm_f_e_180800.wav"}}}