{"version":"1.0","dataSet":{"info":{"date":"20230116","occupation":"BM","channel":"MOCK","place":"ONLINE","gender":"FEMALE","ageRange":"35-44","experience":"EXPERIENCED"},"question":{"raw":{"text":"지원자님이 생각하시기에 좋은 회사의 덕목이 있으실 텐데요 이렇듯 좋은 회사의 덕목이 무엇이라고 생각하시나요 어떤 회사가 좋은 회사라고 생각하시는지 말씀해 주시길 바랍니다","wordCount":21},"emotion":[],"intent":[]},"answer":{"raw":{"text":"저는 사람을 중요하게 생각하는 회사가 어 좋은 회사라고 생각을 합니다. 기업은 이윤을 추구하기 위해 설립되어 졌지만 그 이윤을 추구하기 위해 열심히 일하는 것은 바로 근로자입니다. 근로자의 능력을 인정하고 최상으로 이끌어주며 그에 대한 보답을 충분히 해주는 것이 좋은 회사라고 생각을 합니다. 아무리 훌륭한 인재를 뽑아 놓고도 사람을 중요하게 생각하지 않는다면 근로자는 그저 소모품으로 소진되어 결국엔 회사에 이윤 추구에도 막대한 영향을 미치는 경우를 많이 보았습니다. 그렇기 때문에 저는 회사는 사람을 제일 중요시 여기는 회사가 좋은 회사라고 생각합니다.","wordCount":75},"emotion":[],"intent":[{"text":"","expression":"","category":"attitude"}],"summary":{"text":"좋은 회사는 근로자의 능력을 인정하고 최상으로 이끌어주며 그에 대한 보답을 충분히 해주는 것입니다. 아무리 훌륭한 인재를 뽑아 놓고도 사람을 중요하게 생각하지 않는다면 근로자는 소모품으로 소진되어 결국엔 회사에 이윤 추구에도 막대한 영향을 미칩니다.","wordCount":32}}},"rawDataInfo":{"question":{"fileFormat":"wav","fileSize":566478,"duration":17700,"samplingBit":16,"channelCount":1,"samplingRate":"16kHz","audioPath":"/Mock/01.Management/Female/Experienced/ckmk_q_bm_f_e_198461.wav"},"answer":{"fileFormat":"wav","fileSize":1568078,"duration":49000,"samplingBit":16,"channelCount":1,"samplingRate":"16kHz","audioPath":"/Mock/01.Management/Female/Experienced/ckmk_a_bm_f_e_198461.wav"}}}