{"version":"1.0","dataSet":{"info":{"date":"20230116","occupation":"BM","channel":"MOCK","place":"ONLINE","gender":"FEMALE","ageRange":"35-44","experience":"EXPERIENCED"},"question":{"raw":{"text":"일을 하면서 가장 어려울 것으로 예상되는 건 무엇인가요 갑작스런 예기치 못한 상황에 어떻게 대처할 것인지 함께 답변 부탁드립니다","wordCount":18},"emotion":[],"intent":[]},"answer":{"raw":{"text":"업무를 하면서 가장 어려운 점은 사람 사이의 관계인 것 같습니다. 상사라던가 아니면 동료들과의 관계가 보통 저는 원활한 편이긴 한데요. 다만 그래도 제가 의도하지 않게 프로젝트를 진행이 되다 보면 어 갈등이 빚어 질 수 있는 것 같습니다. 그래서 일하면서 가장 어려운 점은 사람과 사람 사이에 관계 그 관계를 잘 설정하고 또 원활하게 이어지게 하는 게 중요하다고 생각이 드는데요. 어 사실 그동안 저는 회사 업무를 진행하면서 어 갈등을 빚은 적은 거의 없습니다. 하지만 예전에 프로젝트를 진행을 하면서 팀원들 사이에 갈등이 빚어지는 경우가 있었는데요. 이럴 경우에 좀 적극적으로 대처를 했습니다. 아무래도 사람과 사람 사이의 관계는 감정적인 부분이 많이 섞였기 때문에 바로 그걸 해소하는 게 중요하다고 생각이 들고요. 그리고 무엇보다도 커뮤니케이션을 잘 해야 하는 것 같습니다. 그래서 수평적인 구조를 통해서 서로 존중하면서 어 상호 작용할 수 있도록 하는 게 가장 중요하다고 생각을 합니다.","wordCount":129},"emotion":[],"intent":[{"text":"","expression":"","category":"attitude"}],"summary":{"text":"업무 중 사람과 사람 사이의 관계를 설정하고 원활하게 이어지는 것이 가장 어렵습니다. 감정적인 부분을 바로 해소하는 게 중요하고 무엇보다 커뮤니케이션을 잘 해야 하는 것 같습니다. 수평적인 구조를 통해서 서로 존중하면서 상호 작용할 수 있도록 하는 게 가장 중요하다고 생각합니다.","wordCount":39}}},"rawDataInfo":{"question":{"fileFormat":"wav","fileSize":396878,"duration":12400,"samplingBit":16,"channelCount":1,"samplingRate":"16kHz","audioPath":"/Mock/01.Management/Female/Experienced/ckmk_q_bm_f_e_107839.wav"},"answer":{"fileFormat":"wav","fileSize":2365518,"duration":73920,"samplingBit":16,"channelCount":1,"samplingRate":"16kHz","audioPath":"/Mock/01.Management/Female/Experienced/ckmk_a_bm_f_e_107839.wav"}}}