{"version":"1.0","dataSet":{"info":{"date":"20230116","occupation":"BM","channel":"MOCK","place":"ONLINE","gender":"FEMALE","ageRange":"35-44","experience":"EXPERIENCED"},"question":{"raw":{"text":"면접자님은 이전 직장을 그만둔 특별한 이유가 있습니까 그리고 지금 다니는 직장도 같은 이유로 똑같은 이유로 그만둘 가능성이 있는지 이야기를 해주실 수 있겠습니까","wordCount":22},"emotion":[],"intent":[]},"answer":{"raw":{"text":"아 이전 직장을 그만둔 계기에 대해서 말씀드리겠습니다. 어 이전 직장을 가장 그만두게 된 큰 계기는 어 매너리즘이었습니다. 매너리즘에 빠지다 보니까 어 내일 할 일 일 주일 뒤에 할 일 한 달에 뒤에 모습 일 년 뒤에 회사의 모습이 눈에 다 그려지다 보니까 아 이게 점점 몸이 편하게 행동이 하게 되고 어 열정도 없어지게 되고 그냥 시간 때우다가 퇴근하는 나의 모습을 보게 됐을 때 아 이거는 회사에서도 손해지만 내 개인에 대해서도 손해구나 배우는 게 없구나 이 생각이 들었을 때 그만두기로 결심을 했었습니다. 그래서 인제 쪼금은 더 큰 회사를 지원하게 되었는데 어 여기서는 제가 배울 게 정말 많다고 생각합니다. 그러면 다시 제 열정이 나올 것이고 그 열정을 통한 저도 배움이 있을 것이고 또 저의 그 전에 있던 경험을 통한 그런 것들이 회사에 대해서 도움이 될 것이고 또 그런 것들이 조화를 이루면 회사의 이익 창출까지 갈 수 있다고 생각하고 있습니다. 그런 부분에서 이제 제일 중요 그만두게 된 중요한 이유였던 것 같습니다. 네 이상입니다.","wordCount":150},"emotion":[],"intent":[{"text":"","expression":"","category":"attitude"}],"summary":{"text":"이전 직장을 그만둔 가장 큰 계기는 매너리즘이었습니다. 매너리즘에 빠지다 보니 몸이 편하게 행동하게 되고 열정도 없어지게 되었습니다. 그래서 좀 더 큰 회사를 지원하게 되었는데 여기서는 제가 배울 게 정말 많다고 생각합니다. 그러한 것들이 조화를 이루면 회사의 이익 창출까지 갈 수 있다고 생각하고 있습니다.","wordCount":43}}},"rawDataInfo":{"question":{"fileFormat":"wav","fileSize":564558,"duration":17640,"samplingBit":16,"channelCount":1,"samplingRate":"16kHz","audioPath":"/Mock/01.Management/Female/Experienced/ckmk_q_bm_f_e_101799.wav"},"answer":{"fileFormat":"wav","fileSize":2721998,"duration":85060,"samplingBit":16,"channelCount":1,"samplingRate":"16kHz","audioPath":"/Mock/01.Management/Female/Experienced/ckmk_a_bm_f_e_101799.wav"}}}