{"version":"1.0","dataSet":{"info":{"date":"20230116","occupation":"BM","channel":"MOCK","place":"ONLINE","gender":"FEMALE","ageRange":"-34","experience":"EXPERIENCED"},"question":{"raw":{"text":"지원자님께서 오늘 면접을 준비하려고 고생을 많이 하셨을 것 같은데요 본인은 어떤 스타일로 면접을 미리 대비하셨는지 궁금합니다","wordCount":16},"emotion":[],"intent":[]},"answer":{"raw":{"text":"네 저는 면접을 준비한다고 우선은 말을 또박또박하게 하는 연습을 했습니다. 아무래도 말을 또박또박하게 하면 상대방이 들었을 때 기억에 남기 쉽겠다 라고 생각했고요. 그리고 말을 할 때도 조금은 빠르지 않게 천천히 하려도 하려고 노력하는 편입니다. 사실 긴장을 하면 말이 조금 빨라지는데요. 그럼에도 불구하고 내가 말이 빠르다 싶으면 조금 자각하면서 천천히 하도록 네 그런 연습을 했습니다. 그리고 아무래도 면접을 보기 위해서 사전조사라든지 그런 자료 같은 거는 예전부터 제가 공부에 뒀었던 그것들을 활용을 했고요. 그리고 사람들이 사람들이 아니라 면접관님에게 말을 잘하기 위해서는 아무래도 많은 커뮤니케이션이 있어야겠다 라는 생각이 들었습니다. 그래서 면접의 상황들을 제가 몇 가지 예시를 들어서 제가 스스로 말하는 연습을 했습니다. 그래서 아무래도 말이 조금 막히거나 아예 못하는 것보다는 어느 정도 지금 유동적으로 답변할 수 있었던 좋은 계기가 됐던 것 같습니다.","wordCount":119},"emotion":[],"intent":[{"text":"","expression":"","category":"attitude"}],"summary":{"text":"저는 면접을 준비하면서 말을 또박또박하게 하면서도 천천히 하려고 노력하고 사전조사와 많은 커뮤니케이션을 했습니다. 면접관님에게 말을 잘하기 위해서는 많은 커뮤니케이션이 있어야겠다 라는 생각을 했고, 면접의 상황들을 제가 스스로 말하는 연습을 해서 유동적으로 답변할 수 있었던 좋은 계기가 됐습니다.","wordCount":37}}},"rawDataInfo":{"question":{"fileFormat":"wav","fileSize":345038,"duration":10780,"samplingBit":16,"channelCount":1,"samplingRate":"16kHz","audioPath":"/Mock/01.Management/Female/Experienced/ckmk_q_bm_f_e_168993.wav"},"answer":{"fileFormat":"wav","fileSize":2244558,"duration":70140,"samplingBit":16,"channelCount":1,"samplingRate":"16kHz","audioPath":"/Mock/01.Management/Female/Experienced/ckmk_a_bm_f_e_168993.wav"}}}