{"version":"1.0","dataSet":{"info":{"date":"20230116","occupation":"BM","channel":"MOCK","place":"ONLINE","gender":"FEMALE","ageRange":"35-44","experience":"EXPERIENCED"},"question":{"raw":{"text":"어 기본 지식에 대한 질문을 좀 드릴게요 저희가 멀티채널이 있고 옴니채널이 있는데요 그 각자의 개념과 어떤 그 두 개의 차이점에 대해서 아시는 대로 좀 말씀 부탁드립니다","wordCount":26},"emotion":[],"intent":[]},"answer":{"raw":{"text":"네 제가 아는 멀티 채널과 옴니 채널의 개념에 대해서 설명을 드리도록 하겠습니다. 어 일단 멀티 채널이라고 하는 것은 여러 가지 분야 그리고 종합적으로 다닌 다루는 멀리 채널을 의미하구요. 옴니 채널은 하나의 채널에 하나의 분야 그리고 하나의 특정한 것을 어 추구하는 거라는 개념으로 저는 알고 있습니다. 어 각각의 개념의 차이도 있고 장단점이 있을 텐데요. 일단 멀티 채널 같은 경우에는 여러 가지 분야를 다루고 또 여러 가지 루트로 방향성을 가지고 있기 때문에 좀 보완이 이루어질 것 같습니다. 한 분야에서 전문성이 없으면 다른 점에서 보완이 될 수도 있고 또 사람에 따라서 이렇게 여러 가지를 추구하는 사람이 있으면 그 채널에 모일 수 있는 사람들이 많을 것 같습니다. 어 옴니 채널 같은 경우에는 딱 한 가지 정도를 집중해서 하기 때문에 그 분야를 정말 잘 하는 전문가가 해야 된다고 생각을 하는데요. 만약에 그 분야의 전문가가 아니고 전문성이 떨어져 보인다고 했을 경우에는 이탈이 발생할 수 있습니다. 그래서 옴니 채널은 조금 더 심도 깊고 그리고 전문적인 채널로 성장해야 한다고 생각을 하는데요. 어 각각의 사업마다 본인의 특성이 다르기 때문에 어떤 채널이 맞는지 그 방향성에 대해서 잘 생각을 해야 한다고 생각합니다.","wordCount":171},"emotion":[],"intent":[{"text":"","expression":"","category":"attitude"}],"summary":{"text":"멀티 채널은 여러 가지 분야, 종합적으로 다닌 다루는 멀리 채널을 의미하고, 옴니 채널은 하나의 채널에 하나의 분야, 하나의 특정한 것을 추구하는 거라는 개념으로 알고 있습니다. 어 각각의 사업마다 본인의 특성이 다르기 때문에 어떤 채널이 맞는지 그 방향성에 대해서 잘 생각을 해야 한다고 생각합니다.","wordCount":43}}},"rawDataInfo":{"question":{"fileFormat":"wav","fileSize":485838,"duration":15180,"samplingBit":16,"channelCount":1,"samplingRate":"16kHz","audioPath":"/Mock/01.Management/Female/Experienced/ckmk_q_bm_f_e_120636.wav"},"answer":{"fileFormat":"wav","fileSize":2841038,"duration":88780,"samplingBit":16,"channelCount":1,"samplingRate":"16kHz","audioPath":"/Mock/01.Management/Female/Experienced/ckmk_a_bm_f_e_120636.wav"}}}