{"version":"1.0","dataSet":{"info":{"date":"20230116","occupation":"BM","channel":"MOCK","place":"ONLINE","gender":"FEMALE","ageRange":"45-54","experience":"EXPERIENCED"},"question":{"raw":{"text":"일을 하게 되면 중국으로 출장을 갈 일이 조금 생길 수도 있습니다 그 빈도수도 굉장히 잦을 수 있구요 중국 출장도 괜찮으실까요","wordCount":20},"emotion":[],"intent":[]},"answer":{"raw":{"text":"당연히 해야죠. 저는 어 전에 했던 사업으로 인해서 중국에서의 경험이 조금 많습니다. 그래서 만약 이 회사가 그 중국 쪽에 사업을 넓히는 것에 관심이 있다면 제가 제 경험을 살려서 그 노하우를 공유할 수 있을 것 같고 생각보다 제가 그 전에 회사에서 중국 사업에 굉장히 많은 역할을 차지해서 일을 했었기 때문에 꽤 거기서 일하는 것에 대해서 어 더 유연하게 참여할 수 있을 것 같습니다. 그래서 저는 뭐 출장도 되게 좋아하는 편이기 때문에 이런 부분들은 저한테 적극적으로 업무를 맡겨 주셔도 좋을 것 같습니다.","wordCount":80},"emotion":[],"intent":[{"text":"","expression":"","category":"attitude"}],"summary":{"text":"이 회사가 중국에 사업을 넓히는 것에 관심이 있다면 제 경험을 살려서 노하우를 공유할 수 있을 것이고, 중국 사업에 대해 유연하게 참여할 수 있을 것 같습니다.","wordCount":25}}},"rawDataInfo":{"question":{"fileFormat":"wav","fileSize":446478,"duration":13950,"samplingBit":16,"channelCount":1,"samplingRate":"16kHz","audioPath":"/Mock/01.Management/Female/Experienced/ckmk_q_bm_f_e_102773.wav"},"answer":{"fileFormat":"wav","fileSize":1669198,"duration":52160,"samplingBit":16,"channelCount":1,"samplingRate":"16kHz","audioPath":"/Mock/01.Management/Female/Experienced/ckmk_a_bm_f_e_102773.wav"}}}