{"version":"1.0","dataSet":{"info":{"date":"20230116","occupation":"BM","channel":"MOCK","place":"ONLINE","gender":"FEMALE","ageRange":"55-","experience":"EXPERIENCED"},"question":{"raw":{"text":"전공 외에 자신의 실력이 수준급이 될 정도로 노력해 보신 것이 있나요 있다면 무엇이고 전공과 관련 어떤 도움이 됐는지 말씀해 주세요","wordCount":20},"emotion":[],"intent":[]},"answer":{"raw":{"text":"네 어 전공외에 수준급의 실력이 될 정도로 노력한 것이 있냐고 말씀을 하셨는데요. 저의 전공은 화학이었습니다. 화학은 어 뭐 물리학 뭐 유기화학 무기화학 그 생화학 여러 가지가 있는데요. 사실 이쪽 화학 쪽이 저한테 전공이 딱 들어 맞는다고 생각은 하지 않았습니다. 그래서 그 전공과 함께 제가 조금 더 힘이 있다면 어떤 걸 더 잘 한다면 좀 더 발전 가능성이 있는 것이 무엇일까 라고 생각을 했을 때 저는 영어라고 생각을 했습니다. 그래서 영어는 어 세계적인 언어라고 봐도 무방하다고 생각을 하구요. 그래서 그때부터 영어 회화 공부를 어 어 대학교 일 학년부터 한 십 년간 한 경험이 있습니다. 그래서 영어 회화 가능자가 되었고 그다음에 토익 점수도 어느정도 많이 올렸기 때문에 제가 그 이후로 취직을 해서 어 열심히 또 회사생활을 한 경험도 있구요. 그래서 저는 영어 회화가 아 아 저의 전공과 관련해서 되게 많이 도움을 주었다고 생각합니다. 영어는 무슨 전공과 관련해서 좀 더 잘하는 것이 아 본인들한테 대개 최선의 효과를 본다고 생각합니다.","wordCount":146},"emotion":[{"text":"저의 전공은 화학이었습니다.","expression":"u-fact","category":"neutral"}],"intent":[{"text":"저의 전공은 화학이었습니다.","expression":"c_private","category":"background"},{"text":"그래서 그때부터 영어 회화 공부를 어 어 대학교 일 학년부터 한 십 년간 한 경험이 있습니다.","expression":"c_chl","category":"personality"},{"text":"그래서 영어 회화 가능자가 되었고 그다음에 토익 점수도 어느정도 많이 올렸기 때문에 제가 그 이후로 취직을 해서 어 열심히 또 회사생활을 한 경험도 있구요.","expression":"c_chl","category":"personality"}],"summary":{"text":"영어는 세계적인 언어다 볼 수 있고, 대학교 일학년부터 한 십 년간 영어 회화 공부를 한 경험이 있습니다. 토익 점수도 어느정도 올려 회사생활을 한 경험도 있고 전공과 관련해서 많이 도움을 주었다고 생각합니다. 영어는 전공과 관련해 잘하는 것이 본인의 전공에 최선의 효과를 본다고 생각합니다.","wordCount":42}}},"rawDataInfo":{"question":{"fileFormat":"wav","fileSize":639438,"duration":19980,"samplingBit":16,"channelCount":1,"samplingRate":"16kHz","audioPath":"/Mock/01.Management/Female/Experienced/ckmk_q_bm_f_e_217735.wav"},"answer":{"fileFormat":"wav","fileSize":2833998,"duration":88560,"samplingBit":16,"channelCount":1,"samplingRate":"16kHz","audioPath":"/Mock/01.Management/Female/Experienced/ckmk_a_bm_f_e_217735.wav"}}}