{"version":"1.0","dataSet":{"info":{"date":"20230116","occupation":"BM","channel":"MOCK","place":"ONLINE","gender":"FEMALE","ageRange":"35-44","experience":"EXPERIENCED"},"question":{"raw":{"text":"스트레스를 받으면 주로 어떻게 하시나요 또한 왜 그런 방법으로 스트레스를 해소하시는지 이유와 함께 말씀해 주실 수 있을까요","wordCount":17},"emotion":[],"intent":[]},"answer":{"raw":{"text":"저는 스트레스를 받게 되면은 저는 혼자만의 시간을 갖는 편입니다. 저는 조금 내향적인 성격을 가지고 있기 때문에 혼자 조용히 나만의 시간을 가지고 있으면 진정이 되는 편입니다. 혼자서 티비를 보거나 음악을 듣거나 책을 읽으면 스트레스 받았던 일들이 기억 속에서 사라지게 됩니다. 저는 스트레스를 오랫동안 저를 괴롭히지 않는 편이기 때문에 조금 빠르게 회복하는 편입니다. 어 그리고 저는 오히려 스트레스 받는 일들을 남들하고 얘기하면서 풀게 되면은 그 여운이 조금 더 오래 남는 편이고 말했던 것을 후회핸 적이 많았기 때문에 저는 누군가와 스트레스를 풀기보다는 제 스스로 조용히 해결하려고 하는 편이기 합니다.","wordCount":86},"emotion":[],"intent":[{"text":"저는 조금 내향적인 성격을 가지고 있기 때문에 혼자 조용히 나만의 시간을 가지고 있으면 진정이 되는 편입니다.","expression":"c_person","category":"background"}],"summary":{"text":"스트레스 받으면 혼자 조용히 나만의 시간을 가지면 진정이 되는 편입니다. 스트레스 받는 일들을 남들하고 얘기하면서 풀게 되면은 그 여운이 조금 더 오래 남고 말했던 것을 후회핸 적이 많았기 때문에 제 스스로 조용히 해결하려고 하는 편이기 합니다.","wordCount":36}}},"rawDataInfo":{"question":{"fileFormat":"wav","fileSize":584398,"duration":18260,"samplingBit":16,"channelCount":1,"samplingRate":"16kHz","audioPath":"/Mock/01.Management/Female/Experienced/ckmk_q_bm_f_e_237319.wav"},"answer":{"fileFormat":"wav","fileSize":1584718,"duration":49520,"samplingBit":16,"channelCount":1,"samplingRate":"16kHz","audioPath":"/Mock/01.Management/Female/Experienced/ckmk_a_bm_f_e_237319.wav"}}}