{"version":"1.0","dataSet":{"info":{"date":"20230116","occupation":"BM","channel":"MOCK","place":"ONLINE","gender":"FEMALE","ageRange":"45-54","experience":"EXPERIENCED"},"question":{"raw":{"text":"입사 후 쉬운 일 어려운 일이 있을 때 이 일에 대한 분배를 어떻게 하실 건가요 어떻게 나눠서 처리하실 생각이신지도 궁금합니다","wordCount":20},"emotion":[],"intent":[]},"answer":{"raw":{"text":"저 같은 경우에는 여러 가지 업무들을 다양하게 실행을 해야 될 때 쉬운 일보다는 어려운 일을 주로 할 것 같습니다. 그 이유는 우리가 한정된 시간 내에서 일에 일을 빠르게 분배해야 하는데요. 보통 어려운 일 같은 경우에는 시간이 많이 필요하게 될 때가 있습니다. 그래서 저 같은 경우에는 시간 관리를 쫌 더 잘하기 위해서 어려운 일 그리고 신속한 일들을 우선순위에 가장 앞에 놓고 이 일들을 가장 빠르게 먼저 해결하곤 합니다. 그리고 나서 시간이 비게 되면 어 내가 지금 빠르게 할 수 있는 그런 쉬운 일들을 해결해 놓곤 합니다. 이 과정에서 가장 중요한 것은 내가 스케줄을 잘 관리하는 능력이라고 생각을 하는데요. 저 같은 경우에는 다이어리를 놓고 내가 지금 오늘 해야 될 일을 시간 순서대로 한 번 분류를 하고 또 체크 리스트를 통해서 내가 어디 만큼 일을 진행하고 있는지를 한번 자주 체킹하는 편입니다.","wordCount":128},"emotion":[],"intent":[{"text":"그래서 저 같은 경우에는 시간 관리를 쫌 더 잘하기 위해서 어려운 일 그리고 신속한 일들을 우선순위에 가장 앞에 놓고 이 일들을 가장 빠르게 먼저 해결하곤 합니다.","expression":"m_sche","category":"technology"},{"text":"저 같은 경우에는 다이어리를 놓고   내가 지금 오늘 해야 될 일을 시간 순서대로 한 번 분류를 하고 또 체크 리스트를 통해서   내가 어디 만큼 일을 진행하고 있는지를 한번 자주 체킹하는 편입니다.","expression":"m_sche","category":"technology"}],"summary":{"text":"저 같은 경우는 한정된 시간 내에 일을 빠르게 분배해야 하기 때문에 쉬운 일보다는 어려운 일을 주로 할 것 같습니다. 이 과정에서 가장 중요한 것은 제가 일정을 잘 관리하는 능력이라고 생각하는데, 저 같은 경우에는 다이어리를 놓고 업무일을 시간순으로 분류하고 체크리스트를 자주 체킹합니다.","wordCount":41}}},"rawDataInfo":{"question":{"fileFormat":"wav","fileSize":418638,"duration":13080,"samplingBit":16,"channelCount":1,"samplingRate":"16kHz","audioPath":"/Mock/01.Management/Female/Experienced/ckmk_q_bm_f_e_184681.wav"},"answer":{"fileFormat":"wav","fileSize":2599758,"duration":81240,"samplingBit":16,"channelCount":1,"samplingRate":"16kHz","audioPath":"/Mock/01.Management/Female/Experienced/ckmk_a_bm_f_e_184681.wav"}}}