{"version":"1.0","dataSet":{"info":{"date":"20230116","occupation":"BM","channel":"MOCK","place":"ONLINE","gender":"FEMALE","ageRange":"35-44","experience":"EXPERIENCED"},"question":{"raw":{"text":"어 스트레스를 해소하는 데는 여러 가지 방법이 있을 수가 있겠죠 어 나만의 스트레스 해소법 만약에 있다면 어 그런 방법으로 어 왜 스트레스를 해소하는지도 말씀해 주시기 바랍니다","wordCount":26},"emotion":[],"intent":[]},"answer":{"raw":{"text":"저의 스트레스 해소법은 달리기 마라톤입니다. 저는 기본적으로 달리기를 할 때 가장 행복하고 스트레스가 풀리는 것 같습니다. 사실 저도 업무를 하고 일상생활을 보내다 보면 스트레스가 쌓일 수가 있는데요. 그런데 이 스트레스를 잘 해소하는 게 중요하다고 생각을 했습니다. 어 저도 스트레스를 해소하기 위해서 여러 가지 취미 생활을 해봤습니다. 그 결과 달리기가 저의 거 적성에 가장 잘 맞았는데요. 저는 산이나 들 아니면 한강 등 여러 곳을 달리다 보면 제 기분도 좋아지고요. 또 건강해지면서 자연스럽게 스트레스가 해소되는 것 같습니다. 어 달리기는 건강에 굉장히 좋을 뿐만이 아니라요. 어 공기 호흡에도 좋고 또 여러 가지로 도움이 되는 점이 많은데요. 그런 면에서 저는 매주 달리기를 꾸준히 하고 있습니다. 그리고 장소를 변경해 가면서 여러 곳을 달려볼려고 하는데요. 각자의 풍경도 다르고 또 상황도 다르기 때문에 이런 점들을 즐기면서 달리기 마라톤을 즐겨 하고 있습니다.","wordCount":124},"emotion":[{"text":"저는 기본적으로   달리기를 할 때 가장 행복하고 스트레스가 풀리는 것 같습니다.","expression":"p-happiness","category":"positive"}],"intent":[{"text":"","expression":"","category":"attitude"}],"summary":{"text":"업무와 일상생활의 스트레스를 해소하기 위해 달리기를 할 때가 가장 행복하고 스트레스 해소법이 됩니다. 달리기가 적성에 맞았고, 건강에도 좋고 공기 호흡에도 도움이 되어 매일 꾸준히 하고 있습니다. 또한 각자의 풍경과 상황들을 즐기면서 달리기 마라톤을 즐겨 합니다.","wordCount":35}}},"rawDataInfo":{"question":{"fileFormat":"wav","fileSize":606798,"duration":18960,"samplingBit":16,"channelCount":1,"samplingRate":"16kHz","audioPath":"/Mock/01.Management/Female/Experienced/ckmk_q_bm_f_e_108766.wav"},"answer":{"fileFormat":"wav","fileSize":2485838,"duration":77680,"samplingBit":16,"channelCount":1,"samplingRate":"16kHz","audioPath":"/Mock/01.Management/Female/Experienced/ckmk_a_bm_f_e_108766.wav"}}}