{"version":"1.0","dataSet":{"info":{"date":"20230116","occupation":"BM","channel":"MOCK","place":"ONLINE","gender":"FEMALE","ageRange":"-34","experience":"EXPERIENCED"},"question":{"raw":{"text":"입사 후에 근무를 하면서 본인이 지원한 분야가 지원자님과 잘 맞지 않는다는 사실을 깨닫게 된다면 어떻게 하실 생각이십니까","wordCount":17},"emotion":[],"intent":[]},"answer":{"raw":{"text":"입사 후 근무를 하면서 제가 지원한 부분 부분이 분야가 저의 성향과 잘 맞지 않는 사실을 깨달을 수 있다고 생각합니다. 하지만 저는 제가 지원한 분야가 제가 생각한 부분에 있어서 많이 다를 수 있다는 사실을 인지하고 있습니다. 실제로 상상과 현실의 이상의 괴리는 상당히 멀듯이 저는 현실과 이상이 다르더라도 그 사실을 겸허히 받아들이고 제가 어떤 식으로 극복해 나갈 수 있는지 제가 그 상황에서도 배울 점은 무엇이 있는지 그리고 제가 맞지 않는 상황 속에서도 그 점을 극복해서 저의 능력치를 끌어오려는 끌어올리는 것에 대해서 더 집중할 것입니다. 저는 제가 잘 맞지 않는 성향을 가졌다 하더라도 그 상황 속에서 잘 적응하고 변화에 대처하도록 노력하는 것이 저의 역량을 키우는 것이라고 생각하기 때문에 저와 맞지 않는다는 이유로 도망치거나 물러서지 않고 그 상황 속에서 저 자신을 높이고 키우기 위해서 더욱더 노력할 것입니다. 감사합니다.","wordCount":124},"emotion":[],"intent":[{"text":"","expression":"","category":"attitude"}],"summary":{"text":"입사 후 근무를 하면서 제가 지원한 분야가 제 성향과 잘 맞지 않는 사실을 깨달을 수 있다고 생각합니다. 하지만 저는 제가 생각한 부분이 제가 생각한 부분과 많이 다를 수 있다는 사실을 인지하고 있습니다. 그 사실을 겸허히 받아들이고 그 상황에서도 배울 점은 무엇이 있는지 그리고 그 점을 극복해서 저의 능력치를 끌어오려는 것에 대해서 더 집중할 것입니다.","wordCount":54}}},"rawDataInfo":{"question":{"fileFormat":"wav","fileSize":588238,"duration":18380,"samplingBit":16,"channelCount":1,"samplingRate":"16kHz","audioPath":"/Mock/01.Management/Female/Experienced/ckmk_q_bm_f_e_180535.wav"},"answer":{"fileFormat":"wav","fileSize":2583118,"duration":80720,"samplingBit":16,"channelCount":1,"samplingRate":"16kHz","audioPath":"/Mock/01.Management/Female/Experienced/ckmk_a_bm_f_e_180535.wav"}}}