{"version":"1.0","dataSet":{"info":{"date":"20230116","occupation":"BM","channel":"MOCK","place":"ONLINE","gender":"FEMALE","ageRange":"35-44","experience":"EXPERIENCED"},"question":{"raw":{"text":"오늘 면접 준비하느라 고생 많이 하셨을 텐데 지원자님께서 어떤 방식으로 면접을 준비하셨는지 궁금합니다","wordCount":13},"emotion":[],"intent":[]},"answer":{"raw":{"text":"예 우선 면접에 기회를 주셔서 너무나 감사합니다. 저는 회사 취업 준비를 하면서 면접 스터디에 가입을 했습니다. 저와 비슷한 또래에 또 비슷한 분야에 지원하는 멤버들을 모여서 예상 모의 면접을 실시하여 실전에서 막힘없이 답변할 수 있도록 준비를 했습니다. 아무래도 혼자서 하는 것보다는 다른 사람들과 함께 연습을 하다 보니 제가 부족한 점이 무엇인지 또 어떤 점을 개선해야 되는지 객관적으로 판단하는 기준이 생겼고 다른 멤버들이 하는 것을 보면서 아 이런 점은 조금 배워서 참고를 해야겠다 또는 아 저런 부분은 조금 고쳐야겠다 등등 멤버 모두 좀 더 나은 방향으로 진행할 수 있게 트레이닝을 하였습니다. 그리고 제가 지원하는 분야에 전문저신잉 전문적인 지식을 파악하고 또 현재에 이슈되는 것을 놓치지 않기 위해서 매일매일 뉴스도 보고 기사를 접하면서 전반적인 사회 문제 경제 문제 등을 파악하고 있었습니다.","wordCount":117},"emotion":[{"text":"저는 회사 취업 준비를 하면서 면접 스터디에 가입을 했습니다.","expression":"u-fact","category":"neutral"}],"intent":[{"text":"","expression":"","category":"attitude"}],"summary":{"text":"저는 회사 취업 준비를 하면서 면접 스터디에 가입하고 예상 모의 면접을 실시하여 막힘없이 답변할 수 있도록 준비를 했습니다. 다른 사람들과 함께 연습하다 보니 객관적으로 판단하는 기준이 생겼고 멤버 모두 좀 더 나은 방향으로 진행할 수 있게 트레이닝을 하였습니다.","wordCount":38}}},"rawDataInfo":{"question":{"fileFormat":"wav","fileSize":346958,"duration":10840,"samplingBit":16,"channelCount":1,"samplingRate":"16kHz","audioPath":"/Mock/01.Management/Female/Experienced/ckmk_q_bm_f_e_237317.wav"},"answer":{"fileFormat":"wav","fileSize":2053518,"duration":64170,"samplingBit":16,"channelCount":1,"samplingRate":"16kHz","audioPath":"/Mock/01.Management/Female/Experienced/ckmk_a_bm_f_e_237317.wav"}}}