{"version":"1.0","dataSet":{"info":{"date":"20230116","occupation":"BM","channel":"MOCK","place":"ONLINE","gender":"FEMALE","ageRange":"-34","experience":"EXPERIENCED"},"question":{"raw":{"text":"지원자님은 개인적으로 공부를 어떻게 하고 계시나요 강의나 책을 활용해서 공부를 하고 계시다고 하면 그 상황에 대해서 한 번 말씀해 주셔도 좋습니다","wordCount":21},"emotion":[],"intent":[]},"answer":{"raw":{"text":"저는 최근에 열심히 하고 있는 분야가 있습니다. 어 지금 최근에 이제 재무제표와 관련된 공부를 많이 하고 있는데요. 아무래도 기업의 평가를 어 객관적으로 하기 위해서는 이 재무제표를 잘 보고 읽을 수 있어야 된다고 생각을 합니다. 어 사실 제가 뭐 경영학을 전공하지는 않았기 때문에 전문적으로 알지는 못하고 업무를 하면서 대략적으로 알게 됐는데요. 하지만 이제 제가 업무를 조금 더 깊이 알고 또 어 위쪽으로 이제 직급이 올라갈수록 어 이거를 조금 더 제가 자세히 알고 잘 안다고 하면 이제 후배들에게도 알려줄 수 있고 저도 일을 능숙하게 할 수 있을 것이라는 생각이 들었습니다. 그래서 제가 조금 더 전문적으로 공부해 보기 위해서 스터디에 가입을 했구요. 그 스터디에서는 재무제표뿐만이 아니라 여러 가지의 사무 경영과 관련된 어 스터디를 하는 모임입니다. 그래서 제가 매주 나와서 거기서 이제 실제로 업무를 하고 있는 사람들과 업무에 대한 이야기도 하고요 그리고 일에 필요한 직무를 좀 공부하고 배우고 있습니다. 어 사실 이렇게 여러 가지 이제 공부를 활용하다 보니까 어 제 스스로 또 발전할 수 있는 계기가 되는 것 같고요. 저에게 다른 업무를 맡겨주시던 아니면 이 직무를 맡겨 주시던 간에 여러 가지로 활용할 수 있을 것 같다 라는 생각이 들었습니다.","wordCount":175},"emotion":[],"intent":[{"text":"","expression":"","category":"attitude"}],"summary":{"text":"기업의 평가를 객관적으로 하기 위해 재무제표를 잘 보고 읽을 수 있어야 한다고 생각합니다. 업무를 하면서 대략적으로 알게 됐는데, 업무를 깊이 알고 직급이 올라갈수록 업무를 능숙하게 할 수 있을 것이라는 생각이 들었습니다. 전문적으로 공부해 보기 위해서 스터디에 가입했고, 여기서 업무를 하고 있는 사람들과 업무에 대한 얘기를 하고 업무에 필요한 직무를 배우고 있습니다.","wordCount":51}}},"rawDataInfo":{"question":{"fileFormat":"wav","fileSize":383118,"duration":11970,"samplingBit":16,"channelCount":1,"samplingRate":"16kHz","audioPath":"/Mock/01.Management/Female/Experienced/ckmk_q_bm_f_e_140166.wav"},"answer":{"fileFormat":"wav","fileSize":2751118,"duration":85970,"samplingBit":16,"channelCount":1,"samplingRate":"16kHz","audioPath":"/Mock/01.Management/Female/Experienced/ckmk_a_bm_f_e_140166.wav"}}}