{"version":"1.0","dataSet":{"info":{"date":"20230116","occupation":"BM","channel":"MOCK","place":"ONLINE","gender":"FEMALE","ageRange":"-34","experience":"EXPERIENCED"},"question":{"raw":{"text":"지원자님 일을 하다 보면 상사와 트러블이 생길 일이 많은데요 지원자님은 어떻게 할 것입니까 또 상사가 혼내면 기분 나쁘지 않으실까요 설명 부탁드립니다","wordCount":21},"emotion":[],"intent":[]},"answer":{"raw":{"text":"물론 이런 트러블 상황 자체는 매우 스트레스 받는 상황이고 어 기쁜 상황은 아니겠지만 상사와 이런 트러블이 생긴다는 것 자체가 음 저희가 굉장히 일을 역동적으로 하고 있다는 신호이기 때문에 좀 스트레스 받고 어렵겠지만 어 굉장히 긍정적으로 받아들일 것 같습니다. 그리고 상사와 트러블이 생길 때는 어떤 개인적인 문제가 아니고 저희가 일을 좀 더 잘해보고자 할 때 나오는 어떤 일들이기 때문에 저에 대한 인신공격이 아니지 않습니까. 그래서 어떤 업무를 하는 데 있어서 좀 더 저에게 더 잘 하라는 아니면 제가 더 잘 될 수 있게끔 하는 조언의 말들이 많이 있을 수 있다고 생각하기 때문에 음 좀 스트레스는 받을 수 있더라도 겸허히 받아들일 것 같습니다.","wordCount":101},"emotion":[],"intent":[{"text":"","expression":"","category":"attitude"}],"summary":{"text":"상사와 트러블은 굉장히 긍정적으로 받아들일 것 같습니다. 그리고 저에 대한 인신공격이 아니고 어떤 업무를 하는 데 있어서 좀 더 잘 하라는 조언의 말들이 많이 있을 수 있다고 생각하기 때문에 스트레스는 받을 수 있어도 겸허히 받아들일 것입니다.","wordCount":36}}},"rawDataInfo":{"question":{"fileFormat":"wav","fileSize":440398,"duration":13760,"samplingBit":16,"channelCount":1,"samplingRate":"16kHz","audioPath":"/Mock/01.Management/Female/Experienced/ckmk_q_bm_f_e_173520.wav"},"answer":{"fileFormat":"wav","fileSize":1613838,"duration":50430,"samplingBit":16,"channelCount":1,"samplingRate":"16kHz","audioPath":"/Mock/01.Management/Female/Experienced/ckmk_a_bm_f_e_173520.wav"}}}