{"version":"1.0","dataSet":{"info":{"date":"20230116","occupation":"BM","channel":"MOCK","place":"ONLINE","gender":"FEMALE","ageRange":"-34","experience":"EXPERIENCED"},"question":{"raw":{"text":"사람마다 각각의 성향이 있다고 생각합니다 지원자님께서는 본인 스스로 숫자와 창의 이 둘 중에 어떤 쪽에 더 가깝다고 생각하십니까 이유도 함께 말씀해 주세요","wordCount":22},"emotion":[],"intent":[]},"answer":{"raw":{"text":"저는 스스로가 창의에 더 가깝다고 생각합니다. 왜냐하면 저는 수치로 표현하기에는 어려운 사람이라고 생각하기 때문입니다. 제가 전공을 선택한 것과 마찬가지로 저는 창의적인 일에 더 관심이 많았습니다. 저는 직접 무언가를 만들고 아이디어를 실제로 기억하고 창조해 내는 것이 저에게는 더 재미있고 의미있는 일로 느껴졌기 때문입니다. 따라서 앞으로도 그러한 업무를 맡게 된다면 더 잘 할 자신이 있다고 생각합니다. 감사합니다.","wordCount":55},"emotion":[{"text":"저는 직접 무언가를 만들고 아이디어를 실제로 기억하고 창조해 내는 것이 저에게는 더 재미있고 의미있는 일로 느껴졌기 때문입니다.","expression":"p-interest","category":"positive"}],"intent":[{"text":"","expression":"","category":"attitude"}],"summary":{"text":"저는 수치로 표현하기에는 어려운 사람이라고 생각하기 때문에 창의적인 일에 더 관심이 많았습니다. 앞으로도 그러한 업무를 맡게 된다면 더 잘 할 자신이 있다고 생각합니다.","wordCount":23}}},"rawDataInfo":{"question":{"fileFormat":"wav","fileSize":614478,"duration":19200,"samplingBit":16,"channelCount":1,"samplingRate":"16kHz","audioPath":"/Mock/01.Management/Female/Experienced/ckmk_q_bm_f_e_178352.wav"},"answer":{"fileFormat":"wav","fileSize":1084878,"duration":33900,"samplingBit":16,"channelCount":1,"samplingRate":"16kHz","audioPath":"/Mock/01.Management/Female/Experienced/ckmk_a_bm_f_e_178352.wav"}}}