{"version":"1.0","dataSet":{"info":{"date":"20230116","occupation":"BM","channel":"MOCK","place":"ONLINE","gender":"FEMALE","ageRange":"-34","experience":"EXPERIENCED"},"question":{"raw":{"text":"네이버 다음 구글 검색을 비교 설명해 보세요","wordCount":7},"emotion":[],"intent":[]},"answer":{"raw":{"text":"네 저는 여러 가지 검색 엔진 중에서 구글에 대해서 얘기를 한번 해보고 싶은데요. 어 사실상 구글은 전 세계적으로 굉장히 많이 사용하고 있는 어 사용 서비스라고 생각을 합니다. 어 사실 구글이 가장 간편하면서도 심플하고 그리고 구글은 어떤 상황들을 특정해서 본인이 결정하지 않고 검색 엔진 기능에 충실히 하는 것 같습니다. 하지만 우리나라에서는 생각보다 그 구글의 기능이 약하다는 생각이 드는데요. 어 구글을 통해서 사람들이 검색하는 거 보다는 네이버와 다음을 활용하는 비율이 높은 것 같습니다. 왜 그럴까 생각을 해 봤을 텐데요. 우리나라의 문화적인 배경이 좀 깔려있는 것 같습니다. 아무래도 네이버는 뉴스 스탠드라는 기능을 제공을 하기 때문에 사람들이 그걸 통해서 유입이 되고 또 검색 기능도 활용하는 것 같고요. 그리고 네이버가 사실 여러 가지 기능 등을 많이 활용을 하고 있습니다. 서비스들을 우리나라의 사람의 특성에 맞게 제시를 하면서 아무래도 네이버나 다음을 활용하는 그 비율이 높아지는 것 같은데요. 어 저는 앞으로 쪼금 여러 가지 글로벌하게 어 이루어지기 위해서는 네이버나 다음 뿐만이 아니라 또 구글도 여러 가지 기능을 개발할 필요가 있을 것 같습니다.","wordCount":154},"emotion":[],"intent":[{"text":"","expression":"","category":"attitude"}],"summary":{"text":"구글은 전 세계적으로 많이 사용하는 검색엔진이지만 우리나라 사람들은 검색보다 네이버와 다음을 활용하는 비율이 높습니다. 이는 우리나라의 문화적인 배경이 깔려있는 것 같습니다. 앞으로 글로벌하게 이루어지기 위해서는 네이버나 다음 뿐만이 아니라 구글도 여러 가지 기능을 개발할 필요가 있습니다.","wordCount":36}}},"rawDataInfo":{"question":{"fileFormat":"wav","fileSize":279758,"duration":8740,"samplingBit":16,"channelCount":1,"samplingRate":"16kHz","audioPath":"/Mock/01.Management/Female/Experienced/ckmk_q_bm_f_e_120254.wav"},"answer":{"fileFormat":"wav","fileSize":2820558,"duration":88140,"samplingBit":16,"channelCount":1,"samplingRate":"16kHz","audioPath":"/Mock/01.Management/Female/Experienced/ckmk_a_bm_f_e_120254.wav"}}}