{"version":"1.0","dataSet":{"info":{"date":"20230116","occupation":"BM","channel":"MOCK","place":"ONLINE","gender":"FEMALE","ageRange":"35-44","experience":"EXPERIENCED"},"question":{"raw":{"text":"이전 직장에서 퇴사한 후 그 퇴사를 어 후회해 본 적은 있으신가요 어 있다면 왜 후회를 하시는지도 어 함께 간단하게 말씀해 주시면 감사하겠습니다","wordCount":22},"emotion":[],"intent":[]},"answer":{"raw":{"text":"네 퇴사한 거를 저는 후회하지 않습니다. 왜냐하면 퇴사 이후에 오히려 저에게 더 좋은 기회가 찾아올 것이라고 믿고요. 그리고 제가 이번 회사에 지원한 이유는 이 회사가 훨씬 더 마음에 들고 저의 적성에도 부합할 것이라고 생각해서 지원했기 때문에 퇴사한 것을 후회하진 않습니다. 그리고 제가 퇴사하기 전에 어 그냥 단순하게 감정적으로 결정한 게 아니라요. 어 수백 번 생각하면서 제가 이 회사에서 있는 게 맞을지 안 맞을지에 대해서 심각하게 고민을 해 왔습니다. 어 제가 고민을 한 지점은 회사의 문화가 좀 바뀌었기 때문입니다. 사실 제가 입사하기 전에는 굉장히 수평적이고 그리고 회사의 문화가 좋다고 생각해서 들어갔고요. 저도 그 부분의 가치를 인정을 해서 회사에 입사를 했는데 만약 일을 하다 보니까 회사가 굉장히 폐쇄적이고 또 상하 수직적인 관계 그런 의사소통 과정이 많았습니다. 그렇기 때문에 저를 포함해서 많은 직원들이 힘들어 했고요. 그리고 일을 처리하는 데 있어서 쪼금 불합리하거나 아니면 쪼금 생산성이 떨어지는 결정들을 많이 했습니다. 사실 새가 제가 사무 지원 업무이기 때문에 이런 점들이 저에게 영향을 많이 미쳤고 많은 고민 끝에 퇴사를 결정하기 때문에 저는 후회하지가 않는 것 같습니다.","wordCount":160},"emotion":[],"intent":[{"text":"","expression":"","category":"attitude"}],"summary":{"text":"저는 이번 회사에 지원한 것을 후회하지 않습니다. 왜냐하면 이 회사가 훨씬 더 마음에 들고 적성에도 부합할 것이라고 생각해서 지원했기 때문에 저는 후회하지 않는 것 같습니다. 제가 고민을 한 지점은 회사의 문화가 좀 바뀌었기 때문입니다. 제가 사무 지원 업무이기 때문에 이런 점들이 영향을 많이 미쳤고 많은 고민 끝에 퇴사를 결정하기 때문에 후회하지 않아여 합니다.","wordCount":53}}},"rawDataInfo":{"question":{"fileFormat":"wav","fileSize":630798,"duration":19710,"samplingBit":16,"channelCount":1,"samplingRate":"16kHz","audioPath":"/Mock/01.Management/Female/Experienced/ckmk_q_bm_f_e_118935.wav"},"answer":{"fileFormat":"wav","fileSize":2752718,"duration":86020,"samplingBit":16,"channelCount":1,"samplingRate":"16kHz","audioPath":"/Mock/01.Management/Female/Experienced/ckmk_a_bm_f_e_118935.wav"}}}