{"version":"1.0","dataSet":{"info":{"date":"20230116","occupation":"BM","channel":"MOCK","place":"ONLINE","gender":"FEMALE","ageRange":"35-44","experience":"EXPERIENCED"},"question":{"raw":{"text":"공동체의 가치를 생각해볼 때 무형 문화유산의 보호에 있어서 어떤 사회적 관념이 적용돼야 한다고 생각하세요","wordCount":14},"emotion":[],"intent":[]},"answer":{"raw":{"text":"자긍심 아닐까요 자긍심. 네 이런 우리가 우리로서 존재할 수 있는 어 우리로서 유지할 수 있는 그리고 우리 앞에 또 그 앞에 또 그 앞에 어떤 선조들 이런 우리 민족으로서에 그런 정체성을 계속 이어나갈 수 있는 그런 부분에서 자긍심 그까 눈에 보이는 그런 유산들이 있더라도 사실 그것보다도 어떤 이 심리적인 정신적인 부분을 음 잡아야 이거를 지속해 나가는 힘이 생기는 것 같애요. 그랬을 때 그런 부정적인 것보다 그런 그런 긍정적인 기운들을 많이 채워줘야지 이게 통하는 것 같고 그런 자랑스러움 어떤 뿌듯함 네 자긍심 이게 돌아가는데 그런 시스템이 돌아가는데 정말 눈에 보이지 않기 때문에 다 계산되지 않는 그 힘 그 이상의 가치가 있지 않을까 싶습니다.","wordCount":102},"emotion":[],"intent":[{"text":"","expression":"","category":"attitude"}],"summary":{"text":"민족으로서 정체성을 이어나갈 수 있는 자긍심은 눈에 보이는 유산보다 심리적인 정신적인 부분을 잡아야 지속할 힘이 생기는데 그럴 때 긍정적인 기운들을 많이 채워줘야 합니다. 자긍심 시스템은 눈에 보이지 않기 때문에 계산되지 않는 힘 이상의 가치가 있지 않을까 싶습니다.","wordCount":37}}},"rawDataInfo":{"question":{"fileFormat":"wav","fileSize":464718,"duration":14520,"samplingBit":16,"channelCount":1,"samplingRate":"16kHz","audioPath":"/Mock/01.Management/Female/Experienced/ckmk_q_bm_f_e_142666.wav"},"answer":{"fileFormat":"wav","fileSize":2886798,"duration":90210,"samplingBit":16,"channelCount":1,"samplingRate":"16kHz","audioPath":"/Mock/01.Management/Female/Experienced/ckmk_a_bm_f_e_142666.wav"}}}