{"version":"1.0","dataSet":{"info":{"date":"20230116","occupation":"BM","channel":"MOCK","place":"ONLINE","gender":"FEMALE","ageRange":"35-44","experience":"EXPERIENCED"},"question":{"raw":{"text":"공동체의 가치에 입각을 해서 무형문화유산의 보호에 있어서 어 사회적 관념은 무엇이라고 생각하시는지 궁금합니다 답변 부탁드리겠습니다","wordCount":15},"emotion":[],"intent":[]},"answer":{"raw":{"text":"무형 문화유산은 공동체가 자신의 문화유산을 일부로 생각하는 관습 표상 등 세대를 이어가며 그 시대 맞게 변화하는 살아있는 문화유산입니다. 그런 만큼 시대에 따라 변화하는 공동체의 역동적인 삶을 담으면서 과거 현재 미래를 이어주고 있습니다. 하지만 급격하게 시대가 변화하고 있고 다른 분야의 관심이 더욱더 커지기 때문에 어 요즘 사람들의 문화 무형 문화유산에 대한 관심이 많이 떨어지고 있는 것도 사실입니다. 그렇기 때문에 무형 문화유산을 보호하기 위해서는 사회적으로 많은 관심과 지원이 필요하다고 생각하고 국가에서도 적절한 보호 제도를 갖추어야 된다고 생각합니다. 또한 사람들의 인식 또한 개선이 되어야 하며 보존과 홍보를 위한 노력이 계속되어야지 무형 문화유산의 보호가 이루어지지 않을까 생각합니다.","wordCount":93},"emotion":[{"text":"무형 문화유산은 공동체가 자신의 문화유산을 일부로 생각하는 관습 표상 등 세대를 이어가며 그 시대 맞게 변화하는 살아있는 문화유산입니다.","expression":"u-fact","category":"neutral"}],"intent":[{"text":"","expression":"","category":"attitude"}],"summary":{"text":"무형 문화유산은 공동체가 자신의 문화유산을 일부로 생각하는 관습 표상 등 세대를 이어가며 그 시대 맞게 변화하는 살아있는 문화유산입니다. 무형문화유산을 보호하기 위해서는 사회적인 관심과 지원이 필요하고 국가에서도 적절한 보호 제도를 갖추어야 합니다.","wordCount":31}}},"rawDataInfo":{"question":{"fileFormat":"wav","fileSize":494798,"duration":15460,"samplingBit":16,"channelCount":1,"samplingRate":"16kHz","audioPath":"/Mock/01.Management/Female/Experienced/ckmk_q_bm_f_e_198457.wav"},"answer":{"fileFormat":"wav","fileSize":1829198,"duration":57160,"samplingBit":16,"channelCount":1,"samplingRate":"16kHz","audioPath":"/Mock/01.Management/Female/Experienced/ckmk_a_bm_f_e_198457.wav"}}}