{"version":"1.0","dataSet":{"info":{"date":"20230116","occupation":"BM","channel":"MOCK","place":"ONLINE","gender":"FEMALE","ageRange":"45-54","experience":"EXPERIENCED"},"question":{"raw":{"text":"지금까지 협업을 하면서 가장 어려웠던 점과 그 어려운 점은 어떻게 해결하셨는지 궁금합니다","wordCount":12},"emotion":[],"intent":[]},"answer":{"raw":{"text":"음 그러니까 협업이라는 것 자체가 어 제가 생각하기에 장점이자 단점은 네 각자 다른 관점과 생각을 가진 사람들이 만나고 그렇기 때문에 다양한 의견들이 쏟아져 나오고 다양한 시야들이 한 번에 모여질 수 있고 그래서 아주 왁자지껄하고 정말 무슨 만화경 보는 것 같이 아주 다양한 보여지기들이 그 안에서 많이 이루어질 텐데 그런데 그것들을 각자가 가지고 오는 만큼 거기에 대한 자기들의 취향과 어떤 지지 지면 안 된다는 그런 자존심과 여러 가지 것들이 뭉쳐 있기 때문에 사람들과 함께 해서 어렵고 사람들과 함께 해서 좋죠. 그래서 그거를 융합하는 과정이 당연히 어렵고요. 누구한테 물어봐도 똑같은 말 아닐까요. 이거는 어떻게 해결은 뭐 싸우면서도 하고요. 네 포기하면서도 하고 제가 밀고 나가면서도 하고 다양한 해결이 있었던 것 같아요.","wordCount":108},"emotion":[],"intent":[{"text":"음 그러니까 협업이라는 것 자체가   어 제가 생각하기에 장점이자 단점은 네  각자 다른   관점과 생각을 가진 사람들이 만나고 그렇기 때문에 다양한 의견들이 쏟아져 나오고   다양한 시야들이 한 번에 모여질 수 있고 그래서 아주 왁자지껄하고 정말   무슨 만화경 보는 것 같이 아주 다양한 보여지기들이 그 안에서 많이 이루어질 텐데   그런데 그것들을 각자가 가지고 오는 만큼 거기에 대한   자기들의 취향과 어떤 지지 지면 안 된다는 그런   자존심과 여러 가지 것들이 뭉쳐 있기 때문에 사람들과 함께 해서 어렵고 사람들과 함께 해서 좋죠.","expression":"c_cop","category":"personality"}],"summary":{"text":"협업은 각자 다른 관점과 생각을 가진 사람들이 만나 다양한 의견들이 나오고 시야들이 한 번에 모여 다양한 보여지기들이 이루어질 수 있는데 거기에 대한 자신들의 취향과 자존심과 여러 가지 것들이 뭉쳐 있기 때문에 사람들과 함께 하는 것이 어렵고 융합하는 과정도 어렵습니다.","wordCount":39}}},"rawDataInfo":{"question":{"fileFormat":"wav","fileSize":270158,"duration":8440,"samplingBit":16,"channelCount":1,"samplingRate":"16kHz","audioPath":"/Mock/01.Management/Female/Experienced/ckmk_q_bm_f_e_177716.wav"},"answer":{"fileFormat":"wav","fileSize":2853198,"duration":89160,"samplingBit":16,"channelCount":1,"samplingRate":"16kHz","audioPath":"/Mock/01.Management/Female/Experienced/ckmk_a_bm_f_e_177716.wav"}}}