{"version":"1.0","dataSet":{"info":{"date":"20230116","occupation":"BM","channel":"MOCK","place":"ONLINE","gender":"FEMALE","ageRange":"35-44","experience":"EXPERIENCED"},"question":{"raw":{"text":"지원자분 본인은 행정의 업무에 관해서 잘 알고 계신가요 본인이 생각하는 행정의 정의와 하는 일 의의에 대해 설명해 주시기 바랍니다","wordCount":19},"emotion":[],"intent":[]},"answer":{"raw":{"text":"네 행정은 우리가 이러 이뤄지는 사회 내에서 굴러가는 모든 조직적인 능력에 대한 환경이라고 생각을 합니다. 그래서 저는 행정의 영역 중에서도 특히 공공 행정 영역에 대해서 큰 관심을 가지고 있는데요. 왜냐하면 요즘 같은 시대에는 큰 정부 작은 정부 이런 의미를 벗어나서 굉장히 복잡 다양한 다양성을 가진 그런 행정이 갖는 가치가 굉장히 커졌다 라고 생각을 합니다. 그리고 그런 부분을 사기업이 아닌 행정에 공공 행정에 영역에서 시민들의 요구사항들을 들어줘야 된다 라고 생각합니다. 요즘은 시민들의 그런 욕구나 원하는 것들이 굉장히 다양해졌습니다. 이런 개인의 다양성에 맞춰서 우리가 행정을 진행하고 설계하고 또 나아가서 직접 실행으로 옮겨야 하는 것이 요즘 트렌드 라고 저는 생각하고 있습니다.","wordCount":98},"emotion":[],"intent":[{"text":"","expression":"","category":"attitude"}],"summary":{"text":"행정은 사회 제 조직적 능력에 대한 환경입니다. 그래서 공공 행정 영역에 관심을 가지는데, 복잡 다양한 다양성을 가진 행정이 갖는 가치가 커졌습니다. 개인의 다양성에 맞춰서 행정을 진행하고 설계하고 직접 실행으로 옮겨야 하는 것이 요즘 트렌드입니다.","wordCount":34}}},"rawDataInfo":{"question":{"fileFormat":"wav","fileSize":362318,"duration":11320,"samplingBit":16,"channelCount":1,"samplingRate":"16kHz","audioPath":"/Mock/01.Management/Female/Experienced/ckmk_q_bm_f_e_195848.wav"},"answer":{"fileFormat":"wav","fileSize":2328398,"duration":72760,"samplingBit":16,"channelCount":1,"samplingRate":"16kHz","audioPath":"/Mock/01.Management/Female/Experienced/ckmk_a_bm_f_e_195848.wav"}}}