{"version":"1.0","dataSet":{"info":{"date":"20230116","occupation":"BM","channel":"MOCK","place":"ONLINE","gender":"FEMALE","ageRange":"-34","experience":"EXPERIENCED"},"question":{"raw":{"text":"지원자님께서 일을 하시다가 상사에게 어려운 지시를 받게 되면 어떻게 하실지 또 왜 그렇게 하실 건지 이유도 말씀해 주세요","wordCount":18},"emotion":[],"intent":[]},"answer":{"raw":{"text":"이제 업무를 하다 보면 제가 생각한 게 아니고 예측하지 못한 변수가 있는데요. 그게 바로 어 제가 하던 업무가 아니고 상사가 이제 갑자기 지시 사항이 내려와서 업무를 시키는 경우가 그런 경우인 것 같습니다. 어 하지만 뭐 이런 상황이 한두 번 있었던 건 아니고요. 회사에 다니는 직장인 업무를 하는 사람들이라면 또 다들 겪어 봤을 거 같습니다. 그래서 당연히 저도 그런 일이 생겼을 때 일단은 회사 상사 지시에게 따라서 그 업무를 빠르게 처리하는 게 맞다고 보구요. 그리고 중요한 거는 제가 그걸 해결할 수 있는 일인지 아닌 일인지를 판단을 해야 될 것 같습니다. 만약에 제 선에서 모든 게 처리가 가능하고 또 일 처리가 순조롭게 진행된다고 하면 어 뭐 제가 당연히 해야 된다고 생각을 합니다. 하지만 그게 아니라 저의 한도를 벗어나거나 예를 들어서 제 결재 라인이 아닌 거 제 업무의 범위가 아닌 거는 어 다시 이제 상사께 보고를 드려서 협조를 요청할 것 같은데요. 이런 상황이 아니고 제가 혼자서 업무를 처리할 수 있는 그런 상황이라고 하면 저는 제 선에서 열심히 노력을 해서 그 업무를 맡은 바 어 최선을 다할 수 있도록 노력을 할 것 같습니다.","wordCount":169},"emotion":[],"intent":[{"text":"","expression":"","category":"attitude"}],"summary":{"text":"업무 수행 시 예측하지 못한 변수가 발생하는데, 이런 상황에서는 회사 상사 지시하에 업무를 빠르게 처리하는 게 맞고요. 중요한 것은 제가 그것을 해결할 수 있는 것인지 아닌 것인지를 판단해야 될 것 같습니다. 한도를 벗어나거나 업무 범위가 아닌 것은 다시 상사께 보고를 드려서 협조를 요청할 것 같은데, 이런 상황이 아니라면 최선을 다할 수 있도록 노력을 할 것입니다.","wordCount":55}}},"rawDataInfo":{"question":{"fileFormat":"wav","fileSize":403278,"duration":12600,"samplingBit":16,"channelCount":1,"samplingRate":"16kHz","audioPath":"/Mock/01.Management/Female/Experienced/ckmk_q_bm_f_e_153997.wav"},"answer":{"fileFormat":"wav","fileSize":2711118,"duration":84720,"samplingBit":16,"channelCount":1,"samplingRate":"16kHz","audioPath":"/Mock/01.Management/Female/Experienced/ckmk_a_bm_f_e_153997.wav"}}}