{"version":"1.0","dataSet":{"info":{"date":"20230116","occupation":"BM","channel":"MOCK","place":"ONLINE","gender":"FEMALE","ageRange":"-34","experience":"EXPERIENCED"},"question":{"raw":{"text":"창의성과 팀워크 중 더 중요한 것은 무엇이라고 생각하시나요 근거도 함께 들어서 말씀해 주세요","wordCount":13},"emotion":[],"intent":[]},"answer":{"raw":{"text":"제가 생각했을 때는 창의성과 팀워크 모두 정말 중요한 것 같습니다. 어 창의성은 개인의 자기계발 측면에서 중요하다고 생각을 하고요. 그리고 이런 창의성이 있어야 업무를 수행하는 데 있어도 앞으로 훨씬 더 독창적이고 본인만의 주관을 가지고 일을 할 수 있게 되는 것 같습니다. 그런데 회사의 업무라는 게 혼자 창의성만 갖고 할 수 있는 부분은 또 아닌 것 같습니다. 왜냐하면 회사는 여러 사람이 같이 일을 하는 것이고 또 팀워크도 중요하기 때문에 협업 차원에서 진행되는 일을 하기 위해서는 이런 팀 내에서 본인의 역할을 수행하고 또 같이 협의할 수 있는 그런 마인드가 필요하다고 생각을 합니다. 그래서 아무래도 이 두 가지 모두 놓칠 수 없는 저는 그 회사의 마인드 인재상이라고 생각을 하는데요. 요즘에는 이게 어느 것 하나 더 중요하다 중요하지 않다 라는 개념보다는 앞으로 사회 일원으로서 그리고 팀원으로서 성장해 나가기 위해서는 창의성도 키우려는 자기계발을 하고 또 그거를 한 다음에는 팀워크를 통해서 팀 내에 발전을 이루기 위해서 적극적으로 협조 하는 그런 마인드와 태도도 필요할 것 같아서 저는 둘 다 빼놓을 수 없을 정도로 아주 중요한 덕목과 요소라고 생각을 합니다.","wordCount":161},"emotion":[],"intent":[{"text":"어 창의성은 개인의 자기계발 측면에서 중요하다고 생각을 하고요.","expression":"c_value","category":"background"},{"text":"왜냐하면 회사는 여러 사람이 같이   일을 하는 것이고 또 팀워크도 중요하기 때문에 협업 차원에서 진행되는 일을    하기 위해서는 이런 팀 내에서 본인의 역할을 수행하고 또 같이 협의할 수 있는   그런 마인드가 필요하다고 생각을 합니다.","expression":"c_cop","category":"personality"}],"summary":{"text":"창의성과 팀워크는 개인의 자기계발 측면에서는 중요하나 회사 업무에서는 혼자 창의성만 갖고 할 수 있는 부분이 아닌 것 같습니다. 협업 차원에서 진행되는 일을 하기 위해서는 본인의 역할을 수행하고 또 같이 협의할 수 있는 마인드가 필요하다고 생각합니다. 창의성을 키우려는 자기계발을 하고 팀워크를 통해서 팀 내에 발전을 이루기 위해서 적극적으로 협조 하는 마인드와 태도도 필요할 것 같아 저는 두 가지 모두 중요한 덕목과 요소라고 생각합니다.","wordCount":62}}},"rawDataInfo":{"question":{"fileFormat":"wav","fileSize":325838,"duration":10180,"samplingBit":16,"channelCount":1,"samplingRate":"16kHz","audioPath":"/Mock/01.Management/Female/Experienced/ckmk_q_bm_f_e_141121.wav"},"answer":{"fileFormat":"wav","fileSize":2750798,"duration":85960,"samplingBit":16,"channelCount":1,"samplingRate":"16kHz","audioPath":"/Mock/01.Management/Female/Experienced/ckmk_a_bm_f_e_141121.wav"}}}