{"version":"1.0","dataSet":{"info":{"date":"20230116","occupation":"BM","channel":"MOCK","place":"ONLINE","gender":"FEMALE","ageRange":"45-54","experience":"EXPERIENCED"},"question":{"raw":{"text":"어 그동안 속해 있었던 조직이나 단체 안에서 지원자님은 주로 그 안에서 어떤 역할을 하는 역할을 하는 사람이었는지 말씀해 주세요","wordCount":19},"emotion":[],"intent":[]},"answer":{"raw":{"text":"저는 주로 어 좀 이끄는 자리에 있었던 것 같아요. 제가 나서서 리더를 하겠다고 자처한 건 아니었지만 항상 어느 순간에 그 모임을 주도하고 있었고 제가 낸 아이디어가 좀 사람들에게 많이 설득을 당하게 끔 해줬던 것 같아요. 그러니까 사람들이 저의 아이디어를 좀 많이 지지해 줬었고 그러다 보니까 제가 무언가 할 때 활동을 할 때 항상 주도하는 역할을 하게 됐었고 그래서 앞에 나가서 말을 좀 많이 하는 그런 역할들을 했었던 것 같습니다.","wordCount":69},"emotion":[],"intent":[{"text":"","expression":"","category":"attitude"}],"summary":{"text":"저는 주로 이끄는 자리에 있었던 것 같습니다. 제가 낸 아이디어가 사람들에게 설득을 당하게 끔 했습니다. 그래서 주도적인 역할을 하게 되고, 말을 많이 하는 역할들을 했었던 것 같다고 생각합니다.","wordCount":28}}},"rawDataInfo":{"question":{"fileFormat":"wav","fileSize":350798,"duration":10960,"samplingBit":16,"channelCount":1,"samplingRate":"16kHz","audioPath":"/Mock/01.Management/Female/Experienced/ckmk_q_bm_f_e_156506.wav"},"answer":{"fileFormat":"wav","fileSize":1358158,"duration":42440,"samplingBit":16,"channelCount":1,"samplingRate":"16kHz","audioPath":"/Mock/01.Management/Female/Experienced/ckmk_a_bm_f_e_156506.wav"}}}