{"version":"1.0","dataSet":{"info":{"date":"20230116","occupation":"BM","channel":"MOCK","place":"ONLINE","gender":"FEMALE","ageRange":"35-44","experience":"EXPERIENCED"},"question":{"raw":{"text":"미래의 핵심 트렌드 세 가지와 또 그 이유는 무엇일까요","wordCount":9},"emotion":[],"intent":[]},"answer":{"raw":{"text":"제가 생각했을 때 미래를 이끄는 핵심 트렌드 그리고 아 우리 사회의 경제를 먹여 살릴 수 있는 트렌드는 저는 뭐 아이티 기술이라던가 뭐 에이알 브이알 같은 그런 아이티 기술들을 기반으로 한 그런 업들이 계속해서 성공하고 살아남을 것 같다 라는 생각이 듭니다. 어 사람들은 계속해서 편리한 생활을 원하게 되고요. 그럴려면 여러 가지 기술적인 측면들이 발전을 해야 될 텐데 지금 이미 인공지능이나 자율주행 같이 여러 가지 기술들이 발전을 되면서 인간에게 굉장히 유익해지고 있습니다. 다만 인간의 할 일이 좀 줄어든다는 측면이 있을 것 같은데요. 이러한 기술 개발의 발전으로 인해서 사람의 역할이 축소되고 그리고 앞으로는 어 사람이 할 수 있는 영역만이 어 각광을 받을 것 같습니다. 그중에서 오직 사람이 할 수 있는 뭐 영업이라던가 아니면 사람이 할 수 있는 뭐 감정적인 부분 상담가 이런 것들만 살아남고 나머지는 아이티 기술 그리고 뭐 빅데이터 자율 주행 아이알 브이알 이런 기술과 접목된 것들이 핵심 트렌드로 자리 잡고 그런 산업만이 살아남을 수 있다고 생각을 합니다.","wordCount":146},"emotion":[],"intent":[{"text":"","expression":"","category":"attitude"}],"summary":{"text":"인공지능, 자율주행 등 기술 발전으로 인간의 역할이 축소되고 앞으로는 사람이 할 수 있는 영업, 감정적인 부분 상담 같은 것들만 살아남을 것 같습니다. 나머지는 아이티 기술, 빅데이터 자율 주행 아이알 브이알 같은 기술과 접목된 산업만이 미래를 이끄는 핵심 트렌드로 자리 잡을 것이라고 생각합니다.","wordCount":42}}},"rawDataInfo":{"question":{"fileFormat":"wav","fileSize":276558,"duration":8640,"samplingBit":16,"channelCount":1,"samplingRate":"16kHz","audioPath":"/Mock/01.Management/Female/Experienced/ckmk_q_bm_f_e_175878.wav"},"answer":{"fileFormat":"wav","fileSize":2800078,"duration":87500,"samplingBit":16,"channelCount":1,"samplingRate":"16kHz","audioPath":"/Mock/01.Management/Female/Experienced/ckmk_a_bm_f_e_175878.wav"}}}