{"version":"1.0","dataSet":{"info":{"date":"20230116","occupation":"BM","channel":"MOCK","place":"ONLINE","gender":"FEMALE","ageRange":"35-44","experience":"EXPERIENCED"},"question":{"raw":{"text":"지금까지 살면서 힘들었던 점은 무엇입니까 또 그것을 어떻게 극복했습니까","wordCount":9},"emotion":[],"intent":[]},"answer":{"raw":{"text":"네 저는 살아가면서 회사 입사 초기가 굉장히 힘들었던 거 같습니다. 저는 신입 시절에 조금 여러 가지 마음의 불안과 힘든 점을 겪었는데요. 아무래도 그동안은 학생으로서 어 삶을 살았다면 취업 이후에는 성인으로서 하나의 사회인으로서의 삶을 살게 되는 것 같습니다. 그러면서 처음에 직무에 대한 이해도 부족했고요. 그리고 여러 가지 인간 관계와 또 회사 생활을 적응하는데 좀 어려움을 겪었습니다. 그 이유는 아무래도 제가 더 잘하고 싶고 또 능력을 발휘하고 싶었는데 그러지 못한 제 자신을 보면서 참 마음이 아팠습니다. 하지만 그런 어려움들을 극복했기 때문에 지금의 저가 있는 것 같고요. 그리고 돌이켜보면 서툰 건 너무 당연한 것 같습니다. 하지만 그 상황을 잘 견디고 이겨내고 꾸준히 하는 게 가장 좋을 것 같은데요. 어 지금 저도 마찬가지로 계속해서 배우고 있는 단계라고 생각을 합니다. 앞으로 이런 어려운 점들을 극복해 나가면서 회사 생활을 하고 또 제 업무 역량을 높힐 수 있도록 하겠습니다.","wordCount":132},"emotion":[{"text":"저는 신입 시절에 조금 여러 가지 마음의 불안과 힘든 점을   겪었는데요.","expression":"n-distress","category":"negative"}],"intent":[{"text":"","expression":"","category":"attitude"}],"summary":{"text":"취업 이후, 사회인으로서의 삶을 살면서 직무 이해도 부족했고 인간 관계와 회사 생활에 적응하는데 어려움을 겪었습니다. 하지만 그 어려움들을 극복하면서 지금의 저가 있는 것 같습니다. 어려운 상황을 잘 견디고 꾸준히 하는 게 가장 좋은데, 계속 익히면서 업무 역량을 높일 수 있도록 하겠습니다.","wordCount":41}}},"rawDataInfo":{"question":{"fileFormat":"wav","fileSize":358798,"duration":11210,"samplingBit":16,"channelCount":1,"samplingRate":"16kHz","audioPath":"/Mock/01.Management/Female/Experienced/ckmk_q_bm_f_e_107837.wav"},"answer":{"fileFormat":"wav","fileSize":2497678,"duration":78050,"samplingBit":16,"channelCount":1,"samplingRate":"16kHz","audioPath":"/Mock/01.Management/Female/Experienced/ckmk_a_bm_f_e_107837.wav"}}}