{"version":"1.0","dataSet":{"info":{"date":"20230116","occupation":"BM","channel":"MOCK","place":"ONLINE","gender":"FEMALE","ageRange":"55-","experience":"EXPERIENCED"},"question":{"raw":{"text":"지원자님께서 저희 회사에 들어와서 보고서 등 문서 작성 시 실수를 할 수 있잖아요 그 실수를 방지하기 위해서 어떻게 할 것인지에 대해서 구체적으로 한번 설명해 주세요","wordCount":25},"emotion":[],"intent":[]},"answer":{"raw":{"text":"예 그 보고서 등 문서 작성 시의 실수를 방지하려면 어떻게 해야 한다 하냐는 질문에 아 저 같은 경우도 맨 처음에 컴퓨터를 컴퓨터 일 세대부터 시작한 경우이거든요. 어 하다보면 이제 보고서에 뭐 오타는 기본이고 그다음에 열심히 작성을 하고 있었는데 저장을 그때그때 안해 놔서 그냥 순간적으로 날아가는 경우도 많이 경험했었습니다. 아 진짜 그 컴퓨터 일 세대 부터 계속 지내 온 저이기 때문에 문서 작성을 할 때나 아니면은 문서 작성을 하고 그다음에 완료를 했을 때 아 저장한 일을 어 수시로 누릅니다. 근데 이제 수시로 눌러도 가끔 이제 옛날 같은 경우 컴퓨터가 그냥 확 사라지는 경우들이 많았거든요. 그러면서 그때는 진짜 많이 괴로운 시간을 보내고 지금 컴퓨터를 보면 어 너무 저장도 잘되고 이제 다른 공간에 살려져 있는 것을 보면서 아 예 많이 컴퓨터가 좋아졌다 그런 생각을 많이 합니다. 그래서 저는 저장하기를 수시로 누르는 것이 최선의 방지 최선을 실수를 방지하는 최선의 노력이라고 생각합니다.","wordCount":137},"emotion":[],"intent":[{"text":"어 하다보면 이제 보고서에 뭐 오타는 기본이고 그다음에 열심히 작성을 하고 있었는데 저장을 그때그때 안해 놔서 그냥 순간적으로 날아가는 경우도 많이 경험했었습니다.","expression":"m_admin","category":"technology"},{"text":"아 진짜 그 컴퓨터 일 세대 부터 계속 지내 온 저이기 때문에 문서 작성을 할 때나 아니면은 문서 작성을 하고 그다음에 완료를 했을 때 아 저장한 일을 어 수시로 누릅니다.","expression":"m_admin","category":"technology"}],"summary":{"text":"문서 작성 시의 실수를 방지하려면 어떻게 해야 하냐는 질문에 저는 컴퓨터를 컴퓨터 일 세대부터 시작했기 때문에 문서 작성을 할 때나 저장한 일을 수시로 누릅니다. 그리고 저장도 잘되고 다른 공간에 살려져 있는 것을 보면서 아 많이 컴퓨터가 좋아졌다 그런 생각을 많이 합니다.","wordCount":41}}},"rawDataInfo":{"question":{"fileFormat":"wav","fileSize":487118,"duration":15220,"samplingBit":16,"channelCount":1,"samplingRate":"16kHz","audioPath":"/Mock/01.Management/Female/Experienced/ckmk_q_bm_f_e_217740.wav"},"answer":{"fileFormat":"wav","fileSize":2729678,"duration":85300,"samplingBit":16,"channelCount":1,"samplingRate":"16kHz","audioPath":"/Mock/01.Management/Female/Experienced/ckmk_a_bm_f_e_217740.wav"}}}