{"version":"1.0","dataSet":{"info":{"date":"20230116","occupation":"BM","channel":"MOCK","place":"ONLINE","gender":"FEMALE","ageRange":"-34","experience":"EXPERIENCED"},"question":{"raw":{"text":"면접자 본인께 묻고 싶은데요 우리 회사에는 계열사도 많구요 그리고 다른 회사도 많습니다 특별히 이 계열사에 지원해 주신 이유가 있습니까","wordCount":19},"emotion":[],"intent":[]},"answer":{"raw":{"text":"제가 이 계열사에 지원한 이유는 평판이 굉장히 좋았기 때문입니다. 물론 여러 가지 이유가 있는데요. 그중에서도 어 평판이 굉장히 좋은 걸로 알고 있습니다. 그만큼 직원들이 일하기에 좋고 그리고 사람들이 봤을 때 어 이 회사의 복지 혜택이라던가 그리고 직원들이 근무하기 좋다는 그런 평가를 많이 받고 있는 회사로 알고 있습니다. 어 물론 저희는 선택을 할 때 여러가지를 고려를 하게 되고요. 저 역시도 회사에서 가장 중요한 부분들이 있는 것 같습니다. 아 그중에서도 저는 회사에서 업무를 제가 막상 했을 때 직무에 맞는지 혹은 그 회사가 가지고 있는 어 복지 혜택 아니면 직원들을 대하는 문화 분위기 이런 것들을 좀 많이 평가를 하게 되는데요. 그런 점을 종합 평가 했을 때도 이 계열사가 가장 마음에 들었습니다. 그리고 제가 다니는 친구가 이 계열사에 직접 다니고 있는 걸로 알고 있는데요. 회사에 대한 칭찬을 굉장히 많이 했습니다. 그래서 저도 이러한 여러 가지 상황을 고려를 해서 이 계열사에 제가 입사를 하게 된다면 업무적인 요건도 좋고 또 제가 일할 수 있는 환경도 좋을 것 같다고 판단을 해서 이렇게 입사를 지원하게 됐습니다.","wordCount":158},"emotion":[],"intent":[{"text":"그래서 저도 이러한 여러 가지 상황을 고려를 해서 이 계열사에 제가 입사를 하게 된다면   업무적인 요건도 좋고 또 제가 일할 수 있는 환경도 좋을 것 같다고 판단을 해서   이렇게 입사를 지원하게 됐습니다.","expression":"c_sincere_job","category":"etc"}],"summary":{"text":"이 계열사에 지원한 이유는 복지 혜택이나 직원들을 대하는 문화 분위기 등 평판이 굉장히 좋기 때문입니다. 회사에 대한 칭찬도 많이 하고 업무적인 요건도 좋고 일할 수 있는 환경도 좋을 것 같다고 판단을 해서 입사를 지원하게 됐습니다.","wordCount":35}}},"rawDataInfo":{"question":{"fileFormat":"wav","fileSize":507278,"duration":15850,"samplingBit":16,"channelCount":1,"samplingRate":"16kHz","audioPath":"/Mock/01.Management/Female/Experienced/ckmk_q_bm_f_e_141113.wav"},"answer":{"fileFormat":"wav","fileSize":2753358,"duration":86040,"samplingBit":16,"channelCount":1,"samplingRate":"16kHz","audioPath":"/Mock/01.Management/Female/Experienced/ckmk_a_bm_f_e_141113.wav"}}}