{"version":"1.0","dataSet":{"info":{"date":"20230116","occupation":"BM","channel":"MOCK","place":"ONLINE","gender":"FEMALE","ageRange":"35-44","experience":"EXPERIENCED"},"question":{"raw":{"text":"배달에 민족을 사용하시면서 서비스적으로 아쉬웠던 부분이 있으셨는지 만약에 있었다면 어떤 부분이 아쉬웠는지 말씀해 주시기 바랍니다","wordCount":15},"emotion":[],"intent":[]},"answer":{"raw":{"text":"저는 기본적으로 배달의 민족 같은 그런 온라인 플랫폼 음식 서비스를 많이 이용하지는 않는데요. 왜냐하면 제가 이용을 하지 않는 이유는 불편하기 때문입니다. 어 많은 사람들이 아무래도 음식 이 플랫폼을 통해서 서비스를 시키는데요. 제가 봤을 때는 가격이 좀 비싼 측면이 있다고 생각을 합니다. 물론 음식의 가격은 어 그 음식점에서 그 가격을 올리긴 하는데요. 하지만 배달비가 좀 과도하게 비싸다 라는 생각이 많이 들었습니다. 사람들이 워낙 많이 경쟁적으로 이용을 하다 보니까 배달비를 계속 올리고 있는 상황인데요. 아무래도 음식을 배달하는데 그 배달비에 대한 비용이 너무 과도하게 지출되는 것 같아서 저는 그 서비스가 좀 아쉽다라는 생각이 들었구요. 그리고 음식이 막상 왔을 때도 좀 기대에 못 미치는 그런 게 많았습니다. 그래서 사진이나 후기 같은 거를 조금 보완을 했으면 좋겠다 라는 생각이 들었고요. 어 기존에 이제 제가 기대를 했던 음식들이 막상 배달을 왔을 때는 그 품질이 떨어지고 그리고 만약에 품질이 떨어져도 배상해주지 않는 그런 정책들이 있었고요. 한 번은 아예 누락이 됐었는데 그것도 배달의 민족 측에서 어 제대로 처리를 안 해줘서 좀 불편했던 경험이 있어서 이런 점들을 좀 보완을 해서 서비스를 해야 될 것 같다 라는 생각이 들었습니다.","wordCount":169},"emotion":[{"text":"아무래도 음식을 배달하는데 그 배달비에   대한 비용이 너무 과도하게 지출되는 것 같아서 저는 그 서비스가 좀 아쉽다라는 생각이 들었구요.","expression":"n-distress","category":"negative"}],"intent":[{"text":"","expression":"","category":"attitude"}],"summary":{"text":"배달의 민족 같은 온라인 플랫폼 음식 서비스를 이용하지 않는 이유는 음식의 가격이 다소 비싼 측면이 있고, 배달비에 대한 비용이 과도하게 지출되는 것 같습니다. 또한 음식의 품질이 떨어지고 배상해주지 않는 정책들이 있었습니다. 한 번 누락된 것도 제대로 처리를 안 해주는 등의 불편했던 경험이 있어서 이런 점들을 보완해서 서비스를 해야 될 것 같다 라는 생각이 들었습니다.","wordCount":54}}},"rawDataInfo":{"question":{"fileFormat":"wav","fileSize":361358,"duration":11290,"samplingBit":16,"channelCount":1,"samplingRate":"16kHz","audioPath":"/Mock/01.Management/Female/Experienced/ckmk_q_bm_f_e_118851.wav"},"answer":{"fileFormat":"wav","fileSize":2820238,"duration":88130,"samplingBit":16,"channelCount":1,"samplingRate":"16kHz","audioPath":"/Mock/01.Management/Female/Experienced/ckmk_a_bm_f_e_118851.wav"}}}