{"version":"1.0","dataSet":{"info":{"date":"20230116","occupation":"BM","channel":"MOCK","place":"ONLINE","gender":"FEMALE","ageRange":"45-54","experience":"EXPERIENCED"},"question":{"raw":{"text":"지원자님은 해외 파견 근무를 나가게 된다면 어떤 나라에서 일을 하고 싶으신가요 이유에 대해서 자세하게 얘기해 주세요","wordCount":16},"emotion":[],"intent":[]},"answer":{"raw":{"text":"미국이요 네 미국. 역시는 역시입니다. 네 미국 시장은 대부분의 뭐 특수 업 특수 직종이 아닌 이상 전세계 어느 나라 어느 규모에서 건 제일 큰 시장이기 때문에 미국은 그래서 뭐 근무로 일로 나가게 되는 거면 뭐 여러 가지 환경들이 다 이제 주어진 어떤 보장된 것 안에서 일을 할 수 있는 거기 때문에 그러면 저는 당연히 무조건 미국 일 순위 미국입니다. 사람도 넘쳐나고 그리고 어 그동안 제가 보고 배웠던 그리고 현재 진행형에서 제가 계속 관심 있게 지켜보는 어떤 저의 롤모델들이 그대로 그 현장에서 종사를 하고 있는 거기 때문에 그걸 가까이에 볼 수 있는 가까이에서 볼 수 있는 기회도 분명히 될 거고요. 그럼 또 저도 역시 성장을 하면서 거기에서 가져오 거기에서 배운 노하우를 다시 이제 한국에 와서 사실 그걸 또 재활용하면서 저만에 새로운 부분으로 네 빌드업 시킬 수 있기 때문에 단연코 미국입니다.","wordCount":129},"emotion":[],"intent":[{"text":"","expression":"","category":"attitude"}],"summary":{"text":"미국 시장은 전세계 어느 나라 어느 규모에서 가장 큰 시장이기 때문에 저는 무조건 미국 일 순위입니다. 성장하며 미국에서 배운 노하우를 다시 한국에 와서 재활용하면서 저만에 새로운 부분으로 빌드업 시킬 수 있기 때문에 미국입니다.","wordCount":33}}},"rawDataInfo":{"question":{"fileFormat":"wav","fileSize":396238,"duration":12380,"samplingBit":16,"channelCount":1,"samplingRate":"16kHz","audioPath":"/Mock/01.Management/Female/Experienced/ckmk_q_bm_f_e_141449.wav"},"answer":{"fileFormat":"wav","fileSize":2819918,"duration":88120,"samplingBit":16,"channelCount":1,"samplingRate":"16kHz","audioPath":"/Mock/01.Management/Female/Experienced/ckmk_a_bm_f_e_141449.wav"}}}