{"version":"1.0","dataSet":{"info":{"date":"20230116","occupation":"BM","channel":"MOCK","place":"ONLINE","gender":"FEMALE","ageRange":"35-44","experience":"EXPERIENCED"},"question":{"raw":{"text":"이전에 다니던 직장에서 아니면 대학에서 어떤 프로젝트를 해 봤는지 생각나시는 게 있다면 한 번 말씀 부탁드립니다","wordCount":16},"emotion":[],"intent":[]},"answer":{"raw":{"text":"이전에 다니던 직장에서 새로운 이알피 구축을 위한 프로젝트를 진행해 봤습니다. 어 경영 전반적인 내용을 이알피 속에 녹아 들 수 있게 프로그램 제작 업체에게 계속 컨택하여 후정 반복하였고 회사에 적합한 이알피를 구축할 수 있었습니다. 아무래도 제가 십 년 동안 경영 지원팀에서 일한 경력이 있었기 때문에 어 우리 회사에 적합한 이알피를 구축하는데 큰 도움이 되지 않았나 싶었고 어 이제 저희 제 후배들에게도 이알피가 경영 지원한 경영 지원 업무를 하면서도 큰 도움이 되지 않았나 싶습니다.","wordCount":72},"emotion":[],"intent":[{"text":"","expression":"","category":"attitude"}],"summary":{"text":"직장에서 새로운 이알피 구축을 위한 프로젝트를 진행했습니다. 경영 전반적인 내용을 프로그램 제작 업체에게 계속 컨택하여 반복하였고 회사에 적합한 이 알피를 구축할 수 있었습니다.","wordCount":23}}},"rawDataInfo":{"question":{"fileFormat":"wav","fileSize":412238,"duration":12880,"samplingBit":16,"channelCount":1,"samplingRate":"16kHz","audioPath":"/Mock/01.Management/Female/Experienced/ckmk_q_bm_f_e_192193.wav"},"answer":{"fileFormat":"wav","fileSize":1427278,"duration":44600,"samplingBit":16,"channelCount":1,"samplingRate":"16kHz","audioPath":"/Mock/01.Management/Female/Experienced/ckmk_a_bm_f_e_192193.wav"}}}