{"version":"1.0","dataSet":{"info":{"date":"20230116","occupation":"BM","channel":"MOCK","place":"ONLINE","gender":"FEMALE","ageRange":"35-44","experience":"EXPERIENCED"},"question":{"raw":{"text":"만약 이 면접에서 최종 탈락하신다면 자신이 어떤 점이 부족해서 탈락을 했다고 생각을 하시겠습니까","wordCount":13},"emotion":[],"intent":[]},"answer":{"raw":{"text":"네 저는 면접에서 탈락을 하게 되는 경우를 생각을 해봤는데요. 일단은 굉장히 슬플 것 같습니다. 왜냐하면 워낙 제가 오고 싶었던 회사이고 또 야심차게 열심히 준비해서 지원을 했는데 탈락의 순간을 맛보면 다시 한번 더 열심히 도전하라는 그런 기회로 삼고 어 노력을 하겠습니다. 하지만 탈락한 이유에 대해서 제 스스로 좀 생각을 해볼 수 있을 것 같은데요. 어 제가 생각했을 때는 기본적으로 스펙에는 문제가 없다고 생각을 합니다. 그리고 제랄까 이런 경험에 대해서 어 여러 가지를 가지고 있기 때문에 경험적인 측면이라던가 아니면 그 서류 통과에는 어 문제가 없다고 생각이 되는데요. 다만 이런 실전 면접에 있어서 제가 좀 부족한 점이 있지 않았나 라고 생각해 볼 수 있을 것 같습니다. 어 제가 실전 면접 준비를 열심히 해왔지만 제가 말하는 사항들이 다른 지원자에 비해서 좀 논리적이지 못했거나 아니면 심사위원들의 마음에 들지 못했다고 생각을 할 텐데요. 그래서 제가 그런 점들을 쪼금 더 보완을 해서 연습해서 다시 지원을 할 수 있을 것 같습니다. 하지만 탈락되지 않고 이번 기회로 제가 취업을 하고 또 이번 회사에서 일할 수 있는 기회를 저한테 주셨으면 좋겠습니다.","wordCount":161},"emotion":[{"text":"일단은 굉장히   슬플 것 같습니다.","expression":"n-sadness","category":"positive"}],"intent":[{"text":"","expression":"","category":"attitude"}],"summary":{"text":"저는 스펙에는 문제가 없다고 생각했지만, 실전 면접에서 논리적이지 못하거나 심사위원들의 마음에 들지 못했다고 생각되어 탈락하게 되었습니다. 하지만 이 기회를 통해 취업하고 회사에서도 일할 수 있는 기회를 얻었으면 합니다.","wordCount":28}}},"rawDataInfo":{"question":{"fileFormat":"wav","fileSize":339918,"duration":10620,"samplingBit":16,"channelCount":1,"samplingRate":"16kHz","audioPath":"/Mock/01.Management/Female/Experienced/ckmk_q_bm_f_e_118940.wav"},"answer":{"fileFormat":"wav","fileSize":2745038,"duration":85780,"samplingBit":16,"channelCount":1,"samplingRate":"16kHz","audioPath":"/Mock/01.Management/Female/Experienced/ckmk_a_bm_f_e_118940.wav"}}}