{"version":"1.0","dataSet":{"info":{"date":"20230116","occupation":"BM","channel":"MOCK","place":"ONLINE","gender":"FEMALE","ageRange":"35-44","experience":"EXPERIENCED"},"question":{"raw":{"text":"현대인은 하루 평균 세 번 거짓말을 하고 산다고 하는데요 본인은 지금까지 살면서 해본 가장 기억에 남는 거짓말은 어떤 건지 말씀해 주세요","wordCount":21},"emotion":[],"intent":[]},"answer":{"raw":{"text":"저는 어 기억에 남는 거짓말은 어 학생들을 가르칠 때 어 학생들의 잠재적인 능력을 많이 부각을 시켜주기 위해서 지금 좀 부족한 면이 있고 잘하지 못해도 잘하고 있다고 약간의 거짓말을 보태서 학생들의 도움을 주었던 경험이 있습니다. 음 자기 자신이 인지하지 못하는 부분이기 이기도 하고 또 어 어떻게 보면 어 칭찬을 과하게 하는 부분이 있는데 결과적으로는 학생들이 칭찬을 많이 받고 또 동기부여를 하는데 결과적으로는 도움을 많이 주었다고 생각을 합니다. 그리고 실제로 어느 정도만 거짓말을 보태서 사용을 했고 어 학생이 실제로 가지고 있는 어 장재적인 가능성에 대해서 장점에 대해서 부각을 시켰기 때문에 학생이 그것들을 진지하게 고민할 기회를 제공을 해 주었고 결과적으로는 음 좋은 목표를 설정을 하고 그 학생들에게 많은 도움을 주는 그런 좋은 역할을 했다고 생각을 합니다.","wordCount":113},"emotion":[],"intent":[{"text":"","expression":"","category":"attitude"}],"summary":{"text":"학생들을 가르칠 때 잠재적 능력을 부각 시켜주기 위해 약간의 거짓말을 보태서 학생들의 도움을 주었던 경험이 있습니다. 결과적으로 학생들이 칭찬을 많이 받고 동기부여를 하는데 결과가 도움이 많이 되었다고 생각합니다.","wordCount":28}}},"rawDataInfo":{"question":{"fileFormat":"wav","fileSize":488718,"duration":15270,"samplingBit":16,"channelCount":1,"samplingRate":"16kHz","audioPath":"/Mock/01.Management/Female/Experienced/ckmk_q_bm_f_e_217664.wav"},"answer":{"fileFormat":"wav","fileSize":2449998,"duration":76560,"samplingBit":16,"channelCount":1,"samplingRate":"16kHz","audioPath":"/Mock/01.Management/Female/Experienced/ckmk_a_bm_f_e_217664.wav"}}}