{"version":"1.0","dataSet":{"info":{"date":"20230116","occupation":"BM","channel":"MOCK","place":"ONLINE","gender":"FEMALE","ageRange":"-34","experience":"EXPERIENCED"},"question":{"raw":{"text":"지원자분께서 일을 시작하게 되신다면 중국으로 출장을 가실 일이 좀 생길 수도 있어요 어 만약에 지원자분이 회사에 들어와서 정말로 중국 출장을 가시게 된다고 해도 괜찮으신지 여쭤보고 싶습니다","wordCount":26},"emotion":[],"intent":[]},"answer":{"raw":{"text":"저는 많은 사람들을 만나보고 다양한 문화를 접하는 걸 굉장히 좋아하는데요. 그래서 해외여행도 굉장히 많이 다녀온 편입니다. 중국 출장 외에도 러시아라든지 아니면 더 먼 나라도 저는 괜찮구요. 아무래도 거기서 배우는 게 굉장히 많을 것 같다는 생각이 듭니다. 이 나라에서는 이런 일처리를 어떻게 하는지 그리고 이 일처리가 우리나라에서는 어떻게 적용이 될지 우리나라에서 맞지 않는다면 과연 이 나라에서는 어떠한 방식으로 운영이 되길래 잘 맞는지 뭐 그러한 것들을 다양하게 볼 수 있을 것 같고요. 그리고 사람을 만났을 때 이 사람들이 어떤 사람인지 이렇게 보는 것도 굉장히 큰 도움이 될 거라고 생각을 합니다. 그래서 저의 성장과 발전 가능성에 매우 좋고 제가 성장하고 발전하면 당연히 이 회사에 도움이 되지 않겠습니까 그래서 저는 회사의 성장과 발전에도 그러한 출장은 굉장히 중요하고 저는 괜찮다 라고 말씀드릴 수 있을 것 같습니다.","wordCount":121},"emotion":[],"intent":[{"text":"","expression":"","category":"attitude"}],"summary":{"text":"저는 다양한 문화를 접하는 걸 굉장히 좋아하기 때문에 해외 출장도 많이 다녀왔습니다. 이 나라에서 이런 일처리를 어떻게 하는지 우리나라와 맞지 않는다면 어떤 방식으로 운영이 되길래 잘 맞는지 등을 다양하게 볼 수 있을 것 같습니다. 그리고 사람을 만날 때 어떤 사람인지 보는 것도 큰 도움이 될 것입니다.","wordCount":46}}},"rawDataInfo":{"question":{"fileFormat":"wav","fileSize":599118,"duration":18720,"samplingBit":16,"channelCount":1,"samplingRate":"16kHz","audioPath":"/Mock/01.Management/Female/Experienced/ckmk_q_bm_f_e_166599.wav"},"answer":{"fileFormat":"wav","fileSize":2037198,"duration":63660,"samplingBit":16,"channelCount":1,"samplingRate":"16kHz","audioPath":"/Mock/01.Management/Female/Experienced/ckmk_a_bm_f_e_166599.wav"}}}