{"version":"1.0","dataSet":{"info":{"date":"20230116","occupation":"BM","channel":"MOCK","place":"ONLINE","gender":"FEMALE","ageRange":"35-44","experience":"EXPERIENCED"},"question":{"raw":{"text":"지원자님께서는 대학 시절을 보내면서 가장 힘들었던 경험이 있으십니까 있으시다면 그것을 어떻게 극복하셨는지도 말씀해 주시기 바랍니다","wordCount":15},"emotion":[],"intent":[]},"answer":{"raw":{"text":"대학 생활을 돌이켜보면 취업에 대한 고민이 많았던 것 같습니다. 대학 생활 때는 앞으로 무엇을 하면 좋을지 그리고 어떤 직업을 가지면 될지 고민이 참 많았던 것 같습니다. 저는 대학교 때 기본적으로 언어 공부를 하면서 각종 자격증 공부를 했고요. 그리고 회사를 가기 위해서 여러 가지 어떤 곳에 취업하면 좋을지를 계속해서 고민을 했습니다.사실 어떤 게 특정하게 정해지지 않았을 때 막연한 불안감과 힘듦이 있는 것 같은데요. 어 저는 대학 생활 때 아무래도 진로에 대한 고민 그리고 내가 무엇을 좋아하며 어떤 직업을 갖게 될까에 대한 아주 심각한 고민이 있었던 것 같습니다. 하지만 그런 고민이 있었기 때문에 지금의 제가 있는 것 같은데요. 그 고민들을 통해서 내가 무엇을 좋아하는지 알게 되고 또 어떤 직업을 가졌을 때 만족할 수 있을지를 고민을 많이 했던 것 같습니다. 그 결과 지금은 제가 좋아하는 일을 하고 있다고 생각을 하고요. 앞으로도 저는 열심히 꾸준히 발전하는 그런 사람들이 되도록 하겠습니다.","wordCount":136},"emotion":[{"text":"사실 어떤 게 특정하게 정해지지    않았을 때 막연한 불안감과 힘듦이 있는 것 같은데요.","expression":"n-anxiety","category":"negative"}],"intent":[{"text":"","expression":"","category":"attitude"}],"summary":{"text":"대학 생활을 되돌아보면 취업에 대한 고민이 많았던 것 같습니다. 언어 공부와 자격증 공부를 했고, 회사를 가기 위해서 어떤 곳에 취업하면 좋을지를 고민했습니다. 그 결과 지금은 제가 좋아하는 일을 하고 있다고 생각하며 앞으로도 열심히 꾸준히 발전하는 사람이 되도록 하겠습니다.","wordCount":38}}},"rawDataInfo":{"question":{"fileFormat":"wav","fileSize":592078,"duration":18500,"samplingBit":16,"channelCount":1,"samplingRate":"16kHz","audioPath":"/Mock/01.Management/Female/Experienced/ckmk_q_bm_f_e_107836.wav"},"answer":{"fileFormat":"wav","fileSize":2366158,"duration":73940,"samplingBit":16,"channelCount":1,"samplingRate":"16kHz","audioPath":"/Mock/01.Management/Female/Experienced/ckmk_a_bm_f_e_107836.wav"}}}