{"version":"1.0","dataSet":{"info":{"date":"20230116","occupation":"BM","channel":"MOCK","place":"ONLINE","gender":"FEMALE","ageRange":"35-44","experience":"EXPERIENCED"},"question":{"raw":{"text":"최근 새로 나온 어플들 중 가장 관심을 갖고 있는 것은 무엇이 있습니까","wordCount":12},"emotion":[],"intent":[]},"answer":{"raw":{"text":"저 같은 경우에는 쇼핑은 온라인으로 굉장히 많이 하는 편인데요. 그 이유는 아무래도 우리가 어플을 통해서 어 쇼핑들을 하게 되면은 어플에서 진행하고 있는 쇼핑 행사들도 있고 혹는 제가 물리적으로 거리가 먼 마트까지 가서 직접 쇼핑하려고 또 가격 비교를 하는 그런 시간들을 조금 줄일 수 있다는 점에서 저는 굉장히 이득이라고 생각을 하고 있습니다. 물론 직접 나가서 실물을 보면 더 좋긴 하겠지만 우리가 이미 구입해 본 상품이라면 인터넷에서 많은 리뷰들을 찾아보고 혹은 새로운 플랫폼 서비스가 있다 라면 가입해서 받는 그런 쿠폰 행사 혹은 첫 결제 이벤트들이 워낙 많기 때문에 저는 그런 점들을 이용해서 좀 효율적으로 쇼핑 하는 것을 굉장히 좋아하는 편이라고 어 말씀드릴 수가 있습니다. 그래서 제가 여러 가지 플랫폼들를 사용해서 유저 인터페이스에 대한 부분에 대해서도 조금 잘 알고 있는 그런 부분들이 있기 때문에 만약에 다른 부서에서 저에게 어 어플에 대한 그런 의견을 물어본다 라면 잘 대답할 수 있다라고 저는 생각하고 있습니다.","wordCount":139},"emotion":[],"intent":[{"text":"","expression":"","category":"attitude"}],"summary":{"text":"쇼핑을 온라인으로 많이 하는 이유는 어플을 통해서 진행하는 쇼핑 행사들도 있고, 물리적으로 거리가 먼 마트까지 가서 직접 쇼핑하려고 하는 시간들을 줄일 수 있다는 점에서 저는 굉장히 이득이라고 생각하고 있습니다. 여러 가지 플랫폼들을 사용해서 유저 인터페이스에 대해서도 잘 알고 있는 부분이 있기 때문에 어플에 대한 의견을 질문한다면 잘 대답할 수 있다고 생각합니다.","wordCount":51}}},"rawDataInfo":{"question":{"fileFormat":"wav","fileSize":239438,"duration":7480,"samplingBit":16,"channelCount":1,"samplingRate":"16kHz","audioPath":"/Mock/01.Management/Female/Experienced/ckmk_q_bm_f_e_209690.wav"},"answer":{"fileFormat":"wav","fileSize":2630158,"duration":82190,"samplingBit":16,"channelCount":1,"samplingRate":"16kHz","audioPath":"/Mock/01.Management/Female/Experienced/ckmk_a_bm_f_e_209690.wav"}}}