{"version":"1.0","dataSet":{"info":{"date":"20230116","occupation":"BM","channel":"MOCK","place":"ONLINE","gender":"FEMALE","ageRange":"35-44","experience":"EXPERIENCED"},"question":{"raw":{"text":"역사 속에서 가장 존경하는 인물을 말씀해 주시고 그 인물을 존경하는 이유에 대해서도 말씀해 주세요","wordCount":14},"emotion":[],"intent":[]},"answer":{"raw":{"text":"저는 미국 대통령 링컨을 꼽고 싶습니다. 어려운 환경을 꿋꿋이 이겨내고 결국 대통령에 당성된 후에 노예 해방을 이루어낸 링컨 대통령을 존경합니다. 그는 가난하게 자랐고 선거에서 여러 번 낙방하였지만 우울증도 있었고요 결국에는 고난을 극복했습니다. 노예 해방을 이뤄내기까지는 많은 위협과 저항도 있었다고 들었습니다. 당시에는 모두들 할 수 없을 것 같은 일이었지만 결국 해 내는 그의 의지와 노력을 존경합니다. 또한 미국이 지금처럼 강대국이 될 수 있었던 배경에는 링컨의 노예 해방 운동과 인종차별을 없애기 위한 정책이 밑바탕 되어 있다고 생각합니다. 시대의 전환점을 이뤄낸 인물이라는 점에서 링컨 대통령을 존경하는 인물로 말씀드리고 싶습니다.","wordCount":86},"emotion":[{"text":"어려운 환경을 꿋꿋이 이겨내고 결국 대통령에 당성된 후에 노예 해방을 이루어낸 링컨 대통령을 존경합니다.","expression":"p-affection","category":"positive"},{"text":"당시에는 모두들 할 수 없을 것 같은 일이었지만 결국 해 내는 그의 의지와 노력을 존경합니다.","expression":"p-affection","category":"positive"}],"intent":[{"text":"","expression":"","category":"attitude"}],"summary":{"text":"어려운 환경을 이겨내고 결국 노예 해방을 이루어낸 미국 대통령 링컨을 존경합니다. 링컨의 노예 해방 운동과 인종차별을 없애기 위한 정책으로 미국이 강대국이 될 수 있었습니다.","wordCount":24}}},"rawDataInfo":{"question":{"fileFormat":"wav","fileSize":313678,"duration":9800,"samplingBit":16,"channelCount":1,"samplingRate":"16kHz","audioPath":"/Mock/01.Management/Female/Experienced/ckmk_q_bm_f_e_190924.wav"},"answer":{"fileFormat":"wav","fileSize":1969998,"duration":61560,"samplingBit":16,"channelCount":1,"samplingRate":"16kHz","audioPath":"/Mock/01.Management/Female/Experienced/ckmk_a_bm_f_e_190924.wav"}}}