{"version":"1.0","dataSet":{"info":{"date":"20230116","occupation":"BM","channel":"MOCK","place":"ONLINE","gender":"FEMALE","ageRange":"-34","experience":"EXPERIENCED"},"question":{"raw":{"text":"요즘 공부하고 있는 것이 있으시다면 왜 그걸 공부하는지 그 공부를 통해 지금까지 무엇을 배웠는지 말씀해 주시기 바랍니다","wordCount":17},"emotion":[],"intent":[]},"answer":{"raw":{"text":"어 저는 공부하고 있는 게 없습니다. 공부를 별로 좋아하지 않고 사실은 이 일을 하기 위해서 오래 준비했던 그 시간들이 아직은 저한테 좀 피로하게 남아있고 그래서 이 일을 제외한 어떤 것들을 어 지식을 얻는다 라는 거에 대해서 아직은 조금 여유가 없는 편입니다. 사실 가볍게 알고 싶어하고 호기심이 있는 일들은 분명히 있지만 그거를 지금 공부하려고 하는 그 마음적 여유는 없고요. 그냥 최대한 제가 공부를 통해서 얻은 이 일을 더 잘 해 나가는 데 관심이 많습니다.","wordCount":73},"emotion":[],"intent":[{"text":"","expression":"","category":"attitude"}],"summary":{"text":"일을 위해 준비했던 시간들이 저에게는 피로하게 남아있어 지식을 얻는데 여유가 없고, 공부를 통해서 얻은 이 일을 더 잘 해 나가는 데 관심이 많습니다.","wordCount":23}}},"rawDataInfo":{"question":{"fileFormat":"wav","fileSize":442958,"duration":13840,"samplingBit":16,"channelCount":1,"samplingRate":"16kHz","audioPath":"/Mock/01.Management/Female/Experienced/ckmk_q_bm_f_e_102979.wav"},"answer":{"fileFormat":"wav","fileSize":1483598,"duration":46360,"samplingBit":16,"channelCount":1,"samplingRate":"16kHz","audioPath":"/Mock/01.Management/Female/Experienced/ckmk_a_bm_f_e_102979.wav"}}}