{"version":"1.0","dataSet":{"info":{"date":"20230116","occupation":"BM","channel":"MOCK","place":"ONLINE","gender":"FEMALE","ageRange":"45-54","experience":"EXPERIENCED"},"question":{"raw":{"text":"우리 회사는 해외 무대 진출을 고려하고 있는데요 어디로 진출하는 것이 우리에게 유리할까요 해당 국가를 뽑은 이유도 함께 설명해 주세요","wordCount":19},"emotion":[],"intent":[]},"answer":{"raw":{"text":"저는 포르투갈로 한번 가보는 게 어떨까 생각이 드는데 그 나라의 특성이 되게 느린 걸로 유명하거든요. 제가 한번 이제 다른 일 때문에 그 나라에서 거주했던 적이 있는데 진짜 어 국민성 자체가 어 전통적인 거를 쉽게 바꾸지 않는 곳이었었고 그리고 정치적인 부분도 굉장히 느린 곳으로 알고 있어요. 그래서 사람들 정서 자체가 그냥 천천히 흘러가더라고요. 그래서 뭔가 일을 할 때도 저희는 딱 그냥 서류로 결제가 끝날 일인데도 진짜 오 분이면 끝날 일인데 이 분들은 그 서류 하나로 삼십 분 이상을 대화를 하더라고요. 그 한국인으로서는 굉장히 답답한 지점인데 어 저희 회사가 저희 회사는 아니죠. 제가 아직 입사를 안 했으니까. 어 이 회사가 가지고 있는 특성을 좀 잘 살릴 수 있을 것 같은 나라가 포르투갈이라는 생각이 들었습니다.","wordCount":112},"emotion":[],"intent":[{"text":"","expression":"","category":"attitude"}],"summary":{"text":"포르투갈은 국민성이 전통적인 것을 쉽게 바꾸지 않는 곳이고 정치적인 부분도 굉장히 느린 곳으로 알고 있습니다. 서류로 결제가 끝날 일도 오 분이면 끝날 일인데 서류 하나로 수십 분 이상을 대화를 합니다. 이 회사의 특성을 잘 살릴 수 있을 것 같은 나라가 포르투갈입니다.","wordCount":41}}},"rawDataInfo":{"question":{"fileFormat":"wav","fileSize":369358,"duration":11540,"samplingBit":16,"channelCount":1,"samplingRate":"16kHz","audioPath":"/Mock/01.Management/Female/Experienced/ckmk_q_bm_f_e_156504.wav"},"answer":{"fileFormat":"wav","fileSize":2611278,"duration":81600,"samplingBit":16,"channelCount":1,"samplingRate":"16kHz","audioPath":"/Mock/01.Management/Female/Experienced/ckmk_a_bm_f_e_156504.wav"}}}