{"version":"1.0","dataSet":{"info":{"date":"20230116","occupation":"BM","channel":"MOCK","place":"ONLINE","gender":"FEMALE","ageRange":"-34","experience":"EXPERIENCED"},"question":{"raw":{"text":"일을 하다가 만약 상사 분에게 어려운 지시를 받는다고 한다면 어떻게 하실 생각이신지 궁금합니다 그 이유까지도 함께 대답해 주시면 좋을 것 같습니다","wordCount":21},"emotion":[],"intent":[]},"answer":{"raw":{"text":"어 일을 하다가 상사가 어려운 지시를 한다면 일단 저는 상사가 무엇보다 저를 잘 파악하고 업무를 지시를 했다고 생각했기 때문에 어 무엇보다 그 지시를 잘 이행하려고 어 노력할 것 같습니다. 어 하지만 음 지시를 이제 하다가 어 너무 벅차거나 어려운 일이 발생하게 된다면 어 저는 그 선배를 찾아가서 조언을 구하거나 아니면 상사에게 찾아가서 진실되게 저가 어떤 부분이 어렵고 어떤 부분에 대해서 조금 도움을 주었으면 좋겠다라는 것에 대해서 진솔되게 한번 이야기하고 조언을 구해 볼 것 같습니다.","wordCount":74},"emotion":[],"intent":[{"text":"","expression":"","category":"attitude"}],"summary":{"text":"일을 하다가 상사가 어려운 지시를 한다면 잘 이행할 것 같습니다. 하지만 지시가 너무 벅차거나 어려운 일이 발생한다면 선배나 상사에게 찾아가 도움을 청하거나 조언을 구합니다.","wordCount":24}}},"rawDataInfo":{"question":{"fileFormat":"wav","fileSize":480718,"duration":15020,"samplingBit":16,"channelCount":1,"samplingRate":"16kHz","audioPath":"/Mock/01.Management/Female/Experienced/ckmk_q_bm_f_e_261970.wav"},"answer":{"fileFormat":"wav","fileSize":1592398,"duration":49760,"samplingBit":16,"channelCount":1,"samplingRate":"16kHz","audioPath":"/Mock/01.Management/Female/Experienced/ckmk_a_bm_f_e_261970.wav"}}}