{"version":"1.0","dataSet":{"info":{"date":"20230116","occupation":"BM","channel":"MOCK","place":"ONLINE","gender":"FEMALE","ageRange":"45-54","experience":"EXPERIENCED"},"question":{"raw":{"text":"아 일을 하시다 보면 업무량이 과도하게 많아질 경우가 있는데요 이렇게 업무량이 과도하게 많아지고 힘든 상황에서도 잘 버티실 자신이 있으십니까","wordCount":19},"emotion":[],"intent":[]},"answer":{"raw":{"text":"어 업무량이 어떤 식으로 많아질 수 있을까요. 저는 잘 버틸 수는 있는데 그 업무량이 어 과연 왜 많아지는지 그거를 좀 파악이 잘 되어야 된다고 생각을 하고요. 당연하게 그 업무량이 많은 거를 강요하지는 않았으면 좋겠습니다. 어 제가 그 전에 이제 다녔던 곳에서도 그런 경우가 많았었고 어 꽤 많은 사람들이 그 업무를 막 소화하려고 어 무리하게 일을 하다 보니까 건강에 지장이 많이 생기는 것도 봤었고 저는 그래서 어 과도하게 많아진다는 걸 당연하게 말해주시지는 않았으면 좋겠습니다. 근데 뭐 그거를 버틴다 라고 물어보시는 게 어 쫌 이 회사가 진짜 무리하게 일을 시킬 수도 있겠구나 라는 생각이 지금 들기는 합니다.","wordCount":95},"emotion":[],"intent":[{"text":"","expression":"","category":"attitude"}],"summary":{"text":"업무량이 어떤 식으로 많아질 수 있는지 파악이 잘 되어야 합니다. 업무량이 많아진다는 걸 강요하지 않았으면 좋겠습니다. 무리한 업무로 건강에 지장이 생기는 걸 당연하게 말씀하시지는 않았으면 합니다.","wordCount":26}}},"rawDataInfo":{"question":{"fileFormat":"wav","fileSize":416078,"duration":13000,"samplingBit":16,"channelCount":1,"samplingRate":"16kHz","audioPath":"/Mock/01.Management/Female/Experienced/ckmk_q_bm_f_e_156503.wav"},"answer":{"fileFormat":"wav","fileSize":2494158,"duration":77940,"samplingBit":16,"channelCount":1,"samplingRate":"16kHz","audioPath":"/Mock/01.Management/Female/Experienced/ckmk_a_bm_f_e_156503.wav"}}}