{"version":"1.0","dataSet":{"info":{"date":"20230116","occupation":"BM","channel":"MOCK","place":"ONLINE","gender":"FEMALE","ageRange":"35-44","experience":"EXPERIENCED"},"question":{"raw":{"text":"지원자님께서 이때까지 살아오시면서 새로운 업무 환경에서 전혀 몰랐었던 업무를 맡아서 해 본 경험이 있으신가요 있으시다면은 소개해 주세요","wordCount":17},"emotion":[],"intent":[]},"answer":{"raw":{"text":"네 저는 전에 회사에서 새로운 환경에서 새로운 사람들과 어 제가 맡지 않았던 일을 한 적이 있습니다. 당시에 회사에서 굉장히 중요한 프로젝트가 진행이 됐었는데요. 하지만 결원이 발생을 하게 됐고 제가 바로 직무 투입 하게 됐습니다. 어 사실 프로젝트가 진행되는 중간에 제가 투입이 됐기 때문에 좀 제가 그 프로젝트에 대한 이해도가 부족했고요. 그리고 같이 일하는 사람이라던가 이런 분들과 친분 관계가 없기 때문에 새로운 환경에 적응을 해야 했습니다. 하지만 저는 그래도 사람들과의 관계가 좋고 또 어디서든지 도전하는 걸 좋아하는 성격을 가지고 있습니다. 그렇기 때문에 그 프로젝트에 참여를 해서 제가 일정 부분 저의 역할이 갖게 됐고요. 그리고 그 부분에서 좀 최선을 다했던 그런 경험을 했습니다. 사실 이렇게 제가 원하지 않는 환경 새로운 환경 속에서도 충분히 일할 수 있는 기회가 있다고 생각이 듭니다. 저는 그 기회가 주어진다고 하면 그 상황에 적응을 유연하게 해서 또 최선의 노력을 할 수 있도록 노력을 하겠습니다.","wordCount":136},"emotion":[],"intent":[{"text":"하지만 저는 그래도 사람들과의 관계가 좋고 또 어디서든지 도전하는 걸   좋아하는 성격을 가지고 있습니다.","expression":"c_person","category":"background"}],"summary":{"text":"저는 회사에서 새로운 환경에서 새로운 사람들과 일을 한 적이 있습니다. 하지만 결원이 발생을 하게 돼 바로 직무투입하게 됐습니다. 프로젝트에 대한 이해도가 부족했고, 같이 일하는 사람과의 친분관계가 없어 새로운 환경에 적응을 해야 했습니다. 그러나 사람들과의 관계가 좋고, 도전하는 걸 좋아하는 성격입니다.","wordCount":40}}},"rawDataInfo":{"question":{"fileFormat":"wav","fileSize":409358,"duration":12790,"samplingBit":16,"channelCount":1,"samplingRate":"16kHz","audioPath":"/Mock/01.Management/Female/Experienced/ckmk_q_bm_f_e_107841.wav"},"answer":{"fileFormat":"wav","fileSize":2511438,"duration":78480,"samplingBit":16,"channelCount":1,"samplingRate":"16kHz","audioPath":"/Mock/01.Management/Female/Experienced/ckmk_a_bm_f_e_107841.wav"}}}