{"version":"1.0","dataSet":{"info":{"date":"20230116","occupation":"BM","channel":"MOCK","place":"ONLINE","gender":"FEMALE","ageRange":"35-44","experience":"EXPERIENCED"},"question":{"raw":{"text":"지원자님께서 대학에서 배운 지원자님만의 전공 과목 중 가장 기억에 남는 과목을 한 가지만 골라 설명과 말씀 해 주시겠습니까","wordCount":18},"emotion":[],"intent":[]},"answer":{"raw":{"text":"저는 공공 경제가 가장 기억에 남습니다. 공공 경제 이론 도시 경제 지방자치와 지방 경제 정부와 기업 등에 대해서 배웁니다. 특히 도시 경제 도시 경제와 정부와 기업에 관한 내용이 기억에 남습니다. 도시 경제는 경제성장과 도시화에 따른 각종 도시 문제 및 정책을 다룹니다. 도시 인구의 결정과 인규 구모별 도시 분포 주거 및 생활 생산 입지 선택 대도시 토지 및 주택 문제 등이 주요 내용입니다. 정부와 기업은 정부와 기업 활동의 경제적 논리 공기업 생산물에 대한 여러 가지 가격 결정 모양을 경제학적 관점에서 연구합니다. 아울러 공기업 경영의 문제와 공기업 경영 상의 평가 문제를 경영학적 시각에서 분석하기도 합니다. 공기업 민영화의 논의를 중심으로 현안 공기업 정책 문제 등도 연구한 연구합니다. 저는 이 두 가지가 가장 기억에 남습니다.","wordCount":111},"emotion":[],"intent":[{"text":"","expression":"","category":"attitude"}],"summary":{"text":"공공 경제는 도시 경제와 정부와 기업에 관한 내용이 가장 기억에 남습니다. 정부와 기업은 정부와 기업 활동의 경제적 논리, 공기업 생산물에 대한 가격 결정 모양을 경제학적 관점에서 연구하고, 공기업 경영의 문제와 공기업 경영 상의 평가 문제를 경영학적 시각에서 분석합니다.","wordCount":38}}},"rawDataInfo":{"question":{"fileFormat":"wav","fileSize":345038,"duration":10780,"samplingBit":16,"channelCount":1,"samplingRate":"16kHz","audioPath":"/Mock/01.Management/Female/Experienced/ckmk_q_bm_f_e_191115.wav"},"answer":{"fileFormat":"wav","fileSize":2282958,"duration":71340,"samplingBit":16,"channelCount":1,"samplingRate":"16kHz","audioPath":"/Mock/01.Management/Female/Experienced/ckmk_a_bm_f_e_191115.wav"}}}