{"version":"1.0","dataSet":{"info":{"date":"20230116","occupation":"BM","channel":"MOCK","place":"ONLINE","gender":"FEMALE","ageRange":"45-54","experience":"EXPERIENCED"},"question":{"raw":{"text":"지원자님 스스로가 생각하실 때 어 성격상 장점 혹은 단점이 있다면 그것에 대해서 각각 이야기해 주시면 좋겠습니다 그 구체적인 예시 같은 것들을 들어서 장단점을 설명해 주세요","wordCount":25},"emotion":[],"intent":[]},"answer":{"raw":{"text":"저는 저는 좀 확실한 성격이에요. 네 아 일 하면서 그런 부분들은 더 조금 굳어진 것 같아요. 어떤 일에 일을 하 하거나 이 그걸 하기 위해서 무언가를 선택해야 될 때 오래 갈팡질팡하지 않아요. 네 그 시간이 아깝기 때문에 그래서 장점은 그러 그렇기 때문에 어 시간 단축이 많이 된다는 거 그리고 그 선택에 대한 결과를 오롯이 제가 질 지고 또 지기 위해서 그것을 밀고 나가는 부분이 있다는 거를 이제는 주변이 알기 때문에 음 제가 그런 결정을 했을 때 금방 들 이제 믿고 따라와 준다는 거 그런 그것도 이제 시간 단축이죠. 그런 부분이 있고 단점은 네 그렇게 뭔가 확실하고 확고한 부분 네 화끈하게 그런 걸 밀고 나가 버리니까 아무래도 거기 그 결정을 하는 것에 대해서 제 시야가 다치는 부분들이 있겠죠. 저도 거기서 이제 발생된 여러 가지 부작용들도 있을 거고요.","wordCount":126},"emotion":[],"intent":[{"text":"","expression":"","category":"attitude"}],"summary":{"text":"어떤 일을 하거나 그것을 위해 무언가를 선택해야 될 때 오래 갈팡질팡하지 않습니다. 장점은 시간 단축이 많이 되고 그 선택에 대한 결과를 오롯이 지기 위해서 그것을 밀고 나가는 부분이 있습니다. 단점은 시야가 다치는 부분들과 부작용들도 있을 것입니다.","wordCount":36}}},"rawDataInfo":{"question":{"fileFormat":"wav","fileSize":608398,"duration":19010,"samplingBit":16,"channelCount":1,"samplingRate":"16kHz","audioPath":"/Mock/01.Management/Female/Experienced/ckmk_q_bm_f_e_177720.wav"},"answer":{"fileFormat":"wav","fileSize":2899918,"duration":90620,"samplingBit":16,"channelCount":1,"samplingRate":"16kHz","audioPath":"/Mock/01.Management/Female/Experienced/ckmk_a_bm_f_e_177720.wav"}}}