{"version":"1.0","dataSet":{"info":{"date":"20230116","occupation":"BM","channel":"MOCK","place":"ONLINE","gender":"FEMALE","ageRange":"-34","experience":"EXPERIENCED"},"question":{"raw":{"text":"시험 기간이나 시험 시간이 촉박할 때 어떻게 시간 관리를 하셨나요 지원자님의 시간 관리법이 궁금합니다","wordCount":14},"emotion":[],"intent":[]},"answer":{"raw":{"text":"저는 일단 어 잠을 좀 포기하면서 몰두했던 것 같습니다. 그 촉박한 거를 어 싫어하기 하지만 또 그거를 모른 척 할 수 있는 성격이 아니라서 사실은 지금 주어진 시간이 촉박한 거에서 좀 더 여유로운 시간을 확보하기 위해서 어 자는 시간에 되게 쪼개서 그 시험을 준비를 하고요. 일단은 어 그 관리를 한다기보다는 좀 저는 그 시험 때까지 그냥 무작정 모든 에너지를 쏟는 편입니다. 좀 극한으로 몰고 가서 그 힘으로 좀 수행을 하는 그걸로 성취를 이루는 편이라서 지금 촉박하다는 말만 들어도 되게 제가 조급해지는 마음이 들 정도로 좀 그거 그런 환경이 오면 여유로운 마음을 좀 못 가지는 편입니다.","wordCount":95},"emotion":[],"intent":[{"text":"","expression":"","category":"attitude"}],"summary":{"text":"저는 촉박한 시간 내에 최대한의 여유로움을 얻기 위해 시험준비를 했습니다. 최대한 에너지를 쏟다보니 조급해지는 마음을 가지게 되어 여유로운 마음을 가지지는 편입니다.","wordCount":21}}},"rawDataInfo":{"question":{"fileFormat":"wav","fileSize":326478,"duration":10200,"samplingBit":16,"channelCount":1,"samplingRate":"16kHz","audioPath":"/Mock/01.Management/Female/Experienced/ckmk_q_bm_f_e_102973.wav"},"answer":{"fileFormat":"wav","fileSize":2179918,"duration":68120,"samplingBit":16,"channelCount":1,"samplingRate":"16kHz","audioPath":"/Mock/01.Management/Female/Experienced/ckmk_a_bm_f_e_102973.wav"}}}