{"version":"1.0","dataSet":{"info":{"date":"20230116","occupation":"BM","channel":"MOCK","place":"ONLINE","gender":"FEMALE","ageRange":"35-44","experience":"EXPERIENCED"},"question":{"raw":{"text":"어 지원자님께도 께서도 아시는 것처럼 어 몇 년 전에 우버 택시에 관해서 굉장히 논란이 있었는데요 어 지원자님께서는 이러한 우버 택시 찬반양론에 대해서 각각 어떻게 생각하시나요","wordCount":25},"emotion":[],"intent":[]},"answer":{"raw":{"text":"어 우버 택시에 관련해서 논란이 많이 있었는데 음 찬반 어 찬성하는 입장에서 어 많은 서비스들의 개선이 있었다고 생각을 합니다. 그래서 어 먼저 어 그 고객이 어 제가 어 진행을 제가 이제 어 예약 앱으로 예약을 하면 어 평상시에는 어 일부러 택시 기사들이 돌아가고 또 먼 길로 돌아가서 어 더 많은 비용을 청구를 받았는데 그것을 알고 서비스가 질이 개선이 되어서 그런 일이 줄어들게 되었고 또 실제로 택시 기사들을 관리하는 서비스가 어 향상이 되어서 택시 기사들의 뭐 서비스 질이나 또 고객을 대하는 입장이 좀 더 긍정적으로 영향이 있었다고 생각을 합니다. 그런데 그것을 어 우버 택시를 할 때 고객을 어 최우선으로 생각하고 어 좋은 서비스를 제공을 하는데 그것이 현실적으로는 진행하기 어려움이 있어서 비용적인 부분에서 많이 부정적인 면이 있다고 생각을 합니다.","wordCount":117},"emotion":[],"intent":[{"text":"","expression":"","category":"attitude"}],"summary":{"text":"우버 택시에 관련해서 많은 서비스들의 개선이 있었다고 생각 합니다. 우버 택시를 할 때 고객을 최우선으로 생각하고 좋은 서비스를 제공을 하는데 현실적으로는 진행하기 어려움이 있어서 비용적인 부분에서 많이 부정적인 면이 있다고 생각합니다.","wordCount":31}}},"rawDataInfo":{"question":{"fileFormat":"wav","fileSize":567118,"duration":17720,"samplingBit":16,"channelCount":1,"samplingRate":"16kHz","audioPath":"/Mock/01.Management/Female/Experienced/ckmk_q_bm_f_e_217667.wav"},"answer":{"fileFormat":"wav","fileSize":2717518,"duration":84920,"samplingBit":16,"channelCount":1,"samplingRate":"16kHz","audioPath":"/Mock/01.Management/Female/Experienced/ckmk_a_bm_f_e_217667.wav"}}}