{"version":"1.0","dataSet":{"info":{"date":"20230116","occupation":"BM","channel":"MOCK","place":"ONLINE","gender":"FEMALE","ageRange":"-34","experience":"EXPERIENCED"},"question":{"raw":{"text":"당신은 건강 보험 공단에 대해서 잘 알고 있습니까 요즘은 고령화 사회로 가면서 치매로 인한 문제가 많이 대두되고 있습니다 이에 대해서 건강 보험 공단이 하는 일을 말해주세요","wordCount":26},"emotion":[],"intent":[]},"answer":{"raw":{"text":"최근에 우리나라가 고령화가 급격하게 진행이 되면서 이와 관련된 많은 정책과 대책이 필요할 거 같습니다. 하지만 아직까지 건보공단이 제대로 된 장기적인 플랜과 그런 계획이 없는 것 같아서 참 아쉬운데요. 이런 일들을 앞으로는 조금 더 예산을 많이 배정하고 또 적극적으로 해결해야 될 문제라고 생각을 합니다. 왜냐하면 이미 고령화가 진행이 되고 있고 그리고 초고령화 사회가 진입을 한다는 그런 예측이 나와있는 상황인데 아무런 대책이 없는 것이 더 문제라고 생각을 합니다. 이렇게 시간이 지나다가 갑자기 초고령화 사회가 진행이 됐을 때 사회적인 문제로 비화될 수도 있구요. 그리고 이런 문제들이 정책적으로 보완이 되지 않는다면 개인의 책임으로만 치부되기 때문에 그러면 오히려 더 큰 문제가 발생할 수 있다고 생각을 합니다. 어 이제 이런 고령화 문제 그리고 뭐 치매 같은 건강 문제는 개인의 문제가 아니구요. 사회적으로 같이 보살펴야 된 사회적인 문제인 것 같습니다 .그래서 이게 좀 정책적으로 뒷받침이 많이 됐으면 좋겠고요. 또 인력 부분과 예산이 충원이 돼서 앞으로의 미래에 대한 대비와 정책들이 어 필수적으로 마련이 돼야 될 것 같습니다.","wordCount":149},"emotion":[],"intent":[{"text":"","expression":"","category":"attitude"}],"summary":{"text":"고령화가 급격하게 진행됨에 따라 건보공단이 제대로 된 장기적인 플랜과 계획이 없는 것 같아 아쉽습니다. 앞으로 예산을 더 배정하고 적극적으로 해결해야 될 문제라고 생각합니다. 고령화 문제나 치매 같은 건강 문제는 사회적으로 같이 보살펴야 할 사회적인 문제이기 때문에 정책적으로 뒷받침이 많이 됐으면 좋겠습니다.","wordCount":41}}},"rawDataInfo":{"question":{"fileFormat":"wav","fileSize":632718,"duration":19770,"samplingBit":16,"channelCount":1,"samplingRate":"16kHz","audioPath":"/Mock/01.Management/Female/Experienced/ckmk_q_bm_f_e_141122.wav"},"answer":{"fileFormat":"wav","fileSize":2746318,"duration":85820,"samplingBit":16,"channelCount":1,"samplingRate":"16kHz","audioPath":"/Mock/01.Management/Female/Experienced/ckmk_a_bm_f_e_141122.wav"}}}