{"version":"1.0","dataSet":{"info":{"date":"20230116","occupation":"BM","channel":"MOCK","place":"ONLINE","gender":"FEMALE","ageRange":"35-44","experience":"EXPERIENCED"},"question":{"raw":{"text":"열심히는 하지만 본인이 원하는 만큼 따라오지 못하는 팀 동료들이 있을 수도 있습니다 이럴 때는 어떻게 하십니까","wordCount":16},"emotion":[],"intent":[]},"answer":{"raw":{"text":"네 팀에서 일을 하다 보면 어 제가 원하지 않는 방향으로 일을 하는 친구들도 있었고 그리고 또 열정이 없는 그런 팀원들도 많았습니다. 하지만 이제 의욕이 없고 또 본인이 하기 싫은 일을 하는 그런 동료들이 있을 때는 참 어려움이 많습니다. 왜냐하면 일이 서툴고 그리고 의욕이 많은 친구들은 그 일을 가르치면 되는데요. 하지만 본인이 의욕이 없고 하고 싶은 마음이 없으면 참 그 협업을 하는 데 어려운 점이 많았습니다. 그래서 저는 억지로 한다고 될 일이 아니기 때문에 제가 오히려 그 친구의 업무를 도맡아서 하는 경우도 발생을 했는데요. 하지만 저는 불만을 갖지는 않았습니다. 왜냐하면 저는 저의 할 역할이 있고 또 팀원제로 굴러가기 때문에 그 업무를 성실히 수행해야 한다고 생각을 했습니다. 하지만 그런 동료가 있을 경우에는 저는 쪼금 적극적으로 이야기를 해보는 편입니다. 본인이 하기 싫어도 그 일을 하지 않으면 팀에게 피해가 올 수 있고 다른 사람에게 피해를 줄 수 있기 때문에 그런 업무 처리가 필요하다고 이야기를 해 볼 수 있을 것 같습니다. 하지만 그래도 서로 피해를 약간씩 주더라고 하더라도 어 팀이기 때문에 같이 협동이 필요한 것 같고요. 제가 도움을 줄 수 있는 부분이면 협동을 통해서 그 문제를 해결해 나갈 수 있도록 하겠습니다.","wordCount":176},"emotion":[],"intent":[{"text":"하지만 그래도   서로 피해를 약간씩 주더라고 하더라도 어 팀이기 때문에 같이 협동이 필요한 것 같고요.","expression":"c_cop","category":"personality"},{"text":"제가 도움을 줄 수 있는 부분이면 협동을 통해서 그 문제를 해결해 나갈 수 있도록 하겠습니다.","expression":"c_cop","category":"personality"}],"summary":{"text":"네팀에서 일을 하다 보면 의욕이 없고 본인이 하기 싫은 일을 하는 동료가 있을 때는 어려움이 많습니다. 하지만 그 업무를 성실히 수행해야 한다고 생각하여 적극적으로 이야기를 해보는 편입니다. 서로 피해를 약간씩 주더라고 하더라도 팀이기 때문에 같이 협동이 필요한 것 같습니다. 제가 도움을 줄 수 있는 부분이면 협동을 통해서 그 문제를 해결해 나갈 수 있도록 하겠습니다.","wordCount":54}}},"rawDataInfo":{"question":{"fileFormat":"wav","fileSize":433998,"duration":13560,"samplingBit":16,"channelCount":1,"samplingRate":"16kHz","audioPath":"/Mock/01.Management/Female/Experienced/ckmk_q_bm_f_e_118941.wav"},"answer":{"fileFormat":"wav","fileSize":2750158,"duration":85940,"samplingBit":16,"channelCount":1,"samplingRate":"16kHz","audioPath":"/Mock/01.Management/Female/Experienced/ckmk_a_bm_f_e_118941.wav"}}}