{"version":"1.0","dataSet":{"info":{"date":"20230116","occupation":"BM","channel":"MOCK","place":"ONLINE","gender":"FEMALE","ageRange":"35-44","experience":"EXPERIENCED"},"question":{"raw":{"text":"어 지원자님께서 어 지금까지 인생을 살면서 어 가장 후회되는 일이 있으신가요 있으시다면 이제 어떤 일인지 한 가지만 골라서 설명해 주시기를 바랍니다","wordCount":21},"emotion":[],"intent":[]},"answer":{"raw":{"text":"제가 가장 후회하는 일은 외국어 공부를 하지 않았던 것 같습니다. 글로벌 사회가 되면서 점점 외국어가 필수화 되어가고 있는데요. 소수하게는 외국 여행에서 불편하고 현실적으로는 직장 생활에서의 필요를 채우지 못한 것 같아 외국어를 익히지 않은 것 않은 일을 후회하고 있는 것 같습니다. 물론 외국어를 익히지 않아도 할 수 있는 일이 많지만 더 높은 직급으로 올라갈수록 외국 회사와 교류나 할 일이 많아지기 때문에 외국어의 활용도가 높아질 수 있겠다는 생각이 듭니다. 저는 지금이라도 늦지 않았다 라고 생각하고 있고 인생에서 가장 후회되는 일이 외국어를 공부하지 않은 것이 되지 않기 위해서 현재도 꾸준히 영어를 공부하고 있습니다.","wordCount":90},"emotion":[],"intent":[{"text":"","expression":"","category":"attitude"}],"summary":{"text":"글로벌 사회가 되면서 점점 외국어가 필수화 되어가고 있는데, 저는 인생에서 가장 후회되는 일이 외국어를 공부하지 않은 것이 되지 않기 위해서 현재도 꾸준히 영어를 공부하고 있습니다.","wordCount":25}}},"rawDataInfo":{"question":{"fileFormat":"wav","fileSize":487758,"duration":15240,"samplingBit":16,"channelCount":1,"samplingRate":"16kHz","audioPath":"/Mock/01.Management/Female/Experienced/ckmk_q_bm_f_e_209533.wav"},"answer":{"fileFormat":"wav","fileSize":1687758,"duration":52740,"samplingBit":16,"channelCount":1,"samplingRate":"16kHz","audioPath":"/Mock/01.Management/Female/Experienced/ckmk_a_bm_f_e_209533.wav"}}}