{"version":"1.0","dataSet":{"info":{"date":"20230116","occupation":"BM","channel":"MOCK","place":"ONLINE","gender":"FEMALE","ageRange":"-34","experience":"EXPERIENCED"},"question":{"raw":{"text":"혹시 상사가 업무와 무관한 일을 시킨다면 잘 수행할 자신이 있나요 아니면 수행하지 않겠다고 하실 건가요","wordCount":15},"emotion":[],"intent":[]},"answer":{"raw":{"text":"업무와 무관한 일이 있다면 저는 수행하지 않을 것입니다. 업무와의 유관성이 전혀 없이 상사가 개인적인 부탁을 한다면 그것은 들어주지 말아야 합니다. 상사와 부하는 회사에서 업무로 엮인 사이입니다. 그러나 업무와는 상관없으면 사적인 일을 시키는 것인데 사적 회사의 직원과 사적인 영역에서 엮기는 것은 옳지 않기 때문입니다. 업무와 무관한 사적 영역에 대한 지시를 상사가 한다면 그것은 노동법 위반입니다. 또한 업무 상사가 몇몇 직원들과 사적인 관계를 맺어 간다면 그것은 팀 분위기도 해치는 일입니다. 당장 짧게 본다면 업무와 무관한 일을 해도 수행하는 것이 나아 보일 수 있지만 일부에 그리고 팀 전체 조직 전체를 생각한다면 상사의 개인적인 부탁은 들어주지 않는 것이 맞습니다. 상사의 개인적인 부탁을 듣다가 생긴 문제는 회사에 문제가 될 수도 있기 때문에 그러한 사적인 부탁은 원천 차단해야 합니다.","wordCount":113},"emotion":[],"intent":[{"text":"","expression":"","category":"attitude"}],"summary":{"text":"업무와의 유관성이 전혀 없이 상사가 개인적인 부탁을 한다면 그것은 들어주지 말아야 합니다. 상사의 개인적인 부탁을 듣다가 생긴 문제는 회사에 문제가 될 수도 있기 때문에 그러한 사적인 부탁은 원천 차단해야 합니다.","wordCount":30}}},"rawDataInfo":{"question":{"fileFormat":"wav","fileSize":298958,"duration":9340,"samplingBit":16,"channelCount":1,"samplingRate":"16kHz","audioPath":"/Mock/01.Management/Female/Experienced/ckmk_q_bm_f_e_200579.wav"},"answer":{"fileFormat":"wav","fileSize":2652878,"duration":82900,"samplingBit":16,"channelCount":1,"samplingRate":"16kHz","audioPath":"/Mock/01.Management/Female/Experienced/ckmk_a_bm_f_e_200579.wav"}}}