{"version":"1.0","dataSet":{"info":{"date":"20230116","occupation":"BM","channel":"MOCK","place":"ONLINE","gender":"FEMALE","ageRange":"35-44","experience":"EXPERIENCED"},"question":{"raw":{"text":"입사 후에 근무를 하면서 정작 지원한 분야가 본인과 잘 맞지 않는다는 사실을 깨닫게 된다면 어떻게 하실 건가요","wordCount":17},"emotion":[],"intent":[]},"answer":{"raw":{"text":"그래도 저는 다시 해볼 것 같습니다. 잘 맞지 않는 것과 잘 하지 못하는 것은 다르다고 생각합니다. 제가 지원한 분야는 제가 관심이 있고 잘 할 수 있겠다 있다고 생각하기 때문에 지원을 했을 것입니다. 물론 그 업무가 저한테 잘 맞지 않을 경우 스트레스를 받을 수 있겠지만 조금 더 배워 본다는 마음으로 해보다 보면 다시 흥미를 가질 수도 있고 그렇게 되면 할 수 있다는 자신감이 생기기 때문에 쉽게 포기하지는 않을 것 같습니다. 하지만 이 업무가 잘 맞지 않는 것이 잘 못하는 것으로 이어진다면 그것은 회사에 안 좋은 영향을 끼치기 때문에 인사 팀이 인사 팀에 얘기에서 타 업무로에 순환 근무를 요청해 볼 것 같습니다.","wordCount":100},"emotion":[],"intent":[{"text":"","expression":"","category":"attitude"}],"summary":{"text":"업무가 잘 맞지 않는 것이 잘 못하는 것으로 이어진다면 그것은 회사에 안 좋은 영향을 끼치기 때문에 인사 팀이 인사 팀 얘기기에서 타 업무로에 순환 근무를 요청해 볼 것 같습니다.","wordCount":29}}},"rawDataInfo":{"question":{"fileFormat":"wav","fileSize":324878,"duration":10150,"samplingBit":16,"channelCount":1,"samplingRate":"16kHz","audioPath":"/Mock/01.Management/Female/Experienced/ckmk_q_bm_f_e_199086.wav"},"answer":{"fileFormat":"wav","fileSize":1628878,"duration":50900,"samplingBit":16,"channelCount":1,"samplingRate":"16kHz","audioPath":"/Mock/01.Management/Female/Experienced/ckmk_a_bm_f_e_199086.wav"}}}