{"version":"1.0","dataSet":{"info":{"date":"20230116","occupation":"BM","channel":"MOCK","place":"ONLINE","gender":"FEMALE","ageRange":"-34","experience":"EXPERIENCED"},"question":{"raw":{"text":"만약 지원자님이 직무에 맞지 않는 일을 하게 된다면 어떻게 하실 건가요 그래도 괜찮으시겠습니까","wordCount":13},"emotion":[],"intent":[]},"answer":{"raw":{"text":"저는 제 직무에 맞지 않는 일을 하게 될 수도 있다고 생각합니다. 왜냐하면 모든 일이 저의 직무와 직무가 저의 성향과 맞다고 생각하지 않기 때문입니다. 일을 함에 있어서 제가 좋아하는 일 그리고 저의 성향에 맞는 일만 할 수 있다고는 생각하지 않습니다. 따라서 저는 그러한 일을 하게 되었을 때 먼저 그 일을 제가 어떻게 잘 해낼 수 있을지 그 일을 어떻게 저에게 맞도록 조정해서 할 수 있는지 그런 방법들에 대해서 개선 방안을 먼저 생각할 것입니다. 그리고 그런 개선 방안을 실행했을 때 그러함에도 불구하고 저의 직무가 저와 잘 맞지 않는다고 판단이 선다면 그때는 이제 저의 직무와 관련된 일을 바꿀 수 있도록 상사에게 요청해 볼 것입니다. 저는 단순히 직무가 맞지 않는다는 이유만 드는 것이 아니라 저의 직무가 저의 성향과 왜 맞지 않는지 그 이유를 설명하면서 제가 직무를 바꿀 수 있는 이유에 대해서 납득시키고 직무를 바꿀 수 있도록 노력해 볼 것입니다. 감사합니다.","wordCount":136},"emotion":[],"intent":[{"text":"","expression":"","category":"attitude"}],"summary":{"text":"저는 어떤 일을 하게 되었을 때 일을 어떻게 잘 해낼 수 있을지 그 일을 어떻게 나에게 맞도록 조정해서 할 수 있는지 개선 방안을 먼저 생각할 것이고 실행했을 때 직무가 잘 맞지 않는다고 판단되면 제가 직무와 관련된 일을 바꿀 수 있도록 상사에게 요청해 볼 것입니다.","wordCount":44}}},"rawDataInfo":{"question":{"fileFormat":"wav","fileSize":307278,"duration":9600,"samplingBit":16,"channelCount":1,"samplingRate":"16kHz","audioPath":"/Mock/01.Management/Female/Experienced/ckmk_q_bm_f_e_180539.wav"},"answer":{"fileFormat":"wav","fileSize":2511118,"duration":78470,"samplingBit":16,"channelCount":1,"samplingRate":"16kHz","audioPath":"/Mock/01.Management/Female/Experienced/ckmk_a_bm_f_e_180539.wav"}}}