{"version":"1.0","dataSet":{"info":{"date":"20230116","occupation":"BM","channel":"MOCK","place":"ONLINE","gender":"FEMALE","ageRange":"-34","experience":"EXPERIENCED"},"question":{"raw":{"text":"지원자님의 성격상 장점과 단점에 대해서 각각 말씀 부탁드립니다 가능하다면 구체적인 예시를 들어서 말씀해 주셔도 좋을 것 같습니다","wordCount":17},"emotion":[],"intent":[]},"answer":{"raw":{"text":"어 저의 성격은 꼼꼼함임입니다. 어 업무적으로 그 꼼꼼해야 될 일이 많았습니다. 그래서 어 저는 그 무역회사에 일했을 때도 일정 스케줄과 또 그 의류 납품 기간들을 꼭 지켰어야 됐기 때문에 이런 것을 잘 스케줄화 하고 또 제대로 나갔는지 또 불량률은 없는지 꼼꼼하게 체크하는 습관 덕분에 어 저는 꼼꼼한 성격을 갖출 수 있었게 되었고 단점으로는 음 매사에 고민이 많다 보니 어 의사결정을 하고 또 선택을 하는 데 쪼금 시간을 지체하기도 합니다. 어 이런 것 단점을 저도 알고 있어서 그것을 극복하기 위해서 어떤 문제에 있어서 혼자 고민하기보다는 주위 사람들과 함께 어 최선의 결정상이 어떤 것인지 함께 고민하고 어 조언을 구하는 습관을 기르게 되었습니다.","wordCount":100},"emotion":[],"intent":[{"text":"어 저의 성격은 꼼꼼함임입니다.","expression":"c_person","category":"background"},{"text":"그래서 어 저는 그 무역회사에 일했을 때도 일정 스케줄과 또 그 의류 납품 기간들을 꼭 지켰어야 됐기 때문에 이런 것을 잘 스케줄화 하고 또 제대로 나갔는지 또 불량률은 없는지 꼼꼼하게 체크하는 습관 덕분에 어 저는 꼼꼼한 성격을 갖출 수 있었게 되었고 단점으로는 음 매사에 고민이 많다","expression":"m_sche","category":"technology"}],"summary":{"text":"업무적으로 꼼꼼해야 될 일이 많아 스케줄화하고 불량률은 없는지 체크하는 습관을 가졌습니다. 단점으로는 의사결정을 하고 선택을 하는데 시간을 지체하기도 합니다. 그래서 주위 사람들과 함께 최선의 결정상이 어떤 것인지 고민하고 조언을 구하게 되었습니다.","wordCount":31}}},"rawDataInfo":{"question":{"fileFormat":"wav","fileSize":603598,"duration":18860,"samplingBit":16,"channelCount":1,"samplingRate":"16kHz","audioPath":"/Mock/01.Management/Female/Experienced/ckmk_q_bm_f_e_236406.wav"},"answer":{"fileFormat":"wav","fileSize":2258638,"duration":70580,"samplingBit":16,"channelCount":1,"samplingRate":"16kHz","audioPath":"/Mock/01.Management/Female/Experienced/ckmk_a_bm_f_e_236406.wav"}}}