{"version":"1.0","dataSet":{"info":{"date":"20230116","occupation":"BM","channel":"MOCK","place":"ONLINE","gender":"FEMALE","ageRange":"45-54","experience":"EXPERIENCED"},"question":{"raw":{"text":"면접자분 지금까지 살아오시면서 새로운 환경에서 전혀 몰랐던 일을 맡아서 한 경험이 있으신가요 있다면 소개해 주세요","wordCount":15},"emotion":[],"intent":[]},"answer":{"raw":{"text":"네 전혀 몰랐던 일을 새로운 환경에서 맡아본 경험이 있습니다. 정말 저에게는 신세계 같았던 일이었고 너무도 즐거웠던 일이었습니다. 워터 파크에서 안전 요원을 했었습니다. 늘 책상에만 앉아 있던 저에게는 그 일은 정말로 신세계의 경험을 해 주었습니다. 움직이고 돌아다니고 활동성이 있는 일을 맡아 본 이후에 저에게도 그런 일이 맞는구나 라고 여기게 되었습니다. 그런 기회가 있다면 다시 한 번 해보고 싶습니다.","wordCount":57},"emotion":[{"text":"정말 저에게는 신세계 같았던 일이었고 너무도 즐거웠던 일이었습니다.","expression":"p-happiness","category":"positive"},{"text":"워터 파크에서 안전 요원을 했었습니다.","expression":"u-fact","category":"neutral"}],"intent":[{"text":"","expression":"","category":"attitude"}],"summary":{"text":"새로운 환경에서 안전 요원 일을 맡았던 경험은 저에게는 신세계 같은 일이었고 너무도 즐거웠습니다. 이런 경험이 있다면 다시 한 번 해보고 싶습니다.","wordCount":21}}},"rawDataInfo":{"question":{"fileFormat":"wav","fileSize":454478,"duration":14200,"samplingBit":16,"channelCount":1,"samplingRate":"16kHz","audioPath":"/Mock/01.Management/Female/Experienced/ckmk_q_bm_f_e_105085.wav"},"answer":{"fileFormat":"wav","fileSize":1700878,"duration":53150,"samplingBit":16,"channelCount":1,"samplingRate":"16kHz","audioPath":"/Mock/01.Management/Female/Experienced/ckmk_a_bm_f_e_105085.wav"}}}