{"version":"1.0","dataSet":{"info":{"date":"20230116","occupation":"BM","channel":"MOCK","place":"ONLINE","gender":"FEMALE","ageRange":"35-44","experience":"EXPERIENCED"},"question":{"raw":{"text":"지원자님께서 지금 본인이 내일 죽는다는 사실을 안다면 당장 뭘 할 것인가요 이 면접을 끝까지 계속 보실 수 있으실까요 설명해 주세요","wordCount":20},"emotion":[],"intent":[]},"answer":{"raw":{"text":"박 차고 나가죠. 네 지금 여기서 이렇게 얘기할 시간이 없어요. 하나도 하나도 고민도 하지 않고 나갈 겁니다. 내일 죽는데 그럼 정말 몇 시간 안 남았거든요. 음 먹고 싶은 거 다 먹고 그냥 하고 싶은 거 다 할 것 같아요. 음 하나 뭐 걸리는 거 없이 그냥 정말 법이라는 거에 전혀 구애받지 않고 하고 몸이 하고 싶은 대로 그냥 제 마음이 따라가는 대로 다 할려고 할 거 같아요. 왜 이런 생각이 들까 억울한 거일까요. 그런데 왜 억울한 생각이 들까 그냥 죽는 그 순간까지 나름대로 떳떳하고 깨끗하게 살려고 할 수도 있을 것 같은데 지금 이런 얘기를 드니까 들으니까 그런 쪽보다는 그냥 하고 싶은거 하자 주의로 생각이 드네요 무슨 쾌락주의 같이. 근데 그냥 먹는 게 제일 많이 그냥 다 먹으려고 할 것 같아요. 네 뭐 탈 나는 거 다 상관없이 어차피 내일 죽는데 다 신체 기관이 다 멈추는데 뭐 하러 먹자 그럴 거 같애요.","wordCount":141},"emotion":[],"intent":[{"text":"","expression":"","category":"attitude"}],"summary":{"text":"법이라는 거에 구애받지 않고 그냥 제 마음이 따라가는 대로 다 할 것 같습니다. 왜 이런 생각이 들까 억울한 생각인데, 그냥 하고 싶은거 하자 주의로 생각이 듭니다. 다 상관없이 그럴 거 같습니다.","wordCount":31}}},"rawDataInfo":{"question":{"fileFormat":"wav","fileSize":484238,"duration":15130,"samplingBit":16,"channelCount":1,"samplingRate":"16kHz","audioPath":"/Mock/01.Management/Female/Experienced/ckmk_q_bm_f_e_142669.wav"},"answer":{"fileFormat":"wav","fileSize":2907598,"duration":90860,"samplingBit":16,"channelCount":1,"samplingRate":"16kHz","audioPath":"/Mock/01.Management/Female/Experienced/ckmk_a_bm_f_e_142669.wav"}}}