{"version":"1.0","dataSet":{"info":{"date":"20230116","occupation":"BM","channel":"MOCK","place":"ONLINE","gender":"FEMALE","ageRange":"45-54","experience":"EXPERIENCED"},"question":{"raw":{"text":"만약 본인이 상사가 회사의 이익에 반하는 행동하는 것을 직접 목격했습니다 그때 어떻게 행동하실 건가요","wordCount":14},"emotion":[],"intent":[]},"answer":{"raw":{"text":"어 당장에 어떤 걸 하지는 않을 것 같아요. 네 그러니까 왜 그랬는지 그 나름대로 혼자 조금 알아보는 시간을 갖고 기준에 그게 설득이 안되고 적합하지 않으면 바로 보고 할 거 같습니다 회사에. 그까 회사의 이익에 반한다는 게 무조건 나쁜 건 아니라고 생각을 해요. 회사에 이익에 좋아야지 뭐 모든 게 옳고 이런 건 아니잖아요. 그런데 여러 가지 가능성들이 있는 거죠. 어떤 쪽이 더 윤리적인 행동이었는지와 여러 가지 부분들이 있는 건데 음 그게 직접 목격한 그 목격자의 시선에서 제일 조금 설득이 될 수 있는 입장이 어떤 건지 그리고 뭐 이게 법적인 건 아니지만 어떤 내규적인 거로만 따지면 어 뭐 업무 위반 이런 식으로는 상사가 위반을 한 게 맞다고도 볼 수 있기 때문에 고런 부분들을 좀 판단은 할 거 같애요.","wordCount":116},"emotion":[],"intent":[{"text":"","expression":"","category":"attitude"}],"summary":{"text":"회사 이익에 반한다는 게 무조건 나쁜 건 아닙니다. 근데 어떤 쪽이 더 윤리적인 행동이었는지, 목격자의 시선에서 설득이 될 수 있는 입장이 어떤 건지, 내규적인 거로만 보면 업무 위반은 상사가 위반을 한 게 맞다고도 볼 수 있기 때문에 판단을 할 거 같습니다.","wordCount":41}}},"rawDataInfo":{"question":{"fileFormat":"wav","fileSize":348238,"duration":10880,"samplingBit":16,"channelCount":1,"samplingRate":"16kHz","audioPath":"/Mock/01.Management/Female/Experienced/ckmk_q_bm_f_e_179513.wav"},"answer":{"fileFormat":"wav","fileSize":2774478,"duration":86700,"samplingBit":16,"channelCount":1,"samplingRate":"16kHz","audioPath":"/Mock/01.Management/Female/Experienced/ckmk_a_bm_f_e_179513.wav"}}}