{"version":"1.0","dataSet":{"info":{"date":"20230116","occupation":"BM","channel":"MOCK","place":"ONLINE","gender":"FEMALE","ageRange":"55-","experience":"EXPERIENCED"},"question":{"raw":{"text":"지원자님께서는 보고서 등 문서 작성 시 실수를 방지하려면 어떻게 해야 한다고 생각하시는지 알려주세요","wordCount":13},"emotion":[],"intent":[]},"answer":{"raw":{"text":"보고서나 문서 자료 같은 경우에는 말로 하는 커뮤니케이션과 다르게 우리가 고칠 수 없다 라는 점이 조금 더 신중을 가해야 되는 부분 같습니다. 또한 우리가 말로 진행을 하게 된다 라면은 더 많은 커뮤니케이션을 할 수 있지만 문서는 그 내용들을 압축해야 된다 라는 점에서 우리가 실수를 방지하는 게 굉장히 중요한데요. 그래서 저는 중요 문서는 혼자서 더블 체킹이 아니라 여러 사람들과 함께 그 내용을 나눠서 더블 체킹하는 편입니다. 그래야 내 눈에 보이지 않는 것을 다른 사람들이 미리 잡아줄 수도 있고 실수를 방지할 수 있기 때문입니다.","wordCount":82},"emotion":[],"intent":[{"text":"","expression":"","category":"attitude"}],"summary":{"text":"보고서나 문서 자료는 말로 하는 커뮤니케이션 보다 실수 방지가 중요하기 때문에 여러 사람과 함께 내용을 나눠 더블 체킹하는 편입니다. 그래야 제 눈에 보이지 않는 것을 다른 사람들이 미리 잡아줄 수도 있고 실수를 방지할 수 있기 때문입니다.","wordCount":36}}},"rawDataInfo":{"question":{"fileFormat":"wav","fileSize":499278,"duration":15600,"samplingBit":16,"channelCount":1,"samplingRate":"16kHz","audioPath":"/Mock/01.Management/Female/Experienced/ckmk_q_bm_f_e_243989.wav"},"answer":{"fileFormat":"wav","fileSize":2536718,"duration":79270,"samplingBit":16,"channelCount":1,"samplingRate":"16kHz","audioPath":"/Mock/01.Management/Female/Experienced/ckmk_a_bm_f_e_243989.wav"}}}