{"version":"1.0","dataSet":{"info":{"date":"20230116","occupation":"BM","channel":"MOCK","place":"ONLINE","gender":"FEMALE","ageRange":"35-44","experience":"EXPERIENCED"},"question":{"raw":{"text":"지원자님께서는 평소 개인 작업을 많이 하시는 편인가요 만약 그렇다면 그렇게 할 수 있는 원동력은 무엇이라고 생각하십니까","wordCount":16},"emotion":[],"intent":[]},"answer":{"raw":{"text":"네 저는 평소에 많은 사람들과 함께 하는 작업도 진행하고 있지만 개인 작업도 많이 하는 편입니다. 예를 들면은 저 같은 경우에는 프로젝트들을 진행할 때 혼자 진행하는 그런 업무들을 몇 번 맡았었던 경험이 있는데요. 제가 혼자 진행하는 게 사실 굉장히 조금 부담감이 들 때도 있습니다. 왜냐하면 협업을 하게 되면 우리가 어떠한 방향으로 나갈지 함께 토론을 해서 그 방향성을 정하고 또 역할 분담은 어떻게 할지에 대해서 쉐어링하고 나누고 그리고 부담감이 어 책임감에 대해서도 조금 부담감을 나눌 수도 있는 기회들이 있기 때문입니다. 다만 혼자 작업을 하게 되면 에이부터 씨까지 다 제가 계획하고 실행에 옮겨야 되기 때문에 좀 그런 부분들이 힘들 때도 있습니다. 그렇지만 제가 그렇게 할 수 있는 원동력은 제가 처음부터 끝까지 다 했기 때문에 마지막에 결과를 얻었을 때 굉장히 뿌듯한다는 그런 점입니다. 저는 이러한 보람감이 제 삶의 원동력 입니다.","wordCount":126},"emotion":[{"text":"그렇지만 제가 그렇게 할 수 있는 원동력은 제가 처음부터 끝까지 다 했기 때문에 마지막에 결과를 얻었을 때 굉장히 뿌듯한다는 그런 점입니다.","expression":"p-achievement","category":"positive"}],"intent":[{"text":"","expression":"","category":"attitude"}],"summary":{"text":"개인 작업도 많이 합니다. 협업을 할 때 방향성, 역할 분담 등을 공유할 수 있어 부담감이 들 때도 있지만, 처음부터 끝까지 다 했기 때문에 결과를 얻었을 때 뿌듯하고 뿌듯하다는 보람감이 제 삶의 원동력입니다.","wordCount":32}}},"rawDataInfo":{"question":{"fileFormat":"wav","fileSize":457038,"duration":14280,"samplingBit":16,"channelCount":1,"samplingRate":"16kHz","audioPath":"/Mock/01.Management/Female/Experienced/ckmk_q_bm_f_e_195847.wav"},"answer":{"fileFormat":"wav","fileSize":2670798,"duration":83460,"samplingBit":16,"channelCount":1,"samplingRate":"16kHz","audioPath":"/Mock/01.Management/Female/Experienced/ckmk_a_bm_f_e_195847.wav"}}}