{"version":"1.0","dataSet":{"info":{"date":"20230116","occupation":"BM","channel":"MOCK","place":"ONLINE","gender":"FEMALE","ageRange":"45-54","experience":"EXPERIENCED"},"question":{"raw":{"text":"협업을 하는 과제가 있고 혼자서 스스로 해결하는 과제가 있다고 생각해 봅시다 그와 같은 두 가지 타입의 과제들 가운데에 무엇을 더 선호하시는지 그와 같은 이유도 함께 이야기해 주시면 좋겠습니다","wordCount":28},"emotion":[],"intent":[]},"answer":{"raw":{"text":"저는 혼자요. 네 혼자 하는 걸 제일 좋아해요. 그런데 혼자 뭘 해낼 혼자 무얼 해야 할 기회가 없어요. 네 왜냐하면 저한테 뭘 맡기기 때문에 제가 그걸 맡은 책임자로서 헤더로서 장으로서 그걸 이끌어 나가야 되기 때문에 저 혼자 무언가 맡는 일은 없어요. 이제는 그래서 단순한 선호도만 따지면 저는 혼자 하는 게 제일 좋죠. 둘 중에 고를 수 있다면 무조건 저 혼자 하는 거죠 그냥 뭐. 듣기 싫은데 들어야 될 필요도 없고 네 그냥 피곤함이 싹 사라지잖아요. 네 제가 하고 싶은 대로 다 하면 되고 왜냐하면 그 제가 하고 싶은 이유는 또 제 나름대로의 어떤 이제까지의 경험치들로 미루어서 나온 저만의 어떤 철학이 담겨있는 거 그런 선택일 거기 때문에 네 뭐 이건 고민의 여지가 없죠. 무조건 혼자 하는 게 좋습니다.","wordCount":117},"emotion":[],"intent":[{"text":"","expression":"","category":"attitude"}],"summary":{"text":"저는 혼자 하는 걸 제일 좋아하는데 혼자 무엇을 해내고 혼자 무얼 해야 할 기회가 없어요. 둘 중에 고를 수 있다면 무조건 저 혼자 하는 게 좋습니다.","wordCount":26}}},"rawDataInfo":{"question":{"fileFormat":"wav","fileSize":609038,"duration":19030,"samplingBit":16,"channelCount":1,"samplingRate":"16kHz","audioPath":"/Mock/01.Management/Female/Experienced/ckmk_q_bm_f_e_177717.wav"},"answer":{"fileFormat":"wav","fileSize":2724558,"duration":85140,"samplingBit":16,"channelCount":1,"samplingRate":"16kHz","audioPath":"/Mock/01.Management/Female/Experienced/ckmk_a_bm_f_e_177717.wav"}}}