{"version":"1.0","dataSet":{"info":{"date":"20230116","occupation":"BM","channel":"MOCK","place":"ONLINE","gender":"FEMALE","ageRange":"-34","experience":"EXPERIENCED"},"question":{"raw":{"text":"지원자님께서 전 직장이나 아니면 학교 생활을 할 때 직면한 어려운 문제를 해결하기 위해 어떤 아이디어를 제공하였고 그 그것은 무엇이었는지 말씀해 주세요","wordCount":21},"emotion":[],"intent":[]},"answer":{"raw":{"text":"네 저는 여러 가지 팀 프로젝트를 하다가 저의 아이디어를 통해서 어 조금 더 어 업무의 효율성을 높인 그런 사례가 있었습니다. 어 제가 전에 다니던 회사에서 업무별로 성과를 평가를 했습니다. 특히 각 팀별로 그 성과 업무를 제시하라는 지시가 내려왔는데요. 일 년 동안의 성과 중에서 어 팀원에서 가장 두드러지고 그리고 실적이 좋은 그런 성과들을 제출을 하라고 지시가 내려왔습니다. 그래서 저 같은 경우에는 그중에서 제가 성과 지표를 여러 가지로 따지다가 저희가 다른 부서만의 좀 협업을 통해서 진행한 프로젝트가 있었습니다. 그래서 그 프로젝트를 제안을 드렸고요. 그리고 제가 기획이라던가 아니면 보고서 작성 그리고 성과 지출 부분에 대한 부분을 제가 모두 마무리를 했습니다. 어 제가 막내였는데도 불구하고 그 업무를 담당을 하면서 어 정말 여러 가지로 힘든 점도 많았지만 그리고 우리 팀에 대해서 다시 한번 생각하는 계기가 됐던 것 같습니다. 아무래도 다른 선배분들께서 다른 업무로 바쁘셔서 제가 그 업무를 맡게 됐는데 그래도 회사 사내 내에서 가장 좋은 평가를 받아서 아주 좋았던 그런 기억이 있습니다. 앞으로도 저는 이런 아이디어를 바탕으로 업무를 효율적으로 개선하도록 하겠습니다.","wordCount":156},"emotion":[],"intent":[{"text":"그래서 저 같은 경우에는 그중에서 제가 성과 지표를   여러 가지로 따지다가 저희가 다른 부서만의 좀 협업을 통해서 진행한 프로젝트가   있었습니다.","expression":"c_cop","category":"personality"}],"summary":{"text":"업무의 효율성을 높인 사례가 있습니다. 회사에서 일 년 동안의 성과 중 팀원 중 가장 두드러지고 실적이 좋은 성과들을 제출하라는 지시가 내려왔습니다. 그래서 제가 다른 부서만의 협업으로 진행한 프로젝트에 대한 제안을 했고, 기획, 보고서 작성, 성과 지출 부분을 마무리했습니다. 막내임에도 회사 내에서 가장 좋은 평가를 받아서 아주 좋았던 기억입니다. 앞으로 업무를 효율적으로 개선하도록 하겠습니다.","wordCount":53}}},"rawDataInfo":{"question":{"fileFormat":"wav","fileSize":522318,"duration":16320,"samplingBit":16,"channelCount":1,"samplingRate":"16kHz","audioPath":"/Mock/01.Management/Female/Experienced/ckmk_q_bm_f_e_140170.wav"},"answer":{"fileFormat":"wav","fileSize":2830798,"duration":88460,"samplingBit":16,"channelCount":1,"samplingRate":"16kHz","audioPath":"/Mock/01.Management/Female/Experienced/ckmk_a_bm_f_e_140170.wav"}}}