{"version":"1.0","dataSet":{"info":{"date":"20230116","occupation":"BM","channel":"MOCK","place":"ONLINE","gender":"FEMALE","ageRange":"55-","experience":"EXPERIENCED"},"question":{"raw":{"text":"만약에 지원장님의 직무와 맞지 않는 일을 하시게 된다면 어떻게 하시겠습니까 그래도 괜찮으세요","wordCount":12},"emotion":[],"intent":[]},"answer":{"raw":{"text":"네 어 직무에 맞지 않는 일이라는 게 어떤 일인지는 확실히 모르겠지만요. 제가 이 회사에 들어온 이상은 모든 일이 이 회사에 필요한 일이라고 생각을 합니다. 그래서 직무에 맞지 않는 일이라는 건 없을 것 같아요. 그래서 저에게 주어진 일이라면 아 제가 할 수 있다는 생각을 하고 저한테 주어졌기 때문에 그 일을 끝까지 열심히 어 해보도록 하겠습니다. 저한테 직무에 맞지 않는 일을 줄 주시지는 않을 것 같습니다. 내가 해결을 할 수 있으니까 그 일을 저에게 주신 거겠죠. 그리고 끝까지 그 일을 해나가야 된다고 생각합니다. 귀 회사에서 저에게 직무에 어 맞지 않는 일 그것을 줄 거라고 생각은 하지 않습니다. 그까 직무에 맞지 않는 일을 주더라도 저는 그 일을 끝까지 어 실행해 나갈 생각이 있습니다. 네 괜찮습니다.","wordCount":112},"emotion":[],"intent":[{"text":"","expression":"","category":"attitude"}],"summary":{"text":"직무에 맞지 않는 일은 없을 것 같습니다. 제가 할 수 있다고 생각하고 저한테 주어진 일이라면 끝까지 열심히 해보겠습니다. 귀 회사에서 그렇게 줄 것이라 생각하지는 않습니다. 그렇지만 그 일을 끝까지 실행해 나갈 생각이 있습니다.","wordCount":33}}},"rawDataInfo":{"question":{"fileFormat":"wav","fileSize":369998,"duration":11560,"samplingBit":16,"channelCount":1,"samplingRate":"16kHz","audioPath":"/Mock/01.Management/Female/Experienced/ckmk_q_bm_f_e_189788.wav"},"answer":{"fileFormat":"wav","fileSize":2472398,"duration":77260,"samplingBit":16,"channelCount":1,"samplingRate":"16kHz","audioPath":"/Mock/01.Management/Female/Experienced/ckmk_a_bm_f_e_189788.wav"}}}