{"version":"1.0","dataSet":{"info":{"date":"20230116","occupation":"BM","channel":"MOCK","place":"ONLINE","gender":"FEMALE","ageRange":"-34","experience":"EXPERIENCED"},"question":{"raw":{"text":"지원자께서는 우리 회사에 입사하게 되면 기존에 했던 업무 스타일이 많이 달라질 수도 있는데 어떻게 그 스타일에 잘 적응해 나가실 수 있는지 말씀해 주시겠습니까","wordCount":23},"emotion":[],"intent":[]},"answer":{"raw":{"text":"저는 회사가 바뀌면 당연히 업무 스타일이나 문화가 달라질 수 밖에 없다고 생각을 합니다. 하지만 저의 가장 큰 장점은 그런 점에 유연하게 대응하고 또 변화에 대해서 잘 수렴하는 성격이 있습니다. 그렇기 때문에 제가 입사 이후에 어떤 문화나 환경적인 요소가 바뀔 경우에 저는 그거에 맞춰서 충분히 또 제 역량을 발휘할 수 있다고 생각을 합니다. 어 저는 기본적으로 어떤 새로운 환경 그리고 새로운 경험을 해야 될 때 오히려 원동력이 더 커지는 것 같습니다. 여기서 빨리 적응해서 더 잘하고 싶은 욕심이 있기 때문에 업무 스타일이 변경이 된다고 하더라도 저는 빨리 적응해 낼 수 있을 것 같습니다. 어 실제로 제가 다른 회사에 적응할 때도 다른 사람에 비해서 또 기간이 짧게 빨리 적응하는 측면이 있는데요. 그리고 업무 스타일 뿐만이 아니라 팀원들이나 또 새로운 상사를 만나게 될 것 같습니다. 그런 측면에서도 제가 어 또 사람들 워낙 좋아하고 친화력이 있기 때문에 어 그러한 점들을 잘 적응해 나가면서 업무에 집중하고 또 팀원들과 잘 성과를 이뤄낼 수 있도록 빠르게 적응을 할 수 있을 것 같습니다.","wordCount":155},"emotion":[],"intent":[{"text":"","expression":"","category":"attitude"}],"summary":{"text":"회사 변화가 업무 스타일이나 문화를 바꿀 수 밖에 없지만, 유연하게 대응하고 변화에 수렴하는 성격이 있어서 입사 이후 어떤 문화나 환경적인 요소가 바뀔 경우 그에 맞춰서 역량을 발휘할 수 있다 생각합니다. 새로운 환경과 경험을 해야 될 때 원동력이 더 커지는 것 같습니다. 다른 회사에 적응할 때도 다른 사람에 비해서 기간이 짧게 빨리 적응하는 측면이 있습니다.","wordCount":54}}},"rawDataInfo":{"question":{"fileFormat":"wav","fileSize":494798,"duration":15460,"samplingBit":16,"channelCount":1,"samplingRate":"16kHz","audioPath":"/Mock/01.Management/Female/Experienced/ckmk_q_bm_f_e_155936.wav"},"answer":{"fileFormat":"wav","fileSize":2741198,"duration":85660,"samplingBit":16,"channelCount":1,"samplingRate":"16kHz","audioPath":"/Mock/01.Management/Female/Experienced/ckmk_a_bm_f_e_155936.wav"}}}