{"version":"1.0","dataSet":{"info":{"date":"20230116","occupation":"BM","channel":"MOCK","place":"ONLINE","gender":"FEMALE","ageRange":"55-","experience":"EXPERIENCED"},"question":{"raw":{"text":"전공 외에 본인이 수준급의 실력이 될 정도로 노력한 것이 있을까요 있다면 전공과 관련해 어떤 도움을 주는지도 말씀해 주세요","wordCount":18},"emotion":[],"intent":[]},"answer":{"raw":{"text":"제가 어 심리학이나 상담 또 신학 공부 외에도 여러 가지 그 전공의 재테크나 부동산 쪽 공부 돈에 대한 공부를 하고 있는데 그게 연결되는 분야가 많이 있어서 어떻게 보면 그 심리학이나 상담 쪽이 사람을 다루는 직종이잖아요. 그러다 보니까 이 재테크나 부동산이나 돈에 대한 공부도 사람을 알아야 가능하더라고요. 그래서 일단은 사람을 관련해서 공부를 할 수 있는 분야라서 도움이 많이 될 거라고 생각이 듭니다. 그래서 전공에 그런 재테크 공부를 지금 진행을 하고 있고 그거를 진행에 대해서 조금 체계화 시키고 있습니다.","wordCount":77},"emotion":[],"intent":[{"text":"","expression":"","category":"attitude"}],"summary":{"text":"심리학이나 상담은 사람을 다루는 직종이다 보니, 재테크나 부동산이나 돈에 대한 공부도 사람을 알아야 합니다. 그래서 전공에 재테크 공부를 지금 진행하고 있고 그것을 체계화 시키고 있습니다.","wordCount":25}}},"rawDataInfo":{"question":{"fileFormat":"wav","fileSize":426318,"duration":13320,"samplingBit":16,"channelCount":1,"samplingRate":"16kHz","audioPath":"/Mock/01.Management/Female/Experienced/ckmk_q_bm_f_e_267505.wav"},"answer":{"fileFormat":"wav","fileSize":1597518,"duration":49920,"samplingBit":16,"channelCount":1,"samplingRate":"16kHz","audioPath":"/Mock/01.Management/Female/Experienced/ckmk_a_bm_f_e_267505.wav"}}}