{"version":"1.0","dataSet":{"info":{"date":"20230116","occupation":"BM","channel":"MOCK","place":"ONLINE","gender":"FEMALE","ageRange":"-34","experience":"EXPERIENCED"},"question":{"raw":{"text":"만약 지원자님께서 우리 회사에 입사를 하시고 난 후에 업무 내용이나 강도가 예상 했던 것보다 전혀 다르다면 지원자님께서는 어떻게 하시겠습니까","wordCount":19},"emotion":[],"intent":[]},"answer":{"raw":{"text":"저는 회사에 입사하였을 때 업무 내용이나 강도가 예상했던 것과 다를 수 있다는 것을 인지하고 있습니다. 현실과 이상은 다를 수 있듯이 입사를 하고 나서도 제가 생각한 것과 다를 수 있다고 생각합니다. 하지만 저는 그것이 제가 생각한 것과 다르고 힘들다고 해서 포기하는 것이 아니라 그 속에서도 배울 점이 있다고 생각할 것입니다. 저는 그 상황에서도 저를 적응시키고 경험을 쌓고 능력치를 단련하는 과정이라고 생각할 것입니다. 따라서 저는 그 상황에서 배울 점을 찾고 더욱 노력하고 적응해 나갈 것입니다. 감사합니다.","wordCount":74},"emotion":[],"intent":[{"text":"","expression":"","category":"attitude"}],"summary":{"text":"저는 회사에 입사하였을 때 업무 내용이나 강도가 예상했던 것과 다를 수 있다는 것을 인지하고 있습니다. 하지만 그 상황에서도 배울 점이 있다고 생각할 것이므로 그 상황에서 배울 점을 찾고 적응해 나갈 것입니다.","wordCount":31}}},"rawDataInfo":{"question":{"fileFormat":"wav","fileSize":377678,"duration":11800,"samplingBit":16,"channelCount":1,"samplingRate":"16kHz","audioPath":"/Mock/01.Management/Female/Experienced/ckmk_q_bm_f_e_178349.wav"},"answer":{"fileFormat":"wav","fileSize":1443598,"duration":45110,"samplingBit":16,"channelCount":1,"samplingRate":"16kHz","audioPath":"/Mock/01.Management/Female/Experienced/ckmk_a_bm_f_e_178349.wav"}}}