{"version":"1.0","dataSet":{"info":{"date":"20230116","occupation":"BM","channel":"MOCK","place":"ONLINE","gender":"FEMALE","ageRange":"-34","experience":"EXPERIENCED"},"question":{"raw":{"text":"아 입사 후에 쉬운 일도 있고 어려운 일도 있을 텐데요 어 이 일에 대한 분배를 어떻게 하실 건지요 어 어떻게 나눠서 처리할 생각인지 말씀해 주시기 바랍니다","wordCount":26},"emotion":[],"intent":[]},"answer":{"raw":{"text":"저는 입사 후 쉬운 일 어려운 일이 있을 때 이에 대한 분배를 우선순위를 정하는 것을 먼저 시작할 것 입니다. 우선순위를 정하는 것은 예를 들어서 어렵지만 중요하고 빨리 처리해야 되는 일이 있을 것이고 어렵지만 비교적 상대적 그렇게 시간이 빨리 필요하지 않고 느리게 처리해도 되는 일이 있을 것입니다. 그리고 쉬운 일이지만 빨리 처리해야 되는 일이 있고 쉬운 일이지만 느리게 처리해도 되는 일이 있을 것입니다. 그 일에 대한 우선순위를 먼저 네 가지로 나누어서 생각한 다음에 어렵지만 중대하고 빨리 처리해야 되는 일을 먼저 우선순위를 두고 그다음에는 어려운 일만 한다면 비교적 쉽지만 중요한 일을 빨리 처리하지 못할 수 있기 때문에 그다음으로 쉽지만 빨리 처리해야 되는 일을 하고 그리고 어렵지만 느려도 되는 일 그리고 쉽고 느리게 진행해도 되는 일을 우선순위로 매겨서 일을 순차적으로 처리해 나가는 프로세스를 따를 것입니다. 감사합니다.","wordCount":123},"emotion":[],"intent":[{"text":"그 일에 대한 우선순위를 먼저 네 가지로 나누어서 생각한 다음에 어렵지만 중대하고 빨리 처리해야 되는 일을 먼저 우선순위를 두고 그다음에는 어려운 일만 한다면 비교적 쉽지만 중요한 일을 빨리 처리하지 못할 수 있기 때문에 그다음으로 쉽지만 빨리 처리해야 되는 일을 하고 그리고 어렵지만 느려도 되는 일 그리고 쉽고 느리게 진행해도 되는 일을 우선순위로 매겨서 일을 순차적으로 처리해 나가는 프로세스를 따를 것입니다.","expression":"m_sche","category":"technology"}],"summary":{"text":"저는 입사 후 쉬운 일 어려운 일이 있을 때 우선순위를 정하는 것을 먼저 시작하겠습니다. 우선순위를 네 가지로 나누어서 생각한 뒤에 어려운 일은 어려운 일을 우선으로 두고 쉬운 일은 나중에 하고 어려운 일은 나중에 우선순위로 매겨서 일을 순차적으로 처리해 나가는 프로세스를 따를 것입니다.","wordCount":42}}},"rawDataInfo":{"question":{"fileFormat":"wav","fileSize":480718,"duration":15020,"samplingBit":16,"channelCount":1,"samplingRate":"16kHz","audioPath":"/Mock/01.Management/Female/Experienced/ckmk_q_bm_f_e_180558.wav"},"answer":{"fileFormat":"wav","fileSize":2445518,"duration":76420,"samplingBit":16,"channelCount":1,"samplingRate":"16kHz","audioPath":"/Mock/01.Management/Female/Experienced/ckmk_a_bm_f_e_180558.wav"}}}