{"version":"1.0","dataSet":{"info":{"date":"20230116","occupation":"BM","channel":"MOCK","place":"ONLINE","gender":"FEMALE","ageRange":"35-44","experience":"EXPERIENCED"},"question":{"raw":{"text":"이전 직장을 퇴사한 특별한 이유가 있나요 그리고 현 직장도 그와 같은 이유로 그만둘 가능성이 있을까요","wordCount":15},"emotion":[],"intent":[]},"answer":{"raw":{"text":"제가 이전 직장을 그만둔 이유는 출산과 육아 때문이었습니다. 육아 휴직을 따로 주지 않아서 출산 휴가 삼 개월 만에 다시 복직을 했습니다. 아무래도 육아와 업무를 동시에 하는 워킹맘의 현실은 너무나 힘이 들었습니다. 어 도움을 줄 수 있는 조부모나 도우미들이 없더라면 더욱더 힘든 상황이라 직장을 그만둘 수밖에 없었습니다. 지금은 아이가 어느 정도 컸고 도움을 줄 수 있는 조부모가 옆에 계시기 때문에 아마 같은 이유로 그만 둘 가능성은 없을 것 같습니다. 그리고 최근에는 뭐 단축 업무라든가 여러 가지 혜택들이 국가에서 지원이 되는 부분이 있어서 이런 부분만 회사에서 조금 더 지원을 해주거나 도와주신다면 그만둘 계획 없이 이제 업무를 잘 할 수 있을 것 같습니다.","wordCount":100},"emotion":[{"text":"제가 이전 직장을 그만둔 이유는 출산과 육아 때문이었습니다.","expression":"u-fact","category":"neutral"},{"text":"육아 휴직을 따로 주지 않아서 출산 휴가 삼 개월 만에 다시 복직을 했습니다.","expression":"u-fact","category":"neutral"}],"intent":[{"text":"","expression":"","category":"attitude"}],"summary":{"text":"워킹맘인 저는 출산과 육아 휴직이 따로 주어지지 않아 출산 휴가 삼 개월 만에 복직을 했습니다. 도움을 줄 수 있는 조부모나 도우미가 없어 직장을 그만둘 수 밖에 없었지만, 최근 단축 업무나 여러 혜택들이 국가에서 지원돼서 그만둘 계획 없이 업무를 잘 할 것 같습니다.","wordCount":42}}},"rawDataInfo":{"question":{"fileFormat":"wav","fileSize":432078,"duration":13500,"samplingBit":16,"channelCount":1,"samplingRate":"16kHz","audioPath":"/Mock/01.Management/Female/Experienced/ckmk_q_bm_f_e_198455.wav"},"answer":{"fileFormat":"wav","fileSize":1684238,"duration":52630,"samplingBit":16,"channelCount":1,"samplingRate":"16kHz","audioPath":"/Mock/01.Management/Female/Experienced/ckmk_a_bm_f_e_198455.wav"}}}