{"version":"1.0","dataSet":{"info":{"date":"20230116","occupation":"BM","channel":"MOCK","place":"ONLINE","gender":"FEMALE","ageRange":"45-54","experience":"EXPERIENCED"},"question":{"raw":{"text":"지원자님 주변에 친구들 중에 한 분을 골라서 칭찬을 해주시기 바랍니다 아주 구체적이고 자세한 칭찬일수록 좋습니다","wordCount":15},"emotion":[],"intent":[]},"answer":{"raw":{"text":"음 제 친구 중에 헤어 아티스트가 있는데요. 그 친구는 제가 그 친구를 참 좋아해요. 왜냐하면 참 시원시원한 친구예요. 네 아 적당한 소신이 있고 절대 그게 뭐 나이가 있다거나 경력이 많다거나 자기에 어떤 전문 분야라고 해서 특유의 어떤 꼰대스러움도 없고 되게 일을 시원시원하고 빠릿빠릿하게 아주 잘 완성형으로 잘 진행을 하는 스타일이구요. 그리고 시간에 있어서도 굉장히 철저합니다. 뭐 일하는 데 있어서 이 친구와 일할 때 뭐 그냥 불만을 가진 적이 없었던 것 같아요. 그 오랜 시간을 함께 협업을 해 봤지만 그래서 스케줄 정리부터 시작해서 모든 게 아주 깔끔하게 처리를 해서 저희 촬영하는 데 전혀 지장이 없고 그래서 뭐 저희 딜레이 된 적도 없고 정말 네 프로 의식을 가진 친구라서 헤어 아티스트로서 아주 제가 리스팩합니다.","wordCount":112},"emotion":[],"intent":[{"text":"","expression":"","category":"attitude"}],"summary":{"text":"헤어 아티스트가 있는데 그 친구를 좋아합니다. 그의 업무는 시원시원하고 완성형이며 시간에 있어서도 철저합니다. 협업을 해 봤지만 모든 게 완벽하게 처리해서 촬영하는데 지장이 없었습니다. 프로 의식을 가진 친구라서 아주 제가 리스팩합니다.","wordCount":30}}},"rawDataInfo":{"question":{"fileFormat":"wav","fileSize":580878,"duration":18150,"samplingBit":16,"channelCount":1,"samplingRate":"16kHz","audioPath":"/Mock/01.Management/Female/Experienced/ckmk_q_bm_f_e_141443.wav"},"answer":{"fileFormat":"wav","fileSize":2862798,"duration":89460,"samplingBit":16,"channelCount":1,"samplingRate":"16kHz","audioPath":"/Mock/01.Management/Female/Experienced/ckmk_a_bm_f_e_141443.wav"}}}