{"version":"1.0","dataSet":{"info":{"date":"20230116","occupation":"BM","channel":"MOCK","place":"ONLINE","gender":"FEMALE","ageRange":"45-54","experience":"EXPERIENCED"},"question":{"raw":{"text":"휴식을 취할 때 지원자님은 주로 어떤 일들을 하시나요 왜 그 일을 하면서 휴식을 취하는지 이유도 함께 말씀해 주세요","wordCount":18},"emotion":[],"intent":[]},"answer":{"raw":{"text":"저 같은 경우에는 휴식을 취할 때에는 주로 업무에서 받는 스트레스들을 잘 제가 핸들링하기 위해서 주로 휴식을 취하곤 합니다. 예를 들어 저 같은 경우는 스트레스를 받게 되면 운동을 통해서 그 스트레스를 많이 해결하려고 하는데요. 대표적으로 저는 달리기가 있습니다. 제가 현재 사는 곳이 집 근처에 달리기를 하기 굉장히 좋은 그런 저수지가 근처에 있습니다. 저녁 시간에 저의 강아지와 함께 밖에 나가게 되면 정말 많은 사람들이 어 일과 후에 달리기를 하는 모습들을 볼 수가 있는데요. 저 역시도 오늘 하루 받았던 그런 스트레스들이 있을 때 많이 걷곤 하면은 그 스트레스들이 해소되고 또 다음날 업무에 복귀할 때도 어 쪼금 에너지가 많이 충족된 상태로 업무를 진행할 수 있는 상태가 된다 라고 생각합니다. 그래서 저는 운동은 꾸준히 하는 것을 중요하게 생각합니다.","wordCount":113},"emotion":[],"intent":[{"text":"","expression":"","category":"attitude"}],"summary":{"text":"업무에서 받는 스트레스들을 제가 핸들링하기 위해서 주로 휴식을 취하곤 하는데, 대표적으로 달리기가 있습니다. 오늘 하루 스트레스들이 있을 때 많이 걷곤 하면은 그 스트레스들이 해소되고 다음날 업무에 복귀할 때도 에너지가 많이 충족된 상태로 업무를 진행할 수 있는 상태가 됩니다.","wordCount":38}}},"rawDataInfo":{"question":{"fileFormat":"wav","fileSize":360398,"duration":11260,"samplingBit":16,"channelCount":1,"samplingRate":"16kHz","audioPath":"/Mock/01.Management/Female/Experienced/ckmk_q_bm_f_e_184680.wav"},"answer":{"fileFormat":"wav","fileSize":2682318,"duration":83820,"samplingBit":16,"channelCount":1,"samplingRate":"16kHz","audioPath":"/Mock/01.Management/Female/Experienced/ckmk_a_bm_f_e_184680.wav"}}}