{"version":"1.0","dataSet":{"info":{"date":"20230116","occupation":"BM","channel":"MOCK","place":"ONLINE","gender":"FEMALE","ageRange":"45-54","experience":"EXPERIENCED"},"question":{"raw":{"text":"지원자님이 생각하는 십 년 후에 미래는 어떤 모습인가요 정말 솔직하게 저희 회사에 계속 다니고 있으실 것 같은가요 답변해 주세요","wordCount":19},"emotion":[],"intent":[]},"answer":{"raw":{"text":"네 저는 제 커리어의 총 십 년에 따른 중장기 계획들이 있는데요. 그중에서 제가 꿈꾸는 십 년 후에 제 모습은 먼저 회사의 중역으로서 자리를 잡고 또 신입 사원들이 회사에 입사하게 된다 라면은 실무 멘토로서 활동하고 싶습니다. 저는 입사하게 된다 라면 한 곳에서 오랫동안 근무를 하며 커리어를 쌓는 것을 중요하게 생각하기 때문에 십 년 후에도 현재 기업에서 근무하고 있을 것 같습니다.","wordCount":59},"emotion":[],"intent":[{"text":"저는 입사하게 된다 라면 한 곳에서 오랫동안 근무를 하며 커리어를 쌓는 것을 중요하게 생각하기 때문에 십 년 후에도 현재 기업에서 근무하고 있을 것 같습니다.","expression":"c_imp","category":"personality"}],"summary":{"text":"저는 제 커리어의 중장기 계획 중 십 년 후의 제 모습은 회사의 중역으로서 자리를 잡고 신입 사원들의 실무 멘토로서 활동하고 싶습니다.","wordCount":21}}},"rawDataInfo":{"question":{"fileFormat":"wav","fileSize":605518,"duration":18920,"samplingBit":16,"channelCount":1,"samplingRate":"16kHz","audioPath":"/Mock/01.Management/Female/Experienced/ckmk_q_bm_f_e_268889.wav"},"answer":{"fileFormat":"wav","fileSize":2439118,"duration":76220,"samplingBit":16,"channelCount":1,"samplingRate":"16kHz","audioPath":"/Mock/01.Management/Female/Experienced/ckmk_a_bm_f_e_268889.wav"}}}