{"version":"1.0","dataSet":{"info":{"date":"20230116","occupation":"BM","channel":"MOCK","place":"ONLINE","gender":"FEMALE","ageRange":"35-44","experience":"EXPERIENCED"},"question":{"raw":{"text":"남들과 다른 자신만의 자신만의 무기 경쟁력 있다면 그것을 키우기 위해 어떻게 노력하였는지 그리고 자신만의 경쟁력에 대해 설명을 부탁드려 봅니다","wordCount":19},"emotion":[],"intent":[]},"answer":{"raw":{"text":"네 저는 저의 가장 큰 장점은 소통 능력 친화력이라고 생각을 합니다. 저의 업무가 업무를 지원하는 사무 업무지만 다른 부서와 같이 작업을 하는 경우가 굉장히 많습니다. 그리고 다른 부서에서 어떤 프로젝트를 진행하거나 정산을 할 때 저희 부서에 항상 연락을 해서 도움을 요청을 하게 되는데요. 그런데 친화력이 좋지 않고 또 의사소통이 가능하지 않으면 이 업무에 문제가 생기는 경우가 굉장히 많습니다. 왜냐하면 저희 업무는 부서를 지원하는 업무고 또 그 부서에서 저희 업무의 범위에 밖에 있는 것도 요청하는 경우가 굉장히 많습니다. 그렇다고 하면 그거를 커뮤니케이션을 통해서 어 지원해 줄 수 있는 부분은 하고 그렇지 않은 경우는 안 된다고 이런 소통들이 필요한데요. 하지만 자칫 잘못해서 어감의 문제가 차이가 있거나 감정적으로 이 문제가 커지는 경우가 굉장히 많았습니다. 그렇기 때문에 저는 어 이런 부분들을 조금 유연하게 해결을 할 수가 있고요. 그리고 제가 말투가 워낙 부드럽고 뭐 좀 친절한 편이기도 하고 또 업무에 있어서는 좀 정확한 편입니다. 어 맞고 아닌 거에 대해서 판단할 수 있는 능력이 있기 때문에 그거는 저의 큰 장점이자 경쟁력이라고 생각을 하고요. 그동안 부서와 협의를 진행을 하면서 일을 잘 처리했기 때문에 이번에도 잘할 자신이 있습니다.","wordCount":170},"emotion":[],"intent":[{"text":"","expression":"","category":"attitude"}],"summary":{"text":"다른 부서와 작업을 하는 경우 친화력이 좋지 않고 의사소통이 가능하지 않으면 업무에 문제가 생기는 경우가 많은데 커뮤니케이션을 통해서 지원해 줄 수 있는 부분은 하고 그렇지 않은 경우는 안 된다고 하는 소통들이 필요한데 어감의 차이가 있거나 감정적으로 이 문제가 커지는 경우가 많아서 그런 부분들을 조금 유연하게 해결을 할 수가 있고 말투가 부드럽고 친절한 편이기도 하고 업무에 있어서는 좀 정확한 편입니다.","wordCount":59}}},"rawDataInfo":{"question":{"fileFormat":"wav","fileSize":659278,"duration":20600,"samplingBit":16,"channelCount":1,"samplingRate":"16kHz","audioPath":"/Mock/01.Management/Female/Experienced/ckmk_q_bm_f_e_118850.wav"},"answer":{"fileFormat":"wav","fileSize":2847438,"duration":88980,"samplingBit":16,"channelCount":1,"samplingRate":"16kHz","audioPath":"/Mock/01.Management/Female/Experienced/ckmk_a_bm_f_e_118850.wav"}}}