{"version":"1.0","dataSet":{"info":{"date":"20230116","occupation":"BM","channel":"MOCK","place":"ONLINE","gender":"FEMALE","ageRange":"35-44","experience":"EXPERIENCED"},"question":{"raw":{"text":"개인적으로 공부를 어떻게 하시는지 말씀해 주실 수 있나요 강의나 책을 활용한 공부처럼 본인만의 공부법이 있다면 소개해 주실 수 있을까요","wordCount":19},"emotion":[],"intent":[]},"answer":{"raw":{"text":"일반적으로 대부분의 사람들이 집중할 수 있는 시간은 이십 오 분에서 삼십 분이라고 합니다. 보통의 강의는 한 시간 기준으로 하는 경우가 많은데요. 한 시간 강의 중에 삼십 분 정도만 집중할 수 있고 이 시간이 지나면 집중력이 현저히 떨어지는 것이 사실입니다. 저의 공부 방법은 첫 째로 집중력을 지속하기 위하여 휴식 시간을 갖는 것입니다. 단 오 분 정도의 휴식 시간을 갖는 것만으로도 집중도를 크게 향상시켜 줍니다. 두 번째로는 강의가 끝난 후 바로 복습을 하는 것인데요. 어떤 것을 암기해야 한다면 공부를 끝내기 전에 마지막으로 다시 한번 암기를 시도하는 것입니다. 이러한 공부 습관이 암기력을 크게 향상시켜 줄 수 있다고 합니다. 공부 시간에도 마무리가 필요한 것 같은데요. 저는 이렇게 두 가지 방법으로 공부하고 있습니다.","wordCount":108},"emotion":[],"intent":[{"text":"","expression":"","category":"attitude"}],"summary":{"text":"보통의 강의는 한 시간 기준으로 하는 경우가 많은데 집중력이 현저히 떨어지는 것이 사실입니다. 집중력 지속을 위하여 휴식 시간을 갖는 것과 강의가 끝난 후 복습을 하는 것, 마지막으로 다시 한번 암기를 시도하는 것이 암기력을 크게 향상시켜 줄 수 있다고 합니다.","wordCount":39}}},"rawDataInfo":{"question":{"fileFormat":"wav","fileSize":601678,"duration":18800,"samplingBit":16,"channelCount":1,"samplingRate":"16kHz","audioPath":"/Mock/01.Management/Female/Experienced/ckmk_q_bm_f_e_191114.wav"},"answer":{"fileFormat":"wav","fileSize":1761998,"duration":55060,"samplingBit":16,"channelCount":1,"samplingRate":"16kHz","audioPath":"/Mock/01.Management/Female/Experienced/ckmk_a_bm_f_e_191114.wav"}}}