{"version":"1.0","dataSet":{"info":{"date":"20230116","occupation":"BM","channel":"MOCK","place":"ONLINE","gender":"FEMALE","ageRange":"-34","experience":"EXPERIENCED"},"question":{"raw":{"text":"만약에 지원자님께서 상위 일 퍼센트의 능력이 생긴다면 그 능력을 최대한 자세히 설명해 주시기 바랍니다","wordCount":14},"emotion":[],"intent":[]},"answer":{"raw":{"text":"제가 다른 사람보다 뛰어나다고 말씀드릴 수 있는 부분은 저는 리더형 그리고 리더십이 있는 것 같습니다. 어 사실 리더십 그리고 리더형 인물이 많지는 않은데요. 아 우리나라 교육 방식이 아무래도 따르고 또 이해하고 수렴하는 그런 측면이 많다 보니까 어 리더십을 기르기 힘들다고 생각을 합니다. 하지만 저는 어렸을 때부터 좀 주도적으로 뭐 반장 부반장 회장 이런 것들을 맡아서 해 왔고요. 그리고 어떤 프로젝트를 맡을 맡으면 항상 리더로서 좀 역할을 하는 걸 좋아했고 또 제가 그렇게 의도하지 않았다고 하더라도 그런 업무를 자연스럽게 배정을 받았습니다. 그렇기 때문에 저는 다른 사람에 비해서 좀 사람들을 리드하고 또 팀을 이끄는 걸 굉장히 좋아하는 편이구요. 그쪽에서 저는 능력이 있다고 생각을 합니다. 어 아무래도 제가 어렸을 때부터 부모님의 교육 방식이 주도하에 자기가 원하는 것을 하도록 그렇게 많이 교육을 시켜 주셨고요. 그리고 저도 그런 성향을 가지고 있어서 앞으로 이제 업무를 하게 된다면 이런 능력을 발휘를 해서 또 팀원으로서 팀장 리더로서의 역할을 모두 잘 해낼 수 있는 자신이 있습니다.","wordCount":147},"emotion":[],"intent":[{"text":"","expression":"","category":"attitude"}],"summary":{"text":"리더형 인물은 많지 않은데, 저는 어렸을 때부터 주도적으로 일을 해왔기 때문에 리더십이 있는 것 같습니다. 부모님의 교육 방식이 주도하에 자기가 원하는 것을 하도록 교육을 시켜 주셨고, 이런 성향을 가지고 있어서 앞으로 업무를 하게 된다면 팀원으로서 팀장 리더로서의 역할을 모두 잘 해낼 수 있을 것입니다.","wordCount":44}}},"rawDataInfo":{"question":{"fileFormat":"wav","fileSize":326478,"duration":10200,"samplingBit":16,"channelCount":1,"samplingRate":"16kHz","audioPath":"/Mock/01.Management/Female/Experienced/ckmk_q_bm_f_e_154148.wav"},"answer":{"fileFormat":"wav","fileSize":2817998,"duration":88060,"samplingBit":16,"channelCount":1,"samplingRate":"16kHz","audioPath":"/Mock/01.Management/Female/Experienced/ckmk_a_bm_f_e_154148.wav"}}}