{"version":"1.0","dataSet":{"info":{"date":"20230116","occupation":"BM","channel":"MOCK","place":"ONLINE","gender":"FEMALE","ageRange":"55-","experience":"EXPERIENCED"},"question":{"raw":{"text":"이전 직장에서 퇴사한 뒤 퇴사한 것을 후회하신 적이 있으신가요 만약 있다면 이유도 함께 말씀 부탁드립니다","wordCount":15},"emotion":[],"intent":[]},"answer":{"raw":{"text":"저는 어 직장 생활을 오십 대 이후에 새롭게 시작했고 그 이전에는 어 퇴사라기보다는 창업을 했다가 폐업을 한 적은 있습니다. 근데 폐업한 것을 후회한 적은 있지만 어 그 이후에 직장 생활을 하면서 어 퇴사는 대부분 정년퇴직이라든가 어 기간제로 근무를 해서 기간이 끝나서 퇴사한 거기 때문에 퇴사한 것에 대해서는 후회를 한다는 것은 맞지 않는다고 생각합니다. 기간제 근무이니까 기간이 끝나면 퇴사해야 되는 건 어쩔 수 없는 일이고 또 정년이 되면 정년퇴직하는 것도 어쩔 수 없는 일이기 때문에 네 후회한 적은 없고요. 어 다만 직장 생활 이전에 창업을 했었는데 에 좀 더 잘 할 수 있었고 많은 기회가 있었음에도 불구하고 어 아이엠에프로 인해서 어 어쩔 수 없이 폐업을 하게 되었는데요. 그때 좀 더 어 살려서 어 좀 끈기 있게 더 해봤으면 하는 후회를 가끔 한 적은 있습니다.","wordCount":123},"emotion":[],"intent":[{"text":"","expression":"","category":"attitude"}],"summary":{"text":"저는 직장 생활을 50대 이후에 새롭게 시작했고 그 이전에는 창업했다가 폐업한 적이 있습니다. 그런데 폐업한 것을 후회한 적은 없지만, 퇴사에 대해서는 후회한다는 것은 맞지 않다고 생각합니다. 단지 아이엠에프로 폐업했을 때 좀 더 끈기있게 했으면 하는 후회를 한 적 있었습니다.","wordCount":39}}},"rawDataInfo":{"question":{"fileFormat":"wav","fileSize":361038,"duration":11280,"samplingBit":16,"channelCount":1,"samplingRate":"16kHz","audioPath":"/Mock/01.Management/Female/Experienced/ckmk_q_bm_f_e_268133.wav"},"answer":{"fileFormat":"wav","fileSize":2522958,"duration":78840,"samplingBit":16,"channelCount":1,"samplingRate":"16kHz","audioPath":"/Mock/01.Management/Female/Experienced/ckmk_a_bm_f_e_268133.wav"}}}