{"version":"1.0","dataSet":{"info":{"date":"20230116","occupation":"BM","channel":"MOCK","place":"ONLINE","gender":"FEMALE","ageRange":"45-54","experience":"EXPERIENCED"},"question":{"raw":{"text":"얼마 전에 구급대원이 어 주취자에게 폭행을 당해서 순직 당하는 일이 있었습니다 이 사건에 대해서 어떻게 생각하십니까","wordCount":16},"emotion":[],"intent":[]},"answer":{"raw":{"text":"가끔씩 공모를 진행하다 보면 공모 진행 중에 민원인의 그런 어 대응으로 인해 순직을 당하거나 하고 폭행을 당하는 그런 사건들이 최근에 비일비재하다는 뉴스들을 많이 보았었습니다. 제가 최근에 점심을 먹다가 주취자에게 폭행을 당하고 욕설을 당하는 그런 어 공무 집행하시는 분들의 씨씨티비를 한번 보았던 적이 있는데요. 정말 안타까운 일들일 수 밖에 없다 라고 생각합니다. 그렇지만 구급 대원들이 하는 일 자체가 기본적인 위험 부담을 안고 가는 일이라고 생각을 합니다. 다만 이러한 감정 노동자들에게도 그들의 노동자 인권이 있기 때문에 아무리 민원인이라고 하더라도 폭행으로 상대방을 대응할 때 무조건적으로 수용하거나 혹은 맞고만 있는 것은 저는 옳지 않다 라는 입장을 가지고 있습니다.","wordCount":94},"emotion":[],"intent":[{"text":"","expression":"","category":"attitude"}],"summary":{"text":"공무 진행 중 민원인의 대응으로 인해 순직을 당하거나 폭행을 당하는 사건들이 비일비재합니다. 공무 집행하시는 분들의 CCTV를 본 적이 있는데 안타까운 일입니다. 하지만 구급 대원들이 하는 일 자체가 위험 부담을 안고 가는 일이라고 생각합니다.","wordCount":33}}},"rawDataInfo":{"question":{"fileFormat":"wav","fileSize":478158,"duration":14940,"samplingBit":16,"channelCount":1,"samplingRate":"16kHz","audioPath":"/Mock/01.Management/Female/Experienced/ckmk_q_bm_f_e_191826.wav"},"answer":{"fileFormat":"wav","fileSize":2377678,"duration":74300,"samplingBit":16,"channelCount":1,"samplingRate":"16kHz","audioPath":"/Mock/01.Management/Female/Experienced/ckmk_a_bm_f_e_191826.wav"}}}