{"version":"1.0","dataSet":{"info":{"date":"20230116","occupation":"BM","channel":"MOCK","place":"ONLINE","gender":"FEMALE","ageRange":"-34","experience":"EXPERIENCED"},"question":{"raw":{"text":"저희 회사에서 해외 진출할 다음 국가를 선택할 때 어떤 기준으로 하는 게 적합할까요","wordCount":13},"emotion":[],"intent":[]},"answer":{"raw":{"text":"저희 회사에서 어 중심으로 밀고 있는 상품을 필요로 할 수 있는 국가를 선택해야 한다고 생각합니다. 어 저는 그 한 국가에서 이미 좀 자리가 안 잡힌 분야를 뿌리 내리는 게 좋다고 생각을 하구요. 그렇기 위해서는 저희 회사에서 지금 중심으로 하고 있는 업무를 어떤 국가에서 가장 필요로 하고 있는지를 파악해서 선택해야 한다고 생각합니다.","wordCount":51},"emotion":[],"intent":[{"text":"","expression":"","category":"attitude"}],"summary":{"text":"저희 회사는 지금 중심으로 하고 있는 업무를 어떤 국가에서 가장 필요로 하고 있는지를 파악해서 상품을 필요로 할 수 있는 국가를 선택해야 한다고 생각합니다.","wordCount":23}}},"rawDataInfo":{"question":{"fileFormat":"wav","fileSize":279758,"duration":8740,"samplingBit":16,"channelCount":1,"samplingRate":"16kHz","audioPath":"/Mock/01.Management/Female/Experienced/ckmk_q_bm_f_e_148353.wav"},"answer":{"fileFormat":"wav","fileSize":1379598,"duration":43110,"samplingBit":16,"channelCount":1,"samplingRate":"16kHz","audioPath":"/Mock/01.Management/Female/Experienced/ckmk_a_bm_f_e_148353.wav"}}}