{"version":"1.0","dataSet":{"info":{"date":"20230116","occupation":"BM","channel":"MOCK","place":"ONLINE","gender":"FEMALE","ageRange":"35-44","experience":"EXPERIENCED"},"question":{"raw":{"text":"업무를 하다 보면 다른 지역에서 업무를 수행하게 될 때도 발생할 텐데요 타 지역에서 근무하시는 것도 문제 없이 가능하신가요","wordCount":18},"emotion":[],"intent":[]},"answer":{"raw":{"text":"네 저도 뭐 일을 하고 근무를 하다보면 다른 타 지역으로 전근을 갈 수 있다고 생각을 합니다. 아무래도 이번 회사에서 본사 뿐만이 아니라 어 각각의 지점들이 있기 때문에 그 지점에 업무 지원을 가는 것도 저도 좋다고 생각을 합니다. 그게 회사에서 꼭 필요한 업무라고 하면 저도 적극적으로 지원해서 가도록 하겠습니다. 어 다만 그 계속해서 그 지역에 머무는 게 아니고 일시적인지 아니면 장기적인지를 좀 고민을 해 봐야 될 것 같은데요. 어쨌든 회사에서 필요한 업무라고 하고 또 제가 지원이 가능하다고 하면 그 지점에 가서 제가 여러 가지를 또 최선을 다해서 업무를 지원할 수 있도록 하겠습니다. 어 그리고 나중에는 그런 여러 가지 지점에 다님으로써 어 그런 사람에게는 조금 약간의 인센티브를 줬으면 좋겠다 라는 생각이 드는데요. 그만큼 다른 지역에 갈 만큼 회사의 헌신적이고 또 일에 대해서 열정이 있는 사람들이라고 생각을 합니다. 그렇기 때문에 회사에서 약간의 배려를 통해서 지원을 해주신다고 하면 전 얼마든지 갈 수 있는 의향이 있구요. 어 타 지역으로 가는 문제보다는 제 업무와 또 회사에 대한 충성심이 있기 때문에 그것들을 잘 수행해 낼 자신이 있습니다.","wordCount":160},"emotion":[],"intent":[{"text":"","expression":"","category":"attitude"}],"summary":{"text":"회사의 본사와 지점들이 있어 타 지역으로 전근을 할 수 있습니다. 회사에서 지원이 가능하다고 하면 그 지점에 가서 최선을 다해서 업무를 지원할 수 있도록 하겠습니다. 타 지역으로 가는 문제보다는 제 업무와 회사에 대한 충성심이 있기 때문에 그것들을 잘 수행해 낼 자신있습니다.","wordCount":40}}},"rawDataInfo":{"question":{"fileFormat":"wav","fileSize":345038,"duration":10780,"samplingBit":16,"channelCount":1,"samplingRate":"16kHz","audioPath":"/Mock/01.Management/Female/Experienced/ckmk_q_bm_f_e_120637.wav"},"answer":{"fileFormat":"wav","fileSize":2641358,"duration":82540,"samplingBit":16,"channelCount":1,"samplingRate":"16kHz","audioPath":"/Mock/01.Management/Female/Experienced/ckmk_a_bm_f_e_120637.wav"}}}