{"version":"1.0","dataSet":{"info":{"date":"20230116","occupation":"BM","channel":"MOCK","place":"ONLINE","gender":"FEMALE","ageRange":"45-54","experience":"EXPERIENCED"},"question":{"raw":{"text":"일을 하다 보면 협업할 일이 많이 생길 수 있습니다 이전 직장에서나 대학에서 협업할 때 어려웠던 점은 없으셨나요","wordCount":17},"emotion":[],"intent":[]},"answer":{"raw":{"text":"오 많았죠 네 수도 없이 많았습니다. 왜냐하면 지금에서야 이제 아주 능숙해진 노련해진 위치로 지금 어느 정도의 모든 것들이 보여 보여지기 시작했는데 대학 시절은 말할 필요도 없죠. 사실 뭐 사람 간의 스트레스를 겪는다는 게 그때 처음 느낀 거였고 그 전에 뭐 학창 시절의 친구들 간의 관계는 다른 것 같아요. 사회에 나와서 그리고 일을 하면서 느끼는 그런 사람 스트레스랑은 다르고 물론 어떤 소규모 사회라고 하지만 그래도 다르고요. 그래서 대학 때부터 조금 본격적으로 그런 사람 간에 관계에 대한 직접적인 공부를 할 수 있는 기회가 시작이 되는 것 같고 직장은 네 뭐 똑같죠. 이런 업무부터 시작해서 계약 체결 그다음에 촬영 진행 방식 뭐 어떤 또 섭외를 할 것인지부터 모든 그 제품의 브랜드에 관한 어떤 공부부터 시작해서 모든 것들이 다 이루어지는 게 다 협업이기 때문에 하나하나가 너무너무 어렵습니다 정말로.","wordCount":124},"emotion":[],"intent":[{"text":"","expression":"","category":"attitude"}],"summary":{"text":"대학 때부터 본격적으로 사람 간의 관계에 대한 직접적인 공부를 할 수 있는 기회가 시작이 되는 것 같고 직장은 똑같은 업무부터 시작해서 모든 것들이 다 이루어지는 게 다 협업이기 때문에 하나하나가 굉장히 어렵습니다.","wordCount":32}}},"rawDataInfo":{"question":{"fileFormat":"wav","fileSize":455118,"duration":14220,"samplingBit":16,"channelCount":1,"samplingRate":"16kHz","audioPath":"/Mock/01.Management/Female/Experienced/ckmk_q_bm_f_e_141445.wav"},"answer":{"fileFormat":"wav","fileSize":2862798,"duration":89460,"samplingBit":16,"channelCount":1,"samplingRate":"16kHz","audioPath":"/Mock/01.Management/Female/Experienced/ckmk_a_bm_f_e_141445.wav"}}}