{"version":"1.0","dataSet":{"info":{"date":"20230116","occupation":"BM","channel":"MOCK","place":"ONLINE","gender":"FEMALE","ageRange":"45-54","experience":"EXPERIENCED"},"question":{"raw":{"text":"핸드폰에 앱 많이 사용하실 텐데요 최근에 나온 서비스 앱 중에 가장 많이 사용하는 가장 선호하는 어 앱이 어떤 것이 있을까요","wordCount":20},"emotion":[],"intent":[]},"answer":{"raw":{"text":"어 저는 패션에 좀 관심 많은 편인데요. 과거에 아이티 트렌드가 막 이슈가 올라오고 했을 경우에 과거에는 어 입지 않아도 내 취향을 스캔을 해서 옷을 입혀주는 그런 거울이 굉장히 센시에이션하고 조금 뉴스거리가 되었던 기억이 있습니다. 어 지금은 에이아이를 접목한 그런 앱들이 좀 나왔는데요. 그래서 저는 그 제 아바타를 만들어서 어 다른 옷들을 입어볼 수 있고 또 추천을 해줄 수 있는 어 그런 앱을 좀 사용하고 있습니다. 그 앱을 사용하니까 어 제가 구매를 할 옷들을 제 모양에다가 입혀봄으로써 아 이 옷이 정말 나한테 맞는지 내 취향에 맞는지도 점검을 할 수가 있고 그러다 보니까 반품이나 이런 확률이 굉장히 낮아졌더라구요. 그리고 또 그 추천받은 옷들도 굉장히 좋아서 제가 쇼핑을 하는 시간이 좀 더 오히려 더 줄어든 것 같습니다. 그래서 그 쇼핑앱을 어 굉장히 좋아하고 앞으로도 좀 인기가 많은 앱이 되지 않을까 이 생각을 합니다.","wordCount":130},"emotion":[],"intent":[{"text":"","expression":"","category":"attitude"}],"summary":{"text":"패션에 관심 많은 저는 과거에 입지 않아도 취향을 스캔을 해서 옷을 입혀주는 거울이 이슈되었던 기억이 있습니다. 지금은 에이아이를 접목한 앱이 나와서 제 아바타를 만들어서 다른 옷들을 입어볼 수 있고 추천을 해주는 앱을 사용하고 있읍니다. 추천받은 옷들도 굉장히 좋아 쇼핑하는 시간이 좀 더 줄어든 것 같습니다.","wordCount":45}}},"rawDataInfo":{"question":{"fileFormat":"wav","fileSize":426638,"duration":13330,"samplingBit":16,"channelCount":1,"samplingRate":"16kHz","audioPath":"/Mock/01.Management/Female/Experienced/ckmk_q_bm_f_e_267245.wav"},"answer":{"fileFormat":"wav","fileSize":2313678,"duration":72300,"samplingBit":16,"channelCount":1,"samplingRate":"16kHz","audioPath":"/Mock/01.Management/Female/Experienced/ckmk_a_bm_f_e_267245.wav"}}}