{"version":"1.0","dataSet":{"info":{"date":"20230116","occupation":"BM","channel":"MOCK","place":"ONLINE","gender":"FEMALE","ageRange":"35-44","experience":"EXPERIENCED"},"question":{"raw":{"text":"지원자는 좋아하는 앱이 있으신가요","wordCount":4},"emotion":[],"intent":[]},"answer":{"raw":{"text":"최근 제가 좋아하고 사용하는 앱은 코너 마켓이라는 앱입니다. 중고 아동복이나 여성복을 판매하기도 하고 중고 오류를 매입 하는 앱으로 해당 앱을 옷장 비우기라는 항목이 있는데요 이 서비스를 신청하면 전용 헌 옷 팩이라는 것을 무료로 받을 수 있습니다. 헌 옷을 담아서 수거를 신청하면 되는데요 어 위탁 판매 검수가 완료되면 판매 불가 의류는 키로 당 단가를 매겨서 돌려받을 수 있고요 판매 가능한 의류는 판매 후 일부분 수익금으로 돌려받을 수 있는 앱입니다. 중고 옷을 매입하고 다른 사람에게 판매까지 한 번에 알아서 해주기 때문에 편리해서 요즘 즐겨찾고 자주 사용하고 있는 앱입니다.","wordCount":86},"emotion":[],"intent":[{"text":"","expression":"","category":"attitude"}],"summary":{"text":"최근 제가 좋아하고 사용하는 앱은 코너 마켓으로 중고 옷을 판매하거나 오류를 매입, 판매하는 앱입니다. 판매 불가 의류는 키로 당 단가를 매겨서 돌려받을 수 있고 판매 가능한 의류는 일부분 수익금으로 돌려받을 수도 있어 편리합니다.","wordCount":33}}},"rawDataInfo":{"question":{"fileFormat":"wav","fileSize":228878,"duration":7150,"samplingBit":16,"channelCount":1,"samplingRate":"16kHz","audioPath":"/Mock/01.Management/Female/Experienced/ckmk_q_bm_f_e_204283.wav"},"answer":{"fileFormat":"wav","fileSize":1790798,"duration":55960,"samplingBit":16,"channelCount":1,"samplingRate":"16kHz","audioPath":"/Mock/01.Management/Female/Experienced/ckmk_a_bm_f_e_204283.wav"}}}