{"version":"1.0","dataSet":{"info":{"date":"20230116","occupation":"BM","channel":"MOCK","place":"ONLINE","gender":"FEMALE","ageRange":"45-54","experience":"EXPERIENCED"},"question":{"raw":{"text":"지원자께서는 일을 하면서 보고서 등 문서 작성 시 실수를 방지하려면 어떻게 해야 한다고 생각하십니까 한번 생각나는 대로 말씀해 보십시오","wordCount":19},"emotion":[],"intent":[]},"answer":{"raw":{"text":"업무를 진행하다 보면 우리는 여러 가지 문서를 작성하는 방법에서 어 가끔 실수가 발생할 수도 있다 라고 생각합니다. 그 사유는 각각의 조직마다 선호하는 업무 방식이 있을 때도 있고 또 사용하는 업무 툴 자체가 다르거나 혹은 버전 자체가 미스 커뮤니케이션이 일어나서 약간 다른 양식이 될 수도 있는데요. 그렇지만 문서라는 거는 한 번 작성하고 나면 그 내용들을 쉽사리 수정할 수 없는 것이기 때문에 이를 미연에 방지하기 위한 것이 굉장히 중요하다 라고 생각합니다. 문서 작성을 미연에 방지하기 위해서 기본적인 툴들을 만들어 보고 기본적인 베이스가 맞는지 한 번 더 상사나 동료에게 어 양방향으로 확인하는 과정들이 꼭 필요합니다.","wordCount":92},"emotion":[],"intent":[{"text":"","expression":"","category":"attitude"}],"summary":{"text":"문서 작성 시 실수가 발생할 수 있는데, 수정이 불가한 문서 작성을 미연에 방지하기 위해서는 기본적인 툴들을 만들어 보고 기본적인 베이스가 맞는지 확인하는 과정이 꼭 필요합니다.","wordCount":25}}},"rawDataInfo":{"question":{"fileFormat":"wav","fileSize":472718,"duration":14770,"samplingBit":16,"channelCount":1,"samplingRate":"16kHz","audioPath":"/Mock/01.Management/Female/Experienced/ckmk_q_bm_f_e_191825.wav"},"answer":{"fileFormat":"wav","fileSize":2158158,"duration":67440,"samplingBit":16,"channelCount":1,"samplingRate":"16kHz","audioPath":"/Mock/01.Management/Female/Experienced/ckmk_a_bm_f_e_191825.wav"}}}