{"version":"1.0","dataSet":{"info":{"date":"20230116","occupation":"BM","channel":"MOCK","place":"ONLINE","gender":"FEMALE","ageRange":"-34","experience":"EXPERIENCED"},"question":{"raw":{"text":"문서 작업을 할 때 실수나 오탈자 등을 방지하기 위한 본인만의 노하우가 있습니까 있다면 설명해 주세요","wordCount":15},"emotion":[],"intent":[]},"answer":{"raw":{"text":"어 검수를 여러 번 한다는 가장 기본적이지만 가장 근본적인 일을 할 것 같습니다. 어 사실 사람이라는 게 기 완벽한 존재는 없기 때문에 필연적으로 실수가 있을 수 밖에 없는데요. 어 이 실수를 최대한 줄이기 위해서는 물론 꼼꼼함 처음 작업할 때부터 꼼꼼함을 따지는 것도 중요하지만 어 여러 번의 검수를 통해서 완벽도를 높이는 것 자체가 어 가장 근본적인 어 방법이라고 생각을 합니다. 더불어서 요새는 오탈자를 음 체크를 해주는 어 프로그램들이 많이 있기 때문에 어 더불어서 이런 프로그램들을 적극적으로 활용을 한다면 문서 작업 시 발생하는 실수나 오탈자 등을 어 획기적으로 많이 줄일 수 있다고 생각을 합니다.","wordCount":92},"emotion":[],"intent":[{"text":"","expression":"","category":"attitude"}],"summary":{"text":"사람이 완벽하지 않기에 검수를 여러 번 하는 것이 가장 근본적인 일이라고 생각합니다. 또 오탈자를 체크해주는 프로그램들을 활용하면 문서 작업 시 발생하는 실수나 오탈자 등을 많이 줄일 수 있다고 생각합니다.","wordCount":29}}},"rawDataInfo":{"question":{"fileFormat":"wav","fileSize":333518,"duration":10420,"samplingBit":16,"channelCount":1,"samplingRate":"16kHz","audioPath":"/Mock/01.Management/Female/Experienced/ckmk_q_bm_f_e_189809.wav"},"answer":{"fileFormat":"wav","fileSize":1537998,"duration":48060,"samplingBit":16,"channelCount":1,"samplingRate":"16kHz","audioPath":"/Mock/01.Management/Female/Experienced/ckmk_a_bm_f_e_189809.wav"}}}