{"version":"1.0","dataSet":{"info":{"date":"20230116","occupation":"BM","channel":"MOCK","place":"ONLINE","gender":"FEMALE","ageRange":"45-54","experience":"EXPERIENCED"},"question":{"raw":{"text":"만약에 상사가 본인에게 업무와 무관한 일을 시킵니다 이때 잘 수행할 자신이 있으신가요 아니면 수행하지 않으실 건가요","wordCount":16},"emotion":[],"intent":[]},"answer":{"raw":{"text":"아 비슷한 부분인 것 같은데 얼마나 무관한지에 따라 다를 것 같습니다. 완전 무관하다면 저는 잘 수행해 낼 자신이 없습니다. 전혀 네버 제가 제 주업무를 이십 년 이상을 해왔는데 그러면 지금은 어느정도 나이도 있고 이 상태에서 무언가를 새로 배우기에는 젊은 어린 이제 이것만 전공하고 이제 갓 첫 회사를 들어간 다른 분들이랑은 차이가 있을 수 밖에 없습니다. 그래서 수행을 하는 것부터 아주 힘들 수가 있는데 그걸 잘 수행해야 한다고 자신이 있냐고 물어보시면 저는 자신 없습니다. 너무 과욕이라고 생각합니다. 그렇게 하시면 뭐 불만이 있을 거 같은데요. 네 선택 사항을 주시는 거라면 저는 수행하지 않을 겁니다. 제가 잘하는 일을 하고 싶지 제가 잘하는 일을 하면서 자신감을 얻고 자존감을 채우고 싶지 네 그렇게 하고 싶지 않습니다.","wordCount":111},"emotion":[],"intent":[{"text":"","expression":"","category":"attitude"}],"summary":{"text":"저는 주업무를 20년 이상 해왔는데, 지금의 상태에서 무언가를 새로 배우기에는 다른 분들과는 차이가 있고, 수행을 하는 것부터 아주 힘들 수 있는데 그것을 잘 수행해야 한다고 생각하는가 하면 과욕이라고 생각합니다.","wordCount":29}}},"rawDataInfo":{"question":{"fileFormat":"wav","fileSize":401678,"duration":12550,"samplingBit":16,"channelCount":1,"samplingRate":"16kHz","audioPath":"/Mock/01.Management/Female/Experienced/ckmk_q_bm_f_e_141448.wav"},"answer":{"fileFormat":"wav","fileSize":2858958,"duration":89340,"samplingBit":16,"channelCount":1,"samplingRate":"16kHz","audioPath":"/Mock/01.Management/Female/Experienced/ckmk_a_bm_f_e_141448.wav"}}}