{"version":"1.0","dataSet":{"info":{"date":"20230116","occupation":"BM","channel":"MOCK","place":"ONLINE","gender":"FEMALE","ageRange":"35-44","experience":"EXPERIENCED"},"question":{"raw":{"text":"지원자께서는 기차가 운행하다 산사태로 인하여 삼십 분 동안 정차되는 상황이 발생하였습니다 이러한 상황에서 관리 책임에 위치해 있다면은 어떻게 조치할 것인지 궁금합니다","wordCount":21},"emotion":[],"intent":[]},"answer":{"raw":{"text":"음 우선 다친 사람이 있는지 부터 보겠죠. 네 그거에 따라 다친 사람이 있냐 없느냐에 따라서 그 이거를 대처해야 되는 어떤 메뉴얼을 그런 거를 이제 그 계획을 세우는 데 있어서 시간 관리가 많이 달라질 거고 있으면 우선 그 사람부터 많이 케어하면서 그까 돌보면서 봐야 되겠지만 만약에 운 좋게 다친 사람이 없다면 와 산사태 지금 자연 현상이기 때문에 우선 그 무전 그까 그 계속 소통을 연락을 통화로 시도하려고 할 것 같아요. 전기가 좀 통한다면은 계속 운행을 이제 후진을 해 가지고 안전한 곳으로 조금 열차를 이동시킬 수 있게 여러 가지 소통을 하면서 어 제발 이제 그 또다시 이제 이게 두 번째 산사태가 일어나기 전에 이동할 수 있게 그런 노력을 하지 않을까 싶습니다.","wordCount":109},"emotion":[],"intent":[{"text":"","expression":"","category":"attitude"}],"summary":{"text":"두 번째 산사태가 일어나기 전에 열차를 안전하게 이동시키기 위해서는 부상자가 있는지 부터 살펴봐야 합니다. 만약 운 좋게 다친 사람이 없다면 산사태의 자연 현상이기 때문에 무전으로 소통하려 할 것입니다.","wordCount":28}}},"rawDataInfo":{"question":{"fileFormat":"wav","fileSize":558158,"duration":17440,"samplingBit":16,"channelCount":1,"samplingRate":"16kHz","audioPath":"/Mock/01.Management/Female/Experienced/ckmk_q_bm_f_e_142670.wav"},"answer":{"fileFormat":"wav","fileSize":2675278,"duration":83600,"samplingBit":16,"channelCount":1,"samplingRate":"16kHz","audioPath":"/Mock/01.Management/Female/Experienced/ckmk_a_bm_f_e_142670.wav"}}}