{"version":"1.0","dataSet":{"info":{"date":"20230116","occupation":"BM","channel":"MOCK","place":"ONLINE","gender":"FEMALE","ageRange":"55-","experience":"EXPERIENCED"},"question":{"raw":{"text":"전략적인 경영을 위한 어떤 새로운 사업 아이디어가 있으십니까","wordCount":8},"emotion":[],"intent":[]},"answer":{"raw":{"text":"사업 아이디어는 저에게 물어보시면 안 되죠 네. 저는 회사가 가지고 있는 지금 비전 방향에 대한 부분으로 제가 그거를 지켜보고 그거에 대해서 고민을 한 다음 그까 전 저는 전략적으로 봐요 저도. 그래서 그거에 대한 인재를 제가 직접 캐스팅을 해 오는 겁니다. 그게 저의 일이에요 네. 지금 저를 마주하고 계신 것처럼 제가 뭐 뭐 조그마한 인사 담당자가 아니에요. 제가 하려는 부분은 제가 해왔던 일은 그래서 당연히 그 부분은 일정 부분 경영에 책임이 있는 위치가 될 수 있고 아시겠지만 그래서 저는 그러한 알맞은 인재를 어 어느 정도의 네 뭐 말하면 웃기지만 뭐 단가를 주고 어떤 거를 제공을 하면서 데려올지를 이제 걱정하는 게 저의 일이고 또 나름대로 그런 부분을 잘 조율하는 것도 저의 일이고요. 그거를 물어보셔야지 아이디어를 물어보시면 안 되죠 사업 아이디어를. 그건 저와 무관한 부분입니다.","wordCount":122},"emotion":[],"intent":[{"text":"","expression":"","category":"attitude"}],"summary":{"text":"저는 회사가 가지고 있는 비전 방향에 대한 부분으로 저는 전략적으로 봅니다. 그래서 거기에 대한 인재를 제가 직접 캐스팅을 해 오는 겁니다. 제가 하려는 일은 알맞은 인재를 어느 정도 단가를 주고 어떤 것을 제공을 하면서 데려올지를 걱정하며 조율하는 것입니다.","wordCount":38}}},"rawDataInfo":{"question":{"fileFormat":"wav","fileSize":259278,"duration":8100,"samplingBit":16,"channelCount":1,"samplingRate":"16kHz","audioPath":"/Mock/01.Management/Female/Experienced/ckmk_q_bm_f_e_160019.wav"},"answer":{"fileFormat":"wav","fileSize":2736718,"duration":85520,"samplingBit":16,"channelCount":1,"samplingRate":"16kHz","audioPath":"/Mock/01.Management/Female/Experienced/ckmk_a_bm_f_e_160019.wav"}}}