{"version":"1.0","dataSet":{"info":{"date":"20230116","occupation":"BM","channel":"MOCK","place":"ONLINE","gender":"FEMALE","ageRange":"35-44","experience":"EXPERIENCED"},"question":{"raw":{"text":"지원자님께서 평소에 개인 작업을 많이 하시는 편인가요 지원자님이 그렇다면 그렇게 할 수 있는 원동력은 무엇이라고 생각하십니까 설명 부탁드립니다","wordCount":18},"emotion":[],"intent":[]},"answer":{"raw":{"text":"평소에 개인 작업을 많이 하는 편인지 그렇지 않은지 또 그거에 대한 원동력에 대해서 어 답변을 드리겠습니다. 저는 기본적으로 업무를 할 때 개인 작업이 많은 업무에 속하는 그런 경력을 갖고 있습니다. 기본적으로 제가 해야 할 담당 파트의 분야가 정해져 있고 또 그 부분에 있어서 제가 책임을 지고 또 관계자들을 어 관계자들을 또 대응하는 문제 그리고 그 부분을 어 어 다른 또 문제가 발생했을 때 해결해야 하는 부분이 많이 있기 때문에 어 평소에는 어 개인 작업을 많이 하였던 편이고 또 그렇게 할 수 있었던 잘 할 수 있었던 사실 원동력은 어 그것에 대한 책임감이 아닐까 싶습니다. 그리고 제 스스로가 어 이 부분에 있어서는 최고의 전문가라고 생각하고 있다는 있는 그런 자신감 때문에 어 제가 어 저의 능력껏 그리고 제 스스로가 최선을 다하고 또 올바른 판단을 해야 된다 라고 생각을 해서 그런 개인적인 작업을 어 하였던 것 같습니다. 어 또 다른 또 이유로는 그 개 개별적인 그런 업무의 영역이 분명히 정해져 있기 때문에 그것들을 충분히 해낼 수 있었을 것 같습니다.","wordCount":156},"emotion":[],"intent":[{"text":"","expression":"","category":"attitude"}],"summary":{"text":"저는 기본적으로 개인 작업이 많은 업무 경력을 갖고 있는데, 그 이유는 제가 해야 할 담당 파트의 분야가 정해져 있고 또 그 부분에 있어서 책임을 지고 또 관계자들을 또 대응하는 문제 그리고 다른 문제가 발생했을 때 해결해야 하는 부분이 많이 있기 때문입니다.","wordCount":41}}},"rawDataInfo":{"question":{"fileFormat":"wav","fileSize":437198,"duration":13660,"samplingBit":16,"channelCount":1,"samplingRate":"16kHz","audioPath":"/Mock/01.Management/Female/Experienced/ckmk_q_bm_f_e_207877.wav"},"answer":{"fileFormat":"wav","fileSize":2897998,"duration":90560,"samplingBit":16,"channelCount":1,"samplingRate":"16kHz","audioPath":"/Mock/01.Management/Female/Experienced/ckmk_a_bm_f_e_207877.wav"}}}