{"version":"1.0","dataSet":{"info":{"date":"20230116","occupation":"BM","channel":"MOCK","place":"ONLINE","gender":"FEMALE","ageRange":"-34","experience":"EXPERIENCED"},"question":{"raw":{"text":"사내 스터디를 만들어 공부할 수 있다면 지원자님께서는 어떤 것을 공부하고 싶으세요 이유도 함께 말씀해 주시겠습니까","wordCount":15},"emotion":[],"intent":[]},"answer":{"raw":{"text":"아무래도 제가 어 하는 업무가 허가 관련된 업무이기 때문에 음 전 세계 각 국가의 어 허가 관련된 요구 사항들에 대한 트렌드를 공부하는 어 스터디를 해보고 싶습니다. 어 각 국가의 요구 사항이라는 것이 각 국가별로 차이가 있을 수도 있지만 대체적으로 어 트렌드라는 것이 있어서 음 어느 한 국가에 대한 어 요구 사항이 업데이트가 있다고 하면 그 주변의 국가들 혹은 유사한 법적 인프라를 가지고 있는 국가들이 같이 업데이트되는 경우가 많기 때문에 어 해당 트렌드를 공부하면 어 어떤 허가 요구 사항 조건의 흐름을 읽을 수 있고 각 각 허가 당국이 어떤 것을 중요하게 생각하는지 등을 파악할 수 있기 때문에 좋은 공부가 될 것이라고 생각을 합니다. 어 특히나 요새 같이 뭐 사이버 시큐리티라든지 에이아이라든지 이런 기술들이 대두되면서 의료기기 시장에서도 중요하게 여겨지고 있는데 이런 허가 트렌드들을 같이 공부하면서 익히다 보면 어 저희가 업무를 하는 데 있어서 좀 더 빠르게 대응하고 어 음 트렌드 파악을 좀 더 쉽게 할 수 있을 거라고 생각을 합니다.","wordCount":148},"emotion":[],"intent":[{"text":"","expression":"","category":"attitude"}],"summary":{"text":"저는 허가관련 업무로 전 세계 각 국가의 허가 요구사항 트렌드 스터디를 해보고 싶습니다. 트렌드라는 것이 있어서 주변국가와 유사한 법적 인프라를 가지고 있는 국가들이 같이 업데이트 되는 경우가 많기 때문에 트렌드를 공부하면 어떤 허가 요구 사항 조건의 흐름을 읽고 각 허가 당국이 어떤 것을 중요하게 생각하는지 등을 파악할 수 있습니다.","wordCount":49}}},"rawDataInfo":{"question":{"fileFormat":"wav","fileSize":354638,"duration":11080,"samplingBit":16,"channelCount":1,"samplingRate":"16kHz","audioPath":"/Mock/01.Management/Female/Experienced/ckmk_q_bm_f_e_189804.wav"},"answer":{"fileFormat":"wav","fileSize":2329038,"duration":72780,"samplingBit":16,"channelCount":1,"samplingRate":"16kHz","audioPath":"/Mock/01.Management/Female/Experienced/ckmk_a_bm_f_e_189804.wav"}}}