{"version":"1.0","dataSet":{"info":{"date":"20230116","occupation":"BM","channel":"MOCK","place":"ONLINE","gender":"FEMALE","ageRange":"-34","experience":"EXPERIENCED"},"question":{"raw":{"text":"게임이 출시되는 상황을 가정하고 그 상황에서 생길 수 있는 문제에 대해서 이야기를 해주세요","wordCount":13},"emotion":[],"intent":[]},"answer":{"raw":{"text":"게임이 출시되었을 때 생길 수 있는 문제에 대해서는 먼저 구동이 제대로 되는지부터 살펴보아야 할 것입니다. 게임이 출시돼서 유저가 사용을 하는데 막상 사용을 하니 웹이 제대로 돌아가지 않거나 움직이기 부자연스럽거나 다음으로 잘 넘어가지 않는 등 서버의 오류가 있다면 유저가 사용하는 데 굉장한 불편함을 느낄 수 밖에 없다고 생각합니다. 실제로 이런 오류는 게임에서 자주 발생하는 오류입니다. 따라서 저는 이러한 오류들을 미리 서버를 점검하고 지속적으로 검토하고 개선하는 방안이 중요하다고 생각합니다. 서버가 잘 돌아가는지 모니터링 하고 계속해서 서버를 점검하고 재정비하고 구축하는 것이 가장 중요하다고 생각합니다. 저는 서버를 해결할 구축 방안과 그 시스템을 제대로 마련하는 것이 문제 해결책이라고 생각합니다. 저번에 카카오 사태에서도 알 수 있었듯이 얼마나 서버를 잘 구축해 놓는 것이 얼마나 중요한지 알 수 있습니다. 따라서 서버를 분산적으로 잘 배치해서 관리하는 것이 중요하다고 생각합니다. 감사합니다.","wordCount":121},"emotion":[],"intent":[{"text":"따라서 저는 이러한 오류들을 미리 서버를 점검하고 지속적으로 검토하고 개선하는 방안이 중요하다고 생각합니다.","expression":"m_critical","category":"attitude"},{"text":"서버가 잘 돌아가는지 모니터링 하고 계속해서 서버를 점검하고 재정비하고 구축하는 것이 가장 중요하다고 생각합니다.","expression":"m_critical","category":"attitude"}],"summary":{"text":"게임이 출시됐을 때 생길 수 있는 문제에 대해서는 먼저 구동이 제대로 되는지부터 살펴보아야 할 것입니다. 게임이 출시돼서 유저가 사용을 하는데 막상 사용을 하니 웹이 제대로 돌아가지 않거나 움직이는 부자연스럽거나 다음으로 잘 넘어가지 않는 등 서버의 오류가 있다면 유저가 사용하는 데 굉장한 불편함을 느낄 수밖에 없습니다.","wordCount":45}}},"rawDataInfo":{"question":{"fileFormat":"wav","fileSize":306638,"duration":9580,"samplingBit":16,"channelCount":1,"samplingRate":"16kHz","audioPath":"/Mock/01.Management/Female/Experienced/ckmk_q_bm_f_e_180538.wav"},"answer":{"fileFormat":"wav","fileSize":2646478,"duration":82700,"samplingBit":16,"channelCount":1,"samplingRate":"16kHz","audioPath":"/Mock/01.Management/Female/Experienced/ckmk_a_bm_f_e_180538.wav"}}}