{"version":"1.0","dataSet":{"info":{"date":"20230116","occupation":"BM","channel":"MOCK","place":"ONLINE","gender":"FEMALE","ageRange":"55-","experience":"EXPERIENCED"},"question":{"raw":{"text":"태어나서 지금까지 한 일들 가운데서 가장 후회했던 일은 어떤 일이 있는지요 어 그런 일들 중에서 한 가지만 골라서 자세히 한 번 말씀해 보시겠습니까","wordCount":23},"emotion":[],"intent":[]},"answer":{"raw":{"text":"태어나서 지금까지 한 일들 가운데 가장 후회했던 일은 아 조금 추운 날 저희 아버님한테 아 좀 저를 다른 곳으로 이동시켜 달라 차를 태워달라 해 가지고 이제 밤에 나가셨는데 나갔는데 아버님께서 약간 그날 몸이 너무 안 좋으셨는데 제가 모시고 나가서 이제 돌아가셨어요. 네 그게 지금까지 태어나서 지금까지 한 일들 가운데 가장 후회했던 일인 것 같습니다. 그래서 제가 다른 사람들한테 부탁을 좀 안하고 제가 할려고 하는 편입니다. 그게 태어나서 지금까지 한 일들 가운데 가장 후회했던 일인 거 같아요. 그다음에 두 번째는 어 학창 시절에 조금 더 공부를 했더라면 하는 거 그게 한 두 번째로 좀 후회가 되는 거구요 .그랬다면 지금도 행복하지만 조금 더 다른 삶을 살 수 있지 않을까 하는 그런 생각을 가끔 합니다. 예 이상입니다.","wordCount":114},"emotion":[],"intent":[{"text":"","expression":"","category":"attitude"}],"summary":{"text":"지금까지 한 일 가운데 가장 후회했던 일은 아버님께서 돌아가셔서 다른 사람들에게 부탁하지 않은 것이며, 두 번째는 학창 시절에 공부를 좀 더 했더라면 하는 것입니다. 그랬다면 지금도 행복하지만 조금 더 다른 삶을 살 수 있었을 것 같습니다.","wordCount":36}}},"rawDataInfo":{"question":{"fileFormat":"wav","fileSize":473678,"duration":14800,"samplingBit":16,"channelCount":1,"samplingRate":"16kHz","audioPath":"/Mock/01.Management/Female/Experienced/ckmk_q_bm_f_e_189791.wav"},"answer":{"fileFormat":"wav","fileSize":2547918,"duration":79620,"samplingBit":16,"channelCount":1,"samplingRate":"16kHz","audioPath":"/Mock/01.Management/Female/Experienced/ckmk_a_bm_f_e_189791.wav"}}}