{"version":"1.0","dataSet":{"info":{"date":"20230116","occupation":"BM","channel":"MOCK","place":"ONLINE","gender":"FEMALE","ageRange":"35-44","experience":"EXPERIENCED"},"question":{"raw":{"text":"왜 이 분야에 관심을 가지게 되었고 또 지원하게 되었는지 궁금합니다 관심을 가지신 이유와 지원 동기에 대해서 말씀 부탁드립니다","wordCount":18},"emotion":[],"intent":[]},"answer":{"raw":{"text":"네 저는 어렸을 때부터 경영 쪽에 관심이 많았구요. 부모님의 영향도 많이 받았습니다. 어 저희 집이 사업을 경영을 하면서 이 경영을 어떻게 하느냐에 따라서 달라질 수 있다는 점을 자연스럽게 어렸을 때부터 체득을 했구요. 그리고 부모님께서 그 사업을 경영을 하면서 여러 가지 어려운 점들이나 힘든 점도 봐왔구요. 그래서 좀 전문적으로 공부를 해보고 싶다 라는 생각이 들었습니다. 아무래도 부모님께서는 경영을 제대로 공부하고 사업을 운영하신 게 아니고 그 경험치로 그것들을 운영을 하셨기 때문에 제가 조금 더 전문적으로 공부를 한다면 앞으로 잘 해낼 수 있겠다 그리고 도움을 드릴 수 있겠다 이렇게 어 막연한 문제점에서 출발을 했습니다. 그리고 나서 대학에서 경영학을 전공을 하면서 어 본격적으로 전공을 하게 되는데요. 그러면서 오히려 더 재미있고 어 더 알아보고 싶은 학문이라고 생각을 했습니다. 아 그리고 회사에 입사를 하는 것도 경영 지원 업무팀으로 지원을 해게 돼서 입사를 해서 지금까지 경력을 쌓고 있구요. 이번 회사에 이제 입사를 하게 된다고 하면 어 저의 이런 전문성을 바탕으로 해서 또 업무의 효율성을 높일 수 있도록 하겠습니다.","wordCount":151},"emotion":[{"text":"네 저는 어렸을 때부터 경영 쪽에 관심이 많았구요.","expression":"p-interest","category":"positive"},{"text":"그리고 나서 대학에서 경영학을 전공을 하면서   어 본격적으로 전공을 하게 되는데요.","expression":"u-fact","category":"neutral"},{"text":"그러면서 오히려 더 재미있고 어 더   알아보고 싶은 학문이라고 생각을 했습니다.","expression":"p-interest","category":"positive"},{"text":"아 그리고 회사에 입사를 하는 것도 경영   지원 업무팀으로 지원을 해게 돼서 입사를 해서 지금까지 경력을 쌓고 있구요.","expression":"u-fact","category":"neutral"}],"intent":[{"text":"어 저희 집이 사업을 경영을 하면서 이 경영을 어떻게 하느냐에   따라서 달라질 수 있다는 점을 자연스럽게 어렸을 때부터 체득을 했구요.","expression":"c_private","category":"background"},{"text":"그리고   부모님께서 그 사업을 경영을 하면서 여러 가지 어려운 점들이나 힘든 점도    봐왔구요.","expression":"c_private","category":"background"},{"text":"그리고 나서 대학에서 경영학을 전공을 하면서   어 본격적으로 전공을 하게 되는데요.","expression":"c_private","category":"background"}],"summary":{"text":"저는 어렸을 때부터 경영에 관심이 많았고, 부모님의 영향도 많이 받았습니다. 그리고 사업과 경영을 하면서 여러 가지 어려운 점들이나 힘든 점도 봐서 전문적으로 공부를 해보고 싶었습니다. 그리고 대학에서 경영학을 전공하고, 이번 회사에 입사를 하게 되면 전문성을 바탕으로 업무의 효율성을 높일 수 있도록 하겠습니다.","wordCount":42}}},"rawDataInfo":{"question":{"fileFormat":"wav","fileSize":474318,"duration":14820,"samplingBit":16,"channelCount":1,"samplingRate":"16kHz","audioPath":"/Mock/01.Management/Female/Experienced/ckmk_q_bm_f_e_120635.wav"},"answer":{"fileFormat":"wav","fileSize":2731598,"duration":85360,"samplingBit":16,"channelCount":1,"samplingRate":"16kHz","audioPath":"/Mock/01.Management/Female/Experienced/ckmk_a_bm_f_e_120635.wav"}}}