{"version":"1.0","dataSet":{"info":{"date":"20230116","occupation":"BM","channel":"MOCK","place":"ONLINE","gender":"FEMALE","ageRange":"45-54","experience":"EXPERIENCED"},"question":{"raw":{"text":"시간이 촉박한 상황이 생기면 어떻게 시간 관리를 합니까 지원자님만의 시간 관리법을 말씀해 주세요","wordCount":13},"emotion":[],"intent":[]},"answer":{"raw":{"text":"저는 성격상 촉박할수록 더 구체적으로 쪼갭니다. 네 왜냐하면 촉박하면 제가 제 정신이 아닐 수가 있어요. 그 시간이 주는 심리적 압박감이 사람을 참 소심해지게 만들기 때문에 그래서 그럴수록 전 심하면 정말 오 분 단위 십 분 단위로도 끊어요. 그래서 그 정도까지는 아닐지라도 삼십 분 단위 정도로는 끊을 수 있을 것 같애요. 그래서 그거에 맞추도록 제 스스로 저를 저와 약속을 하는 거죠. 어 니가 스스로 너를 컨트롤하지 못할 테니 너의 뭐 심장 박동이라든가 너의 긴장된 그 심리 상태가 너를 컨트롤하지 못한 상태일 거라는 걸 잘 알기 때문에 스케줄러를 봐라 네 니가 미리 써 놓은 스케줄대로 그대로 인형처럼 행동해라 몇 시 되면 이걸 보고 몇 시 되면 이걸 보고 오히려 그게 편해요. 제가 인형이 되는 게 편해요. 뭔가 자아 없어지는 거라도 차라리 그렇게 뭘 쥐어줘야 주입식으로라도 공부를 하고 더 머릿속에 이러저러한 것들이 들어오는 거 같애요.","wordCount":132},"emotion":[],"intent":[{"text":"","expression":"","category":"attitude"}],"summary":{"text":"저는 성격상 촉박할수록 더 구체적으로 쪼갭니다. 그 시간이 주는 심리적 압박감이 사람을 참 소심해지게 만들기 때문에 그럴수록 전 심하면 오 분 단위 십 분 단위로도 끊어요. 그래서 제가 스스로 저를 컨트롤할 수 있도록 스케줄러를 보고 인형처럼 행동해요.","wordCount":37}}},"rawDataInfo":{"question":{"fileFormat":"wav","fileSize":300558,"duration":9390,"samplingBit":16,"channelCount":1,"samplingRate":"16kHz","audioPath":"/Mock/01.Management/Female/Experienced/ckmk_q_bm_f_e_179515.wav"},"answer":{"fileFormat":"wav","fileSize":2916558,"duration":91140,"samplingBit":16,"channelCount":1,"samplingRate":"16kHz","audioPath":"/Mock/01.Management/Female/Experienced/ckmk_a_bm_f_e_179515.wav"}}}