{"version":"1.0","dataSet":{"info":{"date":"20230116","occupation":"BM","channel":"MOCK","place":"ONLINE","gender":"FEMALE","ageRange":"55-","experience":"EXPERIENCED"},"question":{"raw":{"text":"우리 회사에 입사를 한다면 어 본인이 하고 싶은 업무가 있으신지 궁금하고 있다면 왜 그 업무를 하고 싶은지 어 이유를 함께 덧붙여서 얘기해 주세요","wordCount":23},"emotion":[],"intent":[]},"answer":{"raw":{"text":"어 당연하죠. 네 당연히 여기서 일을 하고 싶으니까 저도 지원을 했죠. 지원서를 냈죠. 그리고 제가 이 나이 이 겨 이 정도의 경력이면 뭐 솔직히 다 아시잖아요 보고서. 그랬을 때 어느 정도 믿음이 가지 않으세요. 저는 제가 인재를 보는 눈이 탁월하다고 생각을 하고 지난 저의 경험과 네 제 경력이 말해주는 저의 눈썰미가 있습니다. 저는 그걸 믿어요. 네 분명히 회사에 큰 어떤 이득을 줄 거예요. 그만한 어떤 사람들을 제가 잘 좀 일찍이 구별을 할 수 있고 사실 그리고 회사는 사람이 많아서 뭐 회사가 어떻게 굴러가는지 누가 뭐 있는지 없는지도 모른다 라고 하지만 그렇지 않아요. 사람이 곧 회사에요. 그래서 사람을 정말 중시해야 되고 그 중시해야 될 사람을 고르는 것부터가 아주 중요한 작업입니다. 그래서 제가 그걸 잘 해낼 자신이 있습니다.","wordCount":116},"emotion":[],"intent":[{"text":"","expression":"","category":"attitude"}],"summary":{"text":"저는 인재를 보는 눈이 탁월하다고 생각하며 그것을 믿어요. 저는 사람을 중시해야 되고 그 중시해야 될 사람을 고르는 것부터가 아주 중요한 작업입니다. 그래서 제가 그것을 잘 해낼 자신이 있습니다.","wordCount":28}}},"rawDataInfo":{"question":{"fileFormat":"wav","fileSize":547278,"duration":17100,"samplingBit":16,"channelCount":1,"samplingRate":"16kHz","audioPath":"/Mock/01.Management/Female/Experienced/ckmk_q_bm_f_e_160014.wav"},"answer":{"fileFormat":"wav","fileSize":2806478,"duration":87700,"samplingBit":16,"channelCount":1,"samplingRate":"16kHz","audioPath":"/Mock/01.Management/Female/Experienced/ckmk_a_bm_f_e_160014.wav"}}}