{"version":"1.0","dataSet":{"info":{"date":"20230116","occupation":"BM","channel":"MOCK","place":"ONLINE","gender":"FEMALE","ageRange":"-34","experience":"EXPERIENCED"},"question":{"raw":{"text":"어 지원자님께서 최근에 본 뉴스들 가운데 가장 인상 깊었던 뉴스는 무엇인가요 그리고 그것이 가장 인상 깊었던 이유는 무엇인지 함께 말씀해 주시길 바랍니다","wordCount":22},"emotion":[],"intent":[]},"answer":{"raw":{"text":"어 최근 본 뉴스 중 가장 인상 깊었던 것은 어 문 어 현 정부에서 공기업 민영화에 대한 이야기였습니다. 어 아무래도 공기업에 관심이 있고 공기업 재직자를 희망하는 저에게 어 그 문제가 가장 크게 다가왔고. 어 저는 아무래도 공기업이 그 안정적인 조직이다 보니 직원들이 자기 계발을 하지 않고 또 수익화를 할 수 없을 안아도 된다는 그 아니라는 생각이 갖고 있기 때문에 조직의 발전이 없을 수도 있다고 생각을 합니다. 그래서 그 문제에 대해서 어 매우 적극적으로 찬성하는 입장도 가지고 있습니다.","wordCount":77},"emotion":[],"intent":[{"text":"","expression":"","category":"attitude"}],"summary":{"text":"최근 본 뉴스 중 가장 인상 깊었던 것은 현 정부에서 공기업 민영화에 대한 이야기였습니다. 공기업이 안정적인 조직이다 보니 조직의 발전이 없을 수도 있다고 생각해서 매우 찬성하는 입장도 있습니다.","wordCount":28}}},"rawDataInfo":{"question":{"fileFormat":"wav","fileSize":460878,"duration":14400,"samplingBit":16,"channelCount":1,"samplingRate":"16kHz","audioPath":"/Mock/01.Management/Female/Experienced/ckmk_q_bm_f_e_236403.wav"},"answer":{"fileFormat":"wav","fileSize":1564238,"duration":48880,"samplingBit":16,"channelCount":1,"samplingRate":"16kHz","audioPath":"/Mock/01.Management/Female/Experienced/ckmk_a_bm_f_e_236403.wav"}}}