{"version":"1.0","dataSet":{"info":{"date":"20230116","occupation":"BM","channel":"MOCK","place":"ONLINE","gender":"FEMALE","ageRange":"-34","experience":"EXPERIENCED"},"question":{"raw":{"text":"대학 생활을 하시면서 가장 기억에 남는 힘들었던 경험을 한 가지 소개해 주시구요 또 그것을 어떻게 극복했는지도 함께 말씀해 주시면 감사하겠습니다","wordCount":20},"emotion":[],"intent":[]},"answer":{"raw":{"text":"대학생활을 보내면서 가장 힘들었던 경험은 팀원들과의 의사소통에 힘듦이었습니다. 의사소통이 잘 되지 않으면 팀원 간에 오해가 발생하고 그래 인해서 갈등이 생길 수 밖에 없다고 생각합니다. 저는 그러한 갈등의 교정을 겪으면서 너무 힘들다고 생각했고 그러한 갈등을 극복하기 위해서 팀원들과 잘 협의해서 원만한 대화를 이루는 것이 가장 중요하다고 생각했습니다. 따라서 오해가 발생했다면 그 오해가 어떤 원인으로부터 발생했는지 오해의 원인을 찾고 팀원들과 상의하고 의논해서 합의점을 찾고 오해를 풀려고 노력했던 것 같습니다. 저는 오해가 발생하는 것이 얼마나 큰 독이 되는지 알고 있습니다. 따라서 오해가 발생했다면 그것은 서로 간에 입장차가 있기 때문이라고 생각합니다. 따라서 그 입장 차이를 서로 알고 서로를 이해하면 극복해 나갈 수 있는 문제라고 생각하기 때문에 대화로 풀려고 적극적으로 노력할 것입니다. 감사합니다.","wordCount":108},"emotion":[],"intent":[{"text":"저는 그러한 갈등의 교정을 겪으면서 너무 힘들다고 생각했고 그러한 갈등을 극복하기 위해서 팀원들과 잘 협의해서 원만한 대화를 이루는 것이 가장 중요하다고 생각했습니다.","expression":"c_confl_mg","category":"personality"},{"text":"따라서 오해가 발생했다면 그 오해가 어떤 원인으로부터 발생했는지 오해의 원인을 찾고 팀원들과 상의하고 의논해서 합의점을 찾고 오해를 풀려고 노력했던 것 같습니다.","expression":"c_confl_mg","category":"personality"},{"text":"따라서 그 입장 차이를 서로 알고 서로를 이해하면 극복해 나갈 수 있는 문제라고 생각하기 때문에 대화로 풀려고 적극적으로 노력할 것입니다.","expression":"c_confl_mg","category":"personality"}],"summary":{"text":"팀원들과의 의사소통이 원활하지 않으면 갈등이 생길 수 밖에 없기 때문에 갈등을 극복하기 위해 원만한 대화를 이루는 것이 가장 중요하다고 생각합니다. 오해가 발생했다면 그 오해의 원인을 찾고 합의점을 찾고 오해를 풀려고 노력했던 것 같습니다.","wordCount":33}}},"rawDataInfo":{"question":{"fileFormat":"wav","fileSize":509518,"duration":15920,"samplingBit":16,"channelCount":1,"samplingRate":"16kHz","audioPath":"/Mock/01.Management/Female/Experienced/ckmk_q_bm_f_e_180533.wav"},"answer":{"fileFormat":"wav","fileSize":2470798,"duration":77210,"samplingBit":16,"channelCount":1,"samplingRate":"16kHz","audioPath":"/Mock/01.Management/Female/Experienced/ckmk_a_bm_f_e_180533.wav"}}}