{"version":"1.0","dataSet":{"info":{"date":"20230116","occupation":"BM","channel":"MOCK","place":"ONLINE","gender":"FEMALE","ageRange":"55-","experience":"EXPERIENCED"},"question":{"raw":{"text":"우리 회사에 들어와 본인이 하고 싶은 업무가 있으신가요 있다면 그 이유와 함께 말씀해 주시기 바랍니다","wordCount":15},"emotion":[],"intent":[]},"answer":{"raw":{"text":"네 아 저는 기획실에서 일하고 싶습니다. 기획실에서 일하고 싶은 이유 이유는 제가 옛날부터 했던 일도 기획실에서 여행 관련 상품을 만드는 것이었습니다. 어 유레일 패스나 그다음에 각종 여러 나라의 패스를 가지고 패스를 이용한 여행 상품을 만들어 왔습니다. 지금 전 세계적으로 여행이 붐이긴 한데요. 코로나 시국으로 잠깐 정지가 되었지만 모든 사람들이 여행을 기다리고 있으며 어 기차를 이용한 아 어 좀 색다른 여행 기획을 하면서 여행 상품을 많이 만들고 아 많이 만들고 그다음에 음 많이 어 그 많이 만들고 그다음에 많은 사람들이 여행을 할 수 있도록 여행이 가능하도록 아 좋은 상품을 만들어보고 싶은 게 아 꿈입니다. 네 감사합니다.","wordCount":95},"emotion":[{"text":"어   유레일 패스나 그다음에 각종 여러 나라의 패스를 가지고   패스를 이용한 여행 상품을 만들어 왔습니다.","expression":"u-fact","category":"neutral"}],"intent":[{"text":"기획실에서 일하고 싶은 이유 이유는 제가 옛날부터 했던 일도 기획실에서 여행 관련 상품을 만드는 것이었습니다.","expression":"c_sincere_job","category":"etc"}],"summary":{"text":"저는 기획실에서 일하고 싶습니다. 옛날부터 유레일 패스나 여러 나라의 패스를 가지고 패스를 이용한 여행 상품을 만들어 왔고, 기차를 이용한 여행 기획을 하면서 여행 상품을 많이 만들고 좋은 상품을 만들어보고 싶은 게 꿈입니다.","wordCount":32}}},"rawDataInfo":{"question":{"fileFormat":"wav","fileSize":293198,"duration":9160,"samplingBit":16,"channelCount":1,"samplingRate":"16kHz","audioPath":"/Mock/01.Management/Female/Experienced/ckmk_q_bm_f_e_189783.wav"},"answer":{"fileFormat":"wav","fileSize":2576718,"duration":80520,"samplingBit":16,"channelCount":1,"samplingRate":"16kHz","audioPath":"/Mock/01.Management/Female/Experienced/ckmk_a_bm_f_e_189783.wav"}}}