{"version":"1.0","dataSet":{"info":{"date":"20230116","occupation":"BM","channel":"MOCK","place":"ONLINE","gender":"FEMALE","ageRange":"35-44","experience":"EXPERIENCED"},"question":{"raw":{"text":"지원자님께서는 다른 지원자들에 비해서 본인만이 가진 차별성과 장점을 어필한다면 어떤 것을 말씀하실 수 있겠습니까","wordCount":14},"emotion":[],"intent":[]},"answer":{"raw":{"text":"네 저는 모든 사람마다 장점과 단점이 다 있을 것이라고 저는 생각하고 있는데요. 그 중에서 제가 가지고 있는 업무 강점에 대해서 한번 말씀드리도록 하겠습니다. 제가 생각했을 때 제가 가지고 있는 업무 강점은 실행력과 빠른 적응력이라고 생각을 하는데요. 제가 지금 지원하게 된 이 기업에서는 산업의 트렌드를 누구보다 빠르게 잘 파악하고 그리고 경쟁사의 동향에 대해서도 좀 발 빠르게 캐치를 해서 가지고 있는 능력들이 정말 중요하다 라고 생각을 하고 있습니다. 그 이유는 소비자의 분야가 굉장히 조금 어 트렌드에 좀 민감하기도 하고 소비자들이 조금 빠르 빠르게 오더에 대해서도 변경을 한다는 소리를 들은 적이 있습니다. 그래서 제가 가진 이런 능력들을 활용해서 우리 회사가 다른 회사보다 결코 정보력이 뒤져지지 않도록 누구보다 빠르게 그 내용들을 신속히 업데이트 할 수 있는 그런 직원이 되고 싶습니다. 또한 저 같은 경우에는 엑셀 작업이나 컴퓨터 작업이 굉장히 능숙해서 조금 효율적으로 업무를 진행하는데 도움이 될 것 같습니다.","wordCount":134},"emotion":[],"intent":[{"text":"","expression":"","category":"attitude"}],"summary":{"text":"제가 가진 업무 강점은 실행력과 빠른 적응력이라고 생각합니다. 이 기업에서 산업 트렌드를 누구보다 빠르게 파악하고 경쟁사의 동향도 캐치해서 가지고 있는 능력들이 정말 중요하다고 생각합니다. 또한 엑셀이나 컴퓨터 작업이 굉장히 능숙해서 업무 진행에 도움이 될 것 같습니다.","wordCount":36}}},"rawDataInfo":{"question":{"fileFormat":"wav","fileSize":411918,"duration":12870,"samplingBit":16,"channelCount":1,"samplingRate":"16kHz","audioPath":"/Mock/01.Management/Female/Experienced/ckmk_q_bm_f_e_209687.wav"},"answer":{"fileFormat":"wav","fileSize":2685518,"duration":83920,"samplingBit":16,"channelCount":1,"samplingRate":"16kHz","audioPath":"/Mock/01.Management/Female/Experienced/ckmk_a_bm_f_e_209687.wav"}}}