{"version":"1.0","dataSet":{"info":{"date":"20230116","occupation":"BM","channel":"MOCK","place":"ONLINE","gender":"FEMALE","ageRange":"45-54","experience":"EXPERIENCED"},"question":{"raw":{"text":"본인이 생각했을 때 교번 근무에 잘 적응할 수 있다고 생각하시나요 그렇다면 왜 그렇게 생각하시는지 그렇게 생각하시는 근거도 같이 말씀해 주세요","wordCount":20},"emotion":[],"intent":[]},"answer":{"raw":{"text":"어 교대 근무나 교번 근무를 하게 되면 좀 사이클이 변동되는 그런 불편함은 일부 있을 것 같습니다. 하지만 그와 반대로 남들이 일하는 시간에 좀 휴식을 취할 수 있는 그런 장점도 있다 라고 생각을 합니다. 특히 혼잡하지 않은 극장에서 혼자 영화를 본다 라던가 쇼핑을 한다 라던가 뭐 주말이 아닌 평일에 여행 가는 걸 굉장히 좋아하기 때문에 저는 교번 근무도 괜찮을 것 같습니다. 다만 교번 근무를 하면 사전에 좀 공유를 해주면 최소한 한 달 정도는 미리 공유를 해주면 그 계획을 세우는 데도 좋지 않을까 생각을 합니다. 아 그리고 또 체력적인 부분도 있어서 저는 주말마다 운동을 하고 있거든요. 교번 근무를 하면 운 교번 근무가 끝난 후에 운동 스케줄을 하는 걸로 좀 변경을 해서 좀 체력적인 부분도 보충을 하고 근무에 차질이 없도록 노력을 하도록 하겠습니다.","wordCount":120},"emotion":[],"intent":[{"text":"","expression":"","category":"attitude"}],"summary":{"text":"교대 근무나 교번 근무를 하게 되면 사이클이 변동되는 불편함은 일부 있을 것 같습니다. 하지만 남들이 일하는 시간에 좀 휴식을 취할 수 있는 그런 장점도 있다고 생각합니다. 다만 교번 근무는 사전에 좀 공유를 하면 그 계획을 세우는 데도 좋지 않을까 생각합니다.","wordCount":40}}},"rawDataInfo":{"question":{"fileFormat":"wav","fileSize":377678,"duration":11800,"samplingBit":16,"channelCount":1,"samplingRate":"16kHz","audioPath":"/Mock/01.Management/Female/Experienced/ckmk_q_bm_f_e_267247.wav"},"answer":{"fileFormat":"wav","fileSize":1960398,"duration":61260,"samplingBit":16,"channelCount":1,"samplingRate":"16kHz","audioPath":"/Mock/01.Management/Female/Experienced/ckmk_a_bm_f_e_267247.wav"}}}