{"version":"1.0","dataSet":{"info":{"date":"20230116","occupation":"BM","channel":"MOCK","place":"ONLINE","gender":"FEMALE","ageRange":"-34","experience":"EXPERIENCED"},"question":{"raw":{"text":"업무를 하다 보면 타 부서와의 갈등 상황이 발생하기도 하는데 이러한 상황에 처해 있다고 가정했을 때 지원자님께서는 어떻게 해결하실지 말씀해 주시겠습니까","wordCount":20},"emotion":[],"intent":[]},"answer":{"raw":{"text":"저는 타 부서도 갈등이 충분히 생길 수 있다고 생각합니다. 왜냐하면 저희 부서와 그 부서는 서로 하는 업무와 역할이 다르기 때문에 서로 간의 입장이 차이가 또 발생할 수 밖에 없기 때문이라고 생각합니다. 따라서 저는 그 분들에 입장을 듣고 저희에 입장을 취합해서 서로 간의 견해를 이해시키는 것이 우선이라고 생각합니다. 따라서 무조건적인 물어 몰아 부침으로 저희 팀을 우선시 하는 것이 아니라 서로 충분히 합의하고 원만히 합의할 수 있는 부분에 대해서 논의하고 서로 양보하고 배려하며 맞춰나갈 것입니다. 감사합니다.","wordCount":74},"emotion":[],"intent":[{"text":"따라서 저는 그 분들에 입장을 듣고 저희에   입장을 취합해서 서로 간의 견해를 이해시키는 것이 우선이라고 생각합니다.","expression":"c_confl_mg","category":"personality"},{"text":"따라서   무조건적인 물어 몰아 부침으로 저희 팀을 우선시 하는 것이 아니라   서로 충분히 합의하고 원만히 합의할 수 있는 부분에 대해서 논의하고   서로 양보하고 배려하며 맞춰나갈 것입니다.","expression":"c_confl_mg","category":"personality"}],"summary":{"text":"저는 타 부서도 갈등이 생길 수 있다고 생각합니다. 하지만 서로에 입장을 취합해 견해를 이해시키는 것이 우선이므로 무조건적인 몰아 부침으로 저희 팀을 우선시 하는 것이 아니라 서로 합의할 수 있는 부분에 대해 논의할 것입니다.","wordCount":33}}},"rawDataInfo":{"question":{"fileFormat":"wav","fileSize":642638,"duration":20080,"samplingBit":16,"channelCount":1,"samplingRate":"16kHz","audioPath":"/Mock/01.Management/Female/Experienced/ckmk_q_bm_f_e_178351.wav"},"answer":{"fileFormat":"wav","fileSize":1444558,"duration":45140,"samplingBit":16,"channelCount":1,"samplingRate":"16kHz","audioPath":"/Mock/01.Management/Female/Experienced/ckmk_a_bm_f_e_178351.wav"}}}