{"version":"1.0","dataSet":{"info":{"date":"20230116","occupation":"BM","channel":"MOCK","place":"ONLINE","gender":"FEMALE","ageRange":"35-44","experience":"EXPERIENCED"},"question":{"raw":{"text":"배달의민족을 사용하시면서 서비스에서 아쉬웠던 부분이 있었습니까 있었다면 무엇인지 설명해 주세요","wordCount":10},"emotion":[],"intent":[]},"answer":{"raw":{"text":"많죠. 너무 많죠. 우선 평점 평점이 아 이게 악용될 수 있는 소지가 너무 많기 때문에 제가 소비자지만 제가 그냥 업주로 업주에 입장으로 돌이켜 바라봐도 아 이런 리뷰면 왜냐면 버젓이 다른 리뷰들이 괜찮은 것들이 있는데 누가 봐도 너무 악용해서 어 남긴 리뷰 같은 게 보일 때 어 이거는 문제가 많은데 이런 사용자 이런 사람은 어떻게 쪼끔 제재할 수 없나 이케 공 이 리뷰를 못 달게 한다든지 그러면은 뭐 리뷰 이벤트 이런 것도 다 자연스럽게 못 하게 되고 그럼 그 사람이 배달시켜 먹는 거에서 어떤 제한이 붙는 거잖아요. 그러면 본인도 그런 거를 안 되기 위해서 그런 걸 안 당하기 위해서 글을 쓸 때 쪼금 더 조심할 거고 그 이런 쪼끔 고민과 쪼끔 해결책과 그다음에 또 더 나은 것들을 위해서 고민 뭔가 노력을 해야 될 텐데 전혀 그냥 자극적이기만 해요. 그 피해는 고스란히 뭐 업주도 그렇겠지만 보는 사람 모두가 그거는 너무 피로해서 문제였다고 생각을 합니다.","wordCount":142},"emotion":[],"intent":[{"text":"","expression":"","category":"attitude"}],"summary":{"text":"평점이 악용될 수 있는 소지가 너무 많기 때문에 저는 소비자지만 업주로 입장으로 바라봐도 리뷰를 아예 못 쓰게 한다든지, 리뷰 이벤트도 자연스럽게 못 하게 되면 배달 음식에 제한이 붙습니다. 그 피해는 고스란히 업주도 그러겠지만 보는 사람 모두가 너무 피로해서 문제였다고 생각합니다.","wordCount":40}}},"rawDataInfo":{"question":{"fileFormat":"wav","fileSize":393038,"duration":12280,"samplingBit":16,"channelCount":1,"samplingRate":"16kHz","audioPath":"/Mock/01.Management/Female/Experienced/ckmk_q_bm_f_e_142668.wav"},"answer":{"fileFormat":"wav","fileSize":2887438,"duration":90230,"samplingBit":16,"channelCount":1,"samplingRate":"16kHz","audioPath":"/Mock/01.Management/Female/Experienced/ckmk_a_bm_f_e_142668.wav"}}}