{"version":"1.0","dataSet":{"info":{"date":"20230116","occupation":"BM","channel":"MOCK","place":"ONLINE","gender":"FEMALE","ageRange":"35-44","experience":"EXPERIENCED"},"question":{"raw":{"text":"지금까지 협업을 하면서 가장 어려웠던 부분과 그 어려움을 어떻게 해결을 해 나갔는지 함께 말씀을 해 주시기 바랍니다","wordCount":17},"emotion":[],"intent":[]},"answer":{"raw":{"text":"제가 협업을 하면서 가장 어려웠던 일은 협업 과정에서 서로의 의견 차이가 감정적인 문제로까지 변하는 것이었습니다. 소통의 기본은 공감이라고 생각하는데 업무에 집중을 하다보면 공감이 뒤로 밀리는 경우가 종종 있는 것 같습니다. 이것을 해결하기 위해서 저는 소소한 잡담을 나누는 시간을 가졌는데 업무에만 너무 집중되어 있는 나머지 서로 소통을 한다던지 감정을 공유할 시간이 부족했던 것 같다라는 생각이 들었기 때문입니다. 업무와 관련이 없는 질문이나 근황에 대해서 서로 이야기를 하면서 동료에 대한 새로운 사실도 알 알고 이러한 소소한 잡담을 통해서 동료와 서로 결합되고 공감대를 형성할 수 있었던 것 같습니다. 그러면서 우리가 하나의 목표를 가지고 함께 나아간다 라는 것을 새삼 깨닫게 되고 이는 우리를 우리 팀원들이 더욱 단단해진 팀웍으로 나타낼 수 있는 기회였던 것 같습니다.","wordCount":109},"emotion":[],"intent":[{"text":"","expression":"","category":"attitude"}],"summary":{"text":"협업 과정에서 서로의 의견 차이가 감정적인 문제로 변하는 것이 가장 어려웠습니다. 이것을 해결하기 위해 저는 소소한 잡담을 나누는 시간을 가졌습니다. 이를 통해서 서로 결합되고 공감대를 형성할 수 있었던 것 같습니다. 그러면서 우리가 하나의 목표를 가지고 함께 나아간다는 것을 깨달았습니다.","wordCount":39}}},"rawDataInfo":{"question":{"fileFormat":"wav","fileSize":454478,"duration":14200,"samplingBit":16,"channelCount":1,"samplingRate":"16kHz","audioPath":"/Mock/01.Management/Female/Experienced/ckmk_q_bm_f_e_204173.wav"},"answer":{"fileFormat":"wav","fileSize":2200398,"duration":68760,"samplingBit":16,"channelCount":1,"samplingRate":"16kHz","audioPath":"/Mock/01.Management/Female/Experienced/ckmk_a_bm_f_e_204173.wav"}}}