{"version":"1.0","dataSet":{"info":{"date":"20230116","occupation":"BM","channel":"MOCK","place":"ONLINE","gender":"FEMALE","ageRange":"35-44","experience":"EXPERIENCED"},"question":{"raw":{"text":"그동안 진행했던 프로젝트들 중에서 지원자님에게 가장 기억에 남는 프로젝트가 있다면 그것은 무엇이고 왜 기억에 남았는지 설명해 주시길 바랍니다","wordCount":18},"emotion":[],"intent":[]},"answer":{"raw":{"text":"제가 진행한 프로젝트 중에 가장 기억에 남는 프로젝트는 어 대학원 수업에서 실제로 모의 수업을 진행을 하는 것이었습니다. 조별로 과제를 진행을 했는데 어 현장감을 익힐 수 있게 되어서 제가 많은 도움을 받게 되었습니다. 제가 실제 그냥 수업 어 평상시에 어 노트로만 작성을 해서 어 어떤 부분이 부족한 부분이고 어떤 부분을 장점을 극대화해야 하는지 잘 알지 못하고 현실적인 감각이 없었는데 실제로 그것들을 진행을 해 봄으로써 교수님들에게 어 좋은 피드백과 나쁜 피드백을 받으면서 그리고 또 다른 어 다른 선생님들에게 도움을 받으면서 제가 실제로 어떤 부분에서 약점이 있는지 그것들을 보완해 나갈 수 있게 되었고 어 강점을 찾게 되었습니다. 그리고 특히 그 수업을 통해서 음 제가 어 그 일에 얼마나 몰두할 수 있는지 그것들을 많이 알게 되었고 그리고 가장 중요한 것은 현장감을 가질 수 있게 되어서 어 제가 다른 수업을 계획을 할 때도 그런 어 시간 분배라든지 어떤 문제가 발생할 수 있는 것에 대해서 미리 예측을 하고 어 진행을 해서 어 어려움이 많이 줄어들게 되었습니다.","wordCount":150},"emotion":[],"intent":[{"text":"","expression":"","category":"attitude"}],"summary":{"text":"대학원 수업에서 실제 모의 수업을 진행하는 것이 가장 기억에 남습니다. 조별로 과제를 진행하면서 현장감을 익힐 수 있게 되어서 많은 도움을 받았습니다. 실제 수업을 하며 교수님과 선생님들에게 피드백을 받으며 약점을 보완하고 강점을 찾게 되었습니다. 수업을 통해 현장감을 얻어 다른 수업도 미리 예측을 하게 되어 어려움이 줄어들었습니다.","wordCount":45}}},"rawDataInfo":{"question":{"fileFormat":"wav","fileSize":612558,"duration":19140,"samplingBit":16,"channelCount":1,"samplingRate":"16kHz","audioPath":"/Mock/01.Management/Female/Experienced/ckmk_q_bm_f_e_217666.wav"},"answer":{"fileFormat":"wav","fileSize":2863438,"duration":89480,"samplingBit":16,"channelCount":1,"samplingRate":"16kHz","audioPath":"/Mock/01.Management/Female/Experienced/ckmk_a_bm_f_e_217666.wav"}}}