{"version":"1.0","dataSet":{"info":{"date":"20230116","occupation":"BM","channel":"MOCK","place":"ONLINE","gender":"FEMALE","ageRange":"-34","experience":"EXPERIENCED"},"question":{"raw":{"text":"어 지원자님의 성격상 장점과 단점에 대해서 저에게 말씀해 주세요 구체적인 예시를 들어서 설명해 주셔도 매우 좋아요","wordCount":16},"emotion":[],"intent":[]},"answer":{"raw":{"text":"제 성격의 장점은 감정을 크게 끌고 가지 않는다는 것입니다. 뭐 남들은 뒤끝이 없다고도 말하긴 하는데 사실은 기억을 잘 못해요. 뭔가 부정적인 사건 같은 것도 금세 잊어버리는 편이고 뭐 좋았던 일도 딱히 살면서 없었던 없었기 때문에 살면서 제가 특별히 막 기억을 하고 싶거나 해야 한다거나 할 수 밖에 없다거나 그런 것들이 별로 없었어 가지구. 항상 좀 지난 일들은 잘 잊어버려서 뭐 사람들이 주위에서 이제 친구들도 그때 많이 기분이 상했었는데 지금은 어때 라고 물어볼 때 그게 전혀 기억이 나지 않기 때문에 그만큼 감정적으로 뭔가 데미지가 없습니다. 단점은 아마 이런 부분들 때문에 좀 섬세하지 못한 게 있어요. 그래서 뭐 친구들 생일도 잘 까먹고 가족들 행사도 잘 까 잘 잘 까먹어서 그런 것 땜에 많이 혼나곤 해 가지고 그게 제 단점인 것 같습니다. 저번 주에도 사실은 엄마 생신이었는데 그걸 잊고 지나가서 그랬던 기억이 있습니다.","wordCount":130},"emotion":[],"intent":[{"text":"제 성격의 장점은 감정을 크게 끌고 가지 않는다는 것입니다.","expression":"c_person","category":"background"}],"summary":{"text":"제 성격은 감정을 크게 끌고 가지 않는 장점이 있지만, 사실 부정적인 사건 같은 것도 금방 잊어버리는 편이고 감정적으로 뭔가 데미지가 없습니다. 또 친구들 생일도 잘 잊어버리고 가족들 행사도 잘 챙겨먹지 못해서 많이 혼나곤 하는 게 제 단점입니다.","wordCount":37}}},"rawDataInfo":{"question":{"fileFormat":"wav","fileSize":368078,"duration":11500,"samplingBit":16,"channelCount":1,"samplingRate":"16kHz","audioPath":"/Mock/01.Management/Female/Experienced/ckmk_q_bm_f_e_148360.wav"},"answer":{"fileFormat":"wav","fileSize":2650958,"duration":82840,"samplingBit":16,"channelCount":1,"samplingRate":"16kHz","audioPath":"/Mock/01.Management/Female/Experienced/ckmk_a_bm_f_e_148360.wav"}}}