{"version":"1.0","dataSet":{"info":{"date":"20230116","occupation":"BM","channel":"MOCK","place":"ONLINE","gender":"FEMALE","ageRange":"-34","experience":"EXPERIENCED"},"question":{"raw":{"text":"지원자님께서는 창의성과 팀워크 중 어떤 것이 더 중요하다고 생각하십니까 근거도 함께 들어서 말씀해 주시기 바랍니다","wordCount":15},"emotion":[],"intent":[]},"answer":{"raw":{"text":"네 창의성은 개인적인 부분인 것 같고요. 팀워크는 같이 협동심이 발휘되어야 하는 일인 것 같습니다. 어 저는 두 가지 모두 존중이 돼야 되고 중요하지만 어 특히 저는 팀워크가 굉장히 중요하다고 생각을 합니다. 어 저희에 업무라는 게 이제 경영 사무 지원 업무이기 때문에 전체적으로 팀이 같은 방향성을 향해서 가야 된다고 생각을 하고요. 또 본인의 업무를 좀 충실히 잘해야 어 전체 팀원에게 이제 피해가 가지 않고 또 같이 협업을 할 수 있기 때문에 저는 그런 측면에서 좀 같이 협업하고 또 팀워크를 위해서 노력할 수 있는 그런 역할이 중요하다고 생각을 합니다. 사실 이제 업무라는 게 조직의 한 부분이고 또 작게 보면 팀원 내에서 함께 일하는 것이기 때문에 어떤 본인이 역할을 하건 또 업무 수행을 하건 그것들을 쪼금 단합을 해서 또 커뮤니케이션을 잘해 가면서 노력하는 게 중요하다고 생각을 하고요. 저도 그런 사람이 되기 위해서 또 여러 가지로 노력을 하고 있습니다. 그렇기 때문에 그런 업무를 수행하는 게 중요하다고 생각을 하고 팀워크를 더 발휘해서 업무의 효율성을 높일 수 있도록 하겠습니다.","wordCount":153},"emotion":[{"text":"사실 이제 업무라는 게   조직의 한 부분이고 또 작게 보면 팀원 내에서 함께 일하는 것이기 때문에   어떤 본인이 역할을 하건 또 업무 수행을 하건 그것들을 쪼금    단합을 해서 또 커뮤니케이션을 잘해 가면서 노력하는 게 중요하다고 생각을 하고요.","expression":"u-belief","category":"neutral"}],"intent":[{"text":"팀워크는 같이 협동심이    발휘되어야 하는 일인 것 같습니다.","expression":"c_cop","category":"personality"},{"text":"어 저는 두 가지 모두 존중이 돼야 되고 중요하지만   어 특히 저는 팀워크가 굉장히 중요하다고 생각을 합니다.","expression":"c_cop","category":"personality"},{"text":"또 본인의 업무를 좀   충실히 잘해야 어 전체 팀원에게 이제 피해가 가지 않고 또 같이 협업을 할 수   있기 때문에 저는 그런 측면에서 좀 같이 협업하고 또 팀워크를 위해서 노력할   수 있는 그런 역할이 중요하다고 생각을 합니다.","expression":"c_cop","category":"personality"},{"text":"사실 이제 업무라는 게   조직의 한 부분이고 또 작게 보면 팀원 내에서 함께 일하는 것이기 때문에   어떤 본인이 역할을 하건 또 업무 수행을 하건 그것들을 쪼금    단합을 해서 또 커뮤니케이션을 잘해 가면서 노력하는 게 중요하다고 생각을 하고요.","expression":"c_cop","category":"personality"},{"text":"그렇기 때문에 그런   업무를 수행하는 게 중요하다고 생각을 하고 팀워크를 더 발휘해서 업무의 효율성을   높일 수 있도록 하겠습니다.","expression":"c_cop","category":"personality"}],"summary":{"text":"업무라는 게 조직의 한 부분이고 또 작게 보면 팀원 내에서 함께 일하는 것이기 때문에 어떤 본인이 역할을 하건 또 업무 수행을 하건 단합을 해서 또 커뮤니케이션을 잘해 가면서 팀워크를 발휘해서 업무의 효율성을 높일 수 있도록 하겠습니다.","wordCount":36}}},"rawDataInfo":{"question":{"fileFormat":"wav","fileSize":457678,"duration":14300,"samplingBit":16,"channelCount":1,"samplingRate":"16kHz","audioPath":"/Mock/01.Management/Female/Experienced/ckmk_q_bm_f_e_154147.wav"},"answer":{"fileFormat":"wav","fileSize":2743758,"duration":85740,"samplingBit":16,"channelCount":1,"samplingRate":"16kHz","audioPath":"/Mock/01.Management/Female/Experienced/ckmk_a_bm_f_e_154147.wav"}}}