{"version":"1.0","dataSet":{"info":{"date":"20230116","occupation":"BM","channel":"MOCK","place":"ONLINE","gender":"FEMALE","ageRange":"35-44","experience":"EXPERIENCED"},"question":{"raw":{"text":"일을 하다 보면 영어로 서류를 작성해야 할 일이 생길 수 있습니다 지원자님께서는 영어로 서류를 작성 가능하신가요","wordCount":16},"emotion":[],"intent":[]},"answer":{"raw":{"text":"네 저는 업무를 지원을 하는데 영어에 굉장히 능숙한 상황이라고 할 수가 있습니다. 그리고 영어 뿐만이 아니라 서류 작성을 필요한 여러 가지 프로그램을 잘 다룰 수가 있는데요. 그래서 회사에서 필요한 업무라고 하면 영어로 서류를 작성하는데 전혀 문제가 없을 정도로 굉장히 능숙한 편입니다. 그리고 비즈니스에서 필요한 영어가 또 따로 있는데요. 제가 항상 평소에 퇴근 이후에 학원에 가서 영어 공부를 하고 있습니다. 어 제가 서류 업무를 쪼금 더 신속하게 지원을 하고 좀 능숙하게 다룰 수 있기 위해서 제가 여러 가지 공부를 하고 있기 때문에 그런 점들은 맡겨주신다고 하면 제가 서류 업무를 잘 수행해 낼 자신이 있는 것 같습니다. 저는 기본적으로 서류 업무를 좀 능숙하게 진행을 하는 편이고요. 다른 지원자에 비해서 다룰 수 있는 프로그램도 많기 때문에 제가 이 부분에 강점이 있다고 할 수 있습니다. 그리고 저는 한국어 뿐만이 아니라 영어로 서류를 지원하는 데도 문제가 없고 전에 회사에 있어도 그 부분을 좀 능숙하게 다뤘기 때문에 제가 거의 영어 서류 업무를 도맡아서 진행을 해왔습니다. 그렇기 때문에 제가 입사 이후에 이 업무를 저에게 맡겨주신다고 하면 능숙하면서도 신속하고 빠르게 업무 처리가 가능할 것 같습니다.","wordCount":167},"emotion":[],"intent":[{"text":"제가 항상 평소에 퇴근 이후에 학원에 가서 영어   공부를 하고 있습니다.","expression":"c_private","category":"background"},{"text":"저는 기본적으로   서류 업무를 좀 능숙하게 진행을 하는 편이고요.","expression":"m_admin","category":"technology"},{"text":"다른 지원자에 비해서 다룰   수 있는 프로그램도 많기 때문에 제가 이 부분에 강점이 있다고 할 수 있습니다.","expression":"m_admin","category":"technology"},{"text":"그리고 저는   한국어 뿐만이 아니라 영어로 서류를 지원하는 데도 문제가 없고 전에 회사에 있어도   그 부분을 좀 능숙하게 다뤘기 때문에 제가 거의 영어 서류 업무를 도맡아서 진행을 해왔습니다.","expression":"m_admin","category":"technology"}],"summary":{"text":"저는 업무를 지원하는데 영어에 굉장히 능숙한 상황이며 다른 지원자에 비해서 다룰 수 있는 프로그램도 많기 때문에 업무 수행에 강점이 있다고 할 수 있습니다. 또한 제가 거의 영어 서류 업무를 도맡아서 진행을 해왔기 때문에 입사 이후에 이 업무를 맡겨주셨다고 하면 능숙하면서도 신속하고 빠르게 업무 처리가 가능할 것 같습니다.","wordCount":47}}},"rawDataInfo":{"question":{"fileFormat":"wav","fileSize":440718,"duration":13770,"samplingBit":16,"channelCount":1,"samplingRate":"16kHz","audioPath":"/Mock/01.Management/Female/Experienced/ckmk_q_bm_f_e_118942.wav"},"answer":{"fileFormat":"wav","fileSize":2752078,"duration":86000,"samplingBit":16,"channelCount":1,"samplingRate":"16kHz","audioPath":"/Mock/01.Management/Female/Experienced/ckmk_a_bm_f_e_118942.wav"}}}