{"version":"1.0","dataSet":{"info":{"date":"20230116","occupation":"BM","channel":"MOCK","place":"ONLINE","gender":"FEMALE","ageRange":"55-","experience":"EXPERIENCED"},"question":{"raw":{"text":"귀하께서는 개인적으로 경영 지식을 쌓기 위해 따로 공부하거나 노력한 점이 있다면 그것에 대해서 이야기해 주세요","wordCount":15},"emotion":[],"intent":[]},"answer":{"raw":{"text":"어 말이 웃기긴 한데요. 따로 노력이라는 거는 없는 것 같아요. 왜냐하면 그냥 한 분야에 일을 하고 있고 그게 오래 될수록 그냥 일이고 그 사람의 생활 모두로 어쩔 수 없이 결부가 되는 것 같아요. 그래서 바라보는 시야가 그러지 않으려고 해도 일과 연관이 되고 연결이 그냥 돼요. 그래서 저는 사람을 볼 줄 알아야 되는 사람이고 볼 줄 아는 사람이기 때문에 세상의 모든 뉴스를 볼 때마다 제 업무와 연결 지어서 어 바라보게 되고 전망을 해보게 되고 또 제가 몸담은 회사 몸담을 회사 관련해서도 조금 계획을 해 보게 되고 이런 것들이 어떤 저의 노력이면서 저의 일상 저의 루틴이 되어버린 그런 상태인 것 같고요. 성과는 너무 많아서 사실 뭘 말씀드려야 될지 모르겠네요. 그냥 검색을 해보세요. 네 저는 많이 성과를 낸 고급 인력입니다 아시겠지만.","wordCount":118},"emotion":[],"intent":[{"text":"","expression":"","category":"attitude"}],"summary":{"text":"저는 사람을 볼 줄 아는 사람이기 때문에 세상의 모든 뉴스를 볼 때마다 제 업무와 연결 지어서 바라보게 되고 또 몸담은 회사 관련해서도 조금 계획을 해 보게 되고 이런 것들이 저의 노력이면서 일상의 루틴이 되어버린 것 같습니다.","wordCount":36}}},"rawDataInfo":{"question":{"fileFormat":"wav","fileSize":397198,"duration":12410,"samplingBit":16,"channelCount":1,"samplingRate":"16kHz","audioPath":"/Mock/01.Management/Female/Experienced/ckmk_q_bm_f_e_160018.wav"},"answer":{"fileFormat":"wav","fileSize":2891598,"duration":90360,"samplingBit":16,"channelCount":1,"samplingRate":"16kHz","audioPath":"/Mock/01.Management/Female/Experienced/ckmk_a_bm_f_e_160018.wav"}}}