{"version":"1.0","dataSet":{"info":{"date":"20230116","occupation":"BM","channel":"MOCK","place":"ONLINE","gender":"FEMALE","ageRange":"-34","experience":"EXPERIENCED"},"question":{"raw":{"text":"몇 년 전에 우버 택시와 관련된 논란이 있었던 걸 알고 계실 겁니다 지원자님께서는 이 찬반 양론에 대해서 각각 어떤 생각을 하고 계신지 궁금합니다","wordCount":23},"emotion":[],"intent":[]},"answer":{"raw":{"text":"저는 우선 우버 택시 운영에 찬성했습니다. 우버 택시가 가졌던 논란은 택시 자격증이 없는 일반인이 택시를 운영하는 것은 불법이라는 말이 나왔기 때문입니다. 하지만 저는 택시 운영에 있어서 택시 자격증을 가지든 가지지 않았든 소유의 의미는 크게 차이가 없다고 생각합니다. 택시는 손님을 목적지까지 안전하게 태워다 드리는 것이 목적이지 택시 자격증은 운전 면허증을 가진 누구라 누구라도 운전을 해서 서비스를 제공할 수 있기 때문이라고 생각합니다. 따라서 저는 우버택시의 운영이 적합하다고 생각하고 우버택시가 그런 논란으로 국내에서 운영이 축소되었음에도 그러한 서비스를 메꾸려는 앱이 대거 등장하였습니다. 그런 점에서 미뤄 봤을 때 우버 택시에 장점이었던 친절도와 질좋은 서비스는 고객들이 가장 원하는 것이었기 때문에 우버택시 운영에 찬성하는 바입니다. 감사합니다","wordCount":99},"emotion":[],"intent":[{"text":"","expression":"","category":"attitude"}],"summary":{"text":"저는 우버 택시 운영에 찬성했습니다. 택시는 손님을 안전하게 태워 드리는 것이 목적이기 때문에 저는 우버택시의 운영이 적합하다고 생각합니다. 우버 택시의 장점이었던 친절도와 질좋은 서비스는 고객들이 가장 원하는 것이었기 때문에 우버택시 운영에 찬성하는 바입니다.","wordCount":33}}},"rawDataInfo":{"question":{"fileFormat":"wav","fileSize":459598,"duration":14360,"samplingBit":16,"channelCount":1,"samplingRate":"16kHz","audioPath":"/Mock/01.Management/Female/Experienced/ckmk_q_bm_f_e_178347.wav"},"answer":{"fileFormat":"wav","fileSize":2236238,"duration":69880,"samplingBit":16,"channelCount":1,"samplingRate":"16kHz","audioPath":"/Mock/01.Management/Female/Experienced/ckmk_a_bm_f_e_178347.wav"}}}