{"version":"1.0","dataSet":{"info":{"date":"20230116","occupation":"BM","channel":"MOCK","place":"ONLINE","gender":"FEMALE","ageRange":"-34","experience":"EXPERIENCED"},"question":{"raw":{"text":"소통 능력을 키우기 위해서는 어떤 일을 할 수 있을까요 어 지원자님께서 지금 생각나는 방법들을 자세하게 한 번 말씀해 주세요","wordCount":19},"emotion":[],"intent":[]},"answer":{"raw":{"text":"소통 능력을 키우기 위해서 일단은 나랑 다른 사람들을 만나는 게 중요한 것 같애요. 나랑 비슷하고 나랑 생각이 같은 사람들 그런 사람들 하고는 막히지가 않거든요 소통이. 근데 나랑 정말 다른 가치관을 가지고 사는 사람들 그런 사람들을 좀 많이 접해 봐야 처음에는 적대적일 수 있지만 계속해서 그것들을 좀 설득하고 내 말도 설득할 수 있고 그 사람들의 말을 좀 듣기도 하게 되니까. 어 저는 약간 내가 지금 활동하고 있는 범위를 벗어나서 다양한 것들을 경험하면서 자연스럽게 나랑 다른 사람들을 많이 만나봐야 한다고 생각합니다. 그래야지 소통 능력도 좋아지는 것 같애요.","wordCount":85},"emotion":[],"intent":[{"text":"","expression":"","category":"attitude"}],"summary":{"text":"소통 능력 향상을 위해서는 나와 비슷한 가치관을 가진 사람을 많이 접하는 것이 중요합니다. 다양한 것들을 경험하면서 자연스럽게 나와 다른 사람들을 많이 만나야 소통 능력도 높아지는 것 같습니다.","wordCount":27}}},"rawDataInfo":{"question":{"fileFormat":"wav","fileSize":377678,"duration":11800,"samplingBit":16,"channelCount":1,"samplingRate":"16kHz","audioPath":"/Mock/01.Management/Female/Experienced/ckmk_q_bm_f_e_149256.wav"},"answer":{"fileFormat":"wav","fileSize":2136398,"duration":66760,"samplingBit":16,"channelCount":1,"samplingRate":"16kHz","audioPath":"/Mock/01.Management/Female/Experienced/ckmk_a_bm_f_e_149256.wav"}}}