{"version":"1.0","dataSet":{"info":{"date":"20230116","occupation":"BM","channel":"MOCK","place":"ONLINE","gender":"FEMALE","ageRange":"45-54","experience":"EXPERIENCED"},"question":{"raw":{"text":"저희 회사는 대학의 성적보다는 대학 생활 동안에 본인이 이룬 경험에 대해서 더 중요하게 생각을 하고 있는데요 대학에 다니며 공모전이나 프로젝트 등 기획 경험은 있으신가요","wordCount":24},"emotion":[],"intent":[]},"answer":{"raw":{"text":"음 네 제가 뭐 사실 이게 직접 했다기보단 어 저는 사실 도움 써 서브였어요 저는. 네 왜냐하면 제가 학년이 어리기도 했고 그리고 그 이후에 그런 좀 프로젝 프로젝트를 벌이려고 했지만 네 아무래도 이 전국적으로 퍼진 바이러스나 이런 것 때문에 그런 활발한 어떤 활동 자체가 금지가 됐어 가지고 당시에 못 했었는데요. 그래도 이제 고 시기 때 그런 교내 그리고 과내 그 진행으로 프로젝트를 운영하는 거를 경험할 수 있는 게 저희 때가 당시에는 가장 막내였어요. 그래서 옆에서 정말 많이 배웠고 그리고 일을 뭐 제 전공을 살리지 않았더라도 그때의 그 프로젝트를 운영하는 그 경험이 여러 가지로 정말 실생활에 도움이 됐겠구나 라는 걸 많이 당시에도 느꼈었던 거 같애요.","wordCount":104},"emotion":[],"intent":[{"text":"","expression":"","category":"attitude"}],"summary":{"text":"프로젝트는 전국적으로 확산된 바이러스 때문에 금지됐었습니다. 하지만 고학년 때 교내, 과내 진행으로 프로젝트를 운영하는 것을 경험할 수 있는 게 가장 막내였기 때문에 프로젝트 운영 경험이 실생활에 도움이 되었다는 걸 느꼈던 거 같습니다.","wordCount":32}}},"rawDataInfo":{"question":{"fileFormat":"wav","fileSize":567118,"duration":17720,"samplingBit":16,"channelCount":1,"samplingRate":"16kHz","audioPath":"/Mock/01.Management/Female/Experienced/ckmk_q_bm_f_e_179521.wav"},"answer":{"fileFormat":"wav","fileSize":2821198,"duration":88160,"samplingBit":16,"channelCount":1,"samplingRate":"16kHz","audioPath":"/Mock/01.Management/Female/Experienced/ckmk_a_bm_f_e_179521.wav"}}}