{"version":"1.0","dataSet":{"info":{"date":"20230116","occupation":"BM","channel":"MOCK","place":"ONLINE","gender":"FEMALE","ageRange":"-34","experience":"EXPERIENCED"},"question":{"raw":{"text":"지원자님께서는 무언가를 달성하기 위해서 어떤 목표를 세우시고 이 삼 년간 열심히 노력하여 그 목표를 달성한 경험이 있으신가요","wordCount":17},"emotion":[],"intent":[]},"answer":{"raw":{"text":"일단은 아이를 키우면서 일찍 아이를 키웠고 대학을 늦게 졸업하게 됐었어요. 남들보다 진짜 늦끼게 늦게 졸업했는데. 그때 이제 졸업을 하면서 어 그때 제가 잡았던 게 삼 년 안에 꼭 취업을 하자 였거든요. 근데 그러기 위해서는 어쨌든 뭐 제 남편과 많은 상의도 있었지만 아이를 이제 어떻게 어느 정도까지 케어를 하는지 할 수 있는지를 좀 많이 따져야 했었고 그리고 그거를 동시에 육아를 하면서 동시에 제가 취업에 필요한 다양한 스펙들을 쌓아야 되는 시간이었었거든요. 그래서 진짜 잠을 좀 쪼개가면서 못 자면서 준비를 했었고 그 결실이 지금 이 자리라고 생각을 합니다. 저는 면접을 보는 그 자리까지 가는 게 저의 목표였고 면접을 봤을 때 제가 떨어질 거라는 생각은 하지 않았어 가지구. 진짜 딱 질문 주신 것처럼 제가 그 본격적으로 이 대학을 졸업하면서 잡았던 기간이 삼 년까지였거든요. 근데 지금 딱 그 결실을 보고 있다고 생각합니다.","wordCount":127},"emotion":[{"text":"일단은 아이를 키우면서 일찍 아이를 키웠고 대학을 늦게 졸업하게 됐었어요.","expression":"u-fact","category":"neutral"}],"intent":[{"text":"그때 이제 졸업을 하면서 어 그때 제가 잡았던 게 삼 년 안에 꼭 취업을 하자 였거든요.","expression":"c_private","category":"background"},{"text":"근데 그러기 위해서는 어쨌든 뭐 제 남편과 많은 상의도 있었지만   아이를 이제 어떻게 어느 정도까지 케어를 하는지   할 수 있는지를 좀 많이 따져야 했었고 그리고 그거를 동시에 육아를 하면서 동시에 제가 취업에 필요한 다양한 스펙들을 쌓아야 되는 시간이었었거든요.","expression":"c_private","category":"background"}],"summary":{"text":"일찍 아이를 키웠고 늦게 대학을 졸업하게 됐는데, 삼 년 안에 취업을 하자 였는데 아이를 어떻게 케어할지 많이 고민했고, 육아를 하면서 동시에 취업에 필요한 다양한 스펙들을 쌓아야 되는 시간이었어서 진짜 잠을 좀 쪼개가면서 준비를 했었고 그 결실이 지금 이 자리라고 생각합니다.","wordCount":40}}},"rawDataInfo":{"question":{"fileFormat":"wav","fileSize":453198,"duration":14160,"samplingBit":16,"channelCount":1,"samplingRate":"16kHz","audioPath":"/Mock/01.Management/Female/Experienced/ckmk_q_bm_f_e_149254.wav"},"answer":{"fileFormat":"wav","fileSize":2547278,"duration":79600,"samplingBit":16,"channelCount":1,"samplingRate":"16kHz","audioPath":"/Mock/01.Management/Female/Experienced/ckmk_a_bm_f_e_149254.wav"}}}