{"version":"1.0","dataSet":{"info":{"date":"20230116","occupation":"BM","channel":"MOCK","place":"ONLINE","gender":"FEMALE","ageRange":"-34","experience":"EXPERIENCED"},"question":{"raw":{"text":"업무를 하던 중에 팀원과 불화가 생기게 된다면 지원자님께서는 어떠한 해결법을 가지고 대처하실지 말씀해 주시고 왜 그렇게 하실지 말해 주세요","wordCount":19},"emotion":[],"intent":[]},"answer":{"raw":{"text":"팀원과 만약 이제 불화가 생기거나 어떤 문제점이 생긴다고 해도 어 저는 그것들을 소통과 그리고 협업을 통해서 좀 풀어낼 수 있다는 자신이 있습니다. 왜냐하면 회사 내에서 일어나는 일들은 뭐 불화나 뭐 팀원 간의 문제가 생겼다고 하더라도 어차피 일 처리를 하다가 생긴 문제가 대부분이라고 생각을 합니다. 그게 만약에 개인적인 감정이 너무 많이 섞여 있다고 하면 그거는 개인적으로 풀어가야겠지만 기본적으로 회사의 업무를 하는 사람들은 그 정도의 기본적인 태도는 필요하다고 생각을 합니다. 본인이 상대방이 싫다고 해서 뭐 무시하거나 아니면 이제 어떤 일적인 부분에서 문제가 생기면 안 되구요. 그거는 공과 사를 구분해야 되는 문제라고 생각을 합니다. 어 다만 이제 팀원과의 문제는 일적으로 협의가 필요하거나 아니면 이제 뭐 일로 협의를 하다가 문제가 생겼기 때문에 이런 것들은 조율을 해가면서 충분히 어 다르케 처리를 가능하다고 생각합니다. 그래서 저는 만약에 문제가 발생하면 그 팀원과 충분히 협의하고 서로 이해하고 배려하면서 업무 처리를 해 나갈 수 있는 자신이 있기 때문에 앞으로 이런 문제가 생겼을 때 좀 적극적으로 해결해 나가도록 하겠습니다.","wordCount":149},"emotion":[],"intent":[{"text":"어 다만 이제 팀원과의 문제는 일적으로 협의가 필요하거나   아니면 이제 뭐 일로 협의를 하다가 문제가 생겼기 때문에 이런 것들은 조율을    해가면서 충분히 어 다르케 처리를 가능하다고 생각합니다.","expression":"c_confl_mg","category":"personality"},{"text":"그래서 저는   만약에 문제가 발생하면 그 팀원과 충분히 협의하고 서로 이해하고 배려하면서   업무 처리를 해 나갈 수 있는 자신이 있기 때문에 앞으로 이런 문제가 생겼을 때 좀 적극적으로   해결해 나가도록 하겠습니다.","expression":"c_confl_mg","category":"personality"}],"summary":{"text":"회사 내에서 일어나는 일들은 불화나 팀원 간의 문제가 생겼다고 하더라도 일 처리를 하다가 생긴 문제라고 생각하며, 기본적으로 회사 업무를 하는 사람들은 그 정도의 기본적인 태도는 필요하다고 생각합니다. 그래서 저는 앞으로 문제가 생겼을 때 적극적으로 해결해 나가도록 하겠습니다.","wordCount":37}}},"rawDataInfo":{"question":{"fileFormat":"wav","fileSize":654798,"duration":20460,"samplingBit":16,"channelCount":1,"samplingRate":"16kHz","audioPath":"/Mock/01.Management/Female/Experienced/ckmk_q_bm_f_e_154150.wav"},"answer":{"fileFormat":"wav","fileSize":2751438,"duration":85980,"samplingBit":16,"channelCount":1,"samplingRate":"16kHz","audioPath":"/Mock/01.Management/Female/Experienced/ckmk_a_bm_f_e_154150.wav"}}}