{"version":"1.0","dataSet":{"info":{"date":"20230116","occupation":"BM","channel":"MOCK","place":"ONLINE","gender":"FEMALE","ageRange":"45-54","experience":"EXPERIENCED"},"question":{"raw":{"text":"지원자님에 성격상 장점과 단점에 대해 알고 싶습니다 구체적인 예를 들어 단점 장점을 얘기해 주시기 바랍니다","wordCount":15},"emotion":[],"intent":[]},"answer":{"raw":{"text":"저는 집요함이라고 생각을 하는데 제가 공부를 할 때도 그렇고 어 사회생활을 시작하면서도 그렇고 제가 막히는 부분이 있을 때 그거를 그냥 못 넘어가기는 해요. 내가 진짜로 이해하고 깨달을 때까지 계속 붙잡는 편이고 그게 해결되지 않으면 진짜 계속 생각을 하는데 다행히 이제 업무적인 면에서는 그런 적이 많이 없어요. 근데 어 그 그런 일이 많이 없었던 거죠. 뭔가 이해가 안된다 것 던가 제가 납득하지 못한다던가 그런 거는 많이 없었는데 그냥 제가 개인적으로 공부를 하는 거에서 막혔던 부분이 있었을 때 그거를 이 년까지 생각했던 적이 있어요. 진짜로 그냥 이해가 안 돼서 그 이 년을 계속 끌고 갔다 가다가 진짜 우연하게 탁 풀렸던 적이 있었는데 그러면서 뭔가 그 다음 진도가 또 되게 금방 수월하게 진행이 되고 그랬던 적이 있었어 가지고 저는 제 스스로 그거를 장점이라고 생각을 하고 단점은 그 집요함 때문에 약간 주위를 잘 못 보기는 해요. 좀 챙겨야 될 것들을 동시에 잘 바라보지 못하는 그런 부분이 있습니다.","wordCount":143},"emotion":[],"intent":[{"text":"","expression":"","category":"attitude"}],"summary":{"text":"저는 공부나 사회생활을 하면서 막혔던 부분이 있을 때 집요함 때문에 잘 넘어가지 못하는 것을 장점이라고 생각하며 단점은 그 집요함으로 인해 주변을 잘 못 보기 때문에 좀 챙겨야 될 것들을 동시에 잘 보지 못하는 부분이 있습니다.","wordCount":35}}},"rawDataInfo":{"question":{"fileFormat":"wav","fileSize":492238,"duration":15380,"samplingBit":16,"channelCount":1,"samplingRate":"16kHz","audioPath":"/Mock/01.Management/Female/Experienced/ckmk_q_bm_f_e_156507.wav"},"answer":{"fileFormat":"wav","fileSize":2776398,"duration":86760,"samplingBit":16,"channelCount":1,"samplingRate":"16kHz","audioPath":"/Mock/01.Management/Female/Experienced/ckmk_a_bm_f_e_156507.wav"}}}