{"version":"1.0","dataSet":{"info":{"date":"20230116","occupation":"BM","channel":"MOCK","place":"ONLINE","gender":"FEMALE","ageRange":"45-54","experience":"EXPERIENCED"},"question":{"raw":{"text":"지원자 분에게 질문 하나 하겠습니다 지원자분이 다른 지원자들에 비해 지원자만의 차별성을 어필한다면 어떠한 것이 있는지 말씀해 보십시오","wordCount":17},"emotion":[],"intent":[]},"answer":{"raw":{"text":"저는 다른 사람들보다 성실하고 책임감이 뛰어나다고 생각합니다. 성실한 것은 어느 누구나 있겠지만 책임감은 그 누구보다도 뛰어나다고 생각합니다. 저는 저에게 어떤 일이 주어진다면 그 일이 옳다 생각하고 그 일을 해야 된다고 생각하면 모든 수단과 방법을 동원하여 제가 할 수 있는 모든 일을 동원하여 이를 해결해 나갈 자신이 있습니다. 그리고 제가 해야 할 일을 제가 못하고 넘어간 적이 없습니다.","wordCount":57},"emotion":[],"intent":[{"text":"저는 다른 사람들보다 성실하고 책임감이   뛰어나다고 생각합니다.","expression":"c_person","category":"background"},{"text":"성실한 것은 어느 누구나 있겠지만   책임감은 그 누구보다도 뛰어나다고 생각합니다.","expression":"c_person","category":"background"}],"summary":{"text":"저는 다른 사람들보다 성실하고 책임감이 뛰어나다고 생각합니다. 제가 할 수 있는 모든 일을 동원하여 해결해 나갈 자신이 있고 제가 해야 할 일을 못한 적이 없습니다.","wordCount":25}}},"rawDataInfo":{"question":{"fileFormat":"wav","fileSize":457358,"duration":14290,"samplingBit":16,"channelCount":1,"samplingRate":"16kHz","audioPath":"/Mock/01.Management/Female/Experienced/ckmk_q_bm_f_e_103626.wav"},"answer":{"fileFormat":"wav","fileSize":1676238,"duration":52380,"samplingBit":16,"channelCount":1,"samplingRate":"16kHz","audioPath":"/Mock/01.Management/Female/Experienced/ckmk_a_bm_f_e_103626.wav"}}}