{"version":"1.0","dataSet":{"info":{"date":"20230116","occupation":"BM","channel":"MOCK","place":"ONLINE","gender":"FEMALE","ageRange":"-34","experience":"EXPERIENCED"},"question":{"raw":{"text":"국내 물류 산업이 나아가야 할 방향에 대해서 설명해 주세요","wordCount":9},"emotion":[],"intent":[]},"answer":{"raw":{"text":"최근 물류 산업은 트렌드와 산업 혁명이 반영함에 따라서 많이 변화하고 있다고 생각합니다. 국내 물류산업도 이에 대한 반응과 변화에 따라서 함께 발 맞춰서 바꿔야 한 바뀌어야 한다고 생각합니다. 저는 국내 물류산업이 유통 방법에서부터 모든 것이 바뀌어야 한다고 생각하는데요. 단순히 수익과 가치를 창출하는 것에만 목표를 두는 것이 아니라 어떤 이점을 제공하고 국내 환경과 국제 환경에 빠르게 변화하는 시장 흐름 속에서 어떻게 맞춰서 따라갈 수 있는지 변화에 적응하고 적응할 방법을 찾아서 나가는 것이 중요하다고 생각합니다. 따라서 저는 물류 산업에 대한 트렌드 조사와 시장 변화와 시장 조사 벤치 마킹을 통해서 앞으로 어떻게 변화해야 할지 먼저 트렌드 분석을 한 다음에 그 개선방안에 대해서 찾아보고 실제로 적용하고 테스트해서 앞으로의 방 개선방안이나 부족한 부분 등을 부족한 부분 등을 찾아내서 활용하도록 할 것입니다. 감사합니다.","wordCount":116},"emotion":[],"intent":[{"text":"저는 국내 물류산업이 유통 방법에서부터 모든 것이 바뀌어야 한다고 생각하는데요.","expression":"m_holistic","category":"attitude"},{"text":"단순히 수익과 가치를 창출하는 것에만 목표를 두는 것이 아니라 어떤 이점을 제공하고 국내 환경과 국제 환경에 빠르게 변화하는 시장 흐름 속에서 어떻게 맞춰서 따라갈 수 있는지 변화에 적응하고 적응할 방법을 찾아서 나가는 것이 중요하다고 생각합니다.","expression":"m_holistic","category":"attitude"},{"text":"따라서 저는 물류 산업에 대한 트렌드 조사와 시장 변화와 시장 조사 벤치 마킹을 통해서 앞으로 어떻게 변화해야 할지 먼저 트렌드 분석을 한 다음에 그 개선방안에 대해서 찾아보고 실제로 적용하고 테스트해서 앞으로의 방 개선방안이나 부족한 부분 등을 부족한 부분 등을 찾아내서 활용하도록 할 것입니다.","expression":"m_holistic","category":"attitude"}],"summary":{"text":"최근 물류 산업은 트렌드와 산업 혁명이 반영함에 따라서 많이 변화하고 있다고 생각합니다. 물류 산업에 대한 트렌드 조사와 시장 변화와 시장 조사 벤치 마킹을 통해서 어떻게 변화해야 할지 먼저 트렌드 분석을 한 후에 그 개선방안에 대해서 찾아보고 실제로 적용하고 테스트해서 부족한 부분 등을 찾아서 활용하도록 할 것입니다.","wordCount":46}}},"rawDataInfo":{"question":{"fileFormat":"wav","fileSize":243278,"duration":7600,"samplingBit":16,"channelCount":1,"samplingRate":"16kHz","audioPath":"/Mock/01.Management/Female/Experienced/ckmk_q_bm_f_e_180557.wav"},"answer":{"fileFormat":"wav","fileSize":2741198,"duration":85660,"samplingBit":16,"channelCount":1,"samplingRate":"16kHz","audioPath":"/Mock/01.Management/Female/Experienced/ckmk_a_bm_f_e_180557.wav"}}}