{"version":"1.0","dataSet":{"info":{"date":"20230116","occupation":"BM","channel":"MOCK","place":"ONLINE","gender":"FEMALE","ageRange":"35-44","experience":"EXPERIENCED"},"question":{"raw":{"text":"지원자님께서 생각하시기에 기업이 자금을 조달하는 직 간접적인 방법을 본인이 아시는 만큼 모두 최대한 자세하게 말씀해 주시기 바랍니다","wordCount":17},"emotion":[],"intent":[]},"answer":{"raw":{"text":"예 기업이 자금을 조달하는 직간접적인 방법에 대해서 어 어 설명하겠습니다. 말씀드리겠습니다. 먼저 기업이 자금을 조달하는 첫 번째 방법은 어 스스로가 영업을 통해서 자신의 그런 자본을 축적하고 내부 자금을 축적하고 그걸 사용하는 방법이 있습니다. 그렇지만 대부분의 기업은 이런 영업을 통한 이익을 달성해서 스스로의 자금을 충분하게 또 운영하기 어려운 부분이 있어서 다른 방법으로 어 돈을 돈을 또 자금을 또 빌리거나 자금을 투자를 하는 방법이 있습니다. 자금을 빌리는 방법은 또 그 간접 금융이라고 하여 은행에서 원금과 이자를 어 원금과 이자를 또 상환하는 그런 방법으로 빌리는 것이 있고 또한 투자 직접적으로 회사채를 발행 발행해서 또 자금을 어 또 빌리는 직접 금융이 있습니다. 또 마지막으로 투자의 부분에서는 또 투자자에게 투자를 받아서 그 그러한 회사 자금을 조달하는 것인데 이 경우에는 투자자들이 또 회사의 경영에 함께 참여해야 한다는 그런 부분이 있기 때문에 다양한 방법들 중에서 기업이 가장 유용하고 필요한 방법을 선택해야 할 것입니다.","wordCount":136},"emotion":[],"intent":[{"text":"먼저 기업이 자금을 조달하는 첫 번째 방법은 어 스스로가 영업을 통해서 자신의 그런 자본을 축적하고 내부 자금을 축적하고 그걸 사용하는 방법이 있습니다.","expression":"m_acct","category":"technology"},{"text":"그렇지만 대부분의 기업은 이런 영업을 통한 이익을 달성해서 스스로의 자금을 충분하게 또 운영하기 어려운 부분이 있어서 다른 방법으로 어 돈을 돈을 또 자금을 또 빌리거나 자금을 투자를 하는 방법이 있습니다.","expression":"m_acct","category":"technology"},{"text":"자금을 빌리는 방법은 또 그 간접 금융이라고 하여 은행에서 원금과 이자를 어 원금과 이자를 또 상환하는 그런 방법으로 빌리는 것이 있고 또한 투자 직접적으로 회사채를 발행 발행해서 또 자금을 어 또 빌리는 직접 금융이 있습니다.","expression":"m_acct","category":"technology"},{"text":"또 마지막으로 투자의 부분에서는 또 투자자에게 투자를 받아서 그 그러한 회사 자금을 조달하는 것인데 이 경우에는 투자자들이 또 회사의 경영에 함께 참여해야 한다는 그런 부분이 있기 때문에 다양한 방법들 중에서 기업이 가장 유용하고 필요한 방법을 선택해야 할 것입니다.","expression":"m_acct","category":"technology"}],"summary":{"text":"기업이 자금을 조달하는 첫 번째 방법은 영업을 통해서 내부 자금을 축적하고 사용하는 방법이 있습니다. 두 번째는 또 간접 금융이라고 하여 원금과 이자를 또 상환하는 방법으로 빌리는 것이 있고, 세 번째는 투자자에게 투자를 받아서 회사 자금을 조달 하는 것인데 이 경우에는 투자자들이 회사의 경영에 함께 참여해야 합니다.","wordCount":46}}},"rawDataInfo":{"question":{"fileFormat":"wav","fileSize":585998,"duration":18310,"samplingBit":16,"channelCount":1,"samplingRate":"16kHz","audioPath":"/Mock/01.Management/Female/Experienced/ckmk_q_bm_f_e_207875.wav"},"answer":{"fileFormat":"wav","fileSize":2808718,"duration":87770,"samplingBit":16,"channelCount":1,"samplingRate":"16kHz","audioPath":"/Mock/01.Management/Female/Experienced/ckmk_a_bm_f_e_207875.wav"}}}