{"version":"1.0","dataSet":{"info":{"date":"20230116","occupation":"BM","channel":"MOCK","place":"ONLINE","gender":"FEMALE","ageRange":"35-44","experience":"EXPERIENCED"},"question":{"raw":{"text":"회사에서 일을 하게 된다면 출장 갈 일이 조금 생길 수도 있습니다 중국으로 출장을 갈 수도 있는데 중국 출장도 괜찮으신가요","wordCount":19},"emotion":[],"intent":[]},"answer":{"raw":{"text":"저는 입사를 하고 기회가 된다면 해외에 갈 수 있는 출장 기회를 적극적으로 얻어서 가고 싶다 라는 생각이 듭니다. 아 왜냐하면 제가 해외 출장가는 걸 예전에도 좀 성공 그 선호를 했었는데요. 왜냐하면 가서 배울 수 있는 점들이 굉장히 많았다고 생각을 합니다. 또 국내에서 단순히 이 안에서 업무를 하는 것보다도 해외에 나가서 프로젝트를 진행을 하게 되면 견문도 넓어지고요. 그리고 제가 업무를 추진할 때도 프로세스에 대한 이해가 좀 빨라지기 때문에 그런 점들이 굉장히 도움이 많이 됐다고 생각을 해서 저는 앞으로도 기회가 되면 이런 프로젝트가 있을 때 제가 오히려 적극적으로 지원을 해서 가고 싶을 다는 생각이 듭니다. 여기서 뭐 중국 출장이 많다고 말씀을 하셨는데요. 중국 출장 뿐만이 아니라 저는 뭐 멀리 있는 국가라고 하더라도 어 제 스스로 시간이 되고 그리고 회사에서 그 업무를 한테 맡겨주신다고 하면 적극적으로 갈 의향이 있기 때문에 그런 점에서는 저도 어 여러 가지로 노력을 해서 오히려 역량을 발휘해서 그 해외 출장의 기회를 얻을 있었으면 좋겠습니다. 앞으로 저는 입사를 하게 되면 어 해외 관련한 일도 적극적으로 해보고 싶어서 아마 저를 성장하는데 큰 도움이 될 거라는 생각이 듭니다.","wordCount":166},"emotion":[{"text":"그리고 제가 업무를 추진할    때도 프로세스에 대한 이해가 좀 빨라지기 때문에 그런 점들이 굉장히 도움이 많이   됐다고 생각을 해서 저는 앞으로도 기회가 되면 이런 프로젝트가 있을 때   제가 오히려 적극적으로 지원을 해서 가고 싶을 다는 생각이 듭니다.","expression":"p-interest","category":"positive"}],"intent":[{"text":"","expression":"","category":"attitude"}],"summary":{"text":"저는 입사를 하고 기회가 된다면 해외 출장 기회를 적극적으로 얻어서 가고 싶습니다. 해외에서 프로젝트를 진행하게 되면 견문도 넓어지고 프로세스에 대한 이해 역시 빨라지고 좋기 때문입니다. 앞으로 입사를 하게 되면 해외 관련한 일도 적극적으로 해보고 싶어서 저는 성장하는데 큰 도움이 될 거라는 생각이 듭니다.","wordCount":43}}},"rawDataInfo":{"question":{"fileFormat":"wav","fileSize":323278,"duration":10100,"samplingBit":16,"channelCount":1,"samplingRate":"16kHz","audioPath":"/Mock/01.Management/Female/Experienced/ckmk_q_bm_f_e_175877.wav"},"answer":{"fileFormat":"wav","fileSize":2853838,"duration":89180,"samplingBit":16,"channelCount":1,"samplingRate":"16kHz","audioPath":"/Mock/01.Management/Female/Experienced/ckmk_a_bm_f_e_175877.wav"}}}