{"version":"1.0","dataSet":{"info":{"date":"20230116","occupation":"BM","channel":"MOCK","place":"ONLINE","gender":"FEMALE","ageRange":"35-44","experience":"EXPERIENCED"},"question":{"raw":{"text":"만약 상사가 업무와 무관한 일을 시키게 될 경우 잘 수행할 수 있나요 아니면 수행하지 않겠다고 하실 건가요","wordCount":17},"emotion":[],"intent":[]},"answer":{"raw":{"text":"상사 분이 지시를 하셨을 때에는 저는 그에 따라서 상사 분이 할 수 있는 어 생각과 이유와 이유가 있었을 것이라고 생각하고 있습니다. 저보다는 해당 필드에서 훨씬 더 오랫동안 근무하셨던 분이기 때문에 제가 보지 못했던 그런 시각들을 가지고 있을 수도 있고 혹은 우리가 대화를 통해서 오히려 제가 더 시각을 높일 수 있는 그런 기회가 될 수도 있을 것이라고 생각합니다. 그래서 저는 상사가 제가 생각했을 때는 조금은 부당하다 라고 생각될 수도 있지만 웬만하면은 그 오더에 대해서는 잘 따를 것 같습니다. 다만 무조건적으로 수용하는 것이 아닌 왜 꼭 그렇게 했어야 했는지 그 이유에 대해서는 직접 물어보면서 스스로 타당성 여부에 대해서는 한 번 더 생각해보도록 할 거 같습니다. 그래서 저는 좀 그런 조직 분위기도 우리가 조성하는 것이 좀 중요하지 않나 라는 생각들도 하고 있습니다.","wordCount":119},"emotion":[],"intent":[{"text":"다만 무조건적으로 수용하는 것이 아닌 왜 꼭 그렇게 했어야 했는지 그 이유에 대해서는 직접 물어보면서 스스로 타당성 여부에 대해서는 한 번 더 생각해보도록 할 거 같습니다.","expression":"m_critical","category":"attitude"}],"summary":{"text":"저는 상사가 지시를 하셨을 때에는 그에 따라서 상사분이 할 수 있는 생각과 이유와 이유가 있었을 것이라고 생각합니다. 상사가 부당하다고 생각될 수도 있지만 오더에 대해서는 잘 따를 것 같습니다. 다만 왜 그렇게 해야 했는지 직접 물어보면서 스스로 타당성 여부에 대해서는 한번 더 생각해보도록 할 거 같습니다.","wordCount":45}}},"rawDataInfo":{"question":{"fileFormat":"wav","fileSize":298958,"duration":9340,"samplingBit":16,"channelCount":1,"samplingRate":"16kHz","audioPath":"/Mock/01.Management/Female/Experienced/ckmk_q_bm_f_e_209684.wav"},"answer":{"fileFormat":"wav","fileSize":2391438,"duration":74730,"samplingBit":16,"channelCount":1,"samplingRate":"16kHz","audioPath":"/Mock/01.Management/Female/Experienced/ckmk_a_bm_f_e_209684.wav"}}}