{"version":"1.0","dataSet":{"info":{"date":"20230116","occupation":"BM","channel":"MOCK","place":"ONLINE","gender":"FEMALE","ageRange":"45-54","experience":"EXPERIENCED"},"question":{"raw":{"text":"이전 직장에서 혹은 대학에서 어떤 프로젝트를 해 봤는지 혹시 생각나는 프로젝트가 있다면 말씀해 주시겠어요","wordCount":14},"emotion":[],"intent":[]},"answer":{"raw":{"text":"이전에 대학의 대학 시절에 학술 탐방을 가기 위해서 해외 여행에 대한 계획서를 작성했었던 경험들이 있습니다. 당시 제가 했던 프로젝트는 어 십 오 일 정도 시간 안에 내가 칠 박 팔 일 동안 갈 해외 장소에서 어떤 식으로 학술 탐방을 진행할지 한번 계획을 세워보는 보고서 작성이었습니다. 저는 세 명의 팀원들과 함께 각각의 역할 분담들을 진행을 했었고 굉장히 좀 빠른 시간 안에 퀄리티 있는 작업물들을 만들어 내야 돼서 좀 스트레스도 받는 시간이긴 했었지만 발표 자료 내용 그리고 발표까지 잘 해내어서 총 오십 개 팀 중에서 최종 다섯 팀으로 선발되는 그런 쾌거를 냈었습니다.","wordCount":90},"emotion":[],"intent":[{"text":"이전에 대학의 대학 시절에 학술 탐방을 가기 위해서 해외 여행에 대한 계획서를 작성했었던 경험들이 있습니다.","expression":"m_sche","category":"technology"},{"text":"저는 세 명의 팀원들과 함께 각각의 역할 분담들을 진행을 했었고   굉장히 좀 빠른 시간 안에 퀄리티 있는 작업물들을 만들어 내야 돼서 좀 스트레스도 받는 시간이긴 했었지만   발표 자료 내용 그리고 발표까지   잘 해내어서 총 오십 개 팀 중에서 최종 다섯 팀으로 선발되는 그런 쾌거를   냈었습니다.","expression":"c_cop","category":"personality"}],"summary":{"text":"대학 시절에 학술 탐방을 가기 위해서 해외 여행에 대한 계획서를 작성했던 경험들이 있습니다. 그때 발표 자료 내용 그리고 발표까지 잘 해내서 총 오십 개 팀 중에서 최종 다섯 팀으로 선발되는 쾌거를 냈었습니다.","wordCount":32}}},"rawDataInfo":{"question":{"fileFormat":"wav","fileSize":296078,"duration":9250,"samplingBit":16,"channelCount":1,"samplingRate":"16kHz","audioPath":"/Mock/01.Management/Female/Experienced/ckmk_q_bm_f_e_191823.wav"},"answer":{"fileFormat":"wav","fileSize":2172558,"duration":67890,"samplingBit":16,"channelCount":1,"samplingRate":"16kHz","audioPath":"/Mock/01.Management/Female/Experienced/ckmk_a_bm_f_e_191823.wav"}}}