{"version":"1.0","dataSet":{"info":{"date":"20230116","occupation":"BM","channel":"MOCK","place":"ONLINE","gender":"FEMALE","ageRange":"-34","experience":"EXPERIENCED"},"question":{"raw":{"text":"지금까지 살면서 가장 힘들었던 점은 무엇인가요 그 점을 극 극복하기 위해서 지원자님은 어떤 노력을 했는지 말해주세요","wordCount":16},"emotion":[],"intent":[]},"answer":{"raw":{"text":"저는 사실상 살면서 어 굉장히 힘들었다 이런 부분은 많지 않은 거 같습니다. 왜냐하면 힘들고 역경이 있고 어려웠던 부분들도 결국에 제 인생이고 어 제가 감내하기로 결심한 만큼 그것들을 그냥 긍정적으로 이해하고 바라보는 편인데요. 어 사실 누구에게나 고민과 어려움들이 있는 것 같습니다. 하지만 그 상황이 바뀌지 않고 그냥 결국에 내 스스로 그거를 잘 이겨내고 극복하는 게 중요하다고 생각을 합니다. 어 저는 그래서 기본적으로 그런 상황이 닥칠 때 힘들다 어렵다 이런 마인드를 가지기보다는 잘 이겨내야겠다 이 순간 또한 내가 잘 지내면 훨씬 더 성장할 수 있는 그런 사람이 되겠다 라는 생각을 가지고 좀 적극적으로 인생을 사는 편인 것 같습니다. 그래서 살면서 뭐 힘들었다기보다는 어 그런 점들을 그냥 인정하고 받아들이고 또 꾸준히 열심히 하려고 노력을 했던 것 같고요. 그냥 저는 열심히 하는 사람 열정있는 사람이라고 말씀을 드리고 싶습니다. 어떤 어려움이 와도 또 업무를 하다가 힘든 점이 와도 그것들을 잘 이겨내고 슬기롭게 헤쳐나갈 수 있는 사람이라고 생각을 합니다.","wordCount":143},"emotion":[],"intent":[{"text":"어 저는 그래서 기본적으로 그런 상황이 닥칠 때   힘들다 어렵다 이런 마인드를 가지기보다는 잘 이겨내야겠다   이 순간 또한 내가 잘 지내면 훨씬 더 성장할 수 있는 그런 사람이 되겠다 라는   생각을 가지고 좀 적극적으로 인생을 사는 편인 것 같습니다.","expression":"c_value","category":"background"}],"summary":{"text":"사실 살면서 힘들었다 이런 부분은 많지 않습니다. 누구나 고민과 어려움이 있는 것 같습니다. 하지만 그 상황이 바뀌지 않고 제 스스로 그것을 잘 이겨내고 극복하는 게 중요하다고 생각을 합니다. 어떤 어려움이 와도 그것을 잘 극복해 슬기롭게 헤쳐나갈 수 있는 사람이라고 생각합니다.","wordCount":40}}},"rawDataInfo":{"question":{"fileFormat":"wav","fileSize":404558,"duration":12640,"samplingBit":16,"channelCount":1,"samplingRate":"16kHz","audioPath":"/Mock/01.Management/Female/Experienced/ckmk_q_bm_f_e_141115.wav"},"answer":{"fileFormat":"wav","fileSize":2698958,"duration":84340,"samplingBit":16,"channelCount":1,"samplingRate":"16kHz","audioPath":"/Mock/01.Management/Female/Experienced/ckmk_a_bm_f_e_141115.wav"}}}