{"version":"1.0","dataSet":{"info":{"date":"20230116","occupation":"BM","channel":"MOCK","place":"ONLINE","gender":"FEMALE","ageRange":"35-44","experience":"EXPERIENCED"},"question":{"raw":{"text":"지금까지 살아오시면서 지원자님이 가장 힘들었던 경험은 무엇이 있나요 그리고 그것을 어떻게 극복했는지도 궁금합니다","wordCount":13},"emotion":[],"intent":[]},"answer":{"raw":{"text":"제가 가장 힘들었던 순간은 취업을 했던 사례인 것 같습니다. 요즘에 워낙 취업이 어렵다 보니까 대학생이나 취준생들이 어려움을 겪고 있는데요. 저 역시도 마찬가지로 취업을 준비하는 과정들이 힘들었습니다. 일단 취업에 된다는 보장이 있으면 제가 어떤 걸 방향성을 정해서 노력을 할 텐데요. 하지만 아직까지 제가 원하는 분야도 결정이 되지 않았고 또 회사도 정확하게 어 제가 판단하지 못했기 때문에 어느 정도의 실력을 가지고 있고 어떻게 해야 취업할 수 있을지에 대한 고민이 참 많았습니다. 그래서 이러한 고민을 해결하기 위해서 제가 동료나 친구들에게 많은 상담을 요청하기도 했고요. 실제로 취업을 한 그런 선배들이 있어서 찾아가서 조언을 구하기도 했습니다. 그리고 요즘에는 우리나라가 외나 워낙 스펙이 좋기 때문에 그 스펙을 쌓는 과정도 쉽지는 않았습니다. 어 저도 유학을 갔다 오기도 했고요. 또 다른 지원자와 다르게 스펙을 쌓기 위해서 대내외적인 활동들을 하기도 했습니다. 이렇게 막연한 불안감이 좀 있었고요. 그리고 취업을 하게 되면 어디로 해야 될지 또 저의 분야는 어떤 걸 설정해야 될지에 대한 고민이 많았는데요. 그래도 잘 극복을 해서 취업을 하게 돼서 다행이고 지금은 일할 수 있어서 오히려 감사하고 있습니다.","wordCount":159},"emotion":[{"text":"그리고 취업을 하게 되면 어디로 해야 될지 또 저의   분야는 어떤 걸 설정해야 될지에 대한 고민이 많았는데요.","expression":"n-anxiety","category":"negative"}],"intent":[{"text":"어 저도 유학을 갔다 오기도 했고요.","expression":"c_private","category":"background"},{"text":"또 다른   지원자와 다르게 스펙을 쌓기 위해서 대내외적인 활동들을 하기도 했습니다.","expression":"c_private","category":"background"}],"summary":{"text":"요즘 취업이 워낙 어렵다 보니 대학생이나 취준생들이 어려움을 겪고 있는데, 저 역시도 취업을 준비하는 과정들이 힘들었습니다. 원하는 분야도 결정되지 않았고 회사도 정확하게 판단하지 못했기 때문에 어떻게 해야 취업할 수 있을지에 대한 고민이 많았습니다. 그리고 스펙을 쌓기 위해서 대내외적인 활동들을 하기도 했습니다. 그래도 잘 극복을 해서 취업을 하게 돼 다행이고 지금은 일할 수 있어서 오히려 감사하고 있습니다.","wordCount":56}}},"rawDataInfo":{"question":{"fileFormat":"wav","fileSize":349198,"duration":10910,"samplingBit":16,"channelCount":1,"samplingRate":"16kHz","audioPath":"/Mock/01.Management/Female/Experienced/ckmk_q_bm_f_e_118938.wav"},"answer":{"fileFormat":"wav","fileSize":2748878,"duration":85900,"samplingBit":16,"channelCount":1,"samplingRate":"16kHz","audioPath":"/Mock/01.Management/Female/Experienced/ckmk_a_bm_f_e_118938.wav"}}}