{"version":"1.0","dataSet":{"info":{"date":"20230116","occupation":"BM","channel":"MOCK","place":"ONLINE","gender":"FEMALE","ageRange":"55-","experience":"EXPERIENCED"},"question":{"raw":{"text":"본인께서는 공기업 민영화에 대한 어떠한 의견을 갖고 계신지 말씀해 주세요","wordCount":10},"emotion":[],"intent":[]},"answer":{"raw":{"text":"네 공기업 민영화를 둘러싼 논란이 치열한 것은 이제 어느 어제 오늘 일은 아닌것 같습니다. 아 공기업 민영화의 경우 이제 케이티 같은 경우는 되게 많이 성공을 했다고 저도 이제 보고는 있는데요. 아 공기업 같은 경우 사실 많이 이제 저희가 느낄 수 있는 것은 그게 방만한 방만한 경영입니다. 아 직원들이 공기업이라는 이유로 크게 발전의 노력을 안 한다는 느낌 을 많이 받는 경우들이 있습니다. 모두 다 그런 것은 아니구요. 그래서 어 공무원 느낌이 많이 나더라구요. 그런데 사실 공무원들이 그렇게 이 방만한 경영을 하거나 방만한 일을 하지는 않는데 아 대부분이 이제 그런 식으로 얘기를 하잖아요. 철밥통 이제 그렇게 얘기를 하는데 그래서 공기업의 이제 직원들을 보면 아 조금 더 노력하지 않고 약간 그건 제 사견 입니다. 그런 경우가 많은데 또 민영화를 하면 경쟁력이 있겠지만 예를 들어서 한국전력 같은 경우에는 민영화 후에 전기료 인상이라든가 아 이 우리 서민들이 살기에 좀 더 크게 바뀌는 고 다음에 서민에 피해가 가는 그런 쪽으로 이어지는 나쁜 결과가 있는 경우도 있거든요. 그래서 공기업 민영화에 대한 경우는 케이스 바이 케이스라고 생각 생각합니다.","wordCount":160},"emotion":[],"intent":[{"text":"","expression":"","category":"attitude"}],"summary":{"text":"공기업 민영화를 둘러싼 논란이 치열합니다. 케이티는 성공했지만, 공기업이라는 이유로 방만한 경영을 하여 직원들은 공무원 같은 느낌을 받습니다. 공기업 직원들은 조금 더 노력하지 않고, 일부는 제 사견일 뿐입니다. 또 민영화를 하면 경쟁력이 있겠지만, 서민에 피해가 가는 결과가 나오는 경우도 있어 공기업 민영화는 케이스 바이 케이스라고 생각합니다.","wordCount":45}}},"rawDataInfo":{"question":{"fileFormat":"wav","fileSize":309198,"duration":9660,"samplingBit":16,"channelCount":1,"samplingRate":"16kHz","audioPath":"/Mock/01.Management/Female/Experienced/ckmk_q_bm_f_e_217738.wav"},"answer":{"fileFormat":"wav","fileSize":2857998,"duration":89310,"samplingBit":16,"channelCount":1,"samplingRate":"16kHz","audioPath":"/Mock/01.Management/Female/Experienced/ckmk_a_bm_f_e_217738.wav"}}}