{"version":"1.0","dataSet":{"info":{"date":"20230116","occupation":"BM","channel":"MOCK","place":"ONLINE","gender":"FEMALE","ageRange":"-34","experience":"EXPERIENCED"},"question":{"raw":{"text":"업무를 수행하던 중 모르는 과제가 등장했다면 지원자님께서는 어떻게 해결하시겠습니까 지원자님께서 생각하시는 해결법과 이유에 대해 말씀해 주시기 바랍니다","wordCount":17},"emotion":[],"intent":[]},"answer":{"raw":{"text":"일단 모르는 과제가 나왔으면 제가 아는 선에서 공부를 해서 찾아볼 것 같습니다. 하지만 만약에 이 직무 수행에서 내가 아예 모르는 분야다라고 하면은 직장 상사나 사수분께 한번 더 여쭤보도록 하겠습니다. 왜냐하면 제가 어느 정도 알고 있는데 어 이거 약간 아리송하다 라는 문제와 와 이거 아예 모른다 이 문제는 정말 다르기 때문에요. 만약에 무작정 내가 아예 모르는 문제를 붙잡고 갔다가 결과물이 좋지 않은 것을 경험해 봤습니다. 예전에 십 대 때 그런 경험을 해봤었는데요. 그렇게 된 되면 저에 대해서 신뢰도라던지 실망감도 마찬가지겠지만 정말 크게 봤을 때는 이 회사에 크게 아주 불이익이 올 수도 있잖아요. 뭐 하나 실수를 잘못하면 그래서 차라리 모르는 분야에서는 여기서 모르는 거는 완전 모르는 과제 네 완전 모르는 분야에서는 솔직하게 상사님께 말씀을 드릴 것 같고요. 거기에서 자문을 구한 것을 토대로 제가 수행해 나갈 것 같습니다.","wordCount":125},"emotion":[],"intent":[{"text":"일단 모르는 과제가 나왔으면 제가 아는 선에서 공부를 해서 찾아볼 것 같습니다.","expression":"c_adp","category":"personality"},{"text":"하지만 만약에 이 직무 수행에서 내가 아예 모르는 분야다라고 하면은 직장 상사나 사수분께 한번 더 여쭤보도록 하겠습니다.","expression":"c_adp","category":"personality"},{"text":"뭐 하나 실수를 잘못하면 그래서 차라리 모르는 분야에서는   여기서 모르는 거는 완전 모르는 과제 네 완전 모르는 분야에서는 솔직하게 상사님께 말씀을 드릴 것 같고요.","expression":"c_adp","category":"personality"}],"summary":{"text":"직무 수행에서 제가 아예 모르는 분야다라고 하면은 직장 상사나 사수 분들께 질문 드립니다. 아예 모르는 문제를 끌고 갔다가 결과물이 좋지 않은 것을 경험해 봤습니다. 실수하면 회사에 불이익이 올 수 있기 때문에 모르는 분야에서는 솔직하게 상사님께 말씀을 드리고 자문을 구한 것을 토대로 수행해 나갈 것 같습니다.","wordCount":45}}},"rawDataInfo":{"question":{"fileFormat":"wav","fileSize":494158,"duration":15440,"samplingBit":16,"channelCount":1,"samplingRate":"16kHz","audioPath":"/Mock/01.Management/Female/Experienced/ckmk_q_bm_f_e_166602.wav"},"answer":{"fileFormat":"wav","fileSize":2048078,"duration":64000,"samplingBit":16,"channelCount":1,"samplingRate":"16kHz","audioPath":"/Mock/01.Management/Female/Experienced/ckmk_a_bm_f_e_166602.wav"}}}