{"version":"1.0","dataSet":{"info":{"date":"20230116","occupation":"BM","channel":"MOCK","place":"ONLINE","gender":"FEMALE","ageRange":"-34","experience":"EXPERIENCED"},"question":{"raw":{"text":"어 그동안 진행했던 프로젝트들 가운데 어 지원자님의 기억에 남는 프로젝트가 있으시다면 어떤 점이 가장 기억에 남으시는지 설명해 주시길 바랍니다","wordCount":19},"emotion":[],"intent":[]},"answer":{"raw":{"text":"진행한 프로젝트들 중 가장 기억에 남는 것은 카페 컨설팅이었습니다. 카페 컨설팅 두 곳을 했는데요. 한 곳은 베이커리 까페 한 곳은 애견 동반 까페였습니다. 애견 동반 카페는 루프타 까페였어요. 그런데 그 루프트 까페는 삼 층 독채 건물이었고 베이커리 까페는 이 층 독채 건물이었습니다. 일 층에서 로스팅을 직접 하고 사십 종의 원두를 가지고 다양한 사람들이 드나드는 로스터리 베이커리 카페였습니다. 그 곳들을 브랜딩하고 컨설팅하면서 저에게는 많은 경험들이 쌓였는데요. 그 경험들로 인해 브랜드 디렉터라는 직업에 대해서도 관심을 갖게 되었습니다. 다양한 경험이었고 정말 뿌듯한 경험이었습니다. 저희가 컨설팅을 함으로써 실제로 겪을 때도 다르고 많은 유입도 늘고 있으며 인스타를 통해 어 저희가 인스타를 관리를 했었습니다. 그래서 인스타를 통해 사람들이 많이 오고 유익도 늘고 소통도 되면서 활발하게 이루어가는 그런 것들이 정말 뿌듯하고 감회가 새로웠습니다. 많은 사람들이 인스타는 한물갔다고 말하지만 인스타를 통해서 막 채팅을 도와드리고 실제로 오프라인에서 컨설팅을 도와드렸을 때에 만족도가 높으신 것들을 많이 볼 수 있었습니다. 그래서 정말 기분 좋았고 제가 받은 거에 비해 어 저거 컨설팅 비용으로 받은 거에 비해 이십 배 삼십 배 더 많이 해 드렸을 때 결과적으로 더 많은 좋은 피드백을 받았습니다. 그래서 정말 뿌듯한 기억이 있습니다. 답변 들어주셔서 감사합니다.","wordCount":176},"emotion":[{"text":"그 경험들로 인해 브랜드 디렉터라는 직업에 대해서도 관심을 갖게 되었습니다.","expression":"p-interest","category":"positive"},{"text":"그래서 인스타를 통해 사람들이 많이 오고 유익도 늘고 소통도 되면서 활발하게 이루어가는 그런 것들이 정말 뿌듯하고 감회가 새로웠습니다.","expression":"p-achievement","category":"positive"}],"intent":[{"text":"","expression":"","category":"attitude"}],"summary":{"text":"카페 컨설팅을 두 곳을 했습니다. 그 곳들을 브랜딩하고 컨설팅하면서 브랜드 디렉터라는 직업에 대해서도 관심을 갖게 되었고 컨설팅을 함으로써 실제로 겪을 때도 다르고 많은 유입도 늘고 있으며 인스타를 통해 관리를 하다보니 사람들이 많이 오고 유입도 늘고 소통도 되면서 활발하게 이루어가는 것들이 정말 뿌듯하고 감회가 새로웠습니다.","wordCount":44}}},"rawDataInfo":{"question":{"fileFormat":"wav","fileSize":459598,"duration":14360,"samplingBit":16,"channelCount":1,"samplingRate":"16kHz","audioPath":"/Mock/01.Management/Female/Experienced/ckmk_q_bm_f_e_269119.wav"},"answer":{"fileFormat":"wav","fileSize":3729998,"duration":116560,"samplingBit":16,"channelCount":1,"samplingRate":"16kHz","audioPath":"/Mock/01.Management/Female/Experienced/ckmk_a_bm_f_e_269119.wav"}}}