{"version":"1.0","dataSet":{"info":{"date":"20230116","occupation":"BM","channel":"MOCK","place":"ONLINE","gender":"FEMALE","ageRange":"-34","experience":"EXPERIENCED"},"question":{"raw":{"text":"지원자님께서 입사 후에 쉬운 일 어려운 일에 있을 때 이 일에 대한 분배를 어떻게 나누실 건가요 어떻게 나눠서 처리할 건지 궁금합니다","wordCount":21},"emotion":[],"intent":[]},"answer":{"raw":{"text":"네 입사 후 쉬운 일과 어려운 일 두 가지가 있다면 저는 쉬운 일을 먼저 할 것 같습니다. 내가 할 수 있고 나에게 익숙하니까 쉬운 일이겠죠. 그래서 나에게 익숙하고 쉬운 것을 먼저 빠르게 끝낸 후에 그리고 이 어려운 시간 어려운 일에 그 시간에 조금 더 많이 투여할 것 같습니다. 아무래도 어려운 일이다 보면은 여기에 대해서 내가 생각하는 시간이나 자유를 찾아보는 시간 그리고 여기에서 내가 완벽하게 완벽하지 않더라도 깔끔하게 마무리하는 능력이 조금은 오랜 시간이 걸릴 것 같다 생각이 들어서요. 저는 어려운 일을 그 후에 해서 조금 더 많은 시간을 쓰겠다 라고 말씀드릴 수 있을 것 같습니다.","wordCount":94},"emotion":[],"intent":[{"text":"네 입사 후 쉬운 일과 어려운 일 두 가지가 있다면 저는 쉬운 일을 먼저 할 것 같습니다.","expression":"m_sche","category":"technology"},{"text":"그래서 나에게 익숙하고 쉬운 것을   먼저 빠르게 끝낸 후에 그리고 이 어려운 시간 어려운 일에 그 시간에 조금 더 많이 투여할 것 같습니다.","expression":"m_sche","category":"technology"},{"text":"저는 어려운 일을 그 후에 해서 조금 더 많은 시간을 쓰겠다 라고 말씀드릴 수 있을 것 같습니다.","expression":"m_sche","category":"technology"}],"summary":{"text":"입사 후 어려운 일과 쉬운 일을 빠르게 끝내고 어려운 일에 시간을 더 투여할 것 같습니다. 어려운 일은 생각하는 시간이나 자유를 찾아보는 시간이, 완벽하지 않아도 마무리하는 능력이 오래 걸리기 때문입니다.","wordCount":29}}},"rawDataInfo":{"question":{"fileFormat":"wav","fileSize":553998,"duration":17310,"samplingBit":16,"channelCount":1,"samplingRate":"16kHz","audioPath":"/Mock/01.Management/Female/Experienced/ckmk_q_bm_f_e_166444.wav"},"answer":{"fileFormat":"wav","fileSize":1611278,"duration":50350,"samplingBit":16,"channelCount":1,"samplingRate":"16kHz","audioPath":"/Mock/01.Management/Female/Experienced/ckmk_a_bm_f_e_166444.wav"}}}