{"version":"1.0","dataSet":{"info":{"date":"20230116","occupation":"BM","channel":"MOCK","place":"ONLINE","gender":"FEMALE","ageRange":"35-44","experience":"EXPERIENCED"},"question":{"raw":{"text":"동물 실험이 인간에게 주는 이익에 대해 말씀해 주세요 동물 실험에 대한 지원자님의 생각도 궁금합니다","wordCount":14},"emotion":[],"intent":[]},"answer":{"raw":{"text":"동물 실험이 인간에게 주는 이익으로는 아무래도 의학의 발전을 가져오지 않았나 싶습니다. 특히 최근처럼 새로운 전염병이 계속 생겨나는 현실에서는 제일 빠르고 대처할 수 있는 좋은 방법이긴 합니다. 하지만 저는 개인적으로 동물 실험을 반대하는 편입니다. 동물 실험으로 안전성을 확보했다 하더라도 인간에게 똑같이 안전하다는 보장이 없다고 생각합니다. 또한 오락 오로지 인간의 이익을 위해 무고한 동물들을 희생시키는 것 또한 저는 비윤리적인 행위라고 생각을 합니다. 그리고 최근에는 과학 발전의 과학기술의 발전으로 동물 실험을 대체할 수 있는 실험이 개발되고 있다고 들었습니다. 따라서 저는 동물을 희생하지 않고도 인간에게 이익을 줄 수 있는 방향으로 실험이 진행되어야 한다고 생각합니다.","wordCount":90},"emotion":[{"text":"하지만 저는 개인적으로 동물 실험을 반대하는 편입니다.","expression":"u-belief","category":"neutral"},{"text":"또한 오락 오로지 인간의 이익을 위해 무고한 동물들을 희생시키는 것 또한 저는 비윤리적인 행위라고 생각을 합니다.","expression":"u-belief","category":"neutral"}],"intent":[{"text":"또한 오락 오로지 인간의 이익을 위해 무고한 동물들을 희생시키는 것 또한 저는 비윤리적인 행위라고 생각을 합니다.","expression":"c_value","category":"background"}],"summary":{"text":"동물실험은 의학발전을 가져왔지만, 인간에게 똑같은 안전보장이 없고 오락과 인간의 이익을 위해 무고한 동물들을 희생하는 비윤리적 행위라고 생각합니다. 최근에는 동물실험 대신 인간에게 이익을 주는 실험이 개발되고 있으므로, 동물 희생없이 인간에게 이익이 있어야 한다고 생각합니다.","wordCount":33}}},"rawDataInfo":{"question":{"fileFormat":"wav","fileSize":387278,"duration":12100,"samplingBit":16,"channelCount":1,"samplingRate":"16kHz","audioPath":"/Mock/01.Management/Female/Experienced/ckmk_q_bm_f_e_199083.wav"},"answer":{"fileFormat":"wav","fileSize":1852878,"duration":57900,"samplingBit":16,"channelCount":1,"samplingRate":"16kHz","audioPath":"/Mock/01.Management/Female/Experienced/ckmk_a_bm_f_e_199083.wav"}}}