{"version":"1.0","dataSet":{"info":{"date":"20230116","occupation":"BM","channel":"MOCK","place":"ONLINE","gender":"FEMALE","ageRange":"-34","experience":"EXPERIENCED"},"question":{"raw":{"text":"지원자님께서 지금 읽고 계신 책이 있는지 있다면 무슨 책이 궁금합니다 왜 그 책을 읽으시는지 지원자님 함께 말씀과 설명해 주세요","wordCount":19},"emotion":[],"intent":[]},"answer":{"raw":{"text":"네 저는 꼬마 니콜라 라는 책을 보고 있는데요. 사실 꼬마 니콜라는 제가 좋아하는 삽화가님이 삽화가 담겨져 있는 책이기도 합니다. 장작 그 상패라고 굉장히 이제 펜화로 그렸는데요. 굉장히 따스함에서도 아주 단순한 그런 귀엽고 행복한 에너지가 잘 전달되는 느낌이 있어서요. 저는 그 책을 보면서 제가 좋아하는 삽화가 님의 그림도 보고 약간 일석이조의 느낌이라서 지금 다시 그 책을 보고 있는데 프랑스 소년의 이야기라서 굉장히 아기자기하고 그리고 어려운 내용이 아닙니다. 스트레스 해소라고 하기에는 그렇구요. 약간 내 마음을 조금은 편안하게 해주는 도서다 라고 말씀을 드릴 수 있을 것 같습니다. 공부하기 위해서도 우리는 책을 보지만 약간 또 힐링을 위해서도 도서를 하잖아요. 저는 힐링의 목적으로 그 책을 읽고 있다 라고 말씀드릴 수 있을 것 같습니다.","wordCount":108},"emotion":[],"intent":[{"text":"","expression":"","category":"attitude"}],"summary":{"text":"책 '꼬마 니콜라'는 프랑스 소년의 이야기라서 굉장히 아기자기하고 어려운 내용이 아닙니다. 약간 제 마음을 편안하게 해주는 도서입니다. 공부하기 위해서도 읽지만 힐링의 목적으로 읽고 있습니다.","wordCount":24}}},"rawDataInfo":{"question":{"fileFormat":"wav","fileSize":458958,"duration":14340,"samplingBit":16,"channelCount":1,"samplingRate":"16kHz","audioPath":"/Mock/01.Management/Female/Experienced/ckmk_q_bm_f_e_166283.wav"},"answer":{"fileFormat":"wav","fileSize":1899598,"duration":59360,"samplingBit":16,"channelCount":1,"samplingRate":"16kHz","audioPath":"/Mock/01.Management/Female/Experienced/ckmk_a_bm_f_e_166283.wav"}}}