{"version":"1.0","dataSet":{"info":{"date":"20230116","occupation":"BM","channel":"MOCK","place":"ONLINE","gender":"FEMALE","ageRange":"35-44","experience":"EXPERIENCED"},"question":{"raw":{"text":"본인은 창의성이 뛰어난 사람입니까 아니면 팀하고 잘 일을 할 수 있는 팀워크가 뛰어난 사람이라고 생각을 하십니까 본인의 성향을 함께 말씀을 해주시죠","wordCount":21},"emotion":[],"intent":[]},"answer":{"raw":{"text":"네 저희가 하는 이 경영 그리고 사무 업무 같은 경우에는 저는 팀 워크가 우선시 돼야 한다고 생각을 합니다. 어 왜냐하면 저희는 그 목표를 향해서 같이 가고 그리고 팀제로 같이 협업을 진행하는 업무이기 때문에 훨씬 더 팀 워크라는 성격이 중요할 것 같습니다. 어 팀에서 목적을 달성하는 게 있구요 그리고 팀에서 어떤 같이 나누는 가치관들이 명확한 것 같습니다. 그래야만 다른 부서를 저희가 지원하고 할 때도 그게 유지되는 걸 가지고 있는데요. 만약에 개인이 각자의 재량에 따라서 그 업무를 지원해 준다면 저희가 일관성이 없게 되구요. 그리고 팀의 그 영향력이 적어질 것 같다 라는 생각이 들었습니다. 그렇기 때문에 저희 업무의 특성상 팀 워크를 통해서 어 팀이 서로 합치하고 그다음에 그 방향성에 맞춰서 팀원들이 노력해 주는 게 훨씬 더 중요하다 라는 생각이 들었습니다. 그래서 저도 이 일을 할 때는 팀원들에게 피해가 가지 않도록 노력을 하구요. 그리고 팀원들의 가치관과 방향성에 맞춰서 최대한 팀워크를 유지할려고 그렇게 일을 진행을 하는 편입니다. 그래서 저희 업무에서는 팀 워크가 가장 중요하다 라고 말씀을 드릴 수가 있습니다.","wordCount":154},"emotion":[],"intent":[{"text":"어 왜냐하면 저희는 그 목표를   향해서 같이 가고 그리고 팀제로 같이 협업을 진행하는 업무이기 때문에   훨씬 더 팀 워크라는 성격이 중요할 것 같습니다.","expression":"c_cop","category":"personality"},{"text":"그리고 팀원들의 가치관과 방향성에 맞춰서 최대한 팀워크를 유지할려고   그렇게 일을 진행을 하는 편입니다.","expression":"c_cop","category":"personality"},{"text":"그래서 저희 업무에서는 팀 워크가   가장 중요하다 라고 말씀을 드릴 수가 있습니다.","expression":"c_cop","category":"personality"}],"summary":{"text":"경영 및 사무 업무는 팀 워크가 우선시 되어야 합니다. 목표를 향해 같이 가고 팀제로 같이 협업을 진행하는 업무이기 때문에 팀워크라는 성격이 중요합니다. 그래서 저는 이 일을 할 때는 팀원들에게 피해가 가지 않도록 노력하고 팀원들의 가치관과 방향성에 맞춰서 팀워크를 유지하려고 일을 하는 편입니다.","wordCount":42}}},"rawDataInfo":{"question":{"fileFormat":"wav","fileSize":547278,"duration":17100,"samplingBit":16,"channelCount":1,"samplingRate":"16kHz","audioPath":"/Mock/01.Management/Female/Experienced/ckmk_q_bm_f_e_120639.wav"},"answer":{"fileFormat":"wav","fileSize":2749198,"duration":85910,"samplingBit":16,"channelCount":1,"samplingRate":"16kHz","audioPath":"/Mock/01.Management/Female/Experienced/ckmk_a_bm_f_e_120639.wav"}}}