{"version":"1.0","dataSet":{"info":{"date":"20230116","occupation":"BM","channel":"MOCK","place":"ONLINE","gender":"FEMALE","ageRange":"45-54","experience":"EXPERIENCED"},"question":{"raw":{"text":"지원자님의 의견을 주장하실 때 강하게 주장하는 편이신가요 평소 어떤 스타일로 자신의 의견을 주장하시는지 말씀해 주세요","wordCount":15},"emotion":[],"intent":[]},"answer":{"raw":{"text":"저는 의견을 굉장히 많이 내는 구성원 중에 한 명인데요. 어떤 문제가 닥쳤을 때 그 문제를 회피하기보다는 아무래도 직면하고 그리고 또 이겨내려는 편입니다. 그래서 저는 제 주장을 조금은 강력하게 주장을 하지만 다만 다른 구성원들의 이야기를 들어보고 그분들의 의견이 더 합당하다 라는 생각이 든다 라면은 그분들의 의견을 수용합니다. 그래서 저는 굉장히 업무에서 융통성을 잘 발휘할 수 있는 사람이라고 말하고 싶습니다.","wordCount":58},"emotion":[],"intent":[{"text":"","expression":"","category":"attitude"}],"summary":{"text":"저는 문제를 직면하고 극복하려는 편이지만 다른 구성원들의 의견이 더 합당하다면 수용합니다. 그래서 업무에서 융통성을 잘 발휘할 수 있는 사람이라고 말하고 싶습니다.","wordCount":21}}},"rawDataInfo":{"question":{"fileFormat":"wav","fileSize":610638,"duration":19080,"samplingBit":16,"channelCount":1,"samplingRate":"16kHz","audioPath":"/Mock/01.Management/Female/Experienced/ckmk_q_bm_f_e_247851.wav"},"answer":{"fileFormat":"wav","fileSize":2401038,"duration":75030,"samplingBit":16,"channelCount":1,"samplingRate":"16kHz","audioPath":"/Mock/01.Management/Female/Experienced/ckmk_a_bm_f_e_247851.wav"}}}