{"version":"1.0","dataSet":{"info":{"date":"20230116","occupation":"BM","channel":"MOCK","place":"ONLINE","gender":"FEMALE","ageRange":"35-44","experience":"EXPERIENCED"},"question":{"raw":{"text":"본인이 창의적으로 어떤 문제를 해결했던 경험이 있나요 그리고 그 과정을 최대한 자세하게 설명해 주시기 바랍니다","wordCount":15},"emotion":[],"intent":[]},"answer":{"raw":{"text":"저는 학생들을 가르칠 때 어 창의적으로 문제를 해결해 낸 경험이 많이 있습니다. 그 학생들에게 어 가르치는 목표는 있지만 그 학생들이 창의적으로 문제를 해결해 나갈 수 있도록 도와주는 것이었는데 그 학생들에게 창의적인 프로젝트를 많이 주어서 그 학생 개개인마다 다른 결과물을 도출을 했고 그렇지만 제가 어 가르치려는 학습 목표는 어 최대한 직접적으로 간접적으로 주어진 상태에서 그 틀 안에서 그런 문제들을 해결해 나갈 수 있도록 어 많이 도움을 주었습니다. 그래서 기존에 선생님들이 많이 해 보지 않는 음 포스터를 만든다든지 아니면 영어 단어를 그 단어에 맞춰서 의미를 생각해서 그림을 그리게 한다던지 아니면 어 협업 활동을 통해서 자신이 잘 알지 못하는 정확하게 알지 못하는 부분에 대해서 찾아내게 하고 또 서로 간에 어 장단점을 보완해 나갈 수 있는 그런 방법을 진행을 했고 그 속에서 많은 어려움들도 있었고 또 시행착오도 있었지만 그 또한 많은 어 학생들에게 긍정적인 도움을 줄 수 있는 그런 역할이 되었습니다.","wordCount":137},"emotion":[],"intent":[{"text":"","expression":"","category":"attitude"}],"summary":{"text":"저는 학생들을 가르칠 때 창의적으로 문제를 해결해 낸 경험이 많이 있습니다. 학생들은 창의적인 프로젝트를 많이 주어서 각자 다른 결과물을 도출했지만, 제가 가르치려는 학습 목표는 최대한 직접적으로 간접적으로 주어진 상태에서 그 틀 안에서 문제들을 해결해 나갈 수 있도록 도움을 주었습니다.","wordCount":39}}},"rawDataInfo":{"question":{"fileFormat":"wav","fileSize":412238,"duration":12880,"samplingBit":16,"channelCount":1,"samplingRate":"16kHz","audioPath":"/Mock/01.Management/Female/Experienced/ckmk_q_bm_f_e_217665.wav"},"answer":{"fileFormat":"wav","fileSize":2783438,"duration":86980,"samplingBit":16,"channelCount":1,"samplingRate":"16kHz","audioPath":"/Mock/01.Management/Female/Experienced/ckmk_a_bm_f_e_217665.wav"}}}