{"version":"1.0","dataSet":{"info":{"date":"20230116","occupation":"BM","channel":"MOCK","place":"ONLINE","gender":"FEMALE","ageRange":"35-44","experience":"EXPERIENCED"},"question":{"raw":{"text":"어 특별히 가고 싶은 회사가 있으신가요 있으시다면 어 지원자님께서는 어떤 점을 중점적으로 보시나요 어 특정 도메인인지 회사의 분위기인지 어떤 것인지 궁금합니다","wordCount":21},"emotion":[],"intent":[]},"answer":{"raw":{"text":"저는 특별히 가고 싶어하는 회사는 어 회사의 언어가 어 정확하게 목표를 설정을 하고 있는지 그것들을 따라가기에 가치가 있는지 아주 중요하게 생각을 합니다. 그래서 어 그것들을 따라가기 위해서 제가 많은 노력을 갖게 될 것입니다. 그리고 저는 어 도메인보다도 회사의 분위기가 중요하게 생할합니다. 음 회사 생활에서 어 사람과의 관계에서 많은 스트레스를 받고 많이 그만두게 되고 그것들이 업무에 많은 어 긍정적이고 부정적인 영향을 갖게 되는데 저는 어 서로 간에 협업을 하고 서로 다른 분서와도 다른 상황과도 많이 도움을 줄 수 있고 도움을 받을 수 있고 그것들을 솔직하게 어 서로 교류하면서 털어놓을 수 있는 그런 분위기를 아주 중요하게 생각을 합니다. 그래야 어 자신의 역량도 최대화 할 수 있고 다른 사람들에게 좋은 영향력을 서로 어 줄 수 있다고 생각을 하기 때문입니다. 그리고 또 가장 중요한 것은 어 언어가 어 가치 있는 그런 목표를 가지고 팀원들을 끌어가는지 그래서 그 맞는 사람들끼리 일하는 일이 아직 가치 있게 생각을 합니다.","wordCount":142},"emotion":[],"intent":[{"text":"","expression":"","category":"attitude"}],"summary":{"text":"저는 특별히 가고 싶어하는 회사는 회사의 언어가 정확히 목표를 설정하고 있는지 그것들을 따라가기에 가치가 있는지 아주 중요하게 생각하며, 이것을 따라가기 위해서 많은 노력을 갖게 될 것입니다. 그리고 회사 분위기가 중요하게 생할합니다. 서로 간에 협업을 하고 다른 상황과도 많이 도움을 줄 수 있고 그것을 솔직하게 서로 교류하면서 털어놓을 수 있는 분위기를 아주 중요하게 생각합니다.","wordCount":53}}},"rawDataInfo":{"question":{"fileFormat":"wav","fileSize":501518,"duration":15670,"samplingBit":16,"channelCount":1,"samplingRate":"16kHz","audioPath":"/Mock/01.Management/Female/Experienced/ckmk_q_bm_f_e_217670.wav"},"answer":{"fileFormat":"wav","fileSize":2907598,"duration":90860,"samplingBit":16,"channelCount":1,"samplingRate":"16kHz","audioPath":"/Mock/01.Management/Female/Experienced/ckmk_a_bm_f_e_217670.wav"}}}