{"version":"1.0","dataSet":{"info":{"date":"20230116","occupation":"BM","channel":"MOCK","place":"ONLINE","gender":"FEMALE","ageRange":"35-44","experience":"EXPERIENCED"},"question":{"raw":{"text":"지원자님께서 이 직무에 지원하신 이유는 무엇인가요 본인이 왜 적합한 인재인지와 함께 설명해 주시기 바랍니다","wordCount":14},"emotion":[],"intent":[]},"answer":{"raw":{"text":"제가 해당 분야에 지원하게 된 이유는 누구보다 제가 이 부분에 있어서 여러 가지 경험들을 보유하고 있었다는 점 때문인데요. 저 같은 경우에는 대학 시절부터 그리고 대학 졸업 이후에도 해당 분야에서 인턴 경험을 했었던 경험들이 있습니다. 처음에는 대학교에서 소개로 산학 협력 단에 이런 인턴으로 해당 분야의 인 해당 분야 회사에 들어가게 됐었는데요. 삼 개월 계약직으로 근무 한 뒤에는 제가 어 굉장히 일을 잘 한다 라는 그런 이사님의 평가를 받아서 대학 졸업 이후에 바로 취업이 안 됐을 때에 대략 육 개월 정도 그 회사에서 근무했었던 경험이 있습니다. 혹시 제 자기소개서를 보셨는지는 모르겠지만 자격 득실 내역도 그렇고 제가 해당 분야에서는 물론 정규직은 아니었지만 어느 정도 근무를 해 보았고 또 해당 회사가 스타트업이어서 실제로 제 경력 증명서에 적혀있는 내용보다는 제가 여러 가지 분야를 많이 담당했었던 그런 경험이 있기 때문에 업무에 있어서 제 제 업무의 범위를 벗어난 일도 잘 해낼 수 있습니다.","wordCount":136},"emotion":[{"text":"저 같은 경우에는 대학 시절부터 그리고 대학 졸업 이후에도 해당 분야에서 인턴 경험을 했었던 경험들이 있습니다.","expression":"u-fact","category":"neutral"}],"intent":[{"text":"제가 해당 분야에 지원하게 된 이유는 누구보다 제가 이 부분에 있어서 여러 가지 경험들을 보유하고 있었다는 점 때문인데요.","expression":"c_sincere_job","category":"etc"},{"text":"저 같은 경우에는 대학 시절부터 그리고 대학 졸업 이후에도 해당 분야에서 인턴 경험을 했었던 경험들이 있습니다.","expression":"c_private","category":"background"},{"text":"처음에는 대학교에서 소개로 산학 협력 단에 이런 인턴으로 해당 분야의 인 해당 분야 회사에 들어가게 됐었는데요.","expression":"c_private","category":"background"}],"summary":{"text":"제가 해당 분야에 지원하게 된 이유는 무엇보다 제가 여러 가지 경험들을 보유하고 있었기 때문인데, 대학 시절부터 인턴 경험을 했었던 경험들이 있습니다. 삼 개월 계약직으로 근무 한 뒤에는 굉장히 일을 잘 한다 라는 이사님의 평가를 받아서 대략 육 개월 정도 그 회사에서 근무했던 경험이 있어서 업무의 범위를 벗어난 일도 잘 해낼 수 있었습니다.","wordCount":52}}},"rawDataInfo":{"question":{"fileFormat":"wav","fileSize":375118,"duration":11720,"samplingBit":16,"channelCount":1,"samplingRate":"16kHz","audioPath":"/Mock/01.Management/Female/Experienced/ckmk_q_bm_f_e_209688.wav"},"answer":{"fileFormat":"wav","fileSize":2762958,"duration":86340,"samplingBit":16,"channelCount":1,"samplingRate":"16kHz","audioPath":"/Mock/01.Management/Female/Experienced/ckmk_a_bm_f_e_209688.wav"}}}