{"version":"1.0","dataSet":{"info":{"date":"20230116","occupation":"BM","channel":"MOCK","place":"ONLINE","gender":"FEMALE","ageRange":"35-44","experience":"EXPERIENCED"},"question":{"raw":{"text":"우리 회사에 들어오게 되면 업무 스타일이 기존과는 달라질 수 있습니다 혹시 기존과 다른 업무 스타일에 잘 적응할 수 있을까요","wordCount":19},"emotion":[],"intent":[]},"answer":{"raw":{"text":"어 회사에 들어오면 기존 회사와 많이 다른 점이 있을 텐데 그것을 저는 어 새로운 환경에 많이 적응을 하고 또 그런 경험들이 있기 때문에 빨리 적응을 할 수 있다고 생각을 합니다. 저는 이사를 많이 다니고 또 어 교육 환 교육을 받을 때도 여러 곳에서 많이 받았는데 그곳에서 늘 새로운 환경에 적응을 하는 일에 어 많은 노력을 하면서 그것들을 어 별로 어려운 일이라고 생각하지 않고 그것들을 적응을 할 수 있다고 늘 생각을 하면서 지내왔습니다. 그래서 저는 어 외국인과 살 때도 별로 어려움 없이 그것들을 살았고 그 사람을 바꾸려고 하지 않고 어 그 상대방이 가지고 있는 그리고 어 회사가 가지고 있는 것들을 잘 따라가면서 제가 적응을 하는데 많은 어 도움을 많이 필요하다면 요청을 하고 이것들을 적응을 하기 위해서 많은 노력을 어 갖는 일을 많은 경험을 했기 때문에 저는 그것들을 빨리 적응을 할 수 있다고 생각을 합니다. 그리고 저는 새로운 환경을 탐색하는 것을 좋아하기 때문에 다른 사람들보다 더 빨리 그들을 적응을 할 수 있다고 생각을 합니다.","wordCount":152},"emotion":[],"intent":[{"text":"","expression":"","category":"attitude"}],"summary":{"text":"저는 이사를 많이 다니고 교육환경 교육을 받을 때도 새로운 환경에 적응하는 것이 어렵다고 생각하지 않고 적응을 위한 노력을 많이 했습니다. 그리고 새로운 환경을 탐색하는 것을 좋아해서 다른 사람들보다 더 빨리 적응을 할 수 있다고 생각합니다.","wordCount":35}}},"rawDataInfo":{"question":{"fileFormat":"wav","fileSize":328718,"duration":10270,"samplingBit":16,"channelCount":1,"samplingRate":"16kHz","audioPath":"/Mock/01.Management/Female/Experienced/ckmk_q_bm_f_e_217671.wav"},"answer":{"fileFormat":"wav","fileSize":2646478,"duration":82700,"samplingBit":16,"channelCount":1,"samplingRate":"16kHz","audioPath":"/Mock/01.Management/Female/Experienced/ckmk_a_bm_f_e_217671.wav"}}}