{"version":"1.0","dataSet":{"info":{"date":"20230116","occupation":"BM","channel":"MOCK","place":"ONLINE","gender":"FEMALE","ageRange":"-34","experience":"EXPERIENCED"},"question":{"raw":{"text":"본인이 지금 공부하고 있는 분야가 따로 있으실까요 있으시다면 왜 그걸 공부하는지 그리고 지금까지 무엇을 배웠는지 함께 말씀 부탁드립니다","wordCount":18},"emotion":[],"intent":[]},"answer":{"raw":{"text":"저는 지금 제가 하고자 하는 이 직업적으로 하고 있는 이 일에서 외적으로 공부를 하고 있는 건 없습니다. 사실 그거에 되게 집중하는 것만으로도 제가 많은 피로가 쌓이기도 하고 좀 일하는 거 외에 어떤 관심을 가지는 게 좀 힘든 성격이기도 해서 저는 사실 따로 공부하고 있는 분야는 없습니다.","wordCount":46},"emotion":[],"intent":[{"text":"","expression":"","category":"attitude"}],"summary":{"text":"직업적으로 하고 있는 이 일에 외적으로 공부를 하고 있는 건 없는데 집중하는 것만으로도 피로가 쌓이는 성격상 따로 공부하고 있는 분야는 없습니다.","wordCount":21}}},"rawDataInfo":{"question":{"fileFormat":"wav","fileSize":600398,"duration":18760,"samplingBit":16,"channelCount":1,"samplingRate":"16kHz","audioPath":"/Mock/01.Management/Female/Experienced/ckmk_q_bm_f_e_102975.wav"},"answer":{"fileFormat":"wav","fileSize":929358,"duration":29040,"samplingBit":16,"channelCount":1,"samplingRate":"16kHz","audioPath":"/Mock/01.Management/Female/Experienced/ckmk_a_bm_f_e_102975.wav"}}}