{"version":"1.0","dataSet":{"info":{"date":"20230116","occupation":"BM","channel":"MOCK","place":"ONLINE","gender":"FEMALE","ageRange":"35-44","experience":"EXPERIENCED"},"question":{"raw":{"text":"지원자님께서 사람들과 협업을 하면서 가장 어려웠던 점이 있으셨다면 무엇이었습니까 그리고 지원자님께서 그 어려운 점을 어떻게 극복했는지도 함께 말씀해 주시기 바랍니다","wordCount":20},"emotion":[],"intent":[]},"answer":{"raw":{"text":"협업을 하면서 가장 어려운 점은 아무래도 사람들의 의견을 일치시키는 것이 가장 어려운 점인 거 같습니다. 개개인의 생김새가 다르듯이 아무래도 가치관의 차이가 다르기 때문에 같은 업무가 주어지더라도 그것을 해결해 나가는 방법 또한 제각각입니다. 그렇기 때문에 협업을 하게 되면 우선 저는 모든 사람들의 의견을 다 경청을 하고 존중을 해 줍니다. 그 의견이 객관적인 시선에서 바라봤을 때 옳다고 생각되는 경우를 기준으로 저는 다수의 의견을 결정하는 편입니다. 그렇게 되면 소수의 의견을 가진 사람들이 또 불만을 표하게 됩니다. 하지만 그럴 경우에는 저의 개인적인 의견을 최대한 배제하고 객관적인 수치와 전문가들의 의견 등을 참고하여 소수의 의견자들을 설득하는 편입니다. 그리고 협업을 하게 되면 꼭 업무량의 분배 문제로 억울함을 토로하는 경우가 많을 보는데요. 모든 사람들이 다 참여할 수 있게 업무를 좀 공평하게 배분하는 편이기도 합니다.","wordCount":116},"emotion":[],"intent":[{"text":"","expression":"","category":"attitude"}],"summary":{"text":"협업을 하면서 가장 어려운 점은 사람들의 의견을 일치시키는 것 같습니다. 가치관의 차이가 다르기 때문에 같은 업무가 주어져도 해결해 나가는 방법이 제각각이기 때문에 협업을 하게 되면 저는 모든 사람들의 의견을 다 경청하고 존중을 해줍니다.","wordCount":33}}},"rawDataInfo":{"question":{"fileFormat":"wav","fileSize":619598,"duration":19360,"samplingBit":16,"channelCount":1,"samplingRate":"16kHz","audioPath":"/Mock/01.Management/Female/Experienced/ckmk_q_bm_f_e_237434.wav"},"answer":{"fileFormat":"wav","fileSize":2080078,"duration":65000,"samplingBit":16,"channelCount":1,"samplingRate":"16kHz","audioPath":"/Mock/01.Management/Female/Experienced/ckmk_a_bm_f_e_237434.wav"}}}