{"version":"1.0","dataSet":{"info":{"date":"20230116","occupation":"BM","channel":"MOCK","place":"ONLINE","gender":"FEMALE","ageRange":"45-54","experience":"EXPERIENCED"},"question":{"raw":{"text":"주변 친구들 중 한 명을 골라서 칭찬해 주시길 바랍니다 가능하다면 그 친구에 대해 구체적이고 자세하게 칭찬해 주시길 바랍니다","wordCount":18},"emotion":[],"intent":[]},"answer":{"raw":{"text":"제 주변에 사업을 하는 친구가 있었는데요. 그 친구가 처음엔 사업이 잘 돼서 주변에 사람들에게 부러움을 샀습니다. 하지만 수출길이 막히면서 사업이 잘 되지 않아 그야말로 망하게 되었어요. 한동안 이 친구는 잠수를 탔고 그 뒤로 여러 주변 사람들이 걱정을 했습니다. 하지만 얼마 후 제가 들은 이야기는 낮에는 편의점에서 아르바이트를 하고 밤에는 물류 센터에서 일을 한다고 들었습니다 사장의 호칭을 들으면서 지냈던 사람이 하루 아침에 이렇게 일용직으로 일을 하게 되는 것은 쉽지가 않은데요. 이 친구는 재기를 위해서 자기가 할 수 있는 모든 일을 닥치는 대로 한다고 들었습니다. 이렇게 남들의 시선을 의식하지 않고 자신의 노력으로 다시 일어서려고 하는 모습이 정말 대단하다고 생각이 들어 이 친구를 칭찬하고 싶습니다.","wordCount":102},"emotion":[],"intent":[{"text":"","expression":"","category":"attitude"}],"summary":{"text":"주변에 사업을 하는 친구가 수출길이 막히면서 사업이 망가지고 잠수를 탄 적이 있습니다. 그런데 이 친구는 재기를 위해서 할 수 있는 모든 일을 닥치는 대로 하며 남들의 시선을 의식하지 않고 다시 일어서려고 하는 모습이 대단하다고 생각되어 칭찬하고 싶습니다.","wordCount":37}}},"rawDataInfo":{"question":{"fileFormat":"wav","fileSize":601038,"duration":18780,"samplingBit":16,"channelCount":1,"samplingRate":"16kHz","audioPath":"/Mock/01.Management/Female/Experienced/ckmk_q_bm_f_e_258134.wav"},"answer":{"fileFormat":"wav","fileSize":2228558,"duration":69640,"samplingBit":16,"channelCount":1,"samplingRate":"16kHz","audioPath":"/Mock/01.Management/Female/Experienced/ckmk_a_bm_f_e_258134.wav"}}}