{"version":"1.0","dataSet":{"info":{"date":"20230116","occupation":"BM","channel":"MOCK","place":"ONLINE","gender":"FEMALE","ageRange":"-34","experience":"EXPERIENCED"},"question":{"raw":{"text":"지원자가 생각하는 좋은 회사란 무엇인지 말씀해 주세요","wordCount":7},"emotion":[],"intent":[]},"answer":{"raw":{"text":"제가 생각하는 좋은 회사라는 것은 직원들에게 기회를 주는 회사 라고 생각을 합니다. 어 다만 단순히 반복적으로 일을 하고 또 월급을 받는 그런 개념이 아니고 그 직원이 성장할 수 있도록 도와주는 회사가 좋은 회사 라고 생각을 하는데요. 왜냐하면 단순하게 일을 하는 것보다 그 사람이 성장을 해야 회사에도 어 고 노동자 그러니까 고급 인력이 탄생을 하게 되고 그런 인력들이 많아짐으로 인해서 회사도 더욱더 발전할 수 있다고 생각을 합니다. 그럴려면 그 사람이 성장할 수 있게 기회를 많이 줘야 한다고 생각을 하는데요. 하지만 우리나라 기업들이 그런 면에서 조금 인색한 면이 있지 않나 라는 생각이 들고요. 그리고 이제 직원들도 그것들을 뭔가 성장할 수 있는 노력들을 하는 것보다 단순하게 월급을 받는다는 개념으로 직장에 다니는 것 같습니다. 그래서 직원들도 노력을 해야겠지만 또 회사에서도 성장할수록 있도록 도와주고 그리고 그것들을 함께 커 갈 수 있는 회사가 좋은 회사 라고 생각을 하구요. 어 저 역시도 지금보다 훨씬 더 앞으로 성장하고 또 전문성 있게 일을 할 수 있도록 노력하도록 하겠습니다.","wordCount":149},"emotion":[{"text":"제가 생각하는 좋은 회사라는 것은 직원들에게 기회를 주는   회사 라고 생각을 합니다.","expression":"u-belief","category":"neutral"},{"text":"왜냐하면 단순하게 일을 하는 것보다 그 사람이   성장을 해야 회사에도 어 고 노동자 그러니까 고급 인력이   탄생을 하게 되고 그런 인력들이 많아짐으로 인해서 회사도 더욱더 발전할 수 있다고   생각을 합니다.","expression":"u-belief","category":"neutral"}],"intent":[{"text":"","expression":"","category":"attitude"}],"summary":{"text":"좋은 회사는 반복적인 일을 하고 월급을 받는 것이 아니라 직원이 성장할 수 있도록 도와주는 회사라고 생각합니다. 그 사람이 성장해야 회사가 발전하기 때문에 그 사람이 성장할 수 있게 기회를 많이 줘야 한다고 생각합니다. 우리나라 기업들이 인색한 면이 있어서 직원들도 노력을 해야하지만 함께 성장해 갈 수 있는 회사가 좋은 회사라 생각합니다.","wordCount":49}}},"rawDataInfo":{"question":{"fileFormat":"wav","fileSize":242638,"duration":7580,"samplingBit":16,"channelCount":1,"samplingRate":"16kHz","audioPath":"/Mock/01.Management/Female/Experienced/ckmk_q_bm_f_e_153993.wav"},"answer":{"fileFormat":"wav","fileSize":2752078,"duration":86000,"samplingBit":16,"channelCount":1,"samplingRate":"16kHz","audioPath":"/Mock/01.Management/Female/Experienced/ckmk_a_bm_f_e_153993.wav"}}}