{"version":"1.0","dataSet":{"info":{"date":"20230116","occupation":"BM","channel":"MOCK","place":"ONLINE","gender":"FEMALE","ageRange":"-34","experience":"EXPERIENCED"},"question":{"raw":{"text":"소통 능력을 키우기 위해서 어떠한 방법이 좋을지 지원자님께서 생각하는 방법을 자세하게 설명해 주시기 바랍니다","wordCount":14},"emotion":[],"intent":[]},"answer":{"raw":{"text":"소통 능력을 키우기 위해서는 사람을 많이 겪어보고 대해보는 게 가장 좋은 방법이라고 생각을 합니다. 아무래도 소통 그리고 사람과 커뮤니케이션하는 것은 직접적으로 사람을 만나 봐야 경험으로 아는 것이기 때문에 저는 그런 노력이 필요하다고 생각을 하는데요. 예를 들어서 회사에서도 사내 동아리 활동을 한다던가 아니면 밖에서 본인이 좋아하는 취미 활동을 통해서 다양한 사람을 모임에서 만나고 겪어보는 게 중요하다고 생각을 합니다. 아 그 사람들과 직접 소통을 하면서 사람들이 어떤 생각을 하는지 또 그 사람들의 의견을 어떻게 수렴하고 대하는지를 본인이 직접 몸으로 체득하는 게 좋다고 생각을 하고요. 그리고 그 뿐만이 아니라 상대방을 이해하기 위한 여러 가지 노력들이 있을 것 같습니다. 어 책을 읽어서 또 소통 능력을 강화하는 법에 대해서 머리로 인지하고 그리고 직접 실제로 대면해서 사람들을 만나서 겪어서 그걸 연습해보는 게 중요하다고 생각하는데요. 어쨌든 기본적인 마인드는 사람을 대하는 데 있어서 존중과 배려에 대한 가치관을 가지고 그리고 사람들을 많이 만나 보면서 대하는 게 가장 좋은 소통을 위한 기술이라고 생각을 합니다. 그래서 저도 소통 능력을 키우기 위해서 사람들을 많이 만나고 어 접하면서 그런 능력을 키워 왔습니다.","wordCount":159},"emotion":[],"intent":[{"text":"","expression":"","category":"attitude"}],"summary":{"text":"소통 능력을 키우기 위해서는 사람을 많이 겪어보고 겪어보는 게 가장 좋은 방법이라고 생각합니다. 직접 소통하면서 사람들의 생각과 의견을 수렴하고 대하는지를 몸으로 체득하는 게 중요하다고 생각합니다. 상대방을 이해하기 위한 여러 가지 노력들이 있을 것 같습니다. 존중과 배려에 대한 가치관을 가지고 많이 만나 보면서 대하는 게 좋은 소통을 위한 기술이라고 생각합니다.","wordCount":49}}},"rawDataInfo":{"question":{"fileFormat":"wav","fileSize":352078,"duration":11000,"samplingBit":16,"channelCount":1,"samplingRate":"16kHz","audioPath":"/Mock/01.Management/Female/Experienced/ckmk_q_bm_f_e_140163.wav"},"answer":{"fileFormat":"wav","fileSize":2838478,"duration":88700,"samplingBit":16,"channelCount":1,"samplingRate":"16kHz","audioPath":"/Mock/01.Management/Female/Experienced/ckmk_a_bm_f_e_140163.wav"}}}