{"version":"1.0","dataSet":{"info":{"date":"20230116","occupation":"BM","channel":"MOCK","place":"ONLINE","gender":"FEMALE","ageRange":"-34","experience":"EXPERIENCED"},"question":{"raw":{"text":"업무를 하다 보면 영어로 서류를 작성해야 할 일이 있는데요 영어로 서류 작성이 가능하십니까","wordCount":13},"emotion":[],"intent":[]},"answer":{"raw":{"text":"네 어 영어로 서류를 작성하거나 영어로 업무를 작성하는 업무에는 아무런 부담이나 무리 없이 진행할 수 있다고 자신 있게 말씀드릴 수 있을 것 같습니다. 어 제가 이전에 근무했던 회사도 사실 외국계 기업이었기 때문에 음 외국인들과 하는 미팅도 매우 많았고요. 그리고 기본적으로 한국인 팀원들과도 대화를 하거나 메일을 주고받을 때 어 외국인들이 씨씨 그러니까 첨부가 되어서 어 오가는 커뮤니케이션들이 많았기 때문에 기본적으로 메일이나 기본적인 문서 작업 혹은 직원들이 공유하는 어떤 절차와 관련된 문서들은 다 영어로 작성되고 작성을 했기 때문에 음 영어로 작성을 하고 영어로 업무를 하고 영어로 미팅을 하는 것에 아무런 무리가 없다고 말씀드릴 수 있을 것 같습니다.","wordCount":95},"emotion":[{"text":"어 제가 이전에 근무했던 회사도 사실 외국계 기업이었기 때문에   음 외국인들과 하는 미팅도 매우 많았고요.","expression":"u-fact","category":"neutral"}],"intent":[{"text":"","expression":"","category":"attitude"}],"summary":{"text":"영어로 서류를 작성하거나 영어로 업무를 작성하는 업무에는 아무런 부담이나 무리 없이 진행할 수 있습니다. 이전에 근무했던 회사도 외국계 기업이기 때문에 외국인과 하는 미팅도 많고, 기본적으로 메일이나 기본적인 문서 작업 등의 문서들은 다 영어로 작성되었기 때문입니다.","wordCount":35}}},"rawDataInfo":{"question":{"fileFormat":"wav","fileSize":294478,"duration":9200,"samplingBit":16,"channelCount":1,"samplingRate":"16kHz","audioPath":"/Mock/01.Management/Female/Experienced/ckmk_q_bm_f_e_189812.wav"},"answer":{"fileFormat":"wav","fileSize":1611598,"duration":50360,"samplingBit":16,"channelCount":1,"samplingRate":"16kHz","audioPath":"/Mock/01.Management/Female/Experienced/ckmk_a_bm_f_e_189812.wav"}}}