{"version":"1.0","dataSet":{"info":{"date":"20230116","occupation":"BM","channel":"MOCK","place":"ONLINE","gender":"FEMALE","ageRange":"-34","experience":"EXPERIENCED"},"question":{"raw":{"text":"면접자님 에스씨엠 들어봤죠 어 공급자망 어 공급 그 공급망 관리라고도 말할 수 있는데 그거에 대해서 한번 설명해 보세요","wordCount":18},"emotion":[],"intent":[]},"answer":{"raw":{"text":"아무래도 요즘 기업들이 공급망을 잘 관리하는 게 굉장히 중요한 이슈가 되고 있습니다. 어 최근에 이제 원자재 가격이 폭등하고 또 원자재가 이제 어떤 물류 대란으로 인해서 들어오지 못하면서 공급망을 제대로 관리하지 못한다고 하면 그 사업에 차질이 빚어질 수 있기 때문인데요. 저는 그래서 이런 문제를 해결하기 위해서 기본적으로 좀 예비 대안을 마련해 두고 그리고 그것들을 처리하는 게 중요하다고 생각을 합니다. 그래서 앞으로는 좀 공급한 관리가 훨씬 더 중요해지는 시기인 것 같은데요. 왜냐하면 지금 인플레이션이 굉장히 심각하게 이어지고 있고 또 그리고 원자재가 수급이 불안정하기 때문에 그 저희 회사에서 필요한 제품과 서비스 원자재들을 잘 유입될 수 있도록 이 공급망을 관리하는 그런 역할이 필요하다고 생각을 하고요. 좀 예비적인 대안을 마련해 놨으면 좋겠습니다. 어 단순히 그게 흘러가겠다고 생각해서 하는 것보다 만약에 플랜 비를 마련해 놓는다고 하면 이런 문제가 발생 했을 때도 좀 적극적으로 대처할 수 있기 때문에 어 그냥 기본적인 공급망 외에도 여러 가지 루트를 통해서 대안을 마련해 놓고 리스크나 문제가 발생했을 때 그런 것들을 통해서 마련해야 한다고 생각합니다.","wordCount":153},"emotion":[{"text":"어 단순히 그게 흘러가겠다고 생각해서   하는 것보다 만약에 플랜 비를 마련해 놓는다고 하면 이런 문제가 발생   했을 때도 좀 적극적으로 대처할 수 있기 때문에 어 그냥 기본적인 공급망   외에도 여러 가지 루트를 통해서 대안을 마련해 놓고 리스크나 문제가 발생했을 때   그런 것들을 통해서 마련해야 한다고 생각합니다.","expression":"u-belief","category":"neutral"}],"intent":[{"text":"","expression":"","category":"attitude"}],"summary":{"text":"요즘 원자재 가격 폭등이나 물류 대란 등으로 공급망을 제대로 관리하지 못하면 사업 차질이 빚어질 수 있어 기업들이 공급망을 잘 관리해야 합니다. 인플레이션과 원자재 수급 불안정 때문에 공급관리가 중요합니다. 그냥 기본적인 공급망 외에도 여러 루트를 통해 대안을 마련하고 리스크나 문제 발생 시 그것을 통해 마련해야 합니다.","wordCount":45}}},"rawDataInfo":{"question":{"fileFormat":"wav","fileSize":504718,"duration":15770,"samplingBit":16,"channelCount":1,"samplingRate":"16kHz","audioPath":"/Mock/01.Management/Female/Experienced/ckmk_q_bm_f_e_154151.wav"},"answer":{"fileFormat":"wav","fileSize":2856398,"duration":89260,"samplingBit":16,"channelCount":1,"samplingRate":"16kHz","audioPath":"/Mock/01.Management/Female/Experienced/ckmk_a_bm_f_e_154151.wav"}}}