{"version":"1.0","dataSet":{"info":{"date":"20230116","occupation":"BM","channel":"MOCK","place":"ONLINE","gender":"FEMALE","ageRange":"-34","experience":"EXPERIENCED"},"question":{"raw":{"text":"커뮤니케이션을 잘 할 수 있는 지원자님만의 스킬이 있으신가요 어 있다면 어떤 스킬을 가지고 계신지 한번 소개시켜 주시겠습니까 직접 한번 보여주시면 더 좋겠습니다","wordCount":22},"emotion":[],"intent":[]},"answer":{"raw":{"text":"저는 커뮤니케이션에 있어서 가장 중요한 점은 바로 상대방의 이야기를 경청하는 것이라고 생각합니다. 따라서 제가 커뮤니케이션을 잘 할 수 있는 저만의 스킬이 있다고 말씀드리자면 저는 상대방의 이야기를 잘 듣는 것입니다. 저는 앞에 면접자분들의 이야기도 열심히 경청하고 면접관님들의 질문도 경청하여 올바른 대 대답을 하였고 저는 그 제가 답변하는 시간이 아닌 면접 다른 면접자 분들의 답변 시간에도 그분들의 말씀을 경청하고 들려고 노력했습니다. 따라서 앞서 질문자 분들이 했던 내용을 기억하고 경청하고 듣고 고개를 끄덕이며 그 일에 대해 그 다른 질문자분의 답변에 대해서도 저의 견해를 밝힐 수 있던 것입니다. 저는 사람 간의 커뮤니케이션에서 가장 중요한 것은 눈을 맞추고 그 사람의 이야기에 공감하며 경청하는 것이라고 생각합니다. 그래서 저는 앞으로도 커뮤니케이션을 할 때 경청하는 자세를 적극적으로 활용할 것 입니다. 감사합니다.","wordCount":113},"emotion":[],"intent":[{"text":"","expression":"","category":"attitude"}],"summary":{"text":"저는 사람 간의 커뮤니케이션에서 가장 중요한 것은 눈을 맞추고 그 사람의 이야기에 공감하며 경청하는 것이라고 생각합니다. 그래서 앞으로도 커뮤니케이션을 할 때 경청하는 자세를 적극적으로 활용할 것 입니다.","wordCount":27}}},"rawDataInfo":{"question":{"fileFormat":"wav","fileSize":509518,"duration":15920,"samplingBit":16,"channelCount":1,"samplingRate":"16kHz","audioPath":"/Mock/01.Management/Female/Experienced/ckmk_q_bm_f_e_180534.wav"},"answer":{"fileFormat":"wav","fileSize":2598478,"duration":81200,"samplingBit":16,"channelCount":1,"samplingRate":"16kHz","audioPath":"/Mock/01.Management/Female/Experienced/ckmk_a_bm_f_e_180534.wav"}}}