{"version":"1.0","dataSet":{"info":{"date":"20230116","occupation":"BM","channel":"MOCK","place":"ONLINE","gender":"FEMALE","ageRange":"-34","experience":"EXPERIENCED"},"question":{"raw":{"text":"회사에 입사를 하고 난 후에 사내 스터디를 만들어서 공부를 할 수 있다면 지원자님께서는 어떤 사내 스터디를 만들어서 공부를 하고 싶으신가요 이유도 함께 말씀해 주시기 바랍니다","wordCount":25},"emotion":[],"intent":[]},"answer":{"raw":{"text":"네 저는 제 위 외국어에 프리토킹 수업을 만들어서 공부하고 싶습니다. 아무래도 글로벌 사회인 만큼 이러한 것들을 많이 아는 게 중요하다고 생각이 들고 우리가 단어나 문법은 알아도 외국인을 만나면 이야기하지 못하는 경우가 굉장히 많습니다. 그래서 다양한 사람들과 함께 프리토킹을 하면서 이런 것을 배우는 것이 좋다 라고 생각하고요. 우리는 한국인들 외에도 외국 사람들이 만나고 외국 회사와 만날 가능성이 높잖아요. 그래서 이것은 회사의 그런 성장 가능성에도 큰 도움이 될 것이라고 생각이 듭니다. 그래서 저는 프리토킹반을 만들었으면 좋겠다 라고 제안 드리는 바입니다.","wordCount":78},"emotion":[],"intent":[{"text":"","expression":"","category":"attitude"}],"summary":{"text":"외국어 프리토킹 수업은 글로벌 사회인 만큼 다양한 사람들과 함께 하는 것이 중요하므로, 회사 성장에 도움이 될 것이기에 개설을 제안합니다.","wordCount":19}}},"rawDataInfo":{"question":{"fileFormat":"wav","fileSize":620238,"duration":19380,"samplingBit":16,"channelCount":1,"samplingRate":"16kHz","audioPath":"/Mock/01.Management/Female/Experienced/ckmk_q_bm_f_e_166601.wav"},"answer":{"fileFormat":"wav","fileSize":1544398,"duration":48260,"samplingBit":16,"channelCount":1,"samplingRate":"16kHz","audioPath":"/Mock/01.Management/Female/Experienced/ckmk_a_bm_f_e_166601.wav"}}}