{"version":"1.0","dataSet":{"info":{"date":"20230116","occupation":"BM","channel":"MOCK","place":"ONLINE","gender":"FEMALE","ageRange":"55-","experience":"EXPERIENCED"},"question":{"raw":{"text":"혹시 이전 직장에서 퇴사한 다음 퇴사한 것을 후회하신 적이 있나요 있다면 왜 후회했는지도 궁금합니다","wordCount":14},"emotion":[],"intent":[]},"answer":{"raw":{"text":"네 저는 과거에 이직을 할 때에는 중간에 텀이 없이 바로 이직을 했었었는데요. 그렇지만 이번 이직을 준비를 하면서 중간에 공백기가 사 개월 정도 있었습니다. 그때 당시에 좀 후회를 했는데요. 그 이유가 아무래도 금전적인 부분이 퇴사 삼 개월이 지나자 조금 힘들어지기도 했고 또한 주변에서 언제 다시 일을 시작할 것인지 자주 묻자 그런 부분도 좀 스트레스였습니다. 그래서 생각하기를 다시는 이직을 할 때 오랫동안 텀을 두지 않겠다 라고 생각했습니다.","wordCount":65},"emotion":[],"intent":[{"text":"","expression":"","category":"attitude"}],"summary":{"text":"이번 이직을 준비하면서 중간에 공백기가 사 개월 정도 있었는데, 금전적인 부분이 힘들어서 다시 일을 시작할지 자주 묻자 스트레스여서 다시는 텀을 두지 않겠다 라고 생각했습니다.","wordCount":24}}},"rawDataInfo":{"question":{"fileFormat":"wav","fileSize":306638,"duration":9580,"samplingBit":16,"channelCount":1,"samplingRate":"16kHz","audioPath":"/Mock/01.Management/Female/Experienced/ckmk_q_bm_f_e_243985.wav"},"answer":{"fileFormat":"wav","fileSize":2255438,"duration":70480,"samplingBit":16,"channelCount":1,"samplingRate":"16kHz","audioPath":"/Mock/01.Management/Female/Experienced/ckmk_a_bm_f_e_243985.wav"}}}