{"version":"1.0","dataSet":{"info":{"date":"20230116","occupation":"BM","channel":"MOCK","place":"ONLINE","gender":"FEMALE","ageRange":"-34","experience":"EXPERIENCED"},"question":{"raw":{"text":"여러 사람들과 함께 일을 하다 보면 구성원들과 갈등이 생길 가능성이 높습니다 이럴 때 어떻게 해결을 하시나요","wordCount":16},"emotion":[],"intent":[]},"answer":{"raw":{"text":"저는 갈등을 싫어하는 편입니다. 그래서 작은 갈등은 그냥 묻어 넘기려 합니다. 웬만한 갈등은 다름에서 나옵니다. 나는 무엇이 더 좋은데 다른 사람은 이것이 더 좋다고 할 때 선호의 차이에서 갈등이 일어납니다. 그러나 선호의 차이에서 발생하는 갈등 갈등은 옳고 그름을 따질 수 없는 것들입니다. 이러한 것들은 해결할 수 없는 문제입니다. 저는 갈등을 꺼려하기 때문에 웬만하면은 타인에게 맞춰 주려 합니다. 맞춰 준다는 것이 제 의견을 주장하지 않는다는 게 아니라 만약에 선호에 의해 선호가 달라서 생긴 갈등이라면 굳이 제 방식을 고수하지 않는 것이라고 한 가는 않는 것입니다. 이처럼 굳이 제 방식을 고수하지 않고 타인의 의견을 받아들이다 보면 오히려 저에게 더 맞는 방법을 찾기도 합니다. 갈등을 피하는 것으로 보일 수 있지만 타인의 의견을 존중하다 보면 그게 오히려 나에게 더 도움이 될 수 있기 때문입니다. 존중으로서 갈등을 해결해 나가면 저에게도 더 발전이 될 수 있습니다.","wordCount":129},"emotion":[],"intent":[{"text":"","expression":"","category":"attitude"}],"summary":{"text":"선호가 달라서 생긴 갈등이라면 굳이 제 방식을 고수하지 않고 타인의 의견을 수용하다 보면 오히려 자신에게 더 맞는 방법을 찾기도 합니다. 타인의 의견을 존중하다 보면 그것이 오히려 나에게 더 도움이 될 수 있기 때문입니다. 존중으로서 갈등을 해결해 나가면 저에게도 더 발전이 될 수 있습니다.","wordCount":43}}},"rawDataInfo":{"question":{"fileFormat":"wav","fileSize":396878,"duration":12400,"samplingBit":16,"channelCount":1,"samplingRate":"16kHz","audioPath":"/Mock/01.Management/Female/Experienced/ckmk_q_bm_f_e_200578.wav"},"answer":{"fileFormat":"wav","fileSize":2641358,"duration":82540,"samplingBit":16,"channelCount":1,"samplingRate":"16kHz","audioPath":"/Mock/01.Management/Female/Experienced/ckmk_a_bm_f_e_200578.wav"}}}