{"version":"1.0","dataSet":{"info":{"date":"20230116","occupation":"BM","channel":"MOCK","place":"ONLINE","gender":"FEMALE","ageRange":"-34","experience":"EXPERIENCED"},"question":{"raw":{"text":"만약에 상사가 업무와 전혀 무관한 일을 시켜도 잘 수행할 자신이 있는지 궁금한데요 아니면 수행하지 않을 것인지도 궁금합니다 말씀해 주시기 바랍니다","wordCount":20},"emotion":[],"intent":[]},"answer":{"raw":{"text":"저는 좀 그런 거는 선이 좀 확실해서 무관한 일을 시킨다면은 뭐 수행은 아니 하기 싫습니다. 저는 별로 하고 싶지 않고. 왜 애초에 업무와 무관한 일을 시키는지도 저는 조금 이해가 안 되기 때문에 아니요 사실 조금 이해 안 된다기보다는 많이 이해가 안 가서 그런 식으로 운영되는 회사라면 제가 굳이 지원하지 않을 것 같습니다. 어 그걸 한 두 번 하는 게 어렵지 않겠죠. 뭔가 무관한 일을 자체가 뭐 어려운 일을 주는 건 아닐 테니까. 근데 그 질문 자체가 그거를 수행할 자신이 있냐고 묻는 게 조금 저는 좀 부당한 질문 같다고 생각이 들고 당연히 제가 거부할 수 있어야 한다고 생각합니다. 한 번 두 번 그거를 응하면 아마 계속해서 습관적으로 그런 식으로 업무가 지속될 거라고 생각이 들구요. 그렇게 되면은 제가 왜 애초에 이 회사에 지원했는지에 대한 그 최초의 목적 같은 것도 사라질 것 같습니다.","wordCount":130},"emotion":[],"intent":[{"text":"","expression":"","category":"attitude"}],"summary":{"text":"업무와 무관한 일을 시키는 것이 이해가 가지 않아 굳이 지원하지 않을 것 같습니다. 그 질문 자체를 수행할 자신이 있다고 묻는 것은 부당한 질문 같다고 생각되며 거부할 수 있어야 한다고 생각합니다. 그래야 왜 이 회사에 지원했는지에 대한 최초의 목적 같은 것도 사라집니다.","wordCount":41}}},"rawDataInfo":{"question":{"fileFormat":"wav","fileSize":549518,"duration":17170,"samplingBit":16,"channelCount":1,"samplingRate":"16kHz","audioPath":"/Mock/01.Management/Female/Experienced/ckmk_q_bm_f_e_148361.wav"},"answer":{"fileFormat":"wav","fileSize":2423758,"duration":75740,"samplingBit":16,"channelCount":1,"samplingRate":"16kHz","audioPath":"/Mock/01.Management/Female/Experienced/ckmk_a_bm_f_e_148361.wav"}}}