{"version":"1.0","dataSet":{"info":{"date":"20230116","occupation":"BM","channel":"MOCK","place":"ONLINE","gender":"FEMALE","ageRange":"35-44","experience":"EXPERIENCED"},"question":{"raw":{"text":"지원자님은 평소에 개인 작업을 많이 하시는 편이신가요 그렇다면 그렇게 끊임없이 개인 작업을 할 수 있게 하는 자신만의 원동력이 있다면 무엇이라고 생각하십니까","wordCount":21},"emotion":[],"intent":[]},"answer":{"raw":{"text":"네 저는 개인 작업을 하고 있습니다. 제가 일을 그만두고 취업 준비를 하면서 개인적인 시간이 많이 생겨서 제가 개인적으로 관심을 많이 갖고 있는 분야인 여행 먹거리 경제 분야 등등 관련하여 저만의 블로그를 제작하는 일을 주로 하는데요. 이런 개인 작업을 할 수 있게 원동력은 사실 퇴사를 하고 집에 있으면서 몇 달 동안 집에서 그저 티비나 보고 잠이나 자며 허송세월을 보낸 경험이 있습니다. 당장 쉬고 싶은 욕구 때문에 아무 일도 하지 않고 집에서 지내다 보니 삶이 너무 지루해지고 쪼금 도태되어 간다는 느낌을 지울 수가 없었습니다. 그리하여 당장 취업은 못하더라도 생산적인 일을 하고 싶어 이때까지 제가 하고 싶었던 관심사들을 따라가면서 블로그 작업을 하게 되었습니다. 처음에는 그냥 일기장처럼 제가 가고 싶은 곳 먹고 싶은 맛집 찾아가며 하나씩 하나씩 올렸던 개인 작업들이 다른 사람들에게 도움이 되고 고맙다는 답변을 받을 때면 아 제가 하고 있는 일이 그냥 나를 위한 일이 아니구나 라는 생각이 들어 조금 더 열심히 하게 되는 원동력이 되었습니다.","wordCount":144},"emotion":[],"intent":[{"text":"","expression":"","category":"attitude"}],"summary":{"text":"취업 준비를 하며 개인적인 시간을 가지면서 저만의 블로그를 제작하고 있습니다. 퇴사 후 몇 달 동안 집에서 허송세월을 보낸 경험이 있어서 당장 취업은 못하더라도 생산적인 일을 하고 싶어 블로그 작업을 하게 되었는데, 다른 사람들에게 도움이 되고 고맙다는 답변을 받을 때 마다 더 열심히 하게 되는 원동력이 되었습니다.","wordCount":46}}},"rawDataInfo":{"question":{"fileFormat":"wav","fileSize":558158,"duration":17440,"samplingBit":16,"channelCount":1,"samplingRate":"16kHz","audioPath":"/Mock/01.Management/Female/Experienced/ckmk_q_bm_f_e_237315.wav"},"answer":{"fileFormat":"wav","fileSize":2432398,"duration":76010,"samplingBit":16,"channelCount":1,"samplingRate":"16kHz","audioPath":"/Mock/01.Management/Female/Experienced/ckmk_a_bm_f_e_237315.wav"}}}