{"version":"1.0","dataSet":{"info":{"date":"20230116","occupation":"BM","channel":"MOCK","place":"ONLINE","gender":"FEMALE","ageRange":"35-44","experience":"EXPERIENCED"},"question":{"raw":{"text":"지원자님께서는 교본 근무에 잘 적응할 수 있다고 생각하시나요 그렇다면 근거와 함께 말씀해 주세요","wordCount":13},"emotion":[],"intent":[]},"answer":{"raw":{"text":"저는 교번 근무에 잘 적응할 수 있다고 생각됩니다. 보다 시간을 활용적이고 탄력적으로 사용할 수 있기 때문입니다. 물론 요즘 기업들이 많이 도입해서 사용하고 있는 탄력적 근무제랑은 조금은 다르지만 시간을 좀 더 탄력적으로 사용할 수 있다는 점은 같다고 볼 수 있습니다. 저는 이런 교번 근무를 통해서 남들이 붐비는 시간을 조금 더 피해서 그 시간을 좀 더 경제적으로 사용할 수 있고 활용적으로 사용할 수 있다고 생각합니다. 학원을 다니던지 운동을 하던지 육아를 하던지 이러한 시간들을 남들이 근무 시간보다 조금 더 조정이 가능하기 때문에 이런 점은 저에게 있어서 저 라이프 스타일에 잘 맞춰질 수 있다고 생각합니다. 그래서 저는 교번 근무에 굉장히 긍정적인 입장이며 이러한 교번 근무를 통해서 제 시간을 무척 잘 활용할 수 있기 때문에 굉장히 잘 적응할 수 있다고 생각됩니다.","wordCount":116},"emotion":[],"intent":[{"text":"","expression":"","category":"attitude"}],"summary":{"text":"저는 교번 근무를 통해서 남들이 붐비는 시간을 조금 더 피해서 그 시간을 좀 더 경제적으로 사용할 수 있고 활용적으로 사용할 수 있다고 생각합니다. 그래서 교번 근무에 굉장히 긍정적인 입장이며 굉장히 잘 적응할 수 있을 것이라고 생각됩니다.","wordCount":36}}},"rawDataInfo":{"question":{"fileFormat":"wav","fileSize":339918,"duration":10620,"samplingBit":16,"channelCount":1,"samplingRate":"16kHz","audioPath":"/Mock/01.Management/Female/Experienced/ckmk_q_bm_f_e_173777.wav"},"answer":{"fileFormat":"wav","fileSize":2363918,"duration":73870,"samplingBit":16,"channelCount":1,"samplingRate":"16kHz","audioPath":"/Mock/01.Management/Female/Experienced/ckmk_a_bm_f_e_173777.wav"}}}