{"version":"1.0","dataSet":{"info":{"date":"20230116","occupation":"BM","channel":"MOCK","place":"ONLINE","gender":"FEMALE","ageRange":"-34","experience":"EXPERIENCED"},"question":{"raw":{"text":"입사 후에 쉬운 일과 어려운 일이 같이 있을 때 이 일을 어떻게 분배 하실 건지 어떻게 나눠서 처리를 할 생각인지 대답해 주시기 바랍니다","wordCount":23},"emotion":[],"intent":[]},"answer":{"raw":{"text":"저는 일단 하루 안에 주어진 제 근무 시간 안에서 어 이거를 어느 정도까지 시간을 끌고 가게 될 것인가를 좀 가늠해 보려고 하는 편이에요. 왜냐하면 또 너무 풀리지 않는 거를 하루 종일 잡고 있게 되면은 또 다른 업무들을 처리해야 하는 시간들이 줄어들기 때문에 어 조금은 빠르게 끝낼 수 있는 일들은 일단은 해 놓고 그 어려운 일들을 좀 나중에 시간을 충분히 가질 수 있도록 좀 시간을 확보하려고 하는 편입니다. 그런데 만약에 제가 어려운 부분을 느끼는 그 일이 당장 처리해야 하는 가장 우선시 되어야 하는 일이라면은 어 그 날의 근무 시간을 다 할애해서라도 그거를 끝내 놔야 한다고 생각합니다.","wordCount":95},"emotion":[],"intent":[{"text":"","expression":"","category":"attitude"}],"summary":{"text":"어려운 일들은 나중에 시간을 충분히 가질 수 있도록 시간을 확보하려고 하는 편이지만 당장 처리해야 하는 일이라면 그 날의 근무 시간을 다 할애해서라도 끝낼 수 있어야 한다고 생각합니다.","wordCount":27}}},"rawDataInfo":{"question":{"fileFormat":"wav","fileSize":540238,"duration":16880,"samplingBit":16,"channelCount":1,"samplingRate":"16kHz","audioPath":"/Mock/01.Management/Female/Experienced/ckmk_q_bm_f_e_102978.wav"},"answer":{"fileFormat":"wav","fileSize":1802958,"duration":56340,"samplingBit":16,"channelCount":1,"samplingRate":"16kHz","audioPath":"/Mock/01.Management/Female/Experienced/ckmk_a_bm_f_e_102978.wav"}}}