{"version":"1.0","dataSet":{"info":{"date":"20230116","occupation":"BM","channel":"MOCK","place":"ONLINE","gender":"FEMALE","ageRange":"35-44","experience":"EXPERIENCED"},"question":{"raw":{"text":"지원자께서는 프로그램에 대해서 많이 아신다고 들었습니다 그렇다면 다룰 수 있는 프로그램은 무엇이 있는지 또 그것을 어느 수준으로 사용할 수 있으신지 말씀해 주십시오","wordCount":22},"emotion":[],"intent":[]},"answer":{"raw":{"text":"해당 업무와 관련된 여러 가지 프로그램들을 능숙하게 잘 다루고 있습니다. 특히 문서 정리 고객 관리 등에 필요한 한글 엑셀 오피스 워드 등에 프로그램은 능숙하게 잘 활용하고 있으며 상중하를 따진다면 상 이상으로 활용하고 있습니다. 그리고 경리 회계 프로그램인 경영 프로그램에 대해서도 상당한 수준 이상으로 능숙하게 잘 활용하고 있습니다. 이상입니다.","wordCount":48},"emotion":[],"intent":[{"text":"특히 문서 정리 고객 관리 등에 필요한 한글 엑셀 오피스 워드 등에 프로그램은 능숙하게 잘 활용하고 있으며 상중하를 따진다면 상 이상으로 활용하고 있습니다.","expression":"m_admin","category":"technology"}],"summary":{"text":"한글 엑셀 오피스 워드, 경영 프로그램 등 해당 업무와 관련된 프로그램들을 능숙하게 잘 다루고 있으며 상중하를 따진다면 상상 이상으로 활용 할 수 있습니다.","wordCount":23}}},"rawDataInfo":{"question":{"fileFormat":"wav","fileSize":521678,"duration":16300,"samplingBit":16,"channelCount":1,"samplingRate":"16kHz","audioPath":"/Mock/01.Management/Female/Experienced/ckmk_q_bm_f_e_259453.wav"},"answer":{"fileFormat":"wav","fileSize":1261518,"duration":39420,"samplingBit":16,"channelCount":1,"samplingRate":"16kHz","audioPath":"/Mock/01.Management/Female/Experienced/ckmk_a_bm_f_e_259453.wav"}}}