{"version":"1.0","dataSet":{"info":{"date":"20230116","occupation":"BM","channel":"MOCK","place":"ONLINE","gender":"FEMALE","ageRange":"35-44","experience":"EXPERIENCED"},"question":{"raw":{"text":"지원자님께서 생각하시기에 지원자님의 십 년 후의 미래는 어떨 것 같으세요 만약 저희 회사에 계속 다니고 있으실 것 같은가요","wordCount":18},"emotion":[],"intent":[]},"answer":{"raw":{"text":"저희 십 년 후 미래에도 지금 회사에서 계속 함께 하고 있을 것 같습니다. 지금 삼십 대 후반에 나이이며 십 년 후면 사십 대 후반입니다. 아직 나이가 제가 생각했을 때 나이가 사회생활을 원활하게 할 수 있는 나이고 경제활동도 아직까지는 해야할 나이기 때문에 계속해서 회사에 재직 중일 것 같고 그 당시 십 년 후면 제 경력이 이십 년이 됩니다. 이 이십 년이라는 경력은 후배들을 가르치기에도 충분하고 현재 회사의 이해도가 아주 높아져 있는 상황입니다. 회사의 비전을 파악하고 회사에 나아가야 할 방향을 후배들에게 알려주며 또 회사의 성장을 함께 함에 있어 제가 가진 전문성과 모든 활동을 통해 얻게 된 노하우를 후배들에게 알려주며 한 분야의 전문가로서 지금이 회사에서 여러 활동을 하게 될 것이라고 생각합니다.","wordCount":108},"emotion":[],"intent":[{"text":"","expression":"","category":"attitude"}],"summary":{"text":"십 년 후면 제 경력이 이십 년이 됩니다. 그 경력은 후배들을 가르치기에도 충분합니다. 회사의 비전을 파악하고 회사에 나아가야 할 방향을 후배들에게 알려주며 한 분야의 전문가로서 여러 활동을 하게 될 것입니다.","wordCount":30}}},"rawDataInfo":{"question":{"fileFormat":"wav","fileSize":345038,"duration":10780,"samplingBit":16,"channelCount":1,"samplingRate":"16kHz","audioPath":"/Mock/01.Management/Female/Experienced/ckmk_q_bm_f_e_173774.wav"},"answer":{"fileFormat":"wav","fileSize":2461838,"duration":76930,"samplingBit":16,"channelCount":1,"samplingRate":"16kHz","audioPath":"/Mock/01.Management/Female/Experienced/ckmk_a_bm_f_e_173774.wav"}}}