{"version":"1.0","dataSet":{"info":{"date":"20230116","occupation":"BM","channel":"MOCK","place":"ONLINE","gender":"FEMALE","ageRange":"35-44","experience":"EXPERIENCED"},"question":{"raw":{"text":"저희 회사는 업무의 특성상 지금 외근이 좀 많을 수가 있습니다 외근 같은 경우에는 본인이 감당을 가능한지 그리고 출장 기회도 많을 텐데요 이런 거에 대해서 수용하실 수가 있습니까","wordCount":27},"emotion":[],"intent":[]},"answer":{"raw":{"text":"네 저는 일의 특성상 야근이 많다는 거는 이미 인지를 하고 있는 상황입니다. 왜냐하면 이게 일이 바쁠 때도 있고 그렇지 않은 순간도 있을 텐데요. 일이 바쁠 때는 한꺼번에 몰리면서 어 저도 예전 회사에서 야근을 많이 하기는 했습니다. 그래서 그런 업무의 특성을 제가 잘 알고 있기 때문에 만약에 야근이 많다고 하더라도 저는 충분히 어 그걸 인내하고 감내할 수 있을 것 같습니다. 어 그리고 제가 만약에 일을 했을 때 이 일이 반드시 지금 필요하고 좀 빨리 처리를 해야 된다라고 하면 제가 업무의 효율성을 높여서 조금 더 빠르게 일을 할 수 있을 것 같고요. 그런데도 불구하고 업무의 양이 워낙 많아서 어 야금이나 아니면 잔업을 해야 될 경우에는 그럼 충분히 가능하게 어 일을 할 수 있을 것 같습니다. 하지만 중요한 점은 저 혼자 야근이나 일을 하는 게 아니고 또 팀원끼리 모두 같이 열심히 하고 그것들을 수용하기 때문에 어 저는 협업이 이뤄진다고 하면 얼마든지 수용할 수가 있을 것 같습니다. 어 다만 저에게만 일이 몰리는 일이라고 하면 쪼금 분업을 요청할 것 같은데요. 그렇지 않은 경우라고 하면 저는 힘을 모아서 또 상사와 팀과 함께 열심히 그 일을 좀 빨리 수행해 낼 수 있도록 하겠습니다.","wordCount":176},"emotion":[],"intent":[{"text":"하지만 중요한 점은 저 혼자 야근이나 일을 하는 게 아니고   또 팀원끼리 모두 같이 열심히 하고 그것들을 수용하기 때문에 어 저는   협업이 이뤄진다고 하면 얼마든지 수용할 수가 있을 것 같습니다.","expression":"c_cop","category":"personality"}],"summary":{"text":"업무의 특성상 저는 야근이 많다는 것은 이미 알고 있습니다. 하지만 업무의 양이 워낙 많아서 야금이나 잔업이 필요할 경우에는 충분히 일을 할 수 있을 것 같습니다. 중요한 점은 저 혼자 야근이나 일을 하는 게 아니고 팀원끼리 모두 같이 열심히 하고 그것들을 수용하기 때문에 협업이 이뤄진다면 얼마든지 받아들일 수 있을 것입니다.","wordCount":49}}},"rawDataInfo":{"question":{"fileFormat":"wav","fileSize":518478,"duration":16200,"samplingBit":16,"channelCount":1,"samplingRate":"16kHz","audioPath":"/Mock/01.Management/Female/Experienced/ckmk_q_bm_f_e_118848.wav"},"answer":{"fileFormat":"wav","fileSize":2656718,"duration":83020,"samplingBit":16,"channelCount":1,"samplingRate":"16kHz","audioPath":"/Mock/01.Management/Female/Experienced/ckmk_a_bm_f_e_118848.wav"}}}