{"version":"1.0","dataSet":{"info":{"date":"20230116","occupation":"BM","channel":"MOCK","place":"ONLINE","gender":"FEMALE","ageRange":"-34","experience":"EXPERIENCED"},"question":{"raw":{"text":"지원자님이 입사 후에 일을 하다 보면은 이제 다른 지역에서도 업무를 하실 수가 있거든요 그래서 타 지역 근무도 뭐 문제 없이 가능하신지 궁금합니다","wordCount":22},"emotion":[],"intent":[]},"answer":{"raw":{"text":"업무를 하다 보면 제가 원하는 뭐 지역이나 상황에 여건에 다 맞을 수는 없다고 생각을 합니다. 어 저도 그러한 사항은 이제 직장인이기 때문에 어느 정도 감안을 하고 있구요. 어 다만 이제 그런 일들에 배정되기 전에 어 회사와 충분히 이야기가 되고 또 제가 충분히 일을 해야 되는 그런 상황에 맞닥뜨린다고 하면 저는 얼마든지 그런 상황을 좀 받아들일 순 있을 것 같습니다. 왜냐하면 기본적으로 업무를 하다가 또 여러 가지 발생할 수 있다는 거는 어 저도 감안을 하고 있구요. 그리고 제가 만약에 배치가 돼서 거기에 인제 전출을 해야 되는 그런 상황이라고 하면 또 흔쾌히 받아들여서 거기서 적응할 수 있도록 하겠습니다. 아무래도 근데 이제 지방이나 아니면 멀리 간다고 하면 어느 정도 그 사전에 조율이 필요할 것 같습니다. 왜냐하면 또 이제 거주지 문제라던가 아니면 여러 가지 또 문제 상황이 있기 때문에 내 회사에서 그 정도의 그 배려는 해주실 것 같다고 저는 믿구요. 또 만약에 기회가 되면 제가 또 다른 지역에 가서 일해 봄으로써 또 배울 수 있고 경험하는 점도 많다고 생각을 해서 저는 그런 거는 얼마든지 협의와 조율을 통해서 충분히 가능하다고 생각을 하구요. 앞으로도 그런 일에 좀 적극적으로 협조하도록 하겠습니다.","wordCount":174},"emotion":[],"intent":[{"text":"","expression":"","category":"attitude"}],"summary":{"text":"업무의 배정 이전에 회사와 충분히 논의가 되고 충분히 일을 해야 되는 상황에 맞닥뜨린다면 충분히 받아들일 수 있을 것 같습니다. 만약 배치가 돼 전출을 해야 되는 상황이라고 하면 기꺼이 받아들여서 적응할 수 있도록 하겠습니다. 지방이나 멀리 간다고 하면 사전에 조율이 필요할 것 같은데 그런 거는 얼마든지 협의와 조율을 통해서 충분히 가능하다고 생각합니다.","wordCount":51}}},"rawDataInfo":{"question":{"fileFormat":"wav","fileSize":462798,"duration":14460,"samplingBit":16,"channelCount":1,"samplingRate":"16kHz","audioPath":"/Mock/01.Management/Female/Experienced/ckmk_q_bm_f_e_154002.wav"},"answer":{"fileFormat":"wav","fileSize":2745678,"duration":85800,"samplingBit":16,"channelCount":1,"samplingRate":"16kHz","audioPath":"/Mock/01.Management/Female/Experienced/ckmk_a_bm_f_e_154002.wav"}}}