{"version":"1.0","dataSet":{"info":{"date":"20230116","occupation":"BM","channel":"MOCK","place":"ONLINE","gender":"FEMALE","ageRange":"-34","experience":"EXPERIENCED"},"question":{"raw":{"text":"아 만약에 해외에 파견 근무를 나가게 될 기회를 얻게 되신다면 어느 나라에 가서 일을 하고 싶으신지요 어 그 나라에 대해서 소개해 주시구요 왜 그 나라에 가고 싶으신지도 함께 말씀해 주시기 바랍니다","wordCount":31},"emotion":[],"intent":[]},"answer":{"raw":{"text":"해외에 파견 근무를 나가게 된다면 아무래도 제가 미리 알고 있는 미주나 유럽권으로 가고 싶습니다. 다른 아니면 일본이나 중군 중국 등 조금이나마 제가 알고 있는 정보가 있는 국가로 가고 싶습니다. 그 국가에 대해 아무 것도 모르는 채로 파견을 간다면 저에게도 너무 곤란한 일이고 회사로서도 좋지 않을 수 있기 때문입니다. 그러나 회사에서 제가 원하는 나라들은 다른 직원들도 원합니다. 그러면 회사는 선택을 해야 합니다. 저는 만약에 회사가 제가 잘 모르는 나라에 파견을 하게 된다고 하더라도 그 나라에 대해 알아갈 시간을 주면은 그 어떤 나라든 가고 싶습니다. 모르는 나라는 모르는 나라대로 지식이 되고 아는 나라는 아는 나라대로 경험이 됩니다. 어떤 국가를 가는지는 크게 중요하지 않을 수 있습니다. 가서 무슨 하게 될 일은 비슷할 것이고 경험은 다르겠지만 모든 경험은 다 도움이 되기 때문입니다. 해외 파견 근무을 나가게 된다면 어느 나라든 가리지 않고 제 역량을 펼치고 싶습니다.","wordCount":131},"emotion":[],"intent":[{"text":"","expression":"","category":"attitude"}],"summary":{"text":"해외 파견 근무를 가게 된다면 저는 미리 알고 있는 미주나 유럽권으로 가고 싶습니다. 만약 회사가 제가 잘 모르는 나라에 파견을 하게 된다고 하더라도 그 나라에 대해 알아갈 시간을 주면은 그 어떤 나라든 가서 모든 경험은 다 도움이 되기 때문에 전 어느 나라든 가리지 않고 제 역량을 펼치고 싶다고 생각합니다.","wordCount":49}}},"rawDataInfo":{"question":{"fileFormat":"wav","fileSize":537678,"duration":16800,"samplingBit":16,"channelCount":1,"samplingRate":"16kHz","audioPath":"/Mock/01.Management/Female/Experienced/ckmk_q_bm_f_e_200581.wav"},"answer":{"fileFormat":"wav","fileSize":2677838,"duration":83680,"samplingBit":16,"channelCount":1,"samplingRate":"16kHz","audioPath":"/Mock/01.Management/Female/Experienced/ckmk_a_bm_f_e_200581.wav"}}}