{"version":"1.0","dataSet":{"info":{"date":"20230116","occupation":"BM","channel":"MOCK","place":"ONLINE","gender":"FEMALE","ageRange":"-34","experience":"EXPERIENCED"},"question":{"raw":{"text":"지금 본인이 내일 죽는다는 사실을 알게 된다면 당장 뭘 할 것인가요 이 면접을 끝까지 계속 보시겠는지도 궁금합니다","wordCount":17},"emotion":[],"intent":[]},"answer":{"raw":{"text":"네 만약에 내일 죽는다고 하면은 우선은 이 면접을 끝까지 볼 것 같습니다. 왜냐하면 이것은 면접자님과 저와의 약속이잖아요. 그래서 그 약속과 일정을 잘 수행한 다음에 거창한 것 말고 그냥 집에 가서 식구들과 맛있는 저녁 식사를 한 후 영화를 한 번 볼 것 같습니다. 아무래도 가족들이 영화 보는 걸 좋아하거든요. 뭐 거창한 것을 하지 않아도 사실 소소한 일상에서 내 즐길 수 있는 행복이 많다고 생각합니다. 그냥 코 끝에 스치는 차가운 가을 바람이라든지 아니면 아니면 지나가면서 만나는 길 고양이들처럼 아주 사소하지만 거기서 보면서 우리는 귀여움과 행복감을 느끼잖아요. 그래서 당장 뭘 한다 라는 질문에는 아마 이 면접을 끝까지 보고 집에 가는 도중에 가족들이 좋아하는 붕어빵을 사서 함께 먹고 또 맛있는 저녁을 먹은 뒤 영화를 보겠다 그리고 영화를 본 뒤에 밤 산책도 하면 좋겠다 라는 생각이 듭니다. 소소한 일상을 좀 더 즐기다가 죽는 걸로 하겠습니다.","wordCount":130},"emotion":[],"intent":[{"text":"","expression":"","category":"attitude"}],"summary":{"text":"만약 내일 죽는다고 하면 일단 이 면접을 끝까지 볼 것 같습니다. 왜냐하면 약속과 일정을 잘 수행한 후에 가족들이 좋아하는 붕어빵을 사서 함께 먹고, 맛있는 저녁을 먹고, 영화를 본 뒤에 밤 산책도 하면 좋겠다 라는 생각이 듭니다. 소소한 일상을 좀 더 즐기다가 죽는 걸로 하겠습니다.","wordCount":44}}},"rawDataInfo":{"question":{"fileFormat":"wav","fileSize":441678,"duration":13800,"samplingBit":16,"channelCount":1,"samplingRate":"16kHz","audioPath":"/Mock/01.Management/Female/Experienced/ckmk_q_bm_f_e_169373.wav"},"answer":{"fileFormat":"wav","fileSize":2303758,"duration":71990,"samplingBit":16,"channelCount":1,"samplingRate":"16kHz","audioPath":"/Mock/01.Management/Female/Experienced/ckmk_a_bm_f_e_169373.wav"}}}