{"version":"1.0","dataSet":{"info":{"date":"20230116","occupation":"BM","channel":"MOCK","place":"ONLINE","gender":"FEMALE","ageRange":"-34","experience":"EXPERIENCED"},"question":{"raw":{"text":"본인이 창의적으로 어떤 문제를 해결해 본 경험이 있을까요 생각해 보시고 그 과정에 대해서 가능한 최대한 자세하게 설명해 주시길 바랍니다","wordCount":19},"emotion":[],"intent":[]},"answer":{"raw":{"text":"회사를 다닐 때 엑셀 파일을 정리하는데 시트가 여러 개 있는데 한 시트에는 함수가 적용되어 있었고 다른 시트에는 함수가 적용되어 있지 않았습니다. 모든 사람들이 그 시트에 새로운 걸 할 생각 없이 그냥 했습니다. 그 첫 시트에만 함수가 적용되어 있고 두 번째 시트에는 함수 적용이 되어 있지 않던 이유는 처음에 만들 때 그 첫 시트에만 함수 적용을 하고 있었기 때문입니다. 사람들은 관성이 무엇인지 그냥 원래 그런 거다 라면 더 바꿀 생각이 없었습니다. 창의성은 없는 것을 만들어내는 것이 아니라 있는 것을 새로운 것에 접합 적합 적합시키는 것입니다. 저는 시트 원에 있는 함수를 시트 투로 그냥 조금만 변형해서 갖다 붙였습니다. 그러자 작업 시간은 꽤 많이 줄어 들었습니다. 한 시트를 정리하는데 삼십 분 걸리던 일이 십 오 분 내외로 줄어들었습니다. 이처럼 하루만 함수만 손보면 되는 것인데 하루에 십 오 분 정도라고 이렇게 큰 시간도 아니니 사람들은 그냥 관성적으로 하던 대로 했습니다. 그러나 저는 그 시트를 조금만 손 보면 내내 앞으로도 편해질 거라고 생각해서 변경했습니다.","wordCount":149},"emotion":[],"intent":[{"text":"","expression":"","category":"attitude"}],"summary":{"text":"창의성은 있는 것을 새로운 것에 접합, 적합시키는 것입니다. 엑셀 파일을 정리할 때 한 시트에만 함수가 적용되어 있고 다른 시트에는 적용되어 있지 않은 경우 사람들은 관성이 무엇인지 바꿀 생각이 없었습니다. 그러나 저는 시트 원에 있는 함수를 시트 투로 조금만 변형해서 붙였더니 작업 시간이 상당히 줄었고 앞으로도 편해질 것 같아 변경했습니다.","wordCount":49}}},"rawDataInfo":{"question":{"fileFormat":"wav","fileSize":593998,"duration":18560,"samplingBit":16,"channelCount":1,"samplingRate":"16kHz","audioPath":"/Mock/01.Management/Female/Experienced/ckmk_q_bm_f_e_200575.wav"},"answer":{"fileFormat":"wav","fileSize":2862798,"duration":89460,"samplingBit":16,"channelCount":1,"samplingRate":"16kHz","audioPath":"/Mock/01.Management/Female/Experienced/ckmk_a_bm_f_e_200575.wav"}}}