{"version":"1.0","dataSet":{"info":{"date":"20230116","occupation":"BM","channel":"MOCK","place":"ONLINE","gender":"FEMALE","ageRange":"55-","experience":"EXPERIENCED"},"question":{"raw":{"text":"지원자님께서 그동안 진행한 프로젝트들 가운데서 가장 기억에 남는 프로젝트가 있나요 그렇다면 어떤 점에서 기억에 남는지 설명해 주시기 바랍니다","wordCount":18},"emotion":[],"intent":[]},"answer":{"raw":{"text":"네 아이티회사에서 인턴을 했었던 경험을 기반으로 말씀드리도록 하겠습니다. 저는 당시에 씨에스 문의 중에서 기술 부분에 대한 매뉴얼을 만드는 작업을 진행했었습니다. 모션이라는 프로그램을 활용해서 내용들을 정리했었고 대략적으로 오 주 정도의 시간이 소요되었지만 성공적으로 매뉴얼이 잘 만들어져서 많은 사람들이 활용하는 것을 보면서 큰 보람과 기쁨을 느꼈습니다.","wordCount":44},"emotion":[{"text":"모션이라는 프로그램을 활용해서 내용들을 정리했었고 대략적으로 오 주 정도의 시간이 소요되었지만 성공적으로 매뉴얼이 잘 만들어져서 많은 사람들이 활용하는 것을 보면서 큰 보람과 기쁨을 느꼈습니다.","expression":"p-happiness","category":"positive"}],"intent":[{"text":"저는 당시에 씨에스 문의 중에서 기술 부분에 대한 매뉴얼을 만드는 작업을 진행했었습니다.","expression":"m_admin","category":"technology"},{"text":"모션이라는 프로그램을 활용해서 내용들을 정리했었고 대략적으로 오 주 정도의 시간이 소요되었지만 성공적으로 매뉴얼이 잘 만들어져서 많은 사람들이 활용하는 것을 보면서 큰 보람과 기쁨을 느꼈습니다.","expression":"m_admin","category":"technology"}],"summary":{"text":"저는 당시 기술 부분에 대한 매뉴얼을 만드는 작업을 진행했었습니다. 모션이라는 프로그램을 활용해서 매뉴얼이 잘 만들어져서 많은 사람들이 활용하는 것을 보면서 큰 보람과 기쁨을 느꼈습니다.","wordCount":24}}},"rawDataInfo":{"question":{"fileFormat":"wav","fileSize":496718,"duration":15520,"samplingBit":16,"channelCount":1,"samplingRate":"16kHz","audioPath":"/Mock/01.Management/Female/Experienced/ckmk_q_bm_f_e_248801.wav"},"answer":{"fileFormat":"wav","fileSize":1986638,"duration":62080,"samplingBit":16,"channelCount":1,"samplingRate":"16kHz","audioPath":"/Mock/01.Management/Female/Experienced/ckmk_a_bm_f_e_248801.wav"}}}