{"version":"1.0","dataSet":{"info":{"date":"20230116","occupation":"BM","channel":"MOCK","place":"ONLINE","gender":"FEMALE","ageRange":"-34","experience":"EXPERIENCED"},"question":{"raw":{"text":"업무를 할 시에 갈등이 일어나는 경우가 많습니다 이러한 갈등을 해결했던 방법에 대해서 설명해 주세요","wordCount":14},"emotion":[],"intent":[]},"answer":{"raw":{"text":"여러 사람과 함께 일을 하다 보면 구성원들과 갈등이 생길 수 있다고 생각합니다. 저는 실제로 이러한 갈등을 겪어 보았고 이러한 갈등이 생기는 이유는 서로 간의 입장 차이에서 발생한다고 생각합니다. 따라서 저는 갈등이 생긴 구성원과 서로 간의 입장을 이해해 보려 노력할 것입니다. 왜 그런 오해를 했는지 왜 이런 생각을 했는지 상대방의 입장을 들어보고 나서 서로를 이해하고 견해를 좁혀보고 오해를 풀기 위해 노력할 것입니다. 그렇게 해서 갈등을 해소한 경험이 있기 때문입니다. 감사합니다.","wordCount":69},"emotion":[],"intent":[{"text":"따라서 저는 갈등이 생긴 구성원과 서로 간의 입장을 이해해 보려 노력할 것입니다.","expression":"c_confl_mg","category":"personality"},{"text":"왜 그런 오해를 했는지 왜 이런 생각을 했는지 상대방의 입장을 들어보고   나서 서로를 이해하고 견해를 좁혀보고    오해를 풀기 위해 노력할 것입니다.","expression":"c_confl_mg","category":"personality"}],"summary":{"text":"여러 사람과 함께 일하다 보면 구성원들과 갈등이 생길 수 있습니다. 갈등은 서로 간의 입장 차이에서 발생하기 때문에 갈등이 생긴 구성원과 서로 간의 입장을 이해해 보려 노력할 것입니다.","wordCount":27}}},"rawDataInfo":{"question":{"fileFormat":"wav","fileSize":360398,"duration":11260,"samplingBit":16,"channelCount":1,"samplingRate":"16kHz","audioPath":"/Mock/01.Management/Female/Experienced/ckmk_q_bm_f_e_178350.wav"},"answer":{"fileFormat":"wav","fileSize":1379278,"duration":43100,"samplingBit":16,"channelCount":1,"samplingRate":"16kHz","audioPath":"/Mock/01.Management/Female/Experienced/ckmk_a_bm_f_e_178350.wav"}}}