{"version":"1.0","dataSet":{"info":{"date":"20230116","occupation":"BM","channel":"MOCK","place":"ONLINE","gender":"FEMALE","ageRange":"-34","experience":"EXPERIENCED"},"question":{"raw":{"text":"현재 국내 많은 대기업들이 여러 가지 문제로 해외로 공장을 이전하고 있습니다 지원자님은 대기업이 해외로 공장을 이전하는 것에 대해서 찬성하시는지요 아니면 반대하시는지요","wordCount":21},"emotion":[],"intent":[]},"answer":{"raw":{"text":"현재 많은 대기업들이 해외로 공장을 이전하고 있는데요 저는 이에 대해서 찬성한다고 밝힙니다. 왜냐하면 대기업들이 해외로 공장을 이전하는 이유는 다양합니다. 왜냐하면 서로 다른 시스템의 처리를 다양한 공장으로 분산하면서 그 예를 들어 마케팅 전략 사업 본부를 두거나 본부를 따른 해고 해외에 두고 그리고 생산 설비 공장을 따른 곳으로 두고 그런 해외 공장의 이전은 공장을 이전하는 해외에 대한 인식이 인식이 많이 좋아졌기 때문입니다. 해외 현지에 대한 많은 이해와 그런 글로벌 환경 변화에 따라서 해외에 필요한 자본과 해외에 필요한 지식 그리고 산업이 얼마나 발전함에 따랐는지 환경을 제대로 파악한 후에 지어서 더욱 도움이 되고 분산적으로 시스템을 가동화하는 것이 더 좋다고 생각합니다. 따라서 저는 이에 찬성합니다. 감사합니다.","wordCount":101},"emotion":[],"intent":[{"text":"현재 많은 대기업들이 해외로 공장을 이전하고 있는데요 저는 이에 대해서 찬성한다고 밝힙니다.","expression":"m_critical","category":"attitude"},{"text":"왜냐하면 서로 다른 시스템의 처리를 다양한 공장으로 분산하면서 그 예를 들어 마케팅 전략 사업 본부를 두거나 본부를 따른 해고 해외에 두고 그리고 생산 설비 공장을 따른 곳으로 두고 그런 해외 공장의 이전은 공장을 이전하는 해외에 대한 인식이 인식이 많이 좋아졌기 때문입니다.","expression":"m_critical","category":"attitude"},{"text":"해외 현지에 대한 많은 이해와 그런 글로벌 환경 변화에 따라서 해외에 필요한 자본과 해외에 필요한 지식 그리고 산업이 얼마나 발전함에 따랐는지 환경을 제대로 파악한 후에 지어서 더욱 도움이 되고 분산적으로 시스템을 가동화하는 것이 더 좋다고 생각합니다.","expression":"m_critical","category":"attitude"}],"summary":{"text":"현재 많은 대기업들이 해외로 공장을 이전하고 있는데, 그 이유는 서로 다른 시스템의 처리를 다양한 공장으로 분산하면서 해외에 대한 인식이 많이 좋아졌기 때문입니다. 해외 현지에 대한 많은 이해와 글로벌 환경 변화에 따라서 시스템을 가동화하는 것이 좋다고 생각합니다.","wordCount":36}}},"rawDataInfo":{"question":{"fileFormat":"wav","fileSize":524558,"duration":16390,"samplingBit":16,"channelCount":1,"samplingRate":"16kHz","audioPath":"/Mock/01.Management/Female/Experienced/ckmk_q_bm_f_e_180946.wav"},"answer":{"fileFormat":"wav","fileSize":2589518,"duration":80920,"samplingBit":16,"channelCount":1,"samplingRate":"16kHz","audioPath":"/Mock/01.Management/Female/Experienced/ckmk_a_bm_f_e_180946.wav"}}}