{"version":"1.0","dataSet":{"info":{"date":"20230116","occupation":"BM","channel":"MOCK","place":"ONLINE","gender":"FEMALE","ageRange":"45-54","experience":"EXPERIENCED"},"question":{"raw":{"text":"멀티채널과 옴니채널의 개념과 차이점에 대해서 아는 대로 설명해 보세요","wordCount":9},"emotion":[],"intent":[]},"answer":{"raw":{"text":"네 먼저 채널에 대해서 한번 설명을 드리도록 하겠습니다. 채널을 활용한다는 측면에서는 사실 멀티채널과 옴니채널 두 개다 굉장히 유사한 유사성을 가지고 있습니다. 그렇지만 이 두 개의 마케팅 같은 경우에는 원론적으로 다르다 라고 말씀드릴 수 있습니다. 먼저 멀티채널 전략을 구사하는 그런 기업들은 양적으로 어 채널들을 좀 늘리려는 그런 부분들이 있습니다. 그렇지만 옴니채널 같은 경우에는 단순히 채널 수를 늘리는 데에서 그치지 않고 쫌 복수 채널들을 개발하는 게 아닌 고객에게 고객 자체적으로 포커스를 맞춰서 쇼핑을 할 수 있는 그런 경험들을 최적화하는 것이 그 목적성을 가졌다 라고 말씀드릴 수 있습니다. 그래서 즉 더 많은 고객들이 참여를 할 수 있게끔 그런 유도성을 가지는 것이 이런 채널들을 구축하는 데 있어서 가장 중요한 점이 아닌가 싶습니다.","wordCount":108},"emotion":[],"intent":[{"text":"","expression":"","category":"attitude"}],"summary":{"text":"멀티채널과 옴니채널은 유사한 점이 많지만 두 채널의 마케팅은 원론적으로 다릅니다. 멀티채널 전략을 구사하는 기업들은 양적으로 채널들을 늘리려 하지만, 옴니 채널은 고객자체의 포커스를 맞춰 쇼핑을 할 수 있도록 유도하는 것이 목적성을 가집니다.","wordCount":31}}},"rawDataInfo":{"question":{"fileFormat":"wav","fileSize":272078,"duration":8500,"samplingBit":16,"channelCount":1,"samplingRate":"16kHz","audioPath":"/Mock/01.Management/Female/Experienced/ckmk_q_bm_f_e_184679.wav"},"answer":{"fileFormat":"wav","fileSize":2617678,"duration":81800,"samplingBit":16,"channelCount":1,"samplingRate":"16kHz","audioPath":"/Mock/01.Management/Female/Experienced/ckmk_a_bm_f_e_184679.wav"}}}