{"version":"1.0","dataSet":{"info":{"date":"20230116","occupation":"BM","channel":"MOCK","place":"ONLINE","gender":"FEMALE","ageRange":"45-54","experience":"EXPERIENCED"},"question":{"raw":{"text":"지원자님께서 지금까지 삶을 살아오시면서 가장 스스로를 힘들게 했던 경험이 무엇인지에 대해서 알고 싶습니다 그리고 지원자님께서 그런 경험을 어떻게 극복하셨는지도 궁금합니다","wordCount":20},"emotion":[],"intent":[]},"answer":{"raw":{"text":"저요 음 어 제 현실적인 어떤 삶과 이것을 결부시켜서 일을 포기하지 않은 것 시 정말 힘들었지만 제일 뿌듯한 부분인 것 같아요. 네 현실적으로 저는 뭐 제 지금 동기들도 없어요. 주변에 네 물론 뭐 이직한 친구도 있긴 하지만 그 친구도 그래도 저보다 직급이 낮고 제가 지금 가장 뭐 직급으로 따지면 제일 올라간 케이스고요. 그래서 어 가정과 일이 병행이 된다는 게 정말 이렇게 말로 뵙기에도 너무나 힘든 과정이기 때문에 너무너무 힘들죠. 포기해야 했던 부분 당연히 있고 사실 뭐 실력으로만 보면 지금 현재 제 위치보다 저는 더 올라갈 수도 있었을 거라고 생각을 해요. 그것도 포기한 부분일 거고요. 그래서 양쪽으로 포기를 하면서 또 양쪽으로 성취를 한 게 둘 다 있기 때문에 그냥 쌤쌤으로 이걸 극복이라고 생각합니다.","wordCount":112},"emotion":[],"intent":[{"text":"","expression":"","category":"attitude"}],"summary":{"text":"현실의 삶과 결부시켜 일을 포기하지 않은 것이 가장 뿌듯한 부분인데, 동기들도 없고 가정과 일이 병행이 되는 것이 굉장히 힘든 과정이기 때문에 굉장히 힘들죠. 양쪽으로 포기를 하면서 양쪽으로 성취를 한 게 둘 다 있기 때문에 이것을 극복이라고 생각합니다.","wordCount":37}}},"rawDataInfo":{"question":{"fileFormat":"wav","fileSize":608718,"duration":19020,"samplingBit":16,"channelCount":1,"samplingRate":"16kHz","audioPath":"/Mock/01.Management/Female/Experienced/ckmk_q_bm_f_e_177722.wav"},"answer":{"fileFormat":"wav","fileSize":2896718,"duration":90520,"samplingBit":16,"channelCount":1,"samplingRate":"16kHz","audioPath":"/Mock/01.Management/Female/Experienced/ckmk_a_bm_f_e_177722.wav"}}}