{"version":"1.0","dataSet":{"info":{"date":"20230116","occupation":"BM","channel":"MOCK","place":"ONLINE","gender":"FEMALE","ageRange":"-34","experience":"EXPERIENCED"},"question":{"raw":{"text":"네 평소에 검색을 자주 하시는 편인가요 어 하신다면 주로 어떤 검색을 하는지 또 왜 그 검색을 하는지도 함께 설명해 주시기 바랍니다","wordCount":21},"emotion":[],"intent":[]},"answer":{"raw":{"text":"저는 평소에 검색을 자주 하는 편이라고 생각합니다. 요즘은 다양한 정보의 홍수 속에서 살고 있다고 생각이 되는데요. 또한 저는 핸드폰을 볼 때마다 무수한 정보를 흡수하고 보고 무의식적으로 상호 작용한다고 생각합니다. 저는 유튜브나 인스터그램 페이스북 소셜 미디어 콘텐츠나 플랫폼만 보더라도 수 많은 정보가 쏟아 나오는 것을 보고 무의식적으로 그 정보에 대한 호기심과 관심이 생깁니다. 따라서 저는 그 정보가 궁금하면 구글이나 싸파리 크롬 웨일 등을 통해 검색을 해보는 편입니다. 저가 그 주로 검색하는 부분은 콘텐츠 플랫폼에 대한 분야입니다. 저는 현재 콘텐츠 플랫폼에 관심이 많아 유튜브 플랫폼을 대상으로 한 채널에서 전략 사업 팀에서 일해 본 경험이 있습니다. 그 경험에서 저는 유튜브 콘텐츠 사업이 얼마나 성장하고 있는지 그리고 사람들에게 어떤 영향을 지대하게 끼치고 있는지에 대해서 중요성에 대해 알 수 있었습니다. 따라서 저는 그러한 콘텐츠를 접할 때마다 이러한 콘텐츠는 왜 우리에게 어떤 영향을 미치고 있는지 궁금하기 때문에 콘텐츠를 찾아봅니다. 감사합니다.","wordCount":134},"emotion":[{"text":"저는 현재 콘텐츠 플랫폼에 관심이 많아 유튜브 플랫폼을 대상으로 한 채널에서 전략 사업 팀에서 일해 본 경험이 있습니다.","expression":"u-fact","category":"neutral"},{"text":"따라서 저는 그러한 콘텐츠를 접할 때마다 이러한 콘텐츠는 왜 우리에게 어떤 영향을 미치고 있는지 궁금하기 때문에 콘텐츠를 찾아봅니다.","expression":"p-interest","category":"positive"}],"intent":[{"text":"","expression":"","category":"attitude"}],"summary":{"text":"저는 유투브나 인스터그램 페이스북 소셜 미디어 콘텐츠나 플랫폼만 보더라도 무의식적으로 그 정보에 대한 호기심과 관심이 생깁니다. 그래서 저는 그 정보가 궁금하면 구글이나 싸파리 크롬 웨일 등을 통해 검색을 해보는 편인데 주로 검색하는 부분은 콘텐츠 플랫폼에 대한 분야입니다. 콘텐츠가 우리에게 어떤 영향을 미치고 있는지 궁금하기 때문입니다.","wordCount":45}}},"rawDataInfo":{"question":{"fileFormat":"wav","fileSize":458318,"duration":14320,"samplingBit":16,"channelCount":1,"samplingRate":"16kHz","audioPath":"/Mock/01.Management/Female/Experienced/ckmk_q_bm_f_e_180555.wav"},"answer":{"fileFormat":"wav","fileSize":2634318,"duration":82320,"samplingBit":16,"channelCount":1,"samplingRate":"16kHz","audioPath":"/Mock/01.Management/Female/Experienced/ckmk_a_bm_f_e_180555.wav"}}}