{"version":"1.0","dataSet":{"info":{"date":"20230116","occupation":"BM","channel":"MOCK","place":"ONLINE","gender":"FEMALE","ageRange":"45-54","experience":"EXPERIENCED"},"question":{"raw":{"text":"대한민국의 금융정책기관으로서 신용보증기금이 어 해야 할 업무 영역은 무엇이라고 생각하는지 아는 만큼 설명해 주시겠습니까","wordCount":14},"emotion":[],"intent":[]},"answer":{"raw":{"text":"많은 자양업자들과 그리고 중소기업에서는 신용 보증기금이 굉장히 중요한 역할들을 합니다. 이러한 소규모 업체들은 국가나 혹은 여러 공단의 재정 도움이 꼭 필요한 상황인데요. 저는 그 역활을 해내는 것이 신용보증 기금에서 해야 할 업무의 영역이고 때로는 약간의 손해를 감수하고서라도 사회적 책임을 다하는 것이 그 역할의 중요성이라고 생각합니다. 그래서 요즘 같이 경기가 조금 어려울 때는 더욱더 그 역할의 중요성이 부각된다 라고 생각합니다.","wordCount":59},"emotion":[],"intent":[{"text":"","expression":"","category":"attitude"}],"summary":{"text":"신용 보증기금은 자양업자, 중소기업에게 중요한 역할을 합니다. 이들은 국가나 여러 공단의 도움이 필요한데, 신용보증 기금은 손실을 감수하더라도 사회적 책임을 다해야하는 역할이 중요합니다.","wordCount":22}}},"rawDataInfo":{"question":{"fileFormat":"wav","fileSize":509518,"duration":15920,"samplingBit":16,"channelCount":1,"samplingRate":"16kHz","audioPath":"/Mock/01.Management/Female/Experienced/ckmk_q_bm_f_e_247845.wav"},"answer":{"fileFormat":"wav","fileSize":2553998,"duration":79810,"samplingBit":16,"channelCount":1,"samplingRate":"16kHz","audioPath":"/Mock/01.Management/Female/Experienced/ckmk_a_bm_f_e_247845.wav"}}}