{"version":"1.0","dataSet":{"info":{"date":"20230116","occupation":"BM","channel":"MOCK","place":"ONLINE","gender":"FEMALE","ageRange":"55-","experience":"EXPERIENCED"},"question":{"raw":{"text":"지금 공부하고 있는 분야는 어떤 것인가요 그것을 왜 공부하는지 이제까지 무엇을 배웠는지도 말씀해 주세요","wordCount":14},"emotion":[],"intent":[]},"answer":{"raw":{"text":"당연히 공부하고 있죠. 네 저는 공부를 놓아 본 적이 없어요. 네 항상 네 어느 나이든 간에 저는 꾸준히 제가 흥미있어 하는 분야에서 공부를 해왔고 요즘에는 저는 음 도자기 쪽 네 제가 요즘에 찻잔에 꽂혀서 그런 다기 문화 이런 쪽으로 제가 요즘 좀 공부를 하고 있어요. 그래서 아주 좀 마이너하고 조금 매니아틱하긴 하지만 그렇다고 또 뭐랄까요 어떤 제 나름대로의 어떤 긴 연륜과 경험 그 경력 안에서 봤을 때 이쪽의 전망이 나쁘지 않다고 생각을 합니다. 그래서 요 다기 문화에 대한 거를 먼저 조금 제가 이런저런 전문적인 것들을 조금 공부를 해 놓고 나중에 요런 또 투자를 조금 할 수 있지 않을까 라는 비전으로서도 같이 조금 바라 바라보고 있습니다 요즘.","wordCount":106},"emotion":[{"text":"네 항상 네 어느 나이든 간에 저는 꾸준히 제가 흥미있어 하는 분야에서 공부를 해왔고   요즘에는 저는 음 도자기 쪽 네 제가 요즘에   찻잔에 꽂혀서 그런 다기 문화 이런 쪽으로 제가 요즘 좀 공부를 하고 있어요.","expression":"p-interest","category":"positive"}],"intent":[{"text":"","expression":"","category":"attitude"}],"summary":{"text":"요즘 저는 도자기 쪽 다기 문화 이런 쪽에 공부를 하고 있는데, 긴 연륜과 경험 속에서 전망은 나쁘지 않다고 생각하며, 다음에 공부를 해 놓고 나중에 투자를 할 수 있지 않을까 라는 비전으로서도 바라보고 있습니다.","wordCount":33}}},"rawDataInfo":{"question":{"fileFormat":"wav","fileSize":304718,"duration":9520,"samplingBit":16,"channelCount":1,"samplingRate":"16kHz","audioPath":"/Mock/01.Management/Female/Experienced/ckmk_q_bm_f_e_160013.wav"},"answer":{"fileFormat":"wav","fileSize":2647758,"duration":82740,"samplingBit":16,"channelCount":1,"samplingRate":"16kHz","audioPath":"/Mock/01.Management/Female/Experienced/ckmk_a_bm_f_e_160013.wav"}}}