{"version":"1.0","dataSet":{"info":{"date":"20230116","occupation":"BM","channel":"MOCK","place":"ONLINE","gender":"FEMALE","ageRange":"35-44","experience":"EXPERIENCED"},"question":{"raw":{"text":"요즘 공부하고 있는 분야가 있다면 무엇인지 한번 말씀을 해 보시고요 또 그동안에 본인의 역량을 키우기 위한 공부를 진행을 하신 적이 있나요","wordCount":21},"emotion":[],"intent":[]},"answer":{"raw":{"text":"네 요즘 공부하고 있는 것에 대해서 말씀드리겠습니다. 어 이제 경영 파트로 오게 되서 이제 여러 가지를 많이 고민하고 있는데 어 어 이제 경영 회사가 어떻게 돌아가는지 원리를 알아야 할 거라 생각을 했었습니다. 그러다 보니까 회사가 결국은 회사의 존재 이유는 이익 창출이 되는 건데 그러 이익 창출하기 위해서는 돈을 알아야 하는 것이고 또 돈을 알려면 자본주의 세상에 대해서 원리를 또 깨달아야 할 것이고 그래서 요즘에는 돈 공부를 많이 하는 것 같습니다. 그러다 보니까 겹쳐져서 재테크에도 관심이 들어가고 그래서 그 부분에 대해서 많이 공부를 하고 있는데 예전에는 뭐 스포츠나 뭐 뭐 가전이나 뭐 이런 데 아이티 부분에 대해서 뉴스를 많이 봤었는데 요즘에는 참 경제에 관련된 뉴스만 계속 보고 있는 것 같습니다. 이 관심사가 그 쪽으로 가다 보니까 계속 그 쪽의 부분에 대해서 공부를 하고 있는 것 같고 당분간은 어 경제나 돈에 대한 원리는 끝이 없겠지만 그 부분에 대해서 터득을 하는 데 있어서는 당분간은 계속 이 경제 부분에 대해서 관심을 갖고 어 접근할 것 같습니다. 그래야 회사에서도 도움이 될 것 같습니다. 네 이상입니다.","wordCount":160},"emotion":[],"intent":[{"text":"","expression":"","category":"attitude"}],"summary":{"text":"경영 파트로 오게 되면서 경영 회사의 원리를 알아야 겠다는 생각을 했고, 그러다 보니 돈 공부를 많이 하게 되었습니다. 그래서 재테크에 대해서도 많이 공부를 하고 있습니다. 당분간은 경제 부분에 대한 원리는 끝이 없겠지만, 그 부분에 대해 터득을 하는 데 있어서는 계속 관심을 갖고 접근할 것입니다. 그래야 회사에서도 도움이 될 것 같습니다.","wordCount":50}}},"rawDataInfo":{"question":{"fileFormat":"wav","fileSize":470798,"duration":14710,"samplingBit":16,"channelCount":1,"samplingRate":"16kHz","audioPath":"/Mock/01.Management/Female/Experienced/ckmk_q_bm_f_e_101801.wav"},"answer":{"fileFormat":"wav","fileSize":2740558,"duration":85640,"samplingBit":16,"channelCount":1,"samplingRate":"16kHz","audioPath":"/Mock/01.Management/Female/Experienced/ckmk_a_bm_f_e_101801.wav"}}}