{"version":"1.0","dataSet":{"info":{"date":"20230116","occupation":"BM","channel":"MOCK","place":"ONLINE","gender":"FEMALE","ageRange":"45-54","experience":"EXPERIENCED"},"question":{"raw":{"text":"면접에 합격에 회사에 들어 오신 후 신입사원 채용 프로세스를 바꿀 기회가 생긴다면 어떻게 바꾸고 싶으신지 말씀해 주시겠습니까","wordCount":17},"emotion":[],"intent":[]},"answer":{"raw":{"text":"네 저 같은 경우에는 만약에 채용 프로세스를 좀 변화시킬 수 있다 라고 한다면 합격 발표를 빨리 줄 것 같습니다. 그 이유는 사실 면접을 보고 나면 면접관들은 채점을 하게 되고 그 채점 점수는 생각보다 빨리 나오는데요. 다른 내부적인 문제들로 인해서 합격자에게 연락이 빨리 가지 않는 경우들이 있습니다. 그래서 저 같은 경우에는 쪼끔 그런 발표들이 빨리 일어나야 면접하는 사람들 입장에서도 다른 면접을 볼 수 있는 기회들이 있기 때문에 더 이득이라고 생각합니다. 그래서 해당 부분은 조금 변화가 있었으면 좋겠습니다.","wordCount":76},"emotion":[],"intent":[{"text":"","expression":"","category":"attitude"}],"summary":{"text":"면접관들이 채점을 하고 점수가 생각보다 빨리 나오는데 다른 문제로 합격자에게 연락이 빨리 가지 않는 경우가 있습니다. 채용 프로세스에 변화가 있다면 합격 발표를 빨리 할 것 같습니다.","wordCount":26}}},"rawDataInfo":{"question":{"fileFormat":"wav","fileSize":538958,"duration":16840,"samplingBit":16,"channelCount":1,"samplingRate":"16kHz","audioPath":"/Mock/01.Management/Female/Experienced/ckmk_q_bm_f_e_247849.wav"},"answer":{"fileFormat":"wav","fileSize":2365518,"duration":73920,"samplingBit":16,"channelCount":1,"samplingRate":"16kHz","audioPath":"/Mock/01.Management/Female/Experienced/ckmk_a_bm_f_e_247849.wav"}}}