{"version":"1.0","dataSet":{"info":{"date":"20230116","occupation":"BM","channel":"MOCK","place":"ONLINE","gender":"FEMALE","ageRange":"35-44","experience":"EXPERIENCED"},"question":{"raw":{"text":"어 상사가 회사의 이익에 반하는 행동을 할 수 있는데요 어 그런 것을 직접 목격했다면 그때 어떻게 행동하실 건가요","wordCount":18},"emotion":[],"intent":[]},"answer":{"raw":{"text":"상사가 회사에 이익에 반하는 행동을 보았다면 저는 좀 엄청난 갈등을 일으킬 것 같습니다. 이는 당연히 잘못되고 나쁜 행동이기 때문에 상부에 보고를 해야 되는 부분이 많지만 이 일을 외부적으로 알렸다가는 제가 또 불이익을 얻을 수 있을 것 같다는 생각에 많은 갈등을 할 것 같습니다. 또한 제가 목격한 것만으로도 확시한 증거가 없기 때문에 만약 상사의 이런 행동이 좀 경미하거나 어 일회성으로 지속적으로 반복되지 않다고 하면은 저는 좀 넘어갈 것 같습니다. 하지만 이 행동으로 인해서 사회적으로 윤리적으로 큰 문제를 일으킴과 동시에 회사에 막대한 손실을 가져다 주면 저는 익명으로 제보를 할 것 같습니다. 제보를 하고 나면 회사 내부적으로 감사가 진행될 것이고 이것이 이슈화되어 적절한 처벌이 내려지기 때문에 저는 제보를 통해서 회사의 이익이 반하는 행동을 하지 못하도록 막을 것 같습니다.","wordCount":115},"emotion":[],"intent":[{"text":"","expression":"","category":"attitude"}],"summary":{"text":"저는 상사의 이런 행동이 윤리적으로 큰 문제를 일으키고 회사에 막대한 손실을 가져다 주면 익명으로 제보를 할 것 같습니다. 이를 제보하면 회사 내부적으로 감사가 진행되고 이것이 이슈화되어 적절한 처벌이 내려지기 때문에 저는 제보를 통해서 회사의 이익이 반하는 행동을 못하도록 막을 수 있을 것입니다.","wordCount":42}}},"rawDataInfo":{"question":{"fileFormat":"wav","fileSize":389838,"duration":12180,"samplingBit":16,"channelCount":1,"samplingRate":"16kHz","audioPath":"/Mock/01.Management/Female/Experienced/ckmk_q_bm_f_e_246036.wav"},"answer":{"fileFormat":"wav","fileSize":1946318,"duration":60820,"samplingBit":16,"channelCount":1,"samplingRate":"16kHz","audioPath":"/Mock/01.Management/Female/Experienced/ckmk_a_bm_f_e_246036.wav"}}}