{"version":"1.0","dataSet":{"info":{"date":"20230116","occupation":"BM","channel":"MOCK","place":"ONLINE","gender":"FEMALE","ageRange":"55-","experience":"EXPERIENCED"},"question":{"raw":{"text":"우리 회사에 들어와 지원자님이 하고 싶은 업무가 있다면 무엇인지 이유와 함께 말씀 부탁드립니다","wordCount":13},"emotion":[],"intent":[]},"answer":{"raw":{"text":"저는 창업을 해서 어 대표로서 사업을 해 본 경험도 있어서 영업이라든가 전반적 총괄 일도 잘 할 수 있고 또 공공 기관에 들어가서 오랫동안 어 취업 지원 관련 업무도 했고 행정 지원 업무도 했으므로 어 행정이나 서무 또 인사 노무 이런 일들도 잘 할 수 있습니다. 그래서 저는 어 전반적인 사업 총괄이나 아니면은 인사 노무와 관련된 그런 일을 하게 된다 라면 저의 행정 경험을 바탕으로 해서 어 잘 진행할 수 있을 것으로 생각합니다.","wordCount":72},"emotion":[],"intent":[{"text":"","expression":"","category":"attitude"}],"summary":{"text":"창업을 해서 운영한 경험이 있어서 전반적인 사업 총괄이나 인사 노무와 관련된 일을 하게 된다면 행정 경험을 바탕으로 잘 진행할 수 있을 것으로 생각합니다.","wordCount":23}}},"rawDataInfo":{"question":{"fileFormat":"wav","fileSize":371278,"duration":11600,"samplingBit":16,"channelCount":1,"samplingRate":"16kHz","audioPath":"/Mock/01.Management/Female/Experienced/ckmk_q_bm_f_e_268135.wav"},"answer":{"fileFormat":"wav","fileSize":1441998,"duration":45060,"samplingBit":16,"channelCount":1,"samplingRate":"16kHz","audioPath":"/Mock/01.Management/Female/Experienced/ckmk_a_bm_f_e_268135.wav"}}}