{"version":"1.0","dataSet":{"info":{"date":"20230116","occupation":"BM","channel":"MOCK","place":"ONLINE","gender":"FEMALE","ageRange":"-34","experience":"EXPERIENCED"},"question":{"raw":{"text":"지원자님께서는 지금까지 여러 대외 활동을 해 보셨을 텐데 대외 활동에서 무엇을 배웠고 또 어떤 자세로 임했는지 궁금합니다 말씀 부탁드립니다","wordCount":19},"emotion":[],"intent":[]},"answer":{"raw":{"text":"네 많은 대외 활동을 해 봤었는데요. 대외 활동에서 저는 사람들의 생각은 다양하고 사람들의 경험은 정말 많구나 라는 걸 느꼈습니다. 내가 경험해보지 못한 거를 이 사람 저 사람에게 들었을 때 많이 도움이 되는 거 제가 확인을 했고 직접 경험을 했고요. 그래서 거기에서 저는 조금은 나의 자세를 낮추는 법을 배웠습니다. 왜냐하면 이렇게 다양한 생각과 다양한 경험을 가진 사람이 만났을 때는 본인의 생각이 아무래도 전부 다 많고 맞고 본인의 세계가 맞다 라고 느끼는 사람들이 대부분입니다. 그래서 그럴 때는 내 입장을 먼저 내세우기보다는 아 이 사람 입장에서는 그렇겠구나 그러면 난 여기서 이렇게 행동하는게 맞겠다 라는 어찌 보면 자세를 낮춘다고 볼 수도 있고요. 또 다 지나 생각해보니까 그거 눈치가 아니고 배려 네 네 고런 쪽으로 더 가깝다고 볼 수 있겠네요. 그래서 그런 배려심을 배웠고 그리고 그 사람들이랑 만날 때도 이 사람들 입장에서 먼저 생각하는 그런 자세로 임했습니다.","wordCount":132},"emotion":[],"intent":[{"text":"","expression":"","category":"attitude"}],"summary":{"text":" 대외 활동을 통해 사람들의 생각은 다양하고 사람들의 경험은 정말 많구나 라는 걸 느꼈습니다.  그렇게 다양한 사람을 만나며 배려심을 배웠고 사람들 입장에서 먼저 생각하는 자세로 임했습니다.","wordCount":25}}},"rawDataInfo":{"question":{"fileFormat":"wav","fileSize":447758,"duration":13990,"samplingBit":16,"channelCount":1,"samplingRate":"16kHz","audioPath":"/Mock/01.Management/Female/Experienced/ckmk_q_bm_f_e_166447.wav"},"answer":{"fileFormat":"wav","fileSize":2163598,"duration":67610,"samplingBit":16,"channelCount":1,"samplingRate":"16kHz","audioPath":"/Mock/01.Management/Female/Experienced/ckmk_a_bm_f_e_166447.wav"}}}