{"version":"1.0","dataSet":{"info":{"date":"20230116","occupation":"BM","channel":"MOCK","place":"ONLINE","gender":"FEMALE","ageRange":"-34","experience":"EXPERIENCED"},"question":{"raw":{"text":"입사 후 근무를 하시면서 정작 지원한 분야가 지원자님과 잘 맞지 않다는 사실을 깨닫게 되신다면 어떻게 하실 것인가요","wordCount":17},"emotion":[],"intent":[]},"answer":{"raw":{"text":"입사 후 근무를 하면서 정작 지원한 분야가 저와 잘 맞지 않을 수 있다고 생각합니다. 저는 실제로 그런 경험이 있다고 생각합니다. 저는 좋아하는 아무리 좋아하는 일이라도 막상 일을 하게 되었을 때 이성과 현실의 차이가 있듯이 그 일에서 괴리감을 느낄 수 있다고 생각합니다. 막상 해보는 것과 상상하는 것은 확연히 차이가 날 수 밖에 없고 저는 그 일을 경험하면서 그 또한 그 일의 현실과 현실이므로 그 일을 받아들이려 노력하고 오히려 그 현황의 문제점 그리고 개선할 부분들을 생각해서 시스템에 대한 개선 방법에 대해 생각할 것입니다. 저는 문제 상황을 깨닫고 저가 생각한 환경과 저와 잘 맞지 않는다고 피하는 것이 아니라 그 환경에서 적응하고 적용할 방법을 생각할 것입니다. 계속 바로 방안을 찾고 문제 상황을 파악하고 도출해 내는 것이 중요하다고 생각합니다. 그 일의 시스템을 개선하도록 저는 앞으로도 계속 노력할 것입니다. 감사합니다.","wordCount":124},"emotion":[],"intent":[{"text":"","expression":"","category":"attitude"}],"summary":{"text":"저는 좋아하는 일이라도 막상 일을 하게 되었을 때 이성과 현실의 차이가 있다고 생각합니다. 그 일의 현실과 현실이므로 그 일을 받아들이려 노력하고 그 현황의 문제점과 개선할 부분들을 생각해서 시스템에 대한 개선 방법에 대해 생각할 것입니다. 계속 바로 방안을 찾고 문제 상황을 파악하고 도출해 내는 것이 중요합니다.","wordCount":45}}},"rawDataInfo":{"question":{"fileFormat":"wav","fileSize":510798,"duration":15960,"samplingBit":16,"channelCount":1,"samplingRate":"16kHz","audioPath":"/Mock/01.Management/Female/Experienced/ckmk_q_bm_f_e_180556.wav"},"answer":{"fileFormat":"wav","fileSize":2445518,"duration":76420,"samplingBit":16,"channelCount":1,"samplingRate":"16kHz","audioPath":"/Mock/01.Management/Female/Experienced/ckmk_a_bm_f_e_180556.wav"}}}