{"version":"1.0","dataSet":{"info":{"date":"20230116","occupation":"BM","channel":"MOCK","place":"ONLINE","gender":"FEMALE","ageRange":"35-44","experience":"EXPERIENCED"},"question":{"raw":{"text":"일을 하다가 중국으로 출장을 가게 될 일이 생길 수도 있습니다 그때 중국으로 출장을 가는 것도 괜찮으신가요","wordCount":16},"emotion":[],"intent":[]},"answer":{"raw":{"text":"물론 여자 혼자 중국으로 해외 출장을 간다던지 좀 개발도상국으로 가는 입장은 조금 안전상 위험할 수도 있다 라는 생각을 하고 있습니다. 다만 너무 위험한 지역이 아니라면은 저는 도서상관 지역 오지라도 상관없이 혼자서 잘 찾아갈 수 있다는 자신감이 있습니다. 그 이유는 제가 어렸을 때부터 정말 많은 곳에 직접 배낭여행을 다녔었던 기억인데요. 저는 삼십 일 간 무전취식으로 음 직접 국토 대장정을 해봤던 그런 와일드한 경험도 있고 혹은 제가 대학 시절에 배낭여행으로 유럽에 갔을 때는 직접 히치하이킹을 통해서 많은 교통비들을 아껴 었던 그런 재미있는 에피소드들이 있습니다. 그래서 좀 여자라는 점 때문에 이런 직무에 적합할까 라는 의문이 드실 수도 있겠지만 저 같은 경우에는 해외 출장에 가서도 혼자 지사에 잘 찾아갈 수 있을 만큼 굉장히 정보 써치 능력도 뛰어난 편이기 때문에 그 부분에 대해서는 너무 우려를 표하지 않으셔도 괜찮습니다.","wordCount":123},"emotion":[],"intent":[{"text":"저는 삼십 일 간 무전취식으로 음 직접 국토 대장정을 해봤던 그런 와일드한 경험도 있고 혹은 제가 대학 시절에 배낭여행으로 유럽에 갔을 때는 직접 히치하이킹을 통해서 많은 교통비들을 아껴 었던 그런 재미있는 에피소드들이 있습니다.","expression":"c_private","category":"background"}],"summary":{"text":"저 같은 경우에는 해외 출장에 가서도 혼자 지사에 잘 찾아갈 수 있을 만큼 굉장히 정보 써치 능력도 뛰어난 편이기 때문에 그 부분에 대해서는 너무 우려를 표하지 않아도 괜찮습니다.","wordCount":28}}},"rawDataInfo":{"question":{"fileFormat":"wav","fileSize":318798,"duration":9960,"samplingBit":16,"channelCount":1,"samplingRate":"16kHz","audioPath":"/Mock/01.Management/Female/Experienced/ckmk_q_bm_f_e_209689.wav"},"answer":{"fileFormat":"wav","fileSize":2579918,"duration":80620,"samplingBit":16,"channelCount":1,"samplingRate":"16kHz","audioPath":"/Mock/01.Management/Female/Experienced/ckmk_a_bm_f_e_209689.wav"}}}