{"version":"1.0","dataSet":{"info":{"date":"20230116","occupation":"BM","channel":"MOCK","place":"ONLINE","gender":"FEMALE","ageRange":"-34","experience":"EXPERIENCED"},"question":{"raw":{"text":"만약 타 부서와 갈등 상황이 발생한다면 어떻게 행동하시겠습니까 상황을 가정하고 말씀해 주시기 바랍니다","wordCount":13},"emotion":[],"intent":[]},"answer":{"raw":{"text":"어 타 부서와 갈등이 생긴다면은 어 저는 갈등이 일어난 이유가 무엇인지 곰곰히 생각해보고 어 그 문제에 대해서 한 번 타 부서와 다시 한 번 어 편안한 환경에서 한번 이야기해 볼 것 같습니다. 어 커피나 뭐 빵을 먹는 간단한 자리에서 어 일상적인 이야기를 하면서 어 갈등에 대한 문제에 대해서도 한번 이야기해 보면서 편안한 분위기에서 풀어볼 수 있을 것 같습니다.","wordCount":58},"emotion":[],"intent":[{"text":"어 타 부서와 갈등이 생긴다면은 어 저는 갈등이 일어난 이유가 무엇인지 곰곰히 생각해보고 어 그 문제에 대해서 한 번 타 부서와 다시 한 번 어 편안한 환경에서 한번 이야기해 볼 것 같습니다.","expression":"c_confl_mg","category":"personality"},{"text":"어 커피나 뭐 빵을 먹는 간단한 자리에서 어 일상적인 이야기를 하면서 어 갈등에 대한 문제에 대해서도 한번 이야기해 보면서 편안한 분위기에서 풀어볼 수 있을 것 같습니다.","expression":"c_confl_mg","category":"personality"}],"summary":{"text":"타 부서와 갈등 발생 시, 갈등의 이유를 곰곰히 생각해보고 편안한 환경에서 다시 한번 이야기해 보면서 편안한 분위기에서 풀어볼 수 있을 것 같습니다.","wordCount":22}}},"rawDataInfo":{"question":{"fileFormat":"wav","fileSize":361038,"duration":11280,"samplingBit":16,"channelCount":1,"samplingRate":"16kHz","audioPath":"/Mock/01.Management/Female/Experienced/ckmk_q_bm_f_e_236409.wav"},"answer":{"fileFormat":"wav","fileSize":1114638,"duration":34830,"samplingBit":16,"channelCount":1,"samplingRate":"16kHz","audioPath":"/Mock/01.Management/Female/Experienced/ckmk_a_bm_f_e_236409.wav"}}}