{"version":"1.0","dataSet":{"info":{"date":"20230116","occupation":"BM","channel":"MOCK","place":"ONLINE","gender":"FEMALE","ageRange":"35-44","experience":"EXPERIENCED"},"question":{"raw":{"text":"지원자님께서 생각하시기에 지원자님에 단점이 있다면 말씀해 주시기 바랍니다 그리고 이 단점을 보완하기 위해서 하셨던 노력이 있다면 함께 말씀해 주세요","wordCount":19},"emotion":[],"intent":[]},"answer":{"raw":{"text":"네 저의 단점을 꼽자고 하면 성격이 좀 급하고 빠르다고 말씀을 드리고 싶습니다. 어 어렸을 때부터 워낙 조금 이렇게 빠르게 움직였구요 성격이 급해서 어떤 일을 처리할 때 조금 빨리빨리 해야 되는 그런 성격을 가지고 고 있습니다. 그래서 업무를 할 때도 조금 다른 사람보다 빨리 처리를 하는 편이긴 한데요. 어 그래서 다른 사람이 뭐 한 시간 걸릴 분량을 전 삼십 분 사십 분 이내에 해 놓고 또 다른 업무를 하는 게 가능합니다. 어 그리고 이렇게 일을 하다보면 아무래도 어 속도도 높아지고 효율성이 오히려 저는 더 높아진다고 보는데요. 어 시간이 오래 걸린다고 해서 그 업무의 효율성이 높거나 잘하는 게 아니고 효율적으로 잘 그 시간 배분을 잘 해야 한다고 생각을 합니다. 어 그리고 제 개인적으로 어 집에서 일을 하거나 아니면 다른 일을 할 때도 조금 빨리빨리 성격이 급한 측면이 있는데요. 하지만 다른 사람이 봤을 때는 조금 어 일을 할 때 다른 사람과 속도를 맞추기 어려운 부분이 있습니다. 그렇기 때문에 저도 회사 생활을 하면서 이런 점들을 조금 다른 사람과 보완하기 위해서 밸런스를 맞추고 다른 사람의 속도에도 귀를 기울이고 업무를 진행하는 편입니다.","wordCount":166},"emotion":[],"intent":[{"text":"네 저의 단점을 꼽자고 하면 성격이 좀 급하고 빠르다고   말씀을 드리고 싶습니다.","expression":"c_person","category":"background"},{"text":"어 어렸을 때부터 워낙 조금 이렇게 빠르게 움직였구요   성격이 급해서 어떤 일을 처리할 때 조금 빨리빨리 해야 되는 그런 성격을 가지고   고 있습니다.","expression":"c_person","category":"background"},{"text":"어 그리고 제 개인적으로   어 집에서 일을 하거나 아니면 다른 일을 할 때도 조금 빨리빨리 성격이   급한 측면이 있는데요.","expression":"c_person","category":"background"}],"summary":{"text":"저는 성격이 급하고 빠르다는 단점을 가지고 있습니다. 하지만 다른 사람과의 밸런스를 맞추고 다른 사람의 속도에도 귀를 기울이고 업무를 진행하는 편입니다.","wordCount":20}}},"rawDataInfo":{"question":{"fileFormat":"wav","fileSize":599758,"duration":18740,"samplingBit":16,"channelCount":1,"samplingRate":"16kHz","audioPath":"/Mock/01.Management/Female/Experienced/ckmk_q_bm_f_e_120638.wav"},"answer":{"fileFormat":"wav","fileSize":2767438,"duration":86480,"samplingBit":16,"channelCount":1,"samplingRate":"16kHz","audioPath":"/Mock/01.Management/Female/Experienced/ckmk_a_bm_f_e_120638.wav"}}}