{"version":"1.0","dataSet":{"info":{"date":"20230116","occupation":"BM","channel":"MOCK","place":"ONLINE","gender":"FEMALE","ageRange":"45-54","experience":"EXPERIENCED"},"question":{"raw":{"text":"어 지원자님께서는 어 이 직무에 지원한 이유가 무엇인지 어 말씀해 주시고 본인이 왜 적합한 인재인지 어 설명도 부탁드립니다","wordCount":18},"emotion":[],"intent":[]},"answer":{"raw":{"text":"제가 이 직무에 지원한 이유는 제가 가지고 있는 몇 가지 업무 장점 때문인데요. 저 같은 경우에는 어떤 환경에서든지 잘 적응하고 또 나아가서 내가 하는 업무에서 굉장히 책임감이 있다는 점이 제 가장 큰 업무 강점이라고 생각합니다. 제가 지금 지원하는 직무에서는 출장들을 다닐 일도 많고 그리고 다른 동료들 그리고 다른 외부 기관들과 함께 협력을 하고 또 나아가서 계속해서 커뮤니케이션을 해야 되는 그런 직무라고 제가 미리 설명을 들었었습니다. 해당 부분이 맞다 라면은 저는 업무를 진행할 때 사교성이 좋고 또 낯선 공간에서도 빠르게 잘 적응하는 그런 부분이 가장 필요로 하는 점이라고 생각을 했는데요. 그래서 제가 가지고 있는 이런 이러한 업무 능력들을 잘 발휘할 수 있는 곳이라고 생각하여 지원하게 되었습니다.","wordCount":105},"emotion":[],"intent":[{"text":"","expression":"","category":"attitude"}],"summary":{"text":"이 직무에 지원한 이유는 어떤 환경에서든지 잘 적응하고 또 제가 하는 업무에서 굉장히 책임감이 있다는 점이 가장 큰 업무 강점이라고 생각하기 때문입니다. 업무 진행 시 사교성이 좋고 또 낯선 공간에서도 빠르게 잘 적응하는 부분이 가장 필요로 하는 점입니다.","wordCount":38}}},"rawDataInfo":{"question":{"fileFormat":"wav","fileSize":476878,"duration":14900,"samplingBit":16,"channelCount":1,"samplingRate":"16kHz","audioPath":"/Mock/01.Management/Female/Experienced/ckmk_q_bm_f_e_191830.wav"},"answer":{"fileFormat":"wav","fileSize":2459598,"duration":76860,"samplingBit":16,"channelCount":1,"samplingRate":"16kHz","audioPath":"/Mock/01.Management/Female/Experienced/ckmk_a_bm_f_e_191830.wav"}}}