{"version":"1.0","dataSet":{"info":{"date":"20230116","occupation":"BM","channel":"MOCK","place":"ONLINE","gender":"FEMALE","ageRange":"35-44","experience":"EXPERIENCED"},"question":{"raw":{"text":"어 소통 능력을 키우기 위해서 어떤 일들을 할 수 있을까요 어 지원자님이 생각하시기에 어 생각나는 방법들을 자세하게 말해 주시길 바랍니다","wordCount":20},"emotion":[],"intent":[]},"answer":{"raw":{"text":"사람들과 소통 능력을 키우기 위해서 다양한 분야에 대해서 공부를 하고 있습니다. 뭐 사실 비슷한 주제와 관심을 가진 사람들과의 만남에서는 대화에 크게 부담이 없겠지만 업무를 하다 보면 불특정 다수와 다양한 방면의 주제를 풀어나가야 하는 경우가 많이 생깁니다. 그것이 제가 잘 알지 못하는 분야일 수도 있고 흥미가 없는 분야일 수도 있지만 그래도 상대방과 소통해 나가기 위해서는 다양한 주제를 알아야지만 풀어나갈 수 있기 때문에 제 관심사 이외에도 분야별로 나이별로 세분화되어있는 인터넷 커뮤니티를 찾아서 올라온 글을 읽으면서 요즘은 공통적이고 보편화된 관심이 무엇인지를 좀 알아 보며 시대에 뒤처지지 않게 노력하고 있습니다. 그리고 처음 만난 사람들과의 소통에서도 원활할 수 있게 재미있는 글이나 또는 최근에 이슈 되어지고 있는 기사 등을 활용하여 자연스럽고 소통을 하고자 노력합니다. 또한 다양한 사람들을 만나기 위해서 뭐 동요 동호회 활동이라던가 스터디 그룹 등을 만들어서 소통을 통해 서로의 생각을 공유하고 있습니다.","wordCount":127},"emotion":[],"intent":[{"text":"","expression":"","category":"attitude"}],"summary":{"text":"업무 수행 시 불특정 다수와 다양한 주제를 풀어야 하는 경우가 많은데, 이를 위해 인터넷 커뮤니티의 글을 읽으며 시대에 뒤처지지 않게 노력하고 있습니다. 그리고 재미있는 글이나 최근 기사, 동요 동호회, 스터디 그룹 등을 활용해 서로의 생각을 공유합니다.","wordCount":36}}},"rawDataInfo":{"question":{"fileFormat":"wav","fileSize":470798,"duration":14710,"samplingBit":16,"channelCount":1,"samplingRate":"16kHz","audioPath":"/Mock/01.Management/Female/Experienced/ckmk_q_bm_f_e_246034.wav"},"answer":{"fileFormat":"wav","fileSize":2172878,"duration":67900,"samplingBit":16,"channelCount":1,"samplingRate":"16kHz","audioPath":"/Mock/01.Management/Female/Experienced/ckmk_a_bm_f_e_246034.wav"}}}