{"version":"1.0","dataSet":{"info":{"date":"20230116","occupation":"BM","channel":"MOCK","place":"ONLINE","gender":"FEMALE","ageRange":"35-44","experience":"EXPERIENCED"},"question":{"raw":{"text":"어 지원자님의 십 년 후의 미래는 어떨 것 같습니까 계속 저희 회사에 다닐 것 같다고 생각하십니까","wordCount":16},"emotion":[],"intent":[]},"answer":{"raw":{"text":"저는 앞으로 일 년 동안은 신입으로서 성실하게 선배님들의 가르침을 따를 것 같습니다. 회사의 분위기 기술 노하우 등을 습득하고 향후 이 삼 년 동안은 그렇게 배운 기술 기술들을 연마하고 다지는 데 노력할 것입니다. 삼 년 차가 되었을 때는 저의 꼼꼼한 성격을 바탕으로 실무자로서 기회가 된다면 신입들을 가르치는 사수의 역할도 한 번 해보고 싶습니다. 또한 육 년 차 이후부터는 향후 십 년을 준비하는 중요한 중간 관리자 역할이 를 할 수 있을 것 같은데요. 설계 기술과 향후 예상되는 업계 변화에 대비하여 음 제가 만약 입사를 하게 된다면 입사 후에 현실에 안주하지 않고 꾸준히 학습하며 성장하고 도움이 되는 직원이 되도록 노력하겠습니다.","wordCount":97},"emotion":[],"intent":[{"text":"설계 기술과 향후 예상되는 업계 변화에 대비하여 음 제가 만약 입사를 하게 된다면 입사 후에 현실에 안주하지 않고 꾸준히 학습하며 성장하고 도움이 되는 직원이 되도록 노력하겠습니다.","expression":"c_sincere_co","category":"etc"}],"summary":{"text":"저는 앞으로 일 년 동안은 신입으로서 회사의 분위기 기술 노하우 등을 습득하고 삼 년 차는 실무자로서 신입들을 가르치는 사수의 역할도 하고 육 년 차 이후부터는 중요한 중간 관리자의 역할을 할 수 있도록 노력하겠습니다.","wordCount":33}}},"rawDataInfo":{"question":{"fileFormat":"wav","fileSize":250958,"duration":7840,"samplingBit":16,"channelCount":1,"samplingRate":"16kHz","audioPath":"/Mock/01.Management/Female/Experienced/ckmk_q_bm_f_e_204584.wav"},"answer":{"fileFormat":"wav","fileSize":1854158,"duration":57940,"samplingBit":16,"channelCount":1,"samplingRate":"16kHz","audioPath":"/Mock/01.Management/Female/Experienced/ckmk_a_bm_f_e_204584.wav"}}}