{"version":"1.0","dataSet":{"info":{"date":"20230116","occupation":"BM","channel":"MOCK","place":"ONLINE","gender":"FEMALE","ageRange":"55-","experience":"EXPERIENCED"},"question":{"raw":{"text":"어 만약 지원자님께서 이 직무에 지원을 하셨지만 어 다른 부서에 배치가 되실 수도 있습니다 어 그렇게 될 경우에 어떻게 대처를 하실 건가요 어 그래도 괜찮으신가요","wordCount":25},"emotion":[],"intent":[]},"answer":{"raw":{"text":"네 다른 부서 라면은 제가 기대했던 그런 부서 배치와는 달라서 조금은 섭섭한 마음이 들 것 같습니다. 다만 저는 인사 부서에서 배치되는 대로 먼저 배정을 받은 그 부서에서 최선을 다해서 제 능력을 보여 줄 것 같습니다. 어떤 곳이든지 내가 가지고 있는 능력을 잘 보여줘야 팀에 인정받을 수 있다 라고 생각을 하고 있고 또한 인정받아야만 다른 부서에서도 저를 데리고 가고 싶다 라고 생각할 것 같기 때문입니다. 그래서 저는 주어진 위치에서 최 최상의 능력을 발휘할 수 있도록 그 부분에 화력을 집중할 것 같습니다.","wordCount":80},"emotion":[],"intent":[{"text":"","expression":"","category":"attitude"}],"summary":{"text":"저는 인사 부서에서 배치되는 대로 먼저 배정을 받은 그 부서에서 최선을 다해서 제 능력을 보여 줄 것 같습니다. 그리고 주어진 위치에서 최 최상의 능력을 발휘할 수 있도록 그 부분에 화력을 집중할 것입니다.","wordCount":32}}},"rawDataInfo":{"question":{"fileFormat":"wav","fileSize":576078,"duration":18000,"samplingBit":16,"channelCount":1,"samplingRate":"16kHz","audioPath":"/Mock/01.Management/Female/Experienced/ckmk_q_bm_f_e_243987.wav"},"answer":{"fileFormat":"wav","fileSize":2246478,"duration":70200,"samplingBit":16,"channelCount":1,"samplingRate":"16kHz","audioPath":"/Mock/01.Management/Female/Experienced/ckmk_a_bm_f_e_243987.wav"}}}