{"version":"1.0","dataSet":{"info":{"date":"20230116","occupation":"BM","channel":"MOCK","place":"ONLINE","gender":"FEMALE","ageRange":"45-54","experience":"EXPERIENCED"},"question":{"raw":{"text":"만약 지원자님께서 게임속 캐릭터라면 지원자님은 어떤 게임에서 어떤 역할을 맡아서 수행하고 싶으신지 설명과 이야기해 주세요","wordCount":15},"emotion":[],"intent":[]},"answer":{"raw":{"text":"제가 께임을 진짜 안해서 진짜 께임을 잘 모르거든요. 근데 제가 유일하게 했던 께임이 카트라이더였는데 저는 만약에 한다면 그 캐릭터가 되면 재미있을 것 같다는 생각이 들기는 했었어요. 뭔가 그 질주하는 게 현실 세계에서는 굉장히 불가능한 일이고 게임 속에서 만약에 내가 그 캐릭터로 있다면 어쨌든 어떤 그 유저를 만나느냐에 따라서 저의 능력치가 달라지겠지만 그래도 기본적으로 굉장히 빠른 속도로 내려고 노력하는 거잖아요. 그런 점에서 저는 그 캐릭터를 한번 해보고 싶긴 합니다.","wordCount":68},"emotion":[],"intent":[{"text":"","expression":"","category":"attitude"}],"summary":{"text":"카트라이더는 현실 세계에서는 불가능한 일이고, 게임 속에서 그 캐릭터로 있다면 상당히 빠른 속도로 내려고 노력할 것이라는 점에서 저는 그 캐릭터를 해보고 싶습니다.","wordCount":22}}},"rawDataInfo":{"question":{"fileFormat":"wav","fileSize":501198,"duration":15660,"samplingBit":16,"channelCount":1,"samplingRate":"16kHz","audioPath":"/Mock/01.Management/Female/Experienced/ckmk_q_bm_f_e_156505.wav"},"answer":{"fileFormat":"wav","fileSize":1687758,"duration":52740,"samplingBit":16,"channelCount":1,"samplingRate":"16kHz","audioPath":"/Mock/01.Management/Female/Experienced/ckmk_a_bm_f_e_156505.wav"}}}