{"version":"1.0","dataSet":{"info":{"date":"20230116","occupation":"BM","channel":"MOCK","place":"ONLINE","gender":"FEMALE","ageRange":"35-44","experience":"EXPERIENCED"},"question":{"raw":{"text":"면접자님께서 업무시 분쟁이 발생할 때를 대비한 면접자님만의 대처법이 있나요 있다면 무엇인지 궁금합니다","wordCount":12},"emotion":[],"intent":[]},"answer":{"raw":{"text":"업무 시 분쟁이 발생할 때를 대비한 저만의 대처법이 있습니다. 첫 번째로 경청입니다. 많은 사람들이 함께 협업을 진행함에 있어서 그 분쟁을 발생하기 위해서 경청을 통해서 각각의 원하는 사항을 일단 머릿속에 정리해 둡니다. 그리고 스케줄을 잘 짜는 것입니다. 마감 시간이라던지 그 각각의 회의 시간에 참석할 수 있는 스케줄에서의 분쟁도 있기 때문에 준비적인 측면으로 각각의 스케줄을 확인하고 마감 시간을 확인하는 등 분쟁의 소지가 있을 만한 것은 미리미리 정리하는 스타일입니다. 경청과 그리고 계획을 통한 점이 있고 또 갈등을 대비하여서 각각의 원하는 점이 무엇인지 사전에 좀 체크 하는 스타일입니다. 예상 각각이 원하는 점을 알고 있다면 나중에 분쟁이 일어나더라도 타협을 볼 수 있을 때 그것을 활용하여서 적당히 타협을 할 수 있고 일이 더 커지기 전에 정리가 되기 때문입니다. 저만의 대처법은 경청 계획 타협 소통입니다.","wordCount":118},"emotion":[],"intent":[{"text":"마감 시간이라던지 그 각각의 회의 시간에 참석할 수 있는 스케줄에서의 분쟁도 있기 때문에 준비적인 측면으로 각각의 스케줄을 확인하고 마감 시간을 확인하는 등 분쟁의 소지가 있을 만한 것은 미리미리 정리하는 스타일입니다.","expression":"m_sche","category":"technology"},{"text":"경청과 그리고 계획을 통한 점이 있고 또 갈등을 대비하여서 각각의 원하는 점이 무엇인지 사전에 좀 체크 하는 스타일입니다.","expression":"m_sche","category":"technology"},{"text":"예상 각각이 원하는 점을 알고 있다면 나중에 분쟁이 일어나더라도 타협을 볼 수 있을 때 그것을 활용하여서 적당히 타협을 할 수 있고 일이 더 커지기 전에 정리가 되기 때문입니다.","expression":"m_sche","category":"technology"}],"summary":{"text":"업무 시 분쟁이 발생할 때를 대비한 저만의 대처법은 경청을 통해 각각의 원하는 점이 무엇인지 사전에 체크하여 갈등을 대비하는 스타일입니다.","wordCount":19}}},"rawDataInfo":{"question":{"fileFormat":"wav","fileSize":368078,"duration":11500,"samplingBit":16,"channelCount":1,"samplingRate":"16kHz","audioPath":"/Mock/01.Management/Female/Experienced/ckmk_q_bm_f_e_173782.wav"},"answer":{"fileFormat":"wav","fileSize":2829838,"duration":88430,"samplingBit":16,"channelCount":1,"samplingRate":"16kHz","audioPath":"/Mock/01.Management/Female/Experienced/ckmk_a_bm_f_e_173782.wav"}}}