{"version":"1.0","dataSet":{"info":{"date":"20230116","occupation":"BM","channel":"MOCK","place":"ONLINE","gender":"FEMALE","ageRange":"-34","experience":"EXPERIENCED"},"question":{"raw":{"text":"지원자님께서는 지금까지 여러 가지 대외 활동을 하셨을 텐데 대외 활동을 할 때에 지원자님께서는 어떤 것을 배웠고 또 어떤 자세로 활동을 할 때 임했는지 저희에게 한 번 말씀해 주시기 바랍니다","wordCount":29},"emotion":[],"intent":[]},"answer":{"raw":{"text":"대외 활동을 할 때는 그 조직의 공통의 목적 공통의 목표가 무엇인지를 잊지 않기 위해 가장 노력을 했던 것 같습니다. 음 아무래도 참여하는 인원들이 많은 활동이다 보니까 전체가 공통의 목적을 가지고 가지고 어 일사불란하게 활동을 할 수 있어야 저희가 공통의 목표를 이룰 수 있는데 그렇지 않은 경우들일 경우 좀 조직의 원래 목표가 좀 훼손될 수 있고 조직의 가치가 훼손될 수 있는 경험이 있기 때문에 그런 것들을 좀 봐왔기 때문에 그러지 않기 위해서 좀 노력을 많이 했던 거 같습니다. 일례로 제가 대학생 때 해외 집짓기 봉사 활동을 했었는데 제가 집짓기라는 활동을 통해서 봉사를 하는 것인데 해외에서 하는 활동이다 보니 그 원래 봉사 활동이라는 목적을 잊고 좀 놀러 왔다는 느낌을 풍기는 듯한 그런 일행들이 어 팀 내 공통의 목표를 목표 가치를 훼손을 하고 팀내 분위기를 많이 훼손하는 것을 보면서 아쉬움을 많이 느꼈기 때문에 음 항상 어떤 대외 활동이나 또 단체 활동을 할 때는 우리 공통의 목적이 무엇인지를 잊지 않기 위해 어 노력을 많이 했던 것 같습니다.","wordCount":153},"emotion":[],"intent":[{"text":"","expression":"","category":"attitude"}],"summary":{"text":"대외 활동 시에는 공통의 목적, 공통의 목표를 잊지 않기 위해 노력을 많이 했습니다. 일례로 해외 집짓기 봉사 활동 시 봉사라는 목적을 잊고 방문한 듯한 일행들이 공통 목표를 가치하게 훼손하는 것을 보면서 아쉬움을 많이 느꼈습니다. 항상 어떤 대외 활동이나 단체 활동을 할 때는 우리 공통의 목적이 무엇인지를 잊지 않으려고 많이 노력했습니다.","wordCount":50}}},"rawDataInfo":{"question":{"fileFormat":"wav","fileSize":544078,"duration":17000,"samplingBit":16,"channelCount":1,"samplingRate":"16kHz","audioPath":"/Mock/01.Management/Female/Experienced/ckmk_q_bm_f_e_173521.wav"},"answer":{"fileFormat":"wav","fileSize":2276558,"duration":71140,"samplingBit":16,"channelCount":1,"samplingRate":"16kHz","audioPath":"/Mock/01.Management/Female/Experienced/ckmk_a_bm_f_e_173521.wav"}}}