{"version":"1.0","dataSet":{"info":{"date":"20230116","occupation":"BM","channel":"MOCK","place":"ONLINE","gender":"FEMALE","ageRange":"55-","experience":"EXPERIENCED"},"question":{"raw":{"text":"팀으로 일하는 것과 혼자 일하는 것 중 무엇을 더 선호하는지 이유와 함께 말씀해 주세요","wordCount":14},"emotion":[],"intent":[]},"answer":{"raw":{"text":"저는 여러 사람과 함께 근무하는 것을 더 선호하는 편입니다. 그 이유는 동료들과 함께 근무할 때 긍정적인 에너지들을 많이 얻기 때문인데요. 그런 과정들을 통해서 저는 동료들과 더 친해지기도 하고 때로는 격렬하게 토론을 하기도 하지만 결과적으로 항상 좋은 성과를 내는 것은 팀웍이 좋을 때인 것 같습니다.","wordCount":44},"emotion":[],"intent":[{"text":"그런 과정들을 통해서 저는 동료들과 더 친해지기도 하고 때로는 격렬하게 토론을 하기도 하지만 결과적으로 항상 좋은 성과를 내는 것은 팀웍이 좋을 때인 것 같습니다.","expression":"c_cop","category":"personality"}],"summary":{"text":"저는 여러 사람과 함께 근무할 때 긍정적인 에너지들을 많이 얻기 때문에 팀웍이 좋은 때 좋은 성과를 내는 것 같습니다. 이는 팀워크가 좋은 때입니다.","wordCount":23}}},"rawDataInfo":{"question":{"fileFormat":"wav","fileSize":268878,"duration":8400,"samplingBit":16,"channelCount":1,"samplingRate":"16kHz","audioPath":"/Mock/01.Management/Female/Experienced/ckmk_q_bm_f_e_248796.wav"},"answer":{"fileFormat":"wav","fileSize":1786318,"duration":55820,"samplingBit":16,"channelCount":1,"samplingRate":"16kHz","audioPath":"/Mock/01.Management/Female/Experienced/ckmk_a_bm_f_e_248796.wav"}}}