{"version":"1.0","dataSet":{"info":{"date":"20230116","occupation":"BM","channel":"MOCK","place":"ONLINE","gender":"FEMALE","ageRange":"-34","experience":"EXPERIENCED"},"question":{"raw":{"text":"지원자님께서는 특별히 가고 싶은 회사가 있으신가요 특정 도메인이 중요한지 아니면 회사의 분위기가 중요한지 지원자님께서 중점적으로 보시는 게 무엇인지 궁금합니다","wordCount":19},"emotion":[],"intent":[]},"answer":{"raw":{"text":"네 저는 회사의 분위기를 많이 보는 편이고요. 아무래도 사람이 정말 중요하지 않습니까 일을 할 때 그런데 이 사람을 귀하게 보지 않는 회사들도 저는 만나봤었습니다. 그래서 약간 사람에 대해서 그 소중함을 알고 휴게시간이라든지 아니면 이 사람의 발전 가능성을 알고 지원해 주는 그런 조금은 따수한 따수한 좀 웃기는 말이네요. 따수운 분위기에 회사를 선호하고요. 제가 봤었을 때 여기 회사는 그러한 평가도 좋았었고 사람 간의 분위기도 좋다고 들었습니다. 그래서 특별히 가고 싶은 회사가 있다면 지금 제가 면접해 보는 이 회사일 수 있겠고 저는 회사의 분위기를 중요하다고 말씀드릴 수 있을 것 같습니다.","wordCount":87},"emotion":[],"intent":[{"text":"","expression":"","category":"attitude"}],"summary":{"text":"사람 간의 분위기와 소중함을 알고 휴게시간이나 발전 가능성을 알고 지원해 주는 따수운 회사 분위기를 선호하는 저는 특별히 가고 싶은 회사가 있다면 면접해 보는 이 회사일 수 있겠고 저는 회사의 분위기를 중요하다고 말씀을 할 수 있을 것 같습니다.","wordCount":37}}},"rawDataInfo":{"question":{"fileFormat":"wav","fileSize":581198,"duration":18160,"samplingBit":16,"channelCount":1,"samplingRate":"16kHz","audioPath":"/Mock/01.Management/Female/Experienced/ckmk_q_bm_f_e_166375.wav"},"answer":{"fileFormat":"wav","fileSize":1480398,"duration":46260,"samplingBit":16,"channelCount":1,"samplingRate":"16kHz","audioPath":"/Mock/01.Management/Female/Experienced/ckmk_a_bm_f_e_166375.wav"}}}