{"version":"1.0","dataSet":{"info":{"date":"20230116","occupation":"BM","channel":"MOCK","place":"ONLINE","gender":"FEMALE","ageRange":"35-44","experience":"EXPERIENCED"},"question":{"raw":{"text":"지원자님께서 이전 직장을 그만둔 특별한 이유가 있나요 지원자님이 그리고 현 직장도 같은 이유로 그만둘 가능성이 있을까요 설명과 말씀 해주세요","wordCount":19},"emotion":[],"intent":[]},"answer":{"raw":{"text":"네 저는 전에 회사에서 나름 만족을 하면서 잘 다녔습니다. 어 제 스스로 업무에 대해서 여러 가지 만족감을 느끼기도 했구요. 그리고 제가 하는 업무 에 대해서 집중도도 높아서 여러 가지로 준비할 수 있는 게 많았습니다. 하지만 제가 이직을 해야겠다고 본격적으로 생각한 건 어 그 회사에 대한 불만 있거나 아니면 만족스럽게 못한 부분이 있어서 그런 건 아니구요. 어 제 스스로 조금 더 좋은 회사 그리고 큰 회사에 가서 업무를 좀 레벨 업을 시키고 싶다 라는 생각이 들었기 때문에 네 이렇게 어 이직을 결정을 하게 됐습니다. 그래서 전 직장에서 어떤 불만이 있었던 건 아니고 성장 가능성에 대한 고민 때문에 이직을 결심 했기 때문에 이번 직장에서도 단기간에 제가 그만둘 것 같지는 않습니다. 제가 입사를 하게 된다면 아무래도 더 성장할 수 있고 또 배울 점도 많을 거라고 생각이 되기 때문에 어 저는 이번 회사에 대해서 이직을 한다기보다 어 최대한 열심히 하고 또 여러 가지를 배울 점들을 배워서 더 도약하고 성장하는 데 초점을 맞춰 회사를 다닐 예정입니다. 그래서 전 회사에도 좀 아쉽긴 하지만 더 큰 기회 위해서 그만둔 만큼 앞으로 더 발전할 수 있는 사람이 되도록 노력할 생각입니다.","wordCount":172},"emotion":[],"intent":[{"text":"","expression":"","category":"attitude"}],"summary":{"text":"저는 회사에서 만족하며 잘 다녔지만 이직을 생각하게 된 건 조금 더 좋은 회사나 큰 회사에 가서 업무를 레벨 업 시키고 싶다 라는 생각이 들었기 때문입니다. 이직을 통해 더 성장해서 더 발전할 수 있는 사람이 되도록 노력할 계획입니다.","wordCount":37}}},"rawDataInfo":{"question":{"fileFormat":"wav","fileSize":415118,"duration":12970,"samplingBit":16,"channelCount":1,"samplingRate":"16kHz","audioPath":"/Mock/01.Management/Female/Experienced/ckmk_q_bm_f_e_175873.wav"},"answer":{"fileFormat":"wav","fileSize":2854798,"duration":89210,"samplingBit":16,"channelCount":1,"samplingRate":"16kHz","audioPath":"/Mock/01.Management/Female/Experienced/ckmk_a_bm_f_e_175873.wav"}}}