{"version":"1.0","dataSet":{"info":{"date":"20230116","occupation":"BM","channel":"MOCK","place":"ONLINE","gender":"FEMALE","ageRange":"-34","experience":"EXPERIENCED"},"question":{"raw":{"text":"평소에 개인 작업을 많이 하시는 편인가요 만약 개인 작업을 많이 하시게 하신다면 그렇게 할 수 있는 원동력은 무엇이라고 생각하시나요","wordCount":19},"emotion":[],"intent":[]},"answer":{"raw":{"text":"네 저는 평소에 개인 작업을 많이 하는 편인데요. 어 사실 그렇게 하기 위해서 제가 노력을 하는 것이 아니라 그렇게 하고 싶다는 생각이 많이 들기 때문입니다. 왜냐하면 어 사실 제 개인 작업이라는 것 자체가 제 자아실현과도 매우 밀접하게 연관이 되어 있다고 생각하기 때문에 뭐 개인적으로 많이 해야지 뭐 이렇게 의도적으로 생각을 해서 하는 게 아니라 어 제가 제 자아실현을 하기 위해서 음 뭔가 능동적이고 적극적으로 하는 활동의 일환이라고 생각을 합니다. 음 사실 일을 하면서도 제 자아 실현을 할 수 있겠지만 어 일을 하다 보면 어 조직의 목표가 제 개인의 목표보다 훨씬 우선되는 상황이기 때문에 가끔은 어 제가 하고 싶은 일 제가 하고 싶은 방향을 포기해야 될 때도 있지 않습니까. 하지만 어 제 개인 이런 개인 활동 개인 작업을 통해서 그런 채워지지 않은 제 자아 실현 욕구들이라든지 어 아니면 좀 평상시에 좀 해보고 싶었는데 못해서 아쉬웠던 점들을 제 개인 작업 활동을 통해서 그 어 어떤 욕구들을 채우는 것 같습니다.","wordCount":147},"emotion":[],"intent":[{"text":"","expression":"","category":"attitude"}],"summary":{"text":"저는 개인 작업을 자주 하는데, 이는 자아실현을 위해서 하는 활동의 일환이라고 생각합니다. 일을 하면서도 자아 실현을 할 수 있지만, 조직의 목표가 개인 목표보다 우선되기 때문에 포기하기도 합니다. 하지만 개인 작업을 통해 충족되지 않는 자아 실현 욕구나, 아쉬웠던 점들을 채울 수 있습니다.","wordCount":41}}},"rawDataInfo":{"question":{"fileFormat":"wav","fileSize":508878,"duration":15900,"samplingBit":16,"channelCount":1,"samplingRate":"16kHz","audioPath":"/Mock/01.Management/Female/Experienced/ckmk_q_bm_f_e_173522.wav"},"answer":{"fileFormat":"wav","fileSize":2157518,"duration":67420,"samplingBit":16,"channelCount":1,"samplingRate":"16kHz","audioPath":"/Mock/01.Management/Female/Experienced/ckmk_a_bm_f_e_173522.wav"}}}