{"version":"1.0","dataSet":{"info":{"date":"20230116","occupation":"BM","channel":"MOCK","place":"ONLINE","gender":"FEMALE","ageRange":"55-","experience":"EXPERIENCED"},"question":{"raw":{"text":"지원자님은 본인이 숫자와 창의 중 어떤 것에 더 가깝다고 생각하시나요 그렇게 생각하시는 이유도 함께 말씀해 주세요","wordCount":16},"emotion":[],"intent":[]},"answer":{"raw":{"text":"저는 숫자와 더 가까운 지원자인 것 같습니다. 그 이유는 물론 요즘 사회에서 많은 창의성을 요구되는 그런 업무들이 많긴 하지만 저는 제가 진행하는 업무를 데이터 화 하는 것을 굉장히 좋아하기 때문입니다. 제가 가진 자료들을 추출해내서 데이터 화하고 이 자료들을 바탕으로 새로운 전략들을 세울 때 저는 조금 더 보장된 그리고 근거가 있는 성과가 나올 것이라 생각하기 때문입니다. 그래서 창의성보다는 숫자에 입각한 결과를 낼 수 있는 인재라고 저는 생각합니다.","wordCount":66},"emotion":[{"text":"그 이유는 물론 요즘 사회에서 많은 창의성을 요구되는 그런 업무들이 많긴 하지만 저는 제가 진행하는 업무를 데이터 화 하는 것을 굉장히 좋아하기 때문입니다.","expression":"p-interest","category":"positive"}],"intent":[{"text":"","expression":"","category":"attitude"}],"summary":{"text":"저는 업무 데이터화를 매우 좋아하는데, 이를 바탕으로 새로운 전략을 세울 때 좀 더 근거가 있는 성과가 나올 것이라고 생각하기 때문에 숫자와 더 가까운 지원자인 것 같습니다.","wordCount":26}}},"rawDataInfo":{"question":{"fileFormat":"wav","fileSize":404558,"duration":12640,"samplingBit":16,"channelCount":1,"samplingRate":"16kHz","audioPath":"/Mock/01.Management/Female/Experienced/ckmk_q_bm_f_e_243991.wav"},"answer":{"fileFormat":"wav","fileSize":2394318,"duration":74820,"samplingBit":16,"channelCount":1,"samplingRate":"16kHz","audioPath":"/Mock/01.Management/Female/Experienced/ckmk_a_bm_f_e_243991.wav"}}}