{"version":"1.0","dataSet":{"info":{"date":"20230116","occupation":"BM","channel":"MOCK","place":"ONLINE","gender":"FEMALE","ageRange":"-34","experience":"EXPERIENCED"},"question":{"raw":{"text":"이전에 다니던 직장에서 퇴사한 이유는 무엇인가요 혹시 이유가 있다면 말씀해 주실 수 있나요","wordCount":13},"emotion":[],"intent":[]},"answer":{"raw":{"text":"어 사소한 부분에서는 후회를 한 적도 있지만 결국엔 퇴사를 통해서 얻은 점이 있기 때문에 그리고 얻을 점이 있다고 여겨 퇴사를 했기 때문에 퇴사한 것을 후회하는 건 아닙니다. 어 다만 조금 더 버텨서 그 회사에서 얻었을 수 있 얻을 수 있는 일들이 있다고 생각해서 그런 사소한 지점에서는 후회가 아직 있는 것 같습니다.","wordCount":51},"emotion":[],"intent":[{"text":"","expression":"","category":"attitude"}],"summary":{"text":"퇴사를 통해 얻을 점이 있어 퇴사한 것을 후회하는 건 아니지만 조금 더 버텨서 얻을 수 있는 일이 있다고 생각해서 그런 사소한 지점에서는 후회가 있습니다.","wordCount":24}}},"rawDataInfo":{"question":{"fileFormat":"wav","fileSize":270158,"duration":8440,"samplingBit":16,"channelCount":1,"samplingRate":"16kHz","audioPath":"/Mock/01.Management/Female/Experienced/ckmk_q_bm_f_e_172382.wav"},"answer":{"fileFormat":"wav","fileSize":1076558,"duration":33640,"samplingBit":16,"channelCount":1,"samplingRate":"16kHz","audioPath":"/Mock/01.Management/Female/Experienced/ckmk_a_bm_f_e_172382.wav"}}}