{"version":"1.0","dataSet":{"info":{"date":"20230116","occupation":"BM","channel":"MOCK","place":"ONLINE","gender":"FEMALE","ageRange":"-34","experience":"EXPERIENCED"},"question":{"raw":{"text":"만약 지원자님께서 께임 속 캐릭터라고 가정하면 어떤 께임에 어떤 역할을 맡아서 하고 싶은지 말씀해 주세요","wordCount":15},"emotion":[],"intent":[]},"answer":{"raw":{"text":"게임 캐릭터 속에서 제가 어떤 역할을 맡게 된다면 저는 만능 재주꾼 역할을 하고 싶습니다. 왜냐하면 그만큼 다재다능하고 또 여러가지 분야에 솔선수범하는 그런 역할을 맡고 싶은데요. 어 캐릭터 속에서도 남들도 도와주고 본인의 업무도 최선을 다해서 잘 수행해 내는 그런 역할을 하고 싶고요. 어 만능 재주꾼이라고 하면 일단 게임 속에서 싸움도 잘하고 그리고 사람 사이의 관계도 좋고 또 리더로서 어떤 역할을 수행하기 위해서 이끄는 사람이 되고 싶습니다. 어 게임 속에서는 보통 같이 협업을 통해서 어떤 적군을 물리치거나 이런 캐릭터의 꿈이 많은데요. 그래서 저도 어 그런 역할을 하면서 사람들을 이끌고 치얼업해서 그 목적을 달성하게 하는 그런 캐릭터가 저에게 맞을 것 같습니다. 저는 기본적으로 리더에 대한 업무를 중요하게 생각을 하고요. 저도 앞으로 좋은 리더가 되기 위해서 여러 가지 노력들을 하고 있는데요. 게임 속에서도 그렇게 사람들에게 귀감이 되고 또 리더십이 있는 리더였으면 좋겠다 라는 생각을 해서 저는 게임이지만 현실을 반영해서 제 캐릭터가 그렇게 좋아 됐으면 좋겠다고 생각을 해 봤습니다.","wordCount":144},"emotion":[],"intent":[{"text":"","expression":"","category":"attitude"}],"summary":{"text":"게임 캐릭터 속에서 저는 다재다능하고 본인의 업무도 최선을 다해서 잘 수행하는 만능 재주꾼 역할을 하고 싶습니다. 게임 속에서 협업을 통해서 적군을 물리치거나 리더로서 어떤 역할을 수행하기 위해서 이끄는 사람이 되고 싶고, 게임이지만 현실을 반영해서 제 캐릭터가 그렇게 됐으면 좋겠다고 생각을 해 봤습니다.","wordCount":42}}},"rawDataInfo":{"question":{"fileFormat":"wav","fileSize":482638,"duration":15080,"samplingBit":16,"channelCount":1,"samplingRate":"16kHz","audioPath":"/Mock/01.Management/Female/Experienced/ckmk_q_bm_f_e_141116.wav"},"answer":{"fileFormat":"wav","fileSize":2746318,"duration":85820,"samplingBit":16,"channelCount":1,"samplingRate":"16kHz","audioPath":"/Mock/01.Management/Female/Experienced/ckmk_a_bm_f_e_141116.wav"}}}