{"version":"1.0","dataSet":{"info":{"date":"20230116","occupation":"BM","channel":"MOCK","place":"ONLINE","gender":"FEMALE","ageRange":"-34","experience":"EXPERIENCED"},"question":{"raw":{"text":"지원자님이 이 직무에 지원한 이유가 무엇인지 자세히 설명해 주시고 본인이 왜 이 일에 적합한 인재인지도 설명해 주세요","wordCount":17},"emotion":[],"intent":[]},"answer":{"raw":{"text":"제가 이 분야에 지원한 이유는 저의 적성에 가장 잘 맞기 때문입니다. 앞으로 이 직무를 발전시키고 싶고 또 전문 분야로 활성화시켜서 어 저의 커리어를 쌓아가고 싶다는 생각이 드는데요. 전에 회사에서도 저는 같은 직무의 일을 담당을 했었습니다. 사실 처음에 지원할 때는 저의 적성에 맞는지 아닌지 정확하게 판단하지 못했었는데요. 하지만 업무를 하다 보니까 여러 가지로 재미있고 또 적성에 잘 맞는다는 사실을 알았습니다. 어 특히 이제 문서 작업 같은 경우에 저의 장점이 있는데요. 어 저 같은 경우는 여러 프로그램을 좀 능숙하게 다룰 수 있을 뿐만이 아니라 어 제 스스로도 좀 계속해서 업그레이드할려고 노력을 하기 때문에 성사나 아니면 다른 동료들로부터 좋은 평가를 받았습니다. 그 뿐만이 아니라 문서를 정리화하고 폴더화하면서 그것들을 부서 간에 협업을 구하는 것도 어 저의 능력이 있다고 생각을 하는데요. 저희 지원 업무가 아무래도 또 타 부서 간에 지원 업무도 많고 또 협업을 하는 경우도 있기 때문에 그런 경우에 어 잘 처리하는 게 중요하다고 생각을 합니다. 그런 면에서 저는 여러 가지 유연성을 바탕으로 또 일도 정확하게 수행을 하기 때문에 이 업무와 잘 맞는다고 생각을 했습니다.","wordCount":161},"emotion":[{"text":"어 저 같은 경우는 여러 프로그램을 좀 능숙하게 다룰 수 있을   뿐만이 아니라 어 제 스스로도 좀 계속해서 업그레이드할려고 노력을 하기 때문에   성사나 아니면 다른 동료들로부터 좋은 평가를 받았습니다.","expression":"p-achievement","category":"positive"}],"intent":[{"text":"그 뿐만이 아니라   문서를 정리화하고 폴더화하면서 그것들을 부서 간에 협업을 구하는 것도   어 저의 능력이 있다고 생각을 하는데요.","expression":"m_admin","category":"technology"},{"text":"저희 지원 업무가 아무래도 또 타 부서 간에   지원 업무도 많고 또 협업을 하는 경우도 있기 때문에 그런 경우에 어 잘   처리하는 게 중요하다고 생각을 합니다.","expression":"c_cop","category":"personality"}],"summary":{"text":"이 분야에 지원한 이유는 적성에 가장 잘 맞기 때문입니다. 앞으로 이 직무를 발전시키고 전문 분야로 활성화시켜 커리어를 쌓고 싶습니다. 문서 작업의 경우 여러 프로그램을 능숙하게 다룰 수 있을 뿐만 아니라 문서 정리화, 폴더화를 통해 부서 간 협업을 구하는 능력도 있습니다. 여러 가지 유연성을 바탕으로 일을 정확하게 수행하기 때문에 이 업무와 잘 맞는다고 생각합니다.","wordCount":53}}},"rawDataInfo":{"question":{"fileFormat":"wav","fileSize":333518,"duration":10420,"samplingBit":16,"channelCount":1,"samplingRate":"16kHz","audioPath":"/Mock/01.Management/Female/Experienced/ckmk_q_bm_f_e_140165.wav"},"answer":{"fileFormat":"wav","fileSize":2752718,"duration":86020,"samplingBit":16,"channelCount":1,"samplingRate":"16kHz","audioPath":"/Mock/01.Management/Female/Experienced/ckmk_a_bm_f_e_140165.wav"}}}