{"version":"1.0","dataSet":{"info":{"date":"20230116","occupation":"BM","channel":"MOCK","place":"ONLINE","gender":"FEMALE","ageRange":"55-","experience":"EXPERIENCED"},"question":{"raw":{"text":"직무 수행 시 난관에 봉착했다면 어떻게 해결하시겠습니까 지원자님만의 해결법과 이유를 말씀 부탁드립니다","wordCount":12},"emotion":[],"intent":[]},"answer":{"raw":{"text":"네 중무 수행시에는 이제 난관에 봉착을 했다. 난관에 봉착을 했다 라는 것은 이제 해결을 할 수 없다 라는 이야기인데 아 보면은 해결을 지지할 수 있는 일과 해결을 어떻게든 다른 방향으로 하게 되면 해결을 할 수 있는 그까 없는 일과 있는 일이 있다 라고 저는 보거든요. 그래서 아무래도 해결이 없다. 진짜 난관에 봉착을 했다. 하지만 이 난관에 봉착을 했는데 해결을 할 수 없다 라고 되면 일찍 포기를 하는 것도 그게 아주 좋은 해결 방법이라고 생각을 합니다. 근데 만약에 그 난관에 봉착을 했지만 해결 방법이 있다 라고 하면 어 일단 그게 보완이 필요한 문제라면 그거를 다른 사람과 공유하는 게 힘들겠지만 어 보완이 필요치 않다 라면 여러 사람의 의견을 물어보는 것도 어 난관에 봉착한 일을 해결할 수 있는 방법 중의 하나라고 생각을 합니다. 아 아 뭐 여럿이 있으면 뭐 배가 산으로 간다 라는 말도 있지만 아 저 같은 경우는 이런 문제에 봉착을 했을 때 여러 사람의 의견을 듣고 한 번 제가 이제 정리를 해 본 다음에 이런 방법이 있겠구나 하고 그런 해결 법을 찾은 것이 많습니다. 네","wordCount":164},"emotion":[],"intent":[{"text":"","expression":"","category":"attitude"}],"summary":{"text":"중무 수행시에는 난관에 봉착을 했다 라는 것은 해결을 할 수 없는 일이 있다 라는 이야기인데 해결 할 수 없다 라고 한다면 일찍 포기를 하는 것이 아주 좋은 해결 방법이라고 생각합니다. 보완이 필요하다면 다른 사람과 공유하는 게 힘들겠지만 보완이 필요하지 않다면 여러 사람의 의견을 물어보는 것도 해결 방법 중 하나입니다.","wordCount":49}}},"rawDataInfo":{"question":{"fileFormat":"wav","fileSize":368078,"duration":11500,"samplingBit":16,"channelCount":1,"samplingRate":"16kHz","audioPath":"/Mock/01.Management/Female/Experienced/ckmk_q_bm_f_e_217741.wav"},"answer":{"fileFormat":"wav","fileSize":2822478,"duration":88200,"samplingBit":16,"channelCount":1,"samplingRate":"16kHz","audioPath":"/Mock/01.Management/Female/Experienced/ckmk_a_bm_f_e_217741.wav"}}}