{"version":"1.0","dataSet":{"info":{"date":"20230116","occupation":"BM","channel":"MOCK","place":"ONLINE","gender":"FEMALE","ageRange":"35-44","experience":"EXPERIENCED"},"question":{"raw":{"text":"면접자분의 저희 면접자분이 저희 회사에 입사 후 기존에 하던 취미 생활을 생활 등을 못 하게 된다면 어떻게 하시겠습니까 그렇게 하는 이유도 설명해 주세요","wordCount":23},"emotion":[],"intent":[]},"answer":{"raw":{"text":"저는 입사 후에 제가 원하던 일을 하지 못하더라도 우선 주어진 일에는 열심히 해볼 것 같습니다. 저는 그 업무가 하고 싶어서 지원을 한 것이 맞긴 하지만 제가 지원한 이 회사에서 일을 해보고 싶은 마음도 컸습니다. 특히 업계에서 알아주는 이 회사는 제가 다른 업무를 하더라도 분명히 배울 점이 있다고 생각을 합니다. 그렇기 때문에 어떤 업무가 주어지든 처음에는 배운다는 입장에서 시작을 해보고 싶습니다. 그리고 회사에서 저에게 다른 업무를 준 이유도 여러 가지 방면에서 저를 분석하고 저와 만져 맞기 때문에 주어진 거라고 생각을 합니다. 따라서 제가 몰랐던 다른 능력을 발휘할 수도 있고 나아가 저 자신이 성장할 수 있는 기회라고 생각하기 때문에 저는 주어진 업무에 우선 충실히 임하도록 하겠습니다.","wordCount":104},"emotion":[],"intent":[{"text":"","expression":"","category":"attitude"}],"summary":{"text":"어떤 업무가 주어지든 처음부터 배우려는 입장에서 시작을 해보고 싶습니다. 회사에서 다른 업무를 준 이유도 여러 가지 방면에서 저를 분석하고 저와 만져 맞기 때문입니다. 따라서 저는 주어진 업무에 우선 충실히 임하도록 하겠습니다.","wordCount":31}}},"rawDataInfo":{"question":{"fileFormat":"wav","fileSize":588558,"duration":18390,"samplingBit":16,"channelCount":1,"samplingRate":"16kHz","audioPath":"/Mock/01.Management/Female/Experienced/ckmk_q_bm_f_e_246039.wav"},"answer":{"fileFormat":"wav","fileSize":1739598,"duration":54360,"samplingBit":16,"channelCount":1,"samplingRate":"16kHz","audioPath":"/Mock/01.Management/Female/Experienced/ckmk_a_bm_f_e_246039.wav"}}}