{"version":"1.0","dataSet":{"info":{"date":"20230116","occupation":"BM","channel":"MOCK","place":"ONLINE","gender":"FEMALE","ageRange":"-34","experience":"EXPERIENCED"},"question":{"raw":{"text":"다른 지원자들에 비해 지원자님만이 가진 차별성 장점을 어필한다면 어떤 것이 있을지 말씀해 주시겠어요","wordCount":13},"emotion":[],"intent":[]},"answer":{"raw":{"text":"네 저는 가장 큰 저의 장점은 사교성 친화력이라고 말씀을 드리고 싶습니다. 어 저는 기본적으로 사람과 사람 사이 간의 그 관계가 좋고 또 친화력이 좋은 편입니다. 어 그래서 상사나 아니면 선배와도 굉장히 잘 지내는 편이라고 생각을 하고요. 그리고 후배들이 아직은 많이 없었지만 또 후배들과도 잘 지낼 수 있는 그런 사교성을 가지고 있다고 생각을 합니다. 실제로 저희 부서가 팀원끼리 하는 업무를 굉장히 많이 하게 되고 또 협업을 진행을 하다 보니까 이렇게 교우 관계가 좋은 사교성은 매우 중요한 장점이라고 생각을 합니다. 왜냐하면 이제 부서 간의 협의가 필요하거나 아니면 팀원끼리 논의가 필요한데 이런 부분에서 협조가 잘 되지 않는다면 여러 가지로 문제가 발생할 수 있다고 생각을 합니다. 하지만 그런 점에서 저는 굉장히 어 전에 회사에 있어서도 잘 생활하고 지내 왔고요. 그리고 분위기를 주도할 정도로 굉장히 친근하고 또 쾌활한 성격이라고 말씀을 드리고 싶습니다. 제가 만약에 입사를 하게 된다면 팀에서 또 사람들과 굉장히 사교성 있게 잘 지내고 또 업무의 효율성을 높여갈 수 있도록 잘 적응할 수 있다고 생각을 합니다.","wordCount":152},"emotion":[],"intent":[{"text":"네 저는 가장 큰 저의 장점은 사교성 친화력이라고 말씀을    드리고 싶습니다.","expression":"c_person","category":"background"},{"text":"어 저는 기본적으로 사람과 사람 사이 간의 그 관계가 좋고    또 친화력이 좋은 편입니다.","expression":"c_person","category":"background"}],"summary":{"text":"저는 사교성 친화력이 가장 큰 장점이라고 생각합니다. 상사나 선배와도 잘 지내고 후배와도 잘 지낼 수 있는 사교성을 가지고 있습니다. 혹시 부서 간 협의가 필요하거나 팀원 간 논의가 필요한 부분에서 협조가 잘 되지 않는다면 문제가 발생할 수 있다고 생각합니다. 만약 입사를 하게 된다면 사교성과 업무의 효율성을 높일 수 있도록 잘 적응할 수 있을 것이라 생각합니다.","wordCount":54}}},"rawDataInfo":{"question":{"fileFormat":"wav","fileSize":496718,"duration":15520,"samplingBit":16,"channelCount":1,"samplingRate":"16kHz","audioPath":"/Mock/01.Management/Female/Experienced/ckmk_q_bm_f_e_140167.wav"},"answer":{"fileFormat":"wav","fileSize":2695118,"duration":84220,"samplingBit":16,"channelCount":1,"samplingRate":"16kHz","audioPath":"/Mock/01.Management/Female/Experienced/ckmk_a_bm_f_e_140167.wav"}}}