{"version":"1.0","dataSet":{"info":{"date":"20230116","occupation":"BM","channel":"MOCK","place":"ONLINE","gender":"FEMALE","ageRange":"55-","experience":"EXPERIENCED"},"question":{"raw":{"text":"지원자분께서 해외에 직접 파견 근무를 나가시게 된다면 어떠한 나라에서 일하고 싶으신지 궁금합니다 그 이유까지 함께 이야기해 주세요","wordCount":17},"emotion":[],"intent":[]},"answer":{"raw":{"text":"저는 해외에서 어 해외에 나가서 일을 하게 된다면 어 여러 나라를 다니면서 일을 하고 싶지만 특히 어느 한 나라를 꼽는다면 미국 입니다. 아 미국에 가서 일하고 싶고 또 미국에서도 특히 뉴욕에 가서 일을 하고 싶습니다. 아 그 이유를 말씀드리자면 어 전 세계 경제와 또 금융 그리고 모든 산업의 어 최 에 선두에 있는 곳이 바로 미국의 뉴욕이라고 생각합니다. 많은 것을 배울 수 있고 다른 나라 사람들의 그 음 산업 현장을 또 볼 수 있고 어 그런 여러 가지 장점이 있고 또 세계가 어떻게 변화하고 있는지 이런 점도 볼 수 있어서 최첨단의 산업과 문화를 경험할 수 있는 미국에 뉴욕에 가서 일을 하고 싶습니다.","wordCount":102},"emotion":[],"intent":[{"text":"","expression":"","category":"attitude"}],"summary":{"text":"저는 미국에서 일하고 싶습니다. 전 세계 경제와 금융 그리고 모든 산업의 최고에 있는 곳이 바로 뉴욕이라고 생각합니다. 최첨단의 산업과 문화를 경험할 수 있는 곳에 뉴욕에 가서 일을 하고 싶었습니다.","wordCount":29}}},"rawDataInfo":{"question":{"fileFormat":"wav","fileSize":499278,"duration":15600,"samplingBit":16,"channelCount":1,"samplingRate":"16kHz","audioPath":"/Mock/01.Management/Female/Experienced/ckmk_q_bm_f_e_268137.wav"},"answer":{"fileFormat":"wav","fileSize":2120398,"duration":66260,"samplingBit":16,"channelCount":1,"samplingRate":"16kHz","audioPath":"/Mock/01.Management/Female/Experienced/ckmk_a_bm_f_e_268137.wav"}}}