{"version":"1.0","dataSet":{"info":{"date":"20230116","occupation":"BM","channel":"MOCK","place":"ONLINE","gender":"FEMALE","ageRange":"55-","experience":"EXPERIENCED"},"question":{"raw":{"text":"아 협업을 하실 때 지원자님은 사교성이 좋은 편이라고 생각하시는지요 또 그러한 사교성을 키우기 위해서 그동안 어떤 노력을 하셨는지 말씀해 주시면 좋겠네요","wordCount":21},"emotion":[],"intent":[]},"answer":{"raw":{"text":"저 정도 경력이면 뭐 위치상으로는 제 직무상으로는 협업을 해야 되는 부분이긴 하죠. 저도 어느 팀에 소속된 거니까. 그 팀의 헤더일지라도 그래서 최소한의 필요한 부분에서의 사교는 있습니다 네. 그 정도의 사교성은 있기 때문에 저도 사회생활을 하고 있고 노력이요. 음 노력 그냥 받아주는 것 자체가 노력 아닌가요. 저에게 다가오는 사람을 제가 내치지 않고 받아주는 거 그까 제가 뭐 건방 떨고 오만 방자하게 굴려고 하는 게 아니라 음 저 정 저는 이미 나이가 이제 찰 대로 찬 사람이고 사실상 퇴직을 이미 해도 무방하지 않은 나이지만 어 저의 이런 커리어를 보고 여전히들 많이 저에게 다가오세요. 저를 멘토로 삼는 분들도 많고 그래서 그런 분들을 오는 분들을 내치지 않고 저 역시 받아들이면서 그들과 함께 소통하려고 하는 것 그게 어떤 저의 꾸준한 노력인 것 같습니다. 저는 열심히 네 소통하고 있어요.","wordCount":123},"emotion":[],"intent":[{"text":"","expression":"","category":"attitude"}],"summary":{"text":"저는 이미 나이가 찰 대로 찬 사람이고 사실상 퇴직을 해도 무방한 나이지만, 저는 이런 커리어를 보고 여전히 저에게 많이 다가옵니다. 멘토로 삼는 분들도 많고 그런 분들을 내치지 않고 받아들이며 그들과 함께 소통하려고 하는 것이 저의 꾸준한 노력인 것 같습니다.","wordCount":39}}},"rawDataInfo":{"question":{"fileFormat":"wav","fileSize":460878,"duration":14400,"samplingBit":16,"channelCount":1,"samplingRate":"16kHz","audioPath":"/Mock/01.Management/Female/Experienced/ckmk_q_bm_f_e_160016.wav"},"answer":{"fileFormat":"wav","fileSize":2818638,"duration":88080,"samplingBit":16,"channelCount":1,"samplingRate":"16kHz","audioPath":"/Mock/01.Management/Female/Experienced/ckmk_a_bm_f_e_160016.wav"}}}