{"version":"1.0","dataSet":{"info":{"date":"20230116","occupation":"BM","channel":"MOCK","place":"ONLINE","gender":"FEMALE","ageRange":"55-","experience":"EXPERIENCED"},"question":{"raw":{"text":"지원자님 지금 본인이 내일 죽는다는 사실을 알았어요 그러면 당장 뭘 할 것인가요 지원자님은 이 면접을 끝까지 계속 보시겠습니까 대답해보세요","wordCount":19},"emotion":[],"intent":[]},"answer":{"raw":{"text":"좀 당황스럽긴 하지만 저는 일단 면접은 끝까지 볼 것 같습니다. 만약에 지금 면접이 진행 중이었다 라면은 중간에 포기를 한다는 그 부분이 제가 가진 가치관과 맞지는 않습니다. 저는 어떤 업무이든지 일단 끝을 항상 내는 편이고 좋은 결과든 나쁜 결과든 항상 잘 받아들이는 것이 제가 가진 가치관 중 하나 이기 때문입니다. 그래서 일단은 주어진 현실에서 이 면접 만큼은 끝까지 마무리 할 것 같습니다.","wordCount":61},"emotion":[],"intent":[{"text":"","expression":"","category":"attitude"}],"summary":{"text":"저는 어떤 업무든 끝을 내는 편이고 좋은 결과든 나쁜 결과든 잘 받아들이는 것이 가치관이기 때문에 이 면접은 끝까지 볼 것 같습니다.","wordCount":21}}},"rawDataInfo":{"question":{"fileFormat":"wav","fileSize":624078,"duration":19500,"samplingBit":16,"channelCount":1,"samplingRate":"16kHz","audioPath":"/Mock/01.Management/Female/Experienced/ckmk_q_bm_f_e_243992.wav"},"answer":{"fileFormat":"wav","fileSize":2138958,"duration":66840,"samplingBit":16,"channelCount":1,"samplingRate":"16kHz","audioPath":"/Mock/01.Management/Female/Experienced/ckmk_a_bm_f_e_243992.wav"}}}