{"version":"1.0","dataSet":{"info":{"date":"20230116","occupation":"BM","channel":"MOCK","place":"ONLINE","gender":"FEMALE","ageRange":"45-54","experience":"EXPERIENCED"},"question":{"raw":{"text":"본인께서 어 살아오시면서 가장 힘들었던 경험은 무엇이며 그 경험을 어떻게 극복했는지 말씀해 주세요","wordCount":13},"emotion":[],"intent":[]},"answer":{"raw":{"text":"예전에 언어를 배우기 위하여 중국에서 생활했었던 적이 있었습니다. 제게 그때 가장 힘들었었던 것은 먹는 것이었습니다. 외국에 나가 있으면은 그 나라의 음식에도 적응이 되어야 하는데 저는 그것이 너무 힘들었습니다. 그래서 처음으로 제가 음식을 만들기 시작하였습니다. 김치도 담고 한국에서 먹었던 것들을 시장에 가서 구매를 해 와서 제가 스스로 만들어서 먹으며 그 힘들었던 시간을 보냈습니다.","wordCount":52},"emotion":[{"text":"예전에 언어를 배우기 위하여 중국에서 생활했었던 적이 있었습니다.","expression":"u-fact","category":"neutral"}],"intent":[{"text":"예전에 언어를 배우기 위하여 중국에서 생활했었던 적이 있었습니다.","expression":"c_private","category":"background"},{"text":"김치도 담고 한국에서 먹었던 것들을 시장에 가서 구매를 해 와서 제가 스스로 만들어서 먹으며   그 힘들었던 시간을 보냈습니다.","expression":"c_private","category":"background"}],"summary":{"text":"언어를 배우기 위해 중국에서 생활할 때, 음식에 적응하는 것이 가장 힘들었습니다. 한국에서 먹었던 것을 스스로 음식을 만들어 먹으며 그 힘들었던 시간을 보냈습니다.","wordCount":22}}},"rawDataInfo":{"question":{"fileFormat":"wav","fileSize":360398,"duration":11260,"samplingBit":16,"channelCount":1,"samplingRate":"16kHz","audioPath":"/Mock/01.Management/Female/Experienced/ckmk_q_bm_f_e_105083.wav"},"answer":{"fileFormat":"wav","fileSize":1642958,"duration":51340,"samplingBit":16,"channelCount":1,"samplingRate":"16kHz","audioPath":"/Mock/01.Management/Female/Experienced/ckmk_a_bm_f_e_105083.wav"}}}