{"version":"1.0","dataSet":{"info":{"date":"20230116","occupation":"BM","channel":"MOCK","place":"ONLINE","gender":"FEMALE","ageRange":"55-","experience":"EXPERIENCED"},"question":{"raw":{"text":"사람들과 협업을 하면서 가장 어려웠던 점이 있었다면 그것이 무엇인지 궁금합니다 그리고 그것은 어떤 방법으로 극복하셨나요","wordCount":15},"emotion":[],"intent":[]},"answer":{"raw":{"text":"어 협업을 했던 기억이 있는데 그때 당시에 제가 리더로서 한 백 오십 명을 이끌고 갔던 기억이 있어요. 근데 그 당시에 갑자기 대부도를 가야 되는데 비가 왔어요. 근데 그 모든 짐과 처리하는 그 분야에 있어서 맡은 짐을 각자 각자 자기 역할대로 그 진행을 해야 되는데 너무 많은 비가 오는 상황에서 짐처리 해야 되지 어 프로그램 실행해야 되지 또 사람 관리해야 되지 이런 많은 어려움이 많았는데도 불구하고 그 일들을 그냥 사람들한테 잘 하나하나 분야 별로 맡겨가면서 일을 진행했던 그리고 어 대학교 다닐 때 스물 다섯 살 그때 대학원 고 때 있었던 일인데 아직도 기억이 나요. 왜냐하면 그때 비가 많이 왔는데 뭐가 어려웠냐 하면 우리는 막 비가 와 갖고 땅을 파고 거기다 텐트를 치고 밥을 해줄려고 노력을 하고 막 이랬는데 누군가는 옆에서 히히덕거리고 놀고 있었거든요. 그때 어 사람들한테 되게 섭섭했고 눈물도 났어요. 하지만 그 상황을 잘 이겨내고 그들을 이끌고 프로그램을 진행했습니다. 그때가 가장 기억이 나네요.","wordCount":142},"emotion":[],"intent":[{"text":"","expression":"","category":"attitude"}],"summary":{"text":"협업을 했던 기억이 있는데 그때 제가 리더로서 한 백 오십 명을 이끌고 갔던 기억이 있어요. 비가 많이 오는 상황에서 짐처리 해야 되고, 프로그램 실행해야 되고, 사람 관리해야 되는 등 많은 어려움이 많았는데 사람들한테 잘 맡겨가면서 일을 진행했습니다. 그 상황이 가장 기억이 납니다.","wordCount":42}}},"rawDataInfo":{"question":{"fileFormat":"wav","fileSize":374478,"duration":11700,"samplingBit":16,"channelCount":1,"samplingRate":"16kHz","audioPath":"/Mock/01.Management/Female/Experienced/ckmk_q_bm_f_e_267510.wav"},"answer":{"fileFormat":"wav","fileSize":2746638,"duration":85830,"samplingBit":16,"channelCount":1,"samplingRate":"16kHz","audioPath":"/Mock/01.Management/Female/Experienced/ckmk_a_bm_f_e_267510.wav"}}}