{"version":"1.0","dataSet":{"info":{"date":"20230116","occupation":"BM","channel":"MOCK","place":"ONLINE","gender":"FEMALE","ageRange":"-34","experience":"EXPERIENCED"},"question":{"raw":{"text":"지원자분이 살아오면서 겪었던 일 중 가장 힘들었던 경험은 무엇인가요 그리고 당시에 어떻게 극복하셨는지 말씀해 주실 수 있나요","wordCount":17},"emotion":[],"intent":[]},"answer":{"raw":{"text":"어 살아가면서 여러 가지 문제점도 있었고 또 힘들었던 경험도 누구나 있을 텐데요. 이제 저 같은 경우에는 저의 이제 적성을 찾는데 좀 어려움을 많이 겪었습니다. 사실 제가 적성을 찾는데 어렸을 때 그것들을 완벽하게 찾았더라면 조금 더 빨랐을 텐데요. 하지만 제가 이제 대학생 이후에 저에게 맞는 방식을 찾다 보니까 그것들이 조금 시간이 오래 걸리고 고민이 많았습니다. 앞으로 나는 무슨 일을 할 때 행복할까. 그리고 내가 어떤 점들을 추구하고 그리고 나에게 적성에 맞는 건 과연 무엇일까 이런 것들을 조금 생각하는 시간이 오래 걸렸는데요. 어 결국에는 이렇게 또 제가 좋아하는 일을 하게 돼서 다행이라는 생각이 듭니다. 어 근데 이제 그 시기에 어 또 회사에 대한 고민도 많았습니다. 어떤 회사에 내가 가야 오랫동안 다닐 수 있을까 그리고 어떤 분야가 앞으로 성장해서 트렌드를 이끌까. 이러한 고민들이 많아서 저는 진로 적성 관련한 문제에 부딪쳤을 때 조금 힘들고 마음적으로 어려운 시기를 보냈습니다. 그래도 그런 시기가 있기 때문에 지금 제가 잘 보낼 수 있다고 생각을 합니다.","wordCount":147},"emotion":[],"intent":[{"text":"","expression":"","category":"attitude"}],"summary":{"text":"저는 대학생 이후에 제가 좋아하는 일을 하게 되어서 다행이라고 생각합니다. 그 시기에 회사에 대한 고민도 많아 진로 적성 관련한 문제에 부딪쳤을 때 조금 힘들고 마음적으로 어려운 시기를 보냈지만 그런 시기가 있기 때문에 지금 제가 잘 보낸다고 생각합니다.","wordCount":37}}},"rawDataInfo":{"question":{"fileFormat":"wav","fileSize":356558,"duration":11140,"samplingBit":16,"channelCount":1,"samplingRate":"16kHz","audioPath":"/Mock/01.Management/Female/Experienced/ckmk_q_bm_f_e_154152.wav"},"answer":{"fileFormat":"wav","fileSize":2752078,"duration":86000,"samplingBit":16,"channelCount":1,"samplingRate":"16kHz","audioPath":"/Mock/01.Management/Female/Experienced/ckmk_a_bm_f_e_154152.wav"}}}