{"version":"1.0","dataSet":{"info":{"date":"20230116","occupation":"BM","channel":"MOCK","place":"ONLINE","gender":"FEMALE","ageRange":"55-","experience":"EXPERIENCED"},"question":{"raw":{"text":"여러 부서들이 협력해야 하는 프로젝트에서 부서 간의 일정을 조율하기 위한 본인만의 노하우가 있다면 말씀해 주시겠습니까","wordCount":15},"emotion":[],"intent":[]},"answer":{"raw":{"text":"네 여러 부서들이 협력해야 하는 프로젝트에서 부서간 일정을 조율하기 위한 이 본인만의 노하우가 있다면 아 이제 여러 그 부서들이잖아요. 근데 그 부서들 같은 경우에는 부서마다 아 그 책임자가 있습니다. 그 책임자와 서로 어 많이 소통을 하고 그다음에 그 책임자한테 그 부서 사람들의 이제 이런 특징 그다음에 우리 부서에 사람들의 특징 그래서 같이 조율을 할 수 있는 것이 어떤 것인가 그런 것을 많이 노력을 했었습니다. 옛날에 일했을 때 이쪽 부서에 누구는 좀 더 많은 티켓팅을 원하고 또 이 이런 부서에 어떤 친구는 아 페이스트 페이스 아 사람들과 이제 이 말을 하면서 그 다음에 손님 접대를 잘하고 이제 그런 직원들 간에 그 어 특징을 알아내면서 어 그 조장이나 그런 부서의 부장들한테 그런 조언을 조금씩 하는 거죠. 근데 보면은 저보다 그 부장들이 부장이나 조장들이 훨씬 더 잘 알고 계시더라구요. 그래서 서로 협력을 그 부장들 간 협력을 하면서 어 서로 충고를 해주는 그 또 충고를 받아들이는 그런 노하우가 있습니다. 네","wordCount":146},"emotion":[],"intent":[{"text":"그 책임자와 서로 어 많이 소통을 하고 그다음에 그 책임자한테 그 부서 사람들의 이제 이런 특징 그다음에 우리 부서에 사람들의 특징 그래서 같이 조율을 할 수 있는 것이 어떤 것인가 그런 것을 많이 노력을 했었습니다.","expression":"m_sche","category":"technology"},{"text":"옛날에 일했을 때 이쪽 부서에 누구는 좀 더 많은 티켓팅을 원하고 또 이 이런 부서에 어떤 친구는 아 페이스트 페이스 아 사람들과 이제 이 말을 하면서 그 다음에 손님 접대를 잘하고 이제 그런 직원들 간에 그 어 특징을 알아내면서 어 그 조장이나 그런 부서의 부장들한테 그런 조언을 조금씩 하는 거죠.","expression":"m_sche","category":"technology"}],"summary":{"text":"여러 부서들이 협력해야 하는 프로젝트에서 본인만의 노하우가 있다면, 부서마다 책임자가 있습니다. 책임자와 소통을 많이 하고, 부서 사람들의 특징을 조율하기 위해 노력을 많이 했습니다. 서로 협력을 하면서 서로 충고를 해주는 노하우가 있었습니다.","wordCount":31}}},"rawDataInfo":{"question":{"fileFormat":"wav","fileSize":405198,"duration":12660,"samplingBit":16,"channelCount":1,"samplingRate":"16kHz","audioPath":"/Mock/01.Management/Female/Experienced/ckmk_q_bm_f_e_217739.wav"},"answer":{"fileFormat":"wav","fileSize":2824398,"duration":88260,"samplingBit":16,"channelCount":1,"samplingRate":"16kHz","audioPath":"/Mock/01.Management/Female/Experienced/ckmk_a_bm_f_e_217739.wav"}}}