{"version":"1.0","dataSet":{"info":{"date":"20230116","occupation":"BM","channel":"MOCK","place":"ONLINE","gender":"FEMALE","ageRange":"-34","experience":"EXPERIENCED"},"question":{"raw":{"text":"지원자님을 다른 사람이 바라봤을 때 생각하는 장단점은 어떤 것이라고 생각을 하시는지 그리고 그 이유도 같이 말씀 부탁드립니다","wordCount":17},"emotion":[],"intent":[]},"answer":{"raw":{"text":"주변에서 가장 많이 말하는 장점은 어 시원시원하고 결단력이나 추진력이 있다는 말이었습니다. 단점으로 가장 많이 들은 말은 성격이 너무 급하다 혹은 말이 너무 빠르다는 말이었습니다. 사실 어떻게 보면 하나의 특성인데 좋게 말하면 장점이 되고 나쁘게 말하면 단점이 되는 것 같습니다. 따라서 저는 제가 없는 기질을 애써 노력해서 키우려고 하기보다 제가 가진 장점을 더욱 키워서 차별성을 두고 싶습니다. 물론 제 급한 성격으로 인해 발생하는 실수들을 뭐 그냥 내버려두겠다는 의미는 아닙니다. 이를테면 남들은 한 번 할 검수를 저는 한 번 더 진행하는 노력은 할 테지만 그렇다고 해서 제 자신을 믿지 못해 제 강점이었던 결단력과 빠른 추진력이라는 장점을 잃고 싶지는 않습니다. 단점을 완벽하게 없애는 노력을 하기보다는 취약점을 개선하고 강점을 더욱 견고히 해서 저만의 차별성을 가진 직원이 되고 싶습니다.","wordCount":114},"emotion":[],"intent":[{"text":"","expression":"","category":"attitude"}],"summary":{"text":"주변에서는 시원시원하고 결단력이나 추진력이 장점이라고 하지만 저는 성격이 너무 급하거나 말이 너무 빠르다는 단점이 있습니다. 하지만 저는 제가 가진 장점을 키워서 차별성을 두고 싶습니다. 단점을 완벽하게 없애는 노력을 하기보다는 취약점을 개선하고 강점을 더욱 견고히 해서 저만의 차별성을 가진 직원이 되겠습니다.","wordCount":40}}},"rawDataInfo":{"question":{"fileFormat":"wav","fileSize":441358,"duration":13790,"samplingBit":16,"channelCount":1,"samplingRate":"16kHz","audioPath":"/Mock/01.Management/Female/Experienced/ckmk_q_bm_f_e_189803.wav"},"answer":{"fileFormat":"wav","fileSize":1913678,"duration":59800,"samplingBit":16,"channelCount":1,"samplingRate":"16kHz","audioPath":"/Mock/01.Management/Female/Experienced/ckmk_a_bm_f_e_189803.wav"}}}