{"version":"1.0","dataSet":{"info":{"date":"20230116","occupation":"BM","channel":"MOCK","place":"ONLINE","gender":"FEMALE","ageRange":"-34","experience":"EXPERIENCED"},"question":{"raw":{"text":"만약 이직을 생각하는 동료를 만나게 된다면 지원자님께서는 무엇이라고 말씀하시겠습니까 왜 그렇게 말씀하실지도 함께 설명해 주세요","wordCount":15},"emotion":[],"intent":[]},"answer":{"raw":{"text":"저는 제 주변에 이직을 생각하는 동료가 있다면 우선 왜 이직을 생각하는지 어떤 상황에서 어떤 마음가짐으로 왜 그런 생각을 하게 되었는지 먼저 당사자의 의견을 들어보는 것이 중요하다고 생각합니다. 저의 동료가 이직을 생각하기 까지 많은 생각의 과정이 있었을 것이라고 생각됩니다. 따라서 왜 그런 생각을 하게 됐는지 만약에 이직을 하게 되면 어떤 분야로 가게 될지 같은 분야로 가게 되는 것인지 왜 그곳으로 이직을 생각하는지 등에 대해서 이유에 대해서 물어볼 것입니다. 그리고 그 이유가 제가 생각하기에도 적합하고 그 길이 동료에게 옳은 길이라고 생각한다면 저는 동료의 길을 우선적으로 응원하고 지지해 줄 것이라 지지해 줄 것입니다. 사람들이 도전을 하는 것이 쉽지 않다는 것을 저는 잘 알고 있습니다. 따라서 이직 또한 동료에게 있어서는 큰 도전이자 모험이 될 수 있다고 생각합니다. 따라서 동료의 생각이 옳다고 판단되면 그 생각을 지지하고 응원해 주는 것 또한 저의 몫이라고 생각합니다. 감사합니다.","wordCount":129},"emotion":[],"intent":[{"text":"","expression":"","category":"attitude"}],"summary":{"text":"저는 제 주변에 이직을 생각하는 동료가 있다면 우선 왜 이직을 생각하는지 어떤 상황에서 어떤 마음가짐으로 그런 생각을 하게 되었는지 먼저 당사자의 의견을 들어보는 것이 중요하다고 생각합니다. 또한 그 이유가 제가 생각하기에도 적합하고 동료에게 옳은 길이라고 생각한다면 우선적으로 지지하고 지원해 줄 것입니다.","wordCount":41}}},"rawDataInfo":{"question":{"fileFormat":"wav","fileSize":448078,"duration":14000,"samplingBit":16,"channelCount":1,"samplingRate":"16kHz","audioPath":"/Mock/01.Management/Female/Experienced/ckmk_q_bm_f_e_180561.wav"},"answer":{"fileFormat":"wav","fileSize":2585358,"duration":80790,"samplingBit":16,"channelCount":1,"samplingRate":"16kHz","audioPath":"/Mock/01.Management/Female/Experienced/ckmk_a_bm_f_e_180561.wav"}}}