{"version":"1.0","dataSet":{"info":{"date":"20230116","occupation":"BM","channel":"MOCK","place":"ONLINE","gender":"FEMALE","ageRange":"35-44","experience":"EXPERIENCED"},"question":{"raw":{"text":"업무를 하다 보면 늘 분쟁이 발생하기 마련인데요 그때를 대비한 지원자님만의 특별한 대처법이 있을까요 만약 있다면 무엇인지 말씀해 주시겠습니까","wordCount":18},"emotion":[],"intent":[]},"answer":{"raw":{"text":"저는 업무가 발생했을 때 저만의 대처법이라고 한다면 저는 조금 신속하고 감정적으로 대응하지 않는 게 중요하다고 생각을 합니다. 왜냐하면 어떤 일이 발생을 했을 때는 가장 신속하고 빠르게 처리해야 하는데요. 그렇게 처리를 하다보면 아무래도 감정적으로 대응할 수가 있습니다. 하지만 분쟁은 결국에 감정에서 비롯되는 경우가 많았고 그리고 그 감정을 제대로 해소하지 못하면 나중에 문제가 더 악화되는 사례도 많이 봤습니다. 그렇기 때문에 쪼금 객관적이고 어 공정한 시선에서 바라봐야 한다고 생각을 하고요. 그리고 쪼금 더 냉철해질 필요가 있을 것 같습니다. 아무래도 분쟁이 발생했을 때는 여러 가지를 고려해야 되기 때문에 판단력에 미스가 생길 수가 있습니다. 하지만 그럴 때일수록 더 명확하고 냉철하게 판단을 해야 나중에 더 큰 문제가 발생하지 않는다고 생각을 합니다. 그렇기 때문에 저는 업무 분쟁이 발생했을 때 어 무엇보다 그 사건의 본질을 파악을 하고요. 그리고 어떻게 해결했을 때 우리 회사에 도움이 될 수 있는지를 냉철하게 보는 것 같습니다. 그래서 저는 쪼금 일을 할 때 냉철하고 이성적이면서 또 그걸 판단할 수 있는 능력이 있기 때문에 좀 잘 대처를 하는 편인 것 같습니다.","wordCount":156},"emotion":[],"intent":[{"text":"저는 업무가 발생했을 때 저만의 대처법이라고 한다면 저는 조금    신속하고 감정적으로 대응하지 않는 게 중요하다고 생각을 합니다.","expression":"c_adp","category":"personality"},{"text":"그렇기 때문에 저는 업무 분쟁이 발생했을 때 어 무엇보다 그 사건의 본질을 파악을 하고요.","expression":"c_adp","category":"personality"}],"summary":{"text":"업무가 발생했을 때 저만의 대처법이라면 신속하고 감정적으로 대응하지 않는 게 중요하다고 생각합니다. 분쟁은 결국에 감정에서 비롯되는 경우가 많았고 감정을 제대로 해소하지 못하면 나중에 문제가 더 악화되는 사례도 많이 봤기 때문에 저는 업무 분쟁이 발생했을 때 사건의 본질을 파악하고 어떻게 해결했을 때 회사에 도움이 되는지를 냉철하게 보는 것 같습니다.","wordCount":48}}},"rawDataInfo":{"question":{"fileFormat":"wav","fileSize":441678,"duration":13800,"samplingBit":16,"channelCount":1,"samplingRate":"16kHz","audioPath":"/Mock/01.Management/Female/Experienced/ckmk_q_bm_f_e_118934.wav"},"answer":{"fileFormat":"wav","fileSize":2752718,"duration":86020,"samplingBit":16,"channelCount":1,"samplingRate":"16kHz","audioPath":"/Mock/01.Management/Female/Experienced/ckmk_a_bm_f_e_118934.wav"}}}