{"version":"1.0","dataSet":{"info":{"date":"20230116","occupation":"BM","channel":"MOCK","place":"ONLINE","gender":"FEMALE","ageRange":"-34","experience":"EXPERIENCED"},"question":{"raw":{"text":"지원자님께서 요즘 공부하고 있는 게 있는지 궁금한데요 만약 있다면 그걸 왜 공부하시고 또한 지금까지 무엇을 배웠는지까지도 함께 설명해 주시기 바랍니다","wordCount":20},"emotion":[],"intent":[]},"answer":{"raw":{"text":"어 제가 최근에 하고 있는 공부는 직무와 직접적으로 연관이 돼 있는 공부는 아닌데요. 저는 최근에 악기 하나를 다루기 위해서 공부하고 있습니다. 어 제가 인생을 살아가면서 다룰 수 있는 그리고 능숙하게 그거를 활용할 수 있는 악기가 하나 있었으면 좋겠다 라는 생각이 들었고요. 최근에 바이올린을 켜는 연습을 하고 있습니다. 어 왜냐하면 그동안에 이제 업무를 하고 스펙을 쌓기 위해서 노력을 하면서 어 쪼금 저에게 소홀한 부분이 있었던 것 같습니다. 그래서 사실 악기를 다루기 위해서는 많은 연습이 필요하고 또 훈련이 필요한데요. 그럴 수 있는 시간을 갖기가 참 어려웠습니다. 하지만 그러다 드는 생각이 그거는 시간이 남아서 하는 일이 아니고 시간을 투자해야 되는 일이구나 라는 생각이 들었는데요. 그래서 최근에 악기를 하나 배우기 위해서 노력을 했고 제가 바이올린을 선택한 이유는 여러 가지로 활용이 가능하기 때문입니다. 다른 사람과 협주를 할 수도 있고 또 제가 바이올린은 갖고 다니기 편하기 때문에 여러 곳에서도 잘 다룬다면 연주가 가능하기 때문에 바이올린을 선택을 했습니다. 이렇게 저는 자기 개발을 하기 위해서 노력을 하고 있고요. 제 스스로 좀 만족하는 일들을 하기 위해서 여러 가지를 추구하고 경험하고 있습니다.","wordCount":162},"emotion":[{"text":"저는 최근에 악기 하나를 다루기 위해서 공부하고 있습니다.","expression":"u-fact","category":"neutral"},{"text":"최근에 바이올린을   켜는 연습을 하고 있습니다.","expression":"u-fact","category":"neutral"}],"intent":[{"text":"","expression":"","category":"attitude"}],"summary":{"text":"직무와 직접적으로 연관이 돼 있는 공부는 아니지만, 인생을 살아가면서 다룰 수 있고 활용할 수 있는 악기를 찾고 있습니다. 그래서 최근에 악기를 하나 배우기 위해서 노력을 했고, 다른 사람과 협주를 할 수도 있고, 갖고 다니기 편하기 때문에 여러 곳에서도 잘 다룬다면 연주가 가능하기 때문에 악기를 선택했습니다. 자기 개발을 위해서 노력하고 있고, 스스로 만족하는 일들을 위해 여러 가지를 추구하고 경험 중입니다.","wordCount":59}}},"rawDataInfo":{"question":{"fileFormat":"wav","fileSize":414158,"duration":12940,"samplingBit":16,"channelCount":1,"samplingRate":"16kHz","audioPath":"/Mock/01.Management/Female/Experienced/ckmk_q_bm_f_e_120259.wav"},"answer":{"fileFormat":"wav","fileSize":2870478,"duration":89700,"samplingBit":16,"channelCount":1,"samplingRate":"16kHz","audioPath":"/Mock/01.Management/Female/Experienced/ckmk_a_bm_f_e_120259.wav"}}}