{"version":"1.0","dataSet":{"info":{"date":"20230116","occupation":"BM","channel":"MOCK","place":"ONLINE","gender":"FEMALE","ageRange":"35-44","experience":"EXPERIENCED"},"question":{"raw":{"text":"어 지원자님께서 이제 면접에 합격하셔서 회사에 입사를 하셨는데 업무 내용이나 그 강도가 본인이 예상했던 것과 전혀 다른 경우라면 그때는 어떻게 하시겠습니까","wordCount":21},"emotion":[],"intent":[]},"answer":{"raw":{"text":"네 아무래도 저는 전에 회사에 다닐 때도 어 다니기 전에는 굉장히 복지가 좋다고 해서 입사 지원을 했습니다. 어 막상 입사를 하고 나니까 진짜 복지 혜택 이런 부분이 굉장히 좋아서 저는 만족을 하면서 다녔습니다. 하지만 입사를 하고 어느 정도 지났을 때 어 팀원에 이제 그 구성들이 좀 모자르게 됐고 제가 업무량이 지금 과다하게 좀 늘어나는 경우가 있었습니다. 그리고 저의 업무 뿐만이 아니라 또 다른 부서의 업무까지 맡게 되면서 굉장히 업무가 늘어났고 또 강도도 심했습니다. 어 하지만 저는 흔쾌하게 그 상황을 받아들이고 제가 할 수 있는 선에서 최선을 다해서 일을 했던 경험이 있는 것 같습니다. 어 아무래도 회사에 다니다 보면 제가 원치 않은 일을 하게 될 수도 있고 또 아니면 업무량이 몰리거나 그리고 힘든 순간도 있는 것 같습니다. 아마 모든 직장인들이 이 부분을 힘들어 하고 또 이겨내야 될 부분인 것 같은데요. 하지만 저는 그래도 제가 업무를 할 수 있다는 거에 감사를 하고 또 제가 만약에 최선을 다 했을 경우에도 힘들다 라고 하면 또 그것들을 다른 부서나 이런 것들에 이관 시킬 수 있고 또 말할 수 있는 기회가 있다고 생각을 해서 그 부분은 입사를 한 이후에 어 아마 최대한 적응을 해보고 그 상황에 맞춰서 유연하게 일을 해보도록 하겠습니다.","wordCount":185},"emotion":[],"intent":[{"text":"","expression":"","category":"attitude"}],"summary":{"text":"회사에 다니다 보면 원치 않은 일을 하게 될 수도 있고 업무량이 몰리거나 힘든 순간도 있는 것 같습니다. 하지만 저는 업무를 할 수 있다는 것에 감사를 하고 다른 부서나 이런 것들에 이관 시킬 수 있고 또 말할 수 있는 기회가 있다고 생각하여 그 부분은 입사를 한 이후에 최대한 적응을 해보고 그 상황에 맞춰서 유연하게 일을 해보도록 하겠습니다.","wordCount":56}}},"rawDataInfo":{"question":{"fileFormat":"wav","fileSize":641358,"duration":20040,"samplingBit":16,"channelCount":1,"samplingRate":"16kHz","audioPath":"/Mock/01.Management/Female/Experienced/ckmk_q_bm_f_e_118845.wav"},"answer":{"fileFormat":"wav","fileSize":2745678,"duration":85800,"samplingBit":16,"channelCount":1,"samplingRate":"16kHz","audioPath":"/Mock/01.Management/Female/Experienced/ckmk_a_bm_f_e_118845.wav"}}}