{"version":"1.0","dataSet":{"info":{"date":"20230116","occupation":"BM","channel":"MOCK","place":"ONLINE","gender":"FEMALE","ageRange":"45-54","experience":"EXPERIENCED"},"question":{"raw":{"text":"굉장히 젊은 나이에 사업을 빨리 시작하신 편인데 경영 지식을 쌓기 위해 따로 노력했던 것이 있으신가요","wordCount":15},"emotion":[],"intent":[]},"answer":{"raw":{"text":"제가 하고 있는 일에 대한 전문 분야를 좀 더 더 강화하기 위해서 일단 대학원에 진학을 했고요. 대학원에서 전문적인 지식과 음 다양한 경험들을 쌓았습니다. 그리고 어 전문적인 지식을 쌓는 것 이외에 중요한 것이 현장에서의 경험이기 때문에 어 세미나 세미나라던가 교육 참여라던가 이런 것들을 꾸준히 함으로써 제가 하고 있는 일들에 대한 음 현장성 그리고 클라이언트에 대한 대응 이런 것들이 쪼끔 더 현실적으로 신속하게 대응을 했었고 일을 하는 데 있어서 일단 제일 중요한 것은 자신감을 갖고 임했던 부분이었습니다. 그래서 업무에 대한 성과도 훨씬 좋았고 피드백도 빨랐습니다.","wordCount":83},"emotion":[],"intent":[{"text":"제가 하고 있는 일에 대한 전문 분야를 좀 더 더 강화하기 위해서 일단 대학원에   진학을 했고요.","expression":"c_imp","category":"personality"},{"text":"대학원에서 전문적인 지식과 음 다양한 경험들을 쌓았습니다.","expression":"c_private","category":"background"}],"summary":{"text":"대학원에 진학한 후, 다양한 경험을 쌓았습니다. 그 외에 현장 경험이 중요하기 때문에 세미나, 교육 참여 등을 통해 빠르게 대응했습니다. 그래서 업무에 대한 성과와 피드백도 빨랐습니다.","wordCount":25}}},"rawDataInfo":{"question":{"fileFormat":"wav","fileSize":392398,"duration":12260,"samplingBit":16,"channelCount":1,"samplingRate":"16kHz","audioPath":"/Mock/01.Management/Female/Experienced/ckmk_q_bm_f_e_181463.wav"},"answer":{"fileFormat":"wav","fileSize":1916878,"duration":59900,"samplingBit":16,"channelCount":1,"samplingRate":"16kHz","audioPath":"/Mock/01.Management/Female/Experienced/ckmk_a_bm_f_e_181463.wav"}}}