{"version":"1.0","dataSet":{"info":{"date":"20230116","occupation":"BM","channel":"MOCK","place":"ONLINE","gender":"FEMALE","ageRange":"35-44","experience":"EXPERIENCED"},"question":{"raw":{"text":"지원자분께서 그동안 속해 있던 조직이나 단체가 있으실 텐데 그 안에서 지원자분께서는 주로 어떠한 역할을 맡아 오셨는지 이야기해 주시면 좋을 것 같습니다","wordCount":21},"emotion":[],"intent":[]},"answer":{"raw":{"text":"저는 팀이나 조직에서 주로 적극적인 지지자의 역할을 담당하는 사람이었던 것 같습니다. 구성원들의 말을 잘 귀담아 듣고 리더가 미처 챙기지 못하는 부분을 캐치해서 단체 속에서 도움이 되도록 노력하는 편입니다. 리더가 정확한 목표와 방향대로 구성원들을 이끌어갈 수 있도록 뒤에서 묵묵히 지원해 주는 역할을 많이 하는 편이었고 그 일이 잘될 수 있도록 협조해 주는 그런 역할에 강점이 있는 사람이라고 생각합니다. 이러한 역할 때문에 제가 팀에 들어가 있으면 리더들에게 업무를 할 때 매우 수월하다 라는 피드백을 많이 받을 수 있었습니다.","wordCount":76},"emotion":[],"intent":[{"text":"리더가 정확한 목표와 방향대로 구성원들을 이끌어갈 수 있도록 뒤에서 묵묵히 지원해 주는 역할을 많이 하는 편이었고 그 일이 잘될 수 있도록 협조해 주는 그런 역할에 강점이 있는 사람이라고 생각합니다.","expression":"c_cop","category":"personality"}],"summary":{"text":"저는 리더가 정확한 목표와 방향대로 구성원들을 이끌어갈 수 있도록 옆에서 지원해 주는 역할을 많이 하는 편이었고 일이 잘될 수 있도록 협조해 주는 역할에 강점이 있는 사람이라고 생각합니다.","wordCount":27}}},"rawDataInfo":{"question":{"fileFormat":"wav","fileSize":522318,"duration":16320,"samplingBit":16,"channelCount":1,"samplingRate":"16kHz","audioPath":"/Mock/01.Management/Female/Experienced/ckmk_q_bm_f_e_190923.wav"},"answer":{"fileFormat":"wav","fileSize":1689038,"duration":52780,"samplingBit":16,"channelCount":1,"samplingRate":"16kHz","audioPath":"/Mock/01.Management/Female/Experienced/ckmk_a_bm_f_e_190923.wav"}}}