{"version":"1.0","dataSet":{"info":{"date":"20230116","occupation":"BM","channel":"MOCK","place":"ONLINE","gender":"FEMALE","ageRange":"-34","experience":"EXPERIENCED"},"question":{"raw":{"text":"여러 사람들이랑 같이 일을 하다 보면 아시겠지만 구성원들과 갈등이 생길 일이 있거든요 보통 이럴 때는 어떻게 대처하시고 해결하실까요","wordCount":18},"emotion":[],"intent":[]},"answer":{"raw":{"text":"아무래도 많은 사람들과 일하다 보면 갈등이 없기 보다는 생길 일이 더 많다고 저도 생각이 듭니다. 만약에 그런 갈등이 있으면 우선적으로 그 갈등의 요소를 찾을 것 같고요. 예를 들어서 이 에이가 문제다라고 하면은 이 에이를 해결하기 위해서 사람들과 이야기를 나누어 볼 것 같기는 합니다. 하지만 만약 사람과 사람 간의 그런 구성원들의 갈등이 많이 크다고 한다면 일단 그분들과 이야기를 나눠볼 거 같아요. 그래서 이분들의 상황을 들어보고 이분들의 감정에 공감을 한 다음에 제 의견을 얘기할 것 같습니다. 예를 들어서 우리 지금 이런 상황인데 너가 에이로 주장하고 있다는 거를 나는 알고 있어 니 입장에서는 나 나 같아도 에이라고 얘기했을 것 같애 그런데 지금 우리 상황이 이렇잖아 그래서 에이 이를 무작정 고수하기에는 조금 어려워서 내가 비를 얘기한 건데 그걸로 니가 조금 마 마음이 좀 속상했구나 그건 내가 말을 격하게 한 것 같아서 사과 할 게 하지만 지금 이런 상황 속에서 에이보다는 비가 조금 더 유용하기는 해 그러면 우리가 여기서 에이의 장점과 비 장점을 끄집어내서 함께 좋은 방면으로 갈 수 있게 노력하자. 우선은 우리 같은 팀이고 이걸 잘 이뤄내야 우리에게 더 도움이 되니까 이런 식으로 조금은 유하게 한 번 이야기를 해볼 것 같습니다.","wordCount":177},"emotion":[],"intent":[{"text":"만약에 그런 갈등이 있으면 우선적으로 그 갈등의   요소를 찾을 것 같고요.","expression":"c_confl_mg","category":"personality"},{"text":"예를 들어서 이 에이가 문제다라고 하면은 이 에이를 해결하기 위해서   사람들과 이야기를 나누어 볼 것 같기는 합니다.","expression":"c_confl_mg","category":"personality"},{"text":"하지만 만약 사람과 사람 간의   그런 구성원들의 갈등이 많이 크다고 한다면 일단 그분들과 이야기를 나눠볼 거   같아요.","expression":"c_confl_mg","category":"personality"},{"text":"그래서 이분들의 상황을 들어보고 이분들의 감정에 공감을 한 다음에 제 의견을    얘기할 것 같습니다.","expression":"c_confl_mg","category":"personality"}],"summary":{"text":"많은 사람들과 일하다 보면 갈등이 없을 때보다 생길 일이 더 많습니다. 갈등이 있으면 우선적으로 그 갈등 요소를 찾아야 합니다. 예컨대 이 에이가 문제라면 해결을 위해 사람들과 이야기를 나눠야 합니다. 하지만 갈등이 많이 크다면 먼저 그들의 감정에 공감을 한 뒤에 제 의견을 얘기해야 합니다. ","wordCount":43}}},"rawDataInfo":{"question":{"fileFormat":"wav","fileSize":419918,"duration":13120,"samplingBit":16,"channelCount":1,"samplingRate":"16kHz","audioPath":"/Mock/01.Management/Female/Experienced/ckmk_q_bm_f_e_166374.wav"},"answer":{"fileFormat":"wav","fileSize":2668238,"duration":83380,"samplingBit":16,"channelCount":1,"samplingRate":"16kHz","audioPath":"/Mock/01.Management/Female/Experienced/ckmk_a_bm_f_e_166374.wav"}}}