{"version":"1.0","dataSet":{"info":{"date":"20230116","occupation":"BM","channel":"MOCK","place":"ONLINE","gender":"FEMALE","ageRange":"-34","experience":"EXPERIENCED"},"question":{"raw":{"text":"인사 그룹이 일원으로서 갖춰야 할 것은 어 무엇이라고 생각하며 그 갖춰야 할 것에 대해서 세부적으로 설명을 좀 부탁드립니다","wordCount":18},"emotion":[],"intent":[]},"answer":{"raw":{"text":"어 두 가지를 볼 것 같습니다. 한 가지는 본인 업무에 대한 전문성이 얼마나 있는 사람인지를 볼 것 같고 다른 하나는 얼마나 이 사람이 조직 친화적인 사람인지를 볼 것 같습니다. 어 첫 번째로 전문 역량 같은 경우에는 무엇보다도 핵심 역량이겠죠. 어 해당 직무에서 얼마나 작업 능숙도가 있는지 얼마나 전문 지식이 있는지를 판단해서 이 사람이 조직에 얼마나 기여할 수 있는지를 볼 것 같고요. 하지만 그와 못지않게 중요한 부분은 바로 조직 친화도 조직 적응력이라고 생각을 합니다. 왜냐하면 회사라는 어 생리 자체가 혼자서 일할 수 없는 환경이기 때문에 아무리 전문 지식이 좋고 작업 능숙도가 뛰어나다고 하더라도 어 팀내 분위기를 저해할 수 있는 사람인 경우에는 어 지양하고 싶은 사람일 수 있기 때문에 음 그 전문 지식을 가지고 얼마나 팀 리딩을 하고 팀에 얼마나 잘 어우러져서 최대한의 시너지를 이끌어 낼 수 있는 사람인지를 파악을 할 것 같습니다. 그래서 이 두 가지가 어 밸런스가 잘 맞게 갖춰진 사람을 인사 팀에 입장에서 봤을 때 가장 선호할 것 같습니다.","wordCount":150},"emotion":[],"intent":[{"text":"","expression":"","category":"attitude"}],"summary":{"text":"본인 업무에 대한 전문성과 조직 친화적인 사람인지 두 가지를 볼 것 같습니다. 첫 번째는 핵심 역량인 전문 역량이고, 두 번째는 조직 적응력이라고 생각합니다. 왜냐하면 회사 자체가 혼자서 일할 수 없는 환경이기 때문에 전문 지식을 가지고 얼마나 팀 리딩을 하고 팀에 잘 어우러져서 시너지를 이끌어 낼 수 있는 사람인지를 파악할 수 있을 것입니다.","wordCount":52}}},"rawDataInfo":{"question":{"fileFormat":"wav","fileSize":569998,"duration":17810,"samplingBit":16,"channelCount":1,"samplingRate":"16kHz","audioPath":"/Mock/01.Management/Female/Experienced/ckmk_q_bm_f_e_173543.wav"},"answer":{"fileFormat":"wav","fileSize":2329038,"duration":72780,"samplingBit":16,"channelCount":1,"samplingRate":"16kHz","audioPath":"/Mock/01.Management/Female/Experienced/ckmk_a_bm_f_e_173543.wav"}}}