{"version":"1.0","dataSet":{"info":{"date":"20230116","occupation":"BM","channel":"MOCK","place":"ONLINE","gender":"FEMALE","ageRange":"45-54","experience":"EXPERIENCED"},"question":{"raw":{"text":"지원자님께서는 협업을 할 때 무엇을 가장 중요하게 생각하시나요 또한 왜 그것을 가장 중요하게 생각하시는지도 말씀해 주시기 바랍니다","wordCount":17},"emotion":[],"intent":[]},"answer":{"raw":{"text":"그 협업을 하는 상대방과 우리가 서로에게 진짜 챙겨가는 게 있는지가 중요한 것 같아요. 뭐 협업을 하는 이유가 그냥 하는 건 아니잖아요. 어떤 것들을 얻어가기 위해서 혹은 성취하기 위해서 하는 거니깐 진짜 우리가 저 사람들과 협업을 할 가치가 있나 저 사람들에게서 우리가 그거를 발견을 했는가 를 중요하게 생각할 것 같아요. 그리고 진행을 하다가도 서로에게 이게 득이 되는 게 하나도 없는 상황이라면 과감하게 중단할 수 있어야 되고 그것들을 충분하게 설명할 수 있는 능력이 있어야 된다고 생각을 합니다. 절대 이득이 나지 않는 것에 대해서 굳이 투자를 하지 않아야 한다고 생각해요.","wordCount":87},"emotion":[],"intent":[{"text":"어떤 것들을 얻어가기 위해서 혹은 성취하기 위해서 하는 거니깐   진짜 우리가 저 사람들과 협업을 할 가치가 있나   저 사람들에게서 우리가 그거를 발견을 했는가 를 중요하게 생각할 것 같아요.","expression":"c_value","category":"background"},{"text":"그리고 진행을 하다가도 서로에게 이게 득이 되는 게 하나도 없는 상황이라면 과감하게 중단할 수 있어야 되고   그것들을 충분하게 설명할 수 있는 능력이 있어야 된다고 생각을 합니다.","expression":"c_value","category":"background"}],"summary":{"text":"협업을 하는 상대방과 우리가 서로에게 득이 되는 게 하나도 없는 상황이라면 과감하게 중단할 수 있어야 되고 그것들을 충분하게 설명할 수 있는 능력이 있어야 된다고 생각합니다.","wordCount":25}}},"rawDataInfo":{"question":{"fileFormat":"wav","fileSize":409678,"duration":12800,"samplingBit":16,"channelCount":1,"samplingRate":"16kHz","audioPath":"/Mock/01.Management/Female/Experienced/ckmk_q_bm_f_e_156509.wav"},"answer":{"fileFormat":"wav","fileSize":1776078,"duration":55500,"samplingBit":16,"channelCount":1,"samplingRate":"16kHz","audioPath":"/Mock/01.Management/Female/Experienced/ckmk_a_bm_f_e_156509.wav"}}}