{"version":"1.0","dataSet":{"info":{"date":"20230116","occupation":"BM","channel":"MOCK","place":"ONLINE","gender":"FEMALE","ageRange":"35-44","experience":"EXPERIENCED"},"question":{"raw":{"text":"어 지원자님께서 대학 생활을 보내면서 어 여러 가지 어려운 점이 있으셨겠지만 그중에 가장 힘들었던 경험은 무엇인가요 그리고 그 경험을 어떻게 극복했는지도 말씀해 주시길 바랍니다","wordCount":24},"emotion":[],"intent":[]},"answer":{"raw":{"text":"대학 시절을 보내면서 제가 했었던 여러 가지 프로젝트 진행들이 저는 조금 어려웠던 경험인 것 같습니다. 예를 들면은 저는 이천 십 이 년도부터 시작해서 그때 당시에 산학 협력단이라는 게 막 생겼을 때 여러 가지 대회들을 마구 개최했었는데 산학 협력단에서 개최하는 모든 대회들을 다 출전했었던 경험들이 있습니다. 그때 당시에 일정 기간들이 겹쳐서 제 입장에서는 중복 참여가 됐었던 그런 대회가 몇 가지 있었는데요. 저 같은 경우에는 진행하고 있는 프로젝트가 뭐 세 개 이상이었었기 때문에 여러 가지 각기 다른 조직원들과 대화하고 또 직접 프로젝트들도 진행해보고 하는 과정들이 사실 굉장히 벅찰 때도 있었고 좀 어렵기도 했었습니다. 특히 시간 관리 영역이 제 입장에서는 좀 많이 힘들었었는데요. 최대한 짧은 시간 안에 한정된 시간을 효율적으로 활용하기 위해서 제가 가장 열심히 시간 관리를 했었던 그런 좋은 경험인 것 같습니다.","wordCount":120},"emotion":[],"intent":[{"text":"예를 들면은 저는 이천 십 이 년도부터 시작해서 그때 당시에 산학 협력단이라는 게 막 생겼을 때 여러 가지 대회들을 마구 개최했었는데   산학 협력단에서 개최하는 모든 대회들을 다 출전했었던 경험들이 있습니다.","expression":"c_private","category":"background"}],"summary":{"text":"저는 이천 십 이 년도부터 시작해서 산학 협력단에서 개최하는 모든 대회들을 다 참가했던 경험들이 있는데, 최대한 짧은 시간 안에 한정된 시간을 효율적으로 활용하기 위해서 가장 열심히 시간 관리를 했었던 그런 좋은 경험인 것 같습니다.","wordCount":34}}},"rawDataInfo":{"question":{"fileFormat":"wav","fileSize":531278,"duration":16600,"samplingBit":16,"channelCount":1,"samplingRate":"16kHz","audioPath":"/Mock/01.Management/Female/Experienced/ckmk_q_bm_f_e_195849.wav"},"answer":{"fileFormat":"wav","fileSize":2524878,"duration":78900,"samplingBit":16,"channelCount":1,"samplingRate":"16kHz","audioPath":"/Mock/01.Management/Female/Experienced/ckmk_a_bm_f_e_195849.wav"}}}