{"version":"1.0","dataSet":{"info":{"date":"20230116","occupation":"BM","channel":"MOCK","place":"ONLINE","gender":"FEMALE","ageRange":"35-44","experience":"EXPERIENCED"},"question":{"raw":{"text":"만약 본인이 지금 지원한 이 직무가 아닌 타 부서에 배치되게 된다면 어떻게 하시겠습니까 그래도 괜찮으신가요","wordCount":15},"emotion":[],"intent":[]},"answer":{"raw":{"text":"저는 제가 지원한 직무가 아닌 부서의 배치를 받게 된다면 저는 최대한 어 업무를 진행을 하고 또 다른 사람에게 도움을 많이 구하고 또 어 퇴근을 하고 교육을 받아서 제가 할 수 있는 만큼 어 그것들을 교육을 받아서 제가 최대한 그 일을 진행을 할 수 있도록 많은 노력을 어 할 것입니다. 어 제가 최대한 할 수 있는 일들을 많이 경험을 하고 새로운 경험을 하는 것을 또 좋아하기 때문에 제가 그것들을 도전해보고 또 그것들을 통해서 많이 배워갈 수 있다고 생각을 합니다. 그러나 제가 어 제가 할 수 없는 그런 역량이 있다면 뭐 포기를 하고 그것들을 어 다른 일에 뭐 노력 다른 일을 개발하는데 더 노력을 하도록 준비를 하겠습니다. 그래서 제가 평상시에 그리고 제가 가지고 있는 어 제가 전공을 한 부서와 다른 일을 하기 위해서 평상시에 여러 방면에서 많은 준비를 하고 또 국가에서 지원하는 교육들을 많이 받아서 어 제가 할 수 있는 역량들을 키워나가는 데 많은 노력을 가지고 있 더 하고 있습니다.","wordCount":148},"emotion":[],"intent":[{"text":"","expression":"","category":"attitude"}],"summary":{"text":"제가 지원한 직무가 아닌 부서의 배치를 받게 된다면 업무를 진행하고 교육을 받아서 할 수 있는 만큼 그 일을 할 수 있도록 노력을 할 것입니다. 제가 할 수 없는 역량이 있다면 다른 일을 개발하는데 더 노력을 하도록 하겠습니다. 그래서 평상시에 많은 준비를 하고 국가에서 지원하는 교육들을 많이 받아서 역량들을 키워나가고 있습니다.","wordCount":50}}},"rawDataInfo":{"question":{"fileFormat":"wav","fileSize":353678,"duration":11050,"samplingBit":16,"channelCount":1,"samplingRate":"16kHz","audioPath":"/Mock/01.Management/Female/Experienced/ckmk_q_bm_f_e_217669.wav"},"answer":{"fileFormat":"wav","fileSize":2564558,"duration":80140,"samplingBit":16,"channelCount":1,"samplingRate":"16kHz","audioPath":"/Mock/01.Management/Female/Experienced/ckmk_a_bm_f_e_217669.wav"}}}