{"version":"1.0","dataSet":{"info":{"date":"20230116","occupation":"BM","channel":"MOCK","place":"ONLINE","gender":"FEMALE","ageRange":"35-44","experience":"EXPERIENCED"},"question":{"raw":{"text":"네 만약에 상사가 업무와 무관한 일을 시킨다면 잘 수행하실 자신이 있는지요 아니면 그 업무를 수행하지 않을 것인지도 무척 궁금하네요","wordCount":19},"emotion":[],"intent":[]},"answer":{"raw":{"text":"저는 기본적으로 상사가 여러 가지 지금 하고 있는 업무와 관련이 없는 업무를 시킨 적도 있으시고요. 여러 가지 상황이 발생할 수 있다고 생각을 합니다. 물론 회사에 다니다 보면 제가 원하지 않기 또 여러 가지 제가 업무를 맡게 되거나 아니면 다른 사람이 그 자리를 비웠을 때 또 저한테 업무가 넘어 올 수도 있고요. 이렇게 뭐 여러 가지 변수에 대해서 전 유연하게 조금 대응을 하는 편인 것 같습니다. 왜냐하면 제가 어떤 거를 주장 하는 게 있어서 불가능하기 때문인데요. 당연히 회사의 진행 상황에 맞춰서 저는 그게 진행이 돼야 된다고 생각을 하고 저 또한 그거에 유연하게 대응하고 제 스스로 오히려 능력을 키워서 그 분야에서도 제가 맡은 업무가 아니더라도 좀 최선을 다하고 업무적인 역량을 발휘할 수 있도록 하겠습니다. 사실 저도 일을 하면서 제가 의도치 않게 여러 가지 업무를 받을 때가 있습니다. 그럴 때 오히려 제가 능력을 발휘를 해서 그 업무를 처리할 수 있다는 게 중요할 것 같고요. 만약에 상사가 전혀 무관한 일을 시키신다고 하면 그거에 대해서 상의는 해볼 수 있을 것 같습니다. 제가 할 수 있는 권한은 이렇게 이렇게 고 이거를 앞으로 수행하는데 이런 사항들이 발생할 것 같다 라고 해서 충분히 논의가 가능하고 협의가 된다면 저는 얼마든지 수행할 수 있는 자신이 있습니다.","wordCount":186},"emotion":[],"intent":[{"text":"당연히 회사의 진행 상황에 맞춰서 저는 그게   진행이 돼야 된다고 생각을 하고 저 또한 그거에 유연하게 대응하고 제 스스로 오히려   능력을 키워서 그 분야에서도 제가 맡은 업무가 아니더라도 좀 최선을 다하고   업무적인 역량을 발휘할 수 있도록 하겠습니다.","expression":"c_adp","category":"personality"},{"text":"만약에 상사가   전혀 무관한 일을 시키신다고 하면 그거에 대해서 상의는 해볼 수 있을 것 같습니다.","expression":"c_adp","category":"personality"},{"text":"제가 할 수 있는 권한은 이렇게 이렇게 고 이거를 앞으로 수행하는데 이런 사항들이 발생할 것 같다 라고 해서   충분히 논의가 가능하고 협의가 된다면 저는 얼마든지 수행할 수 있는 자신이   있습니다.","expression":"c_adp","category":"personality"}],"summary":{"text":"저는 기본적으로 상사가 여러 가지 지금 하고 있는 업무와 관련이 없는 업무를 시킨 적도 있고, 다른 사람이 그 자리를 비웠을 때 또 저한테 업무가 넘어 올 수도 있고, 여러 가지 변수에 대해서 유연하게 조금 대응을 하는 편인데, 회사 진행 상황에 맞춰서 진행이 되어야 한다고 생각을 하고, 스스로 능력을 키워서 그 분야에서도 최선을 다하고 업무적인 역량을 발휘할 수 있도록 하겠습니다.","wordCount":59}}},"rawDataInfo":{"question":{"fileFormat":"wav","fileSize":456078,"duration":14250,"samplingBit":16,"channelCount":1,"samplingRate":"16kHz","audioPath":"/Mock/01.Management/Female/Experienced/ckmk_q_bm_f_e_175874.wav"},"answer":{"fileFormat":"wav","fileSize":2844878,"duration":88900,"samplingBit":16,"channelCount":1,"samplingRate":"16kHz","audioPath":"/Mock/01.Management/Female/Experienced/ckmk_a_bm_f_e_175874.wav"}}}