{"version":"1.0","dataSet":{"info":{"date":"20230116","occupation":"BM","channel":"MOCK","place":"ONLINE","gender":"FEMALE","ageRange":"55-","experience":"EXPERIENCED"},"question":{"raw":{"text":"현대인은 하루 평균 세 번 거짓말을 하고 산다고 합니다 지원자님께서 해봤던 거짓말 중에 가장 기억에 남는 것은 무엇인가요","wordCount":18},"emotion":[],"intent":[]},"answer":{"raw":{"text":"네 저 역시도 화이트 거짓말을 해 본 적이 있습니다. 예를 들면 사실 오늘도 거짓말을 했었는데요. 그 거짓말은 음식점에서 했었습니다. 점심시간에 어 제 주변 친구가 어떤 것을 먹을지 저와 논의를 하면서 제가 화장실에 다녀온 사이에 음식을 이미 시켰었습니다. 사실 저는 매운 것을 전혀 못 먹는데 친구가 너무 맛있게 마라탕을 먹는 모습을 보면서 나도 이 음식이 참 맛있다 라고 거짓말을 하였습니다. 즉 상대방의 기분을 좋게 해주기 위해서 한 거짓말 이였고 오늘 중에 했던 그런 말 중에는 가장 기억에 남고 있습니다.","wordCount":78},"emotion":[],"intent":[{"text":"","expression":"","category":"attitude"}],"summary":{"text":"화이트 거짓말을 한 적 있습니다. 점심시간에 제 주변 친구가 매운 것을 못 먹는 친구 대신 마라탕을 먹었다는 거짓말을 했습니다. 이는 상대방의 기분을 좋게 해주기 위해서 한 거짓말 이였습니다.","wordCount":28}}},"rawDataInfo":{"question":{"fileFormat":"wav","fileSize":592078,"duration":18500,"samplingBit":16,"channelCount":1,"samplingRate":"16kHz","audioPath":"/Mock/01.Management/Female/Experienced/ckmk_q_bm_f_e_243983.wav"},"answer":{"fileFormat":"wav","fileSize":2545998,"duration":79560,"samplingBit":16,"channelCount":1,"samplingRate":"16kHz","audioPath":"/Mock/01.Management/Female/Experienced/ckmk_a_bm_f_e_243983.wav"}}}