{"version":"1.0","dataSet":{"info":{"date":"20230116","occupation":"BM","channel":"MOCK","place":"ONLINE","gender":"FEMALE","ageRange":"-34","experience":"EXPERIENCED"},"question":{"raw":{"text":"지원자님께서 입사 후에 기존에 원하던 일을 못 하게 된다면 어떻게 하실 건가요 그렇게 하실 이유도 말씀해 주시기 바랍니다","wordCount":18},"emotion":[],"intent":[]},"answer":{"raw":{"text":"어 주어진 업무가 저에게 맞다고 생각해셔서 주어졌기 때문에 일단은 그 업 주어진 업무에 대해서 어 책임감을 가지고 충실하게 업무에 임하겠습니다. 어 하지만 제가 계속 입사 전부터 그 업무를 원했다면 어 음 부장님께 그 업무에 대한 열정과 그 업무에 대한 의견과 어 아이디어들 같은 것들을 제시할 수 있을 것 같습니다.","wordCount":49},"emotion":[],"intent":[{"text":"","expression":"","category":"attitude"}],"summary":{"text":"주어진 업무에 충실하게 임하겠습니다. 부장님께 열정과 의견, 아이디어들 같은 것들을 제시할 수 있을 것 같습니다. 업무가 맞는다면 충실히 임할 것입니다.","wordCount":20}}},"rawDataInfo":{"question":{"fileFormat":"wav","fileSize":595278,"duration":18600,"samplingBit":16,"channelCount":1,"samplingRate":"16kHz","audioPath":"/Mock/01.Management/Female/Experienced/ckmk_q_bm_f_e_236407.wav"},"answer":{"fileFormat":"wav","fileSize":1114958,"duration":34840,"samplingBit":16,"channelCount":1,"samplingRate":"16kHz","audioPath":"/Mock/01.Management/Female/Experienced/ckmk_a_bm_f_e_236407.wav"}}}