{"version":"1.0","dataSet":{"info":{"date":"20230116","occupation":"BM","channel":"MOCK","place":"ONLINE","gender":"FEMALE","ageRange":"35-44","experience":"EXPERIENCED"},"question":{"raw":{"text":"어 만약에 일을 하거나 이제 프로젝트를 진행하던 중에 팀원과 불화가 생기는 상황이 발생할 수 있습니다 그런 경우에는 어떻게 해결하시겠습니까 그런 해결법과 이유를 함께 말씀해 주시기를 바랍니다","wordCount":26},"emotion":[],"intent":[]},"answer":{"raw":{"text":"일을 하면서 생기는 불안에 여러 가지 이유가 있겠지만 우선 저는 외부적인 요인과 내부적인 요인이 있다고 생각을 합니다. 외부적인 요인 또는 뭐 회사 업무에 의한 일이라면 외부적인 요인을 제거하기 위해 상사나 회사에 적극적으로 이제 대응을 할 것입니다. 하지만 저에 의해서 또는 내부적인 일로 인해 불화가 생긴다면 제일 첫 번째로 대화를 먼저 이끌어 나갈 것입니다. 누구의 잘잘못을 따지는 것이 아니라 일어날 이런 일이 일어나게 된 원인을 잘 설명하고 설득을 할 것입니다. 또한 불화의 원인이 저에게도 있을 수 있기 때문에 상대방의 마음을 잘 이해하려고 노력을 할 것입니다. 대화만큼 그 사람의 마음을 읽을 수 있는 조직 읽을 수 있는 게 제일 좋은 방법이기 때문이라고 생각하기 때문입니다.","wordCount":102},"emotion":[],"intent":[{"text":"하지만 저에 의해서 또는 내부적인 일로 인해 불화가 생긴다면 제일 첫 번째로 대화를 먼저 이끌어 나갈 것입니다.","expression":"c_confl_mg","category":"personality"},{"text":"또한 불화의 원인이 저에게도 있을 수 있기 때문에 상대방의 마음을 잘 이해하려고 노력을 할 것입니다.","expression":"c_confl_mg","category":"personality"}],"summary":{"text":"일을 하면서 생기는 불안에는 외부적인 요인과 내부적인 요인이 있다고 생각합니다. 외부적인 요인이나 내부적인 일로 인해 불화가 생긴다면 대화를 먼저 이끌어 나갈 것입니다. 그 이유는 대화만큼 그 사람의 마음을 잘 이해할 수 있는 조직을 읽을 수 있기 때문입니다.","wordCount":37}}},"rawDataInfo":{"question":{"fileFormat":"wav","fileSize":537678,"duration":16800,"samplingBit":16,"channelCount":1,"samplingRate":"16kHz","audioPath":"/Mock/01.Management/Female/Experienced/ckmk_q_bm_f_e_198459.wav"},"answer":{"fileFormat":"wav","fileSize":1769678,"duration":55300,"samplingBit":16,"channelCount":1,"samplingRate":"16kHz","audioPath":"/Mock/01.Management/Female/Experienced/ckmk_a_bm_f_e_198459.wav"}}}