{"version":"1.0","dataSet":{"info":{"date":"20230116","occupation":"BM","channel":"MOCK","place":"ONLINE","gender":"FEMALE","ageRange":"-34","experience":"EXPERIENCED"},"question":{"raw":{"text":"네 저의 일의 어 특성상 잔업이나 어 야근이나 외근이 많아질 수도 있는데요 어 이런 그 야근과 잔업과 외근을 잘 할 수 있으시겠는지요 한번 말씀해 주시겠습니까","wordCount":25},"emotion":[],"intent":[]},"answer":{"raw":{"text":"저는 일의 특성상 야근이나 잔업 외근이 많아질 수 밖에 없다고 생각합니다. 뭐든 일에 있어서 워라벨를 중요하게 생각하는 추세지만 저는 필요한 일이라면 잔업이나 외근이 많아질 수 있다고 생각합니다. 그 일의 일에 있어서 중요한 요소이고 피할 수 없는 요소라면 그 요소를 받아들이고 적응하고 해내가는 것도 저의 직무라고 생각합니다. 저는 워라밸를 지키는 것이 무조건적으로 좋다고 생각하지는 않습니다. 저의 일을 책임감있게 제가 맡은 바를 끝까지 해내는 것 또한 저의 능력이라고 생각하기 때문입니다. 따라서 저는 무조건적으로 야근이나 잔업 외근이 싫고 피하는 것이 아니라 그 일이 저에 하는 일에 있어서 필요하다고 생각되기 때문에 그 일을 제대로 수행하고 제가 맡은 바를 끝까지 제대로 책임감 있게 마무리하는 것이 가장 중요하고 그게 바로 일을 잘하는 것이라고 생각합니다. 따라서 저는 제 일을 끝까지 마무리 하기 위해서 노력할 것입니다. 감사합니다.","wordCount":119},"emotion":[],"intent":[{"text":"","expression":"","category":"attitude"}],"summary":{"text":"모든 일에 있어서 워라벨을 중요하게 생각하는 추세이지만 저는 필요한 일이라면 잔업이나 외근이 많아질 수 밖에 없다고 생각합니다. 하지만 워라밸을 지키는 것이 무조건적으로 좋다고 생각하지는 않으며 그 일을 제대로 수행하고 맡은 바를 끝까지 제대로 책임감 있게 마무리하는 것이 가장 중요하고 일이 잘한다는 것을 알고 있습니다.","wordCount":44}}},"rawDataInfo":{"question":{"fileFormat":"wav","fileSize":522318,"duration":16320,"samplingBit":16,"channelCount":1,"samplingRate":"16kHz","audioPath":"/Mock/01.Management/Female/Experienced/ckmk_q_bm_f_e_180798.wav"},"answer":{"fileFormat":"wav","fileSize":2529358,"duration":79040,"samplingBit":16,"channelCount":1,"samplingRate":"16kHz","audioPath":"/Mock/01.Management/Female/Experienced/ckmk_a_bm_f_e_180798.wav"}}}