{"version":"1.0","dataSet":{"info":{"date":"20230116","occupation":"BM","channel":"MOCK","place":"ONLINE","gender":"FEMALE","ageRange":"-34","experience":"EXPERIENCED"},"question":{"raw":{"text":"오늘 면접을 준비하시느라고 많은 고생을 하셨을 텐데요 각자 개인만의 어 면접을 준비하는 방식이 있다고 생각을 합니다 지원자님께서는 어떤 방식으로 면접을 준비하셨는지 말씀해 주시기 바랍니다","wordCount":24},"emotion":[],"intent":[]},"answer":{"raw":{"text":"네 우선 저는 면접에서 말이 잘 들려야 된다고 생각을 하여 말을 조금은 천천히 하고 또박또박하려고 굉장히 많은 노력을 했습니다. 제가 본래 말이 좀 빠른 편이고 지금 어떻게 보면 긴장해서 말을 빨리 해 줄 수 있습니다. 하지만 이것을 그냥 의식하지 않고 해버리면 더 빨리 해버리는 경향이 있어서요. 우선은 말에 조금 천천히 하는 노력을 했고 그리고 말에 조금 어느정도 유연하게 하는 능력이 필요하다고 생각을 해서 여러 가지 면접 상황을 가정하여 또 따로 연습을 했었습니다. 스터디 카페나 이런 데는 아무래도 조금 그런 이야기하는 장소로는 부적합해서 그냥 집에서 아무도 없을 때 이런 상황이라고 가정을 해서 앉아서 그런 질문을 보고 제가 답변을 한다던지 아니면 랜덤으로 질문이 나오는 창을 만들어서 제가 답변을 하는 그런 형태로 진행을 했습니다. 그래서 아무래도 많이 떨고 있다기보다는 아 이 친구가 조금은 안정됐구나 라는 생각이 들지 않으신가요","wordCount":125},"emotion":[],"intent":[{"text":"","expression":"","category":"attitude"}],"summary":{"text":"저는 면접에서 말이 잘 들려야 한다고 생각하여 말을 천천히 하고 또박또박하려고 많은 노력을 했습니다. 그리고 말에 조금 유연하게 하는 능력이 필요하다고 생각을 해서 여러 가지 면접 상황을 가정하여 따로 연습을 했는데, 아마 많이 떨기보다는 이 친구가 조금은 안정됐구나 라는 생각이 들도록 연습했습니다.","wordCount":42}}},"rawDataInfo":{"question":{"fileFormat":"wav","fileSize":593038,"duration":18530,"samplingBit":16,"channelCount":1,"samplingRate":"16kHz","audioPath":"/Mock/01.Management/Female/Experienced/ckmk_q_bm_f_e_165994.wav"},"answer":{"fileFormat":"wav","fileSize":2165838,"duration":67680,"samplingBit":16,"channelCount":1,"samplingRate":"16kHz","audioPath":"/Mock/01.Management/Female/Experienced/ckmk_a_bm_f_e_165994.wav"}}}