{"version":"1.0","dataSet":{"info":{"date":"20230116","occupation":"BM","channel":"MOCK","place":"ONLINE","gender":"FEMALE","ageRange":"35-44","experience":"EXPERIENCED"},"question":{"raw":{"text":"배달의민족을 사용하시면서 어 서비스에서 아쉬웠던 부분이 있었다면 어 무엇인지 말씀해 주세요","wordCount":11},"emotion":[],"intent":[]},"answer":{"raw":{"text":"어 저도 코로나 일 구 때문에 밖에서 외식을 못 하게 되면서 어 배달의 민족 앱을이 좀 많이 사용한 유저입니다. 그런데 이제 배달의 민족 뿐만이 아니라 경쟁이 심화되면서 여러 가지 앱 서비스를 활용해 보고 또 그것들을 제가 직접 체험해 본 경험들이 있는데요. 어 하지만 조금 아쉬운 점은 편리한 측면도 있지만 어떤 면에서는 너무 경쟁이 심화된 측면이 있고 또 천편일률적으로 서비스를 제공하고 있다라는 생각이 듭니다. 어 사실 뭐 음식 서비스라는 게 그 국한된 한정된 거 안에서 가겠지만 쪼끔 더 뭔가 서비스가 이 체계적으로 서로 이뤄지고 또 고객의 입장에서 서비스를 제공할 수 있었으면 좋겠다라는 생각이 들었습니다. 어쨌든 음식에 대한 카테고리 설정과 메뉴 이런 것들에 있어서 어 개인 사업자들 그러니까 운영하는 식당에서 그것들을 관리하겠지만 쪼끔 더 메뉴얼이 디테일해지고 그리고 쪼끔 더 디자인 측면에서 통일화 됐으면 좋겠다 라는 생각도 들었고요. 그리고 저희가 이제 참고를 할 때 보통 후기를 많이 참고를 하는데 후기 같은 경우도 쪼끔 어 좋은 거 나쁜 거 같은 건 배분도 잘 이루어졌으면 좋겠다 라고 해서 좀 소비자 입장에서 쪼끔 더 편리할 수 있는 그런 앱들이 개발되었으면 좋겠다 라는 생각을 했습니다.","wordCount":168},"emotion":[],"intent":[{"text":"어 하지만 조금 아쉬운 점은 편리한 측면도 있지만   어떤 면에서는 너무 경쟁이 심화된 측면이 있고 또 천편일률적으로 서비스를   제공하고 있다라는 생각이 듭니다.","expression":"m_critical","category":"attitude"},{"text":"어 사실 뭐 음식 서비스라는 게 그   국한된 한정된 거 안에서 가겠지만 쪼끔 더 뭔가 서비스가 이 체계적으로   서로 이뤄지고 또 고객의 입장에서 서비스를 제공할 수 있었으면 좋겠다라는 생각이 들었습니다.","expression":"m_critical","category":"attitude"},{"text":"어쨌든 음식에 대한 카테고리 설정과 메뉴 이런 것들에 있어서 어 개인   사업자들 그러니까 운영하는 식당에서 그것들을 관리하겠지만 쪼끔 더   메뉴얼이 디테일해지고 그리고 쪼끔 더 디자인 측면에서 통일화 됐으면 좋겠다 라는 생각도 들었고요.","expression":"m_critical","category":"attitude"},{"text":"그리고 저희가 이제 참고를 할 때 보통 후기를 많이 참고를 하는데 후기 같은   경우도 쪼끔 어 좋은 거 나쁜 거 같은 건 배분도 잘 이루어졌으면 좋겠다 라고 해서   좀 소비자 입장에서 쪼끔 더 편리할 수 있는 그런 앱들이 개발되었으면 좋겠다   라는 생각을 했습니다.","expression":"m_critical","category":"attitude"}],"summary":{"text":"배달의 민족 앱 뿐만 아니라 경쟁이 심화되면서 여러 가지 앱 서비스를 활용해 보고 또 그것들을 직접 체험해 본 경험들이 있습니다. 그런데 아쉬운 점은 편의성도 있지만 너무 경쟁이 심화된 측면이 있고 또 천편일률적으로 서비스를 제공하고 있다는 생각이 들고 조금 더 체계적으로 이뤄지고 또 고객의 입장에서 서비스를 제공할 수 있었으면 좋겠다는 생각이 들었습니다.","wordCount":51}}},"rawDataInfo":{"question":{"fileFormat":"wav","fileSize":422478,"duration":13200,"samplingBit":16,"channelCount":1,"samplingRate":"16kHz","audioPath":"/Mock/01.Management/Female/Experienced/ckmk_q_bm_f_e_175879.wav"},"answer":{"fileFormat":"wav","fileSize":2869198,"duration":89660,"samplingBit":16,"channelCount":1,"samplingRate":"16kHz","audioPath":"/Mock/01.Management/Female/Experienced/ckmk_a_bm_f_e_175879.wav"}}}