{"version":"1.0","dataSet":{"info":{"date":"20230116","occupation":"BM","channel":"MOCK","place":"ONLINE","gender":"FEMALE","ageRange":"35-44","experience":"EXPERIENCED"},"question":{"raw":{"text":"평소에 검색을 자주 하시는 편인가요 만약 자주 하시는 편이라면 어떤 검색을 주로 하시는지 또한 왜 하시는지 궁금합니다 말씀해 주세요","wordCount":19},"emotion":[],"intent":[]},"answer":{"raw":{"text":"네 저는 평상시에 포털을 통해서 뉴스를 자주 보는 편이기는 한 것 같습니다. 과거에는 부모님들이 왜 이렇게 뉴스를 볼까 라고 했더니 저도 오히려 제가 진짜 뉴스를 좋아하고 많이 보는 편인데요. 어 제가 좋아하는 뉴스는 경제 분야 관련된 뉴스인 것 같습니다. 아무래도 경제가 어떻게 돌아가고 있는지 파악을 하는 게 중요하다고 생각을 하고 있고요. 그리고 제가 직장인이지만 제가 재테크에 관심이 많습니다. 그렇기 때문에 재테크와 관련된 내용도 많이 찾아보고 공부를 하는 편인 것 같습니다. 그 뿐만이 아니라 사회에 돌아가는 뉴스도 많이 보게 되는데요. 지금 세상이 어떻게 돌아가고 또 지금 어떤 게 이슈가 되고 있는지 파악하는 게 점점 더 재미있어지는 것 같습니다. 그리고 그 뿐만이 아니라 제가 모르는 내용이나 또 궁금한 사항이 있으면 검색어를 활용해서 어 많이 공부를 하게 되는데요. 이런 검색이 간단하고 편할 뿐만이 아니라 어 또 제가 좋아하고 흥미있는 일이기 때문에 많이 검색어를 활용하고 또 뉴스도 많이 보는 편인 것 같습니다.","wordCount":138},"emotion":[],"intent":[{"text":"","expression":"","category":"attitude"}],"summary":{"text":"저는 평상시에 포털을 통해서 뉴스를 자주 보는 편인데, 경제 분야 관련된 뉴스인 것 같습니다. 그리고 사회에 돌아가는 뉴스도 많이 보고, 모르는 내용이나 궁금한 사항이 있으면 검색어를 활용해서 많이 공부합니다. 검색이 간단하고 편하며 또 흥미있는 일이기 때문에 많이 검색어를 활용하고 뉴스도 보는 편인 것 같습니다.","wordCount":44}}},"rawDataInfo":{"question":{"fileFormat":"wav","fileSize":552398,"duration":17260,"samplingBit":16,"channelCount":1,"samplingRate":"16kHz","audioPath":"/Mock/01.Management/Female/Experienced/ckmk_q_bm_f_e_118846.wav"},"answer":{"fileFormat":"wav","fileSize":2171278,"duration":67850,"samplingBit":16,"channelCount":1,"samplingRate":"16kHz","audioPath":"/Mock/01.Management/Female/Experienced/ckmk_a_bm_f_e_118846.wav"}}}