{"version":"1.0","dataSet":{"info":{"date":"20230116","occupation":"BM","channel":"MOCK","place":"ONLINE","gender":"FEMALE","ageRange":"35-44","experience":"EXPERIENCED"},"question":{"raw":{"text":"지원자님이 해외 파견 근무를 나가게 된다면 어느 나라에서 일을 하고 싶으신가요 그 이유도 함께 말씀해주세요","wordCount":15},"emotion":[],"intent":[]},"answer":{"raw":{"text":"제가 해외 파견 근무로 나가게 된다면 저는 미국으로 파견을 나가보고 싶습니다. 이왕 파견 근무를 할 것이면 제일 선진국인 미국에서 일을 배우게 되고 제 선진적인 업무 방법을 배울 수 있을 것 같기 때문입니다. 또한 저는 영어를 원활하게 할 수 있기 때문에 의사소통에서도 큰 문제가 없을 것이며 아무래도 조직적인 한국 문화보다는 조금 자유로운 분위기 속에서 나의 영역을 더욱더 펼칠 수 있을 것 같기 때문입니다. 또한 다양한 나라에서 오는 인재들이 모여있는 곳에서 다양한 민족들의 생활도 느껴볼 수 있는 것도 재미있는 경험이 될 것 같습니다. 이러한 다양하고 선진적인 업무를 배우고 느끼며 다시 한국으로 돌아온다면 업무를 할 때에도 회사를 위해 더 발전된 영향을 발휘할 수 있을 것 같습니다.","wordCount":103},"emotion":[],"intent":[{"text":"","expression":"","category":"attitude"}],"summary":{"text":"저는 해외 파견 근무로 나가게 된다면 선진국인 미국에서 일을 배우고 선진적인 업무 방법을 배울 수 있을 것 같아 미국으로 파견을 나가보고 싶습니다. 다양하고 선진적인 업무를 배우고 느끼며 다시 한국으로 돌아온다면 업무를 할 때에도 회사를 위해 더 발전된 영향을 발휘할 것 같습니다.","wordCount":41}}},"rawDataInfo":{"question":{"fileFormat":"wav","fileSize":443598,"duration":13860,"samplingBit":16,"channelCount":1,"samplingRate":"16kHz","audioPath":"/Mock/01.Management/Female/Experienced/ckmk_q_bm_f_e_246042.wav"},"answer":{"fileFormat":"wav","fileSize":1647438,"duration":51480,"samplingBit":16,"channelCount":1,"samplingRate":"16kHz","audioPath":"/Mock/01.Management/Female/Experienced/ckmk_a_bm_f_e_246042.wav"}}}