{"version":"1.0","dataSet":{"info":{"date":"20230116","occupation":"BM","channel":"MOCK","place":"ONLINE","gender":"FEMALE","ageRange":"35-44","experience":"EXPERIENCED"},"question":{"raw":{"text":"현 정부 들어서 공기업 민영화에 대한 정책이 조금 언론에 나타나는 거 같애요 본인이 생각했을 때 공기업을 민영화하는 것에 대해서 어떻게 생각하시나요 긍정적인가요 또는 부정적인가요","wordCount":24},"emotion":[],"intent":[]},"answer":{"raw":{"text":"저는 공기업이 민영화를 반대합니다. 민영화라는 것은 대주주가 민간기업을 운영하게 된다는 것입니다. 다른 나라의 사례를 들어보면 민영화로 인해 제약 값이 올라가면서 국민들이 피해를 입는 사례들이 많다고 알고 있습니다. 민영화가 되면 물론 장점도 많이 있겠지만 지금으로써 보면 전기 수도 등의 요금이 인상되거나 기업의 상황으로 인해 이런 것들을 사용하지 못하게 된다면 그 피해는 고스란히 국민들이 껴안게 되지 않을까라는 생각이고요. 공기업의 민영화에 대해서 경제학 관점에서 이론적 근거는 많을 수 있습니다. 대부분 효율성에 대한 부분일 것인데요. 하지만 공기업이 존재하는 가장 큰 이유는 효율성이 아닌 공익성에 있다고 생각합니다. 그래서 저는 공기업의 민영화를 반대하는 입장입니다.","wordCount":88},"emotion":[{"text":"민영화라는 것은 대주주가 민간기업을 운영하게 된다는 것입니다.","expression":"u-fact","category":"neutral"}],"intent":[{"text":"","expression":"","category":"attitude"}],"summary":{"text":"공기업의 민영화는 대주주가 민간기업을 운영하게 되는 것인데, 민영화로 인해 제약 값이 올라가면서 국민들이 피해를 보는 사례가 많은데, 공기업이 존재하는 가장 큰 이유는 공익성이기에 저는 공기업이 민영화를 반대하는 입장입니다.","wordCount":28}}},"rawDataInfo":{"question":{"fileFormat":"wav","fileSize":656078,"duration":20500,"samplingBit":16,"channelCount":1,"samplingRate":"16kHz","audioPath":"/Mock/01.Management/Female/Experienced/ckmk_q_bm_f_e_209536.wav"},"answer":{"fileFormat":"wav","fileSize":1952078,"duration":61000,"samplingBit":16,"channelCount":1,"samplingRate":"16kHz","audioPath":"/Mock/01.Management/Female/Experienced/ckmk_a_bm_f_e_209536.wav"}}}