{"version":"1.0","dataSet":{"info":{"date":"20230116","occupation":"BM","channel":"MOCK","place":"ONLINE","gender":"FEMALE","ageRange":"35-44","experience":"EXPERIENCED"},"question":{"raw":{"text":"현재 시장 상황에 대해서 한번 설명해 보시겠어요","wordCount":7},"emotion":[],"intent":[]},"answer":{"raw":{"text":"어 생각이 바뀌었어요. 원래는 많이 부정적이었는데요. 지금 최근 한 몇 개월 안에 좀 긍정적인 방향으로 많이 바뀌었어요. 왜냐하면 음 이거는 그런 기계로 대체할 수 없는 아 이게 또 다른 업들도 비슷한 경우로 느낄 것 같아서 쪼끔 애매하긴 한데 저는 이런 상담 업무야말로 사람이 사람을 안내를 해야 되는 일이기 때문에 기계가 어 할 수 있는 그 범위가 제한될 것 같아요. 그래서 어 사람 간에 정말 대화 다운 대화를 위해서는 그런 상담 업무에 사람이 하는 이 업무가 없어질 수 없지 않을까 이게 그까 사양 된다고 하죠. 그까 그런 과정에서 다시 깨닫고 오히려 조금 키우려고 유지하려고 하지 않을까 하는 생각을 해 보 해보았습니다 저도.","wordCount":101},"emotion":[],"intent":[{"text":"","expression":"","category":"attitude"}],"summary":{"text":"상담 업무는 사람이 안내를 해야 되기 때문에 기계의 범위가 제한될 것 같습니다. 대화 다운 대화를 위해서는 사람이 하는 상담 업무가 없어져야 하는데 그 과정에서 오히려 줄이려고 하지 않을까 하는 생각을 해 보았습니다.","wordCount":32}}},"rawDataInfo":{"question":{"fileFormat":"wav","fileSize":243278,"duration":7600,"samplingBit":16,"channelCount":1,"samplingRate":"16kHz","audioPath":"/Mock/01.Management/Female/Experienced/ckmk_q_bm_f_e_142664.wav"},"answer":{"fileFormat":"wav","fileSize":2867278,"duration":89600,"samplingBit":16,"channelCount":1,"samplingRate":"16kHz","audioPath":"/Mock/01.Management/Female/Experienced/ckmk_a_bm_f_e_142664.wav"}}}