{"version":"1.0","dataSet":{"info":{"date":"20230116","occupation":"BM","channel":"MOCK","place":"ONLINE","gender":"FEMALE","ageRange":"-34","experience":"EXPERIENCED"},"question":{"raw":{"text":"살면서 무엇인가 하나에 푹 빠져서 몰두해 본 적이 있다면 그것이 어떤 것이었을지 궁금합니다","wordCount":13},"emotion":[],"intent":[]},"answer":{"raw":{"text":"음 어 사회 생활 초기에 어 제가 그 한글 문서를 잘 쓰지 못해서 그거에 대한 스트레스가 좀 있었습니다. 그래서 한글 보고서를 잘 작성하기 위해서 어 교육도 듣고 또 저 나름대로 어 보고서 양식으로 어 일상 계획들을 세우고 또 여행을 갈 때에도 그 보고서 양식으로 어 개략적으로 정리했던 적이 있습니다. 어 정말 문서를 잘 쓰기 위해서 노력했던 경험이었다고 생각을 합니다.","wordCount":59},"emotion":[],"intent":[{"text":"","expression":"","category":"attitude"}],"summary":{"text":"사회 생활 초기에 한글 문서를 잘 쓰지 못해서 스트레스를 많이 받았는데, 보고서를 잘 작성하기 위해서 교육도 듣고 양식을 정리했던 경험이 있습니다.","wordCount":21}}},"rawDataInfo":{"question":{"fileFormat":"wav","fileSize":366158,"duration":11440,"samplingBit":16,"channelCount":1,"samplingRate":"16kHz","audioPath":"/Mock/01.Management/Female/Experienced/ckmk_q_bm_f_e_261968.wav"},"answer":{"fileFormat":"wav","fileSize":1291598,"duration":40360,"samplingBit":16,"channelCount":1,"samplingRate":"16kHz","audioPath":"/Mock/01.Management/Female/Experienced/ckmk_a_bm_f_e_261968.wav"}}}