{"version":"1.0","dataSet":{"info":{"date":"20230116","occupation":"BM","channel":"MOCK","place":"ONLINE","gender":"FEMALE","ageRange":"45-54","experience":"EXPERIENCED"},"question":{"raw":{"text":"지원자님 본인의 생각이 아니라 지원자님의 다른 주변인들이 생각하시는 지원자님의 단점과 장점을 각각 말씀 부탁드립니다","wordCount":14},"emotion":[],"intent":[]},"answer":{"raw":{"text":"저요 어 저는 유명한 동네에서도 유명하고 학창시절부터 유명한 네 그 뭐 소위 공붓벌레 뭐 일벌레 이러죠. 네 제가 그 일벌레에요 워커홀릭. 네 저는 일하는 게 너무 좋아요. 너무 재미있어서 집안에 가만히만 있는 거 제일 싫어하구요. 요리도 잘 못해요 저. 요리 하는 할 시간도 없고 식당 가서 밥 먹는 시간도 아까울 때도 있었어요. 그만큼 일하는 게 너무 즐겁고 어 정말 뭔가 저를 뜨겁게 하는 그런 부분이구요. 어 장점 뭐 좋아하는 바에 최선을 다한다 이런 거 그게 결국엔 일이니까 그러니까 워커홀릭이라는 거를 어 너무 거기에만 집중을 하니까 너무 심해 라고 하면서도 그 열정은 그렇게 알기 때문에 다들 인정을 안 할 수가 없죠. 네","wordCount":101},"emotion":[{"text":"너무 재미있어서 집안에 가만히만 있는 거 제일 싫어하구요.","expression":"n-distress","category":"negative"}],"intent":[{"text":"저요 어 저는 유명한 동네에서도 유명하고   학창시절부터 유명한 네 그 뭐 소위 공붓벌레 뭐 일벌레 이러죠.","expression":"c_private","category":"background"}],"summary":{"text":"일벌레인 저는 일하는 게 너무 즐거워서 가만히만 있는 걸 제일 싫어하고 요리도 잘 못하는데 그만큼 일하는 게 즐겁고 열정을 가지고 있다는 것을 알고 있습니다.","wordCount":24}}},"rawDataInfo":{"question":{"fileFormat":"wav","fileSize":524558,"duration":16390,"samplingBit":16,"channelCount":1,"samplingRate":"16kHz","audioPath":"/Mock/01.Management/Female/Experienced/ckmk_q_bm_f_e_179518.wav"},"answer":{"fileFormat":"wav","fileSize":2690318,"duration":84070,"samplingBit":16,"channelCount":1,"samplingRate":"16kHz","audioPath":"/Mock/01.Management/Female/Experienced/ckmk_a_bm_f_e_179518.wav"}}}