{"version":"1.0","dataSet":{"info":{"date":"20230116","occupation":"BM","channel":"MOCK","place":"ONLINE","gender":"FEMALE","ageRange":"35-44","experience":"EXPERIENCED"},"question":{"raw":{"text":"요즘 공부하고 있는 것이 따로 있으신가요 있다면 어떤 공부를 하고 계시며 또 그 공부를 왜 하고 계신지 궁금합니다 또한 지금까지 무엇을 배웠는지도 함께 말씀해 주세요","wordCount":25},"emotion":[],"intent":[]},"answer":{"raw":{"text":"예 요즘은 영어 공부를 시작하고 있습니다. 예전 직장에서 영어를 사용하지 않는 업무를 하다 보니 배웠던 영화가 점점 도태되어지고 또 코로나가 풀리면서 점점 해외에 나가고 글로벌화되는 세상에서 영어는 필수라고 느껴져서 다시 영어 공부를 시작하고 있습니다. 우선 영어 영상을 들으면서 따라 말하고 듣기 그리고 쓰기를 하고 있으며 화상 영어도 신청하여 회화 능력을 좀 더 끌어 끌어올리려고 노력하고 있습니다.","wordCount":56},"emotion":[],"intent":[{"text":"","expression":"","category":"attitude"}],"summary":{"text":"요즘은 영어가 꼭 필요하다고 느껴서 영어 영상을 들으며 따라 말하고 쓰기 그리고 화상 영어도 신청하여 회화 능력을 더 끌어 올리려고 노력하고 있습니다.","wordCount":22}}},"rawDataInfo":{"question":{"fileFormat":"wav","fileSize":551758,"duration":17240,"samplingBit":16,"channelCount":1,"samplingRate":"16kHz","audioPath":"/Mock/01.Management/Female/Experienced/ckmk_q_bm_f_e_192194.wav"},"answer":{"fileFormat":"wav","fileSize":1152718,"duration":36020,"samplingBit":16,"channelCount":1,"samplingRate":"16kHz","audioPath":"/Mock/01.Management/Female/Experienced/ckmk_a_bm_f_e_192194.wav"}}}