{"version":"1.0","dataSet":{"info":{"date":"20230116","occupation":"BM","channel":"MOCK","place":"ONLINE","gender":"FEMALE","ageRange":"35-44","experience":"EXPERIENCED"},"question":{"raw":{"text":"글로벌 인재에게 필수인 요소는 무엇일까요 면접자님께서는 그것을 갖추기 위해 어떤 노력을 하셨는지도 함께 답변 부탁드립니다","wordCount":15},"emotion":[],"intent":[]},"answer":{"raw":{"text":"글로벌 인재의 필수인 요소는 우선 커뮤니케이션 능력 도전 정신 열린 마음이 필수인 것 같습니다. 그 중 커뮤니케이션이 원활하게 하기 위해서는 외국어 능력이 필수입니다. 하지만 이제는 외국어 능력만으로는 성과를 낼 수 있는 글로벌 인재가 될 수 없습니다. 외국어 뿐만이 아니라 글로벌 문화에 대한 이해와 글로벌 사업 경력과 높은 통찰력 또한 필요하기 때문입니다. 따라서 얼마나 열린 마음으로 글로벌 문화를 이해하고 그 문화에 맞게 도전할 수 있는 도전 정신이 필요합니다. 저는 글로벌 인재가 되기 위해 꾸준히 외국어 공부를 하고 있습니다. 지금은 영어는 물론이고 중국어 학원을 다니며 언어적인 문제로 어려움이 없게 노력 중입니다. 그리고 지금은 코로나로 인해서 해외 나가기가 쪼끔 힘든 상황이라 화상 영어를 통해서 외국에 있는 여러 다양한 민족들과 대화를 나누며 그들이 가진 문화를 이해하고 영어 실력 또한 향상시키기 위해 노력 중입니다. 그리고 저는 해외 생활이 생활 경험이 다양합니다. 해외 여행은 물론이고 대학 졸업 후 이 년간 미국에서 인턴을 한 경험이 있기 때문에 해외 업무에 대한 두려움이 없습니다. 그렇기 때문에 제가 글로벌 인재의 필수적인 요건을 다 갖추고 있다고 생각하기 때문에 이 면접에서 꼭 이 회사의 지원을 해서 합격을 하고 싶습니다.","wordCount":167},"emotion":[],"intent":[{"text":"","expression":"","category":"attitude"}],"summary":{"text":"글로벌 인재의 필수 요소는 커뮤니케이션 능력 도전 정신 열린 마음이 필수인 것 같습니다. 그 중 외국어 능력만으로는 성과를 낼 수 있는 글로벌 인재가 될 수 없으므로 얼마나 열린 마음으로 글로벌 문화를 이해하고 그 문화에 맞게 도전할 수 있는 도전 정신이 필요합니다. 저는 글로벌 인재가 되기 위해 꾸준히 외국어 공부를 하고 화상 영어를 통해서 외국에 있는 여러 민족들과 대화를 나누며 영어 실력 또한 향상시키려 노력 중입니다.","wordCount":65}}},"rawDataInfo":{"question":{"fileFormat":"wav","fileSize":603278,"duration":18850,"samplingBit":16,"channelCount":1,"samplingRate":"16kHz","audioPath":"/Mock/01.Management/Female/Experienced/ckmk_q_bm_f_e_246033.wav"},"answer":{"fileFormat":"wav","fileSize":2753358,"duration":86040,"samplingBit":16,"channelCount":1,"samplingRate":"16kHz","audioPath":"/Mock/01.Management/Female/Experienced/ckmk_a_bm_f_e_246033.wav"}}}