{"version":"1.0","dataSet":{"info":{"date":"20230116","occupation":"BM","channel":"MOCK","place":"ONLINE","gender":"FEMALE","ageRange":"45-54","experience":"EXPERIENCED"},"question":{"raw":{"text":"면접자님께서 생각하시는 글로벌 인재에게 가장 필요한 필수 요소는 무엇일까를 말씀해 주시고 면접자님께서 그것을 위해 어떻게 노력을 하셨는지 말씀해 주셨으면 좋겠습니다","wordCount":20},"emotion":[],"intent":[]},"answer":{"raw":{"text":"글로벌 인재에게 필수인 요소는 세상을 바라보는 트인 눈과 귀와 마음이고 그리고 기본적으로 그 나라의 언어는 할 수 있어야 된다고 생각합니다. 그러기 위하여 저는 많은 곳을 여행을 했습니다. 패키지 여행을 하지 않고 거의 대부분의 저의 여행은 배낭여행이었습니다. 제 발로 걷고 뛰며 그렇게 해서 하는 여행을 좋아했습니다. 그리고 그곳에서 일을 하기 위하여 저는 그곳에 가서 언어를 배우기도 했습니다.","wordCount":56},"emotion":[],"intent":[{"text":"","expression":"","category":"attitude"}],"summary":{"text":"글로벌 인재에게 필수는 세상을 바라보는 트인 눈과 귀와 마음이고 그 나라의 언어는 기본입니다. 그래서 저는 배낭여행을 통해 일을 하기 위해 언어를 배우기도 했습니다.","wordCount":23}}},"rawDataInfo":{"question":{"fileFormat":"wav","fileSize":586958,"duration":18340,"samplingBit":16,"channelCount":1,"samplingRate":"16kHz","audioPath":"/Mock/01.Management/Female/Experienced/ckmk_q_bm_f_e_105091.wav"},"answer":{"fileFormat":"wav","fileSize":1763918,"duration":55120,"samplingBit":16,"channelCount":1,"samplingRate":"16kHz","audioPath":"/Mock/01.Management/Female/Experienced/ckmk_a_bm_f_e_105091.wav"}}}