{"version":"1.0","dataSet":{"info":{"date":"20230116","occupation":"BM","channel":"MOCK","place":"ONLINE","gender":"FEMALE","ageRange":"45-54","experience":"EXPERIENCED"},"question":{"raw":{"text":"지원자님이 창의력을 발휘해서 문제를 해결하신 경험이 있으시다면 그 과정들을 상세하게 설명해 주세요","wordCount":12},"emotion":[],"intent":[]},"answer":{"raw":{"text":"어 이거는 유명한 일화인데 제가 한 이 년 차 쯤에 이제 그 고객 신규 고객 유치를 하려고 제가 가게 상가에 갔다가 그때 원래 제 이제 좀 종종 가는 단골집까지는 아니더라도 가게에 갔어요. 그래서 사실 거기서는 제가 얘기를 안 할려고 그랬다가 거기서 본 그 고객이 그러니까 그냥 얘기를 하고 싶더라고요. 그래서 조금 이제 홍보를 하는데 너무 이제 막 계속 그 관심은 있는데 지금 그럴 시간이 없다 무슨 나중에 연락하자 라면서 계속 바빠 보이시길래 관심을 우선 가진 거는 저도 느껴서 또 이제 그게 그때 아니면 안 될 거라는 걸 알기 때문에 무슨 일이시냐 라고 제가 하면서 했더니 그분이 이제 네 그 장기자랑에 나가는 거였어요. 그런데 그게 전국 노래자랑이었고 이제 그 원래 같이 하기로 했던 그 도움 주기로 했던 분이 펑크가 나서 뭐가 안되고 있는 걸 네 제가 하겠다 라고 해서 제가 뒤에서 이제 막 옆에서 같이 보조를 맞춰주면서 하고 그날 바로 싸인 했습니다.","wordCount":141},"emotion":[],"intent":[{"text":"","expression":"","category":"attitude"}],"summary":{"text":"신규 고객 유치를 하려고 상가에 갔다가 본 고객에게 홍보를 하는데 너무 바쁘다고 나중에 연락하자고 하셨습니다. 근데 그때 아니면 안될 것 같아 무슨 일이냐 했더니 장기자랑에 나가는데 도움 주기로 했던 분이 펑이 났다하여 제가 뒤에서 보조를 맞춰주었고 그날 바로 사인 했습니다.","wordCount":40}}},"rawDataInfo":{"question":{"fileFormat":"wav","fileSize":298958,"duration":9340,"samplingBit":16,"channelCount":1,"samplingRate":"16kHz","audioPath":"/Mock/01.Management/Female/Experienced/ckmk_q_bm_f_e_179516.wav"},"answer":{"fileFormat":"wav","fileSize":2900558,"duration":90640,"samplingBit":16,"channelCount":1,"samplingRate":"16kHz","audioPath":"/Mock/01.Management/Female/Experienced/ckmk_a_bm_f_e_179516.wav"}}}