{"version":"1.0","dataSet":{"info":{"date":"20230116","occupation":"BM","channel":"MOCK","place":"ONLINE","gender":"FEMALE","ageRange":"45-54","experience":"EXPERIENCED"},"question":{"raw":{"text":"만약에 타 부서와 갈등 상황이 생긴다면 어떻게 해결해 가시겠습니까 이러한 갈등 상황을 가정하고 해결 방법에 대해서 말씀 해 주세요","wordCount":19},"emotion":[],"intent":[]},"answer":{"raw":{"text":"업무를 진행하다 보면 다른 부서들과 계속해서 커뮤니케이션을 해야 될 일들이 많을 텐데요. 그 과정에서 미스 커뮤니케이션이 생기게 되면은 우리는 갈등 상황이 생길 것이라고 생각합니다. 그래서 제가 생각할 때는 모든 커뮤니케이션은 계속해서 경청을 잘하는 기본 베이스가 굉장히 중요하다 라고 생각합니다. 왜냐하면 커뮤니케이션이라는 건 일방적인 대화가 아닌 양방향 소통을 의미합니다. 그래서 그 시작은 결국 타인의 말을 내가 귀담아 듣고 내가 이해한 바가 맞는지 다시 확인하는 과정을 통해서 우리는 설득의 연속인 우리 업무 커뮤니케이션은 잘 해낼 수 있다 라고 생각합니다.","wordCount":77},"emotion":[],"intent":[{"text":"","expression":"","category":"attitude"}],"summary":{"text":"업무 수행 중 다른 부서와 계속 커뮤니케이션을 하게 되면 갈등 상황이 생길 수 있습니다. 따라서 모든 커뮤니케이션은 경청을 잘하는 기본 베이스가 중요합니다. 양방향 소통을 통해 의사소통을 잘 한다면 업무 커뮤니케이션은 잘 해낼 수 있을 것입니다.","wordCount":35}}},"rawDataInfo":{"question":{"fileFormat":"wav","fileSize":502478,"duration":15700,"samplingBit":16,"channelCount":1,"samplingRate":"16kHz","audioPath":"/Mock/01.Management/Female/Experienced/ckmk_q_bm_f_e_191824.wav"},"answer":{"fileFormat":"wav","fileSize":2036558,"duration":63640,"samplingBit":16,"channelCount":1,"samplingRate":"16kHz","audioPath":"/Mock/01.Management/Female/Experienced/ckmk_a_bm_f_e_191824.wav"}}}