{"version":"1.0","dataSet":{"info":{"date":"20230116","occupation":"BM","channel":"MOCK","place":"ONLINE","gender":"FEMALE","ageRange":"-34","experience":"EXPERIENCED"},"question":{"raw":{"text":"우리 회사에 들어오면 가장 가고 싶은 부서와 왜 그 부서에 가고 싶은지 그 이유를 같이 말씀해 주세요","wordCount":17},"emotion":[],"intent":[]},"answer":{"raw":{"text":"저는 이 회사에 들어 온다면 인사 부서를 가고 싶습니다. 인사팀은 회사의 모든 것을 관할 합니다. 인사팀은 모든 업무에 대해서도 조금씩은 알고 있어야 하며 직원에 대해서도 조금씩 알고 있어야 합니다. 또한 회사에 대해서 일어나는 모든 이슈를 가장 먼저 알아야 하는 것도 인사 팀입니다. 인사 팀이 하는 일은 단순히 인적 관리 뿐만이 아닙니다. 어떻게 생각해보면 인사팀은 지원 업무입니다. 생산에 직접 참여하지도 않고 알엔디나 개발에 참여하지도 않습니다. 그러나 인사 팀이 없으면 회사가 잘 굴러가지 않습니다. 모든 업무를 하는 사람들을 서포트하는 역할이기 때문입니다. 그 서포트가 가장 중요한 것 중 하나입니다. 서포트를 잘 해야 회사가 잘 돌아가기 때문입니다. 묵묵히 지원 업무를 하고 회사에 대해 모든 걸 알 수 있는 인사팀에 들어가서 저의 꿈을 펼치고 싶습니다.","wordCount":110},"emotion":[],"intent":[{"text":"","expression":"","category":"attitude"}],"summary":{"text":"이 회사에 들어 온다면 인사 부서를 가고 싶습니다. 인사팀은 회사의 모든 것을 관할하며 모든 업무와 직원에 대해 알고 있어야 합니다. 또한 회사에 대해 일어나는 모든 이슈를 가장 먼저 알아야 하는 것도 인사 팀입니다. 인사 팀이 없으면 회사가 잘 굴러가지 않습니다.","wordCount":40}}},"rawDataInfo":{"question":{"fileFormat":"wav","fileSize":268878,"duration":8400,"samplingBit":16,"channelCount":1,"samplingRate":"16kHz","audioPath":"/Mock/01.Management/Female/Experienced/ckmk_q_bm_f_e_200580.wav"},"answer":{"fileFormat":"wav","fileSize":2595918,"duration":81120,"samplingBit":16,"channelCount":1,"samplingRate":"16kHz","audioPath":"/Mock/01.Management/Female/Experienced/ckmk_a_bm_f_e_200580.wav"}}}