{"version":"1.0","dataSet":{"info":{"date":"20230116","occupation":"BM","channel":"MOCK","place":"ONLINE","gender":"FEMALE","ageRange":"45-54","experience":"EXPERIENCED"},"question":{"raw":{"text":"만약에 지원자님께서 지금 보고 있는 이 면접에서 최종으로 최종 탈락을 했어요 만약에 최종 탈락하신다면 지원자님이 어떤 점이 부족해서 탈락했다고 생각하시겠어요","wordCount":20},"emotion":[],"intent":[]},"answer":{"raw":{"text":"뭐 제가 조금 더 저 제가 잘하던 분 저 일 잘하거든요. 네 그래서 제가 잘하는 일에 대해서 조금 더 그냥 솔직하게 너무 겸손 떨지 않고 얘기할 걸 그랬나 라고 한 번 생각이 들어올 것 같기는 해요. 네 근데 그것도 찰나고 잠깐이지 괜찮아요. 네 괜찮아요 저는. 저는 괜찮아요. 뭐 꼭 여기만 있는 것도 아니고 여기서 탈락한다고 해서 제가 자괴감에 빠지고 주눅 들고 이러지는 않을 거거든요 아실 것 같지만 이미. 그래서 저를 탈락시키셨으면 저한테도 탈락이기 때문에 음 아쉽지 않고 오히려 저를 거를 수 있는 어 그런 네 시야를 가진 회사였다는 걸 알고 이제 다음은 없다 라는 심정으로 다른 곳에 눈을 돌릴 것 같습니다. 네 저는 그만큼 자신이 있어요. 네 그럴 것 같습니다.","wordCount":110},"emotion":[],"intent":[{"text":"","expression":"","category":"attitude"}],"summary":{"text":"저는 잘하는 일에 대해 조금 더 겸손 떨지 않고 말할 걸 그했나 라는 생각이 들지만 저는 괜찮습니다. 제가 여기서 탈락한다고 해서 자괴감에 빠지고 주눅 들고 이러지는 않을 거잖아요. 그래서 저는 탈락시키신다면 저는 다른 곳으로 눈을 돌릴 것 같습니다.","wordCount":38}}},"rawDataInfo":{"question":{"fileFormat":"wav","fileSize":421198,"duration":13160,"samplingBit":16,"channelCount":1,"samplingRate":"16kHz","audioPath":"/Mock/01.Management/Female/Experienced/ckmk_q_bm_f_e_179522.wav"},"answer":{"fileFormat":"wav","fileSize":2690318,"duration":84070,"samplingBit":16,"channelCount":1,"samplingRate":"16kHz","audioPath":"/Mock/01.Management/Female/Experienced/ckmk_a_bm_f_e_179522.wav"}}}