{"version":"1.0","dataSet":{"info":{"date":"20230116","occupation":"BM","channel":"MOCK","place":"ONLINE","gender":"FEMALE","ageRange":"-34","experience":"EXPERIENCED"},"question":{"raw":{"text":"물류 업계에서 성공하기 위해서는 어떤 요소를 고려해야 된다고 생각하십니까 중요한 역량이라고 생각되는 것이 있다면 말씀 부탁드립니다","wordCount":16},"emotion":[],"intent":[]},"answer":{"raw":{"text":"물류업을 수행함에 있어 가장 중요한 역량은 바로 커뮤니케이션 능력이라고 생각합니다. 저는 커뮤니케이션이 비단 물류뿐만 아니라 모든 업무에 있어서 가장 중요한 능력이라고 생각합니다. 결국 모든 일은 기계와 기계끼리 하는 일이 아니라 사람과 사람 사이에서 이루어지는 일이라고 생각하기 때문입니다. 따라서 저는 업무를 함에 있어서 커뮤니케이션 능력이 가장 중요하다고 생각하고 저는 그 능력을 충분히 갖추었다고 생각합니다. 저는 대학 시절부터 부 과대를 병행하며 이 년 동안 찐 학생들과 교수님들과 커뮤니케이션을 통해 일을 수행한 경험이 있습니다. 또한 전시를 진행할 때 외부 업체에 발주를 넣을 때 등등 많은 사람들과 다양한 커뮤니케이션을 진행한 경험이 있습니다. 따라서 저는 제가 커뮤니케이션을 진행함에 있어 무리가 없고 능력을 잘 수행하고 있다고 생각합니다. 따라서 저는 물류업을 수행함에 있어도 막힘없이 커뮤니케이션을 해서 일을 막힘없이 진행할 것입니다. 감사합니다.","wordCount":114},"emotion":[],"intent":[{"text":"","expression":"","category":"attitude"}],"summary":{"text":"물류업을 수행함에 있어 가장 중요한 역량은 커뮤니케이션 능력이라고 생각합니다. 물류업은 사람과 사람 사이에서 이루어지는 일이라고 생각하기 때문에 저는 업무를 함에 있어서 커뮤니케이션 능력이 가장 중요하다고 생각하고 그 능력을 충분히 갖추었다고 생각합니다.","wordCount":31}}},"rawDataInfo":{"question":{"fileFormat":"wav","fileSize":434318,"duration":13570,"samplingBit":16,"channelCount":1,"samplingRate":"16kHz","audioPath":"/Mock/01.Management/Female/Experienced/ckmk_q_bm_f_e_180799.wav"},"answer":{"fileFormat":"wav","fileSize":2579278,"duration":80600,"samplingBit":16,"channelCount":1,"samplingRate":"16kHz","audioPath":"/Mock/01.Management/Female/Experienced/ckmk_a_bm_f_e_180799.wav"}}}