{"version":"1.0","dataSet":{"info":{"date":"20230116","occupation":"ICT","channel":"MOCK","place":"ONLINE","gender":"FEMALE","ageRange":"-34","experience":"EXPERIENCED"},"question":{"raw":{"text":"면접자님께서 최근에 재미있게 하고 있는 일이 있다면 무엇인지 왜 그 일이 재미있는지 이유와 함께 말씀해 주세요","wordCount":16},"emotion":[],"intent":[]},"answer":{"raw":{"text":"최근에 재미있게 하는 일들은 사실 정말 많지만 그래도 그중에서 그나마 이제 한 가지 뽑자면 제가 요새 영어 공부를 하는 일인데요. 영어 공부 같은 경우에는 이제 외국인하고 대화하는 일들이 정말 재미있고 실제로 수업도 외국인하고 같이 하고 있고 또 어 애플리케이션을 이용해서 모르는 외국인들과도 서로 소통을 해보고 그 외국인들의 문화도 공유하고 서로 이렇게 대화를 나누다 보면 어 제 개인적으로 뭔가 그 생각이 풍성해지는 느낌이 들고 사실 그 나라를 가지 않아도 그 나라의 어떤 문화를 느낄 수 있는 그런 생각이 들어서 그 일이 정말 재미있는 것 같습니다. 그래서 개인적으로 음 언어 공부를 굉장히 재미있게도 하지만 좀 열심히도 해서 제 개인적인 꿈인 어 여행을 가서 좀 즐기는 꿈도 실현됐으면 좋겠습니다.","wordCount":106},"emotion":[{"text":"최근에 재미있게 하는 일들은 사실 정말 많지만 그래도 그중에서 그나마 이제 한 가지 뽑자면 제가 요새 영어 공부를 하는 일인데요.","expression":"p-happiness","category":"positive"},{"text":"영어 공부 같은 경우에는 이제 외국인하고 대화하는 일들이 정말 재미있고 실제로 수업도 외국인하고 같이 하고 있고 또 어 애플리케이션을 이용해서 모르는 외국인들과도 서로 소통을 해보고 그 외국인들의 문화도 공유하고 서로 이렇게 대화를 나누다 보면 어 제 개인적으로 뭔가 그 생각이 풍성해지는 느낌이 들고 사실 그 나라를 가지 않아도 그 나라의 어떤 문화를 느낄 수 있는 그런 생각이 들어서 그 일이 정말 재미있는 것 같습니다.","expression":"p-happiness","category":"positive"},{"text":"그래서 개인적으로 음 언어 공부를 굉장히 재미있게도 하지만 좀 열심히도 해서 제 개인적인 꿈인 어 여행을 가서 좀 즐기는 꿈도 실현됐으면 좋겠습니다.","expression":"p-happiness","category":"positive"}],"intent":[{"text":"","expression":"","category":"attitude"}],"summary":{"text":"최근 재미있게 하는 일 중 하나가 영어 공부인데, 외국인과 대화하는 일이 재미있고, 애플리케이션으로 모르는 외국인과도 소통하고 문화도 공유하다 보면 생각이 풍성해지는 느낌이 들고, 그 나라의 문화도 느낄 수 있어 재미있는 것 같습니다.","wordCount":32}}},"rawDataInfo":{"question":{"fileFormat":"wav","fileSize":345678,"duration":10800,"samplingBit":16,"channelCount":1,"samplingRate":"16kHz","audioPath":"/Mock/05.ICT/Female/Experienced/ckmk_q_ict_f_e_277550.wav"},"answer":{"fileFormat":"wav","fileSize":2531598,"duration":79110,"samplingBit":16,"channelCount":1,"samplingRate":"16kHz","audioPath":"/Mock/05.ICT/Female/Experienced/ckmk_a_ict_f_e_277550.wav"}}}