{"version":"1.0","dataSet":{"info":{"date":"20230116","occupation":"ICT","channel":"MOCK","place":"ONLINE","gender":"FEMALE","ageRange":"-34","experience":"EXPERIENCED"},"question":{"raw":{"text":"우리 지원자가 생각했을 때 테스트하기 쉬운 코드로는 어떤 코드가 있는지 생각하고 말씀해 주시겠어요","wordCount":13},"emotion":[],"intent":[]},"answer":{"raw":{"text":"테스트 하기 가장 쉬운 코드는 알아보기 쉬운 코드라고 생각합니다. 어 다른 분들이 짠 코드를 알아 보는 게 저 같은 초보자의 경우에는 생각보다 쉽지 않은 일이기 때문에 주석이라던가 혹은 누구나 알아볼 수 있게 대중적으로 쉬운 코드로 짠 코드가 저는 가장 테스트하기 가장 쉬운 코드라고 생각하고요. 실제로 협업을 하는 사람 중에 코드를 쉽게 또 다른 분들이 보기 알맞게 쓰시는 분들이 정말 코드를 잘 쓰시는 분들이라고 개인적으로 생각하기도 합니다.","wordCount":66},"emotion":[],"intent":[{"text":"","expression":"","category":"attitude"}],"summary":{"text":"초보자에게는 주석이나 대중적으로 쉬운 코드로 짠 코드가 가장 쉬운 코드이고 실제로 협업하는 사람 중 코드가 잘 쓰이는 사람들도 실제로 잘 쓰시는 분들이라고 생각합니다.","wordCount":23}}},"rawDataInfo":{"question":{"fileFormat":"wav","fileSize":371918,"duration":11620,"samplingBit":16,"channelCount":1,"samplingRate":"16kHz","audioPath":"/Mock/05.ICT/Female/Experienced/ckmk_q_ict_f_e_177947.wav"},"answer":{"fileFormat":"wav","fileSize":1174798,"duration":36710,"samplingBit":16,"channelCount":1,"samplingRate":"16kHz","audioPath":"/Mock/05.ICT/Female/Experienced/ckmk_a_ict_f_e_177947.wav"}}}