{"version":"1.0","dataSet":{"info":{"date":"20230116","occupation":"ICT","channel":"MOCK","place":"ONLINE","gender":"FEMALE","ageRange":"55-","experience":"EXPERIENCED"},"question":{"raw":{"text":"지원자분께서 업무를 하실 때 분쟁이 발생할 때를 대비해서 지원자분 본인만이 가지고 계시는 대비 혹은 대처법이 있으신지 궁금합니다 있으시다고 하다면 그게 무엇인지 말해 주세요","wordCount":23},"emotion":[],"intent":[]},"answer":{"raw":{"text":"떤 업무냐에 따라서 달라지겠죠. 그렇지만 저 같은 경우에는 일단 현장을 그대로 보존하는 것이 굉장히 중요하다고 생각합니다. 만약에 필요하다면 씨씨티비 확보라든가 아니면 뭐 큰 음 어 육체적으로도 또 문제가 생길 수도 있겠죠. 그럴 때 동영상을 찍어 놓는다든가 뭐 이런 식의 현장 확보를 하는 게 제일 중요하다고 생각을 해요. 그래서 현장 확보를 해 놓으면 어 뭐 분쟁이 일어난 당사자나 아니면 또 그 분쟁을 또 대처해야 되는 직원들 자체가 어 그 현장을 보면서 어 현장을 보면서 기본적인 그 문제점을 볼 수 있고 또 보지 못했던 또 어떤 문제점들도 다시 한 번 더 확인할 수 있는 그런 일이 생기지 않을까 하는 생각이 드네요. 그래서 현장을 먼저 보존을 하고 필요하다면 씨씨티비나 어 해당되는 동영상을 찍어서 음 분쟁에 어 일어날 수 있는 뭐 실마리나 아니면 일어났을 때 일어나는 현상 같은 것을 일단 보존을 해 보도록 하겠습니다.","wordCount":130},"emotion":[],"intent":[{"text":"","expression":"","category":"attitude"}],"summary":{"text":"현장 보존과 현장 확보가 중요합니다. 분쟁 당사자나 직원들은 현장을 보면서 기본적인 문제점을 볼 수 있고, 보지 못했던 문제점들도 확인할 수 있기 때문입니다. 현장을 보존한 후, CCTV나 동영상으로 분쟁의 실마리나 일어날 수 있는 현상 등을 보존합니다.","wordCount":35}}},"rawDataInfo":{"question":{"fileFormat":"wav","fileSize":619598,"duration":19360,"samplingBit":16,"channelCount":1,"samplingRate":"16kHz","audioPath":"/Mock/05.ICT/Female/Experienced/ckmk_q_ict_f_e_300040.wav"},"answer":{"fileFormat":"wav","fileSize":2483278,"duration":77600,"samplingBit":16,"channelCount":1,"samplingRate":"16kHz","audioPath":"/Mock/05.ICT/Female/Experienced/ckmk_a_ict_f_e_300040.wav"}}}