{"version":"1.0","dataSet":{"info":{"date":"20230116","occupation":"ICT","channel":"MOCK","place":"ONLINE","gender":"FEMALE","ageRange":"45-54","experience":"EXPERIENCED"},"question":{"raw":{"text":"지원자님의 전공과 관련해서 최근에 부족하다고 느끼고 따로 추가적인 공부를 하고 있는 분야가 있으신지 만약에 있다면 상세하게 설명해 주시기 바랍니다","wordCount":19},"emotion":[],"intent":[]},"answer":{"raw":{"text":"자 제가 배웠던 기술들은 계속 급변하기 때문에 어 부족하다고 느끼는 부분은 굉장히 많습니다. 아이티가 이렇게 공부를 많이 해야 한다고 생각하면 예 좀 전공을 좀 바꽜을 수도 있을 것 같은데요. 아이티는 계속 변화하기 때문에 그 변화가 굉장히 빠르기 때문에 지속적인 학 공부를 하지 않고서는 살아남을 수 없는 곳이라고 생각을 합니다. 그리고 지금은 에이아이 라던가 메타버스가 어 굉장히 향후 한 이 삼십 년 간 큰 트렌드로 잡을 것이기 때문에 에이아이 와 메타버스 관련된 부분들을 공부를 하고 있습니다. 어 에이아이는 에이아이에 관련된 프로그래밍 언어를 공부를 하고 있구요. 메타버스는 환경을 좀 익숙해지기 위해서 환경적인 부분들 뭐 에이아이나 브이알 같은 것들 어떤 기기들이 활용이 되고 있는지 지금 발달 발전 상태는 어떤지 이런 것들을 좀 공부하면서 앞으로 미래에 대한 대응 준비를 하고 있습니다.","wordCount":117},"emotion":[{"text":"어 에이아이는 에이아이에 관련된 프로그래밍 언어를 공부를 하고 있구요.","expression":"u-fact","category":"neutral"}],"intent":[{"text":"그리고 지금은 에이아이 라던가 메타버스가 어 굉장히 향후 한 이 삼십 년 간 큰 트렌드로 잡을 것이기 때문에 에이아이 와 메타버스 관련된 부분들을 공부를 하고 있습니다.","expression":"c_imp","category":"personality"},{"text":"메타버스는 환경을 좀 익숙해지기 위해서 환경적인 부분들 뭐 에이아이나 브이알 같은 것들 어떤 기기들이 활용이 되고 있는지 지금 발달 발전 상태는 어떤지 이런 것들을 좀 공부하면서 앞으로 미래에 대한 대응 준비를 하고 있습니다.","expression":"c_imp","category":"personality"}],"summary":{"text":"아이티는 계속 변화하기 때문에 지속적인 학습이 필요합니다. 그리고 에이아이 와 메타버스에 관련된 부분을 공부하고 있습니다. 에이아이는 관련 프로그래밍 언어를 공부하고, 메타버스는 환경적인 부분들, 기기들이 활용되고 있는지 등을 공부하면서 미래에 대한 대응 준비를 하고 있습니다","wordCount":34}}},"rawDataInfo":{"question":{"fileFormat":"wav","fileSize":648398,"duration":20260,"samplingBit":16,"channelCount":1,"samplingRate":"16kHz","audioPath":"/Mock/05.ICT/Female/Experienced/ckmk_q_ict_f_e_272941.wav"},"answer":{"fileFormat":"wav","fileSize":2023758,"duration":63240,"samplingBit":16,"channelCount":1,"samplingRate":"16kHz","audioPath":"/Mock/05.ICT/Female/Experienced/ckmk_a_ict_f_e_272941.wav"}}}