{"version":"1.0","dataSet":{"info":{"date":"20230116","occupation":"ICT","channel":"MOCK","place":"ONLINE","gender":"FEMALE","ageRange":"45-54","experience":"EXPERIENCED"},"question":{"raw":{"text":"일을 하다 상사에게 어려운 지시를 받게 되었을 때는 어떻게 하실 건가요 그렇게 행동하시는 이유도 같이 설명해 주세요","wordCount":17},"emotion":[],"intent":[]},"answer":{"raw":{"text":"어떤 어려운 지시냐에 따라 다를 수 있을 것 같아요. 그래서 뭐 어려운 지시를 준다는 건 제가 뭐 이제 경력도 있는 편이기 때문에 그만큼 저를 신뢰를 하고 일을 처리를 했으면 해서 주어지는 것일 수도 있어서 그 부분을 헤아려서 어 저도 일을 잘 처리할 수 있게 노력해 보려고 하겠지만 그런데 이게 그게 어떤 일이냐에 따라 그 일의 성격에 따라 조금 달라질 수 있을 것 같습니다. 네 어려운 지시라고만 하시면 사람이 되게 여러 가지 생각을 하게 돼서요. 그래서 뭐 위법적인 일인지 그런 부분도 지금 생각이 들고 해서 만약에 그러한 일이라면 제가 회사를 위해서 그런 부분까지 감당해야 할 이유가 없어 가지고요. 저는 그것보다 그냥 법을 안전하게 지키는 사람으로서의 제가 더 소중하기 때문에 그러한 거라면 저는 그거를 수행하기 힘들고 그러한 부분이 아닌 단순한 그냥 일에 난이도라면 어쨌든 제가 할 수 있는 한해서 최대한으로 도움을 드리려고 노력을 할 것 같습니다.","wordCount":134},"emotion":[],"intent":[{"text":"","expression":"","category":"attitude"}],"summary":{"text":"어려운 지시란 게 어떤 일이냐에 따라 그 일의 성격에 따라 조금 달라질 수 있을 것 같습니다. 어려운 지시라고 보시면 위법적인 것인지도 걱정이 되고 그것보다 법을 안전하게 지키는 사람으로서의 제가 더 소중하기 때문에 그런 거라면 제가 할 수 있는 한 최대한 도움을 드리려고 노력을 할 것 같아여.","wordCount":46}}},"rawDataInfo":{"question":{"fileFormat":"wav","fileSize":312398,"duration":9760,"samplingBit":16,"channelCount":1,"samplingRate":"16kHz","audioPath":"/Mock/05.ICT/Female/Experienced/ckmk_q_ict_f_e_158684.wav"},"answer":{"fileFormat":"wav","fileSize":2805198,"duration":87660,"samplingBit":16,"channelCount":1,"samplingRate":"16kHz","audioPath":"/Mock/05.ICT/Female/Experienced/ckmk_a_ict_f_e_158684.wav"}}}