{"version":"1.0","dataSet":{"info":{"date":"20230116","occupation":"ICT","channel":"MOCK","place":"ONLINE","gender":"FEMALE","ageRange":"-34","experience":"EXPERIENCED"},"question":{"raw":{"text":"자신이 생각하는 자신의 장점과 단점이 아니라 지원자님의 다른 주변 사람들이 생각하는 지원자님의 장점과 단점이 있다면 모두 한 번 설명해 주시기 바랍니다 말씀 부탁드립니다","wordCount":23},"emotion":[],"intent":[]},"answer":{"raw":{"text":"다른 사람들이 생각했을 때는 저의 단점은 굉장히 예민해 보일 수도 있고 또 한편으로는 장점으로는 섬세하고 굉장히 집중적이다 어 섬세하다 이런 표현이 좀 맞을 것 같은데요. 어느 정도 꼼꼼한 면이 있는 것 같습니다. 제가 좀 지적하고 싶은 부분에서는요. 그래서 단점으로는 좀 지적을 다른 사람에게 하는 경우도 있고 또 제 자신에게도 좀 자책하는 경향이 있어서 다른 사람들이 보기에 조금 제가 안타까워 보일 수도 있는 것이 단점이며 장점으로는 그 부분이 아마 저를 더 성장하게 해주고 좀 더 발전시켜 주는 그런 부분이지 않을까 쉽습니다. 네","wordCount":81},"emotion":[],"intent":[{"text":"다른 사람들이 생각했을 때는 저의 단점은 굉장히 예민해 보일 수도 있고 또 한편으로는 장점으로는 섬세하고 굉장히 집중적이다","expression":"c_person","category":"background"},{"text":"어느 정도 꼼꼼한 면이 있는 것 같습니다.","expression":"c_person","category":"background"},{"text":"그래서 단점으로는 좀 지적을 다른 사람에게 하는 경우도 있고 또 제 자신에게도 좀 자책하는 경향이 있어서 다른 사람들이 보기에 조금 제가 안타까워 보일 수도 있는 것이 단점이며 장점으로는 그 부분이 아마 저를 더 성장하게 해주고 좀 더 발전시켜 주는 그런 부분이지 않을까 쉽습니다.","expression":"c_person","category":"background"}],"summary":{"text":"다른 사람이 봤을 때 제 단점은 예민하고 섬세할 수 있지만 제 자신에게도 자책하는 경향이 있는 것이 단점이며, 장점으로는 제가 더 성장하게 해주고 좀 더 발전시켜 주는 부분이 있지 않을까 싶습니다.","wordCount":30}}},"rawDataInfo":{"question":{"fileFormat":"wav","fileSize":614478,"duration":19200,"samplingBit":16,"channelCount":1,"samplingRate":"16kHz","audioPath":"/Mock/05.ICT/Female/Experienced/ckmk_q_ict_f_e_277545.wav"},"answer":{"fileFormat":"wav","fileSize":2515278,"duration":78600,"samplingBit":16,"channelCount":1,"samplingRate":"16kHz","audioPath":"/Mock/05.ICT/Female/Experienced/ckmk_a_ict_f_e_277545.wav"}}}