{"version":"1.0","dataSet":{"info":{"date":"20230116","occupation":"ICT","channel":"MOCK","place":"ONLINE","gender":"FEMALE","ageRange":"-34","experience":"EXPERIENCED"},"question":{"raw":{"text":"여러 사람들과 협업을 하면서 가장 어려웠던 점이 있었으면 그것은 무엇이었나요 그리고 그것을 어떻게 극복했는지도 말씀해 주세요","wordCount":16},"emotion":[],"intent":[]},"answer":{"raw":{"text":"아무래도 각자 살아온 환경이 다르고 가진 생각이 다르기 때문에 어 소통에 있어서 에이를 말하는데 비를 알아듣는다던가 에이를 말했는데 에이다시 처럼 조금 다르게 알아들으시는 경우가 굉장히 비일비재 했던 것 같습니다. 그런 면을 당사자분과 좀 더 깊게 이야기를 하면서 맞춰가는 과정이 굉장히 중요했다고 생각하고 생각했고 그렇게 맞춰가는 과정에서 서로 친밀하게 어 친해지는 과정이 어느 정도는 필요하다고 생각해서 대화하면서 스몰 토크를 많이 하는 편이기도 했고 또 요즘 비대면 업무가 많기 때문에 대면으로 만날 경우가 생기면은 주저 하지 않고 어 많이 많이 만나서 이야기를 해보고 어떤 분이신지 파악하기 위해 노력을 많이 했습니다.","wordCount":88},"emotion":[],"intent":[{"text":"","expression":"","category":"attitude"}],"summary":{"text":"소통에 있어 당사자분과 좀 더 깊게 이야기를 하면서 맞춰가는 과정이 굉장히 중요하다고 생각하고 생각했고, 그렇게 친해지는 과정이 필요하다고 생각해서 대화하면서 스몰 토크를 많이 하는 편이기도 했습니다.","wordCount":26}}},"rawDataInfo":{"question":{"fileFormat":"wav","fileSize":380878,"duration":11900,"samplingBit":16,"channelCount":1,"samplingRate":"16kHz","audioPath":"/Mock/05.ICT/Female/Experienced/ckmk_q_ict_f_e_177948.wav"},"answer":{"fileFormat":"wav","fileSize":1678158,"duration":52440,"samplingBit":16,"channelCount":1,"samplingRate":"16kHz","audioPath":"/Mock/05.ICT/Female/Experienced/ckmk_a_ict_f_e_177948.wav"}}}