{"version":"1.0","dataSet":{"info":{"date":"20230116","occupation":"ICT","channel":"MOCK","place":"ONLINE","gender":"FEMALE","ageRange":"-34","experience":"EXPERIENCED"},"question":{"raw":{"text":"지원자님 일을 하다 보면 영어로 서류를 작성해야 할 일이 생길 수 있습니다 지원자님이 영어로 서류를 작성할 수 있으신지 궁금합니다","wordCount":19},"emotion":[],"intent":[]},"answer":{"raw":{"text":"네 가능합니다. 영어로 서류를 작성해야 할 시에 할 시를 대비하기 위해서 어 많은 영 많은 문서를 영어로 작성해 본 경험이 있습니다. 또 워드 프로세서 문법이나 맞춤법 점검 프로그램을 사용하여 정확도 있게 전달해 드릴 드릴 자신감도 있고요 또 앞으로 영어 공부를 지속적으로 하면서 영어로 서류를 작성하는 일을 계속해서 연습할 예정입니다.","wordCount":49},"emotion":[],"intent":[{"text":"","expression":"","category":"attitude"}],"summary":{"text":"영어로 서류를 작성해야 할 시에 할 시를 대비하기 위해 많은 문서를 영어로 작성해 본 경험이 있습니다. 앞으로도 계속해서 연습할 예정입니다.","wordCount":20}}},"rawDataInfo":{"question":{"fileFormat":"wav","fileSize":446158,"duration":13940,"samplingBit":16,"channelCount":1,"samplingRate":"16kHz","audioPath":"/Mock/05.ICT/Female/Experienced/ckmk_q_ict_f_e_161363.wav"},"answer":{"fileFormat":"wav","fileSize":1225038,"duration":38280,"samplingBit":16,"channelCount":1,"samplingRate":"16kHz","audioPath":"/Mock/05.ICT/Female/Experienced/ckmk_a_ict_f_e_161363.wav"}}}