{"version":"1.0","dataSet":{"info":{"date":"20230116","occupation":"ICT","channel":"MOCK","place":"ONLINE","gender":"FEMALE","ageRange":"-34","experience":"EXPERIENCED"},"question":{"raw":{"text":"업무 시에 분쟁이 발생할 경우가 종종 있을 텐데요 그런 경우에 지원자님만의 특별한 대처법이 있나요 왜 있다면 무엇인지 궁금하네요","wordCount":18},"emotion":[],"intent":[]},"answer":{"raw":{"text":"업무시 분쟁이 발생할 때 일을 대비하기 위해서 먼저는 업무 시작 전에 각자의 업무 선을 먼저 물어보는 편입니다. 어 이 업무를 진행 할 때 보통 모호한 경계가 타부서에 있을 수 있고 또는 같은 부서내 다른 동료와 있을 수 있기 때문에 그런 모호한 지점에서 부딪치는 지점이 잦더라고요. 그래서 먼저는 그 지점에 대하여 파악하고 그 동료분과 먼저 이야기를 나누는 편입니다. 어떻게 대처를 할 건지 부딪칠 시에 누구의 의견을 수용할 것인지 그 이런 것을 미리 정해두고 어 이 업무를 시작하려고 하는 편입니다. 또 분쟁이 일어난다면 저는 보통 그냥 제가 양보를 하고 마는 편이기도 합니다.","wordCount":90},"emotion":[],"intent":[{"text":"업무시 분쟁이 발생할 때 일을 대비하기 위해서 먼저는 업무 시작 전에 각자의 업무 선을 먼저 물어보는 편입니다.","expression":"c_confl_mg","category":"personality"}],"summary":{"text":"업무시 분쟁이 발생할 때 일을 대비하기 위해 업무 시작 전에 각자의 업무 선을 먼저 물어보는 편입니다. 모호한 경계에서 부딪치는 지점이 잦기에 먼저 그 지점에 대하여 파악하고 그 동료분과 먼저 이야기를 나누는 편입니다.","wordCount":32}}},"rawDataInfo":{"question":{"fileFormat":"wav","fileSize":448718,"duration":14020,"samplingBit":16,"channelCount":1,"samplingRate":"16kHz","audioPath":"/Mock/05.ICT/Female/Experienced/ckmk_q_ict_f_e_177943.wav"},"answer":{"fileFormat":"wav","fileSize":1640398,"duration":51260,"samplingBit":16,"channelCount":1,"samplingRate":"16kHz","audioPath":"/Mock/05.ICT/Female/Experienced/ckmk_a_ict_f_e_177943.wav"}}}