{"version":"1.0","dataSet":{"info":{"date":"20230116","occupation":"ICT","channel":"MOCK","place":"ONLINE","gender":"FEMALE","ageRange":"-34","experience":"EXPERIENCED"},"question":{"raw":{"text":"만약에 본인이 일을 하게 되었을 때 그 팀이 코드 리뷰에 대해 보수적이고 페어를 완강하게 거부하는 곳이라면 본인은 어떻게 대처하실 건지 말씀해 주세요","wordCount":22},"emotion":[],"intent":[]},"answer":{"raw":{"text":"어 일단은 왜 코드 리뷰에 관하여 보수적이고 또 폐어를 거부하시는지 여쭈어 볼 것 같습니다. 일단 그 팀 분위기 자체가 코드 리뷰의 보수적인 이유가 있을 거라고 생각을 하고요. 그 이유가 합당하다면 또 저 또한 거기에 맞춰가는 게 좋을 것 같고 또 저도 이 이유를 알고 적응을 하는 것이 제 따른 여러 팀에 속하게 되었을 때도 추후에 도움이 되는 방향이라고 생각을 합니다. 그러나 너무 팀 분위기와 맞지 않다 싶으면 이제 다른 팀으로 옮기고 싶다고 말씀을 드릴 것 같습니다.","wordCount":76},"emotion":[],"intent":[{"text":"","expression":"","category":"attitude"}],"summary":{"text":"팀 분위기가 보수적이고 폐어를 거부하는 이유가 있을 것 같습니다. 그 이유가 합당하다면 다른 팀에도 적응하는 게 좋겠지만 그렇지 않다면 다른 팀으로 옮기고 싶습니다.","wordCount":23}}},"rawDataInfo":{"question":{"fileFormat":"wav","fileSize":477518,"duration":14920,"samplingBit":16,"channelCount":1,"samplingRate":"16kHz","audioPath":"/Mock/05.ICT/Female/Experienced/ckmk_q_ict_f_e_204845.wav"},"answer":{"fileFormat":"wav","fileSize":1360078,"duration":42500,"samplingBit":16,"channelCount":1,"samplingRate":"16kHz","audioPath":"/Mock/05.ICT/Female/Experienced/ckmk_a_ict_f_e_204845.wav"}}}