{"version":"1.0","dataSet":{"info":{"date":"20230116","occupation":"ICT","channel":"MOCK","place":"ONLINE","gender":"FEMALE","ageRange":"-34","experience":"EXPERIENCED"},"question":{"raw":{"text":"어 남들과는 다른 자신만의 경쟁력을 키우는 것을 중요합니다 남들과는 다른 자신만의 경쟁력을 키우기 위해 어 지원자님께서는 어떤 노력을 했는지 어 말씀해 주시길 바랍니다","wordCount":23},"emotion":[],"intent":[]},"answer":{"raw":{"text":"다른 분과 다른 저만의 경쟁력은 어 저는 커뮤니케이션 능력이 저만의 경쟁력이라고 생각을 합니다. 그 팀 분위기를 저하시키야 시키지 않으려고 굉장히 노력하는 편이고 또 리더분들에게는 굉장히 협조적인 조력자가 될 수 있는 사람이라고 어 생각을 합니다. 또 따른 분들의 의견을 듣는 것도 굉장히 중시하고 또 결단력이 빠르기 때문에 어 어떤 걸 하자 라고 했을 때 빨리 수긍하고 그러나 따른 분들의 의견을 들어가면서 진행하는 일 처리 굉장히 자신 있고 이런 면에 팀 프로젝트를 하면서 이런 역량을 많이 키웠습니다.","wordCount":75},"emotion":[],"intent":[{"text":"","expression":"","category":"attitude"}],"summary":{"text":"팀 프로젝트를 하면서 커뮤니케이션 능력이 저만의 경쟁력이라고 생각합니다. 팀 분위기를 저하시키지 않으려고 노력하고 리더분들의 협조적인 조력자가 될 수 있는 사람이라 생각합니다.","wordCount":21}}},"rawDataInfo":{"question":{"fileFormat":"wav","fileSize":476878,"duration":14900,"samplingBit":16,"channelCount":1,"samplingRate":"16kHz","audioPath":"/Mock/05.ICT/Female/Experienced/ckmk_q_ict_f_e_204852.wav"},"answer":{"fileFormat":"wav","fileSize":1410638,"duration":44080,"samplingBit":16,"channelCount":1,"samplingRate":"16kHz","audioPath":"/Mock/05.ICT/Female/Experienced/ckmk_a_ict_f_e_204852.wav"}}}