{"version":"1.0","dataSet":{"info":{"date":"20230116","occupation":"ICT","channel":"MOCK","place":"ONLINE","gender":"FEMALE","ageRange":"45-54","experience":"EXPERIENCED"},"question":{"raw":{"text":"지원자님께서는 본인이 교번 근무에 잘 적응할 수 있다고 생각하십니까 그렇다면 그 근거랑 함께 얘기해 주세요","wordCount":15},"emotion":[],"intent":[]},"answer":{"raw":{"text":"교번 근무요 이게 얘기만 들었지 사실 제가 해본 적은 없어서요. 어 저는 사실 지금 잘 적응할 수 있을지는 모르겠습니다. 네 그렇다고 제가 딱 뭐 나인 투 식스로 이렇게 딱 규칙적으로 뭔가 루틴화되게 어 일을 하는 걸 좋아하는 편은 아닌데요. 어 그래도 아예 근무 시스템 자체가 쪼금 그렇게 돼 버리면 그것도 편하지는 않을 것 같은 그까 편하지 않다기보다 음 그 일을 하는 데 있어서 도움이 될 것 같지는 않다고 지금 생각이 듭니다. 안정적이지 않다고 해야 될까요 그런데 또 사실 지금 현재로서의 저의 그냥 생각이 이런 거지 막상 이렇게 해야 된다고 하면 잘 적응할 수 있을 것 같기는 해요. 사람이 적응의 동물이고 해야 된다면 해야죠. 그래서 이 근무 시스템으로 이루어지고 이렇게 해야 된다면 네 할 수 있습니다.","wordCount":115},"emotion":[],"intent":[{"text":"","expression":"","category":"attitude"}],"summary":{"text":"교번 근무가 일을 하는 데 있어서 도움이 될 것 같지는 않습니다. 그렇지만 사람이 적응의 동물이고 해야 된다면 해내야 한다면 할 수 있습니다.","wordCount":22}}},"rawDataInfo":{"question":{"fileFormat":"wav","fileSize":332878,"duration":10400,"samplingBit":16,"channelCount":1,"samplingRate":"16kHz","audioPath":"/Mock/05.ICT/Female/Experienced/ckmk_q_ict_f_e_158689.wav"},"answer":{"fileFormat":"wav","fileSize":2772558,"duration":86640,"samplingBit":16,"channelCount":1,"samplingRate":"16kHz","audioPath":"/Mock/05.ICT/Female/Experienced/ckmk_a_ict_f_e_158689.wav"}}}