{"version":"1.0","dataSet":{"info":{"date":"20230116","occupation":"ICT","channel":"MOCK","place":"ONLINE","gender":"FEMALE","ageRange":"45-54","experience":"EXPERIENCED"},"question":{"raw":{"text":"다른 사람이 생각하는 어 지원자님의 장점 단점은 어 뭐라고 생각하시는지 알고 계신가요 어 알고 계시다면 그 이유도 함께 말씀해 주십시오","wordCount":20},"emotion":[],"intent":[]},"answer":{"raw":{"text":"저는 어 현재까지는 일에 대한 업무에 대한 실수가 없었습니다. 네 굳이 따지면 통계로는 제로입니다 현재는. 그만큼 업무에 대해서 제 스스로 자신이 있는 편이라고 말씀드릴 수 있어요. 꼼꼼하고요. 그리고 굉장히 계산적입니다 일에 대해서는. 그래서 다 따져가면서 일을 진행을 하기 때문에 당연히 변수가 생기는 것도 많았죠. 하지만 그 부분 부분도 아예 몰랐다고는 할 수 없을 것 같아요. 그래서 꼭 변수라는 말이 들어맞지 않는 말일 수도 있기는 하다고 인정을 합니다. 하지만 어쨌든 저는 실수를 덜 하는 것도 아니고 안 한 네 그런 지금 자체적인 평으로 그렇게 갖고 있고 네 많이들 인정을 하고요. 단점은 어 제가 상당히 상당한 개인주의자입니다. 그래서 그렇게 교류가 동료들과 활발하지 않기 때문에 그 부분에 있어서 많이들 얘기해 주시는 어떤 약점 단점이 있습니다.","wordCount":112},"emotion":[],"intent":[{"text":"단점은   어 제가 상당히 상당한 개인주의자입니다.","expression":"c_person","category":"background"},{"text":"그래서 그렇게 교류가   동료들과 활발하지 않기 때문에 그 부분에 있어서 많이들 얘기해 주시는 어떤 약점 단점이 있습니다.","expression":"c_person","category":"background"}],"summary":{"text":"업무 업무에 대한 실수는 없습니다. 통계로는 제로이며 제 스스로가 자신이 있는 편입니다. 계산적이지만 변수를 잘 활용합니다. 단점은 제가 개인주의자이기 때문에 교류가 활발하지 않다는 점입니다.","wordCount":24}}},"rawDataInfo":{"question":{"fileFormat":"wav","fileSize":561358,"duration":17540,"samplingBit":16,"channelCount":1,"samplingRate":"16kHz","audioPath":"/Mock/05.ICT/Female/Experienced/ckmk_q_ict_f_e_158686.wav"},"answer":{"fileFormat":"wav","fileSize":2867918,"duration":89620,"samplingBit":16,"channelCount":1,"samplingRate":"16kHz","audioPath":"/Mock/05.ICT/Female/Experienced/ckmk_a_ict_f_e_158686.wav"}}}