{"version":"1.0","dataSet":{"info":{"date":"20230116","occupation":"ICT","channel":"MOCK","place":"ONLINE","gender":"FEMALE","ageRange":"55-","experience":"EXPERIENCED"},"question":{"raw":{"text":"지금까지 살아오시면서 가장 힘들었던 경험은 무엇인가요 지원자님은 그 상황을 어떻게 극복하셨는지 말씀 부탁드립니다","wordCount":13},"emotion":[],"intent":[]},"answer":{"raw":{"text":"가장 힘들었던 경험이요. 음 남편의 교통사고가 아닌가 하는 생각이 드네요. 어 한 서른 중반에 아 교통사고가 났고 그 교통사고 때문에 아주 힘들고 또 직장도 잃고 중환자실에 한 달 정도 있으면서 어 어 건강적으로도 되게 힘들었죠. 예 아 또 그 아이엠에프 시기와 또 겹쳐지면서 아주 힘든 상황을 저는 겪었습니다. 어 어떻게 극복했냐고요. 음 가족이죠. 예 저의 어린 자녀가 있었어요. 어 아무 것도 모르죠. 예 모르면서도 어 그때 저는 어린이집에 처음 아들을 보냈어요. 아들이 아주 힘든데도 불구하고 갔다 오면서 저한테 파이팅이라고 얘길 해주면서 엄마 어 힘내세요 하면서 노래를 불러줄 때 아 정말 어 눈물 없이 볼 수 없는 예 그런 경험이었었죠. 가족의 힘으로 극복했습니다.","wordCount":102},"emotion":[],"intent":[{"text":"","expression":"","category":"attitude"}],"summary":{"text":"남편의 교통사고가 가장 힘들었던 경험입니다. 아이엠에프 시기와 겹치면서 아주 힘든 상황을 겪었습니다. 가족의 힘으로 극복했습니다. 어린 자녀가 힘들데도 불구하고 저한테 응원의 말을 해 줄 때 가족의 힘으로 극복할 수 있었습니다.","wordCount":30}}},"rawDataInfo":{"question":{"fileFormat":"wav","fileSize":617038,"duration":19280,"samplingBit":16,"channelCount":1,"samplingRate":"16kHz","audioPath":"/Mock/05.ICT/Female/Experienced/ckmk_q_ict_f_e_274956.wav"},"answer":{"fileFormat":"wav","fileSize":2201038,"duration":68780,"samplingBit":16,"channelCount":1,"samplingRate":"16kHz","audioPath":"/Mock/05.ICT/Female/Experienced/ckmk_a_ict_f_e_274956.wav"}}}