{"version":"1.0","dataSet":{"info":{"date":"20230116","occupation":"ICT","channel":"MOCK","place":"ONLINE","gender":"FEMALE","ageRange":"45-54","experience":"EXPERIENCED"},"question":{"raw":{"text":"지금부터 삼 년 뒤까지 그러니까 삼 년 내의 주요 성장 계획이나 목표가 있다면 그것은 무엇인가요","wordCount":15},"emotion":[],"intent":[]},"answer":{"raw":{"text":"지금 메타버스가 어느 정도 활성화 되어 있긴 하지만 어떤 커뮤니케이션 공간으로서는 조금 무거운 경향이 있습니다. 어 일단은 그 뭐 사용되는 그래픽이 워낙 좀 방대하기 때문에 어 모바일에서 하기에는 조금 아직은 어려운 부분들이 있습니다 하지만 향후 삼 년 안에 반도체의 성장과 발달을 보았을 때는 앞으로는 그 사용자들이 쓰고 있는 카카오나 네이버 이런 커뮤니케이션 수단이 메타버스 형태로 바뀔 것이라고 생각을 합니다. 이에 관련해서 저희 회사가 좀 선점을 하면 어떨까 예 그래서 그쪽 프로젝트를 좀 진행을 해 보고 싶구요. 어 메타버스를 통한 어 에스엔에스를 시장을 조금 확보하는 것이 저희 삼 년 안에 그 성장 계획 목표입니다.","wordCount":93},"emotion":[],"intent":[{"text":"","expression":"","category":"attitude"}],"summary":{"text":"반도체의 성장과 발달을 보았을 때 앞으로 사용자들이 쓰는 커뮤니케이션 수단이 메타버스 형태로 바뀔 것입니다. 이에 관해 회사 차원에서 프로젝트를 진행하고 싶으며, 메타버스를 통한 소셜미디어 시장을 확보하는 것이 우리의 성장 계획 목표입니다.","wordCount":31}}},"rawDataInfo":{"question":{"fileFormat":"wav","fileSize":288398,"duration":9010,"samplingBit":16,"channelCount":1,"samplingRate":"16kHz","audioPath":"/Mock/05.ICT/Female/Experienced/ckmk_q_ict_f_e_272935.wav"},"answer":{"fileFormat":"wav","fileSize":1711438,"duration":53480,"samplingBit":16,"channelCount":1,"samplingRate":"16kHz","audioPath":"/Mock/05.ICT/Female/Experienced/ckmk_a_ict_f_e_272935.wav"}}}