{"version":"1.0","dataSet":{"info":{"date":"20230116","occupation":"ICT","channel":"MOCK","place":"ONLINE","gender":"FEMALE","ageRange":"55-","experience":"EXPERIENCED"},"question":{"raw":{"text":"혹시 우리 회사에 들어오면 기존과는 업무 스타일이 달라질 수도 있는데 그런 기존과 다른 업무 스타일에 잘 적응할 수 있을까요","wordCount":19},"emotion":[],"intent":[]},"answer":{"raw":{"text":"네 잘 적응할 수 있습니다. 기본에서 모든 것은 시작이라고 생각합니다. 해당 업무에 대한 매뉴얼을 먼저 찾아보겠습니다. 어 매뉴얼을 먼저 찾아보게 되면 어 전체적인 흐름을 알 수 있겠죠. 업무의 전체적인 흐름 왜냐면 기존의 다른 업무나 그런 스타일이 틀릴 수가 있기 때문에 일단 매뉴얼을 확인을 하면서 어 전체적인 흐름을 파악할 겁니다. 또 필요한 지식이 없을 수도 있겠죠. 필요한 지식을 빨리 습득할려고 노력할 거고 그다음에 관련된 책자나 인터넷을 찾아보도록 노력하겠습니다. 또한 경력자로 입력한 어 입사를 했기 때문에 어 회사에서 저에게 어 기대하는 부분이 있겠죠. 그렇게 기대하는 부분을 먼저 빨리 캐치를 하고 또 그것이 맞는지 먼저 피드백을 받고 또 거기에 부응하려고 노력하겠습니다. 어 팀원들과도 굉장히 좋은 역할을 해 줘야 되겠죠. 팀원들과의 어 좋은 관계도 유지하도록 노력하겠습니다. 감사합니다.","wordCount":113},"emotion":[],"intent":[{"text":"","expression":"","category":"attitude"}],"summary":{"text":"기본에서 모든 것은 시작이라고 생각합니다. 해당 업무에 대한 매뉴얼을 먼저 찾아보겠습니다. 매뉴얼을 확인을 하면서 전체적인 흐름을 파악할 것이고 필요한 지식은 빨리 습득할 것이고 관련 책자나 인터넷을 찾아보도록 노력하겠습니다. 또한 입사를 했으므로 회사에서 기대하는 부분을 먼저 캐치하고 피드백을 받고 부응하려고 노력하였습니다.","wordCount":40}}},"rawDataInfo":{"question":{"fileFormat":"wav","fileSize":345038,"duration":10780,"samplingBit":16,"channelCount":1,"samplingRate":"16kHz","audioPath":"/Mock/05.ICT/Female/Experienced/ckmk_q_ict_f_e_274953.wav"},"answer":{"fileFormat":"wav","fileSize":2393038,"duration":74780,"samplingBit":16,"channelCount":1,"samplingRate":"16kHz","audioPath":"/Mock/05.ICT/Female/Experienced/ckmk_a_ict_f_e_274953.wav"}}}