{"version":"1.0","dataSet":{"info":{"date":"20230116","occupation":"ICT","channel":"MOCK","place":"ONLINE","gender":"FEMALE","ageRange":"-34","experience":"EXPERIENCED"},"question":{"raw":{"text":"이제 업무를 시작하시게 되면 업무를 가르쳐 주실 사수가 필요하실 텐데 어떤 개발자를 사수로 두고 싶으신지 혹시 생각해보신 적 있으신가요","wordCount":19},"emotion":[],"intent":[]},"answer":{"raw":{"text":"음 저희가 하는 일이 워낙 바쁘고 신경 쓸 게 많아서 어 세심하게 처리해 줘야 될 부분들을 많이 놓칠 수 있는 어 분야라고 생각이 듭니다. 그래서 제가 사수를 모셔도 사실 제가 많은 것을 배울 수 있게 될지 아니면 회사에 대해서 많은 것을 알려주실 수 있는지 항상 좀 궁금한데요. 그래서 그만큼 그런 것들을 잘 보완해서 꼼꼼하게 챙길 수 있는 그런 분을 사수로 두고 싶은 마음이 있습니다. 항상 처음에는 적응하는 기간이 분명히 있는데 저를 케어해 줄 수 있는 분께서 저를 내버려 두셨을 때 어 제가 보지 않아도 되는 눈치를 보게 되고 어 많은 것들을 몰라서 생기는 실수들이 어 저의 책임으로 오는 경우가 많았기 때문에 그런 부분을 어 참고해서 배치를 해주시면 좋을 것 같습니다.","wordCount":110},"emotion":[],"intent":[{"text":"","expression":"","category":"attitude"}],"summary":{"text":"바쁘고 신경쓸 게 많아 세심하게 처리해 줘야 될 부분들을 놓칠 수 있는 분야라 회사에 대해 많이 알려주실 수 있을지 궁금합니다. 몰라서 생기는 실수들이  저의 책임으로 오는 경우가 많았기 때문에 그런 부분을 참고해서 배치를 해주시면 좋을 것 같습니다. ","wordCount":37}}},"rawDataInfo":{"question":{"fileFormat":"wav","fileSize":473038,"duration":14780,"samplingBit":16,"channelCount":1,"samplingRate":"16kHz","audioPath":"/Mock/05.ICT/Female/Experienced/ckmk_q_ict_f_e_181359.wav"},"answer":{"fileFormat":"wav","fileSize":2508238,"duration":78380,"samplingBit":16,"channelCount":1,"samplingRate":"16kHz","audioPath":"/Mock/05.ICT/Female/Experienced/ckmk_a_ict_f_e_181359.wav"}}}