{"version":"1.0","dataSet":{"info":{"date":"20230116","occupation":"ICT","channel":"MOCK","place":"ONLINE","gender":"FEMALE","ageRange":"-34","experience":"EXPERIENCED"},"question":{"raw":{"text":"대학 시절에 배운 그 전공 과목 중에서 가장 기억에 남는 과목을 한 가지만 골라서 말씀해 주시겠습니까","wordCount":16},"emotion":[],"intent":[]},"answer":{"raw":{"text":"제가 가장 기억에 남는 과목은 컴퓨터 프로그래밍의 이해 라는 과목입니다. 거기에서 씨언어를 처음 배우게 되었는데요. 또 알고리즘 기법을 배우게 되었습니다. 이 두 가지가 제가 앞으로 컴퓨터 언어를 배우는 데 가장 중요한 밑바탕이 되었고 또 알그리즘 알고리즘 기법의 경우에는 실생활에서도 많이 적용을 할 수 있었고 특히 프로그래밍을 짜는데 굉장히 도움이 많이 되었습니다. 순차적으로 프레 프로그래밍을 짜고 또 설계 하는 것에 대해서 깊은 이해가 가능했었고 또 씨언어의 경우에는 제가 씨언어를 배우면서 다른 언어에 대한 장벽이 많이 허물어졌다고 생각하여 저는 컴퓨터 프로그래밍의 이해 라는 과목이 가장 기억에 많이 남습니다.","wordCount":86},"emotion":[],"intent":[{"text":"거기에서 씨언어를 처음 배우게 되었는데요.","expression":"i_prg","category":"technology"},{"text":"또 알고리즘 기법을 배우게 되었습니다.","expression":"i_prg","category":"technology"},{"text":"이 두 가지가   제가 앞으로 컴퓨터 언어를 배우는 데 가장 중요한 밑바탕이 되었고 또 알그리즘 알고리즘   기법의 경우에는 실생활에서도 많이 적용을 할 수 있었고 특히 프로그래밍을   짜는데 굉장히 도움이 많이 되었습니다.","expression":"i_prg","category":"technology"},{"text":"순차적으로 프레 프로그래밍을 짜고 또 설계   하는 것에 대해서 깊은 이해가 가능했었고 또 씨언어의 경우에는 제가 씨언어를   배우면서 다른 언어에 대한 장벽이 많이 허물어졌다고 생각하여 저는   컴퓨터 프로그래밍의 이해 라는 과목이 가장 기억에 많이 남습니다.","expression":"i_prg","category":"technology"}],"summary":{"text":"컴퓨터 프로그래밍의 이해 과목에서 씨언어와 알고리즘 기법을 배웠는데, 이 두 가지가 앞으로 컴퓨터 언어를 배우는 데 가장 중요한 밑바탕이 되고 실생활에서도 많이 적용을 할 수 있고 프로그래밍을 짜는데 굉장히 도움이 많이 되었습니다.","wordCount":32}}},"rawDataInfo":{"question":{"fileFormat":"wav","fileSize":339918,"duration":10620,"samplingBit":16,"channelCount":1,"samplingRate":"16kHz","audioPath":"/Mock/05.ICT/Female/Experienced/ckmk_q_ict_f_e_177673.wav"},"answer":{"fileFormat":"wav","fileSize":1567118,"duration":48970,"samplingBit":16,"channelCount":1,"samplingRate":"16kHz","audioPath":"/Mock/05.ICT/Female/Experienced/ckmk_a_ict_f_e_177673.wav"}}}