{"version":"1.0","dataSet":{"info":{"date":"20230116","occupation":"ICT","channel":"MOCK","place":"ONLINE","gender":"FEMALE","ageRange":"-34","experience":"EXPERIENCED"},"question":{"raw":{"text":"지원자님의 의견을 주장하실 때 강하게 주장하는 편이십니까 어떤 스타일로 자신의 의견을 주장하는지가 궁금합니다","wordCount":13},"emotion":[],"intent":[]},"answer":{"raw":{"text":"저는 항상 어 그 상대방의 의견을 다시 하나 하나 정리하면서 되짚고 그거를 제 나름대로 논리적으로 반박을 하면서 주장을 하는 편입니다. 근데 이게 일을 하다 보면은 이런 주장을 기분 나쁘게 받아들일 수 있는 분들이 생길 수 있기 때문에 그리고 일을 할 때 그 기분이 상하는 게 일을 하는 과정에 굉장히 큰 방해가 될 수 있기 때문에 최대한 좀 티가 안 나게끔 어 반박을 하는 편입니다. 그러니까 뭐 하나하나 디테일하게 따져가면서 그거를 반박한다기보다는 조금 이 상대방이 부드럽게 알아들을 수 있도록 아 읽다보니 어 내 말에 조금 오류가 있었네요 라고 알아들을 수 있게끔 조 완곡하게 하는 편입니다.","wordCount":94},"emotion":[],"intent":[{"text":"","expression":"","category":"attitude"}],"summary":{"text":"저는 상대방의 의견을 정리하며 되짚고 논리적으로 반박하는 편인데, 이는 기분 좋게 받아들일 수도 있고 업무를 하는 과정에 방해가 될 수도 있기 때문에 최대한 티가 안 나게끔 반박하고, 상대방이 알아들을 수 있도록 완곡하게 하는 편입니다.","wordCount":34}}},"rawDataInfo":{"question":{"fileFormat":"wav","fileSize":571918,"duration":17870,"samplingBit":16,"channelCount":1,"samplingRate":"16kHz","audioPath":"/Mock/05.ICT/Female/Experienced/ckmk_q_ict_f_e_181361.wav"},"answer":{"fileFormat":"wav","fileSize":2376078,"duration":74250,"samplingBit":16,"channelCount":1,"samplingRate":"16kHz","audioPath":"/Mock/05.ICT/Female/Experienced/ckmk_a_ict_f_e_181361.wav"}}}