{"version":"1.0","dataSet":{"info":{"date":"20230116","occupation":"ICT","channel":"MOCK","place":"ONLINE","gender":"FEMALE","ageRange":"-34","experience":"EXPERIENCED"},"question":{"raw":{"text":"지원자님께서 그동안 인생에서 겪었던 갈등 중에 가장 심각했던 갈등은 무엇인가요 한 가지만 골라서 그 경험을 자세히 말씀해 주시기 바랍니다","wordCount":19},"emotion":[],"intent":[]},"answer":{"raw":{"text":"제가 겪었던 심각했던 갈등은 개인적으로는 진로 갈등인데요. 아 진로 갈등은 사실 평생 한 개인의 숙제이기도 하고 어떤 하고 싶은 그런 마음과 또 그럴 수 없는 현실을 부딪쳐 가면서 겪게 되는 그런 내적 갈등이기도 한데요. 그런 내적 갈등 때문에 사실 개인적으로 정말 힘들었습니다. 그래서 사실 최대한 저는 그냥 많이 해 봐야겠다 이런 생각을 했고요. 많이 하지 않으면 많이 해보지 않고 많이 시도해 보지 않는다면 결국에 계속해서 이 진로에 대해서 고민하게 될 것이고 사실 진로는 우리가 정확하게 할 수 없기 때문에 어 항상 그것을 고민해야 된다고 생각합니다. 그서 저의 갈등은 진로 갈등이었습니다.","wordCount":90},"emotion":[],"intent":[{"text":"","expression":"","category":"attitude"}],"summary":{"text":"진로 갈등은 평생 한 개인의 숙제이기도 하고 어떤 하고 싶은 마음과 또 그럴 수 없는 현실을 부딪쳐 가면서 겪게 되는 그런 내적 갈등이기도 한데, 이런 내적 갈등 때문에 정말 힘들었습니다.","wordCount":30}}},"rawDataInfo":{"question":{"fileFormat":"wav","fileSize":597838,"duration":18680,"samplingBit":16,"channelCount":1,"samplingRate":"16kHz","audioPath":"/Mock/05.ICT/Female/Experienced/ckmk_q_ict_f_e_277548.wav"},"answer":{"fileFormat":"wav","fileSize":2507598,"duration":78360,"samplingBit":16,"channelCount":1,"samplingRate":"16kHz","audioPath":"/Mock/05.ICT/Female/Experienced/ckmk_a_ict_f_e_277548.wav"}}}