{"version":"1.0","dataSet":{"info":{"date":"20230116","occupation":"ICT","channel":"MOCK","place":"ONLINE","gender":"FEMALE","ageRange":"-34","experience":"EXPERIENCED"},"question":{"raw":{"text":"대학 생활을 하면서 가장 힘들었던 경험이 무엇이었는지 궁금하구요 또 그 힘들었던 경험을 어떻게 극복했는지에 대해서도 구체적으로 말씀해 주시겠습니까","wordCount":18},"emotion":[],"intent":[]},"answer":{"raw":{"text":"저는 대학생활 동안 코로나 기간이 가장 힘들었습니다. 아무래도 친구들을 매일 보다가 이제 사이버상으로만 소통을 하게 되니 소통 단절이 또 느껴지고 친구들과 이렇게 마주 보면서 얼굴 표정을 말 보면서 말하는 걸 참 좋아하는데 그렇게 하지 못하다 보니까 사이도 멀어지는 것 같고 또 소통에 있어서 불편한 면도 있었습니다. 또 친구들 간에 술도 먹고 카페도 가고 이런 걸 즐겼었는데 코로나가 한참 심할 때는 집에만 있어야 하니까 그 혼자서 고민하고 생각하는 시간이 좀 우울하게 만들었던 것 같습니다. 원래 우울감을 잘 느끼지 못하는 편인데 그 시기에는 많이 우울했던 것 같습니다. 그래서 이게 저희 가장 힘든 경험입니다.","wordCount":91},"emotion":[{"text":"또 친구들 간에 술도 먹고 카페도 가고 이런 걸 즐겼었는데 코로나가 한참   심할 때는 집에만 있어야 하니까 그 혼자서 고민하고 생각하는 시간이   좀 우울하게 만들었던 것 같습니다.","expression":"n-sadness","category":"positive"},{"text":"원래 우울감을 잘 느끼지 못하는   편인데 그 시기에는 많이 우울했던 것 같습니다.","expression":"n-sadness","category":"positive"}],"intent":[{"text":"","expression":"","category":"attitude"}],"summary":{"text":"대학생활 동안 사이버상으로만 소통하다 보니 소통 단절이 느껴졌고, 소통에 불편한 면도 있었습니다. 또 친구들과 술도 먹고 카페도 가곤 했었는데 그 시기에 집에만 있어야 해서 우울했습니다. 그래서 이 경험은 저희에게 가장 힘든 경험이었습니다.","wordCount":32}}},"rawDataInfo":{"question":{"fileFormat":"wav","fileSize":542798,"duration":16960,"samplingBit":16,"channelCount":1,"samplingRate":"16kHz","audioPath":"/Mock/05.ICT/Female/Experienced/ckmk_q_ict_f_e_177676.wav"},"answer":{"fileFormat":"wav","fileSize":1587278,"duration":49600,"samplingBit":16,"channelCount":1,"samplingRate":"16kHz","audioPath":"/Mock/05.ICT/Female/Experienced/ckmk_a_ict_f_e_177676.wav"}}}