{"version":"1.0","dataSet":{"info":{"date":"20230116","occupation":"ICT","channel":"MOCK","place":"ONLINE","gender":"FEMALE","ageRange":"45-54","experience":"EXPERIENCED"},"question":{"raw":{"text":"지원자님께서는 새로운 언어를 배우거나 또는 새로운 환경에서 새로운 업무를 배울 때 어느 정도의 시간이 걸린다고 생각하시나요","wordCount":16},"emotion":[],"intent":[]},"answer":{"raw":{"text":"언어라는 것이 조금 어렵죠. 많은 시간을 투자해야지만 얻을 수 있는 거라고 생각을 합니다. 어 영어는 저희가 초등학교 때 중학교 고등학교 때 배웠고 새 학교 가서도 열심히 배우고 있구요. 그 시간을 통털어서 라고 하기는 쪼금 애매할 수 있지만 어 그 정도의 시간이 걸렸던 것 같습니다. 어 중국어 같은 경우에는 제가 중학교 때부터 시작을 해서 어 대학교 졸업할 때까지 쫌 공부를 했고요. 어 그렇게 공부를 했다고 마스터는 아니고 어 일상생활 정도 간단한 회화 정도 그리고 문서를 쫌 읽는 정도는 가능한 것 같습니다. 어 그런데 중국어를 하다 보니 한자가 기본이 되어서 그런지 일본어도 쪼금 도움을 받은 것 같습니다. 아 그리고 영어를 했을 때 문법이 중국어와 비슷하기 때문에 또 중국어를 배울 때 도움이 됐고요. 처음 언어를 배울 때 시간보다는 두 번째 세 번째 언어를 배울 때 시간이 훨씬 짧아졌다는 것을 느낄 수 있습니다. 어 평균적으로 하면 한 오 년 정도는 기본적으로 걸리지 않았나 생각을 합니다.","wordCount":141},"emotion":[],"intent":[{"text":"어 중국어 같은 경우에는 제가 중학교 때부터 시작을 해서 어 대학교 졸업할 때까지 쫌 공부를 했고요.","expression":"c_private","category":"background"}],"summary":{"text":"언어는 많은 시간을 투자해야 얻을 수 있는데, 영어는 초등학교 때부터 중학교까지 꾸준히 배웠고, 중국어는 대학교 졸업할 때까지 공부를 했습니다. 한자가 기본인 일본어도 도움을 받았고, 영어와 문법이 비슷하여 두 번째 세 번째 언어를 배울 때 시간이 훨씬 짧아졌습니다.","wordCount":37}}},"rawDataInfo":{"question":{"fileFormat":"wav","fileSize":390478,"duration":12200,"samplingBit":16,"channelCount":1,"samplingRate":"16kHz","audioPath":"/Mock/05.ICT/Female/Experienced/ckmk_q_ict_f_e_301155.wav"},"answer":{"fileFormat":"wav","fileSize":2230798,"duration":69710,"samplingBit":16,"channelCount":1,"samplingRate":"16kHz","audioPath":"/Mock/05.ICT/Female/Experienced/ckmk_a_ict_f_e_301155.wav"}}}