{"version":"1.0","dataSet":{"info":{"date":"20230116","occupation":"ICT","channel":"MOCK","place":"ONLINE","gender":"FEMALE","ageRange":"-34","experience":"EXPERIENCED"},"question":{"raw":{"text":"지원자님께서는 팀장에 더 잘 맞을 것 같은지 팀원에 더 잘 맞을 것 같은지 그렇게 생각하시는 이유는 무엇인지 궁금합니다","wordCount":18},"emotion":[],"intent":[]},"answer":{"raw":{"text":"저는 개인적으로 팀장이 좀 더 맞을 것 같다고 생각을 하는데요. 제가 팀장에 맞다고 생각하는 그런 이유는 저 같은 경우는 항상 팀장을 봤을 때 아쉬운 부분들이 정말 많았습니다. 여러 가지 면이 있을 텐데 그중에서 리더십과 포용심 포용하는 자세 그 두 가지로 들 수가 있는데요. 보통 리더십이 있는 사람은 포용하는 자세가 없거나 포용함만 하는 사람은 리더십이 없거나 이런 두 가지 경우인데 저는 개인적으로 두 가지 다 잘 할 수 있을 것 같다는 생각이 듭니다. 그러니까 저는 잘 할 수 있습니다. 그래서 사실 저는 개인적으로 팀장을 정말 하고 싶고 저한테 더 어울리는 그러한 저의 직책이라고 생각을 해서 그렇게 얘기를 한 것 같습니다.","wordCount":99},"emotion":[],"intent":[{"text":"","expression":"","category":"attitude"}],"summary":{"text":"저는 개인적으로 리더십이 있는 사람은 포용하는 자세가 없거나 포용만 하는 사람은 리더십이 없거나 두 가지 경우인데 저는 두 가지 다 잘 할 수 있을 것 같습니다. 그래서 저는 팀장이 저한테 더 어울리는 직책이라고 생각합니다.","wordCount":34}}},"rawDataInfo":{"question":{"fileFormat":"wav","fileSize":317838,"duration":9930,"samplingBit":16,"channelCount":1,"samplingRate":"16kHz","audioPath":"/Mock/05.ICT/Female/Experienced/ckmk_q_ict_f_e_293169.wav"},"answer":{"fileFormat":"wav","fileSize":2554958,"duration":79840,"samplingBit":16,"channelCount":1,"samplingRate":"16kHz","audioPath":"/Mock/05.ICT/Female/Experienced/ckmk_a_ict_f_e_293169.wav"}}}