{"version":"1.0","dataSet":{"info":{"date":"20230116","occupation":"ICT","channel":"MOCK","place":"ONLINE","gender":"FEMALE","ageRange":"55-","experience":"EXPERIENCED"},"question":{"raw":{"text":"협업을 할 일이 많이 생길 수도 있는데요 이전 직장에서나 대학에서 협업을 할 때 어떤 점이 어려우셨는지 말씀해 주실 수 있을까요","wordCount":20},"emotion":[],"intent":[]},"answer":{"raw":{"text":"협업할 일이 많이 생기죠. 어 저 같은 경우에는 교육할 때 교육의 스케줄을 작성을 한다든가 교육 계획서를 만든데든가 이런 거 할 때 굉장히 협업을 많이 합니다. 그런데 그 협업을 할 때 어 너무 개인적인 사정을 주면서 빠지는 그런 아니면 뭐 어 일을 넘겨준데든가 이런 분들이 굉장히 많이 있습니다. 어 그런 분들은 일을 하면 안 되죠. 사람이 하다가 보면 개인적인 일들을 할 수 있죠. 예 또 개인적인 일들이 금방 금방 생기기도 하고 갑자기 생길 수도 있죠. 하지만 일을 하겠다고 마음먹고 일에 들어왔을 때는 이 일에 우선순위를 둬야 된다고 생각합니다. 그래서 어 먼저 우선순위를 줘야 될 것이고 또 하나 어려운 점이라고 하면 관련된 지식이 없는 분들이 굉장히 많습니다. 자기가 어떤 일을 했는지 어떤 프로젝트를 할 건지를 생각하고 일을 시작해야 되는데 막연하게 그냥 들어와서 어 뭐 몸으로 때우겠다 하는 분들이 좀 있으신 분들이 좀 있어서 그런 거 할 때 제가 굉장히 힘들었습니다. 그래서 지식이 좀 있이 있어 있게 들어오고 어 관련 지식을 갖고 아 프로 정신으로 우선순위를 정해서 예 회사의 일에 전념할 수 있는 그런 분을 만나고 싶습니다.","wordCount":164},"emotion":[],"intent":[{"text":"","expression":"","category":"attitude"}],"summary":{"text":"협업을 할 때 너무 개인적인 사정을 주면서 빠지는 분들은 일을 하면 안 되지만 일을 하겠다고 마음먹고 일에 들어왔을 때는 우선순위를 둬야 한다고 생각합니다. 또 하나는 관련된 지식이 없는 분들이 굉장히 많은데 관련 지식을 갖고 프로 정신으로 우선순위를 정해서 회사의 일에 전념할 수 있는 그런 분을 만나고 싶습니다.","wordCount":47}}},"rawDataInfo":{"question":{"fileFormat":"wav","fileSize":578638,"duration":18080,"samplingBit":16,"channelCount":1,"samplingRate":"16kHz","audioPath":"/Mock/05.ICT/Female/Experienced/ckmk_q_ict_f_e_275392.wav"},"answer":{"fileFormat":"wav","fileSize":2798478,"duration":87450,"samplingBit":16,"channelCount":1,"samplingRate":"16kHz","audioPath":"/Mock/05.ICT/Female/Experienced/ckmk_a_ict_f_e_275392.wav"}}}