{"version":"1.0","dataSet":{"info":{"date":"20230116","occupation":"ICT","channel":"MOCK","place":"ONLINE","gender":"FEMALE","ageRange":"35-44","experience":"EXPERIENCED"},"question":{"raw":{"text":"다른 사람이 생각하는 지원자님의 장점과 단점은 무엇이 있나요 이유도 함께 말씀해 주세요","wordCount":12},"emotion":[],"intent":[]},"answer":{"raw":{"text":"일단은 단점이라고 생각하는 부분은 없고요. 딱히 들어본 기억이 없어요. 너는 이런 게 문제야 혹은 또는 이런 게 부족해 라고 하는 말을 들은 적도 없고 그런 피드백을 받은 적도 없고 근까 학교에서 뭔가 과제를 한다거나 그 전에 직장에서 제가 무슨 업무를 수행할 때 그거에 대한 피드백에서 단점 제가 성 어떤 제가 가지고 있는 단점 같은 거를 들은 기억이 없어요. 그래서 저는 사실 저의 단점은 제 안에서는 어 무수히 많은 것들이 있을 거라고 생각을 하는데 타인이 봤을 때는 굳이 없었던 건 아닐까 라고 생각합니다. 그리고 장점은 항상 좀 꼿꼿하다는 말을 많이 들었던 것 같아요. 항상 들었던 말이 너는 굉장히 바르고 자세가 흐트러지지 않는다 그리고 항상 확신에 차 있다 이런 말들을 들었던 것 같아요. 근데 얼추 제가 삶을 대하는 태도랑 비슷한 것 같긴 하더라구요.","wordCount":121},"emotion":[],"intent":[{"text":"그리고 장점은 항상 좀 꼿꼿하다는 말을 많이 들었던 것 같아요.","expression":"c_person","category":"background"}],"summary":{"text":"저는 개인적인 단점은 많지만 타인이 봤을 때는 굳이 없다고 생각합니다. 장점은 바르고 자세가 흐트러지지 않으며 확신에 차있다 라는 말을 들었던 것 같은데 제가 삶을 대하는 태도랑 비슷한 것 같습니다.","wordCount":29}}},"rawDataInfo":{"question":{"fileFormat":"wav","fileSize":299918,"duration":9370,"samplingBit":16,"channelCount":1,"samplingRate":"16kHz","audioPath":"/Mock/05.ICT/Female/Experienced/ckmk_q_ict_f_e_156000.wav"},"answer":{"fileFormat":"wav","fileSize":2430158,"duration":75940,"samplingBit":16,"channelCount":1,"samplingRate":"16kHz","audioPath":"/Mock/05.ICT/Female/Experienced/ckmk_a_ict_f_e_156000.wav"}}}