{"version":"1.0","dataSet":{"info":{"date":"20230116","occupation":"ICT","channel":"MOCK","place":"ONLINE","gender":"FEMALE","ageRange":"45-54","experience":"EXPERIENCED"},"question":{"raw":{"text":"본인이 입사한 개발팀에서 아 코드 리뷰도 안하고 클린 코드도 안하고 어떤 테스트도 하나도 진행을 안 한다면 본인은 어떻게 하실 건가요","wordCount":20},"emotion":[],"intent":[]},"answer":{"raw":{"text":"그러면 일부러라도 조금 그러니까 이거를 어떤 시스템적으로 하라고 어떤 명령을 내릴 수는 없어도 권장하는 정도의 한번 전달은 할 거 같애요. 사실 음 그 정도로 조금 막 하는 사람들 조금 말이 좀 그런데 그러니까 그 정도로 무분별한 어 그 정도로 조심하지 않는 사람들 전체가 팀으로 입사하는 거는 어 극히 드문 경우일 거라고 생각을 하고요. 그리고 사실 입사 초라면 그것 만을 바탕으로 여러 부분들을 추측을 할 수 있겠죠. 네 조심하지도 않고 어 일 처리 부분에서 서로를 배려하거나 서로에 대해서 애초에 어떤 동료 의식이 없는 그런 부분으로 생각이 들 거 같애요. 저는 권고는 해볼 것 같습니다.","wordCount":93},"emotion":[],"intent":[{"text":"","expression":"","category":"attitude"}],"summary":{"text":"일부러도 조금 무분별하게 조심하지 않는 사람들 전체가 팀으로 입사하는 것은 극히 드물 것이라고 생각합니다. 입사 초라면 일 처리 부분에서 서로를 배려하거나 동료 의식이 없는 것 만으로 추측할 수 있을 것 같습니다.","wordCount":31}}},"rawDataInfo":{"question":{"fileFormat":"wav","fileSize":482958,"duration":15090,"samplingBit":16,"channelCount":1,"samplingRate":"16kHz","audioPath":"/Mock/05.ICT/Female/Experienced/ckmk_q_ict_f_e_178543.wav"},"answer":{"fileFormat":"wav","fileSize":2905038,"duration":90780,"samplingBit":16,"channelCount":1,"samplingRate":"16kHz","audioPath":"/Mock/05.ICT/Female/Experienced/ckmk_a_ict_f_e_178543.wav"}}}