{"version":"1.0","dataSet":{"info":{"date":"20230116","occupation":"ICT","channel":"MOCK","place":"ONLINE","gender":"FEMALE","ageRange":"-34","experience":"EXPERIENCED"},"question":{"raw":{"text":"네트워크와 관련된 이론 한 가지를 선택하여 자세히 설명해 주시겠습니까","wordCount":9},"emotion":[],"intent":[]},"answer":{"raw":{"text":"어 제가 아는 네트워크 이론 가운데 가장 알고 있는 것은 저는 알고리즘 기법입니다. 그 알고리즘 기법으로 이제 평소에도 많이 생각을 하게 되는 좋은 기법이라고 생각을 하는데요. 어 이 알고리즘 기법을 통해 어떻게 생각을 하고 또 어떻게 사유하고 또 문제 해결 단계로 나아갈 수 있는지 알게 되는 것 같습니다. 또 이 점을 이용하여 컴퓨터 프로그래밍을 할 때에도 어 프로그램을 짜고 프로그램의 문제 해결 단계로 나아가는데 많은 활용을 하는 편입니다.","wordCount":68},"emotion":[],"intent":[{"text":"","expression":"","category":"attitude"}],"summary":{"text":"네트워크 이론 중 가장 아는 것은 알고리즘 기법입니다. 알고리즘 기법을 통해 문제 해결 단계로 나아갈 수 있는지 알게 되는 것 같습니다. 이를 이용하여 컴퓨터 프로그래밍을 할 때도 많이 활용합니다.","wordCount":29}}},"rawDataInfo":{"question":{"fileFormat":"wav","fileSize":236878,"duration":7400,"samplingBit":16,"channelCount":1,"samplingRate":"16kHz","audioPath":"/Mock/05.ICT/Female/Experienced/ckmk_q_ict_f_e_204844.wav"},"answer":{"fileFormat":"wav","fileSize":1339278,"duration":41850,"samplingBit":16,"channelCount":1,"samplingRate":"16kHz","audioPath":"/Mock/05.ICT/Female/Experienced/ckmk_a_ict_f_e_204844.wav"}}}