{"version":"1.0","dataSet":{"info":{"date":"20230116","occupation":"ICT","channel":"MOCK","place":"ONLINE","gender":"FEMALE","ageRange":"-34","experience":"EXPERIENCED"},"question":{"raw":{"text":"일을 하다가 상사와 트러블이 생기게 될 수도 있습니다 이 때 어떻게 할 것인지 상사가 본인을 혼내면 기분 나쁘지는 않을지 궁금합니다","wordCount":20},"emotion":[],"intent":[]},"answer":{"raw":{"text":"일을 하다 보면 이제 상사분들과 트러블이 있는 거는 사실 어느 정도 당연하다고 생각하는 편이고요. 어 제 업무 실수나 혹은 제 과실로 인해서 어 실 일이 발생했다면 그거는 이제 혼나도 그렇게 기분 나쁠 것 같지 않습니다. 왜냐하면 제가 잘못한 게 맞고 또 앞으로 개선해야 할 점이 맞기 때문에 어 상사 분 입장에서는 충분히 지적할 수 있다 라고 생각을 할 거 같고요. 그렇지만 이제 인신공격적인 말이나 터무니 없는 것으로 이제 혼나게 된다면 그때부터는 좀 어 기분이 나쁠 것 같고 또 심한 경우에는 상부에 보고를 하게 될 것 같습니다.","wordCount":86},"emotion":[],"intent":[{"text":"","expression":"","category":"attitude"}],"summary":{"text":"업무 실수나 과실로 인해 혼난다면 기분 나쁠 것 같지 않습니다. 상사 입장에서는 충분히 지적할 수 있다고 생각할 것 같습니다. 그러나 인신공격적인 말이나 터무니 없는 말이라면 상부에 보고를 하게 될 것입니다.","wordCount":30}}},"rawDataInfo":{"question":{"fileFormat":"wav","fileSize":362318,"duration":11320,"samplingBit":16,"channelCount":1,"samplingRate":"16kHz","audioPath":"/Mock/05.ICT/Female/Experienced/ckmk_q_ict_f_e_204851.wav"},"answer":{"fileFormat":"wav","fileSize":1655758,"duration":51740,"samplingBit":16,"channelCount":1,"samplingRate":"16kHz","audioPath":"/Mock/05.ICT/Female/Experienced/ckmk_a_ict_f_e_204851.wav"}}}