{"version":"1.0","dataSet":{"info":{"date":"20230116","occupation":"ICT","channel":"MOCK","place":"ONLINE","gender":"FEMALE","ageRange":"-34","experience":"EXPERIENCED"},"question":{"raw":{"text":"역사 속에서 가장 존경하는 인물 있다면 말씀해 주시고 지원자님께서 그 인물을 가장 존경하는 이유에 대해서도 같이 말씀해 주시기 바랍니다","wordCount":19},"emotion":[],"intent":[]},"answer":{"raw":{"text":"제가 역사 속에서 가장 존경하는 인물은 모세입니다. 모세는 구약 성경에서 애굽에서 노 노예로 일하던 이스라엘 백성들을 끌어내어 새 나라로 시작하기 위한 첫 걸음을 뗀 리더이자 어 하나님이 보낸 사람인데요. 어 이 리더가 이스라엘 백성들을 위하여 얼마나 헌신하고 또 이 집단을 생각했는지 많은 사례들로 드러났고 이 모세 헌신과 대단한 리더십이 어떻게 반이 되어 이 사람들을 현명하게 결국에는 하느님의 뜻대로 끌어냈는지 정말 대단하다고 느꼈기 때문에 가장 존경합니다.","wordCount":65},"emotion":[{"text":"제가 역사 속에서 가장 존경하는 인물은 모세입니다.","expression":"p-affection","category":"positive"}],"intent":[{"text":"","expression":"","category":"attitude"}],"summary":{"text":"제가 역사 속에서 가장 존경하는 인물은 모세입니다. 모세는 애굽에서 노예로 일하던 이스라엘 백성들을 끌어내어 새 나라로 시작하기 위한 첫 걸음을 뗀 리더이자 대통령이었습니다.","wordCount":23}}},"rawDataInfo":{"question":{"fileFormat":"wav","fileSize":385358,"duration":12040,"samplingBit":16,"channelCount":1,"samplingRate":"16kHz","audioPath":"/Mock/05.ICT/Female/Experienced/ckmk_q_ict_f_e_184522.wav"},"answer":{"fileFormat":"wav","fileSize":1665358,"duration":52040,"samplingBit":16,"channelCount":1,"samplingRate":"16kHz","audioPath":"/Mock/05.ICT/Female/Experienced/ckmk_a_ict_f_e_184522.wav"}}}