{"version":"1.0","dataSet":{"info":{"date":"20230116","occupation":"ICT","channel":"MOCK","place":"ONLINE","gender":"FEMALE","ageRange":"45-54","experience":"EXPERIENCED"},"question":{"raw":{"text":"직장을 선택함에 있어서 가장 중요하게 생각하는 세 가지가 있다면 어떤 것인지 그 세 가지를 각각 말씀해 주세요","wordCount":17},"emotion":[],"intent":[]},"answer":{"raw":{"text":"네 가장 기본적인 것은 어 회사에서 하고 있는 산업이 앞으로 사양 산업인지 그 앞으로 미래의 발전할 산업인지 이런 것이 굉장히 기본적이고도 중요한 사안이라고 할 수 있겠습니다. 어 다행히 저희 회사는 아이시티 인프라 쪽이기 때문에 앞으로 쫌 활용도가 더 무궁무진해지지 않을까 이 메타버스나 이런 것들이 있기 때문에 어 그래서 쫌 앞으로 발전 가능성이 있다 라고 생각을 하고요. 어 두 번째는 이 회사가 어떤 사회나 환경 앞으로의 지속 가능성 이에스지에 이런 것들이죠. 이런 것과 부합하는집니다. 앞으로는 어 회사의 어떤 경영이라던가 뭐 이익 매출 구조 이런 것도 중요하지만 산업과 환경 또 위험 관리를 얼마나 잘 하느냐 이런 것도 굉장히 중요하고 또 평가 항목으로까지 나와 있기 때문에 이 이런 것들이 굉장히 중요한 요소라고 할 수 있겠습니다. 어떤 회사의 존폐를 결정할 수 있는 것이기 때문에 이에스지 경영 여부도 저에겐 굉장히 중요한 요소라고 할 수 있겠습니다. 그리고 마지막 세 번째는 저 같은 경우에는 어떤 회사의 사회 공헌도라든가 봉사 활동 환경에 대한 문제 이런 것들을 좀 회사에서 관심을 갖고 하는 것이 앞으로 그 지속 가능 경영과 관련이 있다 라고 생각을 하기 때문에 그런 부분도 조금 신경 써서 회사를 직장을 선택하고 있습니다.","wordCount":174},"emotion":[],"intent":[{"text":"","expression":"","category":"attitude"}],"summary":{"text":"회사 산업이 사향 산업인지 발전 산업인지, 어떤 사회나 환경 앞으로의 지속 가능성 이에스지 이런 것과 부합합니다. 앞으로는 경영, 산업과 환경 위험 관리, 위험 관리에 얼마나 잘 대응 하는지가 굉장히 중요한 요소라고 할 수 있습니다. 또한 회사에 대한 사회 공헌도나 봉사 활동 환경에 대한 문제 등을 회사에서 관심을 갖는 것이 지속 가능 경영과 관련이 있다고 생각합니다.","wordCount":55}}},"rawDataInfo":{"question":{"fileFormat":"wav","fileSize":403278,"duration":12600,"samplingBit":16,"channelCount":1,"samplingRate":"16kHz","audioPath":"/Mock/05.ICT/Female/Experienced/ckmk_q_ict_f_e_301154.wav"},"answer":{"fileFormat":"wav","fileSize":2847438,"duration":88980,"samplingBit":16,"channelCount":1,"samplingRate":"16kHz","audioPath":"/Mock/05.ICT/Female/Experienced/ckmk_a_ict_f_e_301154.wav"}}}