{"version":"1.0","dataSet":{"info":{"date":"20230116","occupation":"ICT","channel":"MOCK","place":"ONLINE","gender":"FEMALE","ageRange":"55-","experience":"EXPERIENCED"},"question":{"raw":{"text":"회사에 들어와서 어떤 선배를 한 명 만나게 된다면 어떤 모습의 선배를 만나고 싶으신지 그 이유와 함께 설명해 주시겠어요","wordCount":18},"emotion":[],"intent":[]},"answer":{"raw":{"text":"제일 처음에 회사에 들어왔을 때 만나는 사람이 선배 동료 후배들이겠죠. 자 그중에서 음 어떤 선배를 만나고 싶다 어떤 선배일까요. 저는 어 제가 질문을 했을 때 대답 좀 잘해주는 선배였으면 좋겠습니다. 처음에 제가 회사를 들어갔을 때 음 질문을 하면 음 알아봐 뭐 이렇게 말씀하시는 분들이 있어요. 아 그리고 너가 공부를 해야지 그냥 그러니까 막연히 이렇게 얘기해 주는 그런 선배는 굉장히 힘들었습니다. 수채 책을 저한테 주면서 이 책 읽어봐 아니면 이 책에서 어느 부분이 굉장히 중요해 니가 지금 하고 있는 프로젝트는 어 몇 찹트부터 몇 찹트까지 있으니까 니가 공부를 해 아니면 보고서를 주면서 그 보고서 어디부 이 보고서를 처음부터 끝까지 읽어봐 이렇게 관련된 자료를 저한테 주는 그런 선배가 제일 좋습니다. 뭐 인간적인 선배 이런 것도 좋지만 경력자 드로 들어가서는 일부터 먼저 잘 해야 되거든요. 그러니까 처음에 들어갔을 때는 좀 일단 성과로 좀 어 보여주고 싶거든요. 그러다 보니까 저는 음 질문을 했을 때 답을 정확하게 또 내지는 어 자료를 정확하게 저한테 주는 그런 선배를 만났으면 좋겠습니다.","wordCount":153},"emotion":[],"intent":[{"text":"","expression":"","category":"attitude"}],"summary":{"text":"어떤 선배를 만나고 싶습니다. 질문을 했을 때 답을 잘해주는 선배가 좋겠습니다. 막연히 이렇게 얘기하는 선배는 힘들었습니다. 수채 책을 주면서 책을 읽어봐라고 하는 선배가 좋습니다. 경력자라서 일을 먼저 잘 해야 되기 때문에 답을 정확하게 저한테 주는 선배를 만나길 바랍니다.","wordCount":38}}},"rawDataInfo":{"question":{"fileFormat":"wav","fileSize":317838,"duration":9930,"samplingBit":16,"channelCount":1,"samplingRate":"16kHz","audioPath":"/Mock/05.ICT/Female/Experienced/ckmk_q_ict_f_e_275391.wav"},"answer":{"fileFormat":"wav","fileSize":2697678,"duration":84300,"samplingBit":16,"channelCount":1,"samplingRate":"16kHz","audioPath":"/Mock/05.ICT/Female/Experienced/ckmk_a_ict_f_e_275391.wav"}}}