{"version":"1.0","dataSet":{"info":{"date":"20230116","occupation":"ICT","channel":"MOCK","place":"ONLINE","gender":"FEMALE","ageRange":"-34","experience":"EXPERIENCED"},"question":{"raw":{"text":"어 만약에 기차가 운행을 하다가 어 산사태로 삼십 분 동안 정체가 되는 상황이 발생할 수 있습니다 어 이러한 상황에 지원자님께서 관리 책임의 위치에 있다면 어떻게 조치를 하실 건가요","wordCount":28},"emotion":[],"intent":[]},"answer":{"raw":{"text":"먼저 기차를 타고 계신 분들께 이 상황이 어떻게 되었는지 파악된 점을 자세히 말씀드리고 또 설명 드리고자 할 것 같습니다. 또 기차 운행 시 다른 뒤에 기차가 오는 그 상황이 중요하기 때문에 가장 먼저는 가장 뒤에 오는 열차에 이 상황에 대해서 알릴 것 같구요. 그 다음에 이제 그 기사 기차에 탑승하신 탑승객들께 상황이 어떻게 된 상황인지 먼저 잘 말씀드리고 대피해야 하는 상황의 경우에는 함께 사람들의 도피를 돕게 될 것 같습니다.","wordCount":69},"emotion":[],"intent":[{"text":"","expression":"","category":"attitude"}],"summary":{"text":"기차를 타고 계시는 분들께 상황 파악된 점을 먼저 설명하고 설명을 하고자 합니다. 그 다음에 기차에 탑승하신 탑승객들께 먼저 알리고 대피해야 하는 경우에는 함께 사람들의 도피를 돕게 될 것 같습니다.","wordCount":29}}},"rawDataInfo":{"question":{"fileFormat":"wav","fileSize":548558,"duration":17140,"samplingBit":16,"channelCount":1,"samplingRate":"16kHz","audioPath":"/Mock/05.ICT/Female/Experienced/ckmk_q_ict_f_e_177678.wav"},"answer":{"fileFormat":"wav","fileSize":1334798,"duration":41710,"samplingBit":16,"channelCount":1,"samplingRate":"16kHz","audioPath":"/Mock/05.ICT/Female/Experienced/ckmk_a_ict_f_e_177678.wav"}}}