{"version":"1.0","dataSet":{"info":{"date":"20230116","occupation":"ICT","channel":"MOCK","place":"ONLINE","gender":"FEMALE","ageRange":"45-54","experience":"EXPERIENCED"},"question":{"raw":{"text":"소프트웨어를 개발하던 중에 특정 이슈가 생겨서 문제가 발생했을 때 어떻게 해결하시는지 해결 경험이 있으시면 말씀 부탁드립니다","wordCount":16},"emotion":[],"intent":[]},"answer":{"raw":{"text":"개발 중이에요 개발 중. 아 너무 다양한 일이 발생될 수 있는 발단의 한 줄인 거 같애요. 네 개발을 하던 중 어떠한 문제가 발생한다 어떻게 해결을 할 거냐. 어느 정도의 단계이냐에 따라 조금 말이 달라질 수 있겠죠. 네 우선 그 발생된 문제 지점이 어 어느 지점인지부터 파악에 들어가야 될 거고요. 그리고 그게 몇 번째 정도의 단계인지 네 그래서 이거를 다시 이제 보완을 하려면 어느 정도의 예산이 들 건지 이런 여러 가지 부분들이 다각도로 고려가 되어야지 그다음을 준비를 할 수가 있는 거지 무조건적으로 보완을 한다고 섣불리 단정을 그까 뭐 고 특히 얘기를 할 수가 없는 거죠 이거는. 개발자만의 이거는 영역도 아닐 뿐더러 그것을 건드렸다가 다 그 이후에 연기가 되어 있는 다른 것들이 또 영향이 있을 수가 있기 때문에 봐야 될 것 같습니다.","wordCount":120},"emotion":[],"intent":[{"text":"","expression":"","category":"attitude"}],"summary":{"text":"개발 중 발생한 문제 지점의 파악, 보완을 위한 예산, 준비 등의 부분이 고려되어야 보완을 할 수 있습니다. 이것을 무조건적으로 보완을 한다고 단정할 수는 없습니다. 이것은 개발자만의 영역도 아니기 떄문에 봐야 될 것 같습니다.","wordCount":33}}},"rawDataInfo":{"question":{"fileFormat":"wav","fileSize":463438,"duration":14480,"samplingBit":16,"channelCount":1,"samplingRate":"16kHz","audioPath":"/Mock/05.ICT/Female/Experienced/ckmk_q_ict_f_e_178544.wav"},"answer":{"fileFormat":"wav","fileSize":2860878,"duration":89400,"samplingBit":16,"channelCount":1,"samplingRate":"16kHz","audioPath":"/Mock/05.ICT/Female/Experienced/ckmk_a_ict_f_e_178544.wav"}}}