{"version":"1.0","dataSet":{"info":{"date":"20230116","occupation":"ICT","channel":"MOCK","place":"ONLINE","gender":"FEMALE","ageRange":"-34","experience":"EXPERIENCED"},"question":{"raw":{"text":"지금까지 살면서 어려운 문제를 직면했을 때 그것을 해결하기 위해서 어떤 아이디어를 제한하였거나 또는 어떻게 하셨는지 그 과정을 자세하게 설명해 주시기 바랍니다","wordCount":21},"emotion":[],"intent":[]},"answer":{"raw":{"text":"네 저는 어려운 문제를 데이터 분석을 통하여 또 머신러닝을 머신러닝 모델을 구현하여 해결한 분 해결해 본 적이 있습니다. 저는 실제로 유기동물 친구들의 입양 홍보를 진행해 본 적이 있는데요. 어떤 친구들은 입양이 굉장히 빨리 가고 어떤 친구들은 입양 가는 게 굉장히 느리더라구요. 아 그래서 이 친구들의 차이가 정확한 게 뭘까 또 이런 친구들에 특징을 넣었을 때 입양을 빨리 갈 수 있는 확률이 높은 친구를 알 수 있으면 좋겠다는 생각에 보호소 데이터를 이용하여 머신러닝 모델을 만든 적이 있습니다. 그렇게 해보니까 제가 데리고 있는 친구들에 조건을 넣으면은 어 이 친구가 보호소에 갔을 때 갔을 때는 안락사를 당할지 혹은 입양 갈 수 있을지 어 빠르게 판단이 가능하더라구요.","wordCount":103},"emotion":[{"text":"저는 실제로 유기동물 친구들의 입양 홍보를 진행해 본 적이 있는데요.","expression":"u-fact","category":"neutral"},{"text":"아 그래서 이 친구들의 차이가 정확한 게 뭘까 또   이런 친구들에 특징을 넣었을 때 입양을 빨리 갈 수 있는 확률이 높은   친구를 알 수 있으면 좋겠다는 생각에 보호소 데이터를 이용하여   머신러닝 모델을 만든 적이 있습니다.","expression":"u-fact","category":"neutral"}],"intent":[{"text":"아 그래서 이 친구들의 차이가 정확한 게 뭘까 또   이런 친구들에 특징을 넣었을 때 입양을 빨리 갈 수 있는 확률이 높은   친구를 알 수 있으면 좋겠다는 생각에 보호소 데이터를 이용하여   머신러닝 모델을 만든 적이 있습니다.","expression":"i_prg","category":"technology"}],"summary":{"text":"동물 입양 홍보를 진행해봤습니다. 입양을 빨리 갈 확률이 높은 친구를 알기 위해 보호소 데이터를 이용하여 머신러닝 모델을 만들었습니다. 그 결과 동물들이 안락사를 당할지 혹은 입양 갈 수 있을지 빠르게 판단이 가능했습니다.","wordCount":31}}},"rawDataInfo":{"question":{"fileFormat":"wav","fileSize":590798,"duration":18460,"samplingBit":16,"channelCount":1,"samplingRate":"16kHz","audioPath":"/Mock/05.ICT/Female/Experienced/ckmk_q_ict_f_e_197266.wav"},"answer":{"fileFormat":"wav","fileSize":2124238,"duration":66380,"samplingBit":16,"channelCount":1,"samplingRate":"16kHz","audioPath":"/Mock/05.ICT/Female/Experienced/ckmk_a_ict_f_e_197266.wav"}}}