{"version":"1.0","dataSet":{"info":{"date":"20230116","occupation":"ICT","channel":"MOCK","place":"ONLINE","gender":"FEMALE","ageRange":"35-44","experience":"EXPERIENCED"},"question":{"raw":{"text":"지원자님이 생각하셨을 때 일을 하면서 창의성과 팀워크 중 어떤 것이 더 중요하다고 생각하시나요 그렇게 생각하는 근거도 같이 말씀해 주세요","wordCount":19},"emotion":[],"intent":[]},"answer":{"raw":{"text":"뭐 팀워크는 정말 좋은 팀은 어쩌다 한 번인 것 같아요. 그렇다고 그 나머지가 되게 계속 안 좋고 뭐 갈등이 심하고 불화가 많고 이렇다기보다는 그냥 평이한 수준에 그 어떤 기준이 있다 고 생각이 들고 진짜 이 팀워크가 너무 좋아 라고 하는 경우는 정말 어쩌다 한 번 제가 일을 하면서도 그걸 딱 느꼈던 게 뭐 한 번 정도였던 것 같아서 그래서 저는 창의성이 더 중요한 것 같아요. 어쨌든 새로운 것들을 계속 내가 생각해내는 거 그리고 누군가가 생각해내는 거 그게 어쨌든 회사 자체의 발전을 위해서도 그런 새로움들이 지속되어야 한다고 생각을 하고 그렇기 때문에 창의성이 더 중요하다고 생각합니다.","wordCount":94},"emotion":[],"intent":[{"text":"","expression":"","category":"attitude"}],"summary":{"text":"팀워크가 좋은 팀은 어쩌다 한 번인 것 같은데, 회사 자체의 발전을 위해서도 새로운 것들을 계속 제가 생각해내는 것 그리고 누군가가 생각해내는 것은 창의성이 더 중요하다고 생각합니다.","wordCount":26}}},"rawDataInfo":{"question":{"fileFormat":"wav","fileSize":409038,"duration":12780,"samplingBit":16,"channelCount":1,"samplingRate":"16kHz","audioPath":"/Mock/05.ICT/Female/Experienced/ckmk_q_ict_f_e_156002.wav"},"answer":{"fileFormat":"wav","fileSize":2030158,"duration":63440,"samplingBit":16,"channelCount":1,"samplingRate":"16kHz","audioPath":"/Mock/05.ICT/Female/Experienced/ckmk_a_ict_f_e_156002.wav"}}}