{"version":"1.0","dataSet":{"info":{"date":"20230116","occupation":"ICT","channel":"MOCK","place":"ONLINE","gender":"FEMALE","ageRange":"-34","experience":"EXPERIENCED"},"question":{"raw":{"text":"지원자님께서 생각하시기에 이상적인 노년의 모습은 어떤 모습인지 말씀해 주시고 자신의 노년은 어떤 모습이었으면 좋겠을지도 함께 말씀 부탁드립니다","wordCount":17},"emotion":[],"intent":[]},"answer":{"raw":{"text":"제가 생각하는 저희 노년은 어 좋아하는 사람들과 소소하게 맛있는 걸 먹으면서 지냈으면 좋겠습니다. 또 반려동물도 있었으면 좋겠습니다. 어 여기서 중요한 건 제가 좋아하는 사람들과 함께 시간을 넉넉하게 보낼 수 있는 사람이면 좋겠구요. 또 경제적으로 크게 어려움은 없었으면 좋겠습니다. 너무 풍족한 걸 또 바라지 않지만 저희 최소한의 삶을 영위할 수 있는 넉넉하게 영위할 수도 있는 그런 노년이었으면 좋겠고요. 또 그런 노년을 위해서 많이 대비를 하고 싶은 생각도 있습니다. 또 저희 반려동물이 있는데 반려동물을 키우면서 얻는 행복이 상당하기 때문에 노년의 반려동물과도 꼭 함께 하고 싶은 생각이 있습니다.","wordCount":85},"emotion":[],"intent":[{"text":"","expression":"","category":"attitude"}],"summary":{"text":"우리 노년은 좋아하는 사람들과 맛있는 걸 먹으면서 지냈으면 좋겠습니다. 그리고 반려동물도 키우며 얻는 행복이 상당하기 때문에 노년의 반려동물과도 꼭 함께 하고 싶은 생각이 있습니다.","wordCount":24}}},"rawDataInfo":{"question":{"fileFormat":"wav","fileSize":571918,"duration":17870,"samplingBit":16,"channelCount":1,"samplingRate":"16kHz","audioPath":"/Mock/05.ICT/Female/Experienced/ckmk_q_ict_f_e_161372.wav"},"answer":{"fileFormat":"wav","fileSize":1648718,"duration":51520,"samplingBit":16,"channelCount":1,"samplingRate":"16kHz","audioPath":"/Mock/05.ICT/Female/Experienced/ckmk_a_ict_f_e_161372.wav"}}}