{"version":"1.0","dataSet":{"info":{"date":"20230116","occupation":"ICT","channel":"MOCK","place":"ONLINE","gender":"FEMALE","ageRange":"45-54","experience":"EXPERIENCED"},"question":{"raw":{"text":"이전 직장에서 퇴사한 후에 퇴사한 것을 후회한 적이 있으셨나요 그런 적이 있다면 왜인지 함께 말씀해 주세요","wordCount":16},"emotion":[],"intent":[]},"answer":{"raw":{"text":"어 후회 한 적도 있죠. 왜냐하면 정말 그냥 저는 현실적인 이유라서 저는 프리로만 계속 활동을 했기 때문에 음 뭐 비슷한 그까 그렇게 조건이 다르지 않았던 환경이었는데 사람이 너무 달랐을 때 그럴 때는 그 직 직전 이전에 네 팀으로 다시 가고 싶다 아 이전 직장이 나았다 라는 생각한 적 여러 번 있죠. 얼마나 많은 사람들을 만나는데요 저희가. 그래서 사람이니까 그런 부분들은 누구나 다 겪고 생각할 수 있는 부분인 거고 음 뭐 근데 그러면서 또 배워나가는 거죠. 그러면서 저만의 어떤 그런 어 네 그런 사람에 관련된 이 업계 사람들에 관련된 데이터가 쌓이고 또 계약이 끝나고 다른 곳에 옮기려고 할 때 거기 누가 있는지 뭐 이렇게 알아보고 뭔가 들려올 때 제 나름대로 이제 거름망이 생기는 거죠 직접 제가 체득한 걸로. 그래서 네 뭐 값진 후회입니다. 배움이죠 배움.","wordCount":124},"emotion":[],"intent":[{"text":"","expression":"","category":"attitude"}],"summary":{"text":"프리로만 활동을 했기 때문에 조건이 달랐을 때 이전 직장으로 다시 가고 싶다 라는 생각을 한 적은 여러 번 있습니다. 사람들은 누구나 겪고 생각할 수 있는 부분이고 배우면서 또 배워나가는 것입니다. 그러면서 제 나름대로 거름망이 생기는 것입니다. 그래서 값진 후회입니다.","wordCount":39}}},"rawDataInfo":{"question":{"fileFormat":"wav","fileSize":448078,"duration":14000,"samplingBit":16,"channelCount":1,"samplingRate":"16kHz","audioPath":"/Mock/05.ICT/Female/Experienced/ckmk_q_ict_f_e_178549.wav"},"answer":{"fileFormat":"wav","fileSize":2866638,"duration":89580,"samplingBit":16,"channelCount":1,"samplingRate":"16kHz","audioPath":"/Mock/05.ICT/Female/Experienced/ckmk_a_ict_f_e_178549.wav"}}}