{"version":"1.0","dataSet":{"info":{"date":"20230116","occupation":"ICT","channel":"MOCK","place":"ONLINE","gender":"FEMALE","ageRange":"45-54","experience":"EXPERIENCED"},"question":{"raw":{"text":"혹시 지원자님께서는 요즘 공부하고 있는 것이 있으십니까 만약 있다면 왜 그걸 공부하는지 그리고 지금까지 무엇을 배웠는지도 말씀해 주시기 바랍니다","wordCount":19},"emotion":[],"intent":[]},"answer":{"raw":{"text":"지금까지 저희가 프로그래밍을 배웠던 것들은 어떤 프로그램을 전공한 사람들이 전문가만 좀 사용했던 프로그램인 것 같습니다. 하지만 앞으로 에이아이 시대에서는 여러 사람들이 코딩이라는 것을 도구로 소통을 해야 된다는 것을 알고 있습니다. 그래서 최근에 엠 에스에서 개발한 직소라는 코딩 언어가 있더라고요. 그래서 그런 코딩 언어들에 대해서 지금 공부를 하고 있습니다. 그래서 전문가가 아니더라도 어떤 식으로 이런 것들을 소화해서 어 커뮤니케이션 할 수 있는지 좀 몸소 체험하기 위해서 어 그 직소같은 에이아이 프로그램 코딩 프로그램 애들을 공부를 하고 있는데요. 굉장히 간단하고 직관적이고 정말 프로그래밍은 몰라도 어 로직을 알면 논리적인 사고만 할 수 있다면 그 사람들이 프로그래밍을 할 수 있겠구나 라는 생각이 좀 들었습니다. 물론 몇몇 버그도 있고 부족한 부분도 물론 있습니다만 앞으로 발전할 것이기 때문에 언젠가는 프로그래밍 언어로 그 우리가 알고 있는 영어나 이런 일본어 같은 언어가 아닌 코딩 언어로서 다양한 분야의 사람들이 어 소통하고 프로젝트를 수행할 수 있지 않을까 그래서 글로벌한 인재가 왜 필요한지 또 또 공감하는 그런 시간이었던 것 같습니다.","wordCount":149},"emotion":[],"intent":[{"text":"","expression":"","category":"attitude"}],"summary":{"text":"지금까지 프로그래밍을 배웠던 것들은 전공자들이 전문가만 좀 사용했던 프로그램인 것 같습니다. 앞으로 에이아이 시대에서는 여러 사람들이 코딩이라는 것을 도구로 소통을 해야 된다는 것을 알고 최근에 엠 에스에서 개발한 직소라는 코딩 언어들에 대해서 공부를 하고 있습니다. 언젠가는 코딩 언어로서 다양한 분야의 사람들이 소통하고 프로젝트를 수행할 수 있지 않을까 생각합니다.","wordCount":48}}},"rawDataInfo":{"question":{"fileFormat":"wav","fileSize":622798,"duration":19460,"samplingBit":16,"channelCount":1,"samplingRate":"16kHz","audioPath":"/Mock/05.ICT/Female/Experienced/ckmk_q_ict_f_e_301159.wav"},"answer":{"fileFormat":"wav","fileSize":2609998,"duration":81560,"samplingBit":16,"channelCount":1,"samplingRate":"16kHz","audioPath":"/Mock/05.ICT/Female/Experienced/ckmk_a_ict_f_e_301159.wav"}}}