{"version":"1.0","dataSet":{"info":{"date":"20230116","occupation":"ICT","channel":"MOCK","place":"ONLINE","gender":"FEMALE","ageRange":"55-","experience":"EXPERIENCED"},"question":{"raw":{"text":"지원자님께서 혹시 개인적이나 따로 팀을 꾸려서 현재 개발하고 있는 프로젝트가 있나요 있다면 무엇인지 구체적으로 알려주세요","wordCount":15},"emotion":[],"intent":[]},"answer":{"raw":{"text":"어 우선 저는 개인적인 업무는 없구요. 저는 총괄 쪽이기 때문에 언제나 팀이 꾸려져 있고 그 팀을 맡고 있는 네 수장의 역할이구요. 뭐 어떤 프로젝트를 개발 중이냐 뭐 이런 질문은 답할 수가 없습니다. 그건 네 그거는 말씀을 못 드립니다. 왜냐하면 그것은 극비이기 때문에 그래서 어 뭐 뭘 얘기를 해야 할까요. 저는 그냥 일상이에요. 수시로 사람을 꾸리고 그 사람을 모으고 팀을 꾸리고 네 그렇게 또 업무를 지시를 하고 업무 계획을 세우고 네 여러 가지 일을 맡고 있어요. 그래서 진행 상황을 보고 뭐 수정할 부분 있으면 다시 수정하고 지켜보고 여러 가지 일들을 보고 있습니다. 나름대로 바빠요. 네 많은 일들이 오갑니다.","wordCount":97},"emotion":[],"intent":[{"text":"","expression":"","category":"attitude"}],"summary":{"text":"수시로 사람을 꾸리고 팀을 꾸리며 업무를 지시하고 업무 계획을 세우고 여러 가지 일을 맡고 있습니다. 그리고 진행 상황을 보고 수정할 부분 있으면 다시 수정하고 지켜보는 여러 가지 일들을 보고 있습니다.","wordCount":30}}},"rawDataInfo":{"question":{"fileFormat":"wav","fileSize":450958,"duration":14090,"samplingBit":16,"channelCount":1,"samplingRate":"16kHz","audioPath":"/Mock/05.ICT/Female/Experienced/ckmk_q_ict_f_e_179498.wav"},"answer":{"fileFormat":"wav","fileSize":2667598,"duration":83360,"samplingBit":16,"channelCount":1,"samplingRate":"16kHz","audioPath":"/Mock/05.ICT/Female/Experienced/ckmk_a_ict_f_e_179498.wav"}}}