{"version":"1.0","dataSet":{"info":{"date":"20230116","occupation":"ICT","channel":"MOCK","place":"ONLINE","gender":"FEMALE","ageRange":"-34","experience":"EXPERIENCED"},"question":{"raw":{"text":"입사를 하게 되신다면 해외 파견 근무를 나가게 될 일이 많이 발생하게 되는데 어떤 나라에서 일을 하시고 싶으신지와 그 이유도 함께 말씀 부탁드립니다","wordCount":22},"emotion":[],"intent":[]},"answer":{"raw":{"text":"해외 파견 근무를 나가게 된다면 저는 중국에서 일을 해보고 싶습니다. 왜냐하면 그 중국의 경우 시장 범위가 굉장히 넓고 또 중국 분들의 국민성이 평소에 굉장히 궁금하고 또 관심이 있었기 때문에 저는 중국에서 일해보고 싶습니다. 또 중국에 진출했다가 많은 성공을 거둔 업체들도 보았던 편이고 중국 분들이 앱 같은 경우를 한국보다 굉장히 빠르게 빨리 빨리 적용해서 쓰시는 편이라고 또 알고 있습니다. 그래서 중국에서 일하게 된다면 마 많은 개인적인 경험들을 쌓게 되는 그런 좋은 경험을 할 수 있을 것 같아서 전 중국에서 일을 해보고 싶습니다.","wordCount":81},"emotion":[{"text":"왜냐하면   그 중국의 경우 시장 범위가 굉장히 넓고 또 중국 분들의 국민성이 평소에   굉장히 궁금하고 또 관심이 있었기 때문에 저는 중국에서 일해보고 싶습니다.","expression":"p-interest","category":"positive"}],"intent":[{"text":"","expression":"","category":"attitude"}],"summary":{"text":"해외 파견 근무를 가게 된다면 저는 중국에서 일해보고 싶습니다. 그 이유는 중국의 경우 시장 범위가 넓고 중국분들의 국민성이 한국에 비해 빠르고 빠르게 적용하시는 편이라 제가 일하게 된다면 좋은 경험을 할 수 있을 것 같기 때문입니다.","wordCount":35}}},"rawDataInfo":{"question":{"fileFormat":"wav","fileSize":480718,"duration":15020,"samplingBit":16,"channelCount":1,"samplingRate":"16kHz","audioPath":"/Mock/05.ICT/Female/Experienced/ckmk_q_ict_f_e_177680.wav"},"answer":{"fileFormat":"wav","fileSize":1468238,"duration":45880,"samplingBit":16,"channelCount":1,"samplingRate":"16kHz","audioPath":"/Mock/05.ICT/Female/Experienced/ckmk_a_ict_f_e_177680.wav"}}}