{"version":"1.0","dataSet":{"info":{"date":"20230116","occupation":"ICT","channel":"MOCK","place":"ONLINE","gender":"FEMALE","ageRange":"55-","experience":"EXPERIENCED"},"question":{"raw":{"text":"이전 직장에서 아니면 대학 생활을 하면서 어떠한 프로젝트를 해 보셨을 텐데요 그중에서 가장 생각나는 프로젝트 하나를 설명해 주시기 바랍니다","wordCount":19},"emotion":[],"intent":[]},"answer":{"raw":{"text":"음 어떤 거를 해 봤냐 어 저는 아무래도 보안 관련 쪽이니까 어 아 예전에 이런 적도 있어요. 뭐 해킹 이제 해킹 공격 해커들의 공격이 계획되어 있다 라는 정보를 먼저 입수를 해서 어 저희가 먼저 이제 대비를 하고 있었어요. 네 꽤 많은 화이트 해커들과 함께 미리 이제 준비를 하고 있었고 정말 네 말 그대로 사이버 전쟁을 했었어요. 했는데 어 이긴 부분도 있고 진 부분도 있어요. 저희가 네 그게 좀 이제 타격이 컸죠. 아예 몰랐던 것도 아니고 알아서 미리 이제 정보를 입수하고 준비를 했음에도 불구하고 아 지는 일이 발생이 되다니 물론 이긴 것도 있지만 그거에 대한 후폭풍이 좀 쎄게 왔었습니다. 네","wordCount":99},"emotion":[],"intent":[{"text":"","expression":"","category":"attitude"}],"summary":{"text":"보안 관련쪽이라 미리 정보를 입수해 대비를 하고 있었고, 화이트 해커들과 사이버 전쟁을 했었는데, 이긴 부분도 있고 진 부분도 있어 타격이 컸습니다.","wordCount":21}}},"rawDataInfo":{"question":{"fileFormat":"wav","fileSize":409998,"duration":12810,"samplingBit":16,"channelCount":1,"samplingRate":"16kHz","audioPath":"/Mock/05.ICT/Female/Experienced/ckmk_q_ict_f_e_179501.wav"},"answer":{"fileFormat":"wav","fileSize":2735438,"duration":85480,"samplingBit":16,"channelCount":1,"samplingRate":"16kHz","audioPath":"/Mock/05.ICT/Female/Experienced/ckmk_a_ict_f_e_179501.wav"}}}