{
    "version": "1.0",
    "dataSet": {
        "info": {
            "date": "20230116",
            "occupation": "ICT",
            "channel": "MOCK",
            "place": "ONLINE",
            "gender": "FEMALE",
            "ageRange": "55-",
            "experience": "EXPERIENCED"
        },
        "question": {
            "raw": {
                "text": "만약 근무 중에 타 부서와 갈등 상황이 발생한다면 어떻게 해결하시겠어요 상황을 가정하고 말씀해 주시기 바랍니다",
                "wordCount": 15
            },
            "emotion": [],
            "intent": []
        },
        "answer": {
            "raw": {
                "text": "일을 하다 보면 타 부서와의 갈등이 없을 수는 없죠. 예 어 기본적으로 뭐 작은 상황이나 어 큰 상황들이 생길 수 있겠습니다. 어 제가 음 그전에 어 연구소와 어 협업을 한 경우에 어 연구소에서 어 기능을 하나 넣어 놓고 테스트를 해 달라고 그러고 그다음 또 어 기능을 넣어 놓고 테스트를 해 달라고 했습니다. 기능을 다 넣어 놓고 어 테스트를 해 달라고 그랬으면 시간도 절약이 됐을 텐데 그렇게 하질 않더라구요. 그래서 어 회의를 하면서 막 싸웠죠. 어 그렇지만 어떻게든 해결은 해야 되고 또 해결해야 되는 시간은 또 정해져 있고 출시해 주는 시간도 정해져 있기 때문에 일단 그쪽에서 원하는 게 뭔지를 먼저 듣죠. 공 먼저 경청해야죠. 원인이 뭐고 어 원 트러블이 생긴 문제의 발생은 어디서 만들어졌는지부터 먼저 해결을 해야 되겠죠. 그래서 그런 부분들부터 먼저 해결을 해서 원인 분석을 하고 거기에 대한 어 상황을 해결할려고 노력을 하고 해 봤습니다.",
                "wordCount": 135
            },
            "emotion": [],
            "intent": [
                {
                    "text": "",
                    "expression": "",
                    "category": "attitude"
                }
            ],
            "summary": {
                "text": "일을 하다 보면 타 부서와의 갈등이 있을 수 있습니다. 그래서 회의를 하면서 막 싸웠습니다. 그래도 해결은 해야 되고 시간도 정해져 있기 때문에 먼저 그곳의 요구를 경청해야 합니다. 트러블의 발생 원인이 어디서 만들어졌는지 먼저 알고 상황을 해결해야 합니다.",
                "wordCount": 37
            }
        }
    },
    "rawDataInfo": {
        "question": {
            "fileFormat": "wav",
            "fileSize": 371278,
            "duration": 11600,
            "samplingBit": 16,
            "channelCount": 1,
            "samplingRate": "16kHz",
            "audioPath": "/Mock/05.ICT/Female/Experienced/ckmk_q_ict_f_e_275637.wav"
        },
        "answer": {
            "fileFormat": "wav",
            "fileSize": 2621518,
            "duration": 81920,
            "samplingBit": 16,
            "channelCount": 1,
            "samplingRate": "16kHz",
            "audioPath": "/Mock/05.ICT/Female/Experienced/ckmk_a_ict_f_e_275637.wav"
        }
    }
}