{"version":"1.0","dataSet":{"info":{"date":"20230116","occupation":"ICT","channel":"MOCK","place":"ONLINE","gender":"FEMALE","ageRange":"-34","experience":"EXPERIENCED"},"question":{"raw":{"text":"지원장님께서 직장을 선택할 때 가장 중요하게 생각하는 요소 세 가지가 있다면 각각 무엇인지 설명해 주시기 바랍니다","wordCount":16},"emotion":[],"intent":[]},"answer":{"raw":{"text":"네 제가 직장을 선택할 때 가장 중요하게 생각하는 세 가지는 첫 번째는 연봉 두 번째는 안전성 세 번째는 동료입니다. 동료입니다. 왜냐하면 첫 번째 연봉은 제가 돈을 벌기 위해서 일하기 때문이고 두 번째 안전성은 저는 한 회사를 다니게 되면은 적어도 몇 년은 다닐 것을 생각을 하고 다니기 때문입니다. 또 그 다음에 동료분들은 워낙 어쩔 수 없이 어떤 직무를 맡게 되더라도 협업을 하게 되는 경우가 너무 많기 때문에 어 저는 잘 맞고 또 상식적인 분 동료 분들을 만나고 싶습니다.","wordCount":77},"emotion":[],"intent":[{"text":"","expression":"","category":"attitude"}],"summary":{"text":"저는 직장을 선택할 때 가장 중요하게 생각하는 세 가지는 연봉, 안전성, 동료입니다. 그리고 저는 어떤 직무를 맡게 되더라도 협업을 하게 되는 경우가 많아서 저는 잘 맞고 상식적인 분 동료 분들을 만나고 싶습니다.","wordCount":32}}},"rawDataInfo":{"question":{"fileFormat":"wav","fileSize":358478,"duration":11200,"samplingBit":16,"channelCount":1,"samplingRate":"16kHz","audioPath":"/Mock/05.ICT/Female/Experienced/ckmk_q_ict_f_e_197267.wav"},"answer":{"fileFormat":"wav","fileSize":1504078,"duration":47000,"samplingBit":16,"channelCount":1,"samplingRate":"16kHz","audioPath":"/Mock/05.ICT/Female/Experienced/ckmk_a_ict_f_e_197267.wav"}}}