{"version":"1.0","dataSet":{"info":{"date":"20230116","occupation":"ICT","channel":"MOCK","place":"ONLINE","gender":"FEMALE","ageRange":"45-54","experience":"EXPERIENCED"},"question":{"raw":{"text":"지원자님은 어떤 문제에 부딪쳤을 때 혼자 해결하시는 편이실까요 아니면 여러 사람들에게 이야기를 해서 도움을 청하는 편이실까요","wordCount":16},"emotion":[],"intent":[]},"answer":{"raw":{"text":"저는 혼자 해결하는 편입니다. 이제까지 그렇게 살아왔고요. 다수와 함께 무언가를 해결했다 뭐를 다 돌파했다 이런 거는 글쎄요 뭐 대학교 때 조별 과제 라고 해야 될까요 사실 그것도 제가 혼자 한 게 많고 딱히 없는 것 같아요. 그래서 제가 하는 게 편하고요 사실. 제가 제 식대로 어 이를 계획하고 진행하고 정리하는 거 그래서 완전 마무리해서 그걸 성공하는 걸 바라보는 거 이 모든 과정이 저 혼자의 관점으로 그걸 바라보는 게 저에게 가장 익숙하고 편한 부분이라서 저는 혼자 하는 게 편합니다. 남들의 그 지시를 순순하게 들을 수도 없고 어떤 뉘앙스냐에 따라 다르지만 그리고 저도 좀 시원하게 지시를 내릴 수가 없을 것 같아요. 그래서 제가 결정하고 제가 하는 게 제일 속이 시원하고 빠릅니다. 그리고 저는 정확하다고 생각합니다.","wordCount":113},"emotion":[],"intent":[{"text":"그래서 제가 결정하고 제가 하는 게 제일 속이 시원하고 빠릅니다.","expression":"c_person","category":"background"}],"summary":{"text":"저는 혼자 해결하는 편입니다. 남들의 지시를 순순하게 들을 수도 없고 어떤 뉘앙스냐에 따라 다르지만 그리고 시원한 지시를 내릴 수가 없을 것 같습니다. 그래서 제가 결정하고 제가 하는 게 제일 속이 시원하고 빠릅니다. 저는 정확하다고 생각합니다.","wordCount":35}}},"rawDataInfo":{"question":{"fileFormat":"wav","fileSize":517838,"duration":16180,"samplingBit":16,"channelCount":1,"samplingRate":"16kHz","audioPath":"/Mock/05.ICT/Female/Experienced/ckmk_q_ict_f_e_158690.wav"},"answer":{"fileFormat":"wav","fileSize":2868558,"duration":89640,"samplingBit":16,"channelCount":1,"samplingRate":"16kHz","audioPath":"/Mock/05.ICT/Female/Experienced/ckmk_a_ict_f_e_158690.wav"}}}