{"version":"1.0","dataSet":{"info":{"date":"20230116","occupation":"ICT","channel":"MOCK","place":"ONLINE","gender":"FEMALE","ageRange":"-34","experience":"EXPERIENCED"},"question":{"raw":{"text":"지금까지 살아오시면서 가장 힘들었던 경험에는 어떤 것이 있는지요 그 경험도 말씀해 주시고 또 그것을 어떻게 극복하셨는지도 말씀해 주시면 좋겠습니다","wordCount":19},"emotion":[],"intent":[]},"answer":{"raw":{"text":"지금까지 살아오면서 가장 힘들었던 경험은 대학 입시에서 과를 결정하는 데 부모님과 충돌했던 경험입니다. 부모님은 제가 간호학과를 가기를 원하셨고 저는 전자공학과를 지망을 원했기 때문에 그 부분에서 어 많은 갈등이 있었는데요. 어머님을 수차례 설득을 하고 제가 하고 싶은 일에 관하여 적극적으로 구체적으로 또 어필을 했습니다. 그때 어머니께서 아 너를 한 번 믿어보겠다 라고 하시면 저희 의견을 많이 지지해 주셨고 이렇게 전자공학과에 와서 이쪽 산업 분야에 관심이 생기게 되어서 이렇게 지원을 하게 되었습니다.","wordCount":70},"emotion":[{"text":"그때 어머니께서 아 너를 한 번 믿어보겠다 라고 하시면 저희 의견을 많이 지지해 주셨고   이렇게 전자공학과에 와서 이쪽 산업 분야에 관심이 생기게 되어서 이렇게 지원을 하게 되었습니다.","expression":"p-interest","category":"positive"}],"intent":[{"text":"","expression":"","category":"attitude"}],"summary":{"text":"대학 입시에서 과를 결정하는 데 부모님과 충돌했던 경험이 가장 힘들었습니다. 부모님은 간호학과를 원하셨고 저는 전자공학과를 지망 원했기 때문에 갈등이 있었습니다.","wordCount":20}}},"rawDataInfo":{"question":{"fileFormat":"wav","fileSize":454478,"duration":14200,"samplingBit":16,"channelCount":1,"samplingRate":"16kHz","audioPath":"/Mock/05.ICT/Female/Experienced/ckmk_q_ict_f_e_161366.wav"},"answer":{"fileFormat":"wav","fileSize":1369038,"duration":42780,"samplingBit":16,"channelCount":1,"samplingRate":"16kHz","audioPath":"/Mock/05.ICT/Female/Experienced/ckmk_a_ict_f_e_161366.wav"}}}