{"version":"1.0","dataSet":{"info":{"date":"20230116","occupation":"ICT","channel":"MOCK","place":"ONLINE","gender":"FEMALE","ageRange":"45-54","experience":"EXPERIENCED"},"question":{"raw":{"text":"본인의 생각이 아닌 지원자님의 다른 주변 사람들이 생각하거나 얘기하는 지원자님의 장단점에 대해서 말씀 부탁드립니다","wordCount":14},"emotion":[],"intent":[]},"answer":{"raw":{"text":"어 다른 사람들이 보는 저의 장점은 조금 활달하다 친절하다 뭐 이런 부분인 것 같습니다. 과거에는 쪼금 차갑거나 냉정하단 말을 좀 많이 들어서 그 부분을 좀 고칠려고 노력을 했어요. 그러다 보니 좀 다른 사람에게 먼 다가가서 인사를 하고 그러다 보니도 침묵은 좀 어색하더라구요. 말 좀 많이 하고 음 인사를 먼저 하는 그런 쫌 친절한 사람 예 그런 게 다른 사람이 보는 저의 모습이고 또 저의 장점이 아닌가 생각을 합니다. 어 저의 단점은 어 생각이 많다 보니 좀 말도 많아지더라구요. 그게 어떤 순간에는 장점이 될 수도 있지만 단점인 경우가 조금 많다 라고 생각을 합니다. 어 말이 많아지면 다른 사람이 말할 기회를 좀 뺏기도 하고 또 부담스러워서 말을 못 하는 경우들도 있더라구요. 그래서 어떤 말이 많은 게 저의 단점이 아닐까 생각을 하고 그 부분을 인지를 하고 지금은 쪼금씩 말을 좀 줄일려고 다른 사람의 이야기를 조금 더 들어주려고 노력하고 있습니다.","wordCount":136},"emotion":[],"intent":[{"text":"","expression":"","category":"attitude"}],"summary":{"text":"다른 사람이 보는 저의 장점은 활달하고 친절한 부분이라 생각하며 단점은 생각이 많아져서 말을 많이 하게 되어 다른 사람이 말할 기회를 뺏길 수도 있고 부담스러워서 말을 못 하는 경우도 있으니 그 부분을 인지 후 말을 줄여 다른 사람의 이야기를 더 들어주려고 노력하고 있습니다.","wordCount":42}}},"rawDataInfo":{"question":{"fileFormat":"wav","fileSize":627918,"duration":19620,"samplingBit":16,"channelCount":1,"samplingRate":"16kHz","audioPath":"/Mock/05.ICT/Female/Experienced/ckmk_q_ict_f_e_301157.wav"},"answer":{"fileFormat":"wav","fileSize":2171278,"duration":67850,"samplingBit":16,"channelCount":1,"samplingRate":"16kHz","audioPath":"/Mock/05.ICT/Female/Experienced/ckmk_a_ict_f_e_301157.wav"}}}