{"version":"1.0","dataSet":{"info":{"date":"20230116","occupation":"ICT","channel":"MOCK","place":"ONLINE","gender":"FEMALE","ageRange":"45-54","experience":"EXPERIENCED"},"question":{"raw":{"text":"면접자님께선 왜 이 직무에 지원하시게 됐는지 또 본인이 왜 이 분야에 적합한 인재인지 말씀 부탁드립니다","wordCount":15},"emotion":[],"intent":[]},"answer":{"raw":{"text":"예 저는 아이티 기업에서 십 오 년 이상 근무를 하였고요. 어 어 비즈니스 프로세스를 좀 공부를 많이 하였습니다. 어 한 오 년을 제외하고 나머지 시간들은 거의 대부분 비즈니스 프로세스를 공부했던 것 같습니다. 어 물론 기술적인 것도 중요하지만 앞으로는 더더욱 어 비즈니스 프로세스가 중요하고 비즈니스 프로세스를 이해하는 아이티 역량을 갖고 있는 사람들이 어 활용 가치가 훨씬 더 커질 것이라고 생각을 합니다. 그리고 그 적합한 인재가 바로 제가 아닐까 생각이 듭니다. 그리고 또 진취적이고 변화를 두러와 두려워하지 않는 성향이기 때문에 앞으로 많은 변화에 좀 앞장서서 대응하면서 프로젝트를 이끌 수 있는 사람이 아닐까 그래서 제가 어 이곳에 지원하게 되었고 또 적합한 인재인 것 같습니다.","wordCount":101},"emotion":[{"text":"예 저는 아이티 기업에서 십 오 년 이상 근무를 하였고요.","expression":"u-fact","category":"neutral"}],"intent":[{"text":"예 저는 아이티 기업에서 십 오 년 이상 근무를 하였고요.","expression":"c_private","category":"background"},{"text":"그리고 또 진취적이고 변화를 두러와 두려워하지 않는 성향이기 때문에 앞으로 많은 변화에 좀 앞장서서 대응하면서 프로젝트를 이끌 수 있는 사람이 아닐까 그래서 제가 어 이곳에 지원하게 되었고 또 적합한 인재인 것 같습니다.","expression":"c_sincere_job","category":"etc"}],"summary":{"text":"저는 IT 기업에서 십 오 년 이상 근무했고 비즈니스 프로세스를 많이 공부했습니다. 앞으로는 비즈니스 프로세스가 중요하고 이 역량을 가진 사람들이 활용 가치가 더 커질 것이라 생각합니다. 이에 제가 적합한 인재라고 생각합니다.","wordCount":31}}},"rawDataInfo":{"question":{"fileFormat":"wav","fileSize":367758,"duration":11490,"samplingBit":16,"channelCount":1,"samplingRate":"16kHz","audioPath":"/Mock/05.ICT/Female/Experienced/ckmk_q_ict_f_e_301161.wav"},"answer":{"fileFormat":"wav","fileSize":1569998,"duration":49060,"samplingBit":16,"channelCount":1,"samplingRate":"16kHz","audioPath":"/Mock/05.ICT/Female/Experienced/ckmk_a_ict_f_e_301161.wav"}}}