{"version":"1.0","dataSet":{"info":{"date":"20230116","occupation":"ICT","channel":"MOCK","place":"ONLINE","gender":"FEMALE","ageRange":"55-","experience":"EXPERIENCED"},"question":{"raw":{"text":"고객님께서 이제 우리가 앞으로 이제 제작할 거잖아요 제작 홈페이지 화면에 로딩 속도가 느리다고 좀 빠르게 해 달라고 요청해 왔습니다 어떻게 대처를 해야 될 것인지 말씀해 주시겠습니까","wordCount":26},"emotion":[],"intent":[]},"answer":{"raw":{"text":"보통 제작된 홈페이지 화면이 로딩이 느리다면 어 환경에 문제가 있죠. 그렇지만 어 가까운 곳에 있다면 저희가 직접 눈으로 볼 수 있도록 해야 되겠구요. 일단 왜 느린지에 대한 부분들을 저희가 먼저 확인을 해 봐야 되겠죠. 어 그리고 고객이 어 처해 있는 시스템의 환경부터 먼저 체크를 합니다. 그리고 어 환경하고는 문제가 없다면 한 번 동영상으로 찍어서 어 보내 주시면 저희가 그 부분에 대해서 대처를 하겠다 라고 얘기를 해 주시구요. 어 또 로딩되는 부분에 보통 사진이라든가 아니면 들어가져 있는 제품에 대한 어 이미지에 문제가 많이 있더라고요. 제가 쇼핑몰을 지원을 하다가 보면 그래서 어 그런 부분에 대한 부분이 저희에 서버냐 서버나 아니면 제작한 부분에서 누락된 부분이 없는지 일단 저희 거부터 체크를 해 보려고 노력하겠습니다.","wordCount":110},"emotion":[],"intent":[{"text":"일단 왜 느린지에 대한 부분들을 저희가 먼저 확인을 해 봐야 되겠죠.","expression":"i_dis_coping","category":"technology"},{"text":"어 그리고 고객이 어 처해 있는 시스템의 환경부터 먼저 체크를 합니다.","expression":"i_dis_coping","category":"technology"},{"text":"그리고 어 환경하고는 문제가 없다면 한 번 동영상으로 찍어서 어 보내 주시면 저희가 그 부분에 대해서 대처를 하겠다 라고 얘기를 해 주시구요.","expression":"i_dis_coping","category":"technology"},{"text":"어 또 로딩되는 부분에 보통 사진이라든가 아니면 들어가져 있는 제품에 대한 어 이미지에 문제가 많이 있더라고요.","expression":"i_dis_coping","category":"technology"},{"text":"제가 쇼핑몰을 지원을 하다가 보면 그래서 어 그런 부분에 대한 부분이 저희에 서버냐 서버나 아니면 제작한 부분에서 누락된 부분이 없는지 일단 저희 거부터 체크를 해 보려고 노력하겠습니다.","expression":"i_dis_coping","category":"technology"}],"summary":{"text":"보통 제작된 홈페이지 화면이 로딩이 느리다면 환경에 문제가 있고, 고객이 가까운 곳에 있다면 직접 눈으로 볼 수 있도록 가야 되겠습니다. 그리고 고객이 처해있는 시스템의 환경부터 먼저 체크하고 문제가 없다면 동영상으로 보내 주시면 그 부분에 대해서 대처를 하겠습니다.","wordCount":37}}},"rawDataInfo":{"question":{"fileFormat":"wav","fileSize":641998,"duration":20060,"samplingBit":16,"channelCount":1,"samplingRate":"16kHz","audioPath":"/Mock/05.ICT/Female/Experienced/ckmk_q_ict_f_e_300034.wav"},"answer":{"fileFormat":"wav","fileSize":2183758,"duration":68240,"samplingBit":16,"channelCount":1,"samplingRate":"16kHz","audioPath":"/Mock/05.ICT/Female/Experienced/ckmk_a_ict_f_e_300034.wav"}}}