{"version":"1.0","dataSet":{"info":{"date":"20230116","occupation":"ICT","channel":"MOCK","place":"ONLINE","gender":"FEMALE","ageRange":"55-","experience":"EXPERIENCED"},"question":{"raw":{"text":"모든 사람이 능력을 가지고 있는데요 그 능력을 발휘하기 위해서 어 향상시키기 위한 본인만의 방법이 있으십니까","wordCount":15},"emotion":[],"intent":[]},"answer":{"raw":{"text":"네 저는 대외적으로 또 내지는 고객을 대 어 대하는 직업을 갖고 있습니다. 그러다 보니 발음이래든가 또 어 좋은 용어를 쓸려고 노력을 하고 있습니다. 그래서 어 책을 읽을 때 음 정확한 발음으로 읽을려고 노력하고 있구요. 또 새로운 용어나 또 뭐 엠젯 세대나 요즘 신세대들이 쓰고 있는 용어들에 대해서 어 신속하게 파악을 하고 파악이 대조 하고 정확하게 뜻을 이해를 해야 제가 전달할 때 정확하게 또 쉽게 전달할 수 있기 때문에 어 용어 파악이나 그다음에 글을 읽어서 정확한 발음으로 읽어줘서 정 정확하게 전달이 될 수 있도록 해주는 어 그런 과정에 책 읽기 그리고 어 새로운 용어 찾아보고 이해하기를 하고 있습니다.","wordCount":97},"emotion":[],"intent":[{"text":"","expression":"","category":"attitude"}],"summary":{"text":"저는 대외적으로 고객을 대하는 직업이라 발음 좋은 용어를 쓰려고 노력하고 새로운 용어나 신세대들이 쓰고 있는 용어들에 대해 빠르게 파악 하고 정확하게 뜻을 이해 해서 전달하려고 노력합니다.","wordCount":26}}},"rawDataInfo":{"question":{"fileFormat":"wav","fileSize":451918,"duration":14120,"samplingBit":16,"channelCount":1,"samplingRate":"16kHz","audioPath":"/Mock/05.ICT/Female/Experienced/ckmk_q_ict_f_e_300041.wav"},"answer":{"fileFormat":"wav","fileSize":2057678,"duration":64300,"samplingBit":16,"channelCount":1,"samplingRate":"16kHz","audioPath":"/Mock/05.ICT/Female/Experienced/ckmk_a_ict_f_e_300041.wav"}}}