{"version":"1.0","dataSet":{"info":{"date":"20230116","occupation":"ICT","channel":"MOCK","place":"ONLINE","gender":"FEMALE","ageRange":"-34","experience":"EXPERIENCED"},"question":{"raw":{"text":"본인의 성격상 장점과 단점에 대해 말씀해 주세요 그것에 따른 구체적인 예시와 함께 말씀해 주셔도 좋습니다","wordCount":15},"emotion":[],"intent":[]},"answer":{"raw":{"text":"어 저는 어 남들 눈치를 조금 보는 편이라서 뭔가 그냥 사소하게 질문하면 되는 것들을 혼자서 좀 오랜 시간 생각하고는 합니다. 그래서 별거 아닌 일을 좀 오래 키워가는 경우도 생기고 그것 때문에 주변에서 조금 오해를 많이 받았었구요. 근데 또 그만큼 조심스럽게 행동하는 편이라서 어 무리해서 활동할 때 항상 조금 지나치지 않는 언떤 적정선에서 어 속해 있다는 평을 많이 듣곤 합니다. 그래서 제가 어 제 물건인데 예를 들어서 사무실에 다른 사람이 그 물건을 가지고 있을 때 그 사람이 이거를 어디서 발견해서 누군가를 찾아주려고 가져왔을 수도 있는데 계속 속으로 어 저게 내 물건인데 내 똑같은 건데 라고 생각하면서 선뜻 물어보지 못하는 그런 태도를 가질 때가 있습니다. 그래서 나중에 이제 그분이 분실물을 찾아주려고 했다는 걸 알았을 때 아 그거 제 꺼였다고 말했을 때 그분이 아 왜 미리 말을 안 했냐 라고 하던 경우도 있었습니다.","wordCount":130},"emotion":[],"intent":[{"text":"어 저는 어 남들 눈치를 조금 보는 편이라서   뭔가 그냥 사소하게 질문하면 되는 것들을 혼자서 좀 오랜 시간 생각하고는 합니다.","expression":"c_person","category":"background"},{"text":"근데 또 그만큼   조심스럽게 행동하는 편이라서 어 무리해서 활동할 때 항상 조금   지나치지 않는 언떤 적정선에서 어 속해 있다는 평을 많이 듣곤 합니다.","expression":"c_person","category":"background"}],"summary":{"text":"저는 남들 눈치를 조금 보는 편이라 사소하게 질문하면 되는 것들을 오랜 시간 생각하곤 합니다. 그래서 별거 아닌 일을 오래 키워가기도 하고 오해를 많이 받았습니다. 그렇지만 그만큼 조심스럽게 행동하는 편이라서 무리해서 활동할 때 항상 지나칠 수 없는 적정선에 속해 있다는 평가를 많이 듣습니다.","wordCount":42}}},"rawDataInfo":{"question":{"fileFormat":"wav","fileSize":304718,"duration":9520,"samplingBit":16,"channelCount":1,"samplingRate":"16kHz","audioPath":"/Mock/05.ICT/Female/Experienced/ckmk_q_ict_f_e_181362.wav"},"answer":{"fileFormat":"wav","fileSize":2742478,"duration":85700,"samplingBit":16,"channelCount":1,"samplingRate":"16kHz","audioPath":"/Mock/05.ICT/Female/Experienced/ckmk_a_ict_f_e_181362.wav"}}}