{"version":"1.0","dataSet":{"info":{"date":"20230116","occupation":"ICT","channel":"MOCK","place":"ONLINE","gender":"FEMALE","ageRange":"55-","experience":"EXPERIENCED"},"question":{"raw":{"text":"개발자에게 가장 중요한 것은 무엇인가요","wordCount":5},"emotion":[],"intent":[]},"answer":{"raw":{"text":"저는 어 많이 개발을 해 보지 않았습니다. 하지만 어 교육을 하면서 제가 습득한 것 중의 하나는 어 소프트웨어를 개발하는 개발자들은 제일 중요한 것은 고객의 니즈를 캐치하는 겁니다. 어 개발자 같은 경우에는 대부분이 어떠냐면 어 음 사무실에서 자기만의 어떤 생각들을 많이 하게 되죠. 그거 아닙니다. 고객들과의 대화 그다음에 어 내가 이 프로그램을 다른 분들한테 써보게 하면서 그분들의 입장을 바꿔 놓고 에 입장을 바꿔 놓고 생각해 주는 부분들이 굉장히 중요하다고 생각해요. 그거는 마케팅뿐만 아니라 예 개발자가 제일 만 제일 기본적으로 알아줘야 되는 아주 중요한 요건 중의 하나가 고객의 니즈를 캐치하고 고객과 대화를 하는 것이 제일 중요하다고 저는 생각합니다.","wordCount":96},"emotion":[],"intent":[{"text":"","expression":"","category":"attitude"}],"summary":{"text":"소프트웨어를 개발하는 개발자들은 고객의 니즈를 캐치하는 게 중요합니다. 고객들과의 대화, 다른 분들을 써보게 하면서 입장을 바꿔 놓고 생각해 주는 부분들이 중요합니다. 개발자가 가장 기본적으로 알아줘야 될 아주 중요한 요건 중 하나입니다.","wordCount":31}}},"rawDataInfo":{"question":{"fileFormat":"wav","fileSize":247118,"duration":7720,"samplingBit":16,"channelCount":1,"samplingRate":"16kHz","audioPath":"/Mock/05.ICT/Female/Experienced/ckmk_q_ict_f_e_275388.wav"},"answer":{"fileFormat":"wav","fileSize":2052238,"duration":64129,"samplingBit":16,"channelCount":1,"samplingRate":"16kHz","audioPath":"/Mock/05.ICT/Female/Experienced/ckmk_a_ict_f_e_275388.wav"}}}