{"version":"1.0","dataSet":{"info":{"date":"20230116","occupation":"ICT","channel":"MOCK","place":"ONLINE","gender":"FEMALE","ageRange":"-34","experience":"EXPERIENCED"},"question":{"raw":{"text":"에이치티티피 제외하고 다른 프로토콜에 대해 아시는 걸 설명 부탁드리겠습니다","wordCount":9},"emotion":[],"intent":[]},"answer":{"raw":{"text":"프로토콜의 일단 정의를 먼저 이야기 해보자면 프로토콜은 한 마디로 규약 협약과 비슷한 것이어서 서로 같은 것끼리만 통신된다. 즉 컴퓨터 대화가 같은 언어를 쓰는 컴퓨터끼리만 대화가 즉 통신이 가능하다. 그래서 프로토콜은 일곱 가지 종류가 있구요. 응용 표현 패션 전송 네트워크 데이터 링크 물리 그중에 응용 계층이 에이치 티 티 피 안에 속해 있고 그 외에 이것을 제외한다면 이 외에 에스 엠 티 피 에프 티 피 텔넷 등이 있습니다. 그래서 이 일곱 가지의 종류를 어 모든 종류가 이제 프로토콜에 속한다 라고 보시면 되겠고 그중에서 이제 우리가 어 가장 많이 쓰는 것이 에이치 티 티 피 입니다. 그러나 이 외에는 제가 알고 있는 것은 에스 엠 티 피 에프 티 피 텔넷 어 이 외에도 여러 가지 있습니다.","wordCount":116},"emotion":[{"text":"프로토콜의 일단 정의를 먼저 이야기 해보자면 프로토콜은 한 마디로 규약 협약과 비슷한 것이어서 서로 같은 것끼리만 통신된다.","expression":"u-fact","category":"neutral"},{"text":"즉 컴퓨터 대화가 같은 언어를 쓰는 컴퓨터끼리만 대화가 즉 통신이 가능하다.","expression":"u-fact","category":"neutral"},{"text":"그래서 프로토콜은 일곱 가지 종류가 있구요.","expression":"u-fact","category":"neutral"},{"text":"응용 표현 패션 전송 네트워크 데이터 링크 물리 그중에 응용 계층이 에이치 티 티 피 안에 속해 있고 그 외에 이것을 제외한다면 이 외에 에스 엠 티 피 에프 티 피 텔넷 등이 있습니다.","expression":"u-fact","category":"neutral"}],"intent":[{"text":"","expression":"","category":"attitude"}],"summary":{"text":"프로토콜은 규약 협약과 비슷한 것이어서 같은 언어의 컴퓨터끼리만 통신이 가능합니다. 그래서 응용 표현, 패션 전송 네트워크 데이터 링크 물리, 응용 계층이 에이치 티 티 피 안에 속합니다. 우리가 가장 많이 쓰는 에이치티 티 피 외에는 여러 가지 있습니다.","wordCount":38}}},"rawDataInfo":{"question":{"fileFormat":"wav","fileSize":294158,"duration":9190,"samplingBit":16,"channelCount":1,"samplingRate":"16kHz","audioPath":"/Mock/05.ICT/Female/Experienced/ckmk_q_ict_f_e_277543.wav"},"answer":{"fileFormat":"wav","fileSize":2515918,"duration":78620,"samplingBit":16,"channelCount":1,"samplingRate":"16kHz","audioPath":"/Mock/05.ICT/Female/Experienced/ckmk_a_ict_f_e_277543.wav"}}}