{"version":"1.0","dataSet":{"info":{"date":"20230116","occupation":"ICT","channel":"MOCK","place":"ONLINE","gender":"FEMALE","ageRange":"-34","experience":"EXPERIENCED"},"question":{"raw":{"text":"커뮤니케이션을 잘 할 수 있는 지원자님만의 그런 스킬이 있는지요 어 있다면 어떤 스킬인지 직접 한 번 보여주시면서 소개해 주시겠어요","wordCount":19},"emotion":[],"intent":[]},"answer":{"raw":{"text":"어 상대방의 시선을 피하지 않으려고 노력을 하구요. 눈을 잘 마주치면서 경청을 하는 자세를 가집니다. 하지만 어 상대방 눈을 계속 응시하고 들을 때 사실 그 말에 온전히 집중이 힘들 때가 있거든요. 그러면은 그 이야기가 어떻게 흘러갔는지 파악하지 못하게 되는 경우가 많고 제가 뭔가 집중하면서도 다른 생각을 할 때가 종종 생기는데 그래서 일부러 중간에 말을 할 때 계속 리액션을 하면서 어 대답을 중간중간 넣으면서 환기를 시키려고 노력하고 있습니다. 그리고 어 지금 녹음 방이 너무 재채기가 심해서 어 제가 말할 때 조금 소리가 불안정하게 들어가는 게 많을 것 같습니다.","wordCount":86},"emotion":[],"intent":[{"text":"","expression":"","category":"attitude"}],"summary":{"text":"상대방의 시선을 피하지 않으려고 노력하고 있습니다. 눈을 잘 마주치면서 경청을 하려고 노력하지만, 집중이 힘들 때가 있으면 리액션을 하면서 대답을 중간중간 넣으면서 환기를 시키려고 노력하고있습니다.","wordCount":24}}},"rawDataInfo":{"question":{"fileFormat":"wav","fileSize":431438,"duration":13480,"samplingBit":16,"channelCount":1,"samplingRate":"16kHz","audioPath":"/Mock/05.ICT/Female/Experienced/ckmk_q_ict_f_e_181357.wav"},"answer":{"fileFormat":"wav","fileSize":2085198,"duration":65160,"samplingBit":16,"channelCount":1,"samplingRate":"16kHz","audioPath":"/Mock/05.ICT/Female/Experienced/ckmk_a_ict_f_e_181357.wav"}}}