{"version":"1.0","dataSet":{"info":{"date":"20230116","occupation":"ICT","channel":"MOCK","place":"ONLINE","gender":"FEMALE","ageRange":"-34","experience":"EXPERIENCED"},"question":{"raw":{"text":"지원자가 다룰 수 있는 프로그램은 무엇인가요 그리고 그 프로그램을 어느 수준으로 사용할 수 있으신가요","wordCount":14},"emotion":[],"intent":[]},"answer":{"raw":{"text":"어 저는 사실 되게 사람들이 잘 다루지 않는 것들을 다루지는 못하고요. 어 조금 흔한 프로그램들을 다룰 수 있는데 제가 원래는 디자인 쪽에 올해 공부를 했었어 가지고 포토샵이라든지 일러스트레이터 인디자인 같은 프로그램들을 주로 다루고 있습니다. 그래서 이 프로그램들 같은 경우는 음 프로그램이 이제 업데이트가 돼서 어떤 새로운 기능들이 추가됐을 때 그 정도만 제가 파악을 하고 사용할 수 있을 정도로 어 사용이 가능한 어 수준입니다. 그래서 뭐 제가 뭐 출판하는 책을 출판하는 그런 디자인도 무리없게 할 수 있구요. 그 외에 디자인적인 업무나 어 그래픽 관련해서 할 때는 거의 무리없이 제가 진행을 맡아서 할 수 있을 정도입니다.","wordCount":94},"emotion":[],"intent":[{"text":"","expression":"","category":"attitude"}],"summary":{"text":"포토샵,일러스트레이터 인디자인 같은 프로그램들은 업데이트가 되서 새로운 기능들이 추가됐을 때 정도만 제가 파악을 하고 사용할 수 있을 정도로 사용이 가능한 수준입니다.","wordCount":21}}},"rawDataInfo":{"question":{"fileFormat":"wav","fileSize":381518,"duration":11920,"samplingBit":16,"channelCount":1,"samplingRate":"16kHz","audioPath":"/Mock/05.ICT/Female/Experienced/ckmk_q_ict_f_e_181355.wav"},"answer":{"fileFormat":"wav","fileSize":1893198,"duration":59160,"samplingBit":16,"channelCount":1,"samplingRate":"16kHz","audioPath":"/Mock/05.ICT/Female/Experienced/ckmk_a_ict_f_e_181355.wav"}}}