{"version":"1.0","dataSet":{"info":{"date":"20230116","occupation":"ICT","channel":"MOCK","place":"ONLINE","gender":"FEMALE","ageRange":"45-54","experience":"EXPERIENCED"},"question":{"raw":{"text":"지금까지 여러 대외 활동을 해 보신 중에 대외 활동에서 어떤 것을 배웠으며 어떤 자세를 가지고 활동하셨는지 말씀해 주세요","wordCount":18},"emotion":[],"intent":[]},"answer":{"raw":{"text":"음 네 저는 어 정규직으로 소속되어서 일해 일할 해 본 지가 쪼끔 예전이라 최근 한 십 년 정도는 프리로 계속 일을 했던 것 같아요. 그래서 프리로 하기 때문에 많이 옮겨 다니면서 일을 했었는데 아무래도 이제 사람들과의 관계겠죠. 그 프리에 일의 특성상의 장점이자 단점은 많이 옮기면서 겉으로 옮기면서 일을 해 볼 수가 있기 때문에 정말 다양한 그런 장 장들을 만나게 돼요. 그랬을 때 그 장이 면접을 볼 때 하는 어떻게 이거를 이끌어 나가는 것만 봐도 아 이 사람이 믿을 만한 사람이 있겠구나 내가 조금 일을 편하게 할 수 있겠구나 라는 게 있어서 저는 면접 때 그 장의 태도와 그 대화 흐름을 보고 많이 유추를 하는 편이고요. 대체적으로 잘 맞아 떨어졌기 때문에 어 그 장을 믿고 어떻게 들어가느냐에 따라 저의 마음가짐이 달라지게 되었던 것 같습니다.","wordCount":123},"emotion":[],"intent":[{"text":"","expression":"","category":"attitude"}],"summary":{"text":"프리로 일해 본지 십 년 정도 되었고 사람들과의 관계라는 특성 때문에 많이 옮겨 다니면서 일을 해 볼 수가 있어서 다양한 장들을 만나게 되는데 그 장이 면접을 볼 때의 태도와 대화 흐름을 보고 많이 유추를 합니다. 그 장을 믿고 어떻게 들어가느냐에 따라 마음가짐이 달라집니다.","wordCount":43}}},"rawDataInfo":{"question":{"fileFormat":"wav","fileSize":502478,"duration":15700,"samplingBit":16,"channelCount":1,"samplingRate":"16kHz","audioPath":"/Mock/05.ICT/Female/Experienced/ckmk_q_ict_f_e_158688.wav"},"answer":{"fileFormat":"wav","fileSize":2878478,"duration":89950,"samplingBit":16,"channelCount":1,"samplingRate":"16kHz","audioPath":"/Mock/05.ICT/Female/Experienced/ckmk_a_ict_f_e_158688.wav"}}}