{"version":"1.0","dataSet":{"info":{"date":"20230116","occupation":"ICT","channel":"MOCK","place":"ONLINE","gender":"FEMALE","ageRange":"55-","experience":"EXPERIENCED"},"question":{"raw":{"text":"사람마다 스트레스를 해소하기 위한 어떤 방법들이 있는데요 지원자님만의 스트레스 해소 방법은 무엇인가요 그리고 왜 그 방법으로 스트레스를 해소하시는지도 말씀 부탁드리겠습니다","wordCount":20},"emotion":[],"intent":[]},"answer":{"raw":{"text":"저는 사격이요. 네 어 사격은 저에게 참 재미있는 기억이에요. 저에게 엄청난 그런 어 자괴감과 어 제 스스로에 대한 어떤 분노를 사게 했던 그러한 부분이면서 동시에 그런 저에게 너무 화가 나서 이것을 열심히 파고 파고 반복을 하면서 결국 제가 지금은 제일 자신 있어 하는 저만의 무기인 저의 강점인 부분 그래서 저에게는 자괴감이 들었던 부분이 그 분야가 이제는 제일 자신 있는 분야 그래서 스트레스가 쌓이면 찾아가서 이거를 해야겠다 라고 온종일 이 생각밖에 들게 하지 않는 그러한 분야 네 되게 이게 사람이면 참 무슨 소울메이트 이런 거일 거예요. 네 정말 좋아해요. 네 이제는 그 총을 쏠 때 그 소리도 크다는 느낌보다 그냥 시원하다 이런 생각이 듭니다.","wordCount":103},"emotion":[],"intent":[{"text":"","expression":"","category":"attitude"}],"summary":{"text":"사격은 제가 가장 자신 있는 분야입니다. 스트레스가 쌓이면 찾아가고 싶은 분야가 저는 제일 자신 있는 분야라고 생각합니다.","wordCount":17}}},"rawDataInfo":{"question":{"fileFormat":"wav","fileSize":616398,"duration":19260,"samplingBit":16,"channelCount":1,"samplingRate":"16kHz","audioPath":"/Mock/05.ICT/Female/Experienced/ckmk_q_ict_f_e_179496.wav"},"answer":{"fileFormat":"wav","fileSize":2826958,"duration":88340,"samplingBit":16,"channelCount":1,"samplingRate":"16kHz","audioPath":"/Mock/05.ICT/Female/Experienced/ckmk_a_ict_f_e_179496.wav"}}}