{"version":"1.0","dataSet":{"info":{"date":"20230116","occupation":"ICT","channel":"MOCK","place":"ONLINE","gender":"FEMALE","ageRange":"45-54","experience":"EXPERIENCED"},"question":{"raw":{"text":"지원자 본인이 가지고 계신 장점과 단점을 각각 설명해 주시고 장점을 특화시키고 단점을 극복하기 위해 어떤 노력을 하셨는지 저에게 구체적으로 설명해 주시길 부탁드립니다","wordCount":22},"emotion":[],"intent":[]},"answer":{"raw":{"text":"저는 어 제 장점은 저는 제 일만 알아요. 네 저는 제 일에 대해서만 압니다. 어 어떤 도전 의식 모험 의식이 크다고 큰 편이라고 말은 못하겠지만 저는 나름대로 제 직업을 사랑하고 네 꽤나 제 직업에 순정이 있는 편입니다. 어렸을 때부터 개발자를 꿈꿔 왔었고 그래서 저는 착실하게 준비해서 공부해서 지금의 이제 직업을 얻게 된 케이스이고 음 만족스럽고요. 딱히 다른 부분을 몰라요. 그래서 그게 단점이면 단점일 수 있을 거 같애요. 정말 개발 쪽 말고는 다른 것에 젬병이라는 거 네 그럴 수 있을 거 같애요. 그리고 개발자인 거에 비해서는 음 너무나 지극히 너무나 안정만을 조금 꾀하려고 한다는 거 그런 성향일 수 있을 것 같습니다.","wordCount":100},"emotion":[],"intent":[{"text":"저는 어 제 장점은   저는 제 일만 알아요.","expression":"c_person","category":"background"},{"text":"네 저는 제 일에 대해서만 압니다.","expression":"c_person","category":"background"},{"text":"그리고 개발자인 거에 비해서는   음 너무나 지극히 너무나 안정만을 조금 꾀하려고 한다는 거   그런 성향일 수 있을 것 같습니다.","expression":"c_person","category":"background"}],"summary":{"text":"저는 나름대로 제 직업을 사랑하고 순정이 있는 편입니다. 어렸을 때부터 개발자를 꿈꿔 왔었고 지금의 직업을 얻게 된 케이스이고 만족스럽습니다. 개발 쪽 말고는 다른 것에 젬병이지만 안정만을 조금 꾀하려고 한다는 건 그런 성향일 수 있을 것 같습니다.","wordCount":36}}},"rawDataInfo":{"question":{"fileFormat":"wav","fileSize":460238,"duration":14380,"samplingBit":16,"channelCount":1,"samplingRate":"16kHz","audioPath":"/Mock/05.ICT/Female/Experienced/ckmk_q_ict_f_e_178552.wav"},"answer":{"fileFormat":"wav","fileSize":2886158,"duration":90190,"samplingBit":16,"channelCount":1,"samplingRate":"16kHz","audioPath":"/Mock/05.ICT/Female/Experienced/ckmk_a_ict_f_e_178552.wav"}}}