{"version":"1.0","dataSet":{"info":{"date":"20230116","occupation":"ICT","channel":"MOCK","place":"ONLINE","gender":"FEMALE","ageRange":"55-","experience":"EXPERIENCED"},"question":{"raw":{"text":"면접자님이 최근에 본 뉴스들 가운데 가장 인상 깊었던 뉴스가 있다면 무엇인지 이유와 함께 말씀 부탁드립니다","wordCount":15},"emotion":[],"intent":[]},"answer":{"raw":{"text":"최근에 본 뉴스에서 저는 어 작은 새들이 어 유리벽에 어 부딪쳐서 어 한 일 년에 어 뭐 거의 팔만 마리에서 십만 마리가 죽는다는 뉴스를 본 적이 있습니다. 음 사람도 자연에 속해 있고 자연과 더불어 살아야 된다고 해주는 명백한 사실을 갖고 있는데도 불구하고 어 사람의 어떤 그 작은 실수죠. 어 그 새들이 인지 인지할 수 있는 간격에 테잎만 붙여줘도 고거 하나만 붙여줘도 한 일 년에 팔만 마리가 살 수가 있는데 그거 귀찮다 고 그 예산을 줄이기 위해서 어 안 해 줬기 때문에 그 많은 생명이 죽 죽는다는 것에 굉장히 많이 충격을 받았습니다. 어 할 수 있으면 저도 그런 데 동참을 하고 또 동참하는 그런 기업에 어 투자를 하고 또 그런 기업과 같이 일하고 싶기도 합니다. 자연 저희도 우리 사람도 자연이고 자연에 속해 있는 인간이 더 잘 나갈려면 자연을 보호해야 되지 않을까 또 더불어 살 수 있도록 어 같이 살아 나가야 되지 않을까 하는 생각을 해 봅니다.","wordCount":145},"emotion":[],"intent":[{"text":"","expression":"","category":"attitude"}],"summary":{"text":"사람도 자연과 더불어 살아야 한다는 사실을 알면서도 예산을 줄이기 위해서 작은 새들이 유리벽에 부딪쳐 죽는다는 뉴스를 본 적이 있습니다. 인간이 더 잘 살기 위해서는 자연을 보호해야 되지 않을까 하는 생각을 해 봅니다.","wordCount":32}}},"rawDataInfo":{"question":{"fileFormat":"wav","fileSize":368078,"duration":11500,"samplingBit":16,"channelCount":1,"samplingRate":"16kHz","audioPath":"/Mock/05.ICT/Female/Experienced/ckmk_q_ict_f_e_300042.wav"},"answer":{"fileFormat":"wav","fileSize":2800718,"duration":87520,"samplingBit":16,"channelCount":1,"samplingRate":"16kHz","audioPath":"/Mock/05.ICT/Female/Experienced/ckmk_a_ict_f_e_300042.wav"}}}