{"version":"1.0","dataSet":{"info":{"date":"20230116","occupation":"ICT","channel":"MOCK","place":"ONLINE","gender":"FEMALE","ageRange":"55-","experience":"EXPERIENCED"},"question":{"raw":{"text":"지원자님의 성격상 장점과 단점에 대해서 각각 말씀해 주세요 또한 구체적인 예시를 들어서 설명해 주시길 바랍니다","wordCount":15},"emotion":[],"intent":[]},"answer":{"raw":{"text":"제 성격의 장점은 어 긍정적인 생각이죠. 음 어떤 시기도 어떤 일도 굉장히 어려운 일들도 그 시기를 지나고 겪으면 언제든지 그 시기가 지나가리라 라고 생각하는 긍정적인 생각입니다. 어 그리고 그때 그때에 맞춰서 어 할 수 있는 일들을 해 나가면서 일을 해결해 가는 방법을 찾아가는 방법을 저는 생각을 하고 있죠. 그러다 보니까 음 잘 될 거야 때가 지나갈 거야 어 시간은 지나가 이 때도 지나간다 라고 생각을 하고 그때 그때 어 할 수 있는 일들에 집중하는 일을 합니다. 단점이라고 하면은 우선순위에서 밀리는 일들을 좀 무시하는 경우가 많죠. 포기하는 경우가 많이 있죠. 일을 하다 보면 어 아주 작은 일들이라고 생각하는 부분들 우선순위를 정해 놓고 그 우선순위에서 만약에 어 좀 떨어지는 우선순위가 있다 하면 어 과감하게 포기해 주는 경우가 종종 있어요. 그래서 시중에서 작은 일들이 모여서 큰일이 됩니다 라고 얘기할 때 좀 뜨끔뜨끔 할 경우도 있습니다. 예","wordCount":133},"emotion":[],"intent":[{"text":"제 성격의 장점은 어 긍정적인 생각이죠.","expression":"c_person","category":"background"},{"text":"음 어떤 시기도 어떤 일도 굉장히 어려운 일들도 그 시기를 지나고 겪으면 언제든지 그 시기가 지나가리라 라고 생각하는 긍정적인 생각입니다.","expression":"c_person","category":"background"}],"summary":{"text":"제 성격의 장점은 어떤 시기도 굉장히 어려운 일들도 그 시기를 지나고 겪으면 언제든지 그 시기가 지나가리라 라고 생각하는 긍정적인 생각이고, 단점은 우선순위에서 밀리는 일들을 무시하는 경우가 많고 포기하는 경우가 많다는 것입니다.","wordCount":31}}},"rawDataInfo":{"question":{"fileFormat":"wav","fileSize":469838,"duration":14680,"samplingBit":16,"channelCount":1,"samplingRate":"16kHz","audioPath":"/Mock/05.ICT/Female/Experienced/ckmk_q_ict_f_e_275641.wav"},"answer":{"fileFormat":"wav","fileSize":2655438,"duration":82980,"samplingBit":16,"channelCount":1,"samplingRate":"16kHz","audioPath":"/Mock/05.ICT/Female/Experienced/ckmk_a_ict_f_e_275641.wav"}}}