{"version":"1.0","dataSet":{"info":{"date":"20230116","occupation":"ICT","channel":"MOCK","place":"ONLINE","gender":"FEMALE","ageRange":"-34","experience":"EXPERIENCED"},"question":{"raw":{"text":"본인이 창의적으로 어떤 문제를 해결한 경험이 있으신가요 있다면 그 과정을 최대한 자세하게 설명 부탁드리겠습니다","wordCount":14},"emotion":[],"intent":[]},"answer":{"raw":{"text":"오 제가 그렇게 창의적인 사람은 아니라 창의적으로 어떤 문제를 해결한 경험이 있는지 잘 모르겠지만 어 저에 능력을 발휘하여 보통은 문제를 해결하는 것 같습니다. 아 저는 데이터 분석과 직물에 지원을 하고 또 이에 공부를 했기 때문에 아 어떻게 이 데이터를 혹은 상황을 분석적으로 볼 수 있을까 하여 여러 요인들을 분석하고 그걸 토대로 뽑아낼 수 있는 인사이트를 확인하고 가설을 세워서 어 그걸 반증하거나 확인하는 식으로 어 문제를 해결하고자 한적 있습니다.","wordCount":68},"emotion":[],"intent":[{"text":"","expression":"","category":"attitude"}],"summary":{"text":"데이터 분석과 직물에 지원을 하고 공부를 했기 때문에 여러 요인들을 분석하고 인사이트를 확인하고 가설을 세워서 반증하거나 확인하는 식으로 문제를 해결하고자 한적 있습니다.","wordCount":22}}},"rawDataInfo":{"question":{"fileFormat":"wav","fileSize":343118,"duration":10720,"samplingBit":16,"channelCount":1,"samplingRate":"16kHz","audioPath":"/Mock/05.ICT/Female/Experienced/ckmk_q_ict_f_e_197272.wav"},"answer":{"fileFormat":"wav","fileSize":1506638,"duration":47080,"samplingBit":16,"channelCount":1,"samplingRate":"16kHz","audioPath":"/Mock/05.ICT/Female/Experienced/ckmk_a_ict_f_e_197272.wav"}}}