{"version":"1.0","dataSet":{"info":{"date":"20230116","occupation":"ICT","channel":"MOCK","place":"ONLINE","gender":"FEMALE","ageRange":"-34","experience":"EXPERIENCED"},"question":{"raw":{"text":"이 개발을 하시면서 기술적으로 어려웠던 점이 무엇인지 설명해 보세요","wordCount":9},"emotion":[],"intent":[]},"answer":{"raw":{"text":"저는 개발을 하면서 에러를 만나는 순간이 가장 기술적으로 어려웠던 지점 같습니다. 어 많은 분들이 에러를 만나면 아 이 프로그램이 너에게 어느 어느 지점이 잘못되었다고 친절히 알려주는 거다 라는 마음을 가지고 있으면 편하다고 하셨는데 일단 그런 마음을 가지는 것 자체가 참 어려웠고 어 그 에러를 에러를 이해하고 또 풀어나가는 과정에서 많은 헤맴이 있었습니다. 그러나 역설적이게도 이렇게 가장 어려웠던 지점이고 지금도 어려움을 겪고 있는 지점에서 가장 많이 성장하게 되고 또 많이 배우게 되는 지점 같아서 어려웠지만 꼭 필요한 과정이라고 개인적으로 생각하게 되었습니다.","wordCount":80},"emotion":[],"intent":[{"text":"","expression":"","category":"attitude"}],"summary":{"text":"개발 과정에서 에러를 만나는 순간이 가장 힘들었습니다. 그러나 이 순간부터 지금까지 많은 어려움을 겪고 있고 많이 배우고 있으므로 꼭 필요한 과정이라고 생각합니다.","wordCount":22}}},"rawDataInfo":{"question":{"fileFormat":"wav","fileSize":264718,"duration":8270,"samplingBit":16,"channelCount":1,"samplingRate":"16kHz","audioPath":"/Mock/05.ICT/Female/Experienced/ckmk_q_ict_f_e_177681.wav"},"answer":{"fileFormat":"wav","fileSize":1712718,"duration":53520,"samplingBit":16,"channelCount":1,"samplingRate":"16kHz","audioPath":"/Mock/05.ICT/Female/Experienced/ckmk_a_ict_f_e_177681.wav"}}}