{"version":"1.0","dataSet":{"info":{"date":"20230116","occupation":"ICT","channel":"MOCK","place":"ONLINE","gender":"FEMALE","ageRange":"45-54","experience":"EXPERIENCED"},"question":{"raw":{"text":"지원자님께서 직장을 선택할 때 가장 중요하게 생각하는 세 가지가 있다면 각각 무엇인지 구체적으로 말씀해 주시기 바랍니다","wordCount":16},"emotion":[],"intent":[]},"answer":{"raw":{"text":"어 제가 직장을 선택할 때 크게 바라보는 세 가지의 관점은 첫 번째는 어 산업의 지속성입니다. 우리 회사가 지향하고 있는 방향이 앞으로 미래 산업과 연결해서 어 계속 운영될 수 있는 부분인지 아니면 그 산업의 지금 이미 포화 상태이기 때문에 앞으로는 사향될 산업인지 굉장히 중요한 것 같습니다. 그래서 일단은 저희 산업권을 먼저 보구요. 이제는 어 회사가 어 앞으로 그 전 세계 관점으로 봤을 때 환경이나 뭐 인구 노령화 이런 세계 변화에 따라서 얼마나 그 공헌하는지 관심이 많은지 이런 것들도 함께 봅니다. 앞으로는 회사의 어떤 그 판매하는 제품에 대한 서비스 제품에 대한 것도 있지만 어 브랜드 가치도 굉장히 중요하기 때문에 회사가 어떠한 사회 공원도라든가 환경에 대한 관심 여부 이런 것도 굉장히 중요한 것 같습니다. 그리고 세 번째는 제가 성장 할 수 있느냐 입니다. 어 앞에 두 가지는 어떻게 보면 회사의 안전성 이라고 볼 수 있구요. 어 마지막으로는 성장 가능성입니다. 어 저도 회사에서 일을 하면서 어떤 회사의 저의 그 업무에 대한 것들에 대한 평가를 받지만 저도 성장할 수 있어야지 앞으로 미래에 대한 투자도 별도로 회사에서 일을 하는 것으로 채울 수 있기 때문에 저에 대한 성장성 업무에 대한 저의 성장성 역시 중요한 관점 중 하나라고 볼 수 있습니다.","wordCount":183},"emotion":[],"intent":[{"text":"","expression":"","category":"attitude"}],"summary":{"text":"직장 선택의 세 가지 관점은 산업의 지속성, 회사의 사회공원 및 환경 관심 여부, 성장 가능성입니다. 회사의 안정성과 성장 가능성은 회사에서 일을 하는 것으로 채울 수 있기에 저에 대한 성장성 역시 중요한 관점 중 하나라고 볼 수 있습니다.","wordCount":37}}},"rawDataInfo":{"question":{"fileFormat":"wav","fileSize":672078,"duration":21000,"samplingBit":16,"channelCount":1,"samplingRate":"16kHz","audioPath":"/Mock/05.ICT/Female/Experienced/ckmk_q_ict_f_e_272933.wav"},"answer":{"fileFormat":"wav","fileSize":3213518,"duration":100420,"samplingBit":16,"channelCount":1,"samplingRate":"16kHz","audioPath":"/Mock/05.ICT/Female/Experienced/ckmk_a_ict_f_e_272933.wav"}}}