{"version":"1.0","dataSet":{"info":{"date":"20230116","occupation":"ICT","channel":"MOCK","place":"ONLINE","gender":"FEMALE","ageRange":"-34","experience":"EXPERIENCED"},"question":{"raw":{"text":"만약 지원자님께서 지금 지원하신 해당 직무가 아니라 다른 부서에 배치 받게 되신다면 어떻게 하실 건가요 그래도 업무를 하실 건가요","wordCount":19},"emotion":[],"intent":[]},"answer":{"raw":{"text":"저는 이 직무를 생각을 하고 이 회사에 지원을 한 것이라서 따른 부서에 배치가 된다면 당황할 것 같긴 합니다. 그래도 이제 몇 달 정도는 그 이 회사에서 많이 일하고 싶었으니까 따른 부서에도 저 어 따른 부서에서도 이제 적응을 하고자 많이 노력을 할 것 같은데요. 그러나 그렇게 노력을 함에도 불구하고 어 큰 발전이 없고 오히려 팀 분위기에 많이 저하가 되는 것 같다 하면은 이제 따른 부서에 배치되는 걸 견디는 것보다는 음 이제 따른 회사를 좀 알아보는 걸 생각을 해볼 것 같습니다.","wordCount":79},"emotion":[],"intent":[{"text":"","expression":"","category":"attitude"}],"summary":{"text":"이 직무를 생각하여 이 회사에 지원한 것이라서 따른 부서에 배치가 되면 당황할 것 같긴 하지만 적응을 위해 많이 노력할 것 같습니다. 그러나 팀 분위기에 저하가 된다면 다른 회사를 알아보는 것을 생각해 봐야겠습니다.","wordCount":32}}},"rawDataInfo":{"question":{"fileFormat":"wav","fileSize":625358,"duration":19540,"samplingBit":16,"channelCount":1,"samplingRate":"16kHz","audioPath":"/Mock/05.ICT/Female/Experienced/ckmk_q_ict_f_e_204849.wav"},"answer":{"fileFormat":"wav","fileSize":1535438,"duration":47980,"samplingBit":16,"channelCount":1,"samplingRate":"16kHz","audioPath":"/Mock/05.ICT/Female/Experienced/ckmk_a_ict_f_e_204849.wav"}}}