{"version":"1.0","dataSet":{"info":{"date":"20230116","occupation":"ICT","channel":"MOCK","place":"ONLINE","gender":"FEMALE","ageRange":"-34","experience":"EXPERIENCED"},"question":{"raw":{"text":"일을 하다가 업무량이 과도하게 많아질 수도 있는데 혹시 그럴 때에도 잘 버틸 수 있는 자신이 있으신가요","wordCount":16},"emotion":[],"intent":[]},"answer":{"raw":{"text":"업무량이 과도하게 많다는 게 어느 정도 선인지는 잘 모르겠으나 네 그래도 어느 정도 잘 버틸 자신은 있는 것 같습니다. 아 물론 너무 뭐 세 달 넘게 계속 야근을 한다 이 정도의 수준만 아니고 또 주어진 일에 적당한 시간 안에 잘 처리할 수 있는 환경이라면은 그 정도라면 그렇게 크게 상관없고 퇴근 시간이 한 시간에서 두 시간 정도 늦춰진 것까지는 그래도 일을 위해서라면 감당 어느 정도는 감당할 수 있는 선이라고 생각하며 일을 하는 편이기도 합니다.","wordCount":73},"emotion":[],"intent":[{"text":"","expression":"","category":"attitude"}],"summary":{"text":"업무량이 과도해도 그 정도는 일을 위해 어느 정도는 감당할 수 있는 선이라고 생각하며 일을 하는 편입니다. 업무량이 지나치게 많은 게 어느 정도 선인지는 잘 모르겠지만 어느 정도 잘 버틸 자신 있습니다.","wordCount":31}}},"rawDataInfo":{"question":{"fileFormat":"wav","fileSize":279758,"duration":8740,"samplingBit":16,"channelCount":1,"samplingRate":"16kHz","audioPath":"/Mock/05.ICT/Female/Experienced/ckmk_q_ict_f_e_204848.wav"},"answer":{"fileFormat":"wav","fileSize":1214158,"duration":37940,"samplingBit":16,"channelCount":1,"samplingRate":"16kHz","audioPath":"/Mock/05.ICT/Female/Experienced/ckmk_a_ict_f_e_204848.wav"}}}