{"version":"1.0","dataSet":{"info":{"date":"20230116","occupation":"ICT","channel":"MOCK","place":"ONLINE","gender":"FEMALE","ageRange":"-34","experience":"EXPERIENCED"},"question":{"raw":{"text":"지원자님이 특별히 가고 싶은 회사가 있나요 특정 도메인이 중요한지 회사의 분위기가 중요한지 어떤 점을 중점적으로 보시는 편인가요","wordCount":17},"emotion":[],"intent":[]},"answer":{"raw":{"text":"어 저는 제가 지금까지 해왔던 관련된 업무를 계속 하고 싶기 때문에 저는 항상 이 분야의 일 일을 찾고 있구요. 저는 아무래도 회사를 옮겨서 다시 지원하는 경우라서 저의 그 전에 경력들을 잘 인정해주고 가치를 알아주는 그런 회사를 원하고 있습니다. 그래서 면접 때 어 경력자들 혹은 회사에 연차가 오래되신 분들이 어떤 식으로 회사를 다니고 있는지에 대해서 질문을 좀 많이 하는 편이기도 하구요 주변의 수소문을 통해서 그 분위기를 좀 파악하려고 하고 있습니다. 지금 이 회사에 지원하게 된 이유도 제가 할 수 있는 선 안에서 많은 정보를 찾아보고 제가 이곳에 속하고 싶다는 생각이 들어서 이렇게 지원하게 되었습니다.","wordCount":93},"emotion":[{"text":"지금 이 회사에 지원하게 된 이유도 제가 할 수 있는 선 안에서 많은 정보를 찾아보고   제가 이곳에 속하고 싶다는 생각이 들어서 이렇게 지원하게 되었습니다.","expression":"p-interest","category":"positive"}],"intent":[{"text":"지금 이 회사에 지원하게 된 이유도 제가 할 수 있는 선 안에서 많은 정보를 찾아보고   제가 이곳에 속하고 싶다는 생각이 들어서 이렇게 지원하게 되었습니다.","expression":"c_sincere_job","category":"etc"}],"summary":{"text":"저는 지금까지 해왔던 관련된 업무를 계속 하고 싶기 때문에 항상 이 분야의 일 일을 찾고 있고, 회사를 옮겨서 다시 지원하는 경우라서 경력들을 잘 인정해주고 가치를 알아주는 그런 회사를 찾고 있습니다.","wordCount":30}}},"rawDataInfo":{"question":{"fileFormat":"wav","fileSize":612878,"duration":19150,"samplingBit":16,"channelCount":1,"samplingRate":"16kHz","audioPath":"/Mock/05.ICT/Female/Experienced/ckmk_q_ict_f_e_181360.wav"},"answer":{"fileFormat":"wav","fileSize":2136398,"duration":66760,"samplingBit":16,"channelCount":1,"samplingRate":"16kHz","audioPath":"/Mock/05.ICT/Female/Experienced/ckmk_a_ict_f_e_181360.wav"}}}