{"version":"1.0","dataSet":{"info":{"date":"20230116","occupation":"ICT","channel":"MOCK","place":"ONLINE","gender":"FEMALE","ageRange":"55-","experience":"EXPERIENCED"},"question":{"raw":{"text":"지원자님께서는 글로벌 인재에게 필수인 요소는 무엇이라고 생각하십니까 그리고 그것을 위해 지원자님께서 하셨던 노력이 있으시다면 함께 말씀해 주시기 바랍니다","wordCount":18},"emotion":[],"intent":[]},"answer":{"raw":{"text":"음 요즘 시대에는 글로벌 인재가 굉장히 중요합니다. 저는 어 글로벌 인재로서 제일 중요하다고 생각하는 거는 희망을 잃지 않는 긍정적인 마인드라고 생각합니다. 어 다양한 그 글로벌 세계에서 어 진행을 하다가 보면 어 어려움에도 많이 부딪치고 또 안될 것 같기도 하고 나의 능력도 굉장히 힘이 들고 어 또 어려움이 많이 다칠 수 있을 거라고 생각을 하죠. 그런데 저는 그런 것들을 제 머리 안에서 다 나올 수는 없죠. 그래서 저는 어떻게 생각하고 있는지 저는요 음 책을 많이 읽으려고 노력합니다. 책 안에 방법이 있다고 생각을 많이 하고 있습니다. 또 음 책 안에서만 또 해 줄 수 있는 거는 아니죠. 왜냐하면 책은 텍스트로 나오는 것들이기 때문에 좀 늦어요 그 정보 자체가. 그래서 저는 어 미디어를 통해서 많이 지정을 해 주죠. 제일 먼저 해야 되는 건 저는 어 시사 다큐멘터리를 많이 시청을 합니다. 어 시사 다큐멘터리 같은 경우에는 어 국제적인 어떤 이슈라든가 아니면 어 나라의 이슈라든가 뭐 사회적인 이슈 같은 것들을 많이 시정을 해 주고 있고 그거에 따라서 또 우리의 미래가 결정이 되기 때문에 저는 시사 다큐멘터리를 많이 시청을 합니다.","wordCount":164},"emotion":[],"intent":[{"text":"","expression":"","category":"attitude"}],"summary":{"text":"요즘 시대에는 글로벌 인재가 굉장히 중요합니다. 저는 글로벌 세계에서 진행을 하다 보면 어려움에 많이 부딪힐 것이라고 생각합니다. 그래서 저는 책을 많이 읽으려고 노력하고 미디어를 통해서 많이 지정을 해 주죠. 먼저 시사 다큐멘터리를 많이 시청을 합니다.","wordCount":35}}},"rawDataInfo":{"question":{"fileFormat":"wav","fileSize":504398,"duration":15760,"samplingBit":16,"channelCount":1,"samplingRate":"16kHz","audioPath":"/Mock/05.ICT/Female/Experienced/ckmk_q_ict_f_e_290877.wav"},"answer":{"fileFormat":"wav","fileSize":2855118,"duration":89220,"samplingBit":16,"channelCount":1,"samplingRate":"16kHz","audioPath":"/Mock/05.ICT/Female/Experienced/ckmk_a_ict_f_e_290877.wav"}}}