{"version":"1.0","dataSet":{"info":{"date":"20230116","occupation":"ICT","channel":"MOCK","place":"ONLINE","gender":"FEMALE","ageRange":"55-","experience":"EXPERIENCED"},"question":{"raw":{"text":"무언가를 달성하기 위해 목표를 세우고 이 삼 년 간 열심히 노력해서 목표를 달성한 경험이 있으신가요 있다면 그 경험에 대해 설명 부탁드리겠습니다","wordCount":21},"emotion":[],"intent":[]},"answer":{"raw":{"text":"음 제가 운동 신경이 그렇게 좋은 편은 아니에요. 그래서 근데 업무적인 것과 관련을 해서 제가 어 사격을 조금 했었는데 제일 못 했어요 제 동료들에 비해 제가. 그래서 안 그래도 스트레스를 굉장히 많이 많이 받았었는데 그거 말고는 나머지는 또 제가 나쁘지 않았어요 성적이. 그래서 원래 알고는 있었지만 제 이런 사격이나 이런 부분 능력에 대해서 하도 그때는 조금 제 스스로가 그냥 제가 저한테 좀 약이 올라서 이렇게는 안 되겠다 싶어서 네 바싹 그냥 계속 연습을 미친 듯이 했고 단기간에 된 게 아니죠. 사실 제가 저를 아니까 그래서 오랫동안 꾸준히 하고 뭐 쌓이고 쌓인 거죠. 그래서 그 기술 능력이 그래서 나중에는 뭐 백발백중 그냥 다 맞추고 지금도 그래서 저는 사격 게임장 가는 거 좋아해요. 네 제가 잘 하니까 이제는 잘 합니다. 네 뭐 한 이 년 정도 안에 됐던 것 같아요 그렇게.","wordCount":129},"emotion":[],"intent":[{"text":"","expression":"","category":"attitude"}],"summary":{"text":"업무적인 것과 관련하여 사격을 조금 했었는데 스트레스를 많이 받았지만 나머지는 성적이 나쁘진 않았습니다. 그래서 스스로에 대한 약이 올라 계속 연습을 했고 쌓이고 쌓여 이제는 사격 게임장 가는 걸 좋아합니다.","wordCount":29}}},"rawDataInfo":{"question":{"fileFormat":"wav","fileSize":489358,"duration":15290,"samplingBit":16,"channelCount":1,"samplingRate":"16kHz","audioPath":"/Mock/05.ICT/Female/Experienced/ckmk_q_ict_f_e_179494.wav"},"answer":{"fileFormat":"wav","fileSize":2750158,"duration":85940,"samplingBit":16,"channelCount":1,"samplingRate":"16kHz","audioPath":"/Mock/05.ICT/Female/Experienced/ckmk_a_ict_f_e_179494.wav"}}}