{"version":"1.0","dataSet":{"info":{"date":"20230116","occupation":"ICT","channel":"MOCK","place":"ONLINE","gender":"FEMALE","ageRange":"-34","experience":"EXPERIENCED"},"question":{"raw":{"text":"우리 신용보증기금에 대해서 잘 알고 계시죠 우리 대한민국의 금윤 금융정책 기관인데 어 우리가 확대해야 할 업무 영역이 있다면 어떤 거라고 생각하시나요","wordCount":21},"emotion":[],"intent":[]},"answer":{"raw":{"text":"제 생각에는 요즘 이십 대 분들이 보이스피싱 사례가 많고 또 이 보이스피싱 사례 같은 경우가 굉장히 치밀해지고 있기 때문에 어 저는 저희 나라에 신용보증기금에서 이 금융사기 방지 대책을 만들어야 한다고 생각을 합니다. 또 이 금융방지 대책 사기 방지 대책을 만든다 하여도 어 아무래도 적용이 되기가 어려운 부분이 있습니다. 접근성 자체가 낮은 경우가 많아서요. 그래서 이십 대 분들 또 노약자 분들이 이 금융 정책에 대해서 좀 더 음 접근성을 높일 수 있는 그런 방법을 강구해야 한다고 생각합니다.","wordCount":76},"emotion":[],"intent":[{"text":"제 생각에는 요즘 이십 대 분들이 보이스피싱 사례가 많고 또 이 보이스피싱 사례 같은 경우가 굉장히 치밀해지고 있기   때문에 어 저는 저희 나라에 신용보증기금에서   이 금융사기 방지 대책을 만들어야 한다고 생각을 합니다.","expression":"c_value","category":"background"},{"text":"그래서 이십 대 분들 또 노약자 분들이   이 금융 정책에 대해서 좀 더 음 접근성을 높일 수 있는 그런 방법을 강구해야 한다고 생각합니다.","expression":"c_value","category":"background"}],"summary":{"text":"보이스피싱 사례가 많아져 신용보증기금에서 금융사기 방지 대책을 만들어야 합니다. 금융방지와 사기 방지 대책을 만들어도 접근성이 낮아서 금융 정책에 대한 접근성을 높일 수 있는 방법을 강구해야 합니다.","wordCount":26}}},"rawDataInfo":{"question":{"fileFormat":"wav","fileSize":414158,"duration":12940,"samplingBit":16,"channelCount":1,"samplingRate":"16kHz","audioPath":"/Mock/05.ICT/Female/Experienced/ckmk_q_ict_f_e_197270.wav"},"answer":{"fileFormat":"wav","fileSize":1693198,"duration":52910,"samplingBit":16,"channelCount":1,"samplingRate":"16kHz","audioPath":"/Mock/05.ICT/Female/Experienced/ckmk_a_ict_f_e_197270.wav"}}}