{"version":"1.0","dataSet":{"info":{"date":"20230116","occupation":"ICT","channel":"MOCK","place":"ONLINE","gender":"FEMALE","ageRange":"45-54","experience":"EXPERIENCED"},"question":{"raw":{"text":"개발 방법 중 페어 프로그래밍에 대해서 아십니까 그 페어 프로그래밍의 장점은 무엇이라고 생각하시는지 한번 자유롭게 말씀해 보시겠습니까","wordCount":17},"emotion":[],"intent":[]},"answer":{"raw":{"text":"네 제가 페어 프로그래밍을 경험해 본 적은 없지만 어떤 내용인지는 지금 알고 있습니다. 어 페어 프로그래밍은 말 그대로 짝 프로그래밍이라고도 하는데요. 어 코딩을 혼자 하는 것이 아니라 이렇게 쌍을 이뤄서 주거니 받거니 하면서 하는 프로그래밍이라고 생각을 합니다. 원격으로 할 수 있기 때문에 앞서 말한 에이아이 프로그래밍이 어떤 원조격이지 아닐까 생각을 합니다. 어 그래서 다양한 분야의 사람들이 어 어떤 프로젝트 공동의 프로젝트를 위해서 협의하고 이런 업무들을 할 때 굉장히 유용하지 않을까 단 그 원격 어 프로그램이기 때문에 환경을 갖춰줘야 하고 또 이 프로그램을 하는 사람들의 수준이나 격차 차이가 너무 벌어지지 않은 상태에서 해야지만 좀 효율적이지 않을까 생각이 듭니다. 너무나 잘하는 사람이 있으면 이제 하시는 것들이 답답해 보이거나 좀 분야가 차이가 있을 수도 있으니까요. 그래서 어떤 다양한 분야의 사람들이 어 비슷한 수준의 언어를 어떤 프로그래밍을 통해서 구현을 할 때 페어 프로그래밍이 좀 유용하지 않을까 생각을 합니다.","wordCount":134},"emotion":[{"text":"어 페어 프로그래밍은 말 그대로 짝 프로그래밍이라고도 하는데요.","expression":"u-fact","category":"neutral"}],"intent":[{"text":"","expression":"","category":"attitude"}],"summary":{"text":"페어 프로그래밍은 쌍을 이뤄서 주거니 받거니 하면서 하는 프로그래밍입니다. 원격으로 할 수 있기 때문에 에이아이 프로그래밍이 원조격입니다. 어떤 프로젝트 공동의 프로젝트를 위해서 협의하고 이런 업무들을 할 때 유용할 것입니다. 다만 프로그램의 수준이나 격차 차이가 너무 벌어지지 않은 상태에서 해야지만 좀 효율적이지 않을까 생각합니다.","wordCount":43}}},"rawDataInfo":{"question":{"fileFormat":"wav","fileSize":422478,"duration":13200,"samplingBit":16,"channelCount":1,"samplingRate":"16kHz","audioPath":"/Mock/05.ICT/Female/Experienced/ckmk_q_ict_f_e_301160.wav"},"answer":{"fileFormat":"wav","fileSize":2081998,"duration":65060,"samplingBit":16,"channelCount":1,"samplingRate":"16kHz","audioPath":"/Mock/05.ICT/Female/Experienced/ckmk_a_ict_f_e_301160.wav"}}}