{"version":"1.0","dataSet":{"info":{"date":"20230116","occupation":"ICT","channel":"MOCK","place":"ONLINE","gender":"FEMALE","ageRange":"45-54","experience":"EXPERIENCED"},"question":{"raw":{"text":"시간이 남을 때 무슨 일을 하시나요 또한 다른 일이 아니라 꼭 그 일을 하시는 특별한 이유가 있으신 건지 이유에 대해서도 말씀해 주세요","wordCount":22},"emotion":[],"intent":[]},"answer":{"raw":{"text":"예 예전에는 시간이 남을 때 책을 읽거나 뭐 신문을 보거나 이런 것을 했는데요. 요즘은 제가 세대가 조금 떨어졌다는 생각이 들어서 어 젊은 사람들이 하는 에스엔에스라던가 어 메타버스라던가 그들이 즐기는 게임들을 좀 할려고 노력을 하고 있습니다. 어 그들의 문화를 이해할려면 그들이 속해 있는 문화를 경험해보지 않고서는 결코 이해할 수 없다 라고 생각을 해서 조금 노력을 하고 있습니다. 그 전에는 딱히 노력하지 않아도 크게 이질감이 없었는데 시간이 지날수록 좀 이질감이 있더라구요. 그런 것들이 생겨서 그들의 문화에 좀 어 다가설려고 다양한 방법으로 노력을 하고 그런 것들을 좀 여가 시간에 즐기고 있습니다. 그래서 쪼끔 젊은 사람의 용어도 많이 배우는 것 같고요. 젊은 사람들이 하고 있는 게임에 에 흥미도 쫌 갖고 그들의 문화나 이런 것들을 좀 더 이해하는 데 도움이 되는 것 같습니다.","wordCount":118},"emotion":[],"intent":[{"text":"","expression":"","category":"attitude"}],"summary":{"text":"예전에는 시간이 남을 때 책을 읽거나 신문을 보거나 하는 것을 했습니다. 요즘은 젊은 사람들이 하는 소셜미디어, 메타버스, 게임들을 좀 할려고 노력을 하고 있습니다. 그 전과는 달리 시간이 지날수록 이질감이 느껴져서 여가 시간에 즐기고 있으며, 젊은 사람의 용어도 많이 배웠습니다.","wordCount":39}}},"rawDataInfo":{"question":{"fileFormat":"wav","fileSize":620878,"duration":19400,"samplingBit":16,"channelCount":1,"samplingRate":"16kHz","audioPath":"/Mock/05.ICT/Female/Experienced/ckmk_q_ict_f_e_301158.wav"},"answer":{"fileFormat":"wav","fileSize":2041678,"duration":63800,"samplingBit":16,"channelCount":1,"samplingRate":"16kHz","audioPath":"/Mock/05.ICT/Female/Experienced/ckmk_a_ict_f_e_301158.wav"}}}