{"version":"1.0","dataSet":{"info":{"date":"20230116","occupation":"ICT","channel":"MOCK","place":"ONLINE","gender":"FEMALE","ageRange":"-34","experience":"EXPERIENCED"},"question":{"raw":{"text":"지원자님께서 협업을 할 일이 많이 생길 수도 있는데요 이전 직장에서 팀워크를 하거나 대학에서 조별 과제를 할 때 불편하셨던 점은 없었는지 말씀해 주세요","wordCount":22},"emotion":[],"intent":[]},"answer":{"raw":{"text":"어 저는 개인적으로는 저 더 나은 결과물을 위해선 어 완전 협업의 가능성이 아 협업의 기회가 주어지는 것이 정말로 중요하다고 생각을 하는 편이라 어 네 개인적으로 협업 자체를 좋아합니다. 또 협업에 대해서 어려운 점은 아직까지는 딱히 없었고 협업을 하면서 또 커뮤니케이션 방식이나 커뮤니케이션 스타일에 관하여 따른 분들에 대해 굉장히 이해하고 또 알게 되었기 때문에 네 저는 그렇게 어려운 점은 없습니다.","wordCount":59},"emotion":[],"intent":[{"text":"","expression":"","category":"attitude"}],"summary":{"text":"더 나은 결과물을 위해선 완전 협업의 기회가 주어지는 것이 중요하다고 생각하여 협업 자체를 좋아합니다. 커뮤니케이션 방식이나 스타일에 관해서는 잘 이해하고 있습니다.","wordCount":21}}},"rawDataInfo":{"question":{"fileFormat":"wav","fileSize":460878,"duration":14400,"samplingBit":16,"channelCount":1,"samplingRate":"16kHz","audioPath":"/Mock/05.ICT/Female/Experienced/ckmk_q_ict_f_e_204846.wav"},"answer":{"fileFormat":"wav","fileSize":1282638,"duration":40080,"samplingBit":16,"channelCount":1,"samplingRate":"16kHz","audioPath":"/Mock/05.ICT/Female/Experienced/ckmk_a_ict_f_e_204846.wav"}}}