{"version":"1.0","dataSet":{"info":{"date":"20230116","occupation":"ICT","channel":"MOCK","place":"ONLINE","gender":"FEMALE","ageRange":"-34","experience":"EXPERIENCED"},"question":{"raw":{"text":"네 우리 회사가 해외 무대로 진출한다면 어디로 진출하는 것이 좋을지 생각해 보신 적이 있는지요 어 본인의 생각을 말씀해 주시고요 또 왜 그렇게 생각하는지도 어 이유를 말씀해 주시기 바랍니다","wordCount":28},"emotion":[],"intent":[]},"answer":{"raw":{"text":"어 해외까지 사업을 진출할 계획이 있으시다면 그래도 이쪽 업계랑 잘 어울릴 수 있을 것 같은 나라로 가면 좋을 것 같다는 생각이 들구요. 제가 지금 생각나는 나라는 음 아시아 쪽으로 가면은 좀 더 좋을 것 같다는 생각이 들고 제가 여행으로 갔었던 어 대만이 어떨까 싶습니다. 대만이 이제 중심지만 가면은 어 우리가 어 익숙하게 알고 있는 그런 모습이 흔하게 보이는데요. 어 대만의 그 수도 쪽 말고 외곽으로 좀 더 빠져서 소도시들이 있는 곳으로 가다보면은 어 조금 다른 분위기를 느낄 수가 있는데 음 약간 서울로 치면은 좀 더 한 칠십 년대 팔십 년대 느낌이 나는 그런 동네들이 많더라구요. 그래서 그런 곳에서 조금 더 발전을 위한 그런 사업을 진행할 수 있지 않을까 하는 생각이 듭니다,","wordCount":111},"emotion":[],"intent":[{"text":"","expression":"","category":"attitude"}],"summary":{"text":"해외까지 사업을 진출할 계획이 있다면 아시아 쪽으로 가면 좋을 것 같습니다. 제가 여행으로 간 대만이 수도 쪽보다 외곽으로 가면 더 70, 80년대 느낌이 저는 동네가 많습니다. 그런 곳에서 발전을 위한 사업을 진행할 수 있다고 생각합니다.","wordCount":35}}},"rawDataInfo":{"question":{"fileFormat":"wav","fileSize":550478,"duration":17200,"samplingBit":16,"channelCount":1,"samplingRate":"16kHz","audioPath":"/Mock/05.ICT/Female/Experienced/ckmk_q_ict_f_e_181353.wav"},"answer":{"fileFormat":"wav","fileSize":2613198,"duration":81660,"samplingBit":16,"channelCount":1,"samplingRate":"16kHz","audioPath":"/Mock/05.ICT/Female/Experienced/ckmk_a_ict_f_e_181353.wav"}}}