{"version":"1.0","dataSet":{"info":{"date":"20230116","occupation":"ICT","channel":"MOCK","place":"ONLINE","gender":"FEMALE","ageRange":"-34","experience":"EXPERIENCED"},"question":{"raw":{"text":"이 직무에 지원한 이유가 무엇인지 궁금합니다 이유에 대해 말씀해 주시고 본인이 이 직무에 왜 적합한 인재인지도 함께 설명해 주세요","wordCount":19},"emotion":[],"intent":[]},"answer":{"raw":{"text":"제가 이 직무을 지원하게 된 이유는 제가 지금 공부하는 것과 관련이 있는 일이기도 하고 제가 열심히 공부한 것들을 이곳에서 제 꿈을 실현할 수 있겠다라는 생각이 들어서 지원하게 되었고요. 그 꿈을 이루려면 일단 제가 선택한 회사는 정말 다시는 후회하지 않을 만한 정말 제가 원하는 그럴 만한 회사여야 된다라고 생각해서 이 회사는 저한테 딱 맞을 거라고 생각해서 지원하였고요. 단순한 저의 그냥 어 지원이 아닌 진심으로써 지원을 하게 되었고 또 제가 이 왜 이 회사와 적합한 인재라고 생각을 하게 되냐면 일단은 저 같은 경우는 어 이 성실성도 있고 그다음 창의성도 두드러져 있다고 생각을 하고요. 그리고 마지막으로 꼼꼼함도 있다고 생각하기 때문에 이 인재와 매우 부합하다고 생각해서 저는 여기에 이 직무에 지원하게 되었습니다.","wordCount":108},"emotion":[],"intent":[{"text":"제가 이 직무을 지원하게 된 이유는 제가 지금 공부하는 것과 관련이 있는 일이기도 하고 제가 열심히 공부한 것들을 이곳에서 제 꿈을 실현할 수 있겠다라는 생각이 들어서 지원하게 되었고요.","expression":"c_sincere_job","category":"etc"},{"text":"그 꿈을 이루려면 일단 제가 선택한 회사는 정말 다시는 후회하지 않을 만한 정말 제가 원하는 그럴 만한 회사여야 된다라고 생각해서 이 회사는 저한테 딱 맞을 거라고 생각해서 지원하였고요.","expression":"c_sincere_job","category":"etc"}],"summary":{"text":"이 직무를 지원하게 된 이유는 제가 열심히 공부한 것들을 이곳에서 제 꿈을 실현할 수 있겠다는 생각이 들어서 지원하게 되었고, 제가 선택한 회사는 제가 원하는 그럴 만한 회사여야 된다라고 생각해서 지원했습니다. 성실성, 창의성 그리고 꼼꼼함 때문에 이 직무에 적합하다고 생각했습니다.","wordCount":39}}},"rawDataInfo":{"question":{"fileFormat":"wav","fileSize":451918,"duration":14120,"samplingBit":16,"channelCount":1,"samplingRate":"16kHz","audioPath":"/Mock/05.ICT/Female/Experienced/ckmk_q_ict_f_e_277552.wav"},"answer":{"fileFormat":"wav","fileSize":2613198,"duration":81660,"samplingBit":16,"channelCount":1,"samplingRate":"16kHz","audioPath":"/Mock/05.ICT/Female/Experienced/ckmk_a_ict_f_e_277552.wav"}}}