{"version":"1.0","dataSet":{"info":{"date":"20230116","occupation":"ICT","channel":"MOCK","place":"ONLINE","gender":"FEMALE","ageRange":"-34","experience":"EXPERIENCED"},"question":{"raw":{"text":"본인이 지금까지 살면서 가장 이룬 성과 중에 가장 큰 성과는 혹시 어떤 게 있을까요 같이 말씀해 주시기 바랍니다","wordCount":18},"emotion":[],"intent":[]},"answer":{"raw":{"text":"예전에 친구가 이제 선물로 해줬던 선인장이 있었는데요. 저는 사실 식물을 굉장히 못 키우는 편입니다. 그래서 웬만하면은 식물을 잘 키우려고 하지는 않는데 아무래도 선인장은 키우는 식물 쪽에서는 수월한 쪽에 속하기 때문에 친구도 안심하고 선인장을 선물해 줬었는데 처음에는 어 되게 공들여서 돌봤었거든요. 그래서 되게 작았던 선인장이 거의 한 십 센치 이상 키가 커졌었는데 제가 이제 겨울에 바빴을 때 좀 소홀하게 관리를 했었던 거죠. 그래서 저희 엄마가 핼 쬐게 해주려고 옥상에 올려 두셨다가 그걸 저도 까먹고 엄마도 까먹으면서 추운 겨울에 선인장이 얼어 죽었던 일이 있었습니다. 그래서 사실 이거를 성과라고 자랑하는 건 아니구요. 어떤 저의 그 큰 반성을 할 수 있는 계기가 됐던 일이었습니다.","wordCount":100},"emotion":[],"intent":[{"text":"","expression":"","category":"attitude"}],"summary":{"text":"선인장을 공들여서 돌봤던 제가 겨울에 소홀하게 관리를 하여 선인장이 얼었던 일이 있었는데, 이것을 성과라고 자랑하는 것은 아니고 어떤 저의 큰 반성을 할 수 있는 계기가 됐던 일이었습니다.","wordCount":27}}},"rawDataInfo":{"question":{"fileFormat":"wav","fileSize":382478,"duration":11950,"samplingBit":16,"channelCount":1,"samplingRate":"16kHz","audioPath":"/Mock/05.ICT/Female/Experienced/ckmk_q_ict_f_e_181358.wav"},"answer":{"fileFormat":"wav","fileSize":2638478,"duration":82450,"samplingBit":16,"channelCount":1,"samplingRate":"16kHz","audioPath":"/Mock/05.ICT/Female/Experienced/ckmk_a_ict_f_e_181358.wav"}}}