{"version":"1.0","dataSet":{"info":{"date":"20230116","occupation":"ICT","channel":"MOCK","place":"ONLINE","gender":"FEMALE","ageRange":"-34","experience":"EXPERIENCED"},"question":{"raw":{"text":"현재 읽고 계신 책이 있는지 궁금하구요 어 있다면 그 책이 무엇인지 어 그리고 그 내용에 대해서도 어 구체적으로 설명 부탁드리겠습니다","wordCount":20},"emotion":[],"intent":[]},"answer":{"raw":{"text":"어 지금 읽었던 책은 힌가시노 게이고의 용의자 엑스의 헌신이란 책인데요. 어 이 책은 특이하게도 스릴러와 로맨스와 함께 결합된 책입니다. 특히 남자 주인공이 여자 주인공의 살인을 덮어 주려고 알리바이를 만들어 주는 장면이 굉장히 인상 깊었고 남자 주인공이 여자 주인공을 위해 헌신하는 모습이 참 신기하기도 했고 또 어떤 감정일지 궁금하기도 했습니다. 그래서 참 재미있고 흥미롭게 읽었던 것 같습니다.","wordCount":56},"emotion":[],"intent":[{"text":"","expression":"","category":"attitude"}],"summary":{"text":"힌가시노 게이고의 용의자 엑스의 헌신은 미스터리와 로맨스가 결합된 책인데, 여자 주인공을 위해 헌신하는 남자 주인공의 모습이 인상 깊었습니다.","wordCount":18}}},"rawDataInfo":{"question":{"fileFormat":"wav","fileSize":498638,"duration":15580,"samplingBit":16,"channelCount":1,"samplingRate":"16kHz","audioPath":"/Mock/05.ICT/Female/Experienced/ckmk_q_ict_f_e_184515.wav"},"answer":{"fileFormat":"wav","fileSize":1275598,"duration":39860,"samplingBit":16,"channelCount":1,"samplingRate":"16kHz","audioPath":"/Mock/05.ICT/Female/Experienced/ckmk_a_ict_f_e_184515.wav"}}}