{"version":"1.0","dataSet":{"info":{"date":"20230116","occupation":"ICT","channel":"MOCK","place":"ONLINE","gender":"FEMALE","ageRange":"-34","experience":"EXPERIENCED"},"question":{"raw":{"text":"근무를 하다 보면 다른 지역에서 업무를 수행하게 될 수도 있습니다 혹시 이럴 때 타 지역 근무도 괜찮으실까요","wordCount":17},"emotion":[],"intent":[]},"answer":{"raw":{"text":"네 타 지역 업무도 가능합니다. 그러나 개인적으로 체력 분배에 관하여 굉장히 신경 쓰는 편이기 때문에 어 한 달에 한 두 번 정도의 출장은 가능하지만 너무 오래 타 지역에 머물러야 한다던가 너무 잦은 출장은 조금 피하는 성향이 피하는 경향이 있습니다. 어 그래서 출장을 간다면 시간은 짧게 갓 가고 싶다는 개인적인 바램이 있습니다.","wordCount":51},"emotion":[],"intent":[{"text":"","expression":"","category":"attitude"}],"summary":{"text":"개인적으로 체력 분배에 신경쓰기 때문에 한 달에 한 두 번 정도는 출장이 가능하지만 너무 긴 출장은 피하고 싶어 시간은 짧게 가고 싶습니다.","wordCount":22}}},"rawDataInfo":{"question":{"fileFormat":"wav","fileSize":304718,"duration":9520,"samplingBit":16,"channelCount":1,"samplingRate":"16kHz","audioPath":"/Mock/05.ICT/Female/Experienced/ckmk_q_ict_f_e_161370.wav"},"answer":{"fileFormat":"wav","fileSize":1086478,"duration":33950,"samplingBit":16,"channelCount":1,"samplingRate":"16kHz","audioPath":"/Mock/05.ICT/Female/Experienced/ckmk_a_ict_f_e_161370.wav"}}}