{"version":"1.0","dataSet":{"info":{"date":"20230116","occupation":"ICT","channel":"MOCK","place":"ONLINE","gender":"FEMALE","ageRange":"-34","experience":"EXPERIENCED"},"question":{"raw":{"text":"현재 가장 관심을 가지고 있는 아이티 트렌드는 무엇인지 말씀해 주시기 바랍니다","wordCount":11},"emotion":[],"intent":[]},"answer":{"raw":{"text":"저는 트렌드를 잘 알고 있다고 생각을 합니다. 그 이유는 평소에 그 트렌드 관련된 영상이나 뉴스 글들 블로그를 굉장히 많이 찾아보고 있고 또 항상 그 아이티 트렌드는 항상 다변적이고 계속해서 변화하고 있기 때문에 그 부분을 아주 잘 인지하고 있기 때문에 저는 굉장히 트렌드에 대해서 많이 알고 있어야 된다 라고 생각을 합니다. 그래서 특히나 인공 지능 관련된 기사들은 많이 보는 편이고 그 외해 사차 산업 혁명과 관련된 내용들은 굉장히 주요 깊게 보고 있고요. 특히나 제일 좋은 건 해외 컬럼 해외 뉴스 해외 내용들이 제일 발 빠르기 때문에 어 그 부분을 제일 많이 또 챙겨보고 있다고 생각을 하고 있습니다.","wordCount":96},"emotion":[],"intent":[{"text":"그래서 특히나 인공 지능 관련된 기사들은 많이 보는 편이고 그 외해 사차 산업 혁명과 관련된 내용들은 굉장히 주요 깊게 보고 있고요.","expression":"i_tech_orien","category":"attitude"}],"summary":{"text":"IT 트렌드는 항상 다변적이고 계속해서 변화하고 있기 때문에 트렌드를 잘 알고 있어야 된다 생각합니다. 그래서 인공 지능 관련 기사들을 많이 보고 사차 산업 혁명과 관련된 내용들은 주요하게 봅니다.","wordCount":28}}},"rawDataInfo":{"question":{"fileFormat":"wav","fileSize":283598,"duration":8860,"samplingBit":16,"channelCount":1,"samplingRate":"16kHz","audioPath":"/Mock/05.ICT/Female/Experienced/ckmk_q_ict_f_e_293166.wav"},"answer":{"fileFormat":"wav","fileSize":2574158,"duration":80440,"samplingBit":16,"channelCount":1,"samplingRate":"16kHz","audioPath":"/Mock/05.ICT/Female/Experienced/ckmk_a_ict_f_e_293166.wav"}}}