{"version":"1.0","dataSet":{"info":{"date":"20230116","occupation":"ICT","channel":"MOCK","place":"ONLINE","gender":"FEMALE","ageRange":"55-","experience":"EXPERIENCED"},"question":{"raw":{"text":"지원자님만의 스트레스 해소 방법이 있다면 무엇이 있을까요 왜 그 방법으로 스트레스를 해소하시는지도 함께 답변해 주시기 바랍니다","wordCount":16},"emotion":[],"intent":[]},"answer":{"raw":{"text":"스트레스 해소 방법은 저는 차 안에서 음악을 굉장히 크게 듣는 것을 어 해소 방법을 진행하고 있습니다. 음 다양한 스트레스가 많죠. 세상 살면서 어 집에서 받는 스트레스도 있고 또 직업으로 있는 저는 교육을 하니까 교육하는 스트레스도 있죠. 또 제가 열심히 가르쳤는데도 어 잘 못 알아들으셔서 여러 번 여러 번 해야 되는 그런 어 과정도 거치고 있죠. 어 그럴 때 어 돌아오는 길 아니면 하러 가는 길에 어 아주 시끄러운 그리고 하드락 같은 그런 어 음악을 틀어 놓고 아주 크게 틀어 놓고 어 아는 부분은 따라도 하고 어 그렇지 않은 부분들은 예 그 신호등에 잠깐 서 있을 때는 어 헤드벵잉도 좀 해가면서 예 스트레스를 해소하고 있습니다. 좋은 방법인 것 같기도 하구요. 예 너무 크게 하면은 바깥에 들릴까 봐 좀 걱정도 되긴 하지만 그래도 저는 그러고 나면은 좀 속이 시원합니다.","wordCount":127},"emotion":[],"intent":[{"text":"","expression":"","category":"attitude"}],"summary":{"text":"저는 차 안에서 음악을 굉장히 크게 듣는 것을 스트레스 해소 방법으로 진행하고 있습니다. 집에서의 스트레스와 교육에서의 스트레스가 있을 때, 하드락 같은 음악을 아주 크게 틀어 놓고 아는 부분은 따라하고 그렇지 않은 부분들은 헤드벵잉을 해가면서 스트레스를 해소하고 있었습니다.","wordCount":37}}},"rawDataInfo":{"question":{"fileFormat":"wav","fileSize":403278,"duration":12600,"samplingBit":16,"channelCount":1,"samplingRate":"16kHz","audioPath":"/Mock/05.ICT/Female/Experienced/ckmk_q_ict_f_e_274960.wav"},"answer":{"fileFormat":"wav","fileSize":2375758,"duration":74240,"samplingBit":16,"channelCount":1,"samplingRate":"16kHz","audioPath":"/Mock/05.ICT/Female/Experienced/ckmk_a_ict_f_e_274960.wav"}}}