{"version":"1.0","dataSet":{"info":{"date":"20230116","occupation":"ICT","channel":"MOCK","place":"ONLINE","gender":"FEMALE","ageRange":"-34","experience":"EXPERIENCED"},"question":{"raw":{"text":"지원자님께서 일을 하실 때에 타 부서와 갈등 상황이 생길 수도 있습니다 갈등 상황이 생겼을 때 지원자님께서는 이 상황을 어떻게 해결하실지 한 번 말씀해 주시기 바랍니다","wordCount":25},"emotion":[],"intent":[]},"answer":{"raw":{"text":"만약에 타 부서와 갈등이 발생한다면 먼저는 저희 측에 잘못을 먼저 점검을 점검을 해보고 최대한 저희 부서에는 피해가 없도록 노력할 것 같습니다. 그래서 타 부서분과 일단 소통을 많이 해야 될 것 같습니다. 어느 부분에서 충돌을 했는지 이야기를 먼저 나누고 이 지점까지는 그쪽 이 지점까지는 우리 쪽 이렇게 먼저 나누어야 할 것 같고요. 상황을 가정한다면 만약 데이터 분석과와 어 데이터 엔지니어 분들 간에 겹치는 점이 있을 거고 또 데이터 사이언스 분야와 데이트 분석가 분들이 겹치는 지점이 있을 텐데요. 인사이트 도출까지 저희가 하고 넘기는가 혹은 데이터 모델링까지도 저희가 데이터 사이언티스트 분들과 이야기를 하고 또 협업 협업을 해야 하는가 이 지점에서 만약 부딪친다면 어 저는 그 데이터 모델링 같은 경우에는 저희 인사이트가 좀 더 들어가야 하는 건지 혹은 데이터 사이언티스트 분들의 그 내부에서 모델링하는 그 경험들을 더 존중해야 되는 상황인지 먼저 그걸 판단을 해보고 좀 더 이 프로그램과 이 프로젝트 진척에 알맞게 선택할 것 같습니다.","wordCount":141},"emotion":[],"intent":[{"text":"만약에 타 부서와 갈등이 발생한다면 먼저는 저희 측에 잘못을   먼저 점검을 점검을 해보고 최대한 저희 부서에는 피해가 없도록 노력할 것 같습니다.","expression":"c_confl_mg","category":"personality"},{"text":"인사이트 도출까지    저희가 하고 넘기는가 혹은 데이터 모델링까지도 저희가 데이터 사이언티스트   분들과 이야기를 하고 또 협업 협업을 해야 하는가 이 지점에서 만약 부딪친다면   어 저는 그 데이터 모델링 같은 경우에는 저희 인사이트가 좀 더 들어가야    하는 건지 혹은 데이터 사이언티스트 분들의 그 내부에서 모델링하는 그 경험들을   더 존중해야 되는 상황인지 먼저 그걸 판단을 해보고 좀 더 이 프로그램과   이 프로젝트 진척에 알맞게 선택할 것 같습니다.","expression":"c_confl_mg","category":"personality"}],"summary":{"text":"타 부서와 갈등이 발생한다면 먼저 저희 측에 잘못을 먼저 점검을 해보고 최대한 저희 부서에 피해가 없도록 노력할 것 같습니다. 상황을 가정한다면 데이터 분석과와 데이터 엔지니어 분들 간에 겹치는 점이 있을 텐데, 데이터 모델링 같은 경우에는 먼저 판단을 해보고 이 프로그램과 이 프로젝트 진척에 알맞게 선택해야 합니다.","wordCount":46}}},"rawDataInfo":{"question":{"fileFormat":"wav","fileSize":514958,"duration":16090,"samplingBit":16,"channelCount":1,"samplingRate":"16kHz","audioPath":"/Mock/05.ICT/Female/Experienced/ckmk_q_ict_f_e_177945.wav"},"answer":{"fileFormat":"wav","fileSize":2513358,"duration":78540,"samplingBit":16,"channelCount":1,"samplingRate":"16kHz","audioPath":"/Mock/05.ICT/Female/Experienced/ckmk_a_ict_f_e_177945.wav"}}}