{"version":"1.0","dataSet":{"info":{"date":"20230116","occupation":"ICT","channel":"MOCK","place":"ONLINE","gender":"FEMALE","ageRange":"-34","experience":"EXPERIENCED"},"question":{"raw":{"text":"안드로이드와 아이오에스에 대해서 잘 알고 계시죠 그렇다면 이 두 가지에 차이점과 공통점을 비교 분석하여 설명해 보시겠어요","wordCount":16},"emotion":[],"intent":[]},"answer":{"raw":{"text":"안드로이드와 아이 오 에스에 비교해서 차이점을 모릅니다. 죄송합니다. 어 저는 주로 아이오에스를 많이 쓰는 편이고 아이폰 맥북 아이 패드 이렇게 쓰는 편인데요. 어 제가 이걸 쓰는 이유는 좀 더 연동이 쉽고 그리고 일단 그 그래픽 자체가 굉장히 깔끔한 편이고 디자인도 굉장히 직관적으로 사용할 수 있기 때문에 저는 아이오에스를 쓰는 편입니다. 그 이외에 안드로이드는 제가 기본 지식이 없고 저희 개발 쪽이 데이터 사이언스 분야라서 이 분야의 경우 제가 잘 모릅니다. 이 부분 데이터를 제가 본 적이 없어서요. 죄송합니다.","wordCount":77},"emotion":[],"intent":[{"text":"","expression":"","category":"attitude"}],"summary":{"text":"저는 연동이 쉽고 그래픽이 깔끔하고 직관적으로 디자인된 아이오에스를 주로 사용합니다. 그 외에 안드로이드에 대한 기본지식이 없고 데이터 사이언스 분야에 대한 지식이 없어 안드로이드와 아이오 에스의 차이점을 모르겠습니다.","wordCount":27}}},"rawDataInfo":{"question":{"fileFormat":"wav","fileSize":377678,"duration":11800,"samplingBit":16,"channelCount":1,"samplingRate":"16kHz","audioPath":"/Mock/05.ICT/Female/Experienced/ckmk_q_ict_f_e_177952.wav"},"answer":{"fileFormat":"wav","fileSize":1386318,"duration":43320,"samplingBit":16,"channelCount":1,"samplingRate":"16kHz","audioPath":"/Mock/05.ICT/Female/Experienced/ckmk_a_ict_f_e_177952.wav"}}}