{"version":"1.0","dataSet":{"info":{"date":"20230116","occupation":"ICT","channel":"MOCK","place":"ONLINE","gender":"FEMALE","ageRange":"-34","experience":"EXPERIENCED"},"question":{"raw":{"text":"우리가 통신 규약으로 정해놓은 에이치티티피 프로토콜에 대해서 본인이 아시는 대로 설명해 주십시오","wordCount":12},"emotion":[],"intent":[]},"answer":{"raw":{"text":"어 정확하게 기억이 나지는 않지만 먼저 프로토콜에 대해서 배웠을 때는 클라이언트와 서 클라이언트와 그 아래에 종속되는 서버들이 가지고 있는 약속 또는 규칙이라고 배웠습니다. 이 프로토콜을 통해서 서버 간의 통신이 이루어지고 또 신호를 주고받는 것으로 알고 있고요. 이게 어떻게 어디에 어떻게 적용하는지는 정확하게 기억이 난 나지는 않지만 어 일단 웹 페이지와 페이지 간의 통신에도 또 적용이 되고 실제로 저희가 핸드폰 사용을 해서 전화를 걸 때도 사용되는 게 프로토콜이라고 알 수 알고 있습니다.","wordCount":71},"emotion":[],"intent":[{"text":"어 정확하게 기억이 나지는 않지만 먼저 프로토콜에 대해서 배웠을 때는 클라이언트와   서 클라이언트와 그 아래에 종속되는 서버들이 가지고 있는    약속 또는 규칙이라고 배웠습니다.","expression":"i_hwsw_prfi","category":"attitude"}],"summary":{"text":"프로토콜은 클라이언트와 그 아래에 종속되는 서버들이 가지고 있는 약속 또는 규칙으로 서버 간의 통신이 이루어지고 또 신호를 주고받는 것으로 알고 있습니다.","wordCount":21}}},"rawDataInfo":{"question":{"fileFormat":"wav","fileSize":387278,"duration":12100,"samplingBit":16,"channelCount":1,"samplingRate":"16kHz","audioPath":"/Mock/05.ICT/Female/Experienced/ckmk_q_ict_f_e_177674.wav"},"answer":{"fileFormat":"wav","fileSize":1417038,"duration":44280,"samplingBit":16,"channelCount":1,"samplingRate":"16kHz","audioPath":"/Mock/05.ICT/Female/Experienced/ckmk_a_ict_f_e_177674.wav"}}}