{"version":"1.0","dataSet":{"info":{"date":"20230116","occupation":"ICT","channel":"MOCK","place":"ONLINE","gender":"FEMALE","ageRange":"55-","experience":"EXPERIENCED"},"question":{"raw":{"text":"지원자님께서 직장을 선택할 때 가장 중요하게 생각하는 두 가지가 있다면 그 두 가지를 한번 말씀해 주세요","wordCount":16},"emotion":[],"intent":[]},"answer":{"raw":{"text":"직장을 선택할 때 중요한 세 가지가 있다 그러면 제일 첫 번째 저는 어 시간적인 여유라고 생각합니다. 음 업무를 잘하고 그 업무에 성과를 내기 위해서는 몸도 튼튼해야 되고 정신적으로도 건강해야 된다고 생각합니다. 아 그래서 어 칼퇴근까지는 아니라 하더래도 어 기본적인 출근과 퇴근 시간에 대한 부분들 내지는 어 본인들이 원할 때 휴가를 가질 수 있는 그런 시간적인 부분들을 첫 번째 중요하다고 생각하고 있습니다. 두 번째는 어 각 개인의 적성이라고 생각합니다. 적성에 맞는 직업을 찾기는 쉽지는 않죠. 하지만 자기가 얼마나 잘 하는지 또 무엇을 좋아하는지에 대한 부분들을 알고 그 적성을 찾아서 적성에 맞는 일을 해줘야 성과도 좋고 그다음에 결과도 아주 좋게 나올 수 있을 거라고 생각하구요. 본인이 일에 대한 만족도도 높다고 생각합니다. 그래서 적성이 굉장히 중요하다고 생각합니다. 세 번째는 아무래도 임금이겠죠. 음 제가 한 부분에 대한 성과에 대한 어떤 결과물이 임금이기 때문에 급여에 대한 부분들도 어 아주 중요하게 생각하고 있습니다.","wordCount":137},"emotion":[],"intent":[{"text":"","expression":"","category":"attitude"}],"summary":{"text":"직장 선택할 때 중요한 첫 번째, 시간적인 여유입니다. 두 번째는 각 개인의 적성입니다. 세 번째는 임금입니다. 성과에 대한 결과물이 임금이기 때문에 급여에 대한 부분들도 아주 중요하게 생각하고 있습니다.","wordCount":28}}},"rawDataInfo":{"question":{"fileFormat":"wav","fileSize":368078,"duration":11500,"samplingBit":16,"channelCount":1,"samplingRate":"16kHz","audioPath":"/Mock/05.ICT/Female/Experienced/ckmk_q_ict_f_e_275636.wav"},"answer":{"fileFormat":"wav","fileSize":2681038,"duration":83780,"samplingBit":16,"channelCount":1,"samplingRate":"16kHz","audioPath":"/Mock/05.ICT/Female/Experienced/ckmk_a_ict_f_e_275636.wav"}}}