{"version":"1.0","dataSet":{"info":{"date":"20230116","occupation":"ICT","channel":"MOCK","place":"ONLINE","gender":"FEMALE","ageRange":"45-54","experience":"EXPERIENCED"},"question":{"raw":{"text":"지원자님은 입사 후 쉬운 일 어려운 일이 있을 때 이 일에 대해 분배를 어떻게 하실 건지 그리고 어떻게 나눠서 처리할 생각인지 말씀해 주세요","wordCount":23},"emotion":[],"intent":[]},"answer":{"raw":{"text":"아 이게 가능하다면 저는 그 쉬운 일을 쪼개서 쉬운 일 하고 그다음에 어려운 일 하다가 정말 아 막 좀 머리가 쉬어야 되고 할 때는 조금 자존심을 조금 자존감을 회복해야 되는 그런 시점이 오면 다시 그 쉬운 일을 조금 할 거 같애요. 네 저의 어떤 정신 건강을 위한 네 쪼개기가 가능하다면 그러면 뭐 쉬운 일 더 쪼개기가 가능하다면 쉬운 일 어려운 일 쉬운 일 어려운 일 쉬운 일 이런 식으로도 할 수 있을 거 같애요. 그러니까 쉬운 일을 어려운 일 사이 사이마다 조금 끼워넣어서 제 인내심과 제 뇌가 조금 휴식을 취할 수 있는 정도 시간을 버리는 그런 용도로 그렇게 분배를 좀 그렇게 하지 않을까 싶습니다. 네","wordCount":105},"emotion":[],"intent":[{"text":"","expression":"","category":"attitude"}],"summary":{"text":"쉬운 일을 쪼개서 쉬운 일, 어려운 일 을 하며 자존감을 회복하는 식으로도 할 수 있습니다. 어려운 일을 쉬운 일에 조금 끼워넣기 해서 인내심, 뇌의 휴식 시간을 버리는 용도로 분배를 하는 것이 좋겠습니다.","wordCount":32}}},"rawDataInfo":{"question":{"fileFormat":"wav","fileSize":517198,"duration":16160,"samplingBit":16,"channelCount":1,"samplingRate":"16kHz","audioPath":"/Mock/05.ICT/Female/Experienced/ckmk_q_ict_f_e_178550.wav"},"answer":{"fileFormat":"wav","fileSize":2464078,"duration":77000,"samplingBit":16,"channelCount":1,"samplingRate":"16kHz","audioPath":"/Mock/05.ICT/Female/Experienced/ckmk_a_ict_f_e_178550.wav"}}}