{"version":"1.0","dataSet":{"info":{"date":"20230116","occupation":"ICT","channel":"MOCK","place":"ONLINE","gender":"FEMALE","ageRange":"45-54","experience":"EXPERIENCED"},"question":{"raw":{"text":"살면서 다양한 커뮤니케이션을 경험해 보셨을 텐데요 그중에 지원자님께 가장 어려웠던 경험이 있다면 그것에 대해서 구체적으로 말씀해 주세요","wordCount":17},"emotion":[],"intent":[]},"answer":{"raw":{"text":"일을 하면서 굉장히 다양한 사람들을 만나고 또 다양한 환경에서 커뮤니케이션을 했습니다. 그중에서 제일 힘들었던 건 어 그 상대방 에 대한 어떤 위치나 역할이 아니라 젊은 세대들와의 소통이 어 저한테는 가장 힘들었던 커뮤니케이션이 아니었나 싶습니다. 그분들과는 조금 다른 채널을 통해서 조금 요구사항이라든가 피드백을 좀 받는 업무를 했었는데요. 어 바로 메타버스에 대한 그 테스트를 진행을 하고 메타버스에 어떤 그 문제점들을 소통하는 공간이었는데요. 어 이게 의사소통을 하는 게 이렇게 힘든 일인가 오히려 대면이 좀 쉽고 저 같은 경우에는 어떤 매체나 뭐 이런 것들을 제한해서 소통을 하다 보니까 굉장히 어렵더라구요. 용어도 조금 이 젊은 층들이 쓰는 용어들이 이해하기 힘들었고 그리고 이 분들의 감정을 문자로 파악을 하려니 그것들이 굉장히 어려웠습니다. 제가 하는 말에 긍정적인 보내는 것인지 그렇지 않은 것인지 조금 힘들어서 그런 부분이 좀 어 가장 어려운 커뮤니케이션이 아니었나 싶습니다.","wordCount":125},"emotion":[],"intent":[{"text":"","expression":"","category":"attitude"}],"summary":{"text":"일을 하면서 가장 힘들었던 건 젊은 세대들과의 소통입니다. 다른 채널을 통해 요구사항과 피드백을 받았는데, 메타버스에 대한 테스트를 하고 문제점들을 소통하는 공간이었습니다. 젊은 층들이 쓰는 용어들이 이해하기 힘들었고, 감정을 문자로 파악하는 것도 힘들었습니다.","wordCount":32}}},"rawDataInfo":{"question":{"fileFormat":"wav","fileSize":622798,"duration":19460,"samplingBit":16,"channelCount":1,"samplingRate":"16kHz","audioPath":"/Mock/05.ICT/Female/Experienced/ckmk_q_ict_f_e_272934.wav"},"answer":{"fileFormat":"wav","fileSize":2508558,"duration":78390,"samplingBit":16,"channelCount":1,"samplingRate":"16kHz","audioPath":"/Mock/05.ICT/Female/Experienced/ckmk_a_ict_f_e_272934.wav"}}}