{"version":"1.0","dataSet":{"info":{"date":"20230116","occupation":"ICT","channel":"MOCK","place":"ONLINE","gender":"FEMALE","ageRange":"45-54","experience":"EXPERIENCED"},"question":{"raw":{"text":"지원자님께서 생각하시기에 본인의 노년의 모습은 어떤 모습이시길 바라는지 어 자신이 바라는 이상적인 노년의 모습을 말씀해 주시길 바랍니다","wordCount":17},"emotion":[],"intent":[]},"answer":{"raw":{"text":"이상적인 노년은 일단 건강해야죠. 아 치매나 병에 걸리면 힘들기 때문에 일단은 지금부터 열심히 운동을 해서 어 그런 노인성 질환에 걸리지 않도록 노력하는 게 가장 중요한 다 생각을 합니다. 그리고 물론 뭐 금전적인 부분이 충분하면 좋겠지만 어 그렇지 않다 라는 가정 하에 어 저는 좀 끊임없이 어떤 사회적인 공헌 사회적인 구성원으로서 역할을 할 수 있는 어 그런 게 없을까 항상 고민을 해 봤습니다. 그래서 이상적인 노년은 어 사회적인 공헌을 할 수 있고 어느 정도 소득이 발생할 수 있는 그런 상황이 최상이지 않을까 생각을 하구요. 어 그래서 제가 할 수 있는 일이 노년에도 할 수 있는 일이 무엇일까 좀 생각을 해 봤는데 어 봉사활동이라고 생각을 합니다. 봉사 활동이 뭐 저와 같은 연배일 수도 있고 좀 요즘 아이들을 맡을 곳이 없어서 고민하는 가 굉장히 많은 걸로 알고 있습니다. 노인 인력과 아이들을 케어하는 그런 업무들을 봄으로써 어 걱정 없이 젊은 부부들이 일을 할 수 있고 노인들은 사회적인 보람도 느끼고 어느 정도 용돈도 벌 수 있는 그런 어떤 네트웍 단체를 만드는 것이 저의 노년에 어 이상적인 모습이라고 할 수 있겠습니다.","wordCount":165},"emotion":[],"intent":[{"text":"","expression":"","category":"attitude"}],"summary":{"text":"이상적인 노년은 건강하고 치매나 병에 걸리기 전까지 열심히 운동해서 노인성 질환에 걸리지않도록 노력하는 게 가장 중요합니다. 또한 금전적인 부분이 충분하지 않다는 가정 하에 사회적 공헌을 할 수 있는 상황이 최상이라 생각하여 봉사활동을 합니다. 젊은 부부들이 일을 하고 노인들은 용돈도 벌 수 있는 네트웍 단체를 만드는 것이 이상적인 노년에 대한 모습입니다.","wordCount":50}}},"rawDataInfo":{"question":{"fileFormat":"wav","fileSize":447758,"duration":13990,"samplingBit":16,"channelCount":1,"samplingRate":"16kHz","audioPath":"/Mock/05.ICT/Female/Experienced/ckmk_q_ict_f_e_272942.wav"},"answer":{"fileFormat":"wav","fileSize":2793038,"duration":87280,"samplingBit":16,"channelCount":1,"samplingRate":"16kHz","audioPath":"/Mock/05.ICT/Female/Experienced/ckmk_a_ict_f_e_272942.wav"}}}