{"version":"1.0","dataSet":{"info":{"date":"20230116","occupation":"ICT","channel":"MOCK","place":"ONLINE","gender":"FEMALE","ageRange":"-34","experience":"EXPERIENCED"},"question":{"raw":{"text":"업무를 하셨을 때 주로 어떤 소스 컨트롤을 사용하십니까","wordCount":8},"emotion":[],"intent":[]},"answer":{"raw":{"text":"제가 사용하는 쏘스 컨트롤 같은 경우는 깃허브를 말할 수가 있는데요. 쏘스 컨트롤이라고 하면은 보통 형상 관리 버전 관리 또 유지 보수 주로 이런 용도로 쓰게 되고 또 배포할 때도 인제 쏘스 컨트롤을 쓰게 된다고 알고 있습니다. 아주 대부분의 많은 회사들이 이제 이런 깃이라는 쏘스 컨트롤을 이용하고 있기 때문에 그 또한 역시 같이 맞춰서 깃허브를 기터 깃과 깃허브를 쓰고 있구요. 그걸로 소프트웨어 버전 관리도 하고 있고 또 브랜치하여 여러 버전들을 확인할 수 있습니다. 보통 커밋과 푸시로 이루어져 있고 롤백도 있습니다. 굉장히 유용한 쏘스 컨트롤이라고 저는 개인적으로 생각을 합니다.","wordCount":87},"emotion":[{"text":"쏘스 컨트롤이라고 하면은 보통 형상 관리 버전 관리 또 유지 보수 주로 이런 용도로 쓰게 되고 또 배포할 때도 인제 쏘스 컨트롤을 쓰게 된다고 알고 있습니다.","expression":"u-fact","category":"neutral"},{"text":"아주 대부분의 많은 회사들이 이제 이런 깃이라는 쏘스 컨트롤을 이용하고 있기 때문에 그 또한 역시 같이 맞춰서 깃허브를 기터 깃과 깃허브를 쓰고 있구요.","expression":"u-fact","category":"neutral"}],"intent":[{"text":"","expression":"","category":"attitude"}],"summary":{"text":"쏘스 컨트롤은 깃허브를 말할 수 있으며 형상 관리, 버전 관리, 유지 보수, 배포 등에 주로 쓰입니다. 대부분의 회사들이 깃을 이용하는 쏘스컨트롤을 쓰기 때문에 그 또한 깃 허브를 쓰고 있습니다.","wordCount":29}}},"rawDataInfo":{"question":{"fileFormat":"wav","fileSize":264718,"duration":8270,"samplingBit":16,"channelCount":1,"samplingRate":"16kHz","audioPath":"/Mock/05.ICT/Female/Experienced/ckmk_q_ict_f_e_293167.wav"},"answer":{"fileFormat":"wav","fileSize":2498638,"duration":78080,"samplingBit":16,"channelCount":1,"samplingRate":"16kHz","audioPath":"/Mock/05.ICT/Female/Experienced/ckmk_a_ict_f_e_293167.wav"}}}