{"version":"1.0","dataSet":{"info":{"date":"20230116","occupation":"ICT","channel":"MOCK","place":"ONLINE","gender":"FEMALE","ageRange":"45-54","experience":"EXPERIENCED"},"question":{"raw":{"text":"사람은 저마다 자신만의 스트레스 해소 방법이 있는데요 지원자님만의 스트레스 해소 방법은 무엇인가요 그리고 왜 그 방법으로 스트레스를 해소 해소하는지 말씀해 주시길 바랍니다","wordCount":22},"emotion":[],"intent":[]},"answer":{"raw":{"text":"저는 게임해요 네 게임. 왜냐면 우선 게임을 좋아하고요. 그 게임에만 집중할 수 있게 하는 것 자체가 좋아요. 다른 거 아무 것도 생각 안하고 현실의 상황을 모두 부정하고 게임 속 상황에만 몰두하게 하는 그게 좋아요. 거기에만 몰두하고 싶어요 아무 생각 안 하고. 그래서 게임을 합니다. 저는 뭐 사실 다른 게임 안하고 어렸을 때부터 하던 게임이 있어서 딱 그것만 해요. 두 가지 크레이지 아케이드랑 네 숨은 그림 찾기 그래서 열심히 물풍선 터트리고 하고 그다음에 숨은 그림 열심히 찾고 네 그렇게 합니다. 정말 시간 금방 가고 뭔가 정리도 되는 것 같아요. 뭔가 뇌 어느 한 부분이 싹 휴지통으로 날라가는 느낌 깔끔해요 그래서.","wordCount":99},"emotion":[],"intent":[{"text":"","expression":"","category":"attitude"}],"summary":{"text":"현실의 상황을 모두 부정하고 게임 속 상황에만 몰두하게 하는 것이 좋아 게임을 합니다. 어렸을 때부터 하던 게임으로 크레이지 아케이드랑 숨은 그림 찾기를 합니다. 시간이 금방 가고 정리되는 것 같아 깔끔합니다.","wordCount":30}}},"rawDataInfo":{"question":{"fileFormat":"wav","fileSize":477518,"duration":14920,"samplingBit":16,"channelCount":1,"samplingRate":"16kHz","audioPath":"/Mock/05.ICT/Female/Experienced/ckmk_q_ict_f_e_178546.wav"},"answer":{"fileFormat":"wav","fileSize":2654478,"duration":82950,"samplingBit":16,"channelCount":1,"samplingRate":"16kHz","audioPath":"/Mock/05.ICT/Female/Experienced/ckmk_a_ict_f_e_178546.wav"}}}