{"version":"1.0","dataSet":{"info":{"date":"20230116","occupation":"ICT","channel":"MOCK","place":"ONLINE","gender":"FEMALE","ageRange":"45-54","experience":"EXPERIENCED"},"question":{"raw":{"text":"우리 회사가 해외 무대로 진출하게 된다면 어느 나라로 진출하는 게 좋을까요 그리고 그렇게 말씀하신 이유도 같이 설명해 주세요","wordCount":18},"emotion":[],"intent":[]},"answer":{"raw":{"text":"어 지금 코로나 이후로 예상치 못했던 상황들 때문에 세계 경제가 굉장히 어렵습니다. 계속 성장하기만 할 것 같던 중국도 지금 마이너스 성장을 예상을 하고 있구요. 어 우리나라 대한민국도 마찬가지로 계속 지속적인 무역 적자를 보고 있는 상황입니다. 그럼에도 불구하고 어 몇 안 되는 성장 국가 중에 베트남이 있습니다. 베트남은 젊은 인구가 굉장히 많습니다. 어 저희 나라와 반대죠. 일을 할 수 있고 소비를 할 수 있는 인력이 굉장히 많은 잠재력을 가진 곳이라고 생각을 합니다. 그리고 베트남 같은 경우에는 한국 문화에 대해 굉장히 개방적이고 호의적입니다. 그래서 한국 제품에 대한 거부감이 없기 때문에 좀 더 진출이 수월하지 않을까 라고 생각을 합니다. 그럼에도 불구하고 우리나라 회사의 어 메 마켓슈어가 굉장히 미진한 것으로 알고 있습니다. 그래서 저는 우리 회사가 해외 진출을 한다면 베트남에 반드시 진출하고 선점해야 한다고 생각합니다.","wordCount":121},"emotion":[],"intent":[{"text":"","expression":"","category":"attitude"}],"summary":{"text":"세계 경제가 굉장히 어려운 상황에서도 성장 국가 중 베트남이 있습니다. 베트남은 젊은 인구가 많고 개방적이고 호의적이라 한국 제품에 대한 거부감이 없기 때문에 진출이 수월할 것입니다. 그러나 우리나라 회사의 메 마켓슈어가 미진합니다. 해외 진출을 한다면 베트남에 반드시 진출하고 선점해야 한다고 생각합니다.","wordCount":40}}},"rawDataInfo":{"question":{"fileFormat":"wav","fileSize":334158,"duration":10440,"samplingBit":16,"channelCount":1,"samplingRate":"16kHz","audioPath":"/Mock/05.ICT/Female/Experienced/ckmk_q_ict_f_e_272940.wav"},"answer":{"fileFormat":"wav","fileSize":2184398,"duration":68260,"samplingBit":16,"channelCount":1,"samplingRate":"16kHz","audioPath":"/Mock/05.ICT/Female/Experienced/ckmk_a_ict_f_e_272940.wav"}}}