{"version":"1.0","dataSet":{"info":{"date":"20230116","occupation":"ICT","channel":"MOCK","place":"ONLINE","gender":"FEMALE","ageRange":"-34","experience":"EXPERIENCED"},"question":{"raw":{"text":"지원자님의 성격상 장점과 단점에 대해서 각각 말씀해 주세요 가능하다면 구체적인 예시를 들어서 말씀해 주시면 좋을 것 같습니다","wordCount":17},"emotion":[],"intent":[]},"answer":{"raw":{"text":"저의 성격은 굉장히 꼼꼼하고 굉장히 집요하기 때문에 그것이 단점이 되기도 하고 또한 장점이 되기도 합니다. 단점이 되는 경우에는 사실 쪼금 더 다른 사람보다 시간이 더 걸리기도 하고 또 어떤 면에서는 그 시간 안에 목표 달성을 못하는 경우도 있었던 것 같습니다. 그러나 장점으로 얘기하자면 제가 그러한 꼼꼼함이 있었기 때문에 쫌 더 일의 완성도가 높았고 또 이차적으로 발생할 수 있을 만한 문제 즉 실수를 했다거나 혹은 꼼꼼히 보지 않아서 뭔가 추가적으로 문제가 생겼을 만한 것들을 방지할 수가 있고 또 그마만큼 제가 잘 대처할 수 있는 그런 부분들을 다 해 놓는 게 저의 장점인 것 같습니다.","wordCount":93},"emotion":[],"intent":[{"text":"저의 성격은 굉장히 꼼꼼하고 굉장히 집요하기 때문에 그것이 단점이 되기도 하고 또한 장점이 되기도 합니다.","expression":"c_person","category":"background"}],"summary":{"text":"저는 꼼꼼하고 집요하기 때문에 단점이 되기도 하고 장점이 되기도 합니다. 단점이 되는 경우에는 다른 사람보다 시간이 더 걸리기도 하고 목표 달성을 못하는 경우도 있었던 것 같습니다. 그러나 장점으로는 완성도가 높았고 추가적 문제들을 방지할 수 있습니다.","wordCount":35}}},"rawDataInfo":{"question":{"fileFormat":"wav","fileSize":617038,"duration":19280,"samplingBit":16,"channelCount":1,"samplingRate":"16kHz","audioPath":"/Mock/05.ICT/Female/Experienced/ckmk_q_ict_f_e_293165.wav"},"answer":{"fileFormat":"wav","fileSize":2668878,"duration":83400,"samplingBit":16,"channelCount":1,"samplingRate":"16kHz","audioPath":"/Mock/05.ICT/Female/Experienced/ckmk_a_ict_f_e_293165.wav"}}}