{"version":"1.0","dataSet":{"info":{"date":"20230116","occupation":"ICT","channel":"MOCK","place":"ONLINE","gender":"FEMALE","ageRange":"55-","experience":"EXPERIENCED"},"question":{"raw":{"text":"지원자님께서 직접 해외 출장 장소를 선택할 수 있다면 꼭 한 번 가서 일해보고 싶은 나라가 있습니까","wordCount":16},"emotion":[],"intent":[]},"answer":{"raw":{"text":"출장이요 해외 어디도 가고 싶지 않은데요 가볼 만큼 가봐서. 사실 우리나라가 제일 안전한데. 해외요 해외 어 확 안 떠오르네요. 일 해보고 싶은 나라 일 해보고 싶은 나라 뭐 스위스로 할까요. 네 나름대로 뭐 중립국이라는 가장 좀 유명한 중립국으로서의 가장 유명한 나라이기도 하고 그 상징이 큰 나라이기도 하고 거기서 또 일을 해보면 재미있겠다 라는 생각이 드네요. 네 근데 저희 쪽보다는 뭔가 이제 그 스위스 쪽의 입장에서 일을 해 봐야 더 조금 재미있는 부분이 있을 것 같다 라는 생각이 듭니다 지금은. 어려운 부분이 얼마나 많겠어요 또 중립국 입장 입장에서는. 네","wordCount":88},"emotion":[],"intent":[{"text":"","expression":"","category":"attitude"}],"summary":{"text":"일 해보고 싶은 나라는 스위스로 하겠습니다. 스위스는 유명한 중립국이기도 하고 상징이 큰 나라이기 때문에 일을 해 보면 재미있을 것 같습니다. 하지만 아직은 어려운 부분이 많겠습니다.","wordCount":25}}},"rawDataInfo":{"question":{"fileFormat":"wav","fileSize":345678,"duration":10800,"samplingBit":16,"channelCount":1,"samplingRate":"16kHz","audioPath":"/Mock/05.ICT/Female/Experienced/ckmk_q_ict_f_e_179497.wav"},"answer":{"fileFormat":"wav","fileSize":2699598,"duration":84360,"samplingBit":16,"channelCount":1,"samplingRate":"16kHz","audioPath":"/Mock/05.ICT/Female/Experienced/ckmk_a_ict_f_e_179497.wav"}}}