{"version":"1.0","dataSet":{"info":{"date":"20230116","occupation":"ICT","channel":"MOCK","place":"ONLINE","gender":"FEMALE","ageRange":"55-","experience":"EXPERIENCED"},"question":{"raw":{"text":"지원자님께서는 우리 회사에 들어와서 본인이 하고 싶은 업무가 있으신가요 있으시다면 이유와 함께 말씀 부탁드립니다","wordCount":14},"emotion":[],"intent":[]},"answer":{"raw":{"text":"제가 하고 싶은 업무요. 제 업무죠 제 주 업무. 네 보안 관련해서 도움을 드릴 수 있는 부분이 많을 거라고 생각해요. 제가 조언을 드리고 제가 겪은 경험 경험에 따른 노하우를 살려서 여러 가지 조언을 드리겠죠. 네 그리고 이러한 조언은 정말 돈 주고도 못살 조언들이에요. 그래서 제가 하고 싶은 업무가 뭔지를 묻는 게 좀 뭔가 재미있는데 네 이런 거예요. 네 이런 질의 응답 시 시간을 가지는 업무겠죠 아무래도. 저는 그런데 뭐 저를 보면서 어떤 업무를 떠올리실지는 또 제가 아예 모르겠네요 그거는. 저는 그렇습니다.","wordCount":81},"emotion":[],"intent":[{"text":"","expression":"","category":"attitude"}],"summary":{"text":"보안과 관련된 일을 하고 싶습니다. 주 업무로 보안관련 도움을 줄 수 있는 부분이 있고, 경험에 따른 노하우를 살려 여러 가지 조언을 할 것입니다.","wordCount":23}}},"rawDataInfo":{"question":{"fileFormat":"wav","fileSize":333518,"duration":10420,"samplingBit":16,"channelCount":1,"samplingRate":"16kHz","audioPath":"/Mock/05.ICT/Female/Experienced/ckmk_q_ict_f_e_179500.wav"},"answer":{"fileFormat":"wav","fileSize":2574158,"duration":80440,"samplingBit":16,"channelCount":1,"samplingRate":"16kHz","audioPath":"/Mock/05.ICT/Female/Experienced/ckmk_a_ict_f_e_179500.wav"}}}