{"version":"1.0","dataSet":{"info":{"date":"20230116","occupation":"ICT","channel":"MOCK","place":"ONLINE","gender":"FEMALE","ageRange":"-34","experience":"EXPERIENCED"},"question":{"raw":{"text":"회사를 많이 지원해 보셨을 텐데 직장을 선택할 때 가장 중요하게 생각하시는 세 가지가 있다면 각각 무엇인지 말씀해 주시면 좋겠습니다","wordCount":19},"emotion":[],"intent":[]},"answer":{"raw":{"text":"가장 중요하게 여기는 세 가지 종 하나는 첫 번째는 연봉입니다. 두 번째는 지속성입니다. 세 번째는 동료입니다. 첫 번째 연봉은 제가 돈을 벌기 위해 일하기 때문에 또 자아 실현도 있지만 먼저는 이 돈이 가장 충족이 되어야 제가 생활할 수 있기 때문에 어 연봉을 첫 번째로 보는 것 같습니다. 두 번째 이제 지속성과 안전 안정성에 대해서는 이 회사를 다닐 때 오래 다닐 것으로 이제 염두에 두고 다니는 게 다니는 사람인 편이라 그래서 이 회사에 오래 다닐 수 있는지 먼저 생각을 해 보는 것 같습니다. 세 번째 어쨌든 함께 하는 일 일 확률이 높고 함께 이야기하고 소통하면서 해내가야 하는 일이 많은 이 많은 일이라고 생각을 해서 동료분들도 참 중요하다고 생각합니다.","wordCount":107},"emotion":[],"intent":[{"text":"","expression":"","category":"attitude"}],"summary":{"text":"가장 중요하게 여기는 세 가지 종 하나는 연봉, 두 번째는 지속성, 세 번째는 동료입니다. 첫 번째 연봉은 제가 돈을 벌기 위해 일하기 때문에 가장 먼저 보는 것 같습니다. 두 번째와 세 번째 모두 함께 하는 일 일 확률이 높고 함께 소통하면서 해내야 하는 일이 많다고 생각합니다.","wordCount":46}}},"rawDataInfo":{"question":{"fileFormat":"wav","fileSize":403278,"duration":12600,"samplingBit":16,"channelCount":1,"samplingRate":"16kHz","audioPath":"/Mock/05.ICT/Female/Experienced/ckmk_q_ict_f_e_184516.wav"},"answer":{"fileFormat":"wav","fileSize":2014158,"duration":62940,"samplingBit":16,"channelCount":1,"samplingRate":"16kHz","audioPath":"/Mock/05.ICT/Female/Experienced/ckmk_a_ict_f_e_184516.wav"}}}