{"version":"1.0","dataSet":{"info":{"date":"20230116","occupation":"ICT","channel":"MOCK","place":"ONLINE","gender":"FEMALE","ageRange":"55-","experience":"EXPERIENCED"},"question":{"raw":{"text":"지원자님께서 생각하시는 내장 소프트웨어란 무엇인지 말씀해 보시고 또 사용해 본 내장 오에스 에 관해서 구체적으로 이야기 해 보시기 바랍니다","wordCount":19},"emotion":[],"intent":[]},"answer":{"raw":{"text":"내장 소프트웨어라고 하면은 아무래도 오퍼레이팅 시스템을 얘기를 하는 것 같은데요. 네 컴퓨터가 자동으로 처음에 부팅이 됐을 때 자동으로 실행해 주는 그리고 알아서 어 어 운영을 해주는 컴퓨터의 기본적인 운영을 해주는 프로그램을 우리가 오에스 즉 내장 소프트웨어라고 생각합니다. 어 그동안 사용해 준 내장 오에스에 대한 저는 어 피씨에서 처음에 만들어졌던 오퍼레이 디스크 오퍼레이팅 시스템 도스라고 해주는 것도 사용을 해 봤구요. 그 다음에 들어가는 윈도우 어 윈도우즈라고 하죠. 예 윈도우즈라고 해주는 것도 지정을 해 봤고 윈도우 뭐 구 오 윈도우 엔 티 윈도우 칠 윈도우 어 윈도우 팔도 해 봤네요 그죠. 예 윈도우 십 윈도우 십 일까지 지정을 해 봤구요. 어 스마트폰에서는 오퍼레이팅 시스템도 지정을 해 봤습니다. 아주 옛날에 매킨토시에서 지정을 하고 있는 예 오에스 투 도 해본 적이 있고요. 아 또 리눅스라고 해주는 것도 어 피씨 버전의 리눅스 예 어 도 제가 어 실행을 한 번 해 봤습니다. 예 재미있는 경험이었습니다.","wordCount":140},"emotion":[],"intent":[{"text":"","expression":"","category":"attitude"}],"summary":{"text":"오퍼레이팅 시스템은 컴퓨터가 부팅했을 때 자동으로 실행하고 컴퓨터의 기본적인 운영을 해주는 내장 소프트웨어입니다. 윈도우즈, 윈도우 십 윈도우 십 일까지 지정, 매킨토시에서 지정하고 있는 오에스 투도 해본 적이 있고, 피씨 버전의 리눅스도 실행해 본 경험이 있습니다.","wordCount":35}}},"rawDataInfo":{"question":{"fileFormat":"wav","fileSize":414158,"duration":12940,"samplingBit":16,"channelCount":1,"samplingRate":"16kHz","audioPath":"/Mock/05.ICT/Female/Experienced/ckmk_q_ict_f_e_274962.wav"},"answer":{"fileFormat":"wav","fileSize":2652878,"duration":82900,"samplingBit":16,"channelCount":1,"samplingRate":"16kHz","audioPath":"/Mock/05.ICT/Female/Experienced/ckmk_a_ict_f_e_274962.wav"}}}