{"version":"1.0","dataSet":{"info":{"date":"20230116","occupation":"ICT","channel":"MOCK","place":"ONLINE","gender":"FEMALE","ageRange":"-34","experience":"EXPERIENCED"},"question":{"raw":{"text":"어 지원장님은 의견을 주장해야 될 때 강하게 주장을 하시나요 아니면 약하게 하시나요 어떤 스타일로 자신의 의견을 주장을 하시는지 어 설명을 부탁드리겠습니다","wordCount":21},"emotion":[],"intent":[]},"answer":{"raw":{"text":"의견을 주장할 때 원래는 강하게 하는 편이었는데 요즘은 강하게 하기 보다는 적당하게 하려고 합니다. 왜냐하면 강하게 하다 보니까 다른 분들이 자기 의견을 말하지 못하시는 경우가 많더라구요. 그래서 강하게 이야기하다가도 다른 분들의 의견을 적극적으로 수용할 수 있음 있다는 말을 뒤에 꼭 덧붙이는 편이기도 하고 또 저 스스로 완전한 확신이 없을 시에는 의견을 많이 여쭤보는 식으로 저의 의견을 어필하고자 하는 편 인 것 같습니다. 또 따른 분들의 의견이 좋은 경우도 굉장히 많기 때문에 따른 분들 의견이 맞다면 그냥 그분의 의견을 동조하고 그 의견을 따르고자 하는 편 입니다.","wordCount":85},"emotion":[],"intent":[{"text":"","expression":"","category":"attitude"}],"summary":{"text":"의견을 주장할 때 강하게 하기 보다는 적당하게 하려고 합니다. 강하게 이야기하다가 다른 의견을 적극적으로 수용할 수 있음 있다는 말을 덧붙이고, 의견을 많이 여쭤보며 의견을 어필하고 그 의견을 따르고자 하는 편입니다.","wordCount":30}}},"rawDataInfo":{"question":{"fileFormat":"wav","fileSize":511438,"duration":15980,"samplingBit":16,"channelCount":1,"samplingRate":"16kHz","audioPath":"/Mock/05.ICT/Female/Experienced/ckmk_q_ict_f_e_161365.wav"},"answer":{"fileFormat":"wav","fileSize":1613838,"duration":50430,"samplingBit":16,"channelCount":1,"samplingRate":"16kHz","audioPath":"/Mock/05.ICT/Female/Experienced/ckmk_a_ict_f_e_161365.wav"}}}