{"version":"1.0","dataSet":{"info":{"date":"20230116","occupation":"ICT","channel":"MOCK","place":"ONLINE","gender":"FEMALE","ageRange":"-34","experience":"EXPERIENCED"},"question":{"raw":{"text":"어 지금까지 지원자님께서 인생을 살면서 어 가장 후회되는 일이 있으신가요 있으시다면 어떤 것인지 설명해 주시길 바랍니다 그리고 어떻게 하셨는지도 말씀해 주세요","wordCount":21},"emotion":[],"intent":[]},"answer":{"raw":{"text":"어 제가 인생에 살면서 가장 후회되는 일은 어 대학교 일 학년 때 이제 부모님께 거짓말을 하고 친구들과 여행을 간 일입니다. 어 그때 거짓말을 한 이후로 부모님께서 원래는 이렇게 안전에 대해서 그렇게 걱정하는 편이 아니셨는데 그 이후로 굉장히 걱정하게 되시고 또 어 저에 대한 어 저의 안전에 대한 경계를 굉장히 하시게 된 편이라 차라리 그때 솔직하게 이야기를 했다면은 이렇게까지 걱정을 하지 않으셨을 텐데 하는 그런 아쉬움이 있습니다.","wordCount":66},"emotion":[],"intent":[{"text":"","expression":"","category":"attitude"}],"summary":{"text":"대학교 일학년 때 부모님께 거짓말을 하고 친구들과 여행을 간 일이 가장 후회됩니다. 거짓말을 한 이후로 부모님께서 안전에 대해 경계하시는 편이라 그런 아쉬움이 있습니다.","wordCount":23}}},"rawDataInfo":{"question":{"fileFormat":"wav","fileSize":464718,"duration":14520,"samplingBit":16,"channelCount":1,"samplingRate":"16kHz","audioPath":"/Mock/05.ICT/Female/Experienced/ckmk_q_ict_f_e_204843.wav"},"answer":{"fileFormat":"wav","fileSize":1318478,"duration":41200,"samplingBit":16,"channelCount":1,"samplingRate":"16kHz","audioPath":"/Mock/05.ICT/Female/Experienced/ckmk_a_ict_f_e_204843.wav"}}}