{"version":"1.0","dataSet":{"info":{"date":"20230116","occupation":"ICT","channel":"MOCK","place":"ONLINE","gender":"FEMALE","ageRange":"55-","experience":"EXPERIENCED"},"question":{"raw":{"text":"지원자님께서는 매일 공부하고 있는 분야가 따로 있으실까요 만약 있으시다면 그걸 왜 공부하는지도 함께 설명해 주시기 바랍니다","wordCount":16},"emotion":[],"intent":[]},"answer":{"raw":{"text":"저는 지금도 어 아이티 분야에 컴퓨터 교육을 하고 있습니다. 스마트폰과 어 컴퓨터 교육을 하고 있습니다. 자 그러다 보니 항상 새로운 그 아이티에 어 지식이나 앱이나 어 또 그런 지식들이 너무 많습니다. 그래서 매일매일 공부를 해야 하죠. 어 그 공부를 하면서 저는 어 저희 교육생들이 어 조금이라도 더 쉽게 수업을 받을 수 있도록 예 어 저는 그렇게 생각을 합니다. 어 교육이라고 해주는 것은 빙산과 같다고 생각하죠. 어 전체적으로 음 열 개를 알아야 한 개를 잘 가르칠 수 있다 라고 하는 생각을 하고 있어요. 그래서 아주 폭넓게 많이 알아줘야 그분들한테 많은 지식을 아주 쉽게 전달할 수 있다 라고 생각을 합니다. 그래서 저는 어 매일매일 제가 수업을 하고 있는 분야 또 내지는 어 동영상 편집 스마트폰 그다음에 마이크로소프트 오피스 윈도우 이 부분에 대해서 열심히 열심히 공부를 해서 잘 전달할 수 있도록 쉽게 전달할 수 있도록 하는 목표를 갖고 있습니다.","wordCount":136},"emotion":[],"intent":[{"text":"","expression":"","category":"attitude"}],"summary":{"text":"저는 지금도 아이티 분야에 컴퓨터 교육을 하고 있습니다. 스마트폰과 컴퓨터 교육을 하다 보니 새로운 지식들이 너무 많아서 매일 공부를 해야 합니다. 어 교육은 전체적으로 열 개를 알아야 한개를 잘 가르칠 수 있다고 생각합니다. 아주 폭넓게 많이 알아줘야 그분들이 많은 지식을 아주 쉽게 전달 할 수 있을 것이라고 생각합니다.","wordCount":48}}},"rawDataInfo":{"question":{"fileFormat":"wav","fileSize":474318,"duration":14820,"samplingBit":16,"channelCount":1,"samplingRate":"16kHz","audioPath":"/Mock/05.ICT/Female/Experienced/ckmk_q_ict_f_e_274957.wav"},"answer":{"fileFormat":"wav","fileSize":2725198,"duration":85160,"samplingBit":16,"channelCount":1,"samplingRate":"16kHz","audioPath":"/Mock/05.ICT/Female/Experienced/ckmk_a_ict_f_e_274957.wav"}}}