{"version":"1.0","dataSet":{"info":{"date":"20230116","occupation":"ICT","channel":"MOCK","place":"ONLINE","gender":"FEMALE","ageRange":"45-54","experience":"EXPERIENCED"},"question":{"raw":{"text":"만약 우리 회사에 들어오게 된다면 제일 가보고 싶은 부서와 왜 그 부서에 가고 싶은지 그 이유에 대해서 말씀해 주시겠어요","wordCount":19},"emotion":[],"intent":[]},"answer":{"raw":{"text":"어 저는 신사업 부서에서 좀 근무하고 싶습니다. 어 물론 기본적인 기술이나 경력 등은 바탕이 돼야겠지만 음 조금 더 새로운 거에 도전을 하고 또 새로운 어 장소에 새로운 국가의 새로운 아이템으로 도전하는 것을 굉장히 좋아하고 또 즐거워하기 때문에 저는 신사업 부서에서 좀 근무를 하고 싶습니다. 어 그리고 또 우리나라가 아이씨티 쪽은 조금 강국이라고 생각을 하기 때문에 또 해외나 이쪽에 또 가서 펼치는 일들이 좀 많을 거라고 생각을 합니다. 그래서 신사업 부서를 통해서 새로운 세계에 진출하는 어 그런 이력도 남기고 싶기 때문에 저는 신사업 부서에 좀 도전을 해 보고 싶습니다.","wordCount":88},"emotion":[],"intent":[{"text":"","expression":"","category":"attitude"}],"summary":{"text":"신사업 부서에서 근무하면서 새로운 거에 도전하고 새로운 장소에 새로운 나라에 새로운 아이템으로 도전하는 것을 좋아합니다. 또 아이씨티 부분은 강국이기 때문에 해외나 다른나라에 또 가서 펼치는 일들이 많을 것이라고 생각합니다.","wordCount":29}}},"rawDataInfo":{"question":{"fileFormat":"wav","fileSize":297038,"duration":9280,"samplingBit":16,"channelCount":1,"samplingRate":"16kHz","audioPath":"/Mock/05.ICT/Female/Experienced/ckmk_q_ict_f_e_301153.wav"},"answer":{"fileFormat":"wav","fileSize":1451918,"duration":45370,"samplingBit":16,"channelCount":1,"samplingRate":"16kHz","audioPath":"/Mock/05.ICT/Female/Experienced/ckmk_a_ict_f_e_301153.wav"}}}