{"version":"1.0","dataSet":{"info":{"date":"20230116","occupation":"ICT","channel":"MOCK","place":"ONLINE","gender":"FEMALE","ageRange":"55-","experience":"EXPERIENCED"},"question":{"raw":{"text":"우리 회사가 해외 무대로 진출한다면 어디로 진출하는 것이 좋을까요 그렇게 생각하시는 이유는 무엇인지도 함께 들어볼 수 있을까요","wordCount":17},"emotion":[],"intent":[]},"answer":{"raw":{"text":"저는 해외 무대에 굉장히 어 관심을 갖고 있습니다. 어 어디가 좋냐고 물어보신다면 저는 아프리카 쪽을 생각하고 있습니다. 음 중국이 지금 많이 어 이 다리를 뻗고 있는 부분들 중에 어 많이 지금 관심을 갖고 또 거기에 사업을 진행하고 있는 곳이 아프리카로 알고 있습니다. 어 아프리카는 음 우리가 생각하는 그렇게 뭐 광야만 있고 또 정글만 있는 데는 아닐 거라고 생각하고요. 자원도 굉장히 많을 거라고 생각합니다. 그 자원을 아직도 우리나라처럼 자원이 없는 이런 나라에서는 어 아프리카 같은 해외 무대로 진출을 해서 음 너무 편안한 아시아나 편안한 북미 뭐 이런 선진국 그 무대보다는 어 개척도 하고 또 자원도 많고 성과도 이룰 수 있는 그런 아프리카 같은 미지에 해외 무대로 진출해 보는 건 어떨까 하는 생각을 해 봅니다.","wordCount":113},"emotion":[{"text":"저는 해외 무대에 굉장히 어 관심을 갖고 있습니다.","expression":"p-interest","category":"positive"}],"intent":[{"text":"","expression":"","category":"attitude"}],"summary":{"text":"해외 무대에 관심을 갖고 있는 곳은 아프리카입니다. 아프리카는 우리가 생각하는 것 보다 자원도 많을 것이고, 개척도 하고 또 자원도 많고 성과도 이룰 수 있기 때문에 아프리카로 진출해 보는 건 어떨까 하는 생각을 해 봅니다.","wordCount":34}}},"rawDataInfo":{"question":{"fileFormat":"wav","fileSize":622158,"duration":19440,"samplingBit":16,"channelCount":1,"samplingRate":"16kHz","audioPath":"/Mock/05.ICT/Female/Experienced/ckmk_q_ict_f_e_300039.wav"},"answer":{"fileFormat":"wav","fileSize":2385358,"duration":74540,"samplingBit":16,"channelCount":1,"samplingRate":"16kHz","audioPath":"/Mock/05.ICT/Female/Experienced/ckmk_a_ict_f_e_300039.wav"}}}