{"version":"1.0","dataSet":{"info":{"date":"20230116","occupation":"ICT","channel":"MOCK","place":"ONLINE","gender":"FEMALE","ageRange":"55-","experience":"EXPERIENCED"},"question":{"raw":{"text":"지금까지 살아오시면서 가장 힘들었던 경험이 무엇인지 어 어떻게 극복을 하셨는지 말씀 부탁드립니다","wordCount":12},"emotion":[],"intent":[]},"answer":{"raw":{"text":"힘들었던 경험이요. 무언가를 결정할 때인 것 같애요. 그런데 그 결정을 해야 되는 순간이 어 제가 하는 업무에 있어서 굉장히 잦게 발생이 되고요. 결정만으로 잦다면 괜찮은데 음 때때로 이제 결정을 내리기 힘든데 그럼에도 불구하고 그때 아니면 안 되는 그때 선택을 꼭 해야만 해는 하는 그런 때가 또 있어요. 네 그때 이제 정말 힘들죠 무언가를 선택을 해야 된 되니까. 근데 둘 다 아니면 더 많은 선택 가지수를 그냥 다 선택을 하고 싶은데 그러지가 못할 때 네 그때는 정말 뭐 지금은 많이 이제 무뎌지고 괜 괜찮다기보다 많이 조금 조금 단단해졌는데 그래도 그 순간에 어려움은 항상 있는 것 같애요. 네 시간이죠 뭐 결국에 극복은.","wordCount":100},"emotion":[],"intent":[{"text":"","expression":"","category":"attitude"}],"summary":{"text":"결정을 해야 되는 순간이 잦지만 결정을 내리기 힘든 때도 있습니다. 더 많은 선택 가지수를 선택 하고 싶은데 그러지 못할 때 그 순간에 어려움은 항상 있는 것 같습니다. 결국에 극복은 시간입니다.","wordCount":30}}},"rawDataInfo":{"question":{"fileFormat":"wav","fileSize":469518,"duration":14670,"samplingBit":16,"channelCount":1,"samplingRate":"16kHz","audioPath":"/Mock/05.ICT/Female/Experienced/ckmk_q_ict_f_e_179499.wav"},"answer":{"fileFormat":"wav","fileSize":2844238,"duration":88880,"samplingBit":16,"channelCount":1,"samplingRate":"16kHz","audioPath":"/Mock/05.ICT/Female/Experienced/ckmk_a_ict_f_e_179499.wav"}}}