{"version":"1.0","dataSet":{"info":{"date":"20230116","occupation":"ICT","channel":"MOCK","place":"ONLINE","gender":"FEMALE","ageRange":"-34","experience":"EXPERIENCED"},"question":{"raw":{"text":"지원자님께서는 그동안 속해 있었던 조직 단체 속에서 지원자님께서는 주로 어떤 역할을 하는 사람이었는지 설명과 말씀해 주시겠습니까","wordCount":16},"emotion":[],"intent":[]},"answer":{"raw":{"text":"그동안 속해 있던 회사에서는 저런 보통 어 사수의 역할을 수행하기도 했고 또 윗선에서 내려주는 지시를 충실히 내려 충실히 시행하고자 하는 직원이었던 것 같습니다. 또 어 많은 분들을 이끄는 리더가 되기에는 솔직히 제 자신이 많이 모자라다고 생각하기도 했고 어 아직 경력이 그렇게 맞는 편이 아니기 때문에 다른 선배분들의 의견을 많이 듣고 또 저의 단점을 고치고 이 프로젝트 같은 경우에 좀 더 발전되기 위해서 그런 조언을 많이 구하고 또 그렇게 조언을 받아 고치고자 하는 역할이었던 사람인 것 같습니다.","wordCount":76},"emotion":[],"intent":[{"text":"","expression":"","category":"attitude"}],"summary":{"text":"그동안의 회사는 보통 사수의 역할을 수행하고 상부의 지시를 따라야 하는 직원이었습니다. 리더가 되기에는 경력이 맞지 않아 다른 선배분들의 의견을 듣고 조언을 받아 고치고자 하는 역할인 것 같습니다.","wordCount":27}}},"rawDataInfo":{"question":{"fileFormat":"wav","fileSize":472398,"duration":14760,"samplingBit":16,"channelCount":1,"samplingRate":"16kHz","audioPath":"/Mock/05.ICT/Female/Experienced/ckmk_q_ict_f_e_177677.wav"},"answer":{"fileFormat":"wav","fileSize":1541838,"duration":48180,"samplingBit":16,"channelCount":1,"samplingRate":"16kHz","audioPath":"/Mock/05.ICT/Female/Experienced/ckmk_a_ict_f_e_177677.wav"}}}