{"version":"1.0","dataSet":{"info":{"date":"20230116","occupation":"ICT","channel":"MOCK","place":"ONLINE","gender":"FEMALE","ageRange":"-34","experience":"EXPERIENCED"},"question":{"raw":{"text":"그동안에 업무 관련하여서 많은 경험이 있으실 텐데 그중에서 가장 자신 있는 프로그래밍에 대해서 한번 말씀해 주십시오","wordCount":16},"emotion":[],"intent":[]},"answer":{"raw":{"text":"가장 자신 있는 프로그래밍은 아무래도 프런트 단에 에이치티엠엘 씨에스에스 자바스크립트인데 그중에서 간단한 에이치티엠엘과 씨에스에스 라고 말씀드리고 싶구요. 물론 파이선이 가장 언어 중에서는 가 가볍고 간단한 언어이기도 하지만 어 가장 자신이 있다고 말할 수 있는 거는 그래도 아직까지는 에이치티엠엘 씨에스에스가 자신이 있다고 말씀드릴 수 있습니다. 그 다음으로는 이제 리눅스 라고 말씀을 드릴 수가 있어요. 왜냐하면 리눅스 같은 경우는 개인적인 자격증도 있고 실제 그 과정에서 수업의 절반이 이제 리눅스로 이루어졌기 때문에 어 리눅스가 제일 자신이 있다 고 저는 말을 할 수가 있습니다.","wordCount":80},"emotion":[],"intent":[{"text":"가장 자신 있는 프로그래밍은 아무래도 프런트 단에 에이치티엠엘 씨에스에스 자바스크립트인데 그중에서 간단한 에이치티엠엘과 씨에스에스 라고 말씀드리고 싶구요.","expression":"i_prg","category":"technology"},{"text":"물론 파이선이 가장 언어 중에서는 가 가볍고 간단한 언어이기도 하지만 어 가장 자신이 있다고 말할 수 있는 거는 그래도 아직까지는 에이치티엠엘 씨에스에스가 자신이 있다고 말씀드릴 수 있습니다.","expression":"i_prg","category":"technology"}],"summary":{"text":"가장 자신 있는 프로그래밍은 에이치티엠엘과 씨에스에스이며, 그 다음으로는 개인적인 자격증도 있고 수업의 절반이 리눅스로 이루어졌기 때문에 리눅스가 가장 자신 있다고 말할 수 있습니다.","wordCount":23}}},"rawDataInfo":{"question":{"fileFormat":"wav","fileSize":396238,"duration":12380,"samplingBit":16,"channelCount":1,"samplingRate":"16kHz","audioPath":"/Mock/05.ICT/Female/Experienced/ckmk_q_ict_f_e_277549.wav"},"answer":{"fileFormat":"wav","fileSize":2368078,"duration":74000,"samplingBit":16,"channelCount":1,"samplingRate":"16kHz","audioPath":"/Mock/05.ICT/Female/Experienced/ckmk_a_ict_f_e_277549.wav"}}}