{"version":"1.0","dataSet":{"info":{"date":"20230116","occupation":"ICT","channel":"MOCK","place":"ONLINE","gender":"FEMALE","ageRange":"-34","experience":"EXPERIENCED"},"question":{"raw":{"text":"현대인은 평균적으로 하루에 세 번씩 거짓말을 한다고 합니다 그렇다면 본인이 해본 가장 기억에 남는 거짓말이 어떤 것인가요","wordCount":17},"emotion":[],"intent":[]},"answer":{"raw":{"text":"어 제가 해 본 가장 기억에 남는 거짓말은 어린 시절 부모님께 거짓말을 한 것인데요. 그때 케이크를 먹고 케이크를 먹지 않았다 거짓말을 하고 케이트 케이크 포장지를 창문 밖으로 던졌는데 그 포장지가 따른 집 아랫집에 있는 그 환풍기 위로 바로 떨어지는 바람에 아랫집에서 올라와서 결국에 엄마에게 케이크 먹은 것을 들키고 또 거짓말 한 것까지 같이 혼났던 경험이 있습니다. 그 뒤로는 가능한 사실대로 말해야 덜 혼나는구나를 알았던 것 같습니다.","wordCount":66},"emotion":[],"intent":[{"text":"","expression":"","category":"attitude"}],"summary":{"text":"어린 시절 부모님께 거짓말을 한 적이 있습니다. 그 뒤로는 가능한 사실대로 말해야 덜 혼나구나 라는 것을 알았던 것 같습니다.","wordCount":19}}},"rawDataInfo":{"question":{"fileFormat":"wav","fileSize":328718,"duration":10270,"samplingBit":16,"channelCount":1,"samplingRate":"16kHz","audioPath":"/Mock/05.ICT/Female/Experienced/ckmk_q_ict_f_e_184514.wav"},"answer":{"fileFormat":"wav","fileSize":1380238,"duration":43130,"samplingBit":16,"channelCount":1,"samplingRate":"16kHz","audioPath":"/Mock/05.ICT/Female/Experienced/ckmk_a_ict_f_e_184514.wav"}}}