{"version":"1.0","dataSet":{"info":{"date":"20230116","occupation":"ICT","channel":"MOCK","place":"ONLINE","gender":"FEMALE","ageRange":"-34","experience":"EXPERIENCED"},"question":{"raw":{"text":"소통 능력을 키우기 위해서 어떤 일들을 할 수 있을까요 지원자님이 생각나시는 방법들을 한 번 자세하게 말씀 부탁드립니다","wordCount":17},"emotion":[],"intent":[]},"answer":{"raw":{"text":"저는 소통 능력을 키우기 위해 동료 간의 친밀도를 높이기 위해 스몰 토크를 많이 했던 것 같습니다. 예를 들어 엠비티아이와 같은 요즘 유행하는 성격 유형을 물어보는 식으로 시도했던 것 같습니다. 예를 들어서 땡땡님은 엠비티아이가 어떤 식으로 되세요. 아 이엔티피시구나 이엔티피 분들은 참 유능하시고 똑똑하신 분들이 많은데 음 땡땡님도 참 그런 분이실 것 같아요 하면서 칭찬을 유도하는 식의 대화를 많이 해 왔던 것 같습니다.","wordCount":62},"emotion":[],"intent":[{"text":"","expression":"","category":"attitude"}],"summary":{"text":"저는 소통 능력을 키우기 위해 동료 간의 친밀도를 높이기 위해 스몰 토크를 많이 했습니다. 그래서 요즘 유행하는 성격 유형을 물어보는 식의 대화를 해 왔던 것 같습니다.","wordCount":26}}},"rawDataInfo":{"question":{"fileFormat":"wav","fileSize":526798,"duration":16460,"samplingBit":16,"channelCount":1,"samplingRate":"16kHz","audioPath":"/Mock/05.ICT/Female/Experienced/ckmk_q_ict_f_e_184520.wav"},"answer":{"fileFormat":"wav","fileSize":1376718,"duration":43020,"samplingBit":16,"channelCount":1,"samplingRate":"16kHz","audioPath":"/Mock/05.ICT/Female/Experienced/ckmk_a_ict_f_e_184520.wav"}}}