{"version":"1.0","dataSet":{"info":{"date":"20230116","occupation":"ICT","channel":"MOCK","place":"ONLINE","gender":"FEMALE","ageRange":"-34","experience":"EXPERIENCED"},"question":{"raw":{"text":"혹시 면접자님께서는 평소에 검색을 자주 하시는 편이신지 궁금합니다 어떤 검색을 주로 하시는지 그리고 왜 하시는지도 구체적으로 말씀해 주시기 바랍니다","wordCount":19},"emotion":[],"intent":[]},"answer":{"raw":{"text":"저는 검색을 정말 하루에 많게는 몇 백 개 적게는 몇 십 개 이렇게 할 정도로 정말 검색을 많이 하는 편인데요. 정말 많이 하는 날은 아마 제가 개발 공부를 하고 있을 때일 것 같습니다. 계속 찾기 위해서 하는 거고 음 그렇지 않다 하더라도 제가 정보 목적으로 뭔가 정보를 많이 알고 싶은 경우들이 많기 때문에 그 정보에 대한 해결책을 찾기 위해서 검색을 정말로 많이 이용을 하는 것 같습니다. 검색을 많이 하게 되는 이유는 저는 정말 평소에도 책을 자주 읽으면서 제가 알고 싶은 것에 대한 그 해소 욕구가 좀 큰 편이기 때문에 알고 싶은 것 때문에 가장 큰 그 이유로 어 자주 검색을 하는 것 같고요. 그래서 그 검색을 함으로써 좀 저의 어떤 그런 욕구가 해결이 되는 것 같습니다.","wordCount":116},"emotion":[],"intent":[{"text":"","expression":"","category":"attitude"}],"summary":{"text":"저는 정보에 대한 해결책을 찾기 위해서 검색을 정말 많이 하는 편입니다. 책을 자주 읽으면서 알고 싶은 것에 대한 욕구가 크기 때문에 자주 검색을 하는 것 같습니다. 그 검색을 함으로써 좀 저의 어떤 욕구가 해결이 되고 있습니다.","wordCount":36}}},"rawDataInfo":{"question":{"fileFormat":"wav","fileSize":593678,"duration":18550,"samplingBit":16,"channelCount":1,"samplingRate":"16kHz","audioPath":"/Mock/05.ICT/Female/Experienced/ckmk_q_ict_f_e_293170.wav"},"answer":{"fileFormat":"wav","fileSize":2629198,"duration":82160,"samplingBit":16,"channelCount":1,"samplingRate":"16kHz","audioPath":"/Mock/05.ICT/Female/Experienced/ckmk_a_ict_f_e_293170.wav"}}}