{"version":"1.0","dataSet":{"info":{"date":"20230116","occupation":"ICT","channel":"MOCK","place":"ONLINE","gender":"FEMALE","ageRange":"55-","experience":"EXPERIENCED"},"question":{"raw":{"text":"지원자분께서 생각하실 때 동물 실험이 인간에게 주는 이익이 있을 텐데요 그 이익에 대해서 말씀해 주시고 동물 실험에 대해서 지원자분 본인이 가지고 계시는 생각도 궁금합니다","wordCount":24},"emotion":[],"intent":[]},"answer":{"raw":{"text":"동물 실험에 대한 그 저의 생각은 반댑니다. 음 그 전에는 제가 동물에 대한 생각이 그렇게까지는 애틋하지 않았습니다. 그런데 요즘 와서 제가 강아지를 키우거든요 예. 강아지를 키우다 보니 어 동물들도 하나의 생명이고 또 그 동물들이 아파하는 것도 같이 아파하고 너무 힘듭니다. 그래서 동물 실험에 대한 부분들은 저는 반대를 하고 있습니다. 어 그다음 대체는 뭘 할까요 라고 얘기를 한다고 그러면 저도 아직은 어 대체해 주는 방법은 없습니다. 하지만 어 동물 실험을 하고 난 다음에 어 뒤에 동물의 어떤 처리라든가 그 예우래든가 이런 부분들이 인간들이 너무 안 하는 것 같아요. 그래서 그 부분을 좀 많이 해결을 해 주고 또 대체할 수 있는 부분이 있다면 예 대체할 수 있는 부분이 있다 하면 그 부분도 여러분들이 좀 아 좀 잘 생각해서 예 하든 저는 반댑니다.","wordCount":120},"emotion":[],"intent":[{"text":"","expression":"","category":"attitude"}],"summary":{"text":"동물 실험에 대한 생각은 반대입니다. 예전에는 동물에 대한 생각이 애틋하지 않았으나 요즘은 강아지를 키우다 보니 동물들도 하나의 생명이고 또 아파하는 것도 같이 아파하고 너무 힘듭니다. 그리고 동물 실험을 하고 난 뒤에 동물의 처리나 예우에 관한 부분이 인간들이 너무 안 합니다.","wordCount":40}}},"rawDataInfo":{"question":{"fileFormat":"wav","fileSize":605838,"duration":18930,"samplingBit":16,"channelCount":1,"samplingRate":"16kHz","audioPath":"/Mock/05.ICT/Female/Experienced/ckmk_q_ict_f_e_275635.wav"},"answer":{"fileFormat":"wav","fileSize":2259918,"duration":70620,"samplingBit":16,"channelCount":1,"samplingRate":"16kHz","audioPath":"/Mock/05.ICT/Female/Experienced/ckmk_a_ict_f_e_275635.wav"}}}