{
    "version": "1.0",
    "dataSet": {
        "info": {
            "date": "20230116",
            "occupation": "ICT",
            "channel": "MOCK",
            "place": "ONLINE",
            "gender": "FEMALE",
            "ageRange": "55-",
            "experience": "EXPERIENCED"
        },
        "question": {
            "raw": {
                "text": "본인이 지금까지 살면서 이루었던 성과들 중에 가장 큰 성과는 무엇이었나요 구체적으로 본인의 성과에 대해 자랑해 주세요",
                "wordCount": 16
            },
            "emotion": [],
            "intent": []
        },
        "answer": {
            "raw": {
                "text": "음 저는 우리나라에 피씨가 처음에 들어오면서 어 삼보 컴퓨터라고 해지는 그 제조회사에 처음에 입사를 하게 됐습니다. 들어가서 교육을 하게 됐고 어 우리나라 피씨에 지금 돌고 있는 여러 가지 피씨에서 사용하고 있는 교육 계획에 대한 부분들은 거의 제가 다 만들었다고 할 정도로 어 삼보컴퓨터에서 만들어진 어 컴퓨터 교육 계획서가 거의 다 제가 만들었다고 할 수 있을 거라고 생각이 듭니다. 너무 자랑을 한 것 같은 생각은 들기는 하지만 어 여러분들이 보시기에 음 시중에 있는 컴퓨터 교육에 대한 여러 가지 일정들은 거의 제가 다 만들었다고 볼 수 있을 것 같습니다. 예 그래서 요즘은 스마트폰 교육도 그렇고 구청 교육에 나와 있는 다양한 그 계획 이래든가 그다음에 엑셀이나 파워포인트에 대한 어떤 교육 계획표 같은 경우는 거의 제가 처음에 만들어서 많이 배포를 한 그런 어 성과가 있습니다. 자랑이겠죠.",
                "wordCount": 122
            },
            "emotion": [
                {
                    "text": "음 저는 우리나라에 피씨가 처음에 들어오면서 어 삼보 컴퓨터라고 해지는 그 제조회사에 처음에 입사를 하게 됐습니다.",
                    "expression": "u-fact",
                    "category": "neutral"
                }
            ],
            "intent": [
                {
                    "text": "음 저는 우리나라에 피씨가 처음에 들어오면서 어 삼보 컴퓨터라고 해지는 그 제조회사에 처음에 입사를 하게 됐습니다.",
                    "expression": "c_private",
                    "category": "background"
                }
            ],
            "summary": {
                "text": "저는 우리나라에 피씨가 들어올때 삼보 컴퓨터라는 제조회사에 입사해 교육을 하게 됐습니다. 삼보컴퓨터에서 만든 컴퓨터 교육 계획서가 제가 다 만들었다고 할 정도로 시중에 있는 컴퓨터 교육에 대한 일정들은 거의 다 만들었으며 교육 계획표 같은 경우는 많이 배포한 성과가 있습니다.",
                "wordCount": 38
            }
        }
    },
    "rawDataInfo": {
        "question": {
            "fileFormat": "wav",
            "fileSize": 592718,
            "duration": 18520,
            "samplingBit": 16,
            "channelCount": 1,
            "samplingRate": "16kHz",
            "audioPath": "/Mock/05.ICT/Female/Experienced/ckmk_q_ict_f_e_275634.wav"
        },
        "answer": {
            "fileFormat": "wav",
            "fileSize": 2432078,
            "duration": 76000,
            "samplingBit": 16,
            "channelCount": 1,
            "samplingRate": "16kHz",
            "audioPath": "/Mock/05.ICT/Female/Experienced/ckmk_a_ict_f_e_275634.wav"
        }
    }
}