{"version":"1.0","dataSet":{"info":{"date":"20230116","occupation":"ICT","channel":"MOCK","place":"ONLINE","gender":"FEMALE","ageRange":"55-","experience":"EXPERIENCED"},"question":{"raw":{"text":"본인이 가지고 있는 상위 일 퍼센트의 능력이 있다면 그 능력을 최대한 자세하게 말씀해 주시기 바랍니다","wordCount":15},"emotion":[],"intent":[]},"answer":{"raw":{"text":"저는 우리나라에서 마이크로소프트 프로그램과 스마트폰을 가장 쉽게 가르칠 수 있는 사람이라고 생각합니다. 그런 능력을 갖고 있어서 예 어떤 대상의 고객이라도 그 고객에 맞춰서 최대한 맞춤 교육을 할 수 있는 능력을 갖고 있습니다. 초보자면 초보자 능력자면 능력자 어 전혀 글씨를 모르시는 실버 세대 인제 신입 갓 들어온 신입 사원들 좀 더 잘하고 있는 중년 기업에 중년 사원들 퇴직을 앞두고 있는 어 퇴직자 분들 또 실버 세대에 은퇴해서 어 창업을 생각하고 있는 실버 세대들 또 완전 노년으로 어 아주 쉽게 어 키오스크처럼 아주 그 문명을 다룰 수 있도록 해주는 디지털 기계를 다룰 수 있도록 해주는 그런 어 기능을 쉽게 설명할 수 있도록 해주는 능력을 갖고 있습니다.","wordCount":104},"emotion":[],"intent":[{"text":"","expression":"","category":"attitude"}],"summary":{"text":"저는 한국에서 마이크로소프트 프로그램과 스마트폰을 가장 쉽게 가르칠 수 있는 사람이라고 생각합니다. 어떤 대상의 고객이라도 고객에 맞춰서 최대한 맞춤 교육을 할 수 있는 능력을 갖고 있습니다. 디지털 기계를 다룰 수 있도록 해주는 기능을 쉽게 설명할 수 있도록 해줍니다.","wordCount":38}}},"rawDataInfo":{"question":{"fileFormat":"wav","fileSize":333518,"duration":10420,"samplingBit":16,"channelCount":1,"samplingRate":"16kHz","audioPath":"/Mock/05.ICT/Female/Experienced/ckmk_q_ict_f_e_275639.wav"},"answer":{"fileFormat":"wav","fileSize":2621198,"duration":81910,"samplingBit":16,"channelCount":1,"samplingRate":"16kHz","audioPath":"/Mock/05.ICT/Female/Experienced/ckmk_a_ict_f_e_275639.wav"}}}