{"version":"1.0","dataSet":{"info":{"date":"20230116","occupation":"ICT","channel":"MOCK","place":"ONLINE","gender":"FEMALE","ageRange":"55-","experience":"EXPERIENCED"},"question":{"raw":{"text":"지원자분 본인께서 본인이 현재 가지고 있는 위치 어떤 지위보다도 훨씬 더 어려운 목표를 실제로 달성하신 적이 있으시다면 그 경험에 대해서 말씀해 주시면 좋을 것 같습니다","wordCount":25},"emotion":[],"intent":[]},"answer":{"raw":{"text":"네 어려운 목표를 달성한 적이라고 하기에는 좀 그렇지만 저는 어 저의 분야가 아닌 다른 분야를 한 번 지원을 해 보려고 노력해 봤습니다. 일 년에 한 번씩 어 국가자격증이나 어려운 자격증을 한 번 따볼려고 어 한 번 목표를 잡은 적이 있죠. 그중에 하나가 어떤 거였었냐면 어 가까운 중부 발전센타가 있습니다. 중부 여성 발전센타에서 어 국가 자격증 중에서 피부 미용 국가 자격증 대비반이 있었어요. 그 대비반에 제가 어 등록을 했죠. 어 새로운 분야라서 굉장히 어려웠습니다. 예 아 손으로 하는 거고 저는 컴퓨터가 아니라 손으로 한대든가 몸으로 하는 거는 많지 않았었는데 그 부분을 가지고 한 번 도전을 한 번 해 봤었죠. 육 개월 정도 수강 수강 기간 수강 기간을 지나고 한 두 번 정도 시험을 쳐서 합격을 했습니다. 굉장히 좋더라구요. 좋은 경험이었었고 컴퓨터가 아니라 다른 분야의 종사자들에 대한 다양한 경험을 한 번 해 봐서 재미있는 그리고 또 어려웠지만 달성해 본 경험이 있습니다.","wordCount":139},"emotion":[],"intent":[{"text":"일 년에 한 번씩 어 국가자격증이나 어려운 자격증을 한 번 따볼려고 어 한 번 목표를 잡은 적이 있죠.","expression":"c_chl","category":"personality"}],"summary":{"text":"일 년에 한 번씩 어 국가자격증이나 어려운 자격증을 따볼려고 목표를 잡은 적이 있습니다. 중부 여성 발전센타 피부 미용 국가 자격증 대비반에 등록을 했습니다. 수강 수강 기간을 지나고 한 두 번 정도 시험을 쳐서 합격했습니다. 컴퓨터가 아니라 다른 분야의 종사자들에 대한 다양한 경험을 해 봐서 재미있는 경험이었습니다.","wordCount":46}}},"rawDataInfo":{"question":{"fileFormat":"wav","fileSize":544078,"duration":17000,"samplingBit":16,"channelCount":1,"samplingRate":"16kHz","audioPath":"/Mock/05.ICT/Female/Experienced/ckmk_q_ict_f_e_274954.wav"},"answer":{"fileFormat":"wav","fileSize":2359118,"duration":73720,"samplingBit":16,"channelCount":1,"samplingRate":"16kHz","audioPath":"/Mock/05.ICT/Female/Experienced/ckmk_a_ict_f_e_274954.wav"}}}