{"version":"1.0","dataSet":{"info":{"date":"20230116","occupation":"ICT","channel":"MOCK","place":"ONLINE","gender":"FEMALE","ageRange":"55-","experience":"EXPERIENCED"},"question":{"raw":{"text":"면접자님이 생각하시기에 동물 실험이 인간에게 주는 이익이 있다면 말씀해 주시고 동물 실험에 대한 지원자님의 생각도 말씀 부탁드립니다","wordCount":17},"emotion":[],"intent":[]},"answer":{"raw":{"text":"네 저는 동물 실험이 인간에 주는 이익은 아주 어 많다고 생각하죠. 어 또 어쩔 수 없는 일이고 어 필요에 불가한 일이고 이익이 많이 발생을 했던 일이기는 하죠. 하지만 저는 근본적으로 동물 실험에 대한 부분은 근본적으로 반대하고 있습니다. 어 저희 조상이나 아니면 아주 옛날에 있던 인류들도 어 그렇지 않아도 잘 살아왔다고 생각합니다. 음 너무 발전하는 것들로 어 생명이 계속 이어지고 원치 않는 어 어 생명이 연장이 됨으로써 어 여러 가지 그 불이익들도 많이 있다고 생각합니다. 음 사람들이 어 필요에 따라서 장기도 얻기도 하고 뭐 이렇게 하긴 하지만 저는 반대입니다. 음 원시적으로 살아도 크게 문제 없이 인류가 살아 나가는데 큰 문제는 없다고 생각하기 때문에 근본적으로는 반대를 하고요. 어 동물 실험에 참가했던 동물들에 대한 그 처우 그 이후에 어 처리되는 부분들에 대해서 굉장히 어 부정적으로 생각하고 있기 때문에 그 부분이 좀 잘 처리가 됐으면 하는 생각을 하고 있습니다.","wordCount":135},"emotion":[],"intent":[{"text":"","expression":"","category":"attitude"}],"summary":{"text":"동물 실험이 인간에게 주는 이익은 많다고 생각되지만, 동물 실험에 대한 부분은 근본적으로 반대하고 있습니다. 발전하는 것들로 인해 원치 않는 생명의 연장이 됨으로써 여러 가지 그 불이익들도 많이 있다고 생각하기 때문입니다. 동물실험에 참가했던 동물들에 대한 처우 이후에 처리되는 부분들에 대해서 굉장히 부정적으로 생각하고 있습니니다.","wordCount":43}}},"rawDataInfo":{"question":{"fileFormat":"wav","fileSize":397838,"duration":12430,"samplingBit":16,"channelCount":1,"samplingRate":"16kHz","audioPath":"/Mock/05.ICT/Female/Experienced/ckmk_q_ict_f_e_290878.wav"},"answer":{"fileFormat":"wav","fileSize":2759438,"duration":86230,"samplingBit":16,"channelCount":1,"samplingRate":"16kHz","audioPath":"/Mock/05.ICT/Female/Experienced/ckmk_a_ict_f_e_290878.wav"}}}