{"version":"1.0","dataSet":{"info":{"date":"20230116","occupation":"ICT","channel":"MOCK","place":"ONLINE","gender":"FEMALE","ageRange":"55-","experience":"EXPERIENCED"},"question":{"raw":{"text":"지원자님만의 스트레스 해소 방법이 있다면 무엇일지 궁금한데요 지원자님께서 왜 그 방법으로 스트레스를 해소하시는지도 구체적으로 말씀해 주시기 바랍니다","wordCount":17},"emotion":[],"intent":[]},"answer":{"raw":{"text":"일을 하다 보면은 스트레스가 굉장히 많이 쌓이죠. 그 스트레스 해소 방법은 다양한 방법이 있다고 생각하지만 저는 요번에는 이런 방법을 한 번 써보죠. 음 저는 음 그 일에 대해서 어 시작과 끝에 대한 부분들을 다 수다로 한번 떨어 봅니다. 어 이 스트레스가 왜 생기게 됐고 이 스트레스를 어떻게 진행이 됐고 직급은 어떤 상태고 어떻게 됐으면 해소가 될 것이다 라고 하는 스트레스의 어떤 처음과 끝을 한번 쭉 생각을 하고 말을 막 해보는 거죠. 친구들과 말할 수도 있고 뭐 말할 상대가 없으면 강아지 하고도 말을 할 수가 있구요. 아니면 컴퓨터 하고도 얘기를 할 수가 있겠죠. 아니면 에이아이 하고도 얘기할 수가 있을 것 같아요. 자 어떻게 하든 처음과 끝을 다 한번 다 풀어보는 거죠. 욕도 할 수 있을 거고 또 어떤 경우에는 같은 말을 되풀이 할 수도 있을 거라고 생각합니다. 어떻게 하든 스트레스 그 스트레스의 원인을 해결할려고 노력을 하고 그 원인에 대한 부분을 찾으려고 그러면 처음부터 끝까지 한번 쭉 훑어봐야 되지 않을까 하는 생각을 해 보거든요. 그래서 그 스트레스의 원인을 찾고 그러기 위해서 수다를 떠는 거죠. 이래서 그랬고 저래서 그랬고 이렇게 그러다보면 방법이 나오지 않을까요.","wordCount":171},"emotion":[],"intent":[{"text":"","expression":"","category":"attitude"}],"summary":{"text":"일을 하다 보면 스트레스가 굉장히 많이 쌓이는데, 그 스트레스의 원인에 대한 부분을 찾으려고 하면 처음부터 끝까지 한번 쭉 훑어봐야 되지 않을까 하는 생각을 해 보면서 스트레스의 원인을 찾고 그러기 위해서 수다를 떠는 것입니다. 이렇게 하다보면 방법이 나오지 않을까 합니다.","wordCount":39}}},"rawDataInfo":{"question":{"fileFormat":"wav","fileSize":663118,"duration":20720,"samplingBit":16,"channelCount":1,"samplingRate":"16kHz","audioPath":"/Mock/05.ICT/Female/Experienced/ckmk_q_ict_f_e_290882.wav"},"answer":{"fileFormat":"wav","fileSize":2859598,"duration":89360,"samplingBit":16,"channelCount":1,"samplingRate":"16kHz","audioPath":"/Mock/05.ICT/Female/Experienced/ckmk_a_ict_f_e_290882.wav"}}}