{"version":"1.0","dataSet":{"info":{"date":"20230116","occupation":"ICT","channel":"MOCK","place":"ONLINE","gender":"FEMALE","ageRange":"-34","experience":"EXPERIENCED"},"question":{"raw":{"text":"지원자님께서 그동안 인생에서 겪었던 갈등들 중에서 가장 심각했던 갈등이 있다면 무엇인가요 구체적으로 답변 부탁드립니다","wordCount":14},"emotion":[],"intent":[]},"answer":{"raw":{"text":"제가 인생에서 겪었던 가장 심했던 갈등은 어 개인적으로 공무원 준비였던 것 같습니다. 제가 공무원 준비를 일 년 이상 하면서 이 시험을 계속해서 끌고 갈지 아니면 이 시험을 포기할지에 대한 고민을 정말로 많이 했던 것 같습니다. 왜냐하면 일단은 공부한 시간이 너무 아까웠고 또 뭔가 점수 자체가 굉장히 아까운 점수들이 있어 몇 개 있었기 때문에 어 아예 못 했으면 차라리 포기가 빨랐을텐데 자꾸 아쉬운 점수로 뭔가 떨어지는 것을 겪었기 때문에 솔직하게 말하자면 포기하기가 포기하는 그 마음이 정말 너무나도 저한테는 어려운 일이었으나 결국에는 그 갈등은 포기하는 걸로 끝이 났었습니다.","wordCount":86},"emotion":[{"text":"왜냐하면 일단은 공부한 시간이 너무 아까웠고 또 뭔가 점수 자체가 굉장히 아까운 점수들이 있어 몇 개 있었기 때문에 어 아예 못 했으면 차라리 포기가 빨랐을텐데 자꾸 아쉬운 점수로 뭔가 떨어지는 것을 겪었기 때문에 솔직하게 말하자면 포기하기가 포기하는 그 마음이 정말 너무나도 저한테는 어려운 일이었으나 결국에는 그 갈등은 포기하는 걸로 끝이 났었습니다.","expression":"n-distress","category":"negative"}],"intent":[{"text":"제가 공무원 준비를 일 년 이상 하면서 이 시험을 계속해서 끌고 갈지 아니면 이 시험을 포기할지에 대한 고민을 정말로 많이 했던 것 같습니다.","expression":"c_private","category":"background"}],"summary":{"text":"공무원 시험을 포기하려 했던 가장 큰 갈등은 일 년 이상 공무원 준비를 하며 시험 지속 여부를 고민한 결과, 애매한 점수로 인해 포기하게 되었습니다. 결국 그 갈등은 포기하는 걸로 마무리 되었던 것입니다.","wordCount":31}}},"rawDataInfo":{"question":{"fileFormat":"wav","fileSize":617678,"duration":19300,"samplingBit":16,"channelCount":1,"samplingRate":"16kHz","audioPath":"/Mock/05.ICT/Female/Experienced/ckmk_q_ict_f_e_293171.wav"},"answer":{"fileFormat":"wav","fileSize":2542798,"duration":79460,"samplingBit":16,"channelCount":1,"samplingRate":"16kHz","audioPath":"/Mock/05.ICT/Female/Experienced/ckmk_a_ict_f_e_293171.wav"}}}