{"version":"1.0","dataSet":{"info":{"date":"20230116","occupation":"ICT","channel":"MOCK","place":"ONLINE","gender":"FEMALE","ageRange":"45-54","experience":"EXPERIENCED"},"question":{"raw":{"text":"만약에 본인이 내일 죽는다는 사실을 알게 된다면 본인은 당장 모를 할 것인가요 그리고 이 면접을 끝까지 계속 보실 건지 궁금하네요","wordCount":20},"emotion":[],"intent":[]},"answer":{"raw":{"text":"아 본인이 내일 죽는다는 걸 알면 굉장히 슬프겠네요. 일단 그렇게 너무 슬픈 감정으로 면접을 보는 것은 맞지 않다고 생각을 합니다. 그래서 일단 약속이기 때문에 일단 이 면접 보는 분에게 전화를 드려서 예 면접을 좀 보기 힘들겠다 라고 양해를 구하구요. 그리고 돌아와서 어 그동안 가보지 못했던 비싼 에 음식점 예약을 먼저 하겠습니다. 그리고 그곳에서 사랑하는 사람들과 만나서 저희 가족 아이들 부모님과 만나서 같이 식사를 하고 또 이야기를 많이 나누도록 하겠습니다. 그리구 남아있는 쪽 분들이 어 저를 좀 따뜻한 사람으로 기억할 수 있도록 영상이라든가 이런 것들을 좀 남겨놓도록 하겠습니다. 그리구 또 저를 대신해서 아이들의 보살핌 남편과 단둘이 좀 시간을 보내고 음 그동안 못 했던 이야기도 좀 나누고 예 그리고 앞으로 잘 부탁한다는 이야기도 남기고 예 그런 시간을 가지면 좋을 것 같습니다.","wordCount":119},"emotion":[],"intent":[{"text":"","expression":"","category":"attitude"}],"summary":{"text":"내일 죽는다는 걸 알면 굉장히 슬플 것 같아 면접 보는 사람에게 양해를 구하고, 음식점 예약을 하고, 가족과 만나 이야기를 나누겠습니다. 영상과 사진을 남기고, 아이들과 남편과 함께 시간을 보내겠습니다.","wordCount":28}}},"rawDataInfo":{"question":{"fileFormat":"wav","fileSize":458318,"duration":14320,"samplingBit":16,"channelCount":1,"samplingRate":"16kHz","audioPath":"/Mock/05.ICT/Female/Experienced/ckmk_q_ict_f_e_272939.wav"},"answer":{"fileFormat":"wav","fileSize":2287438,"duration":71480,"samplingBit":16,"channelCount":1,"samplingRate":"16kHz","audioPath":"/Mock/05.ICT/Female/Experienced/ckmk_a_ict_f_e_272939.wav"}}}