{"version":"1.0","dataSet":{"info":{"date":"20230116","occupation":"ICT","channel":"MOCK","place":"ONLINE","gender":"FEMALE","ageRange":"-34","experience":"EXPERIENCED"},"question":{"raw":{"text":"어 지원자님께서는 직장을 선택하실 때 어떤 점을 가장 중요하게 생각하는지요 중요하게 생각하는 세 가지에 대해서 각각 설명해 주시기 바랍니다","wordCount":19},"emotion":[],"intent":[]},"answer":{"raw":{"text":"저는 가장 중요하게 생각하는 첫번째는 어 제가 대중교통을 이용하지 않고 걸어서 갈 수 있느냐를 따지는 편입니다. 근데 사실은 지금까지는 어 보통 회사가 있는 근처로 제가 주거로 옮겨서 생활을 했었기 때문에 어 사실 이 부분은 어 주거지를 먼저 찾는다기보다는 그 회사가 정해지면 그 근처로 제가 생활권을 옮기는 편입니다. 일단은 제가 경기도권에서 되게 오래 서울에 왔다갔다 하는 생활을 했었는데 차비가 사실 만만치 않게 들고 길에서 이동 시간으로 버리는 게 훨씬 더 많아서 제가 이제 직장생활을 시작하면서부터는 어 웬만하면 교통비 정도는 조금 절약하고 싶다는 생각이 들어서 어 항상 회사 근처에 집을 얻어서 걸어서 출퇴근을 할 수 있게끔 생활을 했었구요. 제가 두 번째로 좀 중요하게 생각하는 것은 남녀의 성비가 비율이 고르게 되어 있냐는 것을 좀 따지는 편입니다. 아무래도 한쪽 성 비율만 높다 높다 보면은 좀 특징적인 분위기가 형성이 되는 게 있어서 좀 골고루 배치되어 있는 것을 선호하는 편입니다.","wordCount":134},"emotion":[],"intent":[{"text":"","expression":"","category":"attitude"}],"summary":{"text":"저는 회사를 근처로 옮기면서 교통비를 절약하기 위해 회사 근처의 집을 얻어서 걸어다녔습니다. 또한 남녀의 성비가 비율이 고르게 되어 있는지를 따지는데 한쪽 성 비율만 높다 높다 보면은 특징적인 분위기가 형성이 되어 있어서 골고루 배치되어 있는 것을 선호하는 편입니다.","wordCount":37}}},"rawDataInfo":{"question":{"fileFormat":"wav","fileSize":422478,"duration":13200,"samplingBit":16,"channelCount":1,"samplingRate":"16kHz","audioPath":"/Mock/05.ICT/Female/Experienced/ckmk_q_ict_f_e_181354.wav"},"answer":{"fileFormat":"wav","fileSize":2751118,"duration":85970,"samplingBit":16,"channelCount":1,"samplingRate":"16kHz","audioPath":"/Mock/05.ICT/Female/Experienced/ckmk_a_ict_f_e_181354.wav"}}}