{"version":"1.0","dataSet":{"info":{"date":"20230116","occupation":"ICT","channel":"MOCK","place":"ONLINE","gender":"FEMALE","ageRange":"-34","experience":"EXPERIENCED"},"question":{"raw":{"text":"본인의 장점과 단점을 설명을 해 주시구요 또 그것을 어떻게 특화시키고 극복하기 위해서 노력을 함께 하셨는지에 대해서도 말씀해 주세요","wordCount":18},"emotion":[],"intent":[]},"answer":{"raw":{"text":"저의 장점은 추진력과 결단력이 좋다는 것입니다. 단점은 추진력과 결단력이 좋은 대신에 꼼꼼하지 못하다는 점이 있는데요. 꼼꼼하지 못한 점을 극복하기 위해 저는 계획을 많이 세우려고 하는 편입니다. 어 하루에 시작이나 하루에 끝에 늘 계획을 세우는데요. 이제 시간별로 계획을 세우고 그날 혹은 다음 날 해야 하는 일이 무엇이었는지 다시 생각을 해 보고 그 일정 사이사이에 끼워뒀습니다. 그렇게 해서 그 하루를 캘린더를 보면서 생활을 하려고 하고요. 그 캘린더와 일정이 다를 경우에 또 이 일정은 어디에 넣을 수 있을지 시간을 체크하며 캘린더를 확인하려고 합니다.","wordCount":80},"emotion":[],"intent":[{"text":"","expression":"","category":"attitude"}],"summary":{"text":"저는 추진력과 결단력이 좋은 대신에 꼼꼼하지 못하다는 점이 있어서 계획을 많이 세우려고 하는 편인데, 그 점을 극복하기 위해 시간별로 계획을 세우고 그 일정을 캘린더를 보면서 생활을 하려고 합니다.","wordCount":28}}},"rawDataInfo":{"question":{"fileFormat":"wav","fileSize":427598,"duration":13360,"samplingBit":16,"channelCount":1,"samplingRate":"16kHz","audioPath":"/Mock/05.ICT/Female/Experienced/ckmk_q_ict_f_e_184517.wav"},"answer":{"fileFormat":"wav","fileSize":1704398,"duration":53260,"samplingBit":16,"channelCount":1,"samplingRate":"16kHz","audioPath":"/Mock/05.ICT/Female/Experienced/ckmk_a_ict_f_e_184517.wav"}}}