{"version":"1.0","dataSet":{"info":{"date":"20230116","occupation":"ICT","channel":"MOCK","place":"ONLINE","gender":"FEMALE","ageRange":"55-","experience":"EXPERIENCED"},"question":{"raw":{"text":"일을 하다 보면 다른 지역에서 업무를 수행하게 될 수도 있는데요 지원자님은 타 지역 근무도 문제없이 수행하실 수 있을까요","wordCount":18},"emotion":[],"intent":[]},"answer":{"raw":{"text":"네 다른 지역의 업무를 수행할 수 있습니다. 타 지역에서 어 근무를 할 수 있다는 거는 어 저 같은 경우에는 프리랜서로 교육을 하고 오랫동안 하고 있습니다. 프리랜서로 오랫동안 지금까지 삼십 년 넘게 수업을 하고 있다는 거는 어 프로로서 자리를 많이 잡았다는 얘기죠. 어 프로는 어 커스터머들이 원하는 즉 고객이 원하는 음 니즈에 어 부응해야 되는데 어 프리랜 업체들이 프리랜서를 사용해 어 그 고용하는 이유 중의 하나는 본인들이 힘들고 본인들이 어 운영하기 힘든 과정을 프리랜서에 많이 어 운영을 합니다. 그러기 때문에 어 쉽고 편한 것 보다는 어렵고 좀 더 멀고 또 힘든 일들을 프리랜서에 많이 맡기죠. 어 프로의 정신으로 어 저는 음 프리랜서 일을 지정합니다. 그런데 그 와중에 타 지역에서 근무를 해야 된다 한다 하면 그것도 저의 프로 과정에 한 일원이라고 생각하고 있습니다. 그래서 타 지역 근무도 가능하고 문제없이 수용할 수 있다고 생각합니다.","wordCount":131},"emotion":[],"intent":[{"text":"","expression":"","category":"attitude"}],"summary":{"text":"프로로서 자리를 잡았다는 얘기인데, 프리랜 업체들이 프리랜서를 사용해 고용하는 이유 중 하나는 본인들이 힘들고 운영하기 힘든 과정을 프리랜서에 많이 맡기기 때문입니다. 프로의 정신으로 일을 지정하고 그 와중에 타 지역에서 근무를 해야 된다 한다면 그것도 저의 프로 과정에 한 일원이라고 생각합니다.","wordCount":40}}},"rawDataInfo":{"question":{"fileFormat":"wav","fileSize":593358,"duration":18540,"samplingBit":16,"channelCount":1,"samplingRate":"16kHz","audioPath":"/Mock/05.ICT/Female/Experienced/ckmk_q_ict_f_e_290875.wav"},"answer":{"fileFormat":"wav","fileSize":2826958,"duration":88340,"samplingBit":16,"channelCount":1,"samplingRate":"16kHz","audioPath":"/Mock/05.ICT/Female/Experienced/ckmk_a_ict_f_e_290875.wav"}}}