{"version":"1.0","dataSet":{"info":{"date":"20230116","occupation":"ICT","channel":"MOCK","place":"ONLINE","gender":"FEMALE","ageRange":"55-","experience":"EXPERIENCED"},"question":{"raw":{"text":"면접자께서 생각하시는 하드웨어나 소프트웨어 이해에 관한 실무 능력을 갖추기 위해 노력했던 경험에 대해서 설명 부탁 드리겠습니다","wordCount":16},"emotion":[],"intent":[]},"answer":{"raw":{"text":"저는 어 제조업체에서 근무를 시작을 했습니다. 삼보 컴퓨터라고 해주는 제조업체에서 어 피씨를 처음부터 만들 때부터 디자인과 어 그다음에 테스트를 같이 겪어서 활용을 했기 때문에 어 다양한 경험을 할 수 있었습니다. 하드웨어 같은 경우에는 저희가 어 교육이나 지원을 해주면서 어 하드웨어 쪽을 모르게 되면은 어 교육이나 마케팅 지원을 한데든가 고객 지원하기가 굉장히 어려웠어요. 그래서 하드웨어 같은 경우에는 연구소와 더불어 같이 협업을 하고 회의도 하고 테스트 같은 경우를 굉장히 많이 했었습니다. 그래서 보고서 내는 부분들도 많이 해 봤구요. 소프트웨어 같은 경우에는 저희가 사업 사용자 고객 그 교육을 진행을 하다 보니 음 일단 교재도 만들어야 되고요. 매뉴얼도 만들어야 되는 그런 일들이 생겼습니다. 그래서 어 외국에 있는 일단 어 외국의 매뉴얼들 먼저 섭렵해야 됐고 그다음에 그거를 한글화하면서 또 어 소프트웨어들을 외국에 있는 영어 버전의 소프트웨어 내지는 아 이런 소프트웨어를 한글화해주는 과정에서 다양한 아 지식들을 얻을 수 있었습니다.","wordCount":133},"emotion":[],"intent":[{"text":"그래서 어 외국에 있는 일단 어 외국의 매뉴얼들 먼저 섭렵해야 됐고 그다음에 그거를 한글화하면서 또 어 소프트웨어들을 외국에 있는 영어 버전의 소프트웨어 내지는 아 이런 소프트웨어를 한글화해주는 과정에서 다양한 아 지식들을 얻을 수 있었습니다.","expression":"i_hwsw_prfi","category":"attitude"}],"summary":{"text":"제조업체에서 근무를 하다 보니 다양한 경험을 할 수 있었습니다. 하드웨어는 연구소와 더불어 같이 협업을 하고 회의도 많이 했습니다. 소프트웨어는 교재도 만들고 매뉴얼도 만들어야 되는 일들이 생겼습니다. 그래서 외국의 매뉴얼들을 먼저 섭렵하고 한글화하면서 다양한 지식들을 얻을 수 있게 되었습니다.","wordCount":38}}},"rawDataInfo":{"question":{"fileFormat":"wav","fileSize":473678,"duration":14800,"samplingBit":16,"channelCount":1,"samplingRate":"16kHz","audioPath":"/Mock/05.ICT/Female/Experienced/ckmk_q_ict_f_e_275385.wav"},"answer":{"fileFormat":"wav","fileSize":2617358,"duration":81790,"samplingBit":16,"channelCount":1,"samplingRate":"16kHz","audioPath":"/Mock/05.ICT/Female/Experienced/ckmk_a_ict_f_e_275385.wav"}}}