{"version":"1.0","dataSet":{"info":{"date":"20230116","occupation":"ICT","channel":"MOCK","place":"ONLINE","gender":"FEMALE","ageRange":"-34","experience":"EXPERIENCED"},"question":{"raw":{"text":"지원자님께서는 태어나서 지금까지 한 일들 가운데 가장 후회했던 일이 무엇이었나요 한 가지만 골라서 말씀해 주시면 되겠습니다","wordCount":16},"emotion":[],"intent":[]},"answer":{"raw":{"text":"지금까지 한 일들 중에 가장 후회하는 일은 음 부모님께 거짓말을 한 일입니다. 부모님께 거짓말을 해서 어머니께 상처를 입힌 일이 가장 후회됩니다. 그때 중학생 때 친구들과 몰래 롯데월드에 늦게 폐장 직전까지 있던 적이 있는데 어 그때 부모님께 말을 안하고 독서실을 간다고 이야기를 드려서 롯데월드 시간이 너무 늦어버려서 제 집에 돌아오지 않는 저를 굉장히 걱정하시던 일이 있었습니다. 그때 가장 많이 걱정을 끼쳐드린 것 같아서 가장 후회하는 일 중 하나입니다.","wordCount":67},"emotion":[],"intent":[{"text":"","expression":"","category":"attitude"}],"summary":{"text":"부모님께 거짓말을 하여 어머니께 상처를 입힌 일이 가장 후회됩니다. 중학생 때 부모님께 말을 안하고 독서실에 간다고 이야기를 드려서 시간이 너무 늦어서 집에 돌아오지않는 것을 걱정했던 일이 있습니다.","wordCount":27}}},"rawDataInfo":{"question":{"fileFormat":"wav","fileSize":462798,"duration":14460,"samplingBit":16,"channelCount":1,"samplingRate":"16kHz","audioPath":"/Mock/05.ICT/Female/Experienced/ckmk_q_ict_f_e_184518.wav"},"answer":{"fileFormat":"wav","fileSize":1462478,"duration":45700,"samplingBit":16,"channelCount":1,"samplingRate":"16kHz","audioPath":"/Mock/05.ICT/Female/Experienced/ckmk_a_ict_f_e_184518.wav"}}}