{"version":"1.0","dataSet":{"info":{"date":"20230116","occupation":"ICT","channel":"MOCK","place":"ONLINE","gender":"FEMALE","ageRange":"-34","experience":"EXPERIENCED"},"question":{"raw":{"text":"협업을 할 일이 많이 생길 수도 있습니다 혹시 이전 직장이나 대학에서 협업할 때 어려운 점은 없으셨나요","wordCount":16},"emotion":[],"intent":[]},"answer":{"raw":{"text":"대학에서 협업할 때 어려운 점은 크게 없었으나 대학에서도 또 대학 이후에도 프로젝트를 여러 번 진행하며 이 협업을 하는 게 얼마나 어려운 일이고 또 상호간의 의사소통 스타일을 알아야 하는 것인지 알게 된 것 같습니다. 먼저 친하지 않은 분들과 프로젝트를 하는 경우에는 특히 원하는 말을 전하고자 하시는 말씀이 있는데 말을 하시지 못하는 경우가 많기 때문에 이분들의 의사소통 스타일을 알아야 하는 것이 어느 정도는 필수적이고 그리고 그 뒤에 이 분들이 진짜 전하고자 하는 뜻이 이것이었는지 확인하는 시간이 필수적으로 있어야 하는 것을 알게 되었었습니다.","wordCount":80},"emotion":[],"intent":[{"text":"","expression":"","category":"attitude"}],"summary":{"text":"대학에서 협업할 때 어려운 점은 크게 없었으나, 대학 이후에도 프로젝트를 여러 번 진행하며 상호간의 의사소통 스타일을 알아야 하는 것을 알게 되었습니다.","wordCount":21}}},"rawDataInfo":{"question":{"fileFormat":"wav","fileSize":306638,"duration":9580,"samplingBit":16,"channelCount":1,"samplingRate":"16kHz","audioPath":"/Mock/05.ICT/Female/Experienced/ckmk_q_ict_f_e_184519.wav"},"answer":{"fileFormat":"wav","fileSize":1645518,"duration":51420,"samplingBit":16,"channelCount":1,"samplingRate":"16kHz","audioPath":"/Mock/05.ICT/Female/Experienced/ckmk_a_ict_f_e_184519.wav"}}}