{"version":"1.0","dataSet":{"info":{"date":"20230116","occupation":"ICT","channel":"MOCK","place":"ONLINE","gender":"FEMALE","ageRange":"55-","experience":"EXPERIENCED"},"question":{"raw":{"text":"지원자분 면접까지 오시느라 수고 많으셨습니다 질문을 한 가지 해 보겠습니다 좋은 개발자의 요소를 세 가지 정도만 말씀해 주신다면 어떤 것이 있겠습니까","wordCount":21},"emotion":[],"intent":[]},"answer":{"raw":{"text":"좋은 개발자는 첫 번째 똑똑해야죠. 네. 알고 있는 지식이 많아야 되겠습니다. 전문 지식이 많고 또 해당되는 코드나 또 다양한 그 관련 지식이 있어야 된다고 생각합니다. 두 번째는 개발자는 개발만 해서 그걸 가지고 어 그냥 인정만 받을 것이 아니라 그 개발된 내용을 가지고 고객과 또 비즈니스적인 어떤 어 역할에 해당되는 일을 해야 되기 때문에 어 고객을 어 이해하는 공감 능력이 있어야 된다고 합니다. 어 제가 아무리 좋은 개발자라 하더래도 어 고객이 얘기하는 걸 인지를 못하고 고객이 힘들어 하는 부분을 공감하지 못한다면 그거는 좋은 개발자가 되지 못할 거라고 생각합니다. 세 번째로는 자기가 아무리 잘 낸 개발자라도 잘못 어 된 부분들을 인정할 수 있는 잘못된 부분을 본인이 너그러이 인정하고 어 받아들일 수 있는 그런 어 잘못된 것을 인정할 수 있는 능력이 있어야지 어 발전이 있다고 생각합니다. 이 세 가지가 아 좋은 개발자가 되는 어떤 요소 중의 하나가 되지 않을까 하는 생각을 해 보는데 전문 지식 공감 능력 잘못된 것을 인정해 주는 부분 요 세 가지가 요소라고 생각합니다.","wordCount":154},"emotion":[],"intent":[{"text":"","expression":"","category":"attitude"}],"summary":{"text":"좋은 개발자가 되기 위해서는 알고 있는 지식, 해당 코드나 다양한 관련 지식, 고객을 이해하는 공감 능력, 잘못된 것을 스스로 인정하는 능력 이 세 가지가 중요합니다.","wordCount":25}}},"rawDataInfo":{"question":{"fileFormat":"wav","fileSize":485518,"duration":15170,"samplingBit":16,"channelCount":1,"samplingRate":"16kHz","audioPath":"/Mock/05.ICT/Female/Experienced/ckmk_q_ict_f_e_300033.wav"},"answer":{"fileFormat":"wav","fileSize":3108558,"duration":97140,"samplingBit":16,"channelCount":1,"samplingRate":"16kHz","audioPath":"/Mock/05.ICT/Female/Experienced/ckmk_a_ict_f_e_300033.wav"}}}