{"version":"1.0","dataSet":{"info":{"date":"20230116","occupation":"ICT","channel":"MOCK","place":"ONLINE","gender":"FEMALE","ageRange":"45-54","experience":"EXPERIENCED"},"question":{"raw":{"text":"서버 용량 확장으로 인해서 데이타 센터를 이전하게 되었는데요 이렇게 서버를 이전하는 데 있어서 최우선적으로 고려해야 할 사항은 무엇이 있을까요","wordCount":19},"emotion":[],"intent":[]},"answer":{"raw":{"text":"음 아무래도 네 데이터의 보관과 보호가 제일 중요하기 때문에 음 인터넷에 그런 접근이 원활한지 가 우선 제일 최우선시 되어야 되지 않을까 합니다. 네 그게 어떻게 보면 안전할 수도 있는 게 그런 해킹이라든지 여러 가지 분야에서 안전할 수도 있다 고 보통은 생각들을 하시는데요. 그렇지 않습니다. 그래서 음 이게 잘 접속이 되고 이게 원활하게 들어와야지 어 저희가 많이 구축해 놓은 그런 보안 보안이 철저하게 이루어지기 때문에 그것들이 잘 진행이 되려면 우선 네 원활한 인터넷 접속이 우선시 되어야 된다고 생각을 합니다. 그래야지 저희가 보호하려는 엄청난 양의 데이터들을 저희가 꾸준하게 유지할 수 있어요.","wordCount":89},"emotion":[],"intent":[{"text":"음 아무래도 네 데이터의 보관과 보호가 제일 중요하기 때문에   음 인터넷에 그런 접근이   원활한지 가 우선 제일 최우선시 되어야 되지 않을까 합니다.","expression":"i_secty","category":"attitude"},{"text":"그래서 음   이게 잘 접속이 되고 이게 원활하게 들어와야지 어 저희가   많이 구축해 놓은 그런 보안 보안이 철저하게 이루어지기 때문에   그것들이 잘 진행이 되려면 우선 네 원활한 인터넷 접속이   우선시 되어야 된다고 생각을 합니다.","expression":"i_secty","category":"attitude"}],"summary":{"text":"데이터의 보관과 보호가 중요하기 때문에 인터넷의 원활한 접속이 우선시 되어야 합니다. 그래야 보안 보안이 철저하게 이루어지기 때문에 보호하려는 데이터들을 꾸준하게 유지할 수 있습니다.","wordCount":23}}},"rawDataInfo":{"question":{"fileFormat":"wav","fileSize":522958,"duration":16340,"samplingBit":16,"channelCount":1,"samplingRate":"16kHz","audioPath":"/Mock/05.ICT/Female/Experienced/ckmk_q_ict_f_e_158683.wav"},"answer":{"fileFormat":"wav","fileSize":2718478,"duration":84950,"samplingBit":16,"channelCount":1,"samplingRate":"16kHz","audioPath":"/Mock/05.ICT/Female/Experienced/ckmk_a_ict_f_e_158683.wav"}}}