{"version":"1.0","dataSet":{"info":{"date":"20230116","occupation":"ICT","channel":"MOCK","place":"ONLINE","gender":"FEMALE","ageRange":"55-","experience":"EXPERIENCED"},"question":{"raw":{"text":"에치티티피 프로토콜에 대해서 어 아는 데까지 설명해 주십시오","wordCount":8},"emotion":[],"intent":[]},"answer":{"raw":{"text":"에이치티티피 프로토콜은 하이퍼 텍스트 트랜스퍼 프로토콜로 어 하이퍼 텍스트를 피씨 화면에 브라우저에 뿌려줄 수 있는 그래서 우리가 웹 웹 페이지를 화면에 볼 수 있도록 해주는 어 통신 규약이라고 알고 있습니다. 이것은 어 인터넷에 무한히 떠돌고 있는 텍스트나 그다음 그림 동영상 어 등을 여러분들 피씨에서 보여줄 수 있게 해주는 브라우저의 웹 브라우저를 보여주게 해주는 통신 규칙입니다. 그래서 얘는 우리가 브라우저를 화면에 올려놓고 위쪽에 더블유 더블유 더블유를 시작하는 웹 브라우저의 주소 도메인을 넣어 주시면 앞쪽에 에이치 티 티 피 콜론 슬러쉬 슬러쉬라고 해주는 예 프로토콜이 자동으로 형성이 되면서 웹 페이지의 웹 문서를 여러분들 피씨에 보여줄 수 있도록 해주는 기능을 갖고 있는 프로토콜 즉 통신 규약입니다.","wordCount":103},"emotion":[],"intent":[{"text":"","expression":"","category":"attitude"}],"summary":{"text":"에이치티티피 프로토콜은 하이퍼 텍스트를 피씨 화면에 뿌려줄 수 있는 통신 규약입니다. 웹 페이지를 화면에 볼 수 있도록 하는 통신 규칙입니다. 그래서 웹 브라우저의 주소 도메인을 넣으면 에이치 티 피 콜론 슬러시라고 하는 규약이 형성됩니다.","wordCount":34}}},"rawDataInfo":{"question":{"fileFormat":"wav","fileSize":325838,"duration":10180,"samplingBit":16,"channelCount":1,"samplingRate":"16kHz","audioPath":"/Mock/05.ICT/Female/Experienced/ckmk_q_ict_f_e_275633.wav"},"answer":{"fileFormat":"wav","fileSize":2382798,"duration":74460,"samplingBit":16,"channelCount":1,"samplingRate":"16kHz","audioPath":"/Mock/05.ICT/Female/Experienced/ckmk_a_ict_f_e_275633.wav"}}}