{"version":"1.0","dataSet":{"info":{"date":"20230116","occupation":"ICT","channel":"MOCK","place":"ONLINE","gender":"FEMALE","ageRange":"-34","experience":"EXPERIENCED"},"question":{"raw":{"text":"커뮤니케이션을 잘 할 수 있는 본인만의 스킬이 있나요 있다면 저희에게 한 번 직접 보여 주시겠어요","wordCount":15},"emotion":[],"intent":[]},"answer":{"raw":{"text":"커뮤니케이션을 잘 할 수 있는 저만의 스킬은 소소하게 스물 토크를 통해서 하는 것인데요. 어떤 식으로 하냐면 요즘은 엠비티아이 가 유행이거든요. 그래서 엠비티아이 같은 경우를 물어보면서 엠비티아이 어떻게 되세요. 아 이 엔티 피시구나. 이 엔티피 분들 자기주장 강하시고 똑똑하시고 일 잘하시는 분들 되게 많던데 어 땡땡님도 그럭 되게 그렇게 프로패셔널 한 모습으로 보이시네요. 하나씩으로 어 칭찬을 많이 하고자 하는 편입니다. 또 취미생활 같은 거를 공유하면서 그분에 대한 어 인포메이션을 파악하고 또 성향을 파악하려고 하는 것 같습니다.","wordCount":75},"emotion":[],"intent":[{"text":"","expression":"","category":"attitude"}],"summary":{"text":"커뮤니케이션을 잘 할 수 있는 저만의 스킬은 스물 토크를 통해서 하는 것입니다. 요즘은 유행하는 엠비티아이 가 유행입니다. 하나씩으로 칭찬을 많이 하려 하고, 취미생활 공유로 성향을 파악합니다.","wordCount":26}}},"rawDataInfo":{"question":{"fileFormat":"wav","fileSize":281678,"duration":8800,"samplingBit":16,"channelCount":1,"samplingRate":"16kHz","audioPath":"/Mock/05.ICT/Female/Experienced/ckmk_q_ict_f_e_161364.wav"},"answer":{"fileFormat":"wav","fileSize":1566798,"duration":48960,"samplingBit":16,"channelCount":1,"samplingRate":"16kHz","audioPath":"/Mock/05.ICT/Female/Experienced/ckmk_a_ict_f_e_161364.wav"}}}