{"version":"1.0","dataSet":{"info":{"date":"20230116","occupation":"ICT","channel":"MOCK","place":"ONLINE","gender":"FEMALE","ageRange":"-34","experience":"EXPERIENCED"},"question":{"raw":{"text":"업무를 함에 있어서 분쟁이 발생할 경우 어 지원자님만의 대처법이 준비되어 있습니까 아 있다면 무엇인지 한번 설명해 주시면 감사하겠습니다","wordCount":18},"emotion":[],"intent":[]},"answer":{"raw":{"text":"만약 업무를 했을 때 어떤 분쟁이 발생이 된다면 저 같은 경우는 일단은 그 분쟁을 해결할 수 있을 만한 뭐 그러한 규정이라든가 어떤 정책이 마련이 되어 있는지 일단 찾아보고 그러한 규정이 있으면 그 규정대로 어 차근차근 진행을 할 것 같고요. 만약 그러한 정책과 규정이 없다 라고 한다면 일단은 제일 큰 높은 관리자분에게 이제 이런 상황에 대해서 보고를 드릴 것 같고 같이 협의하여 이 문제를 어떻게 해결을 해야 될 것인가에 대한 어 고민을 또 의견을 서로 주고받을 것 같습니다. 보통 이런 문제가 발생하는 것은 어 저 같은 경우는 단순히 혼자 끙끙 앓타기보다는 다른 사람과 같이 협의해야 된다고 생각을 합니다.","wordCount":97},"emotion":[],"intent":[{"text":"","expression":"","category":"attitude"}],"summary":{"text":"분쟁 발생 시 해결하고자 하는 규정이나 정책이 마련되어 있지 않다면 제일 큰 관리자분에게 이 상황을 보고하고 협의해야 할 것 같습니다. 보통 이런 문제는 다른 사람과 같이 협의해야 한다고 생각합니다.","wordCount":29}}},"rawDataInfo":{"question":{"fileFormat":"wav","fileSize":498638,"duration":15580,"samplingBit":16,"channelCount":1,"samplingRate":"16kHz","audioPath":"/Mock/05.ICT/Female/Experienced/ckmk_q_ict_f_e_293164.wav"},"answer":{"fileFormat":"wav","fileSize":2572878,"duration":80400,"samplingBit":16,"channelCount":1,"samplingRate":"16kHz","audioPath":"/Mock/05.ICT/Female/Experienced/ckmk_a_ict_f_e_293164.wav"}}}