{"version":"1.0","dataSet":{"info":{"date":"20230116","occupation":"ICT","channel":"MOCK","place":"ONLINE","gender":"FEMALE","ageRange":"55-","experience":"EXPERIENCED"},"question":{"raw":{"text":"평소에 개인 작업을 많이 하는 편인가요 만약 그렇다면 개인 작업을 할 수 있게 해주는 본인의 원동력은 무엇이라고 생각하시나요","wordCount":18},"emotion":[],"intent":[]},"answer":{"raw":{"text":"개인적인 작업을 많이 합니다. 어 저는 프리랜서로 그 강의를 하고 있는 사람이기 때문에 어 유튜브에 올릴 강의 자료도 많이 작업을 하고 있구요. 어 그다음 수업을 할 때 질문을 받았을 때 해결이 안 된 질문이 있으면 그 질문도 어 해결하려고 노력해서 다양한 검색을 하고 있기도 합니다. 어 그런 작업의 원동력은 저는 인정받는 거죠. 어 수업을 받고 계시는 분들이 저한테 어우 선생님 그거 해결 됐습니다. 선생님이 하셔서 선생님께 물어봤더니 어 금방 해결이 됐네요. 어 선생님 하시는 거는 어 잘 아주 편하게 또 쉽게 잘 알아들을 수 있습니다. 어 이 분야에서 선생님 같은 분이 있으면 참 좋겠습니다 라고 하는 그런 예 제 칭찬 같지만 그런 칭찬을 들었을 때 아 아주 기분이 좋죠. 사람이 인정받는 부분이 굉장히 좋은 평가를 받는 그런 사람들도 있다고 하던데 저는 저에 대한 인정을 받으면 어 어떤 작업도 또 어려 어려운 일들도 또 힘든 부분들도 잘 헤쳐 나갈 수 있을 거라 생각하고 항상 진행하고 있습니다.","wordCount":145},"emotion":[],"intent":[{"text":"","expression":"","category":"attitude"}],"summary":{"text":"저는 프리랜서로 그 강의를 하고 있는 사람이기 때문에 유투브에 올릴 강의 자료도 많이 작업을 하고, 질문의 해결을 위해 다양한 검색을 하기도 합니다. 그 작업의 원동력은 저는 인정받는 것이고, 인정을 받으면 어떤 작업이나 어려운 일들도 잘 헤쳐 나갈 수 있을 것이라 생각하고 항상 진행하고 있습니다.","wordCount":44}}},"rawDataInfo":{"question":{"fileFormat":"wav","fileSize":562638,"duration":17580,"samplingBit":16,"channelCount":1,"samplingRate":"16kHz","audioPath":"/Mock/05.ICT/Female/Experienced/ckmk_q_ict_f_e_275642.wav"},"answer":{"fileFormat":"wav","fileSize":2648398,"duration":82760,"samplingBit":16,"channelCount":1,"samplingRate":"16kHz","audioPath":"/Mock/05.ICT/Female/Experienced/ckmk_a_ict_f_e_275642.wav"}}}