{"version":"1.0","dataSet":{"info":{"date":"20230116","occupation":"ICT","channel":"MOCK","place":"ONLINE","gender":"FEMALE","ageRange":"-34","experience":"EXPERIENCED"},"question":{"raw":{"text":"면접자분이 역사 속에서 가장 존경하는 일 인물을 말씀해 주시고 그리고 왜 그 인물을 가장 존경하는지에 대해서 이유도 구체적으로 함께 말씀해 주세요","wordCount":21},"emotion":[],"intent":[]},"answer":{"raw":{"text":"역사 속에서 가장 존경하는 인물은 성경에 나오는 인물인 모세인데요. 모세는 이스라엘 백성들을 노예로 살고 있던 애굽에서 끌고 나온 리더입니다 어 모세의 경우에는 처음 하나님의 명을 받고는 어 할 수 없다며 굉장히 부정했으나 곧 자신의 본분을 깨닫고 해야 하는 일을 깨닫고 이 이스라엘 사람들을 위해서 굉장히 희생하고 또 강한 리더십을 발휘하여 이 사람 많은 사람들을 이끌었던 어 굉장히 역사 속에 멋진 리더라고 생각이 되었고 또 이 조직을 위해 헌신할 수 있다는 점이 굉장히 큰 장점이며 매력으로 보였습니다. 그래서 저는 모세를 가장 존경합니다.","wordCount":81},"emotion":[{"text":"역사 속에서 가장 존경하는 인물은 성경에 나오는 인물인 모세인데요.","expression":"p-affection","category":"positive"},{"text":"어 모세의 경우에는 처음 하나님의 명을 받고는 어 할 수 없다며 굉장히 부정했으나   곧 자신의 본분을 깨닫고 해야 하는 일을 깨닫고 이 이스라엘 사람들을 위해서 굉장히 희생하고 또 강한 리더십을 발휘하여 이 사람 많은 사람들을 이끌었던   어 굉장히 역사 속에 멋진 리더라고 생각이 되었고 또 이 조직을 위해   헌신할 수 있다는 점이 굉장히 큰 장점이며 매력으로 보였습니다.","expression":"p-affection","category":"positive"},{"text":"그래서 저는 모세를 가장 존경합니다.","expression":"p-affection","category":"positive"}],"intent":[{"text":"","expression":"","category":"attitude"}],"summary":{"text":"역사 속 가장 존경하는 인물은 애굽에서 끌고 나온 모세입니다. 모세는 자신의 본분을 깨닫고 이스라엘 사람들을 위해서 굉장히 희생하고 강한 리더십을 발휘하여 많은 사람들을 이끌었던 아주 멋진 리더입니다.","wordCount":27}}},"rawDataInfo":{"question":{"fileFormat":"wav","fileSize":558798,"duration":17460,"samplingBit":16,"channelCount":1,"samplingRate":"16kHz","audioPath":"/Mock/05.ICT/Female/Experienced/ckmk_q_ict_f_e_161367.wav"},"answer":{"fileFormat":"wav","fileSize":1644238,"duration":51380,"samplingBit":16,"channelCount":1,"samplingRate":"16kHz","audioPath":"/Mock/05.ICT/Female/Experienced/ckmk_a_ict_f_e_161367.wav"}}}