{"version":"1.0","dataSet":{"info":{"date":"20230116","occupation":"ICT","channel":"MOCK","place":"ONLINE","gender":"FEMALE","ageRange":"55-","experience":"EXPERIENCED"},"question":{"raw":{"text":"만약 면접자님께서 게임 속 캐릭터라면 면접자님은 어떤 게임에서 어떤 역할을 맡아서 그 일을 수행하고 싶으신지 궁금한데요 한 번 말씀 부탁드립니다","wordCount":20},"emotion":[],"intent":[]},"answer":{"raw":{"text":"저는 그렇다면 제가 게임은 많이 안 해봐서 잘 모르지만 어떤 계획을 세우는 그런 지략과 쪽을 맡아서 하는 게 가장 조금 제가 할 수 있는 한해서 어떤 성과를 낼 수 있는 게 아닐까 싶은데요. 네 오 직업과 맞물려 있기도 하고 음 네 그래서 뭐 시야적인 부분에서 아무래도 조금 더 넓게 보면서 어 계획을 수립하고 네 성사 될 수 있도록 진행시키는 그러한 부분이 쪼금 제일 네 나을 것 같습니다 제가. 이거 외에 다른 부분은 제가 게임 속에서 다른 캐릭터들에게 민폐가 될 것 같아요. 그런 생각이 지금 드네요. 네 이게 제일 덜 욕을 먹을 것 같습니다.","wordCount":93},"emotion":[],"intent":[{"text":"","expression":"","category":"attitude"}],"summary":{"text":"어떤 계획을 세우는 지략과 쪽을 맡아서 하는 게 가장 성과를 낼 수 있는 게 아닐까 싶습니다. 좀 더 넓게 보면서 계획을 수립하고 성사 될 수 있도록 진행시키는 부분이 제일 나을 것 같습니다.","wordCount":32}}},"rawDataInfo":{"question":{"fileFormat":"wav","fileSize":596558,"duration":18640,"samplingBit":16,"channelCount":1,"samplingRate":"16kHz","audioPath":"/Mock/05.ICT/Female/Experienced/ckmk_q_ict_f_e_179493.wav"},"answer":{"fileFormat":"wav","fileSize":2640718,"duration":82520,"samplingBit":16,"channelCount":1,"samplingRate":"16kHz","audioPath":"/Mock/05.ICT/Female/Experienced/ckmk_a_ict_f_e_179493.wav"}}}