{
    "version": "1.0",
    "dataSet": {
        "info": {
            "date": "20230116",
            "occupation": "ICT",
            "channel": "MOCK",
            "place": "ONLINE",
            "gender": "FEMALE",
            "ageRange": "-34",
            "experience": "EXPERIENCED"
        },
        "question": {
            "raw": {
                "text": "배달의 민족을 사용하시면서 서비스에서 아쉬웠던 부분이 있었나요 있었다면 그것이 무엇인지도 말씀해 주십시오",
                "wordCount": 12
            },
            "emotion": [],
            "intent": []
        },
        "answer": {
            "raw": {
                "text": "개인적으로 배달의 민족을 사용하면서 어 저는 제가 원하는 음식의 종류가 저는 굉장히 한정적인 사람이고 못 먹는 음식도 많은 사람인데 가끔 추천을 하다 보면 다른 분들이 원하시는 음식을 위주로 저에게 추천을 하는 경우가 많아서 저는 정작 추천을 받았는데 그 추천한 그 추천을 받은 것 중에 단 한 개도 먹고 싶은 게 없는 그런 경우가 있었습니다. 그런 경우에서 좀 아쉬움을 많이 느꼈던 것 같고 어 배달의 민족 앱에서 필터를 걸어서 이런 이런 재료가 들어가는 음식은 빼고 이런 이런 느끼하거나 기름진 음식 이런 음식 스타일의 종류를 사용자에 맞춰서 추천해 줄 수 있는 그런 시스템이 있으면 좋을 것 같다고 생각했습니다.",
                "wordCount": 96
            },
            "emotion": [],
            "intent": [
                {
                    "text": "",
                    "expression": "",
                    "category": "attitude"
                }
            ],
            "summary": {
                "text": "배달의 민족을 사용하다 보면 특정 분야의 추천만 집중되는 경우가 많았는데, 앱에서 필터를 걸거나 음식 스타일을 사용자에 맞게 추천해 줄 수 있는 시스템이 있으면 좋겠다고 생각했습니다.",
                "wordCount": 25
            }
        }
    },
    "rawDataInfo": {
        "question": {
            "fileFormat": "wav",
            "fileSize": 500238,
            "duration": 15630,
            "samplingBit": 16,
            "channelCount": 1,
            "samplingRate": "16kHz",
            "audioPath": "/Mock/05.ICT/Female/Experienced/ckmk_q_ict_f_e_161369.wav"
        },
        "answer": {
            "fileFormat": "wav",
            "fileSize": 1771918,
            "duration": 55370,
            "samplingBit": 16,
            "channelCount": 1,
            "samplingRate": "16kHz",
            "audioPath": "/Mock/05.ICT/Female/Experienced/ckmk_a_ict_f_e_161369.wav"
        }
    }
}