{"version":"1.0","dataSet":{"info":{"date":"20230116","occupation":"ICT","channel":"MOCK","place":"ONLINE","gender":"FEMALE","ageRange":"-34","experience":"EXPERIENCED"},"question":{"raw":{"text":"여러 사람들과 함께 일을 하다 보면 구성원들과 갈등이 생길 일이 종종 발생하는데요 지원자님께서는 이럴 때 어떻게 해결하시는지 말씀해 주시기 바랍니다","wordCount":20},"emotion":[],"intent":[]},"answer":{"raw":{"text":"구성원들 간의 갈등이 생겼을 때는 보통은 저 같은 경우는 일단은 구성원들의 생각을 각각 뭐 피피티랄지 아니면은 어떠한 문서로 해서 각각의 의견을 정확하게 명시화 할 수 있도록 눈에 보이게끔 문서로 정리를 하고요. 그 정리된 문서를 토대로 각각의 의견 중에 어떤 것이 제일 합리적일지에 대한 고민들을 서로 하게끔 만들 것 같습니다. 그럼에도 불구하고 만약에 그 갈등이 해결이 되지 않는다고 한다면 일단은 우선적으로 제일 빠르게 해결될 수 있는 방법을 선택을 하고요. 그 다음에 해결을 한 다음에 뭐 표면적으로는 해결해야 했지만 내면적으로 안 됐을 경우는 따로 추가적으로 조치를 취할 것 같습니다.","wordCount":87},"emotion":[],"intent":[{"text":"","expression":"","category":"attitude"}],"summary":{"text":"구성원들 간의 갈등이 생겼을 때는 각 구성원들의 생각을 문서로 정리하여 명시화하고, 그 문서로 어떤 것이 가장 합리적일지에 대한 고민을 하게 합니다. 만약 갈등이 해결되지 않는다면 우선 빨리 해결될 수 있는 방법을 선택합니다.","wordCount":32}}},"rawDataInfo":{"question":{"fileFormat":"wav","fileSize":594958,"duration":18590,"samplingBit":16,"channelCount":1,"samplingRate":"16kHz","audioPath":"/Mock/05.ICT/Female/Experienced/ckmk_q_ict_f_e_293168.wav"},"answer":{"fileFormat":"wav","fileSize":2525838,"duration":78930,"samplingBit":16,"channelCount":1,"samplingRate":"16kHz","audioPath":"/Mock/05.ICT/Female/Experienced/ckmk_a_ict_f_e_293168.wav"}}}