{"version":"1.0","dataSet":{"info":{"date":"20230116","occupation":"ICT","channel":"MOCK","place":"ONLINE","gender":"FEMALE","ageRange":"-34","experience":"EXPERIENCED"},"question":{"raw":{"text":"지원자님께서는 자신의 노년의 모습이 어떤 모습이었으면 좋으시겠습니까 본인이 생각하는 이상적인 노년의 모습을 말씀해 주시기 바랍니다","wordCount":15},"emotion":[],"intent":[]},"answer":{"raw":{"text":"제가 원하는 저희 노년의 모습은 좀 더 평화롭고 또 사랑하는 가족들과 사랑하는 친구들과 함께 할 수 있는 노년이었으면 좋겠습니다. 어 먼저는 물질적으로 또 크게 어려운 점은 없었으면 좋겠습니다. 너무 큰 부나 뭐 대단한 성공을 바라지는 않구요. 다만 저의 기본적인 생활을 이끌어 갈 수 있는 정도의 부을 가지고 또 저의 노년에 제 친구들과 제 주변을 챙길 수 있는 그런 사람이 되었으면 좋겠습니다. 저 혼자 쓸쓸이 늙어가고 싶지는 않고 또 중요한 걸 말을 생각해보자면 적당한 돈과 가족과 친구라고 생각합니다.","wordCount":77},"emotion":[],"intent":[{"text":"","expression":"","category":"attitude"}],"summary":{"text":"제가 원하는 노년의 모습은 평화롭고 가족과 친구들과 함께 할 수 있는 노년이었으면 좋겠습니다. 물질적인 어려움 없이 기본적인 생활을 이끌어 갈 수 있는 정도의 부를 가지고 제 주변을 챙길 수 있는 사람이 되길 바랍니다.","wordCount":33}}},"rawDataInfo":{"question":{"fileFormat":"wav","fileSize":516558,"duration":16140,"samplingBit":16,"channelCount":1,"samplingRate":"16kHz","audioPath":"/Mock/05.ICT/Female/Experienced/ckmk_q_ict_f_e_177682.wav"},"answer":{"fileFormat":"wav","fileSize":1488078,"duration":46500,"samplingBit":16,"channelCount":1,"samplingRate":"16kHz","audioPath":"/Mock/05.ICT/Female/Experienced/ckmk_a_ict_f_e_177682.wav"}}}