{"version":"1.0","dataSet":{"info":{"date":"20230116","occupation":"ICT","channel":"MOCK","place":"ONLINE","gender":"FEMALE","ageRange":"-34","experience":"EXPERIENCED"},"question":{"raw":{"text":"일을 하면서 가장 어려울 것으로 예상되는 것은 무엇인가요 그리고 그거에 대해서 어떻게 대처하실 생각이신지요 또 궁금한데 말씀해 주시겠어요","wordCount":18},"emotion":[],"intent":[]},"answer":{"raw":{"text":"일을 하면서 가장 이제 어려울 것으로 예상되는 것은 어 일단 업무를 처음 해보는 신입이기 때문에 네 어 일단 일에 적응하는 게 가장 어려울 것 같습니다. 그래서 초반 한 달 두 달 정도는 그 적응하는 데 그 되게 힘들지 않을까 라고 생각을 합니다. 어떻게 대처할 건지는 이제 어려운 점은 사수분들께 빨리빨리 여쭤보면서 어떤 식으로 이 난관을 헤쳐 나갈지 많이 고민을 하고 또 여쭤보면서 조언을 얻을 것 같습니다. 어 확실히 비슷하게 경험을 해 본 분들께 여쭤보는 게 가장 빠른 정답을 찾는 길인 것 같습니다.","wordCount":82},"emotion":[],"intent":[{"text":"","expression":"","category":"attitude"}],"summary":{"text":"업무를 처음해보는 신입의 경우 일에 적응하는 게 가장 힘들 것 같습니다. 어떻게 대처할지 어려운 점은 사수 분들께 빨리 빨리 여쭤보면서 조언을 얻을 것 같으며, 비슷한 경험을 해 본 분들께 여쭤보는 게 빠른 정답을 찾는 길입니다.","wordCount":35}}},"rawDataInfo":{"question":{"fileFormat":"wav","fileSize":366798,"duration":11460,"samplingBit":16,"channelCount":1,"samplingRate":"16kHz","audioPath":"/Mock/05.ICT/Female/Experienced/ckmk_q_ict_f_e_204850.wav"},"answer":{"fileFormat":"wav","fileSize":1497678,"duration":46800,"samplingBit":16,"channelCount":1,"samplingRate":"16kHz","audioPath":"/Mock/05.ICT/Female/Experienced/ckmk_a_ict_f_e_204850.wav"}}}