{"version":"1.0","dataSet":{"info":{"date":"20230116","occupation":"ICT","channel":"MOCK","place":"ONLINE","gender":"FEMALE","ageRange":"-34","experience":"EXPERIENCED"},"question":{"raw":{"text":"어 어떤 문제에 지원자님께서 부딪치셨을 때 혼자 해결하는 편이신가요 아니면 여러 사람들에게 이야기를 하는 편이신지 궁금합니다","wordCount":16},"emotion":[],"intent":[]},"answer":{"raw":{"text":"어 저는 처음에는 혼자 해결을 해 보려고 하다가 이제 따른 분들께 이야기를 하고 도움을 구하는 편입니다. 왜냐하면 이제 처음에 제 머리로 생각을 하는 거는 이제 하루가 최대인 것 같더라고요. 그 이후에는 아무리 고민을 해봐도 똑같은 머리에서 생각을 하는 거니까 이제 똑같이 계속 난관에 봉착을 하게 되더라고요. 그래서 이제 여러분들께 또 저와 같은 난항을 겪었을 확률이 높은 사수분들 선배분들 또 동료분들에게 이야기를 하고 또 해결책을 얻고자 하는 편입니다.","wordCount":67},"emotion":[],"intent":[{"text":"","expression":"","category":"attitude"}],"summary":{"text":"처음에는 혼자 해결을 해 보려고 하다가 따르는 분들께 이야기를 하고 도움을 구하는 편인데, 머리로는 같은 생각을 해서 난관에 봉착을 하게 되었기 때문입니다.","wordCount":22}}},"rawDataInfo":{"question":{"fileFormat":"wav","fileSize":464718,"duration":14520,"samplingBit":16,"channelCount":1,"samplingRate":"16kHz","audioPath":"/Mock/05.ICT/Female/Experienced/ckmk_q_ict_f_e_204847.wav"},"answer":{"fileFormat":"wav","fileSize":1368398,"duration":42760,"samplingBit":16,"channelCount":1,"samplingRate":"16kHz","audioPath":"/Mock/05.ICT/Female/Experienced/ckmk_a_ict_f_e_204847.wav"}}}