{"version":"1.0","dataSet":{"info":{"date":"20230116","occupation":"ICT","channel":"MOCK","place":"ONLINE","gender":"FEMALE","ageRange":"55-","experience":"EXPERIENCED"},"question":{"raw":{"text":"본인이 입사 후에 원하던 일을 못 하게 되었다고 가정 했을 때 어떻게 하실 건가요 그렇게 하시는 이유도 함께 말씀해 주세요","wordCount":20},"emotion":[],"intent":[]},"answer":{"raw":{"text":"음 저는 삼십 오 년 동안 교육을 했습니다. 아이티 교육을 했기 때문에 음 거기에 대한 노하우는 굉장히 많이 쌓여져 있고 또한 저는 잘한다고 생각하고 있습니다. 하지만 입사를 한 후에 어 기존의 일을 못하게 만약에 되었다면 저의 기본적인 장점 중의 하나가 어떤 거냐면 새로운 일을 재미있게 또 즐겁게 또 내지는 개척해 가는 생각을 어 갖고 있는 것이 저희 또 하나의 장점입니다. 그래서 제 능력이 어 다 제 능력이 되고 달란트에 적당하다고 생각한다고 그러면 어 뭐 못할 일은 없죠 그쵸. 하지만 저의 삼십 오 년 그 교육 경력을 어 만약에 못 하게 하신다고 그러면 그거는 회사에 어 불이익이 아닐까요. 예 회사에서 저를 놓치 놓치는 게 아닐까 하는 생각이 들어서 먼저 안타까운 생각을 하고 있고 그 부분을 잘 어필을 해서 제가 하던 일을 기존에 하던 일을 과 연관된 일을 할 수 있도록 그렇게 노력해 보도록 하겠습니다.","wordCount":133},"emotion":[],"intent":[{"text":"","expression":"","category":"attitude"}],"summary":{"text":"저는 아이티 교육을 십 년 했습니다. 만약 입사 후에 기존 일을 못하게 된다면 저는 새로운 일을 즐겁게 또 내지는 개척해 가는 생각을 갖고 있는 것이 또 하나의 장점입니다. 이것을 잘 어필을 해서 기존에 하던 일을 할 수 있도록 그렇게 노력해 보도록 하겠습니다.","wordCount":42}}},"rawDataInfo":{"question":{"fileFormat":"wav","fileSize":376718,"duration":11770,"samplingBit":16,"channelCount":1,"samplingRate":"16kHz","audioPath":"/Mock/05.ICT/Female/Experienced/ckmk_q_ict_f_e_290881.wav"},"answer":{"fileFormat":"wav","fileSize":2499278,"duration":78100,"samplingBit":16,"channelCount":1,"samplingRate":"16kHz","audioPath":"/Mock/05.ICT/Female/Experienced/ckmk_a_ict_f_e_290881.wav"}}}