{"version":"1.0","dataSet":{"info":{"date":"20230116","occupation":"ICT","channel":"MOCK","place":"ONLINE","gender":"FEMALE","ageRange":"55-","experience":"EXPERIENCED"},"question":{"raw":{"text":"입사 후에 쉬운 일과 어려운 일이 함께 있다면 그 일에 대한 분배는 어떻게 하실 건가요 일을 어떻게 나눠서 처리할 생각인지 궁금합니다","wordCount":21},"emotion":[],"intent":[]},"answer":{"raw":{"text":"쉬운 일과 어려운 일이 있을 때는 저는 어려운 일을 먼저 하죠. 어려운 일을 먼저 해내야 나중에 쉬운 일은 빨리빨리 진행을 하실 수가 있다고 생각합니다. 어 나눠야 되는 그 퍼센트로 보게 되면 어 칠 대 삼 정도 되지 않을까요. 예 하지만 어려운 일만 해 갖고는 성과가 나질 않죠. 그래서 쉬운 일도 중간중간에 해서 결과를 보면서 내가 해 냈다 라고 해주는 또 어떤 성취감도 있구요. 또 보고 할 때 또 하나의 결과를 볼 수 있도록 해주는 부분들도 있으니까 어 저는 어려운 일과 쉬운 일에 아 배분 정도는 어려운 일을 칠 그다음에 쉬운 일을 삼 정도로 일단 나눠서 처리를 할 생각입니다. 그렇게 해야 어 어려운 일에서는 어 굉장히 다양한 경험을 할 수가 있기 때문에 그 경험은 어디 가서도 할 수 없거든요. 그리고 나중에도 굉장히 많이 큰 도움이 되는 거를 알고 있기 때문에 어려운 일부터 저는 먼저 할 생각으로 진행을 합니다.","wordCount":137},"emotion":[],"intent":[{"text":"","expression":"","category":"attitude"}],"summary":{"text":"어려운 일을 먼저 해야 나중에 쉬운 일은 빨리 진행할 수 있고, 어려운 일을 중간중간에 해서 결과를 보면서 성취감을 느끼기도 합니다. 어려운 일과 쉬운 일을 배분 정도는 어려운 일을 칠, 쉬운 일을 삼 정도로 나눠서 처리하기로 했습니다. 어려운 일에서는 다양한 경험을 할 수가 있고, 후에 큰 도움이 되는 것을 알기 때문입니다.","wordCount":50}}},"rawDataInfo":{"question":{"fileFormat":"wav","fileSize":361038,"duration":11280,"samplingBit":16,"channelCount":1,"samplingRate":"16kHz","audioPath":"/Mock/05.ICT/Female/Experienced/ckmk_q_ict_f_e_275384.wav"},"answer":{"fileFormat":"wav","fileSize":2375118,"duration":74220,"samplingBit":16,"channelCount":1,"samplingRate":"16kHz","audioPath":"/Mock/05.ICT/Female/Experienced/ckmk_a_ict_f_e_275384.wav"}}}