{"version":"1.0","dataSet":{"info":{"date":"20230116","occupation":"ICT","channel":"MOCK","place":"ONLINE","gender":"FEMALE","ageRange":"55-","experience":"EXPERIENCED"},"question":{"raw":{"text":"지금까지 살아오시면서 가장 힘들었던 경험은 무엇인가요 또한 그 힘들었던 부분을 어떻게 극복하셨는지도 말씀해 주시기 바랍니다","wordCount":15},"emotion":[],"intent":[]},"answer":{"raw":{"text":"맞벌이 부부로서 굉장히 힘든 경험으로써는 어 자녀들을 맽기고 어 출근을 해야 되는 또 일을 해야 되는 그런 어 육아에 되게 힘들었습니다. 어 저희 때만 해도 어린이집이나 또 내지는 어 뭐 육아 시설이 그렇게 많지 않았기 때문에 어 지인들한테 어 많은 신세를 줬었죠. 또 저희 남편하고도 굉장히 많은 그 스케줄 조절을 해 가면서 음 아이들을 돌보고 또 아이들을 어 훌륭하게 키우려고 노력했습니다. 그때는 극복하지 못했다 라고 생각하고 항상 힘들어 했지만 어 요즘 장성한 아이들한테 얘기를 들으면서 엄마 그때 감사했어요. 엄마가 그때 힘드셨을 텐데 어떻게 지내셨어요 라고 얘기를 하면 그런 과정을 거치고 나면 지금 아 그게 극복한 건가. 그게 힘든 게 아니었었나. 이런 생각을 할 때도 꽤 있습니다. 그래서 극복을 한 건지는 잘 모르겠지만 어 자녀들에 어 그 잘 자라준 모습을 볼 때 저는 어 육아의 힘든 부분들이 되게 힘들었지만 그 부분을 이렇게 가족들과 같이 시간 조율을 해 가면서 남편과 더불어 또 지인에게 많은 도움을 받으면서 극복하고 하 하였습니다.","wordCount":147},"emotion":[{"text":"맞벌이 부부로서 굉장히 힘든 경험으로써는 어 자녀들을 맽기고 어 출근을 해야 되는 또 일을 해야 되는 그런 어 육아에 되게 힘들었습니다.","expression":"n-distress","category":"negative"}],"intent":[{"text":"","expression":"","category":"attitude"}],"summary":{"text":"맞벌이 부부로서 육아가 힘들었습니다. 지인에게 많은 신세를 지고 남편하고도 많은 스케줄 조절을 해 가면서 아이들을 키우려고 노력했습니다. 그때에는 극복하지 못했다 라고 생각했지만 지금은 감사함을 느낍니다. 육아의 힘든 부분들을 가족과 함께 시간을 조율하며 극복했습니다.","wordCount":33}}},"rawDataInfo":{"question":{"fileFormat":"wav","fileSize":611278,"duration":19100,"samplingBit":16,"channelCount":1,"samplingRate":"16kHz","audioPath":"/Mock/05.ICT/Female/Experienced/ckmk_q_ict_f_e_300036.wav"},"answer":{"fileFormat":"wav","fileSize":3192078,"duration":99750,"samplingBit":16,"channelCount":1,"samplingRate":"16kHz","audioPath":"/Mock/05.ICT/Female/Experienced/ckmk_a_ict_f_e_300036.wav"}}}