{"version":"1.0","dataSet":{"info":{"date":"20230116","occupation":"ICT","channel":"MOCK","place":"ONLINE","gender":"FEMALE","ageRange":"45-54","experience":"EXPERIENCED"},"question":{"raw":{"text":"본인의 전공 외에 수준급의 실력이 될 정도로 노력했던 것이 있으신가요 있다면 지원자님의 전공과 관련해서 어떻게 도움이 되었는지 궁금합니다","wordCount":18},"emotion":[],"intent":[]},"answer":{"raw":{"text":"수준 수준급의 실력이요. 아니요 저는 딱히 뭐가 없는데요. 뭐 네 딱히 어떤 식 제 능력이라고 할 만한 게 없습니다. 뭐 자전거 타는 정도 그런데 자전거를 뭐 제가 무슨 뭐 사이클 선수 나가는 정도의 실력은 또 아니고. 뭐가 있을까요. 그 이렇게 말을 해버리면 갑자기 또 굉장히 제가 어 되게 되게 뭔가 쓸모없는 사람처럼 돼버리는 거 같애서 뭐라도 찾고 싶다는 생각이 마구마구 드는데 지금 제가 뭐가 있을까요. 한국어를 잘한다 한국어는 수준급입니다. 음 음 뭐가 있을까요. 진짜 없네요. 요리 요리도 잘 못하는데 라면 끓이기 이런 거. 어 정말 없네요 네 생각나는 게 없습니다 전공 제 주 업 업무 말고는.","wordCount":96},"emotion":[],"intent":[{"text":"","expression":"","category":"attitude"}],"summary":{"text":"저는 딱히 제 능력이라고 할 만한 게 없습니다. 자전거 타는 정도입니다. 제가 쓸모없는 사람처럼 되버려 뭔가 마구마구 찾으려는 생각이 드는데 무슨일이 있는지 모르겠습니다. 한국어는 잘합니다.","wordCount":25}}},"rawDataInfo":{"question":{"fileFormat":"wav","fileSize":445518,"duration":13920,"samplingBit":16,"channelCount":1,"samplingRate":"16kHz","audioPath":"/Mock/05.ICT/Female/Experienced/ckmk_q_ict_f_e_178551.wav"},"answer":{"fileFormat":"wav","fileSize":2869838,"duration":89680,"samplingBit":16,"channelCount":1,"samplingRate":"16kHz","audioPath":"/Mock/05.ICT/Female/Experienced/ckmk_a_ict_f_e_178551.wav"}}}