{"version":"1.0","dataSet":{"info":{"date":"20230116","occupation":"ICT","channel":"MOCK","place":"ONLINE","gender":"FEMALE","ageRange":"-34","experience":"EXPERIENCED"},"question":{"raw":{"text":"본인이 입사한 다음 기존에 원하던 일을 못 하게 되었을 경우에 어떻게 하실 건가요 그리고 그렇게 하실 이유도 같이 말씀해 주세요","wordCount":20},"emotion":[],"intent":[]},"answer":{"raw":{"text":"만약에 입사 뒤에 기존에 원하던 일을 못하게 된다면 저는 아마 다른 직무를 알아보게 될 것 같습니다. 저는 이 직무를 생각하고 지원을 한 것인데 아예 이 직무를 시도해 볼 기회도 갖지 못하게 된다면 어 회사 입장에서도 직무에 맞지 않는 인재는 원하시지 않을 것 같고 저 또한 제가 효율적으로 일하고 또 공부했던 분야를 일하고 싶기 때문에 저는 아마 그러면 다른 회사를 찾아보는 쪽으로 생각을 할 것 같습니다.","wordCount":65},"emotion":[],"intent":[{"text":"","expression":"","category":"attitude"}],"summary":{"text":"회사 입장에서도 직무에 맞지 않는 인재는 원하지 않을 것이고 저 또한 제가 효율적으로 일하고 또 공부했던 분야를 일하고 싶기 때문에 다른 회사를 찾아보는 쪽으로 생각을 할 것 같습니다.","wordCount":28}}},"rawDataInfo":{"question":{"fileFormat":"wav","fileSize":378958,"duration":11840,"samplingBit":16,"channelCount":1,"samplingRate":"16kHz","audioPath":"/Mock/05.ICT/Female/Experienced/ckmk_q_ict_f_e_197269.wav"},"answer":{"fileFormat":"wav","fileSize":1271118,"duration":39720,"samplingBit":16,"channelCount":1,"samplingRate":"16kHz","audioPath":"/Mock/05.ICT/Female/Experienced/ckmk_a_ict_f_e_197269.wav"}}}