{"version":"1.0","dataSet":{"info":{"date":"20230116","occupation":"ICT","channel":"MOCK","place":"ONLINE","gender":"FEMALE","ageRange":"55-","experience":"EXPERIENCED"},"question":{"raw":{"text":"다른 계열사도 많이 있는데요 왜 저희 계열사에 지원해 주셨는지 특별한 이유가 있으신가요 솔직한 지원 동기를 말씀해 주시기 바랍니다","wordCount":18},"emotion":[],"intent":[]},"answer":{"raw":{"text":"음 많은 계열사를 제치고 제가 이 계열사를 지원하게 된 이유는 복지 때문에 하게 됐습니다. 음 어 너무 많은 그 업무로 인해서 어 사람들이 지치고 또 업무에 집중을 못하고 뭐 이러는 것이 아니라 복지가 많이 되어져 있어서 어 어떤 일이 많은 일이 오더래도 어 그 복지가 지원을 해 주면서 제가 일할 수 있는 일을 할 수 있는 원동력을 만들어 줄 수 있을 거라고 생각합니다. 그래서 복지가 잘 되어져 있는 회사에 지원하려고 여기저기 알아보다 이 계열사를 지원하게 됐습니다. 음 퇴근 시간이나 아니면 어린이 어린이집 제공 또 어 뭐 야근 뭐 그 저녁 식단 제공 뭐 이런 것들이 저한테는 음 일을 잘 할 수 있고 또 회사에도 마찬가지지만 어 또 가정에도 충실할 수 있도록 해주는 복지가 잘 빵빵하게 지원해 줄 수 있을 거라 생각을 하고 있어서 저는 지원하게 됐습니다.","wordCount":126},"emotion":[],"intent":[{"text":"","expression":"","category":"attitude"}],"summary":{"text":"복지가 잘 되어져 있는 회사에 지원하기 위해 알아보다 이 계열사를 지원하게 됐습니다. 복지란 일과 가정이 양립할 수 있도록 해주는 것입니다. 업무가 많아도 복지가 지원을 해 주면서 일을 할 수 있는 원동력을 만들어 줄 수 있습니다.","wordCount":35}}},"rawDataInfo":{"question":{"fileFormat":"wav","fileSize":614478,"duration":19200,"samplingBit":16,"channelCount":1,"samplingRate":"16kHz","audioPath":"/Mock/05.ICT/Female/Experienced/ckmk_q_ict_f_e_300035.wav"},"answer":{"fileFormat":"wav","fileSize":2523598,"duration":78860,"samplingBit":16,"channelCount":1,"samplingRate":"16kHz","audioPath":"/Mock/05.ICT/Female/Experienced/ckmk_a_ict_f_e_300035.wav"}}}