{"version":"1.0","dataSet":{"info":{"date":"20230116","occupation":"ICT","channel":"MOCK","place":"ONLINE","gender":"FEMALE","ageRange":"55-","experience":"EXPERIENCED"},"question":{"raw":{"text":"현대인은 하루 평균 세 번의 거짓말을 하고 산다고 합니다 본인이 해본 가장 기억에 남는 거짓말은 무엇입니까","wordCount":16},"emotion":[],"intent":[]},"answer":{"raw":{"text":"가장 기억나는 거짓말이요. 음 제가 음 전문대학을 나왔습니다. 그런데 어 면접을 볼 때 아 대학 나오셨어요 라고 할 때 네 라고 한 적이 있습니다. 아 굉장히 찝찝했죠. 음 지금은 저희 대 저희 대학이 어 사 년제 대학으로 예 변형이 되어져 있긴 하지만 그때는 그렇지 않았습니다. 그런데 너무 힘들었어요. 나중에 말씀을 드리긴 했죠. 제가 어 전문대학인데 제가 잘못 얘기해서 어 대학이라고 말씀을 드렸습니다 그랬더니 큰 문제는 없다고 말씀을 했지만 어 저한테는 굉장히 힘들었습니다. 어 그 이후부터는 절대 제가 나온 대학에서 어 대학이라 대학교라고 얘길 하지 않고 예 저흰 전문대학 아니면 정확한 대학이라고 말하는 경우가 아주 그 습관적이 됐습니다. 그래서 아 아주 힘든 경험 중의 하나였고 앞으로는 더 안 할려고 하고 있습니다.","wordCount":110},"emotion":[{"text":"음 제가 음 전문대학을 나왔습니다.","expression":"u-fact","category":"neutral"}],"intent":[{"text":"","expression":"","category":"attitude"}],"summary":{"text":"전문대학을 나왔지만 면접을 볼 때 대학을 나왔습니다 라고 할 때 네 라고 한 적이 있습니다. 굉장히 찝찝하고 굉장히 힘들었습니다. 그 이후부터는 절대 대학이라 얘기하지 않고 정확한 대학이라고 말하는 것이 습관적이 됐습니다. 앞으로 더 안 할려고 합니다.","wordCount":36}}},"rawDataInfo":{"question":{"fileFormat":"wav","fileSize":318798,"duration":9960,"samplingBit":16,"channelCount":1,"samplingRate":"16kHz","audioPath":"/Mock/05.ICT/Female/Experienced/ckmk_q_ict_f_e_274958.wav"},"answer":{"fileFormat":"wav","fileSize":2481358,"duration":77540,"samplingBit":16,"channelCount":1,"samplingRate":"16kHz","audioPath":"/Mock/05.ICT/Female/Experienced/ckmk_a_ict_f_e_274958.wav"}}}