{"version":"1.0","dataSet":{"info":{"date":"20230116","occupation":"ICT","channel":"MOCK","place":"ONLINE","gender":"FEMALE","ageRange":"55-","experience":"EXPERIENCED"},"question":{"raw":{"text":"평소에 개인 작업을 많이 하시는 편인가요 그렇다면 본인이 그렇게 할 수 있었던 원동력은 무엇인지 설명해 주실 수 있을까요","wordCount":18},"emotion":[],"intent":[]},"answer":{"raw":{"text":"네 저는 개인 작업을 많이 하는 편입니다. 어 프리랜서로 강의를 하다 보니 다양한 정보들을 많이 알아야 또 많이 알아야 쉽게 어 설명할 수 있다는 거를 저는 알고 있습니다. 그래서 평소에 어 수업해야 된 내용보다 어 좀 더 많은 내용을 알려고 노력합니다. 그러다 보니 어 개인 작업을 많이 하게 되죠. 그런 개인 작업을 많이 하게 되는 그런 원동력은 사명감이라고 생각합니다. 항상 쉽고 또 잘 알아들을 수 있도록 어 설명하는 것이 저의 큰 목표입니다. 음 실버 세대나 아니면 중년들이 어 젊은 친구들한테 어 물어보지 않고 어 저한테 수업을 받고도 이 디지털 세 세대를 잘 어 진행할 수 있도록 해주는 그런 과정을 그런 레벨로 올려 주기 위해서 어 저는 어 사명감을 갖고 어 그들에게 디지털 지식을 많이 전달하려고 노력하고 있습니다. 그의 원동력은 사명감이라고 생각합니다.","wordCount":121},"emotion":[],"intent":[{"text":"","expression":"","category":"attitude"}],"summary":{"text":"저는 프리랜서로 강의를 하다 보니 수업보다 더 많은 내용을 알려고 노력합니다. 그러다보니 개인 작업을 많이 하게 되는데 그 원동력은 사명감입니다. 항상 쉽고 잘 알아들을 수 있도록 설명하는 것이 저의 큰 목표입니다. 사명감을 갖고 디지털 지식을 전달하려 노력하고 있습니다.","wordCount":38}}},"rawDataInfo":{"question":{"fileFormat":"wav","fileSize":596878,"duration":18650,"samplingBit":16,"channelCount":1,"samplingRate":"16kHz","audioPath":"/Mock/05.ICT/Female/Experienced/ckmk_q_ict_f_e_290873.wav"},"answer":{"fileFormat":"wav","fileSize":2847438,"duration":88980,"samplingBit":16,"channelCount":1,"samplingRate":"16kHz","audioPath":"/Mock/05.ICT/Female/Experienced/ckmk_a_ict_f_e_290873.wav"}}}