{"version":"1.0","dataSet":{"info":{"date":"20230116","occupation":"ICT","channel":"MOCK","place":"ONLINE","gender":"FEMALE","ageRange":"-34","experience":"EXPERIENCED"},"question":{"raw":{"text":"지원자님께서 지금까지 살아오시면서 이뤘던 성과 중에서 가장 큰 성과가 무엇인지 궁금하거든요 저희에게 자랑 해주셔도 좋습니다","wordCount":15},"emotion":[],"intent":[]},"answer":{"raw":{"text":"제가 지금까지 살면서 이룬 성과 중에 가장 큰 성과는 대학에 들어온 것입니다. 처음으로 살면서 정말 절박하게 공부하면서 대학 입시를 준비했었고요. 대학입시를 준비하면서 저희 밑바닥 아닌 밑바닥을 또 경험하며 저를 깎아가는 과정을 거쳤던 것 같습니다. 또 성실하게 임하고자 하는 것도 하는 태도도 많이 배웠고 또 저 자신에 대해서 많이 알게 된 경우인 것 같습니다. 그래서 저는 제가 재수를 해서 대학에 들어온 것 자체가 아 제가 이룬 성과 중에 가장 큰 성과가 아닌가 생각하고요. 또 이 회사에 입사하게 된다면 이 회사에 입사 한 것 자체가 가장 큰 성과가 되지 않을까 라고 생각을 합니다.","wordCount":91},"emotion":[],"intent":[{"text":"","expression":"","category":"attitude"}],"summary":{"text":"저는 재수를 해서 대학에 들어온 것 자체가 제가 이룬 성과 중 가장 큰 성과라고 생각합니다. 또 이 회사에 입사하게 된다면 입사 한 것 자체가 가장 큰 성과가 되지 않을까 생각합니다.","wordCount":30}}},"rawDataInfo":{"question":{"fileFormat":"wav","fileSize":528078,"duration":16500,"samplingBit":16,"channelCount":1,"samplingRate":"16kHz","audioPath":"/Mock/05.ICT/Female/Experienced/ckmk_q_ict_f_e_177675.wav"},"answer":{"fileFormat":"wav","fileSize":1561038,"duration":48780,"samplingBit":16,"channelCount":1,"samplingRate":"16kHz","audioPath":"/Mock/05.ICT/Female/Experienced/ckmk_a_ict_f_e_177675.wav"}}}