{"version":"1.0","dataSet":{"info":{"date":"20230116","occupation":"ICT","channel":"MOCK","place":"ONLINE","gender":"FEMALE","ageRange":"55-","experience":"EXPERIENCED"},"question":{"raw":{"text":"지원자님께서 생각하시기에 자신의 노년은 어떤 모습이었으면 하시나요 자신이 그리고 있는 이상적인 노년의 모습을 설명해 주세요","wordCount":15},"emotion":[],"intent":[]},"answer":{"raw":{"text":"저의 노년은 아주 평범한 사람이었으면 좋겠습니다. 저의 원래 이상적인 노년의 모습은 음 제가 제 경력으로 그 경력으로 인해서 습득한 지식을 어 다른 분들이나 아니면 후배들한테 가르치는 그런 어 노년의 모습을 굉장히 많이 생각을 했습니다. 하지만 요즘 와서 생각을 해보면 아주 보편적인 아주 평범한 사람으로 그냥 그 사회의 어떤 일원으로서 평범한 그 사람으로 노년으로 어 늙고 싶다 하는 생각을 많이 해 봅니다. 특별한 사람 유명한 사람 뭐 돈 많은 사람 이런 거 아니구요. 예 평범하게 작은 작은 외딴집 하나 가지고 있으면서 자식들한테 손 안 벌리고 내가 몸으로 움직여서 어 작은 농사를 짓고 또 움직일 수 있을 때 운전할 수 있고 그래서 혼자 움직이면서 병원도 갈 수 있고 그런 노년이 됐으면 하는 생각을 해 봅니다.","wordCount":113},"emotion":[],"intent":[{"text":"","expression":"","category":"attitude"}],"summary":{"text":"저는 보통의 평범한 사람이었으면 좋겠습니다. 저는 원래 평범한 노년의 모습을 많이 생각했었는데, 요즘은 아주 평범한 사람으로 늙고 싶다 하는 생각을 많이 해 봅니다. 평범한 외딴집 하나 가지고 있으면서 자식들에게 손 안 벌리고 몸으로 움직이며 병원도 가는 싶은 노년이 됐으면 합니다.","wordCount":40}}},"rawDataInfo":{"question":{"fileFormat":"wav","fileSize":614478,"duration":19200,"samplingBit":16,"channelCount":1,"samplingRate":"16kHz","audioPath":"/Mock/05.ICT/Female/Experienced/ckmk_q_ict_f_e_275638.wav"},"answer":{"fileFormat":"wav","fileSize":2425358,"duration":75790,"samplingBit":16,"channelCount":1,"samplingRate":"16kHz","audioPath":"/Mock/05.ICT/Female/Experienced/ckmk_a_ict_f_e_275638.wav"}}}