{"version":"1.0","dataSet":{"info":{"date":"20230116","occupation":"ICT","channel":"MOCK","place":"ONLINE","gender":"FEMALE","ageRange":"-34","experience":"EXPERIENCED"},"question":{"raw":{"text":"입사 후 근무를 하게 되면서 정작 지원한 분야가 지원자님과 잘 맞지 않는다는 사실을 깨닫게 된다면 지원자님께서는 어떻게 하실 생각이십니까","wordCount":19},"emotion":[],"intent":[]},"answer":{"raw":{"text":"근무를 하면서 지원한 분야가 저와 맞지 않다는 사실을 알게 되면 저는 퇴사를 고려할 것 같습니다. 제가 분명히 원하는 직무가 있었음에도 불구하고 저희 판단 미스 있었을 수도 있으니 어 몇 달 동안 도 또 그 업무에 적응해 보려 노력하겠지만 노력을 해도 나아지지 않는다면 저를 고용한 회사 측에서도 좀더 적절한 인력을 고용하시는 게 어 회사 입장에서도 좋을 것 같고 저 또한 맞지 않는 옷을 입으려 노력하기보다는 저에게 맞는 옷을 찾으려 다시 떠나보는 게 좋은 선택일 것 같다는 생각을 합니다.","wordCount":77},"emotion":[],"intent":[{"text":"","expression":"","category":"attitude"}],"summary":{"text":"저는 지원한 분야가 저와 맞지 않는다는 사실을 알게 되면 저는 퇴사를 고려할 것 같습니다. 판단 미스가 있었을 수도 있으니 적응해 보려 노력하겠지만 나아지지 않는다면 회사 측에서도 적절한 인력을 고용하시는 게 좋다고 생각합니다.","wordCount":32}}},"rawDataInfo":{"question":{"fileFormat":"wav","fileSize":590158,"duration":18440,"samplingBit":16,"channelCount":1,"samplingRate":"16kHz","audioPath":"/Mock/05.ICT/Female/Experienced/ckmk_q_ict_f_e_177679.wav"},"answer":{"fileFormat":"wav","fileSize":1325838,"duration":41430,"samplingBit":16,"channelCount":1,"samplingRate":"16kHz","audioPath":"/Mock/05.ICT/Female/Experienced/ckmk_a_ict_f_e_177679.wav"}}}