{"version":"1.0","dataSet":{"info":{"date":"20230116","occupation":"ICT","channel":"MOCK","place":"ONLINE","gender":"FEMALE","ageRange":"45-54","experience":"EXPERIENCED"},"question":{"raw":{"text":"본인이 다룰 수 있는 설계 프로그램이 있다면 말씀해 주시고 각각 어느 정도 다룰 수 있는지 자세히 말씀해 주세요","wordCount":18},"emotion":[],"intent":[]},"answer":{"raw":{"text":"저는 음 많이들 하시는 카티아 카티아랑 그다음에 엔엑스 네 그리고 솔리드웍스 조금 다를 줄 알고요. 프로이 또 요정도 할 줄 압니다. 음 그런데 주로 제가 메인으로 많이 쓰고 있는 거는 이제 카티아구요. 이거는 뭐 프랑스 거고 프랑스 프로그램이고 워낙 많이들 사용을 해서요. 쓰리디 캐드로 이제 뭐 우주 우주 산업 이쪽에서도 쓰인다고 알고 있고요. 뭐 네 전투기 만드는 회사에서 이제 만들었던 거니까 아무래도 여러 부분에서 좀 활용하기 수월한 것들이 많은 것 같아요. 그래서 이게 그리고 가장 접근성도 쉽고 편하고 많이들 이미 알고 있는 프로그램이기 때문에 저도 네 이거로 거의 메인으로 쓰고 있는 부분입니다.","wordCount":92},"emotion":[],"intent":[{"text":"저는 음 많이들 하시는 카티아   카티아랑 그다음에 엔엑스 네 그리고 솔리드웍스   조금 다를 줄 알고요.","expression":"i_prg","category":"technology"},{"text":"음 그런데 주로 제가 메인으로 많이 쓰고 있는 거는 이제 카티아구요.","expression":"i_prg","category":"technology"}],"summary":{"text":"프랑스 프로그램인 카티아와 엔엑스, 솔리드웍스를 메인으로 쓰고 있습니다. 주로 쓰는 것은 카티아이고, 우주 산업 쪽에서도 많이 씁니다. 전투기 만드는 회사에서 만들었고 접근성도 쉽고 편해서 거의 메인으로 씁니다.","wordCount":27}}},"rawDataInfo":{"question":{"fileFormat":"wav","fileSize":310478,"duration":9700,"samplingBit":16,"channelCount":1,"samplingRate":"16kHz","audioPath":"/Mock/05.ICT/Female/Experienced/ckmk_q_ict_f_e_178547.wav"},"answer":{"fileFormat":"wav","fileSize":2771598,"duration":86610,"samplingBit":16,"channelCount":1,"samplingRate":"16kHz","audioPath":"/Mock/05.ICT/Female/Experienced/ckmk_a_ict_f_e_178547.wav"}}}