{"version":"1.0","dataSet":{"info":{"date":"20230116","occupation":"ICT","channel":"MOCK","place":"ONLINE","gender":"FEMALE","ageRange":"-34","experience":"EXPERIENCED"},"question":{"raw":{"text":"역사 속에서 가장 존경하는 인물은 어느 사람인가요 또한 지원자님이 그 인물을 가장 존경하는 이유에 대해서도 말씀 부탁드립니다","wordCount":17},"emotion":[],"intent":[]},"answer":{"raw":{"text":"제가 역사 속에 가장 존경하는 인물은 음 이순신 장군이 될 것 같습니다. 그 이유는 이순신 같은 경우에는 굉장히 일본과 임진왜란 당시 굉장히 수세에 몰리고 굉장히 어려운 상황에 처했을 시기인데도 불구하고 그거에 굴복하지 않고 또 겁을 먹지 않고 자신의 학익진 전법이라는 것을 전략을 만들어서 그 전략으로 전쟁을 승리로 이끌었기 때문에 저는 굉장히 그 모습이 존경스럽다고 생각을 합니다. 진정한 리더의 모습을 보여준다고 생각을 하고 저도 본받아 그런 사람이 돼야겠다고 생각을 했습니다.","wordCount":69},"emotion":[{"text":"제가 역사 속에 가장 존경하는 인물은 음 이순신 장군이 될 것 같습니다.","expression":"p-affection","category":"positive"},{"text":"그 이유는 이순신 같은 경우에는 굉장히 일본과 임진왜란 당시 굉장히 수세에 몰리고 굉장히 어려운 상황에 처했을 시기인데도 불구하고 그거에 굴복하지 않고 또 겁을 먹지 않고 자신의 학익진 전법이라는 것을 전략을 만들어서 그 전략으로 전쟁을 승리로 이끌었기 때문에 저는 굉장히 그 모습이 존경스럽다고 생각을 합니다.","expression":"p-affection","category":"positive"}],"intent":[{"text":"","expression":"","category":"attitude"}],"summary":{"text":"이순신 장군은 수세에 몰린 상황에도 굴복하지 않고 학익진 전법으로 전쟁을 승리했습니다. 이는 진정한 리더의 모습을 보여 역사에 길이 남는 인물이 될 것입니다.","wordCount":22}}},"rawDataInfo":{"question":{"fileFormat":"wav","fileSize":647758,"duration":20240,"samplingBit":16,"channelCount":1,"samplingRate":"16kHz","audioPath":"/Mock/05.ICT/Female/Experienced/ckmk_q_ict_f_e_293163.wav"},"answer":{"fileFormat":"wav","fileSize":2528718,"duration":79020,"samplingBit":16,"channelCount":1,"samplingRate":"16kHz","audioPath":"/Mock/05.ICT/Female/Experienced/ckmk_a_ict_f_e_293163.wav"}}}