{"version":"1.0","dataSet":{"info":{"date":"20230116","occupation":"ICT","channel":"MOCK","place":"ONLINE","gender":"FEMALE","ageRange":"55-","experience":"EXPERIENCED"},"question":{"raw":{"text":"어 기차가 산사태로 삼십 분 동안 정차되는 상황이 발생했다고 가정해 보겠습니다 어 지원자님께서 이때 관리 책임의 위치에 있다는 가정 하에 어 어떻게 조치를 하실 건가요","wordCount":25},"emotion":[],"intent":[]},"answer":{"raw":{"text":"어 산사태이기 때문에 뭐 거의 분명이 뭐 거의 구십 프로의 확률로 재발이 있을 거라 예상이 돼서 어 네 움직일 수 있는 사람들을 최대한 많이 파악을 하고 바로 저는 이동을 할 것 같습니다. 기차는 버려야 되구요. 왜냐하면 그냥 짐일 뿐 기차를 움직일 수도 없는 거고 그리고 오히려 기차 내부에 계속 가만히 기다리는 게 저는 더 위험할 수 있다고 지금 판단이 돼요. 그래서 네 빠르게 이동할 수 있는 사람들을 먼저 좀 파악을 한 다음에 이동을 해야 하지 않을까 그런데 또 제가 너무 업무적인 거로만 생각을 한 것 같네요. 이게 그냥 일반 시민들이면 또 또 조금 다르죠. 네 그러면 그냥 다 데리고 나와야죠 전체 거기 계신 분들. 그리고 나오는 건 분명히 나올 거 같애요. 왜냐하면 내부는 너무 위험해요. 그래서 밖에도 위험하긴 하지만 가능한 한 빠르게 그 현장을 벗어나는 거를 최우선으로 할 것 같습니다.","wordCount":130},"emotion":[],"intent":[{"text":"","expression":"","category":"attitude"}],"summary":{"text":"산사태이기 때문에 재발이 있을 거라 예상이 돼 움직일 수 있는 사람들을 최대한 파악 후 이동을 할 것 같습니다. 기차는 버려야 되는데 내부가 너무 위험해요. 그래서 가능한 한 빠르게 현장을 벗어나는 것을 최우선으로 할 것입니다.","wordCount":34}}},"rawDataInfo":{"question":{"fileFormat":"wav","fileSize":492878,"duration":15400,"samplingBit":16,"channelCount":1,"samplingRate":"16kHz","audioPath":"/Mock/05.ICT/Female/Experienced/ckmk_q_ict_f_e_179502.wav"},"answer":{"fileFormat":"wav","fileSize":2897038,"duration":90530,"samplingBit":16,"channelCount":1,"samplingRate":"16kHz","audioPath":"/Mock/05.ICT/Female/Experienced/ckmk_a_ict_f_e_179502.wav"}}}