{"version":"1.0","dataSet":{"info":{"date":"20230116","occupation":"ICT","channel":"MOCK","place":"ONLINE","gender":"FEMALE","ageRange":"-34","experience":"EXPERIENCED"},"question":{"raw":{"text":"협업을 할 일이 많이 생길 수 있는데 이전 직장에서 대학에서 협업을 할 때 어려운 점은 없으셨나요 어려운 점이 있으셨다면 말씀해 주십시오","wordCount":21},"emotion":[],"intent":[]},"answer":{"raw":{"text":"저는 협업을 개인적으로 좋아하는 편인데요. 어쨌든 저 혼자 작업하는 것 보다는 누군가의 의견과 같이 작업을 했을 때 늘 결과물이 좋았던 경험이 많아서 저는 협업을 좋아하는 편입니다. 아 협업을 할 때 어려운 점은 물론 있기는 했습니다. 저는 아무래도 어 회의를 할 때 말이 굉장히 많은 편인데 또 상대 측에서 말이 너무 없으면 좀 불안하기도 하고 의아하기도 하더라구요. 왜냐하면 의견을 어떻게 생각하시는지 저는 상대방 분이 말을 하셨을 때 알 수 있는데 워낙 말이 없으신 분들은 어떤 생각을 하시는지 제가 알 수 없어서 그 점이 어 협업을 할 시에 어려웠던 점인 것 같습니다. 이 부분은 좀 더 개인적으로 친밀함을 좀 신 친밀함을 키울 수 있는 사소한 커뮤니케이션을 통해서 많이 보완을 했고 또 실제로 아 땡땡님은 생각이 어떠세요 라고 구체적으로 질문을 했을 때 그분의 의견을 들을 수 있어서 이런 식으로 보완을 진행했었습니다.","wordCount":128},"emotion":[],"intent":[{"text":"어쨌든 저 혼자 작업하는 것 보다는    누군가의 의견과 같이 작업을 했을 때 늘 결과물이 좋았던 경험이 많아서   저는 협업을 좋아하는 편입니다.","expression":"c_cop","category":"personality"}],"summary":{"text":"협업은 혼자 작업하는 것 보다는 누군가의 의견과 같이 작업을 했을 때 늘 결과물이 좋았던 경험이 많아서 개인적으로 좋아하는 편입니다. 협업할 때 어려운 점은 물론 있었지만 개인적인 친밀함을 키울 수 있는 사소한 커뮤니케이션을 통해서 많이 보완을 했습니다.","wordCount":36}}},"rawDataInfo":{"question":{"fileFormat":"wav","fileSize":528078,"duration":16500,"samplingBit":16,"channelCount":1,"samplingRate":"16kHz","audioPath":"/Mock/05.ICT/Female/Experienced/ckmk_q_ict_f_e_161368.wav"},"answer":{"fileFormat":"wav","fileSize":2284558,"duration":71390,"samplingBit":16,"channelCount":1,"samplingRate":"16kHz","audioPath":"/Mock/05.ICT/Female/Experienced/ckmk_a_ict_f_e_161368.wav"}}}