{"version":"1.0","dataSet":{"info":{"date":"20230116","occupation":"ICT","channel":"MOCK","place":"ONLINE","gender":"FEMALE","ageRange":"-34","experience":"EXPERIENCED"},"question":{"raw":{"text":"지원자님은 창의성과 팀워크 중 더 중요한 것은 무엇이라고 생각하십니까 지원자님이 근거와 함께 들어도 좋고 말씀 부탁드립니다","wordCount":16},"emotion":[],"intent":[]},"answer":{"raw":{"text":"저는 당연히 팀워크라고 생각을 합니다. 팀워크를 하면은 아무래도 어 쓰레기통으로 갈 프로젝트 결과도 어느 정도는 따른 분들께 보일 수 있을 만큼 결과가 나온 적이 많았고 그게 아무리 어려운 주제이든 다루기 힘든 주제이든 여러 사람들이 혁동 협동심을 통하여 머리를 함께 굴렀을 때 그 케이 그 팀원 개개인이 각각 얻을 수 있는 이득도 참 많았고 프로젝트 결과 또한 긍정적으로 나오는 경우가 굉장히 많았습니다. 그래서 저는 창의성보다는 단연코 팀워크가 더 중요하다고 생각을 했고 이 창의성의 경우에도 함께 도와주는 사람이 없다면은 어 이 결과나 완성도가 현저히 떨어질 거라고 생각하는 편입니다.","wordCount":86},"emotion":[],"intent":[{"text":"그래서 저는 창의성보다는   단연코 팀워크가 더 중요하다고 생각을 했고 이 창의성의 경우에도 함께   도와주는 사람이 없다면은 어 이 결과나 완성도가 현저히 떨어질 거라고 생각하는    편입니다.","expression":"c_cop","category":"personality"}],"summary":{"text":"팀워크는 프로젝트 결과도 좋게 나오는 경우가 많고 여러 사람들이 혁동 협동심을 통하여 머리를 굴렸을 때 얻는 이득도 많았습니다. 그래서 창의성보다 팀워크가 더 중요하다고 생각합니다.","wordCount":24}}},"rawDataInfo":{"question":{"fileFormat":"wav","fileSize":451918,"duration":14120,"samplingBit":16,"channelCount":1,"samplingRate":"16kHz","audioPath":"/Mock/05.ICT/Female/Experienced/ckmk_q_ict_f_e_177951.wav"},"answer":{"fileFormat":"wav","fileSize":1633358,"duration":51040,"samplingBit":16,"channelCount":1,"samplingRate":"16kHz","audioPath":"/Mock/05.ICT/Female/Experienced/ckmk_a_ict_f_e_177951.wav"}}}