{"version":"1.0","dataSet":{"info":{"date":"20230116","occupation":"ICT","channel":"MOCK","place":"ONLINE","gender":"FEMALE","ageRange":"45-54","experience":"EXPERIENCED"},"question":{"raw":{"text":"이제까지 속해 있었던 조직이나 단체에서 본인은 주로 어떤 역할을 하는 사람이었는지 설명해 주시겠어요","wordCount":13},"emotion":[],"intent":[]},"answer":{"raw":{"text":"일단은 직원분들과 팀원분들과 굉장히 잘 어울리려고 노력했던 사람인 것 같습니다. 어 회사에서 일만 배우는 게 아니라 인간관계도 배운다 라는 생각으로 어 사람들과 좀 잘 어울릴려고 노력을 했구요. 어 회식들에도 좀 참석을 할려고 하고 쫌 활동적이고 사회관계를 좀 중요하게 생각하는 사람이 아닌가 싶습니다. 어 그리고 또 역할을 보면 어 저는 좀 윗분들에게 좀 쓴소리도 하고 또 아닌 것은 아닌 거 아니다 라고 이야기할 수 있는 사람이었습니다. 어 그러다 보니 어떤 팀의 프로젝트를 맡거나 뭐 워크샵이나 이런 것들을 할 때 쪼금 리더로서의 역할을 좀 수행했던 것 같습니다. 어 저는 그게 재미있더라구요. 남들이 조금 싫어하는 것 좀 그런 것들을 제가 앞서서 할 수 있다는 것에 쪼금 자부심도 느끼고 다른 분들이 저에게 부탁하는 것도 어 즐거운 마음으로 수행을 했습니다. 그래서 저는 쫌 어 팀 어 팀에서 리더의 역할 또 쓴소리를 할 수 있는 사람 어 그런 역할을 했던 것 같습니다.","wordCount":136},"emotion":[{"text":"어 저는 그게 재미있더라구요.","expression":"p-interest","category":"positive"}],"intent":[{"text":"","expression":"","category":"attitude"}],"summary":{"text":"회사 사람들과 잘 어울릴려고 했고, 활동적이고 사회관계를 중요하게 여겼습니다. 윗분들에게 쓴소리도 하고 아닌 것은 아니라고 말할 수 있는 사람이었습니다. 그래서 어떤 팀의 프로젝트나 워크샵을 할 때 리더의 역할을 수행했습니다. 남들이 싫어하는 것들을 할 수 있다는 것에 자부심을 느끼고 다른 분들이 부탁하는 것도 즐거웠습니다.","wordCount":43}}},"rawDataInfo":{"question":{"fileFormat":"wav","fileSize":271438,"duration":8480,"samplingBit":16,"channelCount":1,"samplingRate":"16kHz","audioPath":"/Mock/05.ICT/Female/Experienced/ckmk_q_ict_f_e_301156.wav"},"answer":{"fileFormat":"wav","fileSize":2219598,"duration":69360,"samplingBit":16,"channelCount":1,"samplingRate":"16kHz","audioPath":"/Mock/05.ICT/Female/Experienced/ckmk_a_ict_f_e_301156.wav"}}}