{"version":"1.0","dataSet":{"info":{"date":"20230116","occupation":"ICT","channel":"MOCK","place":"ONLINE","gender":"FEMALE","ageRange":"-34","experience":"EXPERIENCED"},"question":{"raw":{"text":"학교에서 배운 본인의 전공 과목 중에서 가장 기억에 남는 과목 한 가지만 골라서 설명해 주시겠어요","wordCount":15},"emotion":[],"intent":[]},"answer":{"raw":{"text":"대학에서 배운 저희 전공 과목 중에 가장 기억에 남는 것은 컴퓨터 프로그래밍의 이해라는 과목입니다. 그 과목에서 저는 씨언어와 자료 구조 알고리즘 기법에 관하여 배웠는데요. 이 세 개가 제가 프로그래밍을 할 때 가장 근본이 되었고 기초가 되어 준 요소이기들도 하고 특히 알고리즘 기법 같은 기법 같은 경우에는 실생활에서 직접 적용도 해보며 어 활용도가 굉장히 높았던 요소 중의 하나입니다. 또 씨 언어를 처음 컴퓨터 언어로 배웠기 때문에 따른 언어를 배울 때 훨씬 이해도가 높아지는 경험을 했습니다.","wordCount":74},"emotion":[],"intent":[{"text":"그 과목에서 저는 씨언어와 자료 구조 알고리즘 기법에 관하여 배웠는데요.","expression":"i_prg","category":"technology"},{"text":"또 씨 언어를 처음 컴퓨터 언어로 배웠기 때문에 따른 언어를 배울 때 훨씬 이해도가 높아지는 경험을 했습니다.","expression":"i_prg","category":"technology"}],"summary":{"text":"컴퓨터 프로그래밍의 이해 과목은 제가 프로그래밍을 할 때 가장 근본이 되고 기초가 되어 준 요소이기도 하고 실생활에서 직접 적용도 해보며 활용도가 굉장히 높았던 요소 중의 하나입니다.","wordCount":26}}},"rawDataInfo":{"question":{"fileFormat":"wav","fileSize":268878,"duration":8400,"samplingBit":16,"channelCount":1,"samplingRate":"16kHz","audioPath":"/Mock/05.ICT/Female/Experienced/ckmk_q_ict_f_e_184513.wav"},"answer":{"fileFormat":"wav","fileSize":1424718,"duration":44520,"samplingBit":16,"channelCount":1,"samplingRate":"16kHz","audioPath":"/Mock/05.ICT/Female/Experienced/ckmk_a_ict_f_e_184513.wav"}}}