{"version":"1.0","dataSet":{"info":{"date":"20230116","occupation":"ICT","channel":"MOCK","place":"ONLINE","gender":"FEMALE","ageRange":"45-54","experience":"EXPERIENCED"},"question":{"raw":{"text":"커뮤니케이션을 잘 할 수 있는 본인만의 스킬이 있다면 그 스킬에 대해서 이 자리에서 한번 보여주시면 좋겠습니다","wordCount":16},"emotion":[],"intent":[]},"answer":{"raw":{"text":"글쎄요 커뮤니케이션을 잘 할 수 있는 스킬에 뭐 대부분 알고 있는 것 같은데요. 저만의 스킬이라고 할 수 있을지 조금 고민이 되긴 합니다. 어 일단은 커뮤니케이션을 할려면 상대방의 아이 컨텍을 좀 잘 해야 한다고 생각을 합니다. 그 사람 내가 얘기하는 건 너의 의견을 듣고 싶어 너의 반응을 나에게 보여줘 이런 피드백을 계속 해 줘야지만 그분들도 저의 이야기에 집중을 하고 반응을 하는 것이라고 생각을 합니다. 어 커뮤니케이션을 한다는 것은 저의 의사결정 의사를 전달하는 부분도 있지만 상대방의 의견을 듣는 것도 굉장히 중요하기 때문에 어 그분들에게 이런 이런 어떤 신호를 보냄으로써 어 마음을 열고 나의 자에게 의견을 좀 달라 이런 신호를 보내는 것이 굉장히 중요한 것이라고 생각을 하구요. 어 두 번째는 저희가 보통 이야기를 할 때 첫 마디는 조금 강하게 이야기를 하지만 뒤로 갈수록 소리가 줄어들고 끝이 좀 흐리 멍텅해지는 경향이 있습니다. 어 저는 그 부분을 조금 더 신경 써서 끝 부분을 강조함으로써 전체 맥락이나 문장이 좀 힘 있게 전달될 수 있도록 그런 부분들을 노력을 합니다. 그리고 세 번째로는 어 상대방에 좀 관심을 좀 끌고 마음을 열 수 있도록 사소한 관심거리라던가 어 어떤 사회적 이슈들을 간단한 소재로 먼저 이야기를 함으로써 그분들이 좀 긴장을 풀 수 있게 하는 그런 작은 팁들도 에 정말의 그 커뮤니케이션 스킬이라고 할 수 있겠습니다.","wordCount":194},"emotion":[],"intent":[{"text":"","expression":"","category":"attitude"}],"summary":{"text":"커뮤니케이션을 하려면 상대방의 아이 컨텍을 좀 잘 해야 한다고 생각합니다. 상대방의 의견을 듣는 것도 중요하기 때문에 어 마음을 열고 저의 자에게 의견을 달라 하는 신호를 보내는 것이 중요합니다. 그리고 마지막 부분을 강조함으로써 전체 맥락이나 문장이 좀 힘 있게 전달될 수 있도록 노력을 합니다. 그리고 사소한 관심거리들이나 사회적 이슈들을 간단한 소재로 먼저 이야기를 함으로써 그분들이 좀 긴장을 풀 수 있게 하는 작은 팁들도 커뮤니케이션 스킬이라고 할 수 있겠습니다.","wordCount":67}}},"rawDataInfo":{"question":{"fileFormat":"wav","fileSize":301518,"duration":9420,"samplingBit":16,"channelCount":1,"samplingRate":"16kHz","audioPath":"/Mock/05.ICT/Female/Experienced/ckmk_q_ict_f_e_272936.wav"},"answer":{"fileFormat":"wav","fileSize":3024078,"duration":94500,"samplingBit":16,"channelCount":1,"samplingRate":"16kHz","audioPath":"/Mock/05.ICT/Female/Experienced/ckmk_a_ict_f_e_272936.wav"}}}