{"version":"1.0","dataSet":{"info":{"date":"20230116","occupation":"ICT","channel":"MOCK","place":"ONLINE","gender":"FEMALE","ageRange":"55-","experience":"EXPERIENCED"},"question":{"raw":{"text":"일을 하다 보면 상사와 트러블이 생길 수도 있는데요 이럴 때 지원자님은 어떻게 하실 건가요 또한 상사가 혼내면 기분 나쁘진 않나요","wordCount":20},"emotion":[],"intent":[]},"answer":{"raw":{"text":"혼나면 기분이 나쁘죠. 당연히 나쁩니다. 하지만 이유가 있겠죠. 음 대부분의 상사는 저보다 먼저 경험을 많이 했고 그 업무에 대해서 다양한 지식이 있을 겁니다. 제가 거기에 준하지 않는 일을 했던 했거나 아니면 실수를 했겠죠. 음 먼저 그것부터 확인을 해 봐야 될 거고요. 어떤 게 문제인지 먼저 확인을 해 봐야죠. 어 상사한테 직접 물어볼 수도 있겠지만 일단 제가 아 문제에 대한 부분들을 뒤로 뒤로 어 먼저 어 검토를 해 번 하면서 어디에서 실수를 했는지부터 먼저 확인을 해 봐야 됩니다. 문제점을 먼저 확인을 하고 어 혼난 부분에 대한 기분 나쁜 거는 음 글쎄요. 프로는 기분 나쁜 거보다는 거기에서 내가 얻을 수 있는 걸 먼저 생각하는 게 더 어 좋은 결과를 낳지 않을까요. 음 상사는 혼내는 이유가 반드시 있었을 겁니다.","wordCount":116},"emotion":[{"text":"혼나면 기분이 나쁘죠.","expression":"n-anger","category":"negative"}],"intent":[{"text":"","expression":"","category":"attitude"}],"summary":{"text":"대부분의 상사는 저보다 많은 경험을 했고 업무에 대한 다양한 지식이 있을 것이고, 제가 그에 준하지 않는 일을 했거나 실수를 했을 수도 있습니다. 먼저 문제점에 대해 확인한 후에 제가 얻을 수 있는 걸 우선으로 생각하는 게 좋은 결과를 얻습니다.","wordCount":38}}},"rawDataInfo":{"question":{"fileFormat":"wav","fileSize":615758,"duration":19240,"samplingBit":16,"channelCount":1,"samplingRate":"16kHz","audioPath":"/Mock/05.ICT/Female/Experienced/ckmk_q_ict_f_e_275387.wav"},"answer":{"fileFormat":"wav","fileSize":2213198,"duration":69160,"samplingBit":16,"channelCount":1,"samplingRate":"16kHz","audioPath":"/Mock/05.ICT/Female/Experienced/ckmk_a_ict_f_e_275387.wav"}}}