{"version":"1.0","dataSet":{"info":{"date":"20230116","occupation":"ICT","channel":"MOCK","place":"ONLINE","gender":"FEMALE","ageRange":"45-54","experience":"EXPERIENCED"},"question":{"raw":{"text":"지원자님이 생각하실 때 본인의 단점은 무엇이라고 생각을 하십니까 만약 단점이 있다면 이를 보완하기 위해서 그동안 어떤 노력이 있었는지 함께 말씀해 주시기 바랍니다","wordCount":22},"emotion":[],"intent":[]},"answer":{"raw":{"text":"저는 음 변화를 그렇게 좋아하는 편은 아니에요. 네 프로그램도 기존에 쓰던 거를 우선으로 해서 그걸 중점으로 많이 쓰지 네 뭔가 그렇게 도전적인 편은 아닌 것 같아요 저는. 그래서 제가 운영 쪽인가 봐요. 저는 개발보다는 운영을 좋아하고 그러니까 사실 뭐 제가 제 단점을 또 보 변명을 하자면 대신 제가 기존에 있는 부분 안에서 열심히 좀 더 공부를 할 수 있는 게 생기는 거죠. 그렇다고 제가 아예 뭐 논다거나 이런 것도 아니고 그래서 다만 이제 제가 무언가를 조금 주도적으로 바꿔나간다거나 아니면 어떤 새로운 뭔가 어떤 큰 그림 같은 거를 먼저 구상을 하고 그린다든가 이런 거보다는 그까 제가 먼저 막 재미있게 놀려고 하기보다는 기존에 있는 거로 저는 조금 열심히 그거를 다시 한번 해보자 주의입니다.","wordCount":111},"emotion":[],"intent":[{"text":"저는 음 변화를 그렇게 좋아하는 편은 아니에요.","expression":"c_person","category":"background"},{"text":"네  프로그램도 기존에 쓰던 거를   우선으로 해서 그걸 중점으로 많이 쓰지 네 뭔가   그렇게 도전적인 편은 아닌 것 같아요 저는.","expression":"c_person","category":"background"},{"text":"저는 개발보다는 운영을 좋아하고 그러니까   사실 뭐 제가 제 단점을 또 보 변명을 하자면 대신 제가   기존에 있는 부분 안에서 열심히 좀 더 공부를 할 수 있는   게 생기는 거죠.","expression":"c_person","category":"background"},{"text":"그렇다고 제가 아예 뭐 논다거나 이런 것도 아니고 그래서   다만 이제 제가 무언가를 조금 주도적으로 바꿔나간다거나 아니면 어떤 새로운 뭔가 어떤 큰 그림 같은 거를 먼저 구상을 하고 그린다든가 이런 거보다는   그까 제가 먼저 막 재미있게 놀려고 하기보다는 기존에 있는 거로 저는 조금 열심히 그거를 다시 한번   해보자 주의입니다.","expression":"c_person","category":"background"}],"summary":{"text":"프로그램도 기존에 쓰던 것을 중점으로 많이 쓰지 도전적인 편은 아닙니다. 개발보다는 운영을 좋아하고 기존에 있는 부분 안에서 열심히 공부를 할 수 있는 게 생깁니다. 먼저 재미있게 놀려고 하기보다는 기존에 있는 거로 다시 한번 해보자 주의입니다.","wordCount":35}}},"rawDataInfo":{"question":{"fileFormat":"wav","fileSize":621198,"duration":19410,"samplingBit":16,"channelCount":1,"samplingRate":"16kHz","audioPath":"/Mock/05.ICT/Female/Experienced/ckmk_q_ict_f_e_178548.wav"},"answer":{"fileFormat":"wav","fileSize":2911438,"duration":90980,"samplingBit":16,"channelCount":1,"samplingRate":"16kHz","audioPath":"/Mock/05.ICT/Female/Experienced/ckmk_a_ict_f_e_178548.wav"}}}