{"version":"1.0","dataSet":{"info":{"date":"20230116","occupation":"ICT","channel":"MOCK","place":"ONLINE","gender":"FEMALE","ageRange":"-34","experience":"EXPERIENCED"},"question":{"raw":{"text":"본인의 장점과 단점을 말씀해 주시고 그것을 특화시키고 극복하기 위한 노력도 함께 말씀해 주시겠습니까","wordCount":13},"emotion":[],"intent":[]},"answer":{"raw":{"text":"저의 장점은 어 남들보다 손이 조금 빠르다는 편인데요. 어 그냥 기본적으로 문서 작업을 할 때도 빠른 편이고 어떤 장비를 다룰 때도 어 손이 남들보다는 조금 빨라서 항상 그날 해야 하는 일이 있을 때 그 일의 마무리가 좀 빠른 편이라서 남들보다 업무를 빨리 끝내기도 하고 동시에 더 많은 양의 일을 소화하기도 합니다. 어 그리고 저의 단점은 그 장점처럼 성격이 급하다는 부분이 있는데요. 아무래도 제가 그 가 잔업을 하는 게 싫고 항상 그 주어진 시간에 어 강도 높은 집중을 하고 끝내는 것을 좋아해서 좀 그렇게 일을 계속 해 오다 보니깐 아무래도 그거를 수행하지 못할 것 같은 상황이 올 때 마음이 좀 급해지는 경우가 종종 생기는 것 같더라구요. 그래서 저는 좀 쉬는 시간 같은 부분들을 잘 지키려고 하면서 일을 하고 있습니다.","wordCount":118},"emotion":[],"intent":[{"text":"저의 장점은 어 남들보다 손이 조금 빠르다는 편인데요.","expression":"c_person","category":"background"},{"text":"어 그리고 저의 단점은 그 장점처럼   성격이 급하다는 부분이 있는데요.","expression":"c_person","category":"background"}],"summary":{"text":"저는 문서 작업이나 장비를 다룰 때 남들보다 조금 빠르게 끝나는 편이지만, 잔업이 싫어서 계속 일을 해오다보니 그 업무를 수행하지 못할 것 같은 상황이 올 때 마음이 급해지는 경우가 종종 있어서 쉬는 시간 같은 것들을 지키려고 일을 하고 있습니다.","wordCount":38}}},"rawDataInfo":{"question":{"fileFormat":"wav","fileSize":367758,"duration":11490,"samplingBit":16,"channelCount":1,"samplingRate":"16kHz","audioPath":"/Mock/05.ICT/Female/Experienced/ckmk_q_ict_f_e_181356.wav"},"answer":{"fileFormat":"wav","fileSize":2566478,"duration":80200,"samplingBit":16,"channelCount":1,"samplingRate":"16kHz","audioPath":"/Mock/05.ICT/Female/Experienced/ckmk_a_ict_f_e_181356.wav"}}}