{"version":"1.0","dataSet":{"info":{"date":"20230116","occupation":"ICT","channel":"MOCK","place":"ONLINE","gender":"FEMALE","ageRange":"45-54","experience":"EXPERIENCED"},"question":{"raw":{"text":"직무와 관련하여 개발 능력 향상을 위해 본인은 매일 어떠한 노력을 하고 계시는지 한번 말씀해 주시겠습니까","wordCount":15},"emotion":[],"intent":[]},"answer":{"raw":{"text":"이 앞서 인터뷰에도 말씀드렸듯이 어 메타버스가 굉장히 활성화되어야 하는데 어떤 인프라의 문제로 지금 좀 정체 되어 있는 상황이다 라는 생각이 듭니다. 그래서 이에 대비하기 위해서 메타버스 관련된 좀 공부들을 하고 있구요. 어 특히 저는 설계 부분들을 조금 공부했었는데 앞으로는 쓰리디 설계 부분도 좀 공부를 해야 된다 라고 생각을 해서 어 쓰리디 캐드도 좀 공부를 하고 있습니다. 그리고 메타버스 같은 경우에는 또 젊은 분들의 이해를 돕기 위해서 다양한 커뮤니케이션 활동들을 좀 하고 있구요. 어 또 그 새로 나오는 브이아이나 에이아이 장비들을 활용을 해서 어 이런 것들을 좀 더 실생활에 어떻게 다가갈 수 있는지 어 실생활과 메타버스의 이질감을 줄이기 위한 어 그런 공부들도 어 테스트들도 좀 하고 있습니다.","wordCount":106},"emotion":[],"intent":[{"text":"어 또 그 새로 나오는 브이아이나 에이아이 장비들을 활용을 해서 어 이런 것들을 좀 더 실생활에 어떻게 다가갈 수 있는지 어 실생활과 메타버스의 이질감을 줄이기 위한 어 그런 공부들도 어 테스트들도 좀 하고 있습니다.","expression":"i_tech_orien","category":"attitude"}],"summary":{"text":"메타버스가 활성화되어야 하는데 인프라의 문제로 정체 되어 있어 이에 대비하기 위해 설계, 쓰리디 캐드, 커뮤니케이션 활동, 실생활과의 이질감 감소를 위한 공부, 테스트를 하고 있습니다.","wordCount":24}}},"rawDataInfo":{"question":{"fileFormat":"wav","fileSize":332878,"duration":10400,"samplingBit":16,"channelCount":1,"samplingRate":"16kHz","audioPath":"/Mock/05.ICT/Female/Experienced/ckmk_q_ict_f_e_272938.wav"},"answer":{"fileFormat":"wav","fileSize":1832398,"duration":57260,"samplingBit":16,"channelCount":1,"samplingRate":"16kHz","audioPath":"/Mock/05.ICT/Female/Experienced/ckmk_a_ict_f_e_272938.wav"}}}