{"version":"1.0","dataSet":{"info":{"date":"20230116","occupation":"ICT","channel":"MOCK","place":"ONLINE","gender":"FEMALE","ageRange":"55-","experience":"EXPERIENCED"},"question":{"raw":{"text":"지원자님만의 특별한 스트레스 해소법이 있다면 어떠한 방법인지 말씀해 주시고 왜 그 방법으로 스트레스를 해소하는지까지 함께 답변해 주시면 감사하겠습니다","wordCount":18},"emotion":[],"intent":[]},"answer":{"raw":{"text":"저는 음 저의 스트레스 해소법은 큰소리를 내는 거죠. 예 어 차 안에서 크게 음악을 틀어 놓고 같이 음악을 따라 부른데든가 아니면 어 음 한강변을 좀 걷는데든가 예 이렇게 해서 몸을 쓰는 부분들을 많이 합니다. 그러고 나면은 어 오랫동안 걷는데든가 뭐 십 키로 뭐 이십 키로 이렇게 걷는데든가 걸어주시게 되면 어 몸이 힘들면 정신이 맑아지는 부분들을 어 저는 많이 느껴봤습니다. 그래서 저는 일단 몸으로 어 스트레스를 해소합니다. 첫 번째가 음 음악을 크게 틀어 놓고 목으로 크게 노래를 부르는 거 첫 번째 두 번째는 어 강변이나 도심을 걷는 거죠. 그래서 몸이 피곤해서 예 어 기본적인 생각 자체가 좀 음 단순해질 수 있도록 그렇게 해주는 방법을 해결을 하고 있습니다. 음 또 하나는 간단하게 유튜브를 보면서 아 댄스를 추는 거 예 그런 것도 예 스트레스 해소라고 할 수 있겠죠.","wordCount":125},"emotion":[],"intent":[{"text":"","expression":"","category":"attitude"}],"summary":{"text":"저는 스트레스 해소법으로 음악을 크게 틀어 놓고 목으로 크게 노래를 부르거나 강변이나 도심 걷기 등을 통해 몸으로 스트레스를 해소합니다. 또 유튜브를 보면서 댄스를 추는 것도 스트레스 해소라고 할 수 있습니다.","wordCount":30}}},"rawDataInfo":{"question":{"fileFormat":"wav","fileSize":410318,"duration":12820,"samplingBit":16,"channelCount":1,"samplingRate":"16kHz","audioPath":"/Mock/05.ICT/Female/Experienced/ckmk_q_ict_f_e_275386.wav"},"answer":{"fileFormat":"wav","fileSize":2584398,"duration":80760,"samplingBit":16,"channelCount":1,"samplingRate":"16kHz","audioPath":"/Mock/05.ICT/Female/Experienced/ckmk_a_ict_f_e_275386.wav"}}}