{"version":"1.0","dataSet":{"info":{"date":"20230116","occupation":"MM","channel":"MOCK","place":"ONLINE","gender":"MALE","ageRange":"35-44","experience":"EXPERIENCED"},"question":{"raw":{"text":"개인적으로 공부를 어떻게 하시는지 들어보고 싶습니다 강의나 책을 활용한 공부처럼 본인이 이용하는 공부법을 말씀해 주실 수 있을까요","wordCount":17},"emotion":[],"intent":[]},"answer":{"raw":{"text":"저의 개인적인 공부는 십 년 전과 지금과는 현저히 다릅니다. 십 년 전에는 도서관이나 그런 데서 책을 빌려서 그것을 기반으로 읽고 쓰고 또 문제를 풀고 그렇게 써머리 노트를 정리해 가면서 공부를 했다면 현재는 인터넷 강의 온라인 강의 또는 컨퍼런스에서 많은 자료를 얻어서 공부를 합니다. 요즘은 인터넷 강의가 양방향 통신을 통해서 실시간으로 교육을 해 주는 곳도 있고 실시간은 아니더라도 제가 강의를 듣고 모르는 부분을 에프에이큐 나 큐앤에이 질문에 올리면 바로 교사 강사 또는 조교들이 바로 바로 답변을 해 줍니다. 더 어려운 질문에 대해서는 카카오톡이나 라인 같은 실시간 메신저를 통해서 저에게 유료로 답변을 주는 사이트도 많이 늘어났습니다. 예전에는 책을 공 통해서 원 방향으로 공부를 했다면 이제는 투 방향으로 공부를 함으로써 성적이 쑥쑥 늘어나는 것이 보이고 제가 궁금하거나 너무 어렵다고 느끼는 부분을 바로 바로 캐치하고 그들이 솔루션을 제공해 주기 때문에 이제는 공부하는 데 큰 어려움을 못 느끼고 있습니다.","wordCount":134},"emotion":[],"intent":[{"text":"","expression":"","category":"attitude"}],"summary":{"text":"십 년 전에는 도서관이나 도서관에서 책을 빌려서 읽고 쓰고 문제를 풀면서 공부를 했다면 지금은 인터넷 강의 온라인 강의 또는 컨퍼런스에서 많은 자료를 얻어서 공부를 합니다. 요즘은 실시간 강의나 카카오톡이나 라인 같은 실시간 메신저를 통해서 유료로 답변을 주는 사이트도 많이 늘어났기 때문에 공부에 큰 어려움을 느끼고 있습니다.","wordCount":46}}},"rawDataInfo":{"question":{"fileFormat":"wav","fileSize":595278,"duration":18600,"samplingBit":16,"channelCount":1,"samplingRate":"16kHz","audioPath":"/Mock/07.ProductionManufacturing/Male/Experienced/ckmk_q_mm_m_e_182374.wav"},"answer":{"fileFormat":"wav","fileSize":2392398,"duration":74760,"samplingBit":16,"channelCount":1,"samplingRate":"16kHz","audioPath":"/Mock/07.ProductionManufacturing/Male/Experienced/ckmk_a_mm_m_e_182374.wav"}}}