{"version":"1.0","dataSet":{"info":{"date":"20230116","occupation":"MM","channel":"MOCK","place":"ONLINE","gender":"MALE","ageRange":"55-","experience":"EXPERIENCED"},"question":{"raw":{"text":"만약 지원자분께서 타 부서와 갈등하는 상황이 발생했다고 한다면 이를 어떤 방식으로 해결할 예정이신지 궁금합니다 그런 상황을 하나로 가정해서 이야기해 주시면 좋겠습니다","wordCount":21},"emotion":[],"intent":[]},"answer":{"raw":{"text":"일을 하다 보면 타 부서와 굉장히 어 갈등이 생길 수가 있죠. 어 일로도 할 수 있지만 개인 간의 또 사 사적인 관계도 또 가끔 있을 수도 있는데요. 아 그런 게 에 팔승이 된다면 당연히 음 저는 어 모의 회의를 거쳐서 그 해결 방법을 에 찾을 겁니다. 어 먼저 어 갈등이 생긴다면 상사에게 보고 하고 어 또 어 상사에게 보고 해서 회의를 규제해서 종합적인 어 어 회의를 통해서 그 문제점에 어 발견해서 그 문제점이 뭔가를 어 서로 정리를 해서 충분히 또 어 해결할 수 있는 방법이 있을 겁니다. 그래서 어 그 해결이 안 되는 능력이면 어 같은 또 어 타 부서하고 관계가 어 원만치 않으면 회사에 분명히 누가 될 수가 있습니다. 어 그래서 그런 부분은 되도록이면 최선을 다해서 어 갈등 상황을 어 없앨 수 있는 그런 방법을 찾을 겁니다.","wordCount":128},"emotion":[],"intent":[{"text":"","expression":"","category":"attitude"}],"summary":{"text":"일을 하다 보면 타 부서와 갈등이 생길 수 있는데, 팔승이 된다면 모의 회의를 거쳐서 해결 방법을 찾을 것입니다. 회의를 규제해서 회의를 통해 문제점을 발견, 정리해서 해결할 수 있을 것입니다. 최대한 최선을 다해 갈등 상황을 없앨 수 있는 방법을 찾겠습니다.","wordCount":39}}},"rawDataInfo":{"question":{"fileFormat":"wav","fileSize":585038,"duration":18280,"samplingBit":16,"channelCount":1,"samplingRate":"16kHz","audioPath":"/Mock/07.ProductionManufacturing/Male/Experienced/ckmk_q_mm_m_e_183937.wav"},"answer":{"fileFormat":"wav","fileSize":2897998,"duration":90560,"samplingBit":16,"channelCount":1,"samplingRate":"16kHz","audioPath":"/Mock/07.ProductionManufacturing/Male/Experienced/ckmk_a_mm_m_e_183937.wav"}}}