{"version":"1.0","dataSet":{"info":{"date":"20230116","occupation":"MM","channel":"MOCK","place":"ONLINE","gender":"MALE","ageRange":"35-44","experience":"EXPERIENCED"},"question":{"raw":{"text":"회사에 들어오면 여러 명의 선배를 만나게 될 텐데요 지원자님께서 회사에 들어온다면 어떤 모습에 선배를 만나고 싶으신가요 그리고 왜 그런지 이유도 함께 말씀을 해 주세요","wordCount":24},"emotion":[],"intent":[]},"answer":{"raw":{"text":"입사에서 만나고 싶은 선배는 바로 성과도 좋고 대인 관계가 좋은 그런 모습입니다. 저도 이 회사에 입사해서 저 자신의 나름의 터를 닦아야 하고 사람들과의 인적 네트워크를 맺어야 하는데 선배가 좋은 모습으로 먼저 그 길을 닦아 놨다면 선배를 통해서 성과에 대해서도 배울 수 있고 업무에 대한 기술 전수도 배울 수 있을 것입니다. 또한 인적 네트워크를 맺는데도 선배의 도움을 많이 받을 수 있습니다. 그런 선배는 제 삶에 또는 제 회사의 모습에 롤모델이나 귀감이 될 것이고 그런 선배를 통해서 저도 이 회사에서 바로 성장할 수 있기 때문입니다. 만약에 저성과자나 회의적이고 부정적이고 대인 관계도 안 좋은 선배와 친해지거나 제가 그런 선배를 만나게 된다면 저 역시도 부정적인 생각으로 인하여 나쁜 생각이나 회의적인 생각이 회의 어 전염이 되게 되어 있습니다. 또한 업무에 대해서도 전수 받거나 어떤 업무를 이관할 때도 저에게 많은 것을 알려 주지는 않기 때문에 좋은 선배의 모습은 아니라고 생각합니다.","wordCount":134},"emotion":[],"intent":[{"text":"","expression":"","category":"attitude"}],"summary":{"text":"저성과자나 회의적이고 부정적이고 대인 관계도 안 좋은 선배와 친해지거나 그런 선배를 만나게 된다면 저 역시도 부정적인 생각이나 회의적인 생각이 전염이 되게 되어 있습니다. 또한 업무에 대해서도 전수 받거나 어떤 업무를 이관할 때도 많은 것을 알려 주지 않기 때문에 좋은 선배의 모습은 아니라고 생각합니다.","wordCount":43}}},"rawDataInfo":{"question":{"fileFormat":"wav","fileSize":567118,"duration":17720,"samplingBit":16,"channelCount":1,"samplingRate":"16kHz","audioPath":"/Mock/07.ProductionManufacturing/Male/Experienced/ckmk_q_mm_m_e_191590.wav"},"answer":{"fileFormat":"wav","fileSize":2149198,"duration":67160,"samplingBit":16,"channelCount":1,"samplingRate":"16kHz","audioPath":"/Mock/07.ProductionManufacturing/Male/Experienced/ckmk_a_mm_m_e_191590.wav"}}}