{"version":"1.0","dataSet":{"info":{"date":"20230116","occupation":"MM","channel":"MOCK","place":"ONLINE","gender":"MALE","ageRange":"35-44","experience":"EXPERIENCED"},"question":{"raw":{"text":"제품을 생산하나 하다 보면 딜리버리에 차질이 생길 때가 있습니다 타임라인에 맞추지 못해서 곤란한 일이 생겼을 때 내부적으로는 어떻게 문제 해결을 하고 외부적으로 고객사에게는 어떤 행동을 취하겠는지 설명 부탁드립니다","wordCount":28},"emotion":[],"intent":[]},"answer":{"raw":{"text":"생산 총괄 본부장으로서 생산에 체질이 생기는 것은 회사에 막대한 영향을 끼치게 됩니다. 그럴 때 저는 생산에 대한 루트를 다시 한번 쫙 다 검토하고 어디서부터 생산에 차질이 생겼는지 원인이 무엇인지 원인을 찾아 해결하는 방법을 찾고 그리고 생산 팀에 간곡하게 요청을 할 것입니다. 우리가 현재 육 개월 동안 생산해야 되는 분량이 지금 한 달 동안 생산에 차질이 생겨 미뤄졌다. 여러분들의 간곡한 노력과 열정이 필요합니다. 대신 회사에서는 그에 적정한 보상을 할 것이며 그 보상을 어떻게 할지는 본부장 및 대표 이사와 마련하겠습니다. 그래서 생산 팀에 기존에 아홉 시부터 여섯 시까지 하던 근무를 아홉 시부터 열 시까지 주말에 풀로 돌리면서 그에 대한 보상은 기존의 일 점 오 배가 아니라 일 점 팔 배 두 배까지 맞춰줄 수 있는 부분에 대해서 회계 팀 인사 팀 그리고 대표 이사님과 함께 논의하여 최대한 생산의 일정을 앞당기고 데드라인을 맞출 수 있는 방법을 찾도록 하겠습니다.","wordCount":135},"emotion":[],"intent":[{"text":"그럴 때 저는   생산에 대한 루트를 다시 한번 쫙 다 검토하고 어디서부터 생산에 차질이 생겼는지 원인이 무엇인지 원인을 찾아 해결하는 방법을 찾고   그리고 생산 팀에 간곡하게 요청을 할 것입니다.","expression":"f_prod_plan","category":"technology"},{"text":"그래서 생산 팀에 기존에 아홉 시부터 여섯 시까지 하던 근무를 아홉 시부터 열 시까지   주말에 풀로 돌리면서 그에 대한 보상은 기존의 일 점 오 배가 아니라 일 점 팔 배 두 배까지 맞춰줄 수 있는   부분에 대해서 회계 팀 인사 팀 그리고 대표 이사님과 함께 논의하여 최대한 생산의 일정을 앞당기고   데드라인을 맞출 수 있는 방법을 찾도록 하겠습니다.","expression":"f_prod_plan","category":"technology"}],"summary":{"text":"생산 총괄 본부장으로서 생산에 체질이 생기는 것은 회사에 막대한 영향을 끼치게 됩니다. 그럴 때 생산 루트를 다시 검토하고 생산에 차질이 생긴 원인과 해결 방법을 찾고 생산 팀에 간곡하게 요청을 할 것입니다. 그리고 보상은 일 점 팔 배 두 배까지 맞춰줄 수 있는 부분에 대해서 논의하여 최대한 생산 일정을 앞당기고 데드라인을 맞출 수 있는 방법을 찾습니다.","wordCount":55}}},"rawDataInfo":{"question":{"fileFormat":"wav","fileSize":580878,"duration":18150,"samplingBit":16,"channelCount":1,"samplingRate":"16kHz","audioPath":"/Mock/07.ProductionManufacturing/Male/Experienced/ckmk_q_mm_m_e_163168.wav"},"answer":{"fileFormat":"wav","fileSize":2321998,"duration":72560,"samplingBit":16,"channelCount":1,"samplingRate":"16kHz","audioPath":"/Mock/07.ProductionManufacturing/Male/Experienced/ckmk_a_mm_m_e_163168.wav"}}}