{"version":"1.0","dataSet":{"info":{"date":"20230116","occupation":"MM","channel":"MOCK","place":"ONLINE","gender":"MALE","ageRange":"55-","experience":"EXPERIENCED"},"question":{"raw":{"text":"살면서 무언가 하나에 푹 빠져서 몰두해 본 경험이 있나요 있다면 그것이 무엇인지도 궁금합니다","wordCount":13},"emotion":[],"intent":[]},"answer":{"raw":{"text":"인생에 에 살면서 누군가는 한 번씩 그 하나에 푹 빠져 몰두해 본 경험들이 많이 있을 겁니다. 저는 음 골프에 한 번 빠져서 어 라운딩을 한 달이면 이십 번씩 가 본 적이 있습니다. 골프가 스트레스 해소도 좋지만 어 재미도 있기 때문에 어 가서 친구들하고 어 소소하니 게임도 하고 또 어 점수를 낼려고 언더도 쳐볼려고 열심히 했던 적이 있습니다. 어 연습장에도 하루도 안 빠지고 항상 가서 어 연습을 하고 또 프로한테 부족한 거 있으면 어 레슨도 받고 했던 기억이 납니다. 돈도 많이 쓰고 했지만 그때가 제일 행복했던 것 같습니다. 어느 하나에 몰두해서 열심히 한다는 것이 굉장히 인생에 있어서 참 아무 것도 생각을 않고 잊어버리고 어 생활했던 그런 내용들이 음 어 제일로 행복했던 순간이지 않을까 싶습니다.","wordCount":113},"emotion":[{"text":"돈도 많이 쓰고 했지만 그때가 제일 행복했던 것 같습니다.","expression":"p-happiness","category":"positive"},{"text":"어느 하나에 몰두해서 열심히 한다는 것이 굉장히 인생에 있어서 참 아무 것도 생각을 않고 잊어버리고 어 생활했던 그런 내용들이 음 어 제일로 행복했던 순간이지 않을까 싶습니다.","expression":"p-happiness","category":"positive"}],"intent":[{"text":"","expression":"","category":"attitude"}],"summary":{"text":"하나에 몰두해 본 경험들이 많을 것입니다. 저는 골프에 한 번 빠져서 라운딩을 한 달에 이십 번씩 가 본 적이 있습니다. 어느 하나에 몰두한다는 것이 인생에 있어서 아무 것도 생각을 하지 않고 생활했던 내용들이 제일로 행복했던 순간이 아닐까 생각합니다.","wordCount":38}}},"rawDataInfo":{"question":{"fileFormat":"wav","fileSize":288398,"duration":9010,"samplingBit":16,"channelCount":1,"samplingRate":"16kHz","audioPath":"/Mock/07.ProductionManufacturing/Male/Experienced/ckmk_q_mm_m_e_174783.wav"},"answer":{"fileFormat":"wav","fileSize":2825678,"duration":88300,"samplingBit":16,"channelCount":1,"samplingRate":"16kHz","audioPath":"/Mock/07.ProductionManufacturing/Male/Experienced/ckmk_a_mm_m_e_174783.wav"}}}