{"version":"1.0","dataSet":{"info":{"date":"20230116","occupation":"MM","channel":"MOCK","place":"ONLINE","gender":"MALE","ageRange":"35-44","experience":"EXPERIENCED"},"question":{"raw":{"text":"지원자님께서 지금 본인이 내일 죽는다는 사실을 안다면 지원자님은 당장 뭘 할 것인지 이 면접을 끝까지 계속 보시겠습니까 말씀해 주세요","wordCount":19},"emotion":[],"intent":[]},"answer":{"raw":{"text":"내일 죽게 된다면 저는 지금 가장 소중하고 사랑하는 사람을 만나러 갈 것입니다. 당연히 이 면접은 끝을 볼 것이며 이 면접이 끝난 후에 사랑하는 가족들에게 달려가겠습니다. 지금까지 부모님을 잘 찾아뵙지도 못했고 부모님과 십 년 이상 넘게 따로 살면서 밥 한 번을 제대로 같이 먹지 못했던 것 같습니다. 그리고 그 후에 오랜 기간 저랄 만나 주었던 친구들을 찾아갈 것입니다. 중학교 대학교 고등학교 친구 각각 한 세 네 명씩 있는데요. 그렇게 세 시간 네 시간씩 하면 하루가 그냥 끝나겠네요.","wordCount":76},"emotion":[],"intent":[{"text":"내일 죽게 된다면 저는 지금 가장 소중하고 사랑하는 사람을 만나러 갈 것입니다.","expression":"c_value","category":"background"},{"text":"중학교 대학교 고등학교 친구 각각 한 세 네 명씩 있는데요.","expression":"c_private","category":"background"}],"summary":{"text":"내일 죽게 된다면 저는 제가 가장 소중하고 사랑하는 사람을 만나러 갈 것입니다. 이 면접이 끝난 후에는 가족들에게 달려갈 것입니다. 그 후에는 오랜 기간 만나 주었던 친구들을 찾아갈 것입니다.","wordCount":28}}},"rawDataInfo":{"question":{"fileFormat":"wav","fileSize":455118,"duration":14220,"samplingBit":16,"channelCount":1,"samplingRate":"16kHz","audioPath":"/Mock/07.ProductionManufacturing/Male/Experienced/ckmk_q_mm_m_e_164733.wav"},"answer":{"fileFormat":"wav","fileSize":1370958,"duration":42840,"samplingBit":16,"channelCount":1,"samplingRate":"16kHz","audioPath":"/Mock/07.ProductionManufacturing/Male/Experienced/ckmk_a_mm_m_e_164733.wav"}}}