{"version":"1.0","dataSet":{"info":{"date":"20230116","occupation":"MM","channel":"MOCK","place":"ONLINE","gender":"MALE","ageRange":"35-44","experience":"EXPERIENCED"},"question":{"raw":{"text":"상사가 회사의 이익에 반하는 행동을 하는 것을 직접 목격했다면 지원자님께서는 그때 어떻게 행동하시겠습니까","wordCount":13},"emotion":[],"intent":[]},"answer":{"raw":{"text":"저의 직장 상사이기 때문에 그 자리에서 바로 직장 상사의 비윤리적인 행동 또는 회사의 이익에 반하는 행동에 대해서 지적을 할 수는 없을 것 같습니다. 하지만 조용한 곳에서 직장 상사에게 진지하게 물어는 볼 것입니다. 이 행동은 회사에서 원하지 않는 행동이고 회사의 이익에 반하는 것인데 왜 이렇게 하셨나요 라고 물어볼 것입니다. 그때 상사는 두 가지 답변을 할 수 있을 것 같습니다. 원래 다 이렇게 하니까 나도 이렇게 해도 된다. 또는 나는 이 이게 이익에 반대하는 행동인지 몰랐다. 만약에 이익에 반대하는 행동인지 몰랐다고 하면 저는 다시 한번 고지를 하거나 말씀을 드릴 것이고 다들 다 이렇게 하니까 나도 이렇게 이익에 반하는 행동을 해도 된다 라고 한다고 하면 저는 이렇게 하는 것은 옳지 않다고 얘기하고 한 두 번 정도 다시 한 번 말을 한 다음에 윤리위원회 또는 직상 상사의 상사 또는 대표 이사와 면담을 통해서 이런 부분에 대해서 시정할 것을 강력하게 요구할 것입니다. 그래도 만약에 듣지 않게 된다면 저는 감사원이라든가 다른 더 높은 곳에 시정 요구를 할 것입니다.","wordCount":152},"emotion":[],"intent":[{"text":"","expression":"","category":"attitude"}],"summary":{"text":"직장 상사의 비윤리적 행동 또는 회사의 이익에 반하는 행동에 대해 지적할 수는 없지만, 윤리위원회 또는 직상 상사의 상사 또는 대표 이사와 면담을 통해서 시정할 것을 강력하게 요구할 것입니다. 만약 듣지 않게 된다면 감사원이라든가 다른 더 높은 곳에 시정 요구를 할 것입니다.","wordCount":41}}},"rawDataInfo":{"question":{"fileFormat":"wav","fileSize":360398,"duration":11260,"samplingBit":16,"channelCount":1,"samplingRate":"16kHz","audioPath":"/Mock/07.ProductionManufacturing/Male/Experienced/ckmk_q_mm_m_e_164794.wav"},"answer":{"fileFormat":"wav","fileSize":2334158,"duration":72940,"samplingBit":16,"channelCount":1,"samplingRate":"16kHz","audioPath":"/Mock/07.ProductionManufacturing/Male/Experienced/ckmk_a_mm_m_e_164794.wav"}}}