{"version":"1.0","dataSet":{"info":{"date":"20230116","occupation":"MM","channel":"MOCK","place":"ONLINE","gender":"MALE","ageRange":"55-","experience":"EXPERIENCED"},"question":{"raw":{"text":"입사 후에 쉬운 일과 어려운 일이 있을 때 일에 대한 분배를 어떻게 하실 건가요 어떻게 나눠서 처리하실 건지 말씀 부탁드립니다","wordCount":20},"emotion":[],"intent":[]},"answer":{"raw":{"text":"항상 어 입사 후 어 쉬운 일과 어려운 일이 있겠죠. 근데 그 분배를 어 잘 해서 어 또 어 헤쳐나가야 되는 게 에 회사원의 임무라고 생각합니다. 어려운 일이 있을 때에 그것을 함께 나눌 수 있는 동료가 있으면 더더욱 좋겠죠. 그걸 위해서는 항상 소통을 해야 되고요. 어 쉬운 일 어려운 일 이게 중요한 게 아니고 어 먼저 쉬운 일부터 내가 할 수 있는 일은 마무리를 해 놓고 어려운 일은 음 상사에게 또 경험이 많으신 분들에게 조언을 얻어서 어 어려운 일을 헤쳐나가는 게 굉장히 중요하다고 생각을 합니다. 혼자 어려운 일 쉬운 일 에 분리해서 어 이렇게 하다 보면 굉장히 어려움이 많습니다. 그래서 쉬운 일은 어 빨리 처리를 하고 어려운 일은 조금 조언도 얻고 어 또 어 체력적으로 또 어 이런 부분을 조금 나눠서 하는 게 낫지 않을까 싶습니다.","wordCount":126},"emotion":[],"intent":[{"text":"","expression":"","category":"attitude"}],"summary":{"text":"어려운 일을 함께 나눌 동료가 있으면 좋겠습니다. 쉬운 일은 빨리 처리하고 어려운 일은 조언을 얻어서 어려운 일을 헤쳐나가는 게 중요합니다. 혼자 어려운 일 쉬운 일에 분리하다 보면 굉장히 어려움이 많습니다. 어려운 일은 조언도 얻고 체력적으로 나누어 하는 게 낫다고 생각합니다.","wordCount":40}}},"rawDataInfo":{"question":{"fileFormat":"wav","fileSize":593358,"duration":18540,"samplingBit":16,"channelCount":1,"samplingRate":"16kHz","audioPath":"/Mock/07.ProductionManufacturing/Male/Experienced/ckmk_q_mm_m_e_199927.wav"},"answer":{"fileFormat":"wav","fileSize":2837838,"duration":88680,"samplingBit":16,"channelCount":1,"samplingRate":"16kHz","audioPath":"/Mock/07.ProductionManufacturing/Male/Experienced/ckmk_a_mm_m_e_199927.wav"}}}