{"version":"1.0","dataSet":{"info":{"date":"20230116","occupation":"MM","channel":"MOCK","place":"ONLINE","gender":"MALE","ageRange":"55-","experience":"EXPERIENCED"},"question":{"raw":{"text":"사회생활을 함에 있어서 소통 능력은 필수적인 요소 중에 하나입니다 지원자님께서는 이러한 소통 능력을 키우기 위해 어떤 일을 할 수 있을지 생각나는 방법들을 자세하게 설명해 주시기 바랍니다","wordCount":26},"emotion":[],"intent":[]},"answer":{"raw":{"text":"음 이거는 근데 뭔가 질문이 조금 순서가 잘못된 것 같아요. 네 소통 능력을 키우기 위해서 어떤 일을 해야 되냐 음 그것보다는 그냥 무슨 일을 하던 간에 거기에서 어떻게 소통 능력을 키울 수 있을까. 그렇게 어 스스로 궁금함이 시작되어야 되는 거 아닐까요. 어떤 일을 하던 간에 맞나 똑같은 건가요 이게. 그러니까 특정한 직업을 찾기보단 어떤 직업에 있든 간에 거기서 이제 소통하기 위함으로 시작을 해야 될 것 같은데 근데 음 모르겠어요. 사실 이게 소통이라는 것도 너무 주관적이긴 한데 저는 그냥 어떠한 위치든 간에 그 직업적 위치든 간에 어 상대에 대한 어 상대라면 나와 대화를 하거나 나와 같은 어 일을 하거나 저 사람이라면 이런 생각을 조금 자주 하도록 하는 게 많이 달라질 수 있는 어떤 시작점인 것 같아요.","wordCount":115},"emotion":[],"intent":[{"text":"","expression":"","category":"attitude"}],"summary":{"text":"어떤 직업을 찾기보다 어떤 직업에 있든 간에 거기서 소통하기 위해 시작을 해야 될 것 같은데 저는 직업적 위치든 간에 상대에 대한 생각을 자주 하도록 하는 것이 많이 달라질 수 있는 시작점인 것 같습니다.","wordCount":33}}},"rawDataInfo":{"question":{"fileFormat":"wav","fileSize":563278,"duration":17600,"samplingBit":16,"channelCount":1,"samplingRate":"16kHz","audioPath":"/Mock/07.ProductionManufacturing/Male/Experienced/ckmk_q_mm_m_e_177793.wav"},"answer":{"fileFormat":"wav","fileSize":2821838,"duration":88180,"samplingBit":16,"channelCount":1,"samplingRate":"16kHz","audioPath":"/Mock/07.ProductionManufacturing/Male/Experienced/ckmk_a_mm_m_e_177793.wav"}}}