{"version":"1.0","dataSet":{"info":{"date":"20230116","occupation":"MM","channel":"MOCK","place":"ONLINE","gender":"MALE","ageRange":"-34","experience":"EXPERIENCED"},"question":{"raw":{"text":"우리 회사에 들어와 앞으로 전문적으로 다뤄보고 싶은 시설이나 장비가 있다면 말씀해 주세요","wordCount":12},"emotion":[],"intent":[]},"answer":{"raw":{"text":"아무래도 지금 캐드캠 프로그램을 짜고 그와 그에 관련된 실무를 하는 입장에서 어 주로 지금까지 입사를 해서 투디 프로그램만 많이 프로그램을 만져 왔었습니다. 하지만 그것 뿐만이 아니라 쓰리디도 같이 할 줄 알아야 하나의 금형 베이스 몰드 베이스를 만드는데 처음부터 끝까지 할 수 있기 때문에 지금은 쓰리디 프로그램과 쓰리디 설계와 모델링을 더욱 배워보고 싶습니다. 그래서 지금 저희 회사에서 하고 있는 것들과 더불어서 어 아 또 하나 더 있는데 이제 건드릴나 우측 가공과 같은 것들은 지금 우리 회사에서 하는 것보다 조금 더 하이 레벨에 있는 다루는 장비들이기 때문에 그런 것들까지도 하게 된다면 저에 가치를 더욱더 높일 수 있고 더욱 전문적인 인력이 되는 부분이지 않을까 생각되어서 그런 것들을 더욱 공부하고 준비해 나가고 싶습니다.","wordCount":109},"emotion":[],"intent":[{"text":"","expression":"","category":"attitude"}],"summary":{"text":"캐드캠 프로그램을 짜고 그와 관련된 실무를 하는 입장에서 투디 프로그램 뿐만 아니라 쓰리디도 같이 할 줄 알아야 하나의 금형 베이스 몰드 베이스를 만드는데 처음부터 끝까지 할 수 있기 때문에 지금은 쓰리디 프로그램과 설계와 모델링을 더욱 배워보고 싶습니다.","wordCount":37}}},"rawDataInfo":{"question":{"fileFormat":"wav","fileSize":306638,"duration":9580,"samplingBit":16,"channelCount":1,"samplingRate":"16kHz","audioPath":"/Mock/07.ProductionManufacturing/Male/Experienced/ckmk_q_mm_m_e_288205.wav"},"answer":{"fileFormat":"wav","fileSize":2822478,"duration":88200,"samplingBit":16,"channelCount":1,"samplingRate":"16kHz","audioPath":"/Mock/07.ProductionManufacturing/Male/Experienced/ckmk_a_mm_m_e_288205.wav"}}}