{"version":"1.0","dataSet":{"info":{"date":"20230116","occupation":"MM","channel":"MOCK","place":"ONLINE","gender":"MALE","ageRange":"45-54","experience":"EXPERIENCED"},"question":{"raw":{"text":"기술 파트에도 여러 가지가 있는데요 지원자님께서 가장 본인이 자신 있는 기술 분야는 어떤 분야라고 생각하시는지 그 이유와 함께 말씀해 주시겠습니까","wordCount":20},"emotion":[],"intent":[]},"answer":{"raw":{"text":"저는 비록 그 신입 사원으로 지원을 하는 거지만 생산 공정의 마지막 라인인 검수 라인에서 어 알파베타 프로그램을 운영할 줄 압니다. 어 저는 그 약 육 개월 동안 인턴 사원을 거치면서 전에 인턴 사원을 어 인턴으로 근무하던 곳에서 어 생산 라인의 마지막인 검수 라인에서 알파베타 프로그램을 어 직접 실행해보고 운영해보고 그거에 대한 정비를 맡아서 해 본 경험이 있습니다. 어 저는 제가 만약에 입사만 할 수 있다면 어 지금 우리 공장의 생산 라인에서 검수 라인에서 배속되기를 원합니다. 저는 나름의 그 프로그램을 운영하는 데 한 노하우를 가지고 있으며 그 노하우를 어 잘 사용하고 기계에 대한 이해를 기계 생산 라인에 대한 이해도가 높으며 실 실습을 해봤기 때문에 어 당장 배치된다고 해도 그 프로그램을 잘 운영할 자신이 있습니다.","wordCount":113},"emotion":[{"text":"어 저는 그 약 육 개월 동안 인턴 사원을 거치면서 전에 인턴 사원을   어 인턴으로 근무하던 곳에서 어 생산 라인의 마지막인 검수 라인에서 알파베타   프로그램을 어 직접 실행해보고 운영해보고 그거에 대한 정비를 맡아서 해 본 경험이 있습니다.","expression":"u-fact","category":"neutral"}],"intent":[{"text":"어 저는 그 약 육 개월 동안 인턴 사원을 거치면서 전에 인턴 사원을   어 인턴으로 근무하던 곳에서 어 생산 라인의 마지막인 검수 라인에서 알파베타   프로그램을 어 직접 실행해보고 운영해보고 그거에 대한 정비를 맡아서 해 본 경험이 있습니다.","expression":"f_equip","category":"technology"},{"text":"저는 나름의   그 프로그램을 운영하는 데 한 노하우를 가지고 있으며 그 노하우를 어 잘 사용하고   기계에 대한 이해를 기계 생산 라인에 대한 이해도가 높으며 실 실습을 해봤기 때문에 어 당장 배치된다고 해도 그   프로그램을 잘 운영할 자신이 있습니다.","expression":"f_equip","category":"technology"}],"summary":{"text":"저는 신입 사원이지만 생산 공정의 마지막 라인인 검수 라인에서 알파베타 프로그램을 운영할 줄 알고 있습니다. 제가 입사만 할 수 있다면 어 지금 우리 공장의 생산 라인에서검수 라인에 배속되기를 원합니다. 알고리즘을 잘 사용하고 기계에 대한 이해도가 높으며 실 실습을 해봤기 때문에 프로그램을 잘 운영할 자신이 있습니다","wordCount":45}}},"rawDataInfo":{"question":{"fileFormat":"wav","fileSize":422158,"duration":13190,"samplingBit":16,"channelCount":1,"samplingRate":"16kHz","audioPath":"/Mock/07.ProductionManufacturing/Male/Experienced/ckmk_q_mm_m_e_161354.wav"},"answer":{"fileFormat":"wav","fileSize":2112718,"duration":66020,"samplingBit":16,"channelCount":1,"samplingRate":"16kHz","audioPath":"/Mock/07.ProductionManufacturing/Male/Experienced/ckmk_a_mm_m_e_161354.wav"}}}