{"version":"1.0","dataSet":{"info":{"date":"20230116","occupation":"MM","channel":"MOCK","place":"ONLINE","gender":"MALE","ageRange":"35-44","experience":"EXPERIENCED"},"question":{"raw":{"text":"직무 지식 역량 태도 이 세 가지 요소 중 본인이 가장 중요하다고 생각하는 것과 그 이유를 함께 말씀해 주시기 바랍니다","wordCount":20},"emotion":[],"intent":[]},"answer":{"raw":{"text":"직원에게 직무 지식과 역량 그리고 태도 이 세 가지 요소는 정말 중요한 요소라고 저는 생각을 하는데요. 그중에서도 이 태도 이 부분은 어 회사에 직원들이 아주 갖춰야 할 매우 중요한 부분이 가장 중요한 부분이라고 저는 믿고 있습니다. 어 일단 어 이 태도가 조금 음 직무 지식이나 역량이 아주 훌륭함에도 불구하고 태도가 좋지 않다면은 어 직장 동료들이 제일 어 불쾌하게 여길 수 있습니다. 회사는 개인의 능력으로 발전하지 않습니다. 회사는 회사의 직원들의 화합으로 발전을 합니다. 그렇기 때문에 회사의 직 직원들의 즉 동료들의 기분을 나쁘게 할 수 있는 그러한 태도는 우리가 고쳐야 될 가장 큰 부분이고 어 직무 지식과 역량도 중요하지만은 이 태도를 어 아주 좋은 태도를 갖추는 것이 제일 중요하다고 저는 생각을 하고 있습니다.","wordCount":111},"emotion":[],"intent":[{"text":"그렇기 때문에 회사의 직 직원들의 즉 동료들의 기분을 나쁘게 할 수 있는 그러한 태도는 우리가 고쳐야 될 가장 큰 부분이고 어 직무 지식과 역량도 중요하지만은 이 태도를 어 아주 좋은 태도를 갖추는 것이 제일 중요하다고 저는 생각을 하고 있습니다.","expression":"c_value","category":"background"}],"summary":{"text":"회사는 개인의 능력으로 발전하지 않으며 직원들의 화합으로 발전을 합니다. 따라서 직원들의 기분을 좋게 할 수 있는 그러한 태도는 고쳐야 될 가장 큰 부분이며 아주 좋은 태도를 갖추는 것이 가장 중요하다고 생각합니다.","wordCount":31}}},"rawDataInfo":{"question":{"fileFormat":"wav","fileSize":382158,"duration":11940,"samplingBit":16,"channelCount":1,"samplingRate":"16kHz","audioPath":"/Mock/07.ProductionManufacturing/Male/Experienced/ckmk_q_mm_m_e_250233.wav"},"answer":{"fileFormat":"wav","fileSize":2385358,"duration":74540,"samplingBit":16,"channelCount":1,"samplingRate":"16kHz","audioPath":"/Mock/07.ProductionManufacturing/Male/Experienced/ckmk_a_mm_m_e_250233.wav"}}}