{"version":"1.0","dataSet":{"info":{"date":"20230116","occupation":"MM","channel":"MOCK","place":"ONLINE","gender":"MALE","ageRange":"35-44","experience":"EXPERIENCED"},"question":{"raw":{"text":"지원자님의 단점은 어떤 것인가요 그리고 이를 보완하기 위해서 어떤 노력을 해 왔는지 그 노력도 같이 한 번 말씀해 주세요","wordCount":19},"emotion":[],"intent":[]},"answer":{"raw":{"text":"저의 가장 큰 단점은 바로 인내심의 결여입니다. 실제적으로 성공한 사람들을 보면 엄청나게 많은 인내를 했던 것을 알고 있는데 저는 추진력이 뛰어난 대신 한 번 두 번 도전했던 것에 실패를 하면 스스로 좌절을 하고 다시는 그 일을 쳐다도 보지 않는 그런 인내심 결핍에 문제가 있었습니다. 그런데 성공한 사업가들을 보면 실제로 도전했다가 잘 안 된 것을 실패라고 여기질 않습니다. 실패가 아니라 그것은 가설의 검증이 잘못된 것입니다. 예를 들어 우리가 어떤 실험을 할 때 여러 가지 가설을 세웁니다. 그런데 그 가설이 하나하나 틀릴 때마다 실패라고 생각하지 않고 성공으로 다가가기 위한 데이터 값을 축적한다고 생각을 하면 오히려 실패를 할 때마다 내 스스로가 하나의 지식과 경험을 쌓았구나 이거를 기반으로 성공할 수 있는 발판이 마련되었구나 라고 생각을 해야 된다는 것입니다. 그래서 저는 그 실패를 또는 인내의 부족을 극복하기 위해서 실패 또는 좌절할 때마다 스스로 일기장에 내용을 기록했습니다. 제가 어떤 실패를 했고 이때 어떤 마음가짐이었고 이 더 이 데이크 데이터 값은 어땠다 그렇기 때문에 다음에는 이런 실패를 겪지 않기 위해서 이러이러게 도전을 해야겠다라고 하는 데이터 값을 완전히 적립할 수 있었습니다.","wordCount":163},"emotion":[],"intent":[{"text":"저의 가장 큰 단점은 바로 인내심의 결여입니다.","expression":"c_person","category":"background"}],"summary":{"text":"성공 사업가들의 가장 큰 단점은 인내심 결핍인데, 이는 가설의 검증이 잘못되었기 때문입니다. 가설이 틀릴 때마다 실패라고 생각하지 않고 실패할 때마다 하나의 지식과 경험을 쌓구나 이것을 기반으로 성공할 수 있는 발판이 마련되었구나 라고 생각해야 합니다. 그래서 실패 또는 좌절할 때마다 스스로 일기장에 내용을 기록하였습니다.","wordCount":43}}},"rawDataInfo":{"question":{"fileFormat":"wav","fileSize":333518,"duration":10420,"samplingBit":16,"channelCount":1,"samplingRate":"16kHz","audioPath":"/Mock/07.ProductionManufacturing/Male/Experienced/ckmk_q_mm_m_e_167076.wav"},"answer":{"fileFormat":"wav","fileSize":2832718,"duration":88520,"samplingBit":16,"channelCount":1,"samplingRate":"16kHz","audioPath":"/Mock/07.ProductionManufacturing/Male/Experienced/ckmk_a_mm_m_e_167076.wav"}}}