{"version":"1.0","dataSet":{"info":{"date":"20230116","occupation":"MM","channel":"MOCK","place":"ONLINE","gender":"MALE","ageRange":"55-","experience":"EXPERIENCED"},"question":{"raw":{"text":"지원자님께서 생각하시는 가장 생산적인 교대 근무 형태가 있습니까 만약 있다면 무엇인지 지원자님의 생각을 들어 그 근거를 설명해 주시겠습니까","wordCount":18},"emotion":[],"intent":[]},"answer":{"raw":{"text":"어 항상 회사에 들어가게 되면 음 어 교대 근무라는 게 항상 발생이 되는데요. 교대도 이 교대가 있고 또 삼교대가 있습니다. 저는 삼교대를 선호를 하고요. 항상 교대 근무라는 것은 생산적인 곳에 투입이 되기 때문에 그분들이 체력이 항상 어 고갈되는 그런 일이 없어야 됩니다. 체력이 어 약하다 보면 항상 어 위험에 노출되고 어 그러기 때문에 에 교대 근무 형태는 항상 음 여러 가지 여건을 감안해서 해야 된다고 생각을 하고요. 저는 군대에 있을 때도 뭐 불침번이라든가 근무를 나가면서 항상 교대를 해 왔기 때문에 굉장히 그런 부분에 대해서는 몸에 배어 있습니다. 그렇기 때문에 어 가장 어 어 또 교대 근무를 제가 잘 할 걸 어 같습니다. 그리고 어 이 교대 근무라는 것은 어 항상 어 그 어 잠과의 싸움 어 또는 어 또 체력의 싸움 어 이런 게 복합적으로 이루어져야 되기 때문에 그 형태는 제 삼교대가 굉장히 합리적이지 않을까 생각을 합니다.","wordCount":137},"emotion":[],"intent":[{"text":"저는 삼교대를 선호를 하고요.","expression":"f_shift","category":"technology"},{"text":"항상 교대 근무라는 것은 생산적인 곳에 투입이 되기 때문에 그분들이 체력이 항상 어 고갈되는 그런 일이 없어야 됩니다.","expression":"f_shift","category":"technology"},{"text":"체력이 어 약하다 보면 항상 어 위험에 노출되고 어 그러기 때문에 에 교대 근무 형태는 항상 음 여러 가지 여건을 감안해서 해야 된다고 생각을 하고요.","expression":"f_shift","category":"technology"},{"text":"저는 군대에 있을 때도 뭐 불침번이라든가 근무를 나가면서 항상 교대를 해 왔기 때문에 굉장히 그런 부분에 대해서는 몸에 배어 있습니다.","expression":"f_shift","category":"technology"},{"text":"그렇기 때문에 어 가장 어 어 또 교대 근무를 제가 잘 할 걸 어 같습니다.","expression":"f_shift","category":"technology"},{"text":"그리고 어 이 교대 근무라는 것은 어 항상 어 그 어 잠과의 싸움 어 또는 어 또 체력의 싸움 어 이런 게 복합적으로 이루어져야 되기 때문에 그 형태는 제 삼교대가 굉장히 합리적이지 않을까 생각을 합니다.","expression":"f_shift","category":"technology"}],"summary":{"text":"회사에서는 항상 교대 근무가 발생합니다. 항상 생산적인 곳에 투입이 되기 때문에 에너지가 항상 고갈되는 일이 없어야 합니다. 그래서 교대 근무 형태는 항상 여러 가지 여건을 감안해야 된다고 생각합니다. 그 형태는 삼교대로 아주 합리적이라고 생각합니다.","wordCount":34}}},"rawDataInfo":{"question":{"fileFormat":"wav","fileSize":513998,"duration":16059,"samplingBit":16,"channelCount":1,"samplingRate":"16kHz","audioPath":"/Mock/07.ProductionManufacturing/Male/Experienced/ckmk_q_mm_m_e_235845.wav"},"answer":{"fileFormat":"wav","fileSize":3415758,"duration":106740,"samplingBit":16,"channelCount":1,"samplingRate":"16kHz","audioPath":"/Mock/07.ProductionManufacturing/Male/Experienced/ckmk_a_mm_m_e_235845.wav"}}}