{"version":"1.0","dataSet":{"info":{"date":"20230116","occupation":"MM","channel":"MOCK","place":"ONLINE","gender":"MALE","ageRange":"55-","experience":"EXPERIENCED"},"question":{"raw":{"text":"우리 주변에는 여러 종류의 차단기가 있습니다 본인이 알고 계신 차단기 중에 하나 예를 들고 그 차단기에 대해서 설명해 주세요","wordCount":19},"emotion":[],"intent":[]},"answer":{"raw":{"text":"차단기는 어 우리들한테 필수적이죠. 어 항상 위험 요소가 내포되기 때문에 그 차단기라는 자체가 어 저희들한테 굉장히 생명을 보호해주는 굉장히 중요한 어 차단기라고 생각을 해서 그 저희들이 그 가깝게 채 접할 수 있는 게 에 지금 전기 사용을 많이 하고 있는데요. 어 어 뭐 모든 전기 사용에 에 에 이용되는 게 어 차단기라고 할 수 있습니다. 그것들이 불도 날 수 있고 또 또는 감전될 수도 있고 그러는데 이 차단기로 인해서 생명을 많이 보호를 한다고 볼 수가 있습니다. 이 차단기는 현대사회에서 필수적이고 꼭 필요로 하는 그런 아주 중요한 어 에 물품의 에 성격이라고 볼 수 있습니다. 이 차단기를 에 이용하지 않으면 어 굉장히 위험한 상태까지 가기 때문에 차단기라는 자체는 굉장히 우리한테 에 쉽게 접할 수 있지만 또 중요한 물품이라고 생각을 합니다.","wordCount":119},"emotion":[],"intent":[{"text":"","expression":"","category":"attitude"}],"summary":{"text":"차단기는 현대사회에서 꼭 필요로 하는 중요한 물품의 성격입니다. 차단기를 이용하지 않으면 굉장히 위험한 상태까지 가기 때문에 차단기는 굉장히 우리한테 쉽게 접할 수 있지만 또 중요한 물품이라고 생각합니다.","wordCount":27}}},"rawDataInfo":{"question":{"fileFormat":"wav","fileSize":410318,"duration":12820,"samplingBit":16,"channelCount":1,"samplingRate":"16kHz","audioPath":"/Mock/07.ProductionManufacturing/Male/Experienced/ckmk_q_mm_m_e_180414.wav"},"answer":{"fileFormat":"wav","fileSize":2859278,"duration":89350,"samplingBit":16,"channelCount":1,"samplingRate":"16kHz","audioPath":"/Mock/07.ProductionManufacturing/Male/Experienced/ckmk_a_mm_m_e_180414.wav"}}}