{"version":"1.0","dataSet":{"info":{"date":"20230116","occupation":"MM","channel":"MOCK","place":"ONLINE","gender":"MALE","ageRange":"55-","experience":"EXPERIENCED"},"question":{"raw":{"text":"이전 직장을 그만둔 특별한 이유가 있나요 그리고 현 직장도 같은 이유로 그만둘 가능성이 있는지 말씀해 주세요","wordCount":16},"emotion":[],"intent":[]},"answer":{"raw":{"text":"어 이전 직장이 저는 쫌 오래됐는데요. 어 이십 대 에 중반부터 어 삼십 대 후반 어 초반까지 한 칠 년을 농협을 다녔습니다. 어 특별한 이유는 제가 어 개인 관리를 소홀히 해서 어 쪼금 사생활 적으로 문제가 돼 가지고 어 굉장히 어 직장 생활하는 게 어려움이 많아서 제가 그만 뒀습니다. 지금 많이 에 후회를 하고 어 그런 일이 다시 발생되지 않도록 노력을 해야 되겠죠. 어 현 직장에서도 어 근무를 하게 되면 그 어 그 전에 그만둔 이유 땜에 또 직장을 그만둘 가능성이 전혀 없다고 생각을 합니다. 어 그런 사생활 관리를 제 나름대로 그 잘 관리를 하고 있기 때문에요. 그리고 또 건강 관리도 열심히 하고 있어서 어 이전 같은 그런 어 후회할 후회되는 일이 없도록 어 최선을 다해서 제 사생활 관리를 잘 하도록 하겠습니다.","wordCount":122},"emotion":[{"text":"어 이십 대 에 중반부터 어 삼십 대 후반 어 초반까지 한 칠 년을 농협을 다녔습니다.","expression":"u-fact","category":"neutral"}],"intent":[{"text":"","expression":"","category":"attitude"}],"summary":{"text":"이전 직장은 이십 대 중반부터 삼십 대 초반까지 농협을 다녔는데, 개인 관리를 소홀히 해서 사생활 문제로 직장을 그만두었습니다. 현 직장에서도 근무를 하게 되면 그 전에 그만둔 이유 때문에 그만둘 가능성은 전혀 없다고 생각하며, 앞으로 사생활 관리를 잘 하겠습니다.","wordCount":38}}},"rawDataInfo":{"question":{"fileFormat":"wav","fileSize":353678,"duration":11050,"samplingBit":16,"channelCount":1,"samplingRate":"16kHz","audioPath":"/Mock/07.ProductionManufacturing/Male/Experienced/ckmk_q_mm_m_e_180413.wav"},"answer":{"fileFormat":"wav","fileSize":2865998,"duration":89560,"samplingBit":16,"channelCount":1,"samplingRate":"16kHz","audioPath":"/Mock/07.ProductionManufacturing/Male/Experienced/ckmk_a_mm_m_e_180413.wav"}}}