{"version":"1.0","dataSet":{"info":{"date":"20230116","occupation":"MM","channel":"MOCK","place":"ONLINE","gender":"MALE","ageRange":"-34","experience":"EXPERIENCED"},"question":{"raw":{"text":"우리 회사에 들어오게 된다면 가장 가고 싶은 부서는 어디인가요 또한 왜 그렇게 생각하고 계시는지 이유도 함께 말씀 부탁드립니다","wordCount":18},"emotion":[],"intent":[]},"answer":{"raw":{"text":"저는 기술적인 부분에 어 관심이 있습니다. 사실 우리나라가 지금 많이 에이아이가 되어가고 있고 자동화가 많이 되어가고 있는 그러한 현 시대를 살아가고 있는데 그럼으로써 더욱더 인간이 설 수 있는 자리는 점점 좁아지고 많은 부분들이 로봇화 자동화가 되어 갈 거라고 생각을 합니다. 그럼으로써 최근에 많은 프로그램 프로그래머들이나 코딩과 같은 것들이 나오는 것들이 그럼으로써 각광을 받게 되는 것들이고 앞으로도 그러한 부분이 많이 더욱더 성장이 될 거라고 생각을 합니다. 그래서 그러한 것들에 대체가 되지 않으려면 저 또한 그 한 부분에 있어야 되고 그렇지 않으면 그러한 대체할 수 없는 특별한 무언가를 할 줄 아는 사람이 되어야 된다고 생각을 합니다. 매우 창의적이어서 새로운 것들을 만들어내는 사람 그렇지 않으면 그러한 에이아이와 어떠한 자동화에 대해서 다룰 줄 아는 사람 둘 중에 하나는 되어야 지금 있는 이 시대 가운데에 어 내가 더욱더 전문적인 인력으로 그리고 나를 내가 어딘가에 쓸모 있는 사람으로 내가 필요로 하는 사람으로서 있을 수 있다고 생각합니다.","wordCount":140},"emotion":[],"intent":[{"text":"","expression":"","category":"attitude"}],"summary":{"text":"많은 부분에서 로봇화 자동화가 되어가고 있고, 프로그램 프로그래머들이나 코딩과 같은 것들이 각광을 받게 될 것입니다. 그러한 것들에 대체가 되지 않으려면 저 또한 한 부분에 있어야 되고 대체할 수 없는 특별한 무언가를 할 줄 아는 사람이 되어야 합니다.","wordCount":37}}},"rawDataInfo":{"question":{"fileFormat":"wav","fileSize":615438,"duration":19230,"samplingBit":16,"channelCount":1,"samplingRate":"16kHz","audioPath":"/Mock/07.ProductionManufacturing/Male/Experienced/ckmk_q_mm_m_e_288208.wav"},"answer":{"fileFormat":"wav","fileSize":3353038,"duration":104780,"samplingBit":16,"channelCount":1,"samplingRate":"16kHz","audioPath":"/Mock/07.ProductionManufacturing/Male/Experienced/ckmk_a_mm_m_e_288208.wav"}}}