{"version":"1.0","dataSet":{"info":{"date":"20230116","occupation":"MM","channel":"MOCK","place":"ONLINE","gender":"MALE","ageRange":"35-44","experience":"EXPERIENCED"},"question":{"raw":{"text":"과거에 본인이 맞닥뜨렸던 어려운 문제를 해결하기 위해 어떤 아이디어를 제안하였고 그때 무엇을 했는지 그 과정에 대해서 말씀해 주세요","wordCount":18},"emotion":[],"intent":[]},"answer":{"raw":{"text":"어 업무를 하다 보면은 예상치 못한 문제 어려운 문제 오갈 상황 위기 뭐 여러 가지들이 많이 있습니다. 그런 상황에서 극복할 수 있는 창의적인 아이디어 또 자기가 갖고 있던 경험 노하우들을 통해서 극복하기 마련인데 어 가장 기억에 남는 것 중의 하나는 일단 제가 그 전에 이제 남들이 해 보지 못한 일들을 좀 해 봤던 경험이 있기 때문에 그 경험을 살려서 정말 쉽게 해결했던 경험이 있었습니다. 네 이제 정말 해보 자기가 어 몸으로 부딪쳐서 해 본 일과 이렇게 어깨 너머로 본 일과 이 글로 보고 배운 일은 정말 틀립니다. 그래서 그때 팀원들이 이제 앞으로 조금 위험성을 느끼고 많이 좀 두려움을 느꼈던 단계였는데 그 제가 우연히 그 일을 해봤던 적이 있었고 그 일을 쉽게 해결했을 때 정말 뿌듯했었고 또 많은 또 성취감도 있었던 것 같습니다. 그래서 제가 이제 제일 중요하다고 여기는 부분이 이런 아이디어나 이런 것들을 갖추기 위해서는 수많은 경험을 통해서 전문가가 될 수 있는 것이고 하기 때문에 그런 것들을 대해서 또 하나 배울 수 있는 그런 계기가 되었던 기억이 있습니다. 네 이상입니다.","wordCount":160},"emotion":[],"intent":[{"text":"","expression":"","category":"attitude"}],"summary":{"text":"업무를 하다 보면 예상치 못한 문제, 어려운 문제, 오갈 상황 위기들이 많이 있는데, 이런 상황에서 극복할 수 있는 창의적인 아이디어나 갖고 있던 경험 노하우들을 통해서 극복하게 되는데, 제가 가장 중요하게 여기는 부분이 이런 아이디어나 이런 것들을 갖추기 위해서는 수많은 경험을 통해서 전문가가 될 수 있는 것입니다.","wordCount":46}}},"rawDataInfo":{"question":{"fileFormat":"wav","fileSize":355918,"duration":11120,"samplingBit":16,"channelCount":1,"samplingRate":"16kHz","audioPath":"/Mock/07.ProductionManufacturing/Male/Experienced/ckmk_q_mm_m_e_191999.wav"},"answer":{"fileFormat":"wav","fileSize":2705998,"duration":84560,"samplingBit":16,"channelCount":1,"samplingRate":"16kHz","audioPath":"/Mock/07.ProductionManufacturing/Male/Experienced/ckmk_a_mm_m_e_191999.wav"}}}