{"version":"1.0","dataSet":{"info":{"date":"20230116","occupation":"MM","channel":"MOCK","place":"ONLINE","gender":"MALE","ageRange":"55-","experience":"EXPERIENCED"},"question":{"raw":{"text":"다양한 설계 프로그램이 있는데 그중 본인이 다룰 수 있는 설계 프로그램에는 어떤 것이 있는지 자세하게 얘기해 주세요 그리고 얼마나 사용할 수 있는지도 함께 알려주세요","wordCount":24},"emotion":[],"intent":[]},"answer":{"raw":{"text":"어 요즘 어 어 시대가 어 프로그램 시대가 되 있습니다. 아 옛날에는 어 수기로 어 주판도 놓고 어 또 주판에 의해서 어 숫자를 계산을 하고 하는데 요즘은 어 프로그램들이 다양하며 컴퓨터 내에가 내장이 돼 있습니다. 그러기 때문에 굉장히 중요한 역할을 하죠. 그래서 어 저는 뭐 설계 프로그램이 어 있냐고 물어보셨는데요. 어 엑셀 프로그램이 네 저는 일급으로 받을 수 있는 그 프로그램 자격증을 갖추고 있습니다. 그래서 어 설계 에 또 숫자만 넣으면 자동으로 숫자가 계산되는 그런 프로그램으로 이기 때문에 공부를 하였구요. 앞으로도 그 어 프로그램을 굉장히 어려움이 있기 때문에 이렇게 손에 익도록 어 계속 어 승화시키는 그런 공부를 할 예정입니다.","wordCount":99},"emotion":[],"intent":[{"text":"앞으로도 그 어 프로그램을 굉장히 어려움이 있기 때문에 이렇게 손에 익도록 어 계속 어 승화시키는 그런 공부를 할 예정입니다.","expression":"c_imp","category":"personality"}],"summary":{"text":"요즘 프로그램은 다양하며 컴퓨터 내에 내장 돼 있어 중요한 역할을 합니다. 그래서 저는 엑셀 프로그램을 일급으로 받을 수 있는 프로그램 자격증을 가지고 있습니다. 앞으로도 프로그램을 손에 익도록 공부를 할 예정입니다.","wordCount":30}}},"rawDataInfo":{"question":{"fileFormat":"wav","fileSize":492878,"duration":15400,"samplingBit":16,"channelCount":1,"samplingRate":"16kHz","audioPath":"/Mock/07.ProductionManufacturing/Male/Experienced/ckmk_q_mm_m_e_186218.wav"},"answer":{"fileFormat":"wav","fileSize":2810318,"duration":87820,"samplingBit":16,"channelCount":1,"samplingRate":"16kHz","audioPath":"/Mock/07.ProductionManufacturing/Male/Experienced/ckmk_a_mm_m_e_186218.wav"}}}