{"version":"1.0","dataSet":{"info":{"date":"20230116","occupation":"MM","channel":"MOCK","place":"ONLINE","gender":"MALE","ageRange":"55-","experience":"EXPERIENCED"},"question":{"raw":{"text":"본인이 직접 해외 출장 장소를 선택할 수 있다면 어 꼭 한번 가서 일해 보고 싶은 나라가 있습니까","wordCount":17},"emotion":[],"intent":[]},"answer":{"raw":{"text":"음 일을 하다 보면 어 어 회사에서 해외 어 출장 장소를 어 또 안 갈 수가 없죠. 어 출장을 가게 된다면 저는 어 낙후된 음 어 이곳을 가보고 싶습니다. 캄보디아 쪽에 한 번 어 출장을 가서 어 거기에 따르는 어 어떤 구성원의 에 에 방향으로 가고 있는지를 좀 파악을 하고 싶기도 하고요. 우리나라가 육 이 오 전쟁 이후 굉장히 어려움을 많이 겪었고 그때는 후진성을 면허지를 못 했고 어 주식도 어 어려워서 굉장히 어렸을 때 어려웠던 그런 경험을 해 봤기 때문에 어 캄보디아 같은 곳에 가서 어 우리가 어 어떤 어 일들을 할 수 있는가 또는 어 국민성 어 또 그쪽에 에 주식은 무엇이며 어 이런 그 사고 방식은 어떤 게 있는지 모든 걸 파악을 하고 싶어서 어 직접 어 캄보디아를 한 번 어 출장 장소로 잡고 싶습니다.","wordCount":127},"emotion":[],"intent":[{"text":"","expression":"","category":"attitude"}],"summary":{"text":"업무의 연장선상에서 캄보디아 출장을 가보고 싶습니다. 이 곳에 가서 우리가 할 수 있는 일, 국민성, 주식에 대해 파악하고 사고 방식을 파악하고자 합니다.","wordCount":22}}},"rawDataInfo":{"question":{"fileFormat":"wav","fileSize":350798,"duration":10960,"samplingBit":16,"channelCount":1,"samplingRate":"16kHz","audioPath":"/Mock/07.ProductionManufacturing/Male/Experienced/ckmk_q_mm_m_e_185680.wav"},"answer":{"fileFormat":"wav","fileSize":2896398,"duration":90510,"samplingBit":16,"channelCount":1,"samplingRate":"16kHz","audioPath":"/Mock/07.ProductionManufacturing/Male/Experienced/ckmk_a_mm_m_e_185680.wav"}}}