{"version":"1.0","dataSet":{"info":{"date":"20230116","occupation":"MM","channel":"MOCK","place":"ONLINE","gender":"MALE","ageRange":"45-54","experience":"EXPERIENCED"},"question":{"raw":{"text":"지원자님이 생각하기에 대한민국 금융정책기관으로서 우리 신용보증기금이 신용보증기금이 호가 대해야 할 업무 영역이 있다면 어떤 것이 있는지 말씀해 주실 수 있나요","wordCount":20},"emotion":[],"intent":[]},"answer":{"raw":{"text":"신용 보증 기금은 국민의 세금으로 운영이 되는 공 공기업으로써 어 신청 기업의 요청에 의해 기업의 기업이 부담하는 각종 채무를 보증함으로써 성장 유망한 중소기업들에 대한 지원을 주 업무로 하고 있습니다. 어 또한 이 신용 보증 기금은 어 기업에서에 담보 문제를 해소해주고 은행으로부터 대출 거래처로부터 물품 문 등을 공급받는데 부족한 담보를 제공함으로써 기업이 좀 더 안정적으로 그 운영을 할 수 있게 도와주는 업무를 하고 있습니다. 또한 신용 보증 기금은 비용을 정가 절감해주는데 은행은 신용 보증 대출에 대해 우대 금리를 적용해 줍니다. 그렇기 때문에 적은 돈으로 어 적은 금리로 어 은행에 자금을 빌려쓸 수 있고 그 자금을 이용해 사업을 더 확장하거나 이렇게 증대시킬 수 있습니다. 또한 부동산 대출에 따른 비용이 절감되고 민간 보증 회사보다 보증료가 저렴하기 때문에 기업에서 주로 잘 이용을 하고 있습니다. 저는 개인적으로는 이 신용 보증 기금이 기업 뿐만 아니라 개인에게도 어 좀 더 그 개인에게도 그 혜택을 확대되 해야 된다고 생각하고 있습니다.","wordCount":142},"emotion":[],"intent":[{"text":"","expression":"","category":"attitude"}],"summary":{"text":"신용 보증 기금은 신청 기업의 요청에 의해 기업의 기업이 부담하는 각종 채무를 보증함으로써 성장 유망한 중소기업들에 대한 지원을 주 업무로 하고 있습니다. 개인적으로는 신용 보증 기금이 기업 뿐만 아니라 개인에게도 더 그 혜택을 확대하여 적용시켜야 한다고 생각합니다.","wordCount":37}}},"rawDataInfo":{"question":{"fileFormat":"wav","fileSize":448078,"duration":14000,"samplingBit":16,"channelCount":1,"samplingRate":"16kHz","audioPath":"/Mock/07.ProductionManufacturing/Male/Experienced/ckmk_q_mm_m_e_161359.wav"},"answer":{"fileFormat":"wav","fileSize":2750798,"duration":85960,"samplingBit":16,"channelCount":1,"samplingRate":"16kHz","audioPath":"/Mock/07.ProductionManufacturing/Male/Experienced/ckmk_a_mm_m_e_161359.wav"}}}