{"version":"1.0","dataSet":{"info":{"date":"20230116","occupation":"MM","channel":"MOCK","place":"ONLINE","gender":"MALE","ageRange":"35-44","experience":"EXPERIENCED"},"question":{"raw":{"text":"만약 지원자님께서 근무를 하실 때에 타 부서와 갈등이 생기게 된다면 그 갈등 상황을 어떻게 해결할 수 있을까요 지원자님께서 그 상황을 가정해서 어떻게 해결하실지에 대해서 한 번 저희에게 말씀해 주시기 바랍니다","wordCount":30},"emotion":[],"intent":[]},"answer":{"raw":{"text":"부서간의 갈등은 피할 수 없는 필연적인 요소입니다. 이유는 각 부서간에 부서 이기주의 또는 개인 이기주의 부서 간에 합일점이 안 이루어졌을 때 또는 회사의 구조적인 문제가 있을 때는 반드시 갈등이 발생하게 되어 있습니다. 이 때는 갈등의 쟁점이 무엇인지를 먼저 파악해야 됩니다. 첫 번째 부서 간에 이기주의 때문에 발생을 했다면 서로 부서 간에 대화와 타협을 통해서 어떻게 이것을 해결할 수 있고 우리가 얼마큼 양보할 수 있고 저쪽 쯤에서는 얼마큼 양보하여 우리가 프로젝트를 할 수 있는지에 대한 고민을 해야 됩니다. 그런데 그렇게 해결을 해도 회사에 구조적인 문제가 있다면 이것은 회사에 의사 최고 결정권자인 본부장이나 대표 이사에게 찾아가 이러이러한 문제로 인하여 이거를 해결해 줄 수 있는 방법을 찾고 싶습니다 라고 논의를 해야 됩니다. 예를 들어서 마케팅 부서에서는 일 억 원의 마케팅 비용으로 장비를 판매하고 판촉하고 싶어하는데 영업 팀에서는 일억 오천에 예산을 들여 마케팅 및 광고를 통하여 장비를 팔고 싶다 하면 이때는 구조적인 회사에 문제이기 때문에 의사 결정권자들이 일 억 이천 오백이나 일 억 삼천 만 원에 업무를 진행하라는 명령 하단이나 업무 지시 사항이 있어야지 그렇지 않으면 지속적인 갈등은 발생할 수 밖에 없습니다.","wordCount":168},"emotion":[],"intent":[{"text":"","expression":"","category":"attitude"}],"summary":{"text":"각 부서간 또는 부서간 합일점이 안 이루어졌을 때 또는 회사의 구조적인 문제가 있을 때 부서간 갈등은 필연적으로 발생합니다. 이때 갈등의 쟁점을 파악해야 합니다. 부서간 이기주의가 원인이라면 대화와 타협으로 해결할 수 있지만 구조적인 문제라면 본부장이나 대표 이사에게 찾아가 해결방법을 찾아야 합니다. 의사 결정권자들의 지시 사항이 있어야 갈등은 지속됩니다.","wordCount":47}}},"rawDataInfo":{"question":{"fileFormat":"wav","fileSize":608078,"duration":19000,"samplingBit":16,"channelCount":1,"samplingRate":"16kHz","audioPath":"/Mock/07.ProductionManufacturing/Male/Experienced/ckmk_q_mm_m_e_177170.wav"},"answer":{"fileFormat":"wav","fileSize":2787278,"duration":87100,"samplingBit":16,"channelCount":1,"samplingRate":"16kHz","audioPath":"/Mock/07.ProductionManufacturing/Male/Experienced/ckmk_a_mm_m_e_177170.wav"}}}