{"version":"1.0","dataSet":{"info":{"date":"20230116","occupation":"MM","channel":"MOCK","place":"ONLINE","gender":"MALE","ageRange":"35-44","experience":"EXPERIENCED"},"question":{"raw":{"text":"지원자님께서 특별히 가고 싶은 회사가 있나요 특정 도메인이 중요한지 회사의 분위기가 중요한지 어떤 점을 중점적으로 보는지가 궁금합니다","wordCount":17},"emotion":[],"intent":[]},"answer":{"raw":{"text":"국내 기업 중에 백 대 대기업 또는 외국계 기업 중에 매출액 오천 억 이상의 회사를 가고 싶습니다. 일단 회사의 규모 및 비전 방향성이 가장 중요합니다. 작은 회사를 들어가서 많은 일을 배울 수도 있지만 실제로 큰 회사에 가서 좋은 시스템을 먼저 배워야 됩니다. 작은 회사는 가족 같은 분위기가 있을 수도 있지만 시스템이 안 잡혀 있거나 엉망이기 때문에 업무의 능률이라든가 배울 점이 많지 않은 경우가 많고 또 중소기업 같은 경우는 언제 회사가 도산하거나 연봉이나 또는 월급이 밀리는 경우들이 수두룩합니다. 또한 회사 분위기도 아주 중요합니다. 수직적이고 봉건적이고 군대 문화는 제가 아주 싫어하고 실제로 그런 곳에서는 업무의 성과 및 시너지가 나지 않습니다. 하지만 수평적인 분위기에 정말 프랜들리 하고 친구 같은 분위기를 만드는 곳은 시너지도 많이 나고 사람들의 근속 연수도 길면서 그렇게 시너지가 많이 나는 것으로 알고 있습니다.","wordCount":123},"emotion":[],"intent":[{"text":"","expression":"","category":"attitude"}],"summary":{"text":"백 대 대기업 또는 외국계 기업 중에 매출액 오천 억 이상의 회사를 가고 싶습니다. 우선 회사의 규모 및 비전 방향성이 가장 중요합니다. 또한 회사 분위기도 아주 중요합니다. 수평적인 분위기에 정말 프랜들리 하고 친구 같은 분위기를 만드는 곳은 시너지가 많이 나게 됩니다.","wordCount":41}}},"rawDataInfo":{"question":{"fileFormat":"wav","fileSize":416078,"duration":13000,"samplingBit":16,"channelCount":1,"samplingRate":"16kHz","audioPath":"/Mock/07.ProductionManufacturing/Male/Experienced/ckmk_q_mm_m_e_169857.wav"},"answer":{"fileFormat":"wav","fileSize":2220878,"duration":69400,"samplingBit":16,"channelCount":1,"samplingRate":"16kHz","audioPath":"/Mock/07.ProductionManufacturing/Male/Experienced/ckmk_a_mm_m_e_169857.wav"}}}