{"version":"1.0","dataSet":{"info":{"date":"20230116","occupation":"MM","channel":"MOCK","place":"ONLINE","gender":"MALE","ageRange":"55-","experience":"EXPERIENCED"},"question":{"raw":{"text":"회사의 덕목은 무엇이라고 생각하는지요 어 지원자님이 생각하는 좋은 회사는 어떤 회사인지 어 생각하시는 바를 말씀해 주시기 바랍니다","wordCount":17},"emotion":[],"intent":[]},"answer":{"raw":{"text":"어 회사는 어 항상 어 발전해야 되고 좋은 회사가 될려면 어 일단은 어 굉장히 이 어 발전된 에 앞으로 미래가 밝은 그런 회사가 좋은 회사라고 생각을 하고 또 회사의 덕목이 있다 라면 항상 어 사고 없는 무사고 어 회사가 돼야 되고요. 그다음에 에 서로 상생하는 그런 입장에서 움지 이에 준 그런 회사에 어 에 아름다움이 있어야지만이 에 회사의 덕목이 참 좋은 덕목이라 생각을 합니다. 항상 어 어 오늘은 직원들을 어 후생 을 위해서 어 또 어 복지를 위해서 노력해 주시고 어 하는 것을 또 직원은 또 어 어 씨이오를 어 존경하는 그런 입장으로 어 하게 되면 에 좋은 좋은 덕목이 나오지 않을까 생각을 하고요. 좋은 인사는 아 이 이 에 글로벌로 진출해서 열심히 깨끗한 회사가 에 좋을 거라고 생각이 됩니다.","wordCount":120},"emotion":[],"intent":[{"text":"","expression":"","category":"attitude"}],"summary":{"text":"좋은 회사가 되기 위해서는 발전된 회사, 사고 없는 회사, 서로 상생하는 회사, 아름다움이 있는 회사가 좋은 덕목이라고 생각합니다. 직원들을 위해 노력하는 직원도 좋은 덕목을 나오지 않을까 생각합니다. 좋은 인사는 글로벌로 진출한 깨끗한 회사가 좋습니다.","wordCount":34}}},"rawDataInfo":{"question":{"fileFormat":"wav","fileSize":391758,"duration":12240,"samplingBit":16,"channelCount":1,"samplingRate":"16kHz","audioPath":"/Mock/07.ProductionManufacturing/Male/Experienced/ckmk_q_mm_m_e_184257.wav"},"answer":{"fileFormat":"wav","fileSize":2887758,"duration":90240,"samplingBit":16,"channelCount":1,"samplingRate":"16kHz","audioPath":"/Mock/07.ProductionManufacturing/Male/Experienced/ckmk_a_mm_m_e_184257.wav"}}}