{"version":"1.0","dataSet":{"info":{"date":"20230116","occupation":"MM","channel":"MOCK","place":"ONLINE","gender":"MALE","ageRange":"55-","experience":"EXPERIENCED"},"question":{"raw":{"text":"창의성과 팀워크 중 더 중요한 것은 무엇이라고 생각하시나요 근거를 함께 들어서 가능한 구체적으로 설명 부탁드립니다","wordCount":15},"emotion":[],"intent":[]},"answer":{"raw":{"text":"회사에 들어가게 되면 항상 어 이 창의성도 있어야 되고요. 팀워크도 있어야 되겠죠. 어 거기에서 이루어지는 이제 모두 그 이 회사의 매출로 어 어 잡히기 때문에. 그러나 이 두 가지 중에 한 가지를 골라라하면 팀워크로 하고 싶습니다. 아무리 창의성이 좋다고 해도 힘간의 에 이런 커뮤니케이션이 안되면 절대적으로 저는 어 창의성 가지고는 회사가 발전되지 않을지 않을까 생각을 해서 팀워크로 했는데요. 어 팀워크라는 것은 어 상호 팀 간에 서로의 그 대화가 잘 돼야 되는데 반목만 하고 있으면 그 팀은 아마 고트리지 않을까 싶구요. 일 또한 추진하기 전에 에 아마 일이 엉망이 되지 않을까 싶은 생각이 들었어요. 그래서 팀워크를 했는데요. 팀워크는 정말 한 몸이 돼서 움직여야지만이 에 회사에 도움이 된다고 생각을 합니다.","wordCount":108},"emotion":[],"intent":[{"text":"","expression":"","category":"attitude"}],"summary":{"text":"회사는 창의성과 팀워크가 있어야 하는데, 전 창의성이 좋아도 팀원 간의 커뮤니케이션이 안 되면 발전이 없다고 생각합니다. 상호 대화가 잘 되어야 회사에 도움이 된다고 생각합니다.","wordCount":24}}},"rawDataInfo":{"question":{"fileFormat":"wav","fileSize":588878,"duration":18400,"samplingBit":16,"channelCount":1,"samplingRate":"16kHz","audioPath":"/Mock/07.ProductionManufacturing/Male/Experienced/ckmk_q_mm_m_e_186964.wav"},"answer":{"fileFormat":"wav","fileSize":2838798,"duration":88710,"samplingBit":16,"channelCount":1,"samplingRate":"16kHz","audioPath":"/Mock/07.ProductionManufacturing/Male/Experienced/ckmk_a_mm_m_e_186964.wav"}}}