{"version":"1.0","dataSet":{"info":{"date":"20230116","occupation":"MM","channel":"MOCK","place":"ONLINE","gender":"MALE","ageRange":"45-54","experience":"EXPERIENCED"},"question":{"raw":{"text":"기차가 운행 도중 산사태로 인해 삼십 분 동안 정차할 일이 생겼습니다 이 때 본인이 관리 책임의 위치해 있다면 어떤 방법으로 조치하실 건가요","wordCount":22},"emotion":[],"intent":[]},"answer":{"raw":{"text":"어 우선 제가 관리 책임자의 위치라 그러면 저는 일단 정확하게 파악하려고 애를 쓰겠습니다. 어 일단은 뭐 본사가 있을 테니깐 어 사무실에다 연락을 해서 지금의 현 상황은 어떤지 어떤 조치를 해야 되는지 등을 지시를 받고 어 개인적으로는 역시 어 이것이 산사태이기 기차가 산사태이기 때문에 이 차로 또 어 산사태가 일어날 수도 있기 때문에 일단은 기차와 승객의 안전을 최우선으로 하겠습니다. 어 외부로부터 정확한 정보를 수집하고 저 역시 어 현장의 정보를 수집을 해 가지고 어 손님의 안전을 최우선으로 해서 또한 기차가 뭐 산사태로 뭐 뭐 파손을 당하거나 그럼 안 되기 때문에 어 손님의 안정과 기차의 안전을 지키는 쪽으로 어 조치를 취하겠습니다.","wordCount":98},"emotion":[],"intent":[{"text":"","expression":"","category":"attitude"}],"summary":{"text":"산사태 발생 시 기차와 승객의 안전을 최우선으로 하겠습니다. 외부로부터 정확한 정보를 수집하고 저 역시 현장의 정보를 수집을 해 가지고 손님의 안전과 기차의 안전을 지키는 쪽으로 조치를 취하겠습니다.","wordCount":27}}},"rawDataInfo":{"question":{"fileFormat":"wav","fileSize":379598,"duration":11860,"samplingBit":16,"channelCount":1,"samplingRate":"16kHz","audioPath":"/Mock/07.ProductionManufacturing/Male/Experienced/ckmk_q_mm_m_e_153312.wav"},"answer":{"fileFormat":"wav","fileSize":1779918,"duration":55620,"samplingBit":16,"channelCount":1,"samplingRate":"16kHz","audioPath":"/Mock/07.ProductionManufacturing/Male/Experienced/ckmk_a_mm_m_e_153312.wav"}}}