{"version":"1.0","dataSet":{"info":{"date":"20230116","occupation":"MM","channel":"MOCK","place":"ONLINE","gender":"MALE","ageRange":"35-44","experience":"EXPERIENCED"},"question":{"raw":{"text":"지원자께서는 여러 가지 프로그램을 다룰 수 있다고 들었습니다 그렇다면 다룰 수 있는 프로그램은 무엇인지 말씀해 주시고 그것을 어느 수준으로 사용할 수 있는지 말씀해 주세요","wordCount":24},"emotion":[],"intent":[]},"answer":{"raw":{"text":"아 저는 뭐 여러분들도 잘 아시다시피 회사에서 사용하는 어 컴퓨터 프로그램의 거의 모든 수준 모든 프로그램을 다 수준급 이상으로 사용을 하고 있 할 수 있습니다. 그중에서도 가장 잘 사용할 수 있는 프로그램은 일단 한글 프로그램이고요. 저는 한글 프로그램의 모든 단축키를 다 외워 외우고 있기 때문에 다른 그 누구보다 더 빠르게 한글 작업을 할 수 있습니다. 그 다음으로 잘 사용하는 프로그램이 있다면은 마이크로소프트 소프트 오피스 파워 포인트인데요. 저는 음 대학 시절 이 파워 포인트 프로그램을 어 프로그램에 굉장히 재미가 있어서 그때부터 파워 포인트를 아주 잘 만들었고 그래서 지금은 팝 프로 파워 포인트 프로패셔널 자격증도 있을 정도로 파워 포인트를 잘 다루고 있습니다. 그래서 이전 직장에서도 발표 자료가 있을 때는 항상 저에게 제일 먼저 파워 포인트 만드는 것을 프레젠테이션 만드는 것을 부탁하는 경우도 많았습니다. 그래서 한글과 파워 포인트 이 두 가지 프로그램이 제가 제일 자신 있게 만들 사용할 수 있는 프로그램이라고 할 수 있습니다.","wordCount":141},"emotion":[],"intent":[{"text":"","expression":"","category":"attitude"}],"summary":{"text":"저는 회사에서 사용하는 컴퓨터 프로그램의 거의 모든 수준 모든 프로그램을 다 수준급 이상으로 사용하고 있습니다. 그중에서도 가장 잘 사용할 수 있는 프로그램은 한글 프로그램입니다. 다음으로 잘 사용하는 프로그램은 마이크로소프트 소프트 오피스 파워 포인트입니다. 제가 가장 자신 있게 만들 사용 가능한 프로그램은 한글과 파워 포인트 이 두 가지입니다.","wordCount":47}}},"rawDataInfo":{"question":{"fileFormat":"wav","fileSize":535118,"duration":16720,"samplingBit":16,"channelCount":1,"samplingRate":"16kHz","audioPath":"/Mock/07.ProductionManufacturing/Male/Experienced/ckmk_q_mm_m_e_250242.wav"},"answer":{"fileFormat":"wav","fileSize":2816398,"duration":88010,"samplingBit":16,"channelCount":1,"samplingRate":"16kHz","audioPath":"/Mock/07.ProductionManufacturing/Male/Experienced/ckmk_a_mm_m_e_250242.wav"}}}