{"version":"1.0","dataSet":{"info":{"date":"20230116","occupation":"MM","channel":"MOCK","place":"ONLINE","gender":"MALE","ageRange":"35-44","experience":"EXPERIENCED"},"question":{"raw":{"text":"여러 사람들끼리 일을 하다 보면 구성원들과 갈등이 생길 수도 있습니다 그럴 때는 어떤 방법으로 해결하시는 편인가요","wordCount":16},"emotion":[],"intent":[]},"answer":{"raw":{"text":"회사에서 업무를 수행하다 보면은 구성원들과 갈등이 당연히 생기기 마련입니다. 그럴 경우에는 가장 중요한 것이 팀장의 역할입니다. 팀장이 팀원들의 분위기를 잘 이끌어 나가 서로 간에 갈등이 일어나지 않게 분위기를 조성하는 것이 제일 중요하고 그 다음으로 중요한 것은 구성원들끼리 서로를 존중하는 것입니다. 뭐 예를 들어 뭐 회의를 하다 보면은 어 서로 간에 아이디어들이 충돌을 해서 갈등이 생길 때가 있는데요. 어 여기서 중요한 것은 그 아이디어가 충돌하는 것이지 그 구성원들이 이 충돌하는 것은 아니라는 것을 구성원들이 반드시 알아야 됩니다. 그래서 어 회의를 할 때는 회의를 하는 것이고 평소에는 구성원들끼리 잘 아주 원만히 잘 지내야 하는 것입니다.","wordCount":93},"emotion":[],"intent":[{"text":"","expression":"","category":"attitude"}],"summary":{"text":"회사에서 업무를 수행하다 보면 구성원들과 갈등이 생길 때가 있는데 이때 가장 중요한 것은 팀장의 역할입니다. 팀장이 팀원들의 분위기를 잘 이끌어 나가 서로 간에 갈등이 일어나지 않게 분위기를 조성하는 것이 제일 중요하고 다음은 구성원들끼리 서로를 존중하는 것입니다.","wordCount":36}}},"rawDataInfo":{"question":{"fileFormat":"wav","fileSize":327758,"duration":10240,"samplingBit":16,"channelCount":1,"samplingRate":"16kHz","audioPath":"/Mock/07.ProductionManufacturing/Male/Experienced/ckmk_q_mm_m_e_250240.wav"},"answer":{"fileFormat":"wav","fileSize":1958478,"duration":61200,"samplingBit":16,"channelCount":1,"samplingRate":"16kHz","audioPath":"/Mock/07.ProductionManufacturing/Male/Experienced/ckmk_a_mm_m_e_250240.wav"}}}