{"version":"1.0","dataSet":{"info":{"date":"20230116","occupation":"MM","channel":"MOCK","place":"ONLINE","gender":"MALE","ageRange":"-34","experience":"EXPERIENCED"},"question":{"raw":{"text":"지원자분께 질문 드리겠습니다 지원자께서는 엔지니어 경험이 많으신데요 그렇다면 엔지니어란 무엇이라고 생각하시는지 본인의 생각을 간략하게 말씀해 보십시오","wordCount":16},"emotion":[],"intent":[]},"answer":{"raw":{"text":"엔지니어라는 것은 기계 기계를 잘 아는 사람이라고 생각을 합니다. 쉽게 말해서 공학적인 지식이 뛰어난 사람이라고 볼 수 있습니다. 그렇기 때문에 공학에 대해서 기계에 대해서 어떻게 사람이 사람이 나의 몸을 움직이지 않고서도 기계가 기계들이 서로 어떻게 자기들끼리 움직여 가지고 어떤 움직임을 일으켜 일으켜 내는지 그런 원리들을 잘 파악하고 이를 실현하는 실현해내는 사람이라고 생각합니다. 그렇기 때문에 엔지니어가 되기 위해서는 엔진의 심장 모터 엔진을 움직이게 하는 에너지원 에너지원에 대한 이해가 꼭 필요하다고 생각을 합니다. 옛날부터는 석유를 태워서 석유를 폭발시켜서 얻는 그 힘으로 힘을 돌렸지만 요새는 전기 에너지가 각광을 받고 있습니다. 그렇기 때문에 최근 이슈 되고 있는 기후 에너지의 위기에 따라서 기후 위기를 극복하기 위해서도 전기 에너지에 대한 이해를 확실히 해야 정말 좋은 엔지니어가 될 수 있다고 생각을 합니다.","wordCount":115},"emotion":[],"intent":[{"text":"","expression":"","category":"attitude"}],"summary":{"text":"엔지니어는 기계를 잘 아는 사람입니다. 사람의 몸을 움직이지 않고서도 기계들이 어떤 움직임을 일으켜 내는지 원리들을 잘 파악하고 이를 실현해내는 사람입니다. 따라서 에너지원에 대한 이해가 필요합니다. 최근 기후 에너지의 위기에 따라서 기후 위기를 극복하기 위해서도 전기 에너지에 대한 이해가 꼭 필요합니다.","wordCount":40}}},"rawDataInfo":{"question":{"fileFormat":"wav","fileSize":464718,"duration":14520,"samplingBit":16,"channelCount":1,"samplingRate":"16kHz","audioPath":"/Mock/07.ProductionManufacturing/Male/Experienced/ckmk_q_mm_m_e_205096.wav"},"answer":{"fileFormat":"wav","fileSize":2917838,"duration":91180,"samplingBit":16,"channelCount":1,"samplingRate":"16kHz","audioPath":"/Mock/07.ProductionManufacturing/Male/Experienced/ckmk_a_mm_m_e_205096.wav"}}}