{"version":"1.0","dataSet":{"info":{"date":"20230116","occupation":"MM","channel":"MOCK","place":"ONLINE","gender":"MALE","ageRange":"-34","experience":"EXPERIENCED"},"question":{"raw":{"text":"어 지원자님께서 시간이 남을 때는 평소에 무슨 일을 하시나요 그리고 그런 일을 하신 하는 이유는 무엇인지 설명해 주시길 바랍니다","wordCount":19},"emotion":[],"intent":[]},"answer":{"raw":{"text":"시간이 남았다는 것은 하루의 에너지를 다 쏟지 않았는데도 시간이 남았다는 것을 의미한다고 저는 일단은 받아들이겠습니다. 그러면 나머지 하루를 마감시키기 위한 그 에너지를 마저 다 소진해야 된다고 저는 생각을 해요. 그래서 제가 계획 제가 계획했던 모든 일들이 다 이루어지고 나서 잠을 잘려고 하는데 잠을 잘 시간이 남았다거나 아니면 에너지가 너무 남아 있다고 생각이 좀 제 몸으로 느껴지게 되면 저는 밖에 나가서 자전거를 탑니다. 자전거를 언제까지 타느냐 지칠 때까지 자전거를 탑니다. 저는 이런 말씀을 제가 드리면 좀 웃길지도 모르겠지만 저는 완벽한 일벌레입니다. 완벽한 워커 홀릭이라고 얘기할 수 있어요. 그렇기 때문에 저에게는 다음날 일을 하기 위한 오늘의 쉼 오늘 거 끝냈으면 내일 거 하기 위한 준비밖에 없기 때문에 저는 시간이 남을 때 어떤 저의 즐거움을 위해서 나를 위해서 하는 것보다는 내일 할 일을 위해서 오늘을 온전히 소진시키고 내일을 위한 체력을 비축시키는 데 저의 어떤 초점이 모두 가 있기 때문에 그런 활동을 하고 있습니다.","wordCount":140},"emotion":[],"intent":[{"text":"저는 이런 말씀을 제가 드리면 좀 웃길지도 모르겠지만 저는 완벽한 일벌레입니다.","expression":"c_person","category":"background"},{"text":"완벽한 워커 홀릭이라고 얘기할 수 있어요.","expression":"c_person","category":"background"}],"summary":{"text":"저는 완벽한 일벌레로, 다음날 일을 하기 위한 오늘의 쉼 오늘 거 끝냈으면 내일 거 하기 위한 준비밖에 없기 때문에 저는 내일 할 일을 위해서 오늘을 온전히 소진시키고 내일을 위한 체력을 비축시키는 데 초점이 모두 가 있기 때문에 그런 활동을 하고 있습니다.","wordCount":41}}},"rawDataInfo":{"question":{"fileFormat":"wav","fileSize":433998,"duration":13560,"samplingBit":16,"channelCount":1,"samplingRate":"16kHz","audioPath":"/Mock/07.ProductionManufacturing/Male/Experienced/ckmk_q_mm_m_e_200539.wav"},"answer":{"fileFormat":"wav","fileSize":2865998,"duration":89560,"samplingBit":16,"channelCount":1,"samplingRate":"16kHz","audioPath":"/Mock/07.ProductionManufacturing/Male/Experienced/ckmk_a_mm_m_e_200539.wav"}}}