{"version":"1.0","dataSet":{"info":{"date":"20230116","occupation":"MM","channel":"MOCK","place":"ONLINE","gender":"MALE","ageRange":"55-","experience":"EXPERIENCED"},"question":{"raw":{"text":"지원자님이 생각하는 시간이 흘러서 노년기가 된 본인의 모습이 어떨 것이라고 예상하시는지 또 본인이 이상적으로 보는 노년의 모습을 말씀해 주세요","wordCount":19},"emotion":[],"intent":[]},"answer":{"raw":{"text":"어 항상 어 인간은 살면서 어 노년을 생각을 안 할 수가 없죠. 그 노년은 어 행복해야 되겠죠. 어 그래서 저의 모습은 나름 음 평가를 하자면 행복하다. 어 왜냐하면 건전한 생각과 어 올바른 판단을 지금도 하고 있고요. 앞으로도 또 그렇게 살 것입니다. 일차적으로는 건강해야 되겠죠. 어 그래서 제 모습은 건강한 음 어 마음과 몸이 함께 동반해서 노년은 아주 행복하지 않을까 생각됩니다. 노년은 특히나 어 또 어 뭐든 스트레스와 또 주변 환경이 좋아야지만이 이 또 된다고 생각을 합니다. 저 혼자만의 행복이 노년의 행복이 아닙니다. 항상 가족들 또 주변 인 으 지인들의 행복을 함께 할 수 있어야지만이 자신의 노년은 행복하다 라고 생각을 하고요. 일단은 이상적인 노년은 어 건강 어 하나 아닙니다. 건강해야지만이 이상적인 노년을 즐길 수 있지 않을까 싶습니다. 어 그래서 그걸 위해서 어 항상 저는 운동하고 어 또는 어 그것을 어 건강을 위해서 어 또 어 건강 관리에 굉장히 에 심혈을 기울인다고 말씀드리겠습니다.","wordCount":141},"emotion":[],"intent":[{"text":"","expression":"","category":"attitude"}],"summary":{"text":"인간은 살면서 노년을 생각하며 살 것입니다. 일차적으로는 건강해야 되겠지만 어 마음과 몸이 함께 동반해서 노년은 아주 행복하다고 생각합니다. 어 무엇보다 스트레스와 주변 환경이 좋아야 노년의 행복이 됩니다. 항상 가족들 또 주변 지인들의 행복을 함께 할 수 있어야지만이 자신의 노년이 행복합니다.","wordCount":40}}},"rawDataInfo":{"question":{"fileFormat":"wav","fileSize":472718,"duration":14770,"samplingBit":16,"channelCount":1,"samplingRate":"16kHz","audioPath":"/Mock/07.ProductionManufacturing/Male/Experienced/ckmk_q_mm_m_e_235848.wav"},"answer":{"fileFormat":"wav","fileSize":3749198,"duration":117160,"samplingBit":16,"channelCount":1,"samplingRate":"16kHz","audioPath":"/Mock/07.ProductionManufacturing/Male/Experienced/ckmk_a_mm_m_e_235848.wav"}}}