{"version":"1.0","dataSet":{"info":{"date":"20230116","occupation":"MM","channel":"MOCK","place":"ONLINE","gender":"MALE","ageRange":"55-","experience":"EXPERIENCED"},"question":{"raw":{"text":"지원자님께서 요즘 따로 공부하고 있는 것이 있으십니까 있다면 왜 공부하는지 지금까지 배운 것은 무언지 함께 말씀해 주세요","wordCount":17},"emotion":[],"intent":[]},"answer":{"raw":{"text":"인간은 태어나면서부터 공부는 어 죽을 때까지 끝이 없는 것 같습니다. 어 또 그 공부를 통해서 나의 능력을 어 최대한 늘릴 수 있다 라고 생각을 하고요. 어 그 능력 배양을 함으로써 회사에서나 또 아니면 주변 지인들하고 관계에서 굉장히 원만히 일을 처리할 수 있는 그런 어 여러 가지 형태의 그런 어 또 능력 배양인 것 같습니다. 그래서 요즘 공부하고 있는 것이 이 무엇이냐고 물어보셨는데요. 저는 영어를 하고 있습니다. 영어 스터디도 하고 어 또 그것을 또 어 최대한 또 회화를 또 어 다양하게 할 수 있는 그런 공부를 하고 있는데 공부를 어 해야지만이 또 어 회사에서도 도태되지 않고 또 요즘 글로벌 시대이기 때문에 또 항상 그 영어는 기본적으로 어 또 세계적인 언어이기 때문에 에 해야 된다고 생각을 하고요. 그걸 공부를 해서 회사에 쪼금이나마 도움이 된다 라면 어 저는 어 지속적으로 어 할 것입니다. 그래서 영어라는 건 회화를 많이 하고 있습니다. 요즘 많은 회화 능력이 어 저에게 굉장히 큰 효과를 보고 있다 이렇게 말씀 어 드리겠습니다.","wordCount":152},"emotion":[],"intent":[{"text":"","expression":"","category":"attitude"}],"summary":{"text":"인간은 태어나면서부터 공부는 끝이 없는 것 같습니다. 그 공부를 통해서 저의 능력을 최대한 늘릴 수 있다 라고 생각을 하며, 요즘은 영어를 하고 있습니다. 영어를 공부해야 회사에서도 도태되지 않고 글로벌 시대이기 때문에 회사에 도움이 되기 때문에 회화 능력이 굉장히 큰 효과를 보고 있다고 생각합니다.","wordCount":43}}},"rawDataInfo":{"question":{"fileFormat":"wav","fileSize":470478,"duration":14700,"samplingBit":16,"channelCount":1,"samplingRate":"16kHz","audioPath":"/Mock/07.ProductionManufacturing/Male/Experienced/ckmk_q_mm_m_e_235850.wav"},"answer":{"fileFormat":"wav","fileSize":3577038,"duration":111780,"samplingBit":16,"channelCount":1,"samplingRate":"16kHz","audioPath":"/Mock/07.ProductionManufacturing/Male/Experienced/ckmk_a_mm_m_e_235850.wav"}}}