{"version":"1.0","dataSet":{"info":{"date":"20230116","occupation":"MM","channel":"MOCK","place":"ONLINE","gender":"MALE","ageRange":"55-","experience":"EXPERIENCED"},"question":{"raw":{"text":"면접자님께서는 과거에 직면한 어려운 문제를 해결하기 위해서 어떤 아이디어를 제안하셨나요 그리고 무엇을 어떻게 해결했는지 그 과정도 말씀해 주세요","wordCount":18},"emotion":[],"intent":[]},"answer":{"raw":{"text":"어 항상 일을 하다보면 어려운 일이 많이 발생이 되구요. 그 어려움 속에서 또 어 문제가 많이 발생이 됩니다. 그러다 보면 또 거기에 포기하고 어 또 어 스트레스도 받고 해서 굉장히 어려움에 직면을 하게 되는데요. 저는 어려운 문제가 어 발생이 되면 항상 해결을 할려고 노력을 하고요. 어 또 어 거기에 따라서 어 꼭 그 내 아이디어 뿐만이 아니고 어 또 옆에 분들 동료분들의 에 조언도 듣고 어 또 여러 가지 또 상사 분들의 조언을 얻어서 어 문제를 해결하려고 하고 있습니다. 그래서 저만의 아이디어로 어 해결을 하는 것도 좋습니다마는 어 상대방의 에 또 마음을 읽어야 하기 때문에 직장 동료나 어 그 상사분들에게 좋은 조언을 얻어서 그 문제를 해결하는 이런 방법도 있습니다. 그래서 항상 상생하는 그런 생활을 하고 있다는 것을 말씀 드리겠습니다.","wordCount":119},"emotion":[],"intent":[{"text":"그래서 저만의 아이디어로 어 해결을 하는 것도 좋습니다마는 어 상대방의 에 또 마음을 읽어야 하기 때문에 직장 동료나 어 그 상사분들에게 좋은 조언을 얻어서 그 문제를 해결하는 이런 방법도 있습니다.","expression":"c_confl_mg","category":"personality"}],"summary":{"text":" 어려운 문제가 발생이 되면 항상 해결하려고 노력하는 편이고 직장 동료나 상사분들에게 조언을 얻어서 그 문제를 해결하는 방법도 있습니다","wordCount":18}}},"rawDataInfo":{"question":{"fileFormat":"wav","fileSize":455758,"duration":14240,"samplingBit":16,"channelCount":1,"samplingRate":"16kHz","audioPath":"/Mock/07.ProductionManufacturing/Male/Experienced/ckmk_q_mm_m_e_185759.wav"},"answer":{"fileFormat":"wav","fileSize":2922958,"duration":91340,"samplingBit":16,"channelCount":1,"samplingRate":"16kHz","audioPath":"/Mock/07.ProductionManufacturing/Male/Experienced/ckmk_a_mm_m_e_185759.wav"}}}