{"version":"1.0","dataSet":{"info":{"date":"20230116","occupation":"MM","channel":"MOCK","place":"ONLINE","gender":"MALE","ageRange":"45-54","experience":"EXPERIENCED"},"question":{"raw":{"text":"네 지원자님이 생각하는 본인의 장점과 단점에 대해 설명해 주시구요 그것을 특화시키고 또는 극복하기 위해서 어떤 노력을 했는지도 함께 말씀해 주시면 좋겠습니다","wordCount":21},"emotion":[],"intent":[]},"answer":{"raw":{"text":"어 저의 장점과 단점은 어 동일합니다. 저의 장점은 어떤 문제라든지 어떤 그 어떤 문제를 해결하기 위해서라든지 어떤 결단을 내려야 될 때 어떤 것을 골라야 하거나 이렇게 선택을 해야 될 때 매우 신중하다는 것을 어 장점으로 들고 싶습니다. 저는 무엇인가를 결정을 해야 될 때 여러 가지 방향을 염두에 두고 생각을 합니다. 어 이게 나로서 내가 내 개인으로서 선택하는 것 그리고 나를 죽이고 공동을 위해서 뭐 공 공익이나 회사를 위해서 선택해야 되는 거 등을 생각을 해서 이것이 선택을 했을 때 그 다음은 어떻게 진행될 수 있는지 두 수 세 수를 어 고려를 합니다. 이것이 저는 장점이기도 하지만 반대로 단점으로 작용할 때도 있습니다. 어 어떤 문제에 부딪쳤을 때 그것을 빠르게 선택하고 빠르게 판단 냄으로써 어 피해를 줄일 수도 있기 때문입니다. 어 저는 남들에게 신중하다고 평을 듣는 반면 한편으로는 좀 우유부단하다 라는 평을 함께 받습니다. 하지만 저 개인적으로 한 번 선택을 하면 물릴 수 없기 때문에 신중하게 선택을 하는 것이 옳다고 생각합니다.","wordCount":148},"emotion":[],"intent":[{"text":"","expression":"","category":"attitude"}],"summary":{"text":"저는 문제를 해결하기 위해서 또는 어떤 결단을 내려야 할 때 신중함을 장점으로 들 수 있습니다. 이것은 장점인 동시에 단점으로 작용할 수도 있는데, 문제에 부딪쳤을 때 빠르게 판단함으로써 피해를 줄일 수 있기 때문입니다. 저 개인적으로는 신중하게 선택을 하는 것이 옳다고 생각합니다.","wordCount":40}}},"rawDataInfo":{"question":{"fileFormat":"wav","fileSize":501518,"duration":15670,"samplingBit":16,"channelCount":1,"samplingRate":"16kHz","audioPath":"/Mock/07.ProductionManufacturing/Male/Experienced/ckmk_q_mm_m_e_161357.wav"},"answer":{"fileFormat":"wav","fileSize":2586958,"duration":80840,"samplingBit":16,"channelCount":1,"samplingRate":"16kHz","audioPath":"/Mock/07.ProductionManufacturing/Male/Experienced/ckmk_a_mm_m_e_161357.wav"}}}