{"version":"1.0","dataSet":{"info":{"date":"20230116","occupation":"MM","channel":"MOCK","place":"ONLINE","gender":"MALE","ageRange":"-34","experience":"EXPERIENCED"},"question":{"raw":{"text":"공동체의 가치에 입각하여 무형 문화유산의 보호에 있어 적용되는 사회적 관점은 무엇일까요 지원자님의 생각이 궁금합니다","wordCount":14},"emotion":[],"intent":[]},"answer":{"raw":{"text":"우리의 것은 소중한 것이다 그런 말이 있습니다. 우리의 것이 소중한 것이다 라는 그 말은 그냥 무의식적으로 이렇게 관용어처럼 하는 얘기처럼 들릴 수도 있지만 그 말에는 엄청난 철학이 담겨있습니다. 우리의 것이 소중하다 라는 것은 다른 것보다 우리 것이 더 소중하다고 하는 겁니다. 우리는 지금 열려진 세계화 시대에 살고 있습니다. 이렇게 열려진 정보 인터넷을 바탕으로 한 세계화 시대에서는 너무나 많은 다른 것들이 우리의 삶 앞에 놓여 집니다. 그런 다양한 다양한 것들이 놓여지는 삶 앞에서 우리의 것을 지킬 수 있다면 우리는 다른 어떤 것에 휘둘리지 않고 우리만의 고유한 것들을 지킬 수 있게 됩니다. 우리의 것을 지키지 못하고 여기저기 휩쓸려 가 휩쓸려 다니다 보면은 우리는 우리의 정체성을 상실할 수가 있습니다. 정체성을 상실한 민족에게는 미래가 없습니다. 그렇기 때문에 우리의 것이 좋다는 특히 문화재 같은 그런 것들은 꼭 잘 지켜야 한다고 저는 생각을 하고 있습니다.","wordCount":129},"emotion":[],"intent":[{"text":"","expression":"","category":"attitude"}],"summary":{"text":"세계화 시대에 우리 것이 더 소중하다 라는 것은 다른 어떤 것에 휘둘리지 않고 우리만의 고유한 것들을 지키는 것입니다. 우리의 정체성을 잃지 않기 위해 우리의 것이 좋다는 문화재 같은 것들은 꼭 잘 지켜야 합니다.","wordCount":33}}},"rawDataInfo":{"question":{"fileFormat":"wav","fileSize":483918,"duration":15120,"samplingBit":16,"channelCount":1,"samplingRate":"16kHz","audioPath":"/Mock/07.ProductionManufacturing/Male/Experienced/ckmk_q_mm_m_e_205101.wav"},"answer":{"fileFormat":"wav","fileSize":2862798,"duration":89460,"samplingBit":16,"channelCount":1,"samplingRate":"16kHz","audioPath":"/Mock/07.ProductionManufacturing/Male/Experienced/ckmk_a_mm_m_e_205101.wav"}}}