{"version":"1.0","dataSet":{"info":{"date":"20230116","occupation":"MM","channel":"MOCK","place":"ONLINE","gender":"MALE","ageRange":"55-","experience":"EXPERIENCED"},"question":{"raw":{"text":"얼마 전 구급대원이 주취자에게 폭행을 당해 순직 당하는 일이 있었는데요 이 사건에 대해 지원자님은 어떻게 생각하십니까","wordCount":16},"emotion":[],"intent":[]},"answer":{"raw":{"text":"인간은 항상 어 위험에 노출돼서 움직이고 있습니다. 어 그래서 항상 조심하고 해야 되는데요. 어 구급대원을 주취자가 폭행을 해서 어 그것도 또 순직하는 그러한 경악할 일이 발생이 됐습니다. 어 있을 수 없는 일이죠. 어 구급대원은 항상 생명을 보호하는 우리의 친구이고 또 사회적으로도 꼭 필요한 존재라고 생각을 합니다. 그래서 어 또 주취자가 아 폭행을 해도 어 문제가 됩니다마는 그것을 으로 인해서 또 순직 당했다니 또 우리가 반성해야 되고요. 앞으로 또 그런 일이 없어야 됩니다. 어 구급대원은 어 항상 어 또 우리와 동반해서 어 세상을 살아가고 있기 때문에요. 우리도 보호해줘야 될 그런 의무가 있습니다. 서로 가 서로 상생하 해야 되는 그런 존재 중요한 존재 가치를 어 하나 어 개인의 그런 어 또 관리를 못 해서 어 또 어 또 그 그분들을 해하게 한다든가 그러면은 정말 안 되겠죠. 어 이런 분들은 정말 어 어 교육을 감옥을 보낸 것 보다는 교육을 굉장히 철저하게 시켜야 된다 이렇게 말씀드리겠습니다.","wordCount":142},"emotion":[],"intent":[{"text":"","expression":"","category":"attitude"}],"summary":{"text":"인간은 항상 위험에 노출돼 있습니다. 구급대원을 주취자가 폭행해서 순직하는 일이 발생이 됐습니다. 어 있을 수 없는 일이라 반성해야 하며, 이런 일이 없어야 되겠습니다. 서로 상생해야 되는 존재 가치를 관리하지 못해 해하게 되면 안 됩니다. 이런 분들은 교육을 철저하게 해야 됩니다.","wordCount":40}}},"rawDataInfo":{"question":{"fileFormat":"wav","fileSize":387278,"duration":12100,"samplingBit":16,"channelCount":1,"samplingRate":"16kHz","audioPath":"/Mock/07.ProductionManufacturing/Male/Experienced/ckmk_q_mm_m_e_235844.wav"},"answer":{"fileFormat":"wav","fileSize":3777358,"duration":118040,"samplingBit":16,"channelCount":1,"samplingRate":"16kHz","audioPath":"/Mock/07.ProductionManufacturing/Male/Experienced/ckmk_a_mm_m_e_235844.wav"}}}