{"version":"1.0","dataSet":{"info":{"date":"20230116","occupation":"MM","channel":"MOCK","place":"ONLINE","gender":"MALE","ageRange":"35-44","experience":"EXPERIENCED"},"question":{"raw":{"text":"어 대기업들이 이제 해외로 진출을 많이 하고 있고 실제로 실적으로 올리고 있습니다 어 그래서 우리 회사가 이제 해외 무대로 진출하게 된다면 어디로 진출하는 것이 좋겠고 그 이유와 함께 자세하게 설명을 해 주시기 바랍니다","wordCount":33},"emotion":[],"intent":[]},"answer":{"raw":{"text":"아시아의 가장 큰 시장인 중국으로 먼저 진출을 권고하고 싶습니다. 중국은 일단 아시아의 물류 허브이기도 하고 현재 한국 시장에 약 천 배에서 만 배 정도의 세일즈 볼륨을 갖고 있는 곳입니다. 중국이 한국과 지리학적으로 가깝긴 하지만 인종적으로 사이가 안 좋고 중국의 미세먼지도 많고 중국인들과 사업을 하는 것은 쉽지는 않습니다. 하지만 중국의 전세계 퍼져있는 분류 시스템과 세상에 많은 중국인들에게 이 물건을 저렴한 단가로 판매를 해도 한국에 있는 소비자들에게 높은 마진을 취해서 파는 것보다 훨씬 더 이득입니다. 그렇기 때문에 많은 지리학적인 또는 생태학적인 문제가 있지만 중국을 먼저 진출을 해 놓고 중국에 진출을 하게 되면 그 다음에 중국과 연결된 홍콩 대만 싱가폴 또는 동남아시아에 입점하는 것은 훨씬 더 쉬울 것으로 알고 있습니다. 중국을 선점하고 난 다음에 그 다음에는 유럽을 통해서 나가는 것이 좋은 방법일 것 같습니다.","wordCount":121},"emotion":[],"intent":[{"text":"","expression":"","category":"attitude"}],"summary":{"text":"아시아의 가장 큰 시장인 중국으로 먼저 진출을 권고하고 싶습니다. 지리학적인 또는 생태학적인 문제가 있지만 중국을 먼저 진출을 해 놓고 중국에 진출을 하게 되면 그 다음에 중국과 연결된 홍콩 대만 싱가폴 또는 동남아시아에 입점하는 것은 훨씬 더 쉬울 것으로 알고 있습니다.","wordCount":40}}},"rawDataInfo":{"question":{"fileFormat":"wav","fileSize":625998,"duration":19560,"samplingBit":16,"channelCount":1,"samplingRate":"16kHz","audioPath":"/Mock/07.ProductionManufacturing/Male/Experienced/ckmk_q_mm_m_e_164796.wav"},"answer":{"fileFormat":"wav","fileSize":2201038,"duration":68780,"samplingBit":16,"channelCount":1,"samplingRate":"16kHz","audioPath":"/Mock/07.ProductionManufacturing/Male/Experienced/ckmk_a_mm_m_e_164796.wav"}}}