{"version":"1.0","dataSet":{"info":{"date":"20230116","occupation":"MM","channel":"MOCK","place":"ONLINE","gender":"MALE","ageRange":"55-","experience":"EXPERIENCED"},"question":{"raw":{"text":"본인이 생각했을 때 본인은 팀장에 더 잘 맞을 것 같나요 아니면 팀원에 더 잘 맞을 것 같나요 그렇게 생각하는 이유도 함께 말씀을 해 주시길 바랍니다","wordCount":25},"emotion":[],"intent":[]},"answer":{"raw":{"text":"지금 제 나이로 보나 네 저의 경력과 제가 맡아온 위치로 보나 장이죠. 이제는 네 팀원이었으면 좋겠네요 사실. 근데 뭐 제 직업적인 거로는 제가 어디 가서든지 이제 팀원으로 되기는 힘들고 제 어떤 신분 노출을 하지 않는 이상 제 분야 안에서 제가 팀원으로서 소속되기 힘들구요. 팀장으로 해야 맞죠. 네 이유가 뭐가 있겠어요. 그냥 제 경력과 네 제 나이와 여러 가지가 이유인데요. 나이는 사실 이유가 안 될 수도 있어요. 그런데 나이에 비례한 경력을 보시면 되죠. 그러면 지금 정비 팀에 소속된 그 평균 연령과 경력을 보고 비교를 하시면 되겠죠. 그랬을 때 제가 팀원이면 아주 깔끔하고 정말 감사한 마음으로 팀원이 되겠습니다. 배움의 자세로 열심히 일하겠습니다. 그런 일이 힘들죠. 네","wordCount":104},"emotion":[],"intent":[{"text":"","expression":"","category":"attitude"}],"summary":{"text":"이제 제 직업적인 거로는 어디 가서든 팀원으로 되기는 힘들겠지만, 어떤 신분 노출을 하지 않는 이상 제 분야 안에서 팀원으로서는 소속되기 힘들죠. 그러면 지금 정비 팀의 평균 연령과 경력을 보고 비교하면 아주 깔끔하고 정말 감사한 마음으로 팀원이 되겠습니다.","wordCount":37}}},"rawDataInfo":{"question":{"fileFormat":"wav","fileSize":551438,"duration":17230,"samplingBit":16,"channelCount":1,"samplingRate":"16kHz","audioPath":"/Mock/07.ProductionManufacturing/Male/Experienced/ckmk_q_mm_m_e_177800.wav"},"answer":{"fileFormat":"wav","fileSize":2815438,"duration":87980,"samplingBit":16,"channelCount":1,"samplingRate":"16kHz","audioPath":"/Mock/07.ProductionManufacturing/Male/Experienced/ckmk_a_mm_m_e_177800.wav"}}}