{"version":"1.0","dataSet":{"info":{"date":"20230116","occupation":"MM","channel":"MOCK","place":"ONLINE","gender":"MALE","ageRange":"35-44","experience":"EXPERIENCED"},"question":{"raw":{"text":"남들과는 다른 차별성 있는 자신만의 경쟁력에 관해 설명을 부탁드리고요 경쟁력을 키우기 위해 그간 어떠한 노력을 해 오셨는지도 말씀을 부탁드립니다","wordCount":19},"emotion":[],"intent":[]},"answer":{"raw":{"text":"어 남들과 다른 저만의 경쟁력에 대해서는 말씀드리겠습니다. 일단 저는 여기 있는 지원자들에 비해서 나이가 좀 많습니다. 나이가 더 많다 보니까 또 살아온 인생에 대해서도 경험이라든지 또 노하우가 저만의 경쟁력이 될 것 같은데 어 이런 경험들은 어디 가서 뭐 원한다고 해서 살 수도 없고 또 이건 다 몸으로 부딪쳐서 얻어낸 경험이기 때문에 그런 경험들이 여기 있는 지원자들에 비해서 제가 월등하지 않나 싶습니다. 그래서 또 다른 뭐 또 경쟁력은 그래도 거기서 쌓아온 업무 능력들이 있습니다. 그런 것들을 각 회사마다 갖고 있는 특징이 있는 업무 스타일이 있는데 그런 것들에 대한 경험이 많이 있기 때문에 또 어떤 노력을 했는지에 대해서 말씀드리면은 저는 이제 자격증을 좀 따는 게 좀 약간 취미입니다. 그래서 자격증을 한 달에 하나씩 길게는 뭐 분기에 하나씩 정도는 따려고 노력하고 있는데 이런 것들에 또 개인 업무 능력이라든지 개인의 발전 또 회사의 이익을 위해서 하는 저만의 경쟁력이지 않을까 싶습니다. 네 이상입니다.","wordCount":138},"emotion":[],"intent":[{"text":"","expression":"","category":"attitude"}],"summary":{"text":"저는 여기 있는 지원자들에 비해서 나이가 좀 많고 또 살아온 인생에 대해서도 경험, 노하우들이 저만의 경쟁력이 될 것 같습니다. 또 다른 경쟁력은 그래도 거기서 쌓아온 업무 능력들이 있습니다. 그런 것들을 회사마다 갖고 있는 업무 스타일이 있는데 그것들에 대한 경험이 많이 있어서 어떤 노력을 했는지 말씀드리겠습니다.","wordCount":45}}},"rawDataInfo":{"question":{"fileFormat":"wav","fileSize":646798,"duration":20210,"samplingBit":16,"channelCount":1,"samplingRate":"16kHz","audioPath":"/Mock/07.ProductionManufacturing/Male/Experienced/ckmk_q_mm_m_e_145767.wav"},"answer":{"fileFormat":"wav","fileSize":2591438,"duration":80980,"samplingBit":16,"channelCount":1,"samplingRate":"16kHz","audioPath":"/Mock/07.ProductionManufacturing/Male/Experienced/ckmk_a_mm_m_e_145767.wav"}}}