{"version":"1.0","dataSet":{"info":{"date":"20230116","occupation":"MM","channel":"MOCK","place":"ONLINE","gender":"MALE","ageRange":"55-","experience":"EXPERIENCED"},"question":{"raw":{"text":"이직을 고민 중인 동료가 있습니다 지원자님은 그 동료에게 무슨 말을 해주실 거며 왜 그런 말을 하실 건가요","wordCount":17},"emotion":[],"intent":[]},"answer":{"raw":{"text":"어 이직을 생각하는 사람들은 어 어느 세상에나 다 있을 겁니다. 그 항상 어 뭔가 한 가지를 하게 되면 싫증도 날 일도 있고 어 그 뭐 에 개인적인 이 또 어 상사와의 불화 때문에 어 이직을 원하는 경우도 있고 해서 어 많이 발생이 됐다 생각을 하는데요. 그런 이직을 원한다면 되도록 말리고 싶구요. 어 그 사람의 어 의견을 한번 들어보고 그게 타당하다 하면 이직을 권장하지만 어 그게 에 상사와의 불화 땜에라면 저는 당연히 만류를 합니다. 그래서 그 상사 분과 어 이 관계를 잘 풀어서 어 그 사람이 에 에 다시 마음을 다잡을 수 있도록 어 해줄 수 있다고 저는 생각을 합니다. 그래서 하나하나 어 어 마음의 상처를 치유를 시켜주면서 제가 더 접근해서 그 나은 제 저하고 친분을 쌓아서 만류하고 싶습니다.","wordCount":118},"emotion":[],"intent":[{"text":"","expression":"","category":"attitude"}],"summary":{"text":"이직을 생각하는 사람들은 누구나 있을 것입니다. 상사와의 불화 때문이라면 당연히 만류합니다. 관계를 잘 풀어서 그 사람이 마음을 다잡을 수 있도록 할 수 있다고 생각합니다.","wordCount":24}}},"rawDataInfo":{"question":{"fileFormat":"wav","fileSize":326478,"duration":10200,"samplingBit":16,"channelCount":1,"samplingRate":"16kHz","audioPath":"/Mock/07.ProductionManufacturing/Male/Experienced/ckmk_q_mm_m_e_175010.wav"},"answer":{"fileFormat":"wav","fileSize":2754638,"duration":86080,"samplingBit":16,"channelCount":1,"samplingRate":"16kHz","audioPath":"/Mock/07.ProductionManufacturing/Male/Experienced/ckmk_a_mm_m_e_175010.wav"}}}