{"version":"1.0","dataSet":{"info":{"date":"20230116","occupation":"MM","channel":"MOCK","place":"ONLINE","gender":"MALE","ageRange":"55-","experience":"EXPERIENCED"},"question":{"raw":{"text":"업무 시에 분쟁이 발생할 때를 대비해서 본인만의 대처 방법이 있나요 있다면 그것이 무엇인지 설명해 주세요","wordCount":15},"emotion":[],"intent":[]},"answer":{"raw":{"text":"저는 아무래도 네 저는 옷이라는 의복 뭐 여러 가지로 되죠. 뭐 그까 섬유라는 그런 제가 옷에 관련된 일이기 때문에 음 손님이 들어와 가지고 무언가를 요구를 해서 제가 그런 거를 이제 맞춰 가지고 그거에 맞춘 옷을 변경을 해 준다든지 이런 게 저의 주 업무였기 때문에 근데 꼭 나중에 처음에 와서 했던 말과 다르게 말씀하시는 분들이 계세요. 꼭 꼭 계세요. 그래서 저는 우선은 항상 가게 안에 씨씨티비가 실제로 녹화되면서 있었구요. 소리도 녹화가 됐었구요. 그리고 저는 사진을 찍어요. 네 아니 그 사진 찍기용 카메라가 따로 있었고 그래서 그게 이제 모든 게 다 끝나면 사진 삭제했었구요. 그래서 이제 핸드폰이 많이 대중화가 되고 나서부터 그렇게 했어요. 네 사진을 다 찍고 그래서 어디에 뭐가 있었고 어디에 이 옷이 이렇게 되어 있었고 제가 보이는 어떤 결함들 문제가 될 것 같은 부분들을 다 찍어서 나중에 클레임이 걸면 그거를 보여 드렸었어요.","wordCount":132},"emotion":[{"text":"네 사진을 다 찍고 그래서 어디에 뭐가 있었고 어디에 이 옷이 이렇게 되어 있었고 제가 보이는 어떤 결함들 문제가 될 것 같은 부분들을 다 찍어서 나중에 클레임이 걸면 그거를 보여 드렸었어요.","expression":"u-fact","category":"neutral"}],"intent":[{"text":"","expression":"","category":"attitude"}],"summary":{"text":"저는 옷에 관련된 일을 하는데, 손님들이 요구에 옷을 변경해 주는 게 주 업무였기 때문에 나중에 와서 했던 말과 다르게 말씀하시는 분들을 위해 항상 가게 안에 씨씨티비가 실제로 녹화되면서 있었고, 소리를 녹화하고 사진을 찍어 후에 클레임이 걸면 보여 드리곤 했습니다.","wordCount":39}}},"rawDataInfo":{"question":{"fileFormat":"wav","fileSize":378318,"duration":11820,"samplingBit":16,"channelCount":1,"samplingRate":"16kHz","audioPath":"/Mock/07.ProductionManufacturing/Male/Experienced/ckmk_q_mm_m_e_189942.wav"},"answer":{"fileFormat":"wav","fileSize":2809038,"duration":87780,"samplingBit":16,"channelCount":1,"samplingRate":"16kHz","audioPath":"/Mock/07.ProductionManufacturing/Male/Experienced/ckmk_a_mm_m_e_189942.wav"}}}