{"version":"1.0","dataSet":{"info":{"date":"20230116","occupation":"MM","channel":"MOCK","place":"ONLINE","gender":"MALE","ageRange":"55-","experience":"EXPERIENCED"},"question":{"raw":{"text":"지원자님께서 최근에 본 뉴스들 가운데 가장 인상 깊었던 뉴스는 무엇인가요 무엇인지와 함께 이유를 말씀해 주세요","wordCount":15},"emotion":[],"intent":[]},"answer":{"raw":{"text":"어 요즘 뭐 어 뉴스를 보면 참 안타까운 일들이 많이 있습니다. 음 어 북한에서 핵으로 위협을 하고 있고요. 어 또 정부 차원에서도 여러 가지 문제점들이 많이 발생이 되고 하는데 저는 이제 에 회사를 생각하는 그런 입장에서 보면 어 미국에서 어 그 차량 전기차 판매를 하는데 에 에 한국의 에 기업들에게는 보조금을 주지 않는다는 그런 인상 깊은 어 뉴스를 접한 적이 있습니다. 어 모든 게 에 글로벌 시대이기 때문에 에 같은 선상에서 경쟁을 해야 되는데 에 천 만 원이란 돈은 또 어 개인적으로 큰 돈입니다. 그렇기 때문에 차를 구매하는데 보조금이 자국내에는 있고 어 해외 기업들한테는 없으면 경쟁력이 많이 부족할 걸로 예상돼서 어 아마 미국의 조치가 굉장히 그 잘못됐다 라고 생각을 하고 있습니다.","wordCount":111},"emotion":[],"intent":[{"text":"","expression":"","category":"attitude"}],"summary":{"text":"북한에서 핵으로 위협을 가하고 있고 정부 차원에서도 여러 가지 문제점들이 많이 발생하고 있는데, 미국에서 차량 전기차 판매를 하는데 한국의 기업들에게는 보조금을 주지 않는다는 뉴스를 접한 적이 있습니다. 미국의 조치가 잘못됐다고 생각합니다.","wordCount":31}}},"rawDataInfo":{"question":{"fileFormat":"wav","fileSize":367118,"duration":11470,"samplingBit":16,"channelCount":1,"samplingRate":"16kHz","audioPath":"/Mock/07.ProductionManufacturing/Male/Experienced/ckmk_q_mm_m_e_186775.wav"},"answer":{"fileFormat":"wav","fileSize":2899278,"duration":90600,"samplingBit":16,"channelCount":1,"samplingRate":"16kHz","audioPath":"/Mock/07.ProductionManufacturing/Male/Experienced/ckmk_a_mm_m_e_186775.wav"}}}