{"version":"1.0","dataSet":{"info":{"date":"20230116","occupation":"MM","channel":"MOCK","place":"ONLINE","gender":"MALE","ageRange":"35-44","experience":"EXPERIENCED"},"question":{"raw":{"text":"본인이 생각할 때 본인이 가지고 있는 장점 그리고 단점에 대해서 말씀을 해 주십시오 그리고 어 장점을 특화시키기 위해 위한 노력 아니면 단점을 극복하기 위한 노력도 함께 말씀해 주세요","wordCount":28},"emotion":[],"intent":[]},"answer":{"raw":{"text":"저의 가장 큰 장점은 빠른 문제해결 능력 빠른 판단력 그리고 디시전 메이킹이 아주 빠르다는 것입니다. 그래서 모든 프로젝트에서 문제 없이 다 성황리에 마쳤습니다. 하지만 가끔 이런 독단적이고 독선적인 행동 때문에 가끔 핀잔을 듣기도 합니다. 저의 가장 큰 단점은 바로 인내심이 너무 결여되어 포기가 아주 빠르다는 것입니다. 예를 들어 어떤 문제에 봉착했을 때 도전을 하고 그렇게 한 두 번 도전을 했는데 실패를 하면 더 이상 좌절을 해서 그것을 다시 극복하려고 하지 않는다는 것입니다. 다시 말하면 제 스스로에 한계를 가둬 버려서 또 도전을 했을 때 성공할 수도 있지만 아 이건 안 될 거야 이건 이 해도 안 돼 라고 하는 부정적인 시각을 스스로 만든다는 것입니다. 그런데 성공한 사업가들의 의견에 따르면 그것은 실패가 아니라 가설의 검증이고 그런 도전을 통해서 본인 스스로가 전문가로 거듭나가는 하나의 여정이라고 합니다. 그래서 저는 실패할 때마다 그것을 써머리 노트 및 일기장에 기록을 하고 그때 당시에 심경 데이타 어떤 노력을 했고 어 몇 시간 정도에 투자를 했는지에 대한 기록을 남겨 그것을 힘들 때마다 복기를 함으로써 지금은 실패를 즐기는 사람이 되었습니다.","wordCount":160},"emotion":[],"intent":[{"text":"저의 가장 큰 장점은 빠른 문제해결 능력 빠른 판단력   그리고 디시전 메이킹이 아주 빠르다는 것입니다.","expression":"c_person","category":"background"},{"text":"저의 가장 큰 단점은 바로 인내심이 너무 결여되어 포기가 아주 빠르다는 것입니다.","expression":"c_person","category":"background"}],"summary":{"text":"저는 빠른 문제해결 능력과 판단력, 디시전 메이킹이 빠르지만 독단적이고 독선적인 행동 때문에 종종 핀잔을 듣기도 합니다. 또 인내심이 너무 결여되어 포기가 아주 빠르다는 단점도 있습니다. 그러나 이것은 실패가 아니라 가설의 검증이고 도전을 통해서 전문가로 거듭나는 하나의 여정이라고 합니다. 그래서 저는 실패를 즐기는 사람이 되었습니다.","wordCount":44}}},"rawDataInfo":{"question":{"fileFormat":"wav","fileSize":586638,"duration":18330,"samplingBit":16,"channelCount":1,"samplingRate":"16kHz","audioPath":"/Mock/07.ProductionManufacturing/Male/Experienced/ckmk_q_mm_m_e_177630.wav"},"answer":{"fileFormat":"wav","fileSize":2748878,"duration":85900,"samplingBit":16,"channelCount":1,"samplingRate":"16kHz","audioPath":"/Mock/07.ProductionManufacturing/Male/Experienced/ckmk_a_mm_m_e_177630.wav"}}}