{"version":"1.0","dataSet":{"info":{"date":"20230116","occupation":"MM","channel":"MOCK","place":"ONLINE","gender":"MALE","ageRange":"55-","experience":"EXPERIENCED"},"question":{"raw":{"text":"앞으로 전문적으로 다뤄 보고 싶은 시설 장비가 있다면 말씀해 주시겠습니까","wordCount":10},"emotion":[],"intent":[]},"answer":{"raw":{"text":"어느 회사나 아 또 어 공장이 있고 어 또 여러 가지 시설이 있는데요. 항상 어 전문적으로 다뤄보고 싶은 시설 장비를 어 물어보셨는데요. 항상 시설 장비라는 것은 어 굉장히 위험한 또 어 또 물건이면서 우리에게 또 가깝고 친근함이 있는 그런 장비들이 많습니다. 그 저는 광고 회사를 다니면서 간판 제작을 해 봤습니다. 그래서 거기서 시설 장비 이런 부분은 어 다뤄보기는 했습니다마는 또 회사의 시설 장비가 무엇인지는 어 상세허니 알 수가 없기 때문에 그런 부분은 또 들어가서 차츰 배우면서 어 또 장비는 어 또 어 접하고 싶은 그런 마음이 많이 있습니다. 그래서 어 장비는 드릴이라든가 아 또 여러 가지 형태의 그 어 또 기계적인 장비 부분이 많이 있습니다마는 어 그 시설과 장비를 잘 활용해서 회사에 또 도움이 될 수 있다 라면 그보다 더 또 생산적이지 않을까 이런 생각을 해 봅니다.","wordCount":127},"emotion":[],"intent":[{"text":"","expression":"","category":"attitude"}],"summary":{"text":"시설 장비는 굉장히 위험한 물건이면서 우리에게 가깝고 친근함이 있는 장비들이 많은데 이를 잘 활용해서 회사에 도움이 된다면 더 생산적이지 않을까 생각합니다.","wordCount":21}}},"rawDataInfo":{"question":{"fileFormat":"wav","fileSize":378638,"duration":11830,"samplingBit":16,"channelCount":1,"samplingRate":"16kHz","audioPath":"/Mock/07.ProductionManufacturing/Male/Experienced/ckmk_q_mm_m_e_235656.wav"},"answer":{"fileFormat":"wav","fileSize":3311438,"duration":103480,"samplingBit":16,"channelCount":1,"samplingRate":"16kHz","audioPath":"/Mock/07.ProductionManufacturing/Male/Experienced/ckmk_a_mm_m_e_235656.wav"}}}