{"version":"1.0","dataSet":{"info":{"date":"20230116","occupation":"MM","channel":"MOCK","place":"ONLINE","gender":"MALE","ageRange":"55-","experience":"EXPERIENCED"},"question":{"raw":{"text":"지금 현재 읽고 계신 책이 있으시다면 어떤 책인지 궁금하거든요 그 책에 관해서 말씀해 주시고 또 왜 그 책을 읽고 계시는 이유도 함께 설명 부탁드릴게요","wordCount":24},"emotion":[],"intent":[]},"answer":{"raw":{"text":"저는 어 책을 한 달에 한 번씩은 어 책을 보고 있습니다. 어 쉽게 에 에 접근하기 좋은 것은 저희는 역사 공부를 많이 하고 있습니다. 그래서 우리 이순신 장군께서 항상 음 한반도 대첩이란 큰 성과를 했기 때문에 그런 거 존경을 하고 있기 때문에 이순신 장군의 책을 읽었던 그런 생각이 듭니다. 어 에 배가 어 어 배를 적은 배 가지고 어 우리 일본을 무찔렀던 또 우리나라를 지켰던 그런 어 어 생각도 들구요. 어 진도 웃돌목이라는 어 그런 에 회오리 바다에서 에 썰물 밀물을 이용해서 어 적을 격파했던 자랑스러운 또 우리나라를 지켜주고 어 이끌어 줬던 어 그런 성실함 또 추진력 이런 부분을 많이 에 배왔다고 생각을 하고요. 아주 인상 깊게 읽었던 책이 이순신 장군 책입니다.","wordCount":112},"emotion":[],"intent":[{"text":"어 쉽게 에 에 접근하기 좋은 것은 저희는 역사 공부를 많이 하고 있습니다.","expression":"c_imp","category":"personality"}],"summary":{"text":"이순신 장군은 한산도 대첩이란 큰 성과를 냈기 때문에 존경하고 있으며, 아주 인상 깊었던 책이 이순신 장군 책입니다.","wordCount":17}}},"rawDataInfo":{"question":{"fileFormat":"wav","fileSize":546638,"duration":17080,"samplingBit":16,"channelCount":1,"samplingRate":"16kHz","audioPath":"/Mock/07.ProductionManufacturing/Male/Experienced/ckmk_q_mm_m_e_185758.wav"},"answer":{"fileFormat":"wav","fileSize":2845518,"duration":88920,"samplingBit":16,"channelCount":1,"samplingRate":"16kHz","audioPath":"/Mock/07.ProductionManufacturing/Male/Experienced/ckmk_a_mm_m_e_185758.wav"}}}