{"version":"1.0","dataSet":{"info":{"date":"20230116","occupation":"MM","channel":"MOCK","place":"ONLINE","gender":"MALE","ageRange":"55-","experience":"EXPERIENCED"},"question":{"raw":{"text":"생산 관리가 무엇이며 생산 관리에서 가장 중요한 것이 무엇인지 설명해 보세요","wordCount":11},"emotion":[],"intent":[]},"answer":{"raw":{"text":"생산 관리라는 것은 생산을 하는 데 있어서 어 제품이 이 에이급이 나올 수 있냐 비급이 나올 수 있느냐를 판단할 수 있는데요. 어 굉장히 중요하죠. 생산을 에 어 어려움이 있게 에 대처를 한다든가 그러면 좋은 제품이 나오지 않았기 때문에 에 모든 게 에 거기서부터 기초적으로 회사의 어려움이 발생되기가 생각을 합니다. 그래서 생산 관리를 잘 해야 되지만은 회사에 도움이 되지 않을까 싶어서 생산 관리는 어 우리 그 회사를 운영하는 데 기본적인 것이라고 생각을 하고요. 어 생산이 이 화가 나고 안 좋은 거 나 에 되면 어 판매하는 데 굉장히 어 소비자들을 어 에 설득하는 게 어려움이 있지 않을까 그렇게 생각을 합니다. 생산 관리는 필수이다 라고 말씀드리고 싶습니다.","wordCount":105},"emotion":[],"intent":[{"text":"","expression":"","category":"attitude"}],"summary":{"text":"생산 관리는 생산에 있어 제품이 에이급과 비급이 나올 수 있는지를 판단합니다. 생산이 안 좋은 경우 판매에 소비자들을 설득하는 데 어려움이 있기 때문에 회사 운영의 기본이며 필수입니다.","wordCount":26}}},"rawDataInfo":{"question":{"fileFormat":"wav","fileSize":235598,"duration":7360,"samplingBit":16,"channelCount":1,"samplingRate":"16kHz","audioPath":"/Mock/07.ProductionManufacturing/Male/Experienced/ckmk_q_mm_m_e_174838.wav"},"answer":{"fileFormat":"wav","fileSize":2776398,"duration":86760,"samplingBit":16,"channelCount":1,"samplingRate":"16kHz","audioPath":"/Mock/07.ProductionManufacturing/Male/Experienced/ckmk_a_mm_m_e_174838.wav"}}}