{"version":"1.0","dataSet":{"info":{"date":"20230116","occupation":"MM","channel":"MOCK","place":"ONLINE","gender":"MALE","ageRange":"55-","experience":"EXPERIENCED"},"question":{"raw":{"text":"지원자님이 생각하는 지원자님의 십 년 후 미래는 어떤가요 저희 회사에 계속 다니고 계실 것 같으신지요","wordCount":15},"emotion":[],"intent":[]},"answer":{"raw":{"text":"어 항상 어 미래는 어 저희들이 올 수 밖에 없는 그런 현실이죠. 어 그 미래를 위해서 지금도 살고 있고요. 그러나 십 년 후 미래는 어 또 이게 어떨 것 같냐고 어 물어보셨는데요. 저는 아주 어 즐거운 삶을 살고 있지 않을까 싶습니다. 그래서 어 지금도 어 제 몸은 건강하고 또 앞으로도 어 또 건강 관리를 위하여 이 열심히 운동도 해서 어 또 건강에 어 우선적으로 행동을 하기 때문에 어 십 년 후 미래는 아마 어 건강한 조건에서 어 전원주택을 져서 어 거기에 따르는 또 농사 어 텃밭 관리 이런 부분이 있을 것 같습니다. 그래서 그런 부분이고요. 어 회사에는 계속 다니겠습니다. 열심히 다니려고 하고 있구요. 또 인정받는 회사원이 되고 싶기 때문에 지금 현재 건강하고 그래서 계속 어 다닐 거 같습니다.","wordCount":118},"emotion":[],"intent":[{"text":"","expression":"","category":"attitude"}],"summary":{"text":"우리는 항상 미래로 살지만, 십 년 후 미래는 아주 즐거운 삶을 살고 있을 것 같습니다. 그래서 건강 관리를 위해 열심히 운동하고 농사를 지을 것입니다. 그리고 회사에는 계속 다니겠습니다.","wordCount":28}}},"rawDataInfo":{"question":{"fileFormat":"wav","fileSize":346958,"duration":10840,"samplingBit":16,"channelCount":1,"samplingRate":"16kHz","audioPath":"/Mock/07.ProductionManufacturing/Male/Experienced/ckmk_q_mm_m_e_198464.wav"},"answer":{"fileFormat":"wav","fileSize":2828558,"duration":88390,"samplingBit":16,"channelCount":1,"samplingRate":"16kHz","audioPath":"/Mock/07.ProductionManufacturing/Male/Experienced/ckmk_a_mm_m_e_198464.wav"}}}