{"version":"1.0","dataSet":{"info":{"date":"20230116","occupation":"MM","channel":"MOCK","place":"ONLINE","gender":"MALE","ageRange":"45-54","experience":"EXPERIENCED"},"question":{"raw":{"text":"지원자님이 지금 공부하고 있는 분야가 무엇인지 궁금하구요 또 왜 그걸 공부하시는지 지금까지는 또 무엇을 배워왔는지도 구체적으로 설명해 주세요","wordCount":18},"emotion":[],"intent":[]},"answer":{"raw":{"text":"어 저는 꾸준히 영어 회화 및 영어 공부를 하고 있습니다. 어 직장생활을 할려고 보면 보니까 영어가 아무래도 어 필요하다 라는 것을 좀 뼈져리게 느끼고 있습니다. 하다못해 매장이나 어 뭐 우리 회사에 찾아오는 분들도 외국인들이 이제는 무척 늘었습니다. 그런 분들과 일단 기본적으로 대화가 안 된다 라는 것은 저로서도 그 우리 회사를 방문해신 뭐 바이어나 이런 분들한테에도 어 되게 좀 실례이라고 생각을 합니다. 그래서 저는 영어 공부는 어 꾸준히 하고 있고 그중에서도 제 업무와 관련된 비지니스 영어를 좀 더 열심히 공부하고 있습니다. 어 지금은 정말 글로벌 시대입니다. 하다못해 외국에서 전화가 올 수도 있고 어 길을 가다가 외국인이 말을 걸 수도 있습니다. 이럴 때 뭐 언제까지나 뭐 이들을 피하고 이럴 수는 없다 라고 생각을 합니다. 그렇기 때문에 저는 영어만큼은 어 최소한 어느 정도는 모두 구사를 해야지 이 영업을 하거나 비즈니스를 하는데 문제가 없다 라고 생각하기 때문에 저는 지금 꾸준히 영어 공부를 하고 있고 어 앞으로도 이 영어 공부만큼은 계속해 나갈 계획입니다.","wordCount":148},"emotion":[],"intent":[{"text":"어 저는 꾸준히 영어 회화 및 영어 공부를 하고 있습니다.","expression":"f_cons","category":"attitude"},{"text":"그래서   저는 영어 공부는 어 꾸준히 하고 있고 그중에서도 제 업무와 관련된    비지니스 영어를 좀 더 열심히 공부하고 있습니다.","expression":"c_imp","category":"personality"}],"summary":{"text":"저는 꾸준히 영어 회화 및 영어 공부를 하고 있습니다. 지금 글로벌 시대이기 때문에 외국에서 전화나 외국인이 말을 걸었을 때를 대비해서 영어를 최소한 어느 정도는 구사해야 비즈니스에 문제가 없다 라고 생각하기 때문에 계속 영어 공부를 할 계획입니다.","wordCount":36}}},"rawDataInfo":{"question":{"fileFormat":"wav","fileSize":599438,"duration":18730,"samplingBit":16,"channelCount":1,"samplingRate":"16kHz","audioPath":"/Mock/07.ProductionManufacturing/Male/Experienced/ckmk_q_mm_m_e_153311.wav"},"answer":{"fileFormat":"wav","fileSize":2559438,"duration":79980,"samplingBit":16,"channelCount":1,"samplingRate":"16kHz","audioPath":"/Mock/07.ProductionManufacturing/Male/Experienced/ckmk_a_mm_m_e_153311.wav"}}}