{"version":"1.0","dataSet":{"info":{"date":"20230116","occupation":"MM","channel":"MOCK","place":"ONLINE","gender":"MALE","ageRange":"35-44","experience":"EXPERIENCED"},"question":{"raw":{"text":"어 사람은 저마다 문제를 해결하는 방식이 다른데요 지원자님께서는 어떤 문제에 부딪쳤을 때 혼자 해결하는 편이신지 아니면 여러 사람들에게 이야기를 해서 해결을 하시는 편인지 궁금합니다","wordCount":24},"emotion":[],"intent":[]},"answer":{"raw":{"text":"난관에 부딪쳤을 때 가장 효과적인 방법은 많은 사람들에게 알리는 것이라고 배웠습니다. 왜냐하면 병도 많은 사람에게 알리면 좋은 솔루션을 찾을 수 있듯이 우리 엔지니어 같은 사람들은 어떤 문제에 봉착했을 때 제가 모르는 내용 제가 알 수 없었던 내용 제가 경험하지 못했던 내용을 동료 선배 또는 동종업계에 있는 다른 사람들을 통해서 많은 솔루션이나 조언을 받을 수 있기 때문입니다. 그렇지 않고 혼자 모든 것을 끙끙대고 해결하려고 하면 생각보다 오랜 시간이 걸리고 해결을 하지 못할 경우 고객 또는 거래처에 심각한 피해를 줄 수 있기 때문입니다. 때로는 선배나 동료나 직장 상사가 해결하지 못하는 일은 해당 업무에 전문 컨설턴트나 유료 컨설턴트를 통해서 솔루션을 빠르게 찾아가는 경우가 다분히 있습니다. 특히나 요즘은 인터넷이나 유튜브 또는 모든 에스엔에스 매체에 어떤 문제점을 올려놓으면 그거에 대한 답변을 달아주는 전문가들 시스템이 상당히 잘 잘 돼 있습니다. 크몽이나 숨고 같은 곳에서 엔지니어링이나 아니면 프로그래밍인의 오류가 났을 때 그것에 대한 질문을 하면 약 반나절이면 엄청난 솔루션을 받는 것으로 알고 있습니다.","wordCount":146},"emotion":[],"intent":[{"text":"","expression":"","category":"attitude"}],"summary":{"text":"난관에 부딪쳤을 때 가장 효과적인 방법은 많은 사람들에게 알리는 것입니다. 모르는 내용을 동료 선배 또는 동종업계에 있는 다른 사람들을 통해서 많은 솔루션이나 조언을 받을 수 있기 때문입니다. 그렇지 않고 혼자 해결하려고 하면 시간이 걸리고 해결을 하지 못할 경우 고객 또는 거래처에 심각한 피해를 줄 수 있습니다.","wordCount":46}}},"rawDataInfo":{"question":{"fileFormat":"wav","fileSize":507278,"duration":15850,"samplingBit":16,"channelCount":1,"samplingRate":"16kHz","audioPath":"/Mock/07.ProductionManufacturing/Male/Experienced/ckmk_q_mm_m_e_171912.wav"},"answer":{"fileFormat":"wav","fileSize":2669518,"duration":83420,"samplingBit":16,"channelCount":1,"samplingRate":"16kHz","audioPath":"/Mock/07.ProductionManufacturing/Male/Experienced/ckmk_a_mm_m_e_171912.wav"}}}