{"version":"1.0","dataSet":{"info":{"date":"20230116","occupation":"MM","channel":"MOCK","place":"ONLINE","gender":"MALE","ageRange":"55-","experience":"EXPERIENCED"},"question":{"raw":{"text":"요즘 고령화 사회로 가면서 현대사의 치매로 인한 문제가 많이 대두되고 있습니다 이에 대해서 건보 옹단이 하는 일과 개선할 방안에 대해서 지원자님의 생각을 말씀해 주세요","wordCount":24},"emotion":[],"intent":[]},"answer":{"raw":{"text":"요즘 뭐 고령화 사회로 가면서 치매가 굉장히 많아지고 있구요. 어 걱정이 많이 됩니다. 저희 어머님도 어 쪼끔 치밀기가 아 있기는 해도 약을 드시니까 지금 정장한데요. 어 굉장히 어려움이 많습니다. 그래서 건강 보공 공단에서 어 뭐 한 도움도 받고 건강 보험 공단에서 하는 일이든 어 어 보험료 뿐만이 아니고 어 치매 에 리왕 차원에서 어 팜프렛도 제작해서 보내주고 어 한글로 알고 있습니다. 그래서 어 인도 에 음 방법이라든가 이럼 것을 아 노인들한테 이 전파해서 많이 요즘 어 줄어드는 추세라고 생각을 하고요. 어 치매에 대한 홍보를 많이 해 가지고 건강에 이런 신경을 쓴 가 같습니다. 개선 방안은 특별히 없는 가 같습니다마는 그래도 더 인원을 보충해서 지원해 주는 그런 어 이 역활을 했으면 하는 그런 생각을 해 봅니다.","wordCount":115},"emotion":[],"intent":[{"text":"","expression":"","category":"attitude"}],"summary":{"text":"고령화 사회로 가면서 치매가 굉장히 많아지고 치매에 대한 홍보로 건강에 신경 쓴 가 같습니다. 개선 방안은 없지만 그래도 더 인원을 보충해서 지원해 주는 그런 역활을 했으면 하는 생각을 해 봅니다.","wordCount":30}}},"rawDataInfo":{"question":{"fileFormat":"wav","fileSize":600398,"duration":18760,"samplingBit":16,"channelCount":1,"samplingRate":"16kHz","audioPath":"/Mock/07.ProductionManufacturing/Male/Experienced/ckmk_q_mm_m_e_183933.wav"},"answer":{"fileFormat":"wav","fileSize":3092558,"duration":96640,"samplingBit":16,"channelCount":1,"samplingRate":"16kHz","audioPath":"/Mock/07.ProductionManufacturing/Male/Experienced/ckmk_a_mm_m_e_183933.wav"}}}