{"version":"1.0","dataSet":{"info":{"date":"20230116","occupation":"MM","channel":"MOCK","place":"ONLINE","gender":"MALE","ageRange":"35-44","experience":"EXPERIENCED"},"question":{"raw":{"text":"아 입사 후에 근무를 하시면서 정작 어 지원한 분야가 지원자님과 잘 맞지 않는다는 사실을 알게 된다면 그때는 어떻게 하실 생각이신지요 어 지원자님의 생각이 궁금합니다","wordCount":24},"emotion":[],"intent":[]},"answer":{"raw":{"text":"제가 지원한 분야가 잘 맞지 않는지 잘 맞는지는 최소 삼 개월에서 육 개월 정도 또는 일 년 정도 해보면서 판단을 할 수 있는데요. 일 년 정도 했는데도 이 일이 절대 맞지 않는다. 그러면 어쩌면 저는 그 업무와 너무 맞지 않는 사람인 성향이거나 적성에 안 맞는 것일 수도 있습니다. 그럴 때는 천천히 자신의 매니저 또는 팀장 또는 그보다 높은 선의 보직 순환이라든가 보직 이전에 대한 신청을 해야 됩니다. 이러이러한 이유로 제가 일 년 정도 이 일을 해 봤지만 도저히 저의 적성에는 맞지 않고 저의 적성에 잘 맞는 업무를 통해 회사의 발전을 하고 싶습니다. 제가 만약에 이런 보직에서 계속 일을 하게 된다면 저는 안타까운 결정을 할 수 밖에 없으니 위에서 좋은 결정을 내려주시길 바랍니다 라고 이야기를 하고 그래서 먹히게 되면 저는 보직 순환을 하여 다른 곳에 가서 열심히 할 것이고 만약에 이 업무 이는 당신 이외에는 할 사람이 없다 라고 강력하게 회사에서 밀어붙인다면 저는 과감하게 퇴사를 준비하겠습니다.","wordCount":145},"emotion":[],"intent":[{"text":"","expression":"","category":"attitude"}],"summary":{"text":"지원자 분야가 잘 맞는지 잘 맞는지는 최소 삼 개월에서 육 개월 정도 또는 일 년 정도 해보면서 판단을 할 수 있는데, 일이 맞지 않는다면 천천히 자신의 매니저 또는 팀장보다 높은 선의 보직 순환이라든가 보직 이전에 대한 신청을 해야 합니다.","wordCount":39}}},"rawDataInfo":{"question":{"fileFormat":"wav","fileSize":537038,"duration":16780,"samplingBit":16,"channelCount":1,"samplingRate":"16kHz","audioPath":"/Mock/07.ProductionManufacturing/Male/Experienced/ckmk_q_mm_m_e_164795.wav"},"answer":{"fileFormat":"wav","fileSize":2157518,"duration":67420,"samplingBit":16,"channelCount":1,"samplingRate":"16kHz","audioPath":"/Mock/07.ProductionManufacturing/Male/Experienced/ckmk_a_mm_m_e_164795.wav"}}}