{"version":"1.0","dataSet":{"info":{"date":"20230116","occupation":"MM","channel":"MOCK","place":"ONLINE","gender":"MALE","ageRange":"55-","experience":"EXPERIENCED"},"question":{"raw":{"text":"지원자님께서는 만약에 상사분이 업무와 무관한 일을 시키실 경우에 잘 수행할 자신이 있으신가요 혹시 아니면 수행하지 않으실지 이 여부에 대해서 답변 부탁드립니다","wordCount":21},"emotion":[],"intent":[]},"answer":{"raw":{"text":"일을 하다보면 어 위에 상사 분들이 업무와 무관한 일을 어 다수 시킬 수도 있습니다. 그러나 어 그것을 무조건 부당하다고 어 상사를 원망해서도 되지도 않고 어 그런 생각을 저는 가지고 있습니다. 그래서 음 업무와 무관한 일을 시키면은 어 거부자 거부하지 않고 에 제가 업무 이외 업무 시간 이외에 그 업무를 에 받쳐주는 그런 어 마인드를 가지고 어 일을 임하겠습니다. 어 무작정 상사가 무관한 일을 시킨다고 그래서 그것을 어 너무 거부허다 보면 업무에 또 같이 연계가 되기 때문에 어 무관한 일을 시켜도 어 에 잘 어 수행할 자신이 있습니다. 그래서 어 수행을 그 안타보면 어 형사와 그 커뮤니케이션이 이루어지질 않해서 나중에는 그 또 다른 또 팀워크가 이루어지지 않기 때문에 저는 어 시간 나는 대로 그런 일을 풀어보고 싶습니다.","wordCount":116},"emotion":[],"intent":[{"text":"","expression":"","category":"attitude"}],"summary":{"text":"상사가 업무와 무관한 일을 많이 시키더라도 그것을 무조건 부당하다고 여겨서는 안됩니다. 무관한 일을 시켜도 잘 수행할 자신이 있습니다.","wordCount":18}}},"rawDataInfo":{"question":{"fileFormat":"wav","fileSize":551118,"duration":17220,"samplingBit":16,"channelCount":1,"samplingRate":"16kHz","audioPath":"/Mock/07.ProductionManufacturing/Male/Experienced/ckmk_q_mm_m_e_175005.wav"},"answer":{"fileFormat":"wav","fileSize":2873678,"duration":89800,"samplingBit":16,"channelCount":1,"samplingRate":"16kHz","audioPath":"/Mock/07.ProductionManufacturing/Male/Experienced/ckmk_a_mm_m_e_175005.wav"}}}