{"version":"1.0","dataSet":{"info":{"date":"20230116","occupation":"MM","channel":"MOCK","place":"ONLINE","gender":"MALE","ageRange":"35-44","experience":"EXPERIENCED"},"question":{"raw":{"text":"만약 직무를 하실 때 지원자님께서 맞지 않는 일을 하시게 된다면 어떻게 하실 것 같습니까","wordCount":14},"emotion":[],"intent":[]},"answer":{"raw":{"text":"제가 원하는 직무에 배치되지 않더라도 일단은 이 회사가 좋아서 입사한 거기 때문에 육 개월에서 일 년 동안은 열심히 업무에 적응해 보겠습니다. 일 년 정도 업무를 하다 보면 업무에 성과도 날 것이고 업무에 적응을 하게 되어 제가 진짜 이 업무를 못해서 직무에 맞지 않는지 아니면 몰라서 못한 건지 아니면 정말 싫은 건지에 대한 명확한 판단이 설 것으로 예상됩니다. 일 년 정도 했는데도 탁월한 성과를 냈음에도 불구하고 이 업무가 너무 싫다면 저는 이 업무를 성과를 냈던 능력을 가지고 다른 부서에 가서 더 큰 성과를 내겠다고 보직 전환 및 부서 전환을 요청할 것입니다.","wordCount":90},"emotion":[],"intent":[{"text":"","expression":"","category":"attitude"}],"summary":{"text":"이 회사에 입사한 이상 육개월에서 일 년 동안은 열심히 업무에 적응하겠습니다. 업무가 너무 싫으면 다른 부서에 가서 더 큰 성과를 내겠다고 보직 전환 및 부서 전환을 요청할 것입니다.","wordCount":28}}},"rawDataInfo":{"question":{"fileFormat":"wav","fileSize":461518,"duration":14420,"samplingBit":16,"channelCount":1,"samplingRate":"16kHz","audioPath":"/Mock/07.ProductionManufacturing/Male/Experienced/ckmk_q_mm_m_e_177629.wav"},"answer":{"fileFormat":"wav","fileSize":1447758,"duration":45240,"samplingBit":16,"channelCount":1,"samplingRate":"16kHz","audioPath":"/Mock/07.ProductionManufacturing/Male/Experienced/ckmk_a_mm_m_e_177629.wav"}}}