{"version":"1.0","dataSet":{"info":{"date":"20230116","occupation":"MM","channel":"MOCK","place":"ONLINE","gender":"MALE","ageRange":"35-44","experience":"EXPERIENCED"},"question":{"raw":{"text":"혹시 본인이 직접 사내 스터디를 만들어서 공부할 수 있게 된다면 어떤 것을 공부하고 싶으신가요 그리고 그것을 공부하고 싶으신 이유도 같이 말씀해 주세요","wordCount":22},"emotion":[],"intent":[]},"answer":{"raw":{"text":"실제적으로 사내 스터디를 오랫동안 운영해 본 경험을 통하여 가장 필요한 것은 업무와 내 삶에 필요한 공부가 사내 스터디에 가장 필요합니다. 그것은 바로 외국어인데요. 외국어 중에서도 우리가 가장 많이 쓰이고 있는 영어입니다. 영어 스터디를 만들면 많은 사람들이 관심을 갖습니다. 왜냐하면 우리는 초등학교 그 이전부터 지속적으로 영어에 노출이 되어 있었고 실제로 살아가면서 대한민국 또는 글로벌에서 가장 필요한 언어기 때문입니다. 영어 스터디를 하다보면 첫 번째 문법을 공부하는 반을 만들면 사람들이 그렇게 관심을 갖지 않습니다. 왜냐하면 문법은 아주 지루하고 사람들이 하고 싶어하지 않습니다. 하지만 팝송 영어를 통한 팝송으로 영어 배우기 또는 영어로 동요 배우기 또는 영어로 역할극하기 우리가 영어로 말하는 구전동화 페얼리 테이라고 하는 그런 일곱 난장이와 백설공주 같은 것으로 영어 역할극을 하면 많은 사람들이 관심을 갖고 즐겁게 참여할 것입니다. 사람들이 참여할 수 있게끔 동기부여를 하지 않으면 사내 스터디는 일반 동호회나 취미 모임보다 더 지속적으로 운영을 할 수 없기 때문에 사람들의 필요성에 의해서 사내 스터디를 만든다면 저는 영어 스터디가 가장 적합하다고 할 것입니다.","wordCount":149},"emotion":[],"intent":[{"text":"","expression":"","category":"attitude"}],"summary":{"text":"사내 스터디 운영에 가장 필요한 것은 업무와 제 삶에 필요한 공부입니다. 가장 많이 쓰이는 외국어인 영어는 제가 초등학교 이전부터 영어에 노출되어 살면서 가장 필요한 언어이기 때문에 많은 사람들이 관심을 갖습니다. 사람들이 참여할 수 있게 동기부여를 하지 않으면 동호회나 취미 모임보다 지속적 운영을 할 수 없기 때문에 영어가 가장 적합합니다.","wordCount":49}}},"rawDataInfo":{"question":{"fileFormat":"wav","fileSize":393998,"duration":12310,"samplingBit":16,"channelCount":1,"samplingRate":"16kHz","audioPath":"/Mock/07.ProductionManufacturing/Male/Experienced/ckmk_q_mm_m_e_158666.wav"},"answer":{"fileFormat":"wav","fileSize":2729678,"duration":85300,"samplingBit":16,"channelCount":1,"samplingRate":"16kHz","audioPath":"/Mock/07.ProductionManufacturing/Male/Experienced/ckmk_a_mm_m_e_158666.wav"}}}