{"version":"1.0","dataSet":{"info":{"date":"20230116","occupation":"MM","channel":"MOCK","place":"ONLINE","gender":"MALE","ageRange":"45-54","experience":"EXPERIENCED"},"question":{"raw":{"text":"스트레스를 받으면 어떻게 하는지 왜 그런 방식으로 스트레스를 해소하는지 말씀해 주시겠어요","wordCount":11},"emotion":[],"intent":[]},"answer":{"raw":{"text":"어 저는 개인적으로 스트레스를 받으면 어 저만의 시간을 많이 가지려고 합니다. 곰이 굴 속에 들어가서 뭐 아무 것도 안 하듯이 저는 그냥 아무 것도 안 하면서 그냥 그냥 혼자 생각하고 이렇게 혼자 되새겨보는 것으로 그 스트레스를 좀 해소하는 경향이 있습니다. 어 물론 뭐 그 방법이 꼭 좋은 방법만은 아닙니다. 때로는 그것을 이야기하고 풀고 하는 것이 더 그 문제를 해결하는 방법일 수도 있는데 저는 개인적으로 그냥 저만의 시간을 가지면서 있었던 일을 되새겨보고 어떤 부분이 잘못돼 있는가를 한번 생각해보고 다른 판단은 없었는가를 생각해보는 그렇게 하면서 그 저 스스로 스트레스를 좀 해소하는 것 같습니다. 어 시간적 여유가 된다면 저는 낚시를 갑니다. 낚시 역시 뭐 여럿이서 가는 건 아니고 어 강가에 있는 그 강가에 있는 강 위에 떠 있는 자대에 들어가서 혼자 낚싯대를 던져놓고 거기서 커피 한 잔 믹스 커피 한 잔 뭐 라면 하나 끓여 먹으면서 저만의 시간을 가지면서 어 가지면 저도 모르게 그 스트레스가 풀리고 어 저 스스로 힐링이 되는 어 그런 경험을 합니다. 그래서 저는 좀 시간적 여유가 되거나 스트레스 풀 때 주로 혼자서 시간을 보내는 편입니다.","wordCount":166},"emotion":[],"intent":[{"text":"","expression":"","category":"attitude"}],"summary":{"text":"저는 개인적으로 스트레스를 받으면 저만의 시간을 많이 가지려고 합니다. 그냥 아무 것도 안 하면서 혼자 생각하고 되새겨보는 것으로 스트레스를 좀 해소하는 경향이 있습니다. 시간적 여유가 되거나 스트레스 풀 때 주로 혼자서 시간을 보내는 편입니다.","wordCount":34}}},"rawDataInfo":{"question":{"fileFormat":"wav","fileSize":300878,"duration":9400,"samplingBit":16,"channelCount":1,"samplingRate":"16kHz","audioPath":"/Mock/07.ProductionManufacturing/Male/Experienced/ckmk_q_mm_m_e_140907.wav"},"answer":{"fileFormat":"wav","fileSize":2872398,"duration":89760,"samplingBit":16,"channelCount":1,"samplingRate":"16kHz","audioPath":"/Mock/07.ProductionManufacturing/Male/Experienced/ckmk_a_mm_m_e_140907.wav"}}}