{"version":"1.0","dataSet":{"info":{"date":"20230116","occupation":"MM","channel":"MOCK","place":"ONLINE","gender":"MALE","ageRange":"45-54","experience":"EXPERIENCED"},"question":{"raw":{"text":"공동체의 가치에 입각해서 지원자님께서 판단하실 때 무형 문화유산의 보호에 있어서 적용되는 사회적 관념은 어떤 것이 있을까요","wordCount":16},"emotion":[],"intent":[]},"answer":{"raw":{"text":"어 우리 사회는 눈에 보이는 거 손에 만져 지는 거 이렇게 당장 눈 앞에 있는 것에 대해 되게 소중히 하는 반면 눈에 보이지 않는 것 이런 것에는 그 가치를 좀 인정 안 하는 경향이 있습니다. 우리는 흔히 그 문화재라고 했을 때 어 뭐 고려청자 어 무슨 뭐 다보탑 이런 거 지 이거와 같이 눈에 보이고 이런 것을 보존하고 고 애쓰는 반면에 무형 문화재 즉 사람과 사람에게서 연결되는 그 기술이나 이런 것들에 대해서는 그 가치를 어 좀 낮게 보는 경향이 있습니다. 하지만 오히려 이 무형 문화재는 사람에서 사람으로 이어지는 거다 보니 뭐 불의 사고로 그 무형 문화재 분이 돌아가신다라든지 이렇게 때문에 그 맥이 끊기는 겁니다. 저는 오히려 유형 문화재보다 무형 문화재를 더 인정하고 그들에 대한 대우가 더 좋아져야 된다 라고 생각을 합니다. 어 고려청자라든지 이렇게 눈에 보이는 유물은 어 서로 아끼고 보존하고 이럴 수 있지만 오히려 무형 문화재는 그 보존하기가 더 힘들다고 생각하기 때문입니다. 사회에서는 당연히 이 분들에 대한 처우라든지 이 분들에 대한 보상을 더 적절하게 어 그 가치를 를 높게 인정해야 된다 라고 저는 생각합니다.","wordCount":165},"emotion":[{"text":"저는 오히려 유형 문화재보다 무형 문화재를 더 인정하고   그들에 대한 대우가 더 좋아져야 된다 라고 생각을 합니다.","expression":"u-belief","category":"neutral"}],"intent":[{"text":"사회에서는 당연히 이   분들에 대한 처우라든지 이 분들에 대한 보상을 더 적절하게 어 그 가치를   를 높게 인정해야 된다 라고 저는 생각합니다.","expression":"c_value","category":"background"}],"summary":{"text":"우리 사회는 눈에 보이는 것을 소중히 하는 반면 눈에 보이지 않는 것에는 가치를 인정 안 하는 경향이 있습니다. 유형 문화재보다 무형 문화재를 더 인정하고 대우가 더 좋아져야 된다고 생각합니다. 사회에서는 당연히 이분들에 대한 처우나 보상을 더 적절하게 어 그 가치를 높게 인정해야 된다고 봅니다.","wordCount":44}}},"rawDataInfo":{"question":{"fileFormat":"wav","fileSize":407438,"duration":12730,"samplingBit":16,"channelCount":1,"samplingRate":"16kHz","audioPath":"/Mock/07.ProductionManufacturing/Male/Experienced/ckmk_q_mm_m_e_161361.wav"},"answer":{"fileFormat":"wav","fileSize":2691278,"duration":84100,"samplingBit":16,"channelCount":1,"samplingRate":"16kHz","audioPath":"/Mock/07.ProductionManufacturing/Male/Experienced/ckmk_a_mm_m_e_161361.wav"}}}