{"version":"1.0","dataSet":{"info":{"date":"20230116","occupation":"MM","channel":"MOCK","place":"ONLINE","gender":"MALE","ageRange":"55-","experience":"EXPERIENCED"},"question":{"raw":{"text":"어 지원자님께서 배달의민족 서비스를 사용하신 적이 있으신가요 있으시다면 해당 서비스를 이용하면서 아쉬웠던 점을 말씀해 주시길 바랍니다","wordCount":16},"emotion":[],"intent":[]},"answer":{"raw":{"text":"어 우리 현대 사회에서 어 배달은 어 굉장히 중요하다고 생각을 합니다. 서 요즘 많이 편리허게 이용을 하고 있고요. 어 거기에 따르는 여러 가지 이 문제점은 아쉬웠던 부분이 많이 있습니다마는 굉장히 아쉬웠던 것보다는 아 칭찬할 수 있는 그런 장점이 많이 있는 거 같습니다. 아 한번 그 배달의 민족은 배달이 됐을 때 다시 이 또 재차 물리 수 있는 그런 부분이 형성이 안 됐기 때문에 굉장히 그 서비스에 대해서는 아쉬웠던 그런 부분이 생각이 납니다. 아 어 언젠가 어 음식을 한번 음 배달 주문을 했었는데요. 어 어 시간이 좀 많이 걸려서 많이 이 음식이 식었던 그런 부분이 있었습니다. 서 그러게 에 식어서 어 음식을 못 먹고 다시 이 재차 반품을 하는데 있어서 굉장히 이 또 그분들하고 어 싸웠던 생각도 나고요. 하이튼 여러 가지 다른 것은 괜잖안데 음식 부분 음 또 배달하면서 파손 부분 이런 게 많이 이 아쉬웠던 그런 생각이 듭니다.","wordCount":138},"emotion":[],"intent":[{"text":"","expression":"","category":"attitude"}],"summary":{"text":"현대 사회에서 배달은 굉장히 중요하다고 생각되는데, 배달의 민족은 다시 재차 물리는 부분이 형성이 안 돼 굉장히 아쉬웠던 부분이 있고, 음식 부분과 배달하면서 파손된 부분이 많이 아쉬웠습니다.","wordCount":26}}},"rawDataInfo":{"question":{"fileFormat":"wav","fileSize":409998,"duration":12810,"samplingBit":16,"channelCount":1,"samplingRate":"16kHz","audioPath":"/Mock/07.ProductionManufacturing/Male/Experienced/ckmk_q_mm_m_e_237703.wav"},"answer":{"fileFormat":"wav","fileSize":3139278,"duration":98100,"samplingBit":16,"channelCount":1,"samplingRate":"16kHz","audioPath":"/Mock/07.ProductionManufacturing/Male/Experienced/ckmk_a_mm_m_e_237703.wav"}}}