{"version":"1.0","dataSet":{"info":{"date":"20230116","occupation":"MM","channel":"MOCK","place":"ONLINE","gender":"MALE","ageRange":"55-","experience":"EXPERIENCED"},"question":{"raw":{"text":"우리 회사에 입사한 후에 앞으로 오 년 뒤 혹은 십 년 뒤쯤에 지원자님은 어떤 엔지니어의 모습이 되어 있을 것 같으세요 바라는 모습이 있으신가요","wordCount":23},"emotion":[],"intent":[]},"answer":{"raw":{"text":"어 회사에 들어가게 되면 어 정말 엔지니어가 되는게 큰 꿈이죠. 어 아무 것도 모르고 들어가서 오 년 십 년 뒤 그 희망이 없으면 어 어 들어갈 들어가서 소외되고 또 뒤쳐져서 어 스트레스 받고 그러니 이 오 년 뒤 십 년 뒤는 어 제가 발전된 모습 이어야 되겠죠. 그래서 저는 에 열심히 지금도 어 할 계획이구요 하게 되면 어 꿈의 그 엔지니어가 어 될 것 같습니다. 어 그러면 어 거기에서 어 그냥 에 간단한 엔지니어가 돼서는 안 되겠죠. 항상 인원을 바라보고 어 어 공부하는 그런 엔지니어가 되기를 바라구요. 어 십 년이 안 돼서 어 엔지니어가 될 수 없다라면 어 십 오 년 차에는 어 꼭 꿈의 엔지니어가 돼서 회사에 에 도움을 주는 어 그런 회사원이 되겠습니다.","wordCount":115},"emotion":[],"intent":[{"text":"","expression":"","category":"attitude"}],"summary":{"text":"회사를 들어가면서 엔지니어가 되는 게 큰 꿈인데, 오 년 십 년 뒤엔 소외되고 또 뒤쳐져서 스트레스 받고 그러니 제가 발전된 모습 이어야 될 것 같습니다. 항상 인원을 바라보고 공부하는 엔지니어가 되길 바랍니다.","wordCount":32}}},"rawDataInfo":{"question":{"fileFormat":"wav","fileSize":587918,"duration":18370,"samplingBit":16,"channelCount":1,"samplingRate":"16kHz","audioPath":"/Mock/07.ProductionManufacturing/Male/Experienced/ckmk_q_mm_m_e_186781.wav"},"answer":{"fileFormat":"wav","fileSize":2829518,"duration":88420,"samplingBit":16,"channelCount":1,"samplingRate":"16kHz","audioPath":"/Mock/07.ProductionManufacturing/Male/Experienced/ckmk_a_mm_m_e_186781.wav"}}}