{"version":"1.0","dataSet":{"info":{"date":"20230116","occupation":"MM","channel":"MOCK","place":"ONLINE","gender":"MALE","ageRange":"55-","experience":"EXPERIENCED"},"question":{"raw":{"text":"기술적인 이슈를 해결했던 경험이 있으시다면 이야기해 주시겠습니까","wordCount":7},"emotion":[],"intent":[]},"answer":{"raw":{"text":"일을 하다 보면 굉장히 어려움이 많아집니다. 그래서 계획성 있고 어 시간 관리를 잘 해서 어 모든 일을 처리해야 되는데요. 그럼에도 불구하고 어 기술적인 이슈를 음 또 어 접할 때가 있습니다. 어 그러면 어 거기에 따르는 대처를 잘 해야 되는데요. 저는 어 간판에 일을 했었습니다. 그래서 그 간판을 하면서 어 또 설치를 하는데 에 굉장히 애로사항이 있었는데요. 어 설치를 하는데 어 또 어 거기에 따르는 또 기술적인 공구가 어 없어 가지고 그 공구를 어 또 어 팀원들에게 빨리 조달할 수 있게끄름 해서 해결했던 경험이 있습니다. 항상 기술적인 이슈 있다 라고 해서 대처를 항상 할 수 있는 어 그런 또 준비를 할 수 있는 그런 경험을 했던 그런 이슈였다고 말씀 드리겠습니다.","wordCount":109},"emotion":[],"intent":[{"text":"","expression":"","category":"attitude"}],"summary":{"text":"일을 하다 보면 굉장히 어려움이 많아져서 계획성 있고 시간 관리를 잘 해서 모든 일을 처리해야 되는데, 기술적인 이슈를 접할 때가 있습니다. 그래서 기술적인 이슈를 대처를 잘 해야 합니다. 항상 기술적인 이슈라고 해서 대처를 항상 할 수 있는 경험이었습니다.","wordCount":38}}},"rawDataInfo":{"question":{"fileFormat":"wav","fileSize":273998,"duration":8560,"samplingBit":16,"channelCount":1,"samplingRate":"16kHz","audioPath":"/Mock/07.ProductionManufacturing/Male/Experienced/ckmk_q_mm_m_e_198463.wav"},"answer":{"fileFormat":"wav","fileSize":2855758,"duration":89240,"samplingBit":16,"channelCount":1,"samplingRate":"16kHz","audioPath":"/Mock/07.ProductionManufacturing/Male/Experienced/ckmk_a_mm_m_e_198463.wav"}}}