{"version":"1.0","dataSet":{"info":{"date":"20230116","occupation":"MM","channel":"MOCK","place":"ONLINE","gender":"MALE","ageRange":"55-","experience":"EXPERIENCED"},"question":{"raw":{"text":"지금까지 살아오면서 다양한 일을 겪으셨을 텐데요 지원자님이 생각하실 때 인생을 살면서 가장 후회되는 일이 있다면 어떤 일이 있을까요 한 가지 경우만 설명해 주시기 바랍니다","wordCount":24},"emotion":[],"intent":[]},"answer":{"raw":{"text":"어 저는 음 인생을 살면서 어 후회 되는 일이 많이 있습니다. 어 그 제가 어 에 농협에 다녔었는데요. 농협을 이 칠 년간 다니다가 어 그만둔 게 제일 큰 후회라고 생각을 하고 있습니다. 어 어떤 제 개인적인 그런 나태함으로 어 그 좋은 직장을 그만뒀다 라는 게 지금은 굉장히 후회스럽고 안타까움이 많습니다. 그때 에 잘 그 버티고 또 제 개인 관리를 잘 했더라면 이 지금의 에 이런 큰 후회는 하지 않았으리라 생각이 들구요. 어 그 후회를 않기 위해서는 우리가 항상 어 개인적인 어 그런 공부도 많이 해야 되고 개인인 능력을 어 많이 개발해서 예 개인적인 소홀함이 있도록 해야지만이 앞으로 다시금 그런 큰 후회를 하지 않을까 이런 생각을 해 봤습니다. 정말 안타까운 일을 일이었습니다.","wordCount":111},"emotion":[],"intent":[{"text":"","expression":"","category":"attitude"}],"summary":{"text":"저는 농협을 칠 년간 다니다가 그만둔 게 가장 후회스럽습니다. 그때 제 개인 관리를 잘 했더라면 큰 후회는 없었을텐데 하는 아쉬움이 큽니다. 후회를 하지 않기 위해서는 개인적인 노력을 많이 해야 될 것 같습니다.","wordCount":32}}},"rawDataInfo":{"question":{"fileFormat":"wav","fileSize":591758,"duration":18490,"samplingBit":16,"channelCount":1,"samplingRate":"16kHz","audioPath":"/Mock/07.ProductionManufacturing/Male/Experienced/ckmk_q_mm_m_e_175284.wav"},"answer":{"fileFormat":"wav","fileSize":2841358,"duration":88790,"samplingBit":16,"channelCount":1,"samplingRate":"16kHz","audioPath":"/Mock/07.ProductionManufacturing/Male/Experienced/ckmk_a_mm_m_e_175284.wav"}}}