{"version":"1.0","dataSet":{"info":{"date":"20230116","occupation":"MM","channel":"MOCK","place":"ONLINE","gender":"MALE","ageRange":"-34","experience":"EXPERIENCED"},"question":{"raw":{"text":"귀하께서는 설계 쪽에 어 경력이 좀 있으신데 혹시 귀하께서 다룰 수 있는 설계 프로그램이 있다면 그 프로그램의 이름과 그것의 특징에 대해서 말씀해 주세요","wordCount":23},"emotion":[],"intent":[]},"answer":{"raw":{"text":"네 저는 지금 하고 있는 일이 어 캐드캠 프로그램을 만드는 일이어서 주로 캐드 작업을 많이 하고 또 그것을 통해서 캠 프로그램을 작성을 하고 있습니다. 제가 주로 다루는 프로그램은 마스터캠 이라는 프로그램과 어 포그라고 불리는 프로그램인데요. 일반적으로 그 금형을 만듦에 있어서 어 홀 좌표를 설정을 하고 좌표 가공 뿐만이 아니라 쿼터 작업 그리고 정삭 작업 등을 할 때 주로 그 프로그램들을 사용합니다. 또한 모델링 했던 것들을 이제 보고 비교 분석해야 될 일도 많이 있어서 어 유지라는 프로그램 프로그램도 많이 사용을 합니다. 어 주로 저는 저희 업무 같은 경우에는 투디를 주로 하기 때문에 아무래도 기본적인 좌표와 또한 황삭과 정삭 가공 등을 주로 많이 다루고 현재로는 쓰리디 공부도 병행함으로써 어 투디 쓰리디 다 프로그램을 짤 수도 있는 그러한 목표를 가지고 일을 준비해 나가고 있습니다.","wordCount":121},"emotion":[],"intent":[{"text":"어 주로 저는 저희 업무 같은 경우에는 투디를 주로 하기 때문에 아무래도 기본적인 좌표와 또한 황삭과 정삭 가공 등을 주로 많이 다루고 현재로는 쓰리디 공부도 병행함으로써 어 투디 쓰리디 다 프로그램을 짤 수도 있는 그러한 목표를 가지고 일을 준비해 나가고 있습니다.","expression":"c_imp","category":"personality"}],"summary":{"text":"저는 주로 캐드 작업을 많이 하고 그것을 통해서 캠 프로그램을 작성하고 있습니다. 주로 마스터캠이라는 프로그램과 어 포그라고 불리는 프로그램을 다루며, 주로 투디를 주로 하고 현재 쓰리디 공부도 병행하여 프로그램을 짤 수 있는 목표를 가지고 일을 준비하고 있합니다.","wordCount":37}}},"rawDataInfo":{"question":{"fileFormat":"wav","fileSize":535118,"duration":16720,"samplingBit":16,"channelCount":1,"samplingRate":"16kHz","audioPath":"/Mock/07.ProductionManufacturing/Male/Experienced/ckmk_q_mm_m_e_288203.wav"},"answer":{"fileFormat":"wav","fileSize":3077198,"duration":96160,"samplingBit":16,"channelCount":1,"samplingRate":"16kHz","audioPath":"/Mock/07.ProductionManufacturing/Male/Experienced/ckmk_a_mm_m_e_288203.wav"}}}