{"version":"1.0","dataSet":{"info":{"date":"20230116","occupation":"MM","channel":"MOCK","place":"ONLINE","gender":"MALE","ageRange":"35-44","experience":"EXPERIENCED"},"question":{"raw":{"text":"최근에 본 뉴스들 가운데에 가장 인상 깊었던 뉴스는 무엇입니까 무엇인지와 그 이유도 함께 말씀해 주십시오","wordCount":15},"emotion":[],"intent":[]},"answer":{"raw":{"text":"가장 감명 깊었던 최근의 뉴스는 이천 이십 년 팔 월 말 정도에 어떤 오십 대 아주머니가 뜨거운 여름에 횡단보를 걷다가 갑작스럽게 쓰러진 영상이 있었습니다. 그때 달리던 버스 안에서 버스 기사님이 불이 나케 달려 나와 그 아주머니에게 심폐 소생술을 하기 시작했습니다. 그렇게 일 분에서 이 분 사이에 심폐 소생술을 하니까 아주머니가 언제 그랬냐는 듯 다시 멀쩡하게 일어났습니다. 주위 사람들은 이미 일 일 구 구급대에 신고를 하여 일 일 대 구급대가 아주머니를 싣고 병원에 갈려고 했으나 아주머니는 너무 멀쩡해서 병원에 갈 필요 없습니다 라고 하면서 조용히 유유히 사라졌습니다. 그때 버스 기사님에 인터뷰가 생각납니다. 달리던 버스 안에서 어떻게 멈추고 갑자기 이렇게 심폐 소생술을 하러 내려왔습니까 라고 했을 때 자신이 버스 교육 안전 교육을 받을 때마다 언젠가는 이 심폐 소생술를 써 먹을 날이 있겠구나 라고 했는데 그 날이 바로 그 날이었나 봅니다. 그리고 달리는 버스 안에 있던 승객들에게 양해를 구했다고 합니다. 지금 이 승객들에 목적지를 가는 것보다 저기 누워있는 아주머니를 구하는 게 더 급하다고 생각했다고 합니다. 그러면서 아 버스 기사님은 식은 땀을 그렇게 흘리기 시작했는데 그것이 제가 최근에 본 가장 감명 깊은 뉴스가 아니었나 싶습니다.","wordCount":171},"emotion":[],"intent":[{"text":"","expression":"","category":"attitude"}],"summary":{"text":"이천 이십 년 팔 월 말 정도에 어떤 오십 대 아주머니가 뜨거운 여름에 횡단보도를 걷다가 갑작스럽게 쓰러진 영상이 있었습니다. 버스 기사님이 달리던 버스를 멈추고 나가 심폐 소생술을 했습니다. 승객들에게 양해를 구했고 승객은 목적지로 가는 것보다 아주머니를 구하는 게 더 급하다고 생각했다고 합니다. 그것이 제가 최근에 본 가장 감명 깊은 뉴스가 아닐까 싶습니다.","wordCount":52}}},"rawDataInfo":{"question":{"fileFormat":"wav","fileSize":524878,"duration":16400,"samplingBit":16,"channelCount":1,"samplingRate":"16kHz","audioPath":"/Mock/07.ProductionManufacturing/Male/Experienced/ckmk_q_mm_m_e_177627.wav"},"answer":{"fileFormat":"wav","fileSize":2782158,"duration":86940,"samplingBit":16,"channelCount":1,"samplingRate":"16kHz","audioPath":"/Mock/07.ProductionManufacturing/Male/Experienced/ckmk_a_mm_m_e_177627.wav"}}}