{"version":"1.0","dataSet":{"info":{"date":"20230116","occupation":"MM","channel":"MOCK","place":"ONLINE","gender":"MALE","ageRange":"55-","experience":"EXPERIENCED"},"question":{"raw":{"text":"지원자님께서는 스트레스를 받으면 어떻게 하시는지 그리고 왜 그런 방법으로 스트레스를 해소하는지 한 번 들어보고 싶습니다","wordCount":15},"emotion":[],"intent":[]},"answer":{"raw":{"text":"인간은 항상 어 스트레스를 받는 받고 살고 또 그것을 해소하려고 노력을 하고 있습니다. 일상생활이 모든 스트레스인데요. 어 그것을 또 각기 다르게 풀고 있습니다마는 어 저는 어 운동으로 많이 스트레스를 해소합니다. 어 또 가까운 뒷동산에 올른다든가 아니면 또 지인들과 함께 에 또 어 등산을 한다든가 해서 스트레스를 푸는데요. 어 스트레스가 받게 되면 어 굉장히 업무의 차질이 많습니다. 어 그렇다 보면 그것을 완화시키는 방법이 있어야 되는데요. 저는 음 어 뒷산에 올라가면서 어 조금 땀을 흘리면서 또 심호흡을 하면서 어 스트레스를 풀면서 올라갑니다. 그리고 올라간 다음에 정상에서 어 야호 소리와 함께 에 또 외치다 보면 굉장히 스트레스를 많이 음 어 없애는 그런 방법이 있습니다. 그래서 내려오면서 또 기분 좋은 생각만 하다 보면 굉장히 스트레스가 많이 풀린다고 생각을 합니다.","wordCount":115},"emotion":[],"intent":[{"text":"","expression":"","category":"attitude"}],"summary":{"text":"인간은 스트레스를 받는 받고 살고, 해소하려고 노력을 하고 있습니다. 저는 운동으로 많이 해소하는데, 업무의 차질이 많다면 이를 완화시키는 방법이 있어야 합니다. 뒷산에 올라가면서 심호흡을 하고, 정상에서 야호 소리와 함께 외치다 보면 스트레스가 많이 풀린다고 생각합니다.","wordCount":35}}},"rawDataInfo":{"question":{"fileFormat":"wav","fileSize":350798,"duration":10960,"samplingBit":16,"channelCount":1,"samplingRate":"16kHz","audioPath":"/Mock/07.ProductionManufacturing/Male/Experienced/ckmk_q_mm_m_e_235653.wav"},"answer":{"fileFormat":"wav","fileSize":3364558,"duration":105140,"samplingBit":16,"channelCount":1,"samplingRate":"16kHz","audioPath":"/Mock/07.ProductionManufacturing/Male/Experienced/ckmk_a_mm_m_e_235653.wav"}}}