{"version":"1.0","dataSet":{"info":{"date":"20230116","occupation":"MM","channel":"MOCK","place":"ONLINE","gender":"MALE","ageRange":"35-44","experience":"EXPERIENCED"},"question":{"raw":{"text":"여러 사람들과 함께 일을 하다 보면 구성원들과 갈등이 생기는 일이 있는데요 지원자님은 이런 상황을 어떻게 해결하시나요","wordCount":16},"emotion":[],"intent":[]},"answer":{"raw":{"text":"네 여러 사람들과 이제 함께 일을 하다 보면 이제 팀원이 만들어지고 이제 구성원들이 만들어지는데 그럴 때 이제 흔히 생길 수 있는 갈등 요소나 문제점들이 생기게 마련입니다. 이럴 때 해결 방법은 어 그 사람들의 불만이 무엇인지 갈등 요소가 무언지 이인지를 중간 관리자나 리더 역할을 하는 사람이 그거를 빨리 캐치해서 어떤 부분이 문제였는지 그런 부분을 빨리 캐치한 뒤에 어 불만 요소들을 한번 종합을 해 보면 됩니다. 종합을 해 보는 뒤에 그 사람이 무엇이 문제인지 무엇이 불만인지에 대해서 어 경청을 하게 된다면 의사소통이 이제 그때부터 되기 시작할 겁니다. 그래서 좀 피할 수 있는 부분을 피하고 좀 배려해 줄 수 있는 부분을 배려해 주다 보면은 그러한 이제 문제점들 갈등 요소가 생겼던 부분에 대해서 해소가 될 것 같은데 그런 것들이 갖춰졌을 때 그런 가사 구성원들의 갈등이 해소가 되면서 그때부터 이제 협업 관계가 되면서 협동심을 가질 수 있는 그런 팀원이가 만들어진다고 생각합니다. 그래서 사람 대 사람으로 대하다 보면 그런 문제는 생기지 않을 겁니다. 이상입니다.","wordCount":148},"emotion":[],"intent":[{"text":"그래서 좀 피할 수 있는 부분을 피하고 좀 배려해 줄 수 있는 부분을 배려해 주다 보면은   그러한 이제 문제점들 갈등 요소가 생겼던 부분에 대해서 해소가 될 것 같은데 그런 것들이 갖춰졌을 때   그런 가사 구성원들의 갈등이 해소가 되면서 그때부터 이제 협업 관계가 되면서 협동심을 가질 수 있는 그런 팀원이가 만들어진다고 생각합니다.","expression":"c_cop","category":"personality"}],"summary":{"text":"여러 사람과 함께 일하다 보면 팀원이 만들어지고 구성원들이 만들어지면서 흔히 생길 수 있는 갈등 요소나 문제점들이 생기게 됩니다. 중간 관리자나 리더가 갈등 요소를 캐치한 뒤에 그 불만 요소들을 종합해 보면 의사소통이 됩니다. 그 후에 피할 수 있는 부분을 피하고 배려해 주다 보면 갈등이 해소되면서 그때부터 협업 관계가 되면서 협동심을 가질 수 있는 팀원이 됩니다.","wordCount":54}}},"rawDataInfo":{"question":{"fileFormat":"wav","fileSize":604238,"duration":18880,"samplingBit":16,"channelCount":1,"samplingRate":"16kHz","audioPath":"/Mock/07.ProductionManufacturing/Male/Experienced/ckmk_q_mm_m_e_191993.wav"},"answer":{"fileFormat":"wav","fileSize":2718158,"duration":84940,"samplingBit":16,"channelCount":1,"samplingRate":"16kHz","audioPath":"/Mock/07.ProductionManufacturing/Male/Experienced/ckmk_a_mm_m_e_191993.wav"}}}