{"version":"1.0","dataSet":{"info":{"date":"20230116","occupation":"MM","channel":"MOCK","place":"ONLINE","gender":"MALE","ageRange":"35-44","experience":"EXPERIENCED"},"question":{"raw":{"text":"어 시간이 촉박할 상황이 발생할 때가 많습니다 그럴 때 어떻게 시간 관리를 하시는지 지원자님의 시간 관리법이 참 궁금합니다","wordCount":18},"emotion":[],"intent":[]},"answer":{"raw":{"text":"무엇보다 시간이 촉박할 때 스케줄링을 하는 것은 바로 잠을 줄이는 겁니다. 첫 번째 제가 원래 일곱 시간씩 자던 잠을 저는 네 시간으로 줄이고 세 시간의 여유를 만듭니다. 그리고 두 번째 항상 밥 먹던 시간을 이십 분에서 십 분으로 줄이고 점심시간에 한 시간 중에 사십 분에서 오십 분을 그 업무를 하는 데 쏟습니다. 그리고 세 번째 운동을 하던 시간 하루에 한 시간 반을 줄여서 업무에 쏟습니다. 왜냐하면 당장 시간이 촉박한 상황에선 제가 매일매일 하던 일상적인 업무들 일상적인 것들을 조금 줄임으로써 그 시간을 확보할 수가 있습니다. 실제로 자는 시간 세 시간 밥 먹는 시간 사십 분 운동하는 시간 한 시간 반을 아끼면 하루에 다섯 시간에서 네 시간 반 정도의 여유가 생기고 그것이 일 주일이 되면 약 삼십 시간 정도가 생기 생깁니다. 그렇게 이 삼 주만 시간 관리를 제대로 하면 제가 못 했던 프로젝트라든가 어떤 데드라인이 걸려있는 업무 처리를 완벽하게 할 수 있고 그리고 그 프로젝트가 끝나서 여유가 생기면 다시 그때 저의 일상으로 돌아오거나 모자란 잠을 다시 청할 수 있다고 생각합니다.","wordCount":158},"emotion":[],"intent":[{"text":"무엇보다 시간이 촉박할 때 스케줄링을 하는 것은 바로 잠을 줄이는 겁니다.","expression":"c_adp","category":"personality"},{"text":"왜냐하면 당장 시간이 촉박한 상황에선 제가 매일매일 하던 일상적인 업무들 일상적인 것들을 조금 줄임으로써 그 시간을 확보할 수가 있습니다.","expression":"c_adp","category":"personality"},{"text":"실제로 자는 시간 세 시간 밥 먹는 시간 사십 분 운동하는 시간 한 시간 반을 아끼면 하루에 다섯 시간에서 네 시간 반 정도의 여유가 생기고 그것이 일 주일이 되면   약 삼십 시간 정도가 생기 생깁니다.","expression":"c_adp","category":"personality"}],"summary":{"text":"시간이 촉박할 때 스케줄링을 하는 것은 바로 잠을 줄이는 것입니다. 먼저 자는 시간 세 시간 밥 먹는 시간 40분 운동하는 시간 한 시간 반을 아끼면 하루에 다섯 시간에서 네 시간 반 정도의 여유가 생기고 그것이 일 주일이 되면 약 삼천 시간 정도가 생기 생기며 이렇게 이 삼 주만 시간 관리를 제대로 하면 업무 처리를 완벽하게 할 수 있습니다.","wordCount":58}}},"rawDataInfo":{"question":{"fileFormat":"wav","fileSize":371278,"duration":11600,"samplingBit":16,"channelCount":1,"samplingRate":"16kHz","audioPath":"/Mock/07.ProductionManufacturing/Male/Experienced/ckmk_q_mm_m_e_167078.wav"},"answer":{"fileFormat":"wav","fileSize":2359118,"duration":73720,"samplingBit":16,"channelCount":1,"samplingRate":"16kHz","audioPath":"/Mock/07.ProductionManufacturing/Male/Experienced/ckmk_a_mm_m_e_167078.wav"}}}