{"version":"1.0","dataSet":{"info":{"date":"20230116","occupation":"MM","channel":"MOCK","place":"ONLINE","gender":"MALE","ageRange":"45-54","experience":"EXPERIENCED"},"question":{"raw":{"text":"본인 스스로 생각하기에 숫자와 창의 중에 어떠한 것이 더 가깝다고 생각하시는지 궁금합니다 그리고 왜 그렇게 생각했는지 이유도 함께 말씀해 주시길 바랍니다","wordCount":21},"emotion":[],"intent":[]},"answer":{"raw":{"text":"면접관님께서 어 숫자와 창의 중 어느 쪽에 더 가깝냐고 물으셨는데 어 숫자가 정확한 것 확실한 것 수치로 되어있는 거 이런 것을 표현하고 창의가 아이디어 어 무언가 새로운 것을 만들어내는 것 이런 것으로 정의를 한다면 저는 숫자보다는 창의 쪽에 더 가까운 것 같습니다. 저는 어떤 일을 어 함에 있어서 어 새로운 것을 만들어내고 새로운 아이디어를 통해서 그 그것을 개선하고 어 보완하며 어 새로운 제품을 만드는 것에 대해 흥미를 가지고 있습니다. 어 저는 스스로 무언가를 만들고 어 연구한 쪽에 좀 관심이 많고 저 스스로도 숫자 쪽보다는 창의 쪽에 무엇인가를 새로 개발하고 연구하는 쪽에 더 관심이 많은 것 같습니다. 어 저는 숫자와 창의 중 창의 쪽에 더 가깝다 라고 말씀드리고 싶습니다.","wordCount":108},"emotion":[{"text":"저는 어떤 일을 어 함에 있어서 어 새로운 것을 만들어내고 새로운 아이디어를 통해서 그   그것을 개선하고 어 보완하며 어 새로운 제품을 만드는 것에 대해 흥미를 가지고 있습니다.","expression":"p-interest","category":"positive"},{"text":"어   저는 스스로 무언가를 만들고 어 연구한 쪽에 좀 관심이 많고 저 스스로도 숫자 쪽보다는 창의 쪽에 무엇인가를 새로 개발하고 연구하는 쪽에 더 관심이 많은 것 같습니다.","expression":"p-interest","category":"positive"}],"intent":[{"text":"","expression":"","category":"attitude"}],"summary":{"text":"저는 숫자보다 창의 쪽에 더 가까운 것 같습니다. 스스로 무언가를 만들고 연구한 쪽에 관심이 많고 저 스스로도 숫자 쪽보다는 창의 쪽으로 무엇인가를 새로 개발하고 연구하는 쪽에 더 관심이 많습니다.","wordCount":29}}},"rawDataInfo":{"question":{"fileFormat":"wav","fileSize":567118,"duration":17720,"samplingBit":16,"channelCount":1,"samplingRate":"16kHz","audioPath":"/Mock/07.ProductionManufacturing/Male/Experienced/ckmk_q_mm_m_e_161355.wav"},"answer":{"fileFormat":"wav","fileSize":1870798,"duration":58460,"samplingBit":16,"channelCount":1,"samplingRate":"16kHz","audioPath":"/Mock/07.ProductionManufacturing/Male/Experienced/ckmk_a_mm_m_e_161355.wav"}}}