{"version":"1.0","dataSet":{"info":{"date":"20230116","occupation":"MM","channel":"MOCK","place":"ONLINE","gender":"MALE","ageRange":"55-","experience":"EXPERIENCED"},"question":{"raw":{"text":"일을 하다가 만약 상사에게 어려운 지시를 받으면 어떻게 하시겠습니까 이유도 함께 말씀해 주세요","wordCount":13},"emotion":[],"intent":[]},"answer":{"raw":{"text":"우리가 회사 생활을 하다 보면 어 상사에게 어려운 지시를 받은 받을 수도 있죠. 어 그러나 또 업무 과다 이런 게 아니기 때문에 당연히 저는 어 상사에게 에 어려운 지시를 받으면 그것을 이겨낸다고 이겨내야 된다고 생각을 합니다. 상사가 아 그만큼의 에 아 또 어려운 일을 지시를 하게 되면 그만큼 믿고 있다는 그런 어 또 생각도 들고요. 어 또 그 상사가 아 또 그 어려운 지시를 해서 그것을 이루어낸다 라면 어 저 또한 인정도 받고 회사에서도 꼭 필요로 하는 어 인재가 되어 있지 않을까 생각이 들고요. 어 상사에게 항상 반하는 어려운 지시를 한다고 어 그런 행동을 하게 되면 에 협업에도 굉장히 영향이 있을 것 같습니다. 같은 직장 생활을 함에 있어서 음 또 어 또 무능으 무능을 또 상사가 인정을 하게 되면 어 회사는 아마 어 성장하지 못할 것입니다. 성장 과정에서 그 진통은 항상 있다고 생각을 하고요. 어 또 내가 이겨낼 수 있는 어 그런 지시를 어 또 어렵더래도 하면 무조건 해야 되고요. 어려운 지시가 아 나 혼자만의 에 또 어 헤쳐나갈 수 있는 부분이 아니면 어 직장 동료에게 또 도움을 받아서 꼭 그 어려운 지시들에도 어 또 헤쳐나가야 된다 이렇게 생각을 합니다.","wordCount":180},"emotion":[],"intent":[{"text":"","expression":"","category":"attitude"}],"summary":{"text":"회사 생활을 하다 보면 상사에게 어려운 지시를 받으면 극복해야 합니다. 어려운 일을 지시하면 믿고, 협업에도 영향이 있고, 상사가 인정을 하게 되면 회사도 성장하지 못할 것입니다. 어려운 지시를 하더라도 무조건 해야 하며, 어려운 지시가 나 혼자 또는 직장 동료의 도움을 받아서 헤쳐나가야 합니다.","wordCount":42}}},"rawDataInfo":{"question":{"fileFormat":"wav","fileSize":307278,"duration":9600,"samplingBit":16,"channelCount":1,"samplingRate":"16kHz","audioPath":"/Mock/07.ProductionManufacturing/Male/Experienced/ckmk_q_mm_m_e_237707.wav"},"answer":{"fileFormat":"wav","fileSize":3788878,"duration":118400,"samplingBit":16,"channelCount":1,"samplingRate":"16kHz","audioPath":"/Mock/07.ProductionManufacturing/Male/Experienced/ckmk_a_mm_m_e_237707.wav"}}}