{"version":"1.0","dataSet":{"info":{"date":"20230116","occupation":"MM","channel":"MOCK","place":"ONLINE","gender":"MALE","ageRange":"55-","experience":"EXPERIENCED"},"question":{"raw":{"text":"네 지원자님께서는 업무 시 분쟁이 발생하거나 논쟁이 있을 때 지원자님만의 어떤 대처 방법이 있으신지 그런 대처 방법이 있으시다면 어떠신 것인지 말씀을 부탁드립니다","wordCount":22},"emotion":[],"intent":[]},"answer":{"raw":{"text":"업무를 에 보다 보면 분쟁이 많이 발생할 수 있죠. 어 항상 그런 걸 얘기하는 그런 자세가 필요하구요. 거기에 따라서 어 대처법이라는 건 항상 마음과 마음이 통해야 되거든요. 어 음모가 분쟁이 됐는데 그것은 내 의견만 어 주장을 하게 되면 어 이이격으로 받아들이겠어요. 어 분쟁 에 해결이 되질 않습니다. 그리고 어 대처를 할려면 항상 어 상서이 잘 보고 하고 동료들이 이제 그 내용을 분쟁의 내용을 선명을 해서 어 거기에서 회의를 거쳐서 어 그런 걸 어 대입 대체 해야 되지 않을까 생각을 하구요. 어 제가 분쟁이 일어나면 최선의 어 최대한 그분들하고 마찰을 줄이면서 어 또 시간을 좀 갖고 하다 보면 어 아무래도 어 분쟁이 어 쪼금 누그러질 때가 있습니다. 그럴 때 이제 파고들어서 어 상황 설명을 하고 그럼 분쟁이 왜 일어났는가를 그 항상 상사들 하고 상이 해 가지고 대처를 하겠습니다.","wordCount":127},"emotion":[],"intent":[{"text":"","expression":"","category":"attitude"}],"summary":{"text":"업무 특성상 분쟁이 많이 발생하는데 이를 해결하기 위해서는 항상 마음과 마음이 통해야 합니다. 또한 분쟁을 상서이 잘 보고 회의를 통해 분쟁의 내용을 대입 대체 해야 합니다. 분쟁이 발생하면 최대한 마찰을 줄이고 시간이 지나면 분쟁은 누그러질 것입니다.","wordCount":36}}},"rawDataInfo":{"question":{"fileFormat":"wav","fileSize":514958,"duration":16090,"samplingBit":16,"channelCount":1,"samplingRate":"16kHz","audioPath":"/Mock/07.ProductionManufacturing/Male/Experienced/ckmk_q_mm_m_e_184153.wav"},"answer":{"fileFormat":"wav","fileSize":2877198,"duration":89910,"samplingBit":16,"channelCount":1,"samplingRate":"16kHz","audioPath":"/Mock/07.ProductionManufacturing/Male/Experienced/ckmk_a_mm_m_e_184153.wav"}}}