{"version":"1.0","dataSet":{"info":{"date":"20230116","occupation":"MM","channel":"MOCK","place":"ONLINE","gender":"MALE","ageRange":"35-44","experience":"EXPERIENCED"},"question":{"raw":{"text":"지원자님은 팀으로 일하는 것과 혼자 일하는 것 중 무엇을 더 선호하는 편이신가요 또한 그것을 더욱 선호하는 이유에 대해서도 함께 말씀해 주세요","wordCount":21},"emotion":[],"intent":[]},"answer":{"raw":{"text":"저는 당연히 팀으로 일하는 것이 훨씬 더 도움이 되고 저한테 잘 맞는 것 같습니다. 왜냐하면 사람은 사회적인 동물이기 때문에 절대 혼자 살아갈 수가 없습니다. 특히나 조직이나 회사는 혼자서 업무 처리를 하면 빠르게 갈 수 있다고 생각하지만 실제로 장기 프로젝트를 해 보면 혼자 하는 것보다 여럿이 했을 때 훨씬 더 좋은 성과를 내고 또는 여럿이 하다 보면 누군가가 지칠 때 다른 사람이 도와 주거나 다독이면서 또는 그 사람이 지친 부분을 조금씩 맡아 주면서 시너지 효과가 상당히 많이 창출되는 것으로 알고 있습니다. 저 역시도 오십 개가 넘는 프로젝트를 하면서 많은 시너지를 창출하는 경우를 보았습니다. 예를 들어서 혼자 어떤 프로젝트를 하나씩 해 나간다고 하면 다섯 개 정도 했을 때 그 사람이 지쳐 버리면 여섯 개 일곱 개째는 정체가 돼 버립니다. 하지만 다섯 명이서 다섯 개의 프로젝트를 맡다 보면 한 두 사람이 지쳤을 때 다른 사람의 에너지로 그것을 채우고 그 사람이 다시 회복이 됐을 때 그 사람이 그 업무를 맡아 주면 다섯 개의 프로젝트가 아니라 다섯 명이서 일곱 개의 프로젝트도 더 할 수 있습니다. 그리고 일곱 개의 프로젝트를 하면서 많은 경험과 지식이 쌓였고 그 지식과 경험을 빅데이터화하여 어떻게 하면 다음에는 조금 더 빠르게 할 수 있고 어떻게 하면 다음에는 조금 더 좋은 성과를 낼 수 있을지에 대한 좋은 결과를 도출할 수가 있기 때문에 저는 당연히 팀으로 하는 것을 선호 선호합니다.","wordCount":206},"emotion":[],"intent":[{"text":"","expression":"","category":"attitude"}],"summary":{"text":"사람은 사회적인 동물이기 때문에 팀으로 일하는 것이 더 도움이 되고 저한테 잘 맞는 것 같습니다. 조직이나 회사는 혼자서 업무 처리를 하는 것보다 여럿이 했을 때 훨씬 더 좋은 성과를 내고 그 사람이 지칠 때 다른 사람이 도와 주면서 또는 그 사람이 지친 부분을 조금씩 맡아 주면서 시너지 효과가 상당히 많이 창출되는 것으로 알고 있습니다.","wordCount":54}}},"rawDataInfo":{"question":{"fileFormat":"wav","fileSize":600398,"duration":18760,"samplingBit":16,"channelCount":1,"samplingRate":"16kHz","audioPath":"/Mock/07.ProductionManufacturing/Male/Experienced/ckmk_q_mm_m_e_191588.wav"},"answer":{"fileFormat":"wav","fileSize":2794318,"duration":87320,"samplingBit":16,"channelCount":1,"samplingRate":"16kHz","audioPath":"/Mock/07.ProductionManufacturing/Male/Experienced/ckmk_a_mm_m_e_191588.wav"}}}