{"version":"1.0","dataSet":{"info":{"date":"20230116","occupation":"MM","channel":"MOCK","place":"ONLINE","gender":"MALE","ageRange":"-34","experience":"EXPERIENCED"},"question":{"raw":{"text":"지원자님께서 업무 시 분쟁이 발생할 때를 대비한 지원자님만의 대처법이 있나요 지원자님이 있으시다면 무엇인지 설명과 함께 이야기해 주세요","wordCount":17},"emotion":[],"intent":[]},"answer":{"raw":{"text":"저는 제가 일이라는 것을 시작할 때부터 작성해 왔던 저의 저만의 업무 일지가 있습니다. 그 업무 일지에는 물론 그 회사에서 기밀이 되는 기밀이 되는 그런 중요한 것들은 물론 적지 않았고 저만의 업무 일지로서 내가 일을 하면서 겪었던 모든 것들 사람들과의 갈등 또 내가 이 이뤄냈던 것들 거기엔 또 분쟁도 역시 포함됩니다. 또 분쟁을 겪었던 적이 많이 있었기 때문에 제가 적은 저만의 업무 일지에는 수많은 분쟁 조정 일지들이 분쟁 조정 사례들이 적혀 있습니다. 저는 제 노트에 그 사례들을 바탕으로 업무 시 분쟁이 발생했을 때 과거의 경험을 바탕으로 하여 사람들과 원만히 해결하도록 그 자리에서 노트를 피고 어떻게 해결해야 될지 한번 살펴보겠습니다. 그렇게 되면은 분쟁 때문에 업무에 차질이 있을 것 같다고 생각하지는 않습니다.","wordCount":109},"emotion":[],"intent":[{"text":"","expression":"","category":"attitude"}],"summary":{"text":"저는 저만의 업무 일지에 수많은 분쟁 조정 사례들이 적혀 있습니다. 그 사례들을 바탕으로 업무 시 분쟁이 발생했을 때 과거의 경험을 바탕으로 원만히 해결하고자 합니다. 그렇게 되면 업무에 차질이 있을 것 같지는 않습니다.","wordCount":32}}},"rawDataInfo":{"question":{"fileFormat":"wav","fileSize":441038,"duration":13780,"samplingBit":16,"channelCount":1,"samplingRate":"16kHz","audioPath":"/Mock/07.ProductionManufacturing/Male/Experienced/ckmk_q_mm_m_e_205094.wav"},"answer":{"fileFormat":"wav","fileSize":2901838,"duration":90680,"samplingBit":16,"channelCount":1,"samplingRate":"16kHz","audioPath":"/Mock/07.ProductionManufacturing/Male/Experienced/ckmk_a_mm_m_e_205094.wav"}}}