{"version":"1.0","dataSet":{"info":{"date":"20230116","occupation":"MM","channel":"MOCK","place":"ONLINE","gender":"MALE","ageRange":"-34","experience":"EXPERIENCED"},"question":{"raw":{"text":"회사에 입사를 하고 난 후에 사내 스터디를 만들어서 공부를 할 수 있다고 한다면 지원자님께서는 어떤 공부를 하고 싶으신가요 그리고 왜 그 공부가 하고 싶은지도 함께 말씀해 주시기 바랍니다","wordCount":28},"emotion":[],"intent":[]},"answer":{"raw":{"text":"저는 글쓰기 스터디를 만들어 가지고 활동을 하고 싶습니다. 항상 입시 위주의 주입식 교육을 하다 보니까 제가 진정으로 원하는 저만이 세계에서 펼쳐지는 저만이 창의성이 발동되는 그런 세계에 대한 동경이 항상 있었습니다. 그렇지만 좋은 점수를 따기 위해서 해야 되는 공부들을 하면서 점수를 쌓기 위한 그런 공부들을 하면서 저는 스스로 너무나 많은 회의감에 빠졌었습니다. 그렇지만 우연히 우연히 어떤 드라마를 보다가 글쓰기에 관한 어떤 내용을 잠깐 보게 되었는데 아 저런 글쓰기를 통해서라면은 내가 내가 진정으로 원하는 것이 무엇인지 한번 마음대로 펼쳐볼 수 있겠구나 그러 그렇게 작동되는 나의 무한한 세계를 통해서 뭐 일을 하면서도 일을 하면서도 너무 내 세계에 구애받지 않고 조금 더 자유로운 세계를 펼치면서도 내 일에 집중할 수 있는 그런 창의성을 얻기 위해서 저는 글쓰기가 정말 중요하다고 생각을 합니다. 그래서 저는 글쓰기 스터디를 개최하고 싶습니다.","wordCount":122},"emotion":[],"intent":[{"text":"","expression":"","category":"attitude"}],"summary":{"text":"입시 위주의 주입식 교육으로 인해 저만이 창의성이 발동되는 세계에 대한 동경이 항상 있었지만, 점수를 따기 위한 공부들을 하면서 스스로 너무나 많은 회의감에 빠졌었습니다. 그런데 그런 글쓰기를 통해서 저의 무한한 세계를 펼치면서도 내 일에 집중할 수 있는 그런 창의성을 얻기 위해서 저는 글쓰기 스터디를 만들고 싶습니다.","wordCount":45}}},"rawDataInfo":{"question":{"fileFormat":"wav","fileSize":588878,"duration":18400,"samplingBit":16,"channelCount":1,"samplingRate":"16kHz","audioPath":"/Mock/07.ProductionManufacturing/Male/Experienced/ckmk_q_mm_m_e_205100.wav"},"answer":{"fileFormat":"wav","fileSize":2863086,"duration":89469,"samplingBit":16,"channelCount":1,"samplingRate":"16kHz","audioPath":"/Mock/07.ProductionManufacturing/Male/Experienced/ckmk_a_mm_m_e_205100.wav"}}}