{"version":"1.0","dataSet":{"info":{"date":"20230116","occupation":"MM","channel":"MOCK","place":"ONLINE","gender":"MALE","ageRange":"55-","experience":"EXPERIENCED"},"question":{"raw":{"text":"지원자님께서는 배달의민족 어플을 사용하시면서 서비스 부분에서 아쉬웠던 부분이 있으십니까 어 있다면 무엇인지 구체적으로 설명 부탁드릴게요","wordCount":15},"emotion":[],"intent":[]},"answer":{"raw":{"text":"어 배달의 민족이라는 것은 음식 배달 중개 에 플랫폼 서비스 소개 엠 다운로드 에스엔에스 안내를 어 말씀 하시는 것 같구요. 그기에 따라서 항상 어 음식 부분이 굉장히 아쉬웠던 부분입니다. 음식을 시키면 아 그런 배달의 시간이 있기 때 뭐 어 그 음식이 조금 어 굳어버린다던가 아니면은 그 따뜻함이 에 어 조금 식어서 어 맛이 없었던 어 그런 기억도 나구요. 또 어 거기에 따라서 또 반품할 수도 없는 이런 그 시스템이기 때문에 굉장히 그런 부분이 좀 아쉬웠던 부분 같습니다. 하나 대체적으로 어 많은 아쉬움은 없었지 않을까 제 생각에는 그렇게 답변 드리겠습니다.","wordCount":89},"emotion":[],"intent":[{"text":"","expression":"","category":"attitude"}],"summary":{"text":"배달의민족은 음식 배달 중개 플랫폼 서비스인데, 음식의 변질이나 식어도 반품할 수 없는 시스템은 굉장히 아쉬웠습니다. 하지만 대체적으로 많은 아쉬움은 없으리라 생각합니다.","wordCount":21}}},"rawDataInfo":{"question":{"fileFormat":"wav","fileSize":510158,"duration":15940,"samplingBit":16,"channelCount":1,"samplingRate":"16kHz","audioPath":"/Mock/07.ProductionManufacturing/Male/Experienced/ckmk_q_mm_m_e_175008.wav"},"answer":{"fileFormat":"wav","fileSize":2714318,"duration":84820,"samplingBit":16,"channelCount":1,"samplingRate":"16kHz","audioPath":"/Mock/07.ProductionManufacturing/Male/Experienced/ckmk_a_mm_m_e_175008.wav"}}}