{"version":"1.0","dataSet":{"info":{"date":"20230116","occupation":"MM","channel":"MOCK","place":"ONLINE","gender":"MALE","ageRange":"35-44","experience":"EXPERIENCED"},"question":{"raw":{"text":"본인이 생각했을 때 본인은 숫자와 창의 중 어떤 것에 더 가까운 사람이라고 생각하나요 그리고 왜 그렇게 생각하는지 그 이유도 같이 말씀해 주세요","wordCount":22},"emotion":[],"intent":[]},"answer":{"raw":{"text":"저는 숫자보다는 창의에 더 가깝다고 생각합니다. 왜냐하면 저는 엔지니어로서 전자 공학을 전공함과 동시에 데이터에 대해서 많은 공부를 했고 많은 공부를 하다 보니 어떤 창의적인 내용이 떠오르면 그거를 저도 모르게 저의 메모장에 적곤 합니다. 그 창의적인 기록들을 하나하나 모아서 좋은 데이터를 만들고 그 데이터를 가지고 나중에 업무에 활용을 많이 했던 것 같습니다.","wordCount":51},"emotion":[],"intent":[{"text":"","expression":"","category":"attitude"}],"summary":{"text":"전자 공학을 전공하면서 창의적인 내용이 떠오르면 메모장에 적습니다. 그 기록들을 모아 좋은 데이터를 만들고 그 데이터를 가지고 나중에 업무에 활용을 많이 했습니다.","wordCount":22}}},"rawDataInfo":{"question":{"fileFormat":"wav","fileSize":446158,"duration":13940,"samplingBit":16,"channelCount":1,"samplingRate":"16kHz","audioPath":"/Mock/07.ProductionManufacturing/Male/Experienced/ckmk_q_mm_m_e_164734.wav"},"answer":{"fileFormat":"wav","fileSize":1028878,"duration":32150,"samplingBit":16,"channelCount":1,"samplingRate":"16kHz","audioPath":"/Mock/07.ProductionManufacturing/Male/Experienced/ckmk_a_mm_m_e_164734.wav"}}}