{"version":"1.0","dataSet":{"info":{"date":"20230116","occupation":"MM","channel":"MOCK","place":"ONLINE","gender":"MALE","ageRange":"35-44","experience":"EXPERIENCED"},"question":{"raw":{"text":"지원자님이 최근에 본 뉴스들 가운데 가장 인상 깊었던 뉴스가 있었나요 있었다면 무엇인지와 또 왜 가장 인상이 깊었는지에 대해서도 함께 말씀해 주세요","wordCount":21},"emotion":[],"intent":[]},"answer":{"raw":{"text":"경기도에 어느 한 횡단보도에서 오십 대 아주머니가 길을 걷다가 횡단보도 한가운데서 그대로 기절해 버리는 뉴스가 나온 적이 있습니다. 그때 지나가던 버스가 바로 멈춰서서 버스 기사분께서 뛰어내려와서 그 아주머니를 그 뜨거운 횡단보도 앞에 아스팔트에서 심폐소생술을 해서 했었습니다. 그 심폐소생술을 일 분인가 이 분 이상 했더니 갑자기 아주머니가 번쩍 일어나셨습니다. 그리고 나서 그 버스 기사 분이 요청한 어떤 다른 승객이 부른 일일구가 와서 그 아주머니를 모시고 병원으로 갈려고 했지만 아주머니가 정상적으로 일어나서 아무렇지 않다는 듯이 훌훌 털고 그냥 걸어가는 모습이 뉴스에 나왔습니다. 팔 월 말 구 월 초에 한낮 삼십 오 도 삼십 육 도까지 올라가고 아스팔도 온도는 사십 도까지 올라가는 그 상황에서 버스 기사 분은 버스에 타고 있던 승객들에게 먼저 양해를 구한 다음에 긴급하게 버스를 세우고 그 자리에서 빠르게 뛰어나와 자신이 어 연수 중에 배웠던 심폐소생술을 아주머니를 통해서 하면서 사 하나의 생명을 살리고 자신도 해야 될 일을 했을 뿐이라고 하면서 뒤돌아서서 가는 모습이 저의 마음을 찡하게 했던 것 같습니다. 저 역시 씨피알를 배우고 있지만 그렇게 쉽지는 않을 것 같습니다.","wordCount":158},"emotion":[{"text":"팔 월 말 구 월 초에 한낮 삼십 오 도 삼십 육 도까지 올라가고 아스팔도 온도는 사십 도까지 올라가는 그 상황에서   버스 기사 분은 버스에 타고 있던 승객들에게 먼저 양해를 구한 다음에 긴급하게 버스를 세우고 그 자리에서 빠르게 뛰어나와 자신이   어 연수 중에 배웠던 심폐소생술을 아주머니를 통해서 하면서 사 하나의 생명을 살리고 자신도 해야 될 일을 했을 뿐이라고 하면서 뒤돌아서서 가는 모습이 저의 마음을 찡하게 했던 것 같습니다.","expression":"p-gratitude","category":"positive"}],"intent":[{"text":"","expression":"","category":"attitude"}],"summary":{"text":"경기도에 어느 횡단보도에서 오십 대 아주머니가 길을 걷다가 횡단보도 한가운데서 그대로 기적해 버리는 뉴스가 나왔습니다. 그 버스 기사분이 버스에 타고 있던 승객들에게 먼저 양해를 구하고 빠르게 뛰어나와 자신이 연수 중에 배웠던 심폐소생술을 하면서 사 하나의 생명을 살리고 자신도 해야 될 일을 했을 뿐이라고 하면서 뒤돌아서서 가는 모습이 저 역시 힘들 것 같습니다.","wordCount":52}}},"rawDataInfo":{"question":{"fileFormat":"wav","fileSize":480718,"duration":15020,"samplingBit":16,"channelCount":1,"samplingRate":"16kHz","audioPath":"/Mock/07.ProductionManufacturing/Male/Experienced/ckmk_q_mm_m_e_158671.wav"},"answer":{"fileFormat":"wav","fileSize":2774478,"duration":86700,"samplingBit":16,"channelCount":1,"samplingRate":"16kHz","audioPath":"/Mock/07.ProductionManufacturing/Male/Experienced/ckmk_a_mm_m_e_158671.wav"}}}