{"version":"1.0","dataSet":{"info":{"date":"20230116","occupation":"MM","channel":"MOCK","place":"ONLINE","gender":"MALE","ageRange":"35-44","experience":"EXPERIENCED"},"question":{"raw":{"text":"만약 이직을 생각하는 동료가 있다면 그 동료에게 뭐라고 말씀하실 건가요 그리고 왜 그렇게 말씀하실지 그 이유도 같이 말씀해 주세요","wordCount":19},"emotion":[],"intent":[]},"answer":{"raw":{"text":"이직을 하게 된다는 것은 여러 가지 이유가 있습니다. 가장 큰 이유는 바로 연봉 및 돈에 대한 이야기고 두 번째는 진급 세 번째는 사람과의 불화입니다. 돈에 대한 문제는 제가 백 퍼센트 해결을 할 수 없기에 부서장 및 대표 이사와 다시 한번 논의를 하라고 하고 싶습니다. 진급 역시 제가 해결할 수 없는 일입니다. 하지만 사람과의 갈등이라면 그 사람과의 갈등이 과연 직장 상사와의 갈등인지 부서원 간의 갈등인지 다른 부서원 간의 갈등인지에 대해서 먼저 파악을 하고 그렇게 된 연유에 대해서 한번 확인을 해 보겠습니다. 그리고 다른 부서원과의 어떤 감정적인 갈등에 의해서 견디기 힘들거나 직장 상사와 일하는 게 너무 힘들다고 하면 그 직장 상사에 어떤 점이 문제점인지를 파악하고 저는 보직 전환 및 부서를 이전할 것을 강력하게 요청할 것입니다. 실제적으로 사람들은 사람 땜에 힘들어서 회사를 퇴사하는 경우가 팔십 퍼센트가 넘는다고 합니다. 그러면 그 사람을 피하거나 그 사람과 일하지 않는 환경을 만들면 회사를 퇴사하지 않을 확률이 팔십 퍼센트가 넘을 수도 있다는 것입니다. 제가 조언을 통해서 많은 것을 바꿀 순 없지만 그에게 최선의 솔루션을 제공할 수는 있을 것이라고 생각합니다.","wordCount":161},"emotion":[],"intent":[{"text":"하지만 사람과의 갈등이라면 그 사람과의 갈등이   과연 직장 상사와의 갈등인지 부서원 간의 갈등인지 다른 부서원 간의 갈등인지에 대해서 먼저 파악을 하고   그렇게 된 연유에 대해서 한번 확인을 해 보겠습니다.","expression":"c_confl_mg","category":"personality"}],"summary":{"text":"이직을 하게 되는 가장 큰 이유는 연봉 및 돈에 대한 이야기, 진급 세 번째와 사람과의 불화입니다. 돈과 관련된 문제는 제가 해결할 수 없지만 사람과의 갈등이라면 갈등의 원인을 먼저 파악하고 보직 전환 및 부서 이전을 강력히 요청할 것입니다. 제가 조언을 통해서 많은 것을 바꿀 순 없지만 그에게 최선의 솔루션을 제공할 수는 있을 것이라고 생각합니다.","wordCount":53}}},"rawDataInfo":{"question":{"fileFormat":"wav","fileSize":449358,"duration":14040,"samplingBit":16,"channelCount":1,"samplingRate":"16kHz","audioPath":"/Mock/07.ProductionManufacturing/Male/Experienced/ckmk_q_mm_m_e_164737.wav"},"answer":{"fileFormat":"wav","fileSize":2762318,"duration":86320,"samplingBit":16,"channelCount":1,"samplingRate":"16kHz","audioPath":"/Mock/07.ProductionManufacturing/Male/Experienced/ckmk_a_mm_m_e_164737.wav"}}}