{"version":"1.0","dataSet":{"info":{"date":"20230116","occupation":"MM","channel":"MOCK","place":"ONLINE","gender":"MALE","ageRange":"-34","experience":"EXPERIENCED"},"question":{"raw":{"text":"면접자님께서는 혹시 매일 공부하고 있는 분야가 따로 있으신가요 만약에 있다면 그걸 왜 공부하는지도 함께 구체적으로 설명해 주시기 바랍니다","wordCount":18},"emotion":[],"intent":[]},"answer":{"raw":{"text":"매일 공부하고 있는 분야는 경제 분야입니다. 아무래도 경제 활동을 하고 난 이후에 생각외로 먹고 사는 그 부분에 있어서 어른이 되고 나서는 많이 고민을 하는 거 같습니다. 가정을 꾸리고 나서는 부모님에 품에서 벗어나고 스스로 자립을 해야 하는 상황이 되다 보니까 그 부분에 있어서 어떻게 해야 경제적으로 자립을 할 수 있을지 그리고 어느 정도 이후에 내가 그 경제적 자립을 통하여서 쪼끔 더 안락한 노후를 살아갈 수 있는지를 고민하는 것 같습니다. 물론 요즘에는 부동산 주식 코인 등 어 투자를 하고 수익을 많이 올리는 사람들을 주변에서 볼 수 있고 그와 반대로 또 너무 큰 손해를 입는 사람도 많이 보기도 합니다. 그렇기 때문에 어 내가 나에 자본을 투자를 하여 투자를 할 때는 그것에 대해 많은 공부를 하고 내가 확신이 들 때 나만에 방법으로 하는 것이 매우 좋다 고 생각하고 지금은 그러한 공부를 하고 있는 중입니다.","wordCount":130},"emotion":[],"intent":[{"text":"","expression":"","category":"attitude"}],"summary":{"text":"경제 분야를 매일 공부하고 있습니다. 요즘은 투자를 하고 수익을 많이 올리는 사람들을 많이 볼 수 있지만, 반대로 손해를 보는 사람도 많이 있기 때문에, 저의 자본으로 투자를 할 때는 그에 대해 많은 공부를 하고 확신이 들 때 나만의 방법으로 하는 것이 매우 좋다 고 생각하고 공부 하는 중입니다.","wordCount":47}}},"rawDataInfo":{"question":{"fileFormat":"wav","fileSize":564558,"duration":17640,"samplingBit":16,"channelCount":1,"samplingRate":"16kHz","audioPath":"/Mock/07.ProductionManufacturing/Male/Experienced/ckmk_q_mm_m_e_300402.wav"},"answer":{"fileFormat":"wav","fileSize":2909518,"duration":90920,"samplingBit":16,"channelCount":1,"samplingRate":"16kHz","audioPath":"/Mock/07.ProductionManufacturing/Male/Experienced/ckmk_a_mm_m_e_300402.wav"}}}