{"version":"1.0","dataSet":{"info":{"date":"20230116","occupation":"MM","channel":"MOCK","place":"ONLINE","gender":"MALE","ageRange":"-34","experience":"EXPERIENCED"},"question":{"raw":{"text":"어떤 계기로 이 분야에 관심을 가지게 되었고 지원하게 되었는지 궁금합니다 관심을 가지게 된 계기와 지원 동기에 대해서 말씀해 주세요","wordCount":19},"emotion":[],"intent":[]},"answer":{"raw":{"text":"저는 앞으로의 사회가 아는 부분이 인간을 대체하고 하는 그러한 로봇과 모든 것들이 자동으로 하게 되는 자동 시스템이 많이 진행이 될 거라고 생각을 합니다. 그리고 이미 우리 사회에 깊숙히 자리를 잡은 분야도 많이 있는 상황이고요. 그렇기 때문에 앞으로 인간이 대체되지 않기 위해서는 그러한 분야를 다룰 줄 아는 사람 즉 자동화가 되는 것 그리고 로봇과 에이아이와 같은 것을 다룰 줄 아는 사람 프로그래밍을 할 줄 아는 사람이거나 혹은 그러한 로봇들이 만들어낼 수 없는 매우 창의적인 것을 할 줄 아는 사람이 살아남을 수 있다고 생각합니다. 그렇기 때문에 저는 앞으로 자동화가 되고 더욱 어 로봇들이나 에이 아이가 산업을 주도할 것이라고 생각을 하기 때문에 그 분야에 대해서 공부를 하고 있고 그것을 다룰 줄 아는 사람이 되어야 현재 시대에서 도태되지 않는 그리고 대체되지 않는 사람으로서 살아남을 수도 있다고 생각을 하기 때문에 이 분야에 지원을 하게 되었습니다.","wordCount":130},"emotion":[],"intent":[{"text":"","expression":"","category":"attitude"}],"summary":{"text":"로봇과 모든 것이 자동으로 하게 되는 시스템이 많이 진행될 것입니다. 로봇이나 에이아이를 다룰 줄 아는 사람이 되어야 현재 시대에서 도태되지 않는, 대체되지 않는 사람으로서 살아남을 수 있다고 생각하여 이 분야에 지원을 하게 되었습니다.","wordCount":33}}},"rawDataInfo":{"question":{"fileFormat":"wav","fileSize":398158,"duration":12440,"samplingBit":16,"channelCount":1,"samplingRate":"16kHz","audioPath":"/Mock/07.ProductionManufacturing/Male/Experienced/ckmk_q_mm_m_e_293359.wav"},"answer":{"fileFormat":"wav","fileSize":3128398,"duration":97760,"samplingBit":16,"channelCount":1,"samplingRate":"16kHz","audioPath":"/Mock/07.ProductionManufacturing/Male/Experienced/ckmk_a_mm_m_e_293359.wav"}}}