{"version":"1.0","dataSet":{"info":{"date":"20230116","occupation":"MM","channel":"MOCK","place":"ONLINE","gender":"MALE","ageRange":"-34","experience":"EXPERIENCED"},"question":{"raw":{"text":"본인이 생각할 때 자신의 노년은 어떤 모습이었으면 좋겠습니까 지원자님께서 생각하시는 이상적인 노년의 모습에 대해서 말씀해 주시기 바랍니다","wordCount":17},"emotion":[],"intent":[]},"answer":{"raw":{"text":"본인의 미래와 노년에 대해서 안 좋고 어둡게 생각하는 사람이 없을 것 같습니다. 저 또한 저의 노년은 상당히 편안하길 바라고 행복하길 바라고 어 그것을 이루기 위해서 지금 현재를 노력하는 부분도 없지 않아 있습니다. 사람에게 일을 할 수 있는 그 힘이 무한정 존재하지 않고 이 의료 기술이 더욱 더 발달됨에 따라서 앞으로의 기대 수명이 더욱 더 늘어날 텐데 사실 우리가 일할 수 있는 그 시간대는 어느 정도 정해져 있기 때문에 그 일할 수 있는 시간대를 지나간 삼 사십 년 가량은 내가 편안하게 이 노년 생활을 그리고 미처하지 못했던 많은 것들을 경험을 하고 싶어 할 것 같습니다. 그래서 노년이 되기 전까지 못 해봤던 것들을 주로 많이 해보려고 노력을 하려고 할 것 같고 또한 그것을 저 혼자만 하는 것이 아니라 함께 할 수 있는 누군가와 같이 지금 상상을 하니깐 너무 행복하네요. 네 그렇게 이상적으로 보낼 것 같습니다.","wordCount":133},"emotion":[{"text":"그래서 노년이 되기 전까지 못 해봤던 것들을 주로 많이 해보려고 노력을 하려고 할 것 같고 또한 그것을 저 혼자만 하는 것이 아니라 함께 할 수 있는 누군가와 같이 지금 상상을 하니깐 너무 행복하네요.","expression":"p-happiness","category":"positive"}],"intent":[{"text":"","expression":"","category":"attitude"}],"summary":{"text":"의료 기술의 발달로 기대 수명이 늘어날 텐데 일할 수 있는 시간대를 지난 삼 40년 가량은 편안하게 노년 생활을 하고 싶어 할 것 같습니다. 노년을 위해 혼자 하지 않고 함께 할 수 있는 누군가와 같이 지금 상상을 해보니 너무 행복하습니다.","wordCount":39}}},"rawDataInfo":{"question":{"fileFormat":"wav","fileSize":554318,"duration":17320,"samplingBit":16,"channelCount":1,"samplingRate":"16kHz","audioPath":"/Mock/07.ProductionManufacturing/Male/Experienced/ckmk_q_mm_m_e_293247.wav"},"answer":{"fileFormat":"wav","fileSize":3021518,"duration":94420,"samplingBit":16,"channelCount":1,"samplingRate":"16kHz","audioPath":"/Mock/07.ProductionManufacturing/Male/Experienced/ckmk_a_mm_m_e_293247.wav"}}}