{"version":"1.0","dataSet":{"info":{"date":"20230116","occupation":"MM","channel":"MOCK","place":"ONLINE","gender":"MALE","ageRange":"-34","experience":"EXPERIENCED"},"question":{"raw":{"text":"배달의민족을 사용하시면서 서비스 측면에서 아쉬웠던 것이 있었나요 있었다면 해당 경험을 구체적으로 말씀 부탁드립니다","wordCount":13},"emotion":[],"intent":[]},"answer":{"raw":{"text":"배달의민족을 사용하면서 아쉬웠던 써비스는 당연히 배달료 부분이겠죠. 사실 이전까지는 배달료라는 개념은 아예 존재하지 않았습니다. 사실 배달의민족이라는 어플 그 외에 다른 배달 어플들이 많이 생겨남으로써 배달비라는 것이 생겨났다고 생각합니다. 물론 어 그 어플을 통하여서 많은 업체들을 알게 되고 손쉽게 주문이 가능하고 결제까지도 할 수 있지만 실질적으로 그로 인해서 소비자와 또한 그 가게의 주인이라고 해야 되죠. 그분들에게서 배달료라는 부분이 생겨나게 되고 배달의민족을 만들은 그 어플 회사가 그 수수료를 많이 가져가는 부분들을 알게 됨으로써 실질적으로 많은 그런 자동화 써비스와 어플이 효율적이고 많은 방대한 정보들을 손쉽게 다룰 수 있지만 새롭게 어떠한 것들을 만들어냄으로써 또한 우리가 지불하지 않았어도 됐을 그러한 배달료 부분들이 생겼다는 것이 조금 아쉬운 부분이라고 생각합니다. 다만 그 어플을 제공하는 회사 입장에서는 당연히 수익이 필요하기 때문에 그러한 수수료를 받는다거나 배달료를 받는 것들은 당연하지만 그러한 것들이 쪼금 과도하게 책정된 부분이 없지 않나 라는 것들은 사용자 입장에서 느낄 수 밖에 없는 부분인 것 같습니다.","wordCount":139},"emotion":[{"text":"그분들에게서 배달료라는 부분이 생겨나게 되고 배달의민족을 만들은 그 어플 회사가 그 수수료를 많이 가져가는 부분들을 알게 됨으로써 실질적으로 많은 그런 자동화 써비스와 어플이 효율적이고 많은 방대한 정보들을 손쉽게 다룰 수 있지만 새롭게 어떠한 것들을 만들어냄으로써 또한 우리가 지불하지 않았어도 됐을 그러한 배달료 부분들이 생겼다는 것이 조금 아쉬운 부분이라고 생각합니다.","expression":"n-distress","category":"negative"}],"intent":[{"text":"","expression":"","category":"attitude"}],"summary":{"text":"배달의민족을 통해 배달비라는 것이 생겨났고, 그 어플을 만들은 그 어플 회사가 그 수수료를 많이 가져가는 부분들을 알게 됨으로써 실질적으로 많은 자동화 써비스와 어플이 효율적이고 많은 방대한 정보들을 손쉽게 다룰 수 있지만 새롭게 어떠한 것들을 만들어냄으로써 배달료 부분들이 조금 아쉬운 부분이라고 생각합니다.","wordCount":41}}},"rawDataInfo":{"question":{"fileFormat":"wav","fileSize":596558,"duration":18640,"samplingBit":16,"channelCount":1,"samplingRate":"16kHz","audioPath":"/Mock/07.ProductionManufacturing/Male/Experienced/ckmk_q_mm_m_e_292977.wav"},"answer":{"fileFormat":"wav","fileSize":3550478,"duration":110950,"samplingBit":16,"channelCount":1,"samplingRate":"16kHz","audioPath":"/Mock/07.ProductionManufacturing/Male/Experienced/ckmk_a_mm_m_e_292977.wav"}}}