{"version":"1.0","dataSet":{"info":{"date":"20230116","occupation":"MM","channel":"MOCK","place":"ONLINE","gender":"MALE","ageRange":"-34","experience":"EXPERIENCED"},"question":{"raw":{"text":"기차 운행 중에 산사태로 인하여 삼십 분 동안 정차되었습니다 이때 본인이 관리 책임의 위치에 있다면 어떻게 조치 하실 겁니까","wordCount":19},"emotion":[],"intent":[]},"answer":{"raw":{"text":"산사태로 기차가 정차되었다면 정차시키는 것이 당연합니다. 정차시키지 않고 산사태가 나고 있는 그 길로 기차를 운행시킨다면 그곳에 탑승하고 있는 저를 포함한 모든 승객들은 죽음으로 간 것과 마찬가지입니다. 죽는 길을 뻔히 보고서도 그 길로 걸어간다는 것은 생각조차 불가능한 일입니다. 물론 어딘가에서는 정차시킨 책임을 저에게 물을 수도 있습니다. 하지만 저는 이렇게 되묻고 싶습니다. 아니 그러면 죽는 길로 기차를 운행시키란 말입니까 라고 되묻겠습니다.","wordCount":59},"emotion":[],"intent":[{"text":"","expression":"","category":"attitude"}],"summary":{"text":"산사태로 기차가 정차되었다면 정차시키는 것이 당연하나 정차하지 않고 산사태가 나고 있는 길로 기차를 운행시킨다면 탑승하고 있는 모든 승객들은 죽음으로 간 것과 마찬가지입니다.","wordCount":22}}},"rawDataInfo":{"question":{"fileFormat":"wav","fileSize":426638,"duration":13330,"samplingBit":16,"channelCount":1,"samplingRate":"16kHz","audioPath":"/Mock/07.ProductionManufacturing/Male/Experienced/ckmk_q_mm_m_e_186248.wav"},"answer":{"fileFormat":"wav","fileSize":2017358,"duration":63040,"samplingBit":16,"channelCount":1,"samplingRate":"16kHz","audioPath":"/Mock/07.ProductionManufacturing/Male/Experienced/ckmk_a_mm_m_e_186248.wav"}}}