{"version":"1.0","dataSet":{"info":{"date":"20230116","occupation":"MM","channel":"MOCK","place":"ONLINE","gender":"MALE","ageRange":"35-44","experience":"EXPERIENCED"},"question":{"raw":{"text":"업무를 규칙적으로 수행하는 일이 중요한데요 본인만의 노하우나 방법이 있다면 말씀을 해주시죠","wordCount":11},"emotion":[],"intent":[]},"answer":{"raw":{"text":"매주 월요일 아침 십 분 정도를 활용해서 제가 그 주에 해야 할 일 그달에 해야 할 일 그날에 해야 될 일을 전부 다 적어 놓습니다. 그렇게 메모를 해 놓으면 제가 중요한 업무든 중요하지 않은 업무든 결코 빠트리지 않고 꼼꼼하게 다 챙길 수 있습니다. 사람은 망각의 동물이기 때문에 그 기억은 하루 삼 일 일주일 한 달이 지나면 망각의 곡선에 따라서 점점점 기억이 소멸되게 돼 있습니다. 하지만 메모장을 만들어 놓거나 또는 달력에 표시를 해두면 그리고 제가 잘 보이는 곳에 두면 저는 그 업무를 결코 빠트리거나 잊어버리거나 놓치는 일이 거의 없습니다. 처음에는 사람들이 뭘 이걸 귀찮게 포스트잇에 일일이 적어서 책상이나 다이어리에 적어 놓냐 라고 핀잔을 주기도 하지만 실제로 제가 이십 년 경력에 직장 생활을 하면서 저의 가장 특별한 노하우는 메모였던 것 같습니다. 메모는 사람의 기억력을 지속적으로 되살려주고 우리 기억을 조금 더 강화시켜주는 가장 큰 수단이라고 합니다. 그 수단을 통해서 저는 지금까지 어떤 프로젝트를 망하지 않게 했는데 그것이 바로 메모와 기억력의 강화였던 것 같습니다.","wordCount":150},"emotion":[],"intent":[{"text":"매주 월요일 아침 십 분 정도를 활용해서 제가 그 주에 해야 할 일   그달에 해야 할 일 그날에 해야 될 일을 전부 다 적어 놓습니다.","expression":"f_cons","category":"attitude"}],"summary":{"text":"사람은 망각의 동물이기 때문에 그 기억은 점점 소멸되게 돼 있지만, 메모장을 만들거나 달력에 표시를 해 두면 그 업무를 결코 빠트리거나 잊어버리거나 놓치는 일이 거의 없습니다. 저는 메모가 사람의 기억력을 지속적으로 되살리고 우리 기억을 조금 더 강화시켜주는 가장 큰 수단이라고 생각합니다.","wordCount":40}}},"rawDataInfo":{"question":{"fileFormat":"wav","fileSize":320078,"duration":10000,"samplingBit":16,"channelCount":1,"samplingRate":"16kHz","audioPath":"/Mock/07.ProductionManufacturing/Male/Experienced/ckmk_q_mm_m_e_169859.wav"},"answer":{"fileFormat":"wav","fileSize":2569678,"duration":80300,"samplingBit":16,"channelCount":1,"samplingRate":"16kHz","audioPath":"/Mock/07.ProductionManufacturing/Male/Experienced/ckmk_a_mm_m_e_169859.wav"}}}