{"version":"1.0","dataSet":{"info":{"date":"20230116","occupation":"MM","channel":"MOCK","place":"ONLINE","gender":"MALE","ageRange":"35-44","experience":"EXPERIENCED"},"question":{"raw":{"text":"지원자께서 과거 프로젝트를 수행했던 경험이 있는지 궁금합니다 만일이 있다면 프로젝트 내에서 어떤 역할을 맡으셨나요","wordCount":14},"emotion":[],"intent":[]},"answer":{"raw":{"text":"이천 이십 년 이 월 코로나가 창궐할 무렵에 병원에 있는 약재부에 각 이십 억짜리 장비를 설치하고 운행하는 팀의 프로젝트 리저를 맡았습니다. 그 프로젝트는 일본에서 제조하여 생산된 제품을 들여와 한국에 있는 대학 병원에 설치하고 운행하는 것이었는데요. 실제 그때 당시에 가장 큰 문제점에서 무엇이 발견되었냐면 코로나 때 외국에 있는 엔지니어들이 한국에 방문을 할 수 없었습니다. 저는 그때 이 장비를 설치하여 운행하고 검수한 다음에 약재부에 있는 약사분들이 사용할 수 있게끔 모든 시스템을 책임지는 총괄 리더를 맡았었는데요. 이 때 해외에 있는 엔지니어들이 한국에 입국을 하지 못하여 한국에 있는 엔지니어들만으로는 이 장비를 설치하고 운행하고 교육을 할 수가 없었습니다. 그때 제가 생각해낸 가장 최고의 방법은 요즘 유행하고 있는 팀즈미팅 줌미팅으로 화상으로 열 개 열 다섯 개의 카메라를 연결하여 실시간으로 본사에 일본에 있는 엔지니어들과 소통을 하면서 장비를 설치하고 교육하고 시스템을 세팅하는 업무를 맡았습니다.","wordCount":126},"emotion":[],"intent":[{"text":"이천 이십 년 이 월 코로나가 창궐할 무렵에 병원에 있는 약재부에 각 이십 억짜리 장비를 설치하고   운행하는 팀의 프로젝트 리저를 맡았습니다.","expression":"f_equip","category":"technology"},{"text":"저는 그때 이 장비를 설치하여 운행하고 검수한 다음에 약재부에 있는 약사분들이 사용할 수 있게끔 모든 시스템을 책임지는 총괄 리더를 맡았었는데요.","expression":"f_equip","category":"technology"}],"summary":{"text":"이천 20 년 코로나 무렵, 병원에 있는 약재부에 장비를 설치하고 운행하는 팀의 프로젝트 리저를 맡았습니다. 당시 문제점은 해외에 있는 엔지니어들이 한국에 방문을 할 수 없었습니다. 그래서 팀즈미팅 줌미팅으로 화상으로 본사에 일본에 있는 엔지니어들과 소통하며 장비를 설치하고 교육하고 시스템을 세팅하는 업무를 맡었습니다.","wordCount":41}}},"rawDataInfo":{"question":{"fileFormat":"wav","fileSize":387278,"duration":12100,"samplingBit":16,"channelCount":1,"samplingRate":"16kHz","audioPath":"/Mock/07.ProductionManufacturing/Male/Experienced/ckmk_q_mm_m_e_158664.wav"},"answer":{"fileFormat":"wav","fileSize":2497998,"duration":78060,"samplingBit":16,"channelCount":1,"samplingRate":"16kHz","audioPath":"/Mock/07.ProductionManufacturing/Male/Experienced/ckmk_a_mm_m_e_158664.wav"}}}