{"version":"1.0","dataSet":{"info":{"date":"20230116","occupation":"MM","channel":"MOCK","place":"ONLINE","gender":"MALE","ageRange":"55-","experience":"EXPERIENCED"},"question":{"raw":{"text":"앞으로 일을 하면서 어 좀 가장 어려울 것으로 예상되는 일이 있으신가요 어 그리고 그 어려운 일을 어떻게 극복해 나가실 건지도 궁금합니다","wordCount":21},"emotion":[],"intent":[]},"answer":{"raw":{"text":"회사에 에 다니게 되면 어 일을 하게 되는데요. 일을 하다보면 굉장히 어려운 일들이 많이 발생이 됩니다. 어 그 어려운 일은 어 일보다는 어 개인과 개인 관계에서의 어 일들이 가장 어려울 것 같습니다. 서로 어 소통하는 게 어려움도 있을 것이고 어 또는 어 시간상의 에 어 문제로 인해서 어려울 것 같은데요. 어 근데 에 개인과 개인의 관계에서요. 서로 어 불신을 쌓이다 보면 어려움이 많이 있는데요. 그래서 극복 할려면 그분들하고 소통 관계가 굉장히 중요하다고 생각을 합니다. 항상 어 저녁 시간에 퇴근하면 어 서로 대화로서 어 풀 때 또 그 대화에서 상생이 가능하지 않을까 싶어서 저는 항상 어 개인과 개인의 에 팀원과 상사와의 그런 관계가 아주 중요하다고 생각을 합니다.","wordCount":106},"emotion":[],"intent":[{"text":"","expression":"","category":"attitude"}],"summary":{"text":"회사 생활을 오래 하다보니 개인과 개인 관계에서 소통, 소통에 어려움을 많이 겪습니다. 그래서 서로 불신을 쌓이다 보면 어려움이 많이 생기므로 소통 관계가 굉장히 중요합니다. 항상 개인과 개인의 팀원, 상사와의 관계가 아주 중요하다고 생각합니다.","wordCount":33}}},"rawDataInfo":{"question":{"fileFormat":"wav","fileSize":499278,"duration":15600,"samplingBit":16,"channelCount":1,"samplingRate":"16kHz","audioPath":"/Mock/07.ProductionManufacturing/Male/Experienced/ckmk_q_mm_m_e_185762.wav"},"answer":{"fileFormat":"wav","fileSize":2872398,"duration":89760,"samplingBit":16,"channelCount":1,"samplingRate":"16kHz","audioPath":"/Mock/07.ProductionManufacturing/Male/Experienced/ckmk_a_mm_m_e_185762.wav"}}}