{"version":"1.0","dataSet":{"info":{"date":"20230116","occupation":"MM","channel":"MOCK","place":"ONLINE","gender":"MALE","ageRange":"-34","experience":"EXPERIENCED"},"question":{"raw":{"text":"본인이 생각하기에 현대 사회에서 없어서는 안 될 가장 중요하다고 생각하는 직업을 한 가지만 골라서 이유와 함께 설명해 주시기 바랍니다","wordCount":19},"emotion":[],"intent":[]},"answer":{"raw":{"text":"현대 사회에서는 어 에이아이나 자동화와 같은 산업들이 너무나 많이 발전을 해 왔고 우리 사회 가운데에서도 깊숙히 녹아들었다고 생각을 합니다. 그리고 그러한 부분들이 만약에 없어진다고 또는 고장이 난다거나 하게 된다면 물론 그러한 모든 자동화와 같은 시스템이 망가지는 것이기 때문에 큰 혼란을 불러일으킬 수 있겠죠. 그렇지만 그러한 것들이 없었던 사회에서도 그 부분은 충분히 가능했었고 지금은 그러한 것들을 조금 더 편리하고 효율적으로 하는 사회라고 생각합니다. 그리고 그래서 결국 지금 제가 말하고 싶은 건 현대 사회에서 그러한 자동화와 에이아이가 할 수 없고 오직 사람만이 할 수 있는 것이 지금 우리 사회에선 가장 중요하다고 생각합니다. 어 기술적인 부분도 물론 우리가 발전하고 효율성과 능률적인 부분에서 너무나 사람이 하는 것보다 더 좋을 수는 있겠지만 그러한 것들을 너무 우선시 하다 보니깐 인문적인 그리고 사람의 감정을 사람에 치유하는 사람을 직접 만져주는 일들은 에이아이가 할 수 없고 자동화가 할 수 없는 부분이라고 생각합니다. 그리고 지금 우리 사회를 구성하는 거는 결국 인류라고 생각을 하기 때문에 저는 사람의 감정을 만져 주고 또한 사람만이 생각해 낼 수 있는 그런 창의적인 것들이 지금 사회에서 가장 중요하든 중요한 직업이라고 생각합니다.","wordCount":165},"emotion":[],"intent":[{"text":"","expression":"","category":"attitude"}],"summary":{"text":"현대 사회는 자동화와 같은 산업들이 많이 발전해 왔고 우리 사회 가운데에서도 깊숙히 녹아들었다고 생각합니다. 현대 사회에서 자동화와 에이아이가 할 수 없고 오로지 사람만이 할 수 있는 것이 우리 사회에선 가장 중요하다고 생각합니다. 사람의 감정을 치유하는 사람을 직접 만져주는 일들은 자동화가 할 수 없는 부분이라고 생각합니다.","wordCount":45}}},"rawDataInfo":{"question":{"fileFormat":"wav","fileSize":391758,"duration":12240,"samplingBit":16,"channelCount":1,"samplingRate":"16kHz","audioPath":"/Mock/07.ProductionManufacturing/Male/Experienced/ckmk_q_mm_m_e_292975.wav"},"answer":{"fileFormat":"wav","fileSize":3495438,"duration":109230,"samplingBit":16,"channelCount":1,"samplingRate":"16kHz","audioPath":"/Mock/07.ProductionManufacturing/Male/Experienced/ckmk_a_mm_m_e_292975.wav"}}}