{"version":"1.0","dataSet":{"info":{"date":"20230116","occupation":"MM","channel":"MOCK","place":"ONLINE","gender":"MALE","ageRange":"35-44","experience":"EXPERIENCED"},"question":{"raw":{"text":"커뮤니케이션을 잘 할 수 있는 본인만의 스킬이 있다면 설명해 주세요 저희에게 직접 보여주셔도 좋습니다","wordCount":14},"emotion":[],"intent":[]},"answer":{"raw":{"text":"커뮤니케이션은 한국말로 소통이라고 합니다. 소통을 잘하기 위해서는 공감대를 형성해야 되는데요. 공감대를 형성하기 위해서는 상대방이 좋아하는 것을 먼저 파악을 해야 합니다. 예를 들어서 김대리가 골프를 좋아한다고 하면 골프에 대한 주제로 먼저 그에게 다가가야 합니다. 제가 만약 골프를 좋아하지 않더라도 김대리가 골프를 좋아한다고 하면 저는 골프에 대한 간단한 상식 및 지식을 가지고 그에게 먼저 말을 겁니다. 예를 들어 김대리님 골프를 참 좋아하시는 것 같은데 드라이버를 치면 대충 어느정도 거리가 나오나요 라고 하면 김대리는 자기의 드라이버에 대한 얘기를 하기 시작합니다. 저는 스크린 골프장에서 드라이버를 치면 이백 삼십 미터에서 이백 사십 미터 정도 나옵니다. 또는 실 외 코트에 가면 실제적으로 이백 미터 정도 나올 때도 있습니다. 그러면 십 팔 홀까지 돌면 기본적으로 몇 타 정도가 나오나요 라고 하면 김대리는 저는 스크린 골프에선 백 타 정도 나오고 인도어에서는 그렇게 나오지는 않습니다 라고 이렇게 얘기를 합니다. 그렇게 되면서 서로에 대한 공감대를 자극하고 그 공감대를 통해서 김대리가 하는 얘기를 들어주게 되면 서로에게는 이미 공감대가 형성이 되었기 때문에 소통을 하는데 전혀 문제가 되지 않습니다. 그렇게 삼 회 이상 서로 이야기를 하다보면 서로에게는 라포가 형성이 되어 있을 것입니다","wordCount":169},"emotion":[{"text":"커뮤니케이션은 한국말로 소통이라고 합니다.","expression":"u-fact","category":"neutral"}],"intent":[{"text":"","expression":"","category":"attitude"}],"summary":{"text":"소통을 잘하기 위해서는 상대방이 좋아하는 것을 먼저 파악해야 합니다. 예를 들어 김대리가 골프를 좋아한다고 하면 골프에 대한 주제로 먼저 다가가야 합니다. 그렇게 하면서 서로에 대한 공감대를 자극하고 그 공감대를 통해서 김대리의 얘기를 들어주게 되면 서로에게는 이미 공감대가 형성이 되었기 때문에 소통을 하는데 전혀 문제가 되지 않습니다.","wordCount":46}}},"rawDataInfo":{"question":{"fileFormat":"wav","fileSize":271438,"duration":8480,"samplingBit":16,"channelCount":1,"samplingRate":"16kHz","audioPath":"/Mock/07.ProductionManufacturing/Male/Experienced/ckmk_q_mm_m_e_165833.wav"},"answer":{"fileFormat":"wav","fileSize":2778958,"duration":86840,"samplingBit":16,"channelCount":1,"samplingRate":"16kHz","audioPath":"/Mock/07.ProductionManufacturing/Male/Experienced/ckmk_a_mm_m_e_165833.wav"}}}