{"version":"1.0","dataSet":{"info":{"date":"20230116","occupation":"MM","channel":"MOCK","place":"ONLINE","gender":"MALE","ageRange":"55-","experience":"EXPERIENCED"},"question":{"raw":{"text":"본인은 의견을 주장할 때 강하게 주장하는 편입니까 어떤 스타일로 본인의 의견을 주장하는 편인지 궁금합니다","wordCount":14},"emotion":[],"intent":[]},"answer":{"raw":{"text":"어 항상 인간은 음 강하게 주장하는 그런 타입이 있고 또 유하게 또 우회적으로 돌려서 또 주장하는 그런 형태에 에 또 주장을 하고 있는데요. 저는 강하게 주장하는 편이 아닙니다. 항상 어 남을 배려하는 차원에서 어 어 생각을 하면서 어 이야기하는 그런 스타일이고요. 이게 장단점이 있는 것 같습니다. 강하게 주장하는 게 굉장히 또 관철되는 경우가 많이 있고요. 또는 상대방에 에 또 고로게 주장을 하다 보면 상처를 주는 경우가 많이 있습니다. 그래서 그런 어 상처 주는 강한 주장은 어 굉장히 사회생활 하는데 역으로 어 또 굉장히 이 서로 간의 화합 부분에서 굉장히 또 어려움이 많아지는 그런 형태의 어 인간관계가 이루어지더라고요. 그래서 저는 항상 어 강한 것보다는 어 유하게 에 그분들의 에 마음을 읽고 어 또 그분들의 또는 또 의견을 약간 존중하면서 어 그런 어 또 어 주장을 하는 게 제일 현명하지 않을까 생각을 어 해 봅니다.","wordCount":133},"emotion":[],"intent":[{"text":"","expression":"","category":"attitude"}],"summary":{"text":"인간은 강하게 주장하는 타입이 있고 유하게 우회적으로 돌려서 주장하는 형태에 주장을 하고 있습니다. 강하게 주장하는 게 관철되는 경우가 많고, 주장을 하다 보면 상처를 주는 경우가 많은데, 강한 것보다는 유하게 그들의 마음을 읽고 의견을 존중하면서 주장을 하는 게 현명할 것 같습니다.","wordCount":40}}},"rawDataInfo":{"question":{"fileFormat":"wav","fileSize":339278,"duration":10600,"samplingBit":16,"channelCount":1,"samplingRate":"16kHz","audioPath":"/Mock/07.ProductionManufacturing/Male/Experienced/ckmk_q_mm_m_e_235655.wav"},"answer":{"fileFormat":"wav","fileSize":3474318,"duration":108570,"samplingBit":16,"channelCount":1,"samplingRate":"16kHz","audioPath":"/Mock/07.ProductionManufacturing/Male/Experienced/ckmk_a_mm_m_e_235655.wav"}}}