{"version":"1.0","dataSet":{"info":{"date":"20230116","occupation":"MM","channel":"MOCK","place":"ONLINE","gender":"MALE","ageRange":"35-44","experience":"EXPERIENCED"},"question":{"raw":{"text":"어 성공적으로 정비와 관련해서 어 어떤 이슈를 해결해 본 경험에 대해서 말씀해 주시겠습니까","wordCount":13},"emotion":[],"intent":[]},"answer":{"raw":{"text":"십 년 전 대학 병원에 이 억 짜리 엑스레이 장비를 설치한 적이 있습니다. 엑스레이 장비에 바퀴가 달려있어 어디든지 끌고 다니면서 촬영할 수 있는 모바일 엑스레이 였는데요. 실제로 그 장비가 들어오자마자 일 주일 만에 엑스레이 촬영이 됐다 안 됐다 라고 하는 간헐적인 문제가 생겼습니다. 엔지니어들 입장에서 가장 고치기 힘들고 해고를 해결하기 힘든 난제가 바로 간헐적으로 고장 증세가 난다는 것입니다. 도대체 이게 무엇이 문제일까 제가 가서 장비를 테스트 할 때마다 이 장비는 너무 잘 됐습니다. 하지만 제가 집으로 돌아오고 사용자들이 사용할 때는 또 됐다 안 됐다 라고 하는 것이 발생하여 저는 처음에 사용자들이 사용법을 잘 모르는 건가 아니면 나한테 거짓말을 하나 했는데 추후에 한 시간짜리 동영상을 찍어서 보여줬는데 실제로 작동이 됐다 안 됐다 하는 겁니다. 두 달 동안 밤을 새도 원인을 찾지 못하다가 팀원들하고 삼 박 사 일 동안 잠도 안 자면서 테스트를 하러 병원에 있는 방사선사를 쫓아다닌 결과 이것이 단선이 됐다 안 됐다 하는 아주 아슬아슬한 문제가 생겼던 것입니다. 실제로 문제를 해결하고 났을 때는 별 일도 아니었지만 이 문제를 찾아가는 과정에 있어선 정말 어려웠고 정말 이 장비를 사용해보지도 못하고 반품할 뻔한 경험이었습니다.","wordCount":171},"emotion":[{"text":"십 년 전 대학 병원에 이 억 짜리 엑스레이 장비를 설치한 적이 있습니다.","expression":"u-fact","category":"neutral"}],"intent":[{"text":"십 년 전 대학 병원에 이 억 짜리 엑스레이 장비를 설치한 적이 있습니다.","expression":"f_equip","category":"technology"},{"text":"두 달 동안 밤을 새도 원인을 찾지 못하다가   팀원들하고 삼 박 사 일 동안 잠도 안 자면서 테스트를 하러 병원에 있는 방사선사를 쫓아다닌 결과 이것이 단선이 됐다 안 됐다 하는 아주 아슬아슬한 문제가 생겼던 것입니다.","expression":"f_pat","category":"attitude"}],"summary":{"text":"십 년 전 대학 병원에 모바일 엑스레이 장비를 설치한 적이 있습니다. 엑스레이 장비에 바퀴가 달려있어 어디든지 끌고 다니면서 촬영할 수 있는 장비였는데, 간헐적인 문제가 생겼습니다. 엔지니어들 입장에서 해결하기 힘든 난제가 바로 간헐적 고장 증세입니다. 잠도 안 자면서 테스트를 하러 병원에 있는 방사선사를 쫓아다닌 결과 이것이 단선이 됐다 안 됐다 하는 아주 아슬아슬한 문제가 생겼던 것입니다. 문제를 해결하고 난 이후엔 별 일도 아니었지만 이 장비를 사용해보지도 못하고 반품할 뻔한 경험이었습니다.","wordCount":69}}},"rawDataInfo":{"question":{"fileFormat":"wav","fileSize":428238,"duration":13380,"samplingBit":16,"channelCount":1,"samplingRate":"16kHz","audioPath":"/Mock/07.ProductionManufacturing/Male/Experienced/ckmk_q_mm_m_e_177624.wav"},"answer":{"fileFormat":"wav","fileSize":2800398,"duration":87510,"samplingBit":16,"channelCount":1,"samplingRate":"16kHz","audioPath":"/Mock/07.ProductionManufacturing/Male/Experienced/ckmk_a_mm_m_e_177624.wav"}}}