{"version":"1.0","dataSet":{"info":{"date":"20230116","occupation":"MM","channel":"MOCK","place":"ONLINE","gender":"MALE","ageRange":"55-","experience":"EXPERIENCED"},"question":{"raw":{"text":"면접자님께서 생각하시는 가장 생산적인 교대 근무 형태는 무엇인지 근거를 들어 설명해 주시겠습니까","wordCount":12},"emotion":[],"intent":[]},"answer":{"raw":{"text":"교대 근무는 생산적으로 해야 되고요. 또 생산적인 교대 근무를 위해서는 어 또 어 교대 근무가 이 교대도 있겠지만 삼 교대를 이용한 또 그런 형태도 있습니다. 당장 교대 근무라는 것은 피곤이 누적되는 어 그런 상태가 올 수도 있기 때문에 그러니까 어 최상의 에 또 어 어 컨디션으로 어 교대 근무가 이루어져야 되기 때문에 예 항상 어 근무에 임하는 자세를 어 올바른 그런 형태로 또는 자기 관리를 잘 할 수 있는 그런 상태로 교대 근무를 서야 된다고 생각을 합니다. 어 교대 근무 시 또 늦어지거나 아 그러면 굉장히 미스가 날 수 있습니다. 이 그 시간과 아 고 서로의 믿음을 가지고 교대 근무가 이루어져야 된다고 생각을 하고요. 저는 항상 삼 교대 근무가 아 아마 기업을 위해서 굉장히 바람직하지 않을까 어 싶습니다.","wordCount":118},"emotion":[],"intent":[{"text":"당장 교대 근무라는 것은 피곤이 누적되는 어 그런 상태가 올 수도 있기 때문에 그러니까 어 최상의 에 또 어 어 컨디션으로 어 교대 근무가 이루어져야 되기 때문에 예 항상 어 근무에 임하는 자세를 어 올바른 그런 형태로 또는 자기 관리를 잘 할 수 있는 그런 상태로 교대 근무를 서야 된다고 생각을 합니다.","expression":"f_shift","category":"technology"}],"summary":{"text":"생산적인 교대 근무는 삼 교대를 이용한 형태도 있습니다. 항상 근무에 임하는 자세를 바르게 또는 자기 관리를 잘 할 수 있는 상태로 교대 근무를 서야 한다고 생각합니다. 항상 삼 교대 근무가 기업을 위해서 굉장히 바람직할 것 같습니다.","wordCount":36}}},"rawDataInfo":{"question":{"fileFormat":"wav","fileSize":387278,"duration":12100,"samplingBit":16,"channelCount":1,"samplingRate":"16kHz","audioPath":"/Mock/07.ProductionManufacturing/Male/Experienced/ckmk_q_mm_m_e_195495.wav"},"answer":{"fileFormat":"wav","fileSize":2843918,"duration":88870,"samplingBit":16,"channelCount":1,"samplingRate":"16kHz","audioPath":"/Mock/07.ProductionManufacturing/Male/Experienced/ckmk_a_mm_m_e_195495.wav"}}}