{"version":"1.0","dataSet":{"info":{"date":"20230116","occupation":"MM","channel":"MOCK","place":"ONLINE","gender":"MALE","ageRange":"55-","experience":"EXPERIENCED"},"question":{"raw":{"text":"평상시에 일을 하다가도 시간이 남기 마련인데요 이렇게 시간이 남는 상황에 무슨 일을 하시는지 그리고 그 일을 하는 이유는 무엇인지 어 설명해 주시기를 바랍니다","wordCount":23},"emotion":[],"intent":[]},"answer":{"raw":{"text":"어 일을 열심히 하다 보면 또 어 남은 시간들이 많습니다. 그러면 그 시간에는 어 기본적으로 어 책도 봐야 되죠. 지식이 없으면 인간과 아 인간 에 사이에 있어서 대화가 많이 무력화되기 때문에 그런 부분은 어 책을 많이 읽고요. 또 한 가지는 어 항상 회사 생활을 함에 있어서 건강이 뒷받침이 돼야 된다고 생각을 합니다. 그래서 남은 시간은 건강 챙기기에 어 분단히 노력을 하고 있습니다. 아마 그 음 이유는 어 또 내 건강이 허락되지 아니면 입에 소홀하고 나태함이 생겨서 굉장히 일이 하기가 싫어집니다. 그러다 보면 동료하고 어 상사와의 관계에서도 어 그 손가락질은 받는 그런 일들이 있으며 또 협업이 안 돼서 굉장히 어려움이 있을 것 같아서 운동을 열심히 하고 있습니다.","wordCount":106},"emotion":[],"intent":[{"text":"그러다 보면 동료하고 어 상사와의 관계에서도 어 그 손가락질은 받는 그런 일들이 있으며 또 협업이 안 돼서 굉장히 어려움이 있을 것 같아서 운동을 열심히 하고 있습니다.","expression":"c_imp","category":"personality"}],"summary":{"text":"일을 열심히 하다 보면 남은 시간들이 많습니다. 이 시간에는 책을 많이 읽고, 건강이 뒷받침이 돼야 한다 생각합니다. 건강이 허락되지 않으면 일이 하기 싫어지고, 협업이 안 돼 어려움이 있을 것 같아 운동을 열심히 하고 있습니다.","wordCount":34}}},"rawDataInfo":{"question":{"fileFormat":"wav","fileSize":431438,"duration":13480,"samplingBit":16,"channelCount":1,"samplingRate":"16kHz","audioPath":"/Mock/07.ProductionManufacturing/Male/Experienced/ckmk_q_mm_m_e_186219.wav"},"answer":{"fileFormat":"wav","fileSize":2899278,"duration":90600,"samplingBit":16,"channelCount":1,"samplingRate":"16kHz","audioPath":"/Mock/07.ProductionManufacturing/Male/Experienced/ckmk_a_mm_m_e_186219.wav"}}}