{"version":"1.0","dataSet":{"info":{"date":"20230116","occupation":"MM","channel":"MOCK","place":"ONLINE","gender":"MALE","ageRange":"35-44","experience":"EXPERIENCED"},"question":{"raw":{"text":"아 팀으로 하는 일도 있고 혼자서 하는 일도 있을 텐데요 지원자님께서는 그 두 가지 일 중에 어떤 것을 더 선호하시는지요 그 이유도 함께 말씀해 주시기 바랍니다","wordCount":26},"emotion":[],"intent":[]},"answer":{"raw":{"text":"당연히 팀과 함께 일하는 것을 선호합니다. 혼자 일하면 누군가에게 터치 받지 않고 자유롭게 일하고 자기 스스로 원하는 방향성을 설정해서 일을 할 수 있지만 이것의 가장 큰 문제는 스스로 자기 자신을 되돌아보거나 자기 자신의 업무 성과를 측정할 수가 없기 땜에 업무의 방향성이 완전히 틀어지거나 추후에 쓸모없는 업무가 될 수가 있습니다. 그러나 팀으로 일을 하게 되면 우리가 항상 말하는 팀에 대한 시너지 팀워크에 의해서 지속적으로 서로 발전할 수 있고 서로 쪼금만 잘못된 부분이 있으면 서로 감싸주고 보듬어주고 지적하면서 조금씩 수정을 해 가면서 나은 방향으로 갈 수 있습니다. 혼자 가면 빨리 갈 수 있지만 여럿이 가면 멀리 갈 수 있다 라는 속담이 있습니다. 실제로 자동차를 생산할 때도 혼자 자동차를 조립하고 생산을 하는 사람은 하루에 열 대 밖에 조립을 못하지만 열 명이서 팀웍으로 하는 사람은 하루에 근무 시간에 백 십 대를 만들 수 있다는 실제 결과가 있습니다. 이것은 시너지를 통해서 많은 사람들이 내가 쪼금 힘들 때 다른 사람이 내 일을 돌봐주고 도와주고 타협을 함으로써 우리 스스로 성장할 수 있다 라는 단적인 예라고 할 수 있습니다.","wordCount":161},"emotion":[],"intent":[{"text":"혼자 일하면 누군가에게 터치 받지 않고 자유롭게 일하고 자기 스스로 원하는 방향성을 설정해서 일을 할 수 있지만 이것의 가장 큰 문제는   스스로 자기 자신을 되돌아보거나 자기 자신의 업무 성과를 측정할 수가 없기 땜에 업무의 방향성이 완전히 틀어지거나 추후에   쓸모없는 업무가 될 수가 있습니다.","expression":"c_cop","category":"personality"},{"text":"그러나 팀으로 일을 하게 되면 우리가 항상 말하는 팀에 대한 시너지 팀워크에 의해서 지속적으로 서로 발전할 수 있고 서로 쪼금만 잘못된 부분이 있으면   서로 감싸주고 보듬어주고 지적하면서 조금씩 수정을 해 가면서 나은 방향으로 갈 수 있습니다.","expression":"c_cop","category":"personality"}],"summary":{"text":"혼자 일하면 자유롭게 일을 할 수 있지만 업무 성과를 측정할 수 없어 쓸모없는 업무가 될 수 있습니다. 그러나 팀으로 일하게 되면 팀워크에 의해서 지속적으로 서로 발전할 수 있고 조금씩 수정을 해 가면서 나은 방향으로 나아갈 수 있으며, 시너지를 통해서 다른 사람이 제 일을 돌봐주고 도와주고 타협을 함으로써 우리 스스로 성장할 수 있습니다.","wordCount":52}}},"rawDataInfo":{"question":{"fileFormat":"wav","fileSize":454478,"duration":14200,"samplingBit":16,"channelCount":1,"samplingRate":"16kHz","audioPath":"/Mock/07.ProductionManufacturing/Male/Experienced/ckmk_q_mm_m_e_163170.wav"},"answer":{"fileFormat":"wav","fileSize":2608078,"duration":81500,"samplingBit":16,"channelCount":1,"samplingRate":"16kHz","audioPath":"/Mock/07.ProductionManufacturing/Male/Experienced/ckmk_a_mm_m_e_163170.wav"}}}