{"version":"1.0","dataSet":{"info":{"date":"20230116","occupation":"MM","channel":"MOCK","place":"ONLINE","gender":"MALE","ageRange":"55-","experience":"EXPERIENCED"},"question":{"raw":{"text":"만약 지원자님이 이 면접에서 최종 탈락하신다면 본인의 어떤 점이 부족해서 탈락했다고 생각하실 것 같은지 솔직하게 말씀해 주시길 바랍니다","wordCount":18},"emotion":[],"intent":[]},"answer":{"raw":{"text":"어 항상 어 면접이 최종이기 때문에 굉장히 이 또 긴장하고 어 또 여러 가지 이 또 어 편안한 마음으로 가야 되는데 그런 게 좀 많이 안 된 것 같습니다. 면접이라는 게 굉장히 이 어려운 문제이기 때문에 항상 어 스트레스를 받고 간다고 생각을 합니다. 그러나 또 면접에서 탈락을 한다면 음 당연히 그것을 겸허히 받아들여야 됩니다. 그러다 보면 어 또 내가 잘못했던 부족했던 이런 부분이 생각이 나는데요. 어 저는 굉장히 좀 마음적으로 강하지 않은 것 같습니다. 그래서 그러다 보면 또 어 긴장하고 어 또 이런 또 어 이야기를 답변을 드리다 보면 머릿속이 또 하얘지는 그런 느낌을 많이 받곤 합니다. 그래서 어 굉장히 그런 부분이 조리 있게 말 말을 잘 전달해야 되는데 그런 게 많이 부족했던 그런 생각을 하고요. 어 항상 어 그런 부족 부분을 채울려고 어 강한 심장을 가지게 에 또 단련하는 그런 어 또 방법을 찾아야 된다고 생각을 합니다.","wordCount":138},"emotion":[],"intent":[{"text":"","expression":"","category":"attitude"}],"summary":{"text":"면접은 굉장히 어려운 문제이기 때문에 스트레스를 받고 간다고 생각합니다. 그러나 면접에서 탈락을 한다면 그것을 겸허히 받아들여야 됩니다. 그러다 보면 제가 잘못했던 부족했던 부분이 생각날 수 있습니다. 그래서 그런 부족 부분을 채우려 노력하고 또 단련해야 될 것입니다.","wordCount":36}}},"rawDataInfo":{"question":{"fileFormat":"wav","fileSize":613838,"duration":19180,"samplingBit":16,"channelCount":1,"samplingRate":"16kHz","audioPath":"/Mock/07.ProductionManufacturing/Male/Experienced/ckmk_q_mm_m_e_235654.wav"},"answer":{"fileFormat":"wav","fileSize":3561678,"duration":111300,"samplingBit":16,"channelCount":1,"samplingRate":"16kHz","audioPath":"/Mock/07.ProductionManufacturing/Male/Experienced/ckmk_a_mm_m_e_235654.wav"}}}