{"version":"1.0","dataSet":{"info":{"date":"20230116","occupation":"MM","channel":"MOCK","place":"ONLINE","gender":"MALE","ageRange":"55-","experience":"EXPERIENCED"},"question":{"raw":{"text":"지원자님은 업무를 하다가 분쟁하는 것을 대비해서 지원자님만이 생각하고 있는 대처법이 있다면 어떠한 것이 있는지 설명 바랍니다","wordCount":16},"emotion":[],"intent":[]},"answer":{"raw":{"text":"회사 생활을 하다 보면 굉장히 어 분쟁이 많이 발생이 됩니다. 어 여러 가지로 타 부서와의 분쟁도 있고 어 동료 간의 분쟁도 있고 그 노사 간의 분쟁도 있고 그래서 굉장히 우리 회사 생활하는데 인간과 인간의 그런 관계이기 때문에 분쟁이 많이 발생되고요. 어 또는 일에 있어서도 어 항상 음 또 타 부서와 어 분쟁이 일어날 수도 있고 아니면 어 일반적인 회사와 어 또 일반 시민들과 굉장히 발생하게 됐는데요. 그것을 어 분쟁이 일어나면 그냥 분쟁에서 끝나는 게 아니고 항상 어 그것을 해결하고 어 대처를 해야 된다는 그런 자세를 가지고 있어야 됩니다. 그래서 굉장히 왜냐하면 어 맨투맨도 어 하드레도 어 또 종합적으로 어 전체적으로 하드레도 어 어 진실성이 있어야 된다고 생각을 합니다. 진실로 다가가면 모든 분들이 또 저에게 다가오지 않을까 그래서 해결을 하겠습니다.","wordCount":119},"emotion":[],"intent":[{"text":"","expression":"","category":"attitude"}],"summary":{"text":" 분쟁이 일어날 경우 항상 해결하고 대처를 해야 되는 자세를 가지고 있어야 합니다. 맨투맨도 하더라도 전체적으로 진실성이 있어야 됩니다. 진실로 다가가면 모든 분들이 다가옵니다.","wordCount":23}}},"rawDataInfo":{"question":{"fileFormat":"wav","fileSize":396878,"duration":12400,"samplingBit":16,"channelCount":1,"samplingRate":"16kHz","audioPath":"/Mock/07.ProductionManufacturing/Male/Experienced/ckmk_q_mm_m_e_185678.wav"},"answer":{"fileFormat":"wav","fileSize":2905998,"duration":90810,"samplingBit":16,"channelCount":1,"samplingRate":"16kHz","audioPath":"/Mock/07.ProductionManufacturing/Male/Experienced/ckmk_a_mm_m_e_185678.wav"}}}