{"version":"1.0","dataSet":{"info":{"date":"20230116","occupation":"MM","channel":"MOCK","place":"ONLINE","gender":"MALE","ageRange":"35-44","experience":"EXPERIENCED"},"question":{"raw":{"text":"지원자님은 혹시 매일 공부하고 있는 분야가 따로 있나요 그걸 왜 공부하는지도 함께 설명 부탁드립니다","wordCount":14},"emotion":[],"intent":[]},"answer":{"raw":{"text":"어 제가 인제 매일 공부하고 있는 부분에 대해서 한번 말씀드리겠습니다. 어 저는 요즘에 공부라고 하면은 돈 공부를 하고 있습니다. 돈의 흐름이라든지 돈의 흐름이나 인제 자본주의 세계에서 살았을 때 어떻게 이걸 헤쳐나가야 할지 돈의 흐름을 알아야 회사의 이익도 알게 되고 회사의 흐름을 알게 되고 미래적으로 봤을 때 발전이 있다고 생각이 어느 순간 들었습니다. 그래서 한 육 개월 정도 된 것 같은데 뭐 재테크 분야라든지 아니면 뭐 관련된 서적이라든지 아니면 뭐 그런 돈의 흐름에 대해서 잘 아는 교수들에 대한 뭐 강의라든지 이런 것들이 참 요즘에 재밌는 거 같습니다. 그래서 돈이라는 게 생활을 하면서도 굉장히 필요한 부분이고 중요한 요소이지만 또 외적인 부분으로 봤을 때도 돈이라는 것이 꼭 필요한 존재인지라는 것도 알게 되고 아 이 돈에 대해서 알지 못하면은 어 회사라든지 내 개인에게도 미래는 없겠구나 이 생각이 들어서 이런 재테크 부분에 대해서 유투브나 뭐 관련 서적 저는 뭐 비는 시간이 될 때는 뭐 강의도 들으면서 마음속 공부하고 있습니다. 이상입니다","wordCount":145},"emotion":[],"intent":[{"text":"","expression":"","category":"attitude"}],"summary":{"text":"요즘 돈 공부를 하고 있습니다. 자본주의 세계에서 살았을 때 돈의 흐름을 알아야 회사의 이익도 알게 되고 회사의 흐름을 알게 되면 미래적으로 봤을 때 발전이 있다고 생각이 들어서 돈의 흐름에 대해 잘 아는 교수들에 대한 강의들을 들으며 마음속 공부하고 있습니다 이상입니다.","wordCount":40}}},"rawDataInfo":{"question":{"fileFormat":"wav","fileSize":326798,"duration":10210,"samplingBit":16,"channelCount":1,"samplingRate":"16kHz","audioPath":"/Mock/07.ProductionManufacturing/Male/Experienced/ckmk_q_mm_m_e_145770.wav"},"answer":{"fileFormat":"wav","fileSize":2701518,"duration":84420,"samplingBit":16,"channelCount":1,"samplingRate":"16kHz","audioPath":"/Mock/07.ProductionManufacturing/Male/Experienced/ckmk_a_mm_m_e_145770.wav"}}}