{"version":"1.0","dataSet":{"info":{"date":"20230116","occupation":"MM","channel":"MOCK","place":"ONLINE","gender":"MALE","ageRange":"55-","experience":"EXPERIENCED"},"question":{"raw":{"text":"업무 시에 분쟁이 발생할 때를 대비해서 본인만의 대처 방법이 있나요 있다면 그것이 무엇인지 궁금합니다","wordCount":14},"emotion":[],"intent":[]},"answer":{"raw":{"text":"회사 생활을 하다보면 굉장히 어 업무를 하다보면 분쟁이 많이 발생이 됩니다. 어 그 분쟁은 일로써 분쟁이 많을 것 같은데요. 저는 에 일보다는 이 어 분쟁이 발생됐을 때는 그 사람의 마음을 이겨내고 분쟁의 에 문제가 무엇인가를 어 어 숙지해서 어 그 부분을 풀려고 노력을 해야 되겠죠. 어 그러면 그것을 총체적으로 풀기에는 어렵습니다. 하나하나 실타레 풀데끼 어 에 풀면서 어 또 개인적으로 어 그분들의 마음을 일러야 되구요. 저 또 어 또 어 올바른 어 또 진실성 있는 에 마음으로 접근을 하게 되면 굉장히 해결되리라고 생각을 합니다. 어 거기에서 어 웃는 낯에 에 침뱉 못 뱉는다고 항상 에 내 마음을 열고 어 그 분쟁 당사자에게 다가가서 어 이 분쟁 해결할려고 하는 그런 노력이 굉장히 필요하다 라는 것을 말씀 드리겠습니다.","wordCount":116},"emotion":[],"intent":[{"text":"","expression":"","category":"attitude"}],"summary":{"text":"업무 수행 시 분쟁이 많이 발생하는데, 사람의 마음을 이겨내고 문제를 숙지해야 합니다. 마음을 바르게 하고 진실성 있는 마음으로 접근하면 해결될 수 있습니다. 항상 마음을 열고 분쟁 당사자에게 다가가서 해결하는 노력이 필요합니다.","wordCount":31}}},"rawDataInfo":{"question":{"fileFormat":"wav","fileSize":377038,"duration":11780,"samplingBit":16,"channelCount":1,"samplingRate":"16kHz","audioPath":"/Mock/07.ProductionManufacturing/Male/Experienced/ckmk_q_mm_m_e_185987.wav"},"answer":{"fileFormat":"wav","fileSize":2890318,"duration":90320,"samplingBit":16,"channelCount":1,"samplingRate":"16kHz","audioPath":"/Mock/07.ProductionManufacturing/Male/Experienced/ckmk_a_mm_m_e_185987.wav"}}}