{"version":"1.0","dataSet":{"info":{"date":"20230116","occupation":"MM","channel":"MOCK","place":"ONLINE","gender":"MALE","ageRange":"-34","experience":"EXPERIENCED"},"question":{"raw":{"text":"성공적으로 정비 관련 이슈를 본인이 해결해 본 경험이 있으신가요 있으시다면 경험에 대해 말해 주세요","wordCount":14},"emotion":[],"intent":[]},"answer":{"raw":{"text":"저희 업계는 제조업을 하고 있고 공장은 이십 사 시간 가동이 됩니다. 그렇기 때문에 그 기계가 멈춘다면 그것이 곧바로 우리 회사에 피해를 끼치게 되는 부분이고 그렇기 때문에 작업자들은 스스로 본인에 기계가 고장났을 때 정비할 줄 알아야 합니다. 물론 매우 전문적인 그런 고장이 있을 수도 있는 부분은 회사에서 처리를 하거나 하지만 그 외에 전 고장들은 스스로 처리를 해야 합니다. 저 같은 경우에는 현재는 프로그래밍을 하고 있기 때문에 현장에서 일을 하고 있지는 않지만 제가 일 년 가량 그래도 현장에서 일을 할 때 자잘 자잘한 고장이 많이 있었던 걸로 기억을 합니다. 그럴 때마다 어 매뉴얼을 기계 매뉴얼을 찾아봄으로써 어떠한 부분에 있어서 이것이 고장이 났는지를 알아보고 그럼에도 불구하고 잘되지 않았을 때는 선임들에게 가서 어 이 부분이 잘 되지 않는다 라고 요청하여 그 관련된 이슈를 처리했었던 걸로 기억합니다.","wordCount":122},"emotion":[],"intent":[{"text":"","expression":"","category":"attitude"}],"summary":{"text":"기계가 고장났을 때 작업자들은 스스로 정비할 줄 알아야 합니다. 프로그래밍을 하고 있는 저 같은 경우 현장에서 일을 할 때 자잘 자잘한 고장이 많이 있었던 걸로 기억합니다. 그럴 때마다 기계 매뉴얼을 찾아봄으로써 왜 고장이 났는지를 알아보고 잘 되지 않았을 때는 선임들에게 요청하여 관련 이슈를 처리했었던 기억이 있습니다.","wordCount":46}}},"rawDataInfo":{"question":{"fileFormat":"wav","fileSize":510478,"duration":15950,"samplingBit":16,"channelCount":1,"samplingRate":"16kHz","audioPath":"/Mock/07.ProductionManufacturing/Male/Experienced/ckmk_q_mm_m_e_300400.wav"},"answer":{"fileFormat":"wav","fileSize":2769358,"duration":86540,"samplingBit":16,"channelCount":1,"samplingRate":"16kHz","audioPath":"/Mock/07.ProductionManufacturing/Male/Experienced/ckmk_a_mm_m_e_300400.wav"}}}