{"version":"1.0","dataSet":{"info":{"date":"20230116","occupation":"MM","channel":"MOCK","place":"ONLINE","gender":"MALE","ageRange":"55-","experience":"EXPERIENCED"},"question":{"raw":{"text":"지원자님께서 만약 우리 회사에 들어오신다면 오 년 뒤 십 년 뒤에 지원자님은 어떤 엔지니어가 되어 있을까요 생각하시는 것에 대해 말씀해 주시겠어요","wordCount":21},"emotion":[],"intent":[]},"answer":{"raw":{"text":"항상 어 회사에 들어가면 이 엔지니어가 꿈이죠. 어 그래서 오 년 뒤 십 년 뒤 정말 멋진 엔지니어가 돼야 되겠죠. 어 그건 제 개인만의 멋진 엔지니어가 아닌 회사에서 어 인정하는 이 엔지니어가 됐으면 어 하는 그런 다짐을 해 봅니다. 저는 성실함과 근면함으로 살아왔기 때문에 회사에 에 이익을 주는 그런 어 엔지니어가 될려고 노력을 하고 있기 때문에요. 오 년 뒤 십 년 뒤에는 어 큰 엔지니어가 되어 있지 않을까 생각을 합니다. 씨이오가 마음에 들어하는 또 어 임원들이 마음에 들어하는 또는 어 제가 생산성을 높여서 어 회사에 보탬이 되는 그런 엔지니어가 어 되어 있을 걸로 자부합니다. 그러기 위해서는 건강도 많이 챙겨야 되겠죠. 그래서 건강하기 위해서 열심히 운동도 하면서 어 정말 어 회사에 필요로 하는 큰 엔지니어가 어 될 수 있을 거라고 생각을 합니다.","wordCount":121},"emotion":[],"intent":[{"text":"","expression":"","category":"attitude"}],"summary":{"text":"성실함과 근면함으로 살아왔기 때문에 회사에 이익을 주는 엔지니어가 되고 싶습니다. 그러기 위해서는 건강도 많이 챙겨야 될 것 같습니다.","wordCount":18}}},"rawDataInfo":{"question":{"fileFormat":"wav","fileSize":487438,"duration":15230,"samplingBit":16,"channelCount":1,"samplingRate":"16kHz","audioPath":"/Mock/07.ProductionManufacturing/Male/Experienced/ckmk_q_mm_m_e_175485.wav"},"answer":{"fileFormat":"wav","fileSize":2828878,"duration":88400,"samplingBit":16,"channelCount":1,"samplingRate":"16kHz","audioPath":"/Mock/07.ProductionManufacturing/Male/Experienced/ckmk_a_mm_m_e_175485.wav"}}}