{"version":"1.0","dataSet":{"info":{"date":"20230116","occupation":"MM","channel":"MOCK","place":"ONLINE","gender":"MALE","ageRange":"35-44","experience":"EXPERIENCED"},"question":{"raw":{"text":"상사가 회사에 이익에 반하는 행동을 하는 것을 직접 목격했다면 그땐 지원자님은 어떻게 행동하시겠습니까","wordCount":13},"emotion":[],"intent":[]},"answer":{"raw":{"text":"상급자가 회사의 이익이 아닌 회사의 이익에 반대되는 행동을 제가 보거나 캐치를 했다면은 저는 일단 그 상사에게 가서 물어볼 것 같습니다. 혹시 무슨 의도로 무슨 무슨 생각으로 혹시 이렇게 어 진행을 하려 하는지에 대해서 잘 좋게 물어봤을 때 그걸 들어보고 아 이게 깊은 뜻이 있구나 아니면 그다음에 회사의 이익을 위해서 노력을 해 보였구나 이렇게 생각이 된다면은 당연히 모른 척하겠지만 어 딱 들어봐도 이거는 뭐 미래적인 얘기도 아니고 어 뭐 회사의 이익을 조금 더 뭐 극대화 하기 위한 게 아니라면은 저는 인제 그거는 정상적으로 그 상급 단계에 보고를 할 것 같습니다. 그래서 이런 것들은 바로 잡아야 하기 때문에 어 잘못된 게 있으면 제 선에서 이게 안 된다 싶으면은 그 상급자의 상급자에게 보고를 해서 어 어느 정도 조치를 취할 것 같습니다. 그렇지 않았을 때 인제 우리 팀에도 문제가 되는 것이고 어 크게는 저 개인에게도 문제가 될 수 있기 때문에 그런 것들은 바로 현장에서 확인 후에 원인을 알아보고 그다음에 조치를 취할 것 같습니다. 네 이상입니다.","wordCount":151},"emotion":[],"intent":[{"text":"","expression":"","category":"attitude"}],"summary":{"text":"저는 어떤 의도가 회사의 이익을 극대화하기 위함이 아니라면 상급자에게 보고를 할 것 같습니다. 잘못된 게 있으면 제가 선에서 안 된다 싶으면 그 상급자에게 보고해서 조치를 취할 것 같으며 그렇지 않았을 때는 우리 팀도, 저 개인도 문제가 될 수 있기 때문에 현장에서 확인 후에 조치를 취할 것입니다.","wordCount":46}}},"rawDataInfo":{"question":{"fileFormat":"wav","fileSize":452878,"duration":14150,"samplingBit":16,"channelCount":1,"samplingRate":"16kHz","audioPath":"/Mock/07.ProductionManufacturing/Male/Experienced/ckmk_q_mm_m_e_145768.wav"},"answer":{"fileFormat":"wav","fileSize":2708558,"duration":84640,"samplingBit":16,"channelCount":1,"samplingRate":"16kHz","audioPath":"/Mock/07.ProductionManufacturing/Male/Experienced/ckmk_a_mm_m_e_145768.wav"}}}