{"version":"1.0","dataSet":{"info":{"date":"20230116","occupation":"MM","channel":"MOCK","place":"ONLINE","gender":"MALE","ageRange":"55-","experience":"EXPERIENCED"},"question":{"raw":{"text":"성공적으로 정비 관련 이슈를 해결해 본 경험에 대해서 말씀해 주시겠습니까","wordCount":10},"emotion":[],"intent":[]},"answer":{"raw":{"text":"어 회사 생활을 하다보면 어 일반적인 생산 설비 이 정비 이런 부분도 많이 발생이 되고요. 어 또 정비라는 게 에 흐트러진 체제나 어 조직 따위를 질서 있게 에 바로 잡은 것도 정비라고 생각을 합니다. 어 제가 어 그 상사와 어 또 부하 직원 간에 가교 어 또 의견 충돌이 있어서 어 싸운 경우도 많이 봐 왔습니다. 그럴 때는 제가 어 그 부하 직원에 에 그 가서 항상 사랑과 또 일리있는 또 에 조리 있게 에 대처를 해서 이 에 직원하고 어 상사와의 갈등을 해소했던 적이 있는데요. 상사도 또 그런 제 노력이 또 좋았는지 저를 또 더더욱 또 신뢰하고 어 하는 그런 부분도 있었습니다. 그래서 회사 체계에 있어서 정비라는 게 굉장히 중요하다는 거 느꼈습니다.","wordCount":113},"emotion":[],"intent":[{"text":"어 또 정비라는 게 에 흐트러진 체제나 어 조직 따위를 질서 있게 에 바로 잡은 것도 정비라고 생각을 합니다.","expression":"f_equip","category":"technology"}],"summary":{"text":"회사 생활을 하다보면 정비가 많이 발생하는데 정비란 흐트러진 체제나 조직을 질서 있게 바로 잡은 것입니다. 상사와 부하 직원 간에 의견 충돌이 있을 때 항상 사랑과 조리 있게 대처를 해서 갈등을 해소했던 적이 있습니다. 회사 체계에서 정비는 굉장히 중요합니다.","wordCount":38}}},"rawDataInfo":{"question":{"fileFormat":"wav","fileSize":348878,"duration":10900,"samplingBit":16,"channelCount":1,"samplingRate":"16kHz","audioPath":"/Mock/07.ProductionManufacturing/Male/Experienced/ckmk_q_mm_m_e_185983.wav"},"answer":{"fileFormat":"wav","fileSize":2886798,"duration":90210,"samplingBit":16,"channelCount":1,"samplingRate":"16kHz","audioPath":"/Mock/07.ProductionManufacturing/Male/Experienced/ckmk_a_mm_m_e_185983.wav"}}}