{"version":"1.0","dataSet":{"info":{"date":"20230116","occupation":"MM","channel":"MOCK","place":"ONLINE","gender":"MALE","ageRange":"55-","experience":"EXPERIENCED"},"question":{"raw":{"text":"회사에 들어와서 선배를 만나게 되신다면 어떤 모습에 선배를 만나고 싶으신가요 그 이유도 함께 말씀 부탁드릴게요","wordCount":15},"emotion":[],"intent":[]},"answer":{"raw":{"text":"제가 선배요 제가 선배를 만난다면 나이대로는 이제 제가 어떤 선배를 만날 어떤 연령대는 아닌데 뭐 이 회사를 들어온 회사에 소속된 입사 순서로의 선배로 생각을 해도 될까요. 그렇다면 뭐 음 기본을 아는 네 기본을 좀 알고 음 상대에 대한 어떤 기본 예의는 있으신 분 생각보다 많지 않아요. 그래서 그런 분이시면 좋을 것 같다고 생각이 들고 저도 이제 입사를 했을 때 만날 분들에게 그렇게 행동하려고 할 거고 아 네 그리고 상대 분야 각자의 분야에 대해서 조금 존중은 당연한 거지만 네 좀 기다려줄 줄 아는 분 네 그런 분이면 좋겠다는 생각이 듭니다.","wordCount":89},"emotion":[],"intent":[{"text":"","expression":"","category":"attitude"}],"summary":{"text":"기본을 좀 알고 상대에 대한 기본 예의가 있으신 분들은 입사를 했을 때 만날 분들에게 그렇게 행동하려고 할 것이고 상대 분야의 존중은 당연한 거지만 기다려줄 줄 아는 분이라면 좋겠다는 생각이 듭니다.","wordCount":30}}},"rawDataInfo":{"question":{"fileFormat":"wav","fileSize":426958,"duration":13340,"samplingBit":16,"channelCount":1,"samplingRate":"16kHz","audioPath":"/Mock/07.ProductionManufacturing/Male/Experienced/ckmk_q_mm_m_e_177797.wav"},"answer":{"fileFormat":"wav","fileSize":2844878,"duration":88900,"samplingBit":16,"channelCount":1,"samplingRate":"16kHz","audioPath":"/Mock/07.ProductionManufacturing/Male/Experienced/ckmk_a_mm_m_e_177797.wav"}}}