{"version":"1.0","dataSet":{"info":{"date":"20230116","occupation":"MM","channel":"MOCK","place":"ONLINE","gender":"MALE","ageRange":"-34","experience":"EXPERIENCED"},"question":{"raw":{"text":"만약 일을 하던 중에 직무가 적성에 맞지 않는다면 어떻게 하실 건가요 상황을 가정하고 구체적으로 말씀해 주실 수 있을까요","wordCount":18},"emotion":[],"intent":[]},"answer":{"raw":{"text":"일을 하던 중에 직무가 적성에 맞지 않는다면 일단 어떤 부분에서 무엇이 맞지 않는지를 좀 더 객관적으로 냉철하게 확인을 하도록 노력을 할 것 같습니다. 일단 그걸 맞지 않는다는 걸 알았던 거는 나를 몰랐다거나 아니면 직무를 정확하게 이해를 못 했다거나 이 두 가지 중에 하나 라고 생각을 하기 때문에 그 두 가지 중에 어떤 것이 맞지 않은 것인지를 먼저 생각을 해서 일단은 내 나의 성향과 나를 조금 더 돌아봄으로써 나는 어떠한 일을 좋아하고 어떠한 일을 잘하고 이를 파악하는 것이 중요하다고 생각합니다. 아니면 또 두 번째로는 그 직무에 대한 이해를 잘 못 했기 때문에 나를 정확하게 알고 있다고 해도 그 직무를 이해하지 못했기 때문에 그런 일들이 일어나 있을 텐데 그렇다면 음 내가 하지만 그 일을 함에 있어서 내가 해야만 하는 것들이 있기 때문에 그러한 일들까지는 어떻게든 하려고 노력을 하고 또한 이 판단을 단기간 내에 했다 라면 그것은 조금 섣부른 판단이지 않을까 생각을 합니다. 그 적어도 일 년 이상 동안의 시간은 가지고 내가 정말 이 일들을 확실히 파악을 하고 난 다음에 나랑 맞지 않는다 라고 인식을 한 것인지를 알려고 노력을 해야 된다고 생각을 하기 때문에 어 조금 더 참으면서 인내를 하면서 이 일들에 대해서 내가 하고 있는 일들에 대해서 파악을 할 것 같습니다.","wordCount":189},"emotion":[],"intent":[{"text":"","expression":"","category":"attitude"}],"summary":{"text":"일을 하던 중 직무가 적성에 맞지 않는다면 저의 성향과 직무의 정확한 이해를 우선한 후 일을 잘 파악하고 이를 파악하는 것이 중요합니다. 일을 함에 있어 해야만 하는 것들이 있기 때문에 그렇게 판단을 단기간 내에 했다면 섣부른 판단이 될 수 있습니다. 최소한 일 년 이상 동안은 참으면서 제가 하고 있는 일들에 대해 파악을 할 것 같습니다.","wordCount":54}}},"rawDataInfo":{"question":{"fileFormat":"wav","fileSize":604878,"duration":18900,"samplingBit":16,"channelCount":1,"samplingRate":"16kHz","audioPath":"/Mock/07.ProductionManufacturing/Male/Experienced/ckmk_q_mm_m_e_287754.wav"},"answer":{"fileFormat":"wav","fileSize":3179598,"duration":99360,"samplingBit":16,"channelCount":1,"samplingRate":"16kHz","audioPath":"/Mock/07.ProductionManufacturing/Male/Experienced/ckmk_a_mm_m_e_287754.wav"}}}