{"version":"1.0","dataSet":{"info":{"date":"20230116","occupation":"MM","channel":"MOCK","place":"ONLINE","gender":"MALE","ageRange":"45-54","experience":"EXPERIENCED"},"question":{"raw":{"text":"면접자분은 차단기에 대해 설명해 주시면 감사하겠습니다","wordCount":6},"emotion":[],"intent":[]},"answer":{"raw":{"text":"차단기는 여러 종류가 있습니다. 어 가장 먼저 생각나는 것은 뭐 기차나 전차 따위가 지나갈 때 어 자동차나 사람이 건너지 못하도록 그것을 기차나 자동차로부터 안전을 지키기 위해서 철도 건널목을 막는 것을 차단기라고 하고 또는 뭐 초소나 정문 따위에서 자동차나 사람을 점검하거나 어 정지시키기 위해서 막는 장치를 차단기라고도 합니다. 또는 뭐 그 전기 쪽에서는 차단기란 전류나 전자가 흐르지 못하도록 전선을 끊거나 휴즈가 나가서 그 작동을 멈추게 하는 것 또한 차단기입니다. 보통 일반적으로 차단기라고 하면 길을 막 길을 막는 것을 차단기라고 하는데 저는 개인적으로 이 차단기는 제가 여태까지 말했던 그런 의미 외에 그 안전을 지키는 장치라는 생각을 합니다. 이 차단기는 아까 말한 것처럼 뭐 기차나 뭐 이런 것으로부터 사람이나 차량을 막기 위해서 사람의 안전을 지키기 위해서 막는 것이 차단기이고 전기 쪽에서는 기계가 돌아간다든지 아니면 기계가 누전돼서 과부하가 돌아왔을 때 그것이 폭발하거나 위험에 처할 수 있을 때 스스로 그 전력을 끊어 줌으로써 안전을 지키는 것이 차단기라고 생각합니다.","wordCount":143},"emotion":[{"text":"어 가장 먼저 생각나는 것은 뭐   기차나 전차 따위가 지나갈 때 어 자동차나 사람이 건너지 못하도록 그것을 기차나 자동차로부터   안전을 지키기 위해서 철도 건널목을 막는 것을 차단기라고 하고 또는   뭐 초소나 정문 따위에서 자동차나 사람을 점검하거나 어 정지시키기   위해서 막는 장치를 차단기라고도 합니다.","expression":"u-fact","category":"neutral"},{"text":"또는 뭐 그 전기 쪽에서는   차단기란 전류나 전자가 흐르지 못하도록 전선을 끊거나 휴즈가 나가서   그 작동을 멈추게 하는 것 또한 차단기입니다.","expression":"u-fact","category":"neutral"}],"intent":[{"text":"","expression":"","category":"attitude"}],"summary":{"text":"차단기는 기차나 자동차로부터 안전을 지키기 위해서 철도 건널목을 막는 것, 초소나 정문 따위에서 자동차나 사람을 점검하거나 정지시키기 위해서 막는 것 등이 있습니다. 전기 쪽에서는 전류나 전자가 흐르지 못하도록 전선을 끊거나 휴즈가 나가 작동을 멈추게 하는 것 또한 차단기입니다. 이 차단기는 안전을 지키는 장치라고 생각합니다.","wordCount":44}}},"rawDataInfo":{"question":{"fileFormat":"wav","fileSize":243278,"duration":7600,"samplingBit":16,"channelCount":1,"samplingRate":"16kHz","audioPath":"/Mock/07.ProductionManufacturing/Male/Experienced/ckmk_q_mm_m_e_140904.wav"},"answer":{"fileFormat":"wav","fileSize":2659918,"duration":83120,"samplingBit":16,"channelCount":1,"samplingRate":"16kHz","audioPath":"/Mock/07.ProductionManufacturing/Male/Experienced/ckmk_a_mm_m_e_140904.wav"}}}