{"version":"1.0","dataSet":{"info":{"date":"20230116","occupation":"MM","channel":"MOCK","place":"ONLINE","gender":"MALE","ageRange":"35-44","experience":"EXPERIENCED"},"question":{"raw":{"text":"소통 능력을 키우기 위해서 어떤 일을 할 수 있습니까 지원자님께서 생각나는 방법들을 자세하게 말씀해 주세요","wordCount":15},"emotion":[],"intent":[]},"answer":{"raw":{"text":"네 소통 능력을 키우기 위한 것에 대한 답변을 드리겠습니다. 일단 소통을 키우기 위해서 제일 중요한 것은 상대방의 말을 듣는 자세입니다. 그 사람의 눈을 보면 알 수 있습니다. 이 사람이 내 얘기를 듣고 있는지 내 얘기를 진심으로 듣고 있는지 내 얘기를 이해를 하고 있는지 그거는 딱 보면 알 수 있기 때문에 그건 누구나 느끼는 감정이 될겁니다. 그렇기 때문에 진심으로 상대방의 얘기를 들으려는 자세 그런 자세들이 필요하기 때문에 그런 것들에 있어서 소통을 키우기 위해서는 상대방 말단 사원부터 상급자라든지 여러 사람 대 사람으로서 내가 듣고 있다 이 얘기를 내가 진심으로 듣고 있고 적용을 하려고 노력을 하고 있다. 이런 자세들을 보인다면은 말단 직원부터 회사 오너 회사 경영자까지 소통이 되지 않을까 싶습니다. 그런 것들을 갖추기 위해서는 그런 들으려는 자세 배우려는 자세 어 너와 내가 소통을 하고 싶어 한다. 그런 느낌을 주는 자세들이 가장 중요할 것 같고 앞으로도 그런 이제 팀이나 많은 구성원들 중에서 그런 것들을 자세는 매우 중요할 것 같습니다. 이상입니다.","wordCount":146},"emotion":[],"intent":[{"text":"","expression":"","category":"attitude"}],"summary":{"text":"소통을 키우기 위해서 제일 중요한 것은 상대방의 말을 듣는 자세입니다. 진심으로 상대방의 얘기를 들으려는 자세 그런 자세들이 필요하기 때문에 소통을 키우기 위해서는 상대방 말단 사원부터 상급자까지도 제가 진심으로 듣고 있고 적용을 하려고 노력을 하고 있습니다. 이런 자세들을 보이는 것이 매우 중요합니다.","wordCount":41}}},"rawDataInfo":{"question":{"fileFormat":"wav","fileSize":353678,"duration":11050,"samplingBit":16,"channelCount":1,"samplingRate":"16kHz","audioPath":"/Mock/07.ProductionManufacturing/Male/Experienced/ckmk_q_mm_m_e_192001.wav"},"answer":{"fileFormat":"wav","fileSize":2675278,"duration":83600,"samplingBit":16,"channelCount":1,"samplingRate":"16kHz","audioPath":"/Mock/07.ProductionManufacturing/Male/Experienced/ckmk_a_mm_m_e_192001.wav"}}}