{"version":"1.0","dataSet":{"info":{"date":"20230116","occupation":"MM","channel":"MOCK","place":"ONLINE","gender":"MALE","ageRange":"-34","experience":"EXPERIENCED"},"question":{"raw":{"text":"만약 지원자님께서 게임 속 캐릭터로 변신한다면 어떤 게임에서 어떤 역할을 맡아서 무엇을 수행하고 싶으신지 말씀해 주세요","wordCount":16},"emotion":[],"intent":[]},"answer":{"raw":{"text":"게임 속 캐릭터라면 저는 주로 이제 알피지 게임 같은 것들을 많이 하는 편입니다. 하나의 캐릭터를 육성을 시키고 레벨을 올리고 스테이트를 찍어서 아니면 다른 아이템이나 장비들을 착용하고 모험을 간다거나 하는 게임들을 주로 하는데 저는 그 가운데에서도 자유로운 방랑자와 같은 캐릭터를 하고 싶습니다. 어떨 때는 몬스터들과 싸워서 레벨도 올리고 아이템을 얻고 장비를 구하기도 하고 또 어떤 때는 엔피씨에게 뭐 퀘스트를 받아서 도움을 준다거나 할 때도 있지만 때로는 내가 그냥 다른 곳에 가서 그림을 그리고 싶다거나 아니면 뭐 노래를 부른다거나 춤을 추거나 하고 싶을 때는 그런 곳에 가서 내가 하고 싶은 대로 떠돌아다니면서 자유롭게 여행을 다니는 그러한 캐릭터가 저는 좋은 것 같습니다.","wordCount":99},"emotion":[],"intent":[{"text":"","expression":"","category":"attitude"}],"summary":{"text":"저는 주로 알피지 게임 같은 것들을 많이 하는 편인데, 그 가운데에서도 자유로운 방랑자와 같은 캐릭터가 좋다고 생각합니다. 어떤 때는 엔피씨에게 도움을 주거나, 그림을 그리거나, 춤을 추거나, 하고 싶은 대로 자유롭게 여행을 다니는 그런 캐릭터가 좋습니다.","wordCount":35}}},"rawDataInfo":{"question":{"fileFormat":"wav","fileSize":607118,"duration":18970,"samplingBit":16,"channelCount":1,"samplingRate":"16kHz","audioPath":"/Mock/07.ProductionManufacturing/Male/Experienced/ckmk_q_mm_m_e_293250.wav"},"answer":{"fileFormat":"wav","fileSize":2289358,"duration":71540,"samplingBit":16,"channelCount":1,"samplingRate":"16kHz","audioPath":"/Mock/07.ProductionManufacturing/Male/Experienced/ckmk_a_mm_m_e_293250.wav"}}}