{"version":"1.0","dataSet":{"info":{"date":"20230116","occupation":"MM","channel":"MOCK","place":"ONLINE","gender":"MALE","ageRange":"55-","experience":"EXPERIENCED"},"question":{"raw":{"text":"어 만약에 지원자님의 직무에 맞지 않는 일을 하게 되신다면 어 어떻게 하실지 궁금합니다 그래도 괜찮으실까요","wordCount":15},"emotion":[],"intent":[]},"answer":{"raw":{"text":"어 모든 이들이 다 그러겠지만 에 또 다수들이 에 본인의 직무에 맞지 않는 일을 하게 됩니다. 그러면 어 어려움이 많겠죠. 허나 직무에 맞지 않는다고 그래서 어 뒤로 물러난다든가 또 그런 직무에 소홀히 한다든가 또 그것을 회피한다든가 그러면 어 회사도 성장하기 모르지만 이제 개인적으로 어 상당히 불가능하다고 생각을 하고 있습니다. 그래서 직무에 맞지 않는 일을 하게 되면 어 또 거기에 따라서 환경에 적응을 하고요. 그 환경에 적응을 하면서 직무를 에 응용할 수 있는 그런 능력을 키워나가야 된다고 생각을 합니다. 무조건 직무에 맞지 않는다고 그래서 상사에 반한 또 갈등을 유발시킨다던가 또 팀원 간에 또 갈등을 유발시키는 그것은 회사에 도움도 안되거니와 어 저 개인적인 발전도 없으리라고 생각을 해서 그 직무에 맞지 않더래도 거기에 적응할려고 노력을 해야 되겠습니다.","wordCount":114},"emotion":[],"intent":[{"text":"","expression":"","category":"attitude"}],"summary":{"text":"다수들이 본인의 직무에 맞지 않는 일을 하게 되면 어려움이 많겠지만 그 일을 함에 있어 환경에 적응을 하면서 직무를 응용할 수 있는 능력을 키워나가야 합니다.","wordCount":24}}},"rawDataInfo":{"question":{"fileFormat":"wav","fileSize":417358,"duration":13040,"samplingBit":16,"channelCount":1,"samplingRate":"16kHz","audioPath":"/Mock/07.ProductionManufacturing/Male/Experienced/ckmk_q_mm_m_e_186075.wav"},"answer":{"fileFormat":"wav","fileSize":2883918,"duration":90120,"samplingBit":16,"channelCount":1,"samplingRate":"16kHz","audioPath":"/Mock/07.ProductionManufacturing/Male/Experienced/ckmk_a_mm_m_e_186075.wav"}}}