{"version":"1.0","dataSet":{"info":{"date":"20230116","occupation":"MM","channel":"MOCK","place":"ONLINE","gender":"MALE","ageRange":"35-44","experience":"EXPERIENCED"},"question":{"raw":{"text":"지원자님께서는 협업을 하실 때 사교성이 좋으신 편이신가요 또한 사교성을 키우기 위해서 어떠한 노력을 하셨는지에 대해서도 궁금합니다","wordCount":16},"emotion":[],"intent":[]},"answer":{"raw":{"text":"저는 협업을 할 때 사교성이 상당히 좋은 편입니다. 제가 사교성이 좋았던 이유 중의 하나는 남들과 커뮤니케이션 즉 소통을 잘하는 것입니다. 소통을 잘 하기 위해서는 공감대를 형성해야 되고 상대방이 좋아하는 주제를 잘 파악해야 됩니다. 무조건 내 얘기만 한다고 상대방과 친해지는 것이 아니라 상대방이 좋아하는 이야기를 해야 사교성이 좋아질 수 있습니다. 예를 들어서 골프를 좋아하는 김대리에게 김대리님 골프에 가장 큰 장점은 뭔가요 현재 드라이버를 치면 몇 미터 정도 나오나요 스크린 골프는 일 주일에 몇 번 정도 가나요 라고 물어보면 우리 둘에게는 이미 라포 친근감 또는 공감대가 형성된 것입니다. 그럼 그때부터는 대리는 자기가 좋아하는 골프는 어떤 스타일이고 드라이버는 얼마 정도의 비거리가 나오며 드 드라이버를 잘 치기 위해서 일 주일에 레슨을 몇 번 받고 자기 친구들과 스크린 골프장은 일 주일 몇 번 가고 또는 필드에는 몇 번 나가는지에 대한 이야기를 줄 줄 줄 한 이 삼십 분 동안 하게 됩니다. 저는 그때부터는 김대리의 이야기를 들어주기만 하고 중간중간 리액션을 해줍니다. 당연히 미소를 머금은 표정으로 당신에게 내가 관심이 많아요 라는 표정을 짓습니다. 그렇게 되면 이미 둘은 조금 가까워졌고 벽이 허물어져서 사교성이 많이 좋아졌다 라는 걸 느낄 수가 있습니다. 이게 제가 사교성을 키우는 방법 중에 하나입니다.","wordCount":179},"emotion":[],"intent":[{"text":"","expression":"","category":"attitude"}],"summary":{"text":"협업을 할 때 사교성이 상당히 좋은 편인데 그 이유는 남들과 소통을 잘 하기 위해서는 공감대를 형성해야 되고 상대방이 좋아하는 주제를 잘 파악해야 될 뿐만 아니라 제가 이야기를 들어주기만 하고 중간중간 리액션을 해버리면 이미 둘은 조금 가까워졌고 벽이 허물어져서 사교성 많이 좋아졌다 라는 걸 느낄 수가 있기 때문입니다.","wordCount":47}}},"rawDataInfo":{"question":{"fileFormat":"wav","fileSize":515918,"duration":16120,"samplingBit":16,"channelCount":1,"samplingRate":"16kHz","audioPath":"/Mock/07.ProductionManufacturing/Male/Experienced/ckmk_q_mm_m_e_196098.wav"},"answer":{"fileFormat":"wav","fileSize":2755598,"duration":86110,"samplingBit":16,"channelCount":1,"samplingRate":"16kHz","audioPath":"/Mock/07.ProductionManufacturing/Male/Experienced/ckmk_a_mm_m_e_196098.wav"}}}