{"version":"1.0","dataSet":{"info":{"date":"20230116","occupation":"MM","channel":"MOCK","place":"ONLINE","gender":"MALE","ageRange":"-34","experience":"EXPERIENCED"},"question":{"raw":{"text":"지원자님은 리스크 어세스먼트에 대해 알고 계신가요 그리고 이게 어떤 개념인지 어떻게 활용할 수 있는지 말씀해 주세요","wordCount":16},"emotion":[],"intent":[]},"answer":{"raw":{"text":"리스크 리스크 어젠 어젠다 리스크 어젠다 라고 해주셨나요. 리 리스크 아 리스크 어세스멘트 아 아이 죄송합니다. 제가 제가 연구했던 제가 주로 일을 했던 분야에서는 그거에 대해서 주로 다루지 않았어 가지고 그게 어떤 개념인지 제가 정확히는 모르겠네요. 네 솔직히 없는 거에 대해서 제가 이렇게 막 지어내는 것보다는 그냥 그것에 대해서 잘 모르겠다고 솔직하게 말씀을 드리는 게 예 좀 더 정직한 정직한 모습이 아닐까 싶네요. 그렇지만 그 리스크 어세스먼트에 대해서 아직은 잘 모르지만 저는 저의 이런 솔직하고 정직한 태도를 바탕으로 하여 그것이 무엇인지 꼭 배우고 싶습니다. 이 회사에 입사하여서 그 말씀하시는 그 개념을 정확히 알기 위해서 밤낮없이 매일 아침 일찍 출근해 가지고 그것을 알기 위해서 조금 더 노력을 할 테니 저를 꼭 뽑아주셨으면 좋겠습니다.","wordCount":112},"emotion":[],"intent":[{"text":"","expression":"","category":"attitude"}],"summary":{"text":"리스크 어세스먼트에 대해서 아직 잘 모르지만 저는 이러한 솔직하고 정직한 태도를 바탕으로 그것이 무엇인지 꼭 배우고 싶습니다. 이 회사에 입사하여서 말씀하시는 그 개념을 알기 위해서 조금 더 노력을 할 이니 저를 꼭 뽑아줬으면 좋겠습니다.","wordCount":34}}},"rawDataInfo":{"question":{"fileFormat":"wav","fileSize":270798,"duration":8460,"samplingBit":16,"channelCount":1,"samplingRate":"16kHz","audioPath":"/Mock/07.ProductionManufacturing/Male/Experienced/ckmk_q_mm_m_e_205099.wav"},"answer":{"fileFormat":"wav","fileSize":2903118,"duration":90720,"samplingBit":16,"channelCount":1,"samplingRate":"16kHz","audioPath":"/Mock/07.ProductionManufacturing/Male/Experienced/ckmk_a_mm_m_e_205099.wav"}}}