{"version":"1.0","dataSet":{"info":{"date":"20230116","occupation":"MM","channel":"MOCK","place":"ONLINE","gender":"MALE","ageRange":"55-","experience":"EXPERIENCED"},"question":{"raw":{"text":"휴식을 취할 때 지원자님은 주로 어떤 일들을 하시나요 또한 왜 그 일을 하는지 이유에 대해서도 함께 말씀해 주시길 바랍니다","wordCount":19},"emotion":[],"intent":[]},"answer":{"raw":{"text":"휴식을 취할 때는 어 주로 어 몸 상태에 에 반응에 많이 에 의지를 합니다. 몸이 그 피곤하고 어 잠이 오게 되면 그대로 어 잠깐이라도 눈을 붙이는 에 그런 행태로 휴식을 취하고 있구요. 어 또는 어 휴식할 때에 몸이 또 운동을 좀 하고 싶다 그러면 에 등산 가까운 한 두 시간 내에 등산도 에 다녀 오구요. 어 저는 일반적으로 휴식을 취할 때는 어 어 그대로 몸이 시키는 대로 합니다. 그래서 지인들과 만나서 그 대화의 에 장을 열 때는 예 가서 즐겁게 대화를 풀다보면 어 몸상태가 아주 좋아지는 느낌이 있습니다. 그래서 몸이 시키는 대로 어 해야 된다. 어 그래서 그 충전의 시간을 가지고 업무에 에 열중 할 수 있다 라고 말씀드리고 싶습니다.","wordCount":110},"emotion":[],"intent":[{"text":"","expression":"","category":"attitude"}],"summary":{"text":"휴식 취할 때는 주로 몸 상태에 반응에 많이 의지합니다. 휴식할 때 잠깐이라도 눈을 붙이는 형태로 휴식을 취하고, 가까운 두 시간 내에 등산도 다녀오며, 지인과 만나 대화를 풀다보면 몸상태가 아주 좋아지는 느낌을 받습니다.","wordCount":32}}},"rawDataInfo":{"question":{"fileFormat":"wav","fileSize":567758,"duration":17740,"samplingBit":16,"channelCount":1,"samplingRate":"16kHz","audioPath":"/Mock/07.ProductionManufacturing/Male/Experienced/ckmk_q_mm_m_e_188348.wav"},"answer":{"fileFormat":"wav","fileSize":2847758,"duration":88990,"samplingBit":16,"channelCount":1,"samplingRate":"16kHz","audioPath":"/Mock/07.ProductionManufacturing/Male/Experienced/ckmk_a_mm_m_e_188348.wav"}}}