{"version":"1.0","dataSet":{"info":{"date":"20230116","occupation":"MM","channel":"MOCK","place":"ONLINE","gender":"MALE","ageRange":"35-44","experience":"EXPERIENCED"},"question":{"raw":{"text":"저희가 팀 작업이 좀 있어서 여쭤보는 건데요 본인은 팀 내에서 남을 잘 이끄는 리더형인지 혹은 팔로워형인지 본인은 어떤 유형이고 이유는 무엇인지 거기에 대해서 설명 한번 부탁드릴게요","wordCount":26},"emotion":[],"intent":[]},"answer":{"raw":{"text":"저는 남을 잘 이끄는 리더 형에 가깝습니다. 엠비티아이로 따지면 이엔에프피라고 하는데요. 가끔 남을 잘 이끄는 리더 형이 가끔 보면 독선적이거나 독단 독단적으로 보이는 독재자로 비춰질 경향이 있습니다. 그래서 저는 이런 모습을 감추고 이런 모습을 내비치지 않기 위해서 항상 리더로서 브레인스토밍을 많이 합니다. 브레인스토밍은 난상 토론이라고 해서 모든 회의에 참가한 사람들에게 좋은 의견이든 나쁜 의견이든 다 받습니다. 왜냐면 사람들이 상하 수직적인 관계에 있으면 의견을 내려고 하기보다는 소극적으로 의견 청취만 하려고 하는데 저 혼자 의견 청취만을 하기보다는 그들에게 좋은 의견을 내라고 하면 제가 뜻하지 않은 솔루션을 그들에게 제공받는 경우들이 많습니다. 그렇게 따라서 좋은 솔루션이 나오면 사람들에게 이제 그때부터 컨센서스 동의를 구합니다. 투표를 통해서 어떤 것이 가장 좋은지 여러분이 생각했을 때 최고의 합리적인 의견이 무엇인지를 물어보면 남을 잘 이끄면서도 남들에게 따르게 할 수 있는 팔로워 형을 둘 다 갖출 수 있었습니다.","wordCount":128},"emotion":[],"intent":[{"text":"","expression":"","category":"attitude"}],"summary":{"text":"저는 남을 잘 이끄는 리더 형에 가깝지만 독선적, 독단적인 독재자로 비춰질 경향이 있어서 리더로서 브레인스토밍을 많이 합니다. 그리고 좋은 솔루션이 나오면 컨센서스 동의를 구합니다. 투표를 통해 최고의 의견을 물어보면 잘 이끄면서도 남들에게 따르게 할 수 있는 팔로워 형을 둘 다 갖출 수 있었습니다.","wordCount":43}}},"rawDataInfo":{"question":{"fileFormat":"wav","fileSize":531278,"duration":16600,"samplingBit":16,"channelCount":1,"samplingRate":"16kHz","audioPath":"/Mock/07.ProductionManufacturing/Male/Experienced/ckmk_q_mm_m_e_164961.wav"},"answer":{"fileFormat":"wav","fileSize":2354638,"duration":73580,"samplingBit":16,"channelCount":1,"samplingRate":"16kHz","audioPath":"/Mock/07.ProductionManufacturing/Male/Experienced/ckmk_a_mm_m_e_164961.wav"}}}