{"version":"1.0","dataSet":{"info":{"date":"20230116","occupation":"MM","channel":"MOCK","place":"ONLINE","gender":"MALE","ageRange":"35-44","experience":"EXPERIENCED"},"question":{"raw":{"text":"업무 중 다른 사람과 분쟁이 있을 시 어떻게 대처할 것인지 본인의 대처 방안에 대해 설명 부탁드립니다","wordCount":16},"emotion":[],"intent":[]},"answer":{"raw":{"text":"회사 생활을 하다 보면 업무의 분쟁은 피할 수 없는 요소들입니다. 업무의 분쟁이 어디서 일어났는지 첫 번째 분석을 먼저 해야 됩니다. 고객과의 업무분쟁인지 아니면 저희의 파트너사 또는 대리점과의 분쟁인지 아니면 타 부서와의 분쟁인지를 먼저 파악합니다. 고객과의 업무 분쟁이 있다면 첫 번째 고객이 원하는 니즈가 무엇인지를 파악합니다. 십 오 퍼센트의 블랙 컨슈모를 제외하고 정상적인 팔십 퍼센트의 고객을 대할 때는 가장 중요한 것이 경청입니다. 그리고 수용의 자세를 가져야 합니다. 그렇다고 말도 안되고 억지를 부리는 고객에게 모든 걸 다 수용할 수는 없기 때문에 그들에게 타협과 합의점을 제시하고 보상안을 마련해 주면 고객과는 어느 정도 협의가 되게 됩니다. 또는 대리점 그리고 부서원들 간의 갈등이 생겼을 때는 그들의 문제점이 무엇인지 어떤 부분에서 분쟁이 생겼는지를 정확히 파악해야 됩니다. 예를 들어서 대리점에서 우리에게 과도한 것을 요구했거나 아니면 우리 본사에서 대리점에게 너무 무 무리한 것을 요구하면 그 가운데인 협의점을 찾아서 이번에는 이렇게 해줄 테니 다음에 조금씩 이렇게 서로 양보하면서 하는 건 어떨까요 라고 제시합니다. 타부서와의 갈등 또한 마찬가지입니다 우리가 한 발 양보해야 그들도 양보하고 그래야 서로에게 시너지가 날 수 있는 업무 분쟁이 나지 않는 것입니다.","wordCount":165},"emotion":[],"intent":[{"text":"","expression":"","category":"attitude"}],"summary":{"text":"업무의 분쟁은 피할 수 없는 요소입니다. 고객과의 업무 분쟁일 경우 고객과의 니즈를 파악해야 합니다. 정상적인 고객에게는 경청과 수용의 자세를 가져야 합니다. 대리점, 부서원들 간의 갈등일 경우 그들의 문제점이 무엇인지 어떤 부분에서 분쟁이 생겼는지를 파악해야 됩니다. 한 발 양보해야 그들도 양보하고 서로에게 시너지가 날 수 있는 업무 분쟁이 나지 않는 것입니다.","wordCount":50}}},"rawDataInfo":{"question":{"fileFormat":"wav","fileSize":339918,"duration":10620,"samplingBit":16,"channelCount":1,"samplingRate":"16kHz","audioPath":"/Mock/07.ProductionManufacturing/Male/Experienced/ckmk_q_mm_m_e_182378.wav"},"answer":{"fileFormat":"wav","fileSize":2764878,"duration":86400,"samplingBit":16,"channelCount":1,"samplingRate":"16kHz","audioPath":"/Mock/07.ProductionManufacturing/Male/Experienced/ckmk_a_mm_m_e_182378.wav"}}}