{"version":"1.0","dataSet":{"info":{"date":"20230116","occupation":"MM","channel":"MOCK","place":"ONLINE","gender":"MALE","ageRange":"55-","experience":"EXPERIENCED"},"question":{"raw":{"text":"살면서 무엇인가에 푹 빠져 몰두해 본 경험이 있으신가요 있다면 그것이 무엇인지 알려주시겠어요","wordCount":12},"emotion":[],"intent":[]},"answer":{"raw":{"text":"인생을 살면서 푹 빠져서 몰두해 본적이 없는 사람이 없을 겁니다. 저도 어 한참 음 에 몇 년간은 골프에 푹 빠져가지고 어 열심히 했던 그런 기억이 납니다. 어 골프를 치면서 라운딩을 어 친구들하고 가면서 어 게임을 하다보면 그 재미에 푹 빠져가지고 어 몰두해 본 적도 있구요. 그다음에 에 제 나름대로는 에 운동을 하게 되면 어 제 건강에 많은 도움이 되지 않을까 싶어서 푹 빠져본 적이 있습니다. 어 모든 일을 할려면은 어 에 건강이 최우선이기 때문에 에 저는 골프에 에 많이 몰두해서 에 빠져서 열심히 했던 것 같구요. 그 시간들이 에 저는 제일 행복했던 시간들이었지 않을까 그 앞으로도 이 몰두는 아니어도 어 많은 시간을 운동에 에 전념할려고 어 노력을 하고 있습니다.","wordCount":109},"emotion":[{"text":"저도 어 한참 음 에 몇 년간은 골프에 푹 빠져가지고 어 열심히 했던 그런 기억이 납니다.","expression":"p-interest","category":"positive"},{"text":"어 골프를 치면서 라운딩을 어 친구들하고 가면서 어 게임을 하다보면 그 재미에 푹 빠져가지고 어 몰두해 본 적도 있구요.","expression":"p-happiness","category":"positive"},{"text":"그다음에 에 제 나름대로는 에 운동을 하게 되면 어 제 건강에 많은 도움이 되지 않을까 싶어서 푹 빠져본 적이 있습니다.","expression":"p-interest","category":"positive"},{"text":"어 모든 일을 할려면은 어 에 건강이 최우선이기 때문에 에 저는 골프에 에 많이 몰두해서 에 빠져서 열심히 했던 것 같구요.","expression":"p-interest","category":"positive"}],"intent":[{"text":"","expression":"","category":"attitude"}],"summary":{"text":"골프에 몰두해 본 적이 있습니다. 친구들끼리 라운딩을 하고 게임을 하는 재미에 빠졌던 적도 있고, 운동하면 건강에 도움이 될 것 같아 빠졌습니다. 앞으로 많은 시간을 운동에 전념할 것 같습니다.","wordCount":28}}},"rawDataInfo":{"question":{"fileFormat":"wav","fileSize":307278,"duration":9600,"samplingBit":16,"channelCount":1,"samplingRate":"16kHz","audioPath":"/Mock/07.ProductionManufacturing/Male/Experienced/ckmk_q_mm_m_e_175011.wav"},"answer":{"fileFormat":"wav","fileSize":2823758,"duration":88240,"samplingBit":16,"channelCount":1,"samplingRate":"16kHz","audioPath":"/Mock/07.ProductionManufacturing/Male/Experienced/ckmk_a_mm_m_e_175011.wav"}}}