{"version":"1.0","dataSet":{"info":{"date":"20230116","occupation":"MM","channel":"MOCK","place":"ONLINE","gender":"MALE","ageRange":"35-44","experience":"EXPERIENCED"},"question":{"raw":{"text":"과거 직면한 어려운 문제를 해결하기 위해 지원자님께서는 어떤 아이디어를 제안하였고 또 제안하였다면 또 무엇을 하셨는지 그 과정을 말씀해 주세요","wordCount":19},"emotion":[],"intent":[]},"answer":{"raw":{"text":"이천 이십 년 이 월 코로나가 창궐할 무렵 대학병원과 영업부에서 이십 억 원 짜리 의료 장비를 두 대 설치하겠다는 계약서를 완료했습니다. 그때는 코로나가 전세계적으로 창궐하던 때라 해외에 있는 엔지니어가 입국해서 장비에 대한 기술 지원 및 설치 지원을 전혀 할 수 없는 상황이었습니다. 하지만 병원은 삼 개월 안에 이십 억 짜리 장비 두 대를 설치 운영 가동 검수까지 마치지 못하면 그 다음날부터 하루에 몇 십만 원씩에 대한 지체 상금을 물겠다 라고 하는 계약서를 들이밀었습니다. 그때 본부장 및 영업 대표 팀장까지 해 해결 방법을 찾지 못해 보상안을 어떻게 마련해야 되는지를 고민하고 있을 때 저는 영화 마스에 한 장면을 착안하여 온라인에 미팅을 연결하여 카메라 이십 대 이상을 연결하여 현장에 있는 엔지니어들이 우리의 나라에 기술 지원을 할 수 있도록 지속적으로 통역 및 기술 미팅을 했었습니다. 그렇게 이 개월 발 동안 하루에 열 여덟 시간씩 장비를 조언을 받으면서 설치하여 현재는 지체 보상금도 물지 않고 이 이십 억이 넘는 장비 두 대를 문제 없이 설치하여 검수까지 마쳐서 사용하고 있는 중입니다.","wordCount":154},"emotion":[{"text":"이천 이십 년 이 월 코로나가 창궐할 무렵 대학병원과 영업부에서 이십 억 원 짜리 의료 장비를 두 대 설치하겠다는 계약서를 완료했습니다.","expression":"u-fact","category":"neutral"}],"intent":[{"text":"이천 이십 년 이 월 코로나가 창궐할 무렵 대학병원과 영업부에서 이십 억 원 짜리 의료 장비를 두 대 설치하겠다는 계약서를 완료했습니다.","expression":"c_private","category":"background"}],"summary":{"text":"대학병원과 영업부에서 이십억 원짜리 의료 장비를 두 대 설치하겠다는 계약서를 완료했습니다. 당시 해외 엔지니어가 입국해서 장비에 대한 기술 지원 및 설치 지원을 할 수 없었지만, 병원은 삼 개월 안에 설치 운영 가동 검수까지 마치지 못하면 지체 상금을 물겠다고 했습니다. 보상안을 어떻게 마련해야 되는지를 고민할 때 영화 마스에 한 장면을 착안하여 온라인 미팅을 연결하여 우리 엔지니어에게 기술 지원을 할 수 있도록 통역 및 기술 미팅을 했었습니다.","wordCount":65}}},"rawDataInfo":{"question":{"fileFormat":"wav","fileSize":519758,"duration":16239,"samplingBit":16,"channelCount":1,"samplingRate":"16kHz","audioPath":"/Mock/07.ProductionManufacturing/Male/Experienced/ckmk_q_mm_m_e_177628.wav"},"answer":{"fileFormat":"wav","fileSize":2682318,"duration":83820,"samplingBit":16,"channelCount":1,"samplingRate":"16kHz","audioPath":"/Mock/07.ProductionManufacturing/Male/Experienced/ckmk_a_mm_m_e_177628.wav"}}}