{"version":"1.0","dataSet":{"info":{"date":"20230116","occupation":"MM","channel":"MOCK","place":"ONLINE","gender":"MALE","ageRange":"55-","experience":"EXPERIENCED"},"question":{"raw":{"text":"과거 직면한 어려운 문제를 해결하기 위해서 어떤 아이디어를 제안을 하였고 그리고 무엇을 하셨는지 과정을 말씀 부탁드립니다","wordCount":16},"emotion":[],"intent":[]},"answer":{"raw":{"text":"어 저는 음 광고홍보학과를 나와 가지고 어 또 광고 회사에 에 직접 제작하는 파트에서 일했던 적이 있습니다. 한 이 년 정도 일을 했는데요. 어 굉장히 큰 어려운 문제가 있었습니다. 저희들이 이 소비자에게 구매를 할 할려면은 소비자의 그 어 또 그 간판을 제작해서 달려면 소비자하고 어 어 또 어 수주를 해서 거기에 따르는 또 간판 사이즈를 잽니다. 그래서 와서 제작을 하고요. 다음에 그것을 제작해서 허가 냈고 어 또 그 현장에 가서 다르는데요. 그 다는 과정에서 어 사이즈를 잘못 어 재 가지고 너무 컸던 기억이 납니다. 서 그걸 커 커서 그걸 재차 아 또 바로 현장에서 음 그것을 다시 재서 어 그 사이즈에 맞게끌음 어 또 그 현장에서 절단해서 다시 이 또 그대로 올렸던 어 그런 기억이 납니다. 이게 회사로 가서 왔다갔다 하면 시간도 문제고 또 모든 일이 진행이 안 되기 때문에 에 또 그런 음 또 과거으 그런 문제 해결했던 어 생각이 납니다.","wordCount":142},"emotion":[{"text":"어 저는 음 광고홍보학과를 나와 가지고 어 또 광고 회사에 에 직접 제작하는 파트에서 일했던 적이 있습니다.","expression":"u-fact","category":"neutral"}],"intent":[{"text":"어 저는 음 광고홍보학과를 나와 가지고 어 또 광고 회사에 에 직접 제작하는 파트에서 일했던 적이 있습니다.","expression":"c_private","category":"background"}],"summary":{"text":"광고홍보학과를 나와 광고 회사에 직접 제작 파트에서 일했던 적이 있습니다. 소비자에게 구매를 할 하려면 소비자와 수주를 해서 간판 사이즈를 잽니다. 현장에서 사이즈를 잘못 재서 그것을 현장에서 절단해서 그대로 올렸던 기억이 납니다. 모든 일이 잘 안 되기 때문에 그 문제를 해결했던 생각이 납니다.","wordCount":42}}},"rawDataInfo":{"question":{"fileFormat":"wav","fileSize":457998,"duration":14310,"samplingBit":16,"channelCount":1,"samplingRate":"16kHz","audioPath":"/Mock/07.ProductionManufacturing/Male/Experienced/ckmk_q_mm_m_e_237565.wav"},"answer":{"fileFormat":"wav","fileSize":3345998,"duration":104560,"samplingBit":16,"channelCount":1,"samplingRate":"16kHz","audioPath":"/Mock/07.ProductionManufacturing/Male/Experienced/ckmk_a_mm_m_e_237565.wav"}}}