{"version":"1.0","dataSet":{"info":{"date":"20230116","occupation":"MM","channel":"MOCK","place":"ONLINE","gender":"MALE","ageRange":"35-44","experience":"EXPERIENCED"},"question":{"raw":{"text":"지원자분이 과거에 자동차 정비사로 일하면서 성공적으로 고객이 정비 관련 이슈를 해결해 본 경험에 대해서 저한테 말씀해 주실 수 있나요","wordCount":19},"emotion":[],"intent":[]},"answer":{"raw":{"text":"육 년 전에 스페인에 있는 엑스레이 장비를 수입했을 때 일입니다. 한 대당 일억 팔천 이 넘는 장비인데 두 대가 들어오자마자 한 대는 이상하리 만치 엑스레이 촬영이 안 됐습니다. 그런데 저희가 방문했을 때는 잘 되다가 담당자들이 촬영했을 때는 엑스레이가 나오지 않는 특이한 현상이었습니다. 이게 아예 처음부터 안 나오면 완벽하게 고장이라고 생각할 텐데 저희가 할 때는 잘 되고 사용자들이 했을 땐 나오지 않아 꼭 귀신이 곡할 노릇 같이 거짓말을 하는 것 같았습니다. 그래서 고객이 엄청난 컴플레인으로 이 장비 못 쓰겠다 전부 다 반품시켜라 라고 해서 일 억 팔천 짜리 장비를 고스란히 반품을 하게끔 된 상황이 있었습니다. 그때 제가 삼 박 사 일 동안 그 장비를 계속적으로 고객하고 움직이면서 어떻게 문제인지 지속적으로 데이터를 수집했더니 삼 박 사 일 맨 마지막 날 외국의 본사에 보 리포트 하기 전에 거기서 심각한 결함을 발견했습니다. 즉 단선이 됐다 안됐다 하는 아주 쉬운 문제지만 찾기 어려운 문제가 발견됐고 그걸로 인하여 단선된 시스템을 완전히 다 뜯어 고쳐서 제가 전부 다 납땜을 함으로써 이제는 단선이 안 이루어져서 엑스레이가 완벽하게 나오는 시스템으로 고쳤던 기억이 있습니다. 실제 어려운 일이 아니었지만 그것을 발견하기까지는 엄청난 어려운 일이었던 것이었습니다.","wordCount":174},"emotion":[],"intent":[{"text":"그때 제가 삼 박 사 일 동안 그 장비를 계속적으로 고객하고 움직이면서 어떻게 문제인지   지속적으로 데이터를 수집했더니 삼 박 사 일 맨 마지막 날 외국의 본사에 보 리포트 하기 전에 거기서 심각한 결함을 발견했습니다.","expression":"f_equip","category":"technology"},{"text":"즉 단선이 됐다 안됐다 하는 아주 쉬운 문제지만 찾기 어려운 문제가 발견됐고 그걸로 인하여 단선된 시스템을 완전히 다 뜯어 고쳐서   제가 전부 다 납땜을 함으로써 이제는 단선이 안 이루어져서 엑스레이가 완벽하게 나오는 시스템으로   고쳤던 기억이 있습니다.","expression":"f_equip","category":"technology"}],"summary":{"text":"스페인에 있는 엑스레이 장비를 수입했을 때, 담당자들이 촬영했을 때는 엑스레이가 나오지 않는 현상이었습니다. 그래서 고객이 컴플레인으로 전부 다 반품하라 하여 일 억 팔천짜리 장비를 고스란히 반품하게 되었습니다. 그 장비를 계속적으로 고객하고 움직이며 지속적으로 데이터를 수집했더니 심각한 결함을 발견하여 단선된 시스템을 완전히 다 뜯어 고쳐서 완벽하게 나오는 시스템으로 고쳤었습니다.","wordCount":48}}},"rawDataInfo":{"question":{"fileFormat":"wav","fileSize":337998,"duration":10560,"samplingBit":16,"channelCount":1,"samplingRate":"16kHz","audioPath":"/Mock/07.ProductionManufacturing/Male/Experienced/ckmk_q_mm_m_e_167082.wav"},"answer":{"fileFormat":"wav","fileSize":2768718,"duration":86520,"samplingBit":16,"channelCount":1,"samplingRate":"16kHz","audioPath":"/Mock/07.ProductionManufacturing/Male/Experienced/ckmk_a_mm_m_e_167082.wav"}}}