{"version":"1.0","dataSet":{"info":{"date":"20230116","occupation":"MM","channel":"MOCK","place":"ONLINE","gender":"MALE","ageRange":"55-","experience":"EXPERIENCED"},"question":{"raw":{"text":"지원자님께서 생각하는 남들과는 다른 자신만의 경쟁력을 말씀해 주세요 그리고 그 경쟁력을 키우기 위해서 어떤 노력을 했는지도 말씀해 주세요","wordCount":18},"emotion":[],"intent":[]},"answer":{"raw":{"text":"개인적으로 어 많이 이 자신만의 경쟁력을 만들려고 노력을 하고 있습니다. 그 경쟁력을 키우기 위햐서는 어 내 경쟁력이 으디에 있는지를 이제 생각해야 될 것 같습니다. 저의 최고 장점을 살려서 어 경쟁력을 어 높여야 되는데요. 저의 경쟁력은 어 성실함 아 그리고 상대방에게 에 이쁜 말투로 어 접근한다는 것이 큰 경쟁력이라고 생각을 합니다. 그 경쟁력을 키우기 위해서는 어 많은 공부가 필요합니다. 그리고 상대방을 생각하는 그런 마음도 필요하고 또 따라서 봉사하는 마음이 굉장히 가슴 속에 들어있어야 그 이게 나오지 않을까 싶습니다. 평생에 에 살아오면서 남에게 에 해하지 않고 어 또 나쁜 말로 괜히 이 심성을 건드리는 그런 일들을 안 해왔기 때문에 그게 최고 장점이자 경쟁력이지 않을까 이렇게 생각을 해보구요. 앞으로도 또 그 경쟁력을 위해서 최선의 노력을 다하겠습니다.","wordCount":113},"emotion":[],"intent":[{"text":"","expression":"","category":"attitude"}],"summary":{"text":"자신의 최고 장점을 살려서 경쟁력을 높여야 하는데, 성실함과 상대방에게 예쁜 말투로 접근한다는 것이 큰 경쟁력이라고 생각합니다. 또한 남을 생각하는 마음, 봉사하는 마음이 굉장히 가슴 속에 들어있어야 합니다. 앞으로도 그 경쟁력을 위해서 최선의 노력을 다하겠습니다.","wordCount":34}}},"rawDataInfo":{"question":{"fileFormat":"wav","fileSize":409998,"duration":12810,"samplingBit":16,"channelCount":1,"samplingRate":"16kHz","audioPath":"/Mock/07.ProductionManufacturing/Male/Experienced/ckmk_q_mm_m_e_176068.wav"},"answer":{"fileFormat":"wav","fileSize":2865038,"duration":89530,"samplingBit":16,"channelCount":1,"samplingRate":"16kHz","audioPath":"/Mock/07.ProductionManufacturing/Male/Experienced/ckmk_a_mm_m_e_176068.wav"}}}