{"version":"1.0","dataSet":{"info":{"date":"20230116","occupation":"MM","channel":"MOCK","place":"ONLINE","gender":"MALE","ageRange":"45-54","experience":"EXPERIENCED"},"question":{"raw":{"text":"지원자님께서는 이 분야에 지원하시기 위해서 어떤 노력을 해 오셨나요 어 지금 생각나는 대로 말씀 부탁드리겠습니다","wordCount":15},"emotion":[],"intent":[]},"answer":{"raw":{"text":"저는 제가 지원한 이 분야에 도전을 하기 위해서 꽤 오랫동안 스스로 준비를 해왔습니다. 어 제가 지원한 이 직무에 필요한 자격증을 따기 위해서 약 이 년 동안 공부해 왔고 어 최근에 이 두 개의 자격증을 취득한 바가 있습니다. 또한 현장 경험을 쌓고자 인턴 생활도 어 약 한 육 개월 정도 어 경험을 해 봤습니다. 저는 인턴 생활을 하면서 이 일이 정말 저한테 맞는지 어 혹시래도 어 제가 생각하는 것과 다른 것은 없는지에 대해서 어 검토를 할 수 있는 시간이었고 제 나름의 판단은 이것은 제 적성에 맞고 제가 정말 어 목표를 두고 한번 제 인생을 걸어볼 만한 일이라는 확신을 가질 수 있었습니다. 어 인턴 생활을 하면서 저를 지도해 주신 분이 계셨는데 그분의 평가로도 저는 꽤 이쪽에 소질이 있다고 어 말씀을 들었습니다. 저는 그 회사에 인턴을 마치고 그 회사에 입사를 제의 받기도 했지만 저는 제가 목표한 회사가 당 회사이기 때문에 어 저는 그것에 과감하게 물리치고 지금 이 자리에서 면접을 보고 있는 것입니다. 저는 나름의 이 업무에 종사할 마음의 준비와 어 저 스스로의 능력을 갖추고 있다고 생각합니다.","wordCount":163},"emotion":[{"text":"어 제가 지원한 이 직무에 필요한 자격증을 따기 위해서 약 이 년 동안 공부해 왔고   어 최근에 이 두 개의 자격증을 취득한 바가 있습니다.","expression":"u-fact","category":"neutral"},{"text":"또한 현장 경험을 쌓고자 인턴 생활도   어 약 한 육 개월 정도 어 경험을 해 봤습니다.","expression":"u-fact","category":"neutral"}],"intent":[{"text":"","expression":"","category":"attitude"}],"summary":{"text":"저는 이 분야에 도전을 하기 위해 꽤 오랫동안 스스로 준비를 해왔습니다. 인턴 생활을 하면서 이 일이 정말 저한테 맞는지 혹시래도 제가 생각하는 것과 다른 것은 없는지 검토해 볼 수 있었고 제 나름의 판단은 제 적성에 맞고 제가 정말 제 인생을 걸어볼 만한 일이라는 확신을 가질 수 있었습니다. 저는 나름의 이 업무에 종사할 마음의 준비와 저 스스로의 능력을 갖추고 있다고 생각합니다.","wordCount":60}}},"rawDataInfo":{"question":{"fileFormat":"wav","fileSize":439118,"duration":13720,"samplingBit":16,"channelCount":1,"samplingRate":"16kHz","audioPath":"/Mock/07.ProductionManufacturing/Male/Experienced/ckmk_q_mm_m_e_161358.wav"},"answer":{"fileFormat":"wav","fileSize":2606798,"duration":81460,"samplingBit":16,"channelCount":1,"samplingRate":"16kHz","audioPath":"/Mock/07.ProductionManufacturing/Male/Experienced/ckmk_a_mm_m_e_161358.wav"}}}