{"version":"1.0","dataSet":{"info":{"date":"20230116","occupation":"MM","channel":"MOCK","place":"ONLINE","gender":"MALE","ageRange":"55-","experience":"EXPERIENCED"},"question":{"raw":{"text":"지원자님께서는 만약 일을 하던 중 직무가 적성에 맞지 않는다면 어떻게 하시겠습니까 상황을 가정하고 말씀해 주세요","wordCount":15},"emotion":[],"intent":[]},"answer":{"raw":{"text":"만약 일을 하다 보면 직무가 적성에 맞지 않는 분들이 많이 있을 겁니다. 어 그러게 되면 어 억지로 하는 사람도 있고 아니면 다른 부서를 어 다른 직무를 원하는 사람도 있을 건데요. 저는 적성에 맞지 않는다면 어 다른 직무 내 적성에 맞는 직무로 어 바꿔야 된다고 생각을 합니다. 어 직무가 맞지 않는데 거기서 어 예름들어 음 발전도 안되거니와 어 주변 팀원들에게 에 굉장히 누가 될 것 같습니다. 그래서 상사분하고 또 어 이야기를 해보고 어 또 적성에 에 전혀 맞지 않는다면 다른 부서로 어 옮겨서 직무를 수행하는 게 맞다고 생각합니다. 어 직무가 적성에 맞지 않으면 일도 하기도 싫고 또 스트레스도 많이 쌓입니다. 그러다 보면 괜히 직장 동료와의 갈등이 많이 생길 것 같습니다. 그 저는 어 상사 분하고 이야기를 해서 어 직무가 어 적성에 안 맞는다면 어 조건 없이 다른 직무를 어 선택하는 게 맞다고 생각을 합니다.","wordCount":133},"emotion":[],"intent":[{"text":"","expression":"","category":"attitude"}],"summary":{"text":"일을 하다 보면 적성에 맞지 않는 사람들이 많이 있는데, 저는 적성에 안 맞다면 적성에 맞는 직무로 바꿔야 한다고 생각합니다. 상사분하고 이야기를 해서 조건 없이 다른 직무를 선택하는 게 맞다고 생각을 합니다.","wordCount":31}}},"rawDataInfo":{"question":{"fileFormat":"wav","fileSize":606798,"duration":18960,"samplingBit":16,"channelCount":1,"samplingRate":"16kHz","audioPath":"/Mock/07.ProductionManufacturing/Male/Experienced/ckmk_q_mm_m_e_175283.wav"},"answer":{"fileFormat":"wav","fileSize":2811598,"duration":87860,"samplingBit":16,"channelCount":1,"samplingRate":"16kHz","audioPath":"/Mock/07.ProductionManufacturing/Male/Experienced/ckmk_a_mm_m_e_175283.wav"}}}