{"version":"1.0","dataSet":{"info":{"date":"20230116","occupation":"MM","channel":"MOCK","place":"ONLINE","gender":"MALE","ageRange":"35-44","experience":"EXPERIENCED"},"question":{"raw":{"text":"지원자께서 만약 지금 지원하신 직무가 아니라 다른 부서에 배치가 된다면은 어떻게 하실 건지 궁금합니다 그래도 괜찮으실까요","wordCount":16},"emotion":[],"intent":[]},"answer":{"raw":{"text":"직무가 달라도 현재 제가 이 회사가 좋아서 지원한 부분도 있기 때문에 일단 새로운 부서에서 열심히 일을 하겠습니다. 육 개월에서 일 년 정도 해보면 제가 원하지 않는 부서에서 저 자신의 적성을 찾을 수 있거나 아니면 이 분야에서 전문성을 띨 수 있다고 생각합니다. 육 개월에서 일 년 정도 하다 보면 이 분야에 녹아들어서 제가 어떤 게 부족하고 어떤 거에 더 잘 할 수 있는지를 확인하고 일 년 정도 지났지만 그래도 이 업무가 죽어도 맞지 않는다 하면 부서장 및 대표 이사에게 보직 전환을 요청 드릴 것입니다. 대표님 지금 제가 원하지 않는 부서에서 일 년 동안 해봤습니다. 그런데 저에게는 전문성도 생겼고 성과도 냈지만 도저히 저와의 적성과는 맞지 않는데 저 같은 인재가 혹시라도 이 부서에서 계속 일을 하는 것보다는 다른 부서에 원래 대 대로 배치가 된다면 제가 조금 더 좋은 성과를 낼 것 같은데 어떻게 생각하시는지요. 그렇게 해서 부서장이나 대표님이 부서 배치를 전환을 시켜 주신다면 계속 다닐 것이고 그렇지 않다고 그러면 과감하게 퇴사를 준비하겠습니다.","wordCount":149},"emotion":[],"intent":[{"text":"","expression":"","category":"attitude"}],"summary":{"text":"일단 새로운 부서에서 열심히 일하겠습니다. 육 개월에서 일 년 정도 하다 보면 저 자신의 적성을 찾고 전문성을 띨 수 있다고 생각합니다. 그렇게 해서 부서장이나 대표님이 부서 배치를 전환해 주신다면 계속 다닐 것이고 그렇지 않으면 과감하게 퇴사하겠습니다.","wordCount":36}}},"rawDataInfo":{"question":{"fileFormat":"wav","fileSize":467278,"duration":14600,"samplingBit":16,"channelCount":1,"samplingRate":"16kHz","audioPath":"/Mock/07.ProductionManufacturing/Male/Experienced/ckmk_q_mm_m_e_169531.wav"},"answer":{"fileFormat":"wav","fileSize":2369678,"duration":74050,"samplingBit":16,"channelCount":1,"samplingRate":"16kHz","audioPath":"/Mock/07.ProductionManufacturing/Male/Experienced/ckmk_a_mm_m_e_169531.wav"}}}