{"version":"1.0","dataSet":{"info":{"date":"20230116","occupation":"MM","channel":"MOCK","place":"ONLINE","gender":"MALE","ageRange":"55-","experience":"EXPERIENCED"},"question":{"raw":{"text":"네 혹시 요즘에 공부하고 있는 것이 있는지요 어 있다면 어떤 공부를 하고 계시는지 또 왜 그걸 공부하는지 그리고 그것을 통해서 지금까지 무엇을 배웠는지도 함께 말씀해 주시면 좋겠습니다","wordCount":27},"emotion":[],"intent":[]},"answer":{"raw":{"text":"공부는 끝이 없다고 생각을 합니다. 어 그래서 역사 공부 또는 어 개인적인 전문 분야 공부도 많이 하고 있는데요. 이제는 시대가 어 글로벌 시대이어서 영어가 풀수 필수입니다. 어 세계 에 공통의 영어 공부를 하고 있습니다. 어 어 기초적인 것부터 배워왔지만 지금은 많은 발전을 했구요. 어 에 스터디라는 이것을 이용해서 에 사람들과 소통하면서 영어 공부를 많이 하고 있습니다. 굉장히 짧은 음 언어이지만 하나하나 어 배워 나가는 데 중점을 두고 단어도 외우고 어 열심히 하고 있구요. 어 영어를 하다보면 살아있는 느낌입니다. 전 세계를 내 품에 품는 그런 꿈도 꾸어보고요. 어 또 전 세계를 여행할 수 있는 그런 꿈도 꾸어보고 해서 굉장히 힐링되고 행복한 어 언어이지 않을까 생각을 하고 있구요. 앞으로도 열심히 할려고 노력 하겠습니다.","wordCount":111},"emotion":[],"intent":[{"text":"","expression":"","category":"attitude"}],"summary":{"text":"글로벌 시대에서 영어는 필수입니다. 기초부터 배워왔지만 스터디를 이용해 사람들과 소통하며 영어 공부를 하고 있습니다. 영어를 하다보면 전 세계를 제 품에 품는 듯한 느낌을 받으며 힐링되고 행복한 언어라고 생각합니다.","wordCount":28}}},"rawDataInfo":{"question":{"fileFormat":"wav","fileSize":554318,"duration":17320,"samplingBit":16,"channelCount":1,"samplingRate":"16kHz","audioPath":"/Mock/07.ProductionManufacturing/Male/Experienced/ckmk_q_mm_m_e_175489.wav"},"answer":{"fileFormat":"wav","fileSize":2813838,"duration":87930,"samplingBit":16,"channelCount":1,"samplingRate":"16kHz","audioPath":"/Mock/07.ProductionManufacturing/Male/Experienced/ckmk_a_mm_m_e_175489.wav"}}}