{"version":"1.0","dataSet":{"info":{"date":"20230116","occupation":"MM","channel":"MOCK","place":"ONLINE","gender":"MALE","ageRange":"55-","experience":"EXPERIENCED"},"question":{"raw":{"text":"지원자님께서 생각하시기에 자신의 노년은 어떤 모습이언 있으면 좋겠습니까 지원장님이 이상적인 노년의 모습은 어떻게 되는지 말씀과 설명 부탁드립니다","wordCount":17},"emotion":[],"intent":[]},"answer":{"raw":{"text":"이제 에 우리 나라도 노년기에 접어 들었는데요. 저도 어 이제 그런 노년이 오지 않겠습니까. 그래서 노년의 모습을 저한테 에 문의하셨는데요. 어 노년은 아주 어 긍정적이고 행복한 삶이지 않을까. 늙어서 어 죽기를 기다리는 것보다는 항상 움직이는 그런 노면이 될 것 같구요. 어 지금도 어 굉장히 건강에 신경을 쓰고 또 지금 현 상태는 건강한 상태입니다. 그러나 어 이 건강이라는 게 언제 또 악화될지 몰라서 항상 어 움직이는 어 그런 어 음 하는 사람이 되고 있고요. 어 이렇게 에 에 모든 게 갖춰져 있기 때문에 에 또 어 운동만 열심히 해서 꾸준한 삶을 살다 보면 어 긍정적인 노년이 오지 않을까 어 죽음을 기다리는 노년보다는 어 또 다시 재차 음 탄생하는 그런 노년을 맞을 것 같습니다.","wordCount":112},"emotion":[],"intent":[{"text":"","expression":"","category":"attitude"}],"summary":{"text":"노년은 긍정적이고 행복한 삶이지 않을까 싶습니다. 지금도 건강에 신경을 쓰고 있지만 언제 또 악화될지 몰라서 항상 움직이는 사람이 되고 있습니다. 운동만 열심히 하면 긍정적인 노년이 올 것 같습니다.","wordCount":28}}},"rawDataInfo":{"question":{"fileFormat":"wav","fileSize":448078,"duration":14000,"samplingBit":16,"channelCount":1,"samplingRate":"16kHz","audioPath":"/Mock/07.ProductionManufacturing/Male/Experienced/ckmk_q_mm_m_e_188352.wav"},"answer":{"fileFormat":"wav","fileSize":2783438,"duration":86980,"samplingBit":16,"channelCount":1,"samplingRate":"16kHz","audioPath":"/Mock/07.ProductionManufacturing/Male/Experienced/ckmk_a_mm_m_e_188352.wav"}}}