{"version":"1.0","dataSet":{"info":{"date":"20230116","occupation":"MM","channel":"MOCK","place":"ONLINE","gender":"MALE","ageRange":"55-","experience":"EXPERIENCED"},"question":{"raw":{"text":"귀하께서 알고 계신 차단기에 대해서 말씀해 주세요","wordCount":7},"emotion":[],"intent":[]},"answer":{"raw":{"text":"차단기라는 것은 어 굉장히 중요한 거죠. 어 어 실제적으로 어 모든 어 어 위험 요소를 제어해 주는 게 차단기라고 생각을 합니다. 차단기가 없으면은 어 사건 사고가 아마 아 백 배 이백 배 이렇게 나타나 날 거라고 생각을 하고요. 차단기 역할은 정말 위험을 에 그거부터 어 아마 차단해 주는 그런 역할이 차단기의 역할이라고 생각을 합니다. 가깝게는 우리가 전기 사용을 많이 하고 가정의 전기를 사용하는데요. 어 거기에 따르는 어 부수적인 어 우리가 어 천장에 등도 있고 소켓트도 있고 그러는데 그런 부분에서 사용하다가 많이 접해 볼 봤을 거로 생각을 합니다. 그 그 기능을 우리는 항상 고맙게 생각을 하고 사용을 하고 있는데요. 그 차단기가 없으면 어떻게 할까 라는 그런 걱정도 많이 해 봅니다. 그래서 차단기의 역할은 어 위험 요소에서 어 굉장히 우리를 보호해주는 어 중추적인 역할을 하고 있다고 말씀을 드릴 수가 있습니다.","wordCount":128},"emotion":[{"text":"그 그 기능을 우리는 항상 고맙게 생각을 하고 사용을 하고 있는데요.","expression":"p-gratitude","category":"positive"},{"text":"그 차단기가 없으면 어떻게 할까 라는 그런 걱정도 많이 해 봅니다.","expression":"n-anxiety","category":"negative"}],"intent":[{"text":"","expression":"","category":"attitude"}],"summary":{"text":"차단기는 실제적으로 모든 위험 요소를 제어할 수 있는 중추적인 역할을 합니다. 차단기가 없으면 사건 사고가 백 배 이백 배 많아질 것이라고 생각을 하며, 차단기의 역할은 위험 요소에서 우리를 굉장히 보호해줄 수 있습니다.","wordCount":32}}},"rawDataInfo":{"question":{"fileFormat":"wav","fileSize":239438,"duration":7480,"samplingBit":16,"channelCount":1,"samplingRate":"16kHz","audioPath":"/Mock/07.ProductionManufacturing/Male/Experienced/ckmk_q_mm_m_e_176841.wav"},"answer":{"fileFormat":"wav","fileSize":2890958,"duration":90340,"samplingBit":16,"channelCount":1,"samplingRate":"16kHz","audioPath":"/Mock/07.ProductionManufacturing/Male/Experienced/ckmk_a_mm_m_e_176841.wav"}}}