{"version":"1.0","dataSet":{"info":{"date":"20230116","occupation":"MM","channel":"MOCK","place":"ONLINE","gender":"MALE","ageRange":"55-","experience":"EXPERIENCED"},"question":{"raw":{"text":"본인이 입사를 하고 나서 기존에 원하던 일을 못 하게 되었어요 어 그러면 어떻게 하시겠습니까 그리고 그렇게 할 이유도 말씀해 주시기 바랍니다","wordCount":21},"emotion":[],"intent":[]},"answer":{"raw":{"text":"우리가 입사를 하게 되면 제가 어 기존에 원하던 일을 못하게 될 때가 많이 있을 겁니다. 그 경험상으로는 아 그런 일들이 이거 음 꾸준히 발생이 된다고 할 수 있겠죠. 그러나 저는 어 기존에 원하던 어 일을 못하게 되더라도 또 회사 방침을 굉장히 따르려고 하는 그런 입장이기 때문에 에 저는 에 못하게 되었을 때도 다른 또 어 원하던 업무를 또 잘 수행을 해서 어 또 회사에 도움을 주는 그런 회사원이 되겠구요. 또 원하던 일을 하지 못하더라도 뭐 또 뒤에 가서 에 일을 하다보면 또 자신감과 어 긍지를 에 터득할 수 있기 때문에 에 저는 에 새로운 것에 도전하는 입장이라 생각을 하고 어 열심히 그 그 그에 충실할 자신이 있습니다.","wordCount":107},"emotion":[],"intent":[{"text":"","expression":"","category":"attitude"}],"summary":{"text":"입사를 하게 되면 기존에 원하던 일을 못하게 될 때가 많이 있을 것입니다. 그러나 회사 방침을 따르기 때문에 그 때도 회사에 도움을 주는 회사원이 되겠습니다. 또 일을 하다보면 자신감과 긍지를 얻을 수 있기 때문에 열심히 할 자신이 있습니다.","wordCount":37}}},"rawDataInfo":{"question":{"fileFormat":"wav","fileSize":500238,"duration":15630,"samplingBit":16,"channelCount":1,"samplingRate":"16kHz","audioPath":"/Mock/07.ProductionManufacturing/Male/Experienced/ckmk_q_mm_m_e_188375.wav"},"answer":{"fileFormat":"wav","fileSize":2778958,"duration":86840,"samplingBit":16,"channelCount":1,"samplingRate":"16kHz","audioPath":"/Mock/07.ProductionManufacturing/Male/Experienced/ckmk_a_mm_m_e_188375.wav"}}}