{"version":"1.0","dataSet":{"info":{"date":"20230116","occupation":"MM","channel":"MOCK","place":"ONLINE","gender":"MALE","ageRange":"-34","experience":"EXPERIENCED"},"question":{"raw":{"text":"지금 본인이 내일 죽는다는 사실을 알게 된다면 당장 무엇을 하실 건가요 먼저 이 면접은 끝까지 보고 나서 나갈 건가요","wordCount":19},"emotion":[],"intent":[]},"answer":{"raw":{"text":"진 내일 죽는다는 사실을 안다면 아마 이 면접을 보지 않겠죠. 내일 바로 죽는데 하지만 또 어떻게 생각해 보면 지금 이 시간에 이것을 보는 거는 지금 이 시간에만 가능한 거잖아요. 그렇기 때문에 면접을 볼 수도 있을 것 같다는 생각이 잠깐 들긴 하네요. 아마 그리고 지금 당장 가장 사랑하는 사람에게 가서 같이 시간을 보내자고 얘기를 할 거 같습니다. 그 전까지 삶은 분명히 어 어떤 일을 하고 있었을 거고 그 중요한 사람에게는 시간을 못 쓰는 일들이 많았었을 거라고 생각을 하기 때문에 아마도 내 죽는다면 내 삶을 좀 돌아보고 또 그렇게 되면 아마 분명히 제가 가야 할 곳은 스스로 먼저 알고 표현해야 할 것과 행동해야 할 것을 알지 않을까 생각합니다.","wordCount":106},"emotion":[],"intent":[{"text":"","expression":"","category":"attitude"}],"summary":{"text":"면접을 볼 수도 있을 것 같다는 생각이 듭니다. 당장 가장 사랑하는 사람에게 가서 같이 시간을 보내자고 말할 것 같습니다. 제가 죽는다면 내 삶을 좀 돌아보고, 그렇게 되면 스스로 알고 표현해야 할 것과 행동해야 할 것을 알지 않을까 생각합니다.","wordCount":38}}},"rawDataInfo":{"question":{"fileFormat":"wav","fileSize":621518,"duration":19420,"samplingBit":16,"channelCount":1,"samplingRate":"16kHz","audioPath":"/Mock/07.ProductionManufacturing/Male/Experienced/ckmk_q_mm_m_e_287757.wav"},"answer":{"fileFormat":"wav","fileSize":2355278,"duration":73600,"samplingBit":16,"channelCount":1,"samplingRate":"16kHz","audioPath":"/Mock/07.ProductionManufacturing/Male/Experienced/ckmk_a_mm_m_e_287757.wav"}}}