{"version":"1.0","dataSet":{"info":{"date":"20230116","occupation":"MM","channel":"MOCK","place":"ONLINE","gender":"MALE","ageRange":"35-44","experience":"EXPERIENCED"},"question":{"raw":{"text":"교대 근무 형태에 있어서 본인이 생각하는 가장 성산적인 것이 무엇인지요 그 근거를 들어서 설명해 보시겠습니까","wordCount":15},"emotion":[],"intent":[]},"answer":{"raw":{"text":"생산적인 교대 형태는 삼 교대가 아닌 사 교댑니다. 사람들이 생각했을 때 우리의 근무 시간은 여덟 시간 밥 먹는 시간까지 하면 아홉 시간이니까 삼 교대로 해서 아홉 시간 아홉 시간 아홉 시간 한 시간 교대 근무 시간으로 중첩되면 가장 좋을 것이라고 생각하는데 실제적으로 생산 현장에서 그거는 불가능합니다. 왜냐면 사람들은 이십 사 시간 근무 형태를 하다 보면 원래 자야 할 시간에 잠을 잘 수 없기 때문에 굉장히 피로함을 많이 느낍니다. 그래서 시프트 근무 정상적인 주간 근무 한 팀을 빼고 나머지 두 팀은 항상 피로 만성 피로와 불면증에 시달릴 수 밖에 없기 때문에 두 팀은 주간 교대를 하고 두 팀은 야간 근무를 하되 그들에게는 주간 근무의 생산성을 요구해서는 안 된다는 것입니다. 처음에는 인건비 때문에 많은 부분이 회사에 부담이 될 수 있지만 실제적으로 사 교대 근무를 시켜보면 육 개월 후 일 년 후에는 엄청난 생산량과 사람들의 만족도 또는 퇴사율이 낮아진다 라는 결과치가 있습니다. 이십 사 시간 근무를 할 때 여덟 시간씩 때로는 한 팀은 완전히 푹 쉬거나 한 팀은 업무 시간에 쪼금 더 쉴 수 있는 시간을 많이 줌으로써 사람들이 자야 할 시간에 잠을 보충할 수 있는 것을 제공하는 것도 좋은 방법이라고 생각합니다.","wordCount":179},"emotion":[],"intent":[{"text":"생산적인 교대 형태는 삼 교대가 아닌 사 교댑니다.","expression":"f_shift","category":"technology"},{"text":"사람들이 생각했을 때 우리의 근무 시간은 여덟 시간   밥 먹는 시간까지 하면 아홉 시간이니까 삼 교대로 해서 아홉 시간 아홉 시간 아홉 시간 한 시간 교대 근무 시간으로 중첩되면 가장 좋을 것이라고 생각하는데 실제적으로   생산 현장에서 그거는 불가능합니다.","expression":"f_shift","category":"technology"},{"text":"왜냐면 사람들은 이십 사 시간 근무 형태를 하다 보면 원래 자야 할 시간에 잠을 잘 수 없기 때문에 굉장히 피로함을 많이 느낍니다.","expression":"f_shift","category":"technology"},{"text":"그래서 시프트 근무 정상적인 주간 근무 한 팀을 빼고 나머지 두 팀은 항상   피로 만성 피로와 불면증에 시달릴 수 밖에 없기 때문에 두 팀은 주간 교대를 하고 두 팀은 야간 근무를 하되 그들에게는 주간 근무의 생산성을 요구해서는 안 된다는 것입니다.","expression":"f_shift","category":"technology"},{"text":"처음에는 인건비 때문에 많은 부분이 회사에 부담이 될 수 있지만 실제적으로   사 교대 근무를 시켜보면 육 개월 후 일 년 후에는 엄청난 생산량과 사람들의 만족도 또는 퇴사율이 낮아진다 라는 결과치가 있습니다.","expression":"f_shift","category":"technology"},{"text":"이십 사 시간 근무를 할 때   여덟 시간씩 때로는 한 팀은 완전히 푹 쉬거나 한 팀은 업무 시간에 쪼금 더 쉴 수 있는 시간을 많이 줌으로써 사람들이 자야 할 시간에 잠을 보충할 수 있는 것을 제공하는 것도 좋은 방법이라고 생각합니다.","expression":"f_shift","category":"technology"}],"summary":{"text":"생산적인 교대 형태는 사 교대입니다. 사람들은 원래 자야 할 시간에 잠을 잘 수 없기 때문에 굉장히 피로합니다. 그래서 두 팀은 주간 교대를 하고 두 팀은 야간 근무를 하되 그들에게 주간 근무의 생산성을 요구해서는 안 됩니다. 사 교대 근무를 시켜보면 육 개월 후 일 년 후에는 엄청난 생산량과 사람들의 만족도 또는 퇴사율이 낮아진다라는 결과치가 있습니다.","wordCount":54}}},"rawDataInfo":{"question":{"fileFormat":"wav","fileSize":597838,"duration":18680,"samplingBit":16,"channelCount":1,"samplingRate":"16kHz","audioPath":"/Mock/07.ProductionManufacturing/Male/Experienced/ckmk_q_mm_m_e_164962.wav"},"answer":{"fileFormat":"wav","fileSize":2752718,"duration":86020,"samplingBit":16,"channelCount":1,"samplingRate":"16kHz","audioPath":"/Mock/07.ProductionManufacturing/Male/Experienced/ckmk_a_mm_m_e_164962.wav"}}}