{"version":"1.0","dataSet":{"info":{"date":"20230116","occupation":"MM","channel":"MOCK","place":"ONLINE","gender":"MALE","ageRange":"35-44","experience":"EXPERIENCED"},"question":{"raw":{"text":"지원자님이 생각하시기에 글로벌 인재에게 필수인 요소는 무엇이고 지원자님께서 그것을 위해 노력했던 것이 따로 있으실까요 그게 무엇인지 궁금합니다","wordCount":17},"emotion":[],"intent":[]},"answer":{"raw":{"text":"글로벌이라는 문제 자체에 정확한 답이 있다고 생각합니다. 요즘 아무리 통번역기가 잘 나왔어도 외국어는 필수인 시대입니다. 외국어를 못하는 상태에선 글로벌한 업무를 할 수도 없고 외국계 회사에서 외국인들과 어떤 업무 협업 그 흔한 이메일 조차도 할 수 없습니다. 저는 기술 지원팀의 팀장으로서 오랜 기간 일을 하면서 기술 지원을 하는 엔지니어들의 영어 능력 부족에 대해서 많은 개탄을 했었습니다. 그 흔한 이메일 하나 그 흔한 매뉴얼 하나를 정확히 읽고 쓰고 번역을 하지 못하여 현장에서 많은 문제가 발생하거나 아니면 스스로 정보를 얻을 기회를 차단을 시켜 버린 경우가 많았습니다. 그래서 저는 서른 살 때부터 영어 공부에 미쳐서 영어 회화책을 외우고 그 영어 회화책을 외운 것을 기반으로 네이버 카페나 다음 카페에 가서 외국인들과 직접적으로 영어를 하면서 영어의 홍수 속에 빠졌습니다. 그렇게 일 년 이 년 삼 년이 지나니까 외국인들과 대화가 되기 시작하면서 이제는 영어로 된 문서는 전혀 어렵지 않고 영어 회의 영어 컨퍼런스 영어 서비스 트레이닝 같은 거는 오히려 저에게는 이득이 되는 장소였습니다. 왜냐하면 남들이 못하는 영어를 제가 더 잘하니까 진급에 더 유리했고 연봉도 많이 올릴 수 있었습니다.","wordCount":161},"emotion":[],"intent":[{"text":"","expression":"","category":"attitude"}],"summary":{"text":"외국어를 못하는 상태에선 글로벌한 업무를 할 수도 없고 외국계 회사에서 외국인들과 어떤 업무 협업 그 흔한 이메일 조차도 할 수 없습니다. 저는 기술 지원팀의 팀장으로서 오랜 기간 일을 하면서 기술 지원을 하는 엔지니어들의 영어 능력 부족에 대해서 많은 개탄을 했었습니다. 영어 회화책을 외우고 영어 회의 영어 컨퍼런스 영어 서비스 트레이닝 같은 것은 오히려 저에게는 이득이 되었습니다.","wordCount":56}}},"rawDataInfo":{"question":{"fileFormat":"wav","fileSize":555278,"duration":17350,"samplingBit":16,"channelCount":1,"samplingRate":"16kHz","audioPath":"/Mock/07.ProductionManufacturing/Male/Experienced/ckmk_q_mm_m_e_182381.wav"},"answer":{"fileFormat":"wav","fileSize":2793358,"duration":87290,"samplingBit":16,"channelCount":1,"samplingRate":"16kHz","audioPath":"/Mock/07.ProductionManufacturing/Male/Experienced/ckmk_a_mm_m_e_182381.wav"}}}