{"version":"1.0","dataSet":{"info":{"date":"20230116","occupation":"MM","channel":"MOCK","place":"ONLINE","gender":"MALE","ageRange":"-34","experience":"EXPERIENCED"},"question":{"raw":{"text":"지원자님은 리스크 어세스먼트에 대해 알고 계신가요 아시고 있으시면 어떤 개념인지 어떻게 활용할 수 있는지에 대해서 설명 부탁드립니다","wordCount":17},"emotion":[],"intent":[]},"answer":{"raw":{"text":"리스크를 잘 관리해야 된다는 그런 측면은 우리나라가 굉장히 놓치고 있는 부분 중의 하나예요. 왜냐하면 우리나라가 너무 빠르게 급성장한 그런 나라에 속하기 때문에 그러다 보니까 놓치고 있는 부분들이 굉장히 많이 있어요. 그런 어떤 안전 불감증이 각종 사고로 이어지고 있고 우리가 얼마 전에도 겪었던 그런 마음 아픈 마음 아픈 사고들은 다 안전 불감증에서 비롯되었다고 저는 생각을 하고 있습니다. 그래서 리스크를 관리한다는 것은 일어나지 않아도 될 일을 갖다가 한번 알아보자고 하는 것이 안 해도 될 일을 하는 것처럼 약간 귀찮은 일이 될 수도 있습니다. 하지만 하지만 그런 것이 결국에는 회사의 가치를 연장시킬 수 있는 꼭 필요한 조치라는 사실을 우리 모두가 꼭 깨달아야 한다고 생각합니다. 그래야 안전한 환경에서 우리 모두가 일할 수 있는 그런 회사가 될 수 있을 것이라고 확신하고 있습니다.","wordCount":117},"emotion":[],"intent":[{"text":"","expression":"","category":"attitude"}],"summary":{"text":"우리나라는 급성장한 나라이기 때문에 안전 불감증으로 인한 각종 사고와 마음 아픈 마음 아픈 사고들을 많이 하고 있습니다. 리스크를 관리한다는 것은 약간 귀찮은 일이 될 수 있지만 회사의 가치를 연장시킬 수 있는 조치라는 사실을 모두가 꼭 깨달아야 합니다.","wordCount":37}}},"rawDataInfo":{"question":{"fileFormat":"wav","fileSize":433358,"duration":13540,"samplingBit":16,"channelCount":1,"samplingRate":"16kHz","audioPath":"/Mock/07.ProductionManufacturing/Male/Experienced/ckmk_q_mm_m_e_200534.wav"},"answer":{"fileFormat":"wav","fileSize":2929038,"duration":91530,"samplingBit":16,"channelCount":1,"samplingRate":"16kHz","audioPath":"/Mock/07.ProductionManufacturing/Male/Experienced/ckmk_a_mm_m_e_200534.wav"}}}