{"version":"1.0","dataSet":{"info":{"date":"20230116","occupation":"MM","channel":"MOCK","place":"ONLINE","gender":"MALE","ageRange":"55-","experience":"EXPERIENCED"},"question":{"raw":{"text":"어 커뮤니케이션을 잘 할 수 있는 본인만의 스킬이 있으신가요 있으시다면 한 번 소개해 주실 수 있으신가요 직접 저희에게 보여주셔도 좋습니다","wordCount":20},"emotion":[],"intent":[]},"answer":{"raw":{"text":"어 근데 저도 낯을 가려요. 네 낯을 가리는 편인데 이게 그러니까 낯을 가려도 되는 여유 있는 자리면 낯을 가리는 여유를 부려요. 그런데 음 사회에서 뭔가 목적을 가지고 만남이 이루어지는 자리는 그럴 여유가 없어요. 네 그래서 낯을 가리는 거는 이제 사라지고 어떤 뭐랄까요. 어떤 대외적인 가면을 쓴 것 마냥 네 먼저 다가가요. 그러고 자연스럽게 말 걸고 뭐 대화 안에서 뭐 껀덕지 생기면 또 그 다음 대화 이어가려고 머릿속으로 계산하고 있구 그렇게 해요. 근데 이렇게 얘기하기에 되게 대단한 어떤 무슨 대단한 대단한 어떤 걸 오가는 것 같은데 그냥 뭐 아주 사소하고 되게 간 간단해 간단해 보이는 업종이라도 이렇게 해야 될 게 정말 수두룩 해요. 네 많아요.","wordCount":104},"emotion":[],"intent":[{"text":"어 근데 저도 낯을 가려요.","expression":"c_person","category":"background"}],"summary":{"text":"저는 낯을 가려도 되는 여유 있는 자리라면 낯을 가리는 여유를 부리지만, 목적을 가지고 만남이 이루어지는 자리는 그럴 여유가 없어요. 그래서 먼저 다가가고 자연스럽게 말 걸고 또 다음 대화 이어가려고 계산하고 있습니다.","wordCount":31}}},"rawDataInfo":{"question":{"fileFormat":"wav","fileSize":546958,"duration":17090,"samplingBit":16,"channelCount":1,"samplingRate":"16kHz","audioPath":"/Mock/07.ProductionManufacturing/Male/Experienced/ckmk_q_mm_m_e_189941.wav"},"answer":{"fileFormat":"wav","fileSize":2897998,"duration":90560,"samplingBit":16,"channelCount":1,"samplingRate":"16kHz","audioPath":"/Mock/07.ProductionManufacturing/Male/Experienced/ckmk_a_mm_m_e_189941.wav"}}}