{"version":"1.0","dataSet":{"info":{"date":"20230116","occupation":"MM","channel":"MOCK","place":"ONLINE","gender":"MALE","ageRange":"-34","experience":"EXPERIENCED"},"question":{"raw":{"text":"우리가 소통 능력을 키우기 위해서는 어떤 일들을 할 수 있을까요 생각나는 방법들에 대해 자세하게 한번 말씀해 주시겠어요","wordCount":17},"emotion":[],"intent":[]},"answer":{"raw":{"text":"소통의 능력을 키우는 것은 가장 중요한 건 귀로 듣는 거지 않을까 생각을 합니다. 많은 사람들이 본인에 의견을 얘기하고 본인의 생각을 말하는 것은 좋아하지만 타인의 생각을 받아들이고 하는 것에는 일단 반대되는 의견이라면 거부감이 들기 때문에 귀로 먼저 받아들여지지 않더라도 귀로 일단 듣는 것이 중요하고 그를 통해서 타인이 아 저 사람이 나의 얘기를 듣는구나 라고 인식을 심어주는 것이 중요하다고 생각합니다. 그리고 두 번째로 중요한 것은 문서화 시키는 것이 매우 중요하다고 생각합니다. 어떤 업무가 전달이 되고 하는 과정 가운데 물론 그렇다고 해서 모든 것들을 다 공문으로 만들면 너무 말도 안 되는 일들이 번거롭게 일어나고 하지만 어 중요한 것들 간단한 메모라도 해 놓은 것이 오해를 불러일으키지 않고 더욱더 소통을 원활하게 해주는 거라고 생각을 하기 때문에 첫 번째로는 일단은 많이 듣는 게 중요하고 두 번째로 타인과 어 업무적인 관련에 있어서 주고받고 할 때는 메모를 전달하고 또 문서화를 함으로써 어 오해가 새로운 오해가 생기지 않게끔 하는 것이 좋다고 생각합니다.","wordCount":143},"emotion":[],"intent":[{"text":"","expression":"","category":"attitude"}],"summary":{"text":"소통에서 가장 중요한 것은 귀로 듣는 것입니다. 귀로 먼저 받아들여지지 않더라도 귀로 일단 듣는 것이 중요하고 그를 통해서 타인이 아 저 사람이 저의 얘기를 듣는구나 라는 인식을 심어주는 것이 중요합니다. 두 번째로 중요한 것은 문서화 시키는 것입니다. 중요한 것들을 간단한 메모라도 해 놓으면 소통을 원활하게 해주는것입니다.","wordCount":46}}},"rawDataInfo":{"question":{"fileFormat":"wav","fileSize":323278,"duration":10100,"samplingBit":16,"channelCount":1,"samplingRate":"16kHz","audioPath":"/Mock/07.ProductionManufacturing/Male/Experienced/ckmk_q_mm_m_e_287762.wav"},"answer":{"fileFormat":"wav","fileSize":2917838,"duration":91180,"samplingBit":16,"channelCount":1,"samplingRate":"16kHz","audioPath":"/Mock/07.ProductionManufacturing/Male/Experienced/ckmk_a_mm_m_e_287762.wav"}}}