{"version":"1.0","dataSet":{"info":{"date":"20230116","occupation":"MM","channel":"MOCK","place":"ONLINE","gender":"MALE","ageRange":"45-54","experience":"EXPERIENCED"},"question":{"raw":{"text":"지원자님께서 이루고 싶은 인생의 장기적인 목표가 있으신가요 만약 그러한 목표가 있다면 왜 이루고 싶은지도 함께 말씀해 주십시오","wordCount":17},"emotion":[],"intent":[]},"answer":{"raw":{"text":"어 누구나 뭐 비슷할 것 같은데 저의 인생 목표는 저의 가정을 제가 잘 지켜내는 것입니다. 어 저는 열심히 일해서 가족을 부양할 것이며 어 저희 아이들은 어 저의 가정이라는 울타리 안에서 건강하게 어 잘 자라기를 전 바라고 있습니다. 인생의 목표라는 게 어 사 노년에 뭐 편안한 삶을 뭐 이렇게 추구하는 것도 있지만 저는 그 무엇보다도 제 가정을 어 평안하게 안전하게 지키는 것이 제 인생의 목표입니다. 나름 여태까지는 어 저도 노력을 하고 우리 가족들 모두가 노력을 해서 그 인생의 목표를 지키고 있다 라고 생각을 합니다. 어 좀 더 시간이 지날 때까지 저희 아이가 좀 학업을 마치고 사회에서 자립할 때까지 저는 제 가정과 어 저희 가족들을 평안하게 지키는 것이 제 인생의 목표라고 말씀드리겠습니다.","wordCount":110},"emotion":[],"intent":[{"text":"","expression":"","category":"attitude"}],"summary":{"text":"저는 열심히 일해서 가족을 부양할 것이며 아이들이 잘 자라길 바라고 있습니다. 인생의 목표란 무엇보다도 제 가정을 안전하게 지키는 것이 제 인생의 목표입니다. 시간이 지날 때까지 제가 제 가정과 가족들을 평안하게 지키는 것을 목표로 하겠습니다.","wordCount":34}}},"rawDataInfo":{"question":{"fileFormat":"wav","fileSize":517838,"duration":16180,"samplingBit":16,"channelCount":1,"samplingRate":"16kHz","audioPath":"/Mock/07.ProductionManufacturing/Male/Experienced/ckmk_q_mm_m_e_153308.wav"},"answer":{"fileFormat":"wav","fileSize":2055758,"duration":64239,"samplingBit":16,"channelCount":1,"samplingRate":"16kHz","audioPath":"/Mock/07.ProductionManufacturing/Male/Experienced/ckmk_a_mm_m_e_153308.wav"}}}