{"version":"1.0","dataSet":{"info":{"date":"20230116","occupation":"MM","channel":"MOCK","place":"ONLINE","gender":"MALE","ageRange":"35-44","experience":"EXPERIENCED"},"question":{"raw":{"text":"효과적인 커뮤니케이션을 할 수 있는 본인만의 스킬이 있다면 어 그것에 대해 설명해 주시겠습니까 어 직접 그것의 예시를 한 번 보여주셔도 좋을 것 같습니다","wordCount":23},"emotion":[],"intent":[]},"answer":{"raw":{"text":"커뮤니케이션을 잘 할 수 있는 저 만의 방법은 바로 공감대를 형성하는 것입니다. 심리학에서는 이 공감대 형성을 라포라고 하는데요. 라포를 형성하기 위해서는 상대방이 좋아하는 주제를 먼저 파악을 하고 그것에 화두를 던지는 겁니다. 예를 들어 김 과장님과 조금 친해지고 싶다 그래서 커뮤니케이션 스킬을 느끼 늘리고 싶다 라고 하면 김 과장님에게 이렇게 얘기합니다. 김 과장님 김 과장님은 등산을 참 좋아하시는 것 같은데요. 최근에 가셨던 산 중에 어디가 제일 예뻤나요 라고 하면 김 과장은 산에 대해서 많은 얘기를 하기 시작합니다. 등산용품은 뭐가 좋고 어떤 산은 몇 월 달이 예쁘고 이런 것을 얘기하기 시작할 겁니다. 그러면 저는 그때 김 과장님 시 월 달에 북한산이 그렇게 좋다는데 저도 언제 한 번 델꼬가 주세요 저는 등산을 잘 못해서 김 과장님이 추천해주는 등산이라든가 등산 용품만 좀 사고 싶습니다 라고 하면 김 과장은 자기가 알고 있는 모든 지식을 총동원해서 이 사람에게 약간 자랑스럽게 많은 지식을 뽐내려고 합니다. 소위 말해서 나를 낮춤으로써 상대방을 올려주고 상대방에 기를 살려주면 상대방은 자연스럽게 그 주제에 대해서 열변을 하면서 저에게 마음을 열기 시작합니다. 이것이 제가 가지고 있는 저만에 커뮤니케이션 스킬입니다.","wordCount":165},"emotion":[],"intent":[{"text":"","expression":"","category":"attitude"}],"summary":{"text":"심리학에서는 공감대 형성을 라포라고 합니다. 라포를 형성하기 위해서는 상대방이 좋아하는 주제를 먼저 파악을 하고 그것에 화두를 던지는 것입니다. 나를 낮춤으로써 상대방을 올려주고 상대방에 기를 살려주면 상대방은 자연스럽게 그 주제에 대해서 열변을 하면서 마음을 열기 시작 합니다. 이것이 제가 가지고 있는 저만에 커뮤니케이션 스킬입니다.","wordCount":43}}},"rawDataInfo":{"question":{"fileFormat":"wav","fileSize":393998,"duration":12310,"samplingBit":16,"channelCount":1,"samplingRate":"16kHz","audioPath":"/Mock/07.ProductionManufacturing/Male/Experienced/ckmk_q_mm_m_e_177623.wav"},"answer":{"fileFormat":"wav","fileSize":2698958,"duration":84340,"samplingBit":16,"channelCount":1,"samplingRate":"16kHz","audioPath":"/Mock/07.ProductionManufacturing/Male/Experienced/ckmk_a_mm_m_e_177623.wav"}}}