{"version":"1.0","dataSet":{"info":{"date":"20230116","occupation":"MM","channel":"MOCK","place":"ONLINE","gender":"MALE","ageRange":"55-","experience":"EXPERIENCED"},"question":{"raw":{"text":"지원자님께서는 본인 스스로 생각하셨을 때 숫자와 창의 중에서 어떤 거에 더 가깝다고 생각을 하시나요 이유와 함께 말씀을 해 주시기 바랍니다","wordCount":20},"emotion":[],"intent":[]},"answer":{"raw":{"text":"어 저는 주 숫자와 창의 중에 에 이 숫자를 중요시하고 있습니다. 숫자라는 것은 굉장히 그 중요한 수치인데요. 모든 게 에 숫자에서 숫자로 움직이는 어떤 어 국제 사회가 이루어져 있기 때문에 숫자라는 것은 어떻게 보면 우리 머릿속에 계산하는 그런 어 숫자 이기 때문에 굉장히 중요하구요. 숫자가 있음으로써 기업도 어 또 어 거기에 따르는 통계도 낼 수 있고요. 또 어 발전과 어 또 이런 부분을 그 숫자에서 나타나기 때문에 분명히 중요하다고 생각을 합니다. 인간 사회에서 숫자 없이 살 수 있을까 이런 생각을 해 보구요. 숫자가 음 있음으로써 모든 어 의사소통도 숫자에서 시작하는 것이기 때문에 숫자라는 것은 아주 어 필수적이다 이렇게 말씀드릴 수 있구요. 어 이것을 토대로 해서 모든 근거가 나타나는 것이기 때문에 에 숫자라는 개념이 굉장히 중요하다고 생각을 어 저 개인 쪽으로는 생각을 하고 있습니다.","wordCount":123},"emotion":[],"intent":[{"text":"","expression":"","category":"attitude"}],"summary":{"text":"저는 숫자를 중요시하고 있습니다. 국제 사회에서 숫자로 움직이는 국제 사회가 이루어져 있기 때문에 숫자라는 것은 굉장히 중요하다고 생각합니다. 숫자를 통해 기업도 통계도 낼 수 있고, 발전과 발전도 이룰 수 있다고 생각하며, 인간 사회에서 숫자 없이 살 수 있을까 하는 생각을 해 보았습니다.","wordCount":42}}},"rawDataInfo":{"question":{"fileFormat":"wav","fileSize":459598,"duration":14360,"samplingBit":16,"channelCount":1,"samplingRate":"16kHz","audioPath":"/Mock/07.ProductionManufacturing/Male/Experienced/ckmk_q_mm_m_e_180415.wav"},"answer":{"fileFormat":"wav","fileSize":2869518,"duration":89670,"samplingBit":16,"channelCount":1,"samplingRate":"16kHz","audioPath":"/Mock/07.ProductionManufacturing/Male/Experienced/ckmk_a_mm_m_e_180415.wav"}}}