{"version":"1.0","dataSet":{"info":{"date":"20230116","occupation":"MM","channel":"MOCK","place":"ONLINE","gender":"MALE","ageRange":"-34","experience":"EXPERIENCED"},"question":{"raw":{"text":"열심히는 하지만 본인이 원하는 만큼 따라오지 못하는 팀 동료가 있을 수도 있습니다 혹시 그럴 때는 어떻게 하시나요","wordCount":17},"emotion":[],"intent":[]},"answer":{"raw":{"text":"개인에 능력은 많이 차이가 있습니다. 회사 입장에서 그리고 팀의 입장에서 봤을 땐 능력이 좋은 사람들은 당연히 좋은 위치에 있고 주변 사람으로서 주변 사람들에게 좋은 인상을 받고 인정을 받을 것입니다. 하지만 어떠한 사람은 업무적인 능력이 아닌 그보다 다른 것들을 더 잘 하거나 아니면 업무적인 능력이 다른 사람에 비해 떨어지는 사람도 있습니다. 팀장이라면 그러한 것들을 먼저 알아보고 그에 맞는 업무를 주는 것이 매우 중요하다고 생각합니다. 잘하는 사람에게 더욱 많은 일을 주는 것이 아니고 못하는 사람에게 그렇다고 너무 적거나 쉬운 일만 주는 것이 아니라 분배를 잘 함으로써 일을 잘하면 잘 할수록 일을 더 많이 하네 일을 못하면 못 할수록 일을 쪼끔 해도 되네 라는 이미지가 친원들에게 각인이 된다면 그것만큼 팀원 입장에서는 부당하고 억울한 일이 아닐 수 없습니다. 그렇기 때문에 이 쪼끔 능률이 떨어지는 동료에게 본인에 위치가 어느 정도인지 그리고 그로 인해서 다른 사람들은 그 부담을 어느 정도로 가져가고 있는지 같이 공유를 함으로써 내가 많은 일을 못함으로써 다른 사람들에게 쪼끔 피해를 주고 있구나 라는 것을 스스로 인지시켜 주는 것도 매우 중요한 매우 좋은 방법이라고 생각합니다.","wordCount":161},"emotion":[],"intent":[{"text":"","expression":"","category":"attitude"}],"summary":{"text":"업무적 능력이 뛰어난 사람과 그렇지 않은 사람이 있습니다. 팀장은 업무적 능력을 먼저 파악하고 그에 맞는 업무를 주는 것이 중요하다고 생각합니다. 분배를 잘 해야 하지만 일을 잘하는 팀원들에게 많은 일이 주어진다면 그 팀원 입장에서는 부당하고 억울한 일이 됩니다. 그렇기에 업무능력이 떨어지는 동료에게 본인의 위치를 공유하고 다른 사람들에게 피해를 주고 있음을 인지시켜 주는 것이 중요합니다.","wordCount":53}}},"rawDataInfo":{"question":{"fileFormat":"wav","fileSize":348558,"duration":10890,"samplingBit":16,"channelCount":1,"samplingRate":"16kHz","audioPath":"/Mock/07.ProductionManufacturing/Male/Experienced/ckmk_q_mm_m_e_300563.wav"},"answer":{"fileFormat":"wav","fileSize":3568718,"duration":111520,"samplingBit":16,"channelCount":1,"samplingRate":"16kHz","audioPath":"/Mock/07.ProductionManufacturing/Male/Experienced/ckmk_a_mm_m_e_300563.wav"}}}