{"version":"1.0","dataSet":{"info":{"date":"20230116","occupation":"MM","channel":"MOCK","place":"ONLINE","gender":"MALE","ageRange":"-34","experience":"EXPERIENCED"},"question":{"raw":{"text":"어 동물 실험이 인간에게 주는 이익에 관해서 말씀해 주시길 바랍니다 또 동물 실험에 대한 지원자님의 생각도 구체적으로 말씀해 주시길 바랍니다","wordCount":20},"emotion":[],"intent":[]},"answer":{"raw":{"text":"동물 실험을 함으로써 그것이 인간에게 어떠한 영향을 미칠지 알아보는 것은 없을 존재하지 않을 수가 없지요. 사실 인간에게 바로 그것을 적용을 한다 라는 건 비인륜적이기 때문입니다. 어 그렇다고 해서 동물이 또한 인간이 그렇게 마음대로 다루거나 하는 것들을 용인되지는 않는다고 생각합니다. 다만 그러한 희생을 통해서 우리가 인류에 더욱더 도움이 될 수 있는 무언가를 발명을 하기 위해서 그러한 실험이 있는 것이지 인간이기 때문에 그 동물을 마음대로 다룰 수 있는 권리는 없다고 생각을 해서 무분별한 그런 동물 실험은 절대 반대를 하고 하지만 실험 결과를 얻기 위해서 인류의 발전과 이 지구 생명의 발전을 위해서 하는 실험은 어 안타깝지만 동의를 할 수 밖에 없다 라고 생각을 합니다.","wordCount":101},"emotion":[],"intent":[{"text":"","expression":"","category":"attitude"}],"summary":{"text":"동물 실험을 통해 그것이 인간에게 어떠한 영향을 미칠지 알아보는 것은 비인륜적이기 때문이지만, 인류에 도움이 되는 무언가를 발명하기 위해서 무분별한 동물 실험은 절대 반대하지만, 인류의 발전과 지구 생명의 발전을 위한 실험은 동의를 할 수 밖에 없습니다.","wordCount":35}}},"rawDataInfo":{"question":{"fileFormat":"wav","fileSize":466638,"duration":14580,"samplingBit":16,"channelCount":1,"samplingRate":"16kHz","audioPath":"/Mock/07.ProductionManufacturing/Male/Experienced/ckmk_q_mm_m_e_293246.wav"},"answer":{"fileFormat":"wav","fileSize":2379598,"duration":74360,"samplingBit":16,"channelCount":1,"samplingRate":"16kHz","audioPath":"/Mock/07.ProductionManufacturing/Male/Experienced/ckmk_a_mm_m_e_293246.wav"}}}