{"version":"1.0","dataSet":{"info":{"date":"20230116","occupation":"MM","channel":"MOCK","place":"ONLINE","gender":"MALE","ageRange":"55-","experience":"EXPERIENCED"},"question":{"raw":{"text":"얼마 전 구급대원이 주취자에게 폭행을 당해서 순직하는 사건이 발생을 했는데요 이 사건에 대해서 지원자님은 어떻게 바라보시는지 궁금합니다 의견 부탁드리겠습니다","wordCount":19},"emotion":[],"intent":[]},"answer":{"raw":{"text":"네 에 전 구급 그 구급대원이 이 어 주취자에게 폭행을 당해 가지고 또 거기 안타깝게 숨직을 당했다면 이런 일이 있을 수도 없는 일이고 어 이게 에 상생을 하고 또 구급대원이라 하면 어 항상 약자를 보호하고 어 교통사고나 다른 재해로 인해서 어 그분들이 그 출동을 해서 도와줄려고 하는 분 들인데 에 술을 먹고 오히려 폭행을 하고 이런 과정에서 또 숨직까지 당했다는 것은 정말 경악을 금할 수 없습니다. 항상 구급대원은 우리를 보호해 주지만 우리도 어 그 구급대원을 에 보호 위 할 의무가 있습니다. 항상 그분들은 어 국민의 생명을 이 담보를 하기 때문에요. 개인에 구급대원이 아닙니다. 어 그리고 한 인간으로써 어 좁은 소견에 이 실수를 해서 어 이렇게 순직당한 했 아닌 참 아주 어 나쁘다 이게 평가를 하겠습니다.","wordCount":115},"emotion":[],"intent":[{"text":"","expression":"","category":"attitude"}],"summary":{"text":"구급대원이 주취자에게 폭행을 당해 숨직을 당했다면 이런 일이 없을 수도 없고 구급 대원은 항상 약자를 보호하고 출동을 해서 도와야 하는 분들인데 술 먹고 폭행을 하는 과정에서 숨직을 당했다는 것은 정말 경악을 금할 수 없습니다.","wordCount":34}}},"rawDataInfo":{"question":{"fileFormat":"wav","fileSize":470798,"duration":14710,"samplingBit":16,"channelCount":1,"samplingRate":"16kHz","audioPath":"/Mock/07.ProductionManufacturing/Male/Experienced/ckmk_q_mm_m_e_184070.wav"},"answer":{"fileFormat":"wav","fileSize":2862158,"duration":89440,"samplingBit":16,"channelCount":1,"samplingRate":"16kHz","audioPath":"/Mock/07.ProductionManufacturing/Male/Experienced/ckmk_a_mm_m_e_184070.wav"}}}