{"version":"1.0","dataSet":{"info":{"date":"20230116","occupation":"MM","channel":"MOCK","place":"ONLINE","gender":"MALE","ageRange":"55-","experience":"EXPERIENCED"},"question":{"raw":{"text":"저희 일의 특성상 야근이나 잔업이나 외근이 많을 수도 있는데 그래도 괜찮으실까요","wordCount":11},"emotion":[],"intent":[]},"answer":{"raw":{"text":"회사 생활을 하면서 어 야근이나 작업 외근이 그 많지 않다라면 회사는 성공하지 못하겠죠 .그러나 그 잔업 외근 야근 이런 부분이 굉장히 개인적으로는 어려운 문제입니다. 그리고 저는 괜찮다고 생각을 하고 있습니다 .여기 음 회사들이 이 어 글로벌 시대에 이면서도 어 또 갇혀있는 그런 부분이 많이 있어서 어 매출 부분이 굉장히 어려움에 봉착이 되어 있다고 생각을 하는데 야근이나 잔업 외근이 많다 라면 그만큼 회사가 성장한다는 얘기겠죠. 그러면 그 긍정적으로 받아들여서 회사에 에 도움이 되는 그런 인간이 돼야 되지 무조건 어 외근 잔업은 안한다 이런 마인드를 가지고 있으면 회사도 성장하지 못하지만 개인적으로도 성장이 굉장히 큰 어 난관에 봉착되지 않을까 생각해서 그는 어 외근 잔업 야근 이런 부분을 긍정적으로 받아 들이겠습니다.","wordCount":107},"emotion":[],"intent":[{"text":"","expression":"","category":"attitude"}],"summary":{"text":"글로벌 시대에 회사의 매출 부분을 위해 야근, 잔업, 외근이 많으면 회사도 성장하지만, 무조건 외근 잔업은 안한다는 마인드는 회사도 성장하고 개인적으로도 성장하지 못할 것이라고 생각합니다. 그래서 그 부분을 긍정적으로 받아 들이겠습니다.","wordCount":30}}},"rawDataInfo":{"question":{"fileFormat":"wav","fileSize":268878,"duration":8400,"samplingBit":16,"channelCount":1,"samplingRate":"16kHz","audioPath":"/Mock/07.ProductionManufacturing/Male/Experienced/ckmk_q_mm_m_e_186078.wav"},"answer":{"fileFormat":"wav","fileSize":2857038,"duration":89280,"samplingBit":16,"channelCount":1,"samplingRate":"16kHz","audioPath":"/Mock/07.ProductionManufacturing/Male/Experienced/ckmk_a_mm_m_e_186078.wav"}}}