{"version":"1.0","dataSet":{"info":{"date":"20230116","occupation":"MM","channel":"MOCK","place":"ONLINE","gender":"MALE","ageRange":"55-","experience":"EXPERIENCED"},"question":{"raw":{"text":"혹시 특별히 가고 싶은 회사가 있나요 있다면 특정 도메인을 중요하게 생각하는지 회사의 분위기를 중요하게 생각하는지 어떤 점들을 중점적으로 보는지 궁금합니다","wordCount":20},"emotion":[],"intent":[]},"answer":{"raw":{"text":"저는 음 특별히 가고 싶은 회사가 어 호반 건설입니다. 호반건설을 어 옛날에 같이 일도 해봤고 김상열 회장님하고 어 맨투맨으로 직접 일도 해본 경험도 있고요. 또 거기에서 협력 업체로서 서로 협업을 했던 그런 회사이기도 해서 어 그 회사로 가고 싶구요. 아 저는 고메인이 중요한 이 회사의 분위기가 중요한 지를 물어보셨는데요. 에 회사의 분위기를 굉장히 중점적으로 봅니다. 회사의 에 에 분위기가 어 안 좋으면 다른 아무리 좋은 역량을 가지고 있더래도 발휘할 수가 없습니다. 에 회사에 들어가서 어 날리고 날마다 어 또 징징거리는 어 그런 회사는 에 개인적으로 어 봐도 에 굉장히 스트레스를 많이 받구요. 그 회사에 에 대한 진취적인 에 향후 발전 모습이 전혀 없을 것 같습니다. 저는 어 회사에 들어가면 어 부사 어 분위기를 굉장히 선호를 하고요. 분위기를 잘 맞출 수 있도록 노력하겠습니다.","wordCount":122},"emotion":[{"text":"호반건설을 어 옛날에 같이 일도 해봤고 김상열 회장님하고 어 맨투맨으로 직접 일도 해본 경험도 있고요.","expression":"u-fact","category":"neutral"}],"intent":[{"text":"","expression":"","category":"attitude"}],"summary":{"text":"호반 건설이라는 회사로 가고 싶습니다. 고메인이 중요한 회사 분위기가 중요한 지를 물어보셨는데 회사의 분위기가 안 좋으면 다른 어떤 역량도 발휘될 수 없습니다. 회사에 들어가면 굉장히 스트레스를 받으므로 회사 분위기를 잘 맞출 수 있도록 노력하겠습니다.","wordCount":34}}},"rawDataInfo":{"question":{"fileFormat":"wav","fileSize":437198,"duration":13660,"samplingBit":16,"channelCount":1,"samplingRate":"16kHz","audioPath":"/Mock/07.ProductionManufacturing/Male/Experienced/ckmk_q_mm_m_e_212677.wav"},"answer":{"fileFormat":"wav","fileSize":2877198,"duration":89910,"samplingBit":16,"channelCount":1,"samplingRate":"16kHz","audioPath":"/Mock/07.ProductionManufacturing/Male/Experienced/ckmk_a_mm_m_e_212677.wav"}}}