{"version":"1.0","dataSet":{"info":{"date":"20230116","occupation":"MM","channel":"MOCK","place":"ONLINE","gender":"MALE","ageRange":"55-","experience":"EXPERIENCED"},"question":{"raw":{"text":"간혹 일을 하게 되면 중국으로 출장을 가게 될 일이 생길 수도 있습니다 그럴 때 중국으로 출장을 가는 것도 괜찮으신가요","wordCount":19},"emotion":[],"intent":[]},"answer":{"raw":{"text":"중국은 우리나라와 가장 가까운 나라로서 지역적으로도 가깝지만 역사적으로도 수천 년을 함께 살아온 나라입니다. 그렇기 때문에 그렇게 낯설은 느낌이 들지도 않고 또한 어 거기에 사는 사람들도 우리와 비슷한 모습을 하고 있기 때문에 에 아주 어색해 보이지가 않아서 좋습니다. 중국 출장을 갈 일이 있으면 기꺼이 출장을 가서 그들과 함께 일을 하는 것을 즐길 수 있다고 생각합니다. 저는 중국 여행을 가본 경험이 있습니다. 그 여행에서 어 그들이 사는 모습 그들이 말하는 행태 문화 이런 것들에 관심이 생겼습니다. 일을 할 이 기회가 생기면 어 그들과 함께 그러한 것을 공유하면서 협업을 진행할 수 있을 것 같습니다.","wordCount":91},"emotion":[{"text":"저는 중국 여행을 가본 경험이 있습니다.","expression":"u-fact","category":"neutral"},{"text":"그 여행에서 어 그들이 사는 모습 그들이 말하는 행태 문화 이런 것들에 관심이 생겼습니다.","expression":"p-interest","category":"positive"}],"intent":[{"text":"","expression":"","category":"attitude"}],"summary":{"text":"우리나라와 가장 가까운 나라인 중국은 우리와 비슷한 모습을 하고 있기 때문에 낯설지 않고, 그들이 말하는 행태 문화 등에 관심이 생겼습니다. 일을 할 기회가 생기면 그들과 함께 협업을 진행할 수 있을 것 같습니다.","wordCount":32}}},"rawDataInfo":{"question":{"fileFormat":"wav","fileSize":312398,"duration":9760,"samplingBit":16,"channelCount":1,"samplingRate":"16kHz","audioPath":"/Mock/07.ProductionManufacturing/Male/Experienced/ckmk_q_mm_m_e_301438.wav"},"answer":{"fileFormat":"wav","fileSize":2708558,"duration":84640,"samplingBit":16,"channelCount":1,"samplingRate":"16kHz","audioPath":"/Mock/07.ProductionManufacturing/Male/Experienced/ckmk_a_mm_m_e_301438.wav"}}}