{"version":"1.0","dataSet":{"info":{"date":"20230116","occupation":"MM","channel":"MOCK","place":"ONLINE","gender":"MALE","ageRange":"35-44","experience":"EXPERIENCED"},"question":{"raw":{"text":"평소에 개인 작업을 많이 하시는 편인가요 만약 그렇다면 그렇게 할 수 있는 원동력은 무엇이라고 생각하시나요 말씀해 주십시오","wordCount":17},"emotion":[],"intent":[]},"answer":{"raw":{"text":"프로젝트를 할 때 또는 프로그램을 만들 때 기구 설계를 할 때는 여러 사람과 함께 할 수 없습니다. 왜냐하면 제가 그 프로젝트와 프로그램에 대해서 가장 많이 알고 있기 때문에 어떻게 이 프로그램을 짰을 때 다른 사람들에게 가장 유용한 유익한 프로그램이 될지를 먼저 고민을 합니다. 그리고 제가 프론트앤드에서 가장 먼저 시작한 프로그램이 나중에 백앤드와 생산 품질 관리에서 어떤 영향을 미칠 것에 대한 모든 것에 대한 변수를 감안하여 프로그램을 짭니다. 그것에 대한 원동력은 바로 나의 하나의 프로그램에 의해서 회사의 매출이 달라질 수 있고 프로젝트의 방향성을 결정할 수 있다라고 하는 자부심과 추후에 이 프로젝트를 성공했을 때 저에게 주어지는 보상안에 대해서 미래를 먼저 그려보시는 것입니다. 미래를 먼저 그려보다 보면 힘들 때 스스로 할 때마다 아 좌절할 때 아 조금 더 힘을 내서 이번 달 안에 또는 다음 달 안에 데드라인을 맞추면 이 프로젝트는 성공할 것이고 그 프로젝트가 성공하게 되면 우리 회사의 매출이 늘어날 것이다 라고 하는 미래에 대한 상상을 통해서 계속적으로 일을 할 수가 있습니다.","wordCount":150},"emotion":[],"intent":[{"text":"","expression":"","category":"attitude"}],"summary":{"text":"기구 설계를 할 때는 다른 사람과 함께 할 수 없습니다. 가장 먼저 시작한 프로그램이 나중에 어떤 영향을 미칠지 변수를 감안하여 프로그램을 짜는데 그 원동력은 저의 하나의 프로그램에 의해서 회사의 매출이 달라질 수 있고 프로젝트의 방향성을 결정할 수 있다는 자부심과 미래에 대한 상상을 통해서 계속적으로 일을 할 수가 있습니다.","wordCount":48}}},"rawDataInfo":{"question":{"fileFormat":"wav","fileSize":505678,"duration":15800,"samplingBit":16,"channelCount":1,"samplingRate":"16kHz","audioPath":"/Mock/07.ProductionManufacturing/Male/Experienced/ckmk_q_mm_m_e_165835.wav"},"answer":{"fileFormat":"wav","fileSize":2281678,"duration":71300,"samplingBit":16,"channelCount":1,"samplingRate":"16kHz","audioPath":"/Mock/07.ProductionManufacturing/Male/Experienced/ckmk_a_mm_m_e_165835.wav"}}}