{"version":"1.0","dataSet":{"info":{"date":"20230116","occupation":"MM","channel":"MOCK","place":"ONLINE","gender":"MALE","ageRange":"55-","experience":"EXPERIENCED"},"question":{"raw":{"text":"지원자분께서 많은 사람들과 협업을 하시는 과정에서 가장 어려웠던 점이 있으셨다면 그것이 무엇이었을지 궁금합니다 그리고 그 과정을 본인이 어떻게 극복하셨는지도 같이 답변 부탁드리도록 하겠습니다","wordCount":23},"emotion":[],"intent":[]},"answer":{"raw":{"text":"세 개의 회사를 묶어서 하나의 프로젝트를 수행한 경험이 있습니다. 제가 프로젝트 매니저로서 또 사업의 조율자로서의 역할을 하면서 각 사업체의 이견을 조율하느라 어 상당히 힘들었던 경험이 있습니다. 각 사업체는 자기마다 이익을 추구하는 목표도 있었지만 기술적인 그러한 배경도 있었고 그 기술적인 배경에서 나오는 그 자존심 내지는 자만심 등이 어 이 프로젝트를 수행하는데 많은 걸림돌이 되었던 경험이 있습니다. 따라서 저는 각 기업체에 그러한 면을 개개인 만나서 상담을 하고 설득을 하고 어 그 이후에는 관련자들 모두 모여서 한꺼번에 논의를 하는 과정에서 그 이견을 줄일 수가 있었습니다. 합일점을 만들어서 어 프로젝트 목표에 맞게 한 목적성을 갖고 진행을 한 경험이 있습니다. 극복한 경험은 목표입니다 목표 관리.","wordCount":100},"emotion":[],"intent":[{"text":"","expression":"","category":"attitude"}],"summary":{"text":"저는 세 개의 회사를 묶어서 하나의 프로젝트를 수행한 경험이 있습니다. 각 사업체의 이견을 조율하느라 상당히 힘들었던 경험이 있었습니다. 하지만 합의점을 만들어서 프로젝트 목표에 맞게 한 목적성을 갖고 진행을 한 경험이 있어서 극복한 경험은 목표입니다.","wordCount":34}}},"rawDataInfo":{"question":{"fileFormat":"wav","fileSize":675598,"duration":21110,"samplingBit":16,"channelCount":1,"samplingRate":"16kHz","audioPath":"/Mock/07.ProductionManufacturing/Male/Experienced/ckmk_q_mm_m_e_301441.wav"},"answer":{"fileFormat":"wav","fileSize":3593358,"duration":112290,"samplingBit":16,"channelCount":1,"samplingRate":"16kHz","audioPath":"/Mock/07.ProductionManufacturing/Male/Experienced/ckmk_a_mm_m_e_301441.wav"}}}