{"version":"1.0","dataSet":{"info":{"date":"20230116","occupation":"MM","channel":"MOCK","place":"ONLINE","gender":"MALE","ageRange":"55-","experience":"EXPERIENCED"},"question":{"raw":{"text":"지원자께서 만약 일을 하게 되면 중국으로 출장을 갈 일이 조금 발생할 수도 있습니다 지원자께서는 중국 출장도 괜찮으신지 궁금합니다","wordCount":18},"emotion":[],"intent":[]},"answer":{"raw":{"text":"예 요즘 뭐 회사 에 들이 글로벌 회사를 많이 생깁니다. 그래서 어 또 중국의 지상은 없지만 또 출장을 가서 어 할 일들이 많이 있을겁니다. 예 딱히 뭐 우리나라 허고 그래도 예 굉장히 접해 있는 인재 고가이고 인구도 많고 그래서 어 중국으로 출장을 이 생길 수 있습니다. 그 중국 출장도 이렇다고 생각을 하고요. 적극적으로 어 중국은 어 저 제 이의 고향 같이 어 친근한 욕망이 있습니다. 그 주우 출장 가서 어 어 일이 생길 수도 있는데 어 저는 중국어 공부도 하고 최대한 중국 쪽에 에 어 많이 발을 들이고 올려고 해서 저는 중국 쪽에 출장을 갈 일이 생기면 아마 기쁜 마음으로 어 적극적으로 가지 않을까 생각을 했고를요. 요즘 뭐 스터디를 에 중국 스터디 중국어 스터디를 하고 있습니다. 충분히 가능합니다.","wordCount":118},"emotion":[{"text":"요즘 뭐 스터디를 에 중국 스터디 중국어 스터디를 하고 있습니다.","expression":"u-fact","category":"neutral"}],"intent":[{"text":"","expression":"","category":"attitude"}],"summary":{"text":"글로벌 회사가 많이 생기면서 중국에 출장을 가서 할 일이 많을 것입니다. 중국에 친근한 욕망이 있고 중국어도 하고 올려고 중국 쪽에 출장을 갈 일이 생기면 기쁜 마음으로 적극적으로 가지 않을까 생각합니다.","wordCount":30}}},"rawDataInfo":{"question":{"fileFormat":"wav","fileSize":491278,"duration":15350,"samplingBit":16,"channelCount":1,"samplingRate":"16kHz","audioPath":"/Mock/07.ProductionManufacturing/Male/Experienced/ckmk_q_mm_m_e_183934.wav"},"answer":{"fileFormat":"wav","fileSize":2879438,"duration":89980,"samplingBit":16,"channelCount":1,"samplingRate":"16kHz","audioPath":"/Mock/07.ProductionManufacturing/Male/Experienced/ckmk_a_mm_m_e_183934.wav"}}}