{"version":"1.0","dataSet":{"info":{"date":"20230116","occupation":"MM","channel":"MOCK","place":"ONLINE","gender":"MALE","ageRange":"55-","experience":"EXPERIENCED"},"question":{"raw":{"text":"지원자님께서 여러 사람들과 함께 일을 하다 보면 구성원들과 갈등이 생길 일이 있는데요 지원자님이 이럴 때 어떻게 해결해 방법해 나가시는지 이야기를 듣고 싶습니다","wordCount":22},"emotion":[],"intent":[]},"answer":{"raw":{"text":"어 여러 사람들과 함께 일하다 보면 굉장히 갈등도 있고 구성원들과 함께 의견 충돌이 많이 있을 겁니다. 어 그래서 이런 부분을 해결을 하기 위해서는 서로 대화가 많이 필요하다고 생각을 합니다. 부족한 부분을 서로 채우고 어 어 서로 어 부족한 부분을 어 대화로써 풀 수 있다 라면 어 굉장히 그런 갈등이 많이 해소되지 않을까 생각을 해봅니다. 어 구성원들과의 갈등은 일의 갈등도 있을 것입니다마는 개인적인 사적 갈등도 있을 걸로 어 생각이 드는데요. 그 갈등을 해소할려면 어 제가 먼저 다가가서 어 대화하고 또 풀 수 있는 부분은 풀고 또 서로 양보할 수 있는 부분은 양보해서 어 그 친구의 마음을 조금이나마 어 또 어 읽어 나가면 음 갈등이 그 해소하는데 에 에 많은 도움이 되지 않을까 싶습니다. 어 여튼 어 좋은 방법을 찾아보겠습니다.","wordCount":118},"emotion":[],"intent":[{"text":"그 갈등을 해소할려면 어 제가 먼저 다가가서 어 대화하고 또 풀 수 있는 부분은 풀고 또 서로 양보할 수 있는 부분은 양보해서 어 그 친구의 마음을 조금이나마 어 또 어 읽어 나가면 음 갈등이 그 해소하는데 에 에 많은 도움이 되지 않을까 싶습니다.","expression":"c_confl_mg","category":"personality"}],"summary":{"text":"여러 사람들과 함께 일하다 보면 많은 갈등과 의견 충돌이 일어납니다. 이를 해결하기 위해서는 서로 대화가 많이 필요합니다. 일의 갈등뿐 아니라 개인적인 사적 갈등도 있을 것입니다. 그 갈등을 해소하려면 먼저 대화하고 서로 양보할 수 있는 부분을 양보해야 합니다.","wordCount":37}}},"rawDataInfo":{"question":{"fileFormat":"wav","fileSize":508238,"duration":15880,"samplingBit":16,"channelCount":1,"samplingRate":"16kHz","audioPath":"/Mock/07.ProductionManufacturing/Male/Experienced/ckmk_q_mm_m_e_176063.wav"},"answer":{"fileFormat":"wav","fileSize":2859598,"duration":89360,"samplingBit":16,"channelCount":1,"samplingRate":"16kHz","audioPath":"/Mock/07.ProductionManufacturing/Male/Experienced/ckmk_a_mm_m_e_176063.wav"}}}