{"version":"1.0","dataSet":{"info":{"date":"20230116","occupation":"MM","channel":"MOCK","place":"ONLINE","gender":"MALE","ageRange":"55-","experience":"EXPERIENCED"},"question":{"raw":{"text":"면접자님께서는 평소에 개인 작업을 많이 하시는 편인가요 많이 하신다면 개인 작업을 많이 할 수 있는 원동력은 어떤 것이 있다고 생각하시나요","wordCount":20},"emotion":[],"intent":[]},"answer":{"raw":{"text":"어 평소에 에 개인 작업이 저는 많이 하고 있습니다. 어 그 회사 업무에 개인 작업도 하고 있습니다만은 이 개인적으로 어 또 여러 가지 저의 발전을 위해서 어 책도 어 어 보고 하면서 또 개인적인 그 인테리어 어 이 많이 그런 식이 있어서 어 개인적으로는 집도 어 어 또 수리도 해 보고 거기에도 어떤 때는 어 그 반만 해서 해보고 또 어 장판도 어 할 수 있으면은 가끔 하고 있구요. 그 다음에 그 커텐도 요즘은 어 주문을 하게 되면 설치하게 에 꼭 옵니다. 긍께 그것을 어 제가 개인적으로 설치를 해서 쾌적한 환경을 어 집에 어 쾌적한 환경을 위해서 인테리어 역할 심이 있기 때문에 어 어려운 건 모르지만 소소한 것은 제가 아 개인적으로 어 어 연구하고 또 계획 세워서 개인 작업을 하고 있습니다.","wordCount":121},"emotion":[],"intent":[{"text":"","expression":"","category":"attitude"}],"summary":{"text":"개인적으로 책도 보고 집도 수리도 하고 장판도 하고 개인적으로 커텐을 설치해 쾌적한 환경을 만듭니다. 어려운 건 모르지만 소소한 것은 개인적으로 연구하고 개인 작업을 하고 있습니다.","wordCount":25}}},"rawDataInfo":{"question":{"fileFormat":"wav","fileSize":398798,"duration":12460,"samplingBit":16,"channelCount":1,"samplingRate":"16kHz","audioPath":"/Mock/07.ProductionManufacturing/Male/Experienced/ckmk_q_mm_m_e_184154.wav"},"answer":{"fileFormat":"wav","fileSize":2834638,"duration":88580,"samplingBit":16,"channelCount":1,"samplingRate":"16kHz","audioPath":"/Mock/07.ProductionManufacturing/Male/Experienced/ckmk_a_mm_m_e_184154.wav"}}}