{"version":"1.0","dataSet":{"info":{"date":"20230116","occupation":"MM","channel":"MOCK","place":"ONLINE","gender":"MALE","ageRange":"55-","experience":"EXPERIENCED"},"question":{"raw":{"text":"지원자께서 우리 회사에 입사 후 업무를 보시면서 지방 근무를 할 수 있습니다 만약 지방 근무를 할 수 있으신지 말씀해 주십시오","wordCount":20},"emotion":[],"intent":[]},"answer":{"raw":{"text":"공장이 지방에 많다 보면 어 지방 근무를 하게 될 수도 있다 라고 말씀하셨는데 저는 근무 가능합니다. 에 그래서 어 우리나라 어느 지역에 가서도 충분히 할 수 있는 그런 어 건강한 제 몸 상태도 되어 있구요. 어 마인드가 어 회사에 굉장히 맞출려고 하는 그 어 생각을 가지고 있기 때문에 항상 지방 근무는 머릿속에 염두에 두고 있습니다. 어 저는 어 여행도 좋아하고 어 그래서 어 그런 부분이 크게 에 제 그 리스크로 작용하지는 않습니다. 에 회사가 음 어 지방에 있다 하는 것은 굉장히 큰 회사일 거로 생각을 합니다. 그래서 어 그 큰 회사에서 어 근무한다는 그런 자부심도 있구요. 어 또 특히 이 또 제 제가 몸이 상태도 안 좋은 것도 아니고 또 부모를 뫼시는 입장도 아니고 얘들을 키울 수 있는 입장도 아니기 때문에 충분히 저는 준비가 돼 있다고 생각을 합니다.","wordCount":128},"emotion":[],"intent":[{"text":"","expression":"","category":"attitude"}],"summary":{"text":"공장이 지방에 많다면 지방 근무를 하게 될 수도 있다 라고 말씀하셨는데 저는 근무 가능합니다. 마인드가 회사에 초점을 맞출려고 하기 때문에 지방 근무는 항상 염두에 두고 있습니다. 제가 몸이 좋지 않은 것도 아니고 부모를 모시는 입장도 아니기 때문에 충분히 준비가 돼 있다고 생각합니다.","wordCount":42}}},"rawDataInfo":{"question":{"fileFormat":"wav","fileSize":442958,"duration":13840,"samplingBit":16,"channelCount":1,"samplingRate":"16kHz","audioPath":"/Mock/07.ProductionManufacturing/Male/Experienced/ckmk_q_mm_m_e_175753.wav"},"answer":{"fileFormat":"wav","fileSize":2851598,"duration":89110,"samplingBit":16,"channelCount":1,"samplingRate":"16kHz","audioPath":"/Mock/07.ProductionManufacturing/Male/Experienced/ckmk_a_mm_m_e_175753.wav"}}}