{"version":"1.0","dataSet":{"info":{"date":"20230116","occupation":"MM","channel":"MOCK","place":"ONLINE","gender":"MALE","ageRange":"35-44","experience":"EXPERIENCED"},"question":{"raw":{"text":"평소 검색을 자주 하시나요 그렇다면 어떤 검색을 주로 하시는지 왜 하시는지도 말씀해 주세요","wordCount":13},"emotion":[],"intent":[]},"answer":{"raw":{"text":"저는 최신 트렌드에 있는 키워드들을 많이 검색합니다. 예전에는 세상을 알기 위해서는 꼭 신문을 봐야 된다고 했는데요. 요즘은 신문을 보지 않아도 유튜브나 또는 또 다른 알고리즘들이 제가 원하는 뉴스를 지속적으로 저에게 노출시켜 줍니다. 그러면 유투브나 그렇게 노출된 알고리즘을 통해서 나온 특별한 뉴스나 트렌드를 검색을 통해서 어떤 키워드가 세상의 핵심이고 세상이 어떻게 돌아가고 있는지를 알아봐야 됩니다. 그래서 요즘 저는 빅데이타 에이아이 머신 러닝 바이두 자율 주행 같은 새로운 프로그램 세상에 대해서 공부를 많이 하고 있습니다. 제가 기존 회사에서 팩터리 오토메이션이라고 하는 공장 자동화 프로젝트를 오랫동안 맡은 경험이 있습니다. 이 공장 자동화도 역시 자율 주행과 관련 있고 또 에이아이와 빅데이터와도 관련이 많았습니다. 그래서 요즘 트렌드는 어떻게 변하고 있는지 자율 주행은 어느 단계까지 올라왔는지 또는 공장 자동화의 가장 핵심은 무엇인지 그 다음에 빅데이터를 통해서 어떤 데이터가 계속 쌓여나가고 있고 이천 이십 이 년 이천 이십 삼 년에 화두가 될 빅데이터는 무엇인지에 대해서 지속적으로 공부를 하면서 크롤링을 하면서 데이터를 수집도 하고 있습니다.","wordCount":147},"emotion":[{"text":"제가 기존 회사에서 팩터리 오토메이션이라고 하는 공장 자동화 프로젝트를 오랫동안 맡은 경험이 있습니다.","expression":"u-fact","category":"neutral"}],"intent":[{"text":"","expression":"","category":"attitude"}],"summary":{"text":"요즘 저는 최신 트렌드에 있는 키워드들을 많이 검색합니다. 요즘 트렌드는 어떻게 변하고 있는지, 자율 주행은 어느 단계까지 올라왔는지, 공장 자동화의 핵심은 무엇인지, 빅데이터를 통해서 어떤 데이터가 계속 쌓여나가고 있고 이천 이천 이 년 이천 이십 삼 년에 화두가 될 빅데이터는 무엇인지에 대해 공부를 하면서 데이터를 수집도 하고 있습니다.","wordCount":48}}},"rawDataInfo":{"question":{"fileFormat":"wav","fileSize":282318,"duration":8820,"samplingBit":16,"channelCount":1,"samplingRate":"16kHz","audioPath":"/Mock/07.ProductionManufacturing/Male/Experienced/ckmk_q_mm_m_e_164797.wav"},"answer":{"fileFormat":"wav","fileSize":2671438,"duration":83480,"samplingBit":16,"channelCount":1,"samplingRate":"16kHz","audioPath":"/Mock/07.ProductionManufacturing/Male/Experienced/ckmk_a_mm_m_e_164797.wav"}}}