{"version":"1.0","dataSet":{"info":{"date":"20230116","occupation":"MM","channel":"MOCK","place":"ONLINE","gender":"MALE","ageRange":"35-44","experience":"EXPERIENCED"},"question":{"raw":{"text":"우리나라에도 여러 가지 검색 엔진들이 있는데요 그런 검색 엔진을 사용을 해 보셨을 텐데 장단점에 대해서 한번 말씀을 해 보시고요 본인이 가장 원하는 검색 엔진이 있습니까","wordCount":25},"emotion":[],"intent":[]},"answer":{"raw":{"text":"네이버 다음 구글은 포털 엔진으로 시작했지만 현재는 네이버가 국내 대한민국 사람들에게 가장 좋은 검색 엔진입니다. 왜냐하면 네이버는 스마트 스토어 블로그 또는 네이버 티비 영상 네이버 카페 등을 통해서 많은 사람에게 노출을 할 수 있습니다. 하지만 네이버의 가장 큰 단점은 광고비가 너무 비싸다는 것이고 너무 돈을 많이 투자한 기업들 위주로 광고를 해주고 키워드를 잡아준다는 것입니다. 다음은 이미 이십 년 전에 한메일로 유명해지고 십 년 전에 카카오가 인수를 하면서 쪼금 영향력이 커졌지만 검색을 하기에는 키워드 작업이 너무 안 되어 있어서 많이 불편합니다. 구글은 전세계정 기여 기업으로 어떤 구글의 판매 플랫폼이라든가 구글에 대한 어떤 특정한 영역을 편을 들지는 않습니다. 하지만 구글의 가장 큰 단점은 광고비가 너무 비싸고 구글링이 쪼금만 잘못되면 인식을 하지 못하는 경향이 있다는 것입니다. 하지만 대한민국 사람들에게 네이버 다음 구글에 사용량을 보면 거의 비중은 네이버가 오십 오 퍼센트 다음이 오 퍼센트 구글이 사십 퍼센트 이상을 차지하고 있고 구글이 매년 점유율을 네이버의 점유율을 삼 퍼센트씩 더 차지하고 있는 것으로 알고 있어 현재는 구글이 가장 큰 크고 유튜브와 연결돼서 가장 좋은 플랫폼이라고 생각합니다.","wordCount":160},"emotion":[],"intent":[{"text":"","expression":"","category":"attitude"}],"summary":{"text":"대한민국 사람들에게 가장 좋은 검색 엔진은 네이버 다음 구글이지만, 광고비가 너무 비싸고 많이 투자한 기업 위주로 광고를 해주고 키워드를 잡아준다는 단점이 있습니다. 하지만 대한민국 사람들에게 네이버는 가장 큰 비중을 차지하고 있고 유튜브와 연결돼서 가장 좋은 플랫폼이라고 생각합니다.","wordCount":37}}},"rawDataInfo":{"question":{"fileFormat":"wav","fileSize":499278,"duration":15600,"samplingBit":16,"channelCount":1,"samplingRate":"16kHz","audioPath":"/Mock/07.ProductionManufacturing/Male/Experienced/ckmk_q_mm_m_e_164959.wav"},"answer":{"fileFormat":"wav","fileSize":2830158,"duration":88440,"samplingBit":16,"channelCount":1,"samplingRate":"16kHz","audioPath":"/Mock/07.ProductionManufacturing/Male/Experienced/ckmk_a_mm_m_e_164959.wav"}}}