{"version":"1.0","dataSet":{"info":{"date":"20230116","occupation":"MM","channel":"MOCK","place":"ONLINE","gender":"MALE","ageRange":"55-","experience":"EXPERIENCED"},"question":{"raw":{"text":"공동체의 가치에 입각 무형문화유산의 보호에 있어 적용되는 사회적 관념은 무엇이라고 생각하시나요","wordCount":11},"emotion":[],"intent":[]},"answer":{"raw":{"text":"음 어 인간 사회에서 어 무형 문화유산이라는 게 굉장히 중요합니다. 그리고 거기에 따라서 어 사회적 발전도 있고요. 어 또 나라의 근본이 되는 것 같습니다. 그래서 무형 문화유산이라는 게 잘 보호가 돼야 되고요. 그것을 통해서 어 학습 효과가 이루어진 것 같습니다. 그래서 그걸 어 항상 보존하고 계승하고 어 하는 게 우리 또 후대 후손들의 임무라고 생각을 합니다. 가치라는 게 굉장히 중요하죠. 어 정신적 가치도 있을 거고 어 또는 보고 어 학습하는 그런 가치도 있구요. 또는 그것을 통해 통해서 또 어 후손들에게 전달하는 그런 큰 역할을 한 것 같습니다. 그래서 무형 문화유산은 잘 발전시키고 또 보호해야 된다 라고 저는 굉장히 중요시하는 어 사회적 그 가치라고 생각을 합니다. 그서 공동적으로 우리가 그걸 보호함으로써 음 여러 가지 이 또 어 거기에 접목시키는 그런 시너지 효과도 발생이 되고요. 또는 거기에 배우면서 어 노력하면서 하다 보면 아마 좋은 결과가 있지 않을까 싶습니다.","wordCount":136},"emotion":[],"intent":[{"text":"그래서 무형 문화유산은 잘 발전시키고 또 보호해야 된다 라고 저는 굉장히 중요시하는 어 사회적 그 가치라고 생각을 합니다.","expression":"c_value","category":"background"}],"summary":{"text":"인간 사회에서 무형 문화유산은 매우 중요하며, 그것의 보호와 학습 효과가 이루어져 항상 보존하고 계승하는 것이 후대 후손들의 임무입니다. 가치라는 게 굉장히 중요하죠. 정신적 가치도 있고 학습하는 가치도 있으며, 그것을 통해 또 후손들에게 전달하는 큰 역할을 한 것 같습니다.","wordCount":38}}},"rawDataInfo":{"question":{"fileFormat":"wav","fileSize":373838,"duration":11680,"samplingBit":16,"channelCount":1,"samplingRate":"16kHz","audioPath":"/Mock/07.ProductionManufacturing/Male/Experienced/ckmk_q_mm_m_e_235660.wav"},"answer":{"fileFormat":"wav","fileSize":3340878,"duration":104400,"samplingBit":16,"channelCount":1,"samplingRate":"16kHz","audioPath":"/Mock/07.ProductionManufacturing/Male/Experienced/ckmk_a_mm_m_e_235660.wav"}}}