{"version":"1.0","dataSet":{"info":{"date":"20230116","occupation":"MM","channel":"MOCK","place":"ONLINE","gender":"MALE","ageRange":"-34","experience":"EXPERIENCED"},"question":{"raw":{"text":"지원자분께서는 지금까지 정비 관련 업무 경험이 많으셨습니다 그러면 성공적으로 정비 관련 이슈를 해결해 본 경험이 있으시다면 이것에 대해서 말씀해 주십시오","wordCount":20},"emotion":[],"intent":[]},"answer":{"raw":{"text":"제가 정비를 많이 해보지 않아서 정비 관련 이슈에 관해서까지는 없지만 개인적인 경험을 말씀드리자면 제가 운전하던 자동차에 자동차가 좀 균형이 흐트러지는 것 같아서 왜 그런가 이렇게 빽밀러를 봤더니 뒷바퀴에 바람이 빠지고 있더라구요. 그래서 당장 차를 멈추고 보험을 불러서 빵꾸를 떼워야 되겠다 라고 생각이 들다가 전화를 할려고 하다가 아차 싶었던 게 그렇게 보험을 부르게 되면은 무료로 출동시킬 수 있는 횟수가 차감되는데 이 빵꾸 때문에 보험을 부르는 것이 너무 아까운 거 아닌가 이거 내가 떼울 수 있지 않나 싶어가지고 어 제 차 속에 있는 간단한 장비들을 통해서 인터넷 검색을 통해서 빵꾸를 급하게 메울 수 있는 그런 조치들에 대해서 배우고 이렇게 하니까 그게 그렇게 어려운 것이 아니더라고요 아니더라고요. 그러니까 보험사에서 그것을 해주는 일에 대해서는 해주는 것에 대한 거는 좀 고마운 일이긴 한데 이것 때문에 보험 출동 횟수를 차감시켰나 여태까지 쫌 괘씸한 마음이 들기도 하면서 쫌 여러분들 모두가 쪼금 빵꾸 때우는 방법 정도는 꼭 알아야 된다고 생각을 하고 있어요.","wordCount":144},"emotion":[],"intent":[{"text":"그래서 당장 차를 멈추고 보험을 불러서 빵꾸를 떼워야 되겠다 라고 생각이 들다가 전화를 할려고 하다가 아차 싶었던 게 그렇게 보험을 부르게 되면은 무료로 출동시킬 수 있는 횟수가 차감되는데 이 빵꾸 때문에 보험을 부르는 것이 너무 아까운 거 아닌가 이거 내가 떼울 수 있지 않나 싶어가지고 어 제 차 속에 있는 간단한 장비들을 통해서 인터넷 검색을 통해서 빵꾸를 급하게 메울 수 있는 그런 조치들에 대해서 배우고 이렇게 하니까 그게 그렇게 어려운 것이 아니더라고요 아니더라고요.","expression":"f_equip","category":"technology"}],"summary":{"text":"개인적인 경험을 말씀드리자면 자동차 뒷바퀴에 바람이 빠져 보험을 부르려다 아깝다는 생각이 들었습니다. 인터넷 검색을 통해 간단한 장비로 해결을 한 경험이 있습니다.","wordCount":21}}},"rawDataInfo":{"question":{"fileFormat":"wav","fileSize":515918,"duration":16120,"samplingBit":16,"channelCount":1,"samplingRate":"16kHz","audioPath":"/Mock/07.ProductionManufacturing/Male/Experienced/ckmk_q_mm_m_e_200535.wav"},"answer":{"fileFormat":"wav","fileSize":2822478,"duration":88200,"samplingBit":16,"channelCount":1,"samplingRate":"16kHz","audioPath":"/Mock/07.ProductionManufacturing/Male/Experienced/ckmk_a_mm_m_e_200535.wav"}}}