{"version":"1.0","dataSet":{"info":{"date":"20230116","occupation":"MM","channel":"MOCK","place":"ONLINE","gender":"MALE","ageRange":"55-","experience":"EXPERIENCED"},"question":{"raw":{"text":"특별히 가고 싶은 회사가 있으십니까 특정 도메인이 중요한지 회사의 분위기가 중요한지 지원자님께서는 어떤 점을 중점적으로 보시는지 말씀해 주시겠습니까","wordCount":18},"emotion":[],"intent":[]},"answer":{"raw":{"text":"어 특별히 가고 싶은 회사는 호반 건설입니다. 옛날에 에 관련된 일을 하고 어 많은 협력 업체로서 활동을 했기 때문에 어 호반 건설을 선호를 하고 있는데요. 어 어 도메인이 중요한지 이 회사의 분위기가 중요한 지를 말씀드린다면 회사의 분위기라고 생각을 합니다. 그 오너가 어 성실함과 근면으로 어 뭉쳐서 어떤 회사의 분위기를 잘 살릴 수만 있다면 그런 회사 분위기에 에 상황에 따라서 어 회사가 성장하고 어 도태되고 한다는 것을 잘 알기 때문에 회사의 분위기가 좋아야지만이 그 회사는 발전될 수 있다 라고 생각을 해서 회사 분위기가 중요합니다. 회사 분위기가 안 좋으면 굉장히 개인적으로도 어 스트레스를 많이 받습니다. 그러다보면 일도 어 성과도 어 이게 많이 후퇴하지 않을까 생각을 해서 어 회사의 분위기를 많이 저는 어 중점을 두고 있습니다.","wordCount":113},"emotion":[],"intent":[{"text":"","expression":"","category":"attitude"}],"summary":{"text":"호반 건설은 특별히 가고 싶은 회사로, 회사 분위기가 중요하다 생각합니다. 회사 분위기가 안 좋으면 굉장히 스트레스를 많이 받습니다. 그러다보면 일도 성과도 많이 후퇴하지 않을까 생각해 회사 분위기를 중요하게 생각합니다.","wordCount":29}}},"rawDataInfo":{"question":{"fileFormat":"wav","fileSize":467278,"duration":14600,"samplingBit":16,"channelCount":1,"samplingRate":"16kHz","audioPath":"/Mock/07.ProductionManufacturing/Male/Experienced/ckmk_q_mm_m_e_175487.wav"},"answer":{"fileFormat":"wav","fileSize":2864718,"duration":89520,"samplingBit":16,"channelCount":1,"samplingRate":"16kHz","audioPath":"/Mock/07.ProductionManufacturing/Male/Experienced/ckmk_a_mm_m_e_175487.wav"}}}