{"version":"1.0","dataSet":{"info":{"date":"20230116","occupation":"MM","channel":"MOCK","place":"ONLINE","gender":"MALE","ageRange":"35-44","experience":"EXPERIENCED"},"question":{"raw":{"text":"지원자님께서 우리 회사에 지원을 할 때는 하고 싶었던 일이 있으셨을 겁니다 그런데 만약 지원자님께서 입사 후에 기존에 원하던 일이 아닌 다른 일을 하게 된다면 어떻게 하시겠습니까 그렇게 하신 이유도 함께 말해 주세요","wordCount":32},"emotion":[],"intent":[]},"answer":{"raw":{"text":"어 제가 이 회사에 입사 후에 제가 지원한 분야에 되지 않을 수도 있습니다. 그러면 제가 기존에 하던 일 자신이 있었던 일을 못 하게 되는 건데 이제 그럴 경우에는 좀 처음에는 당황을 할 것 같습니다. 조금 당황하고 그런 것들에 있어서 조금은 이제 무기력해질 수도 있겠지만 네 전혀 문제가 되지 않을 것 같습니다. 왜 그러냐면 이제 어떻게 똑같은 일만 원하는 일만 할 수는 없기 때문에 그 에 대한 마음의 준비는 충분히 되어 있는 것 같습니다. 그래서 완전히 다른 일을 하더라도 긍정적인 자세에 긍정적인 마인드로 대하다 보면은 경험이 될 수 있을 것 같은데 그런 부분에 있어서 조금 부족하다거나 느낀 것들에 대해서 보완할 수 있는 기회도 될 것이고 내가 자신 있는 분야가 또 하나 생기는 거기 때문에 그런 부분에서는 오히려 더 긍정적인 요소가 많을 것 같습니다. 그런 것들이 갖춰지고 기존에 잘하던 일 또 지금 하는 일 또 앞으로 또 새로운 일을 하는 데 있어서 또 배울 수 있다면 그것만큼 저에게 좋은 스펙은 없을 것이고 또 좋은 경험은 없을 거라고 생각하십니다. 그런 것들이 갖춰져서 저만의 능력이 되는 것이고 또 나의 무기가 될 수 있기 때문에 그렇게 새로운 일을 배우는 것에 대해서는 부담이 없겠습니다. 이상입니다.","wordCount":179},"emotion":[],"intent":[{"text":"","expression":"","category":"attitude"}],"summary":{"text":"이 회사에 입사 후에 자신이 있었던 일을 하지 못하게 되는 경우에는 전혀 문제가 되지 않을 것 같습니다. 다른 일을 하더라도 긍정적인 자세에 긍정적인 마인드로 대하다 보면 경험이 될 수 있을 것 같은데 그런 부분에 있어서 조금 부족하다거나 느낀 것들에 대해서 보완할 수 있는 기회도 될 것이고 그런 부분에서는 오히려 더 긍정적인 요소가 많을 것 같습니다.","wordCount":55}}},"rawDataInfo":{"question":{"fileFormat":"wav","fileSize":626318,"duration":19570,"samplingBit":16,"channelCount":1,"samplingRate":"16kHz","audioPath":"/Mock/07.ProductionManufacturing/Male/Experienced/ckmk_q_mm_m_e_191997.wav"},"answer":{"fileFormat":"wav","fileSize":2759118,"duration":86220,"samplingBit":16,"channelCount":1,"samplingRate":"16kHz","audioPath":"/Mock/07.ProductionManufacturing/Male/Experienced/ckmk_a_mm_m_e_191997.wav"}}}