{"version":"1.0","dataSet":{"info":{"date":"20230116","occupation":"MM","channel":"MOCK","place":"ONLINE","gender":"MALE","ageRange":"55-","experience":"EXPERIENCED"},"question":{"raw":{"text":"얼마 전에 어 구급대원이 주치 주취자에게 폭행을 당해서 순직 당하는 일이 있었습니다 어 이 사건에 대해서 어떻게 생각을 하시는지 말씀 부탁드립니다","wordCount":21},"emotion":[],"intent":[]},"answer":{"raw":{"text":"어 구급 대원이 주취자에게 당해 순직 당하는 일이 있었다고 어 또 물어보셨는데 어 참 안타까운 일입니다. 그 있어서는 될 일이 아니죠. 구급 대원은 저희 이 그 필수적으로 어 어 필요로 하는 인원이기 때문에 또 우리가 또 그분들이 이 도움을 주지만 우리도 또한 그 그분들을 보호할 책임도 있습니다. 어 그러나 또 어 술을 먹고 또 그분들이 이제 폭행을 해서 어 또 안타까운데 또 폭행을 한 어 흠과 동시에 또 잘못돼서 순직 당하는 일이 있었다니 굉장히 안타깝습니다. 에 이런 일이 없어야 되구요. 어 구급 대원이 이전에 에 우리 또 국민입니다. 어 국민은 항상 생명을 보호해야 된다는 우리 사명감도 있습니다. 그 이런 일이 없도록 어 노력 해야 되구요. 항상 에 경계심과 자각을 해야 된다고 생각을 합니다.","wordCount":113},"emotion":[],"intent":[{"text":"","expression":"","category":"attitude"}],"summary":{"text":"구급 대원이 주취자에게 당해 순직하는 일이 있었다고 말씀하셨는데 안타까운 일입니다. 구급대원은 필수적으로 필요한 인원이기 때문에 우리가 도움을 주지만 그들을 보호할 책임도 있습니다. 그런 일이 없도록 항상 경계심과 자각을 해야 된다고 생각합니다.","wordCount":31}}},"rawDataInfo":{"question":{"fileFormat":"wav","fileSize":539278,"duration":16850,"samplingBit":16,"channelCount":1,"samplingRate":"16kHz","audioPath":"/Mock/07.ProductionManufacturing/Male/Experienced/ckmk_q_mm_m_e_192633.wav"},"answer":{"fileFormat":"wav","fileSize":2887438,"duration":90230,"samplingBit":16,"channelCount":1,"samplingRate":"16kHz","audioPath":"/Mock/07.ProductionManufacturing/Male/Experienced/ckmk_a_mm_m_e_192633.wav"}}}