{"version":"1.0","dataSet":{"info":{"date":"20230116","occupation":"MM","channel":"MOCK","place":"ONLINE","gender":"MALE","ageRange":"-34","experience":"EXPERIENCED"},"question":{"raw":{"text":"업무 중 스케줄에 없던 일이 생길 때가 많이 있는데요 만약에 지원자님께 이러한 상황이 생긴다면 지원자님은 어떻게 대처하실 생각이십니까","wordCount":18},"emotion":[],"intent":[]},"answer":{"raw":{"text":"업무 중 스케줄에 없던 일이 생길 때는 저는 사실 제 성격상 그런 것들에 대처하는 것이 그렇게 어려운 사람은 아닙니다. 제가 오늘 하루의 스케줄을 짜고 어떤 저의 시간 테이블을 작성을 할 때에도 전체적으로 내가 오늘 꼭 처리해야 하는 것 급하게 처리해야 하는 것 등에 대략적인 우선순위만 나누는 거고 그 외의 시간들은 조금 여유 있게 계획을 짜기 때문에 그 안에 다른 스케줄이 들어온다고 하더라도 그 스케줄을 처리할 수 있을 만큼의 저의 에너지와 저의 시간을 쓸 수 있도록 준비를 약간 했는 그러한 성격입니다. 그렇다고 해서 계획을 에이부터 제트까지 어떠한 계획을 세우고 그대로 하는 것이 저에게는 잘 맞지 않고 그것을 지킬려고 노력을 하고 그것을 지키지 못했을 때 압박감을 받는 것이 오히려 저한테는 힘들어서 저는 좀 더 여유 있게 대처를 하는 편인 것 같습니다.","wordCount":119},"emotion":[],"intent":[{"text":"제가 오늘 하루의 스케줄을 짜고 어떤 저의 시간 테이블을 작성을 할 때에도 전체적으로 내가 오늘 꼭 처리해야 하는 것 급하게 처리해야 하는 것 등에 대략적인 우선순위만 나누는 거고 그 외의 시간들은 조금 여유 있게 계획을 짜기 때문에 그 안에 다른 스케줄이 들어온다고 하더라도 그 스케줄을 처리할 수 있을 만큼의 저의 에너지와 저의 시간을 쓸 수 있도록 준비를 약간 했는 그러한 성격입니다.","expression":"f_cons","category":"attitude"}],"summary":{"text":"업무 중 스케줄에 없던 일이 생길 때는 제 성격상 대처가 그렇게 어려운 사람은 아닙니다. 하지만 어떤 계획을 세우고 그대로 하는 것이 저에게는 잘 맞지 않고 그것을 지킬려고 노력을 하고 그것을 지키지 못했을 때 압박감을 받는 것이 저에겐 힘들어서 좀 더 여유 있게 대처를 하는 편인 것 같습니다.","wordCount":47}}},"rawDataInfo":{"question":{"fileFormat":"wav","fileSize":524238,"duration":16379,"samplingBit":16,"channelCount":1,"samplingRate":"16kHz","audioPath":"/Mock/07.ProductionManufacturing/Male/Experienced/ckmk_q_mm_m_e_293362.wav"},"answer":{"fileFormat":"wav","fileSize":2740558,"duration":85640,"samplingBit":16,"channelCount":1,"samplingRate":"16kHz","audioPath":"/Mock/07.ProductionManufacturing/Male/Experienced/ckmk_a_mm_m_e_293362.wav"}}}