{"version":"1.0","dataSet":{"info":{"date":"20230116","occupation":"MM","channel":"MOCK","place":"ONLINE","gender":"MALE","ageRange":"55-","experience":"EXPERIENCED"},"question":{"raw":{"text":"시험 기간에 아 시간이 촉박할 때 어떻게 시간 관리를 하셨는지 궁금하네요 어 지원자님만이 갖고 있는 시간 관리법이 있다면 이 자리에서 한 번 소개해 주시겠습니까","wordCount":24},"emotion":[],"intent":[]},"answer":{"raw":{"text":"어 항상 어 회사에 들어가게 된다던가 대학교를 다닐 적에 시험에 에 마음이 에 촉박한 그런 경험을 어 많이 해봤습니다. 그럴 때 보면 항상 시간을 이 어 관리를 해야 되는데요. 그 참 관리법이 어렵습니다. 그 그래서 시간이 좀 음 기간이라든가 이런 시간들이 촉박할 때는 그 좀 잠을 좀 덜 자는 편입니다. 그래서 잠으로 어 그 하루에 여덟 시간을 잠을 잔다고 생각을 하면 시간이 촉박할 때는 네 시간 정도로 줄여서 에 잠을 자고요. 또 그 잠이 또 부족하다 싶으면 어 오후에 에 그 피곤할 때 식사 후 잠이 많이 옵니다. 그럴때게 이제 어 눈을 붙여서 한 시간 정도 그 에 잠을 통해서 굉장히 피곤을 이겨냈던 그런 기억들이 납니다. 시간 촉박하면 어 무조건적으로 그 시간을 만들 수 있는 여유을 생각해야 되지 않을까 싶습니다.","wordCount":120},"emotion":[],"intent":[{"text":"","expression":"","category":"attitude"}],"summary":{"text":"항상 회사에 들어가거나 대학에 다닐 적에 마음이 촉박한 경험을 많이 해봤습니다. 그럴 때 항상 시간을 관리해야 하는데 참 어렵습니다. 그래서 시간이 촉박할 때는 잠을 덜 자는 편인데, 무조건적으로 시간을 만들 수 있는 여유를 가져야 될 것 같습니다.","wordCount":37}}},"rawDataInfo":{"question":{"fileFormat":"wav","fileSize":488078,"duration":15250,"samplingBit":16,"channelCount":1,"samplingRate":"16kHz","audioPath":"/Mock/07.ProductionManufacturing/Male/Experienced/ckmk_q_mm_m_e_186079.wav"},"answer":{"fileFormat":"wav","fileSize":2887118,"duration":90220,"samplingBit":16,"channelCount":1,"samplingRate":"16kHz","audioPath":"/Mock/07.ProductionManufacturing/Male/Experienced/ckmk_a_mm_m_e_186079.wav"}}}