{"version":"1.0","dataSet":{"info":{"date":"20230116","occupation":"MM","channel":"MOCK","place":"ONLINE","gender":"MALE","ageRange":"55-","experience":"EXPERIENCED"},"question":{"raw":{"text":"어 지원자님이 왜 이 분야에 관심을 가지게 됐고 어 또 지원하게 된 이유가 궁금합니다 어 이유와 지원 동기를 말씀해 주세요","wordCount":20},"emotion":[],"intent":[]},"answer":{"raw":{"text":"어 음 저는 광고 쪽에 홍보를 에 관심을 많이 가지고 있구요 또 그 관련돼서 어 홍보 쪽에 지원을 하게 되었는데 어 저는 어 대학교를 광고 홍보학과를 나왔습니다. 그래서 어 거기에서 배운 것을 어 회사에 도움이 되고자 들어갔습니다. 그래서 그동안에 에 제 경험 또 공부했던 부분을 에 항상 어 그 관 관심을 가지고 있는데요. 어 회사에다 에 저희 역량을 발휘해서 에 회사가 어 크나 큰 저의 쓰임새를 또 이용을 해 준다면 그래서 저는 굉장히 기쁘게 받아들이겠습니다. 그래서 항상 공 공부도 많이 했고 또 이 분야에 잘 알기 때문에 에 회사에 적응하는데도 많은 도움이 될 것 같아서 어 저는 이 이 광고 홍보 어 쪽에 에 지원을 했습니다.","wordCount":106},"emotion":[{"text":"그래서 그동안에 에 제 경험 또 공부했던 부분을 에 항상 어 그 관 관심을 가지고 있는데요.","expression":"p-interest","category":"positive"}],"intent":[{"text":"","expression":"","category":"attitude"}],"summary":{"text":"광고 홍보학과를 나온 저는 회사에 도움이 되고자 광고 홍보 쪽에 지원을 하게 되었습니다. 회사에다 제가 역량을 발휘하도록 저의 쓰임새를 이용해 준다면 기쁘게 받아들이겠습니다.","wordCount":23}}},"rawDataInfo":{"question":{"fileFormat":"wav","fileSize":517198,"duration":16160,"samplingBit":16,"channelCount":1,"samplingRate":"16kHz","audioPath":"/Mock/07.ProductionManufacturing/Male/Experienced/ckmk_q_mm_m_e_188286.wav"},"answer":{"fileFormat":"wav","fileSize":2766158,"duration":86440,"samplingBit":16,"channelCount":1,"samplingRate":"16kHz","audioPath":"/Mock/07.ProductionManufacturing/Male/Experienced/ckmk_a_mm_m_e_188286.wav"}}}