{"version":"1.0","dataSet":{"info":{"date":"20230116","occupation":"MM","channel":"MOCK","place":"ONLINE","gender":"MALE","ageRange":"55-","experience":"EXPERIENCED"},"question":{"raw":{"text":"기술적인 이슈를 해결했던 경험을 이야기해 주시기 바랍니다","wordCount":7},"emotion":[],"intent":[]},"answer":{"raw":{"text":"저는 어 광고 홍보 학과을 나와서 어 간판 회사에 몸을 담았었습니다. 어 그래서 어 저희가 간판 제작을 해서 어 업체에 들어가서 그 간판을 설치를 하는데요. 굉장히 에 그 이슈가 있었던 일이 있습니다. 사이즈가 잘 안 맞아서 음 거기에 설치를 할 수가 없었던 너무 커 가지고 에 설치를 할 수 없었던 경험이 있습니다. 그래서 재차 그래서 사이즈를 어 제대로 재서 어 다시 현장에서 어 다시 어 그것을 제작을 해서 그 사이즈에 맞도록 어 설치해 준 경험이 있습니다. 어 소비자 어 고객이 굉장히 어 저희 신임도 하고 어 또 어 현장에서 바로 하니까 그게 굉장히 시간도 절약되고 에 그 고객 분께서 너무 좋아하신 그런 경험이 있다는 말씀을 어 올리겠습니다.","wordCount":107},"emotion":[{"text":"저는 어 광고 홍보 학과을 나와서 어 간판 회사에 몸을 담았었습니다.","expression":"u-fact","category":"neutral"}],"intent":[{"text":"","expression":"","category":"attitude"}],"summary":{"text":"광고 홍보 학과 나와서 간판 회사에 몸담고 있었는데, 간판을 제작을 해서 업체에 들어가 설치를 할 때, 사이즈가 맞지 않아 설치를 할 수 없었던 적이 있었습니다. 하지만 다시 현장에서 제작해서 설치해 준 경험이 있습니다.","wordCount":33}}},"rawDataInfo":{"question":{"fileFormat":"wav","fileSize":243278,"duration":7600,"samplingBit":16,"channelCount":1,"samplingRate":"16kHz","audioPath":"/Mock/07.ProductionManufacturing/Male/Experienced/ckmk_q_mm_m_e_188290.wav"},"answer":{"fileFormat":"wav","fileSize":2695758,"duration":84240,"samplingBit":16,"channelCount":1,"samplingRate":"16kHz","audioPath":"/Mock/07.ProductionManufacturing/Male/Experienced/ckmk_a_mm_m_e_188290.wav"}}}