{"version":"1.0","dataSet":{"info":{"date":"20230116","occupation":"MM","channel":"MOCK","place":"ONLINE","gender":"MALE","ageRange":"55-","experience":"EXPERIENCED"},"question":{"raw":{"text":"만약 상사가 업무와 무관한 일을 시킨다면 어떻게 할 건가요 잘 수행할 건가요 아니면 수행하지 않을 건가요","wordCount":16},"emotion":[],"intent":[]},"answer":{"raw":{"text":"회사 생활을 하다보면 어 또 어리운 일들이 많이 있는데요. 제일 어려운 일이 상사가 업무와 무관한 일을 시킬 때가 있습니다. 아 저는 긍정적으로 받아들이겠습니다. 어 제 업무가 어 굉장히 어렵고 시간이 없는 어 업무라면 어 뭐 무관한 일을 시키면 어렵겠지만 또 상사가 또 어 제가 바쁜데 무관한 업무를 시킬 그런 상사라면 어 이 게 쪼금 생각해 봐야 되겠지만 또 그렇지 않은 상사를 만날 수가 있습니다. 그래서 상사가 업무와 무관한 일을 시켜도 어 또 업무 시간에는 그것을 어 쪼개서 일을 할 수가 없으면 음 해 본 후에 에 상사가 시킨 일에 에 성실히 수행을 하고 싶습니다. 어 상사가 시켰는데 무조건 반대를 하게 되면 어 또 다음 업무에 지장을 많이 초래하기 때문에 저는 적극적으로 어 상사의 말씀에 네 따를려고 노력하겠습니다.","wordCount":117},"emotion":[],"intent":[{"text":"","expression":"","category":"attitude"}],"summary":{"text":"회사 생활을 하다보면, 상사가 업무와 무관한 일을 시킬 때가 있는데, 이를 긍정적으로 받아들이겠습니다. 업무가 굉장히 어렵고 시간이 없는 업무라면 그렇게 시킬 수도 있습니다. 상사의 말씀에 따르겠습니다.","wordCount":26}}},"rawDataInfo":{"question":{"fileFormat":"wav","fileSize":437518,"duration":13670,"samplingBit":16,"channelCount":1,"samplingRate":"16kHz","audioPath":"/Mock/07.ProductionManufacturing/Male/Experienced/ckmk_q_mm_m_e_188373.wav"},"answer":{"fileFormat":"wav","fileSize":2821838,"duration":88180,"samplingBit":16,"channelCount":1,"samplingRate":"16kHz","audioPath":"/Mock/07.ProductionManufacturing/Male/Experienced/ckmk_a_mm_m_e_188373.wav"}}}