{"version":"1.0","dataSet":{"info":{"date":"20230116","occupation":"MM","channel":"MOCK","place":"ONLINE","gender":"MALE","ageRange":"55-","experience":"EXPERIENCED"},"question":{"raw":{"text":"면접자님께서는 본인이 교번 근무에 잘 적응을 하실 수 있다고 생각을 하시는지 궁금합니다 그리고 그러한 근거에 대해서도 함께 말씀 부탁드립니다","wordCount":19},"emotion":[],"intent":[]},"answer":{"raw":{"text":"어 저는 교번 근무를 많이 해봤습니다. 그래서 적응을 잘 할 수 있다 라고 생각을 하고요. 어 군대에 해서 삼 년간 어 근무를 불침번도 서 봤고 어 근무에 대한 개념을 잘 알기 때문에 정신력으로 괴퇴야 된다고 생각을 하고요. 어 그것을 또 서로의 그 믿음과 신뢰가 있어야지만이 그 된다고 생각을 하고 있습니다. 그래서 항상 어 정신 자세 이런 부분이 중요하다고 생각을 하고요. 또 교봉 근무에 있어서 굉장히 중요한 것은 어 시간인 것 같습니다. 시간을 잘 지켜서 어 할 수 있는 최대한에 어 노력을 해야 되겠죠. 그래서 앤적으로 어 사심 왕이라든가 이런 이제 또 준비가 잘 돼 있어야지만이 이 게 교단 근무를 잘하지 않을까 싶어서 저는 적응은 어 충분히 가능하다고 생각을 해왔고요. 마음가짐이 중요하다고 생각을 하고 있습니다.","wordCount":114},"emotion":[],"intent":[{"text":"어 저는 교번 근무를 많이 해봤습니다.","expression":"f_shift","category":"technology"},{"text":"어 군대에 해서 삼 년간 어 근무를 불침번도 서 봤고 어 근무에 대한 개념을 잘 알기 때문에 정신력으로 괴퇴야 된다고 생각을 하고요.","expression":"f_shift","category":"technology"},{"text":"또 교봉 근무에 있어서 굉장히 중요한 것은 어 시간인 것 같습니다.","expression":"f_shift","category":"technology"},{"text":"그래서 앤적으로 어 사심 왕이라든가 이런 이제 또 준비가 잘 돼 있어야지만이 이 게 교단 근무를 잘하지 않을까 싶어서 저는 적응은 어 충분히 가능하다고 생각을 해왔고요.","expression":"f_shift","category":"technology"}],"summary":{"text":"교번 근무는 항상 정신 자세와 시간이 중요합니다. 교번 근무에 있어 시간은 굉장히 중요하기 때문에 준비가 잘 돼 있어야만 교번 근무를 잘 할 수 있습니다. 그래서 마음가짐이 중요합니다.","wordCount":27}}},"rawDataInfo":{"question":{"fileFormat":"wav","fileSize":542158,"duration":16940,"samplingBit":16,"channelCount":1,"samplingRate":"16kHz","audioPath":"/Mock/07.ProductionManufacturing/Male/Experienced/ckmk_q_mm_m_e_186080.wav"},"answer":{"fileFormat":"wav","fileSize":2810638,"duration":87830,"samplingBit":16,"channelCount":1,"samplingRate":"16kHz","audioPath":"/Mock/07.ProductionManufacturing/Male/Experienced/ckmk_a_mm_m_e_186080.wav"}}}