{"version":"1.0","dataSet":{"info":{"date":"20230116","occupation":"MM","channel":"MOCK","place":"ONLINE","gender":"MALE","ageRange":"55-","experience":"EXPERIENCED"},"question":{"raw":{"text":"직무를 수행할 때 모르는 과제가 등장했다면 지 원자님께서는 어떻게 해결하시겠습니까 해결법과 이유를 함께 말씀해 주세요","wordCount":15},"emotion":[],"intent":[]},"answer":{"raw":{"text":"어 직무 수행에 있어서 내가 아무리 전문가이고 어 그 분야에 에 굉장히 어 잘 안다고 하지만은 항상 모르는 과제가 등장을 합니다. 그런 등장하게 되면 어 너무 당황을 하다 보면 일을 그르치는 경우가 많이 있습니다. 그런 과제가 등장한다면 음 팀원들에게 자문도 구하고 또는 어 경험이 많으신 직장 상사분들에게 그런 부분을 좀 보고해서 어 좋은 방법을 찾아서 해결을 하는 게 제일 좋구요. 또 어 그게 어 조금 어 또 전문성이 필요하고 하라 한다라면 전문가 의견을 존중해서 어 해결을 하는 게 젤로 좋지 않을까 생각합니다. 혼자 그것을 해결할려고 하면은 항상 어 더 큰 문제가 혁신하는 경우가 많이 있었습니다. 그래서 항상 주변 어 지인들에게 많은 조언을 어 듣고 어 해결하겠습니다.","wordCount":106},"emotion":[],"intent":[{"text":"","expression":"","category":"attitude"}],"summary":{"text":"직무 수행에 있어 전문가라 하더라도 모르는 과제가 등장하면 팀원이나 상사에게 자문을 구하거나 전문가 의견을 존중해 해결하는 것이 좋습니다. 혼자 해결하려고 하면 더 큰 문제가 혁신하는 경우가 많아 주변 지인들의 조언을 듣고 해결하겠습니다.","wordCount":32}}},"rawDataInfo":{"question":{"fileFormat":"wav","fileSize":450638,"duration":14080,"samplingBit":16,"channelCount":1,"samplingRate":"16kHz","audioPath":"/Mock/07.ProductionManufacturing/Male/Experienced/ckmk_q_mm_m_e_188292.wav"},"answer":{"fileFormat":"wav","fileSize":2892238,"duration":90380,"samplingBit":16,"channelCount":1,"samplingRate":"16kHz","audioPath":"/Mock/07.ProductionManufacturing/Male/Experienced/ckmk_a_mm_m_e_188292.wav"}}}