{"version":"1.0","dataSet":{"info":{"date":"20230116","occupation":"MM","channel":"MOCK","place":"ONLINE","gender":"MALE","ageRange":"55-","experience":"EXPERIENCED"},"question":{"raw":{"text":"네 만약에 우리 회사가 해외 무대로 진출하게 된다면 어디로 진출하는 것이 가장 좋겠습니까 어 생각하시는 나라가 있으면 말씀해 주시구요 또 그 이유도 함께 말씀해 주시기 바랍니다","wordCount":26},"emotion":[],"intent":[]},"answer":{"raw":{"text":"해외 무대로 우리 회사가 진출한다면 어 참 아름다운 일이고 어 고무적인 일이라고 생각을 합니다. 어 항상 음 어 해외에로 어 여 회사가 진출하는 게 제 로망이었구요. 앞으로도 그런 생각을 계속 가지고 있을 겁니다. 어 여기 서 해외로 우리 에 회사가 진출한다면 인구도 많고 땅도 넓은 중국 일본 영국 독일 인도 어 이런 기타 등등이 있겠죠. 그래서 그중에 제일 이 이 어 해외에 진출하고 싶은 데는 어 중국입니다. 중국은 땅도 넘고 인구도 많고 또 우리나라 아 하고 그 인접 국가이기 때문에 어 유통도 쉽고 또 어 거기에 따르는 또 거리가 짧기 때문에 에 자제 운반하는 데 운송비도 적게 들고 또 여러 가지로 그 중국은 인건비도 싸고 해서 어 중국으로 진출해서 우리 회사가 어 큰 성장을 했으면 하는 그런 바램을 가져봅니다.","wordCount":119},"emotion":[],"intent":[{"text":"","expression":"","category":"attitude"}],"summary":{"text":"해외 진출은 아름다운 일이고 고무적인 일입니다. 특히 중국은 땅도 넘고 인구도 많고 유통도 쉽고 그 인접 국가이기 때문에 운송비도 적게 들고 인건비도 싸고 해서 우리 회사가 큰 성장을 했으면 하는 바램입니다.","wordCount":31}}},"rawDataInfo":{"question":{"fileFormat":"wav","fileSize":541838,"duration":16930,"samplingBit":16,"channelCount":1,"samplingRate":"16kHz","audioPath":"/Mock/07.ProductionManufacturing/Male/Experienced/ckmk_q_mm_m_e_185989.wav"},"answer":{"fileFormat":"wav","fileSize":2849038,"duration":89030,"samplingBit":16,"channelCount":1,"samplingRate":"16kHz","audioPath":"/Mock/07.ProductionManufacturing/Male/Experienced/ckmk_a_mm_m_e_185989.wav"}}}