{"version":"1.0","dataSet":{"info":{"date":"20230116","occupation":"MM","channel":"MOCK","place":"ONLINE","gender":"MALE","ageRange":"35-44","experience":"EXPERIENCED"},"question":{"raw":{"text":"지금까지 태어나서 한 일들 중에 가장 후회하는 일이 무엇인가요 한 가지만 골라서 저희에게 말씀해 주세요","wordCount":15},"emotion":[],"intent":[]},"answer":{"raw":{"text":"중학교 삼 학년 고등학교를 진학할 수 있는 시기에 저는 특목고를 포기하고 공부 못하는 남녀 공학의 고등학교로 지원을 했습니다. 그때 당시 특목고에 갈 실력이 됐지만 제 스스로 특목고에 가서 하루에 열 시간 열 다섯 시간씩 공부할 자신도 없었고 뛰어난 수제들과 함께 같이 경쟁할 자신이 없어 부모님과 선생님의 극구 만류에도 불구하고 공부는 좀 못하지만 남녀 공학인 학교로 지원을 하게 되었습니다. 지금 생각해 보면 특목고를 가고 싶지도 않았지만 특히나 남녀 공학을 가서 여자 친구를 사귀고 싶다는 어린 마음에 그렇게 부모님의 극구 만류에 결국은 제 뜻을 굽히지 않았습니다. 지금 와서 생각해 보니 공부를 못하는 고등학교를 가서 열심히만 하면 저 또한 좋은 대학을 갈 수 있고 좋은 성적을 받을 것이라고 착각했지만 회사의 분위기도 그렇듯 학교의 분위기도 사람의 능력을 좌지우지하게 됩니다. 결국 저는 거기서 뱀의 머리가 되고자 했지만 성적은 점점 떨어졌고 대학교 때 좋은 대학을 갈 수 있는 실력은 나오지 않았습니다. 지금 와서 생각해 보면 그때 특목고를 가서 더 열심히 공부를 했다고 하면 지금 더 많은 지식과 능력과 좋은 학교를 갈 수 있는 기회가 있지 않았나 싶습니다.","wordCount":161},"emotion":[{"text":"중학교 삼 학년 고등학교를 진학할 수 있는 시기에 저는 특목고를 포기하고   공부 못하는 남녀 공학의 고등학교로 지원을 했습니다.","expression":"u-fact","category":"neutral"},{"text":"그때 당시 특목고에 갈 실력이 됐지만   제 스스로 특목고에 가서 하루에 열 시간 열 다섯 시간씩 공부할 자신도 없었고 뛰어난 수제들과 함께 같이 경쟁할 자신이 없어 부모님과 선생님의 극구 만류에도 불구하고 공부는 좀 못하지만   남녀 공학인 학교로 지원을 하게 되었습니다.","expression":"u-fact","category":"neutral"}],"intent":[{"text":"","expression":"","category":"attitude"}],"summary":{"text":"저는 특목고를 포기하고 공부 못하는 남녀 공학의 고등학교로 지원했습니다. 당시에 특목고에 갈 실력이 됐지만 스스로 공부할 자신도 없고 뛰어난 수제들과 함께 경쟁할 자신이 없어 부모님과 선생님의 만류에도 불구하고 남녀 공학인 학교로 지원을 하게 되었습니다. 그때 특목고는 제게 많은 지식과 능력과 좋은 학교를 갈 수 있는 기회가 되지 않았나 싶습니다.","wordCount":49}}},"rawDataInfo":{"question":{"fileFormat":"wav","fileSize":312718,"duration":9770,"samplingBit":16,"channelCount":1,"samplingRate":"16kHz","audioPath":"/Mock/07.ProductionManufacturing/Male/Experienced/ckmk_q_mm_m_e_169854.wav"},"answer":{"fileFormat":"wav","fileSize":2756558,"duration":86140,"samplingBit":16,"channelCount":1,"samplingRate":"16kHz","audioPath":"/Mock/07.ProductionManufacturing/Male/Experienced/ckmk_a_mm_m_e_169854.wav"}}}