{"version":"1.0","dataSet":{"info":{"date":"20230116","occupation":"MM","channel":"MOCK","place":"ONLINE","gender":"MALE","ageRange":"55-","experience":"EXPERIENCED"},"question":{"raw":{"text":"우리 회사에 들어와서 본인이 하고 싶은 업무가 있으십니까 있으시다면 그 이유와 함께 말씀해 주십시오","wordCount":14},"emotion":[],"intent":[]},"answer":{"raw":{"text":"어 제가 어 어 회사에 에 어 저는 항상 업무를 대학교 때부터 지금까지 이 광고 어 업무를 해 왔기 때문에 그쪽 광고 홍보 업무를 해보고 싶습니다. 어 지금까지 경험을 바탕으로 어 할 수 있는 게 예 광고 홍보 업무고요. 어 또 회사에 들어가게 되면 제일 중요한 게 홍보 같습니다. 그래서 광고를 잘 해야지만이 또 회사의 이익도 어 창출할 수 있는 그런 이게 있기 때문에 그래서 어 생산보다는 저는 홍보 쪽에 많은 역할을 하고 싶습니다. 그동안에 배웠던 것을 어 내 이 펼치고 어 또 어 회사에도 도움을 줄 수 있구요. 어 저 개인적으로도 아는 것이 에 홍보 업무이기 때문에 에 아마 어 그 어 능수능란하게 이 되지 않을까 싶어서요. 어 저는 항상 홍보 업무에 관심을 많이 가지고 있습니다.","wordCount":117},"emotion":[{"text":"어 제가 어 어 회사에 에 어 저는 항상 업무를 대학교 때부터 지금까지 이 광고 어 업무를 해 왔기 때문에 그쪽 광고 홍보 업무를 해보고 싶습니다.","expression":"p-interest","category":"positive"},{"text":"그래서 광고를 잘 해야지만이 또 회사의 이익도 어 창출할 수 있는 그런 이게 있기 때문에 그래서 어 생산보다는 저는 홍보 쪽에 많은 역할을 하고 싶습니다.","expression":"p-interest","category":"positive"}],"intent":[{"text":"","expression":"","category":"attitude"}],"summary":{"text":"회사 광고 홍보 업무를 해보고 싶습니다. 광고를 잘 해야 회사의 이익도 창출할 수 있기 때문에 홍보 쪽에 많은 역할을 하고 싶은데, 그동안 배웠던 것을 펼치고 회사에도 도움을 줄 수 있을 것 같습니다.","wordCount":32}}},"rawDataInfo":{"question":{"fileFormat":"wav","fileSize":511438,"duration":15980,"samplingBit":16,"channelCount":1,"samplingRate":"16kHz","audioPath":"/Mock/07.ProductionManufacturing/Male/Experienced/ckmk_q_mm_m_e_188343.wav"},"answer":{"fileFormat":"wav","fileSize":2727758,"duration":85240,"samplingBit":16,"channelCount":1,"samplingRate":"16kHz","audioPath":"/Mock/07.ProductionManufacturing/Male/Experienced/ckmk_a_mm_m_e_188343.wav"}}}