{"version":"1.0","dataSet":{"info":{"date":"20230116","occupation":"MM","channel":"MOCK","place":"ONLINE","gender":"MALE","ageRange":"55-","experience":"EXPERIENCED"},"question":{"raw":{"text":"지원자님은 평소에 본인의 의견을 주장하실 때 강하게 주장하는 편이신가요 어떤 스타일로 본인의 의견을 주장하는 편이신지 들어보고 싶습니다","wordCount":17},"emotion":[],"intent":[]},"answer":{"raw":{"text":"어 항상 그 일을 하다보면 자기 이 주장을 강하게 에 어필할 때가 많이 있습니다. 저는 또 에 반대로 에 강하게 주장하는 편이 아닙니다. 그 친구들 간에 아니면 어 또 직장 동료들 간에 너무 어 내 주장만 강하게 에 하면 항상 나중에 에 인과관계가 이뤄지지도 않고 어 그릇된 일들이 많이 발생을 하게 됩니다. 그래서 어 저는 항상 강하게 에 어 주장하기보다는 어 우회적으로 유하게 어 돌려서 말하는 그런 스타일입니다. 어 항상 어 내 강함을 주장하다가 어 또 인과관계까지 무너지는 그런 부분을 많이 경험도 했고 또 주위 사람들을 보면 음 너무 내 주장이 강하다 보면 이기적이라는 어 그런 생각을 많이 하더라구요. 그래서 어 일단은 인간 관계가 중요하기 때문에 내 주장을 너무 어 강하게 이야기하다보면 에 모든 어 인과관계도 안 된다는 걸 알고 있습니다.","wordCount":121},"emotion":[],"intent":[{"text":"","expression":"","category":"attitude"}],"summary":{"text":"저는 강하게 주장하기보다는 우회적으로 유하게 돌려서 말하는 스타일입니다. 일단 인간 관계가 중요하기 때문에 제 주장을 강하게 이야기하다보면 에 모든 인과관계도 안 된다는 걸 알고 있습니다.","wordCount":25}}},"rawDataInfo":{"question":{"fileFormat":"wav","fileSize":607438,"duration":18980,"samplingBit":16,"channelCount":1,"samplingRate":"16kHz","audioPath":"/Mock/07.ProductionManufacturing/Male/Experienced/ckmk_q_mm_m_e_188289.wav"},"answer":{"fileFormat":"wav","fileSize":2895438,"duration":90480,"samplingBit":16,"channelCount":1,"samplingRate":"16kHz","audioPath":"/Mock/07.ProductionManufacturing/Male/Experienced/ckmk_a_mm_m_e_188289.wav"}}}