{"version":"1.0","dataSet":{"info":{"date":"20230116","occupation":"MM","channel":"MOCK","place":"ONLINE","gender":"MALE","ageRange":"-34","experience":"EXPERIENCED"},"question":{"raw":{"text":"일을 하다 보면 업무량이 과하게 많아질 수 있습니다 그래도 잘 이겨낼 수 있습니까","wordCount":13},"emotion":[],"intent":[]},"answer":{"raw":{"text":"적정선이 있을 것이라고 생각을 합니다. 업무량이 과도해졌다는 것은 분명 어딘가에서 제 시간에 처리해야 될 일들을 제 시간에 처리해야 될 일들을 정확히 처리하지 못했기 때문에 여기까지 온 것이라고 생각을 합니다. 그 문제는 협업을 기본적으로 마인드를 가지고 있는 저에게는 슬픈 사실입니다. 그렇기 때문에 동료들을 사랑하는 마음이 있다면 그 과도한 업무라도 얼마든지 처리할 것입니다. 그렇지만 그 과정을 통해서 그 과정을 반성을 통해서 그 과정에 반성을 통해서 다음부터는 이런 일이 일어나지 않도록 피드백을 해야 한다고 생각합니다. 그 피드백은 저만이 하는 것이 아니라 이 팀과 우리 팀과 저 팀 다 같이 모여서 얘기해야 한다고 생각합니다. 그러면 업무량이 과도하게 되어진 이유를 파악하게 되고 다음부터는 그렇지 않게 될 수 있습니다.","wordCount":103},"emotion":[],"intent":[{"text":"","expression":"","category":"attitude"}],"summary":{"text":"업무량이 과도해진 것은 정확히 처리하지 못했기 때문이라고 생각합니다. 하지만 그 과정을 통해서 그 과정을 반성하며 다음부터는 이런 일이 일어나지 않도록 피드백을 해야 한다고 생각합니다. 그피드백은 저만이 아니라 이팀과 우리팀 다 같이 모여서 얘기해야 합니다.","wordCount":34}}},"rawDataInfo":{"question":{"fileFormat":"wav","fileSize":447438,"duration":13980,"samplingBit":16,"channelCount":1,"samplingRate":"16kHz","audioPath":"/Mock/07.ProductionManufacturing/Male/Experienced/ckmk_q_mm_m_e_186252.wav"},"answer":{"fileFormat":"wav","fileSize":2695758,"duration":84240,"samplingBit":16,"channelCount":1,"samplingRate":"16kHz","audioPath":"/Mock/07.ProductionManufacturing/Male/Experienced/ckmk_a_mm_m_e_186252.wav"}}}