{"version":"1.0","dataSet":{"info":{"date":"20230116","occupation":"MM","channel":"MOCK","place":"ONLINE","gender":"MALE","ageRange":"55-","experience":"EXPERIENCED"},"question":{"raw":{"text":"지원자님께서는 일을 하게 되신다면 중국으로 출장을 갈 일이 조금 생기실 수도 있는데요 그렇다면 중국 출장도 괜찮으신지 궁금합니다","wordCount":17},"emotion":[],"intent":[]},"answer":{"raw":{"text":"예 에 일을 하다보면 어 각국의 나라 별로 출장을 갈 수도 있는데요. 중국으로 출장을 어 갈 일이 생기면 어 저는 적극적으로 참여해서 어 주로 그 어 방문 하겠습니다. 어 왜냐하면 지리적으로 어 도 가깝고 또 어 저 개인적으로도 어 외국에 그 가서 어 배우고 익히는 게 많이 있으리라 생각을 하고요. 중국은 우리나라에 비해서 조금 어 뒤떨어지는 거 어 그런 어 나라이기 때문에 우리가 가서 많이 가르칠 수도 있고요. 어 저는 개인적으로 중국어를 약간 어 할 줄 압니다. 어 그래서 어 아마 중국 시장에 에 또 출장을 가게 된다면 어 언어 어 도 많이 배울 수도 있구요. 그 사람 그 나라들의 에 심리적인 상태도 많이 알 수 있기 때문에 아주 좋은 어 기회라고 생각을 하고 있습니다.","wordCount":115},"emotion":[],"intent":[{"text":"","expression":"","category":"attitude"}],"summary":{"text":"일을 하다보면 각국 별로 출장을 갈 수도 있는데, 중국으로 출장을 가면 지리적으로 가깝고 개인적으로도 많이 배우고 익히는 게 많이 있으리라 생각합니다. 중국은 우리나라에 비해 뒤떨어지는 나라이기 때문에 많이 가르칠 수도 있고, 심리적인 상태도 알 수 있습니다.","wordCount":36}}},"rawDataInfo":{"question":{"fileFormat":"wav","fileSize":473678,"duration":14800,"samplingBit":16,"channelCount":1,"samplingRate":"16kHz","audioPath":"/Mock/07.ProductionManufacturing/Male/Experienced/ckmk_q_mm_m_e_185675.wav"},"answer":{"fileFormat":"wav","fileSize":2835918,"duration":88620,"samplingBit":16,"channelCount":1,"samplingRate":"16kHz","audioPath":"/Mock/07.ProductionManufacturing/Male/Experienced/ckmk_a_mm_m_e_185675.wav"}}}