{"version":"1.0","dataSet":{"info":{"date":"20230116","occupation":"MM","channel":"MOCK","place":"ONLINE","gender":"MALE","ageRange":"55-","experience":"EXPERIENCED"},"question":{"raw":{"text":"이력이 굉장히 많으시네요 요즘 새로운 장비들이 많이 도입되고 있는 부분인데 지원자님이 지금까지 다뤄봤던 생산 장비나 시설에 관해 나름대로의 운용 노하우가 있다면 그 근거를 들어 설명해 주시겠어요","wordCount":26},"emotion":[],"intent":[]},"answer":{"raw":{"text":"어 회사를 어 하다보면 생산 장비나 시설이 에 인제 에 나름의 운영 노하우가 있어야 됩니다. 에 옛날에는 갈고 닦자 라고 그랬는데 요즘에 이제 최첨단 생산 장비이기 때문에 그것을 어 잘 활용을 하면 굉장히 에 크게 성과를 낼 수 있는 장비들이 많기 때문에요. 그러니까 이 노하우가 머릿속에 잠재 있어야 됩니다. 항상 주변을 이 깨끗이 하고 또 기름 치고 닦아내고 어 또 그 시설물들을 잘 보호하는 데 에 역점을 둬야 될 것 같습니다. 어 하다 보면 장기나 시설이 노후화 돼서 어 많이 운용하는 데 에 걸림돌이 된 경우가 많이 있습니다. 그것을 에 미연에 방지하기 위해서는 장비를 어 장비나 시설을 어 내몸 다루대끼 열심히 닦고 조이고 해서 어 그 장비나 시설이 그 노화를 좀 어 좀 줄일 수 있는 방법을 찾아야 되겠습니다.","wordCount":119},"emotion":[],"intent":[{"text":"","expression":"","category":"attitude"}],"summary":{"text":"최첨단 생산 장비들을 잘 활용하려면 생산 장비나 시설에 운영 노하우가 있어야 합니다. 항상 주변을 깨끗이 하고 시설물들을 잘 보호해야 합니다. 하다 보면 장기나 시설이 노후화돼 운용에 걸림돌이 되는 경우가 많은데 이를 방지하기 위한 방법을 찾아야 합니다.","wordCount":36}}},"rawDataInfo":{"question":{"fileFormat":"wav","fileSize":673998,"duration":21060,"samplingBit":16,"channelCount":1,"samplingRate":"16kHz","audioPath":"/Mock/07.ProductionManufacturing/Male/Experienced/ckmk_q_mm_m_e_175756.wav"},"answer":{"fileFormat":"wav","fileSize":2870478,"duration":89700,"samplingBit":16,"channelCount":1,"samplingRate":"16kHz","audioPath":"/Mock/07.ProductionManufacturing/Male/Experienced/ckmk_a_mm_m_e_175756.wav"}}}