{"version":"1.0","dataSet":{"info":{"date":"20230116","occupation":"MM","channel":"MOCK","place":"ONLINE","gender":"MALE","ageRange":"55-","experience":"EXPERIENCED"},"question":{"raw":{"text":"이제까지 태어나서 한 일들 가운데 가장 후회했던 일이 있다면 무엇이었나요 한 가지만 골라서 말씀해 주세요","wordCount":15},"emotion":[],"intent":[]},"answer":{"raw":{"text":"어 태어나서 어 후회 안 해본 음 또 경험이 없으신 분들이 없을 겁니다. 어 저도 또한 어 후회했던 일이 있습니다. 어 굉장히 이 좋은 직장을 농협이라는 곳을 다녔는데 에 저 개인적인 어 사적인 어 이런 어 그 관리를 잘 못 해 가지고 어 또 어린 마음에 굉장히 즉흥적으로 생각해서 어 그 직장을 그만둔 적이 있습니다. 어 지금으로 어 어 또 개인적으로 생각을 하다 보면 굉장히 후회스럽고 또 왜 내가 그때 이게 아 그런 또 어 또 순간적인 음 그 어 참지 못하는 그런 우를 범해서 어 그만은 뒀는지 이런 그 생각을 해 봅니다. 굉장히 인생에 있어서 기로에 섰었는데 에 그때 에 그만둔 게 아마 내 생애 에 최고 그 후회스러운 그런 일이라고 생각을 하고요. 앞으로는 그 어 런 일이 없도록 어 사생활 관리라든가 또 주변 정리를 잘하는 그런 형태로 가야 되지 않을까 싶습니다. 굉장히 이 부분에 대해서 어 후회스럽다 라고 말씀을 어 드릴 수가 있습니다.","wordCount":145},"emotion":[],"intent":[{"text":"","expression":"","category":"attitude"}],"summary":{"text":"좋은 직장을 다니다 그만둔 적이 있습니다. 그때를 생각하면 굉장히 후회스럽습니다. 앞으로 앞으로는 사생활 관리나 주변 정리를 잘하는 형태로 가야 될 것 같습니다.","wordCount":22}}},"rawDataInfo":{"question":{"fileFormat":"wav","fileSize":304718,"duration":9520,"samplingBit":16,"channelCount":1,"samplingRate":"16kHz","audioPath":"/Mock/07.ProductionManufacturing/Male/Experienced/ckmk_q_mm_m_e_235657.wav"},"answer":{"fileFormat":"wav","fileSize":3559758,"duration":111240,"samplingBit":16,"channelCount":1,"samplingRate":"16kHz","audioPath":"/Mock/07.ProductionManufacturing/Male/Experienced/ckmk_a_mm_m_e_235657.wav"}}}