{"version":"1.0","dataSet":{"info":{"date":"20230116","occupation":"MM","channel":"MOCK","place":"ONLINE","gender":"MALE","ageRange":"55-","experience":"EXPERIENCED"},"question":{"raw":{"text":"얼마 전 구급대원이 주취자에게 폭행을 당해서 순직하는 안타까운 일이 있었습니다 이 사건에 대해서 본인은 어떻게 생각하나요","wordCount":16},"emotion":[],"intent":[]},"answer":{"raw":{"text":"어 세상에 참 이런 일이 있을까 이런 생각도 듭니다. 구급대원이라 하면 어 우리 동반자이기 이전에 에 그분들은 어 우리 생명의 은인들입니다. 그래서 어 구급대원을 어 나름 보호해야 될 의무도 있습니다. 그러나 어 주취자가 폭행을 해서 뭐 순직당하는 이런 끔찍한 일이 발생됐다는 데 대해서 경악을 에 금할 수가 없습니다. 이런 일이 있어서는 안 되죠. 어 구급대원이 에 우리에게 주는 이익이 어 너무 많습니다. 하나 주취자가 아 구급대원에게 이익을 주는 경우는 어 많지 않습니다. 그래서 도울려고 구급대원이 이 오셨는데 그분을 폭행을 해서 순직 당하는 일이 발생되는 이런 일은 없어야 되겠죠. 저는 정말 안타깝고 애석합니다마는 이걸 계기를 해서 앞으로는 어 이런 일이 없도록 구급대원을 많이 보호해야 된다 이런 생각을 해 봅니다.","wordCount":108},"emotion":[],"intent":[{"text":"","expression":"","category":"attitude"}],"summary":{"text":"구급대원은 생명의 은인들인데, 주취자가 폭행하여 순직하는 일이 발생해 충격을 금할 수 없습니다. 구급 대원이 우리에게 주는 이익이 많음에도 주취자의 이익을 주는 경우는 많지 않습니다. 따라서 이런 일이 없도록 많이 보호해야 합니다.","wordCount":31}}},"rawDataInfo":{"question":{"fileFormat":"wav","fileSize":413518,"duration":12920,"samplingBit":16,"channelCount":1,"samplingRate":"16kHz","audioPath":"/Mock/07.ProductionManufacturing/Male/Experienced/ckmk_q_mm_m_e_175291.wav"},"answer":{"fileFormat":"wav","fileSize":2854478,"duration":89200,"samplingBit":16,"channelCount":1,"samplingRate":"16kHz","audioPath":"/Mock/07.ProductionManufacturing/Male/Experienced/ckmk_a_mm_m_e_175291.wav"}}}