{"version":"1.0","dataSet":{"info":{"date":"20230116","occupation":"MM","channel":"MOCK","place":"ONLINE","gender":"MALE","ageRange":"35-44","experience":"EXPERIENCED"},"question":{"raw":{"text":"저희 회사 공장이 중국에도 있어서요 일을 하게 되면 중국으로 출장을 갈 일이 좀 생길 수도 있거든요 혹시 중국 출장도 가능하실까요","wordCount":20},"emotion":[],"intent":[]},"answer":{"raw":{"text":"중국 출장 가는 것은 전혀 문제가 없습니다. 중국 출장이 실제적으로 항공기도 불편하고 미세 먼지도 많고 중국의 텃새가 심해서 가서 버티기는 힘들 수 있지만 중국은 저희 회사 또는 다른 회사들의 아시아의 물류 허브가 되기도 하고 판매량이 국내보다 약 천 배에서 만 배 정도 더 큰 시장이기 땜에 반드시 점령을 해야 되는 시장입니다. 그리고 앞으로는 중국어와 영어가 전세계의 대세가 될 것이기 때문에 반드시 중국은 한번은 거쳐 가야 되는 또 다른 관문이라고 생각합니다. 다만 중국 출장을 갔을 때 적정한 임금과 보상이 마련이 됐으면 좋겠습니다.","wordCount":81},"emotion":[],"intent":[{"text":"","expression":"","category":"attitude"}],"summary":{"text":"중국 출장은 문제가 없지만, 아시아의 물류 허브가 되기도 하고 판매량이 국내보다 약 천 배에서 만 배 정도 더 큰 시장이기 때문에 점령을 해야 되는 시장입니다. 다만 적절한 임금과 보상이 마련 됐으면 좋겠습니다.","wordCount":32}}},"rawDataInfo":{"question":{"fileFormat":"wav","fileSize":392398,"duration":12260,"samplingBit":16,"channelCount":1,"samplingRate":"16kHz","audioPath":"/Mock/07.ProductionManufacturing/Male/Experienced/ckmk_q_mm_m_e_163163.wav"},"answer":{"fileFormat":"wav","fileSize":1397838,"duration":43680,"samplingBit":16,"channelCount":1,"samplingRate":"16kHz","audioPath":"/Mock/07.ProductionManufacturing/Male/Experienced/ckmk_a_mm_m_e_163163.wav"}}}