{"version":"1.0","dataSet":{"info":{"date":"20230116","occupation":"MM","channel":"MOCK","place":"ONLINE","gender":"MALE","ageRange":"55-","experience":"EXPERIENCED"},"question":{"raw":{"text":"네 지금까지 인생을 살아오시면서 가장 후회되는 일이 있다면 어떤 일이 기억에 남으시는지요 어 그 중에 한 가지만 골라서 한 번 말씀해 주시겠습니까","wordCount":22},"emotion":[],"intent":[]},"answer":{"raw":{"text":"어 인생을 어 살면서 어 후회되는 일이 에 하루에도 한 건씩 생깁니다. 그러나 저는 어 인제 그 큰 어 후회을 하고 있는데요. 제가 어 농협을 어 이십 대 중반부터 어 칠 년 간 어 농협 생활을 하게 됐는데요. 어 거기서 어 큰 음 에 업무적인 잘못을 해서 그만 둔 게 아니고 어 저희 개인적인 사생활 관리를 잘 못해 가지고 어 그 그만뒀던 그런 생각이 어 근무를 하면서 굉장히 큰 후회을 했구요. 어 지금은 어 그런 그 개인적인 사생활을 굉장히 무거 무게감 있게 조심스럽게 행동을 하고 있구요. 그 어 개인적인 음 나태함으로 인해서 그 좋은 회사를 어 그만뒀다는 자체가 인생이 있어서 가장 후회되고요. 앞으로는 또 그런 일이 없도록 노력을 할 것입니다.","wordCount":110},"emotion":[],"intent":[{"text":"","expression":"","category":"attitude"}],"summary":{"text":"개인적인 나태함으로 인해 좋은 회사를 그만둔 것이 인생에 있어서 가장 후회되고 앞으로는 그런 일이 없도록 노력할 것입니다. ","wordCount":17}}},"rawDataInfo":{"question":{"fileFormat":"wav","fileSize":435278,"duration":13600,"samplingBit":16,"channelCount":1,"samplingRate":"16kHz","audioPath":"/Mock/07.ProductionManufacturing/Male/Experienced/ckmk_q_mm_m_e_185988.wav"},"answer":{"fileFormat":"wav","fileSize":2858958,"duration":89340,"samplingBit":16,"channelCount":1,"samplingRate":"16kHz","audioPath":"/Mock/07.ProductionManufacturing/Male/Experienced/ckmk_a_mm_m_e_185988.wav"}}}