{"version":"1.0","dataSet":{"info":{"date":"20230116","occupation":"MM","channel":"MOCK","place":"ONLINE","gender":"MALE","ageRange":"-34","experience":"EXPERIENCED"},"question":{"raw":{"text":"지금 납품이 급한 상황인데 갑자기 이슈가 터져서 제품 생산에 문제가 생겼어요 이런 상황에서 지원자는 어떤 행동으로 문제를 해결하시겠어요","wordCount":18},"emotion":[],"intent":[]},"answer":{"raw":{"text":"생산에 차질이 생겼을 때 그 상상하면 사실 끔찍한 부분이 제 제조업에서 그러한 부분들은 납기를 맞추지 못하는 것이고 그렇게 되면 기업 간에 신뢰와 또 많은 부분 불이익을 감수해야 되기 때문에 어떻게든 차질이 생기지 않게끔 행동을 하려고 할 것 같습니다. 원인을 파악하고 그 원인이 왜 발생했고 또 그 원인이 발생하지 않으려면 어떻게 하는 것이 좋은지 또 그 관련된 작업 과정에서 어떠한 오류나 잘못된 부분들은 없었는지를 확인을 하고 그러한 것들을 계속해서 고쳐 나가야 되는 것이 그 일을 하는 사람이라면 누구나 다 그렇게 할 거라고 생각을 합니다. 물론 그 과정에서 커뮤니케이션이 명확히 잘 되어야 어 그 이후에 새로운 문제도 생기지 않을 것만 같기 때문에 그 공정 과정에서 거쳐야 하는 그 모든 사람들과 소통을 통해서 오해가 없게끔 공정을 진행을 할 거 같습니다.","wordCount":117},"emotion":[],"intent":[{"text":"","expression":"","category":"attitude"}],"summary":{"text":"생산에 차질이 생겼을 때 기업 간 신뢰와 불이익을 감수해야 되기 때문에 차질이 생기지 않게끔 행동을 해야 할 것 같습니다. 원인을 파악하고 원인이 발생하지 않으려면 어떻게 하는 것이 좋는지 확인하며 작업 과정에서 오류나 잘못된 부분들은 없었는지를 확인하며 계속 고쳐 나가야 될 것입니다.","wordCount":41}}},"rawDataInfo":{"question":{"fileFormat":"wav","fileSize":457038,"duration":14280,"samplingBit":16,"channelCount":1,"samplingRate":"16kHz","audioPath":"/Mock/07.ProductionManufacturing/Male/Experienced/ckmk_q_mm_m_e_287759.wav"},"answer":{"fileFormat":"wav","fileSize":2464718,"duration":77020,"samplingBit":16,"channelCount":1,"samplingRate":"16kHz","audioPath":"/Mock/07.ProductionManufacturing/Male/Experienced/ckmk_a_mm_m_e_287759.wav"}}}