{"version":"1.0","dataSet":{"info":{"date":"20230116","occupation":"MM","channel":"MOCK","place":"ONLINE","gender":"MALE","ageRange":"35-44","experience":"EXPERIENCED"},"question":{"raw":{"text":"지원자께서 업무를 하실 때 규칙적인 업무 수행을 잘하기 위한 본인만의 노하우나 방법이 있다면 말씀해 주시겠습니까","wordCount":15},"emotion":[],"intent":[]},"answer":{"raw":{"text":"저는 월요일 아침마다 저만의 썸머리 노트에 그 주 그 날에 해야 될 일들을 꼼꼼하게 적습니다. 사람은 메모에 의해서 또 다른 자각이 된다 라는 말이 있습니다. 아무리 좋은 기억력을 가졌어도 메모를 따라갈 수 없기 때문에 저는 꼭 해야 될 일 중간에 해야 될 일 그렇게 중요하지 않은 일에 대한 우선 순위를 만들고 그 중요한 일부터 하나씩 해나가고 하나씩 해나갈 때마다 노트에 있는 것에 엑스표를 합니다. 그래서 그 노트를 볼 때마다 혹시 라도 내가 놓친 일이 있는지 놓칠 수 밖에 없는 일이 있었는지 이것은 다음 주로 이 월 될 것인지 이런 일들에 대한 것들을 꼼꼼하게 적어 놓고 혹시 라도 제가 놓친 일이 있다고 하면 그 썸머리 노트를 통해서 지속적으로 피드백을 받고 있습니다.","wordCount":110},"emotion":[],"intent":[{"text":"저는 월요일 아침마다 저만의 썸머리 노트에 그 주 그 날에 해야 될 일들을 꼼꼼하게 적습니다.","expression":"f_cons","category":"attitude"},{"text":"아무리 좋은 기억력을 가졌어도 메모를 따라갈 수 없기 때문에 저는 꼭 해야 될 일   중간에 해야 될 일 그렇게 중요하지 않은 일에 대한 우선 순위를 만들고 그 중요한 일부터 하나씩 해나가고   하나씩 해나갈 때마다 노트에 있는 것에 엑스표를 합니다.","expression":"f_cons","category":"attitude"},{"text":"그래서 그 노트를 볼 때마다 혹시 라도 내가 놓친 일이 있는지   놓칠 수 밖에 없는 일이 있었는지 이것은 다음 주로 이 월 될 것인지 이런 일들에 대한 것들을 꼼꼼하게 적어 놓고 혹시 라도 제가 놓친 일이 있다고 하면 그 썸머리 노트를 통해서   지속적으로 피드백을 받고 있습니다.","expression":"f_cons","category":"attitude"}],"summary":{"text":"저는 월요일 아침마다 썸머리 노트에 주 그 날에 해야 될 일들을 꼼꼼하게 적습니다. 저는 중요한 일부터 하나씩 해나갈 때마다 엑스표를 하고, 혹시 라도 놓칠 수 밖에 없는 일이 있으면 피드백을 받고 있습니다.","wordCount":32}}},"rawDataInfo":{"question":{"fileFormat":"wav","fileSize":427278,"duration":13350,"samplingBit":16,"channelCount":1,"samplingRate":"16kHz","audioPath":"/Mock/07.ProductionManufacturing/Male/Experienced/ckmk_q_mm_m_e_167081.wav"},"answer":{"fileFormat":"wav","fileSize":1640078,"duration":51250,"samplingBit":16,"channelCount":1,"samplingRate":"16kHz","audioPath":"/Mock/07.ProductionManufacturing/Male/Experienced/ckmk_a_mm_m_e_167081.wav"}}}