{"version":"1.0","dataSet":{"info":{"date":"20230116","occupation":"MM","channel":"MOCK","place":"ONLINE","gender":"MALE","ageRange":"-34","experience":"EXPERIENCED"},"question":{"raw":{"text":"열심히 하는데도 본인이 원하는 만큼 따라오지 못하는 팀 동료가 있을 수도 있습니다 지원자님께서는 이런 팀 동료를 볼 때 어떻게 행동하시나요","wordCount":20},"emotion":[],"intent":[]},"answer":{"raw":{"text":"따라오지 못하는 데는 이유가 있다고 생각을 합니다. 그런데 따라오지 못한다고 해서 그 동료를 타박하거나 아니면 억지로 끌어가거나 하는 것은 도가 넘는 일이라고 생각을 합니다. 이럴 때 저는 심리 상담사를 통해 이 동료의 문제가 무엇인지 파악하기를 권유해 보겠습니다. 사람은 누구나 어느 정도의 일을 할 수 있는 인지 능력과 공감 능력을 가지고 있다고 생각을 합니다. 그것이 정상적으로 작동이 되고 있지 않다는 것은 어딘가에 문제가 있다는 것입니다. 전문가가 아닌 제가 그것을 손보는 것보다는 심리 상담사 정신과 상담사를 통해 그 문제의 원인은 원인을 정확히 지적하는 것이 바람직한 것이라고 생각을 합니다.","wordCount":86},"emotion":[],"intent":[{"text":"","expression":"","category":"attitude"}],"summary":{"text":"사람은 누구나 인지 능력과 공감 능력을 가지고 있다고 생각합니다. 전문가가 아닌 제가 그것을 손보는 것보다는 심리 상담사 정신과 상담사를 통해 문제의 원인을 정확히 지적하는 것이 바람직한 것이라고 생각합니다.","wordCount":28}}},"rawDataInfo":{"question":{"fileFormat":"wav","fileSize":616398,"duration":19260,"samplingBit":16,"channelCount":1,"samplingRate":"16kHz","audioPath":"/Mock/07.ProductionManufacturing/Male/Experienced/ckmk_q_mm_m_e_186247.wav"},"answer":{"fileFormat":"wav","fileSize":2456078,"duration":76750,"samplingBit":16,"channelCount":1,"samplingRate":"16kHz","audioPath":"/Mock/07.ProductionManufacturing/Male/Experienced/ckmk_a_mm_m_e_186247.wav"}}}