{"version":"1.0","dataSet":{"info":{"date":"20230116","occupation":"MM","channel":"MOCK","place":"ONLINE","gender":"MALE","ageRange":"45-54","experience":"EXPERIENCED"},"question":{"raw":{"text":"지원자님께서 특별히 가고 싶은 회사가 있나요 특정 도메인이 중요한지 회사의 분위기가 중요한지 어떤 점을 중심적으로 보시는지 정말 궁금합니다","wordCount":18},"emotion":[],"intent":[]},"answer":{"raw":{"text":"일단 직장인인 이상 어 아무래도 뭐 회사의 도메인이라든지 뭐 급여를 많이 준다라든지 하면 솔깃한 것은 뭐 맞습니다. 하지만 저는 어 그것 못지않게 중요한 게 회사의 분위기라고 생각을 합니다. 요즘은 솔직히 말해서 집에 뭐 가족보다 회사 동료들과 보는 시간이 더 많습니다. 그러다 보면 그 같이 일을 함에 있어서 불편한 사람이 내 주변에 있거나 하는 것은 너무나 괴롭고 힘든 일입니다. 그렇기에 저는 개인적으로 직장 동료라든지 나랑 같이 일을 하시는 사람과 좀 더 가깝고 어 좋은 분위기에서 일을 하고 싶습니다. 그것이 저에게도 능률도 오르고 회사에서도 회사로서도 더 이익이라고 저는 생각을 합니다. 그래서 저는 개인적으로 회사 분위기가 어 직장생활을 오래하고 유지하고 그러기에는 회사 분위기가 가장 중요한 덕목 중에 하나라고 생각하고 있습니다.","wordCount":107},"emotion":[{"text":"그러다 보면 그 같이 일을 함에 있어서 불편한 사람이 내 주변에 있거나 하는 것은 너무나   괴롭고 힘든 일입니다.","expression":"n-distress","category":"negative"}],"intent":[{"text":"","expression":"","category":"attitude"}],"summary":{"text":"직장생활을 오래하고 유지하기에는 회사 분위기가 가장 중요한 덕목 중 하나라고 생각하고 있습니다. 개인적으로 직장 동료나 같이 일을 하시는 사람과 더 가깝고 좋은 분위기에서 일을 하는 것이 저에게도 능률도 오르고 회사에서도 회사로서도 더 이익이라고 생각합니다.","wordCount":34}}},"rawDataInfo":{"question":{"fileFormat":"wav","fileSize":486158,"duration":15190,"samplingBit":16,"channelCount":1,"samplingRate":"16kHz","audioPath":"/Mock/07.ProductionManufacturing/Male/Experienced/ckmk_q_mm_m_e_153310.wav"},"answer":{"fileFormat":"wav","fileSize":2110158,"duration":65940,"samplingBit":16,"channelCount":1,"samplingRate":"16kHz","audioPath":"/Mock/07.ProductionManufacturing/Male/Experienced/ckmk_a_mm_m_e_153310.wav"}}}