{"version":"1.0","dataSet":{"info":{"date":"20230116","occupation":"MM","channel":"MOCK","place":"ONLINE","gender":"MALE","ageRange":"55-","experience":"EXPERIENCED"},"question":{"raw":{"text":"생산에 차질이 생겼을 때 어떠한 행동을 취하시겠나요","wordCount":7},"emotion":[],"intent":[]},"answer":{"raw":{"text":"어 일을 나가보면은 어 생산에 차질이 이 생깁니다. 에 아무리 이 계획은 짜고 어 성실은 임해도 그 어 왠지 모르게 어 생산의 차질이 생기는데요. 생산 체질이 되면 그것을 무마를 헐려고 어 노력하기보다는 다시 에 음 제 차 체험부터 생산을 하는 게 에 저는 옳다고 생각을 합니다. 그 억지로 꾀에 맞춰서 어 그대로 어 생산 자질의 제품을 그외로 어 방치를 했다 하면 회사에 도움도 될 뿐 에 되지 않을 뿐더러 어 나중에 에 그 제 그 성과에 굉장히 그 중요한 역할을 하기 때문에 저는 생산 차질이 생겼을 때는 어 어 무조건 음 주변 사람들에게 보고를 하고 에 그것을 다시 재차 제작하는 그런 마음을 가지고 있고요. 어 그렇게 행동을 할려고 합니다.","wordCount":109},"emotion":[],"intent":[{"text":"","expression":"","category":"attitude"}],"summary":{"text":"생산 차질이 생겼을 때는 무조건 주변 사람들에게 보고하고 다시 제작해야 합니다.","wordCount":11}}},"rawDataInfo":{"question":{"fileFormat":"wav","fileSize":220238,"duration":6880,"samplingBit":16,"channelCount":1,"samplingRate":"16kHz","audioPath":"/Mock/07.ProductionManufacturing/Male/Experienced/ckmk_q_mm_m_e_174841.wav"},"answer":{"fileFormat":"wav","fileSize":2709198,"duration":84660,"samplingBit":16,"channelCount":1,"samplingRate":"16kHz","audioPath":"/Mock/07.ProductionManufacturing/Male/Experienced/ckmk_a_mm_m_e_174841.wav"}}}