{"version":"1.0","dataSet":{"info":{"date":"20230116","occupation":"MM","channel":"MOCK","place":"ONLINE","gender":"MALE","ageRange":"55-","experience":"EXPERIENCED"},"question":{"raw":{"text":"어 본인이 역사 속에서 가장 존경하는 인물이 있다면 말씀을 해 주시고 또 그 인물을 가장 존경하는 이유도 함께 말씀해 주시길 바랍니다","wordCount":21},"emotion":[],"intent":[]},"answer":{"raw":{"text":"아 속에서 굉장히 존경하는 분들이 많이 있죠. 저는 어 우리 한글을 어 만들어 주신 세종대왕 에 에 가장 존경하는 인물로 보고 있습니다. 이왕이 되게 되면 음 아마 나태해지고 쾌락을 통해서 예 굉장히 시간을 많이 보내는 굉장히 많이 있는데요. 이거는 어 굉장히 진취적이고 창의적이고 어 또 그 속에서 이 한글이라는 어 지금 어 대화를 하고 있는 일은 근사한 언어를 만들어 주셔서 고마워서 존경을 하고 있구요. 이런 근면 성실함과 또 어 이런 창의적인 생각을 해서 중국에서 어 우리가 항상 어 영향을 많이 받아서 한문으로 하고 있다가 감독적인 음 나라의 에 재탄생이라고 생각을 합니다. 에 이 중요성도 많이 알고 있구요. 그래서 존경을 많이 하고 있습니다.","wordCount":102},"emotion":[{"text":"저는 어 우리 한글을 어 만들어 주신 세종대왕 에 에 가장 존경하는 인물로 보고 있습니다.","expression":"p-affection","category":"positive"},{"text":"이거는 어 굉장히 진취적이고 창의적이고 어 또 그 속에서 이 한글이라는 어 지금 어 대화를 하고 있는 일은 근사한 언어를 만들어 주셔서 고마워서 존경을 하고 있구요.","expression":"p-affection","category":"positive"}],"intent":[{"text":"","expression":"","category":"attitude"}],"summary":{"text":"한글을 만들어 주신 세종대왕을 가장 존경합니다. 한글이라는 근면 성실함과 창의적인 생각을 해서 중국에서 영향을 많이 받아서 한문으로 하고 있다가 감독적인 음 나라의 재탄생이라고 생각합니다.","wordCount":24}}},"rawDataInfo":{"question":{"fileFormat":"wav","fileSize":396878,"duration":12400,"samplingBit":16,"channelCount":1,"samplingRate":"16kHz","audioPath":"/Mock/07.ProductionManufacturing/Male/Experienced/ckmk_q_mm_m_e_213181.wav"},"answer":{"fileFormat":"wav","fileSize":2855758,"duration":89240,"samplingBit":16,"channelCount":1,"samplingRate":"16kHz","audioPath":"/Mock/07.ProductionManufacturing/Male/Experienced/ckmk_a_mm_m_e_213181.wav"}}}