{"version":"1.0","dataSet":{"info":{"date":"20230116","occupation":"MM","channel":"MOCK","place":"ONLINE","gender":"MALE","ageRange":"35-44","experience":"EXPERIENCED"},"question":{"raw":{"text":"지원자님께서 생각하시는 본인의 장점과 단점에 대해서 설명해 주시기 바랍니다 그리고 장점을 특화시키기 위해서 어떤 노력을 했는지 또 단점을 극복하기 위해서 어떤 노력을 했는지 말씀해 주시기 바랍니다","wordCount":26},"emotion":[],"intent":[]},"answer":{"raw":{"text":"저의 장점은 업무에 대한 추진력이 뛰어나고 디씨 전 메이킹을 상당히 잘한다는 것입니다. 하지만 가끔 이렇게 빠른 결정력과 추진력에 의해서 다른 사람들이 독단적이고 독선적인 모습으로 보일 경우가 있다고 합니다. 그리고 저의 가장 큰 단점은 실패를 했을 때 또 도전을 하고 또 실패를 하고 도전을 하고 를 반복하는 것이 아니라 한 두 번 도전을 했다 실패를 하면 좌절을 하게 됩니다. 그런데 성공한 사업가들이나 뛰어난 창업가들을 보면 그런 실패는 실패라고 인정하지 않는다는 것입니다. 즉 다시 말하면 여러분이 했던 도전의 실패는 실패가 아니라 여러분이 세운 가설에 대한 검증을 하나 하나 해나가는 것입니다. 우리가 예전에 어렸을 때 과학 책에서 배운 검증은 지속적으로 검증을 통해서 새로운 좋은 결론을 도출하기 위한 과정일 뿐인데 한 번 실패하고 넘어지고 한 번 실패하고 넘어지고 좌절을 해서 그 프로젝트나 그 실험을 포기하게 되면 결국은 우리는 지금까지 했던 노력이 수포로 돌아가는 것입니다. 그래서 저는 실패를 할 때마다 그것에 대한 복기를 하고 그것을 일기장 및 블로그에 다 작성을 해 놉니다. 그러면서 한 달 후 일 년 후 삼 년 후 있었던 일들을 다시 복기를 하면서 그 실패 때 어떻게 극복 했는지에 대한 사례를 스스로 적립하고 극복해 나가고 있습니다.","wordCount":175},"emotion":[],"intent":[{"text":"하지만 가끔 이렇게 빠른 결정력과 추진력에 의해서 다른 사람들이 독단적이고   독선적인 모습으로 보일 경우가 있다고 합니다.","expression":"c_person","category":"background"}],"summary":{"text":"성공적인 사업가들이나 뛰어난 창업가들을 보면 도전의 실패는 실패가 아니라 우리가 세운 가설에 대한 검증을 하나 하나 해나가는 것입니다. 저는 실패를 할 때마다 그것에 대한 복기를 하고 그것을 일기장 및 블로그에 다 작성을 해놉니다. 그러면서 그 실패 때 어떻게 극복했는지에 대한 사례를 스스로 적립하고 극복해 나가고 있습니다.","wordCount":46}}},"rawDataInfo":{"question":{"fileFormat":"wav","fileSize":618958,"duration":19340,"samplingBit":16,"channelCount":1,"samplingRate":"16kHz","audioPath":"/Mock/07.ProductionManufacturing/Male/Experienced/ckmk_q_mm_m_e_165837.wav"},"answer":{"fileFormat":"wav","fileSize":2787918,"duration":87120,"samplingBit":16,"channelCount":1,"samplingRate":"16kHz","audioPath":"/Mock/07.ProductionManufacturing/Male/Experienced/ckmk_a_mm_m_e_165837.wav"}}}