{"version":"1.0","dataSet":{"info":{"date":"20230116","occupation":"MM","channel":"MOCK","place":"ONLINE","gender":"MALE","ageRange":"55-","experience":"EXPERIENCED"},"question":{"raw":{"text":"일을 하다 보면 간혹 상사와 트러블이 생길 수도 있죠 이런 상황일 때 지원자님은 어떻게 하실 건가요 상사가 혼을 낸다면 기분 나쁘게 생각하실 건가요","wordCount":23},"emotion":[],"intent":[]},"answer":{"raw":{"text":"일을 하다 보면 어 상사와 어 트러블이 에 생길 수도 있습니다. 제 생각과 어 많이 틀리게 되면 어 그런 상황들이 많이 발생이 될 건데요. 그런 것을 어 트러블이 있다 그래서 어 그것을 제 개인적으로 그 많이 생각을 할 게 아니고 저도 문제가 있는지 여러 가지 생각을 해 봐야 됩니다. 그래서 거기에서 어 트러블이 어떻게 해서 큰 문제가 발생 되는지를 파악을 해서 거기에 준하는 또 상사와 대화 중에 또 트러블을 없앨 수 있습니다. 그리고 무조건적으로 상사가 혼낸다고 그래서 어 기분 나쁠 게 아니라 내 잘못 어 내가 또 무엇인가 또 잘못되어 있기 때문에 상사가 혼내지 않을까 싶습니다. 그런 부분이 어 저희 그 에 에 또 어 어 혼을 낼 수 있는 부분이 이었다라면 또 그것을 이해하고 어 또 상사와 또 트러블을 없앨려고 노력을 해야 된다고 저는 생각을 하고 있습니다.","wordCount":128},"emotion":[],"intent":[{"text":"","expression":"","category":"attitude"}],"summary":{"text":"일을 하다 보면 상사와 트러블이 생길 수 있는데, 이때 저에게도 문제가 있는지 여러 가지 생각을 해 봐야 됩니다. 그리고 어떻게 큰 문제가 발생 되었는지 파악해서 상사와 대화 중에 트러블을 없앨 수 있을 것입니다.","wordCount":33}}},"rawDataInfo":{"question":{"fileFormat":"wav","fileSize":618958,"duration":19340,"samplingBit":16,"channelCount":1,"samplingRate":"16kHz","audioPath":"/Mock/07.ProductionManufacturing/Male/Experienced/ckmk_q_mm_m_e_185753.wav"},"answer":{"fileFormat":"wav","fileSize":2892878,"duration":90400,"samplingBit":16,"channelCount":1,"samplingRate":"16kHz","audioPath":"/Mock/07.ProductionManufacturing/Male/Experienced/ckmk_a_mm_m_e_185753.wav"}}}