{"version":"1.0","dataSet":{"info":{"date":"20230116","occupation":"MM","channel":"MOCK","place":"ONLINE","gender":"MALE","ageRange":"55-","experience":"EXPERIENCED"},"question":{"raw":{"text":"지원자님께서 지금까지 살면서 가장 힘들었던 경험이 혹시 있으신가요 그러면 그 힘들었던 경험을 극복하기 위해서 지원자님께서는 어떤 노력을 하셨는지 같이 말씀해 주시기 바랍니다","wordCount":22},"emotion":[],"intent":[]},"answer":{"raw":{"text":"어 살면서 가장 힘들지 않았던 분들이 있을까 아 이런 생각을 해 봅니다. 저는 음 나름대로 어 힘들었던 점들이 많이 있는데요. 어 제가 어 살면서 어 건강이 안 좋았습니다. 그래서 건강을 위해서 어 어 많은 노력을 했습니다. 그래서 살면서 가장 힘들었던 것은 건강 건강이 최고라는 것을 굉장히 느꼈습니다. 그런 건강을 극복하기 위해서 어 병원에 에 약물 치료도 많이 받고 했습니다마는 그런 극복하기 위해서는 운동이 최고다라고요. 그래서 하루에 두 시간씩은 항상 운동했던 기억이 납니다. 지금은 많이 좋아졌구요. 어 그 운동을 통해서 어 내 삶에 에 다른 인생이 에 와 닿는 그런 느낌을 많이 가지고 있습니다. 앞으로도 어 건강을 위해서 어 열심히 노력할 것이구요. 그 힘든 음 힘들었던 시간들을 다시 되돌리지 않으려고 노력을 하고 있습니다.","wordCount":112},"emotion":[],"intent":[{"text":"","expression":"","category":"attitude"}],"summary":{"text":"살면서 가장 힘들었던 것들을 생각해 보면, 건강이 안 좋았던 것을 극복하기 위해서 운동을 많이 했습니다. 그 운동을 통해서 제 삶에 다른 인생을 와 닿는 느낌을 받았습니다. 앞으로도 건강을 위해서 열심히 노력할 것입니다.","wordCount":32}}},"rawDataInfo":{"question":{"fileFormat":"wav","fileSize":507278,"duration":15850,"samplingBit":16,"channelCount":1,"samplingRate":"16kHz","audioPath":"/Mock/07.ProductionManufacturing/Male/Experienced/ckmk_q_mm_m_e_175289.wav"},"answer":{"fileFormat":"wav","fileSize":2866638,"duration":89580,"samplingBit":16,"channelCount":1,"samplingRate":"16kHz","audioPath":"/Mock/07.ProductionManufacturing/Male/Experienced/ckmk_a_mm_m_e_175289.wav"}}}