{"version":"1.0","dataSet":{"info":{"date":"20230116","occupation":"MM","channel":"MOCK","place":"ONLINE","gender":"MALE","ageRange":"55-","experience":"EXPERIENCED"},"question":{"raw":{"text":"살면서 굉장히 다양한 커뮤니케이션을 경험해 보셨을 텐데 그중에서 가장 어려웠던 경험 한 가지만 뽑자면 그것은 무엇인가요","wordCount":16},"emotion":[],"intent":[]},"answer":{"raw":{"text":"살면서 어 다양한 커뮤니케이션을 경험을 했습니다. 커뮤니케이션 이라는 것은 서로 간의 에 대화가 되지 않으면은 어 새로 에 손발을 마치기가 힘들고 때문에 에 여러 가지 그 에 무슨 제작을 한다든가 아니면은 어 소비자들에게 판매를 한다든가 어 그런 부분에 대해서는 커뮤니가 잘 이루어지지 않으면 굉장히 어렵다라는 것을 저는 알고 있습니다. 그 예도 무슨 일을 하는데 에 거기에서 에 공부가 필요한데 에 그 서로 커뮤니가 이루어지지 않으면은 어 에 공부를 서로 니가 가져라 내가 가져라 하는 에 엉뚱한 방향으로 일이 하기 때문에 에 서로 그 손발이 잘 맞아야 된다 이렇게 생각을 하고요. 가장 어려웠던 경험이 많이 있습니다마는 어 무슨 제작을 하는데 에 열 번까지 다시 했던 적이 있습니다. 커뮤니케이션이 이루어지지 않아서요. 앞으로도 그 그러기 위해서 노력하겠습니다.","wordCount":114},"emotion":[],"intent":[{"text":"","expression":"","category":"attitude"}],"summary":{"text":"커뮤니케이션이란 서로 간의 대화가 잘 이루어지지 않으면 새로이 손발을 마치기가 힘들기 때문에 여러 가지 제작을 한다거나 소비자들에게 판매를 한다거나 그런 부분에 대해서는 커뮤니가 잘 이루어지지 않는 것이 굉장히 어렵다는 것을 알고 있습니다. 앞으로도 그러하기 위해 노력하겠습니다.","wordCount":36}}},"rawDataInfo":{"question":{"fileFormat":"wav","fileSize":345038,"duration":10780,"samplingBit":16,"channelCount":1,"samplingRate":"16kHz","audioPath":"/Mock/07.ProductionManufacturing/Male/Experienced/ckmk_q_mm_m_e_174839.wav"},"answer":{"fileFormat":"wav","fileSize":2853198,"duration":89160,"samplingBit":16,"channelCount":1,"samplingRate":"16kHz","audioPath":"/Mock/07.ProductionManufacturing/Male/Experienced/ckmk_a_mm_m_e_174839.wav"}}}