{"version":"1.0","dataSet":{"info":{"date":"20230116","occupation":"MM","channel":"MOCK","place":"ONLINE","gender":"MALE","ageRange":"35-44","experience":"EXPERIENCED"},"question":{"raw":{"text":"일을 하게 되시면 자료를 문서화 해야 할 일이 굉장히 많은데요 지원자님은 왜 문서화 작업이 필요하다고 생각하고 계시나요","wordCount":17},"emotion":[],"intent":[]},"answer":{"raw":{"text":"우리의 뇌는 망각의 곡선을 갖고 있습니다. 그래서 인간을 망각의 동물이라고 합니다. 실제로 오늘 배운 내용을 오늘 밤 오늘 저녁 때 가서 복습을 하지 않으면 삼 일 후 일 주일 후 한 달 후에는 망각의 곡선이 지수적으로 계속 떨어집니다. 다시 말하면 지금 배운 내용을 일 주일 있다가는 삼십 퍼센트밖에 기억을 하지 못하고 한 달 후에는 십 퍼센트밖에 기억하지 못하는 것입니다. 모든 내용을 다 기억할 것 같지만 사람의 뇌에는 한계가 있고 많은 정보가 들어오기 때문에 그 정보들을 다 쌓아 놓을 수가 없어서 기존에 정보들을 점점 밀어낸다고 합니다. 그래서 업무를 하게 되면 나의 성과 나의 기록 비록 실패한 내용이라고 할지라도 이것들을 전부 자료화 하여 내가 언제 어떤 일을 어떻게 했고 누구와 함께 했을 때 어떤 문제가 발생했다더라 라고 하는 하나의 써머리 노트 또는 보고서를 만들어 놓으면 추후에 이와 똑같은 실수를 하지 않습니다. 우리가 학교 다닐 때 오답 노트를 만들 때 실제적으로 성적이 더 많이 향상된다는 연구 결과가 있습니다. 문서화 작업은 단순히 글을 적어 놓는 것이 아니라 나의 일상 회사 생활의 기록 또는 모든 데이터를 압축하는 것들이기 때문에 반드시 필요하고 추후에는 그 데이터를 모아서 빅데이터화 해야 된다고 생각합니다.","wordCount":174},"emotion":[{"text":"그래서 인간을 망각의 동물이라고 합니다.","expression":"u-fact","category":"neutral"}],"intent":[{"text":"","expression":"","category":"attitude"}],"summary":{"text":"인간의 뇌는 망각의 곡선을 갖고 있어서 업무를 하게 되면 성과나 기록을 전부 자료화 하여 하나의 써머리 노트나 보고서를 만들어 놓으면 추후에 이와 똑같은 실수를 하지 않습니다. 문서화 작업은 단순히 글을 적어 놓는 것이 아니라 저의 일상 회사 생활의 기록 또는 모든 데이터를 압축하는 것들이기 때문에 반드시 필요하고 추후에는 그 데이터를 모아서 빅데이터화 해야 된다고 생각합니다.","wordCount":55}}},"rawDataInfo":{"question":{"fileFormat":"wav","fileSize":580238,"duration":18130,"samplingBit":16,"channelCount":1,"samplingRate":"16kHz","audioPath":"/Mock/07.ProductionManufacturing/Male/Experienced/ckmk_q_mm_m_e_177172.wav"},"answer":{"fileFormat":"wav","fileSize":2796878,"duration":87400,"samplingBit":16,"channelCount":1,"samplingRate":"16kHz","audioPath":"/Mock/07.ProductionManufacturing/Male/Experienced/ckmk_a_mm_m_e_177172.wav"}}}