{"version":"1.0","dataSet":{"info":{"date":"20230116","occupation":"MM","channel":"MOCK","place":"ONLINE","gender":"MALE","ageRange":"55-","experience":"EXPERIENCED"},"question":{"raw":{"text":"지원자님께서는 만약 이직을 생각하는 동료가 있다면 어떻게 뭐라고 말씀을 하실 건가요 그리고 왜 그런 이유인지에 대해서도 설명 부탁드립니다","wordCount":18},"emotion":[],"intent":[]},"answer":{"raw":{"text":"일을 하다 보면 어 또 옆에 동료께서 어 이직을 생각하는 경우가 많습니다. 그래서 그런 부분이 참 안타까운 일인데요. 저는 에 이직의 원인을 먼저 밝혀야 된다고 생각을 합니다. 항상 내 마음을 열고 다가가서 이직의 동료에게 에 어떤 내용에 에 또 이직을 원하는지를 알고 싶고 또 이직을 하는 원인을 어 또 어 업무량이 과다해서 아니면 어 상사에 에 또 어 꾸지람 땜에 에 그 또 동료에 에 또 서로의 그 도움이 부족해서 그런 지를 파악을 어 먼저 어 해서 어 그게 보완이 될 수 있도록 어 조처를 취할 것이냐 또 그런 부분이 아니고 자기 발전을 위해서 어 또 또 좋은 조건에 의해서 나간다 그러면 이직을 어 그 반대하진 않을 것 입니다. 그러나 어 일 때문에 이직을 한다 하면 그것을 분산시키는 그런 방법을 찾아보겠습니다.","wordCount":121},"emotion":[],"intent":[{"text":"","expression":"","category":"attitude"}],"summary":{"text":"이직의 원인을 밝히기 위해 항상 마음을 열고 다가가서 이직의 이유를 알고 싶습니다. 업무량이 과다한 이유, 상사의 꾸지람, 동료의 도움이 부족한 이유 등을 파악하여 보완할 조치를 취할 것이냐, 자기 발전을 위해서 나간다면 이직을 반대하지 않을 것입니다.","wordCount":35}}},"rawDataInfo":{"question":{"fileFormat":"wav","fileSize":439118,"duration":13720,"samplingBit":16,"channelCount":1,"samplingRate":"16kHz","audioPath":"/Mock/07.ProductionManufacturing/Male/Experienced/ckmk_q_mm_m_e_186215.wav"},"answer":{"fileFormat":"wav","fileSize":2879438,"duration":89980,"samplingBit":16,"channelCount":1,"samplingRate":"16kHz","audioPath":"/Mock/07.ProductionManufacturing/Male/Experienced/ckmk_a_mm_m_e_186215.wav"}}}