{"version":"1.0","dataSet":{"info":{"date":"20230116","occupation":"MM","channel":"MOCK","place":"ONLINE","gender":"MALE","ageRange":"35-44","experience":"EXPERIENCED"},"question":{"raw":{"text":"지원자님께서 생각하시는 가장 생산적인 교대 근무 형태는 과연 무엇인지 그 근거를 들어 설명해 줄 수 있으시겠어요","wordCount":16},"emotion":[],"intent":[]},"answer":{"raw":{"text":"이십 사 시간 풀로 돌아가는 생산 근무라면 저는 사 교대 근무가 가장 이상적이라고 생각합니다. 왜냐하면 일반적인 삼교대 근무는 아홉 시간씩 한 시간 중첩되어 이십 사 시간을 돌아가지만 실제적으로 주간에 근무하는 이외에 또 다른 이 교대 근무자들은 밤을 새고 밤 늦게까지 일하기 때문에 우리의 몸이 망가지는 경향이 많습니다. 그러면 결국 생산비를 아끼거나 인건비를 아끼기 위해서 삼교대를 근무를 하게 되면 회사 입장에서는 처음에는 이득이 나는 것 같지만 결국은 직원들이 오래 근무를 하지 못하거나 전문성이 떨어져서 나중에 인사 사고나 다른 안전 사고가 발생하는 경우들이 많습니다. 그러면 사 교대 근무는 삼교대는 일을 하고 일 교대는 쉬쉬거나 아니면 밤에 근무하는 사람들에게 휴식 시간을 더 많이 주는 것입니다. 물론 이렇게 되면 인건비 지출이 많아져서 생산비가 올라가게 되어 있습니다. 하지만 장기적인 관점을 봤을 때는 사 교대 근무를 통해서 야간에 근무하는 사람들에게는 엄청난 생산성이라든가 효율성을 바라보기 보다는 이십 사 시간 컨베이어 벨트가 돌아가고 생산 장비가 돌아가는 것에 큰 의의를 두어 이렇게 한 직원이 오래 다닐 수 있게끔 생산성을 높이는 회사를 만드는 것이 가장 이상적이라고 생각합니다.","wordCount":157},"emotion":[],"intent":[{"text":"이십 사 시간 풀로 돌아가는 생산 근무라면 저는 사 교대 근무가 가장 이상적이라고 생각합니다.","expression":"f_shift","category":"technology"},{"text":"왜냐하면 일반적인 삼교대 근무는 아홉 시간씩 한 시간 중첩되어   이십 사 시간을 돌아가지만 실제적으로 주간에 근무하는 이외에 또 다른 이 교대 근무자들은   밤을 새고 밤 늦게까지 일하기 때문에 우리의 몸이 망가지는 경향이 많습니다.","expression":"f_shift","category":"technology"},{"text":"그러면 결국   생산비를 아끼거나 인건비를 아끼기 위해서 삼교대를 근무를 하게 되면 회사 입장에서는 처음에는 이득이 나는 것 같지만 결국은 직원들이 오래 근무를 하지 못하거나   전문성이 떨어져서 나중에 인사 사고나 다른 안전 사고가 발생하는 경우들이 많습니다.","expression":"f_shift","category":"technology"},{"text":"그러면 사 교대 근무는 삼교대는 일을 하고 일 교대는   쉬쉬거나 아니면 밤에 근무하는 사람들에게 휴식 시간을 더 많이 주는 것입니다.","expression":"f_shift","category":"technology"},{"text":"하지만 장기적인 관점을 봤을 때는 사 교대 근무를 통해서 야간에 근무하는 사람들에게는 엄청난 생산성이라든가 효율성을 바라보기 보다는 이십 사 시간   컨베이어 벨트가 돌아가고 생산 장비가 돌아가는 것에 큰 의의를 두어 이렇게 한 직원이 오래 다닐 수 있게끔 생산성을 높이는 회사를 만드는 것이 가장 이상적이라고 생각합니다.","expression":"f_shift","category":"technology"}],"summary":{"text":"이십 사 시간 생산 근무라면 사 교대 근무가 가장 이상적이라고 생각합니다. 사 교대 근무는 삼 교대는 일을 하고 일 교대는 쉬거나 밤에 근무하는 사람들에게 휴식 시간을 더 많이 주는 것입니다. 이는 인건비 지출이 많아져 생산비가 올라가게 되지만 장기적인 관점에서는 삼교대 근무를 통해서 야간에 근무하는 사람들에게는 엄청난 생산성이나 효율성을 바라보기 보다 생산 장비가 돌아가는 것에 큰 의미를 두는 것이 좋습니다.","wordCount":59}}},"rawDataInfo":{"question":{"fileFormat":"wav","fileSize":367118,"duration":11470,"samplingBit":16,"channelCount":1,"samplingRate":"16kHz","audioPath":"/Mock/07.ProductionManufacturing/Male/Experienced/ckmk_q_mm_m_e_169862.wav"},"answer":{"fileFormat":"wav","fileSize":2708878,"duration":84650,"samplingBit":16,"channelCount":1,"samplingRate":"16kHz","audioPath":"/Mock/07.ProductionManufacturing/Male/Experienced/ckmk_a_mm_m_e_169862.wav"}}}