{"version":"1.0","dataSet":{"info":{"date":"20230116","occupation":"MM","channel":"MOCK","place":"ONLINE","gender":"MALE","ageRange":"35-44","experience":"EXPERIENCED"},"question":{"raw":{"text":"지원자님이 만약에 일을 하면서 팀원이랑 불화가 생겼어요 그럴 때 어떻게 해결하실지 그 해결법과 이유에 대해서 자세하게 얘기해 주세요","wordCount":18},"emotion":[],"intent":[]},"answer":{"raw":{"text":"서로 다른 사람이 모여서 일을 하다 보면 불화는 반드시 생길 수 밖에 없습니다. 이것은 피할 수 없는 것이 아니라 굳이 피할 필요도 없는 하나의 과정이라고 생각합니다. 예를 들어 팀원이 지금 어떤 문제 때문에 불화를 겪고 있는지 저의 문제인지 팀원의 문제인지 아니면 우리 둘만의 타협점을 찾지 못한 것인지 때로는 회사 정책의 문제인지를 먼저 파악해야 됩니다. 서로의 이기적인 마음 또는 양보심 타협점을 못 찾아서 불화가 생겼다면 그것은 원활한 대화와 함께 타협점을 찾으면 됩니다. 그리고 한 발씩 양보를 하다보면 분명히 합의점을 찾을 수 있습니다. 하지만 회사 자체의 정책의 문제라면 그것은 회사를 정책을 바꿀 수 있는 팀장 또는 대표 이사 급을 만나서 이러이러한 문제로 인하여 모든 갈등이 시작되었으니 이 부분에 대해서 합의점을 좀 마련해 주시겠습니까 라고 먼저 요청을 해 보는 것입니다. 그렇게 해도 해결이 되지 않는다면 이것에 대한 프로젝트는 처음부터 다시 짚어봐야 할 것 같습니다.","wordCount":131},"emotion":[],"intent":[{"text":"예를 들어 팀원이 지금 어떤 문제 때문에   불화를 겪고 있는지 저의 문제인지 팀원의 문제인지 아니면 우리 둘만의 타협점을 찾지 못한 것인지 때로는 회사 정책의 문제인지를 먼저 파악해야 됩니다.","expression":"c_confl_mg","category":"personality"},{"text":"서로의 이기적인 마음 또는 양보심 타협점을 못 찾아서 불화가 생겼다면 그것은 원활한 대화와 함께 타협점을 찾으면 됩니다.","expression":"c_confl_mg","category":"personality"},{"text":"그리고 한 발씩 양보를 하다보면 분명히 합의점을 찾을 수 있습니다.","expression":"c_confl_mg","category":"personality"},{"text":"하지만 회사 자체의 정책의 문제라면 그것은 회사를 정책을 바꿀 수 있는 팀장   또는 대표 이사 급을 만나서 이러이러한 문제로 인하여 모든 갈등이 시작되었으니 이 부분에 대해서 합의점을 좀 마련해 주시겠습니까 라고 먼저 요청을 해 보는 것입니다.","expression":"c_confl_mg","category":"personality"}],"summary":{"text":"서로 다른 사람이 모여서 일을 하다 보면 불화는 반드시 생길 수 밖에 없습니다. 이는 피할 필요가 없는 하나의 과정입니다. 서로의 이기적인 마음 또는 양보심 타협점을 못 찾아서 불화가 생겼다면 원활한 대화와 함께 타협점을 찾으면 됩니다. 하지만 회사 자체의 정책이라면 팀장 또는 대표 이사 급을 찾아가 먼저 요청을 해 보는 것입니다.","wordCount":50}}},"rawDataInfo":{"question":{"fileFormat":"wav","fileSize":494798,"duration":15460,"samplingBit":16,"channelCount":1,"samplingRate":"16kHz","audioPath":"/Mock/07.ProductionManufacturing/Male/Experienced/ckmk_q_mm_m_e_165834.wav"},"answer":{"fileFormat":"wav","fileSize":2144078,"duration":67000,"samplingBit":16,"channelCount":1,"samplingRate":"16kHz","audioPath":"/Mock/07.ProductionManufacturing/Male/Experienced/ckmk_a_mm_m_e_165834.wav"}}}