{"version":"1.0","dataSet":{"info":{"date":"20230116","occupation":"MM","channel":"MOCK","place":"ONLINE","gender":"MALE","ageRange":"55-","experience":"EXPERIENCED"},"question":{"raw":{"text":"지원자님께서 최근에 본 뉴스들 중 가운데 가장 인상 깊었던 뉴스는 어떤 것이 있을까요 어떤 것이 있는지와 이유도 함께 말씀 부탁드립니다","wordCount":20},"emotion":[],"intent":[]},"answer":{"raw":{"text":"어 요즘 음 굉장히 인상 깊었던 뉴스는 음 우리나라하고 접해 있고 또 같은 민족인 어 북한의 뉴습니다. 북한이 요즘 음 미사일도 발사하고 어 전쟁의 위협을 어 느낄 정도로 어 도발을 하고 있어서 뉴스에 많이 나오는데요. 어 우리 이 북한하고는 한 민족이면서도 어 정체성이나 당이 다르기 때문에 굉장히 어려운 어 또 북한의 에 존재 가치입니다. 어 세습이 되고 어 또는 어 또 일 인 통제 에 통치를 하기 때문에 에 또 일 인이 에 또 법을 집행을 하고 하는 그런 행동 과정에서 함부로 하는 전쟁의 위험을 느낄 수 있는 행동을 하고 있기 때문에 핵이라는 존재를 가지고 있는 어 북한으로써는 굉장히 무력 어 도발을 하기가 쉽습니다. 그래서 우리나라의 경제를 따지다 보면 어 절대적으로 에 전쟁은 막아야 된다고 생각을 합니다.","wordCount":117},"emotion":[],"intent":[{"text":"","expression":"","category":"attitude"}],"summary":{"text":"우리나라와 접해있고 같은 민족인 북한은 미사일 발사 등 도발을 하고 있습니다. 북한은 세습이 되고 또 일 인 통제에 통치를 하기 때문에 함부로 하는 전쟁의 위험을 느낄 수 있는 행동을 하고 있기 때문에 핵이 있는 북한은 무력 도발을 하기가 쉽습니다.","wordCount":39}}},"rawDataInfo":{"question":{"fileFormat":"wav","fileSize":618958,"duration":19340,"samplingBit":16,"channelCount":1,"samplingRate":"16kHz","audioPath":"/Mock/07.ProductionManufacturing/Male/Experienced/ckmk_q_mm_m_e_200027.wav"},"answer":{"fileFormat":"wav","fileSize":2837838,"duration":88680,"samplingBit":16,"channelCount":1,"samplingRate":"16kHz","audioPath":"/Mock/07.ProductionManufacturing/Male/Experienced/ckmk_a_mm_m_e_200027.wav"}}}