{"version":"1.0","dataSet":{"info":{"date":"20230116","occupation":"MM","channel":"MOCK","place":"ONLINE","gender":"MALE","ageRange":"55-","experience":"EXPERIENCED"},"question":{"raw":{"text":"기술적인 이슈를 해결했던 경험을 이야기해 보세요","wordCount":6},"emotion":[],"intent":[]},"answer":{"raw":{"text":"예 저는 그 음 어 광고홍보학과를 나와 가지고 홍보만 알았지 직접 제작을 몰랐습니다. 그래서 그 제작을 또 경험하고 현장에서 일하는 모습들을 볼려고 이 년 동안 현장 근무를 한 번 해 본 적이 있습니다. 그래서 어 거기에서 어 간판을 수주를 하는데요. 어 간판이 이 어 또 제작 설치 이런 부분에서 굉장히 중요한 역활을 했었습니다. 그래서 간판을 또 어 소비자에게 간판 의뢰를 받아서 어 그것을 공장에서 어 재단해서 어 또 제작 다시 조립해서 어 또 허가를 관청에 받구요. 그 직접 어 간판을 또 현장에 가서 달고 있었는데 에 거기에 따르는 기술적인 이슈가 많이 있어서 어 그런 경험이 이 또 어 잘 해결했던 경험이 있었습니다. 그것은 현장에서 사이즈가 안 맞아가지고 그것을 다시 재차 아 제작 설치를 할려니 이 또 어 시간상 많이 걸리고 해서 현장에서 직접 어 기술적인 이슈를 해결했던 경험이 에 있습니다.","wordCount":130},"emotion":[],"intent":[{"text":"예 저는 그 음 어 광고홍보학과를 나와 가지고 홍보만 알았지 직접 제작을 몰랐습니다.","expression":"c_private","category":"background"}],"summary":{"text":"광고홍보학과를 나와 직접 제작을 몰랐는데, 현장에서 일하는 모습을 볼려고 이 년 동안 현장 근무를 한 적이 있습니다. 현장에서 간판을 수주를 하는데, 제작 설치 부분에서 굉장히 중요한 역활을 했습니다. 그래서 소비자에게 간판 의뢰를 받아서 공장에서 재단하고 제작 다시 조립해서 허가를 받았습니다.","wordCount":40}}},"rawDataInfo":{"question":{"fileFormat":"wav","fileSize":192398,"duration":6010,"samplingBit":16,"channelCount":1,"samplingRate":"16kHz","audioPath":"/Mock/07.ProductionManufacturing/Male/Experienced/ckmk_q_mm_m_e_237709.wav"},"answer":{"fileFormat":"wav","fileSize":3196878,"duration":99900,"samplingBit":16,"channelCount":1,"samplingRate":"16kHz","audioPath":"/Mock/07.ProductionManufacturing/Male/Experienced/ckmk_a_mm_m_e_237709.wav"}}}