{"version":"1.0","dataSet":{"info":{"date":"20230116","occupation":"MM","channel":"MOCK","place":"ONLINE","gender":"MALE","ageRange":"55-","experience":"EXPERIENCED"},"question":{"raw":{"text":"지금까지 살아오면서 가장 힘들었던 일이 무엇일까요 또 그 어려움을 극복하기 위해 어떠한 노력을 하셨는지 궁금합니다","wordCount":15},"emotion":[],"intent":[]},"answer":{"raw":{"text":"저의 가장 음 힘들었던 점은 음 건강이었습니다. 건강이 많이 좋지는 않았는데 에 간이 에 지방 이 좀 있고 어 뭐 어 간염이 좀 보유가 돼서 굉장히 그 피로가 바로 오고 그래서 굉장히 그 점이 힘들었던 것 같습니다. 이걸 극복하기 위해서 어 골프도 어 계속 치고 있구요. 어 등산도 하면서 운동으로서 그 것을 극복하려고 노력을 하고 있구요. 어 운동을 하다 보니까 살이 빠지니 지금은 굉장히 정상적인 컨디션으로 어 지금 어 생활을 하고 있구요. 앞으로도 운동은 저에게는 없어서는 안 될 그런 존재 같습니다. 어 굉장히 피로 누적을 많이 느꼈기 때문에 아 이런 부분이 너무 힘들었다 라는 것을 굉장히 알기 때문에 앞으로 지속적으로 운동으로 어 몸을 관리해서 어 회사에 에 문제 없도록 하도록 노력하겠습니다.","wordCount":111},"emotion":[{"text":"건강이 많이 좋지는 않았는데 에 간이 에 지방 이 좀 있고 어 뭐 어 간염이 좀 보유가 돼서 굉장히 그 피로가 바로 오고 그래서 굉장히 그 점이 힘들었던 것 같습니다.","expression":"n-distress","category":"negative"}],"intent":[{"text":"","expression":"","category":"attitude"}],"summary":{"text":"저는 건강이 좋지 않았지만 간염이 보유되어 피로가 오고 있어서 골프와 등산을 하면서 운동으로 극복하려 노력하고 있습니다. 앞으로 지속적으로 운동으로 몸을 관리해서 회사에 문제 없도록 하도록 노력하겠습니다.","wordCount":26}}},"rawDataInfo":{"question":{"fileFormat":"wav","fileSize":458958,"duration":14340,"samplingBit":16,"channelCount":1,"samplingRate":"16kHz","audioPath":"/Mock/07.ProductionManufacturing/Male/Experienced/ckmk_q_mm_m_e_175760.wav"},"answer":{"fileFormat":"wav","fileSize":2861838,"duration":89430,"samplingBit":16,"channelCount":1,"samplingRate":"16kHz","audioPath":"/Mock/07.ProductionManufacturing/Male/Experienced/ckmk_a_mm_m_e_175760.wav"}}}