{"version":"1.0","dataSet":{"info":{"date":"20230116","occupation":"MM","channel":"MOCK","place":"ONLINE","gender":"MALE","ageRange":"55-","experience":"EXPERIENCED"},"question":{"raw":{"text":"지원자님께서는 현재 많은 대기업들이 해외로 공장을 이전하고 있습니다 이에 찬성하십니까 반대하십니까 입장과 이에 관련해서 어 설명 부탁드리겠습니다","wordCount":17},"emotion":[],"intent":[]},"answer":{"raw":{"text":"그 현재 많은 대기업들이 해외로 공장을 이전하고 있는데요. 어 참 안타까운 현실입니다. 어 어 우리나라 중점적으로 추진하는 게 어 일자리 창출인데요. 어 어 대기업들이 해외로 공장을 이전하는 그 그것이 되어서 또 어 많은 또 회사들이 이 에 필요로 해서 움직이는 경우가 있고 또는 어 국내에서 어 부지 문제나 어 세금 문제 이런 것 때문에 이견을 하고 있는데요. 어 저는 음 어 경쟁력이 있다 라고 하면 어 찬성을 합니다. 어 경쟁력 있는 어 회사를 만들려면 한 곳에 안주하지 안주해서는 안 되겠죠. 그래서 되도록이면 어 한국의 에 대기업들이 그 공장을 많이 짓고 활동을 했으면 좋겠는데 에 그게 한국의 여의치 않는 또 글로벌 시대이기 때문에 에 발전을 할려면 해외에 공장이 필요하다고 생각을 합니다. 저는 찬성을 하겠습니다.","wordCount":113},"emotion":[],"intent":[{"text":"","expression":"","category":"attitude"}],"summary":{"text":"현재 많은 대기업들이 해외로 공장을 이전하고 있습니다. 우리나라 중점적으로 추진하는 게 일자리 창출인데, 해외 공장을 많이 짓고 활동을 했으면 좋겠지만 한국의 여건이 여의치 않아 해외 공장이 필요하다고 생각을 합니다.","wordCount":29}}},"rawDataInfo":{"question":{"fileFormat":"wav","fileSize":551758,"duration":17240,"samplingBit":16,"channelCount":1,"samplingRate":"16kHz","audioPath":"/Mock/07.ProductionManufacturing/Male/Experienced/ckmk_q_mm_m_e_188346.wav"},"answer":{"fileFormat":"wav","fileSize":2819278,"duration":88100,"samplingBit":16,"channelCount":1,"samplingRate":"16kHz","audioPath":"/Mock/07.ProductionManufacturing/Male/Experienced/ckmk_a_mm_m_e_188346.wav"}}}