{"version":"1.0","dataSet":{"info":{"date":"20230116","occupation":"MM","channel":"MOCK","place":"ONLINE","gender":"MALE","ageRange":"-34","experience":"EXPERIENCED"},"question":{"raw":{"text":"어 사람은 저마다 자신이 바라는 이상적인 노년의 모습이 있을 텐데요 지원자님이 바라는 자신의 이상적인 노년는 어떤 모습인가요","wordCount":17},"emotion":[],"intent":[]},"answer":{"raw":{"text":"사랑하는 나의 와이프와 함께 하는 삶을 어 꿈을 꾸고 싶습니다. 우리가 이렇게 이렇게 회사 면접을 보는 것도 다 어떻게 보면 행복한 노년을 보내기 위해서라고 생각을 하는데 그런데 그렇게 노년이 되었을 때 젊었을 때 그리고 작년이었을 때 그렇게 노력했던 것들을 이제 다 이루고 나서 비로소 쉬는 시간 그때에 나의 사랑하는 사람과 같이 이렇게 누워 가지고 지는 석양을 보면서 이렇게 시간을 보낼 수 있으면은 그것만큼 인생에 더 행복한 것이 무엇이 있을까요. 저는 그것만을 위해서 바라보고 있다고 어 자신 있게 말씀드릴 수 있어요. 하필이면은 이런 질문이 나와 가지고 이렇게 말씀드리는 건데 전 제 인생의 목표 중의 하나가 어떤 행복한 노년을 나의 사랑하는 사람과 옆에서 함께 죽을 때까지 보내는 것이 저의 인생이 가장 큰 목표 중의 하나이기 때문에 저는 그런 행복한 노년을 보내기 위해서 집도 마련할 것이고 연금도 꾸준하게 들고 있고 건강도 꾸준하게 챙기고 있습니다. 그런 안정된 삶을 바탕으로 한 노년을 저는 지금 계획하고 있습니다.","wordCount":141},"emotion":[],"intent":[{"text":"","expression":"","category":"attitude"}],"summary":{"text":"회사 면접을 보는 것도 행복한 노년을 보내기 위해서이지만, 노년이 되어 비로소 쉬는 시간 저의 사랑하는 사람과 같이 누워서 석양을 보면서 시간을 보내는 것보다 더 행복한 것이 없다고 생각합니다. 전 행복한 노년에 집을 마련하고 연금도 들고 있고 건강도 꾸준하게 챙기고 있습니다. 그런 안정된 삶을 바탕으로 한 노년에 대해 계획하고 있습니다","wordCount":49}}},"rawDataInfo":{"question":{"fileFormat":"wav","fileSize":458958,"duration":14340,"samplingBit":16,"channelCount":1,"samplingRate":"16kHz","audioPath":"/Mock/07.ProductionManufacturing/Male/Experienced/ckmk_q_mm_m_e_200536.wav"},"answer":{"fileFormat":"wav","fileSize":2833358,"duration":88540,"samplingBit":16,"channelCount":1,"samplingRate":"16kHz","audioPath":"/Mock/07.ProductionManufacturing/Male/Experienced/ckmk_a_mm_m_e_200536.wav"}}}