{"version":"1.0","dataSet":{"info":{"date":"20230116","occupation":"MM","channel":"MOCK","place":"ONLINE","gender":"MALE","ageRange":"55-","experience":"EXPERIENCED"},"question":{"raw":{"text":"만약 저희 회사에 들어오셔서 지원자님의 직무에 맞지 않는 일을 하게 되신다면 어떻게 하시겠습니까 그래도 괜찮으신가요 말씀해 주세요","wordCount":17},"emotion":[],"intent":[]},"answer":{"raw":{"text":"어 근무를 하다 보면 항상 어 직무에 맞지 않는 일들을 하게 에 됩니다. 그렇다고 에 회사 방침인데 그래서 무조건 적으로 예 반대만 한다고 이게 또 원만이 해결이 되는 일이 아니기 때문에요. 어 저는 어 직무에 맞지 않는 일도 해야 된다 어 이런 생각을 가지고 있습니다. 어 그래서 어 나의 전공 분야도 아닌데 직무에 맞지도 않은데 에 하는 그런 안일한 생각으로 회사 생활을 하다 보면 항상 뒤로 어 뒤쳐지고 어 또 에 소외되고 이런 부분이 있기 때문에 또 회사 생활은 저 혼자만의 이 에 직무가 아니기 때문에 그 옆에 동료들이 이제 배움도 어 또 에 조언도 받아서 에 항상 직무를 마쳐 나가는 게 제 의무라고 생각을 합니다. 어 그래서 어 상사님한테 에 도 그런 이야기를 먼저하고 쪼끔 어 늦지만 열심히 해 보겠습니다 라고 말씀 그리고 어 싶습니다.","wordCount":126},"emotion":[],"intent":[{"text":"","expression":"","category":"attitude"}],"summary":{"text":"회사 생활을 하다 보면 직무에 맞지 않는 일들을 하게 되고, 뒤로 뒤쳐지고 소외되는 부분이 있기 때문에 옆의 동료들에게 배움과 조언도 받아서 항상 직무를 마쳐 나가는 게 제 의무라고 생각합니다. 상사님께 에 도 그런 이야기를 먼저하고 열심히 하겠습니다.","wordCount":37}}},"rawDataInfo":{"question":{"fileFormat":"wav","fileSize":558158,"duration":17440,"samplingBit":16,"channelCount":1,"samplingRate":"16kHz","audioPath":"/Mock/07.ProductionManufacturing/Male/Experienced/ckmk_q_mm_m_e_184260.wav"},"answer":{"fileFormat":"wav","fileSize":2873038,"duration":89780,"samplingBit":16,"channelCount":1,"samplingRate":"16kHz","audioPath":"/Mock/07.ProductionManufacturing/Male/Experienced/ckmk_a_mm_m_e_184260.wav"}}}