{"version":"1.0","dataSet":{"info":{"date":"20230116","occupation":"MM","channel":"MOCK","place":"ONLINE","gender":"MALE","ageRange":"55-","experience":"EXPERIENCED"},"question":{"raw":{"text":"업무 중 스케줄에 없던 일이 생길 때가 많이 있는데요 이런 상황이 생긴다면 지원자님께서는 어떻게 대처하실 건가요","wordCount":16},"emotion":[],"intent":[]},"answer":{"raw":{"text":"항상 업무는 어 공백기도 있고 또 어 스케줄을 잘 짜서 어 하고 있는데요. 그 스케줄에 없던 일이 생길 때가 많이 있습니다. 어 그러면은 어 그것을 대처하는 그런 방법이 다들 자기한테 에 몸에 베어 있어야지만이 회사 생활하는 데 문제 없을 거로 생긴 어 생각을 하고요. 어 만약에 이런 상황이 생기면 어 무조건 적으로 어 그 스케줄을 이 어 조금이나마 시간을 좀 빼 가지고 어 그 대처를 해야 되는데 대처가 어 정 안되면 저는 야간 근무를 해서라도 어 그것을 어 이루어내는 그런 어 회사원이 될 것 같습니다. 그래서 자세가 중요한 것 같습니다. 항상 어 열심히 하는 자세가 필요한데요. 스케줄 외에 다른 일이 생긴다고 해서 그래서 어 또 투덜되거나 하면 일이 안 되기 때문에 에 항상 준비하는 이런 과정들이 있어야 된다고 생각을 하고 있습니다.","wordCount":121},"emotion":[],"intent":[{"text":"","expression":"","category":"attitude"}],"summary":{"text":"이를 대처하는 방법이 자기 몸에 베어 있어야 회사 생활에 문제가 없을 거라고 생각합니다. 대처가 안되면 야간 근무를 해서라도 해낼 것 같습니다. 항상 노력하는 자세가 필요하고, 항상 준비하는 과정이 있어야 한다고 생각합니다.","wordCount":31}}},"rawDataInfo":{"question":{"fileFormat":"wav","fileSize":382158,"duration":11940,"samplingBit":16,"channelCount":1,"samplingRate":"16kHz","audioPath":"/Mock/07.ProductionManufacturing/Male/Experienced/ckmk_q_mm_m_e_185757.wav"},"answer":{"fileFormat":"wav","fileSize":2870158,"duration":89690,"samplingBit":16,"channelCount":1,"samplingRate":"16kHz","audioPath":"/Mock/07.ProductionManufacturing/Male/Experienced/ckmk_a_mm_m_e_185757.wav"}}}