{"version":"1.0","dataSet":{"info":{"date":"20230116","occupation":"MM","channel":"MOCK","place":"ONLINE","gender":"MALE","ageRange":"35-44","experience":"EXPERIENCED"},"question":{"raw":{"text":"일을 하다 보면 상사와 트러블이 생길 수도 있습니다 이럴 때 어떻게 할 것인지 그리고 상사에게 혼났을 때는 기분 나쁘지 않을지 궁금합니다","wordCount":21},"emotion":[],"intent":[]},"answer":{"raw":{"text":"어떤 업무를 하던 간에 상사와는 반드시 트러블이 생길 수 밖에 없습니다. 일단 첫 번째 상사와 트러블이 생기는 걸 당연하다고 생각해야 합니다. 왜냐면 상사가 가지고 있는 지식 경험과 제가 갖고 있는 지식 경험은 그만큼의 레벨 차이가 많이 날 수 밖에 없고 그러면 상사는 자기가 더 옳다고 생각하고 직급이 높기 때문에 밀어 붙일려는 경향이 있습니다. 그러면서 상사가 혼을 내면 그것을 기분 나쁘게 들을 것이 아니라 아 상사가 나에게 또 다른 지식을 전수하고 있거나 경험을 또 알려주고 있구나 라고 자연스럽게 받아들여야 합니다. 추후에 그 상사가 알려진 지식이나 경험이 틀렸다고 하더라도 저에게는 그 상사를 과 친해질 수 있는 또 다른 계기가 될 수 있고 추후 상사에게 조금 더 시간이 지난 후에 예전에 김 과장님이 하셨던 말씀이 이렇게 해서 맞는 줄 알았는데 쪼금은 잘못된 것 같습니다 라고 넌지시 언급을 하면서 쪼금 더 가까이 다가갈 수 있는 환경을 이나 문화를 만들 수 있을 것 같습니다.","wordCount":139},"emotion":[],"intent":[{"text":"","expression":"","category":"attitude"}],"summary":{"text":"어떤 업무를 하던 간에 상사와는 반드시 트러블이 생길 수 밖에 없습니다. 상사와 지식 경험은 레벨 차이가 많이 날 수 밖에 없고 상사는 자기가 더 옳다고 생각하고 직급이 높기 때문에 밀어 붙일려고 합니다. 그러면서 혼을 내면 그것을 기분 나쁘게 들을 것이 아니라 다른 지식을 전수하고 있구나 라고 자연스럽게 받아들여야 합니다.","wordCount":49}}},"rawDataInfo":{"question":{"fileFormat":"wav","fileSize":373838,"duration":11680,"samplingBit":16,"channelCount":1,"samplingRate":"16kHz","audioPath":"/Mock/07.ProductionManufacturing/Male/Experienced/ckmk_q_mm_m_e_163172.wav"},"answer":{"fileFormat":"wav","fileSize":2099278,"duration":65600,"samplingBit":16,"channelCount":1,"samplingRate":"16kHz","audioPath":"/Mock/07.ProductionManufacturing/Male/Experienced/ckmk_a_mm_m_e_163172.wav"}}}