{"version":"1.0","dataSet":{"info":{"date":"20230116","occupation":"MM","channel":"MOCK","place":"ONLINE","gender":"MALE","ageRange":"55-","experience":"EXPERIENCED"},"question":{"raw":{"text":"과거의 프로젝트를 수행했던 경험이 있는지 궁금합니다 있다면 프로젝트 내에서 어떤 역할을 맡으셨는지도 궁금하거든요 답변 부탁드릴게요","wordCount":15},"emotion":[],"intent":[]},"answer":{"raw":{"text":"어 저는 음 어 여러 가지 회사에 에 프로젝트가 많이 있는데요. 이제는 현대백 화점에서 어 프로젝트를 수행 했던 그런 경험이 있습니다. 어 현대백화점에 홍보를 항상 해야 되기 때문에 그 홍보 어 담당을 하고 있었는데요. 어 거기에 에 에 홍보를 저희들이 프로젝트를 하나 어 이야기를 해 드리겠습니다. 거기서 어 추진했던 이 의 것은 각 그 아파트에 에 출입구 입구에 에 게시판을 설치해서 어 주마다 바뀌는 홍보를 했던 기억이 납니다. 그래서 그 아파트 소장님 또 자치 회장님을 찾아뵙고 어 그 그 분을 어 게시판에 설치해서 그 항상 어 현대 백화점에서 일 주일에 한 번 씩 홍보물을 교체하는 그런 어 프로젝트를 했던 기억이 납니다. 그래서 그 다음에 매출 많이 올렸던 기억도 있습니다.","wordCount":109},"emotion":[],"intent":[{"text":"","expression":"","category":"attitude"}],"summary":{"text":"저는 여러 회사에 프로젝트가 많은데 현대 백화점에서 프로젝트를 수행한 경험이 있습니다. 아파트 출입구 입구에 게시판을 설치해서 주마다 바뀌는 홍보물을 교체했고, 그 이후로 매출도 많이 올렸던 기억입니다.","wordCount":26}}},"rawDataInfo":{"question":{"fileFormat":"wav","fileSize":471118,"duration":14720,"samplingBit":16,"channelCount":1,"samplingRate":"16kHz","audioPath":"/Mock/07.ProductionManufacturing/Male/Experienced/ckmk_q_mm_m_e_186778.wav"},"answer":{"fileFormat":"wav","fileSize":2867278,"duration":89600,"samplingBit":16,"channelCount":1,"samplingRate":"16kHz","audioPath":"/Mock/07.ProductionManufacturing/Male/Experienced/ckmk_a_mm_m_e_186778.wav"}}}