{"version":"1.0","dataSet":{"info":{"date":"20230116","occupation":"MM","channel":"MOCK","place":"ONLINE","gender":"MALE","ageRange":"55-","experience":"EXPERIENCED"},"question":{"raw":{"text":"지원자님께서는 전공 외에 자신이 수준급의 실력이 될 정도로 노력해 본 적이 있습니까 있다면 전공과 관련 어떤 도움을 주고 있는지 궁금합니다","wordCount":20},"emotion":[],"intent":[]},"answer":{"raw":{"text":"항상 전공 외에 에 다른 것을 어 실력을 쌓을려고 모든 사람들이 노력을 하고 그러나 그게 쉽지는 않습니다. 그 이제 전공 외에 에 에 다른 실력을 쌓기 위해서 영어 공부를 많이 합니다. 어 영어 스터디도 하면서 어 노력을 하고 있구요. 에 세계적인 국어이기 때문에 영어는 필수 필수이라고 생각을 합니다. 어 그래서 어 나름대로 굉장히 노력을 하는데 아직까지는 어 에 수준급의 실력은 이 조금 부족합니다마는 많이 올라왔고요. 어 전공을 하다 보니까 어 그 언어가 굉장히 중요하더라고요. 외국 바이어를 만나면 어 영어로서 어 나의 전공을 설명을 하고 설득을 해야 되기 때문에 굉장히 그 부분에 대해서 미흡하기 때문에 에 영어 공부를 많이 했습니다. 그래서 지금은 어 아주 많이 올라왔구요. 전공과 관련돼서도 많이 에 도움을 주고 있습니다.","wordCount":112},"emotion":[],"intent":[{"text":"","expression":"","category":"attitude"}],"summary":{"text":"전공 외에 실력을 쌓기 위해 영어 공부를 많이 합니다. 세계적인 국어이기 때문에 필수라고 생각합니다. 전공을 하다 보니 그 언어가 굉장히 중요하다는 걸 알게 되었습니다. 외국 바이어를 만나면 영어로 전공을 설명하고 설득을 해야 되기 때문에 영어 공부가 중요합니다.","wordCount":37}}},"rawDataInfo":{"question":{"fileFormat":"wav","fileSize":644878,"duration":20150,"samplingBit":16,"channelCount":1,"samplingRate":"16kHz","audioPath":"/Mock/07.ProductionManufacturing/Male/Experienced/ckmk_q_mm_m_e_175285.wav"},"answer":{"fileFormat":"wav","fileSize":2841678,"duration":88800,"samplingBit":16,"channelCount":1,"samplingRate":"16kHz","audioPath":"/Mock/07.ProductionManufacturing/Male/Experienced/ckmk_a_mm_m_e_175285.wav"}}}