{"version":"1.0","dataSet":{"info":{"date":"20230116","occupation":"MM","channel":"MOCK","place":"ONLINE","gender":"MALE","ageRange":"-34","experience":"EXPERIENCED"},"question":{"raw":{"text":"어 지원자님께서 현재 공부하고 있는 분야는 어떤 것인가요 그리고 그것을 공부하고 있는 이유는 무엇인지 궁금합니다 그리고 그것을 공부함으로써 어떤 것들을 배웠는지 설명해 주시길 바랍니다","wordCount":24},"emotion":[],"intent":[]},"answer":{"raw":{"text":"저는 우리나라에서는 그렇게 발달되어 있는 분야는 아니긴 한데 연금술에 대해서 공부를 하고 있습니다. 연금술 연금술이라는 것이 이제 어떤 물질을 이 물질로 바꾸는 것이에요. 그게 이제 파울로 코엘료에 연금술사라는 소설에 이렇게 잘 나타난 소설인데 그런데 결국에 그 소설에 스포일러성이 있긴 있지만 결론을 말씀드리면은 그 사람이 그 연금술사가 원하는 물건을 얻게 돼요. 근데 소설에 라서 소설이라서 그렇게 상징적으로 표현되어 있을 수 있지만 그 연금술을 시도한다는 그 자체가 저에게는 어떤 굉장히 도를 닦는 과정이라고 저는 이해가 되고 있어요. 그래서 실제로 어떤 그냥 이런 딱딱한 플라스틱 물체를 금으로 바꾼다 이것은 불가능한 일이죠. 하지만 이 물건을 어떻게 하면 이 물건을 바꿀 수 있을 것인가에 대한 집착과 연구와 고뇌와 관찰과 기다림 그것은 어떤 일반적인 수행 그 이상의 의미가 저는 있다고 생각을 해서 연금술에 빠져 있습니다 연금술.","wordCount":120},"emotion":[],"intent":[{"text":"","expression":"","category":"attitude"}],"summary":{"text":"파울로 코엘료의 연금술사라는 소설에 잘 나타나있지만, 연금술이란 어떤 물질을 이 물질로 바꾸는 것입니다. 연금술을 시도한다는 것은 굉장히 도를 닦는 과정이라고 생각합니다. 그래서 어떤 물건을 바꿀 수 있을 것인가에 대한 연구와 고뇌, 관찰과 기다림은 일반적인 수행 그 이상의 의미가 있다고 생각합니다.","wordCount":40}}},"rawDataInfo":{"question":{"fileFormat":"wav","fileSize":531598,"duration":16610,"samplingBit":16,"channelCount":1,"samplingRate":"16kHz","audioPath":"/Mock/07.ProductionManufacturing/Male/Experienced/ckmk_q_mm_m_e_200540.wav"},"answer":{"fileFormat":"wav","fileSize":2917198,"duration":91160,"samplingBit":16,"channelCount":1,"samplingRate":"16kHz","audioPath":"/Mock/07.ProductionManufacturing/Male/Experienced/ckmk_a_mm_m_e_200540.wav"}}}