{"version":"1.0","dataSet":{"info":{"date":"20230116","occupation":"MM","channel":"MOCK","place":"ONLINE","gender":"MALE","ageRange":"35-44","experience":"EXPERIENCED"},"question":{"raw":{"text":"지원자분께서 입사를 하시게 된다면 쉬운 일 어려운 일이 둘 다 혼재되어 있을 텐데요 이러한 일들에 대해서 어떻게 분배를 하실 생각이신지 어떻게 일을 나눠서 처리할 생각이신지 궁금합니다","wordCount":26},"emotion":[],"intent":[]},"answer":{"raw":{"text":"당연히 저는 어려운 일부터 무조건 처리해 나갈 것입니다. 심리학적으로 사람은 어려운 일과 쉬운 일이 있을 때 우리가 잠재 의식 속에서 어떤 것이 어렵다 쉽다 라고 인식을 하기보다는 두 가지의 일이 있다 라고 인식을 한다고 합니다. 그런데 쉬운 일부터 처리를 하고 나면 저에게 오십 퍼센트의 과제가 남은 것이지만 어려운 일을 처리하지 못하고 쉬운 일을 뒤에 남겨두면 우리 잠재의식은 백 퍼센트의 일을 처리하지 못했다 라고 하는 심리적인 압박을 주기 시작합니다. 그러면 어려운 일도 쪼금씩 해결해 나갈 수 있는 것이 심리적인 압박이나 스트레스에 인하여 좋은 해결책이나 어떤 방법론을 알아내지 못한다는 것입니다. 그래서 어려운 일을 계속 끙끙대고 있으면 결국 어려운 일도 해결하지 못하고 쉬운 일도 해결하지 못하는 업무 성과를 오십 퍼센트도 달성하지 못하는 사람이 될 수 밖에 없습니다. 하지만 쉬운 일을 먼저 해결하면 일단 마음의 빚이 없어지고 잠재의식 속에선 아 오십 퍼센트는 성과를 이뤘구나 라고 하는 자신감 및 자신감을 극복할 수 있는 어떤 많은 것들이 생겨나기 때문에 추후에 오십 퍼센트 밖에 남지 않은 어려운 일도 어렵지 않게 해결을 하거나 아니면 어려운 일을 최대한 극복할 수 있는 정도까지의 수준에 이른다고 합니다.","wordCount":166},"emotion":[],"intent":[{"text":"","expression":"","category":"attitude"}],"summary":{"text":"심리학적으로 사람은 어려운 일과 쉬운 일이 있을 때 잠재의식 속에 두 가지의 일이 있다 라고 인식합니다. 쉬운 일부터 처리하면 심리적인 압박을 주기 때문에 어려운 일도 해결해 나갈 수 있습니다. 어려운 일을 먼저 해결하면 마음의 빚이 없어지고 잠재의식 속에선 자신감 및 자신감을 극복할 수 있는 많은 것들이 생겨나기 때문에 나중에 어려운 일도 어렵지 않게 해결할 수 있는 정도까지 이릅니다.","wordCount":58}}},"rawDataInfo":{"question":{"fileFormat":"wav","fileSize":609038,"duration":19030,"samplingBit":16,"channelCount":1,"samplingRate":"16kHz","audioPath":"/Mock/07.ProductionManufacturing/Male/Experienced/ckmk_q_mm_m_e_164742.wav"},"answer":{"fileFormat":"wav","fileSize":2764878,"duration":86400,"samplingBit":16,"channelCount":1,"samplingRate":"16kHz","audioPath":"/Mock/07.ProductionManufacturing/Male/Experienced/ckmk_a_mm_m_e_164742.wav"}}}