{"version":"1.0","dataSet":{"info":{"date":"20230116","occupation":"MM","channel":"MOCK","place":"ONLINE","gender":"MALE","ageRange":"55-","experience":"EXPERIENCED"},"question":{"raw":{"text":"지금까지 인생에 살면서 무엇인가 하나에 푹 빠져 몰두해 본 적이 있으실까요 만약 있다면 그것이 무엇일지 궁금합니다","wordCount":16},"emotion":[],"intent":[]},"answer":{"raw":{"text":"어 누구나 인생을 살면서 어 어 푹 안 빠져 본 적이 없을 겁니다. 어 그래서 어 몰두하고 그러는데요. 것도 인제 에 재미있어야 아 몰두가 됩니다. 저는 음 골프를 어 사십 대 초반부터 치기를 시작했습니다. 거기에 에 골프가 아 꼭 그 어떤 버릇처럼 그러게 즐겁더라구요. 그래서 재미있고 어 또 필드에 나가서 어 또 어 타수를 하나하나 줄이는 그런 재미도 있었고요. 어 또 동료들하고 어 잔디를 거닐면서 어 또 이야기 나누고 어 또는 거기에서 인제 조그만 내키를 합니다. 그러면 그 내키하면서 어 또 서로 어 지고 이기는 그런 어 스릴이 많이 있습니다. 그래서 근데 몰두했던 기억도 나고요. 어 골프라는 게 에 자기 자신에응과의 싸움입니다. 어 회사 생활도 똑같구요. 서 회사하고 골프는 엇비슷헌 거 같습니다. 자기 자신을 이겨내지 못하면 어 굉장히 또 뒤로 어 처지고 후퇴하고 하는 그런 거기 때문에 저는 골프를 통해서 인생사를 많이 배웁니다. 그래서 굉장히 푹 빠져서 어 생활했던 어 기억도 나고요. 어 앞으로 또 어 어 저 몸을 위해서라도 골프를 열심히 할 어 계획입니다.","wordCount":155},"emotion":[],"intent":[{"text":"","expression":"","category":"attitude"}],"summary":{"text":"저는 골프를 40대 초반부터 시작했는데, 필드에서의 재미와 동료들의 이야기와 내기하면서 서로 지고 이기는 스릴에 빠졌습니다. 회사 생활과 골프는 비슷합니다. 자기 자신을 이겨내지 못하면 후퇴하는 것 같아서 골프로 인생사를 배웠습니다. 앞으로 제 몸을 위해서라도 골프를 열심히 할 계획입니다.","wordCount":37}}},"rawDataInfo":{"question":{"fileFormat":"wav","fileSize":389198,"duration":12160,"samplingBit":16,"channelCount":1,"samplingRate":"16kHz","audioPath":"/Mock/07.ProductionManufacturing/Male/Experienced/ckmk_q_mm_m_e_237568.wav"},"answer":{"fileFormat":"wav","fileSize":3722958,"duration":116340,"samplingBit":16,"channelCount":1,"samplingRate":"16kHz","audioPath":"/Mock/07.ProductionManufacturing/Male/Experienced/ckmk_a_mm_m_e_237568.wav"}}}