{"version":"1.0","dataSet":{"info":{"date":"20230116","occupation":"MM","channel":"MOCK","place":"ONLINE","gender":"MALE","ageRange":"35-44","experience":"EXPERIENCED"},"question":{"raw":{"text":"네 기차가 운행할 때 산사태로 삼십 분간 정차되는 상황을 좀 가정해 보려고 하는데 음 이러한 상황에서 관리 책임의 위치가 있다면 어떻게 좀 조치를 하실 수 있으실까요","wordCount":26},"emotion":[],"intent":[]},"answer":{"raw":{"text":"가장 먼저 산사태로 정차가 되었다면 기차 내에 응급상황이 발생했는지를 파악합니다. 응급 환자가 있는지 얼마나 위급한지를 확인한 다음에 기장 부기장 본부와 연락하여 응급처치를 할 수 있는 방법 또는 헬기라든가 응급 차량을 보내 달라고 할 것입니다. 그리고 고객들에게 안심을 시켜야 됩니다. 고객들은 산사태로 정차가 되어 불안과 공포에 떨고 있을 겁니다. 저도 힘들지만 그들에게 빠르게 가서 빠른 안내 방송을 통하여 지금 현 상황은 큰 문제가 없고 삼십 분 정도 정차되었지만 앞으로 이 삼십 분 안에 이 사태가 해결되어 정상 운행될 것이라는 안내 방송을 하게 될 것입니다.","wordCount":83},"emotion":[],"intent":[{"text":"가장 먼저 산사태로 정차가 되었다면 기차 내에 응급상황이 발생했는지를 파악합니다.","expression":"c_adp","category":"personality"},{"text":"응급 환자가 있는지   얼마나 위급한지를 확인한 다음에 기장 부기장 본부와 연락하여 응급처치를 할 수 있는 방법 또는 헬기라든가   응급 차량을 보내 달라고 할 것입니다.","expression":"c_adp","category":"personality"}],"summary":{"text":"산사태로 정차 되었다면 기차 내에 응급상황이 발생했는지를 파악한 후 기장 부기장 본부와 연락하여 응급처치를 할 수 있는 방법 또는 헬기나 응급 차량을 보내 달라고 할 것입니다. 그리고 고객들에게 안심을 시켜야 합니다.","wordCount":31}}},"rawDataInfo":{"question":{"fileFormat":"wav","fileSize":522958,"duration":16340,"samplingBit":16,"channelCount":1,"samplingRate":"16kHz","audioPath":"/Mock/07.ProductionManufacturing/Male/Experienced/ckmk_q_mm_m_e_158670.wav"},"answer":{"fileFormat":"wav","fileSize":1484238,"duration":46380,"samplingBit":16,"channelCount":1,"samplingRate":"16kHz","audioPath":"/Mock/07.ProductionManufacturing/Male/Experienced/ckmk_a_mm_m_e_158670.wav"}}}