{"version":"1.0","dataSet":{"info":{"date":"20230116","occupation":"MM","channel":"MOCK","place":"ONLINE","gender":"MALE","ageRange":"35-44","experience":"EXPERIENCED"},"question":{"raw":{"text":"네 생산에 차질이 생겼을 때 지원자께서는 어떤 행동을 취하시겠습니까","wordCount":9},"emotion":[],"intent":[]},"answer":{"raw":{"text":"일단 어떤 부분에서 생산의 체질이 생겼는지 데이터를 분석하겠습니다. 그다음에 생산 교대 근무에 업무를 쪼금 더 타이트하게 가져가려고 합니다. 예를 들어서 주 주야 이 교대만 하던 것을 주야 삼교대로 바꾼다던지 아니면 이십 사 시간 가동하는 것을 주말까지 해서 풀 가동을 한다거나 아니면 생산 라인에 아르바이트까지 투입을 하여 그 생산 차질에 생긴 부분을 전부 다 보상할 수 있도록 하려고 합니다. 그렇지 않으면 납기 일을 맞추지 못하거나 고객과의 약속을 지키지 못하는 꼴이 됩니다. 항상 창 생산은 그 원하는 만큼의 물량을 뽑아내야 되고 그 물량 중에서 삼 퍼센트의 불량률을 계산하면 우리는 필요한 만큼의 생산량을 위해서는 타이트하게 데드라인을 지켜야 됩니다. 그 생산량은 고객과의 약속이고 고객과의 약속을 지키지 못하면 기업은 생존할 수 없습니다.","wordCount":107},"emotion":[],"intent":[{"text":"예를 들어서 주 주야 이 교대만 하던 것을 주야 삼교대로 바꾼다던지   아니면 이십 사 시간 가동하는 것을 주말까지 해서 풀 가동을 한다거나 아니면 생산 라인에 아르바이트까지 투입을 하여 그 생산 차질에 생긴 부분을 전부 다 보상할 수 있도록 하려고 합니다.","expression":"f_prod_plan","category":"technology"}],"summary":{"text":"모든 권한을 주최국에게 전담하도록 하여, 거버넌스 체계 및 규정에 있어서 CDM과 JCM에 비해 각 국의 자유도가 높습니다.","wordCount":17}}},"rawDataInfo":{"question":{"fileFormat":"wav","fileSize":264718,"duration":8270,"samplingBit":16,"channelCount":1,"samplingRate":"16kHz","audioPath":"/Mock/07.ProductionManufacturing/Male/Experienced/ckmk_q_mm_m_e_171904.wav"},"answer":{"fileFormat":"wav","fileSize":1899918,"duration":59370,"samplingBit":16,"channelCount":1,"samplingRate":"16kHz","audioPath":"/Mock/07.ProductionManufacturing/Male/Experienced/ckmk_a_mm_m_e_171904.wav"}}}