{"version":"1.0","dataSet":{"info":{"date":"20230116","occupation":"MM","channel":"MOCK","place":"ONLINE","gender":"MALE","ageRange":"-34","experience":"EXPERIENCED"},"question":{"raw":{"text":"전공 외에 본인이 수준급의 실력이 될 정도로 노력해 본 것이 있다면 그것이 전공과 관련해서 어떤 도움을 주고 있는지도 궁금합니다","wordCount":19},"emotion":[],"intent":[]},"answer":{"raw":{"text":"전공 외에 저는 일본 문화를 어렸을 때부터 되게 많이 좋아했었습니다. 그래서 의도치 않게 그러한 일본 방송들을 재미 삼아서 많이 봤었던 것 같습니다. 그러다 보니깐 자연스럽게 일본어를 할 줄 알게 됐고 일본 문화도 많이 접하게 되었습니다. 그래서 생각지도 않게 일본어를 할 줄 알게 됨으로써 일본 친구를 사귀는 것도 가능해졌고 영어보다도 일본어가 쪼금 더 편할 정도의 실력까지 되어서 여행을 가서도 그런 일본 친구들을 많이 만남으로써 생각지 않은 인연들을 만나게 됐었던 것 같습니다. 전공과 관련이라기보다는 이것이 지금 제가 일하는 것과는 쪼끔 관련이 있는 게 금형은 아무래도 일본 쪽과 우리 회사가 많이 일을 할 때가 있습니다. 물론 저의 직무는 일본 바이어들과 영업팀들과 이야기를 함으로써 업무를 주고받는 일은 아니지만 그래도 그 외에 조금 조금씩 일본어가 들어간 그러한 단어들이 의도치 않게 이제 우리 사업 산업 전반에 스며들어 있기 때문에 그런 것들을 이해하는 데도 쫌 도움이 되었고 차후에 또 이 일을 계속해 나갈 경우에 일본과 관련된 지식들을 얻을 수 있다는 점에서 어 언젠가는 쓸 수 있을 거라고 생각을 합니다.","wordCount":152},"emotion":[{"text":"전공 외에 저는 일본 문화를 어렸을 때부터 되게 많이 좋아했었습니다.","expression":"u-fact","category":"neutral"}],"intent":[{"text":"전공 외에 저는 일본 문화를 어렸을 때부터 되게 많이 좋아했었습니다.","expression":"c_private","category":"background"}],"summary":{"text":"전공과 상관없는 일이지만 일본 문화를 어릴적부터 좋아해서 자연스럽게 일본어를 할 줄 알게 됐습니다. 그래서 일본 친구를 사귀는 것도 가능해졌고 영어보다 일본어가 더 편해서 여행에서도 많이 만났던 것 같습니다. 전공과는 상관없는 일이지만 일본 바이어들과 영업팀들과 일을 하며 자연스럽게 일본어가 들어간 단어들을 우리 사업 산업 전반에 스며들어 있습니다.","wordCount":46}}},"rawDataInfo":{"question":{"fileFormat":"wav","fileSize":339598,"duration":10610,"samplingBit":16,"channelCount":1,"samplingRate":"16kHz","audioPath":"/Mock/07.ProductionManufacturing/Male/Experienced/ckmk_q_mm_m_e_292979.wav"},"answer":{"fileFormat":"wav","fileSize":3657998,"duration":114310,"samplingBit":16,"channelCount":1,"samplingRate":"16kHz","audioPath":"/Mock/07.ProductionManufacturing/Male/Experienced/ckmk_a_mm_m_e_292979.wav"}}}