{"version":"1.0","dataSet":{"info":{"date":"20230116","occupation":"MM","channel":"MOCK","place":"ONLINE","gender":"MALE","ageRange":"-34","experience":"EXPERIENCED"},"question":{"raw":{"text":"지원자님께서 지금까지 인생을 살면서 가장 후회가 되는 일이 있다면 그것이 어떤 일이었습니까 한 가지만 골라서 설명을 한번 해 주시기 바랍니다","wordCount":20},"emotion":[],"intent":[]},"answer":{"raw":{"text":"후회되는 일이 있다면 무언가 저의 삶 가운데에 진득하게 해봤었던 경험이 있는가 라는 것을 생각해 봤을 때 존재하지 않는 것 같아서 너무 아쉬운 것 같습니다. 저의 인생을 되돌아봤을 때 많은 부분에 있어서 사실 관심은 많았습니다. 이것도 해보고 싶고 저것도 해보고 싶고 어 이것도 궁금해서 도전을 해 보았지만 뭐 나와는 그렇게 맞는 것 같지 않네 라는 생각에 정말 그것에 대해서 매력을 느낄 만큼 빠져서 그 어느 정도 절정의 단계에 도다르고 내가 나는 이것을 충분히 해 놨어 라고 한 다음에 나온 것이 아니라 살짝 맛만 보고 음 조금 별로인 것 같애 아니면 나의 상황을 타협을 해서 지금은 아니라 다음에 다시 한 번 해보자 라고 했었던 부분이 많기 때문에 지금 돌아보면서 가장 후회되는 것은 아 무언가 하나를 내가 진득하게 해보고 그것을 정말 달인의 경지에 만큼 오를 수 있게끔 모든 매력들을 다 맛보고 해본 무언가 하나쯤은 있으면 나의 생활이 조금 더 윤택해지고 나라는 사람이 조금 더 성장을 하지 않았을까 라고 생각을 생각을 합니다.","wordCount":148},"emotion":[],"intent":[{"text":"","expression":"","category":"attitude"}],"summary":{"text":"진득하게 해봤던 경험이 존재하지 않는 것 같아 너무 아쉽습니다. 인생에서 관심은 많았지만 나에게 맞는 것 같지 않다는 생각에 조금 맛만 보고 도전했던 부분이 많기 때문에 가장 후회되는 것은 무언가 하나쯤은 있으면 저의 생활이 윤택해지고 나라는 사람이 조금 더 성장을 하지 않을까 라는 생각을 합니다.","wordCount":44}}},"rawDataInfo":{"question":{"fileFormat":"wav","fileSize":554318,"duration":17320,"samplingBit":16,"channelCount":1,"samplingRate":"16kHz","audioPath":"/Mock/07.ProductionManufacturing/Male/Experienced/ckmk_q_mm_m_e_293252.wav"},"answer":{"fileFormat":"wav","fileSize":3157838,"duration":98680,"samplingBit":16,"channelCount":1,"samplingRate":"16kHz","audioPath":"/Mock/07.ProductionManufacturing/Male/Experienced/ckmk_a_mm_m_e_293252.wav"}}}