{"version":"1.0","dataSet":{"info":{"date":"20230116","occupation":"MM","channel":"MOCK","place":"ONLINE","gender":"MALE","ageRange":"35-44","experience":"EXPERIENCED"},"question":{"raw":{"text":"시험 기간 시간이 촉박할 때 지원자님은 어떻게 시간 관리를 하셨나요 지원자님만이 가지고 있는 시간 관리법에 대해 들어보고 싶습니다","wordCount":18},"emotion":[],"intent":[]},"answer":{"raw":{"text":"시험 기간이나 시간이 촉박할 때 저는 일상적인 행동 패턴을 많이 바꿉니다. 첫 번째 제가 원래 잠자는 시간 하루에 수면하는 시간의 패턴부터 바꿉니다. 일곱 시간에서 여덟 시간 하루에 잠을 자지만 실제로 시험 기간이나 시간이 촉박할 때는 네 시간에서 세 시간 반으로 완벽히 줄이게 됩니다. 그리고 하루에 한 시간에서 한 시간 반 정도 하던 운동을 일 이십 분으로 대폭 축소합니다. 출퇴근이나 등교 시간도 두 시간 정도 걸리는 것을 차를 끌고 다니면서 사십 분에서 한 시간으로 줄이면 하루에 총 네 다섯 시간 정도의 여유시간이 생기고 그렇게 되면 일 주일에는 삼십 시간에서 삼십 오 시간이 생깁니다. 일 주일에 삼십 시간에서 삼십 오 시간 이 주일이면 거의 칠십 시간이고 이 주일이면 시간이나 시험 기간에 필요한 시간 또는 회사에서 프로젝트가 걸렸을 때 충분히 해결을 하고도 남는 시간입니다. 그렇게 이 주 또는 삼 주 동안 아주 빡빡하고 타이트한 스케줄 관리를 통해서 시간을 지키고 그렇게 해결이 되고 나면 그다음에는 다시 일상으로 돌아가서 제가 원래 하고 있던 수면 패턴 운동 패턴 또는 업무 패턴에 대해서 일상적으로 다시 돌아가게 됩니다.","wordCount":160},"emotion":[],"intent":[{"text":"","expression":"","category":"attitude"}],"summary":{"text":"시험 기간이나 시간이 촉박할 때 저는 원래 잠자는 시간의 패턴부터 바꿉니다. 그리고 출퇴근이나 등교 시간을 두 시간 정도 걸리는 것을 차를 끌고 다니면서 40분에서 한 시간으로 줄이면 하루에 총 네 다섯 시간 정도의 여유시간이 생깁니다. 그렇게 이 주 또는 삼 주 동안 스케줄 관리를 통해서 시간을 지키고 다시 일상으로 돌아가게 됩니다.","wordCount":51}}},"rawDataInfo":{"question":{"fileFormat":"wav","fileSize":596238,"duration":18630,"samplingBit":16,"channelCount":1,"samplingRate":"16kHz","audioPath":"/Mock/07.ProductionManufacturing/Male/Experienced/ckmk_q_mm_m_e_196097.wav"},"answer":{"fileFormat":"wav","fileSize":2508238,"duration":78380,"samplingBit":16,"channelCount":1,"samplingRate":"16kHz","audioPath":"/Mock/07.ProductionManufacturing/Male/Experienced/ckmk_a_mm_m_e_196097.wav"}}}