{"version":"1.0","dataSet":{"info":{"date":"20230116","occupation":"MM","channel":"MOCK","place":"ONLINE","gender":"MALE","ageRange":"55-","experience":"EXPERIENCED"},"question":{"raw":{"text":"지원자님께서 생각하셨을 때 창의성과 팀워크 중에 더 중요한 것은 어느 쪽이라고 생각하시는지 좀 궁금합니다 또 근거가 있으시다면 그것도 함께 근거까지 들어서 설명해 주시면 좋겠습니다 감사합니다","wordCount":25},"emotion":[],"intent":[]},"answer":{"raw":{"text":"어 회사에 근무를 하다 보면 창의성도 있는 이 분이 있고 팀 워크를 잘하는 분이 있습니다. 어 그러나 저는 여기서 팀 워크를 에 더 중요하다고 생각을 하고 있습니다. 어 창의성도 중요한데 팀 워크가 이루어지지 않으면 굉장히 개인적으로도 스트레스를 많이 받고 회사에서도 어 일이 잘 돌아가질 않는 그런 예를 많이 봤습니다. 그 팀 워크가 잘 되는 어 회사는 어 무궁무진하게 발전하는 그런 것을 많이 봤습니다. 팀 워크가 잘 안 되면 굉장히 에 또 개인적으로도 스트레스를 받고 어 팀이 이 무너지는 그런 경우가 많습니다. 그래서 팀 워크들이 더 중요하게 생각을 하는데요. 어 팀 워크가 아 어 삐그덕 하고 어 잘 안되면 굉장히 개인적으로 또 스트레스를 받는 것 같습니다. 그런 부분이 없도록 어 하기 위해서 팀을 잘 짜서 이 거기에 따르는 팀 팀에 화합이라든가 이런 부분이 잘 돼야지만이 회사가 잘 되는 그런 계기가 되지 않을까 싶습니다.","wordCount":132},"emotion":[],"intent":[{"text":"그래서 팀 워크들이 더 중요하게 생각을 하는데요.","expression":"c_cop","category":"personality"},{"text":"그런 부분이 없도록 어 하기 위해서 팀을 잘 짜서 이 거기에 따르는 팀 팀에 화합이라든가 이런 부분이 잘 돼야지만이 회사가 잘 되는 그런 계기가 되지 않을까 싶습니다.","expression":"c_cop","category":"personality"}],"summary":{"text":"회사 근무 시 창의성도 중요하지만 팀워크가 잘 이루어지지 않으면 회사에서도 일이 잘 돌아가지 않는 경우가 많으므로 팀워크가 중요합니다. 이를 위해 팀을 잘 짜서 화합이 잘 되는 것이 회사 발전의 계기가 될 것입니다.","wordCount":32}}},"rawDataInfo":{"question":{"fileFormat":"wav","fileSize":598798,"duration":18710,"samplingBit":16,"channelCount":1,"samplingRate":"16kHz","audioPath":"/Mock/07.ProductionManufacturing/Male/Experienced/ckmk_q_mm_m_e_175758.wav"},"answer":{"fileFormat":"wav","fileSize":2817678,"duration":88050,"samplingBit":16,"channelCount":1,"samplingRate":"16kHz","audioPath":"/Mock/07.ProductionManufacturing/Male/Experienced/ckmk_a_mm_m_e_175758.wav"}}}