{"version":"1.0","dataSet":{"info":{"date":"20230116","occupation":"MM","channel":"MOCK","place":"ONLINE","gender":"MALE","ageRange":"55-","experience":"EXPERIENCED"},"question":{"raw":{"text":"지금까지 살아오시면서 새로운 환경에서 전혀 몰랐던 일을 맡아서 해본 경험이 있으신지요 있으시다면 어떤 상황에서 어떤 경험을 했는지 한번 소개해 주시겠습니까","wordCount":20},"emotion":[],"intent":[]},"answer":{"raw":{"text":"인간은 인간이 살면서 어 정말 새로운 환경에서 어 안 하는 게 없을 것 같습니다. 항상 어 새로운 환경에 에 발 맞추어 나가야 된다고 생각을 하거든요. 이 전혀 몰랐던 일을 어 맡아서 어 할 경우가 많이 있습니다. 아 그런 내용은 어 어 또 거기에 따라서 대체를 하는 그런 용어 이 있어야 되겠죠. 저는 아무 것도 모르는 어 광고라는 어 일을 접하게 됐는데요. 어 거기에서 하나 씩 하나 씩 배워 나가면서 그 광고 일을 어 성공시켰던 그런 생각도 듭니다. 어 어느 한 회사에서 수주을 따게 되면 모든 게 에 전혀 모르는 환경에서 어 일을 할 수 밖에 없습니다. 그래서 그 일을 하기 위해서 전국적으로 돌아다니면서 어 대학교에 고등학교에 에 서무과 라는 곳에 납품을 했던 그런 기억도 나구요. 여러 가지 이 이 거리라든가 이런 부분이 있기 때문에 그 건강 해야지만이 또 전혀 어 몰랐던 일도 해 나가지 않을까 이렇게 생각을 합니다.","wordCount":138},"emotion":[],"intent":[{"text":"","expression":"","category":"attitude"}],"summary":{"text":"인간은 새 환경에 적응해야 합니다. 전혀 모르는 일을 맡아서 하는 경우가 많습니다. 아무 것도 모르는 광고 일을 접하게 됐는데, 그 일을 성공시켰던 생각도 들고, 전국을 돌아다니면서 대학교에 서무과에 납품을 했던 기억도 납니다. 건강해야 새로운 일을 할 수 있을 것입니다.","wordCount":39}}},"rawDataInfo":{"question":{"fileFormat":"wav","fileSize":501518,"duration":15670,"samplingBit":16,"channelCount":1,"samplingRate":"16kHz","audioPath":"/Mock/07.ProductionManufacturing/Male/Experienced/ckmk_q_mm_m_e_184067.wav"},"answer":{"fileFormat":"wav","fileSize":2884558,"duration":90140,"samplingBit":16,"channelCount":1,"samplingRate":"16kHz","audioPath":"/Mock/07.ProductionManufacturing/Male/Experienced/ckmk_a_mm_m_e_184067.wav"}}}