{"version":"1.0","dataSet":{"info":{"date":"20230116","occupation":"MM","channel":"MOCK","place":"ONLINE","gender":"MALE","ageRange":"35-44","experience":"EXPERIENCED"},"question":{"raw":{"text":"어 지금 읽고 계시는 책이 있는지요 어 있다면 어떤 책인지 소개해 주시구요 또 왜 그 책을 읽으시는지도 함께 말씀해 주시면 좋겠습니다","wordCount":21},"emotion":[],"intent":[]},"answer":{"raw":{"text":"어 지금 제가 개인적으로 읽고 있는 책에 대해서 말씀드리자면 지금 부자 아빠와 가난한 아빠라 라는 책을 읽고 있습니다. 그 책을 읽는 이유는 지금 이제 제가 아들과 딸을 키우고 있는데 어 부자 아빠가 되고 싶다는 생각이 요즘 들어서 점점 더 강하게 드는 것 같습니다. 그 부분에 있어서는 일단 경제적인 자유를 이루고 싶은 것이고 경제적인 자유를 이루려면 그만한 경제적으로서 내가 갖고 싶은 거 쓰고 싶은 거 여행 가고 싶을 때 어 부담 없이 고민하지 않고 갈 수 있을 때 경제적인 자유를 이룬다고 생각합니다. 그래서 인제 책들을 많이 읽는 것이고 그중에서 좀 지금도 재미있게 보고 있는 그 부자 아빠가 될 것인지 가난한 아빠가 될 것인지 그 부분에 대한 관련된 책인데 저는 이제 부자 아빠가 되고 싶은 마음에 지금 읽고 있고 또 그거와 관련된 그런 비슷한 책들도 많이 보고 있는 것 같습니다. 그래서 책이나 이 개인 자기 계발을 통한 그런 자세들을 죽을 때까지 지속돼야 한다고 생각합니다. 그런 것들이 갖춰지고 나서 그런 것들이 쌓이고 나에게 많은 영양분 같은 역할을 할 것 같습니다. 이상입니다.","wordCount":158},"emotion":[{"text":"어 지금 제가 개인적으로 읽고 있는 책에 대해서 말씀드리자면 지금 부자 아빠와 가난한 아빠라 라는 책을 읽고 있습니다.","expression":"u-fact","category":"neutral"}],"intent":[{"text":"","expression":"","category":"attitude"}],"summary":{"text":"지금 저는 부자 아빠와 가난한 아빠라 라는 책을 읽고 있습니다.  경제적 자유를 이루려면 여행 가고 싶을 때 부담 없이 고민 없이 여행 갈 수 있을 때 경제적인 자유를 이룬다고 생각합니다. 그래서 책이나 자기 계발을 통한 자세들을 평생동안 지속돼야 한다고 봅니다.","wordCount":40}}},"rawDataInfo":{"question":{"fileFormat":"wav","fileSize":431438,"duration":13480,"samplingBit":16,"channelCount":1,"samplingRate":"16kHz","audioPath":"/Mock/07.ProductionManufacturing/Male/Experienced/ckmk_q_mm_m_e_192000.wav"},"answer":{"fileFormat":"wav","fileSize":2723278,"duration":85100,"samplingBit":16,"channelCount":1,"samplingRate":"16kHz","audioPath":"/Mock/07.ProductionManufacturing/Male/Experienced/ckmk_a_mm_m_e_192000.wav"}}}