{"version":"1.0","dataSet":{"info":{"date":"20230116","occupation":"MM","channel":"MOCK","place":"ONLINE","gender":"MALE","ageRange":"55-","experience":"EXPERIENCED"},"question":{"raw":{"text":"역사 속에서 가장 존경하는 인물을 어 말씀해 주시고 그 인물을 가장 존경하는 이유에 대해서도 어 말씀 부탁드립니다","wordCount":17},"emotion":[],"intent":[]},"answer":{"raw":{"text":"어 역사 속에서 책 책으로 인제 그분들을 많이 존경을 하게 되는데요. 어 저는 어 우리 이 제일 존경하는 인물을 말씀드리면 세종 대왕님이십니다. 어 우리 세종 대왕님은 어 왕이 되셔서도 항상 어 백성들을 사랑하는 그런 마음이 있었던 거 같습니다. 그래서 그 위대한 한글 창제라는 이런 언어를 만들어 주셨고요. 어 저는 그 언어를 잘 사용을 하고 있습니다. 서 중국에서 어 한문으로으 그 언어를 독립되게 에 또 이렇게 우리 후손들에게 에 또 전달해주는 그런 어 우리 이 세종 대왕님으 위대한 업적을 굉장히 높이 사고요. 굉장히 존경을 하고 있습니다. 어 다양하게 왕이 되면 나태해지고 또 쾌락에 이렇게 빠질 수도 있었는데 그것을 어 좋은 인재를 통해서 장점을 살려서 어 그것을 승화시켜서 어 또 나라에 에 언어를 이렇게 만들어 주신 그 언어 으 으 어 존경하는 인물 중에 최고으 인물로 저는 꼽고 싶고요. 우리 세종 대왕님께서 어떻게 우리나라에 있었냐 라는 그런 참 자부심과 행복함을 항상 아 머릿속에 되뇌이고 어 살고 있다는 것을 말씀드리겠습니다.","wordCount":147},"emotion":[{"text":"어 저는 어 우리 이 제일 존경하는 인물을 말씀드리면 세종 대왕님이십니다.","expression":"p-affection","category":"positive"}],"intent":[{"text":"","expression":"","category":"attitude"}],"summary":{"text":"저는 세종 대왕님을 제일 존경하고 있습니다. 그는 왕이 되셔서도 백성들을 사랑했기 때문에 한글 창제라는 언어를 만들어 주셨습니다. 또 중국에서 한문으로 언어를 독립되게 전달해주셨고, 좋은 인재를 통해서 장점을 살려서 나라에 언어를 만들어 주신 분이 제가 가장 존경하는 인물입니다.","wordCount":37}}},"rawDataInfo":{"question":{"fileFormat":"wav","fileSize":471118,"duration":14720,"samplingBit":16,"channelCount":1,"samplingRate":"16kHz","audioPath":"/Mock/07.ProductionManufacturing/Male/Experienced/ckmk_q_mm_m_e_237706.wav"},"answer":{"fileFormat":"wav","fileSize":3649678,"duration":114050,"samplingBit":16,"channelCount":1,"samplingRate":"16kHz","audioPath":"/Mock/07.ProductionManufacturing/Male/Experienced/ckmk_a_mm_m_e_237706.wav"}}}