{"version":"1.0","dataSet":{"info":{"date":"20230116","occupation":"MM","channel":"MOCK","place":"ONLINE","gender":"MALE","ageRange":"35-44","experience":"EXPERIENCED"},"question":{"raw":{"text":"본인이 이 다룰 수 있는 프로그램은 무엇이 있습니까 그리고 그것을 어느 수준으로 사용할 수가 있습니까","wordCount":15},"emotion":[],"intent":[]},"answer":{"raw":{"text":"포토샵 일러스트레이터 쓰리디 프로그램을 다룰 줄 압니다. 온라인 마케팅 및 마케팅 업무를 하다 보면 디자인 작업을 할 기회들이 생각보다 많습니다. 그렇기 때문에 포토샵이나 일러스트레이트는 중 상급 정도로 사용을 하고 있습니다. 또 다른 프로그램은 파이선이라고 하는 씨 뿔 뿔이나 씨샵 자바와 같은 프로그램입니다. 빅데이터를 사용하고 빅데이터를 공부하다 보니 파이선이라고 하는 프로그램을 자연스럽게 공부하게 됐고 파이선을 통해서 빅데이터를 얻을 수 있고 그렇게 프로그램을 짜면서 어떻게 하면 좋은 데이터를 끄집어 올 수 있는지 어떻게 하면 좋은 데이터를 수집해서 가공을 할 수 있는지에 대한 정확한 판단이 섭니다. 파이선은 중 상 급 정도 이상의 수준이고 파이선으로 웬만한 다이어리 또는 지하철 노선 프로그램 아니면 빅데이터를 얻을 수 있는 프로그램 등을 만들 수 있고 가끔 심심할 때는 주식 환투 매매를 할 수 있는 그런 프로그램을 만들고 그것을 응용해서 주식에 적용을 해보곤 합니다.","wordCount":125},"emotion":[],"intent":[{"text":"","expression":"","category":"attitude"}],"summary":{"text":"온라인 마케팅 및 마케팅 업무를 하다 보면 디자인 작업을 할 기회들이 많아서 포토샵이나 일러스트레이트는 상급 정도로 사용을 하고 있고, 파이선은 중 상 급 정도 수준의 프로그램입니다. 파이선으로 간단한 다이어리 또는 지하철 노선 프로그램 또는 빅데이터를 얻을 수 있는 프로그램 등을 만들 수 있습니다.","wordCount":43}}},"rawDataInfo":{"question":{"fileFormat":"wav","fileSize":451598,"duration":14110,"samplingBit":16,"channelCount":1,"samplingRate":"16kHz","audioPath":"/Mock/07.ProductionManufacturing/Male/Experienced/ckmk_q_mm_m_e_169860.wav"},"answer":{"fileFormat":"wav","fileSize":2302798,"duration":71960,"samplingBit":16,"channelCount":1,"samplingRate":"16kHz","audioPath":"/Mock/07.ProductionManufacturing/Male/Experienced/ckmk_a_mm_m_e_169860.wav"}}}