{"version":"1.0","dataSet":{"info":{"date":"20230116","occupation":"MM","channel":"MOCK","place":"ONLINE","gender":"MALE","ageRange":"-34","experience":"EXPERIENCED"},"question":{"raw":{"text":"사람들이 일을 하다 보면 주말 근무나 야근이 많이 생길 수 있는데요 주말 근무나 야근에 대해서는 어떻게 생각하시는지 참여자분께서는 말씀해 주시기 바랍니다","wordCount":21},"emotion":[],"intent":[]},"answer":{"raw":{"text":"주말 근무나 야근은 당연히 요즘 사람이라면 하고 싶어 하지 않을 거 같습니다. 물론 저 또한 마찬가지이지만 어 우리 회사의 시스템상 그러한 부분들이 존재할 수 밖에 없고 한다면 저도 당연히 그것에 참여를 해야 한다고 생각합니다. 내가 이 회사에 들어왔다는 건 이 회사에 이 회사를 하나의 커다란 어떤 시계로 가정을 했을 경우에 저는 그 하나의 태엽 바퀴가 되어서 그 모든 것들이 잘 굴러갈 수 있게끔 그 안에서 유기적으로 작용할 수 있게끔 하는 하나의 부품이 되는 것이고 하기 때문에 그 회사가 돌아갈 수 있게끔 해야 하는 것이고 단지 제가 일을 하고 싶지 않다는 이유만으로 그것이 용인된다고는 생각하지 않습니다. 그렇기 때문에 주말 근무를 해야 한다거나 야근이 있을 수 밖에 없다거나 하는 것들은 어쩔 수 없이 할 것 같긴 합니다. 하지만 최대한 하지 않아도 될 정도로 그 주간 근무 안에 모든 것들을 녹여낼 정도로 열심히 일을 할 생각입니다.","wordCount":133},"emotion":[],"intent":[{"text":"하지만 최대한 하지 않아도 될 정도로 그 주간 근무 안에 모든 것들을 녹여낼 정도로 열심히 일을 할 생각입니다.","expression":"c_sincere_co","category":"etc"}],"summary":{"text":"요즘 사람들은 주말 근무나 야근을 하고 싶어하지 않습니다. 회사 시스템상 어쩔 수 없이 해야하는 야근이 있지만 최대한 하지 않아도 될 정도로 열심히 일을 할 계획입니다.","wordCount":25}}},"rawDataInfo":{"question":{"fileFormat":"wav","fileSize":467278,"duration":14600,"samplingBit":16,"channelCount":1,"samplingRate":"16kHz","audioPath":"/Mock/07.ProductionManufacturing/Male/Experienced/ckmk_q_mm_m_e_292980.wav"},"answer":{"fileFormat":"wav","fileSize":2763918,"duration":86370,"samplingBit":16,"channelCount":1,"samplingRate":"16kHz","audioPath":"/Mock/07.ProductionManufacturing/Male/Experienced/ckmk_a_mm_m_e_292980.wav"}}}