{"version":"1.0","dataSet":{"info":{"date":"20230116","occupation":"MM","channel":"MOCK","place":"ONLINE","gender":"MALE","ageRange":"35-44","experience":"EXPERIENCED"},"question":{"raw":{"text":"평소에 검색을 자주 하는 편인가요 주로 어떤 검색을 하는지와 왜 검색을 하는지 말씀해 주세요","wordCount":14},"emotion":[],"intent":[]},"answer":{"raw":{"text":"저는 평상시에 기술 용어라든가 빅데이타 머신 러닝 프로그래밍에 대한 많은 검색을 합니다. 특히나 저희 같은 엔지니어들은 많은 내용 많은 전기 전자 네트워크에 대한 내용들을 항상 경험을 하기 때문에 학교에서 다 배운 것 같지만 또 새로운 세상에 트렌드가 있습니다. 특히나 프로그램이나 통신 언어들은 지속적으로 발전하고 있고 우리가 모르는 내용이나 모르는 오류들이 상당히 많습니다. 요즘은 통신 오류나 기기적인 오류들이 매뉴얼에도 나와있지 않은 것들이 구글을 통해서 찾거나 유투브를 통해서 답을 얻을 수도 있기 때문에 지속적으로 구글링을 통해서 필요한 내용들을 수집하고 검색하고 있습니다.","wordCount":79},"emotion":[],"intent":[{"text":"","expression":"","category":"attitude"}],"summary":{"text":"프로그램이나 통신 언어들은 지속적으로 발전하고 있고 모르는 내용이나 오류들이 상당히 많으므로 지속적으로 구글링을 통해서 필요한 내용들을 수집하고 검색하고 있습니다.","wordCount":19}}},"rawDataInfo":{"question":{"fileFormat":"wav","fileSize":371278,"duration":11600,"samplingBit":16,"channelCount":1,"samplingRate":"16kHz","audioPath":"/Mock/07.ProductionManufacturing/Male/Experienced/ckmk_q_mm_m_e_177626.wav"},"answer":{"fileFormat":"wav","fileSize":1494798,"duration":46710,"samplingBit":16,"channelCount":1,"samplingRate":"16kHz","audioPath":"/Mock/07.ProductionManufacturing/Male/Experienced/ckmk_a_mm_m_e_177626.wav"}}}