{"version":"1.0","dataSet":{"info":{"date":"20230116","occupation":"MM","channel":"MOCK","place":"ONLINE","gender":"MALE","ageRange":"-34","experience":"EXPERIENCED"},"question":{"raw":{"text":"만약 우리 회사가 해외 무대로 진출한다면 지원자님께서 생각하시기에 어디로 진출하는 것이 좋을 것 같습니까 그렇게 생각하시는 이유도 함께 제시해 주시기 바랍니다","wordCount":21},"emotion":[],"intent":[]},"answer":{"raw":{"text":"어 우리 회사의 경우에는 제조업을 기반으로 하고 있기 때문에 아무래도 임금이 조금 더 저렴하거나 지대나 공장 그리고 원자재 값이 저렴한 동남아 쪽으로 진출을 하는 것이 가장 적정하다고 생각합니다. 다만 진출을 하기 이전에 우리 회사가 지금 현재 가지고 있는 기술력만으로 이 산업 가운데 충분히 버틸 수 있는지를 먼저 고민하는 것이 우선이라고 생각합니다. 무작정 해외 무대로 진출을 하기보다는 회사 자체 내에 기술력을 더 발전시킬 수 있는 방법을 고민을 함으로써 해외에 우리가 가지고 있는 기술보다도 더욱 높은 기술을 가지고 있는 어 유럽이나 일본 등지에 기술 파견 혹은 수업 아니면 공부를 해볼 수 있는 기회를 먼저 가짐으로써 우리에 기술력을 먼저 높이고 그것을 해외 무대에 적용을 하는 것이 더욱 바람직하다고 생각합니다.","wordCount":106},"emotion":[],"intent":[{"text":"","expression":"","category":"attitude"}],"summary":{"text":"제조업을 기반으로 하는 우리 회사는 임금이 저렴하거나 지대나 공장, 원자재 값이 저렴한 동남아 쪽으로 진출을 하는 것이 가장 적정하다고 생각합니다. 유럽이나 일본 등지에 기술 파견, 수업 혹은 공부를 해볼 수 있는 기회를 가짐으로써 기술력을 먼저 높이고 그것을 해외 무대에 적용하는 것이 바람직하다고 생각합니다.","wordCount":43}}},"rawDataInfo":{"question":{"fileFormat":"wav","fileSize":620878,"duration":19400,"samplingBit":16,"channelCount":1,"samplingRate":"16kHz","audioPath":"/Mock/07.ProductionManufacturing/Male/Experienced/ckmk_q_mm_m_e_300395.wav"},"answer":{"fileFormat":"wav","fileSize":2635598,"duration":82360,"samplingBit":16,"channelCount":1,"samplingRate":"16kHz","audioPath":"/Mock/07.ProductionManufacturing/Male/Experienced/ckmk_a_mm_m_e_300395.wav"}}}