{"version":"1.0","dataSet":{"info":{"date":"20230116","occupation":"MM","channel":"MOCK","place":"ONLINE","gender":"MALE","ageRange":"35-44","experience":"EXPERIENCED"},"question":{"raw":{"text":"대학 생활을 보내면서 가장 힘들었던 경험은 무엇인가요 그것을 어떻게 극복했는지도 설명해 주세요","wordCount":12},"emotion":[],"intent":[]},"answer":{"raw":{"text":"저에 대학교 생활에서 가장 힘들었던 것은 바로 돈이었습니다. 고등학교 중학교를 워낙 힘들게 다녔고 원래 고등학교를 졸업하면서도 대학을 가지 말았어야 되는데 학구에 대한 열풍 때문에 공부를 포기할 수가 없었습니다. 그래서 저는 학자금 대출을 받고 무작정 아르바이트를 하면서 대학을 다니자는 마인드로 대학교를 진학을 했습니다. 그런데 막상 대학교를 진학해 보니 중 고등학교 때는 생각하지도 못했던 엄청난 큰 금액이 들어갔습니다. 특히 교재비 엠티비 또는 친구들과의 술자리 대학교에서 밥 사 먹는 것 일들 자체가 모든 것이 다 돈이었습니다. 교재는 하나당 이만 원에서 오만 원이었고 실습비는 기본적으로 십에서 삼십만 원이었습니다. 저는 대학교 생활 내내 한 번도 쉬지 않고 방과 후에는 새벽까지 피씨방이나 편의점에서 아르바이트를 하고 방학이 되면 공사 현장으로 누구보다 먼저 빨리 뛰어갔습니다. 그렇게 두 달씩 공사 현장에서 사백만 원이라는 돈을 벌어 또 다음 학기에 학비와 학자금을 갚으면서 지속적으로 생활을 해 놨습니다. 제가 과외를 할 만큼 도 공부를 그렇게 잘 하지 못했기 때문에 학생들에 대한 과외는 할 수 없었고 그 대신에 제가 몸으로 할 수 있는 모든 아르바이트를 통해서 대학교 사 학년 내내 너무 힘들었던 것 같습니다.","wordCount":161},"emotion":[{"text":"저는 대학교 생활 내내 한 번도 쉬지 않고 방과 후에는 새벽까지 피씨방이나 편의점에서 아르바이트를 하고   방학이 되면 공사 현장으로 누구보다 먼저 빨리 뛰어갔습니다.","expression":"u-fact","category":"neutral"},{"text":"그렇게 두 달씩 공사 현장에서 사백만 원이라는 돈을 벌어 또 다음 학기에 학비와   학자금을 갚으면서 지속적으로 생활을 해 놨습니다.","expression":"u-fact","category":"neutral"},{"text":"제가 과외를 할 만큼 도 공부를 그렇게 잘 하지 못했기 때문에 학생들에 대한 과외는 할 수 없었고   그 대신에 제가 몸으로 할 수 있는 모든 아르바이트를 통해서 대학교 사 학년 내내 너무 힘들었던 것 같습니다.","expression":"n-distress","category":"negative"}],"intent":[{"text":"","expression":"","category":"attitude"}],"summary":{"text":"대학교 생활에서 가장 힘들었던 것은 바로 돈이었습니다. 학자금 대출을 받고 무작정 아르바이트를 하면서 대학을 다니자는 마인드로 진학을 했는데 막상 대학교를 진학해 보니 엄청난 금액이 들어갔습니다. 교재비, 실습비, 공사 현장 돈을 벌어 다음 학기에 학비와 학자금을 갚으면서 지속적으로 생활을 해 놨는데, 과외는 할 수 없었고 몸으로 할 수 있는 아르바이트를 하며 너무 힘들었던 것 같습니다.","wordCount":54}}},"rawDataInfo":{"question":{"fileFormat":"wav","fileSize":326798,"duration":10210,"samplingBit":16,"channelCount":1,"samplingRate":"16kHz","audioPath":"/Mock/07.ProductionManufacturing/Male/Experienced/ckmk_q_mm_m_e_182373.wav"},"answer":{"fileFormat":"wav","fileSize":2819278,"duration":88100,"samplingBit":16,"channelCount":1,"samplingRate":"16kHz","audioPath":"/Mock/07.ProductionManufacturing/Male/Experienced/ckmk_a_mm_m_e_182373.wav"}}}