{"version":"1.0","dataSet":{"info":{"date":"20230116","occupation":"MM","channel":"MOCK","place":"ONLINE","gender":"MALE","ageRange":"55-","experience":"EXPERIENCED"},"question":{"raw":{"text":"간혹 열심히는 하지만 본인이 원하는 만큼 따라오지 못하는 팀 동료들이 있을 때가 있습니다 그럴 때는 어떻게 하실 건가요","wordCount":18},"emotion":[],"intent":[]},"answer":{"raw":{"text":"어 우리가 항상 회사 생활을 하다 보면 어 팀이라는 존재가 있습니다. 분명히 음 구성해서 회사를 운영하고 거기에서 시너지를 받는 경우가 많이 있습니다. 아 또 으리온 일 그 시운 일 이런 게 있는데 시운 일 같으면 큰 동료가 어 또 중요하죠. 어 그 어 스무스하게 잘 넘어가는데요. 어 또 제가 어 원하는 만큼 따라오지 않은 팀 어 동료들이 있을 수도 있습니다. 그렇게 되면 사람이 뭐 어 그 장단점을 잘 파악을 해서 어 장점을 살리는 어 또 어 어 팀을 만들다 보면 그 동료들이 잘 따라와 줘서 운영하는 만큼이 성과를 울리지 않을까 싶습니다. 사람이 하는 일이기 때문에 항상 어 어 그런 동료들이 그래도 그것을 배척하고 어 소외시켜서 어려운 일을 만들어서는 안 된다고 저는 생각을 하고 있습니다.","wordCount":114},"emotion":[],"intent":[{"text":"","expression":"","category":"attitude"}],"summary":{"text":"회사 생활을 하다 보면 팀이라는 존재가 있는데, 이 팀은 사람이 구성해서 회사를 운영하며 시너지를 받는 경우가 많습니다. 시운 일에서는 큰 동료가 중요합니다. 원하는 만큼 따라오지 않은 동료가 있을 수 있는데, 그 동료의 장단점을 파악해서 장점을 살리면 성과를 울리게 됩니다.","wordCount":39}}},"rawDataInfo":{"question":{"fileFormat":"wav","fileSize":317838,"duration":9930,"samplingBit":16,"channelCount":1,"samplingRate":"16kHz","audioPath":"/Mock/07.ProductionManufacturing/Male/Experienced/ckmk_q_mm_m_e_212811.wav"},"answer":{"fileFormat":"wav","fileSize":2857998,"duration":89310,"samplingBit":16,"channelCount":1,"samplingRate":"16kHz","audioPath":"/Mock/07.ProductionManufacturing/Male/Experienced/ckmk_a_mm_m_e_212811.wav"}}}