{"version":"1.0","dataSet":{"info":{"date":"20230116","occupation":"MM","channel":"MOCK","place":"ONLINE","gender":"MALE","ageRange":"55-","experience":"EXPERIENCED"},"question":{"raw":{"text":"우리 회사에 입사를 했더니 업무 내용이나 강도가 생각했던 것과 전혀 다르다면 지원자님께서 어떻게 하실 것인가요","wordCount":15},"emotion":[],"intent":[]},"answer":{"raw":{"text":"이제 에 회사를 들어가게 되면 어 업무 내용이나 이런 부분이 강도가 에 전혀 다른 그런 상황이 발생할 수도 있습니다. 어 어차피 이 그건 음 입사를 하게 되면 에 그 예상을 하고 들어가야 된다는 큰 각오를 가지고 들어가야 됩니다. 항상 어 입사 아 전에 생각과 입사 후 생각은 굉장히 다릅니다. 항상 강도가 높 높은 비율이 구십 프로 이상은 되죠. 거기에 또 강도가 전혀 다르면 또 거기에 따라서 또 어 팀원들과 또 어 조율하고 또 상사분들에게 경험담을 들으면서 그 그 그 헤쳐나가는 그 자세가 필요하겠죠. 그다음에 또 거기에 따르는 또 공부도 또 인터넷을 통해서 또는 책을 통해서 어 또 항상 공부하는 자세로 임한다면 예상했던 어 강도를 이겨내지 않을까 생각을 해 봅니다.","wordCount":109},"emotion":[],"intent":[{"text":"","expression":"","category":"attitude"}],"summary":{"text":"회사 입사 시 업무 내용이나 강도가 다르므로 입사 전 생각과 입사 후 생각이 매우 다르므로 팀원들과 상사분들에게 조율하고 경험담을 들으며 공부하는 자세로 임하면 강도를 극복할 수 있을 것이라 생각합니다.","wordCount":29}}},"rawDataInfo":{"question":{"fileFormat":"wav","fileSize":367118,"duration":11470,"samplingBit":16,"channelCount":1,"samplingRate":"16kHz","audioPath":"/Mock/07.ProductionManufacturing/Male/Experienced/ckmk_q_mm_m_e_192250.wav"},"answer":{"fileFormat":"wav","fileSize":2859598,"duration":89360,"samplingBit":16,"channelCount":1,"samplingRate":"16kHz","audioPath":"/Mock/07.ProductionManufacturing/Male/Experienced/ckmk_a_mm_m_e_192250.wav"}}}