{"version":"1.0","dataSet":{"info":{"date":"20230116","occupation":"MM","channel":"MOCK","place":"ONLINE","gender":"MALE","ageRange":"-34","experience":"EXPERIENCED"},"question":{"raw":{"text":"지원자분께서 역사 속에서 가장 존경하는 인물에 대해서 말씀해 주시고 그 인물과 그 인물을 가장 존경하는 이유에 대해서도 보다 구체적으로 말씀해 주시면 좋겠습니다","wordCount":22},"emotion":[],"intent":[]},"answer":{"raw":{"text":"제가 가장 존경하는 인물은 예수입니다. 어 종교적인 것도 포함이 되어 있고 사실 그것을 말함에 있어서 조심스럽지만 그래도 역사적으로 그 예수님이 존재했었다 라는 것은 많은 역사학자들과 어 다 그렇다 사실이다 라고 얘기를 하기 때문에 얘기를 해 보자면 사실 그 인류애에 대한 것들을 정말 많이 보고 또한 그 점에 있어서 존경하는 거 같습니다. 사람이 사람과 함께 살아감에 있어서 사람을 당연히 사랑해야 한다고 생각을 하는데 어 지금 현대 사회 같은 경우에는 인간과 인간 사이에 그런 사랑보다는 아무래도 개인적으로 개인적인 성향이 많이 강하고 또한 자본주의적인 시대 가운데에 살아가고 있기 때문에 일단은 물질 만능적인 시대 상황에 비교해 봤을 때 그런 예수님에 인류애와 사랑에 대한 부분들이 상당히 저평가 되어 있는 사회라고 생각을 하고 하지만 저는 그것이 정말 인간에 본질 중에 하나 라고 생각을 하기 때문에 그 예수님에 사랑과 자애와 타인을 보듬어 보고 둘러볼 줄 아는 그러한 배려심 그러한 부분들이 너무 존경하는 이유입니다.","wordCount":136},"emotion":[{"text":"제가 가장 존경하는 인물은 예수입니다.","expression":"p-affection","category":"positive"},{"text":"사람이 사람과 함께 살아감에 있어서 사람을 당연히 사랑해야 한다고 생각을 하는데 어 지금 현대 사회 같은 경우에는 인간과 인간 사이에 그런 사랑보다는 아무래도 개인적으로 개인적인 성향이 많이 강하고 또한 자본주의적인 시대 가운데에 살아가고 있기 때문에 일단은 물질 만능적인 시대 상황에 비교해 봤을 때 그런 예수님에 인류애와 사랑에 대한 부분들이 상당히 저평가 되어 있는 사회라고 생각을 하고 하지만 저는 그것이 정말 인간에 본질 중에 하나 라고 생각을 하기 때문에 그 예수님에 사랑과 자애와 타인을 보듬어 보고 둘러볼 줄 아는 그러한 배려심 그러한 부분들이 너무 존경하는 이유입니다.","expression":"p-affection","category":"positive"}],"intent":[{"text":"","expression":"","category":"attitude"}],"summary":{"text":"제가 가장 존경하는 인물은 예수입니다. 현대 사회는 물질 만능적인 시대 상황에 비교해 봤을 때 인류애와 사랑에 대한 부분들이 상당히 저평가 되어 있는 사회라고 생각을 하지만, 그럼에도 불구하고 예수의 사랑과 자애와 배려심을 존경합니다.","wordCount":32}}},"rawDataInfo":{"question":{"fileFormat":"wav","fileSize":634958,"duration":19840,"samplingBit":16,"channelCount":1,"samplingRate":"16kHz","audioPath":"/Mock/07.ProductionManufacturing/Male/Experienced/ckmk_q_mm_m_e_288204.wav"},"answer":{"fileFormat":"wav","fileSize":3576398,"duration":111760,"samplingBit":16,"channelCount":1,"samplingRate":"16kHz","audioPath":"/Mock/07.ProductionManufacturing/Male/Experienced/ckmk_a_mm_m_e_288204.wav"}}}