{"version":"1.0","dataSet":{"info":{"date":"20230116","occupation":"MM","channel":"MOCK","place":"ONLINE","gender":"MALE","ageRange":"55-","experience":"EXPERIENCED"},"question":{"raw":{"text":"리스크 어세스먼트에 대해 설명해 주시겠습니까","wordCount":5},"emotion":[],"intent":[]},"answer":{"raw":{"text":"음 어디 나 어느 회사나 마찬가지로 어 항상 위험 요소는 따르게 되어 있습니다. 그래서 이 위험 요소를 항상 어 이 줄일려면 어 계획성을 가지고 있어야 되는데요. 어 그 계획의 어 성질이 수행해서 되도록이면 리스크를 줄이는 그런 위험 요소를 없애는 그게 우리의 임무라고 생각을 합니다. 어 그러면 어 그것을 어 어떻게 활용해야 되냐 활용은 어 항상 어 그것을 숙지를 하고 있습 어 있어야 되고요. 그 숙지를 그냥 숙지로만 끝나면 안되고 행동으로 옮겨야 됩니다. 그것을 활용하는 방법은 배치됐든 간에 이 그 숙지를 잘하고 어 거기에 따라서 어 또 행동으로 어 어 무조건적으로 어 옮겨야 된다 그래서 조심 하는 이런 방법이 제일로 좋지 않을까 생각을 해 봤습니다.","wordCount":104},"emotion":[],"intent":[{"text":"","expression":"","category":"attitude"}],"summary":{"text":"위험 요소를 줄이기 위해서는 계획성을 가지고 있어야 하는데, 이를 활용하는 방법은 배치됐든 간에 그 숙지를 잘하고 거기에 따라 또 행동으로 무조건적으로 옮겨야 되는 것이 제일로 좋을 것 같습니다.","wordCount":28}}},"rawDataInfo":{"question":{"fileFormat":"wav","fileSize":236878,"duration":7400,"samplingBit":16,"channelCount":1,"samplingRate":"16kHz","audioPath":"/Mock/07.ProductionManufacturing/Male/Experienced/ckmk_q_mm_m_e_174842.wav"},"answer":{"fileFormat":"wav","fileSize":2692558,"duration":84140,"samplingBit":16,"channelCount":1,"samplingRate":"16kHz","audioPath":"/Mock/07.ProductionManufacturing/Male/Experienced/ckmk_a_mm_m_e_174842.wav"}}}