{"version":"1.0","dataSet":{"info":{"date":"20230116","occupation":"MM","channel":"MOCK","place":"ONLINE","gender":"MALE","ageRange":"-34","experience":"EXPERIENCED"},"question":{"raw":{"text":"최근에 재미있게 하고 있는 일이 있으신가요 최근에 재미있게 하고 있는 일이 있으시다면 그 일이 왜 재미있는지 그리고 그것이 무엇인지도 함께 설명해 주시기를 바랍니다","wordCount":23},"emotion":[],"intent":[]},"answer":{"raw":{"text":"저는 최근에야 들어서 들숨 날숨의 존재에 대해서 좀 명확하게 깨닫게 되었습니다. 사람이 살기 위해서는 숨을 쉬어야 당연히 살 수가 있습니다. 근데 우리는 숨이라는 것을 인지하지 않고 있으면은 숨을 어떻게 쉬고 있는지 잘 깨닫지를 못합니다. 그러니까 어떻게 살고 있는지 나의 숨을 감사하게 바라볼 수 없게 되는 것이죠. 그치만 가만히 이렇게 있다 보면은 나도 모르게 제 숨은 작동되어지고 있습니다. 작동되고 있는 이 숨은 우리 심장에 산소를 운반해주고 몸 속에 있는 이산화탄소를 배출시켜 줍니다. 그런 활동이 우리 뇌에 영향을 주고 뇌에 뇌에서 생각하는 모든 것들을 실현할 수 있게 해준다고 생각을 하고 있습니다. 그러나 저는 이 숨을 정확히 보는 일을 예전에는 절실하게 절실 절실하게 깨닫지 못하고 있었습니다.","wordCount":103},"emotion":[],"intent":[{"text":"","expression":"","category":"attitude"}],"summary":{"text":"최근에 평소에 인지하지 않고 있던 들숨과 날숨의 존재에 대해 관심이 생겼습니다.  이 숨이 우리 뇌에 영향을 주고 뇌에서 생각하는 모든 것들을 실현해준다고 생각하고 있습니다.","wordCount":24}}},"rawDataInfo":{"question":{"fileFormat":"wav","fileSize":492878,"duration":15400,"samplingBit":16,"channelCount":1,"samplingRate":"16kHz","audioPath":"/Mock/07.ProductionManufacturing/Male/Experienced/ckmk_q_mm_m_e_205095.wav"},"answer":{"fileFormat":"wav","fileSize":2815438,"duration":87980,"samplingBit":16,"channelCount":1,"samplingRate":"16kHz","audioPath":"/Mock/07.ProductionManufacturing/Male/Experienced/ckmk_a_mm_m_e_205095.wav"}}}