{"version":"1.0","dataSet":{"info":{"date":"20230116","occupation":"MM","channel":"MOCK","place":"ONLINE","gender":"MALE","ageRange":"55-","experience":"EXPERIENCED"},"question":{"raw":{"text":"만약에 이직을 생각하는 동료를 만나게 된다면 그 동료에게 어떻게 말씀을 하시겠어요 그리고 왜 그렇게 말씀하실 건지도 말씀해 주시기 바랍니다","wordCount":19},"emotion":[],"intent":[]},"answer":{"raw":{"text":"항상 어 직장에 다니다 보면 지루함과 외로움과 이런 싸움인 것 같습니다. 어 그러면 동료 간의 소통도 되고 또 어떠한 어 일을 함에 있어서 어 또 어 서로 간에 도움을 주게 되면 이직이란 말이 안 나오죠. 그러나 또 어 개인적인 일이기 때문에 이직을 셋 생각하는 동료를 만나게 된다면 정말 만류를 하고 싶습니다. 어 여기에서 일하든 저기에서 일하든 똑같거든요. 어 거기에 또 어느 만큼 적응을 해서 어 함께 할 수 있는가 그런 부분이 있기 때문에 이직을 생각하는 동료가 있다면 항상 만류를 하고요. 어 또 이직을 못하게 에 그 사람과 무조건 반대만 하는 게 아니고 그 사람 마음속으로 들어가서 그것을 이해해 줄려고 하고 또 어 또 이해를 어 시켜서 어 또 함께 에 저하고 한 몸이 될 수 있도록 어 하자 라는 그런 조언도 해주고 어 싶습니다. 이직은 저는 반대하겠습니다.","wordCount":127},"emotion":[],"intent":[{"text":"","expression":"","category":"attitude"}],"summary":{"text":"직장생활은 지루함과 외로움의 싸움입니다. 서로 도움을 주게 되면 이직이란 말이 나오지만, 개인적 일이기 때문에 이직하는 동료를 만날 경우 만류를 하고 싶습니다. 이직은 반대하지만 그 사람의 마음을 이해하고 함께 하자는 조언도 해주고 싶습니다.","wordCount":32}}},"rawDataInfo":{"question":{"fileFormat":"wav","fileSize":543438,"duration":16980,"samplingBit":16,"channelCount":1,"samplingRate":"16kHz","audioPath":"/Mock/07.ProductionManufacturing/Male/Experienced/ckmk_q_mm_m_e_198332.wav"},"answer":{"fileFormat":"wav","fileSize":2857358,"duration":89290,"samplingBit":16,"channelCount":1,"samplingRate":"16kHz","audioPath":"/Mock/07.ProductionManufacturing/Male/Experienced/ckmk_a_mm_m_e_198332.wav"}}}