{"version":"1.0","dataSet":{"info":{"date":"20230116","occupation":"MM","channel":"MOCK","place":"ONLINE","gender":"MALE","ageRange":"55-","experience":"EXPERIENCED"},"question":{"raw":{"text":"어 지원자님께서는 직장을 선택할 때 무엇을 가장 중요하게 생각하시는지요 가장 중요하게 생각하는 세 가지를 꼽아서 각각 무엇인지 말씀해 주시기 바랍니다","wordCount":20},"emotion":[],"intent":[]},"answer":{"raw":{"text":"직장을 선택할 때 가장 중요한 게 많이 있습니다만은 어 저는 직장을 선택할 때 저하고 어 업무적으로 어 그 제일 전공했던 부분이 또 맞는지 이것을 에 생각을 하고 지원을 합니다. 아 그리고 두 번째는 음 어 그곳의 그 성장성입니다. 회사의 성장성이 없으면 어 또 어 들어가도 어 제 또 어 또 날개를 펼 수 있는 그런 길들이 적기 때문에 그런 부분을 생각을 하면 어 회사에 에 또 성장이 이 멈춰 있는 그 회사는 항상 도태된다는 그런 어 것을 알고 있기 때문에 에 두 번째로 생각을 했고요. 세 번째는 어 일단은 그 회사의 분위기를 볼 것 같습니다. 직원과 직원 간의 팀과 팀원 간에 에 어 분위기가 좋지 않으면 성장의 굉장히 제약을 받기 때문에 그렇습니다.","wordCount":112},"emotion":[],"intent":[{"text":"","expression":"","category":"attitude"}],"summary":{"text":"직장 선택의 가장 중요한 요소는 전공과의 일치, 성장성입니다. 성장성이 없으면 회사도 성장하지 못하며 성장이 멈춰 있는 회사는 도태됩니다. 직원과 팀원 간의 분위기가 좋지 않으면 성장에 제약을 받기 때문에 회사 분위기를 볼 것입니다.","wordCount":32}}},"rawDataInfo":{"question":{"fileFormat":"wav","fileSize":454478,"duration":14200,"samplingBit":16,"channelCount":1,"samplingRate":"16kHz","audioPath":"/Mock/07.ProductionManufacturing/Male/Experienced/ckmk_q_mm_m_e_214082.wav"},"answer":{"fileFormat":"wav","fileSize":2905998,"duration":90810,"samplingBit":16,"channelCount":1,"samplingRate":"16kHz","audioPath":"/Mock/07.ProductionManufacturing/Male/Experienced/ckmk_a_mm_m_e_214082.wav"}}}