{"version":"1.0","dataSet":{"info":{"date":"20230116","occupation":"MM","channel":"MOCK","place":"ONLINE","gender":"MALE","ageRange":"55-","experience":"EXPERIENCED"},"question":{"raw":{"text":"지원자님이 생각하시기에 소통 능력을 키우기 위해서는 어떤 일을 할 수 있을까요 생각나는 방법이 있다면 한번 말씀해 주시겠어요","wordCount":17},"emotion":[],"intent":[]},"answer":{"raw":{"text":"모든 인간 사회나 회사 어 생활을 하다 보면요. 어 소통이 필요합니다. 그 소통을 능력을 키워야지만이 이 모든 에 사회 생활이나 어떤 개인적인 생활이나 어 원만할 것 같습니다. 저는 어 소통 능력을 키울려는 어 자주 뭐 만나는 것도 중요하지만 일단은 정직해야 될 것 같습니다. 정직해야지 만이 소통도 되고 또 거기에 따르는 의욕도 비양이 된 거 같습니다. 어 내 재능만 있고 어 소통을 안하게 되면 어 어 소외되고 어 또 에 스트레스도 많이 받을 것이며 그래서 소통이 인간 사회에서는 기본이라고 생각을 합니다. 이제 소통을 어 할려면은 먼저 어 손을 내밀고 또 내가 손해 본다는 그런 입장으로 어 생각을 한다면 어 많은 소통이 에 쉽게 이루어지지 않을까 생각을 해서요. 예 저는 양보라고 생각을 어 말씀드리겠습니다.","wordCount":112},"emotion":[],"intent":[{"text":"","expression":"","category":"attitude"}],"summary":{"text":"모든 인간 사회나 회사 생활을 하다 보면 소통을 필요로 합니다. 어 소통 능력을 키워야 모든 생활이나 개인적인 생활이 원만할 것 같습니다. 어 재능만 있고 소통을 안하게 되면 소외되고 스트레스도 많이 받을 것이므로 소통이 인간 사회에서는 기본이라고 생각합니다.","wordCount":37}}},"rawDataInfo":{"question":{"fileFormat":"wav","fileSize":356558,"duration":11140,"samplingBit":16,"channelCount":1,"samplingRate":"16kHz","audioPath":"/Mock/07.ProductionManufacturing/Male/Experienced/ckmk_q_mm_m_e_184262.wav"},"answer":{"fileFormat":"wav","fileSize":2906318,"duration":90820,"samplingBit":16,"channelCount":1,"samplingRate":"16kHz","audioPath":"/Mock/07.ProductionManufacturing/Male/Experienced/ckmk_a_mm_m_e_184262.wav"}}}