{"version":"1.0","dataSet":{"info":{"date":"20230116","occupation":"MM","channel":"MOCK","place":"ONLINE","gender":"MALE","ageRange":"55-","experience":"EXPERIENCED"},"question":{"raw":{"text":"리스크 어세스먼트에 대해 설명하세요","wordCount":4},"emotion":[],"intent":[]},"answer":{"raw":{"text":"어 어느 회사를 항상 다니다 보면 리스크라는 게 있죠. 어려운 음 이 많이 봉착이 되고 또 위험 요소가 많이 있습니다. 아 그런 것을 어 해소할려면 서로의 마음가짐인 것 같습니다. 그래서 그것을 항상 회사에서는 위험성 요소를 준비하면서 리스크를 줄이기 위해서 노력을 하는데요. 거기에 에는 우리들의 에 그 숙지가 필요합니다. 숙지를 해서 그래서 최소화하는 방법을 어 많이 살리려고 노력을 어 해야 될 거구요. 항상 그것을 숙지하고 있음으로써 어 어떤 개념을 가지고 어 그것을 활용해서 조금이나마 어 회사의 리스크를 줄여서 어 또 잘 그 어려움을 극복해 나가는 게 에 우리들의 그 에 팀원들의 에 또 바램이기도 하지만 또 의무라고 생각을 합니다. 그래서 항상 어 이런 리스크는 줄이면서 가야 된다 라는 제 개인적인 마인드를 가지고 있습니다.","wordCount":112},"emotion":[],"intent":[{"text":"","expression":"","category":"attitude"}],"summary":{"text":"회사를 다니다 보면 리스크라는 게 있는데, 이것을 회사에서는 위험성 요소를 준비하면서 리스크를 줄이기 위해서 노력을 합니다. 그것을 숙지하고 항상 리스크는 줄이면서 가야 된다 라는 개인적인 마인드를 가지고 있습니다.","wordCount":28}}},"rawDataInfo":{"question":{"fileFormat":"wav","fileSize":240718,"duration":7520,"samplingBit":16,"channelCount":1,"samplingRate":"16kHz","audioPath":"/Mock/07.ProductionManufacturing/Male/Experienced/ckmk_q_mm_m_e_176064.wav"},"answer":{"fileFormat":"wav","fileSize":2904078,"duration":90750,"samplingBit":16,"channelCount":1,"samplingRate":"16kHz","audioPath":"/Mock/07.ProductionManufacturing/Male/Experienced/ckmk_a_mm_m_e_176064.wav"}}}