{"version":"1.0","dataSet":{"info":{"date":"20230116","occupation":"MM","channel":"MOCK","place":"ONLINE","gender":"MALE","ageRange":"55-","experience":"EXPERIENCED"},"question":{"raw":{"text":"아 이제 남들과는 다른 자신만의 경쟁력이 다들 있을 텐데요 어 지원자님이 생각하는 본인의 경쟁력은 어떤 건지 말씀을 해 주시고 어떻게 키웠는지 그 노력을 함께 말씀을 해 주시기 바랍니다","wordCount":28},"emotion":[],"intent":[]},"answer":{"raw":{"text":"항상 어 일을 하게 되면 어 자신만의 경쟁력이 있어야 됩니다. 뭔가 장점이 있어야지만이 모든 사람들의 에 그 또 존경과 또 리더십이 발휘된다고 생각을 합니다. 어 저는 경쟁력이 성실함입니다. 그리고 진실함 거짓말을 안 하는 상대방에 안 하는 그런 것이 경쟁력이라고 생각을 하고 있기 때문에 항상 마음의 준비를 하고 있구요. 어 그 경쟁력을 키우기 위해서 그래서 어 책도 많이 보고 어 또 그것을 토대로 해서 어 다른 사람들에게 또 이쁜 말과 좋은 말로 에 경쟁력을 높여 나가고 있습니다. 어 첫째는 뭐 어 일을 잘해서 경쟁력이 생긴다기보다는 성실함과 상대방의 마음을 쪼금이나마 이해할려는 그 행동에서 경쟁력이 생긴다고 생각을 해서요. 저는 항상 어 상대방을 배려하는 그런 마음가짐을 항상 가지고 있다는 것을 말씀 드리겠습니다.","wordCount":108},"emotion":[],"intent":[{"text":"","expression":"","category":"attitude"}],"summary":{"text":"성실함, 진실함, 거짓하지 않는 것이 경쟁력이라고 생각하여 마음을 준비하고 책도 많이 보고 좋은 말로 경쟁력을 높여가고 있습니다. 성실함과 상대방의 마음을 조금이라도 이해하려는 그 행동에서 경쟁력이 생긴다고 생각합니다.","wordCount":27}}},"rawDataInfo":{"question":{"fileFormat":"wav","fileSize":537678,"duration":16800,"samplingBit":16,"channelCount":1,"samplingRate":"16kHz","audioPath":"/Mock/07.ProductionManufacturing/Male/Experienced/ckmk_q_mm_m_e_186216.wav"},"answer":{"fileFormat":"wav","fileSize":2882638,"duration":90080,"samplingBit":16,"channelCount":1,"samplingRate":"16kHz","audioPath":"/Mock/07.ProductionManufacturing/Male/Experienced/ckmk_a_mm_m_e_186216.wav"}}}