{"version":"1.0","dataSet":{"info":{"date":"20230116","occupation":"MM","channel":"MOCK","place":"ONLINE","gender":"MALE","ageRange":"55-","experience":"EXPERIENCED"},"question":{"raw":{"text":"공동체의 가치에 입각해서 무형문화유산의 보호에 있어서 적용되는 사회적인 관념이란 무엇이라고 생각하시나요","wordCount":11},"emotion":[],"intent":[]},"answer":{"raw":{"text":"사회적 관념이요. 음 이 말이 쪼끔 웃기긴 한데 아 그러니까 뭐랄까요. 종이 한 장 차이에 어떤 느낌인데 제가 생각하기에 저는 어떤 부채 의식 이런 부분이 좀 필요하다는 생각이 들어요. 그러니까 이거를 어 오랫동안 보호를 목적으로 유지시키려고 할 때에는 어 그것을 관장하는 뭔가 관리하고 네 진행을 하는 입장에서는 약간에 다수에게 그 부채 의식 조금 더 쪼끔 과한 표현이라면 죄의식 식의 어떤 것을 쪼끔 심어 놓고 그러 하기 때문에 우리가 이것을 꾸준히 계승하며 지켜야 된다 라는 거를 쫌 풍겨야 네 수많은 네 이 무리가 공동체가 잘 하려고 하지 않을까. 생각이 듭니다 네.","wordCount":90},"emotion":[],"intent":[{"text":"","expression":"","category":"attitude"}],"summary":{"text":"오랫동안 보호를 목적으로 유지시키려고 할 때에는 약간에 다수에게 조금 더 과한 표현이라면 죄의식을 심어 놓고 이것을 꾸준히 계승하며 지켜야 된다는 것을 좀 풍겨야 합니다.","wordCount":24}}},"rawDataInfo":{"question":{"fileFormat":"wav","fileSize":367118,"duration":11470,"samplingBit":16,"channelCount":1,"samplingRate":"16kHz","audioPath":"/Mock/07.ProductionManufacturing/Male/Experienced/ckmk_q_mm_m_e_189938.wav"},"answer":{"fileFormat":"wav","fileSize":2897038,"duration":90530,"samplingBit":16,"channelCount":1,"samplingRate":"16kHz","audioPath":"/Mock/07.ProductionManufacturing/Male/Experienced/ckmk_a_mm_m_e_189938.wav"}}}