{"version":"1.0","dataSet":{"info":{"date":"20230116","occupation":"MM","channel":"MOCK","place":"ONLINE","gender":"MALE","ageRange":"35-44","experience":"EXPERIENCED"},"question":{"raw":{"text":"지금부터 삼 년 뒤까지 삼 년 내에 주요 성장 계획이라든지 목표가 있다면 어떤 것인지 설명 부탁드리겠습니다","wordCount":16},"emotion":[],"intent":[]},"answer":{"raw":{"text":"새로운 프로젝트 다섯 개 이상을 성공적으로 런칭하고 싶습니다. 저는 기술 지원 팀의 막내로서 입사를 하였지만 실제적으로 제가 할 수 있는 것은 지금 프로젝트에 어떻게 도움이 되는지에 대한 큰 고민을 해 봐야 된다고 생각합니다. 프로젝트의 리더만이 프로젝트를 이끌어가는 것이 아니라 프로젝트의 구성원으로서 제가 맡은 일 알엔디 개발 또는 품질 관리 서비스 지원 또는 조사 리포트를 많은 사람들에게 뿌려서 이렇게 하면 마케팅에 어떻게 도움이 되겠다 라고 하는 생산 또는 기술 판매에 대한 조언을 할 수 있다고 생각합니다. 그렇게 해서 삼 년 동안 다섯 개 정도의 프로젝트를 하다 보면 제 스스로 업무 성과에 대한 지식이 쌓일 것이고 또한 성과도 높아질 것으로 생각합니다. 그렇게 해서 레벨업을 한 다음에 대리 또는 다른 부서로 이직을 하는 것을 꿈꾸고 있습니다.","wordCount":113},"emotion":[],"intent":[{"text":"","expression":"","category":"attitude"}],"summary":{"text":"프로젝트의 리더만이 프로젝트를 이끌어가는 것이 아니라 프로젝트의 구성원으로서 맡은 일 알엔디 개발 또는 품질 관리 서비스 지원 또는 조사 리포트를 많은 사람들에게 뿌려서 마케팅에 어떻게 도움이 되겠다는 생산 또는 기술 판매에 대한 조언을 할 수 있다고 생각합니다.","wordCount":37}}},"rawDataInfo":{"question":{"fileFormat":"wav","fileSize":346958,"duration":10840,"samplingBit":16,"channelCount":1,"samplingRate":"16kHz","audioPath":"/Mock/07.ProductionManufacturing/Male/Experienced/ckmk_q_mm_m_e_164739.wav"},"answer":{"fileFormat":"wav","fileSize":2017678,"duration":63050,"samplingBit":16,"channelCount":1,"samplingRate":"16kHz","audioPath":"/Mock/07.ProductionManufacturing/Male/Experienced/ckmk_a_mm_m_e_164739.wav"}}}