{"version":"1.0","dataSet":{"info":{"date":"20230116","occupation":"MM","channel":"MOCK","place":"ONLINE","gender":"MALE","ageRange":"35-44","experience":"EXPERIENCED"},"question":{"raw":{"text":"리스크 어세스먼트에 대해 설명하세요","wordCount":4},"emotion":[],"intent":[]},"answer":{"raw":{"text":"리스크 어세스먼트는 위험성 평가라고 합니다. 위험성 평가는 유해 물질과 위험 물질을 나누고 이것이 어떻게 예방을 할 수 있는지에 대한 평가를 하는 것입니다. 예를 들어서 위험물질은 전기 발화 그 어떤 장비에 의한 발생하는 것들이고 유해 요인은 분진 먼지 가스 증기 소음 진동 방사선과 같은 위험성 평가에 의해서 반드시 필요한 것들을 미리 평가한 다음에 이것을 어떻게 막을 수 있는지 누가 언제 어떻게 왜 무엇을 육하원칙에 따라서 미리 사전에 준비하는 것들입니다. 이런 것들에 대한 평가를 전부 할 수 있는 표본 평가가 있고 중간중간 하나씩 뽑을 수 있는 샘플링 평가가 있습니다.","wordCount":87},"emotion":[{"text":"리스크 어세스먼트는 위험성 평가라고 합니다.","expression":"u-fact","category":"neutral"},{"text":"위험성 평가는 유해 물질과 위험 물질을 나누고 이것이 어떻게 예방을 할 수 있는지에 대한 평가를 하는 것입니다.","expression":"u-fact","category":"neutral"},{"text":"예를 들어서 위험물질은   전기 발화 그 어떤 장비에 의한 발생하는 것들이고 유해 요인은   분진 먼지 가스 증기 소음 진동 방사선과 같은 위험성 평가에 의해서 반드시 필요한 것들을 미리 평가한 다음에 이것을 어떻게 막을 수 있는지 누가   언제 어떻게 왜 무엇을 육하원칙에 따라서 미리 사전에 준비하는 것들입니다.","expression":"u-fact","category":"neutral"}],"intent":[{"text":"","expression":"","category":"attitude"}],"summary":{"text":"리스크 어세스먼트 중 위험성 평가는 유해물질과 위험물질을 나누고 예방 방법을 평가하는 것입니다. 예로 위험물질은 전기 발화 장비에 의해 발생하고 유해 요인은 분진 먼지 가스 증기 소음 진동 방사선 같은 위험성 평가에 의한 것입니다.","wordCount":33}}},"rawDataInfo":{"question":{"fileFormat":"wav","fileSize":240718,"duration":7520,"samplingBit":16,"channelCount":1,"samplingRate":"16kHz","audioPath":"/Mock/07.ProductionManufacturing/Male/Experienced/ckmk_q_mm_m_e_165838.wav"},"answer":{"fileFormat":"wav","fileSize":1642318,"duration":51320,"samplingBit":16,"channelCount":1,"samplingRate":"16kHz","audioPath":"/Mock/07.ProductionManufacturing/Male/Experienced/ckmk_a_mm_m_e_165838.wav"}}}