{"version":"1.0","dataSet":{"info":{"date":"20230116","occupation":"MM","channel":"MOCK","place":"ONLINE","gender":"MALE","ageRange":"-34","experience":"EXPERIENCED"},"question":{"raw":{"text":"네 그동안 사람들과 협업을 많이 해 오셨을 거라고 생각이 드는데요 어 사람들과 협업을 하면서 어떤 점이 가장 어려웠는지요 또 그 어려운 점을 어떻게 극복했는지 아 그 과정도 함께 말씀해 주시기 바랍니다","wordCount":31},"emotion":[],"intent":[]},"answer":{"raw":{"text":"싫어하는 사람과 일을 해야 될 때 가장 어려웠던 것 같습니다. 어떤 사람을 싫어하게 된다면 그 사람이 하는 말에 선입견이 생겨서 옳은 말을 하더라도 본질을 제대로 들을 수 없게 됩니다. 그래서 업무적인 의사소통을 해야 할 때도 그 친구가 하는 말을 왜곡해서 듣고 아니꼽게 듣고 삐뚤어진 태도로 그 사람의 의견을 듣게 되었습니다. 그 결과 업무는 더 더디어지었고 업무는 늦춰지게 되었습니다. 그렇게 생각했을 때 아 내가 이 사람을 싫어하고 있구나. 싫어하는 싫어하는 사람과 일하는 것은 협업에 아주 큰 장애가 되는 것이구나 라는 것을 깨닫게 되었습니다. 그 이후로 그 사람을 싫어하지 않게 되었습니다. 저는 협업을 사랑하는 사람이기 때문입니다.","wordCount":94},"emotion":[],"intent":[{"text":"","expression":"","category":"attitude"}],"summary":{"text":"제가 싫어하는 사람과 일하는 것은 협업에 아주 큰 장애가 된다는 것을 깨달았습니다. 그 이후로 그 사람을 싫어하지 않게 되었습니다. 저는 협업을 사랑하는 사람이기 때문입니다.","wordCount":24}}},"rawDataInfo":{"question":{"fileFormat":"wav","fileSize":582478,"duration":18200,"samplingBit":16,"channelCount":1,"samplingRate":"16kHz","audioPath":"/Mock/07.ProductionManufacturing/Male/Experienced/ckmk_q_mm_m_e_186251.wav"},"answer":{"fileFormat":"wav","fileSize":2585678,"duration":80800,"samplingBit":16,"channelCount":1,"samplingRate":"16kHz","audioPath":"/Mock/07.ProductionManufacturing/Male/Experienced/ckmk_a_mm_m_e_186251.wav"}}}