{"version":"1.0","dataSet":{"info":{"date":"20230116","occupation":"MM","channel":"MOCK","place":"ONLINE","gender":"MALE","ageRange":"35-44","experience":"EXPERIENCED"},"question":{"raw":{"text":"만약 지원자님께서 지금 지원하신 이 직무가 아닌 다른 부서에 배치하게 된다면 어떻게 하시겠습니까 그래도 괜찮으신가요","wordCount":15},"emotion":[],"intent":[]},"answer":{"raw":{"text":"일단은 원하는 직무 때문에 지원한 것도 있지만 이 회사가 좋아서 지원한 것도 있기 때문에 다른 업무가 배치되더라도 육 개월에서 일 년 동안은 열심히 해보겠습니다. 왜냐하면 제가 꼭 원하는 직무만 한다고 저의 인생 커리어나 직장 커리어가 좋아지는 것은 아닐 수도 있습니다. 제가 한 선택이 항상 오르지 않을 수도 있기 때문에 새로운 직무를 일 년에서 육 개월 정도 최선을 다해서 전문가가 되게끔 한 번 노력을 해보고 싶습니다. 일 년 정도 하다 보면 제가 업무에 적응이 되고 업무의 성과가 나오기 시작할 것입니다. 그렇게 일 년을 했는데도 적성에 너무 안 맞거나 기존에 제가 원했던 직무를 그렇게 하고 싶다면 부서장이나 아니면 팀장 또는 본부장급에게 요청을 하겠습니다. 본부장님 제가 원래 원하던 직무가 아니라 다른 부서에 배치가 되었습니다. 하지만 이 또한 저에게 잘 적성에 맞을 수도 있어 일 년 동안 해봤는데 어느 정도 제가 업무에 적응도 해보고 평가를 해보니 저하고는 잘 맞지 않는 것 같습니다. 제가 원래 원했던 직무로 배치가 된다고 하면 여기서 쏟은 열정을 거기에서 똑같이 쏟으면 더 큰 성과가 날 것 같으니 보직 전환이나 부서 배치에 대한 고려를 부탁드리겠습니다 라고 말해서 회사에 조금 더 도움이 되는 부분으로 하겠습니다.","wordCount":173},"emotion":[],"intent":[{"text":"","expression":"","category":"attitude"}],"summary":{"text":"원하는 직무만 한다고 인생 커리어나 직장 커리어가 좋아지는 것은 아니기 때문에 새로운 직무를 일 년에서 육 개월 정도 최선을 다해서 전문가가 되게끔 노력을 해보고 싶습니다. 업무를 하고 나서 적성에 맞지 않거나 기존에 제가 원했던 직무를 하고 싶다면 부서장이나 또는 팀장 또는 본부장급에게 요청을 하겠습니다.","wordCount":44}}},"rawDataInfo":{"question":{"fileFormat":"wav","fileSize":628878,"duration":19650,"samplingBit":16,"channelCount":1,"samplingRate":"16kHz","audioPath":"/Mock/07.ProductionManufacturing/Male/Experienced/ckmk_q_mm_m_e_169855.wav"},"answer":{"fileFormat":"wav","fileSize":2750478,"duration":85950,"samplingBit":16,"channelCount":1,"samplingRate":"16kHz","audioPath":"/Mock/07.ProductionManufacturing/Male/Experienced/ckmk_a_mm_m_e_169855.wav"}}}