{"version":"1.0","dataSet":{"info":{"date":"20230116","occupation":"MM","channel":"MOCK","place":"ONLINE","gender":"MALE","ageRange":"55-","experience":"EXPERIENCED"},"question":{"raw":{"text":"어 평소에 개인 작업을 어 많이 하시는 편인가요 어 그렇다면 그렇게 할 수 있는 원동력이 무엇이라고 생각하시는지 말씀해 주세요","wordCount":19},"emotion":[],"intent":[]},"answer":{"raw":{"text":"우리가 아 어 살다 보면 음 또 업무 이외의 개인 작업을 어 할 수가 있습니다. 어 모든 개인 작업이라는 것은 그 일상에서 나타나는 그 현상들이 많기 때문에 많이 발생 됩니다. 그다음에 개인 작업을 어 할려면 정신 자세가 잘 돼 있어야 된다고 봅니다. 또는 공부를 많이 해서 책도 많이 보고 있어. 준비된 자 만이 항상 미래를 위해서 개인 작업을 많이 하는데요. 어 그 원동력은 정신력 같습니다. 그리고 정신력이 발생 되려면 건강한 신체가 있어야 되겠죠. 그러다 보면 어 또 어 개인적인 스케줄 관리라든가 어 건강 관리라던가 이런 부분을 잘 해야 이 운동력이 생긴다고 볼 수 있습니다. 즐거운 개인 자업 같으면 자동적으로 원동력이 생기는데 어 또 그 스트레스 받는 개인 작업이 있습니다. 그럴 때는 체력이 많이 뒷받침 되고 정신력이 중요하다고 생각을 해서요. 어 개인 작업을 할려면 항상 그 원동력을 찾기 위하여 운동을 열심히 하는 그런 형태를 에 선호하고 있습니다.","wordCount":136},"emotion":[],"intent":[{"text":"","expression":"","category":"attitude"}],"summary":{"text":"업무 이외의 개인 작업을 할 때는 정신 자세가 잘 돼 있어야 하고 건강한 신체가 있어야 합니다. 개인 작업을 할때는 항상 그 원동력을 찾기 위하여 운동을 열심히 하는 형태를 선호하고 있습니다.","wordCount":30}}},"rawDataInfo":{"question":{"fileFormat":"wav","fileSize":483918,"duration":15120,"samplingBit":16,"channelCount":1,"samplingRate":"16kHz","audioPath":"/Mock/07.ProductionManufacturing/Male/Experienced/ckmk_q_mm_m_e_212675.wav"},"answer":{"fileFormat":"wav","fileSize":2889038,"duration":90280,"samplingBit":16,"channelCount":1,"samplingRate":"16kHz","audioPath":"/Mock/07.ProductionManufacturing/Male/Experienced/ckmk_a_mm_m_e_212675.wav"}}}