{"version":"1.0","dataSet":{"info":{"date":"20230116","occupation":"MM","channel":"MOCK","place":"ONLINE","gender":"MALE","ageRange":"55-","experience":"EXPERIENCED"},"question":{"raw":{"text":"다른 계열사도 굉장히 많이 있는데 굳이 이 계열사에 지원해 준 특별한 이유가 있을까요 그 이유가 궁금합니다","wordCount":16},"emotion":[],"intent":[]},"answer":{"raw":{"text":"저는 귀사 아 그룹 사 전체를 어 좋아합니다. 그중에서 당 현재 에 지원한 회사는 에 제가 가고자 하는 사 차 산업 분야의 생산을 하고 있기 때문입니다. 사 차 산업은 전 세계적으로 미래의 먹거리라고 할 수 있습니다. 그 분야에서 저는 제 꿈을 이루고 싶은 소망이 있었고 그 소망이 현재 지원한 회사에 있기 때문에 그 지금 현재 회사에서 저의 꿈을 이루고자 합니다. 사 차 산업 분야의 선두 주자의 일익을 담당하고 싶습니다.","wordCount":69},"emotion":[],"intent":[{"text":"","expression":"","category":"attitude"}],"summary":{"text":"저는 현재 지원하고 있는 회사에서 제가 이루고자 하는 사차 산업 분야의 선두 주자의 일익을 담당하고 싶습니다. 이는 미래의 먹거리라고 할 수 있습니다.","wordCount":22}}},"rawDataInfo":{"question":{"fileFormat":"wav","fileSize":320718,"duration":10020,"samplingBit":16,"channelCount":1,"samplingRate":"16kHz","audioPath":"/Mock/07.ProductionManufacturing/Male/Experienced/ckmk_q_mm_m_e_301434.wav"},"answer":{"fileFormat":"wav","fileSize":2401998,"duration":75060,"samplingBit":16,"channelCount":1,"samplingRate":"16kHz","audioPath":"/Mock/07.ProductionManufacturing/Male/Experienced/ckmk_a_mm_m_e_301434.wav"}}}