{"version":"1.0","dataSet":{"info":{"date":"20230116","occupation":"MM","channel":"MOCK","place":"ONLINE","gender":"MALE","ageRange":"-34","experience":"EXPERIENCED"},"question":{"raw":{"text":"시간이 촉박한 상황이 생기면 지원자님께서는 어떻게 시간 관리를 하십니까","wordCount":9},"emotion":[],"intent":[]},"answer":{"raw":{"text":"시간은 누구에게나 똑같이 주어집니다. 그리고 그 시간을 어떻게 활용하느냐에 따라서 어 그 사람의 인생 또한 많이 달라지는 부분이라고 생각합니다. 다만 저희 같은 저 같은 경우에는 어 시간을 그렇게까지 잘 활용한다고 스스로 생각은 하지 않습니다. 다만 저의 성격상 어떠한 모든 구분들의 일을 계획적으로 딱딱 딱딱하는 부분은 아니고 일단 오늘 하루에 일정이 있다면 그중에서 급하고 꼭 해야 하는 것들을 먼저 추리는 부분인 것 같습니다. 그래서 요즘에 많이 얘기하는 그 엠비티아이 중에 계획형 보다는 뭐 이 시간에 무엇을 하고 이 시간에 무엇을 하고 이렇게 하기보단 오늘 하나의 전체적인 스케줄 가운데에 내가 정말로 해야 하는 것들과 급하게 해야 하는 것들과 이러한 부분들만 쫌 구분을 해서 꼭 처리하고 그 이후의 것들은 제가 할 수 있는 부분의 것들을 많이 한다고 생각을 합니다. 그 이외에 해야 하는 업무들을 한다거나 아니면 내일의 업무들을 준비를 한다거나 아니면 그 외 다른 것들을 하면서 시간을 보낼 수도 있겠죠. 그렇게 해서 스스로에게 그렇게 많은 압박을 준다거나 아니면 스스로에게 그런 고통이라고 해야 하나 그런 부분들을 주는 타입보다는 쪼끔 더 유연하게 대처를 함으로써 저의 삶 가운데 시 그리고 하루에 그 라이프 스타일 가운데에 어떠한 일들이 치고 들어오더라고 유연하게 대처할려고 노력을 하는 편입니다.","wordCount":178},"emotion":[],"intent":[{"text":"","expression":"","category":"attitude"}],"summary":{"text":"시간은 누구에게나 똑같이 주어집니다. 그 시간을 어떻게 활용하느냐에 따라 그 사람의 인생 또한 많이 달라지는 부분이라고 생각합니다. 하지만 저 같은 경우에는 그렇게 시간을 잘 활용한다고 생각하지는 않습니다. 오늘 하나의 전체적인 스케줄 가운데에 제가 정말로 해야 하는 것과 급하게 해야 하는 것들을 구분을 해서 꼭 처리하고 그 이후의 것들은 제가 할 수 있는 부분들을 많이 한다고 생각합니다.","wordCount":56}}},"rawDataInfo":{"question":{"fileFormat":"wav","fileSize":289358,"duration":9040,"samplingBit":16,"channelCount":1,"samplingRate":"16kHz","audioPath":"/Mock/07.ProductionManufacturing/Male/Experienced/ckmk_q_mm_m_e_292978.wav"},"answer":{"fileFormat":"wav","fileSize":3557838,"duration":111180,"samplingBit":16,"channelCount":1,"samplingRate":"16kHz","audioPath":"/Mock/07.ProductionManufacturing/Male/Experienced/ckmk_a_mm_m_e_292978.wav"}}}