{"version":"1.0","dataSet":{"info":{"date":"20230116","occupation":"MM","channel":"MOCK","place":"ONLINE","gender":"MALE","ageRange":"35-44","experience":"EXPERIENCED"},"question":{"raw":{"text":"지원자님께서는 그동안 속해 있었던 조직이나 단체 속에서 지원자님께서 주로 어떤 역할을 하는 사람이었는지 관련한 이야기를 한 번 말씀을 좀 부탁드리고 싶거든요 지원자님만의 역할을 좀 말씀을 부탁드립니다","wordCount":26},"emotion":[],"intent":[]},"answer":{"raw":{"text":"제가 속해 있던 조직 및 단체에서 저는 항상 리더 역할을 맡았습니다. 왜냐하면 저는 남을 이끄는 리더 형으로서 사람들에 많은 이야기를 들어주고 소통을 잘 합니다. 특히 프로젝트나 어떤 조직에서 어떤 팀원이나 직원들이 무슨 일을 잘하는지 이 사람의 능력이 무엇인지 부족한 지가 부족한 게 무엇인지를 파악한 다음에 적재 적소에 배치해서 시너지를 낼 수 있게끔 많은 것들을 이끌어 왔습니다. 그렇게 팀장 팀 리더 프로젝트 매니저를 하면서 제 스스로 사람을 보는 눈 프로젝트를 맡는 눈 그 다음에 사람을 관리하는 눈이 길러졌고 그렇게 됨으로써 저 스스로도 두 단계 정도 상당 성장했던 것 같습니다. 예전에 테니스 모임에서 테니스 모임 리더를 한 적도 있고 영어 모임에서는 지금도 십 오 년 동안 영어 프로젝트 또는 영어 회화 리더를 하고 있고 영어 회화 리더에서는 영어가 좀 모자란 사람들에게 영어를 자연스럽게 늘릴 수 있는 방법 어떻게 하면 직장인으로서 영어를 늘릴 수 있는지에 대한 컨설팅도 해주고 회사에서도 신입 사원 또는 업무 역량이 저성과자인 자들에게 어떻게 하면 업무를 잘 익힐 수 있는지 또는 업무에 대한 소프트웨어부터 하드웨어까지 전부 가르치는 일을 하고 있습니다.","wordCount":160},"emotion":[],"intent":[{"text":"","expression":"","category":"attitude"}],"summary":{"text":"저는 남을 이끄는 리더 형으로서 사람들과 많은 이야기를 들어주고 소통을 잘 합니다. 팀 프로젝트 매니저를 하면서 사람을 보는 눈이 길러졌고 사람을 관리하는 눈이 길러졌습니다. 영어 모임에서는 영어가 좀 모자란 사람들에게 영어를 자연스럽게 늘릴 수 있는 방법에 대한 컨설팅을 해주고 회사에서는 신입 사원 또는 저성과인 자들에게 업무에 대한 소프트웨어부터 하드웨어까지 전부 가르치는 일을 하고 있습니다.","wordCount":54}}},"rawDataInfo":{"question":{"fileFormat":"wav","fileSize":655438,"duration":20480,"samplingBit":16,"channelCount":1,"samplingRate":"16kHz","audioPath":"/Mock/07.ProductionManufacturing/Male/Experienced/ckmk_q_mm_m_e_196095.wav"},"answer":{"fileFormat":"wav","fileSize":2572878,"duration":80400,"samplingBit":16,"channelCount":1,"samplingRate":"16kHz","audioPath":"/Mock/07.ProductionManufacturing/Male/Experienced/ckmk_a_mm_m_e_196095.wav"}}}