{"version":"1.0","dataSet":{"info":{"date":"20230116","occupation":"MM","channel":"MOCK","place":"ONLINE","gender":"MALE","ageRange":"35-44","experience":"EXPERIENCED"},"question":{"raw":{"text":"본인의 장점과 단점을 설명해 주세요 또한 그것을 특화 시키고 극복하기 위해서 해 오셨던 노력도 함께 말씀해 주시길 바랍니다","wordCount":18},"emotion":[],"intent":[]},"answer":{"raw":{"text":"저의 가장 큰 장점에 대해서 말씀을 드린다면 저는 한 업무에 대해 굉장히 많은 시간을 투자하고 그리고 그것에 집중하여 업무를 수행한다는 점입니다. 그렇기 때문에 다른 그 어떤 직원보다 제가 맡은 업무에 대해서 완벽하고 또한 훌륭한 결과물을 만들어 낼 수 있는 장점을 저는 지니고 있습니다. 하지만 때로는 그것이 단점으로 다가올 때도 있는데요. 우선 너무나 많은 시간을 투자하기 때문에 다른 업무를 수 동시에 수행하기에는 조금 맞지 않는 단점이 있습니다. 그래서 저는 이런 것들을 이런 단점을 극복하고자 업무에 우선순위를 둡니다. 어떤 것이 가장 먼저 시급히 처리해야 할 업무이고 어떤 것은 쪼끔 여유가 있는지를 업무에 우선 순위를 둬서 가장 급하게 처리해야 할 업무부터 많은 시간과 노력을 투자하여 그 업무를 완벽히 수행한 다음에야 다음 업무를 수행하고 있습니다.","wordCount":111},"emotion":[],"intent":[{"text":"저의 가장 큰 장점에 대해서 말씀을 드린다면 저는 한 업무에 대해 굉장히 많은 시간을 투자하고 그리고 그것에 집중하여 업무를 수행한다는 점입니다.","expression":"c_person","category":"background"}],"summary":{"text":"저는 한 업무에 대해 굉장히 많은 시간을 투자하고 그것을 집중하여 업무를 수행하기 때문에 다른 직원보다 완벽한 결과물을 만들어 낼 수 있는 장점을 지니고 있습니다. 하지만 시간이 너무 많이 투자해서 다른 업무를 동시에 수행하기에는 맞지 않는 단점이 있어서 우선순위에 둡니다.","wordCount":39}}},"rawDataInfo":{"question":{"fileFormat":"wav","fileSize":598478,"duration":18700,"samplingBit":16,"channelCount":1,"samplingRate":"16kHz","audioPath":"/Mock/07.ProductionManufacturing/Male/Experienced/ckmk_q_mm_m_e_250237.wav"},"answer":{"fileFormat":"wav","fileSize":2534158,"duration":79190,"samplingBit":16,"channelCount":1,"samplingRate":"16kHz","audioPath":"/Mock/07.ProductionManufacturing/Male/Experienced/ckmk_a_mm_m_e_250237.wav"}}}