{"version":"1.0","dataSet":{"info":{"date":"20230116","occupation":"MM","channel":"MOCK","place":"ONLINE","gender":"MALE","ageRange":"35-44","experience":"EXPERIENCED"},"question":{"raw":{"text":"우리 사회의 공동체의 가치를 기반으로 생각할 때 무형 문화유산의 보호에 있어서 적용되는 사회적 관념은 무엇일까요 자세히 설명해 주세요","wordCount":18},"emotion":[],"intent":[]},"answer":{"raw":{"text":"무형 문화 유산은 예전에는 인간 문화재라고 불리었고 최근에는 무형 문화재 무형 문화 유산이라고 불리우고 있습니다. 그런데 이런 문화 무형 문화 유산들은 문화재청에서 지정을 하지 않으면 어떤 보호를 받을 수 있는 법적인 제도 장치가 없어 공연이 없거나 찾아주는 사람들이 없거나 이런 코로나 시대에는 그들의 삶을 연명할 수가 없기 때문에 그들이 이 시장을 많이 떠난다고 알고 있습니다. 즉 문화재청 같은 곳에서 무형 문화의 기술을 가진 사람들 또는 그런 분들의 대우를 해 줌으로써 그들의 전통을 이어나갈 수 있는 방법을 찾아줘야 할 것입니다. 특히나 어떤 재배 기술 또는 창 굿거리 국악 뭐 줄놀이 같은 특별한 특이한 기술을 가진 분들에 대한 자산을 보호하지 않으면 그들의 명목은 끊길 것이고 전통은 계승될 수 없습니다. 우리의 전통은 계승되어야 되고 과거가 없으면 미래도 없다 라고 하는 역사학자의 이론처럼 문화재청 및 국가에서 무형 문화 자산에 대한 특별한 보호를 통해서 우리의 전통을 계승하고 우리의 전통을 사람들에게 널리 알릴 필요가 있습니다.","wordCount":139},"emotion":[{"text":"무형 문화 유산은 예전에는 인간 문화재라고 불리었고 최근에는 무형 문화재 무형 문화 유산이라고 불리우고 있습니다.","expression":"u-fact","category":"neutral"}],"intent":[{"text":"","expression":"","category":"attitude"}],"summary":{"text":"무형 문화재 무형 문화 유산들은 문화재청에서 지정되지 않으면 보호를 받을 수 있는 법적 장치가 없어 시장이 떠난다고 알고 있습니다. 문화재청 등에서 무형 문화의 기술을 가진 사람들 또는 그런 분들의 대우를 해 줌으로써 전통을 이어나갈 수 있는 방법을 찾아줘야 합니다.","wordCount":39}}},"rawDataInfo":{"question":{"fileFormat":"wav","fileSize":519118,"duration":16219,"samplingBit":16,"channelCount":1,"samplingRate":"16kHz","audioPath":"/Mock/07.ProductionManufacturing/Male/Experienced/ckmk_q_mm_m_e_164799.wav"},"answer":{"fileFormat":"wav","fileSize":2432398,"duration":76010,"samplingBit":16,"channelCount":1,"samplingRate":"16kHz","audioPath":"/Mock/07.ProductionManufacturing/Male/Experienced/ckmk_a_mm_m_e_164799.wav"}}}