{"version":"1.0","dataSet":{"info":{"date":"20230116","occupation":"MM","channel":"MOCK","place":"ONLINE","gender":"MALE","ageRange":"55-","experience":"EXPERIENCED"},"question":{"raw":{"text":"면접자님께서 본인이 현재 가지고 있는 위치보다 어려웠던 목표를 달성했던 경험이 있으시다면 그 경험에 대해서 설명을 부탁드립니다","wordCount":16},"emotion":[],"intent":[]},"answer":{"raw":{"text":"어 일을 하다보면 굉장히 어려운 일들이 많이 발생이 됩니다. 어 특히나 어 또 제 위치에 에 걸맞지 않는 목표를 어 달성할려면 굉장히 어려움이 많습니다. 그래서 어 제 위치가 어 어 사원인데 또 과장급의 일이 올 수도 있습니다. 그럼 당연히 에 그것을 헤쳐나가야 된다고 생각을 하고요. 거기에 따라서 어 목표를 어 어 세워놓고 달성을 할려면 제 능력 어 어 범위 밖에서 일을 할 수 밖에 없습니다. 목표를 에 달성할려면 그 직원들의 에 동료들의 에 또 조언을 많이 듣고 또 배우고 해서 어 또 어 헤쳐나갈 수도 있구요. 어 또는 어 상사에게 에 또 어 물어봐서 어 그 헤쳐나갈 수 있는 방법도 있고요. 또 아니면 쪼끔 전문가의 어 조언을 얻어서 어 제일 부족한 부분을 채워서 어려운 목표를 달성해야 된다고 생각을 하고 있습니다.","wordCount":120},"emotion":[],"intent":[{"text":"","expression":"","category":"attitude"}],"summary":{"text":"일을 하다보면 굉장히 어려운 일들이 많이 발생하기 때문에 사원인데 과장급의 일이 올 수도 있습니다. 목표를 세워놓고 달성을 하려면 제 능력 범위 밖의 일을 할 수 밖에 없습니다. 상사나 전문가의 조언을 얻어서 어려운 목표를 달성해야 된다고 생각합니다.","wordCount":36}}},"rawDataInfo":{"question":{"fileFormat":"wav","fileSize":514638,"duration":16079,"samplingBit":16,"channelCount":1,"samplingRate":"16kHz","audioPath":"/Mock/07.ProductionManufacturing/Male/Experienced/ckmk_q_mm_m_e_185677.wav"},"answer":{"fileFormat":"wav","fileSize":2914638,"duration":91080,"samplingBit":16,"channelCount":1,"samplingRate":"16kHz","audioPath":"/Mock/07.ProductionManufacturing/Male/Experienced/ckmk_a_mm_m_e_185677.wav"}}}