{"version":"1.0","dataSet":{"info":{"date":"20230116","occupation":"MM","channel":"MOCK","place":"ONLINE","gender":"MALE","ageRange":"35-44","experience":"EXPERIENCED"},"question":{"raw":{"text":"지원자님께 이직을 고민하는 동료가 조언을 조언을 구한다면 어떻게 말씀하시겠습니까 그리고 그렇게 말씀하시는 이유에 대해 설명을 부탁드리겠습니다","wordCount":16},"emotion":[],"intent":[]},"answer":{"raw":{"text":"어 이직을 생각하는 동료는 주변에 많이들 있을 겁니다. 그러면 그 회사에 대한 뭐 불만 요소가 많은 직원일 수도 있고 아니면 자기의 발전을 위해서 할려고 하는 이직을 결심한 친구도 있을 거고 그 여러 가지 종류의 이직을 생각하는 사람 만날 것 같은데 일단 저는 그렇게 생각합니다. 뭐 이직을 해서 자기 발전도 있겠지만 한 곳에서 한 우물만 판다는 그런 얘기도 있지 않습니까. 그래서 저는 그 한 곳에서 정착을 해서 더욱더 거기에 대한 그 회사만의 경험과 노하우가 계속 생기기 때문에 그런 것들을 잘 유두리 있게 한 번 얘기를 해 볼 것 같습니다. 그래서 그 친구가 이제 받아들일 수도 있고 아 자기는 확고한 마음을 갖고 있다 이렇게 얘기할 수도 있는데 그런 것들은 많이 한 세 번 정도는 이렇게 좀 긍정적으로 잘 얘기를 해보다가 그래도 안 될 것 같으면은 인제 그 친구는 인제 마음이 떠난 거기 때문에 그때부터는 쿨하게 잘 보내줄 것 같습니다. 그런 상황을 많이 겪어 봤고 또 그런 친구들을 만나게 된다면은 지금처럼 대처할 것 같습니다 이상입니다.","wordCount":152},"emotion":[],"intent":[{"text":"","expression":"","category":"attitude"}],"summary":{"text":"이직을 생각하는 동료는 주변에 많을 것입니다. 이직을 해서 자기 발전도 있겠지만 한 곳에서 한 우물만 판다는 얘기가 있습니다. 그 한 곳에서 정착을 해서 회사만의 경험과 노하우가 계속 생기기 때문에 그런 것들을 한 번 유도리 있게 한 번 얘기를 해 볼 것 같습니다. 그렇게 한 번 긍정적으로 얘기를 해보다가 안 될 것 같으면 쿨하게 잘 보내줄 것입니다.","wordCount":56}}},"rawDataInfo":{"question":{"fileFormat":"wav","fileSize":494798,"duration":15460,"samplingBit":16,"channelCount":1,"samplingRate":"16kHz","audioPath":"/Mock/07.ProductionManufacturing/Male/Experienced/ckmk_q_mm_m_e_145766.wav"},"answer":{"fileFormat":"wav","fileSize":2590798,"duration":80960,"samplingBit":16,"channelCount":1,"samplingRate":"16kHz","audioPath":"/Mock/07.ProductionManufacturing/Male/Experienced/ckmk_a_mm_m_e_145766.wav"}}}