{"version":"1.0","dataSet":{"info":{"date":"20230116","occupation":"MM","channel":"MOCK","place":"ONLINE","gender":"MALE","ageRange":"35-44","experience":"EXPERIENCED"},"question":{"raw":{"text":"현대 사회에서 없어서는 안 될 가장 중요하다고 생각하시는 직업이 있나요 딱 한 가지만 골라서 왜 그렇게 생각하시는지에 대해서도 말씀해 주세요","wordCount":20},"emotion":[],"intent":[]},"answer":{"raw":{"text":"아 현대 사회에서 이제 앞으로 미래적으로나 어 에이아이 시대 로보트화 되는 시대에 모든 게 자동화되는 시대에서 제일 이제 그러다 보면 인간의 본성을 잃어 가고 인간의 자존감이 잃어 가는 시대가 올 거라고 생각합니다. 그거에서 인제 제일 제가 개인적으로 중요하다고 생각하는 직업 로봇이 대체할 수 없는 직업 중의 하나가 심리 상담을 해주는 의사라든지 뭐 심리 상담사 이런 역할들은 아 로보트나 뭐 에이아이가 대체할 수 없다고 생각합니다. 인간의 감성 대 감성으로 대하는 그런 일이기 때문에 어 제일 중요하고 또 그런 환자나 그런 불편감으로 호소하는 환자들은 늘어날 것 같고 그러다 보니 현대 사회에서 제일 중요하다고 판단을 해 보았습니다. 또한 인제 뭐 회사의 입장으로 봤을 때 가장 중요하다고 생각하는 것은 인제 그 우선 생산 기계라든지 생산 라인에 있어서 제일 중요한 관리자가 될 겁니다. 그런 관리자는 많은 경험과 노하우가 있는 사람이기 때문에 그런 사람이 로보트가 대체할 수 있고 에이아이가 대체할 수 없다고 생각합니다. 그래서 그런 직업들이 가장 중요하다고 생각하겠습니다. 이상입니다.","wordCount":144},"emotion":[],"intent":[{"text":"","expression":"","category":"attitude"}],"summary":{"text":"현대 사회에서 모든 게 자동화되는 시대에서 인간의 본성과 자존감을 잃어 가는 시대가 올 거라고 생각합니다. 그 중에서도 특히 생산 기계나 생산 라인의 관리자 같은 직업들은 인간의 감성 대 감성으로 대하는 일이기 때문에 로보트나 에이아이가 대체할 수 없다고 생각합니다.","wordCount":38}}},"rawDataInfo":{"question":{"fileFormat":"wav","fileSize":611598,"duration":19110,"samplingBit":16,"channelCount":1,"samplingRate":"16kHz","audioPath":"/Mock/07.ProductionManufacturing/Male/Experienced/ckmk_q_mm_m_e_191996.wav"},"answer":{"fileFormat":"wav","fileSize":2702798,"duration":84460,"samplingBit":16,"channelCount":1,"samplingRate":"16kHz","audioPath":"/Mock/07.ProductionManufacturing/Male/Experienced/ckmk_a_mm_m_e_191996.wav"}}}