{"version":"1.0","dataSet":{"info":{"date":"20230116","occupation":"MM","channel":"MOCK","place":"ONLINE","gender":"MALE","ageRange":"55-","experience":"EXPERIENCED"},"question":{"raw":{"text":"지원자님께서는 매일 공부하고 있는 분야가 따로 있나요 있다면 왜 그걸 공부하고 계신지도 궁금합니다","wordCount":13},"emotion":[],"intent":[]},"answer":{"raw":{"text":"어 인간은 어 태어나면서부터 어 줄곧 어 공부와 어 접해 있죠. 어 내 분야를 공부하는 경우도 있는데 에 에 따로 어 요즘은 어 글로벌 시대기 때문에 저는 매일 영어 공부를 하고 있습니다. 이 우리나라 어 연어도 중요하지만 에 전 세계적인 공통 국어인 영어를 할 수 밖에 없는 어 그런 어 상황이 에 에 글로벌 시대가 돼버린 것 같습니다. 어 공부는 어 영어를 하고 있는데 영어는 필수적이라고 생각을 합니다. 에 자기 전문 분야를 떠나서 에 어 자기 전문 브라를 어 상대방 바이어들에게 설명 할 수 있는 그런 재능들이 있어야 하기 때문에 그것은 기본적으로 어 영어인 것 같아서 매일 하고 있구요. 어 스터디를이 통해서 어 사람과 대화도 어 또 상생할 수 있을 에 일습 이 조지 않을까 이런 생각을 해보고 있습니다.","wordCount":119},"emotion":[],"intent":[{"text":"","expression":"","category":"attitude"}],"summary":{"text":"인간은 공부와 접해 있는데 요즘은 글로벌 시대라 영어 공부를 하고 있습니다. 자기 전문 분야를 떠나 상대방 바이어들에게 설명할 수 있는 재능들이 있어야 영어인 것 같아 매일 하고 있고 있습니다.","wordCount":29}}},"rawDataInfo":{"question":{"fileFormat":"wav","fileSize":360398,"duration":11260,"samplingBit":16,"channelCount":1,"samplingRate":"16kHz","audioPath":"/Mock/07.ProductionManufacturing/Male/Experienced/ckmk_q_mm_m_e_175484.wav"},"answer":{"fileFormat":"wav","fileSize":2864078,"duration":89500,"samplingBit":16,"channelCount":1,"samplingRate":"16kHz","audioPath":"/Mock/07.ProductionManufacturing/Male/Experienced/ckmk_a_mm_m_e_175484.wav"}}}