{"version":"1.0","dataSet":{"info":{"date":"20230116","occupation":"MM","channel":"MOCK","place":"ONLINE","gender":"MALE","ageRange":"35-44","experience":"EXPERIENCED"},"question":{"raw":{"text":"지원자분께서 회사에 들어오시고 난 뒤에 선배를 만나시게 될 겁니다 그렇다면 그 선배는 어떤 모습의 선배였으면 좋겠는지 궁금합니다 어 그 이유에 대해서도 같이 이야기해 주세요","wordCount":24},"emotion":[],"intent":[]},"answer":{"raw":{"text":"성공한 선배의 모습을 만나고 싶습니다. 선배를 만났는데 선배가 회사 업무도 잘하고 대인 관계도 좋고 업무의 탁월한 성적을 내는 사람을 만난다고 하면 그 선배를 통해서 많은 것을 롤 모델로 삼아 배울 수 있을 것 같습니다. 실제로 회사 생활은 어떤 직장 상사 어떤 선배를 통해서 배우느냐에 따라서 오 년 후 십 년 후가 많이 달라진다고 합니다. 만약 선배의 모습이 너무 초라하거나 업무의 저 성과자라면 그 선배를 통해서 배우거나 롤 모델로 삼을 수 있는 것들이 아무 것도 없을 것입니다.","wordCount":76},"emotion":[],"intent":[{"text":"","expression":"","category":"attitude"}],"summary":{"text":"회사 업무가 좋고 대인관계도 좋고 업무의 탁월한 성적을 내는 선배를 만나게 되면 많은 것을 롤 모델로 삼아 배울 수 있을 것 같습니다.","wordCount":22}}},"rawDataInfo":{"question":{"fileFormat":"wav","fileSize":566478,"duration":17700,"samplingBit":16,"channelCount":1,"samplingRate":"16kHz","audioPath":"/Mock/07.ProductionManufacturing/Male/Experienced/ckmk_q_mm_m_e_171911.wav"},"answer":{"fileFormat":"wav","fileSize":1282958,"duration":40090,"samplingBit":16,"channelCount":1,"samplingRate":"16kHz","audioPath":"/Mock/07.ProductionManufacturing/Male/Experienced/ckmk_a_mm_m_e_171911.wav"}}}