{"version":"1.0","dataSet":{"info":{"date":"20230116","occupation":"MM","channel":"MOCK","place":"ONLINE","gender":"MALE","ageRange":"55-","experience":"EXPERIENCED"},"question":{"raw":{"text":"면접자님은 의견을 주장하실 때 강하게 주장을 하시는 편이신가요 그렇다면 어떠한 스타일로 자신의 의견을 주장하시는 지에 대해서 설명 부탁드립니다","wordCount":18},"emotion":[],"intent":[]},"answer":{"raw":{"text":"어 저는 어 어 의견을 항상 강하게 주장하는 부분이 아닙니다. 어 어 왜 그러냐면 강하게 주장을 하면 항상 문제 발생이 거기서부터 시작된 거 같습니다. 그 되도록이면 어 강하게 에 어필지하지도 않고 항상 동료들과 생산짐과 어 모든 이야기를 해서 어 이친에 할려고 하는데 그 친구들하고 모임 관계에서도 항상 에 보면 강하게 어필하는 친구는 어 왕따 정도는 아니어도 항상 뒤로 물러나 있는 나중에는 물러나서 어 그 할말을 못더는 그런 상황이 많이 발생이 되더라고요. 그래서 저는 어 항상 어 유하고 또 긍정적인 마인드로 어 그 분들한테 또 제가 아 또 주장하는 그런 게 옳다고 생각을 하면 일 대 일로 만나서 설득을 해서 어 어 그것을 해결하지. 에 대중들 앞에서 강하게 에 하지는 않는다는 에 말씀을 올리겠습니다.","wordCount":113},"emotion":[],"intent":[{"text":"","expression":"","category":"attitude"}],"summary":{"text":"저는 의견을 항상 강하게 주장하는 부분이 아니라 가급적이면 강하게 어필하지 않으려고 하는데 그 친구들하고 모임 관계에서도 강하게 어필하는 친구는 뒤로 물러나서 말을 못더는 상황이 많이 발생합니다. 항상 긍정적인 마인드로 설득해서 해결하겠습니다.","wordCount":31}}},"rawDataInfo":{"question":{"fileFormat":"wav","fileSize":502798,"duration":15710,"samplingBit":16,"channelCount":1,"samplingRate":"16kHz","audioPath":"/Mock/07.ProductionManufacturing/Male/Experienced/ckmk_q_mm_m_e_184069.wav"},"answer":{"fileFormat":"wav","fileSize":2893518,"duration":90420,"samplingBit":16,"channelCount":1,"samplingRate":"16kHz","audioPath":"/Mock/07.ProductionManufacturing/Male/Experienced/ckmk_a_mm_m_e_184069.wav"}}}