{"version":"1.0","dataSet":{"info":{"date":"20230116","occupation":"MM","channel":"MOCK","place":"ONLINE","gender":"MALE","ageRange":"55-","experience":"EXPERIENCED"},"question":{"raw":{"text":"얼마 전에 구급대원이 주취자한테 폭행을 당해서 순직당하는 일이 있었습니다 이 사건에 대한 지원자님의 생각이 궁금합니다","wordCount":15},"emotion":[],"intent":[]},"answer":{"raw":{"text":"어 구급대원이 주취자에게 폭행을 당해서 순직 당하는 일이 있었다고 말씀을 허셨습니다. 정말 안타까운 일이고 경악을 금치 못한 일입니다. 구급대원은 항상 우리으 생명 연장선상에 계시는 분이고 또 그분들은 우리의 생명을 보호하고 또 거기에 응급 조치로서 어 많은 일들을 하시는 정말 꼭 우리 현대 사회에서 없어서는 안 될 중요한 분입니다. 그런 분을 그 어 또 어 한 개인에 에 실수로 어 이런 일들이 발생이 됐는데요. 어 구급대원은 어 우리으 국민이고 또 우리와 함께하는 동반잡니다. 그런 분들을 어 구급대원은 우리를 보호를 하지만 우리는 또 구급대원을 보호하는 그런 의무가 있다고 생각을 합니다. 어 조그만 실수가 아 그분에 생명까지 앗아갔다는 말은 아 그분들에 에 또 어 정서에 문제가 있다고 생각을 하고요. 항상 어 이런 일이 있을 때마다 아 또 교육도 하고 어 또 어 또 조치도 하고 그러는데 항상 준비돼 준비이를 해야 된다고 생각을 하고요. 그 준비 과정에서 구급대원의 그 하는 그런 부분을 도울 수 있는 그런 교육도 어 저는 필요하다고 생각을 하고요. 이런 일은 정말 없어야 된다 있어서는 안 될 일이다 라고 결론 내겠습니다.","wordCount":160},"emotion":[],"intent":[{"text":"","expression":"","category":"attitude"}],"summary":{"text":"구급대원이 주취자에게 폭행을 당해 순직하는 일이 있었는데, 이는 우리 현대 사회에서 꼭 필요한 분이지만 실수로 인해 생명까지 앗아갔다고 생각합니다. 이런 일이 생길 때마다 교육도 하고 조치도 하는데 항상 준비가 돼야 한다고 생각하며, 그런 교육을 꼭 해야 될 것 같습니다.","wordCount":39}}},"rawDataInfo":{"question":{"fileFormat":"wav","fileSize":361358,"duration":11290,"samplingBit":16,"channelCount":1,"samplingRate":"16kHz","audioPath":"/Mock/07.ProductionManufacturing/Male/Experienced/ckmk_q_mm_m_e_237566.wav"},"answer":{"fileFormat":"wav","fileSize":3853518,"duration":120420,"samplingBit":16,"channelCount":1,"samplingRate":"16kHz","audioPath":"/Mock/07.ProductionManufacturing/Male/Experienced/ckmk_a_mm_m_e_237566.wav"}}}