{"version":"1.0","dataSet":{"info":{"date":"20230116","occupation":"MM","channel":"MOCK","place":"ONLINE","gender":"MALE","ageRange":"55-","experience":"EXPERIENCED"},"question":{"raw":{"text":"태어나서 지금까지 한 일들 가운데 가장 후회했던 일이 무엇인가요 한 가지만 골라 말씀해 주시기 바랍니다","wordCount":15},"emotion":[],"intent":[]},"answer":{"raw":{"text":"음 태어나서 지금까지 후회해 보지 않은 일들이 예 없습니다. 모든 게 후회스럽습니다만는 어 제일 큰 것은 제가 농협을 어 스물 여섯 살에 들어가서 어 삼십 대 초반에 한 칠 년 정도 하고 그만둬버 렸습니다. 그게 굉장히 후회가 되구요. 어 그 후회스러운 일은 제 에 마음 가짐과 또 어 사생활을 관리를 잘 못 해서 이루어졌던 것 같습니다. 굉장히 후회스럽고 어 지금까지 있었더라면 어 굉장히 큰 임원이 돼서 아마 나의 인생에 좋은 일 많이 있었을 건데 그만두고 전환점이 돼서 어 또 다른 사업을 한다고 한마디로 해서 했던 기억이 납니다. 그 그 농협을 꾸준히 다니면서 나의 관리도 잘 했으면 좋았을 건데 하는 그런 후회스러움이 많이 있습니다.","wordCount":103},"emotion":[{"text":"모든 게 후회스럽습니다만는 어 제일 큰 것은 제가 농협을 어 스물 여섯 살에 들어가서 어 삼십 대 초반에 한 칠 년 정도 하고 그만둬버 렸습니다.","expression":"u-fact","category":"neutral"}],"intent":[{"text":"","expression":"","category":"attitude"}],"summary":{"text":"저는 농협을 칠 년 정도 하고 그만둔 일이 가장 후회됩니다. 그 일은 제 마음 가짐과 사생활 관리를 잘못해서 이루어진 것 같습니다. 농협을 꾸준히 다니면서 관리도 잘 했으면 하는 후회가 많이 있습니다.","wordCount":31}}},"rawDataInfo":{"question":{"fileFormat":"wav","fileSize":393038,"duration":12280,"samplingBit":16,"channelCount":1,"samplingRate":"16kHz","audioPath":"/Mock/07.ProductionManufacturing/Male/Experienced/ckmk_q_mm_m_e_186773.wav"},"answer":{"fileFormat":"wav","fileSize":2816078,"duration":88000,"samplingBit":16,"channelCount":1,"samplingRate":"16kHz","audioPath":"/Mock/07.ProductionManufacturing/Male/Experienced/ckmk_a_mm_m_e_186773.wav"}}}