{"version":"1.0","dataSet":{"info":{"date":"20230116","occupation":"MM","channel":"MOCK","place":"ONLINE","gender":"MALE","ageRange":"45-54","experience":"EXPERIENCED"},"question":{"raw":{"text":"지원자님께서는 지원자님의 단점은 무엇이라고 생각하시며 그 단점을 보완하기 위해서 특별히 노력한 게 있으신지 말씀 부탁드립니다","wordCount":15},"emotion":[],"intent":[]},"answer":{"raw":{"text":"어 저의 단점은 성격이 좀 급한 것입니다. 어 뭐 어떤 사고나 어떤 문제가 생겼을 때 그것을 좀 더 이렇게 냉철하게 바라보지 못하고 어 좀 성급히 빨리 결단을 판단을 하는 경우가 있습니다. 아니 때로는 이것이 도움이 될 때도 있습니다. 어떤 사고가 생겼을 때 빠른 판단을 내려서 피해를 줄이고 어 그러기 위해서는 빠른 판단과 급한 성격이 때로는 도움이 되기도 하지만 그 일상생활을 전체를 놓고 봤을 때는 항상 좀 약간 이렇게 성격이 급한 관계로 좀 빨리 판단하고 속단하고 이렇게 해서 일을 좀 진행하는 경향이 있는 것 같습니다. 어 저 스스로도 그게 단점인지를 잘 알기 때문에 가능하면 어떤 문제가 생겼을 때 여러 가지 방향을 생각하고 뭐 제 삼 자가 되어서 한 발자국 떨어져서 객관적으로 좀 생각해 볼려고 노력을 많이 합니다. 그리고 때로는 주변의 도움도 좀 그러니까 조언을 구하기 위해서 도움도 청하구요. 그런데도 이것이 이제 좀 성격이다 보니까 어 경우에 따라서 좀 약간 이 급하게 뭐 이렇게 좀 하는 게 있는 것 같애서 저는 좀 고칠려고 나름 많이 노력하고 있습니다. 뭐 책도 보고 하면서 어 스스로 고치려고 항상 신경쓰고 주의하고 있는 편입니다.","wordCount":167},"emotion":[],"intent":[{"text":"어 저의 단점은 성격이 좀 급한 것입니다.","expression":"c_person","category":"background"}],"summary":{"text":"저는 성격이 좀 급합니다. 어떤 사고나 문제가 생겼을 때 성급히 결정을 내리는 경우가 있고, 도움이 될 때도 있습니다. 그러나 일상생활을 전체적으로 놓고 보면 성격이 급해서 빨리 판단하고 속단하는 경향이 있는 것 같습니다. 제가 그런 단점을 잘 알기 때문에 문제 발생 시 객관적으로 생각해 볼려고 노력하고, 주변의 도움이나 조언을 구하기 위해 도움을 청합니다.","wordCount":52}}},"rawDataInfo":{"question":{"fileFormat":"wav","fileSize":554318,"duration":17320,"samplingBit":16,"channelCount":1,"samplingRate":"16kHz","audioPath":"/Mock/07.ProductionManufacturing/Male/Experienced/ckmk_q_mm_m_e_140909.wav"},"answer":{"fileFormat":"wav","fileSize":2745998,"duration":85810,"samplingBit":16,"channelCount":1,"samplingRate":"16kHz","audioPath":"/Mock/07.ProductionManufacturing/Male/Experienced/ckmk_a_mm_m_e_140909.wav"}}}