{"version":"1.0","dataSet":{"info":{"date":"20230116","occupation":"MM","channel":"MOCK","place":"ONLINE","gender":"MALE","ageRange":"55-","experience":"EXPERIENCED"},"question":{"raw":{"text":"직무 수행 시에 난관에 봉착했다면 어떻게 해결하실 건가요 지원자님의 해결법과 그 이유에 대해서 말씀 부탁드립니다","wordCount":15},"emotion":[],"intent":[]},"answer":{"raw":{"text":"우리가 아 어 또 회사 생활을 하다 보면 굉장히 당관에 부짇질 때가 많습니다. 쉬운 일도 있지마는 난관에 부딪쳐서 어 또 일을 그르치는 일들이 많이 있습니다. 아 저는 난관에 부지 어 봉착이 된다면 어 항상 팀원들이 있기 때문에 그분들의 조언과 아 또 직접적인 어떤 도움을 받을까 합니다. 어 저 혼자만의 에 또 일이 아니고 또 혼자 해결을 하다 보면 꼭 항상 아 더 큰 어 나중에 보면 일이 생기고 또 그 해결할 수 없는 그런 지경까지 가더라고요. 그래서 저는 난관에 봉착한다면 제가 아 풀 수 있는 어 그런 손쉬운 건 풀 수 있어도 어려운 것에 봉착이 된다믄 팀원의 도움을 받겠습니다. 아 또 직원 상사에게 에 보고하고 그분들의 또 경험담 어 또 이런 부분을 좀 가미해서 어 그 난관을 헤쳐 나가야 된다고 생각을 하고요. 항상 어려운 일이 닥칠수록에 마음가짐을 잘 해야 된다고 생각을 하고요. 침착하니 해결할 수 있는 어 일부터 해결하고 어 또는 다른 것은 어 또 지원도 받고 도움도 받고 하는 그런 어 생활을 해야지만이 그 난관을 해결한다고 어 생각을 하고 있습니다.","wordCount":161},"emotion":[],"intent":[{"text":"","expression":"","category":"attitude"}],"summary":{"text":"회사 생활을 하다 보면 난관에 부딪쳐서 일을 그르치는 일들이 많이 있습니다. 난관에 봉착하게 된다면 팀원들이 있기 때문에 그들의 조언과 직접적인 어떤 도움을 받고 싶습니다. 항상 어려운 일이 닥칠수록 마음가짐을 잘 하고, 침착하니 해결할 수 있는 일부터 해결하고 다른 것은 지원도 받고 도움도 받는 생활이 필요합니다.","wordCount":45}}},"rawDataInfo":{"question":{"fileFormat":"wav","fileSize":585038,"duration":18280,"samplingBit":16,"channelCount":1,"samplingRate":"16kHz","audioPath":"/Mock/07.ProductionManufacturing/Male/Experienced/ckmk_q_mm_m_e_237712.wav"},"answer":{"fileFormat":"wav","fileSize":3593038,"duration":112280,"samplingBit":16,"channelCount":1,"samplingRate":"16kHz","audioPath":"/Mock/07.ProductionManufacturing/Male/Experienced/ckmk_a_mm_m_e_237712.wav"}}}