{"version":"1.0","dataSet":{"info":{"date":"20230116","occupation":"MM","channel":"MOCK","place":"ONLINE","gender":"MALE","ageRange":"35-44","experience":"EXPERIENCED"},"question":{"raw":{"text":"인생을 살면서 무엇인가 하나에 푹 빠져서 그것에 몰두해 본 적이 있나요 그런 경험이 있다면 그것이 무엇인지 궁금합니다","wordCount":17},"emotion":[],"intent":[]},"answer":{"raw":{"text":"가장 몰두했던 것이 운동인데요. 운동 중에서도 테니스입니다. 저는 어린 시절부터 탁구와 배드민턴으로 몸이 많이 단련돼 있었는데요. 탁구와 배드민턴을 하다 보니 실제적으로 했던 라켓 운동 중에 가장 격렬하고 다이나믹하고 많은 사람들에게 인기가 많았던 테니스에 자연적으로 관심이 쏠리게 되었습니다. 테니스는 우리가 생각했던 것보다 엄청나게 많은 과학적인 원리가 숨겨져 있었고 그 과학적인 원리를 배우면서 공을 하나하나 칠 때마다 생각보다 쾌감이 너무 좋았습니다. 단순히 라켓을 쳐서 네트를 넘기는 운동이 아니라 각 공엑 재질 구질 방향 스핀 양에 따라 공이 어떻게 움직이고 내가 어떻게 침으로 해서 상대방에게 어려운 공을 만들어낼 수 있는지 또는 바닥의 재질에 따라 공이 어떻게 튀고 때로는 공이 어떻게 역 슬라이스를 먹게 되는지에 대한 많은 공부를 하게 되었습니다. 또 실내에서 칠 때와 실외에서 칠 때와 또는 나무 라켓으로 칠 때와 카보네이트 라켓으로 칠 때에 그 쾌감도 다르고 움직임의 방향이 너무 달라 테니스의 논문까지 제가 다 읽어보고 웬만한 테니스 선수들에 대한 경력을 전부 다 알게 되었습니다.","wordCount":143},"emotion":[{"text":"테니스는 우리가 생각했던 것보다   엄청나게 많은 과학적인 원리가 숨겨져 있었고 그 과학적인 원리를 배우면서 공을 하나하나 칠 때마다   생각보다 쾌감이 너무 좋았습니다.","expression":"p-happiness","category":"positive"}],"intent":[{"text":"저는 어린 시절부터   탁구와 배드민턴으로 몸이 많이 단련돼 있었는데요.","expression":"c_private","category":"background"}],"summary":{"text":"운동 중에서도 테니스에 관심이 쏠렸습니다. 테니스는 과학적인 원리가 숨겨져 있어서 공을 칠 때마다 쾌감이 너무 좋았습니다. 단순히 라켓을 쳐서 네트를 넘기는 운동이 아니라 각 공에 재질 구질 방향 스핀 양에 따라 공이 어떻게 움직이고 침으로써 상대방에게 어려운 공을 만들어낼 수 있는지 등에 대한 많은 공부를 했습니다.","wordCount":46}}},"rawDataInfo":{"question":{"fileFormat":"wav","fileSize":349198,"duration":10910,"samplingBit":16,"channelCount":1,"samplingRate":"16kHz","audioPath":"/Mock/07.ProductionManufacturing/Male/Experienced/ckmk_q_mm_m_e_164735.wav"},"answer":{"fileFormat":"wav","fileSize":2637518,"duration":82420,"samplingBit":16,"channelCount":1,"samplingRate":"16kHz","audioPath":"/Mock/07.ProductionManufacturing/Male/Experienced/ckmk_a_mm_m_e_164735.wav"}}}