{"version":"1.0","dataSet":{"info":{"date":"20230116","occupation":"MM","channel":"MOCK","place":"ONLINE","gender":"MALE","ageRange":"55-","experience":"EXPERIENCED"},"question":{"raw":{"text":"입사 후 근무를 하면서 정작 지원한 분야가 지원자님과 잘 맞지 않다는 사실을 깨닫는다면 어떻게 하실 생각입니까","wordCount":16},"emotion":[],"intent":[]},"answer":{"raw":{"text":"어 회사를 들어가게 되면 어 정작 지원한 분야가 아 제게 맞지 않다는 것을 깨달을 때가 있을 겁니다. 그래서 그것을 질문하신 것 같은데요. 어 저는 어 그 분야가 잘 맞지 않더래도 어 또 거기에 맞출려고 노력을 하겠습니다 음 회사의 방침이 또 어 또 추구하는 어 어 생각들이 많이 있으시기 때문에 제 나름대로 또 어 제 분야를 가지고 지원을 해서 어 했는데 그것을 그 어 회사의 방침대로 또 잘 맞지 않는 곳에 갔더래도 그것을 어 일 이 개월은 어 어려울 수 있지만은 거기에 맞추다 보면 더 잘 해 내지 않을까 싶습니다. 그리고 거기에 따르는 어 동료 또 직장 상사의 그 또 조언도 많이 얻어서 어 인터넷으로 공부도 많이 해서 그것을 맞추려고 노력하는 스타일이라고 말씀을 드릴 수 있겠습니다.","wordCount":115},"emotion":[],"intent":[{"text":"","expression":"","category":"attitude"}],"summary":{"text":"회사를 들어가게 되면 정작 지원한 분야가 제게 맞지 않는다는 것을 깨달을 때가 있을 것입니다. 저는 분야가 잘 맞지 않더라도 거기에 맞추려고 노력하겠습니다. 그리고 동료, 상사의 조언도 많이 얻어서 그것을 맞추려고 노력하는 스타일이라고 말씀을 드리겠습니다.","wordCount":34}}},"rawDataInfo":{"question":{"fileFormat":"wav","fileSize":360398,"duration":11260,"samplingBit":16,"channelCount":1,"samplingRate":"16kHz","audioPath":"/Mock/07.ProductionManufacturing/Male/Experienced/ckmk_q_mm_m_e_188283.wav"},"answer":{"fileFormat":"wav","fileSize":2848718,"duration":89020,"samplingBit":16,"channelCount":1,"samplingRate":"16kHz","audioPath":"/Mock/07.ProductionManufacturing/Male/Experienced/ckmk_a_mm_m_e_188283.wav"}}}