{"version":"1.0","dataSet":{"info":{"date":"20230116","occupation":"MM","channel":"MOCK","place":"ONLINE","gender":"MALE","ageRange":"55-","experience":"EXPERIENCED"},"question":{"raw":{"text":"지원자님은 차단기의 정의에 대해 알고 계신가요 차단기는 무엇이고 어떤 기능을 하는 기계인가요","wordCount":12},"emotion":[],"intent":[]},"answer":{"raw":{"text":"어 우리 일반적으로 기업을 한다든가 아니면은 아 모든 관공서 이런 부분에 에 또 차단기라는 게 굉장히 중요하죠. 차단기는 우리의 개인적인 것으로 보면 생명 어 위협을 또 차단해주고요. 또 공장에서는 에 또 화재나 또 감전 사고 이런 부분에 대해서 굉장히 중요한 역할을 합니다. 그래서 우리에게 에 위험을 어 많이 이 차단을 해주는 역할을 하는데요. 현대 사회에서 정말 어 차단기가 아 없어서는 안 될 그런 존재 가치가 아 되어 있습니다. 어 또 여러 가지로 공장으로 보면 큰 역활을 하고 있지만 개인적으로 봐도 음 어 각 가정에 에 또 쉽게 접헐 수 있는 게 에 또 어 개인에 누전 어 또 이런 부분이 있기 때문에 그 누전을 차단해 주고 어 또 어 우리으 그 근본적으로 어 또 위험을 방지해 주는 일은 차단기으 역활은 어 일단은 없어서는 안 될 존재 에 이러게 가치라고 저는 말씀드리겠습니다.","wordCount":131},"emotion":[],"intent":[{"text":"","expression":"","category":"attitude"}],"summary":{"text":"일반적으로 기업이나 관공서에서 차단기는 중요한 가치입니다. 개인에게는 생명 위협, 공장에서는 화재나 감전 사고 등을 차단하고, 현대 사회에서는 차단기가 없어서는 안 될 존재 가치가 되어 있습니다.","wordCount":25}}},"rawDataInfo":{"question":{"fileFormat":"wav","fileSize":281678,"duration":8800,"samplingBit":16,"channelCount":1,"samplingRate":"16kHz","audioPath":"/Mock/07.ProductionManufacturing/Male/Experienced/ckmk_q_mm_m_e_237572.wav"},"answer":{"fileFormat":"wav","fileSize":3087438,"duration":96480,"samplingBit":16,"channelCount":1,"samplingRate":"16kHz","audioPath":"/Mock/07.ProductionManufacturing/Male/Experienced/ckmk_a_mm_m_e_237572.wav"}}}