{"version":"1.0","dataSet":{"info":{"date":"20230116","occupation":"MM","channel":"MOCK","place":"ONLINE","gender":"MALE","ageRange":"35-44","experience":"EXPERIENCED"},"question":{"raw":{"text":"규칙적 업무 수행을 잘 하기 위한 지원자만의 방법이나 노하우가 있다면 말씀해 주세요","wordCount":12},"emotion":[],"intent":[]},"answer":{"raw":{"text":"회사 업무가 많이 몰리다 보면 저도 모르게 업무가 뒤죽박죽 난장판이 되는 경우가 다분하게 많습니다. 그래서 저는 매주 월요일 매주 금요일 날 해야 되는 일 했던 일 하지 못한 일들에 대한 기록을 제 스스로 노트에 만들어 놓습니다. 그 노트를 볼 때마다 아 내가 이 업무를 했구나 에 뭐 십 점 잘하지 못했구나 구 점 다음 주에 해야겠구나 오 점 이런 식으로 점수를 매기고 그 매긴 내용들을 저만의 주간 업무 노트에다가 만들어 놓습니다. 처음에는 이 업무를 하다보면 귀찮음도 많고 생각보다 시간이 많이 들어 다른 업무에 지장을 주지만 실제적으로 많은 업무들을 여러 방면에서 관여하다 보면 내가 진정 중요하게 생각하는 업무를 놓치거나 또는 팀원들이 요청했던 업무를 자연스럽게 잊어버리는 경우가 많습니다. 그렇게 업무를 놓치는 것보다 하나하나 노트에 적어 놓고 그 노트를 제가 잘 보이는 것에 붙여 놓음으로써 그것이 상기되어 그 문제에 대해서 지속적으로 트래킹을 할 수 있고 그 트래킹을 통해 통해서 업무를 완료할 수 있었습니다. 특히 사소하게 생각하는 문제 또는 중요하지만 제가 듣고 흘려버린 문제에 대해서 놓치지 않아 업무 성과를 높이는데 다방면으로 활용하고 있습니다.","wordCount":159},"emotion":[],"intent":[{"text":"","expression":"","category":"attitude"}],"summary":{"text":"회사 업무가 많다 보면 나도 모르게 업무가 뒤죽박죽 난장판이 되는 경우가 많습니다. 그래서 제가 매주 월요일 매주 금요일 날 해야 되는 일 했던 일 못한 일들에 대한 기록을 제 스스로 노트에 적어 놓습니다. 그 노트를 잘 보이는 것에 붙여 놓음으로써 그 문제에 대해 지속적으로 트래킹을 할 수 있고 그로 인해 업무를 완료할 수 있었습니다.","wordCount":54}}},"rawDataInfo":{"question":{"fileFormat":"wav","fileSize":308878,"duration":9650,"samplingBit":16,"channelCount":1,"samplingRate":"16kHz","audioPath":"/Mock/07.ProductionManufacturing/Male/Experienced/ckmk_q_mm_m_e_158672.wav"},"answer":{"fileFormat":"wav","fileSize":2649358,"duration":82790,"samplingBit":16,"channelCount":1,"samplingRate":"16kHz","audioPath":"/Mock/07.ProductionManufacturing/Male/Experienced/ckmk_a_mm_m_e_158672.wav"}}}