{"version":"1.0","dataSet":{"info":{"date":"20230116","occupation":"MM","channel":"MOCK","place":"ONLINE","gender":"MALE","ageRange":"55-","experience":"EXPERIENCED"},"question":{"raw":{"text":"지원자님께서 만약 타 부서와 갈등 상황이 생긴다면 어떻게 해결하시겠습니까 그 상황을 가정하고 말씀해 주세요","wordCount":14},"emotion":[],"intent":[]},"answer":{"raw":{"text":"항상 일을 하다보면 어 타 부서와 아 갈등 상황이 발생 되죠. 어 언 언사도 높여지고 또 안좋은 말도 주고받을 수도 있는데요. 어 팀원 간에 에 에 갈등도 있지만 부서 간에 갈등이 굉장히 크다고 생각을 합니다. 어 또 인간의 다른 또 어 부서 간에 다른 또 생각들을 많이 가지고 있기 때문에 그것은 어 서로 어 마음을 열고 어 전체적인 회의를 통해서 그런 걸 풀어 나갈려고 노력하는 그런 자세가 굉장히 중요하다고 생각을 합니다. 어 그것을 어 문제점을 어 어 돌출해 내지도 못하면서 해결할려고 한다면 어 그것을 어 서로 또 그 다른 갈등만 빚어지기 때문에 항상 갈등을 서로 봉합 할려는 그런 노력이 필요한 것 같습니다. 그래서 큰 틀에서는 전체적인 회의를 통해서 문제점을 해결할려고 노력하는 그런 자세가 필요하다고 말씀드릴 수 있겠습니다.","wordCount":117},"emotion":[],"intent":[{"text":"어 또 인간의 다른 또 어 부서 간에 다른 또 생각들을 많이 가지고 있기 때문에 그것은 어 서로 어 마음을 열고 어 전체적인 회의를 통해서 그런 걸 풀어 나갈려고 노력하는 그런 자세가 굉장히 중요하다고 생각을 합니다.","expression":"c_confl_mg","category":"personality"},{"text":"어 그것을 어 문제점을 어 어 돌출해 내지도 못하면서 해결할려고 한다면 어 그것을 어 서로 또 그 다른 갈등만 빚어지기 때문에 항상 갈등을 서로 봉합 할려는 그런 노력이 필요한 것 같습니다.","expression":"c_confl_mg","category":"personality"}],"summary":{"text":"항상 일을 하다보면 부서 간에 갈등이 발생 됩니다. 부서 간에 다른 생각들을 많이 가지고 있기 때문에 마음을 열고 전체적인 회의를 통해서 문제점을 해결하려 노력하는 자세가 중요하다고 생각합니다.","wordCount":27}}},"rawDataInfo":{"question":{"fileFormat":"wav","fileSize":504078,"duration":15750,"samplingBit":16,"channelCount":1,"samplingRate":"16kHz","audioPath":"/Mock/07.ProductionManufacturing/Male/Experienced/ckmk_q_mm_m_e_176065.wav"},"answer":{"fileFormat":"wav","fileSize":2851278,"duration":89100,"samplingBit":16,"channelCount":1,"samplingRate":"16kHz","audioPath":"/Mock/07.ProductionManufacturing/Male/Experienced/ckmk_a_mm_m_e_176065.wav"}}}