{"version":"1.0","dataSet":{"info":{"date":"20230116","occupation":"MM","channel":"MOCK","place":"ONLINE","gender":"MALE","ageRange":"-34","experience":"EXPERIENCED"},"question":{"raw":{"text":"현재 많은 대기업들이 해외로 공장을 이전하고 있는 추세인데요 지원자님은 이에 대해서 찬성하는지 혹은 반대하는지 입장과 이유에 대해서 설명해 주시기 바랍니다","wordCount":20},"emotion":[],"intent":[]},"answer":{"raw":{"text":"모든 일들에 있어서는 장단점이 다 존재한다고 생각합니다. 어 하지만 우리 국가적인 차원에서 봤을 때는 어 많이 단점인 부분이 조금 더 많이 있다고 생각합니다. 아무래도 기술 유출에 대한 어 불안감이 있을 수도 있고 또한 공장이 해외로 이전한다는 것은 국내에서 일자리가 많이 없어진다는 의미로 받아들여지기도 합니다. 그러면은 그 일자리가 줄어지게 되고 당연히 일을 해야 할 곳이 줄어졌기 때문에 실업난이나 또 구직난 같은 것들이 더 심화되기 때문에 오히려 사회적인 문제가 더 클 것이라고 생각합니다. 하지만 어 많은 대기업들이 해외로 공장을 이전하는 이유는 정부에 어떤 제도적인 문제나 아니면은 현재 임금과 아니면 그 외 다른 물류 비용 또는 공장의 대지 생산 설비에 대한 가격이 상승했기 때문에 그렇다고 생각하는데 아마도 그런 것들을 또 지원을 해 준다거나 다른 방안들을 모색해서 어 해외로 공장을 이전하는 것들을 어 쪼금 억제시킬 수 있도록 우리가 시장을 좀 더 주도하고 정부에서도 그런 것들을 지원하는 것이 국가적인 입장에서는 가장 좋은 거 같다고 생각합니다.","wordCount":140},"emotion":[],"intent":[{"text":"","expression":"","category":"attitude"}],"summary":{"text":"공장의 해외 이전은 기술 유출이나 공장의 대지 생산 설비에 대한 가격 상승 등의 이유로 많은 대기업들이 해외로 공장을 이전하고 있습니다. 기술 유출에 대한 불안감이나 국내 일자리 감소로 실업난, 구직난이 심화되기 때문에 사회적인 문제가 더 클 것이라고 생각됩니다. 따라서 제도적 지원이나 다른 방안들을 모색해서 공장을 이전하는 것들을 억제시켜야 합니다.","wordCount":48}}},"rawDataInfo":{"question":{"fileFormat":"wav","fileSize":437198,"duration":13660,"samplingBit":16,"channelCount":1,"samplingRate":"16kHz","audioPath":"/Mock/07.ProductionManufacturing/Male/Experienced/ckmk_q_mm_m_e_287753.wav"},"answer":{"fileFormat":"wav","fileSize":3164878,"duration":98900,"samplingBit":16,"channelCount":1,"samplingRate":"16kHz","audioPath":"/Mock/07.ProductionManufacturing/Male/Experienced/ckmk_a_mm_m_e_287753.wav"}}}