{"version":"1.0","dataSet":{"info":{"date":"20230116","occupation":"MM","channel":"MOCK","place":"ONLINE","gender":"MALE","ageRange":"45-54","experience":"EXPERIENCED"},"question":{"raw":{"text":"이전 직장을 그만둔 특별한 이유가 있었을까요 그리고 만약 현 직장도 같은 이유로 그만두게 될 가능성이 있다고 생각하십니까","wordCount":17},"emotion":[],"intent":[]},"answer":{"raw":{"text":"어 저 개인적으로 그럴 일은 절대로 없을 거라고 생각을 합니다. 제가 전에 다니던 직장은 뭐 사장님을 비롯해서 임원님 직장 동료분들 선배 후배 모두 아주 좋은 사람들이었습니다. 제가 전 직장을 그만두게 된 이유는 어 일 대 사장님이 뭐 건강 상의 이유로 이제 회장님으로 물러나시면서 그 자제분이 어 이 대 사장님으로 취임을 했습니다. 어 근데 이 대 사장님으로 취임한 분은 그 일 대 사장님과 좀 기업을 운영하는 것에 대한 마인드가 좀 많이 달랐습니다. 그러다 보니 어 기존에 있던 직원들을 많이 해고시키고 어 새로운 직원들을 채용을 했습니다. 그러는 과정에서 저는 저희 같은 부서에 있던 제가 모시고 있던 상사 그리고 동료 어 심지어는 부하 직원까지 어 다 회사를 그만두어야 되는 그런 상황이 발생했습니다. 저는 솔직히 어 회사에 남을려고 하면 남을 수 있었지만 어 그러지 않았습니다. 저는 그것은 옳지 않은 행동이라고 생각했고 저 역시 회사에다 건의했지만 회사에선 받아 들이지 않았고 저는 그 이유로 퇴사를 했습니다. 어 저는 제가 지금 옮기려는 이 직장을 제 이 의 어 저의 마지막 직장이라고 생각하고 있습니다. 어 저는 열심히 일할 것이며 어 누구보다도 어 많은 경험과 노하우를 쌓고 있다고 생각합니다.","wordCount":170},"emotion":[],"intent":[{"text":"","expression":"","category":"attitude"}],"summary":{"text":"일 대 사장님의 자제분이 이 대 사장님으로 취임을 하셨는데 그 분이 기업 운영에 대한 마인드가 좀 달랐던 탓에 기존에 있던 직원들을 많이 해고시키고 새로운 직원들을 채용했습니다. 그 과정에서 저희 부서에 있던 상사 그리고 동료 심지어 부하 직원까지 다 회사를 그만두어야 되는 상황이 발생했습니다. 이 직장을 마지막 직장으로 생각하고 열심히 일할 것이며 많은 경험과 노하우를 쌓고 있다고 생각합니다.","wordCount":57}}},"rawDataInfo":{"question":{"fileFormat":"wav","fileSize":361358,"duration":11290,"samplingBit":16,"channelCount":1,"samplingRate":"16kHz","audioPath":"/Mock/07.ProductionManufacturing/Male/Experienced/ckmk_q_mm_m_e_153307.wav"},"answer":{"fileFormat":"wav","fileSize":2894798,"duration":90460,"samplingBit":16,"channelCount":1,"samplingRate":"16kHz","audioPath":"/Mock/07.ProductionManufacturing/Male/Experienced/ckmk_a_mm_m_e_153307.wav"}}}