{"version":"1.0","dataSet":{"info":{"date":"20230116","occupation":"MM","channel":"MOCK","place":"ONLINE","gender":"MALE","ageRange":"55-","experience":"EXPERIENCED"},"question":{"raw":{"text":"어 지원자님이 생각하는 남들과는 다른 자신만의 경쟁력이 있는지요 그 경쟁력에 대해 설명해 주시고요 또 그 경쟁력을 키우기 위해서 그동안 어떤 노력을 해 오셨는지도 함께 설명해 주세요","wordCount":26},"emotion":[],"intent":[]},"answer":{"raw":{"text":"어 남들꽈의 다른 자신만의 경쟁력이 그 어 참 어떻게 보면 노력 뿐이겠죠. 그 경쟁력을 키우기 위해서는 어 노력을 해야 되는데요. 어 어 저는 어찌 이 보면 공부뿐이 없는 것 같습니다. 어 공부를 열심히 해서 남들보다 그 경쟁력을 높이기 위해서 어 수면 시간을 줄이고 또 나의 그 건강을 위해서 운동도 열심히 하는 그런 게 경쟁력이지 않을까 싶습니다. 어 많이 아파 봤습니다마는 지금 생각하면 어 최고의 경쟁력은 나의 몸이라고 생각을 합니다. 건강하고 어 정신적인 건강도 같이 겸해야 되겠죠. 그래서 몸과 마음이 하나가 아 돼서 이 건강한 몸과 마음이 돼 있어야지만이 그게 큰 경쟁력이지 않을까 싶습니다. 앞으로도 어 그 경쟁력을 위해 위하여 어 운동도 열심히 할 것을 에 약속 드리겠습니다.","wordCount":107},"emotion":[],"intent":[{"text":"","expression":"","category":"attitude"}],"summary":{"text":"노력만이 경쟁력을 키웁니다. 공부와 수면 시간의 축소, 건강을 위한 운동이 최고의 경쟁력입니다. 몸과 마음이 하나가 돼 있어야지만 큰 경쟁력이 있을 것입니다. 앞으로도 운동 열심히 할 것을 약속합니다.","wordCount":27}}},"rawDataInfo":{"question":{"fileFormat":"wav","fileSize":537678,"duration":16800,"samplingBit":16,"channelCount":1,"samplingRate":"16kHz","audioPath":"/Mock/07.ProductionManufacturing/Male/Experienced/ckmk_q_mm_m_e_175290.wav"},"answer":{"fileFormat":"wav","fileSize":2832398,"duration":88510,"samplingBit":16,"channelCount":1,"samplingRate":"16kHz","audioPath":"/Mock/07.ProductionManufacturing/Male/Experienced/ckmk_a_mm_m_e_175290.wav"}}}