{"version":"1.0","dataSet":{"info":{"date":"20230116","occupation":"MM","channel":"MOCK","place":"ONLINE","gender":"MALE","ageRange":"45-54","experience":"EXPERIENCED"},"question":{"raw":{"text":"이전 직장이나 대학에서 지원자가 어떤 프로젝트를 해봤는지 그것에 대해 한번 말씀해 주실 수 있습니까","wordCount":14},"emotion":[],"intent":[]},"answer":{"raw":{"text":"저는 이전 직장에서 어 물건을 옮겨서 다음 공정으로 옮길 때 그 과정에 대해서 어 좀 더 편리하게 수월하게 옮길 수 있는 방법이 없는가에 대한 프로젝트를 진행해 본 경험이 있습니다. 제가 지난 예전에 다니던 직장은 어 제품이 나오면 그것을 다음 공정으로 넘기는데 이 제품 자체가 워낙 덩치가 크다 보니 이 옮기는 데 뭐 직원이 두 명 세 명이 달라붙어야 겨우 옮길 수 있을 뿐만 아니라 그렇게 한 번 옮기고 나면 너무 힘이 들어 가지고 어 몹시 지치는 이런 일이 계속 발생했습니다. 어 저는 그때 이것을 꼭 사람이 옮겨야 되냐 하는 것에 생각을 해 왔고 어 작업장 내가 그렇게 넓은 공간이 아니었기 때문에 뭐 지게차라든지 다른 거는 들어올 수가 없는 상황이었습니다. 그때 저는 예전에 제가 외국 그 공장에 견학을 갔을 때 봤던 생 기억 아이디어 하나 떠올랐습니다. 그곳은 어 자동차 어 좀 그 외관을 합판하는 공장이었는데 그곳은 천장에다 레일을 달아 가지고 그 레일을 이용해서 좀 더 수월하게 옮기는 과정을 봤습니다. 어 저는 그것을 즉시 아이디어로 냈고 우리 회사에서도 어 천정에 공간이 충분해 가지고 어 천장에다 레일을 달아서 어 효과적으로 제품을 다음 공정으로 옮기는 것을 수행해 본 경험이 있습니다.","wordCount":176},"emotion":[],"intent":[{"text":"","expression":"","category":"attitude"}],"summary":{"text":"물건을 옮겨서 다음 공정으로 옮길 때 더 편리하게 수월하게 옮길 수 있는 방법이 없는가에 대한 프로젝트를 진행해 본 경험이 있습니다. 예전에 직장에서 제품이 나오면 그것을 다음공정으로 넘기는데 제품이 워낙 커서 직원이 두 명 세 명이 붙어야 옮길 수 있을 뿐만 아니라 한번 옮기고 나면 너무 힘이 들어 아주 지쳤습니다. 그래서 제가 외국 견학을 갔을 때 했던 아이디어가 떠올랐습니다.","wordCount":58}}},"rawDataInfo":{"question":{"fileFormat":"wav","fileSize":373838,"duration":11680,"samplingBit":16,"channelCount":1,"samplingRate":"16kHz","audioPath":"/Mock/07.ProductionManufacturing/Male/Experienced/ckmk_q_mm_m_e_153305.wav"},"answer":{"fileFormat":"wav","fileSize":2858958,"duration":89340,"samplingBit":16,"channelCount":1,"samplingRate":"16kHz","audioPath":"/Mock/07.ProductionManufacturing/Male/Experienced/ckmk_a_mm_m_e_153305.wav"}}}