{"version":"1.0","dataSet":{"info":{"date":"20230116","occupation":"MM","channel":"MOCK","place":"ONLINE","gender":"MALE","ageRange":"55-","experience":"EXPERIENCED"},"question":{"raw":{"text":"만약 본인이 상사가 회사의 이익에 반하는 행동을 직접 목격하게 되었습니다 그때 어떻게 행동하실 건가요","wordCount":14},"emotion":[],"intent":[]},"answer":{"raw":{"text":"회사 생활을 하게 되면 어 상사분들이 있고 잘 리드를 하고 어 그러시는 분들이 많이 있습니다만은 또 어 생각이 또 틀릴 상사하고는 이익에 반하는 행동을 하는 경우가 있습니다. 그러면 저는 어 무조건 회사 생활에서는 반하는 행동 하게 되면 저는 어 무조건 어 임원이나 씨이오에게 어 그런 부분을 에 상사에 그런 반하는 부분을 어 보고을 할 것 같습니다. 어 그래서 어 거기에서 어 상사가 뉘우치고 다시 다른 행동을 한다라는 어 씨이오도 용서를 하겠지만 어 지속적으로 어 그런 일이 발생된다라면 회사의 루 로가 되기 때문에 항상 어 삼 사의 그 반한 회사 이익에 반하는 행동을 하는 사람은 어 그 용서를 못 합니다. 그리고 한 번 그 반하는 행동을 하게 되면 어 반성을 해도 아 그 꼭 인제가 돼서 그 상사는 어 씨이오에게 보고를 어 해서 어 내보내는 그런 방법을 찾겠습니다.","wordCount":127},"emotion":[],"intent":[{"text":"","expression":"","category":"attitude"}],"summary":{"text":"회사 생활을 하게 되면 생각이 또 틀릴 상사하고는 이익에 반하는 행동을 하는 경우가 있습니다. 이에 상사가 뉘우치고 다시 다른 행동을 한다는 어 씨이오도 용서를 하겠지만, 지속적으로 그런 일이 발생된다면 회사의 루 로가 되기 때문에 항상 반하는 행동을 하면 용서를 못 합니다.","wordCount":41}}},"rawDataInfo":{"question":{"fileFormat":"wav","fileSize":348238,"duration":10880,"samplingBit":16,"channelCount":1,"samplingRate":"16kHz","audioPath":"/Mock/07.ProductionManufacturing/Male/Experienced/ckmk_q_mm_m_e_184158.wav"},"answer":{"fileFormat":"wav","fileSize":2879118,"duration":89970,"samplingBit":16,"channelCount":1,"samplingRate":"16kHz","audioPath":"/Mock/07.ProductionManufacturing/Male/Experienced/ckmk_a_mm_m_e_184158.wav"}}}