{"version":"1.0","dataSet":{"info":{"date":"20230116","occupation":"MM","channel":"MOCK","place":"ONLINE","gender":"MALE","ageRange":"35-44","experience":"EXPERIENCED"},"question":{"raw":{"text":"지원자께서 만약 우리 회사에 입사하게 된다면은 가장 가고 싶은 부서와 그리고 왜 가고 싶어 하는지 그 이유 또한 함께 설명하여 주시길 바랍니다","wordCount":22},"emotion":[],"intent":[]},"answer":{"raw":{"text":"가장 꼭 가보고 싶은 부서는 바로 기술 지원 및 마케팅 부서입니다. 저는 대학교 때부터 전자 공학을 전공하여 전자 및 공학 또는 네트워크에 대한 전문 지식을 많이 갖췄습니다. 대학교 사 년 내내 피씨방 및 피씨 조립을 하는 회사를 아르바이트로 다녀서 컴퓨터나 네트워크 데이터 서버에 대한 지식이 풍부합니다. 그래서 기술 지원 팀에 들어가서 회사의 기술 지원 서비스 및 고객에게 많은 서비스를 제공할 수 있습니다. 두 번째는 제가 온라인 마케팅 아르바이트를 통해서 온라인 마케팅 디지털 마케팅에 대한 전문 지식을 오랫동안 쌓았습니다. 특히 에스엔에스 페이스북 인스타 유투브를 통해서 어떻게 고객에게 광고를 노출하고 고객에게 판매 소구점을 찾는지에 대해서도 많이 공부하고 연구하여 남들보다 확실한 광고 시스템을 운영할 수가 있습니다. 그래서 저는 기술 지원 및 마케팅을 함께 할 수 있는 서비스 전략이나 서비스 정책 부서에 가는 것이 저에게는 꿈이고 가장 필요할 것 같습니다.","wordCount":126},"emotion":[],"intent":[{"text":"저는 대학교 때부터   전자 공학을 전공하여 전자 및 공학 또는 네트워크에 대한 전문 지식을 많이 갖췄습니다.","expression":"c_private","category":"background"},{"text":"대학교 사 년 내내 피씨방 및 피씨 조립을 하는 회사를 아르바이트로 다녀서   컴퓨터나 네트워크 데이터 서버에 대한 지식이 풍부합니다.","expression":"c_private","category":"background"}],"summary":{"text":"가장 가보고 싶은 부서는 기술 지원 및 마케팅 부서입니다. 저는 대학교 때부터 전자 공학을 전공하고, 아르바이트로 컴퓨터나 네트워크 데이터 서버에 대한 지식이 풍부합니다. 또 온라인 마케팅 아르바이트를 통해서 온라인 마케팅에 대한 전문 지식을 쌓아, 남들보다 확실한 광고 시스템을 운영할 수 있습니다.","wordCount":41}}},"rawDataInfo":{"question":{"fileFormat":"wav","fileSize":496718,"duration":15520,"samplingBit":16,"channelCount":1,"samplingRate":"16kHz","audioPath":"/Mock/07.ProductionManufacturing/Male/Experienced/ckmk_q_mm_m_e_182375.wav"},"answer":{"fileFormat":"wav","fileSize":2335438,"duration":72980,"samplingBit":16,"channelCount":1,"samplingRate":"16kHz","audioPath":"/Mock/07.ProductionManufacturing/Male/Experienced/ckmk_a_mm_m_e_182375.wav"}}}