{"version":"1.0","dataSet":{"info":{"date":"20230116","occupation":"MM","channel":"MOCK","place":"ONLINE","gender":"MALE","ageRange":"55-","experience":"EXPERIENCED"},"question":{"raw":{"text":"지원자님께서는 평소에 개인 작업과 같은 활동을 많이 하시는 편인지 궁금합니다 그와 같은 개인 작업을 많이 하시는 편이라고 한다면 그렇게 할 수 있는 원동력은 무엇이라고 생각하시는지도 얘기해 주세요","wordCount":27},"emotion":[],"intent":[]},"answer":{"raw":{"text":"어 요즘 뭐 시기가 아 또 어 코로나로 인해서 재택 근무도 많이 하고 또는 어 또 어 대구가 어 어 밀접한 접촉 또 모임을 할 수 없는 일이 많이 발생이 되기 때문에 어 저는 평소에 개인작업을 많이 하는 편 입니다. 어 그것은 이제 개인 작업을 하게 되면 아이들도 어 회사에 도움도 많이 되고 또 여러 모로 그 나의 발전도 되고 그래서 많이 하고 있고요. 어 그렇게 할 수 있는 원동력은 운동이라고 생각을 합니다. 우리가 건강한 몸과 어 또 신체를 가지고 있기 때문에 그기에 따르는 또 원동력이 생각 것 같습니다. 그리고 또 개인 작업을 하게 되면 저는 즐겁고 행복한 일이 많이 발생 된 것 같아서 에 거기에서 개인적으로는 원동력을 많이 찾은 것 같고요. 어 또 제 나름대로 어 원동력을 찾을려고 운동을 많이 한다는 말씀을 드리겠습니다.","wordCount":124},"emotion":[],"intent":[{"text":"","expression":"","category":"attitude"}],"summary":{"text":"코로나 때문에 재택 근무나 밀접한 접촉, 모임을 할 수 없는 일이 많이 발생하기 때문에 저는 개인작업을 많이 합니다. 이는 회사에 도움도 되고 발전도 되기 때문입니다. 이렇게 할 수 있는 원동력은 운동이며, 거기에 따르는 원동력이 있을 것입니다.","wordCount":36}}},"rawDataInfo":{"question":{"fileFormat":"wav","fileSize":629198,"duration":19660,"samplingBit":16,"channelCount":1,"samplingRate":"16kHz","audioPath":"/Mock/07.ProductionManufacturing/Male/Experienced/ckmk_q_mm_m_e_183935.wav"},"answer":{"fileFormat":"wav","fileSize":2946958,"duration":92090,"samplingBit":16,"channelCount":1,"samplingRate":"16kHz","audioPath":"/Mock/07.ProductionManufacturing/Male/Experienced/ckmk_a_mm_m_e_183935.wav"}}}