{"version":"1.0","dataSet":{"info":{"date":"20230116","occupation":"MM","channel":"MOCK","place":"ONLINE","gender":"MALE","ageRange":"35-44","experience":"EXPERIENCED"},"question":{"raw":{"text":"만약에 일을 하던 중에 직무가 본인의 적성에 맞지 않는다는 걸 알게 되면 어떻게 하시겠습니까 아 본인의 그 상황을 가정하고 말씀을 해 주시기 바랍니다","wordCount":23},"emotion":[],"intent":[]},"answer":{"raw":{"text":"하던 업무를 몇 개월 정도 한 후에 제가 이 업무가 적성에 맞지 않는지 있는지를 평가부터 해야 합니다. 예를 들어 입사한 지 한 두 달 두 세 달 만에 이 업무가 죽어도 맞지 않는 것 같다 라고 하는 것은 좀 성급한 판단이라고 생각합니다. 왜냐하면 회사의 업무는 대부분 다 비슷하거나 서로 유기적으로 연결돼 있기 때문에 제가 지금 하고 있는 업무가 저한테 맞지 않은 것 같지만 실제로 육 개월 일 년을 하다보면 오히려 저한테 더 잘 맞거나 요기서 저한테 더 잘 맞는 적성을 판단할 수가 있습니다. 하지만 단순히 입사하고 한 두 달 두 세 달 안에 내가 이 업무에 능숙함이 부족하거나 아니면 효율성이 안 나오니까 단순히 현실을 도피하고자 이 업무가 맞지 않다고 하는 것은 본인한테 오히려 더 마이너스 요소가 될 것이라고 봅니다. 육 개월에서 일 년을 열심히 했고 어느 정도 성과도 냈는데 도저히 이 업무는 자기의 적성과 맞지 않는다고 하면 그때는 직장 상사 또는 팀 매니저 대표 이사에게 정확히 보고를 해서 보직 순환을 할 수 있는 방법을 이야기해 봐야 됩니다. 예를 들어 대표님 제가 일 년 동안 이 업무를 하면서 성과도 내고 업무에 대한 향상도 탁월하게 내었지만 실제적으로 저는 이 업무가 저에게 너무 맞지 않습니다 라고 하면서 다른 부서에서 일을 잘 할 수 있게끔 협해 달라고 하는 것입니다.","wordCount":195},"emotion":[],"intent":[{"text":"","expression":"","category":"attitude"}],"summary":{"text":"업무가 적성에 맞지 않는다면 직장 상사 또는 팀 매니저 대표 이사에게 정확히 보고해서 보직 순환을 할 수 있는 방법을 이야기해 봐야 합니다. 예를 들어 대표님 제가 일 년 동안 이 업무를 하면서 성과도 내고 업무에 대한 향상도 탁월하게 내었지만 실제적으로 맞지 않는다고 하면서 다른 부서에서 일을 잘 할 수 있게 협조해 달라고 하는 것입니다.","wordCount":54}}},"rawDataInfo":{"question":{"fileFormat":"wav","fileSize":461198,"duration":14410,"samplingBit":16,"channelCount":1,"samplingRate":"16kHz","audioPath":"/Mock/07.ProductionManufacturing/Male/Experienced/ckmk_q_mm_m_e_165839.wav"},"answer":{"fileFormat":"wav","fileSize":2780878,"duration":86900,"samplingBit":16,"channelCount":1,"samplingRate":"16kHz","audioPath":"/Mock/07.ProductionManufacturing/Male/Experienced/ckmk_a_mm_m_e_165839.wav"}}}