{"version":"1.0","dataSet":{"info":{"date":"20230116","occupation":"MM","channel":"MOCK","place":"ONLINE","gender":"MALE","ageRange":"35-44","experience":"EXPERIENCED"},"question":{"raw":{"text":"얼마 전에 구급대원이 주취자에게 폭행을 당해서 순직하는 일이 있었습니다 어 이러한 사건에 대해서 평소에 지원자님께서는 어떤 상품을 가지고 계시는지 말씀해 주시면 좋겠습니다","wordCount":22},"emotion":[],"intent":[]},"answer":{"raw":{"text":"저는 입법부나 사법부에서 강력한 법을 제정해서 집행해야 된다고 생각합니다. 일 일 구 구 급대원들은 상시 이십 사 시간 사시 사철 어려운 사람들에게 도움을 주기 위해서 많은 노력을 합니다. 특히나 자기가 좋아서 마신 술을 그들한 사람들을 도와주기 위해서 그렇게 출동을 했는데 자기가 술에 취해서 사람들을 그렇게 때리고 나중에 기억 안 난다고 법정에서 말을 바꾸면 결국은 피해는 구급대원들이 받게 돼 있습니다. 우리나라는 법이 너무 약해서 술 먹고 이상한 행동을 하거나 범죄를 저지르면 나중에 법정에서 자기 나름의 유리한 진술을 할 수 있는 법이 있습니다. 술 먹고 기억이 안 난다 심심 미약이다 제가 내가 때렸는지 맞았는지 저 기억이 안 난다고 하면 미국과 미국이나 유럽에서는 이렇게 폭행 사건이 일어나거나 주취자가 함부로 행동하면 강력한 법 집행이나 수천만 원의 과태료를 통해서 다시는 그렇게 못 하게 되는데 우리나라는 오히려 남을 돕는 공직자 공무원 경찰 공무원 또는 구급대원들이 이렇게 피해를 보고 거기서 참고 맞아 죽어서 어디 누군가에게 제대로 된 보상도 못 받는 그런 시스템입니다. 이거는 나라 자체에서 입법부 사법부들이 먼저 움직여야 되고 엄청난 과징금 및 과태료를 물어야 되며 앞으로는 이런 일이 없도록 미연에 방지해야 될 것입니다.","wordCount":167},"emotion":[],"intent":[{"text":"저는 입법부나 사법부에서 강력한 법을 제정해서 집행해야 된다고 생각합니다.","expression":"c_value","category":"background"}],"summary":{"text":"119구급대원들은 어려운 사람들에게 도움을 주기 위해서 많은 노력을 하는데 우리나라는 법이 너무 약해서 범죄를 저지르면 법정에서 자기 나름의 유리한 진술을 할 수 있는 법이 있습니다. 미국과 유럽에서는 이렇게 폭행 사건이 일어나거나 주취자가 함부로 행동하면 강력한 법 집행이나 수천만 원의 과태료를 통해 다시는 그렇게 못 하게 되는데 우리나라는 그렇게 해서 미연에 방지해야 될 것입니다.","wordCount":53}}},"rawDataInfo":{"question":{"fileFormat":"wav","fileSize":558798,"duration":17460,"samplingBit":16,"channelCount":1,"samplingRate":"16kHz","audioPath":"/Mock/07.ProductionManufacturing/Male/Experienced/ckmk_q_mm_m_e_196094.wav"},"answer":{"fileFormat":"wav","fileSize":2784718,"duration":87020,"samplingBit":16,"channelCount":1,"samplingRate":"16kHz","audioPath":"/Mock/07.ProductionManufacturing/Male/Experienced/ckmk_a_mm_m_e_196094.wav"}}}