{"version":"1.0","dataSet":{"info":{"date":"20230116","occupation":"MM","channel":"MOCK","place":"ONLINE","gender":"MALE","ageRange":"35-44","experience":"EXPERIENCED"},"question":{"raw":{"text":"네 이전에 직장을 그만두셨던 특별한 이유가 있었는지요 어 그 이유가 어떤 것인지 설명해 주시고 또 지금의 직장도 같은 이유로 그만두실 가능성이 있는지도 말씀해 주시기 바랍니다","wordCount":25},"emotion":[],"intent":[]},"answer":{"raw":{"text":"이전 직장을 그만둔 가장 큰 이유는 두 가지 입니다. 사람들이 너무 직장에 오래 다니다 보니까 발전을 하려거나 변화를 하려고 하지 않는 타성에 젖은 모습들입니다. 그런 모습들 때문에 사업부에 발전이 없고 사업부에 발전이 없다 보니 매출은 매년 하락하는 수준이었습니다. 그리고 매출이 매년 하락하다 보니까 진급이 안되고 월급이 높아지지 않았습니다. 가장 큰 문제는 노력하지 않는 사람들이 너무 따박따박 공무원처럼 월급만 받다 보니 굳이 노력할 필요를 못 느끼는 것입니다. 그래서 전 직장을 그만뒀는데 만약 현 직장도 이렇게 타성에 젖어 있거나 아니면 회사 자체 내에서 새로운 비전 또는 새로운 먹거리에 대해서 고민을 하지 않는 곳이라면 저는 과감하게 퇴사할 수도 있을 것 같습니다. 하지만 현 회사는 새로운 비전을 제시하고 새로운 먹거리인 빅데이터 인공지능 머신 러닝 자율 주행에 대해서 특화된 회사이기 때문에 이런 사업부는 앞으로 오십 년 백 년 간 계속 지속되고 발전될 것이라고 생각하기 때문에 굳이 그만둘 이유는 없을 것 같습니다.","wordCount":136},"emotion":[],"intent":[{"text":"","expression":"","category":"attitude"}],"summary":{"text":"이전 직장을 그만둔 가장 큰 이유는 타성에 젖은 모습이 많아 매출이 매년 하락하는 수준이었고, 진급과 월급도 높아지지 않았기 때문입니다. 현 직장도 새로운 비전이나 먹거리에 대해 고민하지 않는다면 과감하게 퇴사할 수 있지만, 현 회사는 새로운 비전을 제시하고 새로운 먹거리에 대해서 특화된 회사이므로 굳이 그만둘 이유는 없을 것 같습니다.","wordCount":47}}},"rawDataInfo":{"question":{"fileFormat":"wav","fileSize":558798,"duration":17460,"samplingBit":16,"channelCount":1,"samplingRate":"16kHz","audioPath":"/Mock/07.ProductionManufacturing/Male/Experienced/ckmk_q_mm_m_e_177631.wav"},"answer":{"fileFormat":"wav","fileSize":2388238,"duration":74630,"samplingBit":16,"channelCount":1,"samplingRate":"16kHz","audioPath":"/Mock/07.ProductionManufacturing/Male/Experienced/ckmk_a_mm_m_e_177631.wav"}}}