{"version":"1.0","dataSet":{"info":{"date":"20230116","occupation":"MM","channel":"MOCK","place":"ONLINE","gender":"MALE","ageRange":"35-44","experience":"EXPERIENCED"},"question":{"raw":{"text":"어 지원자님께서 만약에 게임 속 캐릭터가 될 수 있다고 가정을 해 보겠습니다 그렇다면 어떤 게임에서 어떤 역할을 맡아서 수행하고 싶으신지 말씀해 주시길 바랍니다","wordCount":23},"emotion":[],"intent":[]},"answer":{"raw":{"text":"제가 게임 속 캐릭터라면 저는 전지전능한 마법사가 되고 싶습니다. 마법사는 중간중간 필요한 어떤 물건이나 도구들 또는 무기들을 만들거나 우리 편이나 남의 편이 목숨이 위태로울때 그들에게 물약을 줘서 생명을 연장할 수 있게 합니다. 때로는 내가 공간 이동이나 시간 이동을 통해서 가고 싶은 것 또는 원하는 데로 갈 수도 있습니다. 현실에선 이렇게 할 수 없기 때문에 내가 마법사가 되어 어려운 사람들에게 많은 도움을 주고 어떻게 하면 저들이 지금 겪고 있는 문제점을 해결할 수 있을까 어떻게 하면 저들에게 도움이 되어 저들이 고통을 겪게 하지 않을까 라는 것이 마법사의 가장 큰 특징입니다. 때로는 마법사에 좋은 기술을 가지고 나쁜 것에 활용하기도 하지만 저는 좋은 마법사가 되어 많은 사람들에게 혜택을 주고 싶습니다.","wordCount":106},"emotion":[],"intent":[{"text":"","expression":"","category":"attitude"}],"summary":{"text":"저는 게임 속 캐릭터라면 전지전능한 마법사가 되고 싶습니다. 중간중간 필요한 물건이나 도구들 또는 무기들을 만들거나 우리 편이나 남의 편이 생명이 위태로울때 그들에게 물약을 줘서 생명을 연장할 수 있게 합니다. 좋은 기술 가지고 나쁜 것에 활용하기도 하지만 좋은 마법사가 되겠습니다.","wordCount":39}}},"rawDataInfo":{"question":{"fileFormat":"wav","fileSize":527438,"duration":16480,"samplingBit":16,"channelCount":1,"samplingRate":"16kHz","audioPath":"/Mock/07.ProductionManufacturing/Male/Experienced/ckmk_q_mm_m_e_196100.wav"},"answer":{"fileFormat":"wav","fileSize":1740238,"duration":54380,"samplingBit":16,"channelCount":1,"samplingRate":"16kHz","audioPath":"/Mock/07.ProductionManufacturing/Male/Experienced/ckmk_a_mm_m_e_196100.wav"}}}