{"version":"1.0","dataSet":{"info":{"date":"20230116","occupation":"MM","channel":"MOCK","place":"ONLINE","gender":"MALE","ageRange":"35-44","experience":"EXPERIENCED"},"question":{"raw":{"text":"만약 지원자님이 지금 지원하신 이 직무가 아니라 다른 부서에 배치되게 된다면 어떻게 하실 것인가요 그래도 괜찮으실까요","wordCount":16},"emotion":[],"intent":[]},"answer":{"raw":{"text":"어 제가 아 맡은 하던 일을 통해서 그런 경험을 갖고 지금 업무를 지원하기 하고 싶고 또 배우고 싶어서 지금 지원하게 되었는데 내가 원하지 않던 직무가 아니더라도 다른 부서에 배치가 된다면 뭐 전혀 문제가 될 거 없을 것 같습니다. 그러면 새로운 걸 하고 싶고 새로운 걸 또 배우고 싶은 마음에 지금 이 회사를 지원했기 때문에 어떤 일을 맡아 준다 하더라도 또 계속 그 일만 하는 게 아니지 않습니까. 그 외적인 일들을 또 한 일 년 이 년 지나 하면 또 부서 이동을 하게 되고 또 배우는 일이 만들어질 건데 그런 경험들이 다 갖춰져야 상급 단계 승진이라는 것도 경험할 수 있는 걸 알기 때문에 어 새로운 일을 맡아 준다. 새로운 일을 너에게 어 부여했다. 이것은 저에 대한 기대도 있기 때문에 그것을 잘 활용해서 어떤 부서 어떠한 업무를 주더라도 그거에 맡은 자기의 노력과 자기의 의지 자기의 자세를 통한 그것들로 인해서 충분히 극복하고 또 성과를 이뤄낼 수 있다고 생각하고 있습니다. 그래서 전혀 뭐 문제가 되지 않을 것 같습니다. 이상입니다.","wordCount":155},"emotion":[],"intent":[{"text":"","expression":"","category":"attitude"}],"summary":{"text":"어떤 일을 맡아 준다고 하더라도 계속 그 일만 하는 게 아니고, 그 외적인 일들을 또 한 일 년 이 년 지나면 또 부서 이동을 하게 되고 또 배우는 일이 만들어질 텐데 그런 경험들이 다 갖춰져야 상급 단계 승진이라는 것도 경험할 수 있는 걸 알기 때문에 새로운 일을 맡겨 줍니다. 이것을 잘 활용해서 성과를 이뤄낼 수 있다고 생각합니다.","wordCount":57}}},"rawDataInfo":{"question":{"fileFormat":"wav","fileSize":403278,"duration":12600,"samplingBit":16,"channelCount":1,"samplingRate":"16kHz","audioPath":"/Mock/07.ProductionManufacturing/Male/Experienced/ckmk_q_mm_m_e_192002.wav"},"answer":{"fileFormat":"wav","fileSize":2687118,"duration":83970,"samplingBit":16,"channelCount":1,"samplingRate":"16kHz","audioPath":"/Mock/07.ProductionManufacturing/Male/Experienced/ckmk_a_mm_m_e_192002.wav"}}}