{"version":"1.0","dataSet":{"info":{"date":"20230116","occupation":"MM","channel":"MOCK","place":"ONLINE","gender":"MALE","ageRange":"55-","experience":"EXPERIENCED"},"question":{"raw":{"text":"지원자님께서는 식스 시그마에 대해 최대한 자세하게 설명해 주시겠습니까 다양한 예시와 비교를 사용해도 어 괜찮겠습니다 부탁드리겠습니다","wordCount":15},"emotion":[],"intent":[]},"answer":{"raw":{"text":"어 육 시그마는 아 일반적으로 불량률을 일정 수치 이하로 운영하기 위한 품질 프로세스 개선입니다. 어 단순히 불량률을 낮추자 라는 운동이 아니라 아 육 시그마라는 것은 구체적인 목표를 어 기반으로 공정을 개선해 나가는 것이라고 말씀드릴 거 같습니다. 기업에서 전략적으로 어 완벽에 가까운 제품이나 서비스를 개발하고 제공하려는 목적으로 적립된 품질 경영 기법 또는 철약으로써 기업 또는 조직 내의 다양한 문제를 어 구체적으로 정의하고 현재 수준을 계량화하고 평가한 다음 개선하고 이를 유지 관리하는 경업 기법이라고 어 말씀드릴 수 있습니다. 항상 어 불량률을 낮추는 데 중점을 둬야지 어 회사도 어 성장할 수도 있고요 앞으로 또 발전이 된다고 생각을 합니다. 불량률이 높게 되면 항상 소비자들하고으 관계에서도 어 굉장히 에 또 불편 불 불 불평 등이 많이 있기 때문에 그런 부분에 대해서 어 굉장히 신경을 회사에서도 많이 써야 되고요. 개인적으로도 어 또 그런 부분이 있으면 어 영업에 판매하는 데 굉장히 또 문제가 많지 않을까 이런 생각을 해 봅니다.","wordCount":142},"emotion":[],"intent":[{"text":"어 육 시그마는 아 일반적으로 불량률을 일정 수치 이하로 운영하기 위한 품질 프로세스 개선입니다.","expression":"f_prod_plan","category":"technology"},{"text":"어 단순히 불량률을 낮추자 라는 운동이 아니라 아 육 시그마라는 것은 구체적인 목표를 어 기반으로 공정을 개선해 나가는 것이라고 말씀드릴 거 같습니다.","expression":"f_prod_plan","category":"technology"},{"text":"기업에서 전략적으로 어 완벽에 가까운 제품이나 서비스를 개발하고 제공하려는 목적으로 적립된 품질 경영 기법 또는 철약으로써 기업 또는 조직 내의 다양한 문제를 어 구체적으로 정의하고 현재 수준을 계량화하고 평가한 다음 개선하고 이를 유지 관리하는 경업 기법이라고 어 말씀드릴 수 있습니다.","expression":"f_prod_plan","category":"technology"}],"summary":{"text":"육 시그마란 일반적으로 불량률을 일정 수치 이하로 운영하기 위한 품질 프로세스 개선으로, 구체적 목표를 기반으로 공정을 개선해 나가는 것입니다. 품질 경영 기법 또는 철약으로써 기업 또는 조직 내의 다양한 문제를 구체적으로 정의하고 현재 수준을 계량화하고 평가한 다음 개선하고 이를 유지 관리하는 경업 기법입니다.","wordCount":43}}},"rawDataInfo":{"question":{"fileFormat":"wav","fileSize":458958,"duration":14340,"samplingBit":16,"channelCount":1,"samplingRate":"16kHz","audioPath":"/Mock/07.ProductionManufacturing/Male/Experienced/ckmk_q_mm_m_e_237710.wav"},"answer":{"fileFormat":"wav","fileSize":3575758,"duration":111740,"samplingBit":16,"channelCount":1,"samplingRate":"16kHz","audioPath":"/Mock/07.ProductionManufacturing/Male/Experienced/ckmk_a_mm_m_e_237710.wav"}}}