{"version":"1.0","dataSet":{"info":{"date":"20230116","occupation":"MM","channel":"MOCK","place":"ONLINE","gender":"MALE","ageRange":"35-44","experience":"EXPERIENCED"},"question":{"raw":{"text":"몇 년 전 우버 택시에 관한 논란이 있었던 걸 알고 계실 겁니다 지원자께서는 찬반 양론에 대해 각각 어떻게 생각하시나요 본인의 의견을 말씀해 주세요","wordCount":23},"emotion":[],"intent":[]},"answer":{"raw":{"text":"우버 택시는 무조건 찬성입니다. 왜냐하면 기존의 택시 기사들의 얌체 운행 또는 자기가 필요에 의한 운행만 하는 것 때문에 새벽이나 밤에 정작 필요한 시민들의 발을 볼모로 그들이 항상 줄다리기 논쟁을 해왔습니다. 특별히 자신들이 희생을 할 의지도 없고 열심히 하지도 않으면서 우버 택시 및 타다 같은 공유 택시 플랫폼 서비스를 굉장히 반대하고 자신들의 밥줄이 끊긴다고 생각하는데 저는 이 택시 기사들이 우버 택시 및 타다로 넘어오든 아니면 공익 플랫폼 서비스를 이용해서 같이 상생할 수 있는 방안을 마련하는 것이 맞다고 생각합니다. 왜냐면 밤 열 시 이후에 강남이나 신촌 같은 번화가에서는 지근거리 약 만 원에서 만 오천 원 내외의 거리에 예 승객은 태우질 않습니다. 당연히 카카오 콜이라든가 일반 콜택시도 만 원이나 만 이천 원 정도의 금액에 해당하는 거리는 아예 예약을 할 수가 없습니다. 즉 자신이 생각했을 때 새벽에 최소한 몇 만 원 이상이 되는 거리만 운행을 하겠다는 것은 결국 시민들로 하여금 비싼 돈을 내지 않은 사람은 새벽에 택시를 이용할 수 없다 라는 것입니다. 이런 우버 택시라든가 공유 플랫폼 서비스를 통해서 모든 사람들이 혜택을 누릴 수 있게끔 해야 됩니다. 저는 무조건적인 찬성입니다.","wordCount":166},"emotion":[],"intent":[{"text":"","expression":"","category":"attitude"}],"summary":{"text":"기존 택시 기사들은 얌체 운행 또는 필요에 의한 운행만 하는 것 때문에 새벽이나 밤에 정작 필요한 시민들의 발을 볼모로 항상 줄다리기 논쟁을 해왔습니다. 우버 택시나 공유 플랫폼 서비스를 통해서 모든 사람들이 혜택을 누릴 수 있게 해야 됩니다. 우버 택시는 무조건 찬성입니다.","wordCount":41}}},"rawDataInfo":{"question":{"fileFormat":"wav","fileSize":596558,"duration":18640,"samplingBit":16,"channelCount":1,"samplingRate":"16kHz","audioPath":"/Mock/07.ProductionManufacturing/Male/Experienced/ckmk_q_mm_m_e_164800.wav"},"answer":{"fileFormat":"wav","fileSize":2749518,"duration":85920,"samplingBit":16,"channelCount":1,"samplingRate":"16kHz","audioPath":"/Mock/07.ProductionManufacturing/Male/Experienced/ckmk_a_mm_m_e_164800.wav"}}}