{"version":"1.0","dataSet":{"info":{"date":"20230116","occupation":"MM","channel":"MOCK","place":"ONLINE","gender":"MALE","ageRange":"55-","experience":"EXPERIENCED"},"question":{"raw":{"text":"지원자님께서는 본인이 교번 근무에 잘 적응할 수 있다고 생각하시나요 그렇다고 생각하시면 그 근거도 함께 말씀해 주세요","wordCount":16},"emotion":[],"intent":[]},"answer":{"raw":{"text":"어 저는 어 항상 그 교번 근무는 어 회사를 운영하는 있어서 필수적이라고 생각을 합니다. 그래서 어 그런 교번 근무에 대해서는 잘 적응할 수 있다고 생각을 하고요. 어 저는 항상 그 어 몸에 베어 있습니다. 군대 삼 년 하면서도 어 교대 근무를 많이 해봤고 또 교번 근무을 어 잘 적응 할려면 에 또 여러 가지 또 그분들하고 소통도 잘 돼야 교번 근무도 잘 된다고 생각을 해서 어 저는 어 자신이 있습니다. 그 그래서 여러 가지로 어 또 자세도 돼 있고 어 또 에 많은 경험이 있어서 에 이 교번 근무에 대해서는 어 스트레스를 안 받고 어 또 어 항상 어 철두 철미하게 어 시간 약속 잘 지켜서 그 열심히 할 것 같습니다. 그래서 교번 근무을 잘 적용할 수 있다 라고 생각합니다.","wordCount":120},"emotion":[],"intent":[{"text":"어 저는 어 항상 그 교번 근무는 어 회사를 운영하는 있어서 필수적이라고 생각을 합니다.","expression":"f_shift","category":"technology"},{"text":"군대 삼 년 하면서도 어 교대 근무를 많이 해봤고 또 교번 근무을 어 잘 적응 할려면 에 또 여러 가지 또 그분들하고 소통도 잘 돼야 교번 근무도 잘 된다고 생각을 해서 어 저는 어 자신이 있습니다.","expression":"f_shift","category":"technology"},{"text":"그 그래서 여러 가지로 어 또 자세도 돼 있고 어 또 에 많은 경험이 있어서 에 이 교번 근무에 대해서는 어 스트레스를 안 받고 어 또 어 항상 어 철두 철미하게 어 시간 약속 잘 지켜서 그 열심히 할 것 같습니다.","expression":"f_shift","category":"technology"}],"summary":{"text":"교번 근무는 회사 운영에 있어서 필수적이기 때문에 어 제가 교번 근무에 잘 적응할 수 있을 것 같습니다. 자세도 돼 있고 많은 경험이 있어서 스트레스 받지 않고 약속 잘 지켜서 열심히 할 것 같다고 생각합니다.","wordCount":34}}},"rawDataInfo":{"question":{"fileFormat":"wav","fileSize":485198,"duration":15160,"samplingBit":16,"channelCount":1,"samplingRate":"16kHz","audioPath":"/Mock/07.ProductionManufacturing/Male/Experienced/ckmk_q_mm_m_e_183942.wav"},"answer":{"fileFormat":"wav","fileSize":2840398,"duration":88760,"samplingBit":16,"channelCount":1,"samplingRate":"16kHz","audioPath":"/Mock/07.ProductionManufacturing/Male/Experienced/ckmk_a_mm_m_e_183942.wav"}}}