{"version":"1.0","dataSet":{"info":{"date":"20230116","occupation":"MM","channel":"MOCK","place":"ONLINE","gender":"MALE","ageRange":"35-44","experience":"EXPERIENCED"},"question":{"raw":{"text":"지원자님께서만 보유하고 있는 상위 일 퍼센트의 특별한 능력이 있으시다면 그 능력에 대해 자세한 설명을 부탁드리겠습니다","wordCount":15},"emotion":[],"intent":[]},"answer":{"raw":{"text":"어 저만의 그 상위 일 퍼센트의 능력이 있다면 어 저는 뭐니 뭐니 해도 제가 갖고 있는 경험과 노하우가 저만의 능력이 될 수 있을 거 같습니다. 그래서 사람들이 흔히 갖지 못한 능력 중의 하나가 저는 이제 군 생활도 간부 생활을 했고 간부 생활을 하면서 인제 사람들 간에 수많은 사람들을 겪어 갑니다. 그래서 또 이상이 있는 사람도 많이 겪어보고 또 성향이 다 틀린 사람들이 있기 때문에 어 아무리 능력이 좋고 업무력이 뛰어나다 해도 이런 사람들을 대처하는 능력이 낮게 되면은 그 업무를 아무리 잘 한다 해도 그거를 극대화시킬 수가 없습니다. 어 저는 사람들을 많이 대해본 능력 그런 인간관계 능력 이런 것들이 저만의 일 퍼센트의 능력이 되지 않을까 싶습니다. 그런 경험과 노하우를 잘 살려서 어 진행을 하게 되면은 어떤 어려운 일이 있어도 사람에게서 얻어내는 정보와 이런 것들을 포함시켜서 개인의 노력과 의지가 있다면은 어 그 거기에 적응을 하고 또 회사의 이익을 위해서 창출할 수 있는 그런 능력이 있을 거 같습니다. 이상입니다.","wordCount":146},"emotion":[],"intent":[{"text":"","expression":"","category":"attitude"}],"summary":{"text":"저만의 상위 일 퍼센트의 능력이 있다면 제가 갖고 있는 인간관계 능력, 인간관계 능력이 될 수 있을 것 같습니다. 그것을 잘 살려서 어려운 일이 있어도 사람에게서 얻어내는 정보와 개인의 노력과 의지를 가지고 그에 적응하고 회사의 이익을 위해서 창출할 수 있는 능력이 있을 거 같아 보입니다.","wordCount":44}}},"rawDataInfo":{"question":{"fileFormat":"wav","fileSize":656718,"duration":20520,"samplingBit":16,"channelCount":1,"samplingRate":"16kHz","audioPath":"/Mock/07.ProductionManufacturing/Male/Experienced/ckmk_q_mm_m_e_145764.wav"},"answer":{"fileFormat":"wav","fileSize":2735438,"duration":85480,"samplingBit":16,"channelCount":1,"samplingRate":"16kHz","audioPath":"/Mock/07.ProductionManufacturing/Male/Experienced/ckmk_a_mm_m_e_145764.wav"}}}