{"version":"1.0","dataSet":{"info":{"date":"20230116","occupation":"MM","channel":"MOCK","place":"ONLINE","gender":"MALE","ageRange":"55-","experience":"EXPERIENCED"},"question":{"raw":{"text":"저희 회사가 해외 무대로 진출하게 된다면 어디로 진출하는 것이 좋겠습니까 그 이유도 함께 말씀해 주세요","wordCount":15},"emotion":[],"intent":[]},"answer":{"raw":{"text":"회사는 항상 어 발전해야 됩니다. 어 회사는 그 자리에 머물러 있어서도 어 또 어 나태해져서도 안 된다고 생각을 하고요. 우리 회사가 해외 무대로 진출한다면 얼매나 즐거운 일이고 고무적인 일입니까. 그래서 너무 행복할 것 같습니다. 그러면 나라를 선택하고 어 해야 되는데요. 저는 중국을 선택을 하겠습니다. 중국은 어 광범위한 어 대지와 어 또는 어 많은 어 인구 이런 부분이 있기 때문에 회사에서 진출하더래도 어 또 어 어 거기에 에 시너지 효과가 아 또 그 배가 되지 않을까 생각이 들고요. 중국은 우리나라에서 굉장히 에 지형적으로 어 가깝습니다. 그래서 어 유통이라든가 어 또 시간이라든가 이런 부분을 많이 줄일 수 있고요. 어 물류에 굉장히 이 또 저렴하게 또 할 수 있는 그런 여건들이 많이 형성이 되고요. 일단은 어 중국의 에 로 진출을 하게 되면 어 또 우리의 생산성이 또 어 많이 이루어지고 또 거기에 따라서 어 회사의 그 매출이라든가 어 손익이 많이 있지 않을까 싶어서 저는 중국을 어 최대한 어 권유하고 싶습니다.","wordCount":147},"emotion":[],"intent":[{"text":"","expression":"","category":"attitude"}],"summary":{"text":"우리 회사가 해외 무대로 진출한다면 너무 행복할 것 같습니다. 저는 중국을 선택 하겠습니다. 중국은 광범위한 어 대지와 많은 인구 이런 부분이 있어서 회사에서 진출하더라도 시너지 효과가 배가 되지 않을까 생각합니다. 일단 중국의 에로 진출을 하게 되면 우리의 생산성이 많이 이루어지고 매출과 손익이 많이 있을 것입니다.","wordCount":45}}},"rawDataInfo":{"question":{"fileFormat":"wav","fileSize":340238,"duration":10630,"samplingBit":16,"channelCount":1,"samplingRate":"16kHz","audioPath":"/Mock/07.ProductionManufacturing/Male/Experienced/ckmk_q_mm_m_e_235851.wav"},"answer":{"fileFormat":"wav","fileSize":3792366,"duration":118509,"samplingBit":16,"channelCount":1,"samplingRate":"16kHz","audioPath":"/Mock/07.ProductionManufacturing/Male/Experienced/ckmk_a_mm_m_e_235851.wav"}}}