{"version":"1.0","dataSet":{"info":{"date":"20230116","occupation":"MM","channel":"MOCK","place":"ONLINE","gender":"MALE","ageRange":"-34","experience":"EXPERIENCED"},"question":{"raw":{"text":"일을 하면서 가장 어려울 것으로 예상되는 것이 있다면 그것은 무엇인가요 그리고 그 부분은 어떤 방법으로 대처하실 생각인가요","wordCount":17},"emotion":[],"intent":[]},"answer":{"raw":{"text":"어려울 것으로 예상이 되는 것은 아무래도 해보지 않은 것들을 하게 되는 것이라고 생각합니다. 물론 사람에게는 누구나가 다 처음이 있기 때문에 그러한 처음은 누구나가 다 겪는 일이고 시간이 지나면 자연스럽게 나아지는 부분이지만 처음에 그것을 접했을 때 혹시나 내가 실수를 하지 않을까 나의 실수가 다른 이에게 혹은 회사에게 피해를 주는 것은 아닐까. 그리고 내가 잘 처리를 하지 못할 수도 있다는 생각 때문에 그런 부분들이 제일 어려울 것으로 예상이 됩니다 물론 잘 처리할 수 있게끔 뭐 저의 사수가 도와준다거나 아니면 기존에 있었던 자료들이 저에게 지침이 되어서 잘 처리를 할 수 있겠지만 인간에게는 처음에 겪는 것이 아무래도 두려운 부분으로 작용을 할 것 같고 저 또한 그런 것들이 두렵지만 그럼에도 불구하고 잘 이겨낼 수 있고 이겨낼 수 있다는 그 자신감이 있고 주위에서 많이 도와줄 것이고 제가 또 도움을 청할 것이라고 생각을 하기 때문에 잘 대처할 수 있을 거라고 생각합니다.","wordCount":134},"emotion":[],"intent":[{"text":"","expression":"","category":"attitude"}],"summary":{"text":"처음에는 해보지 않은 것들을 하게 되는 것이라고 생각합니다. 처음에는 실수가 다른 이에게 혹은 회사에게 피해를 주는 것은 아닐까 하는 부분들, 처음에는 두렵지만 극복할 수 있다는 그 자신감이 있고 주위에서 많이 도와줄 것이고 제가 또 도움을 청할 것이라고 생각을 하기 때문에 잘 대처할 수 있을 것이라 생각합니다.","wordCount":46}}},"rawDataInfo":{"question":{"fileFormat":"wav","fileSize":334158,"duration":10440,"samplingBit":16,"channelCount":1,"samplingRate":"16kHz","audioPath":"/Mock/07.ProductionManufacturing/Male/Experienced/ckmk_q_mm_m_e_293245.wav"},"answer":{"fileFormat":"wav","fileSize":2925198,"duration":91410,"samplingBit":16,"channelCount":1,"samplingRate":"16kHz","audioPath":"/Mock/07.ProductionManufacturing/Male/Experienced/ckmk_a_mm_m_e_293245.wav"}}}