{"version":"1.0","dataSet":{"info":{"date":"20230116","occupation":"MM","channel":"MOCK","place":"ONLINE","gender":"MALE","ageRange":"35-44","experience":"EXPERIENCED"},"question":{"raw":{"text":"지원자님께서는 배달의민족 서비스를 사용해 보신 적이 있나요 있으시다면 서비스에서 아쉬운 점이 있었는지 있었다면 어떤 점이 아쉬웠는지 이야기해 주세요","wordCount":18},"emotion":[],"intent":[]},"answer":{"raw":{"text":"네 배달의민족 어플에 대해서 말씀드리겠습니다. 뭐 배달의민족 다들 아시다시피 우아한 형제들이라는 회사에서 만들어진 어플인데 어 이 배달의민족의 어플이 이 코로나 시대를 적응해서 굉장히 극대화 되면서 성공적으로 회사가 커졌습니다. 그런 부분을 보면서 아 이렇게 또 한 문 문화하고 한 곳을 만 지향했을 때 그렇게 회사의 발전이 있었지 않은가 싶은데 어 요즘에 와서 인제 뉴스나 이제 저도 시켜 먹어 보면서 느끼는 부분은 일단은 거기서 발전을 이루고 회사의 이익이 있었으면 어느정도 인제 베푸는 마음으로 뭐 배달비라든지 뭐 플랫폼이라든지 뭐 업주들에게 뭐 횡포를 한다든지 이런 뉴스들이 많은데 그런 것들은 이미지 관리에서 실패한 거라 생각합니다. 충분히 더 잘 될 수도 있었고 유지할 수 있었을 건데 더 큰 사업 확대라든지 욕심이 있었지 않나 그래서 인제 뭐 그 경쟁 상대인 뭐 쿠팡이라든지 요기요 이런 회사들이 치고 나오면서 많은 타격을 입지 않았나 싶습니다. 네 그런 부분들이 좀 아쉬운 거 같습니다. 이상입니다.","wordCount":133},"emotion":[],"intent":[{"text":"","expression":"","category":"attitude"}],"summary":{"text":"배달의민족은 코로나 시대에 적응하며 성공적으로 커졌습니다. 한 곳만 지향했을 때 회사의 발전이 있었을 것 같은데 최근의 뉴스들은 이미지 관리에서 실패했다고 생각합니다. 더 큰 사업 확대 등의 욕심이 있어 경쟁 상대인 쿠팡,요기요가 치고 나와 타격을 입었습니다. 이상입니다.","wordCount":36}}},"rawDataInfo":{"question":{"fileFormat":"wav","fileSize":467278,"duration":14600,"samplingBit":16,"channelCount":1,"samplingRate":"16kHz","audioPath":"/Mock/07.ProductionManufacturing/Male/Experienced/ckmk_q_mm_m_e_145769.wav"},"answer":{"fileFormat":"wav","fileSize":2688718,"duration":84020,"samplingBit":16,"channelCount":1,"samplingRate":"16kHz","audioPath":"/Mock/07.ProductionManufacturing/Male/Experienced/ckmk_a_mm_m_e_145769.wav"}}}