{"version":"1.0","dataSet":{"info":{"date":"20230116","occupation":"MM","channel":"MOCK","place":"ONLINE","gender":"MALE","ageRange":"55-","experience":"EXPERIENCED"},"question":{"raw":{"text":"지원자님이 생각하실 때 본인이 남들과는 다른 자신만의 경쟁력이 있다고 생각하십니까 남들과 다른 자신만의 경쟁력에 대해서 말씀을 해 주시고 그 경쟁력을 키우기 위해 어떤 노력을 했는지도 말씀해 주시기 바랍니다","wordCount":28},"emotion":[],"intent":[]},"answer":{"raw":{"text":"인간은 어 사회생활을 하는데요. 어 또 자신만의 또 경쟁력이 있어야죠. 어 그런 것을 어 자기들이 키우기 위해서는 본인만의 노력이 필요하다. 또 남들이 쪼끔은 도와줄 수 있지만은 어 마음가짐과 정신 상태라고 생각을 합니다. 그 정신 상태 속에 에 모든 경쟁력이 생긴다고 할 수 있는데요. 어 공부도 열심히 하고 또는 운동도 열심히 해서 어 또 어 거기에 마음가짐과 성실함이 묻어나야 또 경쟁력이 생긴다고 합니다. 항상 경쟁력이라는 것은 자기 능력이죠. 능력이 있어야 경쟁력이 있다고 생각을 하고요. 저는 항상 약속을 잘 지키는 그런 형태의 사람입니다. 그래서 항상 십 분 전 오 분 전에는 무조건 약속을 어 약속 장소에 나가서 준비를 하고 마음가짐을 다져서 어 또 어 그분들하고 대화를 이어갑니다. 근데 항상 쫓기고 그러다 보면 음 경쟁력이 생길 수가 없습니다. 그래서 차분한 마음으로 어 시간 관리 또는 어 또 미리 이 시간을 어 땡겨서 나가서 어 또 기다리는 그런 형태의 으 또 어 일 일들을 자기만의 에 또 어 행동을 해야지만이 자신만의 경쟁력이 생긴다고 합니다. 저는 그 약속을 굉장히 잘 지킵니다.","wordCount":156},"emotion":[],"intent":[{"text":"","expression":"","category":"attitude"}],"summary":{"text":"사회생활에서 경쟁력을 키우기 위해서는 마음가짐과 정신 상태의 노력이 필요합니다. 마음가짐과 성실함이 묻어나야 경쟁력이 생기고, 능력이 있어야 경쟁력을 갖습니다. 저는 약속을 잘 지키는 성격의 사람입니다. 약속 장소에 가서 준비를 하고 대화를 이어갑니다. 쫓기다 보면 경쟁력이 생길 수 없기 때문입니다. 차분한 마음으로 시간을 관리해야 합니다.","wordCount":43}}},"rawDataInfo":{"question":{"fileFormat":"wav","fileSize":630478,"duration":19700,"samplingBit":16,"channelCount":1,"samplingRate":"16kHz","audioPath":"/Mock/07.ProductionManufacturing/Male/Experienced/ckmk_q_mm_m_e_235846.wav"},"answer":{"fileFormat":"wav","fileSize":3796238,"duration":118630,"samplingBit":16,"channelCount":1,"samplingRate":"16kHz","audioPath":"/Mock/07.ProductionManufacturing/Male/Experienced/ckmk_a_mm_m_e_235846.wav"}}}