{"version":"1.0","dataSet":{"info":{"date":"20230116","occupation":"MM","channel":"MOCK","place":"ONLINE","gender":"MALE","ageRange":"35-44","experience":"EXPERIENCED"},"question":{"raw":{"text":"우리 회사가 해외 무대로 진출을 하게 된다면 어디로 진출을 하는 게 좋을까요 그리고 그렇게 생각하시는 이유도 같이 말씀해 주시기 바랍니다","wordCount":20},"emotion":[],"intent":[]},"answer":{"raw":{"text":"해외 무대 진출은 무조건 중국이 처음이라고 생각합니다. 국제 정세상 대한민국과 중국은 사이가 좋지는 않습니다. 하지만 국제 정세를 떠나서 우리에게 가장 중요한 것은 많은 판매를 이뤄낼 수 있는 중요한 국가를 타겟으로 하는 것입니다. 중국은 대한민국의 시장의 천 배에서 약 오천 배 정도의 큰 크기를 갖고 있고 중국에서 제품이 통한다고 하면 동남아시아에서는 당연히 그 제품이 잘 팔리게 되어 있습니다. 특히 중국과 관계되어 있는 홍콩 대만 싱가폴 베트남 더 나아가서 필리핀이나 타일랜드까지 모든 나라들이 중국에서 많은 제품을 무역 및 교류를 통해서 제공받고 있고 요즘은 중국 문화가 예전에 삼십 년 전에 일본 문화처럼 전 세계에 곳곳이 퍼져 있지 않는 곳이 있습니다. 특히나 중국은 물류의 허브로서 모든 나라들의 교역이 이뤄지는 곳이고 전 세계에 중국인이 없는 곳이 없습니다. 즉 다시 말해서 메이드인 코리아 제품에 관심이 많은 중국인들에게 제품을 팔기 시작하면 전 세계에 퍼져있는 중국 사람들이 이 제품을 애용하게 되고 그러면 전 세계에 있는 중국 사람들에 의해서 우리나라 우리 회사의 제품이 메이드 인 코리아와 우리나라의 회사 자체에 국가 퍼스널 또는 회사 퍼스널 브랜딩이 되는 겁니다. 이렇게 해서 중국은 반드시 점령을 해야 되는 나라로 생각하고 있습니다.","wordCount":168},"emotion":[],"intent":[{"text":"","expression":"","category":"attitude"}],"summary":{"text":"우리 회사는 메이드인 코리아 제품을 통해 전 세계에 퍼져있는 중국 사람들에게 그 제품을 애용하게 하고, 전 세계에 있는 중국 사람들에 의해서 우리나라 회사의 제품이 메이드 인 코리아와 우리나라의 회사 자체에 국가 퍼스널 또는 회사 퍼스날 브랜딩이 되는 것입니다. 이렇게 해서 중국은 반드시 점령을 해야 되는 나라로 생각하고 있습니다.","wordCount":48}}},"rawDataInfo":{"question":{"fileFormat":"wav","fileSize":361358,"duration":11290,"samplingBit":16,"channelCount":1,"samplingRate":"16kHz","audioPath":"/Mock/07.ProductionManufacturing/Male/Experienced/ckmk_q_mm_m_e_182377.wav"},"answer":{"fileFormat":"wav","fileSize":2853838,"duration":89180,"samplingBit":16,"channelCount":1,"samplingRate":"16kHz","audioPath":"/Mock/07.ProductionManufacturing/Male/Experienced/ckmk_a_mm_m_e_182377.wav"}}}