{"version":"1.0","dataSet":{"info":{"date":"20230116","occupation":"MM","channel":"MOCK","place":"ONLINE","gender":"MALE","ageRange":"55-","experience":"EXPERIENCED"},"question":{"raw":{"text":"우리 회사에 들어오셔서 본인이 하고 싶은 업무가 있으신지요 어 있다면 어떤 업무를 해보고 싶으신지 그 이유도 함께 말씀해 주시면 좋겠습니다","wordCount":20},"emotion":[],"intent":[]},"answer":{"raw":{"text":"예 저는 음 회사에 들어가게 되면 대학교를 어 전공을 어 광고 홍보 학과를 하였습니다. 어 그래서 어 들어가게 되면 홍보과의 근무를 하고 싶구요. 그 배웠던 역량을 충분히 발휘헐 수 있을 거라고 생각을 합니다. 어 대학교 어 시절 때 공부했던 어 이것과 또 사회생활에서 어 얻었던 어 경험을 바탕으로 해서 회사에 들어가게 되면 최대한 어 활동력이 영역이 넓혀질 것 가태서 어 저는 홍보 업무를 하고 싶습니다. 그리고 저는 어 홍보를 하면서 에 사람을 많이 대해야 되는데요. 음 저는 항상 어 겸손한 마음에 깔려 있기 때문에 에 또 고객들 응대하고 어 이런 부분에 대해서는 저는 자신이 있다고 생각을 해서 만약에 에 들어가고 싶 들어가게 되면 홍보 업무를 맡겨 주시면 최선을 다해서 열심히 하겠습니다.","wordCount":111},"emotion":[{"text":"예 저는 음 회사에 들어가게 되면 대학교를 어 전공을 어 광고 홍보 학과를 하였습니다.","expression":"u-fact","category":"neutral"}],"intent":[{"text":"","expression":"","category":"attitude"}],"summary":{"text":"회사로 들어가게 되면 홍보과의 근무를 하고 싶습니다. 대학교 때 공부했던 것들과 사회생활에서 얻은 경험을 바탕으로 홍보 업무를 하고 싶으며, 고객을 응대하는 부분에 자신이 있다고 생각해서 홍보 업무를 맡겨 주시면 최선을 다해서 열심히 하겠습니다.","wordCount":33}}},"rawDataInfo":{"question":{"fileFormat":"wav","fileSize":422478,"duration":13200,"samplingBit":16,"channelCount":1,"samplingRate":"16kHz","audioPath":"/Mock/07.ProductionManufacturing/Male/Experienced/ckmk_q_mm_m_e_186776.wav"},"answer":{"fileFormat":"wav","fileSize":2851278,"duration":89100,"samplingBit":16,"channelCount":1,"samplingRate":"16kHz","audioPath":"/Mock/07.ProductionManufacturing/Male/Experienced/ckmk_a_mm_m_e_186776.wav"}}}