{"version":"1.0","dataSet":{"info":{"date":"20230116","occupation":"MM","channel":"MOCK","place":"ONLINE","gender":"MALE","ageRange":"55-","experience":"EXPERIENCED"},"question":{"raw":{"text":"본인이 생각하는 본인의 장점과 단점에 대해서 설명해 주시기 바랍니다 그리고 그것을 특화시키기 위한 노력과 또 극복하기 위한 노력도 함께 말씀해 주시기 바랍니다","wordCount":22},"emotion":[],"intent":[]},"answer":{"raw":{"text":"어 항상 어 태어나면서부터 본인의 장점과 어 단점은 생긴 거 같습니다. 그러나 살아감에 있어서 어 장점이 많아야 되고요. 어 단점은 조금 적어야 아 원만히 해결되지 않을까 싶습니다. 저의 장점은 성실함 또 남에게 에 또 부담 가지 않는 이쁜 말로 항상 하는 그게 굉장히 장점이라고 생각합니다. 어 이쁜 말로써 함으로써 어 또 개인적으로나 회사에서도 협업을 하는데 에 동료들의 호응도 얻을 수도 있고요. 어 그래서 여러 가지 이 방법은 많이 있습니다마는 어 소통 관계가 굉장히 중요하기 때문에 언어 구사 아 이게 굉장히 중요하다고 생각을 해서 언어를 항상 이쁘게 하는 그런 장점이 있습니다. 그리고 저의 장점은 어 남들과 똑같이 건강하다는 겁니다. 아파버리면 또 어 업무 또 개인적인 에 이런 어 가정 생활 이런 부분이 굉장히 어려워지기 때문에 저의 장점은 또 건강도 함께 한다 이렇게 말씀드릴 수 있겠고요. 단점은 소극적이다. 어 너무 소극적이어서 어 남들이 하는 일을 그냥 따라가는 그런 형태으 어 소극적인 면이 있습니다. 그게 그 이겨낼려고 요즘은 적극적인 자세로 어 임하고 있다 는 말씀을 전해 올리겠습니다.","wordCount":154},"emotion":[],"intent":[{"text":"","expression":"","category":"attitude"}],"summary":{"text":"본인의 장점과 단점은 다 있지만 살아감에 있어 장점은 많아야 하고, 단점은 적어야 원만히 해결될 것 같습니다. 저는 성실하고 예쁜 말로 항상 하는 것이 장점이라고 생각합니다. 또 소통 관계가 중요하기 때문에 언어 구사가 항상 아름답게 하는 장점이 있습니다. 저의 장점은 남들과 똑같이 건강하다는 것이고 단점은 소극적이라는 것입니다.","wordCount":46}}},"rawDataInfo":{"question":{"fileFormat":"wav","fileSize":544398,"duration":17010,"samplingBit":16,"channelCount":1,"samplingRate":"16kHz","audioPath":"/Mock/07.ProductionManufacturing/Male/Experienced/ckmk_q_mm_m_e_237708.wav"},"answer":{"fileFormat":"wav","fileSize":3645518,"duration":113920,"samplingBit":16,"channelCount":1,"samplingRate":"16kHz","audioPath":"/Mock/07.ProductionManufacturing/Male/Experienced/ckmk_a_mm_m_e_237708.wav"}}}