{"version":"1.0","dataSet":{"info":{"date":"20230116","occupation":"MM","channel":"MOCK","place":"ONLINE","gender":"MALE","ageRange":"-34","experience":"EXPERIENCED"},"question":{"raw":{"text":"저희 일의 특성상 야근이나 장업 외근이 많아질 수도 있습니다 그래도 괜찮으신가요","wordCount":11},"emotion":[],"intent":[]},"answer":{"raw":{"text":"저는 일을 하고 있을 때 저의 진정한 삶의 의미를 발견하게 됩니다. 저는 제 개인 휴식 시간을 잘 갖지 못합니다. 휴식 시간에 뭘 해야 될지를 몰라서 저는 집에서도 일을 합니다. 저에게 쉬는 시간이란 오로지 잠자는 시간 뿐입니다. 그렇기 때문에 저에게 일을 한다는 것은 굉장히 행복한 일입니다. 외근 잔업 시켜주시면은 저는 돈을 더 버는 일이라 이렇게 생각하기보다는 내가 행복한 일을 한다 그렇게 생각을 합니다. 저는 그렇기 때문에 심지어 전에 다니던 직장에서는 열 두 시간을 연속으로 일한 적도 있습니다. 열 두 시간을 일주일 연속해서 일했습니다. 현재는 법적으로 법적으로 허용되지 않기 때문에 그렇게 하고 않고 있지만 그래도 일을 많이 한다고 하면 저는 행복한 일입니다.","wordCount":100},"emotion":[{"text":"열 두 시간을 일주일 연속해서 일했습니다.","expression":"u-fact","category":"neutral"}],"intent":[{"text":"","expression":"","category":"attitude"}],"summary":{"text":"저는 휴식 시간이란 잠자는 시간뿐이기 때문에 일을 한다는 것은 굉장히 행복한 일입니다. 지금은 법적으로 허용되지 않아 그렇게 하고 있지 않지만 그래도 일을 많이 한다고 하면 저는 행복한입니다.","wordCount":27}}},"rawDataInfo":{"question":{"fileFormat":"wav","fileSize":268878,"duration":8400,"samplingBit":16,"channelCount":1,"samplingRate":"16kHz","audioPath":"/Mock/07.ProductionManufacturing/Male/Experienced/ckmk_q_mm_m_e_186243.wav"},"answer":{"fileFormat":"wav","fileSize":2602958,"duration":81340,"samplingBit":16,"channelCount":1,"samplingRate":"16kHz","audioPath":"/Mock/07.ProductionManufacturing/Male/Experienced/ckmk_a_mm_m_e_186243.wav"}}}