{"version":"1.0","dataSet":{"info":{"date":"20230116","occupation":"MM","channel":"MOCK","place":"ONLINE","gender":"MALE","ageRange":"55-","experience":"EXPERIENCED"},"question":{"raw":{"text":"지금까지 지원자님이 살아오시면서 새로운 환경에서 전혀 몰랐던 일을 맡아서 한 경험이 있으실까요 만약 있으신다면 그 경험에 대해서 자세하게 설명해 주세요","wordCount":20},"emotion":[],"intent":[]},"answer":{"raw":{"text":"항상 어 인간은 살아가면서 새로운 환경을 접한다고 생각을 합니다. 어 그리고 항상 몰랐던 일들이 발생이 되죠. 어 그래서 어 전혀 어 저는 음 광고 홍보 학과를 나와서 에 또 농협 근무를 하면서 또는 광고 회사를 다니면서 항상 새로운 것에 에 접했다고 생각을 합니다. 어 전혀 몰랐던 일들을 맡아서 한 경험이 많은데요. 그럴 때마다 항상 어 선배 동료들에게 에 자문을 많이 구했던 얘길 합니다. 그리고 또 에 상사들에게 에 조언을 얻어서 에 거기에서 지식을 어 만들고 쌓아가서 어 모든 일들이 처리했던 기억이 나구요 어 또 물어보면 또 빨리 이 잘 성실히 답해질 수 있는 어 소통 관계가 이루어져야 하기 때문에 항상 그분들로 하고도 어 소통을 위해서 노력을 했으면 어 그게 굉장히 저희 게는 도움이 됐다고 말씀드리고 있습니다","wordCount":116},"emotion":[],"intent":[{"text":"","expression":"","category":"attitude"}],"summary":{"text":"인간은 살아가면서 새로운 환경을 접하게 되는데, 광고 홍보 학과를 나와 농협 근무를 하면서 또는 광고 회사를 다니면서 새로운 것에 접했다고 생각하며, 항상 선배 동료들에게 자문을 구했고, 상사들에게 조언을 얻어서 일을 처리했습니다.","wordCount":31}}},"rawDataInfo":{"question":{"fileFormat":"wav","fileSize":570958,"duration":17840,"samplingBit":16,"channelCount":1,"samplingRate":"16kHz","audioPath":"/Mock/07.ProductionManufacturing/Male/Experienced/ckmk_q_mm_m_e_188377.wav"},"answer":{"fileFormat":"wav","fileSize":2850958,"duration":89090,"samplingBit":16,"channelCount":1,"samplingRate":"16kHz","audioPath":"/Mock/07.ProductionManufacturing/Male/Experienced/ckmk_a_mm_m_e_188377.wav"}}}