{"version":"1.0","dataSet":{"info":{"date":"20230116","occupation":"MM","channel":"MOCK","place":"ONLINE","gender":"MALE","ageRange":"55-","experience":"EXPERIENCED"},"question":{"raw":{"text":"지원자분께서는 평소에 개인 작업과 같은 것들을 많이 하시는 편인지 궁금합니다 그리고 그렇다면 그렇게 개인 작업을 할 수 있는 원동력은 무엇이라고 생각하시는지도 답변 부탁드리겠습니다","wordCount":23},"emotion":[],"intent":[]},"answer":{"raw":{"text":"아니요 저는 개인 작업을 하지 않습니다. 네 전 팀으로 활동을 하죠. 그래서 지금 뭐 뭘 말씀을 드릴 게 없을 것 같은데요. 개인 작업을 하지 않기 때문에 개인 작업을 할 수 있는 원동력이 뭔지 저는 모르겠습니다. 근데 뭐 감히 말하자면 개인 작업보다는 팀 작업으로 하는 사람이 아무래도 그 원동력이라고 할 만한 그런 부분들 네 에너지를 만드는 부분이 조금 더 여기저기서 많이 얻을 수 있는 곳이 더 다양하지 않을까 협업을 하거나 공동체 작업을 하는 사람들이 그러지 않을까 하는 네 공동체 작업을 하는 사람으로서의 견해입니다. 외로울 거 같애요 개인 작업은.","wordCount":87},"emotion":[],"intent":[{"text":"근데 뭐 감히 말하자면 개인 작업보다는   팀 작업으로 하는 사람이 아무래도 그 원동력이라고 할 만한   그런 부분들 네 에너지를 만드는 부분이 조금 더   여기저기서 많이 얻을 수 있는 곳이 더 다양하지 않을까   협업을 하거나 공동체 작업을 하는 사람들이 그러지 않을까 하는   네 공동체 작업을 하는 사람으로서의 견해입니다.","expression":"c_cop","category":"personality"}],"summary":{"text":"개인 작업을 하지 않기 때문에 개인 작업을 할 수 있는 원동력이 무엇인지는 모르겠습니다. 개인 작업보다는 팀 작업으로 하는 사람이 그 원동력이라고 할 만한 부분들 에너지를 만드는 부분이 더 다양하지 않을까 생각합니다.","wordCount":31}}},"rawDataInfo":{"question":{"fileFormat":"wav","fileSize":601038,"duration":18780,"samplingBit":16,"channelCount":1,"samplingRate":"16kHz","audioPath":"/Mock/07.ProductionManufacturing/Male/Experienced/ckmk_q_mm_m_e_177795.wav"},"answer":{"fileFormat":"wav","fileSize":2288718,"duration":71520,"samplingBit":16,"channelCount":1,"samplingRate":"16kHz","audioPath":"/Mock/07.ProductionManufacturing/Male/Experienced/ckmk_a_mm_m_e_177795.wav"}}}