{"version":"1.0","dataSet":{"info":{"date":"20230116","occupation":"MM","channel":"MOCK","place":"ONLINE","gender":"MALE","ageRange":"35-44","experience":"EXPERIENCED"},"question":{"raw":{"text":"앞으로 이제 지원자님께서 일을 하시면서 본인이 팀장 직급에 더 잘 어울리는지 아니면 그냥 팀원이 더 잘 잘 맞을 것 같은지 선택해 주시고 그 이유도 함께 어 설명 부탁드리겠습니다","wordCount":28},"emotion":[],"intent":[]},"answer":{"raw":{"text":"저는 팀장으로서 최적화된 사람이라고 생각합니다. 왜냐하면 팀장을 맡은 지 십 년 이상이 넘었고 지금까지 수십 개의 프로젝트에 거의 실패율 없이 어떻게든 결과물을 도출해 냈습니다. 그 다음에 저는 리더형으로서 사람들을 이끄는 것에 최적화 돼 있습니다. 빠른 솔루션을 제공하고 결정을 빨리 할 수 있으며 어떤 문제가 봉착됐을 때 이 문제를 어떻게 해결해 나갈 수 있는지에 대한 브레인스토밍을 많은 사람을 통해서 이끌어 낼 수 있습니다. 사람은 자신의 기질에 따라서 팀장 또는 팀원에 갈려야 된다고 생각합니다. 모든 사람이 나이를 먹고 직급이 높아졌다고 팀장을 할 수 있는 건 아닙니다. 왜냐면 사람의 엠비티아이를 해보면 그 사람은 팀장의 기질이나 리더의 기질이 전혀 없는데 그냥 나이가 먹고 직급이 높아졌다고 팀장을 맡으면 그런 사람들은 새로운 프로젝트 또는 난관에 부딪쳤을 때 해결책을 제시하거나 결정을 빠르게 하지 못하여 업무를 그르치거나 팀원들과 불화가 생기는 경우들이 많습니다. 저 역시도 전 회사의 팀장은 어떤 외국어 능력도 부족하고 기술적인 능력도 부족한 상태에서 총괄 팀장을 맡아 문제가 생기면 항상 뒤로 빠지고 다른 사람들에게 결정을 해서 자신은 도장만 조용히 찍는 스타일이어서 너무 힘들었던 경험이 있습니다.","wordCount":158},"emotion":[],"intent":[{"text":"","expression":"","category":"attitude"}],"summary":{"text":"저는 팀장으로서 최적화된 사람이라 생각합니다. 저는 빠른 솔루션을 제공하고 결정을 빨리 할 수 있으며 어떤 문제가 봉착했을 때 어떻게 해결해 나갈 수 있는지에 대한 브레인스토밍을 많은 사람을 통해서 이끌어 낼 수 있습니다. 사람은 자신의 기질에 따라서 팀장 또는 팀원에 갈려야 된다고 생각합니다.","wordCount":42}}},"rawDataInfo":{"question":{"fileFormat":"wav","fileSize":592078,"duration":18500,"samplingBit":16,"channelCount":1,"samplingRate":"16kHz","audioPath":"/Mock/07.ProductionManufacturing/Male/Experienced/ckmk_q_mm_m_e_164802.wav"},"answer":{"fileFormat":"wav","fileSize":2749518,"duration":85920,"samplingBit":16,"channelCount":1,"samplingRate":"16kHz","audioPath":"/Mock/07.ProductionManufacturing/Male/Experienced/ckmk_a_mm_m_e_164802.wav"}}}