{"version":"1.0","dataSet":{"info":{"date":"20230116","occupation":"MM","channel":"MOCK","place":"ONLINE","gender":"MALE","ageRange":"55-","experience":"EXPERIENCED"},"question":{"raw":{"text":"본인은 본인만의 스트레스 해소 방법이 따로 있으신가요 따로 있다면 그 방법이 무엇인지 말씀해 주시고 왜 그 방법으로 스트레스를 해소하는지에 대해서도 말씀해 주시기 바랍니다","wordCount":23},"emotion":[],"intent":[]},"answer":{"raw":{"text":"회사 회사 생활을 하면서 또는 어 개인적인 생활을 하면서 스트레스를 안 받아 본 분들은 없을 겁니다. 그러면 그 스트레스를 음 잘 푸는 사람만이 성공하지 않을까 생각을 하고 있구요. 어 그 해소 방법으로는 여러 가지가 있을 있겠습니다마는 먹는 걸로 해결하는 사람도 있고 어 또 저는 어 개인적으로 어 운동으로 어 스트레스를 해소하고 있습니다. 어 열심히 운동하고 어 땀 흘리고 이런 과정에서 어 스트레스가 해소되더라구요. 그래서 어 짧게는 어 뒷동산도 다니고 또 어 또 높은 데는 한라산이나 또 지리산이나 이런 데를 해서 올라가면서 힘들었던 부분을 어 정상에 가서 야호로서 아 풀었던 기억도 나구요. 내려오면서 어 그 상쾌한 공기를 맞으면서 스트레스를 해소했던 그런 기억이 납니다.","wordCount":102},"emotion":[],"intent":[{"text":"","expression":"","category":"attitude"}],"summary":{"text":"회사 생활과 개인적인 생활을 병행하면서 스트레스를 잘 풀면 성공 할 수 있을 것이라 생각합니다. 그 방법으로 먹는 것과 운동으로 스트레스를 해소하고 있습니다.","wordCount":22}}},"rawDataInfo":{"question":{"fileFormat":"wav","fileSize":563278,"duration":17600,"samplingBit":16,"channelCount":1,"samplingRate":"16kHz","audioPath":"/Mock/07.ProductionManufacturing/Male/Experienced/ckmk_q_mm_m_e_185985.wav"},"answer":{"fileFormat":"wav","fileSize":2814798,"duration":87960,"samplingBit":16,"channelCount":1,"samplingRate":"16kHz","audioPath":"/Mock/07.ProductionManufacturing/Male/Experienced/ckmk_a_mm_m_e_185985.wav"}}}