{"version":"1.0","dataSet":{"info":{"date":"20230116","occupation":"MM","channel":"MOCK","place":"ONLINE","gender":"MALE","ageRange":"55-","experience":"EXPERIENCED"},"question":{"raw":{"text":"지원자님은 십 년 후 저희 회사에 계속 다니고 계실 것 같은지 아니면 다니고 있지 않을 것 같은지 미래가 어떨 것 같습니까","wordCount":21},"emotion":[],"intent":[]},"answer":{"raw":{"text":"저는 십 년 후는 아주 어 어 밝다 라고 생각을 합니다. 항상 어 미래는 밝게 생각을 해야 된다고 생각을 하구요. 십 년이 길다면 길고 짧다면 짧습니다. 어 또 나이가 있다 보니까 십 년을 또 금방 갈 것 같습니다. 아 그래서 어 미래는 어 항상 어 저는 미래를 준비를 하고 있구요. 건강관리 그런 게 철두철미하기 때문에 미래는 밝다고 생각을 하고요. 어 저는 회사에 계속 십 년 후에도 다닐 것 같습니다. 어 지금도 어 회사 생활에 에 만족을 하고 있고요. 열심히 하고 있기 때문에 에 십 년의 미래가 어 그 이 암울하지 않다. 그리고 개인적으로는 건강 관리도 어 열심히 하고 있구요. 어 그래서 어 또 회사의 업무에도 집중을 하고 또 회사 발전을 위해서 최선을 다하고 있기 때문에 인정받는 어 그런 세상이 되고자 하기 때문에 에 계속 다니지 않을까 이런 생각을 해 봅니다.","wordCount":130},"emotion":[],"intent":[{"text":"","expression":"","category":"attitude"}],"summary":{"text":"십 년 후에도 회사 생활에 만족하며 계속 다니고 있을 것 같습니다. 개인적으로 건강관리도 열심히 하고 있고 회사 발전을 위해서 최선을 다하고 있기 때문에 저는 계속 회사에 다니게 될 것 같습니다.","wordCount":30}}},"rawDataInfo":{"question":{"fileFormat":"wav","fileSize":538958,"duration":16840,"samplingBit":16,"channelCount":1,"samplingRate":"16kHz","audioPath":"/Mock/07.ProductionManufacturing/Male/Experienced/ckmk_q_mm_m_e_185681.wav"},"answer":{"fileFormat":"wav","fileSize":2809678,"duration":87800,"samplingBit":16,"channelCount":1,"samplingRate":"16kHz","audioPath":"/Mock/07.ProductionManufacturing/Male/Experienced/ckmk_a_mm_m_e_185681.wav"}}}