{"version":"1.0","dataSet":{"info":{"date":"20230116","occupation":"MM","channel":"MOCK","place":"ONLINE","gender":"MALE","ageRange":"35-44","experience":"EXPERIENCED"},"question":{"raw":{"text":"현재 공부 중인 분야가 있으신가요 있다면 어떤 분야이며 왜 공부하고 있으신지 말씀해 주세요","wordCount":13},"emotion":[],"intent":[]},"answer":{"raw":{"text":"저는 서른 살 때부터 지속적으로 영어 회화를 공부하고 있습니다. 영어 회화에 대해서 절실하게 필요하던 그때부터 영어를 하기 위해서 지속적으로 영어 책을 외우고 영어 동아리를 많이 다녔습니다. 실제적으로 해외에 근무를 하거나 해외에 있는 엔지니어들이랑 일을 하게 되면 영어를 쓸 일 생각보다 많습니다. 특히나 요즘은 해외에 있는 엔지니어들에게 리포트를 보고하거나 아니면 서비스 이슈를 보고할 때 영어를 하지 못하면 정확한 의사 전달을 할 수 없습니다. 그래서 기존에 알고 있던 간단한 영어가 아닌 생각보다 수준 높은 영어를 구사하기 위해서는 저는 지속적으로 영어 논문 및 영어 원서를 번역하고 영어 관련된 토의나 비즈니스 컨퍼런스에 참석을 해야 했습니다. 그래서 주말마다 영어 동아리를 통해서 외국인들과 심도 있는 대화를 나누고 어떻게 하면 영어를 잘 할 수 있을지에 대한 심각한 고민 끝에 영어 스터디를 지속적으로 운영하면서 현재는 제가 영어를 못하는 성인들에게 영어 컨설팅 및 영어 무료 교육을 실시하고 있습니다. 때로는 영어를 필요로 하는 중고등학생에게 무료로 교육을 해주면서 저 또한 저의 부족한 부분을 채워나가고 그로 인해 영어에 대한 완성을 이룰 수 있었습니다.","wordCount":151},"emotion":[{"text":"저는 서른 살 때부터 지속적으로 영어 회화를 공부하고 있습니다.","expression":"u-fact","category":"neutral"},{"text":"그래서 주말마다 영어 동아리를 통해서 외국인들과 심도 있는 대화를 나누고   어떻게 하면 영어를 잘 할 수 있을지에 대한 심각한 고민 끝에 영어 스터디를 지속적으로 운영하면서 현재는   제가 영어를 못하는 성인들에게 영어 컨설팅 및 영어 무료 교육을 실시하고 있습니다.","expression":"u-fact","category":"neutral"}],"intent":[{"text":"그래서 기존에 알고 있던 간단한 영어가 아닌 생각보다 수준 높은 영어를 구사하기 위해서는 저는 지속적으로 영어 논문 및   영어 원서를 번역하고 영어 관련된 토의나 비즈니스 컨퍼런스에 참석을 해야 했습니다.","expression":"f_pat","category":"attitude"}],"summary":{"text":"영어 회화에 대해 절실하게 필요하던 그때부터 영어를 하기 위해서 지속적으로 영어 책을 외우고 영어 동아리를 많이 다녔습니다. 해외 근무나 엔지니어들과 일을 하게 되면 영어를 못하면 정확한 의사 전달을 할 수 없습니다. 그래서 지속적으로 영어 논문 및 원서를 번역하고 영어 관련 토의나 비즈니스 컨퍼런스에 참석을 해야 했습니다. 현재는 영어 컨설팅 및 무료 교육을 실시하고 있습니다.","wordCount":54}}},"rawDataInfo":{"question":{"fileFormat":"wav","fileSize":325838,"duration":10180,"samplingBit":16,"channelCount":1,"samplingRate":"16kHz","audioPath":"/Mock/07.ProductionManufacturing/Male/Experienced/ckmk_q_mm_m_e_171910.wav"},"answer":{"fileFormat":"wav","fileSize":2752718,"duration":86020,"samplingBit":16,"channelCount":1,"samplingRate":"16kHz","audioPath":"/Mock/07.ProductionManufacturing/Male/Experienced/ckmk_a_mm_m_e_171910.wav"}}}