{"version":"1.0","dataSet":{"info":{"date":"20230116","occupation":"MM","channel":"MOCK","place":"ONLINE","gender":"MALE","ageRange":"55-","experience":"EXPERIENCED"},"question":{"raw":{"text":"역사 속에서 지원자님이 가장 존경하는 인물을 한 분 말씀해 주시고 그 인물을 가장 존경하시는 이유에 대해서도 편안하게 말씀 부탁드립니다","wordCount":19},"emotion":[],"intent":[]},"answer":{"raw":{"text":"어 딱히 생각해 본 적이 없는데 이렇게 질문을 들으니까 왠지 뭔가 직업적인 면에서 떠오른 인물이 갑자기 있다면요. 문익점 선생님이요. 네 웃기긴 한데 네 그 목화 일본에서 그 목화씨를 이제 붓 붓에 숨겨서 우리나라에 온 문익점 선생님이 생각이 나네요. 재미있긴 한데 네 정말 그러니까 뭐 우리 선조들이 다 정말 지혜롭고 대단했지만 계절에 맞게 어 알맞는 그런 생활 수단을 여러 가지를 이제 꾸리셨었고 그 치에 맞게 의복도 마찬가지고요. 정말 다이나믹한 우리나라의 사계절인데 그 겨울을 춥디 추운 겨울을 유지하게끔 한 그래서 우리나라에 지금까지도 이제 그러한 성격이 잘 묻어나는 따뜻할 때는 다 롱패딩 입고 다니는 것처럼 어떤 그런 데 선견지명과 정신인 것 같아요.","wordCount":99},"emotion":[],"intent":[{"text":"","expression":"","category":"attitude"}],"summary":{"text":"문익점 선생은 목화씨를 붓에 숨겨서 우리나라에 온 사람입니다. 우리 선조들은 지혜롭고 대단했지만 계절에 맞게 알맞는 생활 수단을 꾸렸으며 그에 맞게 의복도 마찬가지였습니다. 어떤 선견지명과 정신인 것 같습니다.","wordCount":27}}},"rawDataInfo":{"question":{"fileFormat":"wav","fileSize":525518,"duration":16420,"samplingBit":16,"channelCount":1,"samplingRate":"16kHz","audioPath":"/Mock/07.ProductionManufacturing/Male/Experienced/ckmk_q_mm_m_e_189940.wav"},"answer":{"fileFormat":"wav","fileSize":2862158,"duration":89440,"samplingBit":16,"channelCount":1,"samplingRate":"16kHz","audioPath":"/Mock/07.ProductionManufacturing/Male/Experienced/ckmk_a_mm_m_e_189940.wav"}}}