{"version":"1.0","dataSet":{"info":{"date":"20230116","occupation":"MM","channel":"MOCK","place":"ONLINE","gender":"MALE","ageRange":"55-","experience":"EXPERIENCED"},"question":{"raw":{"text":"지원자님께서 지금 읽고 있는 책이 있는지 있다면 무슨 책인지 궁금합니다 왜 그 책을 읽는지도 함께 말씀해 주세요","wordCount":17},"emotion":[],"intent":[]},"answer":{"raw":{"text":"그 항상 공부를 하게 되면 어 여러 가지 그 역사 공부를 많이 합니다. 그래서 삼국지도 보고 조선 왕조 실록도 보고 하면서 어 책을 많이 역사 쪽으로 생각을 하는데요. 그 요즘 들어서 신사임당이라는 책을 보고 있습니다. 어머님이 어 나이가 들으셔서 어 어 존경의 에 생활을 해 오셨는데요. 거기에 에 준해서 우리 신사임당 어 어머님께서 음 존경에 어록이 많이 있으시기 때문에 그 책을 많이 읽고 있는데요. 어 신사임당 이 해서 어 어 한석봉이란 그런 어 좋은 아 아들을 탄생시키셨는데요. 어 그런 부분이 너무 또 배우고 싶고 또 어머님을 생각하는 그런 마음이 있어서 항상 그 책이 저한테 굉장히 생각이 많이 남습니다.","wordCount":98},"emotion":[],"intent":[{"text":"","expression":"","category":"attitude"}],"summary":{"text":"역사 공부를 많이 하며 요즘은 신사임당을 읽고 있습니다. 신사임당은 한석봉이라는 아들을 탄생시켰는데, 그 부분이 저한테 생각이 많이 남습니다.","wordCount":18}}},"rawDataInfo":{"question":{"fileFormat":"wav","fileSize":463438,"duration":14480,"samplingBit":16,"channelCount":1,"samplingRate":"16kHz","audioPath":"/Mock/07.ProductionManufacturing/Male/Experienced/ckmk_q_mm_m_e_185991.wav"},"answer":{"fileFormat":"wav","fileSize":2811598,"duration":87860,"samplingBit":16,"channelCount":1,"samplingRate":"16kHz","audioPath":"/Mock/07.ProductionManufacturing/Male/Experienced/ckmk_a_mm_m_e_185991.wav"}}}