{"version":"1.0","dataSet":{"info":{"date":"20230116","occupation":"MM","channel":"MOCK","place":"ONLINE","gender":"MALE","ageRange":"35-44","experience":"EXPERIENCED"},"question":{"raw":{"text":"지원자님이 무언가를 달성하기 위해 목표를 세우고 장기적으로 이 삼 년간 노력해서 해당 목표를 달성했던 그런 보람찬 경험이 있으신가요","wordCount":18},"emotion":[],"intent":[]},"answer":{"raw":{"text":"제가 이 삼 년 동안 목표를 세우고 열심히 해서 달성한 것은 바로 영어 회화입니다. 저는 대학교 때까지 토익 점수만 잘 받기 위해서 영어 문법을 공부했지만 실제적으로 외국계 회사에 입사해 보고 나니 영어 회화가 굉장히 필요하다는 걸 느꼈습니다. 하지만 전 어렸을 때부터 조기 교육이나 해외 유학을 꿈꿀 수 없는 가난한 집에서 태어난 사람이라 영어 회화에 대한 기회가 없었고 서른 살 때부터 저는 영어 회화책을 줄곧 외우고 그 외운 영어 회화 내용을 가지고 외국인들과 지속적으로 대화를 했습니다. 처음에는 영어 동아리 끼페에 가서 그들과 대화를 시도했을 때 그들은 내 얘기를 알아듣지 못했지만 지속적으로 육 개월 일 년을 다니다보니 어느 순간부터 제가 외국인들과 대화를 주도하고 있는 사람이 되었습니다. 중간에 어느 정도 돈이 생겼을 때는 통 번역 어 어학원을 다녀서 영어 레벨을 높였고 지금은 십 년 넘게 영어 공부를 지속적으로 하게 되어 회사에서도 어떤 컨퍼런스 미팅 기술교육 또는 영어 매뉴얼 한글화 작업 할 때도 제가 주도적으로 모든 걸 이끌고 있습니다.","wordCount":145},"emotion":[],"intent":[{"text":"중간에 어느 정도 돈이 생겼을 때는 통 번역 어 어학원을 다녀서 영어 레벨을 높였고 지금은   십 년 넘게 영어 공부를 지속적으로 하게 되어 회사에서도 어떤 컨퍼런스 미팅   기술교육 또는 영어 매뉴얼 한글화 작업 할 때도 제가 주도적으로 모든 걸 이끌고 있습니다.","expression":"f_cons","category":"attitude"}],"summary":{"text":"저는 어렸을 때부터 영어 회화에 대한 기회가 없었고 서른 살 때부터 꾸준히 영어 회화책을 외우고 외국인들과 지속적으로 대화를 했습니다. 중간에 어느 정도 돈이 생겼을 때는 통번역 어학원을 다녀서 영어 레벨을 높였고 지금은 십 년 넘게 영어 공부를 지속적으로 하게 되어 회사에서도 모든 걸 주도적으로 이끌고 있습니다.","wordCount":46}}},"rawDataInfo":{"question":{"fileFormat":"wav","fileSize":502478,"duration":15700,"samplingBit":16,"channelCount":1,"samplingRate":"16kHz","audioPath":"/Mock/07.ProductionManufacturing/Male/Experienced/ckmk_q_mm_m_e_196101.wav"},"answer":{"fileFormat":"wav","fileSize":2334158,"duration":72940,"samplingBit":16,"channelCount":1,"samplingRate":"16kHz","audioPath":"/Mock/07.ProductionManufacturing/Male/Experienced/ckmk_a_mm_m_e_196101.wav"}}}