{"version":"1.0","dataSet":{"info":{"date":"20230116","occupation":"MM","channel":"MOCK","place":"ONLINE","gender":"MALE","ageRange":"-34","experience":"EXPERIENCED"},"question":{"raw":{"text":"혹시 지원자님 본인은 본인의 의견을 주장하실 때 강하게 주장하는 편인가요 평소에 어떤 스타일로 자신의 의견을 주장하시는지 말씀해 주시길 바랍니다","wordCount":19},"emotion":[],"intent":[]},"answer":{"raw":{"text":"저는 저의 의견을 강하게 주장하는 편은 아니라고 생각합니다. 사실 많은 사람들이 다양한 생각을 가지고 있고 내가 하고 있는 생각 또한 그 다양한 생각 중의 하나이기 때문에 이것이 백 프로 맞아 절대적으로 맞다 라고 주장을 하는 것이 어 큰 오해를 불러일으킬 수도 있고 잘못된 생각이라고도 생각을 합니다. 그래서 강하게 주장을 하는 것보다 다른 사람들은 어떠한 생각을 가지고 있고 그것이 우리가 함께 일을 함에 있어서 어떻게 작용을 하면 좋을지를 많이 생각을 하는 것 같습니다 그래서 나의 생각은 이렇고 이러한데 당신의 생각은 어떠세요 라고 권유를 많이 하는 편입니다. 그렇게 주장을 함으로써 어 나는 에이인데 당신의 생각도 들어보고 싶어요 라고 상대방에게 충분히 의견을 얘기할 수 있는 시간과 아 저 사람은 나에게 나의 얘기를 들어보려고 하는 준비가 되어 있는 사람이구나 라고 하는 것이 상대방은 큰 배려로 받아들이기 때문에 일을 진행하고 하는 데 있어서 의견을 조율하는 데에 있어서 어 큰 이점으로 다가옵니다.","wordCount":136},"emotion":[],"intent":[{"text":"","expression":"","category":"attitude"}],"summary":{"text":"많은 사람들이 다양한 생각을 가지고 있기 때문에 저의 의견을 강하게 주장하는 편은 아닙니다. 그러나 강하게 주장하는 것보다 다른이들이 어떻게 일을 함에 있어서 어떻게 작용을 하면 좋을지를 많이 생각을 하는 편입니다. 그렇게 주장을 함으로써 상대방에게 충분히 의견을 말할 수 있는 시간과 조율의 이점이 있습니다.","wordCount":43}}},"rawDataInfo":{"question":{"fileFormat":"wav","fileSize":539278,"duration":16850,"samplingBit":16,"channelCount":1,"samplingRate":"16kHz","audioPath":"/Mock/07.ProductionManufacturing/Male/Experienced/ckmk_q_mm_m_e_293356.wav"},"answer":{"fileFormat":"wav","fileSize":2926798,"duration":91460,"samplingBit":16,"channelCount":1,"samplingRate":"16kHz","audioPath":"/Mock/07.ProductionManufacturing/Male/Experienced/ckmk_a_mm_m_e_293356.wav"}}}