{"version":"1.0","dataSet":{"info":{"date":"20230116","occupation":"MM","channel":"MOCK","place":"ONLINE","gender":"MALE","ageRange":"55-","experience":"EXPERIENCED"},"question":{"raw":{"text":"지원자님께서 지금 지원하신 이 직무가 아니라 혹시 다른 부서에 배치되게 된다면 어떻게 대처하실 건가요 그래도 괜찮으신지 궁금합니다","wordCount":17},"emotion":[],"intent":[]},"answer":{"raw":{"text":"에 지금 뭐 지원했던 직무가 어 다른 부서에 배치가 된다면 어 하시냐고 물어보셨습니다. 저는 어 다른 부서에도 배치되면 음 그는 어 거기에 맞춰서 어 수행을 할 것 같습니다. 어 회사 방침이 있는데 그것을 저 혼자만의 에 상황을 모르기 때문에 그것을 무작 무조건 반대만 할 수 있는 없는 문제입니다. 그래서 제 직무하고 그 맞는 것을 그 부서에서 찾는 게 에 빠르 라고 생각은 합니다. 그랬 그러면 에 모든 게 에 직무가 있어도 새로운 거기 때문에 에 다른 부서에 가도 똑같 그럴거 같습니다. 이래서 다른 부서에서 내 직무에 맞는 어 장점을 살려서 거기에 그 동료들을 도움도 받고 상사 도움을 받아서 어 잘 헤쳐나가야 되지 않을까 어 이런 긍정적인 마인드로 생각을 하겠습니다.","wordCount":109},"emotion":[],"intent":[{"text":"","expression":"","category":"attitude"}],"summary":{"text":"지원했던 직무가 다른 부서에 배치된다면 회사 방침에 따라 제 직무와 맞는 것을 그 부서에서 찾는 게 빠르다고 생각합니다. 다른 부서에서 제 직무에 맞는 장점을 살려서 동료와 상사의 도움을 받아서 잘 헤쳐나가야 되지 않을까 생각합니다.","wordCount":34}}},"rawDataInfo":{"question":{"fileFormat":"wav","fileSize":494158,"duration":15440,"samplingBit":16,"channelCount":1,"samplingRate":"16kHz","audioPath":"/Mock/07.ProductionManufacturing/Male/Experienced/ckmk_q_mm_m_e_184261.wav"},"answer":{"fileFormat":"wav","fileSize":2864718,"duration":89520,"samplingBit":16,"channelCount":1,"samplingRate":"16kHz","audioPath":"/Mock/07.ProductionManufacturing/Male/Experienced/ckmk_a_mm_m_e_184261.wav"}}}