{"version":"1.0","dataSet":{"info":{"date":"20230116","occupation":"MM","channel":"MOCK","place":"ONLINE","gender":"MALE","ageRange":"55-","experience":"EXPERIENCED"},"question":{"raw":{"text":"지원자님께서 일을 하는 중에 이 직무가 적성에 맞지 않는다는 것을 깨닫게 되신다면 어떻게 하실 것 같은지 상황을 가정하고 말씀해 주시기 바랍니다","wordCount":21},"emotion":[],"intent":[]},"answer":{"raw":{"text":"회사에 에 들어가게 되면 항상 직무가 적성에 맞지 않는 일들이 허다 하겠죠. 그러나 제가 선택한 에 직무이기 때문에 적성에 맞출려고 노력을 한 음 한 하는데요. 만약에 적성에 맞지 않는다면 팀 동료들과 어 또 어 직장 상사들에게 상의를 해서 어 거기에 맞출려고 노력을 많이 할걸로 저는 생각을 하고 있구요. 어 팀 간의 에 적성에 맞지 않으면 팀 간에 에 에 화합도 안 된다고 생각을 합니다. 서로 반목하고 서로 어 또 직무가 적성에 안 맞으면 개인적으로 스트레스를 많이 받고요. 그러다 보면 또 일 더 안 될 것 같고 해서 적성에 맞출려고 노력을 하지만 그게 안 된다 라면 어 이직도 생각을 어 타 부서로 어 생각도 할 것 같습니다. 그래서 거기에 또 제 적성에 맞는 어 곳을 계속 찾아서 아마 맞는 곳으로 움직이는 게 아마 회사에 도움이 되지 않을까 이렇게 개인적으로는 생각합니다.","wordCount":129},"emotion":[],"intent":[{"text":"","expression":"","category":"attitude"}],"summary":{"text":"회사 생활에 있어 적성에 안 맞는 일이 많지만 팀 동료, 직장 상사와 상의하여 적성에 맞는 방향으로 노력을 많이 할 것입니다. 또한 팀 간에 화합도 안 되고, 스트레스만 쌓이게 될 것 같습니다. 그래도 적성에 맞게 움직이는 것이 회사에 도움이 될 것이라 생각합니다.","wordCount":41}}},"rawDataInfo":{"question":{"fileFormat":"wav","fileSize":396878,"duration":12400,"samplingBit":16,"channelCount":1,"samplingRate":"16kHz","audioPath":"/Mock/07.ProductionManufacturing/Male/Experienced/ckmk_q_mm_m_e_180420.wav"},"answer":{"fileFormat":"wav","fileSize":2911438,"duration":90980,"samplingBit":16,"channelCount":1,"samplingRate":"16kHz","audioPath":"/Mock/07.ProductionManufacturing/Male/Experienced/ckmk_a_mm_m_e_180420.wav"}}}