{"version":"1.0","dataSet":{"info":{"date":"20230116","occupation":"MM","channel":"MOCK","place":"ONLINE","gender":"MALE","ageRange":"-34","experience":"EXPERIENCED"},"question":{"raw":{"text":"정비 관련 이슈를 성공적으로 해결한 경험에 관해서 어 나누어 주시겠습니까","wordCount":10},"emotion":[],"intent":[]},"answer":{"raw":{"text":"한 사업체에 방문했을 때의 일이었습니다. 그 사업체에서는 저희 회사에 기계를 가지고서 물건을 생산하고 있었습니다. 그 기계가 멈추게 된다면 회사는 시간에 맞추어서 그 회사의 상품을 만들 수가 없는 상황이었습니다. 그런 심각성을 인지하고서 이 기계는 무조건 살려야 된다 라는 일념으로 저는 그 기계의 밑에 들어가서 정비를 보았습니다. 밑에 들어가지 않았다면 그 문제의 원인을 파악하지 않았을 것입니다. 어디에서도 교육기관에서도 회사에서도 밑으로 들어가서 정비를 보라는 가르침은 없었습니다. 하지만 저는 간절한 사장님의 눈빛과 직원들의 얼굴을 보았기 때문에 밑으로 들어가서 정비를 보아야 된다고 생각을 했습니다. 그 결과 저는 빠른 시간 안에 그 기계를 고칠 수 있었습니다. 사장님도 무척 감사해 하셨습니다.","wordCount":94},"emotion":[],"intent":[{"text":"그런 심각성을 인지하고서 이 기계는 무조건 살려야 된다 라는 일념으로   저는 그 기계의 밑에 들어가서 정비를 보았습니다.","expression":"f_equip","category":"technology"},{"text":"하지만 저는 간절한 사장님의 눈빛과   직원들의 얼굴을 보았기 때문에 밑으로 들어가서 정비를 보아야 된다고 생각을 했습니다.","expression":"f_equip","category":"technology"}],"summary":{"text":"기계가 멈추면 회사는 시간에 맞추어서 상품을 만들 수 없기 때문에 기계를 살리기 위해 정비를 보았습니다. 교육기관이나 회사에서도 밑으로 가서 정비를 보지라는 가르침은 없었지만 절박함으로 그 기계를 고칠 수 있었습니다. 사장님도 무척 감사해 하셨습니다.","wordCount":33}}},"rawDataInfo":{"question":{"fileFormat":"wav","fileSize":319118,"duration":9970,"samplingBit":16,"channelCount":1,"samplingRate":"16kHz","audioPath":"/Mock/07.ProductionManufacturing/Male/Experienced/ckmk_q_mm_m_e_186244.wav"},"answer":{"fileFormat":"wav","fileSize":2671438,"duration":83480,"samplingBit":16,"channelCount":1,"samplingRate":"16kHz","audioPath":"/Mock/07.ProductionManufacturing/Male/Experienced/ckmk_a_mm_m_e_186244.wav"}}}