{"version":"1.0","dataSet":{"info":{"date":"20230116","occupation":"MM","channel":"MOCK","place":"ONLINE","gender":"MALE","ageRange":"35-44","experience":"EXPERIENCED"},"question":{"raw":{"text":"지원자께서 입사 후에 만약 근무를 하면서 정작 이 분야가 지원자와 맞지 않는다는 사실을 알게 된다면은 지원자께서는 어떻게 행동하실 생각인지 궁금합니다","wordCount":20},"emotion":[],"intent":[]},"answer":{"raw":{"text":"항상 잡 디스크랩션에 나와 있는 내용대로 모든 업무가 진행되지는 않습니다. 그래서 제가 지원한 분야보다 쪼금 더 업무에 대한 정확도를 넓히고 업무에 대한 이해도를 넓히기 위해서 지원한 분야가 저하고 잘 맞지 않아도 저는 그것도 제 업무라고 생각하면서 하나씩 적응해 나갈 것입니다. 어차피 직장 생활을 하다 보면 내가 항상 원하는 일만 할 수도 없고 내가 좋아하는 일만 할 수도 없습니다. 사원 대리 때는 자기가 원하는 일만 하게 되고 자기가 원하는 일만 하면서 본인의 레벨업이 된다고 생각하지만 실제로 회사는 많은 분야에 업무를 섭렵한 사람이 실제적으로 업무에 적합도라든가 정확성이라든가 효율성이 많이 늘어나는 케이스를 많이 봤습니다. 현재 매 맞 지원한 일이 맞지 않는다면 최소 육 개월에서 일 년 정도를 하면서 제 스스로의 업무의 역양을 키워나가고 그렇게 해서도 일 년 후에도 정작 저하고 너무 맞지 않는다고 하면 부서장 및 대표이사 또는 관련 인사 부서에 보직 순환 또는 보직 전환을 요청할 것입니다.","wordCount":135},"emotion":[],"intent":[{"text":"","expression":"","category":"attitude"}],"summary":{"text":"업무의 정확도와 이해도를 넓히기 위해 지원한 분야가 맞지 않아도 적응해 나갈 것입니다. 사원 대리 때는 본인이 원하는 일만 하며 본인의 레벨업이 된다고 생각하지만 실제로는 많은 분야에 업무를 섭렵한 사람이 실제적으로 업무의 적합도, 정확성, 효율성이 많이 늘어나는 케이스를 많이 봤습니다.","wordCount":39}}},"rawDataInfo":{"question":{"fileFormat":"wav","fileSize":593998,"duration":18560,"samplingBit":16,"channelCount":1,"samplingRate":"16kHz","audioPath":"/Mock/07.ProductionManufacturing/Male/Experienced/ckmk_q_mm_m_e_163167.wav"},"answer":{"fileFormat":"wav","fileSize":2238158,"duration":69940,"samplingBit":16,"channelCount":1,"samplingRate":"16kHz","audioPath":"/Mock/07.ProductionManufacturing/Male/Experienced/ckmk_a_mm_m_e_163167.wav"}}}