{"version":"1.0","dataSet":{"info":{"date":"20230116","occupation":"MM","channel":"MOCK","place":"ONLINE","gender":"MALE","ageRange":"55-","experience":"EXPERIENCED"},"question":{"raw":{"text":"입사를 해서 일을 하다 보면 여러 사람들과 함께 일을 하는 경우가 많이 있는데요 이렇게 함께 일을 하다 보면 또 구성원들과 갈등이 생길 수도 있습니다 이럴 때 지원자님께서는 어떻게 해결하시나요","wordCount":29},"emotion":[],"intent":[]},"answer":{"raw":{"text":"어 어 항상 회사에 들어가게 되면 여러 사람과 함께 일을 할 수 밖에 없습니다. 하다보면 에 구성원들과 갈등이 생기는데요. 어 그 갈등을 해결하고 가야지만이 아마 어 회사에 다니는 보람도 있고 또 개인적인 스트레스도 안 받고 또 소 오 회사에 도움도 많이 주고 또 사무실에 에 분위기도 잘 어 이끌 수 있을 거라고 생각을 합니다. 그러나 하다 보면 구성원과 갈등이 생길 수가 있습니다. 그렇게 되면 그 갈등을 없애기 위해서 어 노력을 해야 되는데요. 그 노력은 다른 것이 없을 것 같습니다. 어 개인적으로 어 그 구성원과 어 맨투맨으로 뭐 나의 진실성과 어 또 추진하는 이런 일을 어 설명을 하고 또 함께 어 동반해서 갈 수 있게 끄름 어 저는 노력 할 것입이다.","wordCount":110},"emotion":[],"intent":[{"text":"어 개인적으로 어 그 구성원과 어 맨투맨으로 뭐 나의 진실성과 어 또 추진하는 이런 일을 어 설명을 하고 또 함께 어 동반해서 갈 수 있게 끄름 어 저는 노력 할 것입이다.","expression":"c_confl_mg","category":"personality"}],"summary":{"text":"회사 생활을 오래 하게 되면 여러 사람과 함께 일하게 되는데, 그 과정에서 구성원들과 갈등이 생깁니다. 그 갈등을 없애기 위해서는 노력을 해야 하는데, 개인적으로 그 구성원과 함께 일을 설명하고 함께 동반할 수 있게 해야 합니다.","wordCount":34}}},"rawDataInfo":{"question":{"fileFormat":"wav","fileSize":629198,"duration":19660,"samplingBit":16,"channelCount":1,"samplingRate":"16kHz","audioPath":"/Mock/07.ProductionManufacturing/Male/Experienced/ckmk_q_mm_m_e_186774.wav"},"answer":{"fileFormat":"wav","fileSize":2835918,"duration":88620,"samplingBit":16,"channelCount":1,"samplingRate":"16kHz","audioPath":"/Mock/07.ProductionManufacturing/Male/Experienced/ckmk_a_mm_m_e_186774.wav"}}}