{"version":"1.0","dataSet":{"info":{"date":"20230116","occupation":"MM","channel":"MOCK","place":"ONLINE","gender":"MALE","ageRange":"35-44","experience":"EXPERIENCED"},"question":{"raw":{"text":"살면서 지원자님이 다양한 커뮤니케이션을 경험해 보셨을 텐데요 그중에서 가장 어려웠던 경험을 한 가지만 꼽자면 어떤 커뮤니케이션이었을까요","wordCount":16},"emotion":[],"intent":[]},"answer":{"raw":{"text":"커뮤니케이션을 했을 때 가장 어려웠던 사람들은 바로 소통의 부재 또는 이기적이거나 회의적인 사람들입니다. 특히나 부정적인 사람들은 누군가 소통을 누군가와 소통하는 것을 굉장히 꺼려하고 자기가 남들과 대화하는 것에 대해 철벽을 치는 사람들과는 커뮤니케이션이 너무 힘들었습니다. 예를 들어서 김 과장님 아 오늘 얼굴 좋아 보이시는데요 무슨 일 있나요 라고 물어봤을 때 그냥 그냥 요 라고 대답을 한다거나 뚱하게 쳐다보는 사람들이 있습니다. 이런 사람들은 심리학에서 말하는 라포 형성을 하기가 굉장히 힘든 사람입니다. 그런 사람들은 제가 어떤 노력을 하던 어떤 선물을 하건 먼저 제안을 하건 받아 들일 줄도 모르고 즐거워 할 줄도 모르면 사람들로 하여금 분위기를 망치는 경우들을 많이 봤습니다. 그런 사람들과는 어떤 업무를 하던 소통을 하던 회식 자리를 가던 많이 힘들었던 경험이 있습니다.","wordCount":110},"emotion":[],"intent":[{"text":"","expression":"","category":"attitude"}],"summary":{"text":"소통의 부재 또는 이기적이거나 회의적인 사람들은 커뮤니케이션이 굉장히 힘들었습니다.  특히나 누군가와 소통하는 것을 굉장히 꺼려하고 자기가 남들과 대화하는 것에 대해 철벽을 치는 사람들과는 커뮤니케이션이 너무 힘들었습니다. ","wordCount":26}}},"rawDataInfo":{"question":{"fileFormat":"wav","fileSize":524238,"duration":16379,"samplingBit":16,"channelCount":1,"samplingRate":"16kHz","audioPath":"/Mock/07.ProductionManufacturing/Male/Experienced/ckmk_q_mm_m_e_191583.wav"},"answer":{"fileFormat":"wav","fileSize":1969358,"duration":61540,"samplingBit":16,"channelCount":1,"samplingRate":"16kHz","audioPath":"/Mock/07.ProductionManufacturing/Male/Experienced/ckmk_a_mm_m_e_191583.wav"}}}