{"version":"1.0","dataSet":{"info":{"date":"20230116","occupation":"MM","channel":"MOCK","place":"ONLINE","gender":"MALE","ageRange":"55-","experience":"EXPERIENCED"},"question":{"raw":{"text":"기차가 운행을 하는 도중 갑작스럽게 산사태로 삼십 분 동안 정차가 되었다고 생각을 해 봅시다 이 때 지원자님께서 관리 책임의 위치에 있다면 어떻게 조치를 하시겠습니까","wordCount":24},"emotion":[],"intent":[]},"answer":{"raw":{"text":"어 기차가 운행하다가 어 앞에 산사태가 나서 삼십 분 동안 점차 어 하면은 저는 관리 책임자로서 어 먼저 승객들의 에 안전을 우선시하겠습니다. 그리고 승객들이 안전한가 어 그 에 판단하고 또 안전하게 되면 음 그분들에게 삼십 분 어 정차 아 되었던 부분을 자세하게 설명을 하고 또 양해를 구하겠습니다. 그리고 또 산사태가 어 지속적으로 또 다른 데도 산사태가 나는지 그 체크를 하겠구요. 모든 그 음 어 승객들의 마음을 어 안정적으로 어 또 했더라면 이것을 어 일했던 것을 선조치로 해서 어 이야기를 하고 어 상사분에게 어 이 내용을 빠른 시간 안에 전달해서 또 다른 사고 위험이나 또 다른 대처 방법이 있으면 에 상사의 지시를 받을 것입니다.","wordCount":103},"emotion":[],"intent":[{"text":"","expression":"","category":"attitude"}],"summary":{"text":"기차가 운행하다가 산사태가 나서 승객들의 안전을 우선시하고, 안전하게 되면 정차 아 되었던 부분을 설명하고 양해를 구하며, 산사태가 지속적으로 다른 데도 나는지 체크하겠습니다. 또한 상사분에게 이 내용을 빠르게 전달하도록 하겠습니다.","wordCount":29}}},"rawDataInfo":{"question":{"fileFormat":"wav","fileSize":556238,"duration":17380,"samplingBit":16,"channelCount":1,"samplingRate":"16kHz","audioPath":"/Mock/07.ProductionManufacturing/Male/Experienced/ckmk_q_mm_m_e_188288.wav"},"answer":{"fileFormat":"wav","fileSize":2793678,"duration":87300,"samplingBit":16,"channelCount":1,"samplingRate":"16kHz","audioPath":"/Mock/07.ProductionManufacturing/Male/Experienced/ckmk_a_mm_m_e_188288.wav"}}}