{"version":"1.0","dataSet":{"info":{"date":"20230116","occupation":"MM","channel":"MOCK","place":"ONLINE","gender":"MALE","ageRange":"35-44","experience":"EXPERIENCED"},"question":{"raw":{"text":"우리 회사에 들어와서 오 년 뒤 십 년 뒤에 지원자님은 어떤 엔지니어가 되었을지 말씀해 주세요","wordCount":15},"emotion":[],"intent":[]},"answer":{"raw":{"text":"씨에스 엔지니어로서 오랜 경험을 가졌지만 저는 설비 및 알엔디 개발 엔지니어로도 같은 업무를 해보고 싶습니다. 오 년 뒤에는 알엔디 센터장 십 년 뒤에는 총괄 센터장을 한 번 해보고 싶습니다. 이유는 씨에스 엔지니어만 하다 보니 현장에 있는 내용밖에 모르게 되고 현장에 있는 내용을 잘 정리해서 품질 관리 서비스 품질 관리 엔지니어한테 전달을 하게 됩니다. 하지만 품질 관리 엔지니어가 어떤 식으로 개발 엔지니어에게 또 다르게 서비스 리포트를 제공하는지에 대한 어떤 내용을 모르기 때문에 이것에 대해서 한 번씩 두루두루 섭렵을 하고 싶습니다. 회사는 모든 시스템이 하나의 유기적인 움직임을 통해서 톱니바퀴가 돌아가는 것인데 한 부서에서만 있으면 저는 크게 성장을 할 수 없기 때문에 처음에는 씨에스 엔지니어 오 년 뒤에는 설비 엔지니어 십 년 뒤에는 알엔디 엔지니어 및 총괄 셀터장을 통해서 어떻게 하면 고객에게 조금 더 좋은 제품을 제공할 수 있을지 어떻게 하면 타사와 경쟁력이 뛰어난 제품을 만들 수 있을지에 대한 고민을 할 수 있는 그런 자리에 오르고 싶습니다. 단순하게 한 곳에서 오랫동안 하는 것이 목표가 아니라 한 곳에서 쌓은 전문성으로 다른 부서 간에 타협점을 찾고 어떤 부분을 시너지를 낼 수 있을지 고민을 하는 그런 엔지니어가 되고 싶습니다.","wordCount":173},"emotion":[],"intent":[{"text":"","expression":"","category":"attitude"}],"summary":{"text":"설비 및 알엔디 개발 엔지니어로도 같은 업무를 해보고 싶습니다. 한 부서에서 오랫동안 하는 것이 목표가 아니라 한 곳에서 쌓은 전문성으로 다른 부서 간에 타협점을 찾고 어떤 부분을 시너지를 낼 수 있을지 고민을 하는 그런 엔지니어가 되고 싶습니니다.","wordCount":37}}},"rawDataInfo":{"question":{"fileFormat":"wav","fileSize":322638,"duration":10080,"samplingBit":16,"channelCount":1,"samplingRate":"16kHz","audioPath":"/Mock/07.ProductionManufacturing/Male/Experienced/ckmk_q_mm_m_e_164957.wav"},"answer":{"fileFormat":"wav","fileSize":2767438,"duration":86480,"samplingBit":16,"channelCount":1,"samplingRate":"16kHz","audioPath":"/Mock/07.ProductionManufacturing/Male/Experienced/ckmk_a_mm_m_e_164957.wav"}}}