{"version":"1.0","dataSet":{"info":{"date":"20230116","occupation":"MM","channel":"MOCK","place":"ONLINE","gender":"MALE","ageRange":"55-","experience":"EXPERIENCED"},"question":{"raw":{"text":"지원자님 일을 하다가 만약 상사에게 어려운 지시를 받으면 지원자님은 어떻게 하시겠습니까 이유와 함께 설명 말씀 부탁드려요","wordCount":16},"emotion":[],"intent":[]},"answer":{"raw":{"text":"회사의 일이라는 게 에 어려운 일과 아 쉬운 일 어 또 이런 그 두 가지로 나눠집니다. 항상 쉬운 일은 음 제에게 있어서 나쁘지 않지만 어려운 일은 항상 어 스트레스를 많이 받고 그렇습니다. 그래서 그 능력을 배양을 해야 되고요. 그것을 위해서 공부도 어 계속 해야 되겠죠. 일을 하다 보면 만약 상사가 어려운 지시를 어 내리는 경우가 많이 있습니다. 그러나 어 저는 아 조건 없이 제 능력을 최대한 발휘해서 어 상사의 지시를 어 잘 따르는 게 에 또 회사의 팀웍이고 어 또 나중에 에 또 상사의 그 어 능력을 인정받아서 어 또 진급하는데 또는 내 나의 일을 하는데 에 굉장히 도움이 되지 않을까 싶습니다. 어 상사하고의 그 커뮤니케이션이 이루어지지 않으면 협업이라는 게 안 됩니다. 그래서 항상 상사하고의 관계가 원만해야 됩니다. 그래서 어려운 지시를 내리드래도 그것을 최대한 성실히 수행할려는 그런 능력 배양도 해야 되겠지만 어 그런 모습을 어 상사에게 보여줌으로써 그 상사도 어 나에 대한 어 신임도가 올라가 나중에 에 믿고 맡기는 어 그런 어 여러 가지 또 믿음을 심어주기 때문에 에 무조건 어 열심히 해야 된다 이 말씀을 드리겠습니다.","wordCount":167},"emotion":[],"intent":[{"text":"그러나 어 저는 아 조건 없이 제 능력을 최대한 발휘해서 어 상사의 지시를 어 잘 따르는 게 에 또 회사의 팀웍이고 어 또 나중에 에 또 상사의 그 어 능력을 인정받아서 어 또 진급하는데 또는 내 나의 일을 하는데 에 굉장히 도움이 되지 않을까 싶습니다.","expression":"c_cop","category":"personality"}],"summary":{"text":"회사의 일이라는 것은 어려운 일과 쉬운 일 두 가지로 나눠집니다. 어려운 일은 스트레스를 많이 받기 때문에 능력을 배양해야 합니다. 어려운 지시를 내리더라도 최선을 다하는 모습을 상사에게 보여줌으로써 상사도 나에 대한 신임도가 올라가 나중에 믿고 맡기기 때문에 무조건 열심히 해야 됩니다.","wordCount":40}}},"rawDataInfo":{"question":{"fileFormat":"wav","fileSize":521678,"duration":16300,"samplingBit":16,"channelCount":1,"samplingRate":"16kHz","audioPath":"/Mock/07.ProductionManufacturing/Male/Experienced/ckmk_q_mm_m_e_235849.wav"},"answer":{"fileFormat":"wav","fileSize":3884878,"duration":121400,"samplingBit":16,"channelCount":1,"samplingRate":"16kHz","audioPath":"/Mock/07.ProductionManufacturing/Male/Experienced/ckmk_a_mm_m_e_235849.wav"}}}