{"version":"1.0","dataSet":{"info":{"date":"20230116","occupation":"MM","channel":"MOCK","place":"ONLINE","gender":"MALE","ageRange":"55-","experience":"EXPERIENCED"},"question":{"raw":{"text":"여러 사람들과 함께 일을 하다 보면 구성원들과의 갈등이 생기는 일들이 많이 있을 수 있는데요 어 이런 갈등이 생긴다면 지원자님께서는 어떻게 해결하시겠는지 혹시 본인만이 생각하는 방법이 있으실까요","wordCount":26},"emotion":[],"intent":[]},"answer":{"raw":{"text":"음 저는 같이 사우나를 가요. 네 사우나를 가요. 되게 싫어하는 사람도 있긴 한데 맞아요 많이들 싫어하죠. 특히 요즘 젊은 친구들은 더 싫어하는데 근데 저도 이게 그렇게 배워서 그런 것 같아요. 또 땀도 많이 흘리고 저희는 아무래도 때가 많이 타는 일하면서 때가 많이 묻는 일이다 보니 끝나고 이제 땀 냄새도 많이 있고 하니까 이제 씻으러 가면서 아무래도 이제 조금 냉랭해진 분위기 안에서 다들 씻기는 해야 되고 그런데 각자 뭐 숙소 각자 뭐 방에 들어가기에 너무 또 좀 멀고 그러면 특히나 그런 갈등이 있는 상황에서는 일부러 더 숙소까지 가게 내버려두지 않아요. 가까운 네 빨리 이제 탕으로 가서 사우나 가서 서로 이제 좀 이렇게 등도 밀어주고 하면서 또 그리고 안에서 또 얘기도 하면서 그러면서 땀 빼고 이렇게 하면서 조금 에너지도 쏟고 하면서 푸는 그런 것들이 있어 왔고 저도 그렇게 했어요.","wordCount":127},"emotion":[],"intent":[{"text":"보니 끝나고 이제   땀 냄새도 많이 있고 하니까 이제 씻으러 가면서 아무래도 이제 조금 냉랭해진 분위기 안에서 다들 씻기는 해야 되고   그런데 각자 뭐 숙소 각자 뭐 방에 들어가기에 너무 또 좀 멀고 그러면 특히나 그런 갈등이 있는 상황에서는 일부러 더 숙소까지 가게 내버려두지 않아요.","expression":"c_confl_mg","category":"personality"},{"text":"가까운 네 빨리 이제   탕으로 가서 사우나 가서 서로 이제 좀 이렇게 등도 밀어주고 하면서 또 그리고 안에서 또 얘기도 하면서   그러면서 땀 빼고 이렇게 하면서 조금 에너지도 쏟고 하면서 푸는   그런 것들이 있어 왔고 저도 그렇게 했어요.","expression":"c_confl_mg","category":"personality"}],"summary":{"text":"사우나 가서 서로 이제 좀 이렇게 등도 밀어주고 하면서 또 그리고 안에서 또 얘기도 하면서 그러면서 땀 빼고 이렇게 하면서 조금 에너지도 쏟고 하면서 푸는 그런 것들이 있어 왔고 저도 그렇게 했어요.","wordCount":32}}},"rawDataInfo":{"question":{"fileFormat":"wav","fileSize":559438,"duration":17480,"samplingBit":16,"channelCount":1,"samplingRate":"16kHz","audioPath":"/Mock/07.ProductionManufacturing/Male/Experienced/ckmk_q_mm_m_e_177802.wav"},"answer":{"fileFormat":"wav","fileSize":2891278,"duration":90350,"samplingBit":16,"channelCount":1,"samplingRate":"16kHz","audioPath":"/Mock/07.ProductionManufacturing/Male/Experienced/ckmk_a_mm_m_e_177802.wav"}}}