{"version":"1.0","dataSet":{"info":{"date":"20230116","occupation":"MM","channel":"MOCK","place":"ONLINE","gender":"MALE","ageRange":"35-44","experience":"EXPERIENCED"},"question":{"raw":{"text":"당신은 씨에스 엔지니어와 설비 엔지니어가 어떠한 일을 하는지 구분할 수 있습니까 그 두 가지의 차이점이 무엇이라고 생각하는지 말씀해 주십시오.","wordCount":19},"emotion":[],"intent":[]},"answer":{"raw":{"text":"씨에스 엔지니어는 커스터머 서비스로서 설치가 다 되고 난 후에 장비에 대한 유지 보수 필드에서 발생하는 업무들을 처리하는 필드 엔지니어 등 들이 있습니다. 설비 엔지니어는 장비를 처음에 개발 연구하거나 또는 그거를 설치할 때까지의 엔지니어입니다. 예를 들어서 설비나 알엔디 엔지니어는 연구 개발 및 그것을 설치할 때까지의 최종 세팅 값만 진행을 하고 씨에스 엔지니어는 그 설치가 완벽히 끝난 후에 고객이 사용하는 것에 대한 지속적인 유지 보수 관리를 하는 것입니다. 예를 들어 고객이 어떤 십억 짜리 프린터 장비를 설치했다고 하면 그때 개발 설치 연구까지가 설비 엔지니어고 그 후에 고객이 장비를 가동하고 운영할 때 지속적으로 이 고객이 어 겪는 어떤 문제들을 해결해 주는 것이 필드 또는 씨에스 엔지니어입니다. 장비를 가동을 하다보면 트래픽이 오래 생기거나 아니면 많은 트래픽이 걸리거나 또는 많은 생산량에 의해서 장비가 멈추거나 부품이 소모가 되거나 할 때 장비가 멈추면 그때 씨에스 엔지니어들은 현장에 출동하거나 또는 온라인 또는 전화상으로 고치는 방법이나 수리를 제공하는 것이 씨에스 엔지니어라고 할 수 있습니다.","wordCount":145},"emotion":[{"text":"씨에스 엔지니어는 커스터머 서비스로서 설치가 다 되고 난 후에 장비에 대한 유지 보수   필드에서 발생하는 업무들을 처리하는 필드 엔지니어 등 들이 있습니다.","expression":"u-fact","category":"neutral"},{"text":"설비 엔지니어는 장비를 처음에   개발 연구하거나 또는 그거를 설치할 때까지의 엔지니어입니다.","expression":"u-fact","category":"neutral"},{"text":"예를 들어서 설비나 알엔디 엔지니어는 연구 개발 및 그것을 설치할 때까지의 최종 세팅 값만   진행을 하고 씨에스 엔지니어는 그 설치가 완벽히 끝난 후에 고객이 사용하는 것에 대한 지속적인 유지 보수 관리를 하는 것입니다.","expression":"u-fact","category":"neutral"},{"text":"예를 들어 고객이 어떤 십억 짜리 프린터 장비를 설치했다고 하면 그때 개발 설치 연구까지가 설비 엔지니어고 그 후에 고객이 장비를 가동하고 운영할 때 지속적으로   이 고객이 어 겪는 어떤 문제들을 해결해 주는 것이 필드 또는 씨에스 엔지니어입니다.","expression":"u-fact","category":"neutral"},{"text":"장비를 가동을 하다보면 트래픽이 오래 생기거나 아니면 많은 트래픽이 걸리거나 또는 많은 생산량에 의해서 장비가 멈추거나 부품이   소모가 되거나 할 때 장비가 멈추면 그때 씨에스 엔지니어들은 현장에 출동하거나 또는 온라인 또는 전화상으로 고치는 방법이나   수리를 제공하는 것이 씨에스 엔지니어라고 할 수 있습니다.","expression":"u-fact","category":"neutral"}],"intent":[{"text":"예를 들어서 설비나 알엔디 엔지니어는 연구 개발 및 그것을 설치할 때까지의 최종 세팅 값만   진행을 하고 씨에스 엔지니어는 그 설치가 완벽히 끝난 후에 고객이 사용하는 것에 대한 지속적인 유지 보수 관리를 하는 것입니다.","expression":"f_prod_plan","category":"technology"}],"summary":{"text":"설비 엔지니어는 장비를 개발 연구하거나 설치할 때까지의 엔지니어이고, 씨에스 엔지니어는 설치가 완벽하게 끝난 후에 고객이 사용하는 것에 대한 지속적인 유지 보수 관리를 하는 것입니다. 필드 엔지니어는 장비가 가동되고 운영할 때 지속적으로 고객이 겪는 문제들을 해결해 주는 것입니다.","wordCount":37}}},"rawDataInfo":{"question":{"fileFormat":"wav","fileSize":638158,"duration":19940,"samplingBit":16,"channelCount":1,"samplingRate":"16kHz","audioPath":"/Mock/07.ProductionManufacturing/Male/Experienced/ckmk_q_mm_m_e_164953.wav"},"answer":{"fileFormat":"wav","fileSize":2675918,"duration":83620,"samplingBit":16,"channelCount":1,"samplingRate":"16kHz","audioPath":"/Mock/07.ProductionManufacturing/Male/Experienced/ckmk_a_mm_m_e_164953.wav"}}}