{"version":"1.0","dataSet":{"info":{"date":"20230116","occupation":"MM","channel":"MOCK","place":"ONLINE","gender":"MALE","ageRange":"45-54","experience":"EXPERIENCED"},"question":{"raw":{"text":"어 만약에 회사에 들어와서 선배를 만나게 되신다면 어떤 모습의 선배를 만나고 싶으신가요 그리고 또 그 이유에 대해서 함께 말씀해 주시면 좋겠습니다","wordCount":21},"emotion":[],"intent":[]},"answer":{"raw":{"text":"제가 직장에 들어가 만나고 싶은 선배는 어 따듯한 사람이었으면 좋겠습니다. 어 아무리 그 직장이 경쟁 사회고 뭐 서로 경쟁하는 그 관계라고 할지라도 저는 최소한 같은 부서 뭐 같은 동료 아니면 저 아랫 직원을 이렇게 따듯하게 정으로써 안아주고 그들을 이렇게 도닥여줄 수 있는 그런 선배를 만나고 십습니다. 어 이런 모습은 어 제가 나중에 되고 싶은 그 선배의 모습이기도 합니다. 직장생활을 짧게나마 해 봤지만 해 볼때마다 어 직장 생활이 참 뭐 이렇게 각박하다는 그런 생각을 많이 했습니다. 서로 뭐 가까운 듯 같이 밥을 먹고 같이 커피를 마시고 이렇게 뭐 웃고 떠들지만 실질적으로 이렇게 따듯한 뭐 동료라는 의식보다는 솔직히 말씀드려서 그냥 남이라는 그런 생각이 항상 들어왔습니다. 막상 그 뭐 업무적으로나 뭐 저 일이 생겼을 때 보면 어 뭐 부하 직원을 이렇게 감싸주는 직원보다는 질책하고 문책하는 상사들 너무 많이 봤왔기 때문입니다. 저는 제가 만약에 입사를 하게 된다면 어 뭐 무조건 포용해 주는 그런 사람이 아니라 인간적으로 따듯한 선배를 만나고 싶고 저 역시 나중에는 그런 선배가 되고 싶습니다.","wordCount":153},"emotion":[],"intent":[{"text":"","expression":"","category":"attitude"}],"summary":{"text":"업무적으로 부하 직원을 감싸주는 직원보다는 질책하고 문책하는 상사들을 많이 봤기 때문에 저는 입사를 하게 된다면 무조건 포용해 주는 사람이 아니라 인간적인 따듯한 선배를 만나고 싶고 저 역시 나중에 그런 선배가 되고 싶습니다.","wordCount":32}}},"rawDataInfo":{"question":{"fileFormat":"wav","fileSize":383118,"duration":11970,"samplingBit":16,"channelCount":1,"samplingRate":"16kHz","audioPath":"/Mock/07.ProductionManufacturing/Male/Experienced/ckmk_q_mm_m_e_140906.wav"},"answer":{"fileFormat":"wav","fileSize":2838478,"duration":88700,"samplingBit":16,"channelCount":1,"samplingRate":"16kHz","audioPath":"/Mock/07.ProductionManufacturing/Male/Experienced/ckmk_a_mm_m_e_140906.wav"}}}