{"version":"1.0","dataSet":{"info":{"date":"20230116","occupation":"MM","channel":"MOCK","place":"ONLINE","gender":"MALE","ageRange":"55-","experience":"EXPERIENCED"},"question":{"raw":{"text":"기차가 운행 시에 산사태로 삼십 분 동안 정차 되었습니다 이때 만약 지원자님이 관리 책임의 위치에 있다면 어떻게 조치하실 건가요","wordCount":19},"emotion":[],"intent":[]},"answer":{"raw":{"text":"기차가 운행시 산사태가 난다면 굉장히 큰 일이 겠죠. 에 삼십 분 동안 정차가 됐는데 제가 책임을 맡고 있다면 이 제일 먼저 승객 안전이죠 어 기차 안전도 중요하겠지만 승객 안전입니다. 그래서 그 승객이 우왕좌왕 하지 않도록 또 방송을 통해서 또는 직접 찾아가서 그분들의 그 안정을 취할 수 있는 그런 조치를 하겠습니다. 그래서 산사태에 규모라든가 이런 부분을 파악을 하고요. 어 거기에 따라서 어 어 상사에게 보고해서 필요한 조치를 하겠구요. 추가 아 산사태가 날 수도 있기 때문에 또 전자에 또 안정을 취하게 에 했으면 또 안전하게 대피할 수 있는 그런 조치를 먼저 취하고요. 또 어 기차 아 운행의 차후에 에 문제가 없는지를 먼저 어 상관에게 보고를 하겠습니다.","wordCount":104},"emotion":[],"intent":[{"text":"","expression":"","category":"attitude"}],"summary":{"text":"승객의 안전을 위해 방송이나 직접 찾아가 그들이 안정을 취할 수 있는 조치를 하겠습니다. 추가 산사태가 나지 않도록 조치를 취하고, 기차 운행의 차후에 문제가 없는지 상관에게 보고하겠습니다.","wordCount":26}}},"rawDataInfo":{"question":{"fileFormat":"wav","fileSize":604878,"duration":18900,"samplingBit":16,"channelCount":1,"samplingRate":"16kHz","audioPath":"/Mock/07.ProductionManufacturing/Male/Experienced/ckmk_q_mm_m_e_186220.wav"},"answer":{"fileFormat":"wav","fileSize":2841678,"duration":88800,"samplingBit":16,"channelCount":1,"samplingRate":"16kHz","audioPath":"/Mock/07.ProductionManufacturing/Male/Experienced/ckmk_a_mm_m_e_186220.wav"}}}