{"version":"1.0","dataSet":{"info":{"date":"20230116","occupation":"MM","channel":"MOCK","place":"ONLINE","gender":"MALE","ageRange":"-34","experience":"EXPERIENCED"},"question":{"raw":{"text":"일을 하던 중에 직무가 적성에 맞지 않는다는 것을 깨닫게 되었습니다 그때 어떻게 하시겠습니까 상황을 가정하고 그 상황에 대해서 말씀해 주세요","wordCount":20},"emotion":[],"intent":[]},"answer":{"raw":{"text":"사람은 다양한 경험을 하는 것이 굉장히 중요하다고 생각을 합니다. 그렇기 때문에 한 인간에게 절대적인 적성이라는 것은 없다고 생각을 합니다. 공공기관에서도 이 년에 한 번씩 직무를 교체하는 것이 바로 그 이유입니다. 제가 하고 있는 일이 적성에 맞지 않다면 맞지 않다고 제가 파악이 된다면 인사 업무 당담자에게 인사 업무 담당자에게 저의 업무를 조정시켜 줄 것을 요청드리겠습니다. 건의 드리겠습니다. 다양한 일을 할 수 있는 것은 다양한 가치를 실현시킬 수 있는 것은 인간 본연의 해야 할 일 중의 하나 라고 생각합니다. 그렇기 때문에 적성이 맞지 않다고 느꼈다는 것은 또 다른 적성을 찾을 기회가 되는 것입니다. 그 즉 그 적성을 찾기 위해서 저는 열심히 노력하겠습니다.","wordCount":100},"emotion":[{"text":"그렇기 때문에 한 인간에게 절대적인 적성이라는 것은 없다고 생각을 합니다.","expression":"u-belief","category":"neutral"}],"intent":[{"text":"제가 하고 있는 일이 적성에 맞지 않다면 맞지 않다고 제가 파악이 된다면   인사 업무 당담자에게 인사 업무 담당자에게   저의 업무를 조정시켜 줄 것을 요청드리겠습니다.","expression":"c_adp","category":"personality"}],"summary":{"text":"한 인간에게 절대적인 적성은 없다고 생각하며, 하고 있는 일이 적성에 맞지 않는다고 파악이 된다면 인사 업무 당담자에게 인사 업무 담당자에게 업무를 조정시켜 줄 것을 요청드리겠습니다. 그 즉 그 적성을 찾기 위해서 열심히 노력하겠습니다.","wordCount":33}}},"rawDataInfo":{"question":{"fileFormat":"wav","fileSize":442638,"duration":13830,"samplingBit":16,"channelCount":1,"samplingRate":"16kHz","audioPath":"/Mock/07.ProductionManufacturing/Male/Experienced/ckmk_q_mm_m_e_186249.wav"},"answer":{"fileFormat":"wav","fileSize":2572878,"duration":80400,"samplingBit":16,"channelCount":1,"samplingRate":"16kHz","audioPath":"/Mock/07.ProductionManufacturing/Male/Experienced/ckmk_a_mm_m_e_186249.wav"}}}