{"version":"1.0","dataSet":{"info":{"date":"20230116","occupation":"MM","channel":"MOCK","place":"ONLINE","gender":"MALE","ageRange":"55-","experience":"EXPERIENCED"},"question":{"raw":{"text":"시간이 촉박한 상황이 생기면 어떻게 시간 관리를 하십니까 지원자님의 시간 관리법에 대해서 말씀해 주시기 바랍니다","wordCount":15},"emotion":[],"intent":[]},"answer":{"raw":{"text":"어 인생을 살면서 음 또 시간이라는 게 굉장히 중요합니다. 어 시간이라는 게 항상 어떤 계획성을 가지고 움직여도 항상 어 또 시간이 촉박한 상황이 발생됩니다. 그서 시간은 어 금이다 라고 말씀을 어 성인이 하셨는데요. 시간은 항상 짜임새 있게 해야 어 내 개인적인 발전과 내 개인적인 어 성장이 이루어진다고 생각을 하고요. 그 시간 관리를 잘 함으로써 회사에도 굉장히 도움이 된다고 생각을 합니다. 그래서 그 회사를 위해서라도 어 제 개인 시간 이런 관리를 잘 해야 되는데요. 만약에 촉박한 상황이 발생이 이 된다 라면 어 굉장히 에 또 어 자기 관리가 돼야 된다고 생각을 합니다. 그래서 거기에 따라서 어 또 그것을 대체하는 방법이 있어야 되고요. 어 항상 어 너무나 많은 음 촉박성을 이룬다면 어 또 팀 동료 내지는 지인들에게 쪼끔이나마 도움을 받겠습니다. 그래서 시간을 촉박을 어 또 완화시키는 그런 역할을 해야 되겠죠. 무조건 저 혼자 한다고 일이 되는 건 아닙니다. 그서 항상 어 시간 관리는 옆 사람과 함께 하는 데서 어 시간 관리법이 나온다고 그렇게 답변 드리겠습니다.","wordCount":153},"emotion":[],"intent":[{"text":"","expression":"","category":"attitude"}],"summary":{"text":"인생을 살면서 시간이라는 게 굉장히 중요하다고 생각하는데, 그 시간을 잘 관리하면 내 개인적인 발전과 성장이 이루어질 것입니다. 만약 촉박성을 이룬다면 팀 동료나 지인들에게 도움을 받겠습니다. 항상 시간 관리는 옆 사람과 함께 하는 데서 시간 관리법이 나온다고 답변 드리겠습니다.","wordCount":38}}},"rawDataInfo":{"question":{"fileFormat":"wav","fileSize":382158,"duration":11940,"samplingBit":16,"channelCount":1,"samplingRate":"16kHz","audioPath":"/Mock/07.ProductionManufacturing/Male/Experienced/ckmk_q_mm_m_e_235659.wav"},"answer":{"fileFormat":"wav","fileSize":3726158,"duration":116440,"samplingBit":16,"channelCount":1,"samplingRate":"16kHz","audioPath":"/Mock/07.ProductionManufacturing/Male/Experienced/ckmk_a_mm_m_e_235659.wav"}}}