{"version":"1.0","dataSet":{"info":{"date":"20230116","occupation":"MM","channel":"MOCK","place":"ONLINE","gender":"MALE","ageRange":"55-","experience":"EXPERIENCED"},"question":{"raw":{"text":"당신은 설계 프로그램을 잘 다룰 수 있습니까 다룰 수 있는 설계 프로그램에 대해서 말씀해 주십시오 그리고 그것을 어떻게 직무에 적용시킬 것인지 말해주세요","wordCount":22},"emotion":[],"intent":[]},"answer":{"raw":{"text":"어 우리가 인생 살면서 프로그램이라는 자체가 굉장히 중요합니다. 요즘은 인제 에 프로그램에 의해서 회사도 운영을 하기 때문에요. 그 프로그램 한 두 개 정도를 모르고는 이 어 회사 생활이 어렵다 라고 생각을 해서 이것 저것 공부도 하고 했습니다마는 프로그램은 아 어 많이 다양하기 때문에 굉장히 공부를 해도 영역이 너무 넓어가지고 숙지하기가 굉장히 힘듭니다. 그러나 어 프로그램은 어 다루지를 못허면 어 모든 어 요즘 현대 사회에서는 어 어 발을 딛질 못허기 때문에 에 또 그 프로그램에 대해서 잘 알아야 되고 또 숙지를 해야 됩니다. 서 저는 어 엑셀이라는 어 프로그램을 을 어 달인은 아니지만 많이 알고 있고요. 어 또 그 계통에서 숫자가 아 요즘은 중요한 합니다. 그래서 그 숫자으 기본이 엑셀이기 때문에 아 거기에 따르는 굉장히 크나큰 노력을 해야 되지 않을까 싶습니다. 어 프로그램은 꼭 회사에서 필요로 하고요. 또 그것을 통해서 또 어 또 회사가 운영이 되기 때문에요. 개인적으로도 많이 공부를 해야 된다 라고 답변 드릴 수가 있습니다.","wordCount":146},"emotion":[],"intent":[{"text":"","expression":"","category":"attitude"}],"summary":{"text":"프로그램이라는 자체는 굉장히 중요하나, 다루지 못하면 현대 사회에서 발을 딛지 못하기 때문에 프로그램에 대해 잘 알아야 하고 숙지를 해야 합니다. 저는 엑셀이라는 프로그램을 알고 있으며, 그 계통의 숫자가 요즘은 중요하기 때문에 그것을 따르는 노력을 해야 될 것 같습니다.","wordCount":38}}},"rawDataInfo":{"question":{"fileFormat":"wav","fileSize":643278,"duration":20100,"samplingBit":16,"channelCount":1,"samplingRate":"16kHz","audioPath":"/Mock/07.ProductionManufacturing/Male/Experienced/ckmk_q_mm_m_e_237570.wav"},"answer":{"fileFormat":"wav","fileSize":3255118,"duration":101720,"samplingBit":16,"channelCount":1,"samplingRate":"16kHz","audioPath":"/Mock/07.ProductionManufacturing/Male/Experienced/ckmk_a_mm_m_e_237570.wav"}}}