{"version":"1.0","dataSet":{"info":{"date":"20230116","occupation":"MM","channel":"MOCK","place":"ONLINE","gender":"MALE","ageRange":"45-54","experience":"EXPERIENCED"},"question":{"raw":{"text":"일을 하다 보면 여러 가지 일이 생깁니다 면접자분 만약에 당 생산에 차질이 생겼을 때는 어떤 행동을 취하시는게습니까","wordCount":17},"emotion":[],"intent":[]},"answer":{"raw":{"text":"어 이 질문은 제가 처해 있는 그 직책과 위치에 따라서 좀 다를 것 같은데 일단 저게 만약에 생산 라인에 있는 그냥 일 개 직원이라고 하면 저는 일단 제 생산 라인에 어떤 문제가 있는지 어 그것을 확인할 것 같습니다. 어 일단 제 생산 라인에서 어 기존과 다른 어떤 뭐 문제가 있는지 없는지를 확인해 가지고 이것을 보호하겠습니다. 하지만 제가 그 생산 라인에 뭐 책임자라든지 이런 위치에 있다 라고 하면 어 전체적으로 시스템을 점검할 것 같습니다. 전체적으로 시스템을 한번 점검해 보고 이 시스템에 어떤 문제가 있는지 등을 확인하고 담당 기술자나 어 이런 사람을 불러 가지고 확인할 것 같습니다. 물론 당연히 그 제 상관 직속 상관이라든지 그 체계에 따른 보고자한테 보고자한테는 보고를 하겠습니다. 그리고 생산에 차질이 생겼다 라는 것은 결국 그 라인이나 공정에 어떤 문제가 있는 것이기 때문에 전문가의 도움이 필요하다고 생각을 합니다. 각자 각 라인의 담당자에게 자신의 라인에서 어떤 문제가 있는지 그 유무를 파악하고 어 전문가를 불러 가지고 시스템이라든지 과정에 어떤 오류가 있거나 그런 것이 아닌지 확인해 보는 것이 맞는 것 같습니다.","wordCount":159},"emotion":[],"intent":[{"text":"","expression":"","category":"attitude"}],"summary":{"text":"생산 라인의 1개 직원이라고 하면 생산 라인에 문제가 있는지 확인할 것 같습니다. 책임자 라고 한다면 시스템을 전체적으로 점검하고 담당 기술자나 이런 사람을 불러 가지고 확인 할 것입니다. 생산에 차질이 생겼다 라는 것은 라인이나 공정에 문제가 있는 것이기 때문에 전문가의 도움이 필요하다고 생각합니다.","wordCount":42}}},"rawDataInfo":{"question":{"fileFormat":"wav","fileSize":343118,"duration":10720,"samplingBit":16,"channelCount":1,"samplingRate":"16kHz","audioPath":"/Mock/07.ProductionManufacturing/Male/Experienced/ckmk_q_mm_m_e_140912.wav"},"answer":{"fileFormat":"wav","fileSize":2752718,"duration":86020,"samplingBit":16,"channelCount":1,"samplingRate":"16kHz","audioPath":"/Mock/07.ProductionManufacturing/Male/Experienced/ckmk_a_mm_m_e_140912.wav"}}}