{"version":"1.0","dataSet":{"info":{"date":"20230116","occupation":"MM","channel":"MOCK","place":"ONLINE","gender":"MALE","ageRange":"55-","experience":"EXPERIENCED"},"question":{"raw":{"text":"어 지원자님께서는 최근에 재미있게 있는 재미있게 하고 있는 일이 있으신가요 있으시다면 어 어떤 일이 재미있는지도 함께 말씀해 주시기를 바랍니다","wordCount":19},"emotion":[],"intent":[]},"answer":{"raw":{"text":"인간은 항상 음 재미를 추구하고 또 그리 그걸 통해서 또 스트레스도 어 덜 받고 그러다 보면 또 인생사 아 또 어 재미있는 과정에서 어 또 살아가는 어 또 희망도 느낄 것 같습니다. 그래서 그 어 항상 재미있는 일을 해야 되는데요. 어 그것을 위해서는 자기 계발이 중요하다고 생각을 하고요. 어 저는 골프를 좋아합니다. 그래서 어 항상 라운딩을 가게 되면 어 친근해지는 지인들과 함께 에 또 어 잔디를 밟고 거닐면서 대화하고 어 또는 어 또 어 타수를 줄이는 여러 가지 요인들이 있는데요. 열심히 해서 타수를 줄이면 거기에 따르는 또 재미있고 어 유익한 그런 생활이 되더라구요. 그래서 저는 항상 골프에 관심이 많았고 또 현재도 골프를 열심히 하고 있습니다. 그래서 그 제일 재미있는 것은 음 골프인 것 같습니다. 그서 어 쪼그만 내키도 하면서 거기에 또 어 따르는 또 어 이겼을 때의 그런 어 즐거움이라는 게 에 저로서는 제일 요즘 하고 있는 일 중에 에 제일 지금 재미 있다고 말씀드릴 수가 있습니다.","wordCount":147},"emotion":[{"text":"그래서 저는 항상 골프에 관심이 많았고 또 현재도 골프를 열심히 하고 있습니다.","expression":"p-interest","category":"positive"},{"text":"그서 어 쪼그만 내키도 하면서 거기에 또 어 따르는 또 어 이겼을 때의 그런 어 즐거움이라는 게 에 저로서는 제일 요즘 하고 있는 일 중에 에 제일 지금 재미 있다고 말씀드릴 수가 있습니다.","expression":"p-happiness","category":"positive"}],"intent":[{"text":"","expression":"","category":"attitude"}],"summary":{"text":"인간은 재미를 추구하고 스트레스를 덜 받다 보면 인생사에서 또 재미있는 과정에서 살아가는 희망도 느낄 것 같습니다. 항상 재미있는 일을 해야 되는데, 그것을 위해서는 자기 계발이 중요하다고 생각합니다. 저는 골프를 좋아합니다. 제일 재미있는 것은 골프이고 제일 지금 재미 있다고 말할 수 있습니다.","wordCount":41}}},"rawDataInfo":{"question":{"fileFormat":"wav","fileSize":500238,"duration":15630,"samplingBit":16,"channelCount":1,"samplingRate":"16kHz","audioPath":"/Mock/07.ProductionManufacturing/Male/Experienced/ckmk_q_mm_m_e_235661.wav"},"answer":{"fileFormat":"wav","fileSize":3692878,"duration":115400,"samplingBit":16,"channelCount":1,"samplingRate":"16kHz","audioPath":"/Mock/07.ProductionManufacturing/Male/Experienced/ckmk_a_mm_m_e_235661.wav"}}}