{"version":"1.0","dataSet":{"info":{"date":"20230116","occupation":"MM","channel":"MOCK","place":"ONLINE","gender":"MALE","ageRange":"35-44","experience":"EXPERIENCED"},"question":{"raw":{"text":"협업을 할 일이 많이 생길 수 있습니다 이전 직장에서나 대학에서 협업을 할 때 어려운 점은 없으셨는지요","wordCount":16},"emotion":[],"intent":[]},"answer":{"raw":{"text":"아 협업을 하는 데 있어서 협동심을 키우는 이 이 일이 있어서 직장에서나 어떤 팀에서나 매우 중요한 부분입니다. 그런 부분에서 이제 어려운 점이라고 하자면은 이제 뭐 부족한 부분이나 뭐 이럴 수가 있는데 협업을 하는 데 제일 생길 수 있었던 어려운 점이라고 하자면은 그 팀이 어 협업이 잘 되지 않는 데는 분명한 갈등 요소가 있을 것입니다. 이제 그렇게 됐을 때 이제 협동심이라든지 하나의 방향으로 팀의 성과를 위해서 달려가는 데 있어서 점점 더 무기력해지고 무의미하다고 판단이 되면은 그 팀은 이제 점점 발전될 수가 없고 쇠퇴하게 될 겁니다. 그런 것들을 방지하기 위해서는 그 팀웍이라고 하는 팀의 그 확률을 높여 줘야 하는데 그런 부분들을 없애기 위해서는 사람 대 사람으로 대하고 한 명의 팀원으로 가서 아무리 말단 사원이라도 그 역할을 충분하게 부여하고 그 역할에 대한 칭찬과 배려 이런 성과에 대한 인정들이 있다고 하면은 그 직장에서의 그 구성원들이 좀 더 힘을 낼 수 있고 자기들의 목표를 위해서 달려갈 수 있을 것입니다. 그런 부분들이 협업을 할 때 어려운 부분이 될 것 같습니다. 이상입니다.","wordCount":155},"emotion":[],"intent":[{"text":"아 협업을 하는 데 있어서 협동심을 키우는 이 이 일이 있어서 직장에서나 어떤 팀에서나   매우 중요한 부분입니다.","expression":"c_cop","category":"personality"}],"summary":{"text":"협업을 할 때 협동심을 키우는 것은 매우 중요합니다. 협업이 잘 되지 않을 때는 분명한 갈등 요소가 있을 것이고, 그렇게 됐을 때 팀이 점점 더 무기력해질 것입니다. 그런 것들을 방지하기 위해서는 팀웍이라고 하는 팀의 확률을 높여야 하는데, 그 역할을 충분히 부여하고 성과에 대한 인정을 받으면 좀 더 힘을 낼 수 있을 것입니다.","wordCount":51}}},"rawDataInfo":{"question":{"fileFormat":"wav","fileSize":333518,"duration":10420,"samplingBit":16,"channelCount":1,"samplingRate":"16kHz","audioPath":"/Mock/07.ProductionManufacturing/Male/Experienced/ckmk_q_mm_m_e_191994.wav"},"answer":{"fileFormat":"wav","fileSize":2713038,"duration":84780,"samplingBit":16,"channelCount":1,"samplingRate":"16kHz","audioPath":"/Mock/07.ProductionManufacturing/Male/Experienced/ckmk_a_mm_m_e_191994.wav"}}}