{"version":"1.0","dataSet":{"info":{"date":"20230116","occupation":"MM","channel":"MOCK","place":"ONLINE","gender":"MALE","ageRange":"55-","experience":"EXPERIENCED"},"question":{"raw":{"text":"어 만약에 타 부서와 갈등 상황이 발생을 한다고 가정을 해봅시다 어 이 상황에서 본인이 어떻게 해결할 건지 궁금한데요 상황을 가정하고 딱 말씀을 해 주시기 바랍니다","wordCount":25},"emotion":[],"intent":[]},"answer":{"raw":{"text":"항상 그 회사에서 일을 하다보면 이 타 부서와 어 굉장히 에 갈등 상황이 발생할 수가 있습니다. 그러한 일들은 아마 어 업무를 보내 봄에 있어서 어 없을 수가 없구요. 어 또 거기에 따라서 갈등이 있으면 그 갈등을 해결하는 자세가 굉장히 중요하다고 생각을 합니다. 억지로 밀어붙여서 어 타 부서에게 상처를 주면서까지 갈등을 해소 할려고 하면 어 나중에는 또 더 큰 어 재난이 올 수 있기 때문에 항상 협의하에 해야 되는데 그 협의를 하는 게 굉장히 어렵습니다. 어 그래서 전체적인 회의도 필요하지만 저는 어 거기에 그 걸맞게 에 또 맨투맨으로 어 설득하고 또 에 상황을 에 정황을 정리하는 그런 형태가 좋다고 생각을 합니다. 항상 내 주장만 해서 어 또 그 관철이 된다고 그 갈등이 해소된다고 보지는 않고 있습니다.","wordCount":115},"emotion":[],"intent":[{"text":"어 그래서 전체적인 회의도 필요하지만 저는 어 거기에 그 걸맞게 에 또 맨투맨으로 어 설득하고 또 에 상황을 에 정황을 정리하는 그런 형태가 좋다고 생각을 합니다.","expression":"c_value","category":"background"}],"summary":{"text":"갈등이 있으면 해결하는 자세가 중요합니다. 협의를 하는 게 굉장히 어렵습니다. 전체적인 회의도 필요하지만 그에 맞게 맨투맨으로 설득하고 상황을 정리하는 형태가 좋습니다.","wordCount":21}}},"rawDataInfo":{"question":{"fileFormat":"wav","fileSize":544398,"duration":17010,"samplingBit":16,"channelCount":1,"samplingRate":"16kHz","audioPath":"/Mock/07.ProductionManufacturing/Male/Experienced/ckmk_q_mm_m_e_186779.wav"},"answer":{"fileFormat":"wav","fileSize":2880078,"duration":90000,"samplingBit":16,"channelCount":1,"samplingRate":"16kHz","audioPath":"/Mock/07.ProductionManufacturing/Male/Experienced/ckmk_a_mm_m_e_186779.wav"}}}