{"version":"1.0","dataSet":{"info":{"date":"20230116","occupation":"MM","channel":"MOCK","place":"ONLINE","gender":"MALE","ageRange":"35-44","experience":"EXPERIENCED"},"question":{"raw":{"text":"당신은 지방 근무를 할 수 있는가에 대해 의견을 말해보시오","wordCount":9},"emotion":[],"intent":[]},"answer":{"raw":{"text":"지방에 내려가서 근무하는 것은 크게 문제가 되지 않습니다. 이유는 이 회사가 좋아서 들어왔기 때문에 물론 수도권이나 서울에서 근무하는 것이 지금 제가 거주하고 있는 곳에 이점이 있어 좋지만 지방을 내려가게 되면 그에 대한 보상안이 마련한다면 충분히 내려가서 많은 업무를 배울 수 있고 지방의 특색을 또 경험할 수 있다고 생각합니다. 대신에 지방에 내려가게 되면 너무 심심하거나 아니면 비용이 많이 들 수도 있으니 회사에서 비용적인 혜택 인사적인 고과 그다음에 퇴근 후에 동호회 활동을 지원해 줄 수 있는지를 확답을 해주시면 지방에 내려가서도 충분히 업무를 할 수 있습니다. 그리고 삼 년에서 오 년 정도 지난 다음에 보직 순환을 통해서 다시 서울 경기 같은 수도권으로 배치될 수 있는지에 대한 확답을 주시면 지방 근무는 전혀 문제가 되지 않다고 생각합니다.","wordCount":112},"emotion":[],"intent":[{"text":"","expression":"","category":"attitude"}],"summary":{"text":"회사 입장에서 지방에 내려가서 근무하는 것은 문제가 되지 않습니다. 지방에 내려가면 많은 업무를 배울 수 있고 지방의 특색을 또 경험할 수 있습니다. 대신에 회사에서 비용적인 혜택 인사적인 고과 그리고 동호회 활동을 지원해 줄 수 있는지를 확답을 해주면 충분히 업무를 할 수 있다고 생각합니다.","wordCount":43}}},"rawDataInfo":{"question":{"fileFormat":"wav","fileSize":320078,"duration":10000,"samplingBit":16,"channelCount":1,"samplingRate":"16kHz","audioPath":"/Mock/07.ProductionManufacturing/Male/Experienced/ckmk_q_mm_m_e_177632.wav"},"answer":{"fileFormat":"wav","fileSize":1763278,"duration":55100,"samplingBit":16,"channelCount":1,"samplingRate":"16kHz","audioPath":"/Mock/07.ProductionManufacturing/Male/Experienced/ckmk_a_mm_m_e_177632.wav"}}}