{"version":"1.0","dataSet":{"info":{"date":"20230116","occupation":"MM","channel":"MOCK","place":"ONLINE","gender":"MALE","ageRange":"55-","experience":"EXPERIENCED"},"question":{"raw":{"text":"지원자님께서 대학 생활을 보내면서 가장 힘들었던 경험은 무엇일까요 또한 그것을 어떻게 극복했는지도 말씀해 주세요 듣고 싶습니다","wordCount":16},"emotion":[],"intent":[]},"answer":{"raw":{"text":"어 저는 대학 생활을 조금 어 남들보다 늦게 에 에 학업을 했기 때문에 굉장히 어려운 게 많았습니다. 어 동료 어 그 같은 학우하고 또 나이 차이가 많아서 굉장히 언어 소통이라든가 또 세대 차이라든가 이런 걸 많이 느껴서 어 굉장히 어려웠었구요. 어 그것을 이겨낼려고 어 또 어 그 친구들을 그 과을 시간을 많이 가졌습니다. 학습 외에 에 또 함께 나가서 또 제가 사회적으로 어 그 늦게 들어간 것이 있기 때문에 나이도 많고 해서 제가 어 밥도 어 사면서 그 친구들하고 어 원활한 어 소통을 할려고 노력했던 기억이 납니다. 그리고 음 다니다 보니까 어 또 나이가 들어서 어 굉장히 영어가 기본적으로 기초가 되어 있지 않아서 굉장히 어려웠던 적이 있습니다. 그래서 그 친구들하고 함께 스터디도 하면서 극복했던 기억이 납니다.","wordCount":116},"emotion":[],"intent":[{"text":"","expression":"","category":"attitude"}],"summary":{"text":"저는 남들보다 늦게 대학에 들어갔기 때문에 언어 소통이나 세대 차이 같은 걸 많이 느껴서 어려웠고, 그것을 이겨낼려고 사람들과 시간을 많이 가졌습니다. 또 사회적으로 늦게 들어간 것이 있어서 나이 많은 친구들하고 소통을 하려고 노력했던 기억이 납니다.","wordCount":35}}},"rawDataInfo":{"question":{"fileFormat":"wav","fileSize":529358,"duration":16540,"samplingBit":16,"channelCount":1,"samplingRate":"16kHz","audioPath":"/Mock/07.ProductionManufacturing/Male/Experienced/ckmk_q_mm_m_e_188351.wav"},"answer":{"fileFormat":"wav","fileSize":2831438,"duration":88480,"samplingBit":16,"channelCount":1,"samplingRate":"16kHz","audioPath":"/Mock/07.ProductionManufacturing/Male/Experienced/ckmk_a_mm_m_e_188351.wav"}}}