{"version":"1.0","dataSet":{"info":{"date":"20230116","occupation":"MM","channel":"MOCK","place":"ONLINE","gender":"MALE","ageRange":"55-","experience":"EXPERIENCED"},"question":{"raw":{"text":"만약 상사가 업무와 무관한 일을 시켜도 잘 수행할 자신이 있으십니까 혹은 수행하지 않을 것인지 궁금합니다","wordCount":15},"emotion":[],"intent":[]},"answer":{"raw":{"text":"오 자신이 있냐고 하면 아니요. 무관한 일이라고 하시니까 저는 네 옷 네 의류 재단 가공 이런 그 의류 쪽에 관련된 거면 제가 집 전문 분야라면 정말 자신이 있고 잘 해보겠는데 무관하다면 자신이 없죠. 네 그리고 수행을 할 수 있을지도 모를 것 같은데요 아 이거는 너무 좀 음 자신감을 떨어뜨리게 하는 질문이신 것 같은데 네 어느 누가 그렇게 자신 있게 잘 수행을 할 수 있겠어요. 자기가 해본 일과는 전혀 무관한 일을 상사가 준다는데 잔뜩 긴장한 채로 막 허겁지겁 허둥지둥 어리버리하게 그 일 알아보면서 실수 뚝뚝 떨어뜨리면서 해낼 것 같은데 네 그래요. 저는","wordCount":91},"emotion":[],"intent":[{"text":"자기가 해본 일과는 전혀 무관한 일을 상사가 준다는데 잔뜩 긴장한 채로 막 허겁지겁 허둥지둥 어리버리하게 그 일 알아보면서 실수 뚝뚝 떨어뜨리면서 해낼 것 같은데 네 그래요.","expression":"c_adp","category":"personality"}],"summary":{"text":"자기 해본 일과는 전혀 무관한 일을 상사가 준다는데 잔뜩 긴장한 채로 막 허둥지둥 어리버리하게 그 일 알아보면서 실수 뚝뚝 떨어뜨리면서 해낼 것 같은데 네 그래.","wordCount":25}}},"rawDataInfo":{"question":{"fileFormat":"wav","fileSize":361038,"duration":11280,"samplingBit":16,"channelCount":1,"samplingRate":"16kHz","audioPath":"/Mock/07.ProductionManufacturing/Male/Experienced/ckmk_q_mm_m_e_189935.wav"},"answer":{"fileFormat":"wav","fileSize":2831438,"duration":88480,"samplingBit":16,"channelCount":1,"samplingRate":"16kHz","audioPath":"/Mock/07.ProductionManufacturing/Male/Experienced/ckmk_a_mm_m_e_189935.wav"}}}