{"version":"1.0","dataSet":{"info":{"date":"20230116","occupation":"MM","channel":"MOCK","place":"ONLINE","gender":"MALE","ageRange":"-34","experience":"EXPERIENCED"},"question":{"raw":{"text":"만약 본인이 지금 지원한 해당 직무가 아닌 타 부서에 배치되게 된다면 어떻게 하시겠어요 그래도 괜찮으신가요","wordCount":15},"emotion":[],"intent":[]},"answer":{"raw":{"text":"제가 지원한 직무가 아니라고 하더라도 저는 일단 제 저에게 주어진 일에 대해서 최대한 해보려고 노력을 할 것 같습니다. 물론 제가 지원한 직무가 아니기 때문에 배경 지식이 많이 없을 수도 있고 흥미 또한 많이 없을 수도 있지만 그것이 어 커다란 한 회사에서는 분명히 있어야만 하는 일이라고 생각을 하기 때문에 그 일이 이 회사에서는 어떠한 부분을 차지하고 있는지 그리고 내가 흥미를 가지고 있고 내가 지원했었던 분야와는 어떠한 관계가 있는지를 알아보는 것이 저의 개인적인 발전에 있어서도 매우 좋을 것이라고 생각을 하고 다른 직무는 또 어떤 것인지 사실 궁금한 부분도 있어서 그것들을 해보고 싶다고 생각하고 해보려고 노력을 할 거라고 생각합니다.","wordCount":96},"emotion":[],"intent":[{"text":"","expression":"","category":"attitude"}],"summary":{"text":"저는 제가 지원한 직무가 아니라도 주어진 일에 대해 최대한 해보려고 노력할 것 같습니다. 그 일이 이 회사에서는 어떤 부분을 차지하고 있고 흥미가 있고 지원했던 분야와는 어떤 관계가 있는지 알아보는 것이 개인적인 발전에 있어서도 매우 좋을 것이라고 생각합니다.","wordCount":37}}},"rawDataInfo":{"question":{"fileFormat":"wav","fileSize":379278,"duration":11850,"samplingBit":16,"channelCount":1,"samplingRate":"16kHz","audioPath":"/Mock/07.ProductionManufacturing/Male/Experienced/ckmk_q_mm_m_e_293357.wav"},"answer":{"fileFormat":"wav","fileSize":2473678,"duration":77300,"samplingBit":16,"channelCount":1,"samplingRate":"16kHz","audioPath":"/Mock/07.ProductionManufacturing/Male/Experienced/ckmk_a_mm_m_e_293357.wav"}}}