{"version":"1.0","dataSet":{"info":{"date":"20230116","occupation":"MM","channel":"MOCK","place":"ONLINE","gender":"MALE","ageRange":"35-44","experience":"EXPERIENCED"},"question":{"raw":{"text":"만약에 일을 하고 있는데 직무가 적성에 맞지 않는다면 어떻게 하시겠습니까 그 상황을 가정하고 말씀을 해 보시기 바랍니다","wordCount":17},"emotion":[],"intent":[]},"answer":{"raw":{"text":"회사에서 일을 하다 보면은 때로는 자신이 원치 않더라도 해야 할 업무가 생기기는 마련입니다. 이것은 어떻게 보면은 인생에 비유할 수 있는데요. 우리가 살다 보면은 우리가 항상 하고 싶은 일만 하고 살지는 않지 않습니까. 그래서 회사에서 일하는 것 또한 우리가 항상 원하는 직무만 수행하면서 살 수는 없습니다. 그렇기 때문에 에 이 맡은 일을 하던 중 맡은 직무가 적성에 많지 않더라도 우리는 그 직무를 조금 음 참으면서 어 참는다기보다는 그 직무를 어 너무 힘들고 어렵게 생각하지 않고 어 수행하는 것이 중요하다고 할 수 있는데요. 어 이럴 때는 저 저 같은 경우는 이런 경우에는 조금 제 스스로를 그 직무에 맞게 변화를 시킵니다. 그래서 그 직무가 제가 지금까지 했던 경험이나 아니면 능력이 부족하다면 그 능력을 좀 더 키울 수 있게 발전을 시 공부를 좀 더 하고 한다든지 이런 식으로 그 직무에 맞게 저를 조금 변화시키는 스타일입니다. 그래서 이 직무에 스트레스를 받지 않고 일어날 수 있는 원동력이 되는 것이죠.","wordCount":143},"emotion":[],"intent":[{"text":"","expression":"","category":"attitude"}],"summary":{"text":"회사에서 일을 하다 보면, 원하는 직무만 수행하면서 살 수는 없기 때문에, 맡은 일을 하던 중 맡은 직무가 적성에 많지 않더라도 참기보다는 그 직무를 너무 힘들게 생각하지 않고 수행하는 것이 중요하다고 할 수 있습니다. 이런 경우에는 조금 스스로를 그 직무에 맞게 변화를 시키는 스타일입니다. 그래서 스트레스 없이 일어날 수 있는 원동력이 되는 것입니다.","wordCount":52}}},"rawDataInfo":{"question":{"fileFormat":"wav","fileSize":481678,"duration":15050,"samplingBit":16,"channelCount":1,"samplingRate":"16kHz","audioPath":"/Mock/07.ProductionManufacturing/Male/Experienced/ckmk_q_mm_m_e_250234.wav"},"answer":{"fileFormat":"wav","fileSize":2759758,"duration":86240,"samplingBit":16,"channelCount":1,"samplingRate":"16kHz","audioPath":"/Mock/07.ProductionManufacturing/Male/Experienced/ckmk_a_mm_m_e_250234.wav"}}}