{"version":"1.0","dataSet":{"info":{"date":"20230116","occupation":"MM","channel":"MOCK","place":"ONLINE","gender":"MALE","ageRange":"55-","experience":"EXPERIENCED"},"question":{"raw":{"text":"업무를 하다 보면 상사와 트러블이 생길 수 있습니다 이러한 상황에서 지원자님께서는 어떻게 하시겠습니까 또 만약 상사가 혼을 낸다면 기분이 나쁘실 것 같습니까","wordCount":22},"emotion":[],"intent":[]},"answer":{"raw":{"text":"직장 생활을 하다보면 어 어 상사와의 트러블이 예 많이 생깁니다. 그 안 생길 수도 없고 또 인간과 인간의 일이기 때문에 항상 트러블은 많이 있으리라 생각을 합니다. 하나 어 경험도 많고 또 직위도 어 또 저보다 높은 상사분께서 어 트러블이 에 있어서는 안 될 일이라서 저는 굉장히 상사한테 많이 맞추려고 어 노력을 하고 있구요. 또 그렇게 해야지만이 당연히 어 어 에 업무에 집중할 수 그 있겠고 또 거기에 따라서 어 또 회사에 도움이 되지 않을까 생각을 해 봅니다. 또 상사가 혼내면 기분 나쁘지는 않으실까요 하고 물어봤습니다. 어 기분 나쁠 수도 있는데 저는 어 제가 아 무엇인가를 잘못했기 때문에 혼을 내지 않을까 생각을 하고 그것을 반성하려고 노력을 할 거고 또 상사가 아 혼내더래도 기분 나빠하지 않는 어 그런 직원이 되겠습니다.","wordCount":118},"emotion":[],"intent":[{"text":"","expression":"","category":"attitude"}],"summary":{"text":"인간과 인간의 일이므로 항상 상사와의 트러블이 많이 생깁니다. 저보다 높은 상사분께서 트려블에 있어서는 안 될 일이라고 하셨습니다. 그렇게 해야 업무에 집중할 수 있고 회사에 도움이 될 것이라고 생각합니다. 상사가 혼내더라도 기분 나빠하지 않는 직원이 되겠습니다.","wordCount":35}}},"rawDataInfo":{"question":{"fileFormat":"wav","fileSize":565198,"duration":17660,"samplingBit":16,"channelCount":1,"samplingRate":"16kHz","audioPath":"/Mock/07.ProductionManufacturing/Male/Experienced/ckmk_q_mm_m_e_188285.wav"},"answer":{"fileFormat":"wav","fileSize":2860558,"duration":89390,"samplingBit":16,"channelCount":1,"samplingRate":"16kHz","audioPath":"/Mock/07.ProductionManufacturing/Male/Experienced/ckmk_a_mm_m_e_188285.wav"}}}