{"version":"1.0","dataSet":{"info":{"date":"20230116","occupation":"MM","channel":"MOCK","place":"ONLINE","gender":"MALE","ageRange":"-34","experience":"EXPERIENCED"},"question":{"raw":{"text":"자신만의 스트레스 해소법이 있으신가요 있다면 그것은 무엇이고 왜 그 방법으로 스트레스를 해소하시는지 함께 말씀해 주세요","wordCount":15},"emotion":[],"intent":[]},"answer":{"raw":{"text":"스트레스를 받게 되면 일단은 그 스트레스를 받게 된 상황과 그 문제 가운데서 벗어나야만 그러한 것들을 해소를 시킬 수 있다고 생각합니다. 물론 그 스트레스가 해결해야만 되는 것이라면 어쩔 수 없이 해결을 해야 되겠지만 그럼에도 스트레스가 계속 쌓이고 한다면 그것들을 상황을 나가야 되는데 저는 그럴 때 주로 몸을 많이 쓰고 그것들을 생각하지 않을 수도 있게끔 하는 거 같습니다. 그래서 운동을 하러 나간다거나 아니면 노래를 노래방에 가서 노래를 부른다거나 함으로써 일단 내 안에 잠재되어 있고 내 안에 계속 어 하나 하나씩 쌓여져 나가 있던 그 스트레스 화들을 밖으로 방출을 시키고 발산해내야 내 안에서 곪아서 터진다거나 하는 일이 없다고 생각을 하기 때문에 제가 받는 스트레스들은 너무 안에서 곪아서 써 터지지 않도록 중간 중간에 발산할 수 있도록 해야 하는데 이제 저 같은 경우에는 몸도 움직이고 소리를 지르면서 그러한 것들을 해소하는 거 같습니다.","wordCount":127},"emotion":[],"intent":[{"text":"","expression":"","category":"attitude"}],"summary":{"text":"스트레스 받으면 그 상황과 문제 가운데서 벗어나야만 스트레스를 해소할 수 있습니다. 그런데 계속 스트레스가 쌓이면 몸을 많이 쓰고 생각치 않게 됩니다. 그래서 운동이나 노래를 통해 스트레스 화를 방출시키고 발산해야 합니다. 그런데 이제 저 같은 경우에는 몸도 움직이고 소리를 지르면서 해소하는 것 같습니다.","wordCount":42}}},"rawDataInfo":{"question":{"fileFormat":"wav","fileSize":612558,"duration":19140,"samplingBit":16,"channelCount":1,"samplingRate":"16kHz","audioPath":"/Mock/07.ProductionManufacturing/Male/Experienced/ckmk_q_mm_m_e_288207.wav"},"answer":{"fileFormat":"wav","fileSize":2866638,"duration":89580,"samplingBit":16,"channelCount":1,"samplingRate":"16kHz","audioPath":"/Mock/07.ProductionManufacturing/Male/Experienced/ckmk_a_mm_m_e_288207.wav"}}}