{"version":"1.0","dataSet":{"info":{"date":"20230116","occupation":"MM","channel":"MOCK","place":"ONLINE","gender":"MALE","ageRange":"35-44","experience":"EXPERIENCED"},"question":{"raw":{"text":"어 지원자님께서 커뮤니케이션을 하면서 잘 할 수 있는 본인만의 스킬이나 노하우가 있다면 한 번 소개해 주시겠어요 저희에게 직접 보여 주셔도 좋습니다","wordCount":21},"emotion":[],"intent":[]},"answer":{"raw":{"text":"커뮤니케이션을 가장 잘 할 수 있는 방법 중의 하나는 바로 소통을 원활하게 하는 것이고 공감대를 형성하는 것입니다. 심리학에서는 이것을 공감대 형성 라프라고 하는데요. 이 라프를 형성하기 위한 가장 중요한 것이 상대방의 의견에 동조하고 상대방에 관심 있는 주제를 제가 먼저 화제 전환을 함으로써 상대방이 그것을 많이 이야기 할 수 있도록 도와주는 것입니다. 그리고 의견 청취를 잘해주는 굿 리스너가 되면 사람들은 이것에 대해서 굉장히 관심을 갖습니다. 예를 들어서 한 번 보여드리겠습니다. 아이 김대리 어저께 보니까 골프에 대해서 굉장히 관심이 많은 것 같은데 혹시 골프는 몇 타 정도 치나요. 그러면 김대리가 아 저는 스크린에서는 백타 필드에서는 한 백 오 타 정도 칩니다. 그러면 제가 이제 또 그렇게 묻습니다. 그러면 필드는 한 달에 몇 번 정도 나가나요. 나가게 되면 드라이버는 몇 몇 미터 정도 나오나요 라고 물어보면 김대리는 그때 부터 이제 신나서 제가 실제로 스크린 골프장에서 어쩔 때 잘 나올 땐 구십 타까지 나올 때는 드라이버로 이백 삼십 미터에서 이백 오십 미터 치고 있습니다. 휠드에서는 잘 나올 때는 이백 미터 정도 치는데 요즘은 힘이 붙었는지 이백 십 미터 정도 나오고 있습니다 라고 지속적으로 얘기할 때마다 전 인제 그 김대리의 리액션을 해주기 시작합니다. 그것이 저의 커뮤니케이션 스킬입니다.","wordCount":182},"emotion":[],"intent":[{"text":"","expression":"","category":"attitude"}],"summary":{"text":"공감대 형성 라프란 상대방의 의견에 동조하고 관심 있는 주제를 먼저 화제 전환함으로써 상대방이 그것을 많이 이야기 할 수 있도록 도와주는 것입니다. 그리고 의견 청취를 잘해주는 굿 리스너가 되면 사람들은 이것에 대해서 굉장히 관심을 갖습니다.","wordCount":34}}},"rawDataInfo":{"question":{"fileFormat":"wav","fileSize":533838,"duration":16680,"samplingBit":16,"channelCount":1,"samplingRate":"16kHz","audioPath":"/Mock/07.ProductionManufacturing/Male/Experienced/ckmk_q_mm_m_e_163164.wav"},"answer":{"fileFormat":"wav","fileSize":2764238,"duration":86380,"samplingBit":16,"channelCount":1,"samplingRate":"16kHz","audioPath":"/Mock/07.ProductionManufacturing/Male/Experienced/ckmk_a_mm_m_e_163164.wav"}}}