{"version":"1.0","dataSet":{"info":{"date":"20230116","occupation":"MM","channel":"MOCK","place":"ONLINE","gender":"MALE","ageRange":"45-54","experience":"EXPERIENCED"},"question":{"raw":{"text":"자 예를 들어서 현대차에서 그 밑에 이제 일 차 벤더한테 뭐 언제까지 어 다음 주까지 타이어를 만들어 주세요 했어요 근데 생산에 우리 공장이 안 돼 더 안 돌아가 그면 차질이 생겼을 때 어떻게 행동을 할 것인지 대처를 할 것인지요","wordCount":39},"emotion":[],"intent":[]},"answer":{"raw":{"text":"생산이라는 것은 정해진 규칙에 의해서 제품이 생산되는 것입니다. 그런데 생산에 차질이 생겼다 라는 것은 무언가 라인에 문제가 있다는 것이고 그 문제점을 해결해야 된다고 생각을 합니다. 어 일단 제가 담당 직원이라고 그러면 각각 그 라인에 담당자가 있을 겁니다. 그 담당자가 자기가 맡은 파트에 대해서 무슨 문제가 있는지 문제는 없는지 어 일단 점검을 하고 확인을 하는 것이 먼저라고 생각을 합니다. 그것이 모아져서 어떤 곳에서 문제가 발견된 문제가 발견된다면 그것을 빨리 조치하는 것이 어 다시 생산을 정상화시키는 방법이라고 저는 생각하고 있습니다.","wordCount":78},"emotion":[],"intent":[{"text":"생산이라는 것은 정해진 규칙에 의해서 제품이 생산되는 것입니다.","expression":"f_prod_plan","category":"technology"},{"text":"그런데 생산에 차질이 생겼다 라는 것은 무언가 라인에 문제가 있다는 것이고   그 문제점을 해결해야 된다고 생각을 합니다.","expression":"f_prod_plan","category":"technology"},{"text":"그 담당자가 자기가 맡은 파트에 대해서   무슨 문제가 있는지 문제는 없는지 어 일단 점검을 하고 확인을 하는 것이    먼저라고 생각을 합니다.","expression":"f_prod_plan","category":"technology"},{"text":"그것이 모아져서 어떤 곳에서 문제가 발견된 문제가 발견된다면   그것을 빨리 조치하는 것이 어 다시 생산을 정상화시키는 방법이라고 저는   생각하고 있습니다.","expression":"f_prod_plan","category":"technology"}],"summary":{"text":"정해진 규칙에 의해서 제품이 생산되는데, 생산에 차질이 생겼다 라는 것은 라인에 문제가 있다는 것이고 그 문제점을 해결해야 한다고 생각합니다. 문제 발견 시 빨리 조치를 하는 것이 생산을 정상화시키는 방법이라고 생각합니다.","wordCount":30}}},"rawDataInfo":{"question":{"fileFormat":"wav","fileSize":666958,"duration":20840,"samplingBit":16,"channelCount":1,"samplingRate":"16kHz","audioPath":"/Mock/07.ProductionManufacturing/Male/Experienced/ckmk_q_mm_m_e_153303.wav"},"answer":{"fileFormat":"wav","fileSize":1541198,"duration":48160,"samplingBit":16,"channelCount":1,"samplingRate":"16kHz","audioPath":"/Mock/07.ProductionManufacturing/Male/Experienced/ckmk_a_mm_m_e_153303.wav"}}}