{"version":"1.0","dataSet":{"info":{"date":"20230116","occupation":"MM","channel":"MOCK","place":"ONLINE","gender":"MALE","ageRange":"55-","experience":"EXPERIENCED"},"question":{"raw":{"text":"피곤하다 할 때 그 피로에 대해 설명하실 수 있나요 구체적인 예를 들어서 최대한 자세하게 피로에 대해 설명해 주세요","wordCount":18},"emotion":[],"intent":[]},"answer":{"raw":{"text":"에 우리가 회사 생활을 한다든가 일상적으로 생활을 하더래도 항상 저의 곁에는 에 피곤함이 따라 다닙니다. 그 피곤함은 어 딱히 설명드릴 수는 없지만 항상 몸 몸이 나근하고 또 어떤 일을 하기 싫을 때가 굉장히 피곤하다 라고 어 말할 수 있습니다. 그럴 때는 좀 쉬어야 되고요. 어 저는 어려서부터 간이 좀 안 좋은 그런 현상들이 많이 와서 피곤함을 자주 느낍니다. 그럴 때마다 또 운동으로 극복을 했구요. 어 또 어 그 운동으로 인해서 어 많은 또 스트레스 해소가 되더라구요. 그래서 어 피곤할 때는 항상 어 어 쉬는 게 에 정답이다 이렇게 말씀드리고 싶구요. 이 피곤함은 항상 뭐가 하기 싫고 어 또는 어 누구에게 의지할려고 하고 또 아무 것도 하지 않을려는 그런 게 피곤이라고 생각을 하거든요. 그럴 땐 항상 휴식이 중요하고요. 또 거기에 따르는 또 정신적인 마음가짐도 필요합니다. 거기에 따라서 그 피곤을 이겨서 어 항상 어 모든 생활을 일상 생활을 해야 된다 라고 생각을 합니다.","wordCount":141},"emotion":[],"intent":[{"text":"어 저는 어려서부터 간이 좀 안 좋은 그런 현상들이 많이 와서 피곤함을 자주 느낍니다.","expression":"c_private","category":"background"}],"summary":{"text":"회사 생활이나 일상적인 생활을 하더라도 항상 제 곁에는 피곤함이 따라 다니는데, 그럴 때는 항상 휴식이 중요하며 정신적인 마음가짐도 필요합니다. 그 피곤을 이겨서 항상 모든 생활을 일상 생활을 해야 된다 라고 생각합니다.","wordCount":31}}},"rawDataInfo":{"question":{"fileFormat":"wav","fileSize":599758,"duration":18740,"samplingBit":16,"channelCount":1,"samplingRate":"16kHz","audioPath":"/Mock/07.ProductionManufacturing/Male/Experienced/ckmk_q_mm_m_e_237564.wav"},"answer":{"fileFormat":"wav","fileSize":3372878,"duration":105400,"samplingBit":16,"channelCount":1,"samplingRate":"16kHz","audioPath":"/Mock/07.ProductionManufacturing/Male/Experienced/ckmk_a_mm_m_e_237564.wav"}}}