{"version":"1.0","dataSet":{"info":{"date":"20230116","occupation":"MM","channel":"MOCK","place":"ONLINE","gender":"MALE","ageRange":"35-44","experience":"EXPERIENCED"},"question":{"raw":{"text":"네이버 다음 구글의 검색을 비교해 보시고 각각의 검색 엔진들에 차이점이나 장단점을 저희에게 설명해 주시겠어요","wordCount":14},"emotion":[],"intent":[]},"answer":{"raw":{"text":"네이버는 우리나라 사람 오십 퍼센트 이상이 사용하고 있는 국민 검색 엔진입니다. 다양한 내용을 보여주며 다양한 플랫폼과 연동이 되어 있습니다. 카페 블로그 포스팅 네이버 티비 또는 스마트 스토어 같은 판매 플랫폼까지 모두 연계되어 한눈에 모든 것을 확인할 수 있지만 너무 가끔 검색 엔진에서 키워드를 쳤을 때는 쇼핑이나 돈 되는 광고를 먼저 보여 줘서 광고라고 쓰여있는 것들은 거부감이 생기게 되어 있습니다. 그리고 너무 광고비가 비싸 많은 사람들이 네이버를 쓰는 것을 좀 꺼려하고 있습니다. 다음은 이십 년 전에 한메일이라는 것으로 유명해지면서 국민 검색 엔진이었다가 오 년 전에 카카오에 인수되기 시작하면서 아주 불편한 검색 엔진이 됐고 지금은 점유율 오 퍼센트 미만의 검색 엔진으로 사람들이 많이 사용을 하지 않고 있습니다. 구글은 현재 대한민국에서 사십 오 퍼센트 이상의 점유율을 갖고 있고 다양한 장점을 갖고 있습니다. 구글링이라고 하는 구글을 통해서 전세계 모든 자료를 찾아볼 수 있고 삼십 초 안에 다운로드도 가능하며 특히 유튜브를 인수하고 난 다음부터 유튜브와 비슷한 정보들을 같이 검색할 수 있습니다. 키워드를 영어로 치면 외국에 있는 사이트도 검색할 수 있고 아이피라든가 국가만 변경을 해도 다양한 정보를 한눈에 파악할 수 있는 것이 있습니다.","wordCount":167},"emotion":[{"text":"네이버는 우리나라 사람 오십 퍼센트 이상이 사용하고 있는 국민 검색 엔진입니다.","expression":"u-fact","category":"neutral"},{"text":"구글은 현재 대한민국에서 사십 오 퍼센트 이상의 점유율을 갖고 있고 다양한 장점을 갖고 있습니다.","expression":"u-fact","category":"neutral"}],"intent":[{"text":"","expression":"","category":"attitude"}],"summary":{"text":"네이버는 우리나라 사람 오십 퍼센트 이상이 사용하는 국민 검색 엔진으로 다양한 내용을 보여주며 다양한 플랫폼과 연동이 되어 있어 한눈에 모든 것을 확인할 수 있지만 너무 광고비가 비싸 많은 사람들이 사용을 꺼려하고 있습니다. 다음은 아주 불편한 검색 엔진이 됐고 지금은 점유율이 5퍼센트 미만의 검색엔진으로 사람들이 많이 사용을 하지 않습니다. 구글은 현재 대한민국에서 45퍼센트 이상의 점유율을 갖고 있고 다양한 장점을 갖고 있습니다.","wordCount":60}}},"rawDataInfo":{"question":{"fileFormat":"wav","fileSize":367118,"duration":11470,"samplingBit":16,"channelCount":1,"samplingRate":"16kHz","audioPath":"/Mock/07.ProductionManufacturing/Male/Experienced/ckmk_q_mm_m_e_191585.wav"},"answer":{"fileFormat":"wav","fileSize":2813838,"duration":87930,"samplingBit":16,"channelCount":1,"samplingRate":"16kHz","audioPath":"/Mock/07.ProductionManufacturing/Male/Experienced/ckmk_a_mm_m_e_191585.wav"}}}