{"version":"1.0","dataSet":{"info":{"date":"20230116","occupation":"MM","channel":"MOCK","place":"ONLINE","gender":"MALE","ageRange":"55-","experience":"EXPERIENCED"},"question":{"raw":{"text":"지원자님께서 그동안 진행해 오셨던 프로그램들 중에 가장 기억에 남은 프로젝트가 있었다면 그 어떤 점에서 기억이 남았는지 알고 싶습니다","wordCount":18},"emotion":[],"intent":[]},"answer":{"raw":{"text":"어 저는 어 프로젝트가 여러 가지 있는데 제일 어 기억에 남는 것은 어 신문이란 음 회사에서 음 프로젝트를 했던 기억이 납니다. 그 프로젝트는 어 어 오프랜드 있는 비키 이 이 그 오프랜들이 각 대학에 에 홍보하는 그런 프로젝트들이 있는데요. 어 전국의 대학교 고등학교가 있었어요. 거기에 직접 찾아가서 홍보를 하지만 게시판이라는 것을 무료로 설치를 해주고 어 거기에서 어 이 광고단의 에 우리 브랜드를 그거 다 접목시켜서 어 각 그 어 학생들이 그 그걸 보고 에 에 또 그 어 그 에 옷을 사고 했든 그런 기억이 납니다. 그래서 좋은 이미지로 어 전국에 있는 대학교에다가 게시판에 설치해서 광고를 했던 데 절로 이 에 나는 기억입니다.","wordCount":103},"emotion":[],"intent":[{"text":"","expression":"","category":"attitude"}],"summary":{"text":"신문에서 한 프로젝트가 가장 기억에 남습니다. 오프랜들을 대학에 홍보하는 프로젝트였는데, 전국의 대학교 고등학교에 가서 무료로 광고를 해주고 우리 브랜드를 접목시켜 학생들이 그 옷을 사고 했었습니다.","wordCount":25}}},"rawDataInfo":{"question":{"fileFormat":"wav","fileSize":503118,"duration":15720,"samplingBit":16,"channelCount":1,"samplingRate":"16kHz","audioPath":"/Mock/07.ProductionManufacturing/Male/Experienced/ckmk_q_mm_m_e_184258.wav"},"answer":{"fileFormat":"wav","fileSize":2798478,"duration":87450,"samplingBit":16,"channelCount":1,"samplingRate":"16kHz","audioPath":"/Mock/07.ProductionManufacturing/Male/Experienced/ckmk_a_mm_m_e_184258.wav"}}}