{"version":"1.0","dataSet":{"info":{"date":"20230116","occupation":"MM","channel":"MOCK","place":"ONLINE","gender":"MALE","ageRange":"55-","experience":"EXPERIENCED"},"question":{"raw":{"text":"면접자님은 혹시 매일 공부하고 있는 분야가 따로 있으실까요 만약 있으시다면 그걸 왜 매일매일 공부하시는지도 함께 말씀 부탁드립니다","wordCount":17},"emotion":[],"intent":[]},"answer":{"raw":{"text":"공부는 끝이 없다고 말씀을 하시는데요. 어 매일 공부하기가 어렵습니다. 에 에 참 큰 각오가 필요한데요. 어 저는 영어를 매일 하고는 있습니다. 많이는 못 하고 있는데 어 그리고 어 공부를 한다는 자체가 제 나름대로는 굉장히 뿌듯한 그런 어 느낌을 받기 때문에 앞으로도 할 것입니다. 어 공부는 어 제가 이 글로벌 시대이기 때문에 영어를 하고 있습니다. 어 스터디 카페 라는 데를 가입을 해 가지고요. 어 거기서 동호 회원들과 함께 에 영어를 어 일 주일에 한 번씩 하고 있는데요. 어 나머지 부분은 집에서 이 시간 나는 대로 한 시간 이 지금 꼭 영어를 할려고 어 노력을 하고 있구요. 어 영어는 어 전문 분야에 가서도 굉장히 이 서로 도 도움을 줄 수 있는 분야이기 때문에 영어는 필수라고 생각을 해서 항상 매일 공부를 영어 공부를 어 많이 하고 있습니다.","wordCount":124},"emotion":[{"text":"많이는 못 하고 있는데 어 그리고 어 공부를 한다는 자체가 제 나름대로는 굉장히 뿌듯한 그런 어 느낌을 받기 때문에 앞으로도 할 것입니다.","expression":"p-achievement","category":"positive"}],"intent":[{"text":"","expression":"","category":"attitude"}],"summary":{"text":"영어는 전문 분야에 가서도 굉장히 도움을 줄 수 있는 분야이기 때문에 필수라고 생각을 해서 항상 매일 공부를 하고 있습니다.","wordCount":19}}},"rawDataInfo":{"question":{"fileFormat":"wav","fileSize":537998,"duration":16810,"samplingBit":16,"channelCount":1,"samplingRate":"16kHz","audioPath":"/Mock/07.ProductionManufacturing/Male/Experienced/ckmk_q_mm_m_e_175292.wav"},"answer":{"fileFormat":"wav","fileSize":2880398,"duration":90010,"samplingBit":16,"channelCount":1,"samplingRate":"16kHz","audioPath":"/Mock/07.ProductionManufacturing/Male/Experienced/ckmk_a_mm_m_e_175292.wav"}}}