{"version":"1.0","dataSet":{"info":{"date":"20230116","occupation":"MM","channel":"MOCK","place":"ONLINE","gender":"MALE","ageRange":"35-44","experience":"EXPERIENCED"},"question":{"raw":{"text":"사람들과 협업을 하며 가장 어려웠던 점이 있다면 무엇이었는지 어떻게 극복했는지 말씀해 주세요","wordCount":12},"emotion":[],"intent":[]},"answer":{"raw":{"text":"아 사람들과 즉 팀원들과의 협업을 하면서 어려웠던 부분은 일단 의사소통이 제일 클 겁니다. 의사소통이 잘 되지 않으면 그 팀웍이 이루어질 수 없고 팀웍이 이뤄지지 않는다면 그 회사나 그 팀원이 성과를 내는 데 굉장히 큰 타격을 입을 것입니다. 그러기 때문에 협업을 이루는 데 제일 중요한 부분이 의사소통이고 사람 대 사람으로서 능률을 키워 줄 수 있는 그런 자세 그런 것들이 갖춰져야 어 건강한 팀원이 될 것이고 건강한 팀이 돼서 그 팀이 어느 한 방향으로 달려 갈 수 있는 그런 부분이 클 겁니다. 그래서 그런 것들이 갖춰져야만 협업이 이루어지고 어 새 팀이 어 커질 수 있는 그런 부분이 될 겁니다. 그런 게 갖춰진다면 이제 팀웍이 만들어질 것입니다. 팀웍이 만들어지면 어느 하나 목표 어느 하나의 방향이 정해질 것인데 그러면 모든 팀원들이 그 쪽을 향해서 볼 수 있고 그 쪽을 방향을 위해서 팀의 목표를 위해서 달려갈 수 있는 원동력이 생길 겁니다. 그런 것들을 극복하는 데 있어서 제일 중요한 것은 이제 경청의 자세 의사소통이 원활하게 될 수 있도록 하는 게 제일 중요할 것 같습니다 이상입니다.","wordCount":159},"emotion":[],"intent":[{"text":"팀웍이 만들어지면 어느 하나 목표   어느 하나의 방향이 정해질 것인데 그러면 모든 팀원들이 그 쪽을 향해서 볼 수 있고 그 쪽을   방향을 위해서 팀의 목표를 위해서 달려갈 수 있는 원동력이 생길 겁니다.","expression":"c_cop","category":"personality"}],"summary":{"text":"팀원들과의 협업을 하면서 어려웠던 부분은 의사소통이 제일 클 것입니다. 의사소통이 잘 되지 않으면 그 회사나 그 팀원이 성과를 내는 데 큰 타격을 입을 것입니다. 그래서 협업을 이루는 데 제일 중요한 부분이 의사소통이고 사람 대 사람으로서 능률을 키워 줄 수 있는 자세 그런 것들이 갖춰져야 건강한 팀원이 될 것이고 그 팀이 어느 한 방향으로 달려 갈 수 있는 그런 부분이 클 것입니다","wordCount":61}}},"rawDataInfo":{"question":{"fileFormat":"wav","fileSize":294478,"duration":9200,"samplingBit":16,"channelCount":1,"samplingRate":"16kHz","audioPath":"/Mock/07.ProductionManufacturing/Male/Experienced/ckmk_q_mm_m_e_191995.wav"},"answer":{"fileFormat":"wav","fileSize":2671438,"duration":83480,"samplingBit":16,"channelCount":1,"samplingRate":"16kHz","audioPath":"/Mock/07.ProductionManufacturing/Male/Experienced/ckmk_a_mm_m_e_191995.wav"}}}