{"version":"1.0","dataSet":{"info":{"date":"20230116","occupation":"MM","channel":"MOCK","place":"ONLINE","gender":"MALE","ageRange":"-34","experience":"EXPERIENCED"},"question":{"raw":{"text":"지원자님께서 그동안 속해 있었던 조직 단체 속에서 지원자님께서 주로 어떤 역할을 해 왔는지 어떤 사람이었는지 설명과 말씀 해 주시겠습니까","wordCount":19},"emotion":[],"intent":[]},"answer":{"raw":{"text":"지켜보는 역할을 주로 많이 했던 것 같아요. 성격상 나서지는 못하고 그렇다고 무작정 뒤로 빠져가지고 아무 것도 안 하고 있기에는 또 그렇게 그 용납이 되지는 않고 무언가를 하기는 해야겠는데 근데 일단 이 돌아가는 상황이 어떤 상황인지를 쪼끔 파악을 해 봐야 되니까 이렇게 뒤로 빠져서 뒤로 빠져서 적극적으로 들어가야 될 때는 들어가고 빠져야 될 때는 빠지는 그런 어떤 조금 거리가 있는 역할을 항상 택했던 것 같아요. 그래서 모든 모임에 그렇게 열심히 참여하지도 그렇게 제외돼 있지도 않았던 것 같아요. 그까 판단했을 때 이 때는 꼭 해야 된다 이 때는 나의 어떤 노력을 통해서라도 나의 어떤 것을 관철시켜야 한다 할 때는 누구에게도 지지 않고 그것을 강하게 주장했었습니다. 그러나 너무나 과열되어서 나의 의견이 아무리 맞더라도 지금 얘기하는 것은 효과가 없을 것이다 라고 판단될 때는 아예 빠졌습니다. 그렇게 거리를 조절하는 그런 역할을 항상 자연스럽게 선택을 했었던 것 같습니다.","wordCount":132},"emotion":[],"intent":[{"text":"","expression":"","category":"attitude"}],"summary":{"text":"어떤 것을 관철시켜야 할 때는 강하게 주장했으나 그것이 효과가 없을 것이라고 판단될 때는 아예 빠졌습니다. 그렇게 거리를 조절하는 역할을 항상 자연스럽게 선택을 했었던 것 같습니다.","wordCount":25}}},"rawDataInfo":{"question":{"fileFormat":"wav","fileSize":421838,"duration":13180,"samplingBit":16,"channelCount":1,"samplingRate":"16kHz","audioPath":"/Mock/07.ProductionManufacturing/Male/Experienced/ckmk_q_mm_m_e_200538.wav"},"answer":{"fileFormat":"wav","fileSize":2909518,"duration":90920,"samplingBit":16,"channelCount":1,"samplingRate":"16kHz","audioPath":"/Mock/07.ProductionManufacturing/Male/Experienced/ckmk_a_mm_m_e_200538.wav"}}}