{"version":"1.0","dataSet":{"info":{"date":"20230116","occupation":"MM","channel":"MOCK","place":"ONLINE","gender":"MALE","ageRange":"55-","experience":"EXPERIENCED"},"question":{"raw":{"text":"우리 회사가 해외로 진출하게 된다면 어느 나라가 좋을까요 그 이유는 무엇일까요","wordCount":11},"emotion":[],"intent":[]},"answer":{"raw":{"text":"요즘은 어 시대가 또 어 글로벌 시대입니다. 그리고 또 특히나 한국은 지리적으로 오도 아니면 인구적으로도 항상 한계가 있기 때문에 에 에 외국으로 어 무조건 진출해야지만 회사가 발전되고 에 광범이 해지지 않을까 생각을 합니다. 예 저는 어 여러 가지로 어 나라들이 많습니다. 어 중국 미국 인도 영국 어 독일 같은 큰 나라들이 많이 있습니다. 허나 지리적으로 어 저희들하고 인접해 있는 중국이 에 제일 좋을 것 같습니다. 그래서 어 물류 비용이라든가 아 또는 어 인건비라든가 이런 부분이 낮기 때문에 굉장히 어 자재 구임 내지는 어 원가가 아 저렴하지 않을까 생각이 들구요. 또 중국은 여러 가지로 어 또 이 쪽에 사업을 하게 되면 연구가 많기 때문에 부가 가치가 높을 것 같습니다. 그래서 저는 에 해외에 이대로 진출한다만 어 중국을 선택하고 싶습니다.","wordCount":118},"emotion":[],"intent":[{"text":"","expression":"","category":"attitude"}],"summary":{"text":"글로벌 시대에서 한국은 지리적, 인구적 한계가 있기 때문에 해외로 무조건 진출해야만 회사가 발전되고 광범 해지지 않을까 생각합니다. 물류 비용이나 인건비가 낮기 때문에 중국과 같은 국가를 선택하고 싶습니다.","wordCount":27}}},"rawDataInfo":{"question":{"fileFormat":"wav","fileSize":403918,"duration":12620,"samplingBit":16,"channelCount":1,"samplingRate":"16kHz","audioPath":"/Mock/07.ProductionManufacturing/Male/Experienced/ckmk_q_mm_m_e_183941.wav"},"answer":{"fileFormat":"wav","fileSize":2861518,"duration":89420,"samplingBit":16,"channelCount":1,"samplingRate":"16kHz","audioPath":"/Mock/07.ProductionManufacturing/Male/Experienced/ckmk_a_mm_m_e_183941.wav"}}}