{"version":"1.0","dataSet":{"info":{"date":"20230116","occupation":"MM","channel":"MOCK","place":"ONLINE","gender":"MALE","ageRange":"35-44","experience":"EXPERIENCED"},"question":{"raw":{"text":"협업을 할 일이 많이 생길 수 있는데 이전 직장이나 대학에서 협업할 때 어려운 점이 있으셨나요","wordCount":15},"emotion":[],"intent":[]},"answer":{"raw":{"text":"협업 시 가장 어려웠던 점은 각자의 개성이 다른 사람들을 한 곳에 모아서 그것을 취합해서 일을 하는 것입니다. 특히 부정적이거나 회의적인 시각을 가진 사람들과 협업을 하게 되면 굉장히 부정적인 시각으로 이건 안 돼 이렇게 해도 되지 않아 지금까지 해봤는데 한 번도 된 적이 없어 라는 사람들이 많아지면 그런 생각은 많은 사람들에게 전염이 되게 됩니다. 그런 사람들을 먼저 다독이면서 할 수 있는 방법은 보상안을 제시하거나 아니면 공동체 의식을 심어주는 것입니다. 예를 들어 이 프로젝트를 끝나게 되면 여러분들에게 똑같은 어떤 보상안이 마련할 것이 마련될 것이다 또는 이 이 이 프로젝트는 우리만의 일이 아니라 우리 전체의 일이다 그래서 다 같이 잘하면 우리는 이렇게 좋은 비전을 제시 받을 것이다 라고 해야 됩니다.","wordCount":107},"emotion":[],"intent":[{"text":"","expression":"","category":"attitude"}],"summary":{"text":"협업 시 가장 어려웠던 점은 각자의 개성이 다른 사람들을 취합해서 일을 한다는 것입니다. 부정적이거나 회의적인 시각을 가진 사람들과 협업을 하게 되면 부정적인 생각이 많은 사람들에게 전염이 됩니다. 그런 사람들을 먼저 다독이면서 공동체 의식을 심어주는 것입니다.","wordCount":35}}},"rawDataInfo":{"question":{"fileFormat":"wav","fileSize":330958,"duration":10340,"samplingBit":16,"channelCount":1,"samplingRate":"16kHz","audioPath":"/Mock/07.ProductionManufacturing/Male/Experienced/ckmk_q_mm_m_e_169529.wav"},"answer":{"fileFormat":"wav","fileSize":1807758,"duration":56490,"samplingBit":16,"channelCount":1,"samplingRate":"16kHz","audioPath":"/Mock/07.ProductionManufacturing/Male/Experienced/ckmk_a_mm_m_e_169529.wav"}}}