{"version":"1.0","dataSet":{"info":{"date":"20230116","occupation":"MM","channel":"MOCK","place":"ONLINE","gender":"MALE","ageRange":"55-","experience":"EXPERIENCED"},"question":{"raw":{"text":"본인의 장점과 단점을 알고 계신가요 장단점을 계발하고 극복하기 위한 노력이 있었다면 무엇이었나요","wordCount":12},"emotion":[],"intent":[]},"answer":{"raw":{"text":"아 저의 장점은 뭐 전문가라고 어 에 장점을 말할 수는 없고요. 제 장점은 항상 인간적인 면입니다. 그러니까 남에게 배려하고 봉사하고 어 또는 에 남에게 아픔을 주지 않으려고 하고 항상 어 무슨 말을 할 때도 다시 한 번 생각해서 이쁜 말을 할려고 하고 또 주변 친구들을 많이 도와줄려는 그런 장점이 저한테는 있습니다. 그걸 잘 살려서 인간관계를 잘 유지할려고 하고 있구요. 단점은 제가 말 수가 적습니다. 그래서 어 어 굉장히 저 의견을 전달하는데 조금 부족함이 많이 있어서 그걸 극복할려고 노력 중인데 어 극복할려면 어 개인 대 개인의 어 에 마음을 열고 상대방에게 에 내 에 의견을 정확히 전달하는 데 있다고 생각을 합니다. 지금 그렇게 어 노력을 하고 있습니다.","wordCount":106},"emotion":[],"intent":[{"text":"","expression":"","category":"attitude"}],"summary":{"text":"저는 전문가라고 할 수는 없지만, 항상 인간적인 면으로 인간관계를 잘 유지하고 있습니다. 단점은 제가 말을 할 수가 없다는 점인데, 극복하려면 마음을 열고 상대방에게 제 의견을 정확히 전달해야 한다고 생각하여 그렇게 노력하고 있다고 생각합니다.","wordCount":33}}},"rawDataInfo":{"question":{"fileFormat":"wav","fileSize":346958,"duration":10840,"samplingBit":16,"channelCount":1,"samplingRate":"16kHz","audioPath":"/Mock/07.ProductionManufacturing/Male/Experienced/ckmk_q_mm_m_e_188347.wav"},"answer":{"fileFormat":"wav","fileSize":2849358,"duration":89040,"samplingBit":16,"channelCount":1,"samplingRate":"16kHz","audioPath":"/Mock/07.ProductionManufacturing/Male/Experienced/ckmk_a_mm_m_e_188347.wav"}}}