{"version":"1.0","dataSet":{"info":{"date":"20230116","occupation":"MM","channel":"MOCK","place":"ONLINE","gender":"MALE","ageRange":"55-","experience":"EXPERIENCED"},"question":{"raw":{"text":"지원자께서는 규칙적 업무 수행을 잘 하기 위해 만들어진 지원자님만의 특별한 노하우나 방법이 있다면 예시를 들어 설명 부탁드리겠습니다","wordCount":17},"emotion":[],"intent":[]},"answer":{"raw":{"text":"회사에 에 들어가게 되면 누구나 업무 수행을 해야 되는데요. 그 규칙적 업무 수행을 해야지만이 일이 잘되고 그래서 어 그런 부분을 어 체크해서 시간 관리를 철저히 하겠습니다. 그 거기에 따르는 어 어떤 계산적인 것 보다는 어 항상 규칙적인 생활과 그 생활을 인해서 또 팀원간의 에 또 이번 그 어 도움을 줄 수 있는 그런 어 노하우를 항상 전달하는 그런 시간도 있어야 되구요. 어 일단은 아 아침에 출근하게 되면 시간 표인 것 같습니다. 시간을 잘 정해서 어 구칙을 잘 수행해 가지고 거기에 따르는 어 그 업무를 어 또 어 각자 어 맡게 끄름 하는 그런 내용들이 서로 어 그 팀원간의 연구를 해야 된다고 생각을 합니다.","wordCount":103},"emotion":[],"intent":[{"text":"","expression":"","category":"attitude"}],"summary":{"text":" 규칙적 업무 수행을 위해 시간 관리를 철저히 하겠습니다. 또한 규칙적인 생활로 팀원간 도움을 줄 수 있는 노하우를 전달하는 시간도 가져야 하며 서로 팀원간의 연구를 해야 합니다.","wordCount":26}}},"rawDataInfo":{"question":{"fileFormat":"wav","fileSize":448078,"duration":14000,"samplingBit":16,"channelCount":1,"samplingRate":"16kHz","audioPath":"/Mock/07.ProductionManufacturing/Male/Experienced/ckmk_q_mm_m_e_186966.wav"},"answer":{"fileFormat":"wav","fileSize":2824718,"duration":88270,"samplingBit":16,"channelCount":1,"samplingRate":"16kHz","audioPath":"/Mock/07.ProductionManufacturing/Male/Experienced/ckmk_a_mm_m_e_186966.wav"}}}