{"version":"1.0","dataSet":{"info":{"date":"20230116","occupation":"MM","channel":"MOCK","place":"ONLINE","gender":"MALE","ageRange":"55-","experience":"EXPERIENCED"},"question":{"raw":{"text":"그동안 지원자님께서 인생을 살아오며 겪었던 갈등들 가운데 가장 심각했던 갈등은 어떤 갈등이었나요 한 가지를 골라 말씀해 주세요","wordCount":17},"emotion":[],"intent":[]},"answer":{"raw":{"text":"갈등이요. 음 저는 어떤 경제적 갈등이 제일 경제적 갈등 그냥 경제적인 게 제일 힘들었던 뭔가 그런 관련이 제일 심각했던 일인 거 같애요. 네 제가 한참 힘들 때 이제 저희 가족은 생기고 어 근데 수입이 적을 때 뭐 아이들도 있고 한데 음 이제 가족은 뭐 다른 일을 조금 더 안정적이고 조금 더 돈 많이 버는 일로 바꿔보자 라고 하면서 얘기를 하지만 저는 우선 제 일이 좋았기 때문에 그러고 싶지 않았고 그리고 어 애정이 있는 만큼 실력도 열심히 키우고 있었구요. 그리고 저는 제 직업이 어 그까 잘 적응만 하면 안정적인 기반으로 오래 갈 수 있다고 생각을 했기 때문에 이제 그 자리를 잡는 데까지가 가장 인생에서 힘들었던 그런 순간이었던 것 같아요. 네. 그래도 잘 무사히 잘 버텼죠 그 시기를.","wordCount":116},"emotion":[],"intent":[{"text":"","expression":"","category":"attitude"}],"summary":{"text":"경제적 갈등은 제일 심각했습니다. 제가 한참 힘들 때 가족은 일을 안정적이고 돈 많이 버는 일로 바꿔보자고 했지만 하고 싶지 않았고, 애정이 있는 만큼 실력도 열심히 키우고 있었습니다. 그리고 직업이 안정적 기반으로 오래 갈 수 있다고 생각하여 잘 버티었습니다.","wordCount":38}}},"rawDataInfo":{"question":{"fileFormat":"wav","fileSize":481038,"duration":15030,"samplingBit":16,"channelCount":1,"samplingRate":"16kHz","audioPath":"/Mock/07.ProductionManufacturing/Male/Experienced/ckmk_q_mm_m_e_189936.wav"},"answer":{"fileFormat":"wav","fileSize":2849678,"duration":89050,"samplingBit":16,"channelCount":1,"samplingRate":"16kHz","audioPath":"/Mock/07.ProductionManufacturing/Male/Experienced/ckmk_a_mm_m_e_189936.wav"}}}