{"version":"1.0","dataSet":{"info":{"date":"20230116","occupation":"MM","channel":"MOCK","place":"ONLINE","gender":"MALE","ageRange":"35-44","experience":"EXPERIENCED"},"question":{"raw":{"text":"만약에 지원자님의 직무와 맞지 않는 일을 맡게 되신다면 그런 상황에서 어떻게 하시겠습니까 지원자님께서는 그래도 괜찮으신가요","wordCount":15},"emotion":[],"intent":[]},"answer":{"raw":{"text":"직무에 맞는지 안 맞는지를 단시간에 평가하지 않겠습니다. 예를 들어 입사하고 한 두 달 안에 이 직무가 나한테 너무 맞지 않는다 너무 힘들다 다른 데로 가고 싶다 라고 하는 건 어떻게 보면 스스로 그 업무가 맞지 않다고 자기 프레임에 갇히거나 그냥 힘들다고 느끼는 것일 뿐입니다. 직장 생활을 하다보면 어떤 업무든 자기와 맞지 않을 수도 있고 잘 맞을 수도 있습니다. 하지만 처음부터 너무 잘 맞는 일을 한다고 하면 추후에 전문가가 빠르게 될 수 있지만 나중에는 고인물이 되어 새로운 업무를 안 할려고 하는 경향이 있기 때문에 저는 최소한 육 개월에서 일 년 정도는 해당 업무를 해보고 그래도 이 업무에 대해 익숙해지고 전문성이 띄었지만 안 맞는다고 하면 그때는 부서장이나 팀장 또는 본부장급에게 보직 전환에 대한 요청을 할 것입니다. 예를 들어 제가 일 년 동안 이 업무를 해봤는데 지금 전문성도 나왔고 성과도 충분히 나오곤 합니다. 하지만 저는 도저히 이 일이 적성에 안 맞아서 앞으로는 이 일을 하는 데 어려움을 겪을 것 같습니다 라고 합리적인 제안을 하면 그때 본부장이나 다른 부서장들이 좋은 내가 원하는 부서로 배치를 해 주대 거나 보직 전환을 한다고 하면 열심히 다니게 될 것이고 만약 당신이 이 일이 힘들어도 무조건 이 일을 끝까지 해야 됩니다 라는 답변이 돌아오면 저는 과감하게 퇴사를 준비할 것입니다.","wordCount":190},"emotion":[],"intent":[{"text":"","expression":"","category":"attitude"}],"summary":{"text":"직장 생활을 하다보면 어떤 업무든 자기와 맞지 않을 수도 있고 잘 맞을 수도 있습니다. 하지만 처음부터 너무 잘 맞는 일을 한다고 하면 추후에 전문가가 빠르게 될 수 있지만 나중에는 고인물이 되어 새로운 업무를 안 할려고 하는 경향이 있기 때문에 최소한 육개월에서 일 년 정도는 해당 업무를 해보고 전문성이 띄었지만 안 맞는다면 부서장이나 팀장 또는 본부장급에게 보직 전환에 대한 요청을 할 것입니다.","wordCount":61}}},"rawDataInfo":{"question":{"fileFormat":"wav","fileSize":560398,"duration":17510,"samplingBit":16,"channelCount":1,"samplingRate":"16kHz","audioPath":"/Mock/07.ProductionManufacturing/Male/Experienced/ckmk_q_mm_m_e_164954.wav"},"answer":{"fileFormat":"wav","fileSize":2740878,"duration":85650,"samplingBit":16,"channelCount":1,"samplingRate":"16kHz","audioPath":"/Mock/07.ProductionManufacturing/Male/Experienced/ckmk_a_mm_m_e_164954.wav"}}}