{"version":"1.0","dataSet":{"info":{"date":"20230116","occupation":"MM","channel":"MOCK","place":"ONLINE","gender":"MALE","ageRange":"55-","experience":"EXPERIENCED"},"question":{"raw":{"text":"우리 회사에는 다른 계열사도 많이 있습니다만 특별히 이 계열사를 지원해 주신 이유가 있을까요 그 이유를 한번 상세하게 말씀해 주시기 바랍니다","wordCount":20},"emotion":[],"intent":[]},"answer":{"raw":{"text":"일단은 우리가 그 어 어 업무를 받아보면 어 계열사 라는 회사가 있습니다. 그 어 인사에 지원을 어 요건이 다 있을 건데요. 어 이 계열사에 지워신 특별한 이유를 이 물어보셨습니다. 근데 저는 사적인 감정 사적인 어 행동 이런 것이 아마 어 없어야 된다고 생각하고 어 그걸 토대로 해서 어 지원을 해야 되는데요. 그 지원은 그 계열사에 성장 어 또는 어 회사의 어떠한 중추적인 역할을 할 수 있어야 되고요. 또 그 또한 어 지주사에 어 많은 도움을 줘야 된다고 어 생각을 합니다. 그리고 생산적이고 발전 가능한 그런 회사를 선택을 해야지만 이 계열사가 성장하는데 굉장히 또 뒷받침도 돼야 되고요. 투자 없는 어 성장은 어 제가 봤을 때 없다고 생각을 합니다. 그래서 어 마인드고 어 또는 좋은 프로젝트들이 있었기 때문에 그 새 에 그 계열사에 지원한 것 같습니다.","wordCount":124},"emotion":[],"intent":[{"text":"","expression":"","category":"attitude"}],"summary":{"text":"인사에 지원을 하지 않는 계열사에 지워신 특별한 이유가 있습니다. 그 지원은 계열사에 성장 또는 회사의 어떠한 중추적인 역할을 할 수 있어야 되고, 지주사에 많은 도움을 줘야 되고, 생산적이고 발전 가능한 회사를 선택해야 성장하는데 뒷받침이 됩니다.","wordCount":35}}},"rawDataInfo":{"question":{"fileFormat":"wav","fileSize":568398,"duration":17760,"samplingBit":16,"channelCount":1,"samplingRate":"16kHz","audioPath":"/Mock/07.ProductionManufacturing/Male/Experienced/ckmk_q_mm_m_e_213176.wav"},"answer":{"fileFormat":"wav","fileSize":2827598,"duration":88360,"samplingBit":16,"channelCount":1,"samplingRate":"16kHz","audioPath":"/Mock/07.ProductionManufacturing/Male/Experienced/ckmk_a_mm_m_e_213176.wav"}}}