{"version":"1.0","dataSet":{"info":{"date":"20230116","occupation":"MM","channel":"MOCK","place":"ONLINE","gender":"MALE","ageRange":"35-44","experience":"EXPERIENCED"},"question":{"raw":{"text":"직무 지식 역량 태도 이 세 가지 요소 중에 가장 중요하다고 생각하시는 것은 무엇인가요 그 이유와 함께 말씀 부탁드립니다","wordCount":19},"emotion":[],"intent":[]},"answer":{"raw":{"text":"회사에서 직무 지식 역량 태도 중에 가장 중요한 것은 바로 태도입니다. 인성은 곧 천성이다 인성은 하늘이 내린다 이런 말이 있습니다. 인성이 곧 태도이고 인성이 좋은 사람은 태도도 좋습니다. 하지만 직무 지식이 좀 뛰어나거나 역량이 훌륭한 사람들은 대부분 창의적이기 하나 자기 스스로에 대한 자부심 및 자만심이 강한 경우가 많습니다. 그런데 어떤 회사든 일 인 스타트업이나 아주 작은 조직이 아니면 한 두 명이 회사를 멀리 먹여 살릴 수는 없습니다. 특히나 소프트웨어 개발자라든가 영업 판매 능력이 뛰어난 사람들은 자신의 능력만 믿고 다른 사람들을 안하 무인격으로 대하는 경우가 있지만 실제적으로 직장 생활을 오래 하다 보면 태도가 뛰어난 사람 인성이 좋은 사람이 직장생활을 오래 할 수 있고 진급도 빠르고 많은 사람들과 협업이 잘 됩니다. 결국 우리는 회사에서 월급을 받는 사람으로서 어떤 사람이 어떤 부분에서 잘 역할을 수행하느냐에 따라서 그 조직이 잘 살아날 수가 있고 많은 사람들과 협업을 통해서 시너지가 나면서 회사가 동반 성장을 하게 됩니다. 그런데 직무 지식이나 역량만 뛰어나서 다른 사람들과 협업을 못하면 처음에는 먼저 빠르게 치고 나갈 수 있지만 결국은 시간이 지나면 도태되거나 왕따를 당하거나 회사를 퇴사하는 경우들을 부지기수로 많이 보았습니다.","wordCount":168},"emotion":[],"intent":[{"text":"","expression":"","category":"attitude"}],"summary":{"text":"회사에서 직무 지식 역량 태도 중에 가장 중요한 것은 태도인데 직무 지식이 좀 뛰어나거나 역량이 훌륭한 사람들은 자기 스스로에 대한 자부심 및 자만심이 강한 경우가 많습니다. 하지만 어떤 회사든 작은 조직이 아니면 한 두 명이 회사를 멀리 먹여 살릴 수는 없습니다. 결국 어떤 사람이 어떤 부분에서 잘 역할을 수행하느냐에 따라 조직이 잘 살아날 수 있고 시너지가 나면서 회사가 동반 성장을 하게 됩니다.","wordCount":62}}},"rawDataInfo":{"question":{"fileFormat":"wav","fileSize":584398,"duration":18260,"samplingBit":16,"channelCount":1,"samplingRate":"16kHz","audioPath":"/Mock/07.ProductionManufacturing/Male/Experienced/ckmk_q_mm_m_e_196096.wav"},"answer":{"fileFormat":"wav","fileSize":2758478,"duration":86200,"samplingBit":16,"channelCount":1,"samplingRate":"16kHz","audioPath":"/Mock/07.ProductionManufacturing/Male/Experienced/ckmk_a_mm_m_e_196096.wav"}}}