{"version":"1.0","dataSet":{"info":{"date":"20230116","occupation":"MM","channel":"MOCK","place":"ONLINE","gender":"MALE","ageRange":"-34","experience":"EXPERIENCED"},"question":{"raw":{"text":"이 직무에 지원하는 이유가 무엇인지 말씀해 주시고 본인이 왜 이 이 직무에 적합한 인재인지도 말씀해 주세요","wordCount":16},"emotion":[],"intent":[]},"answer":{"raw":{"text":"이 직무에 경쟁률이 제일 낮았습니다. 다른 인기 종목의 경쟁률은 몇 백 대 일 백 대 일을 초과하는데 이 직무는 경쟁률이 그렇게 높지 않았습니다. 그렇기 때문에 이 직무에 지원하면 합격률이 높을 것이라고 생각했기 때문에 지원하게 되었습니다. 사람들이 직무를 피하는 것에는 경쟁률이 낮았다는 것은 인기가 없다는 것은 그것은 그 일이 어려운 일 어려운 일 이라는 것입니다. 저는 어렵고 모험적인 일에 제가 뛰어드는 것을 즐겨 합니다. 그런 활동을 저의 프로필를 보시면은 확인하실 수 있습니다. 모험을 즐기는 저에게 경쟁률이 낮은 직무는 큰 도전 중의 하나였습니다. 저를 이곳에 배치시켜 주십시오.","wordCount":85},"emotion":[],"intent":[{"text":"이 직무에 경쟁률이 제일 낮았습니다.","expression":"c_sincere_job","category":"etc"},{"text":"다른 인기 종목의 경쟁률은 몇 백 대 일   백 대 일을 초과하는데 이 직무는 경쟁률이 그렇게 높지 않았습니다.","expression":"c_sincere_job","category":"etc"},{"text":"그렇기 때문에 이 직무에 지원하면 합격률이 높을 것이라고 생각했기 때문에   지원하게 되었습니다.","expression":"c_sincere_job","category":"etc"},{"text":"저는 어렵고 모험적인 일에 제가 뛰어드는 것을 즐겨 합니다.","expression":"c_person","category":"background"}],"summary":{"text":"이 직무의 경쟁률이 낮아 합격률이 높을 것이라고 생각해 지원하게 되었습니다. 사람들이 직무를 피하는 것에는 경쟁률이 낮았다는 것은 그 일이 어려운 일 어렵다는 것입니다. 저는 모험을 즐기는데 경쟁률이 낮은 직무는 큰 도전 중의 하나였습니다.","wordCount":33}}},"rawDataInfo":{"question":{"fileFormat":"wav","fileSize":332878,"duration":10400,"samplingBit":16,"channelCount":1,"samplingRate":"16kHz","audioPath":"/Mock/07.ProductionManufacturing/Male/Experienced/ckmk_q_mm_m_e_186250.wav"},"answer":{"fileFormat":"wav","fileSize":2550478,"duration":79700,"samplingBit":16,"channelCount":1,"samplingRate":"16kHz","audioPath":"/Mock/07.ProductionManufacturing/Male/Experienced/ckmk_a_mm_m_e_186250.wav"}}}