{"version":"1.0","dataSet":{"info":{"date":"20230116","occupation":"MM","channel":"MOCK","place":"ONLINE","gender":"MALE","ageRange":"-34","experience":"EXPERIENCED"},"question":{"raw":{"text":"지원자님이 우리 회사에 들어와 앞으로 전문적으로 다뤄보고 싶은 시설 장비가 있으시다면 말씀해 주시겠습니까","wordCount":13},"emotion":[],"intent":[]},"answer":{"raw":{"text":"지금 전문적으로 다뤄보고 싶은 부분은 잘 다뤄보고 싶은 프로그램은 아무래도 쓰리디 가공 쪽을 더 공부를 해보고 제가 직접적으로 프로그래밍을 해보고 싶다는 생각을 가지고 있습니다. 저는 현재 회사에서 투디 작업을 많이 하고 있기 때문에 어 하나의 월드베이스에 어떠한 홀들이 어떻게 위치해야 하고 그러한 것들이 어떠한 작용을 하며 그 외에 다른 쿼터 작업들을 통해서 그러한 투디를 주로 하고 있는데 어 하나의 몰드 베이스를 만듦에 있어서 실질적으로 제품들의 그런 수지가 들어가는 쓰리디 형상은 또한 식으로 프로그래밍을 해야 하며 고려해야 될 것은 무엇인지 그런 것들을 더 공부해 보고 싶습니다. 그렇게 함으로써 하나의 로드 베이스를 만들 때 투디와 쓰리디가 다 합쳐져서 하나의 몰드 베이스 현상이 만들어지게 되고 제가 트리 프로그램을 짤 때도 쓰리디의 기본적인 개념이 있기 때문에 그것들을 적용할 수가 있고 쓰리디 또한 할 때도 뭐 특유의 기본적인 개념이 있기 때문에 그 부분을 잘 융화시켜서 프로그램을 제작할 수 있을 거라고 생각합니다.","wordCount":136},"emotion":[],"intent":[{"text":"","expression":"","category":"attitude"}],"summary":{"text":"전문적으로 다뤄보고 싶은 프로그램은 쓰리디 가공 쪽을 더 공부를 해보고 직접 프로그래밍을 해보고 싶다는 생각을 가지고 있습니다. 그렇게 함으로써 하나의 로드 베이스를 만들 때 투디와 쓰리디가 다 합쳐져서 하나의 몰드 베이스 현상이 만들어지게 되고 그 부분을 잘 융화시켜서 프로그램을 제작할 수 있을 것입니다.","wordCount":43}}},"rawDataInfo":{"question":{"fileFormat":"wav","fileSize":375118,"duration":11720,"samplingBit":16,"channelCount":1,"samplingRate":"16kHz","audioPath":"/Mock/07.ProductionManufacturing/Male/Experienced/ckmk_q_mm_m_e_293248.wav"},"answer":{"fileFormat":"wav","fileSize":3171278,"duration":99100,"samplingBit":16,"channelCount":1,"samplingRate":"16kHz","audioPath":"/Mock/07.ProductionManufacturing/Male/Experienced/ckmk_a_mm_m_e_293248.wav"}}}