{"version":"1.0","dataSet":{"info":{"date":"20230116","occupation":"MM","channel":"MOCK","place":"ONLINE","gender":"MALE","ageRange":"35-44","experience":"EXPERIENCED"},"question":{"raw":{"text":"해외에 파견 근무를 나가게 된다면 어느 나라에서 일을 하고 싶으신지 그곳에서 일을 하고 싶은 이유도 같이 말씀해 주세요","wordCount":18},"emotion":[],"intent":[]},"answer":{"raw":{"text":"저는 기회가 된다면은 중동에 파견을 가서 일을 하고 싶습니다. 저는 이전 직장에서 아주 다양한 나라에서 많은 일을 하였는데요. 어 뭐 미국이라든지 일본 뭐 중국 유럽에 프랑스 이런 곳들을 파견해 나가서 일을 해 보았는데 이번에는 중동으로 한번 파견해 나가보고 싶습니다. 어 중동은 저희가 아는 것처럼 아는 것 이상으로 아주 다양한 즐길 거리가 있습니다. 어 아주 다양한 문화도 많이 있고요. 볼거리도 굉장히 많이 있다고 저는 알고 있습니다. 그리고 중동 사람들은 어 손님을 접대하는 것을 굉장히 좋아한다고 저는 들었습니다. 그래서 저는 중동쪽 사람들과 아주 친분을 맺어서 어 그쪽의 문화도 한 번 체험을 하고 그쪽 사람과 좀 많이 만나고 싶기 때문에 우리가 아는 아랍에미레이트라든지 사우디아라비아 이런 쪽에 나라에 한번 파견 나가서 일을 하고 싶습니다.","wordCount":110},"emotion":[],"intent":[{"text":"","expression":"","category":"attitude"}],"summary":{"text":"중동에 파견을 나가 일하고 싶습니다. 중동은 아주 다양한 즐길 거리와 볼거리가 있습니다. 그리고 중동 사람들은 손님 접대를 굉장히 좋아합니다. 그래서 제가 중동쪽 사람들과 친해지고 싶기 때문에 우리가 아는 아랍에미레이트, 사우디아라비아 이런 쪽에 한번 파견 나가 일을 하고자 합니다.","wordCount":38}}},"rawDataInfo":{"question":{"fileFormat":"wav","fileSize":312398,"duration":9760,"samplingBit":16,"channelCount":1,"samplingRate":"16kHz","audioPath":"/Mock/07.ProductionManufacturing/Male/Experienced/ckmk_q_mm_m_e_250238.wav"},"answer":{"fileFormat":"wav","fileSize":2204878,"duration":68900,"samplingBit":16,"channelCount":1,"samplingRate":"16kHz","audioPath":"/Mock/07.ProductionManufacturing/Male/Experienced/ckmk_a_mm_m_e_250238.wav"}}}