{"version":"1.0","dataSet":{"info":{"date":"20230116","occupation":"MM","channel":"MOCK","place":"ONLINE","gender":"MALE","ageRange":"35-44","experience":"EXPERIENCED"},"question":{"raw":{"text":"기술적인 이슈를 해결했던 지원자분만의 경험을 자유롭게 말씀해 주세요","wordCount":8},"emotion":[],"intent":[]},"answer":{"raw":{"text":"약 이억 원이 넘는 모바일 엑스레이를 스페인에서 수입했을 때 에 일 입니다. 장비가 입고된 지 한 달도 안 됐는데 장비를 움직일 때마다 지속적으로 에러가 발생하였습니다. 그 에러로 인하여 환자를 촬영하는 엑스레이가 나가지 않고 계속적으로 오류가 발생하여 제가 출장을 갔을 때마다 확인을 해보면 정상적으로 작동을 하고 제가 출장을 복귀하면 사용자들이 사용할 때 지속적인 오류가 발생한다는 보고를 받았습니다. 처음에는 사용자들의 장비 사용 미숙에 의한 것으로 판단했으나 그 사용자들이 동영상을 한 시간짜리를 찍어서 저한테 보냈을 때 저는 믿지 않을 수가 없었습니다. 도대체 무엇이 문제일까 다른 엔지니어들과 삼 박 사 일 동안 파견을 갔습니다. 그런데 이게 실제적으로 어느 날은 됐다 어느 날은 안 됐다 하는 가장 어려운 간헐적인 문제를 보여주는 것이었습니다. 그때 제가 삼 박 사 일 동안 밤을 새면서 장비 테스트를 하고 각 모든 테스트 포인트를 찍어봤을 때 결국 하나의 문제점을 발견했는데 그게 바로 단선이 됐다 안됐다 하는 아주 어려운 문제였습니다. 문제를 해결하고 났을 때는 쉬워 보였지만 그 문제를 찾기까지에는 엄청난 노력과 연구가 이뤄졌던 것으로 기억합니다.","wordCount":153},"emotion":[{"text":"문제를 해결하고 났을 때는 쉬워 보였지만 그 문제를 찾기까지에는 엄청난 노력과 연구가 이뤄졌던 것으로 기억합니다.","expression":"u-fact","category":"neutral"}],"intent":[{"text":"","expression":"","category":"attitude"}],"summary":{"text":"모바일 엑스레이를 스페인에서 수입했을 때 에러가 계속 발생하여 엔지니어들과 삼 박 사 일 동안 파견을 갔습니다. 그런데 실제적으로 어느 날은 됐다 어느 날은 안 됐다 하는 가장 어려운 간헐적인 문제를 보여주는 것이었습니다. 결국 하나의 문제점을 발견했는데 그것이 바로 단선이 됐다 안됐다 하는 아주 어려운 문제였습니다. 그 문제를 찾기까지에는 엄청난 노력과 연구가 이뤄졌던 것으로 기억합니다.","wordCount":54}}},"rawDataInfo":{"question":{"fileFormat":"wav","fileSize":329678,"duration":10300,"samplingBit":16,"channelCount":1,"samplingRate":"16kHz","audioPath":"/Mock/07.ProductionManufacturing/Male/Experienced/ckmk_q_mm_m_e_171909.wav"},"answer":{"fileFormat":"wav","fileSize":2759758,"duration":86240,"samplingBit":16,"channelCount":1,"samplingRate":"16kHz","audioPath":"/Mock/07.ProductionManufacturing/Male/Experienced/ckmk_a_mm_m_e_171909.wav"}}}