{"version":"1.0","dataSet":{"info":{"date":"20230116","occupation":"MM","channel":"MOCK","place":"ONLINE","gender":"MALE","ageRange":"35-44","experience":"EXPERIENCED"},"question":{"raw":{"text":"어 휴식을 취할 때 본인은 어떤 일을 주로 하시나요 아 왜 그렇게 휴식을 취하는지도 궁금합니다 이유와 함께 말씀해 주시기 바랍니다","wordCount":20},"emotion":[],"intent":[]},"answer":{"raw":{"text":"휴식을 취할 때는 대부분 명상을 하거나 아니면 주변에 있는 숲길을 걷습니다. 발바닥에 자극을 통해서 뇌 휴식을 취하고 뇌를 리프레시 할 수 있다는 뇌 과학자의 의견에 따라서 휴식을 할 때마다 항상 저는 명상을 하면서 많이 걷습니다. 또는 음악을 들으면서 편안한 자세로 마사지 의자에 누워서 온몸에 피로를 풀곤 합니다. 사람은 누구나 다 스트레스를 받고 그 스트레스를 풀어야지만 다음에 더 좋은 성과를 낼 수 있다 라는 통계가 있기 때문에 저는 쉴 때는 가급적 편안하게 쉬려고 노력을 하고 있습니다.","wordCount":75},"emotion":[],"intent":[{"text":"","expression":"","category":"attitude"}],"summary":{"text":"저는 휴식을 취할 때 명상이나 숲길을 걷거나 음악을 들으며 온몸의 피로를 풀곤 합니다. 사람은 누구나 스트레스를 받고 그 스트레스를 풀어야만 다음 성과를 낼 수 있다는 통계가 있어서 최대한 편안하게 쉬려고 합니다.","wordCount":31}}},"rawDataInfo":{"question":{"fileFormat":"wav","fileSize":492238,"duration":15380,"samplingBit":16,"channelCount":1,"samplingRate":"16kHz","audioPath":"/Mock/07.ProductionManufacturing/Male/Experienced/ckmk_q_mm_m_e_171903.wav"},"answer":{"fileFormat":"wav","fileSize":1351118,"duration":42220,"samplingBit":16,"channelCount":1,"samplingRate":"16kHz","audioPath":"/Mock/07.ProductionManufacturing/Male/Experienced/ckmk_a_mm_m_e_171903.wav"}}}