{"version":"1.0","dataSet":{"info":{"date":"20230116","occupation":"MM","channel":"MOCK","place":"ONLINE","gender":"MALE","ageRange":"55-","experience":"EXPERIENCED"},"question":{"raw":{"text":"지원자님만의 스트레스 해소 방법이 있다면 그것은 무엇인가요 또한 왜 그것으로 스트레스를 해소하시는지 이유도 함께 말씀해 주시길 바랍니다","wordCount":17},"emotion":[],"intent":[]},"answer":{"raw":{"text":"저는 음 저 노래 하는 거 좋아해요. 노래 하는 거 근데 어 이제는 하기 힘들기 때문에 아 그까 노래하는 게 힘들다는 게 아니라 전에는 제가 그냥 저 제 가게가 있었어서 제가 일할 때 그냥 자유롭게 일하면서 제가 그냥 노래 제가 막 노래 부르면서 일하고 그랬었거든요. 그게 낙시고 그리고 그냥 즐거웠어요. 즐거움을 줬어요. 제가 노래를 하면서 그 그 멜로디가 제 귀에 들리는데 뭐 내 공간에서 쩌렁쩌렁 노래 부르면서 열심히 일을 하고 있는 나 이렇게 뭔가 조금 뭔가 제 삼 자에 시선처럼 그 모습이 그려지기도 하고 그냥 그게 그냥 모든 게 재미있었던 거 같에요. 노래를 부르면서 그 가사와 그 멜로디에 흥이 나서 흥얼흥얼 막 막 몸도 흔들면서 열심히 그러면서 또 일이 되게 집중이 잘 되더라구요. 그랬던 나 네 그게 제가 가장 좋아하는 방법입니다.","wordCount":121},"emotion":[{"text":"제가 노래를 하면서 그 그 멜로디가 제 귀에 들리는데 뭐 내 공간에서 쩌렁쩌렁 노래 부르면서 열심히 일을 하고 있는 나 이렇게 뭔가 조금 뭔가 제 삼 자에 시선처럼 그 모습이 그려지기도 하고 그냥 그게 그냥 모든 게 재미있었던 거 같에요.","expression":"p-interest","category":"positive"}],"intent":[{"text":"노래를 부르면서 그 가사와 그 멜로디에 흥이 나서 흥얼흥얼 막 막 몸도 흔들면서 열심히 그러면서 또 일이 되게 집중이 잘 되더라구요.","expression":"c_person","category":"background"}],"summary":{"text":"노래하는 걸 좋아하는데 제 가게가 있었어서 자유롭게 일하면서 노래 부르면서 일하고 그것들이 즐거웠고 모든 게 재미있습니다. 노래에 흥이 나서 몸도 흔들면서 일도 집중이 잘 돼서 제가 가장 좋아하는 방법입니다.","wordCount":29}}},"rawDataInfo":{"question":{"fileFormat":"wav","fileSize":597198,"duration":18660,"samplingBit":16,"channelCount":1,"samplingRate":"16kHz","audioPath":"/Mock/07.ProductionManufacturing/Male/Experienced/ckmk_q_mm_m_e_189934.wav"},"answer":{"fileFormat":"wav","fileSize":2832078,"duration":88500,"samplingBit":16,"channelCount":1,"samplingRate":"16kHz","audioPath":"/Mock/07.ProductionManufacturing/Male/Experienced/ckmk_a_mm_m_e_189934.wav"}}}