{"version":"1.0","dataSet":{"info":{"date":"20230116","occupation":"MM","channel":"MOCK","place":"ONLINE","gender":"MALE","ageRange":"55-","experience":"EXPERIENCED"},"question":{"raw":{"text":"지원자님께서는 왜 이 분야에 관심을 가지게 되었는지 또 지원한 이유가 궁금합니다 관심을 가진 이유와 지원 동기를 함께 말씀해 주세요","wordCount":19},"emotion":[],"intent":[]},"answer":{"raw":{"text":"회사에 들어갈려고 하면은 항상 어 분야에 관심을 갖고 어 또 자기에 맞는 또 성격에 맞는 그런 분야를 찾게 되죠. 어 저는 음 어 대학교 다닐 때 에 광고홍보학과를 나왔습니다. 그래서 광고 쪽에 홍보 쪽에 관심을 많이 가지고 있습니다. 그래서 어 홍보 분야를 어 지원하게 됐는데요. 어 그 그동안에 쌓았던 어 또 공부 또 능력 이런 부분이 에 쪼끔이나마 갖춰져 있기 때문에 이 부분을 좀 활용하고자 어 회사에 들어가게 되면 어 저 나름대로의 전문 분야이기 때문에 관심을 가지고 지원하게 된 됐는데요. 어 일단은 어 제가 배웠던 부분을 회사에 접목시켜서 어 회사의 으 굉장히 크나큰 어 임무를 수행할 수 있다 라고 생각을 해서 지원하게 됐습니다. 아무래도 회사에 가게 되면 어 저에 대한 어 또 평가도 있어야 되고 또 저에 대한 능력도 어 발휘돼야 되고 해서 항상 관심은 제가 그래도 기본적으로 아 학교 대니면서 또 사회생활 하면서 했던 그런 어 어 공부를 또 접목시키고자 어 지원하게 됐습니다.","wordCount":144},"emotion":[{"text":"어 저는 음 어 대학교 다닐 때 에 광고홍보학과를 나왔습니다.","expression":"u-fact","category":"neutral"},{"text":"그래서 광고 쪽에 홍보 쪽에 관심을 많이 가지고 있습니다.","expression":"p-interest","category":"positive"}],"intent":[{"text":"어 저는 음 어 대학교 다닐 때 에 광고홍보학과를 나왔습니다.","expression":"c_private","category":"background"},{"text":"어 그 그동안에 쌓았던 어 또 공부 또 능력 이런 부분이 에 쪼끔이나마 갖춰져 있기 때문에 이 부분을 좀 활용하고자 어 회사에 들어가게 되면 어 저 나름대로의 전문 분야이기 때문에 관심을 가지고 지원하게 된 됐는데요.","expression":"c_sincere_job","category":"etc"},{"text":"어 일단은 어 제가 배웠던 부분을 회사에 접목시켜서 어 회사의 으 굉장히 크나큰 어 임무를 수행할 수 있다 라고 생각을 해서 지원하게 됐습니다.","expression":"c_sincere_co","category":"etc"},{"text":"아무래도 회사에 가게 되면 어 저에 대한 어 또 평가도 있어야 되고 또 저에 대한 능력도 어 발휘돼야 되고 해서 항상 관심은 제가 그래도 기본적으로 아 학교 대니면서 또 사회생활 하면서 했던 그런 어 어 공부를 또 접목시키고자 어 지원하게 됐습니다.","expression":"c_sincere_job","category":"etc"}],"summary":{"text":"광고홍보학과를 졸업한 저는 회사에 들어갈 때면 늘 분야에 관심을 갖고 성격에 맞는 분야를 찾습니다. 그래서 홍보 분야를 지원하게 됐는데, 그동안의 공부와 능력을 회사에 접목시킬 수 있을 것 같아 지원하게 됐습니다. 회사에 들어가게 되면 제가 쌓아왔던 경험을 회사에 접목시키고자 합니다.","wordCount":39}}},"rawDataInfo":{"question":{"fileFormat":"wav","fileSize":438478,"duration":13700,"samplingBit":16,"channelCount":1,"samplingRate":"16kHz","audioPath":"/Mock/07.ProductionManufacturing/Male/Experienced/ckmk_q_mm_m_e_235658.wav"},"answer":{"fileFormat":"wav","fileSize":3739598,"duration":116860,"samplingBit":16,"channelCount":1,"samplingRate":"16kHz","audioPath":"/Mock/07.ProductionManufacturing/Male/Experienced/ckmk_a_mm_m_e_235658.wav"}}}