{"version":"1.0","dataSet":{"info":{"date":"20230116","occupation":"MM","channel":"MOCK","place":"ONLINE","gender":"MALE","ageRange":"35-44","experience":"EXPERIENCED"},"question":{"raw":{"text":"지원자님께서는 이전 직장 그리고 대학에서 여러 가지 프로젝트를 진행해 보셨을 텐데요 가장 생각나시는 것 하나를 선택해서 그 상황과 경험에 대해서 말씀해 주시겠습니까","wordCount":22},"emotion":[],"intent":[]},"answer":{"raw":{"text":"이전 직장에서 병원에 이십 억 짜리 장비를 두 대 납품하는 것을 프로젝트를 가진 적이 있습니다. 그때가 이천 이십 년 이 월 코로나가 전세계에 창궐하던 때입니다. 물론 그때는 해외에 있는 엔지니어 및 기술자들이 대한민국으로 입국이 막힌 상태였습니다. 하지만 저희 영업부는 세 달 안에 이십 억 짜리 장비 두 대를 납품하겠다라는 계약서를 썼고 그때 저는 기술 총괄 책임자로서 이것을 해결할 수 있는 묘안을 생각해 낼 수 밖에 없었습니다. 삼 개월 안에 이 장비를 설치하지 못하면 저희는 하루에 수십만 원이 넘는 지체 보상금을 물어야 했고 병원은 계약에 대한 일절에 어떤 양보가 없었습니다. 그래서 제가 영화 마스를 보고 착안을 얻어 온라인 상에서 본사에 있는 엔지니어들이 우리나라에 있는 엔지니어들한테 온라인 미팅이나 컨퍼런스를 통해서 기술 지원을 할 수 있는 방법을 알아내어 줌 미팅으로 카메라 이십 대를 넘게 각각의 사이트에 설치한 다음에 지속적으로 실시간으로 이십 동 이십 시간 동안 장비를 설치하여 이 개월 만에 설치 및 가동 운영 검수까지 마쳐 병원에 지체 보상금을 물지 않고 현재 아주 장비를 잘 쓰고 있는 상태입니다.","wordCount":155},"emotion":[{"text":"하지만 저희 영업부는 세 달 안에 이십 억 짜리 장비 두 대를 납품하겠다라는 계약서를 썼고 그때 저는 기술 총괄 책임자로서 이것을 해결할 수 있는 묘안을 생각해 낼 수 밖에 없었습니다.","expression":"u-fact","category":"neutral"},{"text":"그래서 제가 영화 마스를 보고 착안을 얻어   온라인 상에서 본사에 있는 엔지니어들이 우리나라에 있는 엔지니어들한테 온라인 미팅이나   컨퍼런스를 통해서 기술 지원을 할 수 있는 방법을 알아내어 줌 미팅으로   카메라 이십 대를 넘게 각각의 사이트에 설치한 다음에 지속적으로 실시간으로 이십 동 이십 시간 동안 장비를 설치하여 이 개월 만에 설치 및 가동 운영   검수까지 마쳐 병원에 지체 보상금을 물지 않고 현재 아주 장비를 잘 쓰고 있는 상태입니다.","expression":"u-fact","category":"neutral"}],"intent":[{"text":"이전 직장에서 병원에 이십 억 짜리 장비를 두 대 납품하는 것을 프로젝트를 가진 적이 있습니다.","expression":"c_private","category":"background"}],"summary":{"text":"해외 엔지니어와 기술자들의 입국이 막혔던 때, 우리 영업부는 세 달 안에 병원에 장비 두 대를 납품하겠다는 계약서를 썼습니다. 하지만 장비를 설치하지 못하면 지체 보상금을 물어야 했고 병원은 양보할 수 없었습니다. 그래서 온라인 상에서 본사 엔지니어들이 한국에 있는 엔지니어들한테 기술 지원을 할 수 있는 방법을 알아내어 장비를 잘 설치했습니다.","wordCount":48}}},"rawDataInfo":{"question":{"fileFormat":"wav","fileSize":646478,"duration":20200,"samplingBit":16,"channelCount":1,"samplingRate":"16kHz","audioPath":"/Mock/07.ProductionManufacturing/Male/Experienced/ckmk_q_mm_m_e_177164.wav"},"answer":{"fileFormat":"wav","fileSize":2778318,"duration":86820,"samplingBit":16,"channelCount":1,"samplingRate":"16kHz","audioPath":"/Mock/07.ProductionManufacturing/Male/Experienced/ckmk_a_mm_m_e_177164.wav"}}}