{"version":"1.0","dataSet":{"info":{"date":"20230116","occupation":"MM","channel":"MOCK","place":"ONLINE","gender":"MALE","ageRange":"35-44","experience":"EXPERIENCED"},"question":{"raw":{"text":"협업하는 과제와 혼자 하는 과제 중에 어떤 것을 더 선호하나요 그리고 왜 그것을 선호하는지 그 이유도 같이 말씀해 주세요","wordCount":19},"emotion":[],"intent":[]},"answer":{"raw":{"text":"저는 당연히 협업하는 과제가 저한테 더 잘 맞는다고 생각합니다. 왜냐하면 혼자 어떤 과제를 하다 보면 나도 모르게 스스로의 프레임에 빠지거나 스스로의 생각에 갇히게 되는 경우가 많습니다. 스스로 자료를 잘 만들었다고 생각하고 과제를 잘 처리했다고 생각하지만 나중에 다른 사람들에게 검수를 맡겼을 때 생각지도 못한 오류들이 발견되게 됩니다. 하지만 협업을 하는 과제를 하면 저도 모르는 부분을 그 팀 동료나 다른 팀의 구성원들이 지적을 해주거나 아니면 모자란 부분을 채워주면서 시너지 효과를 낼 수 있고 추후에 보면 생산성이나 효율성이 훨씬 좋은 경우들이 많았습니다. 그리고 혼자 하다 보면 스스로 하게 됨으로써 자율성이 떨어지거나 빨리 할 수 있지만 오류가 많습니다. 하지만 함께 하면 멀리 간다는 속담이 있듯이 함께 함으로써 시너지를 내고 내가 부족한 부분을 다른 사람이 채워주고 그러면서 더 좋은 성과가 나는 경우를 많이 보았습니다.","wordCount":119},"emotion":[],"intent":[{"text":"하지만 협업을 하는 과제를 하면 저도 모르는 부분을 그 팀 동료나   다른 팀의 구성원들이 지적을 해주거나 아니면 모자란 부분을 채워주면서 시너지 효과를 낼 수 있고 추후에 보면 생산성이나 효율성이 훨씬 좋은 경우들이 많았습니다.","expression":"c_cop","category":"personality"}],"summary":{"text":"협업하는 과제가 저한테 더 잘 맞는다고 생각합니다. 함께 함으로써 시너지를 내고 제가 부족한 부분을 다른 사람이 채워주고 그러면서 더 좋은 성과가 저는 경우를 많이 보았습니다.","wordCount":25}}},"rawDataInfo":{"question":{"fileFormat":"wav","fileSize":317838,"duration":9930,"samplingBit":16,"channelCount":1,"samplingRate":"16kHz","audioPath":"/Mock/07.ProductionManufacturing/Male/Experienced/ckmk_q_mm_m_e_171905.wav"},"answer":{"fileFormat":"wav","fileSize":2151118,"duration":67220,"samplingBit":16,"channelCount":1,"samplingRate":"16kHz","audioPath":"/Mock/07.ProductionManufacturing/Male/Experienced/ckmk_a_mm_m_e_171905.wav"}}}