{"version":"1.0","dataSet":{"info":{"date":"20230116","occupation":"MM","channel":"MOCK","place":"ONLINE","gender":"MALE","ageRange":"35-44","experience":"EXPERIENCED"},"question":{"raw":{"text":"지원자님께서는 본인만의 스트레스 해소법을 가지고 있나요 있다 면 왜 그런 방법으로 스트레스를 해소하는지 말씀해 주시겠습니까","wordCount":15},"emotion":[],"intent":[]},"answer":{"raw":{"text":"네 저만의 스트레스 해소법에 대해서 말씀드리겠습니다. 일단 스트레스를 해소하는 데 있어서 가장 좋은 점은 운동이 제일 중요하지 않을까 싶습니다. 어 운동을 한다는 거는 결국은 땀을 흘리는 건데 저는 이렇게 땀을 흘렸을 때 그 스트레스 해소가 가장 잘 되는 것 같습니다. 그래서 저 같은 경우는 여가 시간 때 이 테니스와 마라톤을 즐겨 하는데 그 두 가지의 공통점은 아 땀을 매우 많이 흘릴 수 있다는 겁니다. 그렇게 땀을 흘리게 되면 그 날에 있었던 스트레스나 뭐 걱정 뭐 불만 요소 뭐 이런 것들이 다 날라가게 되면서 그 날에 있었던 일을 그날 해소했을 때 또 리플레쉬 되는 마음으로 집에 가서 숙면을 취하고 아침에 인제 출근하게 되면은 또 새롭게 또 리플레쉬 된 마음으로 그렇게 하루를 또 시작했었던 것 같습니다. 그리고도 또 해소가 되지 않을 때는 조금 약간은 음주나 뭐 이런 것들을 좀 하게 되면은 또 많이 도움이 되는 것 같고 또 영화 시청이라든지 뭐 예능을 보여서 많이 웃는다든지 막 이렇게 했을 때에 또 다른 스트레스 해소법이지 않을까 싶습니다. 네 이상입니다.","wordCount":155},"emotion":[],"intent":[{"text":"","expression":"","category":"attitude"}],"summary":{"text":"스트레스 해소에 가장 좋은 점은 운동을 하는 것인데, 운동을 하게 되면 그 날에 있었던 스트레스나 불만 요소 등이 다 날라가게 되면서 그날 날의 일을 해소했을 때 또 리플레쉬 되는 마음으로 숙면을 취하고 아침에 출근하게 되면 또 새롭게 시작하는 것 같습니다. 해소가 되지 않을 때는 음주나 이런 것들을 좀 하게 되면은 또 다른 스트레스 해소법이 될 수 있습니다.","wordCount":57}}},"rawDataInfo":{"question":{"fileFormat":"wav","fileSize":414158,"duration":12940,"samplingBit":16,"channelCount":1,"samplingRate":"16kHz","audioPath":"/Mock/07.ProductionManufacturing/Male/Experienced/ckmk_q_mm_m_e_145765.wav"},"answer":{"fileFormat":"wav","fileSize":2640718,"duration":82520,"samplingBit":16,"channelCount":1,"samplingRate":"16kHz","audioPath":"/Mock/07.ProductionManufacturing/Male/Experienced/ckmk_a_mm_m_e_145765.wav"}}}