{"version":"1.0","dataSet":{"info":{"date":"20230116","occupation":"MM","channel":"MOCK","place":"ONLINE","gender":"MALE","ageRange":"-34","experience":"EXPERIENCED"},"question":{"raw":{"text":"만약 지원자님께서 지금 지원하신 해당 직무가 아니라 다른 부서에 배치를 받게 되신다면 어떻게 하실 건가요 그래도 일단 업무를 진행하실 건가요","wordCount":20},"emotion":[],"intent":[]},"answer":{"raw":{"text":"제가 만약 이 직무가 아닌 다른 부서에 배치가 된다고 하더라도 저는 그곳에서 저에게 주어진 일에 먼저 최선을 다 할 것 같습니다. 그럼으로써 우리 회사는 많은 직무가 있지만 이 직무들이 다 합쳐져서 이 회사를 움직이는 것이기 때문에 아 이 직무가 이 우리 회사에는 이러한 부분을 담당을 하는구나 라는 것들이 저에게 하나에 큰 지식으로 작용을 할 것만 같습니다. 그리고 나중에라도 제가 원하는 직무에 가게 되었을 때 내가 기존에 있었던 그 기존에 행했었던 그 직무가 어떻게 이 회사를 더 유기적으로 움직이는지에 대해서 인식을 할 수 있을 것이라고 생각을 하기 때문에 제가 정말로 원하던 직무를 할 때에도 그것을 이해하는 데에 있어서 더욱 좋게 작용을 할 것이라고 생각을 합니다. 그렇기 때문에 제가 원하는 직무가 아닌 다른 부서에 배치가 돼서 다른 것을 하더라도 일단은 그 일에 대해서 최대한 주어진 일을 열심히 하고 그 일이 우리 회사에서 어떠한 영향을 끼치게 되는지에 대해서 더욱 알기 위해 그 일들을 행할 것 같습니다.","wordCount":143},"emotion":[],"intent":[{"text":"","expression":"","category":"attitude"}],"summary":{"text":"회사는 많은 직무가 있지만 이 직무들이 다 합쳐져서 이 회사를 움직이는 것이기 때문에 이 직무가 우리 회사에 어떠한 영향을 끼치게 되는지 알기 위해 최선을 다 할 것 같습니다.","wordCount":28}}},"rawDataInfo":{"question":{"fileFormat":"wav","fileSize":622478,"duration":19450,"samplingBit":16,"channelCount":1,"samplingRate":"16kHz","audioPath":"/Mock/07.ProductionManufacturing/Male/Experienced/ckmk_q_mm_m_e_288210.wav"},"answer":{"fileFormat":"wav","fileSize":3069838,"duration":95930,"samplingBit":16,"channelCount":1,"samplingRate":"16kHz","audioPath":"/Mock/07.ProductionManufacturing/Male/Experienced/ckmk_a_mm_m_e_288210.wav"}}}