{"version":"1.0","dataSet":{"info":{"date":"20230116","occupation":"MM","channel":"MOCK","place":"ONLINE","gender":"MALE","ageRange":"35-44","experience":"EXPERIENCED"},"question":{"raw":{"text":"지원자님께서는 우리 회사에 들어와서 오 년 뒤 십 년 뒤에 지원자님은 어떤 엔지니어가 되었을지 설명 부탁드리겠습니다","wordCount":16},"emotion":[],"intent":[]},"answer":{"raw":{"text":"오 년 뒤에는 이 모든 프로젝트를 맡고 있는 피엠 프로젝트 매니저가 되고 싶습니다. 오 년 정도 지나면 이 업무에 대해서 완벽하게 익히고 어떻게 프로젝트가 진행되어 어떤 성과를 낼 수 있는지에 대한 빅데이터가 쌓일 것으로 자신할 수 있습니다. 십 년 뒤에는 생산 총괄 본부장이나 알엔디 센터 총괄 본부장을 하고 싶습니다. 왜냐하면 많은 경험이 쌓였고 기존에 있었던 공장 자동화 및 빅데이타 에이아이 인공 지능에 대해서 많은 기술력과 응용력을 갖추고 있어 새로운 회사를 엠엔에이 한다거나 아니면 새로운 플랫폼을 개발하는데 지대한 영향을 끼칠 수 있을 것이라고 자신할 수 있습니다.","wordCount":85},"emotion":[],"intent":[{"text":"","expression":"","category":"attitude"}],"summary":{"text":"피엠 프로젝트 매니저가 되고 싶습니다. 시간이 지나면 성과에 대한 빅데이터가 쌓일 것입니다. 십 년 뒤에는 생산 총괄 본부장이나 알엔디 센터 총괄 본부장을 하고 싶습니다.","wordCount":24}}},"rawDataInfo":{"question":{"fileFormat":"wav","fileSize":380558,"duration":11890,"samplingBit":16,"channelCount":1,"samplingRate":"16kHz","audioPath":"/Mock/07.ProductionManufacturing/Male/Experienced/ckmk_q_mm_m_e_171908.wav"},"answer":{"fileFormat":"wav","fileSize":1511118,"duration":47220,"samplingBit":16,"channelCount":1,"samplingRate":"16kHz","audioPath":"/Mock/07.ProductionManufacturing/Male/Experienced/ckmk_a_mm_m_e_171908.wav"}}}