{"version":"1.0","dataSet":{"info":{"date":"20230116","occupation":"MM","channel":"MOCK","place":"ONLINE","gender":"MALE","ageRange":"35-44","experience":"EXPERIENCED"},"question":{"raw":{"text":"개인적으로 공부를 어떤 방법으로 하시는지 궁금한데요 강의나 책을 활용하는 공부도 좋구요 본인만의 공부법을 말씀해 주시기 바랍니다","wordCount":16},"emotion":[],"intent":[]},"answer":{"raw":{"text":"저는 개인적으로 영어 공부를 오랫동안 하고 있습니다. 예전에는 그냥 책을 통해서 단방향 통신으로 외우고 쓰고 외우고 쓰고 또는 혼자 말해보고 했는데요. 언어는 그렇게 혼자 공부하게 되면 약간 막히는 경향도 있고 실력 상승이 안 되게 되어 있습니다. 언어는 단순한 암기 과목이 아니기 때문에 그렇게 하지 않고 요즘은 인터넷 강의 온라인 강의 또는 줌 미팅 같은 화상 강의를 통해서 양방향 통신으로 스스로의 능력을 확인하고 스스로의 부족한 점을 서로 짚어 낼 수가 있습니다. 예를 들어서 요즘은 줌 미팅이나 팀제 미팅 영어 강의나 영어 회의 또는 영어 모임 등이 상당히 많습니다. 예를 들어서 제가 어떤 카카오톡의 문제 또는 메신저의 문제 에스엔에스의 중독에 대해서 대화를 하다 보면 예전에는 혼자 글을 쓰고 혼자 읽고 외우고 반복해서 말하기였지만 요즘은 강사 또는 영어를 같이 할 수 있는 동료 친구들과 지속적으로 다른 사람의 생각을 주고 받으면서 온라인에서 양방향 통신이 가능해졌습니다. 그렇게 하면서 스스로 발음도 늘고 아 듣기 청취도 좋아지고 말하기 실력도 많이 상승되었습니다.","wordCount":144},"emotion":[],"intent":[{"text":"","expression":"","category":"attitude"}],"summary":{"text":"영어를 오랫동안 혼자 공부하게 되면 약간 막히는 경향도 있고 실력 상승이 안 되게 되어 있어서 요즘은 인터넷 강의 온라인 강의 또는 줌 미팅 같은 화상 강의를 통해서 양방향 통신으로 스스로의 능력을 확인하고 스스로의 부족한 점을 찾아 낼 수가 있어서 스스로 발음도 늘고 듣기 청취도 좋아지고 말하기 실력도 많이 상승되었습니다.","wordCount":49}}},"rawDataInfo":{"question":{"fileFormat":"wav","fileSize":490958,"duration":15340,"samplingBit":16,"channelCount":1,"samplingRate":"16kHz","audioPath":"/Mock/07.ProductionManufacturing/Male/Experienced/ckmk_q_mm_m_e_191589.wav"},"answer":{"fileFormat":"wav","fileSize":2546958,"duration":79590,"samplingBit":16,"channelCount":1,"samplingRate":"16kHz","audioPath":"/Mock/07.ProductionManufacturing/Male/Experienced/ckmk_a_mm_m_e_191589.wav"}}}