{"version":"1.0","dataSet":{"info":{"date":"20230116","occupation":"MM","channel":"MOCK","place":"ONLINE","gender":"MALE","ageRange":"55-","experience":"EXPERIENCED"},"question":{"raw":{"text":"대학 생활을 보내면서 가장 힘들었던 경험은 어떤 것이 있었는지요 아 그 경험에 대해 말씀해 주시구요 또 그것을 어떻게 극복했는지도 함께 말씀해 주시기 바랍니다","wordCount":23},"emotion":[],"intent":[]},"answer":{"raw":{"text":"어 누구나 어 대학 생활을 우리나라에서는 어 구십 프로 이상이 대학을 다닌다고 생각을 합니다. 어 저는 대학을 조금 늦게 갔습니다. 그래서 어 굉장히 음 같은 학과 학생들하고 공부를 하면서 어 세대 차이가 많이 나서 어 어려웠던 점이 많이 있었구요. 어 그 또한 어 극복을 할려고 노력을 많이 했는데요. 어 그 친구들하고 세대 차이가 나니 또 여러 가지 또 대화 속에 굉장히 어려운 일이 많이 있었습니다. 허나 어 맨투맨으로 어 다가가서 친구들하고 어 세대 차이를 극복하려고 노력을 했었구요. 어 그러게 하다 보니까 아 많은 어 또 세대 차이를 극복할 수 있었다 라는 생각도 들고요. 어 또 학습에 또 어 뒤떨어지는 게 굉장히 힘들었습니다. 영어라든가 이런 부분에서 많이 부족해 가지고 그 친구들하고 스터디도 하고 해서 극복했던 기억이 납니다.","wordCount":116},"emotion":[],"intent":[{"text":"","expression":"","category":"attitude"}],"summary":{"text":"우리나라에서는 90% 이상이 대학을 다닌다고 생각하는데, 저는 좀 늦게 대학 생활을 했습니다. 같은 학과 학생들하고 공부를 하면서 세대 차이가 많이 나서 어려웠던 점이 많이 있었습니다. 허나 맨투맨으로 다가가서 세대 차이를 극복하려고 노력했습니다.","wordCount":32}}},"rawDataInfo":{"question":{"fileFormat":"wav","fileSize":494798,"duration":15460,"samplingBit":16,"channelCount":1,"samplingRate":"16kHz","audioPath":"/Mock/07.ProductionManufacturing/Male/Experienced/ckmk_q_mm_m_e_185676.wav"},"answer":{"fileFormat":"wav","fileSize":2883278,"duration":90100,"samplingBit":16,"channelCount":1,"samplingRate":"16kHz","audioPath":"/Mock/07.ProductionManufacturing/Male/Experienced/ckmk_a_mm_m_e_185676.wav"}}}