{"version":"1.0","dataSet":{"info":{"date":"20230116","occupation":"MM","channel":"MOCK","place":"ONLINE","gender":"MALE","ageRange":"55-","experience":"EXPERIENCED"},"question":{"raw":{"text":"지원자님께서는 시간이 촉박한 상황이 생기면 어떤 식으로 시간 관리를 하십니까 지원자님의 시간관리 비법이 궁금합니다","wordCount":14},"emotion":[],"intent":[]},"answer":{"raw":{"text":"항상 어 세상을 살다 보면 시간에 쫓기고 시간이 중요하다는 것을 알고 있을 겁니다. 그래서 아침에 일어나면 시간 관리 시관이 에 쪼개는 그런 시간 관리를 어 다수들이 하고 계실 겁니다. 서 어 그렇게 에 또 준비를 한다고 해서 어 또 어떤 급박한 상황이 발생되고 그러면 당황하기 마련이죠. 그래서 시간 관리는 항상 어 철두철미허게 해야 되구요. 어 또 그 시간 관리 속에 또 촉박한 상황이 발생되면 어 저는 어 항상 지인들 아니면 팀원들의 도움을 약간 받을 거 같습니다. 그래서 선과 후를 잘 따져서 정말 중요하고 급박환 어 상황이 생기면 제가 할 수 있는 부분이 또 어 또 없을 수도 있습니다. 근데 거기에서 자기 혼자 촉박한 상황을 이겨낼려면 어 또 그러다 보면 나중에 또 더 큰 재앙을 불러오를 올 올 수가 있어서 저는 항상 어 촉박한 상황이 생기면 차분해지는 그런 성격입니다. 서 차분함으로 어 또 대처를 하고요. 그게 또 어려울 거 같으면 항상 어 팀 동료 지인들이 옆에 있기 때문에 그분들의 도움을 많이 받으면서 어 시간 관리를 할 거 같습니다. 시간 관리는 여하튼 음 나만의 관리가 아니다 라고 말씀 드릴 수가 있습니다.","wordCount":169},"emotion":[],"intent":[{"text":"근데 거기에서 자기 혼자 촉박한 상황을 이겨낼려면 어 또 그러다 보면 나중에 또 더 큰 재앙을 불러오를 올 올 수가 있어서 저는 항상 어 촉박한 상황이 생기면 차분해지는 그런 성격입니다.","expression":"c_person","category":"background"}],"summary":{"text":"세상을 살다 보면 시간에 쫓기고 시간이 중요하다는 것을 알고 있을 겁니다. 그래서 시간 관리는 항상 철두철미하게 해야 됩니다. 촉박한 상황이 발생되면 지인들 또는 팀원들의 도움을 약간 받을 거 같습니다. 그 상황에 자기 혼자 촉박한 상황을 이겨낼려면 나중에 또 더 큰 재앙을 불러올 수가 있어 차분함으로 대처를 합니다.","wordCount":47}}},"rawDataInfo":{"question":{"fileFormat":"wav","fileSize":397838,"duration":12430,"samplingBit":16,"channelCount":1,"samplingRate":"16kHz","audioPath":"/Mock/07.ProductionManufacturing/Male/Experienced/ckmk_q_mm_m_e_237705.wav"},"answer":{"fileFormat":"wav","fileSize":3723598,"duration":116360,"samplingBit":16,"channelCount":1,"samplingRate":"16kHz","audioPath":"/Mock/07.ProductionManufacturing/Male/Experienced/ckmk_a_mm_m_e_237705.wav"}}}