{"version":"1.0","dataSet":{"info":{"date":"20230116","occupation":"MM","channel":"MOCK","place":"ONLINE","gender":"MALE","ageRange":"35-44","experience":"EXPERIENCED"},"question":{"raw":{"text":"지원자분이 입사를 하게 된 후에 쉬운 일 어려운 일이 나눠져 있다고 생각해 봅시다 이와 같은 일에 대한 분배를 하실 일이 있으실 텐데 어떤 방식으로 하실지 어떻게 나눠서 처리하실 생각이신지 궁금합니다","wordCount":30},"emotion":[],"intent":[]},"answer":{"raw":{"text":"당연히 저는 쉬운 일부터 먼저 처리해야 된다고 생각합니다. 사람이 쉬운 일과 어려운 일을 두 가지 과제를 할당 받았을 때 일단 두 개의 마음의 짐이 생깁니다. 그런데 쉬운 일을 먼저 처리하면 우리의 뇌는 하나의 어려운 일을 해결했기 때문에 이제 오십 퍼센트의 짐만 남았다고 생각하고 오십 퍼센트의 일을 해결하기 위한 끊임없는 솔루션 및 방법을 찾을 것입니다. 하지만 어려운 일을 해결하고 쉬운 일을 해결하는 그런 스타일들은 두 가지의 마음에 짐과 빚이 남아있기 때문에 이 뇌가 개 지속적으로 부담을 갖습니다. 우리가 잠재 의식 속에서 두 가지의 비 비 빚과 짐을 지게 되면 우리의 뇌는 두 가지의 일 때문에 어떤 쉬운 일도 나중에는 해결하지 못하는 난관에 봉착하게 됩니다. 그래서 사람들은 항상 쉬운 일부터 먼저 해결을 하고 그다음에 어려운 일을 하다 보면 조금씩 답안을 찾아가게 되고 마지못해 어려운 일이 남아 있을 때는 주변에 있는 사람들한테 어떻게든 도움을 받아서 결국은 과업을 해결해 나갈 수 있습니다. 하지만 어려운 일 때문에 쉬운 일까지 하지 못하면 결국 저는 어려운 일도 해결하지 못하고 쉬운 일도 해결하지 못하는 업무 저성과자가 될 확률이 높습니다.","wordCount":161},"emotion":[],"intent":[{"text":"","expression":"","category":"attitude"}],"summary":{"text":"어려운 일을 해결하고 쉬운 일을 해결하는 스타일은 두 가지의 마음에 짐과 빚이 남아있게 되어 뇌가 지속적으로 부담을 갖습니다. 그래서 사람들은 항상 쉬운 일부터 먼저 해결하고 어려운 일을 하다 보면 조금씩 답안을 찾아가게 되고 어려운 일이 남아 있을 때는 주변에 도움을 받아서 결국 과업을 해결해 나갈 수 있습니다.","wordCount":47}}},"rawDataInfo":{"question":{"fileFormat":"wav","fileSize":637518,"duration":19920,"samplingBit":16,"channelCount":1,"samplingRate":"16kHz","audioPath":"/Mock/07.ProductionManufacturing/Male/Experienced/ckmk_q_mm_m_e_177169.wav"},"answer":{"fileFormat":"wav","fileSize":2688078,"duration":84000,"samplingBit":16,"channelCount":1,"samplingRate":"16kHz","audioPath":"/Mock/07.ProductionManufacturing/Male/Experienced/ckmk_a_mm_m_e_177169.wav"}}}