{"version":"1.0","dataSet":{"info":{"date":"20230116","occupation":"MM","channel":"MOCK","place":"ONLINE","gender":"MALE","ageRange":"35-44","experience":"EXPERIENCED"},"question":{"raw":{"text":"현대인은 하루 평균 세 번의 거짓말을 하고 산다고 합니다 지원자분께서 해 본 가장 기억에 남는 거짓말은 무엇인지 말씀해 주시기 바랍니다","wordCount":20},"emotion":[],"intent":[]},"answer":{"raw":{"text":"대학생 때 아르바이트를 하러 버스를 타고 가던 중에 어떤 할머니께서 리어카에 많은 박스를 싣고 가시다가 횡단보도에서 그 박스를 전부 다 떨어뜨려 차가 갑자기 막힌 적이 있습니다. 근데 그 할머니는 당황하셔서 횡단보도에 빨간 불이 들어와도 움직이지 않고 그 박스를 주섬주섬하시면서 위험에 처해 계셨습니다. 그때 저는 버스에서 내려서 그 할머니를 도와 리어카에 박스를 담고 결국 그 박스를 다 담고 할머니를 안전한 곳까지 모셔다 드려서 그 더운 여름에 삼십 분 정도를 뙤약볕에 그렇게 일을 하고 버스를 세 세 개 정도 놓친 다음에 아르바이트에 처음이자 마지막으로 지각을 한 적이 있습니다. 그때 사장님께서 한 번도 지각하지 않는 당신이 왜 이렇게까지 늦게 왔는지 이유를 대라고 하셨는데요. 제가 거기서 이러이러한 일 때문에 횡단보도에서 할머니의 리어카를 도와드리느라 이렇게 늦었습니다 라고 할 수 없어서 그냥 갑자기 버스 타고 오다가 큰 사고가 나서 어쩔 수 없이 늦게 되었습니다. 죄송합니다 라고 마무리를 지었던 기억이 있습니다. 이게 제 인생에서 가장 기억에 남는 화이트라이 하얀 거짓말이었던 것 같습니다.","wordCount":145},"emotion":[],"intent":[{"text":"그때 저는 버스에서 내려서 그 할머니를 도와 리어카에 박스를 담고 결국 그 박스를 다 담고 할머니를 안전한 곳까지 모셔다 드려서   그 더운 여름에 삼십 분 정도를 뙤약볕에 그렇게 일을 하고 버스를 세 세 개 정도 놓친 다음에   아르바이트에 처음이자 마지막으로 지각을 한 적이 있습니다.","expression":"c_private","category":"background"}],"summary":{"text":"대학생 때 아르바이트를 위해 리어카에 많은 박스를 싣고 가다가 횡단보도에서 박스를 다 떨어뜨려 차가 막힌 적이 있습니다. 그 할머니는 당황하셔서 횡단보도에 빨간 불이 들어와도 움직이지 않고 그 박스를 주섬주섬하시면서 위험에 처해 계셨습니다. 그래서 제가 급하게 버스 타고 오다가 큰 사고가 나서 어쩔 수 없이 늦게 되었습니다 라고 마무리를 지었습니다.","wordCount":49}}},"rawDataInfo":{"question":{"fileFormat":"wav","fileSize":427598,"duration":13360,"samplingBit":16,"channelCount":1,"samplingRate":"16kHz","audioPath":"/Mock/07.ProductionManufacturing/Male/Experienced/ckmk_q_mm_m_e_164741.wav"},"answer":{"fileFormat":"wav","fileSize":2646478,"duration":82700,"samplingBit":16,"channelCount":1,"samplingRate":"16kHz","audioPath":"/Mock/07.ProductionManufacturing/Male/Experienced/ckmk_a_mm_m_e_164741.wav"}}}