{"version":"1.0","dataSet":{"info":{"date":"20230116","occupation":"MM","channel":"MOCK","place":"ONLINE","gender":"MALE","ageRange":"45-54","experience":"EXPERIENCED"},"question":{"raw":{"text":"지원자님께서 본인이 현재 가지고 있는 위치보다 어려운 목표를 달성한 적이 있다면 그 경험을 소개해 주시기 바랍니다","wordCount":16},"emotion":[],"intent":[]},"answer":{"raw":{"text":"저는 이전 직장에서 부장님 과장님 그리고 대리인 저 그리고 동료 대리 한 명 그리고 사원 이렇게 총 다섯 명이서 약 한 삼 개월에 걸쳐서 어 전국에 있는 우리 그 지점망들에 대한 라인을 생산라인을 점검하는 그런 프로젝트를 진행했던 적이 있었습니다. 약 석 달 동안 준비를 하는 거였는데 약 두 달 정도가 지났을 때 어 부장님과 과장님이 불의의 사고로 교통사고를 당했습니다. 두 분 다 입원을 하셨고 어 꽤 오랫동안 그 치료를 해야 되는 그런 큰 사고였습니다. 지금 프로젝트를 제출해야 될 때까지는 약 한 달 정도가 남은 상태였는데 그 위에 계신던 부장님과 과장님이 두 분 다 안 계셔가지구 회사 측에서는 지금 이 저희가 하고 있는 이 프로젝트를 계속 진행하느냐 아니면 다른 새로운 팀장을 데려와서 진행을 하느냐 멈추느냐 하는 고민에 빠졌습니다. 저는 그때 당시에 외부에서 누군가가 온다면 다시 또 혼란이 생길 것 같애서 제 스스로 해 본다 라고 말씀을 드렸고 회사로부터 허가를 받았습니다. 그나마 그 전에 두 달 동안에 자료 수집을 충분히 잘 해놨기 때문에 저희 세 명이서 나름 어 준비를 해 가지구 제출을 할 수 있었고 회사로부터 꽤 높은 평가를 받았습니다. 어 저는 그때 비록 대리에 직책을 하고 있었지만 어 나중에는 그 팀장의 역할을 하면서 업무를 완수할 수 있었기에 너무나 기뻤습니다.","wordCount":188},"emotion":[{"text":"어 저는 그때 비록   대리에 직책을 하고 있었지만 어 나중에는 그 팀장의 역할을 하면서 업무를 완수할 수 있었기에   너무나 기뻤습니다.","expression":"p-happiness","category":"positive"}],"intent":[{"text":"","expression":"","category":"attitude"}],"summary":{"text":"총 다섯 명이서 전국 지점망들에 대한 라인을 생산라인을 점검하는 프로젝트를 진행한 적이 있습니다. 두 달 정도가 지났을 때 교통사고로 부상을 당하였습니다. 제출해야 될 때까지 한 달 정도가 남았는데 부장님과 과장님이 두 분 다 안 계셔가지구 회사 측에서는 프로젝트를 계속하느냐 중단하느냐 하는 고민에 빠졌습니다. 다행히 회사로부터 허가를 받았고 대리 역할을 하면서 업무를 완수할 수 있어 기뻤습니다.","wordCount":55}}},"rawDataInfo":{"question":{"fileFormat":"wav","fileSize":389198,"duration":12160,"samplingBit":16,"channelCount":1,"samplingRate":"16kHz","audioPath":"/Mock/07.ProductionManufacturing/Male/Experienced/ckmk_q_mm_m_e_140905.wav"},"answer":{"fileFormat":"wav","fileSize":2869198,"duration":89660,"samplingBit":16,"channelCount":1,"samplingRate":"16kHz","audioPath":"/Mock/07.ProductionManufacturing/Male/Experienced/ckmk_a_mm_m_e_140905.wav"}}}