{"version":"1.0","dataSet":{"info":{"date":"20230116","occupation":"MM","channel":"MOCK","place":"ONLINE","gender":"MALE","ageRange":"45-54","experience":"EXPERIENCED"},"question":{"raw":{"text":"직무를 수행하는 도중 모르는 과제가 발생한다면 지원자님께서는 이 상황을 어떻게 해결하실 겁니까 그 해결법과 이유도 말씀해 주십시오","wordCount":17},"emotion":[],"intent":[]},"answer":{"raw":{"text":"직무 수행 시 모르는 과제가 등장한다면 저는 당연히 도움을 청할 것입니다. 어 이 일을 그 직무에 대해서 잘 아는 어 뭐 선배나 아니면은 이 일을 경험해 왔던 경험자에게 도움을 청할 것 같습니다. 그 도움을 청한다 라는 게 단순히 제가 일을 못하기 때문에 그 사람한테 도움을 청한다 라는 의미는 아닙니다. 일단 그 일에 제가 제 업무인 이상 그얼 해결할려고 노력은 해보겠지만 제 노력으로 부족하다 라든지 아니면 정말 많은 시간 관 이런 걸 투자해야 된다 라고 하면 저는 어 그 순간에 전문가를 찾아서 도움을 청하겠습니다. 그 저는 개인적으로 그렇게 생각합니다. 회사란 저는 회사에 소속되어 있는 사람이고 그 업무는 회사에서 저한테 주는 오더라고 생각을 합니다. 그것을 제 스스로 해결하는 게 옳은 방법이긴 하지만 그 제가 모르는 것을 제가 혼자서 그걸 끙끙 앓고 그 싸매고 있는 것보다는 저는 그걸 오히려 그 전문가를 통해서 도움을 받고 대신 그것이 어떻게 처리 됐는지를 배우고 익혀서 다음번에는 그 일을 제가 스스로 해결할 수 있으면 된다 라고 저는 생각합니다. 그것이 회사 입장에서도 어 업무를 저한테 맡겨서 저한테 정체가 되느니 그걸 해결한 다음에 어 제가 그것을 배우는 것이 배우고 익히는 것이 더 옳은 업무처사라고 저는 생각합니다.","wordCount":176},"emotion":[],"intent":[{"text":"","expression":"","category":"attitude"}],"summary":{"text":"직무 수행 시 모르는 과제가 등장한다면 전문가를 찾아서 도움을 청하겠습니다. 회사란 저는 회사에 소속되어 있는 사람이고 그 업무는 회사에서 저한테 주는 오더라고 생각합니다. 그것을 혼자 힘으로 해결하고 있는 것보다는 전문가를 통해서 그 일을 스스로 해결하는 것이 옳다고 생각합니다. 업무를 저한테 맡겨서 정체가 되느니 그것을 해결한 다음에 제가 배우고 익히는 것이 더 옳은 업무처사라고 저는 생각합니다.","wordCount":55}}},"rawDataInfo":{"question":{"fileFormat":"wav","fileSize":508878,"duration":15900,"samplingBit":16,"channelCount":1,"samplingRate":"16kHz","audioPath":"/Mock/07.ProductionManufacturing/Male/Experienced/ckmk_q_mm_m_e_140903.wav"},"answer":{"fileFormat":"wav","fileSize":2846158,"duration":88940,"samplingBit":16,"channelCount":1,"samplingRate":"16kHz","audioPath":"/Mock/07.ProductionManufacturing/Male/Experienced/ckmk_a_mm_m_e_140903.wav"}}}