{"version":"1.0","dataSet":{"info":{"date":"20230116","occupation":"MM","channel":"MOCK","place":"ONLINE","gender":"MALE","ageRange":"35-44","experience":"EXPERIENCED"},"question":{"raw":{"text":"아 일을 하시게 되면 중국으로 출장을 갈 일이 조금 생길 수도 있을 것 같은데요 어 지원자님께서는 중국으로 출장을 가시는 것도 괜찮으실까요 생각을 말씀해 주세요","wordCount":24},"emotion":[],"intent":[]},"answer":{"raw":{"text":"출장은 어디를 가던 전혀 상관없습니다. 특히나 중국은 우리나라에서 멀지 않은 곳이고 생각보다 무역이나 교류에 대해서 배워야 할 것이 상당히 많은 나라입니다. 물론 중국과 대한민국의 국제 정세에 교류는 아주 좋지 않지만 회사의 마진과 판매를 위해선 당연히 그런 것은 배제해야 됩니다. 특히 중국은 우리나라보다 시장이 천 배에서 오천 배 더 큰 시장입니다. 그들은 고 마진에 소량 판매를 원하는 것이 아니라 저 마진에 다량을 판매할 수 있는 엄청난 네트워크와 시장이 열려 있습니다. 특히 중국에는 메이드 인 코리아라고 하는 제품에 대한 한류 열풍에 의한 판매가 엄청나게 이뤄지고 있고 코리아에서 왔다고 하면 일단 그들은 많은 관심을 갖고 그 제품에 대해서 한 번은 써 보기를 원합니다. 그렇다면 현재 일본이나 미국 또는 국내에서 저희가 고수하고 있는 그 가격 전체에서 조금 더 마진을 줄이고 판매량을 확대할 수 있는 방법을 찾으면 중국을 출장 가서도 많은 것을 배울 수 있습니다. 중국 출장이 사람들이 가끔 중국인들은 굉장히 배타적이고 우리가 말하는 너무 시끄럽고 예의가 없다고 생각하지만 그렇지 않습니다. 중국에 제가 출장을 갔을 때 많이 배운 사람들 지식인들은 오히려 우리나라에 못 배운 사람들보다 훨씬 더 매너 있고 비즈니스 에티켓이 좋은 사람들을 봤습니다.","wordCount":169},"emotion":[],"intent":[{"text":"","expression":"","category":"attitude"}],"summary":{"text":"중국 출장은 무역이나 교류에 대해서 배워야 할 것이 많은 나라입니다. 특히 중국은 우리나라보다 시장이 천 배에서 오천 배 더 큰 시장입니다. 그들은 저 마진에 다량을 판매할 수 있는 엄청난 네트워크와 시장이 열려 있습니다. 현재 일본이나 미국 또는 국내에서 고수하고 있는 그 가격 전체에서 조금 더 마진을 줄이고 판매량을 확대할 수 있는 방법을 찾으면 중국을 출장 가서도 많은 것을 배울 수 있습니니다.","wordCount":61}}},"rawDataInfo":{"question":{"fileFormat":"wav","fileSize":488078,"duration":15250,"samplingBit":16,"channelCount":1,"samplingRate":"16kHz","audioPath":"/Mock/07.ProductionManufacturing/Male/Experienced/ckmk_q_mm_m_e_182379.wav"},"answer":{"fileFormat":"wav","fileSize":2800078,"duration":87500,"samplingBit":16,"channelCount":1,"samplingRate":"16kHz","audioPath":"/Mock/07.ProductionManufacturing/Male/Experienced/ckmk_a_mm_m_e_182379.wav"}}}