{"version":"1.0","dataSet":{"info":{"date":"20230116","occupation":"MM","channel":"MOCK","place":"ONLINE","gender":"MALE","ageRange":"35-44","experience":"EXPERIENCED"},"question":{"raw":{"text":"본인이 지금까지 살면서 겪었던 갈등들 중 가장 심각했던 갈등은 어떤 것이었나요 본인의 경험에서 한 가지만 골라 말씀해 주세요","wordCount":18},"emotion":[],"intent":[]},"answer":{"raw":{"text":"중학교 삼 학년 때 특목고를 갈 수 있는 성적이 나왔음에도 불구하고 특목고 가서 삼 년 동안 미친 듯이 열심히 공부할 자신이 없어 원서 쓰는 마지막 날 선생님과 부모님의 뜻을 거스르고 제가 원하는 그냥 공부 못하는 남녀공학에 학교로 진학을 하게 된 케이스가 있었습니다. 그때 저는 특목고를 가는 것이 너무 두려웠고 공부 양도 엄청나서 견딜 자신도 없었고 더 솔직히 말하면 남녀공학을 가서 여자친구를 만들고 싶은 마음이 더 컸습니다. 지금 생각해보면 아주 바보같고 우스운 행동인데 그때 당시에는 제가 많이 컸고 성장했기 때문에 제가 선택하는 것에 대한 모든 책임을 질 수 있을 거라고 생각했습니다. 그때 부모님과 담임 선생님이 엄청나게 혼을 내면서 고등학교를 선택하는 것이 앞으로 당신의 인생에 엄청나게 영향을 미칠 텐데 니가 그래도 이래도 공부 못하는 학교를 꼭 가야겠냐 라고 해서 저는 여섯 시간 동안 부모님을 설득하고 담임 선생님에게 혼나면서 결국은 공부 못하는 남녀공학 학교를 선택했습니다. 물론 지금 시간이 지나고 나서 보니 부모님과 선생님의 뜻이 옳았지만 그때 당시에 엄청난 갈등과 부모님에게 꾸지람을 받으면서도 저는 그때 선택을 했었습니다.","wordCount":153},"emotion":[],"intent":[{"text":"중학교 삼 학년 때 특목고를 갈 수 있는 성적이 나왔음에도 불구하고   특목고 가서 삼 년 동안 미친 듯이 열심히 공부할 자신이 없어 원서 쓰는 마지막 날   선생님과 부모님의 뜻을 거스르고 제가 원하는 그냥 공부 못하는 남녀공학에 학교로 진학을 하게 된 케이스가 있었습니다.","expression":"c_private","category":"background"},{"text":"그때 저는 특목고를 가는 것이 너무 두려웠고 공부 양도 엄청나서 견딜 자신도 없었고   더 솔직히 말하면 남녀공학을 가서 여자친구를 만들고 싶은 마음이 더 컸습니다.","expression":"c_private","category":"background"}],"summary":{"text":"중학교 삼학년 때 특목고를 갈 수 있는 성적이 나왔으나 부모님과 부모님의 뜻을 거스르고 공부 못하는 남녀공학 학교로 진학하게 된 케이스가 있었습니다. 당시에 부모님과 선생님의 뜻이 옳았지만 엄청난 갈등과 부모님에게 꾸지람을 받으면서 저는 그때 선택을 했었습니다.","wordCount":35}}},"rawDataInfo":{"question":{"fileFormat":"wav","fileSize":453198,"duration":14160,"samplingBit":16,"channelCount":1,"samplingRate":"16kHz","audioPath":"/Mock/07.ProductionManufacturing/Male/Experienced/ckmk_q_mm_m_e_165842.wav"},"answer":{"fileFormat":"wav","fileSize":2642638,"duration":82580,"samplingBit":16,"channelCount":1,"samplingRate":"16kHz","audioPath":"/Mock/07.ProductionManufacturing/Male/Experienced/ckmk_a_mm_m_e_165842.wav"}}}