{"version":"1.0","dataSet":{"info":{"date":"20230116","occupation":"MM","channel":"MOCK","place":"ONLINE","gender":"MALE","ageRange":"55-","experience":"EXPERIENCED"},"question":{"raw":{"text":"이 분야에 지원하기 위해 개인적으로 어떠한 노력을 하셨는지 궁금합니다","wordCount":9},"emotion":[],"intent":[]},"answer":{"raw":{"text":"저는 어 대학 생활을 이 광고 홍보 분야로 공부를 했었는데요. 어 이 분야 아 그 공부를 했기 때문에 이 분야의 지원 하게 됐구요. 어 지원을 해서 어 회사에 만약에 들어간다 하면 저 그 그 전문 분야이기 때문에 에 홍보 분야 이쪽에다 지원을 하게 됐습니다. 어 회사는 어 제품 생산 어 또 소비자에게 직접 전달해서 판매하는 일의 목적이고 거기에 따라서 이윤 추구가 어 목적입니다. 그러면 음 이 홍보 분야가 굉장히 중요하기 때문에 이 분야를 그런 굉장히 회사에서도 필요로 하는 사람이 되보자. 홍보 분야를 어 지원하게 됐고요. 회사의 홍보를 위해서 어 여러 가지로 공부를 많이 했습니다. 그래서 에 여기에 따르는 에 제 마음가짐이 굉장히 고무적이다 라고 어 말씀을 드리겠습니다.","wordCount":107},"emotion":[],"intent":[{"text":"","expression":"","category":"attitude"}],"summary":{"text":"대학 때 광고 홍보 분야를 공부해서 이 분야를 회사에 지원하게 됐습니다. 회사는 제품을 생산하고 소비자에게 직접 전달해서 판매하는 일의 목적이고 이윤 추구가 목적이기 때문입니다. 홍보 분야가 중요하기 때문에 회사에서도 필요로 하는 사람이 되겠습니다.","wordCount":33}}},"rawDataInfo":{"question":{"fileFormat":"wav","fileSize":243278,"duration":7600,"samplingBit":16,"channelCount":1,"samplingRate":"16kHz","audioPath":"/Mock/07.ProductionManufacturing/Male/Experienced/ckmk_q_mm_m_e_185990.wav"},"answer":{"fileFormat":"wav","fileSize":2813518,"duration":87920,"samplingBit":16,"channelCount":1,"samplingRate":"16kHz","audioPath":"/Mock/07.ProductionManufacturing/Male/Experienced/ckmk_a_mm_m_e_185990.wav"}}}