{"version":"1.0","dataSet":{"info":{"date":"20230116","occupation":"MM","channel":"MOCK","place":"ONLINE","gender":"MALE","ageRange":"-34","experience":"EXPERIENCED"},"question":{"raw":{"text":"지원자님만의 커뮤니케이션을 잘 할 수 있는 스킬에 대해서 직접 한번 보여주시면서 설명이 가능하실까요","wordCount":13},"emotion":[],"intent":[]},"answer":{"raw":{"text":"너무 다들 알고 있는 이야기이고 누구나가 쉽게 할 수 있는 부분은 공감이라고 생각합니다. 사실 사람은 누구에게나 인정을 받고 싶어하는 욕구가 있고 어 자신의 이야기를 들어주는 것만으로도 충분히 위로를 받는 받기 때문에 그러한 사람이 있다면 한결 수월하게 그 사람과 커뮤니케이션이 가능하다고 생각합니다. 자신의 이야기를 함으로써 나의 것을 먼저 오픈함으로써 이 사람과 친해지는 방법도 있지만 급 급하게 다가가지 않고 상대방의 이야기를 들어줌으로써 그 사람의 마음을 만져 주고 그 사람과의 소통이 만져 줌으로써 그 사람과의 소통이 매우 쉬워지고 다양해지는 경험들을 많이 했습니다. 그리고 갈등 상황에서도 다른 사람의 이야기를 들어주는 것만으로도 그 갈등이 많이 완화되는 경우가 많기 때문에 커뮤니케이션 같은 경우에 소통을 원활히 하는 스킬 중의 하나는 일단 경청을 하고 그 사람에 마음에 직접적으로 공감을 해주고 그 사람의 생각을 읽 읽으려고 노력을 했고 내가 아닌 그 사람이 되어 보려고 노력하는 것이 그 사람과 소통을 하는 데에 가장 중요하고 효율적이고 좋은 방법이라고 생각합니다.","wordCount":138},"emotion":[],"intent":[{"text":"","expression":"","category":"attitude"}],"summary":{"text":"사람은 누구나 인정을 받고 싶어하는 욕구가 있고 그 이야기를 들어주는 것만으로도 충분한 위로를 받기 때문에 그러한 사람이 있다면 커뮤니케이션이 한결 수월하게 가능합니다. 경청과 공감은 소통을 원활히 하는 스킬 중 하나입니다. 그 사람이 되어 보려고 노력하는 것이 가장 중요하고 효율적이고 좋은 방법입니다.","wordCount":41}}},"rawDataInfo":{"question":{"fileFormat":"wav","fileSize":298958,"duration":9340,"samplingBit":16,"channelCount":1,"samplingRate":"16kHz","audioPath":"/Mock/07.ProductionManufacturing/Male/Experienced/ckmk_q_mm_m_e_292976.wav"},"answer":{"fileFormat":"wav","fileSize":3433038,"duration":107280,"samplingBit":16,"channelCount":1,"samplingRate":"16kHz","audioPath":"/Mock/07.ProductionManufacturing/Male/Experienced/ckmk_a_mm_m_e_292976.wav"}}}