{"version":"1.0","dataSet":{"info":{"date":"20230116","occupation":"MM","channel":"MOCK","place":"ONLINE","gender":"MALE","ageRange":"55-","experience":"EXPERIENCED"},"question":{"raw":{"text":"지원자님께서 가지고 있는 상위 일 퍼센트의 능력이 있나요 본인만의 능력에 대해서 최대한 자세하게 저희에게 어필을 해 주시길 바랍니다","wordCount":18},"emotion":[],"intent":[]},"answer":{"raw":{"text":"어 항상 인간은 음 더 자기 발전을 위해서 노력하는 동물이기 때문에 에 제가 가지고 있는 그런 어 또 어 능력을 최대한 발휘할려고 노력을 하고 있습니다. 근데 또 어 다행히 에 또 희망적으로 상위 일 퍼센트 능력이 있다면 얼매나 좋겠습니까. 어 또 그 능력을 가지고 있다 라면 어 굉장히 큰 나의 힘이겠죠. 어 저는 그 일 퍼센트의 능력을 어 굉장히 회사에 집중할 것 같습니다. 어 또 회사에 그 능력을 발휘해 주면서 회사 발전도 함께 할 수 있다 라고 생각을 합니다. 아 그 일 퍼센트의 으 능력을 꼭 나만의 능력으로 어 또 어 생각을 하고 거기에 자만해서 또 하다 보면 굉장히 낭패를 받는 경우가 많습니다. 그래서 상위 일 퍼센트 능력이 있다면 함께 에 또 직장 동료와 또 팀원들과 어 나누는 그런 어 어 것을 추구합니다. 그래서 거기에 따라서 함께 에 공존할 수 있는 어 그런 것을 에 추구하는데요. 어 그러다 보면 제 일 프로 일 퍼센트 능력이 다시 또 배가되지 않을까 그런 생각을 해 봅니다.","wordCount":153},"emotion":[],"intent":[{"text":"","expression":"","category":"attitude"}],"summary":{"text":"인간은 자기 발전을 위해 노력하는 동물이기 때문에 제가 가진 능력을 최대한 발휘할려고 노력하고 있습니다. 그런데 상위 일 퍼센트 능력이 있다면 회사 발전에 집중할 것 같습니다. 그 능력을 꼭 나만의 능력으로 생각하거나 자만하지 말고 함께 나누면서 공존할 수 있는 것을 추구해야 합니다.","wordCount":41}}},"rawDataInfo":{"question":{"fileFormat":"wav","fileSize":598478,"duration":18700,"samplingBit":16,"channelCount":1,"samplingRate":"16kHz","audioPath":"/Mock/07.ProductionManufacturing/Male/Experienced/ckmk_q_mm_m_e_235843.wav"},"answer":{"fileFormat":"wav","fileSize":3623758,"duration":113240,"samplingBit":16,"channelCount":1,"samplingRate":"16kHz","audioPath":"/Mock/07.ProductionManufacturing/Male/Experienced/ckmk_a_mm_m_e_235843.wav"}}}