{"version":"1.0","dataSet":{"info":{"date":"20230116","occupation":"MM","channel":"MOCK","place":"ONLINE","gender":"MALE","ageRange":"35-44","experience":"EXPERIENCED"},"question":{"raw":{"text":"본인이 창의적으로 어떤 문제를 해결해 본 경험이 있다면 그때 과정에 대해서 최대한 자세하게 설명해 주세요","wordCount":15},"emotion":[],"intent":[]},"answer":{"raw":{"text":"이전 회사에서 고객사가 저희 회사에 소형 특수 목적용 선박 엔진을 엔진 개발을 요청했던 적이 있었습니다. 그 엔진은 반드시 디젤을 사용해야만 했었는데요. 저희가 오랜 기간을 통해서 개발을 완료하고 엔진을 실제 엔진을 생산하여 테스트를 하였는데 고객사가 생각보다 고객사가 원하는 만큼 성능이 나오지 않았습니다. 그래서 저는 어 이 문제를 해결하기 위해서 발상에 전환을 해 보았습니다. 왜 디자인을 사용해야 되나 어 우리가 일반적으로 잘 아는 뭐 가솔린이나 아니면 다른 연료도 있지 않습니까. 그래서 저는 가솔린을 사용하는 엔진을 한번 설계를 해 보자 라고 고객사에 역 제안을 해 보았습니다. 그래서 가솔린을 사용한 엔진을 설계를 했 하였더니 이 엔진이 디젤을 사용하는 것보다 훨씬 생각보다 훨씬 더 그 목적에 맞는 성능을 발휘하였습니다. 그래서 결국 그 특수한 엔진이 고객사를 만족시킬 수 있었던 경험이 있었습니다.","wordCount":115},"emotion":[],"intent":[{"text":"","expression":"","category":"attitude"}],"summary":{"text":"이전 회사에서 고객사가 소형 특수 목적용 선박 엔진을 개발을 요청했던 적이 있었습니다. 디젤을 사용해야만 했던 엔진은 실제 엔진을 생산하여 테스트를 하였는데 고객사가 원하는 만큼 성능이 나오지 않았습니다. 그래서 제가 가솔린을 사용한 엔진을 설계를 해 보았습니다. 목적에 맞는 성능을 발휘하였습니다.","wordCount":39}}},"rawDataInfo":{"question":{"fileFormat":"wav","fileSize":290638,"duration":9080,"samplingBit":16,"channelCount":1,"samplingRate":"16kHz","audioPath":"/Mock/07.ProductionManufacturing/Male/Experienced/ckmk_q_mm_m_e_250236.wav"},"answer":{"fileFormat":"wav","fileSize":2757518,"duration":86170,"samplingBit":16,"channelCount":1,"samplingRate":"16kHz","audioPath":"/Mock/07.ProductionManufacturing/Male/Experienced/ckmk_a_mm_m_e_250236.wav"}}}