{"version":"1.0","dataSet":{"info":{"date":"20230116","occupation":"MM","channel":"MOCK","place":"ONLINE","gender":"MALE","ageRange":"35-44","experience":"EXPERIENCED"},"question":{"raw":{"text":"본인은 스스로 숫자와 창의 중 어떤 것에 더 가까운 사람이라고 생각하나요 그렇게 생각하는 이유도 말씀해 주세요","wordCount":16},"emotion":[],"intent":[]},"answer":{"raw":{"text":"저는 창의성이 더 뛰어난 사람이라고 생각합니다. 왜냐하면 엔지니어는 지속적인 기술개발과 현장에 있는 업무를 처리해야 합니다. 그런데 현장이나 개발을 할 때는 우리가 생각하지 못한 변수들이 상당히 많습니다. 우리가 영어로 변수를 베리에이션이라고 말하는 이유가 변동성이 많다는 뜻입니다. 예를 들어 주어진 일만 하는 사람들이라면 이런 변동성에 익숙하지가 않지만 저희 같은 개발이나 기술 엔지니어들은 생각보다 현장에서 부딪치는 난관들이 많습니다. 그 난관은 어떠한 답이 정해진 것이 아니라 그 답을 풀어나가는 과정을 통해서 하나하나 답을 찾게 됩니다. 그래서 저는 숫자보다는 창의성이 훨씬 더 가깝다고 생각합니다.","wordCount":79},"emotion":[],"intent":[{"text":"","expression":"","category":"attitude"}],"summary":{"text":"엔지니어는 지속적인 기술개발과 현장의 업무를 처리해야 하기 때문에 숫자보다 창의성이 더 뛰어난 사람이라고 생각합니다. 현장이나 개발을 할 때는 예상치 못한 변수들이 많이 있기 때문에 숫자보다는 창의력이 더 가깝다고 생각합니다.","wordCount":29}}},"rawDataInfo":{"question":{"fileFormat":"wav","fileSize":348238,"duration":10880,"samplingBit":16,"channelCount":1,"samplingRate":"16kHz","audioPath":"/Mock/07.ProductionManufacturing/Male/Experienced/ckmk_q_mm_m_e_165836.wav"},"answer":{"fileFormat":"wav","fileSize":1545678,"duration":48300,"samplingBit":16,"channelCount":1,"samplingRate":"16kHz","audioPath":"/Mock/07.ProductionManufacturing/Male/Experienced/ckmk_a_mm_m_e_165836.wav"}}}