{"version":"1.0","dataSet":{"info":{"date":"20230116","occupation":"MM","channel":"MOCK","place":"ONLINE","gender":"MALE","ageRange":"55-","experience":"EXPERIENCED"},"question":{"raw":{"text":"협업을 할 때 사교성이 좋으신 편인지에 대해 좀 궁금한데요 지원자님이 그 사교성을 키우기 위해서 어떤 노력을 하셨는지에 대해 말씀 부탁드립니다","wordCount":20},"emotion":[],"intent":[]},"answer":{"raw":{"text":"협법은 음 기본적으로 회사 생활을 하는데 필요로 하는 에 덕목인 것 같습니다. 그러나 위에서 협업을 하게 되면 사교성이 굉장히 중요한데요. 어 저는 사교성이 굉장히 그 좋은 편입니다. 그 사람과 사람을 대함에 있어서 진실성이 있게 다가 가기 때문에 사교성은 어 남에게 뒤쳐지지 않을까 생각이 들구요. 사교성을 키우기 위해서는 어 나의 진실성이 보여져야 된다고 생각을 합니다. 그렇지 않으면 어 상대방과의 대화 이런 부분이 막혀있기 때문에 사교가 되지 않습니다. 그래서 항상 어 그분들하고 사교를 어 협업을 하려면 사교를 해야 되 거기 때문에 어 또 조그마한 선물 이런 것도 어 저는 어 또 같이 공동해서 어 이루어져야 사교가 잘 된다고 생각을 해서 항상 어 비싼 건 못 해드래도 어 싸고 저렴한 부분을 항상 선물을 하고 있습니다.","wordCount":112},"emotion":[],"intent":[{"text":"어 저는 사교성이 굉장히 그 좋은 편입니다.","expression":"c_person","category":"background"}],"summary":{"text":"협업은 회사 생활을 하는데 필요한 덕목인 것 같습니다. 협업을 하게 되면 사교성이 굉장히 중요한 데 저는 굉장히 좋은 편인데 사교성을 키우기 위해서는 저의 진실성이 보여져야 한다고 생각합니다. 그렇지 않으면 사교가 되지 않습니다.","wordCount":32}}},"rawDataInfo":{"question":{"fileFormat":"wav","fileSize":487758,"duration":15240,"samplingBit":16,"channelCount":1,"samplingRate":"16kHz","audioPath":"/Mock/07.ProductionManufacturing/Male/Experienced/ckmk_q_mm_m_e_186081.wav"},"answer":{"fileFormat":"wav","fileSize":2895438,"duration":90480,"samplingBit":16,"channelCount":1,"samplingRate":"16kHz","audioPath":"/Mock/07.ProductionManufacturing/Male/Experienced/ckmk_a_mm_m_e_186081.wav"}}}