{"version":"1.0","dataSet":{"info":{"date":"20230116","occupation":"MM","channel":"MOCK","place":"ONLINE","gender":"MALE","ageRange":"55-","experience":"EXPERIENCED"},"question":{"raw":{"text":"요즘 고령화 사회로 가면서 치매로 인한 문제가 많이 대두되고 있는데요 이에 대해 건보 공단이 하는 일과 개선할 방안에 대해서 말씀해 주시기 바랍니다","wordCount":22},"emotion":[],"intent":[]},"answer":{"raw":{"text":"나이가 들어가면서 발생하는 치매 문제가 어 환자 수가 많아지면서 사회적인 문제로 대두되고 있는 것은 사실입니다. 제 의견은 그러한 고령화 사회에 대두되는 치매 환자들에 대해서 어 예방 조치가 많이 필요하지 않나 하는 생각입니다. 치매는 어 대부분 정신적인 질환에서 오는 것이므로 어 이를 예방할 수 있는 여러 가지 방안들 또 사회적인 기구들 이런 것들이 에 활발하게 이루어져서 각 지역마다 치매 환자 예 그 예상되는 치매 환자 이러한 환자들이 치매에 걸리지 않도록 예방하는 그러한 어 여러 가지 그 조치들의 에 쉽게 접근하고 또 거기에서 그 효과를 볼 수 있는 그러한 일들이 건강보험공단에서 이루어져서 치매 환자를 많이 줄일 수 있으면 좋겠다고 생각합니다.","wordCount":98},"emotion":[],"intent":[{"text":"","expression":"","category":"attitude"}],"summary":{"text":"치매는 대부분 정신적인 질환에서 오는 것이므로 예방 조치가 많이 필요하지만, 건강보험공단에서 예방 조치가 이루어져서 치매 환자를 많이 줄일 수 있으면 좋겠습니다.","wordCount":21}}},"rawDataInfo":{"question":{"fileFormat":"wav","fileSize":638798,"duration":19960,"samplingBit":16,"channelCount":1,"samplingRate":"16kHz","audioPath":"/Mock/07.ProductionManufacturing/Male/Experienced/ckmk_q_mm_m_e_301442.wav"},"answer":{"fileFormat":"wav","fileSize":2979918,"duration":93120,"samplingBit":16,"channelCount":1,"samplingRate":"16kHz","audioPath":"/Mock/07.ProductionManufacturing/Male/Experienced/ckmk_a_mm_m_e_301442.wav"}}}