{"version":"1.0","dataSet":{"info":{"date":"20230116","occupation":"MM","channel":"MOCK","place":"ONLINE","gender":"MALE","ageRange":"45-54","experience":"EXPERIENCED"},"question":{"raw":{"text":"입사 후에 근무하면서 정작 지원한 분야가 지원자님과 잘 맞지 않다는 사실을 깨닫는다면 어떤 식으로 행동하실 생각입니까","wordCount":16},"emotion":[],"intent":[]},"answer":{"raw":{"text":"어 일단 제가 지원한 분야는 제가 그 분야를 지원하기 위해서 노력을 해 왔고 나름 그 분야에 대해서 잘 알고 나름 또 자신감이 있기 때문에 지원을 했다고 생각을 합니다. 하지만 막상 입사를 해 가지고 근무를 하다 보면 어 제가 생각했던 거와는 분명히 다른 부분이 발생을 할 겁니다. 이것은 신입 사원이기 때문에 전에 경험이 없는 상태기 때문에 당연한 결과일 수도 있다 라고 생각을 합니다. 어 저는 혹시라도 제가 지원한 분야가 저와 잘 맞지 않는다고 해도 어 일단은 노력을 해 볼 것 같습니다. 우선적으로 제가 이 분야를 지원하기 위해서 어 저는 오랫동안 노력을 해왔고 거기에 대한 준비를 해왔습니다. 어 막상 현실에 부딪쳤을 때 그게 설사 제가 생각했던 거와 다른 부분이 있을지라도 어 저는 그것을 노력하고 어 저 스스로 저의 업무 역량을 늘 업무 역량을 늘린다면 충분히 잘 적응할 수 있을 거라고 생각합니다.","wordCount":129},"emotion":[],"intent":[{"text":"","expression":"","category":"attitude"}],"summary":{"text":"신입 사원이기 때문에 처음 지원한 분야가 저와 잘 맞지 않는다고 해도 일단 노력을 해 볼 것 같습니다. 처음 현실에 부딪쳤을 때 제가 생각했던 거와 다른 부분이 있을지라도 저는 그것을 노력하고 저 스스로 업무 역량을 늘 업무 역량을 늘린다면 충분히 잘 적응할 수 있을 것이라고 생각합니다.","wordCount":45}}},"rawDataInfo":{"question":{"fileFormat":"wav","fileSize":436558,"duration":13640,"samplingBit":16,"channelCount":1,"samplingRate":"16kHz","audioPath":"/Mock/07.ProductionManufacturing/Male/Experienced/ckmk_q_mm_m_e_153304.wav"},"answer":{"fileFormat":"wav","fileSize":2172878,"duration":67900,"samplingBit":16,"channelCount":1,"samplingRate":"16kHz","audioPath":"/Mock/07.ProductionManufacturing/Male/Experienced/ckmk_a_mm_m_e_153304.wav"}}}