{"version":"1.0","dataSet":{"info":{"date":"20230116","occupation":"MM","channel":"MOCK","place":"ONLINE","gender":"MALE","ageRange":"-34","experience":"EXPERIENCED"},"question":{"raw":{"text":"본인의 성격상 장단점에 대해 각각 말씀해 주세요 이때 최대한 구체적인 예시와 함께 더 말씀해 주시면 좋겠습니다","wordCount":16},"emotion":[],"intent":[]},"answer":{"raw":{"text":"저의 성격상 장점은 또 다른 사람들과 융화되고 어울리는 데 있어서 어려움이 없는 것 같습니다. 그래서 인간관계와 같은 부분에 있어서 모났다는 소리는 들어본 적이 없습니다. 사회생활 그 회사 생활은 사람과 사람과에 관계가 매우 중요하다고 생각합니다. 물론 본인에게 주어진 일을 잘 해야 하지만 어떠한 회사는 어떠한 회사라도 혼자서 그 모든 것들을 다 이끌어 갈 수가 없습니다. 그렇기 때문에 다른 사람과 협력을 해야 될 때가 있고 또 그 협력을 함에 있어서 본인만 잘한다고 모든 것들이 다 해결이 되지 않기 때문에 다른 사람들과에 의사소통과 어울리는 것이 매우 중요하다고 생각합니다. 하지만 이것이 바로 곧 단점이 되기도 하는데 어 제가 정말로 소중히 생각해야 하고 저와 동일시하는 대상에 있어서는 그러한 기준이 매우 높기 때문에 그러한 사람들에게 있어서 있어서는 제가 생각하는 저에 그 잣대를 똑같이 적용을 시키는 것만 같습니다. 그래서 내 내가 나한테 엄격한 만큼 다른 사람에게도 똑같이 엄격하게 하기 때문에 어떻게 보면 내가 정말로 소중하게 생각해야 하고 소중히 생각해야 하는 사람에게 의도치 않게 상처를 준다거나 의도치 않게 그러한 사람들을 외롭게 만들 때가 더러 있는 거 같습니다.","wordCount":159},"emotion":[],"intent":[{"text":"","expression":"","category":"attitude"}],"summary":{"text":"사회생활은 사람과 사람과의 관계가 매우 중요하다고 생각합니다. 하지만 이것이 단점이 되기도 하는데, 제가 소중히 생각해야 하고 저와 동일시하는 대상에 대해서는 기준이 매우 높기 때문에 그런 사람들에게 제 잣대를 똑같이 적용 시키는 것 같습니다. 그래서 제가 정말로 소중하게 생각해야 하고 소준히 생각해야 하는 사람에게 상처를 주거나 외롭게 될 때가 있습니다.","wordCount":49}}},"rawDataInfo":{"question":{"fileFormat":"wav","fileSize":301518,"duration":9420,"samplingBit":16,"channelCount":1,"samplingRate":"16kHz","audioPath":"/Mock/07.ProductionManufacturing/Male/Experienced/ckmk_q_mm_m_e_288211.wav"},"answer":{"fileFormat":"wav","fileSize":3569998,"duration":111560,"samplingBit":16,"channelCount":1,"samplingRate":"16kHz","audioPath":"/Mock/07.ProductionManufacturing/Male/Experienced/ckmk_a_mm_m_e_288211.wav"}}}