{"version":"1.0","dataSet":{"info":{"date":"20230116","occupation":"MM","channel":"MOCK","place":"ONLINE","gender":"MALE","ageRange":"55-","experience":"EXPERIENCED"},"question":{"raw":{"text":"만약 상사가 업무와 무관한 일을 시킨다면 지원자님은 어떻게 하실 건가요 그래도 잘 수행하실 건지 아니면 안 하실 건지 말씀해 주세요","wordCount":20},"emotion":[],"intent":[]},"answer":{"raw":{"text":"회사에 에 임하게 에 되는 자세에서 또 어 활동을 하다 보면 상사가 업무와 무관한 일을 시켜 어 서 또 개인적으로 스트레스를 받는 경우가 많이 있습니다. 저는 반대로 어 또 스트레스를 받기 보다는 무관한 업무도 항상 어 상사가 시키면 그게 내 업무라고 생각을 하고 어 어 대처을 해야 된다고 생각을 합니다. 무조건 어 무관한 업무다고 어 상사에게 대든다던가 그러면 어 나중에 보면 항상 어 안 좋은 일과 또 어려운 일들이 발생한 경우가 많이 있습니다. 그래서 업무와 무관한 일을 시키면 어 시간이 허락하지 하는 한은 어 어 도와줄 것이고요. 또 거기에 따라서 또 그 어 무관한 일을 시켜서 시간이 안 되게 되면 어 저녁 시간을 이용해서 도와줘야 된다고 그 항상 긍정 마인드로 접근을 하겠습니다.","wordCount":112},"emotion":[],"intent":[{"text":"","expression":"","category":"attitude"}],"summary":{"text":"업무와 무관한 일을 시키면 시간이 허락하는 한은 도울 것이고, 시간이 안 된다면 저녁 시간을 이용해서 도와줘야 된다고 항상 긍정 마인드로 접근을 하겠습니다.","wordCount":22}}},"rawDataInfo":{"question":{"fileFormat":"wav","fileSize":633038,"duration":19780,"samplingBit":16,"channelCount":1,"samplingRate":"16kHz","audioPath":"/Mock/07.ProductionManufacturing/Male/Experienced/ckmk_q_mm_m_e_185760.wav"},"answer":{"fileFormat":"wav","fileSize":2888398,"duration":90260,"samplingBit":16,"channelCount":1,"samplingRate":"16kHz","audioPath":"/Mock/07.ProductionManufacturing/Male/Experienced/ckmk_a_mm_m_e_185760.wav"}}}