{"version":"1.0","dataSet":{"info":{"date":"20230116","occupation":"MM","channel":"MOCK","place":"ONLINE","gender":"MALE","ageRange":"-34","experience":"EXPERIENCED"},"question":{"raw":{"text":"지원자님은 입사 후에 쉬운 일 그리고 어려운 일이 있을 경우에 이 일에 대해서 분배를 어떻게 하실 생각이신가요 어떻게 나누어서 처리할 생각이신지에 대해서 말씀 부탁드립니다","wordCount":24},"emotion":[],"intent":[]},"answer":{"raw":{"text":"저는 저의 할당 양만 일을 하겠습니다. 사람이 시간 안에 처리할 수 있는 일에 범위는 정해져 있습니다. 왜냐하면 사람의 신체는 절대적이기 때문입니다. 이 절대적인 기준을 넘어서서 어떤 일을 수행한다고 하는 것은 건강에 좋지 않습니다. 건강에 좋지 않다는 것은 이미 인간적으로 해결할 수 있는 범위를 넘어서는 일이라는 것입니다. 어려운 일이 나한테 분배가 된다고 하면 그것은 초과되는 일이기 때문에 옆에 있는 동료에게 그 일을 나누겠습니다. 그저 그냥 이렇게 나누는 것이 아니라 설득을 통하여 지금 나에게 업무가 과중되어 있으니 너와 이 일을 조금 하는 것이 좋겠다 이런 설득의 방법을 통해서 일을 분배하겠습니다. 절대로 제 몸이 부서지도록 일을 하는 것은 아니라고 생각을 합니다. 옆에 동료들과의 협업을 통해서 일을 하면 어려운 일도 처리할 수 있다고 생각을 합니다.","wordCount":111},"emotion":[],"intent":[{"text":"그저 그냥 이렇게 나누는 것이 아니라   설득을 통하여 지금 나에게 업무가 과중되어 있으니 너와 이 일을 조금 하는 것이 좋겠다 이런 설득의 방법을 통해서 일을 분배하겠습니다.","expression":"c_value","category":"background"}],"summary":{"text":"사람의 신체는 절대적이기 때문에 제가 할 수 있는 일은 저 자신의 할당 양만 일을 하겠습니다. 어려운 일이 나한테 분배가 된다면 그것은 초과되는 일이기 때문에 옆에 있는 동료에게 그 일을 나누겠습니다. 그저 그냥 이렇게 나누는 것이 아니라 설득의 방법을 통해서 일을 분배하겠습니다.","wordCount":41}}},"rawDataInfo":{"question":{"fileFormat":"wav","fileSize":528398,"duration":16510,"samplingBit":16,"channelCount":1,"samplingRate":"16kHz","audioPath":"/Mock/07.ProductionManufacturing/Male/Experienced/ckmk_q_mm_m_e_186245.wav"},"answer":{"fileFormat":"wav","fileSize":2699278,"duration":84350,"samplingBit":16,"channelCount":1,"samplingRate":"16kHz","audioPath":"/Mock/07.ProductionManufacturing/Male/Experienced/ckmk_a_mm_m_e_186245.wav"}}}