{"version":"1.0","dataSet":{"info":{"date":"20230116","occupation":"MM","channel":"MOCK","place":"ONLINE","gender":"MALE","ageRange":"35-44","experience":"EXPERIENCED"},"question":{"raw":{"text":"지금까지 살면서 전혀 새로운 환경에서 정말 몰랐던 일을 맡아서 한 경험이 있나요 그런 경험이 있다면 말씀해 주세요","wordCount":17},"emotion":[],"intent":[]},"answer":{"raw":{"text":"난생 처음 신기한 경험 또는 새로운 경험을 한 것은 바로 군대입니다. 저는 일반 육군으로 가서 일반 병들처럼 총을 쏘고 보초 근무를 서는 육군에 지원을 했는데요. 갑자기 어느 순간에 비무장지대로 발명 발령이 나서 거기서 비무장지대에서 훈련을 하고 매복 수색 작전을 하는 특수 부대로 전출이 되었습니다. 제가 생각하지도 못한 비무장지대에서 매일 밤을 새면서 일곱 시간 여덟 시간씩 허리가 끊어질 정도로 아픈데도 근무를 스고 그 다음날 아침에 특공 무술을 배우고 또는 연병장을 백 바퀴씩 뛰었습니다. 세상에 이렇게 낯설고 힘든 환경에 올 것이라고 생각도 못 했고 이게 도대체 무엇을 하는 곳인가 라고 일 년 동안 정말 많이 힘들었던 경험이 있습니다. 하지만 그것도 사람이 사는 곳이고 또 그것도 군대의 일부분이라고 생각을 하고 상병이 넘은 다음부터는 그 생활에 익숙해져 가면서 아 사람은 어느 곳에서나 적응할 수 있구나 라는 깊은 깨달음을 얻었고 추후에 군대 전역할 때는 지금까지 또 그 비무장지대에서 생활했던 기록들이 새록새록 머릿속에 있습니다.","wordCount":138},"emotion":[],"intent":[{"text":"제가 생각하지도 못한 비무장지대에서 매일 밤을 새면서 일곱 시간 여덟 시간씩   허리가 끊어질 정도로 아픈데도 근무를 스고 그 다음날 아침에 특공 무술을 배우고 또는 연병장을 백 바퀴씩 뛰었습니다.","expression":"f_pat","category":"attitude"}],"summary":{"text":"저는 비무장지대에서 훈련을 하고 매복 수색 작전을 하는 특수 부대로 전출되었습니다. 허리가 끊어질 정도로 아픈데도 근무를 하고 그 다음날 아침에 특공 무술을 배우고 연병장을 백 바퀴씩 뛰었습니다. 아주 힘들었던 경험이지만 군대의 일부분이라고 생각하고 그 생활에 익숙해지면서 깊은 깨달음을 얻었습니다.","wordCount":39}}},"rawDataInfo":{"question":{"fileFormat":"wav","fileSize":382158,"duration":11940,"samplingBit":16,"channelCount":1,"samplingRate":"16kHz","audioPath":"/Mock/07.ProductionManufacturing/Male/Experienced/ckmk_q_mm_m_e_165840.wav"},"answer":{"fileFormat":"wav","fileSize":2389838,"duration":74680,"samplingBit":16,"channelCount":1,"samplingRate":"16kHz","audioPath":"/Mock/07.ProductionManufacturing/Male/Experienced/ckmk_a_mm_m_e_165840.wav"}}}