{"version":"1.0","dataSet":{"info":{"date":"20230116","occupation":"MM","channel":"MOCK","place":"ONLINE","gender":"MALE","ageRange":"55-","experience":"EXPERIENCED"},"question":{"raw":{"text":"지원자님께서는 무언가를 이루기 위해 목표를 세우고 이 삼 년간 열심히 노력하여 목표를 달성해 본 경험이 있으십니까","wordCount":16},"emotion":[],"intent":[]},"answer":{"raw":{"text":"저요 저는 뭐 원래는 이런 정비 이런 거는 아예 몰랐죠. 저 하나도 몰랐어요. 네 근데 네 먹고 살려고 먹고 살려고 이제 이 일을 시작을 하게 된 거고 어 저는 조금 늦게 시작했어요. 그래도 까 빨리 시작했다고 하는 축에는 못 껴요. 보통 빨리 시작하면 십 대에 시작하니까 저는 근데 이십 대 이십 대 저 스물 셋 넷 요때 쯤에 시작을 했는데 어 그렇게 시작한 만큼 빨리 알고 싶었어요. 네 이게 뭔지 저게 뭔지 막 뭐 자동차는 뭐고 자동차보다 나중에 또 이제 항공으로 갔을 때 비행기 이건 뭐고 저건 뭐고 막 모든 걸 알고 싶고 막 잘하고 싶다는 그런 열망이 컸어 가지고 제가 그래서 네 남들에 비해 그 당시에 저와 같이 배웠던 남들에 비해 두 세 배는 노력을 했다고 또 생각이 들고요. 그래서인지 저는 그래도 빠르게 한 삼 년 정도 만에 많은 안정화를 이루었죠 제 스스로.","wordCount":134},"emotion":[],"intent":[{"text":"","expression":"","category":"attitude"}],"summary":{"text":"저 원래 정비는 몰랐는데 먹고 살려고 이 일을 시작한 것이고 늦게 시작했다고 하는 축에는 못 끼지만 빨리 알고 싶었습니다. 그래서 다른 사람들에 비해 두 세 배는 노력을 했고 그래서인지 저는 빠르게 한 삼 년 정도 만에 많은 안정화를 이루었습니다.","wordCount":39}}},"rawDataInfo":{"question":{"fileFormat":"wav","fileSize":404558,"duration":12640,"samplingBit":16,"channelCount":1,"samplingRate":"16kHz","audioPath":"/Mock/07.ProductionManufacturing/Male/Experienced/ckmk_q_mm_m_e_177796.wav"},"answer":{"fileFormat":"wav","fileSize":2914318,"duration":91070,"samplingBit":16,"channelCount":1,"samplingRate":"16kHz","audioPath":"/Mock/07.ProductionManufacturing/Male/Experienced/ckmk_a_mm_m_e_177796.wav"}}}