{"version":"1.0","dataSet":{"info":{"date":"20230116","occupation":"MM","channel":"MOCK","place":"ONLINE","gender":"MALE","ageRange":"55-","experience":"EXPERIENCED"},"question":{"raw":{"text":"지금부터 삼 년 뒤까지 삼 년 이내에 주요 주요 성장 계획이나 목표가 있으신지요 본인이 가지고 있는 성장 계획이나 목표에 대해서 말씀해 주시면 좋겠습니다","wordCount":23},"emotion":[],"intent":[]},"answer":{"raw":{"text":"성장 계획이요 그것보다 저는 음 어 잘 넘겨줄 수 있는 계획 잘 마무리 좀 이렇게 정리하는 계획이라고 할까요 그게 목표예요. 네 후배들에게 제 후임들에게 조금 잘 저의 경력에서 오는 어떤 경험에서 오는 그런 판단 기준 뭐 이런 것들을 잘 은연중에 잘 그게 전수가 됐으면 좋겠고 그러니까 이거는 무슨 공부를 가르쳐 주듯이 이렇게 될 수가 없어요. 그러니까 함께 일을 하면서 거기서 자연스럽게 이제 그 경험들을 하면서 대화 중에 오가는 그리고 일을 하는 중에 오가는 그런 자연스러운 전수 과정이 있기 때문에 그런 부분으로 이제 제 후배들이 잘 전달이 됐으면 좋겠고 조금 그렇게 잘 마무리하고 저는 이제 네 퇴직을 하는 게 저의 목표입니다. 네","wordCount":101},"emotion":[],"intent":[{"text":"","expression":"","category":"attitude"}],"summary":{"text":"성장 계획보다 잘 마무리하는 게 목표입니다. 후배들에게 어떤 경험에서 오는 판단 기준들을 잘 전수가 됐으면 좋겠습니다. 함께 일을 하면서 자연스러운 전수 과정이 있기 때문에 그런 부분으로 제 후배가 잘 전달이 됐으면 합니다.","wordCount":32}}},"rawDataInfo":{"question":{"fileFormat":"wav","fileSize":514958,"duration":16090,"samplingBit":16,"channelCount":1,"samplingRate":"16kHz","audioPath":"/Mock/07.ProductionManufacturing/Male/Experienced/ckmk_q_mm_m_e_177799.wav"},"answer":{"fileFormat":"wav","fileSize":2748878,"duration":85900,"samplingBit":16,"channelCount":1,"samplingRate":"16kHz","audioPath":"/Mock/07.ProductionManufacturing/Male/Experienced/ckmk_a_mm_m_e_177799.wav"}}}