{"version":"1.0","dataSet":{"info":{"date":"20230116","occupation":"MM","channel":"MOCK","place":"ONLINE","gender":"MALE","ageRange":"55-","experience":"EXPERIENCED"},"question":{"raw":{"text":"지금까지 살아오시면서 새로운 환경에서 전혀 몰랐던 일을 맡아서 해본 경험이 있으신지요 어 있다면 어떤 경험이었는지 자세히 한번 소개해 주시겠습니까","wordCount":19},"emotion":[],"intent":[]},"answer":{"raw":{"text":"세상을 살면서 새로운 환경이라는 게 지속적인 것 같습니다. 어 항상 어 그 환경에서만 일할 수 있으면 좋겠지만 그러기에는 이 이 경제가 뒷받침이 많이 안 됩니다. 어 제가 농협을 그만두고 어 또 현대 백화점 프로젝트를 하는 것도 새로운 경험이겠지만 저는 에 광고 홍보 학과를 나와서 광고 쪽에 간판도 제작을 해 봤습니다. 정말 엉뚱하고 새로운 환경이었죠. 그러나 그기에서 어 주변에 했던 상사분들한테 많이 배워가지고 무난히 지나가는 경우도 있었구요. 또 그것을 어 직접 수주하고 제작하고 어 또 설치하는 그런 과정 또 그 중간에 에 또 어 관공서에 그 허가 과정 이런 게 겹쳐서 굉장히 그때 에 혼란의 시간이었던 것 같습니다. 그러나 지금 지나고 보니까 그것이 다 공부였고 또 능력을 키울 수 있는 방법이라고 생각 했었 했습니다.","wordCount":113},"emotion":[],"intent":[{"text":"","expression":"","category":"attitude"}],"summary":{"text":"저는 광고 홍보 학과를 나와서 광고 쪽에 간판도 제작을 해 봤습니다. 엉뚱하고 새로운 환경이었지만, 상사분들한테 많이 배워 그것을 직접 수주하고 제작하고 설치하는 과정 또 관공서에 허가 과정 이런 게 겹쳐서 혼란스러웠습니다. 그러나 그것이 능력을 키울 수 있는 방법이었습니다.","wordCount":38}}},"rawDataInfo":{"question":{"fileFormat":"wav","fileSize":474638,"duration":14830,"samplingBit":16,"channelCount":1,"samplingRate":"16kHz","audioPath":"/Mock/07.ProductionManufacturing/Male/Experienced/ckmk_q_mm_m_e_186780.wav"},"answer":{"fileFormat":"wav","fileSize":2863438,"duration":89480,"samplingBit":16,"channelCount":1,"samplingRate":"16kHz","audioPath":"/Mock/07.ProductionManufacturing/Male/Experienced/ckmk_a_mm_m_e_186780.wav"}}}