{"version":"1.0","dataSet":{"info":{"date":"20230116","occupation":"MM","channel":"MOCK","place":"ONLINE","gender":"MALE","ageRange":"35-44","experience":"EXPERIENCED"},"question":{"raw":{"text":"소통 능력을 키우기 위해 어떤 일을 할 수 있을까요 생각나는 방법들을 자세하게 설명해 주세요","wordCount":14},"emotion":[],"intent":[]},"answer":{"raw":{"text":"제가 이전 회사에서 겪었던 일 중에 가장 좋았던 것이 하루 업무를 수행하기 전에 전 팀원이 모여서 커피 타임을 가졌던 것입니다. 어 모든 팀원이 다 모여 한 자리에 모여서 업무를 업무에 대한 이야기를 하는 것이 아닌 서로 간에 간단한 음 어제의 하루 뭐 그리고 가족사 그리고 취미 활동 이런 거에 대해서 어 얘기할 수 있는 커피 타임을 통해 얘기를 하였는데요. 이렇게 편안한 분위기에서 서로 간에 아주 가 간단하고도 편안한 이야기를 하였던 것이 업무를 업무 능력을 크게 향상시킬 수 있었습니다. 그리고 가장 중요한 것이 서로 간에 소통이 굉장히 원활하게 잘 되었는데요. 이 커피 타임을 통해서 어 소통 능력을 키울 수 있는 것은 이 회사에서도 한번 적용할 해 볼만 한 아주 좋은 일이라고 저는 믿고 있습니다.","wordCount":113},"emotion":[{"text":"제가 이전 회사에서 겪었던 일 중에 가장 좋았던 것이 하루 업무를 수행하기 전에 전 팀원이 모여서 커피 타임을 가졌던 것입니다.","expression":"p-happiness","category":"positive"}],"intent":[{"text":"","expression":"","category":"attitude"}],"summary":{"text":"이전 회사에서 가장 즐거웠던 것은 팀원들이 커피타임을 갖는 것이었습니다. 편안한 분위기의 커피타임은 업무 능력 향상에 큰 도움이 되었습니다. 이 커피 타임은 회사에서도 적용해 볼만한 아주 좋은 일이라고 믿고 있습니다.","wordCount":29}}},"rawDataInfo":{"question":{"fileFormat":"wav","fileSize":306638,"duration":9580,"samplingBit":16,"channelCount":1,"samplingRate":"16kHz","audioPath":"/Mock/07.ProductionManufacturing/Male/Experienced/ckmk_q_mm_m_e_250241.wav"},"answer":{"fileFormat":"wav","fileSize":2179918,"duration":68120,"samplingBit":16,"channelCount":1,"samplingRate":"16kHz","audioPath":"/Mock/07.ProductionManufacturing/Male/Experienced/ckmk_a_mm_m_e_250241.wav"}}}