{"version":"1.0","dataSet":{"info":{"date":"20230116","occupation":"MM","channel":"MOCK","place":"ONLINE","gender":"MALE","ageRange":"55-","experience":"EXPERIENCED"},"question":{"raw":{"text":"지원자님은 혹시 공장에서 일해 보신 경험이 있으십니까 경험이 있다면 그 경험에 대해서 자세하게 설명해 주세요","wordCount":15},"emotion":[],"intent":[]},"answer":{"raw":{"text":"어 제가 어 광고 에 홍보학과를 나왔습니다. 그래서 그 홍보만 하는 게 아니고 직접 재장하는 공장의 방문해서 어 경험 삼아 에 이 개월 동안 에 일을 해 봤습니다. 또 피스도 받으고 어 어 피스도 박고 또 사이즈에 에 맞게 간판 제작도 해 봤기에 거기에 따르는 어 드릴이라든가 이런 부분을 다룰 줄 알아야지만 공장 생활이 가능합니다. 그래서 드릴이라든가 에 그 자 재는 법 이런 것들 배우고 각도 맞추는 법 어 또 어 시트 그 이렇게 어 어 직접 그 프릭스에다가 바르는 작업 이런 부분에 에 많이 경험을 해 봤습니다. 그래서 어 그걸 직접 제작해서 어 또 어 소비자 으 으 상호를 어 직접 어 업장에 가서 달아도 주고 해서 어 그 굉장히 기분 좋아했던 그런 기억이 납니다.","wordCount":116},"emotion":[{"text":"어 제가 어 광고 에 홍보학과를 나왔습니다.","expression":"u-fact","category":"neutral"},{"text":"그래서 그 홍보만 하는 게 아니고 직접 재장하는 공장의 방문해서 어 경험 삼아 에 이 개월 동안 에 일을 해 봤습니다.","expression":"u-fact","category":"neutral"}],"intent":[{"text":"그래서 그 홍보만 하는 게 아니고 직접 재장하는 공장의 방문해서 어 경험 삼아 에 이 개월 동안 에 일을 해 봤습니다.","expression":"c_private","category":"background"}],"summary":{"text":"광고 홍보학과를 나온 저는 직접 공장에 방문해서 일을 해 봤고, 피스를 받고, 사이즈에 맞게 간판 제작도 해 봤기에 드릴이라든가 이런 부분을 다룰 줄 알아야 공장에서 생활이 가능합니다.","wordCount":27}}},"rawDataInfo":{"question":{"fileFormat":"wav","fileSize":456078,"duration":14250,"samplingBit":16,"channelCount":1,"samplingRate":"16kHz","audioPath":"/Mock/07.ProductionManufacturing/Male/Experienced/ckmk_q_mm_m_e_184155.wav"},"answer":{"fileFormat":"wav","fileSize":2875918,"duration":89870,"samplingBit":16,"channelCount":1,"samplingRate":"16kHz","audioPath":"/Mock/07.ProductionManufacturing/Male/Experienced/ckmk_a_mm_m_e_184155.wav"}}}