{"version":"1.0","dataSet":{"info":{"date":"20230116","occupation":"MM","channel":"MOCK","place":"ONLINE","gender":"MALE","ageRange":"55-","experience":"EXPERIENCED"},"question":{"raw":{"text":"요즘 고령화 사회로 가면서 치매로 인한 문제가 굉장히 많이 대두되고 있습니다 이에 대해서 건보공단이 하는 일과 개선해야 될 방향에 대해서 말씀해 주세요","wordCount":22},"emotion":[],"intent":[]},"answer":{"raw":{"text":"고령화 사회로 가면서 요즘 치매 문제가 굉장히 대두되고 있는데요. 건강 어 보험 공단이 하는 일은 많습니다. 어 뭐 보험료도 지급을 할 것이고 아니면 팜프렛으로 홍보도 하고 어 그다음에 치매 방지를 위해서 어 공부도 하게끄름 책도 보내주고요. 어 거기에 따르는 또 운동법을 에 어 에 달력 같이 만들어서 배포 하기도 합니다. 여러 가지 하기는 합니다마는 직접적으로 어 이게 에 찾아가는 서비스가 부전 부족한 것 같습니다. 여기 인제 노령화 사회가 됐으니까 어 건강 보험에서 인원을 보충해서 어 직접 치매 환자에게 찾아가서 직접적인 어 컨트롤을 해 주면 아마 치매가 더 빨리 완쾌 되고 어 또 치매가 어 늦춰지는 그런 효과를 어 만들지 않을까 해서 개선할 방안으로 어 말씀을 드렸습니다.","wordCount":106},"emotion":[{"text":"고령화 사회로 가면서 요즘 치매 문제가 굉장히 대두되고 있는데요.","expression":"u-fact","category":"neutral"}],"intent":[{"text":"","expression":"","category":"attitude"}],"summary":{"text":"고령화 사회로 가면서 치매 문제가 대두되고 있습니다. 건강보험공단은 보험 지급, 홍보, 책 발송 등의 일을 하지만, 직접 치매 환자에게 찾아가 직접 컨트롤을 해 주면 치매가 더 빨리 완쾌되고 늦춰지는 효과를 만들 수 있을 것입니다.","wordCount":34}}},"rawDataInfo":{"question":{"fileFormat":"wav","fileSize":460558,"duration":14390,"samplingBit":16,"channelCount":1,"samplingRate":"16kHz","audioPath":"/Mock/07.ProductionManufacturing/Male/Experienced/ckmk_q_mm_m_e_175490.wav"},"answer":{"fileFormat":"wav","fileSize":2780878,"duration":86900,"samplingBit":16,"channelCount":1,"samplingRate":"16kHz","audioPath":"/Mock/07.ProductionManufacturing/Male/Experienced/ckmk_a_mm_m_e_175490.wav"}}}