{"version":"1.0","dataSet":{"info":{"date":"20230116","occupation":"MM","channel":"MOCK","place":"ONLINE","gender":"MALE","ageRange":"55-","experience":"EXPERIENCED"},"question":{"raw":{"text":"지원자님께서 입사 후에 기존에 원하던 일을 못 하게 되었다면 어떻게 하실 건가요 또한 그렇게 하시려는 이유에 대해서도 말씀해 주세요","wordCount":19},"emotion":[],"intent":[]},"answer":{"raw":{"text":"에 입사를 하게 되면 기존에 원했던 나의 전문 분야아가 에 있는데요. 그것을 회사에다가 어 어필을 할 수 없으니 원활한 일을 못하게 에 되었을 경우에는 어 항상 저는 그렇습니다. 이 회사에서 어 맡은 어 인무를 성질히 수행해야 된다는 그런 각오를 가지고 입사를 하기 때문에 어 제가 원하던 일을 못하게 되었을 경우에는 어 위에 에 상사들에게 자문을 구해서 되도록이면 기존에 원하던 일을 할 수 있게끔 하구요. 그게 만약에 안 된다 라면 거기에 적응할 수 있는 능력을 갖춰야 되겠죠. 그래서 그 능력을 갖출려면 공부뿐이 없는 것 같습니다. 공부를 열심히 해서 어 또 원하던 일을 어 못하게 되더래도 거기에 적응해서 어 또 어 거기에 또 회사에 도움이 될 수 있는 그런 어 회사원이 돼야 되겠죠. 그래서 항상 긍정적인 마인드로 어 임하다 보면 음 또 그게 또 기존에 원하던 일 또한 같이 병행하지 않을까 이런 생각입니다.","wordCount":131},"emotion":[],"intent":[{"text":"","expression":"","category":"attitude"}],"summary":{"text":"기존의 전문 분야에 대한 어필을 할 수 없으니 원하던 업무를 못하게 되었을 경우에는 상사들에게 자문을 구합니다. 만약 안 된다면 공부해서 적응할 수 있는 능력을 갖춰야 겠습니다. 항상 긍정적인 마인드로 임하다 보면 기존에 원하던 일 또한 병행하지 않을까 생각합니다.","wordCount":38}}},"rawDataInfo":{"question":{"fileFormat":"wav","fileSize":574798,"duration":17960,"samplingBit":16,"channelCount":1,"samplingRate":"16kHz","audioPath":"/Mock/07.ProductionManufacturing/Male/Experienced/ckmk_q_mm_m_e_175004.wav"},"answer":{"fileFormat":"wav","fileSize":2902478,"duration":90700,"samplingBit":16,"channelCount":1,"samplingRate":"16kHz","audioPath":"/Mock/07.ProductionManufacturing/Male/Experienced/ckmk_a_mm_m_e_175004.wav"}}}