{"version":"1.0","dataSet":{"info":{"date":"20230116","occupation":"MM","channel":"MOCK","place":"ONLINE","gender":"MALE","ageRange":"35-44","experience":"EXPERIENCED"},"question":{"raw":{"text":"아 지원자님께서는 최근에 재미있게 하고 있는 일이 있으신지요 그 일이 무엇인지 그리고 또 왜 그 일이 재미있는지도 함께 설명해 주세요","wordCount":20},"emotion":[],"intent":[]},"answer":{"raw":{"text":"제가 최근에 저의 일기식으로 블로그를 작성하고 있습니다. 블로그는 단순히 일기가 되기도 하고 사회 경제 연예 전반에 대한 내용들을 제 스스로 독후감식으로 쓰는 경우들이 많습니다. 처음에는 블로그를 쓸 때 이걸 누가 본다고 써야 하나 라고 생각을 했지만 실제로 그게 열 개 백 개 이백 개가 되다 보니 많은 사람들이 저의 일상에 대해서 궁금해 하거나 제가 어떤 컴퓨터 네트워크 또는 전기 전자 또는 인공지능에 대한 내용을 쓰면 그것에 관련된 사람들이 키워드를 찾아 검색을 하고 저에게 이거 저거 많이 물어보기도 합니다. 그리고 저보다 더 많은 전문가들이 좀 잘못된 내용이나 아니면 조금 더 최신으로 업데이트된 내용들을 거기다가 댓글로 달아주기도 합니다. 블로그를 쓰면서 세상에 온라인에 먼 곳까지 떨어져 있는 사람들과 소통을 하고 있다는 생각 그리고 저와 비슷한 생각 저와 관심사가 같은 사람들이 이렇게 많은 내용들을 가지고 이렇게 많은 관심을 갖고 있다 라는 것에 좀 신기했고 또 제가 혼자 공부하던 빅 데이터와 인공지능에 대해서 알지 못하는 부분까지 전문가들과 인터넷 상에서 교류가 되고 소통이 되다 보니까 저 역시도 조금 더 블로그에 관심이 더 가지고 저의 관심사였던 빅 데이터와 인공지능에 대해서 많은 경험과 지식을 쌓고 있는 것 같습니다.","wordCount":170},"emotion":[],"intent":[{"text":"","expression":"","category":"attitude"}],"summary":{"text":"블로그는 단순히 일기가 되기도 하고 사회 경제 연예 전반에 대한 내용들을 제 스스로 독후감식으로 쓰는 경우들이 많은데, 사람들이 일상이나 컴퓨터 네트워크 또는 인공지능에 대한 내용을 쓰면 키워드를 찾아 검색을 하고 질문을 하기도 합니다. 블로그를 쓰면서 온라인에 멀리 떨어진 사람들과 소통을 하게 되니 저 역시도 빅 데이터와 인공지능에 대해 많은 경험과 지식을 쌓고 있는 것 같습니다.","wordCount":55}}},"rawDataInfo":{"question":{"fileFormat":"wav","fileSize":368078,"duration":11500,"samplingBit":16,"channelCount":1,"samplingRate":"16kHz","audioPath":"/Mock/07.ProductionManufacturing/Male/Experienced/ckmk_q_mm_m_e_165841.wav"},"answer":{"fileFormat":"wav","fileSize":2768078,"duration":86500,"samplingBit":16,"channelCount":1,"samplingRate":"16kHz","audioPath":"/Mock/07.ProductionManufacturing/Male/Experienced/ckmk_a_mm_m_e_165841.wav"}}}