{"version":"1.0","dataSet":{"info":{"date":"20230116","occupation":"MM","channel":"MOCK","place":"ONLINE","gender":"MALE","ageRange":"55-","experience":"EXPERIENCED"},"question":{"raw":{"text":"직무 수행 시에 모르는 과제가 등장한다면 어떻게 해결하실 건가요 본인의 해결법과 이유에 대해서 함께 말씀해 주시길 바랍니다","wordCount":17},"emotion":[],"intent":[]},"answer":{"raw":{"text":"회사에 근무를 하다 보면 직무를 또 열심히 하다 보면 굉장히 또 모르는 것이 많이 있습니다. 그런 과제가 등장을 한 하는데요. 일단은 그런 과제가 아 등장이 된다라면 요즘 많은 또 지원을 할 수 있는 게 에 또 어 온라인 컴퓨터 이런 부분에서 어 검색을 해서 많이 알 수도 있고요. 어 저는 어 이렇게 과제가 등장한다면 동료 직원에게 에 또는 경험이 많고 어 하신 에 또 직장 상사님께 에 또 경험담을 들으면서 어 또 모르는 직무를 수행을 하겠습니다. 모르는 것을 그냥 덮고 자기 혼자 진행을 하다 보면 굉장히 나중에 회사에 큰 어 상처와 누를 범헐 수가 있습니다. 그래서 항상 모르는 과제가 발생이 되면 어 전문가와 또 책에 또 어 요즘은 어 또 핸드폰에서 검색을 해서 어 하는 그런 형태를 택하고요. 거기에 따르는 좋은 제일 좋은 방법은 직장 동료 팀원들에게 에 또 조언을 얻는 것이라고 생각을 하고요. 거기에 따르는 또 경험 많은 직장 상사에게 정확히 에 또 그런 부분을 보고해서 이야기를 들어서 처리하는 게 예 저는 맞다고 생각을 합니다.","wordCount":156},"emotion":[],"intent":[{"text":"","expression":"","category":"attitude"}],"summary":{"text":"회사 근무를 하다 보면 모르는 것이 많이 있습니다. 온라인 컴퓨터 등에서 검색을 해서 많이 알 수도 있고, 동료 직원에게 또는 경험이 많은 직장 상사님께 에 또 경험담을 들으면서 어 모르는 직무를 수행을 하겠습니다. 모르는 것을 그냥 덮지 말고 직장 동료 팀원들에게 조언을 얻는 것이 좋다고 생각합니다.","wordCount":46}}},"rawDataInfo":{"question":{"fileFormat":"wav","fileSize":601038,"duration":18780,"samplingBit":16,"channelCount":1,"samplingRate":"16kHz","audioPath":"/Mock/07.ProductionManufacturing/Male/Experienced/ckmk_q_mm_m_e_235847.wav"},"answer":{"fileFormat":"wav","fileSize":3690958,"duration":115340,"samplingBit":16,"channelCount":1,"samplingRate":"16kHz","audioPath":"/Mock/07.ProductionManufacturing/Male/Experienced/ckmk_a_mm_m_e_235847.wav"}}}