{"version":"1.0","dataSet":{"info":{"date":"20230116","occupation":"MM","channel":"MOCK","place":"ONLINE","gender":"MALE","ageRange":"55-","experience":"EXPERIENCED"},"question":{"raw":{"text":"지원자님이 상상하시기에 자신의 노년 생활은 어떤 모습을 띄었으면 좋겠는지 말해 주시면 좋겠습니다 그 이상적인 노년의 모습 자체를 구체적이고 자세하게 설명해 주시면 되겠습니다","wordCount":22},"emotion":[],"intent":[]},"answer":{"raw":{"text":"어 자 아 자신의 노년을 위해서 이렇게 열심히 사는 것 같습니다. 자신의 노년은 어떤 모습일까 저도 궁금합니다만 지금 현재로써는 아주 어 행복한 노년이 되지 않을까 싶습니다. 어 일단은 어 건강을 위해서 어 많은 노력을 하고 있구요. 음 또 어 여러 가지 이 우리나라 아 체계가 이제는 노년을 위한 체계가 많이 되어 있기 때문에 혜택을 많이 볼 걸로 예상을 하구요. 어 저는 어 노년을 위해서 어 좋은 삶을 위해서 어 전원 주택을 어 이용해서 그 과일도 심고해서 좋은 삶이 되지 않을까 이런 생각을 하고 지금도 어 꿈꾸고 있습니다. 그래서 저희 노년는 아주 좋은 모습 건강한 모습 행복한 모습 어 남들을 위한 봉사의 노년이 되지 않을까 항상 어 봉사 정신을 잃지 않고 남을 도와주는 그런 노년을 어 즐기고 어 싶습니다.","wordCount":118},"emotion":[],"intent":[{"text":"","expression":"","category":"attitude"}],"summary":{"text":"자신의 노년을 위해 열심히 사는 것 같습니다. 건강을 위해서 많은 노력을 하고 있고, 여러 가지 우리나라 노년 관련 체계가 많이 되어 있기 때문에 혜택을 많이 볼 거라고 생각합니다. 항상 봉사 정신을 잃지 않고 남을 도와주는 그런 노년에 대해 즐기고 싶습니다.","wordCount":40}}},"rawDataInfo":{"question":{"fileFormat":"wav","fileSize":629838,"duration":19680,"samplingBit":16,"channelCount":1,"samplingRate":"16kHz","audioPath":"/Mock/07.ProductionManufacturing/Male/Experienced/ckmk_q_mm_m_e_175486.wav"},"answer":{"fileFormat":"wav","fileSize":2830478,"duration":88450,"samplingBit":16,"channelCount":1,"samplingRate":"16kHz","audioPath":"/Mock/07.ProductionManufacturing/Male/Experienced/ckmk_a_mm_m_e_175486.wav"}}}