{"version":"1.0","dataSet":{"info":{"date":"20230116","occupation":"MM","channel":"MOCK","place":"ONLINE","gender":"MALE","ageRange":"55-","experience":"EXPERIENCED"},"question":{"raw":{"text":"지원자님께서 지금 따로 공부하고 있는 분야가 있으신가요 있다면 어떤 분야에 대해서 공부를 하고 있고 지금까지 그 공부를 통해서 무엇을 배웠는지 말씀 한번 해 주시기 바랍니다","wordCount":25},"emotion":[],"intent":[]},"answer":{"raw":{"text":"공부는 태어나서부터 어 죽을 때까지 끝이 없는 것 같습니다. 해도 해도 어 끝이 없는 게 공부구요. 또 해도 해도 또 또 이게 나의 이 피부로 많이 와닿지 않는 것 같습니다. 그러나 공부는 해야 되죠. 그래서 요즘은 글로벌 시대이 이니만큼 영어가 필수적이라고 생각을 합니다. 어 영어는 어 세계 공통어이기 때문에 에 우리가 그것을 통해서 어 또 회사에 도움도 줄 수도 있고 개인적인 발전도 어 되겔 하고 생각을 합니다. 저는 그걸 위하여 어 스터디를 하고 있습니다. 일주일에 꼭 한 번씩은 어 스터디 구성원들과 함께 영어 공부를 하고 있는데 지금은 많이 에 발전돼서 어 기본적인 회화는 하고 있고요. 또 끝이 없이 이 또 공부를 해야지만이 영어는 잊어버리질 않기 때문에 에 꾸준히 노력을 하고 있습니다. 굉장히 영어가 중요하다고 말씀드릴 수 있습니다.","wordCount":117},"emotion":[],"intent":[{"text":"일주일에 꼭 한 번씩은 어 스터디 구성원들과 함께 영어 공부를 하고 있는데 지금은 많이 에 발전돼서 어 기본적인 회화는 하고 있고요.","expression":"c_imp","category":"personality"}],"summary":{"text":"글로벌 시대이므로 영어는 필수적입니다. 영어는 세계 공통어이기 때문에 회사와 개인의 발전을 위해 스터디를 하고 있습니다. 주 1회 정도로 기본적인 회화를 하고 있고 영어는 잊어버리질 않기 때문에 꾸준히 공부하고 잇습니다. 굉장히 중요합니다.","wordCount":31}}},"rawDataInfo":{"question":{"fileFormat":"wav","fileSize":537038,"duration":16780,"samplingBit":16,"channelCount":1,"samplingRate":"16kHz","audioPath":"/Mock/07.ProductionManufacturing/Male/Experienced/ckmk_q_mm_m_e_199176.wav"},"answer":{"fileFormat":"wav","fileSize":2858958,"duration":89340,"samplingBit":16,"channelCount":1,"samplingRate":"16kHz","audioPath":"/Mock/07.ProductionManufacturing/Male/Experienced/ckmk_a_mm_m_e_199176.wav"}}}