{"version":"1.0","dataSet":{"info":{"date":"20230116","occupation":"MM","channel":"MOCK","place":"ONLINE","gender":"MALE","ageRange":"35-44","experience":"EXPERIENCED"},"question":{"raw":{"text":"주변 친구들이 굉장히 많으실 것 같은데요 지원자분 주변에 있는 지인이나 친구분 한 명을 골라서 그분에 대한 칭찬을 해 주시면 됩니다 굉장히 구체적이고 자세한 칭찬일수록 좋습니다","wordCount":25},"emotion":[],"intent":[]},"answer":{"raw":{"text":"저희 고등학교 때 친구인 왼손잡이 친구를 소개해 드리려고 합니다. 그 친구는 왼손잡이로서 창의력 및 인내심이 뛰어난 친구였습니다. 이미 고등학교에 입학했을 당시 바둑이 아마 삼 단이었고 바둑 아마 삼 단이라 선생님들과 바둑을 두면 단 한 점을 깔지 않고도 무조건 이기는 그런 승율 백 퍼센트의 모습을 보여줬습니다. 특히나 고등학교 이 학년 때는 지역 대회에서 유명한 교각 만들기 대회를 했는데 나무 젓가락으로 교각을 만들어서 그 교각에 많은 추를 올려서 부러지지 않거나 아니면 디자인이 뛰어난 사람들에게 상을 줬는데 남들은 다 이 삼 인이 출전하여 한 팀을 이뤘지만 그 친구는 혼자 출전하여 첫 회에서 대상을 받았습니다. 그렇게 대상을 받고 그 다음 년도에도 또 혼자 출전하여 전 대회에서 대상을 받은 사람은 상에서 제외된다는 그런 규칙에 어긋나는 특별상을 받았습니다. 무려 오백 킬로그램이 넘는 추를 올렸지만 나무 젓가락으로 만든 교각이 무너지지 않고 더 이상은 대회를 진행할 수 없을 정도로 교각이 너무 튼튼하여 그 대회를 주최한 학과 교수의 특별 제안으로 특별상을 받았던 그런 왼손잡이 친구가 기억에 남습니다.","wordCount":148},"emotion":[],"intent":[{"text":"","expression":"","category":"attitude"}],"summary":{"text":"창의력 및 인내심이 뛰어난 왼손잡이 친구를 소개합니다. 고등학교 입학 당시 바둑 삼 단이라 선생님과 바둑을 두면 무조건 이기는 모습을 보여주었습니다. 고등학교 이학년 때는 나무 젓가락으로 만든 교각 만들기 대회에서 대상을 받았고 그 다음 년도에도 혼자 출전해 전 대회에서 대상을 받은 사람은 상에서 제외된다는 규칙에 어긋나는 특별상을 받았습니다.","wordCount":47}}},"rawDataInfo":{"question":{"fileFormat":"wav","fileSize":633678,"duration":19800,"samplingBit":16,"channelCount":1,"samplingRate":"16kHz","audioPath":"/Mock/07.ProductionManufacturing/Male/Experienced/ckmk_q_mm_m_e_191591.wav"},"answer":{"fileFormat":"wav","fileSize":2666318,"duration":83320,"samplingBit":16,"channelCount":1,"samplingRate":"16kHz","audioPath":"/Mock/07.ProductionManufacturing/Male/Experienced/ckmk_a_mm_m_e_191591.wav"}}}