{"version":"1.0","dataSet":{"info":{"date":"20230116","occupation":"MM","channel":"MOCK","place":"ONLINE","gender":"MALE","ageRange":"-34","experience":"EXPERIENCED"},"question":{"raw":{"text":"특별히 가고 싶은 회사가 있다면 이 때 특정 도메인을 중요하게 생각하는지 회사의 분위기를 중요하게 생각하는지 어떤 점들을 중점적으로 보는지 궁금합니다","wordCount":20},"emotion":[],"intent":[]},"answer":{"raw":{"text":"저에게 특별히 가고 싶은 도메인은 다음이라는 곳입니다. 다 다음 지금 다음이라는 곳이 카카오에 이렇게 통합되어 가지고 통합된 페이지의 형태로 지금은 존재하고 있지만 제가 다음을 좋아하는 이유는 다음에는 저희의 꿈과 추억과 모든 이야기들이 담겨져 있습니다. 다음 카페 활동을 하면서 제가 올렸던 모든 그런 사진들과 자료들과 그런 것들이 이 아이티 버블 사태 이후로 닷컴 버블 사태 이후로 다음이 너무나 위축되었어요. 그렇지만 다음이 본래의 사업에만 집중했다고 하면 그렇게 통합되는 일까지 전개가 되었을까 하는 생각은 항상 하고 있고요. 예를 들면 싸이월드가 다시 부활했던 것처럼 저는 제가 운영했던 다음 카페들 그것이 저의 카페들은 무단으로 그것이 정지가 되었어요. 그런데 그것들을 다시 살리고 싶은 생각이 있어요. 그런데 이런 어떤 개인적인 추억으로 인해서 시작이 되었지만 그런 어떤 어떤 추억이 되는 무언가들을 지켜내는 것은 문화유산을 지켜내는 것만큼의 의미가 있다고 생각을 합니다. 그런 점에서 다음은 저에게 문화유산과도 같습니다.","wordCount":128},"emotion":[],"intent":[{"text":"","expression":"","category":"attitude"}],"summary":{"text":"특별히 가고 싶은 도메인은 다음이라는 곳입니다. 다음에는 저희의 꿈과 추억과 모든 이야기들이 담겨져 있습니다. 개인적인 추억으로 인해서 시작이 되었지만 그런 추억이 되는 것들을 지켜내는 것은 문화유산을 지켜내는 것 만큼 의미가 있다고 생각합니다.","wordCount":32}}},"rawDataInfo":{"question":{"fileFormat":"wav","fileSize":399438,"duration":12480,"samplingBit":16,"channelCount":1,"samplingRate":"16kHz","audioPath":"/Mock/07.ProductionManufacturing/Male/Experienced/ckmk_q_mm_m_e_200542.wav"},"answer":{"fileFormat":"wav","fileSize":2889678,"duration":90300,"samplingBit":16,"channelCount":1,"samplingRate":"16kHz","audioPath":"/Mock/07.ProductionManufacturing/Male/Experienced/ckmk_a_mm_m_e_200542.wav"}}}