{"version":"1.0","dataSet":{"info":{"date":"20230116","occupation":"MM","channel":"MOCK","place":"ONLINE","gender":"MALE","ageRange":"55-","experience":"EXPERIENCED"},"question":{"raw":{"text":"어 지원자님의 십 년 후 미래는 또 어떠실 것 같으신지 저희 회사에 계속 좀 다니고 계실까요 지원자님이 생각하시는 네 커리어 미래가 어떻게 되시는지 설명 한 번 부탁드립니다","wordCount":27},"emotion":[],"intent":[]},"answer":{"raw":{"text":"어 저는 십 년 후는 아주 어 건강하게 에 행복하게 에 살 것 같습니다. 지금 현재도 행복하고요. 어 십 년 후에는 어 아무래도 제가 어 여러 가지 계획이 있기 때문에 십 년 후에는 아주 어 밝은 미래가 있습니다. 여러 가지 에 이 저는 지금도 어 텃밭이라는 것을 운영을 하고 있구요. 그래서 그 텃밭에서 어 많은 채소와 어 곡식을 거둬들이고 있어서 거기에 대책을 하고 있구요. 어 이 회사는 저도 계속 다닐 것 같습니다. 지금 건강하고 또 회사에 적극적으로 임하기 때문에 에 모든 분들이 어 저를 어 이 퇴직시키진 않을 것 같습니다. 그래서 열심히 하고 있고 또 건강 또한 어 계속 유지를 잘 하고 있기 때문에 에 또 업무에 충실하려고 노력을 하고 있고 또 지속적으로 업무에 공부를 많이 하고 있기 때문에 회사에 에서 에 꼭 필요로 하는 사람이지 아닐까 싶어서 계속 회사는 다닐 거 같습니다.","wordCount":133},"emotion":[{"text":"지금 현재도 행복하고요.","expression":"p-happiness","category":"positive"}],"intent":[{"text":"","expression":"","category":"attitude"}],"summary":{"text":"저는 십 년 후에는 텃밭을 운영하여 채소와 곡식을 거두어들일 것이고, 회사에 적극적으로 임하기 때문에 모든 분들이 저를 퇴직시키지는 않을 것 같습니다. 또 건강도 유지하여 업무에 충실하기 때문에 회사에서는 꼭 필요한 사람이지 않을까 싶습니다.","wordCount":33}}},"rawDataInfo":{"question":{"fileFormat":"wav","fileSize":499278,"duration":15600,"samplingBit":16,"channelCount":1,"samplingRate":"16kHz","audioPath":"/Mock/07.ProductionManufacturing/Male/Experienced/ckmk_q_mm_m_e_185761.wav"},"answer":{"fileFormat":"wav","fileSize":2862158,"duration":89440,"samplingBit":16,"channelCount":1,"samplingRate":"16kHz","audioPath":"/Mock/07.ProductionManufacturing/Male/Experienced/ckmk_a_mm_m_e_185761.wav"}}}