{"version":"1.0","dataSet":{"info":{"date":"20230116","occupation":"MM","channel":"MOCK","place":"ONLINE","gender":"MALE","ageRange":"-34","experience":"EXPERIENCED"},"question":{"raw":{"text":"지원자 분께서는 협업을 하실 때 사교성이 좋은 편이신지 궁금합니다 또한 그와 같은 사교성을 키우기 위해서 본인이 어떠한 노력을 해 오셨는지에 대해서 답변 부탁드리도록 하겠습니다","wordCount":24},"emotion":[],"intent":[]},"answer":{"raw":{"text":"사교성이 좋은 편이냐고 물어보면 그렇다와 아니다의 그냥 딱 중간 정도라고 생각을 합니다. 사실 먼저 누군가에게 다가가서 이얘 이야기를 건넨다거나 대화를 물 흐르듯이 이렇게 자연스럽게 흘러가게끔 잘하는 성격은 아니지만 그렇다고 해서 누군가와 함께 있는 것을 불편하게 만드는 사람은 아니기 때문에 딱 중간 정도의 사람이라고 생각합니다. 그리고 협업을 할 때는 갈등이 없는 것이 가장 이상적이지만 사실 그럴 수는 없다고 생각을 합니다. 그래서 그 갈등을 잘 풀어낼 줄 알고 풀어낼 줄 아는 사람이 돼야 하고 저는 그것의 첫 번째 방법으로 많이 듣는 연습을 하려고 합니다. 그래야만 어 상대방의 의견을 먼저 들어줄 줄 아는 것만으로도 상대방은 나의 이견이 어 나의 의견을 상 내가 이해할려고 한다 라고 생각을 하기 때문에 어 갈등 상황을 많이 줄일 수 있다고 생각합니다. 그리고 말을 많이 한다고 해서 꼭 좋은 부분만은 있지 않고 오히려 말을 많이 함으로써 실수를 할 때가 더 많기 때문에 말을 많이 해서 이 사람과 친근한 대화를 이끌어 내는 것 보다도 더 말을 삼가고 오히려 귀를 엶으로써 그 사람의 의견을 들어주는 것이 더 사교성을 키우기 위한 좋은 방법이라고 생각합니다.","wordCount":162},"emotion":[],"intent":[{"text":"","expression":"","category":"attitude"}],"summary":{"text":"협업할 때는 갈등이 없는 것이 가장 이상적이지만 그럴 수는 없다고 생각합니다. 그래서 그 갈등을 잘 풀어낼 줄 알고 풀줄 아는 사람이 되어야 하고 저는 많이 듣는 연습을 하려고 합니다. 그래야만 상대방의 의견을 먼저 들어줄 줄 아는 것만으로도 갈등 상황을 많이 줄일 수 있습니다. 그리고 말을 많이 하는 것보다는 듣는 것이 사교성을 키우는 좋은 방법이라고 생각합니다.","wordCount":55}}},"rawDataInfo":{"question":{"fileFormat":"wav","fileSize":531278,"duration":16600,"samplingBit":16,"channelCount":1,"samplingRate":"16kHz","audioPath":"/Mock/07.ProductionManufacturing/Male/Experienced/ckmk_q_mm_m_e_292981.wav"},"answer":{"fileFormat":"wav","fileSize":3579278,"duration":111850,"samplingBit":16,"channelCount":1,"samplingRate":"16kHz","audioPath":"/Mock/07.ProductionManufacturing/Male/Experienced/ckmk_a_mm_m_e_292981.wav"}}}