{"version":"1.0","dataSet":{"info":{"date":"20230116","occupation":"MM","channel":"MOCK","place":"ONLINE","gender":"MALE","ageRange":"35-44","experience":"EXPERIENCED"},"question":{"raw":{"text":"만약 시험 기간에 시간이 굉장히 촉박해요 이럴 때 지원자님만의 그 시간 관리법이 있다면 구체적으로 얘기해 주시겠습니까","wordCount":16},"emotion":[],"intent":[]},"answer":{"raw":{"text":"시험 기간에는 기존의 하루에 일곱 시간 여덟 시간 자는 것을 다 모두 자면서 시험 기간에 공부를 할 수가 없습니다. 시험이 기본적으로 일주일에서 이 주 정도 시행되는 기간에는 저는 하루에 세 시간에서 네 시간을 자고 그 시간에 쪼개진 만큼 그만큼 공부를 합니다. 특히나 출퇴근 또는 학교 통학을 할 때 그 버스나 지하철에서 제가 만들어 놓은 써머리 노트를 지속적으로 봅니다. 그 써머리 노트를 만들기까지 아주 오랜 시간이 걸리고 하지만 그 써머리 노트를 만들면서 공부가 되고 그 써머리 노트를 이동 중간중간 또는 시험 중간중간 제가 밥 먹을 때 중간중간 포스트잇에 전부 다 적어놓고 계속 지속적으로 저에게 노출이 되게끔 합니다. 그렇게 줄 줄여진 세 네 시간을 통해서 일 주일을 따지면 약 이십 시간에서 삼십 시간이 되는 저만의 시험 기간에 시간이 생기게 됩니다.","wordCount":118},"emotion":[],"intent":[{"text":"시험이 기본적으로 일주일에서 이 주 정도 시행되는 기간에는 저는 하루에 세 시간에서 네 시간을 자고 그 시간에 쪼개진 만큼 그만큼 공부를 합니다.","expression":"f_cons","category":"attitude"},{"text":"특히나 출퇴근 또는 학교 통학을 할 때 그 버스나 지하철에서 제가 만들어 놓은   써머리 노트를 지속적으로 봅니다.","expression":"f_cons","category":"attitude"},{"text":"그 써머리 노트를 만들기까지 아주 오랜 시간이 걸리고 하지만 그 써머리 노트를 만들면서   공부가 되고 그 써머리 노트를 이동 중간중간 또는 시험 중간중간 제가 밥 먹을 때 중간중간 포스트잇에 전부 다 적어놓고   계속 지속적으로 저에게 노출이 되게끔 합니다.","expression":"f_cons","category":"attitude"},{"text":"그렇게 줄 줄여진 세 네 시간을 통해서 일 주일을 따지면 약 이십 시간에서 삼십 시간이 되는   저만의 시험 기간에 시간이 생기게 됩니다.","expression":"f_cons","category":"attitude"}],"summary":{"text":"시험이 일주일에서 이 주 정도 시행되는 기간에는 하루에 세 시간에서 네 시간을 자고 그 시간에 쪼개진 만큼 그만큼 공부를 합니다. 특히 출퇴근 또는 학교 통학을 할 때 제가 만들어 놓은 써머리 노트를 지속적으로 보는데 그 노트를 만들기까지 아주 오랜 시간이 들어갑니다.","wordCount":41}}},"rawDataInfo":{"question":{"fileFormat":"wav","fileSize":419278,"duration":13100,"samplingBit":16,"channelCount":1,"samplingRate":"16kHz","audioPath":"/Mock/07.ProductionManufacturing/Male/Experienced/ckmk_q_mm_m_e_158667.wav"},"answer":{"fileFormat":"wav","fileSize":1943438,"duration":60730,"samplingBit":16,"channelCount":1,"samplingRate":"16kHz","audioPath":"/Mock/07.ProductionManufacturing/Male/Experienced/ckmk_a_mm_m_e_158667.wav"}}}