{"version":"1.0","dataSet":{"info":{"date":"20230116","occupation":"MM","channel":"MOCK","place":"ONLINE","gender":"MALE","ageRange":"55-","experience":"EXPERIENCED"},"question":{"raw":{"text":"동물 실험이 인간에게 주는 이익은 어떤 것이 있을까요 그리고 본인은 동물 실험에 대해 어떻게 생각하고 있나요","wordCount":16},"emotion":[],"intent":[]},"answer":{"raw":{"text":"어 인간에 있어서 동물 실험이 굉장히 네 요즘 현대 사회에 들어오면서 많아졌습니다. 아 정말 어 우리에게 이익을 주는 게 한 두 가지가 아니죠. 어 첫 째는 에 건강과 밀접한 어 동물 실험을 통한 어 이런 이식 또 의료 이런 쪽으로 많이 도움을 어 받고 있구요. 그 저희들이 생명 연장을 하는 데 에 필수적이라고 생각을 합니다. 그래서 그 동물 실험을 통해서 어 그 좀 더 나타나는 현상들이 많이 있죠. 어 특별히 에 또 요즘 동물 실험을 하면서 직접적으로 인간에게 에 또 장기 이식이라든가 이런 부분 하고 있기 때문에 직접적으로는 너무 많은 이익을 주고 있다 이러게 말씀 그리고 있고요. 어 동물 실험에 대한 어 참 어 학대라는 그런 말들 있지만은 저는 꼭 필요하다고 마씀드리고 싶습니다.","wordCount":113},"emotion":[],"intent":[{"text":"","expression":"","category":"attitude"}],"summary":{"text":"현대 사회에 들어 인간에게 동물 실험은 많은 이익을 줍니다. 건강과 밀접한 동물 실험을 통한 이식, 의료 등으로 도움을 받고 있으며 생명 연장에 필수적입니다. 동물 실험이 학대라는 말이 있지만 꼭 필요하다고 생각합니다.","wordCount":31}}},"rawDataInfo":{"question":{"fileFormat":"wav","fileSize":339278,"duration":10600,"samplingBit":16,"channelCount":1,"samplingRate":"16kHz","audioPath":"/Mock/07.ProductionManufacturing/Male/Experienced/ckmk_q_mm_m_e_184253.wav"},"answer":{"fileFormat":"wav","fileSize":2865998,"duration":89560,"samplingBit":16,"channelCount":1,"samplingRate":"16kHz","audioPath":"/Mock/07.ProductionManufacturing/Male/Experienced/ckmk_a_mm_m_e_184253.wav"}}}