{"version":"1.0","dataSet":{"info":{"date":"20230116","occupation":"MM","channel":"MOCK","place":"ONLINE","gender":"MALE","ageRange":"55-","experience":"EXPERIENCED"},"question":{"raw":{"text":"귀하가 가장 자신 있는 기술 분야는 어떤 것인가요","wordCount":8},"emotion":[],"intent":[]},"answer":{"raw":{"text":"항상 회사에 들어가게 되면 어 굉장히 이 또 기술적인 이런 분야가 있어야 됩니다. 저는 대학교 때 광고홍보학과를 다니고 또 어 홍보에 대한 기술을 많이 익히고 했습니다. 그래서 어 기본적으로 어 기본적인 공부도 많이 했고요. 그걸 토대로 해서 회사에 들어와 가지고 어 그 기술 분야를 많이 에 또 활용을 할 계획입니다. 어 거기에 따르는 저는 음 현장에서 일하는 기술적인 부분을 어 배울려고 어 또 어느 어 광고 간판 회사에 들어간 적이 있습니다. 아 거기서 어 또 어 간판 제작이라든가 또 설치 이런 부분에 굉장히 많이 배았던 부분입니다. 어 그것을 절단하고 직접 어 생산해서 직접 또 어 제작하는 그런 과정 속에 기술이 굉장히 중요하고요. 현장에 가서 간판을 달려면 드릴 공구를 이용해서 어 거기에 따르는 사이즈를 맞춰서 어 설치를 해 해야 되기 때문에 굉장히 그런 부분에 에 기술 분야를 많이 이 터득했던 어 그런 생각이 납니다.","wordCount":133},"emotion":[{"text":"어 거기에 따르는 저는 음 현장에서 일하는 기술적인 부분을 어 배울려고 어 또 어느 어 광고 간판 회사에 들어간 적이 있습니다.","expression":"u-fact","category":"neutral"}],"intent":[{"text":"현장에 가서 간판을 달려면 드릴 공구를 이용해서 어 거기에 따르는 사이즈를 맞춰서 어 설치를 해 해야 되기 때문에 굉장히 그런 부분에 에 기술 분야를 많이 이 터득했던 어 그런 생각이 납니다.","expression":"f_equip","category":"technology"}],"summary":{"text":"광고홍보학과를 다니고 홍보에 대한 기술을 많이 익히고 회사에 들어와 가지고 어 그 기술 분야를 많이 활용 할 계획입니다. 광고 간판 회사에 들어간 적이 있는데 현장에서 일하는 기술적인 부분을 많이 배웠던 기억이 납니다. 절단하고 직접 제작하는 과정 속에 기술이 굉장히 중요합니다.","wordCount":40}}},"rawDataInfo":{"question":{"fileFormat":"wav","fileSize":243278,"duration":7600,"samplingBit":16,"channelCount":1,"samplingRate":"16kHz","audioPath":"/Mock/07.ProductionManufacturing/Male/Experienced/ckmk_q_mm_m_e_237711.wav"},"answer":{"fileFormat":"wav","fileSize":3145678,"duration":98300,"samplingBit":16,"channelCount":1,"samplingRate":"16kHz","audioPath":"/Mock/07.ProductionManufacturing/Male/Experienced/ckmk_a_mm_m_e_237711.wav"}}}