{"version":"1.0","dataSet":{"info":{"date":"20230116","occupation":"MM","channel":"MOCK","place":"ONLINE","gender":"MALE","ageRange":"35-44","experience":"EXPERIENCED"},"question":{"raw":{"text":"본인의 장점과 단점을 말씀해 주시고 그것을 특화시키고 극복시키기 위한 노력도 함께 말씀해 주세요","wordCount":13},"emotion":[],"intent":[]},"answer":{"raw":{"text":"저의 가장 큰 장점은 바로 문제 해결 능력이 엄청 빠르고 추진력이 뛰어나다는 것입니다. 또한 남들을 잘 이끄는 리더로서 프로젝트를 진행하면 어떠한 사람이 어떤 일을 잘하는지에 대한 문제점 및 능력을 파악하고 그 인원들을 적재적소에 배치하여 시너지 효과를 내는 것이 가장 큰 장점입니다. 하지만 저의 큰 단점은 포기가 빠르고 인내심이 적다는 것입니다. 인내심이 강한 사람들은 어떤 문제에 직면했거나 도전했을 때 실패하면 그 실패를 반면교사 삼아 조금 더 앞으로 나아가기 위한 노력을 많이 해서 인내심이 뛰어나게 행동을 하는데 저는 인내심의 결여가 많다 보니 어떤 도전을 했을 때 바로 실패하거나 넘어지면 일어날 생각을 못하고 그 자리에서 좌절을 합니다. 하지만 시크리세 이라는 책을 보면 끌어 당김의 법칙이라는 말이 있습니다. 자기가 어떤 것을 강하게 끌어 당기면 그것은 결국 자기의 진동수에 맞춰서 찾아 온다고 하여 저는 실패할 때마다 그 모든 것들을 제 써머리 노트 및 일기장에 기록하여 그것들을 데이터화하였습니다. 그래서 어떻게 실패했고 왜 실패했고 언제 실패했는지를 기록함으로써 또 다른 실패를 경험했을 때 아 이것은 실패가 아니라 또 다른 가설의 검증의 시간이고 그 가설에 따라서 여러 번 가설을 검증하다 보면 결국 성공하겠구나 라고 하는 긍정적인 마인드를 심게 되었습니다.","wordCount":170},"emotion":[],"intent":[{"text":"저의 가장 큰 장점은 바로 문제 해결 능력이 엄청 빠르고 추진력이 뛰어나다는 것입니다.","expression":"c_person","category":"background"},{"text":"하지만 저의 큰 단점은 포기가 빠르고 인내심이 적다는 것입니다.","expression":"c_person","category":"background"}],"summary":{"text":"저는 문제 해결 능력이 빠르고 추진력이 뛰어나지만, 포기가 빠르고 인내심이 적습니다. 하지만 시크릿이라는 책을 보면 끌어 당김의 법칙이라는 말이 있습니다. 제가 실패할 때마다 그 모든 것들을 써머리 노트 및 일기장에 기록함으로써 아 이것은 실패가 아니라 또 다른 가설의 검증의 시간이고 여러 번 가설을 검증하다 보면 결국 성공하겠구나 라는 긍정적인 마인드를 심게 되었습니다.","wordCount":52}}},"rawDataInfo":{"question":{"fileFormat":"wav","fileSize":326798,"duration":10210,"samplingBit":16,"channelCount":1,"samplingRate":"16kHz","audioPath":"/Mock/07.ProductionManufacturing/Male/Experienced/ckmk_q_mm_m_e_191587.wav"},"answer":{"fileFormat":"wav","fileSize":2833998,"duration":88560,"samplingBit":16,"channelCount":1,"samplingRate":"16kHz","audioPath":"/Mock/07.ProductionManufacturing/Male/Experienced/ckmk_a_mm_m_e_191587.wav"}}}