{"version":"1.0","dataSet":{"info":{"date":"20230116","occupation":"MM","channel":"MOCK","place":"ONLINE","gender":"MALE","ageRange":"35-44","experience":"EXPERIENCED"},"question":{"raw":{"text":"대한민국의 금융 정책 기관으로서 우리 신용보증기금이 호가대해야 할 업무 영역이 있다면 무엇이라고 생각하는지 지원자님에 생각을 말씀해 주시기 바랍니다","wordCount":18},"emotion":[],"intent":[]},"answer":{"raw":{"text":"신용 보증 기금은 대기업 또는 외국계에 잘 나가는 기업들에게만 많은 대출을 해주는 경향이 있습니다. 그런데 대기업이나 외국계 기업들은 안 그래도 유보율이 상당히 높고 회사 자산이 뛰어나게 많은 회사들입니다. 하지만 스타트업이나 개인 회사 또는 법인들은 하루하루가 돈이 없으면 생산을 못하고 판매를 할 수 없는 실정들입니다. 이런 신용 보증 기금들이 스타트업을 위한 또는 개인이나 작은 법인을 위한 전용 대출 창구를 만들었으면 좋겠습니다. 그들은 대출이 하루하루에 인건비고 대출로 인하여 하루하루 생산을 할 수 있는 원동력인데 신용 보증 기금 입장에서는 어떤 담보라든가 신용이 떨어지기 때문에 그들에게 많은 대출 및 어떤 대금을 지원하지 않으려고 하는데요. 이런 부분을 꼭 시정해서 신용 보증 기금에서 업무를 확대했으면 좋겠습니다.","wordCount":100},"emotion":[],"intent":[{"text":"","expression":"","category":"attitude"}],"summary":{"text":"신용 보증 기금은 대기업이나 외국계 기업에 잘 나가는 기업들에게만 대출을 해주는 경향이 있습니다. 그런데 스타트업이나 개인 회사 또는 법인들은 돈이 없으면 생산을 못하고 판매를 할 수 없는 실정입니다. 이런 전용 대출 창구를 만들어 업무를 확대했으면 좋겠습니다.","wordCount":36}}},"rawDataInfo":{"question":{"fileFormat":"wav","fileSize":425678,"duration":13300,"samplingBit":16,"channelCount":1,"samplingRate":"16kHz","audioPath":"/Mock/07.ProductionManufacturing/Male/Experienced/ckmk_q_mm_m_e_163169.wav"},"answer":{"fileFormat":"wav","fileSize":1949838,"duration":60930,"samplingBit":16,"channelCount":1,"samplingRate":"16kHz","audioPath":"/Mock/07.ProductionManufacturing/Male/Experienced/ckmk_a_mm_m_e_163169.wav"}}}