{"version":"1.0","dataSet":{"info":{"date":"20230116","occupation":"MM","channel":"MOCK","place":"ONLINE","gender":"MALE","ageRange":"35-44","experience":"EXPERIENCED"},"question":{"raw":{"text":"왜 이 분야에 관심을 가지게 되셨나요 본인이 관심 가지게 된 이유와 지원 동기가 궁금합니다","wordCount":14},"emotion":[],"intent":[]},"answer":{"raw":{"text":"면접관님들도 제 이력서를 보고 아시다시피 저는 엔진 설계 분야에서 굉장히 오랜 경력을 가지고 있습니다. 어 저는 대학을 다닐 때 어 공 굉장히 이 엔진에 대해서 흥미를 느꼈습니다. 그래서 옛날부터 지금까지 엔진에 관해 굉장히 많은 지식을 가지려고 노력을 해 왔고 엔진 관련 업무를 수행하는 것이 굉장히 재미가 있고 또한 제 적성과 잘 맞습니다. 그래서 저는 전 세계에서도 가장 많은 엔진을 생산하고 있는 귀사에서 제 능력과 경력을 사용 사용하게 되면은 저는 그것이 어 회사에 귀사에 큰 도움 도움이 되고 저의 경력에 큰 바탕이 될 것으로 저는 굳게 믿고 있습니다.","wordCount":87},"emotion":[{"text":"어 저는 대학을 다닐 때 어 공 굉장히 이 엔진에 대해서 흥미를 느꼈습니다.","expression":"p-interest","category":"positive"},{"text":"그래서 옛날부터 지금까지 엔진에 관해 굉장히 많은 지식을 가지려고 노력을 해 왔고 엔진 관련 업무를 수행하는 것이 굉장히 재미가 있고 또한 제 적성과 잘 맞습니다.","expression":"p-interest","category":"positive"}],"intent":[{"text":"그래서 옛날부터 지금까지 엔진에 관해 굉장히 많은 지식을 가지려고 노력을 해 왔고 엔진 관련 업무를 수행하는 것이 굉장히 재미가 있고 또한 제 적성과 잘 맞습니다.","expression":"c_sincere_job","category":"etc"}],"summary":{"text":"저는 엔진 설계 분야에서 오랜 경력을 가지고 있습니다. 엔진 관련 업무를 수행하는 것이 굉장히 흥미 있고 적성과 잘 맞습니다. 귀사에서 제 능력과 경력을 사용하게 되면 회사에 큰 도움이 될 것입니다.","wordCount":30}}},"rawDataInfo":{"question":{"fileFormat":"wav","fileSize":311758,"duration":9740,"samplingBit":16,"channelCount":1,"samplingRate":"16kHz","audioPath":"/Mock/07.ProductionManufacturing/Male/Experienced/ckmk_q_mm_m_e_250235.wav"},"answer":{"fileFormat":"wav","fileSize":2195918,"duration":68620,"samplingBit":16,"channelCount":1,"samplingRate":"16kHz","audioPath":"/Mock/07.ProductionManufacturing/Male/Experienced/ckmk_a_mm_m_e_250235.wav"}}}