{"version":"1.0","dataSet":{"info":{"date":"20230116","occupation":"MM","channel":"MOCK","place":"ONLINE","gender":"MALE","ageRange":"55-","experience":"EXPERIENCED"},"question":{"raw":{"text":"네 일을 하시다 보면 다른 지역에서 업무를 수행하게 될 때도 있을 텐데요 지원자님께서는 타 지역에 근무하시는 것도 어 아무 문제 없이 가능하신지 말씀해 주시기 바랍니다","wordCount":25},"emotion":[],"intent":[]},"answer":{"raw":{"text":"일을 하다보면 다른 지역에서 업무를 수행하게 될 일들이 많이 있습니다. 그러나 어 타 지역 근무도 저는 어 관계없다고 생각을 합니다. 어 가정에서 어 어떤 큰 문제가 발생이 되면 어 타지역으로 옮기는 것도 어렵겠습니다마는 저는 나이도 있고 해서 모든 가정이 그냥 원만히 돌아가기 때문에 다른 어 지역에서 근무하는 것을 그게 에 에 안 된다 이렇게 말씀드리기가 어렵습니다. 그래서 어 타 지역 근무도 저는 문제 없이 에 가능하다 이렇게 생각을 하구요. 저는 여행을 좋아합니다. 여행도 어 하는 그런 기분으로 에 타지에 대해서 장기간은 안 될 수 있을지언정 어 오 년 이 삼 년 이 년 정도는 어 저는 어 여행 가는 기분으로 어 해서 열심히 또 재미있게 에 할 수 있을 것 같은 그런 생각이 듭니다.","wordCount":114},"emotion":[],"intent":[{"text":"","expression":"","category":"attitude"}],"summary":{"text":"일을 하다보면 타 지역에서 업무를 수행하게 될 일들이 많지만 저는 타 지역 근무도 문제 없이 가능하다고 생각합니다. 저는 여행을 좋아합니다. 오 년 이 삼 년 정도는 여행 가는 기분으로 열심히 또 재미있게 할 수 있을 것 같은 그런 생각이 듭니다.","wordCount":40}}},"rawDataInfo":{"question":{"fileFormat":"wav","fileSize":492878,"duration":15400,"samplingBit":16,"channelCount":1,"samplingRate":"16kHz","audioPath":"/Mock/07.ProductionManufacturing/Male/Experienced/ckmk_q_mm_m_e_175009.wav"},"answer":{"fileFormat":"wav","fileSize":2673358,"duration":83540,"samplingBit":16,"channelCount":1,"samplingRate":"16kHz","audioPath":"/Mock/07.ProductionManufacturing/Male/Experienced/ckmk_a_mm_m_e_175009.wav"}}}