{"version":"1.0","dataSet":{"info":{"date":"20230116","occupation":"MM","channel":"MOCK","place":"ONLINE","gender":"MALE","ageRange":"55-","experience":"EXPERIENCED"},"question":{"raw":{"text":"우리 회사에 들어온 다음 본인이 꼭 하고 싶은 업무가 있나요 있다면 그 이유와 함께 말씀해 주시겠어요","wordCount":16},"emotion":[],"intent":[]},"answer":{"raw":{"text":"회사에 들어갈려고 마음을 먹으면 어 항상 지원하는 이 또 부서도 있고 또 하고 싶은 업무가 많이 있습니다마는 어 그래도 어 제가 어 잘 할 수 있는 업무를 어 시작해야지만이 이 또 뭐든 회사의 또 시너지 효과도 이룰 수 있다 라고 생각을 합니다. 어 저는 광고홍보학과를 나왔습니다. 그래서 거기에 따르는 어 공부를 또 많이 했고 또 어 학교뿐만이 아니고 어 사회에 나와서도 어 광고 홍보에 또 경험이 있기 때문에 에 항상 어 광고홍보학과 아 의 어 장점을 살려서 어 회사에 입사하게 된다면 어 홍보 업무를 맡고 싶습니다. 회사는 항상 음 어 상품을 만들어내고 그것을 소비자에게 직접 전달해서 판매하는 게 주업이고요, 거기에 따라서 어 또 매출 증대라든가 또 어 또 어 부가가치가 아 또 어 높게 순이익을 많이 낼 수 있는 그런 여건들이 마련되기 때문에 홍보가 굉장히 중요하다고 생각을 해서요. 저는 항상 홍보를 공부를 했고 거기에 따라서 어 홍보 업무를 주로 어 어 또 공부를 했기 때문에 거기에 에 또 홍보를 접목시키고자 합니다.","wordCount":151},"emotion":[{"text":"어 저는 광고홍보학과를 나왔습니다.","expression":"u-fact","category":"neutral"}],"intent":[{"text":"","expression":"","category":"attitude"}],"summary":{"text":"광고홍보학과를 나온 저는 잘 할 수 있는 업무를 시작하는 것이 회사와 회사에 시너지 효과를 이룰 수 있다고 생각합니다. 회사에 입사하게 된다면 홍보 업무를 맡고 싶은데, 회사는 상품 생산과 소비자에게 직접 판매하는 주업이고 매출 증대나 부가가치 창출이 가능하기 때문입니다.","wordCount":38}}},"rawDataInfo":{"question":{"fileFormat":"wav","fileSize":313678,"duration":9800,"samplingBit":16,"channelCount":1,"samplingRate":"16kHz","audioPath":"/Mock/07.ProductionManufacturing/Male/Experienced/ckmk_q_mm_m_e_235662.wav"},"answer":{"fileFormat":"wav","fileSize":3701198,"duration":115660,"samplingBit":16,"channelCount":1,"samplingRate":"16kHz","audioPath":"/Mock/07.ProductionManufacturing/Male/Experienced/ckmk_a_mm_m_e_235662.wav"}}}