{"version":"1.0","dataSet":{"info":{"date":"20230116","occupation":"MM","channel":"MOCK","place":"ONLINE","gender":"MALE","ageRange":"45-54","experience":"EXPERIENCED"},"question":{"raw":{"text":"만약 지원자님이 하고 싶은 직무 말고 다른 직무를 맡게 되신다면 어떻게 하시겠습니까 그래도 괜찮으신가요 본인의 의견을 말씀해 주세요","wordCount":18},"emotion":[],"intent":[]},"answer":{"raw":{"text":"어 일단 이런 일이 저한테 생긴다면 저로써는 매우 좀 안타까울 것 같습니다. 어 저는 나름 이 직무에 어 입사 이 직무를 에 입사를 하기 위해서 나름 오랫동안 어 수구를 노력을 해 왔습니다. 어 직무에 관련된 자격증도 약 이 년 동안에 걸쳐서 공부하고 최종적으로는 취득을 하였고 어 저는 이 직무에 대한 인턴 경험도 있습니다. 우리 회사는 아니지만 다른 회사에서 약 육 개월 동안에 인턴 경험을 했고 그 인턴 경험을 하는 동안 저는 이것이 정말 제 적성에 잘 맞고 제가 잘 할 수 있는 일이라고 오히려 확신을 하는 과정이었습니다. 어 제가 이 직무에 지원한 이유는 정말 그 누구보다 열심히 일할 수 있고 준비가 되어 있다 라고 생각하기 때문에 지원한 것입니다. 그런데 회사에서 저를 뽑았는데 저를 제가 지원한 직무가 아닌 다른 데다가 배치를 한다 라고 하면 저나 회사로서도 어 솔직히 말씀드려서 옳지 않은 일인 것 같습니다. 어 저는 나름 이 직무에 대해서 그 준비가 되어 있고 이 직무를 수행함에 있어서 나름의 꿈이 있습니다. 그렇기에 제가 지원한 직무가 아닌 다른 부서에 제가 배치가 된다 그러면 어 저는 어 회사를 다니지 않을 것 같습니다.","wordCount":169},"emotion":[],"intent":[{"text":"어 제가   이 직무에 지원한 이유는 정말 그 누구보다 열심히 일할 수 있고 준비가 되어 있다 라고 생각하기 때문에 지원한 것입니다.","expression":"c_sincere_job","category":"etc"}],"summary":{"text":"저는 이 직무에 입사하기 위해 오랫동안 노력해 왔고, 관련 자격증도 이 년 동안 공부하고 최종적으로는 취득했습니다. 또한 다른 회사에서 인턴 경험을 하는 동안 이것이 제가 잘 할 수 있는 일이라고 확신했습니다 그런데 지원 직무가 아닌 다른 부서에 배치가 된다면 저는 회사를 다니지 않을 것 같습니다.","wordCount":45}}},"rawDataInfo":{"question":{"fileFormat":"wav","fileSize":528718,"duration":16520,"samplingBit":16,"channelCount":1,"samplingRate":"16kHz","audioPath":"/Mock/07.ProductionManufacturing/Male/Experienced/ckmk_q_mm_m_e_140911.wav"},"answer":{"fileFormat":"wav","fileSize":2830798,"duration":88460,"samplingBit":16,"channelCount":1,"samplingRate":"16kHz","audioPath":"/Mock/07.ProductionManufacturing/Male/Experienced/ckmk_a_mm_m_e_140911.wav"}}}