{"version":"1.0","dataSet":{"info":{"date":"20230116","occupation":"MM","channel":"MOCK","place":"ONLINE","gender":"MALE","ageRange":"-34","experience":"EXPERIENCED"},"question":{"raw":{"text":"회사에 들어와서 업무를 하면서 어 업무를 하다 보니 정작 지원한 분야가 지원자님과 별로 맞지 않다는 사실을 깨닫는다면 어떻게 하실 생각이십니까","wordCount":20},"emotion":[],"intent":[]},"answer":{"raw":{"text":"저는 제가 해온 일에 엄청난 자부심을 갖고 있습니다. 그렇게 질문을 하시는 의도 안에는 어떤 그것뿐만이 아니라 여러 가지를 할 수 있는 다재다능한 인물에 대해서 인물이 되기를 원하시는 그런 생각에서 그런 질문을 하신 게 아닐까 제가 감히 예상은 해보지만. 저는 반면에 이 한 가지에 대해서는 제가 전공한 제가 쌓아온 분야에 있어서는 누구보다 더 확실하고 누구보다도 프로페셔널 하다고 어 그런 자부함을 말씀을 드릴 수가 있습니다. 그렇기 때문에 혹시 제가 이 회사에 합격을 해서 일을 하다가 다른 일을 해야 될 때 물론 저도 그때 저의 다재다능함을 테스트할 수 있는 기회가 되어서 감사하게 받아들일 수도 있지만 한편으로는 그렇게 강력하게 어필을 드리고 싶습니다. 아직 제가 가지고 있는 능력에 십 분의 일밖에 보여드리지 못했다 저에게 시간을 조금 더 주신다면 더 능력을 발휘해서 지금 보이고 있는 퍼포먼스보다 더 뛰어난 퍼포먼스를 보일 테니 조금만 더 시간을 갖고 기다려 주시면 다른 일을 하는 것보다 저를 이곳에 사용하는 것이 더 적절했다는 것을 보여드리겠습니다.","wordCount":143},"emotion":[],"intent":[{"text":"","expression":"","category":"attitude"}],"summary":{"text":"저는 전공한 제가 쌓아온 분야에 있어서는 누구보다 더 확실하고 누구보다도 프로페셔널 하다는 자부심을 말씀을 드리고 싶습니다. 앞으로 다른 일을 해야 될 때 언제든지 시간을 가지고 기다려주셔서 다른 일을 하는 것보다 저를 이곳에 사용하는 것이 더 적절했다는 것을 보여 드리겠습니다.","wordCount":39}}},"rawDataInfo":{"question":{"fileFormat":"wav","fileSize":478158,"duration":14940,"samplingBit":16,"channelCount":1,"samplingRate":"16kHz","audioPath":"/Mock/07.ProductionManufacturing/Male/Experienced/ckmk_q_mm_m_e_205102.wav"},"answer":{"fileFormat":"wav","fileSize":2883278,"duration":90100,"samplingBit":16,"channelCount":1,"samplingRate":"16kHz","audioPath":"/Mock/07.ProductionManufacturing/Male/Experienced/ckmk_a_mm_m_e_205102.wav"}}}