{"version":"1.0","dataSet":{"info":{"date":"20230116","occupation":"MM","channel":"MOCK","place":"ONLINE","gender":"MALE","ageRange":"35-44","experience":"EXPERIENCED"},"question":{"raw":{"text":"지원자님께서 입사 후에 기존에 원하던 일을 하지 못하게 되었을 경우에요 어 그런 경우에 어떻게 하시겠는지요 또 왜 그렇게 하실지 이유도 함께 말씀해 주시면 좋겠습니다","wordCount":24},"emotion":[],"intent":[]},"answer":{"raw":{"text":"제가 하고 싶은 일만 하면서 다닐 수 있는 곳이 직장이 아니라 걸 지금 정도에는 충분히 깨달았습니다. 그리고 새로운 일을 하면서 또 다른 새로운 분야도 익혀가는 것이 관리자로서 꼭 필요한 덕목이라고 생각합니다. 새로운 분야에 들어와서 전문 분야를 공부하게 되고 삼 년에서 오 년 정도 지속적으로 파고들면 새로운 기회는 또 나타날 것이라고 생각을 하고 그렇게 원하던 일을 못 하다고 해서 당장 회사를 그만두고 싶은 생각은 없습니다. 다만 제가 원래 원하던 일을 추후에 다시 보장해 줄 수 있는지 지금 하고 있는 일에 대한 성과가 이만큼 났으니 이것을 기반으로 시너지를 내기 위해서 기존에 있는 업무를 배치시켜 줄 수 있는지에 대해서 부서장 및 대표 이사와 논의를 해보고 싶습니다. 그런데 죽어도 그쪽으로 다시 못 보내겠다 본인이 원하는 일은 절대 시켜줄 수 없다 라고 하면 퇴사를 할 생각도 있습니다.","wordCount":122},"emotion":[],"intent":[{"text":"","expression":"","category":"attitude"}],"summary":{"text":"관리자로서 새로운 분야에 들어와서 전문 분야를 공부하고 삼 년에서 오 년 정도 지속적으로 파고들면 새로운 기회는 또 나타날 것이라고 생각을 하고 원하던 일을 하지 못한다고 해서 당장 회사를 그만두고 싶은 생각은 없습니다.","wordCount":32}}},"rawDataInfo":{"question":{"fileFormat":"wav","fileSize":515918,"duration":16120,"samplingBit":16,"channelCount":1,"samplingRate":"16kHz","audioPath":"/Mock/07.ProductionManufacturing/Male/Experienced/ckmk_q_mm_m_e_167073.wav"},"answer":{"fileFormat":"wav","fileSize":1874318,"duration":58570,"samplingBit":16,"channelCount":1,"samplingRate":"16kHz","audioPath":"/Mock/07.ProductionManufacturing/Male/Experienced/ckmk_a_mm_m_e_167073.wav"}}}