{"version":"1.0","dataSet":{"info":{"date":"20230116","occupation":"MM","channel":"MOCK","place":"ONLINE","gender":"MALE","ageRange":"55-","experience":"EXPERIENCED"},"question":{"raw":{"text":"지원자님께서는 최근에 본 뉴스 중 가장 인상 깊게 남아있는 뉴스가 있습니까 있으시다면 그것이 무엇이고 그 이유가 무엇인지도 함께 설명 부탁드립니다","wordCount":20},"emotion":[],"intent":[]},"answer":{"raw":{"text":"그 어 뉴스들은 음 참 우리에게 필요로 하는 존잽니다. 모든 세상 사는 돌아가는 세상을 알려주기 때문에 그리고 우리가 또 참고해서 어 또 그것을 헤쳐나갈 수 있는 게 에 뉴스에서 많이 예 접하게 되죠. 가장 깊었던 뉴스는 어 기업을 이 회사에 지금 회사원으로서 있기 때문에 에 어 미국에서 어 또 전기차 보조금 문제가 많이 나왔습니다. 그래서 그 보조금에 금액이 천만 원의 차이가 나서 음 미국의 기업들은 어 판매를 하게 되면 저희 보다 어 또 금액이 천만 원이라는 차이가 있기 때문에 우리가 그 판매하는 데 애로사항이 많아집니다. 그래서 회사에 막대한 어 차질을 주기 때문에 굉장히 인상 깊었고요. 어 또 미국이 자국 보호주의 이 내용을 담아서 어 하는 행동은 저는 굉장히 그 불합리하다 라고 이렇게 말씀 드릴 수가 있습니다.","wordCount":116},"emotion":[],"intent":[{"text":"","expression":"","category":"attitude"}],"summary":{"text":"뉴스들은 우리에게 필요한 존잽니다. 가장 인상 깊었던 뉴스는 미국에서 전기차 보조금 문제가 많이 나왔습니다. 보조금에 금액이 천만 원 차이가 나기 때문에 판매에 애로사항이 많아집니다. 미국이 자국 보호주의를 담아서 하는 행동은 불합리하다고 봅니다.","wordCount":32}}},"rawDataInfo":{"question":{"fileFormat":"wav","fileSize":507598,"duration":15860,"samplingBit":16,"channelCount":1,"samplingRate":"16kHz","audioPath":"/Mock/07.ProductionManufacturing/Male/Experienced/ckmk_q_mm_m_e_199931.wav"},"answer":{"fileFormat":"wav","fileSize":2880078,"duration":90000,"samplingBit":16,"channelCount":1,"samplingRate":"16kHz","audioPath":"/Mock/07.ProductionManufacturing/Male/Experienced/ckmk_a_mm_m_e_199931.wav"}}}