{"version":"1.0","dataSet":{"info":{"date":"20230116","occupation":"MM","channel":"MOCK","place":"ONLINE","gender":"MALE","ageRange":"55-","experience":"EXPERIENCED"},"question":{"raw":{"text":"자 면접자분 본인이 지금까지 다뤄봤던 생산 장비나 시설에 관한 본인 나름의 운용 노하우가 있다면 그 근거를 들어서 자세하게 설명해 주세요","wordCount":20},"emotion":[],"intent":[]},"answer":{"raw":{"text":"어 저는 어 대학을 에 광고 홍보학과를 나왔습니다. 그래서 어 생산 음 이 이나 어 시설 쪽에 예 나름 일 많이 했습니다. 직접 에 생산하는 것과 그 시설에 관해 그 많이 그 배웠고 또 거기에 접목을 시켜서 직접 어 생산 어 장기보다는 에 직접 생산도 하고 어 다른 어 그 시설에 에 있으면서 어 직접 제작도 해봤습니다. 그래서 그래서 어 항상 생산 단계나 시설은 어 노화 되기 때문에 이 어 기름 치고 닦고 하지 않으면은 어 오래 가지 못 합니다. 그래서 항상 그래서 체크하고 어 어 이런 어 업무를 다 해야지만이 음 모든 게 원만이 이루어진다 라고 어 말씀 드리겠습니다.","wordCount":100},"emotion":[{"text":"어 저는 어 대학을 에 광고 홍보학과를 나왔습니다.","expression":"u-fact","category":"neutral"},{"text":"직접 에 생산하는 것과 그 시설에 관해 그 많이 그 배웠고 또 거기에 접목을 시켜서 직접 어 생산 어 장기보다는 에 직접 생산도 하고 어 다른 어 그 시설에 에 있으면서 어 직접 제작도 해봤습니다.","expression":"u-fact","category":"neutral"}],"intent":[{"text":"","expression":"","category":"attitude"}],"summary":{"text":"저는 대학을 광고 홍보학과를 나왔습니다. 그래서 생산 단계나 시설은 노화되기 때문에 항상 체크하고 업무를 다 해야지만 어 모든 게 원만히 이루어진다 라고 말씀을 드리겠습니다.","wordCount":24}}},"rawDataInfo":{"question":{"fileFormat":"wav","fileSize":416078,"duration":13000,"samplingBit":16,"channelCount":1,"samplingRate":"16kHz","audioPath":"/Mock/07.ProductionManufacturing/Male/Experienced/ckmk_q_mm_m_e_184157.wav"},"answer":{"fileFormat":"wav","fileSize":2682958,"duration":83840,"samplingBit":16,"channelCount":1,"samplingRate":"16kHz","audioPath":"/Mock/07.ProductionManufacturing/Male/Experienced/ckmk_a_mm_m_e_184157.wav"}}}