{"version":"1.0","dataSet":{"info":{"date":"20230116","occupation":"MM","channel":"MOCK","place":"ONLINE","gender":"MALE","ageRange":"55-","experience":"EXPERIENCED"},"question":{"raw":{"text":"스트레스를 받으면 어떻게 하시는지 궁금합니다 어 왜 그런 방법으로 스트레스를 해소하시는지 말씀해 주세요","wordCount":13},"emotion":[],"intent":[]},"answer":{"raw":{"text":"어 세상 사람들이 다 항상 어 자기도 모르게 스트레스를 받고 있을 겁니다. 좋은 일에는 에 스트레스를 덜 받겠지만 어 나쁜 일이 더 많은 것 같애요. 그래서 스트레스 어 많이 받고 있는데요. 저는 어 스트레스 해소 방법으로 운동을 합니다. 항상 산에도 가고 어 그래서 나의 인내력도 실험하면서 어 거기에 따르는 어 힘든 어 산행을 통해서 어 저의 스트레스가 없어지는 것 같은 그런 기분이 들어서 항상 어 운동으로 어 스트레스를 풀고요. 어 산행에 있어서 정상에 가면 스트레스가 어느 정도는 해소되는 것 같습니다. 그래서 꼬함도 한 번 지르고 야호도 하면서 어 어 여기에서 일 차적인 스트레스를 조금이나마 해소하면서 내려오면서 어 심 호흡 하면서 맑은 공기를 마시니 에 좋은 스트레스 방법이라고 생각을 합니다.","wordCount":109},"emotion":[],"intent":[{"text":"","expression":"","category":"attitude"}],"summary":{"text":"사람들은 자기도 모르게 스트레스를 받고 있는데, 저는 스트레스 해소 방법으로 운동을 합니다. 산 정상에 가면 스트레스는 어느 정도 해소되는 것 같습니다. 야호 하면서 일차적인 스트레스를 해소하고 내려오면서 심호흡하면서 맑은 공기를 마시는 것이 좋은 방법이라고 생각합니다.","wordCount":35}}},"rawDataInfo":{"question":{"fileFormat":"wav","fileSize":368078,"duration":11500,"samplingBit":16,"channelCount":1,"samplingRate":"16kHz","audioPath":"/Mock/07.ProductionManufacturing/Male/Experienced/ckmk_q_mm_m_e_175287.wav"},"answer":{"fileFormat":"wav","fileSize":2721678,"duration":85050,"samplingBit":16,"channelCount":1,"samplingRate":"16kHz","audioPath":"/Mock/07.ProductionManufacturing/Male/Experienced/ckmk_a_mm_m_e_175287.wav"}}}