{"version":"1.0","dataSet":{"info":{"date":"20230116","occupation":"MM","channel":"MOCK","place":"ONLINE","gender":"MALE","ageRange":"55-","experience":"EXPERIENCED"},"question":{"raw":{"text":"본인이 지금까지 살면서 이룬 성과 중에서 가장 큰 성과는 무엇인가요 자랑 한번 부탁드리겠습니다","wordCount":13},"emotion":[],"intent":[]},"answer":{"raw":{"text":"어 항상 살면서 어 어 내가 어 성과를 큰 성과를 이루지 못하면 성공할 수가 없습니다 . 항상 성과를 이루려고 노력하고 공부도 하고 또 많은 인간 인간관계를 맺고 있죠. 그래서 저는 음 항상 성과를 이룰려고 노력을 하는데요. 어 그 성과는 어 많이 있습니다만은 어 특별히 그 저에게 이익이 됐던 성과는 어 항상 어 옆에 존재했다고 생각을 합니다. 그래서 어 모든 어 프로젝트를 어 많이 하고 있었는데요. 그중에 에 제일로 큰 성과라 하면 에 달달히 삼천만 원씩 벌 수 있는 그런 어 큰 성과를 이뤘던 적이 있습니다. 그 성과는 어 어떠한 에 매체를 그 잡고 어 또 현대 에 백화점에서 어 저희 아파트에 광고를 할 수 있는 그런 어 여건이 돼서 그 광고를 직접 수주해서 어 돈을 벌었던 큰 성과가 있습니다.","wordCount":119},"emotion":[],"intent":[{"text":"","expression":"","category":"attitude"}],"summary":{"text":"저는 항상 성과를 이루려고 노력하고 공부하며 인간관계를 맺고 있습니다. 그래서 프로젝트를 많이 하는 편인데 그 중 제일 큰 성과라 하면 삼천만 원씩 벌 수 있었던 큰 성과를 이뤘던 적이 있습니다.","wordCount":30}}},"rawDataInfo":{"question":{"fileFormat":"wav","fileSize":320078,"duration":10000,"samplingBit":16,"channelCount":1,"samplingRate":"16kHz","audioPath":"/Mock/07.ProductionManufacturing/Male/Experienced/ckmk_q_mm_m_e_185755.wav"},"answer":{"fileFormat":"wav","fileSize":2807758,"duration":87740,"samplingBit":16,"channelCount":1,"samplingRate":"16kHz","audioPath":"/Mock/07.ProductionManufacturing/Male/Experienced/ckmk_a_mm_m_e_185755.wav"}}}