{"version":"1.0","dataSet":{"info":{"date":"20230116","occupation":"MM","channel":"MOCK","place":"ONLINE","gender":"MALE","ageRange":"-34","experience":"EXPERIENCED"},"question":{"raw":{"text":"리스크 어세스먼트에 대해 알고 계신가요 알고 계시다면 어떤 개념인지 어떻게 활용할 수 있는지 말씀해 주세요","wordCount":15},"emotion":[],"intent":[]},"answer":{"raw":{"text":"리스크 어쎄스먼트란 위험 평가는 이제 기계 안정성 측면에서 특정 기계 그리고 또는 또한 특별한 공정에서 발생할 수 있는 위험을 제거하거나 줄이기 위해 많이 사용이 됩니다. 위험 평가 시에는 작업장에서 작업과 관련된 위험을 식별하고 어 그것의 피해 가능성과 심각도를 평가합니다. 단순히 잠재적인 위험뿐만 아니라 모든 부분들을 평가를 해야 하는데 작업 환경과 인체 공학적인 요소 요소 노이즈 등을 어 살펴봅니다. 또한 그러한 위험을 제거하거나 줄일 수 있는 방법을 사용해야 하고 그것을 문서화하고 모든 사람들이 볼 수 있도록 해야 합니다. 그런 과정 가운데에 따라야 할 여러 가지 표준들이 있지만 그러한 부분들은 사업권마다 음 많이 상의한 부분들이 있고 또한 공통적이지는 않기 때문에 어 각각 참고해야 할 부분입니다. 저희 회사의 경우에도 몰드베이스를 만들고 있기 때문에 어 이러한 부분에 있어서 각별히 유의하고 있는 상황입니다.","wordCount":118},"emotion":[{"text":"리스크 어쎄스먼트란 위험 평가는 이제 기계 안정성 측면에서 특정 기계 그리고 또는 또한 특별한 공정에서 발생할 수 있는 위험을 제거하거나 줄이기 위해 많이 사용이 됩니다.","expression":"u-fact","category":"neutral"},{"text":"위험 평가 시에는 작업장에서 작업과 관련된 위험을 식별하고 어 그것의 피해 가능성과 심각도를 평가합니다.","expression":"u-fact","category":"neutral"}],"intent":[{"text":"","expression":"","category":"attitude"}],"summary":{"text":"리스크 어쏘스먼트란 위험 평가는 특별한 공정에서 발생할 수 있는 위험을 제거하거나 줄이기 위해 많이 사용되는데, 작업장에서 작업과 관련된 위험을 식별하고 그 피해 가능성과 심각도를 평가합니다. 모든 부분을 평가해야 하는데 작업 환경과 인체 공학적인 요소 요소 노이즈 등을 살펴서 위험 제거 방법을 사용해야 합니다.","wordCount":43}}},"rawDataInfo":{"question":{"fileFormat":"wav","fileSize":395598,"duration":12360,"samplingBit":16,"channelCount":1,"samplingRate":"16kHz","audioPath":"/Mock/07.ProductionManufacturing/Male/Experienced/ckmk_q_mm_m_e_292982.wav"},"answer":{"fileFormat":"wav","fileSize":2782478,"duration":86950,"samplingBit":16,"channelCount":1,"samplingRate":"16kHz","audioPath":"/Mock/07.ProductionManufacturing/Male/Experienced/ckmk_a_mm_m_e_292982.wav"}}}