{"version":"1.0","dataSet":{"info":{"date":"20230116","occupation":"MM","channel":"MOCK","place":"ONLINE","gender":"MALE","ageRange":"55-","experience":"EXPERIENCED"},"question":{"raw":{"text":"지원자님께서는 본인이 교번 근무에 잘 적응할 수 있다고 생각하시나요 그렇다면 그 근거도 함께 말씀 부탁드리겠습니다","wordCount":15},"emotion":[],"intent":[]},"answer":{"raw":{"text":"항상 그 회사에 들어가게 되면 어 첫째 기본적으로 어 교번 근무를 하는 게 많이 있습니다. 교번 근무라는 게 굉장히 어 어려운 줄 알고 있습니다. 어 거기에 잘 적응할려면 정신 상태가 올바라야 됩니다. 그걸 어 교번 근무를 한다고 그것을 스트레스 받거나 그러다 보면 원활히 이루어지지 않기 때문에 어 저는 군대 생활을 하면서도 굉장히 교번 근무를 많이 해봤기 때문에 예 그래서 몸에 배어 있다고 생각을 하고요. 항상 어 그런 자세와 어 정신 상태가 어 올바르면 어 무슨 일을 시켜도 다 할 수 있다 아 이렇게 말씀을 드리고요. 저는 어 이런 교번 근무를 충분히 수행할 수 있는 건강한 몸과 어 또 정신력이 있기 때문에 에 충분히 교번 근무를 잘 적응할 수 있다고 생각됩니다.","wordCount":110},"emotion":[],"intent":[{"text":"그걸 어 교번 근무를 한다고 그것을 스트레스 받거나 그러다 보면 원활히 이루어지지 않기 때문에 어 저는 군대 생활을 하면서도 굉장히 교번 근무를 많이 해봤기 때문에 예 그래서 몸에 배어 있다고 생각을 하고요.","expression":"f_shift","category":"technology"},{"text":"저는 어 이런 교번 근무를 충분히 수행할 수 있는 건강한 몸과 어 또 정신력이 있기 때문에 에 충분히 교번 근무를 잘 적응할 수 있다고 생각됩니다.","expression":"f_shift","category":"technology"}],"summary":{"text":"회사에서의 교번 근무는 스트레스를 많이 받으면 원활히 이루어지지 않기 때문에 군대 생활을 하면서도 교번 근무를 많이 해봤기 때문에 정신 상태가 올바르면 무슨 일을 시켜도 다 할 수 있다 라는 말씀을 드립니다.","wordCount":31}}},"rawDataInfo":{"question":{"fileFormat":"wav","fileSize":333518,"duration":10420,"samplingBit":16,"channelCount":1,"samplingRate":"16kHz","audioPath":"/Mock/07.ProductionManufacturing/Male/Experienced/ckmk_q_mm_m_e_188350.wav"},"answer":{"fileFormat":"wav","fileSize":2765518,"duration":86420,"samplingBit":16,"channelCount":1,"samplingRate":"16kHz","audioPath":"/Mock/07.ProductionManufacturing/Male/Experienced/ckmk_a_mm_m_e_188350.wav"}}}