{"version":"1.0","dataSet":{"info":{"date":"20230116","occupation":"MM","channel":"MOCK","place":"ONLINE","gender":"MALE","ageRange":"55-","experience":"EXPERIENCED"},"question":{"raw":{"text":"다른 계열사도 많이 있는데 우리 계열사를 지원한 특별한 이유가 있으십니까 그 이유가 궁금합니다","wordCount":13},"emotion":[],"intent":[]},"answer":{"raw":{"text":"어 인제 에 회사가 크다 보면 계열사들이 많이 있습니다. 그 이쁘고 어 또 사랑스러운 기획사가 많이 있죠. 그래서 어 개인적인 사심이 발동될 수도 있는데요. 어 저는 이 계열사에 지원하면서 사심은 하나도 없었습니다. 어 또 어 이 계열사에 특별히 이 고 지원을 많이 해주게 된 동기는 어 제가 어 또 이 계열사를 한 번 방문을 했는데요. 어 굉장히 회사에 도움이 되겠고 또 앞으로 무궁무진한 발전 가능성이 있을 것 같고 해서 너무 실제적으로 미래가 보인다 고 할 수 있었습니다. 그래서 어 상사에게 보고하고 어 또 이런 이 내용들을 어 모두 이야기를 하고 해서 제가 어 기획해서 이 계열사에 지원해 준 그런 경험이 있구요. 항상 잘 하려고 하는 데는 많은 지원을 해줘야 회사가 성장하지 아닐까 이런 생각을 해 봅니다.","wordCount":116},"emotion":[],"intent":[{"text":"","expression":"","category":"attitude"}],"summary":{"text":"회사가 크면 계열사들이 많이 있는데, 개인적 사심은 없었고, 지원을 많이 하게 된 동기는 한 번 방문을 했더니 미래가 보여 너무 실제적으로 미래가 보인다 고 할 수 있었습니다. 항상 잘 하려고 하는 데는 많은 지원을 해야 회사가 성장하지 않을까 생각합니다.","wordCount":39}}},"rawDataInfo":{"question":{"fileFormat":"wav","fileSize":330318,"duration":10320,"samplingBit":16,"channelCount":1,"samplingRate":"16kHz","audioPath":"/Mock/07.ProductionManufacturing/Male/Experienced/ckmk_q_mm_m_e_195814.wav"},"answer":{"fileFormat":"wav","fileSize":2871118,"duration":89720,"samplingBit":16,"channelCount":1,"samplingRate":"16kHz","audioPath":"/Mock/07.ProductionManufacturing/Male/Experienced/ckmk_a_mm_m_e_195814.wav"}}}