{"version":"1.0","dataSet":{"info":{"date":"20230116","occupation":"MM","channel":"MOCK","place":"ONLINE","gender":"MALE","ageRange":"35-44","experience":"EXPERIENCED"},"question":{"raw":{"text":"본인이 직접 해외 출장 장소를 선택할 수 있다면 꼭 한 번 가서 일해 보고 싶은 나라가 있나요","wordCount":17},"emotion":[],"intent":[]},"answer":{"raw":{"text":"전세계에 모든 이목이 집중되어 있는 유럽으로 가고 싶습니다. 유럽 중에서도 특히 빅 테크 기업 또는 전자기기의 메카라고 불리는 독일로 출장을 가고 싶습니다. 독일은 우리가 생각하는 것보다 훨씬 더 진보된 세상 속에서 프로그램 건축 항공 자동차 의료기기 그 어떤 것이 최첨단이 아닌 곳이 없습니다. 이제는 일본의 최첨단 기기들도 독일을 따라가지 못한다는 결과가 있습니다. 대한민국이 가장 먼저 배워야 되는 것이 독일이고 독일은 유럽의 아시아라고 할 만큼 굉장히 열성적이고 성실한 사람들만 모인 곳이라고 알고 있습니다. 특히 중학교 때부터 프로그래밍을 공부해서 대학교를 나오지 않아도 이십 대 중후반이 되면 웬만한 대기업의 사십 대 후반에 부장급들보다 프로그래밍이나 기구 설계에 대한 뛰어난 능력을 갖춘 것으로 알고 있습니다. 주재원으로 가서 최소 육 개월에서 일 년 정도 하면서 독일의 시스템을 배우고 독일인들이 어떤 생각을 가지고 최첨단 기기를 개발하는지를 옆에서 직접 경험하고 그들의 생각을 듣고 싶습니다.","wordCount":126},"emotion":[],"intent":[{"text":"","expression":"","category":"attitude"}],"summary":{"text":"빅 테크 기업 또는 전자기기의 메카라고 불리는 독일로 출장을 가고 싶습니다. 우리가 생각하는 것보다 훨씬 더 진보된 세상 속에서 프로그램 건축 항공 자동차 의료기기 그 어떤 것이 독일을 따라가지 못한다는 결과가 나왔기 때문입니다. 주재원으로 가서 독일의 시스템을 배우고 독일인들의 생각을 듣고 싶습니다","wordCount":42}}},"rawDataInfo":{"question":{"fileFormat":"wav","fileSize":293198,"duration":9160,"samplingBit":16,"channelCount":1,"samplingRate":"16kHz","audioPath":"/Mock/07.ProductionManufacturing/Male/Experienced/ckmk_q_mm_m_e_167074.wav"},"answer":{"fileFormat":"wav","fileSize":2362318,"duration":73820,"samplingBit":16,"channelCount":1,"samplingRate":"16kHz","audioPath":"/Mock/07.ProductionManufacturing/Male/Experienced/ckmk_a_mm_m_e_167074.wav"}}}