{"version":"1.0","dataSet":{"info":{"date":"20230116","occupation":"MM","channel":"MOCK","place":"ONLINE","gender":"MALE","ageRange":"55-","experience":"EXPERIENCED"},"question":{"raw":{"text":"만약 본인이 지금 내일 죽는다는 사실을 알게 된다면 당장 뭘 할 것인가요 이 면접을 끝까지 계속 보실 건가요","wordCount":18},"emotion":[],"intent":[]},"answer":{"raw":{"text":"본인이 내일 죽는 날을 사실 한다면 굉장히 안타깝겠죠. 어 죽고 싶지 않는 게 인간의 삶이라고 생각을 하는데요. 어 만약에 내일 죽는다면 주변 정리를 먼저 할 것 같습니다. 어 부모님도 어 찾아뵙고 어 못다 한 이야기도 나누고 어 특히 또 아내와 아 또 많은 대화를 해야 되겠죠. 어 그래서 어 그 어 거기에 또 걸맞는 대화 속에 안타까움은 묻어나겠지만 그 자식까지 잘 맽긴다는 이런 말까지 해야 되는 거든요. 그니까 그 순간이 이제 어 남들은 내일 죽더래도 사과나무를 한 그루 심어야 된다고 하지만 어 저는 어 내일 죽는다 하면 여유가 없을 것 같습니다. 그래서 굉장히 안타까운 문제이기는 합니다만은 어 일단은 어 가족들하고 이별을 어 아마 같이 나누지 않을까 이 제 나름대로는 생각하고 있습니다.","wordCount":111},"emotion":[],"intent":[{"text":"","expression":"","category":"attitude"}],"summary":{"text":"내일 죽더라도 사과나무를 한 그루 심어야 된다고 하지만, 저는 내일 죽는다 하면 여유가 없을 것 같습니다. 그래서 굉장히 안타까운 문제이기는 합니다만은 일단 가족들하고 이별을 같이 나누지 않을까 나름대로 생각하고 있습니다.","wordCount":30}}},"rawDataInfo":{"question":{"fileFormat":"wav","fileSize":409038,"duration":12780,"samplingBit":16,"channelCount":1,"samplingRate":"16kHz","audioPath":"/Mock/07.ProductionManufacturing/Male/Experienced/ckmk_q_mm_m_e_186963.wav"},"answer":{"fileFormat":"wav","fileSize":2881358,"duration":90040,"samplingBit":16,"channelCount":1,"samplingRate":"16kHz","audioPath":"/Mock/07.ProductionManufacturing/Male/Experienced/ckmk_a_mm_m_e_186963.wav"}}}