{"version":"1.0","dataSet":{"info":{"date":"20230116","occupation":"MM","channel":"MOCK","place":"ONLINE","gender":"MALE","ageRange":"55-","experience":"EXPERIENCED"},"question":{"raw":{"text":"어 얼마 전이죠 우버 택시와 관련해서 논란이 조금 있었습니다 어 이에 대해서 본인은 찬반 양론에 대해서 각각 어떻게 생각하시는지 말씀해 주시기 바랍니다","wordCount":22},"emotion":[],"intent":[]},"answer":{"raw":{"text":"어 일반적인 어 우리 그 모든 일을 하게 되면 교통 수단이 중요합니다. 그 교통수단으로서 의 역할을 했던 게 우버 택시인 것 같습니다. 어 그러나 어 우버 택시는 어 일단은 택시 회사와의 경쟁이 있어야 되기 때문에 굉장히 어려운 문제 였었는데요. 어 우버 택시라 하면은 어 손쉽게 서로 간에 또 음 또 가까운 곳에서 어 서로 협력해서 움직이는 에 그런 교통 수단이기 때문에 어 처음에 초창기 때는 어 아주 저는 좋았다고 생각을 하고요. 꼭 필요로 했던 부분이었던 것 같습니다. 그러나 택시 회사의 그 에 강력한 대중 교통에 어 그 강력한 관계에 부딪혀서 어 이게 실효성이 없이 그 없어졌는데요. 어 저는 지금도 우버 택시는 꼭 필요로 하다 이런 생각을 하고요. 여러 가지 장점이 많았다고 생각을 합니다.","wordCount":113},"emotion":[],"intent":[{"text":"","expression":"","category":"attitude"}],"summary":{"text":"모든 일에 중요한 교통 수단은 교통 수단으로서 우버 택시가 있습니다. 우버 택시는 협력해서 움직이는 교통 수단이기 때문에 초창기에는 아주 유용했습니다. 그러나 택시 회사와 강력한 관계에 부딪혀 실효성이 없어졌지만 여러 장점이 많습니다.","wordCount":31}}},"rawDataInfo":{"question":{"fileFormat":"wav","fileSize":448078,"duration":14000,"samplingBit":16,"channelCount":1,"samplingRate":"16kHz","audioPath":"/Mock/07.ProductionManufacturing/Male/Experienced/ckmk_q_mm_m_e_185992.wav"},"answer":{"fileFormat":"wav","fileSize":2866638,"duration":89580,"samplingBit":16,"channelCount":1,"samplingRate":"16kHz","audioPath":"/Mock/07.ProductionManufacturing/Male/Experienced/ckmk_a_mm_m_e_185992.wav"}}}