{"version":"1.0","dataSet":{"info":{"date":"20230116","occupation":"MM","channel":"MOCK","place":"ONLINE","gender":"MALE","ageRange":"35-44","experience":"EXPERIENCED"},"question":{"raw":{"text":"만약 타 부서와 갈등 상황이 발생하게 된다면 지원자님께서는 그 상황에서 어떻게 해결하시겠습니까 상황을 가정해 보시고 말씀해 주세요","wordCount":17},"emotion":[],"intent":[]},"answer":{"raw":{"text":"저희가 지금 공장 자동화를 시작하고 있는데요. 공장 자동화를 할 때 저는 프로젝트 매니저로서 각 부서마다 필요한 인력들을 차출해서 일주일에 두 번씩 회의를 하고 있습니다. 저는 서비스 및 기술 부서의 총괄 책임자를 맡고 있고 소프트웨어 팀 기구 설계 팀 생산 관리 팀이 각자 모여서 자기들의 역할이 있습니다. 그런데 각 부서마다 너희가 많이 안 도와줘서 우리의 개발이 진척이 안되고 있다. 너희가 제대로 프로그램을 잘못 짜서 기구 설계가 엉망이다. 너희 기구 설계가 잘못돼서 결국 품질에 문제가 생겼다 라는 서로 떠넘기기 식의 문제가 많이 발생할 수 있습니다. 이럴 때 저는 프로젝트 리더로서 갈등 상황을 해결하기 위한 가장 좋은 방법으로 모든 관점을 중립에서 보기 시작합니다. 그러면 프로그램이 정말 제대로 짜여져 있는지 아니면 그 프로그램대로 기구 설계가 되었는지 기구 설계가 제대로 되어서 생산 공정에 전혀 문제가 없는지 프로세스를 하나하나 다시 다 피드백을 봅니다. 그렇게 피드백을 보기 시작하면 분명히 누군가의 잘못이 나올 것이고 그것이 모두의 잘못인지 각 개인의 잘못인지 아니면 회사 정책의 잘못인지를 파악한 다음에 그것들을 다시 한번 재분배하고 다시 토론을 통해서 처음부터 다시 피드백을 진행하게 됩니다.","wordCount":160},"emotion":[],"intent":[{"text":"이럴 때 저는 프로젝트 리더로서   갈등 상황을 해결하기 위한 가장 좋은 방법으로 모든 관점을 중립에서 보기 시작합니다.","expression":"c_confl_mg","category":"personality"},{"text":"그렇게 피드백을 보기 시작하면 분명히 누군가의 잘못이 나올 것이고 그것이 모두의 잘못인지 각 개인의 잘못인지 아니면 회사 정책의 잘못인지를 파악한 다음에 그것들을 다시 한번 재분배하고   다시 토론을 통해서 처음부터 다시 피드백을 진행하게 됩니다.","expression":"c_confl_mg","category":"personality"}],"summary":{"text":"공장 자동화를 할 때 부서별로 각자의 역할이 있는데, 서로 떠넘기기 식의 문제가 많이 발생할 수 있습니다. 이럴 때 모든 관점을 중립에서 보기 시작하면 분명 누군가의 잘못이 나올 것이고 그것이 모두의 잘못인지 각 개인의 잘못인지 아니면 회사 정책의 잘못인지를 파악한 후에 그것들을 다시 한번 재분배하고 다시 토론을 통해서 처음부터 다시 피드백을 진행하게 됩니다.","wordCount":52}}},"rawDataInfo":{"question":{"fileFormat":"wav","fileSize":409678,"duration":12800,"samplingBit":16,"channelCount":1,"samplingRate":"16kHz","audioPath":"/Mock/07.ProductionManufacturing/Male/Experienced/ckmk_q_mm_m_e_163165.wav"},"answer":{"fileFormat":"wav","fileSize":2753038,"duration":86030,"samplingBit":16,"channelCount":1,"samplingRate":"16kHz","audioPath":"/Mock/07.ProductionManufacturing/Male/Experienced/ckmk_a_mm_m_e_163165.wav"}}}