{"version":"1.0","dataSet":{"info":{"date":"20230116","occupation":"MM","channel":"MOCK","place":"ONLINE","gender":"MALE","ageRange":"35-44","experience":"EXPERIENCED"},"question":{"raw":{"text":"본인이 생각할 때 본인의 장점은 무엇이고 또 단점은 무엇이라고 생각하는지 설명을 해 주시기 바랍니다 그리고 이러한 장점과 단점을 특화시키거나 극복하기 위해서 어떤 노력을 함께 했는지 말씀해 주세요","wordCount":27},"emotion":[],"intent":[]},"answer":{"raw":{"text":"저의 가장 큰 장점은 업무의 추진력이 뛰어나다는 것입니다. 그리고 업무를 한 번 맡으면 그 업무가 해결될 때까지 반드시 솔루션을 찾아내는 최선이 아니더라도 차선의 솔루션까지 찾아내곤 합니다. 하지만 가끔 이런 부분 때문에 독선적이고 독단적인 독재자로 보일 경우도 있지만 결국은 지금까지 오십 개가 넘는 프로젝트에서 모든 걸 다 성공적으로 이끌어 왔습니다. 하지만 저의 가장 큰 단점은 인내심이 너무 적다는 것입니다. 원래 추진력이 빠르고 과감한 사람들이 인내심도 적고 도전에 실패했을 때 좌절감을 좌절감과 상실감을 상당히 크게 느낀다고 합니다. 저 역시 도전했을 때 넘어지거나 실패하면 거기서 다시 일어나지 못하고 좌절하고 상실감을 너무 많이 느낍니다. 그런데 성공한 사업가들을 보면 본인이 도전해서 넘어진 건 실패가 아니라 성공을 하기 위한 가설에 검증에 시간이라고 표현합니다. 즉 다시 말해서 실패가 아니라 당신은 넘어질 수 밖에 없는 것이고 넘어짐으로써 다시 일어나고 넘어짐으로써 다시 일어나면서 체력도 길러지고 아픔도 참게 되고 다음부턴 균형 감각이 늘어서 넘어지지 않게 된다는 것입니다. 저는 그것을 극복하기 위해서 제 스스로 써머리 노트를 만들어 지속적으로 필요할 때마다 되뇌여서 공부하고 있습니다.","wordCount":152},"emotion":[{"text":"저 역시 도전했을 때 넘어지거나 실패하면 거기서 다시 일어나지 못하고 좌절하고   상실감을 너무 많이 느낍니다.","expression":"n-sadness","category":"positive"}],"intent":[{"text":"저의 가장 큰 장점은 업무의 추진력이 뛰어나다는 것입니다.","expression":"c_person","category":"background"},{"text":"그리고 업무를 한 번 맡으면 그 업무가 해결될 때까지   반드시 솔루션을 찾아내는 최선이 아니더라도 차선의 솔루션까지 찾아내곤 합니다.","expression":"f_pat","category":"attitude"},{"text":"하지만 저의 가장 큰 단점은 인내심이 너무 적다는 것입니다.","expression":"c_person","category":"background"}],"summary":{"text":"저는 업무의 추진력이 뛰어나지만 인내심이 너무 적어서 도전에 실패했을 때 좌절감과 상실감을 많이 느낍니다. 그런데 성공한 사업가들을 보면 본인이 도전해서 넘어진 건 실패가 아니라 성공을 하기 위한 가설에 검증에 시간이라고 합니다. 그래서 저는 그것을 극복하기 위해서 제 스스로 써머리 노트를 만들어 지속적으로 되뇌여서 공부하고 있습니다.","wordCount":45}}},"rawDataInfo":{"question":{"fileFormat":"wav","fileSize":639438,"duration":19980,"samplingBit":16,"channelCount":1,"samplingRate":"16kHz","audioPath":"/Mock/07.ProductionManufacturing/Male/Experienced/ckmk_q_mm_m_e_177171.wav"},"answer":{"fileFormat":"wav","fileSize":2785998,"duration":87060,"samplingBit":16,"channelCount":1,"samplingRate":"16kHz","audioPath":"/Mock/07.ProductionManufacturing/Male/Experienced/ckmk_a_mm_m_e_177171.wav"}}}