{"version":"1.0","dataSet":{"info":{"date":"20230116","occupation":"MM","channel":"MOCK","place":"ONLINE","gender":"MALE","ageRange":"55-","experience":"EXPERIENCED"},"question":{"raw":{"text":"일을 하게 되면 자료를 문서화해야 할 일이 많습니다 지원자님은 이런 문서화 작업이 왜 필요하다고 생각하시는지 말씀 부탁드립니다","wordCount":17},"emotion":[],"intent":[]},"answer":{"raw":{"text":"그럼요. 사람이 어떻게 될지 모르는데 문서화 작업은 당연히 필요하죠. 사람이 어떻게 될지 모르고 뭐 이 산업이 어떻게 될지 모르고 하다못해 이 국가가 어떻게 될지 모르고 그까 누군가는 뭐 어떤 것들을 이어나가려면 그 이후를 만들려면 네 기록이 있어야죠. 역사가 있어야 되고 왜 계속 우리나라가 뭐 우리나라의 어떤 또 장점이 또 있잖아요. 그런 삼국사기부터 해 가지고 그런 꾸준한 어떤 그런 기록물을 남긴 물론 이제 그게 정확하지 않다고 하더라도 어떤 상상의 뭐 부분이 있다고 하더라도 상상이든 뭐든 간에요. 그래서 그것을 바탕으로 그 다음을 또 만들어 나갈 수 있고 또 연결시킬 수도 있고 아니면 그걸 바탕으로 포기하고 새롭게 시작할 수도 있고 네 어떤 가능성을 만들기 위한 가장 어떤 기반에 있어서 아주 최적의 조건이라고 생각을 해요. 기록물 문서화가 되어 있다는 걸.","wordCount":116},"emotion":[],"intent":[{"text":"","expression":"","category":"attitude"}],"summary":{"text":"삼국사기부터 해 가지고 꾸준한 기록물을 남긴 것은 어떤 가능성을 만들기 위한 어떤 기반에 있어서 최적의 조건이라고 생각하며, 기록물 문서화가 되어 있다는 걸 알고 있습니다.","wordCount":24}}},"rawDataInfo":{"question":{"fileFormat":"wav","fileSize":623118,"duration":19470,"samplingBit":16,"channelCount":1,"samplingRate":"16kHz","audioPath":"/Mock/07.ProductionManufacturing/Male/Experienced/ckmk_q_mm_m_e_177794.wav"},"answer":{"fileFormat":"wav","fileSize":2878158,"duration":89940,"samplingBit":16,"channelCount":1,"samplingRate":"16kHz","audioPath":"/Mock/07.ProductionManufacturing/Male/Experienced/ckmk_a_mm_m_e_177794.wav"}}}