{"version":"1.0","dataSet":{"info":{"date":"20230116","occupation":"MM","channel":"MOCK","place":"ONLINE","gender":"MALE","ageRange":"55-","experience":"EXPERIENCED"},"question":{"raw":{"text":"업무를 하다 보면은 타 부서랑 갈등이 생길 수도 있을 텐데요 그런 갈등이 발생한다면 어떻게 해결하시겠습니까 어 그 상황을 한 번 가정해 보고 어떻게 해결할지 본인에 생각을 말씀해 주세요","wordCount":28},"emotion":[],"intent":[]},"answer":{"raw":{"text":"예 일을 하다 보면 타 부서와 아 갈등 상황이 발생을 합니다. 어 모든 문제들이 이 인간과 인간이기 때문에 어 부서이기 이전에 사람과 사람의 관계가 분명히 중요하다고 생각을 합니다. 갈등 상황이 발생하면 그것에 왜 갈등이 에 있었는지 에 그것에 이 빨리 파악을 해야 되겠죠. 이런 경우는 어 저희들은 일을 어 에이 로 하려는데 에 저쪽은 비로 할려는 그런 이제 굉장히 많을 거라고 생각을 합니다. 그래서 에이와 비를 어 서로 어 상의하고 협의를 해야 되는데요. 어 꼭 그 그것을 제 주장만 음 에 한 부서의 주장만 주장할 게 아니고 다른 부서의 주장도 들어보면서 어 그 서로의 에 팀원이 그 전체적인 회의를 통해서 아 왜 갈등이 발생됐는지를 먼저 파악을 하구요. 그 파악을 전제로 해서 그분들과 인간 관계를 먼저 해결하면서 어 좋은 어 부서와의 갈등을 봉합하고자 노력할 것입니다.","wordCount":124},"emotion":[],"intent":[{"text":"어 꼭 그 그것을 제 주장만 음 에 한 부서의 주장만 주장할 게 아니고 다른 부서의 주장도 들어보면서 어 그 서로의 에 팀원이 그 전체적인 회의를 통해서 아 왜 갈등이 발생됐는지를 먼저 파악을 하구요.","expression":"c_confl_mg","category":"personality"},{"text":"그 파악을 전제로 해서 그분들과 인간 관계를 먼저 해결하면서 어 좋은 어 부서와의 갈등을 봉합하고자 노력할 것입니다.","expression":"c_confl_mg","category":"personality"}],"summary":{"text":"일을 하다 보면 타 부서와 갈등 상황이 발생합니다. 이럴 경우 에이와 비를 서로 상의하고 협의를 해야 하는데, 서로의 팀원이 전체적인 회의를 통해서 갈등의 원인을 먼저 파악을 하고 그 파악을 전제로 해서 인간 관계를 먼저 해결하면서 부서와의 갈등을 봉합하고자 노력할 것입니다.","wordCount":40}}},"rawDataInfo":{"question":{"fileFormat":"wav","fileSize":464718,"duration":14520,"samplingBit":16,"channelCount":1,"samplingRate":"16kHz","audioPath":"/Mock/07.ProductionManufacturing/Male/Experienced/ckmk_q_mm_m_e_175762.wav"},"answer":{"fileFormat":"wav","fileSize":2884238,"duration":90130,"samplingBit":16,"channelCount":1,"samplingRate":"16kHz","audioPath":"/Mock/07.ProductionManufacturing/Male/Experienced/ckmk_a_mm_m_e_175762.wav"}}}