{"version":"1.0","dataSet":{"info":{"date":"20230116","occupation":"MM","channel":"MOCK","place":"ONLINE","gender":"MALE","ageRange":"35-44","experience":"EXPERIENCED"},"question":{"raw":{"text":"아 상사가 회사의 이익에 반하는 행동을 하는 것을 직접 목격했다면요 어 그때는 어떻게 행동하실지 어 무척 궁금하네요 말씀해 주시겠습니까","wordCount":19},"emotion":[],"intent":[]},"answer":{"raw":{"text":"상사의 행동이 이익에 반하는 것이 어떻게 이익에 반하는 것인지 먼저 파악을 하겠습니다. 상사는 저의 윗사람이기 때문에 지금 했던 행동을 바로 제가 지적하거나 시정 조치를 요청할 수는 없습니다. 하지만 제가 느끼기에 그것이 잘못됐다고 하면 직장 동료 또 다른 상사 아니면 회사의 윤리위원회에 한 번 의뢰를 해 볼 것입니다. 그런데도 그것이 조직에 반하는 행동이라는 확신이 들면 그러 그 상사에게 다가가서 솔직하게 얘기를 할 것입니다. 누구 누구 부장님 이것은 회사에 반하는 행동입니다. 회사의 이익에 반하는 행동은 회사의 윤리 정책에 어긋나는 것이고 지금 부장님이 하는 행동에 의해서 저희는 모두 피해를 볼 수도 있습니다. 이거는 시정 부탁드리겠습니다 라고 얘기했는데 그 담당 부장이 아니다 모든 사람들이 다 이렇게 한다 이렇게 함으로써 사적인 이익을 취할 수 있고 너한테도 이익을 남겨주겠다 라는 입장을 고수한다면 저는 윤리위원회 또는 그 부장이 더 높은 상사 대표 이사에게 정식적으로 보고를 하겠습니다. 그런데 그 높은 사람들마저도 거기에 같은 카르텔을 이루고 있다면 저는 본사 또는 감사원에 이거에 대한 정확한 법 감사를 요구하겠습니다. 그렇게 해서 저는 회사의 이익에 반대하는 행동을 하는 조직원들이나 회사원들을 전부 다 척결하고 싶습니다.","wordCount":162},"emotion":[],"intent":[{"text":"","expression":"","category":"attitude"}],"summary":{"text":"상사의 행동이 이익에 반하는 것이 조직에 반하는 행동이라는 확신이 들면 그 상사에게 다가가서 솔직하게 얘기를 할 것입니다. 그 부장이 모든 사람들이 다 이렇게 함으로써 사적인 이익을 취할 수 있고 너한테도 이익을 남겨주겠다고 했습니다. 그 높은 사람들마저도 같은 카르텔을 이루고 있다면 본사 또는 감사원에 이거에 대한 정확한 법 감사를 요구해서 회사의 이익에 반대하는 행동을 하는 조직원들이나 회사원들을 전부 다 척결하고 싶습니다.","wordCount":60}}},"rawDataInfo":{"question":{"fileFormat":"wav","fileSize":452558,"duration":14140,"samplingBit":16,"channelCount":1,"samplingRate":"16kHz","audioPath":"/Mock/07.ProductionManufacturing/Male/Experienced/ckmk_q_mm_m_e_164958.wav"},"answer":{"fileFormat":"wav","fileSize":2853198,"duration":89160,"samplingBit":16,"channelCount":1,"samplingRate":"16kHz","audioPath":"/Mock/07.ProductionManufacturing/Male/Experienced/ckmk_a_mm_m_e_164958.wav"}}}