{"version":"1.0","dataSet":{"info":{"date":"20230116","occupation":"MM","channel":"MOCK","place":"ONLINE","gender":"MALE","ageRange":"35-44","experience":"EXPERIENCED"},"question":{"raw":{"text":"네 지원자님께서는 시간이 남을 때 주로 어떤 일을 하시는지요 또 왜 그 일을 하는지 그 이유도 함께 설명해 주시면 좋겠습니다","wordCount":20},"emotion":[],"intent":[]},"answer":{"raw":{"text":"저는 시간이 남을 때 인터넷이나 온라인 강의를 수강합니다. 예전에는 독서를 통해서 많은 간접 경험 및 지식 정보를 얻을 수 있었는데 요즘은 독서보다 양 방향 통신으로 더 빠르고 더 많은 지식을 흡수할 수 있는 온라인 강의들이 많이 배출되고 있습니다. 사람은 죽어서까지 배워야 된다 라는 옛날에 가르침이 있었습니다. 직장 생활을 오래 하다 보니까 예전에 제가 가지고 있는 지식이나 학문들 또는 이런 모든 트렌드들이 오 년 십 년 주기로 점점 뒤쳐지고 있고 이제는 그 주기가 점점 더 단축되고 있다는 것입니다. 빅데이터 인공지능 딥러닝 자율 주행 같은 것들이 오 년 십 년 전에는 그렇게 대두가 되지 않았는데 현재 보면 이제 삼 년 오 년 사이에 인공 지능이 세상을 전부 점령하고 있고 이제는 빅데이터 및 인공 지능을 모르면 업무를 하기가 힘들어진 세상입니다. 그래서 단순히 책이나 이런 것들로 익히는 것이 아니라 동영상을 통해서 지속적으로 공부하고 양 방향 통신으로 강사들에게 바로바로 물어보고 궁금한 것들을 해결할 수 있음으로써 제 스스로에 실력 향상을 위해서 지속적으로 인터넷 강의로 공부를 하고 있습니다.","wordCount":151},"emotion":[],"intent":[{"text":"그래서 단순히 책이나   이런 것들로 익히는 것이 아니라 동영상을 통해서 지속적으로 공부하고 양 방향 통신으로 강사들에게 바로바로 물어보고   궁금한 것들을 해결할 수 있음으로써 제 스스로에 실력 향상을 위해서 지속적으로 인터넷 강의로 공부를 하고 있습니다.","expression":"f_cons","category":"attitude"}],"summary":{"text":"과거에 독서가 더 많은 지식 정보를 얻을 수 있었는데 요즘은 온라인 강의가 많이 배출되고 있습니다. 직장 생활을 오래하니 모든 트렌드들이 점점 뒤쳐지고 있고, 이제는 빅 데이터 및 인공 지능을 알면 업무를 하기가 힘들어진 세상입니다. 그래서 동영상을 통해 지속적으로 공부하고 양방향 통신으로 강사들에게 묻고 궁금한 것들을 해결할 수 있도록 계속 인터넷 강의로 공부하고 있습니다.","wordCount":53}}},"rawDataInfo":{"question":{"fileFormat":"wav","fileSize":396238,"duration":12380,"samplingBit":16,"channelCount":1,"samplingRate":"16kHz","audioPath":"/Mock/07.ProductionManufacturing/Male/Experienced/ckmk_q_mm_m_e_177163.wav"},"answer":{"fileFormat":"wav","fileSize":2686158,"duration":83940,"samplingBit":16,"channelCount":1,"samplingRate":"16kHz","audioPath":"/Mock/07.ProductionManufacturing/Male/Experienced/ckmk_a_mm_m_e_177163.wav"}}}