{"version":"1.0","dataSet":{"info":{"date":"20230116","occupation":"MM","channel":"MOCK","place":"ONLINE","gender":"MALE","ageRange":"55-","experience":"EXPERIENCED"},"question":{"raw":{"text":"지원자가 관리 책임에 위치해 있을 때 산사태로 인해 기차가 삼십 분 동안 정차되었다면 어떻게 조치하실 생각인가요","wordCount":16},"emotion":[],"intent":[]},"answer":{"raw":{"text":"그 이 기차 운행을 하고 있는데 산사태로 또 이런 음 또 크나큰 또 일들이 발생이 돼서 삼십 분 동안 정차를 했다고 했습니다. 그래서 저는 먼저 승객을 챙기겠습니다. 아 승객한테 에 먼저 다가가서 어 산사태으 상황을 정황하게 설명을 하고 어 항상 어 그 승객들의 안전이 중요하기 때문에 그분들의 그 안정을 취한 다음에 제자리에 그대로 앉아 있게끌음 한 다음에요. 어 산사태가 다시 재발될 수 있는가 것도 또 좀 어 어 또 알아봐야 되겠고요. 어 모든 게 에 승객들의 안전이기 때문에 그분들이 이 안전한 걸 보고 어 또 여러 가지 이 상황을 어 상부에 보고하는 그런 시스템을 갖출 것 같습니다. 서 항상 어 위험한 부분이기 때문에 에 우왕좌왕하는 승객들을 되도록이면 에 또 안전한 곳으로 대피시키는 그런 선조치 아 후보고라는 그런 개념으로 해서 어 그 상황을 모면하겠고요. 앞으로 기차가 운행을 제대로 할 수 있는 건지를 정확히 파악해서 승객들에게 알리는 그런 일들을 하겠습니다.","wordCount":138},"emotion":[],"intent":[{"text":"","expression":"","category":"attitude"}],"summary":{"text":"기차 운행 중 산사태로 정차가 했습니다. 승객에게 상황을 설명하고 안정을 취하게 한 뒤 재발 여부를 알아보고, 상부에 보고할 시스템을 갖출 것 같습니다. 우왕좌왕하는 승객들을 대피시키는 선조치 후보고의 개념으로 상황을 모면하고, 기차 운행 여부를 파악해 승객들에게 알리도록 하겠습니다.","wordCount":37}}},"rawDataInfo":{"question":{"fileFormat":"wav","fileSize":367118,"duration":11470,"samplingBit":16,"channelCount":1,"samplingRate":"16kHz","audioPath":"/Mock/07.ProductionManufacturing/Male/Experienced/ckmk_q_mm_m_e_237563.wav"},"answer":{"fileFormat":"wav","fileSize":3697358,"duration":115540,"samplingBit":16,"channelCount":1,"samplingRate":"16kHz","audioPath":"/Mock/07.ProductionManufacturing/Male/Experienced/ckmk_a_mm_m_e_237563.wav"}}}