{"version":"1.0","dataSet":{"info":{"date":"20230116","occupation":"MM","channel":"MOCK","place":"ONLINE","gender":"MALE","ageRange":"-34","experience":"EXPERIENCED"},"question":{"raw":{"text":"어 지원자님께서 입사를 하신 후에 기존에 원하던 일을 하지 못하게 되실 경우도 있는데요 어 그렇게 된다면 어떻게 하실 건가요 그리고 그렇게 하실 이유도 함께 설명해 주시길 바랍니다","wordCount":27},"emotion":[],"intent":[]},"answer":{"raw":{"text":"솔직히 말씀드려서 아쉬운 마음이 들지 않다고 말씀드리면은 그것은 거짓말이지만 그래도 저는 그렇게 상황이 벌어진 데에 대해서 이해를 할 수 있을 것 같습니다. 왜냐하면 이 회사 자체는 제가 너무나도 원하던 회사였고 원하던 회사에서 어떤 일을 해서라도 이 회사에 기여할 수 있다는 것 자체가 저에게는 큰 기쁨일 것 같습니다. 아예 일을 안 하는 것보다 그래도 원하지 않는 일을 하는 것이 낫다고 생각을 합니다. 아예 일을 안 해서 무슨 일을 해야 할지 또 직장을 찾으며 전전 긍긍하는 것보단 그래도 원하지 않는 일이라도 하는 게 감사한 일이라고 생각합니다. 물론 제가 원하는 일을 계속하는 것이 저에게는 가장 베스트입니다. 베스트이지만 제가 그 일을 못해도 저는 나쁘지 않습니다 네.","wordCount":102},"emotion":[{"text":"왜냐하면 이 회사 자체는 제가 너무나도 원하던 회사였고 원하던 회사에서 어떤 일을 해서라도 이 회사에 기여할 수 있다는 것 자체가 저에게는 큰 기쁨일 것 같습니다.","expression":"p-happiness","category":"positive"}],"intent":[{"text":"","expression":"","category":"attitude"}],"summary":{"text":"회사 자체는 제가 너무나 원하던 회사였고 어떤 일을 해서라도 회사에 기여할 수 있다는 것 자체가 저에게는 큰 기쁨일 것 같습니다. 아예 일을 안 해서 무슨 일을 해야 할지 또 직장을 찾으며 전전 긍긍하는 것보단 원하지 않는 일이라도 하는 게 감사한 일이라고 생각합니다.","wordCount":42}}},"rawDataInfo":{"question":{"fileFormat":"wav","fileSize":590798,"duration":18460,"samplingBit":16,"channelCount":1,"samplingRate":"16kHz","audioPath":"/Mock/07.ProductionManufacturing/Male/Experienced/ckmk_q_mm_m_e_205093.wav"},"answer":{"fileFormat":"wav","fileSize":2896078,"duration":90500,"samplingBit":16,"channelCount":1,"samplingRate":"16kHz","audioPath":"/Mock/07.ProductionManufacturing/Male/Experienced/ckmk_a_mm_m_e_205093.wav"}}}