{"version":"1.0","dataSet":{"info":{"date":"20230116","occupation":"MM","channel":"MOCK","place":"ONLINE","gender":"MALE","ageRange":"-34","experience":"EXPERIENCED"},"question":{"raw":{"text":"본인이 가장 자신 있는 기술 분야는 어떤 분야입니까 왜 그런지 자세하게 말씀해 주세요","wordCount":13},"emotion":[],"intent":[]},"answer":{"raw":{"text":"저에 가장 자신 있는 기술 분야는 아무래도 지금 하고 있는 투디 프로그램 제작이지 않을까 생각합니다. 어 누구나가 봤을 때는 뭐 쉬운 일이다 라고도 생각을 하겠지만 사실 우리 회사에 같은 경우에는 불량을 발생하는 것이 회사에 가장 마이너스가 되는 일이기 때문에 불량이 발생하지 않도록 하기 미연에 방지하는 것이 가장 중요한 일이고 음 그렇기 때문에 지금 제가 프로그램을 짤 때 최대한 그것이 발생하지 않도록 미연에 여러 번 확인도 하고 기존에 있던 쓰리디 모델링을 제가 짰던 그 투디 프로그램 파일을 덮음으로써 오차가 있는지 그럼으로써 불량이 발생하지 않도록 하고 있고 지금 제가 하는 일에 있어서 만큼은 어 누구보다도 확실하게 그리고 프로패셔널하게 프로그램을 짤 수 있다고 자 자부합니다.","wordCount":102},"emotion":[{"text":"어 누구나가 봤을 때는 뭐 쉬운 일이다 라고도 생각을 하겠지만 사실 우리 회사에 같은 경우에는 불량을 발생하는 것이 회사에 가장 마이너스가 되는 일이기 때문에 불량이 발생하지 않도록 하기 미연에 방지하는 것이 가장 중요한 일이고 음 그렇기 때문에 지금 제가 프로그램을 짤 때 최대한 그것이 발생하지 않도록 미연에 여러 번 확인도 하고 기존에 있던 쓰리디 모델링을 제가 짰던 그 투디 프로그램 파일을 덮음으로써 오차가 있는지 그럼으로써 불량이 발생하지 않도록 하고 있고 지금 제가 하는 일에 있어서 만큼은 어 누구보다도 확실하게 그리고 프로패셔널하게 프로그램을 짤 수 있다고 자 자부합니다.","expression":"p-achievement","category":"positive"}],"intent":[{"text":"","expression":"","category":"attitude"}],"summary":{"text":"저에 가장 자신 있는 기술 분야는 투디 프로그램 제작이라고 생각합니다. 불량이 발생하지 않도록 방지하는 것이 가장 중요하기 때문에 지금 제가 하는 일에 있어서 누구보다도 확실하게 그리고 프로패셔널하게 프로그램을 짤 수 있다고 자부합니다.","wordCount":32}}},"rawDataInfo":{"question":{"fileFormat":"wav","fileSize":308878,"duration":9650,"samplingBit":16,"channelCount":1,"samplingRate":"16kHz","audioPath":"/Mock/07.ProductionManufacturing/Male/Experienced/ckmk_q_mm_m_e_288206.wav"},"answer":{"fileFormat":"wav","fileSize":2513038,"duration":78530,"samplingBit":16,"channelCount":1,"samplingRate":"16kHz","audioPath":"/Mock/07.ProductionManufacturing/Male/Experienced/ckmk_a_mm_m_e_288206.wav"}}}