{"version":"1.0","dataSet":{"info":{"date":"20230116","occupation":"MM","channel":"MOCK","place":"ONLINE","gender":"MALE","ageRange":"55-","experience":"EXPERIENCED"},"question":{"raw":{"text":"어 우리 회사에 입사를 했더니 이제 업무 내용이나 강도가 예상했던 것과 전혀 다를 수 있습니다 그렇게 된다면 어떻게 하실 건가요","wordCount":20},"emotion":[],"intent":[]},"answer":{"raw":{"text":"에 우리가 아 항상 꿈에 그리던 어 회사에 입사를 하게 됩니다. 서 항상 그 업무에 맞는 그런 어 일들을 어 또 거기에 이력에 써서 항상 내용을 어 또 회사하고 공유를 하는데요. 그 업무를 하다 보면 굉장히 강도가 예상했던 것보다 높을 수가 있습니다. 그런 건 어 또 어 스스로 어 예상을 했었어야 되고요. 어 강도가 높다 라면 거기에 따라서 적응을 해야 되겠죠. 그러나 어 또 개인의 역량이 있기 때문에 힘들 것으로 생각이 됩니다. 그러게 되면 옆에 동료 직원이나 어 팀원들에게 조언도 듣고 어 또는 어 직장 상사에게 에 어 또 경험담을 항상 숙지해서 글 대처하는 그런 방법이 있습니다. 그난 두 가지 다 접목을 해서 회사에 누가 되지 않는 그런 어 또 어 일들을 진행을 해야 되기 때문에요. 항상 어 그런 어 예상했던 것보다 강도가 높은 일들이 많이 발생이 됩니다. 데므 그것을 포기하고 또는 소홀히 이 하다가 또 큰 또 개인이나 어떤 회사를 어 더 큰 재앙으로 몰 수 있기 때문에 항상 음 팀원들과으 팀워크를 어 잘 맞춰서 어 또 어 해야 된다고 생각을 해서 어 항상 어 준비된 사람이 돼야 된다 라고 말씀드리겠습니다.","wordCount":172},"emotion":[],"intent":[{"text":"","expression":"","category":"attitude"}],"summary":{"text":"업무의 강도가 높을 경우 적응을 해야 하나 개인의 역량이 필요하고, 동료 직원, 팀원들의 조언과 직장 상사의 도움을 받는 방법이 있습니다. 그 중 팀워크를 잘 맞춰서 항상 준비된 사람이 되는 것이 중요합니다.","wordCount":31}}},"rawDataInfo":{"question":{"fileFormat":"wav","fileSize":400718,"duration":12520,"samplingBit":16,"channelCount":1,"samplingRate":"16kHz","audioPath":"/Mock/07.ProductionManufacturing/Male/Experienced/ckmk_q_mm_m_e_237567.wav"},"answer":{"fileFormat":"wav","fileSize":3836558,"duration":119890,"samplingBit":16,"channelCount":1,"samplingRate":"16kHz","audioPath":"/Mock/07.ProductionManufacturing/Male/Experienced/ckmk_a_mm_m_e_237567.wav"}}}