{"version":"1.0","dataSet":{"info":{"date":"20230116","occupation":"MM","channel":"MOCK","place":"ONLINE","gender":"MALE","ageRange":"55-","experience":"EXPERIENCED"},"question":{"raw":{"text":"본인이 그동안 인생에서 겪은 갈등들 중 제일 심각했던 갈등은 무엇이었는지 한 가지만 골라서 말씀해 주세요","wordCount":15},"emotion":[],"intent":[]},"answer":{"raw":{"text":"제가 겪었던 갈등 중에 가장 심각했던 것은 대기업을 퇴사하고 자신의 사업을 시작했을 때 일어났습니다. 처음에 그동안 관계가 있었던 고객들에게 연락을 해서 제가 대기업을 퇴사하고 제 사업을 시작했음을 알렸습니다. 그러나 그 고객들은 저의 사업에 대해서 별 관심을 보이지 않았고 저와 유대 관계도 그렇게 중요시하지 않았습니다. 그래서 깨달은 것이 저와 그 고객들의 관계는 제가 대기업에 근무했을 때 그 대기업에 어떤 포지션을 가지고 있을 때의 관계였을 뿐 제가 사업을 독자적으로 시작했을 때는 그 관계가 유지되지 않는 것이구나 하는 갈등을 느낀 적이 있습니다.","wordCount":79},"emotion":[],"intent":[{"text":"","expression":"","category":"attitude"}],"summary":{"text":"대기업을 퇴사하고 자신의 사업을 시작했을 때 갈등이 일어났습니다. 대기업에 어떤 포지션을 가지고 있을 때의 관계였을 뿐 제가 독자적으로 시작했을 때는 그 관계가 유지되지 않는 것이구나 하는 갈등을 느꼈습니다.","wordCount":28}}},"rawDataInfo":{"question":{"fileFormat":"wav","fileSize":276558,"duration":8640,"samplingBit":16,"channelCount":1,"samplingRate":"16kHz","audioPath":"/Mock/07.ProductionManufacturing/Male/Experienced/ckmk_q_mm_m_e_301433.wav"},"answer":{"fileFormat":"wav","fileSize":3156238,"duration":98630,"samplingBit":16,"channelCount":1,"samplingRate":"16kHz","audioPath":"/Mock/07.ProductionManufacturing/Male/Experienced/ckmk_a_mm_m_e_301433.wav"}}}