{"version":"1.0","dataSet":{"info":{"date":"20230116","occupation":"MM","channel":"MOCK","place":"ONLINE","gender":"MALE","ageRange":"35-44","experience":"EXPERIENCED"},"question":{"raw":{"text":"본인의 장점과 단점을 설명해 주세요 그리고 장점을 특화 시키고 단점을 극복하기 위해 어떤 노력을 했는지도 말씀해 주세요","wordCount":17},"emotion":[],"intent":[]},"answer":{"raw":{"text":"저의 장점은 빠른 결정과 업무에 대한 추진력이 남들보다 엄청 빠르다는 것입니다. 또한 어떤 문제에 봉착했을 때 빠른 솔루션을 제공하여 그 문제를 해결해 나가는 데 탁월하다는 것입니다. 때로는 그런 부분들이 저의 단점으로 보이기도 하고 독단적이고 독선적으로 보일 수도 있습니다. 저의 가장 큰 단점은 바로 인내심이 너무 짧다는 것입니다. 어떤 도전을 했을 때 한 두 번의 실패를 겪으면 저는 이것이 안 되는구나 생각을 해서 더 이상 도전을 하지 않고 좌절을 하는 경우가 많았습니다. 하지만 성공한 사업가들의 의견에 따르면 본인이 도전해서 실패한 것은 완벽한 실패가 아니라 내가 세운 가설에 대한 검증을 하는 시간이라고 합니다. 그 가설에 대한 검증을 통해서 나는 성공을 하기 위한 하나의 한 발짝 한 발짝 밑거름 거 이 되는 것입니다. 저는 그 단점을 극복하기 위해서 제 스스로 실패했을 때마다 항상 일기장이나 메모장에 기록을 해 둡니다. 그 기록을 통해서 내가 어떤 부분에 실수를 했고 어느 부분에 데이터가 잘못됐고 어디서 결정이 생겼는지 그거를 파악함으로써 다음에 그 실패를 줄이기 위한 하나의 방편이 되었던 것 같습니다.","wordCount":152},"emotion":[{"text":"어떤 도전을 했을 때 한 두 번의 실패를 겪으면 저는 이것이 안 되는구나 생각을 해서   더 이상 도전을 하지 않고 좌절을 하는 경우가 많았습니다.","expression":"n-sadness","category":"positive"}],"intent":[{"text":"저의 장점은 빠른 결정과 업무에 대한 추진력이 남들보다 엄청 빠르다는 것입니다.","expression":"c_person","category":"background"},{"text":"저의 가장 큰 단점은 바로 인내심이 너무 짧다는 것입니다.","expression":"c_person","category":"background"}],"summary":{"text":"성공 사업가들의 의견에 따르면 본인이 세운 가설에 대한 검증은 성공을 하기 위한 하나의 밑거름이 됩니다. 저는 제 스스로 실패했을 때마다 항상 일기장이나 메모장에 기록을 해 둡니다. 기록을 통해 제가 어떤 부분에 실수를 했고 어느 부분에 데이터가 잘못됐고 어디서 결정이 생겼는지 파악을 함으로써 다음 실패를 줄이기 위한 방편이 되었던 것 같습니다.","wordCount":50}}},"rawDataInfo":{"question":{"fileFormat":"wav","fileSize":323278,"duration":10100,"samplingBit":16,"channelCount":1,"samplingRate":"16kHz","audioPath":"/Mock/07.ProductionManufacturing/Male/Experienced/ckmk_q_mm_m_e_171906.wav"},"answer":{"fileFormat":"wav","fileSize":2741838,"duration":85680,"samplingBit":16,"channelCount":1,"samplingRate":"16kHz","audioPath":"/Mock/07.ProductionManufacturing/Male/Experienced/ckmk_a_mm_m_e_171906.wav"}}}