{"version":"1.0","dataSet":{"info":{"date":"20230116","occupation":"MM","channel":"MOCK","place":"ONLINE","gender":"MALE","ageRange":"55-","experience":"EXPERIENCED"},"question":{"raw":{"text":"지원자님께서는 평소에 특별히 가고 싶은 회사가 있으셨나요 회사를 선택할 때 특정 도메인이 중요한지 아니면 회사의 분위기가 중요한지 어떤 점을 중점적으로 보시는지 궁금합니다","wordCount":22},"emotion":[],"intent":[]},"answer":{"raw":{"text":"어 저는 어 어 가고 싶은 회사는 어 호반 건설입니다. 에 옛날에 에 또 제가 협력 업체로 있을 때 호반과 거래를 많이 해봤습니다. 그래서 그쪽에 분위기라든가 이런 부분이 굉장히 또 또 성장할 수 있는 어 회사이기 때문에 에 후반에 들어가서 어 제 날개를 펴 볼 생각이구요. 어 특정 도메인이 중요한지 회사의 분위기가 중요한지를 어 물어보셨는데요. 저는 회사 분위기라고 생각을 합니다. 어 회사 분위기가 좋지 않으면 어 저의 개인적인 발전도 없을뿐더러 또 그 회사는 아마 어 또 지속적으로 가게 되면 도태되지 않을까 생각을 해서 회사 분위기가 굉장히 중요하다고 생각을 합니다. 어 회사 분위기가 좋지 않으면 개인적으로도 분명히 스트레스를 받아서 또 이직하고 싶은 마음이 생길 것 같고요. 어 또 어 여러 가지 그러다 보면 건강 일 관리도 소홀히 될 것 같고 해서 저는 굉장히 회사 분위기를 많이 봅니다.","wordCount":126},"emotion":[{"text":"에 옛날에 에 또 제가 협력 업체로 있을 때 호반과 거래를 많이 해봤습니다.","expression":"u-fact","category":"neutral"}],"intent":[{"text":"","expression":"","category":"attitude"}],"summary":{"text":"호반 건설은 분위기가 중요하고 성장가능성이 있는 회사입니다. 특정 도메인이 중요한 지 회사의 분위기가 중요한 지에 대해서는 회사 분위기라고 생각합니다. 회사 분위기가 좋지 않으면 개인적으로도 스트레스를 받아서 이직하고 싶은 마음이 생길 것 같고, 건강 관리도 소홀히 될 것 같아 회사 분위기를 많이 봅니다.","wordCount":42}}},"rawDataInfo":{"question":{"fileFormat":"wav","fileSize":609998,"duration":19060,"samplingBit":16,"channelCount":1,"samplingRate":"16kHz","audioPath":"/Mock/07.ProductionManufacturing/Male/Experienced/ckmk_q_mm_m_e_199177.wav"},"answer":{"fileFormat":"wav","fileSize":2871758,"duration":89740,"samplingBit":16,"channelCount":1,"samplingRate":"16kHz","audioPath":"/Mock/07.ProductionManufacturing/Male/Experienced/ckmk_a_mm_m_e_199177.wav"}}}