{"version":"1.0","dataSet":{"info":{"date":"20230116","occupation":"MM","channel":"MOCK","place":"ONLINE","gender":"MALE","ageRange":"55-","experience":"EXPERIENCED"},"question":{"raw":{"text":"회사에 들어와서 선배를 만나게 된다면 어떤 선배를 만나고 싶으신가요 왜 그런 선배를 만나고 싶으신지도 함께 말씀해 주세요","wordCount":17},"emotion":[],"intent":[]},"answer":{"raw":{"text":"어 우리가 아 항상 어 뭔가 아 또 업무를 준비하고 해서 회사를 들어갔는데 어 그 회사에 들어갔는데 에 또 선배를 만나게 된다면 얼마나 아 즐거운 일이겠습니까. 어 그래서 선배를 만나면 또 좋은 사람이 있고 나쁜 사람이 있고 또 일 잘하는 사람이 있고 일 못하는 사람이 있을 수도 있습니다. 그러나 아 선배를 만나 아 또 그분의 일도 잘하고 또 회사에서 좋은 평도 들으면 어 그보다 더 어 또 좋은 일이 없을 거 같습니다. 그래서 항상 일 잘해서 어 성과가 좋은 그런 선배를 만나고 싶구요. 또 존경 맏는 선배가 아 있으면 좋겠습니다. 서 그 선배를 통해서 많은 회사 생활에 적응을 하는 데 도움을 받을 수도 있구요. 어 또 그 선배를 통해서 어 또 좋은 어 프로젝트를 함께 할 수 있는 그런 여건들이 형성이 될 거 같습니다. 그래서 회사에 들어가면 어 굉장히 이 저를 리드를 해주고 어 또 어 회사에서도 인정받아서 제 리더가 굉장히 회사에 도움 되는 그런 어 선배가 있었으면 하는 생각이고요. 어 그럼으로써 제 시너지 효과가 굉장히 클 거 같습니다. 선배를 통해서 배움도 있고 어 또는 어 또 여러 가지 이 또 어 또 회사에서 이끌어주는 그런 게 있어서 그런 좋은 선배를 뵙고 어 싶습니다.","wordCount":184},"emotion":[],"intent":[{"text":"","expression":"","category":"attitude"}],"summary":{"text":"업무 준비를 위해 회사를 들어갔는데, 좋은 선배를 만나 좋은 일을 하면 더 좋을 것 같습니다. 또 존경 맏는 선배가 있으면 회사 생활에 적응에 도움을 받고 좋은 프로젝트를 함께 할 수 있는 여건들이 형성될 거 같아 저는 선배를 통해 배움도 있고 회사에서도 인정받는 리더가 될 수 있었으면 합니다.","wordCount":47}}},"rawDataInfo":{"question":{"fileFormat":"wav","fileSize":412238,"duration":12880,"samplingBit":16,"channelCount":1,"samplingRate":"16kHz","audioPath":"/Mock/07.ProductionManufacturing/Male/Experienced/ckmk_q_mm_m_e_237704.wav"},"answer":{"fileFormat":"wav","fileSize":3824078,"duration":119500,"samplingBit":16,"channelCount":1,"samplingRate":"16kHz","audioPath":"/Mock/07.ProductionManufacturing/Male/Experienced/ckmk_a_mm_m_e_237704.wav"}}}