{"version":"1.0","dataSet":{"info":{"date":"20230116","occupation":"MM","channel":"MOCK","place":"ONLINE","gender":"MALE","ageRange":"55-","experience":"EXPERIENCED"},"question":{"raw":{"text":"어 스트레스를 받게 되면 지원자님께서는 어떻게 대처를 하시나요 그리고 어 그런 방법으로 스트레스를 왜 해소를 하시는지 말씀해 주시길 바랍니다","wordCount":19},"emotion":[],"intent":[]},"answer":{"raw":{"text":"인간은 항상 어 움직이면서 스트레스를 받은 것 같습니다. 어 또 괜한 스트리스도 있지만 개인적으로 어 또 어 자제를 못 해서 하는 어 그런 스트레스가 많이 있습니다. 어 그럴 때는 저는 항상 어 어 업무를 뒤로 하고 어 어 산에를 가끔 갑니다. 어 그래서 올라가면서 어 또 힘들게 땀을 흘리면 스트레스가 많이 해소되고 또 정상에 가서 어 고함을 질르면 야오라는 고함을 질르고 그러면 굉장히 많은 도움이 되더라구요. 그래서 저는 어 산행을 주로 합니다. 그래서 내려오면서 또 어 시원한 공기와 어 어 맑은 산을 보게 되면 굉장히 많은 스트레스를 어 이렇게 해소해 어 했던 경험도 있지만 어 그렇게 되고 있습니다. 그래서 어 저는 산에를 주로 가는데요. 산이 너무 좋습니다. 그래서 스트레스가 굉장히 잘 어 풀린다고 말씀 드리겠습니다.","wordCount":115},"emotion":[],"intent":[{"text":"","expression":"","category":"attitude"}],"summary":{"text":"인간은 늘 스트레스를 받습니다. 업무를 뒤로 하고 산에를 가거나 정상에 가서 고함을 질릅니다. 내려오면서 시원한 공기와 맑은 산을 보게 되면 스트레스를 많이 해소합니다. 제가 산행을 주로 하는 이유는 산이 너무 좋기 때문입니다.","wordCount":32}}},"rawDataInfo":{"question":{"fileFormat":"wav","fileSize":428878,"duration":13400,"samplingBit":16,"channelCount":1,"samplingRate":"16kHz","audioPath":"/Mock/07.ProductionManufacturing/Male/Experienced/ckmk_q_mm_m_e_200153.wav"},"answer":{"fileFormat":"wav","fileSize":2834958,"duration":88590,"samplingBit":16,"channelCount":1,"samplingRate":"16kHz","audioPath":"/Mock/07.ProductionManufacturing/Male/Experienced/ckmk_a_mm_m_e_200153.wav"}}}