{"version":"1.0","dataSet":{"info":{"date":"20230116","occupation":"MM","channel":"MOCK","place":"ONLINE","gender":"MALE","ageRange":"45-54","experience":"EXPERIENCED"},"question":{"raw":{"text":"지원자님께서는 봉사 활동을 비롯하여서 여러 가지 대외 활동을 해 오셨는데요 이 대외 활동에서 어떤 것을 배웠고 어떤 자세로 대외 활동을 임했는지도 말씀해 주세요","wordCount":23},"emotion":[],"intent":[]},"answer":{"raw":{"text":"저는 어 전 직장의 동료들과 함께 어 회사 주변에 어 도시락 배달하는 그 봉사활동을 한 적이 있습니다. 어 이것은 회사에서 지원을 해주는 프로그램이었는데 어 한 달에 두 번 순번을 정해 가지고 회사 주변에 있는 어 어 그 노약자나 어 청소년들에게 그 도시락을 배달해 주는 것이었습니다. 어 처음에는 동료들과 그냥 어울리고 끝나고 맥주 한 잔 하고 이것은 회사에서 지원하는 거다 보니까 좀 일찍 마칠 수 있어 가지고 네 시에 일을 마치고 어 구청으로 가서 도시락을 받아서 제가 해당된 어 열 집에 대해서 배달을 하는 거였는데 처음에는 별다른 뭐 사명감 이런 거 없이 시작했던 활동이었습니다. 하지만 계속 하면서 어르신들과 직접 대하고 하다 못해 어르신들과 한 마디씩 나누면서 어 좀 정이 생기기 시작했습니다. 어 어르신들은 어 그 도시락 하나 갖다주는 그 서비스였는데도 너무나 감사하고 고마워 했길래 나중에는 저 스스로 사명감도 느끼고 스스로 뿌듯해서 어 되게 열심히 봉사활동을 해왔습니다. 어 이 봉사활동은 어 오히려 저한테 행복감을 줬고 어 같이 사는 사회 제가 어 이상적인 그 사회를 위한 저의 노력이었습니다.","wordCount":155},"emotion":[{"text":"어 이 봉사활동은 어 오히려 저한테 행복감을 줬고 어 같이 사는 사회 제가 어 이상적인 그 사회를 위한 저의 노력이었습니다.","expression":"p-happiness","category":"positive"}],"intent":[{"text":"","expression":"","category":"attitude"}],"summary":{"text":"저는 직장의 동료들과 도시락 배달 봉사활동을 한 적이 있습니다. 처음에는 사명감 없이 시작했으나 어르신들과 직접 대하고 한 마디씩 나누면서 정이 생기기 시작했습니다. 그 봉사활동이 오히려 저한테 행복감을 주고 같이 사는 사회를 위한 저의 노력이었습니다.","wordCount":34}}},"rawDataInfo":{"question":{"fileFormat":"wav","fileSize":638158,"duration":19940,"samplingBit":16,"channelCount":1,"samplingRate":"16kHz","audioPath":"/Mock/07.ProductionManufacturing/Male/Experienced/ckmk_q_mm_m_e_161353.wav"},"answer":{"fileFormat":"wav","fileSize":2769038,"duration":86530,"samplingBit":16,"channelCount":1,"samplingRate":"16kHz","audioPath":"/Mock/07.ProductionManufacturing/Male/Experienced/ckmk_a_mm_m_e_161353.wav"}}}