{"version":"1.0","dataSet":{"info":{"date":"20230116","occupation":"MM","channel":"MOCK","place":"ONLINE","gender":"MALE","ageRange":"-34","experience":"EXPERIENCED"},"question":{"raw":{"text":"본인은 엔지니어란 무엇이라고 생각하십니까 본인이 생각하시는 엔지니어에 대해서 간단하게 정의 내려 주세요","wordCount":12},"emotion":[],"intent":[]},"answer":{"raw":{"text":"엔지니어는 논리적이라고 논리적이어야 한다고 생각합니다. 일 더하기 일 은 이 가 되듯이 어 어떤 것에 있어서 원인은 원인과 결과가 있고 그 원인이 잘못되었을 때 결과 또한 잘못됩니다. 쓰레기를 넣으면 쓰레기가 나올 수 밖에 없는 것입니다. 그렇기 때문에 논리적으로 처음부터 하나하나 봄으로써 어떠한 부분에 있어서 나의 논리가 잘못되었는지 확인할 줄 알고 그 부분에 대해 보완을 하고 하는 것이 엔지니어가 해야 할 일이라고 생각합니다.","wordCount":62},"emotion":[],"intent":[{"text":"","expression":"","category":"attitude"}],"summary":{"text":"어떤 원인이 잘못되었을 때 결과 또한 잘못되기 때문에 논리적으로 처음부터 하나하나 봄으로써 확인 및 보완을 하고 하는 것이 엔지니어가 해야 할 일이라고 생각합니다.","wordCount":23}}},"rawDataInfo":{"question":{"fileFormat":"wav","fileSize":433998,"duration":13560,"samplingBit":16,"channelCount":1,"samplingRate":"16kHz","audioPath":"/Mock/07.ProductionManufacturing/Male/Experienced/ckmk_q_mm_m_e_293360.wav"},"answer":{"fileFormat":"wav","fileSize":1546318,"duration":48320,"samplingBit":16,"channelCount":1,"samplingRate":"16kHz","audioPath":"/Mock/07.ProductionManufacturing/Male/Experienced/ckmk_a_mm_m_e_293360.wav"}}}