{"version":"1.0","dataSet":{"info":{"date":"20230116","occupation":"MM","channel":"MOCK","place":"ONLINE","gender":"MALE","ageRange":"35-44","experience":"EXPERIENCED"},"question":{"raw":{"text":"지원자님 왜 이 분야에 관심을 가지게 되었고 또 지원하게 되었는지 궁금합니다 관심이 가진 이유에 대해 지원 동기를 말씀하고 설명해 보세요","wordCount":20},"emotion":[],"intent":[]},"answer":{"raw":{"text":"이십 일 세기 이천 이십 이 년은 이제 빅데이터와 머신 러닝 딥 러닝 자율 주행에 한복판에 와 있다고 생각합니다. 이제 이런 빅데이터와 이런 모든 인공지능은 핵심 가치가 되었으며 예전에 사람들이 몸으로 움직이고 몸으로 했던 시대는 점점점 퇴화되고 뒤에로 가게 되어 있습니다. 강성노조 귀족노조들처럼 모든 것을 자신들의 생산력이나 인력으로 해결하던 시대가 아니라 이제는 로봇이나 인공지능이나 빅데이터를 가지고 공장 자동화를 통해서 사람이 아닌 몇몇의 사람으로 공장을 돌릴 수 있고 생산을 해낼 수 있는 세계로 빠져들고 있습니다. 그렇기 때문에 우리 같은 엔지니어들은 이제는 빅데이터와 딥 러닝 머신 러닝 인공지능에 대한 공부를 하여 오 년 후 십 년 후 바뀌게 될 제품의 품질이나 아니면 공장 자동화에 익어야 될 것입니다. 아직까지도 십 년 전 이십 년 전 삼십 년 전에 트렌드에서 벗어나지 못하여 몸으로 모든 것을 떼우고 손으로 모든 것을 할 수 있다고 생각하면 절대 오산입니다. 이제는 버튼 하나로 인공지능으로 모든 로봇이 다 하게끔 되는 세상을 배우기 위해서 우리는 딥 러닝과 머신 러닝 빅데이터를 반드시 공부해야 된다고 생각해서 저 또한 지원하게 되었습니다.","wordCount":157},"emotion":[],"intent":[{"text":"이제는 버튼 하나로 인공지능으로 모든 로봇이 다 하게끔 되는 세상을 배우기 위해서 우리는   딥 러닝과 머신 러닝 빅데이터를 반드시 공부해야 된다고 생각해서 저 또한 지원하게 되었습니다.","expression":"c_sincere_job","category":"etc"}],"summary":{"text":"인공지능으로 모든 로봇이 다 하는 세상을 배우기 위해 딥 러닝과 머신 러닝 빅데이터를 반드시 공부해야 한다고 생각해서 저 또한 지원하게 되었습니다. 인공지능이 생산력이나 인력으로 해결하던 시대가 아니라 공장 자동화를 통해서 몇 명의 사람으로 공장을 돌릴 수 있고 생산을 해낼 수 있는 세계로 빠져들고 있기 때문입니다.","wordCount":45}}},"rawDataInfo":{"question":{"fileFormat":"wav","fileSize":394318,"duration":12320,"samplingBit":16,"channelCount":1,"samplingRate":"16kHz","audioPath":"/Mock/07.ProductionManufacturing/Male/Experienced/ckmk_q_mm_m_e_177168.wav"},"answer":{"fileFormat":"wav","fileSize":2829518,"duration":88420,"samplingBit":16,"channelCount":1,"samplingRate":"16kHz","audioPath":"/Mock/07.ProductionManufacturing/Male/Experienced/ckmk_a_mm_m_e_177168.wav"}}}