{"version":"1.0","dataSet":{"info":{"date":"20230116","occupation":"MM","channel":"MOCK","place":"ONLINE","gender":"MALE","ageRange":"55-","experience":"EXPERIENCED"},"question":{"raw":{"text":"만약 지원자님이 하고 싶은 직무 말고 다른 직무를 맡게 되신다면 어떻게 하시겠나요 그래도 괜찮으시나요","wordCount":14},"emotion":[],"intent":[]},"answer":{"raw":{"text":"회사 일을 하다보면 어 제 장점 단점을 많이 생각을 하실 거구요. 어 또 직무도 어 또 그 직무에 맞는 그런 어 부서로 발령을 낼 건데요. 어 회사 사정이 있거나 그러면 음 직무 말고 어 다른 직무를 주게 됩니다. 에 저는 괜찮습니다. 그래서 제가 어 장점에 직무를 가지고 있다면 어 다른 직무를 맡게 되더라도 어 그 직무를 어 십분 활용하고 에 장점을 살려서 어 다른 직무에 접목시켜서 하게 된다 라면 회사에도 이익이 되고 저 또 개인적으로 또 발전이 되기 때문에 저는 항상 어 제 직무만 고집하기 보다는 어 다른 직무를 맡겨 주신다고 해도 어 회사에 에 도움을 주기 위해서 어 최선의 방법을 강구해서 에 저는 그 업무에 충실할 자신이 있습니다.","wordCount":109},"emotion":[],"intent":[{"text":"","expression":"","category":"attitude"}],"summary":{"text":"회사일을 하며 장점과 단점을 많이 생각합니다. 하지만 저는 장점에 직무가 있다면 다른 직무를 맡기더라도 그 직무를 십분 활용하고 장점을 살려서 다른 직무에 접목시켜서 회사와 개인에 도움이 되기 때문에 업무에 충실할 것입니다.","wordCount":31}}},"rawDataInfo":{"question":{"fileFormat":"wav","fileSize":326478,"duration":10200,"samplingBit":16,"channelCount":1,"samplingRate":"16kHz","audioPath":"/Mock/07.ProductionManufacturing/Male/Experienced/ckmk_q_mm_m_e_188349.wav"},"answer":{"fileFormat":"wav","fileSize":2667278,"duration":83350,"samplingBit":16,"channelCount":1,"samplingRate":"16kHz","audioPath":"/Mock/07.ProductionManufacturing/Male/Experienced/ckmk_a_mm_m_e_188349.wav"}}}