{"version":"1.0","dataSet":{"info":{"date":"20230116","occupation":"MM","channel":"MOCK","place":"ONLINE","gender":"MALE","ageRange":"55-","experience":"EXPERIENCED"},"question":{"raw":{"text":"앞으로 우리 회사에 들어오게 된다면 가장 가고 싶은 부서와 그리고 왜 그 부서를 가고 싶은지 그 이유도 같이 한 번 말씀해 주세요","wordCount":22},"emotion":[],"intent":[]},"answer":{"raw":{"text":"아무래도 네 저는 재단하고 가공하는 쪽 그쪽 파트로 가고 싶습니다. 제가 평생 해 온 일이 그거니까. 네 그래서요. 제가 가장 익숙하고 그리고 제 지원서를 봐서 아시겠지만 제가 가장 자신 있는 일이구요. 그리고 남의 돈 받아 먹으면서 제공할 저에 능력으로 가장 부끄럽지 않은 네 돈 받는 게 부끄럽지 않은 저에 일이고 능력입니다. 그래서 당연히 이 회사에서도 그 업무를 하면서 정정당당하게 제 노동력을 노동을 하고 그 노동력에 대한 복 그 대가를 네 꼭 잘 받고 싶습니다.","wordCount":74},"emotion":[],"intent":[{"text":"","expression":"","category":"attitude"}],"summary":{"text":"재단하고 가공하는 쪽 파트로 가고 싶습니다. 정정당당하게 제 노동력을 노동하고 그 노동력에 대한 대가를 잘 받고 싶습니다.","wordCount":17}}},"rawDataInfo":{"question":{"fileFormat":"wav","fileSize":377678,"duration":11800,"samplingBit":16,"channelCount":1,"samplingRate":"16kHz","audioPath":"/Mock/07.ProductionManufacturing/Male/Experienced/ckmk_q_mm_m_e_189933.wav"},"answer":{"fileFormat":"wav","fileSize":2592718,"duration":81020,"samplingBit":16,"channelCount":1,"samplingRate":"16kHz","audioPath":"/Mock/07.ProductionManufacturing/Male/Experienced/ckmk_a_mm_m_e_189933.wav"}}}