{"version":"1.0","dataSet":{"info":{"date":"20230116","occupation":"MM","channel":"MOCK","place":"ONLINE","gender":"MALE","ageRange":"55-","experience":"EXPERIENCED"},"question":{"raw":{"text":"다른 사람이 생각하는 지원자님의 장점 또는 단점은 무엇이라고 생각하시나요 그 이유도 함께 말씀해 주세요 감사합니다","wordCount":15},"emotion":[],"intent":[]},"answer":{"raw":{"text":"어 모든 인간은 장단점이 있을 걸로 생각을 합니다. 제 장단점을 물어보셨는데요. 저의 장가 장점은 아 항상 긍정적인 마인드입니다. 또 거기에 따라서 또 추진력 이런 점은 쪼끔은 제 몸에 배어있는 것 같습니다. 어 그래서 에 장점이 이라고 큰 장점이라고 생각을 하는데요. 상대방에게 또 긍정적인 마인드를 주기 때문에 또 모든 돌아오는 게 또 긍정적으로 돌아오더라구요. 그 그런게 장점인데 단점은 또 소극적입니다. 에 추진력 있는 반면에 또 소극적이어서 말 수가 적어서 또 상대방이 답답해 하는 경우도 많이 있었습니다. 그래서 그 소극적인 그런 단점이 있어서 이제 생활하는 데 굉장히 어려움이 많았던 그런 기억이 나구요. 그것을 고칠려고 항상 어 많이 그 그 더 먼저 다가가고 접근을 해서 단점 보완에 최선의 노력을 하고 있습니다.","wordCount":108},"emotion":[],"intent":[{"text":"저의 장가 장점은 아 항상 긍정적인 마인드입니다.","expression":"c_person","category":"background"},{"text":"그 그런게 장점인데 단점은 또 소극적입니다.","expression":"c_person","category":"background"}],"summary":{"text":"저는 긍정적인 마인드와 추진력이 장점이라고 생각합니다. 하지만 소극적이라는 단점이 있어서 생활하는 데 굉장히 어려움이 많았던 기억이 있고, 이것을 고치려고 많이 다가가고 접근을 하며 보완에 최선을 다하고 있습니다.","wordCount":27}}},"rawDataInfo":{"question":{"fileFormat":"wav","fileSize":478478,"duration":14950,"samplingBit":16,"channelCount":1,"samplingRate":"16kHz","audioPath":"/Mock/07.ProductionManufacturing/Male/Experienced/ckmk_q_mm_m_e_186076.wav"},"answer":{"fileFormat":"wav","fileSize":2893518,"duration":90420,"samplingBit":16,"channelCount":1,"samplingRate":"16kHz","audioPath":"/Mock/07.ProductionManufacturing/Male/Experienced/ckmk_a_mm_m_e_186076.wav"}}}