{"version":"1.0","dataSet":{"info":{"date":"20230116","occupation":"MM","channel":"MOCK","place":"ONLINE","gender":"MALE","ageRange":"55-","experience":"EXPERIENCED"},"question":{"raw":{"text":"남들과는 다른 본인만의 경쟁력을 말씀해 주세요 그리고 그 경쟁력을 키우기 위해서 본인이 어떤 노력을 했는지도 말씀해 주세요","wordCount":17},"emotion":[],"intent":[]},"answer":{"raw":{"text":"저요 저는 음 지금 현직에 남아있는 네 항공정비원. 네 제가 가장 최고령이고 제가 제일 최고참이에요. 그게 저의 경쟁력입니다. 그리고 자신이 있고요 제 일에 대해서. 음 그렇다고 자만하지는 않아요. 네 계속 기술은 발전하고 있고 모델들도 수 꾸준히 지금 끊임없이 지금 이 순간에도 바뀌고 네 계속 업그레이드가 되고 있기 때문에 자만하지는 않지만 네 그냥 당연하게 어떤 기준들이 있잖아요. 거기에서 우선 제가 가장 경험이 많고 겪은 것들이 풍부하기 때문에 그것을 바탕으로 무언가를 고려하고 무언가를 조심하고 하는 것들이 더 많아질 거고 그게 결국은 우리 모두가 사고의 어떤 가능성을 줄이는 그런 부분이 되기 때문에 그것만으로 엄청난 경쟁력이 되죠.","wordCount":93},"emotion":[],"intent":[{"text":"","expression":"","category":"attitude"}],"summary":{"text":"현재 현직에 있는 항공정비원으로 기술발전과 모델 수의 꾸준한 변화로 자만하지는 않지만, 경험의 축적을 바탕으로 사고의 가능성을 줄이는 부분이 되기 때문에 이것만으로 큰 경쟁력이 됩니다.","wordCount":24}}},"rawDataInfo":{"question":{"fileFormat":"wav","fileSize":350798,"duration":10960,"samplingBit":16,"channelCount":1,"samplingRate":"16kHz","audioPath":"/Mock/07.ProductionManufacturing/Male/Experienced/ckmk_q_mm_m_e_177801.wav"},"answer":{"fileFormat":"wav","fileSize":2896718,"duration":90520,"samplingBit":16,"channelCount":1,"samplingRate":"16kHz","audioPath":"/Mock/07.ProductionManufacturing/Male/Experienced/ckmk_a_mm_m_e_177801.wav"}}}