{"version":"1.0","dataSet":{"info":{"date":"20230116","occupation":"MM","channel":"MOCK","place":"ONLINE","gender":"MALE","ageRange":"55-","experience":"EXPERIENCED"},"question":{"raw":{"text":"지원자님께서 지금까지 살아오면서 새로운 환경에서 전혀 몰랐었던 일을 맡아서 한 경험이 있으신가요 지원자님이 있다면 간단한 소개 부탁드립니다","wordCount":17},"emotion":[],"intent":[]},"answer":{"raw":{"text":"어 살다 보면 어 새로운 환경들이 항상 변하게 되 있고 그 변화에 대처해야 되는 게 인간인 것 같습니다. 전혀 몰랐던 어 경험들이 많이 있습니다. 어 또 어 거기에 따라서 또 대처도 잘 했었고요. 또 살다 보니까 어 또 새로운 이 환경에서 어 어 적응할려면 어 또 여러 가지 이 여건들이 있습니다마는 그 환경을 이겨낼려면 에 건강뿐인 것 같습니다. 건강해야지만이 에 새로운 환경을 재타하게 되고 이겨낼 수 있는 그런 원동력이 생기고 그래서 저한테는 항상 건강을 중요시하고 지 어 생각을 하고 있습니다. 어 제가 어 그 어 몸이 안 좋아가지고 어 병원에 누워있는 어 적이 있었는데요. 그때마다 그 의사분들이 잘 치료해 주어서 좋은 경험으로 어 저는 어 지금 건강하게 그 생활을 하고 있습니다.","wordCount":111},"emotion":[],"intent":[{"text":"","expression":"","category":"attitude"}],"summary":{"text":"살다 보면 새로운 환경들이 항상 변하게 돼 있고 그 변화에 대처해야 되는 게 인간인 것 같습니다. 살다 보니 새로운 환경에서 적응하려면 건강해야하고, 그래야만 새로운 환경을 이겨낼 수 있는 원동력이 된다고 생각합니다.","wordCount":31}}},"rawDataInfo":{"question":{"fileFormat":"wav","fileSize":468558,"duration":14640,"samplingBit":16,"channelCount":1,"samplingRate":"16kHz","audioPath":"/Mock/07.ProductionManufacturing/Male/Experienced/ckmk_q_mm_m_e_186074.wav"},"answer":{"fileFormat":"wav","fileSize":2838478,"duration":88700,"samplingBit":16,"channelCount":1,"samplingRate":"16kHz","audioPath":"/Mock/07.ProductionManufacturing/Male/Experienced/ckmk_a_mm_m_e_186074.wav"}}}