{"version":"1.0","dataSet":{"info":{"date":"20230116","occupation":"MM","channel":"MOCK","place":"ONLINE","gender":"MALE","ageRange":"55-","experience":"EXPERIENCED"},"question":{"raw":{"text":"면접자님이 생각하시기에 회사의 덕목은 무엇이라고 생각하시나요 그리고 어떤 회사가 좋은 회사라고 생각하시나요","wordCount":12},"emotion":[],"intent":[]},"answer":{"raw":{"text":"예 회사의 덕목은 신의라고 생각을 합니다. 어 씨이오와 직원 간에 또 경영진과 직원 간에 신의가 없으면은 어 아무리 이 어떤 돈을 많이 벌어도 이 좋은 회사라고 어 볼 수 없습니다. 그래서 씨이오 그 마인드와 또 직원들의 마인드가 어 서로 어 건전하고 성실함으로 뭉쳐서 어 신의를 지키고 어 어 하는 과정에서 어 교운 회사가 되지 않을까 생각합니다. 좋은 회사는 뭐 별거 있겠습니까 돈 잘 벌고 뭐 또 어 직원들 간에 소통 잘 되고 그 어 그 돈만큼에 비례해서 서로 어 상생하는 그런 과정들이 이 중요하고 또 거기에 따르는 또 봉사도 많이 해야 되겠죠. 그 그래서 봉사도 함께 겸해서 하면 좋은 회사라고 생각을 합니다. 성실 근면을 바탕으로 두는 게 좋은 회사라고 생각을 하고 있습니다.","wordCount":112},"emotion":[],"intent":[{"text":"","expression":"","category":"attitude"}],"summary":{"text":"회사의 덕목은 신의입니다. 씨이오와 직원 간에, 경영진과 직원 간에 신의가 없으면 어떤 돈을 벌어도 좋은 회사는 될 수 없습니다. 그래서 직원들의 마인드가 건전하고 성실함으로 뭉쳐서 어 신의를 지키고 상생하는 과정이 중요하고 또 봉사도 함께 겸하면 좋은 회사라고 생각합니다.","wordCount":38}}},"rawDataInfo":{"question":{"fileFormat":"wav","fileSize":327758,"duration":10240,"samplingBit":16,"channelCount":1,"samplingRate":"16kHz","audioPath":"/Mock/07.ProductionManufacturing/Male/Experienced/ckmk_q_mm_m_e_175483.wav"},"answer":{"fileFormat":"wav","fileSize":2817358,"duration":88040,"samplingBit":16,"channelCount":1,"samplingRate":"16kHz","audioPath":"/Mock/07.ProductionManufacturing/Male/Experienced/ckmk_a_mm_m_e_175483.wav"}}}