{"version":"1.0","dataSet":{"info":{"date":"20230116","occupation":"MM","channel":"MOCK","place":"ONLINE","gender":"MALE","ageRange":"35-44","experience":"EXPERIENCED"},"question":{"raw":{"text":"일을 하다 보면 협업을 하는 경우가 종종 발생하는데요 지원자님께서 사람들과 협업을 하면서 가장 어려웠던 부분이 있었다면 어떠한 부분이었는지 설명을 해 주시고 또한 어떻게 극복했는지도 함께 설명해 주시기 바랍니다","wordCount":28},"emotion":[],"intent":[]},"answer":{"raw":{"text":"타 부서 또는 다른 사람들과 협업할 때 가장 어려운 점은 어떤 프레임에 갇혀져 있는 사람들과 일할 때입니다. 특히 부정적인 시각 회의적인 시각을 가진 사람들과 협업을 할 때는 아무리 좋은 얘기를 하고 좋은 내용을 얘기해도 그들은 부정적으로 바라볼 뿐입니다. 왜냐하면 사람들은 누구나 다 타성에 젖어서 현재 본인이 하고 있는 업무 본인이 하고 있는 일만 할려고 하는 경향이 많이 큽니다. 특히나 직장 생활을 오래 한 사람들이 고인물이 되듯이 그런 사람들과 협업할 때는 나는 이것만 하면 돼 이걸 굳이 왜 해야 돼 이렇게 한다고 뭐가 달라지겠어 라고 하는 부정적인 시각을 갖고 있는데요. 이런 사람들을 이해시키는 데는 굉장히 오랜 시간이 걸렸습니다. 그럴 때 이런 사람들에게 가장 좋은 효과적인 방법은 첫 번째 보상안을 제시하는 겁니다. 여러분들이 하는 이런 프로젝트 이런 일에 의해서 여러분들은 이런 보상을 받게 될 것이고 여러분들이 성과를 내면 여러분의 연봉 및 혜택은 이렇게 돌아갈 것입니다 라고 먼저 제시를 하고 두 번째 제가 먼저 솔선수범 함으로써 그들이 따라올 수 밖에 없게끔 보여주고 제가 이렇게 이렇게 함으로써 이런 결과가 나왔습니다. 그러니 여러분들도 믿고 따라와 주십시오 라고 했을 때 사람들은 조금씩 움직이기 시작했습니다. 무조건 함께 하자가 아니라 함께 할 수 밖에 없는 이유를 만들어야 됩니다.","wordCount":180},"emotion":[],"intent":[{"text":"","expression":"","category":"attitude"}],"summary":{"text":"타 부서 또는 다른 사람들과 협업할 때 회의적인 시각을 가진 사람들은 무조건 함께 하자가 아니라 함께 할 수 밖에 없는 이유를 만들어야 합니다. 그 이유는 본인이 하고 있는 업무만 할려고 하는 경향이 크기 때문이고, 이런 사람들을 이해시키는데 가장 좋은 방법은 보상안을 제시하는 것입니다.","wordCount":43}}},"rawDataInfo":{"question":{"fileFormat":"wav","fileSize":596558,"duration":18640,"samplingBit":16,"channelCount":1,"samplingRate":"16kHz","audioPath":"/Mock/07.ProductionManufacturing/Male/Experienced/ckmk_q_mm_m_e_164960.wav"},"answer":{"fileFormat":"wav","fileSize":2851278,"duration":89100,"samplingBit":16,"channelCount":1,"samplingRate":"16kHz","audioPath":"/Mock/07.ProductionManufacturing/Male/Experienced/ckmk_a_mm_m_e_164960.wav"}}}