{"version":"1.0","dataSet":{"info":{"date":"20230116","occupation":"MM","channel":"MOCK","place":"ONLINE","gender":"MALE","ageRange":"55-","experience":"EXPERIENCED"},"question":{"raw":{"text":"지원자님께서는 본인만의 커뮤니케이션에 관한 스킬이 있으실까요 있으시다면 한번 소개 부탁드리겠습니다 직접 보여주셔도 좋습니다","wordCount":13},"emotion":[],"intent":[]},"answer":{"raw":{"text":"모든 인간 사회나 어 회사 생활이나 어 커뮤니케이션이 굉장히 중요하다고 봅니다. 그래서 어 저는 항상 커뮤니케이션을 할려고 노력을 하고 있구요. 개인 대 개인의 커뮤니케이션이 굉장히 중요하다고 생각을 합니다. 어 그래서 어 일 대 일로 어 마음을 열고 어 서로 대화하는 중에 에 열릴 수도 있는데요. 어 그런 열림은 어 나의 진실성이라고 생각을 합니다. 어 진실만을 말하고 또 겸손한 자세로 어 상대방의 마음을 읽고 어 하게 되면 어 굉장히 커뮤니이 어 케이션이 잘 된 경우도 에 있고요. 어 또는 어 저하고 소통 커뮤니 케이션이 안 되게 되면 또 우회적으로 직장 상사나 또 어 일반적인 우리 동료들에게 요청을 해서 어 또 그런 어려운 문제라든가 또 소통 이런 커뮤니케이션을 이룬다고 생각을 하고 있기 때문에 에 이게 어 최선을 다하는 방법을 찾아야겠죠.","wordCount":118},"emotion":[],"intent":[{"text":"","expression":"","category":"attitude"}],"summary":{"text":"인간 사회나 회사 생활이나 커뮤니케이션은 굉장히 중요하기 때문에 항상 커뮤니케이션을 하려고 노력하고 있습니다. 진실만을 말하고 겸손한 자세로 상대방의 마음을 읽으면 커뮤니케이션이 잘 된 경우가 있고, 안 될 경우 우회적으로 요청을 해서 소통하는 방법을 찾아야 합니다.","wordCount":35}}},"rawDataInfo":{"question":{"fileFormat":"wav","fileSize":479438,"duration":14980,"samplingBit":16,"channelCount":1,"samplingRate":"16kHz","audioPath":"/Mock/07.ProductionManufacturing/Male/Experienced/ckmk_q_mm_m_e_185679.wav"},"answer":{"fileFormat":"wav","fileSize":2881678,"duration":90050,"samplingBit":16,"channelCount":1,"samplingRate":"16kHz","audioPath":"/Mock/07.ProductionManufacturing/Male/Experienced/ckmk_a_mm_m_e_185679.wav"}}}