{"version":"1.0","dataSet":{"info":{"date":"20230116","occupation":"MM","channel":"MOCK","place":"ONLINE","gender":"MALE","ageRange":"55-","experience":"EXPERIENCED"},"question":{"raw":{"text":"리스크 어세스먼트에 대해서 설명해 주시겠습니까","wordCount":5},"emotion":[],"intent":[]},"answer":{"raw":{"text":"물론 네 알죠. 위험성 평가 네 그런 뭐 사업장 이렇게 모든 일하는 현장 사업장에 이제 그 안전 안전하기 위해 근로자의 안전을 위해서 그 부분에 대한 평가를 먼저 시행을 하는 그런 거고 어떻게 활용 활용이요. 활용 그냥 이 이 시험 이 평가를 진행을 하는 것 자체가 모든 그 사업 수행도 그렇고 그까 사업 자체도 그렇고 이 사업과 관련된 모든 사람들을 위해서도 그렇고 네 안전함 어 안전하게 될 수 있음이 보장이 되는 거니까. 그 보장을 따내는 게 곧 이 사업에 진행을 가능하게 하는 거고 많은 사람들에 일자리 창출 그니까 수입 창출이 되는 거니까. 그것 자체가 활용이라고 말을 할 수 있지 않을까요. 제가 잘못 이해한 걸까요. 저는 그냥 그렇게 생각을 합니다.","wordCount":108},"emotion":[],"intent":[{"text":"","expression":"","category":"attitude"}],"summary":{"text":"모든 사업장에서 근로자의 안전을 위해 위험성 평가를 먼저 시행한 후 이를 활용해야 합니다. 평가를 진행하는 것 자체가 안전과 관련된 모든 사람에게 안전함을 보장할 수 있기 때문입니다. 그 보장이 사업 진행을 가능하게 하고 일자리 창출로 이어집니다.","wordCount":35}}},"rawDataInfo":{"question":{"fileFormat":"wav","fileSize":212558,"duration":6640,"samplingBit":16,"channelCount":1,"samplingRate":"16kHz","audioPath":"/Mock/07.ProductionManufacturing/Male/Experienced/ckmk_q_mm_m_e_189937.wav"},"answer":{"fileFormat":"wav","fileSize":2834958,"duration":88590,"samplingBit":16,"channelCount":1,"samplingRate":"16kHz","audioPath":"/Mock/07.ProductionManufacturing/Male/Experienced/ckmk_a_mm_m_e_189937.wav"}}}