{"version":"1.0","dataSet":{"info":{"date":"20230116","occupation":"MM","channel":"MOCK","place":"ONLINE","gender":"MALE","ageRange":"55-","experience":"EXPERIENCED"},"question":{"raw":{"text":"네 지원자님께서는 팀장에 더 잘 맞다고 생각하시는지 아니면 팀원에 더 잘 맞다고 생각하시는지 말씀해 주시겠습니까 어 그렇게 하시는 이유도 함께 설명해 주시면 좋겠습니다","wordCount":23},"emotion":[],"intent":[]},"answer":{"raw":{"text":"어 회사에 들어가게 되면 항상 어 팀원이 되기 보다는 어 팀장에 에 도전하는 그런 정신을 가져야 되겠죠. 그래서 저는 음 어 들어가게 되면 열심히 일해서 어 팀장이 되고 싶은데요. 제 지금 음 생각은 어 팀원보다는 팀장에 더 잘 맞을 것 같습니다. 어 사회 활동 어 또 기타 등등을 보면 어 제가 회장도 했었고 어 또 리더자로서의 역활을 중점적으로 했었기 때문에 에 팀원보다는 에 팀장이 맞는 것 같구요. 어 제 그 역량이 어 충분히 발휘 된다면 아마 팀장에도 어 회사에서 인정을 해주지 않을까 싶습니다. 어 저는 어 묵묵히 일하는 것보다는 어 팀을 이끌어서 프로젝트를 성공하는 그런 꿈이 있습니다. 그래서 항상 팀장에 걸맞는 그런 행동들을 하고 있구요. 어 공부도 팀장에 걸맞는 공부를 해야 된다고 생각을 합니다.","wordCount":114},"emotion":[],"intent":[{"text":"","expression":"","category":"attitude"}],"summary":{"text":"저는 회장도 했고 리더로서의 역할을 중점적으로 했기 때문에 팀원보다는 팀장이 잘 맞을 것 같습니다. 열심히 일해서 팀장이 되고 싶으며 공부도 팀장에 맞는 공부를 해야 된다고 생각을 합니다.","wordCount":27}}},"rawDataInfo":{"question":{"fileFormat":"wav","fileSize":589838,"duration":18430,"samplingBit":16,"channelCount":1,"samplingRate":"16kHz","audioPath":"/Mock/07.ProductionManufacturing/Male/Experienced/ckmk_q_mm_m_e_186782.wav"},"answer":{"fileFormat":"wav","fileSize":2893198,"duration":90410,"samplingBit":16,"channelCount":1,"samplingRate":"16kHz","audioPath":"/Mock/07.ProductionManufacturing/Male/Experienced/ckmk_a_mm_m_e_186782.wav"}}}