{"version":"1.0","dataSet":{"info":{"date":"20230116","occupation":"MM","channel":"MOCK","place":"ONLINE","gender":"MALE","ageRange":"55-","experience":"EXPERIENCED"},"question":{"raw":{"text":"지원자께서 우리 회사에 입사하셔서 근무를 하다 보면 지방 근무를 할 수 있습니다 그럴 경우 할 수 있으신지 말씀해 보십시오","wordCount":19},"emotion":[],"intent":[]},"answer":{"raw":{"text":"회사는 음 항상 어 지방에 에 공장이 많이 있습니다. 회사는 본사가 어 서울에 많이 있고요. 그다 보면 어 지방에 에 근무를 하게 될 수도 있습니다. 저는 지방에 내려가서 어 근무하는 것도 가능하고요. 어 또 재미로 알고 할 수 있겠습니다. 어 회사가 어 지방에 굉장히 많다는 것은 굉장히 에 고무적이라 할 수 있습니다. 음 그만큼 회사가 성장하고 발전할 수 있는 어 되약에 어 에 그 에 기본 틀이 이 공장이기 때문에 공장을 많이 있다는 것은 굉장히 음 성과를 또 또 크게 낼 수 있는 회사가 아 된다는 것이기 때문에 저는 지방 근무를 어 무조건 할 계획이고요. 또는 지방 근무를 하면서도 여행을 좋아하기 때문에 거기에 또 가 가지고 또 스트레스 안 받는 또 여행을 즐기면서 일도 열심히 할 수 있을 거라고 생각을 합니다.","wordCount":121},"emotion":[],"intent":[{"text":"","expression":"","category":"attitude"}],"summary":{"text":"공장을 많이 가진 회사는 성과를 크게 낼 수 있는 회사라고 생각하기 때문에 지방 근무를 무조건 할 계획입니다. 지방 근무를 하면서도 여행을 좋아하므로 스트레스를 안 받고 일을 열심히 할 수 있을 것이라 생각합니다.","wordCount":32}}},"rawDataInfo":{"question":{"fileFormat":"wav","fileSize":387278,"duration":12100,"samplingBit":16,"channelCount":1,"samplingRate":"16kHz","audioPath":"/Mock/07.ProductionManufacturing/Male/Experienced/ckmk_q_mm_m_e_185756.wav"},"answer":{"fileFormat":"wav","fileSize":2828878,"duration":88400,"samplingBit":16,"channelCount":1,"samplingRate":"16kHz","audioPath":"/Mock/07.ProductionManufacturing/Male/Experienced/ckmk_a_mm_m_e_185756.wav"}}}