{"version":"1.0","dataSet":{"info":{"date":"20230116","occupation":"MM","channel":"MOCK","place":"ONLINE","gender":"MALE","ageRange":"55-","experience":"EXPERIENCED"},"question":{"raw":{"text":"귀하께서 다룰 수 있는 프로그램은 무엇이며 그것을 어느 수준으로 사용할 수 있습니까","wordCount":12},"emotion":[],"intent":[]},"answer":{"raw":{"text":"제가 어 어 살면서 어 뭐 프로그램을 어 많이 접하게 되고 우리가 또 그 프로그램 속에서 어 일이 이루어지는 것 같습니다. 어 프로그램이라는 것은 어 컴퓨터를 이용하는 거기 때문에 요즘은 컴퓨터를 컴퓨터가 없어서는 안 될 존재가 돼버렸습니다. 그래서 기계 위에서 움직이기는 합니다마는 굉장히 프로그램이란 자체가 어 우리한테 도움을 주는 게 예 너무 많습니다. 어 저는 프로그램을 엑셀 프로그램을 에 많이 하고 있습니다. 수차 계산이라든가 이런 부분이 굉장히 정확하고 신속하기 때문에 이 엑셀 이 프로그램을 어 너무 또 좋아하고 또 거기에 또 프로그램을 잘 다룹니다. 그래서 어 어느 수준이라고 말씀드리기는 어렵습니다 마는 그게 남에게 뒤처지지 않는 어 수준에 에 프로그램을 엑셀 프로그램을 다루고 있다 라고 말씀 드릴 수 있겠습니다.","wordCount":108},"emotion":[],"intent":[{"text":"","expression":"","category":"attitude"}],"summary":{"text":"프로그램은 우리한테 많은 도움을 줍니다. 컴퓨터를 이용하는 프로그램 중 엑셀이 가장 좋아합니다. 수차 계산과 같은 부분이 굉장히 정확하고 신속하기 때문에 남보다 뒤처지지 않는 수준에 엑셀 프로그램을 다루고 있습니다.","wordCount":28}}},"rawDataInfo":{"question":{"fileFormat":"wav","fileSize":320078,"duration":10000,"samplingBit":16,"channelCount":1,"samplingRate":"16kHz","audioPath":"/Mock/07.ProductionManufacturing/Male/Experienced/ckmk_q_mm_m_e_200156.wav"},"answer":{"fileFormat":"wav","fileSize":2807118,"duration":87720,"samplingBit":16,"channelCount":1,"samplingRate":"16kHz","audioPath":"/Mock/07.ProductionManufacturing/Male/Experienced/ckmk_a_mm_m_e_200156.wav"}}}