{"version":"1.0","dataSet":{"info":{"date":"20230116","occupation":"MM","channel":"MOCK","place":"ONLINE","gender":"MALE","ageRange":"35-44","experience":"EXPERIENCED"},"question":{"raw":{"text":"네 지금 공부하고 있는 분야는 무엇인가요 어 그리고 어 왜 그것을 공부하는지 또 그 공부를 통해서 지금까지 무엇을 배웠는지도 함께 말씀해 주시면 좋겠습니다","wordCount":23},"emotion":[],"intent":[]},"answer":{"raw":{"text":"빅 데이터와 인공지능 딥 러닝 머신 러닝 자율 주행 같은 것에 대해서 요즘 많이 공부를 하고 있습니다. 이유는 요즘 구글링이라든가 스크롤링 같은 거를 하다 보면 반드시 필요한 게 빅 데이터고 빅 데이터를 운영하기 위해선 파이선이라고 하는 프로그램도 좀 알아야 합니다. 그리고 요즘 온라인 마케팅이나 디지털 마케팅을 하다 보면 가장 필요한 것이 키워드와 최적화라는 것인데 이런 것 또한 빅 데이터 기반으로 만들어져 있습니다. 앞으로는 우리가 말하는 그냥 인력으로 모든 것을 해결할 수가 없고 프로그래밍 또는 인공지능이 우리의 삶을 완벽하게 대체할 것입니다. 벌써 삼 년 전부터 일 인 무인 카페가 등장하여 일 인 로봇이 결제부터 커피를 만들고 서빙하는 것까지 모든 것을 완벽하게 하는 시스템으로 되어 있습니다. 최근에는 일반 커피가 아니라 라떼부터 음료수까지 완벽하게 만드는데 맛을 본 사람들은 블라인드 테스트에서 전혀 바리스타가 만든 것과 구분을 못한다고 합니다. 즉 다시 얘기하면 이제는 인력이 아니라 그 소프트웨어 이 인공지능을 운영할 수 있는 사람의 능력이 필요하기 때문에 저 역시 오 년 후 십 년 후에 도태되지 않기 위해서 지속적으로 빅 데이터와 구글 딥러닝 바이두에 대한 시스템을 익히려고 하고 있습니다.","wordCount":163},"emotion":[],"intent":[{"text":"","expression":"","category":"attitude"}],"summary":{"text":"앞으로 인공지능이 우리의 삶을 완벽하게 대체할 것이므로 인공지능을 운영할 수 있는 사람의 능력이 필요하기 때문에 저 역시 지속적으로 빅 데이터와 구글 딥러닝 바이두에 대한 시스템을 익히려고 하고 있습니다.","wordCount":28}}},"rawDataInfo":{"question":{"fileFormat":"wav","fileSize":501838,"duration":15680,"samplingBit":16,"channelCount":1,"samplingRate":"16kHz","audioPath":"/Mock/07.ProductionManufacturing/Male/Experienced/ckmk_q_mm_m_e_167077.wav"},"answer":{"fileFormat":"wav","fileSize":2720078,"duration":85000,"samplingBit":16,"channelCount":1,"samplingRate":"16kHz","audioPath":"/Mock/07.ProductionManufacturing/Male/Experienced/ckmk_a_mm_m_e_167077.wav"}}}