{"version":"1.0","dataSet":{"info":{"date":"20230116","occupation":"MM","channel":"MOCK","place":"ONLINE","gender":"MALE","ageRange":"-34","experience":"EXPERIENCED"},"question":{"raw":{"text":"지원자 분께서는 지금까지 여러 경험이 있으셨을 텐데요 고장 난 기계나 장비 등을 성공적으로 교체해 본 경험에 대해 말씀해 주시겠습니까","wordCount":19},"emotion":[],"intent":[]},"answer":{"raw":{"text":"저희 어렸을 때는 친구들끼리 모여서 컴퓨터 게임 하는 것을 굉장히 좋아했었습니다. 게임 씨디를 돌려가면서 이번에는 이 게임 저번에는 저 게임 이 게임 다 있으면 이번에는 이 게임 그렇게 게임을 돌아가면서 하는 것이 저희 초등학교 때는 그런 것이 유일한 낙이였습니다. 그런데 저희 집에서 조금 멀리 사는 친구가 컴퓨터가 고장났다고 컴퓨터 게임을 못하고 있다고 얘기를 하는 것이었습니다. 그래서 저는 그 친구 집에 놀러가서 그 고장 난 고장 난 컴퓨터를 고쳐주기 위해서 그 친구의 집으로 놀러 갔었습니다. 그리고 나서 컴퓨터를 살펴보는데 고장의 원인이 되는 어떤 불법적인 프로그램이 있었다는 것을 제가 발견하게 되었습니다. 그래서 그 불법 되는 불법적인 오류를 일으키는 프로그램을 삭제를 하고 컴퓨터가 무사히 작동되도록 더 필요한 조치들을 취해 줬었습니다. 그렇게 하고 나니 컴퓨터가 작동이 되어서 그 친구와 저는 게임을 재미있게 즐길 수 있었던 저의 어린 시절 기억입니다.","wordCount":125},"emotion":[],"intent":[{"text":"","expression":"","category":"attitude"}],"summary":{"text":"컴퓨터가 고장났다며 고장 난 컴퓨터를 고쳐주기 위해 집에 가보니 고장의 원인이 되는 불법 프로그램이 있었습니다. 그래서 그 불법 프로그램을 삭제하고 컴퓨터가 작동되도록 더 필요한 조치들을 취해 주었더니 그 친구와 제가 게임을 재미있게 즐길 수 있었던 어린 시절 기억입니다.","wordCount":38}}},"rawDataInfo":{"question":{"fileFormat":"wav","fileSize":485198,"duration":15160,"samplingBit":16,"channelCount":1,"samplingRate":"16kHz","audioPath":"/Mock/07.ProductionManufacturing/Male/Experienced/ckmk_q_mm_m_e_205097.wav"},"answer":{"fileFormat":"wav","fileSize":2772878,"duration":86650,"samplingBit":16,"channelCount":1,"samplingRate":"16kHz","audioPath":"/Mock/07.ProductionManufacturing/Male/Experienced/ckmk_a_mm_m_e_205097.wav"}}}