{"version":"1.0","dataSet":{"info":{"date":"20230116","occupation":"MM","channel":"MOCK","place":"ONLINE","gender":"MALE","ageRange":"35-44","experience":"EXPERIENCED"},"question":{"raw":{"text":"지원자님께서 우리 회사에 입사하게 된다면 기존 업무와는 스타일이 많이 달라질 수도 있는데 지원자님께서는 다른 업무 스타일에 잘 적응하실 수 있을까요","wordCount":20},"emotion":[],"intent":[]},"answer":{"raw":{"text":"기존에 제가 가지고 있는 업무 스타일이 어떻게 완벽한 것은 아닐 수도 있습니다. 완벽한 것도 아니지만 제가 오랫동안 해 왔기 땜에 그 업무 스타일에 제가 익은 것이고 사람은 어딜 가나 그곳에 맞는 행동 양식을 따라야 됩니다. 로마에 가면 로마법을 따르라는 말이 말이 있듯이 지금 이 회사에 입사하면 이 회사에 맞는 업무 스타일을 맞추는 것이 당연하다고 생각합니다. 저만이 가지고 있는 업무 스타일이 어쩌면 저만의 프레임에서 갇혀서 헤어 나오지 못하거나 저만의 인식의 틀이 좁아진 걸 수 있어서 이 회사의 스타일이 저에게 또 다른 기회가 되고 전화위박이라고 저에게 더 맞는 일이 될 수도 있고 그것으로 인하여 더 많은 성과를 낼 수 있기 때문에 저는 스타일의 변경은 전혀 문제가 되지 않습니다. 그리고 혹여 스타일이 완전히 다르다고 하더라도 저는 육 개월에서 일 년 동안은 그 회사의 업무 스타일에 맞춰서 한 번 최선을 다해 보겠습니다. 그렇게 일 이 년을 했는데도 그 스타일과 전혀 맞지 않는다면 저만의 업무 방식으로 바꾸거나 아니면 보직 전환을 하거나 퇴사를 과감하게 결심하겠습니다.","wordCount":149},"emotion":[],"intent":[{"text":"","expression":"","category":"attitude"}],"summary":{"text":"업무 스타일이 완벽한 것은 아니지만 오랫동안 해 왔기 때문에 이 회사에 입사하면 그 회사에 맞는 업무 스타일을 맞추는 것이 당연하다고 생각합니다. 스타일 변경은 전혀 문제가 되지 않으며 스타일과 맞지 않는다면 저만의 업무 방식으로 바꾸거나 보직 전환을 하거나 퇴사를 과감하게 결심하겠습니다.","wordCount":40}}},"rawDataInfo":{"question":{"fileFormat":"wav","fileSize":434318,"duration":13570,"samplingBit":16,"channelCount":1,"samplingRate":"16kHz","audioPath":"/Mock/07.ProductionManufacturing/Male/Experienced/ckmk_q_mm_m_e_182380.wav"},"answer":{"fileFormat":"wav","fileSize":2229838,"duration":69680,"samplingBit":16,"channelCount":1,"samplingRate":"16kHz","audioPath":"/Mock/07.ProductionManufacturing/Male/Experienced/ckmk_a_mm_m_e_182380.wav"}}}