{"version":"1.0","dataSet":{"info":{"date":"20230116","occupation":"MM","channel":"MOCK","place":"ONLINE","gender":"MALE","ageRange":"55-","experience":"EXPERIENCED"},"question":{"raw":{"text":"아 지원자님께서는 회사의 덕목이 무엇이라고 생각하시는지요 어 어떤 회사가 좋은 회사라고 생각하시는지 평소에 생각하신 바가 있다면 한번 말씀해 주시겠습니까","wordCount":19},"emotion":[],"intent":[]},"answer":{"raw":{"text":"회사 덕목이라 아니 저는 개인적으로 이렇습니다. 회사가 잘 되고 돈을 잘 벌어야지만이 에 이 덜목도 생긴 거라고 생각을 하고 있구요. 어 회사가 돈을 벌지 못하고 덕목만 어 생각을 하고 어 하면은 어 항상 음 도태되는 그런 현상들이 많이 있습니다. 그래서 회사의 덕목은 어 돈도 많이 벌고 거기에 따라서 어 또 세금도 잘 내는 그런 회사여야 되고요. 여기에 따라서 또 어 직원들에게 어 이런 그 복지 시설이라든가 이런 부분을 잘 해줘야 될 것이구요. 그러면 또 이에 따르는 또 사회 환원 이런 게 많이 필요하다고 생각을 합니다. 그 좋은 회사가 아 될려면 음 이런 삼 박자가 고루 맞아야 되지 않을까 생각을 해서요. 어 오너에 굉장히 그 마인드가 중요하다 항상 어 만약에 에 그 돈도 많이 벌어서 사회 환원을 하려는 그런 의지가 필요하다고 생각을 하고 있습니다.","wordCount":123},"emotion":[],"intent":[{"text":"","expression":"","category":"attitude"}],"summary":{"text":"회사가 잘 되고 돈을 잘 벌어야만 덕목도 생긴다고 생각합니다. 회사의 덕목은 돈 많이 벌고 세금 잘 내는 것, 복지 시설과 복지를 잘 해주는 것, 사회 환원이 있어야 합니다. 좋은 회사가 되기 위해서는 오너의 마인드가 중요합니다.","wordCount":35}}},"rawDataInfo":{"question":{"fileFormat":"wav","fileSize":481358,"duration":15040,"samplingBit":16,"channelCount":1,"samplingRate":"16kHz","audioPath":"/Mock/07.ProductionManufacturing/Male/Experienced/ckmk_q_mm_m_e_185986.wav"},"answer":{"fileFormat":"wav","fileSize":2882318,"duration":90070,"samplingBit":16,"channelCount":1,"samplingRate":"16kHz","audioPath":"/Mock/07.ProductionManufacturing/Male/Experienced/ckmk_a_mm_m_e_185986.wav"}}}