{"version":"1.0","dataSet":{"info":{"date":"20230116","occupation":"MM","channel":"MOCK","place":"ONLINE","gender":"MALE","ageRange":"35-44","experience":"EXPERIENCED"},"question":{"raw":{"text":"과거 그동안 속해 있었던 조직이나 단체 속에서 지원자님은 주로 어떤 역할을 하는 사람이었나요 어떤 역할을 하는 사람인지 설명해 주세요","wordCount":19},"emotion":[],"intent":[]},"answer":{"raw":{"text":"제가 있던 조직이나 단체 속에서 저는 항상 리더 또는 프로젝트 매니저 역할을 했습니다. 왜냐하면 저는 어떤 문제가 발생했을 때 또는 문제가 주어질 때 남들보다 빠른 추진력과 의사결정 능력으로 정답을 빠르게 찾아나가는 경향이 있습니다. 이 정답이 최선은 아니더라도 차선으로서 어떻게 이 문제를 빠르게 극복하고 구성원들에게 좋은 답안지를 제공할 수 있을지를 번뜩이는 아이디어로 진행을 하게 됩니다. 그런 리더적인 마인드는 아무에게나 나오는 것이 아니며 리더의 성향이 강한 사람은 팔로워 보다는 리더를 하는 것이 옳고 그 리더가 되었을 때 최적의 효과와 시너지를 낼 수 있다고 생각합니다.","wordCount":82},"emotion":[],"intent":[{"text":"","expression":"","category":"attitude"}],"summary":{"text":"저는 어떤 문제가 발생했을 때 빠른 추진력과 의사결정 능력으로 정답을 빠르게 찾아나가는 경향이 있습니다. 리더적인 마인드는 아무에게나 나오는 것이 아니며, 리더가 되었을 때 최적의 효과와 시너지를 낼 수 있다고 생각합니다.","wordCount":30}}},"rawDataInfo":{"question":{"fileFormat":"wav","fileSize":391758,"duration":12240,"samplingBit":16,"channelCount":1,"samplingRate":"16kHz","audioPath":"/Mock/07.ProductionManufacturing/Male/Experienced/ckmk_q_mm_m_e_177167.wav"},"answer":{"fileFormat":"wav","fileSize":1550158,"duration":48440,"samplingBit":16,"channelCount":1,"samplingRate":"16kHz","audioPath":"/Mock/07.ProductionManufacturing/Male/Experienced/ckmk_a_mm_m_e_177167.wav"}}}