{"version":"1.0","dataSet":{"info":{"date":"20230116","occupation":"MM","channel":"MOCK","place":"ONLINE","gender":"MALE","ageRange":"55-","experience":"EXPERIENCED"},"question":{"raw":{"text":"엔지니어란 무엇이라고 생각하십니까","wordCount":3},"emotion":[],"intent":[]},"answer":{"raw":{"text":"어 엔지니어는 어 항상 기계 전 품목 건축 관계 기술 자리 엔젠이라고 생각을 합니다. 회사가 어 어차피 에 회사의 중추적인 역할을 하는 분들이고 이고 엔지니어가 없으면 회사는 어 운영이 안 됩니다. 그래서 엔지니어가 어 되기 위해서는 어 기본적인 대학교 어 어 에 전문 분야들 어 필수적으로 졸업을 해야 되고요. 어 그 다음에 에 그 에 따르는 어 자격증 이런 부분이 필수적이기 때문에 일단은 뭐 엔지니어가 아 뭐 어 회사의 중추적인 역할을 어 하는 분들이기 때문에 어 회사에서는 없어서는 안 될 어 그런 분이고 저는 맹실을 하고 싶습니다. 어 거기에 따르는 또 성실함 음 이 노트를 해야 그 열심히 하는 그런 것 도 있어야지만이 정말 올바른 엔 엔지니어가 되지 않을까 라는 생각을 해 봤습니다.","wordCount":113},"emotion":[],"intent":[{"text":"","expression":"","category":"attitude"}],"summary":{"text":"회사의 중추역할을 하는 엔지니어가 없으면 회사 운영이 안되므로 엔지니어가 되기 위해서는 전문분야를 필수적으로 졸업해야 하고, 자격증도 필수적이기 때문에 저는 맹실을 하고 싶습니다. 성실함도 있어야지만 올바른 엔지니어가 될 것이라 생각합니다.","wordCount":29}}},"rawDataInfo":{"question":{"fileFormat":"wav","fileSize":225358,"duration":7040,"samplingBit":16,"channelCount":1,"samplingRate":"16kHz","audioPath":"/Mock/07.ProductionManufacturing/Male/Experienced/ckmk_q_mm_m_e_184162.wav"},"answer":{"fileFormat":"wav","fileSize":2827278,"duration":88350,"samplingBit":16,"channelCount":1,"samplingRate":"16kHz","audioPath":"/Mock/07.ProductionManufacturing/Male/Experienced/ckmk_a_mm_m_e_184162.wav"}}}