{"version":"1.0","dataSet":{"info":{"date":"20230116","occupation":"MM","channel":"MOCK","place":"ONLINE","gender":"MALE","ageRange":"35-44","experience":"EXPERIENCED"},"question":{"raw":{"text":"다음 질문입니다 만약 지원자님이 직무에 맞지 않는 일을 하게 되신다면 어떻게 대처하시겠습니까 그렇게 진행이 돼도 괜찮으실까요","wordCount":16},"emotion":[],"intent":[]},"answer":{"raw":{"text":"회사에서 언제나 제가 하고 싶은 일만 할 수는 없습니다. 여기는 학교도 아니고 학원도 아니고 회사에서 월급을 받는 직장인으로서 하달되는 업무에 대해서는 어느 정도 성과를 보여야 된다고 생각합니다. 저의 직무에 맞는 일만 하다 보면 제 적성을 잘 살릴 수 있을 것 같지만 실제적으로 그렇게 하고 싶은 일 하던 일만 계속 하다보면 오 년 이상 그렇게 전문가가 된 후에는 거의 고인물이 되거나 자신만의 프레임에 갇히는 경우를 너무 많이 경험했습니다. 즉 다시 말해서 우리는 하고 싶은 일이 아니고 내가 관심 없었던 일도 회사에 꼭 필요한 일이거나 회사에 도움이 되는 일이라면 한 번쯤은 배워보는 것도 필요하다고 생각합니다. 왜냐하면 회사의 모든 업무는 하나의 유기적인 물체처럼 움직이기 때문에 그 유기적인 물체를 움직이기 위해선 각각 부서에서 필요한 업무들이 있습니다. 그 필요한 업무에 제가 많은 비중을 차지하지 않더라도 그 일을 하면서 회사의 업무가 어떻게 돌아가는지 전반적인 파악이 될 것 같습니다. 추후에 제가 부서장으로 진급을 하여 어떤 업무를 통합하거나 프로젝트를 할 때도 제가 원하지 않던 일을 함으로써 저의 인식의 틀을 넓히고 업무의 틀을 넓혀서 추후에 시너지를 낼 수 있는 또 하나의 자원이 될 것이라고 생각합니다.","wordCount":166},"emotion":[],"intent":[{"text":"","expression":"","category":"attitude"}],"summary":{"text":"회사에서 월급 받는 직장인으로서 하달되는 업무에 대해서는 어느 정도 성과를 보여야 한다고 생각합니다. 회사에서 꼭 필요한 일이거나 회사에 도움이 되는 일이라면 한 번쯤은 배워보는 것도 필요한데, 추후에 부서장으로 진급을 하여 어떤 업무를 통합하거나 프로젝트를 할 때도 원하지 않던 일을 함으로써 추후에 시너지를 낼 수 있는 또 하나의 자원이 될 것입니다.","wordCount":50}}},"rawDataInfo":{"question":{"fileFormat":"wav","fileSize":490318,"duration":15320,"samplingBit":16,"channelCount":1,"samplingRate":"16kHz","audioPath":"/Mock/07.ProductionManufacturing/Male/Experienced/ckmk_q_mm_m_e_164798.wav"},"answer":{"fileFormat":"wav","fileSize":2677198,"duration":83660,"samplingBit":16,"channelCount":1,"samplingRate":"16kHz","audioPath":"/Mock/07.ProductionManufacturing/Male/Experienced/ckmk_a_mm_m_e_164798.wav"}}}