{"version":"1.0","dataSet":{"info":{"date":"20230116","occupation":"MM","channel":"MOCK","place":"ONLINE","gender":"MALE","ageRange":"35-44","experience":"EXPERIENCED"},"question":{"raw":{"text":"지원자님이 생각하실 때 자신에게 단점이 있다고 생각을 하십니까 만약 자신의 단점이 있다면 그것이 무엇인지 말씀해 주시고 또한 그 단점을 보완하기 위해서 어떤 노력을 했는지도 말씀해 주세요","wordCount":26},"emotion":[],"intent":[]},"answer":{"raw":{"text":"저의 가장 큰 단점은 바로 포기가 너무 빠르다는 것입니다. 포기가 빠르기 때문에 좌절도 쉽게 합니다. 예를 들어서 어떤 업무를 했거나 어떤 운동을 하거나 도전을 했을 때 넘어지면 그건 실패가 아니라 그냥 또 하나의 경험일 뿐인데 그걸 실패로 간주하여 다시 일어나려고 한다거나 또다시 일어나서 어떤 걸 다시 도전하지 않습니다. 그게 어릴 때부터 너무 열악한 환경 너무 가난한 환경에 살아서 도전은 아무나 할 수 있는 것이 아니다 도전하고 다시 도전하면 나는 그땐 에너지를 잃을 것이다 라고 하는 무의식이나 잠재의식이 뿌리 박혀 있었던 것 같습니다. 저는 그래서 그 무의식이나 잠재의식을 없애기 위해서 시크릿이라고 하는 끌어 당김의 법칙에 대해서 공부를 많이 했고 그것을 실천했습니다. 성공한 사업가에 의하면 넘어지고 도전하는 것은 실패하는 것이 아니라 그냥 당신이 성공을 로 다가가기 위한 하나의 발걸음일 뿐이다 라는 말이 있습니다. 저는 실패할 때마다 그것을 제 써머리 노트나 일기장에 기록합니다. 그리고 그때 심정이 어땠고 어떻게 도전을 했고 어떤 결과 값이 나왔는지 그것이 하나하나 쌓일 때마다 데이터가 되었고 이제는 그게 십 년 치가 쌓여 빅데이터가 되어 어떻게 하면 무너지지 않는지 어떻게 하면 넘어지지 않는지 이렇게 넘어졌을 땐 어떻게 다시 조절하면 되는지에 대한 명확한 답을 찾았습니다.","wordCount":174},"emotion":[],"intent":[{"text":"","expression":"","category":"attitude"}],"summary":{"text":"저는 무의식이나 잠재의식을 없애기 위해 시크릿이라는 끌어 당김의 법칙에 대해 공부를 많이 했고 그것을 실천했습니다. 실패할 때마다 그것을 제 써머리 노트나 일기장에 기록하며 실패할때마다 빅데이터가 되어 어떻게 하면 무너지지 않는지 어떻게 하면 넘어지는 지 어떻게 조절하면 되는지에 대한 명확한 답을 찾았습니다.","wordCount":41}}},"rawDataInfo":{"question":{"fileFormat":"wav","fileSize":596558,"duration":18640,"samplingBit":16,"channelCount":1,"samplingRate":"16kHz","audioPath":"/Mock/07.ProductionManufacturing/Male/Experienced/ckmk_q_mm_m_e_191584.wav"},"answer":{"fileFormat":"wav","fileSize":2816078,"duration":88000,"samplingBit":16,"channelCount":1,"samplingRate":"16kHz","audioPath":"/Mock/07.ProductionManufacturing/Male/Experienced/ckmk_a_mm_m_e_191584.wav"}}}