{"version":"1.0","dataSet":{"info":{"date":"20230116","occupation":"RND","channel":"MOCK","place":"ONLINE","gender":"MALE","ageRange":"-34","experience":"NEW"},"question":{"raw":{"text":"이제 입사를 해서 선배를 만나게 될 텐데요 어떤 모습에 선배를 만나고 싶으신지 이유와 함께 설명해 주시기 바랍니다","wordCount":17},"emotion":[],"intent":[]},"answer":{"raw":{"text":"회사에서 만나는 선배는 다 선배죠. 그 입사 선배라든지 또 제 뒤에 들어오는 그 후배는 제가 또 선배가 될 것이고 어 저는 개인적으로 그 학연 지연 혈연 이런 관계로 어떤 조직이 운영되고 있는 거에 대해서 그렇게 옳다고 생각하지 않습니다. 그 이유는 모든 사람들이 다 개개인의 어떤 능력이라든지 관계를 갖고 있으나 그 조직 내에서 이러한 선후배 관계 학연 이런 것이 너무 이렇게 그 치우치다 보면은 실질적으로 더 기대했던 만큼 좋은 결과라기보다는 그쪽에 너무 치우치는 성향이 많아질 수 있기 때문에 조직이 어떠한 그런 올바른 길로 가는데 이게 악영향을 끼칠 수도 있다고 생각합니다. 그래서 저는 이 부분은 크게 개의치 않는데 저 또한 그 후배들한테 어떤 그런 그 욕먹지 않을 만큼은 최선을 다 할 것이고 또 반대로 제가 선배들한테 무엇을 원하고 바라고 그런 것도 지금 생각하고 있는 것은 없습니다. 하지만은 과거에 뭐 붕당 정치의 등등 이렇게 바라봤을 때 그것들이 국가 발전을 위해서 얼마나 도움이 되었는지 뭐 한 두 마디로 말하기 어렵지만은 결국에는 좋은 결과를 만들어내지 못한 것 같습니다. 그래서 저는 이런 관계의 형성이 그렇게 뭐 좋다고 생각하지는 않습니다.","wordCount":163},"emotion":[],"intent":[{"text":"","expression":"","category":"attitude"}],"summary":{"text":"학연 혈연 이런 관계로 어떤 조직이 운영되고 있는 거에 대해 그렇게 옳다고 생각하지 않습니다. 조직 내에서 선후배 관계 학연 이런 것이 너무 치우치다 보면은 실질적으로 더 기대했던 만큼 좋은 결과라기보다는 이쪽에 너무 치우치는 성향이 많아질 수 있기 때문에 제가 크게 개의치 않고 후배들에게 욕을 하지 않을 만큼은 최선을 다 할 것입니다.","wordCount":51}}},"rawDataInfo":{"question":{"fileFormat":"wav","fileSize":367118,"duration":11470,"samplingBit":16,"channelCount":1,"samplingRate":"16kHz","audioPath":"/Mock/04.RND/Male/New/ckmk_q_rnd_m_n_294752.wav"},"answer":{"fileFormat":"wav","fileSize":3000398,"duration":93760,"samplingBit":16,"channelCount":1,"samplingRate":"16kHz","audioPath":"/Mock/04.RND/Male/New/ckmk_a_rnd_m_n_294752.wav"}}}