{"version":"1.0","dataSet":{"info":{"date":"20230116","occupation":"RND","channel":"MOCK","place":"ONLINE","gender":"MALE","ageRange":"55-","experience":"NEW"},"question":{"raw":{"text":"업무를 수행하다 보면 여러 가지 상황이 발생하기도 합니다 그중에서 분쟁이 발생할 때를 대비한 지원자님만의 어떤 대처법이 있으실까요 있다면 어떤 대처법이 있는지 말씀 부탁드립니다","wordCount":23},"emotion":[],"intent":[]},"answer":{"raw":{"text":"분쟁이 발생하게 되면 다들 아 큰소리로 막 이야기하고 시시비를 가리지 않습니까. 그래서 그때는 제가 이렇게 지금도 그게 뭐 어 불확실하지만 불만이 있다 억울하다 아니면 꼭 해야 되겠다 하 라고 말하고 싶은 사람들 번호를 정해놓고 다 자기가 하고 싶은 이야기를 뭐 방해하지 않고 끝까지 다 어 그 불만을 이야기하게 하면 좋겠다 그런 생각을 합니다. 그러면은 여러 사람이기 때문에 말하는 사람들의 그 불만들이 이래 공통점도 공동의 불만도 있고 분쟁이 발생된 원인도 한 사람이 아닌 몇 사람의 입에서 또 나오게 되고 자꾸 인제 이 자료가 데이터가 모아지는 것처럼 뭔가가 자꾸 모아지게 되고 그러면 당연히 자연스럽게 그 잡은 생길 수 있을 거라고 봅니다. 그런데 이렇게 할 수 있는 분위기를 조장하는 거 이게 굉장히 어렵더라고요. 이거는 어떤 어 의사 결정권을 가진 사람 아니면 나름 이제 저 병권을 가진 사람만이 할 수 있는 그런 방법입니다. 만약에 과거에는 이제 제가 그런 의사 결정과 이기도 하고 어 그래서 고걸 자알 들어보려고 노력을 엄청 했는데 제가 그 입장이다 보니까 그 본다는 자체가 상당히 고약이어서 못 했던 적이 있습니다. 그런데 그 방법이 참 좋은 방법이다 그런 생각이 듭니다.","wordCount":168},"emotion":[],"intent":[{"text":"","expression":"","category":"attitude"}],"summary":{"text":"분쟁 발생시 사람들이 불확실하지만 불만을 이야기 하게 하면 좋겠다는 생각을 합니다. 분쟁이 발생된 원인도 한 사람이 아닌 몇 사람의 입에서 나오고 그러면 자연스럽게 그 잡을 수 있을 것입니다. 그런데 이런 분위기 조장이 굉장히 어렵습니다. 의사 결정권을 가진 사람들만 할 수 있는 방법인데 참 좋은 방법입니다.","wordCount":45}}},"rawDataInfo":{"question":{"fileFormat":"wav","fileSize":611278,"duration":19100,"samplingBit":16,"channelCount":1,"samplingRate":"16kHz","audioPath":"/Mock/04.RND/Male/New/ckmk_q_rnd_m_n_246349.wav"},"answer":{"fileFormat":"wav","fileSize":3778638,"duration":118080,"samplingBit":16,"channelCount":1,"samplingRate":"16kHz","audioPath":"/Mock/04.RND/Male/New/ckmk_a_rnd_m_n_246349.wav"}}}