{"version":"1.0","dataSet":{"info":{"date":"20230116","occupation":"RND","channel":"MOCK","place":"ONLINE","gender":"MALE","ageRange":"-34","experience":"NEW"},"question":{"raw":{"text":"지원자님은 스트레스를 받으면 그 스트레스를 어떤 방법으로 해소하시는지 설명 부탁드립니다","wordCount":10},"emotion":[],"intent":[]},"answer":{"raw":{"text":"네. 스트레스는 이제 만병에 근원이라고 하죠. 저는 상대적으로 스트레스를 조금 덜 받는 그런 스타일입니다. 그 열심히 노력한 만큼 그 결과가 제 개인적으로 생각했던 기대치에 못 미쳤을 때 조금 아쉽고 슬프긴 하지만은 그렇게 크게 그것을 뭐 머리에 두고 오랫동안 슬퍼한다든지 그런 경우는 좀 아닌 것 같습니다. 그렇다고 제가 열심히 안 해서가 아니고 어차피 모든 일이 제 생각대로 다 될 수는 없기 때문에 또는 뭐 어떤 경쟁자와 같이 이렇게 경쟁을 했을 때 저보다 더 우수한 경쟁자가 더 좋은 방법으로 어 그 그 제안을 해서 그거 방안이 채택이 됐을 때 당연히 회사에 이익을 위해서는 뭐 그쪽으로 갈 수도 있고 등등 항상 가장 긍정적인 방법으로 생각하고 해석을 합니다. 물론 마음으로 불편한 것은 남아 있겠지만 그래서 그런 것들을 좀 긍정적으로 받아주는 게 첫 번째 그 저의 해소 방법이고 그다음에 그걸로 해결이 되지 않을 경우에는 저는 주로 인제 그 어 좀 빨리 걷기라든지 그러한 운동을 통해서 저 자신에 성찰의 시간을 갖습니다. 그래서 제가 어떤 부분을 잘못했는지 어떻게 하면 좀 더 좋은 결과를 나올 수 있는 것인지 또 앞으로 기회가 있으면 어떻게 접근하고 어떻게 해결하는 게 맞겠다 라는 것을 제가 스스로 어 성찰하면서 운동도 같이 하면서 이렇게 지금 스트레스를 풀고 있습니다.","wordCount":184},"emotion":[],"intent":[{"text":"","expression":"","category":"attitude"}],"summary":{"text":"스트레스는 만병에 근원이라고 합니다. 열심히 노력한 만큼 결과가 좋지 않았을 때 아쉽고 슬프지만 오랫동안 슬퍼한다든지 하는 경우는 아닌 것 같습니다. 어떤 경쟁자와 같이 경쟁을 했을 때 저보다 우수한 경쟁자가 더 좋은 방법으로 제안을 해서 채택됐을 때 저는 항상 긍정적인 방법으로 생각하고 해석합니다. 이것을 긍정적으로 받아주는 것이 첫 번째 해소 방법이고 그 외에는 걷기 등의 운동을 통해서 성찰의 시간을 갖습니다.","wordCount":59}}},"rawDataInfo":{"question":{"fileFormat":"wav","fileSize":275918,"duration":8620,"samplingBit":16,"channelCount":1,"samplingRate":"16kHz","audioPath":"/Mock/04.RND/Male/New/ckmk_q_rnd_m_n_325509.wav"},"answer":{"fileFormat":"wav","fileSize":3004878,"duration":93900,"samplingBit":16,"channelCount":1,"samplingRate":"16kHz","audioPath":"/Mock/04.RND/Male/New/ckmk_a_rnd_m_n_325509.wav"}}}