{"version":"1.0","dataSet":{"info":{"date":"20230116","occupation":"RND","channel":"MOCK","place":"ONLINE","gender":"MALE","ageRange":"-34","experience":"NEW"},"question":{"raw":{"text":"지원자님께서 특별히 가고 싶은 회사가 있는지 궁금한데요 지원자님께서는 회사의 분위기나 아니면 특정 도메인이나 어떤 점을 중점적으로 보시는지도 답변 바랍니다","wordCount":19},"emotion":[],"intent":[]},"answer":{"raw":{"text":"저는 회사의 분위기가 무엇보다 중요합니다. 개인의 개성과 창의성을 완전히 존중해 주는 회사가 제가 하고 싶은 회사입니다. 만약 어떠한 회사가 과거의 사고에 사로잡혀 있거나 틀에 박힌 사고에 편협하게 작용하여 어떤 개인을 억압하려 한다면 그 회사는 저와 맞지 않다고 생각합니다. 어떤 프로젝트를 진행함에 있어서도 개인 개인 직원 한 명의 생각을 주의 깊게 들어주는 그런 회사가 제가 가고 싶은 회사이며 그런 회사가 있다면 망설임 없이 지원할 것입니다. 그렇기 때문에 당사에 지원을 하게 되었습니다.","wordCount":70},"emotion":[],"intent":[{"text":"","expression":"","category":"attitude"}],"summary":{"text":"개인의 개성과 창의성을 완전히 존중해 주는 회사, 틀에 박히지 않은 사고에 편협하게 작용하지 않는 회사, 개인의 의견을 주의 깊게 들어주는 회사, 이런 회사에 가고 싶어서 당사에 지원을 하게 되었습니다.","wordCount":29}}},"rawDataInfo":{"question":{"fileFormat":"wav","fileSize":421198,"duration":13160,"samplingBit":16,"channelCount":1,"samplingRate":"16kHz","audioPath":"/Mock/04.RND/Male/New/ckmk_q_rnd_m_n_328717.wav"},"answer":{"fileFormat":"wav","fileSize":1202958,"duration":37590,"samplingBit":16,"channelCount":1,"samplingRate":"16kHz","audioPath":"/Mock/04.RND/Male/New/ckmk_a_rnd_m_n_328717.wav"}}}