{"version":"1.0","dataSet":{"info":{"date":"20230116","occupation":"RND","channel":"MOCK","place":"ONLINE","gender":"MALE","ageRange":"35-44","experience":"NEW"},"question":{"raw":{"text":"연구 개발 아이디어를 탐색하는 면접자 본인의 방법 노하우에 대해서 설명해 주시겠습니까","wordCount":11},"emotion":[],"intent":[]},"answer":{"raw":{"text":"어 일단 어 그게 연구 개발에 도움이 안 되는 생각이라고 하더라도 어 저는 좀 어 항상 업무에 집중하고 있지 않은 다른 어 시간에 예를 들어 뭐 출근 시간이라든지 퇴근 시간 어 그리고 그 제가 다른 어떤 생활 루틴을 하는 모든 시간 중에 시간이 남을 때마다 좀 어 생각들을 많이 하는 편입니다. 음 어 누군가에겐 망상에 가까운 생각들일 수도 있지만 어 그런 생각들을 대부분은 좀 버리는 생각이라도 계속 머릿속에서 하다 보면 어 그냥 멍 때리고 어 쪽잠 자고 하는 시간으로 보낼 시간들을 어 저는 남들보다 많이 활용해서 좀 계속 생각하고 상상하고 망상하는 데 쓰다 보면 그래도 확률적으로든 음 좀 이 생각이 어딘가에 가서 닿든 어 어떻게 해서든 좀 다른 사람들보다는 아이디어를 어 찾고 음 아이디어를 내는데 어 쪼금 더 도움이 된다 라고 생각하기 때문에 어 저는 그렇게 계속 생각을 많이 하는 편인 것 같습니다.","wordCount":133},"emotion":[],"intent":[{"text":"","expression":"","category":"attitude"}],"summary":{"text":"저는 다른 어떤 생활 루틴을 하는 모든 시간 중에 시간이 남을 때마다 생각들을 많이 하는 편입니다. 망상에 가까운 생각일 수도 있지만 남보다 많이 활용해서 망상에 쓰다 보면 다른 사람들보다는 아이디어를 찾는데 도움이 된다고 생각하기 때문에 계속 생각을 많이 하는 것 같습니다.","wordCount":41}}},"rawDataInfo":{"question":{"fileFormat":"wav","fileSize":389838,"duration":12180,"samplingBit":16,"channelCount":1,"samplingRate":"16kHz","audioPath":"/Mock/04.RND/Male/New/ckmk_q_rnd_m_n_304609.wav"},"answer":{"fileFormat":"wav","fileSize":3486478,"duration":108950,"samplingBit":16,"channelCount":1,"samplingRate":"16kHz","audioPath":"/Mock/04.RND/Male/New/ckmk_a_rnd_m_n_304609.wav"}}}