{"version":"1.0","dataSet":{"info":{"date":"20230116","occupation":"RND","channel":"MOCK","place":"ONLINE","gender":"MALE","ageRange":"-34","experience":"NEW"},"question":{"raw":{"text":"지원자분께서 본인이 지금껏 살아오시면서 이루었던 성과들이 있으셨을 텐데 그중에서 가장 큰 성과는 무엇이었는지 저희에게 자랑 한번 해 주시면 좋을 것 같습니다","wordCount":21},"emotion":[],"intent":[]},"answer":{"raw":{"text":"제가 지금까지 살면서 이룬 성과 중에 가장 큰 성과는 제가 논문을 썼는데 그 논문이 국제 학술지에 실린 일이었습니다. 사실 대학교에 처음 입학했을 때 저는 과에 크게 마음을 붙이지 못했었습니다. 그래서 크게 방황하던 시절이 있었는데요. 하지만 저는 한 교수님을 만났고 그 교수님이 제 인생을 바꿔주셨습니다. 저는 그 교수님의 수업을 들으면서 처음으로 이 과목에 대한 어 흥미를 느끼게 되었는데요. 그러한 흥미를 바탕으로 저는 대학원까지 진학하게 되었습니다. 당연히 제가 선택한 지도 교수는 그때 저를 이 과목에 흥미를 느끼게 이끌어주신 그 지도 교수님이셨습니다. 저는 해당 지도 교수님 밑에서 정말 어렵게 어렵게 공부를 이어갔는데요. 왜냐하면 제가 남들보다 특출난 재능이 있었던 것이 아니었기 때문입니다. 그래서 남들보다 더 많은 시간을 공부에 투자했고 또 연구실에서 낮과 밤을 새면서 정말 많은 노력을 했던 기억이 나는데요. 이러한 노력을 바탕으로 이 년 동안 썼던 논문이 국제 학술시에 국제 학술지에 실리게 되었습니다. 국제 학술지에 실린 제 논문을 확인했을 때 제 눈에서는 눈물이 흘러 나왔는데요. 정말 처음에는 아무 것도 몰랐던 어린 대학생이었던 제 모습이 떠올랐고 지금 이런 자리에 오르게 된 제 자신이 너무나 뿌듯했습니다.","wordCount":161},"emotion":[{"text":"저는 그 교수님의 수업을 들으면서 처음으로 이 과목에 대한 어 흥미를 느끼게 되었는데요.","expression":"p-interest","category":"positive"},{"text":"당연히 제가 선택한 지도 교수는 그때 저를 이 과목에 흥미를 느끼게 이끌어주신 그 지도 교수님이셨습니다.","expression":"p-interest","category":"positive"},{"text":"정말 처음에는 아무 것도 몰랐던 어린 대학생이었던 제 모습이 떠올랐고 지금 이런 자리에 오르게 된 제 자신이 너무나 뿌듯했습니다.","expression":"p-achievement","category":"positive"}],"intent":[{"text":"","expression":"","category":"attitude"}],"summary":{"text":"제가 이룬 성과 중 가장 큰 성과는 논문을 썼는데 국제 학술지에 실린 일이었습니다. 대학교에 처음 입학했을 때 크게 마음을 붙이지 못했습니다. 하지만 한 교수님의 수업을 들으면서 처음 이 과목에 대한 흥미를 느껴서 대학원까지 진학하게 되었습니다. 제가 남들보다 특출난 재능이 있었던 것이 아니었기 때문에 더 많은 시간을 공부에 투자했고 이러한 노력을 바탕으로 이 년 동안 쓴 논문이 국제 학술지를 통해 게재되었습니다.","wordCount":60}}},"rawDataInfo":{"question":{"fileFormat":"wav","fileSize":544398,"duration":17010,"samplingBit":16,"channelCount":1,"samplingRate":"16kHz","audioPath":"/Mock/04.RND/Male/New/ckmk_q_rnd_m_n_279718.wav"},"answer":{"fileFormat":"wav","fileSize":3827278,"duration":119600,"samplingBit":16,"channelCount":1,"samplingRate":"16kHz","audioPath":"/Mock/04.RND/Male/New/ckmk_a_rnd_m_n_279718.wav"}}}