{"version":"1.0","dataSet":{"info":{"date":"20230116","occupation":"RND","channel":"MOCK","place":"ONLINE","gender":"MALE","ageRange":"45-54","experience":"NEW"},"question":{"raw":{"text":"지원자분께서 생각하시기에 본인의 노년은 어떤 모습이었으면 좋겠는지 궁금합니다 본인의 그리는 노년의 모습을 이야기 해 주시면 좋겠습니다","wordCount":16},"emotion":[],"intent":[]},"answer":{"raw":{"text":"네 제가 생각하기에 에 제 자신의 노년은 어떤 모습일까를 어 상상해보면 음 물론 바램이기도 하겠지만 어 아주 건강하고 밝고 그리고 또 많은 세상에 대해서 어 많은 지식을 갖고 어 또 어떤 경륜과 연륜을 갖고서 후배 세대에게 어 도움을 줄 수 있는 음 어떤 아 지식과 또 철학과 또 지혜를 가진 노인이면 좋겠습니다. 그리고 또 음 제 노년에는 음 정말로 건강한 생활과 또 어 지구 환경을 지키는 일과 또 인간이 어 정말로 이기적이지 않고 모두가 함께 잘 살 수 있는 공통된 어 어떤 비전을 가지고 어 할 수 있는 중요한 음 주제에 대해서 깊이 고민해 볼 수 있는 어 어떤 화두를 계속 던지고 또 실제적으로 어 그러한 문화와 어 어떤 어 트렌드를 만들어 보고 싶습니다. 이상입니다.","wordCount":115},"emotion":[],"intent":[{"text":"","expression":"","category":"attitude"}],"summary":{"text":"제가 생각하는 노년의 모습은 건강한 생활과 지구 환경을 지키는 일, 인간이 이기적이지 않고 모두가 잘 살 수 있는 공통된 비전을 가지고 할 수 있는 화두를 던지고 실제적인 문화와 트렌드를 만들어 보고 싶습니다.","wordCount":32}}},"rawDataInfo":{"question":{"fileFormat":"wav","fileSize":372238,"duration":11630,"samplingBit":16,"channelCount":1,"samplingRate":"16kHz","audioPath":"/Mock/04.RND/Male/New/ckmk_q_rnd_m_n_345455.wav"},"answer":{"fileFormat":"wav","fileSize":3606798,"duration":112710,"samplingBit":16,"channelCount":1,"samplingRate":"16kHz","audioPath":"/Mock/04.RND/Male/New/ckmk_a_rnd_m_n_345455.wav"}}}