{"version":"1.0","dataSet":{"info":{"date":"20230116","occupation":"RND","channel":"MOCK","place":"ONLINE","gender":"MALE","ageRange":"-34","experience":"NEW"},"question":{"raw":{"text":"지원자님께서 회사에 들어와서 선배를 만나게 된다면 어떤 모습의 선배를 만나고 싶으신지 이유와 함께 말씀 부탁드립니다","wordCount":15},"emotion":[],"intent":[]},"answer":{"raw":{"text":"저는 회사에 들어가서 만나고 싶은 선배의 유형이 있습니다. 바로 제가 닮고 싶은 모습인데요. 저는 나중에 제가 선배 입장이 되었을 때 들어오는 후배들에게 도움을 줄 수 있고 또 조언을 줄 수 있는 그리고 제가 시작했던 시작점을 잊지 않는 그런 선배가 되고 싶고 제가 되고 싶은 그러한 모습을 하고 있는 선배를 만나고 싶습니다. 제가 존경하는 인물 중에 야구 선수 추신수가 있습니다. 제가 추신수 선수를 존경하는 이유는 비단 그가 좋은 야구 선수이기 때문이 아니라 그가 미국의 스무 살에 처음 건너가서 마이너리그에서 겪었던 팔 년 간의 생활을 잊지 않고 후배들에게 도움을 주고 또 자신의 힘들었던 시절을 공유해 주면서 너희들도 해낼 수 있다는 희망을 주는 선수이기 때문입니다. 저도 그러한 추신수 선수처럼 처음부터 그 선배가 될 때까지 이 어렵게 회사에서 올라갔던 제 모습을 잊지 않고 후배에 조언을 해줄 수 있는 그리고 도움을 줄 수 있는 멋있는 선배가 되고 싶습니다. 그리고 제가 되고 싶은 그러한 모습을 하고 있는 선배를 만나서 어떻게 하면 그분처럼 될 수 있는지 옆에서 보고 배우고 싶습니다. 그래서 저는 그러한 선배를 만나고 싶습니다. 만나고 싶습니다.","wordCount":161},"emotion":[{"text":"제가 존경하는 인물 중에 야구 선수 추신수가 있습니다.","expression":"p-affection","category":"positive"},{"text":"저도 그러한 추신수 선수처럼 처음부터 그 선배가 될 때까지 이 어렵게 회사에서 올라갔던 제 모습을 잊지 않고 후배에 조언을 해줄 수 있는 그리고 도움을 줄 수 있는 멋있는 선배가 되고 싶습니다.","expression":"p-affection","category":"positive"}],"intent":[{"text":"","expression":"","category":"attitude"}],"summary":{"text":"저는 선배가 되었을 때 들어오는 후배들에게 도움을 주고 조언을 줄 수 있는 선배가 되고 싶습니다. 저는 야구 선수 박찬호를 존경합니다. 박찬호처럼 처음부터 그 선배가 될 때까지 후배에게 조언을 해줄 수 있는 그런 선배가 되는 것이 제가 되고 싶은 선배의 모습이라고 생각합니다.","wordCount":41}}},"rawDataInfo":{"question":{"fileFormat":"wav","fileSize":387278,"duration":12100,"samplingBit":16,"channelCount":1,"samplingRate":"16kHz","audioPath":"/Mock/04.RND/Male/New/ckmk_q_rnd_m_n_273150.wav"},"answer":{"fileFormat":"wav","fileSize":3810318,"duration":119070,"samplingBit":16,"channelCount":1,"samplingRate":"16kHz","audioPath":"/Mock/04.RND/Male/New/ckmk_a_rnd_m_n_273150.wav"}}}