{"version":"1.0","dataSet":{"info":{"date":"20230116","occupation":"RND","channel":"MOCK","place":"ONLINE","gender":"MALE","ageRange":"55-","experience":"NEW"},"question":{"raw":{"text":"본인이 생각하는 기초 학문의 중요성에 대해서 왜 그것이 필요한지 한번 설명해 주시겠습니까","wordCount":12},"emotion":[],"intent":[]},"answer":{"raw":{"text":"건축에서도 터 파기 공사부터 기초를 놓는 것이 상당히 중요하듯이 학문에서도 기초 학문이 그 어 가장 중요한 것이라고 생각을 합니다. 어 예를 들어서 어학을 얘기할 때 어학을 제대로 모르고 소통을 할 수 없고 영업을 할 수 없듯이 어학 자체도 그렇고 어 물리학을 모르면서 응용 기술인 공학이 발전할 수가 없듯이 기초 학문은 상당히 중요하다고 생각합니다. 사람의 머리 구조도 마찬가지고 우리가 사람으로서 인간으로서 생각할 수 있는 합리적이고 논리적인 것 마찬가지입니다. 논리적이라 하면 대소 관계를 구분하고 또 일의 그 시급성 우선 관계를 구분할 줄 알고 또 모든 것을 구별해서 분류를 할 수 있는 그런 능력이라고 어 세 가지를 말씀을 드릴 수 있습니다. 이것이 논리의 기본입니다. 이것이 없이는 어 다른 어떤 컴퓨터 프로그램이나 영업이나 기획 또 다른 어떤 것도 어 진행을 할 수 없듯이 기초가 가장 중요하다고 생각합니다.","wordCount":123},"emotion":[],"intent":[{"text":"","expression":"","category":"attitude"}],"summary":{"text":"학문에서도 기초 학문이 가장 중요합니다. 어학도 마찬가지입니다. 논리적이라 하면 대소 관계를 구분하고 시급성 우선 관계를 구분할 줄 알고 모든 것을 구별해서 분류를 할 수 있는 능력입니다. 이것이 논리의 기본입니다. 기초 없이는 다른 어떤 것도 진행을 할 수 없습니다.","wordCount":38}}},"rawDataInfo":{"question":{"fileFormat":"wav","fileSize":318798,"duration":9960,"samplingBit":16,"channelCount":1,"samplingRate":"16kHz","audioPath":"/Mock/04.RND/Male/New/ckmk_q_rnd_m_n_287049.wav"},"answer":{"fileFormat":"wav","fileSize":3209358,"duration":100290,"samplingBit":16,"channelCount":1,"samplingRate":"16kHz","audioPath":"/Mock/04.RND/Male/New/ckmk_a_rnd_m_n_287049.wav"}}}