{"version":"1.0","dataSet":{"info":{"date":"20230116","occupation":"RND","channel":"MOCK","place":"ONLINE","gender":"MALE","ageRange":"-34","experience":"NEW"},"question":{"raw":{"text":"다른 사람이 생각하는 지원자님의 장점과 단점은 뭐라고 생각하시는지 말씀해 주실 수 있으십니까 더불어서 이유도 함께 말씀해 주시기 바랍니다","wordCount":18},"emotion":[],"intent":[]},"answer":{"raw":{"text":"예. 장점과 단점 결국에는 동전의 양면이라고 생각을 합니다. 제 장점은 어떤 일에 대해서 그 추진력 하면 된다 또 단점은 고집 뭐 그렇습니다. 결국은 동초 동전의 양면이라고 생각을 하고요. 그 어차피 그 인제 나이가 들고 또 인제 회사의 어떤 직장 생활을 하다 보면은 어쩔 수 없이 본인만의 어떤 보는 시각과 그런 그 방향성이 이제 만들어져야 될 것이고 물론 그것들은 인제 회사에서 원하는 어떤 제도나 규범이나 그 안에서 따라가야 되겠지만은 그걸 잘 따르고 또 완성하기 위한 그런 실질적인 그 태도나 방법론에 있어서는 뭐 개개인의 차이가 있겠지만 그 차이점에 있어서 저 나름대로는 상당히 그 추진력이라든지 진행하는데 있어서는 쪼금 그 자신감을 갖고 하겠습니다. 하지만 이것들이 잘못 옆에서 보면은 고집이 쎄다 라고 보여질 수도 있죠. 해서 그런 것들에 항상 그 마음의 생각을 하고 그 열심히 한다 잘한다 하지만은 뭐 고집스럽다 뭐 그런 것들 좀 듣지 않도록 항상 그 신경 쓰면서 하도록 하겠습니다.","wordCount":137},"emotion":[],"intent":[{"text":"","expression":"","category":"attitude"}],"summary":{"text":"어떤 일에 대해 추진력하이 있다는 장점과 고집이 있다는 단점은 동전의 양면과 같습니다. 개인차가 있겠지만 추진력에 있어서는 자신감을 갖고 하겠습니다. 하지만 간혹 고집이 센 것처럼 보일 수 있는데 그런 것들을 항상 신경 쓰면서 하도록 하겠습니다.","wordCount":34}}},"rawDataInfo":{"question":{"fileFormat":"wav","fileSize":577678,"duration":18050,"samplingBit":16,"channelCount":1,"samplingRate":"16kHz","audioPath":"/Mock/04.RND/Male/New/ckmk_q_rnd_m_n_325313.wav"},"answer":{"fileFormat":"wav","fileSize":2462158,"duration":76940,"samplingBit":16,"channelCount":1,"samplingRate":"16kHz","audioPath":"/Mock/04.RND/Male/New/ckmk_a_rnd_m_n_325313.wav"}}}