{"version":"1.0","dataSet":{"info":{"date":"20230116","occupation":"RND","channel":"MOCK","place":"ONLINE","gender":"MALE","ageRange":"35-44","experience":"NEW"},"question":{"raw":{"text":"이제까지 인생을 살면서 제일 후회되는 일이 있었다면 그것이 무슨 일이었는지 한 가지만 말씀해 주세요","wordCount":14},"emotion":[],"intent":[]},"answer":{"raw":{"text":"저는 인생을 살면서 가장 후회되는 일이 있다면 어 아직까지 가족들과 편하게 어 즐겁게 지내지 못한다는 것 같습니다. 어 가족은 아주 가까운 사이지만 어 살갑게 지내기도 어려운 관계인 것 같습니다. 어 하나씩 조금씩 노력을 하고 있지만 아직까지는 어 잘 안 되고 있습니다. 그래서 그 점을 가장 후회하고 있습니다.","wordCount":47},"emotion":[],"intent":[{"text":"","expression":"","category":"attitude"}],"summary":{"text":"저는 가족과 편하게 지내지 못하는 것이 가장 후회되는 부분입니다. 조금씩 노력하고 있지만 잘 안 되고 있어서 그 점을 가장 후회하고 있습니다.","wordCount":21}}},"rawDataInfo":{"question":{"fileFormat":"wav","fileSize":279758,"duration":8740,"samplingBit":16,"channelCount":1,"samplingRate":"16kHz","audioPath":"/Mock/04.RND/Male/New/ckmk_q_rnd_m_n_294142.wav"},"answer":{"fileFormat":"wav","fileSize":1416398,"duration":44260,"samplingBit":16,"channelCount":1,"samplingRate":"16kHz","audioPath":"/Mock/04.RND/Male/New/ckmk_a_rnd_m_n_294142.wav"}}}