{"version":"1.0","dataSet":{"info":{"date":"20230116","occupation":"RND","channel":"MOCK","place":"ONLINE","gender":"MALE","ageRange":"35-44","experience":"NEW"},"question":{"raw":{"text":"지원자님이 창의적으로 문제를 해결한 경험이 있다면 그 과정을 자세하게 설명 부탁드립니다","wordCount":11},"emotion":[],"intent":[]},"answer":{"raw":{"text":"네 제가 영업 지점장을 할 때 맨 처음 저는 굉장히 영업 실적이 부진하고 영업원도 매우 적은 지점을 인수 받게 되었습니다. 좋은 영업 실적을 내기 위해서는 많은 영업원이 필요했지만 적은 역 영업원으로는 신규 영업원을 새로 채용하기가 어려웠습니다. 그때 저는 제가 다니던 사옥에 리세션 리스트 자리에서 그 해답을 찾았습니다. 안내원에게 매일 커피를 사주고 명함을 열 장씩 주면서 누가 오든 저에게 연락을 달라 라고 부탁을 했고 영업원이 아니 어떤 분들에게는 친절하게 설명을 해드리고 영업을 하고 싶어 찾아온 분들은 저에게 찾아오도록 만들어 많은 영업원을 채용할 수 있었습니다. 그렇게 해서 제가 맡았던 지점의 실적도 개선할 수 있었습니다.","wordCount":92},"emotion":[{"text":"네 제가 영업 지점장을 할 때 맨 처음 저는 굉장히 영업 실적이 부진하고 영업원도 매우 적은 지점을 인수 받게 되었습니다.","expression":"u-fact","category":"neutral"}],"intent":[{"text":"","expression":"","category":"attitude"}],"summary":{"text":"저는 처음 영업 지점장을 할 때 영업 실적이 부진하고 영업원도 매우 적은 지점을 인수 받게 되었습니다. 적은 영업원으로는 신규 영업원을 새로 채용하기가 어려웠습니다. 그 해답을 찾아 많은 영업원을 채용하여 실적도 개선할 수 있었습니다.","wordCount":33}}},"rawDataInfo":{"question":{"fileFormat":"wav","fileSize":306638,"duration":9580,"samplingBit":16,"channelCount":1,"samplingRate":"16kHz","audioPath":"/Mock/04.RND/Male/New/ckmk_q_rnd_m_n_296183.wav"},"answer":{"fileFormat":"wav","fileSize":2735118,"duration":85470,"samplingBit":16,"channelCount":1,"samplingRate":"16kHz","audioPath":"/Mock/04.RND/Male/New/ckmk_a_rnd_m_n_296183.wav"}}}