{"version":"1.0","dataSet":{"info":{"date":"20230116","occupation":"RND","channel":"MOCK","place":"ONLINE","gender":"MALE","ageRange":"35-44","experience":"NEW"},"question":{"raw":{"text":"지원장님의 장점과 단점을 각각 설명해 주시고 이것을 특화하고 극복하기 위한 노력도 함께 말씀 부탁드립니다","wordCount":14},"emotion":[],"intent":[]},"answer":{"raw":{"text":"네 그 제 장점이라고 한다면 다양한 재능 같습니다. 팔방미인이라고 하는 것처럼 저는 그림 그리기 만들기 어 혹은 음악 노래를 부르기 아니면 악기를 연주하기 기타나 피아노도 연주를 하구요. 그리고 이제 외국어도 빨리 배우는 편인 것 같아요. 그래서 이지러너 새로운 것을 빠르게 하는 그런것들이 장점이고 그래서 여러 분야 에 관심이 있다 보니까 여러 분야에 대한 지식들이 있습니다. 그래서 어 정말 팔방미인처럼 어떤 주제에 대해서 이야기를 하더라도 그것에 관련된 어 또 지식이 있기 때문에 사전 지식이 있어서 쉽게 그런 대화를 하고 새로운 것들을 배우고 할 수 있는 좋은 도구인 것 같습니다. 하지만 그러다 보니까 또 단점도 발생을 하게 되는데요. 그 단점은 그러다 보니까 한 가지를 깊숙하게 전문적으로 한 가지만 몰두해서 이렇게 어 하는 경험은 많지 않았던 것 같습니다. 그래서 한 가지 분야로 전문성을 발휘하면 그것이 굉장히 큰 어 어떻게 보면 경제적인 효용도 있을 텐데 그러지 못한 부분이 저로서도 좀 아쉽고 어 단점이라고 생각하는 부분입니다. 그것을 극복하기 위해서는 어 좀 여러 가지 분야들 중에서 함께 모을 수 있는 분야들 함께 같이 시너지가 될 수 있는 분야들을 모아서 그것을 더 특화시켜 나가면 장점이 되지 않을까 그렇게 생각을 하고 있습니다.","wordCount":174},"emotion":[],"intent":[{"text":"","expression":"","category":"attitude"}],"summary":{"text":"저는 팔방미인처럼 새로운 것을 빠르게 하는 장점이 있어서 어떤 주제에 대해 이야기를 하더라도 사전 지식이 있어서 쉽게 새로운 것들을 배우고 할 수 있는 좋은 도구인 것 같습니다. 단점은 한 가지 분야로 전문성을 발휘하면 굉장히 큰 경제적인 효용도 있을 텐데 그러지 못한 것이 아쉽습니다. 그것을 극복하기 위해서는 여러 가지 분야들 중에서 시너지가 될 수 있는 분야들을 모아서 특화시켜 나가면 장점이 되지 않을까 생각합니다.","wordCount":62}}},"rawDataInfo":{"question":{"fileFormat":"wav","fileSize":382478,"duration":11950,"samplingBit":16,"channelCount":1,"samplingRate":"16kHz","audioPath":"/Mock/04.RND/Male/New/ckmk_q_rnd_m_n_296075.wav"},"answer":{"fileFormat":"wav","fileSize":3155918,"duration":98620,"samplingBit":16,"channelCount":1,"samplingRate":"16kHz","audioPath":"/Mock/04.RND/Male/New/ckmk_a_rnd_m_n_296075.wav"}}}