{"version":"1.0","dataSet":{"info":{"date":"20230116","occupation":"RND","channel":"MOCK","place":"ONLINE","gender":"MALE","ageRange":"-34","experience":"NEW"},"question":{"raw":{"text":"그동안 진행한 프로젝트들 가운데 가장 기억에 남는 프로젝트가 있다면 어떤 점에서 왜 기억에 남는지 설명해 주실 수 있나요","wordCount":18},"emotion":[],"intent":[]},"answer":{"raw":{"text":"예 그 많이 있는데 그중의 하나가 이렇게 해외 현지 생산을 지원한 그런 프로젝트가 가장 기억에 남습니다. 그 이유는 이제 대한민국과 달리 해외에는 그 많은 예를 들어서 어 기후 조건이 열대 조건의 그런 이제 고산지 지역 어 여러 가지 조건이 다릅니다. 하기 때문에 저희 제품이 현지에서 환경을 잘 적응할 수 있도록 많은 조건을 바꿔야 되고 조정을 해야 되고 심지어는 거기에 들어가는 많은 구성품들도 새롭게 맞춰줘야지만 현지에서 어 잘 사용할 수가 있습니다. 어 그래서 이 프로젝트가 시작이 되면서 국내에서는 아무리 백 점짜리 제품이더라도 어떤 해외에 나갔을 때는 그 시장에 맞는 어떤 법규 그다음에 기후 조건 그다음에 사용자의 습관 이런 것을 사전 조사를 통해서 우리가 그런 미션을 갖고 다시 국내에 와서 그런 것들을 자기가 개선할 부분을 리스트를 만들고 하나 하나 극복해 나가고 물론 거기에서 간과할 수 없는 것은 최종적인 우리가 목표가 가격이 되겠죠. 그런데 그런 것들을 다 감안해서 약 육 개월 정도의 기간을 거쳐서 현지 현지화 현지에 맞는 제품을 개발해서 성공적으로 런칭을 해서 현지에서 판매해서 좋은 결과를 얻었던 것이 가장 기억에 남습니다.","wordCount":159},"emotion":[{"text":"그런데 그런 것들을 다 감안해서 약 육 개월 정도의 기간을 거쳐서 현지 현지화 현지에 맞는 제품을 개발해서 성공적으로 런칭을 해서 현지에서 판매해서 좋은 결과를 얻었던 것이 가장 기억에 남습니다.","expression":"p-achievement","category":"positive"}],"intent":[{"text":"","expression":"","category":"attitude"}],"summary":{"text":"해외 현지 생산을 지원한 프로젝트가 가장 기억에 남습니다. 해외는 고산지 지역 등 여러 조건이 다르기 때문에 저희 제품이 현지에서 적응할 수 있도록 환경을 조정하고 구성품들도 새롭게 맞춰줘야 현지에서 잘 사용할 수가 있습니다. 이 프로젝트가 시작이 되면서 사전 조사를 통해 개선할 부분을 리스트를 만들고 극복해 나가고 최종적인 목표가 가격이 되겠습니다.","wordCount":49}}},"rawDataInfo":{"question":{"fileFormat":"wav","fileSize":411918,"duration":12870,"samplingBit":16,"channelCount":1,"samplingRate":"16kHz","audioPath":"/Mock/04.RND/Male/New/ckmk_q_rnd_m_n_294660.wav"},"answer":{"fileFormat":"wav","fileSize":2905998,"duration":90810,"samplingBit":16,"channelCount":1,"samplingRate":"16kHz","audioPath":"/Mock/04.RND/Male/New/ckmk_a_rnd_m_n_294660.wav"}}}