{"version":"1.0","dataSet":{"info":{"date":"20230116","occupation":"RND","channel":"MOCK","place":"ONLINE","gender":"MALE","ageRange":"-34","experience":"NEW"},"question":{"raw":{"text":"귀하는 학교를 졸업하시고 약 일 년 동안 다른 회사에서 어 근무했던 경험이 있으신 거 있으신데 구체적으로 전 회사에서 어떤 실무를 했으며 연구 경험이 있는지 그것에 대해서 말씀해 주세요","wordCount":28},"emotion":[],"intent":[]},"answer":{"raw":{"text":"저는 대학원 랩실에서 연구를 진행해 본 적이 있습니다. 일종의 사회 실험을 통한 연구였는데요. 육 개월이라는 중장기적인 이 시간을 두고 사회 실험을 진행했습니다. 해당 연구를 진행하면서 한 가지 느꼈던 점은 제가 정말 중요하고 중요하다고 생각했던 연구 윤리를 지키는 것이 생각보다 더 복잡하고 어려우면서도 중요한 일이라는 것이었습니다. 해당 연구를 처음 시작할 때 저는 제가 추출하고 싶었던 데이터가 있었고 그 데이터에 맞춰서 상황을 설정하고 있는 제 자신을 발견했습니다. 하지만 교수님께서는 그러한 부분이 연구 윤리에 자칫 위배될 수 있는 부분이라며 주의할 것을 당부하셨는데요. 연구를 진행하면서도 제가 이러한 선을 정말 아슬아슬하게 넘을 뻔한 점이 몇 번씩 있었는데 정작 저는 그것을 인지하지 못하고 있었습니다. 연구라는 것에만 목적을 두고 있다 보니 맹목적으로 다른 부분들을 제가 무시하고 있었던 제 자신을 발견한 것이었습니다. 연구를 마칠 때쯤엔 이렇기 때문에 연구 윤리가 있는 것이고 그것을 계속해서 스스로에게 묻는 것이 정말 좋은 연구를 진행하고 좋은 연구 결과를 얻는데 중요하다는 것을 배웠습니다. 그래서 저는 연구 윤리를 지키는 것이 연구에서 굉장히 중요하다고 생각합니다.","wordCount":149},"emotion":[],"intent":[{"text":"저는 대학원 랩실에서 연구를 진행해 본 적이 있습니다.","expression":"r_prof","category":"attitude"},{"text":"일종의 사회 실험을 통한 연구였는데요.","expression":"r_prof","category":"attitude"},{"text":"육 개월이라는 중장기적인 이 시간을 두고 사회 실험을 진행했습니다.","expression":"r_prof","category":"attitude"},{"text":"그래서 저는 연구 윤리를 지키는 것이 연구에서 굉장히 중요하다고 생각합니다.","expression":"c_value","category":"background"}],"summary":{"text":"대학원에서 사회 실험을 통한 연구를 진행하면서 연구 윤리를 지키는 것이 중요하다는 것을 느꼈습니다. 연구라는 것에만 목적을 두고 있다 보니 맹목적으로 다른 부분들을 무시하고 있었던 제 자신을 발견한 것이었습니다. 연구를 마칠 쯤엔 연구 윤리가 있는 목적을 알게 되었고 그것을 계속해서 스스로에게 묻는 것이 좋은 연구를 진행하고 좋은 연구 결과를 얻는데 중요하다고 생각합니다.","wordCount":51}}},"rawDataInfo":{"question":{"fileFormat":"wav","fileSize":634958,"duration":19840,"samplingBit":16,"channelCount":1,"samplingRate":"16kHz","audioPath":"/Mock/04.RND/Male/New/ckmk_q_rnd_m_n_252381.wav"},"answer":{"fileFormat":"wav","fileSize":3737678,"duration":116800,"samplingBit":16,"channelCount":1,"samplingRate":"16kHz","audioPath":"/Mock/04.RND/Male/New/ckmk_a_rnd_m_n_252381.wav"}}}