{"version":"1.0","dataSet":{"info":{"date":"20230116","occupation":"RND","channel":"MOCK","place":"ONLINE","gender":"MALE","ageRange":"-34","experience":"NEW"},"question":{"raw":{"text":"업무를 하다 보면 스케줄에 없던 일이 생길 때가 많은데요 이런 상황이 생긴다면 지원자님은 어떤 식으로 대처하실 건가요","wordCount":17},"emotion":[],"intent":[]},"answer":{"raw":{"text":"회사를 다니다 보면은 업무 중에 없던 스케줄이 생길 때가 당연히 있습니다. 그럴 때는 그냥 당황하고 아무 것도 하지 않는 것은 답이 될 수가 없겠죠. 당연히 제일 먼저 해야 할 일은 주변 사람들에게 나의 스케줄을 공유했던 모든 사람들에게 나에게 새로운 일이 생겼다 그리고 이 일의 중요도와 언제까지 해야 하는지에 대한 듀데이트 정도를 먼저 알려주는 것이 그 사람들에 대한 기본 예의이기도 하지만 그 사람들도 또 다른 일들을 시작할 수 있는 어 좋은 어 그런 기준점이 될 수 있기 때문에 제가 그것을 적극적으로 커뮤니케이팅하고 얻은 스케줄에 대해서 알려주는 것이 먼저 최소한의 행동이라고 생각하고요. 또 없던 스케줄이 생긴 만큼 기존에 있던 스케줄을 어떻게 수정하는지에도 빨리빨리 대처를 해 줘야 다른 사람들도 그만큼 피해 보지 않고 남은 시간을 더 효율적으로 쓰는 데에 구상을 할 것이기 때문에 저는 적극적인 커뮤니케이션 스킬이 이 순간 가장 필요한 어 방법이라고 생각을 합니다.","wordCount":132},"emotion":[],"intent":[{"text":"","expression":"","category":"attitude"}],"summary":{"text":"업무 중에 없던 스케줄이 생길 때가 있습니다. 그럴 때는 주변 사람들에게 저의 스케쥴을 공유했던 사람들에게 새로운 일이 생겼다는 것과 이 일의 중요도와 언제까지 해야 하는지에 대한 듀데이트 정도를 알려주는 것이 최소한의 행동입니다. 또 기존에 있던스케줄을 어떻게 수정하는지에도 빨리 대처가 필요합니다. 적극적인 커뮤니케이션 스킬이 가장 필요한 방법입니다.","wordCount":46}}},"rawDataInfo":{"question":{"fileFormat":"wav","fileSize":583758,"duration":18240,"samplingBit":16,"channelCount":1,"samplingRate":"16kHz","audioPath":"/Mock/04.RND/Male/New/ckmk_q_rnd_m_n_274392.wav"},"answer":{"fileFormat":"wav","fileSize":2521678,"duration":78800,"samplingBit":16,"channelCount":1,"samplingRate":"16kHz","audioPath":"/Mock/04.RND/Male/New/ckmk_a_rnd_m_n_274392.wav"}}}