{"version":"1.0","dataSet":{"info":{"date":"20230116","occupation":"RND","channel":"MOCK","place":"ONLINE","gender":"MALE","ageRange":"55-","experience":"NEW"},"question":{"raw":{"text":"지원자님께서는 만약 이 면접에서 최종 탈락하신다면 어떤 점이 부족해서 탈락했을 거라고 생각을 하겠습니까 지원자님께서 얘기해 보세요","wordCount":16},"emotion":[],"intent":[]},"answer":{"raw":{"text":"아 뭐 탈락한다면 일단 첫 번째 나이가 많다. 이것이 제일 큰 뭐 탈락의 요인이 되지 않겠습니까. 이걸 제가 어떻게 생각하냐 그러면 제가 이천 이 년 이천 삼 년도에 한국을 들어와서 그동안 제가 어 어 가지고 있는 경력 제조업 경력에 그리고 중국어 와 영어를 어 투자를 하는 그 시간 그래서 요런 부분들을 가지고 제가 그 취업을 하기 위해서 어 여러 군데 이제 면접을 보고 뭐 그 서류 신청 하고 그랬는데 거기다 탈락이 없고 그 당시에 분위기가 사오정이었습니다 사십 오 세에는 뭐 거의 백 프로 탈락이라고 이야기를 했더군요. 그 정도로 암울한 시간이 없고 그 기로부터 또 많은 시간이 흘렀으니까 역시 뭐 그 부분이 탄력에 가장 큰 요인이 되지 않을까 생각합니다. 그런데 사회가 자꾸 바뀌고 있고요. 요즘 이제 예정이라는 이 부분이 어떤 사고를 하고 있냐 와의 어떤 대칭성이 있는 것 같아요. 숫자로 이야기하는 그런 어 개념보다는 어 어떤 유연한 사고와 어떠한 캐리어를 가지고 있는지가 가장 중요한 그런 어 개념으로 바뀌고 있는 것 같습니다. 뭐 나이는 숫자에 불과하다. 다 이익을 주장하고 있는 그런 뭐 사람들이 많죠. 저 역시 그렇습니다.","wordCount":165},"emotion":[],"intent":[{"text":"","expression":"","category":"attitude"}],"summary":{"text":"탈락의 가장 큰 요인은 첫 번째 나이가 많다는 것입니다. 제가 취업을 위해 여러 군데 면접을 보았는데 탈락이 없었습니다. 그 정도로 암울한 시간이 없고 많은 시간이 흘렀으니 역시 그 부분이 탄력에 가장 큰 요인이 아닐까 생각합니다. 그런데 사회가 점점 유연한 사고와 캐리어를 가지고 있는지가 가장 중요한 개념으로 바뀌고 있습니다.","wordCount":48}}},"rawDataInfo":{"question":{"fileFormat":"wav","fileSize":613198,"duration":19160,"samplingBit":16,"channelCount":1,"samplingRate":"16kHz","audioPath":"/Mock/04.RND/Male/New/ckmk_q_rnd_m_n_246525.wav"},"answer":{"fileFormat":"wav","fileSize":3555278,"duration":111100,"samplingBit":16,"channelCount":1,"samplingRate":"16kHz","audioPath":"/Mock/04.RND/Male/New/ckmk_a_rnd_m_n_246525.wav"}}}