{"version":"1.0","dataSet":{"info":{"date":"20230116","occupation":"RND","channel":"MOCK","place":"ONLINE","gender":"MALE","ageRange":"35-44","experience":"NEW"},"question":{"raw":{"text":"얼마 전 구급 대원이 주취자에게 폭행을 당해서 순직 당하는 일이 있었습니다 혹시 그 사건에 대해서는 어떤 생각을 가지고 계시나요","wordCount":19},"emotion":[],"intent":[]},"answer":{"raw":{"text":"어 저희 나라는 주취 폭력에 대해서 굉장히 관대한 것 같습니다. 아 저는 주취자의 폭력을 조금 더 강하게 처벌해야 된다 라고 생각하는 편입니다. 그리고 어 술을 먹고 길에 돌아다니는 것 자체도 경범죄로 좀 처리를 해야 되지 않나 라고 생각을 합니다. 물론 가볍게 마시고 돌아다닐 수는 있겠지만 어 자기 몸을 가누지 못하고 주변에 돌아다니는 거는 어 그러면서 뭐 시비를 걸고 이렇게 이성적이지 못한 상태에서 음 상식적이지 않은 행동들을 하는 건 어 그 사람한테 어떤 제약을 줘야 된다 라고 생각하고 규범으로 정해야 된다 라고 생각을 합니다. 음주 운전이랑 비슷한 거라고 저는 생각을 해서 어 일정 수준 이상의 어 주취를 했을 때 어 이 사람의 어떤 물의를 일으키지 않았더라도 어 좀 신고를 하면 비틀거리거나 이렇게 좀 보기에 안 좋은 어 모습으로 있을 때 신고를 하면 어 그 사람에게 어 알코올 농도를 측정을 해서 특정 알코올 농도 이상의 주취를 하고 그렇게 돌아다니는 거라면 좀 경범죄로 처벌을 해도 되지 않나 라고 생각을 합니다. 그렇기 때문에 그런 주취자들이 마음 놓고 거리를 다니기 때문에 저런 구급 대원 같이 이렇게 훌륭한 일을 하시는 분이 좀 피해를 당한 게 아닌가 라는 생각을 합니다.","wordCount":173},"emotion":[{"text":"아 저는 주취자의 폭력을 조금 더 강하게 처벌해야 된다 라고 생각하는 편입니다.","expression":"u-belief","category":"neutral"}],"intent":[{"text":"","expression":"","category":"attitude"}],"summary":{"text":"우리나라는 주취 폭력에 대해 관대한 편인데, 저는 주취자의 폭력을 더 강하게 처벌해야 된다고 생각합니다. 그리고 술을 먹고 길을 돌아다니는 것 자체를 경범죄로 처리했으면 좋겠습니다. 음주 운전과 비슷한 것이라고 생각합니다. 주취자가 마음 놓고 거리를 다니기 때문에 구급 대원 같이 훌륭한 일을 하시는 분이 피해를 당한 게 아닌가 생각합니다.","wordCount":47}}},"rawDataInfo":{"question":{"fileFormat":"wav","fileSize":385358,"duration":12040,"samplingBit":16,"channelCount":1,"samplingRate":"16kHz","audioPath":"/Mock/04.RND/Male/New/ckmk_q_rnd_m_n_267146.wav"},"answer":{"fileFormat":"wav","fileSize":3641038,"duration":113780,"samplingBit":16,"channelCount":1,"samplingRate":"16kHz","audioPath":"/Mock/04.RND/Male/New/ckmk_a_rnd_m_n_267146.wav"}}}