{"version":"1.0","dataSet":{"info":{"date":"20230116","occupation":"RND","channel":"MOCK","place":"ONLINE","gender":"MALE","ageRange":"35-44","experience":"NEW"},"question":{"raw":{"text":"지원자님께서는 협업을 할 때 사교성이 좋은 편이신가요 좋은 편이시라면 사교성을 키우기 위해 어떤 노력을 하셨는지 궁금합니다","wordCount":16},"emotion":[],"intent":[]},"answer":{"raw":{"text":"네 저는 협업할 때 사교성이 좋은 편이라고 생각합니다. 어 저는 그런 협업을 할 때 음 좀 분위기가 좀 침체돼 있고 약간 얼어붙어 있는 걸 어 좀 먼저 이렇게 말을 걸고 어 제 얘기를 하면서 좀 깨는 편인데요. 음 어 그렇게 처음부터 그랬던 건 아니고 그런 부분들이 저는 약간 좀 제 성격상 못 견디는 부분 부분들도 있지만 좀 빨리 좀 그런 아이스 브레이킹을 해야 어 불필요한 시간 낭비를 줄이고 어 좀 그 침체된 분위기를 빨리 풀어야 어 좀 서로가 이제 의견을 자유롭게 나누고 어 말도 좀 이렇게 적극적으로 할 수 있다 라고 생각해서 예 그렇게 하는 편입니다. 음 좀 저도 처음에는 좀 그게 어려웠는데요. 저도 그렇게 외향적인 편이 아니다 보니까 음 근데 한두 번 이제 하다 보니까 좀 어 저만의 어떤 스킬도 좀 생긴 것 같고 어 그렇게 하다 보면 결국에는 좀 다른 분들이 처음에는 아 너무 이렇게 나서는 거 아니냐 라고 생각을 하시다가도 아 나중에는 좀 고맙다고 해 주시고 아 덕분에 좀 협업이 첫 단추를 협업의 첫 단추를 좀 음 수월하게 어 끼었다 라고 말씀을 해 주시는 것 같아서 예 좋습니다.","wordCount":171},"emotion":[],"intent":[{"text":"","expression":"","category":"attitude"}],"summary":{"text":"저는 협업할 때 사교성이 좋은 편이라고 생각합니다. 협업을 할 때 불필요한 시간 낭비를 줄이고 침체된 분위기를 빨리 풀어야 서로 의견을 자유롭게 나누고 말도 적극적으로 할 수 있다 라고 생각해서 그렇게 하는 편입니다. 처음에는 어려웠는데 여러 분들이 나중에는 아 덕분에 협업이 첫 단추를 수월하게 끼었다고 말씀해 주셔서 좋습니다.","wordCount":47}}},"rawDataInfo":{"question":{"fileFormat":"wav","fileSize":410638,"duration":12830,"samplingBit":16,"channelCount":1,"samplingRate":"16kHz","audioPath":"/Mock/04.RND/Male/New/ckmk_q_rnd_m_n_265908.wav"},"answer":{"fileFormat":"wav","fileSize":3857678,"duration":120550,"samplingBit":16,"channelCount":1,"samplingRate":"16kHz","audioPath":"/Mock/04.RND/Male/New/ckmk_a_rnd_m_n_265908.wav"}}}