{"version":"1.0","dataSet":{"info":{"date":"20230116","occupation":"RND","channel":"MOCK","place":"ONLINE","gender":"MALE","ageRange":"35-44","experience":"NEW"},"question":{"raw":{"text":"혹시 직접 해외 출장 장소를 선택할 수 있게 된다면 꼭 한 번 가서 일해 보고 싶은 나라가 있으실까요","wordCount":18},"emotion":[],"intent":[]},"answer":{"raw":{"text":"어 저는 제가 직접 해외 출장 장소를 선택할 수 있다면 독일로 가보고 싶습니다. 이 이 어 독일이 세 개의 어 가공 기술로써는 세계에서 가장 뛰어납니다. 그래서 어 독일로 출장을 가서 독일의 공장과 협업을 통해 어 거기에서 거기에 기술을 배울 수 있는 그런 계기가 될 수 있으면 좋을 것 같습니다. 그래서 독일로 출장 장소를 선택할 것입니다.","wordCount":55},"emotion":[],"intent":[{"text":"","expression":"","category":"attitude"}],"summary":{"text":"세 개의 가공 기술이 뛰어난 독일의 공장과 협업을 해서 기술을 배울 수 있는 계기가 되면 좋겠습니다. 그래서 독일로 출장을 가보고 싶습니다.","wordCount":21}}},"rawDataInfo":{"question":{"fileFormat":"wav","fileSize":263438,"duration":8230,"samplingBit":16,"channelCount":1,"samplingRate":"16kHz","audioPath":"/Mock/04.RND/Male/New/ckmk_q_rnd_m_n_291947.wav"},"answer":{"fileFormat":"wav","fileSize":1472718,"duration":46020,"samplingBit":16,"channelCount":1,"samplingRate":"16kHz","audioPath":"/Mock/04.RND/Male/New/ckmk_a_rnd_m_n_291947.wav"}}}