{"version":"1.0","dataSet":{"info":{"date":"20230116","occupation":"RND","channel":"MOCK","place":"ONLINE","gender":"MALE","ageRange":"-34","experience":"NEW"},"question":{"raw":{"text":"지원자께서 일을 하다가 만약 상사에게 어려운 지시를 받으면 어떻게 하실 생각이신가요 그 이유도 함께 제시해 주시기 바랍니다","wordCount":17},"emotion":[],"intent":[]},"answer":{"raw":{"text":"일을 하다가 만약 상사에게 어려운 지시를 받는다면 저는 가장 우선적으로 그것이 법적 혹은 회사 내규에 어긋나는 지시인지 그리고 그것이 회사의 이윤에 해를 끼치는 지부터 판단하겠습니다. 만약에 상사가 시킨 지시가 이렇게 법적 그리고 회사 내규에 어긋나는 일이라고 확인이 된다면 저는 이 내용을 가까운 선배에게 조용히 물어보고 행동하도록 하겠습니다. 하지만 이러한 결과를 거쳤을 때 이러한 과정을 거쳤을 때 만약에 이 부당한 지시가 저만의 생각이었다면 저는 일단 상사의 지시를 따르겠습니다. 왜냐하면 먼저 저보다 생 회사 생활을 경험했던 상사의 지시에는 다 그만한 이유가 있기 때문이라고 생각하기 때문입니다. 그래서 만약에 큰 일이 아니라면 상사의 지시를 이행하겠습니다. 그리고 이행 후에 나중에 해당 상사에게 개인적으로 말씀을 드려도 되는 부분이라고 생각합니다. 상사의 지시를 이행한 후에 상사에게 왜 이 왜 이러한 일을 시켰냐고 여쭤보게 된다면 상사는 비슷한 고민을 했던 과거를 생각하고 그러한 저를 기특하게 여기며 더 좋게 생각하실 수도 있다고 생각합니다.","wordCount":132},"emotion":[],"intent":[{"text":"일을 하다가 만약 상사에게 어려운 지시를 받는다면 저는 가장 우선적으로 그것이 법적 혹은 회사 내규에 어긋나는 지시인지 그리고 그것이 회사의 이윤에 해를 끼치는 지부터 판단하겠습니다.","expression":"c_adp","category":"personality"},{"text":"만약에 상사가 시킨 지시가 이렇게 법적 그리고 회사 내규에 어긋나는 일이라고 확인이 된다면 저는 이 내용을 가까운 선배에게 조용히 물어보고 행동하도록 하겠습니다.","expression":"c_adp","category":"personality"},{"text":"하지만 이러한 결과를 거쳤을 때 이러한 과정을 거쳤을 때 만약에 이 부당한 지시가 저만의 생각이었다면 저는 일단 상사의 지시를 따르겠습니다.","expression":"c_adp","category":"personality"},{"text":"그래서 만약에 큰 일이 아니라면 상사의 지시를 이행하겠습니다.","expression":"c_adp","category":"personality"}],"summary":{"text":"상사에게 어려운 지시를 받았을 때 법적 혹은 회사 내규에 어긋나는 지시인지 회사 이윤에 해를 끼치는 지부터 판단하겠습니다. 만약 이 부당한 지시가 저만의 생각이었다면 일단 상사의 지시를 따르겠습니다. 그리고 나중에 해당 상사에게 개인적으로 말씀을 드려도 되는 부분이라고 생각합니다. 상사가 더 좋게 생각하실 수도 있다고 생각합니다.","wordCount":44}}},"rawDataInfo":{"question":{"fileFormat":"wav","fileSize":574798,"duration":17960,"samplingBit":16,"channelCount":1,"samplingRate":"16kHz","audioPath":"/Mock/04.RND/Male/New/ckmk_q_rnd_m_n_273149.wav"},"answer":{"fileFormat":"wav","fileSize":3697038,"duration":115530,"samplingBit":16,"channelCount":1,"samplingRate":"16kHz","audioPath":"/Mock/04.RND/Male/New/ckmk_a_rnd_m_n_273149.wav"}}}