{"version":"1.0","dataSet":{"info":{"date":"20230116","occupation":"RND","channel":"MOCK","place":"ONLINE","gender":"MALE","ageRange":"35-44","experience":"NEW"},"question":{"raw":{"text":"특정 제품 한 가지와 현재 가장 미흡된 문제점을 언급하고 기술적 개선 방안을 제안해 주시겠습니까","wordCount":14},"emotion":[],"intent":[]},"answer":{"raw":{"text":"음 현재 제가 어 특정 제품의 문제점을 언급하고 그 문제점에 기술적 개선 방안을 방안을 제안해 주기에는 역량이 모지란 것 같습니다. 어 물론 제품들을 생각하면 각각 개선해야 될 점이 있긴 하지만 어 제가 회사를 다니면서 어 이런 것들을 개선하는 그런 눈을 더 높일 수 있도록 하겠습니다. 현재는 제가 어 많이 부족하여 이런 부분을 제안하기가 어렵습니다.","wordCount":54},"emotion":[],"intent":[{"text":"","expression":"","category":"attitude"}],"summary":{"text":"특정 제품의 문제점을 언급하고 기술적 개선 방안을 제안하기에 역량이 부족합니다. 회사를 다니면서 이런 것들을 개선하는 눈을 더 높일 수 있도록 하겠습니다.","wordCount":21}}},"rawDataInfo":{"question":{"fileFormat":"wav","fileSize":268878,"duration":8400,"samplingBit":16,"channelCount":1,"samplingRate":"16kHz","audioPath":"/Mock/04.RND/Male/New/ckmk_q_rnd_m_n_291950.wav"},"answer":{"fileFormat":"wav","fileSize":1542158,"duration":48190,"samplingBit":16,"channelCount":1,"samplingRate":"16kHz","audioPath":"/Mock/04.RND/Male/New/ckmk_a_rnd_m_n_291950.wav"}}}