{"version":"1.0","dataSet":{"info":{"date":"20230116","occupation":"RND","channel":"MOCK","place":"ONLINE","gender":"MALE","ageRange":"35-44","experience":"NEW"},"question":{"raw":{"text":"혹시 개인적이나 따로 팀을 꾸려서 현재 연구하고 있는 프로젝트가 있나요 있다면 무엇인지 알려주세요","wordCount":13},"emotion":[],"intent":[]},"answer":{"raw":{"text":"네 지금 이제 연구하고 있는 프로젝트는 팀을 꾸려서 하고 있지는 않지만 어 개인적으로 하고 있는데요. 파이프 라인을 구축하는 그래서 경제적인 독립을 하는 어 일을 연구하고 있습니다. 어떻게 하면 내가 가지고 있는 어 재능과 혹은 지금 없다면 배워서 또 개발을 해서 할 수 있을지 고민을 하고 있구요. 어 왜냐하면은 어 이것이 제가 인제 근로 소득만 가지고 인제 일을 하고 돈을 벌고 생활을 하고 있는데 그것만 가지고는 좀 불안하다는 생각이 들어서입니다. 왜냐하면 제가 몸이 아플 수도 있고 지금 일하고 있는 회사가 망할 수도 있고 미래가 인제 불안정하기 때문에 여러 가지 그런 수입원을 만들어 놓는 게 제 삶에 좀 안정감을 주기 때문인데요. 어 제 주변에도 그렇고 그동안 자라면서도 사실은 근로 소득으로 살아가는 것이 전부인 것처럼 사실은 많이 배웠던 것 같아요. 하지만 우리가 자본주의에 살고 있으면 지적 재산이나 아니면 금융자산이나 부동산이나 인제 이런 여러 자산들이 내가 일하고 있지 않은 시간에도 그 자산이 자산으로서 가치가 자라서 또 재생산이 돼서 어 그것이 인제 저에게 소득으로 들어올 수 있다 라는 거를 요즘에 인제 최근에 깨닫게 됐습니다. 그래서 그 부분에 대해서 공부하고 연구하고 있습니다. 네 들어주셔서 감사합니다.","wordCount":169},"emotion":[],"intent":[{"text":"","expression":"","category":"attitude"}],"summary":{"text":"경제적 독립을 위한 일을 연구하고 있습니다. 저는 근로 소득만으로 생활을 하고 있는데 이것이 불안정하기 때문에 여러 가지 수입원을 만들어 놓는 것이 제 삶에 안정감을 주기 때문에요. 자본주의에 살고 있으면 여러 자산들이 일하고 있지 않은 시간에도 자산으로서 가치가 자라서 다시 소득으로 들어 올 수 있다는 것을 최근에 깨닫고 그 부분에 대해 공부하고 연구 중입니다.","wordCount":53}}},"rawDataInfo":{"question":{"fileFormat":"wav","fileSize":477518,"duration":14920,"samplingBit":16,"channelCount":1,"samplingRate":"16kHz","audioPath":"/Mock/04.RND/Male/New/ckmk_q_rnd_m_n_296079.wav"},"answer":{"fileFormat":"wav","fileSize":3115278,"duration":97350,"samplingBit":16,"channelCount":1,"samplingRate":"16kHz","audioPath":"/Mock/04.RND/Male/New/ckmk_a_rnd_m_n_296079.wav"}}}