{"version":"1.0","dataSet":{"info":{"date":"20230116","occupation":"RND","channel":"MOCK","place":"ONLINE","gender":"MALE","ageRange":"35-44","experience":"NEW"},"question":{"raw":{"text":"이전 직장에서 퇴사하신 후에 퇴사 했던 것을 후회하신 적은 없나요 있었다면 어느 부분에서 후회하셨는지도 함께 말씀해 주시기 바랍니다","wordCount":18},"emotion":[],"intent":[]},"answer":{"raw":{"text":"저는 이전 직장에서 퇴사 후에 많은 후회를 했었습니다. 물론 직장을 그만두어 경제적인 곤란에 빠진 것 때문은 아니었습니다. 제가 회사를 퇴사할 당시에 너무 준비 없이 갑작스레 회사를 퇴사하게 되어 많은 시간을 허공에 날리고 방황을 해 봤기 때문입니다. 계속 회사의 다닐 만큼의 몸의 상태가 아니었기 때문에 회사를 그만두는 것은 어쩔 수 없는 결정이었다고 지금도 생각합니다. 단지 너무나도 준비가 안 되어 제 젊은 날에 중요한 시간들을 목적 없이 방황하듯 사는 것이 가장 큰 후회로 남고 있습니다.","wordCount":73},"emotion":[{"text":"단지 너무나도 준비가 안 되어 제 젊은 날에 중요한 시간들을 목적 없이 방황하듯 사는 것이 가장 큰 후회로 남고 있습니다.","expression":"n-distress","category":"negative"}],"intent":[{"text":"","expression":"","category":"attitude"}],"summary":{"text":"준비 없이 갑작스레 회사를 퇴사하게 되어 많은 시간을 허공에 날리고 방황을 해 봤기 때문에 제 젊은 날에 중요한 시간들을 목적 없이 방황하듯 사는 것이 가장 큰 후회로 남고 있습니다.","wordCount":29}}},"rawDataInfo":{"question":{"fileFormat":"wav","fileSize":588238,"duration":18380,"samplingBit":16,"channelCount":1,"samplingRate":"16kHz","audioPath":"/Mock/04.RND/Male/New/ckmk_q_rnd_m_n_296189.wav"},"answer":{"fileFormat":"wav","fileSize":2204878,"duration":68900,"samplingBit":16,"channelCount":1,"samplingRate":"16kHz","audioPath":"/Mock/04.RND/Male/New/ckmk_a_rnd_m_n_296189.wav"}}}