{"version":"1.0","dataSet":{"info":{"date":"20230116","occupation":"RND","channel":"MOCK","place":"ONLINE","gender":"MALE","ageRange":"55-","experience":"NEW"},"question":{"raw":{"text":"우리 회사가 만약 해외 무대로 진출한다면 어느 나라로 진출하는 것이 좋을까요 그것을 선택하신 이유도 같이 말씀해 주세요","wordCount":17},"emotion":[],"intent":[]},"answer":{"raw":{"text":"음 해외 진출은 제가 직접적으로 경험해 본 건 제가 제조업을 처음 할 때 제조업을 할 때 구십 이 년도에 한중 수교가 되면서 천 구백 구십 오 년도부터 어 저 중국 심천에 엘지 제조 회사가 어 설립이 되고 어 심천에서 인제 생산이 시작되면서 부가가치가 낮은 제품들이 중국으로 이동을 했고 그 이후에 뭐 계속 인제 중국 진출이 되었지 않습니까. 중국은 어 시장도 가지고 있고 그리고 어 인건비도 싸고 그리고 뭐 여러 가지 조건들이 상당히 좋았죠. 세제 혜택도 있고 인건비도 싸고 또 구할 수 있는 어 구인 어 구인난도 뭐 충분히 해결할 수 있는 그런 곳이었고 그중에서 가장 큰 어 어 장점은 십 이 억 십 삼 억이라는 인구가 가지고 있는 내수 시장이 어 참 그런 시장이 없었을 거라고 판단이 되어서 중국 진출을 많이 했는데 역시 그 당시에 그 많은 입에 오르내렸던 산업 공동화 현상 산업 공동화 현상 때문에 상당히 상당히 다 여타 중소기업들이 어 상당한 위기를 많이 가지고 있었죠. 그래서 해외 무대도 무대를 진출하는 것도 중요하지만 국내에 자립형에 무대도 충분히 강화시켜야 된다고 그렇게 생각을 합니다.","wordCount":163},"emotion":[],"intent":[{"text":"","expression":"","category":"attitude"}],"summary":{"text":"산업 공동화 현상 때문에 많은 중소기업들이 어려움을 가지고 있었습니다. 그래서 해외 무대도 진출하는 것도 중요하지만 국내에 자립형에 무대도 충분히 강화시켜야 된다고 생각합니다.","wordCount":22}}},"rawDataInfo":{"question":{"fileFormat":"wav","fileSize":396878,"duration":12400,"samplingBit":16,"channelCount":1,"samplingRate":"16kHz","audioPath":"/Mock/04.RND/Male/New/ckmk_q_rnd_m_n_247192.wav"},"answer":{"fileFormat":"wav","fileSize":3711438,"duration":115980,"samplingBit":16,"channelCount":1,"samplingRate":"16kHz","audioPath":"/Mock/04.RND/Male/New/ckmk_a_rnd_m_n_247192.wav"}}}