{"version":"1.0","dataSet":{"info":{"date":"20230116","occupation":"RND","channel":"MOCK","place":"ONLINE","gender":"MALE","ageRange":"35-44","experience":"NEW"},"question":{"raw":{"text":"다른 사람들이 생각하는 지원자님의 장단점은 뭐라고 생각하시나요 이유에 대해서도 함께 말씀해 주실 수 있나요","wordCount":14},"emotion":[],"intent":[]},"answer":{"raw":{"text":"저는 언제나 일 처리가 빠르다는 평가를 들어왔습니다. 그와 함께 역시 급한 성격이 단점이라는 얘기도 항상 들어왔습니다. 이 두 가지는 동전의 양면 같은 역할을 한다고 생각합니다. 일에 대한 열정이 있기에 저는 항상 일을 처리함에 있어서 쪼금은 급한 모습을 보이기도 하지만 그렇다고 하더라도 일 처리를 못하는 편이 아닌 아주 정확하고 제 시간에 끝낼 수 있는 능력을 갖출 수 있었습니다. 그래서 저는 저의 급한 성격도 일에 더 몰두하기 위한 열정이라고 생각하고 있습니다.","wordCount":69},"emotion":[],"intent":[{"text":"그와 함께 역시 급한 성격이 단점이라는 얘기도 항상 들어왔습니다.","expression":"c_person","category":"background"}],"summary":{"text":"일에 대한 열정 때문에 일 처리가 빠르고 정확하고 제 시간에 끝낼 수 있었습니다. 그래서 저의 급한 성격도 일에 더 몰두하기 위한 열정이라고 생각하고 있습니다.","wordCount":24}}},"rawDataInfo":{"question":{"fileFormat":"wav","fileSize":606158,"duration":18940,"samplingBit":16,"channelCount":1,"samplingRate":"16kHz","audioPath":"/Mock/04.RND/Male/New/ckmk_q_rnd_m_n_320886.wav"},"answer":{"fileFormat":"wav","fileSize":1965518,"duration":61420,"samplingBit":16,"channelCount":1,"samplingRate":"16kHz","audioPath":"/Mock/04.RND/Male/New/ckmk_a_rnd_m_n_320886.wav"}}}