{"version":"1.0","dataSet":{"info":{"date":"20230116","occupation":"RND","channel":"MOCK","place":"ONLINE","gender":"MALE","ageRange":"-34","experience":"NEW"},"question":{"raw":{"text":"이전 직장이나 대학에서 어떤 프로젝트를 해 보았는지 생각나는 게 있으시다면 한 번 말씀해 주시겠습니까","wordCount":14},"emotion":[],"intent":[]},"answer":{"raw":{"text":"저는 대학에서 외부 활동으로 다큐멘터리 제작을 했던 적이 있는데요. 제가 제작했던 다큐멘터리는 일 년 동안 울산에 있는 한 목욕탕을 취재하면서 해당 목욕탕과 관련된 다양한 이야기를 담는 프로젝트였습니다. 해당 목욕탕에는 근처 주민들이 정말 많이 왔다 갔다 했었는데요. 그 목욕탕은 운영을 한 지 칠십 년이나 된 오래된 목욕탕이었기 때문에 어렸을 때부터 해당 지역에 살았던 노인분들께선 해당 목욕탕을 그저 일반적으로 몸을 씻고 깨끗하게 하려는 용도가 아닌 자신들의 삶이 담겨있고 추억이 담겨있는 그러한 장소로 인식하고 있다는 점이 굉장히 흥미로웠습니다. 그 프로젝트를 진행하면서 처음에 저희가 생각했던 부분은 이 목욕탕을 사람들이 이용하는 이유를 담고 이 각종 목욕탕들이 갈수록 줄어들고 있는데 그런 안타까움을 담고 싶었는데요. 하지만 프로젝트를 진행하다 보면서 그러한 부분보다도 이 목욕탕에 담겨있는 사람 사는 이야기가 더 공감이 되고 와 닿는다는 것을 깨닫게 되었습니다. 그래서 저희는 목표를 수정하기에 이르렀고 이 목욕탕과 관련된 사람들의 이야기 그 사람들에 이야기를 담은 다큐멘터리를 제작했는데요. 이것을 통해 다큐멘터리 경연 대회에서 최우수상을 얻어낼 수 있었습니다.","wordCount":143},"emotion":[{"text":"저는 대학에서 외부 활동으로 다큐멘터리 제작을 했던 적이 있는데요.","expression":"u-fact","category":"neutral"},{"text":"제가 제작했던 다큐멘터리는 일 년 동안 울산에 있는 한 목욕탕을 취재하면서 해당 목욕탕과 관련된 다양한 이야기를 담는 프로젝트였습니다.","expression":"u-fact","category":"neutral"},{"text":"그 목욕탕은 운영을 한 지 칠십 년이나 된 오래된 목욕탕이었기 때문에 어렸을 때부터 해당 지역에 살았던 노인분들께선 해당 목욕탕을 그저 일반적으로 몸을 씻고 깨끗하게 하려는 용도가 아닌 자신들의 삶이 담겨있고 추억이 담겨있는 그러한 장소로 인식하고 있다는 점이 굉장히 흥미로웠습니다.","expression":"p-interest","category":"positive"},{"text":"이것을 통해 다큐멘터리 경연 대회에서 최우수상을 얻어낼 수 있었습니다.","expression":"u-fact","category":"neutral"}],"intent":[{"text":"저는 대학에서 외부 활동으로 다큐멘터리 제작을 했던 적이 있는데요.","expression":"c_private","category":"background"},{"text":"제가 제작했던 다큐멘터리는 일 년 동안 울산에 있는 한 목욕탕을 취재하면서 해당 목욕탕과 관련된 다양한 이야기를 담는 프로젝트였습니다.","expression":"c_private","category":"background"},{"text":"그래서 저희는 목표를 수정하기에 이르렀고 이 목욕탕과 관련된 사람들의 이야기 그 사람들에 이야기를 담은 다큐멘터리를 제작했는데요.","expression":"c_private","category":"background"}],"summary":{"text":"외부 활동으로 다큐멘터리를 제작했던 적이 있습니다. 울산에 있는 한 목욕탕을 취재하면서 해당 목욕탕과 관련된 다양한 이야기를 담는 프로젝트를 했습니다. 그 프로젝트를 진행하면서 이 목욕탕에 담겨있는 사람 사는 이야기가 더 공감이 되고 와 닿는다는 것을 깨달았습니다. 이것을 통해 다큐멘터리 경연 대회에서 최우수상을 얻어낼 수 있었습니다.","wordCount":44}}},"rawDataInfo":{"question":{"fileFormat":"wav","fileSize":449358,"duration":14040,"samplingBit":16,"channelCount":1,"samplingRate":"16kHz","audioPath":"/Mock/04.RND/Male/New/ckmk_q_rnd_m_n_252382.wav"},"answer":{"fileFormat":"wav","fileSize":3781838,"duration":118180,"samplingBit":16,"channelCount":1,"samplingRate":"16kHz","audioPath":"/Mock/04.RND/Male/New/ckmk_a_rnd_m_n_252382.wav"}}}