{"version":"1.0","dataSet":{"info":{"date":"20230116","occupation":"RND","channel":"MOCK","place":"ONLINE","gender":"MALE","ageRange":"35-44","experience":"NEW"},"question":{"raw":{"text":"그동안 속해 있었던 조직이나 단체에서 지원자님께서는 주로 본인이 어떤 역할을 하는 사람이셨나요 구체적으로 설명해 주시기를 바랍니다","wordCount":16},"emotion":[],"intent":[]},"answer":{"raw":{"text":"예 그 회사가 그 성장하는 과정에 있었습니다. 발전하는 과정에 있었습니다. 어떤 성숙한 과정이 아니라 횡적인 팽창이 많았던 그런 시기에 근무를 해 왔기 때문에 어 그때는 회사에서 주어진 그런 업무 숙제를 주로 해결하고 완성하는 그런 역할을 대체적으로 해 왔던 것 같습니다. 반대로 그때 당시 회사가 횡적인 그런 팽창보다는 종적인 성장 또 성숙한 부분을 많이 추구했다 그러면은 그거 자체에 더 깊이 있는 어떤 업무의 완숙도를 그 넓히는 그런 업무를 해 왔겠죠. 하지만 저는 그 어 운이 좋게도 회사가 성장 횡적으로 팽창하는 그런 단계에 있었기 때문에 그 새로운 일도 항상 먼저 앞서가는 일 이런 일을 많이 해 왔습니다. 그러다 보니까 어떤 리더나 뭐 할려고 하는 어떤 그런 개념이 조금 모호했어요. 본인이 어떤 기회를 찾아서 또 그 일을 만들어서 갖고 나가서 진행하고 또는 결과물을 갖고 와서 또 내부적으로 처리하는 그러한 일의 반복이었기 때문에 어 상당히 어떻게 보면은 내가 이 회사의 오너는 아니지만은 마치 오너와 같은 어 그런 역할을 하면서 대외적으로 친구도 사귀고 업무도 하고 실적도 내고 했던 그런 과정이었던 것 같습니다. 그래서 저는 그때 당시 성장기에서 제가 누릴 수 있는 오너의 역할 또 업무의 성취감을 같이 누렸던 것 같습니다.","wordCount":175},"emotion":[],"intent":[{"text":"","expression":"","category":"attitude"}],"summary":{"text":"횡적인 팽창이 많았던 시기에 근무를 해 왔기 때문에 업무 숙제를 주로 해결하고 완성하는 역할을 주로 해 왔던 것 같습니다. 하지만 저는 성장 횡적으로 팽창하는 단계였기 때문에 새로운 일도 항상 먼저 앞서가는 일 이런 일을 많이 해 왔습니다. 그래서 제가 성장기에서 제가 누릴 수 있는 오너의 역할 또 업무의 성취감을 같이 누렸던 것 같습니다.","wordCount":53}}},"rawDataInfo":{"question":{"fileFormat":"wav","fileSize":508238,"duration":15880,"samplingBit":16,"channelCount":1,"samplingRate":"16kHz","audioPath":"/Mock/04.RND/Male/New/ckmk_q_rnd_m_n_344255.wav"},"answer":{"fileFormat":"wav","fileSize":3185358,"duration":99540,"samplingBit":16,"channelCount":1,"samplingRate":"16kHz","audioPath":"/Mock/04.RND/Male/New/ckmk_a_rnd_m_n_344255.wav"}}}