{"version":"1.0","dataSet":{"info":{"date":"20230116","occupation":"RND","channel":"MOCK","place":"ONLINE","gender":"MALE","ageRange":"35-44","experience":"NEW"},"question":{"raw":{"text":"오 년 혹은 십 년 뒤에는 어떤 엔지니어가 되어 있을까요","wordCount":10},"emotion":[],"intent":[]},"answer":{"raw":{"text":"회사에 들어와서 오 년 뒤 십 년 뒤에 저의 모습은 어 어 후배로부터 존경받고 선배로부터 인정받는 그런 엔지니어가 되어 있을 것 같습니다. 어 그리고 저는 계속해서 공부하는 그런 엔지니어 였으면 좋을 것 같습니다. 그리고 영어 공부도 계속하여 어 그 트렌드에 뒤쳐지지 않는 그런 엔지니어로서 음 생활할 수 있었으면 좋을 것 같습니다.","wordCount":51},"emotion":[],"intent":[{"text":"","expression":"","category":"attitude"}],"summary":{"text":"저는 계속해서 공부하는 엔지니어가 되고 싶습니다. 그리고 영어도 계속 공부해서 트렌드에 뒤쳐지지 않는 엔지니어가 됐으면 좋겠습니다.","wordCount":16}}},"rawDataInfo":{"question":{"fileFormat":"wav","fileSize":283598,"duration":8860,"samplingBit":16,"channelCount":1,"samplingRate":"16kHz","audioPath":"/Mock/04.RND/Male/New/ckmk_q_rnd_m_n_291943.wav"},"answer":{"fileFormat":"wav","fileSize":1438798,"duration":44960,"samplingBit":16,"channelCount":1,"samplingRate":"16kHz","audioPath":"/Mock/04.RND/Male/New/ckmk_a_rnd_m_n_291943.wav"}}}