{"version":"1.0","dataSet":{"info":{"date":"20230116","occupation":"RND","channel":"MOCK","place":"ONLINE","gender":"MALE","ageRange":"45-54","experience":"NEW"},"question":{"raw":{"text":"지원자님께서 지금까지 살아오면서 이룬 성과 가운데 가장 큰 성과라고 생각되는 것은 무엇입니까 자랑 한 번 해 주시기 바랍니다","wordCount":18},"emotion":[],"intent":[]},"answer":{"raw":{"text":"네 제가 살면서 이런 성과 중 가장 큰 성과는 음 뭐 몇 가지가 떠오르겠는데 그중에 하나를 말씀드리겠습니다. 어 제가 그 대학교를 졸업하고 어 주식회사 단월드에 입사했을 때 어 직원이 어 정직원에 한 천 명 천 여 명 정도 되었습니다. 그중에서 어 열 명을 뽑는 홍익인간상이 있었습니다. 그때 제가 그 중에 한 명으로 어 뽑혔을 때 무척 기뻤고 어 상당히 제가 제가 살면서 이룬 성과 중에서 가장 큰 성과 중의 하나로 기억을 합니다. 그리고 그 상은 어 말 그대로 홍익인간상이었기 때문에 어 다른 어떤 어떤 상보다도 더 자랑스럽고 어 더 가치가 있는 상이었기 때문에 지금으로서도 어 어떤 자부심을 가지고 있습니다. 홍익인간이란 것은 글자 그대로 인간을 이롭게 하는 그러한 사람을 말합니다. 아 그것을 어 제가 다른 어 동료 선배 후배 에 에 로부터 인정을 받았다는 것은 음 무청 자 자랑스럽고 자긍심을 갖고 있습니다. 이상입니다.","wordCount":132},"emotion":[{"text":"아 그것을 어 제가 다른 어 동료 선배 후배 에 에 로부터 인정을 받았다는 것은 음 무청 자 자랑스럽고 자긍심을 갖고 있습니다.","expression":"p-achievement","category":"positive"}],"intent":[{"text":"","expression":"","category":"attitude"}],"summary":{"text":"저는 대학교를 졸업하고 주식회사 단월드에 입사했을 때 열 명을 뽑는 홍익인간상이 있었습니다. 그 중에 한 명으로 뽑혔을 때 무척 기뻤고 어 제가 살면서 이룬 성과 중에서 가장 큰 성과 중의 하나로 기억합니다. 그 상은 홍익 인간상이기에 더 자랑스러운 상입니다.","wordCount":39}}},"rawDataInfo":{"question":{"fileFormat":"wav","fileSize":433998,"duration":13560,"samplingBit":16,"channelCount":1,"samplingRate":"16kHz","audioPath":"/Mock/04.RND/Male/New/ckmk_q_rnd_m_n_337072.wav"},"answer":{"fileFormat":"wav","fileSize":3692878,"duration":115400,"samplingBit":16,"channelCount":1,"samplingRate":"16kHz","audioPath":"/Mock/04.RND/Male/New/ckmk_a_rnd_m_n_337072.wav"}}}