{"version":"1.0","dataSet":{"info":{"date":"20230116","occupation":"RND","channel":"MOCK","place":"ONLINE","gender":"MALE","ageRange":"35-44","experience":"NEW"},"question":{"raw":{"text":"지원자님의 단점이 있다면 말씀해 주세요 또한 이것을 보완하기 위해서 어떤 노력들을 하셨는지도 말씀해 주시기 바랍니다","wordCount":15},"emotion":[],"intent":[]},"answer":{"raw":{"text":"저는 말을 조리 있게 잘 하는 장점이 있는데 때로는 이게 저에게 단점으로 다가올 경우가 많이 있습니다. 말을 하다 보면 상대방에게 상처를 줄 수도 있고 말을 하다 보면 실수를 할 수도 있습니다. 사실 말을 많이 하는 것이 좋지는 않지만 부득이하게 말을 많이 하게 될 때 종종 실수를 하곤 합니다. 저는 이걸 보완하기 위해서 말하기 전에 한 번 더 깊이 생각해보고 말하는 편입니다. 먼저 내 뱉는 것이 아니라 이 말을 했을 때에 상대방이 어떻고 또 분위기는 어떻게 될지 순간 잘 생각해 보고 말을 하는 편입니다. 그래서 이때부터 저는 한 번 더 생각하고 말하고 한 번 더 상대방을 배려해서 말하는 노력으로 인해서 이 점을 잘 보완하고 있습니다.","wordCount":104},"emotion":[],"intent":[{"text":"","expression":"","category":"attitude"}],"summary":{"text":"저는 말을 잘 하는 장점이 있지만 말을 하다 보면 상대방에게 상처를 줄 수도 있고 실수를 할 수도 있습니다. 이것을 보완하기 위해 말하기 전에 한 번 더 생각하고 말하고 상대방을 배려해서 말하는 노력으로 이 점을 잘 보완하고 있습니다","wordCount":37}}},"rawDataInfo":{"question":{"fileFormat":"wav","fileSize":595278,"duration":18600,"samplingBit":16,"channelCount":1,"samplingRate":"16kHz","audioPath":"/Mock/04.RND/Male/New/ckmk_q_rnd_m_n_309195.wav"},"answer":{"fileFormat":"wav","fileSize":2419278,"duration":75600,"samplingBit":16,"channelCount":1,"samplingRate":"16kHz","audioPath":"/Mock/04.RND/Male/New/ckmk_a_rnd_m_n_309195.wav"}}}