{"version":"1.0","dataSet":{"info":{"date":"20230116","occupation":"RND","channel":"MOCK","place":"ONLINE","gender":"MALE","ageRange":"45-54","experience":"NEW"},"question":{"raw":{"text":"여러 사람들과 함께 일을 하다 보면 구성원들과 갈등이 생길 일이 있곤 하는데요 이럴 때 어떻게 해결하십니까","wordCount":16},"emotion":[],"intent":[]},"answer":{"raw":{"text":"네 여러 사람들과 함께 일을 하다 보면 어 구성원들과 갈등이 생길 일이 있습니다. 어 그 부분에 대해서 어 어떻게 해결해 나갈 것인가 라고 여쭤보셨는데 아 쉬운 일은 아닌 것 같습니다. 하지만 어 제가 어 회사 어떤 직무를 맡았을 때 공적으로서 어 제 사심을 버리고 공적인 임무를 완수하고자 할 때 그 기준에 따라서 어 구성원들과의 갈등을 어 하나씩 어 풀면은 큰 문제가 없으리라 생각됩니다. 먼저 그 갈등의 원인이 무엇인지를 파악하는 것이 중요하다고 생각합니다. 갈등의 원인을 피상적으로만 파악해서도 안 되고 근본적인 음 이유를 알 수 있도록 아주 섬세하고 디테일하게 원인을 찾겠습니다. 그리고 어 그 갈등의 원인이 이 어떤 조직 차원인지 아니면 개인의 어떤 사적인 생각 때문인지 이런 것을 파악을 해서 그 원인을 해결할 수 있도록 하겠습니다. 해결의 가장 실마리는 공적인 마인드라고 생각합니다. 이상입니다.","wordCount":121},"emotion":[],"intent":[{"text":"","expression":"","category":"attitude"}],"summary":{"text":"여러 사람들과 함께 일하다 보면 구성원들과 갈등이 생길 일이 있는데, 공적인 임무를 완수하고자 할 때 그 기준에 따라 갈등을 하나씩 풀면 큰 문제가 없으리라 생각됩니다. 갈등의 원인을 섬세하고 세밀하게 찾겠습니다. 해결의 실마리는 공적인 마인드라고 생각합니다.","wordCount":35}}},"rawDataInfo":{"question":{"fileFormat":"wav","fileSize":346958,"duration":10840,"samplingBit":16,"channelCount":1,"samplingRate":"16kHz","audioPath":"/Mock/04.RND/Male/New/ckmk_q_rnd_m_n_337069.wav"},"answer":{"fileFormat":"wav","fileSize":3802318,"duration":118820,"samplingBit":16,"channelCount":1,"samplingRate":"16kHz","audioPath":"/Mock/04.RND/Male/New/ckmk_a_rnd_m_n_337069.wav"}}}