{"version":"1.0","dataSet":{"info":{"date":"20230116","occupation":"RND","channel":"MOCK","place":"ONLINE","gender":"MALE","ageRange":"-34","experience":"NEW"},"question":{"raw":{"text":"과거에 프로젝트를 수행했던 경험이 있으신가요 있다면 어떤 프로젝트에서 어떤 역할을 맡았는지 말씀해 주실 수 있나요","wordCount":15},"emotion":[],"intent":[]},"answer":{"raw":{"text":"네 과거 프로젝트 경험 중에 에 조금 이제 그 기억에만 오래 남는 그런 게 있다면은 기존 제품에 인제 국내에서는 나름대로 그 좋은 평가를 받고 판매도 잘 이루어지고 있었으나 이게 해외에 진출하는 계기가 되면서 나름대로 해외의 반응은 또 제가 원하는 만큼의 좋은 결과가 나오지 않았습니다. 아 그러다 보니 이 제품이 해외에서는 잘 맞을 수 있도록 그 국가에 그 잘 적응할 수 있는 능력을 키우기 위한 사전 시장 조사 프로젝트를 운영했는데 그 상대방 국가가 워낙 크고 넓다 보니까 그 국가에는 어떤 기후 조건만 두고 보더라도 한지 사양 영하 사십 도에서 영상 사 오십 도 그다음에 해발 고도가 뭐 삼천 사천 미터 그런 고지 그다음에 습도 또 매우 사막에 있는 건조한 지역과 매우 습지가 높은 습도가 높은 그런 지역 여러 가지 기후 조건이 다 포함되어 있습니다. 그래서 대한민국 내에서는 비교적 뭐 일 년 사 계절에 인제 명확하고 관리가 좀 용이했지만은 그런 큰 나라 또 여러 가지 기후 조건의 어떤 생활 습관이라든지 패턴이 다르기 때문에 그러한 내용에 맞추기 위한 시장 조사 프로젝트가 매우 힘들었고 또 어려웠다고 합니다. 다행히 그때 프로젝트 조사가 잘 돼서 지금 판매가 잘 이루어지고 있기 때문에 그때 내용이 아주 기억에 많이 남습니다.","wordCount":181},"emotion":[],"intent":[{"text":"","expression":"","category":"attitude"}],"summary":{"text":"기존 제품이 국내에서는 좋은 평가를 받고 판매도 잘 이루어지고 있었으나 해외 진출하는 계기가 되면서 원하는 만큼의 좋은 결과가 나오지 않아 사전 시장 조사 프로젝트를 운영했는데 그 상대방 국가가 워낙 크고 넓다보니 여러 가지 기후 조건이 다 포함되어 있었습니다. 그래서 프로젝트가 매우 힘들었고 또 어려웠다고 합니다. 다행히 프로젝트 조사가 잘 돼 지금 판매가 잘 이루어지고 있어서 아주 기억에 많이 남습니다.","wordCount":59}}},"rawDataInfo":{"question":{"fileFormat":"wav","fileSize":550798,"duration":17210,"samplingBit":16,"channelCount":1,"samplingRate":"16kHz","audioPath":"/Mock/04.RND/Male/New/ckmk_q_rnd_m_n_338654.wav"},"answer":{"fileFormat":"wav","fileSize":2973838,"duration":92930,"samplingBit":16,"channelCount":1,"samplingRate":"16kHz","audioPath":"/Mock/04.RND/Male/New/ckmk_a_rnd_m_n_338654.wav"}}}