{"version":"1.0","dataSet":{"info":{"date":"20230116","occupation":"RND","channel":"MOCK","place":"ONLINE","gender":"MALE","ageRange":"-34","experience":"NEW"},"question":{"raw":{"text":"지원자님께서는 본인이 현재 가지고 있는 위치보다 더 어려운 목표를 설정한 후에 그것을 달성한 적이 있으신가요 있다면 그 경험에 대해서 말씀해 주시기 바랍니다","wordCount":22},"emotion":[],"intent":[]},"answer":{"raw":{"text":"네 그 그냥 굳이 질문에 맞춰서 설명을 드리면은 그 마치 역시나 이제 그 영업의 지원을 해야 되기 때문에 국내에서는 뭐 완제품을 팔고 또 고객에 대한 어떤 그런 그 만족도라든지 또 그런 부분에 대해서 품질 문제 불량 문제 체결을 해결하면은 모든 게 다 마무리가 되겠지만은 또 해외 수출 또 해외 시장 이렇게 바라보다 보면은 또 그렇지가 않습니다. 그래 가지고 저희가 해외 진출하기 위해서는 국제적인 무역 장벽 또는 이제 그 수입에 대한 쿼타 아 양의 제한 등등 여러 가지 예상치 못한 저희 기업이나 국가나 상품과 무관하게 여러 가지 어떤 장애 요인에 부닥쳐 가지고 정상적인 판매가 이루어질 수가 없습니다. 그럴 때 인제 판매 측에서 이런 애로 사항의 전달을 받고 주위에 인제 알엔디에서는 같이 공유를 통해서 어떻게 하면 이런 그 장벽을 넘을 수 있는지 가치 현지에 대한 국가 정책이라든지 제도 상대방 파트너가 갖고 있는 어떤 그 역량 능력을 다 감안해서 최종적으로는 현지에서 어 생산 방식으로 전환하여 우회 진출하는 그런 방법을 제가 기술적으로 평가를 했습니다. 결론적으로 그게 정보업이 가능하다가 가능하다고 결과가 나왔기 때문에 그렇게 이루어졌고 진행이 됐습니다. 그 부분이 매우 제가 그때 당시로는 제 가치보다 어려운 목표 결정을 내리게 된 상황입니다.","wordCount":176},"emotion":[],"intent":[{"text":"","expression":"","category":"attitude"}],"summary":{"text":"우리가 해외 진출하기 위해서는 국제적인 무역 장벽, 수입에 대한 쿼타 아 양의 제한 등 예상치 못한 장애 요인에 부닥쳐서 정상적인 판매가 이루어질 수 없습니다. 그럴 때 판매 측에서 이런 애로 사항의 전달을 받고 주변에 인제 알엔디에서는 함께 공유를 통해서 최종적으로 현지에서 생산 방식으로 전환하여 우회 진출하는 방법을 제가 기술적으로 평가했습니다.","wordCount":50}}},"rawDataInfo":{"question":{"fileFormat":"wav","fileSize":583118,"duration":18220,"samplingBit":16,"channelCount":1,"samplingRate":"16kHz","audioPath":"/Mock/04.RND/Male/New/ckmk_q_rnd_m_n_338655.wav"},"answer":{"fileFormat":"wav","fileSize":3154638,"duration":98580,"samplingBit":16,"channelCount":1,"samplingRate":"16kHz","audioPath":"/Mock/04.RND/Male/New/ckmk_a_rnd_m_n_338655.wav"}}}