{"version":"1.0","dataSet":{"info":{"date":"20230116","occupation":"RND","channel":"MOCK","place":"ONLINE","gender":"MALE","ageRange":"35-44","experience":"NEW"},"question":{"raw":{"text":"지원자분께서 생각하시기를 기업이 기술 경쟁력을 확보하기 위해서는 어떠한 노력을 해야 하는지 지원자의 의견을 말씀해 주시면 감사하겠습니다","wordCount":16},"emotion":[],"intent":[]},"answer":{"raw":{"text":"기업이 기술 경쟁력을 확보하기 위해서 해야 할 가장 큰 노력은 바로 인재에 대한 투자라고 생각합니다. 모든 기술은 사람이 만드는 것입니다. 그렇기 때문에 아무리 첨단 기술로 보여도 그 시작은 바로 사람입니다. 기술자들에 대한 적절한 대우와 처우 개선 등을 통해 기업은 기술 경쟁력 확보에 더 효율적으로 임할 수 있다고 생각합니다. 우리나라 기업들도 항상 중국 기업들에게 인재를 갈취 당하는 것을 걱정하는 데서 알 수 있듯이 기업이 기술 경쟁력을 확보하기 위해서는 그 기술을 만들어 줄 수 있는 인재 확보에 가장 열과 성의를 다해야 한다고 생각합니다.","wordCount":81},"emotion":[],"intent":[{"text":"","expression":"","category":"attitude"}],"summary":{"text":"기업이 기술 경쟁력을 확보하기 위해서 가장 중요한 노력은 인재에 대한 투자입니다. 기술자들을 적절한 대우와 처우 개선 등을 통해 기업은 기술 경쟁력 확보에 더 효율적으로 임할 수 있습니다.","wordCount":27}}},"rawDataInfo":{"question":{"fileFormat":"wav","fileSize":454478,"duration":14200,"samplingBit":16,"channelCount":1,"samplingRate":"16kHz","audioPath":"/Mock/04.RND/Male/New/ckmk_q_rnd_m_n_320885.wav"},"answer":{"fileFormat":"wav","fileSize":2251918,"duration":70370,"samplingBit":16,"channelCount":1,"samplingRate":"16kHz","audioPath":"/Mock/04.RND/Male/New/ckmk_a_rnd_m_n_320885.wav"}}}