{"version":"1.0","dataSet":{"info":{"date":"20230116","occupation":"RND","channel":"MOCK","place":"ONLINE","gender":"MALE","ageRange":"35-44","experience":"NEW"},"question":{"raw":{"text":"나만의 스트레스 해소법이 있나요 만약 있다면 그것은 무엇이고 왜 그 방법으로 스트레스를 해소하시는지 말씀 부탁드립니다","wordCount":15},"emotion":[],"intent":[]},"answer":{"raw":{"text":"어 저는 스트레스 받을 때 좀 런닝을 좀 하는 편입니다. 음 아 너무 춥거나 할 때만 아니면 어 런닝을 좀 하는 편인데 어 머신 위에서 하지 않고 좀 음 공원이나 아 음 천 옆 어 이런 곳을 주로 뛰는 편입니다. 어 한강에서도 많이 하고요. 어 그렇게 뛰는 이유는 어떤 스트레스를 받을 때 계속 그 부분만 생각하고 있다 보면 어 쫌 더 어 삶이 피폐해지는 어떤 그런 순간들을 많이 경험했기 때문에 음 좀 이렇게 아무 생각 없이 혼자서 좀 할 수 있는 방법이 뭐가 있을까 생각하다가 좀 달리는 거에 좀 관심을 갖 갖게 됐습니다. 어 특히 좀 그냥 달리는 게 아니라 어떤 목표치를 세우고 달리다 보면 어 잡념 같은 게 좀 사라지고 어 좀 그냥 그 달리는 어떤 행위 자체에만 집중할 수 있고 또 그 목표를 이뤘다 라는 어 뿌듯함 어 그런 것들도 함께 가져올 수 있기 때문에 굉장히 어 몸도 건강도 좋아지고 어 기분도 상쾌해져서 어 달리는 방법으로 해소하는 게 저에게는 가장 맞는 스트레스 해소 방법이 아닌가 그렇게 생각을 합니다.","wordCount":160},"emotion":[],"intent":[{"text":"","expression":"","category":"attitude"}],"summary":{"text":"저는 스트레스를 받을 때 런닝을 하는 편인데, 계속 그 부분만 생각하고 있으면 삶이 피폐해지는 순간들을 많이 경험했기 때문에 달리기에 관심을 갖게 됐습니다. 목표를 세우고 달리다 보면 잡념 같은 게 사라지고 그 행위 자체에만 집중할 수 있기 때문에 가장 맞는 스트레스 해소 방법이 아닐까 생각합니다.","wordCount":44}}},"rawDataInfo":{"question":{"fileFormat":"wav","fileSize":615118,"duration":19220,"samplingBit":16,"channelCount":1,"samplingRate":"16kHz","audioPath":"/Mock/04.RND/Male/New/ckmk_q_rnd_m_n_304603.wav"},"answer":{"fileFormat":"wav","fileSize":3579918,"duration":111870,"samplingBit":16,"channelCount":1,"samplingRate":"16kHz","audioPath":"/Mock/04.RND/Male/New/ckmk_a_rnd_m_n_304603.wav"}}}