{"version":"1.0","dataSet":{"info":{"date":"20230116","occupation":"RND","channel":"MOCK","place":"ONLINE","gender":"MALE","ageRange":"-34","experience":"NEW"},"question":{"raw":{"text":"팀으로 일하는 것과 혼자 일하는 것 중 무엇을 더욱 선호하시나요 그 이유와 함께 구체적으로 말씀해 주실 수 있을까요","wordCount":18},"emotion":[],"intent":[]},"answer":{"raw":{"text":"저는 팀으로 일하는 것을 더 선호합니다. 저는 업무에 있어서 피드백을 굉장히 중요하게 여깁니다. 이러한 피드백은 팀으로 일을 할 경우에 더욱 많이 받을 수 있으며 받은 피드백을 바탕으로 업무를 진행할 경우 일의 완성도가 높아질 것입니다. 또한 팀으로 일을 할 경우 업무 분담으로 업무의 효율성을 높일 수 있으며 이는 현재 다수의 회사가 업무를 팀으로 분담하여 진행하는 이유이기도 합니다. 따라서 저는 팀으로 일을 하는 것에 대해 더욱 선호하는 경향이 있습니다.","wordCount":67},"emotion":[],"intent":[{"text":"","expression":"","category":"attitude"}],"summary":{"text":"업무 피드백을 중요하게 여기며, 이를 바탕으로 업무를 진행할 경우 일의 완성도가 높아질 것입니다. 또한 업무 분담으로 업무의 효율성을 높일 수 있어 저는 팀으로 일하는 것을 더 선호합니다.","wordCount":27}}},"rawDataInfo":{"question":{"fileFormat":"wav","fileSize":600718,"duration":18770,"samplingBit":16,"channelCount":1,"samplingRate":"16kHz","audioPath":"/Mock/04.RND/Male/New/ckmk_q_rnd_m_n_257320.wav"},"answer":{"fileFormat":"wav","fileSize":2144078,"duration":67000,"samplingBit":16,"channelCount":1,"samplingRate":"16kHz","audioPath":"/Mock/04.RND/Male/New/ckmk_a_rnd_m_n_257320.wav"}}}