{"version":"1.0","dataSet":{"info":{"date":"20230116","occupation":"RND","channel":"MOCK","place":"ONLINE","gender":"MALE","ageRange":"55-","experience":"NEW"},"question":{"raw":{"text":"이전 직장 혹은 대학에서 어떠한 프로젝트를 해 보셨는지 생각나는 게 있으시다면 한 번 말씀해 주시겠어요","wordCount":15},"emotion":[],"intent":[]},"answer":{"raw":{"text":"예 가장 기억에 남는 것은 제가 그 천 구백 구십 구 년도에 심양 여린 대학 어학 연수원에서 그 어학 연수를 하고 있었덜 이 있었던 그런 기간 내에 있었던 일인데 어 여름 방학 방학이 되었고 일부 그 학생들은 이제 한국이나 아니면 일본 이런 어 자기 집에 있는 곳으로 인제 귀향을 한 그런 그 친구들도 있고 어 식양에 계속 그때 그 당시에 이제 대부분 어학 연수원에 다녔던 어 어학 연수원생들은 어 학교 내 기숙사 아니면은 학교 외에 그 아파트를 빌려 가지고 세를 내어서 어 뭐 저 그 같이 어 룸메이트 끼리 살기도 하고 뭐 따로 이렇게 살기도 하고 이래서 이제 거주를 했었는데 어 그의 구십 구 년도 여름 때 백두산을 차를 빌려서 차를 전세에 미니 버스를 빌려서 우리가 직접 어 국도를 통해서 대 백두산을 갔다 오자 이런 이제 프로젝트를 이제 만들게 되었고 어 그래서 인제 그 이십 이 용 미니버스를 대절하고 물론 그 버스의 기사님도 중국분이고 그리고 거의 한 이십 명에 그 이 백두산 어 여행단을 조성해서 만들어서 그렇게 해서 뭐 통화를 거쳐서 집안으로 해서 이도 백화를 가서 백두산까지 갔던 그런 경험이 저한테는 굉장히 기억에 남고 또 처음에는 못 받지만 두 번째 올라가서 봤던 천지가 기억에 납니다.","wordCount":185},"emotion":[],"intent":[{"text":"","expression":"","category":"attitude"}],"summary":{"text":"어학 연수원생 중 일부는 한국이나 일본으로 귀향을 한 친구들도 있고, 대부분 학교 제 기숙사 아니면은 아파트를 빌려서 세를 내어서 살았는데, 백두산을 차로 빌려서 차를 전세에 미니 버스를 빌려서 국도를 통해 백두산을 갔다 오자 이렇게 프로젝트를 만들게 되었고, 백두산 여행단을 조성해서 백두산까지 갔던 경험이 가장 기억에 남습니다.","wordCount":46}}},"rawDataInfo":{"question":{"fileFormat":"wav","fileSize":340238,"duration":10630,"samplingBit":16,"channelCount":1,"samplingRate":"16kHz","audioPath":"/Mock/04.RND/Male/New/ckmk_q_rnd_m_n_246343.wav"},"answer":{"fileFormat":"wav","fileSize":3836238,"duration":119880,"samplingBit":16,"channelCount":1,"samplingRate":"16kHz","audioPath":"/Mock/04.RND/Male/New/ckmk_a_rnd_m_n_246343.wav"}}}