{"version":"1.0","dataSet":{"info":{"date":"20230116","occupation":"RND","channel":"MOCK","place":"ONLINE","gender":"MALE","ageRange":"-34","experience":"NEW"},"question":{"raw":{"text":"만약 일을 하던 중에 직무가 적성에 맞지 않는다면 어떻게 하실 건가요 상황을 가정하고 최대한 자세하게 말씀해 주시기 바랍니다","wordCount":18},"emotion":[],"intent":[]},"answer":{"raw":{"text":"제가 하는 일이 적성에 맞지 않는다면 우선 저는 제일 먼저 그 적성에 맞지 않는 일을 바꿀 수 있는지 또는 저의 입맛에 맞도록 그 일들을 새로 풀어나갈 수 있는지 상사와 최대한 많이 협의하고 상의해 볼 것 같습니다. 그럼에도 불구하고 상사나 그 회사가 원하는 이익에 맞춰서 생각해 봤을 때 그 직무가 반드시 필요한 것이고 또 회사의 특성상 저밖에 그 일을 해낼 사람이 없다 라고 하면은 어 울며 겨자 먹기로 그 일을 해 해 나갈 것 같습니다. 당연히 기쁜 마음으로 할 수 있는 마음을 가지고 하는 사람은 많지 않겠지만 저도 어 회사의 일원으로서 그 상황을 잘 해 나가고 또 데이터 정리를 잘 해 노면 나중에 저처럼 어려움을 겪는 사원들에게 좋은 어 자양분이 될 수도 있으니까 주어진 일에 최선을 피할 수 없는면 즐기라는 말이 있지 있듯이 저도 피할 수 없는 상황은 최대한 즐기면서 해야 하는 것이 저의 정신 건강에도 좋다고 생각을 하기 때문에 최대한 노력해서 일을 해 보려고 합니다.","wordCount":145},"emotion":[],"intent":[{"text":"","expression":"","category":"attitude"}],"summary":{"text":"주어진 일에 최선을 피할 수 없는면 즐기면서 해야 하는 것이 정신 건강에도 좋다고 생각을 하기 때문에 최대한 노력해서 일을 해 보려고 합니다.","wordCount":22}}},"rawDataInfo":{"question":{"fileFormat":"wav","fileSize":602958,"duration":18840,"samplingBit":16,"channelCount":1,"samplingRate":"16kHz","audioPath":"/Mock/04.RND/Male/New/ckmk_q_rnd_m_n_274388.wav"},"answer":{"fileFormat":"wav","fileSize":2493518,"duration":77920,"samplingBit":16,"channelCount":1,"samplingRate":"16kHz","audioPath":"/Mock/04.RND/Male/New/ckmk_a_rnd_m_n_274388.wav"}}}