{"version":"1.0","dataSet":{"info":{"date":"20230116","occupation":"RND","channel":"MOCK","place":"ONLINE","gender":"MALE","ageRange":"-34","experience":"NEW"},"question":{"raw":{"text":"당신이 가진 기술 중에 가장 자신 있는 기술 분야는 어떠한 분야입니까 그 기술을 직무에 어떻게 활용할 것인지도 말씀해 주십시오","wordCount":19},"emotion":[],"intent":[]},"answer":{"raw":{"text":"제가 가장 자신 있는 기술 분야는 바로 통번역 분야입니다. 저는 통번역과를 나와서 통번역 대학원까지 나왔습니다. 그리고 지금껏 백 여 건이 넘는 통번역 업무 경험이 있는데요. 이러한 저의 통번역 기술을 통해서 이 회사에서 타국과 어떤 일을 진행할 때 영어로 된 문서를 빠르고 정확하게 번역할 수 있고 또한 직접 해당 국가에 사람과 만나서 미팅을 하는 자리나 혹은 발표를 하는 자리에서 통역을 할 수 있다는 강점도 있습니다. 저의 이런 통번역 능력은 회사에서 시간을 단축하고 또 의사소통을 더 원활하고 즉각적으로 할 수 있다 는 커다란 이점이 될 텐데요. 저는 이러한 저의 기술 통번역 기술에 강점을 살려서 국제 업무에서 회사에 기여하는 그러한 인재가 되고 싶습니다. 저는 다양한 통번역 경험을 통해서 이런 통번역 과정에서 생기는 많은 변수들에도 대처를 해 봤는데요. 처음에는 대처 방법이 없었지만 이제는 많은 경험을 통해서 변수에서도 좋은 대처를 할 수 있는 능력도 갖췄습니다.","wordCount":130},"emotion":[],"intent":[{"text":"저는 통번역과를 나와서 통번역 대학원까지 나왔습니다.","expression":"c_private","category":"background"},{"text":"이러한 저의 통번역 기술을 통해서 이 회사에서 타국과 어떤 일을 진행할 때 영어로 된 문서를 빠르고 정확하게 번역할 수 있고 또한 직접 해당 국가에 사람과 만나서 미팅을 하는 자리나 혹은 발표를 하는 자리에서 통역을 할 수 있다는 강점도 있습니다.","expression":"r_prof","category":"attitude"},{"text":"저의 이런 통번역 능력은 회사에서 시간을 단축하고 또 의사소통을 더 원활하고 즉각적으로 할 수 있다","expression":"r_prof","category":"attitude"},{"text":"저는 이러한 저의 기술 통번역 기술에 강점을 살려서 국제 업무에서 회사에 기여하는 그러한 인재가 되고 싶습니다.","expression":"c_sincere_co","category":"etc"},{"text":"저는 다양한 통번역 경험을 통해서 이런 통번역 과정에서 생기는 많은 변수들에도 대처를 해 봤는데요.","expression":"r_prof","category":"attitude"},{"text":"처음에는 대처 방법이 없었지만 이제는 많은 경험을 통해서 변수에서도 좋은 대처를 할 수 있는 능력도 갖췄습니다.","expression":"r_prof","category":"attitude"}],"summary":{"text":"저는 백 여 건이 넘는 통번역 업무 경험을 통해 영어로 된 문서를 빠르고 정확하게 번역할 수 있고, 직접 해당 국가에 사람과 만나 미팅을 하거나 발표를 하는 자리에서 통역을 할 수 있습니다. 이러한 경험으로 인해 회사에서 시간을 단축하고 의사소통을 더 원활하고 즉각적으로 할 수 있는 인재가 되고 싶습니다.","wordCount":47}}},"rawDataInfo":{"question":{"fileFormat":"wav","fileSize":599118,"duration":18720,"samplingBit":16,"channelCount":1,"samplingRate":"16kHz","audioPath":"/Mock/04.RND/Male/New/ckmk_q_rnd_m_n_256497.wav"},"answer":{"fileFormat":"wav","fileSize":3772878,"duration":117900,"samplingBit":16,"channelCount":1,"samplingRate":"16kHz","audioPath":"/Mock/04.RND/Male/New/ckmk_a_rnd_m_n_256497.wav"}}}