{"version":"1.0","dataSet":{"info":{"date":"20230116","occupation":"RND","channel":"MOCK","place":"ONLINE","gender":"MALE","ageRange":"55-","experience":"NEW"},"question":{"raw":{"text":"만약 일을 하던 도중 팀원과 불화가 생기게 된다면 어떻게 해결하실지 해결 방법과 그 이유를 설명해 주세요","wordCount":16},"emotion":[],"intent":[]},"answer":{"raw":{"text":"네 일을 하던 중 팀원과 불화가 생긴다면 저는 일단 대화를 시도하겠습니다. 말을 아주 허심탄회하게 그러면서 또 신중하게 하는 것은 아주 중요한 아 첫 번째 시도할 만한 가치가 있다고 생각합니다. 그러면 상대방도 어떤 노력을 보이지 않을까 생각을 하고요. 그래도 안 된다면 저는 슬쩍 맥주 한 잔 합시다 하고 어 상당히 사적인 분위기로 어 그 어 팀원과 아 같이 가보겠습니다. 사적인 분위기 맥주 한 잔 하면서 그곳에서 서로의 다른 이야기도 하고 꼭 이 일뿐만이 아니라 취미 활동이나 가족에 대한 이야기 등을 하다 보면 좀 더 친밀감이 생길 수 있고 그러다 보면 어떤 실마리가 아 생길 수도 있을 것으로 생각합니다.","wordCount":97},"emotion":[],"intent":[{"text":"","expression":"","category":"attitude"}],"summary":{"text":"일을 하던 중 팀원과 불화가 생긴다면 대화를 시도하겠습니다. 대화를 하다 보면 친밀감이 생길 수 있고 그러다 보면 어떤 실마리가 생길 수도 있을 것으로 생각합니다.","wordCount":24}}},"rawDataInfo":{"question":{"fileFormat":"wav","fileSize":285198,"duration":8910,"samplingBit":16,"channelCount":1,"samplingRate":"16kHz","audioPath":"/Mock/04.RND/Male/New/ckmk_q_rnd_m_n_341925.wav"},"answer":{"fileFormat":"wav","fileSize":2671438,"duration":83480,"samplingBit":16,"channelCount":1,"samplingRate":"16kHz","audioPath":"/Mock/04.RND/Male/New/ckmk_a_rnd_m_n_341925.wav"}}}