{"version":"1.0","dataSet":{"info":{"date":"20230116","occupation":"RND","channel":"MOCK","place":"ONLINE","gender":"MALE","ageRange":"35-44","experience":"NEW"},"question":{"raw":{"text":"협업을 할 때 제일 중요하게 생각하시는 것은 무엇인가요 그렇다면 왜 그것을 가장 중요하게 생각하시는지도 함께 말씀해 주세요","wordCount":17},"emotion":[],"intent":[]},"answer":{"raw":{"text":"이 협업을 할 때 어 제가 가장 중요하게 생각하는 것은 음 서로를 배려하는 마음입니다. 배려하는 마음에서 비롯된 태도라고 할 수 있겠습니다. 왜냐하면 협업은 내가 나 혼자 할 수 없기 때문에 상대방의 어떤 능력 이 필요한 것인데요. 그러려면은 상대방으로부터 상대방이 가지고 있는 능력을 최대치로 끌어내야 합니다. 그러려면 어 서로를 배려하는 상황이고 정말 감정이 상하거나 기분이 나쁘거나 어 그런 상황에서는 능력이 발휘되지 않기 때문에 또 그럴 의지가 사라지겠죠. 반감이 돼서 어 정말 내가 더 이 일에 기여하고 싶은 마음이 들 정도로 어 좋은 분위기에서 서로 배려하면서 일을 한다면 훨씬 더 어 자기의 에너지를 백으로 쏟아낼 수 있을 것 같구요. 네 그래서 또 함께 협업을 하다 보면 배려를 하다 보면 어 서로 이렇게 팀웍이 좋아지고 그러면은 나도 모르게 자기가 할 수 있는 것보다 그 이상의 능력을 개발해서 낳을 수도 있다고 생각을 합니다. 그래서 서로 협동하면서 배려해서 어 협업을 하는 것이 어 효과가 좋다 라고 생각을 합니다. 이상입니다.","wordCount":144},"emotion":[],"intent":[{"text":"","expression":"","category":"attitude"}],"summary":{"text":"협업을 할 때 가장 중요하게 생각하는 것은 서로를 배려하는 마음입니다. 협업은 나 혼자 할 수 없기 때문에 상대방의 능력을 최대치로 끌어내야 합니다. 감정이 상하거나 기분이 상하지 않는 상태에서 서로 배려하면서 일을 한다면 훨씬 더 힘을 쏟을 수 있습니다. 협업을 하다 보면 팀워크가 좋아지고 그 이상의 능력을 개발할 수 있다고 생각합니다.","wordCount":50}}},"rawDataInfo":{"question":{"fileFormat":"wav","fileSize":334158,"duration":10440,"samplingBit":16,"channelCount":1,"samplingRate":"16kHz","audioPath":"/Mock/04.RND/Male/New/ckmk_q_rnd_m_n_312037.wav"},"answer":{"fileFormat":"wav","fileSize":2914638,"duration":91080,"samplingBit":16,"channelCount":1,"samplingRate":"16kHz","audioPath":"/Mock/04.RND/Male/New/ckmk_a_rnd_m_n_312037.wav"}}}