{"version":"1.0","dataSet":{"info":{"date":"20230116","occupation":"RND","channel":"MOCK","place":"ONLINE","gender":"MALE","ageRange":"35-44","experience":"NEW"},"question":{"raw":{"text":"지원자님께서 가지고 계신 상위 일 퍼센트의 능력이 있으시다면 어 그러한 능력에 대해서 최대한 자세하게 한 번 설명해 주시기를 바랍니다","wordCount":19},"emotion":[],"intent":[]},"answer":{"raw":{"text":"네 제가 어 상위 일 퍼센트의 능력이 있다면 어 어떤 게 있는지 어 질문을 해 주셨는데요. 어 상위 일 퍼센트의 능력이라는 것은 굉장히 어 드문 경우인 것 같습니다. 그래서 아마 제가 가지고 있는 여러 어 능력들 장점들이 있다고 해도 상위 일 퍼센트라고 분명히 말씀드릴 수 있는 거는 쉽지 않을 것 같구요. 그런 것을 가지고 있다면 아마 어 그것을 또 인지하고 있다면 상위 일 퍼센트라는 것을 또 확실하게 어 알 수 있고 다른 사람에게 증명할 수 있는 능력이라면 어 아마 어 이런 어 면접보다는 훨씬 더 좋은 상황에서 지금 어 활약하고 있지 않을까 그렇게 생각을 합니다. 음 하지만 상위 일 퍼센트의 능력이라고 확신할 수는 없지만 그래도 제가 가지고 있는 어 어 능력을 좀 이렇게 귀한 능력이다 라고 생각이 되는 것은 어 상대방의 어떤 그런 이야기를 잘 이렇게 어 걸러서 잘 해석을 하고 그래서 상대방의 그 의도에 걸맞게 그것을 이해하는 능력인 것 같습니다. 어 그래서 우리나라 속담에는 개떡같이 말해도 찰떡같이 알아듣는다 뭐 이런 말을 어려서부터 예전부터 있었던 것으로 알고 있는데 그런 말처럼 상대방의 의도를 그 표현이 미숙하더라도 또 부정확하더라도 정확하게 그 의도나 어 그 일을 해석하는 능력은 매우 중요한 능력이라고 생각이 되고 어 그런 능력을 또 잘 갖추고 있다고 생각을 합니다.","wordCount":189},"emotion":[],"intent":[{"text":"","expression":"","category":"attitude"}],"summary":{"text":"상위 일 퍼센트의 능력을 확신할 수는 없지만, 상대방의 이야기를 잘 걸러서 잘 해석을 하고 상대방의 의도에 걸맞게 그것을 이해하는 능력인 것 같습니다. 상대의 의도를 정확하게 그 의도나 그 일을 해석하는 능력은 매우 중요한 능력이라고 생각되고, 그런 능력을 잘 갖추고 있다고 생각합니다.","wordCount":41}}},"rawDataInfo":{"question":{"fileFormat":"wav","fileSize":471758,"duration":14740,"samplingBit":16,"channelCount":1,"samplingRate":"16kHz","audioPath":"/Mock/04.RND/Male/New/ckmk_q_rnd_m_n_354003.wav"},"answer":{"fileFormat":"wav","fileSize":3604558,"duration":112640,"samplingBit":16,"channelCount":1,"samplingRate":"16kHz","audioPath":"/Mock/04.RND/Male/New/ckmk_a_rnd_m_n_354003.wav"}}}