{"version":"1.0","dataSet":{"info":{"date":"20230116","occupation":"RND","channel":"MOCK","place":"ONLINE","gender":"MALE","ageRange":"55-","experience":"NEW"},"question":{"raw":{"text":"살면서 가장 힘들었던 점은 무엇이었습니까 지원자님께서는 그 점을 극복하기 위해서 특별히 해왔던 노력이 있으십니까","wordCount":14},"emotion":[],"intent":[]},"answer":{"raw":{"text":"가장 힘들었던 시절은 대기업 직장을 자진 사퇴를 하고 나와서 자기 사업을 시작을 했는데 그 사업 자체가 실패로 끝나고 빚을 많이 졌습니다. 그에 대해서는 어떻게 따로 사업 자체로 회복할 수 있는 길이 없었기에 회사 사업을 포기를 하고 이를 극복하기 위해서 다시 에 직장인으로서 돌아가서 직장 생활을 하고 물론 이제 사업 포기하기 전에 약간의 그 도움이 있었습니다. 동업을 하겠다는 사람들이 나타나서 일부 어 빚에 대해서 어 조금은 도움이 되었던 것으로 기억이 됩니다. 하지만 결과적으로는 다시 직장 생활로 돌아갔습니다.","wordCount":76},"emotion":[],"intent":[{"text":"","expression":"","category":"attitude"}],"summary":{"text":"가장 힘들었던 시절은 대기업 직장을 자진 사퇴 하고 나와서 자기 사업을 시작했는데 그 사업 자체가 실패로 끝나고 빚을 많이 졌습니다. 이를 극복하기 위해서 다시 직장 생활을 하고 약간의 도움이 되었습니다.","wordCount":30}}},"rawDataInfo":{"question":{"fileFormat":"wav","fileSize":435278,"duration":13600,"samplingBit":16,"channelCount":1,"samplingRate":"16kHz","audioPath":"/Mock/04.RND/Male/New/ckmk_q_rnd_m_n_286964.wav"},"answer":{"fileFormat":"wav","fileSize":2517198,"duration":78660,"samplingBit":16,"channelCount":1,"samplingRate":"16kHz","audioPath":"/Mock/04.RND/Male/New/ckmk_a_rnd_m_n_286964.wav"}}}