{"version":"1.0","dataSet":{"info":{"date":"20230116","occupation":"RND","channel":"MOCK","place":"ONLINE","gender":"MALE","ageRange":"55-","experience":"NEW"},"question":{"raw":{"text":"이제까지 본인이 살면서 이룬 성과 중에 가장 큰 성과는 무엇이었나요 그 성과에 대해서 자랑 한 번 해 주시겠어요","wordCount":18},"emotion":[],"intent":[]},"answer":{"raw":{"text":"저는 기존에 하던 일이 아닌 어 새로운 일을 또 새로운 나라에 가서 시작을 했습니다. 멕시코에 가서 의류 부자재 회사의 현지 법인장을 맡으면서 상당히 큰 성과를 이루었다고 말씀을 드리겠습니다. 당시 멕시코의 그 회사에 부임을 하니 그 멕시코 회사의 법인 자체가 어 상당히 그 좋은 그런 성과를 내고 있는 회사임에도 불구하고 당시의 그 회계사나 변호사들이 어 회사의 그 사기를 쳐서 회사 장부 자체가 어 상당히 악성으로 세금 신고도 제대로 안 되어 있고 어 부채도 많이 쌓여있고 이런 회사로 탈바꿈 되어 있는 상황이어서 새로운 법인을 만들고 또 새로이 그 기존에 있는 커스터머들하고 어 판매 라인을 다시 구축을 하고 또 내부적인 결속을 다지고 어 커다란 회사를 큰 회사를 다시 그 우리의 고객으로 끌어들이고 하는 일련의 과정들을 어 제가 일 년에서 이 년에 걸쳐 어 이룩을 하고 회사를 정상화해서 어 상당히 그 그 이익을 많이 내는 그런 회사로 탈바꿈을 해 놓았습니다. 이것이 가장 큰 성과라고 말씀드리겠습니다.","wordCount":141},"emotion":[],"intent":[{"text":"","expression":"","category":"attitude"}],"summary":{"text":"멕시코에 가서 의류 부자재 회사의 현지 법인장을 맡으면서 상당히 큰 성과를 이루었다고 말씀을 드리겠습니다. 멕시코 회사의 법인 자체가 상당히 좋은 성과를 내고 있는 회사임에도 불구하고 회계사나 변호사들이 사기를 쳐서 상당히 그 이익을 많이 내는 회사로 탈바꿈 되어 있었습니다. 이것이 가장 큰 성과라고 말씀드리겠습니다.","wordCount":43}}},"rawDataInfo":{"question":{"fileFormat":"wav","fileSize":339278,"duration":10600,"samplingBit":16,"channelCount":1,"samplingRate":"16kHz","audioPath":"/Mock/04.RND/Male/New/ckmk_q_rnd_m_n_287051.wav"},"answer":{"fileFormat":"wav","fileSize":3742798,"duration":116960,"samplingBit":16,"channelCount":1,"samplingRate":"16kHz","audioPath":"/Mock/04.RND/Male/New/ckmk_a_rnd_m_n_287051.wav"}}}