{"version":"1.0","dataSet":{"info":{"date":"20230116","occupation":"RND","channel":"MOCK","place":"ONLINE","gender":"MALE","ageRange":"55-","experience":"NEW"},"question":{"raw":{"text":"이제까지 진행했던 프로젝트들 가운데 가장 기억에 남는 프로젝트가 있다면 그것이 어떤 점에서 기억에 남았는지 말씀해 주세요","wordCount":16},"emotion":[],"intent":[]},"answer":{"raw":{"text":"제가 한 프로젝트 중의 하나는 집에서 사용하는 모든 가전 제품을 한 컴퓨터가 관리하고 통제하고 조절할 수 있도록 여러 가지 반도체 제품을 융합해서 만드는 것이었습니다. 이는 상당히 우리 일상에 변화를 주는 시스템 이었습니다. 기존에 모든 것을 각자의 리모콘을 통해서 조절하던 가전제품을 컴퓨터 하나에게 다 의존할 수 있는 간편한 시스템이었습니다. 이것을 개인 컴퓨터 하나에 다 적용시켜서 시장에 내놓았을 때 상당한 보람을 느꼈습니다.","wordCount":60},"emotion":[],"intent":[{"text":"제가 한 프로젝트 중의 하나는 집에서 사용하는 모든 가전 제품을 한 컴퓨터가 관리하고 통제하고 조절할 수 있도록 여러 가지 반도체 제품을 융합해서 만드는 것이었습니다.","expression":"r_res_prf","category":"technology"}],"summary":{"text":"기존의 리모콘을 통해서 조절하던 가전제품을 컴퓨터 하나에 다 의존할 수 있는 간편한 시스템을 만들었습니다. 이것은 우리 일상에 상당히 변화를 주는 시스템입니다.","wordCount":21}}},"rawDataInfo":{"question":{"fileFormat":"wav","fileSize":334158,"duration":10440,"samplingBit":16,"channelCount":1,"samplingRate":"16kHz","audioPath":"/Mock/04.RND/Male/New/ckmk_q_rnd_m_n_304657.wav"},"answer":{"fileFormat":"wav","fileSize":2168078,"duration":67750,"samplingBit":16,"channelCount":1,"samplingRate":"16kHz","audioPath":"/Mock/04.RND/Male/New/ckmk_a_rnd_m_n_304657.wav"}}}