{"version":"1.0","dataSet":{"info":{"date":"20230116","occupation":"RND","channel":"MOCK","place":"ONLINE","gender":"MALE","ageRange":"-34","experience":"NEW"},"question":{"raw":{"text":"면접자가 생각하는 연구 개발은 무엇이라고 생각하는지 의견을 말해 주시겠습니까","wordCount":9},"emotion":[],"intent":[]},"answer":{"raw":{"text":"저는 무언가를 연구하고 개발하는 일이 정말로 멋있는 일이라고 생각합니다. 제가 연구하고 개발하는 일이 멋있다고 생각하는 이유는 세상에 있는 것들을 바탕으로 세상에 없었던 새로운 것들을 만들고 그렇게 세상에 새롭게 나온 것들이 사람들에게 어 편리함을 주기 때문인데요. 저는 그렇기 때문에 이 없었던 길을 마치 새로 걸어가는 것 같은 이 연구하고 개발하는 일에 있어서 정말 멋있다는 생각을 했습니다. 저는 어느 분야에서건 그 길을 처음 걸어간 어 최초의 사람에게는 그만한 메리트가 주어져야 한다고 생각합니다. 마치 우리나라의 첫 메이저 리거였던 박찬호 선수 그리고 한국인 첫 프리미어 리거였던 박지성 선수를 평가할 때 한국인 최초였다는 그것이 그들을 더 높게 평가하는 이유가 되는 것처럼 저는 모든 분야에서 이렇게 처음으로 그 길을 내딛는 사람들에 대한 고평가가 이뤄져야 한다고 생각하는데요. 그러한 부분에 있어서 연구하고 개발하는 것은 결국 비슷한 일을 반복하는 것처럼 보일 수도 있겠지만 새로운 것을 만들어 낸다는 어 차원에서 남들이 가지 않은 새로운 길을 개척하는 그런 개척가 정신이 돋보이는 업무라고 생각합니다. 그래서 저는 이러한 업무를 굉장히 멋있게 생각하고 그리고 이러한 업무를 통해서 우리 사회가 더 발전하고 더 사람들에게 도움을 줄 수 있는 그런 정말 좋은 의미 있는 업무라고 생각합니다.","wordCount":170},"emotion":[],"intent":[{"text":"저는 어느 분야에서건 그 길을 처음 걸어간 어 최초의 사람에게는 그만한 메리트가 주어져야 한다고 생각합니다.","expression":"c_value","category":"background"}],"summary":{"text":"모든 분야에서 처음 그 길을 걷는 사람들에 대한 고평가가 이뤄져야 한다고 생각합니다. 연구하고 개발하는 일은 남들이 가지 않은 새로운 길을 개척하는 개척가 정신이 돋보이는 업무라고 생각합니다. 이러한 업무를 통해서 우리 사회가 더 발전하고 더 사람들에게 도움을 줄 수 있는 그런 좋은 의미 있는 업무라고 생각됩니다.","wordCount":45}}},"rawDataInfo":{"question":{"fileFormat":"wav","fileSize":401998,"duration":12560,"samplingBit":16,"channelCount":1,"samplingRate":"16kHz","audioPath":"/Mock/04.RND/Male/New/ckmk_q_rnd_m_n_279713.wav"},"answer":{"fileFormat":"wav","fileSize":3745998,"duration":117060,"samplingBit":16,"channelCount":1,"samplingRate":"16kHz","audioPath":"/Mock/04.RND/Male/New/ckmk_a_rnd_m_n_279713.wav"}}}