{"version":"1.0","dataSet":{"info":{"date":"20230116","occupation":"RND","channel":"MOCK","place":"ONLINE","gender":"MALE","ageRange":"-34","experience":"NEW"},"question":{"raw":{"text":"본인이 생각하는 게 아니라 다른 사람이 생각하는 본인의 장점 단점은 뭐라고 생각을 하시나요 이유와 함께 말씀해 주시기 바랍니다","wordCount":18},"emotion":[],"intent":[]},"answer":{"raw":{"text":"제가 생각하는 다른 사람이 생각하는 저의 장점은 통찰력이라고 생각합니다. 저는 어떠한 문제를 마주하면 타인에 비해서 해당 문제에 그 본질을 빠르게 파악하는 편인데요. 제가 이러한 통찰력을 가지게 된 이유는 리더로써 경험을 많이 쌓으면서 이러한 문제를 해결해야 되는 그러한 경우를 많이 접했기 때문입니다. 처음에는 이 문제를 볼 때 굉장히 근시안적으로 보는 성향이 강했습니다. 그러다 보니 문제의 원인을 파악하는 데 시간이 오래 걸렸고 해결하는 데까지도 정말 많은 시행착오가 필요했는데요. 하지만 이러한 경험을 통해서 이제 저는 문제를 봤을 때 그 문제의 본질을 파악하는 통찰력을 기를 수 있었습니다. 이러한 저의 통찰력은 어떠한 단체 프로젝트를 할 때 특히 힘을 발휘하는데요. 그래서 사람들은 저를 두고 아 너 정말 넓은 시야로 본다 이런 평가를 많이 하곤 했습니다. 저의 단점은 저보다 나이가 어린 사람을 대할 때 조금 어색함을 느낀다는 것일 것입니다. 저는 저보다 나이가 어린 사람을 대할 때 어떻게 하면 편안하게 대화를 이끌어 나갈 수 있는지 그러한 부분이 타인에 비해 매우 부족하다고 생각합니다. 그래서 이런 저의 부족한 점을 보완하기 위해 저보다 나이가 어린 학생들을 가르치는 교육 경험을 많이 쌓았고 지금도 극복하기 위해 노력 중입니다.","wordCount":165},"emotion":[],"intent":[{"text":"제가 생각하는 다른 사람이 생각하는 저의 장점은 통찰력이라고 생각합니다.","expression":"c_person","category":"background"},{"text":"처음에는 이 문제를 볼 때 굉장히 근시안적으로 보는 성향이 강했습니다.","expression":"c_person","category":"background"},{"text":"하지만 이러한 경험을 통해서 이제 저는 문제를 봤을 때 그 문제의 본질을 파악하는 통찰력을 기를 수 있었습니다.","expression":"c_person","category":"background"}],"summary":{"text":"저는 리더로써 경험을 많이 쌓으면서 해당 문제에 그 본질을 빠르게 파악하는 통찰력을 가지게 되었습니다. 이러한 통찰력은 어떠한 단체 프로젝트를 할 때 힘을 발휘합니다. 하지만 저보다 나이가 어린 사람을 대할 때 어색함을 느끼는데, 이 부분을 보완하기 위해 나이가 어린 학생들을 가르치는 교육 경험을 많이 쌓고 지금도 극복하기 위해 노력 중입니다.","wordCount":49}}},"rawDataInfo":{"question":{"fileFormat":"wav","fileSize":458318,"duration":14320,"samplingBit":16,"channelCount":1,"samplingRate":"16kHz","audioPath":"/Mock/04.RND/Male/New/ckmk_q_rnd_m_n_256502.wav"},"answer":{"fileFormat":"wav","fileSize":3684238,"duration":115130,"samplingBit":16,"channelCount":1,"samplingRate":"16kHz","audioPath":"/Mock/04.RND/Male/New/ckmk_a_rnd_m_n_256502.wav"}}}