{"version":"1.0","dataSet":{"info":{"date":"20230116","occupation":"RND","channel":"MOCK","place":"ONLINE","gender":"MALE","ageRange":"55-","experience":"NEW"},"question":{"raw":{"text":"혹시 엔트로피를 알고 계시나요 엔트로피에 대해서 설명하시고 열역학 법칙도 함께 설명해 주시겠어요","wordCount":12},"emotion":[],"intent":[]},"answer":{"raw":{"text":"열역학 제 일 법칙은 어떤 고립된 계 총 내부 에너지는 일정하다는 법칙이고 만일 열역학계가 고립되어 있지 않다면 그 계의 내부 에너지는 두 개의 과정 즉 한 일과 가열 때문에 변화한다 이런 과정을 이야기할 수 있습니다. 다시 말해서 열역학 제 일 법칙은 열역학 계의 내외부 에너지 변화가 계 가해지는 열과 계가 주변에 한 일 사이의 차이와 같다는 것을 의미한다. 이 법칙은 대기에서 상상하는 공기 덩어리의 운동을 분석할 때 공기 덩어리와 주변 어 공기가 주고받는 일과 내부 에너지 변화 사이에 관계를 설명하는 데 사용합니다. 열역학 제 일 법칙은 간단히 말해서 외부의 특별한 개입 업 개입이 없다면은 에너지가 보존된다는 법칙입니다. 그리고 엔트로피의 개념은 어 사전적 의미로는 음 열역학적 상태 함수 어 계 즉 다시 말해서 시스템의 무지절 무질서도라고 표현을 하는데 이 열역학과 관계에서 아 참 어 모호한 그런 생각이 들기도 합니다.","wordCount":128},"emotion":[{"text":"열역학 제 일 법칙은 어떤 고립된 계 총 내부 에너지는 일정하다는 법칙이고 만일 열역학계가 고립되어 있지 않다면 그 계의 내부 에너지는 두 개의 과정 즉 한 일과 가열 때문에 변화한다 이런 과정을 이야기할 수 있습니다.","expression":"u-fact","category":"neutral"},{"text":"열역학 제 일 법칙은 간단히 말해서 외부의 특별한 개입 업 개입이 없다면은 에너지가 보존된다는 법칙입니다.","expression":"u-fact","category":"neutral"}],"intent":[{"text":"","expression":"","category":"attitude"}],"summary":{"text":"열역학 제 일 법칙은 고립된 계 총 내부 에너지는 일정하다는 법칙이고, 외부의 특별한 개입이 없어야지만 내부 에너지가 보존된다는 법칙입니다. 그리고 엔트로피의 개념은 시스템의 무지절 무질서도라고 하는데, 열역학과 관계에서 모호한 그런 생각이 들기도 합니다.","wordCount":33}}},"rawDataInfo":{"question":{"fileFormat":"wav","fileSize":326478,"duration":10200,"samplingBit":16,"channelCount":1,"samplingRate":"16kHz","audioPath":"/Mock/04.RND/Male/New/ckmk_q_rnd_m_n_246526.wav"},"answer":{"fileFormat":"wav","fileSize":3573838,"duration":111680,"samplingBit":16,"channelCount":1,"samplingRate":"16kHz","audioPath":"/Mock/04.RND/Male/New/ckmk_a_rnd_m_n_246526.wav"}}}