{"version":"1.0","dataSet":{"info":{"date":"20230116","occupation":"RND","channel":"MOCK","place":"ONLINE","gender":"MALE","ageRange":"-34","experience":"NEW"},"question":{"raw":{"text":"여러 사람들과 함께 일을 하다 보면 구성원들 간에 갈등이 생길 때가 있는데요 그럴 때는 보통 어떻게 해결하시나요","wordCount":17},"emotion":[],"intent":[]},"answer":{"raw":{"text":"예 그 가족 내의 부모들과 내가 부모 자식과 형제들과 또 뭐 불화 소음이 생기는데요. 구성원 간의 어떤 갈등이 있을 수 있죠. 이게 악의적인 게 아니고 선의적인 갈등이라면 제가 보기에는 좋은 일이 아닌가 생각합니다. 어 왜냐하면은 어떤 같은 일을 보더라도 동면의 동전의 양면이라고 생각이 다를 수가 있고 이해가 다를 수가 있습니다. 모든 우리한테 중요한 정보가 중요한 생각입니다. 그래서 한 마디로 내가 맞다 뭐 내로남불식으로 아 판단해서는 안 되겠고. 어 회사가 주어진 어떤 기간 안에 어떤 목표를 갖고 어 각각의 생각과 어떤 결과물에 대해서 충분한 토의를 갖고 한다면은 결국에는 두 가지 생각이 또는 그 이상의 그 방안을 가지고 더 좋은 결과를 나타낼 수 있는 그런 지름길이기 때문에 일종의 시행착오 아닌가 저는 이렇게 생각합니다. 그래서 그 갈등을 할 때 그로 인하여 어떤 업무를 진행하는 데 시기적인 어떤 지연이라든지 어떤 문제가 생기면 안 되기 때문에 그 상대방에게 충분한 그 해석하고 할 수 있는 시간을 주고 마찬가지로 자기의 의견도 소명할 수 기회를 주고 거기에 대한 최선의 가장 좋은 시간을 도출할 수 있는 시간을 만들고자 합니다.","wordCount":160},"emotion":[],"intent":[{"text":"","expression":"","category":"attitude"}],"summary":{"text":"구성원 간의 갈등이 있을 수 있는데, 이것이 악의적인 게 아니라 선의적인 갈등이라면 좋은 일입니다. 왜냐하면 같은 일을 보더라도 동면의 동전의 양면처럼 생각이 다를 수가 있기 때문입니다. 따라서 갈등을 할 때 상대방에게 충분한 시간을 주고 자기의 의견도 소명할 수 기회를 주고 거기에 대한 최선의 좋은 시간을 도출할 수 있는 시간을 만들고자 합니다.","wordCount":51}}},"rawDataInfo":{"question":{"fileFormat":"wav","fileSize":286798,"duration":8960,"samplingBit":16,"channelCount":1,"samplingRate":"16kHz","audioPath":"/Mock/04.RND/Male/New/ckmk_q_rnd_m_n_294656.wav"},"answer":{"fileFormat":"wav","fileSize":2937678,"duration":91800,"samplingBit":16,"channelCount":1,"samplingRate":"16kHz","audioPath":"/Mock/04.RND/Male/New/ckmk_a_rnd_m_n_294656.wav"}}}