{"version":"1.0","dataSet":{"info":{"date":"20230116","occupation":"RND","channel":"MOCK","place":"ONLINE","gender":"MALE","ageRange":"55-","experience":"NEW"},"question":{"raw":{"text":"본인의 십 년의 미래는 어떨 것 같나요 우선 저희 회사에는 계속 다니고 계실 것 같나요","wordCount":15},"emotion":[],"intent":[]},"answer":{"raw":{"text":"어 십 년 후는 아마 여행도 많이 할 거 같아요. 어 그리고 계속 무언가 일을 하면서 어 일하는 과정 속에서 워킹 앤드 러닝을 할 것 같습니다 지금처럼. 그러니까 어떤 조직에 소속되어 있으면서 일도 할 것 같고요. 또 커뮤니티를 만들어서 커뮤니티 멤버로서 혹은 커뮤니티의 어떤 대표로서도 활동을 여전히 하리라고 저는 생각을 합니다. 그것을 통해서 주변 지인들에게 특별히 중장년 새 출발을 할려고 하는 분들에게 창직에 대한 부분 창업에 대한 부분 혹은 프리랜서로서 활동할 수 있는 부분에 대해서 제가 길안내를 충분히 할 수 있다 라고 생각을 합니다. 얼마 전에 제가 상담하신 분이 한 분 계신데 제가요. 어 그 내담자에게 이런 말씀을 드렸어요. 여성분이었는데 어 안정된 직장을 한 번도 가진 적이 없다고 하더라고요. 그래서 제가 가지고 있는 강점이 무엇입니까. 그랬더니 영어를 잘 하신다고 그래서 그러면 영어를 통해서 주변 사람들에게 본인을 알리라 했습니다. 처음에는 인컴에 대한 부분을 생각하지 말고 어 봉사로서 일을 진행하다 보면 그것이 결국 나에게 직업으로 다가올 수 있다 라고 상담을 해 드렸는데 굉장히 만족한 결과를 제가 얻은 기억이 납니다. 저에게도 마찬가지라고 생각을 합니다.","wordCount":161},"emotion":[],"intent":[{"text":"","expression":"","category":"attitude"}],"summary":{"text":"십 년 후는 여행도 많이 하고 워킹 앤드 러닝을 계속 할 것 같습니다. 어떤 조직에 소속되어 있으면서 일도 하고, 커뮤니티를 만들어서 구성원으로서 혹은 대표로서도 활동을 할 것으로 생각합니다. 이를 통해 주변 지인들에게 창직, 창업, 프리랜서로서 활동할 수 있는 부분에 대해 제가 길안내를 충분히 할 수 있다 라고 생각을 합니다.","wordCount":49}}},"rawDataInfo":{"question":{"fileFormat":"wav","fileSize":236238,"duration":7380,"samplingBit":16,"channelCount":1,"samplingRate":"16kHz","audioPath":"/Mock/04.RND/Male/New/ckmk_q_rnd_m_n_319052.wav"},"answer":{"fileFormat":"wav","fileSize":3152078,"duration":98500,"samplingBit":16,"channelCount":1,"samplingRate":"16kHz","audioPath":"/Mock/04.RND/Male/New/ckmk_a_rnd_m_n_319052.wav"}}}