{"version":"1.0","dataSet":{"info":{"date":"20230116","occupation":"RND","channel":"MOCK","place":"ONLINE","gender":"MALE","ageRange":"35-44","experience":"NEW"},"question":{"raw":{"text":"만약 지원자분께서 지금 지원하신 이 직무가 아니라 완전히 다른 직무 부서에 배치되게 된다면 그와 같은 일을 어떻게 처리하실지 궁금합니다 그래도 괜찮으실까요","wordCount":21},"emotion":[],"intent":[]},"answer":{"raw":{"text":"제가 지원하지 않는 직무에 배치된다 하더라도 저는 긍정적으로 받아들일 준비가 되어 있습니다. 한 회사 내에서 한 조직 내에서 모든 업무는 연결되어 있다고 생각합니다. 영업 활동만으로는 회사가 굴러가지 않으며 사무실에서의 테스크 워킹만으로도 회사의 이익을 추구할 수는 없습니다. 제가 만약 테스킹 업무에 숙달이 되었다면은 영업 현장에 나가서도 정확한 지원을 효율적으로 받을 수 있는 발판이 될 것이며 영업 현장에 먼저 나갔다가 내부 부서로 옮기 듣게 된다 하더라도 영업 현장의 경험이 내부 직무를 시행하는데 아주 큰 도움이 될 것이라고 확신합니다. 그렇기 때문에 제가 지원하지 않는 다른 부서에 배치되어도 저는 괜찮습니다.","wordCount":86},"emotion":[],"intent":[{"text":"","expression":"","category":"attitude"}],"summary":{"text":"영업 활동만으로는 회사가 굴러가지 않으며 사무실에서의 테스크 워킹만으로도 회사의 이익을 추구할 수는 없습니다. 테스킹 업무에 숙달이 되었다면 영업 현장의 경험이 내부 직무를 시행하는데 아주 큰 도움이 될 것입니다.","wordCount":28}}},"rawDataInfo":{"question":{"fileFormat":"wav","fileSize":658638,"duration":20580,"samplingBit":16,"channelCount":1,"samplingRate":"16kHz","audioPath":"/Mock/04.RND/Male/New/ckmk_q_rnd_m_n_296191.wav"},"answer":{"fileFormat":"wav","fileSize":2698318,"duration":84320,"samplingBit":16,"channelCount":1,"samplingRate":"16kHz","audioPath":"/Mock/04.RND/Male/New/ckmk_a_rnd_m_n_296191.wav"}}}