{"version":"1.0","dataSet":{"info":{"date":"20230116","occupation":"RND","channel":"MOCK","place":"ONLINE","gender":"MALE","ageRange":"-34","experience":"NEW"},"question":{"raw":{"text":"본인의 전공과 관련해서 최근 부족함을 느낀 뒤 따로 공부하고 있는 분야가 있나요","wordCount":12},"emotion":[],"intent":[]},"answer":{"raw":{"text":"어 저는 유기 화학에 대한 내용이 조금 부족하다고 생각합니다. 어 제가 학부 연구생으로 교내 프로젝트에 참여했던 분야가 무기 화학과 표면 화학 환경 화학 분야였습니다. 그렇기 때문에 저는 프로젝트에 대한 이해도를 높이기 위해서 유기 화학 투 과목이 아니라 무기 화학과 어 표면 분석 화학에 관한 내용들 위주로 강의를 수강 수강했었습니다. 어 이건 분명한 제 실수입니다. 제 직종은 무기 화학이 아닌 유기 화학과 가까운 쪽의 꿈을 꾸고 있었는데 단지 눈앞에 있는 근시안적인 사고로 이제 무기 화학에 대한 내용만을 공부하면서 정작 실무에 필요한 많은 지식들은 갖추지 못하였습니다. 그렇기 때문에 조건 저는 조금 더 신경 써서 이 현재에 이르러서 유기 화학적 지식을 쌓고자 맥머리의 유기 화학 그리고 스미스의 유기 화학책을 참고해서 스스로 유기 화학에 대한 내용을 따로 공부를 진행하고 있습니다.","wordCount":116},"emotion":[],"intent":[{"text":"그렇기 때문에 저는 프로젝트에 대한 이해도를 높이기 위해서 유기 화학 투 과목이 아니라 무기 화학과 어 표면 분석 화학에 관한 내용들 위주로 강의를 수강 수강했었습니다.","expression":"r_prof","category":"attitude"},{"text":"그렇기 때문에 조건 저는 조금 더 신경 써서 이 현재에 이르러서 유기 화학적 지식을 쌓고자 맥머리의 유기 화학 그리고 스미스의 유기 화학책을 참고해서 스스로 유기 화학에 대한 내용을 따로 공부를 진행하고 있습니다.","expression":"r_prof","category":"attitude"}],"summary":{"text":"저는 학부 연구생으로 교내 프로젝트에 참여했던 분야가 무기 화학과 표면 화학 환경 화학 분야였기 때문에 프로젝트에 대한 이해도를 높이기 위해 유기 화학 투 과목이 아니라 표면 분석 화학에 관한 내용들 위주로 강의를 수강 수강했었습니다. 실무에 필요한 지식들은 갖추지 못해서 따로 공부하고 있습니다.","wordCount":42}}},"rawDataInfo":{"question":{"fileFormat":"wav","fileSize":241358,"duration":7540,"samplingBit":16,"channelCount":1,"samplingRate":"16kHz","audioPath":"/Mock/04.RND/Male/New/ckmk_q_rnd_m_n_328956.wav"},"answer":{"fileFormat":"wav","fileSize":1704078,"duration":53250,"samplingBit":16,"channelCount":1,"samplingRate":"16kHz","audioPath":"/Mock/04.RND/Male/New/ckmk_a_rnd_m_n_328956.wav"}}}