{"version":"1.0","dataSet":{"info":{"date":"20230116","occupation":"RND","channel":"MOCK","place":"ONLINE","gender":"MALE","ageRange":"-34","experience":"NEW"},"question":{"raw":{"text":"현대 사회에서 없어서는 안되고 가장 중요하다고 생각하시는 직업이 있으시다면 한 가지만 골라서 답변 부탁드리도록 하겠습니다","wordCount":15},"emotion":[],"intent":[]},"answer":{"raw":{"text":"가장 중요한 것은 국민의 건강을 증진하는 데 중요한 역할을 하는 제약 바이오 알엔디 산업에 종사하는 직무분들 혹은 최우선에서 최일선에서 국민의 안전을 담당하는 소방관 경찰관 등이 가장 필요하다고 생각합니다. 현대 사회 많은 기술들은 에이아이 기술과 로봇 기술의 발전으로 점차 대체되어 나가고 있습니다. 실제로 연간 육십 억 정 이상의 이제 정제를 생산할 수 있는 생산 능력을 가진 제약 공장의 경우에도 실제 관리하는 관리 인원들은 다섯 명밖에 안 된다고 합니다. 그만큼 로봇 기술이 많이 발전했고 사 사업의 자동화로 인해서 공정 효율이 최대화되고 있는 상황입니다. 하지만 로봇이 아무리 발전해도 결코 대체할 수 없는 분야가 있다고 생각합니다. 인간이 인간의 두뇌를 사용해서 새로운 물질을 만들어내고 또한 인간을 발생할 수 있는 위협으로부터 보호하는 이러한 직무는 로봇이 아닌 반드시 인간이 진행하여야 한다고 생각합니다. 특히 안전 직무의 경우 더욱 그렇습니다. 경찰관 그리고 매몰된 현장에서 사람들을 구하는 소방관 로봇이 있을 경우는 더욱더 큰 힘을 발휘해서 더 빠르게 구조현장이 이루어질 수 있습니다. 하지만 매 순간 유동적인 사람의 감정을 공감하면서 그런 상황에 최적의 판단을 내릴 수 있을 능력은 아직 로봇이 갖추지 못하였다고 생각합니다. 따라서 일선에 최우선에서 인간들의 안전을 책임지는 안전 직무는 그 무엇보다도 사람이 필요한 현대 사회에 없어서는 안 될 직무라고 생각합니다.","wordCount":180},"emotion":[],"intent":[{"text":"인간이 인간의 두뇌를 사용해서 새로운 물질을 만들어내고 또한 인간을 발생할 수 있는 위협으로부터 보호하는 이러한 직무는 로봇이 아닌 반드시 인간이 진행하여야 한다고 생각합니다.","expression":"c_value","category":"background"}],"summary":{"text":"인간의 두뇌를 사용해서 새로운 물질을 만들어내고 또한 인간을 발생할 수 있는 위협으로부터 보호하는 직무는 반드시 인간이 진행하여야 한다고 생각합니다. 특히 안전 직무의 경우 더욱 그렇습니다. 경찰관 그리고 매몰된 현장에서 사람들을 구하는 소방관 로봇이 있을 경우는 더욱 빨리 구조현장이 이루어질 수 있지만 상황 판단은 인간이 해야 한다고 생각합니다. 따라서 안전 직무는 현대 사회에 없어서는 안 될 직무라고 생각합니다.","wordCount":57}}},"rawDataInfo":{"question":{"fileFormat":"wav","fileSize":356558,"duration":11140,"samplingBit":16,"channelCount":1,"samplingRate":"16kHz","audioPath":"/Mock/04.RND/Male/New/ckmk_q_rnd_m_n_328961.wav"},"answer":{"fileFormat":"wav","fileSize":3018318,"duration":94320,"samplingBit":16,"channelCount":1,"samplingRate":"16kHz","audioPath":"/Mock/04.RND/Male/New/ckmk_a_rnd_m_n_328961.wav"}}}