{"version":"1.0","dataSet":{"info":{"date":"20230116","occupation":"RND","channel":"MOCK","place":"ONLINE","gender":"MALE","ageRange":"35-44","experience":"NEW"},"question":{"raw":{"text":"본인의 성격상 장점과 단점에 대해 각각 말씀해 주시는데 말씀해 주실 때 구체적인 예시와 함께 말씀해 주시면 좋겠습니다","wordCount":17},"emotion":[],"intent":[]},"answer":{"raw":{"text":"저의 성격상 장점은 어 첫 번째로 인내심이 아주 강하다는 것입니다. 그래서 어 업무든 공부든 장기적으로 소요되는 일에 있어서 그 누구보다도 잘 한다고 생각합니다. 어 특히 영어와 같은 어 장기적으로 공부를 해야 되는 그런 일에 있어서 어 좋은 성과를 내고 있습니다. 하지만 어 단점은 제가 많이 게으르다는 점입니다. 어 그래서 하는 일을 좀 많이 미루기도 하고 어 까먹기도 합니다. 어 그래서 지금은 그 점을 개선하기 위해서 계획을 세우고 일정을 하나씩 하나씩 확인하는 일을 하고 있습니다. 어 그걸 통해서 제 단점을 많이 보완하고 있습니다.","wordCount":82},"emotion":[],"intent":[{"text":"저의 성격상 장점은 어 첫 번째로 인내심이 아주 강하다는 것입니다.","expression":"c_person","category":"background"}],"summary":{"text":"저는 인내심이 아주 강해서 장기적으로 소요되는 일에 성과를 내고 있습니다. 하지만 일을 많이 미루거나 깜빡하기도 해서, 그 점을 개선하기 위해 계획을 세우고 일정을 확인하는 일을 하고 있입니다.","wordCount":27}}},"rawDataInfo":{"question":{"fileFormat":"wav","fileSize":349198,"duration":10910,"samplingBit":16,"channelCount":1,"samplingRate":"16kHz","audioPath":"/Mock/04.RND/Male/New/ckmk_q_rnd_m_n_291730.wav"},"answer":{"fileFormat":"wav","fileSize":2363598,"duration":73860,"samplingBit":16,"channelCount":1,"samplingRate":"16kHz","audioPath":"/Mock/04.RND/Male/New/ckmk_a_rnd_m_n_291730.wav"}}}