{"version":"1.0","dataSet":{"info":{"date":"20230116","occupation":"RND","channel":"MOCK","place":"ONLINE","gender":"MALE","ageRange":"35-44","experience":"NEW"},"question":{"raw":{"text":"만약 자신이 직접 해외 출장 장소를 선택할 수 있다면 어느 나라에 가서 꼭 한 번 일을 해보고 싶으신가요","wordCount":18},"emotion":[],"intent":[]},"answer":{"raw":{"text":"네 저는 해외 출장을 선택한다 그러면 중국을 선택하겠습니다. 또는 인제 넓게 얘기하면 중화권을 얘기하고 싶습니다. 어 최근에는 그 좀 중국에 대한 열기가 많이 이렇게 식었죠. 그 이유는 이제 저희의 문제가 아니라 어 뭐 미국과 중국과 한 여러 가지 무역 전쟁이라든지 많은 것들이 있다 보니까 아 저희도 인제 그 중간에 있어서 그 여러 가지로 조금 제한적으로 어떤 그런 불편한 관계가 좀 같이 이렇게 진행이 되고 있는데 제가 봤을 때는 그럴수록 저희가 어차피 그 이웃 국가 아닙니까. 뭐 결코 그 멀리 할 수 없는 곳입니다. 그러다 보니까 조금 더 그쪽으로 조금 큰 그림으로 좀 어려움이 있을 수 있다 하더라도 작은 그림으로서 작게는 기업 더 작게는 개인으로서 그럴수록 이 국가를 좀 더 많이 찾아가고 또 과거에 알았던 고객들을 좀 더 살피고 해서 지금 이런 불편한 관계를 겪고 우리 두 회사나 개인적인 어떤 그 원인으로 발생된 것이 아니기 때문에 서로 간에 위안을 갖고 서로 간에 이해를 더 깊게 할 수 있는 또 새로운 일을 준비할 수 있는 기간이라고 생각하고 좀 더 많은 대화를 하고 많은 것을 같이 준비하는 그런 어 시간이라고 어 활용했으면 좋겠습니다. 그러기 때문에 이 시간 활용을 더 많은 것을 준비하는 어 그런 시간으로 갖고자 합니다.","wordCount":184},"emotion":[],"intent":[{"text":"","expression":"","category":"attitude"}],"summary":{"text":"최근 중국에 대한 관심이 많이 식었지만, 이웃 국가이기 때문에 멀리 할 수 없는 곳입니다. 서로 간에 위안을 갖고 새로운 일을 준비할 수 있는 기간이라고 생각하고 많은 대화를 하고 많은 것을 같이 준비하는 시간으로 갖고자 합니다.","wordCount":35}}},"rawDataInfo":{"question":{"fileFormat":"wav","fileSize":339918,"duration":10620,"samplingBit":16,"channelCount":1,"samplingRate":"16kHz","audioPath":"/Mock/04.RND/Male/New/ckmk_q_rnd_m_n_344253.wav"},"answer":{"fileFormat":"wav","fileSize":3057358,"duration":95540,"samplingBit":16,"channelCount":1,"samplingRate":"16kHz","audioPath":"/Mock/04.RND/Male/New/ckmk_a_rnd_m_n_344253.wav"}}}