{"version":"1.0","dataSet":{"info":{"date":"20230116","occupation":"RND","channel":"MOCK","place":"ONLINE","gender":"MALE","ageRange":"55-","experience":"NEW"},"question":{"raw":{"text":"지금부터 삼 년 뒤까지 삼 년 내에 주요 성장 계획이나 목표가 있다면 그것이 무엇인지 궁금합니다","wordCount":15},"emotion":[],"intent":[]},"answer":{"raw":{"text":"성장 계획을 삼 년 기간으로 말씀을 드리면 삼 년 후에 에 두 가지 면으로 성장을 하고자 합니다. 첫 번째 개인적으로는 건강을 증진시키고 건강한 삶을 위해서 보다 더 좋은 체력을 단련을 해서 어 튼튼한 몸을 갖고자 합니다. 삼 년 후에 제가 턱걸이 열 다섯 개는 할 수 있을 것이라고 봅니다. 두 번째는 업무적인 건데요 업무적으로는 어 인공지능 분야의 전문가가 되기를 원합니다. 그게 목표입니다. 인공지능 분야라 하면 어 제가 지금 하고 있는 그 빅데이타나 데이터 분석 분야가 있을 수 있고 또 그를 이용해서 어 시스템을 구축하는 그런 구축 분야가 있을 수 있고 여러 데이터들을 가지고 오는 끌어오는 크롤링 분야가 있을 수도 있고 인공지능 자체적인 분야가 있을 수도 있습니다. 이를 아울러서 어 배우고 수행 수행해 나가면서 전문가로서의 입지를 어 공고히 하는 게 삼 년 후에 계획이라고 말씀드리겠습니다.","wordCount":124},"emotion":[],"intent":[{"text":"","expression":"","category":"attitude"}],"summary":{"text":"삼 년 후에 개인적으로는 건강을 증진시키고 건강한 삶을 위해서 보다 더 좋은 체력을 단련해서 튼튼한 몸을 갖고자 합니다. 두 번째는 업무적으로는 인공지능 분야의 전문가가 되고 싶습니다. 인공지능 분야를 배우고 수행해 나가면서 전문가로서의 입지를 단단히 하겠습니다.","wordCount":35}}},"rawDataInfo":{"question":{"fileFormat":"wav","fileSize":275918,"duration":8620,"samplingBit":16,"channelCount":1,"samplingRate":"16kHz","audioPath":"/Mock/04.RND/Male/New/ckmk_q_rnd_m_n_324721.wav"},"answer":{"fileFormat":"wav","fileSize":3394638,"duration":106080,"samplingBit":16,"channelCount":1,"samplingRate":"16kHz","audioPath":"/Mock/04.RND/Male/New/ckmk_a_rnd_m_n_324721.wav"}}}