{"version":"1.0","dataSet":{"info":{"date":"20230116","occupation":"RND","channel":"MOCK","place":"ONLINE","gender":"MALE","ageRange":"35-44","experience":"NEW"},"question":{"raw":{"text":"이전에 직장이나 혹은 대학교에서 프로젝트를 해 본 것 중 생각나시는 게 있다면 그때 생각나시는 것을 한 번 말씀해 주시겠어요","wordCount":19},"emotion":[],"intent":[]},"answer":{"raw":{"text":"제가 대학에서 했던 프로젝트는 바로 축제에서 고구마 튀김을 파는 포장마차를 여는 것이었습니다. 제가 대학교 삼 학년이 될 때까지 우리 학교 축제에서는 학생들이 직접 물건을 파는 공간이 없었습니다. 그래서 저는 남들이 주목하지 않는 곳에 조그마한 포장마차를 세워 술이 아닌 고구마 튀김이나 기타 주전부리를 파는 기획을 실행하였고 그 일로 인해 다른 대학 동기들과 쏠쏠한 수익을 얻기도 하였습니다.물론 그 수익으로 더 재미있는 축제를 즐길 수도 있었습니다. 제가 그 프로젝트를 시행하고 난 이후에 다른 학과들도 그것을 보고 포장마차를 열어 향후 축제 기간에는 그 포장마차 거리가 그 축제의 명물이 되기도 하였습니다.","wordCount":86},"emotion":[],"intent":[{"text":"","expression":"","category":"attitude"}],"summary":{"text":"제가 대학에서 했던 프로젝트는 축제에서 고구마튀김을 파는 포장마차를 여는 것이었습니다. 그 프로젝트로 인해 다른 동기들과 쏠쏠한 수익을 얻었고, 그 수익으로 더 재미있는 축제를 즐길 수도 있었습니다.","wordCount":26}}},"rawDataInfo":{"question":{"fileFormat":"wav","fileSize":328718,"duration":10270,"samplingBit":16,"channelCount":1,"samplingRate":"16kHz","audioPath":"/Mock/04.RND/Male/New/ckmk_q_rnd_m_n_320889.wav"},"answer":{"fileFormat":"wav","fileSize":2626958,"duration":82090,"samplingBit":16,"channelCount":1,"samplingRate":"16kHz","audioPath":"/Mock/04.RND/Male/New/ckmk_a_rnd_m_n_320889.wav"}}}