{"version":"1.0","dataSet":{"info":{"date":"20230116","occupation":"RND","channel":"MOCK","place":"ONLINE","gender":"MALE","ageRange":"55-","experience":"NEW"},"question":{"raw":{"text":"지원자님께서 입사 후에 기존에 원하던 일을 못 하게 된다면 어떻게 하실 건가요 또한 지원자님이 하실려고 하는 그 행동의 이유에 대해서도 말씀해 주세요","wordCount":22},"emotion":[],"intent":[]},"answer":{"raw":{"text":"저는 기존에 했던 일을 하기 위해서 원하던 일을 하기 위해서 이 회사에 입사 지원을 한 건 아닙니다. 어 여러 가지 일이 분명히 존재할 것이고 이 상존한 여러 가지 일들을 그 해내기 위해서 이를 위해서 이곳에 지원한 것이지 내가 원한다 원하지 않는다를 판가름하기 위해서 그렇게 지원한 건 아닙니다. 그래서 어 기존에 했던 일을 만약에 제가 하게 되면 좀 더 익숙하게 아니면은 습관적으로 어 아니면 조금 더 일을 하는 데 보탬이 될 수 있는 일이 되겠지만 기존에 해왔던 일이 아니고 또 원하지 않는 일이라도 이런 일이고 일을 하는데 그렇게 못할 일이 있겠습니까. 제가 여기에 뭐 청소부로 어 지원하지 않았더라도 청소를 해야 될 상황이 뭐 한 두 번 있지 않겠어요. 그러면 청소를 해야 되는 게 마땅한 거죠. 왜 일을 위해서 청소를 해야 되니까요. 사람을 위해서는 청소할 필요는 없습니다. 일을 위해서 하는 청소 그거는 반드시 어 구성원들이 가져야 될 기본적인 마인드라고 그렇게 생각합니다.","wordCount":139},"emotion":[],"intent":[{"text":"","expression":"","category":"attitude"}],"summary":{"text":"이 회사에 입사지원한 목적은 기존의 일을 하기 위해서가 아니라 상존하는 여러 가지 일들을 해나가기 위한 것이었습니다. 기존에 해왔던 일이 아니고 원하지 않는 일이라도 일을 하는데 그렇게 못할 일이 없습니다. 사람은 일을 위해서 청소할 필요는 없으며 일을 위해서 하는 청소는 구성원들이 가져야 될 기본적인 마인드라고 생각합니다.","wordCount":45}}},"rawDataInfo":{"question":{"fileFormat":"wav","fileSize":553038,"duration":17280,"samplingBit":16,"channelCount":1,"samplingRate":"16kHz","audioPath":"/Mock/04.RND/Male/New/ckmk_q_rnd_m_n_247567.wav"},"answer":{"fileFormat":"wav","fileSize":3055438,"duration":95480,"samplingBit":16,"channelCount":1,"samplingRate":"16kHz","audioPath":"/Mock/04.RND/Male/New/ckmk_a_rnd_m_n_247567.wav"}}}