{"version":"1.0","dataSet":{"info":{"date":"20230116","occupation":"RND","channel":"MOCK","place":"ONLINE","gender":"MALE","ageRange":"35-44","experience":"NEW"},"question":{"raw":{"text":"협업하는 과제와 혼자 하는 과제 중에서 무엇을 더욱 선호하시나요 그렇게 생각하시는 이유도 함께 들어보고 싶습니다","wordCount":15},"emotion":[],"intent":[]},"answer":{"raw":{"text":"저는 어 협업하는 과제와 혼자 하는 과제 중에서 협업하는 과제를 쪼금 더 선호하는 편입니다. 왜냐하면 어 혼자 하는 과제는 제가 어 기획에서부터 완성까지 어 완료해야 되기 때문에 놓치는 부분이 많다고 생각합니다. 그래서 어 팀원들 간 상호 보완적으로 어 서로 도울 수 있는 협업하는 과제 과제가 훨씬 더 어 더 효율적이고 저한테 더 맞다고 생각합니다.","wordCount":54},"emotion":[],"intent":[{"text":"그래서 어 팀원들 간 상호 보완적으로 어 서로 도울 수 있는 협업하는 과제 과제가 훨씬 더 어 더 효율적이고 저한테 더 맞다고 생각합니다.","expression":"c_cop","category":"personality"}],"summary":{"text":"팀원들 간 상호 보완적으로 서로 도울 수 있는 협업하는 과제가 훨씬 더 효율적이고 저한테 더 맞다고 생각합니다. 협업하는 과제를 훨씬 더 선호하는 편입니다.","wordCount":23}}},"rawDataInfo":{"question":{"fileFormat":"wav","fileSize":571918,"duration":17870,"samplingBit":16,"channelCount":1,"samplingRate":"16kHz","audioPath":"/Mock/04.RND/Male/New/ckmk_q_rnd_m_n_279173.wav"},"answer":{"fileFormat":"wav","fileSize":1290638,"duration":40330,"samplingBit":16,"channelCount":1,"samplingRate":"16kHz","audioPath":"/Mock/04.RND/Male/New/ckmk_a_rnd_m_n_279173.wav"}}}