{"version":"1.0","dataSet":{"info":{"date":"20230116","occupation":"RND","channel":"MOCK","place":"ONLINE","gender":"MALE","ageRange":"35-44","experience":"NEW"},"question":{"raw":{"text":"혹시 우리 회사에 들어와서 본인이 해보고 싶은 업무가 있으신가요 있으시다면 그 이유도 함께 얘기해 주세요","wordCount":15},"emotion":[],"intent":[]},"answer":{"raw":{"text":"저는 이 회사에서 이벤트 마케팅을 담당해 보고 싶습니다. 저는 영업점 지점장을 하며 크고 작은 영업 행사를 많이 진행해 보았습니다. 고객 감사 행사 특별 고객 초청 강연 등 고객의 니즈와 욕구를 충족할 수 있는 다양한 이벤트 마케팅을 기획하고 또 진행해 보았습니다. 이것은 제가 다른 이들과 차별되는 저만의 강점이라고 생각합니다. 많은 이벤트들의 자신감을 가지고 있으며 어떠한 기획이라도 소화해 낼 자신이 있습니다. 그래서 저는 이 회사에서 이벤트 마케팅을 담당해 보고 싶습니다.","wordCount":68},"emotion":[],"intent":[{"text":"","expression":"","category":"attitude"}],"summary":{"text":"영업점 지점장을 하며 고객 감사 행사, 특별 고객 초청 강연 등 고객의 욕구와 욕구를 충족할 수 있는 다양한 이벤트 마케팅을 기획하고 또 진행해 보았습니다. 이것은 저만의 강점입니다.","wordCount":27}}},"rawDataInfo":{"question":{"fileFormat":"wav","fileSize":290638,"duration":9080,"samplingBit":16,"channelCount":1,"samplingRate":"16kHz","audioPath":"/Mock/04.RND/Male/New/ckmk_q_rnd_m_n_296188.wav"},"answer":{"fileFormat":"wav","fileSize":2208078,"duration":69000,"samplingBit":16,"channelCount":1,"samplingRate":"16kHz","audioPath":"/Mock/04.RND/Male/New/ckmk_a_rnd_m_n_296188.wav"}}}