{"version":"1.0","dataSet":{"info":{"date":"20230116","occupation":"RND","channel":"MOCK","place":"ONLINE","gender":"MALE","ageRange":"55-","experience":"NEW"},"question":{"raw":{"text":"지원자분께서 직무를 수행하는 도중에 모르는 과제가 등장했다고 한다면 그 해결법과 이유에 대해서 말씀해 주시면 좋겠습니다 구체적으로 이야기해 주세요","wordCount":18},"emotion":[],"intent":[]},"answer":{"raw":{"text":"직무 시 모르는 과제가 발생하면 전문가의 조언을 구하는 것이 현명하다고 생각합니다. 회사의 직무는 정해진 시간이 있고 기대하는 완성품이 있습니다. 그 조건을 맞추기 위해서 개인적인 노력은 어려울 수 있습니다. 전문가를 섭외해서 그의 도움을 받아 임무를 완성시킨다면 완성도도 높고 정해진 시간 내에 회사에서 기대하는 임무를 맞출 수도 있어서 훨씬 회사에 이익이 된다고 생각합니다.","wordCount":51},"emotion":[],"intent":[{"text":"","expression":"","category":"attitude"}],"summary":{"text":"회사의 직무는 정해진 시간, 기대하는 완성품이 있습니다. 그것을 맞추기 위해 개인적인 노력은 어려울 수 있으나 전문가를 섭외해 완성시킨다면 완성도도 높고 회사도 이익입니다.","wordCount":22}}},"rawDataInfo":{"question":{"fileFormat":"wav","fileSize":614478,"duration":19200,"samplingBit":16,"channelCount":1,"samplingRate":"16kHz","audioPath":"/Mock/04.RND/Male/New/ckmk_q_rnd_m_n_342510.wav"},"answer":{"fileFormat":"wav","fileSize":1803918,"duration":56370,"samplingBit":16,"channelCount":1,"samplingRate":"16kHz","audioPath":"/Mock/04.RND/Male/New/ckmk_a_rnd_m_n_342510.wav"}}}