{"version":"1.0","dataSet":{"info":{"date":"20230116","occupation":"RND","channel":"MOCK","place":"ONLINE","gender":"MALE","ageRange":"-34","experience":"NEW"},"question":{"raw":{"text":"혹시 매일 공부하고 있는 분야가 따로 있다면 그것을 왜 공부하고 있는지 그 이유도 함께 설명해 주세요","wordCount":16},"emotion":[],"intent":[]},"answer":{"raw":{"text":"아이 부끄럽습니다. 그 매일매일 따로 공부하는 분야가 없습니다. 그 물론 그 뭐 연초에 여러 가지 이렇게 뭐 올해 무엇을 할 것인가 아 많은 것을 기록하고 또 어 만들어놨지만 제대로 안 되고 있네요. 지켜지지 못하고 있습니다. 어 뭐 거기에는 뭐 외국어라든지 자격증이라든지 뭐 그런 것도 있었지만 어 사실 뭐 어떤 사회생활을 하면서 가정생활을 하면서 어 쉽지만은 않은 것 같습니다. 저희 어떤 의지가 많이 부족했던 것 같고요. 어 그래서 기회가 된다면 앞에서도 말씀드렸지만은 이 외국어 공부 어 저게 좀 많이 좀 추가하고 싶고 그다음에는 좀 내공을 살 수 있는 심신 단련 스트레스 풀 수 있는 그런 쪽에 공부를 좀 많이 더 하고 싶습니다. 물론 이것들이 뭐 종교라든지 다른 쪽을 통해서도 어 가능하겠지만 어떤 그런 그 어떤 수양이라든지 힐링이라든지 이런 쪽을 통해서 어 좀 더 해결할 수 있는 나 스스로의 방법을 찾고 싶습니다. 뭐 부끄럽지만 이 정도로 답변을 하겠습니다.","wordCount":136},"emotion":[{"text":"아이 부끄럽습니다.","expression":"n-shame","category":"negative"}],"intent":[{"text":"","expression":"","category":"attitude"}],"summary":{"text":"매일 따로 공부하는 분야가 없습니다. 외국어, 자격증도 있지만 가정생활이 쉽지 않아 의지가 부족합니다. 외국어 공부와 심신 단련 스트레스 풀 수 있는 공부를 하고 싶습니다. 종교, 수양, 힐링을 통해 해결 할 수 있는 방법을 찾겠습니다.","wordCount":34}}},"rawDataInfo":{"question":{"fileFormat":"wav","fileSize":281678,"duration":8800,"samplingBit":16,"channelCount":1,"samplingRate":"16kHz","audioPath":"/Mock/04.RND/Male/New/ckmk_q_rnd_m_n_294750.wav"},"answer":{"fileFormat":"wav","fileSize":2453198,"duration":76660,"samplingBit":16,"channelCount":1,"samplingRate":"16kHz","audioPath":"/Mock/04.RND/Male/New/ckmk_a_rnd_m_n_294750.wav"}}}