{"version":"1.0","dataSet":{"info":{"date":"20230116","occupation":"RND","channel":"MOCK","place":"ONLINE","gender":"MALE","ageRange":"55-","experience":"NEW"},"question":{"raw":{"text":"회사에 들어와서 지원자님이 하고 싶은 업무가 있나요 있다면 그 이유도 함께 말씀해 주세요","wordCount":13},"emotion":[],"intent":[]},"answer":{"raw":{"text":"회사에 들어간다면 전략실에서 일을 해 보고 싶습니다. 개인 성격도 전략 쪽이 잘 맞았고 회사의 제품을 그리고 회사의 미래에 대한 설계에는 창의성이 필요하다고 생각합니다. 그런 부분이 남들에 비해 발달한 편이고 사회의 변화를 민감하게 감지할 수 있는 능력을 지녔다고 생각합니다. 그래서 회사의 미래가 더 안전하고 발전할 수 있는 전략실에서 근무를 하고 싶습니다.","wordCount":50},"emotion":[],"intent":[{"text":"","expression":"","category":"attitude"}],"summary":{"text":"회사 입사 후 창의성이 발달하고 사회 변화를 감지할 수 있는 능력을 지녔다고 생각되어 회사의 미래가 더 안전하고 발전할 수 있는 전략실에서 근무를 하고자 합니다.","wordCount":24}}},"rawDataInfo":{"question":{"fileFormat":"wav","fileSize":311758,"duration":9740,"samplingBit":16,"channelCount":1,"samplingRate":"16kHz","audioPath":"/Mock/04.RND/Male/New/ckmk_q_rnd_m_n_335810.wav"},"answer":{"fileFormat":"wav","fileSize":1922638,"duration":60080,"samplingBit":16,"channelCount":1,"samplingRate":"16kHz","audioPath":"/Mock/04.RND/Male/New/ckmk_a_rnd_m_n_335810.wav"}}}