{"version":"1.0","dataSet":{"info":{"date":"20230116","occupation":"RND","channel":"MOCK","place":"ONLINE","gender":"MALE","ageRange":"35-44","experience":"NEW"},"question":{"raw":{"text":"지원자분께서는 우리 회사에 지원하기 전에 여러 가지 많은 방면으로 공부를 하셨을 거라 생각합니다 그렇다면 베르누이 방정식이란 무엇입니까 한번 말씀해 보십시오","wordCount":20},"emotion":[],"intent":[]},"answer":{"raw":{"text":"베르노이 방정식은 유체 역학에서 점성과 압축성이 없는 이상적 유체가 규칙적으로 흐르는 경우에 유체의 속도와 압력 위치 에너지 사이에 관계를 나타낸 공식입니다. 활용은 비행기가 공중으로 떠올라 비행하게끔 만드는 힘이 양력인데 이런 양력이 발생하게끔 베르노이 법칙에 의하여 날개를 설계해 만듭니다. 비행기 날개의 단면을 보면 하부는 직선 상부는 곡면을 이루는데 이 때 상부를 흐르는 공기는 코안타 효과에 의해 곡면을 따라 흐르게 되면서 이동 거리가 증가하고 이에 따라 이동 속도가 증가하게 됩니다. 이 경우 유체의 이동 속도와 압력이 반비례하는 베르노이 방정식에 의거해 날개 상부의 기압이 하부에 비해 상대적으로 감소하게 됩니다. 유체는 압력이 높은 곳에서 낮은 곳으로 흐르려는 성질이 있기 때문에 공기가 날개를 위로 밀어 올려줘 비행기가 부상하게 만듭니다. 이외에도 진공청소기 유압계 역풍을 거슬러 요트가 움직일 수 있게 만드는 삼각 돛 등이 있습니다.","wordCount":118},"emotion":[{"text":"베르노이 방정식은 유체 역학에서 점성과 압축성이 없는 이상적 유체가 규칙적으로 흐르는 경우에 유체의 속도와 압력 위치 에너지 사이에 관계를 나타낸 공식입니다.","expression":"u-fact","category":"neutral"},{"text":"활용은 비행기가 공중으로 떠올라 비행하게끔 만드는 힘이 양력인데 이런 양력이 발생하게끔 베르노이 법칙에 의하여 날개를 설계해 만듭니다.","expression":"u-fact","category":"neutral"},{"text":"비행기 날개의 단면을 보면 하부는 직선 상부는 곡면을 이루는데 이 때 상부를 흐르는 공기는 코안타 효과에 의해 곡면을 따라 흐르게 되면서 이동 거리가 증가하고 이에 따라 이동 속도가 증가하게 됩니다.","expression":"u-fact","category":"neutral"},{"text":"이 경우 유체의 이동 속도와 압력이 반비례하는 베르노이 방정식에 의거해 날개 상부의 기압이 하부에 비해 상대적으로 감소하게 됩니다.","expression":"u-fact","category":"neutral"},{"text":"유체는 압력이 높은 곳에서 낮은 곳으로 흐르려는 성질이 있기 때문에 공기가 날개를 위로 밀어 올려줘 비행기가 부상하게 만듭니다.","expression":"u-fact","category":"neutral"}],"intent":[{"text":"","expression":"","category":"attitude"}],"summary":{"text":"베르노이 방정식은 유체 역학에서 유체가 규칙적으로 흐르는 경우에 유체의 속도와 압력 위치 에너지 사이에 관계를 나타낸 공식입니다. 유체는 압력이 높은 곳에서 낮은 곳으로 흐르려는 성질이 있어 공기가 날개를 위로 밀어 올려줘 비행기가 부상하게 만듭니다.","wordCount":34}}},"rawDataInfo":{"question":{"fileFormat":"wav","fileSize":535758,"duration":16740,"samplingBit":16,"channelCount":1,"samplingRate":"16kHz","audioPath":"/Mock/04.RND/Male/New/ckmk_q_rnd_m_n_309193.wav"},"answer":{"fileFormat":"wav","fileSize":3220558,"duration":100640,"samplingBit":16,"channelCount":1,"samplingRate":"16kHz","audioPath":"/Mock/04.RND/Male/New/ckmk_a_rnd_m_n_309193.wav"}}}