{"version":"1.0","dataSet":{"info":{"date":"20230116","occupation":"RND","channel":"MOCK","place":"ONLINE","gender":"MALE","ageRange":"35-44","experience":"NEW"},"question":{"raw":{"text":"얼마 전에 구급 대원이 주취자에게 폭행을 당해서 순직하는 사례가 발생했습니다 지원자님께서는 이 사건에 대해서 어떻게 생각하시는지 지원자님의 생각을 답변해 주시기 바랍니다","wordCount":21},"emotion":[],"intent":[]},"answer":{"raw":{"text":"네 얼마 전에 구급대원이 주치자에게 폭행을 당해서 순직을 당하는 일이 어 발생 했었는데요. 참 안타까운 일이입니다. 어 왜냐하면 구급대원은 정말 어 희생과 또 사명 의식을 가지고 어 정말 아픈 그런 음 환자들을 긴급하게 치료해야 되는 목적으로 훈련받고 교육받고 또 그렇게 근무하고 있는데 이분들은 또 어 사회적인 약자 또 우리 시민들 국민들을 먼저 보호하고 지켜야 된다 라고 하는 희생정신과 사명 의식 때문에 아마 발생된 일이라고 생각합니다. 그것은 매우 숭고한 일이지만 우리 구급대원의 생명과 안전도 너무나 소중한 일이기 때문에 어 국가에서 우리 어 이런 분들이 어 이런 사건이 또 다시 발생되지 않도록 이런 분들에게 구급대원이나 소방대원들에게 혹은 경찰들에게도 마찬가지로 잘 교육을 해야 될 것이 본인을 방어하는 것도 매우 중요하다 본인의 안전을 지키는 것도 다른 시민의 안전을 지키는 것 만큼이나 소중하다 라는 것을 정확하게 인지시키고 어 각 그런 사례별로 상황에 맞춘 그런 지침 이 정도까지는 어 방어를 위해서 해도 된다 라는 그런 지침들을 잘 마련해서 교육을 한다면 어 이런 일이 다시는 발생하지 않을 것 같습니다. 너무나 안타까운 일이라고 생각합니다. 이상입니다.","wordCount":157},"emotion":[],"intent":[{"text":"","expression":"","category":"attitude"}],"summary":{"text":"최근 구급대원이 주치자에게 폭행을 당해 순직을 당했는데, 이는 사회적 약자와 시민들을 먼저 보호하고 지켜야 된다는 희생정신과 사명 의식 때문에 발생된 일이라고 생각합니다. 국가에서 이런 분들이 또 다시 발생되지 않도록 구급 대원, 소방대원, 경찰들에게 본인 방어를 위한 지침들을 잘 마련해서 교육을 해야 될 것입니다.","wordCount":43}}},"rawDataInfo":{"question":{"fileFormat":"wav","fileSize":453838,"duration":14180,"samplingBit":16,"channelCount":1,"samplingRate":"16kHz","audioPath":"/Mock/04.RND/Male/New/ckmk_q_rnd_m_n_312036.wav"},"answer":{"fileFormat":"wav","fileSize":3339598,"duration":104360,"samplingBit":16,"channelCount":1,"samplingRate":"16kHz","audioPath":"/Mock/04.RND/Male/New/ckmk_a_rnd_m_n_312036.wav"}}}