{"version":"1.0","dataSet":{"info":{"date":"20230116","occupation":"RND","channel":"MOCK","place":"ONLINE","gender":"MALE","ageRange":"35-44","experience":"NEW"},"question":{"raw":{"text":"만약 본인이 이직을 생각 중인 동료를 만나게 된다면 뭐라고 말씀하시겠습니까 왜 그렇게 말씀하실지도 설명 부탁드립니다","wordCount":15},"emotion":[],"intent":[]},"answer":{"raw":{"text":"저는 동료의 의사를 존중한다고 적극적으로 말해 줄 것입니다. 이직을 생각할 만큼 현재의 일이 힘들고 스트레스가 많다는 것입니다. 또 그만큼 많은 고민과 계획 속에서 결정한 일이기에 이직을 결심한 동료의 용기에 먼저 격려를 할 것입니다. 그리고 이직을 생각하는 중이지 이직을 결심하고 실행에 옮기기 직전은 아니기 때문에 이직 의사를 존중하는 저의 말과 태도로 인해 마음이 변할 수도 있을 것 같습니다. 사실 직장 생활은 일에 대한 스트레스보다 사람과의 관계 때문에 오는 스트레스나 회의감이 더 심하기 때문에 이직을 생각하기까지 자신의 의견을 지지해 주고 격려해 주는 동료가 있다면 다시금 마음을 잡고 일을 할 수도 있습니다. 저 또한 그런 경험이 있기 때문에 우선적으로 그렇게 결심을 한 동료에게 격려와 지지를 진심으로 나타낼 것입니다.","wordCount":105},"emotion":[],"intent":[{"text":"","expression":"","category":"attitude"}],"summary":{"text":"직장 생활은 사람과의 관계 때문에 오는 스트레스나 회의감이 더 심하기 때문에 이직을 생각하기까지 자신의 의견을 지지해 주고 격려해 주는 동료가 있다면 다시금 마음을 잡고 일을 할 수도 있습니다. 저 또한 그런 경험이 있기 때문에 우선적으로 결심을 한 동료에게 격려와 지지를 나타낼 것입니다.","wordCount":42}}},"rawDataInfo":{"question":{"fileFormat":"wav","fileSize":389198,"duration":12160,"samplingBit":16,"channelCount":1,"samplingRate":"16kHz","audioPath":"/Mock/04.RND/Male/New/ckmk_q_rnd_m_n_333104.wav"},"answer":{"fileFormat":"wav","fileSize":2586638,"duration":80830,"samplingBit":16,"channelCount":1,"samplingRate":"16kHz","audioPath":"/Mock/04.RND/Male/New/ckmk_a_rnd_m_n_333104.wav"}}}