{"version":"1.0","dataSet":{"info":{"date":"20230116","occupation":"RND","channel":"MOCK","place":"ONLINE","gender":"MALE","ageRange":"-34","experience":"NEW"},"question":{"raw":{"text":"면접자님께서는 팀으로 일하는 것과 혼자 일하는 것 중에 무엇을 더 선호하십니까 그 이유도 함께 구체적으로 제시해 주시기 바랍니다","wordCount":18},"emotion":[],"intent":[]},"answer":{"raw":{"text":"저는 혼자 일하는 것보다 팀으로 일하는 것을 훨씬 더 선호합니다. 어 그 이유는 팀원들 각각이 가진 모든 능력이 다르기 때문에 아 이를 적극 활용한다면 혼자 일하는 것보다 훨씬 더 높은 효율성을 가질 수 있다고 생각합니다. 그리고 팀원 두 명이서 일 일했다고 했을 때 어 일 더하기 일이 이가 아닌 삼 사 훨씬 더 높은 시너지를 낼 수가 있기 때문에 저는 혼자 일하는 것보다 팀원으로 일하는 것이 훨씬 더 좋다고 생각합니다. 어 또한 팀으로 일했을 때 서로서로 동기부여도 될 수 있고 또한 그리고 서로 경쟁을 통해서 어 훨씬 더 높은 성취를 할 수 있기 때문에 팀으로 일하는 것을 훨씬 선호하는 편입니다.","wordCount":100},"emotion":[],"intent":[{"text":"그리고 팀원 두 명이서 일 일했다고 했을 때 어 일 더하기 일이 이가 아닌 삼 사 훨씬 더 높은 시너지를 낼 수가 있기 때문에 저는 혼자 일하는 것보다 팀원으로 일하는 것이 훨씬 더 좋다고 생각합니다.","expression":"c_cop","category":"personality"},{"text":"어 또한 팀으로 일했을 때 서로서로 동기부여도 될 수 있고 또한 그리고 서로 경쟁을 통해서 어 훨씬 더 높은 성취를 할 수 있기 때문에 팀으로 일하는 것을 훨씬 선호하는 편입니다.","expression":"c_cop","category":"personality"}],"summary":{"text":"팀원들 각각의 능력이 다르기 때문에 저는 혼자 일하는 것보다 팀으로 일하는 것을 훨씬 더 선호합니다. 서로서로 동기부여도 될 수 있고 또한 경쟁을 통해서 훨씬 더 높은 성취를 할 수 있기 때문에 그렇게 생각합니다.","wordCount":33}}},"rawDataInfo":{"question":{"fileFormat":"wav","fileSize":649678,"duration":20300,"samplingBit":16,"channelCount":1,"samplingRate":"16kHz","audioPath":"/Mock/04.RND/Male/New/ckmk_q_rnd_m_n_299933.wav"},"answer":{"fileFormat":"wav","fileSize":1655118,"duration":51720,"samplingBit":16,"channelCount":1,"samplingRate":"16kHz","audioPath":"/Mock/04.RND/Male/New/ckmk_a_rnd_m_n_299933.wav"}}}