{"version":"1.0","dataSet":{"info":{"date":"20230116","occupation":"RND","channel":"MOCK","place":"ONLINE","gender":"MALE","ageRange":"55-","experience":"NEW"},"question":{"raw":{"text":"입사하게 된다면 하고 싶은 연구는 어떤 것인가요","wordCount":7},"emotion":[],"intent":[]},"answer":{"raw":{"text":"제가 연구를 맡아서 하게 된다면 사차 산업 분야에 에 일부를 하기를 원합니다. 구체적으로는 빅 데이터 분야 빅 데이터를 어 수집을 하고 그것을 가공을 하고 적용하는 일련의 과정들을 어 연구하는 것입니다. 지금 현재 많이 그런 어 형태로 일들이 진행이 되는 것으로 알고 있는데 이 분야의 발전을 위해서 연구할 거리는 상당히 많다고 생각합니다. 또한 이 빅데이터는 인공지능을 구축을 하는데 가장 기본적으로 적용이 되는 것이라고 제가 알고 있습니다. 이 또한 인공지능 분야로서의 그 발전을 할 수 있으면 여기에도 그 연구를 할 수 있는 그러한 분야가 상당히 많이 있다고 생각됩니다. 제가 가신 제가 가진 지식과 기술을 활용해서 연구에 이바지 하고자 합니다.","wordCount":97},"emotion":[],"intent":[{"text":"제가 가신 제가 가진 지식과 기술을 활용해서 연구에 이바지 하고자 합니다.","expression":"c_sincere_co","category":"etc"}],"summary":{"text":"빅데이터를 수집,가공,적용하는 과정을 연구하는 것입니다. 인공지능을 구축하는데 기본적으로 적용되고 빅데이터가 인공지능 분야로서도 발전을 할 수 있습니다. 제가 가진 지식과 기술을 활용해서 연구에 이바지 하고자 합니다.","wordCount":25}}},"rawDataInfo":{"question":{"fileFormat":"wav","fileSize":243278,"duration":7600,"samplingBit":16,"channelCount":1,"samplingRate":"16kHz","audioPath":"/Mock/04.RND/Male/New/ckmk_q_rnd_m_n_286967.wav"},"answer":{"fileFormat":"wav","fileSize":2667598,"duration":83360,"samplingBit":16,"channelCount":1,"samplingRate":"16kHz","audioPath":"/Mock/04.RND/Male/New/ckmk_a_rnd_m_n_286967.wav"}}}