{"version":"1.0","dataSet":{"info":{"date":"20230116","occupation":"RND","channel":"MOCK","place":"ONLINE","gender":"MALE","ageRange":"55-","experience":"NEW"},"question":{"raw":{"text":"이제까지 살면서 새로운 환경에서 아예 몰랐던 일을 맡아서 해 본 경험이 있다면 그 경험에 대해서 말씀해 주시겠어요","wordCount":17},"emotion":[],"intent":[]},"answer":{"raw":{"text":"저는 아이티 분야에서 계속 일을 해 왔고 일부 학원 사업도 진행을 해 온 과정이 있었는데 어 갑자기 멕시코로 이주를 해서 의류 부자재 분야의 법인장 일을 맡게 되었습니다. 사업 분야도 전혀 다르고 일하는 환경도 나라가 바뀌고 같이 일하는 사람도 완전히 다 바뀌었기 때문에 전혀 모르는 환경 전혀 모르는 사람들과 함께 일을 했습니다. 이때 회사는 그 앞에 일을 했던 회계사나 변호사들이 부정을 저질러서 회사에 어 세금 납부 등을 안 한 레코드를 남겨놔서 상당히 어려운 그런 형태였고 그 환경 또한 쉽지 않은 상황에서 에 초기에는 많은 어려움이 있었습니다. 허나 하나하나 직원들과 소통을 해 나가면서 문제를 해결했던 경험이 있습니다.","wordCount":95},"emotion":[],"intent":[{"text":"","expression":"","category":"attitude"}],"summary":{"text":"멕시코로 이주해서 의류 부자재 분야의 법인장 일을 맡게 되었습니다. 사업 분야와 환경이 완전히 달라서 전혀 모르는 사람들과 일을 했습니다. 허나 하나하나 직원들과 소통을 해 나가면서 문제를 해결했던 경험이 있습니다.","wordCount":29}}},"rawDataInfo":{"question":{"fileFormat":"wav","fileSize":291918,"duration":9120,"samplingBit":16,"channelCount":1,"samplingRate":"16kHz","audioPath":"/Mock/04.RND/Male/New/ckmk_q_rnd_m_n_304085.wav"},"answer":{"fileFormat":"wav","fileSize":3637518,"duration":113670,"samplingBit":16,"channelCount":1,"samplingRate":"16kHz","audioPath":"/Mock/04.RND/Male/New/ckmk_a_rnd_m_n_304085.wav"}}}