{"version":"1.0","dataSet":{"info":{"date":"20230116","occupation":"RND","channel":"MOCK","place":"ONLINE","gender":"MALE","ageRange":"35-44","experience":"NEW"},"question":{"raw":{"text":"개인적으로 공부를 할 때 어떤 방법으로 하시는지 설명 부탁드리겠습니다","wordCount":9},"emotion":[],"intent":[]},"answer":{"raw":{"text":"저는 현재 개인적으로 공인중개사 공부를 하고 있습니다. 과거에 공인중개사에 대해 관심을 가지고 있었습니다. 공인중개사 자격을 소지하면 개인적으로 중개사 사무실을 개업할 수 있고 규모 있는 공인중개사 사무실에 취업도 할 수 있습니다. 무엇보다 좋은 점은 정년퇴직 나이가 없다는 점입니다. 자격증만 소지하면 나이가 들어서도 이 일을 계속 할 수 있습니다. 물론 부동산 경기가 현재보다 좋지 못할 수도 있지만 어차피 사람이 살 집은 계속해서 구하고 있기 때문에 나중을 위해 공부하고 있습니다. 현재 인터넷 강의를 들으면서 공부를 하고 있고 부동산 개론에 계산 문제부터 이론 공부를 하고 있습니다. 특별히 민법과 관련된 부분을 공부하 하고 있어서 외우기 힘든 부분도 있지만 나중에 자격증 취득을 위해 틈틈이 공부하고 있습니다.","wordCount":100},"emotion":[{"text":"과거에 공인중개사에 대해 관심을 가지고 있었습니다.","expression":"p-interest","category":"positive"}],"intent":[{"text":"","expression":"","category":"attitude"}],"summary":{"text":"공인중개사 자격을 소지하면 개인적으로 중개사 사무실을 개업할 수 있고 규모 있는 공인중개사 사무실에 취업도 할 수 있고 정년퇴직 나이가 없어 계속 일을 할 수 있습니다. 인터넷 강의와 부동산 개론 계산 문제부터 이론 공부를 하고 있고 나중에 자격증 취득을 위해 틈틈이 공부중입니다.","wordCount":41}}},"rawDataInfo":{"question":{"fileFormat":"wav","fileSize":281678,"duration":8800,"samplingBit":16,"channelCount":1,"samplingRate":"16kHz","audioPath":"/Mock/04.RND/Male/New/ckmk_q_rnd_m_n_325478.wav"},"answer":{"fileFormat":"wav","fileSize":2576078,"duration":80500,"samplingBit":16,"channelCount":1,"samplingRate":"16kHz","audioPath":"/Mock/04.RND/Male/New/ckmk_a_rnd_m_n_325478.wav"}}}