{"version":"1.0","dataSet":{"info":{"date":"20230116","occupation":"RND","channel":"MOCK","place":"ONLINE","gender":"MALE","ageRange":"55-","experience":"NEW"},"question":{"raw":{"text":"글로벌 인재에게 필수인 요소는 무엇이고 지원자님께서 그것을 위해 기여했던 노력은 무엇입니까","wordCount":11},"emotion":[],"intent":[]},"answer":{"raw":{"text":"글로벌을 말하자면 어 세계라고 얘기할 수 있죠 그 세계적인 인재 글로벌 인재를 그렇게 부를 수 있겠습니다. 이 인재 글로벌 인재라 하면 전 세계를 아우를 수 있는 그러한 식견과 또 그러한 마음가짐 또 그러한 직무 태도 실력 이런 것들을 어 두루 갖춘 인재를 에 말씀드릴 수 있겠습니다. 글로벌에 대해서 어 거기에 대해서 이해를 한다는 측면은 첫 번째 언어 문제가 있겠지만 언어 문제를 뛰어넘어서 각 나라에 대한 각 지역에 대한 문화적인 이해가 첫 번째 되어야 하겠습니다. 저는 해외에 나가서 일해 본 경험이 있고 그 경험상 말씀을 드리면 문화적인 차이가 일을 진행하는 데 가장 걸림돌이 되었던 것으로 기억이 됩니다. 또한 예를 들어서 우리나라에선 흰색이 상당히 좋은 의미의 색인데 비해 다른 나라에서는 흰색을 터부시하는 그런 경향이 있는 나라도 있습니다. 이럴 때 이러한 문화적인 차이를 우리 제품 개발에 반영하지 않으면 실패할 수 밖에 없겠지요. 바로 그런 것들이 그 글로벌 인재가 해야 할 덕목이라고 생각합니다.","wordCount":139},"emotion":[],"intent":[{"text":"","expression":"","category":"attitude"}],"summary":{"text":"글로벌 인재란 전 세계를 포괄할 수 있는 식견과 마음가짐, 직무 태도 실력 등을 두루 갖춘 인재를 일컫습니다. 그런데 글로벌 인재를 이해하기 위해서는 언어 문제를 뛰어넘어 각 지역에 대한 문화적인 이해가 우선되어야 합니다. 문화적인 차이는 일을 진행하는 데 가장 걸림돌이 됩니다.","wordCount":40}}},"rawDataInfo":{"question":{"fileFormat":"wav","fileSize":332878,"duration":10400,"samplingBit":16,"channelCount":1,"samplingRate":"16kHz","audioPath":"/Mock/04.RND/Male/New/ckmk_q_rnd_m_n_324714.wav"},"answer":{"fileFormat":"wav","fileSize":3754958,"duration":117340,"samplingBit":16,"channelCount":1,"samplingRate":"16kHz","audioPath":"/Mock/04.RND/Male/New/ckmk_a_rnd_m_n_324714.wav"}}}