{"version":"1.0","dataSet":{"info":{"date":"20230116","occupation":"RND","channel":"MOCK","place":"ONLINE","gender":"MALE","ageRange":"55-","experience":"NEW"},"question":{"raw":{"text":"휴식을 할 때는 주로 어떤 일들을 하세요 그렇다면 왜 그런 일들을 하면서 휴식을 취하는지 그 이유도 같이 말씀해 주세요","wordCount":19},"emotion":[],"intent":[]},"answer":{"raw":{"text":"어 휴식을 취할 때는 주로 요즘은 핸드폰 가지고 검색을 많이 하는 것 같고 그리고 검색을 통해서 많이 듣고 있습니다. 이 하나의 인제 루틴이 되고 있는데 어 내가 관심을 가지는 거 내가 듣고 싶은 거 그리고 굳이 내가 막 차 걸어가서 아니면 차를 타고 와서 이렇게 찾아보지 않아도 어 어 손에 씌어진 의 컴퓨터죠 그 스마트폰을 통해서 제일 궁금한 걸 검색해 보고 그리고 또 지금 현재도 저 밑에 우리 이장님 집에 집을 짓고 있는데 오늘 삼 일찬데 기소 삼 일 사인데 어제까지는 버린 기초를 쳐서 제가 어 인터넷 검색으로 버림 기초에 대한 부분을 쭉 검색을 해 가지고 어떤 버림 버림 기초를 하는 데 다들 어떻게 하지 하는 그런 것도 검색해서 받고 오늘은 아마 먹을 튀기고 그 위에다가 그 푸집 작업을 하지 않을까 라는 생각이 들었어요. 이런 경우에는 또 어 기초 공사가 들어가기 전에 이장님 현장이 한 일주일 전부터 제가 기초 공사에 관련된 그런 그 유튜브 검색을 많이 해서 또 많이 이렇게 보고 저장도 하고 그랬습니다. 어 나중에 이걸 통해서 제가 제 나름대로의 기초 봉사에 대한 그림과 아 어떤 그런 사유 원인 이런 걸 정리를 해 가지고 하나의 이 그 으 트랙을 하나 만들어 보고 싶습니다.","wordCount":184},"emotion":[],"intent":[{"text":"","expression":"","category":"attitude"}],"summary":{"text":"휴식 취할 때는 주로 핸드폰으로 검색을 많이 합니다. 인터넷 검색으로 버림 기초에 대한 부분을 검색하고, 기초 공사가 들어가기 전에 이장님 현장이 한 일주일 전부터 기초 공사와 관련된 유튜브 검색을 하고 저장했습니다. 나중에 기초 봉사에 대한 그림과 사유 원인 등을 정리해서 하나의 으 트랙을 만들어 보고 싶습니다.","wordCount":46}}},"rawDataInfo":{"question":{"fileFormat":"wav","fileSize":327758,"duration":10240,"samplingBit":16,"channelCount":1,"samplingRate":"16kHz","audioPath":"/Mock/04.RND/Male/New/ckmk_q_rnd_m_n_246262.wav"},"answer":{"fileFormat":"wav","fileSize":3585358,"duration":112040,"samplingBit":16,"channelCount":1,"samplingRate":"16kHz","audioPath":"/Mock/04.RND/Male/New/ckmk_a_rnd_m_n_246262.wav"}}}