{"version":"1.0","dataSet":{"info":{"date":"20230116","occupation":"RND","channel":"MOCK","place":"ONLINE","gender":"MALE","ageRange":"45-54","experience":"NEW"},"question":{"raw":{"text":"업무 중에는 스케줄에 없던 일이 생길 때가 많은데요 이런 상황이 발생한다면 지원자님은 어떻게 대처하실 건지 말씀해 주세요","wordCount":17},"emotion":[],"intent":[]},"answer":{"raw":{"text":"네 업무 중에 스케줄이 없던 일이 생길 때가 많다고 하셨는데 음 제가 그 그런 상황에서는 어 스케줄에 없던 일이어도 어 기꺼이 저는 업무를 수행할 것입니다. 물론 또 제 고유 업무가 아 문제가 되지 않도록 하는 선에서 어 없던 스케줄에 대해서도 잘 소화할 수 있도록 할 것입니다. 물론 어 제 고유 업무와 어 없던 스케줄과의 어 충돌이 일어난다면 제 혼자 어 섣불리 판단해서 어 일을 추진하지는 않고 제 직속 상관님에게 여쭤보고 어 그 일의 순서를 정할 것입니다. 그리고 어 그러한 업무 어 교통 정리가 잘 되어진 다음에는 그 맡은 바 업무에 대해서 없던 스케줄에 대해서도 어 최선을 다해서 임무 완수를 할 것입니다. 이상입니다.","wordCount":102},"emotion":[],"intent":[{"text":"","expression":"","category":"attitude"}],"summary":{"text":"업무 중에 스케줄이 없던 일이 생겨도 기꺼이 업무를 수행할 것이고 고유 업무가 문제가 되지 않는 선에서 없던 스케줄에 대해서도 잘 소화하도록 하겠습니다. 업무 교통 정리가 잘 되어진 다음에는 맡은 바 업무에 대해서 임무 완수를 할 것입니다.","wordCount":36}}},"rawDataInfo":{"question":{"fileFormat":"wav","fileSize":610958,"duration":19090,"samplingBit":16,"channelCount":1,"samplingRate":"16kHz","audioPath":"/Mock/04.RND/Male/New/ckmk_q_rnd_m_n_322641.wav"},"answer":{"fileFormat":"wav","fileSize":2863438,"duration":89480,"samplingBit":16,"channelCount":1,"samplingRate":"16kHz","audioPath":"/Mock/04.RND/Male/New/ckmk_a_rnd_m_n_322641.wav"}}}