{"version":"1.0","dataSet":{"info":{"date":"20230116","occupation":"RND","channel":"MOCK","place":"ONLINE","gender":"MALE","ageRange":"-34","experience":"NEW"},"question":{"raw":{"text":"커뮤니케이션을 잘 할 수 있는 지원자님 본인만의 스킬이 있다면 한번 소개해 주실 수 있으십니까 지원자님께서 한번 직접 보여주셔도 좋을 것 같습니다","wordCount":21},"emotion":[],"intent":[]},"answer":{"raw":{"text":"커뮤니케이션을 잘하는 사람들은 세상에 많이 있지만 커뮤니케이션을 하고 싶다 라는 마음을 들게 만드는 것은 굉장히 힘든 일이라고 생각합니다. 그리고 저는 그 커뮤니케이션이 재밌다 이 사람이 커뮤니케이션이 잘 된다 이 사람하고 대화를 더 하고 싶다 라는 마음을 들게 하는데 주는 드는 가장 필연적인 요소는 바로 재미라고 생각을 하는데요. 그 재미는 어 근본적인 부분에서는 공감을 필요로 합니다. 그리고 그 공감은 사람들의 아 그 모든 어떤 미세한 부분 부분 한 부분마다 집중해서 그것을 잘 캐치하고 기억해 뒀다가 그것을 소재로 대화를 하기 시작하면 어 이 사람이 내가 필요한 것이 무엇인지를 정확하게 파악하고 있네 이 사람이 내가 어 원하는 요소들을 잘 기억하고 파악하고 있네 꼼꼼하네 굉장히 디테일하네 섬세하네 무슨 일을 맡겨도 잘 할 것 같네 또 거기에다가 유머 감각까지 있네 사람이 여유가 있어 보이네 라는 어 여러 가지 복합적인 요소를 충족시키는 데 저는 집중을 하는 것 같습니다. 그러다 보니 자연스럽게 커뮤니케이션 스킬도 느는 것 같습니다.","wordCount":140},"emotion":[],"intent":[{"text":"","expression":"","category":"attitude"}],"summary":{"text":"커뮤니케이션을 잘하는 사람들은 커뮤니케이션을 하고 싶다 라는 마음을 들게 만드는 것은 굉장히 힘든 일이라고 생각합니다. 그리고 그 재미는 공감을 필요로 합니다. 그 공감은 사람들의 여러 복합적인 요소를 충족시키는 데 집중을 하는 것 같습니다. 그러다 보니 자연스럽게 커뮤니케이션 스킬도 느는 것 같습니다.","wordCount":41}}},"rawDataInfo":{"question":{"fileFormat":"wav","fileSize":542158,"duration":16940,"samplingBit":16,"channelCount":1,"samplingRate":"16kHz","audioPath":"/Mock/04.RND/Male/New/ckmk_q_rnd_m_n_274389.wav"},"answer":{"fileFormat":"wav","fileSize":2617678,"duration":81800,"samplingBit":16,"channelCount":1,"samplingRate":"16kHz","audioPath":"/Mock/04.RND/Male/New/ckmk_a_rnd_m_n_274389.wav"}}}