{"version":"1.0","dataSet":{"info":{"date":"20230116","occupation":"RND","channel":"MOCK","place":"ONLINE","gender":"MALE","ageRange":"35-44","experience":"NEW"},"question":{"raw":{"text":"일을 하다 보면 타 부서와 종종 갈등 상황이 발생할 수도 있습니다 만약 타 부서와 갈등 상황이 발생한다면 어떻게 해결하시겠습니까 상황을 가정하고 말씀해 주시기 바랍니다","wordCount":24},"emotion":[],"intent":[]},"answer":{"raw":{"text":"어 제가 부서 간의 갈등을 해결해야 될 위치에 있다면 음 저는 일단 그 갈등을 일으키고 있는 어 부서의 책임자를 만나서 어 갈등의 어 원인에 대해서 좀 묻고 서로 의견을 좀 나눠보고 싶습니다. 뭐 갈등을 사실 저는 무조건 해서는 안 된다 라고 생각하는 편은 아닙니다. 다들 어 본인이 하려는 일을 열심히 하고 음 경쟁 구도 속에서 일하기 때문에 어 충분히 어 남들 남보다 잘하고 싶고 타 부서보다 잘하고 싶은 어 그런 욕심 때문에 갈등이 발생할 수 있다 라고 생각하는데 음 저는 그런 갈등이야 어 교육적인 시기에는 얼마든지 있을 수 있고 어 또 충분히 이해가 가는 어 면이 있다고 생각합니다. 하지만 이제 그 갈등을 어떻게 해결하는지가 어떻게 어 풀어나가는지가 중요하다 라고 생각하는데 어 저는 우선 그 책임자의 말을 들어보고 어 그 갈등의 어떤 원인과 어 우리 부서나 아니면은 우리 부서원들에게 바라는 점들 같은 걸 어 들어보고 또 우리 부서에 어떤 그 인원들 소속 인원들의 얘기도 들어보고 아 좀 가장 합리적인 방법으로 그 해결점을 어 같이 찾아서 하는 게 좋다고 생각합니다.","wordCount":158},"emotion":[],"intent":[{"text":"","expression":"","category":"attitude"}],"summary":{"text":"저는 교육적인 시기에는 갈등이 충분히 있을 수 있고 또 충분히 이해가 가는 면이 있다고 생각합니다. 하지만 갈등의 해결은 어떻게 해나가는지가 중요하다고 생각하는데 우선 갈등의 원인과 부서원들에게 바라는 점들, 소속 인원들의 얘기를 들어보고 가장 합리적인 방법으로 그 해결점을 찾아서 하는 게 좋다고 봅니다.","wordCount":42}}},"rawDataInfo":{"question":{"fileFormat":"wav","fileSize":629838,"duration":19680,"samplingBit":16,"channelCount":1,"samplingRate":"16kHz","audioPath":"/Mock/04.RND/Male/New/ckmk_q_rnd_m_n_304611.wav"},"answer":{"fileFormat":"wav","fileSize":3804878,"duration":118900,"samplingBit":16,"channelCount":1,"samplingRate":"16kHz","audioPath":"/Mock/04.RND/Male/New/ckmk_a_rnd_m_n_304611.wav"}}}