{"version":"1.0","dataSet":{"info":{"date":"20230116","occupation":"RND","channel":"MOCK","place":"ONLINE","gender":"MALE","ageRange":"55-","experience":"NEW"},"question":{"raw":{"text":"과거에 프로젝트를 수행했던 경험이 있으신가요 만약 있다면 어떤 프로젝트였고 그 안에서 지원자님은 어떤 역할을 맡으셨나요","wordCount":15},"emotion":[],"intent":[]},"answer":{"raw":{"text":"예 자꾸 중국 이야기를 하는데 제가 중국에 어 여름대학에서 공부를 할 때 여름 방학에 어 백두산 여행을 계획하고 거기에 참여 자료를 모집해서 이십 이 인용 어 미니버스 빌려서 어 지도와 함께 백두산까지 국도를 달려서 어 백두산에 도착했습니다. 어 그 과정에는 통하라는 지역이 지금 기억나고 있고 그리고 어 국내성이 있었던 집안 집안에서는 어 그 호텔에서 준비한 어 뱀탕이 그렇게 기억에 나네요. 그리고 어 집안에서는 저 여기 흐르는 강을 통해서 북한을 볼 수 있었고 그리고 이도 백화를 갔고 백두산을 어 등반하여 일 차 천지를 못 봤고 그 다음날 이 차 어 다시 올라가서 천지를 보고 내려왔습니다. 내려오면서 아 어 신빈시엔 이라는 저 청나라를 건국한 어 누루화치의 생가를 어 방문해서 고 유적지를 보고 어 무사히 심양으로 돌아왔습니다. 아 이런 걸 제가 어 주관해서 진행을 했기 때문에 요 경험이 상당히 뭐 기억에도 남고 어 역할을 잘 어 진행해 냈다고 자신합니다.","wordCount":136},"emotion":[],"intent":[{"text":"","expression":"","category":"attitude"}],"summary":{"text":"중국에 여름대학에서 공부를 할 때 여름 방학에 백두산 여행을 계획하고 참여 자료를 모집해 지도와 함께 백두산까지 국도를 달려서 백두산에 도착했습니다. 집안에서는 뱀탕이 기억에 남고, 북한을 볼 수 있었고, 백두산을 등반해 천지를 보고 내려왔습니다. 내려오면서 누루화치의 생가를 보고 심양으로 돌아왔습니다.","wordCount":39}}},"rawDataInfo":{"question":{"fileFormat":"wav","fileSize":599118,"duration":18720,"samplingBit":16,"channelCount":1,"samplingRate":"16kHz","audioPath":"/Mock/04.RND/Male/New/ckmk_q_rnd_m_n_247186.wav"},"answer":{"fileFormat":"wav","fileSize":3466638,"duration":108330,"samplingBit":16,"channelCount":1,"samplingRate":"16kHz","audioPath":"/Mock/04.RND/Male/New/ckmk_a_rnd_m_n_247186.wav"}}}