{"version":"1.0","dataSet":{"info":{"date":"20230116","occupation":"RND","channel":"MOCK","place":"ONLINE","gender":"MALE","ageRange":"-34","experience":"NEW"},"question":{"raw":{"text":"동물 실험이 인간에게 주는 이익에 관해서 말씀해 주세요","wordCount":8},"emotion":[],"intent":[]},"answer":{"raw":{"text":"어 동물 실험은 사람에게 할 수 없는 실험을 동물에게 하는 것으로 실험을 통해 사람에게 유용한 약물을 제조하거나 편리한 화장품 등을 개발하는 목적을 두고 있습니다. 저는 동물을 좋아하는 입장으로서 어느 정도의 실험은 불가피하다고 생각하지만 어 최대한 동물이 고통을 느끼지 않아야 한다고 생각합니다. 동물이라고 할지라도 여러 감정 감각을 느끼고 있기 때문에 고통을 느낄 만한 실험은 지양해야 한다고 생각합니다.","wordCount":56},"emotion":[{"text":"저는 동물을 좋아하는 입장으로서 어느 정도의 실험은 불가피하다고 생각하지만 어 최대한 동물이 고통을 느끼지 않아야 한다고 생각합니다.","expression":"u-belief","category":"neutral"}],"intent":[{"text":"","expression":"","category":"attitude"}],"summary":{"text":"동물 실험은 사람에게 할 수 없는 실험을 동물에게 하는 것으로 실험을 통해 사람에게 유용한 약물을 제조하거나 편리한 화장품 등을 개발하는 목적을 두고 있습니다.","wordCount":23}}},"rawDataInfo":{"question":{"fileFormat":"wav","fileSize":191118,"duration":5970,"samplingBit":16,"channelCount":1,"samplingRate":"16kHz","audioPath":"/Mock/04.RND/Male/New/ckmk_q_rnd_m_n_257314.wav"},"answer":{"fileFormat":"wav","fileSize":1995598,"duration":62360,"samplingBit":16,"channelCount":1,"samplingRate":"16kHz","audioPath":"/Mock/04.RND/Male/New/ckmk_a_rnd_m_n_257314.wav"}}}