{"version":"1.0","dataSet":{"info":{"date":"20230116","occupation":"RND","channel":"MOCK","place":"ONLINE","gender":"MALE","ageRange":"35-44","experience":"NEW"},"question":{"raw":{"text":"휴식을 취할 때는 주로 어떤 일들을 하십니까 왜 그 일을 하는지 이유도 함께 말씀해 주시기 바랍니다","wordCount":16},"emotion":[],"intent":[]},"answer":{"raw":{"text":"저는 휴식을 취할 때 맛있는 음식을 먹는 편입니다. 주변 지인들과 함께 흔히 말하는 맛집을 찾아 다니면서 휴식 때에 맛있는 음식을 먹는 편입니다. 에스엔에스를 통해서 어떤 집이 맛집인지 미리 알아보고 그곳에 메뉴가 어떤 것인지도 잘 검색을 합니다. 그리고 일이 쉴 때 또는 주말에 그곳에 찾아갑니다. 물론 찾아가면 유명한 집이기 때문에 웨이팅을 할 수 있습니다. 그런 것 개의치 않고 웨이팅을 하면서 그곳에 맛있는 음식을 즐겨 먹습니다. 쉬는 날이 아니면 그 일을 할 수 없기 때문에 저는 맛있는 음식을 먹으면서 진정한 휴식과 스트레스를 푸는 편입니다.","wordCount":82},"emotion":[],"intent":[{"text":"","expression":"","category":"attitude"}],"summary":{"text":"지인의 맛집을 찾아 다니면서 휴식 때에 맛있는 음식을 먹는 편입니다. SNS로 맛집을 미리 알아보고 웨이팅을 하면서 그곳의 음식도 먹습니다. 쉬는 날이 아니면 할 수 없기 때문에 맛있는 음식으로 휴식과 스트레스를 풀려고 합니다.","wordCount":32}}},"rawDataInfo":{"question":{"fileFormat":"wav","fileSize":320078,"duration":10000,"samplingBit":16,"channelCount":1,"samplingRate":"16kHz","audioPath":"/Mock/04.RND/Male/New/ckmk_q_rnd_m_n_332947.wav"},"answer":{"fileFormat":"wav","fileSize":2131278,"duration":66600,"samplingBit":16,"channelCount":1,"samplingRate":"16kHz","audioPath":"/Mock/04.RND/Male/New/ckmk_a_rnd_m_n_332947.wav"}}}