{"version":"1.0","dataSet":{"info":{"date":"20230116","occupation":"RND","channel":"MOCK","place":"ONLINE","gender":"MALE","ageRange":"35-44","experience":"NEW"},"question":{"raw":{"text":"지원자님만의 스트레스 해소 방법이 있다면 이 자리에서 소개 한 번 해 주시기 바랍니다 또 왜 그 방법으로 스트레스를 해소하는지도 함께 설명해 주세요","wordCount":22},"emotion":[],"intent":[]},"answer":{"raw":{"text":"네 저는 스트레스가 쌓일 때면 체육관에 가서 두 시간 이상 근력 운동을 하고 있습니다. 예전에는 스트레스가 쌓였을 때 회사 동료들이나 친구들을 만나 술로써 그 스트레스를 많이 풀곤 했었는데요. 그렇게 술자리로 스트레스를 풀다 보니 몸도 많이 망가졌고 또 그 술자리로 인해 생기는 스트레스 역시 무시할 수 없었습니다. 건강에 적신호가 들어오고 난 이후에 저는 과감하게 술자리를 정리하고 체육관에 가서 운동을 하는 방법을 선택하였습니다. 오히려 운동을 하게 되니 몸도 건강해지고 또 건강해진 업무로 업무를 하게 되니 업무의 능률도 올라 아주 좋은 기분이었습니다. 그리고 그렇게 스트레스가 해소가 되자 예전보다는 적게 가지지만 더 재미있는 술자리를 가질 수 있었습니다. 그래서 저는 스트레스는 운동으로 해소하려고 하고 있습니다.","wordCount":100},"emotion":[],"intent":[{"text":"","expression":"","category":"attitude"}],"summary":{"text":"저는 스트레스 쌓일 때면 체육관에 가서 두 시간 이상 근력 운동을 하고 있습니다. 술자리로 스트레스를 풀다 보니 몸도 망가졌고 그 스트레스 역시 무시할 수 없습니다. 그래서 과감하게 술자리를 정리하고 운동하는 방법을 선택하였습니다. 스트레스는 운동으로 해소하려고 하고 있는 중입니다.","wordCount":38}}},"rawDataInfo":{"question":{"fileFormat":"wav","fileSize":441678,"duration":13800,"samplingBit":16,"channelCount":1,"samplingRate":"16kHz","audioPath":"/Mock/04.RND/Male/New/ckmk_q_rnd_m_n_320883.wav"},"answer":{"fileFormat":"wav","fileSize":2857358,"duration":89290,"samplingBit":16,"channelCount":1,"samplingRate":"16kHz","audioPath":"/Mock/04.RND/Male/New/ckmk_a_rnd_m_n_320883.wav"}}}