{"version":"1.0","dataSet":{"info":{"date":"20230116","occupation":"RND","channel":"MOCK","place":"ONLINE","gender":"MALE","ageRange":"35-44","experience":"NEW"},"question":{"raw":{"text":"글로벌 인재에게 필수인 요소는 무엇이고 지원자님께서는 그것을 위해 노력했던 것은 무엇이 있습니까","wordCount":12},"emotion":[],"intent":[]},"answer":{"raw":{"text":"글로벌 인재는 글로벌한 역량을 갖추고 원칙을 지키는 사람을 가리킵니다. 몇 가지 필요한 것들이 있는데 먼저는 글로벌한 시각을 갖추어야 한다고 생각합니다. 세계 곳곳에서 벌어지는 글로벌 이슈와 트렌드에 관심을 갖고 그것이 어떤 영향을 미칠지 발 빠르게 판단하며 대응할 수 있어야 합니다. 둘째로 다른 나라 문화를 이해하는 것도 중요합니다. 여러 문화 사람들과 어울리고 필요할 때는 다른 문화에도 잘 적응해야 합니다. 그리고 자기 문화를 설명하고 다른 문화와 비교할 능력을 갖추어야 합니다. 세 번째로 글로벌 커뮤니케이션은 필수입니다. 영어는 기본적으로 편하게 구사하며 자기 의견을 당당하게 발표하고 심지어 외국인들과 토론도 할 수 있어야 합니다. 마지막으로 글로벌 수준의 윤리 의식 안전 의식 환경 보호 인격 존중 일관성 등 글로벌 원칙과 국제적 에티켓은 기본 중의 기본입니다. 저는 이러한 인재가 되기 위해서 영어 공부와 글로벌한 이슈와 트렌드에 관심을 갖고 다른 나라 문화에 대해서 공부를 하고 있습니다.","wordCount":126},"emotion":[],"intent":[{"text":"","expression":"","category":"attitude"}],"summary":{"text":"글로벌 인재는 글로벌한 역량을 갖추고 원칙을 지키는 사람을 가리키는데, 글로벌한 시각을 갖추어야 하고, 다른 나라 문화를 이해해야 하며, 글로벌 커뮤니케이션은 필수이고 글로벌 원칙과 국제적 에티켓은 기본 중의 기본입니다.","wordCount":28}}},"rawDataInfo":{"question":{"fileFormat":"wav","fileSize":339918,"duration":10620,"samplingBit":16,"channelCount":1,"samplingRate":"16kHz","audioPath":"/Mock/04.RND/Male/New/ckmk_q_rnd_m_n_332717.wav"},"answer":{"fileFormat":"wav","fileSize":3209998,"duration":100310,"samplingBit":16,"channelCount":1,"samplingRate":"16kHz","audioPath":"/Mock/04.RND/Male/New/ckmk_a_rnd_m_n_332717.wav"}}}