{"version":"1.0","dataSet":{"info":{"date":"20230116","occupation":"RND","channel":"MOCK","place":"ONLINE","gender":"MALE","ageRange":"35-44","experience":"NEW"},"question":{"raw":{"text":"평소에 개인 작업을 많이 하시는 편인가요 그렇다면 그렇게 할 수 있는 원동력은 무엇이라고 생각하는지 말씀해 주세요","wordCount":16},"emotion":[],"intent":[]},"answer":{"raw":{"text":"어 저는 개인 작업을 많이 하는 편입니다. 어 그렇게 할 수 있는 원동력은 저의 집중력에 있다고 생각합니다. 저는 어 계획했던 바가 있으면 아주 어 깊은 집중력을 발휘하는 편입니다. 그래서 어 제가 원하는 결과가 도출될 때까지 그 일을 놓지 않는 편입니다. 그래서 어 저는 어 아주 어 개인 작업을 많이 하고 그 개인 작업을 하는 중에도 집중력을 잃지 않고 하기 때문에 그 결과물이 아주 좋은 편입니다.","wordCount":65},"emotion":[],"intent":[{"text":"","expression":"","category":"attitude"}],"summary":{"text":"개인 작업을 많이 하는 원동력은 집중력에 있다고 생각합니다. 집중력 덕분에 원하는 결과가 도출될 때까지 일을 놓지 않아 결과물이 아주 좋은 편입니다.","wordCount":21}}},"rawDataInfo":{"question":{"fileFormat":"wav","fileSize":343118,"duration":10720,"samplingBit":16,"channelCount":1,"samplingRate":"16kHz","audioPath":"/Mock/04.RND/Male/New/ckmk_q_rnd_m_n_285529.wav"},"answer":{"fileFormat":"wav","fileSize":1731918,"duration":54120,"samplingBit":16,"channelCount":1,"samplingRate":"16kHz","audioPath":"/Mock/04.RND/Male/New/ckmk_a_rnd_m_n_285529.wav"}}}