{"version":"1.0","dataSet":{"info":{"date":"20230116","occupation":"RND","channel":"MOCK","place":"ONLINE","gender":"MALE","ageRange":"35-44","experience":"NEW"},"question":{"raw":{"text":"개발과 환경 두 가지 요인이 있습니다 개발과 환경의 바람직한 조화에 대해 설명 부탁드립니다","wordCount":13},"emotion":[],"intent":[]},"answer":{"raw":{"text":"개발은 인간의 복지와 편리함이 주 목적이고 환경은 인간의 인간다운 생활을 주장합니다. 이 두 개가 잘 조화와 균형을 이루어야 하는데 우리나라의 한 도시를 예로 들어 설명하겠습니다. 이 도시는 농경지가 많은 전형적인 농업 도시였습니다. 그러나 산업화로 인하여 젊은 사람들이 도시로 떠나게 되었고 이 도시는 고령화로 인해 일할 사람이 없고 농산물 수입 개방으로 어려움을 겪게 되었습니다. 그러던 중 이 도시의 하천 개발 계획에 따라 인근 하천을 정비하여 자연에 가까운 하천으로 복원하면서 삼 급수의 수질은 일 급 수에 가까운 수질로 바뀌게 되었습니다. 이와 연계하여 이 도시에서는 개발과 함께 도시의 성장을 위해 친환경 지역임을 가장 어필할 수 있는 나비를 테마로 축제를 기획하였고 현재는 우리나라를 대표하는 축제 중 하나로 자리 잡게 되었습니다. 이는 개발이 환경을 해치지 않고 도시의 성장을 이끈 좋은 예라고 할 수 있습니다.","wordCount":119},"emotion":[],"intent":[{"text":"","expression":"","category":"attitude"}],"summary":{"text":"개발이 환경을 해치지 않고 도시의 성장을 이끈 좋은 예라고 할 수 있습니다. 우리나라의 한 도시는 산업화로 젊은 사람들이 도시로 떠나게 되었고 고령화로 인해 일할 사람이 없고 농산물 수입 개방으로 어려움을 겪게 되었습니다. 이 도시에서는 친환경 나비를 테마로 축제를 기획하였습니다.","wordCount":39}}},"rawDataInfo":{"question":{"fileFormat":"wav","fileSize":343118,"duration":10720,"samplingBit":16,"channelCount":1,"samplingRate":"16kHz","audioPath":"/Mock/04.RND/Male/New/ckmk_q_rnd_m_n_327754.wav"},"answer":{"fileFormat":"wav","fileSize":2973198,"duration":92910,"samplingBit":16,"channelCount":1,"samplingRate":"16kHz","audioPath":"/Mock/04.RND/Male/New/ckmk_a_rnd_m_n_327754.wav"}}}