{"version":"1.0","dataSet":{"info":{"date":"20230116","occupation":"RND","channel":"MOCK","place":"ONLINE","gender":"MALE","ageRange":"-34","experience":"NEW"},"question":{"raw":{"text":"만약 타 부서와 갈등 상황이 발생한다면 어떻게 해결하실 건가요 상황을 가정하고 가능한 구체적으로 해결 방법을 말씀해 주세요","wordCount":17},"emotion":[],"intent":[]},"answer":{"raw":{"text":"어 저는 먼저 타 부서의 얘기를 최대한 들어주겠지만 저의 부서에 저희 부서의 근간이 되는 요소를 건든다면 그것에 대해서는 타협을 하지 않을 것 같습니다. 예를 들어서 이런 경우가 있겠습니다. 건설 쪽은 아니지만 애니메이션부와 판매 영업부가 서로 마찰을 빚는 경우가 많습니다. 영업부에서는 피규어를 판매를 해야 되고 애니메이션은 애니메이션 자체를 그리는 것도 힘듭니다. 영업부가 보다 쉬운 피규어를 만들기 위해서 이 디자인을 단소에 한 단순화해 달라고 이제 요구를 하는 그런 경우가 많다고 저는 들었습니다. 이제 이러한 경우에 발생할 수 있는 갈등의 상황에서 최대한의 애니메이션부는 이제 그것들을 수용을 해주지만 뭔가 새롭게 변신을 하는 새로운 신이 추가되거나 하는 것들은 완강하게 반대를 하고 쳐낸다고 들었습니다. 이것과 비슷하게 저도 생각이 듭니다. 건설적인 부분에 있어서 설계의 근간을 뒤흔드는 부분에 대해서 만약에 타협을 하자고 말을 한다면 저는 그것을 완강하게 반대를 할 것 같습니다. 하지만 그것을 그것 외에 다른 요소라면 충분히 그 요구를 수용하고 받아들일 것입니다. 이상으로 답변을 마치겠습니다. 들어주셔서 감사합니다.","wordCount":140},"emotion":[],"intent":[{"text":"","expression":"","category":"attitude"}],"summary":{"text":"애니메이션부와 판매 영업부가 서로 마찰을 빚는 경우가 많은데, 애니메이션부는 그것들을 수용해주면서도 새로운 신이 추가되거나 새로운 신이 등장하는 것들은 완강하게 반대를 하고 쳐낸다고 들었습니다. 건설적인 부분에 있어서 설계의 근간을 뒤흔드는 부분에 대해 타협을 하자고 한다면 반대할 것 같습니다. 하지만 그 외 다른 요소라면 충분히 요구를 수용하고 받아들일 것입니다. ","wordCount":47}}},"rawDataInfo":{"question":{"fileFormat":"wav","fileSize":612558,"duration":19140,"samplingBit":16,"channelCount":1,"samplingRate":"16kHz","audioPath":"/Mock/04.RND/Male/New/ckmk_q_rnd_m_n_279115.wav"},"answer":{"fileFormat":"wav","fileSize":2575438,"duration":80480,"samplingBit":16,"channelCount":1,"samplingRate":"16kHz","audioPath":"/Mock/04.RND/Male/New/ckmk_a_rnd_m_n_279115.wav"}}}