{"version":"1.0","dataSet":{"info":{"date":"20230116","occupation":"RND","channel":"MOCK","place":"ONLINE","gender":"MALE","ageRange":"35-44","experience":"NEW"},"question":{"raw":{"text":"대학에서 학습한 본인의 전공 과목 중 가장 기억에 남는 과목을 한 가지만 말씀해 주실 수 있나요","wordCount":16},"emotion":[],"intent":[]},"answer":{"raw":{"text":"네 저는 그 컴퓨터 프로그래밍 그 과목에 대해서 가장 기억에 많이 남고 그다음에 제가 지금 업무를 하고 또 집안 가정 일을 또 이끌어 나가는데 도움을 많이 주지 않았나 그런 생각을 합니다. 물론 제가 전산 관련 업무를 지금 하고 있지는 않지만은 어 제가 몇 가지 어 프로그래밍 언어를 배우고 또 프로그램도 많이 이렇게 만들어 보고 했습니다 학교 때. 그러다 보니까 이 프로그램을 전공 그 만들기 위해서는 여러 가지 변수를 관리를 하고 전체적인 면을 이렇게 제가 나름대로 로직을 만들어서 인제 풀어 나가야 되고 그다음에 고정 변수와 가변수 그다음에 어떤 인풋트에 내용과 그다음에 프로세스의 어떤 과정 계산 과정이 뭐고 최종적으로 어떤 결과가 아웃풋이 나와야 된다 그러한 큰 명제와 전제를 가지고 프로그램을 작성을 해야 되기 때문에 물론 일상 업무에서는 이게 몇 번 만에 계산을 통해서 결과를 만들어 내느냐 어떤 그런 것을 갖고 뭐 우열을 따지지는 않지만은 결국에는 그러한 로직을 지금의 문제가 뭐냐 인풋트 그다음에 이것을 어떻게 처리할 것이냐 프로세스 최종적으로 어떤 결과를 만들거냐 아웃풋트 결국에는 그 같은 맥락으로 일이 진행이 되기 때문에 그런 사고 방식을 일찌감치 저는 인제 로직을 갖고 많이 검토를 해 봤기 때문에 실질적은 문제를 해결하는데 대화를 나누는 데는 많은 사고 능력을 키우는 데는 도움이 되었던 것 같습니다.","wordCount":186},"emotion":[],"intent":[{"text":"","expression":"","category":"attitude"}],"summary":{"text":"컴퓨터 프로그래밍 과목이 가장 기억에 많이 남습니다. 프로그램을 전공하면서 변수를 관리하며 로직을 만들고, 고정 변수와 가변수, 어떤 인풋트에 내용과 프로세스의 계산 과정, 최종적인 아웃풋이 나와야 프로그램을 작성할 수 있습니다. 일상 업무에서는 우열을 따지지는 않지만은 결국에는 그 같은 맥락으로 일이 진행이 되기 때문에 실질적인 문제 해결에 대화하는 데는 많은 도움이 되었습니다.","wordCount":50}}},"rawDataInfo":{"question":{"fileFormat":"wav","fileSize":288078,"duration":9000,"samplingBit":16,"channelCount":1,"samplingRate":"16kHz","audioPath":"/Mock/04.RND/Male/New/ckmk_q_rnd_m_n_344258.wav"},"answer":{"fileFormat":"wav","fileSize":3155918,"duration":98620,"samplingBit":16,"channelCount":1,"samplingRate":"16kHz","audioPath":"/Mock/04.RND/Male/New/ckmk_a_rnd_m_n_344258.wav"}}}