{"version":"1.0","dataSet":{"info":{"date":"20230116","occupation":"RND","channel":"MOCK","place":"ONLINE","gender":"MALE","ageRange":"45-54","experience":"NEW"},"question":{"raw":{"text":"만약 우리 회사에 들어오게 된다면 제일 가고 싶은 부서와 왜 그 부서에 가고 싶다고 생각하셨는지 그 이유를 함께 말씀해 주세요","wordCount":20},"emotion":[],"intent":[]},"answer":{"raw":{"text":"네 제가 이 회사에 들어와서 가장 가고 싶은 부서를 말씀드리자면 회계 업무를 맡아 보고 싶습니다. 어 회계팀에서 어 이 회사에 여러 가지 이 매출과 매입과 그리고 급여와 그리고 어 복지와 어 얼마나 효율적으로 어 자금이 운영되고 있는지 를 어 배워보고 싶습니다. 그리고 또 회계 업무가 어 어떤 사업을 하는데 중요한 역할을 하기 때문에 제가 향후 십 년 후나 이십 년 후에 창업을 할 경우에 지금 이 회사에서 어 회계 업무를 통해서 많은 경험과 지식을 쌓는 것은 음 아주 어 중요한 업무라고 생각을 합니다. 회계가 잘못되면 회사가 망할 수도 있습니다. 회계가 잘되면 아주 크게 흥할 수도 있습니다. 그런 면에서 어 좀 더 합리적이고 계획적이고 어 예측 가능한 회사가 되기 위해서는 회계 업무는 무엇보다도 중요한 업무이기 때문에 저는 회계팀에서 일을 하고 싶습니다. 이상입니다.","wordCount":121},"emotion":[],"intent":[{"text":"","expression":"","category":"attitude"}],"summary":{"text":"이 회사에 들어와서 가장 가고 싶은 부서로 회계 업무를 맡아 보고 싶습니다. 회계 업무가 어떤 사업을 하는데 중요한 역할을 하기 때문에 회계 업무를 통해서 많은 경험과 지식을 쌓는 것은 아주 중요한 업무라고 생각합니다.","wordCount":33}}},"rawDataInfo":{"question":{"fileFormat":"wav","fileSize":328718,"duration":10270,"samplingBit":16,"channelCount":1,"samplingRate":"16kHz","audioPath":"/Mock/04.RND/Male/New/ckmk_q_rnd_m_n_322640.wav"},"answer":{"fileFormat":"wav","fileSize":3450318,"duration":107820,"samplingBit":16,"channelCount":1,"samplingRate":"16kHz","audioPath":"/Mock/04.RND/Male/New/ckmk_a_rnd_m_n_322640.wav"}}}