{"version":"1.0","dataSet":{"info":{"date":"20230116","occupation":"RND","channel":"MOCK","place":"ONLINE","gender":"MALE","ageRange":"35-44","experience":"NEW"},"question":{"raw":{"text":"이전 직장 혹은 대학에서 어떤 프로젝트를 했었는지 생각나는 게 있다면 한 번 말씀해 주시겠어요","wordCount":14},"emotion":[],"intent":[]},"answer":{"raw":{"text":"어 저는 어 이전 직장에서 어 주로 제품 개발 프로젝트를 많이 어 실시를 했었습니다. 어 개발 프로젝트 중에서 어 어 주로 어 유압 장치에 들어가는 압력 어 밸브를 많이 개발을 했는데 저는 어 거기에서 음 어 그 제품이 제품을 가공을 하면 그 제품이 가공이 잘 됐는지 어 에 대한 어 치수나 그리고 성능이 제대로 나오는지에 대한 어 성능 테스트 결과를 가지고 이 제품의 합부 여부를 판단하는 그런 업무를 했었습니다. 어 한 달 어 한 두 달에 한 번 꼴로 어 실행을 했고 제가 개발에 참여했던 어 제품은 약 한 백 가지 정도 됩니다.","wordCount":93},"emotion":[],"intent":[{"text":"","expression":"","category":"attitude"}],"summary":{"text":"저는 이전 직장에서 주로 제품 개발 프로젝트를 실시했고, 유압 장치에 들어가는 압력 밸브를 개발했습니다. 그리고 성능 테스트 결과를 가지고 제품의 합부 여부를 판단하는 업무를 했습니다.","wordCount":25}}},"rawDataInfo":{"question":{"fileFormat":"wav","fileSize":330958,"duration":10340,"samplingBit":16,"channelCount":1,"samplingRate":"16kHz","audioPath":"/Mock/04.RND/Male/New/ckmk_q_rnd_m_n_279177.wav"},"answer":{"fileFormat":"wav","fileSize":2165198,"duration":67660,"samplingBit":16,"channelCount":1,"samplingRate":"16kHz","audioPath":"/Mock/04.RND/Male/New/ckmk_a_rnd_m_n_279177.wav"}}}