{"version":"1.0","dataSet":{"info":{"date":"20230116","occupation":"RND","channel":"MOCK","place":"ONLINE","gender":"MALE","ageRange":"35-44","experience":"NEW"},"question":{"raw":{"text":"지원자분께서 생각하시기에 창의성과 팀워크 중에서 둘 다 둘 중 더 중요한 것은 무엇이라고 생각하시는지 궁금합니다 그 근거도 함께 들어서 답변해 주시면 좋겠습니다","wordCount":22},"emotion":[],"intent":[]},"answer":{"raw":{"text":"어 우리는 그 우리의 특성 업무 특성상 창의성보다는 팀워크가 더 중요하다고 생각이 됩니다. 왜냐하면 우리는 제품을 개발을 하고 어 완성함에 있어서 어 혼자의 창의성보다 팀워크를 통해서 어 훨씬 더 좋은 결과를 뽑을 수 있다고 생각하기 때문입니다. 그래서 어 저는 팀워크가 훨씬 더 중요한 요소라고 생각합니다.","wordCount":45},"emotion":[],"intent":[{"text":"어 우리는 그 우리의 특성 업무 특성상 창의성보다는 팀워크가 더 중요하다고 생각이 됩니다.","expression":"c_cop","category":"personality"}],"summary":{"text":"업무 특성 상 창의성보다 팀워크가 중요하다고 생각하며, 제품 개발과 완성에 있어 혼자보다는 팀워크로 더 좋은 결과를 낼 수 있다고 생각합니다.","wordCount":20}}},"rawDataInfo":{"question":{"fileFormat":"wav","fileSize":529998,"duration":16560,"samplingBit":16,"channelCount":1,"samplingRate":"16kHz","audioPath":"/Mock/04.RND/Male/New/ckmk_q_rnd_m_n_291945.wav"},"answer":{"fileFormat":"wav","fileSize":1553358,"duration":48540,"samplingBit":16,"channelCount":1,"samplingRate":"16kHz","audioPath":"/Mock/04.RND/Male/New/ckmk_a_rnd_m_n_291945.wav"}}}