{"version":"1.0","dataSet":{"info":{"date":"20230116","occupation":"RND","channel":"MOCK","place":"ONLINE","gender":"MALE","ageRange":"-34","experience":"NEW"},"question":{"raw":{"text":"아마 배달의민족을 사용 안 해 본 분들은 없을 텐데요 지원자님께서 배달의민족을 사용하시면서 서비스 부분에서 아쉬웠던 게 있었다면 어떤 것이었는지 답변해 주시기 바랍니다","wordCount":22},"emotion":[],"intent":[]},"answer":{"raw":{"text":"네 저는 배달의민족을 사용한 경험이 없습니다. 아 하지만은 제가 이 자리에서 드리고 싶은 얘기는 그 대한민국의 오토바이 사용량이 배달로 인하여 엄청나게 늘어나고 있는데 아 그로 인하여 오토바이가 발생하고 있는 많은 소음 문제 또는 그 오토바이 그 이용자에 대한 안전 보호 문제 에 그다음에 그 배달의 그 비용 책정 문제 여러 가지 사회적으로 남겨져 있습니다. 어 지금 코로나로 인하여 이런 배달의 민족 등 어떤 편리한 부분에 있어서 빠른 시간으로 성장해 나가고 있지만 실질적으로는 불합리한 부분이 지금 우리가 산업화되어 성장하고 있는데 저는 관련 그 기관이나 부서에서 이런 모든 부분이 이런 그 기사분들의 생명 안전. 어 저는 오토바이 사고 등등 관련해서 많은 것을 목격한 경험이 있기 때문에 어 이런 것들을 좀 더 사전에 조금 그 관심을 갖고 그다음에 과연 지금 책정돼 있는 그런 배달비가 합리적인지 이런 부분에 대해서도 조금 잘 사전을 관리하여 문제 없도록 운영이 되었으면 합니다.","wordCount":134},"emotion":[],"intent":[{"text":"","expression":"","category":"attitude"}],"summary":{"text":"배달의 민족을 사용한 경험이 없지만 오토바이의 소음문제, 이용자의 안전문제, 비용 책정 문제가 사회적으로 남겨져 있습니다. 실질적으로는 불합리한 부분이 산업화되어 성장하고 있는데, 관련 기관이나 부서에서 이러한 모든 부분에 대해 사전을 관리하여 문제 없도록 운영이 되었으면 합니다.","wordCount":35}}},"rawDataInfo":{"question":{"fileFormat":"wav","fileSize":460238,"duration":14380,"samplingBit":16,"channelCount":1,"samplingRate":"16kHz","audioPath":"/Mock/04.RND/Male/New/ckmk_q_rnd_m_n_294743.wav"},"answer":{"fileFormat":"wav","fileSize":2639438,"duration":82480,"samplingBit":16,"channelCount":1,"samplingRate":"16kHz","audioPath":"/Mock/04.RND/Male/New/ckmk_a_rnd_m_n_294743.wav"}}}