{"version":"1.0","dataSet":{"info":{"date":"20230116","occupation":"RND","channel":"MOCK","place":"ONLINE","gender":"MALE","ageRange":"35-44","experience":"NEW"},"question":{"raw":{"text":"커뮤니케이션을 잘 할 수 있는 본인만의 스킬이 있다면 한번 말씀해 주시겠어요","wordCount":11},"emotion":[],"intent":[]},"answer":{"raw":{"text":"커뮤니케이션을 잘 하기 위해서 무엇보다도 이 경청하는 태도가 있어야 합니다. 다른 사람과 대화를 할 때에 자기 의견만 내세우고 상대방의 의견을 전혀 듣지 않는다면 올바른 의사소통이 될 수 없습니다. 그래서 먼저 상대방의 말을 잘 들어 주는 것이 좋고 적당한 리액션도 필요합니다. 그리고 나서 제 이야기를 하는 것이 중요합니다. 계속해서 한 사람만 이야기하면 원활한 의사 소통이 될 수 없기 때문에 경청하는 것이 필요하고 또 이야기 할 때에 상대방의 눈을 바라보며 이야기하는 것이 중요합니다. 조금 부담스러울 수도 있지만 그게 경청하는 사람의 올바른 태도이고 또 진실한 면을 보여줄 수도 있습니다. 그래서 저는 경청과 눈을 바라보는 태도가 올바른 커뮤니케이션의 방법이라고 생각합니다.","wordCount":96},"emotion":[],"intent":[{"text":"","expression":"","category":"attitude"}],"summary":{"text":"커뮤니케이션을 잘 하기 위해서는 경청하는 태도가 있어야 합니다. 먼저 상대방의 말을 잘 들어 주는 것이 좋고 리액션도 필요합니다. 그리고 계속해서 제 이야기를 하는 것이 중요합니다. 경청과 눈을 바라보는 태도가 올바른 커뮤니케이션의 방법이라고 생각합니다.","wordCount":33}}},"rawDataInfo":{"question":{"fileFormat":"wav","fileSize":235598,"duration":7360,"samplingBit":16,"channelCount":1,"samplingRate":"16kHz","audioPath":"/Mock/04.RND/Male/New/ckmk_q_rnd_m_n_327753.wav"},"answer":{"fileFormat":"wav","fileSize":2382158,"duration":74440,"samplingBit":16,"channelCount":1,"samplingRate":"16kHz","audioPath":"/Mock/04.RND/Male/New/ckmk_a_rnd_m_n_327753.wav"}}}