{"version":"1.0","dataSet":{"info":{"date":"20230116","occupation":"RND","channel":"MOCK","place":"ONLINE","gender":"MALE","ageRange":"35-44","experience":"NEW"},"question":{"raw":{"text":"어 상사가 회사의 이익에 반하는 행동을 하는 것을 직접 목격하셨다면 어 그때는 어떻게 대처하시겠습니까 그리고 그 이유는 무엇인가요","wordCount":18},"emotion":[],"intent":[]},"answer":{"raw":{"text":"상사가 회사의 이익에 반하는 행동을 제가 직접 목격한다면 저는 바로 어 그 사실을 회사에 이야기할 것 같습니다. 왜냐하면 상사도 그리고 저도 회사라는 지붕 아래에 있는 사람으로서 회사의 이익에 반하는 행동을 하는 것은 잘못된 일이기 때문입니다. 어 그래서 저는 어 그런 어 잘못된 행동을 본다면 바로 회사에 보고해서 회사가 직접 처리하는 하게끔 만들 것입니다.","wordCount":53},"emotion":[],"intent":[{"text":"","expression":"","category":"attitude"}],"summary":{"text":"회사라는 지붕 아래 있는 사람이 회사의 이익에 반하는 행동을 하는 것은 잘못된 일이기 때문에 바로 회사에 보고해서 회사가 직접 처리하게 만들 것입니다.","wordCount":22}}},"rawDataInfo":{"question":{"fileFormat":"wav","fileSize":438478,"duration":13700,"samplingBit":16,"channelCount":1,"samplingRate":"16kHz","audioPath":"/Mock/04.RND/Male/New/ckmk_q_rnd_m_n_282623.wav"},"answer":{"fileFormat":"wav","fileSize":1566158,"duration":48940,"samplingBit":16,"channelCount":1,"samplingRate":"16kHz","audioPath":"/Mock/04.RND/Male/New/ckmk_a_rnd_m_n_282623.wav"}}}