{"version":"1.0","dataSet":{"info":{"date":"20230116","occupation":"RND","channel":"MOCK","place":"ONLINE","gender":"MALE","ageRange":"55-","experience":"NEW"},"question":{"raw":{"text":"특별히 가보고 싶은 회사가 있나요 있다면 특정 도메인이 중요한지 아니면 회사의 분위기가 중요한지 회사를 보실 때 어떤 점을 중점적으로 보시는지 궁금합니다","wordCount":21},"emotion":[],"intent":[]},"answer":{"raw":{"text":"예 어 시간과 공간을 어 사용하는 데 있어서 내가 자율적으로 선택하고 책임지는 그런 어 분위기의 회사를 어 다니고 싶습니다. 그 그런 분위기는 음 제가 만약에 오너라면 그런 분위기를 만드는 회사로 만들고 싶고 그건 곧 어 구성원들의 창의력을 높이는 그런 분위기를 조장한다 라는 그런 제 나름의 철학이 있어서 어 조직 관리를 아니면 조직의 문화를 그런 방향으로 방향성을 잡겠습니다. 어 일종의 문화를 만들어 간다는 게 그게 굉장히 큰 어 구심력을 작용해서 어 회사의 이익을 극대화시키는 그런 어 아주 어 보편적인 가치로 자리 잡을 수 있지 않을까 그렇게 생각합니다.","wordCount":86},"emotion":[],"intent":[{"text":"","expression":"","category":"attitude"}],"summary":{"text":"시간과 공간을 자율적으로 선택하고 책임지는 회사, 창의력을 높이는 분위기를 만드는 회사, 조직의 문화를 만드는 방향으로 방향성을 잡겠습니다. 문화는 구심력을 작용해서 회사의 이익을 극대화시키는 보편적인 가치로 자리 잡을 수 있다고 생각합니다.","wordCount":30}}},"rawDataInfo":{"question":{"fileFormat":"wav","fileSize":446478,"duration":13950,"samplingBit":16,"channelCount":1,"samplingRate":"16kHz","audioPath":"/Mock/04.RND/Male/New/ckmk_q_rnd_m_n_246945.wav"},"answer":{"fileFormat":"wav","fileSize":2423118,"duration":75720,"samplingBit":16,"channelCount":1,"samplingRate":"16kHz","audioPath":"/Mock/04.RND/Male/New/ckmk_a_rnd_m_n_246945.wav"}}}