{"version":"1.0","dataSet":{"info":{"date":"20230116","occupation":"RND","channel":"MOCK","place":"ONLINE","gender":"MALE","ageRange":"35-44","experience":"NEW"},"question":{"raw":{"text":"배달의민족을 사용하시면서 서비스에서 아쉬웠던 부분이 있으셨나요 있었다면 그게 무엇인지 말씀해 주실 수 있나요","wordCount":13},"emotion":[],"intent":[]},"answer":{"raw":{"text":"어 저는 소비자 입장에서 보다 이 그 업주 자영업자의 입장에서 좀 아쉬운 부분을 말씀드리고 싶은데요. 어 제 주변에 그 요식업을 하는 자영업자 친구들이 좀 있어서 그 친구들의 고충을 좀 대신 얘기하자면 어떤 리뷰에 있어서 어 소위 악질적으로 리뷰를 다는 그런 고객들 블랙 컨슈머들이 좀 많다 라고 들었습니다. 그리고 그 리뷰를 이용해서 협박을 하는 고객들도 있다 라고 들었고요. 그러니까 서비스로 이걸 안 주면 어 별점을 일 점 주고 리뷰를 안 좋게 쓰겠다. 이런 식으로 협박하는 부분에 대해서 그 배달의 민족 측에서는 전혀 어떠한 대응도 되고 있지 않는 것 같아서 굉장히 유감스럽고 아쉽습니다. 아 이거는 꼭 해결해야 되는 부분인 것 같고 또 그런 악의적인 음 악플을 달고 리뷰를 쓰는 사람들은 좀 리뷰를 쓰는 데 있어서 어떤 제약을 주든지 좀 그걸 좀 더 배달의 민족 회사 측이 좀 더 관리를 더 잘 해야 되지 않을까 라고 생각을 합니다. 어 그 사장님이 마음대로 그 리뷰를 삭제도 못하는 것도 뭐 문제가 있는 것 같은데 어 사장님이 그냥 인위적으로 삭제는 안 되더라도 아 이게 업체 측 배달의 민족 측이랑 상의해 봤을 때 아 이거는 고의성이 있고 좀 악의적인 측면이 있다 라고 하면 그 부분도 좀 해결을 해 주시는 게 좋을 것 같습니다.","wordCount":186},"emotion":[{"text":"이런 식으로 협박하는 부분에 대해서 그 배달의 민족 측에서는 전혀 어떠한 대응도 되고 있지 않는 것 같아서 굉장히 유감스럽고 아쉽습니다.","expression":"n-distress","category":"negative"}],"intent":[{"text":"","expression":"","category":"attitude"}],"summary":{"text":"업주 자영업자의 입장에서 아쉽습니다. 블랙 컨슈머들이 리뷰를 이용해 협박을 하는 부분에 대해서 배달의 민족 측에서는 어떠한 대응도 하고 있지 않아 굉장히 유감스럽습니다. 악의적인 악플을 달고 리뷰를 쓰는 사람들은 어떤 제약을 주든지 관리를 좀 더 잘 해야 될 것 같습니다.","wordCount":39}}},"rawDataInfo":{"question":{"fileFormat":"wav","fileSize":358478,"duration":11200,"samplingBit":16,"channelCount":1,"samplingRate":"16kHz","audioPath":"/Mock/04.RND/Male/New/ckmk_q_rnd_m_n_267143.wav"},"answer":{"fileFormat":"wav","fileSize":3828878,"duration":119650,"samplingBit":16,"channelCount":1,"samplingRate":"16kHz","audioPath":"/Mock/04.RND/Male/New/ckmk_a_rnd_m_n_267143.wav"}}}