{"version":"1.0","dataSet":{"info":{"date":"20230116","occupation":"RND","channel":"MOCK","place":"ONLINE","gender":"MALE","ageRange":"-34","experience":"NEW"},"question":{"raw":{"text":"지원자님이 연구나 개발 아이디어를 탐색할 때 어떤 개인만의 특별한 방법이라든지 노하우가 있다면 자세히 설명 좀 해 주시겠습니까","wordCount":17},"emotion":[],"intent":[]},"answer":{"raw":{"text":"저는 연구 개발 아이디어를 탐색할 때 주변 상황을 많이 자세하게 살펴보곤 합니다. 왜냐하면 평소에 당연하고 일반적이라고 생각해 왔던 상황들이 조금 더 깊이 자세하게 생각했을 경우에 달라지는 경우가 많았기 때문입니다. 그런 일상생활의 작은 달라짐으로부터 얻어진 연구 및 개발 아이디어는 곧 더 심화된 더 창의적인 방식으로 연결되어 새로운 생각으로 이어지곤 했습니다. 그렇기 때문에 저는 일상생활이나 당연하게 생각해 왔던 주변 사람의 일반적인 대화 시시콜콜한 이야기로부터 새로운 아이디어를 얻는 편입니다. 그렇게 아이디어를 얻었을 때 개발된 아이디어는 일상생활에 접목도 쉬워 실제로 사용하기에도 편했던 경우가 많았기 때문입니다.","wordCount":81},"emotion":[],"intent":[{"text":"","expression":"","category":"attitude"}],"summary":{"text":"저는 평소 당연하고 일반적이라고 생각해 왔던 상황들이 조금 더 깊이있게 생각했을 경우에 달라지는 경우가 많아, 연구 및 개발 아이디어를 탐색할 때 주변 상황을 많이 자세히 살펴보곤 합니다.","wordCount":27}}},"rawDataInfo":{"question":{"fileFormat":"wav","fileSize":574158,"duration":17940,"samplingBit":16,"channelCount":1,"samplingRate":"16kHz","audioPath":"/Mock/04.RND/Male/New/ckmk_q_rnd_m_n_342313.wav"},"answer":{"fileFormat":"wav","fileSize":1808398,"duration":56510,"samplingBit":16,"channelCount":1,"samplingRate":"16kHz","audioPath":"/Mock/04.RND/Male/New/ckmk_a_rnd_m_n_342313.wav"}}}