{"version":"1.0","dataSet":{"info":{"date":"20230116","occupation":"RND","channel":"MOCK","place":"ONLINE","gender":"MALE","ageRange":"35-44","experience":"NEW"},"question":{"raw":{"text":"본인이 생각했을 때 자신의 노년은 어떤 모습이었으면 좋겠다고 생각하시나요 생각하시는 이상적인 노년의 모습에 대해서 설명해 주세요","wordCount":16},"emotion":[],"intent":[]},"answer":{"raw":{"text":"어 저는 제 노년의 모습이 물질적인 어 독립 뿐만 아니라 정신적으로 어 아주 독립적인 인간으로서 존재했으면 좋을 것 같습니다. 어 아직까지 청년으로서 어 정신적으로 많이 흔들릴 때가 있습니다. 어 노년이 되어서는 어 제 자신이 어 주변의 환경이나 상황에 따라서 흔들리지 않는 그런 정신력을 가지고 있는 사람이었으면 좋을 것 같습니다.","wordCount":49},"emotion":[],"intent":[{"text":"","expression":"","category":"attitude"}],"summary":{"text":"노년의 모습이 물질적,정신적으로 독립적인 인간으로 존재했으면 좋겠습니다. 노년이 되어서는 주변 환경이나 상황에 따라 흔들리지않는 정신력을 가졌으면 합니다.","wordCount":17}}},"rawDataInfo":{"question":{"fileFormat":"wav","fileSize":337998,"duration":10560,"samplingBit":16,"channelCount":1,"samplingRate":"16kHz","audioPath":"/Mock/04.RND/Male/New/ckmk_q_rnd_m_n_287137.wav"},"answer":{"fileFormat":"wav","fileSize":1726158,"duration":53940,"samplingBit":16,"channelCount":1,"samplingRate":"16kHz","audioPath":"/Mock/04.RND/Male/New/ckmk_a_rnd_m_n_287137.wav"}}}