{"version":"1.0","dataSet":{"info":{"date":"20230116","occupation":"RND","channel":"MOCK","place":"ONLINE","gender":"MALE","ageRange":"35-44","experience":"NEW"},"question":{"raw":{"text":"엔트로피와 엔탈피 이 두 개념의 서로의 차이는 무엇인가요 아시는 대로 설명을 부탁드리겠습니다","wordCount":12},"emotion":[],"intent":[]},"answer":{"raw":{"text":"네 엔트로피와 엔탈피 이 두 개념의 차이에 대해서 말씀드리겠습니다. 어 먼저 이 두 가지는 모두 어떤 에너지인데 음 에너지가 모두 유용하게 우리가 어떤 일로써 사용할 수 있는 게 아니라 어떤 것은 사용할 수 없는 쓸모없는 에너지가 될 수 있다는 것이죠. 그래서 예를 들면 어 화력 발전을 할 때 음 화 화력이라고 하는 어떤 그런 열 에너지를 어 운동 에너지로 바꾸고 운동 에너지가 다시 전기 에너지로 바뀌었을 때 어 화력 에너지가 백이라고 했다면 전기 에너지도 똑같이 백의 에너지를 갖는 것이 아니라 그중에서 어 에너지가 전환될 때 사용할 수 없는 그런 에너지들이 발생이 되는데 그런 것들을 엔트로피라고 하고 그리고 사용 여전히 일로써 유용하게 사용할 수 있는 그런 에너지를 어 엔탈피 라고 합니다. 그래서 이 엔트로피와 엔탈피의 그런 비율 관계가 어 에너지를 전환하는 데 있어서 매우 중요하게 고려되고 어 어떤 상황에서 어떻게 그런 전환을 해야 될지를 어 규정하는 굉장히 중요한 개념이라고 할 수 있겠습니다. 그래서 이제 모든 일에는 엔트로피가 계속 증가하고 발 발생이 되는데 어 이 엔트로피를 최소화하는 것이 또 효율을 높이는 그런 것이라고 할 수 있겠습니다. 이상으로 답변 마치겠습니다. 감사합니다.","wordCount":168},"emotion":[],"intent":[{"text":"","expression":"","category":"attitude"}],"summary":{"text":"엔트로피와 엔탈피는 모두 어떤 일로써 사용할 수 있는 게 아니라 어떤 것은 사용할 수 없는 쓸모없는 에너지가 될 수 있다는 것입니다. 그래서 어떤 상황에서 어떻게 전환을 해야 될지를 규정하는 중요한 개념이라고 할 수 있습니다. 모든 일에는 엔도르피가 계속 증가하고 발생이 되는데 이 엔드로피를 최소화하는 것이 또 효율을 높이는 그런 것이라고 말할 수 있겠습니다.","wordCount":53}}},"rawDataInfo":{"question":{"fileFormat":"wav","fileSize":320078,"duration":10000,"samplingBit":16,"channelCount":1,"samplingRate":"16kHz","audioPath":"/Mock/04.RND/Male/New/ckmk_q_rnd_m_n_312034.wav"},"answer":{"fileFormat":"wav","fileSize":3180238,"duration":99380,"samplingBit":16,"channelCount":1,"samplingRate":"16kHz","audioPath":"/Mock/04.RND/Male/New/ckmk_a_rnd_m_n_312034.wav"}}}