{"version":"1.0","dataSet":{"info":{"date":"20230116","occupation":"RND","channel":"MOCK","place":"ONLINE","gender":"MALE","ageRange":"55-","experience":"NEW"},"question":{"raw":{"text":"이전 직장에서 퇴사한 다음 퇴사한 것을 후회한 적은 없으셨나요 있다면 왜 후회하셨는지 그 이유도 함께 말씀해 주세요","wordCount":17},"emotion":[],"intent":[]},"answer":{"raw":{"text":"제가 특별히 가장 기억에 남는 회사면서 가장 사랑했던 회사는 삼보컴퓨터입니다. 삼보컴퓨터에 입사를 하고 어 그래서 오랫동안 근무를 하고 난 이후에 제가 개인 사업을 하기 위해서 어 회사를 퇴사를 했어요. 그런데 잘 아시겠지만 이천 년도 초에 제가 사업을 시작을 했는데 아이엠에프 이후에 경제가 조금 많이 회복되었어야 아 그때도 어 여러 부분에서 환경적 요소가 많이 어려웠습니다. 그래서 그러한 영향으로 인해서 어 경영에 대한 부분에서 상당히 어려움이 있었고 잘 아시겠지만 회사를 경영하다 보면 직원들에 대한 여러 어 부분들이 있죠. 어 웨이지스란 부분도 있고 또 복지에 대한 부분도 있고 이런 부분에서 상당한 부분에서 압박을 좀 받았던 것도 사실입니다. 그래서 결국은 제가 아 내가 사업을 하는 것은 좀 나한테는 좀 무리가 있겠다 라는 생각을 하고 사업보다는 어 스탭으로서 회사의 조직의 한 일원으로서 어 다시 시작을 해야 되겠다. 그런 마음으로 다시 입사를 하고 일을 시작을 하였습니다. 고 기간이 저에게는 좀 어려웠던 시기였던 것으로 기억이 납니다.","wordCount":139},"emotion":[],"intent":[{"text":"","expression":"","category":"attitude"}],"summary":{"text":"삼보컴퓨터에 입사를 한 후 개인사업을 위해 퇴사를 하였는데, 아이엠에프 이후 환경적 요소의 영향으로 경영에 어려움이 있었고 직원들에 대한 압박도 있었습니다. 그래서 사업보다는 조직의 일원으로서 다시 시작을 하겠다는 마음으로 입사를 하였습니다. 고 기간이 저에게는 좀 어려웠던 시기였던 것으로기억합니다.","wordCount":37}}},"rawDataInfo":{"question":{"fileFormat":"wav","fileSize":327758,"duration":10240,"samplingBit":16,"channelCount":1,"samplingRate":"16kHz","audioPath":"/Mock/04.RND/Male/New/ckmk_q_rnd_m_n_319046.wav"},"answer":{"fileFormat":"wav","fileSize":2823758,"duration":88240,"samplingBit":16,"channelCount":1,"samplingRate":"16kHz","audioPath":"/Mock/04.RND/Male/New/ckmk_a_rnd_m_n_319046.wav"}}}