{"version":"1.0","dataSet":{"info":{"date":"20230116","occupation":"RND","channel":"MOCK","place":"ONLINE","gender":"MALE","ageRange":"-34","experience":"NEW"},"question":{"raw":{"text":"남을 잘 이끄는 리더형과 남을 잘 따르는 팔로워 형이 있습니다 지원자님께서는 업무를 하실 때 이 두 가지 중에 어떤 유형에 속하는지 이유를 들어서 설명해 주시기 바랍니다","wordCount":26},"emotion":[],"intent":[]},"answer":{"raw":{"text":"저는 제가 남을 잘 이끄는 리더형이라고 생각합니다. 저는 많은 조직에서 리더로서도 일해 보았고 또 팔로워로서도 조직에 기여해 봤는데요. 사실 저는 원래는 제가 팔로워에 적합한 인물이라고 생각했습니다. 제 주장을 많이 말하고 끌고 나가는 일보다는 이 전체의 의견에 동조하고 또 함께 공동의 목표를 이뤄나가는데 제 힘을 보태는 일을 제가 잘 한다고 생각했습니다. 그렇게 팔로워로써의 역할을 많이 하다 보니 어느 순간 문득 이런 생각이 들었습니다. 어 저에게 리더성이 조금 부족한 것이 아닌가 주도성이 부족한 것이 아닌가 하는 그런 생각이 들었습니다. 그래서 저는 저에게 부족한 이러한 리더십을 조금 더 보충하기 위해서 직접 어떤 조직에서 리더가 되는 역할들을 많이 자처했습니다. 그리고 남들 앞에서 교육을 하는 이런 경험을 통해서 다양한 사람들을 이끌어가는 많은 경험을 하기 위해 노력했습니다. 이러한 경험을 토대로 저는 사람들에 이목을 집중시키고 또 마음을 한 데 모아서 공동의 목표로 나아가게 하는 저만의 방법을 개발하게 되었습니다. 이러한 방법을 바탕으로 다양한 곳에서 저의 리더십을 펼쳐 보았고 저의 이러한 리더십은 공동의 목표를 잘 이루 이뤄내는데 큰 도움이 된다 는 것을 알게 되었습니다.","wordCount":155},"emotion":[],"intent":[{"text":"저는 제가 남을 잘 이끄는 리더형이라고 생각합니다.","expression":"c_person","category":"background"}],"summary":{"text":"저는 리더형입니다. 팔로워로써의 역할을 많이 하다 보니 저는 리더성이 부족하고 주도성이 부족한 것이 아닌가 하는 생각을 했습니다. 그래서 저는 직접 어떤 조직에서 리더가 되는 역할들을 많이 자처했습니다. 이러한 경험을 토대로 사람들에 이목을 집중시키고 마음을 한 데 모아서 공동의 목표로 나아가게 하는 저만의 방법을 개발하게 되었습니다.","wordCount":45}}},"rawDataInfo":{"question":{"fileFormat":"wav","fileSize":576718,"duration":18020,"samplingBit":16,"channelCount":1,"samplingRate":"16kHz","audioPath":"/Mock/04.RND/Male/New/ckmk_q_rnd_m_n_256494.wav"},"answer":{"fileFormat":"wav","fileSize":3697998,"duration":115560,"samplingBit":16,"channelCount":1,"samplingRate":"16kHz","audioPath":"/Mock/04.RND/Male/New/ckmk_a_rnd_m_n_256494.wav"}}}