{"version":"1.0","dataSet":{"info":{"date":"20230116","occupation":"RND","channel":"MOCK","place":"ONLINE","gender":"MALE","ageRange":"-34","experience":"NEW"},"question":{"raw":{"text":"오늘 면접 준비하느라고 고생을 많이 하셨을 텐데요 어떤 방식으로 면접을 준비하셨는지 말씀해 주시기 바랍니다","wordCount":14},"emotion":[],"intent":[]},"answer":{"raw":{"text":"저는 면접을 준비하기 위해 친구들과 모의 면접을 많이 진행했습니다. 면접에 대한 답변은 사실 일편적이어서 많은 사람들이 인터넷이나 저서 등에 면접에 대한 우수 답안을 준비해 뒀기 때문에 내용에 대해서는 준비하는 것이 기본이라고 생각합니다. 추가적으로 제가 준비한 것은 사람들과의 많은 모의 면접을 통하여 즉흥적인 대답 혹은 즉각적이고 조리 있는 대답을 준비했던 것 같습니다. 아무리 내용을 머릿속에 담고 있다 하더라도 말로 풀어서 설명하는 것은 별개의 일이라고 생각합니다. 말로 잘 풀어서 설명하기 위해서는 많은 횟수의 답변과 말의 상황을 가정하는 것이 중요하다고 생각합니다. 따라서 저는 친구들이나 부모님 혹은 관련 업계에 종사하고 있는 많은 연장자들과의 모의 면접과 대화 그리고 피드백을 통하여 저에게 수정할 점 대화의 답변이 제대로 맞지 않았던 점 혹은 실수했거나 말이 헛나와 말이 꼬였던 부분에 대한 보정과 보완을 통하여 저의 면접 기술을 늘려왔던 것 같습니다.","wordCount":121},"emotion":[],"intent":[{"text":"","expression":"","category":"attitude"}],"summary":{"text":"저는 면접 준비를 위해 친구들과 모의 면접을 많이 진행했습니다. 면접에 대한 답변은 사실 일편적이어서 내용에 대해서는 준비하는 것이 기본이라고 생각합니다. 말하고자 하는 바를 잘 전달하기 위해서는 많은 횟수의 답변과 말의 상황을 가정하는 것이 중요하다고 생각합니다. 이를 통해 면접 기술을 늘려왔던 것 같습니다.","wordCount":42}}},"rawDataInfo":{"question":{"fileFormat":"wav","fileSize":404558,"duration":12640,"samplingBit":16,"channelCount":1,"samplingRate":"16kHz","audioPath":"/Mock/04.RND/Male/New/ckmk_q_rnd_m_n_342321.wav"},"answer":{"fileFormat":"wav","fileSize":2506958,"duration":78340,"samplingBit":16,"channelCount":1,"samplingRate":"16kHz","audioPath":"/Mock/04.RND/Male/New/ckmk_a_rnd_m_n_342321.wav"}}}