{"version":"1.0","dataSet":{"info":{"date":"20230116","occupation":"RND","channel":"MOCK","place":"ONLINE","gender":"MALE","ageRange":"35-44","experience":"NEW"},"question":{"raw":{"text":"우리 회사가 해외 무대로 진출한다면 어디로 진출하는 것이 좋을까요 그렇게 생각하시는 본인의 이유 이유도 함께 말씀해 주세요","wordCount":17},"emotion":[],"intent":[]},"answer":{"raw":{"text":"우리 회사가 해외 무대로 진출한다면 어 저는 중국으로 진출해야 된다고 생각합니다. 왜냐하면 자동차 부품 회사로서 중국의 자동차 시장은 그 어디보다 아주 크다고 생각합니다. 그럼에도 불구하고 기술력은 우리나라보다 조금 떨어져 있다고 생각합니다. 그래서 중국을 진출하여 시장을 어 확보하면 어 매출 상승에 아주 어 큰 어 큰 기여를 할 것이라고 생각하기 때문입니다.","wordCount":50},"emotion":[],"intent":[{"text":"","expression":"","category":"attitude"}],"summary":{"text":"자동차 부품 회사로서 우리 회사가 해외 무대로 진출한다면, 기술력은 우리나라보다 조금 떨어져 있는 중국으로 진출해야 매출 상승에 큰 기여를 할 것이라고 생각합니다.","wordCount":22}}},"rawDataInfo":{"question":{"fileFormat":"wav","fileSize":598478,"duration":18700,"samplingBit":16,"channelCount":1,"samplingRate":"16kHz","audioPath":"/Mock/04.RND/Male/New/ckmk_q_rnd_m_n_287136.wav"},"answer":{"fileFormat":"wav","fileSize":1633038,"duration":51030,"samplingBit":16,"channelCount":1,"samplingRate":"16kHz","audioPath":"/Mock/04.RND/Male/New/ckmk_a_rnd_m_n_287136.wav"}}}