{"version":"1.0","dataSet":{"info":{"date":"20230116","occupation":"RND","channel":"MOCK","place":"ONLINE","gender":"MALE","ageRange":"35-44","experience":"NEW"},"question":{"raw":{"text":"면접자님께서는 협업을 할 때 사교성이 좋은 편이신가요 그렇다면 사교성을 키우기 위해서는 어떤 노력들을 해 보셨나요","wordCount":15},"emotion":[],"intent":[]},"answer":{"raw":{"text":"어 저는 어 아주 개인주의적인 사람이지만 협업을 할 때는 어 사교성이 좋은 편이라고 생각합니다. 왜냐하면 어 협업에 있어서 개인주의를 고집하면 어 스스로 고립이 되기 때문에 제대로 된 업무를 할 수 없다고 생각하기 때문입니다. 그래서 저는 특히 사교성을 키우기 위해서 어 업무 이외에도 그 사람과의 유대감을 가지기 위해서 어 술자리를 한다거나 어 티타임을 가지는 등 어 그런 시간을 보내 보냅니다. 그래서 어 유대감을 키워서 협업을 해야만 훨씬 더 어 제대로 된 결과물이 나왔기 때문입니다.","wordCount":73},"emotion":[],"intent":[{"text":"어 저는 어 아주 개인주의적인 사람이지만 협업을 할 때는 어 사교성이 좋은 편이라고 생각합니다.","expression":"c_person","category":"background"}],"summary":{"text":"개인주의적인 저는 협업할 때는 사교성이 좋은 편이라고 생각합니다. 그 사람과의 유대감을 가지면서 협업해야 제대로 된 결과물이 나올 수 있기 때문입니다.","wordCount":20}}},"rawDataInfo":{"question":{"fileFormat":"wav","fileSize":317838,"duration":9930,"samplingBit":16,"channelCount":1,"samplingRate":"16kHz","audioPath":"/Mock/04.RND/Male/New/ckmk_q_rnd_m_n_291727.wav"},"answer":{"fileFormat":"wav","fileSize":2292558,"duration":71640,"samplingBit":16,"channelCount":1,"samplingRate":"16kHz","audioPath":"/Mock/04.RND/Male/New/ckmk_a_rnd_m_n_291727.wav"}}}