{"version":"1.0","dataSet":{"info":{"date":"20230116","occupation":"RND","channel":"MOCK","place":"ONLINE","gender":"MALE","ageRange":"55-","experience":"NEW"},"question":{"raw":{"text":"업무를 하다가 분쟁이 발생할 때를 대비해 본인만의 대처법이 있나요 있다면 그 대처법이 무엇인지 궁금합니다","wordCount":14},"emotion":[],"intent":[]},"answer":{"raw":{"text":"업무에 대한 분쟁이 발생했을 때 어 저는 우선 한발 물러서서 그 분쟁을 또 업무를 바라보는 시각을 어 가질 수 있다고 봅니다. 한발 물러서서 분쟁의 당사자 상대방의 입장에서 생각을 해 보는 겁니다. 그랬을 때에 분쟁의 해결책이 나올 수 있다고 생각합니다. 소통과 대화를 통해서 분명히 분쟁이 해결될 수 있다고 믿고 상대방에게도 내 자신의 이러한 의사를 충분히 전달을 하면 반드시 분쟁에 대한 해결은 된다고 봅니다. 왜냐하면 우리가 같은 목표를 가지고 있기 때문입니다. 그 목표에 합하는 그러한 해결책은 어느 조직이든지 어느 회사든지 반드시 존재한다고 봅니다.","wordCount":81},"emotion":[],"intent":[{"text":"","expression":"","category":"attitude"}],"summary":{"text":"업무에 대한 분쟁이 발생했을 때, 소통과 대화를 통해 분쟁이 해결될 수 있다고 믿고 상대방에게 내 자신의 의사를 충분히 전달하면 분쟁에 대한 해결은 반드시 될 수 있습니다. 그 해결책은 어느 조직이든 반드시 존재합니다.","wordCount":32}}},"rawDataInfo":{"question":{"fileFormat":"wav","fileSize":324878,"duration":10150,"samplingBit":16,"channelCount":1,"samplingRate":"16kHz","audioPath":"/Mock/04.RND/Male/New/ckmk_q_rnd_m_n_287044.wav"},"answer":{"fileFormat":"wav","fileSize":2603598,"duration":81360,"samplingBit":16,"channelCount":1,"samplingRate":"16kHz","audioPath":"/Mock/04.RND/Male/New/ckmk_a_rnd_m_n_287044.wav"}}}