{"version":"1.0","dataSet":{"info":{"date":"20230116","occupation":"RND","channel":"MOCK","place":"ONLINE","gender":"MALE","ageRange":"35-44","experience":"NEW"},"question":{"raw":{"text":"지원자님께서 지금까지 살아오면서 새로운 환경에서 전혀 몰랐던 일을 하면서 적응해야 했던 경험이 있다면 어떠한 것이 있는지 자세하게 답변해 주시면 감사하겠습니다","wordCount":20},"emotion":[],"intent":[]},"answer":{"raw":{"text":"저는 이천 십 사 년 어 제조 공장의 품질 팀으로 어 일을 한 적이 있습니다. 어 전혀 새로운 공간에서 어 전혀 몰랐던 일을 시작을 했는데 어 기본적으로 일이란 것이 어 다 비슷하다고 생각이 들었습니다. 하지만 제가 잘 알지 못하는 용어나 어 환경에 어 주변의 사람들의 도움을 받아서 차근차근 진행을 하였습니다. 어 그래서 어 득 어렵지 않게 어 어 회사에 적응할 수 있었습니다.","wordCount":62},"emotion":[],"intent":[{"text":"","expression":"","category":"attitude"}],"summary":{"text":"저는 이천 십 사 년 제조 공장 품질 팀으로 일을 한 적이 있는데, 용어나 환경에 대한 어려움이 있었지만 주변 사람들의 도움을 받아 잘 적응할 수 있었습니다.","wordCount":26}}},"rawDataInfo":{"question":{"fileFormat":"wav","fileSize":511118,"duration":15970,"samplingBit":16,"channelCount":1,"samplingRate":"16kHz","audioPath":"/Mock/04.RND/Male/New/ckmk_q_rnd_m_n_291723.wav"},"answer":{"fileFormat":"wav","fileSize":1778318,"duration":55570,"samplingBit":16,"channelCount":1,"samplingRate":"16kHz","audioPath":"/Mock/04.RND/Male/New/ckmk_a_rnd_m_n_291723.wav"}}}