{"version":"1.0","dataSet":{"info":{"date":"20230116","occupation":"RND","channel":"MOCK","place":"ONLINE","gender":"MALE","ageRange":"55-","experience":"NEW"},"question":{"raw":{"text":"만약 본인이 게임 속 캐릭터라면 어떤 게임에서 어떤 역할을 맡아 수행하고 싶으신지 말씀해 주세요","wordCount":14},"emotion":[],"intent":[]},"answer":{"raw":{"text":"저는 어 마블에서 만든 아이언맨 뭐 슈퍼맨 그리고 어 스파이드맨 뭐 이런거와 같은 그런 히어로가 되고 싶은 그런 마음이 있어서 내가 선택할 수 있는 캐릭터가 그거라면 어 그런 히어로 히어로의 역할을 수행하고 싶습니다. 어 히어로라는 부분에 제가 음 어 생각할 땐 어 나보다도 더 어 도움을 필요로 하는 그런 사람에게 도움이 되고 싶고 또 어 어떤 위기에 놓여있는 사람 아니면 극단적인 선택을 하는 그런 환경에 놓인 사람들에게 어 쭉 도 그 뭐 저 작은 돈보다는 좀 크게 돕고 싶어하는 그런 욕심이 있어서 어 그런 캐릭터에 어 게임이었으면 좋겠다. 그렇게 생각이 됩니다.","wordCount":91},"emotion":[],"intent":[{"text":"","expression":"","category":"attitude"}],"summary":{"text":"저는 도움을 필요로 하는 사람, 극단적인 선택을 하는 사람들에게 도움이 되고 싶은 마음이 있어서, 게임이 히어로 히어로의 역할을 수행하고 싶다고 생각합니다.","wordCount":21}}},"rawDataInfo":{"question":{"fileFormat":"wav","fileSize":345678,"duration":10800,"samplingBit":16,"channelCount":1,"samplingRate":"16kHz","audioPath":"/Mock/04.RND/Male/New/ckmk_q_rnd_m_n_246943.wav"},"answer":{"fileFormat":"wav","fileSize":2517838,"duration":78680,"samplingBit":16,"channelCount":1,"samplingRate":"16kHz","audioPath":"/Mock/04.RND/Male/New/ckmk_a_rnd_m_n_246943.wav"}}}