{"version":"1.0","dataSet":{"info":{"date":"20230116","occupation":"RND","channel":"MOCK","place":"ONLINE","gender":"MALE","ageRange":"55-","experience":"NEW"},"question":{"raw":{"text":"만약 지원자님이 직무에 맞지 않는 일을 하게 되었습니다 그러면 어떻게 하시겠습니까 지원자님은 그래도 괜찮으신 건가요 대답해 보세요","wordCount":17},"emotion":[],"intent":[]},"answer":{"raw":{"text":"음 어떻게 보면 제가 저한테 주어지는 직무는 저한테 아마 맞는 것 보다는 맞지 않는 게 더 많을 겁니다. 왜냐하면 내 맘대로 할 수 없는 그런 어 신입 사원이니까 어떻게 모두 모든 직무가 내한테 마 처음에 맞춤형의 직무가 주어지겠습니까. 제가 맞춰 나가는 게 그게 기본적인 그 사고일 것이고 그리고 나에게 맞지 않는 직무 직무를 계속 조금씩 조금씩 내 것으로 만들어 가면서 그 직무에 대한 내가 경험하고 접했던 그런 면이나 아니면 이런 마찰력을 내가 계속 줄여 나간다면 그런 시간이 주어지고 줄여 나간다면 아마 그 직무도 나를 좋아할 것 같습니다. 저 역시 그 직무를 못하니까 직무가 맞지 않는 거지 내가 그 직무를 잘 수행하고 잘 할 수 있는 역량과 능력이 생기고 자신감이 생기면 직무가 나한테 맞지 않다라고 하는 그런 어 생각은 안 하게 될 것 같습니다. 그래서 내가 맞춰야 되는 것이기도 하지만 직무을 내가 장악을 해야 된다. 그만큼 내 역량과 능력을 업그레이드 시켜야 된다 라고 그렇게 생각합니다.","wordCount":144},"emotion":[],"intent":[{"text":"","expression":"","category":"attitude"}],"summary":{"text":"저는 신입 사원이기 때문에 맞춤형 직무보다는 맞지 않는 것이 더 많을 것 같습니다. 하지만 직무를 잘 수행하고 능력을 갖게 되면 그 직무가 맞지 않는다고 생각하는 일은 없을 것 같습니다. 그래서 제가 맞춰야 되는 것이기도 하지만 직무을 제가 장악을 해야 됩니다. 그만큼 제 역량과 능력을 업그레이드 시켜야 된다고 생각합니다.","wordCount":48}}},"rawDataInfo":{"question":{"fileFormat":"wav","fileSize":561678,"duration":17550,"samplingBit":16,"channelCount":1,"samplingRate":"16kHz","audioPath":"/Mock/04.RND/Male/New/ckmk_q_rnd_m_n_246344.wav"},"answer":{"fileFormat":"wav","fileSize":3454158,"duration":107940,"samplingBit":16,"channelCount":1,"samplingRate":"16kHz","audioPath":"/Mock/04.RND/Male/New/ckmk_a_rnd_m_n_246344.wav"}}}