{"version":"1.0","dataSet":{"info":{"date":"20230116","occupation":"RND","channel":"MOCK","place":"ONLINE","gender":"MALE","ageRange":"35-44","experience":"NEW"},"question":{"raw":{"text":"지원자님께서 지금 지원하신 이 직무가 아닌 다른 부서에 배치되게 된다면 괜찮으십니까","wordCount":11},"emotion":[],"intent":[]},"answer":{"raw":{"text":"저는 이 회사에 입사한 이상 어떤 직무가 주어지고 어떤 부서에 배치되든지 상관없이 그 일을 잘 해낼 것입니다. 만약에 현재 있는 부서와 다른 부서와 배치가 된다면 조금 아쉽고 서운한 점이 있을 수 있습니다. 그래도 저는 이것이 회사의 뜻인 줄 알고 그 부서에 가서도 업무나 인간관계에 잘 적응할 것입니다. 회사에서 고민 끝에 저를 보낸 것이다 라고 생각을 해서 되도록이면 나쁜 생각을 가지지 않고 좋은 쪽으로 생각해서 좋게 해석하려고 노력할 것입니다. 어떠한 부서에 배치가 되든지 간에 개인의 감정은 버려버리고 회사의 입장에서 회사의 이윤 추구를 위해서 또 저의 경험을 위해서 맡겨진 모든 일들을 잘 감당할 수 있습니다.","wordCount":93},"emotion":[],"intent":[{"text":"","expression":"","category":"attitude"}],"summary":{"text":"저는 이 회사에 입사한 이상 어떤 직무가 주어지고 어떤 부서에 배치되든지 상관없이 그 일을 잘 해낼 것입니다. 어떠한 부서에 배치되든지 개인의 감정은 버리고 회사의 이윤 추구와 저의 경험을 위해서 맡겨진 모든 일들을 잘 수행할 것입니다.","wordCount":35}}},"rawDataInfo":{"question":{"fileFormat":"wav","fileSize":407118,"duration":12720,"samplingBit":16,"channelCount":1,"samplingRate":"16kHz","audioPath":"/Mock/04.RND/Male/New/ckmk_q_rnd_m_n_332722.wav"},"answer":{"fileFormat":"wav","fileSize":2405838,"duration":75180,"samplingBit":16,"channelCount":1,"samplingRate":"16kHz","audioPath":"/Mock/04.RND/Male/New/ckmk_a_rnd_m_n_332722.wav"}}}