{"version":"1.0","dataSet":{"info":{"date":"20230116","occupation":"RND","channel":"MOCK","place":"ONLINE","gender":"MALE","ageRange":"55-","experience":"NEW"},"question":{"raw":{"text":"현대 사회에서 없어서는 안 될 가장 중요하다고 생각하시는 직업은 무엇인가요 한 가지를 골라서 자세하게 말씀 부탁드립니다","wordCount":16},"emotion":[],"intent":[]},"answer":{"raw":{"text":"현대 사회에서 가장 필요한 직업 중에 하나는 간병이라고 생각합니다. 우리는 이미 고령화 시대에 살고 있고 잠시 후면 초고령화 시대에 살게 됩니다. 현재 출산율은 우려스럽게 떨어지고 있습니다. 그러므로 나이 든 사람은 늘어나고 젊은 사람들은 줄어들게 됩니다. 나이 든 사람은 보호자의 역할 없이는 생존하기가 어렵습니다. 그래서 앞으로 초고령화에 대비해서 간병인들을 늘리는 것이 상당히 중요하다고 생각하고 있습니다.","wordCount":54},"emotion":[],"intent":[{"text":"","expression":"","category":"attitude"}],"summary":{"text":"현대 사회에서 가장 필요한 직업 중 하나는 간병인데, 현재 출산율이 우려스럽게 떨어지고 있는 현대 사회에서 간병인들을 늘리는 것이 상당히 중요하다고 생각하고 있습니다.","wordCount":22}}},"rawDataInfo":{"question":{"fileFormat":"wav","fileSize":599118,"duration":18720,"samplingBit":16,"channelCount":1,"samplingRate":"16kHz","audioPath":"/Mock/04.RND/Male/New/ckmk_q_rnd_m_n_304656.wav"},"answer":{"fileFormat":"wav","fileSize":1968078,"duration":61500,"samplingBit":16,"channelCount":1,"samplingRate":"16kHz","audioPath":"/Mock/04.RND/Male/New/ckmk_a_rnd_m_n_304656.wav"}}}