{"version":"1.0","dataSet":{"info":{"date":"20230116","occupation":"RND","channel":"MOCK","place":"ONLINE","gender":"MALE","ageRange":"-34","experience":"NEW"},"question":{"raw":{"text":"생활을 하는 데서는 여러 가지 경험들이 있습니다 당신은 연구 윤리 연구 윤리를 준수하기 위해 노력했던 어떤 특별한 경험이 있는지 그 부분에 대해서 말씀해 주시겠습니까","wordCount":24},"emotion":[],"intent":[]},"answer":{"raw":{"text":"예 제가 직접 경험한 것은 아니구요. 주변에서 그 봤던 좋지 않은 경험이 하나 있었는데 그 일종의 이제 기술 유출 사건이 되겠죠. 그 주변에 있는 어떤 부분이 일시적인 어떤 판단 착오로 또는 어떤 그런 그 욕심으로 그 회사에서 갖고 있는 어떤 그 어떤 자산 설계 도면이라든지 이런 것들을 해외로 몰래 반출하여 본인의 어떤 사리사욕을 챙기는 그런 경우가 요즘에 많이 나오고 있습니다. 이게 뭐 전자라든지 반도체라든지 자동차 또는 요즘에 선박도 그렇고 많은 산업에서 많이 나오고 있는데 어 사실 이런 것들은 우리 알엔디 연구 분야에서는 결코 있어서는 안 되는 그런 상황이지만은 안타깝게도 어 현실은 그렇지 못합니다. 그것들이 뭐 요즘에는 또 많이 발전이 돼서 그 어떤 자료나 기술만 유출되는 거가 아니라 그 인원 자체가 회사를 퇴직하고 해외 기업에 나가서 근무하는 경우 어떤 예를 들어서 뭐 급여를 두 배를 주겠다 뭐 등등 여러 가지 유혹에도 사람들이 많이 빠져 나가는 경우가 있는데 어 결론은 초기에는 뭐 이렇게 좋다고 가지만은 결국에는 그 계약 기간이 지나면은 그 사람의 이용 가치가 끝나면 결코 또 다시 또 폐인이 돼서 돌아오더라고요. 그래서 그런 것들이 가장 안타까웠고 우리 연구 윤리 개발하는 데서 어 있어서는 안 될 일이라고 생각합니다.","wordCount":176},"emotion":[],"intent":[{"text":"","expression":"","category":"attitude"}],"summary":{"text":"요즘 회사에서 갖고 있는 자산 설계 도면 등을 해외로 몰래 반출하여 본인의 사리사욕을 챙기는 경우가 많이 나오고 있습니다. 어 결론적으로 초기에는 이렇게 좋다고 가지만은 계약 기간이 지나면은 그 사람의 이용 가치가 끝나면 결코 또 다시 폐인이 돼 돌아오더라고 연구 윤리 개발하는 데서 어 있어서는 안 될 일이라고 생각합니다.","wordCount":48}}},"rawDataInfo":{"question":{"fileFormat":"wav","fileSize":448718,"duration":14020,"samplingBit":16,"channelCount":1,"samplingRate":"16kHz","audioPath":"/Mock/04.RND/Male/New/ckmk_q_rnd_m_n_338662.wav"},"answer":{"fileFormat":"wav","fileSize":3130958,"duration":97840,"samplingBit":16,"channelCount":1,"samplingRate":"16kHz","audioPath":"/Mock/04.RND/Male/New/ckmk_a_rnd_m_n_338662.wav"}}}