{"version":"1.0","dataSet":{"info":{"date":"20230116","occupation":"RND","channel":"MOCK","place":"ONLINE","gender":"MALE","ageRange":"35-44","experience":"NEW"},"question":{"raw":{"text":"면접자님께서는 공부를 개인적으로 어떻게 하시나요 강의나 책을 활용한 공부를 말씀해 주시는 것도 좋아요","wordCount":13},"emotion":[],"intent":[]},"answer":{"raw":{"text":"저는 어 주로 공부를 어 온라인 강의를 통해서 어 공부를 합니다. 어 혼자 하는 것은 어 경제적으로 아주 어 돈이 적게 드는 방식이지만 효율이 낮기 때문에 어 온라인 강의를 주로 듣습니다. 또한 온라인 강의는 어 공간적인 제약뿐만 아니라 시간적인 제약도 적기 때문에 언제든 활용 가능합니다. 그래서 저는 온라인 강의를 주로 이용합니다.","wordCount":51},"emotion":[],"intent":[{"text":"","expression":"","category":"attitude"}],"summary":{"text":"저는 효율이 낮고 공간적, 시간적 제약이 적은 온라인 강의를 통해 공부를 하며, 공간과 시간의 제약이 적기 때문에 온라인 강의를 주로 이용합니다.","wordCount":21}}},"rawDataInfo":{"question":{"fileFormat":"wav","fileSize":304718,"duration":9520,"samplingBit":16,"channelCount":1,"samplingRate":"16kHz","audioPath":"/Mock/04.RND/Male/New/ckmk_q_rnd_m_n_294134.wav"},"answer":{"fileFormat":"wav","fileSize":1441358,"duration":45040,"samplingBit":16,"channelCount":1,"samplingRate":"16kHz","audioPath":"/Mock/04.RND/Male/New/ckmk_a_rnd_m_n_294134.wav"}}}