{"version":"1.0","dataSet":{"info":{"date":"20230116","occupation":"RND","channel":"MOCK","place":"ONLINE","gender":"MALE","ageRange":"55-","experience":"NEW"},"question":{"raw":{"text":"배달의민족을 사용하시면서 서비스에서 아쉬웠던 부분이 있었나요 있었다면 해당 부분에 대해 구체적으로 말씀해 주세요","wordCount":13},"emotion":[],"intent":[]},"answer":{"raw":{"text":"배달의민족을 통해서 어 음식을 주문한 경험이 있습니다. 아구찜을 주문을 했었는데요. 아구찜 배달이 늦어져서 배달의민족의 에 서비스 쪽으로 연락을 했더니 그 늦어지는 것에 대해서 원활한 해결이 안 되고 여러 차례 통화 끝에 어 배달하시는 분하고도 통화가 돼서 나중에 제품을 받기는 받았습니다. 상당히 늦게 받았는데 그 중간에 어 배달의민족에서는 추가로 추가로 그 주문이 다시 들어가서 결과적으로는 두 개의 제품이 같이 배달 오는 그런 사태가 발생했습니다. 이런 것들은 어 개선돼야지 돼야 되지 않을까 하는 생각이 들고요. 또 하나는 배달 비용이 상당히 비싸다는 생각이 있습니다. 이것도 향후에 개선되어야 할 것으로 생각됩니다.","wordCount":87},"emotion":[],"intent":[{"text":"","expression":"","category":"attitude"}],"summary":{"text":"배달의민족을 통해서 음식을 주문한 경험이 있는데, 아구찜 배달이 늦어져서 서비스 쪽으로 연락을 했더니 여러 차례 통화 끝에 나중에 제품을 받기는 받았지만 두 개의 제품이 같이 배달 오는 사태가 발생했습니다.","wordCount":29}}},"rawDataInfo":{"question":{"fileFormat":"wav","fileSize":603598,"duration":18860,"samplingBit":16,"channelCount":1,"samplingRate":"16kHz","audioPath":"/Mock/04.RND/Male/New/ckmk_q_rnd_m_n_286969.wav"},"answer":{"fileFormat":"wav","fileSize":2823758,"duration":88240,"samplingBit":16,"channelCount":1,"samplingRate":"16kHz","audioPath":"/Mock/04.RND/Male/New/ckmk_a_rnd_m_n_286969.wav"}}}