{"version":"1.0","dataSet":{"info":{"date":"20230116","occupation":"RND","channel":"MOCK","place":"ONLINE","gender":"MALE","ageRange":"55-","experience":"NEW"},"question":{"raw":{"text":"지원자분만이 가지고 계시는 상위 일 퍼센트 정도의 능력이 있으시다면 그 능력을 저희에게 최대한 자세하게 설명해 주실 수 있으신지 궁금합니다","wordCount":19},"emotion":[],"intent":[]},"answer":{"raw":{"text":"아 제 나이 또래가 지금 제가 오십 대 후반인데요. 오십 대 후반 이렇게 비교를 굳이 같이 상대적 평가 아니면 뭐 당사자적 연구적 차원에서 말씀을 드린다면 어 아이티 능력에서는 뭐 탁월하다 라고 말씀을 좀 드리고 싶어요. 첫 번째로는 에스엔에스 능력을 제가 어 충분히 활용을 하고 있습니다. 잘 아시지만 네이버 블로그를 통한 어 블로그에 대한 부분 또 인스타그램에 대한 부분 또 페이스북에 대한 부분 또 링크드인에 대한 부분 이런 부분에 대한 활용을 통해서 나 자신을 알린다는 겁니다. 그래서 이걸 통해서 결국은 제가 아 하남시 진로 강사 협의회 멤버로서 어 중고등학교 학생들에게 현재 진로 강사로서의 역할을 하고 있는데요. 어 아이들에게 에 사 세대 또 오 세대 혹은 육 세대라고 표현할 수 있는 산업 혁명에 대한 부분을 어 미리 에 같이 이렇게 공유하는 그런 시간도 가지고 있구요. 또 스마트 팜에 대한 부분 육 차 산업에 대한 부분도 아이들에게 공유하고 있습니다. 더 나아가서 중장년 새 출발 카운셀러 역할을 이제 하고 있어요. 그러한 부분을 통해서 말씀드린다면 어 분명하게 제가 차별화된 능력을 가지고 있다 라고 생각을 합니다.","wordCount":160},"emotion":[{"text":"아 제 나이 또래가 지금 제가 오십 대 후반인데요.","expression":"u-fact","category":"neutral"}],"intent":[{"text":"","expression":"","category":"attitude"}],"summary":{"text":"저는 오십 대 후반의 나이이지만, 아이티 능력에서는 탁월하다고 봅니다. 우선 소셜미디어를 활용해서 나 자신을 알리고 있습니다. 이를 통해 중고등학교 진로 강사로서 중고등학교 학생들에게 산업 혁명에 대한 부분을 공유합니다. 더 나아가 중장년 새 출발 카운셀러로서의 역할도 하고 있으며, 제가 차별화된 능력을 가지고 있다고 생각합니다.","wordCount":43}}},"rawDataInfo":{"question":{"fileFormat":"wav","fileSize":447758,"duration":13990,"samplingBit":16,"channelCount":1,"samplingRate":"16kHz","audioPath":"/Mock/04.RND/Male/New/ckmk_q_rnd_m_n_319050.wav"},"answer":{"fileFormat":"wav","fileSize":3115598,"duration":97360,"samplingBit":16,"channelCount":1,"samplingRate":"16kHz","audioPath":"/Mock/04.RND/Male/New/ckmk_a_rnd_m_n_319050.wav"}}}