{"version":"1.0","dataSet":{"info":{"date":"20230116","occupation":"RND","channel":"MOCK","place":"ONLINE","gender":"MALE","ageRange":"35-44","experience":"NEW"},"question":{"raw":{"text":"지원자님께서는 본인이 교번 근무에 잘 적응할 수 있다고 생각하시나요 그렇다면 근거를 함께 들어서 본인의 생각을 설명해 주세요","wordCount":17},"emotion":[],"intent":[]},"answer":{"raw":{"text":"네 저는 교번 근무에 잘 적응할 수 있다고 생각합니다. 저는 군 시절 소대장으로서 전방에 소초의 소초장을 꽤 오랜 시간 했습니다. 밤새 근무를 해야 되는 임무가 소초장의 임무인데요. 그럴 때는 항상 부소초장과 밤에 시간을 나누어서 절반씩 담당을 했었습니다. 그때 경험으로 인하여 서로 시간을 나누어 쓰는 것 한 업무에 있어서 교대로 낮과 밤이 바뀐 생활에 많이 적응이 되었습니다. 또한 낮과 밤이 바뀌는 생활이라고 하더라도 남는 시간에 저를 위한 시간이 더 많아지기 때문에 저는 교번 근무에도 잘 적응할 수 있다고 생각합니다.","wordCount":78},"emotion":[],"intent":[{"text":"","expression":"","category":"attitude"}],"summary":{"text":"저는 교번 근무에 잘 적응할 수 있다고 생각합니다. 군 시절 소초의 소초장을 꽤 오랜 시간 했습니다. 서로 시간을 나누어 쓰는 것 한 업무에 있어서 교대로 낮과 밤이 바뀐 생활에 많이 적응이 되었습니다.","wordCount":32}}},"rawDataInfo":{"question":{"fileFormat":"wav","fileSize":623438,"duration":19480,"samplingBit":16,"channelCount":1,"samplingRate":"16kHz","audioPath":"/Mock/04.RND/Male/New/ckmk_q_rnd_m_n_290334.wav"},"answer":{"fileFormat":"wav","fileSize":2077518,"duration":64920,"samplingBit":16,"channelCount":1,"samplingRate":"16kHz","audioPath":"/Mock/04.RND/Male/New/ckmk_a_rnd_m_n_290334.wav"}}}