{"version":"1.0","dataSet":{"info":{"date":"20230116","occupation":"RND","channel":"MOCK","place":"ONLINE","gender":"MALE","ageRange":"-34","experience":"NEW"},"question":{"raw":{"text":"기차가 운행을 하다가 산사태로 삼십 분 동안 정차하게 되었습니다 그때 관리 책임의 위치에 있는 사람이라면 어떻게 조치하실 건가요","wordCount":18},"emotion":[],"intent":[]},"answer":{"raw":{"text":"기차가 운행 시 산사태로 삼십 분 동안 정차되었다면 저는 우선 승객들에게 이 사실을 알리고 안전 조치가 확실하게 되었는지 확실하게 판단되기 전까지는 정차를 해지하지 않겠습니다. 무엇보다 중요한 것은 승객들의 안전이기 때문에 시간이 더 지연될지라도 승객들에게 양해를 구하고 기차 운행이 괜찮은 상태인지 안전 점검을 하는 것이 우선적으로 필요하다고 생각합니다. 만약에 이에 대해서 불평불만을 늘어놓는 승객들이 있다면 어쩔 수 없이 그분들에 한해서 특별한 조치를 내려야 할 것입니다. 저는 어쩔 수 없이 발생한 사고이기 때문에 전액 환불을 해 드릴 수는 없겠지만 특정 장소까지 특정 시간에 도착하겠다는 약속을 결국 지키지 못한 것이므로 해당 부분에 있어서 회사 내규에 의거해서 적절한 수준의 보상을 할 수 있도록 조치하겠습니다. 그리고 안전 점검이 명확하게 끝났을 때 이러한 내용을 승객들에게 정확히 알리고 그런 후에 다시 운행을 하도록 지시하겠습니다. 이게 당시에는 불만을 야기할 수 있겠지만 크게 봤을 때는 문제를 해결하는 방식이라고 생각합니다.","wordCount":130},"emotion":[],"intent":[{"text":"기차가 운행 시 산사태로 삼십 분 동안 정차되었다면 저는 우선 승객들에게 이 사실을 알리고 안전 조치가 확실하게 되었는지 확실하게 판단되기 전까지는 정차를 해지하지 않겠습니다.","expression":"c_adp","category":"personality"},{"text":"만약에 이에 대해서 불평불만을 늘어놓는 승객들이 있다면 어쩔 수 없이 그분들에 한해서 특별한 조치를 내려야 할 것입니다.","expression":"c_adp","category":"personality"},{"text":"저는 어쩔 수 없이 발생한 사고이기 때문에 전액 환불을 해 드릴 수는 없겠지만 특정 장소까지 특정 시간에 도착하겠다는 약속을 결국 지키지 못한 것이므로 해당 부분에 있어서 회사 내규에 의거해서 적절한 수준의 보상을 할 수 있도록 조치하겠습니다.","expression":"c_adp","category":"personality"},{"text":"그리고 안전 점검이 명확하게 끝났을 때 이러한 내용을 승객들에게 정확히 알리고 그런 후에 다시 운행을 하도록 지시하겠습니다.","expression":"c_adp","category":"personality"}],"summary":{"text":"기차가 산사태로 정차되었다면 승객들에게 이 사실을 알리고 안전 조치가 되었는지 판단되기 전까지 정차를 해지하지 않겠습니다. 시간이 더 지연될지라도 승객들에게 양해를 구하고 기차 운행이 괜찮은 상태인지 안전 점검을 하는 것이 우선적으로 필요하다고 생각합니다. 불만을 늘어놓는 승객들이 있다면 그들에게 특별한 조치를 내려야 할 것입니다.","wordCount":42}}},"rawDataInfo":{"question":{"fileFormat":"wav","fileSize":345038,"duration":10780,"samplingBit":16,"channelCount":1,"samplingRate":"16kHz","audioPath":"/Mock/04.RND/Male/New/ckmk_q_rnd_m_n_273145.wav"},"answer":{"fileFormat":"wav","fileSize":3806798,"duration":118960,"samplingBit":16,"channelCount":1,"samplingRate":"16kHz","audioPath":"/Mock/04.RND/Male/New/ckmk_a_rnd_m_n_273145.wav"}}}