{"version":"1.0","dataSet":{"info":{"date":"20230116","occupation":"RND","channel":"MOCK","place":"ONLINE","gender":"MALE","ageRange":"35-44","experience":"NEW"},"question":{"raw":{"text":"귀하는 연구원으로서 앞으로 더 연구 또는 개발하고 싶은 분야가 있다면 어떤 분야인지 그 분야의 전망과 함께 말씀해 주세요","wordCount":18},"emotion":[],"intent":[]},"answer":{"raw":{"text":"저는 어 회사에 들어와서 자동차의 자율 주행에 대해서 더 연구하고 싶습니다. 왜냐하면 자율 주행을 하기 위해서는 아주 빠른 데이터의 처리 속도와 그리고 어 센싱 기술이 수반되어야 된다고 생각합니다. 그래서 어 이 자율 주행 주행이 어 미래에 아주 도움이 많이 될 것이라 생각합니다. 그래서 저는 어 자율 주행에 대해서 훨씬 연구 개발하고 싶습니다.","wordCount":52},"emotion":[{"text":"저는 어 회사에 들어와서 자동차의 자율 주행에 대해서 더 연구하고 싶습니다.","expression":"p-interest","category":"positive"},{"text":"그래서 저는 어 자율 주행에 대해서 훨씬 연구 개발하고 싶습니다.","expression":"p-interest","category":"positive"}],"intent":[{"text":"","expression":"","category":"attitude"}],"summary":{"text":"자동차의 자율 주행을 위해서는 아주 빠른 데이터의 처리 속도와 센싱 기술이 필요하기 때문에 미래에 아주 도움이 될 것이라고 생각합니다.","wordCount":19}}},"rawDataInfo":{"question":{"fileFormat":"wav","fileSize":467278,"duration":14600,"samplingBit":16,"channelCount":1,"samplingRate":"16kHz","audioPath":"/Mock/04.RND/Male/New/ckmk_q_rnd_m_n_294140.wav"},"answer":{"fileFormat":"wav","fileSize":1543758,"duration":48240,"samplingBit":16,"channelCount":1,"samplingRate":"16kHz","audioPath":"/Mock/04.RND/Male/New/ckmk_a_rnd_m_n_294140.wav"}}}