{"version":"1.0","dataSet":{"info":{"date":"20230116","occupation":"RND","channel":"MOCK","place":"ONLINE","gender":"MALE","ageRange":"55-","experience":"NEW"},"question":{"raw":{"text":"어 지금까지 사람들과 협업을 해야 할 상황이 많이 발생하셨을 텐데요 어 그러한 상황이 발생할 때 어려운 점을 어떻게 극복하셨는지도 함께 말씀해 주시길 바랍니다","wordCount":23},"emotion":[],"intent":[]},"answer":{"raw":{"text":"여러 가지 협업을 해 왔지만 그중에서 가장 어려웠던 분야는 세 개의 회사가 하나의 프로젝트를 수행해 했던 그런 경험입니다. 첫 번째 회사는 보안 솔루션을 개발하는 회사였고 두 번째 회사는 어 관리 모듈을 개발하는 회사였습니다. 세 번째 회사는 제가 속한 회사였고 이 프로젝트를 총괄하고 기획하고 마케팅하고 하는 어 그러한 중요한 역할을 하는 회사였습니다. 어려웠던 점은 세 개의 회사이니 만큼 세 개의 회사가 다 에 자신의 이익을 위해서 어 다른 그 괴리가 있었고 이를 어 공통분모로서 합일점을 만들어 나가는 과제가 반드시 필요했습니다. 그러나 그것은 어 합의를 하기가 그렇게 어려웠진 않았는데 가장 어려웠던 분야는 문화적인 차이 구체적으로는 기술적인 자존심에서 오는 충돌이었습니다. 쉽게 얘기해서 자기 기술이 더 좋다고 뽐내는 거였죠. 이를 위해서 부단히 그 커뮤니케이션을 하고 테스트도 진행하면서 검증을 해 가면서 합일점을 도출한 어 그러한 경험이 있습니다.","wordCount":122},"emotion":[],"intent":[{"text":"","expression":"","category":"attitude"}],"summary":{"text":"보안 솔루션을 개발하는 회사와 관리 모듈을 개발하는 회사가 하나의 프로젝트를 수행 했습니다. 세 개의 회사가 각자의 이익을 위해 다른 그 괴리가 있었고 이를 공통분모로서 합일점을 만들어 나가야 했으나, 문화적 차이와 기술적인 자존심이 충돌해 합의를 하기가 어려웠습니다.","wordCount":36}}},"rawDataInfo":{"question":{"fileFormat":"wav","fileSize":515918,"duration":16120,"samplingBit":16,"channelCount":1,"samplingRate":"16kHz","audioPath":"/Mock/04.RND/Male/New/ckmk_q_rnd_m_n_324717.wav"},"answer":{"fileFormat":"wav","fileSize":3800078,"duration":118750,"samplingBit":16,"channelCount":1,"samplingRate":"16kHz","audioPath":"/Mock/04.RND/Male/New/ckmk_a_rnd_m_n_324717.wav"}}}