{"version":"1.0","dataSet":{"info":{"date":"20230116","occupation":"RND","channel":"MOCK","place":"ONLINE","gender":"MALE","ageRange":"35-44","experience":"NEW"},"question":{"raw":{"text":"이전 직장에서 퇴사한 후에 퇴사했던 것을 후회하신 적은 없나요 있다면 어떤 부분에서 후회하셨는지 구체적으로 말씀해 주시기 바랍니다","wordCount":17},"emotion":[],"intent":[]},"answer":{"raw":{"text":"네 그 직장에서 퇴사를 한 경험이 몇 번 있는데요. 퇴사를 할 때는 퇴사를 할 만한 그런 이제 여러 가지 이유가 있었습니다. 그런 상황적인 이유가 있고 또 혹은 그 업무가 맞지 않아서 일 때도 있었고 그 업무를 다 할 만한 역량이 저한테 없어서 일 때도 있었는데요. 어 퇴사 할 때는 다 이제 퇴사하는 이유 때문에 회사를 했지만 하고 난 다음에는 역시 조금 후회가 어 다 되었던 것 같습니다. 그래서 구관이 명관이란 말이 있듯이 이전에 했었던 일이 좀 더 익숙한 일이기 때문에 새로운 일을 할 때 어려움을 만나게 되면 그때 왠지 예전 일이 더 좋았던 것 같고 예전 직장이 더 좋았던 것 같은 어 그런 생각을 많이 하게 되는데요. 어 특별히 이제 가장 후회가 됐었던 그런 일은 그 회사에 있었던 그런 상사하고 관계가 굉장히 좋았어요. 그래서 개인적으로 어 이야기도 많이 나누고 어 업무 시간 외에도 함께 그런 만남도 갖고 그랬는데 인제 퇴사를 하다 보니까 아무래도 인제 관계가 소원해지고 껄끄러워지고 그래서 그런 인격적인 관계를 계속 이어가지 못했다는 게 조금 더 후회가 됐었던 퇴사였던 것 같습니다. 어 그 회사에서 퇴사했던 이유는 제가 또 다른 일에 대한 관심과 그런 목적이 생겨 가지고 퇴사를 하게 됐는데 어 그래서 뭐 퇴사를 안 했을 수는 없겠지만 고런 점 때문에 어 좀 후회가 되고 있습니다.","wordCount":196},"emotion":[{"text":"어 퇴사 할 때는 다 이제 퇴사하는 이유 때문에 회사를 했지만 하고 난 다음에는 역시 조금 후회가 어 다 되었던 것 같습니다.","expression":"n-distress","category":"negative"},{"text":"어 특별히 이제 가장 후회가 됐었던 그런 일은 그 회사에 있었던 그런 상사하고 관계가 굉장히 좋았어요.","expression":"n-distress","category":"negative"},{"text":"보니까 아무래도 인제 관계가 소원해지고 껄끄러워지고 그래서 그런 인격적인 관계를 계속 이어가지 못했다는 게 조금 더 후회가 됐었던 퇴사였던 것 같습니다.","expression":"n-distress","category":"negative"},{"text":"어 그 회사에서 퇴사했던 이유는 제가 또 다른 일에 대한 관심과 그런 목적이 생겨 가지고 퇴사를 하게 됐는데 어 그래서 뭐 퇴사를 안 했을 수는 없겠지만 고런 점 때문에 어 좀 후회가 되고 있습니다.","expression":"n-distress","category":"negative"}],"intent":[{"text":"","expression":"","category":"attitude"}],"summary":{"text":"직장에서 퇴사를 한 경험이 몇 번 있습니다. 여러 가지 이유가 있었는데, 이전에 했던 일이 더 익숙한 일이기 때문에 새로운 일을 할 때 어려움을 만나게 되면 예전 직장이 더 좋았던 것 같은 생각을 많이 하게 됩니다. 특히 가장 후회가 되었던 것은 그 회사에 있었던 상사와 관계가 굉장히 좋았는데, 퇴사를 하다 보니 관계가 소원해지고 껄끄러워지고 인격적인 관계를 계속 이어가지 못한 게 조금 더 후회가 됐었던 퇴사였습니다.","wordCount":64}}},"rawDataInfo":{"question":{"fileFormat":"wav","fileSize":624078,"duration":19500,"samplingBit":16,"channelCount":1,"samplingRate":"16kHz","audioPath":"/Mock/04.RND/Male/New/ckmk_q_rnd_m_n_296081.wav"},"answer":{"fileFormat":"wav","fileSize":3061838,"duration":95680,"samplingBit":16,"channelCount":1,"samplingRate":"16kHz","audioPath":"/Mock/04.RND/Male/New/ckmk_a_rnd_m_n_296081.wav"}}}