{"version":"1.0","dataSet":{"info":{"date":"20230116","occupation":"RND","channel":"MOCK","place":"ONLINE","gender":"MALE","ageRange":"-34","experience":"NEW"},"question":{"raw":{"text":"살면서 다양한 커뮤니케이션을 경험해 보셨을 텐데요 그중에 가장 어려웠던 경험을 한 가지만 얘기한다면 어떤 경험을 말씀하실 건가요","wordCount":17},"emotion":[],"intent":[]},"answer":{"raw":{"text":"아 가장 어려웠던 그 커뮤니케이션 아마 저희 마누라가 아닐까 생각을 합니다. 뭐 이런 얘기 하면 좀 어 우스울 수가 있으나 세상에서 가장 어려운 대화 상대자가 여자가 아닌가 생각을 합니다. 지금도 잘 모르겠습니다. 그 때로는 왜 화를 내는지 때로는 왜 조금 좋아하는지 그런 것들이 뭐 하루에도 여러 번 그 변화를 갖고 있는데 솔직히 뭐 남자들이 단순해서 그런 건지 에 솔직히 이유를 모르겠습니다. 그저 이해할려고 노력하고 양보하려고 노력하고 하지만은 그 결과가 매번 개인적으로는 만족스러워지 스럽지 못한 경우도 많이 있습니다. 아 그럼 어떻겠습니까. 좀 더 지나고 어 하면은 그 서로 간의 어떤 그 대화의 방법이라든지 이해의 어떤 폭이 또 깊이가 많아지면은 더 잘 되지 않을까 생각을 합니다. 아 진짜 그 남자 여자 간의 대화가 그냥 연애 시절하고 또 결혼 시절하고 많은 차이가 있는 것 같습니다. 특히 이제 아이가 있고 나서 또 달라지는 것 같고 그래서 같은 대화와 같은 주제라도 그 시기에 따라서 결과물이 달라지기 때문에 아주 혼란스러울 때가 많습니다. 예 감사합니다.","wordCount":148},"emotion":[],"intent":[{"text":"","expression":"","category":"attitude"}],"summary":{"text":"남자 여자 간의 대화가 연애시절과 결혼시절과 많은 차이가 있는 것 같습니다. 특히 아이가 있고 나서 또 달라지는 것 같고 같은 대화와 같은 주제라도 그 시기에 따라서 결과물이 달라지기 때문에 아주 혼란스러울 때가 많습니다.","wordCount":33}}},"rawDataInfo":{"question":{"fileFormat":"wav","fileSize":624398,"duration":19510,"samplingBit":16,"channelCount":1,"samplingRate":"16kHz","audioPath":"/Mock/04.RND/Male/New/ckmk_q_rnd_m_n_294751.wav"},"answer":{"fileFormat":"wav","fileSize":2869198,"duration":89660,"samplingBit":16,"channelCount":1,"samplingRate":"16kHz","audioPath":"/Mock/04.RND/Male/New/ckmk_a_rnd_m_n_294751.wav"}}}