{"version":"1.0","dataSet":{"info":{"date":"20230116","occupation":"RND","channel":"MOCK","place":"ONLINE","gender":"MALE","ageRange":"35-44","experience":"NEW"},"question":{"raw":{"text":"다른 지원자들에 비해서 지원자님만이 가진 차별성이나 장점이 있으신가요 구체적으로 본인의 장점을 어필해 주시기 바랍니다","wordCount":14},"emotion":[],"intent":[]},"answer":{"raw":{"text":"저의 차별성은 어 유연한 사고인 것 같습니다. 음 어 어릴 때부터 좀 아버지를 따라서 어 해외 여러 나라에서 어 생활하면서 공부하다 보니 좀 한국의 어떤 한국에서만 지내신 분들과는 다르게 어 좀 더 어 다양하게 어 문화를 접하고 다양한 사람들과 만나서 지내다 보니까 좀 사고가 유연해진 것 같습니다. 그게 이제 어 차별성이자 장점인 것 같고요. 어 또 한 가지를 꼽자면 그렇게 좀 여러 어 나라나 문화를 겪다 보니까 어 좀 적응하는데 약간 다른 사람들보다 훨씬 더 좀 수월하게 어 하지 않나 라고 생각합니다. 어 적응을 빨리 하고 좀 어떤 문화나 어떤 어 그들만의 어떤 질서 같은 걸 그런 걸 빨리 받아들이려고 하고 좀 잘 적응해서 어 모나지 않도록 하는 게 어릴 때부터 좀 몸에 배어 있어서 어 이 회사를 들어와도 음 다른 직원들보다 다른 지원자 분들보다 어 빠르게 적응하고 좀 잘 적응하려고 어 하지 않을까 그리고 어 잘 해내지 않을까 라고 생각합니다.","wordCount":141},"emotion":[],"intent":[{"text":"음 어 어릴 때부터 좀 아버지를 따라서 어 해외 여러 나라에서 어 생활하면서 공부하다.","expression":"c_private","category":"background"}],"summary":{"text":"어릴 때부터 아버지를 따라 해외 여러 나라에서 생활하다 보니 좀 더 다양한 문화를 접하면서 사고가 유연해진 게 차별성이자 장점입니다. 또 하나는 적응을 빨리하고 그들만의 질서 같은 걸 빨리 받아들이려고 하는 게 어릴 적부터 몸에 배어 있어서 다른 지원자 분들보다 빨리 적응할 수 있을 것 같습니다.","wordCount":45}}},"rawDataInfo":{"question":{"fileFormat":"wav","fileSize":610958,"duration":19090,"samplingBit":16,"channelCount":1,"samplingRate":"16kHz","audioPath":"/Mock/04.RND/Male/New/ckmk_q_rnd_m_n_265904.wav"},"answer":{"fileFormat":"wav","fileSize":3330638,"duration":104080,"samplingBit":16,"channelCount":1,"samplingRate":"16kHz","audioPath":"/Mock/04.RND/Male/New/ckmk_a_rnd_m_n_265904.wav"}}}