{"version":"1.0","dataSet":{"info":{"date":"20230116","occupation":"RND","channel":"MOCK","place":"ONLINE","gender":"MALE","ageRange":"-34","experience":"NEW"},"question":{"raw":{"text":"만약 상사가 업무와 무관한 일을 시킨다고 했을 때 지원자님께서는 그것을 수행할 것인지 아니면 수행하지 않을 것인지 지원자님의 의견을 답변해 주시기 바랍니다","wordCount":21},"emotion":[],"intent":[]},"answer":{"raw":{"text":"만약 상사가 업무와 무관한 일을 시켰더라도 그것이 회사의 이익에 관련된 일이라면 그것을 잘 수행할 자신이 있습니다. 하지만 만약 상사화 시킨 일이 회사와 무관한 개인의 사리 사욕을 차리 채우기 위한 일이라면 그것에 대해서는 수행하지 않을 것입니다. 비록 상사일지라도 부당한 요구에 대해서는 거절할 수 있는 권리를 가진 것이 오늘날 회사의 분위기라고 생각하기 때문에 만약 상사의 요구가 그런 부당한 종류의 것이라면 저는 거리낌 없이 그 일에 대한 거부 의사를 표현할 것입니다.","wordCount":68},"emotion":[],"intent":[{"text":"","expression":"","category":"attitude"}],"summary":{"text":"회사와 무관한 개인의 사리 사욕을 채우기 위한 일이라면 수행하지 않을 것이며 부당한 요구에 대해서는 거절할 수 있는 권리를 가진다고 생각하기 때문에 거리낌 없이 거부 의사를 표현할 것입니다.","wordCount":27}}},"rawDataInfo":{"question":{"fileFormat":"wav","fileSize":473678,"duration":14800,"samplingBit":16,"channelCount":1,"samplingRate":"16kHz","audioPath":"/Mock/04.RND/Male/New/ckmk_q_rnd_m_n_328718.wav"},"answer":{"fileFormat":"wav","fileSize":1173838,"duration":36680,"samplingBit":16,"channelCount":1,"samplingRate":"16kHz","audioPath":"/Mock/04.RND/Male/New/ckmk_a_rnd_m_n_328718.wav"}}}