{"version":"1.0","dataSet":{"info":{"date":"20230116","occupation":"RND","channel":"MOCK","place":"ONLINE","gender":"MALE","ageRange":"55-","experience":"NEW"},"question":{"raw":{"text":"수많은 자동차 관련 기술 가운데 지원자님께서 가장 유망하다고 생각하는 기술은 어떤 것인지 궁금합니다","wordCount":13},"emotion":[],"intent":[]},"answer":{"raw":{"text":"자동차의 기본 기능은 사람이나 또는 물건을 어 운반하는 기능이라고 생각을 합니다. 여기에 결부돼서 여러 가지 부가 기능들이 있는데 기본은 그것이고요. 제가 유망하다고 생각하는 기술은 자동차의 자동 주행 기술 사람이 없이 도로 여건이나 여러 가지 상황 판단을 에이아이가 해서 자동차를 운행하는 그런 기술이 첫 번째고요. 두 번째 기술은 드론을 이용한 지금 도로를 달리는 그 기술보다 한층 그 향상된 기능 공중을 날라서 사람이나 물자를 운반하는 그러한 기술이 유망하다고 봅니다. 그 이유는 아 자동 주행 기술은 앞으로 사람이 운전하는 것보다 에이아이가 운전하는 것이 훨씬 더 그 정밀도가 높아지고 어 시간 또한 단축되리라고 보고 드론 또한 그러한 마찬가지 효과가 난다고 봅니다.","wordCount":97},"emotion":[],"intent":[{"text":"","expression":"","category":"attitude"}],"summary":{"text":"자동차의 자동 주행 기술, 드론을 이용한 드론 기술보다 향상된 기능을 공중을 나르며 사람이나 물자를 운반하는 기술이 유망합니다. 자동 주행 기술은 사람이 운전하는 것보다 정밀도가 높아지고, 시간 또한 단축될 것으로 보고 있습니다.","wordCount":31}}},"rawDataInfo":{"question":{"fileFormat":"wav","fileSize":368718,"duration":11520,"samplingBit":16,"channelCount":1,"samplingRate":"16kHz","audioPath":"/Mock/04.RND/Male/New/ckmk_q_rnd_m_n_287046.wav"},"answer":{"fileFormat":"wav","fileSize":2858958,"duration":89340,"samplingBit":16,"channelCount":1,"samplingRate":"16kHz","audioPath":"/Mock/04.RND/Male/New/ckmk_a_rnd_m_n_287046.wav"}}}