{"version":"1.0","dataSet":{"info":{"date":"20230116","occupation":"RND","channel":"MOCK","place":"ONLINE","gender":"MALE","ageRange":"35-44","experience":"NEW"},"question":{"raw":{"text":"열역학은 네 개의 법칙이 있습니다 열역학 영에서부터 삼 번까지의 법칙에 대해서 설명해 주세요","wordCount":13},"emotion":[],"intent":[]},"answer":{"raw":{"text":"열역학 어 제영의 법칙은 어 온도 평형에 대한 것입니다. 그리고 열역학 제일 법칙은 어 에너지 보존의 법칙입니다. 그리고 열역학 제이 법칙은 엔트로피 증가의 법칙입니다. 그리고 마지막으로 열역학 제삼 법칙은 절대 영도에서는 엔트로피는 제로 상태라는 것 입니다.","wordCount":36},"emotion":[{"text":"열역학 어 제영의 법칙은 어 온도 평형에 대한 것입니다.","expression":"u-fact","category":"neutral"},{"text":"그리고 열역학 제일 법칙은 어 에너지 보존의 법칙입니다.","expression":"u-fact","category":"neutral"},{"text":"그리고 열역학 제이 법칙은 엔트로피 증가의 법칙입니다.","expression":"u-fact","category":"neutral"},{"text":"그리고 마지막으로 열역학 제삼 법칙은 절대 영도에서는 엔트로피는 제로 상태라는 것 입니다.","expression":"u-fact","category":"neutral"}],"intent":[{"text":"","expression":"","category":"attitude"}],"summary":{"text":"열역학 제영 법칙은 온도 평형, 제일 법칙은 에너지 보존, 제이 법칙은 엔트로피 증가의 법칙, 제삼 법칙은 제로 상태라는 것입니다.","wordCount":19}}},"rawDataInfo":{"question":{"fileFormat":"wav","fileSize":363278,"duration":11350,"samplingBit":16,"channelCount":1,"samplingRate":"16kHz","audioPath":"/Mock/04.RND/Male/New/ckmk_q_rnd_m_n_287142.wav"},"answer":{"fileFormat":"wav","fileSize":1411278,"duration":44100,"samplingBit":16,"channelCount":1,"samplingRate":"16kHz","audioPath":"/Mock/04.RND/Male/New/ckmk_a_rnd_m_n_287142.wav"}}}