{"version":"1.0","dataSet":{"info":{"date":"20230116","occupation":"RND","channel":"MOCK","place":"ONLINE","gender":"MALE","ageRange":"45-54","experience":"NEW"},"question":{"raw":{"text":"지원자분 면접까지 오시느라 고생 많으셨습니다 질문 하나 하겠습니다 개발과 환경의 바람직한 조화가 있다면 그것에 대해서 아시는 대로 말해 보십시오","wordCount":19},"emotion":[],"intent":[]},"answer":{"raw":{"text":"네 개발과 환경의 바람직한 조화에 대해서 어 질문을 해 주셨는데 음 개발도 중요하고 환경도 중요합니다. 이제는 어 이십 일 세기에 어 사 차 산업 혁명의 시대에서 개발은 음 아주 계획적이고 기술적으로 지구 환경을 어 해하지 않는 선에서 어 이루어져야 된다고 생각합니다. 옛날에 어 산업 혁명 이후에 어 무분별하게 에 환경을 생각하지 않고 개발했던 역사가 있습니다. 그때 어 지구 환경으는 너무나 컸기 때문에 그렇게 어 인간에게 개발이 인간에게 어떤 피해를 줄 것이라고 생각을 못했을 겁니다. 하지만 지금은 글로벌화 시대에 어 많은 개발이 있었고 기술이 발달함으로 인해서 대량의 개발과 자원 음 채취가 있습니다. 어 앞으로는 음 이렇게 해다가다는 지구 환경이 완전히 파괴되어서 사람이 살 수 없는 지경에 이를 수도 있습니다. 환경을 먼저 지금은 생각해야 될 때입니다. 환경을 먼저 생각한 다음에 개발이 뒤따르는 것이 바람직하다고 생각합니다. 이상입니다.","wordCount":124},"emotion":[{"text":"환경을 먼저 생각한 다음에 개발이 뒤따르는 것이 바람직하다고 생각합니다.","expression":"u-belief","category":"neutral"}],"intent":[{"text":"","expression":"","category":"attitude"}],"summary":{"text":"사차 산업 혁명 시대에서 개발은 지구 환경을 해치지 않는 선에서 이루어져야 합니다. 과거에는 환경을 고려하지 않고 개발했으나 현재는 기술 발달로 대량의 개발과 자원 채취가 이루어지고 있습니다. 앞으로는 환경을 먼저 생각한 후에 개발이 이루어지는 것이 바람직합니다.","wordCount":35}}},"rawDataInfo":{"question":{"fileFormat":"wav","fileSize":489038,"duration":15280,"samplingBit":16,"channelCount":1,"samplingRate":"16kHz","audioPath":"/Mock/04.RND/Male/New/ckmk_q_rnd_m_n_322633.wav"},"answer":{"fileFormat":"wav","fileSize":3806158,"duration":118940,"samplingBit":16,"channelCount":1,"samplingRate":"16kHz","audioPath":"/Mock/04.RND/Male/New/ckmk_a_rnd_m_n_322633.wav"}}}