{"version":"1.0","dataSet":{"info":{"date":"20230116","occupation":"RND","channel":"MOCK","place":"ONLINE","gender":"MALE","ageRange":"55-","experience":"NEW"},"question":{"raw":{"text":"저희 회사에 들어오면 기존과는 업무 스타일이 달라질 수 있습니다 기존과 다른 업무 스타일에 잘 적응하실 수 있으실까요","wordCount":17},"emotion":[],"intent":[]},"answer":{"raw":{"text":"제가 기존에 해왔던 업무 스타일하고는 많이 달라질 수 있을 걸로 예상이 되는데 아 굉장히 처음에는 힘들 것 같습니다. 힘든데 어 제가 좀 완고한 면이 있어서 굉장히 힘들 것 같고 기존 업무하고 어 과연 잘 적응할 수 있을까 고민도 하겠지만 어 업무의 스타일이 다를 뿐이지 업무라는 건 업무와 업무의 어떤 특성은 어 비슷할 것입니다. 그리고 또 그런 일을 하기 위해서 우리는 서로 자리 바꿈도 하고 또 만나기도 하고 또 어 약간 어 분산되어서 그 업무의 리스트크를 줄여가는 그런 과정도 어 겪게 되니까 어 두루 좌우 상하에 대한 어 걸 일을 중심으로 해서 전후 좌우를 잘 살피면서 어 적응해 나가면 음 뭐 기존의 업무하고는 많이 다른 스타일이더라도 어 충분히 적응할 수 있고 가장 뭐 크게 적응에 어 신경 써야 될 부분은 스타일이 다른 어떤 어 사람들이겠죠. 그 업무를 수행해내는 어 팀원들과의 스타일이 달라서 아마 적응하는데 시간이 좀 걸릴 것 같습니다.","wordCount":138},"emotion":[],"intent":[{"text":"","expression":"","category":"attitude"}],"summary":{"text":"업무라는 건 업무와 업무의 특성은 비슷할 것이고 일을 하기 위해서는 자리 바꿈, 만나기, 업무 리스트크를 줄여가는 과정을 겪기 때문에 기존의 업무 스타일과는 많이 다른 스타일이어도 적응하는데 시간이 좀 걸릴 것 같습니다.","wordCount":31}}},"rawDataInfo":{"question":{"fileFormat":"wav","fileSize":380558,"duration":11890,"samplingBit":16,"channelCount":1,"samplingRate":"16kHz","audioPath":"/Mock/04.RND/Male/New/ckmk_q_rnd_m_n_246949.wav"},"answer":{"fileFormat":"wav","fileSize":3100238,"duration":96880,"samplingBit":16,"channelCount":1,"samplingRate":"16kHz","audioPath":"/Mock/04.RND/Male/New/ckmk_a_rnd_m_n_246949.wav"}}}