{"version":"1.0","dataSet":{"info":{"date":"20230116","occupation":"RND","channel":"MOCK","place":"ONLINE","gender":"MALE","ageRange":"35-44","experience":"NEW"},"question":{"raw":{"text":"지원자님께서 어떤 문제에 부딪쳤을 때 혼자 해결하는 편이신지 아니면 여러 사람들에게 이야기를 해서 해결하는 편이신지 궁금합니다 어떤 방법으로 문제를 해결하는 편이신가요","wordCount":21},"emotion":[],"intent":[]},"answer":{"raw":{"text":"저는 어떤 문제에 부딪혔을 때 되도록이면 혼자 해결하는 편입니다. 괜히 다른 사람에게 이야기하면 혹시 그 짐을 지워주는 것 같아 미안하고 또 부담스러운 마음이 있습니다. 그래서 저는 되도록이면 그 일을 혼자서 잘 해결해 내려고 노력하는 편입니다. 지금까지는 그렇게 잘해 왔는데 저도 시간이 지나면서 좀 버겁다는 생각을 많이 했습니다. 그래서 앞으로는 마음을 열고 주변 사람들에게 조언을 구하는 것도 생각하고 있습니다. 아무래도 혼자 해결하면 좁은 생각일 수 있지만 여러 사람들과 이야기하면서 해결하면 넓은 시각으로 바라볼 수 있지 않을까 생각합니다. 그래서 저는 과거에는 혼자 해결할려고 했지만 앞으로는 주변 사람들과 이야기를 하면서 넓은 시각으로 여러 가지 문제들을 잘 해결해 나갈 것입니다.","wordCount":96},"emotion":[],"intent":[{"text":"","expression":"","category":"attitude"}],"summary":{"text":"저는 어떤 문제에 부딪혔을 때 되도록이면 혼자 해결하는 편인데 시간이 지나면서 좀 버겁다는 생각을 많이 했습니다. 앞으로 마음을 열고 주변 사람들에게 조언을 구하는 것도 생각하고 있습니다. 주변 사람들과 이야기를 하면서 넓은 시각으로 여러 가지 문제들을 잘 해결해 나갈 것입니다.","wordCount":39}}},"rawDataInfo":{"question":{"fileFormat":"wav","fileSize":560078,"duration":17500,"samplingBit":16,"channelCount":1,"samplingRate":"16kHz","audioPath":"/Mock/04.RND/Male/New/ckmk_q_rnd_m_n_325474.wav"},"answer":{"fileFormat":"wav","fileSize":2626638,"duration":82080,"samplingBit":16,"channelCount":1,"samplingRate":"16kHz","audioPath":"/Mock/04.RND/Male/New/ckmk_a_rnd_m_n_325474.wav"}}}