{"version":"1.0","dataSet":{"info":{"date":"20230116","occupation":"RND","channel":"MOCK","place":"ONLINE","gender":"MALE","ageRange":"55-","experience":"NEW"},"question":{"raw":{"text":"어 지원자님께서 현재 공부하고 있는 분야는 어떤 분야이신지 궁금합니다 그리고 그 분야를 공부하고 있는 이유와 지금까지 그 분야를 공부하면서 무엇을 배우셨나요","wordCount":21},"emotion":[],"intent":[]},"answer":{"raw":{"text":"제가 지금 공부하고 있는 분야는 목조 주택 전용 프로그램 치프를 계속 공부하고 있습니다. 어 제가 목수 때 빌더라서 시공 뿐만 아니라 설계에 필요성을 느끼고 있어서 그렇습니다. 어 다른 어 건축과는 달리 목조 주택은 건축주와의 상담을 시공자들이 할 수가 있는 경우가 많아요. 왜냐하면 경력이 있고 주변의 지인들이 어 어 혹시 지어질 수 있냐 라고 이야기를 하게 되면은 뭐 시공했던 사람으로서 그런 경험을 가지고 있으면 그게 가능하거든요. 그리고 또 어 저는 그렇게 이야기를 합니다. 어 자기 집을 지은 목조 주택 빌더는 자기 집을 짓는 순간부터 어떻게 보면 어 사업자가 될 수 있는 그런 어 바탕을 마련할 수 있다. 이렇게 생각을 합니다 저도 제 집을 지어 봤고 그런데 그 반대로 자기 집을 짓지 않는 빌더는 사실은 약간은 의심을 해봐야 될 요소들이 있습니다. 제 경험을 통해서는요. 그래서 어 미래를 위해서 어 뭐 오 년 뒤 십 년 뒤를 위해서 지금 그 어 치프 프로그램에 대한 어 공부를 꾸준하게 아 열심히 하고 있습니다.","wordCount":148},"emotion":[],"intent":[{"text":"","expression":"","category":"attitude"}],"summary":{"text":"건축주와의 상담을 시공자들이 할 수 있는 경우가 많은데 자기 집을 지은 목조 주택 빌더는 자기 집을 짓는 순간부터 사업자가 될 수 있는 바탕을 마련할 수 있습니다. 자기 집을 짓지 않는 빌더의 의심을 해소하기 위해서 치프 프로그램에 대한 공부를 꾸준하게 하고 있습니다.","wordCount":41}}},"rawDataInfo":{"question":{"fileFormat":"wav","fileSize":562638,"duration":17580,"samplingBit":16,"channelCount":1,"samplingRate":"16kHz","audioPath":"/Mock/04.RND/Male/New/ckmk_q_rnd_m_n_246523.wav"},"answer":{"fileFormat":"wav","fileSize":3141838,"duration":98180,"samplingBit":16,"channelCount":1,"samplingRate":"16kHz","audioPath":"/Mock/04.RND/Male/New/ckmk_a_rnd_m_n_246523.wav"}}}