{"version":"1.0","dataSet":{"info":{"date":"20230116","occupation":"RND","channel":"MOCK","place":"ONLINE","gender":"MALE","ageRange":"-34","experience":"NEW"},"question":{"raw":{"text":"혹시 이전 직장에서 퇴사한 다음 그 사실을 후회한 적은 없으셨나요 있다면 왜 후회 하셨는지 그 이유도 함께 얘기해 주세요","wordCount":19},"emotion":[],"intent":[]},"answer":{"raw":{"text":"퇴사 후에 한 번도 후회한 적이 없습니다. 일단은 이제 퇴사의 이후부터 잠깐 설명을 좀 해야 될 것 같은데요. 퇴사를 하게 된 배경에는 퇴사를 한 담당자도 조금 문제가 있다고 볼 수 있지만은 퇴사를 하게 만든 그 회사도 문제가 있다고 저는 생각을 합니다.예를 들어서 회사에 문제가 있는지 없는지는 잘 모르겠지만 최소한 그 인원이 그 회사를 떠난다고 생각했을 때는 무언가 그분의 생각을 또는 그분의 어떤 발전의 비전을 충족시켜 줄 수 없기 때문에 그분이 떠났다 이런 전제가 깔려져 있습니다. 예를 들어서 그 기업이 기업 내에 계속 남아 있다면은 그냥 현재를 현재에 만족하고 안주하는 그런 생활을 계속 할 수 밖에 없기 때문에 회사에서 어떤 비전을 주지 못했다 그런 배경이 깔려 있겠죠. 그래서 저는 제가 스스로 앞으로 저 비전을 좀 더 이렇게 멀리 보고 높은 곳에서 또 일할 수 있는 그런 환경을 찾고자 많은 고민을 했습니다. 그래서 오늘 이렇게 퇴사를 결심하고 새로운 시작을 했는데 그 사람의 어떤 목표가 있기 때문에 목표를 향한 어떤 전진 변화 어 충분히 있을 수 있다고 합니다. 거기에 따른 리스크 있다면은 또 본인이 감수하겠습니다. 그렇기 때문에 퇴사에 대해서 후회한 적은 없습니다.","wordCount":169},"emotion":[],"intent":[{"text":"","expression":"","category":"attitude"}],"summary":{"text":"퇴사를 하게 된 배경에는 퇴사를 한 담당자도 문제가 있다고 볼 수 있지만 그 회사가 비전을 충족시켜 줄 수 없기 때문에 떠났다는 전제가 깔려있기 때문에 저는 스스로 비전을 더 멀리 보고 높은 곳에서 일할 수 있는 환경을 찾고자 많은 고민을 했습니다. 그 사람의 목표가 있기 때문에 충분히 있을 수 있다고 봅니다. 리스크 있다면 감수하겠습니다.","wordCount":53}}},"rawDataInfo":{"question":{"fileFormat":"wav","fileSize":317838,"duration":9930,"samplingBit":16,"channelCount":1,"samplingRate":"16kHz","audioPath":"/Mock/04.RND/Male/New/ckmk_q_rnd_m_n_338658.wav"},"answer":{"fileFormat":"wav","fileSize":2911758,"duration":90990,"samplingBit":16,"channelCount":1,"samplingRate":"16kHz","audioPath":"/Mock/04.RND/Male/New/ckmk_a_rnd_m_n_338658.wav"}}}