{"version":"1.0","dataSet":{"info":{"date":"20230116","occupation":"RND","channel":"MOCK","place":"ONLINE","gender":"MALE","ageRange":"35-44","experience":"NEW"},"question":{"raw":{"text":"오늘 면접을 준비하시느라 고생이 많았을 텐데요 어떤 방식으로 면접을 준비하셨는지 자세하게 말씀해 주실 수 있을까요","wordCount":15},"emotion":[],"intent":[]},"answer":{"raw":{"text":"오늘 면접을 준비하기 전에 저는 제 삶을 다시 하나 하나 돌아보았습니다. 제가 과거에 어떤 성과를 거두었고 어떤 실패를 겪었는지를 돌아보았습니다. 제 성격에서 어떤 부분이 장점이고 어떤 부분이 단점이었는지 또 그런 제 성격이 드러났던 일화들은 무엇인지 다시 하나하나 책상에서 노트에 기입 해 보았습니다. 왜냐하면 저는 이번 면접에서 정말로 진실하게 제 자신을 보여드리고 싶었기 때문입니다. 제가 제 진실한 모습을 보여드리기 위해서는 제가 어떠한 사람인지 다른 사람들에게 보이는가 역시 중요한 문제였기 때문에 제 인생을 다시 되돌아 보면서 객관적으로 정리해 보는 시간을 가졌습니다.","wordCount":79},"emotion":[],"intent":[{"text":"","expression":"","category":"attitude"}],"summary":{"text":"저는 이번 면접에서 진실하게 제 자신을 보여주고 싶었기 때문에 제 인생을 다시 되돌아 보면서 객관적으로 정리해 보는 시간을 가졌습니다. 그 날 제 성격에서 장점과 단점과 그 일화들을 노트에 기입해 보았습니다.","wordCount":30}}},"rawDataInfo":{"question":{"fileFormat":"wav","fileSize":553038,"duration":17280,"samplingBit":16,"channelCount":1,"samplingRate":"16kHz","audioPath":"/Mock/04.RND/Male/New/ckmk_q_rnd_m_n_320892.wav"},"answer":{"fileFormat":"wav","fileSize":2424398,"duration":75760,"samplingBit":16,"channelCount":1,"samplingRate":"16kHz","audioPath":"/Mock/04.RND/Male/New/ckmk_a_rnd_m_n_320892.wav"}}}