{"version":"1.0","dataSet":{"info":{"date":"20230116","occupation":"RND","channel":"MOCK","place":"ONLINE","gender":"MALE","ageRange":"35-44","experience":"NEW"},"question":{"raw":{"text":"지원자님께서 가지고 있는 상위 일 퍼센트의 능력이 있으신가요 해당 능력에 대해서 어떤 것인지 어떻게 얻었는지 자세하게 말씀해 주세요","wordCount":18},"emotion":[],"intent":[]},"answer":{"raw":{"text":"제가 가지고 있는 상위 일 퍼센트의 능력은 주소만 준다면 어디든 찾아갈 수 있는 것입니다. 어 제가 젊었을 어렸을 때 여행할 때 가이드북 하나만 가지고 어디든 찾아갈 수 있었습니다. 그래서 저에게 어 주소와 지도만 주어진다면 어디든 어느 나라든 찾아갈 수 있는 어 능력이 있다고 생각합니다. 저는 그게 제가 가지고 있는 상위 일 퍼센트의 능력이라고 생각합니다.","wordCount":54},"emotion":[],"intent":[{"text":"","expression":"","category":"attitude"}],"summary":{"text":"제가 가지고 있는 상위 일 퍼센트의 능력은 주소와 지도만 준다면 어디든 찾아갈 수 있는 것입니다. 그것이 제가 갖고 있는 상위 1 퍼센트의 능력이라고 생각합니다.","wordCount":24}}},"rawDataInfo":{"question":{"fileFormat":"wav","fileSize":618958,"duration":19340,"samplingBit":16,"channelCount":1,"samplingRate":"16kHz","audioPath":"/Mock/04.RND/Male/New/ckmk_q_rnd_m_n_282625.wav"},"answer":{"fileFormat":"wav","fileSize":1541198,"duration":48160,"samplingBit":16,"channelCount":1,"samplingRate":"16kHz","audioPath":"/Mock/04.RND/Male/New/ckmk_a_rnd_m_n_282625.wav"}}}