{"version":"1.0","dataSet":{"info":{"date":"20230116","occupation":"RND","channel":"MOCK","place":"ONLINE","gender":"MALE","ageRange":"-34","experience":"NEW"},"question":{"raw":{"text":"최근에 재미있게 하고 있는 일이 무엇인지 궁금합니다 또 그렇다면 그 일이 재밌는 이유도 함께 설명해 주시기를 바랍니다","wordCount":17},"emotion":[],"intent":[]},"answer":{"raw":{"text":"네 그 근간 제가 그 자건거 타기를 상당히 즐겁게 하고 있습니다. 그 이유는 그 아무래도 그 최근에 그 여러 가지 생각했을 때 지금 환경 오염이라든지 건강이라든지 그런 걸 생각했을 때 그 제가 몰랐던 사실을 또 많이 알게 됐고 우연치 않게 그 한강 고수부지를 다니면서 많은 그 자전거를 타는 분을 보고 깜짝 놀랬습니다. 또한 서울시에 이렇게 많은 그 자전거 전용 도로가 이미 깔려 있다는 것도 알고 야 그동안은 내가 셋 정부에 내 세금을 갖고 정부가 이렇게 많은 그 자전거 도로를 맨들었는데 이것을 활용하지 못하면은 그런 낭비가 아니겠는가 또 이런 생각도 들었습니다. 그래서 저의 이제 건강도 챙기고 그래서 이제 주말에는 이제 조그만 제가 자전거를 하나 장만을 해서 어 한강을 갖다가 이렇게 그 그냥 한 두 시간 세 시간 정도 달리면서 그 한강의 바람도 쐬고 경치도 보면서 건강도 지키고 하는 게 상당히 그 뭐라고 그럴까 그 취미를 갖고 좋은 시간을 갖고 있습니다. 그래서 머지않은 장래에 뭐 꿈이지만 뭐 이게 잘 이루어진다면은 뭐 나중에 뭐 국토 종주라든지 이런 좀 더 좀 거대한 꿈이라든지 목표를 좀 수립하여 진행하고 싶은데 아직은 그런 실력은 안 되구요. 쪼끔 더 지나면은 고민해 보도록 하겠습니다.","wordCount":175},"emotion":[{"text":"네 그 근간 제가 그 자건거 타기를 상당히 즐겁게 하고 있습니다.","expression":"p-happiness","category":"positive"}],"intent":[{"text":"","expression":"","category":"attitude"}],"summary":{"text":"최근 환경오염과 건강, 그리고 서울시의 자전거 전용도로를 활용하지 못하면 낭비가 되지 않을까 하는 생각을 했습니다. 그래서 주말에는 한강을 자전거로 달리면서 건강을 지키고 있습니다. 이것이 잘 이루어진다면 국토 종주라는 큰 목표를 수립하여 진행하고 싶습니다. 좀 더 시간이 지나면 고민해 보도록 하겠습니다.","wordCount":40}}},"rawDataInfo":{"question":{"fileFormat":"wav","fileSize":403278,"duration":12600,"samplingBit":16,"channelCount":1,"samplingRate":"16kHz","audioPath":"/Mock/04.RND/Male/New/ckmk_q_rnd_m_n_325505.wav"},"answer":{"fileFormat":"wav","fileSize":2918798,"duration":91210,"samplingBit":16,"channelCount":1,"samplingRate":"16kHz","audioPath":"/Mock/04.RND/Male/New/ckmk_a_rnd_m_n_325505.wav"}}}