{"version":"1.0","dataSet":{"info":{"date":"20230116","occupation":"RND","channel":"MOCK","place":"ONLINE","gender":"MALE","ageRange":"35-44","experience":"NEW"},"question":{"raw":{"text":"협업을 할 때 가장 중요하게 생각하시는 것은 무엇인가요 또한 왜 그것을 가장 중요하다고 생각하시는지 말씀 부탁드립니다","wordCount":16},"emotion":[],"intent":[]},"answer":{"raw":{"text":"협업은 말 그대로 공동의 목표를 향해 일하는 것입니다. 그래서 협업 시 가장 중요한 것은 경청과 수용이라고 생각합니다. 상대방의 말과 의견을 경청하고 상대의 목표를 향해 제시하는 방향성을 빠르게 캐치하여 나의 의견과 함께 수렴해야 할 일이 잘 진행될 텐데 나의 의견만 고집하며 상대방의 의견을 듣지 않는 태도는 협업을 방해하는 요소라고 생각합니다. 또한 상대방의 말에 대한 경청은 하되 수용은 하지 않는다면 이것은 듣는 척만 하고 실제로는 자신의 의견으로 결론을 도출하겠다는 것인데 이것 또한 협업에 불필요한 요소라고 생각합니다. 그래서 저는 경청과 수용이 중요하다고 생각합니다.","wordCount":80},"emotion":[],"intent":[{"text":"협업은 말 그대로 공동의 목표를 향해 일하는 것입니다.","expression":"c_cop","category":"personality"},{"text":"그래서 협업 시 가장 중요한 것은 경청과 수용이라고 생각합니다.","expression":"c_cop","category":"personality"}],"summary":{"text":"협업 시 가장 중요한 것은 경청과 수용입니다. 저의 의견만을 고집하며 상대방의 의견을 듣지 않는 태도는 협업을 방해합니다. 또한 경청은 하되 수용은 하지 않는 것은 듣는 척만 하겠다는 것인데 이것은 협업에 불필요한 요소입니다.","wordCount":32}}},"rawDataInfo":{"question":{"fileFormat":"wav","fileSize":607118,"duration":18970,"samplingBit":16,"channelCount":1,"samplingRate":"16kHz","audioPath":"/Mock/04.RND/Male/New/ckmk_q_rnd_m_n_332718.wav"},"answer":{"fileFormat":"wav","fileSize":2169678,"duration":67800,"samplingBit":16,"channelCount":1,"samplingRate":"16kHz","audioPath":"/Mock/04.RND/Male/New/ckmk_a_rnd_m_n_332718.wav"}}}