{"version":"1.0","dataSet":{"info":{"date":"20230116","occupation":"RND","channel":"MOCK","place":"ONLINE","gender":"MALE","ageRange":"-34","experience":"NEW"},"question":{"raw":{"text":"물질과 물질이 부딪쳤을 때 생기는 힘을 마찰력이라고 합니다 본인이 알고 계신 마찰력에 대해서 간단하게 설명해 주세요","wordCount":16},"emotion":[],"intent":[]},"answer":{"raw":{"text":"네 마찰력이라는 것은 이제 그 우리가 어떤 이동하고 가고자 하는 그런 그 방향의 힘의 반대 역할을 반대적인 힘의 역할을 보여주는 것이 이제 마찰력이라고 하는데 어 주로 일상 생활에서 가장 많이 활용되고 보여주는 것이 자동차의 타이어가 아닌가 생각을 합니다. 네 자동차는 엔진의 힘을 받어 타이어가 이제 그 땅에 마찰력을 이용하여 앞으로 나가는 그런 역할을 하겠죠. 물론 거기에 뭐 알약성이라든지 뭐 속도라든지 여러 가지 뭐 그런 전문 기능성이 따라야 되기 때문에 따라야 하지만 기본적으로 땅의 어떤 마찰력을 그 받고 이용하여 앞으로 나가는 추진력을 만들어 낼 수 있게 그 타이어의 역할이지만은 반대로 이겨중 위험한 순간에 자동차를 정지하고자 제동을 걸었을 때 또한 마찬가지로 이 타이어와 그 바닥에 또는 자동차 안에 있는 어떤 브레이크 시스템이라는 건 어떤 주 구조적인 기능에 대해서 자 타이어를 굴러가는 타이어를 세우고자 하는 반대 역할에 마찰력을 포함하여 차를 안전하게 세울 수 있는 그런게 같이 이렇게 활용이 되기 때문에 이게 그 플라스적인 역할 아 마찰력이 있어야지만 이제 앞으로 나갈 수도 있고 또 마찰력이 있어야지만 또 차를 안전하게 세울 수 있고 동시에 이게 두 가지 효능을 다 발휘할 발휘 할 수가 있습니다. 하기 때문에 이게 매우 중요하고 참 우리 일상생활에서도 꼭 필요한 것이라고 생각합니다.","wordCount":181},"emotion":[],"intent":[{"text":"","expression":"","category":"attitude"}],"summary":{"text":"마찰력은 우리가 이동하고자 하는 방향에서 힘의 반대 역할을 보여주는데 주로 일상 생활에서 가장 많이 활용되는 것이 자동차의 타이어입니다. 자동차는 엔진의 힘을 받으면 타이어가 땅에 마찰력을 이용하여 앞으로 나갈 수 있습니다. 반대로 이동중 위험한 순간에 정지하고자 제동을 걸었을 때 브레이크 시스템이라는 것은 타이어를 세우고자 하는 반대 역할에 마찰력을 포함하여 차를 안전하게 세울 수 있게 활용이 됩니다.","wordCount":55}}},"rawDataInfo":{"question":{"fileFormat":"wav","fileSize":427598,"duration":13360,"samplingBit":16,"channelCount":1,"samplingRate":"16kHz","audioPath":"/Mock/04.RND/Male/New/ckmk_q_rnd_m_n_355568.wav"},"answer":{"fileFormat":"wav","fileSize":3128398,"duration":97760,"samplingBit":16,"channelCount":1,"samplingRate":"16kHz","audioPath":"/Mock/04.RND/Male/New/ckmk_a_rnd_m_n_355568.wav"}}}