{"version":"1.0","dataSet":{"info":{"date":"20230116","occupation":"RND","channel":"MOCK","place":"ONLINE","gender":"MALE","ageRange":"35-44","experience":"NEW"},"question":{"raw":{"text":"본인은 지원하신 직무에 관련돼서 구체적인 실무 경험이나 연구 경험이 있으십니까 연구 경험이나 실무 경험이 있다면 그것에 대해서 말씀해 주세요","wordCount":19},"emotion":[],"intent":[]},"answer":{"raw":{"text":"구체적으로 실무를 맡아서 진행을 할 때 제가 제일 많이 느끼고 배운 점은 우선 첫 번째로 어 일을 하는 것은 저 혼자 하는 것이 아니라 조직이 기어 물리듯이 딱 맞물려서 어 진행이 되어야 일이 제대로 된다는 점입니다. 그리고 모든 것은 제가 계획한 것과는 다른 방향으로 흐른다고 생각합니다. 그렇기 때문에 계획을 세울 때 훨씬 더 디테일하고 촘촘하게 해야 된다는 것을 배웠습니다. 그리고 특히나 협업을 할 때에는 커뮤니케이션을 가장 중요하게 생각을 해야 되고 그 커뮤니케이션하는 방법 및 채널도 어 제대로 정해서 수행해야 된다고 생각합니다. 일은 사람이 하는 이름으로 그 사람과의 유달감이 가장 중요하다고 생각합니다.","wordCount":91},"emotion":[],"intent":[{"text":"","expression":"","category":"attitude"}],"summary":{"text":"일을 할 때는 조직이 맞물려서 진행이 되어야 일이 제대로 됩니다. 일은 계획한 것과는 다른 방향으로 흐릅니다. 협업을 할 때는 커뮤니케이션을 가장 중요하게 생각하고 그 커뮤니케이션하는 방법 및 채널도 제대로 정해서 수행해야 합니다.","wordCount":32}}},"rawDataInfo":{"question":{"fileFormat":"wav","fileSize":531278,"duration":16600,"samplingBit":16,"channelCount":1,"samplingRate":"16kHz","audioPath":"/Mock/04.RND/Male/New/ckmk_q_rnd_m_n_291728.wav"},"answer":{"fileFormat":"wav","fileSize":2634958,"duration":82340,"samplingBit":16,"channelCount":1,"samplingRate":"16kHz","audioPath":"/Mock/04.RND/Male/New/ckmk_a_rnd_m_n_291728.wav"}}}