{"version":"1.0","dataSet":{"info":{"date":"20230116","occupation":"RND","channel":"MOCK","place":"ONLINE","gender":"MALE","ageRange":"35-44","experience":"NEW"},"question":{"raw":{"text":"본인이 직접 해외 출장 장소를 선택할 수 있다면 꼭 한 번 가서 일해보고 싶은 나라가 있나요 그게 어딘지 자세하게 말씀해 주시기 바랍니다","wordCount":22},"emotion":[],"intent":[]},"answer":{"raw":{"text":"어 저는 음 가까운 일본이 어떨까 한 번 생각해 봤습니다. 아 제가 또 일본어를 조금 할 줄 알고 어 요즘에 또 본격적으로 공부를 시작해서 어 제가 일본으로 해외 출장을 간다면 어 좀 편하게 어 다른 나라보다는 조금 더 수월하게 어떤 일을 업무를 할 수 있을 것 같고요. 어 좀 음 아니 그 먼 나라보다는 어 일본 정도에 있으면 심리적으로도 좀 가족이나 그 가까운 지인들과 많이 떨어져 있다 라는 느낌이 들지 않아서 어 굉장히 좀 어 안정적인 상태에서 일을 할 수 있을 것 같습니다. 어 그리고 좀 어 일본의 어떤 음식 같은 부분도 어 제가 좀 입맛이 좀 너무 한국적인 편이라 어 그 이국적인 음식들을 잘 못 먹거든요. 어떤 향신료가 많이 들어가는 음식이라든지 어 저희 나라와는 좀 우리 그러니까 대한민국이랑은 좀 다른 음식 문화들이 있는 나라에서는 어 좀 버티기가 좀 힘든 어 그런 부분들이 있는데 어 일본 정도는 솔직히 어 음식들도 괜찮고 어 거리도 가깝고 해서 어 제가 고를 수 있다면 일본이 저에게는 적합한 어 출장 장소인 것 같습니다.","wordCount":158},"emotion":[],"intent":[{"text":"","expression":"","category":"attitude"}],"summary":{"text":"가까운 일본 출장을 생각해 봤습니다. 일본어를 잘 할 줄 알고 일본을 간다면 다른 나라보다 수월하게 일을 할 수 있을 것 같습니다. 또한 일본의 어떤 음식도 괜찮으며 거리도 가깝고 해서 제가 고를 수 있다면 일본이 저에게 적합한 출장 장소입니다.","wordCount":38}}},"rawDataInfo":{"question":{"fileFormat":"wav","fileSize":612878,"duration":19150,"samplingBit":16,"channelCount":1,"samplingRate":"16kHz","audioPath":"/Mock/04.RND/Male/New/ckmk_q_rnd_m_n_257231.wav"},"answer":{"fileFormat":"wav","fileSize":3459918,"duration":108120,"samplingBit":16,"channelCount":1,"samplingRate":"16kHz","audioPath":"/Mock/04.RND/Male/New/ckmk_a_rnd_m_n_257231.wav"}}}