{"version":"1.0","dataSet":{"info":{"date":"20230116","occupation":"RND","channel":"MOCK","place":"ONLINE","gender":"MALE","ageRange":"35-44","experience":"NEW"},"question":{"raw":{"text":"지원자께서는 기계 설계에 경험이 많다고 들었습니다 그러면 기계 설계를 할 시 고려해야 할 사항이 있다면 그것에 대해서 설명해 주십시오","wordCount":19},"emotion":[],"intent":[]},"answer":{"raw":{"text":"네 그 저희 그 연구 알앤디 쪽 사람들의 가장 큰 단점을 얘기하면은 어 본인이 가장 뭐 우수하다 뛰어나다 그런 생각을 다들 갖고 계시죠. 그래서 누가 누가 잘하나 뭐 이런 거를 저는 이렇게 비유로 얘기를 하지만은 실질적인 어떤 그런 제품에 대한 그 상품성 시장성보다는 본인이 갖고 있는 능력이라든지 자질이라든지 자기 성취에 그 만족하는 그런 설계나 개발하는 분들이 많이 계세요. 그래 그런 것들이 가장 우리가 피해야 할 부분이라고 생각하기 때문에 저는 항상 그 저 자신을 요구할 때는 일단은 그 지 원가 새 설계를 통해서 나올 때 최종 제품의 설계 원가를 어떻게 하면 최소화 할 수 있는지 원가를 생각을 해야 되고 재료비나 가공비를 생각하겠죠. 두 번째로는 어떻게 하면 가장 짧은 시간 내에 효율적으로 대량 생산을 할 수 있겠는가 그 생산 과정 향후 공급에 있어서 그 과정의 준비 기간을 최소화 할 수 있는 기간 그다음에 이것을 우리가 어떻게 하면은 가장 많이 판매할 수 있는 소구점이 뭔가 장점이 뭔가 아 이것도 같이 고려를 합니다. 그렇지 않으면 아무리 좋은 설계 좋은 제품이 나오더라도 아 시장에 소구점이라든지 판매라든지 이게 이루어지지 않으면은 결국에는 우물 안 개구리가 될 수 밖에 없기 때문에 그런 것들을 같이 늘 고민을 하면서 업무에 임하고 있습니다.","wordCount":182},"emotion":[],"intent":[{"text":"","expression":"","category":"attitude"}],"summary":{"text":"제품의 상품성 시장성보다는 본인이 갖고 있는 능력, 자질, 자기 성취에 만족하는 설계나 개발하는 분들이 많습니다. 그래 이런 것들이 가장 우리가 피해야 할 부분이라고 생각합니다. 최종 제품의 설계 원가를 최소화 할 수 있는 방법을 생각하고, 가장 짧은 시간 내에 대량 생산을 할 수 있는가를 고민하며 업무에 임하고 있습니다.","wordCount":47}}},"rawDataInfo":{"question":{"fileFormat":"wav","fileSize":445518,"duration":13920,"samplingBit":16,"channelCount":1,"samplingRate":"16kHz","audioPath":"/Mock/04.RND/Male/New/ckmk_q_rnd_m_n_344194.wav"},"answer":{"fileFormat":"wav","fileSize":3132238,"duration":97880,"samplingBit":16,"channelCount":1,"samplingRate":"16kHz","audioPath":"/Mock/04.RND/Male/New/ckmk_a_rnd_m_n_344194.wav"}}}