{"version":"1.0","dataSet":{"info":{"date":"20230116","occupation":"RND","channel":"MOCK","place":"ONLINE","gender":"MALE","ageRange":"-34","experience":"NEW"},"question":{"raw":{"text":"입사 후에 근무를 하고 있는데 그 지원하는 분야가 지원자님과 잘 맞지 않는다는 사실을 알게 되셨다면 어떻게 하시겠습니까","wordCount":17},"emotion":[],"intent":[]},"answer":{"raw":{"text":"입사 후 근무를 하면서 지원한 분야가 저와 잘 맞지 않는다는 생각이 든다면 우선 저는 업무가 아닌 기업의 이미지나 기업의 특성을 고려하여 입사한 것이기 때문에 그 회사에서 계속해서 근로하기 위해서 업무에 저를 맞출 것입니다. 일단 업무에 최선을 다해서 저 스스로를 적응시켜 보고 그럼에도 업무에 적응이 되지 않거나 혹은 업무가 지나치게 저와 어려워 제가 업무를 진행하는 데 차질이 생겨 다른 팀원들에게 불편을 야기한다면 저는 우선 상급자와 대화를 통해 업무 변경이나 직무 변경을 요청할 것입니다. 제가 일을 못하면 저에게도 손해지만 그것은 더 나아가 회사 측의 손해가 되기 때문에 저는 그런 손해를 없애기 위해서 업무 변경을 상급자에게 요청하겠습니다. 만약 그럼에도 불구하고 업무 변경이 불가능하다는 답변을 받는다면 저는 무심코 가만히 내버려 두는 것이 아니라 과감하게 회사를 변경하거나 회사를 퇴사하는 등의 선택을 하여 회사의 손해를 최소화하겠습니다.","wordCount":120},"emotion":[],"intent":[{"text":"","expression":"","category":"attitude"}],"summary":{"text":"저는 기업의 이미지나 기업의 특성을 고려하여 입사한 것이므로 계속해서 근로하기 위해 업무에 맞출 것입니다. 업무를 진행하는 데 차질이 생겨 다른 팀원들에게 불편을 야기한다면 업무 변경을 상급자에게 요청하겠습니다. 만약 업무 변경이 불가능하다는 답변을 받는다면 과감하게 회사를 변경하거나 퇴사하겠습니다.","wordCount":37}}},"rawDataInfo":{"question":{"fileFormat":"wav","fileSize":573518,"duration":17920,"samplingBit":16,"channelCount":1,"samplingRate":"16kHz","audioPath":"/Mock/04.RND/Male/New/ckmk_q_rnd_m_n_342319.wav"},"answer":{"fileFormat":"wav","fileSize":2395598,"duration":74860,"samplingBit":16,"channelCount":1,"samplingRate":"16kHz","audioPath":"/Mock/04.RND/Male/New/ckmk_a_rnd_m_n_342319.wav"}}}