{"version":"1.0","dataSet":{"info":{"date":"20230116","occupation":"RND","channel":"MOCK","place":"ONLINE","gender":"MALE","ageRange":"55-","experience":"NEW"},"question":{"raw":{"text":"지원자분께서 생각하시기에 창의성 그리고 팀워크 중에서 둘 중 무엇이 더 중요하다고 생각하시는지 궁금합니다 근거도 함께 들어서 같이 이야기를 해 주시면 좋겠습니다","wordCount":21},"emotion":[],"intent":[]},"answer":{"raw":{"text":"어떠한 과업을 수행함에 있어서는 창의성도 중요하고 팀워크도 상당히 중요합니다. 이외에 여러 어 중요한 요인들도 있지만 두 가지를 비교해서 말씀을 드리면 둘 중에 창의성이 더 중요하다고 말씀드리겠습니다. 그 이유는 창의성은 사건이나 제품이나 어떤 서비스나 이런 것들의 본질에서 부터 시작을 해서 그 제품을 새로 개발을 한다거나 신제품을 출시를 한다거나 서비스를 획기적으로 바꾸는 그러한 역할을 할 수 있는 부분이기 때문에 이는 어 인력이 많다고 해결되는 부분도 아니고 또 자금을 많이 써서도 해결되는 부분도 아닙니다. 창의력을 바탕으로 부단한 노력이 바탕으로 이루어질 수 있는 것이기 때문에 창의성이 중요하고 또 창의성을 바탕으로 한 제품이나 서비스는 어 상당기간 오래 지속될 수 있기 때문에 창의성을 더 중요한 덕목이라고 생각합니다.","wordCount":101},"emotion":[],"intent":[{"text":"어떠한 과업을 수행함에 있어서는 창의성도 중요하고 팀워크도 상당히 중요합니다.","expression":"c_cop","category":"personality"}],"summary":{"text":"어떠한 과업을 수행함에 있어서는 창의성도 중요하고 팀워크도 상당히 중요합니다. 창의성은 사건이나 제품이나 서비스나 이런 것들의 본질에서 부터 시작을 해서 그 제품을 새로 개발하거나 출시를 한다거나 서비스를 획기적으로 바꾸는 역할을 할 수 있는 부분이기 때문입니다.","wordCount":34}}},"rawDataInfo":{"question":{"fileFormat":"wav","fileSize":650958,"duration":20340,"samplingBit":16,"channelCount":1,"samplingRate":"16kHz","audioPath":"/Mock/04.RND/Male/New/ckmk_q_rnd_m_n_304084.wav"},"answer":{"fileFormat":"wav","fileSize":3440078,"duration":107500,"samplingBit":16,"channelCount":1,"samplingRate":"16kHz","audioPath":"/Mock/04.RND/Male/New/ckmk_a_rnd_m_n_304084.wav"}}}