{"version":"1.0","dataSet":{"info":{"date":"20230116","occupation":"RND","channel":"MOCK","place":"ONLINE","gender":"MALE","ageRange":"55-","experience":"NEW"},"question":{"raw":{"text":"지원자님의 생각이 아닌 다른 주변 사람들이 생각하는 본인의 단점과 장점에 대하여 모두 말씀해 주시기 바랍니다","wordCount":15},"emotion":[],"intent":[]},"answer":{"raw":{"text":"제 가족이나 제 친구들이 저에 대해서 말하는 단점에 대해서 먼저 말씀을 드리면 고집이 쎄다는 것입니다. 다른 사람의 의견을 별로 참조를 안하고 자기 자신대로의 에 마이웨이가 강하다 라는 의견들이 있습니다. 또 하나의 단점은 그럼에도 불구하고 어떤 일에는 어 상당히 귀가 얇다는 지적도 있습니다. 그러기 때문에 제가 사업을 할 때 다른 사람의 의견을 듣고 어 실패하는 경우도 상당히 많이 있었다고 생각을 하는 것 같습니다. 장점 분야는 음 상당히 그 인사이트가 강하고 추진력이 강하다는 그런 의견들이 저희 가족과 친구들의 의견입니다.","wordCount":77},"emotion":[],"intent":[{"text":"제 가족이나 제 친구들이 저에 대해서 말하는 단점에 대해서 먼저 말씀을 드리면 고집이 쎄다는 것입니다.","expression":"c_person","category":"background"}],"summary":{"text":"제 가족이나 친구들이 저에 대해 말하는 단점은 고집이 세고 귀가 얇다는 것입니다. 하지만 장점 분야는 인사이트가 강하고 추진력이 강하다는 의견입니다.","wordCount":20}}},"rawDataInfo":{"question":{"fileFormat":"wav","fileSize":462158,"duration":14440,"samplingBit":16,"channelCount":1,"samplingRate":"16kHz","audioPath":"/Mock/04.RND/Male/New/ckmk_q_rnd_m_n_287045.wav"},"answer":{"fileFormat":"wav","fileSize":2409678,"duration":75300,"samplingBit":16,"channelCount":1,"samplingRate":"16kHz","audioPath":"/Mock/04.RND/Male/New/ckmk_a_rnd_m_n_287045.wav"}}}