{"version":"1.0","dataSet":{"info":{"date":"20230116","occupation":"RND","channel":"MOCK","place":"ONLINE","gender":"MALE","ageRange":"35-44","experience":"NEW"},"question":{"raw":{"text":"특별히 가고 싶은 회사가 있으신가요 특정 도메인이 중요한지 회사의 분위기가 중요한지 어떤 점을 중점적으로 보시는지 말씀해 주세요","wordCount":17},"emotion":[],"intent":[]},"answer":{"raw":{"text":"저는 회사를 볼 때 그 회사의 분위기를 더 중요하게 봅니다. 저는 가족 같은 회사라든지 일하기 편하기 직장이라는 것보다는 일을 한 만큼 정당한 보수와 평가를 내려주는 회사인지를 먼저 판단하고 있습니다. 이전 회사에서 일을 했을 때 보수적인 회사 분위기로 인해 항상 아침 일곱 시 경에 출근을 하였고 저녁 일곱 시 이후에 퇴근을 하면은 원하지 않던 술자리나 회식 등을 경험하게 되었습니다. 하루에 열 두 시간을 회사에 붙어 있는다고 하더라도 제가 계산했을 때 중요한 일은 그 절반도 안 되었던 것 같습니다. 그렇기 때문에 짧은 시간이라도 업무에 집중할 수 있고 또한 그 업무로 인해 정당한 평가와 보상을 받는 회사인지 그런 회사의 분위기가 더해 저에게는 더 중요한 것이라고 생각됩니다.","wordCount":103},"emotion":[],"intent":[{"text":"","expression":"","category":"attitude"}],"summary":{"text":"저는 일하기 편하기 직장이라는 것보다는 일을 한 만큼 정당한 보수와 평가를 내려주는 회사인지를 먼저 판단합니다. 보수적인 회사 분위기로 인해 짧은 시간이라도 업무에 집중할 수 있고 또한 그 업무로 인해 정당한 평가와 보상을 받는 회사인지 더 중요합니다.","wordCount":36}}},"rawDataInfo":{"question":{"fileFormat":"wav","fileSize":612558,"duration":19140,"samplingBit":16,"channelCount":1,"samplingRate":"16kHz","audioPath":"/Mock/04.RND/Male/New/ckmk_q_rnd_m_n_296187.wav"},"answer":{"fileFormat":"wav","fileSize":2841678,"duration":88800,"samplingBit":16,"channelCount":1,"samplingRate":"16kHz","audioPath":"/Mock/04.RND/Male/New/ckmk_a_rnd_m_n_296187.wav"}}}