{"version":"1.0","dataSet":{"info":{"date":"20230116","occupation":"RND","channel":"MOCK","place":"ONLINE","gender":"MALE","ageRange":"55-","experience":"NEW"},"question":{"raw":{"text":"본인의 성격상 장점과 단점에 대해 각각 말씀해 주세요 이때 구체적인 예시와 함께 말씀해 주시면 더욱 좋겠습니다","wordCount":16},"emotion":[],"intent":[]},"answer":{"raw":{"text":"내 단점을 말씀을 드리겠습니다. 고집이 많이 셉니다. 제가 주장하는 바를 관철시키기 위해서 어 상대방을 윽박 지르는 경우도 꽤 많았었습니다. 뭐 예를 들어서 말씀을 드리면 제가 와이 투 케이 프로젝트를 수행을 할 때 그것을 저에게 준 그 회사로부터 어 좋은 프로젝트를 에 받았습니다. 해서 그 프로젝트를 수행을 하고 나서 어 계약서대로 어 대금을 납부를 해 줄 것을 요구를 했지만 그 회사에서는 내부적인 그 결제 과정 뭐 이런 것을 이유를 들어 차일피일 이 미뤘습니다. 그 회사는 어 상당히 좋은 회사였기 때문에 반드시 에 대금을 납부해 줄 것을 믿어 의심치는 않았지만 저는 담당자를 만나서 계약서대로 이행을 안 한다고 따지고 또 관련자들도 만나고 하면서 상당히 좀 고집을 부렸던 기억이 납니다. 그 결과 그 회사와 저는 관계가 좀 안 좋아졌죠. 결과적으로는 제 고집이 틀리지는 않았지만 좋은 결과가 되지 않았었던 어 기억이 납니다.","wordCount":127},"emotion":[],"intent":[{"text":"","expression":"","category":"attitude"}],"summary":{"text":"와이 투 케이 프로젝트를 수행을 할 때 계약서대로 대금을 납부해 줄 것을 요구를 했지만 그 회사에서는 내부적인 결제 과정을 이유로 차일피일 이 미뤘습니다. 그 회사와 저는 관계가 안 좋아졌죠. 결과적으로는 제 고집이 틀리지는 않았지만 좋은 결과가 되지 않았던 기억이 납니다.","wordCount":40}}},"rawDataInfo":{"question":{"fileFormat":"wav","fileSize":345678,"duration":10800,"samplingBit":16,"channelCount":1,"samplingRate":"16kHz","audioPath":"/Mock/04.RND/Male/New/ckmk_q_rnd_m_n_304092.wav"},"answer":{"fileFormat":"wav","fileSize":3600078,"duration":112500,"samplingBit":16,"channelCount":1,"samplingRate":"16kHz","audioPath":"/Mock/04.RND/Male/New/ckmk_a_rnd_m_n_304092.wav"}}}