{"version":"1.0","dataSet":{"info":{"date":"20230116","occupation":"RND","channel":"MOCK","place":"ONLINE","gender":"MALE","ageRange":"-34","experience":"NEW"},"question":{"raw":{"text":"대학에서 배운 본인의 전공 과목 중 가장 기억에 남는 과목을 한 가지만 골라 말씀해 주세요","wordCount":15},"emotion":[],"intent":[]},"answer":{"raw":{"text":"제가 배운 전공 과목 중 가장 기억에 남는 과목은 융합 생명공학 콜로퀴엄이라는 과목입니다. 이름이 생소하기 때문에 무슨 과목인지 궁금하실 수도 있다는 생각이 드는데요. 융합 생명공학 콜로퀴엄은 각자 논문을 설정하여서 그 논문을 본인이 연구했다고 가정하고 그 논문에 대한 발표를 진행하는 것입니다. 발표 자료나 논문의 선정 발표 모두 개인이 직접 진행해야 했고 그렇기 때문에 차후에 알엔디 과정에서 개발 성과를 발표하는데 본인의 성과를 어떻게 하면 효율적이고 효과적으로 그리고 이해하기 쉽게 전달할 수 있을지에 대한 기반 실력을 다졌던 것 같습니다. 당연하게도 발표가 끝나면 청취자로부터 그러니까 학우들로부터 질문을 받아 그 질문에 답변을 해 주어야 했기 때문에 추후에 개발 과정에서 다른 사람이 의문이 가진 사항에 대해 그 사항을 조금 더 일목요연하게 설명해 줄 수 있게 되었습니다.","wordCount":110},"emotion":[],"intent":[{"text":"","expression":"","category":"attitude"}],"summary":{"text":"융합 생명공학 콜로퀴엄은 각자 논문을 설정하여 그 논문을 본인이 연구했다고 가정하고 그 논문에 대한 발표를 진행하는 과목입니다. 발표 자료나 논문의 선정 발표 모두 개인이 직접 진행해야 했기 때문에 추후에 개발 과정에서 다른 사람이 질문을 받아 답변해 줄 수 있었습니다.","wordCount":39}}},"rawDataInfo":{"question":{"fileFormat":"wav","fileSize":293198,"duration":9160,"samplingBit":16,"channelCount":1,"samplingRate":"16kHz","audioPath":"/Mock/04.RND/Male/New/ckmk_q_rnd_m_n_342315.wav"},"answer":{"fileFormat":"wav","fileSize":2322318,"duration":72570,"samplingBit":16,"channelCount":1,"samplingRate":"16kHz","audioPath":"/Mock/04.RND/Male/New/ckmk_a_rnd_m_n_342315.wav"}}}