{"version":"1.0","dataSet":{"info":{"date":"20230116","occupation":"RND","channel":"MOCK","place":"ONLINE","gender":"MALE","ageRange":"55-","experience":"NEW"},"question":{"raw":{"text":"만약 우리 회사에 들어오면 지원자님이 지금까지 해왔던 업무 스타일이 달라질 수도 있는데요 기존과 다른 업무 스타일에도 잘 적응할 수 있으신가요","wordCount":20},"emotion":[],"intent":[]},"answer":{"raw":{"text":"네 업무 스타일이 달라질 수도 있지요. 또 기존과 다른 업무 스타일에 잘 적응하는 것이 힘들게 느껴질 수도 있고요. 그렇지만 뭐 요즘에는 워낙 사회가 급변하고 또 어떤 분야의 어떤 기술들이 급격하게 발전하기 때문에 뭐 한 가지 스타일 한 가지 업무만 고집하기는 어렵다고 생각합니다. 그래서 어떤 새로운 일이 생기고 또 또 다른 업무 스타일을 을 갖게 가져야만 되고 그렇게 된다면 요즘에는 유튜브에 엄청 좋은 정보들도 많이 있고요. 또 좋은 강의들도 있기 때문에 열심히 노력하면은 잘 적응할 수 있으리라고 생각합니다. 전 책도 사서 보면서 충분히 에 새로운 스타일에 적응할 수 있으리라고 생각합니다.","wordCount":89},"emotion":[],"intent":[{"text":"","expression":"","category":"attitude"}],"summary":{"text":"요즘에는 급변하는 사회와 기술 때문에 한 가지 업무만 고집하기는 어렵습니다. 새로운 일이 생기고 또 다른 업무 스타일을 갖게 된다면 유튜브의 좋은 정보와 좋은 강의들을 열심히 노력하면 새로운 스타일에 잘 적응할 수 있을 것입니다.","wordCount":33}}},"rawDataInfo":{"question":{"fileFormat":"wav","fileSize":473678,"duration":14800,"samplingBit":16,"channelCount":1,"samplingRate":"16kHz","audioPath":"/Mock/04.RND/Male/New/ckmk_q_rnd_m_n_341932.wav"},"answer":{"fileFormat":"wav","fileSize":2496398,"duration":78010,"samplingBit":16,"channelCount":1,"samplingRate":"16kHz","audioPath":"/Mock/04.RND/Male/New/ckmk_a_rnd_m_n_341932.wav"}}}