{"version":"1.0","dataSet":{"info":{"date":"20230116","occupation":"RND","channel":"MOCK","place":"ONLINE","gender":"MALE","ageRange":"35-44","experience":"NEW"},"question":{"raw":{"text":"글로벌 인재에게 필수인 요소는 무엇이고 면접자님께서 그것을 위해 노력했던 것은 무엇이었습니까","wordCount":11},"emotion":[],"intent":[]},"answer":{"raw":{"text":"글로벌 인재란 글로벌한 역량을 갖추고 원칙을 지키는 사람이다 라고 생각합니다. 글로벌 인재가 되기 위해서 몇 가지 필요한 것이 있는데 첫째는 글로벌한 시각을 갖추어야 합니다. 세계 곳곳에서 벌어지는 글로벌 이슈와 트렌드의 관심을 갖고 그것이 어떤 영향을 미칠지 발 빠르게 판단에 대응할 수 있어야 합니다. 둘째로 다른 나라의 문화를 이해하는 것도 중요합니다. 여러 문화 사람들과 어울리고 필요할 때 다른 문화에도 잘 적응해야 합니다. 그리고 자기 문화를 설명하고 다른 문화와 비교할 수 있어야 합니다. 셋째로 글로벌 커뮤니케이션은 필수입니다. 영어는 기본적으로 편하게 구사하며 자기 의견을 당당하게 발표하고 외국인들과 토론도 할 수 있어야 합니다. 특히 다양한 사람이 참여하는 회의를 효과적으로 이끌고 합리적 결론을 도출할 수 있는 능력도 갖추어야 합니다. 저는 이런 인재가 되기 위해서 영어 공부와 글로벌한 이슈와 트렌드에 늘 관심을 갖고 특별히 다른 나라 문화에 대해 공부하고 있습니다.","wordCount":124},"emotion":[],"intent":[{"text":"","expression":"","category":"attitude"}],"summary":{"text":"글로벌 인재란 글로벌한 역량을 갖추고 원칙을 지키는 사람입니다. 글로벌 인재가 되기 위해 글로벌한 시각을 갖추어야 하고 다른 나라의 문화를 이해해야 하며 글로벌 커뮤니케이션은 필수입니다. 영어는 편하게 구사하며 자기 의견을 당당하게 발표하고 외국인들과 토론도 할 수 있어야 합니다.","wordCount":37}}},"rawDataInfo":{"question":{"fileFormat":"wav","fileSize":326798,"duration":10210,"samplingBit":16,"channelCount":1,"samplingRate":"16kHz","audioPath":"/Mock/04.RND/Male/New/ckmk_q_rnd_m_n_325635.wav"},"answer":{"fileFormat":"wav","fileSize":3215438,"duration":100480,"samplingBit":16,"channelCount":1,"samplingRate":"16kHz","audioPath":"/Mock/04.RND/Male/New/ckmk_a_rnd_m_n_325635.wav"}}}