{"version":"1.0","dataSet":{"info":{"date":"20230116","occupation":"RND","channel":"MOCK","place":"ONLINE","gender":"MALE","ageRange":"55-","experience":"NEW"},"question":{"raw":{"text":"지원자님께서 입사 후에 기존에 원하던 일을 못 하게 되신다면 어떻게 하실 건가요 또한 그렇게 하실 이유에 대해서도 답변해 주세요","wordCount":19},"emotion":[],"intent":[]},"answer":{"raw":{"text":"어 회사에는 어 많은 일들이 널여져 있죠. 거의 그 라이버러리에 꽂혀있는 책처럼 어 다방면에 여러 가지 분야에 상존하는 일들이 많이 있습니다. 그런데 제가 기존에 원했던 일이 아닌 원하지 않은 일을 했을 경우에 그것 역시 책장 속에 꽂혀있는 하나의 책이기 때문에 저는 그 책장을 먼저 보는 게 중요하다 생각을 합니다. 그리고 그 일이 어느 위치에 꽂혀있는 책인지 그걸 잘 어 판단해야 되고 그런 판단에 의해서 또 분석해 보고 이거 내가 세 번째 선반 위에 올려진 책을 더 좋아한다면 이 책을 그 책 못지않게 세 번째 있는 선반에 있는 그 책을 한 번 읽을 걸 어 그 밑에 있는 그 책은 뭐 네 번 다섯 번 정도 읽어서 세 번째 있는 내가 가장 좋아하는 책 못지않게 내한테 익숙한 책으로 만들겠습니다.","wordCount":118},"emotion":[],"intent":[{"text":"","expression":"","category":"attitude"}],"summary":{"text":"원치 않은 일을 했을 경우 책장을 먼저 보는 게 중요하다고 생각합니다. 그리고 그 일이 어느 위치에 꽂혀있는 책인지 잘 판단해야 되고 또 분석해 보고 제가 세 번째 선반 위에 올려진 책을 더 좋아한다면 그 책을 내한테 익숙한 책으로 만들겠습니다.","wordCount":39}}},"rawDataInfo":{"question":{"fileFormat":"wav","fileSize":611918,"duration":19120,"samplingBit":16,"channelCount":1,"samplingRate":"16kHz","audioPath":"/Mock/04.RND/Male/New/ckmk_q_rnd_m_n_246947.wav"},"answer":{"fileFormat":"wav","fileSize":2883278,"duration":90100,"samplingBit":16,"channelCount":1,"samplingRate":"16kHz","audioPath":"/Mock/04.RND/Male/New/ckmk_a_rnd_m_n_246947.wav"}}}