{"version":"1.0","dataSet":{"info":{"date":"20230116","occupation":"RND","channel":"MOCK","place":"ONLINE","gender":"MALE","ageRange":"35-44","experience":"NEW"},"question":{"raw":{"text":"지원자님께서 그동안 인생에서 겪었던 갈등들 중에서 가장 심각했던 갈등은 무엇인가요 한 가지만 골라서 구체적으로 말씀해 주세요","wordCount":16},"emotion":[],"intent":[]},"answer":{"raw":{"text":"어 저는 어 인생에서 겪었던 갈등 중에 가장 심각한 갈등을 고르자고 한다면 어 심각했던 갈등이 없었던 것 같습니다. 왜냐하면 저는 갈등이 생기면 어 항상 갈등을 바로바로 해소하려고 노력하는 사람이었기 때문입니다. 바로바로 해소해야지만 그 갈등의 골이 깊어지지 않고 않기 때문입니다. 갈등의 골이 깊어지게 되면 어 감 감정 감정이 꼬리에 꼬리를 물고 더 나빠지기 때문에 갈등은 항상 어 빨리 해소하는 게 좋다고 생각합니다.","wordCount":61},"emotion":[],"intent":[{"text":"","expression":"","category":"attitude"}],"summary":{"text":"갈등은 바로 해소하려고 노력하기 때문에 가장 심각했던 갈등은 없었던 것 같습니다. 갈등의 골이 깊어지면 감정 감정도 나빠지기 때문에 빨리 해소하는 게 좋다고 생각합니다.","wordCount":23}}},"rawDataInfo":{"question":{"fileFormat":"wav","fileSize":634958,"duration":19840,"samplingBit":16,"channelCount":1,"samplingRate":"16kHz","audioPath":"/Mock/04.RND/Male/New/ckmk_q_rnd_m_n_294141.wav"},"answer":{"fileFormat":"wav","fileSize":1915598,"duration":59860,"samplingBit":16,"channelCount":1,"samplingRate":"16kHz","audioPath":"/Mock/04.RND/Male/New/ckmk_a_rnd_m_n_294141.wav"}}}