{"version":"1.0","dataSet":{"info":{"date":"20230116","occupation":"RND","channel":"MOCK","place":"ONLINE","gender":"MALE","ageRange":"55-","experience":"NEW"},"question":{"raw":{"text":"연구를 함에 있어 연구 윤리가 상당히 중요하죠 어 연구 윤리를 준수하기 위해 노력했었던 경험에 대해서 예를 들어서 말씀해 주시면 어 감사하겠습니다","wordCount":21},"emotion":[],"intent":[]},"answer":{"raw":{"text":"과거의 국제 그 인증 기구 예를 들어서 씨이나 아이에스오 또 식약처 등과 같은 기관의 인증을 받는 그런 연구를 진행을 한 적이 있습니다. 여기에는 그 인증을 위해서는 연구에 대한 여러 가지 그 실천 강령 프랙티컬이 다 제정이 돼 있어서 거기에 따라서 그 인증 절차를 어 진행한 경험이 있습니다. 그를 위해서는 여러 가지 노력이 필요하고 그 지식 뿐만이 아니고 생산이나 생산 이후에 사후 관리나 판매나 제품에 대한 그 기본적으로 발생하는 그러한 기준 또 제조 기준 그런 등등을 매일 매일 유지를 해야 되는 그러한 그 노력이 필요합니다. 그걸 유지를 하고 그 기록을 남겨서 그 기록으로 결과적으로는 인증을 받는 그런 절차이기 때문에 어 그 과정을 꾸준히 해 본 경험이 있습니다.","wordCount":106},"emotion":[],"intent":[{"text":"","expression":"","category":"attitude"}],"summary":{"text":"과거에는 국제 인증 기구나 식약처와 같은 기관의 인증을 받는 연구를 한 적이 있습니다. 인증을 위해서는 실천 강령 프랙티컬이 제정이 되어있어야 하고, 생산 이후 관리나 판매나 제품의 기준 등을 매일 유지해야 하는 노력이 필요합니다.","wordCount":33}}},"rawDataInfo":{"question":{"fileFormat":"wav","fileSize":654158,"duration":20440,"samplingBit":16,"channelCount":1,"samplingRate":"16kHz","audioPath":"/Mock/04.RND/Male/New/ckmk_q_rnd_m_n_286971.wav"},"answer":{"fileFormat":"wav","fileSize":2905678,"duration":90800,"samplingBit":16,"channelCount":1,"samplingRate":"16kHz","audioPath":"/Mock/04.RND/Male/New/ckmk_a_rnd_m_n_286971.wav"}}}