{"version":"1.0","dataSet":{"info":{"date":"20230116","occupation":"RND","channel":"MOCK","place":"ONLINE","gender":"MALE","ageRange":"-34","experience":"NEW"},"question":{"raw":{"text":"어 직무를 수행하다가 모르는 과제가 등장할 수 있습니다 그럴 때 어떻게 해결하시나요 그리고 어 그렇게 해결하는 해결법도 한 번 말씀해 주시길 바랍니다","wordCount":22},"emotion":[],"intent":[]},"answer":{"raw":{"text":"직무 수행 시에 모르는 과제가 등장한다 는 것은 제가 해당 직무에 대한 능력 혹은 지식이 부족하다는 뜻입니다. 저는 이러한 부분은 반드시 반성하고 저의 부족한 부분을 채워 나가야 되는 그러한 기회로 삼아야 한다고 생각하는데요. 하지만 우선은 이러한 과제를 해결하는 것이 중요하겠죠. 그래서 저는 제가 지금껏 해왔던 다양한 과제를 어떻게 해결했는지를 한 번 돌아볼 것 같습니다. 해당 직무와 정확하게 관련성이 없는 일일지라도 어떠한 조금의 관련성을 찾아서 문제의 실마리가 될 수도 있기 때문입니다. 이렇게 스스로 문제를 해결하기 위한 노력과 또 고민의 시간을 충분히 가진 뒤에도 아직도 문제 해결의 실마리가 풀리지 않는다면 저는 선배들에게 이러한 고민을 털어놓고 조언을 구하도록 하겠습니다. 제가 무작정 잘 모르는 과제가 등장했을 때 바로 직접 가서 질문을 드리는 것보다 이러한 고민의 시간을 갖고 또 문제를 해결하기 위해 노력을 했던 경험이 있다는 것을 말씀드린다면 그 선배들 입장에서도 저를 더 도와주고 싶은 마음이 있을 것이라고 생각합니다. 그래서 저는 우선 제 스스로 문제 해결을 위해 노력해 보고 그럼에도 해결책이 나오지 않는다면 선배들에게 조언을 구하겠습니다.","wordCount":151},"emotion":[],"intent":[{"text":"","expression":"","category":"attitude"}],"summary":{"text":"직무 수행 시에 모르는 과제가 등장한다는 것은 제가 해당 직무에 대한 능력, 지식이 부족하다는 뜻입니다. 하지만 우선은 이러한 과제를 해결하는 것이 중요하므로 지금까지 해왔던 다양한 과제를 어떻게 해결했는지를 한 번 돌아볼 것 같습니다. 스스로 문제를 해결하기 위한 노력과 또 고민의 시간을 충분히 가진 후에도 문제 해결의 실마리가 풀리지 않는다면 선배에게 조언을 구하도록 하겠습니다.","wordCount":53}}},"rawDataInfo":{"question":{"fileFormat":"wav","fileSize":485838,"duration":15180,"samplingBit":16,"channelCount":1,"samplingRate":"16kHz","audioPath":"/Mock/04.RND/Male/New/ckmk_q_rnd_m_n_256495.wav"},"answer":{"fileFormat":"wav","fileSize":3713358,"duration":116040,"samplingBit":16,"channelCount":1,"samplingRate":"16kHz","audioPath":"/Mock/04.RND/Male/New/ckmk_a_rnd_m_n_256495.wav"}}}