{"version":"1.0","dataSet":{"info":{"date":"20230116","occupation":"RND","channel":"MOCK","place":"ONLINE","gender":"MALE","ageRange":"35-44","experience":"NEW"},"question":{"raw":{"text":"업무시 분쟁이 발생할 때를 대비한 본인만의 대처법이 있으십니까","wordCount":8},"emotion":[],"intent":[]},"answer":{"raw":{"text":"어 참을성이 제 대처법이라고 생각합니다. 어 업무를 하면서 음 저도 물론 업무에 대한 욕심은 있지만 어 그 업무 때문에 분쟁이나 음 갈등까지 가게 할 정도의 어 그런 성격은 제가 아니라고 생각합니다. 음 그래서 보통 그런 호전적인 성격을 갖고 계신 분들을 만나면 어 그냥 제가 참고 어 웬만하면 그분의 의견을 어 따르는 편이고 어 그런 게 반복이 되다 보면은 그분이랑 업무를 좀 피하는 어 스타일인 것 같습니다. 음 사실 분쟁이 어쩌다 한 번 정도 있을 수는 있다 라고 생각하지만 그 분쟁이 계속된다 라고 하면 그 분쟁을 일으키는 분에게 어 굉장히 좀 문제가 있다 라고 생각을 해서 음 저는 아마 어 그냥 그 자리에서는 참고 음 그 이후로는 어 솔직히 말하면 같이 업무를 하는 동료로 생각을 안 할 것 같습니다. 네 어 저는 살면서 자꾸 이런 갈등을 조장하고 만들어내고 어 본인 욕심 때문에 음 주변을 힘들게 하는 어 그런 사람들을 좀 굉장히 꺼려하기 때문에 예 어 그런 식으로 저는 해결을 하고 대처를 할 것 같습니다.","wordCount":153},"emotion":[],"intent":[{"text":"","expression":"","category":"attitude"}],"summary":{"text":"업무에 대한 욕심은 있지만 분쟁을 야기할 정도의 성격은 아니라고 생각합니다. 분쟁을 일으키는 분에게 문제가 있다고 생각하여 참을성으로 대처를 할 것 같습니다. 살면서 갈등을 만들고 본인 욕심 때문에 주변을 힘들게 하는 사람들을 굉장히 꺼려하기 때문에 그런 식으로 해결을 하고 대처를 할 것입니다.","wordCount":41}}},"rawDataInfo":{"question":{"fileFormat":"wav","fileSize":241358,"duration":7540,"samplingBit":16,"channelCount":1,"samplingRate":"16kHz","audioPath":"/Mock/04.RND/Male/New/ckmk_q_rnd_m_n_304607.wav"},"answer":{"fileFormat":"wav","fileSize":3793998,"duration":118560,"samplingBit":16,"channelCount":1,"samplingRate":"16kHz","audioPath":"/Mock/04.RND/Male/New/ckmk_a_rnd_m_n_304607.wav"}}}