{"version":"1.0","dataSet":{"info":{"date":"20230116","occupation":"RND","channel":"MOCK","place":"ONLINE","gender":"MALE","ageRange":"-34","experience":"NEW"},"question":{"raw":{"text":"앞으로 오 년 후나 십 년 후에 본인의 모습을 그려 본 적이 있으실까요 어떤 엔지니어가 되어 있을 것 같으신가요","wordCount":19},"emotion":[],"intent":[]},"answer":{"raw":{"text":"저는 회사에 들어와서 오 년 뒤에는 저의 직무 역량을 최대한으로 끌어올려 전보다 더 어려운 일도 맡을 수 있는 사람이 되어 있겠습니다. 또한 그 이후에는 후배 직원들에게도 잘 알려주고 일을 잘 하지만 그 외적으로는 직원들에게 친절한 선배가 되어 있을 것입니다. 저의 이러한 노력으로 후배 직원도 더욱 일을 잘 하게 될 것이며 이는 회사에 큰 도움이 되겠습니다.","wordCount":55},"emotion":[],"intent":[{"text":"저는 회사에 들어와서 오 년 뒤에는 저의 직무 역량을 최대한으로 끌어올려 전보다 더 어려운 일도 맡을 수 있는 사람이 되어 있겠습니다.","expression":"c_sincere_co","category":"etc"}],"summary":{"text":"저는 회사에 들어와서 오 년 뒤에는 직무 역량을 최대한으로 끌어올려 더 어려운 일도 맡을 수 있는 사람이 되고, 그 이후에는 직원들에게 친절한 선배가 되겠습니다.","wordCount":24}}},"rawDataInfo":{"question":{"fileFormat":"wav","fileSize":445838,"duration":13930,"samplingBit":16,"channelCount":1,"samplingRate":"16kHz","audioPath":"/Mock/04.RND/Male/New/ckmk_q_rnd_m_n_257318.wav"},"answer":{"fileFormat":"wav","fileSize":1766478,"duration":55200,"samplingBit":16,"channelCount":1,"samplingRate":"16kHz","audioPath":"/Mock/04.RND/Male/New/ckmk_a_rnd_m_n_257318.wav"}}}