{"version":"1.0","dataSet":{"info":{"date":"20230116","occupation":"RND","channel":"MOCK","place":"ONLINE","gender":"MALE","ageRange":"55-","experience":"NEW"},"question":{"raw":{"text":"직무 지식과 역량 태도 이 세 가지 요소 중에서 제일 중요하게 생각하시는 부분과 그것을 중요하게 생각하시는 이유를 설명해 주세요","wordCount":19},"emotion":[],"intent":[]},"answer":{"raw":{"text":"일을 하는 데 여러 가지 요소가 있지만 여기서 언급된 직무 지식 역량 태도 이 세 가지 중에 가장 중요한 것은 태도라고 자신 있게 말씀드립니다. 왜 그러냐 하면 지식은 노력 여하에 의해서 갈고 닦으면 높아질 수 있습니다. 역량은 지식을 바탕으로 여러 가지 일을 수행하다 보면 더 그 그릇이 커질 수가 있습니다. 하지만 태도는 그 사람의 본성이나 그 사람의 성향에 관련된 부분이기 때문에 태도가 틀렸으면 직무 지식이 올라갈 수도 없고 역량 또한 커질 수도 없다고 생각합니다. 지식이 모자르거나 역량이 부족하더라도 태도가 자기 자신이 꼭 하고 말겠다는 의지와 그것을 성실히 수행할 수 있는 태도가 있으면 반드시 직무 지식도 올릴 수 있고 역량도 키울 수 있는 그러한 요소가 될 수 있다고 생각합니다. 따라서 세 가지 중에 가장 중요한 요소는 태도입니다.","wordCount":116},"emotion":[],"intent":[{"text":"","expression":"","category":"attitude"}],"summary":{"text":"직무 지식 역량 태도 세 가지 중 가장 중요한 것은 태도입니다. 태도는 그 사람의 본성이나 성향에 관련된 부분입니다. 지식이 부족하더라도 태도가 자신이 하고 말겠다는 의지와 그것을 성실히 수행할 수 있는 태도가 있으면 반드시 직무 지식도 올릴 수 있다고 생각합니다.","wordCount":39}}},"rawDataInfo":{"question":{"fileFormat":"wav","fileSize":339598,"duration":10610,"samplingBit":16,"channelCount":1,"samplingRate":"16kHz","audioPath":"/Mock/04.RND/Male/New/ckmk_q_rnd_m_n_324716.wav"},"answer":{"fileFormat":"wav","fileSize":3363278,"duration":105100,"samplingBit":16,"channelCount":1,"samplingRate":"16kHz","audioPath":"/Mock/04.RND/Male/New/ckmk_a_rnd_m_n_324716.wav"}}}