{"version":"1.0","dataSet":{"info":{"date":"20230116","occupation":"RND","channel":"MOCK","place":"ONLINE","gender":"MALE","ageRange":"35-44","experience":"NEW"},"question":{"raw":{"text":"어떤 문제에 부딪쳤을 때 혼자 해결하는 편이신가요 아니면 주변 여러 사람들에게 이야기를 하면서 해결을 하는 편이신지 말씀해 주세요","wordCount":18},"emotion":[],"intent":[]},"answer":{"raw":{"text":"어 어떤 문제가 생겨서 어려움이 있을 때 저는 일단 먼저 스스로에게 질문을 많이 하는 편입니다. 어 내 안에 답이 있는 경우에는 내 안에서 먼저 찾는 게 음 가장 그 문제를 최소화하는 일이라고 생각을 해요. 어떤 경우는 문제를 다른 사람이 이야기 했을 때 그 문제가 더 커지는 것을 경험하기도 하기 때문에 어 내 안에서 해결할 수 있는 것인지 확인을 다 합니다. 그것이 인제 뭐 하루든 이틀이든 또 혹은 한 시간이든 어 내 안에 그것에 대한 해결책이 있고 답이 있는지 내가 좀 노력하고 내가 좀 희생하면 되는 부분인지를 먼저 이야기 생각을 해보고 어 그렇게 해결될 부분 같으면 어 스스로 하는데 그렇지 않은 경우들도 있잖아요. 내 안에 답이 없거나 아니면 혼자 할 수 없는 그런 일일 때에는 당연히 필요한 사람들에게 이야기를 하고 어 특별히 그것에 책임을 가지고 있고 어 또 어 내가 이제 접근하기 용이한 그런 사람들에게 이야기를 하고 구체적으로 이야기를 해서 그 사람들도 음 그 문제를 내가 먼저 고민하고 했었던 것들에 대한 결과도 같이 이야기를 함으로써 어 내가 처음 그 문제를 부딪쳤을 때 느꼈던 당황함과 당혹감을 최대한 줄여서 하지만 상대방에게 어 내가 원하는 것이 무엇인지 구체적으로 먼저 고민하는 입장으로서 이야기를 해주고 전달을 해주면 상대방의 그런 도움도 쉽게 얻어서 함께 그 문제를 해결할 수 있을 거라고 생각을 합니다. 그래서 먼저는 혼자 해결을 하고 안 됐을 때는 여러 사람들에게 어 이야기를 하는 편인 것 같습니다. 그런데 이제 혼자 해결하는 경우들이 꽤 있었던 것 같아요.","wordCount":220},"emotion":[],"intent":[{"text":"","expression":"","category":"attitude"}],"summary":{"text":"어떤 문제가 생겨서 어려움이 있을 때 저는 먼저 스스로에게 질문을 많이 하는 편인데, 내 안에 답이 있는 경우에는 내 안에서 먼저 해결할 수 있는 것인지 확인을 하고, 그렇지 않은 경우에는 필요한 사람들에게 이야기를 하고, 그 사람들도 그 문제를 먼저 고민하고 했었던 것들에 대한 결과도 함께 이야기를 함으로써, 당황함과 당혹감을 최대한 줄여서, 먼저 고민하는 입장으로서 이야기를 해주고 전달을 하면 도움을 쉽게 얻어서 함께 문제를 해결할 수 있을 거라고 생각합니다.","wordCount":68}}},"rawDataInfo":{"question":{"fileFormat":"wav","fileSize":600398,"duration":18760,"samplingBit":16,"channelCount":1,"samplingRate":"16kHz","audioPath":"/Mock/04.RND/Male/New/ckmk_q_rnd_m_n_296074.wav"},"answer":{"fileFormat":"wav","fileSize":3475598,"duration":108610,"samplingBit":16,"channelCount":1,"samplingRate":"16kHz","audioPath":"/Mock/04.RND/Male/New/ckmk_a_rnd_m_n_296074.wav"}}}