{"version":"1.0","dataSet":{"info":{"date":"20230116","occupation":"RND","channel":"MOCK","place":"ONLINE","gender":"MALE","ageRange":"35-44","experience":"NEW"},"question":{"raw":{"text":"본인이 살면서 가장 힘들었던 점은 무엇입니까 또 그 점을 극복하기 위해 어떤 노력을 해 왔는지 말씀해 주세요","wordCount":17},"emotion":[],"intent":[]},"answer":{"raw":{"text":"살면서 가장 힘들었던 점은 어 약 십 년 전 제가 돌발성 난청으로 한쪽 시 한쪽 청력을 잃었을 때입니다. 그래서 음 아주 큰 스트레스를 받았는데 그럼에도 불구하고 저는 성격이 스트레스를 빨리 잊는 편이라 어 금방 제 문제를 극복할 수 있었습니다. 어 다른 외력에 의해서 극복이 된 것이 아니라 시간에 의해서 서서히 극복되었던 것 같습니다.","wordCount":53},"emotion":[{"text":"살면서 가장 힘들었던 점은 어 약 십 년 전 제가 돌발성 난청으로 한쪽 시 한쪽 청력을 잃었을 때입니다.","expression":"n-distress","category":"negative"}],"intent":[{"text":"","expression":"","category":"attitude"}],"summary":{"text":"십 년 전 돌발성 난청으로 한쪽 청력을 잃었을 때 스트레스를 많이 받았는데 빨리 잊는 편이라 빨리 극복했습니다. 외력보단 시간에 의해 극복한 것 같습니다.","wordCount":23}}},"rawDataInfo":{"question":{"fileFormat":"wav","fileSize":389198,"duration":12160,"samplingBit":16,"channelCount":1,"samplingRate":"16kHz","audioPath":"/Mock/04.RND/Male/New/ckmk_q_rnd_m_n_282624.wav"},"answer":{"fileFormat":"wav","fileSize":1506958,"duration":47090,"samplingBit":16,"channelCount":1,"samplingRate":"16kHz","audioPath":"/Mock/04.RND/Male/New/ckmk_a_rnd_m_n_282624.wav"}}}