{"version":"1.0","dataSet":{"info":{"date":"20230116","occupation":"RND","channel":"MOCK","place":"ONLINE","gender":"MALE","ageRange":"-34","experience":"NEW"},"question":{"raw":{"text":"만약에 이 면접에서 본인이 최종 탈락하신다면 어떤 부분이 부족해서 본인이 탈락했다고 생각을 하실 건지 말씀해 주시기 바랍니다","wordCount":17},"emotion":[],"intent":[]},"answer":{"raw":{"text":"어 먼저 면접이 끝나기 전에 탈락하는 것을 생각하는 것은 정말 어려운 일입니다. 정확히는 알 수 없지만 저의 추측을 해 본다면 저의 면접에 대한 경험에 부족일 것 같습니다. 신입을 뽑는 자리에서 사실상 직무의 경험이 없는 사람이 많을 것이고 그 다음으로는 면접자의 태도나 발표 설득 능력은 직무 능력 다음으로 입사를 위한 중요한 역량입니다. 앞으로 지금 면접에서 떨어진다면 이러한 면접 경험을 바탕으로 더욱 나은 설득자가 되어서 다시 한 번 지원해 보겠습니다.","wordCount":68},"emotion":[],"intent":[{"text":"","expression":"","category":"attitude"}],"summary":{"text":"면접이 끝나면 탈락하는 것은 경험에 부족일 것 같습니다. 면접자의 태도나 발표 설득 능력은 입사를 위한 중요한 역량입니다. 면접에서 떨어진다면 더 나은 설득자가 되겠습니다.","wordCount":23}}},"rawDataInfo":{"question":{"fileFormat":"wav","fileSize":339598,"duration":10610,"samplingBit":16,"channelCount":1,"samplingRate":"16kHz","audioPath":"/Mock/04.RND/Male/New/ckmk_q_rnd_m_n_257313.wav"},"answer":{"fileFormat":"wav","fileSize":1973838,"duration":61680,"samplingBit":16,"channelCount":1,"samplingRate":"16kHz","audioPath":"/Mock/04.RND/Male/New/ckmk_a_rnd_m_n_257313.wav"}}}