{"version":"1.0","dataSet":{"info":{"date":"20230116","occupation":"RND","channel":"MOCK","place":"ONLINE","gender":"MALE","ageRange":"35-44","experience":"NEW"},"question":{"raw":{"text":"업무시에 분쟁이 발생할 때를 대비한 지원자님만의 대처법이나 노하우가 있으신가요 있다면 구체적으로 설명해 주실 수 있을까요","wordCount":15},"emotion":[],"intent":[]},"answer":{"raw":{"text":"업무시 분쟁이 발생한다고 하면 어 저는 제 상사에게 보고하고 어 상사가 해결해 줘야 된다고 생각합니다. 만약 제가 최종 결정자이라면 제가 해결해야 될 문제라고 생각합니다. 어 업무 분쟁이 발생했을 때는 당사자끼리 어 해결을 하는 것보다 그 위에 상사끼리 해결하는 것이 훨씬 더 좋은 방법이고 더 안전한 방법이라고 생각합니다. 그래서 분쟁이 발생하면 차상위자에게 보고하고 어 그 체계에 따라서 해결해 나가는 것이 가장 좋은 방법이라고 생각합니다.","wordCount":63},"emotion":[],"intent":[{"text":"","expression":"","category":"attitude"}],"summary":{"text":"업무시 분쟁이 발생하면 제 상사에게 보고하고 상사가 해결해 줘야 합니다. 분쟁 발생 시 당사자끼리 해결하는 것보다 상사끼리 해결하는 것이 더 좋은 방법이고 더 안전한 방법입니다.","wordCount":25}}},"rawDataInfo":{"question":{"fileFormat":"wav","fileSize":602318,"duration":18820,"samplingBit":16,"channelCount":1,"samplingRate":"16kHz","audioPath":"/Mock/04.RND/Male/New/ckmk_q_rnd_m_n_282630.wav"},"answer":{"fileFormat":"wav","fileSize":1847758,"duration":57740,"samplingBit":16,"channelCount":1,"samplingRate":"16kHz","audioPath":"/Mock/04.RND/Male/New/ckmk_a_rnd_m_n_282630.wav"}}}