{"version":"1.0","dataSet":{"info":{"date":"20230116","occupation":"RND","channel":"MOCK","place":"ONLINE","gender":"MALE","ageRange":"55-","experience":"NEW"},"question":{"raw":{"text":"열역학 영에서 삼 법칙에 관해서 설명해주세요","wordCount":6},"emotion":[],"intent":[]},"answer":{"raw":{"text":"에 열역학 일 이 삼 법칙 그리고 어 영법칙 제가 들은 바로는 열역학 영 법칙은 열역학 일 법칙 이 법칙 삼 법칙이 생겨난 뒤에 후에 인정받은 법칙이라고 그렇게 알고 있습니다. 어 어 이 열역학 영법칙은 열역학적 평형 상태를 이야기하는데요. 어떤 게 물체 에이 와 비가 열적으로 평형 상태에 있고 비와 씨가 열적 평행 상태에 있다면 에이와 씨도 열 평형 상태에 있다라는 그런 이론입니다. 어 그리고 열역학 일 법칙은 에너지 보존의 법칙이라고 우리가 너무 잘 알고 있는데 하 그런데 음 이 에너지 보존의 법칙은 고립계의 에너지 총합은 일정하다. 어 그런 말로 어 정의 될 수가 있습니다. 그리고 열역학 제 이 법칙은 엔터로피의 법칙 음 고립계 엔트로피는 감소하지 않는다. 그런 이론이구요. 그리고 열역학 제 삼 법칙이 어 뭐냐 그러면 이것도 저 상당히 인제 고난도의 어떤 그런 법칙인데 네른스트 프랭 프랭크 정리라고 이렇게 어 들었습니다. 절대 온도에서 엔터로피 은 삼수화 된다.","wordCount":138},"emotion":[{"text":"에 열역학 일 이 삼 법칙 그리고 어 영법칙 제가 들은 바로는 열역학 영 법칙은 열역학 일 법칙 이 법칙 삼 법칙이 생겨난 뒤에 후에 인정받은 법칙이라고 그렇게 알고 있습니다.","expression":"u-fact","category":"neutral"},{"text":"어 어 이 열역학 영법칙은 열역학적 평형 상태를 이야기하는데요.","expression":"u-fact","category":"neutral"}],"intent":[{"text":"","expression":"","category":"attitude"}],"summary":{"text":"열역학 일 법칙은 에너지 보존의 법칙이고, 열역학 제 이 법칙은 엔트로피의 법칙, 고립계 엔트로피는 감소하지 않는다는 이론이며, 열공학 제 삼 법칙은 절대 온도에서 Entero피는 삼수화 된다는 이론입니다.","wordCount":27}}},"rawDataInfo":{"question":{"fileFormat":"wav","fileSize":251918,"duration":7870,"samplingBit":16,"channelCount":1,"samplingRate":"16kHz","audioPath":"/Mock/04.RND/Male/New/ckmk_q_rnd_m_n_247325.wav"},"answer":{"fileFormat":"wav","fileSize":3742798,"duration":116960,"samplingBit":16,"channelCount":1,"samplingRate":"16kHz","audioPath":"/Mock/04.RND/Male/New/ckmk_a_rnd_m_n_247325.wav"}}}