{"version":"1.0","dataSet":{"info":{"date":"20230116","occupation":"RND","channel":"MOCK","place":"ONLINE","gender":"MALE","ageRange":"-34","experience":"NEW"},"question":{"raw":{"text":"이제까지 살면서 가장 후회되는 일이 있었다면 그것은 어떤 일이었는지 한 가지를 골라서 말씀해 주세요","wordCount":14},"emotion":[],"intent":[]},"answer":{"raw":{"text":"제가 지금까지 인생을 살면서 가장 후회하는 일은 바로 제 이 외국어를 등한시했다는 점입니다. 저는 학교를 다니면서 중국어와 스페인어를 배울 수 있는 기회가 있었는데요. 먼저 스페인어를 접할 기회가 있었을 때 저는 스페인어보다는 영어에 집중하고 있는 상황이었습니다. 그래서 학교 시험 결과에 들어가지 않는 스페인어에는 크게 관심을 가지지 않았는데요. 그때 만약에 제가 스페인어를 열심히 공부했다면 지금쯤 제가 스페인 관련된 업무에서 큰 성과를 낼 수 있었을 것 같다는 생각이 듭니다. 또한 제가 스페인의 여행에 가 여행을 갔을 때도 스페인어를 배워두었다면 더 즐겁게 스페인을 즐길 수 있었을 텐데 제가 그러지 못했기 때문에 아쉬움이 남습니다. 두 번째는 중국업니다. 저는 학교에서 중국어를 또 배우게 되었는데요. 어렸을 때부터 한자를 싫어했던 저는 중국어에 대한 거부감도 역시 느끼고 있었습니다. 중국어 역시 학교의 성적에 들어가지 않았기 때문에 저는 중국어를 그다지 열심히 하지 않았는데요. 하지만 이 직종 준비를 하면서 보니 중국과 업무를 함께 할 일들이 굉장히 많았고 그때 제가 중국어를 할 수 있다면 저에게 더 많은 기회와 더 많은 역량이 어 생겼을 것이라고 생각합니다. 그래서 저는 제가 배울 수 있을 때 제대로 배우지 않았던 이 제 이 외국어를 등한시한 것이 아쉽습니다.","wordCount":169},"emotion":[{"text":"또한 제가 스페인의 여행에 가 여행을 갔을 때도 스페인어를 배워두었다면 더 즐겁게 스페인을 즐길 수 있었을 텐데 제가 그러지 못했기 때문에 아쉬움이 남습니다.","expression":"n-distress","category":"negative"},{"text":"그래서 저는 제가 배울 수 있을 때 제대로 배우지 않았던 이 제 이 외국어를 등한시한 것이 아쉽습니다.","expression":"n-distress","category":"negative"}],"intent":[{"text":"","expression":"","category":"attitude"}],"summary":{"text":"저는 인생에서 가장 후회하는 것은 바로 제 이 외국어를 등한시했다는 점입니다. 스페인어를 접할 기회가 있었을 땐 영어에 집중하느라 스페인어에 관심을 두지 않았습니다. 두 번째는 중국어를 배울 수 있을 때 제대로 배우지 않았던 것입니다. 한자를 싫어했던 저는 중국어에 대한 거부감 역시 가지고 있었습니다. 하지만 이 직종을 준비하면서 중국과 함께할 일이 많아서 중국어를 할 수 있다면 더 많은 기회와 역량이 생겼을 것입니다.","wordCount":60}}},"rawDataInfo":{"question":{"fileFormat":"wav","fileSize":293198,"duration":9160,"samplingBit":16,"channelCount":1,"samplingRate":"16kHz","audioPath":"/Mock/04.RND/Male/New/ckmk_q_rnd_m_n_279719.wav"},"answer":{"fileFormat":"wav","fileSize":3792398,"duration":118510,"samplingBit":16,"channelCount":1,"samplingRate":"16kHz","audioPath":"/Mock/04.RND/Male/New/ckmk_a_rnd_m_n_279719.wav"}}}