{"version":"1.0","dataSet":{"info":{"date":"20230116","occupation":"RND","channel":"MOCK","place":"ONLINE","gender":"MALE","ageRange":"35-44","experience":"NEW"},"question":{"raw":{"text":"지원자께서 우리 회사의 입사 후에 앞으로 더 연구나 개발하고 싶은 분야가 있으시다면 그것에 대해서 자세히 말씀해 주시겠습니까","wordCount":17},"emotion":[],"intent":[]},"answer":{"raw":{"text":"어 저는 어 귀사에 들어가 더 연구 개발하고 싶은 분야는 전기적으로 제어되는 어 압력 밸브를 만드는 것입니다. 현재는 유압 장치에 어 기계적인 어 압력 장치를 두는 것이 일반적입니다. 하지만 어 유압 장치 또한 환경적인 이유 때문에 점차적으로 하이브리드로 변화되고 그리고 어 전기적 장치로 변환될 것입니다. 어 그때를 대비하여 어 전기적으로 제어할 수 있는 밸브를 개발하는 것이 아주 유망한 것이라고 생각합니다.","wordCount":60},"emotion":[],"intent":[{"text":"","expression":"","category":"attitude"}],"summary":{"text":"유압 장치는 점차 전기적 장치로 변환될 것입니다. 그때를 대비하여 전기적으로 제어할 수 있는 밸브를 개발하는 것이 아주 유망할 것입니다.","wordCount":19}}},"rawDataInfo":{"question":{"fileFormat":"wav","fileSize":441358,"duration":13790,"samplingBit":16,"channelCount":1,"samplingRate":"16kHz","audioPath":"/Mock/04.RND/Male/New/ckmk_q_rnd_m_n_287140.wav"},"answer":{"fileFormat":"wav","fileSize":2116558,"duration":66140,"samplingBit":16,"channelCount":1,"samplingRate":"16kHz","audioPath":"/Mock/04.RND/Male/New/ckmk_a_rnd_m_n_287140.wav"}}}