{"version":"1.0","dataSet":{"info":{"date":"20230116","occupation":"RND","channel":"MOCK","place":"ONLINE","gender":"MALE","ageRange":"55-","experience":"NEW"},"question":{"raw":{"text":"최근에 시청한 뉴스들 가운데 가장 인상 깊었던 뉴스는 무엇입니까 무엇인지와 이유도 함께 말씀해 주세요","wordCount":14},"emotion":[],"intent":[]},"answer":{"raw":{"text":"최근 본 뉴스 중 가장 인상 깊었던 뉴스는 이태원에서 일어난 행사 참사 관련 뉴스입니다. 아직 명확한 규정이 되지 않아 왜 이런 일이 발생하는지는 알 수 없으나 수많은 젊은이들이 목숨을 잃었습니다. 이 부분은 안타까운 일로 다시 일어나서는 안 될 일이라고 생각합니다. 많은 인명이 한꺼번에 목숨을 잃었다면 반드시 조사를 통해 앞으로 이런 일이 발생하지 않도록 예방에 철저를 기해야 한다고 생각합니다.","wordCount":58},"emotion":[{"text":"많은 인명이 한꺼번에 목숨을 잃었다면 반드시 조사를 통해 앞으로 이런 일이 발생하지 않도록 예방에 철저를 기해야 한다고 생각합니다.","expression":"u-belief","category":"neutral"}],"intent":[{"text":"많은 인명이 한꺼번에 목숨을 잃었다면 반드시 조사를 통해 앞으로 이런 일이 발생하지 않도록 예방에 철저를 기해야 한다고 생각합니다.","expression":"c_value","category":"background"}],"summary":{"text":"이태원에서 일어난 행사 참사로 수많은 젊은이들이 목숨을 잃었습니다. 반드시 조사를 통해 앞으로 이런 일이 발생하지 않도록 예방에 철저를 기해야 합니다.","wordCount":20}}},"rawDataInfo":{"question":{"fileFormat":"wav","fileSize":326478,"duration":10200,"samplingBit":16,"channelCount":1,"samplingRate":"16kHz","audioPath":"/Mock/04.RND/Male/New/ckmk_q_rnd_m_n_335808.wav"},"answer":{"fileFormat":"wav","fileSize":2207118,"duration":68970,"samplingBit":16,"channelCount":1,"samplingRate":"16kHz","audioPath":"/Mock/04.RND/Male/New/ckmk_a_rnd_m_n_335808.wav"}}}