{"version":"1.0","dataSet":{"info":{"date":"20230116","occupation":"RND","channel":"MOCK","place":"ONLINE","gender":"MALE","ageRange":"35-44","experience":"NEW"},"question":{"raw":{"text":"일을 하면서 어떤 것이 가장 어려울 것이라고 예상되세요 그리고 그것은 어떻게 대처하실 건가요","wordCount":13},"emotion":[],"intent":[]},"answer":{"raw":{"text":"어 일을 하면서는 제가 아 사실 개인적으로 좀 그 저보다 어른인 분들께 좀 불편해 하는 그런 어 포비아 비슷한 것들이 있어서 음 상사나 어 제 바로 윗 상사보다 더 직함이 높은 어 그런 임원분들 상사 분들을 대할 때 쪼금 많이 긴장을 할 것 같아서 그게 가장 좀 어려울 것 같고 그런 상황들이 좀 난감할 것 같습니다. 어 언제부터 그렇게 됐는지는 모르겠는데 뭐 아마 학창 시절 정도 때부터 그랬던 것 같은데 어 너무 긴장을 좀 하다 보니까 음 괜히 좀 안 좋게 보일 때도 있고 오해를 살 때도 있어서 어 좀 그 부분을 좀 풀려고 어 좀 노력을 어 많이 하고 있고 앞으로도 계속 어 지속적으로 좀 노력을 해야 된다 라고 생각합니다. 어 그 부분에 대해서는 어 대처할 방법이 제가 노력하는 것 말고는 딱히 없는 것 같습니다. 어 그분들이 저를 진짜 불편하게 할려고 해서 불편한 게 아니라 어 제가 개인적으로 좀 긴장을 많이 해서 그런 거기 때문에 어 자주 뵙고 자주 인사드리고 어 자주 같이 소통하면서 음 제가 고쳐 나가야 될 부분이라고 생각합니다.","wordCount":162},"emotion":[{"text":"어 언제부터 그렇게 됐는지는 모르겠는데 뭐 아마 학창 시절 정도 때부터 그랬던 것 같은데 어 너무 긴장을 좀 하다","expression":"n-anxiety","category":"negative"}],"intent":[{"text":"","expression":"","category":"attitude"}],"summary":{"text":"일을 하면서는 제가 저보다 어른인 분들께 불편해 하는 포비아 비슷한 것들이 있어서 상사나 윗 상사보다 더 직함이 높은 임원분들 상사 분들을 대할 때 긴장을 할 것 같아 제가 좀 난감할 것 같습니다. 그 부분에 대해서는 제가 노력을 해야 될 것 같으며 자주 뵙고 소통하면서 제가 고치고 나가야 될 부분이라고 생각합니다.","wordCount":50}}},"rawDataInfo":{"question":{"fileFormat":"wav","fileSize":263438,"duration":8230,"samplingBit":16,"channelCount":1,"samplingRate":"16kHz","audioPath":"/Mock/04.RND/Male/New/ckmk_q_rnd_m_n_257227.wav"},"answer":{"fileFormat":"wav","fileSize":3300558,"duration":103140,"samplingBit":16,"channelCount":1,"samplingRate":"16kHz","audioPath":"/Mock/04.RND/Male/New/ckmk_a_rnd_m_n_257227.wav"}}}