{"version":"1.0","dataSet":{"info":{"date":"20230116","occupation":"RND","channel":"MOCK","place":"ONLINE","gender":"MALE","ageRange":"55-","experience":"NEW"},"question":{"raw":{"text":"아마 지원자님이 살아오면서 다양한 커뮤니케이션을 경험해 봤을 텐데 그중에 가장 어려웠던 경험을 한 가지만 꼽자면 무엇입니까 그 경험을 알려주세요","wordCount":19},"emotion":[],"intent":[]},"answer":{"raw":{"text":"제가 재작년까지 약 한 삼 년을 사천에 있는 어 자그마한 개인주택 개인 목조주택 회사를 어 경험해 봤는데 어 저는 이제 팀장으로서 그 그 목조 주택 회사에 직원으로 이렇게 경험한 것이 아니라 직업 직원이 아닌 외부인원 어 제가 팀을 꾸려서 그 회사의 일을 어 했던 그런 팀장으로서의 그런 이제 경험을 해봤는데 쪼금은 아까 처음에는 일 년은 아주 좋았어요. 어 관계가 좋았고 제가 열심히 하니까. 그리고 그 다음 뭐 지금도 그렇지만 거의 쉬는 시간 없이 가능하면은 계속 일을 했나 했고 우리 팀원들도 역시 그랬고 그래서 그냥 쉬지 않고 일하는 팀이라고 그렇게 다들 알고 있더라구요. 그리고 또 인제 어 제가 그 어 정신적인 어려움은 어려움에 그 병원에 인제 그 어 진료를 받아서 어 노래가 어 저한테 상당히 인제 좋은 영향을 줘서 현장에서 인제 부르투스 카 스피커를 틀고 노래도 인제 듣고 그렇게 하는 그런 이제 현장이었는데 첫 때는 좋았고 둘째도 갈 때 어 저 그 구례 월등에 지었던 그 집에 건축 주가 나 끝나고 난 뒤에 이 업자가 갔을 때 지금까지 아 너무 고맙고 너무 감사하다고 너무 집을 잘 지어주어서 주셔서 그런 이야기를 들었다고 업자가 그 사무실에 와서 아주 칭찬을 하더라구요. 그래서 이 아주 좋았던 그런 경험이 있습니다.","wordCount":184},"emotion":[{"text":"그리고 또 인제 어 제가 그 어 정신적인 어려움은 어려움에 그 병원에 인제 그 어 진료를 받아서 어 노래가 어 저한테 상당히 인제 좋은 영향을 줘서 현장에서 인제 부르투스 카 스피커를 틀고 노래도 인제 듣고 그렇게 하는 그런 이제 현장이었는데 첫 때는 좋았고 둘째도 갈 때 어 저 그 구례 월등에 지었던 그 집에 건축 주가 나 끝나고 난 뒤에 이 업자가 갔을 때 지금까지 아 너무 고맙고 너무 감사하다고 너무 집을 잘 지어주어서 주셔서 그런 이야기를 들었다고 업자가 그 사무실에 와서 아주 칭찬을 하더라구요.","expression":"p-achievement","category":"positive"}],"intent":[{"text":"","expression":"","category":"attitude"}],"summary":{"text":"사천에 있는 개인주택 개인 목조주택 회사의 팀장으로서 경험을 해 봤습니다. 처음에는 일 년은 아주 좋았고, 관계가 좋았습니다. 그리고 쉬는 시간 없이 계속 일을 했습니다. 정신적 어려움은 병원에 진료를 받아서 노래도 듣고 그 현장이었는데, 첫 때는 좋았고 둘째도 갈 때 이 업자가 갔을 때 아주 칭찬을 하였습니다.","wordCount":46}}},"rawDataInfo":{"question":{"fileFormat":"wav","fileSize":610958,"duration":19090,"samplingBit":16,"channelCount":1,"samplingRate":"16kHz","audioPath":"/Mock/04.RND/Male/New/ckmk_q_rnd_m_n_247569.wav"},"answer":{"fileFormat":"wav","fileSize":3725518,"duration":116420,"samplingBit":16,"channelCount":1,"samplingRate":"16kHz","audioPath":"/Mock/04.RND/Male/New/ckmk_a_rnd_m_n_247569.wav"}}}