{"version":"1.0","dataSet":{"info":{"date":"20230116","occupation":"RND","channel":"MOCK","place":"ONLINE","gender":"MALE","ageRange":"55-","experience":"NEW"},"question":{"raw":{"text":"커뮤니케이션을 잘 할 수 있는 본인만의 스킬이 있으신가요 한번 소개해 주시고 가능하다면 보여주셔도 좋을 것 같습니다","wordCount":16},"emotion":[],"intent":[]},"answer":{"raw":{"text":"어 커뮤니케이션을 잘하는 편은 아닌데 그 커뮤니케이션을 잘 할 수 있는 어 나만의 어떤 스킬이 있다면은 어 일단 상대방의 이야기를 어 인내심 있게 들어주는 것. 그게 첫 번째 그 어 조건이고 두 번째는 상대방이 말하는 중간에 말을 자른다든지 아니면 어 어 내가 내 주장을 하기 위해서 치고 들어가는 그런 부분는 어 없습니다. 그래서 이게 그 커뮤니케이션을 잘 할 수 있는 그런 스킬이라고 생각이 됩니다. 그리고 상대방이 어 말을 들어보면 굉장히 옳은 이야기들이 많이 있고 그 중에 내가 어 긍정적으로 생각하는 부분은 또 아 이 부분은 참 좋은 생각이고 좋은 아이디어라고 또 어 칭찬도 하면서 그리고 또 내가 이야기할 때 그 칭찬을 하는 그 가운데 내가 주장할 수 있는 부분을 살짝 덧칠해 주면은 대화에 크게 무리가 없을 것으로 생각됩니다.","wordCount":118},"emotion":[],"intent":[{"text":"","expression":"","category":"attitude"}],"summary":{"text":"커뮤니케이션을 잘 할 수 있는 나만의 스킬이 있다면, 상대방의 이야기를 인내심 있게 들어주는 것입니다. 그리고 긍정적인 생각과 좋은 아이디어를 칭찬하면서, 그 중에 제가 주장할 수 있는 부분을 살짝 덧칠해 주면은 대화에 무리가 없을 것입니다.","wordCount":34}}},"rawDataInfo":{"question":{"fileFormat":"wav","fileSize":609358,"duration":19040,"samplingBit":16,"channelCount":1,"samplingRate":"16kHz","audioPath":"/Mock/04.RND/Male/New/ckmk_q_rnd_m_n_246944.wav"},"answer":{"fileFormat":"wav","fileSize":2910798,"duration":90960,"samplingBit":16,"channelCount":1,"samplingRate":"16kHz","audioPath":"/Mock/04.RND/Male/New/ckmk_a_rnd_m_n_246944.wav"}}}