{"version":"1.0","dataSet":{"info":{"date":"20230116","occupation":"RND","channel":"MOCK","place":"ONLINE","gender":"MALE","ageRange":"45-54","experience":"NEW"},"question":{"raw":{"text":"최근에 본 뉴스들 가운데서 제일 인상 깊었던 뉴스가 무엇이었는지 그것이 인상 깊었던 이유와 함께 얘기해 주세요","wordCount":16},"emotion":[],"intent":[]},"answer":{"raw":{"text":"예. 최근에 본 뉴스들 가운데 가장 인상 깊었던 뉴스 중에 하나를 꼽아 어 말씀을 드리겠습니다. 지금 어 러시아와 우크라이나가 어 약 한 팔 개월 구 개월 정도 어 이상 계속 전쟁을 치르고 있습니다. 음 오랜기간 음 평화가 유지되어 왔던 음 인류 역사에서 어 이렇게 어 고도로 발달되어 있는 현대 사회에서도 국가 간에 전쟁이 일어날 수 있다는 것에 대해서 어 좀 충격을 받았습니다. 분단 국가인 우리나라도 어 그런 면에서 상당히 조심이 되고 경계가 되는 부분이 있습니다. 러시아와 우크라이나의 전쟁에 어 여러 가지 직 간접적으로 어 미국과 서방 국가에서 원조를 하고 있는 것으로 알고 있습니다. 어 특히나 미국은 어 전쟁 물자를 많이 지원하고 있지 않을까 하는 생각을 합니다. 그러다 보면 음 우리 나라 쪽 극동 지역에서도 어 미국이 어 똑같은 힘의 균형 가지고 어 어 군사 어 부분에서 유지할 수 있는지에 대한 의문과 걱정이 됩니다. 이상입니다.","wordCount":134},"emotion":[],"intent":[{"text":"","expression":"","category":"attitude"}],"summary":{"text":"러시아와 우크라이나가 전쟁을 치르고 있는데, 현대 사회에서도 국가 간 전쟁이 일어날 수 있다는 것에 충격을 받았습니다. 러시아와 우크라이나의 전쟁에 직간접적으로 미국과 서방 국가에서 원조를 하고 있는데, 우리 나라 쪽 극동 지역도 미국이 똑같은 힘의 균형으로 유지할 수 있는지 의문입니다.","wordCount":39}}},"rawDataInfo":{"question":{"fileFormat":"wav","fileSize":286798,"duration":8960,"samplingBit":16,"channelCount":1,"samplingRate":"16kHz","audioPath":"/Mock/04.RND/Male/New/ckmk_q_rnd_m_n_347716.wav"},"answer":{"fileFormat":"wav","fileSize":3729358,"duration":116540,"samplingBit":16,"channelCount":1,"samplingRate":"16kHz","audioPath":"/Mock/04.RND/Male/New/ckmk_a_rnd_m_n_347716.wav"}}}