{"version":"1.0","dataSet":{"info":{"date":"20230116","occupation":"RND","channel":"MOCK","place":"ONLINE","gender":"MALE","ageRange":"35-44","experience":"NEW"},"question":{"raw":{"text":"스트레스를 받으면 어떻게 하시는지 궁금합니다 그리고 왜 그런 방법으로 스트레스를 해소하는지도 말씀해 주시겠어요","wordCount":13},"emotion":[],"intent":[]},"answer":{"raw":{"text":"어 요즘은 스트레스를 받으면 어 혼자서 그 개인용 연습실을 빌려서 어 드럼 연주를 하면서 스트레스를 해소하곤 합니다. 어 제가 원래 어릴 때부터 락 음악을 좋아했는데 어 좀 그 락 음악의 빠른 비트들과 이런 강력한 소리들을 들으면 좀 어 약간 스트레스가 풀리고 좀 좀 텐션이 올라가고 이렇게 그런 경향이 있어서 음악을 많이 듣기만 했었는데요. 어 어느 순간은 드럼을 배우고 싶다 라는 생각이 들어서 음 드럼을 배우고 나니 어 그게 섞여 있는 것 같더라고요. 무언가 이렇게 물리적으로 뭘 내리치면서 어 스트레스가 풀리는 것과 동시에 또 제가 좋아하고 즐겨 듣던 그런 비트들을 제가 연주하고 음 이렇게 따라 하면서 음악적으로도 어 뭔가 제가 좋아했던 아티스트들이나 그 노래들과 가까워진 한 발 더 어 친해진 그런 느낌이 들면서 어 물리적인 거나 신체적인 거나 어 정신적인 거 감정적인 게 좀 다 같이 해소가 되다 보니까 어 제가 지금까지 했던 스트레스 푸는 방법 중에 가장 좋은 방법인 것 같고 앞으로도 더 열심히 좀 연습하고 음 스트레스 받을 때마다 연주를 하면서 어 좀 더 나은 실력을 갖고 싶다 라는 어 욕심까지 생기는 그런 방법입니다.","wordCount":165},"emotion":[],"intent":[{"text":"","expression":"","category":"attitude"}],"summary":{"text":"요즘 스트레스 받으면 혼자 개인 연습실을 빌려서 드럼 연주를 하며 스트레스를 해소하곤 합니다. 음악을 들으며 스트레스가 풀렸는데, 드럼을 배우고 싶다 라는 생각이 들어서 드럼을 배우면서 스트레스가 해소되고, 아티스트들과 가까워지면서 물리적, 신체적, 정신적, 감정적인 게 다 같이 해소가 되다 보니 지금까지 했던 스트레스 풀 방법 중 가장 좋은 방법이라고 생각합니다.","wordCount":49}}},"rawDataInfo":{"question":{"fileFormat":"wav","fileSize":302158,"duration":9440,"samplingBit":16,"channelCount":1,"samplingRate":"16kHz","audioPath":"/Mock/04.RND/Male/New/ckmk_q_rnd_m_n_257229.wav"},"answer":{"fileFormat":"wav","fileSize":3764558,"duration":117640,"samplingBit":16,"channelCount":1,"samplingRate":"16kHz","audioPath":"/Mock/04.RND/Male/New/ckmk_a_rnd_m_n_257229.wav"}}}