{"version":"1.0","dataSet":{"info":{"date":"20230116","occupation":"RND","channel":"MOCK","place":"ONLINE","gender":"MALE","ageRange":"55-","experience":"NEW"},"question":{"raw":{"text":"이제까지 살면서 제일 후회되는 일이 있었다면 어떤 일이었나요 한 가지만 골라서 말씀해 주시겠어요","wordCount":13},"emotion":[],"intent":[]},"answer":{"raw":{"text":"어 인생을 살아오면서 제가 현재 오십 대 후반인데요. 여러 부분에서 어 반성의 시간을 많이 가졌습니다. 그 첫 번째로는 이 육아에 대한 부분을 한 번 이 시간을 빌어서 이야기하고 싶은데요. 결혼하고 나서 과연 내가 아빠로서의 역할을 제대로 하였을까 라는 반성을 하게 됩니다. 왜냐하면 어 저희 때는 이십 대 후반에 에 혹은 삼십 대 초반에 결혼을 많이 하였는데요. 아이가 태어나고 아이와 같이 이렇게 같이 있는 시간이 사실 좀 별로 부족했어요. 잘 아시겠지만 새벽에 출근하고 저녁 늦게 퇴근하고 이러한 과정 속에서 살아왔거든요. 그러다 보니까 주말을 이용해서는 또 나의 어떤 휴식이 필요했고 이러한 부분들이 되다 보니까 결국 아이들하고 같이 놀아주는 같이 이렇게 라포를 형성하는 시간이 굉장히 부족했습니다. 그래서 그 부분이 사실 구조적인 문제였기도 하지만 제 개인적으로 굉장히 아쉬운 부분이고 뭐 아시겠지만 그때 당시에는 주 오 일제가 아니었고 토요일날 출근을 했었죠. 그러다가 나중에 격주로 토요일 또 출근 하고 그러다가 아시겠지만 이제 토요일이 에 휴일로 되면서 주 오 일제가 되었는데요. 어 그런 형태의 에 부분이 있었다 라는 것이 생각이 납니다.","wordCount":154},"emotion":[],"intent":[{"text":"","expression":"","category":"attitude"}],"summary":{"text":"저는 현재 오십 대 후반인데, 결혼 후 육아에 대한 부분을 반성하게 되었습니다. 아이를 낳고 같이 있는 시간이 부족했습니다. 그러다 보니 주말을 이용해 휴식이 필요하게 되었고, 아이와 같이 있으면서 라포를 형성하는 시간이 부족했던 것이 아쉽습니다.","wordCount":34}}},"rawDataInfo":{"question":{"fileFormat":"wav","fileSize":274318,"duration":8570,"samplingBit":16,"channelCount":1,"samplingRate":"16kHz","audioPath":"/Mock/04.RND/Male/New/ckmk_q_rnd_m_n_319048.wav"},"answer":{"fileFormat":"wav","fileSize":3072718,"duration":96020,"samplingBit":16,"channelCount":1,"samplingRate":"16kHz","audioPath":"/Mock/04.RND/Male/New/ckmk_a_rnd_m_n_319048.wav"}}}