{"version":"1.0","dataSet":{"info":{"date":"20230116","occupation":"RND","channel":"MOCK","place":"ONLINE","gender":"MALE","ageRange":"-34","experience":"NEW"},"question":{"raw":{"text":"마찰력에 대해서 아는 대로 설명해 보십시오","wordCount":6},"emotion":[],"intent":[]},"answer":{"raw":{"text":"어 쉽게 얘기해서 마찰력이라는 것은 앞으로 가고자 하는 힘을 어 저해하는 방해하는 그런 반대심을 얘기하지 않는가 생각합니다. 예를 들어서 저희 자동차가 앞으로 굴러가는 데 있어서 어 노면에서 느낄 수 있는 그러한 그 노면 마찰 또는 앞에서 불어오는 바람으로 인한 그런 바람의 마찰력으로 이 자동차가 소 엔진에서 발생하는 힘 그대로 백 프로 앞으로 나아가는 힘을 다 발휘할 수가 없겠지요. 그래서 이로 인하여 그냥 그 힘이 주어진 힘이 똑같으면은 이게 점진적으로 어 전진하는 힘이 감소되어 언젠가는 결국에는 멈춰질 수 밖에 없다. 아 이런 것이 인제 마찰력의 한 그 예시라고 저는 생각할 수 있습니다. 어 그래서 결국에는 그 이 마찰력을 잘 이용하여 타이어 예를 들듯이 얼마나 우리가 설계한 그런 속도와 그 거리 안에 이 차를 안전하게 잘 세울 수 있다는 것은 결국에는 얼마나 많은 마찰력을 그 타이어에 관련된 구성품에 에 적용을 하여 세울 수 있느냐 차가 세울 때 회전이라든지 어떤 뭐 어 그 밑그림이라든지 어떤 그 예상치 못했던 성과가 나올 수 없도록 만들어내는 게 큰 주안점이 아닌가 생각을 합니다.","wordCount":156},"emotion":[],"intent":[{"text":"","expression":"","category":"attitude"}],"summary":{"text":"마찰력이란 앞으로 가고자 하는 힘을 방해하는 반대심을 얘기합니다. 마찰력을 이용한 타이어 설계는 결국 많은 마찰력을 타이어 구성품에 적용할 수 있느냐 차가 세울 때 회전, 밑그림, 예상치 못한 성과가 나오지 못하도록 만드는 게 큰 주안점입니다.","wordCount":34}}},"rawDataInfo":{"question":{"fileFormat":"wav","fileSize":241358,"duration":7540,"samplingBit":16,"channelCount":1,"samplingRate":"16kHz","audioPath":"/Mock/04.RND/Male/New/ckmk_q_rnd_m_n_294748.wav"},"answer":{"fileFormat":"wav","fileSize":2957518,"duration":92420,"samplingBit":16,"channelCount":1,"samplingRate":"16kHz","audioPath":"/Mock/04.RND/Male/New/ckmk_a_rnd_m_n_294748.wav"}}}