{"version":"1.0","dataSet":{"info":{"date":"20230116","occupation":"RND","channel":"MOCK","place":"ONLINE","gender":"MALE","ageRange":"-34","experience":"NEW"},"question":{"raw":{"text":"지원자님께서 그동안 진행한 프로젝트들 가운데 가장 기억에 남는 프로젝트가 있다면 어떤 점에서 기억에 남는지 설명해 주시기 바랍니다","wordCount":17},"emotion":[],"intent":[]},"answer":{"raw":{"text":"네 제가 기억에 남는 프로젝트는 이제 판매를 지원해서 어떤 그런 그 계약서라든지 법률 검토했던 그런 건이 있는데 어떤 그 해외 수출하기 위한 국내에서 자재 조달하는 그런 내용이었습니다. 근데 문제는 국내에서 자재 조달을 하는 그런 방법과 그런 그 루트에 있어서 이게 얼마나 합법적으로 합리적으로 수급되느냐 이게 관건이었는데 국내에서 그 영업에서 이제 화기나 어떤 공급 중포 업체에 대해서는 뭐 다 문제 없다 이렇게 큰 소리 치지만 혹시나 이런 것들이 만일 향후에 어떤 문제가 발생됐을 때 그 양사에 모든 막대한 손실이라든지 어떤 문제를 야기할 수 있기 때문에 그런 부분에 있어서는 이제 판매 부서에서는 일단 뭐 가고 보자 진행하자 뭐 이런 식으로 얘기를 했지만은 저는 그때 이것을 검토하여 아무래도 좀 문제가 될 것 같다 하여 어 연구소 아니 그 계약서 내에 그 자재 조달에 대한 출처에 대해서는 일절 저희는 참여하지 않고 상대방 회사에서 모든 것을 책임지고 혹시나 문제가 되면은 이에 대해서 법적 책임을 다 지겠다 등에 관련된 문구를 포함하여 계약서를 수정하게 됐습니다. 아니나 다를 한 육 개월 정도 지난 다음에 그 자재 수급에 대한 합법성의 문제가 되어 그런 그 발생이 됐는데 그로 인하여 저희 회사에서는 피해를 최소화할 수가 있었습니다.","wordCount":175},"emotion":[],"intent":[{"text":"","expression":"","category":"attitude"}],"summary":{"text":"해외 수출을 위한 국내 자재 조달 프로젝트의 경우, 조달 방법과 루트가 합법적 수급이 관건이었습니다. 판매 부서는 문제 발생시 양사 모두의 손실이 우려되어 계약서 내 자재조달에 대해서는 일체 참여하지 않고, 문제 발생 시 상대방 회사에서 법적 책임을 지겠다 라는 문구를 포함하여 계약서를 수정했습니다. 한 육 개월 후 자재 수급의 합법성 문제로 인해 피해를 최소화할 수 있었습니다.","wordCount":55}}},"rawDataInfo":{"question":{"fileFormat":"wav","fileSize":558798,"duration":17460,"samplingBit":16,"channelCount":1,"samplingRate":"16kHz","audioPath":"/Mock/04.RND/Male/New/ckmk_q_rnd_m_n_325511.wav"},"answer":{"fileFormat":"wav","fileSize":3096398,"duration":96760,"samplingBit":16,"channelCount":1,"samplingRate":"16kHz","audioPath":"/Mock/04.RND/Male/New/ckmk_a_rnd_m_n_325511.wav"}}}