{"version":"1.0","dataSet":{"info":{"date":"20230116","occupation":"RND","channel":"MOCK","place":"ONLINE","gender":"MALE","ageRange":"55-","experience":"NEW"},"question":{"raw":{"text":"평소에 검색을 자주 하시는 편인가요 어떤 검색을 주로 하시는지 왜 하시는지 구체적으로 언제 하시는지 말씀해 주세요","wordCount":16},"emotion":[],"intent":[]},"answer":{"raw":{"text":"예 저는 역사를 굉장히 좋아하는 편인데 요즘 손 안에 컴퓨터 스마트폰을 통해서 어 역사에 관련된 그런 그 프로들 많이 검색했었습니다. 어 이슬람 그리고 오스만 제국 그리고 어 서로마 동로마 그리고 어 흉노족의 어 이동 경로 그리고 선비족 그리고 지금 어 틔르키에 라는 국명으로 바뀐 어 터키에 그런 역사들 지금은 사실은 어 저는 여행을 좋아하고 여행을 가고 싶은데 지금 어떤 형편 여건상 어 아직까지도 배낭을 꾸리지 못했는데 만약에 여행 어떤 계획이 뭐 순조롭게 이루어진다면 저는 터키 여행을 제일 먼저 하고 싶습니다. 어 터키는 이천 이 년 어 월드컵 통해서 어 한국과 형제의 나라라는 그런 어 어 아름다운 그런 어 기억을 만들어냈죠. 음 그리고 오스만 제국 마호메드 이쎄 그리고 어 천 년 동안 그 점령당하지 않는 성 콘스탄틴노플에 있는 그 성 그런 것도 그 금색을 통해서 자주 어 볼 수 있는 그런 역사적 사실들입니다.","wordCount":132},"emotion":[{"text":"어 이슬람 그리고 오스만 제국 그리고 어 서로마 동로마 그리고 어 흉노족의 어 이동 경로 그리고 선비족 그리고 지금 어 틔르키에 라는 국명으로 바뀐 어 터키에 그런 역사들 지금은 사실은 어 저는 여행을 좋아하고 여행을 가고 싶은데 지금 어떤 형편 여건상 어 아직까지도 배낭을 꾸리지 못했는데 만약에 여행 어떤 계획이 뭐 순조롭게 이루어진다면 저는 터키 여행을 제일 먼저 하고 싶습니다.","expression":"p-interest","category":"positive"}],"intent":[{"text":"","expression":"","category":"attitude"}],"summary":{"text":"이슬람, 오스만 제국, 서로마 동로마, 흉노족의 이동 경로, 선비족, 틔르키에 라는 국명으로 바뀐 터키는 한국과 형제의 나라라는 아름다운 기억을 만들었고, 점령당하지 않는 성 콘스탄틴노플에 있는 성도 금색을 통해 볼 수 있는 역사적 사실들입니다.","wordCount":33}}},"rawDataInfo":{"question":{"fileFormat":"wav","fileSize":625358,"duration":19540,"samplingBit":16,"channelCount":1,"samplingRate":"16kHz","audioPath":"/Mock/04.RND/Male/New/ckmk_q_rnd_m_n_246951.wav"},"answer":{"fileFormat":"wav","fileSize":3153998,"duration":98560,"samplingBit":16,"channelCount":1,"samplingRate":"16kHz","audioPath":"/Mock/04.RND/Male/New/ckmk_a_rnd_m_n_246951.wav"}}}