{"version":"1.0","dataSet":{"info":{"date":"20230116","occupation":"RND","channel":"MOCK","place":"ONLINE","gender":"MALE","ageRange":"35-44","experience":"NEW"},"question":{"raw":{"text":"만약 본인이 께임 속의 캐릭터라면 어떤 께임에서 어떤 역할을 맡아서 그 께임을 수행해 보고 싶으신가요","wordCount":15},"emotion":[],"intent":[]},"answer":{"raw":{"text":"저는 만약 께임 속의 캐릭터라면 음 디아블로의 바바리안이라는 캐릭터의 역할을 수행하고 싶습니다. 바바리안이라는 캐릭터는 어 그 특성상 체격이 좋고 힘이 센 역할로 음 나쁜 놈들을 보통 죽이는 역할을 합니다. 하지만 어 또 다른 역할로 주변의 팀원들을 어 고취시키고 어 업무를 진행함에 있어서 어 쪼끔 더 나은 방향으로 어 어 이끌 수 있는 그런 캐릭터라고 생각합니다. 그리고 어떤 퀘스트에 있어서 선봉에 나서서 진행하는 점이 어 수행하고 싶은 면입니다.","wordCount":67},"emotion":[],"intent":[{"text":"","expression":"","category":"attitude"}],"summary":{"text":"디아블로의 바바리안은 체격이 좋고 힘이 센 역할로 나쁜 놈들을 보통 죽이는 역할을 하지만, 다른 역할로 팀원들을 고취시키고 업무 진행에 더 나은 방향으로 이끌 수 있습니다.","wordCount":25}}},"rawDataInfo":{"question":{"fileFormat":"wav","fileSize":266318,"duration":8320,"samplingBit":16,"channelCount":1,"samplingRate":"16kHz","audioPath":"/Mock/04.RND/Male/New/ckmk_q_rnd_m_n_291724.wav"},"answer":{"fileFormat":"wav","fileSize":2236878,"duration":69900,"samplingBit":16,"channelCount":1,"samplingRate":"16kHz","audioPath":"/Mock/04.RND/Male/New/ckmk_a_rnd_m_n_291724.wav"}}}