{"version":"1.0","dataSet":{"info":{"date":"20230116","occupation":"RND","channel":"MOCK","place":"ONLINE","gender":"MALE","ageRange":"55-","experience":"NEW"},"question":{"raw":{"text":"지원자님께서 본인이 현재 가지고 있는 위치보다 어려운 목표를 달성한 적이 있으실까요 해당 경험에 대해서 자세하게 말씀해 주시기 바랍니다","wordCount":18},"emotion":[],"intent":[]},"answer":{"raw":{"text":"전사적인 그 컴퓨터 시스템 그 구축을 할 때 에 총괄 프로젝트 매니저로서 어 경험한 적이 있습니다. 이때에 가장 중요했던 것은 어 삼 분의 일도 되지 않는 예산으로 어 그 방대한 분량의 시스템을 구축을 해 나가는 것이었는데 음 이것을 저는 그 고객과 또한 우리와 같이 일하는 부계약자와 또 회사 본사 삼 자가 결부되어 있는 그런 어려운 환경에서 프로젝트 매니저로서 또한 아 그것을 해결하는 중재자로서의 역할을 충실히 해서 어 각 이해 집단들의 에 양해 그러니까 조금 조금씩 손해를 보는 선에서 어 프로젝트를 에 다시 기획을 하고 그 소기의 성과를 그 낸제 낸 적이 있었던 것으로 기억이 됩니다. 그때 경험이 에 각 이해 충돌 부서에 대한 그러한 조정 중재 이러한 것들이 상당히 소중한 경험이 되겠습니다.","wordCount":112},"emotion":[],"intent":[{"text":"","expression":"","category":"attitude"}],"summary":{"text":"전사적 컴퓨터 시스템의 구축을 할 때, 저예산으로 큰 규모의 시스템을 구축하는 것이 중요했고, 부계약자와 본사가 결부된 환경에서 프로젝트 매니저로서 중재자로서의 역할을 했습니다. 이 경험이 각 이해 충돌 부서에 대한 조정 중재에 소중한 경험이 되겠습니다.","wordCount":34}}},"rawDataInfo":{"question":{"fileFormat":"wav","fileSize":600398,"duration":18760,"samplingBit":16,"channelCount":1,"samplingRate":"16kHz","audioPath":"/Mock/04.RND/Male/New/ckmk_q_rnd_m_n_286972.wav"},"answer":{"fileFormat":"wav","fileSize":3211598,"duration":100360,"samplingBit":16,"channelCount":1,"samplingRate":"16kHz","audioPath":"/Mock/04.RND/Male/New/ckmk_a_rnd_m_n_286972.wav"}}}