{"version":"1.0","dataSet":{"info":{"date":"20230116","occupation":"RND","channel":"MOCK","place":"ONLINE","gender":"MALE","ageRange":"55-","experience":"NEW"},"question":{"raw":{"text":"어 만약 지원자님께서 이 면접에서 최종 탈락하게 되실 수도 있는데요 그렇다면 본인이 어떤 부분에서 부족해서 최종 탈락했다고 생각하실지 궁금합니다","wordCount":19},"emotion":[],"intent":[]},"answer":{"raw":{"text":"만약에 인제 탈락을 한다면은 어 제 쓰임을 하시겠다는 분과 어 제 쓰임이 가지고 있는 어 역량이 서로 안 맞아서 서로 달라서 그래서 어 서로 이탈되는 그런 상황이 더 도달할 것 같은데 뭐 그거는 제 스스로 감내를 해야 되고 음 탈락이라는 부분은 뭐 그렇게 크게 뭐 어 큰일이라고 생각하지 않습니다. 왜냐 그러면은 뭐 기회는 여러면 다방면으로 발생되고 있으니까요. 어 여기가 아니면 또 다른 곳에 새로운 문이 있을 거라고 그런 생각으로 지금 음 계속 길을 가고 있는 그런 여행자로서의 그런 뭐 소탈한 아니면 그 그런 어 뭐랄까 뭐 초연한 자세로 시간을 어 보내야 되고 보내고 있다 라고 생각을 합니다. 그렇게 뭐 조급해야 할 필요는 없는 것 같고 어 부족한 부분은 스스로가 잘 알겠죠. 제가 부족한 거는 어 제 세임에 부족한 점이 있다라고 판단하 판단한 분들이 선택한 거니까요. 저 모든 사람이 다 부족하지 않습니까. 제가 가장 부족한 건 솔직히 나이가 많다는 게 가장 부족한 점이라고 생각을 합니다.","wordCount":144},"emotion":[],"intent":[{"text":"","expression":"","category":"attitude"}],"summary":{"text":"만약 탈락을 하면 쓰임을 하겠다는 분과 역량이 서로 달라서 이탈하는 상황이 더 도달할 것 같은데 그건 제가 감내해야 될 것 같습니다. 조급할 필요는 없고 저는 제 세임에 부족한 점이 있다고 판단한 분들이 선택한 것이므로 저는 나이가 많다는 것이 가장 부족한 점이라고 생각합니다.","wordCount":42}}},"rawDataInfo":{"question":{"fileFormat":"wav","fileSize":428238,"duration":13380,"samplingBit":16,"channelCount":1,"samplingRate":"16kHz","audioPath":"/Mock/04.RND/Male/New/ckmk_q_rnd_m_n_247188.wav"},"answer":{"fileFormat":"wav","fileSize":3312078,"duration":103500,"samplingBit":16,"channelCount":1,"samplingRate":"16kHz","audioPath":"/Mock/04.RND/Male/New/ckmk_a_rnd_m_n_247188.wav"}}}