{"version":"1.0","dataSet":{"info":{"date":"20230116","occupation":"RND","channel":"MOCK","place":"ONLINE","gender":"MALE","ageRange":"45-54","experience":"NEW"},"question":{"raw":{"text":"만약 면접자님께서 게임 속의 캐릭터라면 이때 어떤 게임에서 어떤 캐릭터를 맡아서 그 게임을 수행해 보고 싶으신가요","wordCount":16},"emotion":[],"intent":[]},"answer":{"raw":{"text":"네 제가 게임 속 캐릭터라면 어떤 게임에서 어떤 역할을 맡아 수행하고 싶은가 라고 여쭤보셨는데 음 저는 어 제가 상상을 해 보건데 어 전쟁 게임에서 어 전투 요원으로 어 게임에 에서 활약하는 것이 어 제가 하고 싶은 일입니다. 어 그 전투 요원으로서 어 체력도 아주 높은 상태고 그리고 어 사격술도 아주 명사수로 어 어 했으면 좋겠습니다. 그리고 어 어떠한 전투에서 이길 수 있는 노하우나 그다음에 상황 판단 그리고 어 상대방에 대한 음 약점이라든가 강점에 대해서 잘 파악하는 그러한 캐릭터이면 좋겠습니다. 그리고 그 전투에서 반드시 이길 수 있는 여러 가지 이 작전과 전략 전술을 가지고 어 일단 음 둘의 싸움에서도 상당히 앞서 있는 그러한 전투 요원이면 좋겠습니다. 이상입니다.","wordCount":106},"emotion":[],"intent":[{"text":"","expression":"","category":"attitude"}],"summary":{"text":"전쟁 게임에서 전투 요원으로 활약하는 것이 제가 하고 싶은 일입니다. 전투 요원으로서 체력도 높고 사격술도 명사수이고 어떤 전투에서 이길 수 있는 노하우나 상황 판단, 상대방의 약점과 강점을 잘 파악하는 그런 캐릭터이면 좋겠습니다.","wordCount":32}}},"rawDataInfo":{"question":{"fileFormat":"wav","fileSize":297038,"duration":9280,"samplingBit":16,"channelCount":1,"samplingRate":"16kHz","audioPath":"/Mock/04.RND/Male/New/ckmk_q_rnd_m_n_337071.wav"},"answer":{"fileFormat":"wav","fileSize":3347278,"duration":104600,"samplingBit":16,"channelCount":1,"samplingRate":"16kHz","audioPath":"/Mock/04.RND/Male/New/ckmk_a_rnd_m_n_337071.wav"}}}