{"version":"1.0","dataSet":{"info":{"date":"20230116","occupation":"RND","channel":"MOCK","place":"ONLINE","gender":"MALE","ageRange":"35-44","experience":"NEW"},"question":{"raw":{"text":"대학 생활을 하면서 제일 힘들었던 경험이 있었다면 그것은 무엇이었나요 그리고 그것은 어떤 방법으로 극복하셨나요","wordCount":14},"emotion":[],"intent":[]},"answer":{"raw":{"text":"음 솔직히 말씀드리자면 대학 생활 중에는 어 대학교 일 학년 때 만나서 이제 처음 음 만남을 갖게 된 어 씨씨였던 그 여자친구와 음 한 일 년 정도 교제를 하고 이 학년 때 쯤 음 헤어졌던 어 그 부분이 어 제일 힘들었던 경험인 것 같습니다. 음 그래서 저는 원래 어 이 학년을 다 마치고 군대를 갈 예정이었는데 어 그 부분 때문에 어 좀 일찍 어 일 학기만 마치고 군대를 갔다 왔는데 어 군대에서도 어 많이 생각나고 어 힘들었던 시간들을 보냈던 것 같습니다. 아 좀 처 그 여자 친구였고 또 대학교에서 항상 붙어 다녔던 그런 씨씨였기 때문에 어 더 좀 애틋하고 좀 힘든 마음이 있었는데요. 어 아 그냥 뭐 어쩔 수 없는 부분이니까 참고 그냥 시간이 지나다 보니까 해결이 자연스럽게 됐고 어 나중에 복학 후에 만났을 때는 어 좀 편한 사이로 어 서로 인사하면서 지내는 정도로 어 지낼 수 있게 되었습니다.","wordCount":139},"emotion":[],"intent":[{"text":"음 솔직히 말씀드리자면 대학 생활 중에는 어 대학교 일 학년 때 만나서 이제 처음 음 만남을 갖게 된 어 씨씨였던 그 여자친구와 음 한 일 년 정도 교제를 하고 이 학년 때 쯤 음 헤어졌던 어 그 부분이 어 제일 힘들었던 경험인 것 같습니다.","expression":"c_private","category":"background"},{"text":"어 아 그냥 뭐 어쩔 수 없는 부분이니까 참고 그냥 시간이 지나다 보니까 해결이 자연스럽게 됐고 어 나중에 복학 후에 만났을 때는 어 좀 편한 사이로 어 서로 인사하면서 지내는 정도로 어 지낼 수 있게 되었습니다.","expression":"c_private","category":"background"}],"summary":{"text":"대학 생활 중에 처음 본 씨씨였던 여자친구와 한 일 년 정도 교제하고 이 학년 때 헤어졌던 경험이 가장 힘들었던 경험이었습니다. 나중에 복학 후에 다시 만나 서로 인사하면서 지낼 수 있게 되었습니다.","wordCount":31}}},"rawDataInfo":{"question":{"fileFormat":"wav","fileSize":312398,"duration":9760,"samplingBit":16,"channelCount":1,"samplingRate":"16kHz","audioPath":"/Mock/04.RND/Male/New/ckmk_q_rnd_m_n_273130.wav"},"answer":{"fileFormat":"wav","fileSize":3342158,"duration":104440,"samplingBit":16,"channelCount":1,"samplingRate":"16kHz","audioPath":"/Mock/04.RND/Male/New/ckmk_a_rnd_m_n_273130.wav"}}}