{"version":"1.0","dataSet":{"info":{"date":"20230116","occupation":"RND","channel":"MOCK","place":"ONLINE","gender":"MALE","ageRange":"35-44","experience":"NEW"},"question":{"raw":{"text":"시험 기간 시간이 촉박할 때 지원자님은 어떻게 시간 관리를 하셨나요 지원자님만의 시간 관리법을 구체적으로 설명해 주세요","wordCount":16},"emotion":[],"intent":[]},"answer":{"raw":{"text":"어 저는 시험 기간에 시간이 촉박할 때는 어 좀 선택과 집중을 했던 것 같습니다. 음 제가 지금 공부해서 뭐 어떤 과목이 뭐 과목들이 여러 가지 본다 라고 하면 어 어떤 거를 선택해서 집중해야 평균적으로 점수가 더 잘 나올까 라는 과목을 선택해서 어 그 과목을 중점적으로 좀 공부를 하고 어 다른 과목들은 좀 뭐 포기까지는 아니지만 어 평소에 공부해 둔 그 정도로 음 좀 유지만 하는 식으로 에 그렇게 관리를 했었던 것 같습니다. 어 제가 그 그런 식으로 관리하는 이유는 음 뭐 세 가지 뭐 몇 가지 이렇게 과목을 본다 라고 했을 때 어 다 시간을 분배해서 셋 다 어정쩡하게 나오는 것보다는 뭐 두 가지나 세 가지 과목이 어정쩡하게 나오는 것보다는 어 제가 좀 더 집중해서 어떤 성과를 극대화 시킬 수 있는 과목에 음 좀 올인하는 것이 어 애매하지 않고 그냥 음 명확하게 할 수 있는 방법이 아닌가 라고 생각을 했습니다. 물론 저 같은 경우에는 평소에는 좀 꾸준히 공부도 하고 준비도 해 둬서 어 그중에서 좀 선택을 했지만 이건 다른 부분은 뭐 솔직히 준비가 아무 것도 안 된 부분에서 저 같은 방법을 쓴다면 어 실효성이 있을까 라는 건 좀 고민이 됩니다.","wordCount":180},"emotion":[],"intent":[{"text":"","expression":"","category":"attitude"}],"summary":{"text":"시험 기간에 시간이 촉박할 때는 선택과 집중을 했던 것 같습니다. 그 이유는 두 가지나 세 가지 과목이 어정쩡하게 나오는 것보다는 성과를 극대화 시킬 수 있는 과목에 좀 올인하는 것이 명확하게 할 수 있는 방법이 아닌가 생각합니다.","wordCount":36}}},"rawDataInfo":{"question":{"fileFormat":"wav","fileSize":593998,"duration":18560,"samplingBit":16,"channelCount":1,"samplingRate":"16kHz","audioPath":"/Mock/04.RND/Male/New/ckmk_q_rnd_m_n_257232.wav"},"answer":{"fileFormat":"wav","fileSize":3827278,"duration":119600,"samplingBit":16,"channelCount":1,"samplingRate":"16kHz","audioPath":"/Mock/04.RND/Male/New/ckmk_a_rnd_m_n_257232.wav"}}}