{"version":"1.0","dataSet":{"info":{"date":"20230116","occupation":"RND","channel":"MOCK","place":"ONLINE","gender":"MALE","ageRange":"35-44","experience":"NEW"},"question":{"raw":{"text":"지원자님은 살면서 가장 힘들었던 경험이 무엇인가요 또 그 부분을 극복하기 위해 개인적으로 어떤 노력을 해 왔는지도 함께 설명 부탁드립니다","wordCount":19},"emotion":[],"intent":[]},"answer":{"raw":{"text":"어 저는 살면서 가장 힘들었던 점이 어 공동체 생활이라고 생각합니다. 왜냐하면 저는 어 아주 개인주의적인 사람의 성향을 가지고 있는 편인데 어 특히나 한국 사회 같은 경우에는 공동체의 구성원으로서 어 주변 사람들과 잘 지내야 된다는 그런 강박적인 어 면이 있다고 생각합니다. 어 그래서 어 저는 이런 면을 좀 극복하기 위해서 어 특별한 노력을 한 건 아니지만 그 어 공동체에 녹아들기 위해서 어 사람들과 많은 시간을 보낼려고 많이 노력을 했습니다.","wordCount":68},"emotion":[],"intent":[{"text":"왜냐하면 저는 어 아주 개인주의적인 사람의 성향을 가지고 있는 편인데 어 특히나 한국 사회 같은 경우에는 공동체의 구성원으로서 어 주변 사람들과 잘 지내야 된다는 그런 강박적인 어 면이 있다고 생각합니다.","expression":"c_person","category":"background"}],"summary":{"text":"개인주의적인 성향을 가진 저는 공동체 생활을 가장 힘들었던점으로 꼽았습니다. 특히 한국 사회는 공동체 구성원으로 주변 사람들과 잘 지내야 한다는 강박적 면이 있어 이를 극복하려 많이 노력했습니다.","wordCount":26}}},"rawDataInfo":{"question":{"fileFormat":"wav","fileSize":520398,"duration":16260,"samplingBit":16,"channelCount":1,"samplingRate":"16kHz","audioPath":"/Mock/04.RND/Male/New/ckmk_q_rnd_m_n_279175.wav"},"answer":{"fileFormat":"wav","fileSize":1900238,"duration":59380,"samplingBit":16,"channelCount":1,"samplingRate":"16kHz","audioPath":"/Mock/04.RND/Male/New/ckmk_a_rnd_m_n_279175.wav"}}}