{"version":"1.0","dataSet":{"info":{"date":"20230116","occupation":"RND","channel":"MOCK","place":"ONLINE","gender":"MALE","ageRange":"35-44","experience":"NEW"},"question":{"raw":{"text":"업무를 하다가 분쟁이 발생을 했을 때를 대비한 지원자님만의 특별한 대처법이 있다면 어떠한 것인지 설명해 주시면 감사하겠습니다","wordCount":16},"emotion":[],"intent":[]},"answer":{"raw":{"text":"업무 분쟁이 발생했다면 저는 그 일을 대화로 풀고자 할 것입니다. 어떠한 문제가 발생했는지 또 왜 그 일 때문에 상대방들의 마음의 상처가 되었는지를 잘 들어보고 바르게 결정을 할 것입니다. 각각의 의견들이 분명히 있을 것이고 한 쪽의 의견만 듣다 보면 대처할 때 치우칠 수 밖에 없습니다. 그래서 서로 대화를 하면서 이 사람 저 사람의 의견도 들어보고 합리적인 의견이 무엇인지 바르게 판단을 해야지 업무 분쟁을 잘 해결할 수 있습니다. 만약에 한 쪽의 의견만 듣다 라고 하면 그 일을 잘 처리할 수 없습니다. 그래서 대화하고 대화를 통해서 일들을 처음부터 끝까지 잘 체크해 나아간다면 업무 분쟁이 발생했을 때 잘 대처할 수 있습니다.","wordCount":97},"emotion":[],"intent":[{"text":"","expression":"","category":"attitude"}],"summary":{"text":"업무 분쟁이 발생했다면 저는 그 일을 대화로 풀고자 할 것입니다. 서로 의견을 듣고 합리적인 의견이 무엇인지 판단해야 업무 분쟁을 잘 해결할 수 있습니다. 대화하고 대화를 통해서 일들을 잘 체크해 나간다면 업무 분쟁이 발생했을 때 잘 대처할 수 있을 것입니다.","wordCount":39}}},"rawDataInfo":{"question":{"fileFormat":"wav","fileSize":345038,"duration":10780,"samplingBit":16,"channelCount":1,"samplingRate":"16kHz","audioPath":"/Mock/04.RND/Male/New/ckmk_q_rnd_m_n_332721.wav"},"answer":{"fileFormat":"wav","fileSize":2289358,"duration":71540,"samplingBit":16,"channelCount":1,"samplingRate":"16kHz","audioPath":"/Mock/04.RND/Male/New/ckmk_a_rnd_m_n_332721.wav"}}}