{"version":"1.0","dataSet":{"info":{"date":"20230116","occupation":"RND","channel":"MOCK","place":"ONLINE","gender":"MALE","ageRange":"55-","experience":"NEW"},"question":{"raw":{"text":"현대 사회에 없어서는 안 될 제일 중요하다고 생각하시는 직업을 한 가지만 골라서 말씀해 주시겠어요","wordCount":14},"emotion":[],"intent":[]},"answer":{"raw":{"text":"현대 사회는 지금 사 차 산업으로 들어가는 그런 초입 단계로서 어 벌써 상당 부분이 많이 그 개발이 돼 가고 있다고 생각합니다. 따라서 직업도 어 컴퓨터로 대치되는 직업도 상당히 많이 있다고 생각을 합니다. 앞으로 차근차근 많이 대치가 되리라고 봅니다. 의사나 변호사나 또 제가 지금 하고 있는 면접관이나 이런 것들이 다 에이아이가 담당할 수 있는 그런 영역이라고 생각하는데 가장 중요한 영역 즉 영업에 관해서는 어 에이아이가 담당하기가 힘들다고 봅니다. 없어서는 안 될 가장 중요한 직업은 영업직이라고 생각을 합니다. 왜냐하면 영업이라 하면 회사와 소비자의 관계도 있고 회사와 회사와의 관계도 있고 이는 그 조직이나 개인의 그 이점 배니핏을 공유하는 그런 것이기 때문입니다. 즉 다시 말해서 윈윈되는 그러한 공통분모를 차지 찾아내는 것이 영업이라고 할 수 있기 때문에 이를 어 컴퓨터로 대체하기는 힘들고 앞으로도 영업 직군이 가장 그 중요하다고 생각을 합니다.","wordCount":125},"emotion":[],"intent":[{"text":"","expression":"","category":"attitude"}],"summary":{"text":"현대 사회는 사차 산업으로 들어가는 초입 단계로 많은 개발이 돼 가고 있습니다. 의사, 변호사, 면접관 등은 에이아이가 담당할 수 있지만 영업은 담당하기 힘들다고 생각합니다. 가장 중요한 영역은 영업직으로 윈윈되는 공통분모를 차지 찾아내는 것이 영업이라고 할 수 있기 때문입니다.","wordCount":38}}},"rawDataInfo":{"question":{"fileFormat":"wav","fileSize":287438,"duration":8980,"samplingBit":16,"channelCount":1,"samplingRate":"16kHz","audioPath":"/Mock/04.RND/Male/New/ckmk_q_rnd_m_n_287048.wav"},"answer":{"fileFormat":"wav","fileSize":3569998,"duration":111560,"samplingBit":16,"channelCount":1,"samplingRate":"16kHz","audioPath":"/Mock/04.RND/Male/New/ckmk_a_rnd_m_n_287048.wav"}}}