{"version":"1.0","dataSet":{"info":{"date":"20230116","occupation":"RND","channel":"MOCK","place":"ONLINE","gender":"MALE","ageRange":"-34","experience":"NEW"},"question":{"raw":{"text":"어 일을 하다 보면 타 부서와 갈등 상황이 발생하게 될 수도 있는데요 그렇게 된다면 어떻게 대처를 하실 건가요 그러한 상황을 가정해서 말씀해 주시길 바랍니다","wordCount":24},"emotion":[],"intent":[]},"answer":{"raw":{"text":"만약 타 부서와 갈등 상황이 발생한다면 그 부서의 선임과 이야기를 나눠볼 것입니다. 왜냐하면 같은 직급의 직원들끼리 말다툼을 하다 보면 직급 간에 차이가 없기 때문에 일에 잘잘못을 따질 때 감정이 섞일 우려가 있어서 그것을 통제하고 관리할 수 있는 상급자의 언사가 필요하다고 생각합니다. 상급자의 결정이나 상급자의 생각을 빌려서 그 일을 해결한다면 양쪽 다 마음에 드는 현명한 해결책을 이끌어 나갈 수 있을 것이라고 생각합니다. 또한 타 부서의 상급자와 이야기를 했을 때 일이 해결되지 않는다면 우리 부서의 상급자에게 문의하여 그 부서의 상급자 혹은 갈등 상황이 발생한 그 부서의 직원과 이야기를 나눠보도록 요청할 것 같습니다.","wordCount":90},"emotion":[],"intent":[{"text":"","expression":"","category":"attitude"}],"summary":{"text":"같은 직급의 직원들끼리 다툼을 하다 보면 직급 간에 차이가 없기 때문에 일에 잘잘못을 따질 때 감정이 섞일 우려가 있어서 그것을 통제하고 관리할 수 있는 상급자의 결정이 필요하다고 생각합니다.","wordCount":28}}},"rawDataInfo":{"question":{"fileFormat":"wav","fileSize":522318,"duration":16320,"samplingBit":16,"channelCount":1,"samplingRate":"16kHz","audioPath":"/Mock/04.RND/Male/New/ckmk_q_rnd_m_n_328715.wav"},"answer":{"fileFormat":"wav","fileSize":1700238,"duration":53130,"samplingBit":16,"channelCount":1,"samplingRate":"16kHz","audioPath":"/Mock/04.RND/Male/New/ckmk_a_rnd_m_n_328715.wav"}}}