{"version":"1.0","dataSet":{"info":{"date":"20230116","occupation":"RND","channel":"MOCK","place":"ONLINE","gender":"MALE","ageRange":"-34","experience":"NEW"},"question":{"raw":{"text":"몇 년 전 우버 택시와 관한 논란이 있었다는 걸 알고 계실 텐데요 지원자께서는 우버 택시의 찬반양론에 대해서 각각 어떻게 생각하고 계시나요","wordCount":21},"emotion":[],"intent":[]},"answer":{"raw":{"text":"저는 자본주의 사회에서 이러한 독점이 일어나는 것이 좋지 않다고 생각합니다. 새로운 경쟁자가 나타난 것을 두려워하고 배척하려고만 하는 택시는 소비자들이 더 나은 서비스를 받을 수 있는 기회를 버리는 것이라고 생각합니다. 물론 택시 회사에서 기사님들에 대한 대우를 좋게 하지 않는 것이 문제가 될 수 있지만 이러한 경우 우버 택시에 대해 반대를 하는 것이 아닌 택시 회사에서 대우를 좋지 않게 하는 것에 대하여 반대를 해야 한다고 생각합니다.","wordCount":64},"emotion":[],"intent":[{"text":"","expression":"","category":"attitude"}],"summary":{"text":"자본주의 사회에서 경쟁자가 나타난 것을 배척하려는 택시의 독점은 소비자들이 더 나은 서비스를 받을 수 있는 기회를 없앨 것입니다. 우버 택시에 반대해야 합니다.","wordCount":22}}},"rawDataInfo":{"question":{"fileFormat":"wav","fileSize":609998,"duration":19060,"samplingBit":16,"channelCount":1,"samplingRate":"16kHz","audioPath":"/Mock/04.RND/Male/New/ckmk_q_rnd_m_n_257319.wav"},"answer":{"fileFormat":"wav","fileSize":2056398,"duration":64260,"samplingBit":16,"channelCount":1,"samplingRate":"16kHz","audioPath":"/Mock/04.RND/Male/New/ckmk_a_rnd_m_n_257319.wav"}}}