{"version":"1.0","dataSet":{"info":{"date":"20230116","occupation":"RND","channel":"MOCK","place":"ONLINE","gender":"MALE","ageRange":"-34","experience":"NEW"},"question":{"raw":{"text":"면접자에게 있어 연구 윤리를 준수하기 위해 노력했던 경험이 있다면 말씀을 해주시겠습니까","wordCount":11},"emotion":[],"intent":[]},"answer":{"raw":{"text":"과거 연구실에서 한 사회 실험을 진행했던 적이 있습니다. 그때 사실 그 실험의 결과를 잘 유지하기 위해서는 이 실험 지원자들을 어 조금 속여야 되는 그런 상황이 발생했었는데요. 하지만 실험 지원자들에게 정확한 실험의 내용을 말하지 않는 것은 연구 윤리를 위배한다고 생각했습니다. 그래서 그때 정말 큰 딜레마에 빠졌습니다. 저는 결국 실험 지원자들에게 이 실험의 내용을 말씀드렸습니다. 그리고 이러한 결과를 얻기 위해서는 실험 지원자들이 협조해 줘야 될 부분이 있다고 추가적으로 설명을 해 드렸습니다. 이러한 결과로 저 저희는 지원자들의 어 이러한 협조 덕분에 저희가 바라던 좋은 결과를 얻어낼 수 있었고 연구도 성공적으로 마무리할 수 있었습니다. 연구가 끝났을 때 한 지원자께서 제게 와서 솔직하게 이야기 해줘서 고맙다는 말을 한 적이 있습니다. 어 그때 저는 사실 이 연구를 하는 이유가 사람들에게 도움이 되기 위함인데 그 과정이 정의롭지 못하다면 이 연구가 설사 많은 사람들에게 도움이 되더라도 제가 큰 마음의 짐을 얻고 살아갔을 것이라고 생각했습니다. 그래서 저는 이 때의 경험을 바탕으로 앞으로도 연구를 할 때 이 연구 윤리를 준수하기 위해 정말 노력해야겠다고 다짐했습니다. 그리고 앞으로도 저는 연구 윤리를 반드시 준수할 것입니다.","wordCount":162},"emotion":[],"intent":[{"text":"과거 연구실에서 한 사회 실험을 진행했던 적이 있습니다.","expression":"r_res_prf","category":"technology"},{"text":"하지만 실험 지원자들에게 정확한 실험의 내용을 말하지 않는 것은 연구 윤리를 위배한다고 생각했습니다.","expression":"r_res_prf","category":"technology"},{"text":"이러한 결과로 저 저희는 지원자들의 어 이러한 협조 덕분에 저희가 바라던 좋은 결과를 얻어낼 수 있었고 연구도 성공적으로 마무리할 수 있었습니다.","expression":"r_res_prf","category":"technology"},{"text":"그래서 저는 이 때의 경험을 바탕으로 앞으로도 연구를 할 때 이 연구 윤리를 준수하기 위해 정말 노력해야겠다고 다짐했습니다.","expression":"c_value","category":"background"}],"summary":{"text":"연구실에서 한 사회 실험을 진행했던 적이 있습니다. 결과를 잘 유지하기 위해서는 실험 지원자들을 조금 속여야 되는 상황이 발생했습니다. 하지만 정확한 실험의 내용을 말하지 않는 것은 연구 윤리를 위배한다고 생각했습니다. 그래서 정말 큰 딜레마에 빠졌습니다. 지원자들의 협조 덕분에 좋은 결과를 얻어낼 수 있었고 연구도 성공적으로 마무리할 수 있었습니다.","wordCount":47}}},"rawDataInfo":{"question":{"fileFormat":"wav","fileSize":442958,"duration":13840,"samplingBit":16,"channelCount":1,"samplingRate":"16kHz","audioPath":"/Mock/04.RND/Male/New/ckmk_q_rnd_m_n_279720.wav"},"answer":{"fileFormat":"wav","fileSize":3814478,"duration":119200,"samplingBit":16,"channelCount":1,"samplingRate":"16kHz","audioPath":"/Mock/04.RND/Male/New/ckmk_a_rnd_m_n_279720.wav"}}}