{"version":"1.0","dataSet":{"info":{"date":"20230116","occupation":"RND","channel":"MOCK","place":"ONLINE","gender":"MALE","ageRange":"55-","experience":"NEW"},"question":{"raw":{"text":"만약 상사 분께서 본인의 업무와 전혀 무관한 일을 시키신다고 해도 이를 잘 수행해 낼 자신이 있으신지 궁금합니다 아니면 혹은 그 업무를 수행하시지 않을 것인지도 답변 부탁드립니다","wordCount":26},"emotion":[],"intent":[]},"answer":{"raw":{"text":"뭐 업무와 상관없는 아주 사적인 일을 시키게 되면은 제 마음에 뭐 진심이 있어서 수행을 한다라고는 자신 할 수 없습니다. 어 단지 그것이 회사와 관련이 되게 되면 또 모르겠습니다만 어 꼭 이런 어 질문의 그 바닥에는 상사가 자기 개인적인 일을 업무와는 전혀 다른 그런 걸 나한테 시킨다 이런 이야기인데 그랬을 경우에 저는 상당히 어 어 어 존중받지 못하는 그런 음 그런 사람으로 여겨서 굉장히 슬플 것 같습니다. 그렇지만 상사가 지시한 일을 또 수행하지 않을 수는 없으니까 상당히 좀 고민에 빠지겠지만 진심을 다 다해서 그 일을 수행할 자신은 없습니다. 음 만약에 그 일을 잘 해서 그것이 인사 고가에 적용이 된다 그것도 우스운 일이라고 저는 생각을 합니다. 인사 고가하고는 무관한 지시였으면 좋겠습니다.","wordCount":109},"emotion":[],"intent":[{"text":"","expression":"","category":"attitude"}],"summary":{"text":"업무와 무관한 사적인 일을 시키게 되면 진심을 다해서 그 일을 수행할 자신은 없습니다. 만일 그 일을 잘 해서 인사 고가에 적용이 된다 해도 우스운 일이라고 생각합니다. 인사 고가하고는 무관한 지시였으면 좋겠습니다.","wordCount":31}}},"rawDataInfo":{"question":{"fileFormat":"wav","fileSize":625998,"duration":19560,"samplingBit":16,"channelCount":1,"samplingRate":"16kHz","audioPath":"/Mock/04.RND/Male/New/ckmk_q_rnd_m_n_247184.wav"},"answer":{"fileFormat":"wav","fileSize":2766158,"duration":86440,"samplingBit":16,"channelCount":1,"samplingRate":"16kHz","audioPath":"/Mock/04.RND/Male/New/ckmk_a_rnd_m_n_247184.wav"}}}