{"version":"1.0","dataSet":{"info":{"date":"20230116","occupation":"RND","channel":"MOCK","place":"ONLINE","gender":"MALE","ageRange":"55-","experience":"NEW"},"question":{"raw":{"text":"입사 후에 어려운 일이 있을 때 일에 대한 분배를 어떻게 하실 건지 말씀해 주실 수 있나요 어떤 식으로 처리하실 건지 답변해 주시기 바랍니다","wordCount":23},"emotion":[],"intent":[]},"answer":{"raw":{"text":"모든 일에는 쉬운 일도 있고 어려운 일도 있다고 생각합니다. 저는 이럴 경우에 쉬운 일을 꾸준히 수행해 가면서 어려운 일을 해결할 수 있는 그 모색을 어 해 나가는 편이라고 말씀드립니다. 어려운 일은 반드시 그 해결 방안이 있다고 생각합니다. 주변이나 아니면은 다른 그 선배들을 통해서 배워서 해결하는 그런 그 태도가 좋다고 생각을 하고 이 배분을 네 분배를 말씀을 드리면 한 삼 대 칠이나 사 대 육 정도로 배분을 어 할 수 있다고 봅니다. 왜 그러냐 하면 어려운 일은 어 이 일을 해결을 했을 때에 그 만족도도 높지만 그 일이 회사에서 차지하고 있는 비중이 상당히 크다고 생각하기 때문에 배분을 쉬운 일보다는 크게 배분을 하는 것이 좋다고 생각합니다.","wordCount":104},"emotion":[],"intent":[{"text":"","expression":"","category":"attitude"}],"summary":{"text":"어려운 일은 반드시 해결 방안이 있다고 생각하기 때문에 주변이나 다른 선배들을 통해서 배워서 해결하는 태도가 좋습니다. 어려운 일은 회사에서 차지하는 비중이 크기 때문에 쉬운 일보다는 크게 배분을 하는 것이 좋습니다.","wordCount":30}}},"rawDataInfo":{"question":{"fileFormat":"wav","fileSize":614798,"duration":19210,"samplingBit":16,"channelCount":1,"samplingRate":"16kHz","audioPath":"/Mock/04.RND/Male/New/ckmk_q_rnd_m_n_287043.wav"},"answer":{"fileFormat":"wav","fileSize":2800718,"duration":87520,"samplingBit":16,"channelCount":1,"samplingRate":"16kHz","audioPath":"/Mock/04.RND/Male/New/ckmk_a_rnd_m_n_287043.wav"}}}