{"version":"1.0","dataSet":{"info":{"date":"20230116","occupation":"RND","channel":"MOCK","place":"ONLINE","gender":"MALE","ageRange":"55-","experience":"NEW"},"question":{"raw":{"text":"지금 읽고 계신 책이 있다면 그 책 제목을 말씀해 주시고 왜 그 책을 고르셨는지 말씀해 주세요","wordCount":16},"emotion":[],"intent":[]},"answer":{"raw":{"text":"유발 하라리가 저서 한 어 사피엔스 저는 이 책을 지금 계속 보고 있는데 어떻게 보면 그 포괄적인 인류의 역사라고 할 수가 있습니다. 어 큰 범죄의 역사서 중에 어 인류라는 어 대명제 속에 역사를 기술 했기 땜에 어 상당히 재미있습니다. 어 원래 저는 이제 역사를 참 좋아하는 사람이라서 어 한국사 뭐 세계사 어 일본사도 약간 그리고 그 음 그 특히사도 나름 요렇게 인제 섭렵을 해보고 요즘은 또 인제 책 이외에 유투브를 통해서 역사를 많이 배워볼 수가 있죠. 어 지리를 통한 역사 공부 뭐 이런 것도 있고 어 어 사피엔스는 어 우리가 그동안 역사를 공부하고 어 역사를 접해본 그와는 다르게 아주 본질적인 부분을 저한테 그 가르켜줘서 상당히 어 어 신선했던 그런 책입니다. 그리고 지리로 보는 역사 이래서 미국 편을 보게 되면 왜 미국이 그렇게 강대국이 되었냐 지 곧 미국이라는 땅 덩어리가 주는 혜택이 그만큼 신의 땅이었죠. 그 결과로 미국은 지금 최 강국의 어 들어와 있습니다.","wordCount":143},"emotion":[{"text":"어 원래 저는 이제 역사를 참 좋아하는 사람이라서 어 한국사 뭐 세계사 어 일본사도 약간 그리고 그 음 그 특히사도 나름 요렇게 인제 섭렵을 해보고 요즘은 또 인제 책 이외에 유투브를 통해서 역사를 많이 배워볼 수가 있죠.","expression":"p-interest","category":"positive"}],"intent":[{"text":"","expression":"","category":"attitude"}],"summary":{"text":"유발 하라리의 사피엔스는 포괄적인 인류의 역사라고 할 수 있습니다. 큰 범죄의 역사서 중에 인류라는 대명제 속에 역사를 기술했기 때문에 상당히 재미있습니다. 지리를 통한 역사 공부 등도 있고 사 피엔스는 아주 본질적인 부분을 가르켜줘서 신선했던 책입니다. 지리로 보는 역사 미국에서 미국이 강대국이 된 것입니다.","wordCount":43}}},"rawDataInfo":{"question":{"fileFormat":"wav","fileSize":299918,"duration":9370,"samplingBit":16,"channelCount":1,"samplingRate":"16kHz","audioPath":"/Mock/04.RND/Male/New/ckmk_q_rnd_m_n_247326.wav"},"answer":{"fileFormat":"wav","fileSize":3637838,"duration":113680,"samplingBit":16,"channelCount":1,"samplingRate":"16kHz","audioPath":"/Mock/04.RND/Male/New/ckmk_a_rnd_m_n_247326.wav"}}}