{"version":"1.0","dataSet":{"info":{"date":"20230116","occupation":"RND","channel":"MOCK","place":"ONLINE","gender":"MALE","ageRange":"-34","experience":"NEW"},"question":{"raw":{"text":"오 년 십 년 뒤에는 어떤 엔지니어가 되어 있을지 설명 부탁드리겠습니다","wordCount":11},"emotion":[],"intent":[]},"answer":{"raw":{"text":"네 오 년 뒤에 저는 저의 팀을 이끄는 팀장 설계 팀장이 되어 있을 것 같습니다. 어 이미 저의 설계적인 능력은 말씀드립기 말씀드립기 부끄럽지만 고위 임원을 이 회사의 고위 임원으로부터 임원님 임원진으로부터 이미 스카우트 제의를 받은 적이 있을 만큼 역량이 어느 정도 된다고 생각이 듭니다. 그렇기 때문에 오 년 뒤에는 제가 원하는 팀원들을 이끌어서 어 정말 혁혁한 성과를 내는 그런 팀장이 잘 나가는 팀장이 되어 있을 것 같 같구요. 그리고 십 년 뒤에는 회사의 보다 좀 더 중요한 위치를 차지하는 부장 엔지니어의 자리에 올라서 여러 다른 엔진 엔지니어들을 교육하고 가르치는 그런 네 그런 중요한 중역으로 성장을 할 것 같습니다. 이상으로 답변을 마치도록 하겠습니다. 들어주셔서 감사합니다.","wordCount":104},"emotion":[],"intent":[{"text":"","expression":"","category":"attitude"}],"summary":{"text":"오 년 뒤에는 제 팀을 이끄는 팀장 설계 팀장이 될 것 같습니다. 십 년 후에는 회사 보다 좀 더 중요한 위치를 차지하는 부장 엔지니어의 자리에 올라서 여러 다른 엔진 엔지니어들을 교육하고 가르치는 중요한 중역으로 성장을 할 것입니다.","wordCount":37}}},"rawDataInfo":{"question":{"fileFormat":"wav","fileSize":283278,"duration":8850,"samplingBit":16,"channelCount":1,"samplingRate":"16kHz","audioPath":"/Mock/04.RND/Male/New/ckmk_q_rnd_m_n_279119.wav"},"answer":{"fileFormat":"wav","fileSize":1999438,"duration":62480,"samplingBit":16,"channelCount":1,"samplingRate":"16kHz","audioPath":"/Mock/04.RND/Male/New/ckmk_a_rnd_m_n_279119.wav"}}}