{"version":"1.0","dataSet":{"info":{"date":"20230116","occupation":"RND","channel":"MOCK","place":"ONLINE","gender":"MALE","ageRange":"35-44","experience":"NEW"},"question":{"raw":{"text":"지원자님께서는 본인 스스로 숫자와 창의 중에서 어떤 것에 더 가깝다고 생각하시나요 그렇게 생각하시는 이유도 말씀해 주세요","wordCount":16},"emotion":[],"intent":[]},"answer":{"raw":{"text":"저는 스스로를 숫자와 창의 중에 창의에 더 가까운 사람이라고 생각합니다. 저는 고등학교 때도 문과를 선택하였고요. 대학교에서도 인문학인 역사학을 전공하였습니다. 대학 졸업 후에는 장교로서 군대에 복무하며 여러 부대원들과 어울렸고 사회생활에서도 보험 회사에 근무하며 영업 활동을 하며 여러 사람들과 어울렸습니다. 제 창의력이 다른 사람보다 더 뛰어나다고 말씀드릴 수는 없을 것 같습니다. 하지만 제가 생각하는 창의성은 사람과 사람의 관계에서 그것을 바탕으로 나오는 것이라고 생각합니다. 아주 많은 사람과 사람 사이에 또 구성원 간의 업무를 경험해 본 경험이 있기 때문에 저는 창의력에 더 가까운 사람이라고 생각합니다.","wordCount":81},"emotion":[{"text":"저는 고등학교 때도 문과를 선택하였고요.","expression":"u-fact","category":"neutral"},{"text":"대학교에서도 인문학인 역사학을 전공하였습니다.","expression":"u-fact","category":"neutral"}],"intent":[{"text":"저는 고등학교 때도 문과를 선택하였고요.","expression":"c_private","category":"background"},{"text":"대학교에서도 인문학인 역사학을 전공하였습니다.","expression":"c_private","category":"background"},{"text":"대학 졸업 후에는 장교로서 군대에 복무하며 여러 부대원들과 어울렸고 사회생활에서도 보험 회사에 근무하며 영업 활동을 하며 여러 사람들과 어울렸습니다.","expression":"c_private","category":"background"}],"summary":{"text":"저는 사람과 사람의 관계에서 그것을 바탕으로 나오는 것이라고 생각합니다. 아주 많은 사람과 사람 사이에 또 구성원 간의 업무를 경험해 본 경험이 있기 때문에 저는 창의력에 더 가까운 사람이라고 봅니다.","wordCount":29}}},"rawDataInfo":{"question":{"fileFormat":"wav","fileSize":622478,"duration":19450,"samplingBit":16,"channelCount":1,"samplingRate":"16kHz","audioPath":"/Mock/04.RND/Male/New/ckmk_q_rnd_m_n_290335.wav"},"answer":{"fileFormat":"wav","fileSize":2206158,"duration":68940,"samplingBit":16,"channelCount":1,"samplingRate":"16kHz","audioPath":"/Mock/04.RND/Male/New/ckmk_a_rnd_m_n_290335.wav"}}}