{"version":"1.0","dataSet":{"info":{"date":"20230116","occupation":"RND","channel":"MOCK","place":"ONLINE","gender":"MALE","ageRange":"45-54","experience":"NEW"},"question":{"raw":{"text":"지원자분께서는 어떠한 문제에 부딪쳤을 때 혼자 해결하려고 하시는 편이신지 아니면 여러 사람들에게 이야기를 통해서 해결하려고 하시는 편인지 궁금합니다","wordCount":18},"emotion":[],"intent":[]},"answer":{"raw":{"text":"네. 어떤 문제에 부딪쳤을 때 어 혼자 해결하는 편인지 아니면 여러 사람들과 이야기를 나눠서 얘기하는 편인지를 여쭤보셨는데 어 둘 다를 하는 것 같습니다. 혼자만 고민을 하고 어 있는 것보다 어 그 답답함을 음 제 가까운 친구들에게도 어 현재 사항을 알리고 어 또 혹시나 해결점이 있는지 또 도움을 받을 수 있는 정보가 있는지에 대해서도 어 물어볼 것입니다. 물론 어 좋은 답을 얻는 경우도 있지만 또 답이 없는 경우도 어 많이 있었던 기억이 있습니다. 결국에는 제가 스스로 해결해야 되는 경우가 한 칠 팔십 퍼센트 정도 되었던 것 같습니다. 어 그렇다고 해서 어 혼자 어 주변 사람들에게 얘기하자 하지 않고 혼자 고민을 한다는 것은 어리석은 행동이라고 생각을 합니다. 정신적으로도 어 바람직하지 않고 정신적 건강에도 바람직하지 않고 또 어 바른 해결 실마리가 잡히는 것도 아니기 때문입니다. 많은 사람들의 지혜가 어 모일 때 좋은 실마리와 해결점이 나온다는 확신이 있습니다. 그리고 정신적 건강에도 도움이 된다고 생각을 합니다. 이상입니다.","wordCount":142},"emotion":[],"intent":[{"text":"","expression":"","category":"attitude"}],"summary":{"text":"둘 다 하는 것 같습니다. 혼자 고민하는 것보다 친구들에게 현재 사항을 알리고 해결점이나 도움을 받을 수 있는 정보가 있는지 물어볼 것입니다. 많은 사람들의 지혜가 모일 때 해결점이 나오고 정신 건강에도 도움이 된다고 생각합니다.","wordCount":33}}},"rawDataInfo":{"question":{"fileFormat":"wav","fileSize":384078,"duration":12000,"samplingBit":16,"channelCount":1,"samplingRate":"16kHz","audioPath":"/Mock/04.RND/Male/New/ckmk_q_rnd_m_n_347717.wav"},"answer":{"fileFormat":"wav","fileSize":3748558,"duration":117140,"samplingBit":16,"channelCount":1,"samplingRate":"16kHz","audioPath":"/Mock/04.RND/Male/New/ckmk_a_rnd_m_n_347717.wav"}}}