{"version":"1.0","dataSet":{"info":{"date":"20230116","occupation":"RND","channel":"MOCK","place":"ONLINE","gender":"MALE","ageRange":"-34","experience":"NEW"},"question":{"raw":{"text":"만약 시간이 촉박한 상황이 생긴다면 면접자님께서는 어떻게 시간 관리를 하실 겁니까 면접자님만의 시간 관리법에 대해 자세하게 설명 부탁드립니다","wordCount":18},"emotion":[],"intent":[]},"answer":{"raw":{"text":"예 요즘은 워낙 그 스케줄 관리가 타이트하다 보니까 그 촉박이라는 말은 그냥 늘 일상화가 돼 있다고 생각을 합니다. 그 예상하지 못했던 일이 많이 발생함으로써 촉박한 상황이 이렇게 생기는 것이 대다수고 그 계획 내에서 이루어지는 것은 촉박하지 않 않다 또는 촉박이란 말하고 잘 어울리지 않는다고 생각합니다. 어 그래서 촉박한 경우를 최소화 하기 위해서는 본인이 시간 관리를 잘 해야 되는데 예를 들어서 근무 시간에 전화 통화를 하는 시간 또 회의 참석하는 시간 또는 외근 나가는 시간 등등을 최소화하고 관리하는 게 우선 중요하다고 생각합니다. 그래 외부로부터 간섭을 많이 받을수록 본인이 영위할 수 있는 관리할 수 있는 시간이 줄어들기 때문에 결국에는 내가 내 시간을 관리를 한다는 것은 대외적인 방해를 최소화하고 또는 그런 문제가 발생이 돼도 가장 짧은 시간에 효과적으로 마무리 짓고 다시 본인의 자 자리 위치로 돌아오는 것이 매우 중요하다고 생각합니다. 이를테면 본인의 시간 관리가 매우 중요하고 그래서 저는 일반적으로 회의는 뭐 한 시간 내에 마무리 한다 그다음에 전화는 뭐 굵고 짧게 어 오 분 내에 통화를 마무리 한다 이런 원칙을 갖고 그 운영 관리를 하고 있습니다. 그러다 보니 시간 관리하는 데 도움이 많이 되고 있습니다.","wordCount":172},"emotion":[],"intent":[{"text":"","expression":"","category":"attitude"}],"summary":{"text":"스케줄 관리가 타이트하다 보니 촉박은 늘 일상화되어 있습니다. 촉박한 상황을 최소화하기 위해서는 본인이 시간 관리를 잘 해야 됩니다. 외부로부터 간섭을 많이 받을수록 본인의 관리 시간이 줄어들기 때문에 대외적인 방해를 최소화하고 가장 짧은 시간에 효과적으로 마무리 짓고 다시 본인의 자리 위치로 돌아오는 것이 매우 중요합니다.","wordCount":44}}},"rawDataInfo":{"question":{"fileFormat":"wav","fileSize":461198,"duration":14410,"samplingBit":16,"channelCount":1,"samplingRate":"16kHz","audioPath":"/Mock/04.RND/Male/New/ckmk_q_rnd_m_n_338659.wav"},"answer":{"fileFormat":"wav","fileSize":2911118,"duration":90970,"samplingBit":16,"channelCount":1,"samplingRate":"16kHz","audioPath":"/Mock/04.RND/Male/New/ckmk_a_rnd_m_n_338659.wav"}}}