{"version":"1.0","dataSet":{"info":{"date":"20230116","occupation":"RND","channel":"MOCK","place":"ONLINE","gender":"MALE","ageRange":"35-44","experience":"NEW"},"question":{"raw":{"text":"다른 지원자들에 비해서 지원자분 본인만이 가지고 계시는 차별성 혹은 장점을 어필할 수 있다면 그것이 무엇일지 답변 부탁드리겠습니다","wordCount":17},"emotion":[],"intent":[]},"answer":{"raw":{"text":"제가 생각하는 저의 차별성은 상상력을 구체화 시키는 능력인 것 같습니다. 저는 항상 다양한 생각들을 많이 합니다. 그리고 제가 하고 싶은 일이나 해야 할 일에 접목을 시킬 포인트를 잘 캐치하는 편입니다. 그래서 지인들이나 직장 동료들도 저에게 아이디어를 많이 물어보고 일을 구체화 시키는 일에 대한 도움 요청을 많이 받습니다. 그냥 단순히 상상하고 공상으로 끝나는 것이 아니라 제가 가진 아이디어들을 어떻게 구체화 시킬 것인지에 대해 생각을 정말 많이 합니다. 다들 자신의 아이디어는 꽁꽁 숨겨두고 알려주지는 않지만 저는 저의 아이디어가 다른 사람들에게 도움이 된다면 그 자체가 즐거움이고 기쁨이기 때문에 누군가에게 도움 주는 것을 좋아합니다. 요즘 세상에서 일적인 도움을 줄 수 있는 것이 저만의 경쟁력이라고 생각합니다.","wordCount":101},"emotion":[],"intent":[{"text":"","expression":"","category":"attitude"}],"summary":{"text":"저는 상상하고 공상으로 끝나는 것이 아니라 제 아이디어가 다른 사람들에게 도움이 된다면 그 자체가 즐거움이고 기쁨이기 때문에 누군가에게 도움 주는 것을 좋아합니다.","wordCount":22}}},"rawDataInfo":{"question":{"fileFormat":"wav","fileSize":409678,"duration":12800,"samplingBit":16,"channelCount":1,"samplingRate":"16kHz","audioPath":"/Mock/04.RND/Male/New/ckmk_q_rnd_m_n_332713.wav"},"answer":{"fileFormat":"wav","fileSize":2496078,"duration":78000,"samplingBit":16,"channelCount":1,"samplingRate":"16kHz","audioPath":"/Mock/04.RND/Male/New/ckmk_a_rnd_m_n_332713.wav"}}}