{"version":"1.0","dataSet":{"info":{"date":"20230116","occupation":"RND","channel":"MOCK","place":"ONLINE","gender":"MALE","ageRange":"35-44","experience":"NEW"},"question":{"raw":{"text":"만약 일을 하던 중 팀원과 불화가 생긴다면 어떻게 해결하실 생각이십니까 해결법과 그 이유를 말씀해 주시기 바랍니다","wordCount":16},"emotion":[],"intent":[]},"answer":{"raw":{"text":"네 그 어려운 일입니다. 팀원과 불화가 생겼다 이거 솔직히 상당히 어렵고 중요한 일이죠. 그 일이 이미 발생이 됐다 하면은 어 저는 그 불화가 생긴 내용에 대해서 먼저 간단하게 저 스스로 어 정리를 한 번 해 보겠습니다. 이 문제가 왜 생겼는지 어 제가 주장한 것은 뭐고 또 팀원이 주장한 것은 뭐고 그 양자 간에 주장하고 가장 큰 편차가 어디서 나왔고 이게 어떤 문제를 야기시킬 수 있는지 즉 회사 입장에서는 두 사람의 의견 주장이 과연 어떤 게 더 좋고 어떤 게 더 맞는지 등등에 대해서 생각을 해 보겠습니다. 그래서 그런 것들을 좀 정리를 한 다음에 그 팀원과 이렇게 조용하게 자리를 갖도록 하겠습니다. 그래서 어 현재 발생하는 이유가 문제점에 대해서는 어떤 개인적인 이들의 문제가 아니라 업무로 발생한 그런 그런 견해차라든지 어떤 그런 문제이기 때문에 그런 시각에서 나의 생각과 또 팀원의 생각을 듣고 또 분석하고 설명하면서 오해가 있다면은 오해를 풀고 그다음에 결국에는 문제를 하기 위해서 마주 앉아서 대화를 하는 거기 때문에 양자의 두 사람의 어떤 주장을 서로 공유하고 관리하면서 공동의 답을 찾 찾을 수 있는 그런 시간을 갖도록 하겠습니다.","wordCount":165},"emotion":[],"intent":[{"text":"","expression":"","category":"attitude"}],"summary":{"text":"팀원과 불화가 생겼습니다. 이 불화가 생긴 내용에 대해서 먼저 제가 정리를 해 보겠습니다. 양자 간에 주장하고 가장 큰 편차가 어디서 나왔고 이것이 어떤 문제를 야기시킬 수 있는지 등에 대해서 생각을 해 보겠습니다. 현재 발생하는 이유가 업무로 발생한 견해차 등의 문제이기 때문에 오해가 있다면 오해를 풀고 양자의 두 사람의 주장을 서로 공유하고 관리하면서 공동의 답을 찾 찾을 수 있는 시간을 갖도록 하겠습니다.","wordCount":61}}},"rawDataInfo":{"question":{"fileFormat":"wav","fileSize":463438,"duration":14480,"samplingBit":16,"channelCount":1,"samplingRate":"16kHz","audioPath":"/Mock/04.RND/Male/New/ckmk_q_rnd_m_n_344257.wav"},"answer":{"fileFormat":"wav","fileSize":2978958,"duration":93090,"samplingBit":16,"channelCount":1,"samplingRate":"16kHz","audioPath":"/Mock/04.RND/Male/New/ckmk_a_rnd_m_n_344257.wav"}}}