{"version":"1.0","dataSet":{"info":{"date":"20230116","occupation":"RND","channel":"MOCK","place":"ONLINE","gender":"MALE","ageRange":"35-44","experience":"NEW"},"question":{"raw":{"text":"최근에 가장 재미있게 하고 있는 일은 무엇인가요 그렇다면 왜 그 일에서 흥미를 느끼는지도 함께 설명해 주세요","wordCount":16},"emotion":[],"intent":[]},"answer":{"raw":{"text":"최근에 저는 음 운동을 재미있게 하고 있습니다. 어 운동을 하면 어 우선 어 업무로부터 받은 스트레스 해소에 도움이 되고 어 그리고 같이 어 운동함으로써 사람들과의 유대감을 어 받을 수 있습니다. 어 그리고 체력적으로 그리고 체격적으로 점점 성장해 가는 모습을 보는 게 어 재미있고 신기하기도 합니다.","wordCount":45},"emotion":[{"text":"최근에 저는 음 운동을 재미있게 하고 있습니다.","expression":"p-interest","category":"positive"},{"text":"어 그리고 체력적으로 그리고 체격적으로 점점 성장해 가는 모습을 보는 게 어 재미있고 신기하기도 합니다.","expression":"p-interest","category":"positive"}],"intent":[{"text":"","expression":"","category":"attitude"}],"summary":{"text":"업무 스트레스 해소와 유대감 형성에 도움이 되고, 체력적, 체격적으로 성장해 가는 모습을 보니 운동하는 것이 재미있고 신기하기도 합니다.","wordCount":18}}},"rawDataInfo":{"question":{"fileFormat":"wav","fileSize":310478,"duration":9700,"samplingBit":16,"channelCount":1,"samplingRate":"16kHz","audioPath":"/Mock/04.RND/Male/New/ckmk_q_rnd_m_n_285524.wav"},"answer":{"fileFormat":"wav","fileSize":1330958,"duration":41590,"samplingBit":16,"channelCount":1,"samplingRate":"16kHz","audioPath":"/Mock/04.RND/Male/New/ckmk_a_rnd_m_n_285524.wav"}}}