{"version":"1.0","dataSet":{"info":{"date":"20230116","occupation":"RND","channel":"MOCK","place":"ONLINE","gender":"MALE","ageRange":"-34","experience":"NEW"},"question":{"raw":{"text":"회사에 들어오시면 기존의 업무 스타일과 많이 달라질 수가 있는데 기존과 다른 업무 스타일에 잘 적응하실 수 있을까요","wordCount":17},"emotion":[],"intent":[]},"answer":{"raw":{"text":"네 저는 잘 적응할 자신이 있습니다. 어 제 가장 큰 장점은 적응력입니다. 하지만 적응력을 나아가 저는 회사라는 공동의 집단에서 회사가 추진하는 공동의 목표를 이뤄내기 위해서 일부 개인이 희생할 수 있어야 한다고 생각하는 사람입니다. 그렇기 때문에 저는 기존과 다른 업무 스타일 혹은 회사의 가치관이 저와 상이한 부분이 있더라도 저는 제 자신이 희생할 자신이 있습니다. 제 자신이 희생해서 어 회사의 업무에 조금 더 빠르게 적응하고 회사가 추진하는 공동의 목표에 같이 발돋움할 수 있고 함께 계단 청사진을 그려 나갈 수 있도록 부단히 노력하겠습니다. 감사합니다","wordCount":81},"emotion":[],"intent":[{"text":"어 제 가장 큰 장점은 적응력입니다.","expression":"c_person","category":"background"},{"text":"하지만 적응력을 나아가 저는 회사라는 공동의 집단에서 회사가 추진하는 공동의 목표를 이뤄내기 위해서 일부 개인이 희생할 수 있어야 한다고 생각하는 사람입니다.","expression":"c_value","category":"background"}],"summary":{"text":"저는 적응할 자신이 있으며 제 가장 큰 장점은 적응력입니다. 하지만 회사라는 공동의 목표를 이뤄내기 위해 일부 개인이 희생할 수 있어야 한다고 생각하는 사람입니다. 따라서 제 자신이 희생하도록 노력하겠습니다.","wordCount":28}}},"rawDataInfo":{"question":{"fileFormat":"wav","fileSize":343118,"duration":10720,"samplingBit":16,"channelCount":1,"samplingRate":"16kHz","audioPath":"/Mock/04.RND/Male/New/ckmk_q_rnd_m_n_328959.wav"},"answer":{"fileFormat":"wav","fileSize":1140558,"duration":35640,"samplingBit":16,"channelCount":1,"samplingRate":"16kHz","audioPath":"/Mock/04.RND/Male/New/ckmk_a_rnd_m_n_328959.wav"}}}