{"version":"1.0","dataSet":{"info":{"date":"20230116","occupation":"RND","channel":"MOCK","place":"ONLINE","gender":"MALE","ageRange":"55-","experience":"NEW"},"question":{"raw":{"text":"과거에 프로젝트를 수행해 본 경험이 있나요 있다면 그때 프로젝트 내에서는 어떤 역할을 맡으셨나요","wordCount":13},"emotion":[],"intent":[]},"answer":{"raw":{"text":"과거 의약품을 자동으로 분배해 주는 시스템 개발에 참여했던 경험이 있습니다. 사람이 성인이 되면 비타민 포함해서 여러 가지 정기적으로 섭취해야 할 의약품들이 생깁니다. 이것을 자동으로 분배해 주는 시스템을 개발 했습니다. 저는 그 프로젝트에서 프로그램을 짜는 역할을 했습니다. 그래서 환자와 의료진과 상의를 해서 적절한 의약품을 자동으로 환자 집에게 배송해주는 시스템을 개발했습니다.","wordCount":49},"emotion":[{"text":"과거 의약품을 자동으로 분배해 주는 시스템 개발에 참여했던 경험이 있습니다.","expression":"u-fact","category":"neutral"}],"intent":[{"text":"그래서 환자와 의료진과 상의를 해서 적절한 의약품을 자동으로 환자 집에게 배송해주는 시스템을 개발했습니다.","expression":"c_private","category":"background"}],"summary":{"text":"성인이 되면 비타민 등 정기적으로 섭취해야 할 의약품들을 자동으로 분배해 주는 시스템을 개발했습니다. 환자와 의료진의 상의를 해서 의약품을 자동으로 환자 집에게 배송해주는 시스템입니다.","wordCount":23}}},"rawDataInfo":{"question":{"fileFormat":"wav","fileSize":300558,"duration":9390,"samplingBit":16,"channelCount":1,"samplingRate":"16kHz","audioPath":"/Mock/04.RND/Male/New/ckmk_q_rnd_m_n_304653.wav"},"answer":{"fileFormat":"wav","fileSize":1797838,"duration":56180,"samplingBit":16,"channelCount":1,"samplingRate":"16kHz","audioPath":"/Mock/04.RND/Male/New/ckmk_a_rnd_m_n_304653.wav"}}}