{"version":"1.0","dataSet":{"info":{"date":"20230116","occupation":"RND","channel":"MOCK","place":"ONLINE","gender":"MALE","ageRange":"35-44","experience":"NEW"},"question":{"raw":{"text":"과거 마주했던 어려운 문제를 해결하기 위해서 어떤 아이디어를 제안했고 거기서 무엇을 했는지 과정을 한번 말씀해 주세요","wordCount":16},"emotion":[],"intent":[]},"answer":{"raw":{"text":"어 예전 회사에 다닐 때 음 불량이 대량으로 발생해서 여러 사람을 동원하여 그 불량 선별을 한 적이 있습니다. 음 여러 사람이 각각 어 각각 측정기를 가지고 측정을 했는데 음 이때 시간이 많이 소요되어 저는 어 팀을 조직하고 팀원들로 하여금 어 각각의 업무를 분배하였습니다. 어 물건을 옮기는 사람 그리고 어 육안으로 분류하는 사람 그리고 측정하는 사람 이렇게 나누어서 어 다른 사람 다른 팀들에 비해서 아주 빨리 일을 처리하였습니다.","wordCount":67},"emotion":[],"intent":[{"text":"","expression":"","category":"attitude"}],"summary":{"text":"저는 팀을 조직하고 팀원들로 하여금 업무를 분배하였고, 물건을 옮기는 사람, 육안으로 분류하는 사람, 측정하는 사람 이렇게 나누어 다른 팀들에 비해서 빠르게 일을 처리하였습니다.","wordCount":23}}},"rawDataInfo":{"question":{"fileFormat":"wav","fileSize":312398,"duration":9760,"samplingBit":16,"channelCount":1,"samplingRate":"16kHz","audioPath":"/Mock/04.RND/Male/New/ckmk_q_rnd_m_n_282631.wav"},"answer":{"fileFormat":"wav","fileSize":2063118,"duration":64470,"samplingBit":16,"channelCount":1,"samplingRate":"16kHz","audioPath":"/Mock/04.RND/Male/New/ckmk_a_rnd_m_n_282631.wav"}}}