{"version":"1.0","dataSet":{"info":{"date":"20230116","occupation":"RND","channel":"MOCK","place":"ONLINE","gender":"MALE","ageRange":"45-54","experience":"NEW"},"question":{"raw":{"text":"다른 사람들과 협업을 진행하면서 가장 어려웠던 점이 있으셨다면 무엇입니까 어떻게 극복했는지도 말씀해 주세요","wordCount":13},"emotion":[],"intent":[]},"answer":{"raw":{"text":"네 다른 사람들과 협업을 하면서 가장 어려웠던 점은 아무래도 어 공동의 이익을 위해서 어 함께 하는 것이고 또 백 퍼센트 어 헌신해서 일을 할 때 서로에게 도움이 된다는 확신이 중요했던 것 같습니다. 그 부분에 대한 확신이 없고 어 또 신뢰가 없다면 어 협업이 잘 안 되는 뿐만 아니라 어 그 협업에 대한 효과와 그 파급 효과에 대해서 의문점을 가진다면 어 협업이 원활하게 안 됩니다. 그래서 어 먼저 어 서로가 신뢰하고 어 백 퍼센트 정보 공유를 할 수 있는 분위기와 그리고 목표 의식을 갖는 게 에 중요했습니다. 그래서 개개인과 한 명 한 명과 친분을 쌓고 그다음에 저희가 하고 있는 이 프로젝트에 대한 어 목표 의식을 분명히 하고 그다음에 어 거기에 대한 그 결과에 대해서 어 각 협업하는 사람들 간에 얼마나 많은 어 이익을 서로가 공유할 수 있는지에 대해서도 깊이 생각을 하고 대화를 나눴습니다. 이상입니다.","wordCount":133},"emotion":[],"intent":[{"text":"","expression":"","category":"attitude"}],"summary":{"text":"협업을 하면서 가장 어려웠던 점은 공동의 이익을 위해서 함께 하는 것이고 또 백 퍼센트 어 헌신해서 일을 할 때 서로에게 도움이 된다는 확신이 중요했던 것 같습니다. 그래서 서로 신뢰하고 정보 공유를 할 수 있는 분위기와 목표 의식을 갖는 게 중요했습니다.","wordCount":40}}},"rawDataInfo":{"question":{"fileFormat":"wav","fileSize":352078,"duration":11000,"samplingBit":16,"channelCount":1,"samplingRate":"16kHz","audioPath":"/Mock/04.RND/Male/New/ckmk_q_rnd_m_n_337064.wav"},"answer":{"fileFormat":"wav","fileSize":3653838,"duration":114180,"samplingBit":16,"channelCount":1,"samplingRate":"16kHz","audioPath":"/Mock/04.RND/Male/New/ckmk_a_rnd_m_n_337064.wav"}}}