{"version":"1.0","dataSet":{"info":{"date":"20230116","occupation":"RND","channel":"MOCK","place":"ONLINE","gender":"MALE","ageRange":"55-","experience":"NEW"},"question":{"raw":{"text":"기업이 기술 경쟁력을 확보하려면 어떤 노력을 해야 하는지 의견을 말씀해 주세요","wordCount":11},"emotion":[],"intent":[]},"answer":{"raw":{"text":"어 당연히 이 전략적인 인프라를 구축하는데 많은 노력을 해야 된다 라고 생각을 합니다. 어 요즘은 어 에이아이 시대를 앞에 두고 있고 사물 인터넷 그리고 빅데이타 이런 여러 새로운 세상을 앞에 두고 있는 그런 어 시점이라서 당연히 그런 것에 대한 전략적 인프라를 어 꾸준히 그리고 어 이 여러 가지 방면으로 필요한 어 인재들을 육성하고 그리고 어 스카우드 하고 그리고 잘 융합할 수 있는 사람들의 그런 어 인재들을 잘 융화해서 그 인프라 속에서 인프라 위에 어 경쟁력을 만들어내는 그런 또 리더가 가장 또 중요하다고 생각을 합니다. 어 인프라도 잘 구축되어 있고 인재들도 튼 어 탄탄하고 그런데 경쟁력이 타기업보다 월등하다 라고는 장담할 수가 없죠. 그 부분은 오너의 역량일 겁니다. 어떻게 이끌어가느냐 그거는 어떻게 보면 천부적인 자질이 있어야 되지 않을까라는 생각을 해 봅니다.","wordCount":119},"emotion":[],"intent":[{"text":"","expression":"","category":"attitude"}],"summary":{"text":"사물 인터넷, 빅데이타와 같은 새로운 세상에서는 전략적 인프라를 구축하고 인재들을 육성해야 합니다. 인재들을 잘 융화해서 인프라 위에 경쟁력을 만들어내는 리더가 중요합니다. 인프라도 잘 구축되어 있고 인재들도 탄탄하지만 타기업보다 월등하다 라고 단언할 수 없습니다.","wordCount":33}}},"rawDataInfo":{"question":{"fileFormat":"wav","fileSize":315278,"duration":9850,"samplingBit":16,"channelCount":1,"samplingRate":"16kHz","audioPath":"/Mock/04.RND/Male/New/ckmk_q_rnd_m_n_247189.wav"},"answer":{"fileFormat":"wav","fileSize":3304398,"duration":103260,"samplingBit":16,"channelCount":1,"samplingRate":"16kHz","audioPath":"/Mock/04.RND/Male/New/ckmk_a_rnd_m_n_247189.wav"}}}