{"version":"1.0","dataSet":{"info":{"date":"20230116","occupation":"RND","channel":"MOCK","place":"ONLINE","gender":"MALE","ageRange":"35-44","experience":"NEW"},"question":{"raw":{"text":"개발과 환경은 조화를 이루면서 발전을 해야 되겠죠 본인이 생각할 때 어 개발과 환경의 바람직한 조화에 대해서 말씀해 주시면 감사하겠습니다","wordCount":19},"emotion":[],"intent":[]},"answer":{"raw":{"text":"어 개발이 환경에 영향을 미치지 않는다 라고는 할 수 없지만 어 그 환경을 최대한 보존하면서 어 환경과 좀 함께 할 수 있는 개발이 어 바람직한 개발과 환경의 조화라고 생각합니다. 아 예를 들어 어 개발 또한 환경의 눈치만 보고 하다 보면은 어 개발이 좀 더디거나 어 너 진전이 없거나 할 수 있기 때문에 음 개발을 하면서 환경도 좀 어 고려하고 환경을 해치지 않는 수준이 아니라 개발을 하면서 어떤 그런 개발 기술로 환경까지도 좀 어 개선을 하고 어 환경을 조금 더 좋게 할 수 있는 그런 방향으로 서로가 어 좀 도움을 주는 방향으로 가야 된다 라고 생각합니다. 음 어 계속 뭐 환경을 보호해야 된다고 해서 개발을 안 하는 것보다는 어 환경을 더 좋게 하기 위한 개발을 하면서 어 그 양을 그 개발과 환경에 어떤 그 적정 수준의 그 양을 좀 맞춰 가는 게 좀 바람직한 어 부분이 아닌가 라고 생각합니다.","wordCount":138},"emotion":[],"intent":[{"text":"어 개발이 환경에 영향을 미치지 않는다 라고는 할 수 없지만 어 그 환경을 최대한 보존하면서 어 환경과 좀 함께 할 수 있는 개발이 어 바람직한 개발과 환경의 조화라고 생각합니다.","expression":"c_value","category":"background"},{"text":"아 예를 들어 어 개발 또한 환경의 눈치만 보고 하다 보면은 어 개발이 좀 더디거나 어 너 진전이 없거나 할 수 있기 때문에 음 개발을 하면서 환경도 좀 어 고려하고 환경을 해치지 않는 수준이 아니라 개발을 하면서 어떤 그런 개발 기술로 환경까지도 좀 어 개선을 하고 어 환경을 조금 더 좋게 할 수 있는 그런 방향으로 서로가 어 좀 도움을 주는 방향으로 가야 된다 라고 생각합니다.","expression":"c_value","category":"background"}],"summary":{"text":"환경을 최대한 보존하면서 환경과 함께 할 수 있는 개발이 바람직한 개발과 환경의 조화라고 생각합니다. 개발을 하면서 환경도 고려하고 환경을 해치지 않는 수준이 아니라 환경을 개선하고 환경을 좋게 할 수 있도록 서로 도움을 주는 방향으로 가야 될 것입니다.","wordCount":37}}},"rawDataInfo":{"question":{"fileFormat":"wav","fileSize":645838,"duration":20180,"samplingBit":16,"channelCount":1,"samplingRate":"16kHz","audioPath":"/Mock/04.RND/Male/New/ckmk_q_rnd_m_n_311892.wav"},"answer":{"fileFormat":"wav","fileSize":3230478,"duration":100950,"samplingBit":16,"channelCount":1,"samplingRate":"16kHz","audioPath":"/Mock/04.RND/Male/New/ckmk_a_rnd_m_n_311892.wav"}}}