{"version":"1.0","dataSet":{"info":{"date":"20230116","occupation":"RND","channel":"MOCK","place":"ONLINE","gender":"MALE","ageRange":"35-44","experience":"NEW"},"question":{"raw":{"text":"과거에 프로젝트를 수행했던 경험이 있는지 궁금한데요 만약 있다면 해당 프로젝트 내에서 어떤 역할을 맡았는지 설명해 주세요","wordCount":16},"emotion":[],"intent":[]},"answer":{"raw":{"text":"과거 많은 프로젝트를 경험하면서 저는 프로젝트 매니저나 팀 리더의 자리에 있었던 경험이 많습니다. 어렸을 때부터 그러한 방향으로 제 삶이 나아갔다고 생각합니다. 대학교에 가서는 역사 답사 위원회에 위원장을 하면서 매번 매 학기 답사를 준비하였고요. 군대에서는 소대장 임무를 삼 년 동안 하면서 많은 훈련 과정을 겪어봤습니다. 보험회사에서도 영업 지점장을 통해 중간 관리자로서 최선을 다했습니다. 그런 것들이 점점 쌓이다 보니 저는 어느새 전체적인 업무를 통괄하고 바라보는 입장에 익숙해진 사람이 되어 있었습니다. 그렇기 때문에 주로 팀 리더나 프로젝트 리더의 역할을 맡은 맡은 경험이 많습니다.","wordCount":80},"emotion":[{"text":"대학교에 가서는 역사 답사 위원회에 위원장을 하면서 매번 매 학기 답사를 준비하였고요.","expression":"u-fact","category":"neutral"}],"intent":[{"text":"대학교에 가서는 역사 답사 위원회에 위원장을 하면서 매번 매 학기 답사를 준비하였고요.","expression":"c_private","category":"background"},{"text":"군대에서는 소대장 임무를 삼 년 동안 하면서 많은 훈련 과정을 겪어봤습니다.","expression":"c_private","category":"background"},{"text":"보험회사에서도 영업 지점장을 통해 중간 관리자로서 최선을 다했습니다.","expression":"c_private","category":"background"}],"summary":{"text":"저는 초등학교 때부터 프로젝트 매니저나 팀 리더의 역할을 맡았던 경험이 많습니다. 대학교에서는 역사 답사 위원회에 위원장을 하였고, 군대에서는 소대장 임무를 수행했으며, 보험회사에서는 중간관리자로서 최선을 다했습니다.","wordCount":25}}},"rawDataInfo":{"question":{"fileFormat":"wav","fileSize":367438,"duration":11480,"samplingBit":16,"channelCount":1,"samplingRate":"16kHz","audioPath":"/Mock/04.RND/Male/New/ckmk_q_rnd_m_n_290342.wav"},"answer":{"fileFormat":"wav","fileSize":2261838,"duration":70680,"samplingBit":16,"channelCount":1,"samplingRate":"16kHz","audioPath":"/Mock/04.RND/Male/New/ckmk_a_rnd_m_n_290342.wav"}}}