{"version":"1.0","dataSet":{"info":{"date":"20230116","occupation":"RND","channel":"MOCK","place":"ONLINE","gender":"MALE","ageRange":"35-44","experience":"NEW"},"question":{"raw":{"text":"본인의 장단점을 말씀해 주세요 그리고 그것을 특화 시키고 극복하기 위해 했던 노력도 함께 말씀해 주세요","wordCount":15},"emotion":[],"intent":[]},"answer":{"raw":{"text":"저는 어떠한 상황에서도 당황한 티를 내지 않는 것이 저의 장점이라고 생각합니다. 타인에게 당황하거나 부족한 티가 나는 것이 제 스스로 지는 것 같고 왠지 모르게 용납이 되지 않습니다. 그래서 포커페이스로 제 감정을 드러내지 않는 것이 습관화 되어 있습니다. 사실 저도 속으로는 무척 떨리고 당황한 경우이지만 겉으로 티를 절대 내지 않는 것인데 동료들과 지인들은 어떻게 이런 상황에서 그렇게 차분할 수 있는지 정말 대단하다고 표현하면서 흔들림 없는 차분한 사람으로 평가합니다. 하지만 이것이 한편으로는 저의 단점이 되기도 합니다. 좋게 봐주는 사람들은 차분하다고 표현하지만 좋지 않게 바라보는 사람들은 저를 칼 같고 얼음같이 차갑다 라고 합니다. 저는 사실 당황한 상황이라 말을 절제하는 것 뿐인데 사람들은 감정이 없고 차갑게만 바라보기 때문입니다. 그래서 이것이 저의 장점이자 단점인데 이 단점을 보완하기 위해서 제가 왜 이렇게 포커 페이스가 되었는지 주변 사람들에게 설명을 하며 오해를 풀려고 노력하고 있습니다.","wordCount":127},"emotion":[],"intent":[{"text":"사실 저도 속으로는 무척 떨리고 당황한 경우이지만 겉으로 티를 절대 내지 않는 것인데 동료들과 지인들은 어떻게 이런 상황에서 그렇게 차분할 수 있는지 정말 대단하다고 표현하면서 흔들림 없는 차분한 사람으로 평가합니다.","expression":"c_person","category":"background"}],"summary":{"text":"저는 어떠한 상황에서도 당황하거나 부족한 티를 내지 않는 것이 장점이라고 생각합니다. 하지만 이것을 좋게 봐주는 사람들은 차분하다고 표현하지만 좋지 않게 바라보는 사람들은 감정이 없고 차갑게 바라보기 때문입니다. 그래서 이 단점을 보완하기 위해 포커페이스가 된 이유를 설명하며 오해를 풀려고 노력하고 있습니다.","wordCount":40}}},"rawDataInfo":{"question":{"fileFormat":"wav","fileSize":298958,"duration":9340,"samplingBit":16,"channelCount":1,"samplingRate":"16kHz","audioPath":"/Mock/04.RND/Male/New/ckmk_q_rnd_m_n_325634.wav"},"answer":{"fileFormat":"wav","fileSize":3313998,"duration":103560,"samplingBit":16,"channelCount":1,"samplingRate":"16kHz","audioPath":"/Mock/04.RND/Male/New/ckmk_a_rnd_m_n_325634.wav"}}}