{"version":"1.0","dataSet":{"info":{"date":"20230116","occupation":"RND","channel":"MOCK","place":"ONLINE","gender":"MALE","ageRange":"35-44","experience":"NEW"},"question":{"raw":{"text":"지원자께서는 여러 가지 기술 분야를 터득하셨으리라 믿습니다 그렇다면 가장 자신 있는 기술 분야는 어떤 분야인지 한번 말씀해 주십시오","wordCount":18},"emotion":[],"intent":[]},"answer":{"raw":{"text":"제가 가장 자신 있는 분야는 데이터 라벨링 분야입니다. 저는 많은 프로젝트를 통하여 데이터 라벨링을 수행해 보았습니다. 이미지 라벨링 음성 라벨링 등 다양한 종류의 데이터 라벨링을 해 보았기 때문에 제가 가장 자신 있는 기술 분야는 데이터 라벨링 분야입니다.","wordCount":37},"emotion":[],"intent":[{"text":"","expression":"","category":"attitude"}],"summary":{"text":"저는 다양한 종류의 데이터 라벨링을 해 보았기에 가장 자신 있는 기술 분야는 데이터 라는벨링 분야입니다. 이는 가장 자신있는 기술분야입니다.","wordCount":19}}},"rawDataInfo":{"question":{"fileFormat":"wav","fileSize":452558,"duration":14140,"samplingBit":16,"channelCount":1,"samplingRate":"16kHz","audioPath":"/Mock/04.RND/Male/New/ckmk_q_rnd_m_n_320884.wav"},"answer":{"fileFormat":"wav","fileSize":1196238,"duration":37380,"samplingBit":16,"channelCount":1,"samplingRate":"16kHz","audioPath":"/Mock/04.RND/Male/New/ckmk_a_rnd_m_n_320884.wav"}}}