{"version":"1.0","dataSet":{"info":{"date":"20230116","occupation":"RND","channel":"MOCK","place":"ONLINE","gender":"MALE","ageRange":"35-44","experience":"NEW"},"question":{"raw":{"text":"살면서 가장 힘들었던 점은 무엇이었나요 그리고 그것을 극복하기 위해서는 어떤 노력들을 해 보았나요","wordCount":13},"emotion":[],"intent":[]},"answer":{"raw":{"text":"제가 가장 힘들었던 기억은 처음으로 회사에 입사하여 처음 삼 년 간은 영업 지원 부서의 스텝으로 일했을 때입니다. 일 자체는 힘들기도 하지만 금방 이해되고 숙달될 수 있었습니다. 하지만 제가 직접 영업 현장에 나가고 싶다는 욕망이 강해졌습니다. 남들이 하는 것을 분석하기만 하는 것은 제 성미에 맞지 않았던 것 같습니다. 하여 저는 이 년 차부터 상사 및 선배들에게 영업 현장에 나가고 싶다 고 꾸준하게 어필을 해 왔고 또 나갈 수 있는 기회가 있을 때마다 꾸준하게 지원을 했습니다. 그래서 입사 삼 년 차 만에 영업 현장의 지점장이 되어서 영업 업무를 시작하게 되었었습니다. 가만히 앉아서 사무실에 있는 것보다는 이곳저곳 돌아다니며 사람을 만나고 또 성과를 내는 업무가 저에게 맞았었던 것이라고 생각합니다.","wordCount":105},"emotion":[{"text":"하지만 제가 직접 영업 현장에 나가고 싶다는 욕망이 강해졌습니다.","expression":"p-interest","category":"positive"}],"intent":[{"text":"","expression":"","category":"attitude"}],"summary":{"text":"저는 처음 회사에 입사하여 처음 삼 년 간은 영업 지원 부서의 스텝으로 일했을 때 일 자체는 힘들었지만 직접 영업 현장에 나가고 싶다는 욕망이 강해졌습니다. 그래서 저는 이 년 차부터 상사 및 선배들에게 꾸준히 어필하고 지원을 했습니다.","wordCount":36}}},"rawDataInfo":{"question":{"fileFormat":"wav","fileSize":306638,"duration":9580,"samplingBit":16,"channelCount":1,"samplingRate":"16kHz","audioPath":"/Mock/04.RND/Male/New/ckmk_q_rnd_m_n_290336.wav"},"answer":{"fileFormat":"wav","fileSize":2471438,"duration":77230,"samplingBit":16,"channelCount":1,"samplingRate":"16kHz","audioPath":"/Mock/04.RND/Male/New/ckmk_a_rnd_m_n_290336.wav"}}}