{"version":"1.0","dataSet":{"info":{"date":"20230116","occupation":"RND","channel":"MOCK","place":"ONLINE","gender":"MALE","ageRange":"-34","experience":"NEW"},"question":{"raw":{"text":"현재 수많은 자동차 관련 기술들이 있는데 이 중에서 지원자님이 가장 유망한 기술은 어떤 것이라고 생각하시는지 말씀해 주세요","wordCount":17},"emotion":[],"intent":[]},"answer":{"raw":{"text":"어 제가 가장 그 유망하다고 생각하는 기술은 디자인이라고 생각을 합니다. 그냥 그 일상적으로 생각하는 디자인은 뭐 옷을 예쁘게 잘 만들고 예쁜 색상을 덧칠하고 그런 것이 아니라 자동차라는 것은 결국에는 이 차를 얼마만큼 동안에 잘 사용을 하고 생 이제 수명이 되겠죠. 사용 기간을 얼마나 설정을 하고 또 얼마 동안 사용해도 고장이 나지 않고 또 거기에 들어가는 그 구성품들이 어떤 중량에 대한 분배라든지 또는 어떤 기능들이 들어가서 사용하는데 전혀 불편함이 없는지 그 모든 것을 다 아울러서 어 고려를 해야 되기 때문에 예를 들어서 현재 우리가 봐서 세련된 것들이 아 십 년 뒤에 봐도 약 어 쓸만하다 예쁘다 어떤 노후되지 않을까 나름대로 그런 새로운 미를 유지해야 되기 때문에 결국에는 그런 것들이 매우 중요한 그 노하우라든지 장기간에 그 함축된 기술들이 있어야지만 가능한 거라고 생각을 합니다. 아 지금은 벤츠라든지 비엠더블을 보더래도 그런 이미지로 에서 나오는 기업의 이미지를 이 제품에 반영을 했듯이 디자인의 기술이 결국에는 자본자 기술의 가장 핵심이 아닌가 생각합니다.","wordCount":145},"emotion":[],"intent":[{"text":"","expression":"","category":"attitude"}],"summary":{"text":"자동차는 자동차를 오래 사용하게 되면 수명이 됩니다. 사용기간과 고장, 구성품의 중량과 기능에 대한 분배와 불편함이 없는지 고려해야 합니다. 새로운 미를 유지하려면 중요한 노하우나 장기간에 함축된 기술들이 있어야 합니다. 기업의 이미지를 제품에 반영시키는 디자인의 기술이 자본자 기술의 가장 핵심입니다.","wordCount":38}}},"rawDataInfo":{"question":{"fileFormat":"wav","fileSize":400718,"duration":12520,"samplingBit":16,"channelCount":1,"samplingRate":"16kHz","audioPath":"/Mock/04.RND/Male/New/ckmk_q_rnd_m_n_294654.wav"},"answer":{"fileFormat":"wav","fileSize":2822478,"duration":88200,"samplingBit":16,"channelCount":1,"samplingRate":"16kHz","audioPath":"/Mock/04.RND/Male/New/ckmk_a_rnd_m_n_294654.wav"}}}