{"version":"1.0","dataSet":{"info":{"date":"20230116","occupation":"RND","channel":"MOCK","place":"ONLINE","gender":"MALE","ageRange":"55-","experience":"NEW"},"question":{"raw":{"text":"현대인은 하루에 평균 세 번의 거짓말을 하고 산다고 합니다 지원자님께서 해본 가장 기억에 남는 거짓말은 무엇인지 말씀해 주시기 바랍니다","wordCount":19},"emotion":[],"intent":[]},"answer":{"raw":{"text":"제가 해본 기 어 거짓말 중에 기억에 남는 것은 제가 어렸을 때 시골에 살았는데요. 아버지께서 아침에 뒷산에 가서 누가 아 풀들을 베어가지 않았는지 가서 보고 오라고 하셨습니다. 근데 가기가 귀찮아서 뒷산까지 가지 않고 집 뒤에서 풀에 있는 이슬을 제 아 바지 단에 이렇게 척척 묻히고 갔다 온 것처럼 아버님한테 거짓말을 한 적이 있습니다. 아주 금방 어른들이 보면 금방 알아차릴 수 있는 그런 거짓말이었지요. 지금 생각해 보면 참 웃음이 나옵니다마는 그 거짓말이 참 기억에 남습니다.","wordCount":74},"emotion":[],"intent":[{"text":"","expression":"","category":"attitude"}],"summary":{"text":"어릴적 시골에 살 때 아버지가 풀들을 베어가지 않았는지 보고 오라고 하셨는데 귀찮아서 뒷산까지 가지 않고 집 뒤에서 풀에 있는 이슬을 묻히고 갔다 온 것처럼 거짓말을 한 적이 있습니다.","wordCount":28}}},"rawDataInfo":{"question":{"fileFormat":"wav","fileSize":635598,"duration":19860,"samplingBit":16,"channelCount":1,"samplingRate":"16kHz","audioPath":"/Mock/04.RND/Male/New/ckmk_q_rnd_m_n_341923.wav"},"answer":{"fileFormat":"wav","fileSize":2435918,"duration":76120,"samplingBit":16,"channelCount":1,"samplingRate":"16kHz","audioPath":"/Mock/04.RND/Male/New/ckmk_a_rnd_m_n_341923.wav"}}}