{"version":"1.0","dataSet":{"info":{"date":"20230116","occupation":"RND","channel":"MOCK","place":"ONLINE","gender":"MALE","ageRange":"35-44","experience":"NEW"},"question":{"raw":{"text":"본인께서 알고 계신 기계 설계 시 고려해야 할 사항에 대해서 말씀해 주세요","wordCount":12},"emotion":[],"intent":[]},"answer":{"raw":{"text":"어 기계를 설계할 때 최 제일 중요한 점은 안전이라고 생각하기 때문에 어 좀 고장나지 않고 내구성을 좀 최대한 어 생각해서 어 설계를 해야 된다라고 생각합니다. 그리고 기계가 과부하가 돼서 어딘가가 고장났을 때도 아 이게 안전하게 어 고장이 나더라도 좀 그 고장이 어 어떤 인명 피해나 음 다른 어떤 어 사고들로부터 조금은 안전하게 되게끔 어 설계를 하는 것이 어 중요하다 라고 저는 생각을 합니다. 가장 중요한 부분이고 그렇기 때문에 어 어떤 내구성을 바탕으로 좀 잘 고장나지 않거나 고장나더라도 어 최소한의 피해를 주게끔 설계를 하는 것이 어 중요하다 라고 생각합니다.","wordCount":88},"emotion":[],"intent":[{"text":"","expression":"","category":"attitude"}],"summary":{"text":"기계를 설계할 때 가장 중요한 점은 안전이므로 고장나지 않고 내구성을 생각해서 설계해야 합니다. 과부하로 고장났을 때도 고장이 나더라도 인명 피해나 다른 사고들로부터 안전하게 설계하는 것이 중요합니다.","wordCount":26}}},"rawDataInfo":{"question":{"fileFormat":"wav","fileSize":310478,"duration":9700,"samplingBit":16,"channelCount":1,"samplingRate":"16kHz","audioPath":"/Mock/04.RND/Male/New/ckmk_q_rnd_m_n_279739.wav"},"answer":{"fileFormat":"wav","fileSize":2618318,"duration":81820,"samplingBit":16,"channelCount":1,"samplingRate":"16kHz","audioPath":"/Mock/04.RND/Male/New/ckmk_a_rnd_m_n_279739.wav"}}}