{"version":"1.0","dataSet":{"info":{"date":"20230116","occupation":"RND","channel":"MOCK","place":"ONLINE","gender":"MALE","ageRange":"-34","experience":"NEW"},"question":{"raw":{"text":"어 만약 지원자님께서 본인의 직무에 맞지 않는 일을 하게 되신다면 어떻게 하실 건가요 그리고 그렇게 된다고 한다면 어 괜찮으신지 물어보고 싶습니다","wordCount":21},"emotion":[],"intent":[]},"answer":{"raw":{"text":"제가 회사에 가게 되어서 하게 되는 일이 제가 지원한 직무와 맞지 않을 수두 있습니다. 저는 이 직무를 하기 위해 많은 시간과 노력을 투자했고 그렇기 때문에 제가 하는 일이 직무와 맞지 않는다면 조금 안타까움이 있을 것입니다. 하지만 저는 섣불리 판단하지 않기 위해 노력하겠습니다. 회사에서 저에게 어떤 일을 주었을 때는 회사에서 저라는 사람을 판단하고 제가 해당 직무를 잘 해낼 수 있는 그런 인재라는 판단이 들었기 때문에 저에게 그러한 일을 준 것이라고 생각합니다. 그리고 어떠한 일이든 처음 할 때는 어색함이 있고 익숙해지기 익숙해지기 위해서는 노력과 시간이 필요하다고 생각하는데요. 그래서 저는 빠르게 제가 판단하고 맞지 않다고 결정을 내리기보단 일단 제가 그 직무에 익숙해지기 위해 노력하면서 제가 그 부분과 잘 맞을 수 있는 부분이 무엇인지 또 제가 회사에 기여할 수 있는 방안이 무엇인지 끊임없이 고민하고 고민해 보도록 하겠습니다. 이러한 고민과 노력을 통해서 해당 직무를 잘 해내기 위해 노력할 것이고 그럼에도 불구하고 저와 정말 잘 맞지 않는 일이라고 생각된다면 저는 상사에게 이러한 고민을 털어 놓겠습니다. 상사도 저와 비슷한 길을 걸어온 인생의 선배이기 때문에 저의 이러한 고민을 잘 이해하고 또 그에 대한 적절한 조언을 줄 수 있을 것이라고 생각합니다.","wordCount":172},"emotion":[],"intent":[{"text":"","expression":"","category":"attitude"}],"summary":{"text":"저는 회사에서 저라는 사람을 판단하고 해당 직무를 잘 해낼 수 있는 인재라는 판단이 들었기에 그러한 일을 준 것이라고 생각합니다. 그래서 저는 빠르게 판단하고 맞지 않는다고 결정을 내리기보다는 일단 제가 그 직무에 익숙해지기 위해 노력하면서 그 부분과 잘 맞을 수 있는 부분이 무엇인지 또 회사에 기여할 수 있는 방안이 무엇인지 끊임없이 고민하고 고민해 보도록 하겠습니다.","wordCount":54}}},"rawDataInfo":{"question":{"fileFormat":"wav","fileSize":508238,"duration":15880,"samplingBit":16,"channelCount":1,"samplingRate":"16kHz","audioPath":"/Mock/04.RND/Male/New/ckmk_q_rnd_m_n_256493.wav"},"answer":{"fileFormat":"wav","fileSize":3667278,"duration":114600,"samplingBit":16,"channelCount":1,"samplingRate":"16kHz","audioPath":"/Mock/04.RND/Male/New/ckmk_a_rnd_m_n_256493.wav"}}}