{"version":"1.0","dataSet":{"info":{"date":"20230116","occupation":"RND","channel":"MOCK","place":"ONLINE","gender":"MALE","ageRange":"55-","experience":"NEW"},"question":{"raw":{"text":"지원자님은 새로운 환경에 들어오셔서 지금까지와는 완전히 다르게 다가왔었던 전혀 모르는 일들을 맡아서 수행해 본 적이 있으시다면 그에 대해서 소개해 주실 수 있을까요","wordCount":22},"emotion":[],"intent":[]},"answer":{"raw":{"text":"뭐 이 오래된 이야긴데 제가 어 서른 아홉 사십 대 에 있었던 일입니다. 어 제가 중국을 알려고 어 삼 년 정도 구십 구 년 이천 년 이천 일 년 삼 년을 어 중국에 있으면서 이 년 은 심양에서 요령 기악 과학 연수원에서 어 중국을 공부했고 그리고 오 개 육 개월은 상해에서 요리 직업 학교를 다니면서 요리를 배웠고 그리고 또 제일 낮은 등급의 오 급 조리사 자격증을 땄고 또 남은 육 개월은 어 광주에 가서 어 나머지 중국 그 생활을 삼 년 중국 생활을 정리하면서 어 에이치에스케이 그 칠 급 자격증을 따서 그렇게 마무리를 했는데 이게 어떻게 보면 지금까지 하고는 다른 환경에서 전혀 몰랐던 일을 경험해 봤었습니다. 그리고 그런 어 삼 년 동안에 과정에서 백두산 어 여행을 단체 여행을 했었고 그 하는 그 수단으로 어 소형 버스를 빌려서 어 어 국도로 어 백두산을 갔다 왔다는 그런 경험 그 다음에 어 창 어 창장 산업이라고 그 배를 타면 삼 박 사 일 동안에 장강을 어 여행했던 그런 경험들 그런 경험들은 중요한 경험이고 저 인생에 아주 큰 도움이 됐습니다.","wordCount":166},"emotion":[],"intent":[{"text":"어 제가 중국을 알려고 어 삼 년 정도 구십 구 년 이천 년 이천 일 년 삼 년을 어 중국에 있으면서 이 년 은 심양에서 요령 기악 과학 연수원에서 어 중국을 공부했고 그리고 오 개 육 개월은 상해에서 요리 직업 학교를 다니면서 요리를 배웠고 그리고 또 제일 낮은 등급의 오 급 조리사 자격증을 땄고 또 남은 육 개월은 어 광주에 가서 어 나머지 중국 그 생활을 삼 년 중국 생활을 정리하면서 어 에이치에스케이 그 칠 급 자격증을 따서 그렇게 마무리를 했는데 이게 어떻게 보면 지금까지 하고는 다른 환경에서 전혀 몰랐던 일을 경험해 봤었습니다.","expression":"c_private","category":"background"}],"summary":{"text":"저는 서른 아홉 살에 있었던 일입니다. 중국을 공부하며, 조리사 자격증을 따고, 나머지 삼 년은 중국 생활을 정리하면서 에이치에스케이 그 칠급 자격증을 따서 마무리 했습니다. 그 과정에서 백두산 여행, 장강 여행 등의 경험들은 중요한 경험이고 저 인생에 아주 큰 도움이 됐습니다.","wordCount":40}}},"rawDataInfo":{"question":{"fileFormat":"wav","fileSize":476878,"duration":14900,"samplingBit":16,"channelCount":1,"samplingRate":"16kHz","audioPath":"/Mock/04.RND/Male/New/ckmk_q_rnd_m_n_246950.wav"},"answer":{"fileFormat":"wav","fileSize":3440718,"duration":107520,"samplingBit":16,"channelCount":1,"samplingRate":"16kHz","audioPath":"/Mock/04.RND/Male/New/ckmk_a_rnd_m_n_246950.wav"}}}