{"version":"1.0","dataSet":{"info":{"date":"20230116","occupation":"RND","channel":"MOCK","place":"ONLINE","gender":"MALE","ageRange":"35-44","experience":"NEW"},"question":{"raw":{"text":"특정 제품 한 가지와 현재의 문제점을 언급하고 어 기술적 개선 방향 방향 방안을 어 본인의 경험에 입각해서 어 제안해 주시면 감사하겠습니다","wordCount":21},"emotion":[],"intent":[]},"answer":{"raw":{"text":"건설 장비에 들어가는 유압 장치에 어 유압 장치에 대해서 이야기를 하고 싶습니다. 여기에 들어가는 압력 조절 밸브는 어 기계적으로 작동을 하고 있습니다. 하지만 어 유압류가 흐르는 곳에서 아주 정교하게 만들어진 제품이므로 유압류가 어 오염이 될 때에는 어 그 작동이 원활하지 않을 수 있습니다. 그래서 어 이러한 유압류 관련 제품은 점점 기계 적 기계 기계적 제품에서 전기적 제품으로 점점 어 변화되고 있습니다. 왜냐하면 안전과도 관련이 있을 수 있기 때문에 정기적인 신호로 어 개선되는 것입니다.","wordCount":73},"emotion":[],"intent":[{"text":"","expression":"","category":"attitude"}],"summary":{"text":"건설 장비에 들어가는 유압 장치는 유압류가 흐르는 곳에서 정교하게 만들어져 오염될 경우 작동이 원활하지 않을 수 있어 전기적 제품으로 점점 변화하고 있습니다.","wordCount":22}}},"rawDataInfo":{"question":{"fileFormat":"wav","fileSize":656718,"duration":20520,"samplingBit":16,"channelCount":1,"samplingRate":"16kHz","audioPath":"/Mock/04.RND/Male/New/ckmk_q_rnd_m_n_294138.wav"},"answer":{"fileFormat":"wav","fileSize":2196238,"duration":68630,"samplingBit":16,"channelCount":1,"samplingRate":"16kHz","audioPath":"/Mock/04.RND/Male/New/ckmk_a_rnd_m_n_294138.wav"}}}