{"version":"1.0","dataSet":{"info":{"date":"20230116","occupation":"RND","channel":"MOCK","place":"ONLINE","gender":"MALE","ageRange":"-34","experience":"NEW"},"question":{"raw":{"text":"이제까지 인생을 살아오면서 제일 후회되는 일이 있다면 그것은 무슨 일이었나요 한 가지만 골라서 말씀해 주세요","wordCount":15},"emotion":[],"intent":[]},"answer":{"raw":{"text":"제가 인생을 살면서 가장 후회되는 일은 바로 시도해 보지 않고 포기한 일들입니다. 그중에 대표적인 것이 바로 스페인어 공부인데요. 저는 대학교 진학이 확정되었을 때 스페인어 공부를 조금 해 봤습니다. 어려서부터 스페인을 좋아했기 때문에 이러한 스페인어를 반드시 공부해 보고 싶었기 때문인데요. 하지만 공부를 하다 보니 제 시간을 만약에 뺏기게 되는 것도 있었고 또 스페인어를 공부한다고 해서 제 인생에 크게 도움이 되지 않을 것 같다는 저만의 판단이 들어서 중간에 그만뒀던 경험이 있습니다. 하지만 제가 살아보니 배워 놓고 언젠가는 써먹을 수 있는 것들이 정말 많았고 저의 이런 스페인어 능력이 필요한 부분도 살다 보니 있다는 것을 깨달았습니다. 제가 만약 그때 스페인어 공부를 그만두지 않고 계속 했다면 지금 저에게 정말 큰 플러스 요인이 되었을 것이라고 생각합니다. 하지만 지레 겁먹고 혼자 스스로 편한 판단을 해서 공부를 중단했기 때문에 저는 제가 조금 더 발전하고 더 넓은 세상으로 나아갈 수 있는 기회를 스스로 제한했다는 생각이 듭니다. 그래서 그때 이후로는 어떤 일이든 포기하지 않고 무조건 열심히 배워보자는 스탠스를 취하고 있는데요. 그럼에도 지금까지 스페인어를 공부하지 않은 것이 가장 후회되는 일로 기억됩니다.","wordCount":160},"emotion":[],"intent":[{"text":"저는 대학교 진학이 확정되었을 때 스페인어 공부를 조금 해 봤습니다.","expression":"c_private","category":"background"},{"text":"어려서부터 스페인을 좋아했기 때문에 이러한 스페인어를 반드시 공부해 보고 싶었기 때문인데요.","expression":"c_private","category":"background"},{"text":"그래서 그때 이후로는 어떤 일이든 포기하지 않고 무조건 열심히 배워보자는 스탠스를 취하고 있는데요.","expression":"c_value","category":"background"}],"summary":{"text":"스페인어를 공부하지 않은 것이 가장 후회되는 일은 바로 시도해 보지 않고 포기한 일들이며, 그중에서도 가장 대표적인 것이 스페인어 공부입니다. 제가 살아보니 배워 놓고 언젠가는 써먹을 수 있는 것들이 정말 많았고 이러한 스페인어 능력이 필요한 부분도 살다 보니 있다는 것을 깨달았습니다.","wordCount":40}}},"rawDataInfo":{"question":{"fileFormat":"wav","fileSize":316238,"duration":9880,"samplingBit":16,"channelCount":1,"samplingRate":"16kHz","audioPath":"/Mock/04.RND/Male/New/ckmk_q_rnd_m_n_252373.wav"},"answer":{"fileFormat":"wav","fileSize":3769678,"duration":117800,"samplingBit":16,"channelCount":1,"samplingRate":"16kHz","audioPath":"/Mock/04.RND/Male/New/ckmk_a_rnd_m_n_252373.wav"}}}