{"version":"1.0","dataSet":{"info":{"date":"20230116","occupation":"RND","channel":"MOCK","place":"ONLINE","gender":"MALE","ageRange":"55-","experience":"NEW"},"question":{"raw":{"text":"우리가 소통 능력을 키우기 위해서는 어떤 일들을 해볼 수 있을까요 생각나는 방법들에 대해 자세하게 한 번 얘기해 주세요","wordCount":18},"emotion":[],"intent":[]},"answer":{"raw":{"text":"소통 능력을 키우기 위해서는 개인 생각에 가장 중요한 것은 상대방의 이야기를 경청하는 자세라고 생각합니다. 모든 사람이 지적인 능력이나 이해력이 차이가 있을 수 있으므로 그 사람이 이야기하는 말에 핵심이 무엇인지 이해하는 것이 중요하다고 생각합니다. 그 능력을 키우기 위해 가장 좋은 방법은 대화를 여러 번 시도하는 것과 책을 읽는 것이라고 생각합니다.","wordCount":49},"emotion":[],"intent":[{"text":"","expression":"","category":"attitude"}],"summary":{"text":"소통 능력 향상에 가장 중요한 것은 상대방의 이야기를 경청하는 자세이며 대화를 여러 번 시도하거나 책을 읽는 것이 소통 능력을 키우는 가장 좋은 방법입니다.","wordCount":23}}},"rawDataInfo":{"question":{"fileFormat":"wav","fileSize":333518,"duration":10420,"samplingBit":16,"channelCount":1,"samplingRate":"16kHz","audioPath":"/Mock/04.RND/Male/New/ckmk_q_rnd_m_n_335807.wav"},"answer":{"fileFormat":"wav","fileSize":1742478,"duration":54450,"samplingBit":16,"channelCount":1,"samplingRate":"16kHz","audioPath":"/Mock/04.RND/Male/New/ckmk_a_rnd_m_n_335807.wav"}}}