{"version":"1.0","dataSet":{"info":{"date":"20230116","occupation":"RND","channel":"MOCK","place":"ONLINE","gender":"MALE","ageRange":"55-","experience":"NEW"},"question":{"raw":{"text":"어 공동체의 가치에 입각해서 무형 문화유산의 보호에 있어 적용이 돼야 하는 그러한 사회적 관념은 무엇이라고 생각하시는지 어 설명해 주시길 바랍니다","wordCount":20},"emotion":[],"intent":[]},"answer":{"raw":{"text":"공동체라고 하면 개인을 넘어서서 여러 사람들이 이루는 집단 음 체제라고 말씀드릴 수 있겠구요. 작게는 가정 또 어떤 한 마을이 될 수 있고 국가가 아주 기본적인 그 공동체라고 말씀을 드릴 수 있겠습니다. 또 다른 어떤 뭐 유엔이나 어 다른 연합체도 될 수 있겠지만 국가를 기본적으로 생각하면서 답변을 드리겠습니다. 국가에서 어 우리가 유산으로 내려온 곳을 보호하고 확대하고 발전시키고 계승시킬 의무는 분명히 있다고 생각합니다. 그중에서도 문화유산 여기서 말하는 무형 무형 문화유산에 대해서도 반드시 그 가치가 있다고 생각이 되고 다만 무형 문화유산은 눈에 보이지 않는 관계로 그 유산에 대한 고증이나 역사적인 고찰 과연 그 문화유산이 가치가 있는지에 대한 판단은 전문가와 또 국민으로부터 어 고민을 해 보고 결정을 해야 될 것으로 판단이 됩니다. 왜냐하면 요즘 무형 문화유산이라는 것을 너무나도 많이 남발하는 경향이 있어서 이에 대한 조정이 국가 차원에서 반드시 필요하다고 생각합니다. 이는 사회적인 합일도 필요하다고 생각합니다.","wordCount":131},"emotion":[],"intent":[{"text":"국가에서 어 우리가 유산으로 내려온 곳을 보호하고 확대하고 발전시키고 계승시킬 의무는 분명히 있다고 생각합니다.","expression":"c_value","category":"background"}],"summary":{"text":"국가에서 유산으로 내려온 곳을 보호하고 발전시키고 계승시킬 의무는 분명히 있다고 생각합니다. 그중에서도 무형 무형 문화유산에 대해서도 반드시 그 가치가 있다고 생각되며, 그 유산에 대한 고증이나 역사적인 고찰 과연 그 유산이 가치가 있는지에 대한 판단은 전문가와 또 국민으로부터 고민을 해 보고 결정을 해야 될 것으로 판단됩니다.","wordCount":45}}},"rawDataInfo":{"question":{"fileFormat":"wav","fileSize":467918,"duration":14620,"samplingBit":16,"channelCount":1,"samplingRate":"16kHz","audioPath":"/Mock/04.RND/Male/New/ckmk_q_rnd_m_n_304090.wav"},"answer":{"fileFormat":"wav","fileSize":3778638,"duration":118080,"samplingBit":16,"channelCount":1,"samplingRate":"16kHz","audioPath":"/Mock/04.RND/Male/New/ckmk_a_rnd_m_n_304090.wav"}}}