{"version":"1.0","dataSet":{"info":{"date":"20230116","occupation":"RND","channel":"MOCK","place":"ONLINE","gender":"MALE","ageRange":"-34","experience":"NEW"},"question":{"raw":{"text":"지원자님이 입사를 하셔서 해외 파견 근무를 나가게 되신다면 어느 나라에 가고 싶으신가요","wordCount":12},"emotion":[],"intent":[]},"answer":{"raw":{"text":"저는 그 중국을 선택하겠습니다. 그 주변에 그 사람들을 보면 대부분 선진국 북유럽 북유럽 그다음에 북미 선호하고 있습니다. 또 경쟁도 치열합니다. 그렇기 때문에 저는 그런 남들이 다 하고 싶은 거 가고 싶은 거 뭐 거기에 이렇게 뭐 경쟁을 심하게 하는 것보다 과거에는 이제 뜨거웠지만 요즘에 조금 이제 식어 있는 중국을 가고자 합니다. 그 이유는 아직은 그 시장의 수요라든지 또 저희의 한국과 관계가 원활하게 잘 이루어지고 있습니다. 단지 한국 외에 뭐 미국이라든지 일본 어떤 그런 국제적인 정세로 인하여 조금 서운한 관계도 조금 있었던 것 같은데 어 제 생각하기에는 그럴수록 저희가 더 많이 찾아가고 접근하여 우리의 어떤 회사나 우리의 어떤 그런 기업이나 제품을 좀 더 정확하게 알리고 저희는 단지 상업을 전제로 서로 공동 성장을 할 수 있는 목표로 지금 여기에 온 것이고 어떤 정치적인 이슈는 저는 무관하다 그리고 우량 사업을 통해서 당신들 성공하고 우리도 성공을 할 수 있다 그런 유인의 전략을 가지고 운영한다 등등 많은 대화라든지 소통 이해가 필요합니다. 그러기 위해서는 뭐 좋다고 가고 어렵다고 안 가고 그러면 안 되겠죠. 어 일단은 지금 뭐 다소 환경은 어렵지만 그럴수록 더 많이 찾아가고 서로 아는 시간 준비하는 시간을 가지면 좋을 것 같습니다.","wordCount":177},"emotion":[],"intent":[{"text":"","expression":"","category":"attitude"}],"summary":{"text":"사람들은 대부분 선진국 북유럽 북유럽 북미 선호하고 있고 경쟁도 치열합니다. 그래서 저는 최근에 조금 식어 있는 중국을 가려고 합니다. 그 이유는 시장의 수요나 한국과 관계가 원활하게 잘 이루어지고 있기 때문입니다. 아직은 환경은 어렵지만 그럴수록 더 많이 찾아가고 서로 아는 시간을 가지면 좋겠습니다.","wordCount":42}}},"rawDataInfo":{"question":{"fileFormat":"wav","fileSize":276238,"duration":8630,"samplingBit":16,"channelCount":1,"samplingRate":"16kHz","audioPath":"/Mock/04.RND/Male/New/ckmk_q_rnd_m_n_338660.wav"},"answer":{"fileFormat":"wav","fileSize":3122638,"duration":97580,"samplingBit":16,"channelCount":1,"samplingRate":"16kHz","audioPath":"/Mock/04.RND/Male/New/ckmk_a_rnd_m_n_338660.wav"}}}