{"version":"1.0","dataSet":{"info":{"date":"20230116","occupation":"RND","channel":"MOCK","place":"ONLINE","gender":"MALE","ageRange":"35-44","experience":"NEW"},"question":{"raw":{"text":"여태까지 살아오시면서 경험했던 일들 중에 가장 힘들었던 경험은 무엇인가요 그리고 그것을 어떻게 극복하셨는지 궁금합니다","wordCount":14},"emotion":[],"intent":[]},"answer":{"raw":{"text":"저는 살면서 군 생활 경험이 가장 힘들었습니다. 남자가 군대 간다는 것 어떻게 보면 당연한 것이지만 낯선 환경에서 적응을 한다는 것 굉장히 어려웠습니다. 특별히 선임들과의 관계를 맺는 것도 몹시 힘들어서 한동안 적응을 하지 못했습니다. 엎친데 덮친 격으로 몸까지 아파서 이등병 때는 어떻게 시간을 보냈는지 알 수 없을 만큼 많이 힘들고 어려웠습니다. 그런데 시간이 지나다 보니까 모든 것들은 결국 시간이 해결해 준 것 같았습니다. 이등병 일 병 때는 많이 힘들고 또 모르는 것 투성이었지만 여러 경험들을 하다 보니까 자연스럽게 잘 극복하며 견딜 수 있었습니다. 군 생활이 몹시 힘들었지만 시간이 약이다 라는 말처럼 시간이 지나자 결국 극복해서 무사히 전역을 할 수 있었습니다.","wordCount":99},"emotion":[],"intent":[{"text":"","expression":"","category":"attitude"}],"summary":{"text":"저는 군 생활 경험이 가장 힘들었지만 시간이 지나면서 모든 것들은 시간이 해결해 준 것 같았고 여러 경험들을 하다 보니 자연스럽게 잘 극복하며 지낼 수 있었습니다. 시간이 약이다 라는 말처럼 시간이 지나자 결국 극복해서 전역 할 수 있었습니다.","wordCount":37}}},"rawDataInfo":{"question":{"fileFormat":"wav","fileSize":450638,"duration":14080,"samplingBit":16,"channelCount":1,"samplingRate":"16kHz","audioPath":"/Mock/04.RND/Male/New/ckmk_q_rnd_m_n_327755.wav"},"answer":{"fileFormat":"wav","fileSize":2412878,"duration":75400,"samplingBit":16,"channelCount":1,"samplingRate":"16kHz","audioPath":"/Mock/04.RND/Male/New/ckmk_a_rnd_m_n_327755.wav"}}}