{"version":"1.0","dataSet":{"info":{"date":"20230116","occupation":"RND","channel":"MOCK","place":"ONLINE","gender":"MALE","ageRange":"-34","experience":"NEW"},"question":{"raw":{"text":"스트레스를 받으면 어떻게 하시나요 또한 왜 그런 방법으로 스트레스를 해소하시는지 그 이유에 대해서도 함께 들어볼 수 있을까요","wordCount":17},"emotion":[],"intent":[]},"answer":{"raw":{"text":"저는 스트레스를 받으면 등산을 합니다. 주로 주말에 등산을 하곤 하는데요. 이 등산을 하다 보면 처음에 올라갈 때 굉장히 체력적으로 힘이 듭니다. 낮은 지역에서 올라갈 때 특히 계곡 같은 지형에선 굉장히 체력적으로 버거운 구간들이 있는데요. 이렇게 힘이 들게 올라가다 보면 마음속을 지배하고 있던 온갖 잡 생각들이 사라지고 그저 몸에 제 모든 신경을 쏟고 제 걸음 한 걸음 한 걸음에 신경을 쏟게 됩니다. 그리고 이렇게 계속해서 올라가다 보면 산 중턱쯤에 한 번 쉬어서 그때 맛있는 음식을 좀 먹기도 하고 또 물을 마시기도 하는데요. 그럴 때는 이 피로했던 몸의 피로가 살짝 풀리면서 또 스트레스를 풀 수가 있습니다. 이러한 방식으로 정상에 오르게 되면 또 다른 좋은 점들이 저를 기다리고 있는데요. 바로 아름다운 풍경입니다. 이렇게 산행을 통해서 몸은 조금 힘들지라도 좋은 경치를 보고 맛있는 음식을 먹으면서 저는 스트레스를 푸려고 노력합니다. 제가 등산을 시작하게 된 이유는 이전에는 스트레스를 받으면 술을 먹음으로 인해서 스트레스를 풀곤 했는데 그로 인해서 건강이 많이 좋아지지 않았기 때문입니다. 그래서 건강도 챙기고 스트레스도 풀 수 있는 이러한 긍정적인 방식을 찾았습니다.","wordCount":157},"emotion":[],"intent":[{"text":"","expression":"","category":"attitude"}],"summary":{"text":"주말에 등산을 하다 보면 체력적으로 버거운 구간들이 있는데 계속해서 올라가다 보면 산 중턱쯤에 휴식시간에 맛있는 음식을 먹고 물을 마시기도 합니다. 이렇게 산행을 통해서 몸은 조금 힘들지라도 좋은 경치를 보고 맛있는 음식을 먹으면서 스트레스를 풀려고 노력합니다.","wordCount":35}}},"rawDataInfo":{"question":{"fileFormat":"wav","fileSize":613198,"duration":19160,"samplingBit":16,"channelCount":1,"samplingRate":"16kHz","audioPath":"/Mock/04.RND/Male/New/ckmk_q_rnd_m_n_273147.wav"},"answer":{"fileFormat":"wav","fileSize":3766478,"duration":117700,"samplingBit":16,"channelCount":1,"samplingRate":"16kHz","audioPath":"/Mock/04.RND/Male/New/ckmk_a_rnd_m_n_273147.wav"}}}