{"version":"1.0","dataSet":{"info":{"date":"20230116","occupation":"RND","channel":"MOCK","place":"ONLINE","gender":"MALE","ageRange":"45-54","experience":"NEW"},"question":{"raw":{"text":"지원자분께서는 본인 스스로 숫자 그리고 창의라는 단어 중에 어떤 것에 더욱 가깝다고 생각하시는지 궁금합니다 그 이유도 함께 이야기해 주세요","wordCount":19},"emotion":[],"intent":[]},"answer":{"raw":{"text":"네 어 제 스스로 생각해 보건데 숫자와 창의 중 어떤 것에 더 가까운지를 말씀을 드리면 음 숫자에도 제가 관심이 있고 창에도 관심이 있으나 어 저는 더 관심 있는 부 부분은 분야는 창의입니다. 물론 그렇게 되고 싶은 음 욕심에서 답변을 드린 것도 있습니다. 숫자도 중요하고 창의도 중요합니다. 그러나 어 한 두 사람의 뛰어난 창의성과 아이디어가 많은 음 파급 효과를 일으키고 또 세상을 바꾸는 경우를 역사에서 봐왔던 것 같습니다. 그래서 저도 그러한 역할을 해보고 싶고 또 창의적인 생각을 하는 것에 어 어떤 여건이나 환경이 주어진다면 더 저는 좋을 거라고 생각이 됩니다. 충분한 여건과 환경이 된다면 저는 획기적인 아이디어와 어 창의성을 가지고서 지금의 현 시점에서의 기술과 어 어떤 그 과학 보다 과학을 뛰어넘는 어 새로운 아이디어를 많이 만들어낼 수 있을 것이라고 어 자신하는 바입니다. 이상입니다.","wordCount":122},"emotion":[],"intent":[{"text":"","expression":"","category":"attitude"}],"summary":{"text":"숫자도 중요하고 창의도 중요합니다. 그러나 한 두 사람의 뛰어난 창의성과 아이디어가 큰 파급 효과를 일으키고 세상을 바꾸는 경우를 많이 봤습니다. 그래서 저는 창의적인 생각을 하는 것에 어떤 여건이나 환경이 주어진다면 새로운 아이디어를 많이 만들어낼 수 있을 것이라고 생각합니다.","wordCount":38}}},"rawDataInfo":{"question":{"fileFormat":"wav","fileSize":391118,"duration":12220,"samplingBit":16,"channelCount":1,"samplingRate":"16kHz","audioPath":"/Mock/04.RND/Male/New/ckmk_q_rnd_m_n_345459.wav"},"answer":{"fileFormat":"wav","fileSize":3568078,"duration":111500,"samplingBit":16,"channelCount":1,"samplingRate":"16kHz","audioPath":"/Mock/04.RND/Male/New/ckmk_a_rnd_m_n_345459.wav"}}}