{"version":"1.0","dataSet":{"info":{"date":"20230116","occupation":"RND","channel":"MOCK","place":"ONLINE","gender":"MALE","ageRange":"45-54","experience":"NEW"},"question":{"raw":{"text":"지원자분께서는 특별히 가고 싶은 회사가 있으신지 궁금합니다 특정한 도메인을 중요하게 생각하시는지 혹은 회사의 분위기를 더욱 중요하게 생각하시는지 어떤 점들을 중요하게 보시는지 궁금합니다","wordCount":22},"emotion":[],"intent":[]},"answer":{"raw":{"text":"네 특별히 가고 싶은 회사를 뭐 지금 막 떠오른 회사를 말씀드리면 구글이나 네이버 또는 다음 뭐 또 페이스북 이런 또는 뭐 인공 지능 사 차 산업 혁명에 관련된 어 회사이면 좋겠습니다. 음 도메인이 중요한지 회사의 분위기가 중요한지 여쭤보셨는데 어 특정 도메인보다는 회사 분위기를 더 중요하게 생각을 합니다. 회사의 분위기가 어 아주 어 발전적이고 그리고 음 또 가족적인 분위기이면 좋겠습니다. 또는 음 제가 마음껏 일을 할 수 있는 환경이 중요하다고 생각이 됩니다. 그럴 때 어 최고의 아이디어와 창의성이 나올 것이라고 생각합니다. 어떤 위계 질서나 어 기타 어 신경써야 될 하드웨어들이 너무 많으면 음 근무하고 있는 종사자들에게는 어 또 여러 면에서 창의성이 발휘되지 못하는 환경이 될 수도 있습니다. 그래서 어 여러 가지 어 근무하고 있는 직원들에게 많은 서포트를 통해서 아 기분 좋게 즐겁고 또 자유롭게 어 마음껏 어 창의적인 생각을 할 수 있고 아이디어를 낼 수 있는 어 그런 회사이면 좋겠습니다. 이상입니다.","wordCount":140},"emotion":[],"intent":[{"text":"","expression":"","category":"attitude"}],"summary":{"text":"구글, 네이버, 다음, 페이스북 등 인공 지능, 사차 산업 혁명과 관련된 회사로 가고 싶습니다. 회사의 분위기가 발전적이고 가족적이면 좋겠습니다. 또 마음껏 일을 할 수 있는 환경도 중요하다고 생각합니다. 위계 질서나 하드웨어가 너무 많으면 종사자들에게는 창의성이 발휘되지 못할 수 있습니다.","wordCount":39}}},"rawDataInfo":{"question":{"fileFormat":"wav","fileSize":567118,"duration":17720,"samplingBit":16,"channelCount":1,"samplingRate":"16kHz","audioPath":"/Mock/04.RND/Male/New/ckmk_q_rnd_m_n_322636.wav"},"answer":{"fileFormat":"wav","fileSize":3844238,"duration":120130,"samplingBit":16,"channelCount":1,"samplingRate":"16kHz","audioPath":"/Mock/04.RND/Male/New/ckmk_a_rnd_m_n_322636.wav"}}}