{"version":"1.0","dataSet":{"info":{"date":"20230116","occupation":"RND","channel":"MOCK","place":"ONLINE","gender":"MALE","ageRange":"35-44","experience":"NEW"},"question":{"raw":{"text":"지원자분께서 만약 일을 하시던 도중에 팀원분과 불화가 생긴다고 한다면 어떻게 해결하실 생각이신지 그 해결법과 이유에 대해서 함께 이야기 해 주신다면 좋겠습니다","wordCount":21},"emotion":[],"intent":[]},"answer":{"raw":{"text":"어 일을 함에 있어 팀원과 불화가 생기는 것은 어 어쩌면 당연한 일이라고 생각합니다. 어 조직에서 각각의 의견은 당연히 다를 수 있기 때문입니다. 저는 그 해결법으로 불화가 생길 때 즉각 즉각 바로 해소하는 것을 선호합니다. 왜냐하면 감정의 길이 감정의 골이 깊어지기 전에 어 불화를 해소하는 것이 어 향후 미래를 봤을 때 훨씬 더 발전적인 방향인 것 같았습니다. 그래서 어 양 당사자 간 의견을 들어보고 만약 조율이 되지 않을 때에는 차상위자에게 보고하여 해결을 요청합니다.","wordCount":72},"emotion":[],"intent":[{"text":"","expression":"","category":"attitude"}],"summary":{"text":"조직 내 팀원 간 불화가 생길 수 있고, 해결법으로 즉각 즉각 바로 해소하는 것을 선호합니다. 조율이 되지 않을 때는 차상위자에게 보고하여 해결을 요청합니다.","wordCount":23}}},"rawDataInfo":{"question":{"fileFormat":"wav","fileSize":486478,"duration":15200,"samplingBit":16,"channelCount":1,"samplingRate":"16kHz","audioPath":"/Mock/04.RND/Male/New/ckmk_q_rnd_m_n_294139.wav"},"answer":{"fileFormat":"wav","fileSize":1973198,"duration":61660,"samplingBit":16,"channelCount":1,"samplingRate":"16kHz","audioPath":"/Mock/04.RND/Male/New/ckmk_a_rnd_m_n_294139.wav"}}}