{"version":"1.0","dataSet":{"info":{"date":"20230116","occupation":"RND","channel":"MOCK","place":"ONLINE","gender":"MALE","ageRange":"55-","experience":"NEW"},"question":{"raw":{"text":"협업을 할 일이 많이 생길 수도 있는데요 이전 직장이나 대학에서 협업을 하실 때 어떤 부분이 어려우셨는지 말씀해 주실 수 있나요","wordCount":20},"emotion":[],"intent":[]},"answer":{"raw":{"text":"제가 어 대기업 종합 정보 시스템 구축 프로젝트의 총괄 관리자로서 일을 할 때 일입니다. 그때 전산 시스템을 개발하는 개발 요원들이 십 수 명이 있었는데 어 어느 날 개발 진도가 어 한 명 때문에 상당히 그 늦어지는 거를 제가 발견을 했습니다. 이는 어 그 한 명 땜에 여러 인원들이 손해를 보고 있고 프로젝트 전체가 어 그 답보 상태에 있다는 뜻입니다. 그래서 그 요원과 어 제가 상의를 하고 또 그 요원의 의견을 물어본 결과 에 그 요원은 프로그램이나 프로젝트를 일본에서 배워왔었습니다. 그래서 그 문화가 많이 다르기 때문에 진행하는 어떤 스타일이나 어 호흡이라고 할까요 이런 것들이 우리랑은 많이 달랐습니다. 자 그러한 점이 에 상당히 어려웠던 적으로 기억이 나고 물론 프로젝트는 목표를 향해서 달려가야 되기 때문에 여러 방면으로 어 설득을 하고 또 다그치기도 하고 해서 어 프로젝트는 성공리에 끝냈습니다만 어려웠었습니다.","wordCount":126},"emotion":[],"intent":[{"text":"","expression":"","category":"attitude"}],"summary":{"text":"제가 대기업 종합 정보 시스템 구축 프로젝트의 총괄 관리자로서 일을 할 때 어느 날 개발 진도가 한 명 때문에 상당히 늦어지는 것을 발견 했습니다. 그 요원과 상의를 해서 그 요원은 프로그램을 일본에서 배워왔었습니다. 그래서 진행하는 스타일이나 호흡들이 우리랑은 많이 달랐습니다. 프로젝트는 성공리에 끝냈지만 어려웠었습니다.","wordCount":44}}},"rawDataInfo":{"question":{"fileFormat":"wav","fileSize":590798,"duration":18460,"samplingBit":16,"channelCount":1,"samplingRate":"16kHz","audioPath":"/Mock/04.RND/Male/New/ckmk_q_rnd_m_n_324720.wav"},"answer":{"fileFormat":"wav","fileSize":3806158,"duration":118940,"samplingBit":16,"channelCount":1,"samplingRate":"16kHz","audioPath":"/Mock/04.RND/Male/New/ckmk_a_rnd_m_n_324720.wav"}}}