{"version":"1.0","dataSet":{"info":{"date":"20230116","occupation":"RND","channel":"MOCK","place":"ONLINE","gender":"MALE","ageRange":"-34","experience":"NEW"},"question":{"raw":{"text":"그동안 진행했던 프로젝트들 중에서 가장 기억에 남는 프로젝트가 무엇인가요 또한 어떤 점에서 그 프로젝트가 기억에 남는지 함께 답변해 주세요","wordCount":19},"emotion":[],"intent":[]},"answer":{"raw":{"text":"제가 그동안 진행한 프로젝트들 중에 가장 기억에 남는 프로젝트는 바로 베리어 프리 지도를 만드는 프로젝트였습니다. 베리어 프리 지도란 이 지도에서 장애인들의 시설이 갖춰져 있는 곳을 표기해 주는 그런 지대 지도인데요. 저는 한 공모전에서 우리 도시의 관광 상품을 개발하는 그런 어 프로젝트를 맡았는데 그때 제가 맡 맡아서 했던 것이 바로 이 베리어 프리 지도를 만드는 것이었습니다. 베리어 프리 지도를 만들기 위해 우리 도시에 관광할만한 곳들을 선정하고 그런 곳들에 이 장애인 관련 시설들이 얼마나 잘 구비되어 있는지 직접 가서 답사를 했던 기억이 납니다. 이 베리어 프리 지도는 결국 해당 공모전에서 최우수상을 받게 되었습니다. 하지만 제가 이 프로젝트가 최우수상을 받았기 때문에 가장 기억에 남는 것은 아닙니다. 이 베리어 프로 베리어 프리 지도는 최우수상을 받고 나서 실제로 공식으로 출시되었는데요. 그때 어 실제로 이 베리어 프리 제도를 이용하신 장애가 있으신 관람객께서 관광객께서 어 이거를 이것을 만든 저희들에게 감사하다는 메시지를 남겼습니다. 그 메시지를 받았을 때 정말로 감격스러웠던 기억이 있었는데요. 내용은 이랬습니다. 자기가 여행을 굉장히 좋아하는데 관광지에 갈 때마다 너무나 불편함을 느껴서 집에서 티비로만 보곤 했다. 하지만 이 지도 덕분에 재미있게 볼 수 직접 갈 수 있었다.","wordCount":170},"emotion":[{"text":"그 메시지를 받았을 때 정말로 감격스러웠던 기억이 있었는데요.","expression":"p-gratitude","category":"positive"}],"intent":[{"text":"제가 그동안 진행한 프로젝트들 중에 가장 기억에 남는 프로젝트는 바로 베리어 프리 지도를 만드는 프로젝트였습니다.","expression":"r_res_prf","category":"technology"},{"text":"베리어 프리 지도란 이 지도에서 장애인들의 시설이 갖춰져 있는 곳을 표기해 주는 그런 지대 지도인데요.","expression":"r_res_prf","category":"technology"},{"text":"저는 한 공모전에서 우리 도시의 관광 상품을 개발하는 그런 어 프로젝트를 맡았는데 그때 제가 맡 맡아서 했던 것이 바로 이 베리어 프리 지도를 만드는 것이었습니다.","expression":"r_res_prf","category":"technology"},{"text":"베리어 프리 지도를 만들기 위해 우리 도시에 관광할만한 곳들을 선정하고 그런 곳들에 이 장애인 관련 시설들이 얼마나 잘 구비되어 있는지 직접 가서 답사를 했던 기억이 납니다.","expression":"r_res_prf","category":"technology"},{"text":"이 베리어 프리 지도는 결국 해당 공모전에서 최우수상을 받게 되었습니다.","expression":"r_res_prf","category":"technology"}],"summary":{"text":"베리어 프리 지도는 장애인들의 시설이 갖춰져 있는 곳을 표기해 주는 지대 지도로, 도시에 관광할만한 곳들을 선정하고 장애인 관련 시설들이 얼마나 잘 구비되어 있는지 직접 가서 답사를 했던 기억이 납니다. 이 프로젝트가 최우수상을 받았기 때문에 가장 기억에 남는 것은 아니고, 최우수상을 받고 나서 실제로 공식으로 출시되었습니다.","wordCount":45}}},"rawDataInfo":{"question":{"fileFormat":"wav","fileSize":592398,"duration":18510,"samplingBit":16,"channelCount":1,"samplingRate":"16kHz","audioPath":"/Mock/04.RND/Male/New/ckmk_q_rnd_m_n_279716.wav"},"answer":{"fileFormat":"wav","fileSize":3807438,"duration":118980,"samplingBit":16,"channelCount":1,"samplingRate":"16kHz","audioPath":"/Mock/04.RND/Male/New/ckmk_a_rnd_m_n_279716.wav"}}}