{"version":"1.0","dataSet":{"info":{"date":"20230116","occupation":"RND","channel":"MOCK","place":"ONLINE","gender":"MALE","ageRange":"55-","experience":"NEW"},"question":{"raw":{"text":"혹시 개인적으로 따로 팀을 꾸려서 현재 연구하고 있는 프로젝트가 있으십니까 있으시면 지원자님이 무엇인지 알려주세요","wordCount":14},"emotion":[],"intent":[]},"answer":{"raw":{"text":"네 이건 뭐 다 팀을 꾸릴 건 아닌데 현재 제가 그 여러 가지 이제 생각을 하고 있는 그런 것 중의 하나가 어 목수 주택 빌더 이십 년 경력으로서 제가 주변을 쭉 볼 때 우리나라에도 목조 주택 보급이 많이 되고 있고 목조 주택이 계속 성장을 하고 있습니다만 제가 이십 년을 겪으면서 이렇게 쭉 볼 때는 어 어 우리나라에는 뭐 우리나라 저 자신의 뭐 빌딩 코드라든지 목조 주택에 대한 어떤 깊은 연구나 아니면은 어 건축법에 따르는 어떤 그런 시행령들이 그렇게 뭐 디테일하지 않으니까요.대부분 캐나다 빌딩 코드나 미국의 빌딩 코드를 어 이렇게 그 벤치마킹하고 미국 같은 경우에는 캐나다 같은 경우에도 그렇고 지역마다 다 다른 빌딩 코드가 있는데 어 원조는 미국이니까 미국에 있는 빌딩 코드를 어 주장하는 유튜브에 그 그런 그 프로도 있긴 있는데요. 그건 지역 마다 다 틀리고 우리나라도 우리나라의 지역 마다 다 틀릴 겁니다 중부 지방 남부 지방 우리는 사계절이 있고 이렇기 때문에 그래서 우리나라에 지어진 음 어 많은 주택들이 지금 현재로는 병원을 필요로 하고 있는 시기가 왔고 그래서 어 닥터 목조 주택이라는 고런 이제 가칭으로 어 목조 주택 수리하는 그런 어 어 그 어 뭐라 그러죠 그런 쪽으로 조금 연구 자료를 어 검색하 보고 어 수집하고 있습니다.","wordCount":186},"emotion":[],"intent":[{"text":"","expression":"","category":"attitude"}],"summary":{"text":"목조 주택의 보급이 많이 되고 있고 계속 성장을 하고 있지만 우리나라에는 목조 주택에 대한 깊은 연구나 건축법에 따르는 시행령들이 그렇게 세부적이지 않습니다. 캐나다와 미국의 빌딩 코드를 벤치마킹하고 있고 미국에 있는 빌딩 코드를 주장하는 유튜브도 있습니다. 우리나라 지역 마다 다 틀릴 것 같습니다. 그래서 이제 목조 주택 수리하는 쪽으로 연구 자료를 수집하고 있습니다.","wordCount":52}}},"rawDataInfo":{"question":{"fileFormat":"wav","fileSize":377678,"duration":11800,"samplingBit":16,"channelCount":1,"samplingRate":"16kHz","audioPath":"/Mock/04.RND/Male/New/ckmk_q_rnd_m_n_246348.wav"},"answer":{"fileFormat":"wav","fileSize":3719118,"duration":116220,"samplingBit":16,"channelCount":1,"samplingRate":"16kHz","audioPath":"/Mock/04.RND/Male/New/ckmk_a_rnd_m_n_246348.wav"}}}