{"version":"1.0","dataSet":{"info":{"date":"20230116","occupation":"RND","channel":"MOCK","place":"ONLINE","gender":"MALE","ageRange":"35-44","experience":"NEW"},"question":{"raw":{"text":"지금까지 살면서 지원자님이 가장 힘들었던 점이 있으신지 궁금합니다 또 그 힘들었던 점을 극복하기 위해서 어떤 노력을 하셨나요","wordCount":17},"emotion":[],"intent":[]},"answer":{"raw":{"text":"어 제가 살면서 가장 힘들었던 점은 어 제가 고등학교 일 학년 때였습니다. 제가 원래 축구를 했었는데 음 이제 연습 끝나고 가는 길에 음 좀 저는 이제 횡단보도 녹색 불이 켜진 걸 보고 건넜는데 아니 택시가 아 뭐 좀 급한 일이 있었는지 저를 치면서 어 제가 이제 눈을 떠보니까 병원 침대에 있더라고요. 어 그때 고관절이 좀 많이 다쳐서 한 병원에 육 개월 정도 누워 있어야 되는 좀 큰 부상을 입었습니다. 어 그로 인해서 운동도 그만뒀어야 됐고 음 운동은 둘째 치고 어 고관절 부분이 심하게 다쳐서 좀 다리를 어 절 수도 있다 라는 판정을 받고 어린 나이에 진짜 큰 절망감에 빠졌었습니다. 어 근데 제가 절망만 하고 있기에는 좀 너무 아까운 것 같아서 어 이제 재활 육 개월 후에 재활을 할 때 아 진짜 이 약물고 재활을 했던 것 같습니다. 다시 선수를 하고 싶다는 마음으로 재활을 해서 지금은 일반인들과 마찬가지로 거의 티 안 나게 그렇게 생활을 하고 있고 어 요즘에는 조기 축구도 나가서 네 다시 예전처럼은 아니지만 어 활발하게 활동하고 있습니다.","wordCount":158},"emotion":[],"intent":[{"text":"제가 원래 축구를 했었는데 음 이제 연습 끝나고 가는 길에 음 좀 저는 이제 횡단보도 녹색 불이 켜진 걸 보고 건넜는데 아니 택시가 아 뭐 좀 급한 일이 있었는지 저를 치면서 어 제가 이제 눈을 떠보니까 병원 침대에 있더라고요.","expression":"c_private","category":"background"},{"text":"어 그때 고관절이 좀 많이 다쳐서 한 병원에 육 개월 정도 누워 있어야 되는 좀 큰 부상을 입었습니다.","expression":"c_private","category":"background"},{"text":"어 그로 인해서 운동도 그만뒀어야 됐고 음 운동은 둘째 치고 어 고관절 부분이 심하게 다쳐서 좀 다리를 어 절 수도 있다","expression":"c_private","category":"background"},{"text":"라는 판정을 받고 어린 나이에 진짜 큰 절망감에 빠졌었습니다.","expression":"c_private","category":"background"},{"text":"어 근데 제가 절망만 하고 있기에는 좀 너무 아까운 것 같아서 어 이제 재활 육 개월 후에 재활을 할 때 아 진짜 이 약물고 재활을 했던 것 같습니다.","expression":"c_private","category":"background"}],"summary":{"text":"고등학교 일학년 때 고관절을 크게 다쳐서 병원에 누워 있어야 되는 부상을 입었습니다. 그로 인해 운동을 그만둘 필요가 있었는데 재활을 하면서 약물고 재활을 했던 것 같습니다. 지금은 조기 축구도 나가 활발하게 활동하고 있습니다.","wordCount":32}}},"rawDataInfo":{"question":{"fileFormat":"wav","fileSize":403278,"duration":12600,"samplingBit":16,"channelCount":1,"samplingRate":"16kHz","audioPath":"/Mock/04.RND/Male/New/ckmk_q_rnd_m_n_265912.wav"},"answer":{"fileFormat":"wav","fileSize":3835598,"duration":119860,"samplingBit":16,"channelCount":1,"samplingRate":"16kHz","audioPath":"/Mock/04.RND/Male/New/ckmk_a_rnd_m_n_265912.wav"}}}