{"version":"1.0","dataSet":{"info":{"date":"20230116","occupation":"RND","channel":"MOCK","place":"ONLINE","gender":"MALE","ageRange":"35-44","experience":"NEW"},"question":{"raw":{"text":"세상에는 정말 많은 자동차 관련 기술들이 있습니다 그렇게 수많은 자동차 관련 기술 가운데 지원자님께서 가장 유명하다고 생각하는 기술은 어떤 것일까요 궁금합니다","wordCount":21},"emotion":[],"intent":[]},"answer":{"raw":{"text":"어 저는 뭐 수많은 자동차 관련 기술 중에서 음 가장 유망하다고 생각하는 것은 자율 주행 기술이라고 생각합니다. 왜냐하면 자율 주행 기술은 어 빠른 통신 환경 그리고 빠른 어 데이터 처리가 필요한 것이므로 어 현대 산업의 총 집합체라고 생각하기 때문입니다. 그래서 저는 어 자율 주행 기술이 현대 어 자동차 기술 관련 기술 중에서 가장 유망한 기술이라고 생각합니다.","wordCount":56},"emotion":[],"intent":[{"text":"","expression":"","category":"attitude"}],"summary":{"text":"통신 환경과 데이터 처리가 필요한 자율 주행 기술은 현대 산업에서 가장 유망한 기술입니다. 이는 현대 산업의 총 집합체라고 여겨집니다.","wordCount":19}}},"rawDataInfo":{"question":{"fileFormat":"wav","fileSize":508238,"duration":15880,"samplingBit":16,"channelCount":1,"samplingRate":"16kHz","audioPath":"/Mock/04.RND/Male/New/ckmk_q_rnd_m_n_287134.wav"},"answer":{"fileFormat":"wav","fileSize":1496398,"duration":46760,"samplingBit":16,"channelCount":1,"samplingRate":"16kHz","audioPath":"/Mock/04.RND/Male/New/ckmk_a_rnd_m_n_287134.wav"}}}