{"version":"1.0","dataSet":{"info":{"date":"20230116","occupation":"RND","channel":"MOCK","place":"ONLINE","gender":"MALE","ageRange":"35-44","experience":"NEW"},"question":{"raw":{"text":"스터디를 따로 하고 계신 것이 있을까요 있다면 어떤 공부를 하고 있고 왜 하고 있는지에 대해서도 함께 말씀해 주세요","wordCount":18},"emotion":[],"intent":[]},"answer":{"raw":{"text":"어 저는 어 전공자는 아니지만 어 좀 영어권에서 유학 생활을 하고 학교를 다니고 또 그런 뭐 수준에 있는 몇몇 분들과 함께 어 좀 통 번역에 대해서 좀 공부를 하고 있습니다. 어 그 이유는 어 그런 부분이 나중에 어 도움이 될 것 같고 또 우리가 그냥 번역기를 통해서 번역하고 아니면 그냥 구어체로 번역하고 하는 부분보다 좀 문서화할 때 번역하는 방법이라든지 그런 어구 어 거기서 오는 뉘앙스들이 조금 더 포멀해야 된다 라는 좀 생각을 갖고 있기 때문에 앞으로 좀 회사에서 활용을 하고 좀 업무적으로 이용을 할 때도 어 필요하다 라고 생각해서 어 서로 의견을 주고받고 어 그렇게 해서 좀 스터디를 하고 있습니다. 어 전문 그 통번역 하시는 분들을 하 분들을 초대해서 하지 않는 이유는 어 좀 그건 사실 스터디라고 할 수 없고 그냥 어 배우는 강의를 듣는 거이기 때문에 좀 비슷한 수준과 비슷한 처지에 있는 사람들끼리 아 우리 힘으로 해 보면은 더 좀 뿌듯함을 느끼고 보람을 느끼고 성취감을 느끼지 않을까 라는 생각에 에 그렇게 하고 있습니다.","wordCount":154},"emotion":[],"intent":[{"text":"","expression":"","category":"attitude"}],"summary":{"text":"전공자는 아니지만 영어권에서 유학 생활을 하고 학교를 다니는 몇몇 분들과 함께 통번역에 대해 공부하고 있습니다. 앞으로 회사에서 업무적으로 이용할 때도 통번역을 좀 더 포멀하게 할 필요가 있다고 생각해서 서로 의견을 주고받으며 스터디를 하고 있고, 함께 학습하면 더 뿌듯함과 성취감을 느낄 것 같아 그렇게 하고 있왔습니다.","wordCount":45}}},"rawDataInfo":{"question":{"fileFormat":"wav","fileSize":578958,"duration":18090,"samplingBit":16,"channelCount":1,"samplingRate":"16kHz","audioPath":"/Mock/04.RND/Male/New/ckmk_q_rnd_m_n_311891.wav"},"answer":{"fileFormat":"wav","fileSize":3800398,"duration":118760,"samplingBit":16,"channelCount":1,"samplingRate":"16kHz","audioPath":"/Mock/04.RND/Male/New/ckmk_a_rnd_m_n_311891.wav"}}}