{"version":"1.0","dataSet":{"info":{"date":"20230116","occupation":"RND","channel":"MOCK","place":"ONLINE","gender":"MALE","ageRange":"55-","experience":"NEW"},"question":{"raw":{"text":"면접자께서는 기업이 기술 경쟁력을 확보하기 위해서는 어떤 노력을 해야 하는지 본인의 의견이 있으시다면 말씀 부탁드리겠습니다","wordCount":15},"emotion":[],"intent":[]},"answer":{"raw":{"text":"경쟁력을 확보하기 위해서는 아주 전략적인 어 인프라를 구축하는데 오너의 진짜 오너의 전략적 인프라 구축에 달려있다고 생각을 합니다. 어 음 어 어떤 어떤 어 부분 아니면은 어 한 사람 그 조직의 어떤 조직 관리에 뭐 관리자나 아니면은 뭐 이런 이런 어 의사결정권을 완전히 가지고 있지 않는 사람이 기술 경쟁력을 확보한다 라는 데는 어 제약적인 요소가 있기 때문에 어 이 부분은 오너의 확고한 인프라 구축 그것도 전략적으로 어떻게 할 것인지에 대한 티에프 팀을 운영해서 어 구축해야 된다라고 그렇게 생각합니다. 어 안 그래도 지금 에이아이가 에이아이 와 사물 인터넷 빅데이터 이런 이런 어떤 그런 사이버 세계에 와 마주하고 있는 우리로서는 어 거기에 필요한 부분을 아주 어 긴밀한 어 데이터를 구축하고 그걸 운영하는 그런 역량을 보유하고 단련시키는 그런 오너가 필요합니다.","wordCount":116},"emotion":[],"intent":[{"text":"","expression":"","category":"attitude"}],"summary":{"text":"의사결정권을 완전히 가지지 않은 사람이 기술 경쟁력을 확보하는 데는 제약적인 요소가 있기 때문에, 이 부분은 오너의 확고한 인프라 구축과 티에프 팀을 운영해서 구축해야 한다고 생각합니다. 사이버 세계에서 필요한 부분을 구축하고 운영하는 역량을 보유한 오너가 필요합니다.","wordCount":35}}},"rawDataInfo":{"question":{"fileFormat":"wav","fileSize":457358,"duration":14290,"samplingBit":16,"channelCount":1,"samplingRate":"16kHz","audioPath":"/Mock/04.RND/Male/New/ckmk_q_rnd_m_n_247327.wav"},"answer":{"fileFormat":"wav","fileSize":3021198,"duration":94410,"samplingBit":16,"channelCount":1,"samplingRate":"16kHz","audioPath":"/Mock/04.RND/Male/New/ckmk_a_rnd_m_n_247327.wav"}}}