{"version":"1.0","dataSet":{"info":{"date":"20230116","occupation":"RND","channel":"MOCK","place":"ONLINE","gender":"MALE","ageRange":"35-44","experience":"NEW"},"question":{"raw":{"text":"협업하는 과제와 혼자 하는 과제 중에서 무엇을 더욱 선호하시나요 그 이유에 대해서도 함께 말씀 부탁드립니다","wordCount":15},"emotion":[],"intent":[]},"answer":{"raw":{"text":"저는 혼자 하는 과제를 더 선호하는 편입니다. 협업하는 과제를 하다 보면 시간이 오래 걸릴 뿐더러 사람들과 한마음이 되는 것이 상당히 어렵다고 느낍니다. 각자의 의견을 존중하고 경청하고 배려하지 않으면 쉽지 않은 게 협업이다 라고 생각합니다. 협업으로 과제 하다가 혹시 의견이 틀리면 그 과제는 결국 시간이 오래 걸리고 또 과제를 잘 끝낼 수도 없습니다. 그래서 저는 되도록이면 혼자 하는 과제를 더 선호합니다. 혼자 하면 책임도 혼자 져야 하고 또 준비하고 또 발표하고 여러 힘든 일이 있을 수도 있으 있지만 더 꼼꼼하게 잘 살필 수 있습니다. 그래서 저는 혼자 하는 과제를 더 선호하며 꼼꼼하게 해낼 수 있기 때문에 그런 쪽을 더 선호하는 편입니다.","wordCount":100},"emotion":[],"intent":[{"text":"","expression":"","category":"attitude"}],"summary":{"text":"협업하는 과제를 하다 보면 시간이 오래 걸릴 뿐더러 사람들과 한팀이 되는 것이 상당히 어렵다고 느낍니다. 그래서 되도록이면 혼자 하는 과제를 더 선호하며 꼼꼼하게 해낼 수 있기 때문에 그런 쪽을 더 선호하는 편입니다.","wordCount":32}}},"rawDataInfo":{"question":{"fileFormat":"wav","fileSize":602958,"duration":18840,"samplingBit":16,"channelCount":1,"samplingRate":"16kHz","audioPath":"/Mock/04.RND/Male/New/ckmk_q_rnd_m_n_325479.wav"},"answer":{"fileFormat":"wav","fileSize":2382158,"duration":74440,"samplingBit":16,"channelCount":1,"samplingRate":"16kHz","audioPath":"/Mock/04.RND/Male/New/ckmk_a_rnd_m_n_325479.wav"}}}