{"version":"1.0","dataSet":{"info":{"date":"20230116","occupation":"RND","channel":"MOCK","place":"ONLINE","gender":"MALE","ageRange":"-34","experience":"NEW"},"question":{"raw":{"text":"협업을 할 때 가장 중요하게 생각하시는 것은 무엇인가요 왜 그것을 가장 중요하다고 여기시는지 함께 말씀해 주세요","wordCount":16},"emotion":[],"intent":[]},"answer":{"raw":{"text":"예 협업을 중요한 거는 저는 아무래도 인제 그 부서 간의 그 믿음 신뢰 공조 어 라고 생각을 합니다. 한마디로 신뢰죠. 예 그 이미 그 모든 구성원들 그 부서 안에 인원들과 부서에 기능은 이미 회사에서 결정을 했습니다. 또한 그 평가를 하여 어떤 사람이 어떤 능력을 가지고 있고 어떤 부서에서 어떤 업무를 수행한다 라는 것은 다 확정이 됐기 때문에 그런 업무를 어떻게 잘 협조하여 그 협업을 할 것인가 할 때는 그 상대방을 믿고 또 어 거기에 따르는 어떤 그 조건을 제시하여 우리가 원하는 기간 안에 그 부서에서 우리가 그 기능을 발휘하여 우리가 원하는 결과를 만들어 낼 수 있는 그런 그 협업을 이제 그런 내용인데 신뢰가 없다면은 어 진행하는 데 좀 어려움이 있겠죠. 상대방을 못 믿고 어떻게 일을 맡기겠습니까. 아 그래서 정 이제 그런 우려가 있을 때는 어떤 프로젝트 사안에 따래서 사안에 따라서 쪼끔 장기적으로 진행되는 것에 대해서는 뭐 이렇게 한 달에 한 번도 좋고 한 두 달에 한 번도 좋고 중간에 점검 회의를 통해서 그 부서에 어떤 그 애로 사항이라든지 관련 부서 지원 사항 협조 사항들도 지속적으로 살피고 지원하고 또 협업 목표를 극대화할 수 있도록 살피는 게 중요하지 않을까 생각합니다.","wordCount":178},"emotion":[],"intent":[{"text":"","expression":"","category":"attitude"}],"summary":{"text":"협업이 중요한 이유는 부서 간의 믿음 신뢰 공조 라고 생각합니다. 협업을 할 때는 신뢰를 바탕으로 해야 합니다. 신뢰가 없으면 업무 진행이 어렵습니다. 그런 우려가 있을 때는 사안에 따라 장기적으로 진행하는 것은 점검을 통해 부서에 대한 지원과 협업 목표를 극대화할 수 있도록 살피는 게 중요하다고 생각합니다.","wordCount":45}}},"rawDataInfo":{"question":{"fileFormat":"wav","fileSize":605518,"duration":18920,"samplingBit":16,"channelCount":1,"samplingRate":"16kHz","audioPath":"/Mock/04.RND/Male/New/ckmk_q_rnd_m_n_325507.wav"},"answer":{"fileFormat":"wav","fileSize":3006798,"duration":93960,"samplingBit":16,"channelCount":1,"samplingRate":"16kHz","audioPath":"/Mock/04.RND/Male/New/ckmk_a_rnd_m_n_325507.wav"}}}