{"version":"1.0","dataSet":{"info":{"date":"20230116","occupation":"RND","channel":"MOCK","place":"ONLINE","gender":"MALE","ageRange":"35-44","experience":"NEW"},"question":{"raw":{"text":"커뮤니케이션을 잘 할 수 있는 본인만의 방법이 있다면 그것을 이 자리에서 직접 한번 보여주실 수 있을까요","wordCount":16},"emotion":[],"intent":[]},"answer":{"raw":{"text":"어 뭐 저는 딱히 커뮤니케이션에 관한 스킬을 가지고 있지는 않지만 어 보통 커뮤니케이션을 할 때는 어 좀 공감해주는 태도가 어 가장 중요하다라고 생각을 합니다. 음 상대방 상대방 말에 대해서 어 공감을 하고 어 좀 이해하겠다라는 어떤 그런 태도들을 보여주는 게 어 좀 제일 어 커뮤니케이션을 하기에 좋지 않나 라고 생각을 합니다. 어 많이들 어 아시겠지만 그냥 흔히 그 끝에 말을 좀 같이 따라 해 준다라거나 어 고개를 끄덕이는 거 음 표정으로 나타내는 뭐 그런 부분들을 음 좀 어 이렇게 인위적으로라도 하면 음 제 경험에서는 제 어 경우에는 좀 좋았던 것 같습니다. 그 커뮤니케이션 소통이 좀 잘 되고 어 인위적으로 한다고 해도 상대방은 전혀 뭐 그걸 인위적이라고 해서 뭐라고 하거나 기분 나빠한 적이 없이 아 잘 소통이 되고 있다 라고 생각을 했고 어 잘 어 이야기하는 것들을 마무리 했었던 것 같습니다.","wordCount":130},"emotion":[],"intent":[{"text":"","expression":"","category":"attitude"}],"summary":{"text":"커뮤니케이션 시에는 상대방의 말에 공감해주는 태도가 가장 중요하다고 생각합니다. 인위적으로 말을 따라 준다거나, 고개를 숙인다거나, 표정을 나타내는 것들을 통해 커뮤니케이션이 잘 되고 있다고 생각하며 잘 소통하고 있습니다.","wordCount":27}}},"rawDataInfo":{"question":{"fileFormat":"wav","fileSize":271438,"duration":8480,"samplingBit":16,"channelCount":1,"samplingRate":"16kHz","audioPath":"/Mock/04.RND/Male/New/ckmk_q_rnd_m_n_279738.wav"},"answer":{"fileFormat":"wav","fileSize":3411918,"duration":106620,"samplingBit":16,"channelCount":1,"samplingRate":"16kHz","audioPath":"/Mock/04.RND/Male/New/ckmk_a_rnd_m_n_279738.wav"}}}