{"version":"1.0","dataSet":{"info":{"date":"20230116","occupation":"RND","channel":"MOCK","place":"ONLINE","gender":"MALE","ageRange":"55-","experience":"NEW"},"question":{"raw":{"text":"협업을 할 때 가장 중요하게 생각하는 것이 있다면 그것이 무엇인지 그리고 그것을 왜 가장 중요하게 생각하는지 모두 말씀해 주세요","wordCount":19},"emotion":[],"intent":[]},"answer":{"raw":{"text":"협업을 할 때 가장 중요한 거는 서로 간에 존중하는 어떤 그런 마인드 어 조직 문화 속에서도 어 그런 부분이 많이 필요하고요. 이제 우리가 뭐 조직 문화 이러면은 뭐 대단한 것 같지만 어 세 명이 모여도 문화를 만들 수 있는 그런 개체 수이기도 합니다. 왜 세 명이 가게 돼 세 명이 어울리게 되면 그중에 나를 가르키는 사람이 한 사람 쯤은 있다 라고 이야기를 하니까요. 어 서로가 서로를 통해서 배우고 그걸 업무에 어 업무의 연장선상에서 또 삽입을 하고 그리고 또 배제도 하고 그러면서 어 협업을 해 나갈 때 어 좋은 결과를 만들 수 있다 그런 생각을 하고 있고 가장 중요한 건 전 그렇다고 봅니다. 사람 중심이 아니라 일 중심의 협업이 가장 객관적인 나의 위치를 설정해 줍니다. 관계 설정을 할 때 그래서 그 점을 가장 강조하고 싶습니다.","wordCount":124},"emotion":[],"intent":[{"text":"협업을 할 때 가장 중요한 거는 서로 간에 존중하는 어떤 그런 마인드 어 조직 문화 속에서도 어 그런 부분이 많이 필요하고요.","expression":"c_cop","category":"personality"}],"summary":{"text":"협업을 할 때 가장 중요한 것은 서로 간에 존중하는 마인드가 많이 필요한 것 같습니다. 사람 중심이 아니라 일 중심의 협업이 가장 객관적인 저의 위치를 설정해 줍니다.","wordCount":26}}},"rawDataInfo":{"question":{"fileFormat":"wav","fileSize":305678,"duration":9550,"samplingBit":16,"channelCount":1,"samplingRate":"16kHz","audioPath":"/Mock/04.RND/Male/New/ckmk_q_rnd_m_n_247566.wav"},"answer":{"fileFormat":"wav","fileSize":2990158,"duration":93440,"samplingBit":16,"channelCount":1,"samplingRate":"16kHz","audioPath":"/Mock/04.RND/Male/New/ckmk_a_rnd_m_n_247566.wav"}}}