{"version":"1.0","dataSet":{"info":{"date":"20230116","occupation":"RND","channel":"MOCK","place":"ONLINE","gender":"MALE","ageRange":"35-44","experience":"NEW"},"question":{"raw":{"text":"저희 업무 특성상 야근 그리고 잔업 외근이 많을 수 있는데요 그래도 괜찮으실까요","wordCount":12},"emotion":[],"intent":[]},"answer":{"raw":{"text":"네 저는 어 야근이나 잔업은 상관없습니다. 좀 시간도 여유가 많은 편이고 어 좀 그렇기 때문에 아 그건 상관없을 것 같은데 혹시 외근이 어 좀 밖으로 나가서 거래처 분들을 만나거나 뭐 영업을 한다거나 이렇게 사람을 만나는 쪽에 외근이면 그게 저는 조금 어 망설여지긴 합니다. 그냥 밖에 나가서 또 제 업무를 보는 일이라면 어 저는 어 외근도 잘 할 수 있을 것 같습니다. 그런데 이런 사람을 상대하는 일에는 아 제가 좀 말주변이 없고 좀 그 약간 사람 만나는 거에 대해서 조금 어색해지는 그런 게 있어서 좀 친구들과도 친해지는 데 좀 시간이 필요한 그런 타입이거든요. 그래서 아 좀 그런 그 대인 업무 같은 거는 제가 좀 어 잘 해낼 수 있을까 라는 걱정이 우선 앞서긴 합니다. 어 하지만 또 제가 잘 극복해서 어 좀 어 노하우를 잘 찾아서 예 하긴 해야겠죠. 어 그 대인 사람 상대하는 외근만 아니라면 아 다른 부분에 있어서는 어 저는 큰 불만 없이 잘 해낼 자신이 있습니다.","wordCount":148},"emotion":[{"text":"그래서 아 좀 그런 그 대인 업무 같은 거는 제가 좀 어 잘 해낼 수 있을까 라는 걱정이 우선 앞서긴 합니다.","expression":"n-anxiety","category":"negative"}],"intent":[{"text":"그런데 이런 사람을 상대하는 일에는 아 제가 좀 말주변이 없고 좀 그 약간 사람 만나는 거에 대해서 조금 어색해지는 그런 게 있어서 좀 친구들과도 친해지는 데 좀 시간이 필요한 그런 타입이거든요.","expression":"c_person","category":"background"}],"summary":{"text":"저는 야근이나 잔업은 상관없지만 대인 업무 같은 건 잘 해낼 수 있을까 하는 걱정이 우선 앞서긴 합니다. 하지만 대인 사람 상대하는 외근만 아니라면 다른 부분에 있어서는 큰 불만 없이 잘 해나갈 자신이 있습니다.","wordCount":33}}},"rawDataInfo":{"question":{"fileFormat":"wav","fileSize":283598,"duration":8860,"samplingBit":16,"channelCount":1,"samplingRate":"16kHz","audioPath":"/Mock/04.RND/Male/New/ckmk_q_rnd_m_n_265905.wav"},"answer":{"fileFormat":"wav","fileSize":3490318,"duration":109070,"samplingBit":16,"channelCount":1,"samplingRate":"16kHz","audioPath":"/Mock/04.RND/Male/New/ckmk_a_rnd_m_n_265905.wav"}}}