{"version":"1.0","dataSet":{"info":{"date":"20230116","occupation":"RND","channel":"MOCK","place":"ONLINE","gender":"MALE","ageRange":"35-44","experience":"NEW"},"question":{"raw":{"text":"어 네이버 다음 구글 등과 같은 검색을 비교해 보시길 바랍니다 그리고 각각의 검색 엔진들의 차이점과 장단점을 설명해 주세요","wordCount":18},"emotion":[],"intent":[]},"answer":{"raw":{"text":"네 네이버 다음 구글의 검색을 좀 비교해서 각 검색 엔진의 차이점과 그 장단점에 대해서 답변 드리겠습니다. 먼저 지금 현재 우리나라에서 가장 많이 사용하고 있는 네이버와 같은 경우는 네이버 자체 그런 안에 있는 여러 서비스들 블로그나 쇼핑이나 어 그런 서비스들을 중심으로 제일 먼저 이렇게 검색에 대상에 올려주는 것으로 알고 있습니다. 그러다 보니까 어 우리 한국인들이 가장 많이 사용하는 정보들이 사실은 우선적으로 나오는 것 같고 반대로 국제적인 조금 더 인터내셔널한 그러한 정보를 원할 때에는 적합하지 않은 것 같습니다. 반면 어 구글 같은 경우는 어 그것과 상관없이 전체 그 그런 사이트에서 제공되는 그런 정보를 어 모두 보여주기 때문에 어 그런 조금 더 자기 사이트 외에 있는 다른 정보들을 얻고 싶을 때에는 구글이 좋은 것 같구요. 다음과 같은 경우는 네이버와 조금 비슷하지만 또 구글의 장점도 있어서 네이버와 구글에 그 중간 지점을 어 차지하고 있다고 생각을 합니다. 그래서 인제 네이버랑 구글을 주로 인제 저도 저 같은 경우도 사용하게 되는데요. 그래서 국내 자료는 네이버 어 그리고 해외 자료로는 구글이 더 어 좋은 그런 검색 효과 결과를 주고 있다고 생각을 합니다. 이상입니다.","wordCount":165},"emotion":[],"intent":[{"text":"","expression":"","category":"attitude"}],"summary":{"text":"네이버와 다음 구글의 검색을 비교해서 각 검색 엔진의 차이점과 그 장단점에 대해서 답변 드리겠습니다. 우선 국내에서 가장 많이 사용하는 네이버는 블로그나 쇼핑이나 그런 서비스들을 중심으로 제일 먼저 검색에 대상에 올려주는 것으로 알고 있습니다. 반면 구글은 전체 그 사이트에서 제공되는 정보를 모두 보여주기 때문에 자기 사이트 외에 있는 다른 정보들을 얻고 싶을 때에는 구글이 더 좋습니다.","wordCount":55}}},"rawDataInfo":{"question":{"fileFormat":"wav","fileSize":426638,"duration":13330,"samplingBit":16,"channelCount":1,"samplingRate":"16kHz","audioPath":"/Mock/04.RND/Male/New/ckmk_q_rnd_m_n_312040.wav"},"answer":{"fileFormat":"wav","fileSize":3464718,"duration":108270,"samplingBit":16,"channelCount":1,"samplingRate":"16kHz","audioPath":"/Mock/04.RND/Male/New/ckmk_a_rnd_m_n_312040.wav"}}}