{"version":"1.0","dataSet":{"info":{"date":"20230116","occupation":"RND","channel":"MOCK","place":"ONLINE","gender":"MALE","ageRange":"-34","experience":"NEW"},"question":{"raw":{"text":"지원자님께서는 이전 직장에 퇴사한 후 퇴사한 것을 후회하신 적이 있나요 있다면 왜인지 이유와 함께 말씀해 주세요","wordCount":16},"emotion":[],"intent":[]},"answer":{"raw":{"text":"제가 살아온 과거에 대해서 후회한 적은 단 한 번도 없습니다. 물론 그 사실이 하고 나서에 어떤 아픔이나 조 많은 생각거리가 되기는 하지만 그것에 평생 얽매어서 살려고는 하지 않습니다. 그리고 퇴사한 것에 대해서는 다 이유가 있었기 때문에 앞으로 더 좋은 방향성과 더 좋은 콘텐츠를 가지고 일을 할 것을 계획을 하고 나온 거기 때문에 나온 것에 대해서 후회를 한다는 것 자체가 좀 웃긴 일이고 어 그래서 그것에 대한 특별한 이유는 없 뭐 어 후회 거리는 없습니다. 앞으로 제가 더 열심히 해서 좋은 성과를 가지고 성공하는 것이 어떻게 보면 과거에 대한 어 기억을 좋은 자양분 거리로 생각을 하게 될 수도 있는 케이스가 될 수도 있고 제가 지금 잘 못 해버리면은 저는 그냥 도망 다니는 도망자 신세가 될 수도 있겠죠. 때문에 저는 후회하거나 후회할 행동을 할려고 하지 않는 것 같습니다. 또 많은 것들을 미리 준비해서 피해 보지 않도록 노력하는 편입니다.","wordCount":136},"emotion":[],"intent":[{"text":"","expression":"","category":"attitude"}],"summary":{"text":"저는 퇴사한 것에 대해서는 특별한 이유는 없었고 후회는 없습니다. 앞으로 열심히 해서 좋은 성과를 가지고 성공하는 것이 과거에 대한 기억을 좋은 자양분 거리로 생각 할 수 있는 케이스가 될 수도 있고 지금 잘 못 해버리면은 그냥 도망 다니는 도망자 신세가 될 수 있습니다.","wordCount":43}}},"rawDataInfo":{"question":{"fileFormat":"wav","fileSize":382158,"duration":11940,"samplingBit":16,"channelCount":1,"samplingRate":"16kHz","audioPath":"/Mock/04.RND/Male/New/ckmk_q_rnd_m_n_274383.wav"},"answer":{"fileFormat":"wav","fileSize":2653838,"duration":82930,"samplingBit":16,"channelCount":1,"samplingRate":"16kHz","audioPath":"/Mock/04.RND/Male/New/ckmk_a_rnd_m_n_274383.wav"}}}