{"version":"1.0","dataSet":{"info":{"date":"20230116","occupation":"RND","channel":"MOCK","place":"ONLINE","gender":"MALE","ageRange":"35-44","experience":"NEW"},"question":{"raw":{"text":"만약 지원자분께서 일을 하시던 도중에 다른 팀원분과 불화가 생긴다고 한다면 어떻게 해결하실 생각이신지 궁금합니다 그 해결책과 이유에 대해서 말씀해 주시면 좋겠습니다","wordCount":21},"emotion":[],"intent":[]},"answer":{"raw":{"text":"네 만약 일을 하던 중에 팀원과 불화가 생긴다면 어 그것을 해결해야 할 텐데요. 해결하는 방법은 다양하게 있겠습니다마는 먼저 이 불화가 생긴 원인을 잘 찾아야 될 것 같습니다. 이 불화의 원인에 따라서 그것을 적절한 해결법이 달라질 것 같은데요. 만약에 어 서로 오해가 있어서 생기는 것이라면 오해를 풀어야겠고요. 어 솔직하게 그 자신의 원래 의도와 어 자신이 정말 했었던 일들을 명확하게 그런 객관적인 팩트를 중심으로 이야기를 해야 될 것 같고 어 그것을 또 그 개인 간의 상 당사자들끼리 대화를 해서 해결하기 어려운 경우에는 또 제 삼 자를 중재를 통해서 서로의 그 의견을 어 객관적으로 잘 전달해 주면 그것이 어 이 불화를 해결하는 데 좋은 도움이 될 것 같고 또 불화의 원인이 단순한 오해가 아니라 정말 누군가의 어떤 잘못 때문에 생겼다면 어 이제 만약에 제 잘못이라면 재빠르게 또 뭐 구체적으로 사과를 하고 또 불화를 해결할 수 있도록 어 그렇게 해야 될 것 같습니다. 불화가 있는 채로 무리하게 일을 진행하다가는 오히려 더 큰 어 일이 생길 수도 있고 그 일도 제대로 되지 않기 때문에 불화를 가장 우선적으로 해결하려고 노력을 하겠습니다. 네 이상으로 답변 마치겠습니다.","wordCount":169},"emotion":[],"intent":[{"text":"","expression":"","category":"attitude"}],"summary":{"text":"일을 하던 중 팀원과 불화가 생긴다면 그 원인을 잘 찾아야 합니다. 오해가 있다면 자신의 원래 의도와 사실들을 명확하게 이야기를 해야 합니다. 당사자들끼리 해결하기 어려운 경우에는 제삼자를 중재를 통해서 서로의 의견을 객관적으로 전달해 주어야 합니다. 만일 제 잘못이라면 빨리 사과를 하고 불화를 해결해야 합니다. 무리한 진행은 일이 제대로 생길 수 있습니다.","wordCount":50}}},"rawDataInfo":{"question":{"fileFormat":"wav","fileSize":551118,"duration":17220,"samplingBit":16,"channelCount":1,"samplingRate":"16kHz","audioPath":"/Mock/04.RND/Male/New/ckmk_q_rnd_m_n_312035.wav"},"answer":{"fileFormat":"wav","fileSize":3192718,"duration":99770,"samplingBit":16,"channelCount":1,"samplingRate":"16kHz","audioPath":"/Mock/04.RND/Male/New/ckmk_a_rnd_m_n_312035.wav"}}}