{"version":"1.0","dataSet":{"info":{"date":"20230116","occupation":"RND","channel":"MOCK","place":"ONLINE","gender":"MALE","ageRange":"-34","experience":"NEW"},"question":{"raw":{"text":"지원자께서는 지금까지 학교와 기업에서 연구 경험이 많다고 들었습니다 그렇다면 학교에서의 연구와 기업에서의 연구는 어떻게 다르다고 생각하는지 그것에 대해서 말씀해 주십시오","wordCount":20},"emotion":[],"intent":[]},"answer":{"raw":{"text":"예 학교에서 연구는 아무래도 이제 뭐 교수님이 주어진 과제를 가지고 이렇게 몇몇에 그 팀 팀이 구성이 돼 가지고 같이 운영을 하는데 거기에 인제 그 뭐 팀원이 네 명 다섯 명을 이렇게 있다 하더라도 결국 그 열심히 참여하는 분은 한 두 명이고 나머지 분들 이렇게 이름만 걸고 이렇게 옆에서 이렇게 지원만 해주는 그런 경우가 좀 많이 있죠. 그러다 보니까 또 때로는 어떤 그런 뭐 학년이라든지 경험에 따라서 참여할 수 있는 기회도 발언의 기회라든지 조금 제한적이고 그런 경우가 많이 있습니다. 그렇기 때문에 학교에서의 연구는 거의 뭐 그 교수님 주도로 하는 또 팀원의 그 조금 소수 인원 주도로 하는 그런 성격의 연구라고 생각을 하고 기업에서는 어떤 그 다르죠. 그 지원 모든 구성원 전체가 어떻게 보면 다 동등한 입장에서 자기의 입장을 제시하고 또 이렇게 토론하고 협의할 수 있는 그런 그 분위기이기 때문에 얼마든지 본인에 어떤 그 새로운 아이디어와 그 방안이 있다 하면은 그런 뭐 주변에 그런 뭐 상급자라든지 그 구애받지 않고 자기 스스로의 역량을 얼마든지 보여줄 수 있고 활용할 수 있는 이제 그런 방식이라고 저는 생각을 합니다.","wordCount":163},"emotion":[],"intent":[{"text":"","expression":"","category":"attitude"}],"summary":{"text":"학교 연구는 팀 운영으로 참여 인원이 적고 발언 기회도 제한적입니다. 기업에서는 동등한 입장에서 의견을 제시하고 토론할 수 있는 분위기이므로 자기 역량을 자유롭게 보여줄 수 있고 활용할 수 있는 방식입니다.","wordCount":29}}},"rawDataInfo":{"question":{"fileFormat":"wav","fileSize":591118,"duration":18470,"samplingBit":16,"channelCount":1,"samplingRate":"16kHz","audioPath":"/Mock/04.RND/Male/New/ckmk_q_rnd_m_n_325510.wav"},"answer":{"fileFormat":"wav","fileSize":2979278,"duration":93100,"samplingBit":16,"channelCount":1,"samplingRate":"16kHz","audioPath":"/Mock/04.RND/Male/New/ckmk_a_rnd_m_n_325510.wav"}}}