{"version":"1.0","dataSet":{"info":{"date":"20230116","occupation":"RND","channel":"MOCK","place":"ONLINE","gender":"MALE","ageRange":"35-44","experience":"NEW"},"question":{"raw":{"text":"이제까지 사람들과 협업을 하면서 제일 어려웠던 점이 있다면 그것은 무엇이었는지 궁금합니다 그리고 그것은 어떤 방법으로 극복하셨는지도 함께 말씀해 주세요","wordCount":19},"emotion":[],"intent":[]},"answer":{"raw":{"text":"협업을 할 때 가장 어려웠던 점은 어 협업을 할 때 어 업무가 특정 사람한테 치중되는 그런 일들이 좀 많았다고 생각을 합니다. 어 반면에 어 다른 어떤 사람들은 업무를 하지 않는 점 이런 점이 어 가장 사실 어려웠던 점이라고 생각을 하는데 어 이때 예 어 극복을 하기 위해서는 어 이 협업에 있어서의 리더의 역할이 가장 중요했다고 생각을 합니다. 그래서 어 최초 어 협업을 시작하는 시점에서 어 리더가 어 정확한 업무의 배분을 하는 했던 것이 어 이 이런 문제를 극복하기 위한 가장 좋은 방법이었던 것 같습니다.","wordCount":84},"emotion":[],"intent":[{"text":"","expression":"","category":"attitude"}],"summary":{"text":"협업 시 특정인에게 업무가 치중되거나 다른이들은 업무를 하지 않는 점이 가장 어려웠으며, 이를 극복하기 위해서는 정확한 업무 배분을 하는 리더의 역할이 가장 중요했습니다.","wordCount":23}}},"rawDataInfo":{"question":{"fileFormat":"wav","fileSize":368078,"duration":11500,"samplingBit":16,"channelCount":1,"samplingRate":"16kHz","audioPath":"/Mock/04.RND/Male/New/ckmk_q_rnd_m_n_279179.wav"},"answer":{"fileFormat":"wav","fileSize":1939278,"duration":60600,"samplingBit":16,"channelCount":1,"samplingRate":"16kHz","audioPath":"/Mock/04.RND/Male/New/ckmk_a_rnd_m_n_279179.wav"}}}