{"version":"1.0","dataSet":{"info":{"date":"20230116","occupation":"RND","channel":"MOCK","place":"ONLINE","gender":"MALE","ageRange":"-34","experience":"NEW"},"question":{"raw":{"text":"업무를 수행하다 보면 중국으로 출장을 갈 일이 조금 발생할 수도 있는데요 중국 출장도 괜찮으실까요","wordCount":14},"emotion":[],"intent":[]},"answer":{"raw":{"text":"어 제가 사실 고등학교를 중국에서 나왔습니다. 그래서 중국어도 잘 알아듣고 물론 지금 중국어를 안 쓴 지 십 년이 넘었기 때문에 쓰는 것은 많이 잊어버렸지만은 그래도 기본적인 중국어는 할 줄 알고 또 꼭 중국 출장을 간다고 해서 중국어를 능통하게 해야지만 일이 될 수 있는 건 아니기 때문에 쪽 짜잘 짜잘한 칩 같은 것들을 중국인들 또 중국 바이어들 분들 중국계에서 일하고 있는 관리 경영진들을 대하는 데 있어서 좋은 시너지 효과를 내는 윤활제 역할을 할 수 있다 라고 생각을 합니다. 그렇기 때문에 뭐 전 사실 뭐 중국이 아니라 지구 반대편에 비행기로 열 여섯 시간 열 여덟 시간을 가야 도착할 수 있는 나라에서 유학도 오랜 시간 해봤고 또 미국뿐만 아니라 중국 러시아 몽골 베트남 등 제가 선교 활동을 하러 어렸을 때 많이 돌아다녔었어요. 그래서 새로운 타지에서 적응을 하는 것 또 거기 있는 사람들과 대화하고 소통하고 또 일하는 것에 대한 두려움은 전혀 없습니다.","wordCount":138},"emotion":[{"text":"어 제가 사실 고등학교를 중국에서 나왔습니다.","expression":"u-fact","category":"neutral"},{"text":"그렇기 때문에 뭐 전 사실 뭐 중국이 아니라 지구 반대편에 비행기로 열 여섯 시간 열 여덟 시간을 가야 도착할 수 있는 나라에서 유학도 오랜 시간 해봤고 또 미국뿐만 아니라 중국 러시아 몽골 베트남 등 제가 선교 활동을 하러 어렸을 때 많이 돌아다녔었어요.","expression":"u-fact","category":"neutral"}],"intent":[{"text":"어 제가 사실 고등학교를 중국에서 나왔습니다.","expression":"c_private","category":"background"},{"text":"그래서 중국어도 잘 알아듣고 물론 지금 중국어를 안 쓴 지 십 년이 넘었기 때문에 쓰는 것은 많이 잊어버렸지만은 그래도 기본적인 중국어는 할 줄 알고 또 꼭 중국 출장을 간다고 해서 중국어를 능통하게 해야지만 일이 될 수 있는 건 아니기 때문에 쪽 짜잘 짜잘한 칩 같은 것들을 중국인들 또 중국 바이어들 분들 중국계에서 일하고 있는 관리 경영진들을 대하는 데 있어서 좋은 시너지 효과를 내는 윤활제 역할을 할 수 있다 라고 생각을 합니다.","expression":"c_sincere_co","category":"etc"},{"text":"그렇기 때문에 뭐 전 사실 뭐 중국이 아니라 지구 반대편에 비행기로 열 여섯 시간 열 여덟 시간을 가야 도착할 수 있는 나라에서 유학도 오랜 시간 해봤고 또 미국뿐만 아니라 중국 러시아 몽골 베트남 등 제가 선교 활동을 하러 어렸을 때 많이 돌아다녔었어요.","expression":"c_private","category":"background"}],"summary":{"text":"저는 고등학교를 중국에서 나왔지만 중국 출장을 간다고 해서 중국어를 능통하게 해야지만 일이 되는 건 아니기 때문에 쪽 짜잘 짜잘한 칩들을 중국계에서 일하고 있는 관리 경영진들을 대하는 데 있어서 좋은 시너지 효과를 내는 윤활제 역할을 할 수 있다 라고 생각합니다.","wordCount":39}}},"rawDataInfo":{"question":{"fileFormat":"wav","fileSize":371278,"duration":11600,"samplingBit":16,"channelCount":1,"samplingRate":"16kHz","audioPath":"/Mock/04.RND/Male/New/ckmk_q_rnd_m_n_274384.wav"},"answer":{"fileFormat":"wav","fileSize":2465358,"duration":77040,"samplingBit":16,"channelCount":1,"samplingRate":"16kHz","audioPath":"/Mock/04.RND/Male/New/ckmk_a_rnd_m_n_274384.wav"}}}