{"version":"1.0","dataSet":{"info":{"date":"20230116","occupation":"RND","channel":"MOCK","place":"ONLINE","gender":"MALE","ageRange":"35-44","experience":"NEW"},"question":{"raw":{"text":"회사에 들어와서 선배를 만나게 된다면 어떤 모습의 선배를 만나고 싶으신가요 또한 그렇게 생각하시는 이유에 대해서도 말씀해 주세요","wordCount":17},"emotion":[],"intent":[]},"answer":{"raw":{"text":"어 저는 회사에서 인제 일을 하기 위해서 만나는 선배지만 함께 인생도 이야기 할 수 있는 그런 선배가 있었으면 좋겠습니다. 그래서 어 저에게 인제 선배로서 회사의 일도 가르켜 주지만 어 인생을 살아가는 동반자로서 함께 고민하고 또 함께 그런 희노애락을 나눌 수 있는 어 선배를 만났으면 좋겠어요. 그래서 물론 사적인 감정이 일에 너무 많이 개입되는 것은 저도 피하고 피하려고 노력해야겠지만 일하는 그 시간도 제 삶에 있어서 굉장히 많은 부분을 차지하잖아요. 어 뭐 거의 절반 이상 깨어있는 시간에 절반 이상을 그런 회사에서 보내게 될 텐데 그랬을 때 함께 일하는 동료 선배도 동료니까 어 그 사람은 제 인생을 함께 나누는 사람 그래서 인생에 대한 고민 즐거움 소소한 작은 기쁨이라도 함께 나누고 같이 밥을 먹고 같이 그런 여러 가지 사적인 이야기 농담도 하고 또 일을 할 때도 서로 불편하지 않게 함께 일할 수 있는 그래서 좀 음 어떤 문제 제기를 또 편하게 할 수 있는 그런 인간적인 인간적인 그런 선배를 만났으면 좋겠고 너무 무섭고 엄한 선배가 어떻게 보면은 뭐 일을 더 잘 할 수 있다 라고 평가할 수도 있지만 저는 오히려 그런 불편하면 어 일을 일의 효율성이 떨어지는 사람이라고 생각되기 때문에 편안하게 다가가고 이야기 할 수 있는 그렇다고 해서 제가 뭐 선을 넘거나 예의없게 굴지 않기 때문에 그런 선배를 만났으면 좋겠습니다. 이상으로 답변 마치겠습니다. 경청해 주셔서 감사합니다.","wordCount":202},"emotion":[],"intent":[{"text":"","expression":"","category":"attitude"}],"summary":{"text":"저는 회사에서 일을 하기 위해서 만나는 선배지만 함께 인생도 이야기 할 수 있는 그런 선배가 있었으면 좋겠습니다. 사적인 감정이 일에 많이 개입되는 것은 피하려고 하지만 일하는 시간도 제 삶에 많은 부분을 차지하기 때문에 함께 일하는 동료 선배도 동료니까 인생의 고민 즐거움, 작은 기쁨이라도 함께 나누고 서로 불편하지 않게 함께 일할 수 있는 인간적인 인간적인 선배를 만나길 바랍니다.","wordCount":57}}},"rawDataInfo":{"question":{"fileFormat":"wav","fileSize":607118,"duration":18970,"samplingBit":16,"channelCount":1,"samplingRate":"16kHz","audioPath":"/Mock/04.RND/Male/New/ckmk_q_rnd_m_n_296078.wav"},"answer":{"fileFormat":"wav","fileSize":3174478,"duration":99200,"samplingBit":16,"channelCount":1,"samplingRate":"16kHz","audioPath":"/Mock/04.RND/Male/New/ckmk_a_rnd_m_n_296078.wav"}}}