{"version":"1.0","dataSet":{"info":{"date":"20230116","occupation":"RND","channel":"MOCK","place":"ONLINE","gender":"MALE","ageRange":"55-","experience":"NEW"},"question":{"raw":{"text":"남들과는 다른 자신만의 경쟁력을 설명해 주세요 또한 그 경쟁력을 키우기 위해서 어떤 노력을 하셨는지도 말씀 부탁드립니다","wordCount":16},"emotion":[],"intent":[]},"answer":{"raw":{"text":"저만의 경쟁력이라고 하면 저는 새로운 일에 대한 두려움이 없고 거기에 대한 적응력이 상당히 뛰어나다고 생각합니다. 그리고 어려움에 대해서는 도전 정신이 강하다고 생각합니다. 이러한 것을 키우기 위해서 어떤 특별한 노력을 뭐 기울이고 한 것은 아니고 제 본래 성향상 어 그런 성향을 바탕으로 여러 가지 경험을 하면서 어 그런 역량이 좀 키워지지 않았는가 이런 생각을 합니다. 예를 들어서 어 전혀 접해보지 않은 새로운 시스템 레이저 커팅기를 도입을 할 때 에 레이저 커팅기에 대한 그 설치나 운영에 대해서 공급사에서 해줄 수 없는 환경이 돼 있습니다. 왜냐하면 저는 멕시코에 있었고 그 공급사는 중국에서 공급하는 거였습니다. 만약에 공급사에서 그것을 설치하고 어 가이드를 해주는 인력이 같이 온다면 제품 가격보다 그 비용이 더 많이 들기 때문에 어려운 점이 있었습니다. 이랬을 때 제가 어 자습으로 매뉴얼을 읽고 연구를 해서 그 삼백 킬로그람이 넘는 레이저 커팅 머신을 설치하고 또 커스터 마이징하고 적용하는데 성공을 핸 경험이 있습니다.","wordCount":137},"emotion":[],"intent":[{"text":"","expression":"","category":"attitude"}],"summary":{"text":"저는 새로운 일에 대한 두려움이 없고 적응력이 뛰어나고 도전 정신이 강하다고 생각합니다. 이것을 키우기 위해 특별한 노력을 한 것은 아니고 원래 성향상 여러 가지 경험을 하면서 역량이 좀 키워지지 않았나 생각합니다. 제가 멕시코에 있었고 중국에서 공급사를 만날 수 없었을 때 자습으로 매뉴얼을 읽고 연구를 해서 성공했던 경험이 있습니다.","wordCount":48}}},"rawDataInfo":{"question":{"fileFormat":"wav","fileSize":653198,"duration":20410,"samplingBit":16,"channelCount":1,"samplingRate":"16kHz","audioPath":"/Mock/04.RND/Male/New/ckmk_q_rnd_m_n_324718.wav"},"answer":{"fileFormat":"wav","fileSize":3806158,"duration":118940,"samplingBit":16,"channelCount":1,"samplingRate":"16kHz","audioPath":"/Mock/04.RND/Male/New/ckmk_a_rnd_m_n_324718.wav"}}}