{"version":"1.0","dataSet":{"info":{"date":"20230116","occupation":"RND","channel":"MOCK","place":"ONLINE","gender":"MALE","ageRange":"-34","experience":"NEW"},"question":{"raw":{"text":"혹시 지원자님께서는 해외에 파견 근무를 나가게 된다면 어느 나라에서 일을 하고 싶으십니까 그러한 이유도 함께 말씀해 주시기 바랍니다","wordCount":18},"emotion":[],"intent":[]},"answer":{"raw":{"text":"반도체의 강국으로서 반도체가 필요로 하는 자동차 컴퓨터 핸드폰 등의 제품을 주력으로 하는 나라가 좋다고 생각합니다. 최근에는 미국이 자율 주행 자동차의 기술 선도 주자로 나서고 있으며 이러한 상황에서 미국으로 수출하고 교류한다면 서로 좋은 전략이 될 것입니다. 또한 중국이나 동남아시아로 공장을 세워 제품을 생산한다면 인건비를 줄여 이윤을 챙길 수 있습니다. 제가 만약 해외에 파견 근무를 나가게 된다면 어 기술 강대국인 미국에서 일을 하고 싶습니다.","wordCount":62},"emotion":[],"intent":[{"text":"","expression":"","category":"attitude"}],"summary":{"text":"반도체의 강국으로서 반도체가 필요로 하는 제품을 주력으로 하는 나라가 좋습니다. 해외로 파견 근무를 가게 된다면 기술 강대국인 미국에서 일을 하고 싶습니다.","wordCount":21}}},"rawDataInfo":{"question":{"fileFormat":"wav","fileSize":638798,"duration":19960,"samplingBit":16,"channelCount":1,"samplingRate":"16kHz","audioPath":"/Mock/04.RND/Male/New/ckmk_q_rnd_m_n_257315.wav"},"answer":{"fileFormat":"wav","fileSize":1937998,"duration":60560,"samplingBit":16,"channelCount":1,"samplingRate":"16kHz","audioPath":"/Mock/04.RND/Male/New/ckmk_a_rnd_m_n_257315.wav"}}}