{"version":"1.0","dataSet":{"info":{"date":"20230116","occupation":"RND","channel":"MOCK","place":"ONLINE","gender":"MALE","ageRange":"55-","experience":"NEW"},"question":{"raw":{"text":"평소 어떤 회사가 좋은 회사라고 생각을 하셨습니까 그리고 회사의 덕목은 무엇이라고 생각하십니까","wordCount":12},"emotion":[],"intent":[]},"answer":{"raw":{"text":"현대 사회에서 회사의 가장 큰 덕목은 고용을 많이 하는 것이라고 생각합니다. 많은 정치인들이나 여러 언론 매체에서 낙수 효과를 이야기하고 있지만 현실적으로 서민 생활은 좋아지는 결과를 얻지 못했습니다. 그러므로 지금처럼 젊은이들이 취업 걱정을 하고 젊은 나이에 실업이 많은 사회 구조를 바꾸기 위해서 가장 중요한 회사의 덕목을 고용이라고 생각하고 있습니다.","wordCount":48},"emotion":[],"intent":[{"text":"","expression":"","category":"attitude"}],"summary":{"text":"현대 사회에서 회사의 가장 큰 덕목은 고용입니다. 젊은이의 취업난과 실업이 많은 사회 구조를 바꾸기 위해 가장 중요한 회사의 덕목을 고용이라 생각합니다.","wordCount":21}}},"rawDataInfo":{"question":{"fileFormat":"wav","fileSize":326798,"duration":10210,"samplingBit":16,"channelCount":1,"samplingRate":"16kHz","audioPath":"/Mock/04.RND/Male/New/ckmk_q_rnd_m_n_335806.wav"},"answer":{"fileFormat":"wav","fileSize":1817678,"duration":56800,"samplingBit":16,"channelCount":1,"samplingRate":"16kHz","audioPath":"/Mock/04.RND/Male/New/ckmk_a_rnd_m_n_335806.wav"}}}