{"version":"1.0","dataSet":{"info":{"date":"20230116","occupation":"RND","channel":"MOCK","place":"ONLINE","gender":"MALE","ageRange":"55-","experience":"NEW"},"question":{"raw":{"text":"본인이 가지고 있는 상위 일 퍼센트의 능력이 있다면 그 능력에 대해서 최대한 자세한 설명 부탁드릴게요","wordCount":15},"emotion":[],"intent":[]},"answer":{"raw":{"text":"제가 가지고 있는 상위 일 퍼센트의 능력은 에 새로운 기술이나 그 새로운 제품이나 새로운 환경에 대해서 적응하는 능력 또한 그 문제를 해결하는 능력이라고 말씀드릴 수 있습니다. 구체적으로 말씀을 드리면 저는 멕시코란 나라에 가서 새로운 환경에 새로운 사람들과 업무를 하는 데 적응을 했고 결과적으로 그 사업 자체를 상당히 성공리에 이끌었습니다. 그 과정 중에 기술적인 에피소드를 하나 말씀을 드리면 디자인 시안을 만들기 위해서 쓰는 어 수작업 형태의 판이 있었는데 이것을 어 레이저 기기로 대체를 했습니다. 그때 레이저 기기는 중국에서 직접 수입을 해 왔는데 이것을 멕시코에서 설치하고 세팅할 수 있는 인력이 없기 때문에 수입은 해 왔지만 그것을 제대로 커스터마이징할 수가 없었습니다. 인스톨레이션이나 그것을 제가 매뉴얼을 보고 직접 어 설치하고 커스터마이징을 하고 또한 디자이너의 컴퓨터와 연결하고 디자인 소프트웨어와 연결해서 그것을 제대로 구현할 수 있도록 어 성능을 구현을 했습니다. 성공을 해서 디자인 업무의 획기적인 향상을 이루었습니다. 이런 능력이 제가 상위 일 프로에 해당되는 능력이라고 말씀드릴 수 있습니다.","wordCount":142},"emotion":[],"intent":[{"text":"","expression":"","category":"attitude"}],"summary":{"text":"저는 멕시코란 나라에 가서 새로운 환경에 적응했고 결과적으로 그 사업 자체를 성공리에 이끌었습니다. 그 과정 중 디자인 시안을 만들기 위해서 수작업 형태의 판을 레이저 기기로 대체했습니다. 그때 멕시코에서 수입해 왔지만 제대로 커스터마이징할 수가 없었습니다. 그것을 제가 매뉴얼을 보고 직접 설치, 설계, 구현을 했습니다.","wordCount":43}}},"rawDataInfo":{"question":{"fileFormat":"wav","fileSize":266318,"duration":8320,"samplingBit":16,"channelCount":1,"samplingRate":"16kHz","audioPath":"/Mock/04.RND/Male/New/ckmk_q_rnd_m_n_287050.wav"},"answer":{"fileFormat":"wav","fileSize":3678158,"duration":114940,"samplingBit":16,"channelCount":1,"samplingRate":"16kHz","audioPath":"/Mock/04.RND/Male/New/ckmk_a_rnd_m_n_287050.wav"}}}