{"version":"1.0","dataSet":{"info":{"date":"20230116","occupation":"RND","channel":"MOCK","place":"ONLINE","gender":"MALE","ageRange":"35-44","experience":"NEW"},"question":{"raw":{"text":"대학 생활을 보낼 때 제일 힘들었던 경험이 있다면 그것이 무엇인지 궁금합니다 그리고 그것은 어떤 방법으로 극복하셨는지도 함께 말씀해 주세요","wordCount":19},"emotion":[],"intent":[]},"answer":{"raw":{"text":"대학 생활을 하면서 가장 힘들었던 경험은 어 대학 생활에 저희 어 공부를 했던 교재 자체가 영문으로 되어 있던 교재들이 대부분이었습니다. 그래서 어 어 대학 제가 대학 다닐 시절에는 영어 실력이 좋지 않아서 어 그 수업을 좀 따라가기가 많이 어려웠습니다. 그래서 어 하루에 최소한 한 시간 이상은 그것을 극복하기 위해서 영어 공부를 많이 했고요. 그래서 어 이 학년이 넘어가고 삼 학년이 되는 시점부터는 어 아무런 문제 없이 어 수업에 참 참여하고 그리고 어 공부를 할 수 있었습니다.","wordCount":76},"emotion":[{"text":"그래서 어 어 대학 제가 대학 다닐 시절에는 영어 실력이 좋지 않아서 어 그 수업을 좀 따라가기가 많이 어려웠습니다.","expression":"n-distress","category":"negative"}],"intent":[{"text":"","expression":"","category":"attitude"}],"summary":{"text":"영어 실력이 좋지 않았던 시절, 수업에 참 참여하고 공부를 할 수 있었던 것은 영문으로 되어 있던 교재들이 대부분이었기 때문입니다. 그래서 영어 공부를 많이 해서 영어 실력이 늘었습니다.","wordCount":27}}},"rawDataInfo":{"question":{"fileFormat":"wav","fileSize":372238,"duration":11630,"samplingBit":16,"channelCount":1,"samplingRate":"16kHz","audioPath":"/Mock/04.RND/Male/New/ckmk_q_rnd_m_n_279180.wav"},"answer":{"fileFormat":"wav","fileSize":1811278,"duration":56600,"samplingBit":16,"channelCount":1,"samplingRate":"16kHz","audioPath":"/Mock/04.RND/Male/New/ckmk_a_rnd_m_n_279180.wav"}}}