{"version":"1.0","dataSet":{"info":{"date":"20230116","occupation":"RND","channel":"MOCK","place":"ONLINE","gender":"MALE","ageRange":"35-44","experience":"NEW"},"question":{"raw":{"text":"지원자님만의 스트레스 해소 방법에 대해서 답변을 해 주시고 왜 그런 방법으로 스트레스를 해소하는지까지 함께 답변 바랍니다","wordCount":16},"emotion":[],"intent":[]},"answer":{"raw":{"text":"예 저만의 스트레스 해소 방법 그 저는 간단합니다. 과거에는 이제 술 또는 잠 이런 걸로 그 많이 해소를 했습니다. 하지만은 뭐 술을 술에 의지했을 때 그 몸만 축나고 돈만 축나고 문제 해결은 안되고 어 힘들더라고요. 또는 또 이것을 다 잊어버리고 뭐 뭐 집에서 이렇게 뭐 누워서 잔다 하지만은 모른 척 한다 하지만은 결코 뭐 이렇게 깊은 밤 따뜻한 밤이 될 수도 없어서 더 힘들었던 과정이었다고 생각합니다. 어 그래서 지금은 주로 쓰는 방법이 학생 때 썼던 방법인데 조깅 빨리 달리기에 빨리 걷기를 이제 많이 하고 있습니다. 보통 한 시간에서 한 두 시간 그러니까 육 키로에서 한 구 키로 많게는 십 키로 그 정도의 거리를 공원이라든지 주변 뭐 집 근처 그 장소를 찾아서 혼자 운동을 합니다. 그 기간에 인제 혼자 있다 보니까 솔직히 상당히 외로운 시간이죠. 그 고독한 시간입니다. 그 혼자 많이 걸으면서 어 성찰하는 시간을 갖습니다. 제가 오늘 그 있었던 모든 일을 처음부터 끝까지 사람과의 일과 사물에 대해서 모든 것을 한 번 돌이켜 보고 제가 무엇을 잘못했는지 만약에 이 일을 다시 한다 그러면 어떻게 해결 할 것인지 이런 기간을 갖고 반성의 시간을 갖고 또 그러면서 몸에 또 땀이 흐르고 하면서 더 개운해지죠. 그러면 집에서 샤워하면 잠도 잘 자고 다음날 또 깔끔하게 또 다 잊고 새로운 출발을 할 수가 있습니다.","wordCount":198},"emotion":[],"intent":[{"text":"","expression":"","category":"attitude"}],"summary":{"text":"과거에는 술 또는 잠으로 스트레스 해소를 했습니다. 지금은 주로 조깅 빨리 달리기와 빨리 걷기를 하고 있습니다. 혼자서 많이 걸으면서 성찰의 시간을 갖습니다. 반성의 시간을 갖고 몸에 땀이 흐르면서 더 개운해지죠. 그러면 집에서 샤워하면 잠도 잘 자고 다음날 또 새롭게 시작할 수 있습니다.","wordCount":42}}},"rawDataInfo":{"question":{"fileFormat":"wav","fileSize":317518,"duration":9920,"samplingBit":16,"channelCount":1,"samplingRate":"16kHz","audioPath":"/Mock/04.RND/Male/New/ckmk_q_rnd_m_n_344193.wav"},"answer":{"fileFormat":"wav","fileSize":3361358,"duration":105040,"samplingBit":16,"channelCount":1,"samplingRate":"16kHz","audioPath":"/Mock/04.RND/Male/New/ckmk_a_rnd_m_n_344193.wav"}}}