{"version":"1.0","dataSet":{"info":{"date":"20230116","occupation":"RND","channel":"MOCK","place":"ONLINE","gender":"MALE","ageRange":"35-44","experience":"NEW"},"question":{"raw":{"text":"엔트로피와 엔탈피 이 두 개념의 차이는 무엇일까요 알고 있는 대로 설명해 주세요","wordCount":12},"emotion":[],"intent":[]},"answer":{"raw":{"text":"네 먼저 어떤 물질이 가지고 있는 에너지량을 엔탈피라고 합니다. 조금 더 쉽게 말씀드리자면 에너지 중에서 일로 변환될 수 있는 에너지를 엔탈피라고 합니다. 엔트로피는 에너지 중에서 일로 변화시킬 수 없는 양을 말합니다. 일반적으로 에너지를 변화시킬 때마다 엔트로피가 발생합니다. 엔트로피가 증가하는 방향에 변화는 쉽게 일어나지만 그 엔트로피가 감소하는 반응은 쉽게 일어나기가 어렵습니다. 요컨대 에너지 중에서 엔탈피와 엔트로피로 나눌 수 있다는 말씀입니다.","wordCount":59},"emotion":[],"intent":[{"text":"","expression":"","category":"attitude"}],"summary":{"text":"엔탈피는 일로 변환될 수 있는 에너지량이며, 엔트로피는 에너지 중에서 일로 변화시킬 수 없는 양을 말합니다.","wordCount":15}}},"rawDataInfo":{"question":{"fileFormat":"wav","fileSize":407758,"duration":12740,"samplingBit":16,"channelCount":1,"samplingRate":"16kHz","audioPath":"/Mock/04.RND/Male/New/ckmk_q_rnd_m_n_320890.wav"},"answer":{"fileFormat":"wav","fileSize":1945998,"duration":60810,"samplingBit":16,"channelCount":1,"samplingRate":"16kHz","audioPath":"/Mock/04.RND/Male/New/ckmk_a_rnd_m_n_320890.wav"}}}