{"version":"1.0","dataSet":{"info":{"date":"20230116","occupation":"RND","channel":"MOCK","place":"ONLINE","gender":"MALE","ageRange":"35-44","experience":"NEW"},"question":{"raw":{"text":"어 대한민국의 금융 정책 기관으로서 우리 신용보증기금이 호가대해야 할 업무 영역에는 여러 가지가 있는데요 지원자님이 생각하시기에 그런 업무 영역에는 무엇이 있 있다고 생각하시나요","wordCount":23},"emotion":[],"intent":[]},"answer":{"raw":{"text":"신용 보증 기금이 호가대해야 할 업무 영역은 음 신용이 없는 사람도 어 뭔가 보장받을 수 있는 어떤 어 정책을 만들어야 된다고 생각합니다. 어 신용이 신용 거래를 한 번도 해보지 않아서 신용이 없 없다고 판단되어지는 사람도 있기 때문입니다. 그래서 그런 사람들을 조금 더 선별해서 도와줄 수 있는 그런 정책이 있었어 어 그런 정책이 있어야 할 것 같습니다.","wordCount":56},"emotion":[],"intent":[{"text":"","expression":"","category":"attitude"}],"summary":{"text":"신용이 없다고 판단되는 사람들을 선별해서 도울 수 있는, 신용 보증 기금이 호가대해야 할 업무 영역은 신용이 없는 사람도 보장받을 수 있는 정책이 필요합니다.","wordCount":23}}},"rawDataInfo":{"question":{"fileFormat":"wav","fileSize":544078,"duration":17000,"samplingBit":16,"channelCount":1,"samplingRate":"16kHz","audioPath":"/Mock/04.RND/Male/New/ckmk_q_rnd_m_n_282629.wav"},"answer":{"fileFormat":"wav","fileSize":1600078,"duration":50000,"samplingBit":16,"channelCount":1,"samplingRate":"16kHz","audioPath":"/Mock/04.RND/Male/New/ckmk_a_rnd_m_n_282629.wav"}}}