{"version":"1.0","dataSet":{"info":{"date":"20230116","occupation":"RND","channel":"MOCK","place":"ONLINE","gender":"MALE","ageRange":"35-44","experience":"NEW"},"question":{"raw":{"text":"귀하께서 본인이 입사 후에 직접 해외 출장 장소를 선택할 수 있다면 꼭 한 번 가서 일을 해보고 싶은 나라가 있는지 궁금한데요 말씀해 주시기 바랍니다","wordCount":24},"emotion":[],"intent":[]},"answer":{"raw":{"text":"어 저는 아프리카에 있는 나라들 중 한 군데에 가서 어 일을 해 보고 싶습니다. 어 좀 제가 한 번도 가보지 못한 나라이기도 하고 음 그 아직 아무 것도 좀 뭐 아무 것도 아니겠지만 다른 나라에 비해 좀 덜 이렇게 개발된 나라에서 좀 일을 하다 보면 출장을 가다 보면 어 좀 그 나라에 필요한 것들이나 그 나라의 어떤 정세 그 문화 같은 것을 읽고 어 거기에 맞춰서 아이템을 좀 선정해서 어 회사 그 회사적인 측면에서 어 좋은 결과를 낼 수 있도록 좋은 시장을 개척할 수 있도록 어 할 수 있을 것 같아서 음 좀 그런 아직은 좀 음 때가 덜 탄 그런 나라에 가서 한 번 일을 해보면 어떨까 라는 생각을 하고 있습니다. 어 또 가보지는 않았지만 그곳에 또 이국적인 경관과 또 어 자연 경치 같은 것들을 보면 어 더 좋은 아이디어들 어 또 좋은 생각들 많이 떠오를 수 있을 것 같아서 저는 아프리카 쪽으로 한 번 가서 일을 해 보고 싶습니다.","wordCount":151},"emotion":[{"text":"어 또 가보지는 않았지만 그곳에 또 이국적인 경관과 또 어 자연 경치 같은 것들을 보면 어 더 좋은 아이디어들 어 또 좋은 생각들 많이 떠오를 수 있을 것 같아서 저는 아프리카 쪽으로 한 번 가서 일을 해 보고 싶습니다.","expression":"p-interest","category":"positive"}],"intent":[{"text":"","expression":"","category":"attitude"}],"summary":{"text":"저는 아직 한 번도 가보지 못한 아프리카의 한 나라에 가보고 싶습니다. 이국적인 경관과 자연 경치 같은 것들을 보면 더 좋은 아이디어들 많이 떠오를 것 같아 저는 아프리카 쪽으로 한 번 가서 일을 해 보고 싶은 생각합니다.","wordCount":36}}},"rawDataInfo":{"question":{"fileFormat":"wav","fileSize":612558,"duration":19140,"samplingBit":16,"channelCount":1,"samplingRate":"16kHz","audioPath":"/Mock/04.RND/Male/New/ckmk_q_rnd_m_n_273126.wav"},"answer":{"fileFormat":"wav","fileSize":3443918,"duration":107620,"samplingBit":16,"channelCount":1,"samplingRate":"16kHz","audioPath":"/Mock/04.RND/Male/New/ckmk_a_rnd_m_n_273126.wav"}}}