{"version":"1.0","dataSet":{"info":{"date":"20230116","occupation":"RND","channel":"MOCK","place":"ONLINE","gender":"MALE","ageRange":"-34","experience":"NEW"},"question":{"raw":{"text":"평소 휴식을 취할 때는 주로 어떤 일들을 하십니까 왜 그 일을 하시는지 이유도 함께 말씀 부탁드립니다","wordCount":16},"emotion":[],"intent":[]},"answer":{"raw":{"text":"저는 휴식을 취할 때 주로 팟캐스트를 듣습니다. 정치 시사 경제 문화 등 정말 다양한 분야에 시사 팟캐스트를 듣는데요. 제가 시사 팟캐스트를 듣는 이유는 별다른 생각을 하지 않으면서 휴식을 할 때에도 저에게 도움이 될 수 있는 내용들을 편하게 접할 수 있기 때문입니다. 그리고 제가 이동을 할 때 팟캐스트를 들음으로 인해서 그 시간을 허비하지 않고 또 새로운 내용을 받을 수도 있기 때문인데요. 저는 이러한 팟캐스트 특히 다양한 내용의 팟캐스트를 듣는 듣는 것이 휴식과 동시에 저에게 도움이 되는 내용들을 얻을 수 있는 방식이기 때문에 일석이조라고 생각합니다. 예를 들어 경제 팟캐스트를 들으면 제가 평소에 잘 알기 어려웠던 경제적인 분야에 대한 어떤 관점도 배울 수 있고요. 또 문화 팟캐스트를 들음으로 인해서 제가 최근에 잘 몰랐던 문화적인 이슈들을 앎으로 인해서 어디엔가 가서 말을 할 때 그곳에 끼어서 저의 생각을 이야기할 수 있다는 장점도 있습니다. 그 외에도 제가 좋아하는 각종 즐거운 내용의 컨텐츠들을 담은 어 팟캐스트를 통해서도 어 제가 평소에 갖고 있던 스트레스를 해소할 수 있고 또 마음껏 웃을 수 있다는 점에서 정말 다방면에서 저에게 도움이 되는 휴식 방법이라고 생각됩니다.","wordCount":163},"emotion":[],"intent":[{"text":"저는 이러한 팟캐스트 특히 다양한 내용의 팟캐스트를 듣는 듣는 것이 휴식과 동시에 저에게 도움이 되는 내용들을 얻을 수 있는 방식이기 때문에 일석이조라고 생각합니다.","expression":"r_info_col","category":"attitude"},{"text":"예를 들어 경제 팟캐스트를 들으면 제가 평소에 잘 알기 어려웠던 경제적인 분야에 대한 어떤 관점도 배울 수 있고요.","expression":"r_info_col","category":"attitude"},{"text":"또 문화 팟캐스트를 들음으로 인해서 제가 최근에 잘 몰랐던 문화적인 이슈들을 앎으로 인해서 어디엔가 가서 말을 할 때 그곳에 끼어서 저의 생각을 이야기할 수 있다는 장점도 있습니다.","expression":"r_info_col","category":"attitude"},{"text":"그 외에도 제가 좋아하는 각종 즐거운 내용의 컨텐츠들을 담은 어 팟캐스트를 통해서도 어 제가 평소에 갖고 있던 스트레스를 해소할 수 있고 또 마음껏 웃을 수 있다는 점에서 정말 다방면에서 저에게 도움이 되는 휴식 방법이라고 생각됩니다.","expression":"r_info_col","category":"attitude"}],"summary":{"text":"저는 휴식을 취할 때 주로 정치 시사 경제 문화 등 다양한 종류의 시사 팟캐스트를 듣습니다. 다양한 내용의 팟캐스트를 듣는 것은 휴식과 동시에 자신에게 도움이 되는 내용들을 얻을 수 있기 때문에 일석이조라고 생각합니다. 경제 팟캐스트를 들으면 평소에 잘 알기 어려웠던 경제적인 분야에 대한 어떤 관점도 배울 수 있고 문화 팟캐스트를 들으면 어디엔가 끼어서 생각을 말할 수도 있습니다.","wordCount":56}}},"rawDataInfo":{"question":{"fileFormat":"wav","fileSize":320078,"duration":10000,"samplingBit":16,"channelCount":1,"samplingRate":"16kHz","audioPath":"/Mock/04.RND/Male/New/ckmk_q_rnd_m_n_252374.wav"},"answer":{"fileFormat":"wav","fileSize":3678798,"duration":114960,"samplingBit":16,"channelCount":1,"samplingRate":"16kHz","audioPath":"/Mock/04.RND/Male/New/ckmk_a_rnd_m_n_252374.wav"}}}