{"version":"1.0","dataSet":{"info":{"date":"20230116","occupation":"RND","channel":"MOCK","place":"ONLINE","gender":"MALE","ageRange":"35-44","experience":"NEW"},"question":{"raw":{"text":"글로벌 인재에게 필수 요소는 무엇이라고 생각하시나요 또한 지원자님은 그 요소를 갖추기 위해서 어떤 노력들을 해 오셨나요","wordCount":16},"emotion":[],"intent":[]},"answer":{"raw":{"text":"저는 삼 년 간 미국의 거주를 해 보았으며 한 달 살기 등을 통해 일본 호주 태국 베트남 등에서 거주해 본 경험이 있습니다. 그 경험을 바탕으로 말씀드리자면 글로벌 인재의 가장 필수적인 요소는 바로 오픈 마인드라고 생각합니다. 해외에 나가게 되면은 우리나라에서는 당연하듯이 통용됐던 것들이 전혀 작동하지 않거나 아니면 아예 다른 방식으로 움직이고 있다는 것을 알게 됩니다. 그것은 잘못된 것이 아니라 그 사회들이 쌓아온 문화 그리고 시스템의 방향이 다르기 때문입니다. 글로벌 인재라고 한다면 다른 나라와의 협업이 가장 필수 요소가 될 텐데요. 서로 다른 가치관 문화를 가지고 있는 사람들이 일하게 되는 데 있어서 가장 중요한 것은 마음을 열고 받아들이는 자세라고 생각합니다.","wordCount":97},"emotion":[{"text":"저는 삼 년 간 미국의 거주를 해 보았으며 한 달 살기 등을 통해 일본 호주 태국 베트남 등에서 거주해 본 경험이 있습니다.","expression":"u-fact","category":"neutral"}],"intent":[{"text":"저는 삼 년 간 미국의 거주를 해 보았으며 한 달 살기 등을 통해 일본 호주 태국 베트남 등에서 거주해 본 경험이 있습니다.","expression":"c_private","category":"background"}],"summary":{"text":"글로벌 인재의 가장 필수적인 요소는 오픈 마인드입니다. 해외에 나가게 되면 우리나라와 다른 방식으로 움직이고 있다는 것을 알게 됩니다. 글로벌 인재라면 다른 나라와의 협업이 가장 필수 요소입니다. 가장 중요한 것은 마음을 열고 받아들이는 자세입니다.","wordCount":33}}},"rawDataInfo":{"question":{"fileFormat":"wav","fileSize":594638,"duration":18580,"samplingBit":16,"channelCount":1,"samplingRate":"16kHz","audioPath":"/Mock/04.RND/Male/New/ckmk_q_rnd_m_n_290340.wav"},"answer":{"fileFormat":"wav","fileSize":2442958,"duration":76340,"samplingBit":16,"channelCount":1,"samplingRate":"16kHz","audioPath":"/Mock/04.RND/Male/New/ckmk_a_rnd_m_n_290340.wav"}}}