{"version":"1.0","dataSet":{"info":{"date":"20230116","occupation":"RND","channel":"MOCK","place":"ONLINE","gender":"MALE","ageRange":"55-","experience":"NEW"},"question":{"raw":{"text":"만일 타 부서와 일을 하던 도중에 갈등이 발생한다면 지원자님은 어떻게 해결을 하시겠습니까 상황을 가정하고 말씀해 주시기 바랍니다","wordCount":17},"emotion":[],"intent":[]},"answer":{"raw":{"text":"만약 타 부서와 갈등이 생긴다면 회사 중요도를 먼저 확인하고 그 갈등을 해결하도록 노력하겠습니다. 예를 들면 회사 입장에서 어떤 것이 회사에 더 많은 이익을 갖다 주느냐를 서로 고려해서 회사에게 더 많은 이득이 있는 방향으로 문제를 해결해 나가자고 제안을 할 것입니다. 그 방법이 적절하지 못할 때 상사에게 보고해서 갈등 요소를 설명하고 그의 조언을 구하겠습니다.","wordCount":52},"emotion":[],"intent":[{"text":"","expression":"","category":"attitude"}],"summary":{"text":"타 부서와 갈등이 생긴다면 회사 중요도를 먼저 확인하고 그 갈등을 해결하도록 노력하겠습니다. 그 방법이 적절하지 못할 때 상사에게 보고하고 갈등 요소를 설명하고 조언을 구하겠습니다.","wordCount":24}}},"rawDataInfo":{"question":{"fileFormat":"wav","fileSize":438478,"duration":13700,"samplingBit":16,"channelCount":1,"samplingRate":"16kHz","audioPath":"/Mock/04.RND/Male/New/ckmk_q_rnd_m_n_342503.wav"},"answer":{"fileFormat":"wav","fileSize":1591438,"duration":49730,"samplingBit":16,"channelCount":1,"samplingRate":"16kHz","audioPath":"/Mock/04.RND/Male/New/ckmk_a_rnd_m_n_342503.wav"}}}