{"version":"1.0","dataSet":{"info":{"date":"20230116","occupation":"RND","channel":"MOCK","place":"ONLINE","gender":"MALE","ageRange":"35-44","experience":"NEW"},"question":{"raw":{"text":"지원자님은 스트레스를 많이 받으시면 그 스트레스를 어떻게 해소하시는지 말씀 부탁드리겠습니다","wordCount":10},"emotion":[],"intent":[]},"answer":{"raw":{"text":"저만의 스트레스 해소법은 예쁜 카페에 가서 맛있는 디저트를 먹는 카페 투어입니다. 에스엔에스 에서 검색한 예쁜 카페를 찾아가고 그 카페에 시그니처 메뉴를 시켜서 사진으로 남겨 에스엔에스 에 업데이트를 합니다. 그러면 팔로워들과 지인들은 제가 올린 피드를 보고 함께 공감하고 정보를 나누는데 저는 이 일이 매우 즐겁습니다. 저는 원래 아기자기하고 예쁜 것을 매우 좋아하고 특히 달콤한 것을 좋아합니다. 예쁘고 달콤한 것들을 보기만 해도 그동안 쌓였던 스트레스가 싹 사라집니다. 그래서 틈틈이 가고 싶고 또 먹고 싶은 디저트와 카페를 검색해 두고 스트레스가 쌓일 때마다 시간을 내어서 그곳에 가면서 스트레스를 풀곤 합니다.","wordCount":86},"emotion":[],"intent":[{"text":"","expression":"","category":"attitude"}],"summary":{"text":"저만의 스트레스 해소법은 예쁜 카페에 가서 맛있는 식사를 하는 카페 투어입니다. 소셜미디어에 검색한 예쁜 카페의 메뉴를 사진으로 남겨 업데이트를 하면 팔로워들과 지인들과 함께 공감하고 정보를 나누는 일이 매우 즐겁습니다.","wordCount":29}}},"rawDataInfo":{"question":{"fileFormat":"wav","fileSize":300558,"duration":9390,"samplingBit":16,"channelCount":1,"samplingRate":"16kHz","audioPath":"/Mock/04.RND/Male/New/ckmk_q_rnd_m_n_332946.wav"},"answer":{"fileFormat":"wav","fileSize":2249998,"duration":70310,"samplingBit":16,"channelCount":1,"samplingRate":"16kHz","audioPath":"/Mock/04.RND/Male/New/ckmk_a_rnd_m_n_332946.wav"}}}