{"version":"1.0","dataSet":{"info":{"date":"20230116","occupation":"RND","channel":"MOCK","place":"ONLINE","gender":"MALE","ageRange":"55-","experience":"NEW"},"question":{"raw":{"text":"시간이 촉박한 상황이 생기게 될 때 시간 관리를 어떻게 하시나요 면접자님의 시간 관리법에 대해서 말씀해 주세요","wordCount":16},"emotion":[],"intent":[]},"answer":{"raw":{"text":"시간이 촉박하면 제가 하는 시간 관리는 중요한 일 먼저 입니다. 중요한 일을 먼저 마치고 그 중요도의 순서대로 업무를 처리하겠습니다. 그런 방식으로 일을 하게 되면 중요도가 떨어지는 업무는 회사나 제 개인적으로 과감하게 포기를 해도 좋을 것이라고 생각하기 때문입니다. 모든 것을 다 가질 수가 없다면 중요한 것만 갖는 것도 중요하다고 생각합니다.","wordCount":49},"emotion":[],"intent":[{"text":"","expression":"","category":"attitude"}],"summary":{"text":"중요도가 떨어지는 업무는 과감하게 포기를 해도 좋다고 생각하기 때문입니다. 모든 것을 다 가질 수가 없다면 중요한 것만 갖는 것도 중요하다고 생각합니다.","wordCount":21}}},"rawDataInfo":{"question":{"fileFormat":"wav","fileSize":301518,"duration":9420,"samplingBit":16,"channelCount":1,"samplingRate":"16kHz","audioPath":"/Mock/04.RND/Male/New/ckmk_q_rnd_m_n_304658.wav"},"answer":{"fileFormat":"wav","fileSize":1688078,"duration":52750,"samplingBit":16,"channelCount":1,"samplingRate":"16kHz","audioPath":"/Mock/04.RND/Male/New/ckmk_a_rnd_m_n_304658.wav"}}}