{"version":"1.0","dataSet":{"info":{"date":"20230116","occupation":"RND","channel":"MOCK","place":"ONLINE","gender":"MALE","ageRange":"55-","experience":"NEW"},"question":{"raw":{"text":"만약 지원자분의 상사 분께서 업무와는 전혀 무관한 일을 시키신다고 하면 그와 같은 일을 잘 수행해 낼 자신이 있으신지 궁금합니다 혹은 수행하지 않으실 건지 궁금합니다","wordCount":24},"emotion":[],"intent":[]},"answer":{"raw":{"text":"업무와 무관한 일을 상사가 시켰다고 이야기하는 질문은 어 업무 상사의 개인적인 일을 어 일을 저한테 시켰다 라고 그렇게 이해해도 되나요. 어 참 이렇게 보면 뭐 질문 자체가 그렇게 느껴지는 그런 질문인데 어 사실은 조금은 제가 그 임무를 잘 수행할 수 있다 라고는 자신 할 수 없습니다. 왜냐 개인적인 일을 저한테 시켰고 저는 제 마음속에는 어 내가 굳이 이걸 해야 되나 하는 의심을 가지고 그 일을 할 수 밖에 없기 때문에 잘 할 수 있다는 자신은 없구요 솔직히. 그런데 이제 조직 어 생활이라는 게 어 상하관계라는 것이 어 혹시 이게 나를 테스트 해볼려고 이걸 시키나 하는 또 반문도 생기게 되겠고 또 어 이걸 뭐 잘해 잘하면은 나한테 인사 고과 점수를 좀 더 잘 줄라나 이렇게 생각하는 그러니까 자기 자신을 위한 어 덕을 생각해 보는 고민의 시간이 있겠죠. 하지만 그건 그렇게 생각하면 잠시일 것이고 어 결과적으로는 제가 역량껏 수행하기에는 조금 어 거리가 있다 라고 생각이 들고 어 수행은 할 거라고 생각을 합니다.","wordCount":150},"emotion":[],"intent":[{"text":"","expression":"","category":"attitude"}],"summary":{"text":"업무와 무관한 일을 상사가 시켰다고 하는 질문은 업무 상사의 개인적인 일을 저한테 시켰고 라고 이해해도 되나요. 사실 저는 그 임무를 잘 수행할 수 있다 라고 자신 할 수 없습니다. 그런데 조직 어 생활이라는 게 상하관계라는 것이 혹시 자신을 위한 덕을 생각해 보는 고민의 시간이 있을 수 있지만 결과적으로는 수행은 할 거라고 생각을 합니다.","wordCount":53}}},"rawDataInfo":{"question":{"fileFormat":"wav","fileSize":559118,"duration":17470,"samplingBit":16,"channelCount":1,"samplingRate":"16kHz","audioPath":"/Mock/04.RND/Male/New/ckmk_q_rnd_m_n_247563.wav"},"answer":{"fileFormat":"wav","fileSize":3468878,"duration":108400,"samplingBit":16,"channelCount":1,"samplingRate":"16kHz","audioPath":"/Mock/04.RND/Male/New/ckmk_a_rnd_m_n_247563.wav"}}}