{"version":"1.0","dataSet":{"info":{"date":"20230116","occupation":"RND","channel":"MOCK","place":"ONLINE","gender":"MALE","ageRange":"35-44","experience":"NEW"},"question":{"raw":{"text":"과거에 프로젝트를 수행했던 경험이 있으신가요 있다면 어떤 프로젝트에서 어떤 역할을 맡으셨는지 말씀해 주실 수 있나요","wordCount":15},"emotion":[],"intent":[]},"answer":{"raw":{"text":"지금까지 저는 프로젝트를 맡아 오면서 리더 밑에서 도와주는 편이었습니다. 리더가 앞장서서 그 일을 지시하면 저는 지시한 일을 맡아서 해 나가는 편이었습니다. 대부분 자료 조사와 또 파워 포인트 만드는 일을 종종 하였습니다. 이러한 경험들이 저는 어떤 역할이든 잘 해낼 수 있었다는 좋은 경험이다 라고 생각합니다. 예전에는 그런 역할이었지만 앞으로 저는 앞장서는 리더에 역할을 하고 싶습니다. 앞에 나가서 말하는 것을 어렵게 생각하지 않기 때문에 자료 조사를 잘 한 이후에 앞에서 프로젝트를 진행해 보고 싶습니다. 예전에는 도와주는 위치였다면 앞으로는 리더로서 프로젝트를 이끌면서 모든 책임을 다 질 수 있는 그러한 사람이 되고 싶습니다.","wordCount":89},"emotion":[{"text":"앞에 나가서 말하는 것을 어렵게 생각하지 않기 때문에 자료 조사를 잘 한 이후에 앞에서 프로젝트를 진행해 보고 싶습니다.","expression":"p-interest","category":"positive"},{"text":"예전에는 도와주는 위치였다면 앞으로는 리더로서 프로젝트를 이끌면서 모든 책임을 다 질 수 있는 그러한 사람이 되고 싶습니다.","expression":"p-interest","category":"positive"}],"intent":[{"text":"","expression":"","category":"attitude"}],"summary":{"text":"저는 지금까지 리더 밑에서 도와주는 위치였다면 앞으로는 앞장서는 리더의 역할을 하고 싶습니다. 앞으로는 리더로서 프로젝트를 이끌면서 모든 책임을 다 질 수 있는 그런 사람이 되겠습니다.","wordCount":25}}},"rawDataInfo":{"question":{"fileFormat":"wav","fileSize":592078,"duration":18500,"samplingBit":16,"channelCount":1,"samplingRate":"16kHz","audioPath":"/Mock/04.RND/Male/New/ckmk_q_rnd_m_n_325475.wav"},"answer":{"fileFormat":"wav","fileSize":2320718,"duration":72520,"samplingBit":16,"channelCount":1,"samplingRate":"16kHz","audioPath":"/Mock/04.RND/Male/New/ckmk_a_rnd_m_n_325475.wav"}}}