{"version":"1.0","dataSet":{"info":{"date":"20230116","occupation":"RND","channel":"MOCK","place":"ONLINE","gender":"MALE","ageRange":"-34","experience":"NEW"},"question":{"raw":{"text":"열심히는 하는데 본인이 원하는 만큼 일을 따라오지 못하는 동료가 있을 수 있습니다 이때 어떻게 행동을 하시겠습니까","wordCount":16},"emotion":[],"intent":[]},"answer":{"raw":{"text":"열심히 하지만 본인이 원하는 만큼 따라오지 못하는 팀 동료가 있을 수 있습니다. 사실 어떤 업무나 업무에 따라서 본인의 강점이 드러나는 업무도 있고 본인의 약점이 드러나는 업무도 있을 수 있다고 생각합니다. 그렇기 때문에 회사에서 팀을 구성했다고 생각하는데요. 어떠한 업무에서는 나의 강점이 발휘되어 내가 조금 더 기여를 할 수 있는 것이고 또 다른 분야에서는 저의 부족함을 제 동료들이 메워줄 수 있는 것이라고 생각합니다. 그렇기 때문에 저는 이러한 팀에서 만약에 부족한 팀 동료가 있다면 그의 부족함을 제가 메워주기 위해 노력하고 함께 가기 위해 더 격려하고 잘 할 수 있다는 이야기를 많이 할 것 같습니다. 왜냐하면 어떠한 업무에 있어서는 당시에는 부족했던 동료가 저보다 훨씬 훌륭한 성과를 내면서 팀에 더 기여할 수도 있는 것이기 때문입니다. 이렇듯 회사에서 팀을 구성해서 업무를 맡겼을 때는 각자의 장단점을 서로 보완해 주고 시너지 효과를 내서 회사에 가장 극대화되는 이익을 창출하라 는 목적이 있는데요. 이러한 목적에 걸맞게 나 혼자 잘나고 나 혼자 돋보이는 데 집중하는 것이 아니라 팀으로써 더 좋은 결과를 낼 수 있는 방향 즉 시너지 효과를 낼 수 있는 방향으로 함께 오래 갈 수 있는 방법을 고안하고 또 어려운 부분이 있으면 도움을 주고 받으면서 팀으로써 잘 헤쳐 나가도록 하겠습니다.","wordCount":180},"emotion":[],"intent":[{"text":"이렇듯 회사에서 팀을 구성해서 업무를 맡겼을 때는 각자의 장단점을 서로 보완해 주고 시너지 효과를 내서 회사에 가장 극대화되는 이익을 창출하라 는 목적이 있는데요.","expression":"c_cop","category":"personality"},{"text":"이러한 목적에 걸맞게 나 혼자 잘나고 나 혼자 돋보이는 데 집중하는 것이 아니라 팀으로써 더 좋은 결과를 낼 수 있는 방향 즉 시너지 효과를 낼 수 있는 방향으로 함께 오래 갈 수 있는 방법을 고안하고 또 어려운 부분이 있으면 도움을 주고 받으면서 팀으로써 잘 헤쳐 나가도록 하겠습니다.","expression":"c_cop","category":"personality"}],"summary":{"text":"회사에서 팀을 구성해서 업무를 맡겼을 때는 각자의 장단점을 서로 보완해 주고 시너지 효과를 내서 회사에 가장 극대화되는 이익을 창출하라는 목적이 있습니다. 이러한 목적에 걸맞게 나 혼자 잘나고 돋보이는 데 집중하는 것이 아니라 팀으로써 더 좋은 결과를 낼 수 있는 방향을 고안하고 또 어려운 부분이 있으면 도움을 주고 받으면서 팀으로써 잘 헤쳐 나가도록 하겠습니다.","wordCount":53}}},"rawDataInfo":{"question":{"fileFormat":"wav","fileSize":541198,"duration":16910,"samplingBit":16,"channelCount":1,"samplingRate":"16kHz","audioPath":"/Mock/04.RND/Male/New/ckmk_q_rnd_m_n_252376.wav"},"answer":{"fileFormat":"wav","fileSize":3703118,"duration":115720,"samplingBit":16,"channelCount":1,"samplingRate":"16kHz","audioPath":"/Mock/04.RND/Male/New/ckmk_a_rnd_m_n_252376.wav"}}}