{"version":"1.0","dataSet":{"info":{"date":"20230116","occupation":"RND","channel":"MOCK","place":"ONLINE","gender":"MALE","ageRange":"55-","experience":"NEW"},"question":{"raw":{"text":"면접자님께서는 대학 생활을 보내면서 가장 힘들었던 경험이 무엇이었습니까 그것을 어떻게 극복했는지도 자세하게 말씀해 주시기 바랍니다","wordCount":15},"emotion":[],"intent":[]},"answer":{"raw":{"text":"대학교 때 학업을 상당히 등한시해서 학점을 잘 못 딴 경험이 있고 이 힘들었던 부분은 학비에 대한 그 걱정이 심했습니다. 가정 환경이 좀 안 좋아서 그래서 군대 생활을 마치고 복학을 한 이후에 학업에 매진을 해서 장학금을 받았던 기억이 있습니다. 그것이 학비 문제를 해결했던 그 해결책이었던 것 같습니다. 물론 전체 다는 아니지만 상당한 도움이 되었다고 생각합니다.","wordCount":54},"emotion":[],"intent":[{"text":"가정 환경이 좀 안 좋아서 그래서 군대 생활을 마치고 복학을 한 이후에 학업에 매진을 해서 장학금을 받았던 기억이 있습니다.","expression":"c_private","category":"background"}],"summary":{"text":"학업을 등한시해서 학점을 못 딴 경험과 학비에 대한 걱정이 심했습니다. 복학 후 장학금을 받았던 경험이 학비 문제를 해결했던 해결책이 되었습니다.","wordCount":20}}},"rawDataInfo":{"question":{"fileFormat":"wav","fileSize":625998,"duration":19560,"samplingBit":16,"channelCount":1,"samplingRate":"16kHz","audioPath":"/Mock/04.RND/Male/New/ckmk_q_rnd_m_n_286963.wav"},"answer":{"fileFormat":"wav","fileSize":2007438,"duration":62730,"samplingBit":16,"channelCount":1,"samplingRate":"16kHz","audioPath":"/Mock/04.RND/Male/New/ckmk_a_rnd_m_n_286963.wav"}}}