{"version":"1.0","dataSet":{"info":{"date":"20230116","occupation":"RND","channel":"MOCK","place":"ONLINE","gender":"MALE","ageRange":"45-54","experience":"NEW"},"question":{"raw":{"text":"만약 본인이 지금 지원한 이 직무가 아니라 다른 부서에 배치되게 된다면 어떻게 하실 것인지 궁금합니다 혹시 그래도 거기서 계속 일을 하실 건가요","wordCount":22},"emotion":[],"intent":[]},"answer":{"raw":{"text":"제가 지원한 직무가 아닌 다른 부서에 배치가 되는 경우에도 저는 음 크게 문제가 되지 않습니다. 제 목표는 이 회사에 어 입사하는 것이 목표이고 또 또 한편으로는 여러 부서를 어 근무할 수 있는 뭐 기회가 된다면 더 오히려 좋은 일이라고 생각을 합니다. 그만큼 다양한 경험을 통해서 저에게 어 많은 어 데이터나 지식이 쌓일 수 있는 계기가 된다고 보기 때문입니다. 어 지금 당장 제가 어 좋아하는 일이라든가 익숙한 일을 하는 것에서만 어 안주하고 또 어려운 일은 피하는 그런 음 스타일은 아닙니다. 어 새로운 문제에 대해서 해결할 하 하고자 하는 노력과 어 의지가 강한 편이고 그것을 통해서 저는 또 한편으로는 많은 음 경험과 지식을 쌓는 어 계기로 생각하기 때문에 얼마든지 기꺼이 어 받아들이겠습니다. 물론 저에게 따르는 그에 따르는 뭐 여러 가지 애로점과 고통은 있을 거라고 생각합니다. 그것은 제가 기꺼이 즐기고 어 넘어갈 수 있는 부분입니다. 이상입니다.","wordCount":133},"emotion":[],"intent":[{"text":"","expression":"","category":"attitude"}],"summary":{"text":"저는 이 회사에 입사하는 것이 목표이고 여러 부서를 근무할 수 있는 기회가 된다면 더 좋은 일이라고 생각합니다. 새로운 문제에 대해서 해결하고자 하는 의지가 강하고 그것을 통해서 많은 경험과 지식을 쌓는 계기로 생각하기 때문에 기꺼이 받아들일 수 있습니다.","wordCount":37}}},"rawDataInfo":{"question":{"fileFormat":"wav","fileSize":395598,"duration":12360,"samplingBit":16,"channelCount":1,"samplingRate":"16kHz","audioPath":"/Mock/04.RND/Male/New/ckmk_q_rnd_m_n_347722.wav"},"answer":{"fileFormat":"wav","fileSize":3473038,"duration":108530,"samplingBit":16,"channelCount":1,"samplingRate":"16kHz","audioPath":"/Mock/04.RND/Male/New/ckmk_a_rnd_m_n_347722.wav"}}}