{"version":"1.0","dataSet":{"info":{"date":"20230116","occupation":"RND","channel":"MOCK","place":"ONLINE","gender":"MALE","ageRange":"35-44","experience":"NEW"},"question":{"raw":{"text":"평소 개인 작업을 많이 하시나요 그렇다면 개인 작업을 많이 할 수 있게 하는 원동력은 무엇이라고 생각하시나요","wordCount":16},"emotion":[],"intent":[]},"answer":{"raw":{"text":"어 저는 제가 어 하는 일과 전공에 대해 아 사실 좀 굉장히 자부심이 있는 편이고 이 일을 사랑하는 편입니다. 그래서 어 제 아들이 이제 두 살 된 아들이 있는데 아들도 본인만 어 하고 싶다 라고 한다면 저와 같은 전공의 어 제가 하는 일을 같이 할 수 있었으면 좋겠다 라고 어 좀 생각을 많이 하는 편입니다. 음 그렇게 되면 나중에 어 아들이랑 얘기할 거리도 좀 많아질 것 같고 음 같이 어 재밌게 음 상의하고 어 좀 함께 보낼 시간이 더 좀 길어질 수 있지 않을까 라는 어 생각 때문에 어 아들도 저와 같은 일을 하고 하면 어떨까 라고 생각하는데 어 그렇기 때문에 아들에게 남 어 아들이 좀 컸을 때 제가 남겨 놓은 작품들을 보고 어 그 작품에 대해서 또 생각해보고 또 모자란 부분은 또 개선시킬 방법도 어 해보고 또 같은 동등한 한 작업자로서 음 좀 내가 해 놓는 작업물들이 어 긍정적인 영향을 좀 미치고 어 할 거라고 생각하기 때문에 아 그게 제 원동력입니다.","wordCount":152},"emotion":[],"intent":[{"text":"","expression":"","category":"attitude"}],"summary":{"text":"저는 제가 하는 일과 전공에 대해 자부심이 있는 편이고 이 일을 사랑하는 편입니다. 아들도 저와 같은 전공의 일을 같이 했으면 좋겠습니다. 제가 남겨 놓은 작품들을 보고 생각하고 개선시킬 방법도 해보고 같은 동등한 작업자로서 해 놓은 작업물들이 긍정적인 영향을 미칠 것이라고 생각하기 때문에 제 원동력입니다.","wordCount":44}}},"rawDataInfo":{"question":{"fileFormat":"wav","fileSize":296078,"duration":9250,"samplingBit":16,"channelCount":1,"samplingRate":"16kHz","audioPath":"/Mock/04.RND/Male/New/ckmk_q_rnd_m_n_304606.wav"},"answer":{"fileFormat":"wav","fileSize":3825998,"duration":119560,"samplingBit":16,"channelCount":1,"samplingRate":"16kHz","audioPath":"/Mock/04.RND/Male/New/ckmk_a_rnd_m_n_304606.wav"}}}