{"version":"1.0","dataSet":{"info":{"date":"20230116","occupation":"RND","channel":"MOCK","place":"ONLINE","gender":"MALE","ageRange":"55-","experience":"NEW"},"question":{"raw":{"text":"패러데이 법칙은 누가 발견한 법칙이고 또 어떤 법칙이 포함되어 있는지 등 자세하게 설명해 주세요","wordCount":14},"emotion":[],"intent":[]},"answer":{"raw":{"text":"페러데이 법칙은 이거 상당히 좀 저한테는 고난인도 해 그런 질문인데 그 뭐 아는 정도까지만 말씀드리겠습니다. 어 패러데이 이는 뭐 전자기 유도 법칙이라고 이야기를 하고 있죠. 어 전기와 관련성이 있는 그런 이제 법칙인데 전자기 유도에 대한 패러데이의 첫 번째 실험적 증명에서 철제 구리 두 개의 와이어로 반대 방향에 감았습니다. 근데 발견된 전자석의 특성에 대한 어 패러데이의 평에 근거하여 하나의 와이어의 전류가 흐를 때 파동의 부분이 그 고리를 따라 반대편이 전달되어 약간의 전기적 효과를 에 일으킨다고 생각을 했습니다. 패러데이는 그래서 하나의 와이어를 급류계에 연결하고 다른 한쪽에 배터리를 연결했을 때 일어나는 변화를 관찰을 해요 하였고 어 패러데이는 이 베터리와 연결했을 때 뗐을 때 과도 전류를 관측했는데 패러디이는 이것을 전기 파동이라고 명명을 했습니다. 그래서 이 유도 현상은 베터리가 연결되었다 분리될때 발생하는 자기력 선 속의 변화 때문에 발생한다 이렇게 정의되었던 그런 법칙입니다.","wordCount":127},"emotion":[{"text":"어 전기와 관련성이 있는 그런 이제 법칙인데 전자기 유도에 대한 패러데이의 첫 번째 실험적 증명에서 철제 구리 두 개의 와이어로 반대 방향에 감았습니다.","expression":"u-fact","category":"neutral"},{"text":"근데 발견된 전자석의 특성에 대한 어 패러데이의 평에 근거하여 하나의 와이어의 전류가 흐를 때 파동의 부분이 그 고리를 따라 반대편이 전달되어 약간의 전기적 효과를 에 일으킨다고 생각을 했습니다.","expression":"u-fact","category":"neutral"},{"text":"패러데이는 그래서 하나의 와이어를 급류계에 연결하고 다른 한쪽에 배터리를 연결했을 때 일어나는 변화를 관찰을 해요 하였고 어 패러데이는 이 베터리와 연결했을 때 뗐을 때 과도 전류를 관측했는데 패러디이는 이것을 전기 파동이라고 명명을 했습니다.","expression":"u-fact","category":"neutral"},{"text":"그래서 이 유도 현상은 베터리가 연결되었다 분리될때 발생하는 자기력 선 속의 변화 때문에 발생한다 이렇게 정의되었던 그런 법칙입니다.","expression":"u-fact","category":"neutral"}],"intent":[{"text":"","expression":"","category":"attitude"}],"summary":{"text":"패러데이 법칙은 전자기 유도 법칙입니다. 철제 구리 두 개의 와이어로 반대 방향에 감았을 때, 하나의 와이어의 전류가 흐를 때 파동의 부분이 그 고리를 따라 반대편이 전달되어 약간의 전기적 효과를 일으킵니다. 패러데이는 베터리와 연결했을 때 뗀 때의 과도 전류를 전기 파동이라고 명명했습니다.","wordCount":41}}},"rawDataInfo":{"question":{"fileFormat":"wav","fileSize":405198,"duration":12660,"samplingBit":16,"channelCount":1,"samplingRate":"16kHz","audioPath":"/Mock/04.RND/Male/New/ckmk_q_rnd_m_n_247568.wav"},"answer":{"fileFormat":"wav","fileSize":3532878,"duration":110400,"samplingBit":16,"channelCount":1,"samplingRate":"16kHz","audioPath":"/Mock/04.RND/Male/New/ckmk_a_rnd_m_n_247568.wav"}}}