{"version":"1.0","dataSet":{"info":{"date":"20230116","occupation":"RND","channel":"MOCK","place":"ONLINE","gender":"MALE","ageRange":"35-44","experience":"NEW"},"question":{"raw":{"text":"면접자님께서는 살면서 가장 힘들었던 점이 무엇이었습니까 또 면접자님께서 그 점을 극복하기 위해서 어떠한 노력을 해 왔는지도 말씀해 주시기 바랍니다","wordCount":19},"emotion":[],"intent":[]},"answer":{"raw":{"text":"살면서 가장 힘들었던 점은 제 아이가 다쳤을 때입니다. 제 아이가 할아버지와 놀다가 높은 곳에서 떨어져 갑자기 다치게 되었습니다. 그때 저는 놀라 아이를 안고 계단을 뛰어내려가 차를 몰고 응급실로 가게 되었습니다. 그때 저는 이 아이가 머리가 다쳐서 죽은 것은 아닐까 라고 두렵고 걱정스러운 마음이 컸습니다. 다행히 의사 선생님의 도움으로 우리 아이는 건강하게 퇴원할 수 있었습니다. 그때부터 저는 안전 불감증에 걸리게 되었습니다. 혹시 아이가 밖에 나가서 다치지는 않을까 라고 생각을 하게 돼서 밖에 내보내지 않고 집에만 데리고 있었던 적이 있습니다. 이러다 보면 아이의 사회성에 도움이 되지 않는다 라고 생각해서 그걸 극복하기 위해서 저는 아이를 어린이집으로 보내고 또 종교의 힘으로 이것을 잘 극복할 수 있었습니다.","wordCount":102},"emotion":[{"text":"그때 저는 이 아이가 머리가 다쳐서 죽은 것은 아닐까 라고 두렵고 걱정스러운 마음이 컸습니다.","expression":"n-anxiety","category":"negative"}],"intent":[{"text":"","expression":"","category":"attitude"}],"summary":{"text":"저는 아이가 놀다가 떨어진 것에 놀라 응급실로 가게 되었습니다. 다행히 아이는 건강하게 퇴원할 수 있었지만, 안전 불감증에 걸리게 되어 집에만 데리고 있었습니다. 그러다 보니 아이의 사회성에 도움이 되지 않는다고 생각해 어린이집으로 보내고 종교의 힘으로 극복했습니다.","wordCount":35}}},"rawDataInfo":{"question":{"fileFormat":"wav","fileSize":610638,"duration":19080,"samplingBit":16,"channelCount":1,"samplingRate":"16kHz","audioPath":"/Mock/04.RND/Male/New/ckmk_q_rnd_m_n_309194.wav"},"answer":{"fileFormat":"wav","fileSize":2729678,"duration":85300,"samplingBit":16,"channelCount":1,"samplingRate":"16kHz","audioPath":"/Mock/04.RND/Male/New/ckmk_a_rnd_m_n_309194.wav"}}}