{"version":"1.0","dataSet":{"info":{"date":"20230116","occupation":"RND","channel":"MOCK","place":"ONLINE","gender":"MALE","ageRange":"35-44","experience":"NEW"},"question":{"raw":{"text":"지원자님께서 생각하는 자신의 노년은 어떤 모습입니까 그 모습에 대해서 얘기를 해 주시고 또한 이상적인 노년의 모습을 말씀해 주셔도 좋습니다","wordCount":19},"emotion":[],"intent":[]},"answer":{"raw":{"text":"제가 생각하는 이상적인 노년의 모습은 제 자녀들 다 결혼시키고 저와 아내와 함께 여행을 다니고 싶습니다. 자녀들이 다 결혼하고 아내와 둘이 있을 때에 과거 지내왔던 일을 생각하면서 그동안 가보지 못했던 여행도 다니고 또 젊은 사람들이 하는 카페도 가고 즐거운 노년 생활을 보낼 것입니다. 젊었을 때 아내와 결혼하고 이후부터 여행을 많이 가지 못했는데 노년이 되어서라도 아내와 많은 시간을 갖고 싶습니다. 해외나 또 국내나 어디든 상관없이 함께 시간을 보내면서 노년을 준비하고 또 맛있는 것도 먹으면서 노년에 좋은 시절을 보내고 싶습니다.","wordCount":77},"emotion":[],"intent":[{"text":"","expression":"","category":"attitude"}],"summary":{"text":"이상적인 노년의 모습은 자녀들의 다 결혼시키고 아내와 함께 여행을 다니고 젊은 사람들이 하는 카페도 가고 즐거운 노년 생활을 하는 것입니다. 노년이 되어서라도 아내와 많은 시간을 갖고 싶습니다.","wordCount":27}}},"rawDataInfo":{"question":{"fileFormat":"wav","fileSize":519758,"duration":16239,"samplingBit":16,"channelCount":1,"samplingRate":"16kHz","audioPath":"/Mock/04.RND/Male/New/ckmk_q_rnd_m_n_318233.wav"},"answer":{"fileFormat":"wav","fileSize":2089038,"duration":65280,"samplingBit":16,"channelCount":1,"samplingRate":"16kHz","audioPath":"/Mock/04.RND/Male/New/ckmk_a_rnd_m_n_318233.wav"}}}