{"version":"1.0","dataSet":{"info":{"date":"20230116","occupation":"RND","channel":"MOCK","place":"ONLINE","gender":"MALE","ageRange":"-34","experience":"NEW"},"question":{"raw":{"text":"동물 실험이 인간에게 주는 이익은 무엇이라고 생각하시나요 또한 지원자님의 동물 실험에 대한 솔직한 생각도 말씀해 주세요","wordCount":16},"emotion":[],"intent":[]},"answer":{"raw":{"text":"안타깝지만 동물 실험 인간에게 그 이익을 가져다 준다고 생각을 합니다. 제가 이쪽의 전문 지식은 많지는 않지만 어 당연한 것 아니겠습니까. 사람한테 스스로 어떤 그런 의약품이라든지 어떤 시험을 하기 전에 어떤 같은 조건으로 동물에게 시험을 통해서 이게 진짜 우리가 원하는 소기의 목적을 달성할 수 있는지 단계별로 어 시험 평가를 해서 어 문제가 없었을 때 사람한테 실행하는 그런 과정은 당연하다고 생각합니다. 어 이는 그도 그만큼 사람에 대한 어떤 그런 어 손상이라든지 시험 실험으로서 발생하는 어 그런 그 손해를 현실을 최소화 할 수 있는 그런 과정이기 때문에 그 당연하다고 생각합니다. 이게 어떤 뭐 게임의 리셋이 되고 사람의 마찬가지로 어떤 실험을 통해서 결과가 안 좋았을 때 리셋이 되는 그런 과정이 아니기 때문에 결국에는 사람을 통해서 확실하지 않은 의약품이나 기술을 바로 적용하기는 어렵습니다. 그래서 그러한 리스크를 최소화하기 위해서는 사람 대신 동물을 통해서 하는 것은 제가 보기에는 당연한 거고 물론 동물에게 좀 미안하고 죄송한 부분도 있지만은 저한테 그 이익이 가져야 되는 것은 당연하다고 봅니다.","wordCount":148},"emotion":[],"intent":[{"text":"","expression":"","category":"attitude"}],"summary":{"text":"사람은 의약품이나 시험을 하기 전에 동물에게 시험을 통해서 원하는 소기의 목적을 달성할 수 있는지 단계별로 시험 평가를 해서 문제가 없었을 때 사람한테 실행하는 과정은 당연하다고 생각합니다. 사람을 통해서 확실하지 않은 의약품이나 기술을 바로 적용하기는 어렵기 때문에 동물 실험이 인간에게 이익을 가져다 준다고 생각합니다.","wordCount":43}}},"rawDataInfo":{"question":{"fileFormat":"wav","fileSize":571598,"duration":17860,"samplingBit":16,"channelCount":1,"samplingRate":"16kHz","audioPath":"/Mock/04.RND/Male/New/ckmk_q_rnd_m_n_294659.wav"},"answer":{"fileFormat":"wav","fileSize":2931918,"duration":91620,"samplingBit":16,"channelCount":1,"samplingRate":"16kHz","audioPath":"/Mock/04.RND/Male/New/ckmk_a_rnd_m_n_294659.wav"}}}