{"version":"1.0","dataSet":{"info":{"date":"20230116","occupation":"RND","channel":"MOCK","place":"ONLINE","gender":"MALE","ageRange":"35-44","experience":"NEW"},"question":{"raw":{"text":"지금까지 협업을 하면서 가장 어려웠던 것은 무엇이었나요 또한 그것을 어떻게 해결하셨는지 자세하게 말씀해 주세요","wordCount":14},"emotion":[],"intent":[]},"answer":{"raw":{"text":"저는 협업을 할 때 가장 어려웠던 점이 어 의견 수렴을 하는 것이었다고 생각합니다. 협업은 한 사람 두 사람 이상이 어 공통된 결과를 도출하고자 업무를 진행하는 것인데 어 여러 사람이 하다 보니 어 너무 다양한 의견을 취합하는 것에 시간 소모가 많았던 점입니다. 그래서 저는 그것을 해결하기 위해서 어 업무를 어 공동으로 알 수 있는 그런 채널을 만들었고 그 채널을 통해서 업무 공유를 한 결과 어 서로 간에 커뮤니케이션의 속도도 빨라지고 효율성도 더 증대되었습니다. 그래서 그 어려움을 극복하였습니다.","wordCount":76},"emotion":[],"intent":[{"text":"","expression":"","category":"attitude"}],"summary":{"text":"저는 협업을 할 때 의견 수렴에 시간 소요가 많아 업무를 공동으로 알 수 있는 채널을 만들었고 그 채널로 업무 공유를 한 결과 커뮤니케이션의 속도도 빨라지고 효율성도 증대되었습니다.","wordCount":27}}},"rawDataInfo":{"question":{"fileFormat":"wav","fileSize":602958,"duration":18840,"samplingBit":16,"channelCount":1,"samplingRate":"16kHz","audioPath":"/Mock/04.RND/Male/New/ckmk_q_rnd_m_n_291731.wav"},"answer":{"fileFormat":"wav","fileSize":2138318,"duration":66820,"samplingBit":16,"channelCount":1,"samplingRate":"16kHz","audioPath":"/Mock/04.RND/Male/New/ckmk_a_rnd_m_n_291731.wav"}}}