{"version":"1.0","dataSet":{"info":{"date":"20230116","occupation":"RND","channel":"MOCK","place":"ONLINE","gender":"MALE","ageRange":"35-44","experience":"NEW"},"question":{"raw":{"text":"면접자님은 협업을 할 때 어떤 점을 가장 중요하게 생각하시나요 그렇다면 그것을 왜 가장 중요하게 생각하는지 그 이유도 같이 말씀해 주세요","wordCount":20},"emotion":[],"intent":[]},"answer":{"raw":{"text":"협업을 할 때 가장 중요하다고 생각하는 것은 우선 어 팀원들과 똑같이 공통된 어 어 목적을 설정해야 된다고 생각합니다. 어 공 공통된 목적 설정이 없이는 협업이 제대로 이루어지지 않기 때문입니다. 그래서 그 목적을 어 설정하고 팀장은 그 협업의 업무를 균등하게 나누는 것이 어 가장 중요하다고 생각합니다.","wordCount":45},"emotion":[],"intent":[{"text":"협업을 할 때 가장 중요하다고 생각하는 것은 우선 어 팀원들과 똑같이 공통된 어 어 목적을 설정해야 된다고 생각합니다.","expression":"c_cop","category":"personality"}],"summary":{"text":"협업 시 팀원들과 똑같이 공통된 목적을 설정해야 협업이 제대로 이루어지기 때문에 팀장은 협업의 업무를 균등하게 나누는 것이 중요합니다.","wordCount":18}}},"rawDataInfo":{"question":{"fileFormat":"wav","fileSize":343118,"duration":10720,"samplingBit":16,"channelCount":1,"samplingRate":"16kHz","audioPath":"/Mock/04.RND/Male/New/ckmk_q_rnd_m_n_291944.wav"},"answer":{"fileFormat":"wav","fileSize":1660878,"duration":51900,"samplingBit":16,"channelCount":1,"samplingRate":"16kHz","audioPath":"/Mock/04.RND/Male/New/ckmk_a_rnd_m_n_291944.wav"}}}