{"version":"1.0","dataSet":{"info":{"date":"20230116","occupation":"RND","channel":"MOCK","place":"ONLINE","gender":"MALE","ageRange":"-34","experience":"NEW"},"question":{"raw":{"text":"어 공동체의 가치에 입각해서 이제 지원자님이 생각하시기에 무형 문화유산의 보호에 있어 적용되는 사회적 관념은 무엇이라고 생각하시나요","wordCount":16},"emotion":[],"intent":[]},"answer":{"raw":{"text":"저는 무형 문화유산은 사람들이 그 존재 가치를 인정하고 또 인식하고 관심을 가질 때 그 가치가 보존되는 것이라고 생각합니다. 공동체의 가치에 봤을 때 이 무형 문화유산 같은 것들이 굉장히 중요한데요. 왜냐하면 공동체는 오랜 시간 동안 쌓여온 공동체 사람들이 공유하는 문화를 바탕으로 그들만의 문화가 형성되고 또 그들만의 가치가 형성되는 것이기 때문입니다. 이러한 공동체에는 보호해야 될 다양한 것들이 있는데 그중에서 무형 문화유산의 경우 사람들이 관심을 가지지 않고 그것을 인식하지 않는다면 쉽게 사라질 수 있기 때문에 이 관심을 갖고 보호하기 위한 노력이 굉장히 중요하다고 생각합니다. 만약에 이러한 무형 문화유산에 대한 관심과 보호가 제대로 이루어지지 않는다면 이렇게 과거의 유산들은 하나씩 사라질 것이고 이는 결국 공동체의 토대가 되는 이러한 근본이 조금씩 흔들린다는 것을 뜻합니다. 결국 이러한 작은 균열들이 모여서 공동체 전체를 흔들 수도 있기 때문에 저는 무형 문화유산 같은 이러한 것들을 인식하고 보호하고자 하는 이 노력들이 결국엔 공동체를 지키고 또 발전시켜 나가는 데 큰 영향을 끼친다고 생각합니다.","wordCount":141},"emotion":[],"intent":[{"text":"저는 무형 문화유산은 사람들이 그 존재 가치를 인정하고 또 인식하고 관심을 가질 때 그 가치가 보존되는 것이라고 생각합니다.","expression":"c_value","category":"background"},{"text":"이러한 공동체에는 보호해야 될 다양한 것들이 있는데 그중에서 무형 문화유산의 경우 사람들이 관심을 가지지 않고 그것을 인식하지 않는다면 쉽게 사라질 수 있기 때문에 이 관심을 갖고 보호하기 위한 노력이 굉장히 중요하다고 생각합니다.","expression":"c_value","category":"background"},{"text":"결국 이러한 작은 균열들이 모여서 공동체 전체를 흔들 수도 있기 때문에 저는 무형 문화유산 같은 이러한 것들을 인식하고 보호하고자 하는 이 노력들이 결국엔 공동체를 지키고 또 발전시켜 나가는 데 큰 영향을 끼친다고 생각합니다.","expression":"c_value","category":"background"}],"summary":{"text":"무형 문화유산은 사람들이 그 존재 가치를 인식하고 관심을 가질 때 그 가치가 보존되는 것이라고 생각합니다. 관심을 가지지 않는다면 쉽게 사라질 수 있기 때문에 관심을 갖고 보호하기 위한 노력이 굉장히 중요합니다. 관심과 보호가 제대로 이루어지지 않는다면 결국 공동체의 토대가 되는 이러한 근본이 조금씩 흔들릴 것이기 때문입니다.","wordCount":45}}},"rawDataInfo":{"question":{"fileFormat":"wav","fileSize":441038,"duration":13780,"samplingBit":16,"channelCount":1,"samplingRate":"16kHz","audioPath":"/Mock/04.RND/Male/New/ckmk_q_rnd_m_n_273143.wav"},"answer":{"fileFormat":"wav","fileSize":3738318,"duration":116820,"samplingBit":16,"channelCount":1,"samplingRate":"16kHz","audioPath":"/Mock/04.RND/Male/New/ckmk_a_rnd_m_n_273143.wav"}}}