{"version":"1.0","dataSet":{"info":{"date":"20230116","occupation":"RND","channel":"MOCK","place":"ONLINE","gender":"MALE","ageRange":"-34","experience":"NEW"},"question":{"raw":{"text":"만약 본인이 하고 싶은 직무 외에 다른 직무를 맡게 될 경우 어떻게 하실 건가요 그래도 괜찮으신가요","wordCount":16},"emotion":[],"intent":[]},"answer":{"raw":{"text":"제가 하고 싶은 직무가 아닌 다른 직무를 맡게 된다면 사실 처음에는 조금 아쉬움이 있을 것 같습니다. 왜냐하면 제가 이 직무를 하기 위해서 많은 시락 많은 시간과 또 노력을 공들여 왔기 때문입니다. 그리고 이 회사에 입사해서 이 직무에서 성장해 나가는 저의 모습 그리고 회사에 가면 갈수록 더 많이 기여하는 저의 모습을 상상해 왔기 때문에 그러한 상상 상상들이 깨지는 것 같아서 일종의 아쉬움을 느낄 것 같은데요. 하지만 회사에서 저라는 사람을 뽑는 과정에서 저라는 사람에 대한 평가가 들어가고 그러한 평가를 기반으로 이 사람이 우리 회사에서 어떠한 직무를 맡았을 때 정말 최상의 이익을 낼 수 있을지를 계산한다고 생각합니다. 그러한 계산의 결과로 저에게 직무가 배치될 텐데 저는 아직 회사에 많은 경험이 없는 신입이기 때문에 그러한 회사의 뜻을 일부터 백까지 다 이해하긴 어려울 수도 있다고 생각합니다. 그렇기 때문에 쉽사리 제가 하지 못하는 직무라고 판단하기보다는 우선 그 직무에 새로운 직무에 익숙해지기 위해서 제 나름의 노력을 하고 또 선배들에게도 많은 조언을 구함으로써 그 직무를 정말 잘 할 수 있도록 제 자신을 갈고 닦겠습니다. 어쨌든 회사에서 맡게 되는 모든 일은 회사의 이익을 창출하는 데 도움이 되는 일이기 때문에 제가 그것에 기여할 수 있다면 저는 저의 몫을 잘 해내고 있는 것이라고 생각합니다. 그래서 저는 어떤 일이든 최선을 다하겠습니다.","wordCount":188},"emotion":[],"intent":[{"text":"하지만 회사에서 저라는 사람을 뽑는 과정에서 저라는 사람에 대한 평가가 들어가고 그러한 평가를 기반으로 이 사람이 우리 회사에서 어떠한 직무를 맡았을 때 정말 최상의 이익을 낼 수 있을지를 계산한다고 생각합니다.","expression":"c_adp","category":"personality"},{"text":"그렇기 때문에 쉽사리 제가 하지 못하는 직무라고 판단하기보다는 우선 그 직무에 새로운 직무에 익숙해지기 위해서 제 나름의 노력을 하고 또 선배들에게도 많은 조언을 구함으로써 그 직무를 정말 잘 할 수 있도록 제 자신을 갈고 닦겠습니다.","expression":"c_adp","category":"personality"},{"text":"어쨌든 회사에서 맡게 되는 모든 일은 회사의 이익을 창출하는 데 도움이 되는 일이기 때문에 제가 그것에 기여할 수 있다면 저는 저의 몫을 잘 해내고 있는 것이라고 생각합니다.","expression":"c_sincere_co","category":"etc"},{"text":"그래서 저는 어떤 일이든 최선을 다하겠습니다.","expression":"c_adp","category":"personality"}],"summary":{"text":"저는 아직 회사에 많은 경험이 없기 때문에 회사에서 맡게 되는 모든 일은 회사의 이익을 창출하는 데 도움이 되는 일이기 때문에 제가 하고 싶은 직무가 아닌 다른 직무를 맡게 된다면 저는 어떤 일이든 최선을 다하겠습니다.","wordCount":34}}},"rawDataInfo":{"question":{"fileFormat":"wav","fileSize":281678,"duration":8800,"samplingBit":16,"channelCount":1,"samplingRate":"16kHz","audioPath":"/Mock/04.RND/Male/New/ckmk_q_rnd_m_n_279715.wav"},"answer":{"fileFormat":"wav","fileSize":3832718,"duration":119770,"samplingBit":16,"channelCount":1,"samplingRate":"16kHz","audioPath":"/Mock/04.RND/Male/New/ckmk_a_rnd_m_n_279715.wav"}}}