{"version":"1.0","dataSet":{"info":{"date":"20230116","occupation":"RND","channel":"MOCK","place":"ONLINE","gender":"MALE","ageRange":"-34","experience":"NEW"},"question":{"raw":{"text":"지원자님의 장점과 단점을 말씀해 주시구요 본인의 장점에서 더 성장시킨 부분과 단점에서 더 보완해 준 부분들을 말씀해 주세요","wordCount":17},"emotion":[],"intent":[]},"answer":{"raw":{"text":"저의 장점은 솔직하고 다정다감하다는 것입니다. 솔직하고 다정다감한 것은 대인 관계를 유지할 때 도움이 많이 되었던 것 같습니다. 사람들은 일반적으로 거짓말을 하는 개인보다 솔직하게 진실만을 이야기하는 개인을 좋아하는 경우가 많았고 저와 같은 경우에도 솔직함을 내세워서 다른 사람과 진솔한 관계를 맺어 왔던 것 같습니다. 다정다감한 것도 그것에 도움이 많이 되었습니다. 그것을 특화시키고 좋게 활용하기 위해서 저는 사람들과 대화할 때 최대한 거짓말을 하지 않으려고 노력했고 사소한 거짓말이더라도 지양하려는 노력을 하였습니다. 저의 단점은 결정을 잘 못하고 우유부단하다는 것입니다. 어떠한 다 결정을 할 때 고민을 너무 오래 하여 쉽게 결정할 일이어서 빨리 끝낼 과정도 오래 질질 끌었던 경험이 있습니다. 그것을 극복하기 위해여 일상생활에 단순하고 작은 과정도 쉽게 해결하고 쉽게 결정하려고 노력했습니다. 아주 간단하게 지하철을 탈지 버스를 탈지 탕수육을 먹을지 깐풍기를 먹을지 등의 간단한 고민도 빠르게 결정하려고 노력해 왔던 것 같습니다.","wordCount":125},"emotion":[],"intent":[{"text":"저의 장점은 솔직하고 다정다감하다는 것입니다.","expression":"c_person","category":"background"},{"text":"저의 단점은 결정을 잘 못하고 우유부단하다는 것입니다.","expression":"c_person","category":"background"}],"summary":{"text":"저는 솔직하고 다정다감하다는 장점을 가지고 있는데, 이것을 특화시키고 좋게 활용하기 위해 최대한 거짓말을 하지 않으려고 노력하고 사소한 거짓말이라도 지양하려고 노력하였습니다. 또한 우유부단한 결정을 하는 것을 극복하기 위해 일상생활에서 단순한 과정도 쉽게 해결하고 쉽게 결정하려고 노력해 왔습니다.","wordCount":36}}},"rawDataInfo":{"question":{"fileFormat":"wav","fileSize":417358,"duration":13040,"samplingBit":16,"channelCount":1,"samplingRate":"16kHz","audioPath":"/Mock/04.RND/Male/New/ckmk_q_rnd_m_n_342316.wav"},"answer":{"fileFormat":"wav","fileSize":2568398,"duration":80260,"samplingBit":16,"channelCount":1,"samplingRate":"16kHz","audioPath":"/Mock/04.RND/Male/New/ckmk_a_rnd_m_n_342316.wav"}}}