{"version":"1.0","dataSet":{"info":{"date":"20230116","occupation":"RND","channel":"MOCK","place":"ONLINE","gender":"MALE","ageRange":"-34","experience":"NEW"},"question":{"raw":{"text":"시간이 촉박한 상황에 놓이면 지원자님은 보통 어떤 식으로 시간 관리를 하시나요 지원자님만의 시간 관리법에 대해서 소개해 주시기 바랍니다","wordCount":18},"emotion":[],"intent":[]},"answer":{"raw":{"text":"저는 시간이 촉박한 상황이 생기면 저만의 타임 테이블을 만듭니다. 그 타임 테이블에는 우선 일에 중요도 순서대로 별을 매겨 가장 중요한 순서인 별 다섯 개부터 중요도가 가장 떨어지는 별 한 개까지 총 다섯 개의 단계로 일들을 구성하는데요. 그런 후에 중요한 별 다섯 개의 업무부터 타임 테이블에 앞쪽에 위치시킵니다. 그리고 각 일마다의 데드라인을 정해 놓고 해당 데드라인에 맞춰서 모든 일을 마무리할 수 있도록 제가 눈으로 볼 수 있는 타임 테이블을 구성합니다. 이렇게 타임 테이블을 구성하면 우선 촉박한 시간 내에서도 정해진 일들을 이때까지는 모두 끝 맞춰야 된다는 저만의 기준을 확고하게 세울 수 있고 또 제가 일을 어느 정도 수준까지 지금 하고 있는지를 중간 중간에 쉽게 파악할 수 있다 는 장점이 있습니다. 이런 식으로 중요도가 높은 일부터 빠르게 빠르게 처리를 하다 보면은 설사 제가 어 시간이 부족해서 중요성이 떨어지는 일들을 나중에 조금 못 하게 될지라도 일단 중요한 일들을 먼저 해놨기 때문에 제가 처리할 수 있는 부분이 생기게 됩니다. 그리고 이러한 타임 테이블을 만드는 것이 좋은 또 다른 이유는 제가 하고 있는 일일 일에 대해서 제가 체계적으로 잘 해내고 있다는 저만의 자신감을 얻을 수 있다는 점입니다. 저는 이렇게 타임 테이블을 이용합니다.","wordCount":176},"emotion":[],"intent":[{"text":"","expression":"","category":"attitude"}],"summary":{"text":"타임테이블은 일에 중요도 순으로 별을 매겨 중요한 순서인 별 다섯 개부터 중요도가 가장 떨어지는 별 한 개까지 총 다섯 개의 단계로 일들을 구성합니다. 그런 후에 중요한 별 다섯 개의 업무부터 타임 테이블에 앞쪽에 위치시킵니다. 각 일마다의 데드라인을 정해 놓고 해당 데드라인에 맞춰서 모든 일을 마무리할 수 있도록 제가 눈으로 볼 수 있는 타임 테이블을 만듭니다.","wordCount":55}}},"rawDataInfo":{"question":{"fileFormat":"wav","fileSize":549838,"duration":17180,"samplingBit":16,"channelCount":1,"samplingRate":"16kHz","audioPath":"/Mock/04.RND/Male/New/ckmk_q_rnd_m_n_256496.wav"},"answer":{"fileFormat":"wav","fileSize":3813838,"duration":119180,"samplingBit":16,"channelCount":1,"samplingRate":"16kHz","audioPath":"/Mock/04.RND/Male/New/ckmk_a_rnd_m_n_256496.wav"}}}