{"version":"1.0","dataSet":{"info":{"date":"20230116","occupation":"RND","channel":"MOCK","place":"ONLINE","gender":"MALE","ageRange":"55-","experience":"NEW"},"question":{"raw":{"text":"우리 회사에 들어오면 지원자님께서 지금까지 했던 업무 스타일과는 달라질 수도 있는데요 기존과 다른 업무 스타일에도 잘 적응할 수 있으신가요","wordCount":19},"emotion":[],"intent":[]},"answer":{"raw":{"text":"모든 회사는 스타일이 다릅니다. 동일한 회사는 존재하지 않습니다. 모든 사람이 성격이 조금씩 다르듯이 회사도 스타일이 모두 다르다고 생각합니다. 그래서 업무 스타일에 적응하는 것은 필수 요소라고 생각합니다. 이런 것에 잘 적응을 해야 조직 사회에서 잘 적응하고 회사에서도 좋은 성과를 낼 수가 있다고 생각합니다. 이런 변화에 준비가 되었기 때문에 잘 적응한다고 생각합니다.","wordCount":50},"emotion":[],"intent":[{"text":"","expression":"","category":"attitude"}],"summary":{"text":"업무 스타일에 적응하는 것은 필수 요소입니다. 조직 사회에서 잘 적응하고 회사에서도 좋은 성과를 낼 수 있으므로 변화에 잘 적응한다고 생각합니다.","wordCount":20}}},"rawDataInfo":{"question":{"fileFormat":"wav","fileSize":466638,"duration":14580,"samplingBit":16,"channelCount":1,"samplingRate":"16kHz","audioPath":"/Mock/04.RND/Male/New/ckmk_q_rnd_m_n_342507.wav"},"answer":{"fileFormat":"wav","fileSize":1677518,"duration":52420,"samplingBit":16,"channelCount":1,"samplingRate":"16kHz","audioPath":"/Mock/04.RND/Male/New/ckmk_a_rnd_m_n_342507.wav"}}}