{"version":"1.0","dataSet":{"info":{"date":"20230116","occupation":"RND","channel":"MOCK","place":"ONLINE","gender":"MALE","ageRange":"35-44","experience":"NEW"},"question":{"raw":{"text":"혹시 직장을 선택할 때 가장 중요하게 생각하는 것이 있다면 세 가지만 각각 무엇인지 말씀해 주시겠어요","wordCount":15},"emotion":[],"intent":[]},"answer":{"raw":{"text":"저는 직장을 선택할 때 가장 중요하게 생각하는 점 중의 하나는 우선 첫 번째로 이 회사가 제가 성장할 수 있는 어 토대를 마련해 줄 수 있는지 입니다. 그리고 두 번째는 이 회사가 성장 가능성이 있는지에 대한 것입니다. 그리고 세 번째는 어 회사가 일을 하는 어 직원들에게 충분한 보상을 해주는 지 입니다. 이 세 가지가 충족이 된다면 저는 어 회사를 선택할 수 있을 것 같습니다.","wordCount":63},"emotion":[],"intent":[{"text":"저는 직장을 선택할 때 가장 중요하게 생각하는 점 중의 하나는 우선 첫 번째로 이 회사가 제가 성장할 수 있는 어 토대를 마련해 줄 수 있는지 입니다.","expression":"c_value","category":"background"},{"text":"그리고 두 번째는 이 회사가 성장 가능성이 있는지에 대한 것입니다.","expression":"c_value","category":"background"},{"text":"그리고 세 번째는 어 회사가 일을 하는 어 직원들에게 충분한 보상을 해주는 지 입니다.","expression":"c_value","category":"background"}],"summary":{"text":"저는 회사를 선택할 때 성장 토대, 성장 가능성, 직원들에게 충분한 보상이 충족된다면 회사를 선택할 수 있을 것 같습니다. 이는 회사 선택에 중요한 요소입니다.","wordCount":23}}},"rawDataInfo":{"question":{"fileFormat":"wav","fileSize":279758,"duration":8740,"samplingBit":16,"channelCount":1,"samplingRate":"16kHz","audioPath":"/Mock/04.RND/Male/New/ckmk_q_rnd_m_n_285523.wav"},"answer":{"fileFormat":"wav","fileSize":1621838,"duration":50680,"samplingBit":16,"channelCount":1,"samplingRate":"16kHz","audioPath":"/Mock/04.RND/Male/New/ckmk_a_rnd_m_n_285523.wav"}}}