{"version":"1.0","dataSet":{"info":{"date":"20230116","occupation":"RND","channel":"MOCK","place":"ONLINE","gender":"MALE","ageRange":"45-54","experience":"NEW"},"question":{"raw":{"text":"면접자분 면접자분이 연구에 대해서 지금 질문을 하셨는데 그렇다면 연구 개발이 뭐라고 생각하시는지 말씀해 주세요","wordCount":14},"emotion":[],"intent":[]},"answer":{"raw":{"text":"연구 개발 업무를 수행하는 것에 대해서 근본적으로 어떤 생각을 갖고 있는지를 어쭤보셨는데 거기에 대한 답변을 드리겠습니다. 예 제가 어 꼭 해보고 싶은 일이 연구 개발 업무입니다. 궁극적으로 어 어 할 수 하고 싶은 업무이기도 하고 저의 아이디어와 창의성을 어 마음껏 발휘할 수 있고 또 새로운 신기술을 만들어내는데 중요한 역할을 하는 분야이기 때문입니다. 연구 개발이 물론 쉬운 업무가 아닌 것은 어느 정도 알고 있습니다. 어 창작의 고통 창의 창의에 대한 고통 그리고 어떠한 어 당면한 문제를 해결해 내는데 가장 음 아이디어와 어 방법들을 어 기존의 어 정보에서 찾아내야 하기 때문에 상당히 고통스러운 일일 수도 있습니다. 하지만 음 저는 연구 개발 업무가 가장 중요한 일이고 또 이 사회를 어 변화시키는데 큰 역할을 하기 때문에 그 일을 해 보고 싶습니다. 그리고 또 관심이 많고 또 제가 잘 할 수 있을 것이라는 자신감을 가지고 있는 편입니다. 이상입니다.","wordCount":133},"emotion":[],"intent":[{"text":"","expression":"","category":"attitude"}],"summary":{"text":"연구 개발 업무는 아이디어와 창의성을 마음껏 발휘할 수 있고 새로운 신기술을 만들어내는데 중요한 역할을 하기 때문에 꼭 해보고 싶은 업무입니다. 그리고 관심이 많고 자신감을 가지고 있는 편입니다.","wordCount":27}}},"rawDataInfo":{"question":{"fileFormat":"wav","fileSize":327758,"duration":10240,"samplingBit":16,"channelCount":1,"samplingRate":"16kHz","audioPath":"/Mock/04.RND/Male/New/ckmk_q_rnd_m_n_347720.wav"},"answer":{"fileFormat":"wav","fileSize":3629518,"duration":113420,"samplingBit":16,"channelCount":1,"samplingRate":"16kHz","audioPath":"/Mock/04.RND/Male/New/ckmk_a_rnd_m_n_347720.wav"}}}