{"version":"1.0","dataSet":{"info":{"date":"20230116","occupation":"RND","channel":"MOCK","place":"ONLINE","gender":"MALE","ageRange":"35-44","experience":"NEW"},"question":{"raw":{"text":"지원자분의 성격상 장점과 단점에 대해서 각각 이야기 해 주시면 좋겠습니다 보다 구체적인 예시를 들어서 설명해 주셔도 좋을 것 같습니다","wordCount":19},"emotion":[],"intent":[]},"answer":{"raw":{"text":"저의 성격상 장점은 상대방을 배려하고 경청하는 자세입니다. 무슨 일을 할 때에 내가 주도적이기 보다는 상대방을 먼저 존중하고 배려하는 편입니다. 무엇보다도 자기 의견만 계속해서 말하는 사람이 아니라 상대방의 말을 잘 들어주고 그에 맞는 대답을 해주는 것이 저의 성격상 좋은 점이다 라고 생각합니다. 누군가가 저에게 말을 했었을 때 잘 안 듣고 모르는 것이 아니라 잘 들으려고 하고 그에 맞는 리액션도 잘 한다고 생각합니다. 반대로 저의 단점은 성격이 욱하는 면이 있습니다. 특별히 운전을 할 때에 이런 점들이 종종 발생을 합니다. 욱하는 점을 없애기 위해서 저는 한 번 더 생각하고 한 번 더 참고 행동으로 옮기는 그런 습관을 들이려고 노력을 하고 있습니다.","wordCount":98},"emotion":[],"intent":[{"text":"저의 성격상 장점은 상대방을 배려하고 경청하는 자세입니다.","expression":"c_person","category":"background"},{"text":"반대로 저의 단점은 성격이 욱하는 면이 있습니다.","expression":"c_person","category":"background"}],"summary":{"text":"저는 상대방을 배려하고 경청하는 성격입니다. 반대로 성격이 욱하는 면이 있는데 이를 없애기 위해 저는 한번 더 생각하고 한 번 더 참고 행동으로 옮기는 그런 습관을 들이려고 노력을 하고 있습니다.","wordCount":29}}},"rawDataInfo":{"question":{"fileFormat":"wav","fileSize":445518,"duration":13920,"samplingBit":16,"channelCount":1,"samplingRate":"16kHz","audioPath":"/Mock/04.RND/Male/New/ckmk_q_rnd_m_n_332943.wav"},"answer":{"fileFormat":"wav","fileSize":2385998,"duration":74560,"samplingBit":16,"channelCount":1,"samplingRate":"16kHz","audioPath":"/Mock/04.RND/Male/New/ckmk_a_rnd_m_n_332943.wav"}}}