{"version":"1.0","dataSet":{"info":{"date":"20230116","occupation":"RND","channel":"MOCK","place":"ONLINE","gender":"MALE","ageRange":"35-44","experience":"NEW"},"question":{"raw":{"text":"배달의 민족을 이용하면서 서비스적인 부분에서 아쉬웠던 것이 있었나요 있으셨다면 그것이 무엇인지 말씀해 주세요","wordCount":13},"emotion":[],"intent":[]},"answer":{"raw":{"text":"어 저는 음 혼자 살다 보니까 이 배달 음식을 많이 시켜 먹는 편인데 어 솔직히 그 배달 어플들이 많이 생기면서 예전보다는 그런 배달비 부분도 좀 올라가고 음 그런 요즘은 심지어는 어떤 가게에는 매장 가격보다 배달 가격을 아예 높여서 올려놓는 부분들도 있더라고요. 어 그런 부분에 있어서 어 사실은 그 어플이라는 서비스를 통해서 소비자는 내는 돈이 어 많아지고 어 또 제공하는 생산자는 또 가져가는 게 어 비슷하던지 적어지니까 자꾸 그 사이에 갭이 생긴다 라고 생각합니다. 어 그렇다면은 이런 부분을 좀 보상해주는 제도라도 있어야 마련이 돼야 어 어플을 사용하는 어 이유나 어 좀 만족도가 올라가지 않을까 라고 생각합니다. 가령 예를 들어 뭐 포인트를 특정 그 카드를 이용해야만 쌓이는 게 아니라 뭐 배달 한 번 당 뭐 얼마라든지 이런 포인트 제도를 통해서 음 제가 시켜 먹은 만큼 큰 보상은 아니지만 조금이라도 보상을 이용하고 어 그러다 보면 쫌 더 어 서비스에 대한 만족도가 올라가지 않을까 그렇게 생각을 하고 있습니다.","wordCount":144},"emotion":[],"intent":[{"text":"","expression":"","category":"attitude"}],"summary":{"text":"배달 어플이 많이 생기면서 배달비 부분과 매장 가격보다 배달 가격을 높여놓는 부분들도 있습니다. 그 어플을 통해서 소비자는 내는 돈이 많아지고, 생산자는 가져가는 게 비슷하든지 적어지니 점점 그 사이에 갭이 생깁니다. 어 이런 부분을 보상해주는 제도라도 있어야 어플을 사용하는 이유나 만족도가 올라가지 않을까 생각합니다.","wordCount":43}}},"rawDataInfo":{"question":{"fileFormat":"wav","fileSize":327758,"duration":10240,"samplingBit":16,"channelCount":1,"samplingRate":"16kHz","audioPath":"/Mock/04.RND/Male/New/ckmk_q_rnd_m_n_304612.wav"},"answer":{"fileFormat":"wav","fileSize":3628238,"duration":113380,"samplingBit":16,"channelCount":1,"samplingRate":"16kHz","audioPath":"/Mock/04.RND/Male/New/ckmk_a_rnd_m_n_304612.wav"}}}