{"version":"1.0","dataSet":{"info":{"date":"20230116","occupation":"RND","channel":"MOCK","place":"ONLINE","gender":"MALE","ageRange":"55-","experience":"NEW"},"question":{"raw":{"text":"면접자께서 생각하는 엔트로피란 무엇인가 열역학 법칙과 함께 설명 부탁드리겠습니다","wordCount":9},"emotion":[],"intent":[]},"answer":{"raw":{"text":"엔트로피란 무엇이냐 무질 무질서도 어 한 마디로 정의하면 무질서도라고 얘기할 수 있는데 정확히 말하면 어떤 물질 혹은 어 개 시스템의 열 아니면 어 혹은 어 에너지적 상태를 표현하는 함수 중의 하나라고 할 수 있습니다. 음 어 아 예를 들면 우리가 물병에 있는 물을 바닥에 쏟아 버리면 어 다시 물을 병에 담을 수 없죠. 이와 같은 다시 도다 되돌아갈 수 없는 물리적 어 과정을 비가역적 과정이라고 말합니다. 엔터로피도 이와 관련이 있습니다. 우리가 물을 쏟기 전에 가진 엔터로피가 있고 물을 쏟은 후에 엔터로피가 가지고 쏟은 후에 엔터로피도 가지고 있다고 생각이 이 해 봅시다. 이 때 물을 쏟으면 비가격적이므로 엔터로피의 변화가 있을 것이 자명하죠. 어 무질서한 정도가 변했으니까요. 우리가 열역학적 과정에 엔트로피에서 주목해야 할 점은 바로 이 엔트로피 변화 양입니다.","wordCount":117},"emotion":[{"text":"음 어 아 예를 들면 우리가 물병에 있는 물을 바닥에 쏟아 버리면 어 다시 물을 병에 담을 수 없죠.","expression":"u-fact","category":"neutral"},{"text":"이와 같은 다시 도다 되돌아갈 수 없는 물리적 어 과정을 비가역적 과정이라고 말합니다.","expression":"u-fact","category":"neutral"}],"intent":[{"text":"","expression":"","category":"attitude"}],"summary":{"text":"엔트로피란 어떤 물질 혹은 어 개 시스템의 열 또는 어 혹은 어 에너지적 상태를 표현하는 함수 중의 하나라고 할 수 있습니다. 우리가 열역학적 과정에 엔트로피에서 주목해야 할 점은 바로 이 엔트로피 변화 양입니다.","wordCount":33}}},"rawDataInfo":{"question":{"fileFormat":"wav","fileSize":327758,"duration":10240,"samplingBit":16,"channelCount":1,"samplingRate":"16kHz","audioPath":"/Mock/04.RND/Male/New/ckmk_q_rnd_m_n_247570.wav"},"answer":{"fileFormat":"wav","fileSize":3024078,"duration":94500,"samplingBit":16,"channelCount":1,"samplingRate":"16kHz","audioPath":"/Mock/04.RND/Male/New/ckmk_a_rnd_m_n_247570.wav"}}}