{"version":"1.0","dataSet":{"info":{"date":"20230116","occupation":"RND","channel":"MOCK","place":"ONLINE","gender":"MALE","ageRange":"55-","experience":"NEW"},"question":{"raw":{"text":"만약 지원자님의 직무에 맞지 않는 일을 하게 되실 수도 있는데요 그렇게 된다면 어떻게 하시겠습니까 또 그렇게 된다고 하더라도 괜찮으신지 궁금합니다","wordCount":20},"emotion":[],"intent":[]},"answer":{"raw":{"text":"회사에서 업무를 보며 직무에 맞지 않는 일을 해야 될 경우도 생깁니다. 그런 업무가 주어졌을 경우 회사에 피치 못할 상황이 발생해서 그럴 가능성이 높습니다. 그러므로 직원에 도리로써 회사에 필요에 순응하는 것이 좋은 방법이라고 생각합니다. 주어진 업무에 최선을 다할 것이나 만약 제 능력 밖에 한계를 넘어선 일이라면 상사에게 상의를 하고 그의 조언과 그의 도움을 요청하겠습니다.","wordCount":53},"emotion":[],"intent":[{"text":"","expression":"","category":"attitude"}],"summary":{"text":"회사 업무에서 부적합한 일이 발생할 가능성이 높으므로 직원에 도리로써 회사에 필요에 순응하는 것이 좋습니다. 능력 밖의 일이라면 상사에게 상의 후 도움을 요청하겠습니다.","wordCount":22}}},"rawDataInfo":{"question":{"fileFormat":"wav","fileSize":517198,"duration":16160,"samplingBit":16,"channelCount":1,"samplingRate":"16kHz","audioPath":"/Mock/04.RND/Male/New/ckmk_q_rnd_m_n_335809.wav"},"answer":{"fileFormat":"wav","fileSize":1873358,"duration":58540,"samplingBit":16,"channelCount":1,"samplingRate":"16kHz","audioPath":"/Mock/04.RND/Male/New/ckmk_a_rnd_m_n_335809.wav"}}}