{"version":"1.0","dataSet":{"info":{"date":"20230116","occupation":"RND","channel":"MOCK","place":"ONLINE","gender":"MALE","ageRange":"45-54","experience":"NEW"},"question":{"raw":{"text":"구조물을 설계할 때 고려해야 할 다양한 점들이 있지요 구조물을 설계할 때 고려해야 할 점은 무엇인지 본인의 생각을 설명 부탁드립니다","wordCount":19},"emotion":[],"intent":[]},"answer":{"raw":{"text":"네 구조물을 설계할 때 고려해야 될 점을 제가 생각나는 대로 말씀을 드리겠습니다. 음 어떠한 구조물이나 건축물을 설계를 할 때는 반드시 그 용도에 맞도록 설계하는 것이 중요합니다. 그리고 그 용도를 정확하게 인식을 하고 색을 설계를 해 나가면서 또한 음 현재 건축 기술의 에 최신 기술을 도입하도록 할 것 같습니다. 물론 어 주어진 자금 한도 안에서 하겠습니다. 그리고 또 그 용도에 맞도록 가장 효율적이고 실용적인 설계를 하는 것이 어 제 생각입니다. 그 효 효율성과 편리성 그리고 어 그 용도에 맞는 적합성 이런 것들을 두루 고려해서 어 설계를 할 것입니다. 그리고 제 설계는 물론 제 혼자 독단의 생각이 아니라 제 팀과 함께 그 가장 적합한 가장 어 합리적인 설계를 할 수 있도록 공유하고 의논하고 아이디어를 어 서로 짜내겠습니다. 이상입니다.","wordCount":116},"emotion":[],"intent":[{"text":"","expression":"","category":"attitude"}],"summary":{"text":"구조물을 설계할 때는 용도에 맞게 설계하는 것이 중요합니다. 용도를 정확하게 인식하고 설계해 나가면서 최신 기술을 도입하도록 할 것 같습니다. 그리고 가장 효율적이고 실용적인 설계를 하는 것이 제 생각입니다.","wordCount":28}}},"rawDataInfo":{"question":{"fileFormat":"wav","fileSize":445518,"duration":13920,"samplingBit":16,"channelCount":1,"samplingRate":"16kHz","audioPath":"/Mock/04.RND/Male/New/ckmk_q_rnd_m_n_322635.wav"},"answer":{"fileFormat":"wav","fileSize":3600078,"duration":112500,"samplingBit":16,"channelCount":1,"samplingRate":"16kHz","audioPath":"/Mock/04.RND/Male/New/ckmk_a_rnd_m_n_322635.wav"}}}