{"version":"1.0","dataSet":{"info":{"date":"20230116","occupation":"RND","channel":"MOCK","place":"ONLINE","gender":"MALE","ageRange":"-34","experience":"NEW"},"question":{"raw":{"text":"지원자님은 자신의 노년이 어떤 모습이었으면 좋겠다고 생각하신 적이 있으십니까 있다면 자신의 노년의 모습이 어떤 모습일지 말씀해 주시기 바랍니다 또한 이상적인 노년의 모습을 말씀해 주시기 바랍니다","wordCount":25},"emotion":[],"intent":[]},"answer":{"raw":{"text":"저는 젊은 사람들이 저에게 와서 조언을 구하는 현명한 그런 사람이 되고 현명한 노년을 보내고 싶습니다. 요즘 노인분들을 보면 모두 다 고집이 세고 자기 주장을 많이 하시는 그런 노인분들을 찾아볼 수가 있습니다. 그런 분들을 보면서 저는 생각합니다. 물론 그분들도 자기만의 사정이 있겠지만 저는 절대로 저런 사람만큼 되지 말아야겠다 라는 생각이 들었습니다. 이상적인 노년이란 남들이 존경을 하고 남들이 남들에게 어 면제는 배려를 받겠지만 또 남들에게 배려를 할 줄 아는 그런 노인이 되어야 된다고 저는 생각이 듭니다. 나이를 거꾸로 먹는 것이 아니라 똑바로 먹어서 보다 젊은 세대에게 보답을 하고 도움이 되는 그리고 후대에게 있어서 존경받는 그런 노인이 되는 것이 바로 저의 이상적인 노년의 모습입니다. 이상으로 답변을 마치겠습니다. 들어주셔서 감사합니다.","wordCount":106},"emotion":[],"intent":[{"text":"","expression":"","category":"attitude"}],"summary":{"text":"요즘 노인분들은 고집이 세고 자기 주장을 많이 하는 분들을 많이 보았습니다. 이상적인 노년이란 남들에게 배려를 할 줄 아는 노인이 되어야 한다고 생각합니다. 젊은이에게 보답하고 후대에게 존경받는 그런 노인이 되는 것이 바로 저의 이상적인 노인의 모습입니다.","wordCount":35}}},"rawDataInfo":{"question":{"fileFormat":"wav","fileSize":628558,"duration":19640,"samplingBit":16,"channelCount":1,"samplingRate":"16kHz","audioPath":"/Mock/04.RND/Male/New/ckmk_q_rnd_m_n_279114.wav"},"answer":{"fileFormat":"wav","fileSize":2190798,"duration":68460,"samplingBit":16,"channelCount":1,"samplingRate":"16kHz","audioPath":"/Mock/04.RND/Male/New/ckmk_a_rnd_m_n_279114.wav"}}}