{"version":"1.0","dataSet":{"info":{"date":"20230116","occupation":"RND","channel":"MOCK","place":"ONLINE","gender":"MALE","ageRange":"55-","experience":"NEW"},"question":{"raw":{"text":"입사 후에 쉬운 일과 어려운 일이 있을 경우 그 일에 대한 분배를 어떻게 하실지 궁금합니다 그럴 때 일을 어떻게 나눠서 처리할 생각이신가요","wordCount":22},"emotion":[],"intent":[]},"answer":{"raw":{"text":"네 쉬운 일과 어려운 일이 있다면 저는 쉬운 일을 먼저 하겠습니다. 그래서 쉬운 일을 해결을 하고 난 뒤에 좀 더 어 어려운 일에 대한 어떤 시간을 좀 더 어 많이 투자하면서 좀 더 깊이 있게 생각하면서 어떤 나름대로의 어떤 깊이를 어 담는데 노력하겠습니다. 어려운 일은 아무래도 너무 덤벙거리면서 하면 어떤 좀 깊이 있는 음 답이 나오지 않지요. 결과가 나오지 않습니다. 그래서 충분한 시간을 갖고 아 깊이 있게 생각하면서 치밀한 어떤 아 짜임새 속에 그 일을 해낼 수 있게끔 하는 그 결과를 만들어내는 그런 과정을 갖는 것이 또한 중요하다고 생각합니다.","wordCount":89},"emotion":[],"intent":[{"text":"","expression":"","category":"attitude"}],"summary":{"text":"어려운 일을 먼저 해결하고 난 뒤에 시간을 좀 더 투자하면서 깊이 있게 생각하면서 어떤 짜임새 속에 그 일을 해낼 수 있게끔 하는 결과를 만들어내는 과정을 갖는 것이 중요하다고 생각합니다.","wordCount":29}}},"rawDataInfo":{"question":{"fileFormat":"wav","fileSize":368718,"duration":11520,"samplingBit":16,"channelCount":1,"samplingRate":"16kHz","audioPath":"/Mock/04.RND/Male/New/ckmk_q_rnd_m_n_341929.wav"},"answer":{"fileFormat":"wav","fileSize":2572878,"duration":80400,"samplingBit":16,"channelCount":1,"samplingRate":"16kHz","audioPath":"/Mock/04.RND/Male/New/ckmk_a_rnd_m_n_341929.wav"}}}