{"version":"1.0","dataSet":{"info":{"date":"20230116","occupation":"RND","channel":"MOCK","place":"ONLINE","gender":"MALE","ageRange":"55-","experience":"NEW"},"question":{"raw":{"text":"용접의 종류하고 그 특징에 대해서 설명해 주세요","wordCount":7},"emotion":[],"intent":[]},"answer":{"raw":{"text":"용접에는 많은 종류가 있습니다. 일렉트로 슬레그 용접도 있고 레이저 용접도 있고 전자 빔 용접도 있고 냉간 압접 용접도 있고 마찰 용접 폭발 용접 초음파 용접 전기 저항 용접 등 무수히 많은 용접 기술이 존재합니다. 이 모든 것을 다 익힐 수는 없고 그중에 자기 분야에 적합한 용접 기술을 몇 가지 익숙하게 익히는 것이 현명하다고 생각합니다.","wordCount":54},"emotion":[{"text":"일렉트로 슬레그 용접도 있고 레이저 용접도 있고 전자 빔 용접도 있고 냉간 압접 용접도 있고 마찰 용접 폭발 용접 초음파 용접 전기 저항 용접 등 무수히 많은 용접 기술이 존재합니다.","expression":"u-fact","category":"neutral"}],"intent":[{"text":"","expression":"","category":"attitude"}],"summary":{"text":"용접에는 많은 종류가 존재하지만 그 중에서 자기 분야에 적합한 용접 기술을 몇 가지 익숙하게 익히는 것이 현명하다고 생각합니다.","wordCount":18}}},"rawDataInfo":{"question":{"fileFormat":"wav","fileSize":243278,"duration":7600,"samplingBit":16,"channelCount":1,"samplingRate":"16kHz","audioPath":"/Mock/04.RND/Male/New/ckmk_q_rnd_m_n_335803.wav"},"answer":{"fileFormat":"wav","fileSize":1910478,"duration":59700,"samplingBit":16,"channelCount":1,"samplingRate":"16kHz","audioPath":"/Mock/04.RND/Male/New/ckmk_a_rnd_m_n_335803.wav"}}}