{"version":"1.0","dataSet":{"info":{"date":"20230116","occupation":"RND","channel":"MOCK","place":"ONLINE","gender":"MALE","ageRange":"55-","experience":"NEW"},"question":{"raw":{"text":"지원자님께서 본인이 현재 가지고 있는 위치보다 어려운 목표를 달성한 적이 있다면 해당 경험에 대해서 설명해 주실 수 있나요","wordCount":18},"emotion":[],"intent":[]},"answer":{"raw":{"text":"현재 가지고 있는 목표 달성 어 이것은 과연 그 과거에 제가 어 아이티 관련된 어 잡을 가지고 어 일을 시작하다가 한 십 한 오 년 정도의 경험 이후에 음 엔지오 단체에서 어 일을 한 십 이 년 정도 하였습니다. 그러다가 최근에 다시 제가 계획을 세운 것은 어 아이티 방향으로 다시 큰 방향을 턴 했다는 것입니다. 그래서 이슈가 되어 있는 아이티 쪽에서 나와있는 잘 아시겠지만 빅데이타 핀테크 에이아이 로봇 뭐 이런 부분에 대한 그 디지탈 강화에 대한 부분들이 정책적으로 나와 있는 부분을 어 뉴스 미디어를 통해서도 많이 접하고 있는데요. 특별히 제가 어 최근 한 몇 년 정도 어 짧은 기간이지만 한 이 년 이상을 어 이쪽에 에 파견을 두고 현재 준비를 하고 있습니다. 그래서 올해는 특별히 어 더 강화된 형태로 어 공부를 더 하고 있구요. 이것을 통해서 내년 사 월 정도에는 적어도 프로그램 개발자로서의 역할을 담당해 볼려고 이제 준비를 하고 있습니다. 감사합니다.","wordCount":141},"emotion":[],"intent":[{"text":"","expression":"","category":"attitude"}],"summary":{"text":"과거에 제가 아이티 관련 일을 하다 엔지오 단체에서 일을 한 십 이 년 정도 했습니다. 최근에 다시 계획을 세운 것은 아이티 방향으로 다시 큰 방향을 턴 했다는 것입니다. 올해 특별히 더 강화된 형태로 공부를 더 하고 내년에는 프로그램 개발자로서의 역할을 담당해 볼려고 준비하고 있습니다.","wordCount":44}}},"rawDataInfo":{"question":{"fileFormat":"wav","fileSize":608078,"duration":19000,"samplingBit":16,"channelCount":1,"samplingRate":"16kHz","audioPath":"/Mock/04.RND/Male/New/ckmk_q_rnd_m_n_319043.wav"},"answer":{"fileFormat":"wav","fileSize":3051598,"duration":95360,"samplingBit":16,"channelCount":1,"samplingRate":"16kHz","audioPath":"/Mock/04.RND/Male/New/ckmk_a_rnd_m_n_319043.wav"}}}