{"version":"1.0","dataSet":{"info":{"date":"20230116","occupation":"RND","channel":"MOCK","place":"ONLINE","gender":"MALE","ageRange":"35-44","experience":"NEW"},"question":{"raw":{"text":"본인은 스트레스를 받으면 어떻게 하시는지 궁금한데요 그리고 왜 그런 방법으로 스트레스를 해소하시는지 이유와 함께 설명해 주시기 바랍니다","wordCount":17},"emotion":[],"intent":[]},"answer":{"raw":{"text":"저는 스트레스를 받으면은 체육관에 가서 두 시간 넘게 근력 운동을 하는 것으로 스트레스를 해소합니다. 이전에는 매일 업무 시간 이후에 회사 동료들과 술 마시는 것으로 스트레스를 해소하곤 했습니다. 하지만 몸은 점점 안 좋아졌고 또 그 술자리가 또 다른 스트레스로 다가왔었기 때문에 그렇게 살면 안 되겠다는 마음에 운동을 진지하게 시작했습니다. 운동을 하고 나서는 오히려 업무에 능률도 오르고 몸이 건강해 짐에 따라 스트레스가 술을 마실 때보다 현저하게 줄어든 것을 제가 직접 체감하게 되었습니다. 그래서 저는 스트레스를 받을 때는 체육관에 가서 두 시간 글 이상 근력 운동하는 것으로 제 스트레스를 해소하고 있습니다.","wordCount":88},"emotion":[],"intent":[{"text":"","expression":"","category":"attitude"}],"summary":{"text":"저는 업무 시간 이후 회사 동료들과 술 마시는 것으로 스트레스를 해소하곤 했습니다. 하지만 몸이 안 좋아지면서 술자리가 또 다른 스트레스로 다가왔습니다. 운동을 하고 나서는 오히려 업무에 능률도 오르고 몸이 건강해짐에 따라 스트레스를 줄일 수 있었습니다.","wordCount":35}}},"rawDataInfo":{"question":{"fileFormat":"wav","fileSize":372238,"duration":11630,"samplingBit":16,"channelCount":1,"samplingRate":"16kHz","audioPath":"/Mock/04.RND/Male/New/ckmk_q_rnd_m_n_296186.wav"},"answer":{"fileFormat":"wav","fileSize":2408398,"duration":75260,"samplingBit":16,"channelCount":1,"samplingRate":"16kHz","audioPath":"/Mock/04.RND/Male/New/ckmk_a_rnd_m_n_296186.wav"}}}