{"version":"1.0","dataSet":{"info":{"date":"20230116","occupation":"RND","channel":"MOCK","place":"ONLINE","gender":"MALE","ageRange":"35-44","experience":"NEW"},"question":{"raw":{"text":"만약 지원자님께서 본인이 하고 싶은 직무 말고 다른 직무를 맡게 되신다면 어떻게 대처를 하실 건가요 그래도 괜찮으신지 여쭤보고 싶습니다","wordCount":19},"emotion":[],"intent":[]},"answer":{"raw":{"text":"어 저는 동의합니다. 그 회사에서 그 이런 인사권을 갖고 어떤 개인의 어떤 능력이라든지 특징에 맞게끔 이렇게 뭐 전직한다든지 업무 배치하는 것은 어 당연히 있을 수 있다고 생각을 합니다. 어 그리고 저는 이제 이런 배치가 있다는 것은 저 자신이 우선 긍정적으로 바라보고 싶은데 어 제가 모르는 또 안의 가능성을 어 회사의 누군가가 그것을 보고 나한테 성장할 수 있는 새로운 기회를 준 것이 아니겠는가 그런 고마운 마음을 일단 받아주겠습니다. 어 그리고 새로운 직무를 임하면서 저는 인제 그 기간을 설정하여 삼 개월 또는 육 개월 일정 기간을 설정하여 제가 새로운 직무를 하면서 인제 그 배우고 터득하고 또 적응해 나가는 기간을 어 목표 기간을 설정을 잡겠습니다. 그 기간 안에 새로운 직무에 대해서 어 적응을 확실하게 하고 그다음에 제가 이 직무를 어떻게 더 잘 활용하고 운용하고 발전해 나갈 수 있는지는 그 적응 뒤에 고민할 일이기 때문에 목표 단계를 나눠서 어 실시를 하겠고요. 어 만에 하나 제가 어떤 기간 안에 이 직무를 적응하는데 시간과 노력을 투자를 많이 했는데도 불구하고 진짜 뭔가 모르는 저 자신과 잘 안 맞는 부분이 있다 발견이 있었다 하면은 그때 그 인사라든지 팀장이라든지 진지하게 나눠서 업무를 다시 한 번 고민해 보도록 하겠습니다.","wordCount":179},"emotion":[],"intent":[{"text":"","expression":"","category":"attitude"}],"summary":{"text":"인사권을 갖고 개인의 특징에 맞게끔 전직한다든지 업무 배치하는 것은 당연히 있을 수 있다고 생각합니다. 새로운 직무를 임하면서 저는 삼 개월 또는 육 개월 일정 기간을 설정하여 새로운 직무에서 배우고 터득하고 또 적응해 나가는 기간을 어 목표 기간을 설정을 잡겠습니다. 그 기간 안에 새로운 직무에 대해서 적응을 확실히 하고 나중에 어떻게 운용하고 발전해 나갈 수 있는지는 목표를 나눠서 실시를 하겠습니다.","wordCount":59}}},"rawDataInfo":{"question":{"fileFormat":"wav","fileSize":530638,"duration":16580,"samplingBit":16,"channelCount":1,"samplingRate":"16kHz","audioPath":"/Mock/04.RND/Male/New/ckmk_q_rnd_m_n_344262.wav"},"answer":{"fileFormat":"wav","fileSize":3033678,"duration":94800,"samplingBit":16,"channelCount":1,"samplingRate":"16kHz","audioPath":"/Mock/04.RND/Male/New/ckmk_a_rnd_m_n_344262.wav"}}}