{"version":"1.0","dataSet":{"info":{"date":"20230116","occupation":"RND","channel":"MOCK","place":"ONLINE","gender":"MALE","ageRange":"-34","experience":"NEW"},"question":{"raw":{"text":"저희 회사 일의 특성상 야근이나 잔업 혹은 외근이 많아질 수도 있습니다 그래도 괜찮으실까요","wordCount":13},"emotion":[],"intent":[]},"answer":{"raw":{"text":"일의 특성상 야근이나 잔업 그리고 외근이 많을 수도 있다 는 것을 알고 지원했습니다. 그리고 저는 이러한 환경에 굉장히 익숙한데요. 제가 대학교 시절에 보안 업체에서 알바를 했던 경험이 있는데 당시 은행에 야간 보안 업체에 근무를 했던 적이 있습니다. 물론 처음에는 익숙하지 않은 환경에서 야간 근무를 하는 것이 쉽지 않았습니다. 하지만 시간이 지나다 보니 어느 정도 노하우가 생겼고 또 야간 근무의 장점도 있다는 것을 알게 되었는데요. 덕분에 저는 타인들은 보통 삼 개월에서 끝나는 업무를 무려 일 년 동안이나 성실히 수행할 수 있었고 당시에 정말 좋은 평가를 받았던 기억이 있습니다. 이렇듯 저는 야근을 해 본 경험이 굉장히 많기 때문에 일단 그 부분에 대한 걱정은 개인적으로 없습니다. 잔업 관련된 부분에 있어서는 제가 인턴 생활을 하면서 어 저와 관련이 없지만 조금 더 저에게 도움이 될 만한 업무들은 스스로 자처해서 잔업을 했던 기억이 있습니다. 저는 비록 인턴일지라도 제가 맡은 업무에 대해서는 프로다움이 있어야 된다고 생각 했기 때문에 잔업을 해서라도 저의 부족한 점을 채우기 위해 노력했는데요. 물론 체력적으로 조금 힘들기도 했고 제 시간을 뺏긴다는 생각이 들었던 적이 없는 것은 아니지만 결국에는 그 모든 시간이 도움이 되어 제가 이 자리에 올 수 있었기 때문에 저는 잘 해낼 수 있을 것이라 생각합니다.","wordCount":183},"emotion":[{"text":"제가 대학교 시절에 보안 업체에서 알바를 했던 경험이 있는데 당시 은행에 야간 보안 업체에 근무를 했던 적이 있습니다.","expression":"u-fact","category":"neutral"},{"text":"덕분에 저는 타인들은 보통 삼 개월에서 끝나는 업무를 무려 일 년 동안이나 성실히 수행할 수 있었고 당시에 정말 좋은 평가를 받았던 기억이 있습니다.","expression":"p-achievement","category":"positive"}],"intent":[{"text":"제가 대학교 시절에 보안 업체에서 알바를 했던 경험이 있는데 당시 은행에 야간 보안 업체에 근무를 했던 적이 있습니다.","expression":"c_private","category":"background"},{"text":"물론 처음에는 익숙하지 않은 환경에서 야간 근무를 하는 것이 쉽지 않았습니다.","expression":"c_private","category":"background"},{"text":"저는 비록 인턴일지라도 제가 맡은 업무에 대해서는 프로다움이 있어야 된다고 생각 했기 때문에 잔업을 해서라도 저의 부족한 점을 채우기 위해 노력했는데요.","expression":"c_value","category":"background"}],"summary":{"text":"업무 특성상 야근이나 잔업, 외근이 많을 수 있다는 것을 알고 지원했습니다. 처음에는 익숙하지 않은 환경에서 야간 근무를 하는 것이 쉽지 않았지만 노하우가 생기고 장점도 알게 되어 일 년 동안이나 성실히 수행할 수 있었습니다. 잔업 관련해서는 인턴 생활을 하면서 스스로 자처해서 잔업을 했습니다. 결국에는 모든 시간이 도움이 되어 제가 이 자리에 올 수 있었기 때문에 잘 해낼 수 있을 것이라 생각합니다.","wordCount":60}}},"rawDataInfo":{"question":{"fileFormat":"wav","fileSize":338318,"duration":10570,"samplingBit":16,"channelCount":1,"samplingRate":"16kHz","audioPath":"/Mock/04.RND/Male/New/ckmk_q_rnd_m_n_252375.wav"},"answer":{"fileFormat":"wav","fileSize":3809358,"duration":119040,"samplingBit":16,"channelCount":1,"samplingRate":"16kHz","audioPath":"/Mock/04.RND/Male/New/ckmk_a_rnd_m_n_252375.wav"}}}