{"version":"1.0","dataSet":{"info":{"date":"20230116","occupation":"RND","channel":"MOCK","place":"ONLINE","gender":"MALE","ageRange":"35-44","experience":"NEW"},"question":{"raw":{"text":"공동체의 가치에 입각해서 무형문화유산의 보호에 있어 적용되는 사회적 관념은 무엇이라고 생각하십니까","wordCount":11},"emotion":[],"intent":[]},"answer":{"raw":{"text":"공동체의 가치에 입각하여 무형 문화유산 보호에 적용되는 사회적 관념은 기본적으로 저는 투자라고 생각합니다. 왜냐하면 어 대부분에 무형 문화유산은 경제적으로 어 측정되는 특정한 것이 아니라 말 그대로 무형에 보이지 않는 어떤 것이기 때문에 음 기본적으로 이를 보호함에 있어서 어 큰 투자가 들어가야 된다고 생각합니다. 그래서 어 공동체의 모든 사람은 어 투자의 개념으로 보고 어 접근해야 된다고 생각합니다.","wordCount":56},"emotion":[],"intent":[{"text":"","expression":"","category":"attitude"}],"summary":{"text":"무형 문화유산은 측정되는 특정한 것이 아니라 무형에 보이지 않는 어떤 것이기 때문에 보호함에 있어 큰 투자가 들어가야 된다고 생각합니다.","wordCount":19}}},"rawDataInfo":{"question":{"fileFormat":"wav","fileSize":375118,"duration":11720,"samplingBit":16,"channelCount":1,"samplingRate":"16kHz","audioPath":"/Mock/04.RND/Male/New/ckmk_q_rnd_m_n_282628.wav"},"answer":{"fileFormat":"wav","fileSize":1864398,"duration":58260,"samplingBit":16,"channelCount":1,"samplingRate":"16kHz","audioPath":"/Mock/04.RND/Male/New/ckmk_a_rnd_m_n_282628.wav"}}}