{"version":"1.0","dataSet":{"info":{"date":"20230116","occupation":"RND","channel":"MOCK","place":"ONLINE","gender":"MALE","ageRange":"35-44","experience":"NEW"},"question":{"raw":{"text":"요즘 자동차 기술은 에이아이 인공지능이다 해서 하루가 다르게 발전하고 있습니다 수많은 자동차 관련 기술 가운데 지원자님께서 가장 유망하다고 생각하는 기술은 어떤 것인지 말씀해 주세요","wordCount":24},"emotion":[],"intent":[]},"answer":{"raw":{"text":"제가 생각하는 자동차 관련 기술 중 가장 유망하다고 생각하는 기술은 자율 주행입니다. 자율 주행을 하기 위해서는 자동차가 아주 많은 센싱 능력이 있어야 됩니다. 어 센서를 통해서 받아들인 정보를 어 처리하여 자동차에 바로 반영하는 그 기술이야말로 어 통신과 정보 처리 등에 최첨단을 달려야 완성이 된다는 것입니다. 그래서 저는 어 자율 주행 기술이 가장 유망하고 자율 주행 기술이 완성이 된다면 안전과도 직결된다고 생각합니다.","wordCount":61},"emotion":[],"intent":[{"text":"","expression":"","category":"attitude"}],"summary":{"text":"자율 주행 기술이 가장 유망하고 완성이 된다면 안전과도 직결된다고 생각합니다. 자동차가 센싱 능력이 있어야 자율 주행을 할 수 있기 때문입니다.","wordCount":20}}},"rawDataInfo":{"question":{"fileFormat":"wav","fileSize":632398,"duration":19760,"samplingBit":16,"channelCount":1,"samplingRate":"16kHz","audioPath":"/Mock/04.RND/Male/New/ckmk_q_rnd_m_n_291732.wav"},"answer":{"fileFormat":"wav","fileSize":1944398,"duration":60760,"samplingBit":16,"channelCount":1,"samplingRate":"16kHz","audioPath":"/Mock/04.RND/Male/New/ckmk_a_rnd_m_n_291732.wav"}}}