{"version":"1.0","dataSet":{"info":{"date":"20230116","occupation":"RND","channel":"MOCK","place":"ONLINE","gender":"MALE","ageRange":"45-54","experience":"NEW"},"question":{"raw":{"text":"사람들과 협업을 하면서 어려웠던 점이 있으셨나요 있다면 그 어려웠던 점을 어떻게 극복했는지로 말씀해 주세요","wordCount":14},"emotion":[],"intent":[]},"answer":{"raw":{"text":"네 사람들과 협업을 하면서 가장 어려웠던 점이 이 몇 가지 떠오르는 게 있습니다. 어 그때 어떻게 극복했는지도 어 답변을 드리겠습니다. 어 협업의 장점과 단점이 있다고 생각합니다. 장점은 음 많은 사람들의 아이디어를 모으고 어 또 정리를 하는 것이기 때문에 훨씬 더 고도의 어 어 효율성을 가지고 또 좋은 질의 에 결과물이 나올 수 있다고 생각을 합니다. 하지만 어 또한 단점은 그 협업을 하는 사람들의 마인드나 그 일에 임하는 자세가 어 바르게 되어 있지 않다면 상당히 힘든 부분이 있습니다. 어 적극적이고 적극적이고 주인 정신을 가지고 능동적으로 임하는 경우와 아 누구에게 의지하거나 어 그냥 얹혀서 가고자 하는 수동적인 마음을 갖고 어 작업에 임하는 어 팀 팀원들이 많다면 혼자 하는 것보다 더 어려운 점이 생깁니다. 하지만 어 목적의식이 뚜렷하게 설 수 있도록 잘 교육을 한다면 어느 정도 충분히 극복할 수 있는 단점입니다. 이상입니다.","wordCount":129},"emotion":[],"intent":[{"text":"","expression":"","category":"attitude"}],"summary":{"text":"협업의 장점은 많은 사람들의 아이디어를 모으고 정리를 하기 때문에 훨씬 더 고도의 효율성을 가지고 좋은 질의 결과물을 만들 수 있다고 생각합니다. 하지만 협업하는 사람들의 마음가짐이나 일에 임하는 자세가 바르게 되어 있지 않다면 상당히 힘든 부분이 있습니다.","wordCount":36}}},"rawDataInfo":{"question":{"fileFormat":"wav","fileSize":330958,"duration":10340,"samplingBit":16,"channelCount":1,"samplingRate":"16kHz","audioPath":"/Mock/04.RND/Male/New/ckmk_q_rnd_m_n_349696.wav"},"answer":{"fileFormat":"wav","fileSize":3720398,"duration":116260,"samplingBit":16,"channelCount":1,"samplingRate":"16kHz","audioPath":"/Mock/04.RND/Male/New/ckmk_a_rnd_m_n_349696.wav"}}}