{"version":"1.0","dataSet":{"info":{"date":"20230116","occupation":"RND","channel":"MOCK","place":"ONLINE","gender":"MALE","ageRange":"55-","experience":"NEW"},"question":{"raw":{"text":"몇 년 전 우버 택시와 관한 논란이 있었던 걸 알고 계실 텐데요 지원자님은 찬반양론에 대해 각각 어떤 생각을 가지고 계신가요","wordCount":20},"emotion":[],"intent":[]},"answer":{"raw":{"text":"네 우버 택시는 어 공유 경제 분야로 이해를 하고 있습니다. 먼저 공유 경제라 하면 어 산업이 발전됨에 따라서 그 우리의 한계 비용이 많이 줄어들고 또 그에 따라서 그 잉여 가치가 상당히 그 늘어나는 그런 형태에서 그 잉여 가치를 공유함으로써 제공하는 공급자나 사용하는 수요자가 공공 그 공동의 이익을 얻을 수 얻을 수 있는 그런 시스템이라고 이해합니다. 우보 택시 같은 그 자가용 공유 개념은 어 절대 필요하다고 생각합니다. 찬성합니다. 또 에어비앤비 같이 숙박 마찬가지로 찬성합니다. 물론 여기에서 어 지금 현재 국내의 법률 법하고 또 국내 산업하고 상충되는 부분이 있다고 이해를 하고 있습니다만 하지만 그러한 것은 어 하나의 이 기우이고 극복을 해야 될 하나의 과제라고 생각합니다. 이것을 정부나 관련 그 기관에서 잘 그 방안을 마련해서 해결을 하게 되면 이는 어 아주 좋은 그 경제 시스템이 되지 않을까 저는 찬성합니다.","wordCount":126},"emotion":[],"intent":[{"text":"","expression":"","category":"attitude"}],"summary":{"text":"우버 택시와 같은 공유 경제 분야는 산업이 발전함에 따라 발생하는 잉여 가치를 공유함으로써 공급자나 사용하는 수요자가 공동의 이익을 얻을 수 있는 시스템입니다. 자가용 공유 개념과 에어비앤비, 숙박은 찬성합니다. 국내 법률 법, 산업과 상충되는 부분이 있지만 극복해야 할 과제이며 정부나 관련 기관에서 해결하면 좋겠습니다.","wordCount":43}}},"rawDataInfo":{"question":{"fileFormat":"wav","fileSize":323278,"duration":10100,"samplingBit":16,"channelCount":1,"samplingRate":"16kHz","audioPath":"/Mock/04.RND/Male/New/ckmk_q_rnd_m_n_324713.wav"},"answer":{"fileFormat":"wav","fileSize":3701198,"duration":115660,"samplingBit":16,"channelCount":1,"samplingRate":"16kHz","audioPath":"/Mock/04.RND/Male/New/ckmk_a_rnd_m_n_324713.wav"}}}