{"version":"1.0","dataSet":{"info":{"date":"20230116","occupation":"RND","channel":"MOCK","place":"ONLINE","gender":"MALE","ageRange":"55-","experience":"NEW"},"question":{"raw":{"text":"현대사회에 없어서는 안 될 제일 중요하게 생각하시는 직업이 있다면 한 가지만 골라서 말씀해 주세요","wordCount":14},"emotion":[],"intent":[]},"answer":{"raw":{"text":"현대사회에서 가장 중요한 것은 물론 여러 가지 직업이 있겠지만 그중에서도 전기 전자 반도체에 대한 부분이 가장 중요한 요소로 현재 핵심적 요소로 되어 있다고 생각을 합니다. 잘 아시겠지만 에이아이 또 자율 주행 또 어 전기에 대한 부분이 얼마나 중요한가 에너지가 얼마나 중요한가 라고 하는 것이 같이 결합되어 있는 거죠. 그래서 한 가지만 가지고 생각할 수는 없지만 어 여러 방향에서 봤을 때 정부 정책도 전자 정부로서 역할을 하고 있고 또 군에서도 시뮬레이션을 통한 워게임을 하고 있고 현재 클라우드 시스템을 통한 모든 데이타가 집약적으로 가고 있고요. 그러한 형태의 그 데이타를 기반으로 해서 자율 주행을 현재 준비하고 있는 기업들이 많아지고 있고 또 현재 그렇게 수행을 하고 있습니다. 잘 아시겠지만 테슬라 같은 경우는 자율 주행의 에 레벨 완투쓰리포 중에서 마지막 단계에 와 있다 라고 뉴스 미디어를 통해서 들었습니다. 우리 기업에서는 현대 자동차와 기아 자동차와 그 외 우리 이 브랜드를 가지고 있는 자동차 업계에서도 마찬가지로 준비를 하고 있는데요. 굉장히 중요한 어 요소라고 생각을 하고 있습니다.","wordCount":149},"emotion":[{"text":"잘 아시겠지만 테슬라 같은 경우는 자율 주행의 에 레벨 완투쓰리포 중에서 마지막 단계에 와 있다 라고 뉴스 미디어를 통해서 들었습니다.","expression":"u-fact","category":"neutral"}],"intent":[{"text":"","expression":"","category":"attitude"}],"summary":{"text":"현대사회에서 가장 중요한 것은 전기 전자 반도체에 대한 부분인데 정부 정책도 전자 정부로서 역할을 하고 있고 군에서도 시뮬레이션을 통한 워게임을 하고 있고 클라우드 시스템을 통한 모든 데이터가 집약적으로 가고 있고 그러한 형태의 그 데이타를 기반으로 해서 자율 주행을 현재 준비하고 있는 기업들이 많아지고 있고 그렇게 수행을 하고 있습니다.","wordCount":48}}},"rawDataInfo":{"question":{"fileFormat":"wav","fileSize":261198,"duration":8160,"samplingBit":16,"channelCount":1,"samplingRate":"16kHz","audioPath":"/Mock/04.RND/Male/New/ckmk_q_rnd_m_n_319044.wav"},"answer":{"fileFormat":"wav","fileSize":3083598,"duration":96360,"samplingBit":16,"channelCount":1,"samplingRate":"16kHz","audioPath":"/Mock/04.RND/Male/New/ckmk_a_rnd_m_n_319044.wav"}}}