{"version":"1.0","dataSet":{"info":{"date":"20230116","occupation":"RND","channel":"MOCK","place":"ONLINE","gender":"MALE","ageRange":"-34","experience":"NEW"},"question":{"raw":{"text":"대학에서 기초학문을 꽤 이수하셨는데요 본인이 생각할 때 기초학문이 얼마나 중요한지 그 중요성에 관해 설명해 주시겠어요","wordCount":15},"emotion":[],"intent":[]},"answer":{"raw":{"text":"뭐 기초학은 중요하죠. 마치 그 좀 이런 비유은 좀 그렇지만 그 우리 뭐 여성분들이 주로 많이 화장을 했을 때 기초 화장 하고 아까 똑같은 경우가 아닐까요. 기초 화장이 잘 돼 있어야지 그 색채 화장이라든지 눈썹이라든지 모든 그림이 아주 이쁘게 잘 나올 수 있지만 그 기초 부분이 잘못되거나 취약하다면은 이 그 위에 이 아무리 좋은 색채 화장이라든지 이런 것을 갖다가 덧붙여 봐야 좋은 그 화장이라든지 그림이 나올 수가 없습니다. 마찬가지로 우리 과학에 있어서도 기초학문이 가장 중요합니다. 기초가 튼튼해야 그 우리 그 모든 과학적인 그런 그 공학이라든지 과학이라든지 모든 면에서 앞으로 미래가 튼튼하게 발전할 수가 있을 거라고 생각합니다. 이거는 뭐 너무나 중요하기 때문에 여기서 뭐 제가 강조할 부분 아니라고 생각합니다.","wordCount":108},"emotion":[],"intent":[{"text":"","expression":"","category":"attitude"}],"summary":{"text":"기초 화장이 잘 돼 있어야 색채 화장, 눈썹 등 그림도 잘 나올 수 있지만 기초 부분이 잘못되거나 취약하면은 위에 아무리 좋은 색채 화장이라도 덧붙여 봐야 좋은 화장이 나올 수 없습니다. 기초가 튼튼해야 모든 면에서 미래가 튼튼하게 발전할 수 있습니다.","wordCount":39}}},"rawDataInfo":{"question":{"fileFormat":"wav","fileSize":377678,"duration":11800,"samplingBit":16,"channelCount":1,"samplingRate":"16kHz","audioPath":"/Mock/04.RND/Male/New/ckmk_q_rnd_m_n_294744.wav"},"answer":{"fileFormat":"wav","fileSize":2058958,"duration":64340,"samplingBit":16,"channelCount":1,"samplingRate":"16kHz","audioPath":"/Mock/04.RND/Male/New/ckmk_a_rnd_m_n_294744.wav"}}}