{"version":"1.0","dataSet":{"info":{"date":"20230116","occupation":"RND","channel":"MOCK","place":"ONLINE","gender":"MALE","ageRange":"45-54","experience":"NEW"},"question":{"raw":{"text":"오늘 면접을 준비하시느라 고생을 많이 하셨습니다 어떤 방식으로 면접을 준비하셨는지 설명해 주실 수 있으실까요","wordCount":14},"emotion":[],"intent":[]},"answer":{"raw":{"text":"네 제가 면접 준비를 어 나름대로 준비를 했습니다. 음 어떤 방식으로 면접을 주시 준비 했는지 질문해 주셨는데 음 그것은 음 이 회사가 어떤 일을 하고 있는지 그리고 어떠한 비전을 가지고 있고 어떠한 목표를 가지고 있는지에 대해서 어 나름대로 어 조사하고 거기에 대한 음 제 나름대로의 회사 생활에 대해서 어 어떻게 할 것인가에 대한 계획을 어 세워 봤습니다. 그리고 어 예상된 면접 질문에 대해서도 어 여러 가지 어 질문 리스트를 뽑아서 어 예상 질문에 대한 답변을 하는 연습을 했습니다. 어 그리고 어 무엇보다도 제가 이 회사에 어 어 입사를 하고자 하는 동기가 무엇인지 그리고 그 이루고자 하는 목표가 무엇인지에 대해서도 깊이 고민을 하고 그 다음에 어 입사를 할 해야 되겠다는 결정을 내린 어 이유에 대해서도 제가 다시 한 번 더 어 되새겨 봤습니다. 그것이 어 면접 준비에 대한 가장 중요한 요소 라고 생각을 합니다. 이상입니다.","wordCount":134},"emotion":[],"intent":[{"text":"","expression":"","category":"attitude"}],"summary":{"text":"회사가 어떤 일을 하고 있는지, 어떤 비전과 목표를 가지고 있는지 조사하고 회사 생활에 대해 계획을 세워봤습니다. 그리고 예상된 면접 질문에 대해 예상 질문에 대한 답변을 했습니다. 무엇보다 입사를 하고자 하는 동기와 이루고자 하는 목표가 무엇인지에 대해 고민했습니다.","wordCount":37}}},"rawDataInfo":{"question":{"fileFormat":"wav","fileSize":352078,"duration":11000,"samplingBit":16,"channelCount":1,"samplingRate":"16kHz","audioPath":"/Mock/04.RND/Male/New/ckmk_q_rnd_m_n_337063.wav"},"answer":{"fileFormat":"wav","fileSize":3577358,"duration":111790,"samplingBit":16,"channelCount":1,"samplingRate":"16kHz","audioPath":"/Mock/04.RND/Male/New/ckmk_a_rnd_m_n_337063.wav"}}}