{"version":"1.0","dataSet":{"info":{"date":"20230116","occupation":"RND","channel":"MOCK","place":"ONLINE","gender":"MALE","ageRange":"45-54","experience":"NEW"},"question":{"raw":{"text":"네이버 다음 구글의 검색을 비교해 보시고 각각 검색 엔진들의 차이점과 장단점에 대해 말씀 부탁드립니다","wordCount":14},"emotion":[],"intent":[]},"answer":{"raw":{"text":"네 네이버 다음 구글 어 이 포털 사이트에 대해서 검색을 어 자주 해 본 편은 아니지만 어 특히나 구글 사이트로 검색을 하는 경우가 많지는 않았습니다. 하지만 제 기억대로 어 말씀을 드리자면 음 정보는 구글이 어 훨씬 더 많이 있었던 걸로 기억을 합니다. 그 다음에는 네이버였고 그 다음에는 다음이었던 것 같습니다. 제가 아주 짧은 경험을 통해서 어 답변을 드린 것이어서 사실과는 다를 수가 있습니다. 제가 검색을 했을 때 어떠한 어 주제나 제목으로 검색을 했을 때 관련된 정보가 어 연관된 정보가 구글이 가장 많았고 자세하고 어 깊은 어 전문 지식들이 있었던 것 같습니다. 그리고 네이버가 그 다음으로 많았던 것 같고 다음은 어 정보가 어 구글이나 네이버보다는 좀 부족했던 것 주로 기억을 합니다. 장점은 네이버와 다음은 음 우리나라 어 포털사이트이기 때문에 에 좀 쉽게 접근할 수 있었던 부분이 있었고 구글은 음 조금 어려운 부분이 있었습니다. 이상입니다.","wordCount":133},"emotion":[],"intent":[{"text":"","expression":"","category":"attitude"}],"summary":{"text":"정보가 많이 있었던 건 구글보다 네이버가 훨씬 더 많았던 걸로 기억합니다. 연관 정보가 구글이 가장 많았고 자세하고 깊은 전문 지식들이 있었습니다. 정보가 좀 부족했던 건 주로 네이버와 다음은 우리나라 포털사이트이기 때문에 에 쉽게 접근할 수 있었던 부분이 있었고 구글은 조금 어려웠습니다.","wordCount":41}}},"rawDataInfo":{"question":{"fileFormat":"wav","fileSize":326478,"duration":10200,"samplingBit":16,"channelCount":1,"samplingRate":"16kHz","audioPath":"/Mock/04.RND/Male/New/ckmk_q_rnd_m_n_337067.wav"},"answer":{"fileFormat":"wav","fileSize":3735118,"duration":116720,"samplingBit":16,"channelCount":1,"samplingRate":"16kHz","audioPath":"/Mock/04.RND/Male/New/ckmk_a_rnd_m_n_337067.wav"}}}