{"version":"1.0","dataSet":{"info":{"date":"20230116","occupation":"RND","channel":"MOCK","place":"ONLINE","gender":"MALE","ageRange":"35-44","experience":"NEW"},"question":{"raw":{"text":"지원자님께서는 본인이 팀장에 더 잘 맞을 것 같은지 아니면 팀원에 더 잘 맞을 것 같은지 또 그렇게 생각하시는 이유는 무엇인지 궁금합니다 설명해 주시기를 바랍니다","wordCount":24},"emotion":[],"intent":[]},"answer":{"raw":{"text":"저는 팀장으로서 팀원들을 이끄는 것을 해 보고 싶습니다 그러기 위해서는 먼저 리더십을 갖추고 솔선 수범해야 한다고 생각합니다. 팀장이 되어서 일은 하지 않고 부하 직원들에게 시키기만 한다면 좋은 팀장이 될 수 없습니다. 먼저 팀장이 앞서서 일을 하고 앞장서서 나아가고 무슨 일이든지 본을 보인다 라고 하면 자연스럽게 팀원들은 따라오기 마련입니다. 그래서 저는 이런 경험들을 잘 하기 위해 대학교 때와 전 회사에서 이런 경험들을 경험한 적이 있습니다. 그래서 저는 팀장으로서 팀원들을 잘 독려하고 또 팀원들이 회사 생활할 때에 어려움 없이 잘 이끌어 줄 수 있는 또 모든 일에 솔선수범 할 수 있는 팀장이 되어보고 싶습니다.","wordCount":92},"emotion":[],"intent":[{"text":"","expression":"","category":"attitude"}],"summary":{"text":"저는 팀장으로서 팀원들을 잘 독려하고 회사 생활할 때에 어려움 없이 잘 이끌어 줄 수 있는 또 모든 일에 솔선수범 할 수 있는 팀장이 되고 싶습니다.","wordCount":25}}},"rawDataInfo":{"question":{"fileFormat":"wav","fileSize":473678,"duration":14800,"samplingBit":16,"channelCount":1,"samplingRate":"16kHz","audioPath":"/Mock/04.RND/Male/New/ckmk_q_rnd_m_n_327756.wav"},"answer":{"fileFormat":"wav","fileSize":2234318,"duration":69820,"samplingBit":16,"channelCount":1,"samplingRate":"16kHz","audioPath":"/Mock/04.RND/Male/New/ckmk_a_rnd_m_n_327756.wav"}}}