{"version":"1.0","dataSet":{"info":{"date":"20230116","occupation":"RND","channel":"MOCK","place":"ONLINE","gender":"MALE","ageRange":"55-","experience":"NEW"},"question":{"raw":{"text":"오늘 오시느라 정말 고생을 많이 하셨을 텐데 지원자님께서는 오늘에 면접을 위해서 어떤 방식으로 준비해 오셨는지 답변해 주실 수 있을까요","wordCount":19},"emotion":[],"intent":[]},"answer":{"raw":{"text":"뭐 어 면접이라고 하니까 굉장히 인제 좀 긴장되기도 하고 어 과연 잘 어 내가 면접을 잘 볼 수 있을까 라는 의구심도 들고 그래서 긴장을 많이 했습니다. 하고 어 모두가 다 긴장되지 않겠습니까. 어 이거는 당락을 이루는 그런 중요한 문이기 때문에 음 저는 뭐 달리 그 면접에 대해서 뭐 어떤 방식으로 준비했다기보다는 어 연륜이 있고 그리고 또 과거에 내가 어 해왔던 어 그런 일들이나 그런 실적들이 있고 그래서 그걸 바탕으로 해서 내가 어 확신할 수 있는 그런 부분에 더 어 주목해서 더 완성도 있게 집중적으로 준비를 했습니다. 뭐 자신이 없는 부분은 자신이 없는 그런 어떤 이유도 있을 것이고 자신이 있는 부분은 확실하게 그 완성도 있게 어 집중력을 행사해야 될 부분이라고 생각하 했습니다.","wordCount":111},"emotion":[{"text":"뭐 어 면접이라고 하니까 굉장히 인제 좀 긴장되기도 하고 어 과연 잘 어 내가 면접을 잘 볼 수 있을까 라는 의구심도 들고 그래서 긴장을 많이 했습니다.","expression":"n-anxiety","category":"negative"}],"intent":[{"text":"","expression":"","category":"attitude"}],"summary":{"text":"면접이 당락을 결정하는 중요한 문이기 때문에 연륜, 과거 업무, 실적들을 바탕으로 제가 확신할 수 있는 부분에 집중해서 완성도 있게 준비할 것이고 자신이 있는 부분은 완성도 있게 집중력을 행사해야 될 부분이라고 생각하였습니다.","wordCount":31}}},"rawDataInfo":{"question":{"fileFormat":"wav","fileSize":557838,"duration":17430,"samplingBit":16,"channelCount":1,"samplingRate":"16kHz","audioPath":"/Mock/04.RND/Male/New/ckmk_q_rnd_m_n_247571.wav"},"answer":{"fileFormat":"wav","fileSize":2871118,"duration":89720,"samplingBit":16,"channelCount":1,"samplingRate":"16kHz","audioPath":"/Mock/04.RND/Male/New/ckmk_a_rnd_m_n_247571.wav"}}}