{"version":"1.0","dataSet":{"info":{"date":"20230116","occupation":"RND","channel":"MOCK","place":"ONLINE","gender":"MALE","ageRange":"35-44","experience":"NEW"},"question":{"raw":{"text":"지원자님께서는 휴식을 취할 때 주로 어떤 일을 하면서 휴식을 취하는지 궁금한데요 왜 그 방법으로 휴식을 취하는지도 함께 답변해 주시기 바랍니다","wordCount":20},"emotion":[],"intent":[]},"answer":{"raw":{"text":"휴식을 취할 때 저는 주로 야외에서 운동을 합니다. 한강이나 남산을 두 시간에서 세 시간 걷는다던지 아니면 한강 위에서 수상 레포츠를 즐깁니다. 이 전에는 업무가 많고 스트레스가 많아 휴식 시간에는 그저 티비를 보거나 잠을 자고 맥주를 마시며 스트레스를 해소하곤 했습니다. 하지만 매일 회사에서 가만히 책상 앞에 앉아있는 것도 모잘라 주말에도 집에서만 박혀있는 제 자신을 생각할 때 너무 우울해졌습니다. 그래서 일단은 걷기부터 시작을 하였고 그 이후에는 한강에서 수상 레포츠 활동도 시작하였습니다. 몸을 움직이니 잠도 더 잘 오게 되고 한 주를 기다리는 즐거움에 일을 하는 시간도 잘 버틸 수 있었습니다. 그래서 저는 휴식을 취할 때는 주로 야외에서 운동을 하고 있습니다.","wordCount":97},"emotion":[{"text":"하지만 매일 회사에서 가만히 책상 앞에 앉아있는 것도 모잘라 주말에도 집에서만 박혀있는 제 자신을 생각할 때 너무 우울해졌습니다.","expression":"n-distress","category":"negative"}],"intent":[{"text":"","expression":"","category":"attitude"}],"summary":{"text":"업무가 많아 휴식 시간에 티비나 잠만 자는 제 자신을 생각할 때 우울해져서 일단 걷기부터 시작했고 이후에는 한강에서 수상 레포츠 활동도 시작했습니다. 몸을 움직이니 잠도 잘 오고 일을 하는 시간도 잘 버틸 수 있어서 주로 야외에서 운동을 하고 있습니다.","wordCount":38}}},"rawDataInfo":{"question":{"fileFormat":"wav","fileSize":391118,"duration":12220,"samplingBit":16,"channelCount":1,"samplingRate":"16kHz","audioPath":"/Mock/04.RND/Male/New/ckmk_q_rnd_m_n_296184.wav"},"answer":{"fileFormat":"wav","fileSize":2795278,"duration":87350,"samplingBit":16,"channelCount":1,"samplingRate":"16kHz","audioPath":"/Mock/04.RND/Male/New/ckmk_a_rnd_m_n_296184.wav"}}}