{"version":"1.0","dataSet":{"info":{"date":"20230116","occupation":"RND","channel":"MOCK","place":"ONLINE","gender":"MALE","ageRange":"-34","experience":"NEW"},"question":{"raw":{"text":"오늘 면접을 보기 위해서 여러 가지 준비를 하고 또 고생도 많이 하셨을 텐데요 어떤 방식으로 면접을 준비하셨는지 말씀해 주시기 바랍니다","wordCount":20},"emotion":[],"intent":[]},"answer":{"raw":{"text":"어 답변 드리기에 앞서서 어 고생 많이 하셨다고 말씀해 주셔서 정말 감사합니다. 하지만 저 이 기업의 면접 준비하는 과정은 제가 워낙 입사하고 싶었던 기업이었던 탓에 그렇게 고생은 아니었던 것 같습니다. 면접 준비된 자소서와 그리고 기업의 현재 진행하고 있는 사업에 대한 분석을 위주로 진행했습니다. 자기소개서에 있는 내용은 제가 충분히 숙지하고 있는 사실을 바탕으로 작성된 사실이 내용이기 때문에 크게 중요하게 중시하지 않고 혹시 제가 빼먹은 부분이 있나 한 두 번 더 읽어보는 쪽으로 진행했습니다. 어 또한 가장 중점을 뒀던 건 어 기업이 현재 진행하고 있는 사업 방향에 대해 파악하는 것이었습니다. 포털 사이트에 기업명을 검색하고 최신 순으로 뉴스를 정렬해 놓고 한 번 읽어보면서 어 기업이 현재 진행하고 있는 사업 방향 방향이 어느 방향인지 그리고 그 사업 방향이 현재 사업 시장이 어떠한 현황을 보이고 있는지 시장 내에서 기업의 위치는 어느 정도인지 확인을 하는데 그런 주를 두었습니다. 또한 기업의 인재상과 제가 부합하는 인재인지 다시 한번 확인하기 위해 채용 사이트에 기재되어 있는 인재상에 관한 내용을 많이 접했던 것 같습니다.","wordCount":153},"emotion":[],"intent":[{"text":"","expression":"","category":"attitude"}],"summary":{"text":"기업의 현재 진행하고 있는 사업에 대한 분석과 기업의 인재상을  알아보고 면접을 준비했으며 자소서와 기업의 현재 진행중인 사업에 대한 분석을 위주로 준비했습니다.","wordCount":21}}},"rawDataInfo":{"question":{"fileFormat":"wav","fileSize":445518,"duration":13920,"samplingBit":16,"channelCount":1,"samplingRate":"16kHz","audioPath":"/Mock/04.RND/Male/New/ckmk_q_rnd_m_n_328953.wav"},"answer":{"fileFormat":"wav","fileSize":2265678,"duration":70800,"samplingBit":16,"channelCount":1,"samplingRate":"16kHz","audioPath":"/Mock/04.RND/Male/New/ckmk_a_rnd_m_n_328953.wav"}}}