{"version":"1.0","dataSet":{"info":{"date":"20230116","occupation":"RND","channel":"MOCK","place":"ONLINE","gender":"MALE","ageRange":"55-","experience":"NEW"},"question":{"raw":{"text":"지원자님께서는 자신의 노년이 어떤 모습이었으면 좋겠다고 생각을 하십니까 자신이 생각할 때 이상적인 노년의 모습은 어떠한 모습인지 구체적으로 말씀해 주시기 바랍니다","wordCount":20},"emotion":[],"intent":[]},"answer":{"raw":{"text":"저는 곧 노년될 수 있는 그런 나이겠네요. 지금 사실은 연령에 어떤 그런 선이 없어서 뭐 이미 그 결혼 적령기라는 그런 과거 개념도 이제 없어져 버렸고 그리고 청년이라는 개념도 없어졌고요. 시골에 오니까 육십 또 청년이라고 이야기를 하니까 노년이 참 모호하죠. 제가 볼 때는 노년이라고 하면은 어 팔십 대를 이야기하지 않나 하는 생각이 들고 그래서 저는 한 뭐 육십 부터 칠십 약 한 앞으로 한 십 오 년 십 칠 년 정도까지는 아마 노년을 준비하는 시간이라고 생각이 듭니다. 그래서 요 시간을 내가 생각하는 목표나 계획대로 꾸준히 가다보면 제 그 노년의 모습은 어 매일 한동에 어 펜션을 통해서 어 한 달에 어 제법 많은 나와는 다른 인생 다른 모습을 가진 다른 연양대에 사람들을 계속 만날 수 있을 거라고 생각합니다. 그래서 고걸 준비하고 있습니다. 어 뭐 한동을 가지고 그 한 채 집을 가지고 펜션을 하기 때문에 뭐 한 가족 아 내지는 두 가족이 같이 쓸 수 있도록 하고 그리고 어 독립된 동으로 그렇게 만들 거기 때문에 아마 좋은 뭐 그 만남들도 많이 있을 거라고 기대하고 있습니다.","wordCount":162},"emotion":[{"text":"어 뭐 한동을 가지고 그 한 채 집을 가지고 펜션을 하기 때문에 뭐 한 가족 아 내지는 두 가족이 같이 쓸 수 있도록 하고 그리고 어 독립된 동으로 그렇게 만들 거기 때문에 아마 좋은 뭐 그 만남들도 많이 있을 거라고 기대하고 있습니다.","expression":"p-interest","category":"positive"}],"intent":[{"text":"","expression":"","category":"attitude"}],"summary":{"text":"결혼 적령기 개념도 없고 청년이라는 개념도 없어졌고, 시골에 오니 노년이 참 모호합니다. 앞으로 한 십 오 년 십 칠 년 정도까지는 아마 노년을 준비하는 시간이라 생각합니다. 매일 한동에 펜션을 통해 또 다른 인생 다른 모습을 가진 사람들을 만날 수 있을 것이라고 생각합니다.","wordCount":42}}},"rawDataInfo":{"question":{"fileFormat":"wav","fileSize":599118,"duration":18720,"samplingBit":16,"channelCount":1,"samplingRate":"16kHz","audioPath":"/Mock/04.RND/Male/New/ckmk_q_rnd_m_n_246524.wav"},"answer":{"fileFormat":"wav","fileSize":3592078,"duration":112250,"samplingBit":16,"channelCount":1,"samplingRate":"16kHz","audioPath":"/Mock/04.RND/Male/New/ckmk_a_rnd_m_n_246524.wav"}}}