{"version":"1.0","dataSet":{"info":{"date":"20230116","occupation":"RND","channel":"MOCK","place":"ONLINE","gender":"MALE","ageRange":"35-44","experience":"NEW"},"question":{"raw":{"text":"커뮤니케이션을 잘 할 수 있는 본인만의 스킬이 있으신가요 한 번 소개해 주실 수 있다면 직접 보여주셔도 굉장히 좋을 것 같습니다","wordCount":20},"emotion":[],"intent":[]},"answer":{"raw":{"text":"어 가장 기본적인 어 스킬이라고 한다면 좀 좋은 표정으로 웃는 표정으로 말하는 게 아닐까 생각합니다. 어 예전부터 웃는 낯에 침 못 뱉는다 라는 말이 있듯이 음 상대방이 기분 좋아지는 표정으로 어 상대방과 커뮤니케이션을 하고 음 이야기를 한다면 어 훨씬 더 상대방도 어떤 경계심을 어 좀 낮추게 되고 좀 더 편안한 분위기에서 좋은 소통을 할 수 있지 않을까 생각합니다. 어 그래서 좀 웃는 것을 연습하는 걸 저는 좀 중요하게 생각하는데요. 어 억지로 웃는 뭐 이런 게 가식적인 웃음이 아닌 음 대화를 하면서 좀 포근하고 편안하게 좀 웃을 수 있는 표정을 지으려고 노력을 많이 합니다. 어 그리고 보통 그런 연습들은 주변 가까운 사람들이랑 있을 때 많이 하게 되는 것 같은데요. 어 처음에는 좀 안되고 어 정말 어색하고 좀 부자연스러웠다 라고 하면 어 좀 편안한 상대들을 어 보면서 이렇게 하다 보니까 어 생각보다 좀 빠르게 편안해지고 음 어 좀 상대방의 의견들도 어 예전보다 커뮤니케이션을 하고 소통을 하고 대화를 하는데 훨씬 더 어 호감을 느낀다 라고 말씀을 해 주시더라구요. 그래서 저는 웃는 표정 온화한 표정 등이 참 중요한 기본적이지만 중요한 부분이라고 생각합니다.","wordCount":168},"emotion":[],"intent":[{"text":"","expression":"","category":"attitude"}],"summary":{"text":"상대방이 기분 좋아지는 표정으로 커뮤니케이션을 하고 이야기를 한다면, 경계심을 낮추게 되고 편안한 분위기에서 좋은 소통을 할 수 있습니다. 대화를 하면서 포근하고 편안한 표정을 지으려고 노력을 많이 합니다. 주변 사람들이랑 있을 때 많이 하는데, 이렇게 하다 보니 훨씬 더 편하게 느껴집니다. 그래서 저는 웃는 표정 온화한 표정 등이 참 중요한 부분이라고 생각합니다.","wordCount":51}}},"rawDataInfo":{"question":{"fileFormat":"wav","fileSize":580558,"duration":18140,"samplingBit":16,"channelCount":1,"samplingRate":"16kHz","audioPath":"/Mock/04.RND/Male/New/ckmk_q_rnd_m_n_257226.wav"},"answer":{"fileFormat":"wav","fileSize":3838158,"duration":119940,"samplingBit":16,"channelCount":1,"samplingRate":"16kHz","audioPath":"/Mock/04.RND/Male/New/ckmk_a_rnd_m_n_257226.wav"}}}