{"version":"1.0","dataSet":{"info":{"date":"20230116","occupation":"RND","channel":"MOCK","place":"ONLINE","gender":"MALE","ageRange":"55-","experience":"NEW"},"question":{"raw":{"text":"만약 이 면접에서 최종 탈락하신다면 지원자님은 본인의 어떤 점이 부족해서 탈락했다고 생각하실 것 같으세요 솔직하게 말씀 부탁드립니다","wordCount":17},"emotion":[],"intent":[]},"answer":{"raw":{"text":"면접에서 최종적으로 탈락을 한다면 저의 그 약한 부분은 제 생각으로는 제가 가지고 있는 그 식견이나 그 역량에 대해서 충분하게 설명을 못 드렸다는 생각을 합니다. 따라서 앞으로 제가 가지고 있는 생각 지식 또한 어 여러 가지 역량들을 어 적극적으로 또 효과적으로 표출을 해서 이해시키는 데 그 어 역점을 두고 새로이 준비를 하겠습니다. 또한 여러 분야에 대한 그 지식이나 정보들을 좀 더 많이 연구를 하고 또 그에 대한 어 식견을 함양하는 데도 더 노력을 하겠습니다.","wordCount":73},"emotion":[],"intent":[{"text":"","expression":"","category":"attitude"}],"summary":{"text":"면접에서 탈락하게 된다면 부족한 식견이나 역량에 대해 충분히 설명하지 못한 것 같습니다. 앞으로 지식이나 정보들을 더 많이 연구하고 그에 대한 식 견을 함양하는 데 더 노력하겠습니다.","wordCount":26}}},"rawDataInfo":{"question":{"fileFormat":"wav","fileSize":609998,"duration":19060,"samplingBit":16,"channelCount":1,"samplingRate":"16kHz","audioPath":"/Mock/04.RND/Male/New/ckmk_q_rnd_m_n_286970.wav"},"answer":{"fileFormat":"wav","fileSize":2529358,"duration":79040,"samplingBit":16,"channelCount":1,"samplingRate":"16kHz","audioPath":"/Mock/04.RND/Male/New/ckmk_a_rnd_m_n_286970.wav"}}}