{"version":"1.0","dataSet":{"info":{"date":"20230116","occupation":"RND","channel":"MOCK","place":"ONLINE","gender":"MALE","ageRange":"35-44","experience":"NEW"},"question":{"raw":{"text":"만약 지원자님께서 지금 지원하신 이 직무가 아닌 다른 부서에 배치되게 된다면 어떻게 하실 건지 그래도 업무가 가능한지 의견을 들어보고 싶습니다","wordCount":20},"emotion":[],"intent":[]},"answer":{"raw":{"text":"어 저는 뭐 사실 업무적인 것보다 분위기를 중요하게 생각하기 때문에 어 그 부서에서도 음 분위기만 괜찮다면 어 좀 친근하게 이것저것 물어보면서 잘 배워 가지고 어 적응할 수 있을 것 같습니다. 아 지금 생각에는 어 좀 제가 어 웃는 얼굴로 다가와서 뭐 알려 달라고 하고 좀 좋은 분위기로 좋게 어 얘기하면 금방 잘 적응해서 어 그 업무도 좀 잘 해내게끔 음 그 업무에 대한 어떤 재미있는 좋은 점들을 찾아서 하지 않을까 라고 생각을 합니다. 어 만약에 너무 안 맞는 직무를 하는 부서에 배치가 된다면 음 제가 했던 노력들을 말씀드리고 음 또 이 직무가 왜 안 맞는지도 좀 어 최대한 공손하게 말씀을 드리고 또 다른 부서나 아니면은 제가 원래 원했던 부서로 좀 옮겨주실 수 없냐 라고 요청을 드릴 것 같습니다. 어 하지만 그럴 일보다 좀 제가 어 잘 적응할 수 있는 가능성이 훨씬 더 높다 라고 저는 생각합니다.","wordCount":136},"emotion":[],"intent":[{"text":"","expression":"","category":"attitude"}],"summary":{"text":"저는 업무보다 분위기를 중요하게 생각하기 때문에, 그 부서에서도 분위기를 좋게 만들면 잘 적응할 수 있을 것 같습니다. 부서의 배치가 잘 맞는다면 제가 했던 노력과 직무에 대한 공손한 말씀을 드리고 다른 부서로의 이동을 요청할 것입니다. 하지만 그 일보다 적응할 가능성이 더 높다고 생각합니다.","wordCount":42}}},"rawDataInfo":{"question":{"fileFormat":"wav","fileSize":492878,"duration":15400,"samplingBit":16,"channelCount":1,"samplingRate":"16kHz","audioPath":"/Mock/04.RND/Male/New/ckmk_q_rnd_m_n_279735.wav"},"answer":{"fileFormat":"wav","fileSize":3317198,"duration":103660,"samplingBit":16,"channelCount":1,"samplingRate":"16kHz","audioPath":"/Mock/04.RND/Male/New/ckmk_a_rnd_m_n_279735.wav"}}}