{
    "version": "1.0",
    "dataSet": {
        "info": {
            "date": "20230116",
            "occupation": "RND",
            "channel": "MOCK",
            "place": "ONLINE",
            "gender": "MALE",
            "ageRange": "45-54",
            "experience": "NEW"
        },
        "question": {
            "raw": {
                "text": "회사에 입사를 했더니 업무 내용이나 강도가 지원자님이 예상했던 것보다 많이 다르다면 어떻게 하시겠습니까",
                "wordCount": 13
            },
            "emotion": [],
            "intent": []
        },
        "answer": {
            "raw": {
                "text": "네 어 제가 이 회사에 입사를 하고 난 뒤 업무 내용이나 강도가 예상보다 다르다면 어떻게 할 건지를 여쭤보셨는데 어 물론 만약에 그 강도가 과도하고 업무 내용도 어 상당히 힘들다면 처음에는 당황하고 좀 부담스러워할 것 같습니다. 하지만 저의 목표는 이 회사에 입사하는 것이 었고 입사한 다음에 어떠한 일을 어 맡겨도 저는 감당해 해낼 자신감과 각오를 갖고 있기 때문에 뭐 그 부담감과 당황스러움은 일시적이라고 생각하고 잘 이겨낼 것으로 보입니다. 먼저 신입 사원이다 보니 그 그 업무를 파악하고 숙달하고 또 전문성을 가지는 데는 어 시간이 필요합니다. 시간이 많이 걸리느냐 짧게 걸리느냐 어 그런 차이가 있는데 저는 퇴근 후에도 어 열심히 노력해서 그 제가 맡은 바 업무를 어 잘 숙달하고 전문성을 가질 수 있는 상태에 갈 수 빠른 시간에 갈 수 있도록 노력할 것입니다. 그 이후에는 아마 업무 내용이 좀 강도가 줄지 않을까 생각을 해 봅니다. 어 그렇게 하에도 만약에 강도가 줄지 않는다면 상사니까 어 상의를 해 보겠습니다. 이상입니다.",
                "wordCount": 145
            },
            "emotion": [],
            "intent": [
                {
                    "text": "",
                    "expression": "",
                    "category": "attitude"
                }
            ],
            "summary": {
                "text": "저는 입사한 다음에 어떠한 일을 맡겨도 잘 감당해낼 자신감과 각오를 갖고 있기 때문에 부담감과 당황스러움은 일시적이라고 생각하고 잘 이겨낼 것으로 보입니다.",
                "wordCount": 21
            }
        }
    },
    "rawDataInfo": {
        "question": {
            "fileFormat": "wav",
            "fileSize": 341518,
            "duration": 10670,
            "samplingBit": 16,
            "channelCount": 1,
            "samplingRate": "16kHz",
            "audioPath": "/Mock/04.RND/Male/New/ckmk_q_rnd_m_n_345460.wav"
        },
        "answer": {
            "fileFormat": "wav",
            "fileSize": 3742798,
            "duration": 116960,
            "samplingBit": 16,
            "channelCount": 1,
            "samplingRate": "16kHz",
            "audioPath": "/Mock/04.RND/Male/New/ckmk_a_rnd_m_n_345460.wav"
        }
    }
}