{"version":"1.0","dataSet":{"info":{"date":"20230116","occupation":"RND","channel":"MOCK","place":"ONLINE","gender":"MALE","ageRange":"55-","experience":"NEW"},"question":{"raw":{"text":"만약 이 면접 중 본인이 내일 죽는다는 사실을 알게 된다면 당장 어떻게 하시겠습니까 이 면접을 끝까지 진행하실 건가요","wordCount":18},"emotion":[],"intent":[]},"answer":{"raw":{"text":"아 이거는 제가 진짜 두고두고 생각을 해 보고 있는건데. 내일 내가 죽는다 죽는다면 지금 날 뭘 하고 있을까 아마 내일 죽는다는 사실 나 모르고 있을 것 같습니다. 그런 상황이 더 많을 것 같아요. 알고 죽는다는 거는 별로 그렇게 뭐 흥미도 없고 또 그런 사 그런 상황이 생기지 않을 것 같거든요. 뭐 내일 죽는다는 사실을 알더라도 이 면접은 보게 되겠습니다. 내 그 어 불치의 뭐 병을 가지고 있는 사람도 그리고 낼모레 죽는다 라는 판정을 받은 사람도 내일 죽을지 모레 죽을지 모르는 상황입니다. 뭐 우리하고 똑같죠. 우리는 아마 앞으로 한 삼십 년 더 살지 않겠어 이거 하고 어 당신은 암 삼 기로 이 수술을 하게 되면 최대한 보장할 수 있는 시간이 뭐 오 년 정도 입니다 그럼 그 오 년이 삼십 년 나하고 비슷할 수도 있고요. 꼭 그렇다고 그래 가지고 오 년뒤에 죽는 건 아니지 않습니까. 그러니까 어 그렇게 이야기했죠 스피노잔가요. 어 내일 죽더라도 오늘 한 그루에 사과나무를 심겠다 인간은 다 그런 마음을 가지고 삽니다. 스피노자가 그걸 너무 잘 꿰뚫어 봤죠. 그런데 그 말을 드는 우리는 아마 난 그럴 수 있을까 라고 의문을 갖게 되기 마련이죠. 철학자 아니니까. 어 내일 죽지는 않습니다.","wordCount":180},"emotion":[],"intent":[{"text":"","expression":"","category":"attitude"}],"summary":{"text":"내일 죽는다는 사실을 알더라도 이 면접은 봐야 합니다. 불치의 병을 가지고 있는 사람도 낼모레 죽는다는 판정을 받은 사람도 내일 죽을지도 모릅니다. 우리는 앞으로 한 30년 더 살지 않겠다 하고 암 삼 기로 이 수술을 하게 되면 최대한 보장할 수 있는 시간이 오 년 정도입니다. 인간은 다 그런 마음을 가지고 사는데 스피노자는 그렇게 이야기 했습니다.","wordCount":54}}},"rawDataInfo":{"question":{"fileFormat":"wav","fileSize":560078,"duration":17500,"samplingBit":16,"channelCount":1,"samplingRate":"16kHz","audioPath":"/Mock/04.RND/Male/New/ckmk_q_rnd_m_n_246532.wav"},"answer":{"fileFormat":"wav","fileSize":3708238,"duration":115880,"samplingBit":16,"channelCount":1,"samplingRate":"16kHz","audioPath":"/Mock/04.RND/Male/New/ckmk_a_rnd_m_n_246532.wav"}}}