{"version":"1.0","dataSet":{"info":{"date":"20230116","occupation":"RND","channel":"MOCK","place":"ONLINE","gender":"MALE","ageRange":"55-","experience":"NEW"},"question":{"raw":{"text":"여러 사람들과 함께 일을 하다 보면 구성원들과 갈등이 생길 때가 있는데요 이럴 때 지원자님은 어떤 식으로 갈등을 해결하셨나요","wordCount":18},"emotion":[],"intent":[]},"answer":{"raw":{"text":"어 사람끼리 갈등은 일을 할 때도 그렇고 여행을 갈 때도 그렇고 그리고 공부할 때도 일어나고 어 근데 공부할 때 일어나는 갈등은 사실 어 갈등을 해결할 수 있는 방안이 확실히 있죠. 잘하면 갈등 해소에 공부 잘하는 사람이 갈등을 잘 해소하죠. 그 공부만 공부라는 면만 그런 조건을 놓고 보면 근데 일도 마찬가지 아닐까 싶습니다. 어 그 구성원들 간의 갈등은 일을 하는데 묘하게 사람이 일을 만드는 그런 구성원들이 있거든요. 사람이 많다고 해서 일을 잘하는 게 아니라 사람이 일을 만드는 그런 행위를 하는 사람들이 삼 분의 일만 되어도 일은 아주 총량이 한 칠십 프로 정도 증가합니다. 그러면 사람을 어 일이 사람 사람이 일을 만드는 그 사람들 간의 갈등인데 그러면 구성원을 재조정해야 될 그런 부분도 있을 것이고 어 신속하고 타이트한 그런게 일이라면은 구성원 조성의 구성에 대한 검토를 처음부터 다시 해서 어 조정하는 게 마땅하지 않을까 싶습니다. 사람은 변하지 않기 때문입니다.","wordCount":135},"emotion":[],"intent":[{"text":"","expression":"","category":"attitude"}],"summary":{"text":"공부 잘하는 사람이 갈등을 잘 해소합니다. 일을 만드는 구성원들이 있는데 그 사람들 간의 갈등에 구성원을 재조정해야 될 부분도 있을 것이고  신속하고 타이트한 일이라면 구성원 조성에 대한 검토를 처음부터 다시 해서 조정하는 게 마땅하지 않을까 싶습니다.","wordCount":35}}},"rawDataInfo":{"question":{"fileFormat":"wav","fileSize":569038,"duration":17780,"samplingBit":16,"channelCount":1,"samplingRate":"16kHz","audioPath":"/Mock/04.RND/Male/New/ckmk_q_rnd_m_n_247572.wav"},"answer":{"fileFormat":"wav","fileSize":3322638,"duration":103830,"samplingBit":16,"channelCount":1,"samplingRate":"16kHz","audioPath":"/Mock/04.RND/Male/New/ckmk_a_rnd_m_n_247572.wav"}}}