{"version":"1.0","dataSet":{"info":{"date":"20230116","occupation":"RND","channel":"MOCK","place":"ONLINE","gender":"MALE","ageRange":"35-44","experience":"NEW"},"question":{"raw":{"text":"만약 상사가 업무와 무관한 일을 시키면 어떻게 하실 건가요 그래도 잘 수행을 하실 건지 아니면 수행하지 않을 건지 말씀해 주세요","wordCount":20},"emotion":[],"intent":[]},"answer":{"raw":{"text":"네 인제 상사가 업무와 무관한 일을 시키는 사항이 발생할 수 있다고 생각을 합니다. 우리가 어떤 업무를 정할 때 어 굉장히 세부적으로 다 모든 것을 적을 수 없기 때문에 명시된 업무와 실제 하는 일에는 약간 간극이 있다고 생각을 합니다. 그래서 어 일반적으로 어 나에게 맡겨진 그런 업무가 어 가장 많은 부 비율을 차지하겠지만 어쩔 때는 또 그것과 무관하다고 여겨지는 일이 주어질 수도 있다고 생각을 합니다. 그럴 때에도 어 그것도 나의 어 업무라고 여기는 것이 옳다고 생각을 합니다. 그게 업무와 무관한 일이면서 혹은 그게 인제 불법적이거나 비윤리적인 그런 일이라면 어 제가 문제 제기를 하고 어 좀 어려움이 있겠지만 그렇지 않다면 업무하고 무관한 일도 어 함께 그 회사에 그런 발전과 우리가 추구하고자 하는 그 목적을 이루기 위해서 어 수행해야 한다고 생각합니다. 그래서 동일한 어 열심으로 또 어 그 맡겨진 일을 감당 어 하게 될 것 같습니다. 그것이 인제 어 회사의 구성원으로서 또 하면 좋은 일이라고 생각을 하고 어 그리고 상사도 만약에 그것에 대해서 좀 평소에 하지 않았던 익숙하지 않은 일이고 부가적인 일이라면 그것에 대해서 추가적인 보상을 해 주는 것이 어 또 바람직하다고 생각을 해 봅니다. 이상으로 답변 마치겠습니다.","wordCount":175},"emotion":[],"intent":[{"text":"","expression":"","category":"attitude"}],"summary":{"text":"어떤 업무를 정할 때 명시된 업무와 실제 하는 일에는 간극이 있기 마련인데, 업무와 무관한 일이거나 불법적이거나 비윤리적인 일이라면 문제 제기를 하고 함께 회사의 발전과 추구하고자 하는 목적을 이루기 위해서 수행해야 합니다. 그리고 상사도 만일 그것에 대해 평소에 하지 않았던 익숙하지 않은 일이고 부가적인 일이면 추가적인 보상을 해 주는 것이 바람직하다고 생각합니다.","wordCount":51}}},"rawDataInfo":{"question":{"fileFormat":"wav","fileSize":641998,"duration":20060,"samplingBit":16,"channelCount":1,"samplingRate":"16kHz","audioPath":"/Mock/04.RND/Male/New/ckmk_q_rnd_m_n_312042.wav"},"answer":{"fileFormat":"wav","fileSize":3427278,"duration":107100,"samplingBit":16,"channelCount":1,"samplingRate":"16kHz","audioPath":"/Mock/04.RND/Male/New/ckmk_a_rnd_m_n_312042.wav"}}}