{"version":"1.0","dataSet":{"info":{"date":"20230116","occupation":"RND","channel":"MOCK","place":"ONLINE","gender":"MALE","ageRange":"-34","experience":"NEW"},"question":{"raw":{"text":"본인이 협업을 할 때 가장 중요하게 생각하는 것은 무엇입니까 왜 그것을 가장 중요하게 생각하시는지 말씀해 주세요","wordCount":16},"emotion":[],"intent":[]},"answer":{"raw":{"text":"협업을 할 때 가장 중요한 것은 바로 경청과 리스닝이라고 생각을 합니다. 단순히 무임승차하는 팀원을 막는 것도 물론 중요하겠지만 서로의 의견이 많은 사람이 모인 만큼 서로의 의견이 다 다를 수밖에 없기 때문입니다. 그것으로 인해서 발생하는 불화 또한 필수 불가결합니다. 하지만 그 불화를 해결을 하지 않고 방치한다면 더 나아가서 팀이 무너지고 더 나아가서는 프로젝트가 무너지겠죠. 하지만 경청과 리스닝을 통해서 팀원들의 의견을 잘 활용을 하고 조율을 하고 적재적소에 잘 배치를 한다면 커다란 시너지 효과를 낼 수 있을 것이라 생각합니다. 그렇기 때문에 저는 아이디어를 말하는 독창성이나 무임승차를 막는 그런 것들보다도 경청을 통해서 서로의 의견을 조율을 하고 거기서 최상의 시너지 효과를 최상의 결과를 이끌어내는 것이 가장 중요하다고 생각이 듭니다. 이상으로 답변을 마치겠습니다. 들어주셔서 감사합니다.","wordCount":109},"emotion":[],"intent":[{"text":"","expression":"","category":"attitude"}],"summary":{"text":"협업 시 가장 중요한 것은 경청과 리스닝이며 이를 통해 팀원들의 의견을 잘 활용, 조율하고 적재적소에 잘 배치를 한다면 시너지 효과를 낼 수 있습니다.","wordCount":23}}},"rawDataInfo":{"question":{"fileFormat":"wav","fileSize":367118,"duration":11470,"samplingBit":16,"channelCount":1,"samplingRate":"16kHz","audioPath":"/Mock/04.RND/Male/New/ckmk_q_rnd_m_n_279121.wav"},"answer":{"fileFormat":"wav","fileSize":2240078,"duration":70000,"samplingBit":16,"channelCount":1,"samplingRate":"16kHz","audioPath":"/Mock/04.RND/Male/New/ckmk_a_rnd_m_n_279121.wav"}}}