{"version":"1.0","dataSet":{"info":{"date":"20230116","occupation":"RND","channel":"MOCK","place":"ONLINE","gender":"MALE","ageRange":"-34","experience":"NEW"},"question":{"raw":{"text":"만약 지원자님께서 께임 속 캐릭터가 된다면 어떤 께임에서 어떤 역할을 맡고 싶으신가요 그렇게 생각하시는 이유도 함께 말씀해 주실 수 있을까요","wordCount":20},"emotion":[],"intent":[]},"answer":{"raw":{"text":"제가 게임 속 캐릭터라면 저는 게임에서 우리 팀을 이끌 이끌고 승리를 가져오는 버스 운전사가 되고 싶습니다. 흔히들 게임에서 버스를 탄다는 표현을 많이들 쓰곤 하는데요. 좋은 활약을 하는 누군가의 힘에 힘입어서 그 승리를 함께 거둔다는 뜻입니다. 여기에서 버스 운전사는 정말 훌륭한 활약으로 팀원들과 함께 승리를 이끌어내는 그러한 역할을 뜻하는데요. 저는 팀의 승리를 이끄는 그러한 버스 운전사가 되고 싶습 되고 싶습니다. 제가 뛰어난 활약을 펼쳐서 팀원들에게 도움을 줄 수 있고 또 저 또한 그릇 그것을 통해서 뿌듯함을 느낄 수 있는 그러한 버스 운전사 같은 역할을 통해서 팀도 좋고 또 저도 즐거움을 느낄 수 있으면 좋겠습니다. 저는 게임을 하면서 정말 다양한 사람들과 다양한 캐릭터들을 맡아 봤었는데요. 제가 팀에서 버스 드라이버 역할을 한 적도 있고 또 버스에 타서 승리를 한 적도 있습니다. 정말 다양한 어 그런 경험을 통해서 모든 역할이 중요하다는 것을 잘 알고 있지만 제가 남들의 도움을 받기보다는 도움을 줬을 때 더 행복함을 많이 느끼는 편이기 때문에 상대방이 저로 인해서 승리를 거두고 또 행복한 모습을 볼 수 있다면 정말로 좋을 것 같습니다. 그래서 저는 버스 운전사를 택하도록 하겠습니다.","wordCount":165},"emotion":[],"intent":[{"text":"","expression":"","category":"attitude"}],"summary":{"text":"게임 속에서 좋은 활약을 하는 누군가의 힘에 힘입어서 그 승리를 함께 거둔다는 뜻의 버스 운전사가 되고 싶습니다. 도움을 주었을 때 더 행복함을 많이 느끼는 편이기 때문에 상대방이 저로 인해서 승리를 거두고 또 행복한 모습을 볼 수 있다면 정말로 좋겠습니다. 그래서 저는 버스 운전사를 택하도록 하겠습니다.","wordCount":45}}},"rawDataInfo":{"question":{"fileFormat":"wav","fileSize":617358,"duration":19290,"samplingBit":16,"channelCount":1,"samplingRate":"16kHz","audioPath":"/Mock/04.RND/Male/New/ckmk_q_rnd_m_n_279717.wav"},"answer":{"fileFormat":"wav","fileSize":3713358,"duration":116040,"samplingBit":16,"channelCount":1,"samplingRate":"16kHz","audioPath":"/Mock/04.RND/Male/New/ckmk_a_rnd_m_n_279717.wav"}}}