{"version":"1.0","dataSet":{"info":{"date":"20230116","occupation":"RND","channel":"MOCK","place":"ONLINE","gender":"MALE","ageRange":"35-44","experience":"NEW"},"question":{"raw":{"text":"최근에 보았던 뉴스들 중에서 가장 인상 깊었던 뉴스는 무엇인가요 또한 그렇게 인상 깊었던 이유도 함께 말씀해 주세요","wordCount":17},"emotion":[],"intent":[]},"answer":{"raw":{"text":"어 최근에 어 본 뉴스들 중 가장 인상 깊었던 뉴스는 지난주에 있었던 이태원 참사에 대한 뉴스였습니다. 어 대한민국의 수도인 서울의 한복판에서 발생한 압사 사고로 백 오십 명이 죽은 사건을 사건이 아주 인상 깊었으며 어 끔찍한 사건이었습니다. 어 우리나라의 안전망이 아직까지 제대로 갖춰져 있지 않은 것 같아서 안타깝다는 생각이 들었습니다. 어 현 정부는 그러한 참사가 다시 발생하지 않도록 어 유념해서 나라를 운영해야 될 것 같습니다.","wordCount":64},"emotion":[{"text":"어 우리나라의 안전망이 아직까지 제대로 갖춰져 있지 않은 것 같아서 안타깝다는 생각이 들었습니다.","expression":"n-sadness","category":"positive"}],"intent":[{"text":"","expression":"","category":"attitude"}],"summary":{"text":"이태원 참사를 통해 우리나라의 안전망이 아직까지 제대로 갖춰져 있지 않다는 것을 느꼈습니다. 현 정부는 참사가 다시 발생하지 않도록 유념해서 나라를 운영해야 할 것 같습니다.","wordCount":24}}},"rawDataInfo":{"question":{"fileFormat":"wav","fileSize":626638,"duration":19580,"samplingBit":16,"channelCount":1,"samplingRate":"16kHz","audioPath":"/Mock/04.RND/Male/New/ckmk_q_rnd_m_n_294137.wav"},"answer":{"fileFormat":"wav","fileSize":1870158,"duration":58440,"samplingBit":16,"channelCount":1,"samplingRate":"16kHz","audioPath":"/Mock/04.RND/Male/New/ckmk_a_rnd_m_n_294137.wav"}}}