{"version":"1.0","dataSet":{"info":{"date":"20230116","occupation":"RND","channel":"MOCK","place":"ONLINE","gender":"MALE","ageRange":"55-","experience":"NEW"},"question":{"raw":{"text":"일을 하다가 스케줄에 없던 일이 생길 때가 종종 있는데 그런 상황이 생기게 된다면 어떤 방법으로 대처하실 건가요","wordCount":17},"emotion":[],"intent":[]},"answer":{"raw":{"text":"음 스케줄에 없는 일이 생길 때가 많습니다. 그런데 어 그건 시간적 분배의 차이겠죠. 어 업무는 어 한 달 업무를 내가 어 계획을 짤 수 있다라면은 그다음에 일 주일 업무가 나올 것이고 일 주일 업무가 나오면 하루 일이 이 계획 될 텐데 그런 중에 어 스케줄에서 어 없던 일이 생겨난다고 하면은 어 그거는 잉여분의 시간을 내가 미리 만들어주는 그런 어 계획성에 에 도움을 받을 필요는 있죠. 일을 잘 하기 위해서 아니면 성과를 굉장히 높이기 위해서 완성도를 높이기 위해서 아주 촘촘한 그 업무의 스케줄을 한 달치를 짜게 되면은 과연 몇 프로를 그게 달성할까요. 제가 볼 때는 한 삼십 프로 일 거라고 생각을 합니다. 오히려 칠 할을 스케줄에는 넣지만 칠 할이 진행되지 않고 사장되는 경우 그런 경우가 더 허다하게 많으니까요. 어 똘똘하게 그 삼 할을 챙기는 확실하게 챙기는 스케줄을 업무 일정을 짜고 고기에마다 블랭크를 만들어서 그 업문 추진중에 그 내가 생각지 않은 스케줄에 없는 일을 끼어 넣어서 이 업무와 결부시킬 때 시너지 효과가 난다 라는 이런 개념도 갖추어고 있어야 될 겁니다.","wordCount":158},"emotion":[],"intent":[{"text":"","expression":"","category":"attitude"}],"summary":{"text":"업무스케줄에 없던 일이 생길 때가 있는데, 이는 시간적 분배의 차이일 수 있습니다. 일을 잘 하기 위해서 또는 성과를 굉장히 높이기 위해서 업무의 일정을 한 달치를 짜게 되면은 칠 할이 진행되지 않고 사장되는 경우가 더 많이 있기 때문입니다. 삼 할을 챙기는 완벽한 일정을 짜고 업무와 결부시킬 때 시너지 효과가 나오는 개념도 갖추어야 합니다.","wordCount":52}}},"rawDataInfo":{"question":{"fileFormat":"wav","fileSize":286798,"duration":8960,"samplingBit":16,"channelCount":1,"samplingRate":"16kHz","audioPath":"/Mock/04.RND/Male/New/ckmk_q_rnd_m_n_247324.wav"},"answer":{"fileFormat":"wav","fileSize":3546318,"duration":110820,"samplingBit":16,"channelCount":1,"samplingRate":"16kHz","audioPath":"/Mock/04.RND/Male/New/ckmk_a_rnd_m_n_247324.wav"}}}