{"version":"1.0","dataSet":{"info":{"date":"20230116","occupation":"RND","channel":"MOCK","place":"ONLINE","gender":"MALE","ageRange":"35-44","experience":"NEW"},"question":{"raw":{"text":"만약 일을 하던 도중 팀원과 불화가 생기게 된다면 어떻게 해결하실지 해결 방법과 그렇게 해결하시는 이유에 대해서 설명해 주세요","wordCount":18},"emotion":[],"intent":[]},"answer":{"raw":{"text":"일을 하던 중 팀원과 불화가 생긴다면 저는 어 어 바로바로 그 불화를 해소해야 된다고 생각합니다. 해소하기 위한 해결법은 어 우선 그 사람의 그 팀원의 입장을 듣고 제 입장을 얘기해서 어 서로의 어 합의점을 찾아내는 것이라고 생각합니다. 만약 그 갈등의 당사자끼리 해결이 안 된다면 어 상사의 도움을 받을 수도 있다고 생각합니다. 어 객관적인 시선을 가진 사람의 의견을 어 듣는 것이 듣는 것 또한 아주 좋은 해결 방법이라고 생각합니다.","wordCount":67},"emotion":[],"intent":[{"text":"","expression":"","category":"attitude"}],"summary":{"text":"업무 중 팀원 간 불화가 생겼다면, 제 입장을 듣고 서로의 합의점을 찾거나 객관적 시선을 가진 사람의 의견을 듣는 것이 좋다고 생각합니다.","wordCount":21}}},"rawDataInfo":{"question":{"fileFormat":"wav","fileSize":356558,"duration":11140,"samplingBit":16,"channelCount":1,"samplingRate":"16kHz","audioPath":"/Mock/04.RND/Male/New/ckmk_q_rnd_m_n_285531.wav"},"answer":{"fileFormat":"wav","fileSize":1903438,"duration":59480,"samplingBit":16,"channelCount":1,"samplingRate":"16kHz","audioPath":"/Mock/04.RND/Male/New/ckmk_a_rnd_m_n_285531.wav"}}}