{"version":"1.0","dataSet":{"info":{"date":"20230116","occupation":"RND","channel":"MOCK","place":"ONLINE","gender":"MALE","ageRange":"55-","experience":"NEW"},"question":{"raw":{"text":"지금까지 자신의 전공과 관련해서 여러 공부를 해 오셨을 텐데요 전공과 관련해서 최근에 부족하다고 느끼고 따로 공부하고 있는 분야가 있으십니까 있다면 답변해 주시기 바랍니다","wordCount":23},"emotion":[],"intent":[]},"answer":{"raw":{"text":"어 현재 저는 그 두 가지를 준비하고 있습니다. 첫 번째는 아이티 관련된 부분에서 케이무크를 통한 오픈 유니버스티에 있는 내용 중에서 빅데이터 핀테크에 대한 부분을 현재 공부를 하고 있구요. 또 네이버에 들어가면 지식 네이버에 여러 인제 그 내용들이 들어가 있죠. 그래서 그러한 내용들에서 학습을 현재 에 일부 하고 있고요. 어 더 나아가서 이제 오픈 유니버스 한국방송통신대학교에서 어 사회 복지학을 인제 공부를 하고 있습니다. 그래서 결국은 이제 이 두 가지가 같이 결합되어 있는 건 사실인데요. 사회 복지사를 준비하고 있는 이유는 어 점점 고령화되어 가고 있는 이 사회에서 무언가 제가 아 준비를 함으로써 이 부분에 대한 것을 체계적으로 하고 싶다는 겁니다. 현재 제가 토요일 날 한 달에 한 번 장애인 교사로서 활동을 하고 있는데 이러한 부분들도 같이 접목을 해서 어 체계적인 봉사를 해야 되겠다 혹은 더 나아간다면 체계적인 사업에 혹은 어떤 조직의 일원으로서 활동할 수도 있겠다 라고 어 생각을 하고 있습니다. 더 나아가서 결국 아이티 기반의 지식은 어 모든 요소에 에 접목을 시켰을 때 에 빅데이터와 혹은 어 아이씨티 기반의 중요한 역할을 담당하고 있다고 생각을 합니다.","wordCount":163},"emotion":[{"text":"어 더 나아가서 이제 오픈 유니버스 한국방송통신대학교에서 어 사회 복지학을 인제 공부를 하고 있습니다.","expression":"u-fact","category":"neutral"}],"intent":[{"text":"","expression":"","category":"attitude"}],"summary":{"text":"현재 저는 빅데이터 핀테크에 대한 부분과 사회 복지학을 공부하고 있습니다. 더 나아가서 아이티 기반의 지식은 모든 요소에 접목을 시켰을 때 빅데이터와 혹은 아이씨티 기반의 중요한 역할을 담당하고 있다고 생각합니다.","wordCount":29}}},"rawDataInfo":{"question":{"fileFormat":"wav","fileSize":560718,"duration":17520,"samplingBit":16,"channelCount":1,"samplingRate":"16kHz","audioPath":"/Mock/04.RND/Male/New/ckmk_q_rnd_m_n_319051.wav"},"answer":{"fileFormat":"wav","fileSize":3126158,"duration":97690,"samplingBit":16,"channelCount":1,"samplingRate":"16kHz","audioPath":"/Mock/04.RND/Male/New/ckmk_a_rnd_m_n_319051.wav"}}}