{"version":"1.0","dataSet":{"info":{"date":"20230116","occupation":"RND","channel":"MOCK","place":"ONLINE","gender":"MALE","ageRange":"-34","experience":"NEW"},"question":{"raw":{"text":"면접자님께서 만약에 사내 스터디를 만들어 공부를 할 수 있다면 어떤 것을 공부하고 싶으신지 궁금합니다 그리고 그 이유도 함께 설명해 주시기 바랍니다","wordCount":21},"emotion":[],"intent":[]},"answer":{"raw":{"text":"어 저는 외국어라고 생각을 합니다. 그 왜냐하면은 그 우리 그 조직 내에 있는 모든 구성원들은 그런 학식이라든지 또는 전문 분야의 능력은 뭐 다 일 등급이라고 생각을 합니다. 이 분들이 이제 국내 이렇게 우물안 개구리 식으로 어 랩 안에서만 평생 할 수는 없잖아요. 아 또는 우리가 어떠한 중요한 성과를 만들어내고 이룩하였다 하더라도 이것은 결국에는 해외에 들고 나가 또 해외에 많은 선진민족들 엔지니어라든지 또는 뭐 매체라든지 어떤 업체하고 많은 교류를 안아야 되는데 에 거기에 보면은 어 상당히 그 자유롭게 어떤 대화라든지 그리고 소통이 안 되는 경우가 많이 있습니다. 또는 에이가 가장 소문이 많고 실력이 있는 분인데 에 그분의 실력은 있으나 언어학적으로 조금 부족하다 보니 그것을 비가 마치 본인이 한 것처럼 또는 그의 상급자가 했던 것처럼 해 가지고 대신해서 발표하고 접근하는 그런 경우도 있지 않겠나 생각을 합니다. 결국에는 어 우리 모두가 아 본인이 원하는 어떤 외국어를 좀더 많이 익숙해지고 공부하고 접근한다고 그러면은 외국의 기술을 습득하는 데도 도움이 되고 우리가 알고 있는 것을 외국에 전달하는 데도 도움이 되고 양방향 소통에 도움이 잘 될 거라고 생각을 합니다.","wordCount":162},"emotion":[],"intent":[{"text":"","expression":"","category":"attitude"}],"summary":{"text":"조직 내 모든 구성원들이 전문 분야의 능력은 일 등급이지만 국내에서만 살 수는 없습니다. 중요한 성과를 내고 이룩했다 하더라도 해외 선진민족들과 교류를 안 해야 하는데 그 경우 소통이 안 되는 경우가 많습니다. 모두가 원하는 외국어를 많이 익혀야 외국의 기술을 습득하고 외국에 전달하며 양방향 소통에 도움이 될 것입니다.","wordCount":46}}},"rawDataInfo":{"question":{"fileFormat":"wav","fileSize":531918,"duration":16620,"samplingBit":16,"channelCount":1,"samplingRate":"16kHz","audioPath":"/Mock/04.RND/Male/New/ckmk_q_rnd_m_n_294749.wav"},"answer":{"fileFormat":"wav","fileSize":3031758,"duration":94740,"samplingBit":16,"channelCount":1,"samplingRate":"16kHz","audioPath":"/Mock/04.RND/Male/New/ckmk_a_rnd_m_n_294749.wav"}}}