{"version":"1.0","dataSet":{"info":{"date":"20230116","occupation":"RND","channel":"MOCK","place":"ONLINE","gender":"MALE","ageRange":"-34","experience":"NEW"},"question":{"raw":{"text":"입사 후에 쉬운 일과 어려운 일이 있을 경우 그 일에 대한 분배는 어떻게 하실 것인지 궁금합니다 일을 어떻게 나눠서 처리할 생각이신가요","wordCount":21},"emotion":[],"intent":[]},"answer":{"raw":{"text":"저는 먼저 쉬운 일을 오십 퍼센트 정도 끝내 놓고 그다음에 어려운 일을 오십 퍼센트 끝내 놓고 그 이후에 쉬운 일과 어려운 일을 서로 템포를 보아가면서 진행을 할 것 같습니다. 그렇게 생각한 이유는 먼저 쉬운 일을 백 퍼센트 처리를 하게 된다면 어려운 일을 처리할 시간이 부족해질 수도 있기 때문입니다. 따라서 서로에 대한 일들을 절반씩을 끝내 놓고 그 일이 일의 강도에 따라서 적절하게 에너지를 배분해서 일을 철 일 처리를 진행을 하는 것이 가장 바람직하면서 또 두 마리 토끼를 동시에 잡을 수 있는 좋은 방법이라고 생각이 듭니다. 이상으로 답변을 마치도록 하겠습니다. 들어주셔서 감사합니다.","wordCount":90},"emotion":[],"intent":[{"text":"","expression":"","category":"attitude"}],"summary":{"text":"서로에 대한 일들을 절반씩 끝내 놓고 그 일이 일의 강도에 따라서 적절하게 에너지를 배분해서 일을 철 일 처리를 진행을 하는 것이 가장 바람직하면서 또 두 마리 토끼를 동시에 잡을 수 있는 좋은 방법이라고 생각합니다.","wordCount":34}}},"rawDataInfo":{"question":{"fileFormat":"wav","fileSize":378318,"duration":11820,"samplingBit":16,"channelCount":1,"samplingRate":"16kHz","audioPath":"/Mock/04.RND/Male/New/ckmk_q_rnd_m_n_279122.wav"},"answer":{"fileFormat":"wav","fileSize":1749838,"duration":54680,"samplingBit":16,"channelCount":1,"samplingRate":"16kHz","audioPath":"/Mock/04.RND/Male/New/ckmk_a_rnd_m_n_279122.wav"}}}