{"version":"1.0","dataSet":{"info":{"date":"20230116","occupation":"RND","channel":"MOCK","place":"ONLINE","gender":"MALE","ageRange":"-34","experience":"NEW"},"question":{"raw":{"text":"지원자님은 특별히 가고 싶은 회사가 있으신가요 본인이 생각하기에 회사의 특정 도메인이 중요한지 혹은 회사 내부의 분위기가 중요한지 어떤 점을 중점적으로 보시는지도 함께 말씀 부탁드립니다","wordCount":24},"emotion":[],"intent":[]},"answer":{"raw":{"text":"저는 회사의 분위기가 좋은 것을 선호합니다. 회사가 수직적으로 딱딱한 상황이라면 제가 회사에 도움이 될 만한 생산적인 일을 하기 어려워지며 그저 주어진 일만 하게 될 것입니다. 만약 그렇지 않고 모두의 의사소통을 통해서 업무를 진행한다면 그것은 회사와 저 모두 윈윈하는 전략입니다. 앞으로 입사하는 회사의 분위기가 그저 일을 전달받는 것이 아닌 여러 피드백을 통해 같이 성장해 나가는 것이었으면 좋겠습니다.","wordCount":56},"emotion":[],"intent":[{"text":"","expression":"","category":"attitude"}],"summary":{"text":"회사 분위기가 수직적으로 딱딱한 것이 아니라 모두의 의사소통을 통해서 업무를 진행한다면 회사와 저 모두 윈윈하는 전략이라고 생각합니다. 회사 피드백을 통해 성장하길 바랍니다.","wordCount":22}}},"rawDataInfo":{"question":{"fileFormat":"wav","fileSize":603598,"duration":18860,"samplingBit":16,"channelCount":1,"samplingRate":"16kHz","audioPath":"/Mock/04.RND/Male/New/ckmk_q_rnd_m_n_257317.wav"},"answer":{"fileFormat":"wav","fileSize":2110158,"duration":65940,"samplingBit":16,"channelCount":1,"samplingRate":"16kHz","audioPath":"/Mock/04.RND/Male/New/ckmk_a_rnd_m_n_257317.wav"}}}