{"version":"1.0","dataSet":{"info":{"date":"20230116","occupation":"RND","channel":"MOCK","place":"ONLINE","gender":"MALE","ageRange":"35-44","experience":"NEW"},"question":{"raw":{"text":"지원자님께서 이 직무에 특별히 지원하신 이유가 있으실까요 왜 이 직무에 지원했는지 말씀을 해 주시고 또 본인이 생각할 때 왜 이 직무에 자신이 적합한 인재인지도 말씀해 주세요","wordCount":26},"emotion":[],"intent":[]},"answer":{"raw":{"text":"제가 이 직무에 지원한 이유는 어 우선 어 과거에 일을 하면서 가장 전도 유망한 직종이라고 생각했기 때문입니다. 그리고 뿐만 아니라 어 어 여기 일을 하는 것에 대한 보상이 아주 좋다고 생각하기 때문입니다. 그래서 저는 어 이 직 이 직무를 지원하였습니다.","wordCount":40},"emotion":[],"intent":[{"text":"제가 이 직무에 지원한 이유는 어 우선 어 과거에 일을 하면서 가장 전도 유망한 직종이라고 생각했기 때문입니다.","expression":"c_sincere_job","category":"etc"}],"summary":{"text":"제가 이 직무에 지원한 이유는 과거 가장 전도 유망한 직종이고, 이 업무에 대한 보상이 좋기 때문입니다. 그래서 이 직무를 지원하였습니다.","wordCount":20}}},"rawDataInfo":{"question":{"fileFormat":"wav","fileSize":638158,"duration":19940,"samplingBit":16,"channelCount":1,"samplingRate":"16kHz","audioPath":"/Mock/04.RND/Male/New/ckmk_q_rnd_m_n_287138.wav"},"answer":{"fileFormat":"wav","fileSize":1347918,"duration":42120,"samplingBit":16,"channelCount":1,"samplingRate":"16kHz","audioPath":"/Mock/04.RND/Male/New/ckmk_a_rnd_m_n_287138.wav"}}}