{"version":"1.0","dataSet":{"info":{"date":"20230116","occupation":"RND","channel":"MOCK","place":"ONLINE","gender":"MALE","ageRange":"-34","experience":"NEW"},"question":{"raw":{"text":"최근 고령화 사회로 가면서 치매로 인한 문제가 굉장히 많이 대두되고 있습니다 이에 대해서 건보공단이 하는 일과 개선해야 할 방안에 대해서 말씀해 주세요","wordCount":22},"emotion":[],"intent":[]},"answer":{"raw":{"text":"어 건보공단은 분명한 국가 기관입니다. 국가 기관으로서 어 국가가 고령화 사회로 접어들고 그로 인한 지병 신종 질병 혹은 웰빙에 대한 수요가 증가하는 것에 대해서 분명한 그 진행 사항을 파악하고 그러한 사람들이 증가함에 따라 더 많은 복지 정책들을 내놓고 더 많은 복지 방안들을 만드는 일이 가장 중요하다고 생각합니다. 어 저는 현재 어 정부의 정책들이나 각종 공단 건보공단들의 정책 사업 추진 방향이 고령화 사회로 가는 고령화 사회로 가며 질병이 늘어나는 그런 상승세 질병 질병의 증가세를 따라가지 못하고 있다는 생각이 듭니다. 이런 식으로 건보공단의 정책이 바뀌어가며 현대 사회의 흐름에 고령화 사회의 흐름에 따라서 정책을 바꿔가는 흐름이 지금처럼 미진해질 경우 멀지 않은 미래에 이런 정책에서 혜택을 누릴 수 없는 외톨이 위치에 있는 그런 약자들이 생겨나게 됩니다. 그렇기 때문에 건보공단은 통계청 혹은 기타 의료 집단들과 더더욱 긴밀하게 협력하여 고령화 사회로 가는 진행 속도를 더욱더 빠르게 한 발짝 앞서서 파악하고 그에 따른 다양한 정책들을 좀 더 빠르게 제출하고 그들을 위한 복지 정책 복지 방안 등을 마련해야 할 것이라고 생각합니다.","wordCount":153},"emotion":[],"intent":[{"text":"국가 기관으로서 어 국가가 고령화 사회로 접어들고 그로 인한 지병 신종 질병 혹은 웰빙에 대한 수요가 증가하는 것에 대해서 분명한 그 진행 사항을 파악하고 그러한 사람들이 증가함에 따라 더 많은 복지 정책들을 내놓고 더 많은 복지 방안들을 만드는 일이 가장 중요하다고 생각합니다.","expression":"c_value","category":"background"},{"text":"그렇기 때문에 건보공단은 통계청 혹은 기타 의료 집단들과 더더욱 긴밀하게 협력하여 고령화 사회로 가는 진행 속도를 더욱더 빠르게 한 발짝 앞서서 파악하고 그에 따른 다양한 정책들을 좀 더 빠르게 제출하고 그들을 위한 복지 정책 복지 방안 등을 마련해야 할 것이라고 생각합니다.","expression":"c_value","category":"background"}],"summary":{"text":"고령화 사회로 접어들면서 질병에 대한 수요가 증가함에 따라 건보공단은 더 많은 복지 정책들을 내놓고 복지 방안들을 만드는 일이 가장 중요하다고 생각합니다. 현재 정부의 정책들이 고령화 사회로 가며 발생하는 질병의 증가세를 따라가지 못하고 있기에 고령화 진행 속도를 빠르게 파악하고 다양한 정책들을 빠르게 제출하고 그들을 위한 복지 정책, 복지 방안 등을 마련해야 할 것입니다.","wordCount":52}}},"rawDataInfo":{"question":{"fileFormat":"wav","fileSize":393998,"duration":12310,"samplingBit":16,"channelCount":1,"samplingRate":"16kHz","audioPath":"/Mock/04.RND/Male/New/ckmk_q_rnd_m_n_328958.wav"},"answer":{"fileFormat":"wav","fileSize":2510158,"duration":78440,"samplingBit":16,"channelCount":1,"samplingRate":"16kHz","audioPath":"/Mock/04.RND/Male/New/ckmk_a_rnd_m_n_328958.wav"}}}