{"version":"1.0","dataSet":{"info":{"date":"20230116","occupation":"RND","channel":"MOCK","place":"ONLINE","gender":"MALE","ageRange":"55-","experience":"NEW"},"question":{"raw":{"text":"지원자께서 지금까지 하신 논문 보고서 등 자신의 관심사를 가장 잘 드러낼 수 있는 대표적인 학술 실적을 한 가지 정도 소개하신다면 어떠한 것이 있겠습니까","wordCount":23},"emotion":[],"intent":[]},"answer":{"raw":{"text":"네 제가 대학교 때 졸업 논문 쓴 것이 생각이 납니다. 그때 뭐 깊이 있게 쓰지는 못했지만 그래도 좀 여러 가지 책을 읽고 어떤 인간이 맞이하는 죽음에 대한 생각을 정리한 적이 있었는데요. 제목은 죽음의 환산이었습니다. 상당히 어려운 아 내용이었지만 결국은 어 누구나 다 마찬가지로 어떤 죽음이라는 그 센텐스 언도를 받아 놓고 그 주어진 시간을 잘 살다가 가는 것이 인생 아닌가 하는 그런 생각에서 쓰게 된 것이었었습니다. 그래서 결국 어떤 죽음을 좀 잘게 나누어서 환산 시간으로 환산해서 그 주어진 시간만큼 살다 가는 것이 아닌가 그런 얘기였었습니다.","wordCount":84},"emotion":[],"intent":[{"text":"","expression":"","category":"attitude"}],"summary":{"text":"죽음의 환산이라는 논문을 쓴 적이 있습니다. 죽음을 잘게 나누어서 환산 시간으로 환산해서 그 주어진 시간만큼 살다 가는 것이 아닌가 하는 얘기였습니다.","wordCount":21}}},"rawDataInfo":{"question":{"fileFormat":"wav","fileSize":533838,"duration":16680,"samplingBit":16,"channelCount":1,"samplingRate":"16kHz","audioPath":"/Mock/04.RND/Male/New/ckmk_q_rnd_m_n_341927.wav"},"answer":{"fileFormat":"wav","fileSize":2556878,"duration":79900,"samplingBit":16,"channelCount":1,"samplingRate":"16kHz","audioPath":"/Mock/04.RND/Male/New/ckmk_a_rnd_m_n_341927.wav"}}}