{"version":"1.0","dataSet":{"info":{"date":"20230116","occupation":"RND","channel":"MOCK","place":"ONLINE","gender":"MALE","ageRange":"55-","experience":"NEW"},"question":{"raw":{"text":"기차가 운행 시에 산사태로 삼십 분 동안 정차되었습니다 만약 지원자님이 관리 책임의 위치에 있다면 어떻게 조치하실 건가요","wordCount":17},"emotion":[],"intent":[]},"answer":{"raw":{"text":"예 이와 비슷한 그런 어 상황을 제가 직접 겪었는데 이것보다 더 더 심했을 겁니다. 어 이천 년도 겨울에 하얼 빈에 빙등 축제가 있어서 그걸 보러 가려고 심양에서 어 하얼빈 가는 기차를 탔는데 어 중국에는 겨울이 되게 되면 그 당시만 해도 삼십 년 전이니까 지금은 다르겠지만 눈이 많이 왔어요. 그리고 어 심양만 해도 낮 평균 기온이 영하 십 육 도 영하 이십 도 정도 그렇게 됐으니까 굉장히 추운 날이었고 그래서 기차를 타고 출발을 했는데 하얼빈 약 한 백 킬로 전에 눈이 너무 많이 와가지고 선로가 눈으로 뒤집혀서 기차가 정차를 했어요. 그래서 한 여덟 시간 정도 기차 안에서 생활을 했었었는데 어 그런데 묘하게도 제 지금 기억으로는 그 당시에 중국 사람들이 굉장히 차분했습니다. 거의 뭐 떠들썩할 정도의 소요가 일어난 것도 아니고 어 뭐 당연시하다는 듯한 그런 모습들이었고 전혀 불안해하지 않았어요. 그냥 어 기다리면 기차는 갈 것이라고. 어 산사태를 삼십 분 동안 정차가 됐을 때 제일 불안한 요소를 느끼는 건 사실은 무엇 때문에 처음 겪는 그러니까 처음 겪는 일이기 때문에 그럴 거라고 보는데 뭐 안전을 위해서 아니면은 어 어 불안감을 해소하는 그런 어 조치를 취해야 되겠습니다.","wordCount":172},"emotion":[],"intent":[{"text":"","expression":"","category":"attitude"}],"summary":{"text":"이천 년도 겨울에 하얼빈에 빙등 축제가 있어서 가는 기차를 탔는데 하얼빈은 눈이 너무 많이 와서 기차가 정차를 했습니다. 그런데 사람들은 전혀 불안해하지 않고 기다리면 기차는 갈 것이라고 하였습니다. 산사태를 30분 동안 정차했을 때 제일 불안한 요소는 처음 겪는 일이기 때문에 그럴 것이라고 봅니다. 안전을 위해서 불안감을 해소하는 조치를 취해야 되겠습니다.","wordCount":50}}},"rawDataInfo":{"question":{"fileFormat":"wav","fileSize":608078,"duration":19000,"samplingBit":16,"channelCount":1,"samplingRate":"16kHz","audioPath":"/Mock/04.RND/Male/New/ckmk_q_rnd_m_n_247187.wav"},"answer":{"fileFormat":"wav","fileSize":3673678,"duration":114800,"samplingBit":16,"channelCount":1,"samplingRate":"16kHz","audioPath":"/Mock/04.RND/Male/New/ckmk_a_rnd_m_n_247187.wav"}}}