{"version":"1.0","dataSet":{"info":{"date":"20230116","occupation":"RND","channel":"MOCK","place":"ONLINE","gender":"MALE","ageRange":"-34","experience":"NEW"},"question":{"raw":{"text":"개발도 중요한 부분이고 환경도 중요한 부분입니다 두 가지가 조화가 잘 이루어져야 성공적인 결과물을 낼 수가 있는데요 개발과 환경의 바람직한 조화에 대해서 말씀해 주세요","wordCount":23},"emotion":[],"intent":[]},"answer":{"raw":{"text":"개발과 환경의 바람직한 조화란 결국 개발이 왜 있어야 하는지 개발을 하는 이유에서 찾아야 한다고 생각합니다. 우리가 개발을 하는 이유는 결국 사람들에게 더 좋은 삶의 터전을 마련해 주고 삶의 질을 높이기 위함인데요. 그런데 갈수록 환경의 중요성이 강조되고 있고 또 환경과 함께 살아가는 이 사람들의 삶 속에서 이 환경에 끼치는 영향이 굉장히 중요하다는 것을 사람들도 많이 알고 있습니다. 무작정 개발에만 집중을 하면서 환경을 파괴하게 된다면 이 개발의 본질적인 목표인 더 좋은 삶에 다가갈 수 없을지도 모르는데요. 왜냐하면 환경이 사람에 삶에 미치는 영향이 굉장히 크다는 것을 우리는 잘 알고 있기 때문입니다. 그렇기 때문에 환경을 잘 보존하면서 이 개발을 이어가는 것이 굉장히 중요하고 그 밸런스가 무엇보다 중요하다고 생각하는데요. 환경을 사람들이 잘 지켜나가면서도 이 개발을 할 수 있는 여러 가지 방법이 있습니다. 이 환경을 헤치지 않는 선에서 삶의 질을 높이고 또 환경도 사람들이 즐길 수 있게 하는 개발이 정말 조화로운 개발과 환경이라고 생각하고 이것이 개발의 본질적인 목적에도 더 부합하는 방식이라고 생각합니다.","wordCount":146},"emotion":[],"intent":[{"text":"","expression":"","category":"attitude"}],"summary":{"text":"우리가 개발을 하는 이유는 사람들에게 더 좋은 삶의 터전을 마련해 주고 삶의 질을 높이기 위함인데, 갈수록 환경의 중요성이 강조되고 있고 이 환경과 함께 살아가는 사람들 속에서 환경에 끼치는 영향이 굉장히 중요하다는 것을 사람들도 많이 알고 있기 때문에 환경을 잘 보존하면서 개발을 이어나가는 것이 굉장히 중요합니다.","wordCount":45}}},"rawDataInfo":{"question":{"fileFormat":"wav","fileSize":636238,"duration":19880,"samplingBit":16,"channelCount":1,"samplingRate":"16kHz","audioPath":"/Mock/04.RND/Male/New/ckmk_q_rnd_m_n_252379.wav"},"answer":{"fileFormat":"wav","fileSize":3765198,"duration":117660,"samplingBit":16,"channelCount":1,"samplingRate":"16kHz","audioPath":"/Mock/04.RND/Male/New/ckmk_a_rnd_m_n_252379.wav"}}}