{"version":"1.0","dataSet":{"info":{"date":"20230116","occupation":"RND","channel":"MOCK","place":"ONLINE","gender":"MALE","ageRange":"35-44","experience":"NEW"},"question":{"raw":{"text":"현대 사회에서 없어서는 안 될 가장 중요하다고 생각하시는 직업은 무엇인가요 한 가지만 골라서 그 이유와 함께 말씀해 주세요","wordCount":18},"emotion":[],"intent":[]},"answer":{"raw":{"text":"어 각 분야의 상담 어 사라고 저는 생각합니다. 어 요즘 어 급변하는 사회와 어 수많은 스트레스 때문에 어 정신적으로도 어떤 사람 간의 관계에서도 어 좀 많은 상담들이 필요한 것 같습니다. 음 심리적인 거나 정신적인 거나 관계적인 것을 어 많은 사람들이 어 상담이 필요하고 또 요즘에 인간관계도 계속 협소해 져가서 어 사람끼리의 대화하고 하는 것보다는 좀 이 온라인에 더 많은 시간을 보내고 어 온라인 안에서만 어떤 얘기를 하고 또 사회에서는 사회적 가면을 쓰고 생활을 하기 때문에 어 온전히 나를 그대로 드러내서 어 나의 문제점을 좀 찾고 어 아픈 어떤 정신이나 마음을 치료할 수 있는 그런 상담을 해 주시는 음 그런 전문적인 상담사 분들이 어 가장 중요하고 음 없어서는 안 될 그런 직업이라고 저는 생각합니다.","wordCount":113},"emotion":[],"intent":[{"text":"","expression":"","category":"attitude"}],"summary":{"text":"급변하는 사회와 많은 스트레스 때문에 많은 사람들의 상담이 필요합니다. 인간관계도 협소해져서 온라인에 더 많은 시간을 보내고, 사회적 가면을 쓰고 생활을 하기에 저의 문제점을 찾고 치료할 수 있는 상담사 분들은 가장 중요하고 없어서는 안 될 직업입니다.","wordCount":35}}},"rawDataInfo":{"question":{"fileFormat":"wav","fileSize":620238,"duration":19380,"samplingBit":16,"channelCount":1,"samplingRate":"16kHz","audioPath":"/Mock/04.RND/Male/New/ckmk_q_rnd_m_n_279740.wav"},"answer":{"fileFormat":"wav","fileSize":3182158,"duration":99440,"samplingBit":16,"channelCount":1,"samplingRate":"16kHz","audioPath":"/Mock/04.RND/Male/New/ckmk_a_rnd_m_n_279740.wav"}}}