{"version":"1.0","dataSet":{"info":{"date":"20230116","occupation":"RND","channel":"MOCK","place":"ONLINE","gender":"MALE","ageRange":"-34","experience":"NEW"},"question":{"raw":{"text":"지원자분께서 저희 회사에 들어오시게 되었을 때 가장 가고 싶은 부서가 있으시다면 어디인지 그리고 그 부서를 왜 제일 가고 싶으신지 그 이유까지 함께 이야기해 주신다면 좋겠습니다","wordCount":25},"emotion":[],"intent":[]},"answer":{"raw":{"text":"저는 설계 부서에 지원을 하고 싶습니다. 저는 어릴 적부터 어 설계 쪽에 관심이 많았는데요. 특히 저는 제가 무엇인가를 창조를 하고 그리고 만지는 것에 커다란 재능이 있었습니다. 또한 아버지께서도 설계 회사를 운영하시기에 그곳에서 실질적인 실무를 체험할 기회도 정말로 많았습니다. 따라서 대학교에서도 고로 또 이제 대학교에서도 에이 플러스를 놓친 적이 없었고요. 이 경험을 토대로 이러한 실무적인 경험을 토대로 저는 이 회사에 지원을 하게 되었고 따라서 저는 회사에 이제 설계 쪽에 부서에 지원을 해서 설계 쪽으로 톱을 만들고 싶습니다. 이상으로 저희 답변을 마치도록 하겠습니다. 들어주셔서 감사합니다.","wordCount":83},"emotion":[{"text":"저는 어릴 적부터 어 설계 쪽에 관심이 많았는데요.","expression":"p-interest","category":"positive"},{"text":"특히 저는 제가 무엇인가를 창조를 하고 그리고 만지는 것에 커다란 재능이 있었습니다.","expression":"p-interest","category":"positive"}],"intent":[{"text":"저는 어릴 적부터 어 설계 쪽에 관심이 많았는데요.","expression":"c_private","category":"background"},{"text":"따라서 대학교에서도 고로 또 이제 대학교에서도 에이 플러스를 놓친 적이 없었고요.","expression":"c_private","category":"background"},{"text":"이 경험을 토대로 이러한 실무적인 경험을 토대로 저는 이 회사에 지원을 하게 되었고 따라서 저는 회사에 이제 설계 쪽에 부서에 지원을 해서 설계 쪽으로 톱을 만들고 싶습니다.","expression":"c_sincere_job","category":"etc"}],"summary":{"text":"설계 부서에 지원을 하고 싶습니다. 어릴 적부터 설계에 관심이 많고, 아버지의 설계 회사 운영 경험을 토대로 실무적인 경험을 토대로 회사에 지원을 하게 되었고, 설계 쪽으로 톱을 만들겠습니다.","wordCount":27}}},"rawDataInfo":{"question":{"fileFormat":"wav","fileSize":567118,"duration":17720,"samplingBit":16,"channelCount":1,"samplingRate":"16kHz","audioPath":"/Mock/04.RND/Male/New/ckmk_q_rnd_m_n_279120.wav"},"answer":{"fileFormat":"wav","fileSize":1880718,"duration":58770,"samplingBit":16,"channelCount":1,"samplingRate":"16kHz","audioPath":"/Mock/04.RND/Male/New/ckmk_a_rnd_m_n_279120.wav"}}}