{"version":"1.0","dataSet":{"info":{"date":"20230116","occupation":"RND","channel":"MOCK","place":"ONLINE","gender":"MALE","ageRange":"35-44","experience":"NEW"},"question":{"raw":{"text":"만약 지원자님께서 지금 지원하신 해당 직무가 아니라 다른 부서에 배치를 받게 된다면 어떻게 하실 건가요 그래도 근무를 하실 건가요","wordCount":19},"emotion":[],"intent":[]},"answer":{"raw":{"text":"네 제가 지원하지 않는 업무에 배치된다고 하더라도 저는 실망하지 않고 그 업무에 최선을 다할 것입니다. 한 회사에 여러 가지 업무가 있지만 결국 모든 업무는 그 회사가 추구하는 방향 다시 말해서 이익을 추구하는 방향에 맞게 설계되어 있다고 생각합니다. 기계가 아니지만 회사를 기계에 비유해 본다고 했을 때 이 부품 저 부품을 옮겨 다니면서 그것이 어떻게 기능하는지를 파악을 한다면 이후 어떤 업무에 가더라도 혹은 정말로 원했던 업무에 갔을 때 이전까지의 경험을 살려서 또 다른 시각을 제공할 수 있다고 생각합니다. 그렇기 때문에 저는 지금 지원한 직무가 아닌 다른 직무에 배치된다고 하더라도 우선은 성실히 임하겠습니다. 그리고 계속 어필을 하여 저희가 원하는 직무로 갈 수 있도록 그 기간이 일 년 이 년이 걸리더라도 계속 노력할 것입니다.","wordCount":110},"emotion":[],"intent":[{"text":"","expression":"","category":"attitude"}],"summary":{"text":"저는 지원한 직무가 아닌 다른 직무에 배치된다고 하더라도 최선을 다할 것입니다. 그리고 계속 어필을 하여 저희가 원하는 직무로 갈 수 있도록 그 기간이 일 년 이 년이 걸리더라도 계속 노력할 것입니다.","wordCount":31}}},"rawDataInfo":{"question":{"fileFormat":"wav","fileSize":617678,"duration":19300,"samplingBit":16,"channelCount":1,"samplingRate":"16kHz","audioPath":"/Mock/04.RND/Male/New/ckmk_q_rnd_m_n_290333.wav"},"answer":{"fileFormat":"wav","fileSize":2701838,"duration":84430,"samplingBit":16,"channelCount":1,"samplingRate":"16kHz","audioPath":"/Mock/04.RND/Male/New/ckmk_a_rnd_m_n_290333.wav"}}}