{"version":"1.0","dataSet":{"info":{"date":"20230116","occupation":"RND","channel":"MOCK","place":"ONLINE","gender":"MALE","ageRange":"-34","experience":"NEW"},"question":{"raw":{"text":"얼마 전에 구급대원이 주취자에게 폭행을 당해서 순직 당하는 일이 있었죠 이 사건에 대해서 지원자님은 어떻게 생각하시나요","wordCount":16},"emotion":[],"intent":[]},"answer":{"raw":{"text":"얼마 전 구급 대원이 주취자에게 폭행을 당해 순직 당하는 일을 저도 뉴스를 통해 전해 들었는데요. 정말 황당하고 안타까운 일이었습니다. 그러면서 저는 시스템적인 제도 개선이 필요하다고 생각 했는데요. 단순히 이 구급 대원이 운이 없어서 주취자에게 폭행을 당해 사망을 상한 사 사망을 당한 사건으로 치부할 것이 아니라 이렇듯 구급 대원이 무방비로 위험에 노출되게 된 이 시스템에 문제가 있다는 점을 봐야 한다고 생각합니다. 이러한 구급 대원이 우리 사회에서 끼치는 영향은 굉장히 큽니다. 바로 사회에 안전망을 담당하고 있는 그 사람들이 이런 구급 대원이기 때문인데요. 그렇기 때문에 더욱더 중요한 것은 이러한 구급 대원들에 대한 안전이 보장되어야 한다는 것입니다. 사회에 안전을 책임지는 구급 대원의 안전이 보장되지 않는다면 이러한 구급 대원에 대한 수요는 갈수록 늘어남에도 구급 대원 지원자는 갈수록 줄어들 것이기 때문입니다. 그래서 저는 이번 사건을 계기로 이러한 구급 대원에 대한 안전을 보장하는 법적인 제도 개선이 필요하다고 생각합니다. 구급 대원이 현장에 출동할 때 이러한 구급 대원의 안전을 보장할 수 있는 누군가가 동행해야 한다고 생각 하고 이러한 주취자가 폭행을 통해 구급 대원에게 위협을 하려 할 때 그것을 막아야 한다고 생각합니다.","wordCount":162},"emotion":[{"text":"그래서 저는 이번 사건을 계기로 이러한 구급 대원에 대한 안전을 보장하는 법적인 제도 개선이 필요하다고 생각합니다.","expression":"u-belief","category":"neutral"}],"intent":[{"text":"","expression":"","category":"attitude"}],"summary":{"text":"구급 대원이 주취자에게 폭행을 당해 순직하는 일을 접한 후 시스템적인 제도 개선이 필요하다고 생각했습니다. 구급대원이 무방비로 위험에 노출되게 된 이 시스템에 문제가 있다는 점을 봐야하며, 이러한 구급원들에 대한 안전이 보장되어야 하며 주취자가 폭행으로 위협을 하려 할 때 그것을 막아야 한다고 생각합니다.","wordCount":41}}},"rawDataInfo":{"question":{"fileFormat":"wav","fileSize":577998,"duration":18060,"samplingBit":16,"channelCount":1,"samplingRate":"16kHz","audioPath":"/Mock/04.RND/Male/New/ckmk_q_rnd_m_n_256499.wav"},"answer":{"fileFormat":"wav","fileSize":3814798,"duration":119210,"samplingBit":16,"channelCount":1,"samplingRate":"16kHz","audioPath":"/Mock/04.RND/Male/New/ckmk_a_rnd_m_n_256499.wav"}}}