{"version":"1.0","dataSet":{"info":{"date":"20230116","occupation":"RND","channel":"MOCK","place":"ONLINE","gender":"MALE","ageRange":"35-44","experience":"NEW"},"question":{"raw":{"text":"이전 직장에서 퇴사한 다음 그것을 후회한 적은 없으신가요 있다면 왜 후회하셨는지 그 이유도 함께 얘기해 주세요","wordCount":16},"emotion":[],"intent":[]},"answer":{"raw":{"text":"저는 이전 직장에서 퇴사를 하고 아주 많은 후회를 하였습니다. 물론 그 회사를 그만둔 것을 후회하는 것이 아니었습니다. 제가 후회했던 것은 회사를 그만두기 전에 앞으로 어떻게 살아갈 것인지에 대한 준비가 너무 없었기 때문입니다. 처음 일 년은 마냥 수레바퀴 같은 삶에서 벗어난 것이 좋아 노는 데에 집중하였지만 그 이후에는 제가 너무 준비 없이 냉혹한 사회에 나왔구나 를 깨닫게 되었습니다. 준비 없이 나오다 보니 꽤 많은 시간을 허비하고 방황하기도 하였습니다. 그래서 저는 만약 퇴사를 생각하는 이들이 있다면 항상 자신이 퇴사 이후에 무엇을 할지 준비가 되었는지를 다시 한 번 돌아보라는 조언을 하고 있습니다.","wordCount":89},"emotion":[],"intent":[{"text":"","expression":"","category":"attitude"}],"summary":{"text":"저는 이전 직장에서 퇴사를 하고 굉장히 많은 후회를 하였습니다. 준비 없이 나오다 보니 많은 시간을 허비하고 방황하기도 하였기 때문에, 퇴사를 생각하는 이들이 있다면 항상 자신이 퇴사 이후에 무엇을 할지 준비가 되었는지를 다시 한 번 돌아보라는 조언을 하고 있습니다.","wordCount":38}}},"rawDataInfo":{"question":{"fileFormat":"wav","fileSize":316238,"duration":9880,"samplingBit":16,"channelCount":1,"samplingRate":"16kHz","audioPath":"/Mock/04.RND/Male/New/ckmk_q_rnd_m_n_320887.wav"},"answer":{"fileFormat":"wav","fileSize":2423758,"duration":75740,"samplingBit":16,"channelCount":1,"samplingRate":"16kHz","audioPath":"/Mock/04.RND/Male/New/ckmk_a_rnd_m_n_320887.wav"}}}