{"version":"1.0","dataSet":{"info":{"date":"20230116","occupation":"RND","channel":"MOCK","place":"ONLINE","gender":"MALE","ageRange":"55-","experience":"NEW"},"question":{"raw":{"text":"어 팀으로 일하는 것과 혼자 일하는 것 중에 어떤 것을 더 선호하시는지 궁금합니다 그리고 그것을 더 선호하시는 이유도 함께 말씀해 주시길 바랍니다","wordCount":22},"emotion":[],"intent":[]},"answer":{"raw":{"text":"저는 혼자 일하는 것을 선호합니다. 그 이유는 혼자 일하게 되면 생산성이 상당히 높습니다. 제가 기획을 하고 제가 일을 에 대해서 알파부터 오메가까지 그 일정이나 여러 가지 부분을 계획하고 그것을 수행할 때 제 머릿속에서 저 자신과 커뮤니케이션을 하기 때문에 어 상당히 정확하고 빠르게 에 일이 진행이 될 수 있다고 생각합니다. 하지만 단점도 분명히 있습니다. 단점은 무엇이냐 하면 저만 생각을 하고 제가 생각하지 못한 어 그런 점들에 대해서는 반드시 어떠한 문제가 발생을 한다거나 또 예외 사항이 발생할 수도 있을 그런 가능성이 있기 때문입니다. 그래서 팀원하고 일하는 것은 어 반드시 또 필요하다고 생각합니다. 이랬을 때 에 제 안에 있는 여러 가지 생각이나 또 여러 가지 아이디어들을 여하의 그 팀원들하고 공유를 하느냐 이런 것들이 상당히 그 중요한 그러한 팩터가 되겠죠. 중요한 것은 혼자 일하던 팀원과 같이 일하건 그 프로젝트나 일의 목표에 집중을 해야 된다는 것입니다.","wordCount":131},"emotion":[],"intent":[{"text":"","expression":"","category":"attitude"}],"summary":{"text":"저는 개인적으로 혼자 일 하는 것을 선호합니다. 그 이유는 제가 기획을 하고 그것을 수행할 때 제 머릿속에서 저 자신과 커뮤니케이션을 하기 때문에 정확하고 빠르게 일이 진행이 되기 때문입니다. 중요한 것은 혼자 일하던 팀원과 일하건 그 프로젝트나 일의 목표에 집중을 해야 한다는 것입니다.","wordCount":42}}},"rawDataInfo":{"question":{"fileFormat":"wav","fileSize":480078,"duration":15000,"samplingBit":16,"channelCount":1,"samplingRate":"16kHz","audioPath":"/Mock/04.RND/Male/New/ckmk_q_rnd_m_n_324719.wav"},"answer":{"fileFormat":"wav","fileSize":3482318,"duration":108820,"samplingBit":16,"channelCount":1,"samplingRate":"16kHz","audioPath":"/Mock/04.RND/Male/New/ckmk_a_rnd_m_n_324719.wav"}}}