{"version":"1.0","dataSet":{"info":{"date":"20230116","occupation":"RND","channel":"MOCK","place":"ONLINE","gender":"MALE","ageRange":"35-44","experience":"NEW"},"question":{"raw":{"text":"특별히 가고 싶은 회사가 있나요 회사를 볼 때 특정 도메인을 중요하게 생각하는지 회사의 분위기가 중요한지 어떤 점들을 중점적으로 보시는지 궁금합니다","wordCount":20},"emotion":[],"intent":[]},"answer":{"raw":{"text":"어 저는 어 제가 가고 싶은 회사의 특징은 어 그 회사의 사업 영역보다 그 회사가 가지고 있는 비전 미래에 대한 확신 그리고 업무에 대한 보상 정도가 어 가장 어 중요 중점적으로 보는 사항이라고 생각합니다. 어 그런 미래에 대한 아젠다를 제시해 주는 업체 업체가 어 직원들로 하여금 훨씬 더 어 많이 참여할 수 있게 유도해 주는 것이고 그리고 어 직원들을 고취시키는 방법은 어 업무에 대한 보상이라고 생각합니다. 그래서 저는 어 이 세 가지를 가장 중요하게 생각합니다.","wordCount":75},"emotion":[],"intent":[{"text":"","expression":"","category":"attitude"}],"summary":{"text":"저는 비전, 확신, 보상이 회사 특징이라고 생각합니다. 비전을 제시해 주는 업체가 직원 참여를 유도하고, 직원 고취 방법은 업무 보상이라 생각합니다. 그래서 이 세 가지를 중요하게 생각합니다.","wordCount":26}}},"rawDataInfo":{"question":{"fileFormat":"wav","fileSize":393998,"duration":12310,"samplingBit":16,"channelCount":1,"samplingRate":"16kHz","audioPath":"/Mock/04.RND/Male/New/ckmk_q_rnd_m_n_291951.wav"},"answer":{"fileFormat":"wav","fileSize":1946318,"duration":60820,"samplingBit":16,"channelCount":1,"samplingRate":"16kHz","audioPath":"/Mock/04.RND/Male/New/ckmk_a_rnd_m_n_291951.wav"}}}