{"version":"1.0","dataSet":{"info":{"date":"20230116","occupation":"RND","channel":"MOCK","place":"ONLINE","gender":"MALE","ageRange":"35-44","experience":"NEW"},"question":{"raw":{"text":"배달의민족을 사용하시면서 서비스와 관련해 아쉬웠던 부분이 있으셨나요 있었다면 무엇인지 말씀해 주실 수 있나요","wordCount":13},"emotion":[],"intent":[]},"answer":{"raw":{"text":"어 배달의민족 음 서비스 자체는 어 잘 이용하고 있는데 어 가끔씩 제가 지금 아이폰을 사용하고 있는데 어 그 배달의민족 어플을 그 앱이 아이폰에서 가끔씩 인제 주문을 하는 중에도 튕겨가지고 꺼지는 부분이 있더라고요. 그래서 어 그게 자주는 아닌데 한 두어 번 어 이렇게 되니까 어 다른 분들도 이런 음 시스템 오류가 있을 텐데 왜 개선을 안 하지 어 배달의 민족 어 회사 측에서 왜 이 어플을 좀 손보지 않지 라는 생각이 좀 들더라고요. 어 이게 시켜 먹으려고 막 주문을 하다가 그렇게 어플이 꺼져 버리고 어 다시 들어갔을 때는 그 어 주문하던 화면이 아니라 첫 화면으로 돌아가기 때문에 어 그러다 보면은 좀 시켜먹기가 싫어지고 어 이용하기가 싫어지는 경우들이 있어서 어 서비스도 서비스지만 그런 기본적인 어 앱 그 환경 앱의 어 버그나 오류 등을 좀 수시로 체크하고 수정해 주셨으면 하는 그런 부분이 있습니다.","wordCount":130},"emotion":[],"intent":[{"text":"","expression":"","category":"attitude"}],"summary":{"text":"배달의민족 어플이 주문 중 팅겨가지고 꺼지는 현상이 있습니다. 주문하던 화면이 아닌 첫 화면으로 돌아가기 때문에 이용하기가 싫어지는 경우가 있어서 기본적인 어 앱, 환경 앱의 버그나 오류 등을 수시로 체크하고 수정해 주셨으면 하는 부분입니다.","wordCount":33}}},"rawDataInfo":{"question":{"fileFormat":"wav","fileSize":389198,"duration":12160,"samplingBit":16,"channelCount":1,"samplingRate":"16kHz","audioPath":"/Mock/04.RND/Male/New/ckmk_q_rnd_m_n_273123.wav"},"answer":{"fileFormat":"wav","fileSize":3192398,"duration":99760,"samplingBit":16,"channelCount":1,"samplingRate":"16kHz","audioPath":"/Mock/04.RND/Male/New/ckmk_a_rnd_m_n_273123.wav"}}}