{"version":"1.0","dataSet":{"info":{"date":"20230116","occupation":"RND","channel":"MOCK","place":"ONLINE","gender":"MALE","ageRange":"35-44","experience":"NEW"},"question":{"raw":{"text":"지원자분께서는 본인의 의견을 주장하실 때 보다 강하게 주장하려고 하시는 편인지 궁금합니다 주로 어떤 스타일로 자신의 의견을 주장하시는지 답변 부탁드리겠습니다","wordCount":19},"emotion":[],"intent":[]},"answer":{"raw":{"text":"어 저는 음 양쪽의 모습이 다 있는 것 같습니다. 어 강하게 좀 제가 주장하는 모습도 있고 좀 어 어떤 주장이 어 누군가가 너무 좀 쎄게 주장을 하고 그 주장만이 어 자기는 맞다 라고 생각한다 라고 하면 그냥 일정 부분 수용을 하는 어 그런 모습들이 좀 혼재되어 있다 라고 생각을 합니다. 어 하지만 제가 강하게 주장할 때는 어 철저하게 어 그 근거와 음 이유를 토대로 뭐 자료 조사를 한다든지 아니면 논리적인 어떤 어 탄탄한 완벽에 가까운 구조를 만들어서 음 주장을 한다든지 하는 편입니다. 어 사실 강하게 주장을 매번 하지는 않지만 어 제 나름대로 아 이거는 분명히 어 받아들여질 가치가 있는 주장이고 생각이고 또 이걸 내가 좀 강하게 좀 밀어붙이지 않으면 안 되겠다 이걸 내가 좀 강하게 해야 어떤 좋은 성과가 있을 수 있다 라고 확신이 된다면 어 저는 준비를 많이 해서 의견을 주장을 하는 스타일입니다.","wordCount":134},"emotion":[],"intent":[{"text":"","expression":"","category":"attitude"}],"summary":{"text":"저는 강하게 주장하는 모습과 강하게 주장하는 모습이 혼재되어 있다고 생각하며, 항상 강하게 주장을 하지는 않지만 어 받아들여질 가치가 있는 주장이라고 생각하여 준비를 많이 해서 의견을 주장을 하는 스타일입니다.","wordCount":28}}},"rawDataInfo":{"question":{"fileFormat":"wav","fileSize":492878,"duration":15400,"samplingBit":16,"channelCount":1,"samplingRate":"16kHz","audioPath":"/Mock/04.RND/Male/New/ckmk_q_rnd_m_n_304610.wav"},"answer":{"fileFormat":"wav","fileSize":3128398,"duration":97760,"samplingBit":16,"channelCount":1,"samplingRate":"16kHz","audioPath":"/Mock/04.RND/Male/New/ckmk_a_rnd_m_n_304610.wav"}}}