{"version":"1.0","dataSet":{"info":{"date":"20230116","occupation":"RND","channel":"MOCK","place":"ONLINE","gender":"MALE","ageRange":"35-44","experience":"NEW"},"question":{"raw":{"text":"만약 이직을 생각하는 동료를 만나게 된다면 그 동료에게 뭐라고 말씀하실 건가요 그리고 왜 그렇게 말씀하실지 그 이유도 함께 설명해 주세요","wordCount":20},"emotion":[],"intent":[]},"answer":{"raw":{"text":"어 어떻게든 좀 버텨보자고 어 서로 좀 어 제가 도와줄 테니까 좀 힘든 게 있으면 저한테 좀 얘기를 하고 어 좀 조금만 더 버텨보자 라고 말할 것 같습니다. 어 아마 음 어떤 회사에 불만이 있고 좀 힘든 부분들이 있어서 그렇게 말할 것 같은데 사실 조건 때문에 이직하는 건 어 아닐 것 같다 라는 생각이 듭니다. 조건은 어 이미 어 이 회사도 조건이 좋은 부분이기 때문에 아마 업무 스트레스 뭐 이런 부분으로 이직을 어 생각할 것 같은데 사실 이 회사 말고 다른 회사를 간다고 해도 음 업무가 뭐 훨씬 더 수월하거나 편하거나 어 환경이 많이 좋아지거나 하지는 않을 거기 때문에 그 부분에 대해서 현실적으로 얘기를 해주고 아 좀 같이 한 번 버텨보자. 또 어 물론 제가 좋아하는 동료라는 어 가정 하에 말씀드리는 겁니다. 음 그게 아니라면 사실 뭐 이직을 하든 말든 저는 상관할 바가 아니라고 생각하기 때문에 아 제가 좋아하는 동료라면 좀 최대한 말리고 어 토닥이면서 어 회사에 남아서 잘 또 적응하고 어 잘 헤쳐나갈 수 있도록 음 그렇게 말을 해주고 싶습니다.","wordCount":161},"emotion":[],"intent":[{"text":"","expression":"","category":"attitude"}],"summary":{"text":"조건 때문에 이직하는 것은 아닐 것 같습니다. 이직을 생각하는 것은 업무 스트레스로 생각할 것 같은데 다른 회사를 가더라도 업무가 훨씬 더 수월하거나 편하지 않습니다. 제가 좋아하는 동료라면 최대한 말리고 토닥이면서 회사에 남아 잘 적응하고 잘 헤쳐나갈 수 있도록 그렇게 말을 해주고 싶습니다.","wordCount":42}}},"rawDataInfo":{"question":{"fileFormat":"wav","fileSize":403278,"duration":12600,"samplingBit":16,"channelCount":1,"samplingRate":"16kHz","audioPath":"/Mock/04.RND/Male/New/ckmk_q_rnd_m_n_273131.wav"},"answer":{"fileFormat":"wav","fileSize":3681678,"duration":115050,"samplingBit":16,"channelCount":1,"samplingRate":"16kHz","audioPath":"/Mock/04.RND/Male/New/ckmk_a_rnd_m_n_273131.wav"}}}