{"version":"1.0","dataSet":{"info":{"date":"20230116","occupation":"RND","channel":"MOCK","place":"ONLINE","gender":"MALE","ageRange":"55-","experience":"NEW"},"question":{"raw":{"text":"따로 하고 계신 스터디가 있으시다면 어떤 공부를 하고 있고 왜 공부를 하고 계신지도 함께 말씀해 주세요","wordCount":16},"emotion":[],"intent":[]},"answer":{"raw":{"text":"최근 공부하는 분야는 문화에 대한 분야를 공부하고 있습니다. 최근 국제 트렌드는 특정한 문화를 전 세계에서 공유하는 것이라고 생각합니다. 한류 열풍이라는 것은 음악에서 시작해서 영화로까지 그리고 다른 분야에서도 우리나라에 이 막대한 이득을 주고 있습니다. 이것은 문화를 기반으로 한 일입니다. 그렇기에 문화 공부를 더 열심히 하면 국가에 더 도움되는 결과물을 얻을 수 있을 것이라고 생각합니다.","wordCount":53},"emotion":[],"intent":[{"text":"","expression":"","category":"attitude"}],"summary":{"text":"최근 국제 트렌드는 특정한 문화를 전 세계에서 공유하는 것으로 문화 공부를 더 열심히 하면 국가에 더 도움이 되는 결과물을 얻을 수 있을 것입니다.","wordCount":23}}},"rawDataInfo":{"question":{"fileFormat":"wav","fileSize":266318,"duration":8320,"samplingBit":16,"channelCount":1,"samplingRate":"16kHz","audioPath":"/Mock/04.RND/Male/New/ckmk_q_rnd_m_n_304660.wav"},"answer":{"fileFormat":"wav","fileSize":2289358,"duration":71540,"samplingBit":16,"channelCount":1,"samplingRate":"16kHz","audioPath":"/Mock/04.RND/Male/New/ckmk_a_rnd_m_n_304660.wav"}}}