{"version":"1.0","dataSet":{"info":{"date":"20230116","occupation":"RND","channel":"MOCK","place":"ONLINE","gender":"MALE","ageRange":"35-44","experience":"NEW"},"question":{"raw":{"text":"혹시 일을 하다가 난관에 봉착하게 된다면 어떻게 해결하실 건가요 본인의 해결 방법과 그 이유를 설명해 주세요","wordCount":16},"emotion":[],"intent":[]},"answer":{"raw":{"text":"직무 수행 시에 난관에 봉착했다면 어 저는 우선 제가 할 수 있는 한 최대한 업무를 진행한 다음에 음 저의 어 고참들에게 지원 요청을 할 것 같습니다. 어 회사라는 조직이 어 혼자 움직이는 것이 아니듯 어 제가 잘 모르는 부분에 대하여 어 도움을 요청하고 도움을 받는 것이 이 조직의 장점인 것 같습니다. 그래서 제가 어 모르는 난관에 봉착하였다면 저는 주변 사람들에게 도움을 요청하여 해결할 예정입니다.","wordCount":64},"emotion":[],"intent":[{"text":"","expression":"","category":"attitude"}],"summary":{"text":"업무 진행 후 고참들에게 지원 요청을 할 것 같습니다. 모르는 부분에 대해 도움을 요청하고 받는 것이 이 조직의 장점이고 난관에 봉착하면 주변 사람들에게 도움 요청하여 해결할 예정입니다.","wordCount":27}}},"rawDataInfo":{"question":{"fileFormat":"wav","fileSize":324878,"duration":10150,"samplingBit":16,"channelCount":1,"samplingRate":"16kHz","audioPath":"/Mock/04.RND/Male/New/ckmk_q_rnd_m_n_291948.wav"},"answer":{"fileFormat":"wav","fileSize":1918478,"duration":59950,"samplingBit":16,"channelCount":1,"samplingRate":"16kHz","audioPath":"/Mock/04.RND/Male/New/ckmk_a_rnd_m_n_291948.wav"}}}