{"version":"1.0","dataSet":{"info":{"date":"20230116","occupation":"RND","channel":"MOCK","place":"ONLINE","gender":"MALE","ageRange":"35-44","experience":"NEW"},"question":{"raw":{"text":"면접자님께서 지금까지 살아오시면서 새로운 환경에 전혀 몰랐던 일을 맡아서 한 경험이 있다면 자세하게 말씀해 주세요","wordCount":15},"emotion":[],"intent":[]},"answer":{"raw":{"text":"저는 과거에 건설 현장에서 삼 개월 일한 경험이 있습니다. 건설 현장 한 번도 가보지 못했던 것이고 그곳에 가서 아파트가 어떻게 지어지는지 자세히 알 수 있었습니다. 저는 특별히 설비 쪽 일을 맡아서 했는데 무거운 파이프를 들어 올리고 벽에 파이프를 설치하는 일을 경험했습니다. 처음에는 몸이 너무 아프고 힘들어서 오래 버티지 못할 줄 알았지만 그래도 주변 좋은 형들이 있었기 때문에 삼 개월 정도 버틸 수 있었습니다. 그 일을 하면서 아파트 설비가 어떻게 진행되어지고 또 배수관과 하수관이 어떻게 이어지는지를 경험할 수 있었습니다. 아파트 건설 현장에서 일한 저의 경험은 새로운 환경에서 전혀 몰랐던 사실을 알려주는 좋은 계기가 되었습니다.","wordCount":93},"emotion":[],"intent":[{"text":"","expression":"","category":"attitude"}],"summary":{"text":"아파트 건설 현장에서 삼 개월 일한 경험으로 아파트가 어떻게 지어지는지 자세히 알 수 있었습니다. 그 일을 하면서 아파트 설비가 어떻게 진행되어지고 또 배수관과 하수관이 어떻게 이어지는지를 경험했습니다. 새로운 환경에서 전혀 몰랐던 사실을 알게 되었습니다.","wordCount":34}}},"rawDataInfo":{"question":{"fileFormat":"wav","fileSize":349198,"duration":10910,"samplingBit":16,"channelCount":1,"samplingRate":"16kHz","audioPath":"/Mock/04.RND/Male/New/ckmk_q_rnd_m_n_332714.wav"},"answer":{"fileFormat":"wav","fileSize":2466638,"duration":77080,"samplingBit":16,"channelCount":1,"samplingRate":"16kHz","audioPath":"/Mock/04.RND/Male/New/ckmk_a_rnd_m_n_332714.wav"}}}