{"version":"1.0","dataSet":{"info":{"date":"20230116","occupation":"RND","channel":"MOCK","place":"ONLINE","gender":"MALE","ageRange":"35-44","experience":"NEW"},"question":{"raw":{"text":"만약 본인이 지금 지원한 해당 직무가 아닌 타 부서에 배치되게 된다면 어떻게 하시겠습니까 그래도 괜찮으실까요","wordCount":15},"emotion":[],"intent":[]},"answer":{"raw":{"text":"제가 지원한 어 직무는 품질 업무입니다. 그럼에도 불구하고 만약 다른 직무가 주어진다면 어 저는 우선 어 팀장에게 어 트랜스퍼 요청을 계속할 것입니다. 왜냐하면 제가 이 직무를 하기 위해서 이전 회사를 그만두고 어 자격증까지 땄기 때문입니다. 그래서 저는 어 다른 부서에 배치된다면 최대한 어 요청하여 제가 원한 직무를 수행할 예정입니다.","wordCount":49},"emotion":[],"intent":[{"text":"","expression":"","category":"attitude"}],"summary":{"text":"품질 업무를 지원한 저는 다른 부서 배치 시 트랜스퍼 요청을 계속할 것이며, 만약 다른 직무가 주어진다면 자격증을 따고 원하는 직무를 수행할 것입니다.","wordCount":22}}},"rawDataInfo":{"question":{"fileFormat":"wav","fileSize":345678,"duration":10800,"samplingBit":16,"channelCount":1,"samplingRate":"16kHz","audioPath":"/Mock/04.RND/Male/New/ckmk_q_rnd_m_n_287135.wav"},"answer":{"fileFormat":"wav","fileSize":1550798,"duration":48460,"samplingBit":16,"channelCount":1,"samplingRate":"16kHz","audioPath":"/Mock/04.RND/Male/New/ckmk_a_rnd_m_n_287135.wav"}}}