{"version":"1.0","dataSet":{"info":{"date":"20230116","occupation":"RND","channel":"MOCK","place":"ONLINE","gender":"MALE","ageRange":"35-44","experience":"NEW"},"question":{"raw":{"text":"혹시 매일 공부하고 있는 분야가 따로 있을까요 있다면 그걸 왜 공부하는지 그 이유도 함께 설명해 주세요","wordCount":16},"emotion":[],"intent":[]},"answer":{"raw":{"text":"어 네 매일 공부하는 분야는 있습니다. 어 저는 매일 사실 영어 공부를 하고 있습니다. 왜냐하면 어 제가 하는 일의 특성상 고객이 해외에 있는 고객들이 많습니다. 그래서 어 그분들과의 커뮤니케이션을 원활하게 하기 위해서 영어 공부를 하는 거고 어 계속 하는 이유는 어 이게 어 비즈니스 영어는 또 다른 영역이라고 생각하기 때문에 어 계속 공부를 하고 있습니다. 쪼끔의 어 뉘앙스 차이 때문에 문제가 발생할 수도 있는 부분 부분도 분명 있기 때문이라고 생각합니다.","wordCount":70},"emotion":[],"intent":[{"text":"그래서 어 그분들과의 커뮤니케이션을 원활하게 하기 위해서 영어 공부를 하는 거고 어 계속 하는 이유는 어 이게 어 비즈니스 영어는 또 다른 영역이라고 생각하기 때문에 어 계속 공부를 하고 있습니다.","expression":"c_imp","category":"personality"}],"summary":{"text":"비즈니스 영어는 다른 영역이라고 생각하기 때문에 매일 영어 공부를 하고 있는데, 뉘앙스 차이 때문에 문제가 발생할 수도 있는 부분이 있기 때문이라 생각합니다.","wordCount":22}}},"rawDataInfo":{"question":{"fileFormat":"wav","fileSize":300558,"duration":9390,"samplingBit":16,"channelCount":1,"samplingRate":"16kHz","audioPath":"/Mock/04.RND/Male/New/ckmk_q_rnd_m_n_279181.wav"},"answer":{"fileFormat":"wav","fileSize":1741518,"duration":54420,"samplingBit":16,"channelCount":1,"samplingRate":"16kHz","audioPath":"/Mock/04.RND/Male/New/ckmk_a_rnd_m_n_279181.wav"}}}