{"version":"1.0","dataSet":{"info":{"date":"20230116","occupation":"RND","channel":"MOCK","place":"ONLINE","gender":"MALE","ageRange":"35-44","experience":"NEW"},"question":{"raw":{"text":"개발과 환경의 바람직한 조화에 대해서 설명해 주세요","wordCount":7},"emotion":[],"intent":[]},"answer":{"raw":{"text":"어 가장 바람직한 조언은 이제 친환경적인 개발이 되겠지요. 어 그래서 저희는 앞으로 좀 그 소재에 대해서 많이 생각을 하고 어 개발을 해야 된다 라고 생각합니다. 음 친환경 소재로 또 어떤 걸 음 좀 어떤 식으로 개발을 해서 소재를 개발하고 어 환경에 대한 부담이 줄어들게끔 할지 그런 부분이 가장 중요한 포인트라고 생각합니다. 어 개발을 이제는 무차격 무차별적으로 하는 것이 아니라 좀 더 어 우수해진 과학을 가지고 어 그 소재를 다양한 어떤 소재를 개발하는 것이 그 소재로 어떤 환경에 부담을 주는 다른 소재들을 대체하는 것이 어 가장 좀 중요할 것 같습니다. 어 그런 부분에서 저는 좀 리사이클링이 참 중요하다 라고 생각이 드는데요. 어 그중에서도 좀 플라스틱을 활용한 리사이클링 그리고 그 그걸 활용한 또 또 새로운 그 소재들 어 그런 부분들을 중점적으로 개발하다 보면 어 환경을 지키면서 좀 덜 훼손 시키면서 어 다른 부분들을 개발하고 대체하는 아 그런 쪽으로 갈 수 있지 않을까 생각됩니다.","wordCount":141},"emotion":[],"intent":[{"text":"","expression":"","category":"attitude"}],"summary":{"text":"친환경적 개발이 가장 바람직한 조언인데 개발을 무차별적으로 하는 것이 아니라 우수해진 과학을 가지고 다양한 소재를 개발하는 것이 가장 중요할 것 같습니다. 그런 부분에서 플라스틱을 활용한 재활용 소재들을 중점적으로 개발하다 보면 환경을 지키면서 다른 부분들을 개발, 대체하는 쪽으로 갈 수 있을 것이라 생각됩니다.","wordCount":42}}},"rawDataInfo":{"question":{"fileFormat":"wav","fileSize":234318,"duration":7320,"samplingBit":16,"channelCount":1,"samplingRate":"16kHz","audioPath":"/Mock/04.RND/Male/New/ckmk_q_rnd_m_n_257224.wav"},"answer":{"fileFormat":"wav","fileSize":3642958,"duration":113840,"samplingBit":16,"channelCount":1,"samplingRate":"16kHz","audioPath":"/Mock/04.RND/Male/New/ckmk_a_rnd_m_n_257224.wav"}}}