{"version":"1.0","dataSet":{"info":{"date":"20230116","occupation":"RND","channel":"MOCK","place":"ONLINE","gender":"MALE","ageRange":"55-","experience":"NEW"},"question":{"raw":{"text":"커뮤니케이션을 잘 할 수 있는 지원자님만의 스킬이 있다면 한번 말씀해 주시겠어요 한번 보여주셔도 좋습니다","wordCount":14},"emotion":[],"intent":[]},"answer":{"raw":{"text":"커뮤니케이션을 잘 할 수 있는 방법은 상대방의 이야기를 귀 기울여 잘 경청하는 것이라고 생각합니다. 그 사람이 하는 이야기의 본질과 핵심을 파악하는 것이 가장 좋은 커뮤니케이션이라고 생각합니다. 예를 들어 이 오늘 참 좋은 날입니다 이야기를 하면 진짜 날씨가 좋아서 그렇게 얘기할 수도 있고 대화를 부드럽게 시작하기 위해서 그런 말을 할 수도 있습니다. 이 차이점을 잘 인지하는 것이 중요하다고 생각합니다.","wordCount":58},"emotion":[],"intent":[{"text":"","expression":"","category":"attitude"}],"summary":{"text":"커뮤니케이션에서는 이야기의 본질과 핵심을 파악하는 것이 가장 좋은 커뮤니케이션입니다. 그 사람의 이야기의 본질적인 핵심을 파악하고 그 차이에 대해 인지하는 것이 중요합니다.","wordCount":21}}},"rawDataInfo":{"question":{"fileFormat":"wav","fileSize":339278,"duration":10600,"samplingBit":16,"channelCount":1,"samplingRate":"16kHz","audioPath":"/Mock/04.RND/Male/New/ckmk_q_rnd_m_n_335812.wav"},"answer":{"fileFormat":"wav","fileSize":1807438,"duration":56480,"samplingBit":16,"channelCount":1,"samplingRate":"16kHz","audioPath":"/Mock/04.RND/Male/New/ckmk_a_rnd_m_n_335812.wav"}}}