{"version":"1.0","dataSet":{"info":{"date":"20230116","occupation":"RND","channel":"MOCK","place":"ONLINE","gender":"MALE","ageRange":"45-54","experience":"NEW"},"question":{"raw":{"text":"현대인들은 하루에 평균적으로 세 번은 거짓말을 하고 산다는 통계가 있습니다 지원자분께서 해보신 것 중 가장 기억에 남는 거짓말은 무엇이었을지 궁금합니다","wordCount":20},"emotion":[],"intent":[]},"answer":{"raw":{"text":"네 어 부지불식간에 또 어 하얀 거짓말도 하는 경우도 있고 또 저에게 제가 불리하다고 하는 부분에서 거짓말을 하는 경우가 있습니다. 음 제가 어 거짓말을 한 것 중에 가장 기억에 남는 것은 어 제가 처음에 공부방을 시작할 때 제 친구와 같이 어 공부방을 오픈 했었는데 에 그때 제가 학력을 어 위조해서 어 광고를 한 적이 있습니다. 어 처음에는 음 그렇게 했지만 아 그것이 그것이 얼마나 잘못됐는지를 깊이 알지 못했고 어 나중에는 음 이것이 이 어 큰 잘못이라는 것을 어 느끼게 되면서 어 그 위조한 학력에 대해서 바로 잡았습니다. 매우 부끄러운 일이었고 어 다시는 어 그렇게 하지 않을 것입니다. 아주 어린 나이에 호기로 했던 것 같고 어 그 그렇게 한 것이 얼마나 잘못되고 어 어떤 많은 사람들에게 피해를 줄 수 있다는 해서 깊이 인식을 하지 못한 부분이 있었습니다. 다행히 제가 그 부분을 바로잡고 어 고별을 했기 때문에 그나마 위안이 됩니다. 이상입니다.","wordCount":139},"emotion":[],"intent":[{"text":"","expression":"","category":"attitude"}],"summary":{"text":"부정확하고 불리한 부분에서 거짓을 하는 경우가 있습니다. 그 중 가장 기억에 남는 것은 위조 학력 광고를 한 적 있는데, 잘못을 깊이 알지 못했고 이것이 큰 잘못이라는 것을 느껴 바로 잡았습니다. 잘못을 깊이 인식하지 못한 부분을 바로잡고 고별을 했기 때문에 위안이 되었습니다.","wordCount":41}}},"rawDataInfo":{"question":{"fileFormat":"wav","fileSize":665038,"duration":20780,"samplingBit":16,"channelCount":1,"samplingRate":"16kHz","audioPath":"/Mock/04.RND/Male/New/ckmk_q_rnd_m_n_337068.wav"},"answer":{"fileFormat":"wav","fileSize":3844238,"duration":120130,"samplingBit":16,"channelCount":1,"samplingRate":"16kHz","audioPath":"/Mock/04.RND/Male/New/ckmk_a_rnd_m_n_337068.wav"}}}