{"version":"1.0","dataSet":{"info":{"date":"20230116","occupation":"RND","channel":"MOCK","place":"ONLINE","gender":"MALE","ageRange":"55-","experience":"NEW"},"question":{"raw":{"text":"다른 지원자들과 다른 본인만이 가진 차별성과 장점을 어필해 본다면 어떤 것들이 있을지 궁금합니다","wordCount":13},"emotion":[],"intent":[]},"answer":{"raw":{"text":"저는 감수성이 예민하면 예술성이 좋은 편입니다. 창의력도 남들보다 좋다는 평가를 많이 받았고 이런 부분을 잘 적용한다면 건설의 디자인이나 건설의 차별성에 있어 남들보다 좋은 성과를 낼 수 있다고 생각합니다. 이것을 건설 분야에 특화시켜 적용할려면 많은 노력이 필요하나 공부를 통해서 부족한 부분을 채우고 건설이라는 특수성에 접목시킨다면 남들보다 더 좋은 효율적인 건설 회사 직원이 될 것이라고 생각합니다.","wordCount":54},"emotion":[],"intent":[{"text":"","expression":"","category":"attitude"}],"summary":{"text":"감수성이 예민하고 예술성이 좋은 편인데, 이것을 건설 분야에 특화시켜 적용한다면 남들보다 더 좋은 성과를 낼 수 있다고 생각합니다.","wordCount":18}}},"rawDataInfo":{"question":{"fileFormat":"wav","fileSize":274318,"duration":8570,"samplingBit":16,"channelCount":1,"samplingRate":"16kHz","audioPath":"/Mock/04.RND/Male/New/ckmk_q_rnd_m_n_342505.wav"},"answer":{"fileFormat":"wav","fileSize":2309518,"duration":72170,"samplingBit":16,"channelCount":1,"samplingRate":"16kHz","audioPath":"/Mock/04.RND/Male/New/ckmk_a_rnd_m_n_342505.wav"}}}