{"version":"1.0","dataSet":{"info":{"date":"20230116","occupation":"RND","channel":"MOCK","place":"ONLINE","gender":"MALE","ageRange":"35-44","experience":"NEW"},"question":{"raw":{"text":"요즘에는 기술 경쟁력 확보를 위해서 기업들이 다양한 노력을 하고 있는데 이런 이미 공개된 노력 외에 어떤 노력이 필요한지 본인의 의견을 말씀해 주실 수 있으십니까","wordCount":24},"emotion":[],"intent":[]},"answer":{"raw":{"text":"기업이 기술 경쟁력을 확보하기 위해서는 우선 알앤디에 대한 투자가 많이 있어야 된다고 생각합니다. 어 알앤디에 대한 투자가 없이는 어 기술적인 발전을 하기 어려울 뿐만 아니라 어 어 경쟁력을 확보하기 어렵습니다. 그리고 어 알앤디에 대한 투자뿐만 아니라 직원들에 대한 교육 또한 중요하다고 생각합니다. 어 전시회에서 타 제품을 확인하는 것 또한 교육 중의 하나라고 생각하고 그리고 어 업무에서 사용되는 프로그램이나 어 기술적인 교육을 받는 것이 어 회사의 기술 경쟁력을 확보하 하는데 아주 중요한 요소라고 생각합니다.","wordCount":73},"emotion":[],"intent":[{"text":"","expression":"","category":"attitude"}],"summary":{"text":"기업이 기술 경쟁력을 확보하기 위해서는 알앤디에 대한 투자와 함께 직원들에 대한 교육이 중요합니다. 전시회에서 타 제품을 확인하는 것과 업무에서 사용되는 프로그램, 기술적인 교육을 받는 것이 중요합니다.","wordCount":26}}},"rawDataInfo":{"question":{"fileFormat":"wav","fileSize":458638,"duration":14330,"samplingBit":16,"channelCount":1,"samplingRate":"16kHz","audioPath":"/Mock/04.RND/Male/New/ckmk_q_rnd_m_n_285528.wav"},"answer":{"fileFormat":"wav","fileSize":2120398,"duration":66260,"samplingBit":16,"channelCount":1,"samplingRate":"16kHz","audioPath":"/Mock/04.RND/Male/New/ckmk_a_rnd_m_n_285528.wav"}}}