{"version":"1.0","dataSet":{"info":{"date":"20230116","occupation":"RND","channel":"MOCK","place":"ONLINE","gender":"MALE","ageRange":"35-44","experience":"NEW"},"question":{"raw":{"text":"지원자분께서는 많은 사람들과 협업을 해 보신 경험이 있으실 텐데 그 협업 과정을 통해서 가장 어려웠던 점이 있으셨다면 그것이 무엇이었는지 궁금합니다 어떻게 그 과정을 극복하셨는지에 대해서도 말씀해 주세요","wordCount":27},"emotion":[],"intent":[]},"answer":{"raw":{"text":"사람들과 협업을 할 때 가장 어려웠던 점은 어 서로 간의 소통이 가장 어려웠던 점인 것 같습니다. 소통이 제대로 되지 않으면 어 최종적인 결과물이 원했던 방향과 완전 반대로 나가는 경우가 많이 있었기 때문입니다. 그래서 그것을 극복하기 위해서 어 최초 협업을 시작할 때 모두가 인정하는 공통된 목표를 설정하고 어 그리고 어 공통적으로 사용하는 커뮤니케이션 수단을 정하고 어 정하고 어 커뮤니케이션을 했던 것입니다. 그렇게 해서 어 어 하나씩 하나씩 문제를 해결해 나갔던 것 같습니다.","wordCount":71},"emotion":[{"text":"사람들과 협업을 할 때 가장 어려웠던 점은 어 서로 간의 소통이 가장 어려웠던 점인 것 같습니다.","expression":"n-distress","category":"negative"}],"intent":[{"text":"그래서 그것을 극복하기 위해서 어 최초 협업을 시작할 때 모두가 인정하는 공통된 목표를 설정하고 어 그리고 어 공통적으로 사용하는 커뮤니케이션 수단을 정하고 어 정하고 어 커뮤니케이션을 했던 것입니다.","expression":"c_cop","category":"personality"}],"summary":{"text":"협업 시 최종적인 결과물이 원했던 방향과 완전히 반대로 나가는 경우가 많아 소통에 가장 어려움을 겪었는데, 이를 극복하기 위해 최초 협업을 시작할 때 공통된 목표를 설정하고 커뮤니케이션을 했습니다.","wordCount":27}}},"rawDataInfo":{"question":{"fileFormat":"wav","fileSize":629838,"duration":19680,"samplingBit":16,"channelCount":1,"samplingRate":"16kHz","audioPath":"/Mock/04.RND/Male/New/ckmk_q_rnd_m_n_282626.wav"},"answer":{"fileFormat":"wav","fileSize":2135758,"duration":66740,"samplingBit":16,"channelCount":1,"samplingRate":"16kHz","audioPath":"/Mock/04.RND/Male/New/ckmk_a_rnd_m_n_282626.wav"}}}