{"version":"1.0","dataSet":{"info":{"date":"20230116","occupation":"RND","channel":"MOCK","place":"ONLINE","gender":"MALE","ageRange":"35-44","experience":"NEW"},"question":{"raw":{"text":"해외에 파견 근무를 나가게 된다면 어느 나라에서 일을 하고 싶으십니까 이유도 함께 말씀해 주시기 바랍니다","wordCount":15},"emotion":[],"intent":[]},"answer":{"raw":{"text":"저는 캐나다라는 나라에서 근무해 보고 싶습니다. 캐나다라는 나라는 이천 이십 일 년도에 가장 일을 하고 싶은 나라 일 위에 뽑히기도 했습니다. 먼저 캐나다는 야근이 없다고 합니다. 혹시 부득이하게 야근을 하게 되면 평소보다 일 점 오 배의 급여를 더 받기도 합니다. 그리고 업무 스트레스가 비교적 적은 편입니다. 다음으로 캐나다는 휴가를 내거나 출퇴근 시간이 유연한 편입니다. 너무 아프거나 예기치 못한 일로 시간을 변경해서 출퇴근 해야 한다고 하면 연락만 주고 유연성 있게 행동할 수 있습니다. 복장도 굉장히 자유롭고 휴가가 한국에 비해 상대적으로 쓰기 자유롭습니다. 무엇보다도 한국과 다르게 회사를 위한 삶이 아니라 개인의 삶을 존중하는 편입니다. 그래서 저는 캐나다에서 일을 해 보고 싶습니다.","wordCount":99},"emotion":[],"intent":[{"text":"","expression":"","category":"attitude"}],"summary":{"text":"캐나다는 야근이 없고 업무 스트레스가 적은 편이며 휴가나 출퇴근 시간이 유연한 편이며 복장도 자유롭고 휴가도 한국에 비해 자유롭습니다. 무엇보다 한국과 다르게 회사를 위한 삶이 아니라 개인의 삶을 존중하는 편이라 캐나다에서 일하고 싶습니다.","wordCount":32}}},"rawDataInfo":{"question":{"fileFormat":"wav","fileSize":398478,"duration":12450,"samplingBit":16,"channelCount":1,"samplingRate":"16kHz","audioPath":"/Mock/04.RND/Male/New/ckmk_q_rnd_m_n_333004.wav"},"answer":{"fileFormat":"wav","fileSize":2323918,"duration":72620,"samplingBit":16,"channelCount":1,"samplingRate":"16kHz","audioPath":"/Mock/04.RND/Male/New/ckmk_a_rnd_m_n_333004.wav"}}}