{"version":"1.0","dataSet":{"info":{"date":"20230116","occupation":"RND","channel":"MOCK","place":"ONLINE","gender":"MALE","ageRange":"35-44","experience":"NEW"},"question":{"raw":{"text":"업무를 하면서 앞으로 더 연구 개발하고 싶은 분야가 있으신지 그렇다면 그것에 대해서 자세히 말씀해 주십시오","wordCount":15},"emotion":[],"intent":[]},"answer":{"raw":{"text":"저는 에이아이와 협력하는 회사 시스템에 대해서 더 연구 개발하고 싶습니다. 앞으로 우리나라 사회는 고령자가 더욱 늘어나고 인구는 감소하는 추세로 이어질 것입니다. 많은 부분에 있어서 인력난을 겪게 될 확률이 높습니다. 그것은 비단 이 회사뿐만이 아니라 우리 사회 전체가 가진 문제라고 생각하고 있습니다. 해외 이민들의 사례를 통해 그것을 극복하는 방법도 있지만 과학의 발전 기술의 발전으로 인해 앞으로는 에이아이가 많은 부분을 인간 노동력을 대체할 것이라고 생각하고 있습니다. 그렇기 때문에 이 회사의 모든 업무와 에이아이와 연계가 될 수 있는 부분에 대한 연구를 해보고 싶습니다.","wordCount":80},"emotion":[],"intent":[{"text":"","expression":"","category":"attitude"}],"summary":{"text":"앞으로의 우리 사회는 고령자가 증가하고 인구는 감소할 것이며 많은 부분에서 인력난을 겪게 될 확률이 높습니다. 에이아이의 많은 부분이 인간 노동력을 대체할 것이므로 이 회사의 모든 업무와 연계될 수 있는 부분에 대해 연구하고 싶습니다.","wordCount":33}}},"rawDataInfo":{"question":{"fileFormat":"wav","fileSize":353678,"duration":11050,"samplingBit":16,"channelCount":1,"samplingRate":"16kHz","audioPath":"/Mock/04.RND/Male/New/ckmk_q_rnd_m_n_290341.wav"},"answer":{"fileFormat":"wav","fileSize":2250318,"duration":70320,"samplingBit":16,"channelCount":1,"samplingRate":"16kHz","audioPath":"/Mock/04.RND/Male/New/ckmk_a_rnd_m_n_290341.wav"}}}