{"version":"1.0","dataSet":{"info":{"date":"20230116","occupation":"RND","channel":"MOCK","place":"ONLINE","gender":"MALE","ageRange":"55-","experience":"NEW"},"question":{"raw":{"text":"어 본인이 창의적으로 어떠한 문제를 해결한 경험이 있으신지 궁금합니다 또 있으시다면 그 과정을 최대한 자세하게 한번 설명해 주시기를 바랍니다","wordCount":19},"emotion":[],"intent":[]},"answer":{"raw":{"text":"대학교 졸업 후 컴퓨터 프로그래머로써 근무할 때 당시입니다. 본사와 공장 본사는 서울에 있고 공장은 부산에 있는데 업무는 출고 지시입니다. 제품을 출고하는 출고 지시 업무를 대상으로 했을 때 어 그때 당시에는 출고지시가 배치 처리 어 다시 말해서 데이터를 모아서 한꺼번에 내려보내면 공장에서 그 데이터를 한꺼번에 받고 처리하는 방식이었습니다. 따라서 업무 효율성은 상당히 낮다고 볼 수 있겠죠. 해서 그 당시 저는 어 출고 지시 시스템을 실시간 처리하는 시스템을 개발을 했습니다. 이는 그 당시 기술적으로는 상당히 난이도가 높은 개발 작업이었습니다. 허나 저는 그것에 대해서 어 스터디를 하고 또 전문가와 소통을 하고 본사와 공장의 시스템에 지속적으로 적용 테스트를 해서 적용 업무 개발까지도 완성을 해여 해서 해서 업무의 생산성을 획기적으로 높였던 기억이 납니다.","wordCount":108},"emotion":[],"intent":[{"text":"","expression":"","category":"attitude"}],"summary":{"text":"본사는 서울에 있고 공장은 부산에 있는데 업무는 출고 지시입니다. 제품을 출고하는 출고 지시 업무를 대상으로 했을 때 업무 효율성은 상당히 낮다고 볼 수 있어서 실시간 처리 시스템을 개발을 했습니다. 전문가와 소통하고 적용 업무 개발까지 완성해서 업무의 생산성을 높였던 기억이 납니다.","wordCount":40}}},"rawDataInfo":{"question":{"fileFormat":"wav","fileSize":454478,"duration":14200,"samplingBit":16,"channelCount":1,"samplingRate":"16kHz","audioPath":"/Mock/04.RND/Male/New/ckmk_q_rnd_m_n_304091.wav"},"answer":{"fileFormat":"wav","fileSize":3511758,"duration":109740,"samplingBit":16,"channelCount":1,"samplingRate":"16kHz","audioPath":"/Mock/04.RND/Male/New/ckmk_a_rnd_m_n_304091.wav"}}}