{"version":"1.0","dataSet":{"info":{"date":"20230116","occupation":"RND","channel":"MOCK","place":"ONLINE","gender":"MALE","ageRange":"35-44","experience":"NEW"},"question":{"raw":{"text":"지원자님께서는 우리 회사에 들어와서 본인이 하고 싶으신 업무가 있으십니까 만약에 있으시다면 이유와 함께 말씀해 주시기 바랍니다","wordCount":16},"emotion":[],"intent":[]},"answer":{"raw":{"text":"저는 회사에서 이벤트 마케팅을 담당해 보고 싶습니다. 이전 회사에서 저는 영업점 지점장으로 근무하면서 제가 기획한 많은 고객 감사 이벤트 영업 이벤트 등을 진행해 보았습니다. 그래서 이 회사에서도 그런 이벤트를 담당해 보고 싶습니다. 물론 제가 원래 있던 회사와 지금 회사가 팔려는 물건이 많이 다르지만 고객을 끌어오는 이벤트를 진행하는 것은 대동소이 할 것이라고 확신하고 있습니다. 그래서 저만의 강점을 잘 살려 회사의 이익을 더 해 줄 수 있기 때문에 저는 이벤트 마케팅을 담당 해 보고 싶습니다.","wordCount":73},"emotion":[],"intent":[{"text":"","expression":"","category":"attitude"}],"summary":{"text":"저는 이전 회사에서 고객 감사 이벤트 영업 이벤트를 진행한 적이 있어서, 이 회사에서도 고객 끌어오는 이벤트는 대동소이 할 것이라고 확신합니다. 그래서 이벤트 마케팅을 담당해 보고 싶습니다.","wordCount":26}}},"rawDataInfo":{"question":{"fileFormat":"wav","fileSize":641358,"duration":20040,"samplingBit":16,"channelCount":1,"samplingRate":"16kHz","audioPath":"/Mock/04.RND/Male/New/ckmk_q_rnd_m_n_320891.wav"},"answer":{"fileFormat":"wav","fileSize":2220878,"duration":69400,"samplingBit":16,"channelCount":1,"samplingRate":"16kHz","audioPath":"/Mock/04.RND/Male/New/ckmk_a_rnd_m_n_320891.wav"}}}