{"version":"1.0","dataSet":{"info":{"date":"20230116","occupation":"RND","channel":"MOCK","place":"ONLINE","gender":"MALE","ageRange":"-34","experience":"NEW"},"question":{"raw":{"text":"어 지원자님께서는 평소에 협업을 할 때 사교성이 좋은 편이신지 궁금합니다 또 사교성을 키우기 위해서 지금까지 어떤 노력을 하셨나요","wordCount":18},"emotion":[],"intent":[]},"answer":{"raw":{"text":"제가 대학교 때 가지고 있었던 별명이 하나 있습니다. 바로 미스터 팀플레이입니다. 학과 특성상 많은 사람들과 팀플을 해야 될 경우가 많았던 저는 다양한 사람들과 협업을 한 경험이 많이 있는데요. 저는 친구와 협업을 한 적도 있고 처음 보는 사람과 협업을 한 적도 있습니다. 하지만 해당 프로젝트가 끝나고 제가 공통적으로 들었던 말은 다음에도 너랑 같이 팀플하고 싶다 라는 말이었습니다. 제가 이런 말을 들을 수 있었던 이유는 제가 협업을 접근하는 접근 방식 때문이었다고 생각하는데요. 저는 협업을 하기 위해서 무엇보다 중요한 것은 그 협업의 구성원들에게 각자가 갖고 있는 책임감이라고 생각합니다. 이러한 책임감을 가지기 위해선 각자에 대한 라포 형성이 중요하다고 생각했는데요. 그래서 저는 바로 업무적으로 접근하기보단 함께 서로에 대해서 알아가는 시간을 반드시 가지도록 노력했습니다. 이러한 시간을 통해 저를 알리고 또 상대방에 대한 내용을 파악하면서 서로에 대한 친밀함을 쌓는 시간을 반드시 가졌습니다. 저의 이러한 노력을 통해서 저와 함께 일했던 팀의 구성원들은 서로가 서로에게 도움이 되어야겠다는 서로에 대한 책임감을 얻게 되었고 이러한 책임감은 이 팀의 공동의 목표를 성 잘 이루는데 커다란 원동력이 되었습니다.","wordCount":155},"emotion":[],"intent":[{"text":"저는 협업을 하기 위해서 무엇보다 중요한 것은 그 협업의 구성원들에게 각자가 갖고 있는 책임감이라고 생각합니다.","expression":"c_cop","category":"personality"},{"text":"이러한 책임감을 가지기 위해선 각자에 대한 라포 형성이 중요하다고 생각했는데요.","expression":"c_value","category":"background"},{"text":"저의 이러한 노력을 통해서 저와 함께 일했던 팀의 구성원들은 서로가 서로에게 도움이 되어야겠다는 서로에 대한 책임감을 얻게 되었고 이러한 책임감은 이 팀의 공동의 목표를 성 잘 이루는데 커다란 원동력이 되었습니다.","expression":"c_cop","category":"personality"}],"summary":{"text":"미스터 팀플레이라는 별명을 가진 저는 다양한 사람들과 팀플을 한 경험이 많은데 그 프로젝트가 끝난 후 공통적으로 들었던 말은 다음에도 너랑 같이 팀플하고 싶다 였습니다. 협업을 하기 위해서 무엇보다 중요한 것은 그 협업의 구성원들에게 각자가 갖고 있는 책임감이라고 생각합니다. 이러한 책임감은 이 팀의 공동의 목표를 성 잘 이루는데 커다란 원동력이 되었습니다.","wordCount":50}}},"rawDataInfo":{"question":{"fileFormat":"wav","fileSize":420878,"duration":13150,"samplingBit":16,"channelCount":1,"samplingRate":"16kHz","audioPath":"/Mock/04.RND/Male/New/ckmk_q_rnd_m_n_256501.wav"},"answer":{"fileFormat":"wav","fileSize":3760078,"duration":117500,"samplingBit":16,"channelCount":1,"samplingRate":"16kHz","audioPath":"/Mock/04.RND/Male/New/ckmk_a_rnd_m_n_256501.wav"}}}