{"version":"1.0","dataSet":{"info":{"date":"20230116","occupation":"RND","channel":"MOCK","place":"ONLINE","gender":"MALE","ageRange":"55-","experience":"NEW"},"question":{"raw":{"text":"지금까지 본인이 살면서 이룬 성과 중에 제일 큰 성과는 무엇이었는지 자랑 한번만 해 주시겠어요","wordCount":14},"emotion":[],"intent":[]},"answer":{"raw":{"text":"지금까지 성과 중 가장 큰 성과는 세상 처음으로 금융 회사에 광케이블 커뮤니케이션 시스템을 완성 시킨 것입니다. 당시 제가 근무하고 있던 회사는 외환을 거래하는 회사였고 이들에게는 신속한 정보가 영업을 하는 데 가장 중요한 요소였습니다. 처음으로 광케이블로 정보를 교환하는 시스템을 구축했고 그 프로젝트의 팀원으로 제 임무를 무난히 완료했습니다. 이것이 가장 큰 성과라고 생각합니다.","wordCount":51},"emotion":[],"intent":[{"text":"지금까지 성과 중 가장 큰 성과는 세상 처음으로 금융 회사에 광케이블 커뮤니케이션 시스템을 완성 시킨 것입니다.","expression":"r_res_prf","category":"technology"}],"summary":{"text":"지금까지 성과 중 가장 큰 성과는 세상 처음으로 광케이블로 정보를 교환하는 시스템을 구축한 것입니다. 이것이 가장 큰 성과라고 생각합니다.","wordCount":19}}},"rawDataInfo":{"question":{"fileFormat":"wav","fileSize":263438,"duration":8230,"samplingBit":16,"channelCount":1,"samplingRate":"16kHz","audioPath":"/Mock/04.RND/Male/New/ckmk_q_rnd_m_n_342512.wav"},"answer":{"fileFormat":"wav","fileSize":1954638,"duration":61080,"samplingBit":16,"channelCount":1,"samplingRate":"16kHz","audioPath":"/Mock/04.RND/Male/New/ckmk_a_rnd_m_n_342512.wav"}}}