{"version":"1.0","dataSet":{"info":{"date":"20230116","occupation":"RND","channel":"MOCK","place":"ONLINE","gender":"MALE","ageRange":"-34","experience":"NEW"},"question":{"raw":{"text":"휴식을 취할 때 주로 어떤 일들을 하면서 휴식을 취하는지 그 이유와 함께 설명해 주세요","wordCount":14},"emotion":[],"intent":[]},"answer":{"raw":{"text":"저는 휴식을 취할 때 팟캐스트를 듣습니다. 저는 다양한 팟캐스트를 듣는데요. 아무 생각 없이 들을 수 있는 유머 팟캐스트를 듣기도 하구요. 그리고 또 제가 좋아하는 각종 문화 콘텐츠를 다루는 팟캐스트를 듣기도 하고 또 정치 사회에 관련된 내용을 다루는 시사 팟캐스트를 듣기도 합니다. 제가 팟캐스트 듣는 것을 좋아하는 이유는 우선은 제가 특별히 움직이거나 무엇을 할 필요가 없기 때문입니다. 저는 휴식을 취할 때 제 몸이 편안하게 쉬었으면 하는 그러한 바램이 있는데요. 그렇기 때문에 휴식을 취할 때 저는 활동적으로 무엇을 하기보다는 앉아 있거나 누워있는 것을 선호하는 편입니다. 그리고 그럴 때 가장 이 지루함을 느끼지 않을 수 있는 것 중의 하나가 바로 팟캐스트를 청취하는 것인데요. 저는 또 팟캐스트를 청취하는 이유는 그냥 휴식을 하면서 아무런 의미 없이 보낼 수도 있겠지만 그 시간 속에서도 저에게 도움이 되는 무엇인가를 얻을 수 있다면 그것을 선택하는 것이 좋다고 생각하기 때문입니다. 팟캐스트를 통해서 정치 시사 문화 그리고 유머까지 정말 다양한 분야에서 사람들의 의견과 또 세상 돌아가는 내용들을 듣다 보면 그러한 내용들이 저의 삶을 지탱하는 좋은 지양분이 되기도 합니다. 그렇기 때문에 저는 휴식을 취할 때 저의 몸도 편하게 쉴 수 있고 또 저 저의 지식도 늘려줄 수 있는 이 팟캐스트 듣는 것을 좋아합니다.","wordCount":181},"emotion":[{"text":"그렇기 때문에 저는 휴식을 취할 때 저의 몸도 편하게 쉴 수 있고 또 저 저의 지식도 늘려줄 수 있는 이 팟캐스트 듣는 것을 좋아합니다.","expression":"p-interest","category":"positive"}],"intent":[{"text":"","expression":"","category":"attitude"}],"summary":{"text":"저는 휴식을 취할 때 다양한 팟캐스트를 듣습니다. 아무 생각 없이 들을 수 있는 유머 팟캐스트를 듣기도 하고, 정치 사회에 관련된 내용을 다루는 시사 팟캐스트도 듣기도 합니다. 팟캐스트를 듣는 이유는 제가 특별히 움직이거나 무엇을 할 필요가 없기 때문입니다. 그래서 저는 앉아 있거나 누워있는 것을 선호하는 편입니다. 그럴 때 가장 지루함을 느끼지 않을 수 있는 것이 바로 팟캐스트를 청취하는 것입니다. 다양한 분야의 의견과 내용들은 저의 삶을 지탱하는 좋은 지양분이 되기도 합니다.","wordCount":69}}},"rawDataInfo":{"question":{"fileFormat":"wav","fileSize":275278,"duration":8600,"samplingBit":16,"channelCount":1,"samplingRate":"16kHz","audioPath":"/Mock/04.RND/Male/New/ckmk_q_rnd_m_n_279714.wav"},"answer":{"fileFormat":"wav","fileSize":3760718,"duration":117520,"samplingBit":16,"channelCount":1,"samplingRate":"16kHz","audioPath":"/Mock/04.RND/Male/New/ckmk_a_rnd_m_n_279714.wav"}}}