{"version":"1.0","dataSet":{"info":{"date":"20230116","occupation":"RND","channel":"MOCK","place":"ONLINE","gender":"MALE","ageRange":"35-44","experience":"NEW"},"question":{"raw":{"text":"업무를 수행하고 있는데 모르는 과제가 등장 등장을 했다고 가정을 해 봅시다 아 그렇다면 이때 어떻게 해결을 하시겠습니까 해결법과 이유를 말씀해 주시기 바랍니다","wordCount":22},"emotion":[],"intent":[]},"answer":{"raw":{"text":"어 모르는 과제가 등장했다면 어 상사 분이나 업무를 지시하신 분께 아 이거는 제가 모르고 해결이 힘든 과제라고 솔직하게 얘기하고 어 어 네 못 하겠다 라고 말씀을 드릴 것 같습니다. 그 이유는 어 제가 해결하지 못할 과제를 계속 잡고 어 그거를 해결하려고 뭐 음 에너지를 쓰고 시간을 쓰고 하는 것보다 그 시간에 제가 할 수 있는 과제들을 어 두 개 세 개 뭐 이렇게 한다 라고 하면 어떤 것이 효율적인가를 따져봤을 때 어 후자가 훨씬 더 효율적이지 않겠습니까 어 그래서 제가 뭐 대부분의 과제를 모르진 않을 거기 때문에 제가 모르는 과제가 등장을 하면 어 일단은 어 피할 수 있으면 피하고 다른 과제들부터 해결한다 라고 말씀을 드리고 싶습니다. 음 그런데 그 과제를 제가 꼭 해결해야 되고 어 그걸 배워야 된다면 음 그 이유와 배워서 앞으로 이런 과제들이 제가 맡게 될 어 과제 중 하나인지 뭐 이런 이유들과 설명들을 어 충분히 들은 다음에 어 그래도 해야 된다 라고 하면 어 좀 때 가서는 어 온갖 방법을 동원해서 어떻게든 어 과제를 해결을 해야 된다 라고 생각합니다.","wordCount":162},"emotion":[],"intent":[{"text":"","expression":"","category":"attitude"}],"summary":{"text":"모르는 과제가 등장했다면 상사나 업무지시자에게 모르겠다고 말하고 못 할 것 같습니다. 그 이유는 제가 해결하지 못할 과제를 계속 잡고 시간을 쓰는 것보다 할 수 있는 과제들을 두 개 세 개 하는 것이 더 효율적이기 때문입니다. 모르겠다면 피할 수 있으면 피하고 다른 과제부터 해결한다 라고 말씀을 드리고 싶습니다.","wordCount":47}}},"rawDataInfo":{"question":{"fileFormat":"wav","fileSize":501518,"duration":15670,"samplingBit":16,"channelCount":1,"samplingRate":"16kHz","audioPath":"/Mock/04.RND/Male/New/ckmk_q_rnd_m_n_279736.wav"},"answer":{"fileFormat":"wav","fileSize":3777358,"duration":118040,"samplingBit":16,"channelCount":1,"samplingRate":"16kHz","audioPath":"/Mock/04.RND/Male/New/ckmk_a_rnd_m_n_279736.wav"}}}