{"version":"1.0","dataSet":{"info":{"date":"20230116","occupation":"RND","channel":"MOCK","place":"ONLINE","gender":"MALE","ageRange":"35-44","experience":"NEW"},"question":{"raw":{"text":"귀하께서는 업무를 수행할 때 연구 개발 아이디어를 탐색하는 본인만의 방법 노하우가 있다면 그것에 대해서 말씀해 주세요","wordCount":16},"emotion":[],"intent":[]},"answer":{"raw":{"text":"어 아직까지는 제가 연구개발 아이디어를 탐색하는 저만의 특별한 노하우가 있다고 생각하진 않습니다. 지금은 어 기존에 연구하던 것을 계속하던 중 발생하는 어 물음에 대해서 어 조금 더 깊이 공부를 하고 있는 편입니다. 꼬리를 물고 꼬리에 꼬리를 물고 어 연구 개발하는 것이 어 가장 좋은 방법이라고 생각하고 있습니다. 어 하지만 제가 저의 연구 개발 어 연차가 늘어나면 어 아이디어를 탐색하는 방법이 자연적으로 생길 것이라고 생각합니다.","wordCount":63},"emotion":[],"intent":[{"text":"","expression":"","category":"attitude"}],"summary":{"text":"저는 아직 연구개발 아이디어를 탐색하는 노하우가 없습니다. 앞으로 연구 개발 연차가 늘어나면 아이디어 탐색 방법이 자연적으로 생길 것이라고 생각합니다.","wordCount":19}}},"rawDataInfo":{"question":{"fileFormat":"wav","fileSize":451278,"duration":14100,"samplingBit":16,"channelCount":1,"samplingRate":"16kHz","audioPath":"/Mock/04.RND/Male/New/ckmk_q_rnd_m_n_285532.wav"},"answer":{"fileFormat":"wav","fileSize":1899278,"duration":59350,"samplingBit":16,"channelCount":1,"samplingRate":"16kHz","audioPath":"/Mock/04.RND/Male/New/ckmk_a_rnd_m_n_285532.wav"}}}