{"version":"1.0","dataSet":{"info":{"date":"20230116","occupation":"RND","channel":"MOCK","place":"ONLINE","gender":"MALE","ageRange":"-34","experience":"NEW"},"question":{"raw":{"text":"직무 지식과 역량 태도 이 세 가지 요소 중에 본인이 가장 중요하게 생각하시는 것과 그것이 중요하다고 생각하시는 이유를 말씀해 주세요","wordCount":20},"emotion":[],"intent":[]},"answer":{"raw":{"text":"저는 태도라고 생각합니다. 어 직무 지식이나 역략이라고 먼저 생각하실 수도 있으실 텐데요. 저는 저거 두 개는 기본이라고 생각이 듭니다. 기본이 갖춰진 후에 태도가 더해져야지 보다 완벽한 사람이 될 수 있다고 생각합니다. 아무리 좋은 직무 지식과 역량을 갖추고 있어도 태도가 불량하다면 그 사람은 결코 좋은 성과를 낼 수가 없습니다. 아무리 그 사람이 직무 지식적인 태도가 아니 직무 지식적인 역량이 높더라도 만약에 태도가 불량하다면 그 사람은 결코 효과적인 건축 설계를 할 수가 없습니다. 저는 그렇게 생각합니다. 반대로 직무 지식이 부족하거나 열량이 조금 역량이 조금 부족하더라도 배울려는 열정적인 태도가 있으면 저는 그 태도를 통해서 직무 지식과 역량을 보다 넓게 보다 더 좋은 방향으로 향상시킬 수 있다고 생각이 들기에 저는 태도가 가장 중요하다고 생각이 듭니다. 이상으로 답변을 마치도록 하겠습니다. 들어주셔서 감사합니다.","wordCount":117},"emotion":[],"intent":[{"text":"","expression":"","category":"attitude"}],"summary":{"text":"완벽한 사람을 만들기 위해서는 좋은 직무 지식과 역량을 갖추고 있어도 태도가 불량하면 좋은 성과를 낼 수 없습니다. 반대로 직무 지식이나 역량이 조금 부족하더라도 배우려는 열정적인 태도가 있으면 그 태도를 통해서 직무지식과 역량을 보다 더 좋은 방향으로 향상시킬 수 있다고 생각합니다.","wordCount":40}}},"rawDataInfo":{"question":{"fileFormat":"wav","fileSize":350478,"duration":10950,"samplingBit":16,"channelCount":1,"samplingRate":"16kHz","audioPath":"/Mock/04.RND/Male/New/ckmk_q_rnd_m_n_279116.wav"},"answer":{"fileFormat":"wav","fileSize":2246478,"duration":70200,"samplingBit":16,"channelCount":1,"samplingRate":"16kHz","audioPath":"/Mock/04.RND/Male/New/ckmk_a_rnd_m_n_279116.wav"}}}