{"version":"1.0","dataSet":{"info":{"date":"20230116","occupation":"RND","channel":"MOCK","place":"ONLINE","gender":"MALE","ageRange":"35-44","experience":"NEW"},"question":{"raw":{"text":"여러 사람들끼리 함께 일을 하다 보면 구성원들끼리 갈등이 생길 수도 있는데요 그럴 때는 보통 어떻게 해결하시나요","wordCount":16},"emotion":[],"intent":[]},"answer":{"raw":{"text":"아 저는 구성원과 갈등이 있을 때 좀 최대한 빨리 해결을 하려고 하는 편입니다. 어 제가 어 마음에서 우러나지는 않아도 이렇게 사과를 먼저 하고 손을 내미는 편이고 어 만약에 그분이 풀리지 않는다면 어 제가 좀 어 좋은 식사를 대접하든 아니면 좀 커피라도 한 잔 사다 주면서 기분을 좀 풀어주려고 애를 쓰는 편입니다. 어 보통은 그렇게 하면은 좀 다 풀어 주시기도 했고 음 사실 싸움이 갈등이라는 게 서로가 비슷해서 일어나는 건데 서로가 또 지고 싶지 않아 하니까 계속 갈등이 이어지고 감정의 골이 깊어지고 좀 어 안 좋은 쪽으로 계속 방향이 나아간다 라고 생각을 해서요. 저는 제가 먼저 굽히고 들어가고 제가 먼저 사과를 하고 저 자세로 가면 어 풀릴 일인데 왜 둘이 굳이 그런 자존심 싸움 같은 걸 하면서 감정 낭비를 하고 일하러 일하러 하는 일하는 곳인데 굳이 왜 어 그렇게 시간 낭비를 하고 그런 여러 가지 소모적인 일들을 하는지 이해를 할 수가 없어서 저는 그냥 제가 어 사과를 하고 좀 제가 먼저 손을 내미는 그런 스타일인 것 같습니다.","wordCount":156},"emotion":[],"intent":[{"text":"아 저는 구성원과 갈등이 있을 때 좀 최대한 빨리 해결을 하려고 하는 편입니다.","expression":"c_confl_mg","category":"personality"},{"text":"어 제가 어 마음에서 우러나지는 않아도 이렇게 사과를 먼저 하고 손을 내미는 편이고 어 만약에 그분이 풀리지 않는다면 어 제가 좀 어 좋은 식사를 대접하든 아니면 좀 커피라도 한 잔 사다 주면서 기분을 좀 풀어주려고 애를 쓰는 편입니다.","expression":"c_confl_mg","category":"personality"},{"text":"저는 제가 먼저 굽히고 들어가고 제가 먼저 사과를 하고 저 자세로 가면 어 풀릴 일인데 왜 둘이 굳이 그런 자존심 싸움 같은 걸 하면서 감정 낭비를 하고 일하러 일하러 하는 일하는 곳인데 굳이 왜 어 그렇게 시간 낭비를 하고 그런 여러 가지 소모적인 일들을 하는지 이해를 할 수가 없어서 저는 그냥 제가 어 사과를 하고 좀 제가 먼저 손을 내미는 그런 스타일인 것 같습니다.","expression":"c_confl_mg","category":"personality"}],"summary":{"text":"저는 구성원과 갈등이 있을 때 최대한 빨리 해결하려고 하는 편인데, 굳이 감정 낭비를 하고 소모적인 일들을 하는지 이해를 할 수가 없어서 저는 그냥 제가 사과를 하고 먼저 손을 내미는 스타일인 것 같습니다.","wordCount":32}}},"rawDataInfo":{"question":{"fileFormat":"wav","fileSize":291918,"duration":9120,"samplingBit":16,"channelCount":1,"samplingRate":"16kHz","audioPath":"/Mock/04.RND/Male/New/ckmk_q_rnd_m_n_267144.wav"},"answer":{"fileFormat":"wav","fileSize":3294158,"duration":102940,"samplingBit":16,"channelCount":1,"samplingRate":"16kHz","audioPath":"/Mock/04.RND/Male/New/ckmk_a_rnd_m_n_267144.wav"}}}