{"version":"1.0","dataSet":{"info":{"date":"20230116","occupation":"RND","channel":"MOCK","place":"ONLINE","gender":"MALE","ageRange":"-34","experience":"NEW"},"question":{"raw":{"text":"만약 지원자님이 하고 싶은 직무 말고 다른 직무를 맡아서 하게 되신다면 어떻게 하실 건가요 그렇게 하시려는 이유는 무엇인가요","wordCount":18},"emotion":[],"intent":[]},"answer":{"raw":{"text":"근데 당연히 저는 좋다고 생각합니다. 어 제가 알고 있는 저와 또 그 회사에서 번 저 당연히 다를 수 있겠지요. 그로 인해서 제가 맡게 된 직무도 조금 차이가 있을 수 있다 그렇게 생각을 하고요. 일차적으로 어 또한 그 제가 원하는 그 직무에 당장은 자리가 없을 수 있기 때문에 그런 기회가 어렵고 그로 인하여 어 다른 직무를 일시적으로 맡다가 또 저가 원하는 자기의 기회가 생기면은 향후 또 이렇게 에 전직이라든지 전형이 있을 수 있다 라는 생각합니다. 그래서 저는 그 회사의 판단에 저는 어 충성을 하고 그 결과에 따르겠습니다. 아 또한 어떤 징후를 맡든 간에 거기에 모든 중요성과 또 거기에 모든 책무가 따르기 때문에 추워에 거기에 불만이라든지 그런 생각을 갖지 않고 어 회사의 무포에 맞게끔 최선을 다하겠습니다. 혹시나 또 그런 다른 직무를 맡아 일정기관에 공무를 하다가 많은 불편함이라든지 진짜 그 어떤 그런 그 내용이 발생이 됐을 때는 제가 적당한 시기에 상급자라든지 인사라든지 관련 부서 사람들하고 상의를 진행하도록 하겠습니다.","wordCount":145},"emotion":[],"intent":[{"text":"","expression":"","category":"attitude"}],"summary":{"text":"저는 지금 당장 원하는 직무에 자리가 없어 다른 직무를 맡다가 기회가 생기면 전직이 있을 수 있다고 생각합니다. 또 어떤 징후를 맡든 그 중요성과 책무가 따르기 때문에 불만, 그런 생각을 갖지 않고 최선을 다하겠습니다. 혹시 다른 직무에서 불편함이 생겼다면 관련 부서 사람들과 상의를 진행하도록 하겠습니다.","wordCount":44}}},"rawDataInfo":{"question":{"fileFormat":"wav","fileSize":614478,"duration":19200,"samplingBit":16,"channelCount":1,"samplingRate":"16kHz","audioPath":"/Mock/04.RND/Male/New/ckmk_q_rnd_m_n_294653.wav"},"answer":{"fileFormat":"wav","fileSize":2677518,"duration":83670,"samplingBit":16,"channelCount":1,"samplingRate":"16kHz","audioPath":"/Mock/04.RND/Male/New/ckmk_a_rnd_m_n_294653.wav"}}}