{"version":"1.0","dataSet":{"info":{"date":"20230116","occupation":"RND","channel":"MOCK","place":"ONLINE","gender":"MALE","ageRange":"55-","experience":"NEW"},"question":{"raw":{"text":"만약 지원자님께서 지금 지원하신 해당 직무가 아니라 다른 부서에 배치를 받게 되신다면 어떻게 하실 건가요 그래도 업무를 하실 건가요","wordCount":19},"emotion":[],"intent":[]},"answer":{"raw":{"text":"먼저 직장을 구한 것 그거 한 가지로도 상당히 감사하게 생각할 것입니다. 요즘은 그 직장 수는 줄고 구직자들은 늘고 있는 추세입니다. 제가 지원한 분야에서 일을 하는 것도 개인적으로 상당히 중요하나 배치된 부서에서 일을 하면서 제가 원하는 부서로 이동할 수 있게 끔 공부를 해서 바탕을 준비를 하겠습니다. 회사 입장에서도 제가 다른 부서에서 더욱 회사에 기여를 할 수 있다면 거부를 할 이유가 없다고 생각합니다. 그 경우 회사나 저 모두에게 이득이 되는 일입니다.","wordCount":69},"emotion":[],"intent":[{"text":"","expression":"","category":"attitude"}],"summary":{"text":"저는 지원한 분야에서 일을 하는 것도 중요하나 배치 부서에서 일을 하면서 원하는 부서로 이동할 수 있도록 공부를 해서 바탕을 준비하고 다른 부서에서 회사에 기여할 수 있다면 회사나 저 모두에게 이득이 될 것입니다.","wordCount":32}}},"rawDataInfo":{"question":{"fileFormat":"wav","fileSize":635278,"duration":19850,"samplingBit":16,"channelCount":1,"samplingRate":"16kHz","audioPath":"/Mock/04.RND/Male/New/ckmk_q_rnd_m_n_304659.wav"},"answer":{"fileFormat":"wav","fileSize":2346958,"duration":73340,"samplingBit":16,"channelCount":1,"samplingRate":"16kHz","audioPath":"/Mock/04.RND/Male/New/ckmk_a_rnd_m_n_304659.wav"}}}