{"version":"1.0","dataSet":{"info":{"date":"20230116","occupation":"RND","channel":"MOCK","place":"ONLINE","gender":"MALE","ageRange":"35-44","experience":"NEW"},"question":{"raw":{"text":"여러 사람들과 함께 일을 하다 보면 구성원들 간의 갈등이 생기게 될 수도 있습니다 그럴 때는 어떻게 해결하시는지 궁금합니다","wordCount":18},"emotion":[],"intent":[]},"answer":{"raw":{"text":"네 사람들 간의 그런 생각은 다를 수 밖에 없기 때문에 또 의견이 다를 수 밖에 없기 때문에 갈등은 언제나 있을 수밖에 없다고 생각합니다. 어 의견이 달라서 생기는 갈등은 저는 어 대화가 답이라고 생각을 합니다. 어 물론 감정적으로 조금 갈등 때문에 안 좋은 감정이 있다면 그런 감정이 격하지 않은 시점에 어 대화를 해야겠지만 그 대화는 좀 건조하게 하는 게 전 좋다고 생각을 해요. 그래서 의견이 다른 상황에서의 대화는 좀 더 건조하고 사무적으로 어 조금 더 팩트를 중심으로 근거를 가지고 어 상대방에게 표현 어 전달을 하고 그것이 이제 제 의견이지만 저와 제가 그런 생각을 가지게 된 근거가 되는 어떤 전문가의 의견이나 어떤 자료들을 첨부해서 그것들을 첨삭을 해서 이렇게 의견을 전달하고 소통을 한다면 어 무조건 제 의견이 맞다라기 보다는 함께 더 좋은 의견으로 가는 토론의 장이 될 것 같고요. 그런데 이 갈등이 의견 차이가 아닌 좀 감정적이고 그런 개인적인 그런 갈등이 생길 수가 있잖아요. 그럴 때는 정말 시간이 많이 필요하다고 생각을 하고 어 또 인제 제가 윗사람이라면 윗사람이 먼저 그 갈등의 고리를 푸는 게 저는 훨씬 더 쉬운 접근이라고 생각을 합니다. 제가 상사를 하면 어 그것에 대해서 오픈하고 이야기를 하고 좀 좋은 관계가 될 수 있도록 어 먼저 손을 내미는 것이 어 좋다고 생각을 합니다.","wordCount":192},"emotion":[],"intent":[{"text":"","expression":"","category":"attitude"}],"summary":{"text":"의견이 달라서 생기는 갈등은 언제나 있을 수 밖에 없다고 생각합니다. 의견이 다른 상황에서의 대화는 좀 더 건조하고 사무적으로 근거를 가지고 상대방에게 표현 어 전달을 하고 그것을 전문가의 의견이나 자료들을 첨부해서 의견을 전달하고 소통을 한다면 함께 더 좋은 의견으로 가는 토론의 장이 될 것 같습니다.","wordCount":44}}},"rawDataInfo":{"question":{"fileFormat":"wav","fileSize":328718,"duration":10270,"samplingBit":16,"channelCount":1,"samplingRate":"16kHz","audioPath":"/Mock/04.RND/Male/New/ckmk_q_rnd_m_n_296080.wav"},"answer":{"fileFormat":"wav","fileSize":3123918,"duration":97620,"samplingBit":16,"channelCount":1,"samplingRate":"16kHz","audioPath":"/Mock/04.RND/Male/New/ckmk_a_rnd_m_n_296080.wav"}}}