{"version":"1.0","dataSet":{"info":{"date":"20230116","occupation":"RND","channel":"MOCK","place":"ONLINE","gender":"MALE","ageRange":"35-44","experience":"NEW"},"question":{"raw":{"text":"요즘 공부하고 있는 것이 있으신가요 있다면 그것은 무엇이고 왜 공부를 하고 있고 지금까지 어떤 것을 배웠는지도 말씀 부탁드립니다","wordCount":18},"emotion":[],"intent":[]},"answer":{"raw":{"text":"네 요즘 공부하고 있는 것은 인간관계입니다. 그 굉장히 유명한 그런 책을 읽고 또 거기에 나와 있는 여러 실천들을 한번 해 보고 있는데요. 어 인간관계에 대해서 공부를 하는 이유는 사람과 사람 사이의 관계가 어 그 삶의 행복과 만족도와 삶의 질에 굉장히 많은 영향을 주기 때문입니다. 삶의 질에 영향을 수 있는 다양한 요소들이 있겠지만 어 인간관계가 문제가 생기면 그 모든 것이 다 망가질 정도로 오히려 인간관계 때문에 건강도 해칠 수가 있고 어 그다음에 어 경제적으로도 어려워질 수가 있습니다. 그래서 좋은 인간관계를 갖는 것은 영업이나 마케팅 뿐만 아니라 가족 안에서도 일반 생활에서도 중요합니다. 어 이 인간관계를 공부하면서 지금까지 인제 어 배운 여러 가지 사실 중에 오늘 좀 말씀드리고 싶은 것은 어 부정적인 말을 하기 전에 긍정적인 말을 하는 것입니다. 왜냐하면 모든 사람은 좋은 평가를 받고 싶어 합니다. 어 그냥 쓴소리를 해주세요 라고 하는 사람도 본심은 좋은 이야기를 듣고 싶고 자기에게 이로운 이야기를 듣고 싶어 합니다. 그래서 어 인간관계의 기본은 내 중심이 아니라 상대방의 관점에서 자꾸 생각을 해서 그 사람이 듣고 싶은 이야기가 뭔지 그 사람에게 도움이 되는 게 뭔지를 먼저 고려하고 그것을 이야기 하는 게 어 인간관계의 첫걸음이라고 할 수 있겠습니다. 이상입니다.","wordCount":179},"emotion":[],"intent":[{"text":"","expression":"","category":"attitude"}],"summary":{"text":"인간관계는 삶의 행복과 만족도, 삶의 질에 많은 영향을 줍니다. 인간관계가 문제가 생기면 건강도 해치고 경제적으로도 어려워질 수 있습니다. 좋은 인간관계를 갖는 것은 영업이나 마케팅 뿐만 아니라 가족 안에서도 일반 생활에서도 중요하므로 부정적인 말을 하기 전에 긍정적인 말을 하는 것이 좋습니다. 인간관계의 기본은 상대방의 관점에서 듣고 싶은 이야기가 무엇인지 그 사람에게 도움이 되는 게 무엇인지 먼저 고려해야 합니다.","wordCount":57}}},"rawDataInfo":{"question":{"fileFormat":"wav","fileSize":625678,"duration":19550,"samplingBit":16,"channelCount":1,"samplingRate":"16kHz","audioPath":"/Mock/04.RND/Male/New/ckmk_q_rnd_m_n_312041.wav"},"answer":{"fileFormat":"wav","fileSize":3465038,"duration":108280,"samplingBit":16,"channelCount":1,"samplingRate":"16kHz","audioPath":"/Mock/04.RND/Male/New/ckmk_a_rnd_m_n_312041.wav"}}}