{"version":"1.0","dataSet":{"info":{"date":"20230116","occupation":"RND","channel":"MOCK","place":"ONLINE","gender":"MALE","ageRange":"45-54","experience":"NEW"},"question":{"raw":{"text":"엔트로피와 엔탈피 이 두 개념의 차이는 무엇이기 무엇입니까 아시는 대로 설명해 주시기 바랍니다","wordCount":13},"emotion":[],"intent":[]},"answer":{"raw":{"text":"네 엔트로피와 엔탈피 두 개념의 차이를 여쭤보셨는데 음 아는 대로 답변을 드리겠습니다. 엔트로피는 음 제가 유사한 단어로 무질서라 무질서도 라고 알고 있습니다. 어떠한 화학 반응이나 어 여러 가지 어 자연 현상은 무질서한 쪽으로 계속 일어나는 걸로 알고 있습니다. 즉 엔트로피가 증가하는 쪽으로 어 가고 있다고 알고 있습니다. 이렇게 무질서해지는 것을 어 무질서해지는 반응의 역반응을 즉 질서 있는 쪽으로 바꾸고자 할 때는 에너지가 어 필요하다고 알고 있습니다. 그래서 어 과학기술이 발전 발달한다면 자연스러운 엔트로피의 자연 현상을 어 역으로 어 될 수 있도록 하는 기술이 생길 수도 있을지 모릅니다. 엔탈피는 제가 알기로는 어떤 열 열 화학 반응에서 어떤 열의 이동이나 이런 것으로 알고 있는데 어 쪼금 더 구체적으로 말씀드리면 어 화학 반응을 통해서 반응 전과 반응 후에 에 일정한 압력과 어 환경에서 그 열에 변화를 통해 에 그 물체의 안정성과 변화의 방향을 결정하는 핵심적인 요소라고 생각합니다. 이상입니다.","wordCount":135},"emotion":[{"text":"엔트로피는 음 제가 유사한 단어로 무질서라 무질서도 라고 알고 있습니다.","expression":"u-fact","category":"neutral"},{"text":"어떠한 화학 반응이나 어 여러 가지 어 자연 현상은 무질서한 쪽으로 계속 일어나는 걸로 알고 있습니다.","expression":"u-fact","category":"neutral"},{"text":"즉 엔트로피가 증가하는 쪽으로 어 가고 있다고 알고 있습니다.","expression":"u-fact","category":"neutral"}],"intent":[{"text":"","expression":"","category":"attitude"}],"summary":{"text":"엔트로피는 화학 반응이나 자연 현상이 무질서한 쪽으로 계속 일어나는 걸로 알고 있습니다. 무질서해지는 것을 질서 있는 쪽으로 바꾸고자 할 때는 에너지가 필요하다고 알고 있고, 엔탈피는 어떤 화학 반응을 통해서 일정한 압력과 환경에서 그 열에 변화를 통해 물체의 안정성과 변화의 방향을 결정하는 핵심 요소라고 생각합니다.","wordCount":44}}},"rawDataInfo":{"question":{"fileFormat":"wav","fileSize":422478,"duration":13200,"samplingBit":16,"channelCount":1,"samplingRate":"16kHz","audioPath":"/Mock/04.RND/Male/New/ckmk_q_rnd_m_n_322638.wav"},"answer":{"fileFormat":"wav","fileSize":3831118,"duration":119720,"samplingBit":16,"channelCount":1,"samplingRate":"16kHz","audioPath":"/Mock/04.RND/Male/New/ckmk_a_rnd_m_n_322638.wav"}}}