{"version":"1.0","dataSet":{"info":{"date":"20230116","occupation":"RND","channel":"MOCK","place":"ONLINE","gender":"MALE","ageRange":"35-44","experience":"NEW"},"question":{"raw":{"text":"패러데이 법칙에 대해 아신다면 설명 부탁드리겠습니다","wordCount":6},"emotion":[],"intent":[]},"answer":{"raw":{"text":"패러데이 법칙은 패러데이가 발견한 법칙으로 천 팔백 삼십 삼 년 발견한 전기 분해 법칙과 천 팔백 삼십 일 년에 발견한 전자기 유도 법칙이 이에 해당이 됩니다. 천 팔백 삼십 삼 년 발견한 전기 분해 법칙과 이보다 이 년 전에 발견한 전자기 유도 법칙이 있습니다. 전기 분해 법칙에 의해 물질의 원자 구조와 관련해서 전기량에도 최소 단위가 존재한다는 것이 처음으로 예측되었고 전자기 유도 법칙은 전자기 유도가 일어나는 방식을 밝혀냈습니다. 먼저 전기 분해는 전기 분해를 하는 동안 전극에 흐르는 전화량과 전기 분해로 인해 생긴 화학 변화에 양 사이에 정량적인 관계를 나타내는 법칙입니다. 전자기 유도 법칙은 전자기 유도에 의해 회로 내에 유발되는 기절력의 크기는 회로를 관통하는 자기력 선속의 시간적 변화율에 비례합니다. 기전력의 방향을 정하는 렌즈의 법칙과 함께 전자기 유도가 일어나는 방식을 나타냅니다.","wordCount":118},"emotion":[{"text":"패러데이 법칙은 패러데이가 발견한 법칙으로 천 팔백 삼십 삼 년 발견한 전기 분해 법칙과 천 팔백 삼십 일 년에 발견한 전자기 유도 법칙이 이에 해당이 됩니다.","expression":"u-fact","category":"neutral"},{"text":"천 팔백 삼십 삼 년 발견한 전기 분해 법칙과 이보다 이 년 전에 발견한 전자기 유도 법칙이 있습니다.","expression":"u-fact","category":"neutral"},{"text":"전기 분해 법칙에 의해 물질의 원자 구조와 관련해서 전기량에도 최소 단위가 존재한다는 것이 처음으로 예측되었고 전자기 유도 법칙은 전자기 유도가 일어나는 방식을 밝혀냈습니다.","expression":"u-fact","category":"neutral"},{"text":"먼저 전기 분해는 전기 분해를 하는 동안 전극에 흐르는 전화량과 전기 분해로 인해 생긴 화학 변화에 양 사이에 정량적인 관계를 나타내는 법칙입니다.","expression":"u-fact","category":"neutral"},{"text":"전자기 유도 법칙은 전자기 유도에 의해 회로 내에 유발되는 기절력의 크기는 회로를 관통하는 자기력 선속의 시간적 변화율에 비례합니다.","expression":"u-fact","category":"neutral"}],"intent":[{"text":"","expression":"","category":"attitude"}],"summary":{"text":"패러데이 법칙 중 전기 분해 법칙은 물질의 원자 구조와 관련해서 전기량에도 최소 단위가 존재한다는 것이 처음으로 예측되었고, 전자기 유도 법칙은 전자기 유도가 일어나는 방식을 밝혀냈습니다.","wordCount":25}}},"rawDataInfo":{"question":{"fileFormat":"wav","fileSize":242638,"duration":7580,"samplingBit":16,"channelCount":1,"samplingRate":"16kHz","audioPath":"/Mock/04.RND/Male/New/ckmk_q_rnd_m_n_318234.wav"},"answer":{"fileFormat":"wav","fileSize":2890958,"duration":90340,"samplingBit":16,"channelCount":1,"samplingRate":"16kHz","audioPath":"/Mock/04.RND/Male/New/ckmk_a_rnd_m_n_318234.wav"}}}