{"version":"1.0","dataSet":{"info":{"date":"20230116","occupation":"RND","channel":"MOCK","place":"ONLINE","gender":"MALE","ageRange":"55-","experience":"NEW"},"question":{"raw":{"text":"지원자님께서 지금까지 살아오시면서 가장 힘들었던 경험은 무엇이었습니까 그리고 지원자님께서 그것을 어떻게 극복하셨는지도 설명해 주시기 바랍니다","wordCount":15},"emotion":[],"intent":[]},"answer":{"raw":{"text":"지금까지 살아오면서 가장 힘들었던 경험은 외국에서 홀로 사는 것 이었습니다. 젊은 나이에 외국에 나가서 홀로 살자니 부모님 가족도 없고 친구도 없고 그들과 대화를 하고 싶어도 거리상으로 멀리 떨어져 있었기 때문에 힘들었습니다. 이 외로움을 극복하는 것은 상당히 어려웠고 그 방법으로 제가 선택한 것은 운동이었습니다. 운동을 통해서 그 나라 사람들과 친구가 될 수 있었고 운동을 통해서 그들의 일 부분이 될 수 있었기 때문에 외로움을 많이 극복할 수 있었습니다.","wordCount":66},"emotion":[],"intent":[{"text":"","expression":"","category":"attitude"}],"summary":{"text":"외국에서 홀로 사는 것이 가장 힘들었는데, 이를 극복하는 방법으로 운동을 선택했습니다. 운동을 통해서 그 나라 사람들과 친구가 될 수 있고 그들의 일 부분이 될 수 있었기에 많이 극복할 수 있었습니다.","wordCount":30}}},"rawDataInfo":{"question":{"fileFormat":"wav","fileSize":637518,"duration":19920,"samplingBit":16,"channelCount":1,"samplingRate":"16kHz","audioPath":"/Mock/04.RND/Male/New/ckmk_q_rnd_m_n_304661.wav"},"answer":{"fileFormat":"wav","fileSize":2410318,"duration":75320,"samplingBit":16,"channelCount":1,"samplingRate":"16kHz","audioPath":"/Mock/04.RND/Male/New/ckmk_a_rnd_m_n_304661.wav"}}}