{"version":"1.0","dataSet":{"info":{"date":"20230116","occupation":"RND","channel":"MOCK","place":"ONLINE","gender":"MALE","ageRange":"35-44","experience":"NEW"},"question":{"raw":{"text":"면접자님이 엔트로피와 엔탈피의 차이에 대해서 알고 계십니까 무엇일까요","wordCount":8},"emotion":[],"intent":[]},"answer":{"raw":{"text":"엔트로피는 어 무질서도를 의미하는 것이고 엔탈피는 단위 물질이 가지고 있는 고유의 에너지 양이라고 알고 있습니다. 어 제가 알고 있는 개념은 아주 기초적인 어 그런 개념입니다. 어 업무를 함에 있어서 제가 어 조금 더 깊이 있게끔 배울 수 있는 어 계기가 되었으면 좋겠습니다. 아직은 모지라지만 어 어떻게 성장하는지 잘 봐주십시오.","wordCount":49},"emotion":[{"text":"엔트로피는 어 무질서도를 의미하는 것이고 엔탈피는 단위 물질이 가지고 있는 고유의 에너지 양이라고 알고 있습니다.","expression":"u-fact","category":"neutral"}],"intent":[{"text":"","expression":"","category":"attitude"}],"summary":{"text":"엔트로피는 무질서도를 의미하고 엔탈피는 단위 물질의 에너지 양입니다. 업무를 함에 있어서 좀 더 깊이 있게 배울 수 있는 계기가 되기를 바랍니다.","wordCount":21}}},"rawDataInfo":{"question":{"fileFormat":"wav","fileSize":249678,"duration":7800,"samplingBit":16,"channelCount":1,"samplingRate":"16kHz","audioPath":"/Mock/04.RND/Male/New/ckmk_q_rnd_m_n_291729.wav"},"answer":{"fileFormat":"wav","fileSize":1609358,"duration":50290,"samplingBit":16,"channelCount":1,"samplingRate":"16kHz","audioPath":"/Mock/04.RND/Male/New/ckmk_a_rnd_m_n_291729.wav"}}}