{"version":"1.0","dataSet":{"info":{"date":"20230116","occupation":"RND","channel":"MOCK","place":"ONLINE","gender":"MALE","ageRange":"55-","experience":"NEW"},"question":{"raw":{"text":"귀하는 지원하신 직무에 관한 전공자인데 열역학 영법칙에 대해서 설명해 주세요","wordCount":10},"emotion":[],"intent":[]},"answer":{"raw":{"text":"어 열역학 재료 법칙에 대한 것은 두 물체 간 혹은 세 개 물체 간에 열의 이제 평형 상태를 보는 것인데요. 어 예를 들어 말하면 에이 물체의 온도가 비 물체의 온도와 같다면 두 물체 간의 온도 간에 에 쉽게 전달 이동은 없다는 거죠. 예를 들어서 이제 뜨거운 물을 끓였을 때 그 뜨거운 물질에 대한 액체 물이 컵에 담기죠. 그러면 컵에 담겼을 때 그 컵의 온도는 상승합니다. 컵 자체는 컵 컵 자체의 온도는 결국 이게 열의 전달에 의해서 뜨거운 물의 온도가 아 이 컵에 전달되는 거죠. 그러나 만약에 컵의 온도하고 물의 온도가 동일하다면 두 물질 간의 이동은 없다 라고 보는 거죠. 열 평형이라고 표현을 하는데 이러한 형태를 열 역학 제로 법칙이라고 어 본 기억이 납니다. 감사합니다.","wordCount":114},"emotion":[{"text":"어 열역학 재료 법칙에 대한 것은 두 물체 간 혹은 세 개 물체 간에 열의 이제 평형 상태를 보는 것인데요.","expression":"u-fact","category":"neutral"},{"text":"어 예를 들어 말하면 에이 물체의 온도가 비 물체의 온도와 같다면 두 물체 간의 온도 간에 에 쉽게 전달 이동은 없다는 거죠.","expression":"u-fact","category":"neutral"},{"text":"그러면 컵에 담겼을 때 그 컵의 온도는 상승합니다.","expression":"u-fact","category":"neutral"},{"text":"컵 자체는 컵 컵 자체의 온도는 결국 이게 열의 전달에 의해서 뜨거운 물의 온도가 아 이 컵에 전달되는 거죠.","expression":"u-fact","category":"neutral"},{"text":"그러나 만약에 컵의 온도하고 물의 온도가 동일하다면 두 물질 간의 이동은 없다","expression":"u-fact","category":"neutral"},{"text":"열 평형이라고 표현을 하는데 이러한 형태를 열 역학 제로 법칙이라고 어 본 기억이 납니다.","expression":"u-fact","category":"neutral"}],"intent":[{"text":"","expression":"","category":"attitude"}],"summary":{"text":"열역학 재료 법칙은 두 물체 혹은 세 개 물체 간의 열의 평형 상태를 보는 것입니다. 예를 들어, 뜨거운 물을 끓였을 때 뜨거운 물질에 대한 액체 물이 담겼을 때 그 온도는 상승합니다. 그러나 두 물질의 온도가 같다면 이동은 없습니다.","wordCount":38}}},"rawDataInfo":{"question":{"fileFormat":"wav","fileSize":417998,"duration":13060,"samplingBit":16,"channelCount":1,"samplingRate":"16kHz","audioPath":"/Mock/04.RND/Male/New/ckmk_q_rnd_m_n_319049.wav"},"answer":{"fileFormat":"wav","fileSize":2226958,"duration":69590,"samplingBit":16,"channelCount":1,"samplingRate":"16kHz","audioPath":"/Mock/04.RND/Male/New/ckmk_a_rnd_m_n_319049.wav"}}}