{"version":"1.0","dataSet":{"info":{"date":"20230116","occupation":"RND","channel":"MOCK","place":"ONLINE","gender":"MALE","ageRange":"-34","experience":"NEW"},"question":{"raw":{"text":"커뮤니케이션을 잘 할 수 있는 나만의 스킬이 있다면 한번 소개해 주실 수 있습니까 직접 한번 보여주셔도 괜찮습니다","wordCount":17},"emotion":[],"intent":[]},"answer":{"raw":{"text":"커뮤니케이션을 잘 할 수 있는 저만의 스킬은 상대방의 눈을 바라보고 이야기하는 것입니다. 사람의 눈에는 다양한 정보가 들어있습니다. 감정 속마음 혹은 그 사람이 더 나아가 거짓말을 하고 있는지 진짜를 말하고 있는지에 대해 그 눈은 담고 있습니다. 눈은 마음의 창이라고도 하는데요. 제 개인적으로는 마음의 창뿐만 아니라 생각의 창이라고도 생각합니다. 그 사람이 그 커뮤니케이션 상황을 그러니까 저와의 대화 상황을 불편해 하고 있다면 보통 눈동자가 떨리는 등의 표식으로 그 사람의 감정이 드러납니다. 그렇기 때문에 저는 커뮤니케이션을 할 때 보다 수월하게 그 사람이 원하는 바 혹은 불쾌해하는 대화 주제를 판별하기 위해서 눈을 보고 이야기하는 습관을 길렀으며 사람이 대화를 하거나 혹은 그 사람이 일방적으로 이야기를 하고 있는 상황에도 그 사람의 눈을 바라봐 줍니다. 일단 중요한 것은 눈을 그냥 바라보는 것이 아니라 신뢰의 눈빛 혹은 긍정의 눈빛을 담고 그 사람과 대화하는 것인데요. 약간의 눈웃음이나 크게 또렷하게 뜬 맑은 눈동자 등이 그것에 속한다고 생각합니다.","wordCount":136},"emotion":[],"intent":[{"text":"","expression":"","category":"attitude"}],"summary":{"text":"커뮤니케이션을 잘 할 수 있는 저만의 스킬은 상대방의 눈을 바라보고 이야기하는 것입니다. 커뮤니케이션을 할 때 보다 수월하게 그 사람이 원하는 바 혹은 불쾌해하는 대화 주제를 판별하기 위해서 눈을 보고 이야기하는 습관을 길렀고 신뢰가 담긴 눈빛 혹은 긍정의 눈빛을 담고 그 사람과 대화하는 것입니다.","wordCount":43}}},"rawDataInfo":{"question":{"fileFormat":"wav","fileSize":425038,"duration":13280,"samplingBit":16,"channelCount":1,"samplingRate":"16kHz","audioPath":"/Mock/04.RND/Male/New/ckmk_q_rnd_m_n_342320.wav"},"answer":{"fileFormat":"wav","fileSize":2572878,"duration":80400,"samplingBit":16,"channelCount":1,"samplingRate":"16kHz","audioPath":"/Mock/04.RND/Male/New/ckmk_a_rnd_m_n_342320.wav"}}}