{"version":"1.0","dataSet":{"info":{"date":"20230116","occupation":"RND","channel":"MOCK","place":"ONLINE","gender":"MALE","ageRange":"45-54","experience":"NEW"},"question":{"raw":{"text":"대한민국의 금융 정책 기관으로서 저희 신용보증기금이 호가 되어야 할 업무 영역은 무엇이라 생각하는지 말씀해 주세요","wordCount":15},"emotion":[],"intent":[]},"answer":{"raw":{"text":"네 대한민국 금융 정책 기관으로서 우리 신용보증기금이 호가대얄 할 업무 영역이 무엇인가 라고 여쭤보셨는데 아는 바대로 답변해 드리겠습니다. 어 호가대해가 어떤 의미인지를 잘 모르겠습니다. 하지만 어 신용보증기금에 대한 음 업무 영역에 대해서는 아는 대로 답변을 드리겠습니다. 신용보증기금은 어 기술보증기금과 같은 비슷한 업무를 하는 걸로 알고 있습니다. 중소기업에 어 자금 지원을 하는 공공기관으로 알고 있습니다. 어 지금은 음 중소기업의 어떤 뭐 자금 지원을 예전에는 어떠한 담보를 통해서 공장 부지 담보나 또는 회사 대표에 어 개인 자산이나 부동산을 담보로 해서 자금 지원되었던 부분이 많이 있었지만 어 최근에는 그 회사에 그 중소기업에 기술을 보고서 어 기술의 어떤 음 고도성이라든가 어 참신성이라든가 경쟁력을 보고서 신용으로 어 자금을 대출하거나 지원하는 경우를 많이 보고 있습니다. 신용보증기금은 그러한 바람직한 방향으로 더 많이 확대되어서 중소기업이 네 많은 도움을 받았으면 좋겠습니다. 이상입니다.","wordCount":123},"emotion":[],"intent":[{"text":"","expression":"","category":"attitude"}],"summary":{"text":"신용보증기금은 중소기업에 대한 자금 지원을 하는 공공기관으로 알고 있습니다. 이전에는 담보를 통해 자금 지원이 이루어졌지만 최근에는 기술을 보고서 신용으로 자금을 대출하거나 지원하는 경우를 많이 보고 있으며 앞으로도 많은 도움을 받았으면 합니다.","wordCount":31}}},"rawDataInfo":{"question":{"fileFormat":"wav","fileSize":364878,"duration":11400,"samplingBit":16,"channelCount":1,"samplingRate":"16kHz","audioPath":"/Mock/04.RND/Male/New/ckmk_q_rnd_m_n_322637.wav"},"answer":{"fileFormat":"wav","fileSize":3875918,"duration":121120,"samplingBit":16,"channelCount":1,"samplingRate":"16kHz","audioPath":"/Mock/04.RND/Male/New/ckmk_a_rnd_m_n_322637.wav"}}}