{"version":"1.0","dataSet":{"info":{"date":"20230116","occupation":"RND","channel":"MOCK","place":"ONLINE","gender":"MALE","ageRange":"35-44","experience":"NEW"},"question":{"raw":{"text":"지원자분 면접까지 오시느라 수고 많으셨습니다 질문 드리겠습니다 베르누이 방정식에 대한 가정과 베르누이 방정식의 실제 예를 들어서 설명해 보십시오","wordCount":18},"emotion":[],"intent":[]},"answer":{"raw":{"text":"네 베르누이의 방정식에 대한 가정과 개발 및 연구 분야에서 활용할 수 있는 어 베르누이의 방정식의 실제 예를 설명 드리도록 하겠습니다. 베르누이의 방정식은 뉴턴의 어 에프는 엠에이 이 방정식의 어떤 변형이라고도 볼 수 있을 텐데요. 어 이 베르누이의 방정식이 어 그렇게 유체 역학에서 특별히 점성이 없는 유체 역학에서 굉장히 유용하게 어 사용이 되고 있습니다, 예를 들면 달리는 차 안에서 어 창문을 열었을 때 어 앞 앞에 있는 운전석 창문과 뒤에 있는 어 창문을 열었을 때 그 안에서 인제 공기가 빠르게 회전하다가 인제 또 빠져나가는 그런 현상이나 어 인제 그 어 공기의 압력 차이에 의해서 문이 닫히는 등의 그런 현상들을 잘 설명해 주는 방정식입니다. 어 그래서 이 베르누이의 방정식을 이렇게 활용할 수 있는 그런 예들은 어 예를 들면 어 자동차 안에 환기를 할 때 가장 어 빨리 환기할 수 있는 그런 문에 음 어느 정도를 열어야 되는지 또 그 자동차 속도에 따라서 어느 정도 여는 것이 가장 어 환기에 도움이 되는지를 이렇게 그런 프로그램을 개발해서 자동차 스마트한 서비스를 제공한다면 그때 바로 베르누이의 방정식을 사용할 수 있을 것 같습니다. 감사합니다.","wordCount":167},"emotion":[{"text":"베르누이의 방정식은 뉴턴의 어 에프는 엠에이 이 방정식의 어떤 변형이라고도 볼 수 있을 텐데요.","expression":"u-fact","category":"neutral"},{"text":"어 이 베르누이의 방정식이 어 그렇게 유체 역학에서 특별히 점성이 없는 유체 역학에서 굉장히 유용하게 어 사용이 되고 있습니다, 예를 들면 달리는 차 안에서 어 창문을 열었을 때 어 앞 앞에 있는 운전석 창문과 뒤에 있는 어 창문을 열었을 때 그 안에서 인제 공기가 빠르게 회전하다가 인제 또 빠져나가는 그런 현상이나 어 인제 그 어 공기의 압력 차이에 의해서 문이 닫히는 등의 그런 현상들을 잘 설명해 주는 방정식입니다.","expression":"u-fact","category":"neutral"},{"text":"어 그래서 이 베르누이의 방정식을 이렇게 활용할 수 있는 그런 예들은 어 예를 들면 어 자동차 안에 환기를 할 때 가장 어 빨리 환기할 수 있는 그런 문에 음 어느 정도를 열어야 되는지 또 그 자동차 속도에 따라서 어느 정도 여는 것이 가장 어 환기에 도움이 되는지를 이렇게 그런 프로그램을 개발해서 자동차 스마트한 서비스를 제공한다면 그때 바로 베르누이의 방정식을 사용할 수 있을 것 같습니다.","expression":"u-fact","category":"neutral"}],"intent":[{"text":"","expression":"","category":"attitude"}],"summary":{"text":"베르누이의 방정식은 뉴턴의 어 에프는 엠에이 방정식의 변형인데, 점성이 없는 유체 역학에서 매우 유용하게 쓰입니다. 자동차 환기 문에 어느 정도 열어야 되는지, 자동차 속도에 따라 어느 정도 여는 것이 가장 환기에 도움이 되는지 프로그램을 개발해 자동차 스마트 서비스를 제공한다면 그때 바로 사용할 수 있을 것 같습니다.","wordCount":46}}},"rawDataInfo":{"question":{"fileFormat":"wav","fileSize":506318,"duration":15820,"samplingBit":16,"channelCount":1,"samplingRate":"16kHz","audioPath":"/Mock/04.RND/Male/New/ckmk_q_rnd_m_n_312033.wav"},"answer":{"fileFormat":"wav","fileSize":3376718,"duration":105520,"samplingBit":16,"channelCount":1,"samplingRate":"16kHz","audioPath":"/Mock/04.RND/Male/New/ckmk_a_rnd_m_n_312033.wav"}}}