{"version":"1.0","dataSet":{"info":{"date":"20230116","occupation":"RND","channel":"MOCK","place":"ONLINE","gender":"MALE","ageRange":"35-44","experience":"NEW"},"question":{"raw":{"text":"어 지원자님께서 생각하시기에 현대 사회에서 없어서는 안 될 가장 중요하다고 생각하는 직업이 있으시다면 한 가지만 골라서 말씀해 주시길 바랍니다","wordCount":19},"emotion":[],"intent":[]},"answer":{"raw":{"text":"어 현대 사회에서 없어서는 안 될 가장 중요한 직업은 어 제가 생각하는 가장 중요한 직업은 농업 관련 분야라고 생각합니다. 어 이 농업은 사실 어 현대 사회뿐만 아니라 예전 고대 사회에서부터 아주 중요한 어 없어서는 안 될 직업이라고 생각하고 있습니다. 왜냐하면 어 우리가 기본적으로 사람이 생활하는 데 있어서 먹거리가 일차적으로 해결이 되어야지 그 이후에 어 다른 활동 또한 어 어렵지 않게 된다고 생각하고 있는 편이고요. 어 그리고 일차 산업이라는 것 자체가 그 사회의 근간이라고 생각하기 때문에 가장 중요한 직업이라고 생각합니다.","wordCount":79},"emotion":[],"intent":[{"text":"","expression":"","category":"attitude"}],"summary":{"text":"현대 사회에서 가장 중요한 직업은 농업 관련 분야로, 이는 고대 사회에서부터 중요하다고 여겨지는 분야습니다. 일차 산업 자체가 그 사회의 근간이라고 생각하기 때문에 필수적인 직업이라고 생각합니다.","wordCount":25}}},"rawDataInfo":{"question":{"fileFormat":"wav","fileSize":521038,"duration":16280,"samplingBit":16,"channelCount":1,"samplingRate":"16kHz","audioPath":"/Mock/04.RND/Male/New/ckmk_q_rnd_m_n_279176.wav"},"answer":{"fileFormat":"wav","fileSize":1910158,"duration":59690,"samplingBit":16,"channelCount":1,"samplingRate":"16kHz","audioPath":"/Mock/04.RND/Male/New/ckmk_a_rnd_m_n_279176.wav"}}}