{"version":"1.0","dataSet":{"info":{"date":"20230116","occupation":"RND","channel":"MOCK","place":"ONLINE","gender":"MALE","ageRange":"55-","experience":"NEW"},"question":{"raw":{"text":"면접자님께서는 본인 스스로 숫자와 창의 중 어느 것에 더 가깝다고 생각하시는지 그렇게 생각하시는 이유와 함께 얘기해 주시겠어요","wordCount":17},"emotion":[],"intent":[]},"answer":{"raw":{"text":"네 저는 창의 쪽에 더 가깝다고 생각합니다. 어떤 숫자만 다루는 숫자를 다루는 그런 업무에는 제가 그렇게 흥미를 느끼지 못하더라구요. 그래서 어떤 어 예를 들면 어떤 프로그램을 주고 이걸 현지에 나가서 세팅을 하라 이런 과업이 주어지면 저는 그런 것을 실제로 해내는데 아주 재미를 느끼더라구요 저 자신이. 그래서 그리고 꼭 그것은 국내에서뿐만이 아니고 외국에 나가서도 저는 할 수 있다고 생각합니다. 제가 캐나다에 가서 그렇게 한 적이 있었거든요. 근데 처음에 엄청 힘들지만 나중에 어 진짜 어떤 프로그램을 하나 세팅 셋업 해놓았을 때는 정말 마음이 아 날아갈 것 같습니다. 그것이 현지에서 직접 실제로 돌아가는 것을 볼 때는 정말 기쁩니다.","wordCount":95},"emotion":[],"intent":[{"text":"","expression":"","category":"attitude"}],"summary":{"text":"창의 쪽에 더 가깝다고 생각합니다. 어떤 프로그램을 주고 이것을 현지에 나가 세팅을 하라 이런 과업이 주어지면 그것을 실제로 해내는데 아주 재미를 느꼈습니다. 이것을 외국에 나가서도 할 수 있다고 생각하는데 그것은 정말 기뻤습니다.","wordCount":32}}},"rawDataInfo":{"question":{"fileFormat":"wav","fileSize":345038,"duration":10780,"samplingBit":16,"channelCount":1,"samplingRate":"16kHz","audioPath":"/Mock/04.RND/Male/New/ckmk_q_rnd_m_n_341931.wav"},"answer":{"fileFormat":"wav","fileSize":2524238,"duration":78880,"samplingBit":16,"channelCount":1,"samplingRate":"16kHz","audioPath":"/Mock/04.RND/Male/New/ckmk_a_rnd_m_n_341931.wav"}}}