{"version":"1.0","dataSet":{"info":{"date":"20230116","occupation":"RND","channel":"MOCK","place":"ONLINE","gender":"MALE","ageRange":"-34","experience":"NEW"},"question":{"raw":{"text":"열역학 영에서 삼 법칙에 대해 설명하세요","wordCount":6},"emotion":[],"intent":[]},"answer":{"raw":{"text":"열역학 영 일 이 삼 법칙에 대해서 자세히 알지는 못하지만 저는 생명공학 전공자로서 화학과 물리에 기반한 지식들도 조금이나마 배웠기 때문에 열 역학 법칙에 대해 대략적인 설명을 해 드리겠습니다. 열 역학 법칙이란 질서와 엔트로피 등 열에 그러니까 엔트로피 에너지의 총량은 변화하지 않는다는 것을 뜻하며 어떠한 화학 반응이든 일어났을 때 생산물과 부산물 그리고 소요된 물질이 있다면 그 물질에 잃어버린 엔트로피 에너지의 양과 생성된 화합물이 가지고 있는 에너지의 양은 동일하다는 뜻입니다. 어떠한 반응을 일으킬 때 열 에너지를 가해 주었다 하더라도 그 열 에너지가 사라지는 것이 아니라 열 에너지는 생성물에 포함이 되어 그 생성물의 에너지를 계산해 보면 사용된 에너지 소모된 물질이 가지고 있던 에너지의 총합과 동일하다는 법칙이 열역학 법칙입니다.","wordCount":105},"emotion":[{"text":"열 역학 법칙이란 질서와 엔트로피 등 열에 그러니까 엔트로피 에너지의 총량은 변화하지 않는다는 것을 뜻하며 어떠한 화학 반응이든 일어났을 때 생산물과 부산물 그리고 소요된 물질이 있다면 그 물질에 잃어버린 엔트로피 에너지의 양과 생성된 화합물이 가지고 있는 에너지의 양은 동일하다는 뜻입니다.","expression":"u-fact","category":"neutral"},{"text":"어떠한 반응을 일으킬 때 열 에너지를 가해 주었다 하더라도 그 열 에너지가 사라지는 것이 아니라 열 에너지는 생성물에 포함이 되어 그 생성물의 에너지를 계산해 보면 사용된 에너지 소모된 물질이 가지고 있던 에너지의 총합과 동일하다는 법칙이 열역학 법칙입니다.","expression":"u-fact","category":"neutral"}],"intent":[{"text":"","expression":"","category":"attitude"}],"summary":{"text":"열역학 법칙이란 질서와 엔트로피 에너지의 총량은 변화하지 않는다는 것을 뜻하며 어떠한 화학 반응이 일어났을 때 생산물과 부산물, 소요된 물질이 있다면 그 물질에 잃어버린 엔드로피 에너지 양과 생성된 화합물이 가지고 있는 에너지의 양은 동일하다는 뜻입니다.","wordCount":34}}},"rawDataInfo":{"question":{"fileFormat":"wav","fileSize":241678,"duration":7550,"samplingBit":16,"channelCount":1,"samplingRate":"16kHz","audioPath":"/Mock/04.RND/Male/New/ckmk_q_rnd_m_n_342314.wav"},"answer":{"fileFormat":"wav","fileSize":2183118,"duration":68220,"samplingBit":16,"channelCount":1,"samplingRate":"16kHz","audioPath":"/Mock/04.RND/Male/New/ckmk_a_rnd_m_n_342314.wav"}}}