{"version":"1.0","dataSet":{"info":{"date":"20230116","occupation":"RND","channel":"MOCK","place":"ONLINE","gender":"MALE","ageRange":"-34","experience":"NEW"},"question":{"raw":{"text":"글로벌 인재에게 필수적인 요소가 있다면 그것은 무엇일까요 그리고 면접자님께서는 그것을 위해 어떤 노력을 해 보셨나요","wordCount":15},"emotion":[],"intent":[]},"answer":{"raw":{"text":"저는 글로벌 인재에게 필수인 요소는 바로 태도라고 생각합니다. 사실 대부분은 글로벌 인재에게 가장 필수적인 요소가 언어라고 생각할 텐데요. 저는 언어를 바탕으로 그 안에 있는 글로벌 마인드가 있어야만 글로벌 인재로서 성장할 수 있다고 생각합니다. 만약에 글로벌 마인드 없이 언어 능력만 가지고 있다면 외국인과 대화는 할 수 있겠지만 진정한 소통을 할 수 없을 것이고 자신의 능력을 백 퍼센트 발휘하는 것이 불가능할 것입니다. 저는 이렇게 글로벌 마인드를 만들기 위해서 제가 익숙한 문화가 아닌 제가 익숙하지 않은 문화의 내용들을 공부하기 위한 노력을 게을리하지 않았습니다. 특히나 우리 입장에서 부정적으로 접하게 되는 이 이슬람 문화권에 대한 공부를 저는 많이 했는데요. 그러한 공부를 통해서 제가 가지고 있던 편협한 시각에 대해서 알게 되었고 제가 공부한 내용을 바탕으로 이슬람 국가들을 여행해보고 또 살아보기도 했습니다. 그런 결과 제가 지금껏 알고 있던 해당 종교에 대한 내용은 정말 선입견에 가득 찬 것임을 알게 되었고 그들도 결국 같은 사람이라는 것을 깨닫게 되었습니다. 저는 이러한 방식을 통해서 저의 글로벌 마인드를 함양시키기 위한 노력을 꾸준히 해 왔습니다.","wordCount":152},"emotion":[],"intent":[{"text":"저는 이렇게 글로벌 마인드를 만들기 위해서 제가 익숙한 문화가 아닌 제가 익숙하지 않은 문화의 내용들을 공부하기 위한 노력을 게을리하지 않았습니다.","expression":"c_imp","category":"personality"}],"summary":{"text":"언어는 글로벌 인재에게 가장 필수적인 요소입니다. 저는 언어를 바탕으로 그 안에 있는 글로벌 마인드가 있어야 글로벌 인재로서 성장할 수 있다고 생각합니다. 저는 제가 익숙하지 않은 문화를 공부하기 위해 노력하였고 결국 해당 종교에 대한 내용은 선입견에 가득 찬 것임을 알게 되었고 그들도 결국 같은 사람이라는 것을 깨닫게 되었습니다.","wordCount":47}}},"rawDataInfo":{"question":{"fileFormat":"wav","fileSize":323278,"duration":10100,"samplingBit":16,"channelCount":1,"samplingRate":"16kHz","audioPath":"/Mock/04.RND/Male/New/ckmk_q_rnd_m_n_273151.wav"},"answer":{"fileFormat":"wav","fileSize":3792718,"duration":118520,"samplingBit":16,"channelCount":1,"samplingRate":"16kHz","audioPath":"/Mock/04.RND/Male/New/ckmk_a_rnd_m_n_273151.wav"}}}