{"version":"1.0","dataSet":{"info":{"date":"20230116","occupation":"RND","channel":"MOCK","place":"ONLINE","gender":"MALE","ageRange":"35-44","experience":"NEW"},"question":{"raw":{"text":"지원자님께서 정작 지원한 분야가 지원자님과 잘 맞지 않았다는 사실을 깨닫게 된다면 그때 어떻게 하실 생각이십니까","wordCount":15},"emotion":[],"intent":[]},"answer":{"raw":{"text":"네 입사 후 근무하면서 제가 지원한 분야가 저하고 잘 맞지 않는 라는 사실을 깨닫는 상황이 올 수도 있을 것 같습니다. 그런 상황이 온 적이 있었고 어 그럴 때 제가 어떻게 하면 좋을지에 대해서 어 답변을 드리겠습니다. 사람은 누구나 어 자기가 어 만족스러운 보람된 일을 하길 원할 것 같습니다. 어 저도 마찬가지고요. 그리고 특별히 회사에서 일을 한다는 거는 굉장히 많은 시간을 회사에서 생활하기 때문에 그 시간이 이제 만족스럽지 못하다면 굉장히 불행한 인생이라고 생각을 합니다. 돈을 버는 것과 상관없이 이미 그 시간은 보내고 있기 때문이죠. 그래서 자기가 좋아하는 잘 할 수 있는 일을 하는 것이 본인에게도 좋고 또 그런 일을 더 잘 할 수 있는 거라서 회사에서도 어 저 같은 근로자들이 어 구성원들이 자기 맞는 자리에 마치 그 퍼즐 조각이 제 자리가 있잖아요. 맞는 자리에 갔을 때는 굉장히 아름다운 조화를 이룬 있지만 엉뚱한 곳에 가면 의미 없는 불쾌한 그런 그림이 될 수도 있습니다. 마찬가지로 이 퍼즐 조각이 제자리에 갈 때 빛을 발하는 것처럼 자기에게 잘 맞는 그런 분야를 회사에서 찾 적극적으로 찾아주는 것도 필요하지만 지원자 자체 본인이 먼저 적극적으로 자기에 대해서 이해하고 직무에 대해서 이해를 해서 자기가 원하는 분야로 지원을 하는 것이 옳다고 생각을 합니다. 이상입니다.","wordCount":184},"emotion":[],"intent":[{"text":"","expression":"","category":"attitude"}],"summary":{"text":"사람은 누구나 자기가 만족스러운 보람된 일을 하길 원할 것 같습니다. 회사에서 일을 한다는 것은 많은 시간을 회사에서 생활하기 때문에 그 시간이 만족스럽지 못하면 굉장히 불행한 인생이라고 생각합니다. 그러므로 본인이 먼저 적극적으로 자기에 대해서 이해하고 직무에 대해서 이해를 해서 자기가 원하는 분야로 지원하는 것이 옳다고 생각을 합니다.","wordCount":46}}},"rawDataInfo":{"question":{"fileFormat":"wav","fileSize":415118,"duration":12970,"samplingBit":16,"channelCount":1,"samplingRate":"16kHz","audioPath":"/Mock/04.RND/Male/New/ckmk_q_rnd_m_n_312039.wav"},"answer":{"fileFormat":"wav","fileSize":3600078,"duration":112500,"samplingBit":16,"channelCount":1,"samplingRate":"16kHz","audioPath":"/Mock/04.RND/Male/New/ckmk_a_rnd_m_n_312039.wav"}}}