{"version":"1.0","dataSet":{"info":{"date":"20230116","occupation":"RND","channel":"MOCK","place":"ONLINE","gender":"MALE","ageRange":"-34","experience":"NEW"},"question":{"raw":{"text":"혹시 지원자님은 매일 공부하고 있는 분야가 따로 있나요 있다면 왜 그 공부를 하는지 함께 설명해 주세요","wordCount":16},"emotion":[],"intent":[]},"answer":{"raw":{"text":"예 안타깝게 현재 매일 공부하고 있는 비요 분야는 따로 없습니다. 하지만 생각하고 있는 것은 그 한 가지가 있는데 그 부분은 제가 서예를 좀 더 많이 배우고 싶습니다. 그 내용은 그 간단하게 서예하는 동안에는 제가 마음이 아주 평정심을 갖고 또 머릿속에 있는 모든 스트레스를 다 잠시나마 잃어 버리고 그 한획 한획 써가는 그런 그 규칙에만 집중을 해야 되기 때문에 저 나름대로의 시간을 혼자 관리하고 운영하는 저만의 시간을 가질 수가 있다는 게 매우 중요하고 두 번째로는 그 써내려가는 모든 글기의 내용이 선 저희가 선열들이 선배님들이 남겨주신 그런 주옥 같은 내용 아주 거기에 뭐 여러 가지 새로운 모토로 어 관념이 됐던 또는 어떤 그런 가족에 대한 어떤 좌우 개인의 좌우명이 됐던 좋은 내용들이 너무나 많습니다. 또 그런 내용들을 써 가면서 또 깊은 뜻을 또 새겨 듣고 이해하면서 그것들이 제가 앞으로 또 기업이나 개인적으로 생활하면서 이 적응하고 발전해 나가는 데도 많은 도움을 주더라구요. 그래서 그런 것들을 지속적으로 계속 해 나가고 싶고 많은 도움을 받고 싶습니다.","wordCount":151},"emotion":[{"text":"하지만 생각하고 있는 것은 그 한 가지가 있는데 그 부분은 제가 서예를 좀 더 많이 배우고 싶습니다.","expression":"p-interest","category":"positive"}],"intent":[{"text":"","expression":"","category":"attitude"}],"summary":{"text":"매일 공부하는 비요 분야는 따로 없지만, 서예를 더 많이 배우고 싶습니다. 그 내용은 저 나름의 시간을 혼자 관리하고 운영하는 저만의 시간을 가질 수가 있다는 게 매우 중요하고 모든 글기의 내용이 선열들이 선배들이 남겨주신 주옥 같은 내용 아주 좋은 내용들이 많기 때문에 많은 도움을 받고 싶다는 것입니다.","wordCount":46}}},"rawDataInfo":{"question":{"fileFormat":"wav","fileSize":332878,"duration":10400,"samplingBit":16,"channelCount":1,"samplingRate":"16kHz","audioPath":"/Mock/04.RND/Male/New/ckmk_q_rnd_m_n_338661.wav"},"answer":{"fileFormat":"wav","fileSize":2681358,"duration":83790,"samplingBit":16,"channelCount":1,"samplingRate":"16kHz","audioPath":"/Mock/04.RND/Male/New/ckmk_a_rnd_m_n_338661.wav"}}}