{"version":"1.0","dataSet":{"info":{"date":"20230116","occupation":"RND","channel":"MOCK","place":"ONLINE","gender":"MALE","ageRange":"35-44","experience":"NEW"},"question":{"raw":{"text":"현대 사회에서 없어서는 안 될 가장 중요하다고 생각하시는 직업은 무엇인가요 한 가지만 골라서 이유와 함께 말씀해 주시기 바랍니다","wordCount":18},"emotion":[],"intent":[]},"answer":{"raw":{"text":"현대 사회에서 없어서는 안 될 가장 중요한 직업은 저는 농업이라고 생각합니다. 왜냐하면 어 어 일 차 이 차 삼 차 사 차 산업 모두 중요하긴 하지만 어 가장 기본의 토대는 일 차 산업이라고 생각하기 때문입니다. 일 차 산업이 튼튼하게 어 기본을 하고 있어야지 그 위에 이 차 삼 차 사 차 산업이 어 꽃을 피울 수 있다고 생각합니다. 그리고 현재 기후 위기 등을 통해서 일 차 산업이 가장 중요하게 더 대두되고 있는 것 같습니다.","wordCount":74},"emotion":[],"intent":[{"text":"","expression":"","category":"attitude"}],"summary":{"text":"현대 사회에서 가장 중요한 직업은 농업이고, 기본의 토대는 일 차 산업이 가장 중요합니다. 그리고 현재 기후 위기 등으로 인해 일차 산업이 더 중요하게 대두되고 있습니다.","wordCount":25}}},"rawDataInfo":{"question":{"fileFormat":"wav","fileSize":608078,"duration":19000,"samplingBit":16,"channelCount":1,"samplingRate":"16kHz","audioPath":"/Mock/04.RND/Male/New/ckmk_q_rnd_m_n_291946.wav"},"answer":{"fileFormat":"wav","fileSize":1812558,"duration":56640,"samplingBit":16,"channelCount":1,"samplingRate":"16kHz","audioPath":"/Mock/04.RND/Male/New/ckmk_a_rnd_m_n_291946.wav"}}}