{"version":"1.0","dataSet":{"info":{"date":"20230116","occupation":"RND","channel":"MOCK","place":"ONLINE","gender":"MALE","ageRange":"35-44","experience":"NEW"},"question":{"raw":{"text":"일을 하다 보면 간혹 다른 지역에서 업무를 수행하게 될 수도 있는데 그럴 때 타 지역에서 근무를 하는 것도 문제없이 가능하실까요","wordCount":20},"emotion":[],"intent":[]},"answer":{"raw":{"text":"일을 하다 보면 타 지역에서 업무를 수행할 수도 있다고 생각합니다. 저는 개인적으로 타 지역 근무는 아무 문제 없다고 생각합니다. 제가 성인이 된 이유로 살아본 도시는 어 한 다섯 도시 정도에서 살아봤습니다. 그리고 어 여행을 하면서 약 삼십 개국 이상을 돌아다녔기 때문에 타 지역에 대한 어 거부감 같은 것은 없습니다.","wordCount":49},"emotion":[{"text":"제가 성인이 된 이유로 살아본 도시는 어 한 다섯 도시 정도에서 살아봤습니다.","expression":"u-fact","category":"neutral"}],"intent":[{"text":"","expression":"","category":"attitude"}],"summary":{"text":"일을 하다 보면 타 지역에서 업무를 수행할 수도 있습니다. 저는 다섯 도시 정도 살아봤고, 수십 개국 이상을 돌아다녔기 때문에 타 지역에 대한 거부감이 없습니다.","wordCount":24}}},"rawDataInfo":{"question":{"fileFormat":"wav","fileSize":317518,"duration":9920,"samplingBit":16,"channelCount":1,"samplingRate":"16kHz","audioPath":"/Mock/04.RND/Male/New/ckmk_q_rnd_m_n_287133.wav"},"answer":{"fileFormat":"wav","fileSize":1274958,"duration":39840,"samplingBit":16,"channelCount":1,"samplingRate":"16kHz","audioPath":"/Mock/04.RND/Male/New/ckmk_a_rnd_m_n_287133.wav"}}}