{"version":"1.0","dataSet":{"info":{"date":"20230116","occupation":"RND","channel":"MOCK","place":"ONLINE","gender":"MALE","ageRange":"35-44","experience":"NEW"},"question":{"raw":{"text":"지원자분께서 역사 속에서 가장 존경하는 인물이 있으시다면 그 인물에 대해서 말씀해 주시고 그 인물을 본인이 가장 존경하는 이유에 대해서도 말씀해 주시면 좋겠습니다","wordCount":22},"emotion":[],"intent":[]},"answer":{"raw":{"text":"예 저는 어 세종대왕을 가장 존경합니다. 음 그 이유는 어 어떤 나라에 이렇게 고유의 언어를 가지고 고유의 글자를 가지고 어 이렇게 사용하는 나라가 많지 않고 또 그 글자의 완성도 또한 굉장히 높은 수준이기 때문에 어 이 한글을 만드신 세종대왕님을 가장 존경합니다. 뭐 다른 많은 업적들도 있으시겠지만 가장 두드러지는 어 가장 그 의미 있는 어 부분이고 우리가 지금까지도 사용하고 지금까지도 자부심을 느낄 수 있는 부분이기 때문에 아 저는 정말 대단하다 라고 생각하고 있습니다. 그래서 저 또한 어 한글을 사랑하고 음 어떤 맞춤법이나 한글을 사용하는 데 있어서도 굉장히 조심스럽게 사용하고 어 좀 최대한 어 정확하게 사용하려고 노력하는 편입니다 어 그 이런 글 어 모국어를 그러니까 다른 나라들에게 경쟁력이 있고 어 우리 고유의 이런 한글을 어 만들어주신 세종대왕님께 다시 한 번 감사를 드리고 음 그런 감사하는 마음에서 어 항상 존경하는 그 이유가 있는 것 같습니다.","wordCount":132},"emotion":[{"text":"예 저는 어 세종대왕을 가장 존경합니다.","expression":"p-affection","category":"positive"},{"text":"음 그 이유는 어 어떤 나라에 이렇게 고유의 언어를 가지고 고유의 글자를 가지고 어 이렇게 사용하는 나라가 많지 않고 또 그 글자의 완성도 또한 굉장히 높은 수준이기 때문에 어 이 한글을 만드신 세종대왕님을 가장 존경합니다.","expression":"p-affection","category":"positive"},{"text":"어 그 이런 글 어 모국어를 그러니까 다른 나라들에게 경쟁력이 있고 어 우리 고유의 이런 한글을 어 만들어주신 세종대왕님께 다시 한 번 감사를 드리고 음 그런 감사하는 마음에서 어 항상 존경하는 그 이유가 있는 것 같습니다.","expression":"p-affection","category":"positive"}],"intent":[{"text":"","expression":"","category":"attitude"}],"summary":{"text":"어떤 나라에 고유 언어를 사용하는 나라가 적고 글자의 완성도 또한 높은 수준이라 한글을 만드신 세종대왕을 가장 존경합니다. 또 한글을 사용하는 데 있어서도 조심스럽게 사용하고 정확하게 사용하려고 노력하는 편입니다. 우리 고유의 한글을 만들어주신 세종대왕님께 감사하는 마음에서 항상 존경하는 이유입니다.","wordCount":38}}},"rawDataInfo":{"question":{"fileFormat":"wav","fileSize":492878,"duration":15400,"samplingBit":16,"channelCount":1,"samplingRate":"16kHz","audioPath":"/Mock/04.RND/Male/New/ckmk_q_rnd_m_n_267147.wav"},"answer":{"fileFormat":"wav","fileSize":3253198,"duration":101660,"samplingBit":16,"channelCount":1,"samplingRate":"16kHz","audioPath":"/Mock/04.RND/Male/New/ckmk_a_rnd_m_n_267147.wav"}}}