{"version":"1.0","dataSet":{"info":{"date":"20230116","occupation":"RND","channel":"MOCK","place":"ONLINE","gender":"MALE","ageRange":"55-","experience":"NEW"},"question":{"raw":{"text":"지원자님께서는 직장을 선택하실 때 어떤 것들을 중요하게 생각하시나요 세 가지를 골라서 각각에 대해서 설명해 주실 수 있을까요","wordCount":17},"emotion":[],"intent":[]},"answer":{"raw":{"text":"직장을 선택할 때 중요하게 생각하는 것은 직장 규모 그다음에 월급 그다음에 상사라고 생각합니다. 직장 규모가 있어야 여러 사람들과 힘을 합해서 좋은 성과를 낼 수 있다고 생각합니다. 월급은 제가 안정된 생활을 유지하기 위해 필요로 하는 수입이 있습니다. 그 부분이 맞아야 마음 편하게 업무에 열중할 수 있다고 생각합니다. 마지막으로 상사는 상사와 제가 개인적으로 소통을 잘 해야 좋은 성과를 낼 수 있다고 생각하기 때문입니다.","wordCount":61},"emotion":[],"intent":[{"text":"","expression":"","category":"attitude"}],"summary":{"text":"직장 선택을 할 때 중요하게 생각하는 것은 직장 규모, 월급, 상사입니다. 직장 규모가 있어야 여러 사람들과 힘을 합해서 좋은 성과를 낼 수 있고, 상사와 개인적인 소통도 중요합니다.","wordCount":27}}},"rawDataInfo":{"question":{"fileFormat":"wav","fileSize":602958,"duration":18840,"samplingBit":16,"channelCount":1,"samplingRate":"16kHz","audioPath":"/Mock/04.RND/Male/New/ckmk_q_rnd_m_n_304655.wav"},"answer":{"fileFormat":"wav","fileSize":2058318,"duration":64319,"samplingBit":16,"channelCount":1,"samplingRate":"16kHz","audioPath":"/Mock/04.RND/Male/New/ckmk_a_rnd_m_n_304655.wav"}}}