{"version":"1.0","dataSet":{"info":{"date":"20230116","occupation":"RND","channel":"MOCK","place":"ONLINE","gender":"MALE","ageRange":"35-44","experience":"NEW"},"question":{"raw":{"text":"지금 본인이 내일 죽는다는 사실을 알게 된다면 당장 무엇을 할 것인가요 우선 이 면접은 끝까지 계속 보실 건가요","wordCount":18},"emotion":[],"intent":[]},"answer":{"raw":{"text":"어 만약 내일 죽는다는 사실을 당장 알게 된다면 저는 어 면접관님께 양해를 구하고 현 상황에 대해서 설명한 다음에 어 가족들에게 갈 것입니다. 사랑하는 가족들과 마지막 시간을 보내는 것이 어 가장 소중한 일인 것 같습니다. 그래서 저는 음 면접을 중단하고 가족들과 함께 시간을 보낼 예정입니다.","wordCount":44},"emotion":[],"intent":[{"text":"","expression":"","category":"attitude"}],"summary":{"text":"내일 죽는다는 사실을 알게 된다면 면접관님께 양해를 구하고 현 상황을 설명하고 가족에게 갈 것입니다. 그래서 저는 면접을 중단하고 가족과 시간을 보낼 예정입니다.","wordCount":22}}},"rawDataInfo":{"question":{"fileFormat":"wav","fileSize":324878,"duration":10150,"samplingBit":16,"channelCount":1,"samplingRate":"16kHz","audioPath":"/Mock/04.RND/Male/New/ckmk_q_rnd_m_n_285525.wav"},"answer":{"fileFormat":"wav","fileSize":1480398,"duration":46260,"samplingBit":16,"channelCount":1,"samplingRate":"16kHz","audioPath":"/Mock/04.RND/Male/New/ckmk_a_rnd_m_n_285525.wav"}}}