{"version":"1.0","dataSet":{"info":{"date":"20230116","occupation":"RND","channel":"MOCK","place":"ONLINE","gender":"MALE","ageRange":"-34","experience":"NEW"},"question":{"raw":{"text":"일하는 데 있어서 면접하시는 분들은 구체적인 실무와 또는 연구 경험이 다양하게 있는지 있다면 어떤 것이 있는지 말씀해 주세요","wordCount":18},"emotion":[],"intent":[]},"answer":{"raw":{"text":"예전에도 말씀드렸다시피 저는 종이 테이프 만드는 회사에서 연구원으로 일을 했었습니다. 특정한 비율의 두 용액을 섞었을 때 최적의 점도를 나타내고 또 박리력에도 좋은 효 좋은 박리를 나타내는 점착력을 만드는 점착제를 만드는 연구원이었는데 어 그것을 하면서 느낀 것이 있다면 내가 일을 할 때 나만 기억하도록 일을 잘하고 어 그날 일을 마치고 집을 가는 것이 중요한 것이 아니라 다른 사람이 내 일을 언제 맡아도 그것을 바로 이어서 나갈 수 있게끔 자료들을 잘 기록해 두고 그것을 잘 정리해서 어 기록으로 남겨두는 것이 서로가 서로한테 더 좋은 시너지 효과를 낼 수 있는 자양분이 되고 또 그것이 회사의 성장과 회사의 빠른 발전을 어 일으키는 데 아주 좋은 기여를 하기 때문에 어 제가 저 생각만 하고선 일을 하는 것보다는 상대방의 생각도 항상 하면서 그 데이터들을 잘 기록해 두는 것이 굉장히 중요하다 라는 것을 뼈저리게 배운 적이 있습니다.","wordCount":130},"emotion":[{"text":"예전에도 말씀드렸다시피 저는 종이 테이프 만드는 회사에서 연구원으로 일을 했었습니다.","expression":"u-fact","category":"neutral"}],"intent":[{"text":"예전에도 말씀드렸다시피 저는 종이 테이프 만드는 회사에서 연구원으로 일을 했었습니다.","expression":"c_private","category":"background"}],"summary":{"text":"저는 종이 테이프 만드는 회사에서 연구원으로 일했는데, 업무를 할 때 나만 기억하도록 하는 것이 중요한 게 아니라 다른 사람이 일을 언제 맡아도 그것을 바로 이어서 나갈 수 있도록 자료들을 잘 기록해 두고 그것을 잘 정리해서 어 기록으로 남겨두는 것이 굉장히 중요하다는 것을 느꼈습니다.","wordCount":43}}},"rawDataInfo":{"question":{"fileFormat":"wav","fileSize":367438,"duration":11480,"samplingBit":16,"channelCount":1,"samplingRate":"16kHz","audioPath":"/Mock/04.RND/Male/New/ckmk_q_rnd_m_n_274385.wav"},"answer":{"fileFormat":"wav","fileSize":2627278,"duration":82100,"samplingBit":16,"channelCount":1,"samplingRate":"16kHz","audioPath":"/Mock/04.RND/Male/New/ckmk_a_rnd_m_n_274385.wav"}}}