{"version":"1.0","dataSet":{"info":{"date":"20230116","occupation":"RND","channel":"MOCK","place":"ONLINE","gender":"MALE","ageRange":"35-44","experience":"NEW"},"question":{"raw":{"text":"혹시 매일 공부하고 있는 분야가 따로 있으신가요 있다면 왜 그것을 공부하고 있는지 구체적으로 공부에 대해 설명해 주세요","wordCount":17},"emotion":[],"intent":[]},"answer":{"raw":{"text":"어 매일 공부하고 있는 분야라고 말씀을 하셨는데 사실은 뭐 매일 정확하게 매일은 아니지만 굉장히 자주 들여다보고 그다음에 생각하고 다른 사람의 이야기 강의도 듣고 하는 분야가 있는데 그것은 바로 어 기독교 신앙입니다. 기독교 신앙을 어려서부터 갖기는 했지만 어 그 기독교 신앙의 역사도 오래 되어서 그 안에 있는 많은 이야기들이 있거든요. 그래서 가장 중심이 되는 책인 성경 바이블이라는 책을 경전을 가지고 중심으로 공부를 하지만 그 외에도 어 기독교 신앙을 가지고 많은 고민을 했었던 여러 그런 그런 뭐죠 선배들의 어 유산들이 있습니다. 그런 책이나 아니면 그런 강의나 내용들을 즐겨 듣고 공부를 하는 편입니다. 어 제가 왜 기독교 신앙에 대해서 꾸준히 오랜 기간 신앙을 가지고 있으면서도 계속 공부를 하는지 이유를 말씀드린다면 음 그 기독교 신앙 안에서 제가 발견하는 그런 인생에 대한 그런 삶에 대한 굉장한 지혜가 있기 때문입니다. 그래서 어 쉽게 대답할 수 없는 그런 주제들이 있잖아요. 삶과 죽음에 대해서 어 왜 고통이 왜 이렇게 만연한가 왜 모두에게 공평하지 않은 그런 세상이 되었는가 어 아니면 네 내가 정말 어떻게 살아야 되는가 내 이익만을 위해 추구하며 살아야 되는지 아니면 내가 공동체와 사회를 돌아보아야 하는지에 대한 가치관과 삶에 대한 여러 가지 대답을 어 사실은 기독교 신앙에서 저는 찾고 있고 어 그것들이 제 안에서 먼저 납득이 되고 동의가 되고 어 그래야 되기 때문에 계속 공부를 하는 것 같아요. 주장은 알지만 그 주장의 근거는 무엇이고 왜 그래야 되는지 정말 그게 맞는지를 여전히 조금 탐구하고 있기 때문에 어 계속 공부하고 있고 그럴 때 찾아오는 평안이 있다고 생각합니다.","wordCount":228},"emotion":[],"intent":[{"text":"","expression":"","category":"attitude"}],"summary":{"text":"기독교 신앙은 굉장히 자주 들여다보고 생각하고 다른 사람의 이야기 강의도 듣고 하는 분야가 있는데 그것은 바로 기독교 신앙입니다. 기독교 신앙의 역사도 오래되어서 그 안에 있는 많은 이야기들이 있습니다. 제가 기독교 신앙에 대해 꾸준히 오랜 기간 신앙을 가지고 있으면서도 계속 공부를 하는 이유는 기독교 신앙 안에서 제가 발견하는 인생에 대한 엄청난 지혜 때문입니다. 그리고 삶의 가치관과 삶에 대한 여러 가지 대답을 기독교 신앙에서 찾고 있고 그것들이 먼저 납득되고 동의되어야 되기 때문에 계속 공부하는 것 같습니다.","wordCount":74}}},"rawDataInfo":{"question":{"fileFormat":"wav","fileSize":623758,"duration":19490,"samplingBit":16,"channelCount":1,"samplingRate":"16kHz","audioPath":"/Mock/04.RND/Male/New/ckmk_q_rnd_m_n_296077.wav"},"answer":{"fileFormat":"wav","fileSize":3842638,"duration":120080,"samplingBit":16,"channelCount":1,"samplingRate":"16kHz","audioPath":"/Mock/04.RND/Male/New/ckmk_a_rnd_m_n_296077.wav"}}}