{"version":"1.0","dataSet":{"info":{"date":"20230116","occupation":"RND","channel":"MOCK","place":"ONLINE","gender":"MALE","ageRange":"35-44","experience":"NEW"},"question":{"raw":{"text":"주변 친구들 중 한 명만 골라 칭찬해 주세요 칭찬은 구체적이고 자세할수록 좋습니다","wordCount":12},"emotion":[],"intent":[]},"answer":{"raw":{"text":"저에게는 구 년 차의 터울이지만 정말 친구 같은 인생의 형님이 있습니다. 제가 대학교 삼 학년 때 제가 전공하는 역사학과로 편입을 해 왔던 형이었는데요. 어렸을 때 아버지가 돌아가시고 어머니가 이런저런 장사를 하며 바쁘게 살아오다가 어렸을 적 꿈을 위해 다시 만학도로서 역사학과의 편입했었던 멋있는 형님이었습니다. 그 이후 우연히도 제 옆방에 그 형님이 자취를 하게 되어 대학교 삼 학년 때부터 이십 년이 넘도록 가장 친한 관계를 이어오고 있습니다. 어려서부터 많은 사회 경험을 한 형님에게 제가 힘든 일이 있을 때마다 많은 조언을 구하고 또 위로를 받고 또 이제는 제가 나이가 들어 또 다른 경험으로 형님에게 조언을 해주는 정말 형제 같은 사이가 되었습니다.","wordCount":98},"emotion":[],"intent":[{"text":"","expression":"","category":"attitude"}],"summary":{"text":"구 년 차의 터울이지만 친구 같은 인생의 형님이 있는데, 제가 대학교 삼 학년 때 전공하는 역사학과로 편입을 해 왔던 형이었는데, 제가 힘든 일이 있을 때마다 조언을 구하고 위로를 받는 정말 형제 같은 사이가 되었습니다.","wordCount":34}}},"rawDataInfo":{"question":{"fileFormat":"wav","fileSize":312398,"duration":9760,"samplingBit":16,"channelCount":1,"samplingRate":"16kHz","audioPath":"/Mock/04.RND/Male/New/ckmk_q_rnd_m_n_296185.wav"},"answer":{"fileFormat":"wav","fileSize":2585038,"duration":80780,"samplingBit":16,"channelCount":1,"samplingRate":"16kHz","audioPath":"/Mock/04.RND/Male/New/ckmk_a_rnd_m_n_296185.wav"}}}