{"version":"1.0","dataSet":{"info":{"date":"20230116","occupation":"RND","channel":"MOCK","place":"ONLINE","gender":"MALE","ageRange":"55-","experience":"NEW"},"question":{"raw":{"text":"지원자님께서 본인이 현재 가지고 있는 위치보다 어 훨씬 더 어려운 목표를 달성하신 경험이 있으신지 궁금합니다 있으시다면 구체적으로 설명해 주세요","wordCount":19},"emotion":[],"intent":[]},"answer":{"raw":{"text":"네 제가 캐나다 현지에 출장을 가서 어떤 프로그램을 세팅하는 일을 맡은 적이 있었는데요. 처음에는 와 이걸 내가 해낼 수 있을까 참 난감했었습니다. 어 업 언어적인 문제도 그렇구요. 그래서 처음에는 조건이 또 저 자신은 전혀 그 한국 교포분들의 도움은 받지 않겠다 하는 것이 첫 번째 제가 갖고 있는 어 생각이었기 때문에 어 상당히 어려운 문제였지요. 그런데 도전을 해서 실제 현지에 가서 부딪쳐서 해내고 말았습니다. 어 학교들을 방문하고 또 직접 그 호스트 어 패밀리가 되겠다고 지원했던 가족들 가정들을 방문하면서 한 곳 한 곳 방문하다 보면 자신가 한 방문하다 보니 자신감이 생겼습니다. 학교도 그렇구요. 그래서 재미있었습니다.","wordCount":93},"emotion":[],"intent":[{"text":"","expression":"","category":"attitude"}],"summary":{"text":"캐나다 현지에 출장을 가서 프로그램을 세팅하는 일을 맡았는데 처음에는 난감했었습니다. 하지만 학교들을 방문하고 호스트 어 패밀리가 되겠다고 지원했던 가족들 가정들을 방문하면서 자신감이 생겼고 학교도 그렇습니다. 그래서 재미있었습니다.","wordCount":27}}},"rawDataInfo":{"question":{"fileFormat":"wav","fileSize":553678,"duration":17300,"samplingBit":16,"channelCount":1,"samplingRate":"16kHz","audioPath":"/Mock/04.RND/Male/New/ckmk_q_rnd_m_n_341930.wav"},"answer":{"fileFormat":"wav","fileSize":2799438,"duration":87480,"samplingBit":16,"channelCount":1,"samplingRate":"16kHz","audioPath":"/Mock/04.RND/Male/New/ckmk_a_rnd_m_n_341930.wav"}}}