{"version":"1.0","dataSet":{"info":{"date":"20230116","occupation":"RND","channel":"MOCK","place":"ONLINE","gender":"MALE","ageRange":"55-","experience":"NEW"},"question":{"raw":{"text":"지원자분께 질문 드리겠습니다 지원자께서는 프로그램에 대해서 지식이 많다고 들었는데요 그렇다면 할 수 있는 설계 프로그램은 있으신지 그것에 대해서 말씀해 주십시오","wordCount":20},"emotion":[],"intent":[]},"answer":{"raw":{"text":"프로그램 분야에서 두 가지를 말씀드리겠습니다. 하나는 파이선 분야이고 파이선을 이용해서 여러 가지 적용 업무를 구현할 수 있습니다. 그 안에는 에스큐엘과 데이터를 분석하는 그러한 판다스 또 아나콘다란 툴 주피터라는 툴 여러 가지가 결부가 되어 있습니다. 이걸 이용해서 빅데이터를 분석을 하거나 또 데이터를 가지고 오는 데이터 크롤링 웹 크롤링을 구현할 수 있습니다. 두 번째는 앱을 만드는 프로그램입니다. 스마트 메이커라는 그 툴이 있습니다. 그 툴은 코딩이 없이도 앱을 구현할 수 있는 그러한 툴입니다. 이를 얼마 전에 스타디를 해서 앱을 구현한 경험이 있습니다. 이를 이용해서 앱이나 웹이나 그런 것들을 구현할 수 있습니다. 또한 아이오에스나 안드로이드 동시에 개발할 수도 있습니다.","wordCount":95},"emotion":[],"intent":[{"text":"","expression":"","category":"attitude"}],"summary":{"text":"파이선으로 여러 가지 적용 업무를 구현하는 파이선 분야와 앱을 만드는 스마트 메이커라는 앱을 만드는 프로그램입니다. 이를 이용해서 앱이나 웹이나 그런 것들을 구현할 수 있으며 아이오에스나 안드로이드 동시에 개발할 수도 있습니다.","wordCount":30}}},"rawDataInfo":{"question":{"fileFormat":"wav","fileSize":554318,"duration":17320,"samplingBit":16,"channelCount":1,"samplingRate":"16kHz","audioPath":"/Mock/04.RND/Male/New/ckmk_q_rnd_m_n_286968.wav"},"answer":{"fileFormat":"wav","fileSize":2798158,"duration":87440,"samplingBit":16,"channelCount":1,"samplingRate":"16kHz","audioPath":"/Mock/04.RND/Male/New/ckmk_a_rnd_m_n_286968.wav"}}}