{"version":"1.0","dataSet":{"info":{"date":"20230116","occupation":"RND","channel":"MOCK","place":"ONLINE","gender":"MALE","ageRange":"35-44","experience":"NEW"},"question":{"raw":{"text":"과거에 조별 과제나 프로젝트를 수행하셨던 경험이 있는지 궁금하구요 있다면 그 프로젝트에서 본인은 어떤 역할이셨는지도 궁금하네요","wordCount":15},"emotion":[],"intent":[]},"answer":{"raw":{"text":"저는 어 과거에 부품 개발 프로젝트를 수행했던 경험이 있습니다. 어 유압 장치에 들어가는 밸브 개발이었습니다. 어 업무 중에서 저는 어 품질 팀원으로서 어 제품이 가공되고 가공되면 그 제품이 제대로 가공이 되었는지에 대해서 검사하고 측정하는 업무를 맡았습니다. 그리고 어 이 제품이 완성이 됐을 때 성능에 이상이 있는지 없는지 어 성능 확인을 하고 어 문서 작업하는 일을 했었습니다.","wordCount":56},"emotion":[],"intent":[{"text":"","expression":"","category":"attitude"}],"summary":{"text":"저는 유압 장치 밸브 개발 경험이 있습니다. 제품이 가공되고 가공되면 검사, 측정하고 성능 확인을 하고 문서 작업하는 일을 했었습니다.","wordCount":19}}},"rawDataInfo":{"question":{"fileFormat":"wav","fileSize":379598,"duration":11860,"samplingBit":16,"channelCount":1,"samplingRate":"16kHz","audioPath":"/Mock/04.RND/Male/New/ckmk_q_rnd_m_n_285527.wav"},"answer":{"fileFormat":"wav","fileSize":1786958,"duration":55840,"samplingBit":16,"channelCount":1,"samplingRate":"16kHz","audioPath":"/Mock/04.RND/Male/New/ckmk_a_rnd_m_n_285527.wav"}}}