{"version":"1.0","dataSet":{"info":{"date":"20230116","occupation":"RND","channel":"MOCK","place":"ONLINE","gender":"MALE","ageRange":"55-","experience":"NEW"},"question":{"raw":{"text":"지금까지 살아오면서 새로운 환경에서 전혀 몰랐던 일을 맡아서 한 경험이 있으신가요 있다면 말씀해 주세요","wordCount":14},"emotion":[],"intent":[]},"answer":{"raw":{"text":"아주 새로운 환경이었죠 왜 구십 구 년도 여름 방학 때 야 그 심양에서 말이죠. 중국 땅 삼십 여 년 전 중국 땅에서 저희 집사람하고 아 겨울 방학이구나 이천 년도 겨울 방학에 야 이 배낭여행을 계획하고 그 집사람과 배낭여행을 했는데 심양에서 출발해 가지고 아 일단 시안으로 왔어요. 시안으로 기차를 타고 시안을 갔죠. 어 심양에서 시안까지가 약 한 오천 에서 육천 키로 정도 될 겁니다 한 이 박 삼 일 정도 가야 돼요. 그 열차로 그 침대 차를 차고 쭉 갔고 그리고 심 어 그 시 안에서 어 뭐 병마용 진시황릉 뭐 이런 주변에 인제 유적지를 보고 그다음에 거기에서 시안에 도착해서 우리가 숙박을 했던 것이 시안의 교통 대학이 있습니다. 중국에는 교통 대학이 두 군데 있는데 상해에 한 군데 있고 시 시안에 한 군데 있고 시안이라고 하면 옛날에 장안이죠. 그래서 시안 교통 대학 그 기숙사에 저 그 작은 적은 그 숙박비로 음 숙박을 했어요 이틀을 했을 겁니다 아마. 그렇게 하고 시안에서 인제 일정이 끝나고 그다음에 총칭으로 가서 총칭에서 어 창장 산협을 탔습니다. 그렇게 했던 중국 배낭여행이 굉장한 큰 지역에 남고 있습니다.","wordCount":168},"emotion":[],"intent":[{"text":"","expression":"","category":"attitude"}],"summary":{"text":"저희 집사람과 배낭여행을 하려고 심양에서 출발해서 시안까지 기차를 타고 가면서 유적지를 보고 숙박을 했습니다. 그리고 시안에서 일정이 끝나고 다시 총칭으로 가서 총칭에서 창장 산협을 탔습니다. 그렇게 했던 중국 배방여행이 굉장히 큰 지역에 남고 있습니다.","wordCount":34}}},"rawDataInfo":{"question":{"fileFormat":"wav","fileSize":361038,"duration":11280,"samplingBit":16,"channelCount":1,"samplingRate":"16kHz","audioPath":"/Mock/04.RND/Male/New/ckmk_q_rnd_m_n_246531.wav"},"answer":{"fileFormat":"wav","fileSize":3713358,"duration":116040,"samplingBit":16,"channelCount":1,"samplingRate":"16kHz","audioPath":"/Mock/04.RND/Male/New/ckmk_a_rnd_m_n_246531.wav"}}}