{"version":"1.0","dataSet":{"info":{"date":"20230116","occupation":"RND","channel":"MOCK","place":"ONLINE","gender":"MALE","ageRange":"35-44","experience":"NEW"},"question":{"raw":{"text":"평소에 검색을 자주 하는 편이신가요 어떤 검색을 주로 하시는지 왜 하시는지 구체적으로 설명해 주실 수 있을까요","wordCount":16},"emotion":[],"intent":[]},"answer":{"raw":{"text":"평소 검색은 자주 하는 편입니다. 어 특히 학술 검색을 검색은 주로 구글을 이용하여 하는 편이고 어 쇼핑이나 어 요리 방법에 대해서는 네이버나 다음을 이용하는 편입니다. 평소 생활에서 모르는 점을 어 검색을 통해서 해결하는 편이므로 어 자주 검색을 한다고 생각합니다. 그리고 어 제 운동을 할 때에는 어 유튜브를 통해서 어 자세나 어 호흡법을 배우기도 합니다.","wordCount":54},"emotion":[],"intent":[{"text":"어 특히 학술 검색을 검색은 주로 구글을 이용하여 하는 편이고 어 쇼핑이나 어 요리 방법에 대해서는 네이버나 다음을 이용하는 편입니다.","expression":"r_info_col","category":"attitude"},{"text":"평소 생활에서 모르는 점을 어 검색을 통해서 해결하는 편이므로 어 자주 검색을 한다고 생각합니다.","expression":"r_info_col","category":"attitude"}],"summary":{"text":"평소 학술 검색은 구글을, 쇼핑이나 요리방법은 네이버나 다음을 이용합니다. 유튜브로 자세나 호흡법을 배우기도 합니다.","wordCount":14}}},"rawDataInfo":{"question":{"fileFormat":"wav","fileSize":621518,"duration":19420,"samplingBit":16,"channelCount":1,"samplingRate":"16kHz","audioPath":"/Mock/04.RND/Male/New/ckmk_q_rnd_m_n_282632.wav"},"answer":{"fileFormat":"wav","fileSize":1593038,"duration":49780,"samplingBit":16,"channelCount":1,"samplingRate":"16kHz","audioPath":"/Mock/04.RND/Male/New/ckmk_a_rnd_m_n_282632.wav"}}}