{"version":"1.0","dataSet":{"info":{"date":"20230116","occupation":"RND","channel":"MOCK","place":"ONLINE","gender":"MALE","ageRange":"-34","experience":"NEW"},"question":{"raw":{"text":"지원자님은 입사 후 쉬운 일과 어려운 일이 있을 때 해당 일에 대한 분배를 어떻게 하시겠습니까 어떻게 나눠서 처리할 생각이신지 궁금합니다","wordCount":20},"emotion":[],"intent":[]},"answer":{"raw":{"text":"네 저는 일단 그 어려운 일 쉬운 일 이런 게 있다면 쉬운 일부터 빨리 처리를 합니다. 어 그리고 어려운 일을 좀 시간을 두고 천천히 처리하는 그런 방식을 선호합니다. 어 어려운 일을 먼저 진행했을 때 그 너무 많은 시간을 할애하고 또는 이제 예상보다 더 많은 시간이 소요됐을 때 쉬운 일에 대한 처리 시기라든지 그 시점을 고칠 수 있는 그런 경우가 발생하기 때문에 아무래도 먼저 그 쉬운 일을 처리하고 조금 시간적으로 여유를 갖고 어려운 일에 임하는 게 마음 심적으로도 가볍고 더 잘 처리할 수 있을 거 같습니다. 그래서 저는 항상 그 주변 분들도 그렇고 요구하는 게 그 욕심내지 말고 한 발 한 걸음 한 걸음 나가서 처리하는 게 제일 어떻게 보면 쉬운 방법이고 지름길이 될 수 있을 것이다. 그러고 하다가 막힐 경우에 막힐 경우에 앞에 처리한 그 쉬운 일은 너무 빨리 처리해서 혹시 부족한 부분이 있지 않을까 라는 것을 잠깐 잠깐 시간 내에 돌이켜 한 번 더 살펴보는 시간을 갖습니다. 어차피 이 어려운 일이라는 게 뭐 쉽게 일사천리로 가는 게 아니고 하다 보면 중간 중간에 끊어지는 경우가 많이 있죠. 그래서 그런 시간을 이용해서 이미 처리한 쉬운 일에 대해서 어 리뷰하는 시간을 갖고 어 그러면서 머리를 식히면서 어려운 일의 그 방법도 다시 생각하고 그런 생각을 반복적으로 가지고 있습니다.","wordCount":195},"emotion":[],"intent":[{"text":"","expression":"","category":"attitude"}],"summary":{"text":"어려운 일보다 쉬운 일부터 빨리 처리하는 방식을 선호합니다. 어려운 일을 먼저 진행했을 때 예상보다 더 많은 시간이 소요됐을 때 쉬운 일에 대한 처리 시기나 시점을 고칠 수 있는 경우가 있기 때문에 쉬운 일을 먼저 처리하고 시간적으로 여유를 갖고 어려운 일에 임하는 게 심적으로도 가볍고 더 잘 처리할 수 있을 것 같습니다.","wordCount":51}}},"rawDataInfo":{"question":{"fileFormat":"wav","fileSize":411598,"duration":12860,"samplingBit":16,"channelCount":1,"samplingRate":"16kHz","audioPath":"/Mock/04.RND/Male/New/ckmk_q_rnd_m_n_325504.wav"},"answer":{"fileFormat":"wav","fileSize":3039438,"duration":94980,"samplingBit":16,"channelCount":1,"samplingRate":"16kHz","audioPath":"/Mock/04.RND/Male/New/ckmk_a_rnd_m_n_325504.wav"}}}