{"version":"1.0","dataSet":{"info":{"date":"20230116","occupation":"RND","channel":"MOCK","place":"ONLINE","gender":"MALE","ageRange":"-34","experience":"NEW"},"question":{"raw":{"text":"과거에 프로젝트를 수행하셨던 경험이 있는지 궁금합니다 만약 있다면 프로젝트 내에서 어떤 역할을 수행하셨나요","wordCount":13},"emotion":[],"intent":[]},"answer":{"raw":{"text":"아 예 그 인증 관련 업무를 제가 담당했던 기간이 좀 있습니다. 제가 외국의 많은 제품들이 대한민국에 들어왔을 때 뭐 케이에스 마크라든지 이런 안전 인증을 받듯이 대한민국 제품이 그 미국이나 유럽 대상국에 수출했을 때 마찬가지로 그 나라의 많은 안전 인증을 받아야지만 수출이 가능합니다. 그래서 저희도 마찬가지로 해외에 수출을 하기 위해서 그 해외의 제품을 해외에 보내서 시험도 하고 평가도 하고 서류도 보내고 또 심지어는 저희 엔지니어를 해외 파견해서 현지 시험실에 들어가 같이 몇날 며칠을 고생해서 같이 시험을 하고 우리가 원하는 결과를 만들어내고 또 심지어는 저희가 그 원했던 결과가 나타나지 않았을 때 현지의 시험관하고 개인적인 인맥으로 어 같이 뭐 술을 마신다든지 어떤 뭐 어 좋은 관계를 맺어서 그런 숙제도 해결하고 등등 그런 과정이 있었습니다. 그래서 결론적으로 좋은 결과를 만들어 내서 제품을 판매하는데 그런 장애물을 다 제거했기 때문에 어 그런 과정이 지금도 어 기억이 새록새록 납니다. 그래서 이런 것들이 가장 기억에 남습니다.","wordCount":138},"emotion":[],"intent":[{"text":"","expression":"","category":"attitude"}],"summary":{"text":"인증 관련 업무를 담당했던 기간이 있습니다. 대한민국 제품이 미국이나 유럽 대상국에 수출했을 때처럼 그 나라의 많은 안전 인증을 받아야지만 수출이 가능합니다. 그래서 해외의 제품을 해외에 보내서 시험도 하고 평가도 하고 서류도 보내고 엔지니어를 파견해서 원하는 결과를 만들어내고 개인적인 인맥으로 숙제도 해결하고 이런 과정이 있었습니다.","wordCount":44}}},"rawDataInfo":{"question":{"fileFormat":"wav","fileSize":352078,"duration":11000,"samplingBit":16,"channelCount":1,"samplingRate":"16kHz","audioPath":"/Mock/04.RND/Male/New/ckmk_q_rnd_m_n_294747.wav"},"answer":{"fileFormat":"wav","fileSize":2745678,"duration":85800,"samplingBit":16,"channelCount":1,"samplingRate":"16kHz","audioPath":"/Mock/04.RND/Male/New/ckmk_a_rnd_m_n_294747.wav"}}}