{"version":"1.0","dataSet":{"info":{"date":"20230116","occupation":"RND","channel":"MOCK","place":"ONLINE","gender":"MALE","ageRange":"35-44","experience":"NEW"},"question":{"raw":{"text":"남을 잘 이끄는 리더형과 남을 잘 따르는 팔로워형이 있다면 본인은 어떤 유형에 가까운가요 그렇게 생각하시는 이유도 말씀해 주세요","wordCount":18},"emotion":[],"intent":[]},"answer":{"raw":{"text":"저는 제 자신을 평가할 때 리더형과 팔로워형 중에서 어 저는 어 팔로워형이라고 생각합니다. 어 저는 누구를 어 이끌어서 단체를 조직하는 것보다 어 혼자 활동하는 것을 더 좋아하고 그리고 음 남을 서포트 해주는 일을 더 잘한다고 생각하기 때문입니다. 그래서 저는 어 팔로워형 인간인 것 같습니다. 하지만 어 리더의 자격이 없는 것은 아니라고 생각합니다. 아직 조금 부족할 뿐 어 뿐이라고 생각합니다.","wordCount":59},"emotion":[],"intent":[{"text":"","expression":"","category":"attitude"}],"summary":{"text":"저는 혼자 활동하는 것을 더 좋아하고 남을 서포트 해주는 일을 더 잘한다고 생각하는 팔로워형 인간입니다. 하지만 아직 리더의 자격이 없는 것은 아니라고 생각합니다.","wordCount":23}}},"rawDataInfo":{"question":{"fileFormat":"wav","fileSize":622798,"duration":19460,"samplingBit":16,"channelCount":1,"samplingRate":"16kHz","audioPath":"/Mock/04.RND/Male/New/ckmk_q_rnd_m_n_291952.wav"},"answer":{"fileFormat":"wav","fileSize":1700558,"duration":53140,"samplingBit":16,"channelCount":1,"samplingRate":"16kHz","audioPath":"/Mock/04.RND/Male/New/ckmk_a_rnd_m_n_291952.wav"}}}