{"version":"1.0","dataSet":{"info":{"date":"20230116","occupation":"RND","channel":"MOCK","place":"ONLINE","gender":"MALE","ageRange":"-34","experience":"NEW"},"question":{"raw":{"text":"지원자님께서는 본인 스스로가 숫자와 창의 중에서 어느 쪽에 더 가깝다고 생각을 하시나요","wordCount":12},"emotion":[],"intent":[]},"answer":{"raw":{"text":"저는 숫자와 창의 중 창의에 가깝다고 생각합니다. 예전부터 미술이나 음악 등 예체능 계열에 뚜렷한 강세를 나타냈으며 미술 선생님께서도 저는 미대에 가는 것이 좋다고 할 정도로 창의적인 생각을 잘 발휘했습니다. 또한 단순히 수식 계산하는 것도 좋아하지만 일을 어떤 방식으로 해결했을 때 조금 더 새로운 접근 방식으로 창의적으로 해결할 수 있을지 고민하는 것을 좋아하기 때문에 저는 숫자와 창의 중 창의에 더 가깝다고 생각합니다. 하지만 그렇다고 해서 숫자에 딸린다는 것이 아니라 숫자 또한 깔끔하게 처리하지만 창의를 훨씬 더 우월하게 잘한다고 말씀드릴 수 있겠습니다.","wordCount":80},"emotion":[],"intent":[{"text":"","expression":"","category":"attitude"}],"summary":{"text":"미대에 가는 것이 좋다고 할 정도로 창의적인 생각을 잘 발휘했고, 일을 어떤 방식으로 해결했을 때 새로운 접근 방식으로 창의적으로 해결할 수 있을지 고민하는 것을 좋아합니다.","wordCount":25}}},"rawDataInfo":{"question":{"fileFormat":"wav","fileSize":335438,"duration":10480,"samplingBit":16,"channelCount":1,"samplingRate":"16kHz","audioPath":"/Mock/04.RND/Male/New/ckmk_q_rnd_m_n_328721.wav"},"answer":{"fileFormat":"wav","fileSize":1391758,"duration":43490,"samplingBit":16,"channelCount":1,"samplingRate":"16kHz","audioPath":"/Mock/04.RND/Male/New/ckmk_a_rnd_m_n_328721.wav"}}}