{"version":"1.0","dataSet":{"info":{"date":"20230116","occupation":"RND","channel":"MOCK","place":"ONLINE","gender":"MALE","ageRange":"-34","experience":"NEW"},"question":{"raw":{"text":"일을 하다 보면 영어로 서류를 작성해야 될 일이 생길 수도 있는데 그럴 때마다 영어로 서류를 작성하실 수 있으실까요","wordCount":18},"emotion":[],"intent":[]},"answer":{"raw":{"text":"어 대학 생활을 오 년 넘게 하면서 제가 가장 많이 했던 일 중의 하나가 바로 영어로 페이퍼를 쓰는 건데 페이퍼가 우리나라로 치면은 에세이 뭐 논문 이런 거 같은 건데 어 책을 읽고 또는 또 내가 한 프로젝트에 대해서 요약하는 내용들을 책을 참고 서적으로 써서 그 내용 전문적인 내용을 기반으로 저의 생각을 풀어서 영어로 쓰는 작업들을 무려 오 년을 넘게 했습니다. 거기서 당연히 높은 득점 에이가 가장 높은 점수죠. 높은 점수를 맞아야 저의 지피에이를 높게 유지할 수가 있고 또 높은 지피에스가 사실 뭐 대학 생활의 전부는 아니더래도 높은 지피에스가 곧 그 학생의 태도와 그 학생의 전반적인 생활을 단적으로 보여주는 예가 되기 때문에 회사에 이직하거나 회사에 취직할 때 좋은 활용도를 보여줄 수 있는 척도가 될 수 있습니다. 그렇기 때문에 저는 영어로 서류를 작성하는 일들에 대해서 항상 꼼꼼하게 최선을 다해 왔고 그러면서 전문적인 스킬들도 많이 배웠던 것 같습니다.","wordCount":135},"emotion":[{"text":"어 대학 생활을 오 년 넘게 하면서 제가 가장 많이 했던 일 중의 하나가 바로 영어로 페이퍼를 쓰는 건데 페이퍼가 우리나라로 치면은 에세이 뭐 논문 이런 거 같은 건데 어 책을 읽고 또는 또 내가 한 프로젝트에 대해서 요약하는 내용들을 책을 참고 서적으로 써서 그 내용 전문적인 내용을 기반으로 저의 생각을 풀어서 영어로 쓰는 작업들을 무려 오 년을 넘게 했습니다.","expression":"u-fact","category":"neutral"}],"intent":[{"text":"어 대학 생활을 오 년 넘게 하면서 제가 가장 많이 했던 일 중의 하나가 바로 영어로 페이퍼를 쓰는 건데 페이퍼가 우리나라로 치면은 에세이 뭐 논문 이런 거 같은 건데 어 책을 읽고 또는 또 내가 한 프로젝트에 대해서 요약하는 내용들을 책을 참고 서적으로 써서 그 내용 전문적인 내용을 기반으로 저의 생각을 풀어서 영어로 쓰는 작업들을 무려 오 년을 넘게 했습니다.","expression":"c_private","category":"background"}],"summary":{"text":"대학 생활을 오 년 넘게 하면서 영어로 페이퍼를 쓰는 일을 가장 많이 했습니다. 그 과정에서 높은 점수를 맞아야 지피에이를 높일 수 있고 그 학생의 태도와 전반적인 생활을 보여주는 예가 되기 때문에 이직할 때 좋은 활용도를 보여줄 수 있는 척도가 될 수 있다고 생각합니다.","wordCount":43}}},"rawDataInfo":{"question":{"fileFormat":"wav","fileSize":291918,"duration":9120,"samplingBit":16,"channelCount":1,"samplingRate":"16kHz","audioPath":"/Mock/04.RND/Male/New/ckmk_q_rnd_m_n_274386.wav"},"answer":{"fileFormat":"wav","fileSize":2316558,"duration":72390,"samplingBit":16,"channelCount":1,"samplingRate":"16kHz","audioPath":"/Mock/04.RND/Male/New/ckmk_a_rnd_m_n_274386.wav"}}}