{"version":"1.0","dataSet":{"info":{"date":"20230116","occupation":"RND","channel":"MOCK","place":"ONLINE","gender":"MALE","ageRange":"55-","experience":"NEW"},"question":{"raw":{"text":"지원자님께서 지원자님의 주변 친구들 중 한 명을 골라서 칭찬을 해 주시기 바랍니다 보다 구체적이고 자세한 칭찬일수록 좋기 때문에 구체적으로 말씀해 주시기 바랍니다","wordCount":22},"emotion":[],"intent":[]},"answer":{"raw":{"text":"네 제 친구 중에 한 명은 아주 손재주가 좋습니다. 그래서 이 친구는 어 뭐 못하는 일이 없는 것 같아요. 그래서 집에서 어떤 집 수리라든지 또는 아 자동차 정비라든지 또는 어떤 어 동물을 키우는 일 어떤 닭이라든지 소를 키우는 일이라든지 그런 일에 다 그런 일을 다 잘합니다. 뭐 차 수리하는 거는 선수구요. 원래 자동차 정비를 했었으니깐요. 그다음에 집 수리하는 것은 뭐 왜 웬만한 그 미장공이라 그러죠. 그런 사람들보다 더 잘하는 것 같아요. 그래서 아버님이 딴 사람 부르지 않고 이 친구를 불러서 집 수리를 다 하십니다. 그다음에 또 동물 키우는 데 있어서도요 아주 탁월한 재능이 있어요. 동물들을 아주 좋아하고 그래서 어 어 어떤 케이지 만드는 것도 스스로 하고요. 놀랍습니다.","wordCount":107},"emotion":[],"intent":[{"text":"","expression":"","category":"attitude"}],"summary":{"text":"제 친구 중에 한 명은 아주 손재주가 좋아 집안 수리, 자동차 정비, 집 수리, 동물 키우는 일 등 모든 일을 다 잘합니다. 또 동물 키우는 데 있어서도 아주 탁월한 재능이 있어 어떤 케이지 만드는 것도 스스로 합니다.","wordCount":37}}},"rawDataInfo":{"question":{"fileFormat":"wav","fileSize":629838,"duration":19680,"samplingBit":16,"channelCount":1,"samplingRate":"16kHz","audioPath":"/Mock/04.RND/Male/New/ckmk_q_rnd_m_n_341926.wav"},"answer":{"fileFormat":"wav","fileSize":2710478,"duration":84700,"samplingBit":16,"channelCount":1,"samplingRate":"16kHz","audioPath":"/Mock/04.RND/Male/New/ckmk_a_rnd_m_n_341926.wav"}}}