{"version":"1.0","dataSet":{"info":{"date":"20230116","occupation":"RND","channel":"MOCK","place":"ONLINE","gender":"MALE","ageRange":"35-44","experience":"NEW"},"question":{"raw":{"text":"동물 실험이 인간에게 주는 이익에 대해서 말씀해 주시고 이때 동물 실험에 대한 지원자님의 생각도 함께 말씀해 주세요","wordCount":17},"emotion":[],"intent":[]},"answer":{"raw":{"text":"어 많은 부분의 어 이익을 준다 라고 저는 생각합니다. 아 물론 동물이 불쌍하고 인간들을 위해서 희생되는 게 굉장히 안타깝지만 어 그런 실험들을 안 하거나 음 혹은 인간에게 할 수 없기 때문에 어 그런 부분은 좀 불가피한 게 아닌가 라고 생각합니다. 음 인간 대신 그렇게 좀 희생되어지는 어 많은 동물에 대해서 어 굉장히 고맙고 미안하고 어 좀 안타까운 마음을 가지고 있습니다만 음 어찌 됐든 인간이 좀 어 살기 위해서 어 우리는 좀 같이 소통하고 같이 어 감정을 교류하고 나누는 인간들의 입장을 좀 먼저 생각하는 같은 인간이다 보니 아 좀 그들한테는 좀 이기적인 행동이고 어 인간만을 생각하는 행동일 순 있지만 어 불가피하게 좀 필요하다 라고 생각하는 입장입니다. 아 그만큼 얻는 것이 많고 어 의료나 과학의 발전에 있어서도 굉장히 많은 도움을 주는 어 실험이기 때문에 아 정말 고맙고 감사하면서 어 미안함도 갖고 있어야 된다고 저는 생각합니다.","wordCount":133},"emotion":[],"intent":[{"text":"보니 아 좀 그들한테는 좀 이기적인 행동이고 어 인간만을 생각하는 행동일 순 있지만 어 불가피하게 좀 필요하다 라고 생각하는 입장입니다.","expression":"c_value","category":"background"}],"summary":{"text":"동물이 불쌍하고 인간들을 위해서 희생되는 건 어쩔 수 없는 부분이며, 인간 대신 희생되어지는 동물에 대해서는 안타까운 마음을 가지고 있지만 인간만을 생각하는 행동일 수도 있어 불가피하게 좀 필요하다 라고 생각하는 입장입니다. 그만큼 얻는 것이 많고 의료나 과학의 발전에도 도움을 주는 실험이기 때문에 감사함과 미안함도 가져야 합니다.","wordCount":45}}},"rawDataInfo":{"question":{"fileFormat":"wav","fileSize":312398,"duration":9760,"samplingBit":16,"channelCount":1,"samplingRate":"16kHz","audioPath":"/Mock/04.RND/Male/New/ckmk_q_rnd_m_n_311887.wav"},"answer":{"fileFormat":"wav","fileSize":3836238,"duration":119880,"samplingBit":16,"channelCount":1,"samplingRate":"16kHz","audioPath":"/Mock/04.RND/Male/New/ckmk_a_rnd_m_n_311887.wav"}}}