{"version":"1.0","dataSet":{"info":{"date":"20230116","occupation":"RND","channel":"MOCK","place":"ONLINE","gender":"MALE","ageRange":"35-44","experience":"NEW"},"question":{"raw":{"text":"현재 정말 많은 대기업들이 해외로 공장을 이전하고 있는데요 어 트렌드인 것 마냥 점점 더 많아지고 있어요 지원자님은 이런 흐름에 찬성하시나요 반대하시나요","wordCount":21},"emotion":[],"intent":[]},"answer":{"raw":{"text":"네 저는 적극적으로 찬성하고요. 어 불가피한 어 현실이라고 생각합니다. 어 현재 음 공장이 어 세워지려면 부지 비용도 들 것이고 어 또 그 공장에서 일하는 노동비도 들 것인데 그런 게 사실 저희 나라에서 우리나라에서 하기에는 어 굉장히 좀 여건들이 어 불리한 부분들이 많다고 생각합니다. 어 인건비도 인건비도 비싸고 어 부지 비용도 비싸기 때문에 해외에 나가서 공장을 어 이전해서 운영하는 것이 훨씬 더 어 사업적으로나 어 이득인 부분이 많다 라고 생각합니다. 또 해외 공장을 어 이전하고 거기에서 해외 시장들을 개발하다 보면 또 국내에만 머물러 있을 때보다 훨씬 더 좋은 시너지들을 많이 불러일으킬 것이라고 기대되기 때문에 어 저는 공장을 이전하는 부분을 적극 찬성합니다.","wordCount":100},"emotion":[],"intent":[{"text":"","expression":"","category":"attitude"}],"summary":{"text":"공장 설립에는 인건비, 부지 비용, 노동비가 많이 들기 때문에 해외 이전 운영이 더 이득입니다. 또 해외 공장을 이전하고 거기에서 해외 시장들을 개발하다 보면 국내에만 머물러 있을 때보다 더 좋은 시너지들을 많이 불러일으킬 것이라고 기대되기 때문에 찬성합니다.","wordCount":36}}},"rawDataInfo":{"question":{"fileFormat":"wav","fileSize":657678,"duration":20550,"samplingBit":16,"channelCount":1,"samplingRate":"16kHz","audioPath":"/Mock/04.RND/Male/New/ckmk_q_rnd_m_n_257228.wav"},"answer":{"fileFormat":"wav","fileSize":2666318,"duration":83320,"samplingBit":16,"channelCount":1,"samplingRate":"16kHz","audioPath":"/Mock/04.RND/Male/New/ckmk_a_rnd_m_n_257228.wav"}}}