{"version":"1.0","dataSet":{"info":{"date":"20230116","occupation":"RND","channel":"MOCK","place":"ONLINE","gender":"MALE","ageRange":"-34","experience":"NEW"},"question":{"raw":{"text":"지원자님께서는 평소에 협업을 하는 과제와 혼자 하는 과제 중에 어떤 것을 더 선호하는 편이신가요 그리고 그것을 더 선호하는 이유에 대해서도 함께 말씀해 주시기 바랍니다","wordCount":24},"emotion":[],"intent":[]},"answer":{"raw":{"text":"저는 협업하는 과제도 좋아하지만 혼자 하는 과제를 더 좋아합니다. 그 이유는 혼자 일을 진행했을 때 순서를 스스로 정해 계획도 스스로 짤 수 있으며 결론 짓는 것도 혼자 진행할 수 있고 결론을 얻었을 때 온전히 나만의 힘으로 얻은 것에 대한 성취감도 있기 때문입니다. 또한 협업하는 과제에 대해서 사공이 많으면 배가 산으로 간다는 듯이 사람이 많으면 일이 복잡해질 가능성이 있지만 사람이 적으면 그러니까 혼자라면 그만큼 일이 깔끔하고 완벽하게 처리될 가능성이 높기 때문입니다.","wordCount":70},"emotion":[{"text":"저는 협업하는 과제도 좋아하지만 혼자 하는 과제를 더 좋아합니다.","expression":"p-interest","category":"positive"},{"text":"그 이유는 혼자 일을 진행했을 때 순서를 스스로 정해 계획도 스스로 짤 수 있으며 결론 짓는 것도 혼자 진행할 수 있고 결론을 얻었을 때 온전히 나만의 힘으로 얻은 것에 대한 성취감도 있기 때문입니다.","expression":"p-achievement","category":"positive"}],"intent":[{"text":"","expression":"","category":"attitude"}],"summary":{"text":"저는 협업하는 과제도 좋아하지만, 혼자 하는 과제를 더 좋아합니다. 협업 과제는 사람이 많으면 일이 복잡해질 가능성이 있지만, 혼자라면 그만큼 일이 깔끔하고 완벽하게 처리될 가능성이 높기 때문입니다.","wordCount":26}}},"rawDataInfo":{"question":{"fileFormat":"wav","fileSize":645838,"duration":20180,"samplingBit":16,"channelCount":1,"samplingRate":"16kHz","audioPath":"/Mock/04.RND/Male/New/ckmk_q_rnd_m_n_328713.wav"},"answer":{"fileFormat":"wav","fileSize":1138638,"duration":35580,"samplingBit":16,"channelCount":1,"samplingRate":"16kHz","audioPath":"/Mock/04.RND/Male/New/ckmk_a_rnd_m_n_328713.wav"}}}