{"version":"1.0","dataSet":{"info":{"date":"20230116","occupation":"RND","channel":"MOCK","place":"ONLINE","gender":"MALE","ageRange":"35-44","experience":"NEW"},"question":{"raw":{"text":"지원자님의 단점이 있다면 말씀해 주시고 지원자께서 이를 보완하기 위해서 한 노력이 있다면 함께 구체적으로 말씀해 주시면 고맙겠습니다","wordCount":17},"emotion":[],"intent":[]},"answer":{"raw":{"text":"어 제 단점은 좀 게으르다 라는 것입니다. 음 사실 방 정리 같은 것도 조금 안 되어 있고 어 좀 일을 조금 미뤄서 하는 편인 것 같습니다. 어 그 이유는 어 저는 좀 잘해보고 싶어서 그런 것 같습니다. 정리를 하더라도 어 완벽하게 좀 하려고 하는 경향이 있고 그렇기 때문에 완벽하고 싶어 싶기 때문에 어 좀 기왕 시작할 때 어떤 그런 부분들이 굉장히 신중하고 망설여지는 것 같습니다. 그게 어 다른 사람들이 볼 때는 게을러 보인다 라고 말씀을 해 주시기 때문에 음 제 단점으로 게으르다 라는 거를 말씀을 드렸고 사실은 게으르다 라기보다는 저는 신중하다 라고 말씀드리고 싶습니다. 어 일을 미루는 게 미루는 게 아니라 어떻게 하면 더 잘 할 수 있을까. 어떤 식으로 해야 더 완벽에 가깝게 처리할 수 있을까 라는 생각 때문에 고민하고 시작이 신중한 거지 좀 게으르다 라는 것과는 어 사실은 거리가 있다 라고 생각해 주시면 감사하겠습니다. 아 이런 걸 좀 보완하기 위해서 어 저는 일단은 한 번 빨리 시작해보고 좀 하는 노력들을 해보고 있는데요. 어 이 부분들이 조금 점차 이제 익숙해지면 음 시작도 빨리 할 수 있고 어 그러면서도 완벽함에 가깝게 추구할 수 있는 제 원래 성격과 잘 결합이 되면 어 정말 좋은 성장을 하지 않을까 생각합니다.","wordCount":187},"emotion":[],"intent":[{"text":"어 제 단점은 좀 게으르다 라는 것입니다.","expression":"c_person","category":"background"},{"text":"그게 어 다른 사람들이 볼 때는 게을러 보인다 라고 말씀을 해 주시기 때문에 음 제 단점으로 게으르다 라는 거를 말씀을 드렸고 사실은 게으르다 라기보다는 저는 신중하다 라고 말씀드리고 싶습니다.","expression":"c_person","category":"background"}],"summary":{"text":"방 정리도 조금 안 되어 있고 일을 조금 미뤄서 하는 편인데, 이는 좀 잘해보고 싶어서 그런 것 같습니다. 정리를 하더라도 완벽하고 싶어 하기 때문에 굉장히 신중하고 망설여집니다. 게을러 보이는 단점보다는 신중하다라는 말씀을 드리고 싶습니다. 좀 더 완벽에 가깝게 처리할 수 있을까 라는 생각 때문에 시작이 신중한 것이지 게으르다 라는 것과는 거리가 있습니다.","wordCount":52}}},"rawDataInfo":{"question":{"fileFormat":"wav","fileSize":530958,"duration":16590,"samplingBit":16,"channelCount":1,"samplingRate":"16kHz","audioPath":"/Mock/04.RND/Male/New/ckmk_q_rnd_m_n_267150.wav"},"answer":{"fileFormat":"wav","fileSize":3848078,"duration":120250,"samplingBit":16,"channelCount":1,"samplingRate":"16kHz","audioPath":"/Mock/04.RND/Male/New/ckmk_a_rnd_m_n_267150.wav"}}}