{"version":"1.0","dataSet":{"info":{"date":"20230116","occupation":"RND","channel":"MOCK","place":"ONLINE","gender":"MALE","ageRange":"-34","experience":"NEW"},"question":{"raw":{"text":"본인이 직장을 선택할 때 가장 중요하게 여기는 세 가지가 있다면 각각 무엇인지 말씀해 주세요","wordCount":14},"emotion":[],"intent":[]},"answer":{"raw":{"text":"제가 직장을 선택할 때 중요하게 생각하는 세 가지는 첫째 제가 성장할 수 있는 회사인가 둘째 성장 가능성이 있는 회사인가 셋째 제가 자랑스러워 할 수 있는 직장인가 입니다. 먼저 제가 성장할 수 있는 회사인가는 저에게 가장 중요한 요소인데요. 왜냐하면 회사에서 제가 성장할 수 없다면 저에게도 저의 커리어를 쌓아가는데 커다란 도움이 되지 않는 회사일 뿐더러 회사에도 제가 더 좋은 역량을 펼쳐 줄 수 없는 그러한 유형의 회사이기 때문입니다. 그렇기 때문에 저는 제가 입사했을 때보다 시간이 지나면 지날수록 더 많은 기여를 할 수 있는 그러면서 저의 능력을 쌓아갈 수 있는 그런 회사에 입사하고 싶습니다. 두 번째는 해당 회사에 또 그 해당 회사가 얼마나 나아질 수 있는 가능성인데요. 이 회사가 성장 가능성이 없는 회사라면 해당 회사에서 제가 끼칠 수 있는 영향력 또한 정해져 있을 것입니다. 하지만 회사가 성장하는 회사라면 제가 회자 회사에 끼칠 수 있는 긍정적인 영향력 또한 계속해서 커질 테고 그것은 저의 커리어에도 큰 도움을 줄 것입니다. 또한 회사에 성장하는 모습을 보는 것이 저에게도 도움이 될 것입니다. 마지막으로 제가 자랑스러워할 수 있는 회사를 다녀야 회사에 대한 애사심이 생기고 또 저 또한 최선을 다할 수 있기 때문에 이 세 가지가 가장 중요합니다.","wordCount":178},"emotion":[{"text":"그렇기 때문에 저는 제가 입사했을 때보다 시간이 지나면 지날수록 더 많은 기여를 할 수 있는 그러면서 저의 능력을 쌓아갈 수 있는 그런 회사에 입사하고 싶습니다.","expression":"p-interest","category":"positive"}],"intent":[{"text":"","expression":"","category":"attitude"}],"summary":{"text":"회사를 선택할 때 중요하게 생각하는 세 가지는 첫째, 성장 가능한 회사인가 둘째, 성장 가능성이 있는 회사인가 셋째, 제가 자랑스러워 할 수 있는 직장인가 입니다. 성장 가능성이 없는 회사라면 해당 회사에서 제가 끼칠 수 있는 영향력 또한 정해져 있을 것입니다. 하지만 회사가 성장하는 회사라면 긍정적인 영향력 또한 계속해서 커질 것이고 저 또한 최선을 다할 수 있기 때문에 이 세 가지가 가장 중요합니다.","wordCount":61}}},"rawDataInfo":{"question":{"fileFormat":"wav","fileSize":318798,"duration":9960,"samplingBit":16,"channelCount":1,"samplingRate":"16kHz","audioPath":"/Mock/04.RND/Male/New/ckmk_q_rnd_m_n_256498.wav"},"answer":{"fileFormat":"wav","fileSize":3805518,"duration":118920,"samplingBit":16,"channelCount":1,"samplingRate":"16kHz","audioPath":"/Mock/04.RND/Male/New/ckmk_a_rnd_m_n_256498.wav"}}}