{"version":"1.0","dataSet":{"info":{"date":"20230116","occupation":"RND","channel":"MOCK","place":"ONLINE","gender":"MALE","ageRange":"35-44","experience":"NEW"},"question":{"raw":{"text":"인생을 살면서 무엇인가 하나에 푹 빠져서 몰두해 본 적이 있으신가요 있다면 그것이 무엇인지 구체적으로 들어볼 수 있을까요","wordCount":17},"emotion":[],"intent":[]},"answer":{"raw":{"text":"제가 하나에 푹 빠져서 몰두해 본 경험이 사실은 많지가 않지만 어 딱 한 번 정말 그랬던 적이 있는 것 같습니다. 그건 바로 외국에 나가서 외국어를 배울 땐데요. 그런데 그 외국어라는 게 뭐 영어나 뭐 독일어 프랑스처럼 많은 사람들이 흔히 배우는 그런 언어가 아니었어요. 굉장히 좀 특수한 언어였고 사용하는 사람들이 많지 않았습니다. 저도 처음 접했고 단어 하나도 모르고 있었던 그런 언어가 있다는 것도 모르고 있었는데 외국에 나가서 인제 그런 언어를 배우기 시작을 한 거죠. 그래서 한국에서는 인제 영어를 배울 때 뭐 한 십 년 이상 공부를 하고 많은 단어도 외우고 그런 노력을 많이 했었는데 실제 제가 영어를 사용하는 그런 수준은 굉장히 어 좀 부족했다고 생각을 했거든요. 그런데 그 이제 외국에 나가서 처음 생전 처음 만나는 그 언어를 배울 때에는 제가 그 언어를 잘 배우기 위해서 어 한 이 년을 집중적으로 몰두를 해서 공부했던 것 같습니다. 그래서 실제 학교를 다니면서 배웠는데 그 대학교 어학 코스 한 공부하는 그 시간뿐만 아니라 그 외 시간에도 내 한국에서 온 다른 유학생들이나 한국 교민들과 어 교류하기보다는 현지인들을 만나는 것을 좋아했고 현지 시장에 가서 어 그 현지 사람들이 실제 쓰는 언어 그다음에 내가 배웠던 것들을 실제 한번 사용해 보는 기회 이런 걸로 삼아서 어 불과 일 년 이 년인데도 불구하고 십 년 이상 공부했던 영어보다 훨씬 더 유창하게 그 나라의 언어를 구사했던 것들을 경험이 있습니다. 그래서 그때는 굉장히 몰두를 많이 해서인지 꿈을 꾸거나 생각을 할 때도 그 나라 언어로 꿈을 꾸고 생각을 할 정도로 몰두 했었던 경험이 있습니다. 저한테는 굉장히 신선하고 좋은 경험이었습니다.","wordCount":236},"emotion":[],"intent":[{"text":"그런데 그 이제 외국에 나가서 처음 생전 처음 만나는 그 언어를 배울 때에는 제가 그 언어를 잘 배우기 위해서 어 한 이 년을 집중적으로 몰두를 해서 공부했던 것 같습니다.","expression":"c_private","category":"background"},{"text":"그래서 실제 학교를 다니면서 배웠는데 그 대학교 어학 코스 한 공부하는 그 시간뿐만 아니라 그 외 시간에도 내 한국에서 온 다른 유학생들이나 한국 교민들과 어 교류하기보다는 현지인들을 만나는 것을 좋아했고 현지 시장에 가서 어 그 현지 사람들이 실제 쓰는 언어 그다음에 내가 배웠던 것들을 실제 한번 사용해 보는 기회 이런 걸로 삼아서 어 불과 일 년 이 년인데도 불구하고 십 년 이상 공부했던 영어보다 훨씬 더 유창하게 그 나라의 언어를 구사했던 것들을 경험이 있습니다.","expression":"c_private","category":"background"}],"summary":{"text":"외국에 나가 외국어를 배울 땐입니다. 그 외국어는 상당히 특수한 언어였고 사용하는 사람들이 많지 않았습니다. 그런데 처음 접했고 단어도 모르고 있었던 그런 언어가 있다는 것도 몰랐는데 외국에서 인제 영어를 배우면서 한 이 년을 집중적으로 집중해서 공부했던 것 같습니다. 그 나라 언어로 꿈을 꾸거나 생각을 할 정도로 몰두했던 경험이 있습니다. 저한테 굉장히 신선하고 좋은 경험이었습니다.","wordCount":53}}},"rawDataInfo":{"question":{"fileFormat":"wav","fileSize":609038,"duration":19030,"samplingBit":16,"channelCount":1,"samplingRate":"16kHz","audioPath":"/Mock/04.RND/Male/New/ckmk_q_rnd_m_n_296076.wav"},"answer":{"fileFormat":"wav","fileSize":3610638,"duration":112830,"samplingBit":16,"channelCount":1,"samplingRate":"16kHz","audioPath":"/Mock/04.RND/Male/New/ckmk_a_rnd_m_n_296076.wav"}}}