{"version":"1.0","dataSet":{"info":{"date":"20230116","occupation":"RND","channel":"MOCK","place":"ONLINE","gender":"MALE","ageRange":"35-44","experience":"NEW"},"question":{"raw":{"text":"대한민국의 금융 정책 기관으로서 우리 신용보증기금이 확대해야 할 업무 영역은 무엇일까요 지원자님의 아이디어 말씀 부탁드립니다","wordCount":15},"emotion":[],"intent":[]},"answer":{"raw":{"text":"신용보증기금은 이름 그대로 중소 기업의 채무를 보증하여 기업의 원활한 자금 흐름을 만드는 것이 가장 큰 목적이라고 할 수 있겠습니다. 그 목적 그대로 기본에 충실해야 된다고 생각합니다. 신용보증기금을 이용하는 중소 기업들의 자금 상황 재무 사항 실적 등을 항상 면밀하게 그리고 꼼꼼하게 체크하여서 정확한 보 신용을 보증할 수 있게 하는 것 그것이 신용보증기금이 가장 집중해야 될 업무 영역이라고 생각하고 있습니다.","wordCount":58},"emotion":[{"text":"신용보증기금은 이름 그대로 중소 기업의 채무를 보증하여 기업의 원활한 자금 흐름을 만드는 것이 가장 큰 목적이라고 할 수 있겠습니다.","expression":"u-fact","category":"neutral"}],"intent":[{"text":"","expression":"","category":"attitude"}],"summary":{"text":"신용보증기금은 중소 기업의 채무를 보증하여 기업의 원활한 자금 흐름을 만드는 것이 목적이므로, 자금 상황 재무 사항 실적 등을 체크하여 정확한 보증을 할 수 있게 합니다.","wordCount":25}}},"rawDataInfo":{"question":{"fileFormat":"wav","fileSize":599758,"duration":18740,"samplingBit":16,"channelCount":1,"samplingRate":"16kHz","audioPath":"/Mock/04.RND/Male/New/ckmk_q_rnd_m_n_290339.wav"},"answer":{"fileFormat":"wav","fileSize":1693518,"duration":52920,"samplingBit":16,"channelCount":1,"samplingRate":"16kHz","audioPath":"/Mock/04.RND/Male/New/ckmk_a_rnd_m_n_290339.wav"}}}