{"version":"1.0","dataSet":{"info":{"date":"20230116","occupation":"RND","channel":"MOCK","place":"ONLINE","gender":"MALE","ageRange":"35-44","experience":"NEW"},"question":{"raw":{"text":"직무 수행 시 모르는 과제가 등장했다면 어떠한 방식으로 해결하시겠습니까 그 해결법과 이유를 말씀해 주세요","wordCount":14},"emotion":[],"intent":[]},"answer":{"raw":{"text":"어 모르는 과제가 등장했다면 어 일단 저는 도서관에 가서 어 거기에 필요한 서적들이나 자료들을 좀 어 찾아보고 수집할 것 같습니다. 어 좀 그 관련된 부분들을 어 그냥 좀 쉽게 쉬운 방법으로 뭐 누군가에게 물어보고 어 상사에게 물어보고 선배에게 물어보는 방법도 있겠지만 어 그렇게 하면은 그냥 일반적인 수준의 어 과제 해결은 될지 몰라도 어떤 획기적인 방법에 해결책은 안 나올 것 같습니다. 어 그렇기 때문에 어 그 모르는 과제에 대한 기본 지식들을 제가 습득을 하고 정리를 해서 어 저만의 방법으로 저만의 아이디어로 어 해결책을 한 번 제시해 볼 것 같습니다. 어 그렇게 하고 나서 만약에 그 해결책이 통과가 되지 않았을 때 어 그때 다른 분들께 조언을 구하고 어 도움을 좀 요청 드려도 어 충분하다 라고 생각해서 오히려 저에게는 어 저의 어떤 가치와 능력을 보여줄 수 있는 어 기회라고 생각하고 좀 열심히 공부하고 자료 조사를 해서 음 한 번 스스로 생각대로 해결해 보도록 노력해 볼 것 같습니다.","wordCount":144},"emotion":[],"intent":[{"text":"어 모르는 과제가 등장했다면 어 일단 저는 도서관에 가서 어 거기에 필요한 서적들이나 자료들을 좀 어 찾아보고 수집할 것 같습니다.","expression":"c_adp","category":"personality"},{"text":"어 그렇기 때문에 어 그 모르는 과제에 대한 기본 지식들을 제가 습득을 하고 정리를 해서 어 저만의 방법으로 저만의 아이디어로 어 해결책을 한 번 제시해 볼 것 같습니다.","expression":"c_adp","category":"personality"},{"text":"라고 생각해서 오히려 저에게는 어 저의 어떤 가치와 능력을 보여줄 수 있는 어 기회라고 생각하고 좀 열심히 공부하고 자료 조사를 해서 음 한 번 스스로 생각대로 해결해 보도록 노력해 볼 것 같습니다.","expression":"c_adp","category":"personality"}],"summary":{"text":"모르는 과제가 등장했다면 도서관에 가서 자료들을 찾아보고 수집할 것 같습니다. 그렇게 하면 일반적인 수준의 과제 해결은 될지 몰라도, 획기적인 해결책은 나올 것 같지 않습니다. 그 모르는 과제에 대한 기본지식을 제가 습득하고 정리해서 해결책을 제시해 보고, 통과가 되지 않았을 때 다른 분들께 도움을 요청드려도 충분하다고 생각하여 열심히 노력해 보겠습니다.","wordCount":48}}},"rawDataInfo":{"question":{"fileFormat":"wav","fileSize":353678,"duration":11050,"samplingBit":16,"channelCount":1,"samplingRate":"16kHz","audioPath":"/Mock/04.RND/Male/New/ckmk_q_rnd_m_n_273128.wav"},"answer":{"fileFormat":"wav","fileSize":3438798,"duration":107460,"samplingBit":16,"channelCount":1,"samplingRate":"16kHz","audioPath":"/Mock/04.RND/Male/New/ckmk_a_rnd_m_n_273128.wav"}}}