{"version":"1.0","dataSet":{"info":{"date":"20230116","occupation":"RND","channel":"MOCK","place":"ONLINE","gender":"MALE","ageRange":"45-54","experience":"NEW"},"question":{"raw":{"text":"커뮤니케이션을 잘 할 수 있는 나만의 스킬이 있으신가요 있다면 한 번 소개해 주시고 가능하다면 보여주셔도 좋을 것 같습니다","wordCount":18},"emotion":[],"intent":[]},"answer":{"raw":{"text":"네 커뮤니케이션을 잘할 수 있는 저만의 스킬이 굳이 있다면 어 생각나는 대로 답변을 드리겠습니다. 음 어 저와 제 제가 속해 있는 조직과 어 커뮤니케이션은 정말로 중요합니다. 어 그것은 여러 가지 어 제가 말을 잘 한다거나 또는 또 에스엔에스를 통해서 소통을 잘한다 하더래도 어 근본적인 커뮤니케이션은 음 맨투맨으로 만나서 어 깊은 대화를 나누는 것이 근본적인 커뮤니케이션의 뿌리라고 생각을 합니다. 한 개인과 개인의 깊은 어떤 교감이나 상대방의 살아온 환경 그다음에 어 집안 환경 그리고 그 사람의 전공 그 사람이 에 어떤 마음을 갖고 어떤 생각을 갖고 살아왔는지 현재 어떤 취미를 갖고 있는지 이러한 다방면에 대해서 어 깊은 대화를 나눌 때 진정한 커뮤니케이션은 어 시작된다고 봅니다. 저는 그런 면에서 일대일로 뭐 술을 한 잔 한다든지 그런 시간을 갖겠습니다. 이상입니다.","wordCount":116},"emotion":[],"intent":[{"text":"","expression":"","category":"attitude"}],"summary":{"text":"커뮤니케이션은 한 개인과 개인의 깊은 교감이나 상대방의 살아온 환경, 전공, 현재 어떤 취미 등 다방면에 대해서 깊은 대화를 나누는 것으로부터 시작됩니다.","wordCount":21}}},"rawDataInfo":{"question":{"fileFormat":"wav","fileSize":610638,"duration":19080,"samplingBit":16,"channelCount":1,"samplingRate":"16kHz","audioPath":"/Mock/04.RND/Male/New/ckmk_q_rnd_m_n_322634.wav"},"answer":{"fileFormat":"wav","fileSize":3633358,"duration":113540,"samplingBit":16,"channelCount":1,"samplingRate":"16kHz","audioPath":"/Mock/04.RND/Male/New/ckmk_a_rnd_m_n_322634.wav"}}}