{"version":"1.0","dataSet":{"info":{"date":"20230116","occupation":"RND","channel":"MOCK","place":"ONLINE","gender":"MALE","ageRange":"55-","experience":"NEW"},"question":{"raw":{"text":"패러데이 법칙에 대해 설명 부탁드리겠습니다","wordCount":5},"emotion":[],"intent":[]},"answer":{"raw":{"text":"패러데이 법칙은 천 팔백 삼십 사 년 독일의 물리학자 하일리 렌즈가 발견했습니다. 이 법칙은 유도 기전력에 관한 것으로 기전력의 방향을 결정하는 요소에 의해서 에너지가 발생한다는 것입니다. 기전력은 폐회로를 통과하는 자석의 변화에 의해서 영향을 받게 됩니다. 이를 증가시킬 수도 있고 감소시킬 수도 있는 영향을 줍니다.","wordCount":44},"emotion":[{"text":"패러데이 법칙은 천 팔백 삼십 사 년 독일의 물리학자 하일리 렌즈가 발견했습니다.","expression":"u-fact","category":"neutral"},{"text":"이 법칙은 유도 기전력에 관한 것으로 기전력의 방향을 결정하는 요소에 의해서 에너지가 발생한다는 것입니다.","expression":"u-fact","category":"neutral"},{"text":"기전력은 폐회로를 통과하는 자석의 변화에 의해서 영향을 받게 됩니다.","expression":"u-fact","category":"neutral"}],"intent":[{"text":"","expression":"","category":"attitude"}],"summary":{"text":"패러데이 법칙은 유도 기전력의 방향을 결정하는 요소에 의해 에너지가 발생한다는 것으로 폐회로를 통과하는 자석의 변화에 의해 영향을 받습니다.","wordCount":18}}},"rawDataInfo":{"question":{"fileFormat":"wav","fileSize":239758,"duration":7490,"samplingBit":16,"channelCount":1,"samplingRate":"16kHz","audioPath":"/Mock/04.RND/Male/New/ckmk_q_rnd_m_n_335811.wav"},"answer":{"fileFormat":"wav","fileSize":1574478,"duration":49200,"samplingBit":16,"channelCount":1,"samplingRate":"16kHz","audioPath":"/Mock/04.RND/Male/New/ckmk_a_rnd_m_n_335811.wav"}}}