{"version":"1.0","dataSet":{"info":{"date":"20230116","occupation":"RND","channel":"MOCK","place":"ONLINE","gender":"MALE","ageRange":"35-44","experience":"NEW"},"question":{"raw":{"text":"지원자님은 본인이 현재 가지고 있는 위치보다 더 어려운 목표를 달성해 본 적이 있나요 있다면 그때 경험에 대해서 말씀해 주시겠어요","wordCount":19},"emotion":[],"intent":[]},"answer":{"raw":{"text":"처음 제조 공장에 입사했을 때 저는 품질 팀 사원으로서 입사를 하였습니다. 하지만 제가 어 회사를 다닌 지 일주일이 채 되지 않는 시점에 어 품질 팀의 팀장이 일을 그만두었습니다. 그래서 저는 팀원으로서 그리고 팀장으로서 양쪽의 업무를 맡아서 하였습니다. 제가 어 달성하기는 어려운 일이었지만 책임감을 가지고 어 열심히 일을 하였습니다. 그런 모습에 주변의 동료와 고객사들도 인정을 해 주었던 것 같습니다.","wordCount":58},"emotion":[],"intent":[{"text":"","expression":"","category":"attitude"}],"summary":{"text":"저는 처음 제조 공장에 입사했을 때 품질 팀 사원으로 입사했지만, 회사에서 팀장이 일을 그만두자 팀원으로서 그리고 팀장으로서 열심히 일하여 주변의 동료들의 인정을 받았습니다.","wordCount":23}}},"rawDataInfo":{"question":{"fileFormat":"wav","fileSize":366798,"duration":11460,"samplingBit":16,"channelCount":1,"samplingRate":"16kHz","audioPath":"/Mock/04.RND/Male/New/ckmk_q_rnd_m_n_291726.wav"},"answer":{"fileFormat":"wav","fileSize":2000398,"duration":62510,"samplingBit":16,"channelCount":1,"samplingRate":"16kHz","audioPath":"/Mock/04.RND/Male/New/ckmk_a_rnd_m_n_291726.wav"}}}