{"version":"1.0","dataSet":{"info":{"date":"20230116","occupation":"RND","channel":"MOCK","place":"ONLINE","gender":"MALE","ageRange":"35-44","experience":"NEW"},"question":{"raw":{"text":"본인의 의견을 주장할 때 강하게 주장하시는 편이신가요 어떤 스타일로 본인의 의견을 주장하는지 궁금합니다","wordCount":13},"emotion":[],"intent":[]},"answer":{"raw":{"text":"네 저는 대체적으로 의견을 좀 강하게 그 어필하는 그런 편입니다. 그 이유는 어 제 자신의 어떤 주장을 뭐 고집스럽게 어필하고 이렇게 요구하고 상대방이 받아들이게 하는 그런 그 목적이 아니고 일단은 상대방의 어떤 다른 의견을 충분히 수용하고 토론을 합니다. 하지만은 상대방이 어떤 주장을 그 제시하거나 제가 제시한 주장이 어떤 다른 의견을 제시를 하려면은 최소한 그분 나름의 어떤 그 정당성이라든지 합리성이라든지 객관성을 갖고 답을 좀 해 줬으면 좋겠다. 그냥 개인적인 의견이 저는 요 부분에 대해서 요렇게 했으면 좋겠습니다 아님 말고 어떤 그런 대화는 상당히 좀 소비적이고 큰 의미가 없는 그런 대화를 또 즐겨 하시는 분들이 많이 계십니다. 아 그러다 보니까 저는 그런 것을 좀 줄이기 위해서 일단 저의 주장이 이렇습니다 라고 정확하게 좀 비교적 강하게 전달하고 상대방이 이런 내용에 대해서 또 다른 의견을 갖고 있으면 언제나 저는 두 손을 들고 환영을 합니다. 아 대신 그러한 인제 반대된 의견이라든지 개선된 의견을 주장할 때는 아까 말씀드린 대로 그런 객관성 합리성 또는 뭔가 차별화가 될 수 있다고 그러면 언제든지 환영을 하죠. 근데 어떤 준비되지 않은 그런 뭐 주장이라든지 반박은 어떻게 보면 에너지 낭비이기 때문에 그런 부분을 쪼끔 기피하고 인제 하는 그런 성격이라고 말씀드리겠습니다.","wordCount":178},"emotion":[],"intent":[{"text":"","expression":"","category":"attitude"}],"summary":{"text":"저는 대체적으로 의견을 강하게 어필하는 편인데, 그 이유는 일단 상대방의 다른 의견을 충분히 수용하고 토론을 합니다. 하지만은 상대방이 어떤 주장을 제시하거나 제가 제시한 주장이 어떤 다른 의견을 제시하려면 최소한 이분 나름의 정당성, 합리성, 객관성을 갖고 답을 해 줬으면 좋겠습니다. 어떤 준비되지 않은 주장, 반박은 에너지 낭비이기 때문에 기피하는 성격이라고 말씀드리겠습니다.","wordCount":50}}},"rawDataInfo":{"question":{"fileFormat":"wav","fileSize":296078,"duration":9250,"samplingBit":16,"channelCount":1,"samplingRate":"16kHz","audioPath":"/Mock/04.RND/Male/New/ckmk_q_rnd_m_n_344195.wav"},"answer":{"fileFormat":"wav","fileSize":3100878,"duration":96900,"samplingBit":16,"channelCount":1,"samplingRate":"16kHz","audioPath":"/Mock/04.RND/Male/New/ckmk_a_rnd_m_n_344195.wav"}}}