{"version":"1.0","dataSet":{"info":{"date":"20230116","occupation":"RND","channel":"MOCK","place":"ONLINE","gender":"MALE","ageRange":"35-44","experience":"NEW"},"question":{"raw":{"text":"지원자님이 따로 팀을 만들어 현재 진행하는 프로젝트가 있으신가요 있으시다면 그 프로젝트를 알려주세요","wordCount":12},"emotion":[],"intent":[]},"answer":{"raw":{"text":"아 현재는 에스엔에스를 통한 마케팅 방법에 관해서 좀 연구를 하고 있는데요. 어 너무 좀 한정된 방법으로만 에스엔에스를 사용해서 어 마케팅하고 광고하고 뭐 이런 것들이 좀 어 저희가 느꼈을 때는 기시감이 있지 않나 라고 생각해서 어떻게 하면 조금 더 독창적인 방법으로 어 창의적인 방법으로 사람들의 좀 시선을 끌고 이목을 집중 시킬 수 있을지 어 거기에 대해서 좀 같이 의견을 나누면서 어 생각하고 어 자료 조사를 하고 또 음 회의를 통해 나온 방법들을 어 하나하나 좀 음 시험해 보는 어 그런 프로젝트를 지금 진행 중에 있습니다. 어 프로젝트를 하면서 사실 좀 꽤 막막한 부분도 있고 좀 아이디어가 어 점점 더 고갈되는 부분도 있는데 어 그만큼 좀 획기적인 저희가 봤을 때는 어 괜찮다 라고 하는 아이디어도 나오고 어 그런 부분이 나중에 음 저희가 충분히 좀 발전시킬 수 있는 어 그런 쪽으로 지금 어 커져 가고 있기 때문에 어 저희는 그렇게 믿기 때문에 어 좀 꾸준히 좀 해서 좋은 어 마무리를 지어 볼 생각을 하고 있습니다.","wordCount":152},"emotion":[],"intent":[{"text":"","expression":"","category":"attitude"}],"summary":{"text":"현재 소셜미디어를 통한 마케팅 방법에 관한 연구를 하고 있습니다. 한정된 방법으로만 소셜미디어를 사용해서 어떤 것이 더 독창적인 방법인지에 대한 의견을 나누며, 자료 조사와 회의를 통해 나온 방법들을 시험해 보는 프로젝트를 진행 중입니다. 프로젝트를 하며 점점 더 아이디어가 고갈되지만, 충분히 발전시킬 수 있다고 생각합니다.","wordCount":43}}},"rawDataInfo":{"question":{"fileFormat":"wav","fileSize":533518,"duration":16670,"samplingBit":16,"channelCount":1,"samplingRate":"16kHz","audioPath":"/Mock/04.RND/Male/New/ckmk_q_rnd_m_n_311890.wav"},"answer":{"fileFormat":"wav","fileSize":3482958,"duration":108840,"samplingBit":16,"channelCount":1,"samplingRate":"16kHz","audioPath":"/Mock/04.RND/Male/New/ckmk_a_rnd_m_n_311890.wav"}}}