{"version":"1.0","dataSet":{"info":{"date":"20230116","occupation":"RND","channel":"MOCK","place":"ONLINE","gender":"MALE","ageRange":"55-","experience":"NEW"},"question":{"raw":{"text":"지원자님께서 다루실 수 있는 프로그램이 무엇인지 그리고 그걸 어느 정도 수준으로 사용하실 수 있는지 말씀해 주세요","wordCount":16},"emotion":[],"intent":[]},"answer":{"raw":{"text":"기본적으로 마이크로소프트에서 나온 프로그램들은 워드 엑셀 파워 포인트 등은 대부분 다룰 수 있구요. 프로그램 개발을 해 본 경험이 있기 때문에 예전 삼 세대 랭귀지라는 코볼 피엘원 등 어 능숙하게 다룰 수도 있고 얼마 전에 제가 교육을 배운 교육을 한 수강을 한 거죠. 수강을 한 그 파이썬에 대해서도 그 다룰 수 있습니다. 에스큐엘도 마찬가지구요. 파이썬이나 에스큐엘은 어 초급이나 중급 정도 수준이 되고 어 최근에는 앱을 만들 수 있는 그런 툴 스마트 메이커라는 것을 배우고 어 이를 통해서 앱을 구현을 해 본 경험이 있습니다. 이 또한 중급 정도 어 수준이 되겠습니다.","wordCount":89},"emotion":[{"text":"파이썬이나 에스큐엘은 어 초급이나 중급 정도 수준이 되고 어 최근에는 앱을 만들 수 있는 그런 툴 스마트 메이커라는 것을 배우고 어 이를 통해서 앱을 구현을 해 본 경험이 있습니다.","expression":"u-fact","category":"neutral"}],"intent":[{"text":"","expression":"","category":"attitude"}],"summary":{"text":"파이썬이나 에스큐엘은 초급이나 중급 정도 수준이며 최근에는 앱을 만들 수 있는 툴 스마트 메이커를 배우고 이를 통해 앱을 구현해 본 경험이 있습니다. 이 또한 중급 정도의 수준입니다.","wordCount":27}}},"rawDataInfo":{"question":{"fileFormat":"wav","fileSize":327758,"duration":10240,"samplingBit":16,"channelCount":1,"samplingRate":"16kHz","audioPath":"/Mock/04.RND/Male/New/ckmk_q_rnd_m_n_286965.wav"},"answer":{"fileFormat":"wav","fileSize":2564878,"duration":80150,"samplingBit":16,"channelCount":1,"samplingRate":"16kHz","audioPath":"/Mock/04.RND/Male/New/ckmk_a_rnd_m_n_286965.wav"}}}