{"version":"1.0","dataSet":{"info":{"date":"20230116","occupation":"RND","channel":"MOCK","place":"ONLINE","gender":"MALE","ageRange":"-34","experience":"NEW"},"question":{"raw":{"text":"지원자님께서 지금 읽고 계신 책이 있는지 만약에 있다면 무슨 책인지 궁금한데요 지원자께서 왜 그 책을 읽으시는지도 함께 말씀해 주시기 바랍니다","wordCount":20},"emotion":[],"intent":[]},"answer":{"raw":{"text":"예 지금 읽은 것은 아니구요 최근에 에 읽은 책이 있는데. 그 세계에서 가장 큰 자전거 메이커 자이언트 예 그 회장님에 관련된 책인데 그 이런 겁니다. 그 현재 전 세계 자동 자전거의 생산 판매율 일 위를 차지하고 있고요. 어 이 회사가 저 저가에서부터 최고가 뭐 한국 돈으로 삼천 만 원 오천 만 원을 한대에 까지 가는 최고급 평까지 제품을 전 세계 모든 브랜드 오이엠 으로까지 생산 공급을 하고 있습니다. 아마 이 회사가 망하면은 전세계 자전거의 공급에 거의 오십 프로 정도 어 공급에 차질이 생기지 않을까 할 정도로 엄청난 지금 현재의 공급이 되고 있고 대한민국에서는 지금 공급이 안 될 정도로 상당히 인기를 많이 얻고 있습니다. 특히 이제 그분이 어 한 얘기가 있습니다. 아 우리 회사에 유일한 유니크가 없으면 일 등이 될 수가 없다. 그래서 그분도 그 유니크를 어디에서 찾았나 맞춤형 자전거 우리 인체의 모든 신체 조건 사이드에 따라서 그냥 주어진 자전거 어 신발에 맞는 어 우리 발에 맞는 어 신발을 찾듯이 우리 신체에 맞는 자전거를 맞춰서 구입할 수 있는 그런 모듈화를 만들었던 게 가장 성공 요인이 아닌가 생각을 합니다.","wordCount":167},"emotion":[],"intent":[{"text":"","expression":"","category":"attitude"}],"summary":{"text":"자전거 메이커 자이언트는 전 세계 자동 자전거의 생산 판매율 일 위를 차지하고 있습니다. 이 회사가 망하면 전세계 자전거 공급에 거의 오십 프로 정도 공급에 차질이 생길 정도로 엄청난 현재 공급이 되고 있고 대한민국에서는 공급이 안 될 정도로 상당히 인기가 많습니다. 그 분야의 성공 요인은 인체의 모든 신체 조건 중에 맞춤형 자전거입니다.","wordCount":51}}},"rawDataInfo":{"question":{"fileFormat":"wav","fileSize":630478,"duration":19700,"samplingBit":16,"channelCount":1,"samplingRate":"16kHz","audioPath":"/Mock/04.RND/Male/New/ckmk_q_rnd_m_n_294745.wav"},"answer":{"fileFormat":"wav","fileSize":2872398,"duration":89760,"samplingBit":16,"channelCount":1,"samplingRate":"16kHz","audioPath":"/Mock/04.RND/Male/New/ckmk_a_rnd_m_n_294745.wav"}}}