{"version":"1.0","dataSet":{"info":{"date":"20230116","occupation":"RND","channel":"MOCK","place":"ONLINE","gender":"MALE","ageRange":"35-44","experience":"NEW"},"question":{"raw":{"text":"요즘 공부하고 있는 것이 있으십니까 있다면 왜 그것을 공부하고 있으며 지금까지 무엇을 배웠는지도 함께 말씀해 주시기 바랍니다","wordCount":17},"emotion":[],"intent":[]},"answer":{"raw":{"text":"저는 현재 역사에 대해서 공부하고 있습니다. 역사는 초등학교 중학교 고등학교 성장 과정을 거쳐 오면서 교과 과목으로 자연스럽게 접하게 되는 영역입니다. 저도 어찌 보면 어릴 때 의무적으로 역사를 공부했습니다. 그런데 성인이 되면서 역사에 대해 관심이 많아졌고 더 깊이 있게 공부해 보고 싶다고 생각을 했습니다. 왜 제가 그런 생각을 했냐면 먼저 역사라는 과거 이야기를 통해서 우리가 삶의 지혜를 얻을 수 있기 때문입니다. 또한 현재의 모습이 되기까지 과거에 어떤 과정이 있었는지 역사를 통해 보다 정확히 이해할 수 있습니다. 무엇보다도 현재의 문제들이 많이 있는데 이것들은 역사의 사례를 통해 현명하게 대처할 수 있습니다. 그리고 마지막으로 보다 발전된 미래를 설계하고 준비할 수 있습니다. 저는 이렇게 역사 공부를 해서 나중에는 한국사 능력 검정 시험까지 보고 싶습니다.","wordCount":109},"emotion":[{"text":"그런데 성인이 되면서 역사에 대해 관심이 많아졌고 더 깊이 있게 공부해 보고 싶다고 생각을 했습니다.","expression":"p-interest","category":"positive"}],"intent":[{"text":"","expression":"","category":"attitude"}],"summary":{"text":"어릴 땐 의무적으로 역사를 공부했지만, 성인이 되면서 더 깊이 있게 공부해 보고 싶다고 생각했습니다. 역사를 통해 삶의 지혜를 얻고, 현재의 모습을 정확히 이해할 수 있으며, 현재의 문제들이란 사례를 통해 대처하고, 미래를 설계할 수 있기 때문입니다.","wordCount":35}}},"rawDataInfo":{"question":{"fileFormat":"wav","fileSize":458318,"duration":14320,"samplingBit":16,"channelCount":1,"samplingRate":"16kHz","audioPath":"/Mock/04.RND/Male/New/ckmk_q_rnd_m_n_332715.wav"},"answer":{"fileFormat":"wav","fileSize":2842638,"duration":88830,"samplingBit":16,"channelCount":1,"samplingRate":"16kHz","audioPath":"/Mock/04.RND/Male/New/ckmk_a_rnd_m_n_332715.wav"}}}