{"version":"1.0","dataSet":{"info":{"date":"20230116","occupation":"RND","channel":"MOCK","place":"ONLINE","gender":"MALE","ageRange":"35-44","experience":"NEW"},"question":{"raw":{"text":"앞으로 협업을 할 일이 많이 생기게 될 수도 있는데 혹시 이때 직장이나 대학에서 협업을 하면서 어려운 점이 없으셨나요","wordCount":18},"emotion":[],"intent":[]},"answer":{"raw":{"text":"협업을 할 때에 각자의 생각이 다 다르기 때문에 어려움과 갈등은 분명히 생길 것이다 라고 생각합니다. 중요한 것은 이 갈등과 어려움을 잘 해결해 나가는 것입니다. 무조건 자기 주장이 옳다 라고 하면 함께 협업을 할 수 없습니다. 자기 의견을 내고 다른 사람의 의견도 잘 들으면서 서로 조율을 해 나간다면 협업은 잘 이루어질 것입니다. 그래서 중요한 것은 내 말만 하는 것이 아니라 상대방에 의견도 존중하며 경청하는 것이 협업 시에 가장 필요하다고 생각합니다. 과거에 대학에서 자기 의견만 내세우다 보니 그 과제를 온전히 해내지 못한 경험이 있습니다. 그때를 경험 삼아 회사에서 협업을 하게 된다면 먼저는 잘 듣고 상대방의 의견을 존중해 주어서 주어진 협업을 잘 감당할 것입니다.","wordCount":101},"emotion":[],"intent":[{"text":"그래서 중요한 것은 내 말만 하는 것이 아니라 상대방에 의견도 존중하며 경청하는 것이 협업 시에 가장 필요하다고 생각합니다.","expression":"c_cop","category":"personality"}],"summary":{"text":"협업 시 각자의 생각이 다르므로 갈등과 어려움을 잘 해결해 나가는 것이 중요합니다. 내 말만 하는 것이 아니라 상대방의 의견도 존중하며 경청하는 것이 협업 시에 가장 필요합니다. 과거의 경험을 바탕으로 회사에서 협업을 하게 된다면 잘 감당할 수 있을 것입니다.","wordCount":38}}},"rawDataInfo":{"question":{"fileFormat":"wav","fileSize":327758,"duration":10240,"samplingBit":16,"channelCount":1,"samplingRate":"16kHz","audioPath":"/Mock/04.RND/Male/New/ckmk_q_rnd_m_n_325476.wav"},"answer":{"fileFormat":"wav","fileSize":2581838,"duration":80680,"samplingBit":16,"channelCount":1,"samplingRate":"16kHz","audioPath":"/Mock/04.RND/Male/New/ckmk_a_rnd_m_n_325476.wav"}}}