{"version":"1.0","dataSet":{"info":{"date":"20230116","occupation":"RND","channel":"MOCK","place":"ONLINE","gender":"MALE","ageRange":"45-54","experience":"NEW"},"question":{"raw":{"text":"지원자분께서 무언가 달성하시기 위해서 목표를 세우시고 그 이 삼 년 동안 굉장히 열심히 노력해서 그와 같은 목표를 달성하셨던 경험이 있으신지 궁금합니다","wordCount":21},"emotion":[],"intent":[]},"answer":{"raw":{"text":"네 제가 어 어떤 목표를 달성하기 위해서 어 이 삼 년간 열심히 노력한 경험이 있습니다. 어떤 시험은 아니었고 제가 입시 학원을 했었는데 에 과학을 과학 과목을 가리켰습니다. 과학은 제 전공이었고 변리사 공부를 할 때도 어 과학 공부를 했던 경험이 있기 때문에 별 문제가 없었지만 아 수학 과목으로 어 바꿀 때 어 수학 공부를 어 하는 게 힘들었습니다. 하지만 어 수학 선생이 되기 위해서 나름대로 계획을 세우고 어 중학교 수학 부 책부터 차근차근 하나씩 하나씩 어 열심히 문제를 풀고 고 어 개념이나 음 수학 음 문제를 풀어나갔습니다. 단계별로 어 차근차근 했기 때문에 공부하는 것이 힘들었지만 음 별 무리 없이 잘 진행되었던 것 같습니다. 특히 고등학교 삼 학년 이과 수업까지 할 때는 음 여러 면에서 어려움이 있었지만 학생을 가리키면서 수업 준비를 철저히 하고자 최대한 노력을 했기 때문에 어 나름 목표를 달성했다고 생각을 합니다. 이상입니다.","wordCount":132},"emotion":[],"intent":[{"text":"","expression":"","category":"attitude"}],"summary":{"text":"수학 선생이 되기 위해 계획을 세우고 중학교 수학 부 책부터 단계적으로 문제를 풀고 개념이나 수학 문제를 풀어나갔습니다. 고등학교 삼학년 이과 수업까지 할 때는 여러 면에서 어려움이 있었지만 수업 준비를 철저히 하고자 최대한 노력을 했기 때문에 나름의 목표를 달성했다고 생각합니다.","wordCount":39}}},"rawDataInfo":{"question":{"fileFormat":"wav","fileSize":419918,"duration":13120,"samplingBit":16,"channelCount":1,"samplingRate":"16kHz","audioPath":"/Mock/04.RND/Male/New/ckmk_q_rnd_m_n_337066.wav"},"answer":{"fileFormat":"wav","fileSize":3802318,"duration":118820,"samplingBit":16,"channelCount":1,"samplingRate":"16kHz","audioPath":"/Mock/04.RND/Male/New/ckmk_a_rnd_m_n_337066.wav"}}}