{"version":"1.0","dataSet":{"info":{"date":"20230116","occupation":"RND","channel":"MOCK","place":"ONLINE","gender":"MALE","ageRange":"35-44","experience":"NEW"},"question":{"raw":{"text":"여러 사람들과 함께 근무하다 보면 구성원들과 갈등이 생길 일이 있습니다 이럴 때 어떻게 해결하시겠습니까","wordCount":14},"emotion":[],"intent":[]},"answer":{"raw":{"text":"여러 사람들과 일을 하다 보면 분명히 갈등이 생기기 마련입니다. 이 갈등을 원만하게 해결하면 좋지만 그렇지 못할 때도 있습니다. 웬만하면 서로 의견을 조율해서 갈등을 풀어나가는 것이 중요합니다. 갈등을 해결하기 위해서 저는 경청과 또 사실과 관련된 이야기만 하는 것이 중요하다고 생각합니다. 내 의견만 내세우는 것이 아니라 상대방이 한 말들과 의견들을 잘 들어볼 필요가 있습니다. 그리고 제 얘기도 하면서 실질적으로 필요한 대화들만 골라 추려내고 사실적인 이야기들만 골라 추려내서 그 일을 해 나간다 면 충분히 갈등이 해결될 수 있습니다. 그래서 저는 경청이 필요하고 사실 관계를 따지는 것이 중요하다고 생각합니다. 여기에 만약에 상대방의 감정을 생각한다 면 올바른 결정을 할 수 없습니다. 그래서 감정을 배제하고 실질적이고 사실적인 일들을 통해 갈등을 원만하게 해결해야 합니다.","wordCount":107},"emotion":[],"intent":[{"text":"","expression":"","category":"attitude"}],"summary":{"text":"여러 사람들과 일을 하다 보면 갈등이 생기기 마련인데, 이럴 때는 서로 의견을 조율해서 원만하게 해결하는 것이 중요합니다. 그래서 저는 경청이 필요하고 사실 관계를 따지는 것이 중요하다고 생각합니다. 감정을 배제하고 실질적이고 사실적인 일들을 통해 갈등을 해결해야 합니다.","wordCount":36}}},"rawDataInfo":{"question":{"fileFormat":"wav","fileSize":318798,"duration":9960,"samplingBit":16,"channelCount":1,"samplingRate":"16kHz","audioPath":"/Mock/04.RND/Male/New/ckmk_q_rnd_m_n_325633.wav"},"answer":{"fileFormat":"wav","fileSize":2928718,"duration":91520,"samplingBit":16,"channelCount":1,"samplingRate":"16kHz","audioPath":"/Mock/04.RND/Male/New/ckmk_a_rnd_m_n_325633.wav"}}}