{"version":"1.0","dataSet":{"info":{"date":"20230116","occupation":"RND","channel":"MOCK","place":"ONLINE","gender":"MALE","ageRange":"55-","experience":"NEW"},"question":{"raw":{"text":"청소년 물리학도 생들에게 열역학 영법칙부터 삼법칙까지 설명해 주시겠어요","wordCount":8},"emotion":[],"intent":[]},"answer":{"raw":{"text":"열역학 법칙에 대해서는 자세히 알지는 못합니다만 제가 알고 있는 것만 말씀을 드리면 열역학 영 법칙 열평형의 법칙이라고 불리웁니다. 어 얘는 에이 계가 아 비 계와 평형을 이루고 있고 비 계가 씨 계와 평형을 이루고 있을 때는 에이 계와 씨 계 또한 평형을 이루고 있다고 하는 법칙입니다. 평형의 법칙이죠. 열역학 제 일 법칙은 우리가 잘 알고 있는 에너지 보존의 법칙이다 라고 말씀드릴 수 있습니다. 이는 고립된 계의 에너지 총합은 일정하다는 법칙이죠. 열역학 제 이 법칙은 엔트로피의 법칙이라고 말씀드릴 수 있습니다. 엔트로피는 어 아 그 계 내에서 활발하게 움직이는 어 그러한 요소를 어 가리키죠. 그래서 고립된 계의 엔트로피는 어 감소하지 않는다 일정하다는 것이 열역학 이 법칙이라고 알고 있습니다. 열역학 제 삼 법칙이나 또 그 위에 나온 것에 대해서는 자세히 알고 있지는 못합니다. 이상 답변 드리겠습니다.","wordCount":123},"emotion":[],"intent":[{"text":"","expression":"","category":"attitude"}],"summary":{"text":"열역학 영 법칙은 열평형의 법칙이고 제 일 법칙은 우리가 잘 알고 있는 에너지 보존의 법칙이며 제 이 법칙은 엔트로피의 법칙입니다. 그리고 열역학 제 삼 법칙이나 그 위에 나온 것에 대해서는 자세히 알고 있지 않습니다. 이상 답변 드리겠습니다.","wordCount":37}}},"rawDataInfo":{"question":{"fileFormat":"wav","fileSize":462798,"duration":14460,"samplingBit":16,"channelCount":1,"samplingRate":"16kHz","audioPath":"/Mock/04.RND/Male/New/ckmk_q_rnd_m_n_304087.wav"},"answer":{"fileFormat":"wav","fileSize":3822158,"duration":119440,"samplingBit":16,"channelCount":1,"samplingRate":"16kHz","audioPath":"/Mock/04.RND/Male/New/ckmk_a_rnd_m_n_304087.wav"}}}