{"version":"1.0","dataSet":{"info":{"date":"20230116","occupation":"RND","channel":"MOCK","place":"ONLINE","gender":"MALE","ageRange":"35-44","experience":"NEW"},"question":{"raw":{"text":"어 주변 친구들 중에 한 명만 골라서 칭찬해 주시길 바랍니다 어 가장 좋아하는 친구일 가능성이 높다 생각하는데 구체적이고 또 자세하게 칭찬해 주세요","wordCount":22},"emotion":[],"intent":[]},"answer":{"raw":{"text":"제 아주 친한 친구 중에 어 중학교 때부터 친해져서 지금까지도 같이 잘 지내고 있는 친구가 한 명 있는데요. 어 좀 제가 갖지 못한 어떤 그런 부분을 갖고 있는 것 같아서 참 부럽기도 하고 닮을려고 많이 노력도 하는 그런 친구입니다. 아 저는 물론 마음은 있지만 부모님께 항상 어 이렇게 잘 표현을 못하는 편인데 아 그 친구는 일이 굉장히 좀 많고 업무가 강도가 쎈 일을 하는데도 불구하고 어 쉬는 날이면은 그렇게 어머니를 모시고 음 뭐 근교의 뭐 계절에 따라 꽃놀이도 가고 단풍놀이도 가고 이렇게 어 좋은 거 있다면은 좀 구경시켜 드리고 어 좀 맛있는 맛집이 있다 그러면 찾아서 모시고 가서 어 같이 함께 시간을 보내고 하는 부분이 저는 참 정말 좋아 보이더라고요. 어 그래서 저는 그 친구를 참 어 효자고 아 나도 저렇게 좀 닮아 가야겠다 어 좀 보고 배워야겠다 라고 생각하는 친구 중의 한 명입니다. 어 물론 그 친구가 아버지가 좀 음 몇 년 전에 돌아가시고 어머니가 혼자 되셔서 어 더 그렇다고들 다른 사람들은 생각하는 것 같은데 그 전에도 아버지가 살아 계셨을 때도 항상 어 맛있는 게 있으면 아버지 먼저 어머니 먼저 갖다 가져다 드리고 좀 그렇게 함께 시간을 보냈던 굉장히 효자인 친구입니다.","wordCount":182},"emotion":[],"intent":[{"text":"","expression":"","category":"attitude"}],"summary":{"text":"제가 아주 친한 친구 중에 중학교 때부터 친해져서 지금까지도 같이 잘 지내고 있는 친구가 한 명 있는데, 그 친구는 일이 굉장히 많고 강도가 센 일을 하는데도 불구하고 어머니를 모시고 시간을 보내는 부분이 참 좋아 보이더라고 해서 제가 좀 닮아 가야겠다 라고 생각하는 친구 중의 한 명입니다.","wordCount":46}}},"rawDataInfo":{"question":{"fileFormat":"wav","fileSize":472398,"duration":14760,"samplingBit":16,"channelCount":1,"samplingRate":"16kHz","audioPath":"/Mock/04.RND/Male/New/ckmk_q_rnd_m_n_265911.wav"},"answer":{"fileFormat":"wav","fileSize":3861198,"duration":120660,"samplingBit":16,"channelCount":1,"samplingRate":"16kHz","audioPath":"/Mock/04.RND/Male/New/ckmk_a_rnd_m_n_265911.wav"}}}