{"version":"1.0","dataSet":{"info":{"date":"20230116","occupation":"RND","channel":"MOCK","place":"ONLINE","gender":"MALE","ageRange":"-34","experience":"NEW"},"question":{"raw":{"text":"면접자님께서 이루고 싶은 인생의 목표가 있다면 무엇인지 이유와 근거를 들어 자세하게 말씀 부탁드립니다","wordCount":13},"emotion":[],"intent":[]},"answer":{"raw":{"text":"네 인생 목표가 있습니다. 뭐 기회가 주어진다면은 어 제가 그 설계 개발한 제품이 아 잘 성공하여 그 제품에 제 이름을 얹어서 아무개가 설계 개발한 제품이다 제품 이름이 아무개다 아 이런 식으로 어 될 수 있는 게 저 현재의 인생 목표입니다. 어 그 배경을 제가 고민하게 된 것은 제가 알고 있는 한 판매 담당자는 그분은 비록 회사를 대신해서 업무를 하지만은 그분은 이제 해외에 생산 공장을 하나 짓고 그 공장의 그 첫 사업서부터 완성 완제품이 나올 때까지 본인의 노력과 흔적을 남겨서 비록 본인이 뭐 주주나 어떤 회사 대표는 아니지만은 본인의 작품을 만들고 싶다 그런 의지를 갖고 있는 영업 사원이 있더라구요. 아 똑같은 그런 맥락으로 어 저도 비록 지금은 부족하지만 현재의 제품을 좀 더 개선하고 새로운 제품을 이제 개발하는 데 참여하여 저 나름대로 저만의 제품을 개발하여 이 제품은 아무개가 개발한 것이다 그래서 이 제품은 아무개다 이런 식으로 제 이름 석 자를 걸고 또 시장에서 성공한 그런 제품을 개발해 내고 싶습니다.","wordCount":147},"emotion":[{"text":"그래서 이 제품은 아무개다 이런 식으로 제 이름 석 자를 걸고 또 시장에서 성공한 그런 제품을 개발해 내고 싶습니다.","expression":"p-interest","category":"positive"}],"intent":[{"text":"","expression":"","category":"attitude"}],"summary":{"text":"제가 설계 개발한 제품이 성공하여 그 제품에 제 이름을 얹어서 아무개가 설계 개발한 제품이다 제품 이름이 아무개다 이런 식으로 될 수 있는 게 현재의 인생 목표입니다. 판매 담당자는 본인의 노력으로 완제품이 나올 때까지 본인의 작품을 만들고 싶어 하는 영업 사원이 있었습니다. 저 역시 제 이름 석 자를 걸고 시장에서 성공한 제품을 개발하고 싶습니다.","wordCount":53}}},"rawDataInfo":{"question":{"fileFormat":"wav","fileSize":346958,"duration":10840,"samplingBit":16,"channelCount":1,"samplingRate":"16kHz","audioPath":"/Mock/04.RND/Male/New/ckmk_q_rnd_m_n_338657.wav"},"answer":{"fileFormat":"wav","fileSize":2709518,"duration":84670,"samplingBit":16,"channelCount":1,"samplingRate":"16kHz","audioPath":"/Mock/04.RND/Male/New/ckmk_a_rnd_m_n_338657.wav"}}}