{"version":"1.0","dataSet":{"info":{"date":"20230116","occupation":"RND","channel":"MOCK","place":"ONLINE","gender":"MALE","ageRange":"55-","experience":"NEW"},"question":{"raw":{"text":"본인이 창의적으로 어떤 문제를 해결해 본 경험이 있나요 있다면 그 과정을 최대한 자세하게 말씀해 주세요","wordCount":15},"emotion":[],"intent":[]},"answer":{"raw":{"text":"제가 창의적으로 문제를 해결한 경험을 말씀드리면 입사 초기에 프로그램 개발자로서 일을 할 때 본사는 서울에 있고 공장이 부산에 있었습니다. 그 당시에는 본사와 공장 간에 온라인은 돼 있지만 실시간으로 그 소통 커뮤니케이션할 수 있는 그런 프로그램이 없었습니다. 이것을 전문 용어로는 시스템과 시스템의 커뮤니케이션이라고 했는데 이것을 어 당시 아이비엠에서 제공하는 커뮤니케이션 툴을 활용해서 어 제가 창의적으로 구현을 해서 출고 지시 시스템을 완성을 했습니다. 이로써 어 많은 그 생산성 향상의 효과가 있었습니다.","wordCount":69},"emotion":[],"intent":[{"text":"","expression":"","category":"attitude"}],"summary":{"text":"입사 초기 본사와 공장 간 온라인 소통 커뮤니케이션 프로그램이 없었습니다. 이것을 시스템과 시스템의 커뮤니케이션이라 하여 당시 인텔사의 커뮤니케이션 툴을 활용하여 출고 지시 시스템을 완성하였습니다.","wordCount":24}}},"rawDataInfo":{"question":{"fileFormat":"wav","fileSize":340238,"duration":10630,"samplingBit":16,"channelCount":1,"samplingRate":"16kHz","audioPath":"/Mock/04.RND/Male/New/ckmk_q_rnd_m_n_286966.wav"},"answer":{"fileFormat":"wav","fileSize":2530638,"duration":79080,"samplingBit":16,"channelCount":1,"samplingRate":"16kHz","audioPath":"/Mock/04.RND/Male/New/ckmk_a_rnd_m_n_286966.wav"}}}