{"version":"1.0","dataSet":{"info":{"date":"20230116","occupation":"RND","channel":"MOCK","place":"ONLINE","gender":"MALE","ageRange":"-34","experience":"NEW"},"question":{"raw":{"text":"일을 하다가 모르는 과제가 등장하게 된다면 어떻게 해결하실 건가요 해결 방법과 그 이유를 말씀해 주세요","wordCount":15},"emotion":[],"intent":[]},"answer":{"raw":{"text":"직무 수행 시 모르는 과제가 등장했다면 스스로 해결하기 위해 최대한 노력해 볼 것입니다. 선임이 남겨둔 프로토콜이나 주변인들의 도움을 받기 이전에 스스로 고민하여 어떠한 방식으로 문제를 해결해야 그런 과제를 현명하게 넘어갈 수 있을까에 대해 고민해 보겠습니다. 만약 정 그렇게 해 보고도 도움이 되지 않는다면 그 이후에 선임이나 주변 사람들 혹은 상급자에게 문의를 하여 일을 정확하게 처리하도록 노력할 것입니다. 그것을 스스로 해결했다 할지라도 일의 정확도가 중요하기 때문에 저는 일을 마무리 지은 뒤에 상급자에게 문의하여 일이 정확하게 마무리 되었는지 확인해 볼 것입니다.","wordCount":79},"emotion":[],"intent":[{"text":"","expression":"","category":"attitude"}],"summary":{"text":"직무 수행 시 모르는 과제가 등장했다면 스스로 해결하기 위해 최대한 노력해 볼 것이고, 그렇게 해 보고도 도움이 되지 않는다면 그 이후 상급자에게 문의하여 일을 정확하게 처리하도록 노력할 것입니다.","wordCount":28}}},"rawDataInfo":{"question":{"fileFormat":"wav","fileSize":298958,"duration":9340,"samplingBit":16,"channelCount":1,"samplingRate":"16kHz","audioPath":"/Mock/04.RND/Male/New/ckmk_q_rnd_m_n_328720.wav"},"answer":{"fileFormat":"wav","fileSize":1358158,"duration":42440,"samplingBit":16,"channelCount":1,"samplingRate":"16kHz","audioPath":"/Mock/04.RND/Male/New/ckmk_a_rnd_m_n_328720.wav"}}}