{"version":"1.0","dataSet":{"info":{"date":"20230116","occupation":"RND","channel":"MOCK","place":"ONLINE","gender":"MALE","ageRange":"55-","experience":"NEW"},"question":{"raw":{"text":"지금으로부터 삼 년 뒤까지 삼 년 내에 주로 성장 계획이나 목표를 가지고 있나요 있다면 무엇인지 구체적으로 말씀해 주실 수 있을까요","wordCount":20},"emotion":[],"intent":[]},"answer":{"raw":{"text":"예 저는 이제 삼 년 뒤에 나름 어 목표를 가지고 있는데 그 첫 번째 목표가 어 저는 지금 음 작년에 내 손으로 어 농막을 지어서 지금 현재 우리 두 식구가 살고 있습니다. 많이 불편하죠 그런데 이제 어 요 과거처럼 어 남의 돈을 빌려서 하지 않고 내 내가 돈을 만들어서 일단 우리가 사는 집 어 삼십 평내에 우리가 살 집 한 동 그렇게 어 건축을 하려고 목표를 삼고 있습니다. 그 목표에 이제 뭐 간략한 계획은 어 올해는 뭐 거의 다 지나가고 어 작년에 다쳤던 어 다리 두 다리의 재활을 어 마감해야 될 것 같고 내년부터 어 벌어서 어 그 종잣돈을 마련해 가지고 내년에는 어 건축 신고와 기초 한 동의 기초 공사를 가능할 수 있는 그런 자금 마련 제가 생각할 때 약 한 삼천 만 정도 내년엔 는 삼천은 이제 벌어야 될 것이고 그다음에 삼천이 벌어지게 되면 건축 신고하고 그다음에 기초까지 어 기초 공사를 해 놓고요. 그다음에 이 년차 에서는 골조와 외장을 할 수 있는 돈을 벌어서 또 한 한 달 정도 이렇게 하고 또 그 삼 년 이에는 이제 벌어서 마음까지 간다. 그래서 삼 년 안에 내 집 한동을 짓겠다 그게 목표입니다.","wordCount":181},"emotion":[],"intent":[{"text":"많이 불편하죠 그런데 이제 어 요 과거처럼 어 남의 돈을 빌려서 하지 않고 내 내가 돈을 만들어서 일단 우리가 사는 집 어 삼십 평내에 우리가 살 집 한 동 그렇게 어 건축을 하려고 목표를 삼고 있습니다.","expression":"c_chl","category":"personality"}],"summary":{"text":"저는 삼 년 후에 제 손으로 농막을 지어서 삼년 안에 제 집 한동을 짓겠다는 목표를 가지고 있습니다. 목표는 작년의 다리 두 다리의 재활을 마감하고 내년부터 종잣돈을 마련해서 건축 신고와 기초 공사의 자금 마련을 하고 이 년차에서는 골조와 외장을 할 수 있는 돈을 벌고 삼 년에 한 동씩 짓겠다는 것입니다.","wordCount":49}}},"rawDataInfo":{"question":{"fileFormat":"wav","fileSize":607438,"duration":18980,"samplingBit":16,"channelCount":1,"samplingRate":"16kHz","audioPath":"/Mock/04.RND/Male/New/ckmk_q_rnd_m_n_246347.wav"},"answer":{"fileFormat":"wav","fileSize":3789838,"duration":118430,"samplingBit":16,"channelCount":1,"samplingRate":"16kHz","audioPath":"/Mock/04.RND/Male/New/ckmk_a_rnd_m_n_246347.wav"}}}