{"version":"1.0","dataSet":{"info":{"date":"20230116","occupation":"RND","channel":"MOCK","place":"ONLINE","gender":"MALE","ageRange":"35-44","experience":"NEW"},"question":{"raw":{"text":"혹시 본인이 교번 근무에 잘 적응할 수 있는 사람이라고 생각하시나요 그렇다면 그렇게 생각하시는 근거는 무엇인가요","wordCount":15},"emotion":[],"intent":[]},"answer":{"raw":{"text":"저는 교번 근무에 잘 적응할 수 있다고 생각합니다. 왜냐하면 저는 주위에서 저를 평가할 때 어 시간적인 개념이 아주 잘 정립되어 있다 라고 얘기를 합니다. 그래서 시간이 계속 바뀌는 교번 근무라도 어 문제 없이 수행 가능할 것 같습니다. 또한 어 교번 근무가 매 시간이 바뀌므로 어 체력적으로 훨씬 더 힘든 것을 알고 있습니다. 하지만 저는 평소에 운동을 통해서 체력 관리를 하기 때문에 어 교번 근무는 에 잘 적응할 수 있다고 생각합니다.","wordCount":70},"emotion":[],"intent":[{"text":"","expression":"","category":"attitude"}],"summary":{"text":"저는 교번 근무에 적응할 수 있다고 생각합니다. 시간적인 개념이 잘 정립되어 있기 때문에 시간이 바뀌는 교번근무라도 문제 없이 수행 가능할 것 같습니다.","wordCount":22}}},"rawDataInfo":{"question":{"fileFormat":"wav","fileSize":327758,"duration":10240,"samplingBit":16,"channelCount":1,"samplingRate":"16kHz","audioPath":"/Mock/04.RND/Male/New/ckmk_q_rnd_m_n_294133.wav"},"answer":{"fileFormat":"wav","fileSize":1689678,"duration":52800,"samplingBit":16,"channelCount":1,"samplingRate":"16kHz","audioPath":"/Mock/04.RND/Male/New/ckmk_a_rnd_m_n_294133.wav"}}}