{"version":"1.0","dataSet":{"info":{"date":"20230116","occupation":"RND","channel":"MOCK","place":"ONLINE","gender":"MALE","ageRange":"35-44","experience":"NEW"},"question":{"raw":{"text":"아이패드가 시장에서 관심을 많이 받고 있는데 어 이처럼 아이패드처럼 관심을 많이 받는 제품들은 어떤 특징을 가지고 있는지 설명해 주실 수 있습니까","wordCount":21},"emotion":[],"intent":[]},"answer":{"raw":{"text":"아이패드나 맥북 에어팟 제트플립 등 시장에서 관심을 받는 제품들은 어 그 제품을 만든 제조 회사에서 어 아주 브랜드 브랜딩을 잘 했다고 생각합니다. 어 애플의 아이패드와 어 아이폰 그리고 삼성의 갤럭시 제트 플립 같은 것은 어 뭐 기능상 혹은 스펙상 거의 다른 제품과 비슷하지만 어 그 회사의 브랜드 자체를 고급화 전략을 통해서 이것을 가지고 있으면 훨씬 더 어 뛰어나다는 것을 강조하여 어 시장에 관심을 받는 것 같습니다.","wordCount":66},"emotion":[],"intent":[{"text":"","expression":"","category":"attitude"}],"summary":{"text":"시장에서 관심을 받는 제품들은 제조 회사에서 브랜드 브랜딩을 잘 했다고 봅니다. 고급화 전략으로 더 뛰어나다는 것을 강조하여 시장에 관심을 얻는 것 같습니다.","wordCount":22}}},"rawDataInfo":{"question":{"fileFormat":"wav","fileSize":518478,"duration":16200,"samplingBit":16,"channelCount":1,"samplingRate":"16kHz","audioPath":"/Mock/04.RND/Male/New/ckmk_q_rnd_m_n_294136.wav"},"answer":{"fileFormat":"wav","fileSize":2010318,"duration":62820,"samplingBit":16,"channelCount":1,"samplingRate":"16kHz","audioPath":"/Mock/04.RND/Male/New/ckmk_a_rnd_m_n_294136.wav"}}}