{"version":"1.0","dataSet":{"info":{"date":"20230116","occupation":"RND","channel":"MOCK","place":"ONLINE","gender":"MALE","ageRange":"-34","experience":"NEW"},"question":{"raw":{"text":"회사에 들어와서 선배를 만나게 되면 어떤 모습에 선배를 만나고 싶으세요 그런 것을 원하시는 이유도 같이 말씀해 주세요","wordCount":17},"emotion":[],"intent":[]},"answer":{"raw":{"text":"제가 회사에서 만나게 되는 선배는 일을 할 때에는 냉철한 시각으로 보고 말하지만 그 외에는 다정한 사람이었으면 좋겠습니다. 여태 저의 경험상 일을 할 때 객관적으로 판단하고 엄격한 사람에게 배운다면 일을 더 빨리 배울 수 있었고 그 외에 일적으로 힘든 것을 들어주는 사람이 있다면 지친 마음이 업무에 영향을 주는 일이 없을 것입니다. 아직까지 이 두 가지를 모두 갖춘 선배는 만나지 못하였지만 이 번 기회에 만나게 된다면 저의 커리어 발전과 즐거운 회사 생활 이 두 가지를 모두 잡을 수 있다고 생각합니다.","wordCount":78},"emotion":[],"intent":[{"text":"","expression":"","category":"attitude"}],"summary":{"text":"회사에서 만나게 되는 선배는 냉철한 시각으로 보고 말하지만 그 외에는 다정한 사람이었으면 좋겠습니다. 그 사람이 일적으로 힘든 것을 들어주면 지쳐 마음이 업무에 영향을 주는 일이 없을 것입니다.","wordCount":27}}},"rawDataInfo":{"question":{"fileFormat":"wav","fileSize":333518,"duration":10420,"samplingBit":16,"channelCount":1,"samplingRate":"16kHz","audioPath":"/Mock/04.RND/Male/New/ckmk_q_rnd_m_n_257316.wav"},"answer":{"fileFormat":"wav","fileSize":2033038,"duration":63530,"samplingBit":16,"channelCount":1,"samplingRate":"16kHz","audioPath":"/Mock/04.RND/Male/New/ckmk_a_rnd_m_n_257316.wav"}}}