{"version":"1.0","dataSet":{"info":{"date":"20230116","occupation":"RND","channel":"MOCK","place":"ONLINE","gender":"MALE","ageRange":"45-54","experience":"NEW"},"question":{"raw":{"text":"본인 스스로 숫자와 창의 중에 어떤 쪽에 더 가깝다고 생각을 하시나요","wordCount":11},"emotion":[],"intent":[]},"answer":{"raw":{"text":"네 어 저는 제 스스로 생각해 봤을 때 숫자와 창의 중 어 어떤 것에 더 가까운지 를 생각해보면 음 숫자도 어 어느 부분 어느 일정 부분이 있고 창의도 일정 부분 있습니다. 그런데 어 숫자에 관련된 것이 한 육십 프로이고 창의에 관련된 것이 한 사십 프로 정도로 숫자가 아 저는 더 가깝다고 생각을 합니다. 풀어서 말씀드리자면 음 저는 어떠한 음 정보를 해석하고 그 정보를 통해서 어 문제를 해결하고자 결정을 할 때는 어 통계나 확률을 많이 음 어 중점을 두고 있었던 것 같습니다. 왜냐하면 통계나 항 확률을 따졌을 때 그 성공률이라든가 어떤 치아 선택에 지침으로 가졌을 때 음 아무래도 음 더 일을 처리할 때 그 성공률이라든가 효율성에 더 가깝다고 생각하기 때문입니다. 그러한 부분이 있고 창의성은 음 저도 항상 관심을 가지고 많이 해보고자 하는 부분인데 여러 업무들 때문에 못하는 부분이 많습니다. 이상입니다.","wordCount":129},"emotion":[],"intent":[{"text":"","expression":"","category":"attitude"}],"summary":{"text":"숫자와 창의 중 어떤 것에 더 가까운지 를 생각해보니 숫자도 일정 부분이 있고 창의도 일정 부분 있습니다. 그런데 숫자에 관련된 것이 한 60 프로이고 창의에 관련된 것은 한 40 프로 정도로 숫자가 더 가깝다고 생각합니다.","wordCount":35}}},"rawDataInfo":{"question":{"fileFormat":"wav","fileSize":248398,"duration":7760,"samplingBit":16,"channelCount":1,"samplingRate":"16kHz","audioPath":"/Mock/04.RND/Male/New/ckmk_q_rnd_m_n_337070.wav"},"answer":{"fileFormat":"wav","fileSize":3805518,"duration":118920,"samplingBit":16,"channelCount":1,"samplingRate":"16kHz","audioPath":"/Mock/04.RND/Male/New/ckmk_a_rnd_m_n_337070.wav"}}}