{"version":"1.0","dataSet":{"info":{"date":"20230116","occupation":"RND","channel":"MOCK","place":"ONLINE","gender":"MALE","ageRange":"35-44","experience":"NEW"},"question":{"raw":{"text":"기계 설계 시 고려해야 할 사항이 있다면 어떤 것이 있을지 설명해 주시겠습니까","wordCount":12},"emotion":[],"intent":[]},"answer":{"raw":{"text":"기계를 설계할 때 고려해야 될 점은 어 우선 첫 번째로 내가 설계하고 있는 것이 그 최종 제품의 스펙에 맞는지 어 에 대한 것입니다. 어 현재 설계하는 것이 어 과하게 설계되진 않았는지 혹은 어 너무 저급으로 설계됐는지에 대한 고려가 있어야지 어 향후 기계를 가공할 때 어 어 가장 효 어 효율 경제적으로 어 가공할 수 있다고 생각합니다. 그리고 기계를 설계할 때 고려해야 될 또 다른 점은 가공성이 있게끔 설계를 해야 된다는 점입니다. 어 최종 제품과 맞을 수 있게 그리고 가공성이 있게 하는 것이 어 설계함에 있어서 가장 고려해야 될 점인 것 같습니다.","wordCount":91},"emotion":[],"intent":[{"text":"","expression":"","category":"attitude"}],"summary":{"text":"기계를 설계할 때 가장 중요한 점은 최종 제품의 스펙에 맞는지 혹은 너무 저급으로 설계됐는지 고려하는 것이며, 기계를 가공할 때는 최종 제품과 맞을 수 있게 가공성이 있게 설계하는 것입니다.","wordCount":28}}},"rawDataInfo":{"question":{"fileFormat":"wav","fileSize":297038,"duration":9280,"samplingBit":16,"channelCount":1,"samplingRate":"16kHz","audioPath":"/Mock/04.RND/Male/New/ckmk_q_rnd_m_n_285526.wav"},"answer":{"fileFormat":"wav","fileSize":2496078,"duration":78000,"samplingBit":16,"channelCount":1,"samplingRate":"16kHz","audioPath":"/Mock/04.RND/Male/New/ckmk_a_rnd_m_n_285526.wav"}}}