{"version":"1.0","dataSet":{"info":{"date":"20230116","occupation":"RND","channel":"MOCK","place":"ONLINE","gender":"MALE","ageRange":"55-","experience":"NEW"},"question":{"raw":{"text":"수많은 자동차 관련 기술이 있는데요 이 가운데 지원자님께서 가장 유망하다고 생각하는 기술은 무엇인지 궁금합니다 한 번 말씀해 주세요","wordCount":18},"emotion":[],"intent":[]},"answer":{"raw":{"text":"자동차 기술 중 가장 중요한 것은 안정성이라고 생각합니다. 모든 사람들이 이동 수단을 사용하는데 그중에 가장 많은 비중을 차지하는 것이 자동차입니다. 자동차가 사고가 났을 경우 인명의 상해가 발생하는 것을 줄여주는 기술이 가장 좋은 기술이라고 생각합니다. 또한 앞으로 고령화 사회가 되기 때문에 나이 많은 사람들이 자동차 운전을 더 많이 할 것입니다. 이들에게 생명을 지킬 수 있는 안정성 기술은 필수라고 생각합니다.","wordCount":58},"emotion":[],"intent":[{"text":"","expression":"","category":"attitude"}],"summary":{"text":"자동차가 사고가 났을 경우 인명의 상해가 발생하는 것을 줄여주는 기술이 가장 좋은 기술이며 고령화 사회가 되기 때문에 생명을 지킬 수 있는 안정성 기술은 필수입니다.","wordCount":24}}},"rawDataInfo":{"question":{"fileFormat":"wav","fileSize":445518,"duration":13920,"samplingBit":16,"channelCount":1,"samplingRate":"16kHz","audioPath":"/Mock/04.RND/Male/New/ckmk_q_rnd_m_n_335805.wav"},"answer":{"fileFormat":"wav","fileSize":2243278,"duration":70100,"samplingBit":16,"channelCount":1,"samplingRate":"16kHz","audioPath":"/Mock/04.RND/Male/New/ckmk_a_rnd_m_n_335805.wav"}}}