{"version":"1.0","dataSet":{"info":{"date":"20230116","occupation":"RND","channel":"MOCK","place":"ONLINE","gender":"MALE","ageRange":"-34","experience":"NEW"},"question":{"raw":{"text":"입사하게 된다면 하고 싶은 연구는 어떤 것인가요","wordCount":7},"emotion":[],"intent":[]},"answer":{"raw":{"text":"저는 입사 후 연구를 맡아서 하게 된다면 이 제 삼 국가의 기아 문제를 해결할 수 있는 그런 연구를 반드시 해보고 싶습니다. 그 이유는 제가 대학원에서 전공한 내용 때문인데요. 저는 대학교에서 경제학을 전공하고 대학원에서는 이러한 제 삼 세계의 문제를 해결할 수 있는 다양한 정책들에 대해 배우는 시간을 가졌습니다. 대학원에서 저는 다양한 국가에서 우리나라로 어 이러한 내용을 공부하러 온 다양한 친구들을 사귈 수 있었는데요. 그들과 함께 이러한 문제를 고민하고 또 해결하기 위한 다양한 정책 제안들을 하면서 저는 제가 이러한 연구를 맡아서 그러한 국가에 있는 국민들에게 도움을 주고 싶다는 생각을 하게 되었습니다. 그리고 저는 실제로 대학원에 있을 때 이러한 프로젝트를 맡 어 맡아서 제 삼 국가인 한 남미의 국가에 방문한 적이 있었는데요. 그 국가에 가서 그 국가에 있는 국민들에게 어떻게 실질적으로 도움을 줄 수 있을지를 현지 답사를 통해 파악할 수 있었고 그러한 내용을 바탕으로 보고서를 작성했던 경험도 있습니다. 저의 이러한 경험과 또 노력이 빛을 발할 수 있는 연구가 바로 이러한 연구라고 생각하기 때문에 저는 제 삼 세계의 기아 문제를 해결할 수 있는 그러한 연구를 반드시 진행해 보고 싶습니다. 저에게 도움이 되는 것이 아니라 사람들에게 광범위하게 도움이 되는 그러한 연구를 하는 것이 저의 목표입니다.","wordCount":180},"emotion":[],"intent":[{"text":"저는 대학교에서 경제학을 전공하고 대학원에서는 이러한 제 삼 세계의 문제를 해결할 수 있는 다양한 정책들에 대해 배우는 시간을 가졌습니다.","expression":"c_private","category":"background"},{"text":"저에게 도움이 되는 것이 아니라 사람들에게 광범위하게 도움이 되는 그러한 연구를 하는 것이 저의 목표입니다.","expression":"c_chl","category":"personality"}],"summary":{"text":"저는 대학원에서 경제학을 전공하고 제 삼 세계의 문제를 해결할 수 있는 다양한 정책들에 대해 배우는 시간을 가졌습니다. 대학원에서 다양한 국가에서 공부하러 온 친구들을 사귈 수 있었는데, 그들과 함께 문제를 고민하고 해결하기 위한 다양한 정책 제안들을 하면서 저는 제가 이러한 연구를 맡아서 그러한 국가에 있는 국민들에게 도움을 주고 싶다는 생각을 하게 되었습니다.","wordCount":51}}},"rawDataInfo":{"question":{"fileFormat":"wav","fileSize":224078,"duration":7000,"samplingBit":16,"channelCount":1,"samplingRate":"16kHz","audioPath":"/Mock/04.RND/Male/New/ckmk_q_rnd_m_n_279722.wav"},"answer":{"fileFormat":"wav","fileSize":3808718,"duration":119020,"samplingBit":16,"channelCount":1,"samplingRate":"16kHz","audioPath":"/Mock/04.RND/Male/New/ckmk_a_rnd_m_n_279722.wav"}}}