{"version":"1.0","dataSet":{"info":{"date":"20230116","occupation":"RND","channel":"MOCK","place":"ONLINE","gender":"MALE","ageRange":"-34","experience":"NEW"},"question":{"raw":{"text":"그동안 속해 있었던 조직이나 단체 속에서 지원자님은 주로 어떤 역할을 하셨나요 구체적으로 본인의 성향을 말씀해 주세요","wordCount":16},"emotion":[],"intent":[]},"answer":{"raw":{"text":"저는 주로 리더의 역할을 하기보다는 팀원들의 뒤를 보조해 주는 서포터의 역할을 했었습니다. 저는 앞에서 나서서 팀원들을 이끌 잘 이끌어 줄 수 있는 그런 리더력은 기르지 리더십은 없었습니다. 하지만 팀의 부족한 점을 잘 캐치를 하고 팀원들에게 올바른 피드백을 해주고 그것에 대한 부족한 올바른 푸 피드백을 해주고 더 나아가서 부족한 부분을 보완을 해 줄 수는 있었습니다. 따라서 팀에게 있어서 어 뭔가 부드러운 존재 강압적인 존재는 아니었지만 팀원들이 믿고 저에게 의지할 수 있는 그런 존재로 저는 어 팀을 팀에게 도움이 되었었습니다. 이 회사에 들어와서도 저는 그런 역할을 충실히 수행할 수 있을 것이라고 생각합니다. 이상으로 답변을 마치겠습니다. 들어주셔서 감사합니다.","wordCount":95},"emotion":[],"intent":[{"text":"","expression":"","category":"attitude"}],"summary":{"text":"저는 주로 리더의 역할을 하기보다는 팀원들의 뒤를 보조해 주는 서포터의 역할을 했습니다. 이 회사에 들어와서도 저는 그런 역할을 충실히 수행할 수 있을 것이라고 생각합니다. ","wordCount":24}}},"rawDataInfo":{"question":{"fileFormat":"wav","fileSize":600398,"duration":18760,"samplingBit":16,"channelCount":1,"samplingRate":"16kHz","audioPath":"/Mock/04.RND/Male/New/ckmk_q_rnd_m_n_279113.wav"},"answer":{"fileFormat":"wav","fileSize":1854798,"duration":57960,"samplingBit":16,"channelCount":1,"samplingRate":"16kHz","audioPath":"/Mock/04.RND/Male/New/ckmk_a_rnd_m_n_279113.wav"}}}