{"version":"1.0","dataSet":{"info":{"date":"20230116","occupation":"RND","channel":"MOCK","place":"ONLINE","gender":"MALE","ageRange":"-34","experience":"NEW"},"question":{"raw":{"text":"지원자분께서 협업을 해야 하는 과제와 혼자 해야 하는 과제가 있다고 했을 때 둘 중에서 무엇을 더욱더 선호하시는지에 대해서 답변 부탁드리겠습니다 그 이유까지도 함께 말씀해 주시면 되겠습니다","wordCount":26},"emotion":[],"intent":[]},"answer":{"raw":{"text":"아 네 당연히 협업하여 그 과제를 해결하는 것을 현호 선호합니다. 혼자 하면은 뭐 해결책이 한계겠지만 뭐 다섯 명이 하면은 해결책이 쉽게 얘기해서 다섯 가지 또는 그 이상 나올 수 있기 때문에 아 협업하는 것이 그만큼 중요하다고 생각합니다. 아 특히 그 뭐 알엔디 지금 분야에서 보더라도 어떤 기구라든지 설계라든지 전장이라든지 시험 평가 아 많은 그런 조직 인원들이 다 같이 참여할 수 있기 때문에 아무리 설계를 예쁘게 잘 하더라도 이게 결국에는 그 좋은 제품이 양질의 제품이 나오고 어 또는 양질의 성능이 이 어 어떤 시 어 시장에서 어 평가를 제대로 받는 있는다는 것은 아무도 보장을 할 수 없는 거죠. 그렇기 때문에 그런 것을 사전에 제대로 평가하고 이해하고 또 그런 것을 그 만들기 위해서는 어 혼자 하는 것보다는 협업을 통해서 더 많은 중지를 모으고 시행착오를 어 갖는 것이 그 과제를 해결하고 또 기간을 단축하고 또 제품을 성공적으로 개발하는 데 가장 좋은 방법이 아닌가 생각을 합니다.","wordCount":142},"emotion":[],"intent":[{"text":"아 네 당연히 협업하여 그 과제를 해결하는 것을 현호 선호합니다.","expression":"c_cop","category":"personality"},{"text":"혼자 하면은 뭐 해결책이 한계겠지만 뭐 다섯 명이 하면은 해결책이 쉽게 얘기해서 다섯 가지 또는 그 이상 나올 수 있기 때문에 아 협업하는 것이 그만큼 중요하다고 생각합니다.","expression":"c_cop","category":"personality"},{"text":"그렇기 때문에 그런 것을 사전에 제대로 평가하고 이해하고 또 그런 것을 그 만들기 위해서는 어 혼자 하는 것보다는 협업을 통해서 더 많은 중지를 모으고 시행착오를 어 갖는 것이 그 과제를 해결하고 또 기간을 단축하고 또 제품을 성공적으로 개발하는 데 가장 좋은 방법이 아닌가 생각을 합니다.","expression":"c_cop","category":"personality"}],"summary":{"text":"협업하는 것을 선호합니다. 협업을 통해서 더 많은 중지를 모으고 시행착오를 어 갖는 것이 그 과제를 해결하고 또 기간을 단축하고 또 제품을 성공적으로 개발하는 데 가장 좋은 방법이 아닌가 생각합니다.","wordCount":29}}},"rawDataInfo":{"question":{"fileFormat":"wav","fileSize":570318,"duration":17820,"samplingBit":16,"channelCount":1,"samplingRate":"16kHz","audioPath":"/Mock/04.RND/Male/New/ckmk_q_rnd_m_n_294658.wav"},"answer":{"fileFormat":"wav","fileSize":2518478,"duration":78700,"samplingBit":16,"channelCount":1,"samplingRate":"16kHz","audioPath":"/Mock/04.RND/Male/New/ckmk_a_rnd_m_n_294658.wav"}}}