{"version":"1.0","dataSet":{"info":{"date":"20230116","occupation":"RND","channel":"MOCK","place":"ONLINE","gender":"MALE","ageRange":"-34","experience":"NEW"},"question":{"raw":{"text":"우리가 소통 능력을 키우기 위해서는 어떤 일들을 할 수 있을까요 생각나는 방법들에 대해 자세하게 한번 말씀해 주세요","wordCount":17},"emotion":[],"intent":[]},"answer":{"raw":{"text":"예 소통의 능력을 키운다. 지금 제가 지원하는 게 이제 알엔디 분야이기 때문에 그 뭐 여러 가지 업무를 각각 다르게 안 중요한 일이 없겠지요. 모두 다 자기 분야에 있어서 최선을 다하는 전문가들이 최선을 다하고 있습니다. 그래서 어떤 그 소통을 키우기 위해서는 특히 이제 제일 어려운 게 어떤 그런 장인 그 쟁의 기질이라는 게 있을 겁니다. 모두가 자기가 최고다 하기 때문에 그 가장 좋은 소통 방법은 제가 개인적으로 봤을 때 상대방을 자기 랩으로 초대해서 저희가 어떤 일을 하고 있고 이것이 잘 됐을 때는 어떤 결과가 나오고 여기서 그 잘못된 결과가 나오면 어떤 위험 부담이 있을 수 있다. 하지만은 이런 위험 부담을 나오게 되는 것이 주변의 관련 내에서 어떤 잘못된 정보가 들어온다든지 부정확 부정확한 정보가 들어왔을 때 우리 랩에 많은 리스크를 가져다 줄 수 있다. 아 그렇기 때문에 회사로 봤을 때는 많은 손실을 그 발생할 수 있기 때문에 서로 간에 보다 정확하고 빠른 어떤 정보가 주고받을 수 있는 그런 체계가 필요하지 않겠는가 그런 서로 간의 이해가 매우 중요하다고 생각합니다. 그래서 서로 랩을 방문하고 이해하는 그런 방법이 소통 능력을 키우는 가장 중요한 방법이다 생각합니다.","wordCount":170},"emotion":[],"intent":[{"text":"","expression":"","category":"attitude"}],"summary":{"text":"소통의 능력을 키워야 합니다. 소통의 가장 좋은 방법은 상대방을 자기 랩으로 초대해서 일을 하는 것입니다. 하지만 주변 내에서 부정확하고 잘못된 정보가 들어왔을 때 랩에 많은 리스크를 가져다 줄 수 있습니다. 그러므로 서로 간에 보다 정확하고 빠른 어떤 정보가 주고받을 수 있는 체계가 필요합니다.","wordCount":43}}},"rawDataInfo":{"question":{"fileFormat":"wav","fileSize":312398,"duration":9760,"samplingBit":16,"channelCount":1,"samplingRate":"16kHz","audioPath":"/Mock/04.RND/Male/New/ckmk_q_rnd_m_n_294657.wav"},"answer":{"fileFormat":"wav","fileSize":2802318,"duration":87570,"samplingBit":16,"channelCount":1,"samplingRate":"16kHz","audioPath":"/Mock/04.RND/Male/New/ckmk_a_rnd_m_n_294657.wav"}}}