{"version":"1.0","dataSet":{"info":{"date":"20230116","occupation":"RND","channel":"MOCK","place":"ONLINE","gender":"MALE","ageRange":"-34","experience":"NEW"},"question":{"raw":{"text":"특정 제품 한 가지와 현재 가장 미흡된 문제점을 언급하고 기술적 개선 방안을 제안해 주시겠습니까","wordCount":14},"emotion":[],"intent":[]},"answer":{"raw":{"text":"저는 현재 무선 이어폰인 에어팟을 사용하고 있습니다. 매우 편리하기도 하고 스타일리시한 제품이라고 생각합니다. 하지만 이 에어팟에는 커다란 단점이 하나 있는데요. 바로 추위에 취약하다는 것입니다. 매년 추운 겨울이 되면 저는 밖에 나갈 때 에어팟을 사용할 때마다 정말 큰 고민이 생깁니다. 에어팟이 추위에 너무 약하기 때문에 평소 대비 칠십 퍼센트 이상의 전력 감소가 일어나는데요. 그러면서 사용을 오래 할 수 없게 되는 커다란 단점이 있습니다. 이는 비단 에어팟뿐만 아니라 애플의 가전제품에서 흔히 볼 수 있는 증상인데요. 그렇기 때문에 저는 추위가 오면 이렇게 빨리 방전되는 이러한 물건들의 단점을 보완하기 위해서 히팅 시스템이 필요하다고 생각합니다. 외부 온도에 맞춰서 내부에 온도를 적절하게 조절해 주는 기능을 뜻하는데요. 이러한 히팅 시스템이 탑재되어야만 겨울에도 평소처럼 이러한 가전제품을 적당한 시간을 사용할 수 있게 될 것이라고 생각합니다. 문제는 이러한 히팅 시스템이 안에 있는 내부에 기계적 결함을 유발할 수 있다는 것인데요. 이러한 기계적 결함을 막을 수 있는 방안 또한 함께 고민되어야 할 것입니다.","wordCount":141},"emotion":[],"intent":[{"text":"그렇기 때문에 저는 추위가 오면 이렇게 빨리 방전되는 이러한 물건들의 단점을 보완하기 위해서 히팅 시스템이 필요하다고 생각합니다.","expression":"r_tech_skill","category":"technology"},{"text":"외부 온도에 맞춰서 내부에 온도를 적절하게 조절해 주는 기능을 뜻하는데요.","expression":"r_tech_skill","category":"technology"},{"text":"이러한 히팅 시스템이 탑재되어야만 겨울에도 평소처럼 이러한 가전제품을 적당한 시간을 사용할 수 있게 될 것이라고 생각합니다.","expression":"r_tech_skill","category":"technology"},{"text":"문제는 이러한 히팅 시스템이 안에 있는 내부에 기계적 결함을 유발할 수 있다는 것인데요.","expression":"r_tech_skill","category":"technology"},{"text":"이러한 기계적 결함을 막을 수 있는 방안 또한 함께 고민되어야 할 것입니다.","expression":"r_tech_skill","category":"technology"}],"summary":{"text":"무선 이어폰인 에어팟은 추위에 약하기 때문에 평소 대비 칠십 퍼센트 이상의 전력 감소가 일어나면서 사용을 오래 할 수 없게 되는 커다란 단점이 있습니다. 히팅 시스템이 탑재되어야만 겨울에도 평소처럼 가전제품을 적당한 시간을 사용할 수 있게 될 것이라고 생각합니다. 문제는 이러한 내부에 기계적 결함을 유발할 수 있다는 것이며 이를 막을 수 있는 방안 또한 함께 고민되어야 합니다.","wordCount":55}}},"rawDataInfo":{"question":{"fileFormat":"wav","fileSize":294478,"duration":9200,"samplingBit":16,"channelCount":1,"samplingRate":"16kHz","audioPath":"/Mock/04.RND/Male/New/ckmk_q_rnd_m_n_256500.wav"},"answer":{"fileFormat":"wav","fileSize":3690318,"duration":115320,"samplingBit":16,"channelCount":1,"samplingRate":"16kHz","audioPath":"/Mock/04.RND/Male/New/ckmk_a_rnd_m_n_256500.wav"}}}