{"version":"1.0","dataSet":{"info":{"date":"20230116","occupation":"RND","channel":"MOCK","place":"ONLINE","gender":"MALE","ageRange":"45-54","experience":"NEW"},"question":{"raw":{"text":"면접자님께서는 시험 기간이나 기간이 촉박한 상황에서 어떻게 시간 관리를 하시는지 면접자님만의 시간 관리법에 대해 자세하게 설명 부탁드립니다","wordCount":17},"emotion":[],"intent":[]},"answer":{"raw":{"text":"네 시험 기간에 시간에 촉박할 때 시간 관리를 어떻게 에 한지에 대해서 여쭤보셨는데 음 저는 어 개인적으로 어 시험 기간이 가까워 오면은 음 마음이 조급해지고 또 평소에 하던 공부가 더 잘 안 되는 경우도 있고 집중이 안 되는 경우도 어 더러 있었습니다. 그래서 어 최우선적으로 평소와 같이 공부하고 패턴을 리듬을 잃지 않을려고 했던 것이 에 가장 중요했던 것 같습니다. 또 하나는 음 제가 공부했던 것을 시험 때 백 분 발휘할 수 있도록 어 반복 학습을 하는 것이 중요했던 것 같습니다. 어느 과목에 치우치지 않고 시간을 잘 안배해서 어 시험 당일날 제가 공부했던 음 것을 백 프로 발휘할 수 있도록 어 하는 데 집중했습니다. 그래서 시간 관리를 위해서 시간 계획표를 짜고 어 그 목표에 시간 테이블을 따라서 어 공부를 했고 물론 어 한 그 시간 테잎에 맞춰서 공부했던 성공률은 한 오십 프로 정도밖에 안 되는 것 같습니다. 그래도 어 나름대로 어 시간 계획에 따라서 따라서 한 것들이 어 시간이 촉박할 때 시간 관리하는 데 큰 도움을 주었습니다. 이상입니다.","wordCount":157},"emotion":[],"intent":[{"text":"","expression":"","category":"attitude"}],"summary":{"text":"시험 기간에 시간이 촉박할 때 시간 관리를 어떻게 한지에 대해 여쭤보셨는데 평상시와 같이 공부하고 패턴을 잃지 않으려고 했던 것이 가장 중요했던 것 같습니다. 또 하나는 제가 공부했던 것을 시험 때 백 분 발휘할 수 있도록 반복 학습을 하는 것이 중요하였던 것 같았습니다.","wordCount":42}}},"rawDataInfo":{"question":{"fileFormat":"wav","fileSize":500238,"duration":15630,"samplingBit":16,"channelCount":1,"samplingRate":"16kHz","audioPath":"/Mock/04.RND/Male/New/ckmk_q_rnd_m_n_337065.wav"},"answer":{"fileFormat":"wav","fileSize":3823438,"duration":119480,"samplingBit":16,"channelCount":1,"samplingRate":"16kHz","audioPath":"/Mock/04.RND/Male/New/ckmk_a_rnd_m_n_337065.wav"}}}