{"version":"1.0","dataSet":{"info":{"date":"20230116","occupation":"RND","channel":"MOCK","place":"ONLINE","gender":"MALE","ageRange":"55-","experience":"NEW"},"question":{"raw":{"text":"본인이 창의적으로 어떤 문제를 해결해 본 경험이 있다면 그 과정에 대해 최대한 자세하게 설명해 주시겠어요","wordCount":15},"emotion":[],"intent":[]},"answer":{"raw":{"text":"창의적으로 문제를 해결한 경우는 기존에 우리가 사용해 왔던 시스템과 다른 나라에 가서 그 시스템을 적용시키는 것이었습니다. 국가가 다르기 때문에 법령도 달랐지만 그 나라 관계 부서를 찾아가서 이유를 잘 설명하고 법을 수정하지 않아도 좋으니 시험하는 효과 부분에서 일정 부분만 허용을 해줘서 프로젝을 진행할 수 있게끔 해 달라고 요청했습니다. 그 나라에서는 제 제안을 받아들였고 일부 특별히 허용을 해줘서 프로젝을 잘 진행한 경험이 있습니다.","wordCount":61},"emotion":[],"intent":[{"text":"","expression":"","category":"attitude"}],"summary":{"text":"창의적으로 문제를 해결한 경우는 기존에 우리가 사용해 왔던 시스템과 다른 나라에 그 시스템을 적용시키는 것이었습니다. 그 나라에서는 제 제안을 받아들였고 일부 특별히 허용을 해주지 않았습니다.","wordCount":25}}},"rawDataInfo":{"question":{"fileFormat":"wav","fileSize":276558,"duration":8640,"samplingBit":16,"channelCount":1,"samplingRate":"16kHz","audioPath":"/Mock/04.RND/Male/New/ckmk_q_rnd_m_n_342508.wav"},"answer":{"fileFormat":"wav","fileSize":2184078,"duration":68250,"samplingBit":16,"channelCount":1,"samplingRate":"16kHz","audioPath":"/Mock/04.RND/Male/New/ckmk_a_rnd_m_n_342508.wav"}}}