{"version":"1.0","dataSet":{"info":{"date":"20230116","occupation":"RND","channel":"MOCK","place":"ONLINE","gender":"MALE","ageRange":"55-","experience":"NEW"},"question":{"raw":{"text":"어 시간이 촉박한 상황이 생기면 어떻게 시간 관리를 하시나요 지원자님만의 시간 관리 방법을 어 알려주시길 바랍니다","wordCount":16},"emotion":[],"intent":[]},"answer":{"raw":{"text":"시간이나 사건이나 상황은 초기에 어떻게 관리하느냐에 따라 가지고 결과가 다르게 나타나기 땜에 어 모든 일을 할 때는 목표 관리가 필요하고 목표 관리를 할려면 시간 관리에 여유를 가져야 되고 시간 관리를 잘 할려며는 어 일 정을 잘 짜야 되겠죠. 어 어떤 지점에 도달하게 되면은 절대적으로 시간 에 불리한 그런 상황이 발생한다라는 걸 예측을 해서 그 예측을 분산시키는 그 예측에는 그 시간의 촉박함을 어 그 리스크를 분산시키는 시간 관리를 해야 되는 게 어 정답이라고 생각하고 저는 평소에도 그렇게 시간 관리를 하는 습관을 가지고 있습니다. 무턱대고 시간을 죽이지는 않습니다. 어 시간은 지나가는 일방통행을 하는 그런 화살과 같아서 항상 목적한 바를 가지고 있죠 이런 역시 일도 역시 마찬가지고 어 모든 공간도 그리고 시간도 어떤 곳을 향해서 어 과녁을 가지고 어 지나갑니다. 그런 어 화살에 속도 관리를 하는 게 시간을 잘하는 어 비법이라고 생각합니다.","wordCount":129},"emotion":[],"intent":[{"text":"","expression":"","category":"attitude"}],"summary":{"text":"목표 관리를 위해서는 시간 관리에 여유를 가져야 하고 시간 관리를 잘 하려며는 일정을 잘 짜야 되죠. 저는 평소 시간 관리를 하는 습관을 가지고 있습니다. 시간은 화살과 같아 항상 목적한 바를 가지고 있으며, 화살에 속도 관리를 하는 게 시간을 잘하는 비법이라고 생각합니다.","wordCount":41}}},"rawDataInfo":{"question":{"fileFormat":"wav","fileSize":434638,"duration":13580,"samplingBit":16,"channelCount":1,"samplingRate":"16kHz","audioPath":"/Mock/04.RND/Male/New/ckmk_q_rnd_m_n_246946.wav"},"answer":{"fileFormat":"wav","fileSize":3114958,"duration":97340,"samplingBit":16,"channelCount":1,"samplingRate":"16kHz","audioPath":"/Mock/04.RND/Male/New/ckmk_a_rnd_m_n_246946.wav"}}}