{"version":"1.0","dataSet":{"info":{"date":"20230116","occupation":"RND","channel":"MOCK","place":"ONLINE","gender":"MALE","ageRange":"35-44","experience":"NEW"},"question":{"raw":{"text":"일을 하다가 보면 많은 자료들을 문서화를 하죠 문서화 작업이 필요할까요","wordCount":10},"emotion":[],"intent":[]},"answer":{"raw":{"text":"기술이라는 것은 어떤 것을 기록한다는 의미로 사용되는 단어입니다. 우리 회사에서 힘들게 구축한 품질 경영 시스템이 각자의 머릿속에만 존재하는 것이 아니라 문서화를 통해서 기록하여 눈으로 볼 수 있게 만들어야 합니다. 이해의 정도에 따라서 각자의 머릿속에 인식하고 품질 경영 시스템이 상이할 수 있습니다. 그렇기 때문에 문서화를 통해서 명확하게 우리가 구축한 시스템을 기록하고 서로의 이해를 동기화 시키는 것입니다. 그리고 우리 회사에서 품질 경영 시스템을 수립했고 실제로 수립된 절차와 기준대로 잘 운영되어 정상적으로 출력값들이 나오고 있음을 문서화된 내용으로 객관적 확인이 가능합니다. 또한 제품 및 서비스가 출하되기 이전에 요구 사항대로 만들어졌음을 또는 만들어지고 있음을 문서화된 내용을 통해 알 수 있습니다.","wordCount":95},"emotion":[],"intent":[{"text":"","expression":"","category":"attitude"}],"summary":{"text":"기술이란 어떤 것을 기록한다는 의미로 사용되는 단어입니다. 회사에서 힘들게 구축한 품질 경영 시스템이 각자의 머릿속에 존재하는 것이 아니라 문서화를 통해서 기록하여 눈으로 볼 수 있게 만들어야 합니다.","wordCount":27}}},"rawDataInfo":{"question":{"fileFormat":"wav","fileSize":382798,"duration":11960,"samplingBit":16,"channelCount":1,"samplingRate":"16kHz","audioPath":"/Mock/04.RND/Male/New/ckmk_q_rnd_m_n_333103.wav"},"answer":{"fileFormat":"wav","fileSize":2504398,"duration":78260,"samplingBit":16,"channelCount":1,"samplingRate":"16kHz","audioPath":"/Mock/04.RND/Male/New/ckmk_a_rnd_m_n_333103.wav"}}}