{"version":"1.0","dataSet":{"info":{"date":"20230116","occupation":"RND","channel":"MOCK","place":"ONLINE","gender":"MALE","ageRange":"55-","experience":"NEW"},"question":{"raw":{"text":"어 이전 직장이나 대학교에서 여러 가지 프로젝트를 해 보셨을 텐데요 그중에 어떤 프로젝트를 해 보셨는지 가장 생각나는 게 있으시다면 한 가지만 골라서 말씀해 주시길 바랍니다","wordCount":25},"emotion":[],"intent":[]},"answer":{"raw":{"text":"이전 직장에서 제가 개발한 프로젝트에 대해서 말씀을 드리면 본사가 서울에 있고 공장이 부산에 있었습니다. 본사와 공장 모두 어 주 컴퓨터가 한 대씩 있었고 그 사이에는 모뎀으로써 통신선이 연결돼 있었습니다. 그 당시에는 모뎀이 유일한 통신 수단이었습니다. 그런데 온라인 그 실시간으로는 통신을 못하고 있는 그런 상태였습니다. 이를 어 제가 기존에 에 기술 아이비엠에서 제공하는 기술 베이스를 이용해서 어 온라인 실시간으로 통신하는 프로그램을 어 개발을 했습니다. 이는 어 시스템의 기본적인 그 세팅을 바꾸고 거기에 따른 적용 업무 프로그램도 추가로 개발하는 복잡한 어 일이었음에도 어 이거를 개발해서 출고 지시 시스템을 완성을 해서 본사 공장 간의 생산성을 확고히 획기적으로 늘리는 그런 일을 했습니다.","wordCount":98},"emotion":[],"intent":[{"text":"","expression":"","category":"attitude"}],"summary":{"text":"이전 직장에서 제가 개발한 프로젝트는 본사와 공장 사이에 컴퓨터가 한 대씩 있었고 그 사이에는 모뎀으로써 통신선이 연결돼 있었습니다. 온라인 실시간 통신을 하지 못하는 상태였는데, 기존 기술 베이스를 이용해서 온라인 실시간으로 통신하는 프로그램을 개발했습니다.","wordCount":33}}},"rawDataInfo":{"question":{"fileFormat":"wav","fileSize":465998,"duration":14560,"samplingBit":16,"channelCount":1,"samplingRate":"16kHz","audioPath":"/Mock/04.RND/Male/New/ckmk_q_rnd_m_n_287047.wav"},"answer":{"fileFormat":"wav","fileSize":3013838,"duration":94180,"samplingBit":16,"channelCount":1,"samplingRate":"16kHz","audioPath":"/Mock/04.RND/Male/New/ckmk_a_rnd_m_n_287047.wav"}}}