{"version":"1.0","dataSet":{"info":{"date":"20230116","occupation":"RND","channel":"MOCK","place":"ONLINE","gender":"MALE","ageRange":"-34","experience":"NEW"},"question":{"raw":{"text":"본인의 장점과 단점을 설명해 주세요 그리고 그것들을 특화 시키고 극복하기 위해서 어떤 노력들을 해 보았는지 함께 말씀해 주세요","wordCount":18},"emotion":[],"intent":[]},"answer":{"raw":{"text":"저의 장점은 창의적이라는 것입니다. 또한 기분이 밝기 때문에 다른 사람들과의 좋은 분위기를 만드는 데 기여할 수 있습니다. 그것을 특화시키기 위해 많은 사람과 좋은 시간을 보내려고 노력했으며 그렇기 때문에 친구들을 많이 사귀어 좋은 사교 관계를 유지할 수 있게 되었습니다. 하지만 저의 단점은 우유부단함입니다. 우유부단하기 때문에 어떤 결정을 이룰 때 많은 고민을 하게 되어 실제로 중요한 것은 따로 있는데도 별로 중요하지 않은 일에 집중하여 일을 그르친 경우가 굉장히 많았습니다. 그렇기 때문에 그것을 극복하기 위하여 간단한 것부터 쉽게 쉽게 결정하는 방법을 배우도록 노력하였습니다.","wordCount":80},"emotion":[],"intent":[{"text":"저의 장점은 창의적이라는 것입니다.","expression":"c_person","category":"background"},{"text":"하지만 저의 단점은 우유부단함입니다.","expression":"c_person","category":"background"}],"summary":{"text":"저는 창의적이며 기분 좋게 다른 사람들과 시간을 보내 사교 관계를 유지할 수 있었습니다. 하지만 우유부단함 때문에 결정을 내릴 때 중요한 것은 따로 있는데도 중요하지 않은 일에 집중하여 일을 그르친 경우가 많았습니다.","wordCount":31}}},"rawDataInfo":{"question":{"fileFormat":"wav","fileSize":322638,"duration":10080,"samplingBit":16,"channelCount":1,"samplingRate":"16kHz","audioPath":"/Mock/04.RND/Male/New/ckmk_q_rnd_m_n_328719.wav"},"answer":{"fileFormat":"wav","fileSize":1415118,"duration":44220,"samplingBit":16,"channelCount":1,"samplingRate":"16kHz","audioPath":"/Mock/04.RND/Male/New/ckmk_a_rnd_m_n_328719.wav"}}}