{"version":"1.0","dataSet":{"info":{"date":"20230116","occupation":"RND","channel":"MOCK","place":"ONLINE","gender":"MALE","ageRange":"35-44","experience":"NEW"},"question":{"raw":{"text":"직무 수행 시 모르는 과제가 등장했습니다 이럴 때 지원자님께서는 어떻게 해결하실 수 있으십니까","wordCount":13},"emotion":[],"intent":[]},"answer":{"raw":{"text":"직무 수행시 모르는 과제가 등장한다면 저는 당연히 제 상사나 직장 선배에게 먼저 해결법의 조언을 구할 것입니다. 사회생활을 해보면서 크게 깨달은 것 중 하나는 어떠한 직무라도 경험이야말로 그 직무에 있어서 가장 큰 해법이라는 것입니다. 제가 아주 크게 생각하는 문제도 선배들 입장에서는 별 것 아닌 것으로 느껴지는 경우가 굉장히 많았습니다. 혼자서 끙끙 싸매고 어떻게든 풀어 볼려 시간을 낭비하는 것 보다는 꾸중과 혼남이 있더라도 빨리빨리 조언을 구하여 정확한 방법으로 모르는 과제를 해결하는 것이 더 효율적인 방법이라고 생각합니다.","wordCount":74},"emotion":[],"intent":[{"text":"","expression":"","category":"attitude"}],"summary":{"text":"어떠한 직무라도 경험이야말로 그 직무에 있어서 가장 큰 해법이라는 것을 깨달았습니다. 꾸중과 혼남이 있더라도 빨리 빨리 조언을 구하여 정확한 방법으로 모르는 과제를 해결하는 것이 더 효율적인 방법이라고 생각합니다.","wordCount":28}}},"rawDataInfo":{"question":{"fileFormat":"wav","fileSize":422478,"duration":13200,"samplingBit":16,"channelCount":1,"samplingRate":"16kHz","audioPath":"/Mock/04.RND/Male/New/ckmk_q_rnd_m_n_296190.wav"},"answer":{"fileFormat":"wav","fileSize":2294478,"duration":71700,"samplingBit":16,"channelCount":1,"samplingRate":"16kHz","audioPath":"/Mock/04.RND/Male/New/ckmk_a_rnd_m_n_296190.wav"}}}