{"version":"1.0","dataSet":{"info":{"date":"20230116","occupation":"RND","channel":"MOCK","place":"ONLINE","gender":"MALE","ageRange":"35-44","experience":"NEW"},"question":{"raw":{"text":"기계 설계 시 고려해야 할 사항에 대해서 한번 설명해 보시기 바랍니다","wordCount":11},"emotion":[],"intent":[]},"answer":{"raw":{"text":"기계를 설계할 때 가장 고려돼야 할 점은 이 기계를 사용하는 사용자가 편하고 빠르게 그리고 쉽게 이 기계를 사용할 수 있냐 라고 생각합니다. 성능이 좋은 기계라고 하더라도 아직까지는 그 기계를 다루는 것은 대부분의 경우에는 보통의 인간입니다. 그렇기 때문에 어떠한 사람이 와서 조작을 한다고 하더라도 그 기계에 대해서 정확하고 쉽고 빠르게 반응할 수 있게 사용자 중심으로 기계가 설계가 되어야 한다고 생각하고 있습니다. 제가 기계를 설계할 때는 사용자 편의성을 최우선으로 고려하여 설계를 진행할 것입니다.","wordCount":71},"emotion":[],"intent":[{"text":"","expression":"","category":"attitude"}],"summary":{"text":"기계를 설계할 때 가장 고려돼야 할 점은 사용자가 편하고 빠르고 쉽게 사용할 수 있느냐 입니다. 기계를 다루는 것은 보통의 인간이므로 기계에 대해서 정확하고 쉽고 빠르게 반응할 수 있게 설계해야 합니다.","wordCount":30}}},"rawDataInfo":{"question":{"fileFormat":"wav","fileSize":239438,"duration":7480,"samplingBit":16,"channelCount":1,"samplingRate":"16kHz","audioPath":"/Mock/04.RND/Male/New/ckmk_q_rnd_m_n_290338.wav"},"answer":{"fileFormat":"wav","fileSize":1882958,"duration":58840,"samplingBit":16,"channelCount":1,"samplingRate":"16kHz","audioPath":"/Mock/04.RND/Male/New/ckmk_a_rnd_m_n_290338.wav"}}}