{"version":"1.0","dataSet":{"info":{"date":"20230116","occupation":"RND","channel":"MOCK","place":"ONLINE","gender":"MALE","ageRange":"-34","experience":"NEW"},"question":{"raw":{"text":"협업하는 과제와 혼자 하는 과제 중에 무엇을 더 선호하시나요 그 이유도 함께 경험을 바탕으로 말씀해 주실 수 있을까요","wordCount":18},"emotion":[],"intent":[]},"answer":{"raw":{"text":"저는 협업하는 과제와 혼자 하는 과제 중에 혼자 하는 과제를 더 선호합니다. 제가 혼자 하는 과제를 더 선호하는 이유는 대학 시절에 제 전공상 함께 해야 되는 이 협업 프로젝트를 하는 경우가 많았습니다. 근데 그때마다 이 누군가는 열심히 하는데 누군가는 열심히 하지 않으면서도 이 함께 만든 결과 덕분에 좋은 점수를 받아가는 것을 많이 본 적이 있습니다. 저는 그럴 때마다 부당함을 느꼈고 이 교수님에게도 말씀드리고 싶었지만 제가 차마 그렇게 이야기를 하게 된다면 교내에서 나쁜 사람으로 낙인 찍히고 또 째째하다는 그러한 평가를 받을 것 같아서 쉽사리 얘기를 하지 못했던 적이 많았습니다. 저는 제가 맡은 일이기 때문에 늘 최선을 다 했음에도 함께 하면서도 최선을 다하지 않은 사람이 저와 또 우리 팀원들의 노력에 편승해서 좋은 점수를 받아갈 때 정말 분노를 분노를 참을 수 없었는데요. 그렇기 때문에 저는 제가 혼자 해서 제가 잘해서 좋은 평가를 받든 혹은 제가 못해서 좋지 않은 평가를 받든 제가 혼자 컨트롤 할 수 있고 제가 모두를 책임질 수 있는 그런 혼자 하는 일을 훨씬 더 선호하게 되었습니다. 물론 회사에 입사하면 협업하는 과제도 있겠지만 저는 혼자 하는 과제를 더 위주로 잘 해낼 수 있을 것 같습니다.","wordCount":174},"emotion":[{"text":"저는 제가 맡은 일이기 때문에 늘 최선을 다 했음에도 함께 하면서도 최선을 다하지 않은 사람이 저와 또 우리 팀원들의 노력에 편승해서 좋은 점수를 받아갈 때 정말 분노를 분노를 참을 수 없었는데요.","expression":"n-anger","category":"negative"}],"intent":[{"text":"","expression":"","category":"attitude"}],"summary":{"text":"협업하는 과제와 혼자 하는 과제 중 혼자 하는 과제를 더 선호하는 이유는 누군가는 열심히 하는데 누군가는 열심히 하지 않으면서 이 함께 만든 결과 덕분에 좋은 점수를 받아가는 것을 많이 본 적이 있습니다. 그렇게 된다면 교내에서 나쁜 사람으로 낙인 찍히고 또 째째하다는 평가를 받을 것 같아 말을 꺼내지 못했던 적이 많았습니다. 그래서 혼자 하는 일을 훨씬 더 선호하게 되었습니다.","wordCount":58}}},"rawDataInfo":{"question":{"fileFormat":"wav","fileSize":593038,"duration":18530,"samplingBit":16,"channelCount":1,"samplingRate":"16kHz","audioPath":"/Mock/04.RND/Male/New/ckmk_q_rnd_m_n_279721.wav"},"answer":{"fileFormat":"wav","fileSize":3703758,"duration":115740,"samplingBit":16,"channelCount":1,"samplingRate":"16kHz","audioPath":"/Mock/04.RND/Male/New/ckmk_a_rnd_m_n_279721.wav"}}}