{"version":"1.0","dataSet":{"info":{"date":"20230116","occupation":"RND","channel":"MOCK","place":"ONLINE","gender":"MALE","ageRange":"35-44","experience":"NEW"},"question":{"raw":{"text":"지원자님께서는 소통 능력을 키우기 위해서 어떤 일들을 할 수 있다고 생각하십니까 생각나는 방법들을 자세하게 말씀해 주시기 바랍니다","wordCount":17},"emotion":[],"intent":[]},"answer":{"raw":{"text":"제가 생각하는 소통 능력을 키우기 위한 방법은 상대방의 감정을 제대로 파악할 줄 아는 공감 능력이 가장 필요하고 중요하다고 생각합니다. 저는 개인적으로 눈치가 빠르고 공감 능력이 높은 편인데 상대방의 표정에서 눈썹의 움직임 입술의 모양 등을 시시각각 살피면서 상대방의 감정을 빨리 읽어내는 것이 중요합니다. 그리고 그 후에 경청이 중요한데 상대방이 말할 때 양쪽 눈을 번갈아 가며 맞추고 상대방의 말에 진심을 다해 리액션을 합니다. 물론 저도 사람인지라 상대방의 모든 표현과 의사를 다 맞출 수는 없지만 진심은 항상 통하듯이 정말 상대방의 말에 경청하는 자세를 취하면 대부분의 사람들이 저를 신뢰하고 제대로 된 소통을 할 수 있을 것이라 생각합니다.","wordCount":93},"emotion":[],"intent":[{"text":"","expression":"","category":"attitude"}],"summary":{"text":"공감 능력이 가장 필요하고 중요하다고 생각합니다. 눈치가 빠르고 공감 능력이 높은 편인데 상대방의 표정을 살피면서 상대방의 감정을 빨리 읽어내는 것이 중요합니다. 그리고 양쪽 눈을 번갈아 가며 맞추고 진심을 다해 리액션을 합니다.","wordCount":31}}},"rawDataInfo":{"question":{"fileFormat":"wav","fileSize":456078,"duration":14250,"samplingBit":16,"channelCount":1,"samplingRate":"16kHz","audioPath":"/Mock/04.RND/Male/New/ckmk_q_rnd_m_n_325473.wav"},"answer":{"fileFormat":"wav","fileSize":2448718,"duration":76520,"samplingBit":16,"channelCount":1,"samplingRate":"16kHz","audioPath":"/Mock/04.RND/Male/New/ckmk_a_rnd_m_n_325473.wav"}}}