{"version":"1.0","dataSet":{"info":{"date":"20230116","occupation":"RND","channel":"MOCK","place":"ONLINE","gender":"MALE","ageRange":"35-44","experience":"NEW"},"question":{"raw":{"text":"지금까지 다양한 프로젝트들을 진행해 보셨을 텐데요 그동안 진행한 프로젝트들 가운데 가장 기억에 남는 프로젝트가 있다면 어떤 것인지 말씀해 주시고 또 어떤 점에서 가장 기억에 남는지도 함께 설명해 주시기 바랍니다","wordCount":29},"emotion":[],"intent":[]},"answer":{"raw":{"text":"어 그동안 진행한 프로젝트들 가운데 가장 기억에 남는 프로젝트는 어 지방에 있는 그런 시장 전통 시장에서 청년들에 그런 창업을 하는 일이였습니다. 그래서 청년몰이라는 이름으로 이렇게 어 새로운 가게를 준비해서 오픈하는 그런 프로젝트였는데요. 그래서 이제 전통 시장에서 파는 그런 전통적인 그런 제품이 아니라 정말 젊은이들의 그런 청년들이 가지고 있는 그런 열정과 패기로 새로운 그런 좀 그 지역 사회에 활성화 시킬 수 있고 새로운 그런 활기를 줄 수 있는 그런 일을 하는 프로젝트였습니다. 어 제가 그래서 추진했었던 그 안에서 프로젝트는 어 수제 버거 였는데요. 수제 버거는 젊은이들이 가장 이제 좀 좋아하는 그런 외식 품목 중의 하나고 우리가 햄버거라는 그런 제품이 우리나라에 들어온 지는 꽤 됐지만 수제 버거는 또 조금 새롭고 특별히 인제 지방에서 어 젊은이들 외에는 잘 먹지 않는 그런 도구였는데 그것을 어 이렇게 잘 준비해 가지고 하는 과정에서 요리를 특별히 그동안 해 왔던 사람이 아니기 때문에 새롭게 어떻게 하면 요리를 배울 것인지 그런 정부에서 지원도 있었고 또 저도 열심히 그런 여러 가지 연구를 하고 실험을 해보면서 요리를 했었던 게 가장 기억에 남고 어 그걸 통해서 뭐 사업이 성공적으로 되지는 않았지만 어 하지만 살면서 요리를 해야 될 일이 많잖아요. 그때 굉장히 많은 도움을 얻었던 것 같아서 어 기억에 많이 남습니다. 또 함께 있었던 사람들도 어 좋았던 것 같구요. 네 감사합니다.","wordCount":198},"emotion":[],"intent":[{"text":"어 그동안 진행한 프로젝트들 가운데 가장 기억에 남는 프로젝트는 어 지방에 있는 그런 시장 전통 시장에서 청년들에 그런 창업을 하는 일이였습니다.","expression":"c_private","category":"background"}],"summary":{"text":"그동안 진행한 프로젝트들 가운데 가장 기억에 남는 프로젝트는 지방에 있는 시장 전통 시장에서 청년들에 그런 창업을 하는 일이었습니다. 그래서 청년몰이라는 이름으로 새로운 가게를 준비해서 오픈하는 그런 프로젝트였는데, 제가 추진했던 그 안에서 프로젝트는 수제 버거 였는데 젊은이들이 가장 좋아하는 외식 품목 중의 하나였습니다. 정부에서 지원을 하고 실험을 해보면서 요리를 했었던 게 가장 기억에 남습니다.","wordCount":53}}},"rawDataInfo":{"question":{"fileFormat":"wav","fileSize":621518,"duration":19420,"samplingBit":16,"channelCount":1,"samplingRate":"16kHz","audioPath":"/Mock/04.RND/Male/New/ckmk_q_rnd_m_n_296073.wav"},"answer":{"fileFormat":"wav","fileSize":3528398,"duration":110260,"samplingBit":16,"channelCount":1,"samplingRate":"16kHz","audioPath":"/Mock/04.RND/Male/New/ckmk_a_rnd_m_n_296073.wav"}}}