{"version":"1.0","dataSet":{"info":{"date":"20230116","occupation":"RND","channel":"MOCK","place":"ONLINE","gender":"MALE","ageRange":"35-44","experience":"NEW"},"question":{"raw":{"text":"지금 읽고 계신 책이 있다면 무슨 책인지 왜 읽고 계시는지 설명 부탁드리겠습니다","wordCount":12},"emotion":[],"intent":[]},"answer":{"raw":{"text":"저는 지금 사랑과 관련된 책을 읽고 있습니다. 이미 세 권의 책을 쓴 베스트 셀러 작가가 기록한 책이고 이 사람은 팔십 명의 구독자를 보유한 크리에이터에 해당이 됩니다. 그 작가가 이번에는 칠 년 간의 상담 중에 사람들이 가장 많이 고민했던 문제들만 골라내어 이 책에 담아냈습니다. 그렇기에 사랑을 포함한 인간관계의 기본 중의 기본이 이 책에 고스란히 담겨 있습니다. 전작들에서 미처 다루지 못했던 하지만 가장 중요한 문제들까지 빠짐없이 다뤘다는 장점이 있습니다. 사람과의 관계에서 만남과 이별 오해와 이해 갈등과 해결 신뢰와 성장에 이르기까지 제가 궁금해 하고 있는 그런 모든 문제들을 이 책을 통해 현실적인 해답을 찾을 수 있었습니다.","wordCount":93},"emotion":[],"intent":[{"text":"","expression":"","category":"attitude"}],"summary":{"text":"이 책은 사랑을 포함한 인간관계의 기본 중의 기본이 담겨 있습니다. 전작들에서 미처 다루지 못했던 가장 중요한 문제들까지 빠짐없이 다뤘다는 장점이 있으며 제가 궁금해 하는 모든 문제들을 이 책을 통해 현실적인 해답을 찾을 수 있었습니다.","wordCount":34}}},"rawDataInfo":{"question":{"fileFormat":"wav","fileSize":371278,"duration":11600,"samplingBit":16,"channelCount":1,"samplingRate":"16kHz","audioPath":"/Mock/04.RND/Male/New/ckmk_q_rnd_m_n_333003.wav"},"answer":{"fileFormat":"wav","fileSize":2373838,"duration":74180,"samplingBit":16,"channelCount":1,"samplingRate":"16kHz","audioPath":"/Mock/04.RND/Male/New/ckmk_a_rnd_m_n_333003.wav"}}}