{"version":"1.0","dataSet":{"info":{"date":"20230116","occupation":"RND","channel":"MOCK","place":"ONLINE","gender":"MALE","ageRange":"55-","experience":"NEW"},"question":{"raw":{"text":"우리 회사에 입사를 하게 되면 중국으로 출장을 갈 일이 조금 생길 수도 있습니다 지원자님께서는 중국 출장도 괜찮으신가요","wordCount":17},"emotion":[],"intent":[]},"answer":{"raw":{"text":"과거 중국에서 일을 많이 해 봤습니다. 홍콩 마카오 남부 중국 북부 중국 모두 각자 약간 다른 언어와 문화와 행동 양식을 가지고 있습니다. 이들과 교류해 본 경험이 있기 때문에 중국 출장을 가게 되더래도 통역관만 보조를 받을 수 있다면 무사히 임무를 완성할 수 있을 것이라고 생각합니다.","wordCount":44},"emotion":[],"intent":[{"text":"","expression":"","category":"attitude"}],"summary":{"text":"통역관의 도움이 있다면 중국 출장을 가더라도 임무를 완수할 수 있을 것이라고 생각합니다. 중국 출장 시 통역관 보조는 임무 완수에 도움을 줍니다.","wordCount":21}}},"rawDataInfo":{"question":{"fileFormat":"wav","fileSize":445838,"duration":13930,"samplingBit":16,"channelCount":1,"samplingRate":"16kHz","audioPath":"/Mock/04.RND/Male/New/ckmk_q_rnd_m_n_335804.wav"},"answer":{"fileFormat":"wav","fileSize":1490318,"duration":46570,"samplingBit":16,"channelCount":1,"samplingRate":"16kHz","audioPath":"/Mock/04.RND/Male/New/ckmk_a_rnd_m_n_335804.wav"}}}