{"version":"1.0","dataSet":{"info":{"date":"20230116","occupation":"RND","channel":"MOCK","place":"ONLINE","gender":"MALE","ageRange":"55-","experience":"NEW"},"question":{"raw":{"text":"어떤 문제에 부딪쳤을 때 혼자 해결하는 편이십니까 아니면 여러 사람들에게 이야기를 하는 편이십니까","wordCount":13},"emotion":[],"intent":[]},"answer":{"raw":{"text":"어 저는 사실 혼자 해결하는 편은 아니고요. 특별히 저 같은 경우는 가족들에게 어드바이스를 받고 있고 또 도움을 받고 있습니다. 어 어제 같은 경우는 제가 트레이 파이썬 프로그램을 어 제 노트북과 어 피씨에 설치하는 일이 있었는데요 현재 공부를 하고 있어서. 큰 아들의 도움을 받아서 아나콘다 프로그램을 바로 셋업을 하고 거기에 따른 어 부분을 준비를 하였습니다. 결국 어떤 그 부분이 있을 때 아이들한테 도움을 받기도 하고 혹은 아내에게 조언을 구하는 편이고요. 또 어 친한 친구가 또 있어서 어 친구에게 유선을 통한 전화를 통해서 현재 나의 상황을 설명을 하고 어 조언을 구하기도 합니다. 결국 그래서 이러한 부분들이 결국은 어 제가 인생을 살아가는 데 있어서 큰 도움이라고 생각합니다. 가족이 있다는 것은 대단히 소중한 것 같아요. 가족의 에 대한 그러한 부분들이 아 상당한 부분에서 어 인생을 살아가는 데 있어 중요한 요소고 결국은 휴먼 네트워크 친구들과의 관계 혹은 교회 멤버들과의 관계 또 사회적 관계 이런 모든 부분들이 서로 연관되어 있다 라고 생각을 합니다.","wordCount":147},"emotion":[],"intent":[{"text":"","expression":"","category":"attitude"}],"summary":{"text":"저는 혼자 해결하는 편은 아니지만, 가족들에게 어드바이스를 받고 있고 또 도움을 받고 있습니다. 큰 아들의 도움으로 아나콘다 프로그램을 세팅하고 준비를 했습니다. 가족에 대한 것들이 인생을 살아가는 데 중요한 요소이고, 휴먼 네트워크 친구들과의 관계, 교회 멤버와의 관계, 사회적 관계 등이 서로 연관되어 있다고 생각합니다.","wordCount":43}}},"rawDataInfo":{"question":{"fileFormat":"wav","fileSize":387278,"duration":12100,"samplingBit":16,"channelCount":1,"samplingRate":"16kHz","audioPath":"/Mock/04.RND/Male/New/ckmk_q_rnd_m_n_319045.wav"},"answer":{"fileFormat":"wav","fileSize":3052878,"duration":95400,"samplingBit":16,"channelCount":1,"samplingRate":"16kHz","audioPath":"/Mock/04.RND/Male/New/ckmk_a_rnd_m_n_319045.wav"}}}