{"version":"1.0","dataSet":{"info":{"date":"20230116","occupation":"RND","channel":"MOCK","place":"ONLINE","gender":"MALE","ageRange":"45-54","experience":"NEW"},"question":{"raw":{"text":"만약 지원자분께서 하고 싶으셨던 직무가 아니라 본인이 원하지 않았던 다른 직무를 맡게 되신다고 하면 어떻게 하실 생각이신지 궁금합니다 그래도 괜찮으신지 답변 부탁드리도록 하겠습니다","wordCount":23},"emotion":[],"intent":[]},"answer":{"raw":{"text":"네 제가 하고 싶은 직무가 아닌 다른 직무를 맡게 되더라도 어 최선을 다해서 어 제 직무를 수행할 것입니다. 물론 어 가능하면 제가 잘할 수 있고 제가 하고 싶은 직무를 하면 좋겠지만 회사 사 사정에 따라서 어 그렇지 못한 경우가 어 흔히 있을 거로 생각을 합니다. 그럴 때는 저는 책임감을 가지고 제가 원하지 않던 어 다른 직무이어도 빠르게 그 일에 대해서 어 숙지하고 숙달하고 뭐 또 그 일을 어 완전히 저의 걸로 만들기 위해서 노력할 것입니다. 빠른 시간 안에 어 그 업무에 대해서 파악을 하고 숙달이 된다면은 어 그것이 저에게도 좋고 회사에도 어 많은 도움이 된다고 생각됩니다. 기꺼이 다른 직무에 대해서도 저는 업무를 수행할 것이고 그것은 저에게도 도움이 됩니다. 어 다방면으로 업무를 해 볼 수 있는 어 기회가 된다는 것은 저에게는 좋은 학습의 재료가 된다고 봅니다. 이상입니다.","wordCount":126},"emotion":[],"intent":[{"text":"","expression":"","category":"attitude"}],"summary":{"text":"제가 하고 싶은 직무가 아닌 다른 직무를 맡게 되더라도 최선을 다해서 제 직무를 수행할 것입니다. 회사 사정에 따라 원하지 않던 다른 직무이어도 빠르게 그 일에 대해서 숙지하고 숙달할 것입니다. 다방면으로 업무를 해 볼 수 있는 기회는 저에게는 좋은 학습의 재료가 될 것입니다.","wordCount":42}}},"rawDataInfo":{"question":{"fileFormat":"wav","fileSize":573838,"duration":17930,"samplingBit":16,"channelCount":1,"samplingRate":"16kHz","audioPath":"/Mock/04.RND/Male/New/ckmk_q_rnd_m_n_322642.wav"},"answer":{"fileFormat":"wav","fileSize":3434958,"duration":107340,"samplingBit":16,"channelCount":1,"samplingRate":"16kHz","audioPath":"/Mock/04.RND/Male/New/ckmk_a_rnd_m_n_322642.wav"}}}