{"version":"1.0","dataSet":{"info":{"date":"20230116","occupation":"RND","channel":"MOCK","place":"ONLINE","gender":"MALE","ageRange":"55-","experience":"NEW"},"question":{"raw":{"text":"지원자님이 다루실 수 있는 프로그램이 있으신가요 있으시면 그 프로그램을 어느 수준으로 사용하실 수 있으신지 정말 궁금합니다","wordCount":16},"emotion":[],"intent":[]},"answer":{"raw":{"text":"예 저는 어 프리미어 프로그램을 어 다룰 줄 합 압니다. 그 프로그램을 사용해서 예전에 유튜브의 올릴 동영상들을 편집한 적이 있었습니다. 한국어 공부에 대한 아 동영상들이었는데요. 지금도 그때 만든 동영상 서른 여덟 개가 유튜브에 올라가 있습니다. 그래서 녹화된 그 어 동영상을 원하는 길이만큼 자른다든지 아니면 필요 없는 부분을 잘라낸다든지 또는 어떤 소리를 약간 아 입힌다든지 그런 것들을 어느 정도 할 수 있습니다. 그렇지만 전문가 수준은 아니구요. 그냥 제가 제 일을 할 수 있는 정도 그 정도입니다. 네","wordCount":76},"emotion":[],"intent":[{"text":"","expression":"","category":"attitude"}],"summary":{"text":"저는 프리미어 프로그램을 사용해서 유튜브의 동영상들을 편집한 적이 있습니다. 그때 만든 동영상 서른 여덟 개가 유튜브에 올라가 있습니다만, 그 정도는 제가 제 일을 할 수 있는 정도입니다.","wordCount":27}}},"rawDataInfo":{"question":{"fileFormat":"wav","fileSize":373518,"duration":11670,"samplingBit":16,"channelCount":1,"samplingRate":"16kHz","audioPath":"/Mock/04.RND/Male/New/ckmk_q_rnd_m_n_341928.wav"},"answer":{"fileFormat":"wav","fileSize":2394318,"duration":74820,"samplingBit":16,"channelCount":1,"samplingRate":"16kHz","audioPath":"/Mock/04.RND/Male/New/ckmk_a_rnd_m_n_341928.wav"}}}