{"version":"1.0","dataSet":{"info":{"date":"20230116","occupation":"RND","channel":"MOCK","place":"ONLINE","gender":"MALE","ageRange":"35-44","experience":"NEW"},"question":{"raw":{"text":"우리 회사에는 다른 계열사도 많이 있습니다 지원자님이 우리 계열사에 특별히 지원한 이유가 있나요 솔직하게 답변해 주세요","wordCount":16},"emotion":[],"intent":[]},"answer":{"raw":{"text":"제가 어 본 계열사에 지원한 이유는 우선 계열사 소개를 보았는데 어 거기에서 향후 할 사업에 대한 아젠다를 보았습니다. 제가 생각하는 어 미래에 대한 관점과 아주 비슷했기 때문에 어 지원하였던 것 같습니다. 그리고 어 회사의 회사 조직에 평균 연령이 아주 낮은 것으로 알고 있습니다. 그래서 훨씬 더 창의적으로 일할 수 있는 환경이라고 생각하여 지원하게 되었습니다.","wordCount":54},"emotion":[],"intent":[{"text":"","expression":"","category":"attitude"}],"summary":{"text":"미래 관점과 비슷한 계열사를 지원하고, 평균 연령이 낮은 것이 창의적으로 일할 수 있는 환경이라고 생각해 지원하게 되었습니다. 이는 아젠다와 미래 관점이 비슷했기 때문입니다.","wordCount":23}}},"rawDataInfo":{"question":{"fileFormat":"wav","fileSize":618958,"duration":19340,"samplingBit":16,"channelCount":1,"samplingRate":"16kHz","audioPath":"/Mock/04.RND/Male/New/ckmk_q_rnd_m_n_285530.wav"},"answer":{"fileFormat":"wav","fileSize":1659278,"duration":51850,"samplingBit":16,"channelCount":1,"samplingRate":"16kHz","audioPath":"/Mock/04.RND/Male/New/ckmk_a_rnd_m_n_285530.wav"}}}