{"version":"1.0","dataSet":{"info":{"date":"20230116","occupation":"RND","channel":"MOCK","place":"ONLINE","gender":"MALE","ageRange":"35-44","experience":"NEW"},"question":{"raw":{"text":"이제까지 인생을 살면서 제일 후회되는 일이 있다면 그것은 무엇이었나요 한 가지만 말씀해 주시겠어요","wordCount":13},"emotion":[],"intent":[]},"answer":{"raw":{"text":"음 지금까지 음 인생을 살면서 가장 후회 후회되는 일 중의 하나는 어 가족들과 시간을 좀 많이 보내지 못한 못 했다는 그런 그런 어 일이 좀 후회가 많이 됩니다. 그래서 계속 어 가족들과 시간을 많이 보내고 보내기 보낼려고 노력을 많이 함에도 불구하고 어 아 아직까지 어 좀 많이 부족한 것 같습니다. 어 그래서 어 쪼금 쪼금씩 계속 노력은 하는 편이라서 음 쪼끔 더 가족들과 시간을 많이 보낼 수 어 있도록 노력할 것입니다.","wordCount":71},"emotion":[],"intent":[{"text":"","expression":"","category":"attitude"}],"summary":{"text":"인생에서 가장 후회되는 일 중 하나는 가족과 시간을 많이 보내지 못한 것입니다. 그래서 계속 가족들과 시간을 많이 보내도록 노력을 하고 있습니다.","wordCount":21}}},"rawDataInfo":{"question":{"fileFormat":"wav","fileSize":279758,"duration":8740,"samplingBit":16,"channelCount":1,"samplingRate":"16kHz","audioPath":"/Mock/04.RND/Male/New/ckmk_q_rnd_m_n_279178.wav"},"answer":{"fileFormat":"wav","fileSize":1898318,"duration":59320,"samplingBit":16,"channelCount":1,"samplingRate":"16kHz","audioPath":"/Mock/04.RND/Male/New/ckmk_a_rnd_m_n_279178.wav"}}}