{"version":"1.0","dataSet":{"info":{"date":"20230116","occupation":"RND","channel":"MOCK","place":"ONLINE","gender":"MALE","ageRange":"35-44","experience":"NEW"},"question":{"raw":{"text":"지원자님께서는 예전에 다니던 직장을 퇴사를 한 후에 그 퇴사한 것을 후회한 적은 없으셨습니까 만약 있다면 왜 후회 했는지 함께 말씀 부탁드립니다","wordCount":21},"emotion":[],"intent":[]},"answer":{"raw":{"text":"이전 직장에서 퇴사한 것을 후회한 적이 없습니다. 저는 이 회사 생활을 아주 만족하고 있기 때문입니다. 전에 있었던 회사에서는 인간관계를 맺는데 많은 어려움이 있었습니다. 특별히 어느 특정 선배가 저에게 개인의 이익과 관련된 일을 시키며 부당한 대우를 당한 적이 있습니다. 그 일에 대해 버티다 버티다 견디다 못해 저는 퇴사를 하였습니다. 그런데 이 직장에 와 보니까 그런 선배도 없고 또 일 또한 전보다 더 쉬워서 적응하는데 어렵지 않았습니다. 만약에 그런 선배를 또 만난다 라고 한다면 저는 언제든지 퇴사할 것이고 또 다른 회사에 가서도 잘 적응할 수 있도록 노력을 할 것입니다.","wordCount":87},"emotion":[],"intent":[{"text":"","expression":"","category":"attitude"}],"summary":{"text":"이전 직장에서 퇴사한 것을 후회한 적이 없습니다. 전에 있었던 회사는 인간관계를 맺는데 어려움이 있었는데, 다른 선배가 부당한 대우를 했다면 언제든지 퇴사할 것이고 다른 회사에 가서도 잘 적응할 수 있도록 노력할 것입니다.","wordCount":31}}},"rawDataInfo":{"question":{"fileFormat":"wav","fileSize":555598,"duration":17360,"samplingBit":16,"channelCount":1,"samplingRate":"16kHz","audioPath":"/Mock/04.RND/Male/New/ckmk_q_rnd_m_n_332720.wav"},"answer":{"fileFormat":"wav","fileSize":2118478,"duration":66200,"samplingBit":16,"channelCount":1,"samplingRate":"16kHz","audioPath":"/Mock/04.RND/Male/New/ckmk_a_rnd_m_n_332720.wav"}}}