{"version":"1.0","dataSet":{"info":{"date":"20230116","occupation":"RND","channel":"MOCK","place":"ONLINE","gender":"MALE","ageRange":"35-44","experience":"NEW"},"question":{"raw":{"text":"본인은 과거 직면한 어려운 문제를 해결하기 위해 어떤 아이디어를 제안했고 또 무엇을 행했는지 그 과정을 말씀해 주실 수 있나요","wordCount":19},"emotion":[],"intent":[]},"answer":{"raw":{"text":"네 직면하기 어려운 문제를 해결하기 위해 어떤 아이디어를 제안했는지 또 무엇을 했는지 한번 그 과정에 대해서 말씀드리겠습니다. 네 어려운 직면하기 어렵다 라는 것은 지금 당장에 내가 그것을 해결할 어 능력의 부재라고도 할 수 있겠는데요. 그럴 때는 그 능력을 키우는 것이 하나의 방법이 있을 수 있고 그 다음에 그 어 어려운 문제가 일시적인 그런 문제일 수도 있습니다. 그럴 때는 그 일시적인 문제는 시간이 지나면 또 해결될 수도 있는 부분이기 때문에 어 좀 상황에 따라서 다르게 접근할 수 있을 것 같은데요. 어 저 같은 경우는 어 그것을 일단은 그 상황이 어 지나갈 때까지 좀 기다리는 그런 아이디어를 생각해 보았습니다. 어 왜냐하면 무리하게 그 직면한 문제를 해결하려다가 어 더 큰 문제가 생길 수도 있습니다. 어 예를 들면은 어떤 물체를 휘려고 할 때 어 어느 정도까지는 힘을 가할 수 있지만 더 이상 휘어지지 않을 때 무리하게 힘을 주다가 어 뿌러져 버리는 수가 있거든요. 그러면은 아예 그 물체 물건을 다시 사야 되는 돌이킬 수 없는 일이 발생하기 때문에 잠시 기다렸다가 어 그게 이제 피로도가 약 낮아졌을 때 다시 어 휘게 되면 휘어지는 경우도 많이 있습니다. 그래서 그 상황이 지나가도록 좀 기다리는 것 오히려 그게 어려울 수도 있는데 그것을 한번 제안해 보겠습니다.","wordCount":186},"emotion":[],"intent":[{"text":"","expression":"","category":"attitude"}],"summary":{"text":"어려운 직면을 해결하기 위해 지금 당장 해결할 수 없는 능력의 부재를 해결하기 위해 어떤 아이디어를 제안했는지 그 과정에 대해서 말씀드리겠습니다. 어려운 문제는 시간이 지나면 또 해결될 수 있는 부분이기 때문에 상황에 따라 다르게 접근할 수 있는데, 저 같은 경우는 상황을 지나갈 때까지 기다려 보는 아이디어를 생각해 보았습니다.","wordCount":47}}},"rawDataInfo":{"question":{"fileFormat":"wav","fileSize":417358,"duration":13040,"samplingBit":16,"channelCount":1,"samplingRate":"16kHz","audioPath":"/Mock/04.RND/Male/New/ckmk_q_rnd_m_n_312038.wav"},"answer":{"fileFormat":"wav","fileSize":3574478,"duration":111700,"samplingBit":16,"channelCount":1,"samplingRate":"16kHz","audioPath":"/Mock/04.RND/Male/New/ckmk_a_rnd_m_n_312038.wav"}}}