{"version":"1.0","dataSet":{"info":{"date":"20230116","occupation":"RND","channel":"MOCK","place":"ONLINE","gender":"MALE","ageRange":"55-","experience":"NEW"},"question":{"raw":{"text":"어 일을 하다 보면 업무 중에 스케줄에 없던 일이 갑작스럽게 발생할 때가 있습니다 지원자님께서 이런 상황이 돌발적으로 생긴다면 어떻게 대처를 하실 건가요","wordCount":22},"emotion":[],"intent":[]},"answer":{"raw":{"text":"업무 중 스케줄에 없는 일이 발생하면 어떤 일을 먼저 할 것인가 결정하는 과정에서 회사 입장에서 중요도를 먼저 생각하겠습니다. 회사 입장에서 이익이나 중요도가 높은 일을 먼저 수행하는 것이 바람직하다고 생각합니다. 회사가 저를 고용했을 때는 제가 원하는 일을 하라고 고용한 것보다는 회사에게 도움이 되도록 저를 고용한 것이라고 생각하기 때문에 회사를 위하는 마음이 우선 돼야 된다고 생각합니다. 그래서 회사 입장에서 이익이나 중요도를 먼저 고려한 다음에 일을 진행하겠습니다.","wordCount":64},"emotion":[],"intent":[{"text":"","expression":"","category":"attitude"}],"summary":{"text":"업무 중 스케줄에 없는 일이 발생하면 회사 입장에서 중요도를 생각하여 이익이나 중요도가 높은 일을 먼저 수행하고 회사를 위하는 마음이 우선 된 후에 일을 진행하겠습니다.","wordCount":24}}},"rawDataInfo":{"question":{"fileFormat":"wav","fileSize":537038,"duration":16780,"samplingBit":16,"channelCount":1,"samplingRate":"16kHz","audioPath":"/Mock/04.RND/Male/New/ckmk_q_rnd_m_n_342511.wav"},"answer":{"fileFormat":"wav","fileSize":1831758,"duration":57240,"samplingBit":16,"channelCount":1,"samplingRate":"16kHz","audioPath":"/Mock/04.RND/Male/New/ckmk_a_rnd_m_n_342511.wav"}}}