{"version":"1.0","dataSet":{"info":{"date":"20230116","occupation":"RND","channel":"MOCK","place":"ONLINE","gender":"MALE","ageRange":"35-44","experience":"NEW"},"question":{"raw":{"text":"지원자님만의 스트레스 해소 방법이 있으신가요 있다면 그것은 무엇이고 왜 그런 방법으로 스트레스를 해소하시는지 말씀해 주세요","wordCount":15},"emotion":[],"intent":[]},"answer":{"raw":{"text":"어 저만의 스트레스 해소 방법은 아 좀 맛있는 와인을 어 한 병 사서 어 좋은 음식을 직접 만들어서 안주를 직접 만들어서 어 혼자 그냥 어 와인 한 잔 어 술 한 잔 하는 게 제 스트레스 해소법입니다. 음 음식을 만들면서 어떤 목표가 한 가지 딱 설정되면 어 거기에 집중하는 그런 일을 하면서 어 좀 스트레스에서 좀 자유로워지는 것 같고 어 그 음식을 정성껏 만들고 어 예쁘게 플레이팅 하는 게 어 온전히 저를 위한 행위라고 생각하면 어 음식을 만들면서도 전혀 귀찮음이나 어 음 어떤 불편함 없이 그냥 어 재미있는 어 즐거운 마음으로 좀 어 준비를 하고 만들 수 있고 어 그렇게 됐을 때 또 제가 만든 음식을 어 맛있게 먹으면서 어 또 와인 굳이 막 비싼 와인이 아니라도 좀 제가 와인을 좋아하는 편인데 음 맛있는 와인 한 잔을 좀 곁들이면 어 좀 행복감 어 성취감 뭐 이런 걸 느끼면서 어 스트레스를 좀 해소를 하는 편인 것 같습니다.","wordCount":146},"emotion":[],"intent":[{"text":"","expression":"","category":"attitude"}],"summary":{"text":"저만의 스트레스 해소법은 와인을 한 병 사서 안주를 직접 만들어서 와인 한 잔 술 한 잔 하는 것입니다. 음식을 만들면서 목표가 설정되면 집중하게 되고, 음식을 정성껏 만드는 것이 제 스트레스 해소법입니다. 음식 만들면서도 즐거운 마음으로 준비하고, 음식을 먹으면서 행복감과 성취감을 느끼며 스트레스를 해소하는 편인 것 같습니다.","wordCount":46}}},"rawDataInfo":{"question":{"fileFormat":"wav","fileSize":630478,"duration":19700,"samplingBit":16,"channelCount":1,"samplingRate":"16kHz","audioPath":"/Mock/04.RND/Male/New/ckmk_q_rnd_m_n_279733.wav"},"answer":{"fileFormat":"wav","fileSize":3803598,"duration":118860,"samplingBit":16,"channelCount":1,"samplingRate":"16kHz","audioPath":"/Mock/04.RND/Male/New/ckmk_a_rnd_m_n_279733.wav"}}}