{"version":"1.0","dataSet":{"info":{"date":"20230116","occupation":"RND","channel":"MOCK","place":"ONLINE","gender":"MALE","ageRange":"55-","experience":"NEW"},"question":{"raw":{"text":"특별히 가고 싶은 회사가 있습니까 특정 도메인이 중요한지 회사에 분위기가 중요한지 지원자님이 회사를 보는 중점이 궁금합니다","wordCount":16},"emotion":[],"intent":[]},"answer":{"raw":{"text":"예 어 저 창의력이 주어지는 그런 시간과 공간을 어 제시하는 그런 회사에 가고 싶습니다. 어 시간 공간을 자율적으로 내가 운영하면서 그 업무의 특성과 아니면 업무가 요구하는 어 패턴 아니면 루틴들을 어 어 조율하면서 운영할 수 있는 그런 부분 그런 어 조건을 줄 수 있는 회사를 가고 싶습니다. 어떻게 보면 이런 조건이 어 사주가 아니면 이런 조건에 도달할 수 있는 사람은 없을 거라고 생각이 드는데 음 어 회사의 주인의식을 가져야 된다. 그 주인의식이라는 것 주인이 되어야 주인의식이 생기지 어떻게 일 개 사원이 주인의식을 가질 수 있겠습니까. 현실적으로 가 어 그건 아니거든요. 음 주인의 의식이 고양될 수 있도록 시간 그리고 공간을 좀 자율적으로 스스로 창의적으로 운영할 수 있게끔 만들어주는 그런 회사가 어 주인 의식을 가질 수 있게 만드는 회사가 아니겠습니까.","wordCount":118},"emotion":[],"intent":[{"text":"","expression":"","category":"attitude"}],"summary":{"text":"창의력이 주어지는 시간과 공간을 제시하는 회사에 가고 싶습니다. 시간 공간을 자율적으로 운영하면서 업무의 특성과 패턴을 조율하면서 운영할 수 있는 조건을 줄 수 있는 회사라면 주인의식을 가져야 합니다. 회사는 주인 의식을 가질 수 있게 만드는 회사입니다.","wordCount":35}}},"rawDataInfo":{"question":{"fileFormat":"wav","fileSize":554958,"duration":17340,"samplingBit":16,"channelCount":1,"samplingRate":"16kHz","audioPath":"/Mock/04.RND/Male/New/ckmk_q_rnd_m_n_247332.wav"},"answer":{"fileFormat":"wav","fileSize":3405518,"duration":106420,"samplingBit":16,"channelCount":1,"samplingRate":"16kHz","audioPath":"/Mock/04.RND/Male/New/ckmk_a_rnd_m_n_247332.wav"}}}