{"version":"1.0","dataSet":{"info":{"date":"20230116","occupation":"RND","channel":"MOCK","place":"ONLINE","gender":"MALE","ageRange":"-34","experience":"NEW"},"question":{"raw":{"text":"근무를 하게 되면 중국으로 출장을 갈 일이 조금 생길 수도 있습니다 중국 출장도 괜찮은지 궁금합니다","wordCount":15},"emotion":[],"intent":[]},"answer":{"raw":{"text":"저는 기존에 대만에 여행을 다섯 차례 갔을 정도로 중국 문화권에 관심이 많습니다. 또한 중국어에 관심이 많아 대학교 재학 시절 일 년 가량 중국어 회화 수업을 받았을 정도로 중국 문화에 접점이 많고 또한 대학교 교양수업에도 중국어 중국 문화 중국 문자 등 다양한 중국 관련 교양 수업을 챙겨 들었습니다. 그렇기 때문에 중국 문화와 가까이 맞닿아 있다고 생각하시면 되겠는데요. 중국에 출장 갔을 때에 밥이 해결되지 않아 특히 향신료가 입에 맞지 않아 배탈을 앓거나 입이 짧은 사람들은 식사를 거르는 경우가 많은데 저는 그러한 중국 향신료에도 익숙하여 중국 음식이 오히려 입에 맞는다 할 정도로 중국의 식문화에 대해서도 잘 어울린다고 자부합니다. 또한 꽌시 등 중국인이 가지고 있는 성격적 특성도 수업 도중 많이 배웠기 때문에 중국으로의 출장은 저에게 전혀 문제가 되지 않고 오히려 바라는 바입니다.","wordCount":118},"emotion":[],"intent":[{"text":"","expression":"","category":"attitude"}],"summary":{"text":"저는 기존에 대만에 여행을 다섯 차례 갔을 정도로 중국 문화권에 관심이 많습니다. 대학교 재학 시절에는 중국어 회화 수업을 받았고, 교양수업에도 중국 관련 교양 수업을 들었습니다. 그래서 중국 문화와 가까이 있다고 보시면 되겠습니다. 중국 향신료에도 익숙하고, 중국인의 성격적 특성도 많이 배웠습니다.","wordCount":40}}},"rawDataInfo":{"question":{"fileFormat":"wav","fileSize":300558,"duration":9390,"samplingBit":16,"channelCount":1,"samplingRate":"16kHz","audioPath":"/Mock/04.RND/Male/New/ckmk_q_rnd_m_n_342318.wav"},"answer":{"fileFormat":"wav","fileSize":2225998,"duration":69560,"samplingBit":16,"channelCount":1,"samplingRate":"16kHz","audioPath":"/Mock/04.RND/Male/New/ckmk_a_rnd_m_n_342318.wav"}}}