{"version":"1.0","dataSet":{"info":{"date":"20230116","occupation":"RND","channel":"MOCK","place":"ONLINE","gender":"MALE","ageRange":"35-44","experience":"NEW"},"question":{"raw":{"text":"만약에 타 부서와 갈등 상황이 발생한다면 어떻게 해결하실 계획이십니까 상황을 가정하고 말씀해 주시기 바랍니다","wordCount":14},"emotion":[],"intent":[]},"answer":{"raw":{"text":"저는 이전 회사에서 영업부에 속해 있으면서 영업을 지원해 주어야 하는 부서 그리고 민원을 담당하는 부서와 많은 갈등을 겪어 보았습니다. 그럴 때마다 가장 중요한 것은 내가 회사에서 정한 규칙에 알맞게 영업 활동을 하였는지 였습니다. 제가 그 규칙에만 맞게 영업을 하다 보면은 다른 지원 부서나 민원 부서에서에 일으키는 불만도 저에게 큰 피해가 가지 않았었습니다. 그래서 저는 항상 제가 올바르게 영업을 하고 있다 고 믿고 있으며 그 믿음을 바탕으로 한 증거 자료들을 항상 구비해 놓는 습관을 가지고 있습니다.","wordCount":75},"emotion":[],"intent":[{"text":"","expression":"","category":"attitude"}],"summary":{"text":"저는 이전 회사에서 영업부에 속해 있으면서 영업을 지원해 주어야 하는 부서, 민원을 담당하는 부서와 많은 갈등을 겪었습니다. 그래서 제가 올바르게 영업을 하고 있다고 믿고 증거 자료들을 항상 구비해 놓습니다.","wordCount":29}}},"rawDataInfo":{"question":{"fileFormat":"wav","fileSize":465038,"duration":14530,"samplingBit":16,"channelCount":1,"samplingRate":"16kHz","audioPath":"/Mock/04.RND/Male/New/ckmk_q_rnd_m_n_320888.wav"},"answer":{"fileFormat":"wav","fileSize":2229838,"duration":69680,"samplingBit":16,"channelCount":1,"samplingRate":"16kHz","audioPath":"/Mock/04.RND/Male/New/ckmk_a_rnd_m_n_320888.wav"}}}