{"version":"1.0","dataSet":{"info":{"date":"20230116","occupation":"RND","channel":"MOCK","place":"ONLINE","gender":"MALE","ageRange":"55-","experience":"NEW"},"question":{"raw":{"text":"우리 회사에 들어와서 지원자님이 하고 싶은 업무가 따로 있으신가요 있으시다면 어떤 업무를 왜 하고 싶은지 말씀해 주시면 감사하겠습니다","wordCount":18},"emotion":[],"intent":[]},"answer":{"raw":{"text":"어 저는 뭐 경 어 전략기획실 이나 아니면 어 뭐 회장 비서실 같은 그런 곳에서 근무를 한 번 해보고 싶습니다. 어 그게 굉장히 어려운 어 업무를 수행하는 그런 부서라고 저는 생각이 들어서 어 한 번 더 뭐 한 맡고 싶은데 어 전략 기획이라는 어떤 그런 부분은 기업의 어 중장기적인 계획을 세우고 리스크를 또 관리하고 그리고 타사와의 경쟁 관계에 있는 여러 분야들을 분석함으로 해서 어 사 그 사업 전반에 걸쳐서 공부할 수 있는 그리고 내 지식을 다질 수 있는 그런 기회로 뭐 생각하고 있고 저 역시 어 학교 다닐 때부터 시작해서 어 제조업을 하면서 그리고 군대 생활까지에도 포함되는 이야기지만 저는 전략적인 업무하고 관련된 가까이에서 일을 많이 했었습니다. 저 역시나 전략적 사고를 많이 배웠고 음 그래서 전략적 사고를 할 수 있는 그런 업무라면은 저는 자신이 있다고 생각을 합니다.","wordCount":126},"emotion":[],"intent":[{"text":"","expression":"","category":"attitude"}],"summary":{"text":"저는 전략기획실에서 근무를 한 번 해보고 싶습니다. 전략 기획은 기업의 중장기적 계획을 세우고 리스크를 관리하며 타사와의 경쟁 관계의 여러 분야를 분석함으로써 제 지식을 다지는 기회라고 생각합니다. 전략적 사고를 할 수 있는 업무라면 저는 자신이 있다고 생각합니다.","wordCount":36}}},"rawDataInfo":{"question":{"fileFormat":"wav","fileSize":447438,"duration":13980,"samplingBit":16,"channelCount":1,"samplingRate":"16kHz","audioPath":"/Mock/04.RND/Male/New/ckmk_q_rnd_m_n_247564.wav"},"answer":{"fileFormat":"wav","fileSize":3173198,"duration":99160,"samplingBit":16,"channelCount":1,"samplingRate":"16kHz","audioPath":"/Mock/04.RND/Male/New/ckmk_a_rnd_m_n_247564.wav"}}}