{"version":"1.0","dataSet":{"info":{"date":"20230116","occupation":"SM","channel":"MOCK","place":"ONLINE","gender":"FEMALE","ageRange":"35-44","experience":"EXPERIENCED"},"question":{"raw":{"text":"해외 영업을 한다는 것에 있어서의 목표가 있으십니까","wordCount":7},"emotion":[],"intent":[]},"answer":{"raw":{"text":"네 저는 기본적으로 해외 영업에 자신 있구요. 해외 영업에 도전을 해보고 싶습니다. 지금 제가 아는 바에 따르면 여러 가지 방향성을 고민하고 있는 걸로 알고 있는데요. 해외 진출 국가들을 모색하고 있는 것으로 저는 알고 있습니다. 어떤 국가에 진출을 하는지 저는 입사를 해서 그 시장을 좀 개척하는데 배치가 됐으면 좋을 것 같다 라는 생각이 들었습니다. 저는 어려서부터 해외 영업에 관심이 많았고요. 그리고 우리 회사가 여러 가지 제품과 서비스의 경쟁력이 있기 때문에 해외 시장으로 진출을 해도 훨씬 더 어 성장을 기대할 수 있을 것 같다 라는 생각이 들었습니다. 그렇기 때문에 제가 만약에 입사를 하게 되면 해외 영업 팀에 맡기게 된다면 신흥 개척지에 좀 배분이 돼서 제가 그것들을 총괄하고 담당하면서 회사를 알리는 그런 역할을 해보고 싶다 라는 생각이 들었습니다. 저한테 그런 업무를 맡겨주신다고 하면 제가 시장 수요 조사 분석을 통해서 또 같이 있는 팀원들과 우리 회사의 경쟁력은 무엇이고 어떻게 하면 그 시장에서 성장할 수 있을까 에 대해서 좀 고민을 해보고 싶다 라는 생각이 들었기 때문에 그런 부서에 배치할 수 있는 기회를 주셨으면 좋겠습니다.","wordCount":159},"emotion":[],"intent":[{"text":"그렇기 때문에 제가 만약에 입사를 하게 되면   해외 영업 팀에 맡기게 된다면 신흥 개척지에 좀 배분이 돼서   제가 그것들을 총괄하고 담당하면서 회사를 알리는 그런 역할을 해보고 싶다   라는 생각이 들었습니다.","expression":"c_sincere_co","category":"etc"}],"summary":{"text":"저는 해외 영업에 자신있고 도전하고 싶습니다. 회사의 제품과 서비스의 경쟁력이 있어 해외 시장으로 진출을 해도 성장을 기대할 수 있을 것 같습니다. 그래서 입사를 하게 되면 해외 영업 팀을 맡으면 신흥 개척지에 배분돼 총괄하고 회사를 알리는 역할을 해보고 싶었습니다. 그런 부서에 배치할 수 있는 기회를 주셨으면 좋겠습니다.","wordCount":46}}},"rawDataInfo":{"question":{"fileFormat":"wav","fileSize":241358,"duration":7540,"samplingBit":16,"channelCount":1,"samplingRate":"16kHz","audioPath":"/Mock/02.SalesMarketing/Female/Experienced/ckmk_q_sm_f_e_161580.wav"},"answer":{"fileFormat":"wav","fileSize":2752718,"duration":86020,"samplingBit":16,"channelCount":1,"samplingRate":"16kHz","audioPath":"/Mock/02.SalesMarketing/Female/Experienced/ckmk_a_sm_f_e_161580.wav"}}}