{"version":"1.0","dataSet":{"info":{"date":"20230116","occupation":"SM","channel":"MOCK","place":"ONLINE","gender":"FEMALE","ageRange":"-34","experience":"EXPERIENCED"},"question":{"raw":{"text":"면접자 분께서는 타 부서와의 갈등 상황이 생겼을 때 어떻게 해결하실 건가요","wordCount":11},"emotion":[],"intent":[]},"answer":{"raw":{"text":"네 만약에 다른 부서와 갈등이 생긴다고 하면 저는 그래도 갈등을 적극적으로 해결하도록 하겠습니다. 어 사실 저희 부서와 또 다른 부서 간에 갈등이 있었던 적이 있었습니다. 어 사실 경쟁 챌렌지를 진행을 했었는데요. 어 갈등은 그 영업에 대한 이익부터 발생이 됐습니다. 경쟁 챌렌지기 때문에 서로 경쟁에서 이겨야만 살아남는 그런 구조였습니다. 아무래도 영업에서는 이러한 상황들이 많이 올 수가 있는데요. 어 저희가 그래서 어 어 어떤 챌렌지를 진행함에 있어서 서로 비방을 하거나 아니면 서로 이기적인 행동을 통해서 피해를 주는 경우가 있었습니다. 하지만 이런 경우가 있지 않게 지양을 해야 될 것 같구요. 서로 순수하게 경쟁하고 본인의 실력을 쌓기 위해서 노력을 해야 되는데 어 상황이 이런 경우가 발생할 수가 있습니다. 그러면 저는 팀원들과 팀장이 각각의 부서가 나서서 서로 이거를 공동으로 합의해야 한다고 생각을 합니다. 그리고 그것들에 어떤 룰을 정확하게 지키고 또 기준선을 만든다면 이런 일이 발생하지 않을 것이라고 생각을 하는데요. 아무래도 일을 하다보면 타 부서와 갈등이 생길 수 있는 만큼 그 부서와 협의를 통해서 기준을 정하고 그 기준을 토대로 서로 신뢰 관계를 회복하는 게 중요하다고 생각합니다.","wordCount":160},"emotion":[],"intent":[{"text":"아무래도 일을 하다보면 타 부서와 갈등이 생길 수 있는 만큼 그 부서와    협의를 통해서 기준을 정하고 그 기준을 토대로 서로 신뢰 관계를 회복하는 게 중요하다고   생각합니다.","expression":"c_confl_mg","category":"personality"}],"summary":{"text":"경쟁 챌렌지 때문에 영업 이익부터 갈등이 발생했습니다. 서로 비방을 하거나 이기적인 행동을 통해서 피해를 주는 경우는 지양해야 됩니다. 서로 순수하게 경쟁하고 본인의 실력을 쌓기 위해서 노력을 해야 됩니다. 각 부서가 나서서 공동으로 합의하고 룰을 정확하게 지키고 기준선을 만든다면 이런 일은 발생하지 않을 것이라고 생각합니다.","wordCount":44}}},"rawDataInfo":{"question":{"fileFormat":"wav","fileSize":229838,"duration":7180,"samplingBit":16,"channelCount":1,"samplingRate":"16kHz","audioPath":"/Mock/02.SalesMarketing/Female/Experienced/ckmk_q_sm_f_e_113772.wav"},"answer":{"fileFormat":"wav","fileSize":2849998,"duration":89060,"samplingBit":16,"channelCount":1,"samplingRate":"16kHz","audioPath":"/Mock/02.SalesMarketing/Female/Experienced/ckmk_a_sm_f_e_113772.wav"}}}