{"version":"1.0","dataSet":{"info":{"date":"20230116","occupation":"SM","channel":"MOCK","place":"ONLINE","gender":"FEMALE","ageRange":"-34","experience":"EXPERIENCED"},"question":{"raw":{"text":"특별히 입사하고 싶은 회사가 있습니까 특정 도메인이 중요한지 회사의 분위기가 중요한지 지원자님께서는 어떤 점을 중점적으로 보시는지 궁금합니다","wordCount":17},"emotion":[],"intent":[]},"answer":{"raw":{"text":"저는 자유로운 분위기에 회사를 선호하는 편입니다. 특정 인 특정한 다른 것들도 중요하지만 업무를 수행하는 데 있어서 분위기가 매우 중요하기 때문에 회사의 분위기를 무엇보다 중요하게 여기는 편입니다. 어 엄격한 분위기 속에 회사라면 하루의 절반을 가까이 업무를 하게 될 텐데 스트레스를 느낄 것이라 생각하기 때문에 엄격한 분위기 속에 회사보다는 좀 더 자유롭게 근무할 수 있고 음 좀 더 효율적으로 업무를 할 수 있도록 자유로운 분위기의 회사를 선호하는 편입니다. 그래서 어 지원을 할 때에도 이런 회사의 분위기를 중요하게 생각하여 지원하였습니다.","wordCount":77},"emotion":[],"intent":[{"text":"","expression":"","category":"attitude"}],"summary":{"text":"업무 수행에 있어 회사 분위기가 매우 중요하기 때문에 지원 시에 회사의 분위기를 중요하게 여깁니다. 엄격한 분위기보다는 좀 더 자유로운 분위기의 회사를 선호하는 편입니다.","wordCount":23}}},"rawDataInfo":{"question":{"fileFormat":"wav","fileSize":558158,"duration":17440,"samplingBit":16,"channelCount":1,"samplingRate":"16kHz","audioPath":"/Mock/02.SalesMarketing/Female/Experienced/ckmk_q_sm_f_e_163920.wav"},"answer":{"fileFormat":"wav","fileSize":2250958,"duration":70340,"samplingBit":16,"channelCount":1,"samplingRate":"16kHz","audioPath":"/Mock/02.SalesMarketing/Female/Experienced/ckmk_a_sm_f_e_163920.wav"}}}