{"version":"1.0","dataSet":{"info":{"date":"20230116","occupation":"SM","channel":"MOCK","place":"ONLINE","gender":"FEMALE","ageRange":"-34","experience":"EXPERIENCED"},"question":{"raw":{"text":"지원자님 우리 회사가 해외 무대로 진출한다면 지원자님은 어디로 진출하는 것이 좋겠습니까 지원자님이 이유도 함께 말씀해 주세요","wordCount":16},"emotion":[],"intent":[]},"answer":{"raw":{"text":"회사가 해외로 진출하게 된다면 가장 먼저 미국 시장에 진출하는 것이 좋다고 생각합니다. 물론 인구수가 더 많은 인도나 중국으로 진출하는 것도 좋지만 어 미국 미국 같은 경우는 아마존 시장이 있기 때문에 어 영향력이 가장 큰 플랫폼 중의 하나인 아마존 미국의 아마존을 먼저 진출하고 그것을 바탕으로 어 여러 나라 여러 해외 해외로 진출한다면 더 수월하게 진출할 수 있다고 생각합니다. 아마존에는 어 상품 리스팅을 다른 국가 아마존으로 복제할 수 있는 기능이 있어서 해외 진출하는 데 있어서 더 큰 도움이 될 것이라고 생각합니다. 그 다음으로는 인구수가 십삼 억인 인도 진출하는 것이 내수 시장보다는 규모가 훨씬 커서 도움이 될 것이라고 생각합니다.","wordCount":96},"emotion":[],"intent":[{"text":"아마존에는 어 상품 리스팅을 다른 국가 아마존으로 복제할 수 있는 기능이 있어서   해외 진출하는 데 있어서 더 큰 도움이 될 것이라고 생각합니다.","expression":"s_brand_strt","category":"technology"}],"summary":{"text":"해외 진출 시 아마존 시장이 있는 미국의 아마존을 먼저 진출하고 그것을 바탕으로 여러 나라 여러 해외 해외로 진출한다면 더 수월하게 진출할 수 있습니다. 그 다음으로는 인구수가 열세인 인도 진출하는 것이 내수 시장보다는 규모가 훨씬 커서 도움이 될 것입니다.","wordCount":38}}},"rawDataInfo":{"question":{"fileFormat":"wav","fileSize":430158,"duration":13440,"samplingBit":16,"channelCount":1,"samplingRate":"16kHz","audioPath":"/Mock/02.SalesMarketing/Female/Experienced/ckmk_q_sm_f_e_163916.wav"},"answer":{"fileFormat":"wav","fileSize":2533838,"duration":79180,"samplingBit":16,"channelCount":1,"samplingRate":"16kHz","audioPath":"/Mock/02.SalesMarketing/Female/Experienced/ckmk_a_sm_f_e_163916.wav"}}}