{"version":"1.0","dataSet":{"info":{"date":"20230116","occupation":"SM","channel":"MOCK","place":"ONLINE","gender":"FEMALE","ageRange":"-34","experience":"EXPERIENCED"},"question":{"raw":{"text":"어 본인이 지금까지 살아오시면서 가장 힘들었던 경험이 무엇인지 어 그것에 대해서 이 자리에서 상세하게 말씀해 주시고 또 그것을 어떻게 극복하셨는지 말씀해 주시면 감사하겠습니다","wordCount":23},"emotion":[],"intent":[]},"answer":{"raw":{"text":"네 저는 최근에 업무를 하다가 좀 힘들었던 경험이 있었는데요. 어 슬럼프라는 것을 겪었습니다. 어 사실상 저는 업무에 대한 열정이 많고 제 직업을 좋아하기 때문에 업무를 항상 열심히 하고 최선을 다했습니다. 하지만 저에게도 이게 일정 기간 동안 반복되는 일들을 하다 보니까 슬럼프라는 게 찾아왔습니다. 그 일이 좀 지루하게 느껴졌고 예전에 열정에서 좀 벗어나서 좀 다른 일을 해보고 싶다 라는 생각도 많이 들었고요. 그리고 약간 무기력증이 찾아오는 게 굉장히 힘들었습니다. 저는 원래 일에 대한 열정과 의욕이 많고 또 어떤 업무를 수행할 때 최선을 다해서 끝까지 하는 편인데요. 하지만 당시에는 쪼금 그 상황보다 다른 상황에서 벗어나고 싶고 현실에서 도피하고 싶다 이런 마음이 강했습니다. 어 저도 왜 그런 마음이 들었는지 모르겠는데요. 여러 가지 환경상 그런 문제가 발생할 수 있을 것 같습니다. 그런데 저는 그 슬래프를 잘 또 극복을 해냈습니다. 저에게 그런 상황이 있을 수 있다고 인지를 했고요. 대신에 그동안 저의 열정을 다시 일으킬 수 있는 취미생활을 했습니다. 그러면서 다시 흥미를 느껴 줬고 일상생활에 복귀를 하면서 그 슬럼프를 좀 지혜롭게 극복해 낸 사례라고 볼 수가 있을 것 같습니다.","wordCount":163},"emotion":[],"intent":[{"text":"","expression":"","category":"attitude"}],"summary":{"text":"최근 업무에 대한 열정과 의욕이 많았던 저에게도 일정 기간 동안 반복되는 일들을 하면서 슬럼프라는 것이 찾아왔습니다. 그 일이 지루하게 느껴졌고 예전에 열정에서 벗어나서 다른 일을 해보고 싶다 라는 생각도 들었고, 약간 무기력증이 찾아오는 게 굉장히 힘들었습니다. 그런데 그 슬래프를 잘 극복해 냈습니다. 그동안의 열정을 다시 일으킬 수 있는 취미생활을 했습니다. 그러면서 그 슬럼프를 지혜롭게 극복해 낸 사례라고 볼 수 있을 것 같습니다.","wordCount":62}}},"rawDataInfo":{"question":{"fileFormat":"wav","fileSize":646478,"duration":20200,"samplingBit":16,"channelCount":1,"samplingRate":"16kHz","audioPath":"/Mock/02.SalesMarketing/Female/Experienced/ckmk_q_sm_f_e_120058.wav"},"answer":{"fileFormat":"wav","fileSize":2752718,"duration":86020,"samplingBit":16,"channelCount":1,"samplingRate":"16kHz","audioPath":"/Mock/02.SalesMarketing/Female/Experienced/ckmk_a_sm_f_e_120058.wav"}}}