{"version":"1.0","dataSet":{"info":{"date":"20230116","occupation":"SM","channel":"MOCK","place":"ONLINE","gender":"FEMALE","ageRange":"45-54","experience":"EXPERIENCED"},"question":{"raw":{"text":"어 본인이 생각할 때 본인이 창의적으로 어떠한 문제를 해결을 해 본 경험이 있으신가요 있으시다면 어떤 문제였는지 설명해 주시기를 바랍니다","wordCount":19},"emotion":[],"intent":[]},"answer":{"raw":{"text":"모든 문제는 창의적으로 해결한 경험이 많이 있습니다. 창의적으로 문제를 해결하는 것은 내가 그 문제를 어떻게 바라보냐에 따라서 달라진다고 생각합니다. 똑같은 문제가 아니라 그 문제가 나와 만났을 때 어떻게 발전되어서 나에게 문제가 되었는지를 생각을 해야 합니다. 그 상황은 모든 사람에게 똑같은 상황으로 되어 있지 않고 상황이 나와 만났을 때 어떠한 문제가 생긴 것이기 때문에 나의 문제점과 상황의 문제점을 병합적으로 같이 해결해야 그것이 문제의 근본적인 해결점을 찾는 것이라고 생각하고 있습니다. 그래서 똑같은 문제로 바라보지 않는 고정 관념을 피하는 것이 창의적으로 어떤 문제를 해결하는 키였습니다.","wordCount":82},"emotion":[],"intent":[{"text":"","expression":"","category":"attitude"}],"summary":{"text":"창의적으로 문제를 해결하는 방법은 제가 그 문제를 어떻게 바라보느냐에 따라 달라집니다. 고정 관념을 피하고 저의 문제점과 상황의 문제점을 같이 해결해야 문제의 근본적인 해결점을 찾습니다.","wordCount":24}}},"rawDataInfo":{"question":{"fileFormat":"wav","fileSize":459598,"duration":14360,"samplingBit":16,"channelCount":1,"samplingRate":"16kHz","audioPath":"/Mock/02.SalesMarketing/Female/Experienced/ckmk_q_sm_f_e_253760.wav"},"answer":{"fileFormat":"wav","fileSize":2309198,"duration":72160,"samplingBit":16,"channelCount":1,"samplingRate":"16kHz","audioPath":"/Mock/02.SalesMarketing/Female/Experienced/ckmk_a_sm_f_e_253760.wav"}}}