{"version":"1.0","dataSet":{"info":{"date":"20230116","occupation":"SM","channel":"MOCK","place":"ONLINE","gender":"FEMALE","ageRange":"55-","experience":"EXPERIENCED"},"question":{"raw":{"text":"동물 실험에 관해서 지원자님의 생각이 궁금한데요 동물 실험이 인간에게 주는 이익에 관해서 어 생각나시는 대로 말씀해 주시기 바랍니다","wordCount":18},"emotion":[],"intent":[]},"answer":{"raw":{"text":"동물 실험이 인간에게 주는 이익에 관해서 말씀해 보라고 하셨는데요. 저는 동물 실험에 대해서 아 찬성을 하는 편입니다. 제가 인간이기 때문에 그런 것 보다는 아 동물 실험 인간에게 실험을 할 수는 없지 않습니까. 아 동물에게는 이제 미안하기도 한데 저도 강아지를 키우면서 어 강아지 시어 실험 그런 거를 이제 많이 느끼는데요. 제가 아시는 분도 동물 실험을 하거든요. 그 동물 실험을 하면 보통 이제 강아지 같은 경우에는 비글을 많이 실험을 하고 그다음에 토끼 돼지 그다음에 쥐 등을 실험을 하더라구요. 그런데 쥐 같은 경우는 어 인간에게 유해한 동물이다 라는 이 그런 생각이 있어서 쥐는 사실 가엾지는 않은데 다른 동물들은 많이 가엾습니다. 강아지 같은 경우는 비글이 좀 온순한 편이고 그 다음에 결과가 잘 도출이 돼서 비글을 많이 쓴다고 하더라구요. 근데 그 동물 실험을 하는 사람한테 이제 들어 보면 실험을 할 때마다 아 약간 자기도 그 죄의식을 많이 느낀다고 하더라구요. 죄의식을 느끼면서 아 내가 이 일을 해야 되나 하지만 아 인류 건강 고 다음에 인류의 생명 연장 그런 큰 모토를 생각을 한다고 하더라구요. 예 그런 거를 위해서 동물을 꼭 희생을 시켜야 하나 라고 하지만 우리도 모두 건강하게 살고 그 다음에 또 동물 실험을 하면서 동물에게도 이익을 주는 뭔가 결과는 도출이 될 거라고 저는 생각을 합니다. 그래서 그거는 좀 피할 수 없는 아 인간에게 주는 이익이기 때문에 동물 실험을 저는 어 찬성을 하는 입장입니다.","wordCount":207},"emotion":[{"text":"그런데 쥐 같은 경우는 어 인간에게 유해한 동물이다 라는 이 그런 생각이 있어서 쥐는 사실 가엾지는 않은데 다른 동물들은 많이 가엾습니다.","expression":"n-sadness","category":"positive"}],"intent":[{"text":"","expression":"","category":"attitude"}],"summary":{"text":"동물 실험에 찬성합니다. 쥐는 인간에게 유해한 동물이라는 생각이 있어서 동물 실험을 할 수는 없지만, 비글이 온순해서 다른 동물들은 많이 가엽습니다. 동물 실험을 하는 사람들은 인류 건강, 인류 생명 연장을 위해서 동물을 희생해야 한다고 하지만, 동물 실험을 통해 인간에게 이익이 될 수 있다고 생각합니다.","wordCount":43}}},"rawDataInfo":{"question":{"fileFormat":"wav","fileSize":463438,"duration":14480,"samplingBit":16,"channelCount":1,"samplingRate":"16kHz","audioPath":"/Mock/02.SalesMarketing/Female/Experienced/ckmk_q_sm_f_e_240234.wav"},"answer":{"fileFormat":"wav","fileSize":3702478,"duration":115700,"samplingBit":16,"channelCount":1,"samplingRate":"16kHz","audioPath":"/Mock/02.SalesMarketing/Female/Experienced/ckmk_a_sm_f_e_240234.wav"}}}