{"version":"1.0","dataSet":{"info":{"date":"20230116","occupation":"SM","channel":"MOCK","place":"ONLINE","gender":"FEMALE","ageRange":"55-","experience":"EXPERIENCED"},"question":{"raw":{"text":"지원자님은 요즘 따로 공부하고 있는 게 있나요 만약에 있다면 왜 그걸 공부하는지 또 지금까지 무엇을 배웠는지에 대해서도 함께 말씀해 주시기 바랍니다","wordCount":21},"emotion":[],"intent":[]},"answer":{"raw":{"text":"네 요즘 공부하고 있는 것이 있냐고 물어봤는데요. 아 저는 지금 요즘에 세계사와 그 다음에 한국사 영어 회화 공부를 꾸준히 해오고 있습니다. 세계사 중에서도 요즘에는 한동안 유럽사를 공부를 했었는데 요즘은 중국사를 공부를 합니다. 그래서 사마천의 사기를 읽고 있는 중인데요. 야 중국이 그렇게 방대한 나라인 줄은 아 이 사기를 읽으면서 사기를 사실 이번에 처음 읽은 건 아니지만 읽으면서 참 재미있는 나라다 라고 생각을 하게 되었습니다. 우리나라는 어 작은 나라지만 옹기종기 모여 살면서 지금까지 긴 역사를 갖고 있었지만 중국은 사실 우리보다 더 오래되기도 했고 그다음에 땅이 너무 방대해서 그런지 너무 스케일이 큰 역사를 갖고 있더라구요. 그래서 그 공부를 하다 보면 너무 재미있습니다. 남의 역사를 보면서 어 옛 것을 보면서 새 것을 공부한다 라는 것처럼 지나간 역사를 보면 또 미래가 보여지기도 하더라구요. 그래서 저는 세계사와 한국사 그 다음에 아 영어 회화 공부 세 개를 언제나 놓지 않고 어 저에게 아 저에게 좀 저를 단련시키면서 하는 공부가 이 세 가지입니다. 그리고 또 한편으로 지 공부도 하고 있는데요. 지리 공부는 제가 이 한국사 공부를 하면서 역사 문화 지도사 일을 하게 되면 어느 곳을 가서든지 손님들에게 잘 설명을 할 수 있게 하기 위해서 공부를 열심히 하고 있습니다. 아 지리 공부를 하다보니 왜 이런 지형이 생겼으며 그다음에 이 산은 왜 이렇게 어 좀 악산이거나 아니면 진흙산이거나 그런 공부를 하면서 참 재미있더라구요.","wordCount":203},"emotion":[{"text":"아 지리 공부를 하다보니 왜 이런 지형이 생겼으며 그다음에 이 산은 왜 이렇게 어 좀 악산이거나 아니면 진흙산이거나 그런 공부를 하면서 참 재미있더라구요.","expression":"p-interest","category":"positive"}],"intent":[{"text":"","expression":"","category":"attitude"}],"summary":{"text":"저는 세계사와 한국사 영어 회화 공부, 그리고 지리 공부를 하고 있습니다. 중국은 우리보다 더 오래되었고 땅은 너무 방대해서 역사를 공부하다 보면 미래가 보이기도 해서, 저는 세계사, 한국사, 영어 회화 공부를 항상 놓지 않고 지 공부도 하고 있읍니다. 지리 공부를 하다보니 어떤 지형이 생겼으며 어떤 산은 왜 이렇게 생겼는지 공부하며 재미있었습니다.","wordCount":50}}},"rawDataInfo":{"question":{"fileFormat":"wav","fileSize":604878,"duration":18900,"samplingBit":16,"channelCount":1,"samplingRate":"16kHz","audioPath":"/Mock/02.SalesMarketing/Female/Experienced/ckmk_q_sm_f_e_242091.wav"},"answer":{"fileFormat":"wav","fileSize":3793998,"duration":118560,"samplingBit":16,"channelCount":1,"samplingRate":"16kHz","audioPath":"/Mock/02.SalesMarketing/Female/Experienced/ckmk_a_sm_f_e_242091.wav"}}}