{"version":"1.0","dataSet":{"info":{"date":"20230116","occupation":"SM","channel":"MOCK","place":"ONLINE","gender":"FEMALE","ageRange":"45-54","experience":"EXPERIENCED"},"question":{"raw":{"text":"면접자님은 현재까지 어떤 어떤 프로젝트를 수행해 보셨나요","wordCount":7},"emotion":[],"intent":[]},"answer":{"raw":{"text":"네 저는 대학교 때 진행했던 프로젝트 중에서 친구들과 홍보 마케팅 공모전에 참여를 한 적이 있습니다. 어 사실 홍보 마케팅 공모전은 창의성이 굉장히 중요한데요. 아이디어 공모전이었습니다. 어 사실 영업을 함에 있어서도 이 아이디어가 굉장히 중요하고 또 공모전이나 프로젝트를 할 때도 창의성이 가장 중요한 요소라고 생각이 듭니다. 그런데 사실 창의성이라는 게 어 한 순간에 발견되는 게 아니고 여러 가지 노력과 경험을 통해서 이뤄진다고 생각을 합니다. 그래서 그 프로젝트를 진행을 할 때 저희가 아이디어 회의를 많이 진행을 했었는데요. 하지만 아이디어를 회의를 진행을 하고 또 압박 속에서 진행을 하다 보니까 어 독창성이 조금 낮아지는 경향이 있었습니다. 그래서 어쨌든 저희가 그 장기간 동안 고민을 하고 또 서로 논의를 해서 어 프로젝트에 참여를 했었는데요. 다행히 저희가 수상을 하는 그런 기회를 가졌습니다. 이렇게 저는 협업을 통해서 여러 가지 창의성과 아이디어를 통해서 도전하는 일을 굉장히 좋아하는데요. 제가 입사 한 이후에도 이러한 프로젝트를 저한테 맡겨 주신다고 하면 저는 좀 재미있게 도전을 할 수 있을 것 같구요. 또 아이디어를 많이 낼 수 있도록 노력하도록 하겠습니다.","wordCount":155},"emotion":[{"text":"네 저는 대학교 때 진행했던 프로젝트 중에서 친구들과 홍보 마케팅   공모전에 참여를 한 적이 있습니다.","expression":"u-fact","category":"neutral"},{"text":"이렇게 저는 협업을 통해서   여러 가지 창의성과 아이디어를 통해서 도전하는 일을 굉장히 좋아하는데요.","expression":"p-interest","category":"positive"}],"intent":[{"text":"네 저는 대학교 때 진행했던 프로젝트 중에서 친구들과 홍보 마케팅   공모전에 참여를 한 적이 있습니다.","expression":"c_private","category":"background"}],"summary":{"text":"영업과 프로젝트에 있어 창의성은 매우 중요하나, 아이디어 회의의 경우 압박 속에서 진행하다 보니 독창성이 낮아지는 경향이 있었습니다. 다행히 수상을 하는 기회를 가졌습니다. 협업을 통해서 여러 가지 창의성과 아이디어를 통해서 도전하는 일을 굉장히 좋아하기 때문에 입사 한 이후에도 이러한 프로젝트를 저한테 맡겨 주신다면 좀 재미있게 도전을 할 수 있을 것 같습니다.","wordCount":50}}},"rawDataInfo":{"question":{"fileFormat":"wav","fileSize":235278,"duration":7350,"samplingBit":16,"channelCount":1,"samplingRate":"16kHz","audioPath":"/Mock/02.SalesMarketing/Female/Experienced/ckmk_q_sm_f_e_113575.wav"},"answer":{"fileFormat":"wav","fileSize":2746318,"duration":85820,"samplingBit":16,"channelCount":1,"samplingRate":"16kHz","audioPath":"/Mock/02.SalesMarketing/Female/Experienced/ckmk_a_sm_f_e_113575.wav"}}}