{"version":"1.0","dataSet":{"info":{"date":"20230116","occupation":"SM","channel":"MOCK","place":"ONLINE","gender":"FEMALE","ageRange":"45-54","experience":"EXPERIENCED"},"question":{"raw":{"text":"쓰리디 티브이가 이슈인데 기술적인 부분에서 중요하다고 생각하는 점을 말해보시고 또한 소비자의 관점에서 자기의 생각을 한 번 말해보세요","wordCount":17},"emotion":[],"intent":[]},"answer":{"raw":{"text":"네 쓰리디 티비 라면 일단 뭐 입체적으로 그 느낌을 정말 잘 살려야 된다는 그까 기술적으로 정말 내가 어 그 안에 들어가 있는 듯한 그런 느낌을 줄 수 있도록 하는 그런 기술이 그 제가 잘은 모르지만 그런 게 중요할 것 같은데요. 이제 저가 소비자의 관점에서 좀 본다면 그까 쓰리디 티비를 볼려면 어떤 그 안경 같은 보안경을 좀 쓰고 봐야 되잖아요. 아직 뭐 초기 단계라서 그런지 그게 너무 좀 크고 보기에는 불편하더라구요. 그래서 그런 부분을 좀 간편하게 뭐 안경처럼 만들 수는 없는 건지 또 이게 더 발전이 되면 그 안경 자체를 안 쓰더라도 그런 그 느낌을 줄 수 있는 건지 네 그랬으면 좋겠습니다. 그냥 티비처럼 아무 것도 착용하지 않더라도 볼 수 있으면 너무 좋을 것 같습니다.","wordCount":114},"emotion":[],"intent":[{"text":"","expression":"","category":"attitude"}],"summary":{"text":"쓰리디 티비를 살 때 입체적인 느낌을 살려야 하는데 아직 초기 단계라 안경 같은 보안경을 써야 되서 불편합니다. 안경처럼 만들 수는 없는 건지 더 발전되면 안경 자체를 안 쓰더라도 그런 느낌을 줄 수 있는 건지 좋겠습니다.","wordCount":35}}},"rawDataInfo":{"question":{"fileFormat":"wav","fileSize":441038,"duration":13780,"samplingBit":16,"channelCount":1,"samplingRate":"16kHz","audioPath":"/Mock/02.SalesMarketing/Female/Experienced/ckmk_q_sm_f_e_180969.wav"},"answer":{"fileFormat":"wav","fileSize":2367438,"duration":73980,"samplingBit":16,"channelCount":1,"samplingRate":"16kHz","audioPath":"/Mock/02.SalesMarketing/Female/Experienced/ckmk_a_sm_f_e_180969.wav"}}}