{"version":"1.0","dataSet":{"info":{"date":"20230116","occupation":"SM","channel":"MOCK","place":"ONLINE","gender":"FEMALE","ageRange":"35-44","experience":"EXPERIENCED"},"question":{"raw":{"text":"면접자님은 평소에 개인 작업을 많이 하시는 편이실까요 만약 그러시다면 그렇게 할 수 있는 원동력 동력이 무엇이라고 생각하시나요","wordCount":17},"emotion":[],"intent":[]},"answer":{"raw":{"text":"평소에 개인적인 작업은 많이 하는 편입니다. 그렇게 할 수 있는 원동력은 제 개인에 목표가 있기 때문인데요. 하루하루를 열심히 살다 보면 그 하루가 쌓여서 일 주일 일 주일 쌓여서 한 달 그리고 한 달이 쌓여서 일 년 이렇게 의미없는 것이 아니라 하루하루를 알차고 정말 개인적으로 많은 것들을 이루면 이룰수록 그것이 저에게 돌아온다 라고 저는 믿거든요. 노력한 만큼 그러한 성과들이 돌아올 거라고 믿기 때문에 매일매일을 충실히 살자. 그리고 그 매일매일 잘 살기 위해서 계획표와 일정표를 꾸준히 빽빽하게 좀 채워 넣는 편입니다.","wordCount":79},"emotion":[],"intent":[{"text":"하루하루를 열심히 살다 보면 그 하루가 쌓여서 일 주일 일 주일 쌓여서 한 달 그리고 한 달이 쌓여서 일 년 이렇게 의미없는 것이 아니라 하루하루를 알차고 정말 개인적으로 많은 것들을 이루면 이룰수록 그것이 저에게 돌아온다 라고 저는 믿거든요.","expression":"c_value","category":"background"},{"text":"노력한 만큼 그러한 성과들이 돌아올 거라고 믿기 때문에 매일매일을 충실히 살자.","expression":"c_value","category":"background"},{"text":"그리고 그 매일매일 잘 살기 위해서 계획표와 일정표를 꾸준히 빽빽하게 좀 채워 넣는 편입니다.","expression":"c_person","category":"background"}],"summary":{"text":"개인적인 작업을 자주 하는데 그 원동력은 제 개인에 목표가 있기 때문이고, 노력을 많이 할수록 성과가 돌아온다고 믿습니다. 그래서 매일을 충실하게 살고 계획표와 일정표를 꾸준히 채워넣는 편입니다.","wordCount":26}}},"rawDataInfo":{"question":{"fileFormat":"wav","fileSize":548558,"duration":17140,"samplingBit":16,"channelCount":1,"samplingRate":"16kHz","audioPath":"/Mock/02.SalesMarketing/Female/Experienced/ckmk_q_sm_f_e_228353.wav"},"answer":{"fileFormat":"wav","fileSize":1363278,"duration":42600,"samplingBit":16,"channelCount":1,"samplingRate":"16kHz","audioPath":"/Mock/02.SalesMarketing/Female/Experienced/ckmk_a_sm_f_e_228353.wav"}}}