{"version":"1.0","dataSet":{"info":{"date":"20230116","occupation":"SM","channel":"MOCK","place":"ONLINE","gender":"FEMALE","ageRange":"45-54","experience":"EXPERIENCED"},"question":{"raw":{"text":"생명보험 자동차보험 상조 우리들의 생활 주변에는 보험이 엄청나게 많이 있습니다 혹시 보험 영업에 대한 인식이 안 좋은 경우가 있었는데 어떻게 생각하십니까","wordCount":21},"emotion":[],"intent":[]},"answer":{"raw":{"text":"네 우리 사회에서 보험 영업에 대한 인식 개선이 정말 필요하다고 생각을 합니다. 어 이런 인식을 개선하기 위해서는 여러 가지가 필요한데요. 일단 보험을 영업하는 사람들을 좀 전문적으로 다룰 필요가 있을 것 같습니다. 과거에는 단순히 보험을 전문적이지 않고 파는 행위에만 집중을 했다면 보험의 상품성에 대해서 보다 전문적으로 설명을 해주고 사실 용어도 굉장히 어렵습니다. 그런데 소비자들은 이걸 이해하지 못하고 보험 가입을 하는 경우가 굉장히 많은데요. 그렇다 보니까 보다 전문적이고 좀 객관적으로 평가할 수 있는 그런 인재들이 필요할 것 같고요. 과거에 아줌마 영업에서 좀 벗어나서 어 일반인들에게 그리고 젊은 층에게 다가갈 수 있는 그런 좀 반 판매 전략이 필요하다고 생각을 합니다. 그리고 과거에 우리 보험 영업은 굉장히 그 대면을 통해서 어 인맥 영업이 많았습니다. 좀 이런 거에서 벗어나서 정말 필요한 사람들을 만나서 어 정말 지식이 풍부한 이야기를 하고 그 사람이 원하는 수준의 전문적인 판매가 필요할 것 같다는 생각이 드는데요. 인식이 좋지 않은 만큼 이런 점들을 좀 개선을 해서 영업에 대한 방식을 바꾸는 게 가장 급선무라고 생각을 합니다.","wordCount":153},"emotion":[],"intent":[{"text":"","expression":"","category":"attitude"}],"summary":{"text":"보험 영업에 대한 인식을 개선하기 위해서는 보험을 판매하는 사람들을 전문적으로 다룰 필요가 있습니다. 전문적이고 객관적으로 평가할 수 있는 인재들이 필요하고, 일반인들에게 그리고 젊은 층에게 다가갈 수 있는 반 판매 전략이 필요합니다. 또한 필요한 사람들을 만나 지식이 풍부한 이야기를 하고 그 사람이 원하는 수준의 전문적인 판매가 필요합니다.","wordCount":46}}},"rawDataInfo":{"question":{"fileFormat":"wav","fileSize":574478,"duration":17950,"samplingBit":16,"channelCount":1,"samplingRate":"16kHz","audioPath":"/Mock/02.SalesMarketing/Female/Experienced/ckmk_q_sm_f_e_115122.wav"},"answer":{"fileFormat":"wav","fileSize":2752718,"duration":86020,"samplingBit":16,"channelCount":1,"samplingRate":"16kHz","audioPath":"/Mock/02.SalesMarketing/Female/Experienced/ckmk_a_sm_f_e_115122.wav"}}}