{"version":"1.0","dataSet":{"info":{"date":"20230116","occupation":"SM","channel":"MOCK","place":"ONLINE","gender":"FEMALE","ageRange":"35-44","experience":"EXPERIENCED"},"question":{"raw":{"text":"업무 시 분쟁이 발생할 때를 대비한 지원자님의 대처법이 있다면 무엇인지 말씀해 주세요","wordCount":12},"emotion":[],"intent":[]},"answer":{"raw":{"text":"먼저 업무 시 분쟁이 발생할 때는 각자의 입장만을 만약에 고집을 한다고 한다면 해결할 수 있는 방법은 하나도 없습니다. 따라서 먼저 그 사람들이 어떠한 것에 대해서 불만을 가지고 있는지 무엇이 문제인지를 먼저 파악을 하는 것이 더 중요하다고 생각합니다. 그래서 내가 그분들이 이 가지고 있는 문제점이 무엇인지를 판단을 하고 제가 해결할 수 있는 부분들은 어떤 것인지를 먼저 하다 보면 그분들도 굉장히 이제 화가 나고 흥분되어 있는 상황에서 좀 더 더 잠재워 줄 수 있는 부분이 있고 이성적으로 생각할 수 있는 부분들이 분명히 생길 것이고 이렇게 이성적으로 생각할 수 있는 상황이 닥쳤을 때 저의 의견을 피력하는 것이 가장 좋은 전략이라고 생각을 합니다. 흥분해 놓고 서로 서로 어 험담하고 서로를 깎아내리고 하는 것은 결국 일을 해결하는 데 있어서는 아무 도움이 안 된다고 생각하거든요. 그래서 흥분하지 않고 서로 이성적으로 생각할 수 있게끔 그런 것을 좀 초석에 제가 부드러운 것으로 경청하고 의견을 나누고 하는 부분이 더 중요하다 라고 생각합니다.","wordCount":143},"emotion":[],"intent":[{"text":"따라서 먼저 그 사람들이 어떠한 것에 대해서 불만을 가지고 있는지 무엇이 문제인지를 먼저 파악을 하는 것이 더 중요하다고 생각합니다.","expression":"c_confl_mg","category":"personality"},{"text":"그래서 내가 그분들이 이 가지고 있는 문제점이 무엇인지를 판단을 하고 제가 해결할 수 있는 부분들은 어떤 것인지를 먼저 하다","expression":"c_confl_mg","category":"personality"},{"text":"보면 그분들도 굉장히 이제 화가 나고 흥분되어 있는 상황에서 좀 더 더 잠재워 줄 수 있는 부분이 있고 이성적으로 생각할 수 있는 부분들이 분명히 생길 것이고 이렇게 이성적으로 생각할 수 있는 상황이 닥쳤을 때 저의 의견을 피력하는 것이 가장 좋은 전략이라고 생각을 합니다.","expression":"c_confl_mg","category":"personality"},{"text":"그래서 흥분하지 않고 서로 이성적으로 생각할 수 있게끔 그런 것을 좀 초석에 제가 부드러운 것으로 경청하고 의견을 나누고 하는 부분이 더 중요하다 라고 생각합니다.","expression":"c_confl_mg","category":"personality"}],"summary":{"text":"업무 시 분쟁이 발생할 때는 각자의 입장만을 고집한다면 해결할 수 있는 방법은 없습니다. 따라서 불만을 먼저 파악하는 것이 중요하다고 생각합니다. 그래서 그들이 가지고 있는 문제점을 먼저 판단하여 제가 해결하고자 하는 부분을 적시적소에 경청하고 의견을 나누는 것이 가장 좋은 전략이라고 생각합니다.","wordCount":40}}},"rawDataInfo":{"question":{"fileFormat":"wav","fileSize":281678,"duration":8800,"samplingBit":16,"channelCount":1,"samplingRate":"16kHz","audioPath":"/Mock/02.SalesMarketing/Female/Experienced/ckmk_q_sm_f_e_228359.wav"},"answer":{"fileFormat":"wav","fileSize":2505678,"duration":78300,"samplingBit":16,"channelCount":1,"samplingRate":"16kHz","audioPath":"/Mock/02.SalesMarketing/Female/Experienced/ckmk_a_sm_f_e_228359.wav"}}}