{"version":"1.0","dataSet":{"info":{"date":"20230116","occupation":"SM","channel":"MOCK","place":"ONLINE","gender":"FEMALE","ageRange":"35-44","experience":"EXPERIENCED"},"question":{"raw":{"text":"외국계 기업의 해외 영업 직군이지만 외국인과의 일할 수 있는 기회가 생각보다 많지는 않을 수 있습니다 어 괜찮으십니까","wordCount":17},"emotion":[],"intent":[]},"answer":{"raw":{"text":"음 네 좋습니다 저는. 저는 그게 제일 좋은 좋은 거 같애요. 외국인이랑 접하지 않으니까 그냥 편하게 저는 제가 잘 하는 제 저의 유일한 언어 한국어를 쓰면 되는 거고 아니 왜냐하면 그 영어를 쓸 수는 있지만 유일하다고 하는 거는 이제 이렇 이런 식의 능숙한 대화가 되지 않기 때문에 노력이야 하죠. 그런데 정말 제가 막 유창한 게 아니기 때문에 그래서 너무나 괜찮습니다. 오히려 외국계 기업으로서 그 국내 기업과는 다른 그런 사내 분위기를 적당히 적절히 느끼면서 그 차이를 조금 체감하면서 제가 음 앞으로 어떻게 될지 모르겠지만 또 여러 가지 부분 그런 회사들을 네 볼 때 고려하면서 볼 수 있는 어떤 저에 견문을 넓힐 수 있는 기회가 될 것 같아서 장점밖에 없다고 생각합니다.","wordCount":109},"emotion":[],"intent":[{"text":"","expression":"","category":"attitude"}],"summary":{"text":"외국계 기업으로서 국내 기업과는 다른 사내 분위기를 느끼면서 외국의 회사들을 고려하면서 견문을 넓힐 수 있는 기회가 될 것 같아서 장점밖에 없다고 생각합니다.","wordCount":22}}},"rawDataInfo":{"question":{"fileFormat":"wav","fileSize":470798,"duration":14710,"samplingBit":16,"channelCount":1,"samplingRate":"16kHz","audioPath":"/Mock/02.SalesMarketing/Female/Experienced/ckmk_q_sm_f_e_141978.wav"},"answer":{"fileFormat":"wav","fileSize":2739918,"duration":85620,"samplingBit":16,"channelCount":1,"samplingRate":"16kHz","audioPath":"/Mock/02.SalesMarketing/Female/Experienced/ckmk_a_sm_f_e_141978.wav"}}}