{"version":"1.0","dataSet":{"info":{"date":"20230116","occupation":"SM","channel":"MOCK","place":"ONLINE","gender":"FEMALE","ageRange":"55-","experience":"EXPERIENCED"},"question":{"raw":{"text":"지원자님께서 가지고 있는 상위 일 퍼센트의 능력이 있으신가요 있다면 그 능력에 대해 최대한 자세하게 어필을 해 주실 수 있을까요","wordCount":19},"emotion":[],"intent":[]},"answer":{"raw":{"text":"네 저 같은 경우에는 적응력이 제가 가지고 있는 가장 큰 장점 중의 하나라고 생각을 합니다. 그 이유는 저는 어느 곳에 가더라도 내가 처음 간 곳이고 혹은 낯선 곳이더라도 얼마든지 잘 적응할 수 있는 그런 친화력이 있기 때문입니다. 예전부터 친구들은 저에게 사막에 가더라도 살아 남을 수 있는 친구라고 항상 말해주었습니다. 그런 말들처럼 저는 제가 처음 보는 사람이더라도 영업을 하기 위해서 먼저 말을 걸고 먼저 분위기를 주도해서 제가 영업해야 될 그런 프로덕트들도 꼭 잘 판매할 수 있도록 하겠습니다.","wordCount":76},"emotion":[],"intent":[{"text":"네 저 같은 경우에는 적응력이 제가 가지고 있는 가장 큰 장점 중의 하나라고 생각을 합니다.","expression":"c_person","category":"background"},{"text":"그 이유는 저는 어느 곳에 가더라도 내가 처음 간 곳이고 혹은 낯선 곳이더라도 얼마든지 잘 적응할 수 있는 그런 친화력이 있기 때문입니다.","expression":"c_person","category":"background"},{"text":"예전부터 친구들은 저에게 사막에 가더라도 살아 남을 수 있는 친구라고 항상 말해주었습니다.","expression":"c_adp","category":"personality"}],"summary":{"text":"저는 낯선 곳에도 잘 적응할 수 있는 적응력이 제가 가진 장점 중 하나라고 생각합니다. 제가 처음 보는 사람이더라도 먼저 분위기를 주도해서 제가 영업해야 될 프로덕트들도 잘 판매할 수 있도록 하겠습니다.","wordCount":30}}},"rawDataInfo":{"question":{"fileFormat":"wav","fileSize":599438,"duration":18730,"samplingBit":16,"channelCount":1,"samplingRate":"16kHz","audioPath":"/Mock/02.SalesMarketing/Female/Experienced/ckmk_q_sm_f_e_243695.wav"},"answer":{"fileFormat":"wav","fileSize":2471118,"duration":77220,"samplingBit":16,"channelCount":1,"samplingRate":"16kHz","audioPath":"/Mock/02.SalesMarketing/Female/Experienced/ckmk_a_sm_f_e_243695.wav"}}}