{"version":"1.0","dataSet":{"info":{"date":"20230116","occupation":"SM","channel":"MOCK","place":"ONLINE","gender":"FEMALE","ageRange":"35-44","experience":"EXPERIENCED"},"question":{"raw":{"text":"지원자님이 태어나서 현재까지 해 온 일들 중에서 가장 후회했던 일이 있다면 무엇인지 한 가지만 골라서 말해 주세요","wordCount":17},"emotion":[],"intent":[]},"answer":{"raw":{"text":"어 저는 학창 시절에 공부를 열심히 하는 학생은 아니었었는데 고등학교 이제 졸업하기 전에 그래도 한번 어 공부를 좀 열심히 한번은 해보고 싶다 라는 마음을 가지고는 있었어요. 그래서 뭐 꾸준히 평소에 뭔가를 공부를 열심히 한다기보다 그 시험 기간에 그 하루를 좀 정성 들여서 이 공부하는 데 에너지를 쏟으면 좋겠다. 근데 사실 쉽지 않았고 계속 이제 시간이 흐를수록 저의 고등학교 졸업이 눈앞에 다가온 거죠. 그래서 마지막 기말고사를 볼 때 사실은 수능이 이미 종료가 됐기 때문에 성적 반영에는 그렇게 크게 작용하지 않는 경우였는데 그냥 제가 개인적으로 스스로 뭔가를 성취해 내고 싶다는 생각이 들었어 가지고 이번에는 꼭 공부를 한번 제대로 해보고 싶다 라고 해서 세계 지리를 시험 보기 전에 그 세계 지리를 공부를 할려고 책상에 앉았었어요. 근데 진짜 첫 장 보고 잠깐 피곤해서 눈을 붙였는데 아침이 됐던 일이 있습니다. 그리고 나서 그렇게 시험을 어 아는 거 없이 봤던 그런 적이 있는데 그때 한 번쯤은 좀 한 번 해볼 거 하는 해볼 걸 하는 아쉬움이 좀 있습니다.","wordCount":152},"emotion":[],"intent":[{"text":"","expression":"","category":"attitude"}],"summary":{"text":"공부는 열심히 하지 않았던 제가 고등학교 졸업 전 시험 기간에  열심히 해보고 싶은 마음을 가졌는데 쉽지 않았고 고등학교 졸업이 다가왔습니다. 그래서 마지막 기말고사 세계 지리 공부를 해 보려고 책상에 앉았는데 아침이 된 일이 있었습니다. 그러고나니 한 번쯤은 해볼 걸 하는 아쉬움이 좀 있습니다.","wordCount":43}}},"rawDataInfo":{"question":{"fileFormat":"wav","fileSize":427278,"duration":13350,"samplingBit":16,"channelCount":1,"samplingRate":"16kHz","audioPath":"/Mock/02.SalesMarketing/Female/Experienced/ckmk_q_sm_f_e_165928.wav"},"answer":{"fileFormat":"wav","fileSize":2810318,"duration":87820,"samplingBit":16,"channelCount":1,"samplingRate":"16kHz","audioPath":"/Mock/02.SalesMarketing/Female/Experienced/ckmk_a_sm_f_e_165928.wav"}}}