{"version":"1.0","dataSet":{"info":{"date":"20230116","occupation":"SM","channel":"MOCK","place":"ONLINE","gender":"FEMALE","ageRange":"35-44","experience":"EXPERIENCED"},"question":{"raw":{"text":"어 지원자님께서는 이전 직장을 그만둔 특별한 이유가 있으신가요 또 이유가 있으시다면 어 현재의 직장도 그것과 같은 이유로 그만두실 가능성이 있으신지 궁금합니다","wordCount":21},"emotion":[],"intent":[]},"answer":{"raw":{"text":"제가 이전 직장을 그만둔 이유는 출산과 육아 때문이었습니다. 육아 후식을 따로 주지 않아서 출산 휴가 삼 개월 만에 다시 복직을 하게 되었습니다. 아무래도 육아와 업무를 동시에 하는 워킹맘의 현실은 너무나 힘이 들었습니다. 도움을 줄 수 있는 조부모나 도우미들이 없었더라면 더욱더 힘든 상황이라 직장을 그만둘 수밖에 없었습니다. 지금은 아이가 어느정도 컸고 도움을 줄 수 있는 조부모가 계시기 때문에 같은 이유로 그만둘 가능성은 없을 것 같습니다. 그리고 최근에는 뭐 어느 정도 단축 업무라든가 여러 가지 혜택들이 국가에서 지원되는 부분이 있기 때문에 이런 부분만 회사에서 조금만 좀 양해해 주시고 도와주신다면 그만 둔 계획 없이 잘 다닐 수 있을 것 같습니다.","wordCount":97},"emotion":[],"intent":[{"text":"","expression":"","category":"attitude"}],"summary":{"text":"육아와 업무를 동시에 하는 워킹맘의 현실에서는 조부모나 도우미들이 없었더라면 더욱 힘들겠습니다. 요즘은 단축 업무나 여러 가지 혜택들이 국가에서 지원되기 때문에 회사 차원에서 양해해 준다면 직장을 계속 다닐 수 있을 것 같습니다.","wordCount":31}}},"rawDataInfo":{"question":{"fileFormat":"wav","fileSize":529678,"duration":16550,"samplingBit":16,"channelCount":1,"samplingRate":"16kHz","audioPath":"/Mock/02.SalesMarketing/Female/Experienced/ckmk_q_sm_f_e_227918.wav"},"answer":{"fileFormat":"wav","fileSize":1632078,"duration":51000,"samplingBit":16,"channelCount":1,"samplingRate":"16kHz","audioPath":"/Mock/02.SalesMarketing/Female/Experienced/ckmk_a_sm_f_e_227918.wav"}}}