{"version":"1.0","dataSet":{"info":{"date":"20230116","occupation":"SM","channel":"MOCK","place":"ONLINE","gender":"FEMALE","ageRange":"45-54","experience":"EXPERIENCED"},"question":{"raw":{"text":"지금까지 여러 가지 대외 활동을 해 보셨을 텐데요 지원자님은 대외 활동에서 무엇을 배웠고 어떤 자세로 임했었는지 말씀 부탁드립니다","wordCount":18},"emotion":[],"intent":[]},"answer":{"raw":{"text":"네 여러 가지 대외 활동을 경험해 보았습니다. 아 어떤 자세로 임했는지에 대해서는 뭐 저는 언제나 대내 활동이나 대외 활동이나 모든 일에 내가 참여하는 일에 최선을 다하자. 그리고 다른 사람들한테 어 피해는 주지 말자. 아 대신 이제 도움을 줄 수 있으면 도움을 주지 피해는 주지 말자 라는 주의이기 때문에 어 뭐든 그 다른 사람의 폐가 되지 않게 열심히 노력하는 자세로 임했구요. 사실 제가 좀 소심한 성격으로 사람들을 처음 만나는 것을 좀 많이 두려워 했었는데 여러 대외 활동을 해보면서 어 성격이 많이 바뀌었습니다. 아 사람들 만나는 것에 대해서도 두렵지 않고 또 처음 사람을 만났을 때 어떻게 대해야 하는지 어 부드러운 그런 분위기를 어떻게 조성해야 하는지 그런 것들을 많이 배우게 됐었던 것 같습니다.","wordCount":110},"emotion":[],"intent":[{"text":"","expression":"","category":"attitude"}],"summary":{"text":"여러 가지 대외 활동을 경험해 보았는데 어떤 자세로 임했는지에 대해서는 어떤 일에 참여하는 일에 최선을 다하자 라는 주의이기 때문에 다른 사람의 폐가 되지 않도록 열심히 노력하는 자세로 임했습니다. 사람들과 만나는 것에 대해서도 두렵지 않고 부드러운 분위기를 조성하는 방법을 배웠습니다.","wordCount":39}}},"rawDataInfo":{"question":{"fileFormat":"wav","fileSize":599438,"duration":18730,"samplingBit":16,"channelCount":1,"samplingRate":"16kHz","audioPath":"/Mock/02.SalesMarketing/Female/Experienced/ckmk_q_sm_f_e_239889.wav"},"answer":{"fileFormat":"wav","fileSize":2625998,"duration":82060,"samplingBit":16,"channelCount":1,"samplingRate":"16kHz","audioPath":"/Mock/02.SalesMarketing/Female/Experienced/ckmk_a_sm_f_e_239889.wav"}}}