{"version":"1.0","dataSet":{"info":{"date":"20230116","occupation":"SM","channel":"MOCK","place":"ONLINE","gender":"FEMALE","ageRange":"45-54","experience":"EXPERIENCED"},"question":{"raw":{"text":"면접자님께서 그동안 인생에서 겪었던 갈등들 중 가장 심각했던 갈등은 무엇인가요 한 가지만 골라 면접자님의 생각을 말씀해 주세요","wordCount":17},"emotion":[],"intent":[]},"answer":{"raw":{"text":"제가 대학교에 다니던 시절 팀 프로젝트를 준비하는 상황이 있었는데요. 그때 팀을 구성하는 인원이 선배와 후배 모두 같이 한 팀에 섞여 있었던 적이 있었습니다. 그런데 공교롭게도 의견이 갈리게 됐는데 그게 선배와 후배들이 나뉘어서 의견이 나뉘었던 케이스라 의견을 조율하는 것에 있어서 조금 어려움이 있었는데 의견을 조율해 나가는 과정 중에 후배가 선배의 의견에 맞춰야 한다 라는 의견이 나왔고 그 멘트를 계기로 더욱더 큰 갈등이 일어나게 됐습니다. 그래서 결국에는 어 선배 후배의 개념을 떠나서 의견 자체로 바라보는 게 맞는 것이다 라는 결론이 나와서 익명으로 어떠한 의견을 하는 것이 맞는 것인지 투표를 했고 그 결과 투명하게 후배 의견이 더 낫다 라는 것으로 과반수가 선택을 해서 후배 의견으로 조율을 해서 팀 프로젝트를 준비했고 어 다행히도 선배들이 후배에게 사과를 하고 좋게 마무리됐던 기억이 있습니다.","wordCount":117},"emotion":[],"intent":[{"text":"","expression":"","category":"attitude"}],"summary":{"text":"제가 대학교에 다니던 시절 팀 프로젝트를 준비하는 상황이었는데, 선배와 후배가 나뉘어서 의견이 나뉘었던 케이스라 의견을 조율해 나가는 과정 중에 후배가 선배의 의견에 맞춰야 한다 라는 의견이 나왔고 그 멘트를 계기로 갈등이 일어났습니다. 그리하여 과반수가 선택을 해서 후배 의견으로 조율을 해서 팀 프로젝트를 준비했습니다.","wordCount":43}}},"rawDataInfo":{"question":{"fileFormat":"wav","fileSize":491598,"duration":15360,"samplingBit":16,"channelCount":1,"samplingRate":"16kHz","audioPath":"/Mock/02.SalesMarketing/Female/Experienced/ckmk_q_sm_f_e_146900.wav"},"answer":{"fileFormat":"wav","fileSize":2476878,"duration":77400,"samplingBit":16,"channelCount":1,"samplingRate":"16kHz","audioPath":"/Mock/02.SalesMarketing/Female/Experienced/ckmk_a_sm_f_e_146900.wav"}}}