{"version":"1.0","dataSet":{"info":{"date":"20230116","occupation":"SM","channel":"MOCK","place":"ONLINE","gender":"FEMALE","ageRange":"-34","experience":"EXPERIENCED"},"question":{"raw":{"text":"우리 회사에 들어오게 된다면 가장 가고 싶은 부서와 왜 그렇게 생각하셨는지 이유를 함께 설명 부탁드리겠습니다","wordCount":15},"emotion":[],"intent":[]},"answer":{"raw":{"text":"저는 입사를 하게 된다면 해외 영업 지원 업무를 좀 해보고 싶습니다. 저는 기본적으로 해외 영업 업무를 굉장히 선호를 하는 편인데요. 제가 아무래도 해외에 나가는 걸 굉장히 좋아하고 또 다양한 나라의 사람들과 같이 일을 하는 작업들을 좋아합니다. 왜냐하면 제가 과거에도 해외 지원 업무를 했을 때 저의 적성에도 가장 잘 맞으면서 굉장히 재미있게 일했던 경험이 있습니다. 각 나라의 문화도 다양하고 또 판매하는 방식도 다르지만 그런 것들을 공부함으로써 저의 어 인지가 높아지고 그리고 제 경험이 쌓이는 그런 경험을 했는데요. 그래서 만약에 부서를 이동하게 된다면 저는 해외 영업팀에 가서 좀 지원을 해 보고 싶습니다. 그리고 제가 기본적으로 해외 여행도 많이 다니고 어학 연수를 다녀온 그런 경험을 가지고 있습니다. 아마 그런 것들이 영업하는 데 도움이 될 거구요. 그래서 제가 언어 실력도 좀 뛰어납니다. 제가 기본적으로 영어 뿐만이 아니라 일본어 그리고 불어도 할 수 있어서 어 해외에서 영업을 하고 그 사람들과 대화 소통이 가능합니다. 그래서 제가 만약에 해외 영업팀에 자원이 되고 어 발탁이 된다면 훨씬 더 제 역량을 발휘할 수 있다고 생각합니다.","wordCount":156},"emotion":[{"text":"왜냐하면 제가 과거에도 해외 지원 업무를 했을 때 저의   적성에도 가장 잘 맞으면서 굉장히 재미있게 일했던 경험이 있습니다.","expression":"u-fact","category":"neutral"},{"text":"그리고 제가 기본적으로 해외 여행도 많이 다니고 어학 연수를 다녀온 그런 경험을 가지고   있습니다.","expression":"u-fact","category":"neutral"}],"intent":[{"text":"","expression":"","category":"attitude"}],"summary":{"text":"저는 해외 영업 업무를 굉장히 선호합니다. 과거에 해외 지원 업무를 했을 때 적성에도 맞고 흥미가 높아졌기 때문입니다. 부서를 이동하게 된다면 해외 영업팀에 가서 지원을 해 보고 싶습니다. 그리고 어학 연수를 다녀온 경험을 가지고 있습니다. 그래서 언어 실력도 좀 뛰어납니다. 그래서 발탁이 된다면 제 역량을 발휘할 수 있다고 생각합니다.","wordCount":48}}},"rawDataInfo":{"question":{"fileFormat":"wav","fileSize":345678,"duration":10800,"samplingBit":16,"channelCount":1,"samplingRate":"16kHz","audioPath":"/Mock/02.SalesMarketing/Female/Experienced/ckmk_q_sm_f_e_113764.wav"},"answer":{"fileFormat":"wav","fileSize":2729678,"duration":85300,"samplingBit":16,"channelCount":1,"samplingRate":"16kHz","audioPath":"/Mock/02.SalesMarketing/Female/Experienced/ckmk_a_sm_f_e_113764.wav"}}}