{"version":"1.0","dataSet":{"info":{"date":"20230116","occupation":"SM","channel":"MOCK","place":"ONLINE","gender":"FEMALE","ageRange":"35-44","experience":"EXPERIENCED"},"question":{"raw":{"text":"고객의 불만이나 클레임을 해결한 경험이 있다면 어떻게 대처하셨습니까","wordCount":8},"emotion":[],"intent":[]},"answer":{"raw":{"text":"실제로 영업 활동을 하다 보면 고객들의 불만이나 클레임을 정말 자주 겪게 됩니다. 어 굉장히 나이스하고 호의적이고 긍정적인 소비자 분도 계시지만 그렇지 않은 분들도 많은데요. 어 예를 들어서 그 피드백에 있어서 아예 부정적인 감정을 처음부터 가지고 있거나 아니면 중간에 어떤 정보의 잘못된 접근이나 오류들로 인해서 저에게 불만이나 클레임을 제기 하시기도 합니다. 그런데 그 불만이나 클레임을 제기하는 방법에 있어서 감정적으로 무조건 대하시고 또 이성적으로 그 정보를 들으려 하지 않을 때는 저도 사실 난감한 상황들이 있는데요. 그래도 저는 일단은 고객님들이 불만을 가지신 상황이기 때문에 그 문제가 무엇인지 파악할려고 노력을 하고요. 그리고 고객님들의 입장에서 한 번 더 생각을 해보게 됩니다. 그 고객님이 왜 그런 정보를 통해서 그런 감정과 불만을 가지게 됐을까를 역지사지 입장에서 생각을 하다 보면 어 그래도 약간 공감이 되는 부분들이 있구요. 그리고 만약에 제가 납득하지 못한다고 하더라도 그 고객님에 공감하고 이해하고 또 저는 영업을 하는 사람이기 때문에 그걸들을 잘 처리해 드리려고 노력을 하는 편인거 같습니다. 그리고 실제적으로 다음번에 다시 클라임이 발생하지 않게 제가 보완을 하고 노력을 하는 편인 것 같습니다.","wordCount":158},"emotion":[],"intent":[{"text":"그래도 저는 일단은   고객님들이 불만을 가지신 상황이기 때문에 그 문제가 무엇인지 파악할려고 노력을 하고요.","expression":"c_confl_mg","category":"personality"},{"text":"그리고 만약에 제가   납득하지 못한다고 하더라도 그 고객님에 공감하고 이해하고 또 저는   영업을 하는 사람이기 때문에 그걸들을 잘 처리해 드리려고 노력을 하는 편인거 같습니다.","expression":"c_confl_mg","category":"personality"}],"summary":{"text":"영업 활동을 하다 보면 고객의 불만이나 클레임을 자주 겪게 됩니다. 저는 고객님들의 불만사항을 파악하기 위해 노력하고 있습니다. 그리고 고객님의 입장에서 생각해 보면 공감이 되는 부분들이 있고 또 제가 납득하지 못한다고 하더라도 고객님에 공감하고 이해하고 또 제가 영업을 하는 사람이기 때문에 그걸 잘 처리해 드리려고 노력을 하는 편인 것 같습니다.","wordCount":49}}},"rawDataInfo":{"question":{"fileFormat":"wav","fileSize":243278,"duration":7600,"samplingBit":16,"channelCount":1,"samplingRate":"16kHz","audioPath":"/Mock/02.SalesMarketing/Female/Experienced/ckmk_q_sm_f_e_140807.wav"},"answer":{"fileFormat":"wav","fileSize":2836878,"duration":88650,"samplingBit":16,"channelCount":1,"samplingRate":"16kHz","audioPath":"/Mock/02.SalesMarketing/Female/Experienced/ckmk_a_sm_f_e_140807.wav"}}}