{"version":"1.0","dataSet":{"info":{"date":"20230116","occupation":"SM","channel":"MOCK","place":"ONLINE","gender":"FEMALE","ageRange":"-34","experience":"EXPERIENCED"},"question":{"raw":{"text":"지원자님의 전공에 관련해서 최근 부족하다고 느끼고 따로 공부를 하고 있는 분야가 있으신가요","wordCount":12},"emotion":[],"intent":[]},"answer":{"raw":{"text":"저는 경영학을 전공하였지만 최근 부족하다고 느끼는 분야는 회계 분야입니다. 계산하는 면이 다소 어렵기 때문에 이 부분은 따로 제가 보충을 해야 한다고 느꼈습니다. 그래서 먼저 회계 관련 인터넷 강의를 꾸준히 수강하고 있습니다. 한 강의가 끝날 때는 스스로 테스트를 거치면서 해당 단원에서 부족했던 점들을 다시 고민해 보고는 합니다. 또한 이후에 다시 복습하는 시간을 가져 배웠던 내용을 잊지 않기 위해 노력하고 있습니다. 이렇게 했을 경우 제가 내용을 보다 잘 학습할 수 있고 더 오래 기억할 수 있다고 생각합니다. 앞으로는 지금까지 배웠던 분야와 관련된 책들을 읽음으로써 보다 심화 학습을 할 수 있도록 노력할 것입니다. 이렇게 한다면 제 개인 역시 발전할 수 있고 제가 일하는 분야 역시도 업무를 보다 잘 수행해 낼 수 있을 것이라고 생각합니다.","wordCount":111},"emotion":[{"text":"그래서 먼저 회계 관련 인터넷 강의를 꾸준히 수강하고 있습니다.","expression":"u-fact","category":"neutral"}],"intent":[{"text":"","expression":"","category":"attitude"}],"summary":{"text":"저는 경영학을 전공했지만 회계 분야는 최근 부족하다고 느껴서 회계 관련 인터넷 강의를 꾸준히 수강하고 있습니다. 한 강의가 끝날 때는 테스트로 부족했던 점들을 고민하고 이후 다시 복습하는 시간을 갖습니다. 이렇게 한다면 제 개인 역시 발전할 수 있고 업무 역시 잘 수행해 낼 수 있을 것입니다.","wordCount":44}}},"rawDataInfo":{"question":{"fileFormat":"wav","fileSize":338318,"duration":10570,"samplingBit":16,"channelCount":1,"samplingRate":"16kHz","audioPath":"/Mock/02.SalesMarketing/Female/Experienced/ckmk_q_sm_f_e_199701.wav"},"answer":{"fileFormat":"wav","fileSize":2725838,"duration":85180,"samplingBit":16,"channelCount":1,"samplingRate":"16kHz","audioPath":"/Mock/02.SalesMarketing/Female/Experienced/ckmk_a_sm_f_e_199701.wav"}}}