{"version":"1.0","dataSet":{"info":{"date":"20230116","occupation":"SM","channel":"MOCK","place":"ONLINE","gender":"FEMALE","ageRange":"45-54","experience":"EXPERIENCED"},"question":{"raw":{"text":"요즘 다양한 에스엔에스가 있는데요 면접자분은 본인의 에스엔에스 채널 채널이 있으신가요 그리고 있다면 어떻게 활용을 하시나요 자세하게 설명해 주세요","wordCount":18},"emotion":[],"intent":[]},"answer":{"raw":{"text":"저는 개인적으로 인스타그램이라는 에스엔에스를 활용하고 있는데 이 인스타그램을 이용하면서 정말 많은 정보를 얻을 수 있어서 저는 굉장히 도움을 많이 받고 있습니다. 물론 처음에는 제 일상을 기록하는 용도로 어 에스엔에스 개설을 했는데요. 지금은 오히려 에스엔에스를 통해서 제 일상을 기록하는 용도보다 제가 필요한 정보를 얻는 그런 용도로 많이 활용을 하고 있어서 어 지금 거의 하루에 제가 그 인스타그램에 올라오는 정보 중에 하나 이상은 제가 저장을 해 두고 추후에 그 정보들을 다시 한번 들여다보고 저에게 필요한 것들을 많이 얻어가는 그러한 방식으로 활용하고 있습니다.","wordCount":80},"emotion":[],"intent":[{"text":"","expression":"","category":"attitude"}],"summary":{"text":"저는 처음에는 제 일상을 기록하는 용도로 소셜미디어를 개설했습니다. 지금은 필요한 정보를 얻는 용도로 많이 활용해서 거의 하루에 올라오는 정보 중에 하나 이상을 저장해 두고 다시 한번 들여다보고 필요한 것들을 많이 얻어가고 있습니다.","wordCount":32}}},"rawDataInfo":{"question":{"fileFormat":"wav","fileSize":522318,"duration":16320,"samplingBit":16,"channelCount":1,"samplingRate":"16kHz","audioPath":"/Mock/02.SalesMarketing/Female/Experienced/ckmk_q_sm_f_e_146897.wav"},"answer":{"fileFormat":"wav","fileSize":1630158,"duration":50940,"samplingBit":16,"channelCount":1,"samplingRate":"16kHz","audioPath":"/Mock/02.SalesMarketing/Female/Experienced/ckmk_a_sm_f_e_146897.wav"}}}