{"version":"1.0","dataSet":{"info":{"date":"20230116","occupation":"SM","channel":"MOCK","place":"ONLINE","gender":"FEMALE","ageRange":"45-54","experience":"EXPERIENCED"},"question":{"raw":{"text":"지원자님께서 업무를 수행할 때 사람들과 협업을 하며 가장 어려웠던 점은 무엇이었나요 그리고 그 점을 어떻게 극복하셨는지도 말씀해 주세요","wordCount":18},"emotion":[],"intent":[]},"answer":{"raw":{"text":"어 사람들과 협업을 하면서 가장 어려웠던 점이라면 어 어떤 그 같은 프로젝트에 대해서 어 의견이 다를 때 입니다. 사실 그렇게 의견이 다르기 때문에 여러 시간에 토론을 거치면서 좀 더 어 결과물이 훌륭히 훌륭해지기는 하겠지만 어 그 의견이 다를 때 내 의견에 대한 반대 의견을 제시합니다 상대방이. 어 반대 의견을 제시할 수는 있습니다. 그렇지만 아무 대안이 없습니다. 대안 없는 반대 의견은 도대체 뭐 어 어떻게 하자는 건지 알 수가 없는 답답한 상황으로 치닫게 되구요. 어 그렇기 때문에 반대 의견을 제시할 때는 어떤 대안을 가지고 얘기를 해야 되지 않나 싶어서 저는 어떤 그런 의견차에 대한 얘기를 할 때 어 꼭 먼저 협업할 때 시작할 때 얘기합니다. 그런 의견에 반대 의견을 낼 수 있다 그럴 땐 꼭 어 문제점이라든지 그런 걸 말하는 것도 좋지만 대안도 꼭 같이 생각을 해서 얘기를 했으면 좋겠다. 예 그렇게 얘기를 하면 조금 더 예 그 회의의 질도 높아지고 생각을 좀 더 많이 하는 것 같았습니다.","wordCount":147},"emotion":[],"intent":[{"text":"","expression":"","category":"attitude"}],"summary":{"text":"프로젝트에 대한 의견이 다를 때 가장 어려움은 제 의견에 대한 반대 의견을 제시할 때입니다. 하지만 대안이 없습니다. 그래서 저는 먼저 협업할 때 얘기합니다. 그런 의견에 반대 의견을 낼 수 있다면 대안도 같이 생각을 해서 얘기를 했으면 좋겠습니다. 그러면 회의의 질이 높아지고 생각을 더 많이 할 수 있습니다.","wordCount":47}}},"rawDataInfo":{"question":{"fileFormat":"wav","fileSize":508878,"duration":15900,"samplingBit":16,"channelCount":1,"samplingRate":"16kHz","audioPath":"/Mock/02.SalesMarketing/Female/Experienced/ckmk_q_sm_f_e_239760.wav"},"answer":{"fileFormat":"wav","fileSize":3277838,"duration":102430,"samplingBit":16,"channelCount":1,"samplingRate":"16kHz","audioPath":"/Mock/02.SalesMarketing/Female/Experienced/ckmk_a_sm_f_e_239760.wav"}}}