{"version":"1.0","dataSet":{"info":{"date":"20230116","occupation":"SM","channel":"MOCK","place":"ONLINE","gender":"FEMALE","ageRange":"45-54","experience":"EXPERIENCED"},"question":{"raw":{"text":"아 직무를 수행하는 중에 난관에 봉착했다면 어떻게 해결을 하시겠는지요 어 지원자님만의 해결법이 있으면 설명해 주시고 또 그 이유도 함께 말씀해 주세요","wordCount":21},"emotion":[],"intent":[]},"answer":{"raw":{"text":"직무 수행을 하는 중에 쉬운 일만 있는 것은 아닙니다. 어렵거나 제가 해결하지 못하는 일들도 분명히 있었습니다. 그럴 때 저는 직장 상사와 상의를 하고 어떻게 방향을 잡아가야 하는지를 여쭤보겠습니다. 제가 혼자만 끌어안고 이걸 스스로 해결해야지 하고 노력을 하다보니 더 시행착오가 많아지고 업무 마무리 기간도 길었었던 기억이 있습니다. 그때 상사분께서 이럴 경우에는 주변 사람들과 특히 업무를 내려준 상사분께 상의를 하고 방향을 다시 제시받는 것이 가장 빠른 업무 해결 방법이라고 얘기해 준 적이 있었는데 그 얘기가 정말 많은 도움이 됐었습니다. 그래서 저는 이럴 경우 상사분과 상담하거나 이야기를 나누겠습니다.","wordCount":85},"emotion":[],"intent":[{"text":"","expression":"","category":"attitude"}],"summary":{"text":"직무 수행 중 어려운 일, 해결하지 못하는 일이 있을 때 상사께 어떻게 방향을 잡아가야 하는지 질문하였습니다. 상사분이 가장 빠른 업무 해결 방법이라고 소개해 준 적이 있는데 그 얘기가 많은 도움이 됐습니다.","wordCount":31}}},"rawDataInfo":{"question":{"fileFormat":"wav","fileSize":467918,"duration":14620,"samplingBit":16,"channelCount":1,"samplingRate":"16kHz","audioPath":"/Mock/02.SalesMarketing/Female/Experienced/ckmk_q_sm_f_e_173894.wav"},"answer":{"fileFormat":"wav","fileSize":1703758,"duration":53240,"samplingBit":16,"channelCount":1,"samplingRate":"16kHz","audioPath":"/Mock/02.SalesMarketing/Female/Experienced/ckmk_a_sm_f_e_173894.wav"}}}