{"version":"1.0","dataSet":{"info":{"date":"20230116","occupation":"SM","channel":"MOCK","place":"ONLINE","gender":"FEMALE","ageRange":"35-44","experience":"EXPERIENCED"},"question":{"raw":{"text":"몇 년 전 우버 택시와 관한 논란이 있었습니다 지원자님께서는 찬반 양론에 대해 각각 어떻게 생각하고 계신가요","wordCount":16},"emotion":[],"intent":[]},"answer":{"raw":{"text":"우버 같은 경우에는 전 세계적으로도 이미 많은 나라에서 어 서비스를 하고 있는 이미 인증을 받은 그런 서비스라고 생각을 합니다. 하지만 국내에 들어오는 데 문제가 됐었던 이유는 기존에 라이센스를 가지고 택시 면허를 가지고 계신 분들이 그것에 대해서 피해를 보지 않을까 라는 우려에 있어서 그리고 어 승객들도 뭔가 입증 인증이 되어 있지 않 않고 어 무명 이잖아요. 그런 어 누군가에게도 누구나 그냥 익명으로 어 오는 그런 택시 기사에게 혹시나 범죄 위험에 노출이 되지 않거 않겠나 라는 그런 우려에 있어서 어 노 찬반 논란이 굉장히 많았던 것으로 생각이 됩니다. 하지만 이미 입증되어 있고 그러한 어 어 그 사후관리에 대해서 그런 범죄 노출에 대해서도 분명히 지금 다른 나라에서도 많은 어 케이스를 알아볼 수 있는 것처럼 우리나라도 만약에 우버트 씨를 만약 어 반대할 것이 아니라 어떻게 하면 우리나라에 도입했을 때 가장 문제가 없고 가장 해결이 빠를 수 있게끔 도와줄 수 있는지 알아보는 것이 대안을 마련하는 것이 더 좋다 라고 생각을 합니다.","wordCount":146},"emotion":[],"intent":[{"text":"","expression":"","category":"attitude"}],"summary":{"text":"우버는 이미 많은 나라에서 서비스를 하고 있는 서비스이지만 국내 도입에 있어 찬반 논란이 많았던 것으로 생각합니다. 하지만 이미 입증이 되어 있고 다른 나라에서도 많은 케이스를 알아볼 수 있는 것처럼 우리나라도 대안으로 마련하는 것이 더 좋다 라고 생각합니다.","wordCount":37}}},"rawDataInfo":{"question":{"fileFormat":"wav","fileSize":396878,"duration":12400,"samplingBit":16,"channelCount":1,"samplingRate":"16kHz","audioPath":"/Mock/02.SalesMarketing/Female/Experienced/ckmk_q_sm_f_e_228356.wav"},"answer":{"fileFormat":"wav","fileSize":2732238,"duration":85380,"samplingBit":16,"channelCount":1,"samplingRate":"16kHz","audioPath":"/Mock/02.SalesMarketing/Female/Experienced/ckmk_a_sm_f_e_228356.wav"}}}