{"version":"1.0","dataSet":{"info":{"date":"20230116","occupation":"SM","channel":"MOCK","place":"ONLINE","gender":"FEMALE","ageRange":"35-44","experience":"EXPERIENCED"},"question":{"raw":{"text":"면접자님은 창의성과 팀워크 중에 어느 것이 더 중요하다고 생각하는지 이야기해 주시겠습니까 또한 그 근거도 함께 들어서 이야기를 해주시면 더 좋겠습니다","wordCount":20},"emotion":[],"intent":[]},"answer":{"raw":{"text":"네 저는 일을 할 때 창의성과 팀워크 모두 중요하다고 생각을 합니다. 창의성은 개인에게 필요로 하는 거 일 것 같구요. 팀워크는 팀을 위해서 서로 양보해야 될 부분인 것 같습니다. 기본적으로 본인의 역량이 뛰어나야 된다고 생각을 합니다. 본인의 창의성과 아이디어를 실현하기 위해서 계속해서 본인이 자기 계발을 통해서 노력을 해야 되는데요. 저도 물론 그렇게 창의성을 키우기 위해서 노력을 하고 있습니다. 기존의 업무 뿐만이 아니라 업무 외적인 시간에는 제가 자기 계발을 통해서 책도 읽고 강의도 듣고요. 그리고 다양한 여러 가지 경험을 통해서 자신을 업그레이드 시키기 위한 노력을 하고 있는데요. 이런 노력들이 기반이 돼야 창의성이라는 게 생기는 것 같습니다. 그리고 나서 팀워크도 중요합니다. 왜냐하면 회사는 혼자 일하는 게 아니고 같이 팀으로 움직이는 거기 때문에 같이 협업을 하고 상호 작용할 수 있는 것도 중요하다고 생각을 하는데요. 그래서 사실 어느 거 하나 더 중요한 게 없이 모두 중요한 것 같습니다. 개인의 역량 발전 뿐만이 아니라 또 팀에서 일원으로서 본인의 역할을 최선을 다하고 같이 협업할 수 있는 그런 능력도 필요한 것 같습니다. 그래서 저는 둘 다 중요한 것 같습니다.","wordCount":161},"emotion":[],"intent":[{"text":"기존의 업무 뿐만이 아니라 업무 외적인 시간에는 제가 자기 계발을   통해서 책도 읽고 강의도 듣고요.","expression":"c_imp","category":"personality"},{"text":"왜냐하면 회사는   혼자 일하는 게 아니고 같이 팀으로 움직이는 거기 때문에 같이 협업을 하고   상호 작용할 수 있는 것도 중요하다고 생각을 하는데요.","expression":"c_cop","category":"personality"},{"text":"개인의 역량 발전 뿐만이 아니라   또 팀에서 일원으로서 본인의 역할을 최선을 다하고 같이 협업할 수 있는 그런   능력도 필요한 것 같습니다.","expression":"c_cop","category":"personality"}],"summary":{"text":"일을 할 때 창의성과 팀워크 모두 중요하다고 생각하며, 기본적으로 본인의 역량이 뛰어나야 된다고 생각합니다. 개인의 역량 발전 뿐만 아니라 팀의 일원으로서 본인의 역할을 최선을 다하고 같이 협업할 수 있는 능력도 필요한 것 같습니다.","wordCount":33}}},"rawDataInfo":{"question":{"fileFormat":"wav","fileSize":527438,"duration":16480,"samplingBit":16,"channelCount":1,"samplingRate":"16kHz","audioPath":"/Mock/02.SalesMarketing/Female/Experienced/ckmk_q_sm_f_e_113555.wav"},"answer":{"fileFormat":"wav","fileSize":2752078,"duration":86000,"samplingBit":16,"channelCount":1,"samplingRate":"16kHz","audioPath":"/Mock/02.SalesMarketing/Female/Experienced/ckmk_a_sm_f_e_113555.wav"}}}