{"version":"1.0","dataSet":{"info":{"date":"20230116","occupation":"SM","channel":"MOCK","place":"ONLINE","gender":"FEMALE","ageRange":"35-44","experience":"EXPERIENCED"},"question":{"raw":{"text":"만약 일을 하게 되면 영어로 서류를 작성해야 할 일이 생길 수도 있습니다 그렇게 되었을 경우 영어로 서류를 작성하는 것에 가능하신가요","wordCount":20},"emotion":[],"intent":[]},"answer":{"raw":{"text":"제가 진짜 외국 고객들을 많이 만나봐서 그 영어 서류를 수도 없이 작성을 해 왔었거든요. 그래서 진짜 어떤 양식을 갖다 주셔도 자신 있게 작성할 수 있습니다. 사실 안 해본 분야도 없어요. 이 일을 하면서 그 관련된 그 사람의 고객의 그 직업과 관련된 또 서류들도 다뤘어야 했기 때문에 어 그 고객이 어떤 일을 하느냐에 따라서 그 직종에 따른 서류들도 굉장히 많이 제가 접해봤기 때문에 영어로 서류를 작성하는 거는 눈 감고도 할 수 있을 정도로 저한테 되게 익숙한 업무입니다.","wordCount":76},"emotion":[],"intent":[{"text":"","expression":"","category":"attitude"}],"summary":{"text":"영어로 서류를 작성하는 것은 저한테 익숙한 업무입니다. 이 일을 하면서 고객의 직업과 관련된 서류들도 다뤘고 고객의 업무와 직종에 따른 서류들도 많이 접해봤기 때문입니다.","wordCount":23}}},"rawDataInfo":{"question":{"fileFormat":"wav","fileSize":368078,"duration":11500,"samplingBit":16,"channelCount":1,"samplingRate":"16kHz","audioPath":"/Mock/02.SalesMarketing/Female/Experienced/ckmk_q_sm_f_e_156962.wav"},"answer":{"fileFormat":"wav","fileSize":1546958,"duration":48340,"samplingBit":16,"channelCount":1,"samplingRate":"16kHz","audioPath":"/Mock/02.SalesMarketing/Female/Experienced/ckmk_a_sm_f_e_156962.wav"}}}