{"version":"1.0","dataSet":{"info":{"date":"20230116","occupation":"SM","channel":"MOCK","place":"ONLINE","gender":"FEMALE","ageRange":"-34","experience":"EXPERIENCED"},"question":{"raw":{"text":"면접자님은 많은 어 업무들이 있는데 그중에 왜 영업 직무에 지원하셨는지 지원 동기에 대해서 듣고 싶습니다","wordCount":15},"emotion":[],"intent":[]},"answer":{"raw":{"text":"영업은 다른 사람을 설득함으로써 성취를 할 수 있다는 점에서 큰 매력이 있다고 생각합니다. 이 제품에 관심이 없던 사람들도 영업사원의 말을 통해 마음을 돌리곤 합니다. 이것을 보면 어 좀 더 성취감을 크게 느끼게 되는 것 같습니다. 영업 사원의 말 한마디에 마음을 돌릴 수 있고 결정을 하게 된다는 점에서 어 영업 사원에게 있어서는 성취감을 느낄 수 있는 큰 직무 중의 하나라고 생각합니다. 그리고 저는 어 영업과 관련된 인턴을 한 적이 있기 때문에 이 일을 하게 된다면은 좀 더 효율적으로 일을 처리해 나갈 수 있을 것이기 때문에 영업 직무에 잘 어울린다고 생각합니다. 그래서 향후 입사를 하게 된다면 경험들을 바탕으로 회사에 기여할 수 있도록 할 것입니다.","wordCount":102},"emotion":[],"intent":[{"text":"","expression":"","category":"attitude"}],"summary":{"text":"영업은 다른 사람을 설득함으로써 성취를 할 수 있다는 점이 큰 매력입니다. 제품에 관심이 없던 사람들도 영업사원의 말을 통해 마음을 돌리곤 합니다. 영업 사원에게 있어서는 성취감을 느낄 수 있는 큰 직무 중의 하나라고 생각합니다.","wordCount":33}}},"rawDataInfo":{"question":{"fileFormat":"wav","fileSize":395278,"duration":12350,"samplingBit":16,"channelCount":1,"samplingRate":"16kHz","audioPath":"/Mock/02.SalesMarketing/Female/Experienced/ckmk_q_sm_f_e_163919.wav"},"answer":{"fileFormat":"wav","fileSize":2640078,"duration":82500,"samplingBit":16,"channelCount":1,"samplingRate":"16kHz","audioPath":"/Mock/02.SalesMarketing/Female/Experienced/ckmk_a_sm_f_e_163919.wav"}}}