{"version":"1.0","dataSet":{"info":{"date":"20230116","occupation":"SM","channel":"MOCK","place":"ONLINE","gender":"FEMALE","ageRange":"35-44","experience":"EXPERIENCED"},"question":{"raw":{"text":"일을 하게 되면 중국으로 출장을 갈 일이 조금 생길 수도 있는데 중국 출장도 가능하실까요","wordCount":14},"emotion":[],"intent":[]},"answer":{"raw":{"text":"네 저는 중국 출장 뿐만이 아니라 다른 국가에 갖는 출장도 굉장히 좋아하고 편입니다. 저는 기본적으로 업무를 할 때 어 출장을 가야 하는 상황에서 자원에서 갈 정도로 굉장히 출장을 잘 다녔는데요. 왜냐하면 출장을 감으로써 제가 배울 수 있는 기회가 더 많다고 생각이 듭니다. 저희 국내뿐만 아니라 해외 영업을 하기 때문에 해외에 나가서 직접 어 출장을 가보고 그리고 프로젝트를 경험하는 건 매우 소중하다고 생각이 됩니다. 그렇기 때문에 저는 출장에 갈 기회가 있으면 제가 오히려 지원을 해서 가는 편인데요. 또 어떤 사람의 경우에는 출장을 가는 걸 굉장히 꺼려하는 분도 계신 것 같습니다. 하지만 저는 오히려 기회라고 생각을 하고요. 그 문화와 또 마케팅에 대해서 공부하고 또 열심히 사전 조사를 해서 갈 정도로 굉장히 출장을 좋아하는 편입니다. 사실 전 회사에 있어서도 제가 출장의 경험이 굉장히 많았고요. 다른 사람이 가지 않는 출장도 제가 대신해서 갈 정도로 좀 적극적으로 했던 것 같습니다. 그래서 제가 입사를 해서 출장이 많다고 하더라도 저는 괜찮구요. 업무를 더 열심히 할 자신이 있습니다.","wordCount":150},"emotion":[{"text":"네 저는 중국 출장 뿐만이 아니라 다른 국가에 갖는 출장도 굉장히 좋아하고   편입니다.","expression":"p-interest","category":"positive"},{"text":"그 문화와 또 마케팅에 대해서 공부하고 또 열심히 사전   조사를 해서 갈 정도로 굉장히 출장을 좋아하는 편입니다.","expression":"p-interest","category":"positive"}],"intent":[{"text":"","expression":"","category":"attitude"}],"summary":{"text":"저는 중국 출장 뿐만 아니라 다른 국가에 갖는 출장도 굉장히 좋아하는 편입니다. 특히 해외 영업을 하기 때문에 해외 출장을 가보고 프로젝트를 경험하는 것은 매우 소중하기 때문에 저는 지원을 해서 가는 편인데, 어떤 사람은 출장을 가는 걸 굉장히 꺼려하기도 합니다. 하지만 오히려 기회가 될 수 있다고 생각하며, 업무를 더 열심히 할 자신이 있습니다.","wordCount":52}}},"rawDataInfo":{"question":{"fileFormat":"wav","fileSize":371598,"duration":11610,"samplingBit":16,"channelCount":1,"samplingRate":"16kHz","audioPath":"/Mock/02.SalesMarketing/Female/Experienced/ckmk_q_sm_f_e_107695.wav"},"answer":{"fileFormat":"wav","fileSize":2557518,"duration":79920,"samplingBit":16,"channelCount":1,"samplingRate":"16kHz","audioPath":"/Mock/02.SalesMarketing/Female/Experienced/ckmk_a_sm_f_e_107695.wav"}}}