{"version":"1.0","dataSet":{"info":{"date":"20230116","occupation":"SM","channel":"MOCK","place":"ONLINE","gender":"FEMALE","ageRange":"-34","experience":"EXPERIENCED"},"question":{"raw":{"text":"보험 영업이라고 하면 안 좋게 생각하시는 분들이 많은데 이런 시선들에 대해서 어떻게 생각하시는지 본인의 의견을 말씀해 주시면 감사하겠습니다","wordCount":18},"emotion":[],"intent":[]},"answer":{"raw":{"text":"사실 우리나라 보험 영업이 굉장히 부정적인 이미지가 강한 것 같습니다. 어 사실 보험 영업이라는 게 꼭 나쁜 것만은 아니라고 생각을 합니다. 우리는 보험이라는 게 필요하구요. 연금이라든가 아니면은 질병을 위한 이런 보장성 보험도 필요한 상황입니다. 하지만 영업에 대한 부분이 부정적으로 인식된 게 불필요한 부분들을 영업을 했기 때문이라고 생각을 합니다. 그 사람이 정말 필요로 하고 원하는 게 있으면 당연히 보험에 들어야 하는 건데요. 그 영업을 통해서 불필요한 것까지 가입이 되다 보니까 가입자들이 이거에 대해서 불만을 품고 굉장히 그 부정적인 이미지가 강해진 것 같습니다. 그래서 그 업종에 종사하는 사람들에게 좀 문제가 있었던 것 같은데요. 저는 그 업종에 종사하는 사람들을 위한 교육이 시급하다고 생각을 합니다. 본인의 이익만 추구하기 위해서 보험을 파는 게 아니고 어 그것들을 조금 더 현실적이고 조금 더 객관적으로 판매할 수 있었으면 좋겠습니다. 어 소비자들이 똑똑해지고 그리고 다양해졌기 때문에 앞으로 이런 보험 영업에 대한 인식을 좋게 하기 위해서는 관련 종사자들의 노력이 무엇보다 절실하고 필요할 것 같다는 생각이 들었습니다.","wordCount":146},"emotion":[],"intent":[{"text":"","expression":"","category":"attitude"}],"summary":{"text":"우리나라 보험 영업은 불필요한 부분까지 영업을 하여 가입자들이 불만을 품고 부정적인 이미지가 강해졌는데 업종에 종사하는 사람들을 위한 교육이 시급하다고 생각합니다. 본인의 이익만 추구하기 위해서 보험을 파는 게 아니고 그것들을 현실적이고 조금 더 객관적으로 판매할 수 있었으면 좋겠습니다.","wordCount":37}}},"rawDataInfo":{"question":{"fileFormat":"wav","fileSize":416078,"duration":13000,"samplingBit":16,"channelCount":1,"samplingRate":"16kHz","audioPath":"/Mock/02.SalesMarketing/Female/Experienced/ckmk_q_sm_f_e_113418.wav"},"answer":{"fileFormat":"wav","fileSize":2750798,"duration":85960,"samplingBit":16,"channelCount":1,"samplingRate":"16kHz","audioPath":"/Mock/02.SalesMarketing/Female/Experienced/ckmk_a_sm_f_e_113418.wav"}}}