{"version":"1.0","dataSet":{"info":{"date":"20230116","occupation":"SM","channel":"MOCK","place":"ONLINE","gender":"FEMALE","ageRange":"45-54","experience":"EXPERIENCED"},"question":{"raw":{"text":"지원자님만에 커뮤니케이션을 잘하기 위한 스킬이 있나요 직접 보여주시면서 소개를 해 주셔도 좋습니다","wordCount":12},"emotion":[],"intent":[]},"answer":{"raw":{"text":"우선 커뮤니케이션을 하는 것에 있어서 스킬이 있다면 저는 두 가지를 말씀을 드리고 싶은데요. 우선 첫 번째는 경청입니다. 제가 하고 싶은 말이 있는 만큼 분명히 상대도 하고 싶은 이야기가 있을 수 있기 때문에 저는 우선적으로 제가 하고 싶은 말을 먼저 하기보다는 상대가 말하고 싶은 것들을 충분히 말할 수 있는 기회를 주고 저 또한 그 내용을 진심으로 최선을 다해서 들어주는 경청을 우선시하는데요. 경청을 한 이후에는 그냥 단순히 그 듣는 걸로 끝나는 것이 아니라 공감을 줄 수 있는 상대한 공감을 받았다 라고 생각이 들 수 있는 그런 문장까지 표현을 합니다. 예를 들면 너는 그렇게 생각할 수도 있겠다 그 쪽은 그렇게 생각할 수도 있군요 라는 식으로 공감의 멘트를 먼저 상대에게 건네면 사실 제가 진짜 공감하지 않았다고 하더라도 상대는 어쨌거나 공감을 받았다 라는 생각이 들기 때문에 어떤 소통을 하는 것에 있어서 조금 더 원활하게 할 수 있는 방법이었던 것 같습니다.","wordCount":135},"emotion":[],"intent":[{"text":"제가 하고 싶은 말이 있는 만큼   분명히 상대도 하고 싶은 이야기가 있을 수 있기 때문에 저는 우선적으로 제가 하고 싶은 말을 먼저 하기보다는 상대가   말하고 싶은 것들을 충분히 말할 수 있는 기회를 주고 저 또한 그 내용을 진심으로 최선을 다해서 들어주는   경청을 우선시하는데요.","expression":"s_comn","category":"attitude"},{"text":"경청을 한 이후에는 그냥 단순히 그 듣는 걸로 끝나는 것이 아니라 공감을 줄 수 있는   상대한 공감을 받았다 라고 생각이 들 수 있는 그런 문장까지 표현을 합니다.","expression":"s_comn","category":"attitude"},{"text":"예를 들면   너는 그렇게 생각할 수도 있겠다 그 쪽은 그렇게 생각할 수도 있군요 라는 식으로 공감의 멘트를   먼저 상대에게 건네면 사실 제가 진짜 공감하지 않았다고 하더라도 상대는 어쨌거나 공감을 받았다 라는 생각이 들기 때문에 어떤 소통을 하는 것에 있어서 조금 더 원활하게 할 수 있는 방법이었던 것 같습니다.","expression":"s_comn","category":"attitude"}],"summary":{"text":"우선 커뮤니케이션을 하는 것에 있어서 스킬이 있다면 저는 두 가지를 말씀을 드리고 싶습니다. 첫 번째는 경청입니다. 경청을 한 이후에는 공감을 줄 수 있는 상대한 공감을 받았다는 생각이 들 수 있는 문장까지 표현을 합니다.","wordCount":33}}},"rawDataInfo":{"question":{"fileFormat":"wav","fileSize":293198,"duration":9160,"samplingBit":16,"channelCount":1,"samplingRate":"16kHz","audioPath":"/Mock/02.SalesMarketing/Female/Experienced/ckmk_q_sm_f_e_147879.wav"},"answer":{"fileFormat":"wav","fileSize":2112718,"duration":66020,"samplingBit":16,"channelCount":1,"samplingRate":"16kHz","audioPath":"/Mock/02.SalesMarketing/Female/Experienced/ckmk_a_sm_f_e_147879.wav"}}}