{"version":"1.0","dataSet":{"info":{"date":"20230116","occupation":"SM","channel":"MOCK","place":"ONLINE","gender":"FEMALE","ageRange":"35-44","experience":"EXPERIENCED"},"question":{"raw":{"text":"만약 이직을 생각하는 동료를 만나게 된다면 뭐라고 말씀을 해주시겠습니까 그리고 또한 그렇게 말씀하셨다면 왜 그렇게 말씀을 하실지도 설명을 함께 해 주시면 감사하겠습니다","wordCount":22},"emotion":[],"intent":[]},"answer":{"raw":{"text":"이직이란 것은 누구에게나 항상 마음 한 구석에 품고 있을 수 밖에 없는 생각이라고 하는데요. 다만 이직을 생각하는 게 좋은 거다 나쁜 거다 라고 판단을 내리고 싶지는 않습니다. 하지만 어 항상 어떠한 선택에 있어서는 책임을 질수 있기만 하면 된다고 생각을 하고요. 그리고 후회가 없는 선택은 또 없다고 생각을 하기 때문에 어떤 선택을 하든 후회를 적게 할 수 있는 선택을 선택했으면 좋겠다 라고 이야기를 해 줄 것 같고 이직을 했을 때 어떤 점이 좋을 것인지 아니면 이직을 하지 않았을 때 어떤 점이 좋을 것인지 이런 것들을 조금 더 구체적으로 생각하고 실현할 수 있는 그런 현실적인 문제들이 좀 해결되는 상황이라면 이직을 해도 좋을 것이다 라는 의견을 어 옆에서 이야기해 줄 것 같습니다.","wordCount":109},"emotion":[],"intent":[{"text":"그리고 후회가 없는 선택은 또 없다고 생각을 하기 때문에   어떤 선택을 하든 후회를 적게 할 수 있는 선택을 선택했으면 좋겠다 라고 이야기를 해 줄 것 같고   이직을 했을 때 어떤 점이 좋을 것인지 아니면 이직을 하지 않았을 때 어떤 점이 좋을 것인지 이런 것들을 조금 더 구체적으로 생각하고   실현할 수 있는 그런 현실적인 문제들이 좀 해결되는 상황이라면   이직을 해도 좋을 것이다 라는 의견을 어 옆에서 이야기해 줄 것 같습니다.","expression":"c_value","category":"background"}],"summary":{"text":"이직에 대해 어떤 선택을 하든 후회를 적게 할 수 있는 선택을 했으면 좋겠고 이직을 했을 때 좋은 점과 하지 않았을 때 좋은 점을 구체적으로 생각하고 이직을 해도 좋다 라는 이야기해 줄 것 같습니다.","wordCount":33}}},"rawDataInfo":{"question":{"fileFormat":"wav","fileSize":545998,"duration":17060,"samplingBit":16,"channelCount":1,"samplingRate":"16kHz","audioPath":"/Mock/02.SalesMarketing/Female/Experienced/ckmk_q_sm_f_e_104057.wav"},"answer":{"fileFormat":"wav","fileSize":2101838,"duration":65680,"samplingBit":16,"channelCount":1,"samplingRate":"16kHz","audioPath":"/Mock/02.SalesMarketing/Female/Experienced/ckmk_a_sm_f_e_104057.wav"}}}