{"version":"1.0","dataSet":{"info":{"date":"20230116","occupation":"SM","channel":"MOCK","place":"ONLINE","gender":"FEMALE","ageRange":"45-54","experience":"EXPERIENCED"},"question":{"raw":{"text":"전 세계적으로 한류가 열풍입니다 남미 유럽 할 것 없이 전세계가 한류 콘텐츠를 갖다가 소비하고 있는데 해외에 판매하면 좋을 방송 콘텐츠가 무엇이라고 생각하십니까","wordCount":22},"emotion":[],"intent":[]},"answer":{"raw":{"text":"세계적으로 한국에 대한 한국을 향한 관심도가 예전에 비해서 굉장히 높아졌는데요. 그만큼 외국에서 어 한국의 다양한 것들을 어 궁금해하고 새로워 하고 있다고 생각을 합니다. 근데 아무래도 한국이라는 나라가 가진 어떤 전통성 부분은 이제 알려지기 시작하고 있는 단계인 것 같애서 저는 그런 것들이 더 알려지면 좋겠다라는 생각에 한국 기행이 가 진출하면 좋을 것 같아요. 판매보다는 그 뭔가 음식이라는 주제로 지역을 다니면서 어떤 전통적인 방식 지금 한국을 살고 있는 저조차도 많이 모르고 있는 그 방식을 방송 할 수 있으면은 외국인들한테도 한국에 대해서 더 잘 알게 해줄 수 있는 그런 계기가 될 수 있지 않을까 라는 생각이 들고 굉장히 가치 있는 방송이 될 것 같다고 생각이 듭니다.","wordCount":103},"emotion":[],"intent":[{"text":"","expression":"","category":"attitude"}],"summary":{"text":"세계적으로 한국에 대한 관심도가 높아졌는데, 그만큼 한국에서 다양한 것들을 궁금해하고 새로워 하고 있다고 생각합니다. 판매보다는 음식이라는 주제로 방송 할 수 있으면 외국인들도 한국에 대해 더 잘 알게 될 수 있는 계기가 될 수 있습니다.","wordCount":34}}},"rawDataInfo":{"question":{"fileFormat":"wav","fileSize":508238,"duration":15880,"samplingBit":16,"channelCount":1,"samplingRate":"16kHz","audioPath":"/Mock/02.SalesMarketing/Female/Experienced/ckmk_q_sm_f_e_182915.wav"},"answer":{"fileFormat":"wav","fileSize":2634318,"duration":82320,"samplingBit":16,"channelCount":1,"samplingRate":"16kHz","audioPath":"/Mock/02.SalesMarketing/Female/Experienced/ckmk_a_sm_f_e_182915.wav"}}}