{"version":"1.0","dataSet":{"info":{"date":"20230116","occupation":"SM","channel":"MOCK","place":"ONLINE","gender":"FEMALE","ageRange":"35-44","experience":"EXPERIENCED"},"question":{"raw":{"text":"우리 회사에 들어와 본인이 하고 싶은 업무가 있으신가요 있다면 이유와 함께 말씀해 주세요","wordCount":13},"emotion":[],"intent":[]},"answer":{"raw":{"text":"제가 음 판촉 일을 오래 꽤 오래 했어요. 근데 제가 늦게 시작한 일이었는데 늦게 시작해서 왜냐하면 이 이 일은 음 그까 살아남는데 그 유지하기가 쉽지가 않습니다. 그까 짧아요 생명 여기가. 그래서 제가 거의 뭐 서른 이쯤에 시작을 했으니까 정말 좀 늦은 편에 이 일을 시작하게 됐는데 근데 저는 잘 맞았거든요. 그래서 이제 제가 기회가 된다면 제가 이제 직접 하는 거는 이제 아니니까 전 기회가 된다면 제가 조금 그 거래처 거래 관련해서 이제 거래처와 이제 대면해 가지고 이케 따르는 그런 영업 쪽을 제가 조금 하고 싶습니다. 잘 할 자신도 있구요. 판촉 경험을 살려서 그 그동안 수많은 분들을 진짜 직접 현장에서 만나봤고 수많은 업체들에 그 스타일도 제가 옆에서 두 눈으로 본 게 있기 때문에 자신이 있습니다. 정말로 잘 할 자신이 있습니다.","wordCount":119},"emotion":[{"text":"그래서   이제 제가 기회가 된다면 제가 이제 직접 하는 거는 이제 아니니까 전 기회가 된다면   제가 조금 그 거래처 거래 관련해서 이제 거래처와 이제   대면해 가지고 이케 따르는 그런 영업 쪽을 제가 조금 하고 싶습니다.","expression":"p-interest","category":"positive"}],"intent":[{"text":"제가 음 판촉 일을  오래   꽤 오래 했어요.","expression":"c_private","category":"background"}],"summary":{"text":"판촉 일은 오래 했는데, 생존 유지가 힘들기 때문에 늦게 시작했습니다. 하지만 잘 맞았습니다. 기회가 된다면 직접 거래처와 대면한 영업 쪽을 하고 싶으며, 판촉 경험을 살려서 정말로 잘 할 자신이 있습니다.","wordCount":30}}},"rawDataInfo":{"question":{"fileFormat":"wav","fileSize":264398,"duration":8260,"samplingBit":16,"channelCount":1,"samplingRate":"16kHz","audioPath":"/Mock/02.SalesMarketing/Female/Experienced/ckmk_q_sm_f_e_141980.wav"},"answer":{"fileFormat":"wav","fileSize":2882638,"duration":90080,"samplingBit":16,"channelCount":1,"samplingRate":"16kHz","audioPath":"/Mock/02.SalesMarketing/Female/Experienced/ckmk_a_sm_f_e_141980.wav"}}}