{"version":"1.0","dataSet":{"info":{"date":"20230116","occupation":"SM","channel":"MOCK","place":"ONLINE","gender":"FEMALE","ageRange":"-34","experience":"EXPERIENCED"},"question":{"raw":{"text":"일을 하게 되면 자료를 문서화할 일이 많습니다 지원자님께서는 문서화 작업이 왜 필요하다고 생각하시는지 말씀해 주시겠어요","wordCount":15},"emotion":[],"intent":[]},"answer":{"raw":{"text":"네 아무래도 마케팅을 진행한다고 해도 문서화할 일이 많다고 생각을 합니다. 왜냐하면 문서화를 해야 저 뿐만이 아니라 다른 사람들도 그 문서를 공유할 수 있고 이해할 수 있기 때문인데요. 어 제가 업무를 진행하다 보니까 문서를 체계화하는 게 매우 중요하다고 생각을 합니다. 왜냐하면 제가 자리를 비웠을 때도 그 문서를 보고 다른 사람이 대체해서 일을 할 수 있고요. 그리고 문서화를 하다보면 제 머릿속에만 있을 수 있는 일들을 다른 사람이 좀 객관적으로 이해하고 공유할 수 있어서 필요하다고 생각을 합니다. 어 그리고 제가 만약에 다른 부서로 이동을 하거나 또 아니면 업무에 필요한 사항을 지원해야 될 때 그 문서를 보고 이해하지 못한 부분만 물어보면 되는데 문서화가 돼있지 않을 경우에 그 일이 체계적으로 진행이 안 될 수가 있습니다. 그렇기 때문에 업무를 하다가 사실 모든 걸 문서화 하는 게 굉장히 번거롭고 힘든데요. 하지만 처음에만 그거를 구축을 해 놓으면 나중에 회사 시스템에는 굉장히 도움이 된다고 생각을 합니다. 그래서 저는 기본적으로 문서 작업이 필요하다고 생각을 하고 있고요. 그리고 저도 문서 작업을 굉장히 잘 할 수 있는 능력을 갖추고 있기 때문에 이런 것들을 앞으로 체계적으로 운용할 자신이 있습니다. 그리고 앞으로 모든 문서를 작업화를 해서 체계적으로 진행을 하고 일을 하도록 하겠습니다.","wordCount":178},"emotion":[],"intent":[{"text":"","expression":"","category":"attitude"}],"summary":{"text":"마케팅 업무를 할 때 문서를 체계화하는 일이 많은데, 이는 제가 자리를 비웠을 때도 다른 사람이 대체해 일을 할 수 있고, 문서화를 하다보면 제 머릿속에만 있는 일들을 다른 사람이 객관적으로 이해하고 공유할 수 있어 매우 중요하다고 생각합니다. 업무를 하다가 모든 걸 문서화 하는 게 굉장히 번거롭고 힘들지만, 처음에만 이것을 구축해 놓으면 나중에 회사 시스템에는 굉장히 도움이 된다고 생각을 합니다.","wordCount":58}}},"rawDataInfo":{"question":{"fileFormat":"wav","fileSize":450638,"duration":14080,"samplingBit":16,"channelCount":1,"samplingRate":"16kHz","audioPath":"/Mock/02.SalesMarketing/Female/Experienced/ckmk_q_sm_f_e_118550.wav"},"answer":{"fileFormat":"wav","fileSize":2884558,"duration":90140,"samplingBit":16,"channelCount":1,"samplingRate":"16kHz","audioPath":"/Mock/02.SalesMarketing/Female/Experienced/ckmk_a_sm_f_e_118550.wav"}}}