{"version":"1.0","dataSet":{"info":{"date":"20230116","occupation":"SM","channel":"MOCK","place":"ONLINE","gender":"FEMALE","ageRange":"-34","experience":"EXPERIENCED"},"question":{"raw":{"text":"본인이 생각하는 영업이란 무엇이라고 생각하시는지 한번 편하게 말씀해 주시겠습니까","wordCount":9},"emotion":[],"intent":[]},"answer":{"raw":{"text":"저는 영업이 회사 업무의 꽃이라구 생각을 합니다. 어 사실상 영업을 중요시하지 않는 분들이 있거나 아니면 영업에 관해서 부정적으로 바라보는 사람도 있는데요. 저는 절대로 그렇게 생각하지 않습니다. 왜냐하면 영업은 앞으로 그 중요성이 더욱 커질 거구요. 회사에서 핵심 업무라고 할 정도로 회사를 알리고 홍보하는 일이기 때문입니다. 어 최근에는 어 많은 회사들이 자기 회사를 사람들에게 소비자들에게 알리기 위해 다양한 기법을 쓰고 있습니다. 홍보 마케팅 또 이벤트 활동을 벌이기도 하구요. 또 여러 가지 영업의 방식을 활용해서 사람들에게 어떻게 하면 각인되고 또 이 기억될 수 있을까 이런 것들을 노력을 하는데요. 그래서 영업사원이 중요한 것 같습니다. 영업사원은 최전선에서 그것들을 소비자에게 만나고 알리고 이런 일을 하기 때문인데요. 그래서 저는 기본적으로 제 일에 대해서 자부심을 가지고 있구요. 또 제가 회사를 굉장히 아끼고 사랑하는 마음을 가지고 있기 때문에 이런 마음들을 어 소비자들에게 잘 전달해 주는 게 중요하다고 생각을 합니다. 그래서 저는 영업에 자부심을 느끼고 있고 앞으로도 열정을 바쳐서 일할 생각입니다.","wordCount":141},"emotion":[],"intent":[{"text":"","expression":"","category":"attitude"}],"summary":{"text":"영업은 회사에서 핵심 업무라고 할 정도로 회사를 알리고 홍보하는 일이기 때문에 회사 업무의 꽃입니다. 최근 많은 회사들이 자기 회사를 소비자들에게 알리기 위해 다양한 기법을 쓰고 있으며, 여러 가지 영업의 방식을 활용해서 사람들에게 어떻게 각인되고 또 기억될 수 있을까 이런 것들을 노력을 합니다. 그래서 영업사원이 중요한 것 같습니다.","wordCount":47}}},"rawDataInfo":{"question":{"fileFormat":"wav","fileSize":304718,"duration":9520,"samplingBit":16,"channelCount":1,"samplingRate":"16kHz","audioPath":"/Mock/02.SalesMarketing/Female/Experienced/ckmk_q_sm_f_e_113767.wav"},"answer":{"fileFormat":"wav","fileSize":2752078,"duration":86000,"samplingBit":16,"channelCount":1,"samplingRate":"16kHz","audioPath":"/Mock/02.SalesMarketing/Female/Experienced/ckmk_a_sm_f_e_113767.wav"}}}