{"version":"1.0","dataSet":{"info":{"date":"20230116","occupation":"SM","channel":"MOCK","place":"ONLINE","gender":"FEMALE","ageRange":"55-","experience":"EXPERIENCED"},"question":{"raw":{"text":"인생을 살면서 무엇인가 하나에 푹 빠져 몰두해 본 적이 있으십니까 만약 있다면 그것이 무엇인지 말씀해 주세요","wordCount":16},"emotion":[],"intent":[]},"answer":{"raw":{"text":"네 인생을 살면서 무엇인가 하나에 푹 빠져 몰두해 본 적이 있으신가요 했는데요. 저는 어 인생을 살면서 어 빠지는 것들이 많았습니다. 아 첫 번째는 어 대학을 다니면서 영어 회화반에서 되게 몰두를 했고요. 영어 회화를 하면서 다방면에 친구들을 사귀는 것이 너무 즐거운 일이었습니다. 외국 친구도 사귈 수 있었고요. 영어를 좋아하는 다른 학교 친구들도 만나서 너무 즐거운 시간이었습니다. 그때부터 시작을 해서 아 그 이후로 한 이십 대에서 삼십 대가 될 때까지 계속 영어 회화 학원을 다니면서 그런 모임을 많이 가졌거든요. 그때 생긴 친구들이 지금도 연락을 하면서 어 하면 아 같은 목적을 갖고 있는 사람들이 아 이런 같은 곳을 보는 보면서 이야기를 나누는 것이 참 행복했었습니다. 그리고 또 하나 아 다른 일에 또 하나 빠진 것은 아 제가 에어로빅을 열심히 합니다. 에어로빅도 지금 한 십오 년 접어드는데요. 에어로빅은 제 몸에 건강을 위해서 시작을 했는데 제 건강이 점점 좋아지게 하는 활력소라고 할까요. 그래서 그 운동을 하면서 너무 너무 행복감을 느낍니다. 그런데 보면 어 그 운동을 하면서 보면 이제 또 이 인간관계라는 게 많이 생기거든요. 근데 인간관계보다는 제가 에어로빅을 좋아하는 그 기분을 계속 느끼면서 어 집에서 막 연습도 해 가고 그다음에 그 음악도 하루 종일 듣고 예 일하면서도 듣고 쉬는 시간에도 듣고 그렇게 해서 아 너무 재미있는 운동이었습니다.","wordCount":192},"emotion":[{"text":"영어를 좋아하는 다른 학교 친구들도 만나서 너무 즐거운 시간이었습니다.","expression":"p-happiness","category":"positive"},{"text":"그때 생긴 친구들이 지금도 연락을 하면서 어 하면 아 같은 목적을 갖고 있는 사람들이 아 이런 같은 곳을 보는 보면서 이야기를 나누는 것이 참 행복했었습니다.","expression":"p-happiness","category":"positive"},{"text":"그래서 그 운동을 하면서 너무 너무 행복감을 느낍니다.","expression":"p-happiness","category":"positive"},{"text":"근데 인간관계보다는 제가 에어로빅을 좋아하는 그 기분을 계속 느끼면서 어 집에서 막 연습도 해 가고 그다음에 그 음악도 하루 종일 듣고 예 일하면서도 듣고 쉬는 시간에도 듣고 그렇게 해서 아 너무 재미있는 운동이었습니다.","expression":"p-happiness","category":"positive"}],"intent":[{"text":"아 첫 번째는 어 대학을 다니면서 영어 회화반에서 되게 몰두를 했고요.","expression":"c_private","category":"background"}],"summary":{"text":"저는 대학을 다니면서 영어 회화반에서 되게 몰두하고 다방면에 친구들을 사귀는 것에 즐거움을 느꼈습니다. 그리고 에어로빅을 하면서 행복감을 느낍니다. 인간관계라는 게 많이 생기긴 하는데, 인간관계보다는 에어로비를 좋아하는 기분을 계속 느끼면서 집에서도 연습하고 음악도 하루 종일 듣고 쉬는 시간에도 듣고 그렇게 해서 너무 재미있는 운동이었습니다.","wordCount":43}}},"rawDataInfo":{"question":{"fileFormat":"wav","fileSize":339278,"duration":10600,"samplingBit":16,"channelCount":1,"samplingRate":"16kHz","audioPath":"/Mock/02.SalesMarketing/Female/Experienced/ckmk_q_sm_f_e_240206.wav"},"answer":{"fileFormat":"wav","fileSize":3773518,"duration":117920,"samplingBit":16,"channelCount":1,"samplingRate":"16kHz","audioPath":"/Mock/02.SalesMarketing/Female/Experienced/ckmk_a_sm_f_e_240206.wav"}}}