{"version":"1.0","dataSet":{"info":{"date":"20230116","occupation":"SM","channel":"MOCK","place":"ONLINE","gender":"FEMALE","ageRange":"35-44","experience":"EXPERIENCED"},"question":{"raw":{"text":"지원자님께서는 스트레스를 받으실 때 어떻게 해소하시는지 궁금합니다 그리고 왜 그 방법으로 스트레스를 해소하시는지도 이유도 설명 부탁드릴게요","wordCount":16},"emotion":[],"intent":[]},"answer":{"raw":{"text":"저는 노래방에 가요. 네 요즘에 특히나 좋은 게 이제 코인 노래방이 많이 대중화가 되고 정말 많아져 가지고 저는 원래 혼자 가서 노래 부르는 걸 좋아했어요. 왜냐하면 혼자 가야지 혼자 다 부르니까. 그래서 코로나 때 이제 조금 많이 답답했는데 그래도 이제 조금 이제 많이 자주 갈 수 있는 환경이 되니까. 요즘에는 그래서 시간만 나면 스트레스 조금이라도 받는다 싶으면 가서 혼자 네 한 이십 곡은 부르고 옵니다. 그냥 신나요 저는. 음악을 그 반주 음악이기 하지만 그런 기계 그래도 큰 음악을 틀어놓고 제가 거기에 저만의 그냥 흥으로 그런 걸 채우면서 마구잡이로 노래를 할 수 있다는 것 자체가 너무 신나고 좋습니다. 네 제가 무얼 감정을 다 분출을 해도 아무도 볼 수도 없고 거기서 뭐 흑역사는 만들어질 수가 없구요. 그냥 다 재미있고 신나고 에너지 쫙 빼고 나오는 어떤 사우나 같은 장소에요 저에게 코인 노래방은.","wordCount":129},"emotion":[{"text":"그냥 신나요 저는.","expression":"p-happiness","category":"positive"},{"text":"음악을 그 반주 음악이기 하지만 그런 기계   그래도 큰 음악을 틀어놓고 제가 거기에 저만의 그냥 흥으로 그런 걸 채우면서 마구잡이로 노래를 할 수 있다는 것 자체가 너무 신나고   좋습니다.","expression":"p-happiness","category":"positive"},{"text":"그냥 다 재미있고 신나고   에너지 쫙 빼고 나오는 어떤 사우나 같은 장소에요 저에게 코인 노래방은.","expression":"p-happiness","category":"positive"}],"intent":[{"text":"","expression":"","category":"attitude"}],"summary":{"text":"요즘에는 혼자 노래 부르는 걸 좋아합니다. 시간이 나면 가서 한 20곡은 부르고 왔습니다. 큰 음악을 틀어놓고 저만의 흥으로 마구잡이로 노래를 할 수 있다는 것이 너무 신나고 좋습니다. 제가 무엇을 감정을 다 분출해도 아무도 볼 수 없고 흑역사는 만들어질 수가 없습니다.","wordCount":40}}},"rawDataInfo":{"question":{"fileFormat":"wav","fileSize":465358,"duration":14540,"samplingBit":16,"channelCount":1,"samplingRate":"16kHz","audioPath":"/Mock/02.SalesMarketing/Female/Experienced/ckmk_q_sm_f_e_156582.wav"},"answer":{"fileFormat":"wav","fileSize":2683598,"duration":83860,"samplingBit":16,"channelCount":1,"samplingRate":"16kHz","audioPath":"/Mock/02.SalesMarketing/Female/Experienced/ckmk_a_sm_f_e_156582.wav"}}}