{"version":"1.0","dataSet":{"info":{"date":"20230116","occupation":"SM","channel":"MOCK","place":"ONLINE","gender":"FEMALE","ageRange":"-34","experience":"EXPERIENCED"},"question":{"raw":{"text":"지금까지 인생을 살면서 가장 후회되는 일이 있다면 어떤 일이 있습니까 한 가지만 말씀해 주세요","wordCount":14},"emotion":[],"intent":[]},"answer":{"raw":{"text":"지금까지 후회되는 것 중의 하나는 대학생 때 교내 활동을 열심히 하지 않았다는 점입니다. 저는 오히려 교외 활동을 열심히 하였습니다. 같은 학교가 아닌 다른 학교에 다른 전공 학생들을 만나 의견을 나누는 것이 보다 시야나 사고 방식의 확장에 더욱 도움이 된다고 생각했기 때문입니다. 하지만 주변 친구들을 보면 교내 활동을 열심히 한 친구도 있습니다. 그런 친구는 같은 학교라는 공통점으로 인해 보다 더욱 가까운 사이가 되었고 공유하는 것들이 더 많았습니다. 저는 이 모습이 부러웠고 지금까지 후회되는 것 중에 하나를 꼽자면 교내 활동을 열심히 하지 않았다는 것입니다. 물론 제가 교내 활동을 열심히 하지 않았을 때에는 교외 활동을 열심히 했다는 것이 있지만 그 둘을 적절히 섞어 교내 활동도 열심히 하고 교외 활동도 열심히 했다면 더욱 후회없는 대학 시절을 보냈을 것이라고 생각합니다.","wordCount":115},"emotion":[],"intent":[{"text":"","expression":"","category":"attitude"}],"summary":{"text":"대학생 때 교외 활동을 열심히 하지 않았던 것이 후회되는 것 중 하나입니다. 주변 친구들을 보면 교내 활동을 열심히 한 친구도 있고 아닌 친구도 있는데, 그런 친구들은 같은 학교라는 공통점으로 더욱 가까운 사이가 되었고 공유하는 것들이 더 많았습니다.","wordCount":37}}},"rawDataInfo":{"question":{"fileFormat":"wav","fileSize":325838,"duration":10180,"samplingBit":16,"channelCount":1,"samplingRate":"16kHz","audioPath":"/Mock/02.SalesMarketing/Female/Experienced/ckmk_q_sm_f_e_209607.wav"},"answer":{"fileFormat":"wav","fileSize":2736718,"duration":85520,"samplingBit":16,"channelCount":1,"samplingRate":"16kHz","audioPath":"/Mock/02.SalesMarketing/Female/Experienced/ckmk_a_sm_f_e_209607.wav"}}}