{"version":"1.0","dataSet":{"info":{"date":"20230116","occupation":"SM","channel":"MOCK","place":"ONLINE","gender":"FEMALE","ageRange":"35-44","experience":"EXPERIENCED"},"question":{"raw":{"text":"혹시 어떤 문제에 부딪쳤을 경우에 혼자 해결하시나요 아니면 여러 사람들에게 이야기를 해서 해결하시나요","wordCount":13},"emotion":[],"intent":[]},"answer":{"raw":{"text":"어 저는 혼자 무조건 혼자 해결하는 편이에요. 어 그러니까 이게 직업에 관해서도 그렇고 저의 개인적인 일상 안에서의 어떤 문제들도 그렇고 친구들한테 저의 고민에 대해서 얘기하지도 않고 그거를 상담한다거나 이러는 편도 아니라서 저는 진짜 혼자서 해결하는 편이고 가족들한테도 잘 말 안 하고요. 회사에서도 그 업무적으로 사람들하고 해야 되는 일이 일 때는 저 혼자 갖고 있을 수 없는 거긴 한데 어떤 저희 개인적인 일일 때가 있잖아요. 회사 안에서도 그럴 때도 동료들이나 뭐 직속 상사한테 말하는 편은 아닌 것 같아요. 모든 거가 좀 해결됐을 때 모든 일들이 좀 해결이 됐을 때 그냥 이런 일들이 있었어 라고 말은 하는데 그 일에 부딪쳤을 때는 굳이 주변 사람들한테 그걸 알리려고 하지 않고 그 문제에 부딪쳤을 때 저의 감정 상태가 있잖아요. 좀 부정적일 수 있고 다운되어 있는 그런 상태를 공유하고 싶지는 않더라구요. 타인한테 이거를 전달을 해서 그 사람까지 같이 무겁게 만들고 싶지 않은 그런 생각이 좀 강해서 저는 무조건 혼자 해결하고 혼자 시간을 좀 많이 보내는 편입니다.","wordCount":150},"emotion":[],"intent":[{"text":"","expression":"","category":"attitude"}],"summary":{"text":"저는 개인적인 문제일 경우 주변 사람들에게 알리지 않는 편인데, 그 일에 부딪쳤을 때의 감정 상태를 타인에게 공유하고 싶지는 않고, 타인에게 이것을 전달해서 그 사람까지 같이 무겁게 만들고 싶지 않은 생각이 좀 강해서 무조건 혼자 해결하는 편입니다.","wordCount":36}}},"rawDataInfo":{"question":{"fileFormat":"wav","fileSize":290638,"duration":9080,"samplingBit":16,"channelCount":1,"samplingRate":"16kHz","audioPath":"/Mock/02.SalesMarketing/Female/Experienced/ckmk_q_sm_f_e_195532.wav"},"answer":{"fileFormat":"wav","fileSize":2621518,"duration":81920,"samplingBit":16,"channelCount":1,"samplingRate":"16kHz","audioPath":"/Mock/02.SalesMarketing/Female/Experienced/ckmk_a_sm_f_e_195532.wav"}}}