{"version":"1.0","dataSet":{"info":{"date":"20230116","occupation":"SM","channel":"MOCK","place":"ONLINE","gender":"FEMALE","ageRange":"45-54","experience":"EXPERIENCED"},"question":{"raw":{"text":"일을 하면서 가장 어려울 것으로 예상되는 것은 어떤 점이 있나요 그리고 그 어려운 점에 대해서는 어떻게 대처할 건가요","wordCount":18},"emotion":[],"intent":[]},"answer":{"raw":{"text":"아 일을 하면서 가장 어려울 것으로 예상되는 것은 그 업무에 그 강도나 이런 부분은 어 차라리 쉬울 것 같구요. 어떤 경우던 사람이 하는 일이기 때문에 잘 해나갈 수 있겠지만 어 회사에서 어 또 이 인생 자체가 혼자 살 수 있는 것이 아니기 때문에 그 다른 사람과의 관계 인간 관계가 제일 어 중요한 것 같습니다. 그까 그 인간관계가 각 직업마다 좋아야 회사의 분위기도 좋아지는 것처럼 어 인간관계를 잘 할 수 있게 하기 위해서 어 뭐 내 일은 기본적으로 열심히 하고 뭐 여유가 된다면 다른 사람 동료의 일도 도와줄 수 있는 그런 아량을 좀 가지고 있어야 어 내 일만 해야지 이렇게 얄미운 사람이 안 되어야지 어 좋을 것 같구요. 그래야 좋은 인간관계를 유지하면서 어 회사 생활을 재미있게 할 수 있지 않을까 네 그런 생각을 해봅니다.","wordCount":123},"emotion":[],"intent":[{"text":"","expression":"","category":"attitude"}],"summary":{"text":"업무 중에는 다른 사람과의 인간 관계가 가장 중요합니다. 인간관계를 잘 하기 위해서는 제 일은 열심히 하고 여유가 된다면 다른 사람의 일도 도와줄 수 있는 아량이 있어야 합니다. 그래야 회사 생활을 재미있게 할 수 있을 것 같습니다.","wordCount":36}}},"rawDataInfo":{"question":{"fileFormat":"wav","fileSize":312398,"duration":9760,"samplingBit":16,"channelCount":1,"samplingRate":"16kHz","audioPath":"/Mock/02.SalesMarketing/Female/Experienced/ckmk_q_sm_f_e_180967.wav"},"answer":{"fileFormat":"wav","fileSize":2359438,"duration":73730,"samplingBit":16,"channelCount":1,"samplingRate":"16kHz","audioPath":"/Mock/02.SalesMarketing/Female/Experienced/ckmk_a_sm_f_e_180967.wav"}}}