{"version":"1.0","dataSet":{"info":{"date":"20230116","occupation":"SM","channel":"MOCK","place":"ONLINE","gender":"FEMALE","ageRange":"35-44","experience":"EXPERIENCED"},"question":{"raw":{"text":"요즘 고령화 사회로 가면서 치매로 인한 문제가 많이 대두되고 있습니다 이에 대해 건보 공단이 하고 있는 일과 개선할 방안을 말씀해 주세요","wordCount":21},"emotion":[],"intent":[]},"answer":{"raw":{"text":"요즘 고령화 사회로 가면서 지금 치매 문제가 많이 이슈화되고 있고 이제 치매 문제는 이제 개인적인 문제로 국한돼서는 안 된다고 생각을 합니다. 치매 노인 한 명이 한 가족을 극한으로 몰려가는 상황도 지금 뉴스에서 심심치 않게 많이 들려오고 있습니다. 그렇기 때문에 이제는 치매는 국가적인 문제로 건강보험공단의 역할이 더욱더 중요시 여겨지고 있습니다. 우선 지금 건강보험공단이 하는 일로는 노인 장기 요양 제도를 만들어서 어르신께 등급을 부여하고 돌봄 서비스를 하도록 되어 있습니다. 가족들의 부양 부담도 줄일 수 있고 어르신께서 집에서 노후를 좀 편하게 보내며 지낼 수 있도록 돕고 있었다고 저는 알고 있습니다. 그리고 또한 치매 노인들을 부양하고 있는 가족들을 위해서 부양 부담을 덜고 우울감을 해소하기 위해 가족 상담 지원 서비스도 제공하고 있다고 들었습니다. 하지만 치매로 인한 국가적인 사회적 비용도 정말 만만치 않기 때문에 치매는 무엇보다도 예방이 아주 중요하다고 생각을 합니다. 따라서 건강보험공단은 치매 예방을 위해서 대대적인 국민 캠페인 등이 지속적으로 필요한 것 같으며 또 저소 뭐 저소득층을 위한 치매 예방 검사를 뭐 의무화 한다든지 이런 관련된 일들을 적극적으로 해서 치매 예방 운동과 관련된 분야에 투자를 아끼지 않아야 될 것 같습니다.","wordCount":165},"emotion":[],"intent":[{"text":"","expression":"","category":"attitude"}],"summary":{"text":"치매는 이제 개인적인 문제로 국한돼서는 안됩니다. 그렇기 때문에 치매는 국가적인 문제로 건강보험공단의 역할이 더욱 중요시 됩니다. 건강보험공단은 치매 예방을 위해서 대대적인 국민 캠페인 등이 지속적으로 필요하며 또 저소득층을 위한 치매 예방 검사를 의무화 한다든지 등의 일들을 적극적으로 해서 치매 예방 운동과 관련된 분야에 투자를 아끼지 않아야 할 것 같습니다.","wordCount":49}}},"rawDataInfo":{"question":{"fileFormat":"wav","fileSize":610318,"duration":19070,"samplingBit":16,"channelCount":1,"samplingRate":"16kHz","audioPath":"/Mock/02.SalesMarketing/Female/Experienced/ckmk_q_sm_f_e_240596.wav"},"answer":{"fileFormat":"wav","fileSize":3005518,"duration":93920,"samplingBit":16,"channelCount":1,"samplingRate":"16kHz","audioPath":"/Mock/02.SalesMarketing/Female/Experienced/ckmk_a_sm_f_e_240596.wav"}}}