{"version":"1.0","dataSet":{"info":{"date":"20230116","occupation":"SM","channel":"MOCK","place":"ONLINE","gender":"FEMALE","ageRange":"-34","experience":"EXPERIENCED"},"question":{"raw":{"text":"지원자분께서 생각하시는 영업인으로서의 필요한 역량은 무엇이라고 생각하는지 한번 말씀해 보십시오","wordCount":10},"emotion":[],"intent":[]},"answer":{"raw":{"text":"저는 영업인으로서 커뮤니케이션 역량이 기본적으로 중요하다고 생각합니다. 영업인은 회사를 대표하여 고객을 상대하는 사람이기 때문에 커뮤니케이션 역량이 부족하다면 그 과정에서 오류가 생길 수 있고 고객은 회사의 제품이나 회사에 대해 오해를 할 수도 있습니다. 따라서 정확한 정보 전달과 커뮤니케이션의 오류가 생기지 않도록 커뮤니케이션 영역이 가장 필요하다고 생각합니다. 또한 문제 해결 능력 역시 필요하다고 생각합니다. 영업인으로서 활동을 하다 보면 여러 문제들을 겪을 수 있다고 생각합니다. 예기치 못한 상황에 맞닥뜨렸을 때 당황하지 않고 문제를 슬기롭게 잘 해결해 나갈 수 있는 문제해결 역량이 필요하다고 생각합니다. 이 두 가지 역량을 갖추었을 때 영업인으로서 제대로 된 영업 활동을 펼치고 고객을 상대할 수 있다고 생각합니다.","wordCount":97},"emotion":[],"intent":[{"text":"","expression":"","category":"attitude"}],"summary":{"text":"영업인으로서 정확한 정보 전달과 커뮤니케이션의 오류가 생기지 않도록 커뮤니케이션 영역과 예기치 못한 상황에 맞닥뜨렸을 때 당황하지 않고 잘 해결해 나갈 수 있는 문제해결 역량이 필요합니다. 이 두 가지 역량을 갖추었을 때 제대로 된 영업 활동을 펼치고 고객을 상대할 수 있습니다.","wordCount":40}}},"rawDataInfo":{"question":{"fileFormat":"wav","fileSize":353998,"duration":11060,"samplingBit":16,"channelCount":1,"samplingRate":"16kHz","audioPath":"/Mock/02.SalesMarketing/Female/Experienced/ckmk_q_sm_f_e_199693.wav"},"answer":{"fileFormat":"wav","fileSize":2718798,"duration":84960,"samplingBit":16,"channelCount":1,"samplingRate":"16kHz","audioPath":"/Mock/02.SalesMarketing/Female/Experienced/ckmk_a_sm_f_e_199693.wav"}}}