{"version":"1.0","dataSet":{"info":{"date":"20230116","occupation":"SM","channel":"MOCK","place":"ONLINE","gender":"FEMALE","ageRange":"55-","experience":"EXPERIENCED"},"question":{"raw":{"text":"얼마 전에 구급 대원이 주취자에게 폭행을 당해서 순직 당하는 일이 생겼었죠 지원자님은 이 사건에 대해서 어떻게 생각하시나요","wordCount":17},"emotion":[],"intent":[]},"answer":{"raw":{"text":"네 얼마 전 구급 대원이 주취자에게 폭행을 다해 순직 당한 일이 있었지요. 아 저는 아 술을 못하는 편입니다. 아 술을 먹게 되면 몸이 되게 어 발진을 하면서 그 다음에 열이 오른다고 할까요. 그래서 이 술을 못하는 경우인데 사실 술이 술을 못한다고 해서 술자리를 싫어하는 건 아닙니다. 대신에 아 안주를 많이 먹는 좀 그런 아 술 먹는 사람들한테는 그렇게 환영받지 못하는 사람이지만 또 분위기를 많이 띄워 주기도 하는데요. 주취자라는 그 개념이 있지요. 이게 술을 먹은 사람들은 자기가 술을 먹은 걸 인지를 해야 되고 그다음에 자기가 술을 어느 정도 먹었을 때까지 자기 몸을 본인이 알 겁니다. 근데 그것도 모르고 그다음에 구급 대원이 왔는데 아 그 이렇게 폭행을 그 도 돌아가시게 할 정도로 폭행을 했다는 일이 일어났다는 게 아 너무 감당이 안 되죠. 그래서 술에 관해서 저지르는 범죄에 관해서 우리나라는 너무 관대하다고 저는 객관적으로 아 주관적으로 생각합니다. 아 술은 아 모든 음식과 같이 본인이 컨트롤해야 될 음식이나 마찬가지거든요. 이렇게 귀여운 음식인가 담배도 남에게 피해를 주면 안 되는 것처럼 술도 남에게 피해를 주면 안 되거든요. 그리고 우리나라는 구급 대원이 모든 걸 구급 대원들에게 너무 많은 것을 의지하고 있는 것 같습니다. 되게 열악한 상황에서 일을 하는 걸로 알고 있는데 아 그 쪽에 갔을 때 구급 대원이 혼자 가서 그렇게 변을 당했나 그런 걱정이 들더라고요. 꼭 이인일조로 움직여야 한다고 저는 생각합니다.","wordCount":205},"emotion":[],"intent":[{"text":"","expression":"","category":"attitude"}],"summary":{"text":"구급 대원이 주취자에게 폭행을 다해 순직한 일이 있었습니다. 술을 못하는 편이지만 분위기를 많이 띄워 주기도 합니다. 주취자는 술을 먹은 걸 인지를 하고 어느 정도 먹었을 때까지 자기 몸을 본인이 알습니다. 그런데 술을 저지르는 범죄에 관해 우리나라는 너무 관대하다고 생각합니다. 술도 타인에게 피해를 주면 안 되는 것처럼 구급대원은 구급대원들에게 너무 많은 것을 의지하고 있는 것 같습니다.","wordCount":55}}},"rawDataInfo":{"question":{"fileFormat":"wav","fileSize":611918,"duration":19120,"samplingBit":16,"channelCount":1,"samplingRate":"16kHz","audioPath":"/Mock/02.SalesMarketing/Female/Experienced/ckmk_q_sm_f_e_240205.wav"},"answer":{"fileFormat":"wav","fileSize":3802638,"duration":118830,"samplingBit":16,"channelCount":1,"samplingRate":"16kHz","audioPath":"/Mock/02.SalesMarketing/Female/Experienced/ckmk_a_sm_f_e_240205.wav"}}}