{"version":"1.0","dataSet":{"info":{"date":"20230116","occupation":"SM","channel":"MOCK","place":"ONLINE","gender":"FEMALE","ageRange":"45-54","experience":"EXPERIENCED"},"question":{"raw":{"text":"입사하신 후에 어 쉬운 일과 어려운 일이 있다면 어 이 일에 대한 분배를 어떻게 하실지 어 어떻게 나눠서 처리하실지 어 말씀해 주세요","wordCount":22},"emotion":[],"intent":[]},"answer":{"raw":{"text":"예 그 쉬운 일 어려운 일이 있는 경우라면 어쨌든 일은 언제까지 해야 되는 그 마감 일이 있을 거구요. 그렇기 때문에 먼저 쉬운 일을 완벽하게 처리해 두고 어려운 일을 찬찬히 어 잘 해결해 보도록 할 것 같습니다. 그까 마감일이 있는데 어려운 일을 먼저 붙들고 있다가는 나중에 그 어려운 일 자체도 그 결과가 좋지 않고 그 쉬운 일도 시간이 촉박하다 보면 뭐 실수가 있을 수도 있고 제대로 처리를 못할 경우가 있기 때문에 먼저 쉬운 일을 가뿐하게 처리해 두고 어려운 일을 정말 신중하게 잘 할 수 있도록 분배를 할 것 같습니다.","wordCount":88},"emotion":[],"intent":[{"text":"","expression":"","category":"attitude"}],"summary":{"text":"쉬운 일을 완벽하게 처리해 두고 어려운 일을 차분히 잘 해결해 보도록 할 것 같습니다. 쉬운 일도 시간이 촉박하다 보면 실수가 있을 수도 있고 제대로 처리를 못할 경우가 있기 때문입니다.","wordCount":29}}},"rawDataInfo":{"question":{"fileFormat":"wav","fileSize":531918,"duration":16620,"samplingBit":16,"channelCount":1,"samplingRate":"16kHz","audioPath":"/Mock/02.SalesMarketing/Female/Experienced/ckmk_q_sm_f_e_180971.wav"},"answer":{"fileFormat":"wav","fileSize":1705038,"duration":53280,"samplingBit":16,"channelCount":1,"samplingRate":"16kHz","audioPath":"/Mock/02.SalesMarketing/Female/Experienced/ckmk_a_sm_f_e_180971.wav"}}}