{"version":"1.0","dataSet":{"info":{"date":"20230116","occupation":"SM","channel":"MOCK","place":"ONLINE","gender":"FEMALE","ageRange":"55-","experience":"EXPERIENCED"},"question":{"raw":{"text":"어 대학에서 지원자님께서 배운 전공 과목 중에 어 가장 기억에 남는 과목이 있다면 한 가지만 골라서 말씀해 주시기를 바랍니다 어 어떤 부분이 인상 깊었나요","wordCount":24},"emotion":[],"intent":[]},"answer":{"raw":{"text":"예 저는 대학에서 어 전공 과목이 아 화학이었습니다. 저는 그냥 화학을 전공을 했는데 화학 중에는 아 사람들이 잘 모르는 경우가 많이 있는데 보통 저희가 화학을 공부할 때 그냥 화학을 공부하는 게 아닙니다. 화학에는 일반 화학 물리 화학 유기 화학 아 그다음에 생 화학 그 다음에 그 바이오 쪽으로 생 화학이 있는데 저 같은 경우는 예 생 화학 공부하고 유기 화학 공부가 참 재미있었습니다. 사실 제가 물리는 그렇게 저 제가 좋아하는 과목이 아니라 물리 화학 시간이 제일 괴로웠던 시간이었구요. 물리 화학은 아무리 들어도 이해가 되지 않는 시간이었습니다. 게서 물리 화학 그 점수가 제일 나쁘기도 했는데요. 아 제가 유기 화학하고 바이오 바이오 쪽으로 생 화학을 공부를 했을 때 되게 관심이 갔던 것은 생 화학 같은 경우는 어 지금 요즘에 요즘에 되게 유행하는 바이오 잖아요. 생명공학 생명공학과 많이 연결이 돼 있더라구요. 그래서 사실 인간의 꿈인 생명 연장의 꿈 그 다음에 아프지 않을 권리 그다음에 치료제 개발 이 그런 쪽을 공부를 하면서 아 이 공부가 바이오 쪽이 공부를 하면 아 미래지향적인 이쪽 과목이 되겠구나 하고 되게 열심히 공부했던 적이 있습니다. 예 근데 생 화학을 보통 이제 생물과 연관을 짓는데 그것도 같기는 하지만 비슷하긴 하지만 되도 생명 연장의 꿈이라고 저는 말하고 싶습니다.","wordCount":187},"emotion":[{"text":"예 저는 대학에서 어 전공 과목이 아 화학이었습니다.","expression":"u-fact","category":"neutral"},{"text":"화학에는 일반 화학 물리 화학 유기 화학 아 그다음에 생 화학 그 다음에 그 바이오 쪽으로 생 화학이 있는데 저 같은 경우는 예 생 화학 공부하고 유기 화학 공부가 참 재미있었습니다.","expression":"p-interest","category":"positive"}],"intent":[{"text":"예 저는 대학에서 어 전공 과목이 아 화학이었습니다.","expression":"c_private","category":"background"},{"text":"저는 그냥 화학을 전공을 했는데 화학 중에는 아 사람들이 잘 모르는 경우가 많이 있는데 보통 저희가 화학을 공부할 때 그냥 화학을 공부하는 게 아닙니다.","expression":"c_private","category":"background"}],"summary":{"text":"저는 대학에서 전공 과목이 화학이었는데, 화학 중에는 일반 화학, 물리 화학, 유기 화학, 생 화학, 바이오 쪽으로 생 화학이 있는데 생 화학 공부하고 유기 화학 공부가 참 재미있었습니다. 제가 유기 화학하고 바이오 바이오 쪽으로 공부를 했을 때 굉장히 관심이 갔던 것은 생 화학 같은 경우는 생명공학 생명공학과 많이 연결되어 있어서 미래지향적인 쪽 과목이 되겠구나 하고 열심히 공부했던 적이 있습니다.","wordCount":59}}},"rawDataInfo":{"question":{"fileFormat":"wav","fileSize":521038,"duration":16280,"samplingBit":16,"channelCount":1,"samplingRate":"16kHz","audioPath":"/Mock/02.SalesMarketing/Female/Experienced/ckmk_q_sm_f_e_241938.wav"},"answer":{"fileFormat":"wav","fileSize":3812878,"duration":119150,"samplingBit":16,"channelCount":1,"samplingRate":"16kHz","audioPath":"/Mock/02.SalesMarketing/Female/Experienced/ckmk_a_sm_f_e_241938.wav"}}}