{"version":"1.0","dataSet":{"info":{"date":"20230116","occupation":"SM","channel":"MOCK","place":"ONLINE","gender":"FEMALE","ageRange":"-34","experience":"EXPERIENCED"},"question":{"raw":{"text":"지원자님께서는 사람들과 협업하면서 가장 어려웠던 점이 있었나요 어려웠던 점은 무엇이며 어떻게 극복했는지 얘기해 주시기 바랍니다","wordCount":15},"emotion":[],"intent":[]},"answer":{"raw":{"text":"네 제가 영업을 하는데 협업을 진행을 했었는데 좀 어려운 점은 각각의 개인들이 본인의 영업을 중시하다 보니까 협업을 좀 소홀히 하는 경우가 있었습니다. 아무래도 본인의 실적이 중요하고 자기가 하던 업무가 있기 때문에 그 일에 집중을 하고 나머지는 좀 소홀한 경우가 있었는데요. 이럴 때 중요한 건 그 팀원들에게 우리가 왜 일을 해야 되는지 필요성을 알리고 적극적으로 지원을 해 달라고 요청하는 게 중요할 것 같습니다. 그래서 저는 그분들에게 제가 설명을 해드렸습니다. 이 업무가 지금 왜 필요하고 어 왜 목적성을 가지고 해야 되는지 참여를 독려를 했는데 다행히도 또 여러 사람 분들이 그거에 응해주셔서 프로젝트가 좀 진행이 됐던 경험이 있습니다. 아무래도 개인의 실적과 또 팀 프로젝트의 실적이 다를 텐데요. 저는 어느 거 하나 안 중요하다고 생각할 수가 없습니다. 그런데 또 사람에 따라서는 개인이 훨씬 더 중요하다고 생각하는 사람이 있기 때문에 협업에 어려운 점이 있는 것 같습니다. 그리고 저는 목적성을 가지는 거 굉장히 중요하다고 생각을 하구요. 그리고 협업을 하는 데 있어서 본인의 적극적인 참여 의사가 중요하고 리더가 그거를 잘 이끌어내가면서 팀의 프로젝트를 성공적으로 이끄는 게 가장 핵심이라고 생각을 합니다.","wordCount":163},"emotion":[],"intent":[{"text":"이럴 때 중요한 건 그 팀원들에게 우리가   왜 일을 해야 되는지 필요성을 알리고 적극적으로 지원을 해 달라고 요청하는 게 중요할 것   같습니다.","expression":"c_cop","category":"personality"},{"text":"이 업무가 지금 왜 필요하고 어 왜 목적성을 가지고 해야 되는지 참여를 독려를   했는데 다행히도 또 여러 사람 분들이 그거에 응해주셔서 프로젝트가 좀 진행이 됐던   경험이 있습니다.","expression":"s_pers","category":"attitude"},{"text":"그리고 협업을 하는 데 있어서 본인의 적극적인 참여 의사가 중요하고 리더가 그거를 잘   이끌어내가면서 팀의 프로젝트를 성공적으로 이끄는 게 가장 핵심이라고   생각을 합니다.","expression":"c_cop","category":"personality"}],"summary":{"text":"개인들은 본인의 실적을 중시하기에 협업을 소홀히 하는 경우가 있습니다. 그럴 때는 팀원들에게 왜 일을 해야 되는지 적극적으로 지원을 해 달라고 요청하는 게 중요합니다. 목적성을 가지는 게 중요하고 본인의 적극적인 참여 의사가 중요하고 리더가 그것을 잘 이끌어가면서 팀의 프로젝트를 성공적으로 이끄는 게 가장 핵심이라고 생각합니다.","wordCount":44}}},"rawDataInfo":{"question":{"fileFormat":"wav","fileSize":444878,"duration":13900,"samplingBit":16,"channelCount":1,"samplingRate":"16kHz","audioPath":"/Mock/02.SalesMarketing/Female/Experienced/ckmk_q_sm_f_e_113766.wav"},"answer":{"fileFormat":"wav","fileSize":2825038,"duration":88280,"samplingBit":16,"channelCount":1,"samplingRate":"16kHz","audioPath":"/Mock/02.SalesMarketing/Female/Experienced/ckmk_a_sm_f_e_113766.wav"}}}