{"version":"1.0","dataSet":{"info":{"date":"20230116","occupation":"SM","channel":"MOCK","place":"ONLINE","gender":"FEMALE","ageRange":"45-54","experience":"EXPERIENCED"},"question":{"raw":{"text":"네 지원자님께서는 의견을 주장하실 때 좀 강하게 주장을 하시는 편이신지 아니면 어떤 스타일로 본인의 의견을 주장하시는지도 좀 궁금합니다 지원자님만의 의견의 주장 방법을 설명 부탁드리고 싶습니다","wordCount":25},"emotion":[],"intent":[]},"answer":{"raw":{"text":"어떤 업무상에 있어서 의견을 주장한다고 하면 저는 제가 옳다고 판단했을 때 하게 주장하는 편입니다. 다른 사람들과의 의견을 조율해야 하는 상황에서 그들의 생각이나 판단이 무조건 틀렸다고 가 아니라 업무를 진행함에 있어서의 자료 조사나 효율적인 방향성을 충분히 생각했고 그리고 자료 준비를 열심히 했기 때문에 그들에게 제시해서 이해시킬 수 있는 것들을 충분히 제 스스로 보여줬다고 생각합니다. 그래서 강하게 주장을 하는 편이고요. 그리고 사람들이 제 의견이나 주장을 꼭 궁금해 하는 부분이 있다면 그들이 쉽게 이해할 수 있도록 다시 한번 설명하고 자료를 조사한 것을 보여주면서 이해를 시키는 편입니다.","wordCount":83},"emotion":[],"intent":[{"text":"어떤 업무상에 있어서 의견을 주장한다고 하면 저는 제가 옳다고 판단했을 때   하게 주장하는 편입니다.","expression":"s_pers","category":"attitude"},{"text":"다른 사람들과의 의견을 조율해야 하는 상황에서   그들의 생각이나 판단이 무조건 틀렸다고 가 아니라 업무를 진행함에 있어서의 자료   조사나 효율적인 방향성을 충분히 생각했고 그리고 자료 준비를 열심히 했기 때문에    그들에게 제시해서 이해시킬 수 있는 것들을 충분히 제 스스로 보여줬다고 생각합니다.","expression":"s_pers","category":"attitude"},{"text":"그리고 사람들이 제 의견이나 주장을    꼭 궁금해 하는 부분이 있다면 그들이 쉽게 이해할 수 있도록 다시 한번 설명하고   자료를 조사한 것을 보여주면서 이해를 시키는 편입니다.","expression":"s_pers","category":"attitude"}],"summary":{"text":"어떤 업무상에 있어서 의견을 주장한다고 하면 저는 제가 옳다고 판단했을 때 하게 주장하는 편입니다. 다른 사람들과의 의견 조율 상황에서 업무 진행에 있어 자료 조사나 효율적인 방향성을 충분히 생각했고 그들에게 제시해서 이해시킬 수 있는 것들을 제 스스로 보여줬다고 생각합니다.","wordCount":38}}},"rawDataInfo":{"question":{"fileFormat":"wav","fileSize":611278,"duration":19100,"samplingBit":16,"channelCount":1,"samplingRate":"16kHz","audioPath":"/Mock/02.SalesMarketing/Female/Experienced/ckmk_q_sm_f_e_173895.wav"},"answer":{"fileFormat":"wav","fileSize":1564878,"duration":48900,"samplingBit":16,"channelCount":1,"samplingRate":"16kHz","audioPath":"/Mock/02.SalesMarketing/Female/Experienced/ckmk_a_sm_f_e_173895.wav"}}}