{"version":"1.0","dataSet":{"info":{"date":"20230116","occupation":"SM","channel":"MOCK","place":"ONLINE","gender":"FEMALE","ageRange":"45-54","experience":"EXPERIENCED"},"question":{"raw":{"text":"오늘 멀리서 오시느라 면접 준비하시느라 정말 고생 많이 하셨을 텐데요 음 개인적으로 어떤 방식으로 오늘 면접을 준비하셨는지 쪼끔 말씀 부탁드리겠습니다","wordCount":20},"emotion":[],"intent":[]},"answer":{"raw":{"text":"네 면접에 참여하는 일은 많은 준비가 필요하고 또 지원자들에게 굉장히 떨리는 일인 것 같습니다. 그래서 저도 면접을 잘 보기 위해서 계속 준비를 해 왔는데요. 어 저는 조금 체계적으로 준비를 해 왔습니다. 일단 면접에 참여할 때 태도나 그 사람의 어 외형적인 부분도 중요하다고 생각을 했는데요. 외형적인 게 그 사람의 외모를 평가한다기보다는 어 그 가치를 평가해 주는 것 같습니다. 그 기본적으로 자세나 마음가짐 그리고 말을 하는 태도를 좀 고치려고 노력을 했습니다. 어 말을 차분하면서도 조근조근하고 또 분명하게 말할 수 있도록 이 말하기 연습을 많이 했는데요. 평상시에 제가 거울을 보거나 또 카메라를 활용해서 제가 말하는 방식들을 캐치하고 또 안 좋은 습관들은 고치도록 노력을 했습니다. 그리고 답변을 할 때도 같은 내용이라도 얼마만큼 설득적이게 또 명쾌하게 답변하느냐가 중요한데요. 그래서 저는 질문을 받을 때 어 뭐 두괄식 미괄식으로 답변하는 방식들을 연습을 했고 또 어떤 것들이 상대방이 들었을 때 조금 더 설득적이고 이해가 되는지도 많이 연습을 했습니다. 그 친구들과 직접 면접 훈련을 하면서 실전처럼 연습을 많이 해 왔습니다.","wordCount":151},"emotion":[],"intent":[{"text":"그 기본적으로 자세나 마음가짐 그리고 말을 하는 태도를 좀   고치려고 노력을 했습니다.","expression":"s_comn","category":"attitude"},{"text":"어 말을 차분하면서도 조근조근하고 또 분명하게 말할   수 있도록 이 말하기 연습을 많이 했는데요.","expression":"s_comn","category":"attitude"},{"text":"평상시에 제가 거울을 보거나 또 카메라를    활용해서 제가 말하는 방식들을 캐치하고 또 안 좋은 습관들은 고치도록   노력을 했습니다.","expression":"s_comn","category":"attitude"},{"text":"그래서 저는 질문을 받을 때   어 뭐 두괄식 미괄식으로 답변하는 방식들을 연습을 했고 또 어떤 것들이 상대방이   들었을 때 조금 더 설득적이고 이해가 되는지도 많이 연습을 했습니다.","expression":"s_comn","category":"attitude"}],"summary":{"text":"저는 면접에 참여할 때 태도나 그 사람의 외형적인 부분도 중요하다고 생각하여 기본적으로 자세나 마음가짐 그리고 말을 하는 태도를 고치려고 노력을 했습니다. 그리고 답변을 할 때도 두괄식 미괄식으로 답변하는 방식들을 연습을 했고 친구들과 직접 면접 훈련을 하면서 실전처럼 연습을 많이 해 왔습니다.","wordCount":41}}},"rawDataInfo":{"question":{"fileFormat":"wav","fileSize":650318,"duration":20320,"samplingBit":16,"channelCount":1,"samplingRate":"16kHz","audioPath":"/Mock/02.SalesMarketing/Female/Experienced/ckmk_q_sm_f_e_113576.wav"},"answer":{"fileFormat":"wav","fileSize":2746318,"duration":85820,"samplingBit":16,"channelCount":1,"samplingRate":"16kHz","audioPath":"/Mock/02.SalesMarketing/Female/Experienced/ckmk_a_sm_f_e_113576.wav"}}}