{"version":"1.0","dataSet":{"info":{"date":"20230116","occupation":"SM","channel":"MOCK","place":"ONLINE","gender":"FEMALE","ageRange":"-34","experience":"EXPERIENCED"},"question":{"raw":{"text":"인생을 살면서 무엇인가 하나에 푹 빠져서 몰두해 보신 적이 있나요 만약 있다면 그 경험이 무엇이었는지 왜 그러셨는지 답변 부탁드립니다","wordCount":19},"emotion":[],"intent":[]},"answer":{"raw":{"text":"저는 여태까지 인생을 살면서 전공 공부에 가장 몰두했었습니다. 고등학생 때부터 전공 과목에 대한 열정이 가득하였고 그 전공 과목을 보다 심도 있게 학습하기 위해 선행 학습도 마다하지 않았습니다. 이렇게 하였더니 대학 생활 때는 항상 성적도 상위권을 유지할 수 있었습니다. 또한 장학금을 받으며 대학 사 년을 보낼 수 있었습니다. 이렇게 했을 때 제가 전공에 대한 관심도 더 높아질 수 있었고 성취감도 느낄 수 있었습니다. 또한 전공에 대해 성실하게 학습을 하였기 때문에 이후 업무를 수행한다 할지라도 해당 지식을 반영하여 보다 다양한 업무 처리나 빠른 업무 처리가 가능하다고 생각합니다.","wordCount":85},"emotion":[{"text":"고등학생 때부터 전공 과목에 대한 열정이 가득하였고 그 전공 과목을 보다 심도 있게 학습하기 위해 선행 학습도 마다하지 않았습니다.","expression":"p-interest","category":"positive"},{"text":"이렇게 했을 때 제가 전공에 대한 관심도 더 높아질 수 있었고 성취감도 느낄 수 있었습니다.","expression":"p-achievement","category":"positive"}],"intent":[{"text":"","expression":"","category":"attitude"}],"summary":{"text":"전공과목을 심도있게 학습하기 위해 선행 학습도 마다하지 않았습니다. 그 결과 대학 생활 때 성적도 상위권을 유지할 수 있었고 장학금도 받았습니다. 이를 통해 성취감도 느꼈습니다. 전공에 대해 성실하게 학습했기에 빠른 업무처리가 가능했습니다.","wordCount":31}}},"rawDataInfo":{"question":{"fileFormat":"wav","fileSize":601998,"duration":18810,"samplingBit":16,"channelCount":1,"samplingRate":"16kHz","audioPath":"/Mock/02.SalesMarketing/Female/Experienced/ckmk_q_sm_f_e_209499.wav"},"answer":{"fileFormat":"wav","fileSize":2438158,"duration":76190,"samplingBit":16,"channelCount":1,"samplingRate":"16kHz","audioPath":"/Mock/02.SalesMarketing/Female/Experienced/ckmk_a_sm_f_e_209499.wav"}}}