{"version":"1.0","dataSet":{"info":{"date":"20230116","occupation":"SM","channel":"MOCK","place":"ONLINE","gender":"FEMALE","ageRange":"35-44","experience":"EXPERIENCED"},"question":{"raw":{"text":"면접자님께서는 소통 능력을 키우기 위해서 어떤 일을 할 수 있을까요 생각나는 방법들을 자세하게 한 번 말씀해 주시기 바랍니다","wordCount":18},"emotion":[],"intent":[]},"answer":{"raw":{"text":"저는 사람들과 소통 능력을 키우기 위해 저는 다양한 분야에 대해서 공부를 하고 있습니다. 사실 비슷한 주제와 관심을 가진 사람들과의 만남에서는 대화에 크게 부담을 가지고 있지 않지만 업무를 하다 보면 아무래도 불특정 다수와 다양한 방면에 주제를 풀어 나가야 하는 경우가 많습니다. 그것이 제가 잘 알지 못하는 분야일 수도 있고 흥미가 없는 분야일 수도 있지만 그래도 상대방과 소통을 나가기 위해서는 다양한 주제를 알아야지만 좀 자연스럽게 풀어나갈 수 있기 때문에 제 관심사 이외에도 뭐 분야별로 나이별로 세분화 되어있는 인터넷 커뮤니티를 찾아서 뭐 올라온 글을 읽는다던가 그리하여서 요즘 공통적이고 보편화된 관심사가 무엇인지 알아보면서 시대에 뒤처지지 않게 노력을 하고 있습니다. 그리고 처음 만난 사람들과의 소통에도 원활할 수 있게 뭐 재미있는 글을 좀 읽어서 얘기를 한다거나 또는 최근에 이슈되어지는 기사 등을 활용해서 자연스럽게 어 커뮤니케이션을 진행하고자 노력을 합니다.","wordCount":122},"emotion":[],"intent":[{"text":"","expression":"","category":"attitude"}],"summary":{"text":"저는 사람들과 소통 능력을 키우기 위해 다양한 분야에 대해 공부를 하고 있습니다. 불특정 다수와 다양한 방면에 주제를 풀어 나가야 하는 경우가 많기 때문에 관심사 이외에도 인터넷 커뮤니티를 검색해서 요즘 공통적이고 보편화된 관심사가 무엇인지 알아보면서 시대에 뒤처지지 않게 노력을 합니다.","wordCount":39}}},"rawDataInfo":{"question":{"fileFormat":"wav","fileSize":457038,"duration":14280,"samplingBit":16,"channelCount":1,"samplingRate":"16kHz","audioPath":"/Mock/02.SalesMarketing/Female/Experienced/ckmk_q_sm_f_e_240594.wav"},"answer":{"fileFormat":"wav","fileSize":2227278,"duration":69600,"samplingBit":16,"channelCount":1,"samplingRate":"16kHz","audioPath":"/Mock/02.SalesMarketing/Female/Experienced/ckmk_a_sm_f_e_240594.wav"}}}