{"version":"1.0","dataSet":{"info":{"date":"20230116","occupation":"SM","channel":"MOCK","place":"ONLINE","gender":"FEMALE","ageRange":"-34","experience":"EXPERIENCED"},"question":{"raw":{"text":"본인이 창의적으로 어떤 문제를 해결한 경험이 있으신가요 그 과정을 최대한 자세하게 설명 부탁드리겠습니다","wordCount":13},"emotion":[],"intent":[]},"answer":{"raw":{"text":"제가 그 교복 회사에서 일을 할 때 그 저희 팀에 어 좀 이상한 직원이 있었어요. 그런데 그 직원이 어쨌든 어쨌든 되게 허세스럽기도 했었고 그런데 좀 수상한 어떤 행동들을 할 때가 있었는데 그 굿즈 있잖아요. 회사 브랜드에서 나오는 굿즈 그거를 뭔가 그 직원이 맡았던 대리점주 님께서 되게 대량으로 사시는 거예요. 그래서 좀 이상한 거죠. 뭔가 다른 지점이랑은 다르게 막 사니까 그래서 이거를 제가 마케팅 팀에다가 얘기를 좀 했었어요. 익명으로 어쨌든 좀 보안을 얘기를 해서 수상하기는 하니까 그래서 그 마케팅 팀이 어떤 게시판을 이제 그 굿즈를 원하는 사람들이 모여있는 어떤 커뮤니티에 게시판을 계속 모니터링을 한 거죠. 그런데 거기에 그 포스터를 판매하는 글이 올라왔고 그 팀원이 연락을 취해 보니깐 그 직원의 카톡이 떴다 는 그런 사건이 있었습니다.","wordCount":114},"emotion":[],"intent":[{"text":"","expression":"","category":"attitude"}],"summary":{"text":"교복 회사에서 일을 할 때 수상한 직원이 있었는데, 그 직원이 맡았던 대리점에서 굿즈를 대량으로 사셔서 이상했습니다. 그래서 마케팅 팀이 커뮤니티에 모니터링을 했는데, 그 포스터를 판매하는 글이 올라왔고 그 직원의 카카오톡이 나타난 사건이 있었습니다.","wordCount":33}}},"rawDataInfo":{"question":{"fileFormat":"wav","fileSize":296078,"duration":9250,"samplingBit":16,"channelCount":1,"samplingRate":"16kHz","audioPath":"/Mock/02.SalesMarketing/Female/Experienced/ckmk_q_sm_f_e_195358.wav"},"answer":{"fileFormat":"wav","fileSize":2764878,"duration":86400,"samplingBit":16,"channelCount":1,"samplingRate":"16kHz","audioPath":"/Mock/02.SalesMarketing/Female/Experienced/ckmk_a_sm_f_e_195358.wav"}}}