{"version":"1.0","dataSet":{"info":{"date":"20230116","occupation":"SM","channel":"MOCK","place":"ONLINE","gender":"FEMALE","ageRange":"35-44","experience":"EXPERIENCED"},"question":{"raw":{"text":"업무를 하게 되면 자료를 문서화 할 일이 굉장히 많습니다 문서화 작업이 왜 필요하다고 생각하십니까","wordCount":14},"emotion":[],"intent":[]},"answer":{"raw":{"text":"예 업무를 할 때는 익숙한 업무와 그렇지 않은 업무가 있다고 생각합니다. 익숙한 업무를 하는 경우는 사용 빈도가 높기 때문에 일을 할 때는 수월하나 그렇지 않은 경우는 한 번 해봐도 기억이 나지 않는 경우가 많습니다. 그렇기 때문에 자료를 문서화 하게 되면 예전에 했던 업무에 대해 참고할 수 있는 자료가 발생되어서 찾기도 쉽고 두 번 할 일을 한 번으로 줄어들기 때문에 업무 시간 단축 및 더욱 효율이 늘어나게 됩니다. 그리고 업무를 하다 보면 계속 그 일만 하는 것이 아니라 후임들에게 또는 전 사원들에게 필요한 업무가 될 수도 있기 때문에 문서화를 해 놓으면 다른 직원들도 쉽게 찾아 참고할 수 있는 매뉴얼이 될 수 있고 저 또한 필요한 자료가 필요할 때 다른 직원들이 자유로 문서화한 작업을 찾아서 참고 활용할 수 있기 때문에 문서화한 작업이 필요하다고 생각합니다.","wordCount":122},"emotion":[],"intent":[{"text":"","expression":"","category":"attitude"}],"summary":{"text":"익숙한 업무는 사용 빈도가 높아 업무가 수월하나 그렇지 않은 경우는 한번 해 보아도 기억이 나지 않는 경우가 많습니다. 업무를 할 때는 익숙한 업무와 그렇지 않은 업무가 있어서 문서를 해 놓으면 다른 직원들도 쉽게 찾아 참고할 수 있는 매뉴얼이 될 수 있고 저 또한 자유롭게 참고 활용할 수 있기 때문에 문서화가 필요하다고 생각합니다.","wordCount":52}}},"rawDataInfo":{"question":{"fileFormat":"wav","fileSize":326798,"duration":10210,"samplingBit":16,"channelCount":1,"samplingRate":"16kHz","audioPath":"/Mock/02.SalesMarketing/Female/Experienced/ckmk_q_sm_f_e_240593.wav"},"answer":{"fileFormat":"wav","fileSize":1827598,"duration":57110,"samplingBit":16,"channelCount":1,"samplingRate":"16kHz","audioPath":"/Mock/02.SalesMarketing/Female/Experienced/ckmk_a_sm_f_e_240593.wav"}}}