{"version":"1.0","dataSet":{"info":{"date":"20230116","occupation":"SM","channel":"MOCK","place":"ONLINE","gender":"FEMALE","ageRange":"35-44","experience":"EXPERIENCED"},"question":{"raw":{"text":"지원자님이 우리 회사에 들어오게 된다면 가장 가고 싶은 부서와 왜 그렇게 생각하셨는지 그 이유를 함께 말씀해 주세요","wordCount":17},"emotion":[],"intent":[]},"answer":{"raw":{"text":"네 저는 마케팅 부서에서 일을 해보고 싶습니다. 제가 입사를 하게 되면 영업 판매 뿐만이 아니라 마케팅 부서에서 일을 해서 포괄적으로 배우고 싶습니다. 저는 기본적으로 영업 판매를 주로 일을 해왔는데요. 관련해서 경험도 많고 경력도 많고 어 데이터도 가지고 있다는 장점이 있습니다. 하지만 앞으로는 이런 영업 판매 단순히 이런 사무 뿐만이 아니라 어 저는 좀 더 포괄적으로 전문적으로 배우고 싶습니다. 그래서 종합적으로 마케팅 할 수 있는 부서에 가서 그 회사의 전반적인 내용을 배우고 싶은데요. 아무래도 우리 회사의 제품과 가치를 어 많은 소비자들에게 알리는 게 중요하다고 생각을 하구요. 또 마케팅의 기법도 요즘 다양하게 변화하고 있기 때문에 좀 더 전문적으로 배워보고 싶다 라는 생각이 들었습니다. 그리고 저는 단순하게 영업하는 그런 업무뿐만이 아니라 회사의 전반적인 내용을 이해하고 또 제가 그 일원으로서 참여하고 싶다는 생각이 강한데요. 앞으로 기회가 된다면 이 마케팅 부서에서도 리더 팀장의 역할을 하면서 회사의 전반적인 내용을 이해하고 또 앞으로 가치를 알릴 수 있는 그런 일들을 해보고 싶습니다.","wordCount":144},"emotion":[],"intent":[{"text":"","expression":"","category":"attitude"}],"summary":{"text":"저는 기본적으로 영업 판매를 주로 해왔는데, 앞으로 마케팅 부서에서 일을 해서 포괄적으로 배우고 싶습니다. 앞으로 기회가 된다면 이 마케팅 부서에서도 리더 팀장의 역할을 하면서 회사의 전반적인 내용을 이해하고 또 앞으로 가치를 알릴 수 있는 그런 일들을 해보고 싶습니다.","wordCount":38}}},"rawDataInfo":{"question":{"fileFormat":"wav","fileSize":327758,"duration":10240,"samplingBit":16,"channelCount":1,"samplingRate":"16kHz","audioPath":"/Mock/02.SalesMarketing/Female/Experienced/ckmk_q_sm_f_e_113613.wav"},"answer":{"fileFormat":"wav","fileSize":2711118,"duration":84720,"samplingBit":16,"channelCount":1,"samplingRate":"16kHz","audioPath":"/Mock/02.SalesMarketing/Female/Experienced/ckmk_a_sm_f_e_113613.wav"}}}