{"version":"1.0","dataSet":{"info":{"date":"20230116","occupation":"SM","channel":"MOCK","place":"ONLINE","gender":"FEMALE","ageRange":"35-44","experience":"EXPERIENCED"},"question":{"raw":{"text":"면접자 본인이 이 분야에 지원하기 위해서 그동안 어떤 점들을 노력했는지 소개를 해 주시구요 그중에서도 가장 자기가 잘 할 수 있다 라는 분야가 있으면 소개를 해 주세요","wordCount":26},"emotion":[],"intent":[]},"answer":{"raw":{"text":"네 아무래도 영업은 사람을 대하는 일이기 때문에 어 설득 그리고 커뮤니케이션을 잘하는 게 중요하다고 생각을 합니다. 그래서 저도 영업을 하기 위해서 이런 커뮤니케이션 설득 과정을 실전 과정을 통해서 많이 연습을 했습니다. 어 사실 저도 처음에 영업을 했을 때는 굉장히 두려움이 있었고 또 고객님들을 만나서 어떻게 하면 설득할 수 있을지 고심을 했는데요. 어 저는 실전 경험에서 여러 고객님들을 만나본 결과 제가 느낀 점은 제가 원하는 바를 말씀드리는 것보다 고객님의 성향과 그런 것들을 잘 파악해서 말씀드리는 게 효과가 있다는 걸 알았습니다. 그래서 저는 고객님의 성향을 잘 파악하고 또 그거에 맞춰서 설득과 커뮤니케이션을 잘하는 성격을 가지고 있는데요. 이렇게 고객님들을 실전에서 많이 만나보고 또 제가 연습을 통해서 많이 영업 활동을 했다는 게 저의 장점이라고 말씀을 드리고 싶습니다. 그리고 영업을 떠나서 제가 마케팅 관련한 공부도 열심히 하고 있는데요. 왜냐하면 보다 큰 그림에서 어떻게 하면 제가 잘 영업하고 또 그리고 성장할 수 있을지에 대한 고민을 많이 했습니다. 앞으로 이런 고민들을 바탕으로 더 성장하고 또 앞으로 영업 활동을 잘 할 수 있는 그런 계기를 만들어 주셨으면 좋겠습니다.","wordCount":160},"emotion":[],"intent":[{"text":"그리고 영업을 떠나서 제가 마케팅 관련한 공부도 열심히 하고 있는데요.","expression":"c_imp","category":"personality"}],"summary":{"text":"영업은 사람을 대하는 일이기 때문에 설득과 커뮤니케이션을 잘하는 게 중요하다고 생각을 합니다. 저는 실전 경험을 통해 고객님의 성향과 그런 것들을 잘 파악해서 말씀드리는 게 효과가 있다는 걸 알았습니다. 앞으로 이런 고민들을 바탕으로 더 성장하고 또 앞으로 영업 활동을 잘 할 수 있는 그런 계기를 만들어 주셨으면 좋겠습니다.","wordCount":47}}},"rawDataInfo":{"question":{"fileFormat":"wav","fileSize":529998,"duration":16560,"samplingBit":16,"channelCount":1,"samplingRate":"16kHz","audioPath":"/Mock/02.SalesMarketing/Female/Experienced/ckmk_q_sm_f_e_134883.wav"},"answer":{"fileFormat":"wav","fileSize":2752718,"duration":86020,"samplingBit":16,"channelCount":1,"samplingRate":"16kHz","audioPath":"/Mock/02.SalesMarketing/Female/Experienced/ckmk_a_sm_f_e_134883.wav"}}}