{"version":"1.0","dataSet":{"info":{"date":"20230116","occupation":"SM","channel":"MOCK","place":"ONLINE","gender":"FEMALE","ageRange":"-34","experience":"EXPERIENCED"},"question":{"raw":{"text":"어 지원자님께서는 팀장에 절 더 잘 맞을지 아니면 팀원에 더 잘 맞을지 어 그 이유와 함께 본인의 생각을 말씀해 주세요","wordCount":20},"emotion":[],"intent":[]},"answer":{"raw":{"text":"저는 팀장이냐 팀원이냐 그 둘 중에 하나를 꼽으라고 하면 저는 팀장 역할을 더 좋아하고 잘 맞는 성향인 것 같습니다. 어 저는 기본적으로 팀장으로써 어 팀원들을 이끌고 리드하는 업무를 굉장히 좋아합니다. 왜냐하면 제 역할에 대한 업무는 경력이 쌓이면 제가 스스로 할 수 있는 분야인데 다른 사람 일 어떤 일을 하는지 알고 파악하고 배분하는 거는 훨씬 더 많은 능력을 요구하기 때문입니다. 어 저는 기본적으로 신입 때부터 팀원으로서 제 역할을 수행을 해 왔습니다. 하지만 신입사원부터 지금까지 제 역할 뿐만이 아니라 다른 사람은 무엇 어떤 일을 하고 있고 또 어떻게 생각하는지도 굉장히 궁금해 했습니다. 그래서 다른 사람의 업무도 파악하려고 노력을 하고 또 상호작용을 많이 하면서 아 리더로서 내가 역할을 한다면 더 재미있겠구나 라는 생각이 들었습니다. 물론 리더로서 팀장의 역할이 되면 결정해야 되는 것들도 많고 또 불가피하게 팀원들이 따라주지 않을 경우에 어 힘들 수도 있는데요. 하지만 이런 과정들을 헤쳐나가고 이겨나가면서 훨씬 더 발전이 되고 또 제가 성장하는 것 같습니다. 그래서 저는 팀원보다는 리더로서 팀장의 역할을 해보고 싶습니다.","wordCount":152},"emotion":[],"intent":[{"text":"","expression":"","category":"attitude"}],"summary":{"text":"저는 팀장 역할을 더 좋아하고 잘 맞는 성향인 것 같습니다. 저는 경력이 쌓이면 스스로 할 수 있는 분야인데 다른 사람 일 어떤 일을 하는지 알고 파악하고 배분하는 거는 훨씬 더 많은 능력을 요구하기 때문에 저는 팀원보다는 리더로서 팀장의 역할을 해보고 싶습니다.","wordCount":41}}},"rawDataInfo":{"question":{"fileFormat":"wav","fileSize":427278,"duration":13350,"samplingBit":16,"channelCount":1,"samplingRate":"16kHz","audioPath":"/Mock/02.SalesMarketing/Female/Experienced/ckmk_q_sm_f_e_113416.wav"},"answer":{"fileFormat":"wav","fileSize":2750798,"duration":85960,"samplingBit":16,"channelCount":1,"samplingRate":"16kHz","audioPath":"/Mock/02.SalesMarketing/Female/Experienced/ckmk_a_sm_f_e_113416.wav"}}}