{"version":"1.0","dataSet":{"info":{"date":"20230116","occupation":"SM","channel":"MOCK","place":"ONLINE","gender":"FEMALE","ageRange":"45-54","experience":"EXPERIENCED"},"question":{"raw":{"text":"다른 계열사도 많이 있는데 저희 계열사에 지원해 주신 특별한 이유가 있을까요 본인의 솔직한 지원 동기에 대해서 구체적으로 말씀해 주세요","wordCount":19},"emotion":[],"intent":[]},"answer":{"raw":{"text":"이 계열사에 지원한 특별한 이유는 요즘 핫한 계열사로 생각이 돼서 지원하게 되었습니다. 많은 사람들의 관심과 주목을 끄는 계열사가 아무래도 비전도 있고 앞으로에 목표도 뚜렷할 것이라고 생각이 되어서 이 계열사에 지원하게 되었습니다. 제가 생각한 대로 비전과 목표가 정확하게 있어서 제 삶에 앞으로에 영향에 큰 도움이 되었으면 좋겠다는 생각을 하고 있습니다. 이 계열사에 지원한 특별한 이유는 바로 비전과 목표가 있기 때문에 지원하게 되었습니다.","wordCount":61},"emotion":[],"intent":[{"text":"이 계열사에 지원한 특별한 이유는 요즘 핫한 계열사로 생각이 돼서 지원하게 되었습니다.","expression":"c_sincere_job","category":"etc"},{"text":"많은 사람들의 관심과 주목을 끄는 계열사가 아무래도 비전도 있고 앞으로에 목표도 뚜렷할 것이라고 생각이 되어서 이 계열사에 지원하게 되었습니다.","expression":"c_sincere_job","category":"etc"},{"text":"이 계열사에 지원한 특별한 이유는 바로 비전과 목표가 있기 때문에 지원하게 되었습니다.","expression":"c_sincere_job","category":"etc"}],"summary":{"text":"요즘 핫한 계열사로 비전과 목표가 뚜렷할 것이라고 생각되어 이 계열사에 지원한 이유는 제 삶에 앞으로 큰 도움이 되었으면 해서입니다.","wordCount":19}}},"rawDataInfo":{"question":{"fileFormat":"wav","fileSize":618318,"duration":19320,"samplingBit":16,"channelCount":1,"samplingRate":"16kHz","audioPath":"/Mock/02.SalesMarketing/Female/Experienced/ckmk_q_sm_f_e_253753.wav"},"answer":{"fileFormat":"wav","fileSize":1693518,"duration":52920,"samplingBit":16,"channelCount":1,"samplingRate":"16kHz","audioPath":"/Mock/02.SalesMarketing/Female/Experienced/ckmk_a_sm_f_e_253753.wav"}}}