{"version":"1.0","dataSet":{"info":{"date":"20230116","occupation":"SM","channel":"MOCK","place":"ONLINE","gender":"FEMALE","ageRange":"45-54","experience":"EXPERIENCED"},"question":{"raw":{"text":"혹시 지원자님의 전공과 관련해서 최근 부족하다고 느끼고 어 혹시 따로 공부를 하고 있는 분야가 있을까요","wordCount":15},"emotion":[],"intent":[]},"answer":{"raw":{"text":"네 저는 요즘에 마케팅 공부를 좀 충실히 하고 있습니다. 아무래도 제가 관련 업무를 하고 있기 때문에 이 전공과 관련해서 공부하는 게 굉장히 중요하다고 생각을 하구요. 어 그리고 제가 사실 조금 부족하다고 느낀 점은 요즘에 트렌드가 너무 빨리 변화하고 있습니다. 어 자칫하면 트렌드에 따라가지 못하고 좀 올드하거나 뒤쳐질 수 있기 때문에 어 사람들이 무엇에 관심이 있는지에 대해서 파악하는 게 중요하다고 생각을 합니다. 그래서 저도 가급적이면 최근에 사람들에게 유행하거나 관심을 받고 있는 거에 귀를 기울이구요. 그리고 그것들을 좀 보완할 수 있는 노력들을 하고 있습니다. 어 사람들을 만나서 그 이야기를 듣기도 하구요. 아니면 최근에 유행하거나 트렌드가 많이 앞서가는 것들을 계속해서 보고 공부하려는 노력들도 중요한 것 같구요. 그리고 전공에 있어서도 저는 조금 더 깊이 있는 공부를 싶습니다. 그래서 강의를 진행을 하거나 최근에 유행하는 트렌드 책들을 많이 읽으려고 하고 있습니다. 아무래도 그런 것들을 보게 되면 최근에 가고 있는 변화라던가 이런 것들을 빠르게 좀 볼 수 있기 때문에 이런 노력들이 계속 필요할 것 같구요. 앞으로 업무를 할 때도 저는 계속해서 발전할 수 있도록 노력하고 공부하도록 하겠습니다.","wordCount":160},"emotion":[],"intent":[{"text":"네 저는 요즘에 마케팅 공부를 좀 충실히 하고 있습니다.","expression":"c_imp","category":"personality"}],"summary":{"text":"요즘 트렌드가 너무 빠르게 변화하고 있어서 트렌드에 관심이 있는 것에 대해 파악하는 게 중요하다고 생각하여 사람들을 만나 이야기를 듣기도 하고, 강의를 진행하거나 트렌드 책들을 많이 읽으려고 하고 있습니다. 앞으로 업무를 할 때도 계속해서 발전할 수 있도록 노력하고 공부하도록 하겠습니다.","wordCount":39}}},"rawDataInfo":{"question":{"fileFormat":"wav","fileSize":326478,"duration":10200,"samplingBit":16,"channelCount":1,"samplingRate":"16kHz","audioPath":"/Mock/02.SalesMarketing/Female/Experienced/ckmk_q_sm_f_e_113579.wav"},"answer":{"fileFormat":"wav","fileSize":2745038,"duration":85780,"samplingBit":16,"channelCount":1,"samplingRate":"16kHz","audioPath":"/Mock/02.SalesMarketing/Female/Experienced/ckmk_a_sm_f_e_113579.wav"}}}