{"version":"1.0","dataSet":{"info":{"date":"20230116","occupation":"SM","channel":"MOCK","place":"ONLINE","gender":"FEMALE","ageRange":"-34","experience":"EXPERIENCED"},"question":{"raw":{"text":"지원자님께서 생각하시기에 글로벌 인재에게 필요한 요소는 무엇이라고 생각을 하십니까 그리고 그것을 위해서 어 본인이 노력해 왔던 것은 무엇인지 말씀해 주세요","wordCount":20},"emotion":[],"intent":[]},"answer":{"raw":{"text":"글로벌 인재에게 있어서 가장 중요한 것은 영어 능력이라고 생각합니다. 말 그대로 글로벌 인재이기 때문에 전 세계 거래처나 고객들과 상대할 수 있어야 합니다. 그들과는 모국어로 소통이 불가하기 때문에 만국 공용어나 다름없는 영어를 필수적으로 사용할 수 있어야 한다고 생각합니다. 제품 설명이나 회사 소개 모든 업무를 수행하는 기초에 있는 것이 영어라고 생각합니다. 저는 이 영어를 습득하기 위해서 고등학생 때부터 원어민들과 시간을 정하고 주기적으로 교류를 쭉 이어왔습니다. 그 결과 언어를 자유 자재로 사용할 수 있게 되었고 영어를 활용하여 제가 전달하고 싶은 의사를 보다 효율적이고 정확하게 전달할 수 있게 되었습니다. 향후 영업 업무를 수행하게 된다면 이 영어를 기반으로 거래처들과 소통을 하고 글로벌 인재가 될 수 있도록 꾸준히 노력해 나갈 것입니다.","wordCount":105},"emotion":[],"intent":[{"text":"","expression":"","category":"attitude"}],"summary":{"text":"글로벌 인재에게 가장 중요한 것은 영어 능력입니다. 글로벌 인재이기 때문에 전 세계 거래처나 고객들과 상대할 수 있어야 합니다. 그래서 영어를 습득하기 위해 고등학생 때부터 원어민들과 교류를 이어왔습니다. 앞으로 영업 업무를 수행하게 된다면 글로벌 인재가 될 수 있도록 노력할 것입니다.","wordCount":39}}},"rawDataInfo":{"question":{"fileFormat":"wav","fileSize":561998,"duration":17560,"samplingBit":16,"channelCount":1,"samplingRate":"16kHz","audioPath":"/Mock/02.SalesMarketing/Female/Experienced/ckmk_q_sm_f_e_209338.wav"},"answer":{"fileFormat":"wav","fileSize":2623438,"duration":81980,"samplingBit":16,"channelCount":1,"samplingRate":"16kHz","audioPath":"/Mock/02.SalesMarketing/Female/Experienced/ckmk_a_sm_f_e_209338.wav"}}}