{"version":"1.0","dataSet":{"info":{"date":"20230116","occupation":"SM","channel":"MOCK","place":"ONLINE","gender":"FEMALE","ageRange":"45-54","experience":"EXPERIENCED"},"question":{"raw":{"text":"지원자님이 대학 생활을 할 때이던 이전 직장을 다닐 때던 어떤 프로젝트를 해 봤는지 생각나시는 게 있다면 한번 말씀해 주시겠어요","wordCount":19},"emotion":[],"intent":[]},"answer":{"raw":{"text":"네 저 같은 경우에는 이천 십 이 년도 경에 산학 협력 관련한 그런 프로젝트를 한 번 진행했던 적이 있습니다. 제가 당시에 나갔던 프로젝트 대회는 도에서 직접 운영하는 그런 논문 발표 대회였는데요. 당시에 제가 진행했던 프로젝트는 만족도 설문조사 그리고 그 설문조사를 기반으로 한 유의미한 그런 결과들을 내는 것이었습니다. 생각보다 대외 일정이 빠르게 잡힌 터라 이 주 안에 논문을 써야 해서 굉장히 큰 스트레스들을 받았었습니다. 그렇지만 이런 업무들을 잘 처리를 했었고 후에는 빠르게 잘 마무리해서 경연대회에서 대략적으로 삼 등에 해당하는 장려상을 받았던 경험이 있습니다.","wordCount":82},"emotion":[],"intent":[{"text":"네 저 같은 경우에는 이천 십 이 년도 경에 산학 협력 관련한 그런 프로젝트를 한 번 진행했던 적이 있습니다.","expression":"c_private","category":"background"},{"text":"당시에 제가 진행했던 프로젝트는 만족도 설문조사 그리고 그 설문조사를 기반으로 한 유의미한 그런 결과들을 내는 것이었습니다.","expression":"c_private","category":"background"},{"text":"그렇지만 이런 업무들을 잘 처리를 했었고 후에는 빠르게 잘 마무리해서 경연대회에서 대략적으로 삼 등에 해당하는 장려상을 받았던 경험이 있습니다.","expression":"c_private","category":"background"}],"summary":{"text":"산학 협력과 관련된 프로젝트를 한 적이 있습니다. 도에서 운영하는 논문 발표 대회에서 만족도 설문조사를 기반으로 유의미한 결과를 내는 것이었습니다. 이 주 안에 논문을 써야 해서 스트레스를 받았지만 잘 마무리해서 장려상을 받았던 경험이 있었습니다.","wordCount":33}}},"rawDataInfo":{"question":{"fileFormat":"wav","fileSize":390478,"duration":12200,"samplingBit":16,"channelCount":1,"samplingRate":"16kHz","audioPath":"/Mock/02.SalesMarketing/Female/Experienced/ckmk_q_sm_f_e_230909.wav"},"answer":{"fileFormat":"wav","fileSize":2214478,"duration":69200,"samplingBit":16,"channelCount":1,"samplingRate":"16kHz","audioPath":"/Mock/02.SalesMarketing/Female/Experienced/ckmk_a_sm_f_e_230909.wav"}}}