{"version":"1.0","dataSet":{"info":{"date":"20230116","occupation":"SM","channel":"MOCK","place":"ONLINE","gender":"FEMALE","ageRange":"45-54","experience":"EXPERIENCED"},"question":{"raw":{"text":"만약에 일을 하던 중에 직무가 적성에 맞지 않는다면 어떻게 하시겠습니까 상황을 가정하고 말씀해 주시면 되겠습니다","wordCount":15},"emotion":[],"intent":[]},"answer":{"raw":{"text":"어 일을 하던 중 직무가 적성에 맞지 않는다는 것은 그만큼의 어떤 성과가 없어서 그렇지 않을까 싶습니다. 어 내가 재미 없어 했지만 내가 노력 한 만큼의 어떤 성과가 있고 어 칭찬을 받고 그렇다면 적성에 맞지 않는다 라는 그런 생각은 하지 못할 것 같구요. 그렇기 때문에 어 그런 상황이라면 조금 더 노력을 해 봐야 된다는 생각을 합니다. 어 성과를 내고 내가 다른 사람보다 더 어떤 그 결과치를 보여주고 해서 어 뭐 승진도 잘하고 한다면 이게 아 안 맞는 줄 알았는데 아 맞나 이런 생각을 할 수도 있는 것이구요. 누가 억지로 이 회사에 다니라고 한 것도 아니고 내가 이 업종을 정한 것이기 때문에 어쨌든 죽을 일이 아니라면 죽기만큼 힘든 상황이 아니라면 좀 더 노력을 해 봐야 되지 않나 그런 생각을 합니다.","wordCount":118},"emotion":[],"intent":[{"text":"","expression":"","category":"attitude"}],"summary":{"text":"직무가 적성에 맞지 않는다는 것은 그만큼의 성과가 없기 때문이기에 조금 더 노력을 해 봐야 합니다. 성과를 내고 다른 사람보다 더 나은 결과를 보여준다면 이것이 맞다는 생각을 할 수 있습니다. 죽만큼 힘든 상황이 아니라면 좀 더 노력을 해야 됩니다.","wordCount":38}}},"rawDataInfo":{"question":{"fileFormat":"wav","fileSize":358478,"duration":11200,"samplingBit":16,"channelCount":1,"samplingRate":"16kHz","audioPath":"/Mock/02.SalesMarketing/Female/Experienced/ckmk_q_sm_f_e_239759.wav"},"answer":{"fileFormat":"wav","fileSize":2499278,"duration":78100,"samplingBit":16,"channelCount":1,"samplingRate":"16kHz","audioPath":"/Mock/02.SalesMarketing/Female/Experienced/ckmk_a_sm_f_e_239759.wav"}}}