{"version":"1.0","dataSet":{"info":{"date":"20230116","occupation":"SM","channel":"MOCK","place":"ONLINE","gender":"FEMALE","ageRange":"35-44","experience":"EXPERIENCED"},"question":{"raw":{"text":"지금까지 여러 대외 활동을 해 보셨겠죠 많이 해보 많이 활동을 해보셨을 텐데 어 대외 활동에서 무엇을 배웠고 또 어떤 자세로 임해셨는지 자세히 말씀해 주시기 바랍니다","wordCount":25},"emotion":[],"intent":[]},"answer":{"raw":{"text":"어 일단은 사람을 좀 쉽게 믿으면 안 된다 라는 거를 좀 배웠구요. 저는 사실 되게 어 오늘 만난 인연이 다인 것처럼 행동하면서 활동을 좀 해 왔었던 것 같애요. 그래서 항상 같은 팀원들이나 이 같이 만난 사람들을 다 되게 잘 챙기기도 했었고 먼저 좀 다가가는 편이기도 했었는데 뭐 뒤에서 제 욕을 한다거나 이런 거는 누구나 그럴 수 있다고 생각이 들어서 그거에 대해서 불만이 있거나 그러지는 않았는데 뭔가 그것보다 좀 더 곤란한 곤란했던 상황들을 좀 많이 맞았던 것 같은데 거기에 항상 그 상대방에 대한 제 신뢰성에 대한 것들이 좀 결함이 많았었어요. 그래서 진짜 친하다고 친해졌다고 느꼈던 사람인데 사실은 이 여기서 만난 그 그룹 안에서의 그 의미를 더 갖거나 뭐 적게 갖거나 이러지 않는 걸 많이 봤거든요. 그랬을 때 좀 많이 당하기도 했었고 저를 좀 속이는 거 많이 당하기도 했었어 가지구 저는 그 활동의 결과로 사람을 좀 믿지 않는 편입니다.","wordCount":137},"emotion":[],"intent":[{"text":"저는 사실 되게   어 오늘 만난 인연이 다인 것처럼 행동하면서 활동을 좀 해 왔었던 것 같애요.","expression":"s_intp","category":"attitude"}],"summary":{"text":"저는 오늘 만난 인연이 다인 것처럼 행동하면서 활동을 좀 해 왔었던 것 같은데 상대방에 대한 신뢰성에 결함이 많았던 것 같아 사람을 좀 쉽게 믿으면 안 된다 라는 것을 배웠구요. 저는 사람을 좀 믿지 않는 편입니다.","wordCount":35}}},"rawDataInfo":{"question":{"fileFormat":"wav","fileSize":649358,"duration":20290,"samplingBit":16,"channelCount":1,"samplingRate":"16kHz","audioPath":"/Mock/02.SalesMarketing/Female/Experienced/ckmk_q_sm_f_e_125586.wav"},"answer":{"fileFormat":"wav","fileSize":2736398,"duration":85510,"samplingBit":16,"channelCount":1,"samplingRate":"16kHz","audioPath":"/Mock/02.SalesMarketing/Female/Experienced/ckmk_a_sm_f_e_125586.wav"}}}