{"version":"1.0","dataSet":{"info":{"date":"20230116","occupation":"SM","channel":"MOCK","place":"ONLINE","gender":"FEMALE","ageRange":"45-54","experience":"EXPERIENCED"},"question":{"raw":{"text":"우리 회사에 입사를 어 했는데 업무 내용이나 강도가 예상했던 것과 전혀 다르다면 어 어떻게 하실지 말씀해 주세요","wordCount":17},"emotion":[],"intent":[]},"answer":{"raw":{"text":"회사에 입사했을 때 업무 강도가 내용이 굉장히 힘들다 라는 전제로 이야기를 하겠습니다. 어 그런 경우에 일단은 어 저희 팀원들의 모습을 살펴 보도록 하겠습니다. 어 이 팀원분들께서 이 업무의 강도와 목표를 어떻게 받아 들이는지 모두 긍정적으로 바라보고 있는 것인지 라고 생각을 하면 저도 방법을 강구해야겠죠. 이분들과 함께 가야 되니까요. 하지만 그렇지 않고 모두도 지처하고 힘들어 한다 라고 생각을 하 상황이다 라고 하면 어 어떤 부분이 힘든 건지 어떤 부분을 해소해서 우리가 좀 더 롱런할 수 있는지 방법을 강구해서 상사에게 보고를 해서 조율할 수 있도록 방법을 찾을 수 있도록 노력하도록 하겠습니다.","wordCount":89},"emotion":[],"intent":[{"text":"","expression":"","category":"attitude"}],"summary":{"text":"업무 강도와 목표에 대해 팀원들의 긍정적인 생각과 함께 어떤 부분이 힘든 건지 어떤 부분을 해소해 좀 더 롱런할 수 있는지 상사에게 보고 해서 조율할 수 있도록 방법을 찾을 수 있도록 노력하도록 하겠습니다.","wordCount":32}}},"rawDataInfo":{"question":{"fileFormat":"wav","fileSize":463438,"duration":14480,"samplingBit":16,"channelCount":1,"samplingRate":"16kHz","audioPath":"/Mock/02.SalesMarketing/Female/Experienced/ckmk_q_sm_f_e_191890.wav"},"answer":{"fileFormat":"wav","fileSize":1774798,"duration":55460,"samplingBit":16,"channelCount":1,"samplingRate":"16kHz","audioPath":"/Mock/02.SalesMarketing/Female/Experienced/ckmk_a_sm_f_e_191890.wav"}}}