{"version":"1.0","dataSet":{"info":{"date":"20230116","occupation":"SM","channel":"MOCK","place":"ONLINE","gender":"FEMALE","ageRange":"55-","experience":"EXPERIENCED"},"question":{"raw":{"text":"어 만약 본인이 이 면접에서 최종 탈락하게 될 수도 있는데요 어 그렇게 된다면 본인이 어떤 점이 부족해서 최종 탈락했다고 생각을 하실지 궁금합니다","wordCount":22},"emotion":[],"intent":[]},"answer":{"raw":{"text":"예 이 면접에서 최종 탈락을 한다면 어 너무 슬플 것 같아요. 너무 슬프지만 제가 좀 더 좀 더 많이 공부를 하고 많이 준비를 했었어야 되는데 탈락을 시키시는 거기 때문에 저는 겸허히 받아들이도록 하겠습니다. 그리고 아직은 공부 중이 때그문에 공부를 좀 더 열심히 해서 다시 도전을 할려고 생각을 하기 때문에 저는 최종 탈락한다고 어 낙담하거나 아니면은 내가 어떤 점이 부족해서 탈락했다고 한다면 제가 공부한 시간이 조금 짧았다 라고 생각을 하기 때문에 그 점이라고 생각을 합니다 하지만 다시 도전이라는 재도전이라는 다 모든 기회가 있기 때문에 저는 꼭 대 어 재도전을 할 것이고 그다음에 저의 어떤 부분이냐면 음 좀 더 전문적이지 않은 것이겠지요. 그래서 전문성을 좀 더 많이 키우고 그다음에 제 건강을 좀 더 돌보면서 제가 나이가 있어도 이 회사에 출근을 잘 하고 그다음에 적응을 잘 해서 업무를 충분히 실행할 수 있다는 것을 다음 면접에서 꼭 보여드리도록 노력을 할 것입니다. 제가 나이가 많은 것이 약간 부족한 점이라고 저도 생각을 합니다. 하지만 한편으로 나이가 많은 것은 좀 더 어 그 경력이나 아니면은 아 경험이 많다 라는 생각을 해 주셨으면 좋겠습니다. 저는 경험이 아는 사람이라고 생각을 합니다. 그래서 제 경험을 쓰십시오.","wordCount":176},"emotion":[],"intent":[{"text":"","expression":"","category":"attitude"}],"summary":{"text":"면접에서 최종 탈락한다면 너무 슬플 것 같습니다. 하지만 다시 도전이라는 재도전이라는 다 모든 기회가 있기 때문에 저는 꼭 다시 도전할 것이고, 전문성을 좀 더 많이 키우고, 제 건강을 좀 더 돌보면서 나이가 있어도 업무를 충분히 실행할 수 있다는 것을 보여주도록 노력할 것입니다.","wordCount":42}}},"rawDataInfo":{"question":{"fileFormat":"wav","fileSize":454478,"duration":14200,"samplingBit":16,"channelCount":1,"samplingRate":"16kHz","audioPath":"/Mock/02.SalesMarketing/Female/Experienced/ckmk_q_sm_f_e_242092.wav"},"answer":{"fileFormat":"wav","fileSize":3719118,"duration":116220,"samplingBit":16,"channelCount":1,"samplingRate":"16kHz","audioPath":"/Mock/02.SalesMarketing/Female/Experienced/ckmk_a_sm_f_e_242092.wav"}}}