{"version":"1.0","dataSet":{"info":{"date":"20230116","occupation":"SM","channel":"MOCK","place":"ONLINE","gender":"FEMALE","ageRange":"-34","experience":"EXPERIENCED"},"question":{"raw":{"text":"본인 스스로 숫자와 창의 중 둘 중 어떤 것에 더 가깝다고 생각하십니까 이유도 말씀해 주시기 바랍니다","wordCount":16},"emotion":[],"intent":[]},"answer":{"raw":{"text":"저는 숫자보다는 창의에 가까운 편이라고 생각합니다. 마케팅과 관련된 수업을 듣고 동아리에서 관련 활동들을 이어 나가면서 여러 창의력을 기 기를 수 있었습니다. 기존의 틀에 발 박힌 해결책이 아니라 새로운 대안을 떠올려야 하는 경우를 많이 겪었었습니다. 따라서 이런 면에서는 어떠한 해결책이 적용되면 유익할지를 고민해 보게 되었고 그러한 과정 속에서는 기존에는 행해지지 않은 새로운 방법들이 필요할 때가 많다는 것을 느끼게 되었습니다. 따라서 저는 다양한 마케팅 전략을 배움으로써 여러 가지 방법을 고민할 수 있었습니다. 향후 영업 업무를 하게 된다면 그에 따른 전략들을 세우고 또한 새로운 방법들을 고안해 내어 문제를 잘 해결하고 정체된 상황에서 돌파구를 찾을 수 있도록 노력할 것입니다.","wordCount":95},"emotion":[],"intent":[{"text":"","expression":"","category":"attitude"}],"summary":{"text":"마케팅 수업과 동아리 활동을 통해 새로운 대안을 떠올려야 하는 경우에는 어떤 해결책이 적용될지 고민하게 되었고 새로운 방법들이 필요할 때가 많다는 것을 느꼈습니다. 앞으로 영업 업무를 하게 된다면 새로운 방법들을 고안해 낼 것입니다.","wordCount":32}}},"rawDataInfo":{"question":{"fileFormat":"wav","fileSize":353038,"duration":11030,"samplingBit":16,"channelCount":1,"samplingRate":"16kHz","audioPath":"/Mock/02.SalesMarketing/Female/Experienced/ckmk_q_sm_f_e_199700.wav"},"answer":{"fileFormat":"wav","fileSize":2774478,"duration":86700,"samplingBit":16,"channelCount":1,"samplingRate":"16kHz","audioPath":"/Mock/02.SalesMarketing/Female/Experienced/ckmk_a_sm_f_e_199700.wav"}}}