{"version":"1.0","dataSet":{"info":{"date":"20230116","occupation":"SM","channel":"MOCK","place":"ONLINE","gender":"FEMALE","ageRange":"55-","experience":"EXPERIENCED"},"question":{"raw":{"text":"아 전공 외에 자신이 수준급의 실력이 될 정도로 노력하는 것이 있는지요 어 있다면 그것이 어떤 것이고 또 전공과 관련해서 어떤 도움을 주는지도 함께 설명해 주시기 바랍니다","wordCount":26},"emotion":[],"intent":[]},"answer":{"raw":{"text":"네 저는 해외 영업 파트에서는 가장 중요한 능력 중의 하나가 영어 의사 소통 능력이라고 생각하는 입장입니다. 그래서 이런 능력을 향상시키기 위해서 매일 아침마다 출근길에 이어폰으로 핸드폰을 통해서 영어 공부를 하고 있습니다. 또한 일 주일에 두 번 원어민과 영어로 전화 통화를 하고 있는데요. 사실 처음에 제가 영어 전화를 진행했을 때는 굉장히 낮은 레벨이었습니다. 그런데 제가 전화 영어를 한 지 육 개월 정도 되자 현재는 레벨이 많이 올라와서 스스로 굉장히 뿌듯 하다고 생각하고 있습니다.","wordCount":72},"emotion":[{"text":"그런데 제가 전화 영어를 한 지 육 개월 정도 되자 현재는 레벨이 많이 올라와서 스스로 굉장히 뿌듯 하다고 생각하고 있습니다.","expression":"p-achievement","category":"positive"}],"intent":[{"text":"","expression":"","category":"attitude"}],"summary":{"text":"해외 영업 파트에서 영어 의사 소통 능력을 향상시키기 위해 이어폰으로 핸드폰을 통해 영어 공부를 하고 원어민과 전화 통화를 하는데, 영어 전화 한 지 6개월 정도 되면서 뿌듯하다고 생각하고 있습니다.","wordCount":29}}},"rawDataInfo":{"question":{"fileFormat":"wav","fileSize":521678,"duration":16300,"samplingBit":16,"channelCount":1,"samplingRate":"16kHz","audioPath":"/Mock/02.SalesMarketing/Female/Experienced/ckmk_q_sm_f_e_243698.wav"},"answer":{"fileFormat":"wav","fileSize":2675278,"duration":83600,"samplingBit":16,"channelCount":1,"samplingRate":"16kHz","audioPath":"/Mock/02.SalesMarketing/Female/Experienced/ckmk_a_sm_f_e_243698.wav"}}}