{"version":"1.0","dataSet":{"info":{"date":"20230116","occupation":"SM","channel":"MOCK","place":"ONLINE","gender":"FEMALE","ageRange":"45-54","experience":"EXPERIENCED"},"question":{"raw":{"text":"면접자님은 방문 판매 매출 증진을 위해 인터넷 채널을 활용하는 방안에 관한 문제에 대해 말해보세요","wordCount":14},"emotion":[],"intent":[]},"answer":{"raw":{"text":"저는 최근에는 방문 판매에 대한 그 판매 실적이 줄어들고 있기 때문에 다른 채널을 활용하는 건 굉장히 찬성하는 입장입니다. 왜냐하면 최근에 코로나 일 구로 인해서 방문 판매가 굉장히 어려워졌습니다. 그리고 만약에 집으로 방문하지 않아도 밖에서 방문 판매를 한다고 하더라도 만날 수 있는 창구도 힘들고요. 그리고 문제는 소비자들이 만나서 직접 영업을 하는 걸 꺼려하는 상황입니다. 그렇다고 한다면 저는 과감하게 채널을 바꿔야 한다고 생각을 하고요. 인터넷을 활용하는 방안은 전 적극 찬성을 합니다. 왜냐하면 요즘에는 오프라인보다는 온라인으로 진행하는 홍보나 마케팅이 훨씬 더 실적이 좋은 상황입니다. 그러면 인터넷을 통해서 어떻게 할 것인가가 문제가 될 것 같은데요. 채널을 활용하는 건 이미 많은 기업들이 이를 통해서 어 방문 영업을 하고 있기 때문에 저는 인터넷을 통해서 그럼 어떻게 그 경쟁을 뚫고 훨씬 더 효율적으로 잘 할 수 있을까를 연구해야 할 것 같습니다. 어 인터넷에서는 사람들의 마음을 사로 잡기 어렵기 때문에 기본적으로 관여도가 높게 디자인이 돼야 될 것 같고요. 이런 점들을 좀 보완시켜서 쪼금 더 매출 증진을 할 수 있는 다양한 방법들을 활용해야 될 것 같습니다.","wordCount":157},"emotion":[],"intent":[{"text":"왜냐하면 요즘에는 오프라인보다는 온라인으로 진행하는   홍보나 마케팅이 훨씬 더 실적이 좋은 상황입니다.","expression":"s_brand_strt","category":"technology"}],"summary":{"text":"최근 방문 판매 실적이 감소하고 있어 타 채널 활용에 찬성합니다. 대면 창구가 어렵고 소비자들이 직접 영업하는 걸 꺼리기 때문에 과감하게 채널을 바꿔야 한다고 생각합니다. 인터넷 활용은 많은 기업들이 온라인을 통해 방문 영업을 하고 있어 연구해야 합니다. 관여도가 높고 다양한 방법을 통해 매출 증진을 해야 할 것 같습니다.","wordCount":47}}},"rawDataInfo":{"question":{"fileFormat":"wav","fileSize":275918,"duration":8620,"samplingBit":16,"channelCount":1,"samplingRate":"16kHz","audioPath":"/Mock/02.SalesMarketing/Female/Experienced/ckmk_q_sm_f_e_114862.wav"},"answer":{"fileFormat":"wav","fileSize":2751118,"duration":85970,"samplingBit":16,"channelCount":1,"samplingRate":"16kHz","audioPath":"/Mock/02.SalesMarketing/Female/Experienced/ckmk_a_sm_f_e_114862.wav"}}}