{"version":"1.0","dataSet":{"info":{"date":"20230116","occupation":"SM","channel":"MOCK","place":"ONLINE","gender":"FEMALE","ageRange":"45-54","experience":"EXPERIENCED"},"question":{"raw":{"text":"일을 하다 보면 영어로 서류를 작성해야 할 일이 생길 수도 있는데요 지원자님은 이런 영어 서류 작성에 있어 어려움 없이 진행하실 수 있을까요","wordCount":22},"emotion":[],"intent":[]},"answer":{"raw":{"text":"어 제가 영어 부분이다 보니까 사실 서로 작성 업무가 많지 않았습니다. 그래서 서류 작성 업무가 조금 버거운 부분은 사실입니다. 어 그리고 또 제가 전공한 부분이 영어라기보다는 어 남미 쪽 언어기 때문에 영어와는 조금 다릅니다. 그래서 사실 쉽게 작성하기는 할 수 있다 라고는 말씀드리지 못할 것 같습니다. 어 하지만 그 지금까지의 그 저의 노하우와 업무 습득 능력을 봤을 때 어 다른 어 문서라든가 이런 것들을 좀 참조하고 도움을 받으면 충분히 서류를 잘 완성할 수 있지 않을까 생각됩니다. 어 주위 부분들의 많은 도움 부탁드리겠습니다.","wordCount":82},"emotion":[],"intent":[{"text":"","expression":"","category":"attitude"}],"summary":{"text":"영어와 전공이 달라 서류 작성 업무가 버거운 부분도 있지만 다른 문서, 혹은 이런 것들을 참조하고 도움을 받으면 서류가 잘 완성될 것 같습니다. 주위 분들에게 도움을 요청하겠습니다.","wordCount":26}}},"rawDataInfo":{"question":{"fileFormat":"wav","fileSize":608078,"duration":19000,"samplingBit":16,"channelCount":1,"samplingRate":"16kHz","audioPath":"/Mock/02.SalesMarketing/Female/Experienced/ckmk_q_sm_f_e_191891.wav"},"answer":{"fileFormat":"wav","fileSize":1495758,"duration":46740,"samplingBit":16,"channelCount":1,"samplingRate":"16kHz","audioPath":"/Mock/02.SalesMarketing/Female/Experienced/ckmk_a_sm_f_e_191891.wav"}}}