{"version":"1.0","dataSet":{"info":{"date":"20230116","occupation":"SM","channel":"MOCK","place":"ONLINE","gender":"FEMALE","ageRange":"35-44","experience":"EXPERIENCED"},"question":{"raw":{"text":"일을 하시게 되면 다른 지역에서 업무를 수행하게 될 수도 있습니다 지원자님께서는 타 지역 근무도 문제 없이 가능하실까요","wordCount":17},"emotion":[],"intent":[]},"answer":{"raw":{"text":"어 저는 이제 어쨌든 많이 돌아다니기 때문에 저희 일이 많이 외근을 하는 일이기 때문에 어 괜찮다고 생각이 드는데 근데 만약에 거기서 아예 근무를 하러 옮겨야 되는 상황인 거면 좀 시간이 필요합니다. 그러니까 저는 혼자 사는 것도 아니고 좀 가족들이 있기 때문에 제가 가정을 이뤄서 살고 있기 때문에 이게 갑자기 너무 멀어지는 곳이라면은 제가 좀 케어해 해야 할 가족들과 좀 한계가 생기기 때문에 그런 거는 좀 많이 고려하게 될 것 같습니다. 근데 뭐 제가 타 지역 근무를 하게 됐을 때 그거를 뭐 내일 당장 옮기라고 말씀하실 건 아니시니까 뭐 충분히 시간을 가지고 검토를 해야겠죠. 근데 아예 뭐 가 있는 거는 제가 얘가 집에 저희 집도 못 옮긴 상태에서 제가 가야 하는 거라면 좀 많은 고민이 필요할 것 같애요. 아무래도 아이들도 제가 좀 보살펴야 하는 나이이고 제가 이 일을 하게 된 것도 좀 시간을 유동적으로 쓸 수 있어서 하게 된 것도 있어서 뭐 여러 가지 사항들을 좀 고민해야 할 것 같긴 했습니다. 고민해야 할 것 같기는 합니다.","wordCount":155},"emotion":[],"intent":[{"text":"","expression":"","category":"attitude"}],"summary":{"text":"저희 일이 많이 외근을 하는 일이기 때문에 괜찮은데, 만약 근무를 하러 옮겨야 하는 상황인 거라면 좀 시간이 필요합니다. 아이들도 제가 좀 보살펴야 하는 나이이고, 제가 이 일을 하게 된 것도 시간을 유동적으로 쓸 수 있어서 여러 가지 사항들을 좀 고민해야 할 것 같기는 했습니다.","wordCount":44}}},"rawDataInfo":{"question":{"fileFormat":"wav","fileSize":511438,"duration":15980,"samplingBit":16,"channelCount":1,"samplingRate":"16kHz","audioPath":"/Mock/02.SalesMarketing/Female/Experienced/ckmk_q_sm_f_e_125591.wav"},"answer":{"fileFormat":"wav","fileSize":2623438,"duration":81980,"samplingBit":16,"channelCount":1,"samplingRate":"16kHz","audioPath":"/Mock/02.SalesMarketing/Female/Experienced/ckmk_a_sm_f_e_125591.wav"}}}