{"version":"1.0","dataSet":{"info":{"date":"20230116","occupation":"SM","channel":"MOCK","place":"ONLINE","gender":"FEMALE","ageRange":"-34","experience":"EXPERIENCED"},"question":{"raw":{"text":"어 지원자님께서 이제 지금까지 여러 가지 노력을 하신 것 같은데 이 분야에 지원하기 위해서는 특히 어떤 관련된 노력을 하셨는지 어 설명을 어 생각나는 대로 말씀을 해 주시기를 바랍니다","wordCount":28},"emotion":[],"intent":[]},"answer":{"raw":{"text":"저는 이 영업 직무에 지원하기 위해 대학생 시절부터 직접 영업 활동도 경험했으며 대학을 졸업한 이후에는 영업 직무에 취직을 하여 영업 관련 역량을 쌓을 는 데 노력을 해 왔습니다. 저는 이전 직장에서 해외 영업을 담당함으로써 해외 영업인으로서 필요한 기본적인 역량들을 키워왔습니다. 또한 이를 통해 해외 영업에 전반적인 업무에 대해 잘 이해하고 있으며 광범위한 업무를 도맡아 했던 경험 덕에 해외 영업과 관련된 다소 수준 있는 업무들도 잘 해낼 수 있습니다. 또한 저는 해외 영업의 전문인으로 거듭나기 위해서 평소 시간이 날 때나 제가 업무에 대해 다소 미숙한 부분이 있을 때는 따로 시간을 내어 개인적인 학습을 통해 보충하기도 하였습니다. 이렇게 하였더니 업무를 보다 더 잘 수행해 낼 수 있었고 회사의 이익 달성에 있어서도 기여할 수 있었습니다.","wordCount":112},"emotion":[{"text":"저는 이 영업 직무에 지원하기 위해 대학생 시절부터 직접 영업 활동도 경험했으며 대학을 졸업한 이후에는 영업 직무에 취직을 하여 영업 관련 역량을 쌓을 는 데 노력을 해 왔습니다.","expression":"u-fact","category":"neutral"}],"intent":[{"text":"","expression":"","category":"attitude"}],"summary":{"text":"저는 대학생 시절부터 직접 영업 활동도 경험했으며 대학을 졸업한 이후에는 영업 직무에 취직해 영업 관련 역량을 쌓는 데 노력을 해 왔습니다. 이전 직장에서 해외 영업을 담당함으로써 해외 영업인으로서의 기본적인 역량들을 키워왔고 이를 통해 전반적인 업무도 잘 이해했습니다.","wordCount":37}}},"rawDataInfo":{"question":{"fileFormat":"wav","fileSize":471758,"duration":14740,"samplingBit":16,"channelCount":1,"samplingRate":"16kHz","audioPath":"/Mock/02.SalesMarketing/Female/Experienced/ckmk_q_sm_f_e_209333.wav"},"answer":{"fileFormat":"wav","fileSize":2672718,"duration":83520,"samplingBit":16,"channelCount":1,"samplingRate":"16kHz","audioPath":"/Mock/02.SalesMarketing/Female/Experienced/ckmk_a_sm_f_e_209333.wav"}}}