{"version":"1.0","dataSet":{"info":{"date":"20230116","occupation":"SM","channel":"MOCK","place":"ONLINE","gender":"FEMALE","ageRange":"55-","experience":"EXPERIENCED"},"question":{"raw":{"text":"스트레스를 받으면 어떻게 하시나요 또한 왜 그런 방법으로 스트레스를 해소하시는지 어떤 효과가 있었는지 말씀해 주실 수 있을까요","wordCount":17},"emotion":[],"intent":[]},"answer":{"raw":{"text":"예 스트레스를 받으면 어떻게 하는지 물어보셨는데요. 아 저는 스트레스를 되도록이면 안 받으려고 많이 노력하는 사람입니다. 옛날에 스트레스를 많이 받아서 대상포진이 한 번 제가 한 사십 대 온 적이 있습니다. 그때 이 스트레스를 받아서 발병하는 그 병이 얼마나 아픈지 제가 그때 몸소 체험을 하고 스트레스를 받지 않으려고 노력을 합니다. 스트레스를 받는다는 건 무슨 일이 있을 때 아 그게 계속 고민이 되고 그 다음에 좀 불안한 그런 쪽으로 자꾸 생각이 되는 거를 사실 스트레스입니다. 그런데 그렇게 생각하기보다는 할 수 없지 뭐 포기할 건 포기하고 아니면 어 해결할 수 있는 건 해결을 하고 그다음에 포기할 수 있는 거에 대해서 고개를 한 사십 오 도만 돌리게 되면 그게 큰 문제가 되는 것 같지 않아요. 그래서 저는 스트레스를 받으면 저에게 휴식을 줍니다. 휴식을 주면서 약간 어 아무 데나 누워 있는 그런 여유 그래서 어 쇼파에 누워 있거나 그다음에 침대에 누워 있거나 그러면서 이제 테레비를 봅니다. 티비를 보면서 잠깐 그 스트레스 받았던 일을 잊을 수도 있구요. 테레비를 보다 보면 아 인생의 여러 가지 그런 방송 같은 걸 하는 때 그걸 보면서 나를 위 위로 하는 경우가 많드라구요. 그래 저런 사람도 있고 나 같은 사람 도 있고 그러면서 하나 둘씩 해결을 해 나갔더니 대상포진은 다시 오지 않더라구요. 그래서 스트레스를 받을 때 되도록이면 그 스트레스를 직면하는 것보다 한 사십 오 도 정도 고개를 돌리는 그런 방법을 해 왔습니다.","wordCount":210},"emotion":[],"intent":[{"text":"","expression":"","category":"attitude"}],"summary":{"text":"스트레스는 스트레스를 받으면 안 받으려고 많이 노력하는 사람입니다. 스트레스를 받는다는 건 무슨 일이 있을 때 계속 고민이 되고 불안한 쪽으로 생각이 되는 것을 스트레스입니다. 그런데 할 수 없지 포기할 건 포기하고 해결할 수 있는 건 해결하고 그다음 포기할 수 있는 거에 대해서 고개를 한 40 오 도만 돌리게 되면 큰 문제가 되지 않습니다. 그래서 스트레스 받으면 쇼파나 침대에 누워서 테레비를 보면서 휴식을 줍니다.","wordCount":63}}},"rawDataInfo":{"question":{"fileFormat":"wav","fileSize":593038,"duration":18530,"samplingBit":16,"channelCount":1,"samplingRate":"16kHz","audioPath":"/Mock/02.SalesMarketing/Female/Experienced/ckmk_q_sm_f_e_258725.wav"},"answer":{"fileFormat":"wav","fileSize":3818638,"duration":119330,"samplingBit":16,"channelCount":1,"samplingRate":"16kHz","audioPath":"/Mock/02.SalesMarketing/Female/Experienced/ckmk_a_sm_f_e_258725.wav"}}}