{"version":"1.0","dataSet":{"info":{"date":"20230116","occupation":"SM","channel":"MOCK","place":"ONLINE","gender":"FEMALE","ageRange":"35-44","experience":"EXPERIENCED"},"question":{"raw":{"text":"지원자님이 휴식을 취할 때 주로 어떤 일들을 하시나요 또 왜 다른 일들이 아니라 꼭 그 일을 하시는지 그 이유에 대해서도 함께 말씀해 주시기 바랍니다","wordCount":24},"emotion":[],"intent":[]},"answer":{"raw":{"text":"저는 휴식을 취할 때는 주로 가족들과 여행을 가는 편이기 편입니다. 아무래도 평소에는 집과 회사와 오가는 조금은 정적인 생활을 하다 보니 휴식을 취할 때는 여행을 떠나서 할 일을 되찾는 편입니다. 특히 최근 코로나 시대로 몇 년간 거의 집에 만 있는 생활을 하다 보니 좀 더 여행에 대한 갈망이 늘어났던 것 같습니다. 저는 여행이라고 해서 뭐 거창하게 해외를 나가거나 멀리 떠나는 여행이 아니라 그저 좀 가깝고 조용한 까페에 가서 커피를 한 잔 마시며 나만의 시간을 갖는 것부터 요즘에는 가족이나 친구들과 캠핑을 주로 가면서 평소에는 잘 느끼지 못한 자연의 힘을 몸소 느끼고 돌아옵니다. 특히 요즘 매일 쓰는 휴대폰이나 컴퓨터 티비 이런 문명들을 조금 멀리 하고 자연과 함께 지내며 직접 맛있는 것도 요리하고 가족들과 평소에는 하지 못했던 대화를 나누면서 이제 서로의 끈을 조금 더 끈끈하게 더욱더 조여 매어 더 열심히 일할 수 있는 원동력이 되기도 합니다.","wordCount":132},"emotion":[],"intent":[{"text":"","expression":"","category":"attitude"}],"summary":{"text":"평소에는 집과 회사와 오가는 정적인 생활을 하며 휴식을 취할 때는 여행을 떠나 할 일을 되찾는 편입니다. 최근 코로나 시대로 집에만 있는 생활을 하다보니 여행에 대한 갈망이 늘어났던 것 같습니다. 조용한 까페에 가서 커피 한 잔 마시며 나만의 시간을 갖는 것부터 캠핑을 가면서 자연의 힘을 느끼고 돌아왔습니다.","wordCount":46}}},"rawDataInfo":{"question":{"fileFormat":"wav","fileSize":531278,"duration":16600,"samplingBit":16,"channelCount":1,"samplingRate":"16kHz","audioPath":"/Mock/02.SalesMarketing/Female/Experienced/ckmk_q_sm_f_e_240597.wav"},"answer":{"fileFormat":"wav","fileSize":2085198,"duration":65160,"samplingBit":16,"channelCount":1,"samplingRate":"16kHz","audioPath":"/Mock/02.SalesMarketing/Female/Experienced/ckmk_a_sm_f_e_240597.wav"}}}