{"version":"1.0","dataSet":{"info":{"date":"20230116","occupation":"SM","channel":"MOCK","place":"ONLINE","gender":"FEMALE","ageRange":"35-44","experience":"EXPERIENCED"},"question":{"raw":{"text":"어 지원자님께서는 본인이 당시에 가지고 있던 위치보다 어려운 목표를 달성하신 경험이 있으신가요 있으시다면 해당 경험에 대해서 말씀해 주시길 바랍니다","wordCount":19},"emotion":[],"intent":[]},"answer":{"raw":{"text":"제가 예전에 일하던 직장에서 팀장이 갑작스럽게 사고가 나서 한 달 동안 자리를 비운 경험이 있었습니다. 그러다보니 빈자리를 저와 팀원들이 메꿔야 할 상황이 되었는데 마침 팀장님이 큰 장비를 판매하기 위해 접촉하고 있던 거래처와의 미팅이 진행되어야 했습니다. 팀장님이 미팅을 참여하기가 어렵게 되자 제가 직접 병원에 방문하여 팀장님께 어떻게 해야 할지 자문을 구하였습니다. 그러자 팀장님은 어떤 사람을 공략하고 어떤 설명을 해야 하는지 등을 직접 가르쳐 주셔서 그 부분을 배워 거래처에 방문하게 되었습니다. 물론 팀장님이 알려주신 노하우로 미팅을 진행하게 되었지만 처음 제가 도전을 하는 미팅에서 거래가 체결되자 엄청나게 성취감을 느꼈던 적이 있습니다.","wordCount":88},"emotion":[{"text":"물론 팀장님이 알려주신 노하우로 미팅을 진행하게 되었지만 처음 제가 도전을 하는 미팅에서 거래가 체결되자 엄청나게 성취감을 느꼈던 적이 있습니다.","expression":"p-achievement","category":"positive"}],"intent":[{"text":"","expression":"","category":"attitude"}],"summary":{"text":"예전에 직장에서 팀장이 사고로 한 달 동안 자리를 비운 적이 있었습니다. 그 공백을 저와 팀원들이 메꿔야 했는데, 마침 팀장님이 큰 장비를 판매하기 위해 접촉하고 있던 거래처와의 미팅이 진행되어야 했습니다. 미팅이 성사되자 성취감을 느꼈습니다.","wordCount":33}}},"rawDataInfo":{"question":{"fileFormat":"wav","fileSize":460878,"duration":14400,"samplingBit":16,"channelCount":1,"samplingRate":"16kHz","audioPath":"/Mock/02.SalesMarketing/Female/Experienced/ckmk_q_sm_f_e_227915.wav"},"answer":{"fileFormat":"wav","fileSize":1691598,"duration":52860,"samplingBit":16,"channelCount":1,"samplingRate":"16kHz","audioPath":"/Mock/02.SalesMarketing/Female/Experienced/ckmk_a_sm_f_e_227915.wav"}}}