{"version":"1.0","dataSet":{"info":{"date":"20230116","occupation":"SM","channel":"MOCK","place":"ONLINE","gender":"FEMALE","ageRange":"35-44","experience":"EXPERIENCED"},"question":{"raw":{"text":"거절하는 고객을 어떻게 설득하실련지요","wordCount":4},"emotion":[],"intent":[]},"answer":{"raw":{"text":"먼저 그들이 제안하는 데 있어서 거절을 하는 이유에 대해서 좀 면밀하게 살펴볼 필요가 있다 라고 생각합니다. 그분들에 입장에서 어떠한 것이 마음에 걸리는지 그것이 해결이 되면 우리에 거절을 승락하실 수 있는 것인지를 좀 면밀하게 또 좀 더 따져보고요. 만약에 그렇게 했는데도 불구하고 거절하신다고 한다면 그 거절이 결국에는 진짜 거절이 아니라 유망 고객으로서 나중에 추후에 분명히 에 우리에 제안을 받아들일 수 있는 그런 어 가망 고객이라고 생각을 하고 열심히 그분들과 함께 시간을 더 보낼 예정입니다. 이렇게 해서 그분들을 지속적으로 만나고 지속적으로 제안하고 설득하는 과정 속에서 분명히 언젠가는 저에 진심과 그리고 어 의지를 알려라 줄 날이 올 거라고 생각합니다. 거절을 거절이 아니라 가망 고객이다 생각하면 더 훨씬 더 더 많은 지경을 넓힐 수 있지 않을까 생각합니다.","wordCount":113},"emotion":[],"intent":[{"text":"","expression":"","category":"attitude"}],"summary":{"text":"우리가 제안을 하는 데 있어서 거절을 하는 이유에 대해서 좀 면밀하게 살펴볼 필요가 있다 라고 생각합니다. 거절을 거절이 아니라 가망 고객이다 생각하면 더 많은 지경을 넓힐 수 있지 않을까 생각합니다.","wordCount":30}}},"rawDataInfo":{"question":{"fileFormat":"wav","fileSize":241678,"duration":7550,"samplingBit":16,"channelCount":1,"samplingRate":"16kHz","audioPath":"/Mock/02.SalesMarketing/Female/Experienced/ckmk_q_sm_f_e_228355.wav"},"answer":{"fileFormat":"wav","fileSize":2136398,"duration":66760,"samplingBit":16,"channelCount":1,"samplingRate":"16kHz","audioPath":"/Mock/02.SalesMarketing/Female/Experienced/ckmk_a_sm_f_e_228355.wav"}}}