{"version":"1.0","dataSet":{"info":{"date":"20230116","occupation":"SM","channel":"MOCK","place":"ONLINE","gender":"FEMALE","ageRange":"-34","experience":"EXPERIENCED"},"question":{"raw":{"text":"지원자님께서는 평생을 두고 이루고 싶은 인생의 목표가 있으신가요 있다면 어떤 목표인지 말씀해 주시고 왜 그것을 이루고 싶은지에 대해서도 함께 말씀해 주시기 바랍니다","wordCount":22},"emotion":[],"intent":[]},"answer":{"raw":{"text":"제가 이루고 싶은 목표는 해외 영업인으로서의 전문가로 거듭나는 것입니다. 저는 고등학생 때부터 해외 영업인으로서 근무를 하고 싶었고 이쪽으로 들어온 이상 한 분야에서 최소한 전문가가 된다면 그 삶의 의미가 있다고 생각합니다. 또한 해외 영업의 전문가가 된다면 제가 여태까지 기울여 왔던 노력들이 보다 빛을 발하고 다른 사람으로부터 존중을 받고 다른 사람들에게 가르쳐 줄 수 있다는 점에서 성취감을 느낄 수 있을 것이라고 생각합니다. 따라서 저는 이러한 목표를 이루어 제가 배운 것들을 다른 사람들에게 가르쳐주면 다른 사람들은 시행착오를 보다 적게 겪고 더욱 빠르게 성공의 길로 나갈 수 있도록 지도해 줄 수 있는 그런 사람이 되고 싶습니다.","wordCount":92},"emotion":[],"intent":[{"text":"","expression":"","category":"attitude"}],"summary":{"text":"저는 고등학생 때부터 해외 영업인으로서 근무를 하고 싶었고 이쪽으로 들어온 이상 한 분야에서 최소한 전문가가 된다면 그 삶의 의미가 있다고 생각합니다. 또한 해외 영업의 전문가가 된다면 성취감을 느낄 수 있을 것이라고 생각합니다.","wordCount":32}}},"rawDataInfo":{"question":{"fileFormat":"wav","fileSize":559118,"duration":17470,"samplingBit":16,"channelCount":1,"samplingRate":"16kHz","audioPath":"/Mock/02.SalesMarketing/Female/Experienced/ckmk_q_sm_f_e_209336.wav"},"answer":{"fileFormat":"wav","fileSize":2321358,"duration":72540,"samplingBit":16,"channelCount":1,"samplingRate":"16kHz","audioPath":"/Mock/02.SalesMarketing/Female/Experienced/ckmk_a_sm_f_e_209336.wav"}}}