{"version":"1.0","dataSet":{"info":{"date":"20230116","occupation":"SM","channel":"MOCK","place":"ONLINE","gender":"FEMALE","ageRange":"35-44","experience":"EXPERIENCED"},"question":{"raw":{"text":"지원자님께서는 휴식을 취할 때는 주로 어떤 일들을 하십니까 그리고 왜 그 일을 하는지 그 이유도 함께 구체적으로 제시해 주시기 바랍니다","wordCount":20},"emotion":[],"intent":[]},"answer":{"raw":{"text":"어 휴식을 취할 때는 제가 좋아하는 그 판타지 고전 이제 지금 고전이라고 말을 해도 될까요 이제 그 영화들 있잖아요. 이제 반지의 제왕 그리고 이제 해리포터 시리즈 그거를 계속 돌려서 봐요. 그리고 관련된 이제 그 소설도 보고 그 관련된 자료도 다시 한 번 검색해서 읽어보기도 하고 어 그럴 때 그 마음이 이제 되게 안정감이 오더라구요. 그리고 그 책에서 주는 책이나 영화에서 주는 그 세계관과 그 메시지들이 어 그 일상에 좀 찌들어 있던 저에게 어 되게 도움이 되더라구요. 그래서 어 그렇게 휴일이나 휴식을 취할 때 그렇게 하게 되면 제가 다시 리프레시가 돼요. 그래서 저는 꼭 그 영화를 보고 책을 보고 그래서 다시 리프레시하는 그 일들을 그 휴식을 취할 때 꼭 진행을 하고 있어요.","wordCount":111},"emotion":[],"intent":[{"text":"","expression":"","category":"attitude"}],"summary":{"text":"휴식 취할 때 반지의 제왕, 해리포터 같은 판타지 영화를 계속 돌려서 읽고 관련된 소설도 다시 검색해서 읽고 그럴 때 마음이 안정되고, 그 책이나 영화에서 주는 세계관과 메시지들이 일상에 찌들어 있던 나에게 도움이 되었습니다.","wordCount":33}}},"rawDataInfo":{"question":{"fileFormat":"wav","fileSize":508878,"duration":15900,"samplingBit":16,"channelCount":1,"samplingRate":"16kHz","audioPath":"/Mock/02.SalesMarketing/Female/Experienced/ckmk_q_sm_f_e_246404.wav"},"answer":{"fileFormat":"wav","fileSize":1975118,"duration":61720,"samplingBit":16,"channelCount":1,"samplingRate":"16kHz","audioPath":"/Mock/02.SalesMarketing/Female/Experienced/ckmk_a_sm_f_e_246404.wav"}}}