{"version":"1.0","dataSet":{"info":{"date":"20230116","occupation":"SM","channel":"MOCK","place":"ONLINE","gender":"FEMALE","ageRange":"35-44","experience":"EXPERIENCED"},"question":{"raw":{"text":"커뮤니케이션을 잘 할 수 있는 지원자님 본인만의 스킬이 있으십니까 한번 소개해 주시겠어요 직접 한번 보여주셔도 좋습니다","wordCount":16},"emotion":[],"intent":[]},"answer":{"raw":{"text":"어 업무를 할 때나 혹은 그냥 간단하게 대화를 나누는 그런 순간에서도 저는 항상 그 말을 시작하고 그거를 이끄고 이끌어 나가는 그 사람에 듣고 싶어하는 그 방향이 있다고 생각을 하거든요. 그래서 항상 그 상대방이 어떤 말을 하는지를 일단 자세하게 경청을 하는 편이구요. 그 중점을 좀 빠르게 파악을 한 뒤에 이 상대방이 내가 어떤 것을 줄지를 원하는지를 고민을 하고 나서 말을 하는 편입니다. 그래서 저는 주로 제 얘기를 하는 것보다 상대방의 말을 듣는 것에 더 집중을 하는 편이구요. 어 참고로 이거는 제가 업무를 하는 쪽에서의 방식이고 그냥 사적인 만남에서는 좀 더 편한 마음으로 대화를 하지만 어 업무에서만큼은 그래도 서로가 어떤 원하는 것들을 어 드러내면서 충족을 시켜주려고 노력을 하는 편입니다.","wordCount":107},"emotion":[],"intent":[{"text":"그래서 항상 그 상대방이   어떤 말을 하는지를 일단 자세하게 경청을 하는 편이구요.","expression":"s_comn","category":"attitude"},{"text":"그 중점을 좀 빠르게 파악을 한 뒤에   이 상대방이 내가 어떤 것을 줄지를 원하는지를   고민을 하고 나서 말을 하는 편입니다.","expression":"s_comn","category":"attitude"},{"text":"그래서 저는 주로 제 얘기를 하는 것보다 상대방의 말을 듣는 것에 더 집중을 하는 편이구요.","expression":"s_comn","category":"attitude"}],"summary":{"text":"저는 업무를 할 때나 대화를 나누는 순간 상대방이 어떤 말을 하는지 경청하고 나서 말을 하는 편입니다. 그래서 저는 주로 제 얘기를 하는 것보다 상대방의 말을 듣는 것에 더 집중을 하는 편으로 업무에서만큼은 서로가 원하는 것들을 드러내면서 충족시키려고 노력합니다.","wordCount":38}}},"rawDataInfo":{"question":{"fileFormat":"wav","fileSize":494478,"duration":15450,"samplingBit":16,"channelCount":1,"samplingRate":"16kHz","audioPath":"/Mock/02.SalesMarketing/Female/Experienced/ckmk_q_sm_f_e_165923.wav"},"answer":{"fileFormat":"wav","fileSize":2511438,"duration":78480,"samplingBit":16,"channelCount":1,"samplingRate":"16kHz","audioPath":"/Mock/02.SalesMarketing/Female/Experienced/ckmk_a_sm_f_e_165923.wav"}}}