{"version":"1.0","dataSet":{"info":{"date":"20230116","occupation":"SM","channel":"MOCK","place":"ONLINE","gender":"FEMALE","ageRange":"55-","experience":"EXPERIENCED"},"question":{"raw":{"text":"현대인은 하루 평균 세 번 거짓말을 하고 산다고 합니다 지원자님께서 해보셨던 거짓말들 중에 가장 기억에 남는 것은 무엇인가요","wordCount":18},"emotion":[],"intent":[]},"answer":{"raw":{"text":"네 현대인은 하루 세 평균 세 번 거짓말을 하고 산다고 하는데요. 제가 해본 가장 기억에 남는 거짓말이 무엇일까요 음 그런데 사실 거짓말은 거짓말을 또 만들어야 되고 그담에 그것을 많이 기억을 해야 되기 때문에 저는 거짓말을 하는 것이 상당히 피곤하다는 것을 압니다. 사실 거짓말은 되도록이면 안 하는 것이 아 제일 좋구요. 사실 생활 거짓말이라는 게 있습니다. 생활 거짓말이 있는데 그것은 다른 사람에게 좀 위안이 되기 위해서 생활의 거짓말을 하는 것이지 아 그 사람을 속이거나 아니면 피해를 주거나 하기 위해서 평균 세 번 거짓말을 한다고 저는 생각하지 않습니다. 만약에 제가 아 약간 거짓말을 해서 저 사람이 이말에 위안을 받는다면 아 저는 이제 예를 들면 아주 이쁘거나 아주 멋지지 않지만 가끔 하루에 세 번 이상 할 수도 있겠네요. 어 어우 너무 멋지십니다 라든가 아니면 너무 아름다우십니다 라고 거짓말을 합니다. 예 근데 그거는 매일 하는 생활 거짓말이기 때문에 그리고 또 옛날에는 그게 거짓말이라고 생각을 했지만 어떤 면에서 보면 사람들마다 각자 아름다움을 갖고 있기 때문에 한편으로 그거는 거짓말이 아니라고도 볼 수가 있거든요. 그래서 저는 아 남의 그 얼굴을 칭찬하거나 아니면은 음 좀 과장된 그런 제스츄어 그런 게 아 제 기억에 남는 거짓말입니다.","wordCount":177},"emotion":[],"intent":[{"text":"","expression":"","category":"attitude"}],"summary":{"text":"현대인은 하루 세 평균 세 번 거짓말을 하고 사는데 그중 가장 기억에 남는 거짓말은 무엇일가요? 사실 거짓말은 되도록이면 안 하는 것이 제일 좋은데, 그 이유는 다른 사람에게 위안이 되기 위해 하는 생활 거짓말인데, 사람마다 각자 아름다움을 갖고 있기 때문에 과장된 제스츄어가 기억에 남습니다.","wordCount":43}}},"rawDataInfo":{"question":{"fileFormat":"wav","fileSize":606798,"duration":18960,"samplingBit":16,"channelCount":1,"samplingRate":"16kHz","audioPath":"/Mock/02.SalesMarketing/Female/Experienced/ckmk_q_sm_f_e_242090.wav"},"answer":{"fileFormat":"wav","fileSize":3705038,"duration":115780,"samplingBit":16,"channelCount":1,"samplingRate":"16kHz","audioPath":"/Mock/02.SalesMarketing/Female/Experienced/ckmk_a_sm_f_e_242090.wav"}}}