{"version":"1.0","dataSet":{"info":{"date":"20230116","occupation":"SM","channel":"MOCK","place":"ONLINE","gender":"FEMALE","ageRange":"55-","experience":"EXPERIENCED"},"question":{"raw":{"text":"어 지원자님께서 이 분야에 지원하시기 위해서 지금까지 어떤 노력을 하셨나요 어 생각나시는 대로 말씀해 주시길 바랍니다","wordCount":16},"emotion":[],"intent":[]},"answer":{"raw":{"text":"저는 영업 직무에서 가장 필요한 직업적인 역량이 어떤 부분일까 이 부분에 대해서 굉장히 고민을 많이 했는데요. 제 생각에는 영어와 그리고 또 엑셀 능력인 것 같습니다. 그 이유는 제가 과거에 영업직을 하면서 제가 가지고 있는 특유의 친화력을 발휘해서 굉장히 많은 계약들을 성사시켰습니다. 그렇지만 이 계약들을 관리하고 유지하는 능력에는 뛰어난 엑셀 능력이 또 뒷바탕 되어야 된다 라고 경험했었습니다. 그래서 이런 부분들을 최근에 보완하기 위해서 많이 노력 중에 있습니다.","wordCount":66},"emotion":[],"intent":[{"text":"그 이유는 제가 과거에 영업직을 하면서 제가 가지고 있는 특유의 친화력을 발휘해서 굉장히 많은 계약들을 성사시켰습니다.","expression":"c_person","category":"background"}],"summary":{"text":"저는 영업 직무에서 영어와 엑셀 능력이 가장 필요한 직업적 역량이라고 생각합니다. 친화력을 발휘해서 많은 계약들을 성사시켰지만, 이 계약들을 관리하고 유지하는 능력에는 엑셀능력이 필요하기 때문입니다.","wordCount":24}}},"rawDataInfo":{"question":{"fileFormat":"wav","fileSize":427598,"duration":13360,"samplingBit":16,"channelCount":1,"samplingRate":"16kHz","audioPath":"/Mock/02.SalesMarketing/Female/Experienced/ckmk_q_sm_f_e_243700.wav"},"answer":{"fileFormat":"wav","fileSize":2338638,"duration":73080,"samplingBit":16,"channelCount":1,"samplingRate":"16kHz","audioPath":"/Mock/02.SalesMarketing/Female/Experienced/ckmk_a_sm_f_e_243700.wav"}}}