{"version":"1.0","dataSet":{"info":{"date":"20230116","occupation":"SM","channel":"MOCK","place":"ONLINE","gender":"FEMALE","ageRange":"-34","experience":"EXPERIENCED"},"question":{"raw":{"text":"지원자님은 남들과 다른 자신만의 경쟁력을 한번 설명해 주시고 경쟁력을 키우기 위해 어떤 노력을 했는지도 같이 말씀해 주세요","wordCount":17},"emotion":[],"intent":[]},"answer":{"raw":{"text":"저는 영업에서 중요한 게 인맥 관리라고 생각을 합니다. 기본적으로 영업은 사람과 사람을 대하는 일이기 때문에 그 관계 속에서 인맥이 핵심적인 역할을 한다고 생각합니다. 그래서 저는 저만의 경쟁력이라고 하면 저는 폭넓고 그리고 깊은 인간관계를 가지고 있습니다. 사실 인간관계가 넓다는 건 피상적일 수가 있는데요. 하지만 저는 또 깊이 있는 그런 인간관계도 많이 가지고 있습니다. 저는 인간관계를 위해서 두 가지 관점을 가지고 있는데요. 일단 다양한 사람들을 여러 가지 방식을 통해서 아는 방식이 있구요. 그리고 두 번째로는 저에게 정말 친밀하고 아껴줄 수 있는 그리고 두터운 인간관계를 추구하는 점이 있습니다. 저는 인간관계를 위해서 이 두 가지를 모두 활용을 하게 되는데요. 그래서 제가 어 개별 영업을 뛸 때 저만의 인력이 있기 때문에 저의 아주 경쟁력이고 차별화된 점이라고 말씀을 드릴 수가 있습니다. 그리고 인간관계 인맥이라는 건 하루아침에 이뤄지는 게 아니라고 생각을 합니다. 어느 정도의 노력이 필요하고 거기에는 어 반드시 어떤 시간이 필요하기 때문에 저는 그것들을 최선을 다해서 구축해 왔고 이 회사를 통해서 역량을 발휘하고 싶습니다.","wordCount":148},"emotion":[],"intent":[{"text":"","expression":"","category":"attitude"}],"summary":{"text":"인간관계를 위해서 다양한 사람들을 여러 가지 방식을 통해서 아는 방식과 친밀하고 아껴줄 수 있는 인간관계를 추구하는 점이 있습니다. 인간관계 인맥은 하루아침에 이뤄지는 게 아니기 때문에 저는 그것을 구축해 왔고 이 회사를 통해서 역량을 발휘하고 싶습니다.","wordCount":35}}},"rawDataInfo":{"question":{"fileFormat":"wav","fileSize":334158,"duration":10440,"samplingBit":16,"channelCount":1,"samplingRate":"16kHz","audioPath":"/Mock/02.SalesMarketing/Female/Experienced/ckmk_q_sm_f_e_113768.wav"},"answer":{"fileFormat":"wav","fileSize":2752078,"duration":86000,"samplingBit":16,"channelCount":1,"samplingRate":"16kHz","audioPath":"/Mock/02.SalesMarketing/Female/Experienced/ckmk_a_sm_f_e_113768.wav"}}}