{"version":"1.0","dataSet":{"info":{"date":"20230116","occupation":"SM","channel":"MOCK","place":"ONLINE","gender":"FEMALE","ageRange":"-34","experience":"EXPERIENCED"},"question":{"raw":{"text":"지원자님께서 입사 후 기존에 원하던 일을 못 하게 되었을 경우 어떻게 하실 건가요 그렇게 하실 이유도 함께 말씀해 주세요","wordCount":19},"emotion":[],"intent":[]},"answer":{"raw":{"text":"네 제가 입사 이후에 뭐 제가 하던 기존에 업무라던가 아니면 뭐 개인 작업들을 못하게 한다고 하더라도 저는 당연히 수렴할 그럴 생각이 있습니다. 왜냐하면 어 저는 이제 개인보다는 회사에 입사를 했으면 회사에 한 소속으로서 그 역할이 저에게 더 중요하다고 생각을 하구요. 회사에 방침과 지침이 그렇다고 하면 저도 당연히 그거에 맞춰서 하나에 직원으로서 업무를 수행해야 한다고 생각을 합니다. 다만 이제 제가 희생해야 되지 않은 그 불가피한 개인의 영역까지 들어온다고 하면 그거는 조금 조율을 해서 말씀을 드릴 수 있을 거 같습니다. 이 부분은 제 개인적인 업무고 또 필요에 의해서 하는 건데 어 어떻게 이제 양해가 가능한지 여부를 좀 여쭤보고 진행을 할 텐데요. 아무래도 저는 입사 이후에는 회사에 소속된 사람이기 때문에 회사에 업무를 최우선으로 해야 될 것 같구요. 그리고 나머지 업무에 있어서는 조금 양보하고 또 개인보다는 회사에 업무를 위해서 어 노력하는 그런 사람이 되고 싶습니다. 그리고 제가 회사에 입사한 만큼 그만큼 또 애정과 애사심이 있기 때문에 여러 가지 지원하고 도움을 줄 수 있는 부분에 대해서 어 제 나름대로 최선을 다해서 노력하도록 하겠습니다.","wordCount":158},"emotion":[],"intent":[{"text":"아무래도 저는 입사 이후에는 회사에   소속된 사람이기 때문에 회사에 업무를 최우선으로 해야 될 것 같구요.","expression":"c_sincere_co","category":"etc"},{"text":"그리고 나머지 업무에 있어서는   조금 양보하고 또 개인보다는 회사에 업무를 위해서 어 노력하는 그런   사람이 되고 싶습니다.","expression":"c_sincere_co","category":"etc"},{"text":"그리고 제가 회사에 입사한 만큼 그만큼 또 애정과   애사심이 있기 때문에 여러 가지 지원하고 도움을 줄 수 있는 부분에 대해서 어 제 나름대로   최선을 다해서 노력하도록 하겠습니다.","expression":"c_sincere_co","category":"etc"}],"summary":{"text":"저는 입사 이후에는 회사에 소속된 사람이기 때문에 회사에 업무를 최우선으로 해야 될 것 같습니다. 그리고 나머지 업무에 있어서는 조금 양보하고 또 개인보다는 회사에 업무를 위해서 노력하는 사람이 되고 싶습니다. 제가 회사에 입사한 만큼 또 애정과 애사심이 있기 때문에 여러 가지 지원하고 도움을 줄 수 있는 부분에 대해서 최선을 다하도록 하겠습니다.","wordCount":50}}},"rawDataInfo":{"question":{"fileFormat":"wav","fileSize":411918,"duration":12870,"samplingBit":16,"channelCount":1,"samplingRate":"16kHz","audioPath":"/Mock/02.SalesMarketing/Female/Experienced/ckmk_q_sm_f_e_142126.wav"},"answer":{"fileFormat":"wav","fileSize":2750158,"duration":85940,"samplingBit":16,"channelCount":1,"samplingRate":"16kHz","audioPath":"/Mock/02.SalesMarketing/Female/Experienced/ckmk_a_sm_f_e_142126.wav"}}}