{"version":"1.0","dataSet":{"info":{"date":"20230116","occupation":"SM","channel":"MOCK","place":"ONLINE","gender":"FEMALE","ageRange":"35-44","experience":"EXPERIENCED"},"question":{"raw":{"text":"어 혹시 본인이 특별히 가고 싶은 회사가 있으신가요 있다면 이제 특정 도메인이 중요한지 아니면 회사의 분위기가 중요한지 본인 나름대로는 어 중점적으로 보는 것이 있을 텐데요 어떤 점을 중점적으로 보는지 궁금합니다","wordCount":30},"emotion":[],"intent":[]},"answer":{"raw":{"text":"음 저는 뭐 우선 너무 딱딱한 분위기만 아니었으면 해요. 네 조금 제가 조금 힘낼 수 있는 힘내게끔 하는 사람들이 있는 회사 사람 냄새나는 회사였으면 좋겠다는 생각이에요. 네 그러니까 분위기가 중요한 거겠죠. 어 저는 자영업도 이제 해봤었고 제가 자영업을 하면서 사람을 뽑은 적도 있지만 그러니까 서로가 서로를 보는 거죠. 네 쌍방이 면접이에요 사실상으로. 이렇게 특히나 자영업은 그렇죠 뭐 이렇게 회사의 대표로서 보시는 것과 그러니까 그 대표를 띤 분으로 보시는 것과 그건 또 다를 수는 있지만 그래도 이제 그분으로 대체되는 그 회사만의 분위기가 있으니까 아 조금 이 회사는 어떠한 분위기인 회사인가 보다라고 짐짓 먼저 이제 조금 유추해 볼 수 있는 것들이 있어서 이렇게 좀 편안하게 먼저 풀어주시고 하면 좋죠 저는. 네","wordCount":109},"emotion":[],"intent":[{"text":"","expression":"","category":"attitude"}],"summary":{"text":"자영업을 하면서 딱딱한 분위기 보다는 힘낼 수 있는 회사 사람 냄새 저는 회사였으면 좋겠다는 생각이며 서로가 서로를 보는 면접이라고 할 수 있습니다.","wordCount":22}}},"rawDataInfo":{"question":{"fileFormat":"wav","fileSize":572878,"duration":17900,"samplingBit":16,"channelCount":1,"samplingRate":"16kHz","audioPath":"/Mock/02.SalesMarketing/Female/Experienced/ckmk_q_sm_f_e_178324.wav"},"answer":{"fileFormat":"wav","fileSize":2883278,"duration":90100,"samplingBit":16,"channelCount":1,"samplingRate":"16kHz","audioPath":"/Mock/02.SalesMarketing/Female/Experienced/ckmk_a_sm_f_e_178324.wav"}}}