{"version":"1.0","dataSet":{"info":{"date":"20230116","occupation":"SM","channel":"MOCK","place":"ONLINE","gender":"FEMALE","ageRange":"35-44","experience":"EXPERIENCED"},"question":{"raw":{"text":"본인이 직접 해외 출장 장소를 선택할 수 있다면 꼭 가서 일해 보고 싶은 나라에 대해서 이유와 함께 설명해 주세요","wordCount":19},"emotion":[],"intent":[]},"answer":{"raw":{"text":"저는 일을 하게 된다면 미국에서 일을 해보고 싶습니다. 제가 미국에서 일을 해보고 싶은 이유는 미국은 다양한 마케팅과 영업에 대한 전략을 가지고 있기 때문입니다. 미국에는 우리가 아는 아주 유명한 기업들이 많은데요. 그러한 기업들이 어떤 방식으로 소비자들에게 마케팅을 하고 영업 프로세스를 가지고 있는지 궁금합니다. 그래서 그런 기업과 협업을 하거나 또 방문할 기회가 된다고 하면 저에게 아주 소중한 경험이 될 것 같습니다. 그리고 미국은 다양한 인종들이 모여서 함께 사는 나라인데요. 그만큼 문화의 다양성도 많습니다. 어 마케팅과 그리고 그거에 따르는 영업 전략이 어떻게 되는지 너무 궁금하구요. 그리고 어떤 방식으로 소비자들에게 접근해서 그것들을 이끌어내는지도 궁금합니다. 아 그래서 저는 우리나라 뿐만이 아니라 해외 영업을 앞으로도 계속 해서 진행을 하고 있기 때문에 그런 경험을 통해서 저의 경험을 쌓고 또 계속해서 저를 발전해 나가고 싶습니다.","wordCount":117},"emotion":[],"intent":[{"text":"","expression":"","category":"attitude"}],"summary":{"text":"미국은 다양한 마케팅과 영업에 대한 전략을 가지고 있기 때문에 미국에서 일을 해보고 싶습니다. 그리고 다양한 인종들이 모여서 함께 사는 나라이기 때문에 마케팅과영업전략이 어떻게 되는지 궁금합니다. 해외 영업을 앞으로도 계속 진행을 하고 있기 때문에 그런 경험을 통해서 저의 경험을 쌓고 또 계속해서 저를 발전해 나가겠습니다.","wordCount":44}}},"rawDataInfo":{"question":{"fileFormat":"wav","fileSize":324878,"duration":10150,"samplingBit":16,"channelCount":1,"samplingRate":"16kHz","audioPath":"/Mock/02.SalesMarketing/Female/Experienced/ckmk_q_sm_f_e_107696.wav"},"answer":{"fileFormat":"wav","fileSize":2292558,"duration":71640,"samplingBit":16,"channelCount":1,"samplingRate":"16kHz","audioPath":"/Mock/02.SalesMarketing/Female/Experienced/ckmk_a_sm_f_e_107696.wav"}}}