{"version":"1.0","dataSet":{"info":{"date":"20230116","occupation":"SM","channel":"MOCK","place":"ONLINE","gender":"FEMALE","ageRange":"45-54","experience":"EXPERIENCED"},"question":{"raw":{"text":"마케팅 업무로 지원을 해주셨는데 본인이 생각하는 마케팅의 개념이란 무엇이라고 생각하시나요","wordCount":10},"emotion":[],"intent":[]},"answer":{"raw":{"text":"제가 생각하는 마케팅은 회사에서 굉장히 중요한 업무라고 생각을 합니다. 회사의 꽃이자 그리고 회사를 알리는 아주 중요한 홍보 수단이라고 생각을 하는데요. 앞으로 마케팅의 중요성은 훨씬 더 커질 것 같습니다. 왜냐하면 서비스와 그리고 상품들이 쏟아지고 있고 그중에서 우리 회사를 잘 알리는 노력들이 필요할 것 같습니다. 그렇다면 어떤 방식으로 전달을 하는 게 어 소비자들에게 아니면 상대방의 마음을 읽을 수 있을까에 대해서 고민이 필요한데요. 바로 그 지점이 마케팅의 시작이라고 생각을 합니다. 어 앞으로 마케팅의 중요성이 커지고 또 다양한 방식으로 변화할 것으로 보입니다. 그리고 과거에는 좀 직설적인 마케팅이 많이 이용이 됐다면 최근에는 간접적으로 우리 회사의 브랜드 가치를 높이는 마케팅이 유행을 하고 있고요. 또 앞으로도 이렇게 소비자들이 부담스럽지 않으면서 어 잘 소화할 수 있는 수용할 수 있는 그런 마케팅이 각광을 받을 것으로 예상이 됩니다. 어 그래서 마케팅은 너무너무 중요하기 때문에 앞으로 더 발전시켜 나가야 될 것 같고요. 회사를 알리는 아주 중요한 수단이 될 것 같습니다.","wordCount":139},"emotion":[],"intent":[{"text":"","expression":"","category":"attitude"}],"summary":{"text":"마케팅은 회사의 꽃이자 회사를 알리는 중요한 홍보 수단입니다. 앞으로 마케팅의 중요성이 커지고 다양한 방식으로 변화할 것입니다. 직설적인 마케팅에서 간접적인 마케팅으로, 또 소비자들이 부담없이 받아들일 수 있는 마케팅으로 발전할 것입니다.","wordCount":29}}},"rawDataInfo":{"question":{"fileFormat":"wav","fileSize":268878,"duration":8400,"samplingBit":16,"channelCount":1,"samplingRate":"16kHz","audioPath":"/Mock/02.SalesMarketing/Female/Experienced/ckmk_q_sm_f_e_109667.wav"},"answer":{"fileFormat":"wav","fileSize":2555598,"duration":79860,"samplingBit":16,"channelCount":1,"samplingRate":"16kHz","audioPath":"/Mock/02.SalesMarketing/Female/Experienced/ckmk_a_sm_f_e_109667.wav"}}}