{"version":"1.0","dataSet":{"info":{"date":"20230116","occupation":"SM","channel":"MOCK","place":"ONLINE","gender":"FEMALE","ageRange":"45-54","experience":"EXPERIENCED"},"question":{"raw":{"text":"저희 일의 특성상 야근이나 잔업 외근이 많아질 수도 있습니다 그래도 괜찮으신가요","wordCount":11},"emotion":[],"intent":[]},"answer":{"raw":{"text":"저는 직장생활을 하면서 어 오히려 야근을 한 날보다 안한 날을 새는 게 조금 빠를 정도로 업무에 시간외 근무를 정말 많이 했는데요. 그러다 보니까 조금 개인적인 어떤 제 시간을 보내는 일은 정말 부족했지만 결국에는 그러한 것들이 모이고 모여서 제가 조금 더 업무적으로 성장하고 많이 배우고 경험했던 시간이 되었다고 생각합니다. 그래서 저는 지금 이 직장에 들어와서 근무를 한다고 해도 어 뭐 잔업이나 야근이 자주 발생해도 늘 있었던 일처럼 그냥 받아들이고 잘 어 이겨낼 수 있을 것이라고 생각을 하고 다만 업무량이 너무나 많다면 그냥 혼자서 이거는 감내해야 될 부분이 아니라 어떤 회사에 차원에서 어 저로 인해서 또 다른 사람이 피해를 볼 수도 있으니 어느 정도 조율이 필요하다 라는 의견을 어 밝힐 것 같습니다.","wordCount":110},"emotion":[],"intent":[{"text":"","expression":"","category":"attitude"}],"summary":{"text":"저는 직장생활을 하면서 시간외 근무를 정말 많이 했습니다. 그러다 보니 개인적인 시간을 보내는 일은 부족했지만 업무적으로 성장하고 많이 배우고 경험했던 시간이 되었습니다. 그래서 잔업이나 야근이 자주 발생해도 그냥 받아들여 잘 극복할 수 있을 것이라 생각합니다.","wordCount":35}}},"rawDataInfo":{"question":{"fileFormat":"wav","fileSize":301518,"duration":9420,"samplingBit":16,"channelCount":1,"samplingRate":"16kHz","audioPath":"/Mock/02.SalesMarketing/Female/Experienced/ckmk_q_sm_f_e_146896.wav"},"answer":{"fileFormat":"wav","fileSize":2314958,"duration":72340,"samplingBit":16,"channelCount":1,"samplingRate":"16kHz","audioPath":"/Mock/02.SalesMarketing/Female/Experienced/ckmk_a_sm_f_e_146896.wav"}}}