{"version":"1.0","dataSet":{"info":{"date":"20230116","occupation":"SM","channel":"MOCK","place":"ONLINE","gender":"FEMALE","ageRange":"35-44","experience":"EXPERIENCED"},"question":{"raw":{"text":"만약 지원자님께서 우리 회사에 입사를 했는데 업무 내용이나 업무의 강도가 지원자님이 예상한 것과 전혀 다른 방향이라고 한다면 어떻게 하실 것 같나요","wordCount":21},"emotion":[],"intent":[]},"answer":{"raw":{"text":"저는 영업 마케팅 업무를 담당하는 사람이기 때문에 업무의 내용과 강도에 크게 좌지우지되지는 않는 것 같습니다. 그냥 제가 어떤 목표를 달성할지 그리고 어떤 영업을 어떻게 하면 효율적으로 소비자에게 전달할 수 있을지에 대해서 관심과 초점이 맞춰져 있다고 생각을 합니다. 그리고 저는 기본적으로 그냥 영업 사원이 아니고 회사를 잘 알리는 역할을 하는 영업 사원이 되고 싶고요. 그리고 실적에 있어서도 제 목표치를 달성하는 그런 사원이 되고 싶습니다. 그렇기 때문에 입사를 한 이후에 업무 내용이 많거나 아니면 강도가 강해진다고 해서 제가 그거에 따라서 움직이진 않을 것 같고요. 다만 제가 하는 목적이 분명하고 그래서 만약에 밤을 새건 아니면 몇 날 며칠을 출장을 가건 이런 강도가 강해진다고 하더라도 목표한 바가 분명하다면 저는 괜찮을 것 같다 라는 생각이 듭니다. 오히려 제가 어떤 목적이 분명하고 그거를 달성해야 했을 때 제가 굉장히 훨씬 더 에너지틱하고 동기 부여가 되는 것 같습니다. 그렇기 때문에 앞으로 어 그런 점에 맞춰서 잘 진행을 할 수 있도록 노력을 하겠습니다.","wordCount":144},"emotion":[],"intent":[{"text":"","expression":"","category":"attitude"}],"summary":{"text":"저는 기본적으로 회사를 잘 알리는 역할을 하는 영업 사원이 되고 싶습니다. 그리고 실적에 있어서도 제 목표치를 달성하는 그런 사원이 되겠습니다. 따라서 입사 후 업무 내용이나 강도가 강해도 목표한 바가 분명하다면 저는 괜찮다고 생각합니다. 목표를 달성해야 했을 때 에너지가 더 생기는 것 같습니다.","wordCount":42}}},"rawDataInfo":{"question":{"fileFormat":"wav","fileSize":469198,"duration":14660,"samplingBit":16,"channelCount":1,"samplingRate":"16kHz","audioPath":"/Mock/02.SalesMarketing/Female/Experienced/ckmk_q_sm_f_e_161581.wav"},"answer":{"fileFormat":"wav","fileSize":2778318,"duration":86820,"samplingBit":16,"channelCount":1,"samplingRate":"16kHz","audioPath":"/Mock/02.SalesMarketing/Female/Experienced/ckmk_a_sm_f_e_161581.wav"}}}