{"version":"1.0","dataSet":{"info":{"date":"20230116","occupation":"SM","channel":"MOCK","place":"ONLINE","gender":"FEMALE","ageRange":"35-44","experience":"EXPERIENCED"},"question":{"raw":{"text":"네 협업을 많이 해 보셨을 텐데요 그 협업을 할 때 가장 중요하게 생각하는 것은 무엇인가요 그리고 왜 그것을 가장 중요하게 생각하시는지도 함께 말씀해 주시기 바랍니다","wordCount":25},"emotion":[],"intent":[]},"answer":{"raw":{"text":"저는 일을 할 때 어쨌든 시간이 가장 중요하다고 생각하거든요. 이 시간을 어떻게 쓰고 어떻게 효율적으로 우리가 채울지 이 시간들을 근데 협업을 할 때 이 시간이 되게 애매할 때가 많더라고요. 그래서 저는 무조건 시간을 정확하게 지켜야 된다 라는 거를 원칙으로 삼고 있어요. 그래서 예를 들어서 만약에 우리가 열 시에 모여서 이 일을 시작할 거야. 근데 그냥 열 시라고 말해 버리면 사람들은 열 시 반에 다 모이더라고요. 그래서 무조건 저는 아홉 시 반에 시작한다고 얘기를 하죠. 그러니까 사실은 열 시 시작해도 되는 건데 아홉 시 반에 시작한다 고 말을 해요. 그럼 사람들이 아홉 시 반부터 출발하거든요. 그럼 결국 또 시작되는 건 열 시 인거죠. 그러니까 이거를 근데 말해 버리면 사람들이 눈치를 채기 때문에 다들 더 늦게 올 수도 있기 때문에 절대 저는 비밀로 하고 항상 협업을 들어간다 라고 생각 협업한다 라고 할 때는 그 시작 시간에 대해서 저 혼자 좀 비밀리에 조정을 하곤 합니다.","wordCount":142},"emotion":[],"intent":[{"text":"","expression":"","category":"attitude"}],"summary":{"text":"협업을 할 때 시간을 어떻게 쓸지 애매할 때가 많은데, 저는 무조건 시간을 정확하게 지켜야 된다는 것을 원칙으로 삼고 있습니다. 예를 들어 열 시에 모여서 이 일을 시작할 텐데, 열 시라고 말하면 열 시 반에 모입니다. 아홉 시 반에 시작한다고 말하며 비밀로 하고 항상 협업을 들어간다 라고 생각합니다.","wordCount":47}}},"rawDataInfo":{"question":{"fileFormat":"wav","fileSize":486478,"duration":15200,"samplingBit":16,"channelCount":1,"samplingRate":"16kHz","audioPath":"/Mock/02.SalesMarketing/Female/Experienced/ckmk_q_sm_f_e_195524.wav"},"answer":{"fileFormat":"wav","fileSize":2697678,"duration":84300,"samplingBit":16,"channelCount":1,"samplingRate":"16kHz","audioPath":"/Mock/02.SalesMarketing/Female/Experienced/ckmk_a_sm_f_e_195524.wav"}}}