{"version":"1.0","dataSet":{"info":{"date":"20230116","occupation":"SM","channel":"MOCK","place":"ONLINE","gender":"FEMALE","ageRange":"-34","experience":"EXPERIENCED"},"question":{"raw":{"text":"혹시 본인이 생각했을 때 자신이 팀장에 더 잘 맞을 것 같은지 팀원에 더 잘 맞을 것 같은지 그리고 그렇게 생각하는 이유도 같이 설명해 주세요","wordCount":24},"emotion":[],"intent":[]},"answer":{"raw":{"text":"저는 기본적으로 팀장 팀원 모두 잘 적응을 하는 편입니다. 어 지금은 물론 경력이 많지 않기 때문에 팀원으로서 영업에 참여를 하고 있습니다. 하지만 제가 영업 실적이 전에 회사에서도 어 팀원 내에서도 굉장히 두드러질 정도로 잘 수행하는 팀원이라고 말씀을 드리고 싶은데요. 팀원이지만 또 제 나름의 역량과 역할들을 잘 수행해 낼 수 있다고 생각을 합니다. 그리고 팀장이 어느 정도 가이드를 줬을 때 팀원들이 그 의견을 따라서 잘 문화를 수행을 하고 또 그것에 같이 협의하는 게 중요하다고 생각을 합니다. 아무래도 팀장의 역할이 있는데 그것들이 협의가 잘 이뤄지지 않고 팀원들이 협조가 되지 않는다고 하면 조직 전체에 조금 문제가 발생할 수 있기 때문에 일단 팀원으로서 저의 역할을 잘 수행하는 편이기도 하구요. 그리고 앞으로 성장해 가면서 리더형 팀장의 업무를 또 배워서 잘 해낼 수 있다고 생각을 합니다. 팀장 같은 경우에는 팀원들을 어떻게 하면 효율적으로 잘 이끌지가 가장 업무에 관건일 텐데요. 그런 점들을 지금부터 배워서라도 좀 훌륭한 팀장이 돼서 후배들을 잘 이끌고 팀원들을 다독여서 성과를 올릴 수 있는 그런 팀장이 되도록 하겠습니다.","wordCount":154},"emotion":[],"intent":[{"text":"","expression":"","category":"attitude"}],"summary":{"text":"저는 기본적으로 팀원 모두 잘 적응을 하는 편이지만 제 나름의 역량과 역할들을 잘 수행할 수 있다고 생각하며, 앞으로 성장해 가면서 리더형 팀장의 업무를 또 배워서 잘 해낼 수 있을 것이라고 생각합니다. 지금부터 배워서라도 훌륭한 팀장이 돼 후배들을 잘 이끌고 팀원들을 다독여서 성과를 올릴 수 있는 그런 팀장이 되도록 하겠습니다.","wordCount":49}}},"rawDataInfo":{"question":{"fileFormat":"wav","fileSize":373838,"duration":11680,"samplingBit":16,"channelCount":1,"samplingRate":"16kHz","audioPath":"/Mock/02.SalesMarketing/Female/Experienced/ckmk_q_sm_f_e_174725.wav"},"answer":{"fileFormat":"wav","fileSize":2752718,"duration":86020,"samplingBit":16,"channelCount":1,"samplingRate":"16kHz","audioPath":"/Mock/02.SalesMarketing/Female/Experienced/ckmk_a_sm_f_e_174725.wav"}}}