{"version":"1.0","dataSet":{"info":{"date":"20230116","occupation":"SM","channel":"MOCK","place":"ONLINE","gender":"FEMALE","ageRange":"35-44","experience":"EXPERIENCED"},"question":{"raw":{"text":"입사하게 된다면 가장 가고 싶은 부서는 어디입니까 왜 그 부서가 가고 싶으신지 이유를 함께 말씀해 주세요","wordCount":16},"emotion":[],"intent":[]},"answer":{"raw":{"text":"응시원서에 기재하였듯이 저는 영업에 관심이 많습니다. 영업은 일단 주도적인 업무 부서라고 생각합니다. 대부분에 모든 부서들은 수동적으로 내려진 일을 그냥 하는데 그리고 그것을 잘 해내는 데 만족을 해야 된다고 하면 영업은 내가 하고 싶은 어 내가 하 해야 되는 그런 어 마감이라든가 아니면 그런 것들을 저 잘 하기 위해서 더 노력하고 그리고 정진할 수 있는 그런 부서이기도 하기 때문에 저는 가장 가고 싶은 부서가 일 순위로 영업으로 선택했습니다.","wordCount":67},"emotion":[],"intent":[{"text":"대부분에 모든 부서들은 수동적으로 내려진 일을 그냥 하는데 그리고 그것을 잘 해내는 데 만족을 해야 된다고 하면 영업은 내가 하고 싶은 어 내가 하 해야 되는 그런 어 마감이라든가 아니면 그런 것들을 저 잘 하기 위해서 더 노력하고 그리고 정진할 수 있는 그런 부서이기도 하기 때문에 저는 가장 가고 싶은 부서가 일 순위로 영업으로 선택했습니다.","expression":"c_sincere_job","category":"etc"}],"summary":{"text":"저는 주도적인 업무 부서인 영업에 관심이 많습니다. 대부분 수동적으로 내려진 일을 잘 해내는데 만족을 해야 한다면 영업은 제가 하고 싶은 마감 등을 위해 정진할 수 있는 부서라 선택했습니다.","wordCount":28}}},"rawDataInfo":{"question":{"fileFormat":"wav","fileSize":395278,"duration":12350,"samplingBit":16,"channelCount":1,"samplingRate":"16kHz","audioPath":"/Mock/02.SalesMarketing/Female/Experienced/ckmk_q_sm_f_e_226860.wav"},"answer":{"fileFormat":"wav","fileSize":1453838,"duration":45430,"samplingBit":16,"channelCount":1,"samplingRate":"16kHz","audioPath":"/Mock/02.SalesMarketing/Female/Experienced/ckmk_a_sm_f_e_226860.wav"}}}