{"version":"1.0","dataSet":{"info":{"date":"20230116","occupation":"SM","channel":"MOCK","place":"ONLINE","gender":"FEMALE","ageRange":"45-54","experience":"EXPERIENCED"},"question":{"raw":{"text":"면접자님께서는 진상 손님을 어떻게 대처할 것인가","wordCount":6},"emotion":[],"intent":[]},"answer":{"raw":{"text":"네 아무래두 영업을 하다 보면 여러 가지 손님의 유형을 맡게 됩니다. 또 친절하게 하시는 분들도 계시지만 대부분 컴플라인을 거는 경우도 정말 많이 있습니다. 어 그럴 때는 저는 조금 어 유연하고 적극적으로 대처하는 편인데요. 이런 분들에게 똑같이 제가 행동을 하게 되면 오히려 사태가 악화될 가능성이 높은 것 같습니다. 어 사실 저도 힘들기 때문에 이런 부분들에게 너무 딱딱하게 감정적으로 대하거나 아니면 철두철미하게 대하고 이런 게 오히려 역효과가 날 때가 있었구요. 또 감정적으로 서로 대하다 보면 상황이 약화돼서 더 문제를 키울 수 있다고 생각을 합니다. 그렇기 때문에 좀 절차에 맞게 진행을 하되 좀 감정에 휩쓸리지 않고 제가 리드해서 진행을 하게 되는데요. 어 그분들에게 일단 감정적으로 대하지 않고 어떤 객관적인 프로세스 대로 진행을 하되 조금 감정적으로 이해해주고 공감하려고 노력을 많이 하는 편인 것 같습니다. 그래서 프로세스 대로 하는 것 그리고 감정적으로 공감해주는 것 그리고 조금 더 객관화 돼서 동요되지 않는 거 이런 다양한 노력들이 필요할 텐데요. 아무래도 사람을 대하는 일이기 때문에 저도 힘들지만 그분들에게 서비스를 해주는 것도 저의 중요한 역할이라고 생각을 합니다.","wordCount":158},"emotion":[],"intent":[{"text":"","expression":"","category":"attitude"}],"summary":{"text":"영업을 하다 보면 여러 가지 손님의 유형을 맡게 되는데, 대부분 컴플라인을 거는 경우가 많습니다. 그럴 때는 유연하고 적극적으로 대처하는 편인데, 그렇게 행동하게 되면 사태가 악화될 가능성이 높은 것 같습니다. 절차에 맞게 진행을 하되 감정에 휩쓸리지 않고 리드해서 진행을 하게 됩니다. 감정적으로 이해해주고 공감하려고 노력을 많이 하는 편입니다.","wordCount":47}}},"rawDataInfo":{"question":{"fileFormat":"wav","fileSize":243278,"duration":7600,"samplingBit":16,"channelCount":1,"samplingRate":"16kHz","audioPath":"/Mock/02.SalesMarketing/Female/Experienced/ckmk_q_sm_f_e_113580.wav"},"answer":{"fileFormat":"wav","fileSize":2811598,"duration":87860,"samplingBit":16,"channelCount":1,"samplingRate":"16kHz","audioPath":"/Mock/02.SalesMarketing/Female/Experienced/ckmk_a_sm_f_e_113580.wav"}}}