{"version":"1.0","dataSet":{"info":{"date":"20230116","occupation":"SM","channel":"MOCK","place":"ONLINE","gender":"FEMALE","ageRange":"35-44","experience":"EXPERIENCED"},"question":{"raw":{"text":"만약 일을 하는 도중에 상사가 업무와 무관한 일을 시킨다면 어떻게 하시겠습니까 지원자님께서는 잘 수행할 자신이 있으십니까 아니면 수행하지 않을지 궁금합니다","wordCount":20},"emotion":[],"intent":[]},"answer":{"raw":{"text":"어 해야 겠죠. 해야 겠죠 어떻게 해요. 이 회사를 그만둘 수는 없잖아요. 못 그만두죠 사실 그만두고 싶어도. 아 무관한 일을 시킨다는 건 조금 위험한 부분인 거 같기는 해요. 그리고 회사가 그럴까 싶기도 한데 저는 왜냐하면 회사 입장에서도 그거는 엄청난 모험 아닌가요. 이미 어느 분야에 능숙한 사람을 두고 방치하고 그럼 그 인력을 다른 업무에 배치를 한다 어 수행을 할 것 같습니다. 네 심정적으로는 아니지만 수행은 하겠죠. 근데 뭐 잘 못 할 수 있어요. 그거에 대해서 터치를 안 하셨으면 좋겠어요. 아 뭐 아 뭐 일제 관여를 안 한다거나 뭐 그런 게 아니라 최소한에 부분은 양심상 크게 하시면 안 되지 않을까요. 잘 하지 못했다고.","wordCount":101},"emotion":[],"intent":[{"text":"","expression":"","category":"attitude"}],"summary":{"text":"회사를 그만둔다는 건 위험한 부분이며 회사 입장에서도 엄청난 모험입니다. 이미 어느 분야에 능숙한 사람을 방치하고 그 인력을 다른 업무에 배치를 합니다. 수행은 하겠지만 최소한에 부분은 양심상 크게 보시면 안 됩니다.","wordCount":30}}},"rawDataInfo":{"question":{"fileFormat":"wav","fileSize":617038,"duration":19280,"samplingBit":16,"channelCount":1,"samplingRate":"16kHz","audioPath":"/Mock/02.SalesMarketing/Female/Experienced/ckmk_q_sm_f_e_141975.wav"},"answer":{"fileFormat":"wav","fileSize":2696078,"duration":84250,"samplingBit":16,"channelCount":1,"samplingRate":"16kHz","audioPath":"/Mock/02.SalesMarketing/Female/Experienced/ckmk_a_sm_f_e_141975.wav"}}}