{"version":"1.0","dataSet":{"info":{"date":"20230116","occupation":"SM","channel":"MOCK","place":"ONLINE","gender":"FEMALE","ageRange":"35-44","experience":"EXPERIENCED"},"question":{"raw":{"text":"오늘 면접을 준비하시느라 고생이 정말 많으셨을 텐데요 오늘 면접을 어떤 방식으로 준비하셨었는지 구체적으로 면접과 준비 과정을 말씀해 주실 수 있을까요","wordCount":20},"emotion":[],"intent":[]},"answer":{"raw":{"text":"사실 면접이 굉장히 저에게는 압박감이고 어려웠습니다. 그런 부분을 좀 해소하기 위해서 많은 분들에 후기나 아니면 면접 사례들을 좀 약간 면밀하게 관찰하려고 노력을 했구요. 저라면 어떻게 대답을 했을까 그리고 그 사람은 어떻게 대답을 했을까 라는 것들을 조금 약간 비교 검토해 보는 면서 이 면접을 준비를 했습니다. 그렇게 면접을 준비하니까 일단 이 회사에 대한 어 생각 이런 것들이 저도 좀 정리되는 시간이 아니었나 라고 생각을 합니다. 그리고 그러한 면접을 준비하는데 있어서두 저희 마음가짐을 어떻게 해야 되겠구나 라는 좀 결단과 결심이 더 섰던 것 같습니다.","wordCount":82},"emotion":[],"intent":[{"text":"","expression":"","category":"attitude"}],"summary":{"text":"면접이 압박감이고 어려웠던 부분을 해소하기 위해 면접 사례들을 관찰하면서 준비를 했습니다. 면접을 준비하니 회사에 대한 생각과 마음가짐에 대한 결단과 결심이 더 섰던 것 같습니다.","wordCount":24}}},"rawDataInfo":{"question":{"fileFormat":"wav","fileSize":636238,"duration":19880,"samplingBit":16,"channelCount":1,"samplingRate":"16kHz","audioPath":"/Mock/02.SalesMarketing/Female/Experienced/ckmk_q_sm_f_e_227524.wav"},"answer":{"fileFormat":"wav","fileSize":1488718,"duration":46520,"samplingBit":16,"channelCount":1,"samplingRate":"16kHz","audioPath":"/Mock/02.SalesMarketing/Female/Experienced/ckmk_a_sm_f_e_227524.wav"}}}