{
    "version": "1.0",
    "dataSet": {
        "info": {
            "date": "20230116",
            "occupation": "SM",
            "channel": "MOCK",
            "place": "ONLINE",
            "gender": "FEMALE",
            "ageRange": "35-44",
            "experience": "EXPERIENCED"
        },
        "question": {
            "raw": {
                "text": "최근에 본 뉴스들 가운데 지원자님께서 가장 인상 깊게 봤던 뉴스는 무엇인가요 무엇인지와 그 이유도 함께 말씀해 주시면 감사하겠습니다",
                "wordCount": 18
            },
            "emotion": [],
            "intent": []
        },
        "answer": {
            "raw": {
                "text": "저는 최근에 전쟁이 일어나고 있는 러시아 우크라이나와 관련된 어 그 경제 뉴스를 많이 보는 편입니다. 실제로 지금 전쟁이 일어나면서 전 세계적으로 굉장히 파급이 높아지고 있습니다. 특히 그 전쟁으로 인해서 물류 대란이 일어나고 있고요. 그리고 물가가 올라가면서 원자재 가격이 급등하는 그런 악순환이 이어지고 있습니다. 어 그래서 굉장히 전 세계적으로 영향을 많이 미치는데 과연 전쟁이라는 게 누구를 위한 것인가 라는 생각을 해보게 됐습니다. 우리나라에서도 전쟁이 한국 전쟁이 일어나면서 아 이 차 대 세계대전이 일어나기도 했는데요. 그런 것들이 목숨을 앗아가고 그리고 서로의 이익을 위해 싸우다 보니까 그런 결과가 나타난 것 같습니다. 앞으로 좀 평화적인 부분으로 해결이 됐으면 좋겠다 라는 생각이 들었고요. 그리고 아무래도 전쟁이 일어남으로 인해서 주변 국가뿐만이 아니라 글로벌 경제가 흔들리고 또 인플레이션이 치솟는 그런 부정적인 영향이 컸기 때문에 이런 거 관련해서 좀 협약이 필요할 것 같고요. 그리고 유엔에서도 지금 여러 가지로 그 협약 관련한 내용들을 쓰고 있는데 쪼끔 더 효율적으로 운영이 됐으면 좋겠습니다.",
                "wordCount": 142
            },
            "emotion": [],
            "intent": [
                {
                    "text": "",
                    "expression": "",
                    "category": "attitude"
                }
            ],
            "summary": {
                "text": "전쟁 때문에 물류 대란이 일어나고 원자재 가격이 급등하는 악순환이 이어지고 있습니다. 앞으로 좀 평화적인 부분으로 해결이 됐으면 좋겠습니다. 또한 글로벌 경제가 흔들리고 인플레이션이 치솟는 부정적인 영향이 컸기 때문에 이런 거 관련해서 협약이 필요할 것 같습니다. 유엔에서도 여러 가지로 협약 관련한 내용들을 쓰고 있는데 좀 효율적으로 운영이 됐으면 합니다.",
                "wordCount": 48
            }
        }
    },
    "rawDataInfo": {
        "question": {
            "fileFormat": "wav",
            "fileSize": 427598,
            "duration": 13360,
            "samplingBit": 16,
            "channelCount": 1,
            "samplingRate": "16kHz",
            "audioPath": "/Mock/02.SalesMarketing/Female/Experienced/ckmk_q_sm_f_e_161575.wav"
        },
        "answer": {
            "fileFormat": "wav",
            "fileSize": 2849998,
            "duration": 89060,
            "samplingBit": 16,
            "channelCount": 1,
            "samplingRate": "16kHz",
            "audioPath": "/Mock/02.SalesMarketing/Female/Experienced/ckmk_a_sm_f_e_161575.wav"
        }
    }
}