{"version":"1.0","dataSet":{"info":{"date":"20230116","occupation":"SM","channel":"MOCK","place":"ONLINE","gender":"FEMALE","ageRange":"55-","experience":"EXPERIENCED"},"question":{"raw":{"text":"우리 회사가 해외 무대로 진출한다면 어디로 진출하는 것이 좋을까요 또한 그렇게 생각하시는 이유에 대해서도 함께 말씀해 주실 수 있을까요","wordCount":19},"emotion":[],"intent":[]},"answer":{"raw":{"text":"우리 회사가 해외 미드 무대로 진출한다면 어디로 진출하냐 하고 싶냐는 이 질문에 이 많은 생각을 해 보았습니다. 제가 제 나이에 비해서는 어 되게 많은 여러 나라를 관광을 많이 해 봤고 그다음에 아 일로도 많이 가보았습니다. 예를 들어서 미국 같은 경우는 미국 캐나다를 구경을 해 보았구요. 그 다음에 제가 그 철도 산업을 옛날에 과거에 했던 경험이 있어서 그쪽으로 카나다 같은 경우는 비알에이 미국 같은 경우는 암트랙을 조사를 했었구요. 그다음에 아 아시아 쪽으로는 태국 싱가폴 인도네시아 말레이지아 그쪽도 다 구경을 했고 그다음에 그쪽에 사업성을 많이 아 고려해 봤습니다. 그리고 주민들이 어떻게 사는지 그런 것도 다 한번 보았구요. 그 다음에 유럽은 동유럽 북유럽 그다음에 남유럽 그다음에 서유럽까지 안 가본 유럽은 예 크게 없는 것 같아요. 그리고 어 러시아도 다녀왔는데 아 우리 회사가 해외 무대로 진출할 때 제일 안정적이고 수익이 크게 문제 없이 날 곳은 아까 중국을 또 말씀 안 드렸죠. 중국과 미국이라고 생각합니다. 그중에서 미국도 아주 큰 나라이고 그다음에 인구도 많지만 중국 같은 경우는 인구 밀집도가 상당 합니다. 그래서 어 중국인에게 팔 수 있는 물건 우리만의 독특한 물건들을 요즘에 비티에스가 유행하는 것처럼 아 좋은 물건을 만들어서 중국과 그다음에 미국 시장 지금 미국 같은 경우는 완전 다문화거든요. 여러 세계 사람들이 다 와서 살고 있고요. 그래서 저는 미국하고 중국이 가장 큰 시장이라고 생각합니다.","wordCount":198},"emotion":[],"intent":[{"text":"","expression":"","category":"attitude"}],"summary":{"text":"우리 회사가 해외 미드 무대로 진출할 때 가장 안정적이고 수익이 크게 문제 없이 날 곳은 중국과 미국이라고 생각합니다. 미국은 아주 큰 나라이고 인구도 많지만 중국은 인구 밀집도가 상당합니다. 중국인에게 팔 수 있는 물건 우리만의 독특한 물건을 만들어서 중국과 미국 시장 지금 미국 같은 경우는 완전 다문화입니다. 그래서 저는 미국하고 중국이 가장 큰 시장이라고 생각 합니다.","wordCount":55}}},"rawDataInfo":{"question":{"fileFormat":"wav","fileSize":611598,"duration":19110,"samplingBit":16,"channelCount":1,"samplingRate":"16kHz","audioPath":"/Mock/02.SalesMarketing/Female/Experienced/ckmk_q_sm_f_e_241934.wav"},"answer":{"fileFormat":"wav","fileSize":3778638,"duration":118080,"samplingBit":16,"channelCount":1,"samplingRate":"16kHz","audioPath":"/Mock/02.SalesMarketing/Female/Experienced/ckmk_a_sm_f_e_241934.wav"}}}