{"version":"1.0","dataSet":{"info":{"date":"20230116","occupation":"SM","channel":"MOCK","place":"ONLINE","gender":"FEMALE","ageRange":"-34","experience":"EXPERIENCED"},"question":{"raw":{"text":"만약 면접자님께서 지금 지원하신 이 직무가 아닌 다른 다른 부서에 배치되게 된다면 어떻게 하시겠습니까 그래도 괜찮으신가요","wordCount":16},"emotion":[],"intent":[]},"answer":{"raw":{"text":"네 제가 입사한 이후에 제가 지원한 다른 직무에 배치된다고 하더라도 저는 잘 적응해 낼 자신이 있습니다. 어 제가 기본적으로 영업 부서에 지원을 했지만 충분히 다른 부서에도 배치될 수 있다고 생각을 합니다. 하지만 어느 부서에 배치되던지 그 업무를 충실히 하는 게 중요하다고 생각이 들고요. 그리고 그 나름대로 최선을 다해서 그 부서에 적응을 하다 보면 배울 점이 많을 것 같습니다. 그래서 앞으로 저는 사실 다양한 경험을 해보고 싶고요. 그리고 여러 가지 일을 경험해 봄으로써 저를 성장시키고 싶습니다. 그렇기 때문에 저는 기본적으로 영업을 잘 할 자신이 있지만 다른 부서에 배치된다고 하더라도 흔쾌히 받아들이고 최선을 다 하도록 하겠습니다. 어 앞으로 저의 성장을 어 기대해 주시고 꼭 입사를 할 수 있었으면 좋겠습니다.","wordCount":107},"emotion":[],"intent":[{"text":"","expression":"","category":"attitude"}],"summary":{"text":"저는 기본적으로 영업을 잘 할 자신이 있지만 다른 부서에 배치된다고 하더라도 최선을 다 하도록 하겠습니다. 앞으로 저의 성장을 기대해 해주시고 꼭 입사를 할 수 있었으면 좋겠습니다.","wordCount":26}}},"rawDataInfo":{"question":{"fileFormat":"wav","fileSize":413198,"duration":12910,"samplingBit":16,"channelCount":1,"samplingRate":"16kHz","audioPath":"/Mock/02.SalesMarketing/Female/Experienced/ckmk_q_sm_f_e_107583.wav"},"answer":{"fileFormat":"wav","fileSize":1990478,"duration":62200,"samplingBit":16,"channelCount":1,"samplingRate":"16kHz","audioPath":"/Mock/02.SalesMarketing/Female/Experienced/ckmk_a_sm_f_e_107583.wav"}}}