{"version":"1.0","dataSet":{"info":{"date":"20230116","occupation":"SM","channel":"MOCK","place":"ONLINE","gender":"FEMALE","ageRange":"-34","experience":"EXPERIENCED"},"question":{"raw":{"text":"지원자님께서는 평소에 개인 작업을 많이 하시는 편인가요 만약에 그렇다면 그렇게 할 수 있는 원동력이 무엇이라고 생각하시는지 궁금합니다","wordCount":17},"emotion":[],"intent":[]},"answer":{"raw":{"text":"저는 평소 개인 작업을 많이 하는 편입니다. 업무 자체가 개인 작업을 필요로 하는 것이기 때문에 많이 합니다. 개인 작업을 할 수 있는 원동력으로는 성 첫 번째로 성취감이라고 생각합니다. 다른 사람들과 같이 하는 것이 아니라 저 혼자서 한 것이기 때문에 이 작업물을 완성하거나 성공해 냈을 때 다른 작업물들에 비해 좀 더 성취감이 높다. 높습니다. 그리고 두 번째로는 책임감이 좀 더 강하기 때문 강해지기 때문입니다. 이 작업물을 맡은 사람은 저 혼자이기 때문에 제가 책임감을 가지지 않고 한다면 이 작업물에 대한 문제가 생겼을 때 어 책임질 사람은 저 밖에 없 없어서 좀 더 책임감을 가지고 일을 하게 되기 때문에 내 것이다 라는 인식이 생기게 되는 것 같습니다.","wordCount":104},"emotion":[],"intent":[{"text":"","expression":"","category":"attitude"}],"summary":{"text":"업무 자체가 개인 작업을 필요로 하기 때문에 개인 작업을 할 수 있는 원동력으로는 성취감과 책임감이 좀 더 강하기 때문에 많이 하는 편입니다.","wordCount":22}}},"rawDataInfo":{"question":{"fileFormat":"wav","fileSize":403918,"duration":12620,"samplingBit":16,"channelCount":1,"samplingRate":"16kHz","audioPath":"/Mock/02.SalesMarketing/Female/Experienced/ckmk_q_sm_f_e_163918.wav"},"answer":{"fileFormat":"wav","fileSize":2561998,"duration":80060,"samplingBit":16,"channelCount":1,"samplingRate":"16kHz","audioPath":"/Mock/02.SalesMarketing/Female/Experienced/ckmk_a_sm_f_e_163918.wav"}}}