{"version":"1.0","dataSet":{"info":{"date":"20230116","occupation":"SM","channel":"MOCK","place":"ONLINE","gender":"FEMALE","ageRange":"55-","experience":"EXPERIENCED"},"question":{"raw":{"text":"만약 일을 하다가 상사에게 어려운 지시를 받는다면 어떻게 하실 건가요 또한 그렇게 하시는 이유도 함께 설명해 주시기 바랍니다","wordCount":18},"emotion":[],"intent":[]},"answer":{"raw":{"text":"아 일을 하다가 상사에게 어려운 지시를 받았다. 아 상사에게 어려운 지시를 받는 거는 저기 일반적이라고 저는 생각을 합니다. 아 상사들이 아 저에게 일를 내려 줄 때 제가 해결을 못하는 일을 줄 거라고는 생각지 않습니다. 그 이유는 아 저를 골탕 먹이려고 하지는 않지 않을까요. 예 어려운 지시를 받으면 그 상사는 어 제가 그 일을 해결해 낼 수 있는 능력이 있다고 생각을 하고 저는 더 기쁠 것 같습니다. 아 예 그러면 제가 어려운 지시를 맡았는데 제가 할 수 있는 만큼이 이만큼인데 혹시 아 이 일을 좀 더 빠르게 진행하거나 아니면 쉽게 해결할 수 있는 방법을 저에게 제시하실 수 있나요 라고 한번 다시 되물어 본 다음에 아 저는 많은 충고를 듣겠습니다. 상사분께서 어려운 지시를 해도 저는 그 지시를 따르고 그다음에 수행해 간 능력을 많이 키워야 하는 게 회사 생활이라고 생각을 합니다. 예 어 쉬운 님만 하면 저에게 발전이 없겠지요. 그 상사분께서 저한테 어려운 지시를 했다는 것은 저의 발달 아 발달에 아주 좋은 기회라고 생각합니다. 그다음에 발달보다는 발전이라고 하는 게 옳겠지요. 그러니까 저를 발전시키는 기회라고 생각을 하고 어떻게든 그 지시를 끝까지 할 수 있게 해 갈 수 있게 아 저는 시도를 해 보겠습니다. 아 좀 더 많은 생각을 해 보고 아 왜 나에게 이런 일을 주었을까 라고 하면서 열심히 해 보겠습니다.","wordCount":197},"emotion":[],"intent":[{"text":"","expression":"","category":"attitude"}],"summary":{"text":"상사에게 어려운 지시를 받는 것은 일반적이라고 생각합니다. 어려운 지시를 받았을 때 그 상사는 제가 일을 해결해 낼 수 있는 능력이 있다고 생각하고 더 기뻤을 것 같습니다. 상사분께서 어려운 지시를 해도 그 지시를 따르고 수행해 간 능력을 키워야 회사 생활이 발전한다고 생각합니다. 그 지시를 끝까지 할 수 있게 해 갈 수 있게 노력을 해 보겠습니다.","wordCount":54}}},"rawDataInfo":{"question":{"fileFormat":"wav","fileSize":591758,"duration":18490,"samplingBit":16,"channelCount":1,"samplingRate":"16kHz","audioPath":"/Mock/02.SalesMarketing/Female/Experienced/ckmk_q_sm_f_e_240207.wav"},"answer":{"fileFormat":"wav","fileSize":3830478,"duration":119700,"samplingBit":16,"channelCount":1,"samplingRate":"16kHz","audioPath":"/Mock/02.SalesMarketing/Female/Experienced/ckmk_a_sm_f_e_240207.wav"}}}