{"version":"1.0","dataSet":{"info":{"date":"20230116","occupation":"SM","channel":"MOCK","place":"ONLINE","gender":"FEMALE","ageRange":"45-54","experience":"EXPERIENCED"},"question":{"raw":{"text":"우리 회사에 들어와서 본인이 하고 싶은 업무가 있으신가요 있다면 무엇인지 또한 그 이유는 무엇인지 함께 말씀 부탁드립니다","wordCount":17},"emotion":[],"intent":[]},"answer":{"raw":{"text":"저는 직장 생활을 하면서 십 여 년 동안 거의 영업 부서에서 근무를 했습니다. 어 물론 제가 필요하다면 어느 부서에 가서든 열심히 근무를 하겠지만 지금까지 제가 쌓아온 영업의 네트워크라든가 노하우들을 가장 잘 활용하기 위해서는 영업 부서에 근무를 하는 것이 좀 더 효과적이지 않을까 생각이 됩니다. 어 특히 저와 같은 경우는 그 중남미 언어들을 조금 할 수 있기 때문에 중남미 이 영업 시장을 개척하는 부분에서 근무를 하면 조금 더 저의 능력을 발휘하고 또 회사에서도 많이 이점을 얻을 수 있지 않을까 생각합니다.","wordCount":79},"emotion":[],"intent":[{"text":"어 특히 저와 같은 경우는 그 중남미 언어들을 조금 할 수 있기 때문에 중남미   이 영업 시장을 개척하는 부분에서 근무를 하면 조금 더 저의 능력을 발휘하고    또 회사에서도 많이 이점을 얻을 수 있지 않을까 생각합니다.","expression":"c_sincere_co","category":"etc"}],"summary":{"text":"저는 직장 생활을 하면서 십 여 년 동안 거의 영업 부서에서 근무를 했습니다. 쌓아온 영업의 네트워크나 노하우들을 가장 잘 활용하기 위해서는 영업 부서에 근무하는 것이 더 효과적일 것 같습니다.","wordCount":29}}},"rawDataInfo":{"question":{"fileFormat":"wav","fileSize":591118,"duration":18470,"samplingBit":16,"channelCount":1,"samplingRate":"16kHz","audioPath":"/Mock/02.SalesMarketing/Female/Experienced/ckmk_q_sm_f_e_191885.wav"},"answer":{"fileFormat":"wav","fileSize":1401678,"duration":43800,"samplingBit":16,"channelCount":1,"samplingRate":"16kHz","audioPath":"/Mock/02.SalesMarketing/Female/Experienced/ckmk_a_sm_f_e_191885.wav"}}}