{"version":"1.0","dataSet":{"info":{"date":"20230116","occupation":"SM","channel":"MOCK","place":"ONLINE","gender":"FEMALE","ageRange":"35-44","experience":"EXPERIENCED"},"question":{"raw":{"text":"다음 질문 드리겠습니다 현대사회에서 없어서는 안될 가장 중요하다고 생각하시는 직업을 한 가지만 골라 자세히 말씀해 주시겠습니까","wordCount":16},"emotion":[],"intent":[]},"answer":{"raw":{"text":"저는 예술가라고 생각을 합니다. 음 저도 예술에 관심은 있는데 그 분야에 뛰어들지는 못했어 가지구 뭐 취미활동으로도 사실 선뜻하기 어려운 게 예술 분얀데 또 사람들이 가장 어 삶에서 뭐 부를 축적하는 목적은 아니어도 그래도 계속 가져가야 한다고 생각하는 것들이 있잖아요. 그런데 그게 저는 예술이라고 생각이 들구요. 어떤 일반적인 사람들이 예술가가 돼야 된다는 건 아니지만 그래도 예술이라는 거는 알게 모르게 저희 생활에 밀접하게 존재하고 있고 그런 것들이 왜 필요해 라고 하면은 뚜렷하게 말할 수는 없지만 그래도 저희 각자가 다 머물러 살지 않게끔 머물면서 살지 않게끔 나아가는 힘을 준다고 생각이 들어요. 그래서 저는 예술가가 꼭 있어야 한다고 생각을 하고 사실 오늘날에 좀 많은 사람들이 좀 잊기 쉬운 직업일 수도 있다고 생각이 드는데 그럴수록 더 기억되어야 하고 더 존재해야 하는 직업이라고 생각합니다.","wordCount":118},"emotion":[],"intent":[{"text":"","expression":"","category":"attitude"}],"summary":{"text":"예술은 우리 각자가 머물면서 나아가는 힘을 준다고 생각되어 예술가가 꼭 있어야 한다고 생각합니다. 사실 오늘날에 좀 많은 사람들이 잊기 쉬운 직업일 수 있지만 그럴수록 더 기억되어야 하고 더 존재해야 하는 직업이라고 생각합니다.","wordCount":32}}},"rawDataInfo":{"question":{"fileFormat":"wav","fileSize":501838,"duration":15680,"samplingBit":16,"channelCount":1,"samplingRate":"16kHz","audioPath":"/Mock/02.SalesMarketing/Female/Experienced/ckmk_q_sm_f_e_125589.wav"},"answer":{"fileFormat":"wav","fileSize":2529038,"duration":79030,"samplingBit":16,"channelCount":1,"samplingRate":"16kHz","audioPath":"/Mock/02.SalesMarketing/Female/Experienced/ckmk_a_sm_f_e_125589.wav"}}}