{"version":"1.0","dataSet":{"info":{"date":"20230116","occupation":"SM","channel":"MOCK","place":"ONLINE","gender":"FEMALE","ageRange":"55-","experience":"EXPERIENCED"},"question":{"raw":{"text":"업무를 수행하는 데 있어 시간이 촉박할 때 지원자님께서는 시간 관리를 어떻게 하시나요 지원자님의 시간 관리법이 궁금합니다","wordCount":16},"emotion":[],"intent":[]},"answer":{"raw":{"text":"제가 촉박한 상황이 생기면 어떻게 시간 관리를 하냐는 질문을 제 고민을 해 보았는데요. 아 제가 저도 어 좀 촉박한 상황에서 일을 하는 것을 즐겨하는 사람이기 때문에 아 저는 촉박한 상황 한 세 가지 일을 갑자기 겹친다 하면은 제일 먼저 중요한 어떤 것이 제일 선 결제 가능할 것인가 아 선수로 칠 것인가 그렇게 많이 생각을 하거든요. 아 첫 번째 해결을 해야만 할 것 시간 순서대로 놓습니다. 그래서 첫 번째 해결을 해야 할 것을 먼저 하고 그다음에 계속 머리로 생각을 하고 그다음에 이 가끔 하다 보면은 까먹을 때가 있어요. 그러면 핸드폰이나 메모지에 어 어 시간 그 촉박한 상황에 순서를 적어 놓습니다. 그래서 하나씩 하나씩 지워 나가면서 아 일 번 제일 먼저 해야 할 일 그다음에 이 번 두 번째 삼 번 세 번째 그다음에 네 이제 사 번 아 오늘 크게 하지 않아도 될 일 같은 경우로 이렇게 순서대로 적어 놓구요. 그다음에 하나하나 아 시간 관리를 하는 편입니다. 그래서 일 번을 다 해결했을 때 아 지워 나갑니다. 그 일 번 해결 그다음에 다시 한 번 다시 생각하지 않도록 엑스를 치고요. 그다음에 두 번째 거 또 매진을 할 수 있도록 그런데 만약에 이 번 일 번 이 번 삼 번 사 번 중에 겹치는 부분이 있을 겁니다. 겹치는 부분이 있다면 머릿속으로 생각을 조직도를 한 번 그려 가면서 아 이걸 같이 하면 나머지 일을 할 때 좀 빨리 해결이 되겠구나 해 가지고 그런 식으로 문제를 해결하는 편입니다. 그러다 보면 되게 편리하더라구요 어 급할 때. 네 이상입니다.","wordCount":232},"emotion":[],"intent":[{"text":"","expression":"","category":"attitude"}],"summary":{"text":"저는 촉박한 상황에서 일을 하는 것을 즐겨하는 사람이기 때문에 촉박한 상황의 세 가지 일을 갑자기 겹친다면 제일 먼저 중요한 것을 선 결제할 수 있는지 선수칠 것인지 많이 생각을 합니다. 그리고 간혹 하다 보면 잊어버릴 때가 있습니다. 그래서 핸드폰이나 메모지에 시간의 순서를 적어 놓습니다. 그리고 하나하나 시간 관리를 하는 편입니다.","wordCount":49}}},"rawDataInfo":{"question":{"fileFormat":"wav","fileSize":481358,"duration":15040,"samplingBit":16,"channelCount":1,"samplingRate":"16kHz","audioPath":"/Mock/02.SalesMarketing/Female/Experienced/ckmk_q_sm_f_e_240204.wav"},"answer":{"fileFormat":"wav","fileSize":3820878,"duration":119400,"samplingBit":16,"channelCount":1,"samplingRate":"16kHz","audioPath":"/Mock/02.SalesMarketing/Female/Experienced/ckmk_a_sm_f_e_240204.wav"}}}