{"version":"1.0","dataSet":{"info":{"date":"20230116","occupation":"SM","channel":"MOCK","place":"ONLINE","gender":"FEMALE","ageRange":"45-54","experience":"EXPERIENCED"},"question":{"raw":{"text":"요즘 가장 보편화된 에스엔에스를 통해서 혹시 마케팅 활동 경험이 있으신가요 있다면 그 에스엔에스 마케팅의 핵심은 무엇이라고 생각하시는지 한번 말씀해 주시겠습니까","wordCount":20},"emotion":[],"intent":[]},"answer":{"raw":{"text":"요즘에는 에스엔에스를 통한 마케팅 활동을 많이 하고 있는데요. 저 또한 마케팅 활동 경험이 있습니다. 에스엔에스 마케팅의 핵심은 트렌드와 짧은 시간에 보여줄 수 있는 임팩 임팩트에 있는 영상이라고 생각합니다. 사람들이 이 에스엔에스를 통해서 볼 때는 긴 시간 자세하게 들여다보지 않는 것 같아요. 그냥 순간에 보여지는 그 사진 속에 이미지 그리고 몇 줄의 헤쉬테그 이런 것들이 사람들의 눈에 잘 들어오게 해야 관심을 갖고 거기에서 머무는 시간도 생기면서 더 효과 있는 마케팅이 되는 것 같습니다. 그래서 여기에 핵심은 임백트있는 트렌드 입니다.","wordCount":78},"emotion":[],"intent":[{"text":"","expression":"","category":"attitude"}],"summary":{"text":"요즘 소셜미디어를 통한 마케팅 활동의 핵심은 트렌드와 짧은 시간에 보여줄 수 있는 임팩 임팩트에 있는 영상입니다. 짧은 시간에 사람들의 눈에 잘 들어오게 해야 관심을 갖고 머무는 시간이 생기며 더 효과적인 마케팅이 됩니다.","wordCount":32}}},"rawDataInfo":{"question":{"fileFormat":"wav","fileSize":643918,"duration":20120,"samplingBit":16,"channelCount":1,"samplingRate":"16kHz","audioPath":"/Mock/02.SalesMarketing/Female/Experienced/ckmk_q_sm_f_e_173899.wav"},"answer":{"fileFormat":"wav","fileSize":1510798,"duration":47210,"samplingBit":16,"channelCount":1,"samplingRate":"16kHz","audioPath":"/Mock/02.SalesMarketing/Female/Experienced/ckmk_a_sm_f_e_173899.wav"}}}