{"version":"1.0","dataSet":{"info":{"date":"20230116","occupation":"SM","channel":"MOCK","place":"ONLINE","gender":"FEMALE","ageRange":"55-","experience":"EXPERIENCED"},"question":{"raw":{"text":"우리 역사 속에서 지원자님이 가장 존경하는 인물에 대해 말씀해 주시고 존경하고 있는 이유에 대해서도 자유롭게 답변해 주세요","wordCount":17},"emotion":[],"intent":[]},"answer":{"raw":{"text":"제가 가장 존경하는 인물은 이순신입니다. 그 이유는 그가 가지고 있는 리더십 때문인데요. 최근에도 이순신에 관련된 그런 영화가 나왔고 굉장히 감명 깊게 보았습니다. 그 이유는 굉장히 수적인 열세 속에서도 그런 극한 환경을 극복하고 팔로워들을 직접 주도하는 그런 카리스마 있는 리더의 모습을 보면서 내가 꼭 닮고 싶은 리더 라는 생각을 하게 되었습니다. 그래서 비록 이 순신이 마지막 전투에서는 패배하 패배하고 또 죽기도 했었지만 저는 그가 가지고 있는 리더십을 굉장히 존경하고 있습니다.","wordCount":69},"emotion":[{"text":"제가 가장 존경하는 인물은 이순신입니다.","expression":"p-affection","category":"positive"},{"text":"최근에도 이순신에 관련된 그런 영화가 나왔고 굉장히 감명 깊게 보았습니다.","expression":"p-affection","category":"positive"},{"text":"그래서 비록 이 순신이 마지막 전투에서는 패배하 패배하고 또 죽기도 했었지만 저는 그가 가지고 있는 리더십을 굉장히 존경하고 있습니다.","expression":"p-affection","category":"positive"}],"intent":[{"text":"","expression":"","category":"attitude"}],"summary":{"text":"제가 가장 존경하는 인물은 이순신입니다. 수적인 열세 속에서도 극한 환경을 극복하고 팔로들을 직접 주도하는 카리스마 있는 리더십을 보면서 꼭 닮고 싶은 리더 라는 생각을 하게 되었습니다.","wordCount":26}}},"rawDataInfo":{"question":{"fileFormat":"wav","fileSize":556878,"duration":17400,"samplingBit":16,"channelCount":1,"samplingRate":"16kHz","audioPath":"/Mock/02.SalesMarketing/Female/Experienced/ckmk_q_sm_f_e_243697.wav"},"answer":{"fileFormat":"wav","fileSize":2557198,"duration":79910,"samplingBit":16,"channelCount":1,"samplingRate":"16kHz","audioPath":"/Mock/02.SalesMarketing/Female/Experienced/ckmk_a_sm_f_e_243697.wav"}}}