{"version":"1.0","dataSet":{"info":{"date":"20230116","occupation":"SM","channel":"MOCK","place":"ONLINE","gender":"FEMALE","ageRange":"35-44","experience":"EXPERIENCED"},"question":{"raw":{"text":"만약 일을 하다 보면 상사와 트러블이 생길 수도 있습니다 상사와 트러블이 생겼을 경우 어떻게 하실 생각인가요 그리고 또 상사가 지원자님을 혼내게 된다면 기분이 나쁘거나 하지는 않을까요","wordCount":26},"emotion":[],"intent":[]},"answer":{"raw":{"text":"전혀 기분이 나쁘지 않고요 저는 그냥 그 상사에 미간을 보려고 노력합니다. 나를 혼내는 저 상사의 미간을 바라보면서 아 이 사람도 집에 가면은 음 야식이 먹고 싶을 테고 씻기가 귀찮을 거고 아침에 출근하기 싫은 거겠지. 뭐 나랑 다를 거 없는 사람이다 라는 마음가짐을 되게 스스로 잘 되뇌이고요. 그냥 좀 그 상황을 항상 재미있게 넘어가려고 하는 것 같아요. 그래서 쫌 상사들이 봤을 때는 뭐 대가리 꽃밭이다 라는 말을 많이 하시는데 저는 그런 점이 제가 사회생활에서 오래 버틸 수 있는 노하우였다고 생각하거든요. 사실 모르는 게 아닌데 모르는 척을 해주는 거죠. 그냥 받아주고 그 상황을 재치있게 넘기려고 많이 노력합니다. 그러다보면 그 상사도 어 웃는 얼굴에 침 못 뱉는 것처럼 그렇게 오래 가지 않더라고요 그 화가. 그래서 저는 그런 식으로 트러블을 좀 많이 헤쳐 나왔고 반대로 제 아래 직원들한테 어 화를 낸다는 감정은 절대로 하지 않는 편이에요.","wordCount":132},"emotion":[],"intent":[{"text":"","expression":"","category":"attitude"}],"summary":{"text":"저는 상사에게 미간을 보이며 잘 넘어가려고 노력해요. 그러다보면 그 상사도 오래 가지 않아요. 그래서 저는 그런 식으로 트러블을 많이 헤쳐 나왔고 반대로 제 아래 직원들한테 화를 낸다는 감정은 절대로 하지 않는 편입니다.","wordCount":32}}},"rawDataInfo":{"question":{"fileFormat":"wav","fileSize":528078,"duration":16500,"samplingBit":16,"channelCount":1,"samplingRate":"16kHz","audioPath":"/Mock/02.SalesMarketing/Female/Experienced/ckmk_q_sm_f_e_156958.wav"},"answer":{"fileFormat":"wav","fileSize":2762958,"duration":86340,"samplingBit":16,"channelCount":1,"samplingRate":"16kHz","audioPath":"/Mock/02.SalesMarketing/Female/Experienced/ckmk_a_sm_f_e_156958.wav"}}}