{"version":"1.0","dataSet":{"info":{"date":"20230116","occupation":"SM","channel":"MOCK","place":"ONLINE","gender":"FEMALE","ageRange":"35-44","experience":"EXPERIENCED"},"question":{"raw":{"text":"만약 입사를 한 후에 회사에서 지원자님에게 해외에 파견 근무를 요청한다면 어떤 나라에서 일을 하고 싶으신가요 왜 그 나라에서 일을 하고 싶으신지 이유도 말씀해 주세요","wordCount":24},"emotion":[],"intent":[]},"answer":{"raw":{"text":"만약 파견 근무를 나간다면 이탈리아에서 한 번 근무를 해보고 싶습니다. 이탈리아는 우리나라와 음식도 비슷하고 어 취향도 비슷하고 그리고 성격도 비슷하고 그러한 나라라면 그리고 문화적으로 굉장히 어 전통이 있고 오래된 나라이기 때문에 그런 곳에 있다면 뭔가 배울 만한 것이 있지 않을까 그리고 우리나라에서 적용할 수 있는 부분이 있지 않을까 그리고 만약에 우리 나라에서 배운 것이 있다면 그 나라에 적용할 수 있는 부분이 얼마든지 많다 훨씬 더 기회가 많을 것이다 라는 생각이 있어서 이탈리아에서 근무를 한 번 해보고 싶습니다.","wordCount":77},"emotion":[],"intent":[{"text":"","expression":"","category":"attitude"}],"summary":{"text":"우리나라와 음식, 취향, 성격, 문화적으로 전통이 있는 이탈리아에서 근무를 해보고 싶습니다. 우리나라에 적용할 수 있는 부분이 있을 것이고 훨씬 더 기회가 많을 것이다 라는 생각이 들어서 이탈리에서 근무를 한 번 해보고 싶습니습니다.","wordCount":32}}},"rawDataInfo":{"question":{"fileFormat":"wav","fileSize":586318,"duration":18320,"samplingBit":16,"channelCount":1,"samplingRate":"16kHz","audioPath":"/Mock/02.SalesMarketing/Female/Experienced/ckmk_q_sm_f_e_227235.wav"},"answer":{"fileFormat":"wav","fileSize":1422798,"duration":44460,"samplingBit":16,"channelCount":1,"samplingRate":"16kHz","audioPath":"/Mock/02.SalesMarketing/Female/Experienced/ckmk_a_sm_f_e_227235.wav"}}}