{"version":"1.0","dataSet":{"info":{"date":"20230116","occupation":"SM","channel":"MOCK","place":"ONLINE","gender":"FEMALE","ageRange":"45-54","experience":"EXPERIENCED"},"question":{"raw":{"text":"지원자님은 평소 의견을 주장하실 때 강하게 주장하는 편인가요 어떤 스타일로 자신의 의견을 주장하시는지 그것에 대해 말씀해 주세요","wordCount":17},"emotion":[],"intent":[]},"answer":{"raw":{"text":"저는 업무를 할 때 좀 주관이 또렷한 편입니다. 왜냐하면 영업은 본인의 영업 스킬과 가치가 중요하기 때문에 쪼금 강력하게 주장할 필요도 있다고 생각을 하는데요. 물론 고객님들을 만날 때는 보다 유화적이고 부드러운 표현을 사용하긴 합니다. 하지만 기본적으로 저희의 업무가 어 본인의 소신이 강해야 된다고 생각을 합니다. 그래야만 영업에 가능하다고 생각을 하는데요. 그래서 쪼꼼 강력하게 좀 주장을 하고 팀의 리더가 됐을 때는 그것들을 이제 팀원들에게 알릴 때는 쪼금 더 명확하게 전달을 하는 편입니다. 하지만 그렇다고 해서 제 주장을 강하게 밀어붙이거나 일방적으로 주장하는 성격은 아닙니다. 다만 제가 의견을 주관을 또렷하게 이야기를 하고 그리고 상대방의 피드백도 충분히 수렴을 하게 됩니다. 그리고 상호작용 속에서 그게 방향이 틀렸다고 하면 또 과감하게 수정할 수 있는 그런 영향도 갖추고 있는데요. 어쨌든 제 의견을 어 쪼금 더 강력하게 어필을 하고 어 그래야 성과를 낼 수 있기 때문에 팀의 리더로써는 좀 소신 있게 이야기를 하는 편인 것 같습니다. 하지만 그 와중에도 유연한 방식을 통해서 소통하기 때문에 그 방식은 저는 선호를 하고 어 제가 주장하는 편인 것 같습니다.","wordCount":156},"emotion":[],"intent":[{"text":"그래서   쪼꼼 강력하게 좀 주장을 하고 팀의 리더가 됐을 때는 그것들을 이제   팀원들에게 알릴 때는 쪼금 더 명확하게 전달을 하는 편입니다.","expression":"s_pers","category":"attitude"},{"text":"하지만 그렇다고 해서   제 주장을 강하게 밀어붙이거나 일방적으로 주장하는 성격은 아닙니다.","expression":"c_person","category":"background"}],"summary":{"text":"영업은 본인의 영업 스킬과 가치가 중요하기 때문에 저는 업무를 할 때 좀 주관이 또렷한 편인데, 기본적으로 저희의 업무가 본인의 소신이 강해야 된다고 생각합니다. 그래서 좀 강력하게 주장을 하고 팀의 리더가 됐을 때는 그것들을 팀원들에게 알릴 때는 더욱더 명확하게 전달을 하는 편이지만, 그렇다고 해서 제 주장을 강하게 밀어붙이는 성격은 아닙니다. 저는 의견을 좀 더 강력하게 어필하고 좀 소신 있게 이야기를 하는 편인 것 같습니다.","wordCount":63}}},"rawDataInfo":{"question":{"fileFormat":"wav","fileSize":528078,"duration":16500,"samplingBit":16,"channelCount":1,"samplingRate":"16kHz","audioPath":"/Mock/02.SalesMarketing/Female/Experienced/ckmk_q_sm_f_e_115118.wav"},"answer":{"fileFormat":"wav","fileSize":2838478,"duration":88700,"samplingBit":16,"channelCount":1,"samplingRate":"16kHz","audioPath":"/Mock/02.SalesMarketing/Female/Experienced/ckmk_a_sm_f_e_115118.wav"}}}