{"version":"1.0","dataSet":{"info":{"date":"20230116","occupation":"SM","channel":"MOCK","place":"ONLINE","gender":"FEMALE","ageRange":"35-44","experience":"EXPERIENCED"},"question":{"raw":{"text":"혼매 판매와 전매 판매 두 가지 중 어떤 것에 중점을 두고 싶은지와 그 이유를 함께 말씀해 주세요","wordCount":17},"emotion":[],"intent":[]},"answer":{"raw":{"text":"요즘 소비자들은 제품을 구매할 때 다양한 브랜드를 비교 분석하여 구매하는 경향이 있습니다. 가푼 같은 제품이라도 브랜드 가격 디자인 등으로 선택하는 결과가 확연하게 차이가 나는데요. 그렇다 보니 다양한 브랜드가 모여 한꺼번에 비교 분석할 수 있는 혼매 매장에서 구입하는 경우가 많아 이제는 혼매 판매에 좀 더 역량을 키워야 된다고 생각을 합니다. 저 같은 경우도 혼매 매장에서 마음에 드는 제품에 있을 경우 견적을 받아 보고 그 이후 그 브랜드에서 전매 매장을 찾아가 여러 가지 할인 조건을 따져가며 최종 선택을 하게 됩니다. 즉 우리 회사는 제품의 수선과 고객의 눈을 이끌 수 있는 마케팅이 특화되어 있기 때문에 혼매 매장에서도 충분히 고객의 눈길을 사로 잡을 수 있다면 있다고 생각합니다. 그렇기 때문에 혼매 매장의 역량을 강화하여 브랜드의 충성도를 높인 후 전매 매장으로의 방문을 유도할 수 있을 것이라고 생각을 합니다.","wordCount":122},"emotion":[],"intent":[{"text":"","expression":"","category":"attitude"}],"summary":{"text":"요즘 소비자들은 다양한 브랜드를 비교 분석하여 구매하기 때문에 이제는 혼매 판매에 역량을 키워야 한다고 생각합니다. 우리 회사는 제품의 수선과 고객의 눈길을 이끌 수 있는 마케팅이 특화되어 있기 때문에 혼매 매장의 역량을 강화하여 브랜드의 충성도를 높인 후 전매 매장으로의 방문을 유도할 수 있을 것이라고 생각합니다.","wordCount":44}}},"rawDataInfo":{"question":{"fileFormat":"wav","fileSize":375438,"duration":11730,"samplingBit":16,"channelCount":1,"samplingRate":"16kHz","audioPath":"/Mock/02.SalesMarketing/Female/Experienced/ckmk_q_sm_f_e_227922.wav"},"answer":{"fileFormat":"wav","fileSize":1941518,"duration":60670,"samplingBit":16,"channelCount":1,"samplingRate":"16kHz","audioPath":"/Mock/02.SalesMarketing/Female/Experienced/ckmk_a_sm_f_e_227922.wav"}}}