{"version":"1.0","dataSet":{"info":{"date":"20230116","occupation":"SM","channel":"MOCK","place":"ONLINE","gender":"FEMALE","ageRange":"35-44","experience":"EXPERIENCED"},"question":{"raw":{"text":"배달의민족을 사용하시면서 서비스에서 아쉬움을 느꼈던 부분이 있으신가요 있었다면 어느 부분이 아쉬웠는지 자세히 말씀해 주실 수 있을까요","wordCount":16},"emotion":[],"intent":[]},"answer":{"raw":{"text":"그 배달이라는 게 어릴 때의 어떤 추억에서 생각해 보자면 중국집 배달이 일반적이었잖아요. 그리고 배달은 항상 빠른 거를 되게 원칙으로 했었던 것 같은데 사실 우리나라 사람들이 평균적으로 굉장히 급한 사람들이고 속도도 되게 빠르고 이런덴데 그래서 배달의 민족이 어플이 나왔을 때는 아 더 바빠지겠다 라고 생각을 했었거든요. 근데 막상 그 어플이 생기고 모든 어떤 요식 업계들이 다 배달을 시작을 했는데 배달료를 주고 최소 주문 금액도 있어요. 근데 배달이 한 시간이 걸려 저는 그 부분이 이해가 잘 안되고 많이 아쉬운 부분이에요. 그까 사실은 자본적으로 편리함을 사는 거잖아요. 집에서 음식을 빨리 받고 싶고 음 집에서 음식을 먹기 위해서 그거를 배달을 시키는 건데 아니 뭐 수수료도 내고 최소 주문 금액도 있어서 맨날 뭐 떡볶이를 막 이만 원 주고 먹고 이러는데 그것 마저도 한 오십 분 육십 분을 기다려야 되는 게 저는 그거는 좀 모순이지 않나 라는 생각을 합니다.","wordCount":133},"emotion":[],"intent":[{"text":"","expression":"","category":"attitude"}],"summary":{"text":"배달의민족이 어플이 나왔을 때는 더 빨라질 것 같았는데, 막상 그 어플이 생기고 모든 요식업계들이 다 배달을 시작했습니다. 근데 배달이 한 시간이 걸려 이해가 잘 안되고 많이 아쉬운 부분입니다. 자본적으로 편리함을 사는데 그마저도 한 시간을 기다려야 된다는 것은 모순인 것입니다.","wordCount":39}}},"rawDataInfo":{"question":{"fileFormat":"wav","fileSize":608718,"duration":19020,"samplingBit":16,"channelCount":1,"samplingRate":"16kHz","audioPath":"/Mock/02.SalesMarketing/Female/Experienced/ckmk_q_sm_f_e_195526.wav"},"answer":{"fileFormat":"wav","fileSize":2654158,"duration":82940,"samplingBit":16,"channelCount":1,"samplingRate":"16kHz","audioPath":"/Mock/02.SalesMarketing/Female/Experienced/ckmk_a_sm_f_e_195526.wav"}}}