{"version":"1.0","dataSet":{"info":{"date":"20230116","occupation":"SM","channel":"MOCK","place":"ONLINE","gender":"FEMALE","ageRange":"35-44","experience":"EXPERIENCED"},"question":{"raw":{"text":"현재 팔로우 하고 있는 유튜브 계정이나 인스타그램 계정이 있으신가요","wordCount":9},"emotion":[],"intent":[]},"answer":{"raw":{"text":"저는 최근에 트렌드를 파악하기 위해서 인스타그램 유튜브 등을 많이 하고 있는데요. 제가 최근에 보고 있는 사람들은 말을 좀 잘 하는 사람들의 그런 계정들을 팔로우하고 있습니다. 어 예를 들어서 소비자들에게 어떤 영향력을 주는 말들을 잘 하시는 분들을 보고 영감을 받기도 하고요. 아니면 소비자의 트렌드와 마음을 잘 파악을 해서 홍보 활동을 벌이는 그런 기업이나 개인들의 인스타그램을 팔로우하기도 합니다. 어 그러한 계정들을 보면서 사람들이 과연 어떤 거를 좋아하는지 요즘에는 어떤 취향이고 트렌드가 있는지를 잘 보게 되는 것 같은데요. 아무래도 그런 트렌드를 파악하고 또 벤치마킹을 하면서 제 스스로 발전할 수 있는 그런 부분도 굉장히 중요하다고 생각을 합니다. 그렇기 때문에 저는 그런 계정 등을 통해서 저도 배우고 또 앞으로 저의 전략도 짜보기도 하는데요. 또 그 뿐만이 아니라 요즘에 기업들에서도 그 홍보 활동 같지 않게 또 영업을 좀 조금 더 신선한 방식으로 하는 경우도 많이 봤습니다. 그런 점을 봤을 때 저도 배울 점이 많다고 생각을 해서 최근에는 인터넷 그리고 온라인을 통한 홍보 활동에 관심을 기울이고 있는 상황입니다.","wordCount":151},"emotion":[],"intent":[{"text":"저는 최근에 트렌드를 파악하기 위해서 인스타그램 유튜브 등을 많이 하고 있는데요.","expression":"s_brand_strt","category":"technology"},{"text":"아니면 소비자의 트렌드와 마음을 잘 파악을 해서 홍보 활동을 벌이는 그런 기업이나   개인들의 인스타그램을 팔로우하기도 합니다.","expression":"s_brand_strt","category":"technology"},{"text":"그런 점을 봤을 때 저도 배울 점이 많다고 생각을 해서 최근에는 인터넷 그리고 온라인을    통한 홍보 활동에 관심을 기울이고 있는 상황입니다.","expression":"s_brand_strt","category":"technology"}],"summary":{"text":"요즘 트렌드를 파악하기 위해서 말을 잘 하는 사람들의 유튜브, 기업이나 개인들의 인스타그램 등을 많이 보고 있습니다. 이런 계정들을 보면서 사람들의 취향과 트렌드를 파악하고 벤치마킹을 하면서 제 스스로 발전할 수 있는 부분도 중요하다고 생각합니다. 그래서 이런 계정 등을 통해서 전략을 짜기도 하며, 온라인을 통한 홍보 활동에도 관심을 기울이고 있는 상태입니다.","wordCount":49}}},"rawDataInfo":{"question":{"fileFormat":"wav","fileSize":283278,"duration":8850,"samplingBit":16,"channelCount":1,"samplingRate":"16kHz","audioPath":"/Mock/02.SalesMarketing/Female/Experienced/ckmk_q_sm_f_e_140810.wav"},"answer":{"fileFormat":"wav","fileSize":2750158,"duration":85940,"samplingBit":16,"channelCount":1,"samplingRate":"16kHz","audioPath":"/Mock/02.SalesMarketing/Female/Experienced/ckmk_a_sm_f_e_140810.wav"}}}