{"version":"1.0","dataSet":{"info":{"date":"20230116","occupation":"SM","channel":"MOCK","place":"ONLINE","gender":"FEMALE","ageRange":"35-44","experience":"EXPERIENCED"},"question":{"raw":{"text":"저희 업계의 일의 특성상 잔업이나 야근 외근 이런 게 많아 질 수도 있습니다 지원자님은 그래도 괜찮으신가요","wordCount":16},"emotion":[],"intent":[]},"answer":{"raw":{"text":"네 아무래도 영업 마케팅 팀 같은 경우에는 야근이나 아니면 외근을 하거나 어 주말에 나와서 일할 수 있는 그런 경우가 많은 것 같습니다. 특히 야근은 기본적으로 굉장히 많이 할 수 밖에 없는데요. 고객님들이 있는 곳에 찾아뵙다 보니까 아무래도 외근을 하게 되구요. 그리고 잔업이라든가 아니면 주말에 나와서 추가 근무를 한 적도 많습니다. 하지만 제가 그거를 추가 근무라고 생각하기보다는 제가 필요한 업무를 좀 지원한다는 측면에서 어 제가 추가로 뭐 근무하고 그걸 잔업을 한다 라는 생각은 없었습니다. 왜냐하면 고객님들이 보통 주말에 시간이 많이 비시는 경우가 많고 그리고 업무 외 시간에 시간적인 여유가 있기 때문에 저는 오히려 업무 시간에는 제가 할 수 있는 사무적인 업무를 하게 되구요. 그리고 번 외 시간에 활용해서 고객님들을 만나고 그렇고 그런 시간이 되는 것 같습니다. 그렇기 때문에 제가 영업에서 반드시 필요한 시간이고 그리고 어떻게 보면 고객님을 만나는 그 시간이 저에게 가장 중요하고 소중하기 때문에 오히려 더 그 시간들을 알차게 보내려고 노력을 하고 있는 것 같습니다. 어 저는 앞으로 이번 회사 입사를 해서도 어 야근이나 외근 그리고 주말에 근무를 한다고 하더라도 제 스스로 더 노력하고 발전하고 그 기회를 삼을 수 있도록 하겠습니다.","wordCount":171},"emotion":[],"intent":[{"text":"","expression":"","category":"attitude"}],"summary":{"text":"영업 마케팅 팀에서는 평일에 야근, 외근, 주말 근무가 많은 것 같습니다. 하지만 추가 근무는 생각하지 않았습니다. 고객님이 주말이 많이 비시는 경우가 많고 업무 외 시간에 시간적 여유가 있기 때문에 저는 사무적인 업무를 하고, 번 외 시간에 고객님들을 만나는 시간이 중요하기 때문에 더 알차게 시간을 보내려고 노력하고 있습니다.","wordCount":47}}},"rawDataInfo":{"question":{"fileFormat":"wav","fileSize":448718,"duration":14020,"samplingBit":16,"channelCount":1,"samplingRate":"16kHz","audioPath":"/Mock/02.SalesMarketing/Female/Experienced/ckmk_q_sm_f_e_134885.wav"},"answer":{"fileFormat":"wav","fileSize":2842318,"duration":88820,"samplingBit":16,"channelCount":1,"samplingRate":"16kHz","audioPath":"/Mock/02.SalesMarketing/Female/Experienced/ckmk_a_sm_f_e_134885.wav"}}}