{"version":"1.0","dataSet":{"info":{"date":"20230116","occupation":"SM","channel":"MOCK","place":"ONLINE","gender":"FEMALE","ageRange":"35-44","experience":"EXPERIENCED"},"question":{"raw":{"text":"개인적으로 공부를 어떻게 하시는지 말씀 부탁드리겠습니다 강의나 책을 활용한 공부를 말씀해 주셔도 좋습니다","wordCount":13},"emotion":[],"intent":[]},"answer":{"raw":{"text":"제가 요즘에 영업을 넘어서 포괄적으로 마케팅과 관련된 공부를 다양하게 하고 있습니다. 어 제가 이 마케팅 공부를 쪼끔 하는 이유는 정말 트렌드가 빨리빨리 변화하고 있고요. 그리고 사람들이 원하는 니즈와 가치관들이 변화하고 있고요. 특히 기업들이 이런 소비자의 니즈에 맞춰서 변화하려는 행태를 보이고 있기 때문에 요즘 어떤 식으로 트렌드가 바뀌고 있는지를 파악하는 것도 저희의 중요한 업무라고 생각을 합니다. 그렇기 때문에 제가 그것들을 이해하고 판단하기 위해서 여러 가지 지금 노력을 하고 있는 상황이구요. 그리고 공부의 방식은 기본적으로 뭐 강의나 책도 있겠지만 그런 지식적인 공부보다는 필드에 나가서 기업들이 실제로 오프라인에서 어떻게 영업을 하고 있는지를 살펴보게 되고요. 그리고 나아가서 아 온라인 중심으로도 요즘에 굉장히 많이 마케팅이 발달을 하고 있기 때문에 온라인에서는 어떠한 마케팅들이 있고 또 그런 마케팅들이 사람들에게 어 얼마나 영향을 미치고 또 실적 향상에는 얼마나 도움이 될까 이런 것들을 종합적으로 공부하고 있는 상황입니다.","wordCount":128},"emotion":[],"intent":[{"text":"제가 요즘에 영업을 넘어서 포괄적으로 마케팅과 관련된 공부를   다양하게 하고 있습니다.","expression":"c_imp","category":"personality"}],"summary":{"text":"요즘 트렌드는 빨리 바뀌고 있고 사람들이 원하는 니즈와 가치관들이 변화하고 있기 때문에 트렌드를 파악하는 것도 중요한 업무라고 생각합니다. 공부의 방식은 지식적인 공부보다는 기업들이 실제로 오프라인에서 어떻게 영업을 하고 있는지를 살펴보게 됩니다. 그리고 온라인 마케팅들이 사람들에게 미치는 영향과 실적 향상에 도움이 될까 종합적으로 공부하고 있습니다.","wordCount":44}}},"rawDataInfo":{"question":{"fileFormat":"wav","fileSize":316238,"duration":9880,"samplingBit":16,"channelCount":1,"samplingRate":"16kHz","audioPath":"/Mock/02.SalesMarketing/Female/Experienced/ckmk_q_sm_f_e_161579.wav"},"answer":{"fileFormat":"wav","fileSize":2693838,"duration":84180,"samplingBit":16,"channelCount":1,"samplingRate":"16kHz","audioPath":"/Mock/02.SalesMarketing/Female/Experienced/ckmk_a_sm_f_e_161579.wav"}}}