{"version":"1.0","dataSet":{"info":{"date":"20230116","occupation":"SM","channel":"MOCK","place":"ONLINE","gender":"FEMALE","ageRange":"45-54","experience":"EXPERIENCED"},"question":{"raw":{"text":"해외에 파견 근무를 나가게 될 기회가 생긴다면 어느 나라에서 일을 하고 싶으신가요 이유도 함께 말씀해 주세요","wordCount":16},"emotion":[],"intent":[]},"answer":{"raw":{"text":"아 해외 파견 근무 나가는 것을 생각만 해도 굉장히 기쁘고 행복한 일인데요. 어 물론 일을 하러 나가는 것이긴 하지만 뭔가 새로운 지역에서 새로운 그 마음으로 일을 하면 어 좀 더 재미있고 흥미롭지 않을까 싶습니다. 그런데 그 나라도 제가 정할 수 있다면 좀 더 예 가슴이 뛰는 일일 것 같고요. 어 저는 그렇다면 스페인에 파견 근무를 나가고 싶습니다. 어 그 전부터 어 어 축구도 잘 하고 또 그 건물들이나 아 나라 사람들도 굉장히 좀 정렬적이고 재미있고 그렇기 때문에 이제 여행도 가보고 싶은 나라였는데 여행을 아직 못 가보기도 했구요. 그런데 제가 넷플릭스 그 오징어 게임 전에 나왔던 종이의 집 그것을 보면서 너무 재미있게 보고 그 배경이 스페인이었습니다. 그러면서 좀 더 스페인에 대한 어 가고 싶다는 그런 열망이 있었기 때문에 네 스페인 가서 일을 해보고 싶습니다.","wordCount":123},"emotion":[{"text":"아 해외 파견 근무 나가는 것을 생각만 해도 굉장히 기쁘고 행복한 일인데요.","expression":"p-happiness","category":"positive"},{"text":"어 물론 일을 하러 나가는 것이긴 하지만 뭔가 새로운 지역에서 새로운 그 마음으로 일을 하면 어 좀 더 재미있고 흥미롭지 않을까 싶습니다.","expression":"p-interest","category":"positive"},{"text":"어 그 전부터 어 어 축구도 잘 하고 또 그 건물들이나 아 나라 사람들도 굉장히 좀 정렬적이고 재미있고 그렇기 때문에 이제 여행도 가보고 싶은 나라였는데 여행을 아직 못 가보기도 했구요.","expression":"p-interest","category":"positive"},{"text":"그런데 제가 넷플릭스 그 오징어 게임 전에 나왔던 종이의 집 그것을 보면서 너무 재미있게 보고 그 배경이 스페인이었습니다.","expression":"p-interest","category":"positive"},{"text":"그러면서 좀 더 스페인에 대한 어 가고 싶다는 그런 열망이 있었기 때문에 네 스페인 가서 일을 해보고 싶습니다.","expression":"p-interest","category":"positive"}],"intent":[{"text":"","expression":"","category":"attitude"}],"summary":{"text":"해외 파견 근무를 나가는 것을 생각하면 굉장히 기쁘고 행복한 일인데, 새로운 지역에서 새로운 마음으로 일을 하면 좀 더 재미있고 흥미로울 것 같습니다. 그래서 스페인에 파견 근무를 나가고 싶습니다.","wordCount":28}}},"rawDataInfo":{"question":{"fileFormat":"wav","fileSize":339278,"duration":10600,"samplingBit":16,"channelCount":1,"samplingRate":"16kHz","audioPath":"/Mock/02.SalesMarketing/Female/Experienced/ckmk_q_sm_f_e_239887.wav"},"answer":{"fileFormat":"wav","fileSize":2927438,"duration":91480,"samplingBit":16,"channelCount":1,"samplingRate":"16kHz","audioPath":"/Mock/02.SalesMarketing/Female/Experienced/ckmk_a_sm_f_e_239887.wav"}}}