{"version":"1.0","dataSet":{"info":{"date":"20230116","occupation":"SM","channel":"MOCK","place":"ONLINE","gender":"FEMALE","ageRange":"35-44","experience":"EXPERIENCED"},"question":{"raw":{"text":"본인이 직접 해외 출장 장소를 선택할 수 있다면 꼭 한 번 가서 일해 보고 싶은 나라가 어디입니까","wordCount":17},"emotion":[],"intent":[]},"answer":{"raw":{"text":"저는 인도요 인도. 왜냐하면 인도는 혼자 갈 자신이 없어요. 아예 혼자 가면 정말 어 평생 못 갈 것 같아서 그리고 또 가족끼리만 가거나 친구들끼리만 가거나 이렇게 어떤 사적으로 가는 여행지로는 위험한 나라일 것 같아서 인도가 꼭 공적인 어떤 일로써 가야지 조금 그나마 안전할 것 같은 느낌 그래서 출장을 가게 된다면 인도에 그 기회로 인도에 가서 조금 네 그 인도 문화를 좀 접하고 싶은 마음 궁금하기는 하거든요 인도에 나라가 워낙 넓고 그리고 워낙 넓은 만큼 정말 다양한 문화와 뭐 먹거리부터 시작해서 정말 다양한 이미지들이 있기 때문에 그거를 가서 실제로 보고는 싶은데 아 이게 선뜻 네 사적으로 좀 가기에는 확 내키지가 않는 부분이 조금 있어서 인도에 일로써 가서 접하고 싶습니다.","wordCount":108},"emotion":[],"intent":[{"text":"","expression":"","category":"attitude"}],"summary":{"text":"인도는 사적으로 가는 여행지로는 위험한 나라이기 때문에 꼭 공적인 어떤 일로써 가야 그나마 안전할 것 같습니다. 그래서 출장을 가게 된다면 인도에 가서 다양한 인도 문화를 접하고 싶은 마음이 있으나 선뜻 사적으로 가기에는 확 내키지가 않는 부분이 있습니다.","wordCount":37}}},"rawDataInfo":{"question":{"fileFormat":"wav","fileSize":318798,"duration":9960,"samplingBit":16,"channelCount":1,"samplingRate":"16kHz","audioPath":"/Mock/02.SalesMarketing/Female/Experienced/ckmk_q_sm_f_e_141979.wav"},"answer":{"fileFormat":"wav","fileSize":2862798,"duration":89460,"samplingBit":16,"channelCount":1,"samplingRate":"16kHz","audioPath":"/Mock/02.SalesMarketing/Female/Experienced/ckmk_a_sm_f_e_141979.wav"}}}