{"version":"1.0","dataSet":{"info":{"date":"20230116","occupation":"SM","channel":"MOCK","place":"ONLINE","gender":"FEMALE","ageRange":"-34","experience":"EXPERIENCED"},"question":{"raw":{"text":"이제까지 협업을 하면서 가장 어려웠던 점과 그리고 그 어려웠던 점을 어떻게 극복했는지 함께 말씀해 주세요","wordCount":15},"emotion":[],"intent":[]},"answer":{"raw":{"text":"제가 지금까지 협업을 해 오면서 가장 어려웠던 경험 중의 하나는 자신만의 의견을 고집하고 고수하는 팀원이 있을 때입니다. 다양한 사람들이 모여 있기 때문에 자신의 뜻대로만은 할 수 없다고 생각합니다. 물론 그 팀원의 의견이 맞고 합리적일 수도 있지만 논리적인 설명이나 합당할 만한 근거 없이 주당하기만 하는 것은 오히려 팀 분위기를 망칠 수 있다고 생각합니다. 그래서 저는 이를 해결하고자 해당 팀원에게 자신의 주장이 맞다고 생각하는 이유에 대해 구체적으로 질문하였고 그에 맞는 답변을 요구했습니다. 또한 그에 대한 팀원 각각의 생각들도 표현할 수 있는 시간을 가졌습니다. 반대하는 팀원들도 있었고 찬성하는 팀원들도 있었습니다. 하지만 해당 팀원이 다른 팀원들이 자신의 의견에 대해 생각하는 의견을 직접 듣다 보니 자신의 주장이 합리적이지 않을 때는 굽힐 수 있게 되었습니다.","wordCount":109},"emotion":[],"intent":[{"text":"","expression":"","category":"attitude"}],"summary":{"text":"협업을 하면서 가장 어려웠던 경험 중의 하나는 자신만의 의견을 고집하고 고수하는 팀원이 있을 때입니다. 논리적인 설명이나 합당할 만한 근거 없이 주당만 하는 것은 팀 분위기를 망칠 수 있으므로 저는 해당 팀원에게 자신의 주장이 맞다고 생각하는 이유에 대해 구체적으로 질문하였고 그에 맞는 답변을 요구하였습니다.","wordCount":43}}},"rawDataInfo":{"question":{"fileFormat":"wav","fileSize":304718,"duration":9520,"samplingBit":16,"channelCount":1,"samplingRate":"16kHz","audioPath":"/Mock/02.SalesMarketing/Female/Experienced/ckmk_q_sm_f_e_209495.wav"},"answer":{"fileFormat":"wav","fileSize":2666318,"duration":83320,"samplingBit":16,"channelCount":1,"samplingRate":"16kHz","audioPath":"/Mock/02.SalesMarketing/Female/Experienced/ckmk_a_sm_f_e_209495.wav"}}}