{"version":"1.0","dataSet":{"info":{"date":"20230116","occupation":"SM","channel":"MOCK","place":"ONLINE","gender":"FEMALE","ageRange":"35-44","experience":"EXPERIENCED"},"question":{"raw":{"text":"영업에 관점에서 봤을 때 커스터머 서비스 씨에스에 대해 설명해 주시고 어떤 씨에스가 좋은 씨에스일지 생각도 함께 말씀해 주세요","wordCount":18},"emotion":[],"intent":[]},"answer":{"raw":{"text":"말 그대로 코스터머 서비스 고객의 소비자에 입장에서 우리가 서비스를 제공하는 것이 씨에스 라고 하는데요. 어떤 씨에스가 좋으냐 당연히 소비자가 만족하는 씨에스가 가장 좋은 서비스가 아닐까요. 저희는 소비자의 만족에 따라서 예 그 영업의 성과와 승패가 달려있다 라고 생각합니다. 고객의 마음을 열고 고객에 감동을 주고 고객에게 정말로 친절하고 편안하게 다가갈 수 있는 서비스 이것이 정말 진짜 좋은 씨에스 라고 생각합니다.","wordCount":58},"emotion":[],"intent":[{"text":"","expression":"","category":"attitude"}],"summary":{"text":"코스터머 서비스 고객의 소비자 입장에서 우리가 서비스를 제공하는 것이 씨스 라고 하는데, 어떤 씨가스가 좋으냐 하면 소비자의 만족에 따라 영업의 성과와 승패가 달려있다고 생각합니다.","wordCount":24}}},"rawDataInfo":{"question":{"fileFormat":"wav","fileSize":485838,"duration":15180,"samplingBit":16,"channelCount":1,"samplingRate":"16kHz","audioPath":"/Mock/02.SalesMarketing/Female/Experienced/ckmk_q_sm_f_e_228354.wav"},"answer":{"fileFormat":"wav","fileSize":1160398,"duration":36260,"samplingBit":16,"channelCount":1,"samplingRate":"16kHz","audioPath":"/Mock/02.SalesMarketing/Female/Experienced/ckmk_a_sm_f_e_228354.wav"}}}