{"version":"1.0","dataSet":{"info":{"date":"20230116","occupation":"SM","channel":"MOCK","place":"ONLINE","gender":"FEMALE","ageRange":"35-44","experience":"EXPERIENCED"},"question":{"raw":{"text":"지원자님께서는 만약에 지원자님의 직무와 맞지 않는 일을 하게 되신다면 어떻게 하시겠습니까 그런 상황이 발생하더라도 괜찮으실까요","wordCount":15},"emotion":[],"intent":[]},"answer":{"raw":{"text":"그럴 수도 있죠. 아 조금 혼란이긴 한데 어떻게 보면 또 그게 제가 음 조금 더 제 능력을 넓힐 수 있는 기회가 될 수도 있을 것 같다는 생각이 드네요. 사실 괜찮지 않아도 제가 지금 괜찮지 않다고 할 수가 없는 입장일 것 같아요. 네 음 그까 잘 알려주실 수만 있다면 그러면 괜찮아요 저는. 네 왜냐하면 저도 이미 제 상태가 제 상황이 자영업을 했던 어 업종에서 또 이제 바뀌는 거기 때문에 그러니까 그 일 자체는 조금 비슷할 수 있더라도 애초에 근무 이제 상황 자체가 달라지는 거기 때문에 사실상 대부분의 것들이 많은 것들이 변하는 거예요. 그래서 이미 변화의 시기를 겪고 있는 저이기 때문에 네 조금의 변화가 더 있다고 제가 뭐 부러질 것도 아니고 시간만 조금 주신다면 열심히 배우면서 해보겠습니다.","wordCount":115},"emotion":[],"intent":[{"text":"","expression":"","category":"attitude"}],"summary":{"text":"자영업을 했던 업종이 또 바뀌기 때문에 근무 상황이 달라지는 거고 거의 모든 것들이 변하는 거라서 저는 조금의 변화가 있다고 해도 제가 조금 더 제 능력을 넓힐 수 있는 기회가 될 수도 있을 것 같습니다.","wordCount":34}}},"rawDataInfo":{"question":{"fileFormat":"wav","fileSize":612558,"duration":19140,"samplingBit":16,"channelCount":1,"samplingRate":"16kHz","audioPath":"/Mock/02.SalesMarketing/Female/Experienced/ckmk_q_sm_f_e_178326.wav"},"answer":{"fileFormat":"wav","fileSize":2924238,"duration":91380,"samplingBit":16,"channelCount":1,"samplingRate":"16kHz","audioPath":"/Mock/02.SalesMarketing/Female/Experienced/ckmk_a_sm_f_e_178326.wav"}}}