{"version":"1.0","dataSet":{"info":{"date":"20230116","occupation":"SM","channel":"MOCK","place":"ONLINE","gender":"FEMALE","ageRange":"35-44","experience":"EXPERIENCED"},"question":{"raw":{"text":"지원자님에 대해서 지원자님 주변 사람들이 지원자님의 장점과 단점에 대해서 어떻게 이야기하는지 생각하시는 대로 모두 말씀해 주시기 바랍니다","wordCount":17},"emotion":[],"intent":[]},"answer":{"raw":{"text":"일단 장점은 친화력이 좋다는 말에 많이 듣구요. 단점은 생각이 짧다 그런 말을 좀 많이 듣는데 제가 좀 깊게 생각하지 않으려고 하고 고민을 좀 오래 하지 않는 편이라서 사실 이 친구들이 고민 상담을 하거나 그럴 때도 좀 가볍게 여길 때가 좀 있었어 가지고 질책을 많이 받았던 것 같아요. 근데 일할 때 좋은 점은 그런 게 제 단점이기 하지만 일할 때 좋은 거는 그만큼 빨리 부정적인 것들을 털어낼 수 있다는 점인 것 같아요. 그래서 뭔가 제가 그게 부족하다는 건 아는데 막 억지로 고치려고 하지는 않구요. 그래도 주변에 좀 좋은 사람들이 많아서 부족한 저를 잘 이끌어주고 있다고 생각합니다.","wordCount":95},"emotion":[],"intent":[{"text":"일단 장점은 친화력이 좋다는 말에 많이 듣구요.","expression":"c_person","category":"background"},{"text":"근데   일할 때 좋은 점은 그런 게 제 단점이기 하지만 일할 때 좋은 거는 그만큼 빨리 부정적인 것들을 털어낼 수 있다는 점인 것 같아요.","expression":"c_person","category":"background"}],"summary":{"text":"친화력이 좋고 생각이 짧다는 말을 많이 들어서 질책을 많이 받았는데 일할 때 좋은 점은 그만큼 빨리 부정적인 것들을 털어낼 수 있는 점인 것 같습니다. 주변에 좋은 사람들이 많아서 부족한 저를 잘 이끌어주고 있다고 생각합니다.","wordCount":34}}},"rawDataInfo":{"question":{"fileFormat":"wav","fileSize":435278,"duration":13600,"samplingBit":16,"channelCount":1,"samplingRate":"16kHz","audioPath":"/Mock/02.SalesMarketing/Female/Experienced/ckmk_q_sm_f_e_149526.wav"},"answer":{"fileFormat":"wav","fileSize":1849678,"duration":57800,"samplingBit":16,"channelCount":1,"samplingRate":"16kHz","audioPath":"/Mock/02.SalesMarketing/Female/Experienced/ckmk_a_sm_f_e_149526.wav"}}}