{"version":"1.0","dataSet":{"info":{"date":"20230116","occupation":"SM","channel":"MOCK","place":"ONLINE","gender":"FEMALE","ageRange":"45-54","experience":"EXPERIENCED"},"question":{"raw":{"text":"본인이 생각하는 회사 내에서의 영업 직무의 가치에 관해서 말씀해 주시겠어요","wordCount":10},"emotion":[],"intent":[]},"answer":{"raw":{"text":"마무리를 지어주는 가치를 지니고 있다고 생각을 합니다. 어 그것들이 어쨌든 소비자들에게 전달이 되어야 되고 피드백을 받을 수 있어야 하기 때문에 그 단계를 해줄 수 있는 게 바로 영업 직무가 하는 거라고 생각을 하구요. 그 파트가 없을 경우에 아무리 회사 내에서 연구를 열심히 하고 개발을 해도 전달이 되지 않는 그런 점이 있다고 생각이 들어서 항상 그 마무리를 장식해주는 역할을 해주는 직무라고 생각하고 있습니다.","wordCount":62},"emotion":[],"intent":[{"text":"","expression":"","category":"attitude"}],"summary":{"text":"영업 직무는 소비자들에게 전달이 되어야 하고 피드백을 받을 수 있어야 하기 때문에 항상 그 마무리를 장식해주는 역할을 해주는 역할을 하는 것입니다.","wordCount":21}}},"rawDataInfo":{"question":{"fileFormat":"wav","fileSize":317518,"duration":9920,"samplingBit":16,"channelCount":1,"samplingRate":"16kHz","audioPath":"/Mock/02.SalesMarketing/Female/Experienced/ckmk_q_sm_f_e_182913.wav"},"answer":{"fileFormat":"wav","fileSize":1527118,"duration":47720,"samplingBit":16,"channelCount":1,"samplingRate":"16kHz","audioPath":"/Mock/02.SalesMarketing/Female/Experienced/ckmk_a_sm_f_e_182913.wav"}}}