{"version":"1.0","dataSet":{"info":{"date":"20230116","occupation":"SM","channel":"MOCK","place":"ONLINE","gender":"FEMALE","ageRange":"55-","experience":"EXPERIENCED"},"question":{"raw":{"text":"만일 지원자님께서 우리 회사에 입사한 후 업무 내용이나 강도가 예상했던 것과 전혀 다르다면 어떻게 하시겠습니까","wordCount":15},"emotion":[],"intent":[]},"answer":{"raw":{"text":"아 회사에 입사를 했더니 업무 내용이나 강도가 예상했던 것과 다 전혀 다르다 아 그런데 대부분의 그렇지 않을까요. 그러니까 맨 처음에 제가 신입 사원도 아니고 신입 사원이라고 하면 맨 처음에 아 회사에 입사를 했을 때 업무 내용이 어 이 이럴 수가 아니면은 아 왜 이렇게 워라벨이 힘들지 하고 그렇게 다르게 생각을 할 수도 있겠지만 제가 회사를 한 십 년을 다녔고요. 그다음에 십 년을 다니다 보니 어 능구렁이라고 할 정도로 어 모든 일에 아 치고 빠질 때를 좀 많이 안다고 할까요. 그런데 강도가 예상했던 것과 전혀 다르다 라는 것은 그 일을 접해 보지 않았다는 거거든요. 그런데 업무 내용이나 강도를 어 한번 시도를 해 보는 것이 저는 저의 발전을 위해서는 좋은 것이라고 생각을 합니다. 아 회사에서 주는 일을 그 내용이 강도도 높고 업무 내용도 뭐 예상했던 것과 다르다 아 그거는 모든 직장인이라면 느끼는 일이라고 저는 생각을 합니다. 하지만 그 문제를 해결을 하다 보면 저의 발전 가능성도 엿보게 되고 그다음에 아 내가 다른 모습을 하나씩 발견하는 것이 아 점점 저의 발전을 위해 좋은 것이라고 생각합니다. 업무 내용이 어 힘들다고 제가 이걸 도망을 간다면 제가 무슨 일을 하겠습니까. 업무 내용이 힘들어도 어 강도가 예상했던 것과 달라도 제가 아 할 수 있는 일을 저한테 주어졌기 때문에 열심히 해 보겠습니다.","wordCount":193},"emotion":[],"intent":[{"text":"","expression":"","category":"attitude"}],"summary":{"text":"업무 내용이나 강도가 예상했던 것과 다르다는 것은 그 일을 접해 보지 않았다는 거잖아요. 업무 내용이나 강도를 한번 시도를 해 보는 것이 저는 저의 발전을 위해 좋은 것이라고 생각하며, 그 문제를 해결을 하다 보면 저의 발전 가능성도 엿보이게 되고 또 다른 모습을 발견할 수 있는 것이 저한테 주어졌기 때문에 열심히 해 보겠습니다.","wordCount":51}}},"rawDataInfo":{"question":{"fileFormat":"wav","fileSize":382158,"duration":11940,"samplingBit":16,"channelCount":1,"samplingRate":"16kHz","audioPath":"/Mock/02.SalesMarketing/Female/Experienced/ckmk_q_sm_f_e_240210.wav"},"answer":{"fileFormat":"wav","fileSize":3761998,"duration":117560,"samplingBit":16,"channelCount":1,"samplingRate":"16kHz","audioPath":"/Mock/02.SalesMarketing/Female/Experienced/ckmk_a_sm_f_e_240210.wav"}}}