{"version":"1.0","dataSet":{"info":{"date":"20230116","occupation":"SM","channel":"MOCK","place":"ONLINE","gender":"FEMALE","ageRange":"35-44","experience":"EXPERIENCED"},"question":{"raw":{"text":"일을 하게 되면 지원자님께서 중국으로 출장을 갈 일이 조금 생길 수도 있습니다 중국 출장에 관해서 어떻게 생각하시나요 중국 출장도 괜찮으신가요","wordCount":20},"emotion":[],"intent":[]},"answer":{"raw":{"text":"중국이요 아니요 저는 안 될 것 같습니다. 네 중국은 위험 할 것 같구요. 어 제가 그리고 중국어를 할 수 있는 것도 아니긴 해서 뭐 업무적으로 봤을 때 어떤 도움을 드릴 수가 없는 그런 상태라 어려울 것 같습니다. 어 저는 네 제 업무로 어떤 출장 특히나 해외 출장을 가봤다 거나 뭐 주변에 가본 걸 들은 기억도 전혀 없어서 쪼금 네 놀라운 제안이긴 하네요. 네 그래서 제 업무의 특성상 말을 많이 하는 건데 그 나라 현지의 언어도 못 알아듣는 상태이기 때문에 제가 불편만 드릴 것 같고 제가 가는 것 역시 네 불가능할 것 같습니다.","wordCount":92},"emotion":[],"intent":[{"text":"","expression":"","category":"attitude"}],"summary":{"text":"업무의 특성상 말을 많이 하는 건데 그 나라 현지의 언어도 못 알아듣는 상태이기 때문에 제가 불편만드릴 것 같고 제가 가는 것 역시 불가능할 것 같습니다.","wordCount":25}}},"rawDataInfo":{"question":{"fileFormat":"wav","fileSize":489038,"duration":15280,"samplingBit":16,"channelCount":1,"samplingRate":"16kHz","audioPath":"/Mock/02.SalesMarketing/Female/Experienced/ckmk_q_sm_f_e_156573.wav"},"answer":{"fileFormat":"wav","fileSize":2522318,"duration":78820,"samplingBit":16,"channelCount":1,"samplingRate":"16kHz","audioPath":"/Mock/02.SalesMarketing/Female/Experienced/ckmk_a_sm_f_e_156573.wav"}}}