{"version":"1.0","dataSet":{"info":{"date":"20230116","occupation":"SM","channel":"MOCK","place":"ONLINE","gender":"FEMALE","ageRange":"-34","experience":"EXPERIENCED"},"question":{"raw":{"text":"지원자님이 생각하는 영업인으로서 반드시 필요한 역량에 대해서 말씀해 주세요","wordCount":9},"emotion":[],"intent":[]},"answer":{"raw":{"text":"영업인으로서 필요한 역량은 첫 번째로 의사소통 능력이라고 생각합니다. 영업인는 회사에 여러 직무 중에서도 말을 가장 많이 해야 하는 직무 중의 하나라고 생각합니다. 또한 고객을 상대해야 하는 업무이기 때문에 의사소통 능력이 가장 중요하다고 생각합니다. 또한 영업인는 업무를 수행할 시 여러 예기치 못한 상황이 발생할 수 있습니다. 예를 들어 원자재 가격이 변동되었다든지 납기 일을 맞출 수 없다든지와 같은 상황이 발생할 수 있습니다. 이럴 때는 문제 해결 능력이 가장 많이 요구된다고 생각합니다. 어떠한 상황이 발생하더라도 당황하지 않고 침착하게 문제에 대처할 수 있는 능력이 필요하다고 생각합니다. 또한 이와 더불어 친화력도 중요하다고 생각합니다. 많은 사람을 상대하고 만나는 업무이다 보니 다른 사람들과 잘 어울려야 한다고 생각합니다.","wordCount":100},"emotion":[],"intent":[{"text":"","expression":"","category":"attitude"}],"summary":{"text":"영업인으로서 필요한 역량은 의사소통 능력, 문제 해결 능력, 친화력이라 생각합니다. 고객을 상대하는 업무이므로 의사소통 능력이 가장 중요하고, 업무 수행 시 예기치 못한 상황이 발생할 수 있으므로 문제 해결 능력이 가장 많이 요구된다고 생각합니다.","wordCount":33}}},"rawDataInfo":{"question":{"fileFormat":"wav","fileSize":230798,"duration":7210,"samplingBit":16,"channelCount":1,"samplingRate":"16kHz","audioPath":"/Mock/02.SalesMarketing/Female/Experienced/ckmk_q_sm_f_e_209494.wav"},"answer":{"fileFormat":"wav","fileSize":2689998,"duration":84060,"samplingBit":16,"channelCount":1,"samplingRate":"16kHz","audioPath":"/Mock/02.SalesMarketing/Female/Experienced/ckmk_a_sm_f_e_209494.wav"}}}