{"version":"1.0","dataSet":{"info":{"date":"20230116","occupation":"SM","channel":"MOCK","place":"ONLINE","gender":"FEMALE","ageRange":"35-44","experience":"EXPERIENCED"},"question":{"raw":{"text":"지원자분께서는 본인이 시간이 남는다고 했을 때 남은 시간들에 어떤 일을 하시는지 그러한 일들을 하는 이유는 무엇인지에 대해서 저희에게 설명해 주실 수 있으실까요","wordCount":22},"emotion":[],"intent":[]},"answer":{"raw":{"text":"시간이 남을 때 아이패드를 이용해서 그림을 그린 그리는 활동을 좀 많이 하고 있습니다. 제가 그림 그리는 거를 굉장히 좋아하기 때문에 어 아이패드를 구입했던 것도 어 제가 펜슬로 그림을 그리는 그 작업을 본 적이 있었는데 저한테 되게 좋은 취미 활동이 될 거 같아서 아이패드를 구매하게 됐었구요. 아이패드 안에서 다양한 어플을 사용해서 그림을 그릴 수 있는데 그거를 어떻게 사용해야 하는지 클래스도 굉장히 다양하거든요. 그래서 그 클래스를 들으면서 이 장비를 내가 어떻게 이용할 수 있는가를 많이 연구했었고 그 결과 시간이 남을 때마다 좀 틈틈이 그림을 그리고 있습니다. 그 저는 주로 풍경 위주로 많이 그리는데 어 실제로 패드를 사용하기 전에는 오일을 사용한 오일 파스텔이라던지 아니면은 어 유화 같은 것들을 좀 많이 했었어요 혼자 취미로. 그리고 나서 이제 아이패드로 옮겨오면서 그 효과를 낼 수 있는 그 프로그램들을 많이 습득을 한 후에 열심히 그림을 그리고 있고 제 개인 계정에 따로 업로드를 하는 편입니다.","wordCount":137},"emotion":[],"intent":[{"text":"","expression":"","category":"attitude"}],"summary":{"text":"그림 그리는 것을 굉장히 좋아하는 저에게는 좋은 취미 활동이 될 거 같아서 구입하게 됐습니다. 그 안에서 다양한 어플을 사용해서 그림을 그릴 수 있는데 그것을 어떻게 사용해야 하는지 클래스도 굉장히 다양하기 때문에 그 장비를 어떻게 이용할 수 있는가를 많이 연구했었고 시간이 남을 때마다 종종 그림을 그리고 있습니다.","wordCount":46}}},"rawDataInfo":{"question":{"fileFormat":"wav","fileSize":669518,"duration":20920,"samplingBit":16,"channelCount":1,"samplingRate":"16kHz","audioPath":"/Mock/02.SalesMarketing/Female/Experienced/ckmk_q_sm_f_e_165924.wav"},"answer":{"fileFormat":"wav","fileSize":2464398,"duration":77010,"samplingBit":16,"channelCount":1,"samplingRate":"16kHz","audioPath":"/Mock/02.SalesMarketing/Female/Experienced/ckmk_a_sm_f_e_165924.wav"}}}