{"version":"1.0","dataSet":{"info":{"date":"20230116","occupation":"SM","channel":"MOCK","place":"ONLINE","gender":"FEMALE","ageRange":"45-54","experience":"EXPERIENCED"},"question":{"raw":{"text":"살면서 가장 힘들었던 점은 무엇입니까 또 힘들었던 점을 어떻게 극복하였나요","wordCount":10},"emotion":[],"intent":[]},"answer":{"raw":{"text":"저는 기본적으로 살면서 힘들었던 경험은 많진 않습니다. 왜냐하면 정신력이 강하기 때문에 웬만한 힘듦은 잘 극복해내고 이겨내는 성격인데요. 어 다만 저도 살다가 보면 슬럼프에 빠질 때가 있었습니다. 아 일명 번 아웃이라고 하는데요. 열심히 최선을 다해서 일을 하다보면 어느 순간 약간 소모가 돼서 번 아웃이 올 때도 있을 것 같습니다. 어 사실 번 아웃이 온다는 것 자체가 그만큼 내 삶에 최선을 다하고 열심히 살았다는 증거이기도 한데요. 어 저는 어떤 프로젝트를 할 때 모든 열정을 다해서 최선을 다 하는 편인 것 같습니다. 그렇게 열심히 일을 하다보면 어느 순간 좀 심신이 지칠 때가 있는데요. 이럴 때는 잘 극복을 해내는 게 중요할 것 같습니다. 충분한 휴식을 취하고 또 리플레시 할 수 있도록 재충전의 기회를 가지는 게 중요하다는 생각이 드는데요. 일을 열심히 하고 또 휴식도 잘 취하면서 삶의 균형을 잘 찾아가는 것도 능력이라고 생각합니다. 본인의 컨디션을 잘 유지하고 앞으로 일을 잘 할 수 있게 만드는 것도 아주 중요한 요소라고 생각을 합니다.","wordCount":145},"emotion":[],"intent":[{"text":"","expression":"","category":"attitude"}],"summary":{"text":"기본적으로 살면서 힘들었던 경험은 많진 않은데, 간혹 슬럼프에 빠질 때가 있었습니다. 이것을 열심히 최선을 다해서 일을 하다보면 어느 순간 심신이 지칠 때가 있습니다. 이럴 때는 잘 극복해내는 게 중요하다고 생각합니다. 본인의 컨디션을 잘 유지하고 앞으로 일을 잘 할 수 있게 만드는 것도 아주 중요한 요소라고 생각합니다.","wordCount":46}}},"rawDataInfo":{"question":{"fileFormat":"wav","fileSize":404238,"duration":12630,"samplingBit":16,"channelCount":1,"samplingRate":"16kHz","audioPath":"/Mock/02.SalesMarketing/Female/Experienced/ckmk_q_sm_f_e_109663.wav"},"answer":{"fileFormat":"wav","fileSize":2559438,"duration":79980,"samplingBit":16,"channelCount":1,"samplingRate":"16kHz","audioPath":"/Mock/02.SalesMarketing/Female/Experienced/ckmk_a_sm_f_e_109663.wav"}}}