{"version":"1.0","dataSet":{"info":{"date":"20230116","occupation":"SM","channel":"MOCK","place":"ONLINE","gender":"FEMALE","ageRange":"45-54","experience":"EXPERIENCED"},"question":{"raw":{"text":"만약에 본사에서 어 본인에게 매출을 올리라고 강요를 한다면 어 어떻게 하시겠습니까","wordCount":11},"emotion":[],"intent":[]},"answer":{"raw":{"text":"네 영업을 하다보면 본사나 상사로부터 매출 압박을 받는 경우가 굉장히 많은 거 같습니다. 어 사실 이런 것들은 굉장히 좀 익숙하구요. 당연히 회사에 방침에 따라서 저는 매출 압박을 받을 수 있다고 생각을 합니다. 그리고 어느 정도 영업에 성과를 내야 되기 때문에 어 매출을 올리라는 압박은 전 압박으로 받아들이기보다는 그 정도 목표 달성은 필요하겠구나 라고 인지를 하고 있습니다. 하지만 이거를 매출을 심리적으로 압박을 많이 받게 되면 오히려 제게 스트레스가 되고 또 영업 성과도 제대로 나지 않았던 경험이 있습니다. 그렇기 때문에 제가 어느 정도 목표를 설정해 놓고 그 목표에 달성하기 위해서 노력을 할 거구요. 그리고 회사에서 이 정도를 요구한다고 하면 제가 최선을 다해서 그 방향성에 맞춰서 어 노력을 할 수 있을 것 같습니다. 다만 그 매출에 미치지 못했을 경우에 인제 어느정도 스트레스를 받을 수는 있는데요. 하지만 매출이라는 게 항상 지속적으로 발생하기도 하고 또 어느 순간 잘 되는 경우 그렇지 않은 경우가 있기 때문에 이런 것들을 심리적으로 멘탈 관리를 잘 하면서 이겨내는 게 중요하다고 생각을 합니다. 그래서 회사의 방침대로 그 방향성은 이해를 하고 저도 그거에 맞춰서 최선을 다할 생각입니다.","wordCount":165},"emotion":[],"intent":[{"text":"","expression":"","category":"attitude"}],"summary":{"text":"영업을 하다보면 본사나 상사로부터 매출 압박을 받는 경우가 많은데 매출 압박보다는 목표 달성은 필요하겠다 라고 인지를 하고 있습니다. 매출이라는 게 항상 지속적으로 발생하기도 하고 잘 되는 경우 그렇지 않은 경우가 있기 때문에 심리적으로 멘탈 관리를 잘 하면서 이겨내는 게 중요하다고 생각을 합니다.","wordCount":42}}},"rawDataInfo":{"question":{"fileFormat":"wav","fileSize":418638,"duration":13080,"samplingBit":16,"channelCount":1,"samplingRate":"16kHz","audioPath":"/Mock/02.SalesMarketing/Female/Experienced/ckmk_q_sm_f_e_113574.wav"},"answer":{"fileFormat":"wav","fileSize":2751118,"duration":85970,"samplingBit":16,"channelCount":1,"samplingRate":"16kHz","audioPath":"/Mock/02.SalesMarketing/Female/Experienced/ckmk_a_sm_f_e_113574.wav"}}}