{"version":"1.0","dataSet":{"info":{"date":"20230116","occupation":"SM","channel":"MOCK","place":"ONLINE","gender":"FEMALE","ageRange":"35-44","experience":"EXPERIENCED"},"question":{"raw":{"text":"만약 본인이 지금 지원한 업무가 아닌 다른 부서에 배치되게 된다면 어떻게 하실 건가요 그래도 괜찮으실까요","wordCount":15},"emotion":[],"intent":[]},"answer":{"raw":{"text":"음 그까 그 저는 마냥 앉아있는 사무직은 힘들어요 저는. 네 그러니까 최소한 제가 지원한 직무와 비슷한 류의 일로 배치를 해 주시는 성의가 있었으면 좋겠어요. 네 그 사람이 그 일로써 그 직무로서 지원을 해서 어 나름대로의 어떤 경력을 가지고 당당하게 면접을 보러 온 건데 그 직무가 아닌 거로 이동시켜 버리겠다고 하면 들어왔을 때 뭐 기분이 좋다고 할 수 없죠. 이게 누가 좋다고 하겠어요. 뭘 인정한 건가 싶은 거죠. 나라는 사람 그냥 사람으로 인정을 하는 건지 자기가 이제까지 꾸려온 커리어로 인정을 하는 건지 그냥 그 글씨로 인정을 하고 있는 건지 여러 가지 생각이 들겠죠. 그래서 최소한 그 직무와 비스무리한 거로 배치를 해 주신다면 저는 그러면 괜찮습니다. 네 그러면 할 수 있어요. 그렇게 생각을 해주셨으면 좋겠어요 좀.","wordCount":114},"emotion":[],"intent":[{"text":"","expression":"","category":"attitude"}],"summary":{"text":"저는 마냥 앉아서 사무직은 힘듭니다. 최소한 제가 지원한 직무와 비슷한 류의 일로 배치를 해 주셨으면 좋겠습니다. 그 일로써 그 직무로서 지원을 해서 나름의 경력을 가지고 면접을 보러 온 건데 직무가 아닌 거로 이동시켜 버리겠다고 하면 들어왔을 때 기분 좋다고 할 수 없어요.","wordCount":42}}},"rawDataInfo":{"question":{"fileFormat":"wav","fileSize":332878,"duration":10400,"samplingBit":16,"channelCount":1,"samplingRate":"16kHz","audioPath":"/Mock/02.SalesMarketing/Female/Experienced/ckmk_q_sm_f_e_178331.wav"},"answer":{"fileFormat":"wav","fileSize":2817998,"duration":88060,"samplingBit":16,"channelCount":1,"samplingRate":"16kHz","audioPath":"/Mock/02.SalesMarketing/Female/Experienced/ckmk_a_sm_f_e_178331.wav"}}}