{"version":"1.0","dataSet":{"info":{"date":"20230116","occupation":"SM","channel":"MOCK","place":"ONLINE","gender":"FEMALE","ageRange":"35-44","experience":"EXPERIENCED"},"question":{"raw":{"text":"일반 소비자들이 대체로 제품의 브랜드 가치를 높이려면 여러분들은 어떻게 해야 하는지 저에게 설명해 주시겠습니까","wordCount":14},"emotion":[],"intent":[]},"answer":{"raw":{"text":"최근에는 제품의 브랜드 가치를 높이는 일이 쉬운 게 아닌 것 같습니다. 여러 가지 요소들이 필요할 텐데요. 과거에는 그 제품의 품질 자체로 승부수를 띄었다면 요즘에는 이미지도 굉장히 중요하고요. 그 회사가 내세우는 브랜드에 전체적인 이미지 그리고 가치관 그리고 사회 공헌 활동 등 여러 가지가 포괄적인 개념인 것 같습니다. 예를 들어서 사람들이 애플의 제품을 굉장히 좋아하는데요. 그 애플 제품이 성능도 뛰어난 게 있지만 그 브랜드가 내세우는 이미지를 사람들은 좋아하는 것 같습니다. 세련되고 고급스러우면서 프리미엄 만 이미지 그러면서도 심플한 그 이미지를 사람들이 좋아하는 건데요. 그래서 저는 제품의 브랜드 가치를 높이기 위해서는 사람들이 뭘 좋아하는지 그것들을 통해서 어 답을 찾을 수 있다고 생각을 합니다. 그리고 전체적인 이미지 자체를 높여야 사람들에게 긍정적으로 인식이 되는 것 같은데요. 어 제품의 성능이 그리고 좋을 뿐만이 아니라 좀 차별화도 필요하다고 생각을 합니다. 왜냐하면 사람들은 이제 많은 제품들을 봤기 때문에 차별화되고 특이하고 또 그 장점이 있는 걸 좋아하는데요. 이렇게 제품의 브랜드 가치를 높이기 위해서는 많은 노력들이 필요할 것 같습니다.","wordCount":148},"emotion":[],"intent":[{"text":"과거에는 그 제품의 품질 자체로 승부수를 띄었다면   요즘에는 이미지도 굉장히 중요하고요.","expression":"s_brand_strt","category":"technology"},{"text":"그 회사가 내세우는 브랜드에 전체적인   이미지 그리고 가치관 그리고 사회 공헌 활동 등 여러 가지가 포괄적인   개념인 것 같습니다.","expression":"s_brand_strt","category":"technology"},{"text":"그래서 저는 제품의 브랜드 가치를   높이기 위해서는 사람들이 뭘 좋아하는지 그것들을 통해서 어 답을 찾을 수 있다고   생각을 합니다.","expression":"s_brand_strt","category":"technology"},{"text":"그리고 전체적인 이미지 자체를 높여야 사람들에게   긍정적으로 인식이 되는 것 같은데요.","expression":"s_brand_strt","category":"technology"},{"text":"어 제품의 성능이 그리고 좋을 뿐만이 아니라   좀 차별화도 필요하다고 생각을 합니다.","expression":"s_brand_strt","category":"technology"}],"summary":{"text":"최근에는 제품의 브랜드 가치를 높이는 일이 쉽지 않은 것 같습니다. 그 회사가 내세우는 이미지, 가치관, 사회 공헌 활동 등 여러 가지가 포괄적인 개념인 것 같은데, 사람의 선호를 통해서 브랜드 가치를 높일 수 있고, 전체적인 이미지 자체를 높여야 긍정적으로 인식될 수 있다고 생각합니다. 또한 제품의 성능과 차별화되는 장점도 중요하다고 생각되고 있습니다.","wordCount":50}}},"rawDataInfo":{"question":{"fileFormat":"wav","fileSize":349198,"duration":10910,"samplingBit":16,"channelCount":1,"samplingRate":"16kHz","audioPath":"/Mock/02.SalesMarketing/Female/Experienced/ckmk_q_sm_f_e_113556.wav"},"answer":{"fileFormat":"wav","fileSize":2750798,"duration":85960,"samplingBit":16,"channelCount":1,"samplingRate":"16kHz","audioPath":"/Mock/02.SalesMarketing/Female/Experienced/ckmk_a_sm_f_e_113556.wav"}}}