{"version":"1.0","dataSet":{"info":{"date":"20230116","occupation":"SM","channel":"MOCK","place":"ONLINE","gender":"FEMALE","ageRange":"-34","experience":"EXPERIENCED"},"question":{"raw":{"text":"최근 공부하고 있는 것이 있다면 그것을 왜 공부하는지 그리고 지금까지는 어떤 것들을 배웠는지 말씀해 주세요","wordCount":15},"emotion":[],"intent":[]},"answer":{"raw":{"text":"저는 요즘 토익 공부를 하고 있습니다. 어 토익 공부를 하게 된 이유는 제가 입사를 여학 성적이 없이 입사를 먼저 해서 회사 생활을 먼저 시작하였기 때문에 어 어학 성적을 조금 더 보완을 하여서 현재 이직 준비기 때문에 지금 토익 공부를 진행하고 있습니다. 어 지금까지 배운 것은 아무래도 어 어 문법과 관련된 내용과 그리고 어휘를 조금 더 잘 외울 수 있는 방법 그리고 이를 문제 효과적으로 적용할 수 있는 방법에 대해 배웠습니다.","wordCount":70},"emotion":[],"intent":[{"text":"","expression":"","category":"attitude"}],"summary":{"text":"이직 준비기인 저는 문법과 관련된 내용과 어휘를 잘 외울 수 있는 방법 그리고 이를 문제 효과적으로 적용할 수 있는 방법에 대해 배웠습니다.","wordCount":22}}},"rawDataInfo":{"question":{"fileFormat":"wav","fileSize":281678,"duration":8800,"samplingBit":16,"channelCount":1,"samplingRate":"16kHz","audioPath":"/Mock/02.SalesMarketing/Female/Experienced/ckmk_q_sm_f_e_209954.wav"},"answer":{"fileFormat":"wav","fileSize":1140558,"duration":35640,"samplingBit":16,"channelCount":1,"samplingRate":"16kHz","audioPath":"/Mock/02.SalesMarketing/Female/Experienced/ckmk_a_sm_f_e_209954.wav"}}}