{"version":"1.0","dataSet":{"info":{"date":"20230116","occupation":"SM","channel":"MOCK","place":"ONLINE","gender":"FEMALE","ageRange":"55-","experience":"EXPERIENCED"},"question":{"raw":{"text":"방문 판매 매출 증진을 위해서 인터넷 채널을 활용하는 방안이 있는데 그 문제에 대해 말씀해 주세요","wordCount":15},"emotion":[],"intent":[]},"answer":{"raw":{"text":"방문 판매 매출 증진을 위해 인터넷 채널을 활용하는 방안의 문제점을 저희에게 물어보셨는데요. 어 방문 판매는 요즘에 사실 방문 판매라는 건 쉽지 않습니다. 아 사실 요즘에 방문을 할 수 있는 건 어 비데나 아니면 뭐 에어 그 드레서나 아니면은 아 정수기 정수기 정도만 기계를 갈기 위해서 방문을 하는 거를 허용을 하구요. 어 보통 집에 방문을 오는 거를 다 요즘에는 싫어하는 분위기입니다. 왜냐하면 자기 집과 그다음에 개인 프라이버시를 되게 많이 중시하는 세대가 요즘 세대이기 때문에 방문 판매는 요즘에 많이 수그러들었다고 생각을 합니다. 그런데 이 매출 중진을 위해서는 요즘 같은 경우는 어 웬만한 할머니 할아버지도 인터넷 채널을 통해서 구매를 많이 하시더라구요. 인터넷 채널을 통해서 구매를 하면 일단 할인 쿠폰이라든가 어떤 문제 어떤 그 상품이나 그런 거에 대해서 할인을 해 줄 수 있는 제도가 많이 있습니다. 그러다 보면 사람들이 아 아 내가 좀 싸게 살 수 있겠구나 하는 그런 착각도 가지고 그다음에 사실은 또 싸게 살 수 있는 방안이 있더라구요. 그래서 그 활인 쿠폰 같은 거 잘 이용할 수 있게 만들어서 어 사람들이 쉽게 접근할 수 있도록 어 지마켓 뭐 마켓컬리 그다음에 십 일 번가 여러 군데에 아 저희 상품을 넣어 놓도록 하겠습니다. 그서 모든 대중들이 쉽게 어디 그 인터넷을 접속하더라도 우리 물건을 살 수 있게 하겠습니다.","wordCount":193},"emotion":[],"intent":[{"text":"","expression":"","category":"attitude"}],"summary":{"text":"요즘에는 자기 집과 개인 프라이버시를 중시하는 세대이기 때문에 방문 판매는 수그러들었다고 생각되지만, 매출 중진을 위해서는 인터넷 채널을 통해서 구매를 많이 합니다. 그래서 할인 쿠폰 같은 걸 잘 이용할 수 있게 만들어서 사람들이 쉽게 접근할 수 있도록 만들어 모든 대중들이 쉽게 물건을 살 수 있게 하겠습니다.","wordCount":45}}},"rawDataInfo":{"question":{"fileFormat":"wav","fileSize":320078,"duration":10000,"samplingBit":16,"channelCount":1,"samplingRate":"16kHz","audioPath":"/Mock/02.SalesMarketing/Female/Experienced/ckmk_q_sm_f_e_242086.wav"},"answer":{"fileFormat":"wav","fileSize":3758798,"duration":117460,"samplingBit":16,"channelCount":1,"samplingRate":"16kHz","audioPath":"/Mock/02.SalesMarketing/Female/Experienced/ckmk_a_sm_f_e_242086.wav"}}}