{"version":"1.0","dataSet":{"info":{"date":"20230116","occupation":"SM","channel":"MOCK","place":"ONLINE","gender":"FEMALE","ageRange":"35-44","experience":"EXPERIENCED"},"question":{"raw":{"text":"어 지원자님께서 지금까지 살아오시면서 가장 힘들었던 경험은 무엇인가요 그리고 그 경험에서 그것을 어떻게 극복하셨는지도 설명해 주시길 바랍니다","wordCount":17},"emotion":[],"intent":[]},"answer":{"raw":{"text":"저는 살아 오면서 큰 힘듦 없이 살아 왔습니다. 그래서 저는 단순하게 저의 인생은 평탄하고 큰 노력 없이 내가 원하면 다 될 것이라는 자신감을 갖고 살아 왔었습니다. 하지만 부모님에 의지하는 이십 대 초반에서 벗어나서 나의 살아갈 길을 찾아가야 하는 대학 졸업 이후 가장 힘든 일이 찾아왔습니다. 내가 원하는 직장과 거기에 맞는 스펙 등을 다 만들어 놔서 나는 원하는 직장에 갈 수 있을 것이다 라는 안일한 생각을 가졌었는데 막상 부딪혀 보니 현실은 달랐습니다. 서류 전형조차 합격하기 힘들었고 그것도 면접에서 떨어지기 부기 부지기수였습니다. 그리하여 일 년 동안 직장 없이 집에서 백수 생활을 하게 되었는데 뒤돌아보면 남들보다 더 열심히 준비해 노력을 안 한 것을 객관적으로 알게 되어서 뒤늦게 다시 노력을 하게 되었습니다. 그리고 일 년 동안 계속 실패해도 묵묵하게 옆에서 응원해 준 가족들이 있었기에 이 위기를 잘 극복하지 않았나 싶습니다.","wordCount":126},"emotion":[],"intent":[{"text":"","expression":"","category":"attitude"}],"summary":{"text":"저는 큰 힘듦 없이 살아 왔지만, 대학 졸업 이후 가장 힘든 일이 찾아왔습니다. 서류 전형조차 합격하기 힘들었고 심지어 면접에서 떨어지기가 일쑤였습니다. 뒤돌아보면 노력을 안 한 것을 객관적으로 알게 되어서 뒤늦게 다시 노력을 하게 되었습니다. 가족들이 있었기에 위기를 잘 극복하지 않았나 싶습니다.","wordCount":41}}},"rawDataInfo":{"question":{"fileFormat":"wav","fileSize":490318,"duration":15320,"samplingBit":16,"channelCount":1,"samplingRate":"16kHz","audioPath":"/Mock/02.SalesMarketing/Female/Experienced/ckmk_q_sm_f_e_227919.wav"},"answer":{"fileFormat":"wav","fileSize":2014798,"duration":62960,"samplingBit":16,"channelCount":1,"samplingRate":"16kHz","audioPath":"/Mock/02.SalesMarketing/Female/Experienced/ckmk_a_sm_f_e_227919.wav"}}}