{"version":"1.0","dataSet":{"info":{"date":"20230116","occupation":"SM","channel":"MOCK","place":"ONLINE","gender":"FEMALE","ageRange":"45-54","experience":"EXPERIENCED"},"question":{"raw":{"text":"대학에서 배운 지원자님의 전공 과목 중 가장 기억에 남는 과목이 있다면 한 가지만 골라서 말씀해 주세요","wordCount":16},"emotion":[],"intent":[]},"answer":{"raw":{"text":"네 저는 대학생 때 배운 전공 과목 중에서 어 마케팅이 좀 기억에 남습니다. 일단 기본적으로 제가 기억에 남는 그 특정 과목이라고 한다면 마케팅의 사례라는 게 있었는데요. 어 마케팅을 정말 효과적으로 효율적으로 한 방식 중에서 소비자들에게 굉장히 각광을 받고 제품이 불티나게 팔리는 경우가 많았던 것 같습니다. 예를 들어서 홈쇼핑에서 나온 제품 중에서 여성 화장품과 관련된 제품이 있었는데요. 그 제품이 유독 많은 화장품 중에서도 많이 팔리는 이유가 있었습니다. 바로 마케팅의 효과였는데요. 제품의 모델을 특히 어 제품과 아주 적합한 인물을 썼고요. 그리고 그 제품을 홍보하는 방식에 있어서 약간 소비자들에게 마음을 이끌게 한 것 같습니다. 그래서 그런 제품의 사례들을 보면서 아 어떻게 마케팅을 하느냐 그거에 따라서 달라질 수 있다 라는 생각이 들었는데요. 그래서 마케팅의 효과에 대해서 그때 절실하게 배웠고요. 그리고 저도 영업에 그런 마케팅의 효과를 적용시켜서 할려고 노력을 하고 있습니다. 기본적으로 영업은 사람의 마음을 사로잡고 설득을 하는 과정이기 때문에 그런 과정들을 녹여서 저도 더 업무를 발휘하리라고 노력을 하고 있습니다.","wordCount":145},"emotion":[],"intent":[{"text":"그리고 그 제품을 홍보하는   방식에 있어서 약간 소비자들에게 마음을 이끌게 한 것 같습니다.","expression":"s_anls_prod","category":"technology"}],"summary":{"text":"마케팅은 소비자들에게 각광을 받고 제품이 불티나게 팔리는 경우가 많았는데 그 사례들을 보면서 어떻게 마케팅을 하느냐에 따라 달라질 수 있다 라는 생각을 했습니다. 그래서 영업에 마케팅의 효과를 적용시켜서 할려고 노력하고 있고, 기본적으로 영업은 사람의 마음을 사로잡고 설득을 하는 과정이기 때문에 그런 과정들을 녹여서 더 업무를 발휘하려고 노력하고 있습니다.","wordCount":47}}},"rawDataInfo":{"question":{"fileFormat":"wav","fileSize":414158,"duration":12940,"samplingBit":16,"channelCount":1,"samplingRate":"16kHz","audioPath":"/Mock/02.SalesMarketing/Female/Experienced/ckmk_q_sm_f_e_115115.wav"},"answer":{"fileFormat":"wav","fileSize":2839118,"duration":88720,"samplingBit":16,"channelCount":1,"samplingRate":"16kHz","audioPath":"/Mock/02.SalesMarketing/Female/Experienced/ckmk_a_sm_f_e_115115.wav"}}}