{"version":"1.0","dataSet":{"info":{"date":"20230116","occupation":"SM","channel":"MOCK","place":"ONLINE","gender":"FEMALE","ageRange":"35-44","experience":"EXPERIENCED"},"question":{"raw":{"text":"지원자님은 주로 어떤 일을 하면서 휴식을 취하나요 왜 그 일을 하는지 이유도 함께 말씀해 주세요","wordCount":15},"emotion":[],"intent":[]},"answer":{"raw":{"text":"저는 어 최근에 그 핸드폰 게임을 시작하게 됐는데 이게 중독이 됐어요. 그래서 자꾸 그거를 하게 되더라구요. 근데 이게 뭔가 더 필요할 것 같다는 생각이 들어서 처음에는 아 그만해야 되는데 라고 생각했는데 그냥 뭐 안 되는 거 억지로 제가 그걸 굳이 막 하지 말자 하지 말자 하면서 하는 게 아닌 것 같아서 그냥 요즘에 받아들이고 있습니다. 그래서 저는 주로 핸드폰을 좀 많이 하는 편이고 핸드폰 게임을 되게 열심히 하는 편이에요 그래서 좀 하나 게임이 질릴 때까지. 그 게임이 질려지면 이제 그거를 삭제를 해버리고 또 새로운 게임을 받아서 그거를 하는 편입니다.","wordCount":89},"emotion":[],"intent":[{"text":"","expression":"","category":"attitude"}],"summary":{"text":"핸드폰 중독에 중독되어 게임도 중독이 되어 더 필요한 것 같다는 생각이 들어서 요즘은 그냥 받아들이고 있습니다. 그래서 핸드폰을 많이 하고 게임을 열심히 하는 편입니다. 게임이 질려지면 삭제하고 새로운 게임을 합니다.","wordCount":30}}},"rawDataInfo":{"question":{"fileFormat":"wav","fileSize":363278,"duration":11350,"samplingBit":16,"channelCount":1,"samplingRate":"16kHz","audioPath":"/Mock/02.SalesMarketing/Female/Experienced/ckmk_q_sm_f_e_125590.wav"},"answer":{"fileFormat":"wav","fileSize":1831406,"duration":57229,"samplingBit":16,"channelCount":1,"samplingRate":"16kHz","audioPath":"/Mock/02.SalesMarketing/Female/Experienced/ckmk_a_sm_f_e_125590.wav"}}}