{"version":"1.0","dataSet":{"info":{"date":"20230116","occupation":"SM","channel":"MOCK","place":"ONLINE","gender":"FEMALE","ageRange":"35-44","experience":"EXPERIENCED"},"question":{"raw":{"text":"지원자께서 좋아하는 앱이 있으시면 말씀해 주시고 그 앱의 광고를 넣는 넣으면 무엇이 좋을지 함께 말씀해 주세요","wordCount":16},"emotion":[],"intent":[]},"answer":{"raw":{"text":"최근 몇 년 동안 많이 생긴 앱인데요. 바로 취미 친목 도모를 위한 앱들입니다. 어 저도 이 앱에 들어가서 여러 가지 동네 친구도 만들기도 하고 아니면 제가 취미 생활을 하는 부분에 있어서도 같은 친목 도모를 하기도 하는데요. 이런 앱들이 참 많이 도움이 되는 것 같습니다. 어 특히 코로나로 인해서 사람들을 만날 일이 많이 부족해지다 보니까 이런 앱들을 통해서 그나마 동네에 있는 사람들을 만나고 또 이해하고 소통하고 그런 창구가 된 것 같은데요. 어 실제로 이제 코로나 때 많이 개인화 되고 상호 간의 교류가 적어졌습니다. 그렇기 때문에 주변에 만날 수 있는 친구들도 적은데요. 하지만 이제 이가 제가 쓰는 앱 같은 경우에는 동네 친구들을 연결해 준다는 점에서 굉장히 공통점이 많았습니다. 그리고 또 좋아하는 앱 같은 경우에는 동네에서 중고 거래를 할 수 있게 해주는 앱인데요. 아무래도 중고 거래를 하고 이럴 때는 근거리에 있는 사람들끼리 거래하는 게 가장 효율적이기 때문에 그런 것들을 잘 사람들의 니즈를 파악을 해서 앱 서비스 플랫폼을 통해서 어 저희가 활용할 수 있게 되니까 굉장히 사용하기 편리하고 여러모로 도움이 된다 라는 생각이 들었습니다.","wordCount":160},"emotion":[],"intent":[{"text":"","expression":"","category":"attitude"}],"summary":{"text":"최근 몇 년 동안 많이 생긴 앱은 바로 취미 친목 도모를 위한 앱들로, 코로나 때 개인화 되고 상호 간 교류가 적어졌으나 제 앱은 동네 친구들을 연결해 주고, 동네에서 중고 거래를 할 수 있게 해주는 앱으로, 사람들의 니즈를 파악을 해서 앱 서비스 플랫폼을 통해서 활용할 수 있게 되니까 굉장히 편리하고 여러모로 도움이 됩니다.","wordCount":52}}},"rawDataInfo":{"question":{"fileFormat":"wav","fileSize":345678,"duration":10800,"samplingBit":16,"channelCount":1,"samplingRate":"16kHz","audioPath":"/Mock/02.SalesMarketing/Female/Experienced/ckmk_q_sm_f_e_161577.wav"},"answer":{"fileFormat":"wav","fileSize":2753678,"duration":86050,"samplingBit":16,"channelCount":1,"samplingRate":"16kHz","audioPath":"/Mock/02.SalesMarketing/Female/Experienced/ckmk_a_sm_f_e_161577.wav"}}}