{"version":"1.0","dataSet":{"info":{"date":"20230116","occupation":"SM","channel":"MOCK","place":"ONLINE","gender":"FEMALE","ageRange":"45-54","experience":"EXPERIENCED"},"question":{"raw":{"text":"지원자님께서 지금 공부하고 있는 분야가 있다면 왜 그것을 공부하는지 그리고 그것을 통해서 무엇을 배웠는지도 함께 말씀해 주시기 바랍니다","wordCount":18},"emotion":[],"intent":[]},"answer":{"raw":{"text":"저는 최근에 마케팅 트렌드 공부를 좀 열심히 하고 있습니다. 과거에 책들을 보면 뭐 유행한 명품이라던가 아니면 그 시대를 주도했던 제품들 서비스들에 대한 책들이 많이 나와 있는데요. 하지만 이런 것들이 주기적으로 출간이 되지 않고 있기 때문에 그 트렌드를 파악하는 게 굉장히 중요하다고 생각을 합니다. 어 최근에 이제 마케팅 방식이 다양해지고 또 플랫폼들도 온라인이 등장을 하면서 그 플랫폼 별로 색깔이 많이 다양해지고 있는 것 같습니다. 그래서 저는 영업에 있어서도 어떤 플랫폼 어떤 방식을 사용하냐에 따라서 굉장히 실적과 성과가 달라질 수 있기 때문에 이런 공부들을 많이 하는 편이고요. 특히 요즘에는 온라인 창구를 통한 판매가 늘고 있습니다. 그리고 굉장히 잘 이용할 경우에도 어 굉장히 실적이 좋은 걸로 알고 있는데요. 어 저도 온라인을 중심으로 좀 판매를 확대해 보고 싶습니다. 아무래도 채널 별로 성격이 다르고 소비자 계층도 다르기 때문에 이런 것들을 공부하고 분석을 해서 나아간다면 제 실적에도 도움이 될 수 있다고 생각을 해서 요즘에 관심을 가지고 공부를 많이 하고 있는 편인 것 같습니다.","wordCount":147},"emotion":[],"intent":[{"text":"아무래도 채널 별로 성격이 다르고   소비자 계층도 다르기 때문에 이런 것들을 공부하고 분석을 해서 나아간다면   제 실적에도 도움이 될 수 있다고 생각을 해서 요즘에 관심을 가지고 공부를 많이 하고   있는 편인 것 같습니다.","expression":"c_imp","category":"personality"}],"summary":{"text":"최근 마케팅 방식이 다양해지고 플랫폼들도 온라인이 등장을 하면서 그 플랫폼 별로 색깔이 많이 다양해지고 있어서 영업에 있어서도 어떤 플랫폼 어떤 방식을 사용하냐에 따라서 실적과 성과가 달라질 수 있기 때문에 이런 것들을 공부하고 분석을 해서 나아간다면 실적에도 도움이 될 수 있다고 생각을 해서 마케팅을 열심히 하고 있습니다.","wordCount":46}}},"rawDataInfo":{"question":{"fileFormat":"wav","fileSize":385358,"duration":12040,"samplingBit":16,"channelCount":1,"samplingRate":"16kHz","audioPath":"/Mock/02.SalesMarketing/Female/Experienced/ckmk_q_sm_f_e_115121.wav"},"answer":{"fileFormat":"wav","fileSize":2688718,"duration":84020,"samplingBit":16,"channelCount":1,"samplingRate":"16kHz","audioPath":"/Mock/02.SalesMarketing/Female/Experienced/ckmk_a_sm_f_e_115121.wav"}}}