{"version":"1.0","dataSet":{"info":{"date":"20230116","occupation":"SM","channel":"MOCK","place":"ONLINE","gender":"FEMALE","ageRange":"-34","experience":"EXPERIENCED"},"question":{"raw":{"text":"직무를 수행하다가 모르는 과제에 직면을 했을 때 지원자님은 어떻게 해결하실 것 같은지 해결법과 이유를 말씀해 주시기 바랍니다","wordCount":17},"emotion":[],"intent":[]},"answer":{"raw":{"text":"직무를 수행하다 보면 제가 알지 못하거나 혼자서 해결하기 어려운 과제들이 등장할 수 있다고 생각합니다. 이때는 먼저 스스로 해결하려고 노력할 것이고 관련 자료들을 찾음으로써 스스로 해결하려고 할 것입니다. 선 선배로부터 받은 자료나 관련 자료를 검색함으로써 나오는 것들을 참고하여 최대한 해결할 수 있도록 노력할 것이고 그렇게 했음에도 불구하고 해결할 수 없다면 관련 선배에게 조언을 구함으로써 해결할 수 있도록 노력할 것입니다. 또한 주변 사람들로부터 조언을 구함으로써 해결하는 데 도움이 될 수 있도록 할 것입니다. 가장 중요한 것은 혼자 해보는 것이라고 생각합니다. 왜냐하면 언제 이후에도 비슷한 어려움을 마추칠 수 있기 때문에 혼자 해결하는 능력을 기르는 것이 가장 중요하다고 생각합니다.","wordCount":95},"emotion":[],"intent":[{"text":"","expression":"","category":"attitude"}],"summary":{"text":"직무 수행 중 모르거나 혼자 해결하기 어려운 과제가 나오면 먼저 관련 자료들을 찾아 해결하고, 선 선배로부터 받은 자료나 관련 자료 검색, 관련 선배에게 조언을 구하며, 주변 사람들로부터 조언을 구함으로써 해결하고, 혼자 해결하는 능력을 기르는 것이 중요합니다.","wordCount":36}}},"rawDataInfo":{"question":{"fileFormat":"wav","fileSize":373518,"duration":11670,"samplingBit":16,"channelCount":1,"samplingRate":"16kHz","audioPath":"/Mock/02.SalesMarketing/Female/Experienced/ckmk_q_sm_f_e_163915.wav"},"answer":{"fileFormat":"wav","fileSize":2541518,"duration":79420,"samplingBit":16,"channelCount":1,"samplingRate":"16kHz","audioPath":"/Mock/02.SalesMarketing/Female/Experienced/ckmk_a_sm_f_e_163915.wav"}}}