{"version":"1.0","dataSet":{"info":{"date":"20230116","occupation":"SM","channel":"MOCK","place":"ONLINE","gender":"FEMALE","ageRange":"35-44","experience":"EXPERIENCED"},"question":{"raw":{"text":"대한민국의 금융정책기관으로서 우리 신용보증기금이 호가해야 할 업무 영역은 어떤 것이 있다고 생각하나요","wordCount":12},"emotion":[],"intent":[]},"answer":{"raw":{"text":"우리 신용 보수기금 같은 경우에는 어 소상공인이나 아니면 어 기업 어 소기업 중소기업에 대한 보증 기금을 마련하는 곳으로서 대출의 업무의 역할이 굉장히 굉장히 크다 라고 생각합니다. 일단 기본적으로 우리나라에서는 어 자국 그런 어 기업들이 살아나야 경제도 발전하고 한데 이러한 음 작은 기업들 소상공인이나 인제 소기업들이 자금이 굉장히 허덕이는 경우들이 대부분 많기 때문에 이러한 것들을 좀 풀어주어서 국가 차원에서도 굉장히 그분들이 더 나아갈 수 있는 하나에 밑거름이 되고 밑바탕이 되어 주는 부분은 담당을 하고 있다 라고 생각을 합니다. 그런 부분에 있어서 많은 다른 나라에 비해서도 우리나라는 좀 그러한 부분들이 더 훨씬 더 잘 되어 있다 라고 생각을 하고 그러한 부분에 있어서도 많은 산업에도 이바지하고 있는 부분이 아닐까 라고 생각합니다.","wordCount":108},"emotion":[],"intent":[{"text":"","expression":"","category":"attitude"}],"summary":{"text":"신용 보수기금 같은 경우에는 소상공인이나 소기업 중소기업에 대한 보증 기금을 마련하는 곳으로서 대출의 업무의 역할이 굉장히 큽니다. 우리나라는 기업들이 살아나야 경제도 발전하는데 이런 작은 기업들이 자금이 허덕이는 경우가 많습니다. 이런 것들을 풀어줘서 국가 차원에서 그들을 위한 부분을 담당합니다.","wordCount":38}}},"rawDataInfo":{"question":{"fileFormat":"wav","fileSize":324878,"duration":10150,"samplingBit":16,"channelCount":1,"samplingRate":"16kHz","audioPath":"/Mock/02.SalesMarketing/Female/Experienced/ckmk_q_sm_f_e_227523.wav"},"answer":{"fileFormat":"wav","fileSize":2250958,"duration":70340,"samplingBit":16,"channelCount":1,"samplingRate":"16kHz","audioPath":"/Mock/02.SalesMarketing/Female/Experienced/ckmk_a_sm_f_e_227523.wav"}}}