{"version":"1.0","dataSet":{"info":{"date":"20230116","occupation":"SM","channel":"MOCK","place":"ONLINE","gender":"FEMALE","ageRange":"35-44","experience":"EXPERIENCED"},"question":{"raw":{"text":"만약에 지원자님께서 입사를 하신 다음 원래 원하셨던 일을 못 하게 되었을 경우 그때는 어떻게 하시겠습니까 어 그리고 만약에 그렇게 하셨다면 그렇게 하실 이유도 같이 말씀해 주세요","wordCount":26},"emotion":[],"intent":[]},"answer":{"raw":{"text":"저는 일 뿐만 아니라 살아가면서 원하는 대로만 되지는 않는다고 생각을 하고 만약 원하는 대로 될 경우가 정말 감사하고 어 드문 경우라고 생각을 하고 있기 때문에 원하지 않는 일을 제가 하게 되더라도 원하는 일을 못 하게 되더라도 그거에 대해서 좌절하거나 너무 힘들어 하는 것이 아니라 그럴 수도 있을 것이다 라고 생각을 하고 오히려 제가 하게 되는 다른 일들에 대해서 이걸 통해서 내가 어떤 것들을 더 얻을 수 있을까 더 정 성장시킬 수 있을까 이러한 방향으로 더 생각을 하고 계속해서 배우려고 할 것 같습니다.","wordCount":82},"emotion":[],"intent":[{"text":"","expression":"","category":"attitude"}],"summary":{"text":"저는 원하는 대로만 되지는 않는다고 생각을 하고 있습니다. 오히려 다른 일을 통해서 더 성장하고 계속해서 배우려고 할 것 같습니다.","wordCount":19}}},"rawDataInfo":{"question":{"fileFormat":"wav","fileSize":542158,"duration":16940,"samplingBit":16,"channelCount":1,"samplingRate":"16kHz","audioPath":"/Mock/02.SalesMarketing/Female/Experienced/ckmk_q_sm_f_e_104053.wav"},"answer":{"fileFormat":"wav","fileSize":1586638,"duration":49580,"samplingBit":16,"channelCount":1,"samplingRate":"16kHz","audioPath":"/Mock/02.SalesMarketing/Female/Experienced/ckmk_a_sm_f_e_104053.wav"}}}