{"version":"1.0","dataSet":{"info":{"date":"20230116","occupation":"SM","channel":"MOCK","place":"ONLINE","gender":"FEMALE","ageRange":"-34","experience":"EXPERIENCED"},"question":{"raw":{"text":"기차가 운행 시에 산사태로 삼십 분 동안 정차되었습니다 이때 관리 책임에 위치해 있다면 어떻게 조차 하실 건가요","wordCount":17},"emotion":[],"intent":[]},"answer":{"raw":{"text":"네 만약에 기차를 운행하다가 산 사태가 났다고 하면 저는 굉장히 위급하고 심각한 상황이기 때문에 일단 먼저 승객들을 대피하도록 하겠습니다. 사실 이 시간 동안 굉장히 조치가 빠르게 진행이 되어야 할 것 같은데요. 제가 관리 책임에 위치에 있다면 끝까지 그 업무를 맡아서 처리하도록 하겠습니다. 일단 승객들이 안전한지부터 파악을 해야 될 것 같은데요. 어 제 부하 지간이 있다면 승객들의 안전을 먼저 보살피고 지금 상황이 어떻게 진행이 되고 있는지 처리하라고 할 것 같습니다. 그리고 만약에 산사태가 다시 또 발생을 할 수 있기 때문에 승객들을 안전한 곳으로 일단은 대피시켜야 할 것 같고요. 그리고 이제 그 위에 다른 기관에게 연락을 해서 적극적으로 도움을 요청을 할 것 같습니다. 아무래도 승객들을 대피시켰다고 하더라도 기차가 정차해 있으면 다른 문제가 발생할 수 있기 때문에 여러 가지 상황을 알리고 또 그 부분을 피해갈 수 있도록 하겠습니다. 그리고 이렇게 여러 가지 조치가 이뤄지기 위해서는 좀 결정이 빨라야 하고 신속해야 될 것 같고요. 그리고 혼자서 해결할 수 없기 때문에 다른 사람의 조치를 받고 또 적극적으로 도움을 요청해서 빨리 신속하게 복구가 될 수 있도록 관리자로서 책임을 다할 수 있도록 하겠습니다.","wordCount":166},"emotion":[],"intent":[{"text":"","expression":"","category":"attitude"}],"summary":{"text":"기차를 운행하다가 산사태가 났다면 승객들을 대피시키고, 다른 문제가 발생할 수 있기 때문에 다른 기관에게 연락을 해서 도움을 요청을 할 것 같습니다. 여러 가지 조치가 이뤄지기 위해서는 결정이 빠르고 신속해야 될 것 같으며, 혼자서 해결할 수 없기 때문에 다른 사람의 조치를 받고 또 적극적 지원을 해서 빨리 신속하게 복구가 될 수 있도록 관리자로서 책임을 다할 수 있도록 하겠습니다.","wordCount":57}}},"rawDataInfo":{"question":{"fileFormat":"wav","fileSize":404558,"duration":12640,"samplingBit":16,"channelCount":1,"samplingRate":"16kHz","audioPath":"/Mock/02.SalesMarketing/Female/Experienced/ckmk_q_sm_f_e_118548.wav"},"answer":{"fileFormat":"wav","fileSize":2752078,"duration":86000,"samplingBit":16,"channelCount":1,"samplingRate":"16kHz","audioPath":"/Mock/02.SalesMarketing/Female/Experienced/ckmk_a_sm_f_e_118548.wav"}}}