{"version":"1.0","dataSet":{"info":{"date":"20230116","occupation":"SM","channel":"MOCK","place":"ONLINE","gender":"FEMALE","ageRange":"45-54","experience":"EXPERIENCED"},"question":{"raw":{"text":"지원자 본인은 지금 읽고 계신 책이 있는지 그리고 그 책이 어떤 건지 말씀해 보실 수 있을까요 또 그 책을 읽는 이유와 함께 설명해 보시죠","wordCount":24},"emotion":[],"intent":[]},"answer":{"raw":{"text":"저는 전훈 작가님의 나를 표현하는 연습이라는 책을 읽고 있는데요. 이 책은 제가 예전에 대학교를 졸업할 때 쯤에 이제 면접 준비를 하는 것에 있어서 많이 긴장되고 어려움을 느꼈을 때 주변 지인의 추천을 받아서 접한 책이었습니다. 기본적으로 말 그대로 나를 표현하기 위해서 어떤 것들이 준비가 되어야 하는지 그런 스스로에 대해서 생각하고 연구하고 좀 필터링 하는 그러한 시간을 가질 수 있게 됐었고 또한 기술적으로 어떻게 호흡하고 이야기하고 하는 것이 나를 정확하고 올바르게 가장 효과적으로 표현할 수 있는지 공부를 할 수 있었던 그런 책이었는데요. 제가 이 회사를 지원하면서 다시 한 번 면접에 대한 욕심이 생기고 조금 더 완벽하게 준비를 했으면 좋겠다 라는 마음이 다시 들어서 초심을 잡고자 다시 한번 책을 읽고 있는 중입니다.","wordCount":109},"emotion":[],"intent":[{"text":"","expression":"","category":"attitude"}],"summary":{"text":"저는 전훈작가님의 나를 표현하는 연습이라는 책을 읽고 있습니다. 이 책을 통해 나를 표현하기 위해 어떤 준비가 필요한지 생각하고 필터링하는 시간을 가질 수 있었고, 기술을 통해 나를 가장 효과적으로 표현할 수 있는 방법을 공부할 수 있었습니다.","wordCount":35}}},"rawDataInfo":{"question":{"fileFormat":"wav","fileSize":524238,"duration":16379,"samplingBit":16,"channelCount":1,"samplingRate":"16kHz","audioPath":"/Mock/02.SalesMarketing/Female/Experienced/ckmk_q_sm_f_e_147875.wav"},"answer":{"fileFormat":"wav","fileSize":1861838,"duration":58180,"samplingBit":16,"channelCount":1,"samplingRate":"16kHz","audioPath":"/Mock/02.SalesMarketing/Female/Experienced/ckmk_a_sm_f_e_147875.wav"}}}