{"version":"1.0","dataSet":{"info":{"date":"20230116","occupation":"SM","channel":"MOCK","place":"ONLINE","gender":"FEMALE","ageRange":"-34","experience":"EXPERIENCED"},"question":{"raw":{"text":"지원자님께서는 협업을 할 때 사교성이 좋은 편이신지 궁금합니다 또 사교성이 부족하다면 사교성을 키우기 위해 어떤 노력을 하셨나요","wordCount":17},"emotion":[],"intent":[]},"answer":{"raw":{"text":"네 전 제 스스로 평가를 했을 때 사교성이 좋고 사람들과 잘 지내는 편이라고 생각을 합니다. 기본적으로 성격이 온화하면서 그리고 친절한 편인데요. 그래서 사람들과 잘 어울리고 또 교우 관계가 좋습니다. 사실 모르는 사람을 봤을 때도 제가 먼저 말을 거는 경우가 많구요. 또 그 사람들과 또 금방 친하게 잘 지내는 것 같습니다. 하지만 저도 처음부터 이렇게 사교성이 좋았던 건 아니고요. 저도 여러 가지 노력을 통해서 사교성이 더 좋아진 것 같습니다. 기본적으로 저는 여러 가지 동호회 활동이라던가 모임을 통해서 여러 사람을 겪었구요. 그리고 그 사람들의 다양성을 존중하면서 대화를 해보면서 오히려 사교성이 더 좋아진 것 같습니다. 이렇게 대내외적으로 여러 활동을 하면서 저도 이런 그 가치관들이 생기고 또 사람과 대화하면서 느끼는 점이 많았는데요. 그래서 아무래도 더 훨씬 더 제가 사교성이 좋아진 것 같습니다. 그래서 회사에서도 이런 좋은 점들이 많이 부각이 되고 있는데요. 회사에서도 협업을 할 때 사교성이 좋기 때문에 사람들과 잘 대화하면서 업무를 해결을 하고요. 그리고 서로 협업을 하면서 좋은 성과를 냈던 그런 경험도 가지고 있습니다.","wordCount":151},"emotion":[],"intent":[{"text":"네 전 제 스스로 평가를 했을 때 사교성이 좋고 사람들과 잘 지내는 편이라고   생각을 합니다.","expression":"c_person","category":"background"},{"text":"저도 여러 가지 노력을 통해서 사교성이 더 좋아진 것 같습니다.","expression":"s_intp","category":"attitude"},{"text":"그리고 그 사람들의 다양성을 존중하면서 대화를 해보면서 오히려 사교성이   더 좋아진 것 같습니다.","expression":"s_intp","category":"attitude"}],"summary":{"text":"성격도 온화하고 친절한 편이라 사람들과 잘 어울리고 교우 관계가 좋습니다. 하지만 사교성이 더 좋아진 건 아니고 여러 가지 동호회 활동이나 모임을 통해서 여러 사람을 겪으면서 다양성을 존중하면서 대화를 해보면서 사교성도 더 나아진 것 같습니다. 대내외적인 여러 활동을 하면서 가치관들이 생기고 사람과 대화하면서 느끼는 점이 많았습니다. 회사에서도 협업할 때 사교성의 장점이 부각되고 있습니다.","wordCount":52}}},"rawDataInfo":{"question":{"fileFormat":"wav","fileSize":408398,"duration":12760,"samplingBit":16,"channelCount":1,"samplingRate":"16kHz","audioPath":"/Mock/02.SalesMarketing/Female/Experienced/ckmk_q_sm_f_e_118543.wav"},"answer":{"fileFormat":"wav","fileSize":2750798,"duration":85960,"samplingBit":16,"channelCount":1,"samplingRate":"16kHz","audioPath":"/Mock/02.SalesMarketing/Female/Experienced/ckmk_a_sm_f_e_118543.wav"}}}