{"version":"1.0","dataSet":{"info":{"date":"20230116","occupation":"SM","channel":"MOCK","place":"ONLINE","gender":"FEMALE","ageRange":"45-54","experience":"EXPERIENCED"},"question":{"raw":{"text":"지원자분이 입사 후에 영업을 해야 할 때 만약 자사를 싫어하는 고객 또는 가맹점 대리점을 포함하여 이런 고객을 만났을 때 이분들을 어떻게 영업을 하시겠습니까","wordCount":23},"emotion":[],"intent":[]},"answer":{"raw":{"text":"우선 우리 회사를 싫어하는 이유에 대해서 확인을 할 것 같습니다. 어떤 부분에서 싫어야 하는지 원인을 파악하는 것은 회사의 직원으로서 우선적으로 해야 하는 업무라고 생각을 하고 만약 그 싫어하는 부분에 대해서 저희가 해결을 해 줄 수 없는 개선할 수 없는 상황이라면 어 정중하게 우리 회사가 아닌 다른 회사에서 그 서비스를 이용할 수 있다고 판단이 되신다면 그것을 이용하시는 게 서로에게 조금 더 이익이고 나은 방향이 될 수 있겠다 라고 제안을 드릴 것 같습니다. 억지로 저희 회사를 싫어하는데 그 고객에게 꼭 굳이 영업을 해야 하는 이유는 없다고 생각합니다.","wordCount":85},"emotion":[],"intent":[{"text":"","expression":"","category":"attitude"}],"summary":{"text":"우리 회사를 싫어하는 이유를 파악하는 것은 회사 직원으로서 우선적으로 해야 하는 업무라고 생각합니다. 개선할 수 없는 상황이라면 다른 회사에서 그 서비스를 이용하는 것이 서로에게 더 이익이 될 것이라고 제안을 할 것 같습니다.","wordCount":32}}},"rawDataInfo":{"question":{"fileFormat":"wav","fileSize":425678,"duration":13300,"samplingBit":16,"channelCount":1,"samplingRate":"16kHz","audioPath":"/Mock/02.SalesMarketing/Female/Experienced/ckmk_q_sm_f_e_147880.wav"},"answer":{"fileFormat":"wav","fileSize":1440718,"duration":45020,"samplingBit":16,"channelCount":1,"samplingRate":"16kHz","audioPath":"/Mock/02.SalesMarketing/Female/Experienced/ckmk_a_sm_f_e_147880.wav"}}}