{"version":"1.0","dataSet":{"info":{"date":"20230116","occupation":"SM","channel":"MOCK","place":"ONLINE","gender":"FEMALE","ageRange":"45-54","experience":"EXPERIENCED"},"question":{"raw":{"text":"우리 회사에 와서 지원자님께서 일을 하게 되면 자료를 문서화할 일이 많습니다 지원자님께서는 문서화 작업이 왜 필요하다고 생각하시는지 말씀해 주시기 바랍니다","wordCount":20},"emotion":[],"intent":[]},"answer":{"raw":{"text":"어 예 당연히 자료는 문서화 해야 되는 것이고 어 뭐 회사에 업무는 문서로 시작해서 문서로 끝나는 것이 아닌가 라고 생각합니다. 어 나 혼자만 하는 회사가 아니기 때문에 내가 혼자 한다 하더라도 어 기억력에 한계가 있고 어 그렇기 때문에 당연히 모든 그 업무 이런 것을 기록으로 문서화 해 두어야 된다 생각을 하고 그렇기 때문에 그 역사 기술서도 그 글이 만들어진 다음부터는 어 뭐 궁에서도 그렇고 여러 가지 역사 기록을 남기지 않습니까. 아 그까 과거를 알아야 현재가 있고 또 현재가 있어야 미래가 있는 것처럼 어 그 이건 너무 좀 비약적이기도 하지만 어 문서화 돼야 그 업무에 대해서 내가 없더라도 내가 또 인수인계 할 때 그런 그 근거 자료가 될 것 같고요. 또 모든 사람이 봐야 되고 그러면서 공유해야 되고 하기 때문에 문서와 작업은 꼭 필요하다고 생각합니다.","wordCount":124},"emotion":[],"intent":[{"text":"","expression":"","category":"attitude"}],"summary":{"text":"회사 업무는 문서로 시작해서 문서로 끝나는 것이 당연한데, 기억력의 한계 때문에 모든 업무를 문서화 해야 한다고 생각합니다. 역사 기술서도 역사 기록을 남기지만, 비약적이기도 합니다. 문서화 되어야 업무 인수인계 시 근거 자료가 될 것이며 모든 사람이 공유하기 때문에 문서와 작업은 꼭 필요합니다.","wordCount":41}}},"rawDataInfo":{"question":{"fileFormat":"wav","fileSize":581518,"duration":18170,"samplingBit":16,"channelCount":1,"samplingRate":"16kHz","audioPath":"/Mock/02.SalesMarketing/Female/Experienced/ckmk_q_sm_f_e_239755.wav"},"answer":{"fileFormat":"wav","fileSize":2741838,"duration":85680,"samplingBit":16,"channelCount":1,"samplingRate":"16kHz","audioPath":"/Mock/02.SalesMarketing/Female/Experienced/ckmk_a_sm_f_e_239755.wav"}}}