{"version":"1.0","dataSet":{"info":{"date":"20230116","occupation":"SM","channel":"MOCK","place":"ONLINE","gender":"FEMALE","ageRange":"45-54","experience":"EXPERIENCED"},"question":{"raw":{"text":"네 글로벌 인재에게 필수인 요소는 무엇이고 어 지원자님께서 그것을 위해 노력했던 것은 무엇인지 말씀해 주세요","wordCount":15},"emotion":[],"intent":[]},"answer":{"raw":{"text":"어 글로벌 인재에게 필수 요소라면 저는 어 그까 예전이라면 뭐 영어 회화 이런 부분이 있겠지만 그 영어 그 대화가 되는 영어 회화 실력은 기본 중의 기본 필수보다 아예 뭐 그냥 기본이기 때문에 이제 그 부분은 기본적인 필수 요소라고 생각을 하고 어 그 요즘은 그까 세계화 그까 서로 문화나 이런 것들 것들을 공유할 수 있는 그런 것들이 인터넷을 통해서 다 가능하기 때문에 어 열린 마음 자세가 아닐까 생각합니다. 서로의 문화나 이런 부분이 다르다 보니깐 어 왜 저럴까 뭐 이러면서 좀 터부시하거나 이렇지 않기 위해서 어 열린 마음 자세 그런 걸 갖기 위해서 저는 그 각 나라들의 그래서 어떤 문화나 이런 것들을 어 체험해보기 위해서 여행도 많이 다녔구요. 또 인터넷상으로도 각 나라에 대한 어떤 그런 것들을 주로 유튜브나 이런 부분을 많이 그 시청 했었던 것 같습니다.","wordCount":124},"emotion":[],"intent":[{"text":"","expression":"","category":"attitude"}],"summary":{"text":"영어 회화 실력은 글로벌 인재에게 필수 요소입니다. 요즘은 서로 문화나 이런 것들을 공유할 수 있는 것들이 인터넷을 통해서 다 가능하기 때문에 열린 마음 자세라고 생각합니다. 이런 걸 갖기 위해서 여행도 많이 다니고, 유튜브나 이런 부분을 많이 시청했던 것 같습니다.","wordCount":39}}},"rawDataInfo":{"question":{"fileFormat":"wav","fileSize":440078,"duration":13750,"samplingBit":16,"channelCount":1,"samplingRate":"16kHz","audioPath":"/Mock/02.SalesMarketing/Female/Experienced/ckmk_q_sm_f_e_180966.wav"},"answer":{"fileFormat":"wav","fileSize":2753998,"duration":86060,"samplingBit":16,"channelCount":1,"samplingRate":"16kHz","audioPath":"/Mock/02.SalesMarketing/Female/Experienced/ckmk_a_sm_f_e_180966.wav"}}}