{"version":"1.0","dataSet":{"info":{"date":"20230116","occupation":"SM","channel":"MOCK","place":"ONLINE","gender":"FEMALE","ageRange":"35-44","experience":"EXPERIENCED"},"question":{"raw":{"text":"본인은 팔로우하고 있는 유튜브나 인스타그램 계정이 있습니까","wordCount":7},"emotion":[],"intent":[]},"answer":{"raw":{"text":"네 저는 아무래도 영업을 하는 사람이기 때문에 기업들의 유튜브나 인스타그램 계정을 많이 팔로우를 하는 편이긴 합니다. 왜냐하면 기업들이 어떤 방식으로 지금 홍보 활동을 벌이고 있고 그리고 어떤 방식으로 소비자들에게 다가가고 있는지를 어 굉장히 관심 있게 보고 있습니다. 최근에는 아무래도 온라인 중심으로 영업 활동이 많이 이뤄지다 보니까 어 젊은 층이 많이 쓰는 인스타그램 그리고 유튜브을 통해서 홍보를 굉장히 많이 벌이고 있습니다. 어 그런 측면에서 저도 열심히 그 부분들을 보고 그리고 참고하면서 공부를 하고 있는데요. 그리고 어떤 특정 기업의 경우에는 그런 것들을 하면서 사람들에게 굉장히 팔로워 수가 높고 또 광고가 아 아닌 것처럼 내보냈는데 오히려 약간 사람들에게 반응이 좋은 그런 게시물을 보기도 했습니다. 그런 걸 보면서 아 요즘에 트렌드도 파악을 하게 되구요. 그리고 제가 영업을 할 때도 참고할 수 있는 그런 것들을 위해서 공부하고 있습니다. 그래서 저는 취미생활 뿐만이 아니라 제가 하고 있는 영업 업무와 관련해서 기업들의 참신한 유튜브나 인스타그램을 참고해서 공부를 많이 하고 있구요. 저도 본 받을 점이 있으면 메모하고 기록을 했다가 또 모방을 하고 참고하고 있곤 합니다.","wordCount":157},"emotion":[],"intent":[{"text":"","expression":"","category":"attitude"}],"summary":{"text":"저는 영업을 하는 사람이기 때문에 기업들의 유튜브나 인스타그램 계정을 많이 팔로우를 하고 있습니다. 최근에는 온라인 중심으로 영업 활동이 많이 이뤄지다보니 젊은 층이 많이 쓰는 인스타그램, 유튜브을 통해서 홍보를 많이 벌이고 있고, 특정 기업의 경우에는 광고와는 다른 홍보 게시물을 보여주기도 했습니다. 이런 것들을 보면서 요즘 트렌드도 파악을 하게 되고, 영업 업무와 관련해 참고하고 있습니니다.","wordCount":53}}},"rawDataInfo":{"question":{"fileFormat":"wav","fileSize":242638,"duration":7580,"samplingBit":16,"channelCount":1,"samplingRate":"16kHz","audioPath":"/Mock/02.SalesMarketing/Female/Experienced/ckmk_q_sm_f_e_134888.wav"},"answer":{"fileFormat":"wav","fileSize":2750798,"duration":85960,"samplingBit":16,"channelCount":1,"samplingRate":"16kHz","audioPath":"/Mock/02.SalesMarketing/Female/Experienced/ckmk_a_sm_f_e_134888.wav"}}}