{"version":"1.0","dataSet":{"info":{"date":"20230116","occupation":"SM","channel":"MOCK","place":"ONLINE","gender":"FEMALE","ageRange":"-34","experience":"EXPERIENCED"},"question":{"raw":{"text":"지원자님이 꿈꾸는 인생의 목표가 있으신가요 있다면 왜 그런 꿈을 꾸는지 어떤 것을 이루고 싶은지도 함께 얘기해 주세요","wordCount":17},"emotion":[],"intent":[]},"answer":{"raw":{"text":"제가 이루고 싶은 인생의 목표는 제가 행복하게 사는 것입니다. 저는 기본적으로 즐겁고 행복한 삶을 살고 싶은데요. 그런데 제가 행복해지는 순간들이 몇 가지가 있습니다. 첫 번째는 저는 일을 할 때 행복한 사람입니다. 보통 사람들은 수동적으로 일을 하거나 아니면 회사에 갈 때 가기 싫어하는 경우도 많은데요. 하지만 저는 저의 일을 아주 좋아하고 또 자부심도 느낍니다. 그렇기 때문에 일을 할 때 전 행복함을 느끼는데요. 앞으로 분명한 목표를 가지고 더 잘하고 싶고 제 자신이 성장할 수 있는 사람이 되고 싶습니다. 어 그런 의미에서 저는 두 번째로는 제가 성장해 나가는 그 과정을 볼 때 제 스스로 굉장히 행복감을 느낍니다. 어 많은 경험을 통해서 제가 배우고 또 생각의 깊이도 깊어지고 그리고 사회적인 경험을 통해서 제 스스로가 발전해 가는 모습을 볼 때 저는 만족감을 느낍니다. 그래서 일하고 성장하고 이런 것들을 계속하면서 저는 행복한 삶을 살 건데요. 제가 앞으로 목표가 있다면 아 늙을 때까지 노후에도 계속 열정적으로 일을 하는 것입니다.","wordCount":142},"emotion":[{"text":"그렇기 때문에 일을 할 때 전 행복함을 느끼는데요.","expression":"p-happiness","category":"positive"},{"text":"어 그런 의미에서 저는 두 번째로는 제가 성장해 나가는 그 과정을 볼 때   제 스스로 굉장히 행복감을 느낍니다.","expression":"p-happiness","category":"positive"},{"text":"어 많은 경험을 통해서 제가 배우고 또 생각의   깊이도 깊어지고 그리고 사회적인 경험을 통해서 제 스스로가 발전해 가는 모습을 볼 때   저는 만족감을 느낍니다.","expression":"p-achievement","category":"positive"}],"intent":[{"text":"첫 번째는 저는 일을 할 때 행복한 사람입니다.","expression":"c_value","category":"background"}],"summary":{"text":"저는 일을 할 때 행복함을 느끼며 성장 할 수 있는 사람이 되고 싶습니다. 또한 성장 과정을 볼 때 행복감을 느낍니다. 일하고 성장하고 이런 것들을 계속하면서 저는 행복한 삶을 살 텐데요. 앞으로 목표가 있다면 아 늙을 때까지 계속 열정적으로 일을 하는 것입니다.","wordCount":41}}},"rawDataInfo":{"question":{"fileFormat":"wav","fileSize":449998,"duration":14060,"samplingBit":16,"channelCount":1,"samplingRate":"16kHz","audioPath":"/Mock/02.SalesMarketing/Female/Experienced/ckmk_q_sm_f_e_107591.wav"},"answer":{"fileFormat":"wav","fileSize":2559438,"duration":79980,"samplingBit":16,"channelCount":1,"samplingRate":"16kHz","audioPath":"/Mock/02.SalesMarketing/Female/Experienced/ckmk_a_sm_f_e_107591.wav"}}}