{"version":"1.0","dataSet":{"info":{"date":"20230116","occupation":"SM","channel":"MOCK","place":"ONLINE","gender":"FEMALE","ageRange":"35-44","experience":"EXPERIENCED"},"question":{"raw":{"text":"해외에 파견 근무를 나가게 된다면 혹시 어느 나라에서 일을 하고 싶으신가요 이유도 함께 말씀해 주세요","wordCount":15},"emotion":[],"intent":[]},"answer":{"raw":{"text":"네 저는 해외 파견 근무를 맡겨 주신다고 하면 저는 유럽에 지원을 해서 가보고 싶습니다. 유럽에도 동유럽 서유럽 그리고 북유럽 같이 여러 유럽이 있는데요. 그중에서도 사실 저는 프랑스에 가보고 싶은 마음이 듭니다. 저는 기본적으로 영업 그리고 아니면 나아가서 마케팅이라는 큰 분야에 업무에서 공부를 해보고 싶은데요. 그 분야에서 아무래도 다양성이 있는 나라가 저는 프랑스라고 생각을 했고요. 여러 문화가 상존하면서도 과거와 현재가 같이 있는 나라라고 생각을 했습니다. 어 꼭 프랑스를 특정해서 하는 건 아니고요. 뭐 동유럽 서유럽 그리고 북유럽 등 그런 유럽 나라에 가서 일을 해보고 싶다 라는 생각이 들었습니다. 어 특히 우리나라와 일하는 방식이라든가 아니면 가치관이 전혀 다르고 또 문화적인 측면에서도 여러 가지가 있기 때문에 그런 다양성을 배우기 위해서 한번 가서 근무를 해보고 싶다 라는 생각이 들고요. 그리고 그들의 문화와 또 동남아 동아시아 문화들을 접목을 한다면 여러 가지 조금 새로운 컨텐츠 새로운 영업 방식을 창출할 수 있을 것 같아서 그런 나라에 가서 다양한 것을 배우고 싶다 라는 생각이 들었습니다. 저에게 그런 기회가 주어졌으면 좋겠습니다.","wordCount":152},"emotion":[],"intent":[{"text":"","expression":"","category":"attitude"}],"summary":{"text":"유럽에 지원을 해서 가보고 싶은데, 그 중에서도 프랑스를 추천하고 싶습니다. 여러 문화가 공존하면서도 과거와 현재가 같이 있는 나라라고 생각했습니다. 그 나라들과 일하는 방식, 가치관, 문화적인 다양성을 배우기 위해서 유럽 나라에 가서 근무를 해보고, 그들의 문화와 동남아 동아시아 문화들을 접목한다면 새로운 영업 방식을 창출할 수 있을 것 같아 그런 기회가 있었으면 좋겠습니다.","wordCount":51}}},"rawDataInfo":{"question":{"fileFormat":"wav","fileSize":333518,"duration":10420,"samplingBit":16,"channelCount":1,"samplingRate":"16kHz","audioPath":"/Mock/02.SalesMarketing/Female/Experienced/ckmk_q_sm_f_e_135013.wav"},"answer":{"fileFormat":"wav","fileSize":2746318,"duration":85820,"samplingBit":16,"channelCount":1,"samplingRate":"16kHz","audioPath":"/Mock/02.SalesMarketing/Female/Experienced/ckmk_a_sm_f_e_135013.wav"}}}