{"version":"1.0","dataSet":{"info":{"date":"20230116","occupation":"SM","channel":"MOCK","place":"ONLINE","gender":"FEMALE","ageRange":"35-44","experience":"EXPERIENCED"},"question":{"raw":{"text":"어 기차가 운행을 하다가 산사태로 삼십 분 동안 정차가 되었습니다 이때 관리 책임의 위치에 있으시다면 어 이런 경우에는 어떻게 조치를 하실지 궁금합니다","wordCount":22},"emotion":[],"intent":[]},"answer":{"raw":{"text":"일단 먼저 산사태로 인해서 승객들이 굉장히 불안해 겪었고 있을 네 그것들을 감안하였을 때 먼저 안심을 시켜 드리는 것이 우선이라고 생각합니다. 지금 현 상황을 보고하고 그리고 언제쯤 다시 운행 개시될지를 먼저 알려주고 그리고 그것에 대한 불편함에 대해서 분명히 사과를 하고 그다음에 이 삼십 분 동안 이분들이 산사태로 인해서 겪어 겪을 수도 있는 피해가 있다 라는 불안감 이런 것들은 쫌 잠재워 줄 수 있는 서비스 아니면 음악이라든가 차라든가 쫌 평온한 마음을 다스릴 수 있는 그러한 기타 등등의 서비스를 좀 제공을 해서 이 삼십 분이 길지 않게 느껴지는데 게 하게끔 최선을 다할 수 있을 것 같습니다.","wordCount":93},"emotion":[],"intent":[{"text":"","expression":"","category":"attitude"}],"summary":{"text":"산사태로 인한 승객들의 불안감을 해소하기 위해 운행 개시일과 운행시간에 대한 안내, 불편사항에 대한 사과, 불안감 해소를 위한 서비스를 제공해야 합니다.","wordCount":20}}},"rawDataInfo":{"question":{"fileFormat":"wav","fileSize":480078,"duration":15000,"samplingBit":16,"channelCount":1,"samplingRate":"16kHz","audioPath":"/Mock/02.SalesMarketing/Female/Experienced/ckmk_q_sm_f_e_227237.wav"},"answer":{"fileFormat":"wav","fileSize":1839438,"duration":57480,"samplingBit":16,"channelCount":1,"samplingRate":"16kHz","audioPath":"/Mock/02.SalesMarketing/Female/Experienced/ckmk_a_sm_f_e_227237.wav"}}}