{"version":"1.0","dataSet":{"info":{"date":"20230116","occupation":"SM","channel":"MOCK","place":"ONLINE","gender":"FEMALE","ageRange":"35-44","experience":"EXPERIENCED"},"question":{"raw":{"text":"업무를 할 때 팀으로 일하는 것과 혼자 일하는 것 중 어는 것을 더 선호하는지 말씀해 주세요","wordCount":16},"emotion":[],"intent":[]},"answer":{"raw":{"text":"네 저는 기본적으로 업무를 할 때 혼자 일하는 것과 팀원으로 참여하는 것도 모두 좋아하는 편입니다. 업무의 방식을 가리진 않구요. 목적을 향해서 정확한 방향성을 가지고 업무를 하는 걸 좋아하는 편인 것 같습니다. 아 따라서 그 방식이 맞다고 하면 혼자 일하던 아니면 팀으로 일하던 어 그거는 중요하지 않다고 생각을 하고요. 저는 어느 방식이던지 열심히 참여해서 성과를 낼 수 있는 자신이 있습니다. 아 다만 기본적으로 혼자 일 할 때와 팀으로 일할 때 각각의 장단점이 있는데요. 저는 기본적으로 영업을 할 때는 혼자 구상을 하게 됩니다. 어 갖고 있는 이제 인맥 관리라든가 아니면 사람을 대하는 일 커뮤니케이션 그리고 전략에 대해서 혼자 고민을 하고 업무를 수행을 하게 됩니다. 그리고 저는 기본적으로 시간 관리를 좀 철저하게 하는 편이어서 개인 업무를 할 때는 이렇게 시간 관리가 가능하다는 장점이 있을 것 같습니다. 다만 영업이 팀으로 움직이게 되면 또 성과가 굉장히 좋은데요. 좋은 사람들과 일을 하다보면 시너지가 나기 때문에 성과가 좋을 때가 많았던 것 같습니다. 저는 어떤 방식이든지 열심히 잘 할 수 있는 자신이 있습니다.","wordCount":155},"emotion":[{"text":"좋은 사람들과 일을 하다보면 시너지가 나기 때문에 성과가 좋을 때가 많았던 것 같습니다.","expression":"p-achievement","category":"positive"}],"intent":[{"text":"다만 영업이 팀으로 움직이게 되면 또 성과가 굉장히 좋은데요.","expression":"c_cop","category":"personality"}],"summary":{"text":"업무의 방식을 가리진 않으며 목적을 향해 정확한 방향성을 가지고 업무를 하는 걸 좋아하는 편입니다. 저는 어떤 방식든지 열심히 참여해서 성과를 낼 수 있는 자신이 있습니다. 다만 기본적으로 혼자 일 할 때와 팀으로 일할 때 각각의 장단점이 있습니다. 그리고 시간 관리를 좀 철저하게 하는 편이어서 개인 업무를 할 때는 시간 관리가 가능하다는 장점이 있을 것 같습니다.","wordCount":55}}},"rawDataInfo":{"question":{"fileFormat":"wav","fileSize":304718,"duration":9520,"samplingBit":16,"channelCount":1,"samplingRate":"16kHz","audioPath":"/Mock/02.SalesMarketing/Female/Experienced/ckmk_q_sm_f_e_107701.wav"},"answer":{"fileFormat":"wav","fileSize":2752718,"duration":86020,"samplingBit":16,"channelCount":1,"samplingRate":"16kHz","audioPath":"/Mock/02.SalesMarketing/Female/Experienced/ckmk_a_sm_f_e_107701.wav"}}}