{"version":"1.0","dataSet":{"info":{"date":"20230116","occupation":"SM","channel":"MOCK","place":"ONLINE","gender":"FEMALE","ageRange":"-34","experience":"EXPERIENCED"},"question":{"raw":{"text":"저희 회사 같은 경우에는 지금 지사가 여러 개가 있기 때문에 일을 하다 보면 다른 지역에서 근무할 수도 있습니다 이런 여건에 대해서는 괜찮다고 생각을 하시는지 궁금하네요","wordCount":25},"emotion":[],"intent":[]},"answer":{"raw":{"text":"저는 일을 하다 보면 다른 지역에서도 충분히 근무할 수 있다고 생각을 합니다. 아무래도 일을 하다보면 다른 지역으로 전출을 가거나 그리고 타 지역에 급하게 인원이 부족할 경우에 어 갈 수도 있다고 생각을 하는데요. 사실 요즘 사람들은 타 지역에서 근무하는 걸 많이 기피하는 경향이 강한 것 같습니다. 아무래도 본인의 거주하는 생활에서 벗어나서 다른 지역에서 근무를 하게 되면 적응도 해야 되고 또 가족들 간의 문제도 있을 텐데요. 저는 그런 말에서 조금 자유로운 편인거 같습니다. 아무래도 업무를 하는 게 일단 가장 중요하기 때문에 뭐 지리적 상황적 여건에 크게 게의치 않는 편인 것 같구요. 그리고 뭐 다른 지역에 근무를 한다고 하더라도 평생 그쪽에서 근무를 하는 게 아니고 다시 전출될 수 있는 기회가 있다고 하면 저는 흔쾌히 받아들이고 수용할 의지가 있습니다. 그래서 저는 해외에서도 근무를 한 경험이 있구요. 타 지역에서도 급하게 어 자원이 필요해서 제가 직접 가서 지원을 해서 간 적도 있습니다. 그렇기 때문에 그런 여러 가지 여건과 변화는 충분히 일어날 수 있구요. 또 상황이 다시 변할 수 있기 때문에 저는 그런 것들은 흔쾌하게 긍정적으로 수용하겠습니다.","wordCount":160},"emotion":[{"text":"그래서 저는   해외에서도 근무를 한 경험이 있구요.","expression":"u-fact","category":"neutral"}],"intent":[{"text":"","expression":"","category":"attitude"}],"summary":{"text":"요즘 사람들은 타 지역에서 근무하는 걸 기피하는 경향이 강한 것 같습니다. 하지만 업무를 하는 게 가장 중요하기 때문에 지리적 상황적 여건에 크게 게의치 않고 또 다시 전출될 수 있는 기회가 있다면 기꺼이 받아들이고 수용할 의지가 있습니다. 여건과 변화는 충분히 일어날 수 있고 또 상황이 다시 변할 수 있기 때문에 그런 것들은 흔쾌하게 긍정적으로 수용하겠습니다.","wordCount":54}}},"rawDataInfo":{"question":{"fileFormat":"wav","fileSize":454478,"duration":14200,"samplingBit":16,"channelCount":1,"samplingRate":"16kHz","audioPath":"/Mock/02.SalesMarketing/Female/Experienced/ckmk_q_sm_f_e_113770.wav"},"answer":{"fileFormat":"wav","fileSize":2739278,"duration":85600,"samplingBit":16,"channelCount":1,"samplingRate":"16kHz","audioPath":"/Mock/02.SalesMarketing/Female/Experienced/ckmk_a_sm_f_e_113770.wav"}}}