{"version":"1.0","dataSet":{"info":{"date":"20230116","occupation":"SM","channel":"MOCK","place":"ONLINE","gender":"FEMALE","ageRange":"-34","experience":"EXPERIENCED"},"question":{"raw":{"text":"얼마 전에 구급 대원이 주취자에게 폭행을 당해서 순직 당하는 일이 있었습니다 이 사건에 대해서 어떻게 생각하시나요","wordCount":16},"emotion":[],"intent":[]},"answer":{"raw":{"text":"네 구급 대원이 술에 취한 주취자에게 폭행을 당했을 뿐만이 아니라 최근에 이런 범죄가 일어나고 있습니다. 굉장히 도덕성에 어긋나는 범죄이고 어 사회적으로 일어서는 일어나서는 안 되는 범죄들이 우리 사회에서 많이 일어나고 있는 것 같습니다. 어 이런 것들이 다시 재발하지 않기 위한 방지책들이 나와야 할 것 같은데요. 어 이미 이런 일들이 이 몇 년 그리고 몇 십 년 동안 반복돼 오고 있는데도 우리 사회에서 계속해서 일어난다고 하는 건 좀 고민해 볼 지점인 것 같습니다. 어 앞으로 좀 방지 대책을 철저하게 세워야 될 것 같고요. 어 그리고 만약에 이런 일이 더 이상 발생을 한다면 그 사람에 대한 처벌을 강화해서 다시는 이런 일이 일어나지 않도록 방지하는 게 중요하다고 생각을 합니다. 어 사실 범죄라는 게 본인이 처벌을 받으면 되는 문제가 아니라 상대방에게 피해를 입히는 일이기 때문에 더욱더 엄벌을 해야 한다고 생각을 합니다. 그래서 이런 사건에 대해서 우리 사회가 경각심을 주고 또 교육을 통해서 어 발생하지 않도록 그렇게 예방하는 일이 매우 중요하다고 생각을 합니다.","wordCount":148},"emotion":[{"text":"어 그리고 만약에 이런 일이 더   이상 발생을 한다면 그 사람에 대한 처벌을 강화해서 다시는 이런   일이 일어나지 않도록 방지하는 게 중요하다고 생각을 합니다.","expression":"u-belief","category":"neutral"},{"text":"어 사실 범죄라는   게 본인이 처벌을 받으면 되는 문제가 아니라 상대방에게 피해를 입히는 일이기   때문에 더욱더 엄벌을 해야 한다고 생각을 합니다.","expression":"u-belief","category":"neutral"},{"text":"그래서 이런 사건에 대해서   우리 사회가 경각심을 주고 또 교육을 통해서 어 발생하지 않도록   그렇게 예방하는 일이 매우 중요하다고 생각을 합니다.","expression":"u-belief","category":"neutral"}],"intent":[{"text":"어 사실 범죄라는   게 본인이 처벌을 받으면 되는 문제가 아니라 상대방에게 피해를 입히는 일이기   때문에 더욱더 엄벌을 해야 한다고 생각을 합니다.","expression":"c_value","category":"background"},{"text":"그래서 이런 사건에 대해서   우리 사회가 경각심을 주고 또 교육을 통해서 어 발생하지 않도록   그렇게 예방하는 일이 매우 중요하다고 생각을 합니다.","expression":"c_value","category":"background"}],"summary":{"text":"최근 구급 대원이 술에 취한 주취자에게 폭행을 당했을 뿐만이 아니라 최근에 이런 범죄가 일어나고 있습니다. 굉장히 도덕성에 어긋나는 범죄이고 사회적으로 일어나서는 안 되는 범죄들이 우리 사회에서 많이 일어나고 있는 것 같습니다. 범죄라는 게 상대방에게 피해를 입히는 일이기 때문에 더욱더 엄벌을 해야 한다고 생각을 합니다.","wordCount":44}}},"rawDataInfo":{"question":{"fileFormat":"wav","fileSize":467918,"duration":14620,"samplingBit":16,"channelCount":1,"samplingRate":"16kHz","audioPath":"/Mock/02.SalesMarketing/Female/Experienced/ckmk_q_sm_f_e_142123.wav"},"answer":{"fileFormat":"wav","fileSize":2851918,"duration":89120,"samplingBit":16,"channelCount":1,"samplingRate":"16kHz","audioPath":"/Mock/02.SalesMarketing/Female/Experienced/ckmk_a_sm_f_e_142123.wav"}}}