{"version":"1.0","dataSet":{"info":{"date":"20230116","occupation":"SM","channel":"MOCK","place":"ONLINE","gender":"FEMALE","ageRange":"35-44","experience":"EXPERIENCED"},"question":{"raw":{"text":"혹시 본인만의 스트레스 해소 방법이 있다면 왜 그런 방법으로 스트레스를 해소하는지 그 이유와 해소 방법에 대해서 말씀해 주세요","wordCount":18},"emotion":[],"intent":[]},"answer":{"raw":{"text":"스트레스를 잘 안 받아요. 그래서 사실 저만의 스트레스 해소법은 없는데 그런데 제가 생각해보니까 저는 좀 틈을 안 주고 항상 뭔가를 하거든요. 그래서 일을 안 할 때도 뭔가 그 아까 파우치 만든다고 했던 것처럼 손으로 뭔가를 한다던지 뭐 집안일을 계속 한다던지 혹은 갑자기 뭐 궁금한 것들을 좀 찾아본다던지 뭐 이런 식으로 아예 아무 것도 안 하는 상태를 잘 안 두는데 저를 제가 습관적으로 하는 것 중의 하나가 좀 웃긴 거를 찾아보는 거거든요. 그런데 그러다 보면 되게 저도 모르게 많이 웃게 되고 그게 저도 모르게 스트레스를 쌓이지 않게 하는 길로 가는 것 같더라고요. 그래서 부정적인 감정이나 그런 것들을 오래 끌고 가지 않으려고 많이 노력하는 편인 것 같아요. 그런데 그게 제가 애쓰면서 노력해 왔던 게 아니라 저의 어떤 자연스러운 습관 안에서 그냥 형성되었던 그렇게 축적이 되어 왔던 그런 행동인 것 같아요. 그래서 저의 스트레스는 해소법은 따로 없고 그냥 저의 일상 자체가 스트레스를 오지 않게끔 해주는 것 같아요.","wordCount":144},"emotion":[],"intent":[{"text":"그래서 부정적인 감정이나 그런 것들을 오래 끌고 가지 않으려고   많이 노력하는 편인 것 같아요.","expression":"c_person","category":"background"}],"summary":{"text":"스트레스 해소법은 따로 없고 그냥 저의 일상 자체가 스트레스를 오지 않게끔 해주는 것 같습니다. 저는 틈이 나면 항상 뭔가를 합니다. 그러다 보면 나도 모르게 웃게 되고 스트레스가 쌓이지 않게 됩니다. 그래서 부정적인 감정이나 스트레스는 오래 가지 않게 많이 노력하는 편입니다.","wordCount":40}}},"rawDataInfo":{"question":{"fileFormat":"wav","fileSize":373518,"duration":11670,"samplingBit":16,"channelCount":1,"samplingRate":"16kHz","audioPath":"/Mock/02.SalesMarketing/Female/Experienced/ckmk_q_sm_f_e_156959.wav"},"answer":{"fileFormat":"wav","fileSize":2427598,"duration":75860,"samplingBit":16,"channelCount":1,"samplingRate":"16kHz","audioPath":"/Mock/02.SalesMarketing/Female/Experienced/ckmk_a_sm_f_e_156959.wav"}}}