{"version":"1.0","dataSet":{"info":{"date":"20230116","occupation":"SM","channel":"MOCK","place":"ONLINE","gender":"FEMALE","ageRange":"35-44","experience":"EXPERIENCED"},"question":{"raw":{"text":"업무 시 분쟁이 발생할 때를 대비한 지원자님만의 대처법이 있습니까 그 대처법이 있다면 무엇인지 궁금합니다","wordCount":14},"emotion":[],"intent":[]},"answer":{"raw":{"text":"네 업무 시에 분쟁이 발생했을 때 가장 중요한 건 빠르고 신속하게 해결하는 게 가장 중요하다고 생각이 됩니다. 그래서 저는 그 상황이 더 악화되기 이전에 빨리 최선을 다해서 노력하려고 하는데요. 일단 어떤 업무 분쟁이 발생하느냐에 따라 다르겠지만 어떤 시스템에서 문제가 발생할 수도 있고 업무적으로 분쟁이 아니면 감정적으로 일어날 수도 있는 것 같습니다. 어 대처 방법 은 그 때 그 때 다 다른 것 같은데요. 일단 프로세스에 문제가 생겼다면 어떤 프로세스에 문제가 생겼는지 객관적으로 발견을 해야 될 것 같습니다. 그리고 나서 그 문제가 왜 발생이 됐고 그리고 그 문제를 어떻게 하면 해결할 수 있을지 그 대처법에 대해서 고민을 해 볼 텐데요. 기본적으로 빠르지만 또 정확하고 신속하게 해야 되는 것 같습니다. 이 문제를 이렇게 해결 했을 때 가장 효율적이겠다 라는 대안을 생각을 해서 그때 상황에 맞춰서 대처를 할 생각이고요. 만약에 뭐 갈등 문제가 빚어졌다 라고 하면 그 인간관계를 회복하는 게 제일 중요할 거 같습니다. 그래서 감정적인 부분은 또 신속하게 빠르게 해결이 돼야 어 골이 깊어지지 않고 관계가 틀어지지 않을 수 있기 때문에 좀 빠르면서도 정확하고 또 효율적으로 분쟁을 해결하는 게 중요하다고 생각합니다.","wordCount":169},"emotion":[],"intent":[{"text":"그래서 감정적인 부분은 또 신속하게   빠르게 해결이 돼야 어 골이 깊어지지 않고 관계가 틀어지지 않을 수 있기 때문에   좀 빠르면서도 정확하고 또 효율적으로 분쟁을 해결하는 게 중요하다고 생각합니다.","expression":"c_confl_mg","category":"personality"}],"summary":{"text":"업무 시 분쟁이 발생했을 때 가장 중요한 건 빠르고 신속하게 해결하는 게 가장 중요하다고 생각되어 상황이 더 악화되기 전에 빨리 최선을 다하려 합니다. 프로세스에 문제가 생겼다면 객관적으로 발견을 해야 될 것 같습니다. 갈등 문제가 빚어졌다면 인간관계를 회복하는 게 제일 중요하기 때문에 빠르면서도 정확하고 효율적인 분쟁을 해결하는 게 중요하다고 생각합니다.","wordCount":49}}},"rawDataInfo":{"question":{"fileFormat":"wav","fileSize":574478,"duration":17950,"samplingBit":16,"channelCount":1,"samplingRate":"16kHz","audioPath":"/Mock/02.SalesMarketing/Female/Experienced/ckmk_q_sm_f_e_113553.wav"},"answer":{"fileFormat":"wav","fileSize":2819278,"duration":88100,"samplingBit":16,"channelCount":1,"samplingRate":"16kHz","audioPath":"/Mock/02.SalesMarketing/Female/Experienced/ckmk_a_sm_f_e_113553.wav"}}}