{"version":"1.0","dataSet":{"info":{"date":"20230116","occupation":"SM","channel":"MOCK","place":"ONLINE","gender":"FEMALE","ageRange":"55-","experience":"EXPERIENCED"},"question":{"raw":{"text":"업무 특성상 교번 근무를 해야 할 상황이 많이 생길 수도 있는데요 지원자님께서는 본인이 교번 근무에 잘 적응할 수 있다고 생각하신다면 어 그 근거도 함께 말씀해 주시길 바랍니다","wordCount":27},"emotion":[],"intent":[]},"answer":{"raw":{"text":"예 저는 교번 근무에 자주 적응할 수 있다고 생각하냐는 이 질문에 사실 잠깐 고민을 해 보았습니다. 제가 옛날에 한 번 교번 근무를 해 봤거든요. 근데 교번 근무를 했는데 그때 이제 이십 사 시간 근무는 아니었구요. 아 저녁 새벽 두 시까지 하는 교번 근무였는데 아 삼 교대로 이루어져 있었습니다. 삼 교대로 이루어져 있었는데 아 그 삼 교대가 일 주일 단위로 번갈아 가면서 했었거든요. 그래서 아침에는 어 아침 아홉 시에서 이제 몇 시까지 하고 또 오후에 또 몇 시에서 몇 시까지 하고 새벽 두 시까지 또 삼 교대로 움직이는 거였는데 일주일은 그 시간에 적응을 하고 그다음 주에 또 적응을 하는 거는 낮까지는 크게 문제가 되지 않더라구요. 그 이제 새벽에 아 하다 보니 새벽에는 상당히 몸에 무리가 가는 것을 느끼긴 했습니다. 예 근데 저만의 노하우라고 하면 아 제가 커피를 마시면 약간 저녁이나 새벽 근무에 아주 또랑또랑하게 있을 수 있더라구요. 그래서 세 번째 주 어 돌아오는 세 번째 주에 새벽 두 시까지 근무하게 됐을 때는 제가 저녁 쯤에 좀 투샷 정도의 커피를 마시면서 교번 근무에 적응을 했었습니다. 하다 보니 그 시간을 지나고 나니 어 잠이 잘 안 오는 그런 좀 나쁜 습관 예 그런 경우가 있었지만 또 해외 여행을 하다 보면 시차가 있잖아요. 근데 저는 이제 딱 자고 나면 어 내가 눈 떴을 때가 낮인 것 같더라구요. 그래서 교번 근무에도 잘 적응할 거라고 생각합니다.","wordCount":210},"emotion":[{"text":"제가 옛날에 한 번 교번 근무를 해 봤거든요.","expression":"u-fact","category":"neutral"}],"intent":[{"text":"","expression":"","category":"attitude"}],"summary":{"text":"교번 근무에 자주 적응할 수 있느냐에 대한 질문에 고민 해 보았습니다. 예전에 교번 근무를 한 적이 있었는데 삼 교대로 이루어졌습니다. 삼 교대가 일 주일 단위로 번갈아 가면서 했었는데 일주일은 그 시간에 적응을 하는 것은 낮까지는 크게 문제가 되지 않았습니다. 새벽에는 상당히 몸에 무리가 가긴 했었는데, 세 번째 주에 새벽 두 시까지 근무하게 됐을 때는 좀 투샷 정도의 커피를 마시면서 교번근무에 적응을 했습니다","wordCount":62}}},"rawDataInfo":{"question":{"fileFormat":"wav","fileSize":535118,"duration":16720,"samplingBit":16,"channelCount":1,"samplingRate":"16kHz","audioPath":"/Mock/02.SalesMarketing/Female/Experienced/ckmk_q_sm_f_e_240236.wav"},"answer":{"fileFormat":"wav","fileSize":3737678,"duration":116800,"samplingBit":16,"channelCount":1,"samplingRate":"16kHz","audioPath":"/Mock/02.SalesMarketing/Female/Experienced/ckmk_a_sm_f_e_240236.wav"}}}