{"version":"1.0","dataSet":{"info":{"date":"20230116","occupation":"SM","channel":"MOCK","place":"ONLINE","gender":"FEMALE","ageRange":"35-44","experience":"EXPERIENCED"},"question":{"raw":{"text":"업무를 하던 중에 직무가 적성에 맞지 않는다면 어떻게 지원자는 행동하시겠습니까 상황을 가정해서 말씀해 주세요","wordCount":14},"emotion":[],"intent":[]},"answer":{"raw":{"text":"저는 직무가 적성에 맞지 않는다면 그건 모두를 위해서라도 그만 두는 게 맞다고 생각합니다. 말 그대로 적성이란 건 저에게 맞는다 라는 표현인데 맞지 않는 것을 계속해서 어렵게 이끌고 간다면 그것이 결국 조직의 단체에 좋은 영향이 가지 않고 오히려 해를 끼치게 되는 경우도 발생할 수 있다고 생각을 합니다. 어 이 세상에는 정말 많은 회사와 정말 많은 직종과 정말 많은 직업들이 있을 텐데 그 안에서 굳이 제가 적성에 맞지 않는 것을 해야 할 이유는 없다고 생각하고 무엇이든 많이 도전해 봐서 저에게 가장 최선의 그런 선택 최선의 직무을 찾아서 하는 것이 제 인생을 위해서도 좋다고 생각을 하고 있습니다.","wordCount":94},"emotion":[],"intent":[{"text":"","expression":"","category":"attitude"}],"summary":{"text":"저는 직무가 적성에 맞지 않는다면 모두를 위해서라도 그만 두는 게 맞다고 생각합니다. 무엇이든 많이 도전해 봐서 제가 가장 최선의 선택 최선의 직무를 찾는 것이 제 인생을 위해서도 좋다고 생각을 하고 있습니다.","wordCount":31}}},"rawDataInfo":{"question":{"fileFormat":"wav","fileSize":382158,"duration":11940,"samplingBit":16,"channelCount":1,"samplingRate":"16kHz","audioPath":"/Mock/02.SalesMarketing/Female/Experienced/ckmk_q_sm_f_e_104058.wav"},"answer":{"fileFormat":"wav","fileSize":1993038,"duration":62280,"samplingBit":16,"channelCount":1,"samplingRate":"16kHz","audioPath":"/Mock/02.SalesMarketing/Female/Experienced/ckmk_a_sm_f_e_104058.wav"}}}