{"version":"1.0","dataSet":{"info":{"date":"20230116","occupation":"SM","channel":"MOCK","place":"ONLINE","gender":"FEMALE","ageRange":"55-","experience":"EXPERIENCED"},"question":{"raw":{"text":"남들과 다른 자신만의 경쟁력을 말씀해 주세요 경쟁력을 키우기 위해 어떤 노력을 하셨나요","wordCount":12},"emotion":[],"intent":[]},"answer":{"raw":{"text":"남들과는 다른 자신만의 경쟁력을 설명해 주라고 하셨는데요. 어 저는 아 제가 화학을 전공을 했지만 제 전공은 화학이었습니다 화학을 전공을 했지만 이 화학 하나 가지고서는 아 이 사십 년 전 사십 년 전 삼십 년 전에는 아 여자가 화학 하나만 가지고 화학만 잘한다 하 해 가지고는 취직을 할 수가 없었습니다. 그래서 그때 생각을 한 것이 아 하나를 더 키워야 되겠다 그면서 영어 공부를 되게 열심히 했습니다. 그래서 대학교 일 학년 때부터 십 년간 영어 회화 학원을 다니기 시작을 했는데요. 그때 그러면서 영어 회화 가능한 아 그렇 일종의 인재가 되었지요. 그래서 영예 영어 회화 가능하고 토익 점수를 자료 제출로 하고 그러면서 취직이 잘 됐다고 생각을 했습니다. 그래서 지금도 그때 십 년 간 배운 영어 회화라든가 그다음에 영어 공부 그다음에 영어 토익 공부 그것이 밑바탕이 되어서 지금도 일반 상식은 남과 뒤지지 않게 되었다고 저는 생각을 합니다. 그리고 영어를 조금이라도 아는 것이 얼마나 외국에 나갔을 때 이득이 되는지 그다음에 행복한지 그다음에 어 외국인을 만나도 전혀 두렵지 않습니다. 전혀 두렵지 않고 외국인을 보면 아 저 사람들한테 저 사람들에게 도움을 주는 것은 무엇일까 저 사람들이 우리나라 왔을 때 좀 더 즐기고 갔으면 좋겠다 라는 생각을 해서 많이 메이 아이 헬프 유 하면서 많이 도와주고 있습니다. 그래서 저는 제가 영어 회화 가능한 것이 남들과의 큰 경쟁력이라고 생각을 합니다.","wordCount":201},"emotion":[{"text":"어 저는 아 제가 화학을 전공을 했지만 제 전공은 화학이었습니다","expression":"u-fact","category":"neutral"},{"text":"그래서 대학교 일 학년 때부터 십 년간 영어 회화 학원을 다니기 시작을 했는데요.","expression":"u-fact","category":"neutral"}],"intent":[{"text":"어 저는 아 제가 화학을 전공을 했지만 제 전공은 화학이었습니다","expression":"c_private","category":"background"}],"summary":{"text":"저는 화학을 전공했지만 화학 하나 가지고서는 취직을 할 수가 없어서 영어 공부를 열심히 했습니다. 그래서 십 년간 영어 회화 학원을 다니면서 일종의 인재가 되었습니다. 그래서 지금도 영어 회화, 영어 공부, 영어 토익 공부가 밑바탕이 되어 지금도 일반 상식은 남과 가리지 않게 되었다고 생각합니다. 그리고 저는 영어 회화 가능한 것이 남들과의 큰 경쟁력이라고 생각을 합니다.","wordCount":54}}},"rawDataInfo":{"question":{"fileFormat":"wav","fileSize":335438,"duration":10480,"samplingBit":16,"channelCount":1,"samplingRate":"16kHz","audioPath":"/Mock/02.SalesMarketing/Female/Experienced/ckmk_q_sm_f_e_241941.wav"},"answer":{"fileFormat":"wav","fileSize":3694478,"duration":115450,"samplingBit":16,"channelCount":1,"samplingRate":"16kHz","audioPath":"/Mock/02.SalesMarketing/Female/Experienced/ckmk_a_sm_f_e_241941.wav"}}}