{"version":"1.0","dataSet":{"info":{"date":"20230116","occupation":"SM","channel":"MOCK","place":"ONLINE","gender":"FEMALE","ageRange":"35-44","experience":"EXPERIENCED"},"question":{"raw":{"text":"여러 사람들과 함께 일을 하다 보면 구성원들과 갈등이 생길 일이 있습니다 지원자님께서는 이런 상황에서 어떻게 해결하시는지 말씀해 주시기 바랍니다","wordCount":19},"emotion":[],"intent":[]},"answer":{"raw":{"text":"어 여러 사람들과 함께 일을 하다 보면 갈등이 생기는 거는 어쩔 수 없는 부분인데 먼저 대화를 통해서 갈등의 원인부터 찾아낼 것 같습니다. 물론 대화를 하다 보면 개개인의 입장이 다 다르고 받아들이는 정도가 다 다르기 때문에 하나의 입장으로 모이기는 힘들 것입니다. 하지만 제일 중요한 것은 대화를 통해 구성원들의 마음을 읽어주고 이해해주는 것이라고 생각합니다. 해결법이 백 프로 구성원들의 마음에 듣는 경우는 없을 것입니다. 하지만 우선 나의 마음을 읽어주고 이해해 준다면 어느 정도 풀린다고 생각하기 때문에 충분한 대화를 통해서 해결할 수 있는 방법을 만들어 볼 것 같습니다.","wordCount":84},"emotion":[],"intent":[{"text":"","expression":"","category":"attitude"}],"summary":{"text":"여러 사람과 함께 일하다 보면 갈등이 생기는데 먼저 대화를 통해 갈등의 원인부터 찾아낼 것 같습니다. 우선 저의 마음을 읽어주고 이해해 준다면 어느 정도 해결이 된다고 생각하기 때문에 충분한 대화를 통해 해결할 수 있는 방법을 만들어 볼 것입니다.","wordCount":37}}},"rawDataInfo":{"question":{"fileFormat":"wav","fileSize":623438,"duration":19480,"samplingBit":16,"channelCount":1,"samplingRate":"16kHz","audioPath":"/Mock/02.SalesMarketing/Female/Experienced/ckmk_q_sm_f_e_227916.wav"},"answer":{"fileFormat":"wav","fileSize":1528398,"duration":47760,"samplingBit":16,"channelCount":1,"samplingRate":"16kHz","audioPath":"/Mock/02.SalesMarketing/Female/Experienced/ckmk_a_sm_f_e_227916.wav"}}}