{"version":"1.0","dataSet":{"info":{"date":"20230116","occupation":"SM","channel":"MOCK","place":"ONLINE","gender":"FEMALE","ageRange":"-34","experience":"EXPERIENCED"},"question":{"raw":{"text":"혹시 면접자 분께서는 스트레스를 받으면 어떻게 해소를 하시나요 나만의 스트레스를 해소하는 방법이 있다 라고 하면 말씀을 해주시고요 왜 그 방법으로 스트레스를 해소하는지 설명을 해 보시죠","wordCount":25},"emotion":[],"intent":[]},"answer":{"raw":{"text":"네 저는 스트레스를 해소하는 방법은 바로 걷는 거 인데요. 어 걷기가 정말 건강에도 좋고 스트레스를 해소하는 아주 좋은 방법으로 알려져 있습니다. 저는 사실 어렸을 때부터 걷는 걸 굉장히 좋아했습니다. 어렸을 때 사춘기부터 고민이 많을 때는 항상 한강이나 아니면 강 주변 그리고 어 산책을 하면서 어 걷는 걷기를 열심히 하면 굉장히 스트레스도 풀리고 기분도 좋아지는 경험을 많이 했기 때문인데요. 그래서 성인이 돼서도 그런 습관이 남아있어선지 저는 걷는 걸 통해서 스트레스를 해소하고 있습니다. 예를 들어서 퇴근 후에 집에서 걸어온다던가 아니면은 집에 가서 짐을 놓고 또 밖에 나가서 약간 산책을 하다보면 기분이 저절로 좋아지는 걸 느낄 수가 있는데요. 어 제가 어떤 고민이 있을 때 그 고민에 대해서 구체적으로 그게 풀리지는 않더라고 하더라도 시간이 지나면서 자연스럽게 어 그 감정들이 완화되는 것 같습니다. 그래서 저는 감정을 조절을 하거나 또 편안한 마음을 느낄 때는 주로 걷기를 많이 하는데요. 실제로도 과학적으로 스트레스를 풀리는 아주 좋은 방법으로 알려져 있습니다. 그래서 저는 스트레스 받거나 힘든 일 고민이 있을 때는 걷는 방법을 통해서 지혜롭게 해결을 하고 있습니다.","wordCount":157},"emotion":[],"intent":[{"text":"","expression":"","category":"attitude"}],"summary":{"text":"걷기는 건강에도 좋고 스트레스를 해소하는 아주 좋은 방법으로 알려져 있습니다. 실제로도 과학적으로 스트레스를 풀리는 아주 좋은 방법이라고 알려져 있으며, 그래서 저는 스트레스 받거나 힘든 일 고민이 있을 때는 걷는 방법을 통해서 지혜롭게 해결을 하고 잇습니다.","wordCount":35}}},"rawDataInfo":{"question":{"fileFormat":"wav","fileSize":625038,"duration":19530,"samplingBit":16,"channelCount":1,"samplingRate":"16kHz","audioPath":"/Mock/02.SalesMarketing/Female/Experienced/ckmk_q_sm_f_e_120053.wav"},"answer":{"fileFormat":"wav","fileSize":2749198,"duration":85910,"samplingBit":16,"channelCount":1,"samplingRate":"16kHz","audioPath":"/Mock/02.SalesMarketing/Female/Experienced/ckmk_a_sm_f_e_120053.wav"}}}