{"version":"1.0","dataSet":{"info":{"date":"20230116","occupation":"SM","channel":"MOCK","place":"ONLINE","gender":"FEMALE","ageRange":"45-54","experience":"EXPERIENCED"},"question":{"raw":{"text":"아 네 지원자님은 본인의 단점이 무엇이라고 생각하시는지요 어 그런 단점에 대해 말씀해 주시고 또 그것을 보완하기 위해서 어떤 노력을 하셨는지 함께 말씀해 주시면 좋겠습니다","wordCount":24},"emotion":[],"intent":[]},"answer":{"raw":{"text":"저는 알러지가 심해서 이거를 저의 단점이라고 생각하고 있는데요. 어 예를 들어서 비염이 정말 심해서 밀폐된 공간에 가거나 먼지가 많거나 그리고 환절기가 다가오고 건조해진다거나 하면은 굉장히 증상이 심해져서 어 제가 주로 해야 되는 일이 방해받는 정도까지 그 증상이 심해질 때가 많습니다. 그래서 나름대로 이제 유산균도 규칙적으로 먹고 건조해지지 않기 위해서 물을 많이 섭취하기도 하고 그리고 이제 밀폐된 공간에 들어가게 되면은 좀 환기를 많이 시키려고 노력을 하는데 그 환기를 시킬 때 그 창문도 굉장히 더러운 상태면은 환기를 시켜도 오히려 공기가 더 안 좋아지거든요. 그럴 때는 밖에 잠깐씩 나가서 바람을 센다던지 그리고 제가 물티슈를 사서 먼지를 닦아낸다던지 뭐 그런 식으로 노력을 하고 있습니다. 그래도 꽤 이제 유산균을 꾸준히 섭취해서 그 전보다는 많이 나아지기는 했습니다.","wordCount":111},"emotion":[],"intent":[{"text":"","expression":"","category":"attitude"}],"summary":{"text":"비염이 심해서 밀폐공간, 먼지, 환절기 등에서는 알러지가 심합니다. 그래서 유산균을 먹고 건조하지 않기 위해 물을 많이 섭취하고 환기를 많이 시켜주고 환기를 시킬 때 창문도 굉장히 더러우면 환기를 시켜도 공기는 더 좋아집니다. 그래도 유산균 섭취로 많이 나아지기는 했습니다.","wordCount":37}}},"rawDataInfo":{"question":{"fileFormat":"wav","fileSize":528398,"duration":16510,"samplingBit":16,"channelCount":1,"samplingRate":"16kHz","audioPath":"/Mock/02.SalesMarketing/Female/Experienced/ckmk_q_sm_f_e_182918.wav"},"answer":{"fileFormat":"wav","fileSize":2775758,"duration":86740,"samplingBit":16,"channelCount":1,"samplingRate":"16kHz","audioPath":"/Mock/02.SalesMarketing/Female/Experienced/ckmk_a_sm_f_e_182918.wav"}}}