{"version":"1.0","dataSet":{"info":{"date":"20230116","occupation":"SM","channel":"MOCK","place":"ONLINE","gender":"FEMALE","ageRange":"45-54","experience":"EXPERIENCED"},"question":{"raw":{"text":"그동안 속해 있었던 조직이나 단체들에서 본인은 주로 어떤 역할을 하는 사람이었나요 그것에 대해서 말씀해 주시겠어요","wordCount":15},"emotion":[],"intent":[]},"answer":{"raw":{"text":"어 그동안에 제가 조직이나 단체 속에서 주로 어떤 역할을 했는지는 사실 너무 달라서 보편적으로 말씀드릴 수 있는 거는 없습니다. 어떤 단체에서는 리더의 역할을 하기도 했었고 어떤 단체에서는 조용하게 묻어가는 듯하게 존재감이 없는 사람이기도 했었고 또 어떤 단체에서는 리더를 도와주는 좀 지원을 해주는 그런 역할을 하기도 했었습니다. 그래서 저는 어떤 환경에 있느냐 어떤 사람을 만나느냐에 따라서 제 자신이 성향이 다르게 나타난다고 생각이 들어서 저는 항상 어떤 단체에 있을 때마다 그때의 분위기에 맞게 제가 있어야 할 자리에 있었던 것 같습니다.","wordCount":78},"emotion":[],"intent":[{"text":"","expression":"","category":"attitude"}],"summary":{"text":"저는 어떤 환경에 있느냐, 어떤 사람을 만나느냐에 따라서 성향이 다르게 나타난다고 생각되어 어떤 단체에 있을 때마다 그때의 분위기에 맞게 제가 있어야 할 자리에 있었던 것 같습니다.","wordCount":26}}},"rawDataInfo":{"question":{"fileFormat":"wav","fileSize":368078,"duration":11500,"samplingBit":16,"channelCount":1,"samplingRate":"16kHz","audioPath":"/Mock/02.SalesMarketing/Female/Experienced/ckmk_q_sm_f_e_182917.wav"},"answer":{"fileFormat":"wav","fileSize":2321998,"duration":72560,"samplingBit":16,"channelCount":1,"samplingRate":"16kHz","audioPath":"/Mock/02.SalesMarketing/Female/Experienced/ckmk_a_sm_f_e_182917.wav"}}}