{"version":"1.0","dataSet":{"info":{"date":"20230116","occupation":"SM","channel":"MOCK","place":"ONLINE","gender":"FEMALE","ageRange":"-34","experience":"EXPERIENCED"},"question":{"raw":{"text":"어 업무 특성상 일을 하다 보면 업무량이 과도하게 많아질 수 있는데요 어 지원자님께서는 어 이제 그러한 상황에 어떻게 대처하실 거며 잘 버틸 자신이 있으신지 궁금합니다","wordCount":25},"emotion":[],"intent":[]},"answer":{"raw":{"text":"어 업무량이 과도해진다는 것은 어떻게 보면 저의 능력을 회사에서 알아주시고 어 저희 능력을 믿어주시고 그만큼의 일을 부여해주신 것이라고 생각합니다. 어 이것도 어떻게 보면 하나의 기회이고 어 저를 더 성장시킬 수 있는 기회라고 생각합니다. 그리고 저를 믿어주신 회사에 대해서 어 더 저 역시도 열심히 회사에 기여하기 위해 노력하는 것이 어 직원의 직원으로서 해야 할 도리라고 생각하기 때문에 어 저는 업무량이 조금 많더라도 어 즐거운 마음으로 일을 수행할 수 있을 것이라고 말씀드리고 싶습니다.","wordCount":71},"emotion":[],"intent":[{"text":"그리고 저를 믿어주신 회사에 대해서 어 더 저 역시도 열심히 회사에 기여하기 위해 노력하는 것이 어 직원의 직원으로서 해야 할 도리라고 생각하기 때문에 어 저는 업무량이 조금 많더라도 어 즐거운 마음으로 일을 수행할 수 있을 것이라고 말씀드리고 싶습니다.","expression":"c_sincere_co","category":"etc"}],"summary":{"text":"업무량이 과도해진다는 것은 저를 믿어주고 일을 부여해주신 것이라고 생각합니다. 이는 하나의 기회이고 나를 성장시킬 기회라고 생각합니다. 업무량이 많아도 즐거운 마음으로 일을 수행할 것입니다.","wordCount":23}}},"rawDataInfo":{"question":{"fileFormat":"wav","fileSize":514958,"duration":16090,"samplingBit":16,"channelCount":1,"samplingRate":"16kHz","audioPath":"/Mock/02.SalesMarketing/Female/Experienced/ckmk_q_sm_f_e_209962.wav"},"answer":{"fileFormat":"wav","fileSize":1269198,"duration":39660,"samplingBit":16,"channelCount":1,"samplingRate":"16kHz","audioPath":"/Mock/02.SalesMarketing/Female/Experienced/ckmk_a_sm_f_e_209962.wav"}}}