{"version":"1.0","dataSet":{"info":{"date":"20230116","occupation":"SM","channel":"MOCK","place":"ONLINE","gender":"FEMALE","ageRange":"35-44","experience":"EXPERIENCED"},"question":{"raw":{"text":"만약 입사 후에 지원자님 직무에 맞지 않는 일을 하게 된다면 어떻게 하실 건가요","wordCount":13},"emotion":[],"intent":[]},"answer":{"raw":{"text":"네 일단 저는 회사에 입사한 이후에 저에게 어떤 업무를 맡겨 두시 주시든지 어 그 자리에서 최선을 다하도록 하겠습니다. 어 만약에 근데 직무를 했을 때 저에게 맞지 않는 경우도 발생할 수 있다고 생각을 합니다. 하지만 그때 가서 그걸 해결하면 되기 때문에 일단은 저는 해보는 게 도전을 해보는 게 중요하다고 생각을 합니다. 어 사실 저에게 업무를 맡겨주신 이유는 제가 그걸 할 수 있다고 생각했기 때문에 맡겨주셨다고 생각을 합니다. 회사에서도 새로운 업무를 맡길때 그 사람의 역량을 판단해서 배치했을 것이라고 생각이 들고요. 저도 그래서 맡겨주신 만큼 제 분야에서 배울 수 있도록 노력을 하겠습니다. 좀 낮은 자세로 어 배우고 또 노력하고 발전해 나간다고 하면 그 시간이 오래 걸린다고 하더라도 저는 충분히 가능하다고 보구요. 저는 기본적으로 좀 열려있는 마음을 가지고 있고 또 배우려는 적극적인 태도와 자세를 가지고 있기 때문에 어 제가 거부하거나 어려워하는 일은 없다고 생각을 합니다. 그리고 만약에 업무를 하다가 좀 도저히 못하거나 어렵다고 생각이 되면 또 조절할 수 있고 충분히 협의가 가능할 수 있다고 생각을 하기 때문에 저는 일단 맡겨주신 일에 최선을 다하도록 하겠습니다.","wordCount":160},"emotion":[],"intent":[{"text":"","expression":"","category":"attitude"}],"summary":{"text":"저는 회사에 입사한 이후 어떤 업무를 맡겨 두시든지 그 자리에서 최선을 다하도록 하겠습니다. 업무가 맞지 않는 경우도 발생할 수 있으나 그때가서 해결하면 되기 때문에 도전을 해보는 게 중요하다고 생각합니다. 기본적으로 좀 열려있는 마음과 배우려는 적극적인 태도와 자세를 가지고 있기 때문에 제가 거부하거나 어려워하는 일은 없다고 생각하므로 맡겨주신 일에 최선을 다하겠습니다.","wordCount":50}}},"rawDataInfo":{"question":{"fileFormat":"wav","fileSize":276558,"duration":8640,"samplingBit":16,"channelCount":1,"samplingRate":"16kHz","audioPath":"/Mock/02.SalesMarketing/Female/Experienced/ckmk_q_sm_f_e_113562.wav"},"answer":{"fileFormat":"wav","fileSize":2745038,"duration":85780,"samplingBit":16,"channelCount":1,"samplingRate":"16kHz","audioPath":"/Mock/02.SalesMarketing/Female/Experienced/ckmk_a_sm_f_e_113562.wav"}}}