{"version":"1.0","dataSet":{"info":{"date":"20230116","occupation":"SM","channel":"MOCK","place":"ONLINE","gender":"FEMALE","ageRange":"-34","experience":"EXPERIENCED"},"question":{"raw":{"text":"만약 본인이 직접 해외 출장 장소를 선택할 수 있습니다 그때 꼭 한번 가서 일해보고 싶은 나라가 있나요","wordCount":17},"emotion":[],"intent":[]},"answer":{"raw":{"text":"제가 직접 해외 출장 장소를 선택할 수 있다면 가까운 나라인 중국으로 가서 일을 해보고 싶습니다. 어 중국 중국 같은 경우는 인구수도 많기 때문에 그 나라에 가서 직접 보고 어 거래처와 대화를 해 봄으로써 업무에 좀 더 도움이 될 것이라고 생각합니다. 그래서 가깝고 음 발전 가능성도 큰 중국인 중국에 감으로써 경험을 쌓고 쌓고 앞으로 관련 업무를 수행하는 데 있어서 도움을 도움이 될 것이라고 생각하기 때문에 가능하다면 중국으로 출장을 다녀오고 싶습니다.","wordCount":69},"emotion":[],"intent":[{"text":"","expression":"","category":"attitude"}],"summary":{"text":"가까운 나라인 중국으로 출장을 다녀오고 싶습니다. 인구가 많고 발전 가능성이 큰 중국에 가서 경험을 쌓고 쌓고 관련 업무를 수행하는 데 도움이 될 것이라고 생각하기 때문입니다.","wordCount":25}}},"rawDataInfo":{"question":{"fileFormat":"wav","fileSize":313678,"duration":9800,"samplingBit":16,"channelCount":1,"samplingRate":"16kHz","audioPath":"/Mock/02.SalesMarketing/Female/Experienced/ckmk_q_sm_f_e_163917.wav"},"answer":{"fileFormat":"wav","fileSize":2092878,"duration":65400,"samplingBit":16,"channelCount":1,"samplingRate":"16kHz","audioPath":"/Mock/02.SalesMarketing/Female/Experienced/ckmk_a_sm_f_e_163917.wav"}}}