{"version":"1.0","dataSet":{"info":{"date":"20230116","occupation":"SM","channel":"MOCK","place":"ONLINE","gender":"FEMALE","ageRange":"45-54","experience":"EXPERIENCED"},"question":{"raw":{"text":"특별히 가고 싶은 회사가 있으신가요 특정 도메인이 중요한지 회사의 분위기가 중요한지 어떤 점을 중점적으로 보시는지가 궁금한데요","wordCount":16},"emotion":[],"intent":[]},"answer":{"raw":{"text":"네 제가 가고 싶은 회사는 저를 성장시켜 줄 수 있는 회사에 가고 싶습니다. 물론 제 나름대로 최선을 다해서 개인의 성장을 이룰 수 있도록 해야겠지만 저의 앞날이 밝고 또 미래 전망이 많은 회사를 가고 싶습니다. 어 지금의 당장의 일을 하는 것도 중요하지만 앞으로의 전망이 밝은 산업을 하고 있는 회사 그리고 제가 나아가서 노력을 한다면 그 분야에서 최고 자리로 이끌어 줄 수 있는 회사에 가고 싶은데요. 어 저는 사실 이제 수명이 길어졌기 때문에 노년이 돼서도 계속해서 일할 수 있는 회사에 다니고 싶습니다. 그러기 위해서 그동안 성실하고 최선을 다해서 일해야겠고 또 무엇보다도 제 개인의 능력이 개발돼야겠지만 저는 기본적으로 제 능력 개발을 위해서 많이 노력하고 있는 사람 사람입니다. 그렇기 때문에 앞으로 저의 성장을 이끌어주고 그리고 제가 계속해서 지속적으로 다닐 수 있는 회사가 어 제가 원하는 회사인 것 같습니다. 어 회사의 이름 밸류보다는 성장의 가치를 중점을 두고 저는 선택하는 것 같고요. 그리고 회사의 문화가 좀 수평적이면 좋을 것 같습니다. 그렇다고 하면 자유롭게 의견을 내고 또 발전 가능성이 높기 때문에 저는 그런 회사를 선호하고 있고요. 앞으로 그런 회사에 간다면 더 열심히 일을 할 수 있을 것 같습니다.","wordCount":171},"emotion":[],"intent":[{"text":"","expression":"","category":"attitude"}],"summary":{"text":"앞으로의 전망이 밝은 산업을 하고 있고, 그 분야에서 최고 자리로 이끌어 줄 수 있는 회사에 가고 싶습니다. 수명이 길어져서 노년이 돼서도 계속해서 일할 수 있는 회사를 다니고 싶은데, 회사 이름 밸류보다는 성장의 가치를 중점을 두고 선택하는 것 같습니다. 회사의 문화가 수평적이면 좋겠고, 자유로운 의견으로 일을 할 수 있기 때문에 그런 회사를 선호합니다.","wordCount":52}}},"rawDataInfo":{"question":{"fileFormat":"wav","fileSize":473678,"duration":14800,"samplingBit":16,"channelCount":1,"samplingRate":"16kHz","audioPath":"/Mock/02.SalesMarketing/Female/Experienced/ckmk_q_sm_f_e_114853.wav"},"answer":{"fileFormat":"wav","fileSize":2844238,"duration":88880,"samplingBit":16,"channelCount":1,"samplingRate":"16kHz","audioPath":"/Mock/02.SalesMarketing/Female/Experienced/ckmk_a_sm_f_e_114853.wav"}}}