{"version":"1.0","dataSet":{"info":{"date":"20230116","occupation":"SM","channel":"MOCK","place":"ONLINE","gender":"FEMALE","ageRange":"35-44","experience":"EXPERIENCED"},"question":{"raw":{"text":"지원자님께서 생각하시기에 창의성 그리고 팀워크 중에서 둘 중 어떤 것이 더 중요하다고 생각하시는지 이야기해 주시면 좋겠습니다 그 근거까지 함께 같이 이야기해 주신다면 좋을 것 같습니다","wordCount":25},"emotion":[],"intent":[]},"answer":{"raw":{"text":"저는 절대적으로 두 개 다 중요하다고 생각을 합니다. 더 중요한 건 없다고 생각해요. 그냥 때에 따라서 그 팀원에게서 각자 발휘되는 능력이 있다고 생각을 하고 어 분명히 누군가는 창의성이 있을 테고 누군가는 그 창의성을 뒷받침할 수 있는 그 협동하는 능력이 있다고 생각을 하거든요. 그런데 결국 그게 팀워크인 거고 그 팀워크 안에서 창의가 창의성이 발휘된다고 생각을 합니다. 어쨌든 든든한 기반이 갖춰져야 이 사람도 편하게 아이디어를 낼 수 있고 그 아이디어가 뭔가 딱 거절당한다 라고 그걸 내기도 전에 그런 걱정이 들면은 누구나 다 새로운 것들을 생각해내지 못할 것 같거든요. 그런데 그런 안정적인 기반이 있어야 정말 아무거나 쏟아낼 수 있고 그 중에 번뜩이는 아이디어들이 채택될 수 있다고 생각을 합니다. 그래서 저는 창의성이랑 팀워크는 항상 같이 가져가야 하는 거지 어느게 더 중요하다고 말할 수는 없는 것 같아요.","wordCount":122},"emotion":[],"intent":[{"text":"","expression":"","category":"attitude"}],"summary":{"text":"팀워크 안에서 창의성이 발휘된다고 생각합니다. 안정적인 기반이 있어야 아무거나 쏟아낼 수 있고 그 중에 번뜩이는 아이디어들이 채택될 수 있다고 생각을 합니다. 그래서 창의성이랑 팀워크는 항상 같이 가져가야 하는 것이지 어느게 더 중요하다고 말할 수는 없는 것 같습니다.","wordCount":37}}},"rawDataInfo":{"question":{"fileFormat":"wav","fileSize":629198,"duration":19660,"samplingBit":16,"channelCount":1,"samplingRate":"16kHz","audioPath":"/Mock/02.SalesMarketing/Female/Experienced/ckmk_q_sm_f_e_156957.wav"},"answer":{"fileFormat":"wav","fileSize":2331598,"duration":72860,"samplingBit":16,"channelCount":1,"samplingRate":"16kHz","audioPath":"/Mock/02.SalesMarketing/Female/Experienced/ckmk_a_sm_f_e_156957.wav"}}}