{"version":"1.0","dataSet":{"info":{"date":"20230116","occupation":"SM","channel":"MOCK","place":"ONLINE","gender":"FEMALE","ageRange":"45-54","experience":"EXPERIENCED"},"question":{"raw":{"text":"지원자님께서 일을 하다가 상사에게 어려운 지시를 받았습니다 이때 지원자님은 어떻게 대처할 것인지 이유와 함께 설명해 주세요","wordCount":16},"emotion":[],"intent":[]},"answer":{"raw":{"text":"이 상사의 어려운 지시라는 것이 만약 업무와 무관한 어떤 상사의 개인적인 그런 업무를 해야 하는 상황이라면 어쨌거나 저는 말 그대로 후배이고 또 신입의 자세로서 그런 상사에 일을 도와주는 것 또한 어찌보면 업무의 연장선이라고 생각을 할 수 있을 것 같습니다. 그래서 신입의 자세로서 어 최선을 다해서 그 상사를 도우는 모습을 보여드려서 어 추후에 조금 더 저에 대한 인상을 좋게 남길 수 있게끔 노력을 할 것 같구요. 다만 이 어려운 지시라는 게 어떤 회사의 이익에 반하는 혹은 다른 누군가에게 좋지 않은 영향을 끼치는 그러한 지시라면 정중하게 상사분께 말씀드려서 어 이행하지 못할 것이다 라고 거절의 의사를 말씀드리는 것이 낫다고 생각합니다.","wordCount":97},"emotion":[],"intent":[{"text":"","expression":"","category":"attitude"}],"summary":{"text":"업무와 무관한 어떤 상사의 개인적인 업무를 해야 하는 상황이라면 후배이고 또 신입의 자세로서 상사를 도우는 것 또한 업무의 연장선이라고 생각합니다. 다만 어떤 회사의 이익에 반하는 지시라는 것은 거절의 의사를 말씀드리는 것이 낫다고 생각합니다.","wordCount":33}}},"rawDataInfo":{"question":{"fileFormat":"wav","fileSize":407438,"duration":12730,"samplingBit":16,"channelCount":1,"samplingRate":"16kHz","audioPath":"/Mock/02.SalesMarketing/Female/Experienced/ckmk_q_sm_f_e_147874.wav"},"answer":{"fileFormat":"wav","fileSize":1767438,"duration":55230,"samplingBit":16,"channelCount":1,"samplingRate":"16kHz","audioPath":"/Mock/02.SalesMarketing/Female/Experienced/ckmk_a_sm_f_e_147874.wav"}}}