{"version":"1.0","dataSet":{"info":{"date":"20230116","occupation":"SM","channel":"MOCK","place":"ONLINE","gender":"FEMALE","ageRange":"35-44","experience":"EXPERIENCED"},"question":{"raw":{"text":"우리 회사에 들어와서 당신에게 만약 영업소 소장이라는 직책이 주어진다면 어떻게 영업소로 운영해 나갈 것인지 말씀해 보세요","wordCount":16},"emotion":[],"intent":[]},"answer":{"raw":{"text":"먼저 영업소 소장이라면 가장 먼저 매출을 생각을 할 것 같습니다. 매출을 증대시킬 수 있는 방법은 무엇일지를 고민을 해 봤을 때 가장 첫 번째는 사람의 증원입니다. 영업의 인구 그 영업 사원들의 그러한 어 증량을 통해서 더 많은 소득과 그리고 기회를 제공할 수 있기 때문에 일단 사람들을 많이 리코르팅을 해야 되겠 것 같구요. 그런 리크루팅에 있어서도 본인의 기본적인 기존에 있던 사람들이 역량이 뛰어나고 그분들의 성과가 있다면 당연히 많은 사람들이 이 영업에 지원을 할 수 있을 거라고 생각을 하기 때문에 기존에 있는 사람들을 위해서는 좀 더 더 어떻게 하면 액티브하고 어그래시브하고 공격적으로 영업을 할 수 있는지 그리고 그것이 성과적으로 어떻게 연결될 수 있는지를 좀 더 교육적으로 그분들이 를 듣고 그분들이 실제로 필드에 나가서도 문제에 닥쳤을 때 어떻게 해결해 나갈 수 있을지를 같이 고민해보고 연구해 보는 그런 영업소 소장이 될 것 같습니다. 그래서 각자 네 각자의 역량 그리고 더 많은 인원을 주 주 죽을 통해서 네 더 많은 수익을 매출을 올릴 수 있는 네 영업 소장이 되어야 되겠죠.","wordCount":154},"emotion":[],"intent":[{"text":"","expression":"","category":"attitude"}],"summary":{"text":"영업소 소장이 매출을 증대시킬 수 있는 방법은 사람의 증원입니다. 영업의 인구 그 영업 사원들의 그러한 어 증량을 통해서 더 많은 소득과 기회를 제공할 수 있기 때문에 일단 사람들을 많이 리코르팅해야 되겠습니다. 리크루팅에 있어서도 본인의 기본적인 기존에 있는 사람들의 역량과 성과가 있다면 당연히 많은 사람들이 이 영업에 지원을 할 수 있을 것입니다.","wordCount":51}}},"rawDataInfo":{"question":{"fileFormat":"wav","fileSize":400398,"duration":12510,"samplingBit":16,"channelCount":1,"samplingRate":"16kHz","audioPath":"/Mock/02.SalesMarketing/Female/Experienced/ckmk_q_sm_f_e_228361.wav"},"answer":{"fileFormat":"wav","fileSize":2650958,"duration":82840,"samplingBit":16,"channelCount":1,"samplingRate":"16kHz","audioPath":"/Mock/02.SalesMarketing/Female/Experienced/ckmk_a_sm_f_e_228361.wav"}}}