{"version":"1.0","dataSet":{"info":{"date":"20230116","occupation":"SM","channel":"MOCK","place":"ONLINE","gender":"FEMALE","ageRange":"55-","experience":"EXPERIENCED"},"question":{"raw":{"text":"좋아하는 앱이 있다면 말씀해 주시고 그 앱에 광고를 넣는다면 무엇이 좋을지 함께 말씀 부탁드립니다","wordCount":14},"emotion":[],"intent":[]},"answer":{"raw":{"text":"아 제가 좋아하는 앱이 있다 말씀해 달라고 하셨는데요. 아 저는 쇼핑 앱을 좋아합니다. 아 쇼핑 앱 중에서도 아 이제 살림에 관련된 아 먹는 것들 그런 쪽으로 좋아해서 제가 쥐마켓을 좋아하거든요. 쥐마켓을 좋아하고 또 홈플러스 앱도 좋아합니다. 아 근데 이제 쥐마켓에서 보면 거기에서 물건들을 판매를 하는데 쥐마켓에 광고를 넣는다면 아 저는 음식 광고를 넣고 싶습니다. 음식 광고를 넣으면 사람들이 미각을 자극을 해서 그 다음에 음식 구입을 많이 할 것 같아요. 어 저는 제가 요리와 그다음에 맛있는 음식 맛있는 어 음식점 예 그런 것들의 광고 그런 것들에 관심이 많아서 저는 그 앱에 광고를 넣는다면 일단 맛있는 음식점도 좋지만 아 최저가의 상품 최저가지만 아 물건이 좋아야겠죠. 물건이 좋은 최저가의 상품을 비교 분석하는 그런 광고를 넣겠습니다. 그래서 어떤 물건을 사야 소비자들이 어 만족을 할지 그다음에 그런 결과를 도출한 다음에 아 최저가 앱 광고를 그 거기에다 넣는다면 사람들이 구매할 때 아 이거가 진짜 싼 가격이고 좋은 물건일까 그런 걱정을 안 해도 되는 그래서 어 최저가 앱 어 어 그 쥐마켓에서 이 최저가 그 광고를 넣겠습니다. 이 여기에 들어오시면 최저가를 알 수 있습니다 라는 광고를 넣으면 사람들이 믿음이 가겠지요.","wordCount":173},"emotion":[],"intent":[{"text":"","expression":"","category":"attitude"}],"summary":{"text":"쇼핑 앱 중 쥐마켓을 좋아하고 홈플러스 앱도 좋아합니다. 그런데 쥐마켓에 광고를 넣는다면 음식 광고를 넣으면 미각 자극을 해서 음식 구입을 많이 할 것 같습니다. 그리고 최저가 상품 최저가 상품을 비교 분석하는 광고를 넣겠습니다. 그럼 소비자들이 만족을 할지, 그런 결과를 도출하고 최저가 앱을 넣는다면 사람들이 안심할 수 있습니다. 라고 광고하면 사람들이 믿게 될 것입니다.","wordCount":53}}},"rawDataInfo":{"question":{"fileFormat":"wav","fileSize":326798,"duration":10210,"samplingBit":16,"channelCount":1,"samplingRate":"16kHz","audioPath":"/Mock/02.SalesMarketing/Female/Experienced/ckmk_q_sm_f_e_240235.wav"},"answer":{"fileFormat":"wav","fileSize":3733838,"duration":116680,"samplingBit":16,"channelCount":1,"samplingRate":"16kHz","audioPath":"/Mock/02.SalesMarketing/Female/Experienced/ckmk_a_sm_f_e_240235.wav"}}}