{"version":"1.0","dataSet":{"info":{"date":"20230116","occupation":"SM","channel":"MOCK","place":"ONLINE","gender":"FEMALE","ageRange":"35-44","experience":"EXPERIENCED"},"question":{"raw":{"text":"지금까지 살아오시면서 아주 새로운 환경에서 적응을 해서 그 업무를 잘 수행해 본 경험이 있으십니까 그게 언제였는지 어떤 경험이었습니까","wordCount":18},"emotion":[],"intent":[]},"answer":{"raw":{"text":"네 저는 전 회사에서 해외 지원 업무를 처음으로 맡게 된 적이 있습니다. 저는 그 전까지 해외 사무 지원 업무를 한 번도 해본 적이 없는데요. 하지만 그때 처음으로 도전을 해봤습니다. 어 사실상 업무 시작 전에 관련 내용을 파악을 하거나 그리고 어 숙지를 한 다음에 투입이 돼야 되는데 상황이 너무 급박해서 단시간에 투입이 된 적이 있습니다. 그래서 전혀 새로운 환경에서 아예 제가 몰랐던 업무를 수행하게 되는데요. 하지만 한 하루 이틀 정도는 조금 힘들었고요. 그 다음부터는 또 빠르게 적응을 해 봤습니다. 왜냐하면 지금 제가 그동안 지금까지 경험했던 일들과 다르게 예 또 재미있던 점이 있었구요. 그리고 저는 배울 점이 많아서 참 좋았습니다. 제가 그동안에 해왔던 업무는 익숙하기 때문에 제가 주도하에 일을 수행할 수가 있는데요. 하지만 새로운 업무에 도전하면서 새로운 것들을 배우게 됐구요. 또 다른 사람에게 제가 요청을 해서 적극적으로 가르쳐 달라고 말을 했습니다. 그런데 사람들이 굉장히 친절하게 가르쳐 줬고 또 저에게 많은 도움을 주었기 때문에 저도 굉장히 즐겁고 고맙게 일을 할 수 있었던 경험이었던 것 같습니다. 앞으로도 저는 저의 발전을 위해서 다양한 경험을 해보고 싶습니다.","wordCount":161},"emotion":[{"text":"네 저는 전 회사에서 해외 지원 업무를 처음으로 맡게 된 적이 있습니다.","expression":"u-fact","category":"neutral"}],"intent":[{"text":"","expression":"","category":"attitude"}],"summary":{"text":"저는 회사에서 해외 지원 업무를 처음으로 맡게 된 적이 있습니다. 상황이 너무 급박해서 단시간에 투입이 되었지만 굉장히 즐거웠고, 배울 점이 많아서 참 좋았습니다. 지금까지 해왔던 업무는 익숙하기 때문에 주도하에 일을 수행할 수가 있었지만, 새로운 업무에 도전하면서 새로운 것들을 배우게 됐습니다. 앞으로도 다양한 경험을 해보고 싶습니다.","wordCount":45}}},"rawDataInfo":{"question":{"fileFormat":"wav","fileSize":532878,"duration":16650,"samplingBit":16,"channelCount":1,"samplingRate":"16kHz","audioPath":"/Mock/02.SalesMarketing/Female/Experienced/ckmk_q_sm_f_e_113561.wav"},"answer":{"fileFormat":"wav","fileSize":2743118,"duration":85720,"samplingBit":16,"channelCount":1,"samplingRate":"16kHz","audioPath":"/Mock/02.SalesMarketing/Female/Experienced/ckmk_a_sm_f_e_113561.wav"}}}