{"version":"1.0","dataSet":{"info":{"date":"20230116","occupation":"SM","channel":"MOCK","place":"ONLINE","gender":"FEMALE","ageRange":"-34","experience":"EXPERIENCED"},"question":{"raw":{"text":"이전 직장을 그만둔 특별한 사유가 있으신가요 그리고 현 직장도 같은 이유로 그만둘 가능성이 있으실까요","wordCount":14},"emotion":[],"intent":[]},"answer":{"raw":{"text":"제가 이전 직장을 그만두었던 이유는 제가 생각했던 직무와 실제 업무와는 다소 차이가 있었기 때문입니다. 제가 생각했던 영업 업무란 거래처들과 소통을 하고 그에 맞는 자료들도 준비하며 더 나아가는 쇼핑몰도 관리하는 그런 업무였습니다. 하지만 제가 입사를 하고 나서 담당하게 된 업무는 단순 사무 보조였고 계약서가 필요할 때는 계약서를 작성하는 것이었습니다. 따라서 저는 해당 업무가 제가 생각한 업무와도 다르고 일반적인 영업 업무와는 다소 거리가 있다고 생각하여 제 발전에 있어서도 좋지 않다는 생각을 하게 되었습니다. 따라서 제가 보다 더 잘 설 성장할 수 있는 곳으로 이직을 결정하게 되었습니다. 만일 입사를 하게 된다면 이와 같은 이유로 퇴사를 하게 될 일은 없다고 생각합니다. 저는 사전에 이 회사에서 담당하는 영업 직무의 업무들에 대해 자세히 공부를 해 왔기 때문입니다.","wordCount":111},"emotion":[],"intent":[{"text":"","expression":"","category":"attitude"}],"summary":{"text":"영업 업무는 거래처들과 소통하고 자료를 준비하며 나아가는 쇼핑몰을 관리하는 것이었습니다. 하지만 입사 후 담당하게 된 업무는 단순 사무 보조였고 계약서가 필요할 때는 계약서를 작성하는 것이었기에 해당 업무가 제 발전에 좋지 않다고 생각해 이직을 결정하게 되었습니다.","wordCount":35}}},"rawDataInfo":{"question":{"fileFormat":"wav","fileSize":353998,"duration":11060,"samplingBit":16,"channelCount":1,"samplingRate":"16kHz","audioPath":"/Mock/02.SalesMarketing/Female/Experienced/ckmk_q_sm_f_e_209340.wav"},"answer":{"fileFormat":"wav","fileSize":2614478,"duration":81700,"samplingBit":16,"channelCount":1,"samplingRate":"16kHz","audioPath":"/Mock/02.SalesMarketing/Female/Experienced/ckmk_a_sm_f_e_209340.wav"}}}