{"version":"1.0","dataSet":{"info":{"date":"20230116","occupation":"SM","channel":"MOCK","place":"ONLINE","gender":"FEMALE","ageRange":"35-44","experience":"EXPERIENCED"},"question":{"raw":{"text":"업무상 영업자리에 갔는데 상대가 자꾸 지원자님에게 술을 권하고 어려운 요청을 한다면 지원자님께서는 어떻게 정중하게 거절하시겠습니까","wordCount":15},"emotion":[],"intent":[]},"answer":{"raw":{"text":"네 아무래도 영업을 하다 보면 술자리가 굉장히 많구요. 그리고 술을 권하시는 분들도 많은 것 같습니다. 하지만 저는 기본적으로 술로 영업을 하지는 않습니다. 신뢰와 그리고 어 저희의 그 제품과 서비스를 가치를 가지고 홍보를 하는 것 같습니다. 어 저는 그런데 영업 자리에 가게 되는 경우에 과거에 사실 굉장히 술을 많이 권하고 어려운 요청을 하는 경우도 많았습니다. 요즘에는 그런 문화가 많이 사라지긴 했는데요. 그래도 저는 그럴 때 좀 적극적으로 대응을 했습니다. 어 사실 우리나라의 경우에는 거절 문화가 익숙하지 않은데요. 저는 조금 기분 나쁘지 않으시게 잘 어 공손하게 거절을 했던 그런 기억이 납니다. 일단 제가 술을 어 기본적인 술은 마시지만 과음을 해서 그 이상의 도를 넘게 되면 저는 문제가 발생할 수 있다고 생각을 합니다. 그래서 저는 그 이상을 권유할 경우에는 정중하게 거절을 드리구요. 대신에 기분 좋은 표정으로 원만하게 잘 유연하게 해결했던 기억이 납니다. 아 사실 이런 경우가 굉장히 영업에서 어려운 점이라고 하는데요. 저는 그래도 거절해야 될 건 공손하게 거절을 하고 또 신뢰와 그 관계를 바탕으로 영업을 해야 된다는 그런 마인드를 가지고 있습니다.","wordCount":158},"emotion":[],"intent":[{"text":"","expression":"","category":"attitude"}],"summary":{"text":"기본적으로 술로 영업을 하지는 않지만 영업 자리에 가게 되는 경우에 어려운 요청을 하는 경우가 있습니다. 그럴 때는 적극적으로 대응을 했습니다. 예를 들어 과음을 해서 그 이상의 도를 넘어가면 문제가 발생할 수 있기 때문에 정중하게 거절을 하고, 신뢰와 그 관계를 바탕으로 영업을 해야 된다는 마인드를 가지고 있었습니다.","wordCount":46}}},"rawDataInfo":{"question":{"fileFormat":"wav","fileSize":422478,"duration":13200,"samplingBit":16,"channelCount":1,"samplingRate":"16kHz","audioPath":"/Mock/02.SalesMarketing/Female/Experienced/ckmk_q_sm_f_e_135017.wav"},"answer":{"fileFormat":"wav","fileSize":2752718,"duration":86020,"samplingBit":16,"channelCount":1,"samplingRate":"16kHz","audioPath":"/Mock/02.SalesMarketing/Female/Experienced/ckmk_a_sm_f_e_135017.wav"}}}