{"version":"1.0","dataSet":{"info":{"date":"20230116","occupation":"SM","channel":"MOCK","place":"ONLINE","gender":"FEMALE","ageRange":"55-","experience":"EXPERIENCED"},"question":{"raw":{"text":"우리 회사에 들어오게 되신다면 가장 가고 싶은 부서는 어디인가요 또 왜 그곳에 가장 가고 싶으신지 이유도 함께 말씀 부탁드립니다","wordCount":19},"emotion":[],"intent":[]},"answer":{"raw":{"text":"제가 가장 가고 싶은 부서는 해외 영업 부서입니다. 제가 듣기로 이 기업에 가장 핵심되는 조직 중에 하나 여서 많은 지원자들이 가고 싶은 곳이라는 이야기를 들었는데요. 그래서 저는 제가 가진 능력 그리고 기존의 다녀왔던 직장 커리어를 생각했을 때 가장 적합한 부서가 해외 영업 부서라고 생각하였고 실제로도 저는 많은 해외 바이어들과 직접적으로 컨택을 해 보았던 경험들이 있기 때문에 해외 영업 부서에 가장 적합한 인재라고 스스로 생각하고 있습니다.","wordCount":65},"emotion":[],"intent":[{"text":"","expression":"","category":"attitude"}],"summary":{"text":"제가 가장 가고 싶은 부서는 해외 영업 부서입니다. 이 기업에 가장 핵심 조직 중 하나이고 실제로도 많은 해외 바이어들과 컨택을 해 보았던 경험이 있기 때문에 가장 적합한 인재라고 생각합니다.","wordCount":29}}},"rawDataInfo":{"question":{"fileFormat":"wav","fileSize":579278,"duration":18100,"samplingBit":16,"channelCount":1,"samplingRate":"16kHz","audioPath":"/Mock/02.SalesMarketing/Female/Experienced/ckmk_q_sm_f_e_243701.wav"},"answer":{"fileFormat":"wav","fileSize":2420238,"duration":75630,"samplingBit":16,"channelCount":1,"samplingRate":"16kHz","audioPath":"/Mock/02.SalesMarketing/Female/Experienced/ckmk_a_sm_f_e_243701.wav"}}}