{"version":"1.0","dataSet":{"info":{"date":"20230116","occupation":"SM","channel":"MOCK","place":"ONLINE","gender":"FEMALE","ageRange":"35-44","experience":"EXPERIENCED"},"question":{"raw":{"text":"본인의 생각이 아닌 지원자님의 다른 주변 사람들이 생각하는 지원자님만의 단점과 장점을 한 번 모두 말씀해 주세요","wordCount":16},"emotion":[],"intent":[]},"answer":{"raw":{"text":"저는 주변 사람들이 저에게 이야기해 줬던 장점 중에 가장 기억에 남는 것은 꾸준하다는 점이었습니다. 조금은 느릴 수도 있겠지만 그래도 적응하면 정말 누구보다도 열심히 성실하게 포기하지 않고 꾸준하게 해 낸다 라는 이야기를 많이 해주셨고 단점이라고 한다면 방금 앞서 말씀드렸던 것처럼 약간 처음에는 일을 숙지하는 것에 있어서 조금 시간이 걸릴 수도 있다 라는 점인데 그래도 조금 시간이 걸린 만큼 익숙해지면 정말 누구보다도 정확하고 또 신속하게 일을 해 낸다 라는 것이 장점이 되기 때문에 저는 이러한 부분을 크게 저의 단점이라고 의식하지 않고 있습니다.","wordCount":80},"emotion":[],"intent":[{"text":"저는 주변 사람들이 저에게 이야기해 줬던 장점 중에 가장 기억에 남는 것은 꾸준하다는 점이었습니다.","expression":"c_person","category":"background"}],"summary":{"text":"주변에서는 꾸준하다라는 장점을 이야기해 줬는데, 이는 조금 시간이 걸린 만큼 익숙해지면 정확하고 신속하게 일을 해 낸다는 장점이 되기 때문에 크게 단점이라고 의식하지 않고 있습니다.","wordCount":24}}},"rawDataInfo":{"question":{"fileFormat":"wav","fileSize":463438,"duration":14480,"samplingBit":16,"channelCount":1,"samplingRate":"16kHz","audioPath":"/Mock/02.SalesMarketing/Female/Experienced/ckmk_q_sm_f_e_104061.wav"},"answer":{"fileFormat":"wav","fileSize":1669838,"duration":52180,"samplingBit":16,"channelCount":1,"samplingRate":"16kHz","audioPath":"/Mock/02.SalesMarketing/Female/Experienced/ckmk_a_sm_f_e_104061.wav"}}}