{"version":"1.0","dataSet":{"info":{"date":"20230116","occupation":"SM","channel":"MOCK","place":"ONLINE","gender":"FEMALE","ageRange":"45-54","experience":"EXPERIENCED"},"question":{"raw":{"text":"어 저희 일의 특성상 야근이나 잔업 그리고 외근이 많아질 수 있는데요 어 그래도 괜찮으시겠습니까","wordCount":14},"emotion":[],"intent":[]},"answer":{"raw":{"text":"아 네 당연히 어 하는 업무 특성상 뭐 야근이나 잔업 말씀하신 대로 외근이 당연한 일이구요. 아 사실 저는 뭐 외근 같은 경우는 가만히 앉아서 일하는 것보다 아 외부 다니는 것을 좋아하기 때문에 잘 할 수 있구요. 이제 야근이나 잔업은 당연히 내가 할 업무가 끝나지 않았으면 어 끝 맞쳐야 되는 게 맞는 일이고 그 야근이나 잔업은 없었으면 좋긴 하겠지만 뭐 불가피하다면 해야 되는 부분이고 뭐 그에 따른 수당을 주실 거니까 감사히 해야 될 것 같고요. 그렇지만 없었으면 좋겠는 것이 야근이나 잔업입니다. 그러니까 그런 부분이 없도록 업무 시간 중에 제가 좀 더 노력을 하는 방법을 좀 강구해야 될 것 같구요. 어 필요하다면 해야 되고 괜찮다고 말씀드리겠습니다.","wordCount":104},"emotion":[],"intent":[{"text":"","expression":"","category":"attitude"}],"summary":{"text":"업무 특성상 당연히 해야하는 야근이나 잔업은 업무가 끝나지 않았으면 끝맞쳐야 하는 게 맞는 일이고 그에 따른 수당을 주시니 감사히 해야 될 것 같습니다. 그런 부분이 없도록 업무 시간 중에 제가 좀 더 노력을 하는 방법을 강구하겠습니다.","wordCount":36}}},"rawDataInfo":{"question":{"fileFormat":"wav","fileSize":371278,"duration":11600,"samplingBit":16,"channelCount":1,"samplingRate":"16kHz","audioPath":"/Mock/02.SalesMarketing/Female/Experienced/ckmk_q_sm_f_e_239892.wav"},"answer":{"fileFormat":"wav","fileSize":2268238,"duration":70880,"samplingBit":16,"channelCount":1,"samplingRate":"16kHz","audioPath":"/Mock/02.SalesMarketing/Female/Experienced/ckmk_a_sm_f_e_239892.wav"}}}