{"version":"1.0","dataSet":{"info":{"date":"20230116","occupation":"SM","channel":"MOCK","place":"ONLINE","gender":"FEMALE","ageRange":"-34","experience":"EXPERIENCED"},"question":{"raw":{"text":"평소 이루고 싶은 인생의 목표가 있으신가요 있다면 그 인생의 목표가 무엇인지 말씀 한 번 해 주시기 바랍니다 또한 왜 그것을 이루고 싶은지도 함께 말씀해 주시기 바랍니다","wordCount":26},"emotion":[],"intent":[]},"answer":{"raw":{"text":"제가 이루고 싶은 꿈은 남들로부터 존경받는 사람이 되는 것입니다. 남들로부터 인정을 받고 존중을 받을 때 열심히 살았다는 증표가 되는 것 같아 성취감을 느낄 수 있다고 생각합니다. 또한 그렇게 남들로부터 존중을 받고 인정을 받기 위해서는 그에 걸맞는 삶을 살아가야 한다고 생각합니다. 매사에 있어서 적극적으로 열심히 참여하고 의견 역시 적극적으로 개진을 하며 보다 나은 합리적인 해결책을 도출해 낼 수 있도록 꾸준한 학습도 지속해야 한다고 생각합니다. 또한 어려워하는 동료나 사람이 있다면 마다하지 않고 적극적으로 도와주려고 노력해야 한다고 생각합니다. 그러한 인생을 살 때 후에 남들로부터 존중을 받을 수 있다고 생각합니다. 또한 살아갈 때 남들에게 배려를 베푸는 것도 중요하다고 생각합니다.","wordCount":95},"emotion":[],"intent":[{"text":"","expression":"","category":"attitude"}],"summary":{"text":"저는 남들로부터 인정받는 사람이 되고 싶습니다. 인정받기 위해서는 그에 맞는 삶을 살아야 하고, 어려운 동료나 사람을 마다하지 않고 도와주려고 노력해야 합니다. 또한 남들에게 배려를 베푸는 것도 중요하다고 생각합니다.","wordCount":28}}},"rawDataInfo":{"question":{"fileFormat":"wav","fileSize":625358,"duration":19540,"samplingBit":16,"channelCount":1,"samplingRate":"16kHz","audioPath":"/Mock/02.SalesMarketing/Female/Experienced/ckmk_q_sm_f_e_209612.wav"},"answer":{"fileFormat":"wav","fileSize":2733518,"duration":85420,"samplingBit":16,"channelCount":1,"samplingRate":"16kHz","audioPath":"/Mock/02.SalesMarketing/Female/Experienced/ckmk_a_sm_f_e_209612.wav"}}}