{"version":"1.0","dataSet":{"info":{"date":"20230116","occupation":"SM","channel":"MOCK","place":"ONLINE","gender":"FEMALE","ageRange":"35-44","experience":"EXPERIENCED"},"question":{"raw":{"text":"어 직무지식 역량 태도 이 세 가지 요소 중에 가장 중요하다고 생각하는 것은 어떤 것인가요 그리고 그렇게 생각하시는 이유도 함께 설명해 주시기를 바랍니다","wordCount":23},"emotion":[],"intent":[]},"answer":{"raw":{"text":"직무 지식은요. 어 빨리 배우면 됩니다. 역량도 직무 지식이 늘어남에 따라 그리고 어 근차수가 올라감에 따라 점점점 증가하는 것이 역량이라고 생각합니다. 어떠한 사람도 배우면 이러한 지식이나 역량이 퇴보된 사람은 없거든요. 그리고 어느 정도 주어지다 보면 그것이 익숙해지고 그 다음에 무언가 어 성취가 됨에 따라서 당연히 올라가는 것이 이 두 가지라고 생각합니다. 하지만 태도는 인성에서 인품에서 나오는 것이기 때문에 크게 변할 수 없다 라고 생각합니다. 일을 임하는 자세 상대방을 대하는 자세 그리고 어 팀원들을 대하는 자세 이러한 것들은 쉽게 바뀌기 어렵기 때문에 태도가 가장 중요하고 이 태도를 어 잘하는 사람이 어떻게 보면 이 팀 안에서 회사 안에서 가교적인 역할을 하고 더 중추적인 역할을 할 수 있다 라고 생각합니다.","wordCount":107},"emotion":[],"intent":[{"text":"","expression":"","category":"attitude"}],"summary":{"text":"직무 지식과 역량은 근차수가 올라감에 따라 점점점 증가하는 것이 역량이고, 역량은 어느 정도 주어지다 보면 익숙해지고 성취가 됨에 따라 당연히 올라가지만, 태도는 크게 변할 수 없습니다. 태도를 어 잘하는 사람이 회사 안에서 가교적인 역할을 하고 더 중추적인 역할을 할 수 있습니다.","wordCount":41}}},"rawDataInfo":{"question":{"fileFormat":"wav","fileSize":561358,"duration":17540,"samplingBit":16,"channelCount":1,"samplingRate":"16kHz","audioPath":"/Mock/02.SalesMarketing/Female/Experienced/ckmk_q_sm_f_e_227234.wav"},"answer":{"fileFormat":"wav","fileSize":2179918,"duration":68120,"samplingBit":16,"channelCount":1,"samplingRate":"16kHz","audioPath":"/Mock/02.SalesMarketing/Female/Experienced/ckmk_a_sm_f_e_227234.wav"}}}