{"version":"1.0","dataSet":{"info":{"date":"20230116","occupation":"SM","channel":"MOCK","place":"ONLINE","gender":"FEMALE","ageRange":"-34","experience":"EXPERIENCED"},"question":{"raw":{"text":"기억에 남는 프로젝트가 있다면 어떤 점에서 기억에 남는지 설명해 주시겠어요","wordCount":10},"emotion":[],"intent":[]},"answer":{"raw":{"text":"제가 그동안 진행했던 프로젝트 가운데 해외 프로젝트가 기억에 남았습니다. 그때 회사에서 시장 진출을 하기 위해서 해외 프로젝트를 진행을 했었고 굉장히 대형 프로젝트로 장기간 동안 운영이 됐습니다. 그중에서도 저도 이제 경영 사무를 지원하는 업무 뿐만이 아니라 여러 가지 부수적인 업무도 도와드렸는데요. 당시에 인제 그런 이제 프로젝트를 진행을 하면서 굉장히 많이 돈독해지는 시간이 됐습니다. 직원들과 해외 프로젝트이기 때문에 밤에 나와서도 일을 하고 또 주말에도 계속해서 협업을 해서 진행을 하다 보니까 어 대화할 시간도 많았구요. 또 커뮤니케이션을 함으로써 그 사람들과 어 좀 더 돈독해지고 또 안정적인 관계로 일을 할 수 있었던 것 같습니다. 그 뿐만이 아니라 또 저의 경험도 쌓였기 때문에 어 업무에 관련한 향상도 이뤄질 수 있다고 생각이 들었는데요. 앞으로 저는 이런 대형 프로젝트에 좀 참여를 해서 여러 가지를 경험해 보고 싶습니다. 저는 직원들에게 동기부여 뿐만이 아니라 또 무언가 목적성에 있게 도전하는 게 중요하다고 생각이 드는데요. 저한테 이런 프로젝트를 맡겨주신다면 제가 최선을 다해서 업무를 진행할 수 있도록 하구요. 그동안에 경험을 살려서 좀 더 전문적으로 잘 해낼 자신이 있습니다.","wordCount":156},"emotion":[],"intent":[{"text":"또 커뮤니케이션을 함으로써   그 사람들과 어 좀 더 돈독해지고 또 안정적인 관계로 일을 할 수 있었던   것 같습니다.","expression":"s_intp","category":"attitude"}],"summary":{"text":"그동안 진행했던 해외 프로젝트가 기억에 남습니다. 회사에서 시장 진출을 하기 위해서 해외 프로젝트를 진행을 했었고 굉장히 대형 프로젝트로 장기간 동안 운영이 됐습니다. 직원들과 해외 프로젝트이기 때문에 밤에 나와서도 일을 하고 주말도 협업을 하다보니 대화할 시간도 많고 안정적인 관계로 일을 할 수 있었던 것 같습니다. 앞으로 이런 대형 프로젝트에 좀 참여를 해서 여러 가지를 경험해 보고 싶습니다.","wordCount":56}}},"rawDataInfo":{"question":{"fileFormat":"wav","fileSize":266318,"duration":8320,"samplingBit":16,"channelCount":1,"samplingRate":"16kHz","audioPath":"/Mock/02.SalesMarketing/Female/Experienced/ckmk_q_sm_f_e_113422.wav"},"answer":{"fileFormat":"wav","fileSize":2750798,"duration":85960,"samplingBit":16,"channelCount":1,"samplingRate":"16kHz","audioPath":"/Mock/02.SalesMarketing/Female/Experienced/ckmk_a_sm_f_e_113422.wav"}}}