{"version":"1.0","dataSet":{"info":{"date":"20230116","occupation":"SM","channel":"MOCK","place":"ONLINE","gender":"FEMALE","ageRange":"35-44","experience":"EXPERIENCED"},"question":{"raw":{"text":"혹시 광고주가 비윤리적 캠페인을 요구한다면 본인께서는 어떻게 하시겠습니까","wordCount":8},"emotion":[],"intent":[]},"answer":{"raw":{"text":"전체적인 회사의 방향성과 그리고 전체적으로 회사가 나아가는 기조와 다른 비윤리적인 캠페인을 만약에 요구한다면요. 그것은 거부해야 될 것 같습니다. 회사는 결국에 이윤을 추구하는 목표가 있긴 하지만 그 회사가 존속하기 위해서는 길게 롱런 할 수 있는 그러한 사회적인 문화 그리고 인식 브랜드 이런 것들을 어 회사가 중시해야 된다 라고 생각합니다. 한 번에 어 달콤한 유혹으로 비윤리적인 캠페인을 만약에 해서 큰 돈을 벌 수 있다고 하지만 오래 벌 수 있다고 생각하지는 않습니다. 그렇기 때문에 이러한 어 도덕적인 부분에서도 고객에게 이 회사에 가지는 이미지와 어 가치가 만약에 어 훼손된다면 네 문제가 있을 것이라고 생각해서 거부하는 것이 맞다고 생각합니다.","wordCount":94},"emotion":[],"intent":[{"text":"","expression":"","category":"attitude"}],"summary":{"text":"회사는 이윤을 추구하는 목표가 있지만 회사의 존속을 위해서는 롱런할 수 있는 사회적 문화, 인식 브랜드 등을 중시해야 합니다. 비윤리적 캠페인이 큰 돈을 벌 수 있다고 하지만 오래 벌지는 않기 때문에 고객에게 가지는 이미지와 가치가 훼손된다면 거부하는 것이 맞습니다.","wordCount":38}}},"rawDataInfo":{"question":{"fileFormat":"wav","fileSize":304718,"duration":9520,"samplingBit":16,"channelCount":1,"samplingRate":"16kHz","audioPath":"/Mock/02.SalesMarketing/Female/Experienced/ckmk_q_sm_f_e_226854.wav"},"answer":{"fileFormat":"wav","fileSize":1813198,"duration":56660,"samplingBit":16,"channelCount":1,"samplingRate":"16kHz","audioPath":"/Mock/02.SalesMarketing/Female/Experienced/ckmk_a_sm_f_e_226854.wav"}}}