{"version":"1.0","dataSet":{"info":{"date":"20230116","occupation":"SM","channel":"MOCK","place":"ONLINE","gender":"FEMALE","ageRange":"-34","experience":"EXPERIENCED"},"question":{"raw":{"text":"영업자께서 생각하시는 영업을 한 단어로 정리한다면 무엇이라고 생각하시는지 설명 부탁드리겠습니다","wordCount":10},"emotion":[],"intent":[]},"answer":{"raw":{"text":"저는 영업을 고행이라고 생각을 합니다. 그런데 이유라기보다는 제가 이 일을 하면서 되게 그런 마음으로 했던 것 같아요. 이건 고행이다. 근데 어 그냥 일을 할 때 그런 느낌이 들어요. 항상 모든 게 쉽지 않고 뭔가 계속 계속 산을 넘는 기분이라고 해야 되나 그런데 오히려 그런 성취감들이 좀 좋기도 해서 제가 이 일을 계속 하는 것도 있는데 어쨌든 너무 다양한 사람들을 만나는 게 너무 다양한 길을 가는 느낌인 거예요. 저한테는 다양하게 생긴 어려운 길들을 헤쳐나가는 느낌이 들어서 뭔가 그런 과정을 어 거친고 거치고 있다 라는 생각이 들고 있어서 항상 입버릇처럼 그렇게 말하는 것 같아요. 이건 정말 고행이다. 고행의 시간이다. 그래서 끝나면 뭔가 빛이 있지 않을까 라는 생각으로 항상 일을 하는 것 같은데 어쨌든 그래도 보상을 받긴 하는 거잖아요. 그 고행이 그래서 항상 그것만 바라보고 좀 열심히 묵묵히 길을 나아가는 것 같습니다.","wordCount":129},"emotion":[],"intent":[{"text":"","expression":"","category":"attitude"}],"summary":{"text":"영업의 고행은 항상 다양한 사람들과의 만남에서 성취감이 좋습니다. 이 시간이 끝나면 무언가 빛이 나지 않을까 라는 생각과 보상으로 고행의 시간을 묵묵히 나아가는 것 같습니다.","wordCount":24}}},"rawDataInfo":{"question":{"fileFormat":"wav","fileSize":320078,"duration":10000,"samplingBit":16,"channelCount":1,"samplingRate":"16kHz","audioPath":"/Mock/02.SalesMarketing/Female/Experienced/ckmk_q_sm_f_e_195355.wav"},"answer":{"fileFormat":"wav","fileSize":2581838,"duration":80680,"samplingBit":16,"channelCount":1,"samplingRate":"16kHz","audioPath":"/Mock/02.SalesMarketing/Female/Experienced/ckmk_a_sm_f_e_195355.wav"}}}