{"version":"1.0","dataSet":{"info":{"date":"20230116","occupation":"SM","channel":"MOCK","place":"ONLINE","gender":"FEMALE","ageRange":"-34","experience":"EXPERIENCED"},"question":{"raw":{"text":"다른 지원자들에 비해 지원자님만이 가진 장점과 차별성을 어필한다면 어떤 것이 있을까요","wordCount":11},"emotion":[],"intent":[]},"answer":{"raw":{"text":"저는 다른 지원자에 비해 꼼꼼함이라는 장점을 가지고 있습니다. 한 번 업무를 처리할 때 제대로 처리하여 이후 오류가 발견되지 않도록 해야 한다는 생각을 가지고 있습니다. 이렇게 한다면 전체적인 업무 효율성 면에 있어서도 업무 효율도가 향상될 수 있다고 생각합니다. 또한 이 과정에는 많은 시간이 소요되지 않습니다. 한 번 대강 훑어보는 것이 아니라 한 번 볼 때 세세히 집중해서 보면 정확도 또 향상될 수 있습니다. 남들보다 집중해서 보기 때문에 정확도나 전체적인 효율성 면에서는 오히려 더 좋다고 생각합니다. 한 번 처리할 때 대강 훑어보는 것이 효율성이 오히려 더 떨어진다고 생각합니다. 이후 모든 자료를 처음부터 재차 재검토해야 한다면 그게 훨씬 더 비효율적이라고 생각합니다. 그래서 저는 업무를 담당하게 된다면 꼼꼼함을 잘 활용하겠습니다.","wordCount":106},"emotion":[],"intent":[{"text":"","expression":"","category":"attitude"}],"summary":{"text":"저는 다른 지원자에 비해 꼼꼼함이라는 장점을 가지고 있습니다. 한 번 볼 때 세세히 집중해서 보면 정확도 또 향상될 수 있기 때문에 업무 효율성 면에 있어서도 업무 효율도가 향상된다고 생각합니다. 그래서 업무를 담당하게 된다면 이것를 잘 활용하겠습니다.","wordCount":36}}},"rawDataInfo":{"question":{"fileFormat":"wav","fileSize":323598,"duration":10110,"samplingBit":16,"channelCount":1,"samplingRate":"16kHz","audioPath":"/Mock/02.SalesMarketing/Female/Experienced/ckmk_q_sm_f_e_199695.wav"},"answer":{"fileFormat":"wav","fileSize":2830158,"duration":88440,"samplingBit":16,"channelCount":1,"samplingRate":"16kHz","audioPath":"/Mock/02.SalesMarketing/Female/Experienced/ckmk_a_sm_f_e_199695.wav"}}}