{"version":"1.0","dataSet":{"info":{"date":"20230116","occupation":"SM","channel":"MOCK","place":"ONLINE","gender":"FEMALE","ageRange":"-34","experience":"EXPERIENCED"},"question":{"raw":{"text":"혹시 예전부터 계속 가고 싶었던 회사가 있었습니까 회사의 문화와 분위기를 보는지 아니면 연봉이 중요한지 회사의 네이밍이 중요한지 어떤 걸 먼저 보시나요","wordCount":21},"emotion":[],"intent":[]},"answer":{"raw":{"text":"제가 가장 회사를 선택할 때 중요하게 보는 점은 업무인 것 같습니다. 아무래도 직장인이기 때문에 회사에 가장 오랜 시간 동안 머물고 또 저의 소득을 대부분 책임지는 게 회사라고 생각을 합니다. 그리고 회사에 있는 그 긴 시간 동안 제가 지루해하거나 또 적성에 맞지 않는 업무를 하게 되면 굉장히 심적으로 힘들게 되는데요. 그렇기 때문에 저의 적성에 맞고 또 제가 좋아하는 업무를 할 수 있는 회사를 선택하는 게 맞다고 생각을 합니다. 그래서 저는 그동안 회사를 선택할 때 제 적성에 맞는지 그리고 제가 막상 입사를 한 다음에 그 업무를 맡게 됐을 때 만족할 수 있는지 여부를 가장 우선적으로 판단을 했던 것 같습니다. 어 저는 앞으로 제가 입사를 하게 된다면 아무래도 제가 좋아하는 업무이고 어 잘 할 수 있는 일이기 때문에 그 역량을 충분히 발휘할 수 있을 것 같고요. 앞으로 만약에 제가 전문가로서 성장하기 위해서는 회사가 저도 도와주고 저도 회사를 위해서 같이 일할 수 있어야 한다고 생각을 합니다. 그렇기 때문에 서로 도움이 되고 윈윈이 되는 그러한 관계를 원하는데요. 앞으로 회사의 분위기와 문화도 굉장히 중요하기 때문에 이런 점들을 고려해서 선택을 할 거고요. 그 점이 마음이 들어서 제가 이렇게 입사를 지원하게 됐습니다.","wordCount":174},"emotion":[],"intent":[{"text":"","expression":"","category":"attitude"}],"summary":{"text":"저는 직장인이기 때문에 회사라는 오랜 시간 머물고 소득을 책임지는 게 회사라고 생각합니다. 그 긴 시간 동안 지루해하거나 적성에 맞지 않는 업무를 하게 되면 굉장히 힘들기 때문에 적성에 맞고 좋아하는 업무를 할 수 있는 회사를 선택하는 게 맞다고 생각합니다. 앞으로 제가 전문가로서 성장하기 위해서는 회사가 서로 도움이 되고 윈윈이 되는 그러한 관계를 원하면서 입사를 지원하게 됐습니다.","wordCount":55}}},"rawDataInfo":{"question":{"fileFormat":"wav","fileSize":542798,"duration":16960,"samplingBit":16,"channelCount":1,"samplingRate":"16kHz","audioPath":"/Mock/02.SalesMarketing/Female/Experienced/ckmk_q_sm_f_e_118551.wav"},"answer":{"fileFormat":"wav","fileSize":2748878,"duration":85900,"samplingBit":16,"channelCount":1,"samplingRate":"16kHz","audioPath":"/Mock/02.SalesMarketing/Female/Experienced/ckmk_a_sm_f_e_118551.wav"}}}