{"version":"1.0","dataSet":{"info":{"date":"20230116","occupation":"SM","channel":"MOCK","place":"ONLINE","gender":"FEMALE","ageRange":"45-54","experience":"EXPERIENCED"},"question":{"raw":{"text":"네 시험 기간에 시간이 촉박할 때 어떻게 시간 관리를 해 주셨는지 시원 지원자님만의 시간 관리법이 좀 궁금하거든요 네 말씀을 부탁드립니다","wordCount":20},"emotion":[],"intent":[]},"answer":{"raw":{"text":"어 일단은 시간을 저는 너무 촉박할 때 십 오 분 단위로 시간을 끊어서 사용을 하게 됩니다. 그러니깐 스탑워치를 재서 그 타이머로 재는 거죠. 타이머로 십 오 분을 알림을 맞춰 놓고 그다음에 십 분 쉬고 다시 또 십 오 분을 집중하고 십 분 쉬고 다시 십 오 분을 집중하고 이 루틴을 반복을 하게 되는데요. 어 만약에 십 분을 쉴 때 제가 그 시간을 모자르게 쓸 때도 있잖아요. 뭐 십 분 동안 잠깐 물을 마시고 화장실을 들리려고 했는데 그거를 못 하게 될 것 같을 때는 그 십 분을 조금 더 시간 써보지 하고서는 사용하는 게 아니라 진짜 칼같이 지키는 걸 원칙으로 하기 때문에 그 쉬는 시간 안에 우선적으로 처리해야 될 것 먼저 처리하고 만약에 그걸 빨리 처리하고 시간이 한 오 분 남는다 하면은 먼저 또 집중을 시작하는 게 아니라 그 오 분을 온전히 다 채워서 쉬고 나서 십 오 분을 다시 집중하는 시간으로 들어갑니다. 그렇게 하다보면은 단기적으로 집중력이 좀 많이 올라가고 피로도가 덜 쌓이는 효과가 있습니다.","wordCount":154},"emotion":[],"intent":[{"text":"","expression":"","category":"attitude"}],"summary":{"text":"저는 시간이 너무 촉박할 때 십 오 분 단위로 시간을 끊어서 사용을 하게 되는데, 이렇게 하다보면은 단기적으로 집중력이 좀 많이 올라가고 피로도가 덜 쌓이는 효과가 있습니다.","wordCount":26}}},"rawDataInfo":{"question":{"fileFormat":"wav","fileSize":556878,"duration":17400,"samplingBit":16,"channelCount":1,"samplingRate":"16kHz","audioPath":"/Mock/02.SalesMarketing/Female/Experienced/ckmk_q_sm_f_e_182919.wav"},"answer":{"fileFormat":"wav","fileSize":2865038,"duration":89530,"samplingBit":16,"channelCount":1,"samplingRate":"16kHz","audioPath":"/Mock/02.SalesMarketing/Female/Experienced/ckmk_a_sm_f_e_182919.wav"}}}