{"version":"1.0","dataSet":{"info":{"date":"20230116","occupation":"SM","channel":"MOCK","place":"ONLINE","gender":"FEMALE","ageRange":"45-54","experience":"EXPERIENCED"},"question":{"raw":{"text":"본인은 우리 회사에 들어와 본인이 하고 싶은 업무가 있으신가요 있으시다면 이유와 함께 말씀해 주세요","wordCount":14},"emotion":[],"intent":[]},"answer":{"raw":{"text":"네 저는 영업 업무를 한 번 총괄해 보고 싶은 욕심이 있습니다. 어 회사 입사를 하게 된다면 제가 최종 리더로서 회사 전체 영업 업무를 담당을 하고 또 마케팅하는 역할을 해보고 싶습니다. 왜냐하면 제가 이제 다른 회사에서 봤을 때 이 회사가 굉장히 마케팅을 잘하는 회사로 알려져 있습니다. 그리고 영업의 실적도 굉장히 좋아서 어떻게 영업을 하는지 어 다른 회사에서 궁금해 할 정도로 그렇게 잘하고 있는 것으로 알고 있습니다. 그렇기 때문에 제가 그런 마케팅에 방식을 배우고 또 나아가서 더욱더 발전을 시켜서 좀 회사에 최대 실적을 달성해 보고 싶은 그런 욕심이 있습니다. 어 제가 만약에 영업 지원 업무에 최고 결정자로 어 가게 된다면 저는 훨씬 더 사람들을 좀 잘 다루고 영향을 높게 하는 일을 해보고 싶고요. 그래서 그게 바로 실적으로 연결이 되고 저도 그런 성취감을 느끼고 싶은 그런 상황입니다. 사실 영업이라는 건 어 사람을 대하기도 하고 또 영업의 실적이 높아졌을 때 굉장히 보람과 성취감을 느끼게 되는데요. 그런 여러 가지 챌린지를 진행을 해서 회사에도 도움이 되고 저도 역량을 발휘하는 그런 일들을 해보고 싶습니다.","wordCount":157},"emotion":[],"intent":[{"text":"그렇기 때문에 제가 그런 마케팅에   방식을 배우고 또 나아가서 더욱더 발전을 시켜서 좀 회사에 최대   실적을 달성해 보고 싶은 그런 욕심이 있습니다.","expression":"c_sincere_co","category":"etc"}],"summary":{"text":"영업 업무를 총괄해 보고 싶은 욕심이 있는데, 회사 입사를 하게 된다면 최종 리더로서 회사 전체 영업 업무를 담당을 하고 또 마케팅하는 역할을 해보고 싶습니다. 마케팅을 잘하고 있는 회사이기 때문에 마케팅 방식을 배우고 더 발전을시켜서 최대 실적을 달성하고 싶은 욕심이 있습니다.","wordCount":40}}},"rawDataInfo":{"question":{"fileFormat":"wav","fileSize":530958,"duration":16590,"samplingBit":16,"channelCount":1,"samplingRate":"16kHz","audioPath":"/Mock/02.SalesMarketing/Female/Experienced/ckmk_q_sm_f_e_115116.wav"},"answer":{"fileFormat":"wav","fileSize":2752078,"duration":86000,"samplingBit":16,"channelCount":1,"samplingRate":"16kHz","audioPath":"/Mock/02.SalesMarketing/Female/Experienced/ckmk_a_sm_f_e_115116.wav"}}}