{"version":"1.0","dataSet":{"info":{"date":"20230116","occupation":"SM","channel":"MOCK","place":"ONLINE","gender":"FEMALE","ageRange":"55-","experience":"EXPERIENCED"},"question":{"raw":{"text":"일을 하시다 보면 상사와 트러블이 생길 수 있는 일이 있을 텐데요 아 이러한 일이 생길 때 어떻게 대처하실 것인지요 그리고 또 상사가 혼을 낸다면 혹시 기분이 나쁘시지는 않을까요","wordCount":28},"emotion":[],"intent":[]},"answer":{"raw":{"text":"일을 하다 보면 상사가 트러블이 생길 수 있는데 어떻게 할 것입니까 라고 이제 문었는데요. 상사와 트러블이 생기면 아주 곤란한 일이 있긴 있어요. 저도 옛날에 어 일을 했을 때 조금 좀 별로 맘에 들지 않는 상사가 있었는데 아 그 상사분이 아 이 이케 좀 행동하는 것이 되게 많이 거슬렸기 때문에 좀 싫어하기는 했었거든요. 그런데 싫어하긴 했지만 그 표시를 낼 수는 없었습니다. 상사니까요. 그리고 굳이 그런 트러블로 제가 문제를 만들어서 제가 일할 때에 불이익을 받는 받는 것을 그런 문제를 생기지 않으려고 저는 노력하는 편이기 때문에요. 되도록이면 모든 사람과 잘 지내고 싶은 것이 제 인생의 모토이기도 합니다. 내 상사가 혼내면 기분이 나쁘지요. 나쁘지 않을 수는 없습니다. 기분이 나쁘지만 제가 기분이 나쁘다는 표시를 내서 낸다면 그건 제가 부하 직원이 아니고 제가 상사 아닙니까. 그건 아니라고 생각합니다. 그래서 상사가 혼냈을 때 제가 부어지고 부하 직원이라면 아 나를 혼낸 이유가 있겠지 라고 그 이유에 대해서 생각을 해 보고 그 원인을 해결을 하려고 노력을 해 보겠습니다. 그리고 상사가 혼내면 우선 아 죄송합니다 라고 제가 이러 이러한 일이 있어서 이렇게 했는데 만약에 제가 실수라면 아 실수라고 인정을 하겠구요. 만약에 그게 아니라면 상사에게 자세히 설명을 해서 어 제가 이거가 이렇게 혼낼 만한 이유가 아니었다는 거 또 표시를 내면 되지 않을까 라고 저는 생각을 합니다.","wordCount":195},"emotion":[],"intent":[{"text":"되도록이면 모든 사람과 잘 지내고 싶은 것이 제 인생의 모토이기도 합니다.","expression":"c_value","category":"background"}],"summary":{"text":"상사와 트러블이 생기면 곤란한 일이 있는데 그 표시를 낼 수는 없습니다. 상사가 혼내면 기분이 나쁘지만 그렇다고 표시를 내서 낸다면 부하 직원이 아니고 제가 상사입니다. 그래서 혼냈을 때 부하 직원이 혼낸 이유가 있으리라 생각하여 원인을 해결하고자 합니다. 만일 실수라면 인정을 하겠지만 아니라면 상사에게 자세히 설명을 해서 혼낼 만한 이유가 아니었다는 거 표시를 내면 되지 않을까 생각합니다.","wordCount":55}}},"rawDataInfo":{"question":{"fileFormat":"wav","fileSize":512078,"duration":16000,"samplingBit":16,"channelCount":1,"samplingRate":"16kHz","audioPath":"/Mock/02.SalesMarketing/Female/Experienced/ckmk_q_sm_f_e_240237.wav"},"answer":{"fileFormat":"wav","fileSize":3827278,"duration":119600,"samplingBit":16,"channelCount":1,"samplingRate":"16kHz","audioPath":"/Mock/02.SalesMarketing/Female/Experienced/ckmk_a_sm_f_e_240237.wav"}}}