{"version":"1.0","dataSet":{"info":{"date":"20230116","occupation":"SM","channel":"MOCK","place":"ONLINE","gender":"FEMALE","ageRange":"-34","experience":"EXPERIENCED"},"question":{"raw":{"text":"업무를 하다가 본인이 잘 모르는 과제나 혹은 잘 해결 못하는 일이 발생을 했을 때 어떻게 해결하실 생각인지 궁금한데요 그 이유도 함께 말씀을 해주시죠","wordCount":23},"emotion":[],"intent":[]},"answer":{"raw":{"text":"네 제가 일을 하게 되다가 저도 모르는 과제가 당연히 등장할 수가 있고 또 새로운 프로젝트가 충분히 진행될 수 있다고 생각을 합니다. 그런데 어려운 점은 사칠 이제 아래에 있을 때는 그 점을 선배나 상사께 계속해서 물어보고 그리고 아니면 어 상사나 선배에게 그 업무를 도와달라고 요청을 할 수가 있었습니다. 그리고 제가 그 프로젝트의 담당이 아니기 때문에 선배가 총괄을 하고 저는 일정 부분만 담당을 하면 됐었는데요. 하지만 직급이 올라가고 또 책임이 커지다 보면 사실상 그 업무의 전반을 제가 이해해야 되고 또 모르는 경우에는 굉장히 난처한 경우가 많았습니다. 하지만 저는 그렇다고 하더라도 실무를 하는 사람이 가장 그 내용을 잘 알기 때문에 저는 후배에게도 그 내용을 당연히 물어보게 되고요. 그 후배가 굉장히 또 그 업무를 잘 수행을 하게 된다면 도움을 받을 수 있을 것 같습니다. 그런 면에서 좀 업무를 유연하게 하는 편인 거 갔고요. 저는 회사 동료 친구들이 저랑 같이 작업을 하는 어 공동인이자 또 협업을 해야 되는 관계라고 생각을 하고요. 그런 건 얼마든지 충분히 협의와 도움을 요청을 하면서 작업을 해나가는 것 같습니다. 앞으로 좀 유연한 방식으로 그리고 좀 적극적으로 과제를 해 나갈 수 있도록 업무를 진행하도록 하겠습니다.","wordCount":173},"emotion":[],"intent":[{"text":"","expression":"","category":"attitude"}],"summary":{"text":"직급이 상승하고 책임이 커지다 보면 업무 전반을 제가 이해해야 되고 모르는 경우에는 굉장히 난처한 경우가 많았습니다. 하지만 실무를 하는 사람이 가장 그 내용을 잘 알기 때문에 그 후배에게 그 내용을 당연히 물어보게 됩니다. 그 후배가 굉장히 또 그 업무를 잘 수행을 하게 된다면 도움을 받을 수 있을 것 같습니다. 앞으로 좀 유연한 방식으로 그리고 적극적으로 과제를 해 나갈 수 있도록 업무를 진행하도록 하겠습니다.","wordCount":63}}},"rawDataInfo":{"question":{"fileFormat":"wav","fileSize":500238,"duration":15630,"samplingBit":16,"channelCount":1,"samplingRate":"16kHz","audioPath":"/Mock/02.SalesMarketing/Female/Experienced/ckmk_q_sm_f_e_118552.wav"},"answer":{"fileFormat":"wav","fileSize":2750798,"duration":85960,"samplingBit":16,"channelCount":1,"samplingRate":"16kHz","audioPath":"/Mock/02.SalesMarketing/Female/Experienced/ckmk_a_sm_f_e_118552.wav"}}}