{"version":"1.0","dataSet":{"info":{"date":"20230116","occupation":"SM","channel":"MOCK","place":"ONLINE","gender":"FEMALE","ageRange":"-34","experience":"EXPERIENCED"},"question":{"raw":{"text":"만약 이직을 생각하는 동료를 만나게 된다면 뭐라고 말씀하실 건가요 왜 그렇게 말씀하실 건지도 설명 부탁드립니다","wordCount":15},"emotion":[],"intent":[]},"answer":{"raw":{"text":"일단은 왜 그렇게 생각하는지 를 좀 물어볼 것 같아요. 어 사람마다 각자의 이유가 있을 테니깐 누군가는 이 회사가 잘 안 맞을 거고 또 그 안 맞는 부분이 어떤 사람에게는 그렇게 크게 지장가지 않을 수 있거든요. 그래서 저는 일단은 어 충분히 그 동료의 말을 들어줄 것 같아요. 어떤 고민을 하고 있는지 그리고 결정은 사실 그 동료가 스스로 하는 거기 때문에 들어는 주되 제가 그 결정에 대해서 영향을 줄 수 있는 어떤 말들을 하지는 않을 것 같아요. 뭐 그 회사를 떠나는 것도 아니면 남기로 하는 것도 그 동료가 선택하는 몫이기 때문에 뭐 제가 이래라 저래라 할 수 있는 것도 아니고 그저 잘 들어줄 수 있고 공감이 가는 부분들은 동의를 해줄 수 있을 것 같아요.","wordCount":112},"emotion":[],"intent":[{"text":"","expression":"","category":"attitude"}],"summary":{"text":"사람은 각자 회사와 잘 안 맞는 부분이 있습니다. 그래서 저는 충분히 그 동료의 말을 들어줄 것 같습니다. 결정은 그 동료가 스스로 하기 때문에 제가 영향을 줄 수 있는 말들을 하지는 않을 것이고 공감이 가는 부분들은 동의를 해주는 것이 좋겠습니다.","wordCount":39}}},"rawDataInfo":{"question":{"fileFormat":"wav","fileSize":602318,"duration":18820,"samplingBit":16,"channelCount":1,"samplingRate":"16kHz","audioPath":"/Mock/02.SalesMarketing/Female/Experienced/ckmk_q_sm_f_e_195353.wav"},"answer":{"fileFormat":"wav","fileSize":2045518,"duration":63920,"samplingBit":16,"channelCount":1,"samplingRate":"16kHz","audioPath":"/Mock/02.SalesMarketing/Female/Experienced/ckmk_a_sm_f_e_195353.wav"}}}