{"version":"1.0","dataSet":{"info":{"date":"20230116","occupation":"SM","channel":"MOCK","place":"ONLINE","gender":"FEMALE","ageRange":"-34","experience":"EXPERIENCED"},"question":{"raw":{"text":"만약 업무 수행 중 팀원과 불화가 생긴다면 어떻게 해결하시겠습니까 해결법과 그 이유를 함께 말씀해 주세요","wordCount":15},"emotion":[],"intent":[]},"answer":{"raw":{"text":"이후 팀원과 불화가 생긴다면 저는 가장 먼저 그 팀원에게 화해의 손길을 내밀 것입니다. 불화의 원인이 저와 그 팀원이라고 한다면 팀원 전체에게 안 좋은 영향을 미칠 수 있고 팀원 전체의 사기를 떨어뜨릴 수 있다고 생각합니다. 따라서 제가 먼저 해당 팀원에게 화해를 요청하고 이게 원만하게 해결되었을 시 팀 전체의 과제 수행에 있어서도 긍정적인 결과를 가져올 수 있다고 생각합니다. 저는 개인적인 감정보다는 팀 전체의 과제 수행이라는 공적인 것이 보다 더 중요하다고 생각합니다. 따라서 다른 팀원과 불화가 발생하더라도 개개인적인 감정이나 그런 한 사람에 대한 안 좋은 감정에 얽매이지 않고 팀원 전체를 생각하며 해당 불화를 해결하고 극복해 낼 수 있도록 꾸준히 노력할 것입니다.","wordCount":98},"emotion":[],"intent":[{"text":"이후 팀원과 불화가 생긴다면 저는 가장 먼저 그 팀원에게 화해의 손길을 내밀 것입니다.","expression":"c_confl_mg","category":"personality"},{"text":"따라서 다른 팀원과 불화가 발생하더라도 개개인적인 감정이나 그런 한 사람에 대한 안 좋은 감정에 얽매이지 않고 팀원 전체를 생각하며 해당 불화를 해결하고 극복해 낼 수 있도록 꾸준히 노력할 것입니다.","expression":"c_confl_mg","category":"personality"}],"summary":{"text":"저는 개인적 감정보다는 팀 전체의 과제 수행이라는 공적인 것이 더 중요하다고 생각합니다. 따라서 다른 팀원과 불화가 발생하더라도 팀원 전체를 생각하며 해당 불화를 해결하고 극복해 낼 수 있도록 꾸준히 노력할 것입니다.","wordCount":30}}},"rawDataInfo":{"question":{"fileFormat":"wav","fileSize":361038,"duration":11280,"samplingBit":16,"channelCount":1,"samplingRate":"16kHz","audioPath":"/Mock/02.SalesMarketing/Female/Experienced/ckmk_q_sm_f_e_209501.wav"},"answer":{"fileFormat":"wav","fileSize":2558798,"duration":79960,"samplingBit":16,"channelCount":1,"samplingRate":"16kHz","audioPath":"/Mock/02.SalesMarketing/Female/Experienced/ckmk_a_sm_f_e_209501.wav"}}}