{"version":"1.0","dataSet":{"info":{"date":"20230116","occupation":"SM","channel":"MOCK","place":"ONLINE","gender":"FEMALE","ageRange":"45-54","experience":"EXPERIENCED"},"question":{"raw":{"text":"배달의 민족을 사용하시면서 지원자님이 이 해당 서비스에서 아쉬웠던 부분이 있으실까요 만약 있으시다면 어떤 점이 아쉬웠는지 말씀 부탁드립니다","wordCount":17},"emotion":[],"intent":[]},"answer":{"raw":{"text":"네 아무래도 뭐 요새 그 배달 어플들이 많아서 어 뭐 배달의 민족이나 요기요를 비롯해서 뭐 쿠팡이츠 많이 이용을 하는데 이제 그중에 저도 배달의 민족을 제일 많이 이용하긴 합니다. 서비스가 잘 되어 있긴 합니다. 다른 어플에 비해서 어 그래서 각 업체별 사용을 해다보면 어 업체들에서 어떤 금액별 쿠폰이나 이런 부분을 제공하는 일은 굉장히 많습니다. 그런데 그 배달의 어플 배달의 민족 어플 자체 내에서 하는 그런 적립금 혜택이나 이런 부분이 좀 저는 아쉬웠던 것 같습니다. 배달 어플이 상당히 많은데 어 그 업체들도 여러 그 어플를 이용하기는 하는데 이 배달의 민족 어플을 통해서 어 배달을 해서 먹고 하는 부분에 대한 어떤 여러 번 하면 거기에 따른 배달의 민족 어플 자체에서 주는 적립금이 있었으면 어떨까 하는 그런 생각을 해보게 되었습니다.","wordCount":116},"emotion":[{"text":"그런데 그 배달의 어플 배달의 민족 어플   자체 내에서 하는 그런 적립금 혜택이나 이런 부분이 좀 저는 아쉬웠던 것    같습니다.","expression":"n-distress","category":"negative"}],"intent":[{"text":"","expression":"","category":"attitude"}],"summary":{"text":"배달의민족은 서비스가 잘 되어 있고 금액별 쿠폰이나 적립금 혜택을 주는 어플이 많은데, 그 자체에서 주는 적립금이 없었으면 하는 생각을 해보게 되었습니다.","wordCount":21}}},"rawDataInfo":{"question":{"fileFormat":"wav","fileSize":592078,"duration":18500,"samplingBit":16,"channelCount":1,"samplingRate":"16kHz","audioPath":"/Mock/02.SalesMarketing/Female/Experienced/ckmk_q_sm_f_e_180968.wav"},"answer":{"fileFormat":"wav","fileSize":2368078,"duration":74000,"samplingBit":16,"channelCount":1,"samplingRate":"16kHz","audioPath":"/Mock/02.SalesMarketing/Female/Experienced/ckmk_a_sm_f_e_180968.wav"}}}