{"version":"1.0","dataSet":{"info":{"date":"20230116","occupation":"SM","channel":"MOCK","place":"ONLINE","gender":"FEMALE","ageRange":"35-44","experience":"EXPERIENCED"},"question":{"raw":{"text":"최근에 본 뉴스 중에서 가장 기억에 남는 뉴스가 있다면 어떤 뉴스인지 소개를 해 주시구요 그리고 이유에 대해서도 말씀을 해 주실 수가 있나요","wordCount":22},"emotion":[],"intent":[]},"answer":{"raw":{"text":"네 최근에 연예인과 관련된 뉴스를 좀 재미있게 본 사례가 있었는데요. 한 연예인이 돈을 벌었는데 가족들이 그 돈을 어 이용하고 활용해서 어 많이 이제 탕진하고 그런 것들을 봤습니다. 어 아마 최근에 굉장히 많이 이슈가 되고 있는 사례인데요. 연예인을 상대로 해서 가족들이 그 돈을 착취하거나 아니면 다른 곳에 본인이 활용하고 이용하고 이런 경우가 많은 것 같습니다. 어 대표적인 모럴 헤저드 인데요. 회사에서도 이런 경우가 많은 것 같습니다. 본인의 이익을 위해서 다른 사람을 이용하고 그리고 악의적으로 그것들을 활용하는 게 문제가 되고 있는데요. 이런 것들이 없어지기 위해서는 저는 개인의 도덕성과 또 교육이 필요하다고 생각이 됩니다. 지금 뉴스들을 보면 사실 긍정적이고 좋은 뉴스보다는 안 좋고 부정적이고 또 범죄도 많이 일어나고 있는 상황인데요. 이런 것들이 일어나지 않기 위해서 우리 사회가 좀 제도적으로 정비를 해야 될 것 같구요. 그리고 처벌도 엄격히 돼야 될 것 같습니다. 처벌이 느슨하기 때문에 이런 문제가 반복적으로 발생할 수 있는 것 같아서 저는 처벌도 굉장히 중요하다고 생각을 합니다.","wordCount":145},"emotion":[],"intent":[{"text":"","expression":"","category":"attitude"}],"summary":{"text":"최근 모럴 헤저드를 통해 연예인과 관련된 범죄가 많이 일어나고 있습니다. 이를 막기 위해서는 개인의 도덕성과 교육이 필요하고, 제도적으로 정비가 필요하며, 처벌이 느슨하기 때문에 반복적으로 발생할 수 있으므로 처벌도 엄격해야 합니다.","wordCount":30}}},"rawDataInfo":{"question":{"fileFormat":"wav","fileSize":397838,"duration":12430,"samplingBit":16,"channelCount":1,"samplingRate":"16kHz","audioPath":"/Mock/02.SalesMarketing/Female/Experienced/ckmk_q_sm_f_e_113557.wav"},"answer":{"fileFormat":"wav","fileSize":2749198,"duration":85910,"samplingBit":16,"channelCount":1,"samplingRate":"16kHz","audioPath":"/Mock/02.SalesMarketing/Female/Experienced/ckmk_a_sm_f_e_113557.wav"}}}