{"version":"1.0","dataSet":{"info":{"date":"20230116","occupation":"SM","channel":"MOCK","place":"ONLINE","gender":"FEMALE","ageRange":"35-44","experience":"EXPERIENCED"},"question":{"raw":{"text":"왜 해당 분야에 관심을 가지게 되었고 또 지원하게 되었는지 궁금합니다 관심을 가지게 된 이유와 지원 동기에 대해 말씀해 주시기 바랍니다","wordCount":20},"emotion":[],"intent":[]},"answer":{"raw":{"text":"회사의 꽃은 영업이라고 생각합니다. 아무리 좋은 제품이 있다고 한 들 만약에 영업이 되지 않는다면 어 소비자에게까지 제품이 전달되지 않는다면 아무런 소용이 없다 라고 생각합니다. 그러한 면에 있어서 영업은 회사에 꽃이고 정말 없어서는 안 되는 중요한 부서임에 틀림없습니다. 그리고 영어 같은 것은 일단 기본적으로 많은 고객들을 만나고 그리고 그들에게 받는 피드백을 회사에 전달을 함으로써 좀 더 나은 제품 좀 더 나은 서비스로 고객들을 찾아갈 수 있다 라는 것 그래서 회사에 발전에 이익을 창출할 수 있다 라는 것이 가장 좋은 부서라고 생각했고 저 또한 그런 부분에 있어서 성취감이 굉장히 대단할 것이라고 생각되었습니다. 그리고 또한 어 다른 직업군에 비해서 영업은 성과 보수나 아니면 보수적인 성과에 에 있어서 비례적으로 어 보상을 해주는 것으로 알고 있습니다. 그렇기 때문에 제가 훨씬 더 액티브하게 어 그리고 더 주도적으로 일할 수 있는 환경이 되지 않을까 네 다른 부서는 정해져 있는 월급에 그냥 받기만 하잖아요. 그래서 이렇게 좀 더 주도적으로 제가 원하는 보수를 받기 위해 노력할 수 있는 부서라고 생각합니다.","wordCount":151},"emotion":[],"intent":[{"text":"그리고 또한 어 다른 직업군에 비해서 영업은 성과 보수나 아니면 보수적인 성과에 에 있어서 비례적으로 어 보상을 해주는 것으로 알고 있습니다.","expression":"c_sincere_job","category":"etc"},{"text":"그렇기 때문에 제가 훨씬 더 액티브하게 어 그리고 더 주도적으로 일할 수 있는 환경이 되지 않을까 네 다른 부서는 정해져 있는 월급에 그냥 받기만 하잖아요.","expression":"c_sincere_job","category":"etc"},{"text":"그래서 이렇게 좀 더 주도적으로 제가 원하는 보수를 받기 위해 노력할 수 있는 부서라고 생각합니다.","expression":"c_sincere_job","category":"etc"}],"summary":{"text":"회사의 꽃인 영업은 고객들과의 만남과 피드백을 통해 좀 더 나은 서비스로 고객들을 찾아갈 수 있다는 점에서 회사에 이익을 창출할 수 있는 중요한 부서입니다. 또한 영업은 성과 보수나 보수에 있어서 비례적으로 보상을 해줍니다. 그렇기 때문에 좀 더 주도적으로 일할 수 있는 환경이 될 수 있습니다.","wordCount":44}}},"rawDataInfo":{"question":{"fileFormat":"wav","fileSize":409678,"duration":12800,"samplingBit":16,"channelCount":1,"samplingRate":"16kHz","audioPath":"/Mock/02.SalesMarketing/Female/Experienced/ckmk_q_sm_f_e_226858.wav"},"answer":{"fileFormat":"wav","fileSize":2858958,"duration":89340,"samplingBit":16,"channelCount":1,"samplingRate":"16kHz","audioPath":"/Mock/02.SalesMarketing/Female/Experienced/ckmk_a_sm_f_e_226858.wav"}}}