{"version":"1.0","dataSet":{"info":{"date":"20230116","occupation":"SM","channel":"MOCK","place":"ONLINE","gender":"FEMALE","ageRange":"35-44","experience":"EXPERIENCED"},"question":{"raw":{"text":"어 이전 직장 또근 또는 대학에서 어 프로젝트를 해 보셨는 다면 어 그 프로젝트가 생각나시는 게 있다면 한 번 자세히 브리핑을 해 주시기 바랍니다","wordCount":24},"emotion":[],"intent":[]},"answer":{"raw":{"text":"아 저는 제가 쪼금 그래도 모험심이 있는 편이라 어 이거는 대학교 때인데 대학교 때 제가 뭐 과목의 과제도 아니고 뭐 팀플 조별 과제 이런 것도 아니었는데 동기들이랑 저희가 경영학과니까 거기 그냥 놀러 나갔다가 지하철을 타고 이제 귀가 하려고 하는데 술도 안 마셨었어요 그때는. 그런데 갑자기 지금 그냥 박차고 나가서 저기 종로 한 복판에서 우리가 당장 그 급하게 가져 그 가장 급하게 살 수 있는 그런 주변에 뭐 옷감 같은 거 그런 거로 얼마나 우리가 바로 발로 뛰는 영업을 얼마나 이제 이거 이득을 낼 수 있을까 그래서 그냥 수중에 가지고 있는 돈 몇 푼으로 저희가 살 수 있는 그런 옷 몇 가지들 진짜 증말 많이 많지 않았는데 그걸로 산 다음에 종로 그 삼가 역 앞에 거리에서 저희가 저희의 장기를 막 보이면서 지난 그냥 지나가는 행인들에게 그렇게 해서 판매를 했던 적이 있어요. 그 다 팔았어요 저희가. 그게 자신감이 생기더라고요 네.","wordCount":138},"emotion":[],"intent":[{"text":"아 저는 제가 쪼금 그래도   모험심이 있는 편이라 어 이거는   대학교 때인데 대학교 때 제가 뭐 과목의 과제도 아니고 뭐   팀플 조별 과제 이런 것도 아니었는데 동기들이랑 저희가 경영학과니까   거기 그냥 놀러 나갔다가 지하철을 타고 이제 귀가 하려고 하는데 술도 안 마셨었어요 그때는.","expression":"c_person","category":"background"},{"text":"그런데 갑자기   지금 그냥 박차고 나가서 저기 종로 한 복판에서 우리가   당장 그 급하게 가져 그 가장 급하게 살 수 있는 그런 주변에 뭐 옷감 같은 거 그런 거로 얼마나 우리가 바로 발로 뛰는 영업을 얼마나 이제 이거 이득을 낼 수 있을까 그래서   그냥 수중에 가지고 있는 돈 몇 푼으로 저희가 살 수 있는 그런 옷 몇 가지들 진짜 증말 많이 많지 않았는데 그걸로 산 다음에 종로 그 삼가 역 앞에 거리에서 저희가   저희의 장기를 막 보이면서 지난 그냥 지나가는 행인들에게 그렇게 해서 판매를 했던 적이 있어요.","expression":"s_sell_exp","category":"technology"}],"summary":{"text":"모험심이 있는 저는 대학교 때 경영학과 동기들과 술도 안 마셨다고 하는데, 갑자기 종로 한 복판에서 우리가 급하게 가져올 수 있는 옷감 같은 거로 영업을 얼마나 이득을 낼 수 있을까 해서 돈 몇 푼으로 옷 몇 가지들을 사서 지나치는 행인들에게 판매를 했던 적이 있었는데, 다 팔았어요 제가 자신감이 생겼습니다.","wordCount":48}}},"rawDataInfo":{"question":{"fileFormat":"wav","fileSize":654478,"duration":20450,"samplingBit":16,"channelCount":1,"samplingRate":"16kHz","audioPath":"/Mock/02.SalesMarketing/Female/Experienced/ckmk_q_sm_f_e_141982.wav"},"answer":{"fileFormat":"wav","fileSize":2913678,"duration":91050,"samplingBit":16,"channelCount":1,"samplingRate":"16kHz","audioPath":"/Mock/02.SalesMarketing/Female/Experienced/ckmk_a_sm_f_e_141982.wav"}}}