{"version":"1.0","dataSet":{"info":{"date":"20230116","occupation":"SM","channel":"MOCK","place":"ONLINE","gender":"FEMALE","ageRange":"45-54","experience":"EXPERIENCED"},"question":{"raw":{"text":"우리가 일을 하다 보면 상사와 트러블이 생길 수도 있죠 이 상황에서 지원자님은 어떻게 하실 건지 또 상사가 혼낸다면 기분 나쁠 것 같은지 솔직하게 말해 주세요","wordCount":25},"emotion":[],"intent":[]},"answer":{"raw":{"text":"어 그 까 상사와는 어떤 트러블이라고 그런 상태가 되면 안 된다고 생각합니다. 그까 업무적으로 뭐 지적을 하고 하는 상황은 있을 수가 있으나 그러니까 트러블이 생겼다면 이거는 어 감정적인 문제가 아닐까 싶구요. 그런 감정적으로 대해서는 안 된다는 생각을 합니다. 그까 일적으로 업무적으로 어 사적인 그런 감정을 배제하고 업무를 해야 되는 부분이구요. 그리고 뭐 업무를 잘 못해서 뭐 실수를 한다거나 어 어떤 실수를 했다면 어 그것은 당연히 지적을 받아야 되고 어 그 그게 기분 나쁘거나 할 일은 아니고 뭐 기분이 나쁠 수는 있으나 당연하다 생각하고 다음부터는 그런 실수를 하지 않도록 노력해야 될 것 같고요. 대신에 그렇기 때문에 서로 어떤 사적인 감정을 어 건드리거나 하는 그런 대화는 좀 지양을 해야 될 것 같습니다. 어 뭐 다 마찬가지로 일을 하기 위해서 온 거지 어떤 그 친목도모를 하기 위해서 회사를 온 건 아니기 때문에 아 물론 이제 그렇게 하면서 친목을 도모할 수도 있겠지만 업무적인 부분으로 해야 된다 생각하고 실수나 뭐 지적을 당할 일을 했다면 지적받고 어 인정을 하고 다음부터는 그러지 않는 그런 부분이 이제 뭐 기분 상하고 이렇게 되면 안 될 것 같습니다.","wordCount":168},"emotion":[],"intent":[{"text":"","expression":"","category":"attitude"}],"summary":{"text":"업무적 지적 상황은 있을 수 있으나 트러블이 생겼다면 감정적인 문제입니다. 업무적으로 사적인 감정을 배제하고 업무를 해야 합니다. 실수를 했다면 지적 받아야 하고 실수를 하지 않도록 노력해야 합니다. 친목도모를 위해 온 게 아니라 업무적인 부분으로 실수나 지적받을 일을 했다면 지적받고 인정해야 합니다. 기분 상하고 이렇게 되면 안 됩니다.","wordCount":47}}},"rawDataInfo":{"question":{"fileFormat":"wav","fileSize":649038,"duration":20280,"samplingBit":16,"channelCount":1,"samplingRate":"16kHz","audioPath":"/Mock/02.SalesMarketing/Female/Experienced/ckmk_q_sm_f_e_237423.wav"},"answer":{"fileFormat":"wav","fileSize":3377998,"duration":105560,"samplingBit":16,"channelCount":1,"samplingRate":"16kHz","audioPath":"/Mock/02.SalesMarketing/Female/Experienced/ckmk_a_sm_f_e_237423.wav"}}}