{"version":"1.0","dataSet":{"info":{"date":"20230116","occupation":"SM","channel":"MOCK","place":"ONLINE","gender":"FEMALE","ageRange":"55-","experience":"EXPERIENCED"},"question":{"raw":{"text":"만약 본인이 께임 속 캐릭터라면 어떤 께임에서 어떤 역할을 맡아서 그 께임 안에서 움직여 보고 싶으신가요","wordCount":16},"emotion":[],"intent":[]},"answer":{"raw":{"text":"만약 지원자님께서 게임 속 캐릭터라면 어떤 게임에서 어떤 역할을 맡아서 수행하고 싶으신가요 라고 질문을 했는데요. 저는 게임을 좋아하지 않습니다. 보통 그 요즘에 이제 게임 많이 뭐 엘오엘 아 롤 오브 리그라고 하던가요 예 많이 하더라구요. 근데 저 같은 경우는 아 게임을 즐겨하지 않습니다. 일단 가상 세계가 싫구요. 그다음에 되게 빨리 시간이 지나가는 것 같더라구요. 게임을 하면 그래서 일단 제 시간을 허비하는 것이 싫어서 일단 게임을 안하구요. 이게 제가 어렸을 때 했던 게임이라고 하면 추억의 게임 갤러그나 아니면 뽀글뽀글이라는 어 게임이 있습니다. 그리고 또 제가 옛날에 좋아했던 테트리스 게임이 있었는데요. 보통 보면 뽀글뽀글 같은 경우는 좀 단순한 게임이긴 하지만 이 게 백 판까지 가는 과정에서 어 계속 익숙해지는 그런 게임을 보면서 아 이것도 한 단계 한 단계 올라가는 그런 성취감이 있구나 라는 생각을 했고 아 갤러그를 하면서 아 내가 우주 공간에 있으면 참 재미있겠다 하는 생각을 했습니다. 아 갤러그를 보면서 어 어 외계인이 나타날 때 막 깨부수거든요. 깨부시면서 약간 희열을 느끼긴 했지만 그것도 어 그렇게 저한테 맞는 게임은 아니었구요. 제가 테트리스를 좋아했는데 테트리스를 하다보면 공간 지각력이 은근히 생기는 것 같더라구요. 그런데 거기에서 한 판 한 판 깨질 때마다 거기 러시아인이 나와서 춤을 추는데 가끔 그 춤을 따라하기도 했습니다. 만약에 게임에서 어떤 역할을 하고 싶냐면 그 춤추는 러시아인을 하고 싶습니다.","wordCount":198},"emotion":[],"intent":[{"text":"","expression":"","category":"attitude"}],"summary":{"text":"지원자님, 게임 속 캐릭터라면 어떤 게임에서 어떤 역할을 맡아서 수행하고 싶었나요 라고 질문했습니다. 저는 가상 세계가 싫어서 게임을 하지 않습니다. 어렸을 때 했던 게임으로는 갤러그나 뽀글 뽀글이라는 게임이 있습니다. 예전에 좋아했던 테트리스 게임으로는 우주 공간에 있으면 참 재미있겠다 하는 생각을 했습니다. 어떤 역할을 하고 싶다면 그 춤추는 러시아인을 하고 싶습니다.","wordCount":50}}},"rawDataInfo":{"question":{"fileFormat":"wav","fileSize":312718,"duration":9770,"samplingBit":16,"channelCount":1,"samplingRate":"16kHz","audioPath":"/Mock/02.SalesMarketing/Female/Experienced/ckmk_q_sm_f_e_241939.wav"},"answer":{"fileFormat":"wav","fileSize":3742478,"duration":116950,"samplingBit":16,"channelCount":1,"samplingRate":"16kHz","audioPath":"/Mock/02.SalesMarketing/Female/Experienced/ckmk_a_sm_f_e_241939.wav"}}}