{"version":"1.0","dataSet":{"info":{"date":"20230116","occupation":"SM","channel":"MOCK","place":"ONLINE","gender":"FEMALE","ageRange":"45-54","experience":"EXPERIENCED"},"question":{"raw":{"text":"지금까지 다양한 커뮤니케이션을 경험해 봤을 텐데 그중에 가장 어려웠던 경험이 있다면 한 가지만 꼽아서 말씀해 주세요","wordCount":16},"emotion":[],"intent":[]},"answer":{"raw":{"text":"아 네 다양한 사람들을 만났었고 뭐 그렇기 때문에 다양한 커뮤니케이션을 경험을 해 봤구요. 아 그 좀 어려웠던 경험이라면 아 사실 좀 잘 모르는 사람이라면 그렇지 않을 텐데 그러니까 오래 알고 잘 알던 사람이었고 사실 그 사람의 생각을 잘 알고 있다고 어 생각했었는데 그래서 대화를 풀어나가고 또 같은 의견 인줄 예상을 했고 같은 의견이어야만 했었던 그런 상황이었는데 어 대화를 하다보니 그게 아니었습니다. 뭔가 내가 알던 사람이 아닌 것처럼 어떤 벽과 얘기하는 것처럼 어 그럴 때 어떤 결정을 내려야 하는데 그런 상황이 됐을 땐 어 또 설득한다고 해도 내 예산과는 다른 쪽으로 그 얘기를 하다 보니 이게 설득도 안되고 참 난감한 경우가 있었습니다. 물론 더 나아가서는 그때 경험으로 미루어 가서 그러니까 결론은 어쨌든 내가 원하는 방향이 아니었기 때문에 더 기억에 많이 남는데요. 어 지레짐작으로 내가 많이 안다고 해서 그 사람에 대해서 다 알고 있다 그 의견도 이럴 것이다. 이렇게 예상하는 것 아니라는 점을 그때 배웠던 것 같습니다. 감사합니다.","wordCount":146},"emotion":[],"intent":[{"text":"","expression":"","category":"attitude"}],"summary":{"text":"다양한 사람들을 만나 다양한 커뮤니케이션을 경험했습니다. 어려웠던 건 제가 잘 모르는 사람이 아니라면 어떤 결정을 내려야 할 때 예산과는 다른 쪽으로 얘기를 하다 보니 설득도 안되고 참 난감한 경우가 있었습니다. 많이 안다고 해서 다 알고 있다 그 의견도 그럴 것이다 이렇게 예상하는 것 아니라는 점을 배웠습니다.","wordCount":46}}},"rawDataInfo":{"question":{"fileFormat":"wav","fileSize":364878,"duration":11400,"samplingBit":16,"channelCount":1,"samplingRate":"16kHz","audioPath":"/Mock/02.SalesMarketing/Female/Experienced/ckmk_q_sm_f_e_239884.wav"},"answer":{"fileFormat":"wav","fileSize":3514318,"duration":109820,"samplingBit":16,"channelCount":1,"samplingRate":"16kHz","audioPath":"/Mock/02.SalesMarketing/Female/Experienced/ckmk_a_sm_f_e_239884.wav"}}}