{"version":"1.0","dataSet":{"info":{"date":"20230116","occupation":"SM","channel":"MOCK","place":"ONLINE","gender":"FEMALE","ageRange":"-34","experience":"EXPERIENCED"},"question":{"raw":{"text":"우리 회사에 들어오게 되시면 사실 기존과는 업무 스타일이 달라지실 수 있습니다 어 이러한 업무 스타일이 달라질 수 있는 곳에 잘 적응하실 수 있으신가요","wordCount":23},"emotion":[],"intent":[]},"answer":{"raw":{"text":"저는 평소 다른 환경이나 새로운 환경에서도 잘 적응하기 때문에 기존과 업무 스타일이 달라지더라도 그 스타일에 잘 녹아들 수 있다고 생각합니다. 또한 업무를 하다 보면 업무 스타일이 항상 일관될 수 만은 없다고 생각합니다. 상사 분들에 따라서 업무 스타일이 다르기 때문에 어떤 상사를 만날 때는 에이 스타일을 적용해야 할 때가 있고 비 상사를 만날 때는 또 다른 업무 스타일을 적용해야 할 때도 있습니다. 따라서 저는 다양한 업무 스타일들을 익혀 두어 그때그때 상황에 맞게 필요한 업무 스타일을 적용하여 처리할 수 있도록 할 것입니다. 이렇게 한다면 상사 분들의 다른 스타일에 따라 업무를 다시 처리해야 하는 일이 줄어들 수 있다고 생각합니다. 또한 지금 하고 있는 업무 스타일보다 더욱 빠른 업무 스타일을 배울 수도 있기 때문에 여러 스타일을 익혀두는 것은 중요하다고 생각합니다.","wordCount":116},"emotion":[],"intent":[{"text":"","expression":"","category":"attitude"}],"summary":{"text":"저는 평소 다른 환경이나 새로운 환경에서도 잘 적응하기 때문에 기존과 업무 스타일이 달라지더라도 그 스타일에 잘 녹아들 수 있다고 생각합니다. 또한 업무 스타일이 항상 일관될 수 만은 없으므로 다양한 업무 스타일들을 익혀두고 그때그때 상황에 맞게 필요한 업무 스타일을 적용하여 처리할 수 있도록 할 것입니다.","wordCount":44}}},"rawDataInfo":{"question":{"fileFormat":"wav","fileSize":448078,"duration":14000,"samplingBit":16,"channelCount":1,"samplingRate":"16kHz","audioPath":"/Mock/02.SalesMarketing/Female/Experienced/ckmk_q_sm_f_e_199696.wav"},"answer":{"fileFormat":"wav","fileSize":2746958,"duration":85840,"samplingBit":16,"channelCount":1,"samplingRate":"16kHz","audioPath":"/Mock/02.SalesMarketing/Female/Experienced/ckmk_a_sm_f_e_199696.wav"}}}