{"version":"1.0","dataSet":{"info":{"date":"20230116","occupation":"SM","channel":"MOCK","place":"ONLINE","gender":"FEMALE","ageRange":"-34","experience":"EXPERIENCED"},"question":{"raw":{"text":"저희 회사에 들어오시게 되면 기존과는 업무 스타일이 완전히 달라질 수도 있습니다 그렇게 기존과 어 굉장히 다른 업무 스타일 관련해서 잘 적응하실 수 있으신지에 대해 궁금합니다","wordCount":25},"emotion":[],"intent":[]},"answer":{"raw":{"text":"아무래도 다른 회사에 입사를 하고 일을 하다 보면 업무 스타일이 완전히 다를 수 있다고 생각을 합니다. 그 회사가 가지고 있는 문화나 분위기 그리고 가치관도 달라질 수 있을 것 같고요. 그리고 업무 스타일도 당연히 어 각각의 뭐 상사나 개인별로 다 다르기 때문에 그것들에 대해서는 충분히 변경이 가능하다고 인지를 하고 있는 상황입니다. 특히 제 업무는 똑같이 진행이 되고 약간의 환경이나 업무 스타일이 변한다고 해서 제 업무가 달라지지 않기 때문에 그런 부분에 있어서는 좀 유연하게 잘 적응해 내는 성격을 가지고 있는 것 같습니다. 그래서 어떤 변화가 올 때도 그 상황에 맞춰서 진행을 하고요. 그리고 제가 입사한지 얼마 안 됐기 때문에 그 변화하는 상황에 맞춰서 잘 적응할 수 있도록 노력을 하겠습니다. 그리고 가능한 한 새로운 업무 환경에 빨리 적응을 해서 업무를 배우는 노력들이 중요하다고 생각을 하는데요. 그래서 앞으로 그렇게 업무에 잘 적응을 한다면 단기간 내에 또 빨리 업무를 신속하게 배워서 효율성이 높을 수 있도록 하겠습니다. 저는 그동안 여러 가지 환경 변화에도 또 빠르게 적응하는 편이었기 때문에 이번에도 문제가 없을 것이라고 생각을 합니다.","wordCount":158},"emotion":[],"intent":[{"text":"","expression":"","category":"attitude"}],"summary":{"text":"다른 회사에 입사를 하고 일을 하다 보면 업무 스타일이 완전히 다를 수 있고 회사 문화나 분위기, 가치관도 달라질 수 있을 것 같습니다. 업무 스타일은 변경이 가능하다고 인지를 하고 있습니다. 변화하는 상황에 맞춰서 잘 적응할 수 있도록 노력을 하겠습니다. 앞으로 빠르게 업무에 적응한다면 빨리 업무를 배워서 효율성이 높을 수 있을 것입니다.","wordCount":50}}},"rawDataInfo":{"question":{"fileFormat":"wav","fileSize":588878,"duration":18400,"samplingBit":16,"channelCount":1,"samplingRate":"16kHz","audioPath":"/Mock/02.SalesMarketing/Female/Experienced/ckmk_q_sm_f_e_174723.wav"},"answer":{"fileFormat":"wav","fileSize":2748878,"duration":85900,"samplingBit":16,"channelCount":1,"samplingRate":"16kHz","audioPath":"/Mock/02.SalesMarketing/Female/Experienced/ckmk_a_sm_f_e_174723.wav"}}}