{"version":"1.0","dataSet":{"info":{"date":"20230116","occupation":"SM","channel":"MOCK","place":"ONLINE","gender":"FEMALE","ageRange":"45-54","experience":"EXPERIENCED"},"question":{"raw":{"text":"지원자님이 생각하고 있는 자신의 노년은 어떤 모습이었으면 좋을 것 같습니까 이상적인 노년의 모습을 말해 주세요","wordCount":15},"emotion":[],"intent":[]},"answer":{"raw":{"text":"제가 생각하는 이상적인 노년의 모습은 일단 주위에 사랑하는 가족과 친구들이 함께 하는 것입니다. 물론 기본적인 어 금전적인 경제적인 문제도 물론 있겠지만 그것보다 어 마음의 위로를 받을 수 있는 어 나의 마음을 어 의지할 수 있는 친구와 동반자가 함께 하는 것이 무엇보다 중요하다고 생각을 합니다. 그리고 소일거리를 할 수 있는 취미 활동이나 어 가장 좋은 것은 작은 경제 활동을 하면 하면서 거기서 오는 뿌듯함 긍지 내가 사회적인 구성원으로서의 어떤 역할 가지고 있는 것이 가장 이상적인 노년의 모습이라고 생각을 합니다.","wordCount":78},"emotion":[],"intent":[{"text":"","expression":"","category":"attitude"}],"summary":{"text":"제가 생각하는 이상적인 노년의 모습은 마음의 위로를 받을 수 있는 친구와 동반자가 함께 하는 것입니다. 그리고 소일거리를 할 수 있는 취미 활동이나 경제 활동을 하면 긍지 저는 사회적인 구성원으로서의 역할이 있다고 생각합니다.","wordCount":32}}},"rawDataInfo":{"question":{"fileFormat":"wav","fileSize":472398,"duration":14760,"samplingBit":16,"channelCount":1,"samplingRate":"16kHz","audioPath":"/Mock/02.SalesMarketing/Female/Experienced/ckmk_q_sm_f_e_191883.wav"},"answer":{"fileFormat":"wav","fileSize":1471438,"duration":45980,"samplingBit":16,"channelCount":1,"samplingRate":"16kHz","audioPath":"/Mock/02.SalesMarketing/Female/Experienced/ckmk_a_sm_f_e_191883.wav"}}}