{"version":"1.0","dataSet":{"info":{"date":"20230116","occupation":"SM","channel":"MOCK","place":"ONLINE","gender":"FEMALE","ageRange":"35-44","experience":"EXPERIENCED"},"question":{"raw":{"text":"대학 생활을 보내면서 가장 힘들었던 경험은 무엇이었나요 또한 그때 지원자님이 어떻게 극복했는지도 말씀 부탁드립니다","wordCount":14},"emotion":[],"intent":[]},"answer":{"raw":{"text":"음 제가 금사빠였어 가지고 대학 다닐 때 정말 많은 사람들을 좋아했던거 같애요. 뭐 어느 날은 제가 너무 멋있어서 좋아지고 어느 날은 제가 너무 친절해서 갑자기 반하고 이런 식으로 많은 사람들을 좋아했었는데 또 금방 마음이 식거든요. 근데 그거를 못 기달리고 항상 고백을 했었던 것 같애요. 항상 제가 먼저 고백하고 그 중에 몇 번 연애로 이어진 적도 있긴 했는데 대다수는 그래도 거절을 당했던 것 같애요. 근데 뭐 주변 사람들한테는 그게 저의 어떤 놀림감으로 여겨지기도 해서 여겨지기도 해서 사람들이 이제 그런 걸 농담으로 막 해도 저도 괜찮긴 했었는데 사실은 속으로 굉장히 많이 힘들어 했었던 것 같애요. 아무래도 금방 사랑에 빠지고 금방 고백도 하고 이런 사람이긴 하지만 뭔가 거절의 횟수가 많아질수록 저에 대한 자존감이 많이 떨어지더라고요. 그래서 어느 날 정말 붙잡고 물어봤던 것 같아요. 내가 왜 별로인지에 대해서 그런데 그냥 시간 지나니까 저도 그만큼 많이 하 그렇게 행동하니까 또 그걸 안 하게 되더라구요.","wordCount":139},"emotion":[],"intent":[{"text":"","expression":"","category":"attitude"}],"summary":{"text":"금사빠였던 저는 대학 재학 때 많은 사람들을 좋아했지만 금방 마음이 식었습니다. 그래서 항상 먼저 고백을 했었지만 대다수는 거절을 당했던 것 같습니다. 주변 친구들한테 놀림감으로 여겨지기도 해서 속으로는 많이 힘들어 했었습니다. 거절의 횟수가 많아질수록 자존감이 많이 떨어졌는데, 시간이 지나니까 그렇게 행동하니 안 하게 되었습니다.","wordCount":43}}},"rawDataInfo":{"question":{"fileFormat":"wav","fileSize":604878,"duration":18900,"samplingBit":16,"channelCount":1,"samplingRate":"16kHz","audioPath":"/Mock/02.SalesMarketing/Female/Experienced/ckmk_q_sm_f_e_195531.wav"},"answer":{"fileFormat":"wav","fileSize":2803918,"duration":87620,"samplingBit":16,"channelCount":1,"samplingRate":"16kHz","audioPath":"/Mock/02.SalesMarketing/Female/Experienced/ckmk_a_sm_f_e_195531.wav"}}}