{"version":"1.0","dataSet":{"info":{"date":"20230116","occupation":"SM","channel":"MOCK","place":"ONLINE","gender":"FEMALE","ageRange":"35-44","experience":"EXPERIENCED"},"question":{"raw":{"text":"지원자님의 십 년 후의 미래는 어떨 것 같습니까 어 저희 회사에 계속 다니고 계실 것 같은지도 궁금합니다","wordCount":17},"emotion":[],"intent":[]},"answer":{"raw":{"text":"저의 십 년 후의 미래는 사실 제가 오십이 넘거든요. 만약에 오십이 넘는데도 이 회사에 계속 다닐 수만 있다면 그것도 큰 영광이라고 생각합니다. 왜냐하면 오십 대에도 회사를 지속적으로 다닐 수 있다 라는 건 그 사람이 그 분야에 굉장히 크게 어 인정을 받았다 라고 생각해도 과언이 아니겠죠. 그러고 싶습니다. 네 그렇게 될 것 같습니다. 그리고 계속 다닐 수 있도록 네 이 분야에서 최고가 되고 이 분야에서 인정을 받는 사람이 되는 것이 저희 목표이기 때문에 네 십 년 후에도 적어도 이십 년 후에도 계속 다닐 수 있도록 노력하겠습니다.","wordCount":85},"emotion":[],"intent":[{"text":"그리고 계속 다닐 수 있도록 네 이 분야에서 최고가 되고 이 분야에서 인정을 받는 사람이 되는 것이 저희 목표이기 때문에 네 십 년 후에도   적어도 이십 년 후에도 계속 다닐 수 있도록 노력하겠습니다.","expression":"c_chl","category":"personality"}],"summary":{"text":"저는 오십이 넘는데도 회사를 계속 다닐 수 있다면 큰 영광이라고 생각합니다. 이 분야에서 최고가 되고 이 분야에서 인정을 받는 사람이 되는 것이 저희 목표이기 때문입니다.","wordCount":25}}},"rawDataInfo":{"question":{"fileFormat":"wav","fileSize":333518,"duration":10420,"samplingBit":16,"channelCount":1,"samplingRate":"16kHz","audioPath":"/Mock/02.SalesMarketing/Female/Experienced/ckmk_q_sm_f_e_170199.wav"},"answer":{"fileFormat":"wav","fileSize":1457358,"duration":45540,"samplingBit":16,"channelCount":1,"samplingRate":"16kHz","audioPath":"/Mock/02.SalesMarketing/Female/Experienced/ckmk_a_sm_f_e_170199.wav"}}}