{"version":"1.0","dataSet":{"info":{"date":"20230116","occupation":"SM","channel":"MOCK","place":"ONLINE","gender":"FEMALE","ageRange":"45-54","experience":"EXPERIENCED"},"question":{"raw":{"text":"시험 기간이나 시간이 촉박할 때 어떻게 시간 관리를 하시나요 지원자님의 효율적인 시간 관리법이 궁금합니다","wordCount":14},"emotion":[],"intent":[]},"answer":{"raw":{"text":"저는 시간이 촉박할수록 오히려 더 세세한 계획표를 세워서 이행을 했는데요. 이 세세한 계획표에는 저에 어떤 휴식 시간까지도 포함이 되어 있었습니다. 시간이 촉박하다고 해서 휴식 시간까지 없애가면서 어떤 학습을 했다기보다 오히려 시간이 촉박할수록 철저한 휴식 시간을 가지고 그 휴식 시간을 제외할 했을 때는 더 높은 집중력을 보이면서 짧은 시간 안에도 어떤 능률을 올릴 수 있는 방안을 마련을 했구요. 그 다음에 짜투리 시간까지도 조금 더 어 철저하게 계획을 세워서 그 안에서도 할 수 있는 것들을 제가 조금 더 계획을 세웠던 것 같습니다. 예를 들어서 밥 먹을 때도 어 그냥 밥만 먹는 게 아니라 충분히 볼 수 있는 그런 공부들 그런 것들까지 포함시키고 아니면은 대중교통을 이용해서 이동하는 그 시간까지도 계산을 해서 계획표를 세우고 그에 맞는 학습을 했던 것이 제 시간관리 비법이라고 할 수 있습니다.","wordCount":121},"emotion":[],"intent":[{"text":"","expression":"","category":"attitude"}],"summary":{"text":"저는 시간이 촉박할수록 세세한 계획표를 세워서 이행했습니다. 이 계획표에는 저에 어떤 휴식 시간까지도 포함이 되어 있었는데 그 휴식 시간을 제외했을 때는 더 높은 집중력을 보이면서 짧은 시간 안에 어떤 능률을 올릴 수 있는 방안을 마련을 했습니다. 그 다음에 짜투리 시간까지도 철저하게 계획을 세웠던 것 같습니다.","wordCount":45}}},"rawDataInfo":{"question":{"fileFormat":"wav","fileSize":524878,"duration":16400,"samplingBit":16,"channelCount":1,"samplingRate":"16kHz","audioPath":"/Mock/02.SalesMarketing/Female/Experienced/ckmk_q_sm_f_e_146899.wav"},"answer":{"fileFormat":"wav","fileSize":2350478,"duration":73450,"samplingBit":16,"channelCount":1,"samplingRate":"16kHz","audioPath":"/Mock/02.SalesMarketing/Female/Experienced/ckmk_a_sm_f_e_146899.wav"}}}