{"version":"1.0","dataSet":{"info":{"date":"20230116","occupation":"SM","channel":"MOCK","place":"ONLINE","gender":"FEMALE","ageRange":"35-44","experience":"EXPERIENCED"},"question":{"raw":{"text":"영업하다 보면 많은 어려움에 처하게 되는데요 어떻게 대처할 생각이신지 설명 부탁드리겠습니다","wordCount":11},"emotion":[],"intent":[]},"answer":{"raw":{"text":"네 아무래도 영업이 사람을 대하는 일이다 보니까 정말 많은 민원과 그리고 어 다양한 소비자 분들을 만나게 되는 것 같습니다. 어 특히 영업을 하다가 좀 어려운 점은 어 아예 부정적으로 처음에 접근하시는 그런 고객님들인데요. 우리 제품과 서비스에 대해서 이미 관심이 없고 특히나 부정적인 선입견을 먼저 가신 가져가고 계시면 저희가 그 설득의 과정이 굉장히 어렵고 난해합니다. 왜냐하면 아무런 지식의 기반이 없으시면 저희가 새로 인지도를 만들어 드리면 되는데 이미 어떤 불필요한 정보를 통해서 어 부정적인 인식을 갖고 계실 경우에 저희가 아무리 말씀을 드려도 굉장히 설득하는 과정이 쉽지가 않습니다. 그렇기 때문에 저는 이런 고객님을 만날 때 저만의 방법이 있는데요. 처음부터 모든 것을 말해서 설득하려고 노력하지 않구요 그 고객님이 저에 대해서 믿고 신뢰하고 그리고 그 다음에 좀 어 저를 믿을 수 있도록 그 과정을 가져가는 편입니다. 그래서 처음 만남에서 욕심내지 않구요. 그 다음에 제가 할 수 있는 일들 그리고 그 과정들과 절차를 좀 길게 가져가면서 상호 신뢰와 존중할 수 있는 사회로 좀 만들고자 합니다. 그렇게 된다면 아무래도 쪼끔 더 발전적으로 갈 수 있는 확률이 높은 거 같습니다.","wordCount":162},"emotion":[],"intent":[{"text":"","expression":"","category":"attitude"}],"summary":{"text":"영업이 사람을 대하는 일이다보니 많은 민원과 다양한 소비자 분들을 만나게 되는데, 특히 부정적으로 접근하시는 고객님들의 경우 설득의 과정이 굉장히 어렵고 난해합니다. 그래서 저는 고객님을 설득하려고 노력하지 않습니다. 그 다음에 제가 할 수 있는 일들 그리고 그 과정들과 절차를 좀 길게 가져가면서 상호 신뢰와 존중할 수 있는 사회로 좀 만들고자 합니다.","wordCount":50}}},"rawDataInfo":{"question":{"fileFormat":"wav","fileSize":332878,"duration":10400,"samplingBit":16,"channelCount":1,"samplingRate":"16kHz","audioPath":"/Mock/02.SalesMarketing/Female/Experienced/ckmk_q_sm_f_e_134887.wav"},"answer":{"fileFormat":"wav","fileSize":2875598,"duration":89860,"samplingBit":16,"channelCount":1,"samplingRate":"16kHz","audioPath":"/Mock/02.SalesMarketing/Female/Experienced/ckmk_a_sm_f_e_134887.wav"}}}