{"version":"1.0","dataSet":{"info":{"date":"20230116","occupation":"SM","channel":"MOCK","place":"ONLINE","gender":"FEMALE","ageRange":"45-54","experience":"EXPERIENCED"},"question":{"raw":{"text":"업무를 하다 보면 상사와 트러블이 생길 수 있습니다 어 그렇다면 이때 어떻게 하실 건가요 그리고 상사가 혼내면 기분 나쁘진 않을까요","wordCount":20},"emotion":[],"intent":[]},"answer":{"raw":{"text":"어 그 일을 하다 보면 그 실수를 하거나 잘 몰라서 어 이렇게 지적을 받을 수는 있을 것 같습니다. 상사분이 아무래도 저보단 어 일을 많이 알기 때문에 그런데 지적을 받을 수는 있으나 그 부분으로 해서 어떤 트러블이 생긴다는 건 감정적으로 대립이 되는 게 아닌가 싶어서 어 감정적으로 치닫게 되면 그건 안 될 것 같구요. 업무적으로 내가 잘못했거나 모르는 부분에 대해서 물어보고 어 뭐 실수를 했다면 다음번엔 안 하도록 예 그렇게 뭐 인정하고 잘못을 인정하고 더 노력하는 그런 모습을 보이면 될 것 같구요. 어 상사와 감정적으로 그 상사도 마찬가지라고 생각합니다. 감정적으로 대하면 안 될 것 같고 업무는 업무로서 어 그 내에서 처리를 해야 된다 생각을 하구요. 혼을 낸다는 것도 어 좀 학교도 아니고 부모님도 아닌데 그러니까 혼을 낸다는 건 좀 아닌 것 같습니다. 뭐 기본적인 어떤 뭐 그 지각을 한다거나 이런 것에 대해서는 혼이 날 수도 있다 라고 생각은 하는데 그 또한 그냥 지적하고 다음부터 조심하라 그 몇 번씩 하면 그거는 어 좀 더 다른 부분으로 그까 혼이 나는 게 아니라 그 부분은 뭐 다른 회사의 규법 법규 내에서 어떤 처리를 해야 될 것 같고 감정적으로 서로 마음 상하는 일은 없도록 해야 된다고 생각합니다.","wordCount":182},"emotion":[],"intent":[{"text":"","expression":"","category":"attitude"}],"summary":{"text":"일을 하다 보면 실수를 하거나 잘 몰라서 지적받을 수는 있으나 감정적으로 치닫게 되면 안 될 것 같습니다. 업무적으로 잘못을 했다면 다음번엔 안 하도록 노력하고 감정적으로 대하면 안 될 것이고 업무는 업무로서 그 내에서 처리 해야 된다고 생각합니다. 지각을 한다거나 이런 것에 대해서는 혼이 날 수 있지만 그 또한 다른 부분으로 혼이 저는 게 아니라 처리 해야 될 것입니다.","wordCount":58}}},"rawDataInfo":{"question":{"fileFormat":"wav","fileSize":448718,"duration":14020,"samplingBit":16,"channelCount":1,"samplingRate":"16kHz","audioPath":"/Mock/02.SalesMarketing/Female/Experienced/ckmk_q_sm_f_e_239761.wav"},"answer":{"fileFormat":"wav","fileSize":3819598,"duration":119360,"samplingBit":16,"channelCount":1,"samplingRate":"16kHz","audioPath":"/Mock/02.SalesMarketing/Female/Experienced/ckmk_a_sm_f_e_239761.wav"}}}