{"version":"1.0","dataSet":{"info":{"date":"20230116","occupation":"SM","channel":"MOCK","place":"ONLINE","gender":"FEMALE","ageRange":"-34","experience":"EXPERIENCED"},"question":{"raw":{"text":"지원자님의 주변 친구들을 한 명 선택해서 칭찬을 해 주세요 구체적이고 자세한 칭찬일수록 좋습니다","wordCount":13},"emotion":[],"intent":[]},"answer":{"raw":{"text":"저희 친구 중에 한 명을 소개해 하고 칭찬하도록 하겠습니다. 저희가 그동안 친구들끼리 모임을 가지고 있는데요. 바로 이제 고등학교 때부터 지금까지 그 친목 도모를 위해서 모임을 하고 있습니다. 그 중에 한 명이 이제 총무를 맡아서 진행을 하게 되는데요. 이 친구 같은 경우에는 이제 매달 아 친구들이 참여하고 있는지 아닌지 체크를 하게 되고요 리더로서 업무를 잘 수행해 내고 있습니다. 그리고 본인 일이 바쁘고 업무도 많은데도 불구하고 또 만날 약속이나 장소를 정함에 있어서 가장 적극적이고요. 그리고 추천도 여러 가지 하면서 바쁜 친구들을 도와가면서 본인이 앞장서서 노력을 하고 있습니다. 그리고 리더로서의 역할도 좀 충실한 게 어떤 업무를 맡기거나 아니면 본인이 어 저의 역할에 대해서 이해를 하고 또 모임에 대해서 구성을 할 때 다른 친구들의 의견도 같이 수렴을 해서 좀 수평적으로 운영을 하고 있고요. 그리고 저희가 기본적으로 약간의 회원비를 통해서 모임을 갖는데 그런 점들도 투명하게 관리를 해줘서 여러 가지 측면에서 칭찬을 하고 싶은 친구이구요. 그리고 본인의 업무에도 굉장히 충실하고 인정받는 친구이기 때문에 칭찬을 해주고 싶습니다.","wordCount":150},"emotion":[],"intent":[{"text":"","expression":"","category":"attitude"}],"summary":{"text":"친목 도모 모임의 총무를 맡고 있는 친구 중에 한 명이 총무를 맡아서 업무를 잘 수행하고 있습니다. 또한 본인의 업무에도 충실하고 다른 친구들의 의견도 수렴해서 수평적인 운영을 하고 있으며, 회원비를 통해서 모임을 갖는 점들도 투명하게 관리를 해주고 본인의 업무도 충실하기 때문에 칭찬을 해주고 싶습니다.","wordCount":43}}},"rawDataInfo":{"question":{"fileFormat":"wav","fileSize":487758,"duration":15240,"samplingBit":16,"channelCount":1,"samplingRate":"16kHz","audioPath":"/Mock/02.SalesMarketing/Female/Experienced/ckmk_q_sm_f_e_174728.wav"},"answer":{"fileFormat":"wav","fileSize":2748878,"duration":85900,"samplingBit":16,"channelCount":1,"samplingRate":"16kHz","audioPath":"/Mock/02.SalesMarketing/Female/Experienced/ckmk_a_sm_f_e_174728.wav"}}}