{"version":"1.0","dataSet":{"info":{"date":"20230116","occupation":"SM","channel":"MOCK","place":"ONLINE","gender":"FEMALE","ageRange":"-34","experience":"EXPERIENCED"},"question":{"raw":{"text":"지원자님의 십 년 후에 미래는 어떨 것이라고 상상이 되시나요 그러한 상상 속에서 어 저희 회사에 지원을 하셨는데 저희 회사에는 십 년 뒤에도 계속 다니고 계실 것 같으신가요","wordCount":27},"emotion":[],"intent":[]},"answer":{"raw":{"text":"저는 십 년 후에도 이 회사에 다니며 해외 영업 직무에 근무하고 있을 것이라고 생각합니다. 영업 부서에 들어와서 초반에는 국내 영업을 담당하고 십 년 후에는 해외 영업의 전문가로 성장해 있을 것이라고 확신합니다. 저는 국내 영업은 판이 작고 거두어 들이는 수익 역시 적기 때문에 해외 영업인으로서 성장해 나가고 싶습니다. 또한 해외 영업의 전문가가 되어 다른 중소기업이나 여러 회사들이 처음으로 해외를 진출하는 것에 대한 컨설팅 역할도 해보고 싶습니다. 십 년 후에는 우리 회사가 해외 진출 컨설팅 사업까지 확장하여 다른 회사들의 해외 진출을 옆에서 도와주고 지원해 주는 사업 역시 담당하게 될 것을 희망합니다. 또한 그 사업의 중심에 있는 것이 저일 것이라고 생각합니다.","wordCount":98},"emotion":[],"intent":[{"text":"","expression":"","category":"attitude"}],"summary":{"text":"영업 부서에 들어와서 초반에는 국내 영업을 담당하고 십 년 후에는 해외 영업의 전문가로 성장해 있을 것이라고 확신합니다. 해외 영업인으로서 성장해 나가고 컨설팅 역할도 해보고 싶습니다. 또한 그 사업의 중심에 있는 것이 저일 것이라고 생각합니다.","wordCount":34}}},"rawDataInfo":{"question":{"fileFormat":"wav","fileSize":514958,"duration":16090,"samplingBit":16,"channelCount":1,"samplingRate":"16kHz","audioPath":"/Mock/02.SalesMarketing/Female/Experienced/ckmk_q_sm_f_e_209610.wav"},"answer":{"fileFormat":"wav","fileSize":2650958,"duration":82840,"samplingBit":16,"channelCount":1,"samplingRate":"16kHz","audioPath":"/Mock/02.SalesMarketing/Female/Experienced/ckmk_a_sm_f_e_209610.wav"}}}