{"version":"1.0","dataSet":{"info":{"date":"20230116","occupation":"SM","channel":"MOCK","place":"ONLINE","gender":"FEMALE","ageRange":"-34","experience":"EXPERIENCED"},"question":{"raw":{"text":"우선 지원자님 오늘 면접 준비하시느라 정말 고생이 많으셨을 텐데 어떤 방식으로 면접을 준비하셨는지 말씀해 주시면 감사하겠습니다","wordCount":16},"emotion":[],"intent":[]},"answer":{"raw":{"text":"저는 오늘 면접을 보기 위해서 백 번 이상 연습을 할 정도로 정말 연습을 많이 하고 왔습니다. 어 기본적으로 면접은 실전이 중요하기 때문에 마인드 컨트롤을 열심히 했는데요. 어 제가 그동안 이제 마인드 컨트롤을 하기 위해서 명상을 하거나 또 집중도를 높이기 위한 그런 노력들을 많이 해 왔습니다. 아무래도 면접 당일에 어 실전에서 강의해야 되기 때문에 이러한 실전 연습들을 많이 했는데요. 사람들을 만나서 저에게 질문을 하게 하고 제가 그 순간에 쪼금 순발력 있게 대답하는 그런 연습들을 많이 했습니다. 아무래도 그런 연습을 많이 하다 보니까 어 떨림이나 두려움이 많이 줄어들게 됐고요. 어 어느 정도 자신감이 생기기도 했습니다. 그래서 면접은 실전이 굉장히 중요하기 때문에 어 다른 사람 아니면 모르는 타인으로부터 부탁을 해서 제가 그걸 연습할 수 있도록 많이 준비를 했습니다. 아무래도 면접을 잘 보는 게 중요하다고 생각을 하고요. 그리고 그동안에 또 저의 경력과 노력한 점들도 있기 때문에 이런 성과를 바탕으로 어 저를 좀 좋게 평가해 주셔서 제가 입사할 수 있는 기회가 됐으면 좋겠습니다. 제가 기회가 된다면 회사와 일을 해보고 최선을 다해서 준비를 해보고 싶습니다.","wordCount":159},"emotion":[],"intent":[{"text":"","expression":"","category":"attitude"}],"summary":{"text":"면접은 실전이 중요하기 때문에 마인드 컨트롤을 열심히 했습니다. 면접 당일에 실전에서 강의해야 되기 때문에 사람들을 만나서 질문을 하게 하고 그때그때 순발력 있게 대답하는 연습들을 많이 하였습니다. 면접을 잘 보는 게 중요하다고 생각을 하며, 이 성과를 바탕으로 입사할 수 있는 기회가 됐으면 좋겠습니다.","wordCount":42}}},"rawDataInfo":{"question":{"fileFormat":"wav","fileSize":350478,"duration":10950,"samplingBit":16,"channelCount":1,"samplingRate":"16kHz","audioPath":"/Mock/02.SalesMarketing/Female/Experienced/ckmk_q_sm_f_e_118546.wav"},"answer":{"fileFormat":"wav","fileSize":2752718,"duration":86020,"samplingBit":16,"channelCount":1,"samplingRate":"16kHz","audioPath":"/Mock/02.SalesMarketing/Female/Experienced/ckmk_a_sm_f_e_118546.wav"}}}