{"version":"1.0","dataSet":{"info":{"date":"20230116","occupation":"SM","channel":"MOCK","place":"ONLINE","gender":"FEMALE","ageRange":"35-44","experience":"EXPERIENCED"},"question":{"raw":{"text":"회사에 들어와서 선배를 만나게 된다면 당신은 어떤 모습의 선배를 만나고 싶으세요 그리고 또 그 이유에 대해서도 함께 얘기해 주시기 바랍니다","wordCount":20},"emotion":[],"intent":[]},"answer":{"raw":{"text":"저는 좀 사교적인 분이 제 선배로 계셨으면 좋겠어요. 네 너무 철벽 치시지 않고 또 너무 뭔가 다가가는 거에서 쳐내시지 않고 적당히 조금 받아주실 수 있는 분 사람을 그러신 분이면 좋을 것 같다는 개인적인 어떤 선호 형태는 있습니다. 저는 좀 그런 것 같아요. 일을 배우면서 동시에 사람도 알아가고 싶은 마음이 있어요. 저는 사교적인 편이고 저는 조금 활동적인 편이라 저는 사람 만나는 것도 좋아하고 근데 누가 뭐 직장에서 사람을 따지냐 뭐 사람 평생 볼 사람 구하냐 뭐 이럴 수도 있겠지만 저는 또 자영업을 하다가 이제 들어오려고 해서 그런지 조금 외로워요. 네 사람 뭔가 대화도 하고 싶고 일도 이제 그 사람을 통해서 바라보는 여러 가지 부분들이 있을 거니까 이 사람이 보는 일 저 사람이 보는 일 이렇게 딱 그런 식으로 배워가면서 제 나름대로의 일도 구축하고 싶어요.","wordCount":123},"emotion":[],"intent":[{"text":"","expression":"","category":"attitude"}],"summary":{"text":"일을 배우면서 사람을 알아가고 싶은 마음이 있는데, 사교적인 편이고 활동적인 편이라 사람 만나는 것도 좋아하고 대화도 하고 싶고 사람을 통해서 여러 가지 부분들이 있을 거니까 그 사람을 통해서 제 나름대로 일도 구축하고 싶어요.","wordCount":33}}},"rawDataInfo":{"question":{"fileFormat":"wav","fileSize":521678,"duration":16300,"samplingBit":16,"channelCount":1,"samplingRate":"16kHz","audioPath":"/Mock/02.SalesMarketing/Female/Experienced/ckmk_q_sm_f_e_178325.wav"},"answer":{"fileFormat":"wav","fileSize":2903758,"duration":90740,"samplingBit":16,"channelCount":1,"samplingRate":"16kHz","audioPath":"/Mock/02.SalesMarketing/Female/Experienced/ckmk_a_sm_f_e_178325.wav"}}}