{"version":"1.0","dataSet":{"info":{"date":"20230116","occupation":"SM","channel":"MOCK","place":"ONLINE","gender":"FEMALE","ageRange":"-34","experience":"EXPERIENCED"},"question":{"raw":{"text":"다른 지원자들에 비해 지원자님만의 가진 차별성 혹은 장점을 어필 한다면 어떤 것이 있을까요","wordCount":13},"emotion":[],"intent":[]},"answer":{"raw":{"text":"제가 지원한 경영 사무 업무는 무엇보다 인간관계 그리고 교우관계가 굉장히 좋아야 한다고 생각이 듭니다. 왜냐하면 저희는 기본적으로 타 부서를 지원하는 일들이 많기 때문에 타 부서와 협의를 통해서 그 갈등이 일어나지 않게 업무를 해결하는 게 중요하다고 생각을 하는데요. 제가 업무를 하다보면 지원 부서마다 저에게 요청하는 것들이 많았습니다. 하지만 제가 그거를 안 된다고 하거나 무조건 커리큘럼대로 진행을 하다 보니까 갈등이나 문제가 발생할 수가 있었습니다. 그래서 저는 그거를 좀 유연하게 해결하는 성격인데요. 그래서 저는 기본적으로 성격이 좀 유연하고 유하기 때문에 사람들과 협의해서 일을 할 수 있는데 장점을 가지고 있는 것 같습니다. 특히 저희 업무는 그런 장점을 가진 사람이 일을 해야 다른 사람들과 협업을 통해서 좋은 시너지를 낼 수 있다고 생각을 하는데요. 어 저만의 차별성이자 장점이라고 말씀을 드리고 싶습니다. 그리고 기본적으로 저는 책임감이 있다는 것도 장점인데요. 어떤 업무를 하기 시작을 하면 끝까지 완수해 내는 편이구요. 중간에 문제가 발생하거나 어려움이 있다고 하더라도 끝까지 최선을 다해서 마지막까지 성실하게 일하는 게 가장 큰 장점이라고 말씀드릴 수가 있습니다.","wordCount":150},"emotion":[],"intent":[{"text":"그리고 기본적으로 저는   책임감이 있다는 것도 장점인데요.","expression":"c_person","category":"background"}],"summary":{"text":"경영 사무 업무는 인간관계와 교우관계가 굉장히 좋아야 한다고 생각합니다. 타 부서를 지원하는 일이 많기 때문에 협의를 통해서 갈등이 일어나지 않게 업무를 해결하는 게 중요합니다. 성격이 좀 유연하고 유하기 때문에 사람들과 협의해서 일을 할 수 있는데 장점을 가지고 있는 것 같습니다. 책임감이 있다는 것도 장점이고 최선을 다해서 마지막까지 성실하게 일하는 게 가장 큰 장점입니다.","wordCount":53}}},"rawDataInfo":{"question":{"fileFormat":"wav","fileSize":275918,"duration":8620,"samplingBit":16,"channelCount":1,"samplingRate":"16kHz","audioPath":"/Mock/02.SalesMarketing/Female/Experienced/ckmk_q_sm_f_e_113420.wav"},"answer":{"fileFormat":"wav","fileSize":2825678,"duration":88300,"samplingBit":16,"channelCount":1,"samplingRate":"16kHz","audioPath":"/Mock/02.SalesMarketing/Female/Experienced/ckmk_a_sm_f_e_113420.wav"}}}