{"version":"1.0","dataSet":{"info":{"date":"20230116","occupation":"SM","channel":"MOCK","place":"ONLINE","gender":"FEMALE","ageRange":"55-","experience":"EXPERIENCED"},"question":{"raw":{"text":"지원자님께서는 본인이 교번근무에 잘 적응할 수 있다고 생각하셨나요 교번근무에 적응할 수 있다고 생각하셨다면 그 근거도 함께 말씀해주세요","wordCount":17},"emotion":[],"intent":[]},"answer":{"raw":{"text":"혹시 교대 근무에 대해서 말씀을 해주신 거라면 저는 그 부분에 있어서 굉장히 큰 자신감을 갖고 있습니다. 그 이유가 과거 아르바이트 중에 저는 실제로 삼 교대 근무를 해봤었던 경험이 있기 때문입니다. 해외 본사와 컨텍을 하는 문제로 한국 시간과 다른 시차를 고려해야 될 상황들이 업무에서 굉장히 많다 라고 생각을 합니다. 그래서 그런 부분들을 대응하기 위해서 진행하는 교대 근무가 당연히 꼭 필요하다 라고 생각을 하는 입장이고요. 또한 실제로 제가 체력이 좋기 때문에 조금씩 패턴이 바뀌는 그런 업무에 대해서도 체력적으로 잘 적응할 수 있다 라고 생각합니다.","wordCount":82},"emotion":[],"intent":[{"text":"","expression":"","category":"attitude"}],"summary":{"text":"해외 본사와 컨텍을 하는 문제로 한국 시간과 다른 시차를 고려해야 될 상황들이 업무에서 많기 때문에 시차 대응을 위해 진행하는 교대 근무가 반드시 필요하다 라고 생각하며, 실제로 제가 체력이 좋기 때문에 잘 적응할 수 있습니다.","wordCount":34}}},"rawDataInfo":{"question":{"fileFormat":"wav","fileSize":617678,"duration":19300,"samplingBit":16,"channelCount":1,"samplingRate":"16kHz","audioPath":"/Mock/02.SalesMarketing/Female/Experienced/ckmk_q_sm_f_e_243694.wav"},"answer":{"fileFormat":"wav","fileSize":2330638,"duration":72830,"samplingBit":16,"channelCount":1,"samplingRate":"16kHz","audioPath":"/Mock/02.SalesMarketing/Female/Experienced/ckmk_a_sm_f_e_243694.wav"}}}