{"version":"1.0","dataSet":{"info":{"date":"20230116","occupation":"SM","channel":"MOCK","place":"ONLINE","gender":"FEMALE","ageRange":"45-54","experience":"EXPERIENCED"},"question":{"raw":{"text":"만약 일을 하시는 중에 타 부서와 갈등 상황이 발생하게 된다면 어떻게 해결을 하시겠는지요 어 그러한 상황을 가정해 보시고 그 해결책도 함께 말씀해 주시기 바랍니다","wordCount":24},"emotion":[],"intent":[]},"answer":{"raw":{"text":"어 타 부서와 갈등 상황이 뭐 발생하지 않는 게 제일 바람직하지만 뭐 일을 하다 보면 어 세상을 살다 보면 타인과 갈등 상황이 늘 생기는 부분이기 때문에 그런 부분을 이제 원만히 잘 처리를 해야 될 텐데요. 어 상황 같은 경우는 이제 타 부서와 어쨌든 그 업무적으로 문제가 생겼을 경우 일 것 같구요. 이제 그랬을 때 우리가 뭐 어떤 업무를 처리해서 자료를 넘겨 줬는데 그거를 뭐 못 받았다거나 아니면 어떤 내용 파악에 대해서 이제 다르게 알고 있다거나 했을 때 갈등 상황이 생길 거구요. 그랬을 때 뭐 자료를 발송한 이력이라던지 어 그런 것을 문서화 해서 잘 어 기록을 해 놓아야 될 것 같구요. 어 또 서로 업무적인 그 내용에 대해서는 그 업무에 대해서 자세히 알고 규정대로 처리를 해야 이런 갈등 상황이 발생됐을 때 그 규정에 맞게 잘잘못을 따질 수 있지 않을까 예 그래서 일을 잘 알고 항상 규정에 맞게 예 처리해야 된다 생각을 합니다.","wordCount":141},"emotion":[],"intent":[{"text":"","expression":"","category":"attitude"}],"summary":{"text":"업무를 하다 보면 타인과 갈등 상황이 늘 생기며 이런 부분을 원만히 처리해야 하는데 업무적으로 문제가 생겼을 때 일 것 입니다. 서로 업무적인 내용에 대해서는 잘 알고 규정대로 처리해야 갈등 상황이 발생했을 때 규정에 맞게 잘잘못을 따질 수 있을 것이라고 생각합니다.","wordCount":40}}},"rawDataInfo":{"question":{"fileFormat":"wav","fileSize":522958,"duration":16340,"samplingBit":16,"channelCount":1,"samplingRate":"16kHz","audioPath":"/Mock/02.SalesMarketing/Female/Experienced/ckmk_q_sm_f_e_180963.wav"},"answer":{"fileFormat":"wav","fileSize":2615438,"duration":81730,"samplingBit":16,"channelCount":1,"samplingRate":"16kHz","audioPath":"/Mock/02.SalesMarketing/Female/Experienced/ckmk_a_sm_f_e_180963.wav"}}}