{"version":"1.0","dataSet":{"info":{"date":"20230116","occupation":"SM","channel":"MOCK","place":"ONLINE","gender":"FEMALE","ageRange":"35-44","experience":"EXPERIENCED"},"question":{"raw":{"text":"업무를 하다 보면 협업을 해야 하는 경우가 종종 있는데요 이럴 때 지원자님은 사교성이 좋은 편인지 궁금하구요 또한 사교성을 키우기 위해서 했던 노력이 있다면 어떤 것이 있는지 구체적으로 설명해 주세요","wordCount":29},"emotion":[],"intent":[]},"answer":{"raw":{"text":"네 저는 기본적으로 영업을 하기 때문에 사교성이 워낙 좋기도 하고요. 어렸을 때부터 사람 만나는 걸 굉장히 좋아했습니다. 그래서 성격이 좀 긍정적이고 밝다는 게 저의 가장 큰 장점이고 경쟁력이라고 말씀을 드리고 싶습니다. 어 저는 기본적으로 사람을 대할 때 어 존중하고 배려하면서도 또 친분 있게 지내는 편이고요. 또 사람에 따라서 어떤 사람은 금방 친해지기도 하고 그렇지 않은 사람도 있는데요. 어 저는 제가 먼저 낯선 사람에게 말을 걸 정도로 조금 사교성이 있고 친분이 있는 사람인 것 같습니다. 그렇다고 해서 제가 피상적인 인간관계만 원하는 건 아니고요. 저는 인간관계를 굉장히 소중하게 여기고 그리고 처음 만나는 사람도 저와 인연이 될 수 있다고 생각하기 때문에 여러 가지로 노력을 하고 있습니다. 그래서 깊은 인간관계를 위해서 제가 먼저 자주 연락하기도 하고요. 또 인사드리고 또 자주 보는 그런 방식을 통해서 인간관계를 유지하고 있습니다. 그래서 사교성 뿐만이 아니라 그리고 그 관계를 깊이 이어갈 수 있는 그런 성격도 가지고 있어서 여러 가지로 사람을 대하고 만나는 과정에서 저의 강점 있다고 말씀을 드리고 싶고요. 이런 점을 업무에 활용해서 네 잘 활용하는 편인 것 같습니다.","wordCount":160},"emotion":[],"intent":[{"text":"그래서 성격이 좀 긍정적이고    밝다는 게 저의 가장 큰 장점이고 경쟁력이라고 말씀을 드리고 싶습니다.","expression":"c_person","category":"background"},{"text":"저는 인간관계를 굉장히 소중하게 여기고 그리고 처음 만나는   사람도 저와 인연이 될 수 있다고 생각하기 때문에 여러 가지로 노력을 하고 있습니다.","expression":"s_intp","category":"attitude"},{"text":"그래서   깊은 인간관계를 위해서 제가 먼저 자주 연락하기도 하고요.","expression":"s_intp","category":"attitude"},{"text":"또 인사드리고 또   자주 보는 그런 방식을 통해서 인간관계를 유지하고 있습니다.","expression":"s_intp","category":"attitude"}],"summary":{"text":"저는 기본적으로 영업을 하기 때문에 사교성이 좋고 성격이 긍정적이고 밝습니다. 그래서 사람을 대할 때 존중하고 배려하면서도 친분 있게 지내는 편입니다. 그렇다고 해서 피상적인 인간관계만 원하는 건 아니고 인간관계를 굉장히 소중하게 여기고 있고 깊은 인간관계를 위해서 인사드리고 또 자주 보는 방식을 통해서 인간관계를 유지하고 있습니다. 이런 점을 업무에 활용해서 잘 활용하는 편인 것 같습니다.","wordCount":53}}},"rawDataInfo":{"question":{"fileFormat":"wav","fileSize":502798,"duration":15710,"samplingBit":16,"channelCount":1,"samplingRate":"16kHz","audioPath":"/Mock/02.SalesMarketing/Female/Experienced/ckmk_q_sm_f_e_135014.wav"},"answer":{"fileFormat":"wav","fileSize":2831758,"duration":88490,"samplingBit":16,"channelCount":1,"samplingRate":"16kHz","audioPath":"/Mock/02.SalesMarketing/Female/Experienced/ckmk_a_sm_f_e_135014.wav"}}}