{"version":"1.0","dataSet":{"info":{"date":"20230116","occupation":"SM","channel":"MOCK","place":"ONLINE","gender":"FEMALE","ageRange":"45-54","experience":"EXPERIENCED"},"question":{"raw":{"text":"네 지원자님께서는 협업을 하실 때 사교성이 좋은 편이신가요 혹은 그렇지 않은 편이신가요 또 사교성을 키우기 위해 노력했던 경험이 있다면 함께 설명 부탁드리겠습니다","wordCount":22},"emotion":[],"intent":[]},"answer":{"raw":{"text":"사실 그 대학 입학하기 전까지 저 성격은 조금 내성적인 편이었습니다. 어 지금 소위 말하는 엠비티아이로 이야기를 하자면 아이형이었죠. 그리고 대학을 입학을 했는데 발표다 프로젝트다 하는 일들을 수행을 하면서 저 같은 내성적인 성격으로는 조금 손해보는 일들이 좀 많이 생겼습니다. 그러다 보니 이렇게 하면 안 되겠다 라는 생각에 사실은 어떻게 보면 생존 같은 느낌으로 어 그 성격을 좀 바꾸려고 노력을 했구요. 그래서 먼저 가서 나 친구보다 내가 먼저 이야기하기 어 친구보다 내가 먼저 한 마디 더 하기 예 이렇게 조금 대화를 좀 많이 하다 보니까 어느 순간 나도 모르게 조금 더 사교적인 성격으로 변한 것 같습니다.","wordCount":94},"emotion":[],"intent":[{"text":"사실 그 대학 입학하기 전까지 저 성격은 조금 내성적인 편이었습니다.","expression":"c_person","category":"background"},{"text":"그리고 대학을 입학을 했는데 발표다 프로젝트다 하는 일들을 수행을 하면서 저 같은 내성적인 성격으로는 조금 손해보는 일들이 좀 많이 생겼습니다.","expression":"c_person","category":"background"}],"summary":{"text":"대학 입학 전까지 저 성격은 내성적인 편이었는데 대학 입학 후 발표 프로젝트 일을 하며 손해보는 일이 생기자 성격을 바꾸려고 노력을 했고 대화를 좀 하다 보니 사교적인 성격으로 변한 것 같습니다.","wordCount":30}}},"rawDataInfo":{"question":{"fileFormat":"wav","fileSize":448718,"duration":14020,"samplingBit":16,"channelCount":1,"samplingRate":"16kHz","audioPath":"/Mock/02.SalesMarketing/Female/Experienced/ckmk_q_sm_f_e_191884.wav"},"answer":{"fileFormat":"wav","fileSize":1539918,"duration":48120,"samplingBit":16,"channelCount":1,"samplingRate":"16kHz","audioPath":"/Mock/02.SalesMarketing/Female/Experienced/ckmk_a_sm_f_e_191884.wav"}}}