{"version":"1.0","dataSet":{"info":{"date":"20230116","occupation":"SM","channel":"MOCK","place":"ONLINE","gender":"FEMALE","ageRange":"-34","experience":"EXPERIENCED"},"question":{"raw":{"text":"영업의 관점에서 커스토머 서비스 즉 씨에스에 대해서 설명해 주시기 바라며 지원자님께서 생각하시기에 어떠한 씨에스가 좋은 씨에스일지 생각도 함께 말씀해 주세요","wordCount":20},"emotion":[],"intent":[]},"answer":{"raw":{"text":"어 씨에스에서 무엇보다 중요한 것은 어 고객의 마음에 공감하고 바탕으로 소통하는 것이라고 생각합니다. 고객의 마음에 공감하지 않고 어 자신의 마음만 생각하며 일방향적으로 이야기 어 소통을 진행하게 된다면 어 고객분들의 입장에서도 진정성이 잘 느껴지지 않고 이는 실패한 씨에스의 방법이라는 생각이 들었습니다. 어 진정으로 고객의 마음을 위하는 마음으로 씨에스를 진행하고 어 공감하는 자세로 고객분들께 다가가게 된다면 더 효과적인 씨에스가 이루어질 수 있다고 생각합니다.","wordCount":61},"emotion":[],"intent":[{"text":"어 씨에스에서 무엇보다 중요한 것은 어 고객의 마음에 공감하고 바탕으로 소통하는 것이라고 생각합니다.","expression":"s_comn","category":"attitude"}],"summary":{"text":"씨에스에서 중요한 것은 고객의 마음에 공감하고 소통하는 것이라고 생각합니다. 진정으로 고객의 마음을 위하는 마음으로 진행하고 공감하는 자세로 다가가게 된다면 더 효과적일 수 있다고 생각합니다.","wordCount":24}}},"rawDataInfo":{"question":{"fileFormat":"wav","fileSize":559438,"duration":17480,"samplingBit":16,"channelCount":1,"samplingRate":"16kHz","audioPath":"/Mock/02.SalesMarketing/Female/Experienced/ckmk_q_sm_f_e_209960.wav"},"answer":{"fileFormat":"wav","fileSize":1207118,"duration":37720,"samplingBit":16,"channelCount":1,"samplingRate":"16kHz","audioPath":"/Mock/02.SalesMarketing/Female/Experienced/ckmk_a_sm_f_e_209960.wav"}}}