{"version":"1.0","dataSet":{"info":{"date":"20230116","occupation":"SM","channel":"MOCK","place":"ONLINE","gender":"FEMALE","ageRange":"-34","experience":"EXPERIENCED"},"question":{"raw":{"text":"지원자님께서 생각하시기에 자신의 노년는 어떤 모습이기를 바라시나요 자신이 원하는 그런 이상적인 노년의 모습을 어 말씀해 주시기를 바랍니다","wordCount":17},"emotion":[],"intent":[]},"answer":{"raw":{"text":"제가 생각하는 이상적인 노년의 모습은 베풀며 사는 삶입니다. 노년 생활 때는 보다 많은 인생 경험이 축적되어 있기 때문에 베풀면서 살 줄 알아야 한다고 생각합니다. 이기적으로 본인만을 위해 살거나 한다면 남들의 입장에서는 배울 점이 없는 사람으로 비춰질 수도 있습니다. 따라서 저는 평소 남들을 잘 도와주고 남들이 힘들어 하거나 도움이 필요할 때는 적극적으로 도와주려고 할 것입니다. 이런 생활에 익숙해진다면 노년기에 접어들었을 때 이기적인 삶이 아닌 다른 사람들을 위해 도울 줄 알고 베풀 줄 아는 노년을 보낼 수 있다고 생각합니다. 이렇듯 직장생활을 할 때에도 팀원이 힘들어하거나 도움이 필요하다면 마다하지 않고 팀원들을 도와 조직의 목표를 달성할 수 있도록 노력하려고 할 것입니다.","wordCount":97},"emotion":[],"intent":[{"text":"","expression":"","category":"attitude"}],"summary":{"text":"저는 이상적인 노년의 모습은 베풀며 사는 삶이라고 생각합니다. 노년 생활 때는 인생 경험이 축적되어 있기 때문에 베풀면서 살 줄 알아야 합니다. 평소 남들을 잘 도와주고 도움이 필요할 때는 적극적으로 도와주려고 할 것입니다.","wordCount":32}}},"rawDataInfo":{"question":{"fileFormat":"wav","fileSize":466638,"duration":14580,"samplingBit":16,"channelCount":1,"samplingRate":"16kHz","audioPath":"/Mock/02.SalesMarketing/Female/Experienced/ckmk_q_sm_f_e_199698.wav"},"answer":{"fileFormat":"wav","fileSize":2521678,"duration":78800,"samplingBit":16,"channelCount":1,"samplingRate":"16kHz","audioPath":"/Mock/02.SalesMarketing/Female/Experienced/ckmk_a_sm_f_e_199698.wav"}}}