{"version":"1.0","dataSet":{"info":{"date":"20230116","occupation":"SM","channel":"MOCK","place":"ONLINE","gender":"FEMALE","ageRange":"45-54","experience":"EXPERIENCED"},"question":{"raw":{"text":"지원자님 남을 잘 이끄는 리더형과 남을 잘 따르는 팔로워형 지원자님은 어떤 유형인지 이유와 설명 부탁드려요","wordCount":15},"emotion":[],"intent":[]},"answer":{"raw":{"text":"네 질문 주셔서 감사합니다. 제가 아까 전에 대답했던 그런 계사 대답과 굉장히 유사한데요. 저 같은 경우에는 리더형보다는 팔로워 형에 더 가까운 인재입니다. 많은 사람들이 리더가 되고 싶어하지만 저는 팔로워가 있어야만 리더도 바로 설 수 있다 라는 입장을 가지고 있습니다. 우리가 조직이 앞으로 잘 나아가기 위해서는 자기 주도적인 리더도 필요하지만 보이지 않는 데에서 리더를 뒷받침할 수 있는 바람직한 팔로워들도 많이 필요합니다. 그래서 저는 제가 조직에 입사하게 된다면 팀장님을 잘 따를 수 있는 그런 팔로워로서 저만의 그런 노하우로 프로젝트를 완수하도록 하겠습니다.","wordCount":79},"emotion":[],"intent":[{"text":"저 같은 경우에는 리더형보다는 팔로워 형에 더 가까운 인재입니다.","expression":"c_person","category":"background"}],"summary":{"text":"조직이 잘 나아가기 위해서는 리더형 보다는 팔로워가 있어야 리더가 될 수 있다 라는 입장을 가지고 있습니다. 그래서 제가 조직에 입사하게 된다면 팀장님을 잘 따를 수 있는 팔로어로서 프로젝트를 완수하겠습니다.","wordCount":29}}},"rawDataInfo":{"question":{"fileFormat":"wav","fileSize":515598,"duration":16110,"samplingBit":16,"channelCount":1,"samplingRate":"16kHz","audioPath":"/Mock/02.SalesMarketing/Female/Experienced/ckmk_q_sm_f_e_230908.wav"},"answer":{"fileFormat":"wav","fileSize":2280078,"duration":71250,"samplingBit":16,"channelCount":1,"samplingRate":"16kHz","audioPath":"/Mock/02.SalesMarketing/Female/Experienced/ckmk_a_sm_f_e_230908.wav"}}}