{"version":"1.0","dataSet":{"info":{"date":"20230116","occupation":"SM","channel":"MOCK","place":"ONLINE","gender":"FEMALE","ageRange":"35-44","experience":"EXPERIENCED"},"question":{"raw":{"text":"만약에 지원자님께서 지금 지원하신 직무가 아닌 다른 부서에 배치가 된다면 어떻게 하시겠는지요 어 그렇게 그런 상황이 생겨도 괜찮으실까요","wordCount":18},"emotion":[],"intent":[]},"answer":{"raw":{"text":"네 저는 만약에 제가 지원한 직무가 아닌 다른 곳에 배치되더라도 저는 열심히 한번 해 보도록 하겠습니다. 저는 그 직무가 하고 싶기 때문에 지원을 한 것도 맞지만 제가 지원하는 회사에서 일을 해 보고 싶은 마음도 컸습니다. 특히 업계에서 최고인 이 회사는 다른 업무를 하더라도 분명히 배울 점이 있다고 생각을 합니다. 그렇기 때문에 어떤 업무가 주어지든 처음에는 배운다는 입장에서 시작을 해보고 싶습니다. 그리고 회사에서 저에게 다른 직무나 뭐 이 부서를 배치한 것도 다 여러 가지 방면에서 저와 맞기 때문에 주어진 거라고 생각을 합니다. 따라서 제가 몰랐던 다른 능력을 발휘할 수도 있고 나아가 저 자신을 성장시킬 수도 있는 기회라고 생각하기 때문에 주어진 업무에 충실히 임할 것 같습니다.","wordCount":104},"emotion":[],"intent":[{"text":"","expression":"","category":"attitude"}],"summary":{"text":"어떤 업무가 주어지든 배움의 입장에서 시작을 해보고 싶습니다. 회사에서 저한테 다른 직무나 이 부서를 배치한 것도 여러 가지 방면에서 저와 맞기 때문에 저 자신을 성장시킬 수도 있는 기회라고 생각하기 때문에 주어진 업무에 충실히 임할 것 같습니다.","wordCount":36}}},"rawDataInfo":{"question":{"fileFormat":"wav","fileSize":492238,"duration":15380,"samplingBit":16,"channelCount":1,"samplingRate":"16kHz","audioPath":"/Mock/02.SalesMarketing/Female/Experienced/ckmk_q_sm_f_e_240595.wav"},"answer":{"fileFormat":"wav","fileSize":1811278,"duration":56600,"samplingBit":16,"channelCount":1,"samplingRate":"16kHz","audioPath":"/Mock/02.SalesMarketing/Female/Experienced/ckmk_a_sm_f_e_240595.wav"}}}