{"version":"1.0","dataSet":{"info":{"date":"20230116","occupation":"SM","channel":"MOCK","place":"ONLINE","gender":"FEMALE","ageRange":"45-54","experience":"EXPERIENCED"},"question":{"raw":{"text":"지원자님의 대학 생활 중에서 가장 힘들었던 경험은 무엇인가요 어떻게 극복했는지 그 경험을 자세히 우리에게 설명해 주세요","wordCount":16},"emotion":[],"intent":[]},"answer":{"raw":{"text":"어 대학 생활을 하면서 가장 힘들었던 경우는 어 그때 가 형편이 좋지 않았기 때문에 어 등록금 또 제 학비 어 생활비 이런 것을 제가 다 충당을 했었어야 되었습니다. 그래서 여러 가지 뭐 아르바이트도 많이 하고 또 장학금 받기 위해서 공부도 열심히 해야 됐었고요. 사실은 뭐 장학금을 받지 못한 학기는 좀 그 다음 학기에 어 휴학을 했었고 그래서 어 사 년 내에 졸업을 하지 못했고 아 좀 일 년 정도 더 휴학 기간이 있었기 때문에 어 제가 아르바이트 해서 등록금을 벌어서 다시 또 학교 다니고 했었어야 되기 때문에 이제 그런 부분이 힘들었는데 그렇지만 어 제가 포기하지 않고 학교를 계속 다녔었구요. 그때는 진짜 많이 힘들었죠. 놀고 싶고 한데 아 나는 우리 가정은 왜 이럴까 이런 생각도 많이 했었고 그 우울한 감도 많이 있었지만 또 바쁘다 보면 그런 생각에 젖어 있을 틈도 없었던 것 같습니다. 지금 생각해보면 어 긍정적인 그런 마음을 가지고 그날 그날 열심히 살다 보니 또 잘 졸업을 했었고 잘 그 시기를 이겨냈었던 것 같습니다.","wordCount":154},"emotion":[{"text":"놀고 싶고 한데 아 나는 우리 가정은 왜 이럴까 이런 생각도 많이 했었고 그 우울한 감도 많이 있었지만 또 바쁘다 보면 그런 생각에 젖어 있을 틈도 없었던 것 같습니다.","expression":"n-sadness","category":"positive"}],"intent":[{"text":"","expression":"","category":"attitude"}],"summary":{"text":"대학 생활을 하면서 가장 힘들었던 경우는 당시 가 여건이 좋지 않았기 때문에 등록금, 제 학비, 생활비 등을 제가 다 충당했어야 되었습니다. 장학금 받기 위해서 공부도 열심히 해야 했습니다. 장학금 받지 못한 학기는 휴학을 했었고 그 다음 학기에 등록금을 벌어 다시 학교 다니고 했었어야 되기 때문에 많이 힘들었습니다. 긍정적으로 살다보니 잘 졸업을 했었던 것 같습니다.","wordCount":54}}},"rawDataInfo":{"question":{"fileFormat":"wav","fileSize":504718,"duration":15770,"samplingBit":16,"channelCount":1,"samplingRate":"16kHz","audioPath":"/Mock/02.SalesMarketing/Female/Experienced/ckmk_q_sm_f_e_239762.wav"},"answer":{"fileFormat":"wav","fileSize":3127758,"duration":97740,"samplingBit":16,"channelCount":1,"samplingRate":"16kHz","audioPath":"/Mock/02.SalesMarketing/Female/Experienced/ckmk_a_sm_f_e_239762.wav"}}}