{"version":"1.0","dataSet":{"info":{"date":"20230116","occupation":"SM","channel":"MOCK","place":"ONLINE","gender":"FEMALE","ageRange":"-34","experience":"EXPERIENCED"},"question":{"raw":{"text":"업무 시 분쟁이 발생할 때를 대비해서 어 지원자님만이 갖고 있는 대처법이 있는지요 어 있다면 그 대처법이 무엇인지 한번 소개해 주시겠습니까","wordCount":20},"emotion":[],"intent":[]},"answer":{"raw":{"text":"업무 수행 시 분쟁이 발생한다면 저는 먼저 분쟁이 발생하게 된 계기는 무엇이고 분쟁 대상은 누구인지에 대해 파악할 것입니다. 분쟁하고 있는 대상이 누구인지 알아야 해결이 가능하고 분쟁의 원인이 무엇인지 알아야 그에 맞는 대책도 세우기 때문입니다. 저는 이렇듯 팀 프로젝트 활동에서 이와 비슷한 분쟁이 발생했을 때 역시 분쟁 대상이 누구이고 분쟁 원인을 찾았습니다. 당시 분쟁의 원인은 팀원 간의 불화였고 분쟁 대상 역시 불화가 있는 팀은 두 명이었습니다. 따라서 저는 그 둘이 화해를 하고 분위기를 완화시킬 수 있도록 중간에서 둘을 이어주는 역할을 하였습니다. 이렇게 분쟁을 제 때 해결하고 적절한 방식으로 해결을 해야만 팀의 과제 수행에 있어서도 지장을 주지 않을 수 있다고 생각합니다.","wordCount":99},"emotion":[],"intent":[{"text":"업무 수행 시 분쟁이 발생한다면 저는 먼저 분쟁이 발생하게 된 계기는 무엇이고 분쟁 대상은 누구인지에 대해 파악할 것입니다.","expression":"c_adp","category":"personality"},{"text":"분쟁하고 있는 대상이 누구인지 알아야 해결이 가능하고 분쟁의 원인이 무엇인지 알아야 그에 맞는 대책도 세우기 때문입니다.","expression":"c_adp","category":"personality"},{"text":"저는 이렇듯 팀 프로젝트 활동에서 이와 비슷한 분쟁이 발생했을 때 역시 분쟁 대상이 누구이고 분쟁 원인을 찾았습니다.","expression":"c_confl_mg","category":"personality"},{"text":"당시 분쟁의 원인은 팀원 간의 불화였고 분쟁 대상 역시 불화가 있는 팀은 두 명이었습니다.","expression":"c_confl_mg","category":"personality"},{"text":"따라서 저는 그 둘이 화해를 하고 분위기를 완화시킬 수 있도록 중간에서 둘을 이어주는 역할을 하였습니다.","expression":"c_confl_mg","category":"personality"},{"text":"이렇게 분쟁을 제 때 해결하고 적절한 방식으로 해결을 해야만 팀의 과제 수행에 있어서도 지장을 주지 않을 수 있다고 생각합니다.","expression":"c_value","category":"background"}],"summary":{"text":"업무 수행 시 분쟁이 발생한다면 분쟁의 계기와 분쟁의 원인을 파악할 것입니다. 팀 프로젝트 활동에서 비슷한 분쟁이 발생했을 때 역시 분쟁 대상이 누구인지 분쟁 원인을 찾았습니다. 분쟁을 제 때 해결하고 적절한 방식으로 해결을 해야만 팀의 과제 수행에 지장을 주지 않을 수 있습니다.","wordCount":41}}},"rawDataInfo":{"question":{"fileFormat":"wav","fileSize":459598,"duration":14360,"samplingBit":16,"channelCount":1,"samplingRate":"16kHz","audioPath":"/Mock/02.SalesMarketing/Female/Experienced/ckmk_q_sm_f_e_209497.wav"},"answer":{"fileFormat":"wav","fileSize":2691278,"duration":84100,"samplingBit":16,"channelCount":1,"samplingRate":"16kHz","audioPath":"/Mock/02.SalesMarketing/Female/Experienced/ckmk_a_sm_f_e_209497.wav"}}}