{"version":"1.0","dataSet":{"info":{"date":"20230116","occupation":"SM","channel":"MOCK","place":"ONLINE","gender":"FEMALE","ageRange":"-34","experience":"EXPERIENCED"},"question":{"raw":{"text":"지원자님께서는 본인이 교번 근무에 잘 적응할 수 있을 거라고 생각을 하시나요 만약에 그렇다면 본인이 왜 잘 적응할 수 있다고 생각을 하셨는지 그 이유도 함께 설명해 주세요","wordCount":26},"emotion":[],"intent":[]},"answer":{"raw":{"text":"저는 항상 생활 패턴이 일정하지 않기 때문에 오히려 교번 근무에 잘 적응할 수 있다고 생각합니다. 저는 오히려 어 근무 시간이나 출근 시간이 일정하게 정해져 있다면 그것에 적응하기가 더 힘들 것 같다고 생각합니다. 어 왜냐하면 저는 항상 정해진 시간과 패턴대로 움직이는 것에 익숙한 편이 아니기 때문에 오히려 교번 근무를 통해 여러 시간대 뭐 다양한 시간대로 근무를 하게 된다면 오늘은 이 시간대 내일은 다 시간대 다른 시간대 이렇게 하게 된다면 더 잘 적응할 수 있다고 생각합니다. 그래서 교번 근무를 하게 되더라도 오히려 다 더 잘 적응하고 회사 업무를 수행하는 데 있어서도 오히려 도움이 될 것이라고 생각합니다.","wordCount":94},"emotion":[],"intent":[{"text":"","expression":"","category":"attitude"}],"summary":{"text":"생활 패턴이 일정하지 않은 저는 교번 근무가 오히려 회사 업무에 도움이 될 것이라고 생각합니다. 근무 시간이나 출근 시간이 정해져 있다면 적응하기 힘들기 때문에 오히려 교번 근무를 통해 다양한 시간대로 근무를 하게 된다면 더 잘 적응할 수 있다고 생각합니다.","wordCount":38}}},"rawDataInfo":{"question":{"fileFormat":"wav","fileSize":521038,"duration":16280,"samplingBit":16,"channelCount":1,"samplingRate":"16kHz","audioPath":"/Mock/02.SalesMarketing/Female/Experienced/ckmk_q_sm_f_e_163922.wav"},"answer":{"fileFormat":"wav","fileSize":2395598,"duration":74860,"samplingBit":16,"channelCount":1,"samplingRate":"16kHz","audioPath":"/Mock/02.SalesMarketing/Female/Experienced/ckmk_a_sm_f_e_163922.wav"}}}