{"version":"1.0","dataSet":{"info":{"date":"20230116","occupation":"SM","channel":"MOCK","place":"ONLINE","gender":"FEMALE","ageRange":"35-44","experience":"EXPERIENCED"},"question":{"raw":{"text":"당신에게 만약 영업소 소장이라는 직책이 주어진다면 당신은 어떻게 영업소를 운영해 나갈지 말씀해 주시겠습니까","wordCount":13},"emotion":[],"intent":[]},"answer":{"raw":{"text":"네 저에게 영업소 소장이라는 아주 중요한 직책의 업무를 맡겨주신다고 하면 저는 그것 또한 성실하게 잘 이행해 낼 자신이 있습니다. 어 저는 영업소장이기 때문에 영업소 전반을 담당하는 아주 중요한 업무라고 생각을 하고 체계적이고 정확하게 운영해 나가도록 하겠습니다. 일단 영업소를 운영함에 있어서 경영 원칙을 좀 지키는 게 중요하다고 생각을 하는데요. 우리 영업소가 추구해야 될 영업적인 가치 이익 뿐만이 아니라 또 문화를 만들어가는 것도 중요하다고 생각합니다. 그래서 저는 기본적으로 직원들의 사기를 높이기 위해서 노력을 할 텐데요. 영업직은 아무래도 목적 의식과 또 분명한 사기 의식이 필요하기 때문에 어 사기를 좀 높일 수 있도록 또 관련해서 좀 많이 인센티브 제도를 운영을 하도록 하겠습니다. 아무래도 영업 직원들은 인센티브를 위해서 일을 한다면 쪼금 더 성과 측면에서 높게 올릴 수 있기 때문에 이러한 제도를 활용할 계획이구요. 그리고 영업 직원이들이지만 각자의 개별 활동 뿐만이 아니라 또 같이 공동으로 할 수 있는 프로젝트를 만들어서 또 사기를 진작시키고 팀 프로젝트 챌렌지를 통해서 시너지를 높일 수 있도록 하겠습니다.","wordCount":146},"emotion":[],"intent":[{"text":"","expression":"","category":"attitude"}],"summary":{"text":"영업소 운영에 있어서 경영 원칙을 지키는 것과 문화를 만들어가는 것이 중요하다고 생각합니다. 그래서 직원들의 사기를 높이기 위해서 노력을 할 텐데, 영업직은 목적 의식과 분명한 사기 의식이 필요하기 때문에 인센티브 제도를 운영을 하도록 하겠습니다. 또한 공동 프로젝트를 만들어서 사기를 진작시키고 팀 프로젝트 챌렌지를 통해서 시너지를 높일 수 있도록 하였습니다.","wordCount":48}}},"rawDataInfo":{"question":{"fileFormat":"wav","fileSize":478158,"duration":14940,"samplingBit":16,"channelCount":1,"samplingRate":"16kHz","audioPath":"/Mock/02.SalesMarketing/Female/Experienced/ckmk_q_sm_f_e_113614.wav"},"answer":{"fileFormat":"wav","fileSize":2733518,"duration":85420,"samplingBit":16,"channelCount":1,"samplingRate":"16kHz","audioPath":"/Mock/02.SalesMarketing/Female/Experienced/ckmk_a_sm_f_e_113614.wav"}}}