{"version":"1.0","dataSet":{"info":{"date":"20230116","occupation":"SM","channel":"MOCK","place":"ONLINE","gender":"FEMALE","ageRange":"-34","experience":"EXPERIENCED"},"question":{"raw":{"text":"우리 회사가 해외 무대로 진출한다면 어디로 진출하는 것이 좋겠습니까 이유도 함께 말씀해 주세요","wordCount":13},"emotion":[],"intent":[]},"answer":{"raw":{"text":"어 제가 생각했을 때는 우리 나라 어디든 지금 굉장히 공격적으로 마케팅을 펼치고 있고 어 점유율이 높아지고 있기 때문에 저는 해외로도 충분히 도전할 가능성이 있다고 생각을 합니다. 어 지금 제가 정확하게 어떤 나라라고 꼭 찝어서 어 말씀드리지는 못하겠지만 어쨌든 저희 회사가 이제 해외에서도 분명히 경쟁력을 가질 수 있다고 저는 생각을 하구요. 그런 측면에서 좀 어 전사적인 차원에서 시장들을 분석해 보고 또 저희 회사에 제품과 서비스들이 어 큰 충분히 영향력이 있다고 판단되는 그런 나라들을 대상으로 해서 저희가 한번 시도해 보는 것도 저는 굉장히 필요하다고 생각을 합니다. 어 왜냐하면 저희가 이제 기존 서비스들이 계속해서 글로벌하게 확장돼야 되고요. 또 앞으로 저희가 계속해서 어 성장하기 위해서는 당연히 글로벌 진출이 필요하다고 생각을 합니다. 그래서 앞으로 이러한 서비스들을 확대하고 시장 진출을 확대한다고 하면 저희 회사에 이제 미래에 먹거리에도 도움이 될 수 있기 때문에 앞으로 저는 시장 진출을 적극적으로 모색해 봤으면 좋겠다 라는 생각이 들었습니다.","wordCount":137},"emotion":[],"intent":[{"text":"","expression":"","category":"attitude"}],"summary":{"text":"공격적으로 마케팅을 펼치고 있고 점유율이 높아지고 있기 때문에 해외에서도 충분히 도전할 가능성이 있습니다. 그래서 전사적인 차원에서 시장들을 분석하고 또 저희 회사에 제품과 서비스들이 큰 영향력이 있다고 판단되는 그런 나라들을 대상으로 해서 한번 시도해 보는 것도 필요하다고 생각합니다.","wordCount":37}}},"rawDataInfo":{"question":{"fileFormat":"wav","fileSize":307278,"duration":9600,"samplingBit":16,"channelCount":1,"samplingRate":"16kHz","audioPath":"/Mock/02.SalesMarketing/Female/Experienced/ckmk_q_sm_f_e_142127.wav"},"answer":{"fileFormat":"wav","fileSize":2664398,"duration":83260,"samplingBit":16,"channelCount":1,"samplingRate":"16kHz","audioPath":"/Mock/02.SalesMarketing/Female/Experienced/ckmk_a_sm_f_e_142127.wav"}}}