{"version":"1.0","dataSet":{"info":{"date":"20230116","occupation":"SM","channel":"MOCK","place":"ONLINE","gender":"FEMALE","ageRange":"55-","experience":"EXPERIENCED"},"question":{"raw":{"text":"만약 이직을 생각하는 동료를 만났습니다 뭐라고 말씀해 주실 건가요 왜 그렇게 말씀하실지도 말씀해 주세요","wordCount":14},"emotion":[],"intent":[]},"answer":{"raw":{"text":"예 만약 이직을 생각하는 동료를 만나게 된다면 뭐라고 말씀하시겠냐는 질문에 저도 많이 고민을 해 봤습니다. 이직을 하려고 한다는 것은 아 하나는 여기에서 일이 맞지 않거나 아니면은 다른 곳에서 어 더 많은 인컴을 더 많은 월급을 제시를 했기 때문에 이직을 할려고 하지 않나 하는 생각이 듭니다. 아 그분한테 저도 이게 답이다 라고는 말을 할 수 없지만 그분이 왜 이직을 하는지 그리고 또 그 직장 동료가 저하고 친하기 친한 친구라면 그분이 이직을 하는 게 되게 매우 안타까울 것 같아요. 하지만 그분의 미래를 보면 아 그분도 이직을 했을 때 많은 고민을 했으니까 아 저에게 한번 어 저 의견을 구하는 것 아니겠습니까. 그래서 저는 그분의 의견을 들어 보고 그곳이 그분에게 진짜 큰 미래지향적인 일이라면 아 저는 그렇게 어 만류하지는 않을 것 같아요. 하지만 돈이 조금 차이가 나서 같은 직장인데 돈이 조금 차이가 나서 아 쉽게 여기저기 이직을 한다면 아 그 방법은 그렇게 좋은 방법이 아니라고 저는 동료에게 충고를 할 것 같습니다. 아 한 번 취직을 하면 제 생각에는 십 년 십 년 정도 보통 만 시간의 법칙이라고 있죠. 만 시간을 계산을 해보면 한 좀 오랜 기간 한 십 년 가까이 되는 것 같은데요. 그 만 시간의 법칙에 따라서 한 번 발을 들인 곳에서는 내가 이 일에 완전히 통달을 하기 전에는 저는 아니라고 그 동료에게 말해주고 싶습니다.","wordCount":202},"emotion":[],"intent":[{"text":"","expression":"","category":"attitude"}],"summary":{"text":"만약 이직을 생각하는 동료를 만나게 된다면 어떤 고민을 해 봤습니다. 이직을 하는 것은 일이 맞지 않거나 다른 곳에서 더 많은 인컴을 더 많은 월급을 제시를 했기 때문에 하는 것 같습니다. 하지만 돈을 조금 차이가 저는 직장인이 쉽게 이직을 한다면 저는 동료에게 충고를 할 것입니다. 한 번 취직한 곳에서는 이 일에 완전히 통달을 하기 전까지는 아니라고 말하고 싶습니다.","wordCount":57}}},"rawDataInfo":{"question":{"fileFormat":"wav","fileSize":361038,"duration":11280,"samplingBit":16,"channelCount":1,"samplingRate":"16kHz","audioPath":"/Mock/02.SalesMarketing/Female/Experienced/ckmk_q_sm_f_e_241937.wav"},"answer":{"fileFormat":"wav","fileSize":3786958,"duration":118340,"samplingBit":16,"channelCount":1,"samplingRate":"16kHz","audioPath":"/Mock/02.SalesMarketing/Female/Experienced/ckmk_a_sm_f_e_241937.wav"}}}