{"version":"1.0","dataSet":{"info":{"date":"20230116","occupation":"SM","channel":"MOCK","place":"ONLINE","gender":"FEMALE","ageRange":"-34","experience":"EXPERIENCED"},"question":{"raw":{"text":"오늘 면접을 준비하다가 고생을 많이 하셨을 텐데 어떤 방식으로 면접을 준비하셨는지 말씀해 주시길 바랍니다","wordCount":14},"emotion":[],"intent":[]},"answer":{"raw":{"text":"저는 이 회사에 반드시 합격하고 싶었기 때문에 모집 공고가 나오기 전부터 자기소개서를 준비하였고 면접 스터디에 가입을 하여 일주일에 일 회씩 실전 면접 연습도 하였습니다. 실제 면접에서는 다소 긴장하여 제가 하고 싶었던 말을 다 전하지 못할 때가 있을 수도 있다고 생각하였습니다. 또한 이렇게 된다면 제가 그간 준비해 온 것들을 제대로 보여줄 수 없다고 생각하여 일주일에 최소 일 회 씩은 항상 면접 연습을 해왔습니다. 또한 같이 연습을 해 온 면접 팀원들로부터 피드백을 받고 긴장감을 덜 수 있는 노하우도 서로 공유하였습니다. 또한 그들과 서로 격려하며 응원하여 힘들거나 다소 어려운 점이 있을 때에는 좌절하지 않고 보다 더 노력할 수 있게 되었습니다. 이렇게 연습을 하였기 때문에 실제 면접에서는 지금은 그다지 긴장을 하고 있지 않은 것 같습니다.","wordCount":111},"emotion":[],"intent":[{"text":"","expression":"","category":"attitude"}],"summary":{"text":"저는 이 회사에 반드시 합격하고 싶기 때문에 자기소개서를 준비하고 면접 스터디에 가입하여 실전 면접 연습도 하였습니다. 면접 팀원들로부터 피드백을 받고 긴장감을 덜 수 있는 노하우도 서로 공유하였기 때문에 지금은 그다지 긴장을 하고 있지 않은 것 같습니다.","wordCount":36}}},"rawDataInfo":{"question":{"fileFormat":"wav","fileSize":353678,"duration":11050,"samplingBit":16,"channelCount":1,"samplingRate":"16kHz","audioPath":"/Mock/02.SalesMarketing/Female/Experienced/ckmk_q_sm_f_e_209341.wav"},"answer":{"fileFormat":"wav","fileSize":2778638,"duration":86830,"samplingBit":16,"channelCount":1,"samplingRate":"16kHz","audioPath":"/Mock/02.SalesMarketing/Female/Experienced/ckmk_a_sm_f_e_209341.wav"}}}