{"version":"1.0","dataSet":{"info":{"date":"20230116","occupation":"SM","channel":"MOCK","place":"ONLINE","gender":"FEMALE","ageRange":"45-54","experience":"EXPERIENCED"},"question":{"raw":{"text":"당사의 마케팅 채널은 여러 채널이 있고 그리고 개인이 원하는 채널로 제가 배정을 합니다 입사 후 어떤 채널을 마케팅하고 싶나요","wordCount":19},"emotion":[],"intent":[]},"answer":{"raw":{"text":"저는 입사 이후에 온라인 마케팅을 중점적으로 하고 싶습니다. 최근에는 온라인 마케팅이 정말 많이 관심을 받고 있는데요. 아무래도 소비자들이 이런 온라인 마케팅 채널을 많이 활용하기 때문입니다. 에스엔에스 뭐 페이씨 북 유튜브 어 인스타그램을 포함해서 이런 온라인으로 하는 활동들이 증가를 하고 있는데요. 대부분의 사람들이 노트북 피씨 그리고 핸드폰을 이용해서 어 많은 정보들을 소화하고 있는 상황입니다. 그렇다고 한다면 저희도 온라인 마케팅에 좀 집중적으로 어 열심히 할 필요가 있는 것 같은데요. 그리고 각 타겟층에 따라서 어떤 채널을 활용하는지도 다를 것 같습니다. 아무래도 젊은 사람들에게는 조금 더 감각적인 영상이 있는 어 뭐 인스타그램이 좀 더 용이 할 것 같고요. 아니면 이제 조금 나이 드신 분한테는 유튜브라던가 아니면 지상파 방송을 통한 그런 마케팅 채널이 많이 이용이 될 것 같습니다. 이렇게 연령층에 따라서 저는 온라인 마케팅을 다양화하고 그리고 컨텐츠를 좀 참신하게 기획을 해서 마케팅을 해보고 싶습니다.","wordCount":129},"emotion":[{"text":"이렇게 연령층에 따라서   저는 온라인 마케팅을 다양화하고 그리고 컨텐츠를 좀 참신하게 기획을 해서   마케팅을 해보고 싶습니다.","expression":"p-interest","category":"positive"}],"intent":[{"text":"","expression":"","category":"attitude"}],"summary":{"text":"온라인 마케팅이 소비자들의 채널을 많이 활용하기 때문에 저희는 온라인 마케팅에 좀 더 열심히 해야 할 것 같습니다. 연령층에 따라서 온라인 마케팅을 다양화하고 그리고 컨텐츠를 좀 참신하게 기획해서 마케팅을 해보고 싶습니다.","wordCount":30}}},"rawDataInfo":{"question":{"fileFormat":"wav","fileSize":572878,"duration":17900,"samplingBit":16,"channelCount":1,"samplingRate":"16kHz","audioPath":"/Mock/02.SalesMarketing/Female/Experienced/ckmk_q_sm_f_e_109669.wav"},"answer":{"fileFormat":"wav","fileSize":2508238,"duration":78380,"samplingBit":16,"channelCount":1,"samplingRate":"16kHz","audioPath":"/Mock/02.SalesMarketing/Female/Experienced/ckmk_a_sm_f_e_109669.wav"}}}