{"version":"1.0","dataSet":{"info":{"date":"20230116","occupation":"SM","channel":"MOCK","place":"ONLINE","gender":"FEMALE","ageRange":"35-44","experience":"EXPERIENCED"},"question":{"raw":{"text":"남들과는 다른 자신만의 경쟁력을 설명해 주세요 경쟁력을 키우기 위해 어떤 노력을 했는지도 설명해 주세요","wordCount":14},"emotion":[],"intent":[]},"answer":{"raw":{"text":"어 일단 저는 제 일에 대한 전문적인 지식과 어 친화력이라고 생각을 하는데 제가 진짜 개인적으로 이 부분을 정말 잘 키우려고 노력을 했던 것 같애요. 왜냐하면 어 뭔가 보험을 팔 때 진짜 그냥 말을 잘해서 막 그 사람을 설득하는 거랑 내가 진짜 이 상품에 얼마큼의 지식이 있는지 정말 얼마큼 제대로 알고 있는지 그리고 그것들을 이 고객에게 어떤 점들을 더 이케 들춰서 제가 어필을 할 수 있는지 이런 것들이 사실 차이가 난다고 생각이 들거든요. 제가 고객 입장이었을 때도 그랬었고 그래서 좀 막 요란한데 빈수레 같은 느낌은 아니고 싶었어 가지구 저는 진짜 제 업무 제 분야에 공부를 정말 열심히 했습니다. 그래서 좀 제가 이제 이 분야에서 그래도 경력이 많이 쌓이면서 들었던 평 중의 하나가 어 좀 그 사람의 상황에 따라서만 알맞는 것들을 추천을 잘 해 준다는 평을 좀 많이 들었었거든요. 그게 어떤 제 노하우에 그 결과라고 생각합니다.","wordCount":134},"emotion":[],"intent":[{"text":"왜냐하면 어 뭔가 보험을 팔 때   진짜 그냥 말을 잘해서 막 그 사람을 설득하는 거랑   내가 진짜 이 상품에 얼마큼의 지식이 있는지 정말 얼마큼 제대로 알고 있는지   그리고 그것들을 이 고객에게 어떤 점들을 더 이케 들춰서 제가 어필을 할 수 있는지 이런 것들이   사실 차이가 난다고 생각이 들거든요.","expression":"s_anls_prod","category":"technology"}],"summary":{"text":"저는 제 일에 대한 전문적인 지식과 어 친화력을 키우려고 노력을 했습니다. 보험을 팔 때 그 사람을 설득하는거랑 상품을 제대로 알고 있는 지와 그것을 고객에게 어필할 수 있는 점들이 차이가 났기 때문입니다. 제가 이 분야에서 경력이 쌓이면서 그 사람에 맞는 것들을 추천해 준다는 평가를 들었었는데 그 결과라고 생각합니다.","wordCount":47}}},"rawDataInfo":{"question":{"fileFormat":"wav","fileSize":332878,"duration":10400,"samplingBit":16,"channelCount":1,"samplingRate":"16kHz","audioPath":"/Mock/02.SalesMarketing/Female/Experienced/ckmk_q_sm_f_e_125583.wav"},"answer":{"fileFormat":"wav","fileSize":2756558,"duration":86140,"samplingBit":16,"channelCount":1,"samplingRate":"16kHz","audioPath":"/Mock/02.SalesMarketing/Female/Experienced/ckmk_a_sm_f_e_125583.wav"}}}