{"version":"1.0","dataSet":{"info":{"date":"20230116","occupation":"SM","channel":"MOCK","place":"ONLINE","gender":"FEMALE","ageRange":"35-44","experience":"EXPERIENCED"},"question":{"raw":{"text":"혹시 본인의 의견을 주장할 때 강하게 주장하는 편인가요 본인의 의견을 어떤 스타일로 주장하시는 편인가요","wordCount":14},"emotion":[],"intent":[]},"answer":{"raw":{"text":"어 저는 어 회유를 하는 편인데 제 주장이 제가 맞다고 생각하는 그런 것들 있잖아요. 근데 그거를 사실 강하게 어필하지는 못하거든요. 항상 어 내가 알던 게 어 틀릴 수도 있다 라는 좀 불안함 같은 거 저 스스로를 좀 신뢰하지 못할 때가 있는데 그런 순간이 올 때 뭔가 상대방 말이 맞을 것 같기도 하니깐 강하게 어필을 잘 못하겠더라구요. 그래서 일단은 한번 좀 들어보긴 하는데 들어보다가도 제 말이 맞는 것 같다 라는 생각이 들 때는 어 좀 다양한 사례를 좀 갖고 와서 그 상대방에게 계속 직접적으로는 말을 못 하고 돌려가면서 그 상대방이 나의 의견을 좀 알아차릴 수 있게끔 어 유도하는 것 같습니다. 그래서 거의 뭐 사실은 이게 성공률은 적다고 보기는 해야죠. 아무래도 뭔가 확신해 가지구 말을 못 하면 상대방도 나의 그 말들을 되게 약하게 받아들이는 것 같더라구요. 근데 제가 아직도 잘 해내지 못하는 것 중에 하나입니다.","wordCount":133},"emotion":[],"intent":[{"text":"","expression":"","category":"attitude"}],"summary":{"text":"저는 회유를 하는 편인데 제 주장이 맞다고 생각하는 것들을 강하게 어필하지 못하였습니다. 그래서 다양한 사례를 좀 갖고 와서 상대방이 저의 의견을 알아차릴 수 있게 유도하는 것 같습니다. 사실 성공률은 적다고 볼 수 있습니다. 확신해서 말을 못하면 상대방이 제 말을 약하게 받아들이는 것 같은데 제가 잘 해내지 못하는 것입니다.","wordCount":48}}},"rawDataInfo":{"question":{"fileFormat":"wav","fileSize":290638,"duration":9080,"samplingBit":16,"channelCount":1,"samplingRate":"16kHz","audioPath":"/Mock/02.SalesMarketing/Female/Experienced/ckmk_q_sm_f_e_165929.wav"},"answer":{"fileFormat":"wav","fileSize":2531278,"duration":79100,"samplingBit":16,"channelCount":1,"samplingRate":"16kHz","audioPath":"/Mock/02.SalesMarketing/Female/Experienced/ckmk_a_sm_f_e_165929.wav"}}}