{"version":"1.0","dataSet":{"info":{"date":"20230116","occupation":"SM","channel":"MOCK","place":"ONLINE","gender":"FEMALE","ageRange":"45-54","experience":"EXPERIENCED"},"question":{"raw":{"text":"지원자님께서는 혹시 지금 읽고 계신 책이 있으신가요 있다면 어떤 책인지 소개해 주시기 바랍니다 또한 왜 그 책을 읽고 계신지도 함께 말씀해 주시기 바랍니다","wordCount":23},"emotion":[],"intent":[]},"answer":{"raw":{"text":"저는 최근에 양기자의 모순이라는 책을 읽었는데요. 제가 평소에 소설을 좀 좋아하는 편입니다. 소설을 좋아하는 이유는 내가 평소에 업무에서 느끼는 스트레스 그리고 혹은 인간관계에서 느끼는 스트레스를 벗어나서 가상 환경에서 내가 가상의 인물로서 어 직접 경험하는 그런 즐거움들이 있습니다. 저는 그 과정을 일반적으로 소설을 읽으면서 느끼는 편인데요. 그 모순이라는 소설에 보면은 주인공이 굉장히 여러 가지 양방향 감정들을 느끼는 장면들이 나와요. 그래서 그 부분을 보면서 굉장히 좀 재미있다 라는 느낌 그리고 나도 이 사람의 삶처럼 살았으면 어땠을까 라는 생각들을 하곤 했습니다.","wordCount":78},"emotion":[{"text":"저는 최근에 양기자의 모순이라는 책을 읽었는데요.","expression":"u-fact","category":"neutral"},{"text":"소설을 좋아하는 이유는 내가 평소에 업무에서 느끼는 스트레스 그리고 혹은 인간관계에서 느끼는 스트레스를 벗어나서 가상 환경에서 내가 가상의 인물로서 어 직접 경험하는 그런 즐거움들이 있습니다.","expression":"p-interest","category":"positive"}],"intent":[{"text":"","expression":"","category":"attitude"}],"summary":{"text":"업무나 인간관계에서 오는 스트레스를 벗어나서 가상 환경에서 직접 경험하는 즐거움을 소설 속에서 많이 느낍니다. 양기자의 모순이라는 소설 속 주인공을 보면서 나도 이 사람의 삶처럼 살았으면 좋겠다는 생각을 하곤 했습니다.","wordCount":29}}},"rawDataInfo":{"question":{"fileFormat":"wav","fileSize":514958,"duration":16090,"samplingBit":16,"channelCount":1,"samplingRate":"16kHz","audioPath":"/Mock/02.SalesMarketing/Female/Experienced/ckmk_q_sm_f_e_230905.wav"},"answer":{"fileFormat":"wav","fileSize":2327758,"duration":72740,"samplingBit":16,"channelCount":1,"samplingRate":"16kHz","audioPath":"/Mock/02.SalesMarketing/Female/Experienced/ckmk_a_sm_f_e_230905.wav"}}}