{"version":"1.0","dataSet":{"info":{"date":"20230116","occupation":"SM","channel":"MOCK","place":"ONLINE","gender":"FEMALE","ageRange":"45-54","experience":"EXPERIENCED"},"question":{"raw":{"text":"지원자님께서는 혹시 직장을 선택할 때 기준이 있으신가요 그렇다면 가장 중요하게 생각하는 기준이 무엇인지 세 가지 정도만 말씀해 주실 수 있을까요","wordCount":20},"emotion":[],"intent":[]},"answer":{"raw":{"text":"저는 직장을 선택할 때 가장 중요하게 생각하는 것은 세 가지가 아니라 딱 하나입니다. 제가 성장할 수 있는지 에 대해서 저는 생각을 하는데 그게 어떤 사람을 통해서 배울 수도 있고 아니면 업무와 관련해서 제가 새롭게 배울 수 있는 점이 있는지 그냥 반복되는 일이 아니라 매번 임하면서 조금이라도 배우고 성장하고 그러한 것들이 가능한 것인지를 우선적으로 파악을 하고 있습니다. 사실 뭐 무조건 매 순간 제가 매일매일 달라지길 바라는 건 당연히 아니구요. 저는 사소한 걸 통해서라도 혹은 좋지 않은 걸 통해서라도 배울 점을 스스로 잘 찾는 편이기 때문에 그러한 것이 가능한 곳인지를 우선적으로 파악해서 지원을 하고 있습니다.","wordCount":93},"emotion":[],"intent":[{"text":"","expression":"","category":"attitude"}],"summary":{"text":"저는 직장을 선택할 때 성장 가능성, 새로운 배움의 가능성, 배움과 성장이 가능한지에 대한 것을 가장 중요하게 생각합니다. 저는 스스로 배울 점을 잘 찾는 편이기 때문에 그러한 것이 가능한지 우선적으로 파악해서 지원을 하고 있습니다.","wordCount":33}}},"rawDataInfo":{"question":{"fileFormat":"wav","fileSize":652878,"duration":20400,"samplingBit":16,"channelCount":1,"samplingRate":"16kHz","audioPath":"/Mock/02.SalesMarketing/Female/Experienced/ckmk_q_sm_f_e_147876.wav"},"answer":{"fileFormat":"wav","fileSize":1599758,"duration":49990,"samplingBit":16,"channelCount":1,"samplingRate":"16kHz","audioPath":"/Mock/02.SalesMarketing/Female/Experienced/ckmk_a_sm_f_e_147876.wav"}}}