{"version":"1.0","dataSet":{"info":{"date":"20230116","occupation":"SM","channel":"MOCK","place":"ONLINE","gender":"FEMALE","ageRange":"45-54","experience":"EXPERIENCED"},"question":{"raw":{"text":"지원자님이 저희 회사에 막 입사해서 일을 시작했더니 업무 내용이나 강도가 자신이 생각했던 것보다 완전히 다르다면 어떻게 하실지 궁금합니다","wordCount":18},"emotion":[],"intent":[]},"answer":{"raw":{"text":"회사에 입사했을 때 제가 생각했던 업무 강도가 아니라고 한다면 좀 당황할 수는 있을 것 같습니다. 제가 감당할 수 있었던 경험했던 이런 업무 강도들보다 너무 강도가 쎄다면 사실 초반에는 너무 힘들 것으로 예상이 됩니다. 하지만 사람은 늘 어디에서나 적응을 하기 마련인 것 같습니다. 우선은 처음부터 강도가 너무 세서 힘들다 라고 생각하기보단 적어도 한 달 이상은 업무를 진행해보자 그리고 내가 할 수 있는 것이 어디까지인지 경험해보자 라는 생각으로 업무에 임할 것 같습니다. 그리고 나서 한 달에 지난 후에도 이 업무 강도에 제가 적응을 못한다면 상사분과 상의하겠습니다.","wordCount":84},"emotion":[],"intent":[{"text":"우선은 처음부터 강도가 너무 세서 힘들다 라고 생각하기보단 적어도 한 달 이상은 업무를   진행해보자 그리고 내가 할 수 있는 것이 어디까지인지 경험해보자 라는 생각으로 업무에 임할 것 같습니다.","expression":"c_adp","category":"personality"}],"summary":{"text":"업무 강도가 너무 세서 힘들다고 생각하기보다는 한 달 이상은 업무를 진행하고 제가 할 수 있는 것이 어디까지인지 경험해보자 라는 생각으로 업무에 임할 것 같습니다. 그 후에도 적응을 못하면 상사분과 상의하겠습니다.","wordCount":30}}},"rawDataInfo":{"question":{"fileFormat":"wav","fileSize":447758,"duration":13990,"samplingBit":16,"channelCount":1,"samplingRate":"16kHz","audioPath":"/Mock/02.SalesMarketing/Female/Experienced/ckmk_q_sm_f_e_173893.wav"},"answer":{"fileFormat":"wav","fileSize":1446478,"duration":45200,"samplingBit":16,"channelCount":1,"samplingRate":"16kHz","audioPath":"/Mock/02.SalesMarketing/Female/Experienced/ckmk_a_sm_f_e_173893.wav"}}}