{"version":"1.0","dataSet":{"info":{"date":"20230116","occupation":"SM","channel":"MOCK","place":"ONLINE","gender":"FEMALE","ageRange":"35-44","experience":"EXPERIENCED"},"question":{"raw":{"text":"우버 택시에 대해서 찬성과 반대 의견이 좀 있는데요 이 두 가지 의견에 대해서 한번 본인 생각을 말씀해 보시겠습니까","wordCount":18},"emotion":[],"intent":[]},"answer":{"raw":{"text":"네 전 세계적으로 우버 택시가 많이 활용이 되고 있습니다. 이런 우버 택시 뿐만이 아니라 어 플랫폼을 통한 이런 택시들이 많이 지금 어 활성화 되어 있는 상황인데요. 그런데 제가 궁금한 점은 우리나라에서는 유독 이 플랫폼을 통한 택시가 잘 사업이 되지 않습니다. 왜냐하면 택시 기사들의 기득권이 너무 세기 때문인데요. 본인들이 플랫폼에 그 수익성을 담보 잡히고 어 본인들이 어 활용할 수 있는 게 없다고 생각하면 무조건적으로 반대하는 경우가 많은 것 같습니다. 하지만 기술의 발전이 이뤄지고 우리는 자본주의 경쟁 사회이기 때문에 이렇게 무조건 반대하거나 아니면 정치인을 활용해서 그것들을 없애는 한 거는 굉장히 불합리하다고. 오히려 생각이 듭니다. 특히 전세계적으로 우버 택시라던가 이 플랫폼을 통한 택시가 활발하게 진행이 되고 있는데 우리나라에서만 유독 이게 진행되지 않는 게 참 아이러니하게 느껴졌구요. 그리고 소비자들이 원하는 관점에서 봐야 할 것 같습니다. 소비자들은 우버 택시나 이런 플랫폼 택시들을 굉장히 좋아하는데 택시 기사들의 본인의 기득권과 이익을 위해서 이런 것들을 반대하고 또 사업을 못하게 한다면 이거는 나중에 굉장히 문제가 될 수 있기 때문에 저는 반대하는 입장입니다.","wordCount":153},"emotion":[],"intent":[{"text":"","expression":"","category":"attitude"}],"summary":{"text":"전세계적으로 우버 택시가 많이 활용 되고 있지만, 우리나라에서는 우버 택시 기사들의 기득권이 너무 세기 때문에 플랫폼을 통한 택시가 잘 사업이 되지 않습니다. 기술 발전이 이뤄지고 자본주의 경쟁 사회이기 때문에 무조건 반대하거나 정치인을 활용해서 그것들을 없애는 것은 굉장히 불합리하다고 생각합니다.","wordCount":39}}},"rawDataInfo":{"question":{"fileFormat":"wav","fileSize":348238,"duration":10880,"samplingBit":16,"channelCount":1,"samplingRate":"16kHz","audioPath":"/Mock/02.SalesMarketing/Female/Experienced/ckmk_q_sm_f_e_113558.wav"},"answer":{"fileFormat":"wav","fileSize":2750798,"duration":85960,"samplingBit":16,"channelCount":1,"samplingRate":"16kHz","audioPath":"/Mock/02.SalesMarketing/Female/Experienced/ckmk_a_sm_f_e_113558.wav"}}}