{"version":"1.0","dataSet":{"info":{"date":"20230116","occupation":"SM","channel":"MOCK","place":"ONLINE","gender":"FEMALE","ageRange":"45-54","experience":"EXPERIENCED"},"question":{"raw":{"text":"어 업무를 진행하다보면 시간이 촉박한 상황이 생길 수 있어요 이 시간이 촉박한 상황이 생기면 어떻게 시간 관리를 하실지 어 지원자님의 시간관리법에 대해서 상세하게 설명해 주시기 바랍니다","wordCount":26},"emotion":[],"intent":[]},"answer":{"raw":{"text":"네 저는 시간 관리를 좀 철저하게 하는 편인 것 같구요. 또 약간 부지런한 성격이어서 더 스케줄 관리를 잘 하려고 하고 있습니다. 어 사실 시간 관리는 제가 규칙적으로 하는 업무들이 있고 또 비규칙적인 업무들이 같이 중간중간 썪여 있는데요. 사실 시간 관리를 잘 하기 위해서는 좀 부지런해야 될 것 같구요. 그리고 시간이 촉박할 때도 업무를 최대한 효율성 있게 진행을 하는 편입니다. 사실은 업무를 할 때 한 시간 걸릴 분양 분량을 어 시간이 촉박할 때는 막 삼십 분 안에 진행을 해야 되는 경우도 생기는데요. 그러기 위해서 제가 조금 더 빠르고 신속하게 움직이려고 하고 있구요. 그리고 그런 상황 속에서는 불필요한 절차를 없애고 업무의 효율성을 높이기 위해서 노력을 합니다. 그리고 어쩔 수 없이 물리적인 시간이 들어가야 되는 게 있고 또 효율성이 높인다면 어 시간이 좀 앞당겨지는 그런 일들이 있는데요. 이런 것들에 업무 순위를 구분을 해서 좀 진행을 하는 편입니다. 아무래도 이제 업무마다 더 중요하고 우선 순위가 있기 때문에 그런 것들을 고려해서 배치를 하구요. 제가 최대한 업무의 효율성을 높여서 시간 관리를 잘 할 수 있게 노력을 하는 편입니다. 그리고 평상시에도 좀 부지런한 성격이기 때문에 이런 것들을 잘 관리할 수 있도록 철저하게 노력을 하고 계획하고 있습니다.","wordCount":179},"emotion":[],"intent":[{"text":"","expression":"","category":"attitude"}],"summary":{"text":"저는 규칙적인 업무와 비규칙적인 업무가 같이 섞여서 시간 관리를 잘 하기 위해서는 좀 부지런해야 될 것 같습니다. 시간이 촉박할 때도 업무를 최대한 효율성 있게 진행을 하는 편입니다. 업무마다 더 중요하고 우선 순위가 있기 때문에 그런 것들을 고려해서 배치를 하며, 평소에도 부지런한 성격이기 때문에 이런 것들을 잘 관리할 수 있도록 노력을 하고 계획하고 있습니다.","wordCount":53}}},"rawDataInfo":{"question":{"fileFormat":"wav","fileSize":663438,"duration":20730,"samplingBit":16,"channelCount":1,"samplingRate":"16kHz","audioPath":"/Mock/02.SalesMarketing/Female/Experienced/ckmk_q_sm_f_e_113578.wav"},"answer":{"fileFormat":"wav","fileSize":2838478,"duration":88700,"samplingBit":16,"channelCount":1,"samplingRate":"16kHz","audioPath":"/Mock/02.SalesMarketing/Female/Experienced/ckmk_a_sm_f_e_113578.wav"}}}