{"version":"1.0","dataSet":{"info":{"date":"20230116","occupation":"SM","channel":"MOCK","place":"ONLINE","gender":"FEMALE","ageRange":"35-44","experience":"EXPERIENCED"},"question":{"raw":{"text":"고객들을 만나다 보면 외국인들도 만나게 되는 경우가 많은데요 혹시 영어 이외에 다른 언어를 할 수 있는 게 있으신가요","wordCount":18},"emotion":[],"intent":[]},"answer":{"raw":{"text":"네 저는 기본적으로 영어를 할 수가 있구요. 그리고 제가 할 수 있는 거는 불어를 좀 구사할 수가 있습니다. 제가 대학교 때 부전공으로 불어를 전공을 했습니다. 어 제가 불어를 전공한 이유는 당시에 굉장히 멋져 보였고 아 그리고 여행을 갔는데 불어를 쓰는 게 굉장히 어 멋져 보였습니다. 그래서 제가 부전공으로 선택을 하게 됐는데요. 어 당시에는 그냥 부러워서 멋져 보여서 선택을 했는데 막상 공부를 하다 보니까 굉장히 재미있게 느껴졌고요. 그리고 실제로 어 업무도 그쪽에 배정을 받아서 어 의사소통하고 커뮤니케이션해 본 경험을 가지고 있습니다. 그래서 저는 기본적으로 영어와 불어 한국어 이렇게 삼 개 국어를 할 수가 있고요. 지금은 다른 언어를 배우기 위해서 노력을 하고 있습니다. 지금은 이제 중국어를 좀 배우기 위해서 학원에 수강을 하면서 여러 가지로 공부를 하고 있는데요. 언어를 배운다는 건 참 재미있기도 하고 신기한 과정인 것 같습니다. 그리고 나중에 기회가 된다면 이런 제가 배운 언어를 사용해서 해외 영업에 도전해보고 싶다 라는 생각이 들었는데요. 앞으로 기회가 된다면 다양한 방식의 언어를 통해서 소통하고 또 영업할 수 있는 그런 기회가 저에게 주어졌으면 좋겠습니다.","wordCount":158},"emotion":[],"intent":[{"text":"제가 대학교 때 부전공으로  불어를   전공을 했습니다.","expression":"c_private","category":"background"},{"text":"그리고 나중에   기회가 된다면 이런 제가 배운 언어를 사용해서 해외 영업에 도전해보고 싶다   라는 생각이 들었는데요.","expression":"c_imp","category":"personality"}],"summary":{"text":"저는 기본적으로 영어와 불어 한국어 이렇게 삼 개 국어를 할 수 있고, 지금은 다른 언어를 배우기 위해서 노력을 하고 있습니다. 앞으로 기회가 된다면 다양한 방식의 언어를 통해서 소통하고 또 영업할 수 있는 그런 기회가 저는 그에게 주어졌으면 좋겠습니다.","wordCount":38}}},"rawDataInfo":{"question":{"fileFormat":"wav","fileSize":421198,"duration":13160,"samplingBit":16,"channelCount":1,"samplingRate":"16kHz","audioPath":"/Mock/02.SalesMarketing/Female/Experienced/ckmk_q_sm_f_e_135016.wav"},"answer":{"fileFormat":"wav","fileSize":2752718,"duration":86020,"samplingBit":16,"channelCount":1,"samplingRate":"16kHz","audioPath":"/Mock/02.SalesMarketing/Female/Experienced/ckmk_a_sm_f_e_135016.wav"}}}