{"version":"1.0","dataSet":{"info":{"date":"20230116","occupation":"SM","channel":"MOCK","place":"ONLINE","gender":"FEMALE","ageRange":"35-44","experience":"EXPERIENCED"},"question":{"raw":{"text":"네 본인의 생각이 아닌 지원자님의 다른 주변 사람들이 생각하는 지원자님의 단점과 장점이 쫌 있으시다면 함께 말씀을 부탁드립니다","wordCount":17},"emotion":[],"intent":[]},"answer":{"raw":{"text":"음 저의 장점은 저는 주변 사람들 사이에서 어 꽤 많이 인정하는 마당발입니다. 어 한번 인연 맺으면 저는 오래가는 스타일이고요. 그리고 그 인연 자체를 굉장히 소중하게 생각을 하기 때문에 저는 제가 먼저 연락을 해요 주변에. 네 뭐 근황 같은 거 계속 물어보고 막 뭐 주변을 질리게 하는 정도로 하지는 않지만 그냥 소소하게 뭐 안부 정도는 조금 꾸준하게 하려고 하는 편이고요. 그래서 네 저는 주변에 뭐 경조사부터 시작해서 많이 조금 주변에서 저에게 먼저 연락을 하고 또 제가 조금 주도해서 또 그룹을 결성하는 그런 편입니다. 단점이요. 지금 생각나는 단점은 알아주는 비염 환자라서 네 그런 환절기에 아주 극심한 고통을 받고 주변 사람들이 저에게 이 뭐 약을 챙겨주고 뭐 요런 정도랄까요. 네 생각나는 단점이 없 없네요 저는. 네 네","wordCount":114},"emotion":[],"intent":[{"text":"그리고   그 인연 자체를 굉장히 소중하게 생각을 하기 때문에 저는 제가 먼저 연락을   해요 주변에.","expression":"s_intp","category":"attitude"}],"summary":{"text":"저는 주변 사람들 사이에서 꽤 많이 인정하는 마당발입니다. 한번 인연을 맺으면 오래가는 스타일이라 저는 제가 먼저 연락을 합니다. 단점은 알아주는 비염 환자라서 환절기에 아주 극심한 고통을 받고 주변 사람들이 약을 챙겨주는 정도입니다.","wordCount":32}}},"rawDataInfo":{"question":{"fileFormat":"wav","fileSize":448718,"duration":14020,"samplingBit":16,"channelCount":1,"samplingRate":"16kHz","audioPath":"/Mock/02.SalesMarketing/Female/Experienced/ckmk_q_sm_f_e_156579.wav"},"answer":{"fileFormat":"wav","fileSize":2881998,"duration":90060,"samplingBit":16,"channelCount":1,"samplingRate":"16kHz","audioPath":"/Mock/02.SalesMarketing/Female/Experienced/ckmk_a_sm_f_e_156579.wav"}}}