{"version":"1.0","dataSet":{"info":{"date":"20230116","occupation":"SM","channel":"MOCK","place":"ONLINE","gender":"FEMALE","ageRange":"35-44","experience":"EXPERIENCED"},"question":{"raw":{"text":"본인이 창의적으로 어떤 문제를 해결한 경험이 있으십니까 그 경험이 있으시다면 그 과정을 최대한 자세하게 설명해 주시겠어요","wordCount":16},"emotion":[],"intent":[]},"answer":{"raw":{"text":"네 저는 영업을 하는 과정에서 정말 다양한 고객님들을 만나게 되는데요. 고객님의 성향별로 정말 다른 것 같습니다. 하지만 창의적으로 문제를 해결했다기보다 저의 인간적인 면모를 통해서 어 영업을 한 사례가 있습니다. 어 어떤 고객님을 만났는데요. 그 고객님이 굉장히 어 부정적이시기도 했고 또 굉장히 엄격하게 해서 상대방의 말을 수용하지가 않았습니다. 그래서 저는 처음에 일단 제품이나 서비스에 대해서 소개하기 전에 그 고객님과 친분 관계를 먼저 쌓고자 노력을 했습니다. 그래서 그냥 담소를 나누면서 고객님의 입장에서 생각하고 또 고객님이 고민하시는 부분에 대해서 같이 공감을 해 드렸습니다. 그렇게 첫 만남 이후에 고객님께서 어느 정도 저에 대한 신뢰감을 쌓게 됐고요. 어 그리고 만남을 통해서 제가 고객님이 그때 필요하시다는 부분을 그냥 자연스럽게 해결을 해 드렸습니다. 왜냐하면 저에게는 큰 부분이 아니었기 때문에 그 고객님이 필요하신 부분을 제가 어느 정도 도와드렸는데 오히려 그 고객님께서 저에게 그 제품과 서비스를 구해 달라고 말해 달라고 말씀해 주셨습니다. 이렇게 그냥 새로운 방법을 통해서 조금은 다른 방법을 통해서 접근하다 보니까 또 좋은 효과가 났었던 것 같습니다.","wordCount":150},"emotion":[],"intent":[{"text":"그래서 저는   처음에 일단 제품이나 서비스에 대해서 소개하기 전에 그 고객님과 친분 관계를   먼저 쌓고자 노력을 했습니다.","expression":"s_intp","category":"attitude"},{"text":"그래서 그냥 담소를 나누면서 고객님의 입장에서 생각하고   또 고객님이 고민하시는 부분에 대해서 같이 공감을 해 드렸습니다.","expression":"s_intp","category":"attitude"}],"summary":{"text":"저는 영업을 하는 과정에서 다양한 고객님들을 만나게 되는데, 그 고객님이 굉장히 부정적이시기도 했고 엄격하시기도 해서 상대방의 말을 수용하지 않았습니다. 그래서 제품이나 서비스에 대해 소개하기 전에 고객님과 친분 관계를 먼저 쌓고자 노력을 했습니다. 그 결과 어느 정도 신뢰감을 쌓게 됐고, 자연스럽게 해결을 해 드리게 됐습니다. 새로운 방법을 통해서 접근하다보니 좋은 효과가 났던 것 같습니다.","wordCount":53}}},"rawDataInfo":{"question":{"fileFormat":"wav","fileSize":452558,"duration":14140,"samplingBit":16,"channelCount":1,"samplingRate":"16kHz","audioPath":"/Mock/02.SalesMarketing/Female/Experienced/ckmk_q_sm_f_e_134892.wav"},"answer":{"fileFormat":"wav","fileSize":2745678,"duration":85800,"samplingBit":16,"channelCount":1,"samplingRate":"16kHz","audioPath":"/Mock/02.SalesMarketing/Female/Experienced/ckmk_a_sm_f_e_134892.wav"}}}