{"version":"1.0","dataSet":{"info":{"date":"20230116","occupation":"SM","channel":"MOCK","place":"ONLINE","gender":"FEMALE","ageRange":"35-44","experience":"EXPERIENCED"},"question":{"raw":{"text":"여태껏 살면서 후회했던 적이 있으세요 그러면 그 후회했던 일 중에 가장 후회되는 일은 어떤 건가요 딱 하나만 골라서 말씀해 주실 수 있을까요","wordCount":22},"emotion":[],"intent":[]},"answer":{"raw":{"text":"네 저는 지금까지 후회되는 점은 많지는 않은데요. 다만 저에게 조금 아쉬운 측면이 있습니다. 어 제가 영업 마케팅 활동을 하고 있어서 그런지 과거에 다양한 경험을 좀 해보면 좋았을 걸 이라는 생각이 들었습니다. 왜냐하면 실제로 저희 영업과 마케팅 부서에서는 어 여러 가지 트렌드를 파악하고 또 사람들의 성향을 파악하면서 인간관계가 굉장히 중요하다고 생각을 합니다. 그렇기 때문에 제가 여러 가지 활동을 통해서 어 과거부터 좀 인맥을 쌓기를 좀 노력을 했으면 좋았을 것 같다 라는 생각이 들었습니다. 왜냐하면 그 인맥을 좀 더 편안하게 쌓을 수 있는 게 어렸을 때라고 생각을 하는데요. 아무래도 성인이 되면 목적성이 없는 만남은 거의 이루어지지 않는 것 같습니다. 하지만 과거에 대학생 그리고 대학원생 때 였으면 조금 더 편안하게 친분 관계나 인간관계를 쌓을 수 있었을 것이라고 생각이 들고요. 그래서 제가 만약에 과거로 돌아간다면 조금 더 다양한 경험을 쌓고 그리고 인맥 관리를 위해서 좀 집중할 수 있는 그런 시간을 투자했으면 좋았겠다 라는 생각이 들었고요. 저는 지금부터 늦지 않았다고 생각을 하고요. 지금부터라도 또 다양한 사람들을 만나고 인맥을 쌓기 위해서 그렇게 노력을 해 나가고 싶습니다.","wordCount":160},"emotion":[],"intent":[{"text":"","expression":"","category":"attitude"}],"summary":{"text":"저는 지금까지 후회되는 점은 많지는 않습니다. 다만 과거에 다양한 경험을 했다면 좀 좋았을 걸 이라는 생각이 들었습니다. 실제로 저희 영업과 마케팅 부서에서는 인간관계가 굉장히 중요하다고 생각을 하기 때문입니다. 어릴 적부터 다양한 경험을 하고 인맥을 쌓았으면 좋겠습니다. 지금부터라도 그렇게 노력을 해나가고 싶습니다.","wordCount":41}}},"rawDataInfo":{"question":{"fileFormat":"wav","fileSize":596558,"duration":18640,"samplingBit":16,"channelCount":1,"samplingRate":"16kHz","audioPath":"/Mock/02.SalesMarketing/Female/Experienced/ckmk_q_sm_f_e_135021.wav"},"answer":{"fileFormat":"wav","fileSize":2750798,"duration":85960,"samplingBit":16,"channelCount":1,"samplingRate":"16kHz","audioPath":"/Mock/02.SalesMarketing/Female/Experienced/ckmk_a_sm_f_e_135021.wav"}}}