{"version":"1.0","dataSet":{"info":{"date":"20230116","occupation":"SM","channel":"MOCK","place":"ONLINE","gender":"FEMALE","ageRange":"35-44","experience":"EXPERIENCED"},"question":{"raw":{"text":"일을 하다 보면 영어로 서류를 작성해야 하는 일이 생길 수도 있습니다 혹시 영어로 서류를 작성할 수 있는 부분일까요","wordCount":18},"emotion":[],"intent":[]},"answer":{"raw":{"text":"기본적으로 저희 학교에서는 많은 외국인 친구들이 있었기 때문에 그 외국인 친구들과 함께 소통을 하고 해야 했어서만 했기 때문에 기본적인 의사소통은 가능한 편입니다. 그리고 수업에서도 그런 외국인 친구들을 배려하는 차원에서도 그리고 한국인들의 한국 어 학생들을 위해서도 어 많은 영어 어 수업 그 진행을 했었고요 프리젠테이션이나 아니면 프로젝트 그리고 뭐 논문 같은 경우 숙제나 이런 것들도 모두 다 영어로 작성을 했었습니다. 그리고 석사 석사 논문에 있어서도 다 영어로 논문을 했어야 했기 때문에 저는 영어로 서류를 작성하는 데에는 큰 어려움은 없을 것 같습니다.","wordCount":80},"emotion":[],"intent":[{"text":"","expression":"","category":"attitude"}],"summary":{"text":"우리 학교는 많은 외국인 친구들과 함께 소통해야 했기 때문에 기본적인 의사소통은 가능한 편입니다. 수업에서도 외국인 학생들을 배려하고 한국인 학생들을 위해서 많은 영어 수업을 했습니다. 그래서 서류 작성에 큰 어려움은 없을 것 같습니다.","wordCount":32}}},"rawDataInfo":{"question":{"fileFormat":"wav","fileSize":321998,"duration":10060,"samplingBit":16,"channelCount":1,"samplingRate":"16kHz","audioPath":"/Mock/02.SalesMarketing/Female/Experienced/ckmk_q_sm_f_e_170201.wav"},"answer":{"fileFormat":"wav","fileSize":1537038,"duration":48030,"samplingBit":16,"channelCount":1,"samplingRate":"16kHz","audioPath":"/Mock/02.SalesMarketing/Female/Experienced/ckmk_a_sm_f_e_170201.wav"}}}