{"version":"1.0","dataSet":{"info":{"date":"20230116","occupation":"SM","channel":"MOCK","place":"ONLINE","gender":"FEMALE","ageRange":"45-54","experience":"EXPERIENCED"},"question":{"raw":{"text":"혹시 지원자님만의 스트레스 해소 방법이 있으신가요 그 방법이 어떤 것인지 그리고 왜 그 방법으로 스트레스를 해소하시는지도 설명해 주세요","wordCount":18},"emotion":[],"intent":[]},"answer":{"raw":{"text":"아 저만의 스트레스 해소 방법이라고 하면 어 사실 좀 스트레스 그 상황에서 좀 다른 생각을 하기 위해서 좀 복잡한 아 근사한 그런 요리를 좀 하는 것 같습니다. 그 여러 가지 재료를 준비하는 것부터 시작해서 장을 보고 또 그 요리를 하다보면 뭐 복잡한 요리 그까 재료 준비나 이런 것들 뭐 잡채라든지 그까 평소에 어 좀 간단하게 하지 못하는 뭐 예 갈비찜이라던지 뭐 탕평채 이런 것들을 해서 하는 동안에 이미 또 그 복잡한 그 요리다 보니까 스트레스 상황 그 생각 잊어버리게 되고 그까 그 요리를 해서 뭐 혼자던 가족들과 같이 먹으면서 맛있게 해서 먹으면서 또 기분이 좋아지면 어 스트레스 받던 상황을 좀 잊어버리고 시간이 좀 지나면 어 자연적으로 풀리기도 하고 다른 또 긍정적인 생각을 하면서 예 그냥 뭐 잊어버리기도 하고 그래서 그런 방법으로 스트레스를 해소하고 있습니다.","wordCount":124},"emotion":[],"intent":[{"text":"","expression":"","category":"attitude"}],"summary":{"text":"복잡한 요리를 하는 것은 스트레스 상황에서 다른 생각을 하기 위해서 입니다. 재료를 준비하고 장을 보고, 요리를 하다보니 스트레스 상황을 잊게 됩니다. 그 요리를 해서 먹으면서 기분이 좋아지면 스트레스를 해소하고 있습니다.","wordCount":30}}},"rawDataInfo":{"question":{"fileFormat":"wav","fileSize":441038,"duration":13780,"samplingBit":16,"channelCount":1,"samplingRate":"16kHz","audioPath":"/Mock/02.SalesMarketing/Female/Experienced/ckmk_q_sm_f_e_237425.wav"},"answer":{"fileFormat":"wav","fileSize":2634958,"duration":82340,"samplingBit":16,"channelCount":1,"samplingRate":"16kHz","audioPath":"/Mock/02.SalesMarketing/Female/Experienced/ckmk_a_sm_f_e_237425.wav"}}}