{"version":"1.0","dataSet":{"info":{"date":"20230116","occupation":"SM","channel":"MOCK","place":"ONLINE","gender":"FEMALE","ageRange":"-34","experience":"EXPERIENCED"},"question":{"raw":{"text":"귀하께서는 영업을 단 한 달 원 한 단어로 정의한다면 무엇이라고 생각하십니까","wordCount":11},"emotion":[],"intent":[]},"answer":{"raw":{"text":"영업을 한 단어로 정리하자면 달인이라고 생각합니다. 영업 일을 하는 영업인은 회사에 대한 정보나 고객에 대한 정보 또한 고객을 설득하는 능력 그리고 회사와 고객 사이에서 정보를 전달하는 능력 모두 갖추어야 한다고 생각합니다. 모든 면에서 통달하고 달인의 역할을 가져야 하기 때문에 영업을 달인이라고 정의하고 싶습니다. 회사에는 영업이 없으면 안 된다고 생각합니다. 그런 면에서 영업은 가장 책임감을 가지고 있고 가장 막대한 영향력을 가지고 있는 직무라고 생각합니다. 따라서 해당 직무에 종사하는 근무자들 역시 그러한 사명감을 가지고 달인이 되기 위해 꾸준한 학습을 이어가며 다른 전문적인 영업인들의 업무도 학습할 수 있도록 꾸준해야 한다고 생각합니다.","wordCount":88},"emotion":[],"intent":[{"text":"","expression":"","category":"attitude"}],"summary":{"text":"영업은 회사와 고객 사이에서 정보를 전달하는 능력을 갖춰야 하는 업무이므로 해당 직무에 종사하는 근무자들은 이러한 사명감을 가지고 달인이 되기 위해 꾸준한 학습을 이어가며 다른 전문적인 영업인들의 업무도 학습할 수 있도록 꾸준해야 합니다.","wordCount":32}}},"rawDataInfo":{"question":{"fileFormat":"wav","fileSize":276558,"duration":8640,"samplingBit":16,"channelCount":1,"samplingRate":"16kHz","audioPath":"/Mock/02.SalesMarketing/Female/Experienced/ckmk_q_sm_f_e_209502.wav"},"answer":{"fileFormat":"wav","fileSize":2672718,"duration":83520,"samplingBit":16,"channelCount":1,"samplingRate":"16kHz","audioPath":"/Mock/02.SalesMarketing/Female/Experienced/ckmk_a_sm_f_e_209502.wav"}}}