{"version":"1.0","dataSet":{"info":{"date":"20230116","occupation":"SM","channel":"MOCK","place":"ONLINE","gender":"FEMALE","ageRange":"35-44","experience":"EXPERIENCED"},"question":{"raw":{"text":"살면서 다양한 커뮤니케이션을 경험해 봤을 텐데 지원자님께서 그중 가장 어려웠던 경험을 한 가지만 꼽자면 무엇인가요","wordCount":15},"emotion":[],"intent":[]},"answer":{"raw":{"text":"그냥 음 기본이 그냥 없는 사람 네 그냥 애초에 어떤 일반 상식을 벗어난 사람은 진짜 어려운 것 같아요. 진짜 어떻게 이 이런 대화나 어떤 소통을 해야 될지도 모르겠는 왜냐하면 너무 기본이 안 되어 있기 때문에 근데 생각보다 있더라구요 또. 그래서 언제나 마음에 준비를 해야 되는데 그런 사람들을 만날까 봐 아 근데 이제 그거에 어 베이스는 뻔뻔함이거든요. 그래서 기본이 안 되어있는 태도에서 뻔뻔하기까지 하면 사실 어 정말 힘듭니다. 정말 정말 그 이걸 느끼는데 아 또 이제 느끼는 대로 온전히 다 하면 안 되기 때문에 사회생활이니까. 그래서 그 마인드 컨트롤을 하는 게 오래 걸려요. 그게 어렵습니다. 그래서 아주 뻔뻔하고 기본도 안 되어있는 상식 이하에 사람을 만났을 때 나를 다스려야 될 때가 제일 힘듭니다.","wordCount":111},"emotion":[],"intent":[{"text":"","expression":"","category":"attitude"}],"summary":{"text":"기본도 안 된 사람들은 소통할 때 어려움을 느낍니다. 소통의 베이스는 교활함으로 이를 컨트롤하는 것이 오랜시간 걸립니다. 그래서 교활하고 기본도 없는 상식 이하에 사람을 만날 때 나를 다스려야 될 때가 제일 어렵습니다.","wordCount":31}}},"rawDataInfo":{"question":{"fileFormat":"wav","fileSize":380558,"duration":11890,"samplingBit":16,"channelCount":1,"samplingRate":"16kHz","audioPath":"/Mock/02.SalesMarketing/Female/Experienced/ckmk_q_sm_f_e_141977.wav"},"answer":{"fileFormat":"wav","fileSize":2898318,"duration":90570,"samplingBit":16,"channelCount":1,"samplingRate":"16kHz","audioPath":"/Mock/02.SalesMarketing/Female/Experienced/ckmk_a_sm_f_e_141977.wav"}}}