{"version":"1.0","dataSet":{"info":{"date":"20230116","occupation":"SM","channel":"MOCK","place":"ONLINE","gender":"FEMALE","ageRange":"35-44","experience":"EXPERIENCED"},"question":{"raw":{"text":"지원자님께서는 커뮤니케이션을 잘 할 수 있는 본인만의 스킬을 갖고 계신가요 어 있다면 한번 소개해 주시고 저희한테 직접 보여주셔도 좋습니다","wordCount":19},"emotion":[],"intent":[]},"answer":{"raw":{"text":"저는 판매를 오래 해왔기 때문에 어 일단은 칭찬으로 좀 시작합니다. 고객이 어떤 옷을 입느냐에 따라서 마냥 칭찬을 할 수는 없지만 그래도 기본적으로는 좀 호감 있는 멘트로 시작을 하구요. 그래야지 그 사람도 쪼끔 마음이 열린 상태로 이제 쇼핑을 시작할 수 있기 때문에 제 스킬은 아마 그거라고 생각이 듭니다. 뭐 예를 들어서 어 오늘 입으신 룩이랑 이 신발이 진짜 잘 어울리시는 것 같다 근데 혹시 따로 원하는 분위기나 어 혹은 장소 같은 게 있으시냐 이런 것들을 많이 질문을 건네는 편이에요. 그래서 그냥 바로 목적을 물어볼 수도 있지만 바로 그렇게 들어가 버리면은 너무 업무적이라는 느낌이 드니까 쪼끔은 긴장을 풀 수 있는 방법으로 칭찬을 좀 먼저 시작을 합니다.","wordCount":104},"emotion":[],"intent":[{"text":"고객이 어떤 옷을 입느냐에 따라서   마냥 칭찬을 할 수는 없지만 그래도 기본적으로는 좀 호감 있는 멘트로 시작을 하구요.","expression":"s_intp","category":"attitude"},{"text":"뭐 예를 들어서   어  오늘 입으신 룩이랑 이 신발이 진짜 잘 어울리시는 것 같다   근데 혹시 따로 원하는 분위기나 어 혹은 장소 같은 게 있으시냐 이런 것들을 많이 질문을 건네는 편이에요.","expression":"s_intp","category":"attitude"},{"text":"그래서 그냥 바로 목적을 물어볼 수도 있지만 바로   그렇게 들어가 버리면은 너무 업무적이라는 느낌이 드니까 쪼끔은 긴장을 풀 수 있는 방법으로   칭찬을 좀 먼저 시작을 합니다.","expression":"s_intp","category":"attitude"}],"summary":{"text":"저는 판매를 오래 해왔기 때문에 일단 칭찬으로 시작을 합니다. 기본적으로 호감 있는 멘트로 시작을 하고 그래야 그 사람이 마음이 열린 상태로 쇼핑을 시작할 수 있기 때문에 제 스킬은 아마 칭찬이라 생각합니다.","wordCount":31}}},"rawDataInfo":{"question":{"fileFormat":"wav","fileSize":504398,"duration":15760,"samplingBit":16,"channelCount":1,"samplingRate":"16kHz","audioPath":"/Mock/02.SalesMarketing/Female/Experienced/ckmk_q_sm_f_e_149523.wav"},"answer":{"fileFormat":"wav","fileSize":2397518,"duration":74920,"samplingBit":16,"channelCount":1,"samplingRate":"16kHz","audioPath":"/Mock/02.SalesMarketing/Female/Experienced/ckmk_a_sm_f_e_149523.wav"}}}