{"version":"1.0","dataSet":{"info":{"date":"20230116","occupation":"SM","channel":"MOCK","place":"ONLINE","gender":"FEMALE","ageRange":"-34","experience":"EXPERIENCED"},"question":{"raw":{"text":"업무를 하다 보면 영어로 서류를 작성해야 하는 경우가 생길 수도 있는데요 영어로 서류를 작성하실 수 있는지 말씀해 주세요","wordCount":18},"emotion":[],"intent":[]},"answer":{"raw":{"text":"네 저는 기본적으로 영어 뿐만이 아니라 다른 언어도 좀 능숙한 편입니다. 어 제가 기본적으로 중국어와 그리고 불어를 할 수가 있습니다. 그렇기 때문에 저는 회사에 입사해서 제가 해외에 관련한 일을 하게 되면 훨씬 더 능숙하게 잘 해낼 자신이 있고요. 또 제가 언어에 굉장히 능통하기 때문에 이런 일을 맡겨주신다고 하면 제 스스로 업무 영상 역량도 향상될 수 있을 것 같습니다. 어 저는 기본적으로 마케팅 일을 할 때 영어를 사용할 일들이 많았고요. 또 공부를 할 때도 강의라던가 아니면 해외 마케팅 사례를 공부할 때도 영화 관련된 그런 작업들을 할 때가 많았습니다. 그리고 제가 전 회사에서 있을 때는 이 영어로 소통하는 그 외국인들과 그 커뮤니케이션을 굉장히 많이 했고요. 공동 프로젝트를 진행한 경험도 있기 때문에 앞으로 영어 회화 업무를 맡겨 주신다고 하더라도 저는 잘 해낼 수 있는 자신이 있습니다. 그 뿐만이 아니라 제가 부전공으로 중국어도 배웠고요. 어 불어는 지금 서툴긴 하지만 그래도 공부를 열심히 하고 있는 상황입니다. 앞으로는 마케팅이 굉장히 글로벌하고 또 우리 회사도 해외에 진출할 수 있기 때문에 이런 역량을 가지는 게 굉장히 중요할 것 같고요. 저는 앞으로 이런 역량을 바탕으로 글로벌 인재로 성장을 하고 싶습니다.","wordCount":171},"emotion":[],"intent":[{"text":"","expression":"","category":"attitude"}],"summary":{"text":"저는 기본적으로 영어와 다른 언어도 능숙한 편입니다. 그래서 해외 관련한 일을 맡겨주신다 하면 업무 영상 역량도 향상될 것 같습니다. 앞으로 마케팅이 글로벌하고 또 우리 회사도 해외에 진출할 수 있기 때문에 이런 역량을 가지는 게 굉장히 중요하다고 생각합니다. 저는 앞으로 이런 역량을 바탕으로 글로벌 인재로 성장을 하고 싶습니다.","wordCount":47}}},"rawDataInfo":{"question":{"fileFormat":"wav","fileSize":323278,"duration":10100,"samplingBit":16,"channelCount":1,"samplingRate":"16kHz","audioPath":"/Mock/02.SalesMarketing/Female/Experienced/ckmk_q_sm_f_e_118544.wav"},"answer":{"fileFormat":"wav","fileSize":2867278,"duration":89600,"samplingBit":16,"channelCount":1,"samplingRate":"16kHz","audioPath":"/Mock/02.SalesMarketing/Female/Experienced/ckmk_a_sm_f_e_118544.wav"}}}