{"version":"1.0","dataSet":{"info":{"date":"20230116","occupation":"SM","channel":"MOCK","place":"ONLINE","gender":"FEMALE","ageRange":"35-44","experience":"EXPERIENCED"},"question":{"raw":{"text":"지원자님께서는 글로벌 인재에게 필수인 요소는 무엇이라고 생각하시나요 또한 그것을 위해 그동안 노력해 왔던 것들은 어떤 것이었나요","wordCount":16},"emotion":[],"intent":[]},"answer":{"raw":{"text":"네 영업 마케팅 분야에서도 글로벌 인재를 요구하고 있습니다. 왜냐하면 저희의 고객의 대상이 국내 뿐만이 아니라 글로벌하게 펼쳐져 나가고 있기 때문입니다. 제가 알고 있기로는 저희 회사에서도 시장 진출을 염두에 두고 있는 것으로 알고 있습니다. 아무래도 다양한 나라의 시장을 진출하게 되면 그만큼 외국인들과 커뮤니케이션을 하고 또 그에 맞는 영업 전략이 필요할 텐데요. 아무래도 글로벌 인재에게는 언어 소통 능력은 기본적으로 있어야 할 것 같구요. 그리고 각 나라의 사람들을 대하고 또 문화의 다양성을 인정해 줄 수 있는 그런 유연함도 필요할 것 같습니다. 그 뿐만이 아니라 이 언어의 설득 과정에서는 사람 사이의 관계를 좀 유연한 대응 방식으로 바라보고 잘 풀어낼 수 있는 요소가 가장 필수적이라고 생각을 하는데요. 어 기본적으로 저는 사람을 대하기를 좋아하고 또 상대방을 존중해가면서 그 어느 나라의 다양한 가치관을 받아들일 수 있기 때문에 앞으로 글로벌 인재로 성장해보고 싶다 라는 생각이 들었구요. 그리고 저도 영어 뿐만이 아니라 다양한 나라의 원화를 구사할 수 있기 때문에 앞으로 만약에 시장 진출의 기회가 주어진다고 하면 저도 해외 영업팀에서 한번 열심히 일해보고 싶다라는 생각이 들었습니다.","wordCount":156},"emotion":[],"intent":[{"text":"","expression":"","category":"attitude"}],"summary":{"text":"영업 마케팅 분야에서도 글로벌 인재를 요구합니다. 고객의 대상이 글로벌하게 펼쳐지고 있기 때문입니다. 글로벌 인재에게는 언어 소통 능력은 기본으로 있어야 하고 문화의 다양성을 인정해 줄 수 있는 유연함도 필요합니다. 언어의 설득 과정에서는 사람 사이의 관계를 유연한 대응 방식으로 바라보고 잘 풀어낼 수 있는 요소가 가장 필수적입니다.","wordCount":45}}},"rawDataInfo":{"question":{"fileFormat":"wav","fileSize":471758,"duration":14740,"samplingBit":16,"channelCount":1,"samplingRate":"16kHz","audioPath":"/Mock/02.SalesMarketing/Female/Experienced/ckmk_q_sm_f_e_134886.wav"},"answer":{"fileFormat":"wav","fileSize":2752718,"duration":86020,"samplingBit":16,"channelCount":1,"samplingRate":"16kHz","audioPath":"/Mock/02.SalesMarketing/Female/Experienced/ckmk_a_sm_f_e_134886.wav"}}}