{"version":"1.0","dataSet":{"info":{"date":"20230116","occupation":"SM","channel":"MOCK","place":"ONLINE","gender":"FEMALE","ageRange":"-34","experience":"EXPERIENCED"},"question":{"raw":{"text":"회사마다 사내 덕목이라는 게 있는데 본인은 어떤 회사가 좋은 회사라고 생각하시는지 말씀해 주시면 되겠습니다","wordCount":14},"emotion":[],"intent":[]},"answer":{"raw":{"text":"저는 요즘에 좋은 회사는 같이 성장할 수 있는 회사가 좋다고 생각을 합니다. 예를 들어서 소비자와 고객 그리고 어 직원들과 함께 성장하고 미래를 바라볼 수 있는 회사여야 한다고 생각을 합니다. 지금 당장 어떤 이익을 주거나 아니면 뭐 연봉을 높게 발리 받는 것도 의미가 있겠지만 그것보다는 함께 좀 롱런하면서 장기적인 미래를 바라볼 수 있어야 한다고 생각을 합니다. 그러려면 회사에서도 각각의 직원들에게 그에 맞는 능력을 개발할 수 있도록 기회를 주어야 될 것 같고요. 그리고 그 기회를 줌으로 인해서 그 사람이 성장할 수 있게끔 그것들을 좀 지켜보고 이끌어 내주는 게 중요하다고 생각합니다. 그중에서 바로 하나가 동기부여라는 측면인데요. 회사에서는 기본적으로 직원들에게 월급을 주고 일을 시키는 존재 그 대상으로만 보는 게 아니고 앞으로 이 사람이 우리 회사에 충성도 있게 기여할 부분에 대해서도 같이 포괄적인 개념으로 인지를 하면서 성장시킬 수 있는 회사가 좋은 회사 라고 생각을 하고요. 앞으로 회사가 더욱더 성장하고 크기 위해서는 이런 덕목이 반드시 필요하다고 생각을 합니다.","wordCount":142},"emotion":[],"intent":[{"text":"","expression":"","category":"attitude"}],"summary":{"text":"좋은 회사는 같이 성장할 수 있는 회사여야 한다고 생각합니다. 이익을 주거나 연봉을 높게 받는 것보다는 함께 롱런하면서 장기적인 미래를 바라볼 수 있어야 합니다. 그럴려면 직원들에게 그에 맞는 능력을 개발할 수 있는 기회를 주어야 될 것 같습니다. 그 기회를 줌으로 인해서 그 사람이 성장할 수 있도록 이끌어주는 게 중요하다고 생각합니다.","wordCount":49}}},"rawDataInfo":{"question":{"fileFormat":"wav","fileSize":375118,"duration":11720,"samplingBit":16,"channelCount":1,"samplingRate":"16kHz","audioPath":"/Mock/02.SalesMarketing/Female/Experienced/ckmk_q_sm_f_e_174726.wav"},"answer":{"fileFormat":"wav","fileSize":2872398,"duration":89760,"samplingBit":16,"channelCount":1,"samplingRate":"16kHz","audioPath":"/Mock/02.SalesMarketing/Female/Experienced/ckmk_a_sm_f_e_174726.wav"}}}