{"version":"1.0","dataSet":{"info":{"date":"20230116","occupation":"SM","channel":"MOCK","place":"ONLINE","gender":"FEMALE","ageRange":"35-44","experience":"EXPERIENCED"},"question":{"raw":{"text":"어 열심히 하지만 본인이 원하는 만큼 따라오지 못하는 그러한 도태되는 팀 동료가 있을 수 있는데요 어 지원자님께서는 그럴 때 어떻게 대처하시나요","wordCount":21},"emotion":[],"intent":[]},"answer":{"raw":{"text":"모든 사람들이 모든 똑같은 일들을 다 잘 해낼 수는 없다 라고 생각합니다. 모두 각자 가지고 있는 장점이 다르고 특성이 다르고 특징이 다르니까 모든 것을 다 똑같이 어 저마만큼 아니면 누군가만큼 저 또한 잘 해낼 수 있을리라는 생각은 잘 하지 않습니다. 하지만 모든 사람들이 다 장점을 가지고 있다 라고 생각합니다. 그 장점에 맞는 일을 찾아서 하는 것이 가장 모든 것이 효율적이고 팀을 위한 일이라고 생각합니다. 그래서 만약에 열심히 하지만 본인의 성과가 일어나지 않는 사람이 있다면 그 사람의 장점이 무엇인지를 찾아주고 그 장점에 맞는 일은 어떤 것인지 그런 것들을 먼저 탐색하는 것이 가장 제일 먼저 해야 되는 우선순위 라고 생각합니다.","wordCount":98},"emotion":[],"intent":[{"text":"그 장점에 맞는 일을 찾아서 하는 것이 가장 모든 것이 효율적이고 팀을 위한 일이라고 생각합니다.","expression":"c_value","category":"background"}],"summary":{"text":"모든 사람들이 다 장점을 가지고 있지만 그 장점에 맞는 일을 찾는 것이 가장 효율적이고 팀을 위한 일이라고 생각합니다. 열심히 하지만 성과가 일어나지 않는 사람이 있다면 그 사람의 장점을 찾아주고 그에 맞는 일은 어떤 것인지 탐색해야 합니다.","wordCount":36}}},"rawDataInfo":{"question":{"fileFormat":"wav","fileSize":485518,"duration":15170,"samplingBit":16,"channelCount":1,"samplingRate":"16kHz","audioPath":"/Mock/02.SalesMarketing/Female/Experienced/ckmk_q_sm_f_e_226861.wav"},"answer":{"fileFormat":"wav","fileSize":1940558,"duration":60640,"samplingBit":16,"channelCount":1,"samplingRate":"16kHz","audioPath":"/Mock/02.SalesMarketing/Female/Experienced/ckmk_a_sm_f_e_226861.wav"}}}