{"version":"1.0","dataSet":{"info":{"date":"20230116","occupation":"SM","channel":"MOCK","place":"ONLINE","gender":"FEMALE","ageRange":"55-","experience":"EXPERIENCED"},"question":{"raw":{"text":"살면서 가장 힘들었던 점과 그 점을 극복하기 위해 어떻게 노력해 왔는지 말씀해 주세요","wordCount":13},"emotion":[],"intent":[]},"answer":{"raw":{"text":"가장 힘들었던 부분 중의 하나는 굉장히 어렸을 때는 제가 내성적인 성격이어서 전학을 다녔을 때가 좀 힘들었던 경험 같습니다. 그 당시에 굉장히 많은 전학을 다니면서 육 개월 마다 한 번씩 전학을 다니다 보니 친구를 사귀는 게 쉽지는 않았었습니다. 그렇지만 낯선 환경일수록 내가 적응하기 위해서는 내가 먼저 타인에게 다가가야 한다는 점을 배우는 계기였고 이를 통해서 저는 내가 먼저 타인에게 다가가서 친화력을 발휘하는 그런 부분의 중요성에 대해서 깨달았습니다. 그래서 낯선 환경에서도 잘 적응할 수 있다 라고 말씀드리고 싶습니다.","wordCount":75},"emotion":[],"intent":[{"text":"가장 힘들었던 부분 중의 하나는 굉장히 어렸을 때는 제가 내성적인 성격이어서 전학을 다녔을 때가 좀 힘들었던 경험 같습니다.","expression":"c_person","category":"background"},{"text":"그렇지만 낯선 환경일수록 내가 적응하기 위해서는 내가 먼저 타인에게 다가가야 한다는 점을 배우는 계기였고 이를 통해서 저는 내가 먼저 타인에게 다가가서 친화력을 발휘하는 그런 부분의 중요성에 대해서 깨달았습니다.","expression":"c_adp","category":"personality"}],"summary":{"text":"어릴적 내성적인 성격때문에 많은 전학을 다니면서 친구를 사귀는 게 쉽지는 않았지만 낯선 환경일수록 제가 먼저 타인에게 다가가서 친화력을 발휘하는 부분의 중요성에 대해 깨달았습니다.","wordCount":23}}},"rawDataInfo":{"question":{"fileFormat":"wav","fileSize":264078,"duration":8250,"samplingBit":16,"channelCount":1,"samplingRate":"16kHz","audioPath":"/Mock/02.SalesMarketing/Female/Experienced/ckmk_q_sm_f_e_243702.wav"},"answer":{"fileFormat":"wav","fileSize":2584078,"duration":80750,"samplingBit":16,"channelCount":1,"samplingRate":"16kHz","audioPath":"/Mock/02.SalesMarketing/Female/Experienced/ckmk_a_sm_f_e_243702.wav"}}}