{"version":"1.0","dataSet":{"info":{"date":"20230116","occupation":"SM","channel":"MOCK","place":"ONLINE","gender":"FEMALE","ageRange":"-34","experience":"EXPERIENCED"},"question":{"raw":{"text":"본인의 장점과 단점을 설명해 주세요 또한 그것을 특화시키고 극복하기 위해서 기울여 오셨던 노력에 대해서도 함께 말씀해 주세요","wordCount":17},"emotion":[],"intent":[]},"answer":{"raw":{"text":"제 장점은 모든 방면에 있어 열정적이라는 점입니다. 저는 해외 영업의 꿈을 가지고 대학생 때부터 영어 학습을 보다 심도 있게 하기 위해 노력해왔습니다. 또한 저는 해외 영업에 대한 전문 지식을 쌓기 위해 온라인 강의를 수강하며 온라인 쇼핑몰의 운영법에 대해서도 공부하였습니다. 이는 향후 해외 영업을 수행할 당시에 온라인 수출이라는 과업을 성실히 잘 수행해 낼 수 있을 것이라고 생각합니다. 또한 저는 이렇게 배운 언어나 관련 지식들을 꾸준히 체화시키고 있어 업무 활용에 있어서도 더욱 효율적으로 수행해 낼 수 있습니다. 하지만 저의 단점은 이렇게 목표가 없으면 다소 나태해지기 쉽다는 점입니다. 저는 저의 장 단점을 잘 알고 있기 때문에 항상 작은 목표라도 세워두어 나태해지지 않기 위해 노력하고 있습니다.","wordCount":102},"emotion":[],"intent":[{"text":"","expression":"","category":"attitude"}],"summary":{"text":"저는 모든 방면에 열정적인 장점이 있어서 해외 영업의 꿈을 가지고 대학생 때부터 영어 학습에 심도있게 노력해왔고 온라인 강의와 쇼핑몰 운영법에 대해서도 공부하였습니다. 이렇게 배운 언어나 관련 지식들을 체화시켜 업무 활용에 있어서도 더욱 효율적으로 수행할 수 있습니다.","wordCount":36}}},"rawDataInfo":{"question":{"fileFormat":"wav","fileSize":609998,"duration":19060,"samplingBit":16,"channelCount":1,"samplingRate":"16kHz","audioPath":"/Mock/02.SalesMarketing/Female/Experienced/ckmk_q_sm_f_e_209335.wav"},"answer":{"fileFormat":"wav","fileSize":2670798,"duration":83460,"samplingBit":16,"channelCount":1,"samplingRate":"16kHz","audioPath":"/Mock/02.SalesMarketing/Female/Experienced/ckmk_a_sm_f_e_209335.wav"}}}