{"version":"1.0","dataSet":{"info":{"date":"20230116","occupation":"SM","channel":"MOCK","place":"ONLINE","gender":"FEMALE","ageRange":"35-44","experience":"EXPERIENCED"},"question":{"raw":{"text":"본인은 교번 근무에 잘 적응할 수 있다고 생각을 하시나요 그렇다면 그 이유와 함께 말씀해 주시기 바랍니다","wordCount":16},"emotion":[],"intent":[]},"answer":{"raw":{"text":"교번 근무라고 하는 것은 다른 사람과 협의 하에 그 스케줄에 정해진 스케줄에 따라서 근무를 하는 거잖아요. 그래서 많은 사람들이 이 교번 근무에 대해서 어려움을 가지고 있는 것 같은데 저는 일단 아이들도 어느 정도 컸고 그리고 부모님도 저희 아이들을 함께 양육해 주시는 데 도움을 주시고 있기 때문에 저는 교번 근무에 잘 적응을 할 수 있다 라고 생각합니다. 그리고 예전에도 어 밤 근무를 많이 해야 되는 직업군에 있었기 때문에 낮이나 밤이나 상관없이 일을 할 수 있다 라고 생각합니다. 그리고 그만한 체력도 갖춰 주고 있고 일에 대한 성실성이나 열정도 함께 가지고 있 있기 때문에 저는 전혀 문제 없다고 생각합니다.","wordCount":96},"emotion":[],"intent":[{"text":"","expression":"","category":"attitude"}],"summary":{"text":"다른 사람과 협의 하에 정해진 스케줄에 따라 근무를 하는 교번 근무는 어려움이 있지만, 아이들도 어느정도 컸고 부모님도 함께 양육해 주셔서 잘 적응할 수 있습니다. 그만한 체력과 성실성, 열정도 가지고 있기 때문에 전혀 문제 없습니다.","wordCount":34}}},"rawDataInfo":{"question":{"fileFormat":"wav","fileSize":353998,"duration":11060,"samplingBit":16,"channelCount":1,"samplingRate":"16kHz","audioPath":"/Mock/02.SalesMarketing/Female/Experienced/ckmk_q_sm_f_e_226855.wav"},"answer":{"fileFormat":"wav","fileSize":1523598,"duration":47610,"samplingBit":16,"channelCount":1,"samplingRate":"16kHz","audioPath":"/Mock/02.SalesMarketing/Female/Experienced/ckmk_a_sm_f_e_226855.wav"}}}