{"version":"1.0","dataSet":{"info":{"date":"20230116","occupation":"SM","channel":"MOCK","place":"ONLINE","gender":"FEMALE","ageRange":"45-54","experience":"EXPERIENCED"},"question":{"raw":{"text":"지원자님만의 스트레스 해소법이 있는지 있다면 왜 그런 방법으로 스트레스를 해소하시는지 궁금합니다","wordCount":11},"emotion":[],"intent":[]},"answer":{"raw":{"text":"어 저만의 스트레스 해소법이라면 좀 철이 없을 때는 뭐 술도 먹고 이제 그러면서 해소를 한다 어 유흥을 즐기면서 그랬었던 것 같은데요. 요즘은 이제 어 스트레스를 받는 그 사안에서 좀 멀찌기 떨어지기 위해서 그 생각에서 나오기 위해서 좀 다른 취미 활동 같은 것을 좀 하는 것 같습니다. 뭐 등산을 한다거나 뭐 제가 옷 만들기 이런 걸 좋아하는데 옷을 만들어 본다거나 그래서 어 그 생각에도 좀 벗어나서 고 시간이 지나면 또 어 내가 스트레스 받았던 그 일이 아무 것도 아닌 것처럼 느껴지기도 하고 좀 결론을 다시 한 번 어 낼 수 있는 그런 시간이 오는 것 같더라구요. 그래서 잠시 다른 것에 집중하는 그런 시간을 가지면서 스트레스를 해소하는 것 같습니다.","wordCount":107},"emotion":[],"intent":[{"text":"","expression":"","category":"attitude"}],"summary":{"text":"스트레스 해소법으로는 철이 없을 때는 술, 유흥을 즐기면서 했었던 것 같은데, 요즘은 스트레스를 받는 사안에서 멀찌기 떨어지기 위해서 다른 취미 활동을 하는 것 같습니다. 그 생각에도 벗어나서 다른 것에 집중하는 시간을 가지면서 스트레스를 해소합니다.","wordCount":34}}},"rawDataInfo":{"question":{"fileFormat":"wav","fileSize":312718,"duration":9770,"samplingBit":16,"channelCount":1,"samplingRate":"16kHz","audioPath":"/Mock/02.SalesMarketing/Female/Experienced/ckmk_q_sm_f_e_180972.wav"},"answer":{"fileFormat":"wav","fileSize":2060878,"duration":64400,"samplingBit":16,"channelCount":1,"samplingRate":"16kHz","audioPath":"/Mock/02.SalesMarketing/Female/Experienced/ckmk_a_sm_f_e_180972.wav"}}}