{"version":"1.0","dataSet":{"info":{"date":"20230116","occupation":"SM","channel":"MOCK","place":"ONLINE","gender":"FEMALE","ageRange":"-34","experience":"EXPERIENCED"},"question":{"raw":{"text":"네이버와 다음 구글의 검색을 비교해 보시고 각각 검색 엔진들의 차이점과 장단점을 설명해 주시기 바랍니다","wordCount":14},"emotion":[],"intent":[]},"answer":{"raw":{"text":"네이버에 종합 포털에 가깝습니다. 네이버에 검색을 할 경우에는 블로그나 카페 등 다양한 섹션이 나누어져 있기 때문에 두 개에서 네 개 정도의 글들을 이제 노출하게 되는데요. 네이버 경우에는 키워드를 설정하고 어 입찰가를 올리면 바로 등록이 되기 때문에 판매자님들에게 있어서는 입점을 하기 쉬운 장점이 있습니다. 반면에 네이버에서 운영하는 플랫폼을 중심으로 노출되는 장점이 있구요. 구글 같은 경우에는 네이버와는 달리 명확하게 섹션이 나누어져 있지 않기 때문에 어 최대 네 개의 검색 하는 거가 위치해 있고 나머지는 이제 사람들에게 유용한 정보를 전달하기 위한 검색 엔진의 성격이 강하다고 생각합니다. 구글 같은 경우에는 어 사용자에게 양질의 콘텐츠를 제공한다는 인식 때문에 광고에 대한 거부감이 적으면 어 최대 소랑으로만 재현이 되어 있기 때문에 때문에 사용자들에게 있어서는 어 높은 클릭률을 보일 수가 있는데요. 어 다만 안 좋은 단점이 있다면 구글 같은 경우에는 웹 사이트의 바이러스 유무라든가 사이트 품질에 따라 광고를 설정하더라도 노출이 안 될 수 있다고 생각합니다.","wordCount":137},"emotion":[],"intent":[{"text":"","expression":"","category":"attitude"}],"summary":{"text":"네이버의 경우 판매자님들에게 있어서 입점을 하기 쉬운 장점이 있는 반면 네이버에서 운영하는 플랫폼을 중심으로 노출되는 단점이 있습니다. 구글 같은 경우에는 명확하게 섹션이 나누어져 있지 않기 때문에 최대 네 개의 검색 하는 거가 위치해 있고 나머지는 사람들에게 유용한 정보를 전달하기 위한 검색 엔진의 성격이 강합니다.","wordCount":44}}},"rawDataInfo":{"question":{"fileFormat":"wav","fileSize":431438,"duration":13480,"samplingBit":16,"channelCount":1,"samplingRate":"16kHz","audioPath":"/Mock/02.SalesMarketing/Female/Experienced/ckmk_q_sm_f_e_239668.wav"},"answer":{"fileFormat":"wav","fileSize":2681038,"duration":83780,"samplingBit":16,"channelCount":1,"samplingRate":"16kHz","audioPath":"/Mock/02.SalesMarketing/Female/Experienced/ckmk_a_sm_f_e_239668.wav"}}}