{"version":"1.0","dataSet":{"info":{"date":"20230116","occupation":"SM","channel":"MOCK","place":"ONLINE","gender":"FEMALE","ageRange":"35-44","experience":"EXPERIENCED"},"question":{"raw":{"text":"마케터로서 본인이 가진 가장 뛰어난 역량이 무엇인가요","wordCount":7},"emotion":[],"intent":[]},"answer":{"raw":{"text":"저는 우선 음 사람을 무서워하지 않아요. 네 보통 이제 일 할 때는 특히 판매직을 할 때 아 고되니까 일이 워낙 힘드니까 이렇게 대응하는 게 힘들고 지치고 이러니까 많이들 사람을 좋아하지 않게 되고 이런 여러 가지 부작용들이 또 생기는데 저는 아니에요. 저는 사람이 너무 좋구요. 그리고 말도 좀 많은 편이라 제품에 대해서 설명하는 것도 좋아하고 이게 설명을 하고 그 상대가 손님마다 와서 이 손님한테 이거를 어 갖다 대면서 뭔가 이렇게 어울리게끔 이거를 얘기를 할 하는 만큼 이 제품이 더 잘 공부가 돼요. 그 순간 순간 이 제품에 대해서 얻어가는 것들이 확 생겨서 저는 뭐 막 물론 저도 사람이니까 목은 아프지만 저는 손님 오는 거 좋아해요. 그래서 어 정말 이거는 제가 스스로 생각을 해도 정말 아 뛰어난 어떤 능력이 아닌가 스스로 생각하고 스스로 인정하는 부분입니다.","wordCount":123},"emotion":[],"intent":[{"text":"","expression":"","category":"attitude"}],"summary":{"text":"판매직을 할 때 고된 업무로 사람들이 기피하지만 저는 사람이 너무 좋고 말도 많아 제품 설명을 많이 하므로 이 제품이 더 잘 공부가 되고 제가 손님 오는 걸 좋아합니다. 이것은 제가 스스로 생각하는 뛰어난 능력이라 스스로 생각하고 인정하는 부분입니다.","wordCount":38}}},"rawDataInfo":{"question":{"fileFormat":"wav","fileSize":242638,"duration":7580,"samplingBit":16,"channelCount":1,"samplingRate":"16kHz","audioPath":"/Mock/02.SalesMarketing/Female/Experienced/ckmk_q_sm_f_e_178330.wav"},"answer":{"fileFormat":"wav","fileSize":2903438,"duration":90730,"samplingBit":16,"channelCount":1,"samplingRate":"16kHz","audioPath":"/Mock/02.SalesMarketing/Female/Experienced/ckmk_a_sm_f_e_178330.wav"}}}