{"version":"1.0","dataSet":{"info":{"date":"20230116","occupation":"SM","channel":"MOCK","place":"ONLINE","gender":"FEMALE","ageRange":"-34","experience":"EXPERIENCED"},"question":{"raw":{"text":"본인은 이전 직장에서 퇴사한 후 퇴사한 것을 후회하신 적 있으시나요 있으시다면 어떤 것인지 함께 말씀 부탁드립니다","wordCount":16},"emotion":[],"intent":[]},"answer":{"raw":{"text":"네 저는 전 회사에 퇴사한 것을 전혀 후회하지 않습니다. 왜냐하면 오랫동안 심사숙고에서 결정해 왔고요. 그리고 저의 결정을 믿기 때문입니다. 그리고 퇴사를 할 때 회사가 싫거나 아니면 문제가 있어서 퇴사한 게 아닙니다. 저는 새로운 분야에 더 도전을 해보고 싶고 제 발전 가능성을 더 높이기 위해서 퇴사를 했기 때문입니다. 기본적으로 저는 전 회사도 굉장히 만족을 하면서 다녔고요. 저에게 많은 배움의 기회를 준 좋은 회사라고 생각이 듭니다. 다만 제가 앞으로 더 성장하기 위해서는 어 이직을 해야 한다고 생각을 했는데요. 그래서 제가 이렇게 입사를 지원하게 됐습니다. 저는 앞으로 성장할 수 있는 사람이 되고 싶고요. 어 저에게 업무를 맡겨주신다고 하면 최선의 열정을 다해서 이 업무를 맡아서 진행할 수 있도록 하겠습니다. 그래서 저는 앞으로의 저의 미래가 더 발전적이고 어 풍부해졌으면 좋겠슨 마음에서 퇴사한 것을 후회하지 않고 있습니다.","wordCount":121},"emotion":[],"intent":[{"text":"","expression":"","category":"attitude"}],"summary":{"text":"심사숙고해서 결정한 회사의 결정을 믿으며 새로운 분야에 도전하고 발전 가능성을 높이기 위해 퇴사한 저는 회사도 만족했고 배움의 기회를 준 좋은 회사라고 생각합니다. 앞으로 성장할 수 있는 사람이 되고 싶으며 앞으로 저의 미래가 더 발전적이고 풍부해졌으면 좋겠습니다.","wordCount":36}}},"rawDataInfo":{"question":{"fileFormat":"wav","fileSize":392398,"duration":12260,"samplingBit":16,"channelCount":1,"samplingRate":"16kHz","audioPath":"/Mock/02.SalesMarketing/Female/Experienced/ckmk_q_sm_f_e_107592.wav"},"answer":{"fileFormat":"wav","fileSize":2324558,"duration":72640,"samplingBit":16,"channelCount":1,"samplingRate":"16kHz","audioPath":"/Mock/02.SalesMarketing/Female/Experienced/ckmk_a_sm_f_e_107592.wav"}}}