{"version":"1.0","dataSet":{"info":{"date":"20230116","occupation":"SM","channel":"MOCK","place":"ONLINE","gender":"FEMALE","ageRange":"45-54","experience":"EXPERIENCED"},"question":{"raw":{"text":"일반적으로 보험 영업이라고 하면 조금 안 좋게 보는 시선들이 있잖아요 이 부분에 대해서 지원자는 어떤 의견을 가지고 계신가요","wordCount":18},"emotion":[],"intent":[]},"answer":{"raw":{"text":"네 우리나라에서는 보험 영업에 대해서 굉장히 부정적인 시선을 가지고 있는 것 같습니다. 이런 보험 영업에 대한 안 좋은 인식이 생긴 건 바로 보험 아줌마 때문이라고 생각을 하는데요. 보험업에 정소와 종사한 사람들이 그 문화를 잘못 만들어 놨다고 생각을 합니다. 어 강압적으로 권유를 하거나 아니면 지인을 통해서 어 무작위적으로 보험에 가입시켜서 어 이런 문제들이 발생했다고 생각을 하는데요. 저는 보험 자체가 불필요하다고 생각하지는 않습니다. 보험은 우리가 이제 미래에 대비해서 질병에 대비하고 또 그때 자금이 없을 경우를 대비해서 마련하는 어떤 안전장치라고 생각을 하는데요. 하지만 그거는 만일에 미래 상황이기 때문에 어 그것들을 쪼금 더 체계적으로 접근할 필요가 있을 것 같습니다. 하지만 예전에는 과거에 보험 영업이 어 그냥 무분별하게 이어졌고 또 아는 지인을 통해서 강매가 진행이 되다 보니까 아마 소비자들에게 인식이 좋아지지 않는 것 같습니다. 어 그래서 우리나라에서는 지금 또 개별 면대면 보험보다는 어 그리고 이제 인터넷이나 비대면 판매가 늘어나고 있는데요. 그만큼 인간 관계에 대한 영업이기 때문에 이런 부정적인 시선이 늘어났다고 생각을 합니다.","wordCount":147},"emotion":[],"intent":[{"text":"","expression":"","category":"attitude"}],"summary":{"text":"보험업 종사자들이 강압적인 권유나 지인을 통한 보험 가입 등 보험 영업에 부정적인 시각을 가지고 있습니다. 과거에 보험 영업은 무분별하게 이어졌고 지인을 통해서 강매가 진행되다 보니 소비자들의 인식이 좋아지지 않았습니다. 지금은 인터넷이나 비대면 판매가 늘어나고 있지만 그만큼 인간 관계에 대한 영업이기 때문에 부정적인 시선이 늘어났다고 생각합니다.","wordCount":45}}},"rawDataInfo":{"question":{"fileFormat":"wav","fileSize":484558,"duration":15140,"samplingBit":16,"channelCount":1,"samplingRate":"16kHz","audioPath":"/Mock/02.SalesMarketing/Female/Experienced/ckmk_q_sm_f_e_114856.wav"},"answer":{"fileFormat":"wav","fileSize":2752718,"duration":86020,"samplingBit":16,"channelCount":1,"samplingRate":"16kHz","audioPath":"/Mock/02.SalesMarketing/Female/Experienced/ckmk_a_sm_f_e_114856.wav"}}}