{"version":"1.0","dataSet":{"info":{"date":"20230116","occupation":"SM","channel":"MOCK","place":"ONLINE","gender":"FEMALE","ageRange":"45-54","experience":"EXPERIENCED"},"question":{"raw":{"text":"지원자님이 생각을 했을 때요 본인의 노년은 어떤 모습이었으면 좋겠나요 본인이 생각했을 때 이상적인 노년의 자신의 모습 말씀해 주시기 바랍니다","wordCount":19},"emotion":[],"intent":[]},"answer":{"raw":{"text":"지금 제가 생각하며 준비하고 있는 노년의 모습은 여유 있는 삶을 사는 노년입니다. 가장 이상적인 것이 여행도 다니고 이제 경제적인 부분에서 어 걱정하지 않고 좀 즐기면서 취미생활도 하고 그런 모습에 노년이 가장 이상적이지 않을까 생각이 됩니다. 그럴려면 지금부터 또는 앞서서도 저는 준비를 하고 있는데요. 그러한 삶이 제게 꼭 왔으면 좋겠습니다.","wordCount":49},"emotion":[],"intent":[{"text":"","expression":"","category":"attitude"}],"summary":{"text":"여유 있는 삶을 사는 노년이 가장 이상적일 것 같습니다. 여행을 다니고 취미생활도 하는 그런 삶을 꿈꿉니다. 그런 삶이 꼭 왔으면 좋겠습니다.","wordCount":21}}},"rawDataInfo":{"question":{"fileFormat":"wav","fileSize":547278,"duration":17100,"samplingBit":16,"channelCount":1,"samplingRate":"16kHz","audioPath":"/Mock/02.SalesMarketing/Female/Experienced/ckmk_q_sm_f_e_173898.wav"},"answer":{"fileFormat":"wav","fileSize":1030798,"duration":32210,"samplingBit":16,"channelCount":1,"samplingRate":"16kHz","audioPath":"/Mock/02.SalesMarketing/Female/Experienced/ckmk_a_sm_f_e_173898.wav"}}}