{"version":"1.0","dataSet":{"info":{"date":"20230116","occupation":"SM","channel":"MOCK","place":"ONLINE","gender":"FEMALE","ageRange":"35-44","experience":"EXPERIENCED"},"question":{"raw":{"text":"아무래도 여러 사람들과 함께 일을 하다 보면 구성원들과 갈등이 생길 수도 있습니다 본인은 이럴 때 어떤 방법으로 해결하나요","wordCount":18},"emotion":[],"intent":[]},"answer":{"raw":{"text":"사실 제가 영업이랑 마케팅 부서에서 일할 때 다른 부서원들 간에 크게 부딪치거나 갈등이 빚어질 일은 많진 않았던 것 같습니다. 왜냐하면 개인적으로 일단 실적을 위해서 일하는 부분들이 많고 외근이 많다 보니까 서로 부딪치거나 만날 일 자체가 적었던 거 같은데요. 하지만 이제 그런 일이 발생을 한다고 하면 커뮤니케이션을 통해서 서로 유연하게 잘 해결을 해야 될 것 같습니다. 그리고 어차피 인제 한 두 번 보는 그런 사람들이 아니고 계속해서 같이 작업을 하는 팀원들이기 때문에 인간관계를 잘 유지하고 또 서로 협업하는 게 중요하다고 생각을 합니다. 사실 지금은 개인 실적이 중요하지만 나중에는 결국에 또 팀별로 협업을 통해서 일해야 되는 부분들이 있기 때문에 저는 그런 면에 있어서는 일단 문제가 발생하지 않도록 먼저 커뮤니케이션하고 배려하면서 같이 일하는 게 중요하다고 생각을 하구요. 어 제가 의도치 않게 만약의 상황에 일이 발생한다고 하면 또 감정적이건 아니면 일로써 잘 풀어내고 협동하는 게 중요하다고 생각을 합니다. 지금 당장이 아니라 또 미래 같이 일할 수 있는 사람들이기 때문에 협업을 통해서 일이 잘 진행될 수 있도록 저도 노력을 하겠습니다.","wordCount":155},"emotion":[],"intent":[{"text":"그리고 어차피 인제 한 두 번 보는 그런 사람들이 아니고 계속해서   같이 작업을 하는 팀원들이기 때문에 인간관계를 잘 유지하고 또 서로 협업하는 게   중요하다고 생각을 합니다.","expression":"c_cop","category":"personality"},{"text":"사실 지금은 개인 실적이 중요하지만 나중에는 결국에   또 팀별로 협업을 통해서 일해야 되는 부분들이 있기 때문에 저는 그런 면에 있어서는   일단 문제가 발생하지 않도록 먼저 커뮤니케이션하고 배려하면서 같이 일하는 게   중요하다고 생각을 하구요.","expression":"c_confl_mg","category":"personality"},{"text":"어 제가 의도치 않게 만약의 상황에 일이 발생한다고   하면 또 감정적이건 아니면 일로써 잘 풀어내고 협동하는   게 중요하다고 생각을 합니다.","expression":"c_cop","category":"personality"},{"text":"지금 당장이 아니라 또 미래 같이 일할 수 있는 사람들이기 때문에   협업을 통해서 일이 잘 진행될 수 있도록 저도 노력을 하겠습니다.","expression":"c_cop","category":"personality"}],"summary":{"text":"영업과 마케팅 부서에서 일할 때 다른 부서원들 간에 크게 부딪치거나 갈등이 빚어질 일은 적었던 것 같습니다. 하지만 그런 일이 발생을 한다고 하면 커뮤니케이션을 통해서 서로 유연하게 잘 해결을 해야 될 것 같으며, 인간관계를 잘 유지하고 또 서로 협업하는 게 중요하다고 생각합니다.","wordCount":41}}},"rawDataInfo":{"question":{"fileFormat":"wav","fileSize":387278,"duration":12100,"samplingBit":16,"channelCount":1,"samplingRate":"16kHz","audioPath":"/Mock/02.SalesMarketing/Female/Experienced/ckmk_q_sm_f_e_161582.wav"},"answer":{"fileFormat":"wav","fileSize":2752078,"duration":86000,"samplingBit":16,"channelCount":1,"samplingRate":"16kHz","audioPath":"/Mock/02.SalesMarketing/Female/Experienced/ckmk_a_sm_f_e_161582.wav"}}}