{"version":"1.0","dataSet":{"info":{"date":"20230116","occupation":"SM","channel":"MOCK","place":"ONLINE","gender":"FEMALE","ageRange":"-34","experience":"EXPERIENCED"},"question":{"raw":{"text":"지원자님이 직접 해외 출장 장소를 선택할 수 있다면 꼭 한번 가서 일을 해 보고 싶은 나라가 어떤 나라인가요","wordCount":18},"emotion":[],"intent":[]},"answer":{"raw":{"text":"저는 제가 선택해서 해외 출장을 가게 된다면 저는 꼭 미국에 가보고 싶습니다. 저는 아직까지 미국에 가본 적은 없고요. 어 대부분 영어를 통해서 전화를 통해서 어 만나봤습니다. 하지만 저는 미국에 가서 꼭 그 나라의 문화를 보고 싶은데요. 왜냐하면 미국은 세계 강국이기도 하고 또 여러 문화가 공존하고 있기 때문입니다. 사실 미국이라는 나라가 그렇게 성장을 하기까지는 여러 가지 문화적 배경과 색깔이 있을 텐데요. 거기 가서 직접 맛있는 음식도 먹어보고 또 그들의 문화를 보면서 일하는 방식을 엿보고 싶습니다. 그리고 우리나라 이제 금융이나 뭐 이런 것들도 사실 미국에 굉장히 많이 의존을 하고 또 따라가고 있는 상황입니다. 그렇다고 한다면 현재의 미래를 보기 위해서 어 미국의 일하는 방식과 또 사람들의 가치관을 좀 보게 되면 저희가 본받을 점도 있고 또 그 속에서 저희가 배울 점이 있기 때문에 저는 미국에 가서 한번 일을 해보고 싶고요. 그리고 우리 회사도 그런 문화를 잘 받아들여서 어 기회로 작용을 한다면 해외 진출의 기회도 있을 수 있기 때문에 저는 꼭 간다면 미국에 가서 일을 해보고 싶습니다.","wordCount":152},"emotion":[{"text":"그렇다고 한다면 현재의 미래를 보기 위해서   어 미국의 일하는 방식과 또 사람들의 가치관을 좀 보게 되면 저희가 본받을 점도   있고 또 그 속에서 저희가 배울 점이 있기 때문에 저는 미국에 가서 한번   일을 해보고 싶고요.","expression":"p-interest","category":"positive"},{"text":"그리고 우리 회사도 그런 문화를 잘 받아들여서 어 기회로   작용을 한다면 해외 진출의 기회도 있을 수 있기 때문에 저는 꼭 간다면 미국에   가서 일을 해보고 싶습니다.","expression":"p-interest","category":"positive"}],"intent":[{"text":"","expression":"","category":"attitude"}],"summary":{"text":"해외 출장을 가게 된다면 꼭 미국에 가보고 싶습니다. 세계 강국이기도 하고 여러 문화가 공존하고 있기 때문입니다. 미국의 일하는 방식과 사람들의 가치관을 보게 되면 배울 점도 있고, 우리 회사도 그런 문화를 잘 받아들여서 해외 진출의 기회도 있을 수 있기 때문에 꼭 미국에 가서 일을 해보고 싶었습니다.","wordCount":45}}},"rawDataInfo":{"question":{"fileFormat":"wav","fileSize":298958,"duration":9340,"samplingBit":16,"channelCount":1,"samplingRate":"16kHz","audioPath":"/Mock/02.SalesMarketing/Female/Experienced/ckmk_q_sm_f_e_120061.wav"},"answer":{"fileFormat":"wav","fileSize":2701518,"duration":84420,"samplingBit":16,"channelCount":1,"samplingRate":"16kHz","audioPath":"/Mock/02.SalesMarketing/Female/Experienced/ckmk_a_sm_f_e_120061.wav"}}}