{"version":"1.0","dataSet":{"info":{"date":"20230116","occupation":"SM","channel":"MOCK","place":"ONLINE","gender":"FEMALE","ageRange":"45-54","experience":"EXPERIENCED"},"question":{"raw":{"text":"역사 속에서 존경하는 인물을 말씀해 주시고 그 이유를 또 설명해 주세요","wordCount":11},"emotion":[],"intent":[]},"answer":{"raw":{"text":"저는 세상에서 가장 존경하는 인물은 부모님들인 것 같습니다. 어떤 역사 속에 나오는 특정 인물을 존경한다기보다 그냥 현실에 있는 이 부모님들이 정말 대단한 것 같습니다. 제가 이렇게 성인이 돼서 커 크다 보니까 부모님들의 노력이 얼마나 컸는지 실감이 되는데요. 어 부모님들은 자식의 희생을 위해서 어 여러 가지로 물심양면으로 도와주고요. 그리고 항상 자식이 무슨 일이 있건 그리고 어렸을 때부터 성인까지 정말 많은 도움을 주는 것 같습니다. 그리고 성인이 돼서도 부모님들은 본인보다는 자식을 걱정하는 마음이 크다는 걸 느꼈는데요. 특히 저희 부모님도 그렇습니다. 그래서 제가 그런 부모님들의 사랑을 듬뿍 받고 보살핌 속에서 여기까지 성장할 수 있었던 것 같습니다. 어 세상에 모든 부모님들이 정말 대단하고요. 그리고 우리 사회가 잘 돌아가기 위해서는 가정에서 그런 역할을 해주는 게 중요하다고 생각을 합니다. 그래서 저는 역사 속에서 인물보다는 저희 부모님 그리고 세상에 모든 자식들을 훌륭하게 키워내시는 그 부모님들에게 박수를 쳐 드리고 싶고요. 존경하는 마음을 네 갖고 있습니다.","wordCount":137},"emotion":[],"intent":[{"text":"","expression":"","category":"attitude"}],"summary":{"text":"저는 역사 속 인물보다 현실 속 부모님을 존경합니다. 부모님들은 자식의 희생을 위해 물심양면으로 도와주고 어렸을 때부터 성인까지 도움을 주셨습니다. 그래서 제가 성인으로서 부모님의 사랑을 받고 성장할 수 있었습니다. 우리 사회가 잘 돌아가기 위해서는 가정에서 그런 역할을 해주는 게 중요하다고 생각합니다. 부모님께 존경의 마음을 갖습니다.","wordCount":44}}},"rawDataInfo":{"question":{"fileFormat":"wav","fileSize":273998,"duration":8560,"samplingBit":16,"channelCount":1,"samplingRate":"16kHz","audioPath":"/Mock/02.SalesMarketing/Female/Experienced/ckmk_q_sm_f_e_114854.wav"},"answer":{"fileFormat":"wav","fileSize":2739598,"duration":85610,"samplingBit":16,"channelCount":1,"samplingRate":"16kHz","audioPath":"/Mock/02.SalesMarketing/Female/Experienced/ckmk_a_sm_f_e_114854.wav"}}}