{"version":"1.0","dataSet":{"info":{"date":"20230116","occupation":"SM","channel":"MOCK","place":"ONLINE","gender":"FEMALE","ageRange":"55-","experience":"EXPERIENCED"},"question":{"raw":{"text":"협업을 할 일이 많이 생길 수도 있습니다 뭐 이전에 직장이나 대학에서 협업을 할 때 어려운 점은 없었나요","wordCount":17},"emotion":[],"intent":[]},"answer":{"raw":{"text":"협업을 할 일이 많이 생길 수 있는 있다 라고 얘기를 하셨고 이전 직장에서는 대학에서 협업을 할 때 어려운 점은 없냐고 물어 보셨는데 이제 협업이라고 하는 건 어 같은 목적을 위해서 다 같이 움직이는 게 협업이라고 하겠죠. 하다 보면 옛날 직장에서는 아 저희가 아 어 어떤 상품을 많이 팔아야 되는 게 이제 협업이었고요. 그것을 위해서 어 발권을 어 누가 제일 많이 할 하고 빨리 할 수 있느냐가 아 성수기 때는 제일 큰 관건이었습니다. 그러다 보면 발권을 잘하고 그다음에 실수를 하지 않는 직원을 이제 좀 앉히고 그다음에 이제 다른 분들 같은 경우에는 아 그런 분들은 한 두 분 정도 앉히고 그다음에 다른 분들 같은 경우에는 손님의 손님과 응대하는 법 응대하는 것을 많이 독려를 했었습니다. 그러다 보면 이제 그날 아 하다 보면 또 이제 발권하는 사람이 너무 좀 힘들다거나 또 그런 경우도 있더라구요. 그러면은 또 어 번갈아 가면서 어 턴을 시키게 되는 거죠. 또 어 손님들과 대화를 했던 사람을 발권을 시키거나 발권을 한 사람을 또 손님들과 대를 대화를 시키거나 그런데 또 그런 경우도 있습니다. 저는 그 상 그냥 계속 발권을 할게요. 저는 그냥 계속 손님들과 응대를 할게요. 사람마다 특징이 있더라구요. 그래서 협업을 할 때는 사람마다 특징을 잡아 가면서 그래서 아 좀 더 잘 할 수 있는 직원을 아 곳곳에 배치하는 것이 협업에 좋은 일이라고 생각하고요. 대학교 때는 제가 그 실험을 도출을 해야 됐기 때문에 언제나 조 활동을 했습니다. 조 활동을 하면서 언제나 즐거운 시간이었습니다.","wordCount":221},"emotion":[{"text":"조 활동을 하면서 언제나 즐거운 시간이었습니다.","expression":"p-happiness","category":"positive"}],"intent":[{"text":"그래서 협업을 할 때는 사람마다 특징을 잡아 가면서 그래서 아 좀 더 잘 할 수 있는 직원을 아 곳곳에 배치하는 것이 협업에 좋은 일이라고 생각하고요.","expression":"c_cop","category":"personality"}],"summary":{"text":"협업은 같은 목적을 가지고 같이 움직이는 것입니다. 옛날 직장에서는 상품을 많이 팔아야 협업이었고, 성수기에는 발권을 누가 제일 많이 하고 빨리 할 수 있느냐가 관건이었습니다. 그러다 보니 발권을 잘하고 실수를 하지 않는 직원을 배치하고, 손님의 손님 응대 법 응대를 독려했습니다. 하다 보면 사람마다 특징이 있어 직원마다 특징을 잡아 가면서 협업하는 것이 좋은 일이라고 생각합니다.","wordCount":53}}},"rawDataInfo":{"question":{"fileFormat":"wav","fileSize":293198,"duration":9160,"samplingBit":16,"channelCount":1,"samplingRate":"16kHz","audioPath":"/Mock/02.SalesMarketing/Female/Experienced/ckmk_q_sm_f_e_240209.wav"},"answer":{"fileFormat":"wav","fileSize":3835598,"duration":119860,"samplingBit":16,"channelCount":1,"samplingRate":"16kHz","audioPath":"/Mock/02.SalesMarketing/Female/Experienced/ckmk_a_sm_f_e_240209.wav"}}}