{"version":"1.0","dataSet":{"info":{"date":"20230116","occupation":"SM","channel":"MOCK","place":"ONLINE","gender":"FEMALE","ageRange":"55-","experience":"EXPERIENCED"},"question":{"raw":{"text":"타인을 설득하는데 실패한 경험이 있다면 자세히 말씀해 주세요","wordCount":8},"emotion":[],"intent":[]},"answer":{"raw":{"text":"네 타인을 설득하는 일이 언제나 성공할 수는 없습니다. 타인을 설득하려다 실패한 경험이 있습니다 저는. 예 사실 저는 누구를 설득하려는 사람은 아닙니다. 그리고 다른 사람한테 아 이해를 구하지 다른 사람을 설득하는 것은 그 분의 개인적인 생각도 있기 때문에 아 설득할려고 그렇게 많이 노력을 하지 않습니다. 그까 이 사람의 이익이 된다면 그 사람의 이익에 아 이익으로 가는 그런 이야기를 해 주는 경우는 있지만 그 사람을 설득을 해서 어 그 설득이 목적이라면 저는 그것이 성공을 해도 좋은 것이라고 생각을 하지는 않습니다. 저가 타인을 설득하다 실패한 경험도 사실은 몇 번은 있습니다. 아 어떤 그 사람이 중대한 결정을 하려고 했을 때 설득을 할려고 노력을 했는데 그게 마음처럼 쉽지는 않더라구요. 왜냐하면 그 사람도 그 사람이 있기 인생이 있기 때문에 제 말을 들어서 잘될 거라는 보장이 사실은 저도 없었기 때문에 그분한테 제가 고집을 부리는 것이 아닌가 라는 생각에서 저는 이제 설득을 하려다가 그냥 포기를 한 경험이 있습니다. 그게 지금 와서는 결과적으로는 나쁜 일인지 좋은 일 일지는 크게 생각을 해 보지 않았어요. 왜냐하면 그 사람이 인생이 있고 그 그거를 말을 듣지 않는 것도 그 사람의 결정이 이었기 때문에 저는 그 사람도 맞다고 생각을 합니다.","wordCount":176},"emotion":[],"intent":[{"text":"","expression":"","category":"attitude"}],"summary":{"text":"타인을 설득하는 일이 언제나 성공할 수는 없습니다. 저는 누구를 설득하려는 사람은 아니고 그 분의 개인적인 생각도 있기 때문에 설득하려고 많이 노력하지는 않습니다. 제가 설득하다 실패한 경험도 몇 번 있습니다. 그 사람은 인생 자체가 있고 말을 듣지 않는 것도 그 사람의 결정이었기 때문에 저는 그 사람도 맞다고 생각합니다.","wordCount":47}}},"rawDataInfo":{"question":{"fileFormat":"wav","fileSize":250958,"duration":7840,"samplingBit":16,"channelCount":1,"samplingRate":"16kHz","audioPath":"/Mock/02.SalesMarketing/Female/Experienced/ckmk_q_sm_f_e_240238.wav"},"answer":{"fileFormat":"wav","fileSize":3645518,"duration":113920,"samplingBit":16,"channelCount":1,"samplingRate":"16kHz","audioPath":"/Mock/02.SalesMarketing/Female/Experienced/ckmk_a_sm_f_e_240238.wav"}}}