{"version":"1.0","dataSet":{"info":{"date":"20230116","occupation":"SM","channel":"MOCK","place":"ONLINE","gender":"FEMALE","ageRange":"45-54","experience":"EXPERIENCED"},"question":{"raw":{"text":"당신은 매출 실적을 잘 올릴 수 있습니까 일을 하다가 상사로부터 매출에 대한 압박을 받게 되었을 시 이를 어떻게 대처할 것인가요 당신의 생각을 말씀해 주세요","wordCount":24},"emotion":[],"intent":[]},"answer":{"raw":{"text":"영업 관련 뭐 세일즈 업무가 당연히 매출과 직결된 부분이기 때문에 그 매출에 대한 압박이 있을 수 밖에 없는 부분이고 어 상사가 압박을 한다면 그 부분은 뭐 회사 내에서 그 정책상 그런 것이 아닐까 싶고 어 그렇기 때문에 뭐 그 매출에 대한 압박을 이겨내고 그 매출을 달성하기 위한 그런 방안이나 그런 것을 좀 강구해야 되지 않나 싶습니다. 사실은 뭐 터무니없는 매출에 대한 압박이라면 그거에 대해서는 뭐 이의도 제기하고 해야 되겠지만 뭐 상사분도 뭐 어쩔 수 없는 그 본인의 업무를 하는 것이기 때문에 당연히 뭐 해야 된다 생각을 하고요. 어 근데 이제 뭐 상사 라고 해서 매출에 대해서 뭐 압박만 하는 일이 상사의 업무는 다 가 아니라 생각을 하고 그렇기 때문에 어 물론 매출을 높이기 위해서 노력은 하겠지만 그 부분에 대해서 같이 고민을 하고 어 방안을 강구하는 네 그런 도움을 청하기도 하면서 상사와 한 팀으로 예 노력해야 될 것 같다는 생각이 들었습니다.","wordCount":140},"emotion":[],"intent":[{"text":"","expression":"","category":"attitude"}],"summary":{"text":"영업 관련 세일즈 업무는 매출과 직결된 부분이기에 매출에 대한 압박이 있을 수 밖에 없습니다. 상사가 매출에 대해 압박한다면 회사 정책상 어쩔 수 없는 업무이기 때문에 이를 극복하기 위한 방안이나 방안을 강구해야 합니다. 매출을 높이기 위해 노력은 하겠지만 그 부분에 대해 도움을 청하기도 하면서 상사와 한 팀으로 노력해야 합니다.","wordCount":48}}},"rawDataInfo":{"question":{"fileFormat":"wav","fileSize":668238,"duration":20880,"samplingBit":16,"channelCount":1,"samplingRate":"16kHz","audioPath":"/Mock/02.SalesMarketing/Female/Experienced/ckmk_q_sm_f_e_239753.wav"},"answer":{"fileFormat":"wav","fileSize":2992718,"duration":93520,"samplingBit":16,"channelCount":1,"samplingRate":"16kHz","audioPath":"/Mock/02.SalesMarketing/Female/Experienced/ckmk_a_sm_f_e_239753.wav"}}}