{"version":"1.0","dataSet":{"info":{"date":"20230116","occupation":"SM","channel":"MOCK","place":"ONLINE","gender":"FEMALE","ageRange":"45-54","experience":"EXPERIENCED"},"question":{"raw":{"text":"지원자께서는 본인 스스로 생각하는 커뮤니케이션을 잘 할 수 있는 스킬이 있다며 함께 소개해 주시길 바랍니다 그리고 한번 직접 보여주셔도 좋을 것 같습니다","wordCount":22},"emotion":[],"intent":[]},"answer":{"raw":{"text":"우선 커뮤니케이션이라는 것은 상대의 이야기를 듣고 또 내가 하고 싶은 말을 하고 이러한 과정이라고 생각을 하는데 우선적으로 커뮤니케이션이라고 할 때 내가 이야기를 하는 것을 내세우는 경우가 더 많습니다. 하지만 여기에서 포인트는 내가 이야기하고 싶은 만큼 그보다 우선적으로 상대의 의견을 먼저 들어주는 것이 중요하고 단순히 들어주는 것을 떠나서 공감까지 하는 것이 어떤 가장 최선의 커뮤니케이션이라고 생각을 하는데요. 그래서 어 상대가 어떠한 이야기를 할 때 그냥 영혼 없이 정말 그 소리만 듣는 것이 아니라 아 그랬구나 어 너의 생각은 그랬구나 그런 일이 있었구나 그럴 수도 있겠다 와 같은 공감에 문장을 바로 하는 것이 중요하다고 생각을 합니다. 그래서 저만에 커뮤니케이션 스킬이 있다면 상대에 이야기를 들으면서 그에 맞게 공감을 해주고 또 공감을 다 한 이후에 본론으로 본인이 하고 싶은 제 자신이 하고 싶은 이야기를 나누는 것이 어떤 순서적으로 맞다고 생각하고 그런 공감에 멘트를 앞세워서 말을 하는 것이 저만에 스킬이라고 말씀드릴 수 있습니다.","wordCount":138},"emotion":[],"intent":[{"text":"그래서 저만에 커뮤니케이션 스킬이 있다면 상대에 이야기를 들으면서 그에 맞게 공감을 해주고 또 공감을 다 한 이후에 본론으로 본인이 하고 싶은   제 자신이 하고 싶은 이야기를 나누는 것이 어떤 순서적으로 맞다고 생각하고 그런 공감에 멘트를 앞세워서 말을 하는 것이 저만에 스킬이라고 말씀드릴 수 있습니다.","expression":"s_intp","category":"attitude"}],"summary":{"text":"우선 커뮤니케이션은 제가 하고 싶은 이야기를 하는 과정이라고 생각하는데, 우선적으로 상대의 의견을 먼저 들어주는 것이 중요하고 공감까지 하는 것이 가장 최선의 커뮤니케이션이라고 생각합니다. 그래서 공감에 문장을 바로 하는 것이 중요하다고 생각합니다.","wordCount":31}}},"rawDataInfo":{"question":{"fileFormat":"wav","fileSize":521358,"duration":16290,"samplingBit":16,"channelCount":1,"samplingRate":"16kHz","audioPath":"/Mock/02.SalesMarketing/Female/Experienced/ckmk_q_sm_f_e_146901.wav"},"answer":{"fileFormat":"wav","fileSize":2384398,"duration":74510,"samplingBit":16,"channelCount":1,"samplingRate":"16kHz","audioPath":"/Mock/02.SalesMarketing/Female/Experienced/ckmk_a_sm_f_e_146901.wav"}}}