{"version":"1.0","dataSet":{"info":{"date":"20230116","occupation":"SM","channel":"MOCK","place":"ONLINE","gender":"FEMALE","ageRange":"55-","experience":"EXPERIENCED"},"question":{"raw":{"text":"일을 하면서 가장 어려울 것으로 예상되는 것이 있다면 그것이 무엇인지 그리고 그것에 대해 어떻게 대처할 생각인지 궁금합니다","wordCount":17},"emotion":[],"intent":[]},"answer":{"raw":{"text":"일을 하면서 가장 어려울 것으로 예상되는 것은 무엇이냐 하는 질문에 아 질문자께서 예상하기로는 제가 나이가 어 젊은 지원자들과는 조금 달라서 어 나이의 갭이 있지 않을까 아니면 직무에 있어서 어 좀 느린 편이 아닐까 하는 그런 걱정을 많이 하실 것 같은데요. 아 예 그것도 어 틀린 말은 아닙니다. 저 같은 경우는 어 컴퓨터가 아주 많이 저에게 익숙하지 않기 때문에 아 젊은 친구들보다는 좀 천천히 어 사용을 할 것 같구요. 그래서 컴퓨터 쪽으로 많이 아 운용을 할 때 제가 조금 느린 느린 그 경향을 보일 것 같아 그게 가장 어려울 거로 것으로 예상됩니다. 하지만 지금 제가 아 이 일을 시작하면서 컴퓨터 그 다음에 엑셀 아 여러 가지 그 마이크로소프트 그 컴퓨터 안에 있는 작업들을 지금 다 하나하나 열심히 공부하고 있습니다. 예 사실 어르신들도 핸드폰 보는 거 그런 프로그램이 있듯이 저희 나이에도 어 컴퓨터와 친해지기라는 프로그램이 동네마다 하더라구요. 그래서 저도 그 수업을 들었는데요. 그래서 생각보다는 제가 컴퓨터가 아주 어 힘든 아 그런 것은 아닐 것 같구요. 그다음에 아 계속 운동을 해 왔기 때문에 몸도 건강해서 어 운동 그까 무슨 짐을 옮기거나 그런 일을 할 때도 저는 빠지지 않고 열심히 할 계획입니다.","wordCount":178},"emotion":[],"intent":[{"text":"","expression":"","category":"attitude"}],"summary":{"text":"일을 하면서 가장 어려울 것으로 예상되는 것은 무엇이냐 하는 질문에 아 질문자께서 예상하기로는 제가 나이가 젊은 지원자들과는 조금 달라 나이의 갭이 있을까 아니면 직무에 있어서 좀 느린 편이 아닐까 하는 걱정을 많이 할 것 같습니다. 하지만 지금 제가 일을 시작하면서 컴퓨터와 친해지기라는 프로그램이 동네마다 있습니다. 그리고 계속 운동을 해서 몸이 건강해서 운동을 계속할 계획입니다.","wordCount":54}}},"rawDataInfo":{"question":{"fileFormat":"wav","fileSize":350798,"duration":10960,"samplingBit":16,"channelCount":1,"samplingRate":"16kHz","audioPath":"/Mock/02.SalesMarketing/Female/Experienced/ckmk_q_sm_f_e_241935.wav"},"answer":{"fileFormat":"wav","fileSize":3706958,"duration":115840,"samplingBit":16,"channelCount":1,"samplingRate":"16kHz","audioPath":"/Mock/02.SalesMarketing/Female/Experienced/ckmk_a_sm_f_e_241935.wav"}}}