{"version":"1.0","dataSet":{"info":{"date":"20230116","occupation":"SM","channel":"MOCK","place":"ONLINE","gender":"FEMALE","ageRange":"55-","experience":"EXPERIENCED"},"question":{"raw":{"text":"몇 년 전 우버 택시에 관한 논란이 있었는데요 지원자님께서는 찬반 양론에 대해 각각 어떤 생각을 가지고 계신가요","wordCount":17},"emotion":[],"intent":[]},"answer":{"raw":{"text":"예 아 우버 택시에 관한 논란이 있었던 건 알고 있습니다. 아 제가 아는 분이 우버 택시에 근무를 하고 있어서 우버 택시가 어떤 건지도 알고 있구요. 그다음에 제가 미국을 가서 우버 택시를 타봤는데 너무너무 편했습니다. 왜냐하면 인터넷으로 딱 어느 지역에서 어느 지역을 딱 치면 가격이 일단 쫙 제시가 됩니다. 그 가격 중에서 제가 차종과 그다음에 우리 몇 명이 탈 수 있는지 그런 거를 다 얘기를 해 논 다음에 그다음에 선택을 하면 그 택시가 몇 분 안에 온다고 딱 인터넷으로 나오더라구요. 그러면서 너무 편하다는 느낌을 받았고 일단 미국에서는 우버 택시를 운전하는 사람들이 이 외국에서 온 이민자들이 많이 이 직업을 선택을 하더라구요. 어 차만 있으면 할 수 있는 직업이기 때문에 아 이 사람들이 자립을 할 수 있는 어 되게 많은 도움이 되는 직업 중에 하나가 또 우버 택시인 것 같아요. 하지만 우리나라에서는 일단 혹시 운전하시는 분들의 생계도 있기 때문에 우버 택시를 아무나 하게 되면 이 택시 운전을 하시는 분들이 설 자리가 없지 않을까 해서 반대 의견이 있다는 것도 알고 있습니다. 하지만 우리나라에서는 이 쪽을 선택해야 할지 이쪽을 선택해야 할지 어 좀 고민스럽긴 한데요. 경쟁의 시대이지 않습니까 그래서 저는 우버 택시도 도입을 해서 보통 택시와 아 경쟁 구도를 가는 것도 나쁘지 않다고 생각합니다. 저는 우버 택시가 뭐 아는 분이 있다고 해서 우버 택시를 찬성하는 건 아니지만요. 한 번 이용을 해보니 너무너무 괜찮았기 때문에 저는 우버 택시를 이용하는 것을 찬성합니다.","wordCount":215},"emotion":[],"intent":[{"text":"","expression":"","category":"attitude"}],"summary":{"text":"우버 택시에 관한 논란이 있었던 것은 알고 있습니다. 미국에서 우버 택시를 운전하는 사람들이 외국에서 온 이민자들이 많은데, 차만 있으면 되는 직업이기 때문에 자립에 많은 도움이 되는 직업 중 하나가 우버 택시인 것 같습니다. 우리나라에서는 우버 택시를 아무나 하게 되면 택시 운전을 하시는 분들이 설 자리가 없지 않을까 해서 반대 의견이 있다는 것도 알고 있지만 저는 우버 택시를 이용하는 것을 찬성합니다.","wordCount":60}}},"rawDataInfo":{"question":{"fileFormat":"wav","fileSize":389838,"duration":12180,"samplingBit":16,"channelCount":1,"samplingRate":"16kHz","audioPath":"/Mock/02.SalesMarketing/Female/Experienced/ckmk_q_sm_f_e_242088.wav"},"answer":{"fileFormat":"wav","fileSize":3867278,"duration":120850,"samplingBit":16,"channelCount":1,"samplingRate":"16kHz","audioPath":"/Mock/02.SalesMarketing/Female/Experienced/ckmk_a_sm_f_e_242088.wav"}}}