{"version":"1.0","dataSet":{"info":{"date":"20230116","occupation":"SM","channel":"MOCK","place":"ONLINE","gender":"FEMALE","ageRange":"35-44","experience":"EXPERIENCED"},"question":{"raw":{"text":"직무 지식과 역량 그리고 태도 이 세 가지 중에서 가장 중요하다고 느끼시는 요소와 그 이유를 설명해 주시기 바랍니다","wordCount":18},"emotion":[],"intent":[]},"answer":{"raw":{"text":"저는 기본적으로 업무를 할 때 태도가 가장 중요하다고 생각을 합니다. 특히 저희는 영업 업무는 사람을 대하는 일이기 때문에 에티튜드 즉 태도가 모든 걸 결정할 정도로 굉장히 중요하다고 생각을 하는데요. 이 태도 안에는 많은 것들이 포함이 되어 있는 것 같습니다. 그 사람이 말하는 단어 그리고 언어의 표현이라든가 아니면 눈빛 그리고 태도 그리고 그 사람을 대하는 존중의 의미 이런 것들이 모두 포함이 되어 있는 개념이라고 생각하고요. 특히 예의 같은 경우에도 그럴 거 같습니다. 이렇게 여러 가지 태도가 종합적으로 잘 갖춰져야 사람과 커뮤니케이션을 잘 할 수 있고 또 그것들이 뒷받침될 수 있기 때문에 저는 태도가 가장 중요하고 또 영업 사원이 갖춰져야 할 기본적인 소양이라고 생각을 합니다. 그다음에 영업 능력도 무시할 수 있는 부분이 아닌데요. 바로 역량 부분입니다. 아무래도 영업 사원은 실적이 중요하고 본인의 실적을 통해서 어 성과를 인정받기 때문에 이런 부분도 굉장히 많이 본인이 노력을 해야 되는 부분인 것 같습니다. 그다음에 저는 직무 지식이라고 생각을 하는데요. 하지만 어느 것 빼지 않고 모두 세 가지 중요하지만 가장 기본적으로는 태도가 잘 갖춰져야 한다고 생각을 합니다.","wordCount":160},"emotion":[],"intent":[{"text":"특히 저희는 영업 업무는 사람을 대하는 일이기 때문에 에티튜드 즉   태도가 모든 걸 결정할 정도로 굉장히 중요하다고 생각을 하는데요.","expression":"c_value","category":"background"}],"summary":{"text":"영업 업무는 사람을 대하는 일이기 때문에 태도가 굉장히 중요하다고 생각합니다. 이 태도 안에는 단어, 언어의 표현, 눈빛, 태도 그리고 존중의 의미 등이 포함되어 있습니다. 이런 것들이 종합적으로 잘 갖춰져야 사람과 커뮤니케이션을 잘 할 수 있고 그것들이 뒷받침될 수 있기 때문에 저는 태도가 가장 중요하고 또 영업 사원이 갖춰져야 할 기본적인 소양이라고 생각합니다.","wordCount":52}}},"rawDataInfo":{"question":{"fileFormat":"wav","fileSize":652238,"duration":20380,"samplingBit":16,"channelCount":1,"samplingRate":"16kHz","audioPath":"/Mock/02.SalesMarketing/Female/Experienced/ckmk_q_sm_f_e_140803.wav"},"answer":{"fileFormat":"wav","fileSize":2842318,"duration":88820,"samplingBit":16,"channelCount":1,"samplingRate":"16kHz","audioPath":"/Mock/02.SalesMarketing/Female/Experienced/ckmk_a_sm_f_e_140803.wav"}}}