{"version":"1.0","dataSet":{"info":{"date":"20230116","occupation":"SM","channel":"MOCK","place":"ONLINE","gender":"FEMALE","ageRange":"35-44","experience":"EXPERIENCED"},"question":{"raw":{"text":"자신이 추천한 제품을 고객이 마음에 들어하지 않는다면 그 제품을 어떻게 고객에게 어필할 건지 말씀해 주세요","wordCount":15},"emotion":[],"intent":[]},"answer":{"raw":{"text":"아니요 어필할 이유가 없죠. 네 이미 확실하게 어 본인의 의사를 전달을 하셨기 때문에 그거는 곧 본인의 취향이 아니라는 걸 또 같이 어필을 하는 부분이라서 제가 그 의사 전달에 반해서 더 그 상품을 어필할 필요는 전혀 없습니다. 그거는 오히려 역효과만 낼 뿐이죠. 네 안 좋아한다고 했는데 계속 그거를 권한다면 오히려 저에 대한 반감과 신뢰감이 떨어지겠죠. 네 그거는 절대 해서는 안 될 네 누가 그런다면 제가 말리고 싶은 그런 상황이라고 볼 수 있을 것 같아요. 그래서 어 쪼끔이라도 뭐 돌려서라도 본인의 취향이 아니라고 말씀을 하시면 그거를 또 캐치해서 그것과는 조금 더 다른 제품을 어 어필을 하고 계속 소개를 하고 요런 식으로 가야지 요런 방향으로 가야지 맞지 아니라고 하는 것에 대해서는 빠르게 그 부분은 제끼고 다른 것을 소개하는 게 맞다고 생각합니다.","wordCount":118},"emotion":[],"intent":[{"text":"","expression":"","category":"attitude"}],"summary":{"text":"본인의 의사에 반해서 더 상품을 어필할 필요는 없습니다. 오히려 역효과만 낼 뿐이고 안 좋아한다 했는데 계속 권하면 저에 대한 반감과 신뢰감이 떨어지므로 본인의 취향이 아니라고 말씀하시면 조금 더 다른 제품을 어필하고 계속 소개를 하는 것이 맞다고 생각합니다.","wordCount":37}}},"rawDataInfo":{"question":{"fileFormat":"wav","fileSize":339278,"duration":10600,"samplingBit":16,"channelCount":1,"samplingRate":"16kHz","audioPath":"/Mock/02.SalesMarketing/Female/Experienced/ckmk_q_sm_f_e_156580.wav"},"answer":{"fileFormat":"wav","fileSize":2652878,"duration":82900,"samplingBit":16,"channelCount":1,"samplingRate":"16kHz","audioPath":"/Mock/02.SalesMarketing/Female/Experienced/ckmk_a_sm_f_e_156580.wav"}}}