{"version":"1.0","dataSet":{"info":{"date":"20230116","occupation":"SM","channel":"MOCK","place":"ONLINE","gender":"FEMALE","ageRange":"-34","experience":"EXPERIENCED"},"question":{"raw":{"text":"몇 년 전 우리 나라의 우버 택시와 관한 논란이 있었다는 걸 알고 계실 겁니다 지원자님은 이 문제의 찬반 양론에 대해 각각 어떻게 생각하시나요","wordCount":23},"emotion":[],"intent":[]},"answer":{"raw":{"text":"우버 택시를 현행법과 맞지 않는다는 이유로 시장에서 배척하고 도입하지 못하게 하는 것은 부당하다고 생각합니다. 현행법과 맞지 않는다고 한다면 시대가 변천하고 시대가 요구하는 것에 맞도록 법을 개정해야 할 사안이라고 생각합니다. 또한 우버 택시의 등장은 많은 시민들의 요구에 의해 등장한 것이었습니다. 제가 마트에 갈 일이 있을 때 마트에 가기를 원하거나 혹은 같은 길을 가야 하는 사람이 있을 때 보다 싼 가격에 태워주고 그에 대한 대가를 받는다면 서로 좋은 일이라고 생각합니다. 승객 입장에서는 일반 택시보다 저렴한 가격에 이용할 수 있고 우버 택시 기사 입장에서는 어차피 드는 기름값을 부담을 덜 수 있습니다. 우버 택시를 도입을 허락할 때 보다 품질 좋은 서비스 경쟁을 부추길 수 있다고 생각합니다.","wordCount":102},"emotion":[],"intent":[{"text":"","expression":"","category":"attitude"}],"summary":{"text":"우버 택시를 현행법과 맞지 않는다는 이유로 시장에서 배척하고 도입하지 못하게 하는 것은 부당하다고 생각합니다. 승객 입장에서는 일반 택시보다 저렴한 가격에 이용할 수 있고 기사 입장에서는 기름값을 덜 수 있어 보다 품질 좋은 서비스 경쟁을 부추길 수 있습니다.","wordCount":37}}},"rawDataInfo":{"question":{"fileFormat":"wav","fileSize":605838,"duration":18930,"samplingBit":16,"channelCount":1,"samplingRate":"16kHz","audioPath":"/Mock/02.SalesMarketing/Female/Experienced/ckmk_q_sm_f_e_209608.wav"},"answer":{"fileFormat":"wav","fileSize":2660558,"duration":83140,"samplingBit":16,"channelCount":1,"samplingRate":"16kHz","audioPath":"/Mock/02.SalesMarketing/Female/Experienced/ckmk_a_sm_f_e_209608.wav"}}}