{"version":"1.0","dataSet":{"info":{"date":"20230116","occupation":"SM","channel":"MOCK","place":"ONLINE","gender":"FEMALE","ageRange":"35-44","experience":"EXPERIENCED"},"question":{"raw":{"text":"지원자님께서 생각하실 때 앞으로 십 년 후의 미래는 혹시 어떨 것 같으십니까 그리고 저희 회사에 계속 다니고 계실 것 같나요","wordCount":20},"emotion":[],"intent":[]},"answer":{"raw":{"text":"저는 십 년 후에는 어 외국에서 제가 돌아다니면서 살고 싶은 마음이 있기 때문에 아마 이 회사에는 남아있지 않을 것 같습니다. 그래서 저는 빠른 시일 안에 한 오 년 정도 목표를 보고 있구요. 오 년 안에 제가 지금 이루고자 하는 것들을 다 이루고 나면은 제가 이제 돌아다니면서 세계를 돌아다니면서 할 수 있는 일을 마련을 해서 한국을 떠나서 자유롭게 살아볼 생각입니다. 그래서 지금 제가 이렇게 하는 업무도 언젠가 저한테는 좋은 베이스로 어 축적이 될 거라고 생각을 하고 있고 이 회사에서도 제가 그런 것들을 많이 얻어갈 수 있을 거라고 생각이 들구요. 만약에 서로 운이 좋고 협업할 수 있다면 제가 외국에 나가서도 같이 이 회사에 업무 같은 것들을 해 나갈 수 있는 기회들을 마련할 수 있지 않을까 하는 그런 막연한 어떤 계획 같은 것도 한번 품구 있습니다. 그래서 십 년 후에는 아마 제가 어 조금 더 자유롭게 살고 있지 않을까 생각합니다.","wordCount":137},"emotion":[],"intent":[{"text":"오 년 안에 제가 지금 이루고자 하는 것들을 다 이루고 나면은 제가 이제 돌아다니면서 세계를 돌아다니면서 할 수 있는 일을 마련을 해서   한국을 떠나서 자유롭게 살아볼 생각입니다.","expression":"c_imp","category":"personality"},{"text":"만약에 서로 운이 좋고 협업할 수 있다면 제가 외국에 나가서도   같이 이 회사에 업무 같은 것들을 해 나갈 수 있는 기회들을 마련할 수 있지 않을까 하는 그런 막연한 어떤 계획 같은 것도   한번 품구 있습니다.","expression":"c_imp","category":"personality"}],"summary":{"text":"저는 십 년 후에는 회사에는 남아있지 않을 것 같습니다. 빨리 이루고자 하는 것들을 다 이루고 나서는 세계를 돌아다니면서 할 수 있는 일을 마련을 해서 한국을 떠나 자유롭게 살아볼 계획입니다. 협업할 수 있다면 회사와 같이 업무 같은 것들을 해 나갈 수 있는 기회들을 마련할 수 있지 않을까 생각합니다.","wordCount":47}}},"rawDataInfo":{"question":{"fileFormat":"wav","fileSize":355278,"duration":11100,"samplingBit":16,"channelCount":1,"samplingRate":"16kHz","audioPath":"/Mock/02.SalesMarketing/Female/Experienced/ckmk_q_sm_f_e_165926.wav"},"answer":{"fileFormat":"wav","fileSize":2507598,"duration":78360,"samplingBit":16,"channelCount":1,"samplingRate":"16kHz","audioPath":"/Mock/02.SalesMarketing/Female/Experienced/ckmk_a_sm_f_e_165926.wav"}}}