{"version":"1.0","dataSet":{"info":{"date":"20230116","occupation":"SM","channel":"MOCK","place":"ONLINE","gender":"FEMALE","ageRange":"35-44","experience":"EXPERIENCED"},"question":{"raw":{"text":"해외 영업 파트에 지원을 해 주셨는데 해외 영업에 관심을 가지게 된 특별한 계기가 있습니까","wordCount":14},"emotion":[],"intent":[]},"answer":{"raw":{"text":"제가 해외여행 파트에 지원한 이유는 저는 예전부터 해외에 나가는 것을 좋아했습니다. 그리하여 매년 해외여행을 자주 나갔었고 또한 외국어를 배우는 것을 좋아하여 여행을 가더라도 외구딘과 만나 대화를 하며 새로운 친구를 만나는 것을 좋아했습니다. 특히 수직적인 우리나라의 문화보다는 수평적이고 나이와 인종 성별에 크게 구애받지 않는 않고 친구가 될 수 있는 환경에서 저에 성격이 더욱더 유연하고 활발하게 되어 창의성을 더욱 발휘할 수 있다는 것을 깨달았습니다. 그리하여 해외 영업 파트에 지원을 하게 되었고 저의 영어 실력과 친화적인 성격은 해외 영업 파트에서 더욱더 능력을 발휘할 수 있을 것이라고 생각합니다.","wordCount":84},"emotion":[{"text":"그리하여 매년 해외여행을 자주 나갔었고 또한 외국어를 배우는 것을 좋아하여 여행을 가더라도 외구딘과 만나 대화를 하며 새로운 친구를 만나는 것을 좋아했습니다.","expression":"p-interest","category":"positive"}],"intent":[{"text":"그리하여 해외 영업 파트에 지원을 하게 되었고 저의 영어 실력과 친화적인 성격은 해외 영업 파트에서 더욱더 능력을 발휘할 수 있을 것이라고 생각합니다.","expression":"c_person","category":"background"}],"summary":{"text":"수평적이고 나이와 인종 성별에 크게 구애받지 않는 환경에서 친화적인 성격인 저로 인해 해외 영업 파트에서 능력을 발휘할 수 있을 것이라고 생각합니다.","wordCount":21}}},"rawDataInfo":{"question":{"fileFormat":"wav","fileSize":437838,"duration":13680,"samplingBit":16,"channelCount":1,"samplingRate":"16kHz","audioPath":"/Mock/02.SalesMarketing/Female/Experienced/ckmk_q_sm_f_e_227913.wav"},"answer":{"fileFormat":"wav","fileSize":1690318,"duration":52820,"samplingBit":16,"channelCount":1,"samplingRate":"16kHz","audioPath":"/Mock/02.SalesMarketing/Female/Experienced/ckmk_a_sm_f_e_227913.wav"}}}