{"version":"1.0","dataSet":{"info":{"date":"20230116","occupation":"SM","channel":"MOCK","place":"ONLINE","gender":"FEMALE","ageRange":"-34","experience":"EXPERIENCED"},"question":{"raw":{"text":"지원자님께서는 본인에 전공과 관련해서 최근에 부족하다고 느끼고 따로 공부를 하고 계시는 분야가 있으시다면 소개 부탁드립니다","wordCount":15},"emotion":[],"intent":[]},"answer":{"raw":{"text":"네 저는 아무래도 직무를 영업을 하다 보니까 최근에 마케팅과 관련된 공부를 좀 더 해보고 싶다는 생각이 들었습니다. 어 기본적으로 저는 경영학을 전공을 했고요. 그리고 회사 입사를 하면서도 어 영업 부서에 전담으로 일을 했습니다. 지금 저는 영업과 관련해서 어 사람들도 만나고 또 다양한 공부들을 하면서 어 관련 직무를 경험을 쌓아가고 있는데요. 다만 최근 들어서는 영업과 마케팅이 굉장히 중요해지고 있습니다. 특히 최근에는 경쟁이 치열해지면서 마케팅과 관련된 다양한 기법들과 그리고 이야기들이 나오고 있는 상황인데요. 그래서 저는 요즘에 마케팅과 관련된 공부를 좀 많이 하고 있습니다. 강의도 듣고요. 그리고 책도 많이 보면서 마케팅 기술이 어떤 것들이 늘어나고 있고 또 소비자들에게 어떻게 다가갔을 때 마케팅이 효과를 발휘할 수 있는지 이런 것들을 공부하고 있습니다. 그래서 최근에는 직무와 연관이 직접적으로 되어있는 이 마케팅 공부를 열심히 하고 있고요. 조금 더 제가 발전을 시켜서 업무에 도움이 될 수 있었으면 좋겠습니다.","wordCount":130},"emotion":[{"text":"그리고 책도 많이 보면서 마케팅 기술이 어떤 것들이 늘어나고 있고   또 소비자들에게 어떻게 다가갔을 때 마케팅이 효과를 발휘할 수 있는지 이런 것들을   공부하고 있습니다.","expression":"p-interest","category":"positive"}],"intent":[{"text":"어 기본적으로 저는 경영학을 전공을   했고요.","expression":"c_private","category":"background"},{"text":"그리고 책도 많이 보면서 마케팅 기술이 어떤 것들이 늘어나고 있고   또 소비자들에게 어떻게 다가갔을 때 마케팅이 효과를 발휘할 수 있는지 이런 것들을   공부하고 있습니다.","expression":"c_imp","category":"personality"},{"text":"그래서 최근에는 직무와 연관이 직접적으로 되어있는 이 마케팅   공부를 열심히 하고 있고요.","expression":"c_imp","category":"personality"}],"summary":{"text":"저는 경영학을 전공하고 영업 부서에서 일을 했습니다. 최근에는 영업과 마케팅이 굉장히 중요해지고 있어서 마케팅과 관련된 공부를 좀 많이 하고 있습니다. 강의도 듣고 책도 많이 보면서 마케팅 기술이 어떤 것들이 늘어나고 있고, 소비자들에게 어떻게 다가갔을 때 마케팅이 효과를 발휘할 수 있는지 이런 것들을 공부합니다.","wordCount":43}}},"rawDataInfo":{"question":{"fileFormat":"wav","fileSize":614478,"duration":19200,"samplingBit":16,"channelCount":1,"samplingRate":"16kHz","audioPath":"/Mock/02.SalesMarketing/Female/Experienced/ckmk_q_sm_f_e_107585.wav"},"answer":{"fileFormat":"wav","fileSize":2483918,"duration":77620,"samplingBit":16,"channelCount":1,"samplingRate":"16kHz","audioPath":"/Mock/02.SalesMarketing/Female/Experienced/ckmk_a_sm_f_e_107585.wav"}}}