{"version":"1.0","dataSet":{"info":{"date":"20230116","occupation":"SM","channel":"MOCK","place":"ONLINE","gender":"FEMALE","ageRange":"-34","experience":"EXPERIENCED"},"question":{"raw":{"text":"전공을 선택한 이유가 무엇입니까 영업 관리 직무를 수행하기 위해서 해당 전공을 선택하셨습니까","wordCount":12},"emotion":[],"intent":[]},"answer":{"raw":{"text":"저는 영업 관리 직무에 지원하기 위해 전공을 선택한 것은 아닙니다. 다만 영업이라는 것에 관심이 있었고 영업 관리 직무 역시 그런 영업 직무를 뒤에서 지원하는 직무라는 점에서 지원하게 되었습니다. 저는 먼저 영업 관리 직무를 수행하면서 다음에는 영업 직무로 부서를 이동하고 싶습니다. 제가 제 무역학과를 전공한 이유 역시 해외 무역을 담당하고 해외 무역에서 더 나아가 해외 영업을 담당하고 싶다는 꿈을 이루기 위해서입니다. 해당 전공을 전공함으로써 보다 전문적인 지식을 습득할 수 있었고 이는 저의 영업 관리 직무 수행이나 영업 직무 수행 모두의 도움이 된다고 생각합니다. 근무를 하게 된다면 저희 전공 지식을 활용하여 보다 효과적인 업무 수행을 위해 노력하고 회사의 성장에 이바지할 수 있도록 꾸준한 성장을 이어나갈 것입니다.","wordCount":104},"emotion":[],"intent":[{"text":"다만 영업이라는 것에 관심이 있었고 영업 관리 직무 역시 그런 영업 직무를 뒤에서 지원하는 직무라는 점에서 지원하게 되었습니다.","expression":"c_sincere_job","category":"etc"}],"summary":{"text":"전공을 전공함으로써 보다 전문적인 지식을 습득할 수 있었고 이는 영업 관리 직무 수행이나 영업 직무 수행 모두의 도움이 된다고 생각합니다. 근무를 하게 된다면 전공 지식을 활용하여 보다 효과적인 업무 수행을 위해 노력하고 회사의 성장에 이바지할 수 있도록 꾸준한 성장을 이어나갈 것입니다.","wordCount":41}}},"rawDataInfo":{"question":{"fileFormat":"wav","fileSize":409038,"duration":12780,"samplingBit":16,"channelCount":1,"samplingRate":"16kHz","audioPath":"/Mock/02.SalesMarketing/Female/Experienced/ckmk_q_sm_f_e_209611.wav"},"answer":{"fileFormat":"wav","fileSize":2783438,"duration":86980,"samplingBit":16,"channelCount":1,"samplingRate":"16kHz","audioPath":"/Mock/02.SalesMarketing/Female/Experienced/ckmk_a_sm_f_e_209611.wav"}}}