{"version":"1.0","dataSet":{"info":{"date":"20230116","occupation":"SM","channel":"MOCK","place":"ONLINE","gender":"FEMALE","ageRange":"35-44","experience":"EXPERIENCED"},"question":{"raw":{"text":"지원자님께서 만약 일을 하던 중 직무가 적성에 맞지 않다고 느끼게 되면 어떻게 하시겠습니까 그런 상황을 가정하고 말씀해 주세요","wordCount":18},"emotion":[],"intent":[]},"answer":{"raw":{"text":"저는 이미 여러 가지 업무를 통해서 영업 마케팅 분야가 저에게 잘 맞는다고 확인을 했기 때문에 어 입사 이후에 똑같은 업무를 맡게 되면 저는 오히려 훨씬 더 능력을 발휘할 수 있을 것 같습니다. 어 제가 여러 가지 관계를 통해서 어 확인을 했는데요. 저는 여러 가지 부서에서 처음에 일하면서 저의 적성이 뭐가 잘 맞을까 에 대해서 테스트를 해 봤고요. 그 결과 영업 마케팅 팀이 가장 재미있고 또 제가 의욕적으로 할 수 있는 분야라고 생각을 했습니다. 그렇기 때문에 입사 이후에 적성이 맞지 않은 일은 발생하지 않을 수 있을 것 같습니다. 오히려 제가 어떻게 하면 더 영업 업무를 잘 할 수 있을까 커뮤니케이션 기술을 높이고 그리고 영업 실적을 달성하는 거에 대한 목적성을 오히려 둘 것 같습니다. 하지만 만약에 회사 입사 이후에 저를 다른 부서에 배치할 수도 있다고 생각을 하는데요. 이미 제가 다른 회사에서 여러 가지 부서를 겪어왔지만 그래도 회사에서 어 만약에 이제 보낸다고 하면 또 그 나름대로 경험하는 의미가 있을 것 같습니다. 저는 기본적으로 영업 업무가 저에게 가장 잘 맞다고 판단을 하기 때문에 훨씬 더 잘할 수 있는 능력을 계발하기 위해서 노력하고 있는 상황입니다.","wordCount":170},"emotion":[],"intent":[{"text":"","expression":"","category":"attitude"}],"summary":{"text":"저는 기본적으로 영업 업무가 제가 가장 잘 맞는다고 판단을 하기 때문에 훨씬 더 잘할 수 있는 능력을 계발하기 위해서 노력하고 있습니다. 저는 여러 가지 업무를 통해서 영업 마케팅 분야가 제 적성에 맞는다고 확인을 했기 때문에 입사 이후 똑같은 업무를 맡게 되면 오히려 훨씬 더 능력을 발휘할 수 있을 것 같습니다.","wordCount":50}}},"rawDataInfo":{"question":{"fileFormat":"wav","fileSize":508878,"duration":15900,"samplingBit":16,"channelCount":1,"samplingRate":"16kHz","audioPath":"/Mock/02.SalesMarketing/Female/Experienced/ckmk_q_sm_f_e_161573.wav"},"answer":{"fileFormat":"wav","fileSize":2752078,"duration":86000,"samplingBit":16,"channelCount":1,"samplingRate":"16kHz","audioPath":"/Mock/02.SalesMarketing/Female/Experienced/ckmk_a_sm_f_e_161573.wav"}}}