{"version":"1.0","dataSet":{"info":{"date":"20230116","occupation":"SM","channel":"MOCK","place":"ONLINE","gender":"FEMALE","ageRange":"45-54","experience":"EXPERIENCED"},"question":{"raw":{"text":"만약 이 면접에서 최종 탈락하신다면 어떤 점이 부족해서 탈락했다고 생각하실 것 같은지 솔직하게 답변 부탁드립니다","wordCount":15},"emotion":[],"intent":[]},"answer":{"raw":{"text":"어 탈락한다는 생각은 하고 싶지도 않고 그 지금까지 하지도 않고 있었는데요. 어 이렇게 물어보시니 잠시 지금 생각을 해 봤습니다. 어 글쎄요. 저는 부족한 점이 없다 라고 생각을 하고 있는데 저만큼 어 이 회사에 맞는 사람이 없다고 생각을 합니다만 어 부족한 점을 물어보신다면 제가 아 그동안에 어떤 경험이나 이런 부분을 좀 더 잘 그 어필을 했었어야 되는데 그런 부분이 부족하지 않았을까. 저의 경험이나 그 말하고 싶은 이런 부분을 제대로 전달하지 못해서 어 탈락하지 않았을까 그렇게 생각할 것 같습니다.","wordCount":77},"emotion":[],"intent":[{"text":"","expression":"","category":"attitude"}],"summary":{"text":"저는 부족한 점이 없다고 생각하는데 회사에 맞는 사람은 없다고 생각합니다만, 부족한 점을 질문한다면 제 경험이나 말하고 싶은 부분을 제대로 전달하지 못해서 탈락하지 않을까 생각합니다.","wordCount":24}}},"rawDataInfo":{"question":{"fileFormat":"wav","fileSize":564558,"duration":17640,"samplingBit":16,"channelCount":1,"samplingRate":"16kHz","audioPath":"/Mock/02.SalesMarketing/Female/Experienced/ckmk_q_sm_f_e_239885.wav"},"answer":{"fileFormat":"wav","fileSize":2062798,"duration":64459,"samplingBit":16,"channelCount":1,"samplingRate":"16kHz","audioPath":"/Mock/02.SalesMarketing/Female/Experienced/ckmk_a_sm_f_e_239885.wav"}}}