{"version":"1.0","dataSet":{"info":{"date":"20230116","occupation":"SM","channel":"MOCK","place":"ONLINE","gender":"FEMALE","ageRange":"35-44","experience":"EXPERIENCED"},"question":{"raw":{"text":"귀하께서는 자신이 맡은 브랜드를 바이어에게 어떤 식으로 홍보하실 건지 그 방법에 대해서 말씀해 주세요","wordCount":14},"emotion":[],"intent":[]},"answer":{"raw":{"text":"저한테 예산이 조금 많이 주어지게 된다면 그 바이어가 좋아하는 평소에 팬으로써 좋아하고 있는 연예인을 홍보 모델로 맡길 것 같습니다. 그래서 그 상품을 먼저 공개하기 이전에 바이어와 함께 어 식사를 하는 자리 등에서 그의 취향을 좀 파악할 것 같고 그 사람의 취향을 베이스로 홍보 방법을 어 세울 것 같습니다. 그래서 웬만하면은 어 저는 만약에 그 브랜드를 바이어가 좀 평소에 좋아하고 자주 이게 보게 되는 그런 연예인에게 어 처음에는 이제 그거를 착용하거나 뭐 사용하는 그런 것들의 이미지를 좀 노출시키는 거를 부탁을 할 거 같애요. 그래서 그 이미지들을 제가 이제 그 바이어한테 그 브랜드를 먼저 말하기 이전에 이미 그 바이어는 자기가 좋아하는 연예인을 통해서 그 이미지를 먼저 접하게 될 것이고 그러면 흥미를 가질 수 있을 거라고 생각이 들고 그래 그리고 나서 제가 그 브랜드를 그 바이어에게 홍보했을 때 쫌 더 그 사람이 친숙하게 더 다가올 것 같거든요. 저는 그런 방법을 취할 것 같습니다.","wordCount":140},"emotion":[],"intent":[{"text":"저한테 예산이 조금 많이 주어지게 된다면 그 바이어가 좋아하는 평소에 팬으로써 좋아하고 있는 연예인을 홍보 모델로 맡길 것 같습니다.","expression":"s_brand_strt","category":"technology"},{"text":"그래서 그 상품을 먼저 공개하기 이전에 바이어와 함께 어 식사를 하는 자리 등에서 그의 취향을 좀 파악할 것 같고   그 사람의 취향을 베이스로 홍보 방법을 어 세울 것 같습니다.","expression":"s_brand_strt","category":"technology"},{"text":"그래서 웬만하면은 어 저는 만약에 그 브랜드를   바이어가 좀 평소에 좋아하고 자주 이게 보게 되는 그런 연예인에게   어 처음에는 이제 그거를 착용하거나 뭐 사용하는 그런 것들의 이미지를 좀 노출시키는 거를 부탁을 할 거 같애요.","expression":"s_brand_strt","category":"technology"},{"text":"그래서 그 이미지들을 제가 이제 그 바이어한테 그 브랜드를 먼저 말하기 이전에   이미 그 바이어는 자기가 좋아하는 연예인을 통해서 그 이미지를 먼저 접하게 될 것이고 그러면 흥미를 가질 수 있을 거라고 생각이 들고 그래 그리고 나서   제가 그 브랜드를 그 바이어에게 홍보했을 때 쫌 더 그 사람이 친숙하게 더 다가올 것 같거든요.","expression":"s_brand_strt","category":"technology"}],"summary":{"text":"저한테 예산이 많이 주어진다면 그 바이어가 좋아하는 연예인을 홍보 모델로 맡길 것 같습니다. 그 상품을 먼저 공개하기 전에 바이어와 함께 식사하는 자리 등에서 그의 취향을 파악할 것 같고 그 사람의 취향을 베이스로 홍보 방법을 세울 것 같습니니다.","wordCount":37}}},"rawDataInfo":{"question":{"fileFormat":"wav","fileSize":409038,"duration":12780,"samplingBit":16,"channelCount":1,"samplingRate":"16kHz","audioPath":"/Mock/02.SalesMarketing/Female/Experienced/ckmk_q_sm_f_e_165925.wav"},"answer":{"fileFormat":"wav","fileSize":2616718,"duration":81770,"samplingBit":16,"channelCount":1,"samplingRate":"16kHz","audioPath":"/Mock/02.SalesMarketing/Female/Experienced/ckmk_a_sm_f_e_165925.wav"}}}