{"version":"1.0","dataSet":{"info":{"date":"20230116","occupation":"SM","channel":"MOCK","place":"ONLINE","gender":"FEMALE","ageRange":"45-54","experience":"EXPERIENCED"},"question":{"raw":{"text":"대학에서 배운 본인의 전공 과목 중 가장 기억에 남는 과목을 한 가지만 골라 말씀해 주실 수 있으실까요","wordCount":17},"emotion":[],"intent":[]},"answer":{"raw":{"text":"지금 뭐 그 과목이 정확한지는 잘 모르겠으나 심리학 마케팅 심리학 과목이 아니었나 싶습니다. 심리학에 대한 기본적인 그 심리학 기초 심리학 공부도 제가 아 좀 관심이 많기도 했었는데 아 그 부분을 마케팅과 접목 한 마케팅 심리학 쪽 공부를 하다 보니 어 뭐 광고를 왜 저런식으로 하는지 그런 실생활에 내가 보는 광고와 접목해서 또 그 회사들이 어떻게 광고를 하고 어 상품을 판매하기 위한 어필을 하는지 그 고객 관리라든지 여러모로 정말 어 재미있으면서도 또 쉽고 알아야만 하는 그런 공부 였었던 과목이었던 것 같습니다. 그래서 그 과목에 대한 부분이 지금도 그러니까 제가 이 업무를 할 경우에 많은 도움이 될 거고 저는 이제 그런 쪽에 관심이 많아서 어 서적이라든지 뭐 강이나 강연 이런 것들을 많이 보러 다니고 공부하고 했었던 것 같습니다.","wordCount":116},"emotion":[],"intent":[{"text":"","expression":"","category":"attitude"}],"summary":{"text":"심리학 마케팅 심리학 과목은 마케팅과 접목한 마케팅 심리학 쪽 공부를 하다 보니 광고와 접목해서 상품 판매 어필을 하는 방법 등 재미있으면서도 쉽고 알아야만 하는 공부 였던 것 같습니다. 그래서 이 업무를 할 경우에 많은 도움이 될 것 같아 서적, 강이나 강연 등을 많이 보러 다니고 공부했습니다.","wordCount":46}}},"rawDataInfo":{"question":{"fileFormat":"wav","fileSize":339918,"duration":10620,"samplingBit":16,"channelCount":1,"samplingRate":"16kHz","audioPath":"/Mock/02.SalesMarketing/Female/Experienced/ckmk_q_sm_f_e_239757.wav"},"answer":{"fileFormat":"wav","fileSize":2734798,"duration":85460,"samplingBit":16,"channelCount":1,"samplingRate":"16kHz","audioPath":"/Mock/02.SalesMarketing/Female/Experienced/ckmk_a_sm_f_e_239757.wav"}}}