{"version":"1.0","dataSet":{"info":{"date":"20230116","occupation":"SM","channel":"MOCK","place":"ONLINE","gender":"FEMALE","ageRange":"45-54","experience":"EXPERIENCED"},"question":{"raw":{"text":"지원자 분께서는 많은 에스앤에스 활동을 하고 계신 걸로 알고 있습니다 그렇다면 팔로워하고 있는 유튜브와 인스타그램 계정은 어떠한 것이 있는지 말씀해 보십시오","wordCount":21},"emotion":[],"intent":[]},"answer":{"raw":{"text":"아 제가 팔로우 하고 있는 먼저 유튜브 쪽은 그 개그 관련 재미있는 유튜브 그 쪽이나 아니면 그 살림 영상 어 요리하는 영상 이런 유트를 보구요. 그 인스타그램 같은 경우는 어 초기에는 팔로워 늘리는 재미로 서로 소통하기 위해서 어 이제 뭐 특별하지는 않고 어 저한테 먼저 팔로우 해주는 사람은 맞팔을 많이 했었고 어 좀 더 지난 후에는 어 요리하는 제가 이제 요리하는 요리 스타그램을 하고 있기 때문에 요리하는 분들의 어 그런 그 인스타그램 계정을 팔로우 많이 하고요. 그리고 이제 개중에는 연예인 제가 좋아하는 연예인 인스타그램 팔로우로 하고 있습니다. 그 부분이 뭐 이렇게 그 팔로우 하고 업데이트하면 또 서로 뜨고 좋아요 눌르고 하면서 어 소통을 하다 보니 내가 잘 모르는 사람과도 또 친할 수 있고 그런 것들이 굉장히 재미있고 좋은 것 같습니다.","wordCount":120},"emotion":[{"text":"보니 내가 잘 모르는 사람과도 또 친할 수 있고 그런 것들이 굉장히 재미있고 좋은 것 같습니다.","expression":"p-interest","category":"positive"}],"intent":[{"text":"","expression":"","category":"attitude"}],"summary":{"text":"제가 팔로우하는 유튜브 쪽으로는 개그 관련 유튜브나 살림 영상, 요리하는 영상 이런 유튜브, 인스타그램은 요리하는 제가 요리스타그램을 하고 있기 때문에 요리하는 분들의 인스타그램 계정을 팔로우하고 있습니다. 소통을 하다 보니 모르는 사람과도 친할 수 있고 굉장히 재미있고 좋습니다.","wordCount":37}}},"rawDataInfo":{"question":{"fileFormat":"wav","fileSize":473678,"duration":14800,"samplingBit":16,"channelCount":1,"samplingRate":"16kHz","audioPath":"/Mock/02.SalesMarketing/Female/Experienced/ckmk_q_sm_f_e_239888.wav"},"answer":{"fileFormat":"wav","fileSize":2787278,"duration":87100,"samplingBit":16,"channelCount":1,"samplingRate":"16kHz","audioPath":"/Mock/02.SalesMarketing/Female/Experienced/ckmk_a_sm_f_e_239888.wav"}}}