{"version":"1.0","dataSet":{"info":{"date":"20230116","occupation":"SM","channel":"MOCK","place":"ONLINE","gender":"FEMALE","ageRange":"45-54","experience":"EXPERIENCED"},"question":{"raw":{"text":"만약에 지원자님이 하고 싶은 일 말고 다른 직무를 맡게 되신다면 어떻게 하시겠습니까 그래도 괜찮으실까요","wordCount":14},"emotion":[],"intent":[]},"answer":{"raw":{"text":"네 저는 솔직히 회사에 다니면서 다양한 업무를 하고 싶습니다. 그래서 제가 지원한 업무에 꼭 배치가 안 되더라도 다른 타 부서에 저를 배치시켜 주신다면 저는 또 그 분야에서 나름 최선을 다해서 네 열심히 일하고 또 성과를 창출할 수 있도록 할 겁니다. 어 저는 기본적으로 성격상 다양한 것을 경험해보고 배우는 걸 좋아하는 편인 것 같습니다. 어 그래서 여러 가지를 도전 해보고 또 계속해서 시도하는 편인데요. 어 여러 가지를 도전하다 보면 또 어려움이 많습니다. 제 스스로 극복해야 되는 부분도 있고 잘 모르는 부분은 계속해서 반복적으로 함으로써 익숙해지도록 하는 그런 시간과 과정들이 필요한데요. 하지만 저는 그런 경험들이 저에게 나중에는 훨씬 더 큰 성장을 이룰 수 있다고 생각을 합니다. 그래서 만약에 저를 다른 직무에 맡겨 주신다고 하더라도 저는 일단 그 부서에서 일을 하게 될 것 같고요. 그리고 만약에 제가 도저히 뭐 다른 부서로 가고 싶다 라고 하면 회사의 시스템상 그것들을 건의할 수 있는 여지가 있다고 생각을 합니다. 만약에 추후에 그게 변동 가능성이 있고 또 저에게 열린 기회가 있다고 하면 저는 문제 될 게 없다고 생각을 하고 있습니다.","wordCount":162},"emotion":[],"intent":[{"text":"어 저는 기본적으로 성격상 다양한 것을 경험해보고   배우는 걸 좋아하는 편인 것 같습니다.","expression":"c_person","category":"background"}],"summary":{"text":"저는 회사에 다니면서 다양한 업무를 하고 싶은데 꼭 배치가 안 되더라도 다른 부서에 배치된다면 열심히 일하고 성과를 창출할 수 있을 것입니다. 성격상 다양한 것을 경험하고 배우는 걸 좋아하는데 여러 가지를 도전하다 보면 또 어려움이 많은데, 제 스스로 극복해야 되는 부분도 있고 잘 모르는 부분은 반복적으로 함으로써 익숙해지도록 하는 시간과 과정들이 필요합니다.","wordCount":51}}},"rawDataInfo":{"question":{"fileFormat":"wav","fileSize":361038,"duration":11280,"samplingBit":16,"channelCount":1,"samplingRate":"16kHz","audioPath":"/Mock/02.SalesMarketing/Female/Experienced/ckmk_q_sm_f_e_114860.wav"},"answer":{"fileFormat":"wav","fileSize":2750158,"duration":85940,"samplingBit":16,"channelCount":1,"samplingRate":"16kHz","audioPath":"/Mock/02.SalesMarketing/Female/Experienced/ckmk_a_sm_f_e_114860.wav"}}}