{"version":"1.0","dataSet":{"info":{"date":"20230116","occupation":"SM","channel":"MOCK","place":"ONLINE","gender":"FEMALE","ageRange":"-34","experience":"EXPERIENCED"},"question":{"raw":{"text":"직무 수행 시에 난관에 봉착했다면 어떻게 해결하실 건가요 지원자님의 해결법과 그 이유에 대해서 말씀 부탁드립니다","wordCount":15},"emotion":[],"intent":[]},"answer":{"raw":{"text":"어 저는 직무 수행 시 어 난간에 봉착하게 된다면 선임님 혹은 팀장님에게 해당 사항을 말씀드리며 해결 방법을 알아내는 편입니다. 그 이후에는 선임님의 조언과 해결 방법을 컴퓨터 메모장에 입력한 이후에 재차 내용을 상기하는데요. 일단 선임님께 조언을 구하는 이유는 모르는 부분에 독단적으로 판단하고 수행할 경우에는 실수가 발생될 수 있으며 혹은 회사 내에서 큰 문제로 발생될 수 있기 때문입니다. 어 두 번째로는 어 메모장 메모 재차 상기하는 이유는 막상 메모만 해 놓으면 추후에는 기억이 안 날 수가 있기 때문에 어 다시 한 번 상기를 할 경우에는 동일한 상황이 생기더라도 추후에 스스로 해결하기 어 쉬울 것 같아 어 쉬울 것 같다고 생각합니다.","wordCount":98},"emotion":[],"intent":[{"text":"","expression":"","category":"attitude"}],"summary":{"text":"저는 직무 수행 시 난간에 봉착하게 되면 선임님과 팀장님에게 해당 사항을 말씀드리며 해결 방법을 알아내는 편입니다. 그 이후에는 선임님의 조언과 해결 방법을 컴퓨터 메모장에 입력한 후에 재차 내용을 상기합니다.","wordCount":29}}},"rawDataInfo":{"question":{"fileFormat":"wav","fileSize":615118,"duration":19220,"samplingBit":16,"channelCount":1,"samplingRate":"16kHz","audioPath":"/Mock/02.SalesMarketing/Female/Experienced/ckmk_q_sm_f_e_239664.wav"},"answer":{"fileFormat":"wav","fileSize":1941838,"duration":60680,"samplingBit":16,"channelCount":1,"samplingRate":"16kHz","audioPath":"/Mock/02.SalesMarketing/Female/Experienced/ckmk_a_sm_f_e_239664.wav"}}}