{"version":"1.0","dataSet":{"info":{"date":"20230116","occupation":"SM","channel":"MOCK","place":"ONLINE","gender":"FEMALE","ageRange":"35-44","experience":"EXPERIENCED"},"question":{"raw":{"text":"만약 일을 하던 중 팀원과 불화가 생긴다면 지원자님은 어떻게 해결하시겠습니까 해결법을 알려주세요","wordCount":12},"emotion":[],"intent":[]},"answer":{"raw":{"text":"네 저는 만약에 팀원끼리 일을 하다가 불화가 발생했다고 하더라도 지혜롭게 헤쳐나가도록 하겠습니다. 그동안 저는 영업팀에서 근무를 하면서 다양한 팀 프로젝트를 진행을 했습니다. 사실 혼자 하는 업무보다는 전에 회사에서는 팀원끼리 같이 협업을 하고 팀 프로젝트를 많이 진행을 했었는데요. 아 아무래도 전에 회사에서는 서비스를 위주로 어 마케팅 전략을 짜다보니까 팀원끼리 협의해야 되고 또 상호 작용해 두는 일들이 많았습니다. 그중에서 어 팀원끼리 서로 싸우거나 아니면 불화가 발생했을 수도 있고요. 그다음에 감정적인 문제가 겹치면서 업무에도 지장을 준 적도 있었습니다. 하지만 저는 이러한 사항들을 조금 지혜롭게 해결해 나가는데요. 서로 감정적으로 풀릴 수 있도록 업무 시간 외에 교류하는 시간을 늘렸고요. 그다음에 서로 조금 더 의사소통을 편하게 할 수 있도록 수평적인 그런 분위기를 조성을 했습니다. 이런 노력을 통해서 충분히 협의가 가능하다고 생각을 하고요. 앞으로 팀 프로젝트를 하더라도 유연하고 원만하게 해결을 해서 팀원들을 잘 이끌 수 있도록 하겠습니다.","wordCount":130},"emotion":[],"intent":[{"text":"사실 혼자 하는 업무보다는 전에 회사에서는   팀원끼리 같이 협업을 하고 팀 프로젝트를 많이 진행을 했었는데요.","expression":"c_cop","category":"personality"},{"text":"서로 감정적으로 풀릴 수 있도록   업무 시간 외에 교류하는 시간을 늘렸고요.","expression":"c_confl_mg","category":"personality"},{"text":"그다음에 서로 조금 더 의사소통을    편하게 할 수 있도록 수평적인 그런 분위기를 조성을 했습니다.","expression":"c_confl_mg","category":"personality"}],"summary":{"text":"저는 영업팀에서 근무를 하면서 팀원끼리 일을 하다가 불화가 발생했다고 하더라도 지혜롭게 헤쳐나가도록 하겠습니다. 감정적으로 풀 수 있도록 업무 시간 외에 교류하는 시간을 늘렸고, 의사소통을 편하게 할 수 있도록 수평적인 분위기를 조성했습니다. 이런 노력을 통해서 충분히 협의가 가능하다고 생각합니다. 앞으로 유연하고 원만하게 해결을 해서 팀원들을 잘 이끌 수 있도록 하겠습니다.","wordCount":49}}},"rawDataInfo":{"question":{"fileFormat":"wav","fileSize":293198,"duration":9160,"samplingBit":16,"channelCount":1,"samplingRate":"16kHz","audioPath":"/Mock/02.SalesMarketing/Female/Experienced/ckmk_q_sm_f_e_107702.wav"},"answer":{"fileFormat":"wav","fileSize":2558158,"duration":79940,"samplingBit":16,"channelCount":1,"samplingRate":"16kHz","audioPath":"/Mock/02.SalesMarketing/Female/Experienced/ckmk_a_sm_f_e_107702.wav"}}}