{"version":"1.0","dataSet":{"info":{"date":"20230116","occupation":"SM","channel":"MOCK","place":"ONLINE","gender":"FEMALE","ageRange":"35-44","experience":"EXPERIENCED"},"question":{"raw":{"text":"지원자분께서는 무언가를 달성하시기 위해서 목표를 하나로 세우고 어 이 년에서 삼 년 정도 굉장히 오랫동안 열심히 노력해서 그 목표를 달성하셨던 경험이 있으신지 말해주실 수 있나요","wordCount":25},"emotion":[],"intent":[]},"answer":{"raw":{"text":"저는 기본적으로 영업 사원이 된 이후부터 매년 계획을 세우고 있습니다. 그리고 월별로 아무래도 실적이 좀 중요하기 때문에 제가 실적 달성 부분에 있어서도 관리를 하는 편입니다. 특히 제가 삼 년 동안 어 전에 회사에서 마케팅 영업 팀을 담당을 하면서 여러 가지 계획을 세웠는데요. 그것들을 대부분 저는 달성했다는 자신감이 있는 것 같습니다. 일단 지금 제가 하고 있는 영업보다 훨씬 더 실적을 삼십 퍼센트 이상 삼 년 간 높여보자 라는 계획을 세웠고요. 그리고 연간 십 퍼센트 이상 성장하겠다 라는 큰 목표를 세웠습니다. 그리고 나서 그걸 달성하기 위해서 또 세부 계획도 여러 가지로 짜보다 보니까 제가 아마 도전할 수 있었던 가장 큰 계기가 된 것 같습니다. 앞으로도 저는 입사를 하게 된다고 하면 중 장기적인 목표를 세우고 또 그거에 맞춰서 실행할 수 있는 그런 사람이 되도록 하겠습니다. 어 저는 목적성을 가지고 목표를 세우고 사는 인생이 굉장히 중요하다고 생각을 하고요. 그리고 저도 그걸 위해서 노력하고 달려가고 또 막상 이루고 나면 굉장히 성취감도 크고 즐거운 점이 많았습니다. 앞으로 항상 성장할 수 있는 그러한 사람이 되도록 하겠습니다.","wordCount":159},"emotion":[{"text":"어 저는 목적성을 가지고 목표를 세우고 사는 인생이 굉장히   중요하다고 생각을 하고요.","expression":"u-belief","category":"neutral"}],"intent":[{"text":"일단 지금 제가 하고 있는   영업보다 훨씬 더 실적을 삼십 퍼센트 이상 삼 년 간 높여보자 라는 계획을 세웠고요.","expression":"c_chl","category":"personality"},{"text":"그리고 연간 십 퍼센트 이상 성장하겠다 라는 큰 목표를 세웠습니다.","expression":"c_chl","category":"personality"},{"text":"앞으로도 저는 입사를 하게 된다고   하면 중 장기적인 목표를 세우고 또 그거에 맞춰서 실행할 수 있는 그런   사람이 되도록 하겠습니다.","expression":"c_imp","category":"personality"}],"summary":{"text":"저는 기본적으로 영업 사원이 된 이후부터 매년 계획을 세우고 있습니다. 특히 삼 년 동안 마케팅 영업 팀을 담당하면서 실적을 높이고 연간 십 퍼센트 이상 성장하겠다는 큰 목표를 세웠습니다. 앞으로 저는 중 장기적인 목표를 세우고 실행할 수 있는 사람이 되도록 하겠습니다. 목적성을 가지고 목표를 세우고 사는 삶이 중요하다고 생각합니다.","wordCount":48}}},"rawDataInfo":{"question":{"fileFormat":"wav","fileSize":612878,"duration":19150,"samplingBit":16,"channelCount":1,"samplingRate":"16kHz","audioPath":"/Mock/02.SalesMarketing/Female/Experienced/ckmk_q_sm_f_e_161574.wav"},"answer":{"fileFormat":"wav","fileSize":2685198,"duration":83910,"samplingBit":16,"channelCount":1,"samplingRate":"16kHz","audioPath":"/Mock/02.SalesMarketing/Female/Experienced/ckmk_a_sm_f_e_161574.wav"}}}