{"version":"1.0","dataSet":{"info":{"date":"20230116","occupation":"SM","channel":"MOCK","place":"ONLINE","gender":"FEMALE","ageRange":"35-44","experience":"EXPERIENCED"},"question":{"raw":{"text":"지원자님께서는 어떤 문제에 부딪쳤을 때 혼자 해결하는 편인가요 아니면 여러 사람들에게 이야기를 하는 편인가요","wordCount":14},"emotion":[],"intent":[]},"answer":{"raw":{"text":"저는 어떤 문제에 부딪쳤을 때 처음에는 혼자 해결하는 편입니다. 여러 다른 사람들께 이야기를 해서 조언을 받을 수는 있지만 오히려 다양한 이야기들을 혼란스럽게 만들고 저를 더 흔들리게 하는 경우를 많이 보았습니다. 그래서 제가 처음에 생각했던 해결 방식과 다른 방향으로 흘러가는 경우가 있어 후회한 적도 있었고 그 어차피 해결의 결과는 제 스스로가 받아들여야 하는 것이기 때문에 저는 혼자 해결하는 편입니다. 하지만 문 만약에 문제가 부딪쳤을 때 이것이 간단하게 해결하는 문제가 아니라 결과가 미치는 영향이 나 자신에게 국한된 것이 아닌 회사나 다른 사람들한테도 영향을 미칠 때는 스스로 해결하기 위해서 끌끙 앓기보다는 저보다 그 일을 더욱더 잘 아는 전문가나 경험이 많은 분들을 찾아가서 의견을 묻습니다. 따라서 결론은 저는 제 개인적인 일은 제 스스로가 부딪친 문제나 회사가 다른 사람 부딪친 문제가 회사나 다른 사람에 영향을 미칠 때는 여러 사람들보다는 좀 객관적으로 판단할 수 있는 기준이 되는 전문가 또는 경험이 많은 분들을 선택해서 해결하는 편입니다.","wordCount":139},"emotion":[],"intent":[{"text":"저는 어떤 문제에 부딪쳤을 때 처음에는 혼자 해결하는 편입니다.","expression":"c_person","category":"background"},{"text":"그래서 제가 처음에 생각했던 해결 방식과 다른 방향으로 흘러가는 경우가 있어 후회한 적도 있었고 그 어차피 해결의 결과는 제 스스로가 받아들여야 하는 것이기 때문에 저는 혼자 해결하는 편입니다.","expression":"c_person","category":"background"}],"summary":{"text":"저는 어떤 문제에 부딪쳤을 때 처음에는 혼자 해결하는 편이지만, 결과가 제 스스로가 받아들여야 하는 것이기 때문에 혼자 해결하는 편입니다. 하지만 결과가 회사나 다른 사람들한테도 영향을 미칠 때는 객관적으로 판단할 수 있는 기준이 되는 전문가나 경험이 많은 분들을 찾아가 의견을 묻습니다.","wordCount":40}}},"rawDataInfo":{"question":{"fileFormat":"wav","fileSize":367118,"duration":11470,"samplingBit":16,"channelCount":1,"samplingRate":"16kHz","audioPath":"/Mock/02.SalesMarketing/Female/Experienced/ckmk_q_sm_f_e_240600.wav"},"answer":{"fileFormat":"wav","fileSize":2382478,"duration":74450,"samplingBit":16,"channelCount":1,"samplingRate":"16kHz","audioPath":"/Mock/02.SalesMarketing/Female/Experienced/ckmk_a_sm_f_e_240600.wav"}}}