{"version":"1.0","dataSet":{"info":{"date":"20230116","occupation":"SM","channel":"MOCK","place":"ONLINE","gender":"FEMALE","ageRange":"45-54","experience":"EXPERIENCED"},"question":{"raw":{"text":"인생을 살면서 무엇인가 하나에 푹 빠져 몰두해 본 적이 있으신가요 만약 있다고 하면 그것이 무엇인지 이야기해 주세요","wordCount":17},"emotion":[],"intent":[]},"answer":{"raw":{"text":"저는 그림 그리는 일을 굉장히 좋아하는데요. 제가 그 그림을 그리고 있으면 그거에 몰두해서 정말 푹 빠져서 지내는 것 같습니다. 어 어떤 일을 할 때 몰두 집중이라는 게 굉장히 저는 중요하다는 생각이 드는데요. 본인이 원하고 좋아하는 일을 할 때 극의 영향이 발휘되는 것 같습니다. 어 저는 집에서 그림을 그리거나 혹은 아니면 어 밖에 나가서 풍경을 그리는 일들을 하게 되는데요. 저의 번외 취미활동입니다. 그림 그리기를 할 때 일단 아무 생각이 없어지게 몰두할 수가 있고요. 그리고 제가 그런 그림 그리는 작업을 할 때 가장 재미있고 또 집중력이 높아지는 것 같습니다. 그래서 저는 인생을 살면서 이렇게 몰두하고 집중해 보는 게 굉장히 중요한 경험이라고 생각을 하고요. 어 본인에게만 집중할 수 있고 또 나아가서 잠재력을 개발할 수 있기 때문에 저는 이런 시간이 가장 소중하다고 생각을 합니다. 그리고 뿐만 아니라 저는 일에도 굉장히 몰두하고 집중력이 높은 편인데요. 일을 할 때 제가 가장 또 행복감을 느끼고 자아실현도 하고 있기 때문에 앞으로도 이 영업 업무를 하면서 저의 잠재력을 개발을 하고 또 집중도 있게 영향을 높이고 싶습니다.","wordCount":157},"emotion":[{"text":"그리고 제가 그런 그림 그리는 작업을 할 때   가장 재미있고 또 집중력이 높아지는 것 같습니다.","expression":"p-interest","category":"positive"},{"text":"일을 할 때 제가 가장 또 행복감을 느끼고 자아실현도   하고 있기 때문에 앞으로도 이 영업 업무를 하면서 저의 잠재력을 개발을 하고   또 집중도 있게 영향을 높이고 싶습니다.","expression":"p-interest","category":"positive"}],"intent":[{"text":"","expression":"","category":"attitude"}],"summary":{"text":"그림 그리는 일을 매우 좋아하는데, 그림을 그리고 있으면 극의 영향이 발휘되는 것 같습니다. 취미활동으로 그림 그리기를 할 때 제일 재미있고 집중력이 높아집니다. 이것을 통해 본인에게만 집중할 수 있고 잠재력을 개발할 수 있기 때문에 저는 이 시간이 가장 소중하다고 생각합니다. 앞으로 이 영업 업무를 하면서 저의 잠재력을 개발하고 영향을 높이고 싶습니다.","wordCount":50}}},"rawDataInfo":{"question":{"fileFormat":"wav","fileSize":475598,"duration":14860,"samplingBit":16,"channelCount":1,"samplingRate":"16kHz","audioPath":"/Mock/02.SalesMarketing/Female/Experienced/ckmk_q_sm_f_e_115117.wav"},"answer":{"fileFormat":"wav","fileSize":2750158,"duration":85940,"samplingBit":16,"channelCount":1,"samplingRate":"16kHz","audioPath":"/Mock/02.SalesMarketing/Female/Experienced/ckmk_a_sm_f_e_115117.wav"}}}