{"version":"1.0","dataSet":{"info":{"date":"20230116","occupation":"SM","channel":"MOCK","place":"ONLINE","gender":"FEMALE","ageRange":"45-54","experience":"EXPERIENCED"},"question":{"raw":{"text":"따로 현재 스터디를 하고 계신 것이 있으신지 있다면 어떤 공부를 하고 있고 그 공부를 현재 왜 하고 계신지 설명해 주시기 바랍니다","wordCount":21},"emotion":[],"intent":[]},"answer":{"raw":{"text":"저는 영업을 하고 있는 사람들이 같이 모여서 주기적으로 스터디를 하고 모임을 가지고 있습니다. 어 왜 이 이야기가 중요하냐면 어 저희가 같이 영업하는 사람들끼리 그 공감대를 형성하면서도 업무적인 이야기를 할 뿐만 아니라 또 그 외에 감정들을 풀면서 서로 소통하는 게 굉장히 중요하다고 생각을 합니다. 그리고 최근에 영업 트렌드도 굉장히 많이 바뀌고 있습니다. 그래서 그 업에 종사하는 사람들끼리 만나서 그 사람들끼리만 나눌 수 있는 대화의 수준이라는 게 있는데요. 그래서 저는 이 스터디를 굉장히 좋아하고 또 이 모임을 소중하게 생각하는 편인 것 같습니다. 어 아무래도 공통의 관심사이기 때문에 그 일에 대해서 자연스럽게 이야기가 나오는데요. 어쩌면 업무의 연장이라고 생각할 수도 있지만 그 업무를 통해서 저희가 느끼고 배우는 게 굉장히 많은 것 같습니다. 또 일을 할 때는 개인에게 집중하기 때문에 이런 모임을 통해서 친분을 쌓고 그리고 같이 협업할 수 있는 그런 기회도 만들 수가 있는데요. 그래서 저는 앞으로도 이 스터디를 계속해서 해나갈 예정이고요. 또 기회가 된다면 쪼금 체계적으로 스터디를 해서 서로의 업무에도 도움이 될 수 있도록 하는 방향으로 어 운영할 계획입니다.","wordCount":156},"emotion":[],"intent":[{"text":"","expression":"","category":"attitude"}],"summary":{"text":"영업하는 사람들끼리 주기적으로 스터디를 하고 모임을 가지는 것은 공감대를 형성하면서도 업무적인 이야기와 감정들을 풀면서 서로 소통하는 게 중요하다고 생각합니다. 업무의 연장이라고 생각할 수도 있지만 업무를 통해서 느끼고 배우는 게 굉장히 많고, 일을 할 때는 개인에게 집중하기 때문에 이런 모임을 통해서 인맥을 쌓고 같이 협업할 수 있는 기회도 만들 수 있습니다.","wordCount":50}}},"rawDataInfo":{"question":{"fileFormat":"wav","fileSize":642638,"duration":20080,"samplingBit":16,"channelCount":1,"samplingRate":"16kHz","audioPath":"/Mock/02.SalesMarketing/Female/Experienced/ckmk_q_sm_f_e_115120.wav"},"answer":{"fileFormat":"wav","fileSize":2752718,"duration":86020,"samplingBit":16,"channelCount":1,"samplingRate":"16kHz","audioPath":"/Mock/02.SalesMarketing/Female/Experienced/ckmk_a_sm_f_e_115120.wav"}}}