{"version":"1.0","dataSet":{"info":{"date":"20230116","occupation":"SM","channel":"MOCK","place":"ONLINE","gender":"FEMALE","ageRange":"45-54","experience":"EXPERIENCED"},"question":{"raw":{"text":"사내 스터디를 만약에 만들어서 공부할 수 있게 된다면 어떤 것을 공부하고 싶으신가요 그 공부를 하고 싶으신 이유도 같이 말씀해 주세요","wordCount":20},"emotion":[],"intent":[]},"answer":{"raw":{"text":"어 사내 스터디를 만들어서 공부할 수 있다면 어 저는 심리학 관련 그까 철학이나 심리학 관련한 그런 부분의 공부를 좀 어 심도 있게 좀 깊이 있게 하면 어떨까 싶습니다. 어 영업이나 판매라는 부분이 사람의 마음을 사야 되는 어 그렇게 하면서 소통을 하고 친해지면서 뭐 매출을 증대시키고 이런 수순이기 때문에 어 심리 파악하는 게 굉장히 중요 하다고 생각을 합니다. 그렇기 때문에 뭐 그 심리학 철학 더 넓게는 그런 부분에 좀 심도 있게 깊이 있는 그런 공부를 모든 직원들이 한다면 어 영업을 할 때 또 어떤 판매를 할 때 광고를 할 때 어 기본적으로 어떤 그 기본이 있기 때문에 더 많은 아이디어 더 좋은 생각 창의적인 생각들이 나오지 않을까 싶어서 어 물론 저는 개인적으로도 그 심리학 쪽에 관심이 있어서 뭐 책도 많이 보고 강연 강의도 들으러 다니긴 하지만 아 사내 스터디를 통해서 그 좀 깊이 있는 그런 심리학이나 마케팅 철학 그 마케팅 심리학 또 철학 관련 공부를 했으면 어떨까 싶습니다.","wordCount":147},"emotion":[],"intent":[{"text":"","expression":"","category":"attitude"}],"summary":{"text":"사내 스터디를 만들어 심리학 관련 철학을 공부할 수 있다면 좋을 것 같습니다. 영업이나 판매는 사람의 마음을 사고 소통하며 매출을 증대시키는 것이므로 심리 파악이 중요하다고 생각합니다. 심리학 철학 더 심도 있는 공부를 직원들이 한다면 창의적인 생각들이 나올 것 같아 회사 스터티를 만들어 공부를 했으면 좋겠습니다.","wordCount":44}}},"rawDataInfo":{"question":{"fileFormat":"wav","fileSize":377038,"duration":11780,"samplingBit":16,"channelCount":1,"samplingRate":"16kHz","audioPath":"/Mock/02.SalesMarketing/Female/Experienced/ckmk_q_sm_f_e_239756.wav"},"answer":{"fileFormat":"wav","fileSize":3129358,"duration":97790,"samplingBit":16,"channelCount":1,"samplingRate":"16kHz","audioPath":"/Mock/02.SalesMarketing/Female/Experienced/ckmk_a_sm_f_e_239756.wav"}}}