{"version":"1.0","dataSet":{"info":{"date":"20230116","occupation":"SM","channel":"MOCK","place":"ONLINE","gender":"FEMALE","ageRange":"35-44","experience":"EXPERIENCED"},"question":{"raw":{"text":"무언가를 달성하기 위해 목표를 세우고 이 삼 년간 열심히 노력을 해서 그 목표를 달성한 경험이 있나요","wordCount":16},"emotion":[],"intent":[]},"answer":{"raw":{"text":"네 저는 이 년에서 삼 년 정도 중 장기적인 계획을 세우고 실제로 목표에 달성한 적이 있습니다. 저는 기본적으로 영업을 할 때 단기적인 계획과 중 장기적인 계획을 매년 세우게 되는데요. 제가 어느 목적 방향을 가지고 있고 그리고 그 계획별로 어떤 것들을 실천해야 하는지 제 스스로 잘 알고 있습니다. 그래서 제가 삼 년 전에 결심을 한 게 있었는데요. 사실 영업은 사람에게 하는 거다 보니까 어떤 특정의 대상에 대한 인력에 대한 리스트를 가지고 있는 게 굉장히 중요하다고 생각이 들었습니다. 어 다만 이런 인력에 대한 인간관계를 늘리기 위해서는 단순하게 회사만 반복적으로 다니다보면 늘리기가 쉽지가 않았습니다. 그래서 저는 업무 시간 외에 짜투리 시간을 활용해서 그 인간관계를 늘리기 위한 활동들을 굉장히 많이 진행을 했는데요. 그래서 저는 인맥을 세 배 정도 높이겠다고 결심을 했습니다. 그런데 삼 년 뒤에는 세 배가 아니라 다섯 배 정도로 사람 수도 늘리고 또 깊이 있는 인간관계를 맺게 됐는데요. 전 앞으로 이런 노력들을 통해서 제 스스로 발전하고 목표를 달성할 수 있는 사람이 되도록 하겠습니다.","wordCount":151},"emotion":[],"intent":[{"text":"그래서 저는 업무 시간 외에 짜투리 시간을 활용해서   그 인간관계를 늘리기 위한 활동들을 굉장히 많이 진행을 했는데요.","expression":"s_intp","category":"attitude"},{"text":"그래서 저는   인맥을 세 배 정도 높이겠다고 결심을 했습니다.","expression":"c_chl","category":"personality"},{"text":"그런데 삼 년 뒤에는 세   배가 아니라 다섯 배 정도로 사람 수도 늘리고 또 깊이 있는 인간관계를 맺게 됐는데요.","expression":"s_intp","category":"attitude"}],"summary":{"text":"저는 이 년에서 삼 년 정도 중 장기적인 계획을 세우고 실제로 목표에 달성하였습니다. 특정의 대상에 대한 인력에 대한 리스트를 가지고 인간관계를 늘리기 위해 업무 시간 외에 짜투리 시간을 활용해서 인맥을 세 배 정도 높이겠다고 결심을 했습니다. 앞으로 이런 노력들을 통해서 제 스스로 발전하고 목표를 달성할 수 있는 사람이 되도록 하겠습니다.","wordCount":50}}},"rawDataInfo":{"question":{"fileFormat":"wav","fileSize":353038,"duration":11030,"samplingBit":16,"channelCount":1,"samplingRate":"16kHz","audioPath":"/Mock/02.SalesMarketing/Female/Experienced/ckmk_q_sm_f_e_107700.wav"},"answer":{"fileFormat":"wav","fileSize":2680398,"duration":83760,"samplingBit":16,"channelCount":1,"samplingRate":"16kHz","audioPath":"/Mock/02.SalesMarketing/Female/Experienced/ckmk_a_sm_f_e_107700.wav"}}}