{"version":"1.0","dataSet":{"info":{"date":"20230116","occupation":"SM","channel":"MOCK","place":"ONLINE","gender":"FEMALE","ageRange":"35-44","experience":"EXPERIENCED"},"question":{"raw":{"text":"본인이 생각할 때 혹은 본인의 경험에 비추어서 사람들과 협업을 하며 가장 어려웠던 점은 무엇이었습니까 그리고 그것을 어떻게 극복했는지도 말씀 부탁드리겠습니다","wordCount":20},"emotion":[],"intent":[]},"answer":{"raw":{"text":"당연히 해야 될 일 당연히 해야 될 일들이 있잖아요. 뭐 학교에서 만약에 우리가 수업 받는 학생일 때는 아무리 하기 싫어도 기본적으로 이 수업을 들어야 한다 는 어떤 의무감이 있고 직장에서도 똑같이 내가 하기 싫지만 내가 이 직장을 다니는 이상 그래도 수행해야 하는 업무가 있는 건데 그런 걸 기본적으로 이해하지 못하는 팀원이랑 같이 협업을 한 적이 있었어요. 그래서 그냥 하나부터 열까지 자기가 그걸 왜 해야 되는지 모르겠다 는 거죠. 그러니까 예를 들어서 그런 거죠. 누가 이 업무가 싫어서 이 업무를 그러면 이 사람이 맞는 걸로 하죠 라는 식으로 이렇게 좀 적합한 사람을 찾을 때 그럼 결국 다들 이 사람이 하기 싫으면 나도 하기 싫은 거고 쟤가 하기 싫음 나도 하기 싫은 건데 왜 자꾸 나는 시키냐 라는 식으로 가는 거죠. 그러니까 애초에 처음에 거절한 사람부터가 그냥 싫다고 떠넘겨 버리니까 모두가 다 그런 마인드로 있었던 적이 있어서 그때는 조금 감정에 호소를 했던 것 같아요. 왜 당연히 해야 될 것에 대해서 하지 않으려고 하냐 그러면 뭘 위해 회사로 나오냐 그래서 조금 팀원들이 그때 들어 들어줬던 것 같아요.","wordCount":164},"emotion":[],"intent":[{"text":"","expression":"","category":"attitude"}],"summary":{"text":"수업 받는 학생일 때는 수업에 대한 의무감이 있는 건데 그걸 이해하지 못하는 팀원들과 같이 협업을 한 적이 있었는데, 업무를 왜 해야 되는지 모르겠다는 마인드를 가지고 있어서 거절한 사람이 그냥 싫다고 떠넘겨 버려서 감정에 호소를 했던 것 같습니다.","wordCount":37}}},"rawDataInfo":{"question":{"fileFormat":"wav","fileSize":551758,"duration":17240,"samplingBit":16,"channelCount":1,"samplingRate":"16kHz","audioPath":"/Mock/02.SalesMarketing/Female/Experienced/ckmk_q_sm_f_e_195528.wav"},"answer":{"fileFormat":"wav","fileSize":2842318,"duration":88820,"samplingBit":16,"channelCount":1,"samplingRate":"16kHz","audioPath":"/Mock/02.SalesMarketing/Female/Experienced/ckmk_a_sm_f_e_195528.wav"}}}