{"version":"1.0","dataSet":{"info":{"date":"20230116","occupation":"SM","channel":"MOCK","place":"ONLINE","gender":"FEMALE","ageRange":"-34","experience":"EXPERIENCED"},"question":{"raw":{"text":"어 지원자는 젊은 사람들이 아이폰을 선호하는 이유에 대해서 어떻게 생각하고 계신가요","wordCount":11},"emotion":[],"intent":[]},"answer":{"raw":{"text":"젊은 사람들이 아이폰을 선호하는 이유는 어 일단 아이폰에 세련된 디자인 때문이라고 생각합니다. 아이폰은 새로운 기종이 나올 때마다 어 스포 모델이 뜨는 등 어 그런 것들이 상당히 이슈를 끌고 있을 정도로 어 디자인에 굉장히 사람들의 시선이 집중되는 것을 알 수 있습니다. 그렇기 때문에 사람들이 아이폰의 디자인에 관심을 많이 갖는 것을 알 수 있다고 생각합니다. 그리고 또 하나의 이유는 바로 아이폰이 중고가 방어율이 굉장히 잘 되기 때문이라고 생각합니다. 아무래도 삼성이나 타사의 핸드폰보다는 어 당근 마켓이나 어 중국 중고나라 등 중고거래 플랫폼을 살펴보게 된다면 아이폰의 중고가 방어율이 굉장히 높다는 것을 알 수 있습니다. 어 중고가 방어율이 높다는 것은 기존의 핸드폰을 다시 팔아도 새 핸드폰을 충분히 살 수 있는 여건이 된다는 것이기 때문에 그러한 점에 있어서 젊은 세대의 경우에는 아무래도 핸드폰을 빠르게 빠르게 빠르게 교체하는 것을 선호하다 보니까 그런 면에서 아이폰을 조금 더 선호하는 경향을 띤다고 생각합니다. 어 이런 부분에 있어서 타사의 핸드폰이 조금 더 발전하게 된다면 어 아마 아이폰의 인기도 젊은 아이폰의 인기도 좀 따라잡을 수 있지 않을까 라는 생각을 했습니다. 감사합니다.","wordCount":159},"emotion":[],"intent":[{"text":"젊은 사람들이 아이폰을 선호하는 이유는 어 일단 아이폰에 세련된 디자인 때문이라고 생각합니다.","expression":"s_anls_prod","category":"technology"},{"text":"아이폰은 새로운 기종이 나올 때마다 어 스포 모델이 뜨는 등 어 그런 것들이 상당히 이슈를 끌고 있을 정도로 어 디자인에 굉장히 사람들의 시선이 집중되는 것을 알 수 있습니다.","expression":"s_anls_prod","category":"technology"},{"text":"그리고 또 하나의 이유는 바로 아이폰이 중고가 방어율이 굉장히 잘 되기 때문이라고 생각합니다.","expression":"s_anls_prod","category":"technology"},{"text":"아무래도 삼성이나 타사의 핸드폰보다는 어 당근 마켓이나 어 중국 중고나라 등 중고거래 플랫폼을 살펴보게 된다면 아이폰의 중고가 방어율이 굉장히 높다는 것을 알 수 있습니다.","expression":"s_anls_prod","category":"technology"},{"text":"어 이런 부분에 있어서 타사의 핸드폰이 조금 더 발전하게 된다면 어 아마 아이폰의 인기도 젊은 아이폰의 인기도 좀 따라잡을 수 있지 않을까 라는 생각을 했습니다.","expression":"s_anls_prod","category":"technology"}],"summary":{"text":"젊은 사람들이 아이폰을 선호하는 이유는 아이폰의 세련된 디자인, 그리고 중고가 방어력 때문입니다. 중고가방어력이 높다는 것은 기존의 핸드폰을 다시 팔아도 새 핸드폰을 살 수 있는 여건이 된다는 것입니다. 젊은 세대의 경우 핸드폰을 빠르게 빠르게 교체하는 것을 선호하므로 아이폰을 조금 더 선호하는 경향이 있습니다.","wordCount":42}}},"rawDataInfo":{"question":{"fileFormat":"wav","fileSize":258638,"duration":8080,"samplingBit":16,"channelCount":1,"samplingRate":"16kHz","audioPath":"/Mock/02.SalesMarketing/Female/Experienced/ckmk_q_sm_f_e_209953.wav"},"answer":{"fileFormat":"wav","fileSize":2663758,"duration":83240,"samplingBit":16,"channelCount":1,"samplingRate":"16kHz","audioPath":"/Mock/02.SalesMarketing/Female/Experienced/ckmk_a_sm_f_e_209953.wav"}}}