{"version":"1.0","dataSet":{"info":{"date":"20230116","occupation":"SM","channel":"MOCK","place":"ONLINE","gender":"FEMALE","ageRange":"55-","experience":"EXPERIENCED"},"question":{"raw":{"text":"본인께서는 해외 영업 파트에 지원을 하셨습니다 본인이 해외 영업 파트에 지원을 하시게 된 특별한 이유라든지 해외 영업 파트에 관심을 갖게 된 이유에 대해서 말씀해 주세요","wordCount":25},"emotion":[],"intent":[]},"answer":{"raw":{"text":"네 과거 저 같은 경우에는 대학 시절 아러바이트를 했었는데요. 그 아러바이트가 해외 바이어들을 의전 활동하는 것이었습니다. 그래서 저는 해외 영업 파트에 굉장히 관심을 가지게 되었고 당시 제가 의전하던 해외 바이어가 말해주는 산업의 동향이나 트렌드에 대해서 들으면서 굉장히 큰 흥미들을 느꼈습니다. 그래서 저는 내가 대학교를 졸업하게 된다면 영업 파트 그리고 그중에서도 내가 가진 능력들을 잘 활용할 수 있는 해 해외 파트에서 꼭 근무를 해 봐야겠다 라고 생각하게 되었습니다.","wordCount":67},"emotion":[{"text":"그래서 저는 해외 영업 파트에 굉장히 관심을 가지게 되었고 당시 제가 의전하던 해외 바이어가 말해주는 산업의 동향이나 트렌드에 대해서 들으면서 굉장히 큰 흥미들을 느꼈습니다.","expression":"p-interest","category":"positive"}],"intent":[{"text":"","expression":"","category":"attitude"}],"summary":{"text":"대학 시절 해외 바이어들을 의전 활동하는 아러바이트를 했었는데, 그로부터 산업의 동향이나 트렌드에 큰 흥미를 느꼈고, 졸업 후 해외 파트에서 근무를 해 봐야겠다는 생각을 했습니다.","wordCount":24}}},"rawDataInfo":{"question":{"fileFormat":"wav","fileSize":585678,"duration":18300,"samplingBit":16,"channelCount":1,"samplingRate":"16kHz","audioPath":"/Mock/02.SalesMarketing/Female/Experienced/ckmk_q_sm_f_e_243693.wav"},"answer":{"fileFormat":"wav","fileSize":2168718,"duration":67770,"samplingBit":16,"channelCount":1,"samplingRate":"16kHz","audioPath":"/Mock/02.SalesMarketing/Female/Experienced/ckmk_a_sm_f_e_243693.wav"}}}