{"version":"1.0","dataSet":{"info":{"date":"20230116","occupation":"SM","channel":"MOCK","place":"ONLINE","gender":"FEMALE","ageRange":"45-54","experience":"EXPERIENCED"},"question":{"raw":{"text":"전공 외에 본인이 아주 특별한 능력을 발휘할 정도로 노력한 게 있을 것 같은데요 그게 전공과 관련해서 어떤 도움이 됐었죠","wordCount":19},"emotion":[],"intent":[]},"answer":{"raw":{"text":"네 저는 기본적으로 인문학을 좋아하고 관심이 참 많았습니다. 제가 인문학을 아예 전공을 한 건 아닌데요. 개인적으로 많이 공부를 했습니다. 제가 인문학을 공부하고 또 좋아하는 이유는 모든 일에 근간이 되기 때문이라는 생각 때문인데요. 아무래도 인문학에서 출발을 해서 모든 일이 뭐 사회 과학이라든가 기술로 발전하는 것 같습니다. 그래서 한층 더 깊이 있는 사고를 하고 또 앞으로 발전을 할 때 인문학을 알면 굉장히 많이 도움이 될 것 같아서 제가 인문학과 관련된 책들을 많이 읽었습니다. 대학생 때부터 시작을 해서 새 사회생활을 하면서도 제가 인문학에 대한 공부를 계속해 왔고요. 또 최근에도 트렌드를 따라가기 위해서 인문학 강의를 수강을 한다던가 아니면 계속해서 나오는 신간 책들을 읽으면서 트렌드를 읽고 있습니다. 어 깊이 있는 사고를 하게 되고요. 그리고 저에 대해서 돌이켜보는 그런 시간도 마련해 줌으로써 자아성찰도 가능하게 했습니다. 저는 인문학을 좋아하기 때문에 앞으로도 열심히 공부할 거고요. 그리고 업무에도 반영이 되기 때문에 계속해서 제 자신을 발전해 나가도록 하겠습니다.","wordCount":138},"emotion":[{"text":"네 저는 기본적으로 인문학을 좋아하고 관심이 참 많았습니다.","expression":"p-interest","category":"positive"},{"text":"대학생 때부터 시작을 해서 새   사회생활을 하면서도 제가 인문학에 대한 공부를 계속해 왔고요.","expression":"u-fact","category":"neutral"},{"text":"저는 인문학을 좋아하기 때문에 앞으로도 열심히 공부할 거고요.","expression":"p-interest","category":"positive"}],"intent":[{"text":"또 최근에도 트렌드를 따라가기    위해서 인문학 강의를 수강을 한다던가 아니면 계속해서 나오는 신간 책들을   읽으면서 트렌드를 읽고 있습니다.","expression":"c_imp","category":"personality"}],"summary":{"text":"저는 모든 일에 근간이 되기 때문에 인문학을 좋아하고 관심이 참 많았습니다. 깊이 있는 사고를 하고 앞으로 발전을 할 때 인문학을 알면 굉장히 많이 도움이 될 것 같아서 인문학과 관련된 책들을 많이 읽었습니다. 인문학 강의를 수강한다거나 신간 책들을 읽으면서 트렌드를 읽고 있습니다. 앞으로 계속 제 자신을 발전해 나가도록 하겠습니다.","wordCount":48}}},"rawDataInfo":{"question":{"fileFormat":"wav","fileSize":478798,"duration":14960,"samplingBit":16,"channelCount":1,"samplingRate":"16kHz","audioPath":"/Mock/02.SalesMarketing/Female/Experienced/ckmk_q_sm_f_e_109671.wav"},"answer":{"fileFormat":"wav","fileSize":2559438,"duration":79980,"samplingBit":16,"channelCount":1,"samplingRate":"16kHz","audioPath":"/Mock/02.SalesMarketing/Female/Experienced/ckmk_a_sm_f_e_109671.wav"}}}