{"version":"1.0","dataSet":{"info":{"date":"20230116","occupation":"SM","channel":"MOCK","place":"ONLINE","gender":"FEMALE","ageRange":"35-44","experience":"EXPERIENCED"},"question":{"raw":{"text":"음 다른 계열사가 참 많습니다 하지만 이 계열사에 지원해 주신 특별한 이유가 있을까요 들어 보고 싶습니다","wordCount":16},"emotion":[],"intent":[]},"answer":{"raw":{"text":"제가 계속 해왔던 업무에서 제가 이 업종에서 좀 오고 싶어 했던 곳이었어요. 음 우연히 외국에 갔다가 이 계열사에 그 판매하는 접하게 됐는데 판매하는 곳을 접해 접하게 됐는데 일하는 사람들도 굉장히 프로패셔널 했고 제가 지금까지 이 일을 뭔가 좀 쉽게 이제 여겨왔다고 느꼈던 그 지점들을 좀 새롭게 돌파할 수 있을 것 같은 곳이었어요. 그래서 어 기회가 되면은 꼭 여기서 일해 보고 싶다 라고 생각했었는데 타이밍이 좋게 제가 딱 이제 다시 일을 구하려고 하는 시점에 여기에 공고가 났고 왠지 이번이 기회인 것 같애서 이렇게 오게 되었습니다.","wordCount":84},"emotion":[],"intent":[{"text":"그래서 어 기회가 되면은 꼭 여기서 일해 보고 싶다 라고 생각했었는데   타이밍이 좋게 제가 딱 이제 다시 일을 구하려고 하는 시점에 여기에 공고가 났고   왠지 이번이 기회인 것 같애서 이렇게 오게 되었습니다.","expression":"c_sincere_job","category":"etc"}],"summary":{"text":"업무에서 오고 싶어하던 이 업종에 오게 되었는데 일하는 사람들이 프로패셔널했고 새롭게 돌파할 수 있을 것 같아 기회가 될 것 같아 여기 공고가 났고 기회가 있어 오게 되었습니다.","wordCount":27}}},"rawDataInfo":{"question":{"fileFormat":"wav","fileSize":428878,"duration":13400,"samplingBit":16,"channelCount":1,"samplingRate":"16kHz","audioPath":"/Mock/02.SalesMarketing/Female/Experienced/ckmk_q_sm_f_e_149531.wav"},"answer":{"fileFormat":"wav","fileSize":1837518,"duration":57420,"samplingBit":16,"channelCount":1,"samplingRate":"16kHz","audioPath":"/Mock/02.SalesMarketing/Female/Experienced/ckmk_a_sm_f_e_149531.wav"}}}