{"version":"1.0","dataSet":{"info":{"date":"20230116","occupation":"SM","channel":"MOCK","place":"ONLINE","gender":"FEMALE","ageRange":"35-44","experience":"EXPERIENCED"},"question":{"raw":{"text":"면접자님은 지금까지 여러 대외 활동을 해 보셨을 텐데 대외 활동에서 무엇을 배웠고 어떤 자세로 임했는지 한번 말씀해 보세요","wordCount":18},"emotion":[],"intent":[]},"answer":{"raw":{"text":"그냥 이루어지는 건 없다 라는 거를 배웠던 것 같아요. 제가 이제 대외 활동을 하면서 사실 대외 활동 자체를 되게 많이 했다고 로 많이 했다 라고 말할 수는 없는데 어릴 때 할 때는 뭔가 그냥 그 또래들이 모였을 때에 에너지가 막 커지는 게 있잖아요. 근데 그 안에서도 결국은 우리가 중요하게 해야 되는 것들을 놓치면 아무 것도 남지 않고 그 활동이 종료되는 경우가 있더라고요. 그래서 항상 그 본질에 놓치지 않아야 하고 그것들을 그냥 하는 건 없다고 생각을 합니다. 아무래도 모인 인원이 많고 누군가는 하고 누군가는 안해서 그래도 결국 결과물은 나올 것 같지만 결국 안하는 사람들로 인해서 그게 실패로 가는 경우가 많다고 느껴졌었거든요. 그래서 항상 모든 활동을 할 때 어떤 것을 할 때 나의 몫을 충분히 해내야 모두와 다 같이 좋은 결과를 낼 수 있다고 생각합니다.","wordCount":123},"emotion":[{"text":"그래서 항상 모든 활동을 할 때 어떤 것을 할 때 나의 몫을 충분히 해내야 모두와 다 같이 좋은 결과를 낼 수 있다고 생각합니다.","expression":"u-belief","category":"neutral"}],"intent":[{"text":"","expression":"","category":"attitude"}],"summary":{"text":"대외 활동의 본질에 집중하는 것이 중요하다는 것을 배웠던 것 같습니다. 어떤 것을 할 때 저의 몫을 충분히 해내야 모두와 다 같이 좋은 결과를 낼 수 있다고 생각합니다.","wordCount":27}}},"rawDataInfo":{"question":{"fileFormat":"wav","fileSize":328718,"duration":10270,"samplingBit":16,"channelCount":1,"samplingRate":"16kHz","audioPath":"/Mock/02.SalesMarketing/Female/Experienced/ckmk_q_sm_f_e_156954.wav"},"answer":{"fileFormat":"wav","fileSize":2214798,"duration":69210,"samplingBit":16,"channelCount":1,"samplingRate":"16kHz","audioPath":"/Mock/02.SalesMarketing/Female/Experienced/ckmk_a_sm_f_e_156954.wav"}}}