{"version":"1.0","dataSet":{"info":{"date":"20230116","occupation":"SM","channel":"MOCK","place":"ONLINE","gender":"FEMALE","ageRange":"35-44","experience":"EXPERIENCED"},"question":{"raw":{"text":"지원자님 본인의 생각이 아니라 지원자님의 다른 주변 사람들이 생각하는 지원자님의 단점과 단점에 대해서 모두 말씀해 주시기 바랍니다","wordCount":17},"emotion":[],"intent":[]},"answer":{"raw":{"text":"네 저는 주변에 있는 사람들로부터 열정이 많은 사람이라는 이야기를 자주 듣습니다. 저를 보고 있으면 어디에서 원동력이 생기는지 모를 정도로 항상 최선을 다해서 열정 있게 일을 한다 라는 말을 많이 듣는데요. 어 실제로 저의 큰 장점이라고 생각을 합니다. 누가 시키거나 아니면 억지로 하지 않아도 제 스스로 원동력을 가지고 있는데요. 저는 기본적으로 업무 일을 하는 걸 좋아하고요. 그게 또 저의 발전 방향에 부합을 하게 된다면 더 열심히 일을 하게 되는 것 같습니다. 그리고 저는 제 분야를 좋아하고 또 자부심을 느끼고 있기 때문에 앞으로 성장하고 싶은 사람인데요. 어 다만 간혹 이런 열정을 봤을 때 어 다른 사람은 단점이라고 이야기하기도 합니다. 어 왜냐하면 어쩔 때는 제가 밤을 새거나 아니면 좀 무리를 해 가면서 일을 하기 때문인데요. 그래서 주변 지인들이 간혹 열정이 과하다 이렇게 단점으로 평가하기도 합니다. 하지만 결국 보면 저는 이게 저의 장점인 것 같은데요. 앞으로도 저에게 기회를 주신다고 하면 열정 있게 임하도록 하겠습니다.","wordCount":140},"emotion":[],"intent":[{"text":"","expression":"","category":"attitude"}],"summary":{"text":"주변에서는 열정이 많은 사람이라 말하며, 실제로 저 스스로 원동력을 가지고 있다고 생각합니다. 업무 일을 하는 걸 좋아하고 발전 방향에 부합을 하게 된다면 더 열심히 일을 하게 되는 것 같습니다. 간혹 이런 열정을 봤을 때 다른 사람은 단점이라 이야기하지만, 결국 저는 이것이 장점이고 앞으로도 열정 있게 임하도록 하겠습니다.","wordCount":47}}},"rawDataInfo":{"question":{"fileFormat":"wav","fileSize":561358,"duration":17540,"samplingBit":16,"channelCount":1,"samplingRate":"16kHz","audioPath":"/Mock/02.SalesMarketing/Female/Experienced/ckmk_q_sm_f_e_107697.wav"},"answer":{"fileFormat":"wav","fileSize":2555598,"duration":79860,"samplingBit":16,"channelCount":1,"samplingRate":"16kHz","audioPath":"/Mock/02.SalesMarketing/Female/Experienced/ckmk_a_sm_f_e_107697.wav"}}}