{"version":"1.0","dataSet":{"info":{"date":"20230116","occupation":"SM","channel":"MOCK","place":"ONLINE","gender":"FEMALE","ageRange":"-34","experience":"EXPERIENCED"},"question":{"raw":{"text":"직무 수행 시에 난관에 봉착하였다면 어떻게 해결하실 건가요 지원자 본인의 해결법과 그 이유를 말씀해 주세요","wordCount":15},"emotion":[],"intent":[]},"answer":{"raw":{"text":"네 저는 업무를 할 때 난관에 봉착하면 크게 두 가지로 해결하도록 하겠습니다. 어 객관적으로 프로세스 대로 해야 될 일이 있을 것 같구요. 그리고 두 번째는 사람 사이에 관계를 통한 해법이 있을 것 같습니다. 어 먼저 객관적인 프로세스대로 운영하는 건 왜 중요하냐면요. 제 개인의 판단만으로는 어 잘못된 일이 있을 수 있고 또 그 판단이 맞는지 아닌지도 잘 모를 수 있기 때문에 저는 회사의 방침에 따라서 그 커리큘럼에 맞춰서 좀 진행을 하도록 하겠습니다. 그리고 아마 이런 문제가 발생했을 때는 저뿐만이 아니라 다른 영업 사원들도 겪고 있는 문제라고 생각을 하기 때문에 회사에 적극적인 도움을 요청하고 그 프로세스에 맞춰서 좀 진행하는 게 중요하다고 생각을 합니다. 하지만 저의 역량이 발휘돼야 될 때는 바로 개인적인 감정이라든가 인간 관계 기술에 대한 문제인데요. 아 의사소통과 커뮤니케이션을 통해서 그것들을 잘 해결해 나가는 게 굉장히 중요하다고 생각을 합니다. 저는 기본적으로 영업 업무는 사람을 대하고 또 대면 중심으로 이뤄지기 때문에 특히 이런 역량이 필요하다고 생각하는데요. 저는 기존에 사람들과 이런 유연한 관계를 통해서 다양한 경험과 또 해법을 제시할 수 있는 능력을 갖추고 있기 때문에 제가 이런 방법을 통해서 적극적으로 해결하도록 하겠습니다.","wordCount":169},"emotion":[],"intent":[{"text":"","expression":"","category":"attitude"}],"summary":{"text":"업무 시 난관에 봉착하면 객관적 프로세스대로 해야 될 일과 사람 사이의 관계를 통한 해법이 있을 것 같습니다. 객관적 프로세스는 개인의 판단으로는 잘못된 일이 있을 수 있고 맞는지 아닌지도 잘 모를 수 있기 때문에 회사의 방침에 따라서 그 커리큘럼에 맞춰서 진행을 하도록 하겠습니다. 인간 관계 기술은 의사소통과 커뮤니케이션을 통해서 해결해 나가는 게 굉장히 중요하다고 생각합니다.","wordCount":54}}},"rawDataInfo":{"question":{"fileFormat":"wav","fileSize":416078,"duration":13000,"samplingBit":16,"channelCount":1,"samplingRate":"16kHz","audioPath":"/Mock/02.SalesMarketing/Female/Experienced/ckmk_q_sm_f_e_113763.wav"},"answer":{"fileFormat":"wav","fileSize":2832398,"duration":88510,"samplingBit":16,"channelCount":1,"samplingRate":"16kHz","audioPath":"/Mock/02.SalesMarketing/Female/Experienced/ckmk_a_sm_f_e_113763.wav"}}}