{"version":"1.0","dataSet":{"info":{"date":"20230116","occupation":"SM","channel":"MOCK","place":"ONLINE","gender":"FEMALE","ageRange":"35-44","experience":"EXPERIENCED"},"question":{"raw":{"text":"추후에 중국으로 출장을 가야 하는 일이 발생할 수 있습니다 이러한 해외 출장도 괜찮으신가요","wordCount":13},"emotion":[],"intent":[]},"answer":{"raw":{"text":"중국이요. 아 아 다른 나라였으면 좋겠는데. 네 중국은 솔직히 좀 찜찜해요. 네 근데 가야 된다면 뭐 가야죠. 네 아 근데 사실 저의 선택권이 있다면 저는 중국은 안 가고 싶습니다. 위험한 위험할 거 같애요. 네 요즘 아무래도 시기가 시기인 만큼 뭐 거기가 되게 정직할 것 같지도 않고 여러 가지 부분에서 그래서 위험할 것 같다는 생각이 조금 들지만 업무로만 따진다면 가야 한다면 네 가겠습니다. 가서 이왕에 가는 것도 열심히 성실하게 일을 하고 돌아오겠습니다. 차라리 그게 마음이 더 편하겠네요 성실하게 하는 게.","wordCount":79},"emotion":[],"intent":[{"text":"","expression":"","category":"attitude"}],"summary":{"text":"저는 정직하지 않고 위험할 것 같지만 업무로 따진다면 가겠습니다. 성실하게 일을 하고 돌아오겠습니다. 성실함이 마음이 더 편합니다.","wordCount":17}}},"rawDataInfo":{"question":{"fileFormat":"wav","fileSize":282318,"duration":8820,"samplingBit":16,"channelCount":1,"samplingRate":"16kHz","audioPath":"/Mock/02.SalesMarketing/Female/Experienced/ckmk_q_sm_f_e_178323.wav"},"answer":{"fileFormat":"wav","fileSize":2744398,"duration":85760,"samplingBit":16,"channelCount":1,"samplingRate":"16kHz","audioPath":"/Mock/02.SalesMarketing/Female/Experienced/ckmk_a_sm_f_e_178323.wav"}}}