{"version":"1.0","dataSet":{"info":{"date":"20230116","occupation":"SM","channel":"MOCK","place":"ONLINE","gender":"FEMALE","ageRange":"-34","experience":"EXPERIENCED"},"question":{"raw":{"text":"지원자님만의 스트레스 해소 방법이 있나요 있으시다면 왜 그 방법으로 스트레스를 해소하는 시는지에 대해서도 말씀 부탁드립니다","wordCount":15},"emotion":[],"intent":[]},"answer":{"raw":{"text":"저의 스트레스 해소법은 운동입니다. 저는 운동을 하는 걸 굉장히 좋아하는데요. 운동을 하게 되면 기분도 좋아지고 또 건강 상태도 좋아지면서 저에게 많은 도움을 주는 것 같습니다. 특히 최근에 저는 자전거 타기를 주로 하고 있습니다. 자전거를 타다보면 정말 운동도 많이 되고요. 그리고 한강을 시원하게 달리다 보면 그 바람을 맞을 때 기분이 전환이 되고 상쾌해지는 걸 느낄 수가 있습니다. 이렇게 몸을 움직여서 직접 활동을 하다보면 어 기분 전환이 될 때가 많은데요. 또 저는 사람들과 같이 하는 운동도 굉장히 좋아하는 편입니다. 저는 배드민턴 동호회도 가입을 하고 있구요. 테니스 동호회도 같이 어 지금 활동을 하고 있습니다. 어 테니스나 배드민턴 모두 사람들이 같이 어울려서 하는 운동인데요. 이것들을 하다보면 사람들과 이야기도 하게 되고 소통을 하면서 또 본인의 어려운 점도 같이 이야기를 하게 됩니다. 이렇게 사람들과 운동을 하게 되면 스트레스도 풀리고 또 기분이 좋아지는 걸 느낄 수가 있는데요. 그래서 저의 가장 스트레스 해소 방법은 운동인 것 같습니다.","wordCount":139},"emotion":[{"text":"저는 운동을 하는 걸 굉장히 좋아하는데요.","expression":"p-happiness","category":"positive"},{"text":"그리고 한강을 시원하게    달리다 보면 그 바람을 맞을 때 기분이 전환이 되고 상쾌해지는 걸   느낄 수가 있습니다.","expression":"p-happiness","category":"positive"}],"intent":[{"text":"","expression":"","category":"attitude"}],"summary":{"text":"저는 운동을 굉장히 좋아하는데, 최근에는 자전거 타기를 주로 하고 있습니다. 몸을 움직여서 직접 활동을 하다보면 기분 전환이 될 때가 많은데, 사람들과 같이 하는 운동도 굉장히 좋아하는 편입니다. 사람들과 운동을 하게 되면 스트레스도 해소되고 기분도 좋아지는 걸 느낄 수 있어서 가장 스트레스 해소 방법은 운동인 것 같습니다.","wordCount":46}}},"rawDataInfo":{"question":{"fileFormat":"wav","fileSize":438798,"duration":13710,"samplingBit":16,"channelCount":1,"samplingRate":"16kHz","audioPath":"/Mock/02.SalesMarketing/Female/Experienced/ckmk_q_sm_f_e_107587.wav"},"answer":{"fileFormat":"wav","fileSize":2557838,"duration":79930,"samplingBit":16,"channelCount":1,"samplingRate":"16kHz","audioPath":"/Mock/02.SalesMarketing/Female/Experienced/ckmk_a_sm_f_e_107587.wav"}}}