{"version":"1.0","dataSet":{"info":{"date":"20230116","occupation":"SM","channel":"MOCK","place":"ONLINE","gender":"FEMALE","ageRange":"-34","experience":"EXPERIENCED"},"question":{"raw":{"text":"현대 사회에 꼭 필요한 가장 중요하다고 생각하시는 직업을 한 가지만 골라서 말씀해 주세요","wordCount":13},"emotion":[],"intent":[]},"answer":{"raw":{"text":"저는 의사라는 직업이 현대 사회에서 없어서는 안 될 직업이라고 생각합니다. 아무리 아무리 시대가 발전하고 과학이 발전하여도 이 어 의료 분야 같은 경우에는 어 아직 수술 같은 경우를 물론 로봇 또 하나 담당하고 있는 것은 맞지만 어 의사분들이 많이 거의 주관적으로 담당하신 거의 주체적으로 담당하시고 있는 것이 현실입니다. 그리고 어 코로나 시대 코로나 시대처럼 지금 전염병이 위험성이 있을 때는 어 의사분들의 능력이 더욱더 중요시하게 생각되는 때라고 생각합니다. 이처럼 어느 이처럼 어 앞으로 살아가는 데 있어서 꼭 새로운 또 새로운 질병이 생길 수도 있고 이를 해결 이를 치유하기 위해서는 의사분들의 노력이 꼭 필요하기 때문에 저는 의사분들의 직업이 가장 중요하다고 생각합니다.","wordCount":98},"emotion":[],"intent":[{"text":"저는 의사라는 직업이 현대 사회에서 없어서는 안 될 직업이라고 생각합니다.","expression":"c_value","category":"background"}],"summary":{"text":"시대와 과학이 발전해도 의료 분야는 의사분들이 주관적으로 주관적으로 담당하시고 있는 것이 현실이며, 코로나 시대처럼 전염병이 위험성이 있을 때는 의사분들의 능력이 더욱 중요시 됩니다. 그래서 저는 의사분의 직업이 가장 중요하다고 생각합니다.","wordCount":30}}},"rawDataInfo":{"question":{"fileFormat":"wav","fileSize":299918,"duration":9370,"samplingBit":16,"channelCount":1,"samplingRate":"16kHz","audioPath":"/Mock/02.SalesMarketing/Female/Experienced/ckmk_q_sm_f_e_209958.wav"},"answer":{"fileFormat":"wav","fileSize":1736398,"duration":54260,"samplingBit":16,"channelCount":1,"samplingRate":"16kHz","audioPath":"/Mock/02.SalesMarketing/Female/Experienced/ckmk_a_sm_f_e_209958.wav"}}}