{"version":"1.0","dataSet":{"info":{"date":"20230116","occupation":"SM","channel":"MOCK","place":"ONLINE","gender":"FEMALE","ageRange":"45-54","experience":"EXPERIENCED"},"question":{"raw":{"text":"지원자님 주변 사람이나 다른 사람이 생각했을 때에 지원자님의 장단점이 어떤 거라고 생각하시나요 그리고 그렇게 생각한 이유도 같이 말씀해 주시기 바랍니다","wordCount":20},"emotion":[],"intent":[]},"answer":{"raw":{"text":"다른 사람들한테 저의 장단점을 물어본 적이 없어서 지금 바로 대답하기가 쉽지 않은 질문인 것 같습니다. 그래서 지금 한번 곰곰이 생각을 해보고 있는데요. 평소에 사람들이 저한테 뭐를 장단점이라고 말해 왔는지 아니면 어떤 뉘앙스로 말했는지 저에 대한 평가를 줄 때 그것들을 한번 꼼꼼히 떠올려보고 있는데 지금 생각해보니깐 저는 분위기를 처지게 하지 않기 위해서 어 침묵이 일어나지 않도록 노력하는 편인데 그때마다 생각 없이 말한다 라는 말을 좀 많이 들었었던 것 같애요. 그래서 아마 그 부분은 저의 단점일 거라는 생각이 들고 제 장점을 말씀을 좀 드리자면 음 다른 사람들이 편하게 이끌어 줄 수 있도록 노력하고 있습니다.","wordCount":92},"emotion":[],"intent":[{"text":"","expression":"","category":"attitude"}],"summary":{"text":"사람들은 저한테 장단점이라고 말해왔는지, 어떤 뉘앙스로 말했는지 떠올려보고 있는데, 침묵이 일어나지 않도록 노력하는 편인데 생각 없이 말한다 라는 말을 많이 들었습니다. 그래서 다른 사람들이 편하게 이끌어 줄 수 있도록 노력하고 있습니다.","wordCount":31}}},"rawDataInfo":{"question":{"fileFormat":"wav","fileSize":452558,"duration":14140,"samplingBit":16,"channelCount":1,"samplingRate":"16kHz","audioPath":"/Mock/02.SalesMarketing/Female/Experienced/ckmk_q_sm_f_e_182922.wav"},"answer":{"fileFormat":"wav","fileSize":2601038,"duration":81280,"samplingBit":16,"channelCount":1,"samplingRate":"16kHz","audioPath":"/Mock/02.SalesMarketing/Female/Experienced/ckmk_a_sm_f_e_182922.wav"}}}