{"version":"1.0","dataSet":{"info":{"date":"20230116","occupation":"SM","channel":"MOCK","place":"ONLINE","gender":"FEMALE","ageRange":"35-44","experience":"EXPERIENCED"},"question":{"raw":{"text":"어 우리가 소통 능력을 키우기 위해서 어떤 일을 할 수 있을까요 어 소통 능력을 키 키우기 위한 방법들이 생각이 나신다면 어 자세하게 말씀해 주시길 바랍니다","wordCount":25},"emotion":[],"intent":[]},"answer":{"raw":{"text":"소통 능력을 키우기 위해서는 경청만한 것이 없다고 생각합니다. 그 사람의 말을 들어주고 그 사람의 마음을 헤아려주고 그런데 어 누군가는 소통능력이 말에 어 제가 말을 잘해야 된다 라고 생각을 하는 사람들이 많은 것 같습니다. 하지만 그렇게 하다면 그 사람의 마음을 들을 수 있는 그리고 그 사람에 대한 정보를 들을 수 있는 기회를 제 스스로 박탈하는 거기 때문에 저는 가장 들어주고 그 사람의 마음과 그 사람의 상황과 이런 것들을 헤아리지 헤아리는 그런 통찰력을 기르는 것이 가장 좋은 방법이라고 생각합니다. 그래서 저 또한 그러한 경청하는 습관을 좀 길들이기 위해서 어 전화나 아니면 사람들을 만났을 때 한 오 분 정도는 계속 그 쭉 들어주는 는 역할을 좀 하려고 일부러 노력하고 있습니다.","wordCount":107},"emotion":[],"intent":[{"text":"그래서 저 또한 그러한 경청하는 습관을 좀 길들이기 위해서 어 전화나 아니면 사람들을 만났을 때 한 오 분 정도는 계속 그 쭉 들어주는 는 역할을 좀 하려고 일부러 노력하고 있습니다.","expression":"s_comn","category":"attitude"}],"summary":{"text":"소통에는 경청만큼 좋은 것이 없다고 봅니다. 소통 능력은 마음을 들을 수 있는 기회를 스스로 박탈하기 때문에 가장 들어주고 마음과 상황을 헤아리는 통찰력을 기르는 것이 가장 좋은 방법이라고 생각합니다. 그래서 저 또한 그렇게 하려고 노력하고 있습니다.","wordCount":35}}},"rawDataInfo":{"question":{"fileFormat":"wav","fileSize":474638,"duration":14830,"samplingBit":16,"channelCount":1,"samplingRate":"16kHz","audioPath":"/Mock/02.SalesMarketing/Female/Experienced/ckmk_q_sm_f_e_227239.wav"},"answer":{"fileFormat":"wav","fileSize":1945038,"duration":60780,"samplingBit":16,"channelCount":1,"samplingRate":"16kHz","audioPath":"/Mock/02.SalesMarketing/Female/Experienced/ckmk_a_sm_f_e_227239.wav"}}}