{"version":"1.0","dataSet":{"info":{"date":"20230116","occupation":"SM","channel":"MOCK","place":"ONLINE","gender":"FEMALE","ageRange":"-34","experience":"EXPERIENCED"},"question":{"raw":{"text":"지금까지 살아오면서 가장 힘들었던 점이 무엇일까요 그건 어떻게 또 극복을 하셨을까요 궁금 하네요","wordCount":13},"emotion":[],"intent":[]},"answer":{"raw":{"text":"네 저는 살면서 가장 힘들었던 점은 매일매일 꾸준히 반복적으로 제 자신을 갈고 닦는 일인 것 같습니다. 어떤 특정한 힘든 일이 있거나 상황이 있다기보다는 그냥 매일 반복적으로 열심히 살아가는 거 그리고 자기 관리를 잘하는게 가장 어려운 일인 것 같습니다. 어 사실 매일매일 반복적인 일들은 참아야 되고 인내해야 되고 그게 바로 자기 관리라고 생각을 하는데요. 저는 영업 업무는 기본적으로 본인이 자기 주도하에 자기 관리를 잘 해야 되는 것 같습니다. 자기 관리에는 건강도 들어갈 수가 있고요. 그리고 정신적인 관리도 있을 것 같습니다. 내 감정이 스테이블하고 안정적이어야 다른 사람에게도 영업과 설득을 잘 할 수 있기 때문에 저는 그런 측면에서 본인이 굉장히 노력해야 한다고 생각을 하구요. 그리고 또 체력 관리도 굉장히 중요할 것 같구요. 시간관리도 필요할 것 같습니다. 사실 시간이라는 건 한정돼 있고 또 그 안에서 최대의 역량을 발휘할 수도 있고 그렇지 않을 수도 있기 때문에 저는 이런 것들을 모두 포함해서 본인의 경쟁력을 살리기 위해서 매일 꾸준히 연습하는 게 가장 어렵고 힘들고 그러면서도 반드시 해야 되는 일이라고 생각을 하고 있습니다.","wordCount":155},"emotion":[],"intent":[{"text":"","expression":"","category":"attitude"}],"summary":{"text":"저는 살면서 가장 힘들었던 점은 매일 꾸준히 반복적으로 제 자신을 갈고 닦는 것이라고 생각합니다. 어떤 특정한 힘든 일이 있거나 상황이 있다기보다는 그냥 매일 반복적으로 열심히 살아가는거 그리고 자기 관리를 잘하는 게 가장 어려운 일인 것 같습니다. 시간이라는 건 한정돼 있고 최대의 역량을 발휘할 수도 있기 때문에 매일 꾸준히 연습하는 게 가장 중요합니다.","wordCount":52}}},"rawDataInfo":{"question":{"fileFormat":"wav","fileSize":353358,"duration":11040,"samplingBit":16,"channelCount":1,"samplingRate":"16kHz","audioPath":"/Mock/02.SalesMarketing/Female/Experienced/ckmk_q_sm_f_e_113771.wav"},"answer":{"fileFormat":"wav","fileSize":2743118,"duration":85720,"samplingBit":16,"channelCount":1,"samplingRate":"16kHz","audioPath":"/Mock/02.SalesMarketing/Female/Experienced/ckmk_a_sm_f_e_113771.wav"}}}