{"version":"1.0","dataSet":{"info":{"date":"20230116","occupation":"SM","channel":"MOCK","place":"ONLINE","gender":"FEMALE","ageRange":"45-54","experience":"EXPERIENCED"},"question":{"raw":{"text":"이전 직장을 그만둔 특별한 이유가 있으신가요 있다면 현 직장도 같은 이유로 그만둘 가능성이 있는지 설명 부탁드리겠습니다","wordCount":16},"emotion":[],"intent":[]},"answer":{"raw":{"text":"아 이전 직장을 제가 뭐 단기로 다녔던 건 아니고 장기 근무를 했었었구요. 그만두었던 이유는 뭐 회사 업무나 이런 부분은 뭐 힘들어도 잘 적응해 나가고 어 사람이 하는 일이니깐 뭐 못할 것은 없다 생각을 하는 그런 주의인데요. 어 사람과의 관계가 너무 힘들었습니다. 그게 이제 뭐 저와 다수의 관계가 아닌 저의 그 상사와의 어 그런 갈등이 좀 있어 가지고요. 그거 이렇게 말씀드리면 제가 어떤 문제가 있었지 않나 뭐 그런 의심도 할 수가 있을 텐데 어 알아보셔도 될 것 같애요. 그 분의 그 상사 분의 성격이 좀 이상하고 그렇다고 이제 성격이 이상하면 업무 파악을 잘 하고 열심히 하면 아 그렇게라도 이해를 할 텐데 이제 아무 것도 아니고 일도 못하면서 어 성격도 이상하고 소통도 안되는 분 때문에 너무 힘들었거든요. 저 뿐만이 아니라 제 주위에 몇 명도 같이 그만둔 사안이기 때문에 그런 분이 또 있지는 않을 것 같습니다. 그래서 어 이번에 제가 합격을 하게 되면 또 그만두는 일은 절대 없을 거라고 말씀드릴 수 있습니다.","wordCount":149},"emotion":[],"intent":[{"text":"","expression":"","category":"attitude"}],"summary":{"text":"이전 직장을 장기 근무를 했었는데, 사람과의 관계가 힘들었습니다. 그 상사와 갈등이 좀 있었는데, 그 분의 성격이 이상하고 소통도 안되는 분 때문에 너무 힘들었어요. 제가 합격을 하게 되면 또 그만두는 일은 절대 없을 거라고 말씀을 할 수 있습니다.","wordCount":37}}},"rawDataInfo":{"question":{"fileFormat":"wav","fileSize":328718,"duration":10270,"samplingBit":16,"channelCount":1,"samplingRate":"16kHz","audioPath":"/Mock/02.SalesMarketing/Female/Experienced/ckmk_q_sm_f_e_180964.wav"},"answer":{"fileFormat":"wav","fileSize":2746958,"duration":85840,"samplingBit":16,"channelCount":1,"samplingRate":"16kHz","audioPath":"/Mock/02.SalesMarketing/Female/Experienced/ckmk_a_sm_f_e_180964.wav"}}}