{"version":"1.0","dataSet":{"info":{"date":"20230116","occupation":"SM","channel":"MOCK","place":"ONLINE","gender":"FEMALE","ageRange":"35-44","experience":"EXPERIENCED"},"question":{"raw":{"text":"회사에 들어와서 선배를 만나게 된다면 이때 어떤 모습에 선배를 원하세요 그렇게 생각하시는 이유도 같이 말씀해 주시겠어요","wordCount":16},"emotion":[],"intent":[]},"answer":{"raw":{"text":"제가 회사에 들어가서 선배를 만나야 된다면 조금 저는 존중할 수 있는 선배를 만나보고 싶습니다. 회사는 하루에 대부분을 보내는 곳입니다. 그렇기 때문에 제일 많이 대화를 하고 부딪치는 사람들도 회사 동료이자 선배일 것입니다. 만약 이런 환경에서 제가 선배를 존중할 수 없는 상황이 온다면 회사 생활에 좀 지속하기 어려울 것 같습니다. 개인적으로 존중할 수 있는 선배는 배울 것이 많은 선배인 것 같습니다. 배울 것이 많다는 것은 업무적으로 배울 것도 많겠지만 인간적으로 저를 대해주고 제가 잘 할 때는 칭찬과 능력을 인정해 주고 제가 잘못했을 때는 따끔한 지적으로 다음번에는 잘못을 반복할 수 없게 해주는 그런 선배를 만나고 싶습니다. 그리고 조금 더 회사 생활을 잘 적응할 수 있도록 격려를 아껴주시지 않고 제가 성장할 수 있는 기회를 많이 주는 선배를 만나보고 싶습니다. 물론 그런 선배를 만날 수 있는 것 또한 제가 하기 나름인 것 같습니다. 아무리 존중할 수 있고 훌륭한 선배라도 제가 잘못 잘 하지 못한다면 선배 또한 먼저 저를 받아줄 수 없기 때문에 저는 제가 먼저 선배에게 찾아가고 업무를 더욱더 신중하게 잘 할 수 있는 후배가 먼저 되도록 하겠습니다.","wordCount":163},"emotion":[],"intent":[{"text":"","expression":"","category":"attitude"}],"summary":{"text":"회사 생활에서 가장 많이 부딪히는 사람들도 회사 동료이자 선배일 것입니다. 개인적으로 존중할 수 있는 선배는 배울 것이 많은 선배인 것 같습니다. 잘 할 때는 칭찬과 능력을 인정해 주고 잘못됐을 때는 따끔한 지적으로 다음번에는 잘못을 반복할 수 없게 해주는 선배를 만나고 싶습니다. 업무를 더욱더 신중하게 잘 할 수 있는 후배가 먼저 되도록 하겠습니다.","wordCount":52}}},"rawDataInfo":{"question":{"fileFormat":"wav","fileSize":367758,"duration":11490,"samplingBit":16,"channelCount":1,"samplingRate":"16kHz","audioPath":"/Mock/02.SalesMarketing/Female/Experienced/ckmk_q_sm_f_e_240601.wav"},"answer":{"fileFormat":"wav","fileSize":2548558,"duration":79640,"samplingBit":16,"channelCount":1,"samplingRate":"16kHz","audioPath":"/Mock/02.SalesMarketing/Female/Experienced/ckmk_a_sm_f_e_240601.wav"}}}