{"version":"1.0","dataSet":{"info":{"date":"20230116","occupation":"SM","channel":"MOCK","place":"ONLINE","gender":"FEMALE","ageRange":"35-44","experience":"EXPERIENCED"},"question":{"raw":{"text":"소통 능력을 키우기 위해 어떤 일을 할 수 있을까요 지원자님께서 생각나는 대로 방법들을 자세하게 말씀해 주시기 바랍니다","wordCount":17},"emotion":[],"intent":[]},"answer":{"raw":{"text":"저는 기본적으로 소통 능력을 키우기 위해서는 사람들을 다양하게 만나보는 게 중요하다고 생각을 합니다. 어 소통 능력을 키우기 위해서는 사람을 직접 만나야 되고 그럴려면 직접적으로 경험하는 게 가장 필요하다고 생각을 합니다. 아무리 혼자서 커뮤니케이션을 연습하고 공부한다고 하더라도 실전에 나가서 사람들을 겪어보는 게 제일 중요하다고 생각을 하는데요. 저도 그래서 소통 능력을 키우기 위해서 기본적으로 이론적인 공부 뿐만이 아니라 실전에 나가서 사람들과 고객 님들을 많이 접했습니다. 어 그런 활동 등을 통해서 제가 소통 능력이 더 키워질 수 있었다고 생각을 하는데요. 왜냐하면 사람마다 각자 생각이나 가치관이 다르고 또 저를 대하는 태도가 다르기 때문에 그분들을 경험치를 통해서 많이 쌓아 본 결과 어 지금의 저가 있는 것 같고요. 앞으로 저는 또 더 그 능력을 향상시키기 위해서 많은 사람들을 만나고 경험해보면서 제 소통 능력을 키우고자 노력을 할 것입니다. 아무래도 영업에 있어서는 그런 능력들이 가장 필수적인 요소라고 생각을 하기 때문에 저의 능력을 업그레이드하고 또 개발할 수 있도록 다양한 경험과 사람들을 만나서 업그레이드 할 수 있도록 하겠습니다.","wordCount":148},"emotion":[],"intent":[{"text":"어 소통 능력을 키우기 위해서는 사람을 직접 만나야 되고 그럴려면    직접적으로 경험하는 게 가장 필요하다고 생각을 합니다.","expression":"c_value","category":"background"},{"text":"아무리    혼자서 커뮤니케이션을 연습하고 공부한다고 하더라도 실전에 나가서 사람들을   겪어보는 게 제일 중요하다고 생각을 하는데요.","expression":"c_value","category":"background"}],"summary":{"text":"소통 능력을 키우기 위해서는 사람을 직접 만나야 되고 그럴려면 직접적으로 경험하는 게 가장 중요하다고 생각을 합니다. 저는 이론적인 공부 뿐만이 아니라 실전에 나가서 사람들과 고객 님들을 많이 접했습니다. 그 경험치를 통해서 지금의 제가 있는 것 같습니다. 앞으로 많은 사람들을 만나고 경험해보면서 소통 능력을 키우고자 노력할 것입니다.","wordCount":46}}},"rawDataInfo":{"question":{"fileFormat":"wav","fileSize":419278,"duration":13100,"samplingBit":16,"channelCount":1,"samplingRate":"16kHz","audioPath":"/Mock/02.SalesMarketing/Female/Experienced/ckmk_q_sm_f_e_135022.wav"},"answer":{"fileFormat":"wav","fileSize":2752718,"duration":86020,"samplingBit":16,"channelCount":1,"samplingRate":"16kHz","audioPath":"/Mock/02.SalesMarketing/Female/Experienced/ckmk_a_sm_f_e_135022.wav"}}}