{"version":"1.0","dataSet":{"info":{"date":"20230116","occupation":"SM","channel":"MOCK","place":"ONLINE","gender":"FEMALE","ageRange":"35-44","experience":"EXPERIENCED"},"question":{"raw":{"text":"아이패드와 같이 시장에서 큰 관심을 받고 사랑받는 제품들의 특징이 면접자분이 생각하시기에 무엇인지 말씀해 보시겠습니까","wordCount":14},"emotion":[],"intent":[]},"answer":{"raw":{"text":"음 일단은 어 사람들이 어 살아가면서에 필요하다고 느껴지는 것들에 기능을 계속 갖추고 있다고 생각이 듭니다. 모 사실은 우리나라에서는 애플 제품에서 맥북 같은 경우는 많이 사용하지 않았었던 제품이었는데 그 스마트폰이 어 활성화되면서 애플이라는 제품 자체에 대해서 되게 폭넓게 대중적으로 인기가 많아졌다고 생각이 드는데 그러면서 맥북도 굉장히 많이 사용하기 시작했던 것 같애요. 원래 우리나라 사람들은 윈도우에 더 익숙한 사람들이었는데 어느 순간 그 영상이라던지 그 전문성을 필요로 하지 않는 사람들도 맥북을 굉장히 많이 사용하고 있다고 생각을 하는데 그게 되게 디자인적인 면도 무시를 못 할 것 같습니다. 최근에 지플립 같은 경우도 많은 젊은 여성들이 그 지플립으로 굉장히 많이 핸드폰을 교체했다는 기사를 본 적이 있었는데 어떤 디자인적인 면에서 어 사람들에게 많은 관심을 끄는 것 같애요. 그래서 항상 애플도 그렇고 새로운 지플립도 그렇고 그런 면에서 항상 충족시켜주지 않을까 라는 생각이 듭니다.","wordCount":125},"emotion":[],"intent":[{"text":"모 사실은 우리나라에서는 애플 제품에서   맥북 같은 경우는 많이 사용하지 않았었던 제품이었는데 그 스마트폰이 어 활성화되면서   애플이라는 제품 자체에 대해서 되게 폭넓게 대중적으로 인기가 많아졌다고 생각이 드는데 그러면서 맥북도 굉장히 많이 사용하기 시작했던 것 같애요.","expression":"s_anls_prod","category":"technology"},{"text":"원래 우리나라 사람들은 윈도우에 더 익숙한 사람들이었는데 어느 순간 그 영상이라던지 그 전문성을 필요로 하지 않는 사람들도   맥북을 굉장히 많이 사용하고 있다고 생각을 하는데 그게 되게 디자인적인 면도 무시를 못 할 것 같습니다.","expression":"s_anls_prod","category":"technology"},{"text":"최근에 지플립 같은 경우도 많은 젊은   여성들이 그 지플립으로 굉장히 많이 핸드폰을 교체했다는 기사를 본 적이 있었는데   어떤 디자인적인 면에서 어 사람들에게 많은 관심을 끄는 것 같애요.","expression":"s_anls_prod","category":"technology"},{"text":"그래서 항상 애플도 그렇고 새로운 지플립도 그렇고 그런 면에서 항상 충족시켜주지 않을까 라는 생각이 듭니다.","expression":"s_anls_prod","category":"technology"}],"summary":{"text":"스마트폰 활성화로 인해 맥북이 대중적으로 인기를 끌게 되면서 맥북에 대한 관심이 높아졌습니다. 전문성을 요하지 않는 사람들도 맥북을 많이 사용하고 있는데, 그 디자인적인 면에서도 무시할 수 없을 것 같습니다. 최근에 젊은 여성들이 지플립으로 핸드폰을 교체한 기사가 있었는데 디자인적인 면에서 관심을 끄는 것 같았습니다.","wordCount":42}}},"rawDataInfo":{"question":{"fileFormat":"wav","fileSize":367438,"duration":11480,"samplingBit":16,"channelCount":1,"samplingRate":"16kHz","audioPath":"/Mock/02.SalesMarketing/Female/Experienced/ckmk_q_sm_f_e_165930.wav"},"answer":{"fileFormat":"wav","fileSize":2752718,"duration":86020,"samplingBit":16,"channelCount":1,"samplingRate":"16kHz","audioPath":"/Mock/02.SalesMarketing/Female/Experienced/ckmk_a_sm_f_e_165930.wav"}}}