{"version":"1.0","dataSet":{"info":{"date":"20230116","occupation":"SM","channel":"MOCK","place":"ONLINE","gender":"FEMALE","ageRange":"45-54","experience":"EXPERIENCED"},"question":{"raw":{"text":"지원자님의 전공과 관련해서 최근 부족하다고 느끼고 지원자님이 따로 공부하고 있는 분야가 있습니까 있다면 설명 부탁드려요","wordCount":15},"emotion":[],"intent":[]},"answer":{"raw":{"text":"네 제가 최근에 생각했을 때는 제가 부족한 부분 중 하나가 영어라는 생각들을 했습니다. 제가 지금 지원한 곳도 외국계이고 저 같은 경우에는 외국계 기업에 입사하고 싶다 라는 생각들을 굉장히 많이 했었기 때문에 내가 입사하기 위해서는 영어를 좀 잘해야겠다 라는 생각을 했습니다. 물론 제가 외국계에서 근무했던 경험은 전혀 없지만 제가 생각했을 때에는 본사와 직접 컨텍을 하고 또 나아가서 영어 자료들을 읽을 수 있기 위해서는 저 역시도 영어를 어느 정도 해야 된다 라는 생각을 했습니다. 물론 요즘은 파파고나 혹은 구글 번역기 같이 번역을 하는데 굉장히 특화된 플랫폼들이 많습니다. 그렇지만 제가 직접 알고 있는 것과 모르는 것은 다르기 때문에 저는 아침마다 영어를 공부하고 있습니다.","wordCount":100},"emotion":[],"intent":[{"text":"","expression":"","category":"attitude"}],"summary":{"text":"저는 외국계 기업에 입사하고 싶다 라는 생각을 많이 했었고, 본사와 직접 컨텍을 하고 또 영어 자료들을 읽을 수 있기 위해서는 영어를 어느 정도 해야 된다고 생각했지만, 직접 알고 있는 것과 모르는 것은 다르기 때문에 매일 영어를 공부하고 있습니다.","wordCount":38}}},"rawDataInfo":{"question":{"fileFormat":"wav","fileSize":445518,"duration":13920,"samplingBit":16,"channelCount":1,"samplingRate":"16kHz","audioPath":"/Mock/02.SalesMarketing/Female/Experienced/ckmk_q_sm_f_e_230910.wav"},"answer":{"fileFormat":"wav","fileSize":2529998,"duration":79060,"samplingBit":16,"channelCount":1,"samplingRate":"16kHz","audioPath":"/Mock/02.SalesMarketing/Female/Experienced/ckmk_a_sm_f_e_230910.wav"}}}