{"version":"1.0","dataSet":{"info":{"date":"20230116","occupation":"SM","channel":"MOCK","place":"ONLINE","gender":"FEMALE","ageRange":"35-44","experience":"EXPERIENCED"},"question":{"raw":{"text":"지원자님께서 직장을 선택할 때 가장 중요하게 생각하는 세 가지가 있다면 각각 그것이 무엇인지 말씀 부탁드립니다","wordCount":15},"emotion":[],"intent":[]},"answer":{"raw":{"text":"저는 영업 마케팅 업무를 하기 때문에 가장 중점적으로 보는 분야가 있습니다. 바로 그 회사의 가치관과 마인드인데요. 그 회사가 직원들 그리고 어 일전에서 뛰는 그 마케팅 사람을 대하는 방식을 봅니다. 예를 들어서 가장 쉽게 영업 사원에게 무작위적으로 그냥 실적만 요구하게 되면 굉장히 큰 압박감을 느끼게 되고요. 그런 실적에 못 이겨서 결국에는 업무가 더 잘 안 되는 일이 발생할 수 있다고 생각을 합니다. 저는 그렇기 때문에 실적 압박보다는 같이 성장해 나갈 수 있는 그런 거 그리고 영업이라는 게 사람을 대하는 일이다 보니까 또 여러 가지 전략과 그리고 사람에 대한 풀이 중요합니다. 그래서 이런 것들을 좀 써포트 해주고 있는지 아니면 좀 지원이 가능한지 이런 분야들을 평가하는 것 같고요. 어 그리고 앞으로의 성장 가능성이 있는 회사인지도 확인을 하는 것 같습니다. 아무래도 이직을 하게 되면 좀 오래 다니고 싶고 팀원으로서 일하기 쉽고 싶기 때문에 그런 점들을 보고 회사를 평가해서 가는 것 같고요. 어 저도 여기에 입사 지원하기 때문에 이런 것들을 모두 평가하고 입사를 지원을 했습니다.","wordCount":150},"emotion":[],"intent":[{"text":"","expression":"","category":"attitude"}],"summary":{"text":"영업 마케팅 업무를 할 때 중점적으로 보는 분야는 회사의 가치관과 마인드입니다. 영업은 사람을 대하는 일이기 때문에 여러 가지 전략과 사람에 대한 풀이 중요합니다. 그래서 이런 것들을 좀 써포트 해주고 있는지 아니면 좀 지원이 가능한지 이런 분야들을 평가하고 앞으로의 성장 가능성이 있는 회사인지도 확인하고 있습니다.","wordCount":44}}},"rawDataInfo":{"question":{"fileFormat":"wav","fileSize":382158,"duration":11940,"samplingBit":16,"channelCount":1,"samplingRate":"16kHz","audioPath":"/Mock/02.SalesMarketing/Female/Experienced/ckmk_q_sm_f_e_161578.wav"},"answer":{"fileFormat":"wav","fileSize":2748878,"duration":85900,"samplingBit":16,"channelCount":1,"samplingRate":"16kHz","audioPath":"/Mock/02.SalesMarketing/Female/Experienced/ckmk_a_sm_f_e_161578.wav"}}}