{"version":"1.0","dataSet":{"info":{"date":"20230116","occupation":"SM","channel":"MOCK","place":"ONLINE","gender":"FEMALE","ageRange":"35-44","experience":"EXPERIENCED"},"question":{"raw":{"text":"서비스를 거절하는 고객을 어떻게 설득하시겠 습니까","wordCount":6},"emotion":[],"intent":[]},"answer":{"raw":{"text":"네 정말 영업을 하다보면 거절을 하거나 아니면 제가 말하기 전부터 거부감을 가지고 있는 그런 고객들도 참 많은 것 같습니다. 어 사실상 저에 대해서 이미 사전에 부정적인 생각을 가지고 있고 우리 제품에 대해서 부정적인 인식을 가지고 있는 고객을 만날 때 가장 크게 부담을 느끼구요 .어떻게 하면 잘 설득 시킬 수 있을까에 대해서 고민을 많이 하게 됩니다. 어 저는 이러한 상황에서는 여러 가지 단계를 많이 가져가는 편입니다. 사실 저희 회사에 대해서 우호적이고 제가 말하는 말에 대해서 긍정적인 방향을 보이시는 분들은 한 번이나 두 번 정도를 만나면 기본적으로 어 긍정적인 변화를 이끌어내고 설득을 시킬 수가 있습니다. 하지만 부정적인 생각이 이미 앞서 있다면 저는 단계를 여러 차례에 걸쳐서 진행을 하는데요. 처음 만나면서 욕심을 내지 않고 가볍게 인사를 하구요. 그리고 두 번 세 번 네 번까지 만나서 반복적으로 이야기를 하고 또 저에 대해서 안심할 수 있도록 하는 편입니다. 아무래도 부정적이거나 거절을 하긴 다고 하면 조금 더 저의 노력이 필요할 것 같구요. 억지로 하기보다는 조금 시간을 두고 그분에게 신뢰 관계를 쌓기 위해서 노력하는 그런 영업을 진행하는 편입니다.","wordCount":161},"emotion":[],"intent":[{"text":"","expression":"","category":"attitude"}],"summary":{"text":"영업을 하다보면 거절을 하거나 거부감을 가지고 있는 고객들을 만날 때 가장 크게 부담을 느끼므로 여러 가지 단계를 많이 가져가는 편입니다. 부정적인 생각이 이미 앞서 있다면 여러 차례에 걸쳐서 진행을 하며 욕심을 내지 않고 가볍게 인사를 하고 반복적으로 이야기를 하여 안심할 수 있도록 하는 편이고 억지로 하기보다는 시간을 두고 신뢰 관계를 쌓기 위해서 노력하는 영업입니다.","wordCount":54}}},"rawDataInfo":{"question":{"fileFormat":"wav","fileSize":242638,"duration":7580,"samplingBit":16,"channelCount":1,"samplingRate":"16kHz","audioPath":"/Mock/02.SalesMarketing/Female/Experienced/ckmk_q_sm_f_e_113622.wav"},"answer":{"fileFormat":"wav","fileSize":2752718,"duration":86020,"samplingBit":16,"channelCount":1,"samplingRate":"16kHz","audioPath":"/Mock/02.SalesMarketing/Female/Experienced/ckmk_a_sm_f_e_113622.wav"}}}