{"version":"1.0","dataSet":{"info":{"date":"20230116","occupation":"SM","channel":"MOCK","place":"ONLINE","gender":"FEMALE","ageRange":"35-44","experience":"EXPERIENCED"},"question":{"raw":{"text":"지원자님이 만약 타 부서와 갈등 상황이 발생한다면 어떻게 해결하실 건가요 상황을 가정하고 말씀해 주세요","wordCount":14},"emotion":[],"intent":[]},"answer":{"raw":{"text":"음 대화인데 아 이렇게 해 봐도 될 거 같애요. 지금 갑자기 퍼뜩 생각난 건데 어 이미 갈등은 발생이 된 거니까 그러면 이거를 서로 해결하려는 의지가 있을 거고 어쨌든 회사니까요 그러면 노력을 하는 거죠. 네 서로가 서 그러니까 일부러 억지로 서로의 입장으로 바꿔 놓고서 그까 에이가 삐의 입장으로 삐가 에이의 입장으로 되어서 한번 상황극처럼 해보는 거예요 이거를. 네 그래서 서로가 어 싫어하는 그 입장을 대변하는 거로 해서 말을 일부러 발화를 해 보게끔 네 그러면 조금 다를 수 있을 거 같애요. 그까 만들어서 해야 되는 그 그런 이유들 네 그런 것들이 싫지만 또 머릿속으로 순간 순간 그것들을 가져와야 되기 때문에 만들어내야 되기 때문에 거기서 오는 어떤 상대에 대한 부분에 어떤 마음 어떤 생각의 변화가 생기지 않을까 그러면은 조금 감정적으로나 조금 뭔가 관계가 또 달라질 수 있지 않을까 해요.","wordCount":126},"emotion":[],"intent":[{"text":"","expression":"","category":"attitude"}],"summary":{"text":"갈등 상황을 서로의 입장으로 바꿔 놓고서 에이가 삐의 입장으로 삐가 에이의 입장이 되어 상황극처럼 해보는 것입니다. 서로가 싫어하는 입장을 대변하는 것으로 말을 발화해 보게끔 만듭니다. 그러면 감정적으로나, 관계가 조금 달라질 수 있습니다.","wordCount":32}}},"rawDataInfo":{"question":{"fileFormat":"wav","fileSize":402638,"duration":12580,"samplingBit":16,"channelCount":1,"samplingRate":"16kHz","audioPath":"/Mock/02.SalesMarketing/Female/Experienced/ckmk_q_sm_f_e_178332.wav"},"answer":{"fileFormat":"wav","fileSize":2852558,"duration":89140,"samplingBit":16,"channelCount":1,"samplingRate":"16kHz","audioPath":"/Mock/02.SalesMarketing/Female/Experienced/ckmk_a_sm_f_e_178332.wav"}}}