{"version":"1.0","dataSet":{"info":{"date":"20230116","occupation":"SM","channel":"MOCK","place":"ONLINE","gender":"FEMALE","ageRange":"35-44","experience":"EXPERIENCED"},"question":{"raw":{"text":"우리가 소통 능력을 키우기 위해서는 어떤 일들을 할 수 있을까요 생각나는 방법들에 대해 자세하게 말씀해 주세요","wordCount":16},"emotion":[],"intent":[]},"answer":{"raw":{"text":"소통 능력은 다른 사람과 뭔가 생각 교류라든가 아니면 말로써 교류를 나누는 것인데요. 많은 사람들이 자기 얘기를 하는 것이 소통이라고 생각하는 경우가 대부분 많더라구요. 어떻게 하면 말을 잘 할 수 있을지 어떻게 하면 논리적으로 잘 할 수 있을지 하지만 그것은 나의 입장이고 상대방의 입장에서 소통의 능력은 그 사람의 얘기를 들어주고 경청하는 것이 소통의 가장 첫 번째 단추가 아닐까 생각합니다. 그분이 어떤 생각을 하는지 그분이 어떤 상황 속에 있는지 그분의 입장 속에서 계속 경청을 하다 보면 더 많은 정보와 그 사람에 대한 알 수 있는 것들이 더 무궁무진해진다는 것을 알 수 있습니다. 따라서 소통 능력을 키우기 위해서는 첫째도 둘째도 셋째도 모두 경청이라고 생각합니다.","wordCount":101},"emotion":[],"intent":[{"text":"","expression":"","category":"attitude"}],"summary":{"text":"많은 사람들은 자기 얘기를 하는 것을 소통이라고 생각하는 경우가 많은데, 저의 입장과 상대방의 입장에서 소통의 능력을 키우기 위해서는 그 사람의 얘기를 들어주고 경청하는 것이 가장 첫 번째 단추가 아닐까 생각합니다.","wordCount":30}}},"rawDataInfo":{"question":{"fileFormat":"wav","fileSize":301518,"duration":9420,"samplingBit":16,"channelCount":1,"samplingRate":"16kHz","audioPath":"/Mock/02.SalesMarketing/Female/Experienced/ckmk_q_sm_f_e_228358.wav"},"answer":{"fileFormat":"wav","fileSize":1673678,"duration":52300,"samplingBit":16,"channelCount":1,"samplingRate":"16kHz","audioPath":"/Mock/02.SalesMarketing/Female/Experienced/ckmk_a_sm_f_e_228358.wav"}}}