{"version":"1.0","dataSet":{"info":{"date":"20230116","occupation":"SM","channel":"MOCK","place":"ONLINE","gender":"FEMALE","ageRange":"-34","experience":"EXPERIENCED"},"question":{"raw":{"text":"지금까지 여러 대외 활동을 해 보셨을 텐데 대외 활동에서 무엇을 배웠고 어떤 자세로 임했는지 설명 부탁드리겠습니다","wordCount":16},"emotion":[],"intent":[]},"answer":{"raw":{"text":"저는 여러 가지 대내외 활동 중에서도 그동안 좀 봉사활동을 많이 실천을 했습니다. 어 제가 봉사활동을 하게 된 계기는 이제 대학생 때 우연히 봉사활동을 갔었는데 그 만족도가 굉장히 높았습니다. 어 제가 봉사활동을 해주면서 그분들이 저에게 보내는 감사 인사라든가 아니면 제가 느끼는 그런 감정들이 굉장히 행복했기 때문에 어 제가 계속해서 대내외 활동을 하고 또 봉사활동을 실천하고 있는데요. 저는 앞으로도 조금 더 적극적으로 또 시간이 허락하는 한에서 최대한 봉사활동을 진행할 생각입니다. 어 제가 이렇게 봉사활동을 하는 이유는 어 오히려 저한테 큰 도움이 되고 제 스스로 성장하고 있다는 기분을 많이 느끼게 되구요. 그리고 지금은 인제 봉사활동이 한정돼 있지만 앞으로는 우리나라 뿐만이 아니라 해외에 나가서도 어 그분들에게 제가 도움을 줄 수 있는 부분들을 좀 도와주고 싶다 라는 생각이 들었구요. 어 실제로 도움이 필요한 곳이 굉장히 많습니다. 그래서 나 뿐만이 아니라 또 같이 타인을 돌보면서 좀 이타적인 삶을 살고 싶은 게 제 목표이기 때문에 앞으로도 이런 노력들을 계속 저는 진행을 할 거 같습니다.","wordCount":147},"emotion":[],"intent":[{"text":"어 제가 봉사활동을 하게 된 계기는 이제 대학생 때 우연히 봉사활동을   갔었는데 그 만족도가 굉장히 높았습니다.","expression":"c_private","category":"background"}],"summary":{"text":"봉사활동을 하게 된 계기는 대학생 때 우연히 봉사활동을 갔을 때의 만족도가 굉장히 높았기 때문입니다. 앞으로 더 적극적으로 또 시간이 허락하는 한에서 최대한 봉사활동을 진행할 계획입니다. 도움이 필요한 곳이 굉장히 많기 때문에 나 뿐만이 아니라 또 같이 타인을 돌보면서 좀 이타적인 삶을 살고 싶은 게 제 목표이기 때문입니다.","wordCount":47}}},"rawDataInfo":{"question":{"fileFormat":"wav","fileSize":358478,"duration":11200,"samplingBit":16,"channelCount":1,"samplingRate":"16kHz","audioPath":"/Mock/02.SalesMarketing/Female/Experienced/ckmk_q_sm_f_e_142125.wav"},"answer":{"fileFormat":"wav","fileSize":2753358,"duration":86040,"samplingBit":16,"channelCount":1,"samplingRate":"16kHz","audioPath":"/Mock/02.SalesMarketing/Female/Experienced/ckmk_a_sm_f_e_142125.wav"}}}