{"version":"1.0","dataSet":{"info":{"date":"20230116","occupation":"SM","channel":"MOCK","place":"ONLINE","gender":"FEMALE","ageRange":"35-44","experience":"EXPERIENCED"},"question":{"raw":{"text":"남들을 잘 이끄는 리더형과 남을 잘 따르는 팔로워 형 본인은 어떤 유형인지 그리고 그 이유는 무엇인지 설명을 해주세요","wordCount":18},"emotion":[],"intent":[]},"answer":{"raw":{"text":"네 저는 기본적으로 영업 업무를 하고 있기 때문에 팔로워보다는 리더형에 적합한 인물인 것 같습니다. 어 저는 기본적으로 영업을 할 때 저만의 소신과 주관을 가지고 어 뚜렷하게 팀원들을 이끌고요. 그리고 회사에서 원하는 목표를 달성하기 위해서 리더로서 그 상황들을 잘 이끌어내는 것 같습니다. 그래서 저는 리더로서 업무를 굉장히 많이 수행을 했었고 또 프로젝트도 성공적으로 이끈 경험이 있기 때문에 어 리더형으로써 조금 더 남을 잘 이끄는 그런 성향을 가지고 있는 것 같습니다. 하지만 팀 프로젝트를 진행할 때 저도 팔로워로써 어 역할을 수행을 해 본 경험도 있는데요. 제가 리더를 해봤기 때문에 그 팔로워가 얼마나 중요한지 그 역할도 잘 알고 있습니다. 기본적으로 개개인이 업무를 잘 수행을 하고 또 리더가 원하는 방향성에서 잘 맞춰주어야만 그 프로젝트가 잘 진행될 수 있기 때문에 팔로워도 어 그 역할이 굉장히 크고 중요하다고 생각을 합니다. 그래서 저는 팔로워 그리고 리더로서 경험을 모두 해 봤기 때문에 각각의 직무에 맞춰서 저를 유연하게 변화를 해서 그 업무 방식에 맞게 대입을 하는 편입니다. 그래서 저는 조금 더 유연한 그런 성격을 가지고 있기 때문에 어떤 업무든지 잘 적응해 낼 자신이 있습니다.","wordCount":165},"emotion":[],"intent":[{"text":"네 저는 기본적으로 영업 업무를 하고 있기 때문에 팔로워보다는 리더형에 적합한    인물인 것 같습니다.","expression":"c_person","category":"background"},{"text":"어 저는 기본적으로 영업을 할 때 저만의 소신과 주관을    가지고 어 뚜렷하게 팀원들을 이끌고요.","expression":"c_person","category":"background"},{"text":"그리고 회사에서 원하는 목표를 달성하기 위해서    리더로서 그 상황들을 잘 이끌어내는 것 같습니다.","expression":"s_intp","category":"attitude"},{"text":"그래서 저는 리더로서    업무를 굉장히 많이 수행을 했었고 또 프로젝트도 성공적으로 이끈 경험이 있기 때문에   어 리더형으로써 조금 더 남을 잘 이끄는 그런 성향을 가지고 있는 것 같습니다.","expression":"c_person","category":"background"},{"text":"하지만 팀 프로젝트를 진행할 때 저도 팔로워로써 어 역할을 수행을 해 본 경험도 있는데요.","expression":"c_private","category":"background"},{"text":"기본적으로 개개인이 업무를 잘 수행을 하고 또 리더가 원하는 방향성에서    잘 맞춰주어야만 그 프로젝트가 잘 진행될 수 있기 때문에 팔로워도   어 그 역할이 굉장히 크고 중요하다고 생각을 합니다.","expression":"c_value","category":"background"}],"summary":{"text":"저는 기본적으로 영업 업무를 하고 있기 때문에 팔로워보다는 리더형에 적합한 인물인 것 같습니다. 기본적으로 개개인이 업무를 잘 수행하고 또 리더가 원하는 방향성에서 잘 맞춰주어야만 그 프로젝트가 잘 진행될 수 있기 때문입니다. 그래서 저는 각각의 직무에 맞춰서 유연하게 변화를 해서 그 업무 방식에 맞게 대입을 하는 편입니다.","wordCount":46}}},"rawDataInfo":{"question":{"fileFormat":"wav","fileSize":465358,"duration":14540,"samplingBit":16,"channelCount":1,"samplingRate":"16kHz","audioPath":"/Mock/02.SalesMarketing/Female/Experienced/ckmk_q_sm_f_e_135020.wav"},"answer":{"fileFormat":"wav","fileSize":2876878,"duration":89900,"samplingBit":16,"channelCount":1,"samplingRate":"16kHz","audioPath":"/Mock/02.SalesMarketing/Female/Experienced/ckmk_a_sm_f_e_135020.wav"}}}