{"version":"1.0","dataSet":{"info":{"date":"20230116","occupation":"SM","channel":"MOCK","place":"ONLINE","gender":"FEMALE","ageRange":"35-44","experience":"EXPERIENCED"},"question":{"raw":{"text":"지원자님만의 스트레스 해소 방법이 있다면 어 무엇인가요 왜 그 방법으로 스트레스를 해소하시는지 말씀해 주세요","wordCount":14},"emotion":[],"intent":[]},"answer":{"raw":{"text":"저는 스트레스를 풀 때 어 몸을 좀 많이 움직여야 하는 편이라서 요즘에는 러닝을 좀 주로 하는 편입니다. 근데 사실 그 전에는 뭐 땀 빼는 일이라면 뭐 많이 했던 것 같아요 스트레스를 좀 풀기 위해서. 가만히 있으면 자꾸 그 생각에 제가 지배 당하더라구요 어떤 스트레스 받는 요인에 대해서. 그런데 몸을 좀 움직이고 나면 그게 그냥 일단은 아무 생각이 없어지기 때문에 스트레스는 정신적인게 크게 크니깐 정신적인 요인이 크니까 좀 그 생각이 들어올 틈을 좀 안 주려고 노력하는 편이에요. 그래서 너무 힘들다 지금 그러면 일단은 뭐 집안일부터 시작해 보는 편이고 그러다가 집이 다 정리가 되면은 저녁 쯤에 혼자 나가서 그래도 삼십 분 이상은 달리는 편입니다. 그래서 그렇게 달릴 때 사실 속도 조절을 되게 잘해야 하는데 되게 빠르게 달리는 그 순간에 좀 그 카타르시스가 되게 커요. 그래서 그때가 진짜 절정으로 이 스트레스가 해소되는 순간인 것 같습니다.","wordCount":132},"emotion":[],"intent":[{"text":"","expression":"","category":"attitude"}],"summary":{"text":"요즘에는 러닝을 좀 주로 하는 편인데, 몸을 좀 움직이고 나면 아무 생각이 없어지기 때문에 스트레스는 정신적인게 크게 생각날 틈은 안 주려고 합니다. 그래서 일단은 집안일부터 시작해 보는 편으로, 정리가 되면 저녁 쯤에 혼자 나가는데, 그렇게 달릴 때 그 카타르시스가 되게 커 그때가 스트레스를 해소하는 순간입니다.","wordCount":45}}},"rawDataInfo":{"question":{"fileFormat":"wav","fileSize":460238,"duration":14380,"samplingBit":16,"channelCount":1,"samplingRate":"16kHz","audioPath":"/Mock/02.SalesMarketing/Female/Experienced/ckmk_q_sm_f_e_125587.wav"},"answer":{"fileFormat":"wav","fileSize":2425678,"duration":75800,"samplingBit":16,"channelCount":1,"samplingRate":"16kHz","audioPath":"/Mock/02.SalesMarketing/Female/Experienced/ckmk_a_sm_f_e_125587.wav"}}}