{"version":"1.0","dataSet":{"info":{"date":"20230116","occupation":"SM","channel":"MOCK","place":"ONLINE","gender":"FEMALE","ageRange":"55-","experience":"EXPERIENCED"},"question":{"raw":{"text":"태어나서 지금까지 했던 일들 중에 가장 후회됐던 일이 있다면 무엇인가요 딱 한 가지를 골라서 가능한 구체적으로 답변 부탁드립니다","wordCount":18},"emotion":[],"intent":[]},"answer":{"raw":{"text":"태어나서 지금까지 한 일들 가운데 가장 후회했던 일은요. 아 제가 어 제가 이제 다른 지방에 산 경우가 있었습니다. 다른 지방에 살면서 이제 저희 아이들을 데리고 이제 서울에 올라왔었는데요. 그때 제가 이제 숙박하는 이제 집이 이제 저희 아는 집이었는데 저희 아버님께 이동을 해 주십사 하고 부탁을 했습니다. 그런데 아버님께서 이제 그날 그때가 겨울이었는데 되게 많이 추웠는지 한번도 제 부탁에 대해서 노라고 하신 적이 없던 분이 그날은 아 다른 날 가면 안 되겠니 라고 얘기를 하시더라구요. 예 근데 이제 저는 또 일이 있어서 안 안 됩니다. 오늘은 꼭 가야 돼요 라고 했더니 또 아버님께서는 금방 네 그러면 가자 해 갖고 이제 갔는데 가다가 저희 아버님께서 뇌출혈로 돌아가신 일이 있었어요. 아 그러면서 아 누가 노를 하면 저는 다시 부탁을 하지 않는 편입니다. 그리고 제가 해결을 하려고 노력을 하고요. 아 그때 아 그때 내가 그 부탁을 드리지 않았다면 아버님께서 조금 더 사시지 않았을까 좀 지금도 살아 계시지 않을까 하면서 그게 가장 후회했던 일입니다. 왜 그날 제가 아버님을 모시고 나갔을까 아 그러지 않았더라면 지금 이런 가장 후회했던 일이 그 일이 아닐 수도 있겠지만 예 많은 날을 방황을 했습니다. 그 일 때문에 그러면서 이제 얻은 것은 내가 알 수 있는 일은 내가 하자. 그리고 남에게 되도록이면 부탁을 안 하고 내가 해결을 하자 라는 그런 결심이 생긴 일이었습니다.","wordCount":201},"emotion":[{"text":"아 제가 어 제가 이제 다른 지방에 산 경우가 있었습니다.","expression":"u-fact","category":"neutral"},{"text":"오늘은 꼭 가야 돼요 라고 했더니 또 아버님께서는 금방 네 그러면 가자 해 갖고 이제 갔는데 가다가 저희 아버님께서 뇌출혈로 돌아가신 일이 있었어요.","expression":"u-fact","category":"neutral"},{"text":"왜 그날 제가 아버님을 모시고 나갔을까 아 그러지 않았더라면 지금 이런 가장 후회했던 일이 그 일이 아닐 수도 있겠지만 예 많은 날을 방황을 했습니다.","expression":"n-distress","category":"negative"}],"intent":[{"text":"","expression":"","category":"attitude"}],"summary":{"text":"지금까지 한 일들 가운데 가장 후회했던 일로는, 제가 다른 지방에 산 경우가 있었는데 아버님께 이동을 해 주십사 하고 부탁을 했습니다. 그런데 아버님께서 돌아가셔서 다시 부탁을 하지 않고 제가 해결을 하려고 노력을 하게 되었습니다. 그 일 때문에 얻은 것은 제가 알 수 있는 일은 제가 하고, 되도록이면 부탁을 안 하고 제가 해결을 하겠다는 결심이 생겼습니다.","wordCount":54}}},"rawDataInfo":{"question":{"fileFormat":"wav","fileSize":622798,"duration":19460,"samplingBit":16,"channelCount":1,"samplingRate":"16kHz","audioPath":"/Mock/02.SalesMarketing/Female/Experienced/ckmk_q_sm_f_e_240212.wav"},"answer":{"fileFormat":"wav","fileSize":3794638,"duration":118580,"samplingBit":16,"channelCount":1,"samplingRate":"16kHz","audioPath":"/Mock/02.SalesMarketing/Female/Experienced/ckmk_a_sm_f_e_240212.wav"}}}