{"version":"1.0","dataSet":{"info":{"date":"20230116","occupation":"SM","channel":"MOCK","place":"ONLINE","gender":"FEMALE","ageRange":"35-44","experience":"EXPERIENCED"},"question":{"raw":{"text":"최근에 본 뉴스들 가운데 가장 인상 깊었던 뉴스는 무엇이었나요 무엇인지와 이유도 함께 말씀 부탁드리겠습니다","wordCount":14},"emotion":[],"intent":[]},"answer":{"raw":{"text":"얼마 전에 있었던 그 노동자 기계에 끼어서 죽은 사건이 있었잖아요. 사망한 사건 근데 그 공장에 그 사람이 죽은 기계에 천을 씌워 놓고 그 현장을 본 근무자들을 다시 출근시켜서 바로 출근을 시켜서 일을 시켰다는 거에 대해서 조금 조금이 아니죠 약간 많이 소름 돋았었고 근데 그 사건과 관련해서 지금 또 나온 뉴스가 그 사망한 직원의 장례식장에 그 회사에서 자신들의 그 빵을 보냈다 라는 그 기사를 봤어요. 그래 갖고 좀 놀래서 그거를 좀 자세하게 들여다 봤는데 그냥 좀 다 이해가 안 가더라고요. 그 사망한 사람이 거기에서 그거를 만들다가 죽은 건데 빈소에 그거를 보낸다는 발상 자체가 그 물건을 보낸다는 게 그 상품을 보낸다는 게 저는 진짜 이해가 안 가더라고요. 그래서 어 좀 좀 충격적이어서 저는 약간 그게 인상 깊었고 아직까지도 좀 잊혀지지 않는 뉴스 중의 하나입니다.","wordCount":122},"emotion":[],"intent":[{"text":"","expression":"","category":"attitude"}],"summary":{"text":"노동자 기계에 끼어서 죽은 사건 관련해서 또 나온 뉴스가 사망한 직원의 장례식장에 회사의 빵을 보냈다 는 기사를 봤습니다. 그 발상 자체가 이해가 안 가면서 충격이었고 아직까지도 잊혀지지 않는 뉴스 중의 하나입니다.","wordCount":31}}},"rawDataInfo":{"question":{"fileFormat":"wav","fileSize":345678,"duration":10800,"samplingBit":16,"channelCount":1,"samplingRate":"16kHz","audioPath":"/Mock/02.SalesMarketing/Female/Experienced/ckmk_q_sm_f_e_195527.wav"},"answer":{"fileFormat":"wav","fileSize":2813518,"duration":87920,"samplingBit":16,"channelCount":1,"samplingRate":"16kHz","audioPath":"/Mock/02.SalesMarketing/Female/Experienced/ckmk_a_sm_f_e_195527.wav"}}}