{"version":"1.0","dataSet":{"info":{"date":"20230116","occupation":"SM","channel":"MOCK","place":"ONLINE","gender":"FEMALE","ageRange":"35-44","experience":"EXPERIENCED"},"question":{"raw":{"text":"면접자 본인께서는 한 이 년에서 삼 년 정도 목표를 잡고 그거를 이루기 위해서 계속해서 노력한 경험이 있는지 궁금하구요 그리고 어떤 분야였고 어떤 과정을 거쳤는지 말씀해 주시죠","wordCount":26},"emotion":[],"intent":[]},"answer":{"raw":{"text":"저는 프로젝트라기보다 제 건강을 위해서 노력한 적이 있는데요. 사실 건강은 꾸준하게 하는 게 가장 중요할 것 같습니다. 식단이라던가 아니면 체력 그리고 운동 같은 거를 매일 규칙적으로 반복적으로 하는 게 중요한데요. 사실상 쉬운 일이 아닙니다. 어 많은 사람들이 운동을 하다 포기하고 또 식단 관리도 틀어지기 마련인데요. 저는 한 삼 년 동안 건강을 챙기기 위해서 일 주일에 네 번 이상 운동을 하자 라고 결심을 했구요. 이 년 동안 꾸준하게 그것들을 이뤘습니다. 시간이 부족하면 주변을 산책한다거나 이런 가벼운 운동을 실천하면서 저의 건강을 챙기기 위해서 계속 노력을 했구요. 그리고 식단 관리도 계속하게 꾸준하게 하고 있습니다. 그런데 사실 현대인들이 바쁘다 보니까 식단을 챙기기가 쉽지가 않은데요. 가급적이면 건강에 좋은 걸 먹으려고 하고 있구요. 그리고 다닐 때도 어 제가 어 음식을 가지고 다닐 정도로 저는 식단 관리에 충실 하고 있습니다. 결국에는 건강해야 모든 게 잘 이뤄질 수 있기 때문에 이런 걸 잘 관리하는 것도 자기 계발의 일종이라고 생각을 합니다. 그래서 저는 꾸준하게 제 건강 관리를 해본 경험이 있구요. 앞으로도 성실하게 이런 것들을 해 나갈 생각입니다.","wordCount":158},"emotion":[],"intent":[{"text":"저는 한 삼 년 동안 건강을 챙기기 위해서 일 주일에   네 번 이상 운동을 하자 라고 결심을 했구요.","expression":"c_chl","category":"personality"}],"summary":{"text":"건강은 꾸준하게 하는 게 가장 중요하다고 생각합니다. 사실 사람들은 운동을 하다 포기하고 식단 관리도 틀어지기 마련인데, 저는 한 삼 년 동안 건강을 위해서 일 주일에 네 번 이상 운동을 하겠다는 결심을 했습니다. 그리고 주변을 산책하거나 가벼운 운동을 하면서 계속 노력을 하고 있습니다. 결국에는 건강해야 모든 게 잘 이뤄질 수 있기 때문에 자기 계발의 일종이라고 생각합니다.","wordCount":55}}},"rawDataInfo":{"question":{"fileFormat":"wav","fileSize":592078,"duration":18500,"samplingBit":16,"channelCount":1,"samplingRate":"16kHz","audioPath":"/Mock/02.SalesMarketing/Female/Experienced/ckmk_q_sm_f_e_113554.wav"},"answer":{"fileFormat":"wav","fileSize":2746318,"duration":85820,"samplingBit":16,"channelCount":1,"samplingRate":"16kHz","audioPath":"/Mock/02.SalesMarketing/Female/Experienced/ckmk_a_sm_f_e_113554.wav"}}}