{"version":"1.0","dataSet":{"info":{"date":"20230116","occupation":"SM","channel":"MOCK","place":"ONLINE","gender":"FEMALE","ageRange":"-34","experience":"EXPERIENCED"},"question":{"raw":{"text":"지원자께서 해외 영업에 관심이 생기게 된 계기는 무엇인가요","wordCount":8},"emotion":[],"intent":[]},"answer":{"raw":{"text":"네 저는 기본적으로 해외 영업 파트에 자신도 있고 또 제가 그 분야에 관심이 많아서 어 지원을 하게 됐습니다. 제가 해외 영업 파트 지원을 하게 된 이유는 어 제가 해외에서 좀 오랫동안 거주를 했습니다. 그래서 해외 문화에 익숙한 측면도 있구요. 또 그들에 이제 정서를 잘 이해할 수 있기 때문에 제가 이제 업무를 하게 된다고 하면 좀 그런 측면에서 어 여러 가지로 회사에 보탬이 되고 또 저도 즐겁게 업무를 할 수 있을 거 같아서 어 지원을 했습니다. 어 저는 기본적으로 인제 언어 실력이 있는 편이구요. 그리고 해외에서 살았기 때문에 그 문화의 다양성이라든가 어 또 그들에게 또 존중하고 이럴 수 있는 어 그 정서적인 함양도 있는 거 같습니다. 그리고 제가 이제 업무에 참여를 하게 된다면 바로 또 적응할 수 있기 때문에 제가 지원을 하게 됐구요. 어 여러 나라가 있지만 제가 보기에도 이제 우리 회사에서 진출하려는 국가를 어 선택을 한다면 그 분야에서 제가 쪼끔 일을 해보고 싶다는 생각이 많이 들었습니다. 그리고 우리 회사에서 지금 여러 가지로 해외 진출을 고려하고 있는 것으로 알고 있는데요. 저도 기회가 된다고 하면 어 그 해외 진출 시장에 나가서 영업을 해보고 싶다 라는 생각이 들었습니다.","wordCount":175},"emotion":[],"intent":[{"text":"네 저는 기본적으로 해외 영업 파트에 자신도 있고 또 제가 그 분야에   관심이 많아서 어 지원을 하게 됐습니다.","expression":"c_sincere_job","category":"etc"},{"text":"제가 해외 영업 파트 지원을   하게 된 이유는 어 제가 해외에서 좀 오랫동안 거주를 했습니다.","expression":"c_sincere_job","category":"etc"},{"text":"또 그들에 이제 정서를 잘 이해할 수 있기 때문에 제가   이제 업무를 하게 된다고 하면 좀 그런 측면에서 어 여러 가지로 회사에 보탬이 되고   또 저도 즐겁게 업무를 할 수 있을 거 같아서 어 지원을 했습니다.","expression":"c_sincere_job","category":"etc"},{"text":"그리고 제가 이제 업무에 참여를 하게 된다면   바로 또 적응할 수 있기 때문에 제가 지원을 하게 됐구요.","expression":"c_sincere_job","category":"etc"}],"summary":{"text":"저는 언어 실력도 있고 해외 문화에 익숙하고 정서도 잘 이해하기 때문에 해외 영업 파트 지원을 하게 되었습니다. 또 해외에서 살았기 때문에 문화 다양성이나 정서적인 함양도 있는 거 같습니다. 회사에서 진출하려는 국가를 선택한다면 그 분야에서 일을 해보고 싶다는 생각이 많이 들었습니다.","wordCount":40}}},"rawDataInfo":{"question":{"fileFormat":"wav","fileSize":243278,"duration":7600,"samplingBit":16,"channelCount":1,"samplingRate":"16kHz","audioPath":"/Mock/02.SalesMarketing/Female/Experienced/ckmk_q_sm_f_e_142130.wav"},"answer":{"fileFormat":"wav","fileSize":2759118,"duration":86220,"samplingBit":16,"channelCount":1,"samplingRate":"16kHz","audioPath":"/Mock/02.SalesMarketing/Female/Experienced/ckmk_a_sm_f_e_142130.wav"}}}