{"version":"1.0","dataSet":{"info":{"date":"20230116","occupation":"SM","channel":"MOCK","place":"ONLINE","gender":"FEMALE","ageRange":"35-44","experience":"EXPERIENCED"},"question":{"raw":{"text":"저희 프로젝트상 사교성이 좀 많이 필요한 협업이에요 그래서 사교성이 좀 좋은 편이신지 혹시 없으시다면 부족하시다면 그걸 키우시기 위해서 어떤 노력들을 기울이셨는지 궁금하네요","wordCount":22},"emotion":[],"intent":[]},"answer":{"raw":{"text":"어 사교성을 키우기 위해서 음 예전에 유학 시절에 파티를 많이 참가했던 적이 있습니다. 그때는 이제 아무래도 회화 부분도 취약했기 때문에 그 회화의 목적을 가지고 참여했던 것도 있는데 아무래도 외국인들이 좀 더 그 사람을 대할 때 우리나라 사람들보다 더 결 덜 경직되어 있다는 생각이 들 때가 많았어요. 그리고 그런 순간들을 자주 접하기도 했었고. 사실 제가 그 언어가 잘 안될 때도 저는 그것 때문에 많이 움츠러드는데 어 다른 나라에서 온 외국인들은 영어가 잘 안돼도 기본적으로 뭔가 친근하게 다가가는 데 어려움이 없더라구요. 그래서 제가 그 노하우를 좀 얻고 싶은 마음에 사실은 성격이 그렇진 않은데 의도적으로 그 미국에서 많은 파티가 열릴 때 참석을 했던 적이 많았어요. 그래서 처음에는 되게 어색하게 서 있고 이랬는데 시간이 지나니까 조금 제가 그냥 아무 사람한테도 쉽게 말을 걸 수 있게 됐었고 그게 제가 이제 일을 할 때에 사교성을 쪼끔 더 키워줬던 계기가 됐던 것 같습니다.","wordCount":136},"emotion":[],"intent":[{"text":"어 사교성을 키우기 위해서 음 예전에 유학 시절에   파티를 많이 참가했던 적이 있습니다.","expression":"s_intp","category":"attitude"},{"text":"그래서 제가 그 노하우를 좀 얻고 싶은 마음에 사실은 성격이 그렇진 않은데   의도적으로 그 미국에서 많은 파티가 열릴 때 참석을 했던 적이 많았어요.","expression":"s_intp","category":"attitude"},{"text":"그래서 처음에는 되게 어색하게 서 있고 이랬는데 시간이 지나니까 조금 제가 그냥 아무 사람한테도 쉽게 말을 걸 수 있게 됐었고 그게 제가 이제 일을 할 때에   사교성을 쪼끔 더 키워줬던 계기가 됐던 것 같습니다.","expression":"s_intp","category":"attitude"}],"summary":{"text":"사교성을 키우기 위해서 유학 시절에 파티에 많이 참가했던 적이 있습니다. 회화 부분이 취약했기 때문에 회화의 목적을 가지고 참여했던 것도 있지만 외국인들이 우리나라 사람들보다 더 경직되어 있다는 생각이 들 때가 많았습니다. 그래서 의도적으로 미국의 파티에 참석을 했던 적이 많았는데 사교성이 조금 더 키워졌던 계기가 되었습니다.","wordCount":44}}},"rawDataInfo":{"question":{"fileFormat":"wav","fileSize":543438,"duration":16980,"samplingBit":16,"channelCount":1,"samplingRate":"16kHz","audioPath":"/Mock/02.SalesMarketing/Female/Experienced/ckmk_q_sm_f_e_165931.wav"},"answer":{"fileFormat":"wav","fileSize":2798158,"duration":87440,"samplingBit":16,"channelCount":1,"samplingRate":"16kHz","audioPath":"/Mock/02.SalesMarketing/Female/Experienced/ckmk_a_sm_f_e_165931.wav"}}}