{"version":"1.0","dataSet":{"info":{"date":"20230116","occupation":"SM","channel":"MOCK","place":"ONLINE","gender":"FEMALE","ageRange":"55-","experience":"EXPERIENCED"},"question":{"raw":{"text":"얼마 전 구급대원이 주취자에게 폭행을 당해 순직당하는 사건이 있었습니다 이 일에 관하여 지원자님은 어떻게 생각하십니까","wordCount":15},"emotion":[],"intent":[]},"answer":{"raw":{"text":"얼마 전에 구급 대원이 어 주취자에게 폭행을 당해 순직 당하는 일이 있었다고 저도 뉴스에서 접했습니다. 아 진짜 너무 안타까운 일인데요. 우리 일일구 구급대원들이 이런 경우에 노출되어 있는 경우가 생각보다 많더라구요. 그런데 저는 경찰도 이 인 일 조로 다니듯이 구급대원도 이 인 일 자로 이 인 일 조로 다니거나 아니면은 그 폭행을 당했을 때 왜 시민들도 그 옆에 없어서 그렇게 어 난폭하게 당하게 된 건지 알 수는 없습니다만 아 꼭 이 인 일 조로 다녀서 어떤 사람의 그 폭력에 대해서 막을 수 있고 그다음에 구급 대원도 어 그 총은 아니지만 진짜 총은 아니지만 가스총이나 그런 걸 같이 휴대해야 된다고 생각을 합니다. 그런 주취자가 덤벼들면 진짜 난감할 수 밖에 없을 거라고 생각을 합니다. 하지만 구급대원한테는 뭐 몽둥이가 주어지는 경찰처럼 몽둥이가 주어지는 것도 아니고 공포 탄을 주어지는 것도 아닌데 되게 그 위험이 많이 노출되어 있다고 저는 생각을 하거든요. 게서 공포 탄이나 아 몽둥이 아니면은 어 긴급 상황에 대처할 수 있는 무기 정도를 같이 휴대할 수 있게 만드는 것이 저는 구급대원들의 그 어 생명도 지키고 그다음에 사람들을 도울 때 좀 더 어 잘 도울 수 있게 예 경찰은 아닙니다만 구급 대원들 경찰보다 더 많은 위험한 일을 하고 있는 건 사실이잖아요. 그래서 경찰처럼 공기총이나 막대기를 휴대했으면 좋겠습니다.","wordCount":192},"emotion":[],"intent":[{"text":"","expression":"","category":"attitude"}],"summary":{"text":"최근 구급대원이 주취자에게 폭행을 당해 순직하는 일이 있었는데, 이 경우 구급 대원도 이 인 일 조로 다니거나 가스총 등을 같이 휴대해야 한다고 생각합니다. 경찰처럼 몽둥이나 공포 탄이 주어지는 것도 아니고, 구급대원들이 경찰보다 더 많은 위험한 일을 하고 있기 때문에 경찰처럼 공기총이나 막대기를 휴대했으면 좋겠습니다.","wordCount":44}}},"rawDataInfo":{"question":{"fileFormat":"wav","fileSize":426638,"duration":13330,"samplingBit":16,"channelCount":1,"samplingRate":"16kHz","audioPath":"/Mock/02.SalesMarketing/Female/Experienced/ckmk_q_sm_f_e_241936.wav"},"answer":{"fileFormat":"wav","fileSize":3769038,"duration":117780,"samplingBit":16,"channelCount":1,"samplingRate":"16kHz","audioPath":"/Mock/02.SalesMarketing/Female/Experienced/ckmk_a_sm_f_e_241936.wav"}}}