{"version":"1.0","dataSet":{"info":{"date":"20230116","occupation":"SM","channel":"MOCK","place":"ONLINE","gender":"FEMALE","ageRange":"-34","experience":"EXPERIENCED"},"question":{"raw":{"text":"어 지원자님이 생각하시기에 본인의 단점이 있다면 말씀해 주시고 본인이 이를 보완하기 위해 한 노력이 있다면 어 함께 말씀해 주시기를 바랍니다","wordCount":20},"emotion":[],"intent":[]},"answer":{"raw":{"text":"제 단점은 제가 스스로한테 너무 틈을 주지 않는 게 단점인 것 같습니다. 어 어려서부터 집안 환경이 그렇게 넉넉하지 않았고 제가 좀 제 미래를 상상했을 때 불안감이 가득할 때가 좀 많았어요. 그래서 자꾸 돈을 버는 일에 있어서 저를 좀 옭아매기도 하고 쪼기도 하는 스타일이라서 남들은 그렇게까지 하지 말라 고 하는데 저는 좀 저 스스로를 몰아붙이는 경향이 있습니다. 그래서 한창 일을 할 때는 자꾸 친구들하고의 약속도 부담스러워서 피하게 되고 뭔가 제가 하지 않아도 되는 일을 굳이 제가 맡아서 더 뭔가 능력을 어필을 해서 더 좋은 자리에 올라가고 싶어하고 약간 그런 성향이 있어서 제가 그거를 단점이라고 생각하는 이유가 어느 순간 어느 그 어느 시간이 지나니깐 제 주위에 사람이 안 남더라구요. 저를 약간 되게 빡빡한 사람으로 인식을 하고 틈이 없다 고 생각을 하면서 뭔가 다 떠나기 시작했고 제가 좀 그때 외로움을 많이 느꼈던 것 같아요. 그래서 좀 자 저 자신을 돌아보기도 했습니다.","wordCount":138},"emotion":[{"text":"어 어려서부터 집안 환경이 그렇게 넉넉하지 않았고 제가 좀 제 미래를 상상했을 때 불안감이 가득할 때가 좀 많았어요.","expression":"n-anxiety","category":"negative"}],"intent":[{"text":"","expression":"","category":"attitude"}],"summary":{"text":"집안 환경이 좋지 않았던 제가 돈을 버는 일에 있어 스스로를 압박하는 경향이 있었고, 친구들과의 약속도 부담스러워서 피하게 되었으며, 제가 하지 않아도 되는 일을 맡아서 능력을 어필하고 더 좋은 자리에 오르고 싶어했고, 시간이 지나면서 제 주변에 사람이 없어서 외로움을 많이 느꼈던 것 같습니다.","wordCount":42}}},"rawDataInfo":{"question":{"fileFormat":"wav","fileSize":485518,"duration":15170,"samplingBit":16,"channelCount":1,"samplingRate":"16kHz","audioPath":"/Mock/02.SalesMarketing/Female/Experienced/ckmk_q_sm_f_e_195356.wav"},"answer":{"fileFormat":"wav","fileSize":2894158,"duration":90440,"samplingBit":16,"channelCount":1,"samplingRate":"16kHz","audioPath":"/Mock/02.SalesMarketing/Female/Experienced/ckmk_a_sm_f_e_195356.wav"}}}