{"version":"1.0","dataSet":{"info":{"date":"20230116","occupation":"SM","channel":"MOCK","place":"ONLINE","gender":"FEMALE","ageRange":"-34","experience":"EXPERIENCED"},"question":{"raw":{"text":"당신은 제 이 외국어를 몇 개까지 할 수 있습니까 영어 외에 또 다른 언어를 할 수 있는지 그 언어를 얼마만큼 잘 할 수 있는지 함께 말씀해 주십시오","wordCount":27},"emotion":[],"intent":[]},"answer":{"raw":{"text":"저는 현재 영어와 한국어만 구사할 수 있습니다. 하지만 앞으로는 중국어도 배울 생각이 있습니다. 중국어를 배워두면 해외 영업에 영업인으로서 업무를 수행하는 데에 큰 도움이 될 수 있다고 생각합니다. 하지만 중국어 업무를 수행하더라도 기본적으로는 영어 사용량이 더 많다고 생각하여 저는 중국어 학습을 할 수 있었으나 영어에 보다 더 치중하였습니다. 또한 교환 학생을 다녀옴으로써 영어 학습을 보다 수준 있게 할 수 있었습니다. 따라서 제가 아직은 중국어 구사하지 못하지만 입사를 하게 된다면 중국어도 학습을 꾸준히 해 나갈 것이고 영어는 수준급으로 구사가 가능하기 때문에 바이어와의 교신이나 업무 수행이나 서류를 살펴보는 것에 있어서 전혀 지장이 없습니다. 또한 회사가 필요로 하는 언어가 있다면 그에 대한 학습도 열정적으로 해 나갈 것입니다.","wordCount":103},"emotion":[],"intent":[{"text":"","expression":"","category":"attitude"}],"summary":{"text":"저는 현재 영어와 한국어만 구사할 수 있지만 앞으로 중국어도 배울 생각이 있습니다. 중국어를 배워두면 해외 영업에 영업인으로서 업무를 수행하는 데 큰 도움이 될 것이라고 생각합니다. 입사를 하게 된다면 중국어도 학습을 꾸준히 해 나갈 것이고 영어는 수준급으로 구사가 가능합니다.","wordCount":38}}},"rawDataInfo":{"question":{"fileFormat":"wav","fileSize":640718,"duration":20020,"samplingBit":16,"channelCount":1,"samplingRate":"16kHz","audioPath":"/Mock/02.SalesMarketing/Female/Experienced/ckmk_q_sm_f_e_209334.wav"},"answer":{"fileFormat":"wav","fileSize":2543118,"duration":79470,"samplingBit":16,"channelCount":1,"samplingRate":"16kHz","audioPath":"/Mock/02.SalesMarketing/Female/Experienced/ckmk_a_sm_f_e_209334.wav"}}}