{"version":"1.0","dataSet":{"info":{"date":"20230116","occupation":"SM","channel":"MOCK","place":"ONLINE","gender":"FEMALE","ageRange":"45-54","experience":"EXPERIENCED"},"question":{"raw":{"text":"현대인은 하루 평균 세 번에 거짓말을 하고 산다고 하는데요 지원자님께서 해 봤던 가장 기억에 남는 거짓말이 있다면 어떤 것인지 설명해 주시기 바랍니다","wordCount":22},"emotion":[],"intent":[]},"answer":{"raw":{"text":"제가 첫 직장에서 근무를 할 때 기억에 남는 경험이 있었는데요. 그때 저는 당시에 신입이었고 또 제가 해야 하는 업무도 아니었고 그런데 어떤 상사의 부탁으로 어 제가 하지 않아도 될 업무를 그리고 저 혼자만 하기엔 너무 많은 양에 업무를 제가 대신 떠안나서 해야 했던 적이 있었습니다. 사실 당시에 저는 말 그대로 신입이었고 아무 것도 모르는 상태였기 때문에 제가 해야 하는 상황인 줄 알았고 어 회사는 원래 다 그런 것이라는 생각으로 그 상사가 넘겨준 업무를 어 정말 어렵게 해냈던 기억이 있었는데요. 그때 사실 저는 정말 괜찮지 않았고 어 정말 사실 힘들었는데 그때 저는 힘들지 않다 괜찮다 오히려 더 배울 수 있어서 좋다 감사하다 이런 식으로 선임께 얘기했던 기억이 있습니다. 사실 당시에는 저는 정말 하나도 괜찮지 않았고 하나도 감사하지 않았는데 신입이기 때문에 의례적으로 그 상사에게 그런 인사를 했던 적이 저는 가장 기억에 남습니다.","wordCount":130},"emotion":[],"intent":[{"text":"","expression":"","category":"attitude"}],"summary":{"text":"첫 직장에서 근무를 할 때 어떤 상사의 부탁으로 너무 많은 양의 업무를 제가 대신 떠안아서 해야 했던 경험이 있습니다. 그때 저는 정말 하나도 괜찮지 않았고 하나도 감사하지 않았는데 신입이기 때문에 의례적으로 그 상사에게 그런 인사를 했던 적이 가장 기억에 남습니다.","wordCount":40}}},"rawDataInfo":{"question":{"fileFormat":"wav","fileSize":408398,"duration":12760,"samplingBit":16,"channelCount":1,"samplingRate":"16kHz","audioPath":"/Mock/02.SalesMarketing/Female/Experienced/ckmk_q_sm_f_e_146895.wav"},"answer":{"fileFormat":"wav","fileSize":2580558,"duration":80640,"samplingBit":16,"channelCount":1,"samplingRate":"16kHz","audioPath":"/Mock/02.SalesMarketing/Female/Experienced/ckmk_a_sm_f_e_146895.wav"}}}