{"version":"1.0","dataSet":{"info":{"date":"20230116","occupation":"SM","channel":"MOCK","place":"ONLINE","gender":"FEMALE","ageRange":"-34","experience":"EXPERIENCED"},"question":{"raw":{"text":"어 지원자님께서 만약 게임 속 캐릭터라고 가정을 해 보겠습니다 이런 경우에는 어떤 게임에서 어떤 역할을 맡아 수행하고 싶으신지 말씀해 주시길 바랍니다","wordCount":21},"emotion":[],"intent":[]},"answer":{"raw":{"text":"저는 어릴 때부터 이거 진짜 농담이 아닌데요. 제가 어릴 때부터 슈퍼마리오의 마리오가 되고 싶다 는 상상을 항상 했었어요. 그 이유가 되게 다른 사람들은 게임 속에 그 모험 같은 게 재미있을 것 같다 라고 짐작을 할 수도 있는데 저는 진짜 그 멜빵 바지가 되게 탐이 났었어요. 그래서 저걸 입어보고 싶다. 그런데 뭐 그게 지금 비슷한 거 코스튬을 찾으면 굉장히 많잖아요. 그런데 어릴 때는 항상 저 게임 속에 저 캐릭터가 입은 저걸 진짜 입고 싶다 라고 생각했던 것 같아요. 그리고 뭔가 이렇게 점프 했을 때 벽돌도 깨지고 그리고 갑자기 버섯을 먹으면 커지고 막 이러는 능력치들이 되게 재미있었어 가지고 그런데 예전에 한 번 인터넷에서 마리오 시점에 그 그래픽을 누가 만든 걸 본 적이 있었거든요. 그러니까 저희가 어릴 때 했던 게임은 투디 였던 거죠. 그 투디라고 해야되나 아까 딱 평면으로 옆모습으로 쭉쭉 가는 거였잖아요. 근데 그거를 마리오의 시점으로 제작한 그래픽이었는데 너무 무서운 거예요. 그래서 약간 그때는 조금 그런 마음이 사라지긴 했는데 그래도 뭔가 이 질문에 답할 수 있는 거는 그 마리오였던 것 같아요.","wordCount":159},"emotion":[],"intent":[{"text":"","expression":"","category":"attitude"}],"summary":{"text":"어릴 적부터 슈퍼마리오의 마리오가 되고 싶다 라는 상상을 해왔습니다. 그 이유는 모험이 재미있을 것 같았기 때문입니다. 예전에 마리오 시점에 그래픽을 누가 만든 걸 본 적이 있는데 투디라서 옆모습으로 쭉쭉 가는 점이 무서웠습니다. 하지만 이 질문에 답할 수 있는 것은 마리오입니다.","wordCount":40}}},"rawDataInfo":{"question":{"fileFormat":"wav","fileSize":414158,"duration":12940,"samplingBit":16,"channelCount":1,"samplingRate":"16kHz","audioPath":"/Mock/02.SalesMarketing/Female/Experienced/ckmk_q_sm_f_e_195360.wav"},"answer":{"fileFormat":"wav","fileSize":2844238,"duration":88880,"samplingBit":16,"channelCount":1,"samplingRate":"16kHz","audioPath":"/Mock/02.SalesMarketing/Female/Experienced/ckmk_a_sm_f_e_195360.wav"}}}