{"version":"1.0","dataSet":{"info":{"date":"20230116","occupation":"SM","channel":"MOCK","place":"ONLINE","gender":"FEMALE","ageRange":"45-54","experience":"EXPERIENCED"},"question":{"raw":{"text":"그동안 진행한 프로젝트가 있다면 가장 기억에 남는 프로젝트와 어떤 점에서 기억에 남는지에 대하여 설명해 주세요","wordCount":15},"emotion":[],"intent":[]},"answer":{"raw":{"text":"저는 대학교 때 제가 참여했던 어브노멀리티 프로젝트라는 경험이 가장 기억에 남습니다. 말 그대로 비일상적인 행동을 하는 그런 프로젝트였는데요. 일상적인 행위가 아닌 일상에서 일어나지 않을 법한 행위들을 연구하면서 직접 몸소 체험하고 표현하는 것을 바탕으로 기존의 생각할 수 없었던 생각들을 하면서 좀 시야를 넓혀가자 라는 취지에서 만들어진 프로젝트였는데 사실 살면서 이러한 경험을 많이 해볼 수 없다 라는 걸 알고 있기 때문에 정말 그 당시에 그동안 각자 하고 싶었던 것들을 모두 다 표출을 해낸 순간이었고 사실 그 순간 이후에 그렇게 표현하고 싶은 것을 표현했던 순간은 없었던 것 같습니다. 비록 단기적인 프로젝트였지만 그 프로젝트를 통해서 어 다른 것들을 접할 때에도 조금 더 새로운 시각으로 보려고 노력을 했고 또 기존의 것에서 탈피해서 조금 더 새로운 아이디어를 많이 창출해 낼 수 있었던 그런 프로젝트가 됐다고 생각합니다.","wordCount":120},"emotion":[],"intent":[{"text":"","expression":"","category":"attitude"}],"summary":{"text":"비일상적인 행동을 하는 어브노멀리티 프로젝트가 가장 기억에 남습니다. 일상에서 일어나지 않을 법한 행위들을 연구하며 직접 체험하고 표현하는 것을 바탕으로 기존의 생각할 수 없었던 생각들을 하면서 시야를 넓혀가자 라는 취지에서 만들어진 프로젝트였는데 새로운 아이디어를 많이 창출해 낼 수 있었습니다.","wordCount":38}}},"rawDataInfo":{"question":{"fileFormat":"wav","fileSize":442318,"duration":13820,"samplingBit":16,"channelCount":1,"samplingRate":"16kHz","audioPath":"/Mock/02.SalesMarketing/Female/Experienced/ckmk_q_sm_f_e_147873.wav"},"answer":{"fileFormat":"wav","fileSize":2229198,"duration":69660,"samplingBit":16,"channelCount":1,"samplingRate":"16kHz","audioPath":"/Mock/02.SalesMarketing/Female/Experienced/ckmk_a_sm_f_e_147873.wav"}}}