{"version":"1.0","dataSet":{"info":{"date":"20230116","occupation":"SM","channel":"MOCK","place":"ONLINE","gender":"FEMALE","ageRange":"-34","experience":"EXPERIENCED"},"question":{"raw":{"text":"지원자님께서는 전공과 관련해서 최근 부족하다고 느끼고 따로 공부를 하고 있는 분야가 있으십니까 있다면 말씀 부탁드리겠습니다","wordCount":15},"emotion":[],"intent":[]},"answer":{"raw":{"text":"저의 전공은 영어 영문학과이기 때문에 최근 부족하다고 느끼는 부분이 있다면 어 스피킹과 라이팅이라고 생각합니다. 그렇기 때문에 제가 개인적으로 공부하는 부분은 토익 점수를 향상시키는 것과 그리고 전화 영어를 통해서 꾸준한 스피킹 어 오늘 연습을 하려고 노력하고 있습니다. 그 외적으로는 현재 해외 연수를 받고 있기 때문에 라이팅 수업도 따로 들으면서 열심히 노력하고 있습니다.","wordCount":51},"emotion":[],"intent":[{"text":"","expression":"","category":"attitude"}],"summary":{"text":"전공이 영어영문학과이기 때문에 개인적으로 토익점수 향상과 전화영어를 통한 스피킹 연습, 그리고 라이팅수업을 들으며 스피킹과 라이팅을 위해 노력하고 있습니다.","wordCount":18}}},"rawDataInfo":{"question":{"fileFormat":"wav","fileSize":463118,"duration":14470,"samplingBit":16,"channelCount":1,"samplingRate":"16kHz","audioPath":"/Mock/02.SalesMarketing/Female/Experienced/ckmk_q_sm_f_e_239666.wav"},"answer":{"fileFormat":"wav","fileSize":1106638,"duration":34580,"samplingBit":16,"channelCount":1,"samplingRate":"16kHz","audioPath":"/Mock/02.SalesMarketing/Female/Experienced/ckmk_a_sm_f_e_239666.wav"}}}