{"version":"1.0","dataSet":{"info":{"date":"20230116","occupation":"SM","channel":"MOCK","place":"ONLINE","gender":"FEMALE","ageRange":"-34","experience":"EXPERIENCED"},"question":{"raw":{"text":"대학에서 전공과 관련된 다양한 과목을 수강하셨을 텐데요 전공 과목 중에 가장 기억에 남는 과목이 있다면 한 가지만 골라서 말씀해 주시기 바랍니다","wordCount":21},"emotion":[],"intent":[]},"answer":{"raw":{"text":"제가 배운 전공 과목 중 가장 기억에 남는 과목 중의 하나는 회계입니다. 저는 어렸을 때부터 숫자와는 친하지 않았기 때문에 숫자를 보면 겁부터 먹는 습관이 있었습니다. 또한 계산에 있어서는 잘하지 못하기 때문에 회계 수업이 가장 기억이 남습니다. 또한 회계로 인해 골머리를 앓았던 적이 많아서 전공 과목 수업 중에서는 회계 과목이 가장 기억에 남습니다. 회계 과목의 부족한 점을 메우기 위해 학교에 있는 멘토링 프로그램을 신청하여 멘토의 도움을 받으며 부족한 부분을 메울 수 있도록 다른 멘티들과 같이 학습을 하며 보충해 나갔습니다. 또한 멘토의 회계 공부 방법이나 회계 접근법에 대해 공유하면 보다 나은 학습법을 갖출 수 있었습니다.","wordCount":93},"emotion":[],"intent":[{"text":"","expression":"","category":"attitude"}],"summary":{"text":"전공 과목 중 회계 과목이 가장 기억에 남습니다. 회계 과목의 부족한 점을 메우기 위해 멘토의 도움을 받으며 학습을 해 나갔습니다. 멘토의 회계 공부 방법이나 접근법에 대해 공유하면 보다 나은 학습법을 갖출 수 있습니다.","wordCount":33}}},"rawDataInfo":{"question":{"fileFormat":"wav","fileSize":559438,"duration":17480,"samplingBit":16,"channelCount":1,"samplingRate":"16kHz","audioPath":"/Mock/02.SalesMarketing/Female/Experienced/ckmk_q_sm_f_e_209500.wav"},"answer":{"fileFormat":"wav","fileSize":2657358,"duration":83040,"samplingBit":16,"channelCount":1,"samplingRate":"16kHz","audioPath":"/Mock/02.SalesMarketing/Female/Experienced/ckmk_a_sm_f_e_209500.wav"}}}