{"version":"1.0","dataSet":{"info":{"date":"20230116","occupation":"SM","channel":"MOCK","place":"ONLINE","gender":"FEMALE","ageRange":"35-44","experience":"EXPERIENCED"},"question":{"raw":{"text":"전공 외에 자신이 수준급의 실력이 될 정도로 노력한 것이 있나요 있다면 전공과 관련되어 어떤 도움이 주는지도 궁금합니다","wordCount":17},"emotion":[],"intent":[]},"answer":{"raw":{"text":"저는 단순히 전공 이외에 어 여러 가지를 잘 할 수 있는 능력이 있다고 생각을 하는데요. 언어와 그리고 마케팅 분야에서 좀 전문적인 지식을 가지고 있다고 생각을 합니다. 어 저는 기본적으로 영업 사원이 되기 위해서 여러 가지 노력을 기울였는데요. 그중에서도 영업과 연관된 영업 스킬들 아니면 마케팅 기술에 관한 공부들을 좀 많이 해왔습니다. 실제로 요즘에 마케팅이라는 측면 홍보 아니면 영업 이런 활동이 혼재돼서 단어들이 쓰이고 있는데요. 그만큼 여러 가지로 다변화하고 있고 사회가 여러 가지 변화의 형태로 발전이 되면서 이런 부분들이 훨씬 더 중요하게 인정을 받고 있는 것 같습니다. 그래서 저도 최근에 트렌드도 파악을 하고 또 마케팅 관점에서 어떤 것들이 중요했는 졌는지 알기 위해서 어 또 사례 공부와 그리고 실전 공부를 통해서 많이 공부를 하고 있는 상황입니다. 어 책과 강의도 듣기도 하고요. 그리고 전문적인 지식을 쌓기 위해서 실제로 뭐 전공의 수준에 버금가는 그런 강의를 들음으로써 제 실력을 높이기 위해서 노력을 하고 있는 상황입니다. 그래서 저는 이제 마케팅 그리고 또 여러 가지 언어를 배우기 위한 노력들도 꾸준히 하고 있는 상황입니다.","wordCount":155},"emotion":[{"text":"그래서 저도 최근에 트렌드도 파악을 하고 또 마케팅 관점에서 어떤 것들이 중요했는    졌는지 알기 위해서 어 또 사례 공부와 그리고 실전 공부를 통해서   많이 공부를 하고 있는 상황입니다.","expression":"p-interest","category":"positive"}],"intent":[{"text":"그래서 저도 최근에 트렌드도 파악을 하고 또 마케팅 관점에서 어떤 것들이 중요했는    졌는지 알기 위해서 어 또 사례 공부와 그리고 실전 공부를 통해서   많이 공부를 하고 있는 상황입니다.","expression":"c_imp","category":"personality"},{"text":"그리고 전문적인 지식을 쌓기 위해서   실제로 뭐 전공의 수준에 버금가는 그런 강의를 들음으로써   제 실력을 높이기 위해서 노력을 하고 있는 상황입니다.","expression":"c_imp","category":"personality"},{"text":"그래서 저는 이제 마케팅 그리고   또 여러 가지 언어를 배우기 위한 노력들도 꾸준히 하고 있는 상황입니다.","expression":"c_imp","category":"personality"}],"summary":{"text":"저는 전공 외에 여러 가지를 잘 할 수 있는 능력이 있고, 언어와 그리고 마케팅 분야에서 좀 전문적인 지식을 가지고 있습니다. 전공의 수준에 버금가는 강의를 들음으로써 제 실력을 높이기 위해서 노력을 하고 있고, 그래서 저는 마케팅 그리고 여러 가지 언어를 배우기 위한 노력들도 꾸준히 하고 있는상황입니다.","wordCount":45}}},"rawDataInfo":{"question":{"fileFormat":"wav","fileSize":451278,"duration":14100,"samplingBit":16,"channelCount":1,"samplingRate":"16kHz","audioPath":"/Mock/02.SalesMarketing/Female/Experienced/ckmk_q_sm_f_e_140804.wav"},"answer":{"fileFormat":"wav","fileSize":2746318,"duration":85820,"samplingBit":16,"channelCount":1,"samplingRate":"16kHz","audioPath":"/Mock/02.SalesMarketing/Female/Experienced/ckmk_a_sm_f_e_140804.wav"}}}