{"version":"1.0","dataSet":{"info":{"date":"20230116","occupation":"SM","channel":"MOCK","place":"ONLINE","gender":"FEMALE","ageRange":"35-44","experience":"EXPERIENCED"},"question":{"raw":{"text":"어 지원자님께서 태어나서 지금까지 한 일들 가운데 가장 후회했던 일이 있을 것이라고 생각합니다 어 가장 후회했던 일을 한 가지만 골라서 자세하게 설명해 주시기를 바랍니다","wordCount":24},"emotion":[],"intent":[]},"answer":{"raw":{"text":"제가 지금까지 한 일들 가장 후회했던 적은 주변에 끌려서 주식 투자를 한 경험이 있습니다. 갑자기 돈이 생길 일이 생겼었는데 주변에서 어떻게 알았는지 요즘 주식을 안 하고 돈을 벌 수 없다며 계속 옆에서 부추기는 바람에 잘 알지도 못하는 상태에서 주식을 시작하게 되었습니다. 주식은 그 회사의 가치와 또 경제 상황 차트 분석 등 다양한 관점에서 공부를 하고 투자를 했어야 했는데 그저 옆에 사람의 말에 휩쓸려서 시작하는 바람에 큰 분실을 보게 되었습니다. 이것은 뭐 누구를 비난할 것이 아니라 제가 직접 잘 알지도 못한 상태에서 그저 일확천금을 바랬던 저의 안일한 행동이 그런 결과를 낳게 한 것이 아닌가 싶습니다. 그래서 주식을 한 것이 어 제 인생 중에서 가장 후회했던 일 중의 하나인 것 같습니다.","wordCount":109},"emotion":[],"intent":[{"text":"","expression":"","category":"attitude"}],"summary":{"text":"주변에 끌려서 주식 투자를 한 경험이 가장 후회했던 적 있습니다. 주식은 그 회사의 가치와 경제 상황 차트 분석 등 다양한 관점에서 투자를 해야 하는데 옆에 사람의 말에 휩쓸려서 시작했기 때문입니다. 그래서 주식을 한 것이 제 인생에서 제일 후회했던 일 중의 하나입니다.","wordCount":41}}},"rawDataInfo":{"question":{"fileFormat":"wav","fileSize":611918,"duration":19120,"samplingBit":16,"channelCount":1,"samplingRate":"16kHz","audioPath":"/Mock/02.SalesMarketing/Female/Experienced/ckmk_q_sm_f_e_227920.wav"},"answer":{"fileFormat":"wav","fileSize":1827598,"duration":57110,"samplingBit":16,"channelCount":1,"samplingRate":"16kHz","audioPath":"/Mock/02.SalesMarketing/Female/Experienced/ckmk_a_sm_f_e_227920.wav"}}}