{"version":"1.0","dataSet":{"info":{"date":"20230116","occupation":"SM","channel":"MOCK","place":"ONLINE","gender":"FEMALE","ageRange":"45-54","experience":"EXPERIENCED"},"question":{"raw":{"text":"본인께서 직접 해외에 물건을 파는 사업을 한다면 어떤 물건을 팔아볼 것인지 말씀해 주세요","wordCount":13},"emotion":[],"intent":[]},"answer":{"raw":{"text":"어 제가 해외에 나가서 물건을 팔 거라면 저는 뭐 중국 쪽에 어 그 부탄 가스와 부탄 고 일회용 가스 레인지를 팔아보면 어떨까 라는 생각을 합니다. 그까 음 부탄가스는 이제 저희가 편하게 많이 저희는 사용을 하고 있는데 중국 같은 경우는 어 그런 것들을 많이 사용하지 않는 것 같더라구요. 그래서 얼마나 편하고 또 안전하고 그런데 어 그리고 또 중국의 인구가 많으니 수요도 많을 것 같아서 저는 부탄가스와 그까 그 일회용 가스레인지를 좀 어 중국 쪽에 판매를 하면 잘 될 것 같은 네 그런 생각이 들었습니다.","wordCount":83},"emotion":[],"intent":[{"text":"그래서 얼마나 편하고 또 안전하고   그런데 어 그리고 또 중국의 인구가 많으니 수요도 많을 것 같아서 저는 부탄가스와 그까 그 일회용 가스레인지를 좀 어 중국 쪽에 판매를 하면 잘 될 것 같은   네 그런 생각이 들었습니다.","expression":"s_anls_prod","category":"technology"}],"summary":{"text":"해외 물건을 팔 거라면 중국 쪽에 부탄 가스와 일회용 가스 레인지를 팔아보고 싶습니다. 중국은 편하고 안전하고 인구도 많으니 수요도 많을 것 같아 부탄가스와 일회용 가스레인지를 중국에 판매하면 좋을 것 같습니다.","wordCount":30}}},"rawDataInfo":{"question":{"fileFormat":"wav","fileSize":299918,"duration":9370,"samplingBit":16,"channelCount":1,"samplingRate":"16kHz","audioPath":"/Mock/02.SalesMarketing/Female/Experienced/ckmk_q_sm_f_e_180965.wav"},"answer":{"fileFormat":"wav","fileSize":1867598,"duration":58360,"samplingBit":16,"channelCount":1,"samplingRate":"16kHz","audioPath":"/Mock/02.SalesMarketing/Female/Experienced/ckmk_a_sm_f_e_180965.wav"}}}