{"version":"1.0","dataSet":{"info":{"date":"20230116","occupation":"SM","channel":"MOCK","place":"ONLINE","gender":"FEMALE","ageRange":"-34","experience":"EXPERIENCED"},"question":{"raw":{"text":"입사 후에 근무를 하면서 정작 지원했던 분야가 지원자님과 잘 맞지 않는다는 생각이 들면 지원자님은 어떻게 하실 생각인가요","wordCount":17},"emotion":[],"intent":[]},"answer":{"raw":{"text":"그런데 일이라는 게 회사라는 게 나랑 잘 맞는 회사가 있었나 싶기는 해요. 보통 직장이라는 거는 좀 모두가 다 원하는 일을 하게 되는 것도 아니고 내 성향에 백 프로 들어맞는 건 아니라고 생각하거든요. 하지만 또 어느 정도 맞기 때문에 이 많은 직장인들이 또 회사를 다니고 있는 걸 수도 있겠지만 사실은 대부분의 많은 사람들이 정말 내가 온전하게 이 직업과 맞지 이 직업과 완전히 맞다 라고 생각하면서 다니는 건 아니라고 생각을 해서 사실 저도 이 일을 제가 오래 했지만 이 업무를 이 분야를 오래 했지만 정말 잘 맞는다고 생각했던 적은 없었던 것 같아요. 그냥 회사니까 조금 어느 정도는 의무감에 나오는 것도 있었는데 정말 잘 맞지 않는다 라는 사실을 깨닫게 된다. 아 진짜 이거 아닌 것 같아 라고 깨닫게 된다면 저의 대출금을 좀 살펴볼 것 같아요. 그 잔액들을 좀 확인하면서 이직을 하게 되는 거면은 사실 또 그 안에 시간과 비용이 많이 들잖아요. 그런 걸 또 한번 생각하면서 이 회사에 남아야 하는 의지를 다질 것 같습니다.","wordCount":151},"emotion":[],"intent":[{"text":"","expression":"","category":"attitude"}],"summary":{"text":"보통 직장은 모두가 다 원하는 일을 하게 되는 것도 아니고 내 성향에 백프로 들어맞는 건 아니라고 생각하는데, 사실 많은 사람들은 제가 이 직업과 완전히 맞는다고 생각하면서 다니는 것은 아니라고 생각을 해서, 제가 이 업무를 이 분야를 오래 했지만 정말 잘 맞는다고 생각했던 적은 없었던 것 같습니다.","wordCount":46}}},"rawDataInfo":{"question":{"fileFormat":"wav","fileSize":622798,"duration":19460,"samplingBit":16,"channelCount":1,"samplingRate":"16kHz","audioPath":"/Mock/02.SalesMarketing/Female/Experienced/ckmk_q_sm_f_e_195362.wav"},"answer":{"fileFormat":"wav","fileSize":2650318,"duration":82820,"samplingBit":16,"channelCount":1,"samplingRate":"16kHz","audioPath":"/Mock/02.SalesMarketing/Female/Experienced/ckmk_a_sm_f_e_195362.wav"}}}