{"version":"1.0","dataSet":{"info":{"date":"20230116","occupation":"SM","channel":"MOCK","place":"ONLINE","gender":"FEMALE","ageRange":"45-54","experience":"EXPERIENCED"},"question":{"raw":{"text":"혼자 하는 과제와 협업하는 과제 중 어떤 것을 더 선호하십니까 그 이유도 함께 설명해 주시길 바랍니다","wordCount":16},"emotion":[],"intent":[]},"answer":{"raw":{"text":"협업하는 과제가 더 저한테는 맞는 거 같애요. 일단 혼자 하는 거는 집중도도 많이 떨어지고 의욕이 잘 안 생기기도 하거든요. 저는 운동을 할 때도 혼자서 잘 못하고 공부를 할 때도 혼자서는 잘 못하는 스타일이라서 항상 많은 사람들이 단체로 있는 데서 그 분위기가 같이 끌어가 줘야지 어떤 일을 하던 공부를 하던 업무를 하던 그리고 놀던 그 능률이 굉장히 좋아지는 편이라서 항상 함께 하는 일을 선호를 하고 협업을 하는 일을 해야 또 아이디어도 다양하게 공유된다고 생각을 하기 때문에 저는 혼자서 하는 것보다는 항상 많은 사람들 그리고 최소 둘 이상은 함께 할 수 있는 협업하는 과제를 선호하고 있습니다.","wordCount":94},"emotion":[],"intent":[{"text":"저는   운동을 할 때도 혼자서 잘 못하고 공부를 할 때도 혼자서는 잘 못하는 스타일이라서   항상 많은 사람들이 단체로 있는 데서 그 분위기가 같이 끌어가 줘야지   어떤 일을 하던 공부를 하던 업무를 하던 그리고 놀던 그 능률이 굉장히 좋아지는 편이라서 항상   함께 하는 일을 선호를 하고 협업을 하는 일을 해야 또 아이디어도 다양하게 공유된다고 생각을 하기 때문에   저는 혼자서 하는 것보다는 항상 많은 사람들 그리고 최소 둘 이상은 함께 할 수 있는 협업하는 과제를 선호하고 있습니다.","expression":"c_cop","category":"personality"}],"summary":{"text":"협업하는 과제가 저한테 맞는 거 같은데, 혼자서는 잘 못하는 스타일이라 항상 많은 사람들이 단체로 있는 데서 그 분위기가 같이 끌어가 있어야 아이디어도 다양하게 공유된다고 생각을 하기 때문에 협업하는 과제를 선호하고 있습니다.","wordCount":31}}},"rawDataInfo":{"question":{"fileFormat":"wav","fileSize":339918,"duration":10620,"samplingBit":16,"channelCount":1,"samplingRate":"16kHz","audioPath":"/Mock/02.SalesMarketing/Female/Experienced/ckmk_q_sm_f_e_182920.wav"},"answer":{"fileFormat":"wav","fileSize":1753038,"duration":54780,"samplingBit":16,"channelCount":1,"samplingRate":"16kHz","audioPath":"/Mock/02.SalesMarketing/Female/Experienced/ckmk_a_sm_f_e_182920.wav"}}}