{"version":"1.0","dataSet":{"info":{"date":"20230116","occupation":"SM","channel":"MOCK","place":"ONLINE","gender":"FEMALE","ageRange":"35-44","experience":"EXPERIENCED"},"question":{"raw":{"text":"지원자님께서도 살면서 다양한 커뮤니케이션을 경험해 보셨을 텐데 그중에 가장 어려웠던 경험을 한 가지만 꼽자면 무엇이었습니까","wordCount":15},"emotion":[],"intent":[]},"answer":{"raw":{"text":"저는 아무래도 어 제 언어가 아닌 것 아닌 언어와 소통하는 게 가장 어려웠었던 것 같은데 워킹홀리데이를 준비를 할 때가 있었는데 그때 이제 어쨌든 일을 구해야 되잖아요. 워킹홀리데이 비자는 일을 할 수 있고 저도 막상 여행으로 가기에는 부담스러운 것들이 좀 있었기 때문에 당연히 일을 해야 된다 라고 생각을 했었는데 그때 제가 갔던 나라가 체코였었단 말이죠. 프라하로 넘어갔었는데 사실은 그때 좀 제가 사전 준비가 미미했던 거죠. 그래서 어느 정도 영어를 할 줄 알면 소통이 가능할 거라고 생각을 했는데 생각보 생각보다 체코 사람들은 영어를 그렇게 반기지 않았고 체코어를 할 수 할 줄 알아야 제가 취업을 하는데 유리하더라고요. 그래서 초창기 일을 구할 때 그것 때문에 굉장히 많은 시행착오가 있었었고 나름 영어를 했으니까 그래도 베이스가 되니까 체코어를 조금 빨리 공부할 수 있지 않을까 라고 생각했는데 그게 좀 저의 어떤 큰 오해였던 거죠. 그래서 그때 처음에 일을 구할 때 그 언어가 통하지 않아서 되게 어려웠던 경험이 있습니다.","wordCount":141},"emotion":[],"intent":[{"text":"","expression":"","category":"attitude"}],"summary":{"text":"워킹홀리데이 할 때 여행으로 가기에는 부담스러운 것들이 있었기 때문에 일을 해야 된다고 생각했지만 체코로 넘어갔는데 체코 사람들은 영어를 별로 반기지 않았고 체코어를 할 줄 알아야 취업에 유리하다고 해서 많이 시행착오가 있었고 언어가 통하지 않아 굉장히 어려웠던 경험이 있습니다.","wordCount":38}}},"rawDataInfo":{"question":{"fileFormat":"wav","fileSize":345038,"duration":10780,"samplingBit":16,"channelCount":1,"samplingRate":"16kHz","audioPath":"/Mock/02.SalesMarketing/Female/Experienced/ckmk_q_sm_f_e_195523.wav"},"answer":{"fileFormat":"wav","fileSize":2757838,"duration":86180,"samplingBit":16,"channelCount":1,"samplingRate":"16kHz","audioPath":"/Mock/02.SalesMarketing/Female/Experienced/ckmk_a_sm_f_e_195523.wav"}}}