{"version":"1.0","dataSet":{"info":{"date":"20230116","occupation":"SM","channel":"MOCK","place":"ONLINE","gender":"FEMALE","ageRange":"35-44","experience":"EXPERIENCED"},"question":{"raw":{"text":"어 창의성과 팀워크 중에서는 어떤 것이 더 중요하다고 생각하시는지요 중요한 것에 대해서 이야기 해 주시고 또 그 근거도 함께 들어서 말씀해 주시면 좋겠습니다","wordCount":23},"emotion":[],"intent":[]},"answer":{"raw":{"text":"저는 팀 워크가 훨씬 더 중요한 것이라고 생각합니다. 우리가 일을 하는 데 있어서는 어떠한 목적과 목표를 가지고 일을 하는데요. 만약에 팀원들 중에서 그 목표로 어 가기 위한 것에 상관없이 자기의 아 불리한 드 한 아이디어나 아니면 창의성만을 돋보이게 한다고 한다면 결국엔 그 목표로 함께 나아가지 못할 거라고 생각합니다. 축구 선수들도 마찬가지입니다. 서로 골을 패스하고 해야지 혼자 만약에 독단적으로 골을 넣을려고 만약에 꼴대로 달려진다고 한다면 그것은 분명히 목표는 향했지만 그 방법이나 아니면 뭔가 음 소통과 어 그런 것들이 협력이 부족할 뿐만 아니라 네 전체적인 목표의 달성에도 충분한 차질이 있다 라고 생각합니다. 그렇기 때문에 무엇보다도 팀워크가 훨씬 더 중요한다고 생각합니다.","wordCount":98},"emotion":[],"intent":[{"text":"저는 팀 워크가 훨씬 더 중요한 것이라고 생각합니다.","expression":"c_cop","category":"personality"},{"text":"그렇기 때문에 무엇보다도 팀워크가 훨씬 더 중요한다고 생각합니다.","expression":"c_cop","category":"personality"}],"summary":{"text":"일을 하는 데에 있어서 어떤 목적과 목표를 가지고 일을 하더라도 팀원들 중에서 자신의 불리한 드 한 아이디어나 창의성만을 돋보이게 한다고 한다면 결국 그 목표로 함께 나아가지 못할 것이라고 생각합니다.","wordCount":29}}},"rawDataInfo":{"question":{"fileFormat":"wav","fileSize":446478,"duration":13950,"samplingBit":16,"channelCount":1,"samplingRate":"16kHz","audioPath":"/Mock/02.SalesMarketing/Female/Experienced/ckmk_q_sm_f_e_226853.wav"},"answer":{"fileFormat":"wav","fileSize":1922958,"duration":60090,"samplingBit":16,"channelCount":1,"samplingRate":"16kHz","audioPath":"/Mock/02.SalesMarketing/Female/Experienced/ckmk_a_sm_f_e_226853.wav"}}}