{"version":"1.0","dataSet":{"info":{"date":"20230116","occupation":"SM","channel":"MOCK","place":"ONLINE","gender":"FEMALE","ageRange":"35-44","experience":"EXPERIENCED"},"question":{"raw":{"text":"영업 그리고 마케팅의 차이는 무엇이 있는지 설명해 주세요","wordCount":8},"emotion":[],"intent":[]},"answer":{"raw":{"text":"우선 영업은 하나하나의 고객을 만나면서 그 고객이 필요한 리즈 그리고 그 고객에게 어 충분한 서비스로 제공하는 것이 영업이라고 생각합니다. 그래서 영업은 하나하나에 나무를 보는 것이 영업이라고 생각을 하구요. 마케팅 같은 경우에는 전체적인 어 실비상의 흐름 그리고 그러한 도구적인 방법 그리고 이 회사의 이미지 구축을 통해서 어떻게 하면 소비자들이 우리 회사를 매력적으로 보이게 할 수 있는지 전체적인 숲을 보는 그러한 것이 마케팅이라고 생각을 합니다. 그래서 영업과 마케팅은 뗄래야 뗄 수 없기 없긴 하지만 네 어 전체적인 마케팅의 그러한 전략을 세워주면 그 마켓 정해져 있는 마케팅을 가지고 영업이 훨씬 더 빛을 발할 수 있기 때문에 서로 윈윈 관계 있다고 생각합니다.","wordCount":98},"emotion":[],"intent":[{"text":"","expression":"","category":"attitude"}],"summary":{"text":"영업은 고객을 만나면서 필요한 서비스로 제공하는 것이며, 마케팅은 실비상의 흐름과 도구적 방법, 기업의 이미지 구축을 통해 전체적인 숲을 보는 것이라고 생각합니다. 전체적인 마케팅 전략을 세워 영업이 더 빛날 수 있기 때문에 서로 윈윈 관계라 생각합니다.","wordCount":35}}},"rawDataInfo":{"question":{"fileFormat":"wav","fileSize":243278,"duration":7600,"samplingBit":16,"channelCount":1,"samplingRate":"16kHz","audioPath":"/Mock/02.SalesMarketing/Female/Experienced/ckmk_q_sm_f_e_226856.wav"},"answer":{"fileFormat":"wav","fileSize":1818638,"duration":56830,"samplingBit":16,"channelCount":1,"samplingRate":"16kHz","audioPath":"/Mock/02.SalesMarketing/Female/Experienced/ckmk_a_sm_f_e_226856.wav"}}}