{"version":"1.0","dataSet":{"info":{"date":"20230116","occupation":"SM","channel":"MOCK","place":"ONLINE","gender":"FEMALE","ageRange":"55-","experience":"EXPERIENCED"},"question":{"raw":{"text":"네 배달의민족 서비스를 이용해 보신 적이 있는지요 어 그 서비스를 이용하시면서 어떤 부분이 가장 아쉬웠는지요 그 아쉬웠던 부분에 대해서 설명해 주시기 바랍니다","wordCount":22},"emotion":[],"intent":[]},"answer":{"raw":{"text":"배달의 민족을 사용하면서 서비스 서비스에서 아쉬웠던 부분이 있었냐고 물어보셨는데요. 배달의 민족 서비스를 이용을 하면서 아쉬운 점이라기보다는 배달의 민족 그 서비스에 저희가 돈을 지불하는 게 점점 오르는 것이 보였습니다. 그 점점 그 오르면 그 감당은 누가 해야 하는 건지요. 소비자가 해야 하는 건지 아니면 판매자가 해야 하는 건지 배달의 민족 그 사용료가 너무 높다 라고 생각을 합니다. 그래서 요즘에는 배달의 민족이 거의 독점화 했다가 여러 군데 다른 뭐 여기요 여러 군데가 이제 어 생긴 걸로 아는데요. 그렇게 해서 경쟁 체계를 하면서 가격을 내려야 하는 것이 저는 그게 맞다고 생각을 합니다. 아 그리고 배달의 민족 그 서비스를 사용을 하면서 저희가 이제 평점을 주는 것이 있잖아요. 근데 평점을 주는데 사실 고민이 돼요. 아주 만족하지는 않았지만 제가 평점을 주어서 이 가게에 해가 되면 어쩌나 하는 생각을 많이 하기 때문에 아 제가 어디까지 어 점수를 좋게 주어야 하는지 그런 서비스 그 목록 있잖아요. 그래서 그게 좀 마음이 좀 약해서 음 평점을 줄 때 그게 좀 아쉬웠던 부분이었습니다. 그때 사실 어 이게 제 의견이 또 많이 반영이 되는 것 같지도 않더라구요. 그 다음에 그 서비스에서 그 배달 가격을 쪼끔 내려 달라 라고 저도 한 번 어 얘기를 한 적이 있는데 전혀 사실 반영되지 않은 것 같습니다.","wordCount":190},"emotion":[],"intent":[{"text":"","expression":"","category":"attitude"}],"summary":{"text":"배달의 민족 서비스를 이용하다 보면, 점점 그 사용료가 오르는 것이 보였습니다. 경쟁 체계를 하면서 가격을 내려야 하는 것이 맞다고 생각합니다. 또한 서비스를 사용하면서 평점을 주는 것이 고민이 되는데, 평점을 줄 때 마음이 약해서 조금 아쉬웠습니다. 제 의견이 많이 반영이 되는 것 같지는 않았습니다.","wordCount":43}}},"rawDataInfo":{"question":{"fileFormat":"wav","fileSize":501518,"duration":15670,"samplingBit":16,"channelCount":1,"samplingRate":"16kHz","audioPath":"/Mock/02.SalesMarketing/Female/Experienced/ckmk_q_sm_f_e_240239.wav"},"answer":{"fileFormat":"wav","fileSize":3765198,"duration":117660,"samplingBit":16,"channelCount":1,"samplingRate":"16kHz","audioPath":"/Mock/02.SalesMarketing/Female/Experienced/ckmk_a_sm_f_e_240239.wav"}}}