{"version":"1.0","dataSet":{"info":{"date":"20230116","occupation":"SM","channel":"MOCK","place":"ONLINE","gender":"FEMALE","ageRange":"-34","experience":"EXPERIENCED"},"question":{"raw":{"text":"귀하께서는 고객과 응대 중 거절을 하는 고객을 어떻게 설득을 하실 건지 그거에 대해서 말씀해 주세요","wordCount":15},"emotion":[],"intent":[]},"answer":{"raw":{"text":"영업을 하다보면 정말 다양한 고객님을 만나게 됩니다. 어 특히 제가 제안을 드린 제품이나 서비스에 대해서 당연히 흔쾌히 수락하는 고객님이 계시겠지만 제안을 거절하는 고객님들도 굉장히 많으십니다. 저는 그럴 때 대처하는 방법에 대해서 당장 설득을 해서 무언가 바꿀려고 노력하지 않구요. 왜냐하면 일단 거절을 하셨는데 그 상황에서 제가 계속해서 노력한다고 해도 그 생각의 가치관이 빠르게 변화할 것 같지는 않습니다. 그래서 저의 경우에는 여러 번 그 과정을 가져가게 되는데요. 일단 처음에 제안을 드리고 나서 거절을 당하게 되면 그 다음번에 다시 한 번 말씀을 드리는데요. 다만 그 텀을 좀 길게 두는 편인 것 같습니다. 그리고 그 이야기를 하기 전에 다른 관점에서 말씀을 드린다던가 아니면 고객님이 잘못 알고 계신 분야가 있으면 저희가 그 부분에서 좀 바로잡아서 말씀을 드리기 때문에 이렇게 여러 가지 상황을 말씀을 드리고 그 상황에 따라서 다르게 될 것 같습니다. 근데 기본적으로 일단 거절을 하신 부분은 인지를 하고 또 세 번 네 번 여러 차례에 걸쳐서 다시 설득을 하거나 아니면 새로운 정보를 드려서 그 의사를 변경하게 하는 역할이 중요하다고 생각을 합니다.","wordCount":157},"emotion":[],"intent":[{"text":"","expression":"","category":"attitude"}],"summary":{"text":"영업을 하다보면 다양한 고객님을 만나게 되는데, 제안을 거절하는 고객분들의 입장에서는 생각의 가치관이 빠르게 변화할 것 같지는 않습니다. 그래서 저는 여러 번 그 과정을 가져가게 되었는데, 일단 거절을 하신 부분은 인지를 하고 여러 차례 걸쳐서 설득을 하거나 새로운 정보를 드려서 그 의사를 변경하게 하는 역할이 중요하다고 생각합니다.","wordCount":46}}},"rawDataInfo":{"question":{"fileFormat":"wav","fileSize":313678,"duration":9800,"samplingBit":16,"channelCount":1,"samplingRate":"16kHz","audioPath":"/Mock/02.SalesMarketing/Female/Experienced/ckmk_q_sm_f_e_174724.wav"},"answer":{"fileFormat":"wav","fileSize":2882638,"duration":90080,"samplingBit":16,"channelCount":1,"samplingRate":"16kHz","audioPath":"/Mock/02.SalesMarketing/Female/Experienced/ckmk_a_sm_f_e_174724.wav"}}}