{"version":"1.0","dataSet":{"info":{"date":"20230116","occupation":"SM","channel":"MOCK","place":"ONLINE","gender":"FEMALE","ageRange":"35-44","experience":"EXPERIENCED"},"question":{"raw":{"text":"만약 지원자님께서 지금 지원하신 이 직무가 아닌 다른 직무에 배치를 받게 된다면 어떻게 하실 건가요 그래도 업무를 하실 의향이 있으신가요","wordCount":20},"emotion":[],"intent":[]},"answer":{"raw":{"text":"저는 근데 사실 이 직무를 제가 지원하는 이유는 어 사람 만나는 것도 좋아하고 워낙 사무실에 가만히 앉아있는 걸 좋아하지 않아서 이 돌아다니는 걸 하고 싶어서 제가 영업일을 하는 거긴 하거든요. 그래서 만약에 다른 부서에 배치되는 조건도 영업과 그래도 좀 비슷한 환경으로 가는 거라면은 괜찮을 것 같은데 아예 사무직 같은 걸로 가는 거라면은 저는 그거는 곤란할 것 같고요. 좀 떼를 쓸 것 같은 느낌이 듭니다. 만약에 그렇게 배치가 되면 약간 또 저는 돈을 벌어야 되니까 그만둘 수는 없거든요. 그러니까 제가 원하는 직무로 다시 배치해 달라고 회사에 많이 어 건의를 할 것 같고 결정권이 있는 상사 분에게 많이 찾아갈 것 같습니다. 그리고 그분을 좀 집요하게 괴롭힐 것 같아요. 저는 좀 적정선을 알아서 저를 짜르기 전까지의 어떤 그 선으로 괴롭힐 것 같은데 그래도 어쨌든 제가 희망하는 직무가 있고 그거를 위해서 면접을 온 거기 때문에 그런 정도의 어떤 예의는 지켜주시면 좋을 것 같아요.","wordCount":139},"emotion":[],"intent":[{"text":"","expression":"","category":"attitude"}],"summary":{"text":"저는 영업일을 하고 있는데, 다른 부서에 배치되는 조건도 영업과 비슷한 환경으로 가는 거면은 좋을 것 같은데 사무직 같은 걸로 가면 떼를 쓸 것 같습니다. 원하는 직무로 다시 배치해 달라고 회사와 결정권이 있는 상사에게 많이 찾아갈 것 같습니다. 제가 희망하는 직무를 위해 면접 온 거기 때문에 그 정도의 예의는 지켜줬으면 좋겠습니다.","wordCount":50}}},"rawDataInfo":{"question":{"fileFormat":"wav","fileSize":624718,"duration":19520,"samplingBit":16,"channelCount":1,"samplingRate":"16kHz","audioPath":"/Mock/02.SalesMarketing/Female/Experienced/ckmk_q_sm_f_e_195530.wav"},"answer":{"fileFormat":"wav","fileSize":2792398,"duration":87260,"samplingBit":16,"channelCount":1,"samplingRate":"16kHz","audioPath":"/Mock/02.SalesMarketing/Female/Experienced/ckmk_a_sm_f_e_195530.wav"}}}