{"version":"1.0","dataSet":{"info":{"date":"20230116","occupation":"SM","channel":"MOCK","place":"ONLINE","gender":"FEMALE","ageRange":"35-44","experience":"EXPERIENCED"},"question":{"raw":{"text":"지원자님께서 본인 판단을 해 보았을 때 팀장에 더 잘 맞을 것 같은지 팀원에 더 잘 맞을 것 같은지 말씀해 주시겠습니까 그리고 그렇게 생각한 이유도 함께 말씀해 주세요","wordCount":27},"emotion":[],"intent":[]},"answer":{"raw":{"text":"저는 팀원이요 팀원. 아 저는 팀장 같은 그런 위치는 딱 질색입니다. 딱 싫어요. 제가 거절할 수 있는 권한이 있다면 네 미리 거절합니다. 왜냐하면 팀원은 그 본인만 신경 쓰면 돼요. 본인만 내가 내 역할만 잘한다 이 생각으로 맡은 바 네 업무는 정말 성실히 하려고 노력하고 절대 실 실수 생기지 않게 잘 모든 걸 잘 관리하고 그러한 마음으로 한다면 어 저는 굳이 왜 팀장을 이런 생각입니다. 뭐 페이에 문제가 있다면 그런 페이에 대한 욕심이 있는 사람이라면 당연히 승진을 해야 또 팀장 이런 거니까요. 근데 그냥 개인적으로만 봤을 때 어 아닙니다. 팀원이 훨씬 정신 건강에 좋고 정신 건강에 좋으니까 신체 건강에도 좋고 뭐로 보나 팀원이 베스트고 저는 선택지가 있다면 무조건 뒤도 안 돌아보고 팀원입니다.","wordCount":111},"emotion":[],"intent":[{"text":"","expression":"","category":"attitude"}],"summary":{"text":"저는 팀원이요, 팀장 같은 위치는 질색입니다. 제가 거절할 수 있는 권한이 있다면 미리 거절합니다. 업무는 성실히 하려고 노력하고 절대 실수 생기지 않게 잘 관리하고 그런 마음으로 한다면 저는 굳이 팀장을 이런 생각합니다. 개인적으로는 팀원이 더 정신건강에 좋습니다.","wordCount":37}}},"rawDataInfo":{"question":{"fileFormat":"wav","fileSize":615758,"duration":19240,"samplingBit":16,"channelCount":1,"samplingRate":"16kHz","audioPath":"/Mock/02.SalesMarketing/Female/Experienced/ckmk_q_sm_f_e_141976.wav"},"answer":{"fileFormat":"wav","fileSize":2825038,"duration":88280,"samplingBit":16,"channelCount":1,"samplingRate":"16kHz","audioPath":"/Mock/02.SalesMarketing/Female/Experienced/ckmk_a_sm_f_e_141976.wav"}}}