{"version":"1.0","dataSet":{"info":{"date":"20230116","occupation":"SM","channel":"MOCK","place":"ONLINE","gender":"FEMALE","ageRange":"35-44","experience":"EXPERIENCED"},"question":{"raw":{"text":"지금까지 이력서를 보니까 대외 활동을 많이 해 오셨는데요 그렇다면 대외 활동에서 어떤 것을 배웠고 어떤 자세로 임했는지 말씀해 주시기 바랍니다","wordCount":20},"emotion":[],"intent":[]},"answer":{"raw":{"text":"가장 큰 대외 활동 같은 경우에는 교회에서 하는 단기 선교가 있었습니다. 매번 왜 여름에 이렇게 필리핀 지역에 그리고 굉장히 못살고 그리고 어려운 지역에 가서 그렇게 선교 활동을 했었는데요. 물론 어 종교적인 어 활동도 포함을 해서 그 아이들에게 복음도 전달해 주고 그 다음에 그 아이들에게 책과 그리고 노트 이런 것들을 좀 지급을 해 줌으로써 음 좀 어렵게 사는 아이들에게 좀 도움이 되고 그 아이들에게 희망을 주고 그 아이들에게 믿음을 주는 그런 활동을 했었습니다. 그 곳에서 있었을 때 아이들이 어 모든 수업이 다 끝나고 선생님이 가지고 있는 볼펜 하나라도 더 가지려고 굉장히 안간힘을 쓰는 것을 봤어요. 저희는 사실 굴러다니는 볼펜 하나 있어도 아무도 거듭 떠 보지 않는데 그런 것들이 거기에서는 굉장히 큰 의미가 있구나 가치가 있구나 라는 것을 느꼈습니다. 그래서 돌아와서는 밥 한 톨이라도 그리고 옷 한 벌이라도 모든 것이 다 소중하게 느껴지는 시간이었던 것 같습니다. 그리고 사람들에게도 좀 더 어 이렇게 선의를 베풀 수 있도록 그리고 더 많은 사람들에게 나에 어 똑같은 만 원일지라도 더 가치 있는 사람에게 전달될 수 있구나 라는 것들을 좀 더 느꼈었던 것 같습니다.","wordCount":167},"emotion":[],"intent":[{"text":"","expression":"","category":"attitude"}],"summary":{"text":"가장 큰 대외 활동 같은 경우에는 학교에서 하는 단기 선교가 있었습니다. 여름에 필리핀 지역에서 어려운 지역에 가서 어 종교적인 활동도 포함을 해서 복음도 전달해 주고 아이들에게 책과 노트 등을 지급을 해 줌으로써 아이들에게 도움이 되고 그 아이들에게 희망을 주고 그 아이들에게 믿음을 주는 활동을 했었습니다.","wordCount":45}}},"rawDataInfo":{"question":{"fileFormat":"wav","fileSize":581518,"duration":18170,"samplingBit":16,"channelCount":1,"samplingRate":"16kHz","audioPath":"/Mock/02.SalesMarketing/Female/Experienced/ckmk_q_sm_f_e_227241.wav"},"answer":{"fileFormat":"wav","fileSize":2901838,"duration":90680,"samplingBit":16,"channelCount":1,"samplingRate":"16kHz","audioPath":"/Mock/02.SalesMarketing/Female/Experienced/ckmk_a_sm_f_e_227241.wav"}}}