{"version":"1.0","dataSet":{"info":{"date":"20230116","occupation":"SM","channel":"MOCK","place":"ONLINE","gender":"FEMALE","ageRange":"45-54","experience":"EXPERIENCED"},"question":{"raw":{"text":"본인만의 설득 능력이 있다면 무엇인지 구체적으로 설명해 주시겠습니까","wordCount":8},"emotion":[],"intent":[]},"answer":{"raw":{"text":"영업을 하면서 설득이 필요한 순간 굉장히 많죠. 설득이 필요하다는 얘기는 그 사람이 요구하는 조건과 제가 제시할 수 있는 조건이 맞지 않기 때문에 발생을 한다고 생각을 합니다. 그래서 일단은 그 사람이 원하는 조건을 정확히 어떤 것인지 정확히 파악하는 게 가장 중요하다고 생각을 하구요. 그리고 그 다음 어 제가 그 사람을 조건 원하는 조건을 바로 충족해 줄 수는 없지만 그렇지 않은 다른 대안에 대들을 제시한다라든가 혹은 그 이후에 넥스트 스텝에 그에 부응하는 어 그 베네핏을 주는 방법으로 좀 설득을 하고 있습니다.","wordCount":79},"emotion":[],"intent":[{"text":"그리고 그 다음 어   제가 그 사람을 조건 원하는 조건을 바로 충족해 줄 수는 없지만 그렇지 않은 다른 대안에 대들을 제시한다라든가 혹은 그 이후에 넥스트 스텝에 그에 부응하는 어   그 베네핏을 주는 방법으로 좀 설득을 하고 있습니다.","expression":"s_pers","category":"attitude"}],"summary":{"text":"영업을 하며 설득이 필요한 순간은 그 사람이 원하는 조건과 제가 제시할 수 있는 조건이 맞지 않기 때문입니다. 그래서 그 사람의 원하는 조건을 정확히 파악하는 게 중요합니다.","wordCount":26}}},"rawDataInfo":{"question":{"fileFormat":"wav","fileSize":291278,"duration":9100,"samplingBit":16,"channelCount":1,"samplingRate":"16kHz","audioPath":"/Mock/02.SalesMarketing/Female/Experienced/ckmk_q_sm_f_e_191887.wav"},"answer":{"fileFormat":"wav","fileSize":1453518,"duration":45420,"samplingBit":16,"channelCount":1,"samplingRate":"16kHz","audioPath":"/Mock/02.SalesMarketing/Female/Experienced/ckmk_a_sm_f_e_191887.wav"}}}