{"version":"1.0","dataSet":{"info":{"date":"20230116","occupation":"SM","channel":"MOCK","place":"ONLINE","gender":"FEMALE","ageRange":"45-54","experience":"EXPERIENCED"},"question":{"raw":{"text":"회사에서 오더를 따서 귀하께서 작업을 하고 있는데 광고주가 비윤리적인 캠페인을 요구한다면 어 귀하는 담당자로서 어떻게 행동할지 말씀해 주세요","wordCount":18},"emotion":[],"intent":[]},"answer":{"raw":{"text":"어 비윤리적인 캠페인을 요구한다면 일단 그 부분이 광고이지 않습니까. 그까 그런 캠페인을 하는 것 자체가 회사에 그 플러스가 되기 보다는 마이너스가 된다는 점을 논리적으로 잘 설명을 해서 설득을 해야 될 것 같습니다. 그까 비윤리적인 캠페인을 아무리 광고주 라고 해서 이거에 응한다면 그 회사에 대한 것도 말이 안 되는 거고 그까 이 이 일하는 우리 회사의 얼굴에도 먹칠을 하는 거라 생각을 하기 때문에 어 업무를 할 때는 지금 당장의 어떤 이익보다는 좀 길게 봐야 된다 생각을 하고 그런 부분에 대해서 윤리적인 부분 그것은 굉장히 요즘 사회 최대의 중요한 부분이라고 생각을 하기 때문에 어 저는 응한다 거부하겠다 일단 거부 인데요. 그렇지만 또 광고주이기 때문에 이 부분을 어 광고주의 입장에서 어 마이너스다 절대 플러스 요인이 아니다 라는 부분을 강조해서 어 논리적인 방법으로 설득하도록 하겠습니다.","wordCount":121},"emotion":[],"intent":[{"text":"","expression":"","category":"attitude"}],"summary":{"text":"비윤리적인 캠페인은 회사에 플러스가 되기 보다는 마이너스가 된다는 점을 설득해야 합니다. 광고주의 입장에서 마이너스다 절대 플러스 요인이 아니다 라는 점을 강조해서 설득하도록 하겠습니다.","wordCount":23}}},"rawDataInfo":{"question":{"fileFormat":"wav","fileSize":500238,"duration":15630,"samplingBit":16,"channelCount":1,"samplingRate":"16kHz","audioPath":"/Mock/02.SalesMarketing/Female/Experienced/ckmk_q_sm_f_e_237424.wav"},"answer":{"fileFormat":"wav","fileSize":2910158,"duration":90940,"samplingBit":16,"channelCount":1,"samplingRate":"16kHz","audioPath":"/Mock/02.SalesMarketing/Female/Experienced/ckmk_a_sm_f_e_237424.wav"}}}