{"version":"1.0","dataSet":{"info":{"date":"20230116","occupation":"SM","channel":"MOCK","place":"ONLINE","gender":"FEMALE","ageRange":"35-44","experience":"EXPERIENCED"},"question":{"raw":{"text":"혹시 매일 공부하고 있는 분야가 따로 있으시다면 그걸 왜 공부하는지도 함께 설명해 주시기 바랍니다","wordCount":14},"emotion":[],"intent":[]},"answer":{"raw":{"text":"제가 그 미제 사건을 되게 좋아해요. 그것이 알고 싶다 같은 프로그램을 되게 좋아하는데 그래서 외국에서 제가 있을 때도 한국 프로그램을 유일하게 보는 게 그 프로그램이었거든요. 그 뭔가 그 미제 사건 같은 것들에 대한 어떤 추리 과정이 되게 흥미롭기도 하고 또 그 범죄자의 어떤 심리 같은 거 그런 게 되게 궁금하더라고요. 그래서 제가 그거를 좋아하는 걸로 시작해서 범죄 심리학을 요즘에 공부를 하고 있습니다. 그런데 생각보다 되게 재미있어서 매일 하게 되더라고요. 그러니까 억지로 매일 해야지 가 아니라 매일 제가 그 책을 펼쳐보게 되고 매일 좀 강의를 찾아보게 되는 그냥 쫌 사람이 그냥 끌리는 어떤 일들이 있잖아요. 그런데 저는 범죄 심리학이 그중에 하나인 것 같아요. 그래서 그거를 좀 공부를 해보고 있고 어 후에 나중에 제가 그런 관련된 직업을 가지면은 재미있게 할 수도 있지 않을까 하는 생각도 들긴 하지만 지금은 그냥 재미있는 이유에서 제가 그냥 그 근무시간에 별도로 그 혼자 개인 시간에서 공부하는 거는 범죄 심리학입니다.","wordCount":142},"emotion":[{"text":"그래서 제가 그거를 좋아하는 걸로 시작해서 범죄 심리학을 요즘에 공부를 하고 있습니다.","expression":"p-interest","category":"positive"},{"text":"그래서 그거를 좀 공부를 해보고 있고 어 후에 나중에 제가 그런 관련된 직업을 가지면은 재미있게 할 수도 있지 않을까 하는 생각도 들긴 하지만 지금은 그냥 재미있는 이유에서 제가 그냥 그 근무시간에 별도로 그 혼자 개인 시간에서 공부하는 거는 범죄 심리학입니다.","expression":"p-interest","category":"positive"}],"intent":[{"text":"","expression":"","category":"attitude"}],"summary":{"text":"그 미제 사건에 대한 추리 과정이 흥미로워 범죄자의 심리에 대해 관심이 생겼습니다. 그래서 범죄 심리학을 매일 공부합니다. 매일 책을 읽으며 강의를 찾아보는데, 범죄 심리학이 그 중 하나입니다. 근무시간에 별도로 혼자 개인 시간에서 공부하는 것은 범죄 심리학입니다.","wordCount":36}}},"rawDataInfo":{"question":{"fileFormat":"wav","fileSize":392398,"duration":12260,"samplingBit":16,"channelCount":1,"samplingRate":"16kHz","audioPath":"/Mock/02.SalesMarketing/Female/Experienced/ckmk_q_sm_f_e_195525.wav"},"answer":{"fileFormat":"wav","fileSize":2700878,"duration":84400,"samplingBit":16,"channelCount":1,"samplingRate":"16kHz","audioPath":"/Mock/02.SalesMarketing/Female/Experienced/ckmk_a_sm_f_e_195525.wav"}}}