{"version":"1.0","dataSet":{"info":{"date":"20230116","occupation":"SM","channel":"MOCK","place":"ONLINE","gender":"FEMALE","ageRange":"55-","experience":"EXPERIENCED"},"question":{"raw":{"text":"과거 프로젝트를 수행했던 경험이 있는지 궁금합니다 있다면 프로젝트 내에서 어떤 역할을 맡으셨는지 말씀해 주세요","wordCount":14},"emotion":[],"intent":[]},"answer":{"raw":{"text":"네 과거 프로젝트를 수행했던 경험이 있는지 궁금하냐고 이제 여쭤보셨는데요. 아 제가 옛날에 과거 네 대형 프로젝트를 한 번 수행한 경험이 있어 있습니다. 아 우리나라가 지금 북한하고 막혀 막혀 있잖아요. 그래서 우리가 그 내륙으로 갈 수 있는 다른 나라로 갈 수 있는 방법이 없습니다. 우리나라는 페니슐라 반도이기 때문에 이렇게 이제 그 대륙에서 길게 뻗어져 나와 있는데 위에 북한이 막혀있기 때문에 철도라든가 승용차라든가 그걸로 이동이 지금 불가능한 걸로 되어 있고 다른 나라를 이용하려면 배나 아니면은 비행기로만 움직이게 되어 있잖아요. 그런데 사실 유럽 같은 경우는 유럽 철도 유레일 패스로 유레일로 다 연결이 돼 있어서 아 어느 나라 다른 나라를 자유롭게 아 방문하고 관광을 할 수가 있는데 우리나라는 꼭 비행기나 아니면 선박을 꼭 이용을 해서 많은 어 비용을 지불해야만이 다른 나라를 갈 수 있는 그런 구조이기 때문에 나중에 우리가 통일이 됐을 때 그게 가능할 것인가에 대한 프로젝트를 수행을 했었습니다. 근데 그때 제가 유래 담당 겸 전세계 철도 피스 담당이었기 때문에 그 프로젝트를 수행을 했고요. 그 프로젝트를 수행을 했을 때 만약에 아 그 북한과 북한과 통일이 되어 있다면 서울에서 출발하는 아 그 철도 아시아 철도를 아 그 프로젝트를 수행하는 것이 저의 담당이었습니다. 그때는 팀장이었습니다. 재미있었죠.","wordCount":180},"emotion":[{"text":"아 제가 옛날에 과거 네 대형 프로젝트를 한 번 수행한 경험이 있어 있습니다.","expression":"u-fact","category":"neutral"}],"intent":[{"text":"","expression":"","category":"attitude"}],"summary":{"text":"우리나라는 북한과 막혀서 내륙으로 갈 수 있는 다른 나라로 갈 수 없습니다. 그런데 유럽은 유레일 패스로 연결이 돼 있어서 많은 비용을 지불해야만 다른 나라를 갈 수 있습니다. 통일이 됐을 때 그게 가능할 것인가에 대한 프로젝트를 수행했습니다. 북한과 통일이 되어 있다면 서울에서 출발하는 철도 아시아 철도를 수행하는 것이 저의 담당이었습니다.","wordCount":49}}},"rawDataInfo":{"question":{"fileFormat":"wav","fileSize":343118,"duration":10720,"samplingBit":16,"channelCount":1,"samplingRate":"16kHz","audioPath":"/Mock/02.SalesMarketing/Female/Experienced/ckmk_q_sm_f_e_240242.wav"},"answer":{"fileFormat":"wav","fileSize":3814478,"duration":119200,"samplingBit":16,"channelCount":1,"samplingRate":"16kHz","audioPath":"/Mock/02.SalesMarketing/Female/Experienced/ckmk_a_sm_f_e_240242.wav"}}}