{"version":"1.0","dataSet":{"info":{"date":"20230116","occupation":"SM","channel":"MOCK","place":"ONLINE","gender":"FEMALE","ageRange":"35-44","experience":"EXPERIENCED"},"question":{"raw":{"text":"면접자님이 다룰 수 있는 프로그램은 무엇인가요 어느 수준으로 활용할 수 있는지 말해보세요","wordCount":12},"emotion":[],"intent":[]},"answer":{"raw":{"text":"네 저는 기본적으로 사무와 관련된 프로그램은 잘 다루고 있습니다. 기본적으로 업무를 수행하기 위해서 뭐 한글이나 액셀 뿐만이 아니라 어 프리젠테이션 같은 경우에도 제가 프로그램을 다루고 또 그 수준도 높은 상황입니다. 그렇기 때문에 회사의 제 업무 뿐만이 아니라 여러 가지 프로그램을 활용해서 또 도움을 드릴 수도 있고요. 또 제 업무를 잘 할 수 있는 능력도 갖추고 있습니다. 어 기본적으로 할 수 있는 프로그램들은 일반이 누구나 할 수 있는 그 사무직의 프로그램 뿐만이 아니라요. 저는 영업과 관련된 마케팅 프로세스를 가지고 있기 때문에 이런 프로그램도 다룰 수 있는 역량을 가지고 있습니다. 그리고 기본적으로 제가 지금 직무를 오 년 이상 해왔기 때문에 이 직무와 관련된 프로그램은 물론이고요. 그리고 수준도 좀 능숙하게 다를 수가 있습니다. 그래서 저는 만약에 제가 입사를 하게 된다면 업무 투입 즉시 바로 업무를 할 수 있는 역량을 갖추고 있습니다.","wordCount":128},"emotion":[],"intent":[{"text":"","expression":"","category":"attitude"}],"summary":{"text":"저는 기본적으로 사무와 관련된 프로그램은 잘 다루고 있습니다. 그래서 회사의 제 업무 뿐만 아니라 여러 가지 프로그램을 활용해서 도움을 줄 수 있고, 제 업무를 잘 할 수 있는 능력도 갖추었습니다. 저는 영업과 관련된 마케팅 프로세스를 가지고 있어서 이런 프로그램도 다룰 수 있는 역량도 가지고 있습니다","wordCount":45}}},"rawDataInfo":{"question":{"fileFormat":"wav","fileSize":270158,"duration":8440,"samplingBit":16,"channelCount":1,"samplingRate":"16kHz","audioPath":"/Mock/02.SalesMarketing/Female/Experienced/ckmk_q_sm_f_e_107693.wav"},"answer":{"fileFormat":"wav","fileSize":2172238,"duration":67880,"samplingBit":16,"channelCount":1,"samplingRate":"16kHz","audioPath":"/Mock/02.SalesMarketing/Female/Experienced/ckmk_a_sm_f_e_107693.wav"}}}