{"version":"1.0","dataSet":{"info":{"date":"20230116","occupation":"SM","channel":"MOCK","place":"ONLINE","gender":"FEMALE","ageRange":"35-44","experience":"EXPERIENCED"},"question":{"raw":{"text":"지원자님께서 해외에 파견 근무를 나가게 된다면 어느 나라에서 일을 하고 싶으신가요 이유도 구체적으로 말씀해 주세요","wordCount":15},"emotion":[],"intent":[]},"answer":{"raw":{"text":"저는 몽골이요 몽골. 저 몽골 꼭 가보고 싶어요. 몽골이 또 우리나라에 아 그까 인지도는 있지만 또 사람들이 가 가려고 하는 어떤 국가로는 네 아마 선호도가 떨어질 거예요. 그런데 저는 너무너무 가보고 싶어요. 여행이 아니라는 걸 알 알기 때문에 또 왜냐하면 그만큼 그곳은 어 앞으로 엄청난 가능성이 있다고 생각해요. 네 뭐 역사적으로도 정말 그 문화 자체가 몽골 문화도 정말 아주 깊고 정말 대단한 문화를 갖고 있기 때문에 그래서 그러한 메리트도 있지만 우리나라를 또 좋아하는 그 몽골의 국가적인 또 특성이 있는 만큼 그 곳을 먼저 빨리 조금 거점을 잡으면 더 생각보다 더 넓은 더 큰 시장이 열리지 않을까 하는 생각을 제가 자영업을 할 때부터 깨달았었습니다. 그래서 그 나라에 가보 가서 일을 해보고 싶다는 생각이 들었어요.","wordCount":113},"emotion":[],"intent":[{"text":"","expression":"","category":"attitude"}],"summary":{"text":"몽골을 꼭 가보고 싶은데, 몽골 문화 자체가 아주 깊고 정말 대단한 문화를 갖고 있기 때문에 그런 메리트도 있지만 그 곳을 먼저 거점을 잡으면 더 큰 시장이 열릴 것이라는 생각을 제가 자영업을 할 때부터 깨달았습니다.","wordCount":34}}},"rawDataInfo":{"question":{"fileFormat":"wav","fileSize":333518,"duration":10420,"samplingBit":16,"channelCount":1,"samplingRate":"16kHz","audioPath":"/Mock/02.SalesMarketing/Female/Experienced/ckmk_q_sm_f_e_178329.wav"},"answer":{"fileFormat":"wav","fileSize":2871118,"duration":89720,"samplingBit":16,"channelCount":1,"samplingRate":"16kHz","audioPath":"/Mock/02.SalesMarketing/Female/Experienced/ckmk_a_sm_f_e_178329.wav"}}}