{"version":"1.0","dataSet":{"info":{"date":"20230116","occupation":"SM","channel":"MOCK","place":"ONLINE","gender":"FEMALE","ageRange":"45-54","experience":"EXPERIENCED"},"question":{"raw":{"text":"혹시 면접자님께서는 다른 주변 사람들이 생각하는 장점과 단점이라는 게 있습니까 본인 생각 말고 다른 사람이 말하는 장단점에 대해서 설명을 해 보시죠","wordCount":21},"emotion":[],"intent":[]},"answer":{"raw":{"text":"네 저의 가장 큰 장점은 다양한 사람들과 소통하면서 유연하게 지낼 수 있는 성격이라고 생각을 합니다. 어 제 업무가 영업이기 때문에 정말 다양한 사람들을 만나게 됩니다. 그 사람마다 개성도 강하고 또 가치관도 정말 다른데요. 특히 요즘에는 가치관이 다양해지고 있어서 사람마다 정답이 없을 정도로 본인의 삶에 대해서 다양한 가치관을 가지고 있는 것 같습니다. 그렇다고 하면 그 사람들의 라이프 사이클도 다를 거구요. 그 사람들이 추구하는 방향성이 다르기 때문에 본인들의 의견이 굉장히 다양해지고 있습니다. 그러면 저는 그 사람들을 대할 때 수용성있게 해야 된다고 생각을 하는데요. 어떤 게 맞다 틀리다에 결론을 내기보다는 그 사람들을 공감하고 이해해주려는 노력들이 많이 필요할 것 같습니다. 그러는 와중에서도 그 사람들에게 또 저의 그 홍보의 방식이나 제가 할 수 있는 주장들을 잘 전달하는 게 중요할 것 같은데요. 그래서 저는 기본적으로 설득과 커뮤니케이션을 잘하는 성격인 것 같습니다. 이러한 장점들이 저에게 업무로써 활용이 되기도 하구요. 그리고 다른 사람들도 저를 대할 때 성격이 좋다 유연하다 이러한 평가를 많이 해주는것 같습니다, 저도 저의 이런 성격이 좋고 앞으로 더욱더 활용을 해서 업무에 지원할 계획입니다.","wordCount":158},"emotion":[],"intent":[{"text":"네 저의 가장 큰 장점은 다양한 사람들과 소통하면서 유연하게 지낼 수 있는   성격이라고 생각을 합니다.","expression":"c_person","category":"background"},{"text":"어떤 게 맞다 틀리다에 결론을 내기보다는   그 사람들을 공감하고 이해해주려는 노력들이 많이 필요할 것 같습니다.","expression":"c_confl_mg","category":"personality"},{"text":"그래서 저는 기본적으로 설득과 커뮤니케이션을   잘하는 성격인 것 같습니다.","expression":"c_person","category":"background"}],"summary":{"text":"저는 영업 업무로 다양한 사람들과 소통하며 유연하게 지낼 수 있는 성격입니다. 요즘 가치관이 다양해지고 있어서 그들을 대할 때 수용성있게 해야 된다고 생각합니다. 그 사람들을 공감하고 이해해주려는 노력들이 많이 필요할 것 같습니다. 그 사람들에게도 홍보 방식이나 할 수 있는 주장들을 잘 전달하는 게 중요할 것 같은데 이런 장점들이 업무로써 활용이 되기도 합니다.","wordCount":51}}},"rawDataInfo":{"question":{"fileFormat":"wav","fileSize":584398,"duration":18260,"samplingBit":16,"channelCount":1,"samplingRate":"16kHz","audioPath":"/Mock/02.SalesMarketing/Female/Experienced/ckmk_q_sm_f_e_113582.wav"},"answer":{"fileFormat":"wav","fileSize":2845518,"duration":88920,"samplingBit":16,"channelCount":1,"samplingRate":"16kHz","audioPath":"/Mock/02.SalesMarketing/Female/Experienced/ckmk_a_sm_f_e_113582.wav"}}}