{"version":"1.0","dataSet":{"info":{"date":"20230116","occupation":"SM","channel":"MOCK","place":"ONLINE","gender":"FEMALE","ageRange":"-34","experience":"EXPERIENCED"},"question":{"raw":{"text":"지원자님이 태어나서 지금까지 살아오면서 어 하신 일들이 많이 있을 텐데 그 일들 가운데 가장 후회됐던 일이 무엇일지 말씀해 주세요 어 그중에 한 가지만 골라서 말씀해 주시면 좋겠습니다","wordCount":27},"emotion":[],"intent":[]},"answer":{"raw":{"text":"네 뭐 후회했던 점이라고 하면 제가 어 대학교 때 세계의 여행을 다녀보지 못한 일입니다. 저는 이제 기본적으로 대학교 다닐 때도 취업 준비를 하고 여러 가지 스펙을 쌓느라 바쁜 시간을 보냈는데요. 어 세계 여행을 한 번쯤 다녀오고 싶다. 이런 마음은 있었습니다. 하지만 여건상 여러 가지가 마련이 되지 못했는데요. 일단은 대학생이니까 방학이 길고 그리고 시간적으로 여유는 있었지만 세계 여행을 가기에는 아직 돈이 부족했던 측면이 있었을 것 같습니다. 세계 여행을 가려면 어 그만큼 자금이 필요하고 경비라던가 이런 게 필요한데 그 여건이 받쳐주지 못해서 못 갔던 것 같습니다. 하지만 쪼금 아르바이트를 하거나 과외를 해서라도 그 돈을 모아서 세계 여행을 좀 다녀왔었으면 좋겠다 라는 생각이 들었습니다. 왜냐하면 그 시간이 가장 여유롭기도 하고 또 배울 수 있는 기회의 시간이기 때문에 저는 그런 경험들이 인생에서 소중하고 필요한 것 같습니다. 물론 현실에서 충실해서 여러 가지 스펙을 쌓고 공부를 하는 것도 중요하겠지만 인생에서 다시 없을 기회고 또 그런 여유 있는 시간이 많지 않기 때문에 세계 여행을 못 다녀왔던 점이 쪼금은 아쉽습니다.","wordCount":152},"emotion":[],"intent":[{"text":"저는 이제 기본적으로 대학교 다닐 때도 취업 준비를 하고   여러 가지 스펙을 쌓느라 바쁜 시간을 보냈는데요.","expression":"c_private","category":"background"}],"summary":{"text":"대학교 때 세계 여행을 못해본 것은 후회합니다. 대학생이라서 방학이 길고 시간적으로 여유는 있었지만 돈이 부족했던 측면이 있었습니다. 돈을 모아서 세계 여행을 좀 다녀왔으면 좋겠다는 생각이 들었습니다. 그 시간이 가장 여유롭고 배울 수 있는 기회의 시간이기 때문에 그런 경험들이 인생에서 소중하고 필요한 것 같습니다.","wordCount":43}}},"rawDataInfo":{"question":{"fileFormat":"wav","fileSize":524878,"duration":16400,"samplingBit":16,"channelCount":1,"samplingRate":"16kHz","audioPath":"/Mock/02.SalesMarketing/Female/Experienced/ckmk_q_sm_f_e_120056.wav"},"answer":{"fileFormat":"wav","fileSize":2725198,"duration":85160,"samplingBit":16,"channelCount":1,"samplingRate":"16kHz","audioPath":"/Mock/02.SalesMarketing/Female/Experienced/ckmk_a_sm_f_e_120056.wav"}}}