{"version":"1.0","dataSet":{"info":{"date":"20230116","occupation":"SM","channel":"MOCK","place":"ONLINE","gender":"FEMALE","ageRange":"55-","experience":"EXPERIENCED"},"question":{"raw":{"text":"지원자님께서 입사 후에 원하던 일을 하지 못하게 된다면 어떻게 하실 건가요 그렇게 하실 이유도 함께 말씀해 주세요","wordCount":17},"emotion":[],"intent":[]},"answer":{"raw":{"text":"제가 지금 지원한 파트는 영업 쪽인데요. 제가 만약 현장 영업 쪽이 아니라 백업을 해야 되는 다른 영업 지원 쪽 일이라면은 그 부분에 대해서도 즐겁게 받아들일 것 같습니다. 저는 꼭 제가 지원하는 업무만 고집해야 된다 라고 생각하는 입장은 아닙니다. 만약에 제 능력을 활용할 수 있는 다른 부서가 있다 라면은 저는 그 부서에서도 굉장히 큰 책임감을 가지고 제 일의 사명감을 갖고서 임무 완수들을 해낼 자신이 있습니다. 그렇기 때문에 제가 기존에 하던 일을 못 하게 되더라도 크게 실망을 하지 않을 것 같습니다.","wordCount":79},"emotion":[],"intent":[{"text":"","expression":"","category":"attitude"}],"summary":{"text":"백업을 해야 되는 다른 영업 지원 쪽 일이면은 제가 지원하는 업무만 고집하지 않고 그 부서에서도 큰 책임감을 가지고 임무 완수들을 해낼 자신이 있으므로 크게 실망을 하지 않을 것 같습니다.","wordCount":29}}},"rawDataInfo":{"question":{"fileFormat":"wav","fileSize":382158,"duration":11940,"samplingBit":16,"channelCount":1,"samplingRate":"16kHz","audioPath":"/Mock/02.SalesMarketing/Female/Experienced/ckmk_q_sm_f_e_243696.wav"},"answer":{"fileFormat":"wav","fileSize":2325838,"duration":72680,"samplingBit":16,"channelCount":1,"samplingRate":"16kHz","audioPath":"/Mock/02.SalesMarketing/Female/Experienced/ckmk_a_sm_f_e_243696.wav"}}}