{"version":"1.0","dataSet":{"info":{"date":"20230116","occupation":"SM","channel":"MOCK","place":"ONLINE","gender":"FEMALE","ageRange":"35-44","experience":"EXPERIENCED"},"question":{"raw":{"text":"얼마 전 우버 택시와 관한 일들이 있었던 걸 지원자님은 알고 계십니까 거기에 대해서 지원자님이 생각하는 찬반 양론을 설명해 주세요","wordCount":19},"emotion":[],"intent":[]},"answer":{"raw":{"text":"우버 택시 같은 경우에는 하나의 시대적인 흐름이라고 생각합니다. 플랫폼 사업이나 이런 것들이 현재 발 빠르게 변화되어지고 있고 많은 세계 속에서도 우버 택시가 굉장히 많이 각광을 받고 있고 사용자들도 굉장히 편하게 사용을 하고 있다 라고 알고 있습니다. 그래서 시대적인 흐름으로 봤을 때는 우버 택시가 어 우리나라에서도 도입이 불가능하지 않다 라고 생각을 하고 있지만 문제는 치안과 그리고 기존에 있던 택시 운전사 분들의 그러한 어 안정 직업적인 안정적인 안정 부분이 문제가 되었다 라고 생각을 합니다. 그래서 그러한 부분들이 분명히 만약에 도입이 되었을 때 보완되어져야 되고 그런 것들이 다 대안책으로 마련이 되었을 때에는 전혀 문제가 없다 라고 생각합니다.","wordCount":94},"emotion":[],"intent":[{"text":"플랫폼 사업이나 이런 것들이 현재 발 빠르게 변화되어지고 있고 많은 세계 속에서도 우버 택시가 굉장히 많이 각광을 받고 있고 사용자들도 굉장히 편하게   사용을 하고 있다 라고 알고 있습니다.","expression":"s_anls_prod","category":"technology"}],"summary":{"text":"우버 택시는 플랫폼 사업이나 플랫폼 사업들이 빠르게 변화하는 시대적인 흐름에서 각광을 받고 있습니다. 우리나라에서도 도입이 가능하다고 생각되지만, 치안과 택시 운전사분들의 안정적인 안정이 문제가 되었다 생각합니다.","wordCount":25}}},"rawDataInfo":{"question":{"fileFormat":"wav","fileSize":586318,"duration":18320,"samplingBit":16,"channelCount":1,"samplingRate":"16kHz","audioPath":"/Mock/02.SalesMarketing/Female/Experienced/ckmk_q_sm_f_e_133585.wav"},"answer":{"fileFormat":"wav","fileSize":1792078,"duration":56000,"samplingBit":16,"channelCount":1,"samplingRate":"16kHz","audioPath":"/Mock/02.SalesMarketing/Female/Experienced/ckmk_a_sm_f_e_133585.wav"}}}