{"version":"1.0","dataSet":{"info":{"date":"20230116","occupation":"SM","channel":"MOCK","place":"ONLINE","gender":"FEMALE","ageRange":"45-54","experience":"EXPERIENCED"},"question":{"raw":{"text":"일을 하다 보면 다른 지역에서 업무를 수행하게 될 수도 있습니다 혹시 다른 지역에서 근무를 하는 것도 괜찮으신가요","wordCount":17},"emotion":[],"intent":[]},"answer":{"raw":{"text":"일을 하다 보면 다른 지역에서 업무를 수행하는 것들이 굉장히 힘들다 라는 점에 대해서 저는 잘 알고 있습니다. 한 예로 저 같은 경우에는 어렸을 때 굉장히 여러 곳을 이사 다니면서 전학을 다녔었는데요. 당시에 제가 느꼈던 감정들은 우리가 조금은 낯설더라도 낯선 환경에 가서 잘 적응하기 위해서는 여러 사람들에게 좀 말도 잘 걸고 하는 활동들을 통해서 좀 그 커뮤니티에 잘 속할 수 있는 그런 능력들이 많이 발휘될 수 있다 라고 생각합니다. 그래서 저의 이런 배경 지식들을 기반으로 해서 한 번 열심히 근무해 보도록 하겠습니다.","wordCount":81},"emotion":[{"text":"한 예로 저 같은 경우에는 어렸을 때 굉장히 여러 곳을 이사 다니면서 전학을 다녔었는데요.","expression":"u-fact","category":"neutral"}],"intent":[{"text":"한 예로 저 같은 경우에는 어렸을 때 굉장히 여러 곳을 이사 다니면서 전학을 다녔었는데요.","expression":"c_private","category":"background"},{"text":"당시에 제가 느꼈던 감정들은 우리가 조금은 낯설더라도 낯선 환경에 가서 잘 적응하기 위해서는 여러 사람들에게 좀 말도 잘 걸고 하는 활동들을 통해서 좀 그 커뮤니티에 잘 속할 수 있는 그런 능력들이 많이 발휘될 수 있다 라고 생각합니다.","expression":"c_adp","category":"personality"}],"summary":{"text":"일을 하다 보면 다른 지역에서 업무를 수행하는 것이 굉장히 힘들다 라는 점에 대해서 잘 알고 있습니다. 그래서 이런 배경 지식들을 기반으로 해서 한 번 열심히 근무해 보도록 하겠습니다.","wordCount":28}}},"rawDataInfo":{"question":{"fileFormat":"wav","fileSize":352078,"duration":11000,"samplingBit":16,"channelCount":1,"samplingRate":"16kHz","audioPath":"/Mock/02.SalesMarketing/Female/Experienced/ckmk_q_sm_f_e_230903.wav"},"answer":{"fileFormat":"wav","fileSize":1678798,"duration":52460,"samplingBit":16,"channelCount":1,"samplingRate":"16kHz","audioPath":"/Mock/02.SalesMarketing/Female/Experienced/ckmk_a_sm_f_e_230903.wav"}}}