{"version":"1.0","dataSet":{"info":{"date":"20230116","occupation":"SM","channel":"MOCK","place":"ONLINE","gender":"FEMALE","ageRange":"-34","experience":"EXPERIENCED"},"question":{"raw":{"text":"지원자님 주변 친구들 중에 한 명을 골라서 칭찬해 주세요 그리고 거기에 대해서 구체적이고 자세한 칭찬일수록 좋습니다","wordCount":16},"emotion":[],"intent":[]},"answer":{"raw":{"text":"제 친구 중 한 명은 중학교 때 사귄 친구입니다. 그 친구는 항상 열심히 하기 때문에 주위 사람들로부터 항상 칭찬을 받고 부러움을 사는 친구입니다. 그 친구는 항상 목표를 가지고 있기 때문에 어 연초가 되면 그 연 그 연도에 달성하고 싶은 목표들을 리스트를 정리해서 단기적으로 어떤 노력을 해야 할지 정리를 하는 친구입니다. 그 친구와 같이 있으면은 긍정적인 에너지를 받을 수 있습니다. 그 친구는 항상 웃고 부정적인 생각은 멀리하는 친구이기 때문에 그 친구와 같이 있는 사람들은 항상 좋은 에너지를 받아가고 영향을 많이 받기 때문에 어 모든 면에서 본받을 점이 많은 친구라고 생각합니다.","wordCount":89},"emotion":[],"intent":[{"text":"","expression":"","category":"attitude"}],"summary":{"text":"제 친구 중 한 명은 중학교 때 사귄 친구인데, 그는 항상 열심히 하기 때문에 칭찬을 받고 부러움을 사는 친구입니다. 그와 같이 있으면 긍정적인 에너지를 받을 수 있기 때문에 모든 면에서 본받을 점이 많은 친구라고 생각합니다.","wordCount":35}}},"rawDataInfo":{"question":{"fileFormat":"wav","fileSize":364878,"duration":11400,"samplingBit":16,"channelCount":1,"samplingRate":"16kHz","audioPath":"/Mock/02.SalesMarketing/Female/Experienced/ckmk_q_sm_f_e_163914.wav"},"answer":{"fileFormat":"wav","fileSize":2427598,"duration":75860,"samplingBit":16,"channelCount":1,"samplingRate":"16kHz","audioPath":"/Mock/02.SalesMarketing/Female/Experienced/ckmk_a_sm_f_e_163914.wav"}}}