{"version":"1.0","dataSet":{"info":{"date":"20230116","occupation":"SM","channel":"MOCK","place":"ONLINE","gender":"FEMALE","ageRange":"55-","experience":"EXPERIENCED"},"question":{"raw":{"text":"지원자님이 이 직무에 지원한 이유가 무엇인지 알고 싶습니다 말씀해 주시고 지원자님 본인이 왜 적합한 인재인지도 설명해 주시겠습니까","wordCount":17},"emotion":[],"intent":[]},"answer":{"raw":{"text":"예 이 직무에 지원한 이유가 무엇인지 말씀해 달라고 하셨는데 하셨는데요. 아 저는 이 직무를 잘 하기 위해서 아 지난 삼 년간 부단히 노력해 왔습니다. 일단 어렸을 때 이십 세 때부터 영어 회화 공부를 계속 지속해 왔구요. 지금 현재까지도 계속 아 영어 회화에 노출을 시켜 놓는 상태이구요. 그 다음에 전 우리나라를 사랑하는 애국 애국자까지는 아니어도 우리나라를 사랑하는 일 인 입니다. 그래서 우리나라를 외국인한테 알리고 싶은 그런 마음이 있습니다. 그래서 제가 한국사 공부도 한국사 일 급도 땄구요. 국내 일단 국내 여행 안내사도 땄습니다. 아 공부를 하다보니 일단 한국사도 되게 중요하지만 우리나라 지금 지금 상태에서 어느 지역에 가면 어떤 특산물이 있고 어느 지역에 가면 어디 구경을 할 수 있고 어느 것이 여행 스팟인지 그런 공부를 많이 하다 보니 이 장소를 저만 아는 게 아니라 다른 사람에게도 심지어 다른 나라 사람에게도 소개해 해주고 싶은 그런 욕심이 많이 생겼습니다. 제가 대전이라는 곳에 잠시 살았었는데요. 이십 년 간 살았었 살았었는데 그쪽에서는 그 대전이 우리나라의 중심이거든요. 그래서 여러 군데 여행을 할 수가 있었습니다. 그래서 서울은 사실 이 약간 북쪽으로 쏠려 있잖아요. 그런데 대전에 있을 때 아 전국을 안 가본 곳이 없고 맛집을 안 가본 곳이 없이 열심히 다녔습니다. 그래서 친구들이나 그 담에 주변 사람들한테는 많이 어 얘기를 해주기도 하지만 이제는 다른 사람들 외국인한테도 소개시켜주고 싶습니다.","wordCount":198},"emotion":[{"text":"그래서 제가 한국사 공부도 한국사 일 급도 땄구요.","expression":"u-fact","category":"neutral"},{"text":"국내 일단 국내 여행 안내사도 땄습니다.","expression":"u-fact","category":"neutral"},{"text":"제가 대전이라는 곳에 잠시 살았었는데요.","expression":"u-fact","category":"neutral"}],"intent":[{"text":"","expression":"","category":"attitude"}],"summary":{"text":"직무를 잘 하기 위해서 지난 삼 년간 부단히 노력해 왔는데, 제가 영어 회화에 노출이 되어 있는 상태이고 우리나라를 외국인에게 알리고 싶은 마음이 있기 때문에 한국사, 한국사 일급, 국내 여행 안내사도 떴습니다. 공부를 하다보니 어느 지역의 특산물과 여행지에 가면 어디 구경을 할 수 있고 어느 것이 여행 스팟인지 공부를 많이 하다보니 다른 사람에게도 소개해 해주고 싶은 욕심이 생겼습니다.","wordCount":57}}},"rawDataInfo":{"question":{"fileFormat":"wav","fileSize":553038,"duration":17280,"samplingBit":16,"channelCount":1,"samplingRate":"16kHz","audioPath":"/Mock/02.SalesMarketing/Female/Experienced/ckmk_q_sm_f_e_242087.wav"},"answer":{"fileFormat":"wav","fileSize":3833678,"duration":119800,"samplingBit":16,"channelCount":1,"samplingRate":"16kHz","audioPath":"/Mock/02.SalesMarketing/Female/Experienced/ckmk_a_sm_f_e_242087.wav"}}}