{"version":"1.0","dataSet":{"info":{"date":"20230116","occupation":"SM","channel":"MOCK","place":"ONLINE","gender":"FEMALE","ageRange":"35-44","experience":"EXPERIENCED"},"question":{"raw":{"text":"귀하께서 마케팅 업무에 통계 분석 기법을 적용해 본 본인의 사례가 있다면 그 사례에 대해서 말씀해 주세요","wordCount":16},"emotion":[],"intent":[]},"answer":{"raw":{"text":"음 마케팅 업무에 통계 분석을 기법을 적용하는 것은 너무나도 요즘에는 강연한 일이라고 생각이 됩니다. 그런데 그러한 통계 분석 기법을 적용을 해서 나온 데이터들을 어떻게 분석하는지가 훨씬 더 더 중요한 업무라고 생각을 합니다. 어떻게 보면 같은 결과를 보더라도 다른 관점에서 해석했을 때 천차만별에 결과가 나오기도 하거든요. 그래서 어 이러한 통계 분석은 어쨌든 데이터 베이스화 되어있는 그런 데이터 속에서 충분히 찾아낼 수 있는 부분이고 만약에 제가 이러한 통 어 마케팅 업무를 한다고 한다면 어떻게 하면 세상에 흐름과 맞춰서 나의 시선은 어떻게 분석을 할지를 어 하는 것이 굉장히 중요한 일이구나 라고 느꼈었습니다.","wordCount":89},"emotion":[],"intent":[{"text":"","expression":"","category":"attitude"}],"summary":{"text":"마케팅 업무에서 통계 분석 기법을 적용하는 것은 굉장히 중요한 업무이지만, 다른 관점에서 해석했을 때 천차만별에 결과가 나오기 때문에 통계 분석은 데이터 베이스화 되어있는 데이터 속에서 충분히 찾아낼 수 있습니다.","wordCount":29}}},"rawDataInfo":{"question":{"fileFormat":"wav","fileSize":367758,"duration":11490,"samplingBit":16,"channelCount":1,"samplingRate":"16kHz","audioPath":"/Mock/02.SalesMarketing/Female/Experienced/ckmk_q_sm_f_e_227233.wav"},"answer":{"fileFormat":"wav","fileSize":1788238,"duration":55880,"samplingBit":16,"channelCount":1,"samplingRate":"16kHz","audioPath":"/Mock/02.SalesMarketing/Female/Experienced/ckmk_a_sm_f_e_227233.wav"}}}