{"version":"1.0","dataSet":{"info":{"date":"20230116","occupation":"SM","channel":"MOCK","place":"ONLINE","gender":"FEMALE","ageRange":"45-54","experience":"EXPERIENCED"},"question":{"raw":{"text":"면접자분께서 직접 해외 물건을 파는 사업을 진행하게 된다면 어떤 물건을 팔아볼 것인지 생각해 본 게 있을까요","wordCount":16},"emotion":[],"intent":[]},"answer":{"raw":{"text":"네 제가 만약에 해외에 나가서 물건을 파는 영업을 하게 된다 라고 하면 저는 한국 고유의 제품들을 팔아보고 싶습니다. 일단 기본적으로 음식 같은 경우에는 저는 인제 파이라던가 아니면 라면 같은 제품을 해외에서도 어 잘 판매할 수 있기 때문에 그것들을 판매하는 역할을 해보고 싶구요. 그리고 우리나라 제품 중에서 외국인들이 좋아하는 제품들이 있습니다. 어 일단은 뭐 티 같은 경우 그리고 레깅스 같은 게 해외에서 각광을 받고 있고 또 판매율이 굉장히 높다고 알고 있습니다. 이렇게 우리나라 제품 중에서 가성비가 좋고 그리고 해외에 봤을 때 아 이게 특이한 제품이다 라는 경우를 가지고 나가서 판매할 수 있을 것 같은데요. 어 해외에서는 그리고 또 예를 들어서 미용 제품이 좀 우리나라가 우수한 게 많습니다. 예를 들어서 여성들이 쓰는 화장품 같은 경우에 해외에서는 굉장히 고가 제품인데 우리나라에서는 저렴하게 판매를 하는 경우가 있는데요. 이런 제품들을 해외에 나가서 판매를 하게 되면 굉장히 반응도 좋고 또 이익도 많이 남길 수 있다고 생각을 합니다. 그래서 이런 뷰티 제품들도 되게 판매가 높을 것 같아서 한번 직접 판매를 해보고 싶은 생각이 있습니다.","wordCount":157},"emotion":[],"intent":[{"text":"예를 들어서 여성들이 쓰는 화장품 같은 경우에 해외에서는 굉장히 고가   제품인데 우리나라에서는 저렴하게 판매를 하는 경우가 있는데요.","expression":"s_anls_prod","category":"technology"}],"summary":{"text":"해외 영업 영업을 하게 된다면 한국 고유 제품 판매 역할을 해보고 싶습니다. 우선 파, 라면, 티, 레깅스, 미용 제품 등을 해외 시장에서 판매하고 이익을 많이 남길 수 있을 것 같습니다.","wordCount":30}}},"rawDataInfo":{"question":{"fileFormat":"wav","fileSize":310478,"duration":9700,"samplingBit":16,"channelCount":1,"samplingRate":"16kHz","audioPath":"/Mock/02.SalesMarketing/Female/Experienced/ckmk_q_sm_f_e_115113.wav"},"answer":{"fileFormat":"wav","fileSize":2749198,"duration":85910,"samplingBit":16,"channelCount":1,"samplingRate":"16kHz","audioPath":"/Mock/02.SalesMarketing/Female/Experienced/ckmk_a_sm_f_e_115113.wav"}}}