{"version":"1.0","dataSet":{"info":{"date":"20230116","occupation":"SM","channel":"MOCK","place":"ONLINE","gender":"FEMALE","ageRange":"-34","experience":"EXPERIENCED"},"question":{"raw":{"text":"그 영업이 국내 영업과 해외 영업이 있지 않습니까 그 국내 영업과 해외 영업의 차이점에 관해서 설명해 주시겠습니까","wordCount":17},"emotion":[],"intent":[]},"answer":{"raw":{"text":"어 기본적으로는 언어의 차이가 크겠죠. 어쨌든 해외 영업은 외국어 능력이 있어야 되기 때문에 그 부분을 가지고 있어야 된다 고 생각을 하고 두 번째는 어 이게 해외는 어쨌든 국내랑 시장이 다르니깐 어 그 무역 조건 같은 것들이 어떤 식으로 다른지를 좀 꼼꼼하게 봐야 하는 것 같아요. 그런 차이가 좀 명확할 것 같고 이 두 가지가 또 굳이 굳이 따져보자면 어쨌든 해외 영업에는 뚫을 수 있어야 하는 그 커넥션이 좀 있어야 되는 것 같더라고요. 그래서 좀 다양한 사람을 많이 만나는 그것들이 국내보다 더 어렵기도 하고 더 약간 문을 열기가 쉽지 않은 그런 차이가 좀 있는 것 같아요. 그래서 저는 사실 해외 영업은 경험이 없지만 제가 했던 업무들이 다 국내 대상이었기 때문에 해외는 경험이 없어서 어쨌든 제가 짐작하는 것들이고 이거는 실제로 또 일을 했을 때 어떤 것들이 또 차이가 있는지는 겪어봐야 제가 알 수 있을 것 같습니다.","wordCount":134},"emotion":[],"intent":[{"text":"","expression":"","category":"attitude"}],"summary":{"text":"해외 영업은 외국어 능력이 있어야 되고 무역 조건들이 어떤 식으로 다른지 봐야 합니다. 다양한 사람을 많이 만나는 것이 국내보다 더 어렵기도 하고 문을 열기 쉽지 않은 것 같습니다.","wordCount":28}}},"rawDataInfo":{"question":{"fileFormat":"wav","fileSize":472398,"duration":14760,"samplingBit":16,"channelCount":1,"samplingRate":"16kHz","audioPath":"/Mock/02.SalesMarketing/Female/Experienced/ckmk_q_sm_f_e_195359.wav"},"answer":{"fileFormat":"wav","fileSize":2469198,"duration":77160,"samplingBit":16,"channelCount":1,"samplingRate":"16kHz","audioPath":"/Mock/02.SalesMarketing/Female/Experienced/ckmk_a_sm_f_e_195359.wav"}}}