{"version":"1.0","dataSet":{"info":{"date":"20230116","occupation":"SM","channel":"MOCK","place":"ONLINE","gender":"FEMALE","ageRange":"55-","experience":"EXPERIENCED"},"question":{"raw":{"text":"만약에 우리 회사가 해외 무대로 진출을 하게 된다면 어느 나라로 진출하는 것이 좋겠는지요 어 그렇게 생각하시는 이유도 함께 말씀해 주시기 바랍니다","wordCount":21},"emotion":[],"intent":[]},"answer":{"raw":{"text":"예 우리 회사가 해외 무대를 진출한다면 어디로 진출하는 것이 좋냐 하는 질문에 아 전 세계를 많이 생각을 해 보았습니다. 아 제가 여행을 한 곳은 전 세계 중에서 어 북미 그다음에 그 미국 캐나다 아 아시아 쪽으로는 태국 말레이지아 싱가폴 그다음에 몰디브도 다녀왔고요. 쓰리랑카라는 지역도 다녀왔습니다. 아 그리고 미국 쪽에서는 또 알레스카를 다녀온 경험이 또 있고 고 그다음에 아 그 유럽에서는 대부분의 나라를 북유럽 와 동유럽 그 서유럽까지 다 돌아봤는데요. 우리나라가 해외 무대로 진출을 한다면 우리의 상품을 팔 수 있는 수요가 있는 것이 좋겠지요. 아 근데 제가 돌아다녀 본 나라 중에는 사실 지금도 미국이라고 하면 제 거대한 나라고 그다음에 이제 달러가 되게 강한 나라이기도 하지만 저는 미국으로 진출을 해야 된다고 생각합니다. 미국에서 인정받는 것이 모든 물건의 어 합격까지는 아니더라도 미국에서 인정받는 것이 모든 상품의 다양성을 이제 알아 주고 그다음에 수요가 많구요. 그래서 저는 미국이라고 생각합니다. 아시아 쪽에서는 또한 중국이 아주 아주 거대한 나라더라고요. 아 중국 같은 경우에는 일단 인구가 많아서 뭐든 물건을 구매할 수 있는 여력이 있구요. 뭐 하나 팔 때나 아니면 어 수입을 할 때 어마어마한 갯수를 수입을 하는 것을 또 책으로도 읽고 그다음에 제가 현지에 가서 어 경험도 해 봤습니다. 중국 물건도 보다는 한국 물건을 많이 팔았으면 좋겠네요.","wordCount":189},"emotion":[{"text":"아 제가 여행을 한 곳은 전 세계 중에서 어 북미 그다음에 그 미국 캐나다 아 아시아 쪽으로는 태국 말레이지아 싱가폴 그다음에 몰디브도 다녀왔고요.","expression":"u-fact","category":"neutral"},{"text":"아 그리고 미국 쪽에서는 또 알레스카를 다녀온 경험이 또 있고 고 그다음에 아 그 유럽에서는 대부분의 나라를 북유럽 와 동유럽 그 서유럽까지 다 돌아봤는데요.","expression":"u-fact","category":"neutral"}],"intent":[{"text":"","expression":"","category":"attitude"}],"summary":{"text":"우리 회사가 해외 무대 진출을 할 때 어디를 기준으로 삼을지 생각 해 본 결과, 전 세계 중 북미, 아 아시아 쪽으로는 태국 말레이지아 싱가폴, 몰디브, 쓰리랑카 지역, 그리고 유럽 쪽으로는 북유럽 와 동유럽 서유럽까지 돌아봤습니다. 아 그 중에서도 미국이 가장 큰 나라이고 달러가 강한 나라이지만 저는 미국으로 진출을 해야 한다고 생각합니다. 아시아 쪽에서는 중국이 아주 큰 나라인데, 중국은 인구가 많아 물건을 구매할 수 있는 여력이 있습니다","wordCount":66}}},"rawDataInfo":{"question":{"fileFormat":"wav","fileSize":422158,"duration":13190,"samplingBit":16,"channelCount":1,"samplingRate":"16kHz","audioPath":"/Mock/02.SalesMarketing/Female/Experienced/ckmk_q_sm_f_e_240203.wav"},"answer":{"fileFormat":"wav","fileSize":3843918,"duration":120120,"samplingBit":16,"channelCount":1,"samplingRate":"16kHz","audioPath":"/Mock/02.SalesMarketing/Female/Experienced/ckmk_a_sm_f_e_240203.wav"}}}