{"version":"1.0","dataSet":{"info":{"date":"20230116","occupation":"SM","channel":"MOCK","place":"ONLINE","gender":"FEMALE","ageRange":"35-44","experience":"EXPERIENCED"},"question":{"raw":{"text":"현대인은 하루 평균 세 번 거짓말을 하고 산다고 합니다 지원자님께서 해 본 가장 기억에 남는 거짓말이 있다면 무엇일까요","wordCount":18},"emotion":[],"intent":[]},"answer":{"raw":{"text":"사실 저는 거짓말을 안 한다 라고 생각을 했는데 어 질문자님에 질문을 들어보니까 제가 거짓말을 많이 하는 사람인 거 같네요. 어 저는 좀 관계 중심적인 사람이라 어 누가 만약에 식사를 했니 같이 먹을까 라고 하면 방금 전에 밥을 먹었어도 다시 먹는 스타일입니다. 잘 거절을 못 해요. 그래서 그 사람이 밥을 먹자 라고 하면 그런 것에 대해서 유대 관계가 더 돈독해지고 그 사람이 원하는 것이라고 생각이 되어서 그런 것들을 좀 맞춰주는 편입니다. 그래서 좀 더 과식하게 되고 더 많이 먹게 되는 경우가 종종 있습니다.","wordCount":82},"emotion":[],"intent":[{"text":"어 저는 좀 관계 중심적인 사람이라 어 누가 만약에 식사를 했니 같이 먹을까 라고 하면 방금 전에 밥을 먹었어도 다시 먹는 스타일입니다.","expression":"c_person","category":"background"},{"text":"잘 거절을 못 해요.","expression":"c_person","category":"background"},{"text":"그래서 그 사람이 밥을 먹자 라고 하면 그런 것에 대해서 유대 관계가 더 돈독해지고 그 사람이 원하는 것이라고 생각이 되어서 그런 것들을 좀 맞춰주는 편입니다.","expression":"c_person","category":"background"}],"summary":{"text":"관계 중심적인 저는 밥 먹자 라고 하면 다시 먹는 스타일입니다. 그래서 유대 관계가 더 돈독해지고 원하는 것들을 잘 맞춰주기 때문에 과식하게 되고 더 많이 먹게 되는 경우가 종종 있습니다.","wordCount":29}}},"rawDataInfo":{"question":{"fileFormat":"wav","fileSize":333518,"duration":10420,"samplingBit":16,"channelCount":1,"samplingRate":"16kHz","audioPath":"/Mock/02.SalesMarketing/Female/Experienced/ckmk_q_sm_f_e_226859.wav"},"answer":{"fileFormat":"wav","fileSize":1392718,"duration":43520,"samplingBit":16,"channelCount":1,"samplingRate":"16kHz","audioPath":"/Mock/02.SalesMarketing/Female/Experienced/ckmk_a_sm_f_e_226859.wav"}}}