{"version":"1.0","dataSet":{"info":{"date":"20230116","occupation":"SM","channel":"MOCK","place":"ONLINE","gender":"FEMALE","ageRange":"-34","experience":"EXPERIENCED"},"question":{"raw":{"text":"시간이 촉박한 상황이 생기시면 어떻게 시간 관리를 하시나요 지원자님만에 시간 관리법에 대해서 말씀해 주시면 좋겠습니다","wordCount":15},"emotion":[],"intent":[]},"answer":{"raw":{"text":"아무래도 업무를 하다보면 스케줄 관리가 굉장히 중요한 것 같습니다. 스케줄을 잘 관리를 해야 업무의 효율성도 높아지고 그리고 여러 가지 돌발 상황이 발생했을 때도 유연하게 대처할 수 있는 것 같습니다. 어 사실은 저도 스케줄 관리에 늘 어려움을 겪는데요. 왜냐하면 바이어를 만나거나 또 영업을 진행을 할 때 불가피하게 만남이 있을 경우가 굉장히 많습니다. 특히 코로나 일 구 이전에는 오프라인으로 만남이 이뤄지다 보니까 또 중간중간에 계속 다른 스케줄의 돌발 상황이 발생을 했는데요. 그래서 저는 기본적으로 오전에 급한 일을 모두 처리를 해 놓는 편입니다. 그리고 오후에는 시간을 비워서 사람들이 만나거나 아니면 돌발 상황에 대처할 수 있게 시간을 여유롭게 두는 편이기도 하고요. 그리고 사실 야근이나 잔업이 굉장히 많은 업무인 것 같습니다. 왜냐하면 시간이 그만큼 많이 소요되는 일들이고 또 사람을 만나게 되면 어 이동시간 그리고 그 사람과 대화하는 시간이 길어질 수 있기 때문에 그런 시간은 오히려 제 개인 시간을 쪼금 빼서 할애를 하는 편이긴 합니다. 왜냐하면 제 개인 생활이 줄어들더라도 또 그 업무와 관련된 일들이 중요하기 때문에 그렇게 시간 관리를 하고 있고요. 또 유연하면서도 조금 체계적으로 시간 관리를 하는 편입니다.","wordCount":164},"emotion":[],"intent":[{"text":"그리고 오후에는 시간을 비워서 사람들이 만나거나 아니면 돌발 상황에 대처할 수 있게   시간을 여유롭게 두는 편이기도 하고요.","expression":"c_adp","category":"personality"}],"summary":{"text":"업무를 하다보면 스케줄 관리가 굉장히 중요합니다. 바이어 만남, 영업 진행 시 불가피하게 만남이 있을 때가 있습니다. 그래서 오전에 급한 일을 모두 처리하고 오후에는 시간을 비워서 사람들이 만나거나 돌발 상황에 대처할 수 있게 시간을 여유롭게 둡니다. 사실 야근이나 잔업이 굉장히 많은 업무인 것 같습니다. 이동시간, 대화 시간이 길어질 수 있어서 개인 시간을 좀 빼서 할애합니다.","wordCount":54}}},"rawDataInfo":{"question":{"fileFormat":"wav","fileSize":482638,"duration":15080,"samplingBit":16,"channelCount":1,"samplingRate":"16kHz","audioPath":"/Mock/02.SalesMarketing/Female/Experienced/ckmk_q_sm_f_e_118545.wav"},"answer":{"fileFormat":"wav","fileSize":2752718,"duration":86020,"samplingBit":16,"channelCount":1,"samplingRate":"16kHz","audioPath":"/Mock/02.SalesMarketing/Female/Experienced/ckmk_a_sm_f_e_118545.wav"}}}