{"version":"1.0","dataSet":{"info":{"date":"20230116","occupation":"SM","channel":"MOCK","place":"ONLINE","gender":"FEMALE","ageRange":"35-44","experience":"EXPERIENCED"},"question":{"raw":{"text":"지원자님께서는 이전 직장 혹은 대학에서 어떤 프로젝트를 해 봤는지 생각나는 게 있다면 한 설명 부탁드리겠습니다","wordCount":15},"emotion":[],"intent":[]},"answer":{"raw":{"text":"음 저는 음 제가 독일어 독일어문학과를 나왔는데요. 어 사실 뭐 저희 꽈에서는 그냥 뭐 독일 문학 뭐 이런 거로 독일 작품으로 한 행사 정도라서 어 대학 시절에 조금 재미있는 추억 남기고 싶다는 생각에 저희 학교 내 이제 예술 쪽 네 그 공연 전공하시는 분들 그쪽에서 이제 어떤 큰 축제 거기에 제가 이제 봉사자로 참여를 해서 어 그때 제가 막 기획 파트 파트였던 것 같아요. 그래서 그 페스티벌에 사 오 일 정도 가 나가서 봉사를 하면서 말이 기획이지 그냥 그런 행사가 잘 이루어질 수 질 수 있게 주변 이제 잔업 부분을 제가 이제 조금 도와드리는 거 그런 거였었어요. 그래서 뭐 프로그램 뭐 스케줄 이런 거 조금씩 조금씩 관리하고 뭐 변경되는 거 있으면 가서 전달하고 요런 부분으로 했던 기억이 있습니다.","wordCount":118},"emotion":[],"intent":[{"text":"음 저는 음 제가 독일어 독일어문학과를 나왔는데요.","expression":"c_private","category":"background"}],"summary":{"text":"저는 독일어 독일어문학과를 나왔지만 대학 시절에 추억 남기고 싶다는 생각에 축제에 봉사자로 참여해서 기획 파트였습니다. 행사의 잘 이루어질 수 있도록 주변 잔업 부분을 도와드렸던 기억이 있습니다.","wordCount":26}}},"rawDataInfo":{"question":{"fileFormat":"wav","fileSize":352078,"duration":11000,"samplingBit":16,"channelCount":1,"samplingRate":"16kHz","audioPath":"/Mock/02.SalesMarketing/Female/Experienced/ckmk_q_sm_f_e_156577.wav"},"answer":{"fileFormat":"wav","fileSize":2656718,"duration":83020,"samplingBit":16,"channelCount":1,"samplingRate":"16kHz","audioPath":"/Mock/02.SalesMarketing/Female/Experienced/ckmk_a_sm_f_e_156577.wav"}}}