{"version":"1.0","dataSet":{"info":{"date":"20230116","occupation":"SM","channel":"MOCK","place":"ONLINE","gender":"FEMALE","ageRange":"35-44","experience":"EXPERIENCED"},"question":{"raw":{"text":"지원자님 본인의 생각이 아닌 지원자님의 다른 주변 사람들이 생각하는 지원자님의 장점과 장점을 모두 말씀해 주세요","wordCount":15},"emotion":[],"intent":[]},"answer":{"raw":{"text":"어 이게 근데 다른 사람들의 생각이기 하지만 저도 동의를 하는 부분이에요. 뭐냐면 그 저는 제가 꽂히는 것만 해요. 그러니까 제가 꽂혀야지 해요. 어떤 거를 하기 위해서 움직일 때 그래서 자영업을 했던 것도 제가 그 일 아니면 안 될 것 같아서 그 일이 저에게 너무 재미있고 막 신나게 하고 저를 그리고 직접 네 사업도 해보고 싶었고 되게 도전이고 모험인데 그게 어 설사 그게 실패할지라도 되게 아 이 여행 잘 했다 라고 왠지 스스로 다독일 수 있을 것 같은 그런 느낌으로 자영업을 시작을 했던 거였어요. 그리고 아 이제 이만하면 그만해도 되겠다 라는 게 딱 꽂혔을 때 주변 사람들이 다 말렸는데 저는 괜찮았어요. 저는 이제 할 만큼 했었고 제가 경험하고 싶은 부분들 다 경험했고 그래서 접었어요. 그랬더니 주변에서 다 난리가 났었죠. 이게 장점이면서 다 단점으로 보는 것 같아요.","wordCount":125},"emotion":[],"intent":[{"text":"","expression":"","category":"attitude"}],"summary":{"text":"자영업을 했던 것도 제가 재미있었고, 직접 사업도 해보고 싶었고, 실패할지라도 스스로 다독일 수 있을 것 같은 마음으로 시작했습니다. 그리고 이제 할 만큼 했었고, 하고 싶은 부분들 다 경험했고 그래서 접었는데 주변에서는 장점과 단점을 다 본다고 봅니다.","wordCount":36}}},"rawDataInfo":{"question":{"fileFormat":"wav","fileSize":464078,"duration":14500,"samplingBit":16,"channelCount":1,"samplingRate":"16kHz","audioPath":"/Mock/02.SalesMarketing/Female/Experienced/ckmk_q_sm_f_e_178328.wav"},"answer":{"fileFormat":"wav","fileSize":2778958,"duration":86840,"samplingBit":16,"channelCount":1,"samplingRate":"16kHz","audioPath":"/Mock/02.SalesMarketing/Female/Experienced/ckmk_a_sm_f_e_178328.wav"}}}