{"version":"1.0","dataSet":{"info":{"date":"20230116","occupation":"SM","channel":"MOCK","place":"ONLINE","gender":"FEMALE","ageRange":"35-44","experience":"EXPERIENCED"},"question":{"raw":{"text":"주변 사람들이 생각하는 본인의 장점이나 단점은 무엇이라고 생각하시나요 그렇게 말씀하시는 이유도 같이 설명해 주시겠어요","wordCount":14},"emotion":[],"intent":[]},"answer":{"raw":{"text":"네 저의 장점이라고 하면 어 활발하고 명랑해서 그 분위기 어떤 조직이나 단체의 분위기를 좀 업 시킨다고 하나요. 어 기분 좋게 하는 데 그런 성격이다 라는 말을 많이 듣구요. 또 그 업무의 습득력 이런 것들이 빠르다 보니까 좀 스마트하다 그런 말도 많이 들었던 것 같습니다. 어 그리고 이제 사람들과 대인관계도 좋다 그래서 그런 쪽이 이제 장점이지 않을까 싶고 근데 단점 같은 경우는 어 그까 그 싫고 좋음 또 이게 그 선과 악 이런 거에 대해서 굉장히 그 분명하기 때문에 그런 거를 좀 참지 못하고 어 얘기를 그 자리에서 하는 편이구요. 그런 경우에 좀 당황스러워 하는 사람들이 있고 그렇다 보니까 좀 직설적인 그런 것 때문에 예 좀 그게 단점이 아닌가 좀 돌려서 얘기도 하고 해야 하는데 그러지 못하고 바로 그냥 그 자리에서 얘기하고 어 이거 아니면 아니야 그러고 이제 그 사람하고는 끝 이렇게 끊어버리는 그런 성격이 좀 안 좋은 성격 아닌가 싶습니다.","wordCount":140},"emotion":[],"intent":[{"text":"네 저의 장점이라고 하면 어 활발하고 명랑해서 그 분위기 어떤 조직이나 단체의 분위기를 좀 업 시킨다고 하나요.","expression":"c_person","category":"background"},{"text":"또 그 업무의 습득력 이런 것들이 빠르다 보니까 좀 스마트하다 그런 말도 많이 들었던 것 같습니다.","expression":"c_person","category":"background"},{"text":"어 그리고 이제 사람들과 대인관계도 좋다 그래서 그런 쪽이 이제 장점이지 않을까 싶고 근데 단점 같은 경우는 어 그까 그 싫고 좋음 또 이게 그 선과 악 이런 거에 대해서 굉장히 그 분명하기 때문에 그런 거를 좀 참지 못하고 어 얘기를 그 자리에서 하는 편이구요.","expression":"c_person","category":"background"},{"text":"그런 경우에 좀 당황스러워 하는 사람들이 있고 그렇다 보니까 좀 직설적인 그런 것 때문에 예 좀 그게 단점이 아닌가 좀 돌려서 얘기도 하고 해야 하는데 그러지 못하고 바로 그냥 그 자리에서 얘기하고 어 이거 아니면 아니야 그러고 이제 그 사람하고는 끝 이렇게 끊어버리는 그런 성격이 좀 안 좋은 성격 아닌가 싶습니다.","expression":"c_person","category":"background"}],"summary":{"text":"저는 활발하고 명랑하고 업무의 습득력이 빨라 대인관계도 좋습니다. 단점은 선악에 대한 분명한 선과 악을 참지 못하고 바로 그 자리에서 얘기하는 성격이 좀 안 좋은 성격입니다.","wordCount":25}}},"rawDataInfo":{"question":{"fileFormat":"wav","fileSize":334158,"duration":10440,"samplingBit":16,"channelCount":1,"samplingRate":"16kHz","audioPath":"/Mock/02.SalesMarketing/Female/Experienced/ckmk_q_sm_f_e_229695.wav"},"answer":{"fileFormat":"wav","fileSize":2983758,"duration":93240,"samplingBit":16,"channelCount":1,"samplingRate":"16kHz","audioPath":"/Mock/02.SalesMarketing/Female/Experienced/ckmk_a_sm_f_e_229695.wav"}}}