{"version":"1.0","dataSet":{"info":{"date":"20230116","occupation":"SM","channel":"MOCK","place":"ONLINE","gender":"FEMALE","ageRange":"-34","experience":"EXPERIENCED"},"question":{"raw":{"text":"사람들과 협업을 하면서 가장 어려웠던 부분이 있었다면 그 부분을 한번 들어보고 싶은데요 그리고 그 부분을 어떻게 극복하셨는지 함께 얘기해 주시기 바랍니다","wordCount":21},"emotion":[],"intent":[]},"answer":{"raw":{"text":"사람들과 협업을 하면서 가장 어려웠던 점은 다른 생각을 하는 사람들이 많다는 것이었습니다. 다른 사고 방식을 가지고 다른 배경 환경에서 자라난 사람들이 모여 의견을 나누고 협업을 하기 때문에 이것은 당연한 현상이라고 생각합니다. 하지만 이렇게 다양한 생각을 가지고 있기 때문에 그때마다 의견을 교환해야 했습니다. 또한 의견을 교환하는 과정에서는 다른 사람들을 설득하는 것이 필요했고 다른 사람들을 이해시키기 위해 자신의 주장에 대한 논리적인 근거 역시 필요하였습니다. 초반에는 이런 것들이 가장 힘들었으나 지금 돌이켜보면 이러한 경험들을 하였기에 제가 보다 논리적인 사고 방식을 가질 수 있었고 다른 사람들을 설득하는 능력을 보다 기를 수 있었다고 생각합니다. 따라서 다른 사람들과 함께 협업을 할 때에는 논리적인 근거가 필수라고 생각합니다.","wordCount":100},"emotion":[],"intent":[{"text":"또한 의견을 교환하는 과정에서는 다른 사람들을 설득하는 것이 필요했고 다른 사람들을 이해시키기 위해 자신의 주장에 대한 논리적인 근거 역시 필요하였습니다.","expression":"s_pers","category":"attitude"},{"text":"초반에는 이런 것들이 가장 힘들었으나 지금 돌이켜보면 이러한 경험들을 하였기에 제가 보다 논리적인 사고 방식을 가질 수 있었고 다른 사람들을 설득하는 능력을 보다 기를 수 있었다고 생각합니다.","expression":"s_pers","category":"attitude"},{"text":"따라서 다른 사람들과 함께 협업을 할 때에는 논리적인 근거가 필수라고 생각합니다.","expression":"c_value","category":"background"}],"summary":{"text":"다른 사람과 협업할 때 마다 의견을 교환해야 했고, 의견을 교환하는 과정에서 논리적인 근거도 필요했습니다. 이러한 경험들을 하였기에 논리적인 사고 방식을 가질 수 있었고, 설득하는 능력을 기를 수 있었습니다. 따라서 협업 시에는 논리적인 근거가 필수라고 생각합니다.","wordCount":35}}},"rawDataInfo":{"question":{"fileFormat":"wav","fileSize":508878,"duration":15900,"samplingBit":16,"channelCount":1,"samplingRate":"16kHz","audioPath":"/Mock/02.SalesMarketing/Female/Experienced/ckmk_q_sm_f_e_209605.wav"},"answer":{"fileFormat":"wav","fileSize":2682958,"duration":83840,"samplingBit":16,"channelCount":1,"samplingRate":"16kHz","audioPath":"/Mock/02.SalesMarketing/Female/Experienced/ckmk_a_sm_f_e_209605.wav"}}}