{"version":"1.0","dataSet":{"info":{"date":"20230116","occupation":"SM","channel":"MOCK","place":"ONLINE","gender":"FEMALE","ageRange":"35-44","experience":"EXPERIENCED"},"question":{"raw":{"text":"네 소통 능력을 키우기 위해서는 어떤 일을 해야 할까요 지원자님이 생각하시는 방법들이 있다면 자세하게 한 번 말씀을 해 주시겠습니까","wordCount":19},"emotion":[],"intent":[]},"answer":{"raw":{"text":"음 보니까 이게 어 그 소통을 원활하게 하기 위해서 어 특정한 어떤 일을 해야 된다는 거는 조금 음 잘못된 표현일 수도 있겠다는 생각이 듭니다. 왜냐하면 이게 소통을 해야겠다. 그러니까 소통이 필요하다. 내가 소통이 부족해서 이거를 조금 더 알아야겠다 라고 마음을 먹는 사람은 어 그 생각이 드는 순간부터 어떠한 부분에서 건 그 소통을 베이스로 조금 말을 이어나가는 것 같아요 본인의 행동이나. 그래서 그런 생각이 들어오게 되면 사실 여러 가지 부분에서 다 소통과 관련된 거로 생각을 할 수가 있고 또 본인이 그런 식으로 바뀐 어떤 음 제스처나 어떤 말 하기의 방식이 달라질 수가 있기 때문에 그것만으로도 충분히 어 변화를 가지고 올 수 있는 그런 부분일 것 같고요. 어 특정한 일이라기보단 그냥 모든 일이 네 결국 소통을 더 잘 하기 위한 부분으로 다 되는 것 같습니다. 네","wordCount":124},"emotion":[],"intent":[{"text":"","expression":"","category":"attitude"}],"summary":{"text":"소통을 원활하게 하기 위해서 특정한 일을 해야 된다는 것은 잘못된 표현일 수 있습니다. 왜냐하면 소통을 원할하게 하기 위해서는 본인의 행동이나 제스처, 말 하기 방식이 바뀔 수 있기 때문입니다. 모든 일이 소통을 더 잘 하기 위한 부분으로 다 되는 것 같습니다.","wordCount":40}}},"rawDataInfo":{"question":{"fileFormat":"wav","fileSize":396878,"duration":12400,"samplingBit":16,"channelCount":1,"samplingRate":"16kHz","audioPath":"/Mock/02.SalesMarketing/Female/Experienced/ckmk_q_sm_f_e_156576.wav"},"answer":{"fileFormat":"wav","fileSize":2887118,"duration":90220,"samplingBit":16,"channelCount":1,"samplingRate":"16kHz","audioPath":"/Mock/02.SalesMarketing/Female/Experienced/ckmk_a_sm_f_e_156576.wav"}}}