{"version":"1.0","dataSet":{"info":{"date":"20230116","occupation":"SM","channel":"MOCK","place":"ONLINE","gender":"FEMALE","ageRange":"45-54","experience":"EXPERIENCED"},"question":{"raw":{"text":"지원자님께서는 어 업무상 팀장에 더 잘 맞을 것 같은지 팀원에 더 잘 맞을 것 같은지 그 이유와 함께 저에게 설명해 주세요","wordCount":21},"emotion":[],"intent":[]},"answer":{"raw":{"text":"네 저는 기본적으로 영업 업무와 관련해서는 팀장 역할을 많이 수행을 해 봤습니다. 그렇기 때문에 저는 팀원보다는 아무래도 팀장을 역할을 하는 게 제가 좋아하기도 하고 또 잘 수행해 낼 수 있다고 생각을 합니다. 영업이라는 이제 그 조직은 각각의 개인 성향도 중요하지만 그것들을 하나의 팀제로 묶어서 또 역량을 발휘하는 것도 굉장히 많이 필요하다고 생각합니다. 왜냐하면 영업을 하는 사람들은 기본적으로 자기 원동력에 의해서 움직이기도 하지만 사기 진작이라던가 의욕 같은 부분에 있어서 어 그게 천차만별일 경우가 있습니다. 그리고 본인 영업을 열심히 하다가 안 될 경우에 좌절하기도 하고요. 그러면 사기 저하로 빠지고 어 개인의 그걸 맡겨 놓는다면 누가 잡아줄 사람이 굉장히 필요한데요. 그런 면에서 저는 팀장의 역할이 중요하고 또 팀제로 묶여서 가는 것도 필요하다고 생각을 합니다. 그래서 저는 그런 것들을 쪼금 의욕을 북돋아 주고 같이 협동을 하면서 시너지 효과를 내는 걸 좋아하는 편인데요. 제가 팀장이 된다면 그런 시너지 역할을 발휘할 수 있도록 서로 의욕적이고 또 인센티브 제도 이런 것들을 활용해서 쪼금 더 의욕을 높일 수 있도록 하겠습니다.","wordCount":152},"emotion":[{"text":"그리고   본인 영업을 열심히 하다가 안 될 경우에 좌절하기도 하고요.","expression":"n-sadness","category":"positive"}],"intent":[{"text":"","expression":"","category":"attitude"}],"summary":{"text":"영업이라는 조직은 개개인의 성향도 중요하지만 팀제로 묶어서 역량을 발휘하는 것도 굉장히 많이 필요합니다. 영업을 하는 사람들은 자기 원동력에 의해서 움직이기도 하지만 사기 진작과 의욕이 천차만별일 경우가 있습니다. 사기 저하로 빠지게 되면 누가 잡아줄 사람이 굉장히 필요하기 때문에 팀제로 묶여서 가는 것도 필요합니다.","wordCount":42}}},"rawDataInfo":{"question":{"fileFormat":"wav","fileSize":373838,"duration":11680,"samplingBit":16,"channelCount":1,"samplingRate":"16kHz","audioPath":"/Mock/02.SalesMarketing/Female/Experienced/ckmk_q_sm_f_e_115114.wav"},"answer":{"fileFormat":"wav","fileSize":2746318,"duration":85820,"samplingBit":16,"channelCount":1,"samplingRate":"16kHz","audioPath":"/Mock/02.SalesMarketing/Female/Experienced/ckmk_a_sm_f_e_115114.wav"}}}