{"version":"1.0","dataSet":{"info":{"date":"20230116","occupation":"SM","channel":"MOCK","place":"ONLINE","gender":"FEMALE","ageRange":"45-54","experience":"EXPERIENCED"},"question":{"raw":{"text":"술을 함께 먹다 보면 여러 진상들이 있게 되는데요 만약 고객사가 술을 먹고 지원자님에게 진상을 부린다면 어떻게 대응하시겠습니까","wordCount":17},"emotion":[],"intent":[]},"answer":{"raw":{"text":"네 아무래도 우리나라에서는 친분 관계를 유지하기 위해서 같이 술을 먹는 경우가 많은데요. 술을 먹다 보면 아무래도 주취가 있거나 어 이렇게 난동을 부리는 경우도 있는 것 같습니다. 일명 우리가 진상이라고 하는데요. 어 무례하게 군다던가 아니면 기본 이제 맨정신에서는 할 수 없던 그런 행동들을 하게 되는 경우가 많습니다. 만약에 고객사에서 술을 먹고 이런 진상을 부린다고 해도 저는 유연하게 잘 대처하도록 하겠습니다. 어 제가 예전 회사를 다닐 때는 술을 먹는 빈도가 훨씬 더 많았습니다. 그렇게 되면 고객사와 미팅을 하는 과정에서 어 고객사들이 무리한 요청을 하거나 아니면은 이제 반말 등을 하는 이런 언행을 하는 경우도 있었는데요. 저는 기분 나쁘지 않게 최대한 유연하게 넘어 갔습니다. 다만 어느 정도 선을 넘었을 경우에는 적절한 제지가 필요한데요. 그런 것들 같은 경우에는 예의에 버긋나지 않는 그런 수준에서 적절하게 유연하게 잘 대처를 해야 될 것 같고요. 그리고 요즘에는 또 이런 조치가 취해졌을 때 상대방도 인정을 하기 때문에 이런 적절한 대응 방법이 필요할 것 같습니다.","wordCount":144},"emotion":[],"intent":[{"text":"","expression":"","category":"attitude"}],"summary":{"text":"우리나라에서는 친분 관계 유지를 위해 같이 술을 먹는 경우가 많은데, 술 먹다 보면 주취가 있거나 폭동을 일으키는 경우가 있습니다. 진상은 무례하게 군다거나 맨정신에는 할 수 없던 행동들을 하게 되는 경우입니다. 어느 정도 선을 넘었을 경우에는 적절한 제지가 필요한데, 그런 것들은 예의에 버긋나지 않는 수준에서 적절하게 대처해야 합니다.","wordCount":47}}},"rawDataInfo":{"question":{"fileFormat":"wav","fileSize":506318,"duration":15820,"samplingBit":16,"channelCount":1,"samplingRate":"16kHz","audioPath":"/Mock/02.SalesMarketing/Female/Experienced/ckmk_q_sm_f_e_109670.wav"},"answer":{"fileFormat":"wav","fileSize":2558798,"duration":79960,"samplingBit":16,"channelCount":1,"samplingRate":"16kHz","audioPath":"/Mock/02.SalesMarketing/Female/Experienced/ckmk_a_sm_f_e_109670.wav"}}}