{"version":"1.0","dataSet":{"info":{"date":"20230116","occupation":"SM","channel":"MOCK","place":"ONLINE","gender":"FEMALE","ageRange":"35-44","experience":"EXPERIENCED"},"question":{"raw":{"text":"지원자님의 단점이 있다면 말씀을 해 주시구요 그 단점을 보완하기 위해서 어떤 노력을 하셨는지 말씀해 주시기 바랍니다","wordCount":16},"emotion":[],"intent":[]},"answer":{"raw":{"text":"어 제 단점은 제가 업무를 하면서 이 일을 하면서 사람들한테 어쨌든 호감을 좀 얻어야지 할 수 있는 일이라고 생각했거든요. 실적을 올리기 위해서는 사람을 상대해서 제가 이제 이거를 판매를 해야 되는 건데 제 목소리가 너무 호감적이지 않다고 느꼈던 것 같아요. 그러니까 어릴 때는 좀 특이하다고 들었던 것 같은데 이게 사회생활로 넘어가면서 직업적으로 가려고 하니까 좀 진지해 보이지 않는다고 해야 되나 제 톤이 그래서 처음에 좀 실적이 안 좋았거든요. 초반에 그 저는 사람 만나는 게 두려운 건 아니었는데 어떤 제 목소리나 이런 거에서 사람들이 많이 좀 멀어지는 느낌을 받은 적이 있었어 가지고 뭔가 계속 이 일을 하려면 내가 목소리 정도 발성 정도는 좀 고치면 좋겠다 라는 생각이 들어서 그때 좀 스피치 학원 같은 거를 다녔었어요. 개인적으로 연기하는 분한테 개인 레슨을 받기도 하고 그래서 발성 자체를 좀 호감적으로 들릴 수 있게 사람들에게 편한 목소리를 들릴 수 있게끔 어 노력을 좀 많이 했었죠 그때. 지금도 그런데 평소에 말할 때는 조금 저희 원래 소리가 나오고 업무적인 거 할 때는 하도 긴장을 많이 해서 그런지 좀 톤을 잘 유지하고 있는 것 같아요.","wordCount":166},"emotion":[],"intent":[{"text":"초반에 그 저는 사람 만나는 게 두려운 건 아니었는데 어떤 제 목소리나 이런 거에서 사람들이 많이 좀 멀어지는 느낌을 받은 적이 있었어 가지고 뭔가 계속 이 일을 하려면 내가 목소리 정도 발성 정도는 좀 고치면 좋겠다 라는 생각이 들어서 그때 좀 스피치 학원 같은 거를 다녔었어요.","expression":"s_comn","category":"attitude"},{"text":"개인적으로 연기하는 분한테 개인 레슨을 받기도 하고 그래서 발성 자체를 좀 호감적으로 들릴 수 있게 사람들에게 편한 목소리를 들릴 수 있게끔 어 노력을 좀 많이 했었죠 그때.","expression":"s_comn","category":"attitude"}],"summary":{"text":"업무와 병행하면서 제 목소리가 호감적이지 않다는 걸 느꼈습니다. 그래서 스피치 학원을 다니고 개인 레슨도 받으며 사람들에게 편안하게 목소리를 들일 수 있도록 노력을 했습니다. 평소에는 원래 소리가 나지만 업무할 때는 긴장때문에 톤을 잘 유지하고 있습니다.","wordCount":34}}},"rawDataInfo":{"question":{"fileFormat":"wav","fileSize":411918,"duration":12870,"samplingBit":16,"channelCount":1,"samplingRate":"16kHz","audioPath":"/Mock/02.SalesMarketing/Female/Experienced/ckmk_q_sm_f_e_195529.wav"},"answer":{"fileFormat":"wav","fileSize":2903118,"duration":90720,"samplingBit":16,"channelCount":1,"samplingRate":"16kHz","audioPath":"/Mock/02.SalesMarketing/Female/Experienced/ckmk_a_sm_f_e_195529.wav"}}}