{"version":"1.0","dataSet":{"info":{"date":"20230116","occupation":"SM","channel":"MOCK","place":"ONLINE","gender":"FEMALE","ageRange":"35-44","experience":"EXPERIENCED"},"question":{"raw":{"text":"본인이 창의적으로 어떠한 문제를 해결하 해결한 경험이 있으신가요 그 과정을 최대한 자세하게 설명 부탁드립니다","wordCount":14},"emotion":[],"intent":[]},"answer":{"raw":{"text":"창의적인 것까지는 잘 모르겠고 그냥 제가 보험 판매 일을 하면서 굉장히 많은 상황에 어 직면했던 적이 많은데 그냥 좀 최선을 다해서 그 문제들을 해결하려고 했었지 창의적인 방법은 사실 없었던 것 같아요. 그냥 충실하게 그 상대방의 이야기를 들으면서 어떤 게 더 적합한지 대신 포기하지 않았던 것 같아요. 그분이 뭔가 제가 권유하는 상품들을 다 쳐낼 때도 계속 포기하지 않고 그거에 맞는 거를 계속 찾아서 진행했던 일이 많았습니다. 그래서 꽤 실적이 많이 쌓였었고 그 실적으로 제가 이 자리까지 오게 된 것 같습니다.","wordCount":79},"emotion":[],"intent":[{"text":"","expression":"","category":"attitude"}],"summary":{"text":"보험 판매 일을 하면서 창의적인 방법은 없었던 것 같습니다. 상대방의 이야기를 들으면서 어떤 게 더 적합한지 대신 포기하지 않고 그에 맞는 걸 찾아서 진행했던 일이 많았습니다.","wordCount":26}}},"rawDataInfo":{"question":{"fileFormat":"wav","fileSize":463438,"duration":14480,"samplingBit":16,"channelCount":1,"samplingRate":"16kHz","audioPath":"/Mock/02.SalesMarketing/Female/Experienced/ckmk_q_sm_f_e_156956.wav"},"answer":{"fileFormat":"wav","fileSize":1600078,"duration":50000,"samplingBit":16,"channelCount":1,"samplingRate":"16kHz","audioPath":"/Mock/02.SalesMarketing/Female/Experienced/ckmk_a_sm_f_e_156956.wav"}}}