{"version":"1.0","dataSet":{"info":{"date":"20230116","occupation":"SM","channel":"MOCK","place":"ONLINE","gender":"FEMALE","ageRange":"-34","experience":"EXPERIENCED"},"question":{"raw":{"text":"귀하께서는 비투비 마케팅이 뭔지 알고 계십니까 비투비 마케팅에 대해서 보신이 본인이 아시는 대로 설명해 보세요","wordCount":15},"emotion":[],"intent":[]},"answer":{"raw":{"text":"비투비는 어 쉽게 말해서 비지니스 투 비지니스 어 와 같은 기업간의 전자 상거래라고 생각합니다. 어 예시가 있다면 예를 들어 쿠팡에다가 어 기업이 제조 회사와 같은 기업이나 어 이런 업체들이 어 물건들을 대량으로 어 납품을 한 그런 행위들이 저는 대표적인 비투비이지 않을까 싶습니다. 이상입니다.","wordCount":43},"emotion":[],"intent":[{"text":"","expression":"","category":"attitude"}],"summary":{"text":"비투비는 기업간의 전자 상거래로, 예시로 쿠팡에 기업이 제조 회사와 같은 업체들이 물건들을 대량 납품을 한 행위들을 들 수 있습니다.","wordCount":19}}},"rawDataInfo":{"question":{"fileFormat":"wav","fileSize":427278,"duration":13350,"samplingBit":16,"channelCount":1,"samplingRate":"16kHz","audioPath":"/Mock/02.SalesMarketing/Female/Experienced/ckmk_q_sm_f_e_239665.wav"},"answer":{"fileFormat":"wav","fileSize":1177038,"duration":36780,"samplingBit":16,"channelCount":1,"samplingRate":"16kHz","audioPath":"/Mock/02.SalesMarketing/Female/Experienced/ckmk_a_sm_f_e_239665.wav"}}}