{"version":"1.0","dataSet":{"info":{"date":"20230116","occupation":"SM","channel":"MOCK","place":"ONLINE","gender":"FEMALE","ageRange":"35-44","experience":"EXPERIENCED"},"question":{"raw":{"text":"평소 개인 작업을 많이 하시는 편이십니까 그렇다면 그렇게 할 수 있는 본인의 원동력은 무엇이라고 생각하십니까","wordCount":15},"emotion":[],"intent":[]},"answer":{"raw":{"text":"저는 아무래도 영업 활동을 하다 보니까 개인 작업을 많이 하는 편인 것 같습니다. 아 저의 영업 활동의 가장 큰 원동력은 목표 의식이 명확하다는 점이고요. 그리고 제 스스로 영업하는 활동을 원동력을 느끼고 그리고 제 스스로 즐거워하는 일인 것 같습니다. 어 저는 사실 영업을 할 때 어 많은 사람들이 압박감을 느낀다고 말하는데 저는 그렇지 않은 것 같습니다. 오히려 즐겁게 일을 하면서 또 실적도 좋아지는 가장 저에게 적성에 잘 맞는 일이라고 생각을 하는데요. 그만큼 제가 사람 만나는 일도 좋아하고요. 또 제가 영업 실적에 대한 부분도 목표치를 정확하게 가져가는 편입니다. 그래서 어떤 일을 할 때 목표를 달성하고 목적을 이뤘을 때 좀 성취감을 많이 느끼는 스타일인데요. 그래서 이 두 가지가 모두 결합이 된 일이 바로 영업이라고 생각을 합니다. 그렇기 때문에 저는 개인별로 사람을 만나고 또 이제 스케줄링을 소화하고 또 그를 통해서 저 개인의 그런 실적들을 쌓기 위한 노력들을 하다 보니까 아무래도 개인 작업을 많이 하게 되는 것 같습니다. 어 더 좋은 실적을 달성하고 싶은 저만의 어 그런 노력과 열정도 있고요. 그리고 사람 만나는 일을 워낙 좋아하다 보니까 자연스럽게 영업 활동이 이뤄지는 것 같습니다.","wordCount":168},"emotion":[],"intent":[{"text":"아 저의 영업 활동의 가장 큰 원동력은 목표 의식이    명확하다는 점이고요.","expression":"c_value","category":"background"},{"text":"그리고 제 스스로 영업하는 활동을 원동력을 느끼고   그리고 제 스스로 즐거워하는 일인 것 같습니다.","expression":"c_value","category":"background"}],"summary":{"text":"영업 활동의 가장 큰 원동력은 목표 의식이 명확하다는 점이고, 제 스스로 영업하는 활동을 원동력을 느끼고 즐거워하는 일인 것 같습니다. 더 좋은 실적을 달성하고 싶은 저만의 노력과 열정도 있고, 사람 만나는 일을 워낙 좋아하다 보니 자연스럽게 영업 활동이 이뤄지는 것 같아 저는 개인 작업을 많이 하게 됩니다.","wordCount":46}}},"rawDataInfo":{"question":{"fileFormat":"wav","fileSize":500878,"duration":15650,"samplingBit":16,"channelCount":1,"samplingRate":"16kHz","audioPath":"/Mock/02.SalesMarketing/Female/Experienced/ckmk_q_sm_f_e_140806.wav"},"answer":{"fileFormat":"wav","fileSize":2887118,"duration":90220,"samplingBit":16,"channelCount":1,"samplingRate":"16kHz","audioPath":"/Mock/02.SalesMarketing/Female/Experienced/ckmk_a_sm_f_e_140806.wav"}}}