{"version":"1.0","dataSet":{"info":{"date":"20230116","occupation":"SM","channel":"MOCK","place":"ONLINE","gender":"FEMALE","ageRange":"35-44","experience":"EXPERIENCED"},"question":{"raw":{"text":"지원자님께서 생각하시는 글로벌 인재에게 있어서 가장 필수적인 요소는 무엇이라고 생각되며 그리고 그러한 요소들을 위해서 면접자님께서 노력하였던 경험도 함께 말씀해 주십시오","wordCount":20},"emotion":[],"intent":[]},"answer":{"raw":{"text":"제가 하는 일에서 글로벌 인재라고 할 수 있는 게 어 어떤 게 있을지 모르겠지만 제가 이제 하는 업무에서 빗대어 보자면 외국어 능력이지 않을까요. 아무래도 이제 한국도 굉장히 외국 손님들이 많아지고 있고 그 범위가 좀 다양하다고 생각을 하는데 일단은 기본적으로는 영어를 베이스로 깔고 있어야 하지만 어 오시는 분들의 특성상 중국어 라든지 일본어를 좀 기본적으로 하면 도움이 많이 되는 것 같애요. 그래서 저도 처음에 이제 이 일을 시작할 때 그런 멘트들을 좀 많이 연습했던 것 같아요. 기본적으로 인사 멘트라던지 그리고 필요한 것들 있잖아요. 뭐 사이즈를 말하는 거 그리고 뭐 피팅룸 안내하는 것 이런 것들을 다양한 언어로 좀 많이 연습해 뒀던 것 같습니다.","wordCount":100},"emotion":[],"intent":[{"text":"","expression":"","category":"attitude"}],"summary":{"text":"제가 글로벌 인재라고 할 수 있는 게 외국어 능력이지 않을까 생각합니다. 기본적으로 영어를 기본으로 해야 하지만 어 오시는 분들의 특성상 중국어 다든지 일본어를 기본적으로 하면 도움이 많이 됩니다. 다양한 언어로 많이 연습해 뒀던 것 같습니다.","wordCount":35}}},"rawDataInfo":{"question":{"fileFormat":"wav","fileSize":674318,"duration":21070,"samplingBit":16,"channelCount":1,"samplingRate":"16kHz","audioPath":"/Mock/02.SalesMarketing/Female/Experienced/ckmk_q_sm_f_e_149524.wav"},"answer":{"fileFormat":"wav","fileSize":2031438,"duration":63480,"samplingBit":16,"channelCount":1,"samplingRate":"16kHz","audioPath":"/Mock/02.SalesMarketing/Female/Experienced/ckmk_a_sm_f_e_149524.wav"}}}