{"version":"1.0","dataSet":{"info":{"date":"20230116","occupation":"SM","channel":"MOCK","place":"ONLINE","gender":"FEMALE","ageRange":"45-54","experience":"EXPERIENCED"},"question":{"raw":{"text":"우리 회사에 들어오게 된다면 업무 스타일이 많이 기존과는 달라질 수도 있는데 지원자님께서는 이 다른 업무 스타일에 잘 적응하실 수 있으십니까","wordCount":20},"emotion":[],"intent":[]},"answer":{"raw":{"text":"저는 항상 적응을 빠르게 한다 라는 것이 저에게 가장 큰 장점으로 작용을 했는데 마찬가지로 회사 생활을 할 때도 어떤 새로운 스타일이던지 아니면 기존에 제가 했던 방식이랑 달라도 저는 항상 잘 적응하고 빠르게 습득을 했었던 것 같습니다. 그리고 기본적으로 저는 새로운 회사의 지원을 할 때 제가 기존에 일을 했었던 그러한 방향을 아예 생각하지 않고 그냥 새롭게 적응할 자세로 임하기 때문에 방식이 크게 다르다고 하더라도 저는 그거에 대해서 당황하거나 적응을 잘하지 못한다거나 하는 그런 일은 없다고 생각합니다.","wordCount":75},"emotion":[],"intent":[{"text":"","expression":"","category":"attitude"}],"summary":{"text":"회사 생활을 할 때 항상 적응을 빠르게 한다는 것이 가장 큰 장점으로 작용했고 기존에 했던 방식과 달라도 항상 잘 적응하고 빠르게 습득을 했었던 것 같습니다.","wordCount":25}}},"rawDataInfo":{"question":{"fileFormat":"wav","fileSize":391118,"duration":12220,"samplingBit":16,"channelCount":1,"samplingRate":"16kHz","audioPath":"/Mock/02.SalesMarketing/Female/Experienced/ckmk_q_sm_f_e_147882.wav"},"answer":{"fileFormat":"wav","fileSize":1466318,"duration":45820,"samplingBit":16,"channelCount":1,"samplingRate":"16kHz","audioPath":"/Mock/02.SalesMarketing/Female/Experienced/ckmk_a_sm_f_e_147882.wav"}}}