{"version":"1.0","dataSet":{"info":{"date":"20230116","occupation":"SM","channel":"MOCK","place":"ONLINE","gender":"FEMALE","ageRange":"45-54","experience":"EXPERIENCED"},"question":{"raw":{"text":"업무를 하던 도 중 스케줄에 없던 일이 생길 때가 많습니다 그런 상황이 생기게 된다면 어떤 방법으로 대처하실 건가요","wordCount":18},"emotion":[],"intent":[]},"answer":{"raw":{"text":"업무를 진행하다 보면 항상 내가 예상하지 못했던 일들이 생길 수 있는 가능성에 대해서 충분히 잘 알고 있습니다. 물론 내가 계획했던 대로 오늘 하루 일정이 계속해서 잘 진행된다 라면 너무 좋겠지만 업무를 진행하다 보면 갑자기 긴급하게 처리해야 될 일이 있을 수도 있고 때로는 외근을 나가서 내가 직접 눈으로 보면서 재고 관리를 하거나 대면 써비스를 제공해야 될 일들이 많다는 것에 대해서 잘 알고 있고 또 이해도 하고 있기 때문에 그런 부분에 대해서는 걱정하지 않으셔도 괜찮습니다.","wordCount":73},"emotion":[],"intent":[{"text":"","expression":"","category":"attitude"}],"summary":{"text":"업무 진행 중 긴급 처리나 대면 서비스 제공 등 예상치 못했던 일들이 생길 수 있지만, 저는 잘 알고 있고 이해도 하고 있기 때문에 그런 부분에 대해서는 걱정하지 않아도 됩니다.","wordCount":29}}},"rawDataInfo":{"question":{"fileFormat":"wav","fileSize":321998,"duration":10060,"samplingBit":16,"channelCount":1,"samplingRate":"16kHz","audioPath":"/Mock/02.SalesMarketing/Female/Experienced/ckmk_q_sm_f_e_230911.wav"},"answer":{"fileFormat":"wav","fileSize":1912718,"duration":59770,"samplingBit":16,"channelCount":1,"samplingRate":"16kHz","audioPath":"/Mock/02.SalesMarketing/Female/Experienced/ckmk_a_sm_f_e_230911.wav"}}}