{"version":"1.0","dataSet":{"info":{"date":"20230116","occupation":"SM","channel":"MOCK","place":"ONLINE","gender":"FEMALE","ageRange":"55-","experience":"EXPERIENCED"},"question":{"raw":{"text":"아 입사를 하신 후에 어 쉬운 일이나 어려운 일이 있을 때 그 일에 대해서 어떻게 분배를 하실 건지요 어 지원자님께서 그 쉬운 일과 어려운 일을 어떻게 나눠서 처리할 생각인지 궁금하군요","wordCount":30},"emotion":[],"intent":[]},"answer":{"raw":{"text":"입사 후 쉬운 일 어려운 일이 있을 때 이 일에 대해 분배를 어떻게 하실 건가요 라고 여쭤 보셨는데요. 아 쉬운 일과 어려운 일이 있다 하지만 쉬운 일과 어려운 일도 아 어 먼저 해야 될 일이 있고 나중에 해야 될 일이 있다 라고 저는 이제 느낌이 듭니다. 쉬운 일이라고 해서 빨리 해결을 해서 어 이 시간까지 해야 되는 일도 아닐 거고요. 어려운 일이라고 해서 어 계속 이 시간을 어 준다 라는 것은 아니라고 생각합니다. 그래서 쉬운 일과 어려운 일이 있을 때 음 먼저 해 놓아야 될 아 타임 타임 라벨이 아 타임 그 시간이 정해져 있는 시간을 저는 제일 먼저 시작을 해야 된다고 생각을 합니다. 그래서 어려운 일이라도 이 빨리 해결해야 될 일이라면 그것을 먼저 시작을 하고요. 그다음에 쉬운 일이라도 이거를 빨리 해야 될 일이라면 쉬운 일을 먼저 하고 그다음에 어려운 일을 닥치는 것도 나쁘지 않은 일이고요. 어려운 일을 먼저 하고 그다음에 쉬운 일을 하는 것도 나쁘지 않다고 생각합니다. 아 그 일에 대한 분배에 있어서 아 어떤 일은 시간을 요하는 일이 대부분이거든요. 이거는 언제까지 해 주십시오. 아니면 이것은 또 언제까지 꼭 해야 합니다. 예 그러다 보면은 아 모든 일의 순서가 하나하나 눈에 보이더라구요. 그러면은 일 번 이 일을 먼저 하고 이 번 이 일을 하고 삼 번 이 일을 하고 그다음에 그러다 보면 아 시간 분배가 저절로 되더라구요. 이렇게 해서 모든 일을 숙지하고 어 맞추는 것이 아 이 직원된 도리라고 생각합니다.","wordCount":220},"emotion":[],"intent":[{"text":"","expression":"","category":"attitude"}],"summary":{"text":"쉬운 일과 어려운 일이 있을 때 먼저 해 놓아야 될 타임 타임 라벨이 있는 시간을 제일 먼저 시작을 해야 한다고 생각합니다. 어려운 일이라도 빨리 해결해야 될 일이라면 그것을 먼저 시작을 하고 어려운 일을 먼저 하고 쉬운 일을 하는 것도 나쁘지 않습니다. 그 일에 대한 분배에 있어서 어떤 일은 시간을 요하는 일이 대부분이기 때문에 언제까지 해 주십시오 또는 언제까지 꼭 해야 합니다.","wordCount":61}}},"rawDataInfo":{"question":{"fileFormat":"wav","fileSize":578638,"duration":18080,"samplingBit":16,"channelCount":1,"samplingRate":"16kHz","audioPath":"/Mock/02.SalesMarketing/Female/Experienced/ckmk_q_sm_f_e_240211.wav"},"answer":{"fileFormat":"wav","fileSize":3792078,"duration":118500,"samplingBit":16,"channelCount":1,"samplingRate":"16kHz","audioPath":"/Mock/02.SalesMarketing/Female/Experienced/ckmk_a_sm_f_e_240211.wav"}}}