{"version":"1.0","dataSet":{"info":{"date":"20230116","occupation":"SM","channel":"MOCK","place":"ONLINE","gender":"FEMALE","ageRange":"35-44","experience":"EXPERIENCED"},"question":{"raw":{"text":"면접자님이 생각하는 회사 내에서 영업 직무의 가치에 관해 말씀해 주시겠어요","wordCount":10},"emotion":[],"intent":[]},"answer":{"raw":{"text":"네 저는 영업을 할 때 기본적으로 제가 원하는 것보다 상대 소비자가 무엇을 원하는지 생각을 하는 편입니다. 그래서 존중과 배려라는 표현을 쓰고 싶은데요. 영업은 기본적으로 우리 회사의 가치 나의 제품 서비스를 어 상대방에게 잘 알리는 게 중요하다고 생각을 합니다. 그러기 때문에 영업에 있어서는 기본적으로 상대의 마음을 읽고 또 상대가 무엇을 원하는지 어 미리 사전에 체크해서 대응하는 게 굉장히 중요하다고 생각이 드는데요. 저는 기본적으로 영업 업무를 할 때 상대방에 굉장히 귀를 기울이는 편입니다. 그렇게 상대방의 말에 귀를 기울이고 상대방이 원하는 측면에서 접근을 하다 보면 항상 영업이 잘 되는 경우가 많았는데요. 그래서 영업의 직무 가치라고 하면 상대에 대한 존중과 배려가 기본적으로 들어가야 될 것 같습니다. 저는 앞으로도 영업을 하면서 많은 것들을 배우고 성장해 나가고 싶고요. 이러한 직무 가치가 더 앞으로 발전될 수 있도록 최선을 다하도록 하겠습니다.","wordCount":123},"emotion":[],"intent":[{"text":"","expression":"","category":"attitude"}],"summary":{"text":"영업의 직무 가치에는 상대에 대한 존중과 배려가 기본적으로 들어가야 될 것 같습니다. 앞으로도 영업을 하면서 많은 것들을 배우고 성장해 나가고 싶고요. 이러한 직무 가치가 더 앞으로 발전될 수 있도록 최선을 다하도록 하겠습니다.","wordCount":32}}},"rawDataInfo":{"question":{"fileFormat":"wav","fileSize":235598,"duration":7360,"samplingBit":16,"channelCount":1,"samplingRate":"16kHz","audioPath":"/Mock/02.SalesMarketing/Female/Experienced/ckmk_q_sm_f_e_107698.wav"},"answer":{"fileFormat":"wav","fileSize":2442318,"duration":76320,"samplingBit":16,"channelCount":1,"samplingRate":"16kHz","audioPath":"/Mock/02.SalesMarketing/Female/Experienced/ckmk_a_sm_f_e_107698.wav"}}}