{"version":"1.0","dataSet":{"info":{"date":"20230116","occupation":"SM","channel":"MOCK","place":"ONLINE","gender":"FEMALE","ageRange":"45-54","experience":"EXPERIENCED"},"question":{"raw":{"text":"만약에 지원자님께서 속해 있는 부서와 다른 부서와 갈등 상황이 직면하였을 때 이 상황을 어떻게 해결하실 예정이신지 그 상황을 하나 선 가정하고 예를 들어 말해 주시겠어요","wordCount":25},"emotion":[],"intent":[]},"answer":{"raw":{"text":"업무를 진행하다 보면 다른 부서와 갈등 상황이 생길 수 밖에 없습니다. 예를 들면 저는 과거에 아로바이트를 진행을 했었는데요. 당시에 제가 담당했었던 일은 외근을 나가서 직접 병원에 방문을 하고 거래장을 전달하는 근무였습니다. 그런데 어느 날 제 담당 병원에서 다른 자료를 급박하게 요청을 했었고 저는 그 업무를 사무실에 있는 다른 부서원에게 부탁을 했었습니다. 그런데 그 부서원이 잘못된 자료를 전송해서 한 번 큰 갈등이 있었습니다. 제가 담당했던 부서와 상대 부서와 서로 파트장님들이 싸우기 시작했었습니다. 잘잘못을 가리는 것은 아니었지만 조직 내에 갈등 상황이 발생했었고 저는 그 부분에 대해서 명확하게 사과를 하고 한 번 회포를 푸는 형식으로 문제를 해결했었습니다.","wordCount":94},"emotion":[],"intent":[{"text":"잘잘못을 가리는 것은 아니었지만 조직 내에 갈등 상황이 발생했었고 저는 그 부분에 대해서 명확하게 사과를 하고 한 번 회포를 푸는 형식으로 문제를 해결했었습니다.","expression":"c_confl_mg","category":"personality"}],"summary":{"text":"업무 진행 중 다른 부서와 갈등이 생기면 아르바이트를 진행했던 적이 있습니다. 어느 날 제 담당 병원에서 다른 자료를 급하게 요청을 했는데 다른 부서원이 잘못된 자료를 전송해서 갈등이 생겼습니다. 그 부분에 대해서 명확하게 사과를 하고 한 번 회포를 풀도록 했습니다.","wordCount":39}}},"rawDataInfo":{"question":{"fileFormat":"wav","fileSize":617038,"duration":19280,"samplingBit":16,"channelCount":1,"samplingRate":"16kHz","audioPath":"/Mock/02.SalesMarketing/Female/Experienced/ckmk_q_sm_f_e_230912.wav"},"answer":{"fileFormat":"wav","fileSize":2786638,"duration":87080,"samplingBit":16,"channelCount":1,"samplingRate":"16kHz","audioPath":"/Mock/02.SalesMarketing/Female/Experienced/ckmk_a_sm_f_e_230912.wav"}}}