{"version":"1.0","dataSet":{"info":{"date":"20230116","occupation":"SM","channel":"MOCK","place":"ONLINE","gender":"FEMALE","ageRange":"-34","experience":"EXPERIENCED"},"question":{"raw":{"text":"지원자님의 단점과 장점을 본인의 생각이 아닌 평소 주변 사람들이 생각하는 모습을 말씀해 주시기 바랍니다","wordCount":14},"emotion":[],"intent":[]},"answer":{"raw":{"text":"네 다른 사람이 봤을 때 저의 단점이라고 하는 건 열정 부자다 라는 측면이 있을 것 같습니다. 어 저를 봤을 때 열정이 많이 넘치고 또 텐션이 높다 이런 이야기를 자주 듣는데요. 그게 좋은 의미도 있을 수 있지만 또 단점으로 보는 분들도 계신 것 같습니다. 약간 루즈하거나 뭐 평온한 걸 좋아하는데 저의 텐션이 너무 높거나 열정이 많다 라고 하면 부담스러울 수 있을 것 같구요. 그리고 업무를 하면서 만약에 사람들이 다양한데 제가 열정을 가지고 있고 상대방은 그렇지 않은데 저만 돋보인다고 생각할 수도 있을 것 같습니다. 이렇게 저의 성격이지만 보는 사람에 따라서 그게 단점으로 볼 수 있다고 생각을 하는데요. 하지만 그렇기 위해서 어 저는 다른 사람과 어느 정도 조율을 하려고 합니다. 그리고 저는 사실 저에 이런 열정이 많은 성격이 굉장히 좋은데요. 왜냐면 일을 할 때도 굉장히 열정적이고 최선을 다해서 매사에 진행을 하기 때문입니다. 하지만 결국에는 회사 생활은 또 동료들과 그 상호작용과 분위기도 중요하기 때문에 만약에 그런 분위기가 아니라고 하면 저도 그 상황에 맞춰서 제 성격을 약간 유연하게 변화 시키도록 하겠습니다. 이런 점들을 보완해서 잘 생활을 하겠습니다.","wordCount":162},"emotion":[],"intent":[{"text":"어 저를 봤을 때 열정이 많이 넘치고 또 텐션이 높다   이런 이야기를 자주 듣는데요.","expression":"c_person","category":"background"},{"text":"그리고 저는 사실   저에 이런 열정이 많은 성격이 굉장히 좋은데요.","expression":"c_person","category":"background"}],"summary":{"text":"다른 사람이 봤을 때 열정이 많다고 하면 부담스러울 수 있고 업무를 하면서 다양한데 저만 돋보인다고 생각할 수도 있을 것 같습니다. 그래서 저는 다른 사람과 어느 정도 조율을 하려고 합니다. 하지만 결국에는 회사 생활은 또 동료들과의 상호작용과 분위기도 중요하기 때문에 상황에 맞춰서 성격을 약간 유연하게 변화 시키도록 하겠습니다.","wordCount":47}}},"rawDataInfo":{"question":{"fileFormat":"wav","fileSize":446158,"duration":13940,"samplingBit":16,"channelCount":1,"samplingRate":"16kHz","audioPath":"/Mock/02.SalesMarketing/Female/Experienced/ckmk_q_sm_f_e_113413.wav"},"answer":{"fileFormat":"wav","fileSize":2750798,"duration":85960,"samplingBit":16,"channelCount":1,"samplingRate":"16kHz","audioPath":"/Mock/02.SalesMarketing/Female/Experienced/ckmk_a_sm_f_e_113413.wav"}}}