{"version":"1.0","dataSet":{"info":{"date":"20230116","occupation":"SM","channel":"MOCK","place":"ONLINE","gender":"FEMALE","ageRange":"-34","experience":"EXPERIENCED"},"question":{"raw":{"text":"이제까지 살면서 가장 후회되는 일이 있다면 어떤 일이었나요 한 가지를 골라서 말씀해 주세요","wordCount":13},"emotion":[],"intent":[]},"answer":{"raw":{"text":"저는 복수 전공을 하지 못한 것이 가장 후회되는 선택이라고 말하고 싶습니다. 어 복수 전공 같은 경우에는 대학생 때만 경험할 수 있는 일이면서 어 한 대학에서 여러 가지를 조금 더 많이 배울 수 있는 그런 좋은 선택지라고 생각합니다. 그러나 저는 당시의 여러 대회 활동과 그리고 당시 한 언론사의 객원 취재부로 객원 취재부의 영화 리뷰어로 근무 중인 상황이어서 어 복수 전공을 하는 것이 조금 어려움이 있을 거라고 생각하여서 당시 지원하지 않았던 기억이 있습니다. 그 부분에 있어서 조금 후회되는 선택이라고 말씀드리고 싶습니다. 다음에 기회가 생긴다면 다음 생에 아마 기회가 생긴다면 어 복수 전공을 꼭 한번 해보고 싶습니다.","wordCount":94},"emotion":[],"intent":[{"text":"","expression":"","category":"attitude"}],"summary":{"text":"복수 전공은 대학생 때만 경험할 수 있는 일이면서 한 대학에서 여러 가지를 조금 더 많이 배울 수 있는 좋은 선택지이지만, 저는 복수 전공을 하지 못한 것이 가장 후회되는 선택이라고 말하고 싶습니다.","wordCount":31}}},"rawDataInfo":{"question":{"fileFormat":"wav","fileSize":282318,"duration":8820,"samplingBit":16,"channelCount":1,"samplingRate":"16kHz","audioPath":"/Mock/02.SalesMarketing/Female/Experienced/ckmk_q_sm_f_e_209957.wav"},"answer":{"fileFormat":"wav","fileSize":1519438,"duration":47480,"samplingBit":16,"channelCount":1,"samplingRate":"16kHz","audioPath":"/Mock/02.SalesMarketing/Female/Experienced/ckmk_a_sm_f_e_209957.wav"}}}