{"version":"1.0","dataSet":{"info":{"date":"20230116","occupation":"SM","channel":"MOCK","place":"ONLINE","gender":"FEMALE","ageRange":"55-","experience":"EXPERIENCED"},"question":{"raw":{"text":"지원자님은 과거 프로젝트를 수행했던 경험이 있으십니까 그런 경험이 있다면 프로젝트 내에서 어떤 역할을 맡으셨습니까","wordCount":14},"emotion":[],"intent":[]},"answer":{"raw":{"text":"예 과거 프로젝트를 수행했던 경험이 있는지 물으셨는데요. 아 저는 과거 프로젝트 대개 대형 프로젝트를 한 번 기획을 한 적이 있습니다. 사실 지금도 우리나라가 통일은 되지 않았지만 제가 이십 한 오 년 이십 칠 년 전에는 우리나라가 통일이 된다는 가정 하에 우리나라에서부터 시작하는 철도 여행의 프로젝트를 담당했던 적이 있습니다. 아 이십 이십 칠 년 정도가 지났는데도 이 통일이 안 됐다는 건 한편으로 이게 잘 된 일인지 안 된 일인지 에 고민을 하게 하는데요. 사실 그때는 통일이 조금 있으면 될 거라고 생각을 했던 것 같습니다. 하지만 이 이 이천 이십 이 년에 와도 이렇게 통일이 안 된 걸 보면 참 안타깝기도 하는데요. 서울에서 출발을 해서 북한을 거쳐서 중국으로 들어가서 중국을 중국 대륙을 지나서 어 그다음에 러시아 러시아를 또 관통을 해서 북유럽을 지나 북유럽을 지나서 서유럽 그다음에 남부 유럽까지 오는 그러한 프로젝트를 그때 계획을 했었거든요. 그때 프로젝트 내에서 제가 아 조장 조장 팀장겸 조장이었습니다. 아 윗분이 이제 사장님이 계셨고 회장님이 계셨고 사장님이 계셨고 저위에 부장님이 계셨고 제가 담당하는 이제 과장이었는데요. 거기에서 이렇게 실무를 맡는 아 조장 역할을 맡았었습니다. 제가 유레일 패스 를 담당하면서 아 그런 역할을 맡았는데요. 그게 그때는 아 그렇게 멀지 않은 일이라고 생각을 했는데 지금까지 안 된 거 보면 아쉽네요.","wordCount":189},"emotion":[{"text":"아 저는 과거 프로젝트 대개 대형 프로젝트를 한 번 기획을 한 적이 있습니다.","expression":"u-fact","category":"neutral"}],"intent":[{"text":"","expression":"","category":"attitude"}],"summary":{"text":"저는 통일 가정 하에 철도 여행 프로젝트를 담당했던 적이 있습니다. 통일이 조금 있으면 될 것 같았는데 이천 년 동안 통일이 안 된 걸 보니 참 아쉽습니다. 제가 조장 조장 역할을 맡았었는데 지금까지 안 된 거 보면 아쉽네요.","wordCount":37}}},"rawDataInfo":{"question":{"fileFormat":"wav","fileSize":387278,"duration":12100,"samplingBit":16,"channelCount":1,"samplingRate":"16kHz","audioPath":"/Mock/02.SalesMarketing/Female/Experienced/ckmk_q_sm_f_e_242083.wav"},"answer":{"fileFormat":"wav","fileSize":3837838,"duration":119930,"samplingBit":16,"channelCount":1,"samplingRate":"16kHz","audioPath":"/Mock/02.SalesMarketing/Female/Experienced/ckmk_a_sm_f_e_242083.wav"}}}