{"version":"1.0","dataSet":{"info":{"date":"20230116","occupation":"SM","channel":"MOCK","place":"ONLINE","gender":"FEMALE","ageRange":"-34","experience":"EXPERIENCED"},"question":{"raw":{"text":"지원자님 영업이란 단어에 대해서 들어보셨죠 그러면 마케팅의 단어에서도 또 들어보셨죠 영업과 마케팅 비슷한 거 같지만 차이점이 있습니다 그 차이는 무엇인가요","wordCount":20},"emotion":[],"intent":[]},"answer":{"raw":{"text":"네 제가 알고 있는 영업과 마케팅의 차이에 대해서 설명해 드리도록 하겠습니다. 저는 기본적으로 영업은 조금 더 작은 의미의 개념이라고 생각을 하는데요. 영업은 어떤 제품이나 서비스를 판매하고 또 사람들을 만나서 어 설득하는 그런 과정들인 것 같습니다. 어 다만 마케팅은 조금 더 포괄적인 개념 이라고 생각을 하는데요. 마케팅은 큰 그림에서 어떤 전략을 짜고 또 프로세스를 만들어서 사람들에게 홍보하는 방식과 전략이라고 생각이 듭니다. 하지만 최근에는 이 영업과 마케팅의 구분과 차이가 좀 모호해 지고 있습니다. 왜냐하면 그만큼 소비자들의 니즈가 다양해졌고 또 소비자들이 다양한 방식으로 변화하면서 거기에 맞춰서 흐름을 변경을 하게 되는데요. 앞으로는 영업과 마케팅을 어 적절하게 조합시키면서도 그리고 그 소비자들에게 어 많이 홍보될 수 있는 방안들을 마련하는 게 중요하다고 생각이 됩니다. 따라서 저는 앞으로 다양한 영업과 마케팅 전략을 가지고 소비자들 에게 접근을 해서 업무의 효율성을 나타낼 수 있도록 하겠습니다.","wordCount":125},"emotion":[],"intent":[{"text":"","expression":"","category":"attitude"}],"summary":{"text":"마케팅은 큰 그림에서 어떤 전략을 짜고 또 프로세스를 만들어서 사람들에게 홍보하는 방식과 전략입니다. 최근에는 소비자들의 니즈가 다양해졌고 또 소비자들의 다양한 방식으로 변화하면서 거기에 맞춰서 흐름에 변경을 하게 되었습니다. 앞으로는 다양한 영업과 마케팅 전략을 가지고 소비자들에게 접근을 해서 업무의 효율성을 나타낼 수 있도록 하겠습니다.","wordCount":43}}},"rawDataInfo":{"question":{"fileFormat":"wav","fileSize":612238,"duration":19130,"samplingBit":16,"channelCount":1,"samplingRate":"16kHz","audioPath":"/Mock/02.SalesMarketing/Female/Experienced/ckmk_q_sm_f_e_107590.wav"},"answer":{"fileFormat":"wav","fileSize":2559438,"duration":79980,"samplingBit":16,"channelCount":1,"samplingRate":"16kHz","audioPath":"/Mock/02.SalesMarketing/Female/Experienced/ckmk_a_sm_f_e_107590.wav"}}}