{"version":"1.0","dataSet":{"info":{"date":"20230116","occupation":"SM","channel":"MOCK","place":"ONLINE","gender":"FEMALE","ageRange":"35-44","experience":"EXPERIENCED"},"question":{"raw":{"text":"업무 중에 없던 스케줄이 생길 때가 있습니다 이런 상황이 생긴다면 어떻게 대처를 하시겠습니까","wordCount":13},"emotion":[],"intent":[]},"answer":{"raw":{"text":"네 영업 업무를 하다 보면 정말 어 스케줄이 불규칙할 때가 많을 거 같습니다. 그리고 제가 스케줄을 일정하게 구분을 해 놔도 중간중간 돌발 상황이 발생을 한다거나 아니면 갑자기 뭐 필요로 하는 고객님에게 가야 되는 경우도 많습니다. 어 저는 사실 업무 스케줄을 좀 유연하게 구분을 하는 편이구요. 일단 기본적으로 필수적으로 해야 되는 무조건 중요한 일들을 우선적으로 배치를 합니다. 그리고 그 일을 우선적으로 처리를 하구요. 그리고 나머지 시간에는 조금 유연하게 좀 여유 있게 스케줄을 짜는 편입니다. 왜냐하면 상황이 유동적이고 또 여러 가지 영업 업무에 있어서 어 제가 없던 스케줄 그리고 갑자기 불가피한 스케줄이 생길 수 있기 때문에 이런 상황에 대비할 수 있게끔 시간을 좀 여유롭게 마련해 두는 게 중요하다고 생각이 듭니다. 그런데 제가 시간을 여유롭게 배치를 한다고 하더라도 또 돌발 상황이 발생할 수가 있습니다. 그럴 때일수록 또 저 혼자 뿐만이 아니라 같이 일하는 팀원들의 역할이 중요하다고 생각을 합니다. 서로 급할 때는 좀 도와줄 수 있고 또 제가 외부에 있을 때 업무적으로 지원해 줄 수 있도록 서로 협의를 해 나가서 그 시간을 효율적으로 활용할 수 있도록 하겠습니다.","wordCount":163},"emotion":[],"intent":[{"text":"","expression":"","category":"attitude"}],"summary":{"text":"영업 업무를 하다 보면 스케줄이 불규칙한 때가 많은데, 저는 업무 스케쥴을 좀 유연하게 구분하는 편입니다. 기본적으로 중요한 일들을 우선 배치하고 그 일을 우선 처리하며 나머지 시간은 좀 여유 있게 스케줄을 짜는 편인데 돌발 상황이 발생할 수 있습니다. 그럴 때에는 같이 일하는 팀원들의 역할이 중요하다고 생각합니다.","wordCount":45}}},"rawDataInfo":{"question":{"fileFormat":"wav","fileSize":350798,"duration":10960,"samplingBit":16,"channelCount":1,"samplingRate":"16kHz","audioPath":"/Mock/02.SalesMarketing/Female/Experienced/ckmk_q_sm_f_e_113618.wav"},"answer":{"fileFormat":"wav","fileSize":2650318,"duration":82820,"samplingBit":16,"channelCount":1,"samplingRate":"16kHz","audioPath":"/Mock/02.SalesMarketing/Female/Experienced/ckmk_a_sm_f_e_113618.wav"}}}