{"version":"1.0","dataSet":{"info":{"date":"20230116","occupation":"SM","channel":"MOCK","place":"ONLINE","gender":"FEMALE","ageRange":"-34","experience":"EXPERIENCED"},"question":{"raw":{"text":"주변의 친구들이 많이 있잖아요 그러면 그 친구 중에 한 명을 골라서 구체적이고 상세하게 칭찬해 주세요","wordCount":15},"emotion":[],"intent":[]},"answer":{"raw":{"text":"네 제 친구 중에서 굉장히 인제 배려심이 많기로 어 친구들에게 인정을 받는 친구가 있습니다. 이 친구의 경우에는 일단 상대방에 배려를 해서 어 언어나 단어를 선택을 하곤 하는데요. 그래서 이 친구가 어떤 타인과 다른 사람과 불화를 일으키거나 또 그거에 대해서 문제를 일으킨 적이 전혀 없는 것 같습니다. 어 정말 말을 참 예쁘게 하기도 하구요. 좀 지혜가 깊다 라고 생각할 정도로 단순히 지금의 이야기만 하는 게 아니고 쪼끔 앞을 멀리 내다보면서 어 상대방을 배려하는 그런 말투를 하는 친구인 것 같습니다. 그리고 이 친구는 이제 말 뿐만이 아니라 여러 가지 행동이 있어서도 이제 본인보다는 타인을 배려해주고 이런 아주 마음이 깊은 친구인데요. 어 이런 친구를 제가 옆에서 두어서 행복하다는 생각이 들구요. 저도 타인을 위해서 좀 배려를 많이 해야겠다 라는 마음이 들 정도로 그 친구를 보고 있으면 굉장히 따뜻해지는 거 같습니다. 어 사실 이런 친구를 만나는 게 쉽지 않기 때문에 어 저도 더욱더 소중하게 생각을 하구요. 그리고 앞으로 우리도 회사 업무 내에서도 어 친구끼리는 아니지만 어 상호 존중할 수 있는 문화가 필요하다고 생각을 합니다.","wordCount":159},"emotion":[{"text":"좀 지혜가 깊다 라고 생각할 정도로 단순히 지금의 이야기만   하는 게 아니고 쪼끔 앞을 멀리 내다보면서 어 상대방을 배려하는 그런   말투를 하는 친구인 것 같습니다.","expression":"p-affection","category":"positive"},{"text":"그리고 이 친구는 이제 말 뿐만이 아니라 여러 가지 행동이 있어서도   이제 본인보다는 타인을 배려해주고 이런 아주 마음이 깊은 친구인데요.","expression":"p-affection","category":"positive"},{"text":"어 이런 친구를 제가 옆에서 두어서 행복하다는 생각이 들구요.","expression":"p-happiness","category":"positive"},{"text":"저도 타인을   위해서 좀 배려를 많이 해야겠다 라는 마음이 들 정도로 그 친구를 보고 있으면 굉장히   따뜻해지는 거 같습니다.","expression":"p-affection","category":"positive"},{"text":"그리고 앞으로 우리도     회사 업무 내에서도 어 친구끼리는 아니지만 어 상호 존중할 수 있는 문화가 필요하다고   생각을 합니다.","expression":"u-belief","category":"neutral"}],"intent":[{"text":"","expression":"","category":"attitude"}],"summary":{"text":"배려심이 많은 친구가 있습니다. 그는 상대방의 언어나 단어를 배려해서 선택을 하곤 하는데 불화나 문제를 일으킨 적이 없습니다. 또 지혜가 깊다고 생각할 정도로 상대방을 배려하는 말투를 하는 친구입니다. 배려심이 깊은 친구를 보고 있으면 굉장히 따뜻해지는 거 같습니다. 친구끼리는 아니지만 어 상호 존중할 수 있는 문화가 필요하다고 생각합니다.","wordCount":46}}},"rawDataInfo":{"question":{"fileFormat":"wav","fileSize":483278,"duration":15100,"samplingBit":16,"channelCount":1,"samplingRate":"16kHz","audioPath":"/Mock/02.SalesMarketing/Female/Experienced/ckmk_q_sm_f_e_142128.wav"},"answer":{"fileFormat":"wav","fileSize":2830158,"duration":88440,"samplingBit":16,"channelCount":1,"samplingRate":"16kHz","audioPath":"/Mock/02.SalesMarketing/Female/Experienced/ckmk_a_sm_f_e_142128.wav"}}}