{"version":"1.0","dataSet":{"info":{"date":"20230116","occupation":"SM","channel":"MOCK","place":"ONLINE","gender":"FEMALE","ageRange":"45-54","experience":"EXPERIENCED"},"question":{"raw":{"text":"지원자님이 지금까지 살아오시면서 가장 힘들었던 경험은 무엇이었나요 또한 그것을 어떻게 극복하셨는지도 함께 답변 부탁드립니다","wordCount":14},"emotion":[],"intent":[]},"answer":{"raw":{"text":"살아 오면서 가장 힘들었던 경험은 바로 어 사랑하는 사람과의 이별이 아닌가 싶습니다. 이별이라는게 뭐 이 모두들 헤 만남이 있으면 헤어짐이 있다 라고 어 머릿속으로는 알고 있지만 실제로 닥치면 그 부분이 이해하기가 쉽지가 않더라구요. 몰려드는 시는 슬픔 또 행복했던 기억들 이런 것들도 모두 다 그 아픔으로 다가와서 한동안 굉장히 힘들었었습니다. 어 극복이라기보다는 시간이 조금 해결해 준 것 같습니다. 시간이 지나고 또 제가 좀 다른 관심사들을 가지려고 노력을 하려고 하다 보니까 저절로 조금 그 힘들었던 기억들이 조금 쉬워지지 않았나 그러면서 시간이 해결 못할 건 없구나 또 그 종교를 믿지는 않지만 사 인간이 극복해 내지 못할 고통은 없구나 라는 생각을 했습니다.","wordCount":98},"emotion":[],"intent":[{"text":"","expression":"","category":"attitude"}],"summary":{"text":"사랑하는 사람과의 이별은 오랫동안 힘들었지만 시간이 해결해 준 것 같습니다. 다른 관심사를 가지려고 노력하니 그 기억들이 쉬워졌고, 시간이 해결 못할 건 없고, 인간은 극복하지 못할 고통은 없다는 생각을 했습니다.","wordCount":29}}},"rawDataInfo":{"question":{"fileFormat":"wav","fileSize":570958,"duration":17840,"samplingBit":16,"channelCount":1,"samplingRate":"16kHz","audioPath":"/Mock/02.SalesMarketing/Female/Experienced/ckmk_q_sm_f_e_191892.wav"},"answer":{"fileFormat":"wav","fileSize":1931598,"duration":60360,"samplingBit":16,"channelCount":1,"samplingRate":"16kHz","audioPath":"/Mock/02.SalesMarketing/Female/Experienced/ckmk_a_sm_f_e_191892.wav"}}}