{"version":"1.0","dataSet":{"info":{"date":"20230116","occupation":"SM","channel":"MOCK","place":"ONLINE","gender":"FEMALE","ageRange":"55-","experience":"EXPERIENCED"},"question":{"raw":{"text":"태어나서 지금까지 했던 일들 중에 가장 후회하는 일이 있다면 무엇인가요 한 가지만 골라서 구체적으로 말씀해 주실 수 있을까요","wordCount":18},"emotion":[],"intent":[]},"answer":{"raw":{"text":"태어나서 지금까지 한 일들 가운데 가장 후회했던 일이 무엇인가요 라고 여쭤보셨는데 아 저는 제가 태어나서 지금까지 한 일들 중에서 저의 아버님한테 저를 다른 곳으로 이동해 달라고 부탁한 것이 가장 후회했던 일입니다. 그 후회했던 그 이유는 저희 아버님께서 아 저희를 어 어느 지역에서 어느 지역으로 데려가 주면서 아 몸이 안 좋으셨는지 뇌출혈로 쓰러지셨어요. 뇌출혈로 쓰러지시고 그대로 돌아가셨습니다. 제가 그날 아버님한테 그 부탁을 드리지 않았더라면 아 그런 후회를 제가 많이 합니다. 지금까지도 아버님이 돌아가신 지 이십 한 사 년이 지났지만 이십 삼 년에서 지금 사 년이 지났지만 매일매일 생각하는 게 아 제가 그날 아버지를 아버지에게 부탁을 하지 않았더라면 아버지가 조금 더 오래 사실 수 있지 않았을까 아버지가 좀 더 건강하게 저희 곁에 있지 않았을까 하는 후회를 가장 많이 합니다. 그날 아 저도 제가 쪼끔 더 욕심을 내서 아니면 제가 쪼끔 더 운전에 능숙해서 제가 차를 가지고 운전을 했다면 크게 문제가 되지 않았을 텐데 저도 운전이 미숙해서 아버지한테 운전을 대신 해 달라는 거였어요. 아버지가 돌아가신 후 아 저는 남한테 이제 그런 부탁을 하지 않습니다. 제가 되도록이면 제가 솔선수범을 하고 제가 맡은 일은 제가 해결하려고 아 부단히 노력하는 성격으로 어 바뀌었습니다.","wordCount":177},"emotion":[{"text":"그 후회했던 그 이유는 저희 아버님께서 아 저희를 어 어느 지역에서 어느 지역으로 데려가 주면서 아 몸이 안 좋으셨는지 뇌출혈로 쓰러지셨어요.","expression":"u-fact","category":"neutral"}],"intent":[{"text":"제가 되도록이면 제가 솔선수범을 하고 제가 맡은 일은 제가 해결하려고 아 부단히 노력하는 성격으로 어 바뀌었습니다.","expression":"c_person","category":"background"}],"summary":{"text":"저는 제가 태어나서 지금까지 한 일들 가운데 아버님에게 나를 다른 곳으로 이동해 달라고 부탁한 것이 가장 후회했던 일입니다. 그 이유는 아버님께서 저희를 어느 지역에서 어느 지역으로 데려가 주면서 몸이 안 좋으셔서 뇌출혈로 쓰러지셨는데 제가 그날 아버님에게 그 부탁을 드리지 않았다면 제가 좀 더 건강하게 우리 곁에 있었을텐데 하는 후회를 많이 합니다.","wordCount":51}}},"rawDataInfo":{"question":{"fileFormat":"wav","fileSize":603598,"duration":18860,"samplingBit":16,"channelCount":1,"samplingRate":"16kHz","audioPath":"/Mock/02.SalesMarketing/Female/Experienced/ckmk_q_sm_f_e_240241.wav"},"answer":{"fileFormat":"wav","fileSize":3829198,"duration":119660,"samplingBit":16,"channelCount":1,"samplingRate":"16kHz","audioPath":"/Mock/02.SalesMarketing/Female/Experienced/ckmk_a_sm_f_e_240241.wav"}}}