{"version":"1.0","dataSet":{"info":{"date":"20230116","occupation":"SM","channel":"MOCK","place":"ONLINE","gender":"FEMALE","ageRange":"35-44","experience":"EXPERIENCED"},"question":{"raw":{"text":"지원자분께서 인생을 살아가면서 무엇인가 하나에 푹 빠져서 몰두해 보셨던 경험이 있으시다고 한다면 그게 무엇인지 궁금하고 그것에 대해서 보다 자세히 설명해 주세요","wordCount":21},"emotion":[],"intent":[]},"answer":{"raw":{"text":"어 제가 성인이 되면서 어 커피를 굉장히 좋아하게 됐었는데 이십 대 초반에는 되게 그 커피 특유의 쓴맛이 너무 저한테는 이렇게 낯설게 다가와서 사실은 잘 먹지 않았다가 어 우연한 기회에 되게 피곤했을 때 한 번 차가운 아메리카노로 마시고 커피 맛에 좀 눈을 떴던 적이 있었는데 그 뒤로 뭔가 맛있는 커피를 찾아다니는 거를 되게 열심히 했었어요. 근데 그렇게 맛있는 커피를 찾다 보니까 카페에서 일을 하고 싶다는 생각이 들어서 카페에서 아르바이트를 굉장히 오래 했었구요. 아르바이트를 통해서 이제 커피를 배우다 보니까 더 그 원두 자체에 대한 궁금증이 굉장히 많이 생겨서 로스팅도 배우고 어 실제로 제가 그 여행을 그쪽으로 많이 갔다 왔었어요. 그래서 실제로 그 커피 콩을 재배하는 그 농장에도 진짜로 가보고. 그래서 지금도 되게 어 사실은 거의 전문가 수준처럼 제가 그 분야를 잘 알고 있는데도 취미로 되게 좋아하는 활동으로 남겨 놓고 있거든요. 그래서 여전히 집에도 그 커피를 내릴 수 있는 다양한 도구들이 마련이 돼 있고 원두도 굉장히 많은 종류의 원두를 어 맛을 보면서 커피를 즐기고 있습니다.","wordCount":152},"emotion":[{"text":"근데 그렇게 맛있는 커피를 찾다 보니까   카페에서 일을 하고 싶다는 생각이 들어서 카페에서 아르바이트를 굉장히 오래 했었구요.","expression":"p-interest","category":"positive"},{"text":"그래서 여전히 집에도   그 커피를 내릴 수 있는 다양한 도구들이 마련이 돼 있고 원두도 굉장히 많은 종류의 원두를 어 맛을 보면서   커피를 즐기고 있습니다.","expression":"p-interest","category":"positive"}],"intent":[{"text":"","expression":"","category":"attitude"}],"summary":{"text":"20대 초반에는 아메리카노를 마시고 커피 맛에 눈을 떴을 때부터 맛있는 커피에 관심을 가졌습니다. 이후 카페 알바를 오래 하고 원두에 대해 관심이 생겨서 로스팅도 배우고 실제로 커피 콩을 재배하는 농장도 많이 갔다왔습니다. 지금은 취미로 다양한 커피 도구를 가지고 있고 원두의 다양한 맛을 보면서 커피를 즐기고 있습니다.","wordCount":45}}},"rawDataInfo":{"question":{"fileFormat":"wav","fileSize":578638,"duration":18080,"samplingBit":16,"channelCount":1,"samplingRate":"16kHz","audioPath":"/Mock/02.SalesMarketing/Female/Experienced/ckmk_q_sm_f_e_165927.wav"},"answer":{"fileFormat":"wav","fileSize":2834638,"duration":88580,"samplingBit":16,"channelCount":1,"samplingRate":"16kHz","audioPath":"/Mock/02.SalesMarketing/Female/Experienced/ckmk_a_sm_f_e_165927.wav"}}}