{"version":"1.0","dataSet":{"info":{"date":"20230116","occupation":"SM","channel":"MOCK","place":"ONLINE","gender":"FEMALE","ageRange":"55-","experience":"EXPERIENCED"},"question":{"raw":{"text":"일을 하면서 가장 어려울 것으로 예상되는 것은 무엇인가요 또한 그 어려운 예상 문제를 어떻게 대처하실 건지도 말씀 부탁드립니다","wordCount":18},"emotion":[],"intent":[]},"answer":{"raw":{"text":"업무를 하다 보면 분명히 어려운 부분이 있을 것입니다. 저는 그 중에서 한국 지사와 본사 사이에 진행하는 커뮤니케이션이 가장 어려운 부분일 것이다. 라고 생각하는데요. 그 이유는 제가 알기로 본사가 미국에 있기 때문에 커뮤니케이션을 하는 데에도 시차가 조금은 다를 것이고 또한 이메일로 계속해서 연락을 취한다고 하더라도 즉각적인 반응은 아니기 때문에 그 과정에서 트러블이 있을 것이라 생각합니다. 그래서 최대한 미스 커뮤니케이션이 발생하지 않도록 하기 위해 저는 이메일을 보낸다면 조금 더 디테일하게 보내고 서로의 오해를 줄일 것 같습니다.","wordCount":74},"emotion":[],"intent":[{"text":"","expression":"","category":"attitude"}],"summary":{"text":"업무 중 한국 지사와 본사 사이의 커뮤니케이션이 가장 어렵습니다. 본사가 미국에 있기 때문에 시차가 다르고 즉각적 반응이 없기 때문입니다. 최대한 미스 커뮤니케이션이 발생하지 않도록 이메일로 서로의 오해를 줄일 수 있습니다.","wordCount":30}}},"rawDataInfo":{"question":{"fileFormat":"wav","fileSize":612558,"duration":19140,"samplingBit":16,"channelCount":1,"samplingRate":"16kHz","audioPath":"/Mock/02.SalesMarketing/Female/Experienced/ckmk_q_sm_f_e_243699.wav"},"answer":{"fileFormat":"wav","fileSize":2635278,"duration":82350,"samplingBit":16,"channelCount":1,"samplingRate":"16kHz","audioPath":"/Mock/02.SalesMarketing/Female/Experienced/ckmk_a_sm_f_e_243699.wav"}}}