{"version":"1.0","dataSet":{"info":{"date":"20230116","occupation":"SM","channel":"MOCK","place":"ONLINE","gender":"FEMALE","ageRange":"-34","experience":"EXPERIENCED"},"question":{"raw":{"text":"어 오늘 면접 준비하느라고 고생을 많이 하셨을 텐데요 어 어떤 방식으로 면접을 준비하셨는지 설명해 주실 수 있으신가요","wordCount":17},"emotion":[],"intent":[]},"answer":{"raw":{"text":"어 저는 면접을 볼 때 제 자신의 영상을 찍어서 제 자신 그것을 확인하고 어떻게 말하는지 파악하는 방법으로 면접을 진행하였습니다. 아무래도 그냥 말로만 하는 것보단 저의 자신이 어떻게 말하는지 녹화를 통해서 어 거울처럼 살펴보게 된다면 어 저의 비언어적인 행동 같은 경우에도 문제가 있는지 아닌지 파악할 수 있기 때문에 저는 녹화를 하는 방식으로 면접을 연습하였습니다.","wordCount":53},"emotion":[],"intent":[{"text":"","expression":"","category":"attitude"}],"summary":{"text":"저는 면접을 볼 때 제 자신의 영상을 녹화해서 비언어적인 행동 같은 경우도 파악이 가능하기 때문에 녹화하는 방식으로 면접을 연습하였습니다.","wordCount":19}}},"rawDataInfo":{"question":{"fileFormat":"wav","fileSize":487118,"duration":15220,"samplingBit":16,"channelCount":1,"samplingRate":"16kHz","audioPath":"/Mock/02.SalesMarketing/Female/Experienced/ckmk_q_sm_f_e_209955.wav"},"answer":{"fileFormat":"wav","fileSize":1012558,"duration":31640,"samplingBit":16,"channelCount":1,"samplingRate":"16kHz","audioPath":"/Mock/02.SalesMarketing/Female/Experienced/ckmk_a_sm_f_e_209955.wav"}}}