{"version":"1.0","dataSet":{"info":{"date":"20230116","occupation":"SM","channel":"MOCK","place":"ONLINE","gender":"FEMALE","ageRange":"-34","experience":"EXPERIENCED"},"question":{"raw":{"text":"지원자께서 생각하는 글로벌 인재의 필수 요소는 무엇인가요 그리고 면접자님은 그것을 위해 어떠한 노력을 해 왔을까요","wordCount":15},"emotion":[],"intent":[]},"answer":{"raw":{"text":"네 최근에는 글로벌 인재 그리고 글로벌 영업을 할 수 있는 사람들을 어 기업들이 많이 선호하고 있습니다. 그런 측면에서 저도 여러 가지로 적합하다고 말씀을 드릴 수 있는데요. 어 글로벌 인재라고 이제 첫 번째로 말씀드릴 수 있는 부분은 어 제가 이제 해외에서 거주했던 이력이 있기 때문에 그 문화의 다양성과 그리고 문화에 대한 이해도가 높다는 측면이 저에 가장 큰 장점이라고 생각을 합니다. 어 실제로 해외에서 업무를 하다 보면 그 문화적인 차이로 인해서 처음에 고생하거나 서로 커뮤니케이션이 이제 어긋난 경우가 있다고 저는 생각을 하는데요. 그런 측면에서 제가 조금 이해도가 높다고 판단을 하고 바로 업무 수행이 가능한 점이 저는 장점이라고 말씀을 드리고 싶습니다. 어 또 그 뿐만이 아니라 제가 나름 쪼끔유연하고 어 쪼끔 개방적인 사고를 갖고 있기 때문에 그들과 함께 어울려서 쪼끔 영업할 수 있는 그런 역량을 갖추고 있구요. 그리고 제가 한국에서도 영업을 기본적으로 잘 해 왔기 때문에 해외에 나가서도 그런 역량을 펼쳐보고 싶다 라는 생각이 들었구요. 어 기본적으로 이제 언어에 대한 이해도 제가 있기 때문에 앞으로 기회를 주신다고 하면 글로벌 인재로 성장을 해 나가고 싶습니다.","wordCount":161},"emotion":[],"intent":[{"text":"어 글로벌 인재라고 이제 첫 번째로 말씀드릴 수 있는 부분은   어 제가 이제 해외에서 거주했던 이력이 있기 때문에 그 문화의 다양성과 그리고   문화에 대한 이해도가 높다는 측면이 저에 가장 큰 장점이라고 생각을 합니다.","expression":"c_sincere_co","category":"etc"},{"text":"그리고 제가 한국에서도 영업을 기본적으로   잘 해 왔기 때문에 해외에 나가서도 그런 역량을 펼쳐보고 싶다 라는 생각이 들었구요.","expression":"c_sincere_co","category":"etc"}],"summary":{"text":"최근에는 글로벌 인재를 기업들이 많이 선호하고 있습니다. 글로벌 인재라고 첫 번째로 말씀드리는 부분은 제가 해외에서 거주했던 이력이 있어서 그 문화의 다양성과 문화에 대한 이해도가 높다는 측면이 저에 가장 큰 장점이라고 생각합니다. 또한 유연하고 개방적인 사고를 갖고 있어서 그들과 함께 어우러져서 영업을 할 수 있는 그런 역량을 갖추고 싶습니다.","wordCount":48}}},"rawDataInfo":{"question":{"fileFormat":"wav","fileSize":349198,"duration":10910,"samplingBit":16,"channelCount":1,"samplingRate":"16kHz","audioPath":"/Mock/02.SalesMarketing/Female/Experienced/ckmk_q_sm_f_e_142132.wav"},"answer":{"fileFormat":"wav","fileSize":2751118,"duration":85970,"samplingBit":16,"channelCount":1,"samplingRate":"16kHz","audioPath":"/Mock/02.SalesMarketing/Female/Experienced/ckmk_a_sm_f_e_142132.wav"}}}