{"version":"1.0","dataSet":{"info":{"date":"20230116","occupation":"SM","channel":"MOCK","place":"ONLINE","gender":"FEMALE","ageRange":"35-44","experience":"EXPERIENCED"},"question":{"raw":{"text":"보통 시간이 남을 때 무슨 일을 하시는지 그 일을 하는 이유는 무엇인지 말씀해 주실 수 있으실까요","wordCount":16},"emotion":[],"intent":[]},"answer":{"raw":{"text":"저는 시간이 남을 때는 보통 집에서 푹 쉬면서 티비를 보거나 뭐 음악을 듣거나 하고 있습니다. 날씨가 좋을 때면 풍경이 좋은 카페에 가서 혼자 카피를 마시면서 책을 읽는 경우도 많습니다. 그리고 도서관에 가서 책을 빌려서 책을 읽는 경우도 많습니다. 밖에서 열심히 일을 하다 보면 많이 지칠 때가 있습니다. 저는 조금 내향적인 성격을 가졌기 때문에 밖에 나가서 친구들과 만나 수다를 떨기보다는 저 혼자 만에 시간을 가지면서 마음을 정리하는 편입니다. 이렇게 혼자서 푹 쉬다 보면은 에너지가 다시 충전이 되고 충전된 에너지로 다시 일을 할 수 있는 원동력이 됩니다. 그래서 저는 주로 밖에 나가서 활동적인 경험을 하기보다는 혼자서 집에서 쉬는 경우가 거의 많습니다.","wordCount":99},"emotion":[],"intent":[{"text":"","expression":"","category":"attitude"}],"summary":{"text":"저는 내향적인 성격 때문에 밖에서 열심히 일을 하다 보면 많이 지칠 때가 있습니다. 하지만 혼자 시간을 가지면서 에너지를 충전하면 다시 일을 할 수 있는 원동력이 됩니다. 그래서 저는 주로 밖에서 활동적인 경험을 하기보다는 집에서 쉬는 경우가 거의 많습니다.","wordCount":38}}},"rawDataInfo":{"question":{"fileFormat":"wav","fileSize":341838,"duration":10680,"samplingBit":16,"channelCount":1,"samplingRate":"16kHz","audioPath":"/Mock/02.SalesMarketing/Female/Experienced/ckmk_q_sm_f_e_227921.wav"},"answer":{"fileFormat":"wav","fileSize":1737678,"duration":54300,"samplingBit":16,"channelCount":1,"samplingRate":"16kHz","audioPath":"/Mock/02.SalesMarketing/Female/Experienced/ckmk_a_sm_f_e_227921.wav"}}}