{"version":"1.0","dataSet":{"info":{"date":"20230116","occupation":"SM","channel":"MOCK","place":"ONLINE","gender":"FEMALE","ageRange":"-34","experience":"EXPERIENCED"},"question":{"raw":{"text":"만약 지원자님께서 지금 지원하신 이 직무가 아니라 다른 부서에 배치를 받게 된다면 어떻게 하실 건가요 그래도 업무를 하실 의향이 있나요","wordCount":20},"emotion":[],"intent":[]},"answer":{"raw":{"text":"괜찮기는 한데 혹시 제가 두 번째로 희망하는 그 부서로 배치를 해주실 수 있으신지 묻고 싶습니다. 어쨌든 제가 영어 파트를 지원하긴 했지만 어 사실 기회가 된다면 마케팅 쪽을 좀 배워보고 싶거든요. 그래서 만약에 그거를 해주신다면 만약에 생각이 있으신 거라면 다른 부서로 혹시 배치를 생각하시는 거라면은 어쨌든 저에 뭔가 희망 사항을 한번 미리 말씀 드려보는 겁니다. 어 그런데 그거 아니어도 뭐 괜찮은데 어쨌든 제가 지원한 부서는 이거고 그걸 한 번 옮기는 거에 대해서 얘기를 하시는 거면 그래도 제가 좀 희망하는 쪽으로 들어주시면 좋지 않을까 해서 말씀드리는 겁니다.","wordCount":85},"emotion":[],"intent":[{"text":"","expression":"","category":"attitude"}],"summary":{"text":"마케팅 쪽을 배워보고 싶은데, 지원을 하셨는데 다른 부서로 배치를 생각하신다면 저에 희망사항을 한번 미리 말씀 드려보는 겁니다. 부서의 이동에 대해서 얘기를 하시는 거라면 제가 희망하는 쪽으로 들어줬으면 좋겠습니다.","wordCount":28}}},"rawDataInfo":{"question":{"fileFormat":"wav","fileSize":606158,"duration":18940,"samplingBit":16,"channelCount":1,"samplingRate":"16kHz","audioPath":"/Mock/02.SalesMarketing/Female/Experienced/ckmk_q_sm_f_e_195354.wav"},"answer":{"fileFormat":"wav","fileSize":1896078,"duration":59250,"samplingBit":16,"channelCount":1,"samplingRate":"16kHz","audioPath":"/Mock/02.SalesMarketing/Female/Experienced/ckmk_a_sm_f_e_195354.wav"}}}