{"version":"1.0","dataSet":{"info":{"date":"20230116","occupation":"SM","channel":"MOCK","place":"ONLINE","gender":"FEMALE","ageRange":"35-44","experience":"EXPERIENCED"},"question":{"raw":{"text":"업무를 하다보면 출장이 좀 자주 있고 시차로 인해서 어 지원자님에 밤낮이 바뀔 수 있는데 그래도 체력적으로 버틸 자신이 있으신가요","wordCount":19},"emotion":[],"intent":[]},"answer":{"raw":{"text":"네 업무를 하다 보면 또 해외로 아니면 국내 먼 곳으로 출장을 갈 수도 있고 여러 가지 문제점들이 있을 수 있는데요. 저는 얼마든지 저의 업무에 도움이 된다고 하면 즐거운 마음으로 수행해 낼 자신이 있습니다. 어 기본적으로 저는 출장 업무를 자주 가는 편입니다. 그리고 제 영업의 마인드는 고객 님이 어디에 있건 필요하신 데는 제가 찾아간다는 그런 마인드를 가지고 있는데요. 실제로 제가 처음 영업을 배울 때도 그렇게 배웠고 또 고객 님들이 아무리 먼 곳에 계시든지 아니면 해외 바이어가 있는 곳에 출장을 급하게 가야 하는 상황에서도 스케줄을 모두 조정을 해서 저는 최대한 맞추는 편인 것 같습니다. 제가 그렇게 하는 이유는 중요한 시기와 때라는 게 있는 것 같은데요. 그 시기를 놓치면 고객님들을 또 마 다시 못 볼 수도 있고 또 그 시간에 따라서 고객님들에게 필요한 것들이 있기 때문에 그런 부분들을 오히려 제가 맞춰서 지원해 드리기 위해서 저는 노력하고 있고요. 그런 부분에 대해서는 흔쾌히 제가 업무를 수행할 수 있을 것 같습니다. 그리고 스케줄 조정이 굉장히 힘든데요. 오히려 저희 영업 사원에서는 그런 입장에서는 스케줄이 넉넉해서 일이 없는 것보다 스케줄이 힘들어도 또 영업의 활력소를 높일 수 있도록 바쁜 게 더 좋은 것 같습니다.","wordCount":175},"emotion":[],"intent":[{"text":"그리고 제 영업의 마인드는 고객 님이   어디에 있건 필요하신 데는 제가 찾아간다는 그런 마인드를 가지고 있는데요.","expression":"c_value","category":"background"}],"summary":{"text":"저는 출장 업무를 자주 가는 편인데, 고객님이 어디에 있건 필요하신 데는 제가 찾아간다는 마인드를 가지고 있습니다. 중요한 시기와 때라는 게 있는 것 같습니다. 그 시기를 놓치면 고객님들을 또 다시 못 볼 수도 있고 또 그 시간에 따라 고객님들에게 필요한 것들이 있기 때문에 그런 부분들을 제가 맞춰서 지원해 드리기 위해서 저는 최대한 맞추는 편입니다.","wordCount":53}}},"rawDataInfo":{"question":{"fileFormat":"wav","fileSize":502478,"duration":15700,"samplingBit":16,"channelCount":1,"samplingRate":"16kHz","audioPath":"/Mock/02.SalesMarketing/Female/Experienced/ckmk_q_sm_f_e_140808.wav"},"answer":{"fileFormat":"wav","fileSize":2859598,"duration":89360,"samplingBit":16,"channelCount":1,"samplingRate":"16kHz","audioPath":"/Mock/02.SalesMarketing/Female/Experienced/ckmk_a_sm_f_e_140808.wav"}}}