{"version":"1.0","dataSet":{"info":{"date":"20230116","occupation":"SM","channel":"MOCK","place":"ONLINE","gender":"FEMALE","ageRange":"-34","experience":"EXPERIENCED"},"question":{"raw":{"text":"태어나서 지금까지 한 일들 가운데 가장 화아했던 일이 무엇인가요 한 가지만 골라 설명해 주세요","wordCount":14},"emotion":[],"intent":[]},"answer":{"raw":{"text":"네 태어나면서 저는 사실 지금까지 가장 후회된 일은 많이 없습니다. 왜냐하면 이미 다 지나간 일들이고 또 제가 그 나름대로의 최선을 다했고 그래야만 했던 이유들이 있다고 생각을 하는데요. 저는 기본 신조가 후회하는 일을 하지 말자 입니다. 왜냐하면 그 현실에 충실해야 그 시간에 집중해야 내가 후회하지 않기 때문입니다. 그래서 저는 후회하지 않기 위해서 시간을 더 알차게 보내고 의미있게 보내려고 노력을 하는 것 같은데요. 지금 현실에 내가 있고 내가 소중하게 생각하는 거에 최선을 다하다 보면 그 일들이 내 뜻대로 되지 않았을 때도 후회가 적어지는 것 같습니다. 그리고 저뿐만이 아니라 뭐 부모님이나 가족과의 관계 그리고 친구들 사이에서도 그 시간을 충분히 활용하고 또 열심히 사는 게 중요하다고 생각을 합니다. 다만 지나고 나서 아쉬운 점들이 있습니다. 아 이렇게 하면 내가 좀 더 잘하지 않았을까 라는 생각이 드는데요. 그래서 저는 후회하지 않기 위해서 지금 최선을 다하고 또 미래에 열심히 살기 위해서 노력하는 사람인 것 같습니다. 앞으로도 후회하지 않는 그런 삶을 살기 위해서 매사에 최선을 다해서 열심히 살아가 나갈 시간 생각입니다.","wordCount":153},"emotion":[{"text":"저는 기본 신조가   후회하는 일을 하지 말자 입니다.","expression":"u-belief","category":"neutral"}],"intent":[{"text":"","expression":"","category":"attitude"}],"summary":{"text":"저는 지금까지 후회한 일은 많이 없습니다. 왜냐하면 그 현실에 충실해야 그 시간에 집중해야 제가 후회하지 않기 때문입니다. 부모님이나 가족과의 관계 그리고 친구들 사이에서도 그 시간을 충분히 활용하고 열심히 사는 게 중요하다고 생각합니다. 앞으로도 후회하지 않는 삶을 살기 위해서 최선을 다할 것입니다.","wordCount":41}}},"rawDataInfo":{"question":{"fileFormat":"wav","fileSize":294478,"duration":9200,"samplingBit":16,"channelCount":1,"samplingRate":"16kHz","audioPath":"/Mock/02.SalesMarketing/Female/Experienced/ckmk_q_sm_f_e_113414.wav"},"answer":{"fileFormat":"wav","fileSize":2723918,"duration":85120,"samplingBit":16,"channelCount":1,"samplingRate":"16kHz","audioPath":"/Mock/02.SalesMarketing/Female/Experienced/ckmk_a_sm_f_e_113414.wav"}}}