{"version":"1.0","dataSet":{"info":{"date":"20230116","occupation":"SM","channel":"MOCK","place":"ONLINE","gender":"FEMALE","ageRange":"45-54","experience":"EXPERIENCED"},"question":{"raw":{"text":"본인은 우버 택시에서 찬성을 하십니까 반대를 하십니까 이런 찬반 논쟁에 대해서 본인의 생각을 한번 말씀해 주시겠습니까","wordCount":16},"emotion":[],"intent":[]},"answer":{"raw":{"text":"네 우버 같은 택시라던가 어 그리고 우리나라에서 이런 택시와 관련된 논란이 굉장히 많습니다. 저는 뭐 찬성과 반대 양론에 모두 각각의 논리는 있다고 생각을 하는데요.. 저는 기본적으로 이것들을 무작위적으로 비판하거나 또 사업을 하지 못하게 하는 건 반대하는 생각입니다. 어 저희는 자본주의 경쟁 시대에 살고 있고 또 소비자들은 더 좋은 서비스를 선택할 수 있는 권리가 있다고 생각을 합니다. 어 소비자들이 그것들을 선택해야 하는 것이지 거기에 있는 기득권들이 그거를 무작위적으로 비판을 한다거나 아니면 사업을 하지 못하게 막는 건 굉장히 논란의 소지가 많다고 생각을 합니다. 그거는 기본적으로 법률에 위반되는 거고요. 그리고 사회적인 통념도 많이 바뀌고 있습니다. 자율 경쟁 체제에 있기 때문에 더 좋은 제품 더 좋은 서비스가 소비자들에게 어 이용을 받고 또 그리고 그 서비스가 당연히 성장해야 되는 건 맞는데요. 하지만 최근에 본인들의 밥그릇을 뺏긴다고 해서 그 사업을 못 하게 한다거나 아니면 정치인들이 나서면서까지 표를 의식해서 그것들을 저지하는 행동들을 보면서 어 좀 우리 사회가 아직까지 인식 개선이 필요하구나 라는 생각을 저는 많이 했습니다.","wordCount":149},"emotion":[],"intent":[{"text":"어 저희는   자본주의 경쟁 시대에 살고 있고 또 소비자들은 더 좋은 서비스를 선택할 수 있는   권리가 있다고 생각을 합니다.","expression":"c_value","category":"background"}],"summary":{"text":"자본주의 경쟁 시대에서 소비자들은 더 좋은 서비스를 선택할 권리가 있으므로, 기득권들이 무작위적으로 비판을 한다거나 사업을 못하게 하는 건 법률에 위반됩니다. 사회적 통념도 많이 바뀌고 있습니다. 자율 경쟁 체제에서 더 좋은 제품 더 좋은 서비스가 소비자들에게 이용을 받고 성장해야 합니다. 하지만 정치인들의 표 의식으로 그 사업을 막는 행동을 보면서 인식 개선이 필요하다는 생각을 했습니다.","wordCount":53}}},"rawDataInfo":{"question":{"fileFormat":"wav","fileSize":397198,"duration":12410,"samplingBit":16,"channelCount":1,"samplingRate":"16kHz","audioPath":"/Mock/02.SalesMarketing/Female/Experienced/ckmk_q_sm_f_e_114858.wav"},"answer":{"fileFormat":"wav","fileSize":2749198,"duration":85910,"samplingBit":16,"channelCount":1,"samplingRate":"16kHz","audioPath":"/Mock/02.SalesMarketing/Female/Experienced/ckmk_a_sm_f_e_114858.wav"}}}