{"version":"1.0","dataSet":{"info":{"date":"20230116","occupation":"SM","channel":"MOCK","place":"ONLINE","gender":"FEMALE","ageRange":"45-54","experience":"EXPERIENCED"},"question":{"raw":{"text":"지원자님께서 대학에서 배운 전공 과목 중에 가장 기억에 남는 이런 과목 한 가지만 선택해서 말씀해 주세요","wordCount":16},"emotion":[],"intent":[]},"answer":{"raw":{"text":"어 제가 지금 영업 업무를 하고 있지만 어 제가 전공한 과목은 경영 쪽이 아닌 아이티 부문입니다. 그중에서 가장 기억에 남는 과목은 바로 시스템 관리 인데요. 시스템 관리 부분에 어떤 내용이나 이런 것보다 어 프로젝트를 했던 경험이 가장 기억에 남습니다. 어 시스템 관리 부분을 교수님께서 야심차게 외부 시스템을 어 설치를 해서 실제 학생들에게 시연을 해주고 싶으셨던 마음이 크셨는데요. 그 부분이 조금 시스템 환경이라든가 이런 것들 그 때문에 이 주 삼 주 사 주 먹 지연이 됐었습니다. 그러다 보니 수업을 쉬는 지 제한이 있는데 어 시스템을 구축해서 실습할 수 있는 기회는 어 오 회 미만이었던 것 같아요. 어 교수님의 열정에도 좀 감사를 드리고 덕분에 저희가 생소한 시스템을 접할 수 있는 좋은 기회를 거뒀던 것 같습니다.","wordCount":113},"emotion":[],"intent":[{"text":"","expression":"","category":"attitude"}],"summary":{"text":"시스템 관리 프로젝트를 했던 경험이 가장 기억에 남습니다. 교수님께서 외부 시스템을 설치해 학생들에게 시연을 해주고 싶으셨는데 시스템 환경 때문에 수업이 지연됐습니다. 덕분에 생소한 시스템을 접할 수 있는 좋은 기회를 얻었습니다.","wordCount":30}}},"rawDataInfo":{"question":{"fileFormat":"wav","fileSize":451278,"duration":14100,"samplingBit":16,"channelCount":1,"samplingRate":"16kHz","audioPath":"/Mock/02.SalesMarketing/Female/Experienced/ckmk_q_sm_f_e_191889.wav"},"answer":{"fileFormat":"wav","fileSize":1976718,"duration":61770,"samplingBit":16,"channelCount":1,"samplingRate":"16kHz","audioPath":"/Mock/02.SalesMarketing/Female/Experienced/ckmk_a_sm_f_e_191889.wav"}}}