{"version":"1.0","dataSet":{"info":{"date":"20230116","occupation":"SM","channel":"MOCK","place":"ONLINE","gender":"FEMALE","ageRange":"35-44","experience":"EXPERIENCED"},"question":{"raw":{"text":"동물 실험이 인간에게 주는 이익에 관해서 말씀해 주시기 바라겠습니다 동물 실험에 대한 지원자님의 생각도 정말 궁금합니다","wordCount":16},"emotion":[],"intent":[]},"answer":{"raw":{"text":"뭐 사실 얘기들이야 정말 많죠. 근데 왜 동물 실험을 이렇게 얘기가 나오기 전까지 당연한 수순으로 해왔냐 라고 하면 우리 인간이 덜 위험하기 위해서 잖아요. 네 이익이라고 했을 때 떠오르는 건 그거 아닐까요. 인간의 안정성 안전성 네 인간이 안전하기 위해 이게 인간 먼저 접하기에는 여러 가지 어 위험성들이 따르니까 인간과 가장 가까운 동물을 가장 테스트에 그 실험에 마지막 순번으로 두고 천천히 단계로 올려가면서 우리가 접해도 되는지 우리가 해도 되는지 뭐 써도 되는지 먹어도 되는지 여러 가지 부분에서 동물 말고는 아직은 뭐 대안이 없잖아요. 그러니까 그렇기 때문에 이제까지 해왔다고 생각을 하구요. 제 개인적인 생각은 뭐 뚜렷한 대안이 있어야 좋죠. 네 그게 빨리 조금 됐으면 좋겠다는 생각입니다.","wordCount":104},"emotion":[],"intent":[{"text":"","expression":"","category":"attitude"}],"summary":{"text":"인간이 안전하기 위해서는 인간과 가장 가까운 동물을 가장 테스트에 마지막 순번으로 두고 천천히 단계로 올려가면서 접해도 되는지, 먹어도 되는지 여러 가지 부분에서 동물 말고는 대안이 없습니다.","wordCount":26}}},"rawDataInfo":{"question":{"fileFormat":"wav","fileSize":393998,"duration":12310,"samplingBit":16,"channelCount":1,"samplingRate":"16kHz","audioPath":"/Mock/02.SalesMarketing/Female/Experienced/ckmk_q_sm_f_e_141981.wav"},"answer":{"fileFormat":"wav","fileSize":2833358,"duration":88540,"samplingBit":16,"channelCount":1,"samplingRate":"16kHz","audioPath":"/Mock/02.SalesMarketing/Female/Experienced/ckmk_a_sm_f_e_141981.wav"}}}