{"version":"1.0","dataSet":{"info":{"date":"20230116","occupation":"SM","channel":"MOCK","place":"ONLINE","gender":"FEMALE","ageRange":"35-44","experience":"EXPERIENCED"},"question":{"raw":{"text":"근무하다 보면 이직을 생각하는 동료를 만나게 될 수 있어요 이직을 생각하는 동료를 만나게 된다면 지원자님께서는 뭐라고 말씀해시겠어요 왜 그렇게 말씀하실지도 저에게 설명해 주시겠어요","wordCount":23},"emotion":[],"intent":[]},"answer":{"raw":{"text":"저는 뭐 너무나도 환영하면서 응원할 것 같아요. 네 환영이란 말이 조금 웃기긴 한데 음 아무래도 저희의 직업은 어 그런 장벽이 낮기 때문에 많이 드나들 수가 있어요. 그러니까 처음에 시작하기도 되게 쪼끔 쉬운 부분이고 그리고 여기에서 일을 하다가 다른 직업 그 직종을 바꾸는 것도 정말 조금 수월한 편이라서 무언가 어 본인이 하고자 하는 다른 일이 생겼을 때 그렇다면 전 정말 환영하고 싶고요. 그냥 단순히 회사만 바꾸는 거라면 동일 업종인데 이제 본인이 네 소속을 바꾸는 거라면 그거는 뭐 상대 회사이고 어느 정도 다 알아서 여러 가지를 따져 보고 하는 결정일 거기 때문에 제가 말린다거나 이럴 이유가 전혀 없어서 저는 무조건 응원할 것 같습니다. 네 힘든 거야 뭐 서로 다 아는 부분으로 매한 가지니까 그저 잘 되기를 바랄 것 같네요.","wordCount":117},"emotion":[],"intent":[{"text":"","expression":"","category":"attitude"}],"summary":{"text":"우리 직업은 장벽이 낮아서 많이 드나들 수 있고, 일을 하다가 다른 직종을 바꾸는 것도 수월하기 때문에 저는 환영합니다. 단순히 회사만 바꾸는 거라면 동일 업종인데 본인이 소속을 바꾸는 다면 저는 무조건 응원할 것 같습니다.","wordCount":33}}},"rawDataInfo":{"question":{"fileFormat":"wav","fileSize":515598,"duration":16110,"samplingBit":16,"channelCount":1,"samplingRate":"16kHz","audioPath":"/Mock/02.SalesMarketing/Female/Experienced/ckmk_q_sm_f_e_156575.wav"},"answer":{"fileFormat":"wav","fileSize":2620558,"duration":81890,"samplingBit":16,"channelCount":1,"samplingRate":"16kHz","audioPath":"/Mock/02.SalesMarketing/Female/Experienced/ckmk_a_sm_f_e_156575.wav"}}}