{"version":"1.0","dataSet":{"info":{"date":"20230116","occupation":"SM","channel":"MOCK","place":"ONLINE","gender":"FEMALE","ageRange":"35-44","experience":"EXPERIENCED"},"question":{"raw":{"text":"사람들과 협업하면서 어 했던 일 중에 가장 어려웠던 점이 있으면 말씀해 보십시오","wordCount":12},"emotion":[],"intent":[]},"answer":{"raw":{"text":"저는 그동안 사람들과 협업을 하면서 사실 항상 배웠던 것도 정말 많고 그로 인해서 스스로 성장을 많이 했다고 생각을 하기 때문에 오히려 어려웠던 점이 아니라 많이 배웠고 좋았고 정말 많이 스스로 성장했다 라고 판단을 했기 때문에 저는 좋았던 기억만 있습니다. 그래서 어려웠던 점이 아니라 오히려 좋았던 점을 저는 말씀을 드리고 싶고 또 앞으로도 계속 협업이라는 것을 하면서 더 많은 성장을 하고 싶다 라는 생각을 했습니다.","wordCount":64},"emotion":[],"intent":[{"text":"","expression":"","category":"attitude"}],"summary":{"text":"협업을 하면서 많이 배웠고 스스로도 많이 성장했다 라고 판단하였기 때문에 저는 좋았던 기억만 있습니다. 앞으로 더 많은 성장을 하고 싶다 라는 생각을 했습니다.","wordCount":23}}},"rawDataInfo":{"question":{"fileFormat":"wav","fileSize":439118,"duration":13720,"samplingBit":16,"channelCount":1,"samplingRate":"16kHz","audioPath":"/Mock/02.SalesMarketing/Female/Experienced/ckmk_q_sm_f_e_104054.wav"},"answer":{"fileFormat":"wav","fileSize":1491918,"duration":46620,"samplingBit":16,"channelCount":1,"samplingRate":"16kHz","audioPath":"/Mock/02.SalesMarketing/Female/Experienced/ckmk_a_sm_f_e_104054.wav"}}}