{"version":"1.0","dataSet":{"info":{"date":"20230116","occupation":"SM","channel":"MOCK","place":"ONLINE","gender":"FEMALE","ageRange":"35-44","experience":"EXPERIENCED"},"question":{"raw":{"text":"지원자님께서는 그동안 속해 있었던 조직 단체에서 주로 어떤 역할을 맡으셨습니까","wordCount":10},"emotion":[],"intent":[]},"answer":{"raw":{"text":"저는 주로 음 좀 장 역할을 했습니다. 그러네요 생각보다 음 일원으로 속하기보다는 어떤 장을 조금 맡아서 했던 편인 것 같아요. 근데 뭐 제 의지로 맡으려고 하지는 않았었구요. 상황상 어쩌다 보니까 제가 그런 장을 맡아야 되는 분위기나 그런 얘기들이 있어서 그렇게 됐던 것 같습니다 네. 그래서 음 네. 아무래도 인원 규모도 적지 않은 단체였고 해서 말도 굉장히 많았고 그러니까 말하자면 그 사공이 많다고 하죠 표현을. 그런 그런 단체들이라 굉장히 피곤했는데 아마 그래서 그런지 몰라도 저는 제가 먼저 나서는 거를 좋아하지는 않는 스타일이라서 그냥 그냥 사람 많은 그런 군중에 군중 속 안에서 묻힌 듯 그런 식으로 저는 조금 제 스스로 찾는 일이라면 그런 식으로 하고 싶어하는 편인 거 같습니다.","wordCount":107},"emotion":[],"intent":[{"text":"","expression":"","category":"attitude"}],"summary":{"text":"저는 주로 어떤 장을 맡아서 했습니다. 사공이 많은 단체라 굉장히 피곤했는데 먼저 나서는 걸 좋아하지는 않는 스타일이라서 그냥 사람 많은 군중 속에 묻힌 듯 그런 식으로 하고 싶은 편인 거 같습니다.","wordCount":31}}},"rawDataInfo":{"question":{"fileFormat":"wav","fileSize":323278,"duration":10100,"samplingBit":16,"channelCount":1,"samplingRate":"16kHz","audioPath":"/Mock/02.SalesMarketing/Female/Experienced/ckmk_q_sm_f_e_141973.wav"},"answer":{"fileFormat":"wav","fileSize":2822478,"duration":88200,"samplingBit":16,"channelCount":1,"samplingRate":"16kHz","audioPath":"/Mock/02.SalesMarketing/Female/Experienced/ckmk_a_sm_f_e_141973.wav"}}}