{"version":"1.0","dataSet":{"info":{"date":"20230116","occupation":"SM","channel":"MOCK","place":"ONLINE","gender":"FEMALE","ageRange":"-34","experience":"EXPERIENCED"},"question":{"raw":{"text":"만약에 주변에 본인처럼 이직을 생각하는 그런 동료가 있다고 했을 때 본인은 어떻게 조언을 해주실 수 있는지 궁금하구요 어 세 가지 정도를 말씀해 주시고 그 이유도 한번 말씀을 해 보실래요","wordCount":29},"emotion":[],"intent":[]},"answer":{"raw":{"text":"네 저는 만약에 친분이 있는 동료가 이직을 생각한다고 하면 일단 왜 이직을 하려고 하는지 이유를 물어볼 것 같습니다. 그래서 그 이유를 들어보고 조언을 해줄 텐데요. 하지만 이직은 굉장히 신중해야 하는 문제고 또 여러 가지를 고려를 해서 판단하라고 말해주고 싶은데요. 일단 이직을 생각하는 이유가 단순히 연봉이나 돈 때문이라고 하면 다시 한번 재고하라고 말을 해주고 싶습니다. 만약에 지금 업무는 마음에 들고 적성에 맞는데 단지 연봉 때문에 옮기는 건 전 반대하고 싶습니다. 왜냐하면 여기서 성과를 내면 다시 또 돈을 벌 수 있고 연봉이 올라갈 수가 있는데 앞으로 기회의 비용이라는 게 있을 것 같습니다. 지금 업무에 잘 적응을 하고 있고 동료들과 문제가 없는데 이직을 하는 건 저는 반대를 하고 싶은데요. 하지만 상사라던가 아니면 동료들과의 갈등이 있으면 쪼금 다시 한번 생각해 문제인 것 같습니다. 그리고 만약에 회사에 문화가 좋지 않거나 본인이 적성에 맞지 않은 일을 한다고 하면 그때는 이직을 생각해봐도 좋다고 조언을 해줄 것 같습니다. 본인이 적성에 맞지 않은 일을 하다 보면 결과도 좋지 않고 또 만족스럽지 않은 경우도 있기 때문에 그런 경우라고 한다면 저는 이직을 쪼금 생각해보고 다양한 방식으로 생각해보라고 조언을 해주고 싶습니다.","wordCount":169},"emotion":[],"intent":[{"text":"","expression":"","category":"attitude"}],"summary":{"text":"이직은 신중해야 하는 문제이고 여러 가지를 고려해서 판단하라고 말하고 싶습니다. 이직을 생각하는 이유가 단순히 연봉이나 돈 때문이라고 한다면 재고하라고 말하고 싶고, 만약 업무가 마음에 들고 적성에 맞는 일을 하다 보면 결과도 좋지 않고 또 만족스럽지 않은 경우도 있기 때문에 그런 경우라고 한다면 저는 이직을 좀 생각해보고 다양한 방식으로 생각해보라고 조언을 해주고 싶습니다.","wordCount":52}}},"rawDataInfo":{"question":{"fileFormat":"wav","fileSize":537678,"duration":16800,"samplingBit":16,"channelCount":1,"samplingRate":"16kHz","audioPath":"/Mock/02.SalesMarketing/Female/Experienced/ckmk_q_sm_f_e_118547.wav"},"answer":{"fileFormat":"wav","fileSize":2750798,"duration":85960,"samplingBit":16,"channelCount":1,"samplingRate":"16kHz","audioPath":"/Mock/02.SalesMarketing/Female/Experienced/ckmk_a_sm_f_e_118547.wav"}}}