{"version":"1.0","dataSet":{"info":{"date":"20230116","occupation":"SM","channel":"MOCK","place":"ONLINE","gender":"FEMALE","ageRange":"35-44","experience":"EXPERIENCED"},"question":{"raw":{"text":"만약 입사 후에 뭐 쉬운 일이나 어려운 일들이 있을 텐데 이런 일에 대한 분배를 어떻게 하실 생각이신가요 답변을 구체적으로 좀 부탁드리겠습니다","wordCount":21},"emotion":[],"intent":[]},"answer":{"raw":{"text":"이것은 저에 좀 위치에 따라서 많이 달라진다 라고 생각합니다. 만약에 제가 어 팀장이라고 한다면 이 사람들에게 어떻게 배분이 될지는 이 사람들의 각각에 특성 뭔가 어려운 일을 했을 때 성취감을 가지는 사람들 그 사람들에게는 어려운 일을 줄 것이고 그리고 그러한 위기 속에서 조금 멘탈이 흔들리거나 아니면 무너지기가 쉬운 사람들 에게는 좀 쉬운 일을 줘서 그 사람들이 쉽게 쉽게 성찰 성취를 해 나가면서 이 일에 적응할 수 있도록 도와줄 수 있다 라고 생각을 합니다. 그래서 이렇게 쉬운 일 어려운 일은 개인에 기질이나 역량에 따라서 좀 달라질 수 있다 라고 생각합니다. 어 사람이 일을 만약에 엔 분에 일이나 정말 똑같이 나누어 준다 라고 한다면 어 누군가는 어 난 이 일이 이렇게 어 쉬운 일을 주는 것이 달갑지 않아 하는 사람들이 있거든요. 그래서 좀 개인에 역량이나 기질에 맞춰서 줄 수 있도록 노력을 할 예정입니다.","wordCount":130},"emotion":[],"intent":[{"text":"","expression":"","category":"attitude"}],"summary":{"text":"어려운 일을 했을 때 성취감을 갖는 사람들에게는 어려운 일을 주고, 위기 속에서 멘탈이 흔들리거나 무너지기 쉬운 사람들에게는 쉬운 일을 줘서 그 사람들이 쉽게 성찰 성취를 해 나가면서 이 일에 적응할 수 있도록 도울 수 있습니다.","wordCount":35}}},"rawDataInfo":{"question":{"fileFormat":"wav","fileSize":569678,"duration":17800,"samplingBit":16,"channelCount":1,"samplingRate":"16kHz","audioPath":"/Mock/02.SalesMarketing/Female/Experienced/ckmk_q_sm_f_e_227240.wav"},"answer":{"fileFormat":"wav","fileSize":2226638,"duration":69580,"samplingBit":16,"channelCount":1,"samplingRate":"16kHz","audioPath":"/Mock/02.SalesMarketing/Female/Experienced/ckmk_a_sm_f_e_227240.wav"}}}