{"version":"1.0","dataSet":{"info":{"date":"20230116","occupation":"SM","channel":"MOCK","place":"ONLINE","gender":"FEMALE","ageRange":"55-","experience":"EXPERIENCED"},"question":{"raw":{"text":"지원자님에게 만약에 영업소 소장이라는 직책이 주어진다면 어떻게 영업소를 운영해 나가실 건지 계획을 한번 말씀해 주세요","wordCount":15},"emotion":[],"intent":[]},"answer":{"raw":{"text":"예 저에게 만약 영업소 소장이라는 직책이 주어진다면 아 기쁠 일단 기쁠 것 같습니다. 그런데 그 직책을 이용해서 영업소를 운영하라 고 하면 일단 이 영업소에 어 매출 현황을 보겠습니다. 일단 영업사라는 것은 아 무엇인가를 판매하는 곳이 영업소이겠지요. 그래서 고민을 하다 보면 여기에 매출이 얼마인가 일단 이 근처에 매출을 얼마를 될 수 있는가 이 영업소가 얼마나 지금까지 매출이 있었나를 비교 분석 그다음에 분석을 열심히 해 보겠습니다. 게서 직원들이 이 영업소 안에서 할 수 있는 능력 그다음에 능력을 최대치로 제가 한 번 끌어올리기 위해서 분석을 하고 그다음에 한 사람 한 사람의 능력을 체크를 해 놓겠습니다. 그래서 어 소장이면 사실 그 영업소를 완전히 책임지는 사람이지 않습니까 그래서 제가 담당 직원들의 모든 것을 체크를 하면서 이 개인 개인의 능력을 체크를 하면서 이윤을 극대화시킬 수 있는 방법을 하나 하나 체크를 해 보겠습니다. 어떤 직원은 어떤 쪽에서 좀 더 어 실력을 발휘할 수 있고 또 다른 직원은 어떤 일에서 좀 더 실력을 발휘할 수 있는지 하나하나 메모를 해 놓는 경향이 저도 옛날에 있었습니다. 그래서 그러다 보면 나중에 고민을 하다 보면 아 맛춤 일을 내려줄 수가 있는 것 같아요. 이 친구는 응대를 잘한다거나 이 친구는 뭔가 아 기계적인 일을 잘 한다거나 그래서 최대한의 이윤을 뽑을 수 있는 영업소 소장이 되리라고 저는 생각을 합니다. 이윤의 극대화이겠습니다. 네.","wordCount":198},"emotion":[],"intent":[{"text":"","expression":"","category":"attitude"}],"summary":{"text":"영업소 소장이라는 직책을 이용해서 영업소의 매출 현황을 보겠습니다. 영업소 안에서 할 수 있는 능력, 능력을 최대치로 끌어올리기 위해서 분석을 하고 한 사람 한 사람의 능력을 체크를 해 놓겠습니다. 제가 담당 직원들의 모든 것을 체크를 하면서 이윤을 극대화시킬 수 있는 방법을 하나 하나 체크해 보고 싶습니다. 이윤의 극대화이겠습니다.","wordCount":47}}},"rawDataInfo":{"question":{"fileFormat":"wav","fileSize":462478,"duration":14450,"samplingBit":16,"channelCount":1,"samplingRate":"16kHz","audioPath":"/Mock/02.SalesMarketing/Female/Experienced/ckmk_q_sm_f_e_242085.wav"},"answer":{"fileFormat":"wav","fileSize":3833678,"duration":119800,"samplingBit":16,"channelCount":1,"samplingRate":"16kHz","audioPath":"/Mock/02.SalesMarketing/Female/Experienced/ckmk_a_sm_f_e_242085.wav"}}}