{"version":"1.0","dataSet":{"info":{"date":"20230116","occupation":"SM","channel":"MOCK","place":"ONLINE","gender":"FEMALE","ageRange":"45-54","experience":"EXPERIENCED"},"question":{"raw":{"text":"지원자님께서는 이루고 싶은 인생의 목표가 있으시다면 왜 그것을 이루고 싶으신지도 함께 설명해 보시기 바랍니다","wordCount":14},"emotion":[],"intent":[]},"answer":{"raw":{"text":"네 저 같은 경우에는 재능 남눔을 하는 데 굉장히 큰 관심을 가지고 있습니다. 재능 나눔에 관심이 있는 이유는 다음과 같아요. 어 사람마다 굉장히 다양한 가치관들을 가지고 있을 텐데요. 저 같은 경우에는 나눔과 배품에 대해서 굉장히 큰 관심을 가지고 있습니다. 어렸을 적에 소록도로 봉사활동을 갔었던 기억이 있는데 제가 당시에 했던 일의 범위는 음 장애인 분들을 대상으로 그 부분 그분들이 사시는 집을 청소해 준다던지 혹은 얼굴에 감고 있는 붕대를 갈아주거나 하는 그런 봉사활동들이었습니다. 저는 그 과정을 통해서 굉장히 큰 기쁨과 또 뭔가 자아 실현을 할 수 있다 라는 부분을 깨달았고 봉사활동에 대한 그런 나눔 더 나아가서는 재능 나눔 같은 활동에 큰 관심을 가지게 되었습니다.","wordCount":102},"emotion":[{"text":"저 같은 경우에는 나눔과 배품에 대해서 굉장히 큰 관심을 가지고 있습니다.","expression":"p-interest","category":"positive"}],"intent":[{"text":"","expression":"","category":"attitude"}],"summary":{"text":"재능 나눔에 관심이 있는 이유는 다음과 같습니다. 저는 나눔과 배품에 대해 큰 관심을 가졌는데, 어릴 적 소록도로 봉사활동을 간 적이 있는데 그 과정을 통해서 자아 실현을 할 수 있다는 것을 깨달았고 재능 나눔 같은 활동에 관심을 가지게 되었습니다.","wordCount":38}}},"rawDataInfo":{"question":{"fileFormat":"wav","fileSize":446798,"duration":13960,"samplingBit":16,"channelCount":1,"samplingRate":"16kHz","audioPath":"/Mock/02.SalesMarketing/Female/Experienced/ckmk_q_sm_f_e_230907.wav"},"answer":{"fileFormat":"wav","fileSize":2381518,"duration":74420,"samplingBit":16,"channelCount":1,"samplingRate":"16kHz","audioPath":"/Mock/02.SalesMarketing/Female/Experienced/ckmk_a_sm_f_e_230907.wav"}}}