{"version":"1.0","dataSet":{"info":{"date":"20230116","occupation":"SM","channel":"MOCK","place":"ONLINE","gender":"FEMALE","ageRange":"35-44","experience":"EXPERIENCED"},"question":{"raw":{"text":"지원자님의 전공과 관련해서 최근 부족하다 고 느끼고 따로 공부를 하고 있는 분야가 있다면 설명해 줄 수 있나요","wordCount":17},"emotion":[],"intent":[]},"answer":{"raw":{"text":"음 저는 전공이 독일어 전공이라서요. 어 제가 일을 이미 이제 제 전공으로 하고 있지 않기 때문에 부족하다는 거는 대학교 다닐 때도 그렇고 졸업할 때도 이미 잘 알고 있었어서 네 그리고 저는 졸업 전부터 제 전공을 살려서 어떤 직업으로 연결 짓지 않겠다 고 이미 마음을 먹었었기 때문에 굳이 더 이어 나가려는 노력을 하지는 않았습니다. 네 뭐 그때까지 배운 것 안에서 유지할 수 있으면 유지하는 정도 그 사실 유지도 못 했어요 저는. 이미 너무 오래됐고 어 네 지금은 정말 많이 모르는 상태라서 기본 인사말 몇 마디 정도일 것 같네요. 그래서 공부하는 분야가 없고 저는 언어 쪽 관련해서 지금 공부하고 있는 상태가 아닙니다. 네 모국어 밖에 모릅니다.","wordCount":104},"emotion":[],"intent":[{"text":"","expression":"","category":"attitude"}],"summary":{"text":"저는 전공이 독일어라서 일을 전공으로 하고 있지 않기 때문에 전공을 살려서 어떤 직업으로 연결 짓지 않겠다고 마음을 먹었기 때문에 굳이 더 이어 나가려는 노력을 하지는 않았습니다. 이제 저는 언어 쪽 관련해서는 모국어 밖에 모릅니다.","wordCount":34}}},"rawDataInfo":{"question":{"fileFormat":"wav","fileSize":373838,"duration":11680,"samplingBit":16,"channelCount":1,"samplingRate":"16kHz","audioPath":"/Mock/02.SalesMarketing/Female/Experienced/ckmk_q_sm_f_e_156578.wav"},"answer":{"fileFormat":"wav","fileSize":2613838,"duration":81680,"samplingBit":16,"channelCount":1,"samplingRate":"16kHz","audioPath":"/Mock/02.SalesMarketing/Female/Experienced/ckmk_a_sm_f_e_156578.wav"}}}