{"version":"1.0","dataSet":{"info":{"date":"20230116","occupation":"SM","channel":"MOCK","place":"ONLINE","gender":"FEMALE","ageRange":"45-54","experience":"EXPERIENCED"},"question":{"raw":{"text":"지원자님께서는 특별하게 가고 싶은 회사가 있으신가요 그리고 특정 도메인이 중요한지 아니면 회사의 분위기가 중요한지 어떤 점을 중점적으로 보시는지 궁금합니다","wordCount":19},"emotion":[],"intent":[]},"answer":{"raw":{"text":"제가 이 회사에 입사 지원을 한 이유는 제가 가장 좋아하고 선호하는 회사이기 때문입니다. 제가 회사를 볼 때 여러 가지를 보긴 하는데요. 저는 가장 중점적으로 그 회사의 미래의 발전 방향성을 보는 것 같습니다. 그 회사가 어떤 사업을 추구하고 있고 또 앞으로 어떻게 발전할 건지를 보는데요. 왜냐하면 회사가 발전을 해야 저 개인에게도 다들 그 이익이 돌아오고 발전할 수 있기 때문입니다. 아무래도 요즘에는 최근에 트렌드가 많이 바뀌다 보니까 사업의 방향성이 중요한데요. 그래야 저희도 할 수 있는 일들이 있고 또 발전적으로 앞으로 저 개인의 업무도 추진할 수 있기 때문입니다. 그리고 저는 사실상 좀 오랫동안 장기적으로 다닐 수 있는 회사를 선호하는 편이긴 한데요. 회사가 불안정하게 되면 제 고용이나 복지 상태도 불안정해질 수 있기 때문에 현실적으로 이런 점들도 많이 보는 것 같습니다 그리고 아 회사의 분위기도 중요한데요. 제가 가장 오랫동안 시간을 보내는 회사이기 때문에 그 안에 분위기는 어떤지 또 회사에서 직원들을 대할 때 어떤 복지 혜택이 있고 서비스 문화는 어떤지도 고려하는 것 같습니다. 이런것들을 종합적으로 고려했을 때 제가 가장 올 수 있는 회사라고 생각을 해서 지원을 하게 됐습니다.","wordCount":162},"emotion":[],"intent":[{"text":"제가 이 회사에 입사 지원을 한 이유는 제가 가장 좋아하고 선호하는 회사이기   때문입니다.","expression":"c_sincere_job","category":"etc"},{"text":"이런것들을   종합적으로 고려했을 때 제가 가장 올 수 있는 회사라고 생각을 해서 지원을 하게 됐습니다.","expression":"c_sincere_job","category":"etc"}],"summary":{"text":"제가 이 회사에 입사 지원한 이유는 제가 가장 좋아하고 선호하는 회사이기 때문입니다. 회사를 볼 때 중점적으로 그 회사의 미래의 발전 방향성을 보는 것 같습니다. 사업이 발전을 해야 저 개인에게도 이익이 돌아오고 발전할 수 있기 때문입니다. 또한 회사 분위기도 중요하고 직원들을 대할 때 어떤 복지 혜택이 있고 서비스 문화는 어떤지도 고려하는 것 같았습니다. 이것들을 종합적으로 고려했을 때 제가 가장 올 수 있는 회사라고 생각해서 지원했습니다.","wordCount":64}}},"rawDataInfo":{"question":{"fileFormat":"wav","fileSize":621838,"duration":19430,"samplingBit":16,"channelCount":1,"samplingRate":"16kHz","audioPath":"/Mock/02.SalesMarketing/Female/Experienced/ckmk_q_sm_f_e_113577.wav"},"answer":{"fileFormat":"wav","fileSize":2835278,"duration":88600,"samplingBit":16,"channelCount":1,"samplingRate":"16kHz","audioPath":"/Mock/02.SalesMarketing/Female/Experienced/ckmk_a_sm_f_e_113577.wav"}}}