{"version":"1.0","dataSet":{"info":{"date":"20230116","occupation":"SM","channel":"MOCK","place":"ONLINE","gender":"FEMALE","ageRange":"35-44","experience":"EXPERIENCED"},"question":{"raw":{"text":"본인만의 스트레스 해소법이 있는지 있다면 왜 그런 방법으로 스트레스를 해소하는지 말씀해 주세요","wordCount":12},"emotion":[],"intent":[]},"answer":{"raw":{"text":"어 저는 어 스트레스를 받거나 힘들면 일단 하던 걸 다 멈춰두고 어 밤이든 낮이든 어 비가 오든 뭐 바람이 많이 불든 상관없이 일단 나가서 걸어요. 무조건 걸어요. 그냥 걸어요. 아무 생각 없이 걸어요. 근데 그렇게 걷다 보면 일단 이렇게 감정에 심한 이렇게 그 곡선을 이제 띄던 저의 이 마음과 저의 생각이 점차적으로 그 걸음에 집중하다 보면 잠잠해지고 좀 잔잔해지더라구요. 그러다보면 어 어떤 하나에 꽂혀 있어서 스트레스 받았던 저의 그런 마음들을 제가 삼 자가 돼서 이렇게 저를 다시 볼 수 있는 게 눈이 생기더라구요. 그렇게 걷고 나면 그래서 그렇게 걷다 보면 어 이 제 마음도 안정이 되고 저를 또 객관화할 수 있는 시간이기 때문에 저는 그렇게 걸으면서 어 저의 마음에 안정감을 취하고 있습니다.","wordCount":112},"emotion":[],"intent":[{"text":"","expression":"","category":"attitude"}],"summary":{"text":"스트레스 받거나 힘들면 하던 걸 다 멈춰두고 무조건 걸어요. 아무 생각 없이 걸으면 됩니다. 걷다 보면 저의 마음과 생각이 점차적으로 그 걸음에 집중하다 보면 잠잠해지고 다시 볼 수 있는 게 눈이 생깁니다. 그렇게 걸으면서 저는 마음에 안정감을 취하고 있습니다.","wordCount":39}}},"rawDataInfo":{"question":{"fileFormat":"wav","fileSize":326798,"duration":10210,"samplingBit":16,"channelCount":1,"samplingRate":"16kHz","audioPath":"/Mock/02.SalesMarketing/Female/Experienced/ckmk_q_sm_f_e_246405.wav"},"answer":{"fileFormat":"wav","fileSize":2238798,"duration":69960,"samplingBit":16,"channelCount":1,"samplingRate":"16kHz","audioPath":"/Mock/02.SalesMarketing/Female/Experienced/ckmk_a_sm_f_e_246405.wav"}}}