{"version":"1.0","dataSet":{"info":{"date":"20230116","occupation":"SM","channel":"MOCK","place":"ONLINE","gender":"FEMALE","ageRange":"35-44","experience":"EXPERIENCED"},"question":{"raw":{"text":"얼마 전 구급대원이 주치자에게 폭행을 당해 순직 당하는 일이 있었습니다 지원자님께서는 이 사건에 대해서 어떤 생각이신가요","wordCount":16},"emotion":[],"intent":[]},"answer":{"raw":{"text":"네 얼마 전에 구급대원이 술에 취한 주취자에게 폭행을 당하는 그런 안타까운 일이 있었습니다. 우리 사회가 다시는 이런 일이 발생하지 않았으면 좋겠구요. 아 본인의 본업에 충실하는데 이런 상황에 휘말려서 안타까운 일이 다시는 발생하지 않았으면 좋겠습니다. 그래서 저는 처벌이 좀 강화되야 된다고 생각을 합니다. 이런 일이 발생하지 않게 하기 위해서는 처벌을 강화하면 그 처벌이 무서워서라도 어 발생하지 않을 텐데 좀 그냥 기본적인 사항만 처리하고 그리고 엄벌하지 않으면서 사람들이 경각심이 좀 늦어진 거 아닌가 라는 생각이 들었습니다. 그래서 저는 기본적으로 다시는 이런 일이 발생하지 않도록 사회적으로 좀 제도적으로 정비를 갖춰야 될 것 같구요. 그리고 만약에 이런 상황이 발생했을 때 처벌의 기준을 강화한다고 하면 사람들이 굉장히 그거에 대해서 좀 조심하지 않을까 라는 생각이 들었습니다. 어 사실 우리 사회에 여러 가지 범죄나 그리고 안 좋은 사례가 나타나고 있는데요. 이런 거에 대해서 조금 더 엄격하고 잣대가 어 많아졌으면 좋겠습니다. 그리고 사람들이 그런 일을 하지 않도록 처벌을 강화해서 다시는 이런 일이 발생하지 않았으면 좋겠습니다.","wordCount":147},"emotion":[{"text":"네 얼마 전에 구급대원이 술에 취한 주취자에게 폭행을 당하는    그런 안타까운 일이 있었습니다.","expression":"u-fact","category":"neutral"}],"intent":[{"text":"","expression":"","category":"attitude"}],"summary":{"text":"최근 구급대원이 술에 취한 주취자에게 폭행을 당하는 안타까운 일이 있었습니다. 이 일이 다시는 발생하지 않았으면 좋겠습니다. 그래서 저는 처벌이 강화되야 한다고 생각합니다. 처벌을 강화하면 사람들이 경각심이 늦어진 것 아닌가 싶습니다. 또 다시는 이런 일이 발생하지 않도록 제도적 정비를 갖춰야 될 것 같습니다.","wordCount":42}}},"rawDataInfo":{"question":{"fileFormat":"wav","fileSize":479438,"duration":14980,"samplingBit":16,"channelCount":1,"samplingRate":"16kHz","audioPath":"/Mock/02.SalesMarketing/Female/Experienced/ckmk_q_sm_f_e_134890.wav"},"answer":{"fileFormat":"wav","fileSize":2777038,"duration":86780,"samplingBit":16,"channelCount":1,"samplingRate":"16kHz","audioPath":"/Mock/02.SalesMarketing/Female/Experienced/ckmk_a_sm_f_e_134890.wav"}}}