{"version":"1.0","dataSet":{"info":{"date":"20230116","occupation":"SM","channel":"MOCK","place":"ONLINE","gender":"FEMALE","ageRange":"45-54","experience":"EXPERIENCED"},"question":{"raw":{"text":"귀하께서는 남들과 비교해 본인만의 경쟁력이 있다면 그것이 무엇인지 말씀해 주세요","wordCount":10},"emotion":[],"intent":[]},"answer":{"raw":{"text":"네 저의 최대의 경쟁력은 매사에 있는 자신감입니다. 저는 매사에 자신감을 가지고 제 자신을 사랑하면서 열심히 살아가는 사람입니다. 어 제가 말씀드리는 자신감은 자만심이 아니고요.제 자신에 대한 확신과 믿음입니다. 어 물론 사람마다 각자의 생각이 다르고 또 다양하게 사회가 변화하고 있습니다. 그런데도 본인이 본인 스스로에 대해서 자신감을 가지는 건 굉장히 중요하다고 생각을 하는데요. 왜냐하면 자신감이 있어야 모든 일을 처리할 때 어 확신을 가지고 자신 있게 처리할 수 있기 때문입니다. 실제로 자존감 자신감을 가지는 건 어 인생을 살아가는데 매우 중요하다 라는 생각을 하고요. 그리고 업무를 진행하는데도 이러한 자신감이 있냐 없냐에 따라서 결과도 달라질 수 있다고 생각을 합니다. 그렇기 때문에 저는 어렸을 때부터 성공적으로 매사에 일을 진행을 하면서 좀 자신감 있게 하는 성격을 가지고 있습니다. 그래서 앞으로도 열심히 최선을 다해서 할 예정이고요. 자신감 있는 인생을 사는 게 저의 최대의 경쟁력이라고 생각을 합니다.","wordCount":127},"emotion":[],"intent":[{"text":"그렇기 때문에 저는 어렸을 때부터   성공적으로 매사에 일을 진행을 하면서 좀 자신감 있게 하는 성격을 가지고   있습니다.","expression":"c_person","category":"background"}],"summary":{"text":"저는 자만심이 아니라 매사에 자신감이 있습니다. 제 자신에 대한 확신과 믿음이 제 최대의 경쟁력입니다. 본인이 스스로에 대해 자신감을 가지는 것은 굉장히 중요하다고 생각합니다. 업무를 진행하는데도 이러한 자신감이 있냐 없냐에 따라 결과가 달라질 수 있다고 생각을 합니다. 자신감 있는 인생을 사는 것이 최대의 경쟁력이라고 생각합니다.","wordCount":44}}},"rawDataInfo":{"question":{"fileFormat":"wav","fileSize":364878,"duration":11400,"samplingBit":16,"channelCount":1,"samplingRate":"16kHz","audioPath":"/Mock/02.SalesMarketing/Female/Experienced/ckmk_q_sm_f_e_109665.wav"},"answer":{"fileFormat":"wav","fileSize":2557518,"duration":79920,"samplingBit":16,"channelCount":1,"samplingRate":"16kHz","audioPath":"/Mock/02.SalesMarketing/Female/Experienced/ckmk_a_sm_f_e_109665.wav"}}}