{"version":"1.0","dataSet":{"info":{"date":"20230116","occupation":"SM","channel":"MOCK","place":"ONLINE","gender":"FEMALE","ageRange":"35-44","experience":"EXPERIENCED"},"question":{"raw":{"text":"지원자님께서 지금까지 살아오면서 이룬 성과가 있으실 텐데요 그 성과 중에 가장 큰 성과는 무엇일까요 어 그걸 저희한테 한 번 자랑해 주십시 주시기 바랍니다","wordCount":23},"emotion":[],"intent":[]},"answer":{"raw":{"text":"제가 이전 직장에서 근무하면서 기억에 남는 업무 경험이 있는데 유명할 만큼 깐깐했던 거래처가 있었습니다. 그 거래처에서 저희 쪽으로 어떠한 강의 의뢰가 들어왔었는데 그때 저희가 열악한 상황이기 했지만 그래도 최대한 놓치고 싶지 않은 거래였기 때문에 조금 더 최대한 조율을 시도하고 조금 더 많은 대화를 통해서 저희 쪽에게도 조금 더 적절하게 맞출 수 있게끔 요청 드리고 수많은 견적서를 보내고 수많은 전화 통화를 하면서 이야기를 나눈 결과 저희 쪽이 저희 쪽과 최종적으로 거래를 성사하게 된 그러한 경험이 있었는데 그 성과가 제가 신입 때였긴 했지만 그래도 정말 일한 기간에 비해서 좋은 성과를 내었다고 칭찬을 받아서 기억에 남습니다.","wordCount":93},"emotion":[],"intent":[{"text":"그 거래처에서 저희 쪽으로 어떠한 강의 의뢰가 들어왔었는데 그때 저희가   열악한 상황이기 했지만 그래도 최대한 놓치고 싶지 않은 거래였기 때문에 조금 더 최대한 조율을 시도하고   조금 더 많은 대화를 통해서 저희 쪽에게도 조금 더 적절하게 맞출 수 있게끔   요청 드리고 수많은 견적서를 보내고 수많은 전화 통화를 하면서 이야기를 나눈 결과 저희 쪽이 저희 쪽과 최종적으로   거래를 성사하게 된 그러한 경험이 있었는데 그 성과가 제가 신입 때였긴 했지만 그래도 정말 일한 기간에 비해서 좋은 성과를 내었다고 칭찬을 받아서 기억에 남습니다.","expression":"s_pers","category":"attitude"}],"summary":{"text":"이전 직장에서 유명할 만큼 깐깐했던 거래처가 있었습니다. 그 거래처에서 강의 의뢰가 들어왔고 조율을 시도하고 대화로 조율을 요청하면서 최종적으로 거래를 성사하게 된 경험이 있습니다. 그 성과가 신입 때였지만 좋은 성과를 내었다고 칭찬을 받아서 기억에 남습니다.","wordCount":34}}},"rawDataInfo":{"question":{"fileFormat":"wav","fileSize":460878,"duration":14400,"samplingBit":16,"channelCount":1,"samplingRate":"16kHz","audioPath":"/Mock/02.SalesMarketing/Female/Experienced/ckmk_q_sm_f_e_104060.wav"},"answer":{"fileFormat":"wav","fileSize":2099918,"duration":65620,"samplingBit":16,"channelCount":1,"samplingRate":"16kHz","audioPath":"/Mock/02.SalesMarketing/Female/Experienced/ckmk_a_sm_f_e_104060.wav"}}}