{"version":"1.0","dataSet":{"info":{"date":"20230116","occupation":"SM","channel":"MOCK","place":"ONLINE","gender":"FEMALE","ageRange":"45-54","experience":"EXPERIENCED"},"question":{"raw":{"text":"본인은 팀장에 더 잘 맞을 것 같으세요 아니면 팀원에 더 잘 맞을 것 같으세요 이유와 함께 설명해 주시기 바랍니다","wordCount":19},"emotion":[],"intent":[]},"answer":{"raw":{"text":"저 같은 경우에는 팀장보다는 팀원에 좀 더 잘 맞는 사람입니다. 그 이유는 저는 제 자신의 능력에 대해서 잘 알고 있는데요. 물론 저 역시도 어렸을 때는 팀장을 꿈꾸는 사람이었습니다. 제가 여기서 말하는 팀장이라는 건 정말 직책적인 그런 의미가 아니고 리더로서의 역할을 의미합니다. 그런 의미에서 볼 때 제가 자기 주도 능력이 없는 그런 리더십이 없는 사람이 아니고 리더십이 있지만 나는 내가 팔로워로서 활동을 할 때가 더 큰 성과를 낼 수 있다 라는 점에 대해서 너무 잘 알고 있었기 때문에 방금과 같이 대답을 하였습니다.","wordCount":81},"emotion":[],"intent":[{"text":"","expression":"","category":"attitude"}],"summary":{"text":"저는 리더십이 없지만 팔로워로서 활동을 할 때가 더 큰 성과를 낼 수 있다는 점을 알고 있어서 팀원에 좀 더 잘 맞는 사람이라고 생각합니다.","wordCount":23}}},"rawDataInfo":{"question":{"fileFormat":"wav","fileSize":429838,"duration":13430,"samplingBit":16,"channelCount":1,"samplingRate":"16kHz","audioPath":"/Mock/02.SalesMarketing/Female/Experienced/ckmk_q_sm_f_e_230906.wav"},"answer":{"fileFormat":"wav","fileSize":1827278,"duration":57100,"samplingBit":16,"channelCount":1,"samplingRate":"16kHz","audioPath":"/Mock/02.SalesMarketing/Female/Experienced/ckmk_a_sm_f_e_230906.wav"}}}