{"version":"1.0","dataSet":{"info":{"date":"20230116","occupation":"SM","channel":"MOCK","place":"ONLINE","gender":"FEMALE","ageRange":"45-54","experience":"EXPERIENCED"},"question":{"raw":{"text":"지금까지 인생을 살아오면서 가장 후회되는 일이 있다면 어떤 것인지 궁금한데요 한 가지만 저에게 말씀해 주세요","wordCount":15},"emotion":[],"intent":[]},"answer":{"raw":{"text":"어 지금 가장 후회되는 일이라면 어 예전에 그러니까 뭐 고등학교 대학교 시절 공부만 할 수 있었던 그 시절에 왜 더 열심히 어 공부하지 않았나 그런 아쉬움이 있습니다. 그까 그때 공부를 더 해서 어 좀 깊은 생각을 좀 하고 하루하루 시간을 낭비하지 않고 어 잘 살았으면 조금 더 다른 어떤 것이 보이지 않았을까 뭐 그런 아쉬움이 늘 있고 그렇기 때문에 계속해서 음 책이라도 보고 뭐라도 계속 그 지적인 저의 호기심을 왕성하게 채우기 위해서 노력은 했지만 정말 어떤 진로 고민을 해야 하고 그거에 직접적으로 어 그 좌지우지 할 수 있는 그런 노력을 할 수 있었던 그 시절에 좀 나태하지 않았나 물론 뭐 해야 될 일은 하고 맡은 바 그런 공부를 하긴 했지만 더 열심히 했었다면 어땠을까 예 그런 아쉬움 후회가 있습니다.","wordCount":119},"emotion":[{"text":"그까 그때 공부를 더 해서 어 좀 깊은 생각을 좀 하고 하루하루 시간을 낭비하지 않고 어 잘 살았으면 조금 더 다른 어떤 것이 보이지 않았을까 뭐 그런 아쉬움이 늘 있고 그렇기 때문에 계속해서 음 책이라도 보고 뭐라도 계속 그 지적인 저의 호기심을 왕성하게 채우기 위해서 노력은 했지만 정말 어떤 진로 고민을 해야 하고 그거에 직접적으로 어 그 좌지우지 할 수 있는 그런 노력을 할 수 있었던 그 시절에 좀 나태하지 않았나 물론 뭐 해야 될 일은 하고 맡은 바 그런 공부를 하긴 했지만 더 열심히 했었다면 어땠을까 예 그런 아쉬움 후회가 있습니다.","expression":"n-distress","category":"negative"}],"intent":[{"text":"","expression":"","category":"attitude"}],"summary":{"text":"고등학교 대학교 시절 공부만 할 수 있었던 그 시절에 왜 더 열심히 하지 않았나 하는 아쉬움이 있습니다. 공부는 해야 될 일은 하고 맡은 바 공부를 했지만 더 열심히 했었다면 어떠했을 지 그런 아쉬움 후회가 있었습니다.","wordCount":35}}},"rawDataInfo":{"question":{"fileFormat":"wav","fileSize":337038,"duration":10530,"samplingBit":16,"channelCount":1,"samplingRate":"16kHz","audioPath":"/Mock/02.SalesMarketing/Female/Experienced/ckmk_q_sm_f_e_239754.wav"},"answer":{"fileFormat":"wav","fileSize":2728078,"duration":85250,"samplingBit":16,"channelCount":1,"samplingRate":"16kHz","audioPath":"/Mock/02.SalesMarketing/Female/Experienced/ckmk_a_sm_f_e_239754.wav"}}}