{"version":"1.0","dataSet":{"info":{"date":"20230116","occupation":"SM","channel":"MOCK","place":"ONLINE","gender":"FEMALE","ageRange":"35-44","experience":"EXPERIENCED"},"question":{"raw":{"text":"만약에 지원자님께서 지금 지원한 직무가 아니라 다른 직무를 진행하고는 다른 부서에 배치가 되게 된다면 그 상황에서는 지원자님이 어떻게 하실 예정이신가요 새로 배치받은 다른 부서에서 일할 건가요","wordCount":26},"emotion":[],"intent":[]},"answer":{"raw":{"text":"어 제가 이 업무에서 이 직종에서 할 수 있는 일은 사실 다 했었거든요. 그래서 다른 부서로 배치될 가능성이 거의 적을 거라고 알고 있는데 어떤 업무로 제가 배치가 될지 모르겠지만 아예 여기에 매장을 벗어난 다른 업무를 하게 되는 건지 잘 모르겠지만 어느 정도는 수용할 수 있을 것 같습니다. 어쨌든 제가 여기서 굉장히 오랜 시간 좀 많이 기본을 쌓아왔고 어 그걸 토대로 다른 부서 가서도 새롭게 잘 배우면서 적응할 수 있을 것 같애요.","wordCount":71},"emotion":[],"intent":[{"text":"","expression":"","category":"attitude"}],"summary":{"text":"저는 이 직종에서 할 수 있는 일은 다 했습니다. 그래서 다른 부서로 배치될 가능성은 거의 없지만 어느 정도는 수용할 수 있을 것 같습니다. 오랜 시간 기본을 쌓아왔기 때문에 적응할 수 있을 것으로 보입니다.","wordCount":33}}},"rawDataInfo":{"question":{"fileFormat":"wav","fileSize":659278,"duration":20600,"samplingBit":16,"channelCount":1,"samplingRate":"16kHz","audioPath":"/Mock/02.SalesMarketing/Female/Experienced/ckmk_q_sm_f_e_149527.wav"},"answer":{"fileFormat":"wav","fileSize":1395278,"duration":43600,"samplingBit":16,"channelCount":1,"samplingRate":"16kHz","audioPath":"/Mock/02.SalesMarketing/Female/Experienced/ckmk_a_sm_f_e_149527.wav"}}}