{"version":"1.0","dataSet":{"info":{"date":"20230116","occupation":"SM","channel":"MOCK","place":"ONLINE","gender":"FEMALE","ageRange":"-34","experience":"EXPERIENCED"},"question":{"raw":{"text":"지원자님 얼마 전에 구급대원이 주취자에 폭행을 당해 순직 당한 일이 있었습니다 이 사건에 대해 어떻게 생각하시나요 설명 부탁드릴게요","wordCount":18},"emotion":[],"intent":[]},"answer":{"raw":{"text":"구급대원이 주취자에게 폭행을 당해 순직한 사건에 대해서 정말 안타깝게 생각합니다. 이 사건은 어 구급대원의 안전에 대한 조치가 미비했다고 생각합니다. 주취자가 폭행을 한다면 다른 동료 구급대원이나 주변에 있던 시민들이 충분히 막을 수 있었을 것으로 예상되지만 그렇지 않았다는 점에서 각박하다고 느꼈고 어 서로 돕는 사회가 되어야 한다고 생각했습니다. 남 일이라고 방관하거나 어 신경을 끄는 것보다는 누군가가 어려움에 처해 있다면 그것을 내일처럼 도와주고 어 나서 주는 그런 용기 있는 자세가 필요하다고 생각합니다. 어 현대에 들어섬으로써 많은 사람들이 이기적인 경우가 많은데 어 이타적으로 모두가 이타적일 때 행복한 사회가 될 수 있다고 생각합니다.","wordCount":88},"emotion":[],"intent":[{"text":"남 일이라고 방관하거나 어 신경을 끄는 것보다는   누군가가 어려움에 처해 있다면 그것을 내일처럼 도와주고   어 나서 주는 그런 용기 있는 자세가 필요하다고 생각합니다.","expression":"c_value","category":"background"},{"text":"어 현대에 들어섬으로써 많은 사람들이 이기적인 경우가 많은데   어 이타적으로 모두가 이타적일 때 행복한 사회가 될 수 있다고 생각합니다.","expression":"c_value","category":"background"}],"summary":{"text":"구급대원이 주취자에게 폭행 당해 순직한 사건은 안전에 대한 조치가 미비했다고 생각되어 서로 돕는 사회가 되어야 한다고 생각했습니다. 누군가가 어려움에 처해 있다면 그것을 내일처럼 도와주고 나서 주는 용기 있는 자세가 필요하다고 생각합니다.","wordCount":31}}},"rawDataInfo":{"question":{"fileFormat":"wav","fileSize":408398,"duration":12760,"samplingBit":16,"channelCount":1,"samplingRate":"16kHz","audioPath":"/Mock/02.SalesMarketing/Female/Experienced/ckmk_q_sm_f_e_163913.wav"},"answer":{"fileFormat":"wav","fileSize":2668238,"duration":83380,"samplingBit":16,"channelCount":1,"samplingRate":"16kHz","audioPath":"/Mock/02.SalesMarketing/Female/Experienced/ckmk_a_sm_f_e_163913.wav"}}}