{"version":"1.0","dataSet":{"info":{"date":"20230116","occupation":"SM","channel":"MOCK","place":"ONLINE","gender":"FEMALE","ageRange":"35-44","experience":"EXPERIENCED"},"question":{"raw":{"text":"지금부터 삼 년 뒤까지 삼 년 내에 주요 성장 계획이나 목표가 있습니까 있다면 무엇인지 알려주세요","wordCount":15},"emotion":[],"intent":[]},"answer":{"raw":{"text":"그 성장 계획이라는 게 그 저의 개인적인 거를 물어보시는 걸까요. 어 삼 년 내에 아니요 저는 딱히 목표가 없습니다. 그냥 지금 하고 있는 일을 계속 잘 해내는 게 제 목표고 성장적인 면이라면은 뭐 이 업무에서 좀 더 진급을 하면 좋겠지만 아직은 그렇게까지 그거를 두구 막 중점으로 두고 일을 하는 건 아닙니다.","wordCount":51},"emotion":[],"intent":[{"text":"","expression":"","category":"attitude"}],"summary":{"text":"저는 성장 계획이 없습니다. 계속 일을 잘 해내는 게 목표이고 성장적인 면이라면 진급이 좋겠지만 그렇게까지 중점으로 두고 일을 하는 건 아닙니다.","wordCount":21}}},"rawDataInfo":{"question":{"fileFormat":"wav","fileSize":465038,"duration":14530,"samplingBit":16,"channelCount":1,"samplingRate":"16kHz","audioPath":"/Mock/02.SalesMarketing/Female/Experienced/ckmk_q_sm_f_e_125585.wav"},"answer":{"fileFormat":"wav","fileSize":1326158,"duration":41440,"samplingBit":16,"channelCount":1,"samplingRate":"16kHz","audioPath":"/Mock/02.SalesMarketing/Female/Experienced/ckmk_a_sm_f_e_125585.wav"}}}