{"version":"1.0","dataSet":{"info":{"date":"20230116","occupation":"SM","channel":"MOCK","place":"ONLINE","gender":"FEMALE","ageRange":"35-44","experience":"EXPERIENCED"},"question":{"raw":{"text":"면접자께서는 프로젝트를 수행했던 경험이 있으신가요 있으시다면 프로젝트 내에서 본인의 역할에 대해서 설명 부탁드리겠습니다","wordCount":13},"emotion":[],"intent":[]},"answer":{"raw":{"text":"네 저는 대규모 영업 마케팅 프로젝트를 진행한 경험을 가지고 있습니다. 어 당시에 저의 프로젝트의 롤은 리더였는데요. 어 제가 직무 경험이 많지는 않았지만 저에게 리더의 역할을 주셔서 제가 그 역할을 잘 수행해 낸 경험이 있습니다. 어 당시에 대형 마케팅 프로젝트였고요. 신제품이 출시가 되면서 저희가 마케팅 전략을 수립을 했습니다. 당시에 팀원이 꽤 만나서 저희가 그것들을 같이 협업을 하고 또 어떠한 마케팅 프로세스를 짤 것인가에 대해서 고민이 많았습니다. 그리고 그 뿐만이 아니라 저희가 콜러브레이션을 통해서 다른 기업과 함께 협업을 진행을 했는데요. 그렇기 때문에 대형 프로젝트였습니다. 많은 사람들이 참여를 하고 또 각각의 방식과 이해관계가 달랐기 때문에 해결해야 될 점이 굉장히 많았는데요. 하지만 저는 이 과정들을 조금 겪으면서 제가 한 단계 더 많이 성장할 수 있는 계기가 됐던 것 같고요. 그리고 이 프로젝트를 수행을 하면서 영업과 판매 그리고 마케팅에 대해서 조금 더 많이 알 수 있는 계기가 된 것 같습니다. 저는 거기서 리더로서 업무를 성실하게 수행을 한 바 있습니다.","wordCount":144},"emotion":[],"intent":[{"text":"","expression":"","category":"attitude"}],"summary":{"text":"대규모 영업 마케팅 프로젝트를 진행한 경험이 있습니다. 신제품이 출시가 되면서 마케팅 전략을 수립하고 팀원과 협업할 프로세스를 고민했습니다. 콜러브레이션을 통해서 다른 기업과 협업을 했습니다. 많은 사람들이 참여하고 방식과 이해관계가 달랐기 때문에 해결해야 될 점이 많았지만 이 과정들을 겪으면서 성장하게 됐고, 영업과 판매 그리고 마케팅에 대해 많이 알게 됐습니다.","wordCount":47}}},"rawDataInfo":{"question":{"fileFormat":"wav","fileSize":379598,"duration":11860,"samplingBit":16,"channelCount":1,"samplingRate":"16kHz","audioPath":"/Mock/02.SalesMarketing/Female/Experienced/ckmk_q_sm_f_e_107694.wav"},"answer":{"fileFormat":"wav","fileSize":2553038,"duration":79780,"samplingBit":16,"channelCount":1,"samplingRate":"16kHz","audioPath":"/Mock/02.SalesMarketing/Female/Experienced/ckmk_a_sm_f_e_107694.wav"}}}