{"version":"1.0","dataSet":{"info":{"date":"20230116","occupation":"SM","channel":"MOCK","place":"ONLINE","gender":"FEMALE","ageRange":"45-54","experience":"EXPERIENCED"},"question":{"raw":{"text":"다른 사람이 생각하는 지원자님의 장단점은 무엇인가요 지원자님이 생각하시는 그 이유를 함께 말씀해 주시기 바랍니다","wordCount":14},"emotion":[],"intent":[]},"answer":{"raw":{"text":"어 다른 사람이 생각하는 저의 장점이라면 글쎄요. 저는 좀 스마트함 그리고 이제 옳고 그름에 대한 어떤 기준이 명확하고 좀 논리적이지 않나 그까 그런 말들을 많이 들었었던 것 같구요. 어 그리고 이제 좀 활발하고 명랑해서 분위기를 좀 어 띄운다고 하나 뭐 이제 그런 분위기 메이커의 역할도 한다는 얘기를 많이 들어서 고는 장점이라 생각하는데 아 또 단점 같은 경우에는 옳고 그름에 대한 그런 것들이 너무 명확하다 보니까 어 다른 사람들의 그런 그 옳고 그름 그른 제 생각과 다른 어 근데 이제 그게 뭐 일반적인 제 개인의 생각이 아니라 상식 수준의 그런 옳고 그름에 위배되는 그런 행동을 하거나 하면 좀 참지 못하고 어 말하는 성격이라서 그런 거에 좀 당황을 하는 상대방이 좀 당황을 하는 경우가 있어서 그런 부분은 좀 단점이 아닌가 네 그렇게 말을 듣고 있는 것 같습니다.","wordCount":125},"emotion":[],"intent":[{"text":"","expression":"","category":"attitude"}],"summary":{"text":"다른이의 장점은 스마트함과 논리적인 기준, 그리고 분위기 메이커의 역할도 한다는 장점이라 생각하는데 단점은 일반적인 제 개인적 생각이 아닌 상식 수준의 옳고 그름에 위배되는 행동을 하거나 상대방이 당황을 하는 경우가 있는 것 같습니다.","wordCount":32}}},"rawDataInfo":{"question":{"fileFormat":"wav","fileSize":456398,"duration":14260,"samplingBit":16,"channelCount":1,"samplingRate":"16kHz","audioPath":"/Mock/02.SalesMarketing/Female/Experienced/ckmk_q_sm_f_e_180970.wav"},"answer":{"fileFormat":"wav","fileSize":2524878,"duration":78900,"samplingBit":16,"channelCount":1,"samplingRate":"16kHz","audioPath":"/Mock/02.SalesMarketing/Female/Experienced/ckmk_a_sm_f_e_180970.wav"}}}