{"version":"1.0","dataSet":{"info":{"date":"20230116","occupation":"SM","channel":"MOCK","place":"ONLINE","gender":"FEMALE","ageRange":"35-44","experience":"EXPERIENCED"},"question":{"raw":{"text":"비투비 마케팅은 비투씨 마케팅과 어떻게 다르며 어떤 채널에서 어떤 방법으로 운영하였을 때 비투비 마케팅에서 가장 효율성이 나타났었는지 본인의 케이스와 함께 이야기해 주시기 바랍니다","wordCount":23},"emotion":[],"intent":[]},"answer":{"raw":{"text":"네 비투비 마케팅도 굉장히 중요한 요소인 것 같습니다 비지니스 투 비즈니스 마케팅이라고 많이들 부르는데요. 네 기업과 기업 간의 마케팅을 의미하는 것 같습니다. 어 자는 비투씨 그러니까 비즈니스 투 컨슈머 그니까 컨슈머에게 대하는 그 영업 뿐만이 아니라 저는 사실 기업과 기업 간의 그 마케팅도 굉장히 저는 좋아하고 그 분야를 집중적으로 업무를 담당해 보고 싶다는 생각이 듭니다. 왜냐하면 기존에 있는 이제 컨슈머 소비자들을 만나는 것 뿐만이 아니라 기업과 기업 간의 이 마케팅을 하는 것도 앞으로 굉장히 다양한 방식으로 진행이 되고 있습니다. 왜냐하면 기업들이 점점 더 다양한 방식으로 진화하고 있고 여러 가지 가치관을 원하는 측면이 있습니다. 그리고 서로의 방향성과 목적성이 다르기 때문에 그거를 잘 협업을 통해서 시너지를 낼 수 있는 게 중요하다고 생각을 하는데요. 그럴려면 협상 능력이 있어야 될 것 같구요. 우리의 가치를 본질을 지키면서도 또 같이 협업해서 시너지를 낼 수 있게끔 그걸 이끄는 게 중요하다고 생각을 합니다. 그래서 소비자들을 만나는 것 뿐만이 아니라 컨슈머 마케팅 뿐만이 아니라 어 기업을 만나서 설득하는 과정 그리고 협업을 이끌으 과정을 통해서 훨씬 더 배울 점이 많다고 생각을 합니다.","wordCount":162},"emotion":[],"intent":[{"text":"","expression":"","category":"attitude"}],"summary":{"text":"비지니스 투 비즈니스 마케팅은 기업과 기업 간의 마케팅을 의미하는 것 같습니다. 그 분야를 집중적으로 업무 담당해 보고 싶은 이유는 기업들이 점점 더 다양한 방식으로 진화하고 있고 여러 가지 가치관을 원하는 측면이 있기 때문입니다. 협업을 통해 시너지를 낼 수 있게끔 이끄는 게 중요하다고 생각합니다. 기업을 만나서 설득하는 과정 그리고 협업을 이끄는 과정을 통해서 배울 점이 많다고 생각 합니다.","wordCount":57}}},"rawDataInfo":{"question":{"fileFormat":"wav","fileSize":606478,"duration":18950,"samplingBit":16,"channelCount":1,"samplingRate":"16kHz","audioPath":"/Mock/02.SalesMarketing/Female/Experienced/ckmk_q_sm_f_e_135019.wav"},"answer":{"fileFormat":"wav","fileSize":2854478,"duration":89200,"samplingBit":16,"channelCount":1,"samplingRate":"16kHz","audioPath":"/Mock/02.SalesMarketing/Female/Experienced/ckmk_a_sm_f_e_135019.wav"}}}