{"version":"1.0","dataSet":{"info":{"date":"20230116","occupation":"SM","channel":"MOCK","place":"ONLINE","gender":"FEMALE","ageRange":"35-44","experience":"EXPERIENCED"},"question":{"raw":{"text":"저희 회사에 입사하시게 되면 저희 업무 특성상 야근 잔업 외근이 많아질 수도 있습니다 이런 부분은 괜찮으실까요","wordCount":16},"emotion":[],"intent":[]},"answer":{"raw":{"text":"일단 뭐 외근이야 워낙 잦으니까 그리고 원래 주 일이 외근이기 때문에 그거는 굉장히 단련이 되어 있어서 잘할 자신이 있는데 야근이나 잔업 같은 경우는 사실 저희 업무에서는 거의 없는 일이라고 생각이 들거든요. 그래서 사실 그런 일들이 생길 때가 뭐가 있을지 좀 궁금하기도 하고 만약에 야근이나 잔업이 많아질 것 같다면은 좀 유동적으로 근무시간을 쓸 수 있게끔 해주면 좋을 것 같습니다. 저는 외근 같은 게 힘든 건 아닌데 제 근무시간을 너무 많이 초과하는 거는 좀 지속성을 얻기가 힘들어 가지구 그런 부분들은 좀 양해해 주셨으면 좋겠습니다.","wordCount":82},"emotion":[],"intent":[{"text":"","expression":"","category":"attitude"}],"summary":{"text":"근무시간을 유동적으로 쓸 수 있게 해주셨으면 좋겠습니다. 외근이 잦지만 주 일이 외근이라 할 수 있는데 야근이나 잔업은 거의 없는 일이라고 생각합니다. 근무시간을 너무 많이 초과하는 것은 좀 양해해 주셨으면 합니다.","wordCount":30}}},"rawDataInfo":{"question":{"fileFormat":"wav","fileSize":528718,"duration":16520,"samplingBit":16,"channelCount":1,"samplingRate":"16kHz","audioPath":"/Mock/02.SalesMarketing/Female/Experienced/ckmk_q_sm_f_e_125584.wav"},"answer":{"fileFormat":"wav","fileSize":1652238,"duration":51630,"samplingBit":16,"channelCount":1,"samplingRate":"16kHz","audioPath":"/Mock/02.SalesMarketing/Female/Experienced/ckmk_a_sm_f_e_125584.wav"}}}