{"version":"1.0","dataSet":{"info":{"date":"20230116","occupation":"SM","channel":"MOCK","place":"ONLINE","gender":"FEMALE","ageRange":"35-44","experience":"EXPERIENCED"},"question":{"raw":{"text":"지원자님에 스트레스 해소 방법이 있다면 무엇일까요 그리고 왜 그 방법으로 스트레스를 해소하는지도 궁금합니다","wordCount":13},"emotion":[],"intent":[]},"answer":{"raw":{"text":"저는 좀 그동안 제가 사고 싶었던 거를 소비하는 편인데 평소에 이렇게 맘에 드는 것들 있잖아요. 옷일 수도 있고 뭐 화장품일 수도 있고 그 외에 어떤 물건들일 수도 있는데 그런 것들을 장바구니 그냥 담아놔요. 담아놨다가 결제를 사실 하지 않거든요. 근데 너무 스트레스 받을 때 그 결제 버튼을 누릅니다. 좀 돈을 쓰면서 해소하는 편이라서 좀 물질적으로 얻는 것 같아요 만족을.","wordCount":58},"emotion":[],"intent":[{"text":"","expression":"","category":"attitude"}],"summary":{"text":"평소 사고 싶던 것을 장바구니에 담는데 결제를 하지 않아 스트레스를 받으면 결제 버튼을 누릅니다. 돈을 쓰면서 해소하는 편이라서 물질적으로 만족을 얻습니다.","wordCount":21}}},"rawDataInfo":{"question":{"fileFormat":"wav","fileSize":337038,"duration":10530,"samplingBit":16,"channelCount":1,"samplingRate":"16kHz","audioPath":"/Mock/02.SalesMarketing/Female/Experienced/ckmk_q_sm_f_e_149529.wav"},"answer":{"fileFormat":"wav","fileSize":1152078,"duration":36000,"samplingBit":16,"channelCount":1,"samplingRate":"16kHz","audioPath":"/Mock/02.SalesMarketing/Female/Experienced/ckmk_a_sm_f_e_149529.wav"}}}