{"version":"1.0","dataSet":{"info":{"date":"20230116","occupation":"SM","channel":"MOCK","place":"ONLINE","gender":"FEMALE","ageRange":"35-44","experience":"EXPERIENCED"},"question":{"raw":{"text":"만약 일을 하던 중에 직무가 본인의 적성에 맞지 않는다고 느끼신다면 지원자님은 그 상황에서 어떻게 하실 건지 말씀 부탁드립니다","wordCount":18},"emotion":[],"intent":[]},"answer":{"raw":{"text":"일단 먼저 가정 하에 네 제 업무가 직무가 적성에 맞지 않는다고 한다면 제 인사고과를 반영하고 책임지고 계시는 팀장님이나 어 이런 분들에게 부서장님께 좀 말씀을 드려보는 것이 좋지 않을까 생각합니다. 제가 하고 있는 어려움이 분명히 그분들에게도 있었을 것이고 그분들이 어떻게 타결했는지 그것을 어떻게 극복했는지 노하우를 좀 전수를 받아서 만약에 제가 그렇게 노력을 해보고 그래도 안 된다 라고 한다면 어 타부서에게로 이동한다든가 아니면 업무에 성향 성격이나 아니면 이런 것들을 좀 바꿔줄 수 있는 부분이 있다면 바꿔주십사 요청을 드리는 것이 가장 좋다 라고 생각합니다. 어 일단 어려움이 닥쳐서 제 마음이나 아니면 기분이나 이런 것들이 다른 업무에도 영향을 미칠 거라고 생각합니다. 그렇다고 한다면 그것은 회사에게도 크나 큰 손실이기 때문에 이런 것은 위에 분들에게 좀 말을 해서 해결할 수 있게끔 그리고 저 자신도 좀 도움을 받을 수 있게끔 노력할 일 수 있다고 생각합니다.","wordCount":128},"emotion":[],"intent":[{"text":"","expression":"","category":"attitude"}],"summary":{"text":"업무가 적성에 맞지 않는다고 한다면 제 인사고과를 반영하고 책임지고 계시는 팀장님이나 이런 분들께 부서장님께 좀 말씀을 드려보는 것이 좋다고 생각합니다. 어려움이 닥쳐서 제 마음이나 기분들이 다른 업무에도 영향을 미칠거라 생각합니다.","wordCount":30}}},"rawDataInfo":{"question":{"fileFormat":"wav","fileSize":615118,"duration":19220,"samplingBit":16,"channelCount":1,"samplingRate":"16kHz","audioPath":"/Mock/02.SalesMarketing/Female/Experienced/ckmk_q_sm_f_e_227242.wav"},"answer":{"fileFormat":"wav","fileSize":2470798,"duration":77210,"samplingBit":16,"channelCount":1,"samplingRate":"16kHz","audioPath":"/Mock/02.SalesMarketing/Female/Experienced/ckmk_a_sm_f_e_227242.wav"}}}