{"version":"1.0","dataSet":{"info":{"date":"20230116","occupation":"SM","channel":"MOCK","place":"ONLINE","gender":"FEMALE","ageRange":"35-44","experience":"EXPERIENCED"},"question":{"raw":{"text":"지원자님의 성격 상 장점과 단점에 대해 각각 말씀해 주세요 구체적인 예시를 들어서 말씀해 주셔도 좋습니다","wordCount":15},"emotion":[],"intent":[]},"answer":{"raw":{"text":"그 저는 장점이 되게 친화력이라고 생각하거든요. 되게 사람들을 잘 대하고 분위기를 잘 띄우는 편인데 좀 그까 그 부분이 장점이자 단점이라고 생각을 안 하고 저희 되게 크 커다란 장점이라고 생각하긴 하거든요. 근데 어 이런 성격 때문에 좀 뭐 나댄다 라는 말을 들은 적도 많았어 가지구 뭐 이게 그런 말을 들었다고 해서 저의 그런 성격이 장점이 단점이에요라고 말하기는 좀 자존심 상하더라구요. 그래서 제 장점은 일단 친화력이 좋고 분위기를 잘 띄우는 건데 단점은 이런 것들을 좀 받아들이지 않으려고 하는 고집이라고 생각합니다. 그래서 뭐 그런 피드백이 와도 좀 기죽지 않는 편이기도 하구요. 그리고 되게 제가 그런 것들을 많이 했을 때 학교 다닐 때도 저희 반 분위기가 대체적으로 좋았던 게 저의 그런 성격 때문이었거든요. 좀 소외되는 애들이 없이 다 같이 참여할 수 있도록 많이 끌어주기도 했었고 그래 그랬을 때 확실히 좀 화목한 분위기가 이어지는 것 같애요.","wordCount":131},"emotion":[],"intent":[{"text":"그래서 제 장점은 일단 친화력이 좋고 분위기를 잘 띄우는 건데   단점은 이런 것들을 좀 받아들이지 않으려고 하는 고집이라고 생각합니다.","expression":"c_person","category":"background"},{"text":"좀 소외되는 애들이 없이 다 같이 참여할 수 있도록 많이 끌어주기도 했었고   그래 그랬을 때 확실히 좀 화목한 분위기가 이어지는 것 같애요.","expression":"s_intp","category":"attitude"}],"summary":{"text":"사람들을 잘 대하고 분위기를 잘 띄우는 장점이 친화력이라고 생각하는데 이것이 장점이자 단점이라고 생각하긴 힘듭니다. 장점은 친화력이고 단점은 이런 것들을 받아들이지 않으려는 고집입니다. 학교 다닐 때도 반 분위기가 대체적으로 좋았던 건 그런 성격 때문이었습니다. 다 같이 참여할 수 있도록 많이 끌어주었기 때문입니다.","wordCount":41}}},"rawDataInfo":{"question":{"fileFormat":"wav","fileSize":457678,"duration":14300,"samplingBit":16,"channelCount":1,"samplingRate":"16kHz","audioPath":"/Mock/02.SalesMarketing/Female/Experienced/ckmk_q_sm_f_e_125588.wav"},"answer":{"fileFormat":"wav","fileSize":2604238,"duration":81380,"samplingBit":16,"channelCount":1,"samplingRate":"16kHz","audioPath":"/Mock/02.SalesMarketing/Female/Experienced/ckmk_a_sm_f_e_125588.wav"}}}