{"version":"1.0","dataSet":{"info":{"date":"20230116","occupation":"SM","channel":"MOCK","place":"ONLINE","gender":"FEMALE","ageRange":"45-54","experience":"EXPERIENCED"},"question":{"raw":{"text":"지금까지 인생을 살아오면서 가장 후회되는 일이 있다면 어떤 일이 있을까요 한 가지만 말씀해 주시겠습니까","wordCount":14},"emotion":[],"intent":[]},"answer":{"raw":{"text":"어 네 제가 사십 오 년 여 년 살아 오면서 가장 후회했던 일 돌이킬 수 없는 일인 것 같습니다. 바로 저희 남동생과 좀 다투면서 제가 남동생 얼굴에 조금 상처를 입혔던 일입니다. 어릴 때는 사실 잘 기억나지는 않지만 어 남동생과 좀 싸우면서 다리를 잡았고 다리를 잡음으로써 넘어지면서 애가 약간 입술에 상처를 얻었는데요. 어 그게 평생 가더라구요. 어 그리고 또 그렇게 사실 다칠 걸 생각도 못했고 다친 모습을 볼 때마다 조금 미안한 마음 내가 좀 더 참으면 되지 않았을까 그런 생각이 듭니다. 그 이후로 동생과 싸울 때 아 혹시 내가 또 조금 더 화를 내서 다치면 어떡하지. 그런 마음이 들어서 그 다음부터는 조금 어 화를 누그러뜨리고 조금 더 차분한 성격을 바뀌는 기계가 되었는데요. 그 시절 다시 돌아간다면 동생과 싸우지 않고 좀 양보하는 착한 누나가 되었으면 합니다.","wordCount":124},"emotion":[{"text":"어 그리고 또 그렇게 사실 다칠 걸 생각도 못했고 다친 모습을 볼 때마다 조금   미안한 마음 내가 좀 더 참으면 되지 않았을까 그런 생각이 듭니다.","expression":"n-shame","category":"negative"}],"intent":[{"text":"","expression":"","category":"attitude"}],"summary":{"text":"돌이킬 수 없는 일 중 하나는 바로 저희 남동생과 좀 다투면서 얼굴에 상처를 입혔던 일입니다. 그 이후로 좀 더 화를 누그러뜨리고 조금 더 차분한 성격을 바뀌는 기계가 되었습니다. 다시 돌아간다면 동생과 싸우지 않고 좀 양보하는 착한 누나가 되었으면 합니다.","wordCount":39}}},"rawDataInfo":{"question":{"fileFormat":"wav","fileSize":484558,"duration":15140,"samplingBit":16,"channelCount":1,"samplingRate":"16kHz","audioPath":"/Mock/02.SalesMarketing/Female/Experienced/ckmk_q_sm_f_e_191886.wav"},"answer":{"fileFormat":"wav","fileSize":2105678,"duration":65800,"samplingBit":16,"channelCount":1,"samplingRate":"16kHz","audioPath":"/Mock/02.SalesMarketing/Female/Experienced/ckmk_a_sm_f_e_191886.wav"}}}