{"version":"1.0","dataSet":{"info":{"date":"20230116","occupation":"SM","channel":"MOCK","place":"ONLINE","gender":"FEMALE","ageRange":"35-44","experience":"EXPERIENCED"},"question":{"raw":{"text":"만약 우리 회사가 해외 무대로 진출하게 된다면 어느 나라로 진출하는 것이 좋을까요 그렇게 생각하시는 이유도 같이 말씀해 주세요","wordCount":18},"emotion":[],"intent":[]},"answer":{"raw":{"text":"만약에 우리 회사가 해외로 진출한다면 동남아 시장이 가장 좋을 것이라고 생각합니다. 케이팝 문화로 인하여서 많은 동남아시아인 사람들이 한국인에 대해서 굉장히 선망하고 그리고 그들이 쓰고 있는 제품이나 아니면 다른 것들에 대해서도 굉장히 많은 관심을 가지고 있다 라고 생각합니다. 일단 한국인에 대해서 대한 어 이미지나 브랜드가 굉장히 좋은 이미지로 어 구축이 되어 있기 때문에 좋은 시장이 되지 않을까 싶습니다.","wordCount":57},"emotion":[],"intent":[{"text":"케이팝 문화로 인하여서 많은 동남아시아인 사람들이   한국인에 대해서 굉장히 선망하고 그리고 그들이 쓰고 있는 제품이나 아니면 다른 것들에 대해서도 굉장히 많은 관심을 가지고 있다 라고 생각합니다.","expression":"s_brand_strt","category":"technology"},{"text":"일단 한국인에 대해서 대한   어 이미지나 브랜드가 굉장히 좋은 이미지로 어 구축이 되어 있기 때문에 좋은 시장이 되지 않을까 싶습니다.","expression":"s_brand_strt","category":"technology"}],"summary":{"text":"우리 회사가 해외 진출한다면 동남아 시장이 가장 좋을 것이라고 생각합니다. 케이팝 문화로 인하여 많은 동남아시아인 사람들이 한국인에 대해 선망하고 있습니다.","wordCount":20}}},"rawDataInfo":{"question":{"fileFormat":"wav","fileSize":339598,"duration":10610,"samplingBit":16,"channelCount":1,"samplingRate":"16kHz","audioPath":"/Mock/02.SalesMarketing/Female/Experienced/ckmk_q_sm_f_e_170833.wav"},"answer":{"fileFormat":"wav","fileSize":1106958,"duration":34590,"samplingBit":16,"channelCount":1,"samplingRate":"16kHz","audioPath":"/Mock/02.SalesMarketing/Female/Experienced/ckmk_a_sm_f_e_170833.wav"}}}