{"version":"1.0","dataSet":{"info":{"date":"20230116","occupation":"SM","channel":"MOCK","place":"ONLINE","gender":"FEMALE","ageRange":"-34","experience":"EXPERIENCED"},"question":{"raw":{"text":"만약 회사나 상사의 지시에 따라서 지원자님의 직무에 맞지 않는 일을 하게 되신다면 어떻게 하시겠습니까 그래도 괜찮으시겠습니까 상세히 말씀해 주시기 바랍니다","wordCount":20},"emotion":[],"intent":[]},"answer":{"raw":{"text":"저는 직무와 맞지 않는 일을 하게 되더라도 먼저 주어진 직무를 잘 수행해 내기 위한 노력을 기울일 것입니다. 물론 제가 지원한 직무를 하고 그 직무가 저와 맞다면 더욱 좋겠지만 직무가 저와 맞지 않는다고 하여 좌절하지 않을 것입니다. 오히려 저의 판단이 틀렸다고 생각하고 오 실제 근무를 했을 때 저와 더 잘 맞는 직무에 새롭게 적응할 수 있도록 할 것입니다. 또한 저와 더 잘 맞는 업무를 찾았다는 것에 안도하고 오히려 기뻐하며 해당 업무를 보다 더 잘 수행할 수 있도록 지식도 쌓을 수 있도록 꾸준히 학습도 병행해 나갈 것입니다. 또한 해당 직무에 상사분들께 어려울 때는 도움을 구하고 업무 스킬을 습득하여 보다 효율적이고 효과적인 업무 수행을 달성해 낼 수 있도록 꾸준히 노력해 나갈 것입니다.","wordCount":109},"emotion":[],"intent":[{"text":"","expression":"","category":"attitude"}],"summary":{"text":"저는 직무와 맞지 않는 일을 하게 되더라도 주어진 직무를 잘 수행해 내기 위한 노력을 기울일 것입니다. 또한 저와 더 잘 맞는 업무를 찾았다는 것에 안도하며 지식도 쌓을 수 있도록 학습도 병행해 나갈 것입니다.","wordCount":33}}},"rawDataInfo":{"question":{"fileFormat":"wav","fileSize":615758,"duration":19240,"samplingBit":16,"channelCount":1,"samplingRate":"16kHz","audioPath":"/Mock/02.SalesMarketing/Female/Experienced/ckmk_q_sm_f_e_209339.wav"},"answer":{"fileFormat":"wav","fileSize":2609358,"duration":81540,"samplingBit":16,"channelCount":1,"samplingRate":"16kHz","audioPath":"/Mock/02.SalesMarketing/Female/Experienced/ckmk_a_sm_f_e_209339.wav"}}}