{"version":"1.0","dataSet":{"info":{"date":"20230116","occupation":"SM","channel":"MOCK","place":"ONLINE","gender":"FEMALE","ageRange":"35-44","experience":"EXPERIENCED"},"question":{"raw":{"text":"우리 회사에 들어오게 되면 업무 스타일이 기존과는 달라질 수 있습니다 혹시 기존과 다른 업무 스타일에 잘 적응할 수 있을까요","wordCount":19},"emotion":[],"intent":[]},"answer":{"raw":{"text":"어 일단 결론부터 말씀드리면 어 다른 업무 스타일에도 잘 적응하고요. 그러니까 뭐 저는 물처럼 어떤 컵에 담겨지더라도 그 그 커업 모양에 맞춘 그렇게 변할 수 있는 사람이라 생각합니다. 그리고 당연히 어 맞춰야 된다 생각을 하고 같은 일을 하는 개인이 더라도 다 업무 스타일이 다를 지언데 그러니까 회사 자체의 업무 스타일이라는 게 있을 것 같구요. 당연히 개인이 회사에 들어왔으면 거기에 맞추어야 되다고 생각을 합니다. 아 근데 이제 일을 하다 보면 어 어떤 부분이 이 더 효율적인지 이 그런 건 비교가 될 것 같구요. 그렇다고 내가 생각했을 때 내가 하던 이 업무 효율이 훨씬 높다 이러면서 뭐 바꿔야 된다 이렇게 강하게 주장하고 뭐 내 마음대로 할 건 아니고 이제 그런 부분은 조심스럽게 일을 해보고 내가 했었던 일과 비교를 해보니 아 이러이러게 하는 건 어떨까요 이런 제안을 드릴 수는 있을 것 같구요. 예 제가 또 막 그런 기존의 뭐 질서라든지 이런 걸 무시하고 내 주장만 뭐 강하게 어필이 할 건 아니고 일단은 맞추어서 잘 일을 해보고 어 더 좋은 방법이 있다면 그런 것들을 제안해서 바꾸어 나갈 그런 용기는 있습니다.","wordCount":166},"emotion":[],"intent":[{"text":"","expression":"","category":"attitude"}],"summary":{"text":"업무 스타일은 회사 자체의 업무 스타일에 맞춰야 된다고 생각합니다. 업무를 하다 보면 업무 효율에 대한 비교는 될 수 있지만 기존의 질서 등을 무시할 순 없습니다. 일단 맞춰서 잘 일을 해보고 더 좋은 방법이 있다면 제안을 해서 바꾸어 나갈 용기는 있습니다.","wordCount":40}}},"rawDataInfo":{"question":{"fileFormat":"wav","fileSize":345038,"duration":10780,"samplingBit":16,"channelCount":1,"samplingRate":"16kHz","audioPath":"/Mock/02.SalesMarketing/Female/Experienced/ckmk_q_sm_f_e_229693.wav"},"answer":{"fileFormat":"wav","fileSize":3095118,"duration":96720,"samplingBit":16,"channelCount":1,"samplingRate":"16kHz","audioPath":"/Mock/02.SalesMarketing/Female/Experienced/ckmk_a_sm_f_e_229693.wav"}}}