{"version":"1.0","dataSet":{"info":{"date":"20230116","occupation":"SM","channel":"MOCK","place":"ONLINE","gender":"FEMALE","ageRange":"35-44","experience":"EXPERIENCED"},"question":{"raw":{"text":"홍보와 광고의 차이가 무엇인지 알고 계시다면 설명 부탁드리겠습니다","wordCount":8},"emotion":[],"intent":[]},"answer":{"raw":{"text":"어 제가 알기로는 홍보랑 광고의 이 차이가 좀 표현의 어떤 제한이라고 알고 있거든요. 어 광고는 그야말로 굉장히 좀 새로운 거를 추구하기도 하고 되게 심박한 것들이 많잖아요. 그리고 그만큼 미디어란 어떤 큰 틀에서 어 자유롭게 표현을 할 수 있다고 생각을 합니다. 그래서 자본도 굉장히 많이 들어가고 그만큼 노출도 많이 되죠 여기저기에. 특히 요즘에 뭐 에스엔에스나 어 티비 같은 것들 이제 플랫폼 오티티 이런 데들이 많아질수록 그 광고가 드러날 수 있는 데가 더 많다고 생각이 들고요. 홍보는 쫌 광고에 비해서 그런 제약이 있는 걸로 제가 알고 있어요. 그래서 뭐 뉴스나 어떤 매체를 통해서 어 보여지기 때문에 좀 신뢰도도 중요하고 정확성 같은 것들 그런 차이가 있다고 알고 있습니다.","wordCount":105},"emotion":[],"intent":[{"text":"","expression":"","category":"attitude"}],"summary":{"text":"광고와 달리 새로운 것을 추구하고 심박하기도 해서 자본과 노출이 많이 됩니다. 홍보는 매체를 통해 보여지기 때문에 신뢰도와 정확성 같은 것들이 광고보다 제약이 있습니다.","wordCount":23}}},"rawDataInfo":{"question":{"fileFormat":"wav","fileSize":255438,"duration":7980,"samplingBit":16,"channelCount":1,"samplingRate":"16kHz","audioPath":"/Mock/02.SalesMarketing/Female/Experienced/ckmk_q_sm_f_e_156953.wav"},"answer":{"fileFormat":"wav","fileSize":2479438,"duration":77480,"samplingBit":16,"channelCount":1,"samplingRate":"16kHz","audioPath":"/Mock/02.SalesMarketing/Female/Experienced/ckmk_a_sm_f_e_156953.wav"}}}