{"version":"1.0","dataSet":{"info":{"date":"20230116","occupation":"SM","channel":"MOCK","place":"ONLINE","gender":"FEMALE","ageRange":"-34","experience":"EXPERIENCED"},"question":{"raw":{"text":"만약 지원자님께서 이 면접에서 최종 탈락하게 된다면 어떤 점이 부족해서 탈락했다고 생각하시겠습니까","wordCount":12},"emotion":[],"intent":[]},"answer":{"raw":{"text":"만일 이 면접에서 최종 탈락하게 된다면 제가 전달하고자 하는 바를 제대로 잘 전달하지 못해서 탈락했을 것 같다고 생각할 것 같습니다. 면접 때는 보다 긴장돼서 평소에 하고 싶었던 말이나 면접 때 얘기해야지 라고 생각했던 말들을 제대로 전달할 수 없을 때가 있습니다. 또한 이러한 이유로 인해 탈락하게 된다면 이 점을 보다 보강하여 다음 면접에서 재차 행동하지 않도록 할 것입니다. 이번 면접에서 탈락하게 된다면 이것을 본보기로 삼아 다음 면접 때는 이러한 이유로 탈락되지 않도록 더욱더 노력을 기울일 것입니다. 저는 하고자 하는 말을 다 전달하고자 하지만 그게 불가능할 때도 있습니다. 하지만 이번 면접에서 최선을 다해 제가 말하고자 하는 말을 잘 전달할 수 있도록 노력할 것입니다.","wordCount":101},"emotion":[],"intent":[{"text":"","expression":"","category":"attitude"}],"summary":{"text":"저는 하고자 하는 말을 제대로 전달할 수 없을 때가 있습니다. 이번 면접에서 탈락하게 된다면 본보기로 다음 면접에서는 탈락되지 않도록 최선을 다해 말할 수 있도록 노력할 것입니다.","wordCount":26}}},"rawDataInfo":{"question":{"fileFormat":"wav","fileSize":434638,"duration":13580,"samplingBit":16,"channelCount":1,"samplingRate":"16kHz","audioPath":"/Mock/02.SalesMarketing/Female/Experienced/ckmk_q_sm_f_e_199697.wav"},"answer":{"fileFormat":"wav","fileSize":2793038,"duration":87280,"samplingBit":16,"channelCount":1,"samplingRate":"16kHz","audioPath":"/Mock/02.SalesMarketing/Female/Experienced/ckmk_a_sm_f_e_199697.wav"}}}