{"version":"1.0","dataSet":{"info":{"date":"20230116","occupation":"SM","channel":"MOCK","place":"ONLINE","gender":"FEMALE","ageRange":"45-54","experience":"EXPERIENCED"},"question":{"raw":{"text":"현대인은 하루 평균 세 번 거짓말을 한다고 합니다 그동안 지원자님께서 해 본 거짓말 가운데 가장 기억에 남는 거짓말은 어떤 것이었나요","wordCount":20},"emotion":[],"intent":[]},"answer":{"raw":{"text":"어 친구들의 고민을 들을 때 어 사실 많은 부분을 공감하지 못할 때가 많았었습니다. 근데 어 친구들에게 어쨌든 그 상황에서 무언가를 말해줘야 하기 때문에 거짓말로 공감하는 척을 하면서 위로를 한다던지 그 친구의 고민에 중심에 있는 어떤 인물을 같이 미워하는 말을 한다던지 그런 경우들이 종종 있었습니다. 어떻게 보면 그게 선의의 거짓말이라고 생각할 수도 있는데 제가 친구들한테 저 자신을 계속 속이고 있는 건 아닌가 하는 그런 기분이 들 때가 좀 있었던 것 같애요. 그래서 어 솔직해지고 싶다 라는 생각을 많이 하게 됐었고 근데 지금까지도 용기가 잘 나지 않아서 오히려 친구들과 만나는 거를 조금 주저하면서 조금 멀리 하고 있는 상태입니다.","wordCount":96},"emotion":[],"intent":[{"text":"","expression":"","category":"attitude"}],"summary":{"text":"친구들의 고민을 들을 때 공감하지 못할 때가 많았는데, 거짓으로 공감하는 척을 하면서 위로의 말을 하는 경우들이 있었습니다. 그래서 솔직해지고 싶다 라는 생각을 많이 하게 됐었고 지금까지도 용기가 잘 나지 않아친구들과 만나는 것을 주저하고 있습니다.","wordCount":34}}},"rawDataInfo":{"question":{"fileFormat":"wav","fileSize":456078,"duration":14250,"samplingBit":16,"channelCount":1,"samplingRate":"16kHz","audioPath":"/Mock/02.SalesMarketing/Female/Experienced/ckmk_q_sm_f_e_182916.wav"},"answer":{"fileFormat":"wav","fileSize":2855118,"duration":89220,"samplingBit":16,"channelCount":1,"samplingRate":"16kHz","audioPath":"/Mock/02.SalesMarketing/Female/Experienced/ckmk_a_sm_f_e_182916.wav"}}}