{"version":"1.0","dataSet":{"info":{"date":"20230116","occupation":"SM","channel":"MOCK","place":"ONLINE","gender":"FEMALE","ageRange":"45-54","experience":"EXPERIENCED"},"question":{"raw":{"text":"어 회사 생활 할 때 창의성과 팀웍 중에서 더 중요한 것은 어떤 것이라고 생각하십니까 어 근거도 함께 들어서 말씀해 주시면 감사하겠습니다","wordCount":21},"emotion":[],"intent":[]},"answer":{"raw":{"text":"저는 회사 업무를 하는 데 있어서 팀 워크가 정말 중요하다고 생각을 합니다. 특히 사무 지원 업무 같은 경우에는 팀끼리 같이 마음을 합쳐서 한 방향성으로 가야 하고요. 그리고 서로 부족할 때는 그 부족한 부분을 채워줄 수 있어야 한다고 생각을 합니다. 그렇기 때문에 팀 워크가 저는 굉장히 중요한데요. 어 그러기 위해서는 팀의 리더가 역할이 굉장히 클 것 같습니다. 팀의 리더가 지금 무슨 업무를 하고 있고 왜 우리가 이 업무를 해야 되는지에 대해서 정확하게 설명을 해 줘야 될 것 같고요. 팀원들이 같은 방향으로 잘 따라갈 수 있도록 어 리드해 주는 역할이 중요하다고 생각을 합니다. 그리고 팀원들도 어 서로 부족한 부분을 채워가면서 또 앞으로 같이 협업할 수 있는 그런 어 마음가짐 태도가 중요하다고 생각하는데요. 하지만 그렇다고 해서 개인의 독창성이나 창의성을 무시해야 된다는 의미는 아닙니다. 팀 워크가 일단 더 중요하고 그다음에 개인의 역할이 필요할 텐데요. 저희 업무가 좀 사무 업무 그리고 지원 업무가 많다 보니까 팀 워크를 통해서 팀과 팀끼리의 일 그리고 어 같이 협동하는 일이 많다 보니까 아무래도 팀 워크가 가장 중요한 요소가 아닐까 싶습니다.","wordCount":161},"emotion":[],"intent":[{"text":"저는 회사 업무를 하는 데 있어서 팀 워크가 정말 중요하다고 생각을 합니다.","expression":"c_cop","category":"personality"}],"summary":{"text":"사무 지원 업무 같은 경우 팀끼리 같이 마음을 합쳐 한 방향성으로 가야 하며, 서로 부족할 때는 그 부족한 부분을 채워줄 수 있어야 합니다. 그러기 위해서는 팀의 리더가 무슨 업무를 하고 있는지 정확하게 설명을 해 주고, 팀원들이 같은 방향으로 잘 따라갈 수 있도록 리드해 주는 역할이 중요합니다.","wordCount":46}}},"rawDataInfo":{"question":{"fileFormat":"wav","fileSize":607118,"duration":18970,"samplingBit":16,"channelCount":1,"samplingRate":"16kHz","audioPath":"/Mock/02.SalesMarketing/Female/Experienced/ckmk_q_sm_f_e_114857.wav"},"answer":{"fileFormat":"wav","fileSize":2752718,"duration":86020,"samplingBit":16,"channelCount":1,"samplingRate":"16kHz","audioPath":"/Mock/02.SalesMarketing/Female/Experienced/ckmk_a_sm_f_e_114857.wav"}}}