{"version":"1.0","dataSet":{"info":{"date":"20230116","occupation":"SM","channel":"MOCK","place":"ONLINE","gender":"FEMALE","ageRange":"45-54","experience":"EXPERIENCED"},"question":{"raw":{"text":"지원자님 사시면서 다양한 커뮤니케이션을 경험해 보셨을 텐데 그중에서 가장 어려웠던 경험을 한 가지만 꼽자면 무엇일까요","wordCount":15},"emotion":[],"intent":[]},"answer":{"raw":{"text":"제가 살면서 경험했던 커뮤니케이션 중에 가장 어려웠던 커뮤니케이션 경험은 상대의 말을 듣지 않고 본인의 의견만 내세우는 사람과 대화를 했을 때인데요. 제가 대학교에 다닐 때 친하게 지냈던 친구 한 명이 본인의 종교를 너무나도 맹신하고 또 맹신하는 걸 넘어서 다른 사람에게 그 종교를 너무나도 반복적으로 심하게 강요했던 그런 친구가 있었습니다. 종교 관련된 것 말고는 정말 너무나도 괜찮았고 잘 맞았던 친구여서 어 처음에는 그 친구의 말을 좀 들어주면서 어 우리의 어떤 종교의 자율성에 대해서도 이야기를 해줬는데 들어주는 척을 했지만 결국에는 완강하게 본인의 종교를 고집했던 친구여서 반복적으로 계속해서 어떤 각자 종교의 자율성에 대해서 설득을 했지만 결국에는 결과적으로 먹히지 않아서 자연스럽게 어 멀어지게 된 친구가 있는데 그 경험이 저에게 있어서는 가장 큰 어려웠던 커뮤니케이션 경험이었습니다.","wordCount":110},"emotion":[],"intent":[{"text":"","expression":"","category":"attitude"}],"summary":{"text":"제가 가장 어려웠던 커뮤니케이션 경험은 상대의 말을 듣지 않고 본인의 의견만 내세우는 사람과 대화를 했을 때입니다. 대학교에 다닐 때 친한 친구가 본인의 종교를 매우 반복적으로 강요했던 적이 있었습니다. 설득을 했지만 결국에는 통하지 않아 멀어지게 된 친구가 있었는데 그 경험이 가장 큰 어려웠던 경험이었습니다.","wordCount":43}}},"rawDataInfo":{"question":{"fileFormat":"wav","fileSize":403278,"duration":12600,"samplingBit":16,"channelCount":1,"samplingRate":"16kHz","audioPath":"/Mock/02.SalesMarketing/Female/Experienced/ckmk_q_sm_f_e_147881.wav"},"answer":{"fileFormat":"wav","fileSize":2507278,"duration":78350,"samplingBit":16,"channelCount":1,"samplingRate":"16kHz","audioPath":"/Mock/02.SalesMarketing/Female/Experienced/ckmk_a_sm_f_e_147881.wav"}}}