{"version":"1.0","dataSet":{"info":{"date":"20230116","occupation":"SM","channel":"MOCK","place":"ONLINE","gender":"FEMALE","ageRange":"35-44","experience":"EXPERIENCED"},"question":{"raw":{"text":"지원자님 영업과 영업 관리의 차이에 대해서 아시나요 그렇다면 그 차이에 대해서 간략하게 설명해 주세요","wordCount":14},"emotion":[],"intent":[]},"answer":{"raw":{"text":"영업을 할 때는 영업과 그리고 영업 관리 이 두 가지가 정말 둘 다 중요하다는 생각을 합니다. 일단 영업은 실적을 높이기 위해서 제품이나 서비스를 팔아서 수익성을 높이고 또 재무제표를 어 수익성을 향상시키는 걸 의미 하는 것 같고요. 그리고 영업 관리라는 측면에서는 어떤 식으로 영업을 할까 프로세스에 대한 관리 그리고 제일 중요한 사람에 대한 관리가 포함이 돼야 될 것 같습니다. 아무래도 영업은 사람이 하는 일이기 때문에 그 사람들을 관리하고 교육시키고 또 어떻게 하면 실적을 올릴 수 있을지 같이 논의해 보고 또 필요한 부분이 있으면 지원해주는 게 바로 영업 관리라고 생각을 합니다. 어 사실 영업 사원이 전방에서 뛰고 있기 때문에 그 영업 사원이 꽃이긴 하지만 뒤에서 써포트 해 줄 수 있는 이 영업 관리의 영역도 매우 중요하다고 생각을 하기 때문에 이 두 가지가 잘 이뤄져야 그 조직이 발전을 하고 또 영업 설 성적이 올라가는 그런 효과가 있을 것 같습니다. 그래서 앞으로 저도 어 제가 하는 영업뿐만이 아니라 영업 관리자로서도 제가 잘 관리하고 또 팀원들을 이끌어 나갈 수 있도록 역량을 키우도록 하겠습니다.","wordCount":158},"emotion":[],"intent":[{"text":"","expression":"","category":"attitude"}],"summary":{"text":"영업은 제품이나 서비스를 팔아 수익성을 높이고 재무제표를 수익성을 향상시키는 것을 의미하고, 영업 관리는 프로세스에 대한 관리, 중요한 사람에 대한 관리가 포함이 돼야 될 것 같습니다. 앞으로도 제가 영업 관리자로서도 잘 관리하고 또 팀원들을 이끌어 나갈 수 있도록 역량을 키우도록 하겠습니다.","wordCount":40}}},"rawDataInfo":{"question":{"fileFormat":"wav","fileSize":340238,"duration":10630,"samplingBit":16,"channelCount":1,"samplingRate":"16kHz","audioPath":"/Mock/02.SalesMarketing/Female/Experienced/ckmk_q_sm_f_e_161576.wav"},"answer":{"fileFormat":"wav","fileSize":2927438,"duration":91480,"samplingBit":16,"channelCount":1,"samplingRate":"16kHz","audioPath":"/Mock/02.SalesMarketing/Female/Experienced/ckmk_a_sm_f_e_161576.wav"}}}