{"version":"1.0","dataSet":{"info":{"date":"20230116","occupation":"SM","channel":"MOCK","place":"ONLINE","gender":"FEMALE","ageRange":"35-44","experience":"EXPERIENCED"},"question":{"raw":{"text":"기차가 운행 시 산사태로 삼십 분 동안 정차되어 있습니다 이때 지원자님이 관리 책임의 위치에 있다면 어떻게 대응하실 건가요","wordCount":18},"emotion":[],"intent":[]},"answer":{"raw":{"text":"음 예전에 엘리베이터를 만든 사람이 처음에는 엘리베이터가 너무 늦다 라는 고객이 컴플레인이 굉장히 많았다 라고 합니다. 그런데 그 컴플레인을 어떻게 잠재웠냐면은요. 엘리베이터 안에 거울을 설치했다고 해요. 그래서 그 시간이 긴지를 어 잘 모르게 네 그렇게 해서 해결을 했다 라고 합니다. 지금 방금의 질문을 들은 이 딱 그 사례가 떠올랐습니다. 삼십 분 동안 정차되었고 그리고 그 이후로 어 봤을 때는 정상 운행이 되었을 거라고 생각이 되는데 이 삼십 분 동안 어떻게 고객들을 만족시키는지에 따라서 이 삼십 분이 문제가 될지 아닐지가 결정이 될 수 있을 거 같습니다. 그래서 만약에 제가 관리 책임의 위치에 있다면 이 삼십 분이 길지 않게 느껴질 적에 어 차를 대접을 한다든가 아니면 고객들의 그러한 어 불안함을 좀 잠재워주고 차를 대접하고 뭔가 다양한 서비스를 통해서 이 사람들이 삼십 분이 정차되었다 라고 생각되지 않게끔 하는 것이 가장 좋은 방법이 아닐까 라고 생각합니다.","wordCount":132},"emotion":[],"intent":[{"text":"","expression":"","category":"attitude"}],"summary":{"text":"엘리베이터가 너무 늦다 라는 고객의 컴플레인은 거울을 설치해서 잠재웠다 합니다. 관리 책임의 위치에 있다면 고객들의 불안함을 좀 잠재워주고 차를 대접하고 뭔가 다양한 서비스를 통해서 이 사람들이 30분이 정차되었다 라고 생각되지 않게끔 하는 것이 가장 좋은 방법이 아닐까 생각합니다.","wordCount":38}}},"rawDataInfo":{"question":{"fileFormat":"wav","fileSize":491918,"duration":15370,"samplingBit":16,"channelCount":1,"samplingRate":"16kHz","audioPath":"/Mock/02.SalesMarketing/Female/Experienced/ckmk_q_sm_f_e_226862.wav"},"answer":{"fileFormat":"wav","fileSize":2562638,"duration":80080,"samplingBit":16,"channelCount":1,"samplingRate":"16kHz","audioPath":"/Mock/02.SalesMarketing/Female/Experienced/ckmk_a_sm_f_e_226862.wav"}}}