{"version":"1.0","dataSet":{"info":{"date":"20230116","occupation":"SM","channel":"MOCK","place":"ONLINE","gender":"FEMALE","ageRange":"45-54","experience":"EXPERIENCED"},"question":{"raw":{"text":"본인 스스로 가지고 있는 상위 일 퍼센트의 능력이 있다면은 그 능력이 무엇인지 최대한 자세하게 말씀해 주시길 바랍니다","wordCount":17},"emotion":[],"intent":[]},"answer":{"raw":{"text":"상위 일 퍼센트의 능력이라고 한다면 글쎄요. 제가 가지고 있는 능력 중에 가장 내세울 만한 것은 판단력입니다. 사람들은 어떤 순간에 생각하는 시간이 너무 길고 순간에 판단을 제대로 하지 못하는 경우가 많아요. 그런데 생각이 긴 것은 좋으나 그것을 결과적으로 판단해서 어 나아갈 방향을 찾지 못한다면 그 생각하는 시간조차 무의미하게 결론이 날 수 있다고 생각합니다. 그래서 어떤 순간에서건 자기가 최대한의 오른 선택을 할 수 있는 그런 판단력이 제가 가지고 있는 일 퍼센트의 능력이 아닐까 생각해봅니다.","wordCount":72},"emotion":[],"intent":[{"text":"","expression":"","category":"attitude"}],"summary":{"text":"저는 판단력을 가장 내세울 만한 능력이라 생각합니다. 생각은 길지만 판단하지 못하는 경우가 많은데, 결론적으로 판단해서 방향을 찾지 못하면 생각하는 시간조차 무의미하게 결론이 날 수 있다고 생각합니다.","wordCount":26}}},"rawDataInfo":{"question":{"fileFormat":"wav","fileSize":472398,"duration":14760,"samplingBit":16,"channelCount":1,"samplingRate":"16kHz","audioPath":"/Mock/02.SalesMarketing/Female/Experienced/ckmk_q_sm_f_e_173900.wav"},"answer":{"fileFormat":"wav","fileSize":1396558,"duration":43640,"samplingBit":16,"channelCount":1,"samplingRate":"16kHz","audioPath":"/Mock/02.SalesMarketing/Female/Experienced/ckmk_a_sm_f_e_173900.wav"}}}