{"version":"1.0","dataSet":{"info":{"date":"20230116","occupation":"SM","channel":"MOCK","place":"ONLINE","gender":"FEMALE","ageRange":"-34","experience":"EXPERIENCED"},"question":{"raw":{"text":"협업하는 과제와 혼자 하는 과제 중 무엇을 더 선호하시나요 그리고 그 이유도 함께 말씀 부탁드리겠습니다","wordCount":15},"emotion":[],"intent":[]},"answer":{"raw":{"text":"저는 기본적으로 업무를 할 때 협업하는 과제와 혼자 하는 과제 모두 잘 수행해 낼 자신이 있습니다. 다만 업무의 우선순위를 먼저 고려를 해보자면 혼자 하는 과제를 더 먼저 잘 해야 한다고 생각합니다. 왜냐하면 혼자 일단 과제를 잘 수행해야 그 다음에 협업을 했을 때도 성과가 나기 마련인데요. 영업이라는 분야는 본인의 영업 전략과 스킬을 가지고 본인에게 집중을 하면서 과제를 잘 수행해 내는 게 첫 번째라고 생각이 듭니다. 그리고 본인의 업무를 모두 성실하게 수행한 다음에 협업으로 넘어가야 그런 개인들이 모여서 훨씬 더 좋은 성과를 낼 수 있다고 생각이 드는데요. 협업을 할 때 어려운 점은 모두 열심히 참여하지 않고 한 사람이라도 협업 과제 제대로 참여하지 않을 경우에 굉장히 어려움이 많이 발생을 하게 됩니다. 그래서 각 개인별로 성과가 우수한 사람들이 모여서 다시 협업을 진행했을 때 저는 좀 더 성과가 나는 것들을 경험을 했었는데요. 그렇기 때문에 혼자 하는 업무의 과제를 먼저 수행을 하고 협업하는 과제에서 다시 협동이 이뤄진다면 훨씬 더 성과가 날 수 있다고 생각을 합니다.","wordCount":149},"emotion":[],"intent":[{"text":"","expression":"","category":"attitude"}],"summary":{"text":"개인별로 성과가 우수한 사람들이 모여서 다시 협업을 진행했을 때 좀 더 성과가 저는 것들을 경험을 했습니다. 개인적인 업무를 모두 성실하게 수행한 후에 협업으로 넘어가야 개인들이 모여서 훨씬 더 좋은 성과를 낼 수 있다고 생각합니다.","wordCount":34}}},"rawDataInfo":{"question":{"fileFormat":"wav","fileSize":340238,"duration":10630,"samplingBit":16,"channelCount":1,"samplingRate":"16kHz","audioPath":"/Mock/02.SalesMarketing/Female/Experienced/ckmk_q_sm_f_e_107584.wav"},"answer":{"fileFormat":"wav","fileSize":2555918,"duration":79870,"samplingBit":16,"channelCount":1,"samplingRate":"16kHz","audioPath":"/Mock/02.SalesMarketing/Female/Experienced/ckmk_a_sm_f_e_107584.wav"}}}