{"version":"1.0","dataSet":{"info":{"date":"20230116","occupation":"SM","channel":"MOCK","place":"ONLINE","gender":"FEMALE","ageRange":"-34","experience":"EXPERIENCED"},"question":{"raw":{"text":"동물 실험이 인간에게 주는 이익에 대해 말씀해 주시기 바랍니다 동물 실험에 대한 지원자님의 생각이 궁금합니다","wordCount":15},"emotion":[],"intent":[]},"answer":{"raw":{"text":"동물 실험은 인간에게 직접 약물을 적용하지 않고 인간에게 약물을 주입했을 때와 유사한 결과를 얻을 수 있다는 점에서 인간에게 이익을 가져다 줍니다. 물론 이 과정에서 동물들이 학대를 당하거나 고통을 느끼는 등 동물들의 권리를 보호하지 않게 됩니다. 하지만 아직까지는 다른 대체 방안이 없 없기 때문에 동물 실험을 지속해야 한다고 생각합니다. 동물 실험을 지속하더라도 동물들의 고통을 최소화할 수 있는 다른 대체 방안에 대한 연구는 계속되어야 한다고 생각합니다. 또한 동물 실험은 짧은 시간 내에 유익한 결과를 얻을 수 있다는 점에서 유익합니다. 그래서 동물 보호 단체들의 반대에 대해서는 이해를 하지만 아직까지는 다른 뾰족한 대체 수단이 없기 때문에 어쩔 수 없다고 생각합니다.","wordCount":96},"emotion":[],"intent":[{"text":"","expression":"","category":"attitude"}],"summary":{"text":"동물 실험은 인간에게 이익을 가져다 줍니다. 물론 이 과정에서 동물들이 학대를 당하거나 고통을 느끼는 동물들의 권리를 보호하지 않겠지만, 동물 실험을 지속해야 한다고 생각합니다. 또한 짧은 시간 내에 유익한 결과를 얻을 수 있다는 점에서 유익합니다.","wordCount":34}}},"rawDataInfo":{"question":{"fileFormat":"wav","fileSize":489038,"duration":15280,"samplingBit":16,"channelCount":1,"samplingRate":"16kHz","audioPath":"/Mock/02.SalesMarketing/Female/Experienced/ckmk_q_sm_f_e_199699.wav"},"answer":{"fileFormat":"wav","fileSize":2595918,"duration":81120,"samplingBit":16,"channelCount":1,"samplingRate":"16kHz","audioPath":"/Mock/02.SalesMarketing/Female/Experienced/ckmk_a_sm_f_e_199699.wav"}}}