{"version":"1.0","dataSet":{"info":{"date":"20230116","occupation":"SM","channel":"MOCK","place":"ONLINE","gender":"FEMALE","ageRange":"55-","experience":"EXPERIENCED"},"question":{"raw":{"text":"혹시 지원자님은 매일 꾸준히 독학을 하고 계시는 분야가 있다면 왜 그것을 배우고 계신지 사유와 함께 말씀해 주세요","wordCount":17},"emotion":[],"intent":[]},"answer":{"raw":{"text":"네 혹시 매일 공부하고 있는 분야가 따로 있나 있냐고 물어보셨는데요. 제가 매일 공부하고 있는 분야는 딱 두 가지입니다. 두 가지 중에 하나는 아 제가 스무 살부터 지금까지 해온 영어 회화 공부입니다. 그런데 사실 영어 회화 공부를 계속 꾸준히 할 수는 없구요. 아 그때 그때 그 영드나 미드 영국 드라마나 미국 드라마를 봄으로써 어 그 말하는 화법 그런 거를 놓치지 않으려고 노력을 합니다. 그러면서 그 일상 그 드라마 같은 거 있죠. 그 미국 드라마 미국 드라마 프랜즈라든가 그런 것을 좀 꾸준히 보면서 영어 회화가 가능하게 지금 나이가 좀 들어도 어 모든 사람과 충분히 일상 회화는 가능할 수 있게 노력을 하고 있구요. 또 하나는 어 한국사 공부입니다. 한국사 더하기 다음에 세계사를 하고 있습니다. 세계사 중에서도 요즘에는 중국사에 꽂혀있는데요. 예 사마천의 사기를 요즘에 읽으면서 아 야 진짜 이 중국 역사도 대단하구나 한 중국 역사는 참 우리보다는 훨씬 더 오래되고 그담에 많은 사람이 출연하는 아 그런 사기를 또 읽으면서 아 너무 재미있게 또 공부하고 있습니다. 그리고 저는 역사 문화 지도사 일을 해야 하기 때문에 한국사를 놓치지 않을려고 노력을 하구요. 한국사와 함께 영어도 가능하게 해서 나중에는 영어 통역 쪽으로 공부를 하려고 합니다. 그래서 매일 공부를 조금씩 조금씩 합니다. 그런데 어떤 날은 좀 게을러서 안 하기도 하거든요. 그런데 이제 저의 꿈이 나중에 나이가 들어서도 외국인과 함께 여행하는 것 그것이 저의 꿈이기 때문에 예 매일 공부를 하고 있습니다.","wordCount":211},"emotion":[{"text":"예 사마천의 사기를 요즘에 읽으면서 아 야 진짜 이 중국 역사도 대단하구나 한 중국 역사는 참 우리보다는 훨씬 더 오래되고 그담에 많은 사람이 출연하는 아 그런 사기를 또 읽으면서 아 너무 재미있게 또 공부하고 있습니다.","expression":"p-interest","category":"positive"}],"intent":[{"text":"","expression":"","category":"attitude"}],"summary":{"text":"매일 공부하는 분야는 영어 회화 공부와 한국사 공부입니다. 그리고 역사 문화 지도사 일을 해야 하기 때문에 한국사와 함께 영어도 가능하게 해서 나중에는 영어 통역 쪽으로 공부를 하려고 합니다. 그래서 매일 공부를 조금씩 하고 있습니다.","wordCount":34}}},"rawDataInfo":{"question":{"fileFormat":"wav","fileSize":397198,"duration":12410,"samplingBit":16,"channelCount":1,"samplingRate":"16kHz","audioPath":"/Mock/02.SalesMarketing/Female/Experienced/ckmk_q_sm_f_e_241942.wav"},"answer":{"fileFormat":"wav","fileSize":3775438,"duration":117980,"samplingBit":16,"channelCount":1,"samplingRate":"16kHz","audioPath":"/Mock/02.SalesMarketing/Female/Experienced/ckmk_a_sm_f_e_241942.wav"}}}