{"version":"1.0","dataSet":{"info":{"date":"20230116","occupation":"SM","channel":"MOCK","place":"ONLINE","gender":"FEMALE","ageRange":"35-44","experience":"EXPERIENCED"},"question":{"raw":{"text":"회사에 가장 중요한 덕목이 무어라고 생각을 하십니까 특히 요즘에는 오랫동안 문제 없이 장기적으로 안정적으로 갈 수 있는 회사는 어떤 덕목을 갖춰야 한다고 생각하나요","wordCount":23},"emotion":[],"intent":[]},"answer":{"raw":{"text":"네 제가 생각하기에 좋은 회사는 사회적으로 좋은 영향력을 주는 회사라고 생각을 합니다. 어 최근에는 기업 가치가 사회적으로 얼마나 영향력을 주는지에 대해서 많이 평가를 받고 있는 것 같습니다. 그 회사가 사회나 개인 그리고 직원들에게 어떤 좋은 선한 영향력을 가지냐에 따라서 이미지가 달라질 수 있다고 생각을 하는데요. 이제는 그 회사의 브랜드 이미지 가치를 알리는 게 중요하다고 생각을 합니다. 그래서 영업도 단순히 그 사람에게 하나의 제품을 팔기보다는 영업사원의 이미지 그것도 회사를 대표하는 이미지일 수도 있구요 그리고 전체적인 가치를 가져가는 게 중요하다고 생각합니다. 그 회사가 앞으로 발전 가능성이 있고 또 사회와 함께 성장할 수 있다 그렇게 가치관을 좀 폭넓고 앞으로 좀 장기적인 관점에서 바라보는 게 중요하다고 생각을 하는데요. 그래서 회사에서도 단기간에 이익만 추구하기보다는 앞으로의 미래 방향성과 그리고 어떻게 하면 좋을지에 대해서 좀 장기적인 관점에서 회사의 가치관을 세우는 게 중요하다고 저는 생각을 하구요. 지금 소비자들도 그런 점을 보고 어 회사를 선택하고 있기 때문에 앞으로 이런 덕목들은 더 중요해질 것이라고 생각합니다.","wordCount":145},"emotion":[{"text":"네 제가 생각하기에 좋은 회사는 사회적으로 좋은 영향력을 주는   회사라고 생각을 합니다.","expression":"u-belief","category":"neutral"}],"intent":[{"text":"이제는 그 회사의 브랜드 이미지   가치를 알리는 게 중요하다고 생각을 합니다.","expression":"s_brand_strt","category":"technology"},{"text":"그래서 영업도 단순히 그 사람에게   하나의 제품을 팔기보다는 영업사원의 이미지 그것도 회사를 대표하는 이미지일 수도 있구요   그리고 전체적인 가치를 가져가는 게 중요하다고 생각합니다.","expression":"s_brand_strt","category":"technology"}],"summary":{"text":"좋은 회사는 사회적으로 좋은 영향력을 주는 회사라고 생각합니다. 그 회사의 브랜드 이미지 가치를 알리는 게 중요하다고 생각을 합니다. 그래서 영업도 단순히 하나의 제품을 팔기보다는 전체적인 가치를 가져가는 게 중요합니다. 그래서 회사에서도 장기적인 관점에서 회사의 가치관을 세울 필요가 있다고 생각합니다. 지금 소비자들도 그런 점을 보고 회사를 선택하고 있기 때문에 이런 덕목들은 더 중요해질 것입니다.","wordCount":53}}},"rawDataInfo":{"question":{"fileFormat":"wav","fileSize":537038,"duration":16780,"samplingBit":16,"channelCount":1,"samplingRate":"16kHz","audioPath":"/Mock/02.SalesMarketing/Female/Experienced/ckmk_q_sm_f_e_134889.wav"},"answer":{"fileFormat":"wav","fileSize":2857038,"duration":89280,"samplingBit":16,"channelCount":1,"samplingRate":"16kHz","audioPath":"/Mock/02.SalesMarketing/Female/Experienced/ckmk_a_sm_f_e_134889.wav"}}}