{"version":"1.0","dataSet":{"info":{"date":"20230116","occupation":"SM","channel":"MOCK","place":"ONLINE","gender":"FEMALE","ageRange":"45-54","experience":"EXPERIENCED"},"question":{"raw":{"text":"어 지원자님이 생각하시기에 현대 사회에서는 없어서는 안 될 가장 중요하다고 생각하는 직업이 있으실 텐데요 그것을 딱 한 가지만 골라서 말씀해 주시길 바랍니다","wordCount":22},"emotion":[],"intent":[]},"answer":{"raw":{"text":"저는 정치인이라는 직업이 우리가 사회 구성원으로서 꼭 필요한 직업 중의 하나라고 생각을 합니다. 그 이유는 흔히 정치 하면은 그 사람들이 받는 월급이 너무 많다 혹은 쓸데없이 사람들이 존재하고 있다 와 같은 그런 존재 이유에 대해서 많은 사람들이 조금 부정적으로 생각하는 경향이 많습니다. 하지만 제가 느끼기에는 이런 사람들이 꼭 우리가 사회 구성원으로서 우리 사회를 잘 읽어나가는 데는 꼭 필요하다 라는 입장을 가지고 있습니다. 그래서 많은 사람들이 생각할 때는 이 직업이 왜 존재해야 하나 라는 의문들을 품을 수도 있지만 저는 실제적으로 우리가 한 백 명 이상의 조직원들이 있을 때에는 리더의 역할 우리를 대변할 수 있는 정치인들이 꼭 필요하다 라는 입장을 가지고 있습니다.","wordCount":100},"emotion":[],"intent":[{"text":"","expression":"","category":"attitude"}],"summary":{"text":"저는 정치인이라는 직업이 사회 구성원으로서 우리 사회를 잘 읽어나가는 데 꼭 필요하다 라는 입장을 가지고 있습니다. 실제적으로 백 명 이상의 조직원들이 있을 때에는 리더의 역할 우리를 대변할 수 있는 정치인들이 꼭 필요하다는 입장입니다.","wordCount":33}}},"rawDataInfo":{"question":{"fileFormat":"wav","fileSize":452558,"duration":14140,"samplingBit":16,"channelCount":1,"samplingRate":"16kHz","audioPath":"/Mock/02.SalesMarketing/Female/Experienced/ckmk_q_sm_f_e_230904.wav"},"answer":{"fileFormat":"wav","fileSize":2346318,"duration":73320,"samplingBit":16,"channelCount":1,"samplingRate":"16kHz","audioPath":"/Mock/02.SalesMarketing/Female/Experienced/ckmk_a_sm_f_e_230904.wav"}}}