{"version":"1.0","dataSet":{"info":{"date":"20230116","occupation":"SM","channel":"MOCK","place":"ONLINE","gender":"FEMALE","ageRange":"-34","experience":"EXPERIENCED"},"question":{"raw":{"text":"면접자분께서 혹시 사대에 들어오셔서 같이 공부를 하고 있다 한다면 어떤 분야에 공부를 하고 싶으신지 왜 그 공부를 해야 되는지 이유도 자세하게 저에게 말씀해 주시기 바랍니다","wordCount":25},"emotion":[],"intent":[]},"answer":{"raw":{"text":"네 만약에 사내에서 스터디를 만들어서 공부를 하게 되면 저는 같이 할 수 있는 운동이라던가 영어 공부를 해보고 싶습니다. 아 왜냐하면 아무래도 사내에서 공부하는 게 가장 시간적으로 효율적인 것 같습니다. 제가 퇴근 이후에 밖에 가서 어떤 거를 배우려면 시간적으로 여유가 없기 때문에 점심시간이라던가 아니면 퇴근 전후 시간을 활용해서 사내에서 스터디를 하면 좋겠다는 생각을 많이 했는데요. 일단 기본적으로 영어 공부가 굉장히 중요할 것 같습니다. 왜냐하면 언어라는 공부는 본인이 혼자 공부하는 게 아니고 사람들과 어울려서 커뮤니케이션에서 대화를 통해서 배우는 게 크기 때문에 전 사내에서 영어 공부를 하면 굉장히 좋을 것 같습니다. 그리고 저희가 영업 지원을 하기도 하는데 해외 영업일 경우에는 이런 언어 실력이 필요한 경우가 많습니다. 다 그러면 사내에서 스터디를 만들어서 공부를 하게 되면 직원들의 언어 실력도 좋아질 것 같구요. 서로 업무를 하는데 보탬이 될 수 있을 것 같습니다. 그리고 운동같은 경우에도 저는 굉장히 좋은데요. 운동을 같이 협업해서 함으로써 서로 친해질 수 있는 기회가 생기고 또 친분이 쌓이기 때문에 이런 사내 스터디를 저는 적극적으로 만들고 싶구요. 직원들이 화합할 수 있는 기회의 장이 됐으면 좋겠습니다.","wordCount":161},"emotion":[],"intent":[{"text":"운동을 같이 협업해서 함으로써 서로 친해질 수 있는    기회가 생기고 또 친분이 쌓이기 때문에 이런 사내 스터디를 저는 적극적으로 만들고 싶구요.","expression":"s_intp","category":"attitude"}],"summary":{"text":"사내에서 스터디를 만들면 운동이나 영어 공부를 하고 싶습니다. 영어는 사람들과 커뮤니케이션에서 대화를 통해서 배우는 게 크기 때문에 사내에서 영어 공부를 하면 굉장히 중요합니다. 영업 지원이나 해외 영업일 경우에 이런 언어 실력이 필요한 경우가 많은데 사내에서 공부를 하게 되면 직원들의 언어 실력도 좋아지고 서로 업무에 보탬이 될 수 있을 것 같습니다.","wordCount":50}}},"rawDataInfo":{"question":{"fileFormat":"wav","fileSize":489038,"duration":15280,"samplingBit":16,"channelCount":1,"samplingRate":"16kHz","audioPath":"/Mock/02.SalesMarketing/Female/Experienced/ckmk_q_sm_f_e_113421.wav"},"answer":{"fileFormat":"wav","fileSize":2752078,"duration":86000,"samplingBit":16,"channelCount":1,"samplingRate":"16kHz","audioPath":"/Mock/02.SalesMarketing/Female/Experienced/ckmk_a_sm_f_e_113421.wav"}}}