{"version":"1.0","dataSet":{"info":{"date":"20230116","occupation":"SM","channel":"MOCK","place":"ONLINE","gender":"FEMALE","ageRange":"55-","experience":"EXPERIENCED"},"question":{"raw":{"text":"기차가 운행하고 있다가 산사태로 삼십 분 동안 정차하게 되었습니다 이때 지원자님께서 관리 책임의 위치에 있다면 어떻게 조치하실 건가요 말씀해 주세요","wordCount":20},"emotion":[],"intent":[]},"answer":{"raw":{"text":"네 기차가 운행 시 산 사태로 삼십 분 동안 정차되었습니다. 이때 관리 책임에 위치에 있다면 어떻게 조치할 것인가 저에게 물었는데요. 사실 이 산 사태로 삼십 분 동안 정차를 되었다는 건 우리가 크게 무리 없이 모두 건강하게 살아있다는 것 아닙니까 사실 산 사태로 해서 기차가 만약에 매몰되거나 아니면은 음 기차가 만약에 그 폭격 맞듯이 산 사태로 부서졌으면 우리는 이 고민을 할 필요도 없겠지요. 그다음에 이 이 기차 안에 탄 사람들을 일단 제가 관리 책임이라면 안정을 시키겠습니다. 이 산 사태라는 거는 사실 이 눈으로도 볼 수 있지만 만약에 저 앞쪽에 산 사태가 났다면 사람들은 아 그 광경을 이해하지는 못할 거예요. 일단 천천히 기차를 세운 다음 아 방송을 시작을 하겠습니다. 방송을 시작하면서 앞에 산 사태가 일어났다 산 사태가 일어났기 때문에 어 여기 기차에 타신 손님 여러분께서는 잠깐 아 안정을 취해 주시기를 바란다 하고 어 그다음에 메인 오피스와 메인 업 오피스에 전화를 하겠습니다. 전화를 해서 지금 우리가 산 사태가 났는데 이 산 사태로 어 철길이 막혀서 어떻게 우리가 금방 갈 수가 없으니 아 차를 보내주거나 아니면 그 산사태가 어느 정도인지 빨리 조치를 해 달라고 신청을 하겠습니다. 예 그러면은 거기에서 그 이멀전씨가 오겠지요. 이머전씨가 오면서 산사태를 어떻게 정리할 수 있는지 이게 시간이 얼마가 걸리게 될 수 있는지 그런 거를 빨리 인포메이션을 받은 다음에 아 참 기다리시는 손님들에게 이 상황을 잘 전달하도록 하겠습니다.","wordCount":207},"emotion":[],"intent":[{"text":"","expression":"","category":"attitude"}],"summary":{"text":"기차가 산 사태로 30분 동안 정차되었습니다. 관리 책임이라면 기차 안에 탄 사람들을 안정을 시키겠습니다. 방송을 시작하면서 앞에 산 사태가 일어났기 때문에 여기 기차에 타신 손님 여러분께서는 안정을 취해 주시기 바랍니다. 그리고 메인 오피스와 메인 업 오피스에 전화를 해서 산사태가 어느 정도인지 빨리 조치를 해 달라고 신청을 하겠습니다. 그러면 이머전씨가 오면서 빨리 인포메이션을 받은 다음에 손님에게 이 상황을 잘 전달하도록 하겠습니다","wordCount":60}}},"rawDataInfo":{"question":{"fileFormat":"wav","fileSize":605838,"duration":18930,"samplingBit":16,"channelCount":1,"samplingRate":"16kHz","audioPath":"/Mock/02.SalesMarketing/Female/Experienced/ckmk_q_sm_f_e_242089.wav"},"answer":{"fileFormat":"wav","fileSize":3838158,"duration":119940,"samplingBit":16,"channelCount":1,"samplingRate":"16kHz","audioPath":"/Mock/02.SalesMarketing/Female/Experienced/ckmk_a_sm_f_e_242089.wav"}}}