{"version":"1.0","dataSet":{"info":{"date":"20230116","occupation":"SM","channel":"MOCK","place":"ONLINE","gender":"FEMALE","ageRange":"35-44","experience":"EXPERIENCED"},"question":{"raw":{"text":"요즘 읽고 계시는 책이 있습니까 있다면 무슨 책인지 궁금합니다 또 왜 그 책을 읽으시는지도 함께 말씀해 보세요","wordCount":17},"emotion":[],"intent":[]},"answer":{"raw":{"text":"네 저는 최근에 사람을 얻는 지혜라는 책을 읽고 있습니다. 이 책은 베스트셀러에 오를 정도로 많은 사람들이 읽고 또 그만큼 좋아하는 책인데요. 책의 제목이 이끌어서 어 저의 마음을 움직여서 읽게 됐습니다. 사람을 얻는 지혜 참 쉽지 않은 일이기도 하고 어려운 일입니다. 사실 영업하는 사람들에게는 이렇게 사람의 마음을 얻는 그런 지혜를 갖는 게 굉장히 중요하다고 생각을 해서 책을 재미있게 읽고 있는 중입니다. 여기에는 사람이 어떤 생각을 하고 있고 타인에 대한 어떤 공감과 이해를 해야 하는지에 대한 내용들이 나와 있습니다. 어 저도 영업을 하는 사람으로서 이 책이 귀감이 되기도 하는데요. 어쩌면 영업이라는 게 저의 입장에서는 저의 목적성도 있고 저희 회사의 제품과 서비스를 상대방에게 잘 말하고 구현해 내야 한다는 점이 있습니다. 하지만 이 책에서는 상단계 방에 말에 귀를 기울이고 상대방이 원하는 걸 해줬을 때 영업의 효과가 더 높아질 수 있다 라고 말을 하고 있는데요. 인간관계에서도 그런 것 같습니다. 인간관계도 더 확대해보면 어 사람 사이 또 영업에 필요한 부분이기 때문에 이런 점들을 보완하기 위해서 저는 책을 통해서 배우고 있는 것 같습니다.","wordCount":156},"emotion":[{"text":"사실   영업하는 사람들에게는 이렇게 사람의 마음을 얻는 그런 지혜를 갖는 게 굉장히    중요하다고 생각을 해서 책을 재미있게 읽고 있는 중입니다.","expression":"p-interest","category":"positive"}],"intent":[{"text":"","expression":"","category":"attitude"}],"summary":{"text":"영업하는 사람들에게는 사람의 마음을 얻는 지혜를 갖는 게 중요하다고 생각을 해서 책을 재미있게 읽고 있는 중입니다. 책에는 사람이 어떤 생각을 하고 타인에 대한 어떤 공감과 이해를 해야 하는지에 대한 내용들이 나와 있습니다. 인간관계에서도 인간관계도 사람 사이 또 영업에 필요한 부분이기 때문에 이런 점들을 책을 통해서 배우고 있는 것 같습니다.","wordCount":49}}},"rawDataInfo":{"question":{"fileFormat":"wav","fileSize":517518,"duration":16170,"samplingBit":16,"channelCount":1,"samplingRate":"16kHz","audioPath":"/Mock/02.SalesMarketing/Female/Experienced/ckmk_q_sm_f_e_134884.wav"},"answer":{"fileFormat":"wav","fileSize":2745038,"duration":85780,"samplingBit":16,"channelCount":1,"samplingRate":"16kHz","audioPath":"/Mock/02.SalesMarketing/Female/Experienced/ckmk_a_sm_f_e_134884.wav"}}}