{"version":"1.0","dataSet":{"info":{"date":"20230116","occupation":"SM","channel":"MOCK","place":"ONLINE","gender":"FEMALE","ageRange":"35-44","experience":"EXPERIENCED"},"question":{"raw":{"text":"마케팅이 무엇이라고 생각합니까","wordCount":3},"emotion":[],"intent":[]},"answer":{"raw":{"text":"제가 생각하는 마케팅은 전략적이고 분석적인 작업이라고 생각을 하는데요. 전략적이고 분석적으로 데이터를 만들고 그 데이터를 기반으로 해서 제품이나 서비스가 대중들에게 많이 팔릴 수 있게끔 대중들이 많이 찾을 수 있게끔 하는 작업이 저는 마케팅이라고 생각을 하고 있습니다. 고객분들과 직접 부딪치는 그러한 업무는 아니지만 고객들과 부딪치기 이전에 고객들과 최대한 많이 부딪칠 수 있게끔 연구하고 분석하는 과정이 저는 마케팅이라고 생각을 하고 있습니다.","wordCount":58},"emotion":[],"intent":[{"text":"","expression":"","category":"attitude"}],"summary":{"text":"마케팅은 전략적이고 분석적인 작업으로 데이터를 만들고 그 데이터를 기반으로 제품이나 서비스가 대중들에게 많이 팔릴 수 있도록 대중들이 많이 찾을 수 있도록 하는 작업입니다.","wordCount":23}}},"rawDataInfo":{"question":{"fileFormat":"wav","fileSize":212558,"duration":6640,"samplingBit":16,"channelCount":1,"samplingRate":"16kHz","audioPath":"/Mock/02.SalesMarketing/Female/Experienced/ckmk_q_sm_f_e_104055.wav"},"answer":{"fileFormat":"wav","fileSize":1581518,"duration":49420,"samplingBit":16,"channelCount":1,"samplingRate":"16kHz","audioPath":"/Mock/02.SalesMarketing/Female/Experienced/ckmk_a_sm_f_e_104055.wav"}}}