{"version":"1.0","dataSet":{"info":{"date":"20230116","occupation":"SM","channel":"MOCK","place":"ONLINE","gender":"FEMALE","ageRange":"45-54","experience":"EXPERIENCED"},"question":{"raw":{"text":"어 회사에 들어와서 선배를 만나게 될 수 있는데요 어 어떤 모습에 선배를 만나고 싶으신가요 그리고 그런 이유도 함께 말씀해 주시길 바랍니다","wordCount":21},"emotion":[],"intent":[]},"answer":{"raw":{"text":"어 어떤 모습에 선배라면 저도 이제 그런 모습에 선배가 되고 싶기도 한데요. 어 일단은 업무적으로 어 정확한 업무를 잘 알고 있는 그런 선배였으면 좋겠습니다. 아 내 업무 뿐만이 아니라 많은 회사의 업무를 알고 있으면 좋겠구요. 어 또 마당발이라고 해서 사람들을 많이 아는 그런 선배였으면 좋겠습니다. 그래야 뭐 어떤 문제가 생겼을 때 상의하기 좋지 않을까 싶구요. 어 그리고 좀 친절한 분이었으면 좋겠습니다. 뭔가 여쭤봤을 때 좀 퉁명스럽거나 아 좀 그러면 어려움이 많을 거기 때문에 좀 친절을 했으면 좋겠구요. 어 나중에 계속 제가 좀 기대거나 의지가 되는 그런 사람이었으면 좋겠기 때문에 그렇습니다. 물론 제가 선배가 되면 그런 모습에 선배가 되고 싶습니다.","wordCount":99},"emotion":[],"intent":[{"text":"","expression":"","category":"attitude"}],"summary":{"text":"업무적으로 정확한 업무를 잘 알고 제 업무 뿐만 아니라 많은 회사의 업무를 알고 마당발이라고 해서 사람들을 많이 아는 선배가 되길 바랍니다. 또한 좀 퉁명스럽거나 어려움이 많을 수 있기 때문에 좀 친절한 분이었으면 좋겠습니다.","wordCount":33}}},"rawDataInfo":{"question":{"fileFormat":"wav","fileSize":505678,"duration":15800,"samplingBit":16,"channelCount":1,"samplingRate":"16kHz","audioPath":"/Mock/02.SalesMarketing/Female/Experienced/ckmk_q_sm_f_e_239890.wav"},"answer":{"fileFormat":"wav","fileSize":2554958,"duration":79840,"samplingBit":16,"channelCount":1,"samplingRate":"16kHz","audioPath":"/Mock/02.SalesMarketing/Female/Experienced/ckmk_a_sm_f_e_239890.wav"}}}