{"version":"1.0","dataSet":{"info":{"date":"20230116","occupation":"ARD","channel":"MOCK","place":"ONLINE","gender":"MALE","ageRange":"45-54","experience":"EXPERIENCED"},"question":{"raw":{"text":"이전 직장에서 수행했던 직무가 지금 여기 현재 당사 직무에 어떤 도움을 줄 수 있는지 설명해 주세요","wordCount":16},"emotion":[],"intent":[]},"answer":{"raw":{"text":"어 저는 당연합니다. 저는 특히나 경력직으로 지원한 만큼 이전 직장에서 수용했던 직무가 제가 지원한 이 직무와 거의 동일한 일이라고 생각을 합니다. 물론 뭐 회사의 성격이라든지 그 분위기라든지 뭐 회사에서 추구하는 방향이 제가 전에 일하던 회사와 다를 수는 충분히 있다고 생각을 합니다. 하지만 기본적으로 그 고객이 원하는 것을 준비해서 만들어내고 그것을 고객한테 제공하고 제공하는 일인 만큼 어 그 틀은 크게 다르지 않다라고 생각을 합니다. 어 이 직무는 제가 이십 오 년 이상 근무를 해왔던 직무고 저는 이 일을 어 뭐 평사원부터 시작해 가지고 어 이사를 달 때까지 계속 해왔던 일이고 누구보다 이 일에 대해서 잘 파악을 하고 있다라고 생각을 합니다. 그러기 때문에 제가 직장을 옮겨서 이 회사에 어 채용이 된다고 하면 저는 제가 여태까지 가지고 있던 경력과 노하우를 이용해서 어 회사에서 원하는 방향으로 이 직무를 성실히 수행할 것이며 그 누구보다 잘 해낼 자신이 있습니다.","wordCount":133},"emotion":[],"intent":[{"text":"","expression":"","category":"attitude"}],"summary":{"text":"저는 경력직으로 지원한 만큼 이전 직장에서 수용했던 직무와 거의 동일한 일이라고 생각합니다. 이 직무는 제가 이십 오 년 이상 근무를 해왔던 직무이고 누구보다 이 일에 대해 잘 파악을 하고 있다고 생각합니다. 그러므로 제가 직장을 옮겨서 이 회사에 채용이 된다면 이 직무를 성실히 수행할 것이며 잘 해낼 자신이 있습니다.","wordCount":48}}},"rawDataInfo":{"question":{"fileFormat":"wav","fileSize":358478,"duration":11200,"samplingBit":16,"channelCount":1,"samplingRate":"16kHz","audioPath":"/Mock/06.Design/Male/Experienced/ckmk_q_ard_m_e_75157.wav"},"answer":{"fileFormat":"wav","fileSize":2549518,"duration":79670,"samplingBit":16,"channelCount":1,"samplingRate":"16kHz","audioPath":"/Mock/06.Design/Male/Experienced/ckmk_a_ard_m_e_75157.wav"}}}