{"version":"1.0","dataSet":{"info":{"date":"20230116","occupation":"ARD","channel":"MOCK","place":"ONLINE","gender":"MALE","ageRange":"45-54","experience":"EXPERIENCED"},"question":{"raw":{"text":"본인의 위치나 본인의 자질보다 어려운 목표를 달성하셨던 경험이 있다면 구체적인 사례와 함께 자세하게 말씀해 주시겠습니까","wordCount":15},"emotion":[],"intent":[]},"answer":{"raw":{"text":"어 예전 직장에서 팀 프로젝트를 맡아서 진행했던 적이 있었는데 그때 인제 팀장으로서 부장님이 한 분 계셨고 고 바로 밑 아래 직원에서 과장님이 계셨고 어 저는 대리로서 그 사원들과 그 한 중간자적 윗 윗 입장에서 프로젝트를 맡아서 진행했던 적이 있었습니다. 그 프로젝트는 약 한 삼 개월 동안 준비를 하고 결과를 내야 되는 프로젝트였는데 꽤 우리 팀원은 팀 웍도 잘 맞았고 어 꽤 노력을 해서 어 결과도 좋을 것이라고 예측을 하고 있었습니다. 그러던 중에 약 한 이 개월이 쪼금 채 안 됐을 때 그때 시장 조사를 마치고 인제 이걸 토대로 해서 결과를 내놓아야 할 시점이었는데 어 당시에 그 외근을 나갔던 그 부장님과 과장님이 어 교통사고를 당해 가지고 두 분 다 유 병원에 입원을 해야 되는 상황이 발생을 했습니다. 그때 프로젝트 종료까지는 채 한 달이 안 남았고 이때 다른 뭐 뭐 부서장이라든지 다른 팀장을 받아서 제가 진행을 하기에는 너무 일을 많이 진행한 상태에서 어쩔 수 없이 제가 중간자이면서 관리자 역할을 맡게 됐는데 다행히 그전에 사전조사가 잘 돼 있고 준비가 잘 돼 있어 가지고 제가 대리면서 팀장 역할을 맡아서 어 일을 잘 마칠 수 있었던 경험이 있습니다.","wordCount":173},"emotion":[],"intent":[{"text":"그 프로젝트는 약 한   삼 개월 동안 준비를 하고 결과를 내야 되는 프로젝트였는데 꽤 우리 팀원은   팀 웍도 잘 맞았고 어 꽤 노력을 해서 어 결과도 좋을 것이라고 예측을 하고 있었습니다.","expression":"c_cop","category":"personality"},{"text":"그때 프로젝트 종료까지는 채 한 달이   안 남았고 이때 다른 뭐  뭐 부서장이라든지 다른 팀장을    받아서 제가 진행을 하기에는 너무 일을 많이 진행한 상태에서 어쩔 수 없이 제가 중간자이면서   관리자 역할을 맡게 됐는데 다행히 그전에 사전조사가 잘 돼 있고 준비가 잘 돼 있어 가지고   제가 대리면서 팀장 역할을 맡아서 어 일을 잘 마칠 수 있었던 경험이 있습니다.","expression":"c_cop","category":"personality"}],"summary":{"text":"예전 직장 팀 프로젝트에서 팀 웍도 잘 맞고 결과도 좋을 것이라 예측하고 있었는데, 시장 조사를 마치고 결과를 내놓아야 할 때 교통사고로 두 분이 입원을 해야 되는 상황이 발생했습니다. 다른 팀장을 받아서 진행을 하기에는 너무 일을 많이 진행한 상태에서 제가 중간자이면서 관리자 역할을 맡게 됐는데 다행히 일을 잘 마칠 수 있었던 경험이 있습니다.","wordCount":52}}},"rawDataInfo":{"question":{"fileFormat":"wav","fileSize":384078,"duration":12000,"samplingBit":16,"channelCount":1,"samplingRate":"16kHz","audioPath":"/Mock/06.Design/Male/Experienced/ckmk_q_ard_m_e_74876.wav"},"answer":{"fileFormat":"wav","fileSize":2801998,"duration":87560,"samplingBit":16,"channelCount":1,"samplingRate":"16kHz","audioPath":"/Mock/06.Design/Male/Experienced/ckmk_a_ard_m_e_74876.wav"}}}