{"version":"1.0","dataSet":{"info":{"date":"20230116","occupation":"ARD","channel":"MOCK","place":"ONLINE","gender":"MALE","ageRange":"35-44","experience":"EXPERIENCED"},"question":{"raw":{"text":"귀하께서 진행하고 계시는 따로 진행하고 있는 프로젝트가 있을까요","wordCount":8},"emotion":[],"intent":[]},"answer":{"raw":{"text":"저는 음 그냥 스터디 네 스터디 하면서 이제 그냥 저희 저 같은 이제 같은 배우 동료들끼리 저희 연기 스터디를 하고 있는데 이제 서로 이제 그 연기하는 걸 봐주면서 바라보면서 각자 한 부분에 대해서 코멘트도 해주고 그리고 어 그까 적당한 어떤 음 평가와 그리고 어 각자의 그 스타일 를 지켜주는 그런 게 조금 적당하게 있는 것 같아서요. 네 그래서 그것들 그 서로들의 우리들의 그 스타일을 우리가 또 제일 잘 아니까 그 서 이걸 바탕으로 저희끼리 그냥 작은 단편 영화 같은 거를 요즘에 조금 해보려고 찍어보려고 지금 준비 중에 있습니다. 그래서 지금 시나리오 작업 계속 진행 중이고요. 콘티 같은 거 이 지금 준비하면서 작게나마 한번 조금 판을 버려보 보고자 지금 진행을 하고 있는 중입니다.","wordCount":112},"emotion":[],"intent":[{"text":"","expression":"","category":"attitude"}],"summary":{"text":"저희 같은 배우들끼리 연기 스터디를 하고 있는데 서로 연기하는 걸 보며 각자 코멘트도 해주고 스타일도 지켜주는 것 같습니다. 그래서 이것을 바탕으로 작은 단편 영화 같은 걸 해보려고 지금 준비하고 있습니다.","wordCount":30}}},"rawDataInfo":{"question":{"fileFormat":"wav","fileSize":248398,"duration":7760,"samplingBit":16,"channelCount":1,"samplingRate":"16kHz","audioPath":"/Mock/06.Design/Male/Experienced/ckmk_q_ard_m_e_177498.wav"},"answer":{"fileFormat":"wav","fileSize":2844878,"duration":88900,"samplingBit":16,"channelCount":1,"samplingRate":"16kHz","audioPath":"/Mock/06.Design/Male/Experienced/ckmk_a_ard_m_e_177498.wav"}}}