{"version":"1.0","dataSet":{"info":{"date":"20230116","occupation":"ARD","channel":"MOCK","place":"ONLINE","gender":"MALE","ageRange":"-34","experience":"EXPERIENCED"},"question":{"raw":{"text":"입사를 하게 된다면 대화나 어떤 소통이 중요할 텐데요 커뮤니케이션을 잘 할 수 있는 나만의 스킬이 있다면 한번 소개해 주시구요 직접 보여주셔도 좋습니다 설명해 주시기 바랍니다","wordCount":25},"emotion":[],"intent":[]},"answer":{"raw":{"text":"스 스킬이요 음 글쎄요 특별한 스킬이라기보다는 저는 우선 그 사람의 개인적인 부분들은 그 신상이라고 하죠. 웬만하면 파악을 해요. 네 저 뭐 이 일을 일찍 시작했기 때문에 제 나름대로는 지금 경력이 있고 물론 나이는 많지는 않다 고 하더라도 그리고 제가 나름대로 또 뭐 여러 가지 일을 도맡아서 하는 어떤 관리자 부분에서에 위치도 있었기 때문에 그 친구에 상대 그런 개인적인 정보들을 조금 미리 접수를 한 다음에 그것과 관련해서 때 그것과 관련해서 먼저 대화를 시작을 해요. 그래서 뭐랄까요 뭐 예를 들면은 뭐 고양이를 키운다 라고 하면은 뭐 고양이 동물 좋아해요 라고 시작을 해서 어떤 고양이인지 지금 그 이미 알고 있지만 그 고양이에 대한 뭐 제가 알고 있는 그런 잔지식 같은 거 그게 유용하지는 않을지라도 대화를 이어나갈 수 있게 하는 그런 부분으로 조금 접근을 먼저 하는 편입니다.","wordCount":123},"emotion":[],"intent":[{"text":"","expression":"","category":"attitude"}],"summary":{"text":"저는 그 친구에 개인적인 정보들을 미리 접수를 한 후에 대화를 시작을 하는데, 그 사람이 알고 있는 지식이 유용하지는 않더라도 대화를 이어나갈 수 있게 하는 부분으로 조금 접근을 하는 편입니다.","wordCount":29}}},"rawDataInfo":{"question":{"fileFormat":"wav","fileSize":495118,"duration":15470,"samplingBit":16,"channelCount":1,"samplingRate":"16kHz","audioPath":"/Mock/06.Design/Male/Experienced/ckmk_q_ard_m_e_156933.wav"},"answer":{"fileFormat":"wav","fileSize":2925838,"duration":91430,"samplingBit":16,"channelCount":1,"samplingRate":"16kHz","audioPath":"/Mock/06.Design/Male/Experienced/ckmk_a_ard_m_e_156933.wav"}}}