{"version":"1.0","dataSet":{"info":{"date":"20230116","occupation":"ARD","channel":"MOCK","place":"ONLINE","gender":"MALE","ageRange":"35-44","experience":"EXPERIENCED"},"question":{"raw":{"text":"평소 인터넷 검색 많이 하십니까","wordCount":5},"emotion":[],"intent":[]},"answer":{"raw":{"text":"많이 합니다. 네 제가 잘 몰라서 음 확실하게 뭔지 알아보고 해야 되니까 검색이 쪼금 많이 하게 되더라고요. 그래서 그때그때 순간마다 쪼금 검색을 하고 다음 절차를 넘어가는 편이구요. 그래서 또 사소하게 안 까먹고 배우게 되는 것들도 이제까지 많았습니다. 오히려 이제 그 정확한 어떤 정의라든지 아니면 그런 이게 뭐였는지를 이제 얼핏 그냥 대강 아는 것에서 이제 이거를 검색하는 그 습관과 그런 시간을 가지면서 아 이게 이런 건 줄 알았는데 저런 거였구나 쪼금 다른 방향으로 내가 알고 있었구나 이렇게 또 배우게 되는 것도 커서 자기 스스로 제 스스로가 그래서 저는 이게 좋은 저만의 습관이라고 생각을 합니다. 오히려 제가 또 헷갈려 하거나 할 때는 알려줄 때도 있고 저는 좋습니다 저의 이런 습관이.","wordCount":108},"emotion":[],"intent":[{"text":"","expression":"","category":"attitude"}],"summary":{"text":"정확한 정의나 정보를 검색하는 습관을 가지는 것은 자기 스스로에게 좋은 습관입니다. 오히려 헷갈릴 때는 알려줄 때도 있고 저만의 습관이라고 생각합니다.","wordCount":20}}},"rawDataInfo":{"question":{"fileFormat":"wav","fileSize":225998,"duration":7060,"samplingBit":16,"channelCount":1,"samplingRate":"16kHz","audioPath":"/Mock/06.Design/Male/Experienced/ckmk_q_ard_m_e_99922.wav"},"answer":{"fileFormat":"wav","fileSize":2652558,"duration":82890,"samplingBit":16,"channelCount":1,"samplingRate":"16kHz","audioPath":"/Mock/06.Design/Male/Experienced/ckmk_a_ard_m_e_99922.wav"}}}