{"version":"1.0","dataSet":{"info":{"date":"20230116","occupation":"ARD","channel":"MOCK","place":"ONLINE","gender":"MALE","ageRange":"45-54","experience":"EXPERIENCED"},"question":{"raw":{"text":"귀하께서 최근에 뭐 업무적으로든 아니면 개인 사적으로든 재미있어 하는 일이 있다면 어 그것에 대해서 말씀해 주세요","wordCount":16},"emotion":[],"intent":[]},"answer":{"raw":{"text":"최근 제가 뭐 개인적으로 재미있어하고 관심을 갖고 하는 게 하나 있는데 그게 바로 루어 낚시입니다. 저는 낚시를 개인적으로 취미를 갖고 있는데 어 낚시는 그렇게 어떻게 보면은 예전에는 정적이지 않아서 좋았습니다. 뭐 가만히 뭐 이렇게 낚싯대를 던져 놓고 그 찌를 바라보면서 있는 그 평화로운 시간을 되게 즐겼던 것 같습니다. 그런데 이게 좀 약간 나이가 들면서 뭐 성격이 바뀌는 건지 우연한 기회에 루어 낚시를 좀 접하게 됐는데 어 이게 상당히 매력이 있습니다. 루어 낚시는 강을 따라서 계속 이동을 하면서 뭐 강의 넓이 물살의 세기 뭐 강의 깊이 그리고 제가 그 잡고자 하는 뭐 어종에 따라서 미끼를 수시로 상황에 바꿔서 상황에 적절하게 다른 미끼를 사용합니다. 어 일단은 살아있는 뭐 지렁이라든지 떡밥 같은 거를 사용하지 않아서 좋구요. 저는 오히려 그 가짜 미끼를 사용하는 게 더 자연에도 보호가 되 자연 보호도 되고 더 좋다 라고 생각을 합니다. 그래서 그 루어를 통해서 그 그때그때 상황에 맞춰서 이렇게 낚시를 하는 루어 낚시가 되게 재미있고 되게 좀 익사이팅하게 뭐 되게 동적이게 느껴집니다. 그래서 저는 최근에 루어 낚시에 대해서 관심을 가지고 있고 뭐 거기에 대해서 나름 뭐 영상을 찾아보면서 책을 구해서 읽으면서 공부를 하고 있습니다.","wordCount":176},"emotion":[{"text":"그래서 저는 최근에 루어 낚시에 대해서 관심을 가지고 있고 뭐 거기에 대해서 나름 뭐 영상을 찾아보면서 책을 구해서 읽으면서 공부를 하고 있습니다.","expression":"u-fact","category":"neutral"}],"intent":[{"text":"","expression":"","category":"attitude"}],"summary":{"text":"루어 낚시는 강을 따라 계속 이동을 하면서 강의 넓이 물살의 세기, 강의 깊이 그리고 어종에 따라 미끼를 수시로 상황에 맞춰서 사용합니다. 살아있는 것을 사용하지 않아 좋고 오히려 가짜 미끼 사용이 자연 보호도 되고 더 좋습니다. 루어를 통해서 그때그때 상황에 맞춰서 낚시를 하는 것이 되게 재미있고 익사이팅하고 동적이게 느껴져서 최근에 루어 낚시에 대해 관심이 생겼습니다.","wordCount":54}}},"rawDataInfo":{"question":{"fileFormat":"wav","fileSize":419918,"duration":13120,"samplingBit":16,"channelCount":1,"samplingRate":"16kHz","audioPath":"/Mock/06.Design/Male/Experienced/ckmk_q_ard_m_e_74087.wav"},"answer":{"fileFormat":"wav","fileSize":2862478,"duration":89450,"samplingBit":16,"channelCount":1,"samplingRate":"16kHz","audioPath":"/Mock/06.Design/Male/Experienced/ckmk_a_ard_m_e_74087.wav"}}}