{"version":"1.0","dataSet":{"info":{"date":"20230116","occupation":"ARD","channel":"MOCK","place":"ONLINE","gender":"MALE","ageRange":"-34","experience":"EXPERIENCED"},"question":{"raw":{"text":"본인의 생각이 아니라 지원자님 다른 주변 사람들이 생각하는 본인만의 단점이나 장점이 있다면 그것을 전부 말씀해 주세요","wordCount":16},"emotion":[],"intent":[]},"answer":{"raw":{"text":"장점이자 단점이라고 생각을 합니다. 저는 제가 지치지 않는 어 에너자이저와 같은 체력을 가지고있다고 생각을 합니다. 그 제가 생각을 하는 것이 아니라 주변 사람들이 저 때문에 힘들어 하는 부분도 음 주변 사람들이 저의 페이스를 맞추지를 못합니다. 저는 괜찮을 거라고 생각을 해서 이렇게 저의 체력대로 에너자이저 같은 체력대로 그렇게 밀고 나가지만 그럴 때 제가 주변을 잘 못 보는 것 같습니다. 그럴 때 주변 사람들은 이미 힘들어 가지고 이렇게 뒤처져 있는데 저는 제가 에너자이저 같은 사람이라고 생각을 해서 그렇게 무작정 나가는 그런 일들이 저의 장점이자 단점인 것 같습니다. 그런데 이제 단점을 극복할 수 있는 방법은 쪼금 더 주변을 살펴보면 되지 않을까 싶습니다. 제가 에너자이저와 같은 체력을 갖고 있다는 것은 저의 장점으로서 충분히 살리고 남겨두고 그 남는 체력으로 주변을 쪼금 더 돌볼 수 있는 얼마나 힘들어 하는지 왜 힘들어 하는지 어떻게 하면 극복할 수 있을지 그런 나누는 힘을 가져야 된다고 생각합니다.","wordCount":137},"emotion":[],"intent":[{"text":"","expression":"","category":"attitude"}],"summary":{"text":"저는 에너자이저와 같은 체력을 가지고 있지만 주변 사람들의 페이스에 맞추지 못해 계속 밀고 나갈 때 주변을 잘 못 보는 것 같습니다. 하지만 단점을 극복할 방법은 주변을 살펴보면 될 것 같으며, 남은 체력으로 주변을 더 돌볼 수 있는 힘을 가져야 한다고 생각합니다.","wordCount":41}}},"rawDataInfo":{"question":{"fileFormat":"wav","fileSize":323278,"duration":10100,"samplingBit":16,"channelCount":1,"samplingRate":"16kHz","audioPath":"/Mock/06.Design/Male/Experienced/ckmk_q_ard_m_e_200235.wav"},"answer":{"fileFormat":"wav","fileSize":2833358,"duration":88540,"samplingBit":16,"channelCount":1,"samplingRate":"16kHz","audioPath":"/Mock/06.Design/Male/Experienced/ckmk_a_ard_m_e_200235.wav"}}}