{"version":"1.0","dataSet":{"info":{"date":"20230116","occupation":"ARD","channel":"MOCK","place":"ONLINE","gender":"MALE","ageRange":"45-54","experience":"EXPERIENCED"},"question":{"raw":{"text":"본인의 전공 관련해서 최근 부족하다고 느껴서 공부하고 있는 분야가 있다면 그것에 대해 말씀해 주세요","wordCount":14},"emotion":[],"intent":[]},"answer":{"raw":{"text":"어 아쉽게도 저는 전공과 지금 현재 다른 업종에 다른 일을 하고 있다 보니 전공 관련해서 뭐 부족해서 다른 공부를 한 적은 최근엔 없습니다. 어 단지 제가 지금 하고 있는 일에 대해서 부족함을 느낀 적은 많습니다. 뭐 그건 항상 느끼고 있고 항상 준비하고 있습니다. 저는 여행 관련 일을 하는 만큼 어 저는 그 현지 사정에 대해서 좀 잘 알고 싶어서 현지에서 나오는 뭐 문화 여행 관련된 책자들을 구입해서 보는 편입니다. 물론 현지어로 되어있다 보니 좀 약간 해독이 불편하고 뭐 이런 부분도 있지만 저는 여행 관련된 뭐 예를 들어서 관광청이나 이런 데서 나오는 어 웬만한 자료는 다 보려고 하고 서적 같은 경우도 어 제가 필요하다면 구입해서 최신판으로 해서 보는 편입니다. 어 표현이 좀 그렇긴 한데 저는 아무리 노하우가 있고 경력이 있다고 해도 현재 트렌드를 따라가지 않으면 결코 그 일을 여태까지 뭐 오래 해 왔더래도 잘 할 수 없다 라고 생각을 합니다. 뭐 현재 트렌드는 뭐 거의 정말 매일매일 뭐 하루가 멀다 하게 바뀌고 있습니다. 그렇기 때문에 현재 트렌드를 익히고 현지 사정을 잘 아는 것이 알기 위해서 저는 어 노력을 하고 그거에 대해서 공부를 합니다.","wordCount":172},"emotion":[],"intent":[{"text":"저는 여행 관련 일을 하는 만큼 어 저는   그 현지 사정에 대해서 좀 잘 알고 싶어서 현지에서 나오는 뭐  문화    여행 관련된 책자들을 구입해서 보는 편입니다.","expression":"d_trendy","category":"technology"},{"text":"그렇기 때문에 현재 트렌드를   익히고 현지 사정을 잘 아는 것이 알기 위해서 저는 어 노력을 하고 그거에 대해서   공부를 합니다.","expression":"d_trendy","category":"technology"}],"summary":{"text":"저는 여행 관련 일을 하는 만큼 현지에 대해 잘 알기 위해 현지에서 나오는 문화 여행 관련 책자들을 구입해서 보는 편입니다. 물론 현지어로 되어 있기는 하지만 관광청이나 이런 데서 나오는 모든 자료를 다 읽으려 하고, 서적도 구입해서 최신판으로 봅니다. 아무리 노하우가 있고 경력이 있더라도 현재 트렌드를 따라가지 않으면 결코 일을 오래 해왔어도 잘 할 수 없다 생각하기 때문입니다.","wordCount":57}}},"rawDataInfo":{"question":{"fileFormat":"wav","fileSize":346958,"duration":10840,"samplingBit":16,"channelCount":1,"samplingRate":"16kHz","audioPath":"/Mock/06.Design/Male/Experienced/ckmk_q_ard_m_e_74091.wav"},"answer":{"fileFormat":"wav","fileSize":2821838,"duration":88180,"samplingBit":16,"channelCount":1,"samplingRate":"16kHz","audioPath":"/Mock/06.Design/Male/Experienced/ckmk_a_ard_m_e_74091.wav"}}}