{"version":"1.0","dataSet":{"info":{"date":"20230116","occupation":"ARD","channel":"MOCK","place":"ONLINE","gender":"MALE","ageRange":"45-54","experience":"EXPERIENCED"},"question":{"raw":{"text":"면접자님 어 이거 굉장히 식상한 질문이 될 수도 있는데요 뭐 최근이든 예전이든 감명 깊게 읽었던 책이나 뭐 영화 있나요","wordCount":19},"emotion":[],"intent":[]},"answer":{"raw":{"text":"저는 무라카미 하루끼의 책 이렇게 작지만 확실한 행복 이 책을 가장 감명 깊게 읽었습니다. 사실은 이 책을 감명 깊게 읽었다기보다는 이 책 속에 나오는 한 줄 때문에 감명을 받았습니다. 이 책에는 세상에 모든 냉장고가 열려 있는것 처럼 추위를 느꼈다 이런 대목이 나오거든요. 저는 이 문장 때문에 무라카미 하루키 책을 좋아하게 되었습니다. 그리고 제가 가장 감명 깊게 본 영화는 제리 맥과이어입니다. 제리 맥과이어는 스포츠 에이전시에 한 직원으로서 나중에는 스포츠 스타들과 감동과 우정을 그려 나가면서 서로 업무적인 것이 아닌 인간애를 발휘하면서 회사를 성장시키는 어 그런 어 영화입니다. 저는 이 대목에서 영업적인 것도 좋아하지만 인간적인 면이 바탕이 되었을 때 회사는 성장할 수 있다 라는 것을 배웠습니다. 그래서 저는 제리 맥과이어 이 영화를 가장 좋아합니다.","wordCount":111},"emotion":[],"intent":[{"text":"","expression":"","category":"attitude"}],"summary":{"text":"무라카미 하루키의 책 '작지만 확실한 행복'과 제리 맥과이어를 가장 감명 깊게 읽었습니다. 전자는 영업적인 것도 좋아하지만 인간적인 면이 바탕이 되었을 때 회사는 성장할 수 있다 라는 것을 배웠습니다.","wordCount":28}}},"rawDataInfo":{"question":{"fileFormat":"wav","fileSize":450638,"duration":14080,"samplingBit":16,"channelCount":1,"samplingRate":"16kHz","audioPath":"/Mock/06.Design/Male/Experienced/ckmk_q_ard_m_e_80834.wav"},"answer":{"fileFormat":"wav","fileSize":2684238,"duration":83880,"samplingBit":16,"channelCount":1,"samplingRate":"16kHz","audioPath":"/Mock/06.Design/Male/Experienced/ckmk_a_ard_m_e_80834.wav"}}}