{"version":"1.0","dataSet":{"info":{"date":"20230116","occupation":"ARD","channel":"MOCK","place":"ONLINE","gender":"MALE","ageRange":"-34","experience":"EXPERIENCED"},"question":{"raw":{"text":"우리 회사에 들어와서 본인이 하고 싶은 업무가 있으신가요 있다면 그것은 무엇이고 왜 그것을 하고 싶으신지 이유도 말씀 부탁드립니다","wordCount":18},"emotion":[],"intent":[]},"answer":{"raw":{"text":"제가 하고 싶은 일은 저기 제가 이력서에서도 적어 놓았듯이 안전 관리에 관한 일을 하고 싶은 것이 맞는데 저는 그 안전 관리 중에서도 그 좀 현장에 무심코 지나갈 수 있는 그런 위험한 튀어나와 있는 튀어나와 있는 안전 문제들에 대해서 좀 찾아보고 싶어요. 무심코 지나갈 수 있는 위험적인 요소들 그런 것들이 결국에는 사고로 이어진다고 생각을 하고 있고 제가 저번 옛날에 공장에서도 일했던 것 어떤 그런 경험들 중의 하나가 항상 그 어떤 물질은 우리 옆에 있었었어요. 근데 아무도 그 어느 누구도 그 그 물건이 그 물질이 위험할 것이다 라고 경고해 주는 사람도 없었고 예상한 사람도 없었어요. 근데 그게 결국에는 어떤 사고를 이렇게 일으키게 되는 일이 있었단 말이에요. 그래서 그런 것들을 겪고 나니까 아 무심코 지나갈 수 있는 부분들은 어디 어디에 있겠다 그런 것들이 확신이 조금 들어 가지고 조금 그런 것들을 찾아보고 싶습니다.","wordCount":129},"emotion":[],"intent":[{"text":"","expression":"","category":"attitude"}],"summary":{"text":"무심코 지나갈 수 있는 위험 요소들이 결국에는 사고로 이어진다고 생각을 하고 있고, 예전에 공장에서도 일했던 경험들 중에 그 물질이 위험할 것이다 라고 경고해 주는 사람도 없고 예상한 사람도 없었는데 결국에는 사고를 일으키게 되는 일이 있었기 때문에 그런 것들을 찾아보고 싶습니다.","wordCount":40}}},"rawDataInfo":{"question":{"fileFormat":"wav","fileSize":610638,"duration":19080,"samplingBit":16,"channelCount":1,"samplingRate":"16kHz","audioPath":"/Mock/06.Design/Male/Experienced/ckmk_q_ard_m_e_200233.wav"},"answer":{"fileFormat":"wav","fileSize":2900878,"duration":90650,"samplingBit":16,"channelCount":1,"samplingRate":"16kHz","audioPath":"/Mock/06.Design/Male/Experienced/ckmk_a_ard_m_e_200233.wav"}}}