{"version":"1.0","dataSet":{"info":{"date":"20230116","occupation":"ARD","channel":"MOCK","place":"ONLINE","gender":"MALE","ageRange":"45-54","experience":"EXPERIENCED"},"question":{"raw":{"text":"무언가를 달성하기 위해 목표를 세우고 이 삼 년간 노력해서 목표를 달성한 경험이 있으신가요","wordCount":13},"emotion":[],"intent":[]},"answer":{"raw":{"text":"어 이 년에서 삼 년이라고 그러면 꽤 긴 시간인데 이렇게 긴 시간 동안 어떤 계획을 하고 목표로 아 삼은 경험을 말씀하라고 말씀 이야기하라고 하면 어 저는 제가 보육 보육 교사 자격증을 딴 것을 말씀드리겠습니다. 어 저는 약 한 칠 년쯤 전에 건강 상의 이유로 회사를 잠깐 쉬어야 될 상황이 있었습니다. 어 지금은 물론 아주 완치도 됐고 건강합니다. 어 그 당시에 어 제가 뭐 그냥 그대로 말씀드리면 제가 암에 걸려가지고 뭐 항암 치료도 하고 수술도 하고 뭐 이런 식이었는데 어 저는 그때 뭐 본의 아니게 시간이 좀 남다 보니 뭐 시간을 그냥 이렇게 가만히 뭐 좀 무료하기도 했고 그래서 제가 예전에 관심이 있었던 보육 교사 자격증을 따려고 애를 썼습니다. 어 평생교육원에 등록을 해 가지고 주말에는 학교에 나가서 수업을 듣고 뭐 주중에는 인터넷으로 강의를 들으면서 어 그리고 뭐 시험을 보고 평가를 받고 뭐 나중에는 실습까지 맞추면서 어 약 한 이 년 반 정도에 걸쳐서 결국은 보육 교사 자격증을 수령했습니다. 어 저는 나름 그 기간이 되게 저한테는 유용한 시간이었고 제가 나중에 뭐 은퇴를 하고 나서 제가 추후에 다른 어떤 직업을 가질 때 이 보육 교사 자격증이 꼭 도움이 될 거라고 생각합니다","wordCount":178},"emotion":[],"intent":[{"text":"어 평생교육원에 등록을 해 가지고 주말에는   학교에 나가서 수업을 듣고 뭐 주중에는 인터넷으로 강의를 들으면서 어 그리고 뭐 시험을 보고 평가를 받고 뭐 나중에는 실습까지 맞추면서   어 약 한 이 년 반 정도에 걸쳐서 결국은 보육 교사 자격증을 수령했습니다.","expression":"c_private","category":"background"}],"summary":{"text":"보육 교사 자격증을 딴 것을 말씀드리겠습니다. 제가 암에 걸려가지고 시간을 좀 남다 보니 무료하기도 했고 그래서 평생교육원에 등록을 해 가지고 주말에는 학교에 나가 수업을 듣고 주중에는 인터넷으로 강의를 들으며 그리고 나중에 실습까지 맞추면서 대략 이 년 반 정도에 걸쳐서 자격증을 수령했습니다.","wordCount":41}}},"rawDataInfo":{"question":{"fileFormat":"wav","fileSize":270158,"duration":8440,"samplingBit":16,"channelCount":1,"samplingRate":"16kHz","audioPath":"/Mock/06.Design/Male/Experienced/ckmk_q_ard_m_e_73400.wav"},"answer":{"fileFormat":"wav","fileSize":2813518,"duration":87920,"samplingBit":16,"channelCount":1,"samplingRate":"16kHz","audioPath":"/Mock/06.Design/Male/Experienced/ckmk_a_ard_m_e_73400.wav"}}}