{"version":"1.0","dataSet":{"info":{"date":"20230116","occupation":"ARD","channel":"MOCK","place":"ONLINE","gender":"MALE","ageRange":"-34","experience":"EXPERIENCED"},"question":{"raw":{"text":"직무를 수행할 때 난관에 봉착했다면 어떻게 해결하시겠습니까 지원자님의 해결법과 이유를 함께 말씀 부탁드리겠습니다","wordCount":13},"emotion":[],"intent":[]},"answer":{"raw":{"text":"그 직무에 관해서 그 직무를 파악할 수 있는 자료들을 최소 한 다섯 번 다섯 번은 처음부터 끝까지 한 글자도 빠지지 않고 정독해야 된다고 생각을 합니다. 왜냐하면 너무나 문제를 빨리 해결하고 싶은 그런 조급함과 어떤 성과주의와 분위기 때문에 문제를 바로 파악하지 못하고 있는 경우가 있다고 생각을 합니다. 그래서 이거는 솔직히 말씀드리면 저만에 비법인데 저는 항상 공부할 때도 그렇고 대학교에서의 어떤 과제도 그렇고 어떤 프로젝트에서 어려운 임무를 맡았을 때도 어려움이 있었습니다. 어려움이 있었을 때 저는 그 문제를 자료들을 이렇게 펼쳐 놓고 최소 다섯 번은 봤습니다. 보통 그러면 다섯 번 안에 모든 문제들의 해결 지점은 어느 부분에서 어느 부분으로 미로가 풀리듯이 풀리는 것이었습니다. 다섯 번이 되어도 해결이 되지 않는다면 여섯 번을 읽어보면 됩니다. 여섯 번 이행해서 여섯 번도 안 되면 일곱 번 여덟 번 아홉 번 읽어보면 됩니다.","wordCount":125},"emotion":[],"intent":[{"text":"","expression":"","category":"attitude"}],"summary":{"text":"직무에 관해서 직무를 파악할 수 있는 자료들을 최소 한 다섯 번 다섯 번 정독해야 합니다. 왜냐하면 빨리 해결하고 싶은 조급함과 성과주의와 분위기 때문에 문제를 바로 파악하지 못하는 경우가 있기 때문입니다.","wordCount":30}}},"rawDataInfo":{"question":{"fileFormat":"wav","fileSize":364878,"duration":11400,"samplingBit":16,"channelCount":1,"samplingRate":"16kHz","audioPath":"/Mock/06.Design/Male/Experienced/ckmk_q_ard_m_e_200240.wav"},"answer":{"fileFormat":"wav","fileSize":2866638,"duration":89580,"samplingBit":16,"channelCount":1,"samplingRate":"16kHz","audioPath":"/Mock/06.Design/Male/Experienced/ckmk_a_ard_m_e_200240.wav"}}}