{"version":"1.0","dataSet":{"info":{"date":"20230116","occupation":"ARD","channel":"MOCK","place":"ONLINE","gender":"MALE","ageRange":"35-44","experience":"EXPERIENCED"},"question":{"raw":{"text":"많은 디자이너들이 있는데요 다른 디자이너와 당신의 차이점은 또는 차별점은 무엇인지 한번 어필해 보시기 바랍니다","wordCount":14},"emotion":[],"intent":[]},"answer":{"raw":{"text":"네 다른 디자이너와 저와의 인제 차별점에 대해서 한 번 말씀을 드려보겠습니다. 어 일단 가장 큰 차별점은 그래도 좀 약간 보편적이지 않고 차별적으로 이제 색다르게 한다는 그런 디자인의 어 매력이 있을 것 같습니다. 어 뭐 이제 경험을 많이 쌓았기 때문에 그런 경험에서 나오는 그런 노하우라든지 이런 디자인 하는 데 있어서 어 그러고 제가 이런 뭐 작업 능력이나 이런 것들이 좀 손이 굉장히 빠릅니다. 굉장히 빠르다 보니까 어 남들은 한 세 네 시간 걸릴 일을 거의 한 한 시간 정도면 충분하게 했었던 것 같은데 그런 좀 업무 진행 능력이 조금 속도가 빠르다 그런 부분이 저희 차별점일 것 같습니다. 그리고 이제 디자이너도 그 여러 가지 인제 색다른 점이 있어야 하는데 그런 좀 기본적인 것들은 다 좀 미리 끝내 놓는 스타일이고 그런 좀 이 최대한 창의적으로 할려고 하다 보니까 좀 여유를 많이 갖는 편입니다. 그래야 좀 새로운 디자인의 모습이라든지 좀 차별적인 모습이 나올 수 있기 때문에 그런 것들에 대한 좀 여유를 갖고 공부를 하는 편이 되겠습니다. 이상입니다.","wordCount":153},"emotion":[],"intent":[{"text":"","expression":"","category":"attitude"}],"summary":{"text":"다른 디자이너와 저의 가장 큰 차별점은 보편적이지 않고 차별적으로 색다르게 디자인한다는 매력이라고 생각합니다. 또한 업무 진행 능력이 빠른 편이며, 디자인도 최대한 창의적으로 하기 위해 여유를 많이 갖고 공부하고 있습니다.","wordCount":29}}},"rawDataInfo":{"question":{"fileFormat":"wav","fileSize":467918,"duration":14620,"samplingBit":16,"channelCount":1,"samplingRate":"16kHz","audioPath":"/Mock/06.Design/Male/Experienced/ckmk_q_ard_m_e_107093.wav"},"answer":{"fileFormat":"wav","fileSize":2812878,"duration":87900,"samplingBit":16,"channelCount":1,"samplingRate":"16kHz","audioPath":"/Mock/06.Design/Male/Experienced/ckmk_a_ard_m_e_107093.wav"}}}