{"version":"1.0","dataSet":{"info":{"date":"20230116","occupation":"ARD","channel":"MOCK","place":"ONLINE","gender":"MALE","ageRange":"35-44","experience":"EXPERIENCED"},"question":{"raw":{"text":"지원자님은 최근에 재미있게 하고 있는 일이 있습니까 그 일이 있다면 그게 무엇인가요 그리고 그 일이 왜 재미있는지도 함께 설명해 주세요","wordCount":20},"emotion":[],"intent":[]},"answer":{"raw":{"text":"아 저는 요즘에 그림을 그리고 있어요. 네 제가 원래 어렸을 때 잠깐 미술 학원도 다녔었는데 뭐 소질도 없고 애초에 제가 그림 그리는 걸 좋아한 적이 전혀 없거든요 단 한 번도. 근데 이상하게 갑자기 어느 날 이게 뭐 수채화 이런게 아니라 유화로 아예 유화로 조금 그림을 그려보고 싶다 라는 생각이 퍼뜩 들더라고요. 그게 모르겠어요 뭐 허세인 건지 아니면 그냥 많이들 그런 화가들이 쓰는 그 재료들로 나도 한 번쯤 해보고 싶었던 호기심이었던 건지. 그랬는데 다르더라고요 그 그림 그릴 때 그 느낌 그 기분 자체가 다르고 모르겠어요. 그 도구가 우선 조금 다르게 저에게 다가오니까 붓질을 하는 거에 있어서도 뭔가 더 어떤 저의 그때 생각 그 순간 생각나는 어떤 여러 가지 것들을 마구 담아내고 싶은 그래서 요즘에 좀 자주 붓질을 하고 있습니다.","wordCount":118},"emotion":[{"text":"네 제가 원래 어렸을 때 잠깐 미술 학원도 다녔었는데   뭐 소질도 없고 애초에 제가 그림 그리는 걸 좋아한 적이 전혀 없거든요 단 한 번도.","expression":"u-fact","category":"neutral"}],"intent":[{"text":"네 제가 원래 어렸을 때 잠깐 미술 학원도 다녔었는데   뭐 소질도 없고 애초에 제가 그림 그리는 걸 좋아한 적이 전혀 없거든요 단 한 번도.","expression":"c_private","category":"background"},{"text":"그 도구가 우선 조금 다르게 저에게 다가오니까 붓질을 하는 거에 있어서도   뭔가 더 어떤 저의 그때 생각 그 순간 생각나는 어떤 여러 가지 것들을 마구 담아내고 싶은   그래서 요즘에 좀 자주 붓질을 하고 있습니다.","expression":"c_private","category":"background"}],"summary":{"text":"요즘 유화로 그림을 그려보고 싶은 마음이 들었는데, 그림 그릴 때 그 기분과 도구가 달라서 붓질을 하는 거에 있어서도 그 순간 생각나는 어떤 여러 가지 것들을 마구 담아내고 싶은 그래서 자주 붓질을 하고 있습니다.","wordCount":33}}},"rawDataInfo":{"question":{"fileFormat":"wav","fileSize":602958,"duration":18840,"samplingBit":16,"channelCount":1,"samplingRate":"16kHz","audioPath":"/Mock/06.Design/Male/Experienced/ckmk_q_ard_m_e_178826.wav"},"answer":{"fileFormat":"wav","fileSize":2866638,"duration":89580,"samplingBit":16,"channelCount":1,"samplingRate":"16kHz","audioPath":"/Mock/06.Design/Male/Experienced/ckmk_a_ard_m_e_178826.wav"}}}