{"version":"1.0","dataSet":{"info":{"date":"20230116","occupation":"ARD","channel":"MOCK","place":"ONLINE","gender":"MALE","ageRange":"35-44","experience":"EXPERIENCED"},"question":{"raw":{"text":"대한민국의 금융 정책 기관으로서 우리 신용보증기금이 앞으로 더 확대해서 추진해야 할 업무 영역이 있다면 그 업무 영역이 무엇이라고 생각되는지 이와 함께 말씀 부탁드립니다","wordCount":23},"emotion":[],"intent":[]},"answer":{"raw":{"text":"중소기업들을 네 살릴려는 노력을 해야죠. 그냥 막연하게 가만히 있는 게 아니라 지금 같이 혼동스러운 시기에 어 시기적으로 그냥 그 지금 이미 벌어 벌어져 있는 바이러스 시기에 너무나 혼동이 크고 모두가 그리고 불안한 이 시기에 대기업은 말할 필요도 없고 대기업 소속들도 힘들어 하는데 중소기업은 또 얼마나 힘들겠어요 그 존재만으로도. 그래서 그들에게 조금이라도 더 어 안정적인 심리를 줄 수 있는 그런 어 국가에 경제적으로 조금 기댈 수 있는 어떤 어 아 팁이라고 해야 될까요. 어떤 조금 어깨를 내어주듯이 조금 뭐 대출에서의 기준을 쪼끔은 완화시킨다든지 중소기업만 상대로요. 그런 식으로 조금 더 생명을 유지할 수 있게 도움을 줘야 될 거 같애요.","wordCount":97},"emotion":[],"intent":[{"text":"","expression":"","category":"attitude"}],"summary":{"text":"바이러스로 혼란스러운 시기에 중소기업들을 살리려는 노력을 해야 됩니다. 대출 기준을 완화시킨다든지 중소기업만 상대로요. 그런 식으로 생명을 유지할 수 있게 도움을 줘야 될 거 같습니다.","wordCount":24}}},"rawDataInfo":{"question":{"fileFormat":"wav","fileSize":620878,"duration":19400,"samplingBit":16,"channelCount":1,"samplingRate":"16kHz","audioPath":"/Mock/06.Design/Male/Experienced/ckmk_q_ard_m_e_178830.wav"},"answer":{"fileFormat":"wav","fileSize":2881678,"duration":90050,"samplingBit":16,"channelCount":1,"samplingRate":"16kHz","audioPath":"/Mock/06.Design/Male/Experienced/ckmk_a_ard_m_e_178830.wav"}}}