{"version":"1.0","dataSet":{"info":{"date":"20230116","occupation":"ARD","channel":"MOCK","place":"ONLINE","gender":"MALE","ageRange":"35-44","experience":"EXPERIENCED"},"question":{"raw":{"text":"지원자님께서는 개인적으로 공부를 어떻게 하시는지 말씀해 주시기 바랍니다 강으 또는 책을 활용한 공부를 말씀해 주셔도 괜찮습니다","wordCount":16},"emotion":[],"intent":[]},"answer":{"raw":{"text":"어 개인적으로 어 원하거나 추구하는 공부 방법에 대해서 말씀드리겠습니다. 어 일단 저는 유투브를 제일 먼저 찾습니다 뭔가 그 관심 분야가 생겨서 공부를 시작해었을 때는 어 유투브를 좀 의지를 많이하고 있습니다 유투브를 다들 어떻게 생각하는지 모르겠지만 저는 유투브라는 것이 진짜 요즘 정보화 시대에서는 최고의 강의이자 최계 이자 정보자의 역할을 하는 것 같습니다 그래서 유튜브에서 이 몇 가지 영상만 찾아봐도 그 내가 관심 분야에 대해서 백 프로는 알 수 없습니다 그렇게 막 세밀하게 정확한 유두보 내용은 없기 때문에 한 오십 프로 정도는 금방 빨리 터득을 하고 이어서 이제 강의라든지 이제 관련 서적이라든 것들을 찾아보면서 그런 식으로 개인적인 공부를 진행하고 있습니다 그렇게 했던 것들이 지금 생각해보면 제일 빨리 습득이 되고 제일 빨리 이해가 되고 난해하거나 어 접하지 못한 부분을 빨리 타득할 수 있어서 저는 유튜브나 뭐 이런 쪽에 분야에 대해서 되게 긍정적으로 생각하고 앞으로도 그런 생각입니다 네 이 입니다","wordCount":136},"emotion":[],"intent":[{"text":"","expression":"","category":"attitude"}],"summary":{"text":"개인적으로 추구하는 공부 방법에 대해서 말씀드리겠습니다. 우선 유투브를 제일 먼저 찾습니다. 유투브가 정보화 시대에서는 최고의 강의이자  정보자의 역할을 하는 것 같습니다. 그래서 유투브나 이런 쪽에 분야에 대해서 되게 긍정적으로 생각하고 앞으로도 그럴 것이라 생각합니다. ","wordCount":34}}},"rawDataInfo":{"question":{"fileFormat":"wav","fileSize":591438,"duration":18480,"samplingBit":16,"channelCount":1,"samplingRate":"16kHz","audioPath":"/Mock/06.Design/Male/Experienced/ckmk_q_ard_m_e_91633.wav"},"answer":{"fileFormat":"wav","fileSize":2727118,"duration":85220,"samplingBit":16,"channelCount":1,"samplingRate":"16kHz","audioPath":"/Mock/06.Design/Male/Experienced/ckmk_a_ard_m_e_91633.wav"}}}