{
    "version": "1.0",
    "dataSet": {
        "info": {
            "date": "20230116",
            "occupation": "ARD",
            "channel": "MOCK",
            "place": "ONLINE",
            "gender": "MALE",
            "ageRange": "35-44",
            "experience": "EXPERIENCED"
        },
        "question": {
            "raw": {
                "text": "본인이 대외 활동을 하면서 무엇을 배우고 또 어떤 자세로 임했는지 간략한 사례와 더불어 설명해 주시면 감사하겠습니다",
                "wordCount": 16
            },
            "emotion": [],
            "intent": []
        },
        "answer": {
            "raw": {
                "text": "아 대회 활동에서 무엇을 배우고 어떤 자세를 임했는지에 대해서 답변드리겠습니다. 어 그래서 대외 활동이라고 하면 여러 가지 뭐 업무에 연장된 대외 활동도 있을 것이고 또 제가 뭐 개인적으로 하는 뭐 동아리 활동도 있을 것이고 대외 활동이라고 하면 좀 너무 포괄적으로 좀 광대 광범위한 것 같습니다. 그래서 저는 이 대외 활동을 할 때도 어 업무의 연장이라고 생각합니다. 어차피 대외 활동이라는 거는 새로운 사람을 만나게 되는 것이고 그 새로운 사람을 통해서 그 사람이 하는 그 업무 방향도 있을 것이고 그 사람의 인생관을 또 새롭게 배울 수 있을 것이고 그러다 보면 또 인간관계가 돼서 나중에 도움을 또 받을 수도 있을 것이고 내가 도움을 줄 수도 있을 거라 생각을 합니다. 그래서 그런 만나는 인간관계도 저는 허투로 여기지 않았던 것 같습니다. 그래서 그 사람들도 사람 하나하나가 다 소중한 인연이기 때문에 그런 대외 활동이라는 것은 정말 필요하고 앞으로 현대사회에서 그런 활동이 점점 줄어들고 있는데 그런 활동이 저는 더 늘어야 한다고 생각하기 때문에 뭐 동아리라든지 뭐 개인 취미 동아리라든지 이런 것들을 더 늘려갈 생각입니다. 이상입니다.",
                "wordCount": 158
            },
            "emotion": [],
            "intent": [
                {
                    "text": "",
                    "expression": "",
                    "category": "attitude"
                }
            ],
            "summary": {
                "text": "대회 활동에서 배운 것과 자세에 대해 답변드리겠습니다. 대외 활동이라는 것은 새로운 사람을 만나게 되는 것이고 그 사람을 통해서 업무 방향도 있고 인생관을 배울 수 있을 것이고 인간관계가 돼 도움을 받을 수도 있을 것이라 생각합니다. 그 사람들도 다 소중한 인연이기 때문에 그런 대외 활동이 꼭 필요하고 동아리나 개인 취미 동아리 등을 더 늘려갈 계획입니다.",
                "wordCount": 54
            }
        }
    },
    "rawDataInfo": {
        "question": {
            "fileFormat": "wav",
            "fileSize": 364878,
            "duration": 11400,
            "samplingBit": 16,
            "channelCount": 1,
            "samplingRate": "16kHz",
            "audioPath": "/Mock/06.Design/Male/Experienced/ckmk_q_ard_m_e_91637.wav"
        },
        "answer": {
            "fileFormat": "wav",
            "fileSize": 2726158,
            "duration": 85190,
            "samplingBit": 16,
            "channelCount": 1,
            "samplingRate": "16kHz",
            "audioPath": "/Mock/06.Design/Male/Experienced/ckmk_a_ard_m_e_91637.wav"
        }
    }
}