{"version":"1.0","dataSet":{"info":{"date":"20230116","occupation":"ARD","channel":"MOCK","place":"ONLINE","gender":"MALE","ageRange":"35-44","experience":"EXPERIENCED"},"question":{"raw":{"text":"어 면접자 분께서 지금 제일 가고 싶은 회사가 있다면 어떤 회사입니까","wordCount":11},"emotion":[],"intent":[]},"answer":{"raw":{"text":"어 지금 제일 가고 싶은 회사는 뭐 복지가 좋은 회사 뭐 연봉이 높은 회사 뭐 여러 가지 회사가 있겠지만 제가 제일 선호하는 회사 제일 가고 싶은 회사는 그 회사의 분위기입니다. 어 여러 회사들을 가보시면 알겠지만 그 직원들이 웃고 있고 대화를 많이 하고 의사소통을 많이 하는 회사가 있고 반면에 굉장히 딱딱한 분위기고 좀 상하 관계가 너무 엄격하고 그런 회사들이 있을 것입니다. 그래서 저는 연봉과 복지보다도 그 회사의 직원들이 웃음이 많은 회사 좋은 분위기를 갖고 있는 그런 회사를 제일 가고 싶습니다. 왜 그러면 지금 당장의 연봉이나 뭐 복지도 중요하겠지만 이례적으로 장기적으로 갔을 때는 제가 이 회사에서 오랫동안 스트레스를 받지 않고 길게 길게 이 이 회사를 다니고 싶다는 생각이 드는 게 미래적으로서도 옮기고 그만두고 또 다시 회사를 가고 이런 절차를 다 빼기 때문에 오히려 분위기 좋고 내 마음에 드는 내 마음이 편한 회사가 장기적으로 다 미래적으로나 어 저한테 이 점이 될 것 같습니다. 네 이상입니다.","wordCount":142},"emotion":[],"intent":[{"text":"","expression":"","category":"attitude"}],"summary":{"text":"저는 복지가 좋거나 연봉이 높은 회사보다는 직원들이 웃으며 의사소통을 많이 하는 회사, 상하 관계가 엄격하지 않은 회사를 가장 선호합니다. 왜냐하면 장기적으로 봤을 때는 이 회사에서 오랫동안 스트레스를 받지 않고 오래 다니고 싶다는 생각이 들어서 회사 분위기도 좋고 제 마음이 편한 회사가 장기적으로 다 미래적으로나 저한테 이 점이 될 것 같습니다.","wordCount":50}}},"rawDataInfo":{"question":{"fileFormat":"wav","fileSize":241358,"duration":7540,"samplingBit":16,"channelCount":1,"samplingRate":"16kHz","audioPath":"/Mock/06.Design/Male/Experienced/ckmk_q_ard_m_e_91641.wav"},"answer":{"fileFormat":"wav","fileSize":2781518,"duration":86920,"samplingBit":16,"channelCount":1,"samplingRate":"16kHz","audioPath":"/Mock/06.Design/Male/Experienced/ckmk_a_ard_m_e_91641.wav"}}}