{"version":"1.0","dataSet":{"info":{"date":"20230116","occupation":"ARD","channel":"MOCK","place":"ONLINE","gender":"MALE","ageRange":"-34","experience":"EXPERIENCED"},"question":{"raw":{"text":"그동안 지원자님께서 진행한 프로젝트들 가운데 가장 기억에 남는 프로젝트가 있으십니까 있다면 어떤 점에서 기억에 남는지 설명해 주세요","wordCount":17},"emotion":[],"intent":[]},"answer":{"raw":{"text":"네 제가 이거는 대학교 땐데 음 그때 어 교외 공모전이었어요. 그래서 서울시의 공모전이었는데 그런 어떤 따뜻한 미소를 찾아서 라는 공모전이어서 되게 범위가 넓었어요. 그냥 그거에 그거를 주제로 가장 알맞은 작품을 제출을 하는 것이어서 오히려 너무 넓었기 때문에 굉장히 어려웠고요. 그래서 고민을 하다가 고민만으로는 안 되겠어서 그냥 무작정 제가 카메라를 들고 밖을 나갔었는데 어 그때 뭐 많이 찍었죠. 뭐 밤거리에 뭐 있는 그런 청소하시는 분들도 찍어보고 뭐 아니면 뭐 아이 손 잡고 가는 가족에 모습도 찍어보고 정말 여러모로 찍었었는데 그냥 결국에는 가장 단순하더라고요. 네 그 웃기긴 한데 어 앞에 이제 그 초등학교에 등교하는 친구들을 위해서 이렇게 안전을 책임지시는 어머님들을 제가 찍어서 제출을 했었는데 입상을 했습니다.","wordCount":104},"emotion":[],"intent":[{"text":"","expression":"","category":"attitude"}],"summary":{"text":"따뜻한 미소를 찾아서라는 공모전을 주제로 제출을 하려 했으나 범위가 너무 넓어서 어려웠고, 고민하다가 그냥 사진을 많이 찍었는데 결국에는 가장 단순하더군요. 초등학교에 등교하는 친구들을 위해서 안전을 책임지시는 어머님들을 찍은 것이 입상을 했습니다.","wordCount":31}}},"rawDataInfo":{"question":{"fileFormat":"wav","fileSize":538318,"duration":16820,"samplingBit":16,"channelCount":1,"samplingRate":"16kHz","audioPath":"/Mock/06.Design/Male/Experienced/ckmk_q_ard_m_e_156942.wav"},"answer":{"fileFormat":"wav","fileSize":2841038,"duration":88780,"samplingBit":16,"channelCount":1,"samplingRate":"16kHz","audioPath":"/Mock/06.Design/Male/Experienced/ckmk_a_ard_m_e_156942.wav"}}}