{"version":"1.0","dataSet":{"info":{"date":"20230116","occupation":"ARD","channel":"MOCK","place":"ONLINE","gender":"MALE","ageRange":"-34","experience":"EXPERIENCED"},"question":{"raw":{"text":"몇 년 전 우버 택시와 관한 논란이 있었는데요 지원자님께서는 찬반양론에 대해 각각 어떻게 생각하시나요","wordCount":14},"emotion":[],"intent":[]},"answer":{"raw":{"text":"결국에는 법인 택시 회사들이 지나친 수수료를 택시 기사님들로부터 이렇게 받알 받을려고 했던 지나친 사납금의 그 욕심을 반성해야 될 때가 반성해야 될 때가 비로소 왔다 고 생각을 합니다. 택시 기사 분들께서 수입이 이 수익이 너무 좋지가 않아서 많은 분들이 떠났습니다. 그 결과 야간에 요즘 택시를 잡기 힘들어 가지고 몇 만 원을 주고서라도 택시를 잡는 그런 사태가 지금 벌어졌단 말이에요. 근데 그 문제는 택시 기사들이 더 이상 택시를 하고 싶지 않아 한다는 그런 문제의 근본에는 너무나 많은 택시 회사에 그런 착취 구조가 있었다 고 저는 생각을 합니다. 그래서 더욱더 경쟁을 활발하게 시키기 위해서 어떤 뭐 타다와 또 카카오티 택시라든가 우버 택시 라는 그런 것들이 어떤 택시 단체들의 택시 법인 단체들의 강력한 반발에 의해서 지금 막혔었는데 그런 것들이 좀 적극적으로 도입이 되어 가지고 공정하고 정당한 경쟁을 통해서 우리가 그것들을 이용할 수 있어야 된다 고 생각을 합니다.","wordCount":133},"emotion":[],"intent":[{"text":"","expression":"","category":"attitude"}],"summary":{"text":"법인 택시 회사들의 지나친 사납금 욕심을 반성해야 될 때가 왔습니다. 택시 기사들의 수입이 너무 좋지 않아 많은 분들이 떠났는데, 그 결과 몇 만 원을 주고서라도 택시를 잡는 사태가 벌어진 것입니다. 더 이상 택시를 하고 싶지 않다는 착취 구조가 있었습니다. 공정한 경쟁을 통해 우리가 그것들을 이용할 수 있어야 됩니다.","wordCount":48}}},"rawDataInfo":{"question":{"fileFormat":"wav","fileSize":379278,"duration":11850,"samplingBit":16,"channelCount":1,"samplingRate":"16kHz","audioPath":"/Mock/06.Design/Male/Experienced/ckmk_q_ard_m_e_200237.wav"},"answer":{"fileFormat":"wav","fileSize":2863118,"duration":89470,"samplingBit":16,"channelCount":1,"samplingRate":"16kHz","audioPath":"/Mock/06.Design/Male/Experienced/ckmk_a_ard_m_e_200237.wav"}}}