{"version":"1.0","dataSet":{"info":{"date":"20230116","occupation":"ARD","channel":"MOCK","place":"ONLINE","gender":"MALE","ageRange":"35-44","experience":"EXPERIENCED"},"question":{"raw":{"text":"여러 디자인 중에 이제 향후 그 응시자님께서 하고 싶은 디자인이 있으신지 어떤 디자인이신지 말씀해 주시겠습니까","wordCount":15},"emotion":[],"intent":[]},"answer":{"raw":{"text":"아니요. 딱히 없습니다. 제가 네 저는 딱히 없습니다. 저는 제가 주도적으로 무언가를 디자인하기보다 이제 그 디자인이 계획되고 이 진행되고 흘러가는 방향에서 열심히 도움을 주고 싶은 그 정도의 역할을 선호합니다. 그 욕심이 많지 않습니다 저는. 그래서 그 결과물이 그 계획이 저희 뜻과도 맞다면 그러면 곧 그게 애초에 그 디자인을 원했던 사람의 그 원하는 정도인 만큼 저에게도 그게 고스란히 전해지는 거라서요. 똑같이 저는 그게 달성되기 위해서 제가 있는 힘껏 제 능력껏 열심히 그거를 돕고 또 그냥 저의 일로서 제 몫을 다 하려고 합니다. 이제껏 그래 왔고 지금도 그러고 있습니다.","wordCount":87},"emotion":[],"intent":[{"text":"","expression":"","category":"attitude"}],"summary":{"text":"저는 주도적으로 무언가를 디자인하기보다는 그 디자인이 진행되고 가는 방향에서 열심히 도움을 주고 싶은 정도의 역할을 선호합니다. 그래서 그 결과물이 저희 뜻과도 맞다면 저에게도 그것이 고스란히 전해지는 것이라서 그렇게 하고 있습니다.","wordCount":30}}},"rawDataInfo":{"question":{"fileFormat":"wav","fileSize":472398,"duration":14760,"samplingBit":16,"channelCount":1,"samplingRate":"16kHz","audioPath":"/Mock/06.Design/Male/Experienced/ckmk_q_ard_m_e_99921.wav"},"answer":{"fileFormat":"wav","fileSize":2517838,"duration":78680,"samplingBit":16,"channelCount":1,"samplingRate":"16kHz","audioPath":"/Mock/06.Design/Male/Experienced/ckmk_a_ard_m_e_99921.wav"}}}