{"version":"1.0","dataSet":{"info":{"date":"20230116","occupation":"ARD","channel":"MOCK","place":"ONLINE","gender":"MALE","ageRange":"35-44","experience":"EXPERIENCED"},"question":{"raw":{"text":"팀원과 불화가 생겼을 때는 어떻게 해결하시겠습니까","wordCount":6},"emotion":[],"intent":[]},"answer":{"raw":{"text":"어 팀원과 불화가 생겼을 때 해결 방법에 대해서 말씀드리겠습니다. 어 저는 그렇게 생각합니다. 회사에서 업무적으로 힘든 것보다 이런 팀원 간의 의사소통 문제 불화 뭐 파벌 뭐 라인 이런 것들이 저는 제일 힘들다고 생각을 합니다. 그리고 그걸 극복해 나가는 과정이 제일 어려운 과제라고 생각합니다. 팀원과 불화가 생길 수 밖에 없습니다. 안 생기는 게 이상한 거고 그 상황은 당연한 거기 때문에 받아들이면 됩니다. 팀원과 이제 불화가 생겼을 때 어 인간관계가 중요하기 때문에 절대 적을 만들어서는 저는 안 된다고 생각합니다. 적을 만들게 되면 그 적이 된 인원은 어떻게든 나에게 손해를 줄려고 노력하는 인원이기 때문에 그런 적을 만들면 안 됩니다. 그러니까 저는 불화가 생긴다면 바로 어떡해서든 해결을 할 것 같습니다. 뭐 식사를 따로 한다든지 술 자리를 따로 한다든지 아니면 제가 뭐 먼저 사과를 한다든지 해서 그 깨진 그 신뢰를 회복하기 위해서 업무보다도 더 중요시 노력을 할 것 같습니다. 불화가 생긴다면 그 잃는 에너지가 엄청나기 때문에 그걸 먼저 해결을 하려고 노력할 것 같습니다. 이상입니다.","wordCount":149},"emotion":[],"intent":[{"text":"","expression":"","category":"attitude"}],"summary":{"text":"팀원과 불화가 생겼을 때 해결 방법에 대해서 말씀드리겠습니다. 회사에서 업무적으로 힘든 것보다 팀원 간의 의사소통 문제 불화, 파벌 라인 이런 것들이 제일 힘들다고 생각하며 극복해 나가는 과정이 가장 어려운 과제라고 생각합니다. 불화가 생긴다면 잃는 에너지가 엄청나기 때문에 그걸 먼저 해결을 하려고 노력할 것 같습니다.","wordCount":44}}},"rawDataInfo":{"question":{"fileFormat":"wav","fileSize":220238,"duration":6880,"samplingBit":16,"channelCount":1,"samplingRate":"16kHz","audioPath":"/Mock/06.Design/Male/Experienced/ckmk_q_ard_m_e_91639.wav"},"answer":{"fileFormat":"wav","fileSize":2758478,"duration":86200,"samplingBit":16,"channelCount":1,"samplingRate":"16kHz","audioPath":"/Mock/06.Design/Male/Experienced/ckmk_a_ard_m_e_91639.wav"}}}