{"version":"1.0","dataSet":{"info":{"date":"20230116","occupation":"ARD","channel":"MOCK","place":"ONLINE","gender":"MALE","ageRange":"45-54","experience":"EXPERIENCED"},"question":{"raw":{"text":"면접자님은 일상에서 유엑스를 경험한 적이 있으세요","wordCount":6},"emotion":[],"intent":[]},"answer":{"raw":{"text":"유엑스는 어 사용자 경험을 뜻하는 용어입니다. 이 사용자 경험이라는 것은 뭐 후기가 될 수도 있고 어 사용 설명서가 될 수도 있습니다. 어 유엑스는 어 사용자가 어떤 시스템 어떤 제품 어떤 써비스를 직 간접적으로 사용하면서 느끼고 생각하는 그런 반응 지각 반응 등을 에 대한 뭐 행동을 총체적으로 경험한다 이런 의미를 가지고 있습니다. 어 요즘은 이 유엑스가 어 우리 일상생활에서 너무나 널리 많이 사용됩니다. 이게 뭐 어렵게 얘기해서 유엑스지 뭐 쉽게 얘기하면 사용 설명서 뭐 아니면 뭐 영화를 본 후기 책을 읽은 그 독후감 자체도 저는 유엑스라고 생각을 합니다. 저는 개인적으로 제가 사용 어떤 제품을 구입을 할 때 그 사용법이라든지 아니면 다른 사람들이 사용 그걸 구매해서 사용한 사용 후기 들을 되게 꼼꼼히 살펴보는 편입니다. 일단 제가 처음 접하는 제품이고 제가 직접적인 금전을 주고 구입해야 되는 상품인 만큼 그런 것을 읽어보고 검토해 보는 것이 아 이게 정말 나한테 필요한가 내가 어 구입할려는 목적과 정확히 맞아떨어지는가 등을 알 수 있기 때문에 저는 주로 어 많이 살펴보고 일상생활에서도 많이 경험을 하고 때로는 뭐 제가 그런 글을 많이 남기기도 합니다.","wordCount":164},"emotion":[{"text":"유엑스는 어 사용자 경험을 뜻하는 용어입니다.","expression":"u-fact","category":"neutral"},{"text":"어 유엑스는 어 사용자가 어떤 시스템 어떤 제품 어떤 써비스를 직 간접적으로 사용하면서 느끼고 생각하는 그런 반응 지각 반응 등을 에   대한 뭐 행동을 총체적으로 경험한다 이런 의미를 가지고 있습니다.","expression":"u-fact","category":"neutral"}],"intent":[{"text":"","expression":"","category":"attitude"}],"summary":{"text":"유엑스는 사용자 경험을 뜻하는 용어인데, 사용자 경험은 후기나 사용 설명서가 될 수도 있고, 독후감이 될 수도 있습니다. 개인적으로 어떤 제품을 구입을 할 때 사용법이나 후기들을 꼼꼼히 살펴보는 편인데, 직접적 금전을 주고 구입해야 되는 상품인 만큼 이런 것을 읽는 것이 구입하려는 목적과 정확히 맞아 떨어지는가 등을 알 수 있기 때문입니다.","wordCount":49}}},"rawDataInfo":{"question":{"fileFormat":"wav","fileSize":213198,"duration":6660,"samplingBit":16,"channelCount":1,"samplingRate":"16kHz","audioPath":"/Mock/06.Design/Male/Experienced/ckmk_q_ard_m_e_74088.wav"},"answer":{"fileFormat":"wav","fileSize":2837198,"duration":88660,"samplingBit":16,"channelCount":1,"samplingRate":"16kHz","audioPath":"/Mock/06.Design/Male/Experienced/ckmk_a_ard_m_e_74088.wav"}}}