{"version":"1.0","dataSet":{"info":{"date":"20230116","occupation":"ARD","channel":"MOCK","place":"ONLINE","gender":"MALE","ageRange":"35-44","experience":"EXPERIENCED"},"question":{"raw":{"text":"본인이 직접 해외 출장 장소를 선택하셔서 가게 된다면 꼭 한 번 가서 일해 보고 싶은 나라에 대하여 말씀해 보세요","wordCount":19},"emotion":[],"intent":[]},"answer":{"raw":{"text":"저는 독일이요. 이 생각조차 굉장한 어떤 저의 고정관념의 덩어리일 것 같다고 생각이 드는데요. 우선 좀 확실하다는 가 조금 아 건조하고 되게 내외하고 그렇지만 되게 정확하고 똑 부러진 그런 민족이라는 그런 독일인들의 그 이미지가 있는데 그게 좋을 것 같애요 일하는 데 있어서 만큼은. 어 우선 정확하다는 거 네 조금 군더더기 없게 일을 할 수 있을 것 같고 그리고 독일이니까 맥주도 맛있을 거고요. 그래서 아주 막 너무 과하게 막 서로에 대한 관심이 아닌 적절하게 지킬 것 지키면서 깔끔하게 일 처리를 할 수 있는 그 업무 분위기 그래서 한 번 겪어보고 싶습니다 그런 의미에서.","wordCount":91},"emotion":[],"intent":[{"text":"","expression":"","category":"attitude"}],"summary":{"text":"저는 독일을 고정관념의 덩어리로 생각하지만, 정확하고 똑 부러지는 독일인들의 이미지가 좋습니다. 정확하게 일을 할 수 있고, 맥주도 맛있을 것 같습니다. 과하게 막 서로에 대한 관심이 아닌 적절하게 지킬 것 지키면서 업무 처리를 하는 분위기입니다.","wordCount":34}}},"rawDataInfo":{"question":{"fileFormat":"wav","fileSize":533198,"duration":16660,"samplingBit":16,"channelCount":1,"samplingRate":"16kHz","audioPath":"/Mock/06.Design/Male/Experienced/ckmk_q_ard_m_e_111588.wav"},"answer":{"fileFormat":"wav","fileSize":2854158,"duration":89190,"samplingBit":16,"channelCount":1,"samplingRate":"16kHz","audioPath":"/Mock/06.Design/Male/Experienced/ckmk_a_ard_m_e_111588.wav"}}}