{"version":"1.0","dataSet":{"info":{"date":"20230116","occupation":"ARD","channel":"MOCK","place":"ONLINE","gender":"MALE","ageRange":"35-44","experience":"EXPERIENCED"},"question":{"raw":{"text":"본인의 생각이 아닌 지원자님의 다른 주변 사람들이 생각하는 지원자님의 단점과 장점을 모두 이야기해 주세요","wordCount":14},"emotion":[],"intent":[]},"answer":{"raw":{"text":"음 저는 굉장히 중요한 일을 할 때에는 어 그 일이 중요한 만큼 많이 예민해지는 편이라 당연하지만 이건 그래서 제 스스로를 잘 돌보지 않습니다. 그니까 식사는 당연히 거르고요. 당연히 라는 말이 좀 슬프긴 하지만 뭐가 들어가면 집중이 안 됩니다. 특히 이게 그 배가 불러지면 소화를 시키는 과정이 몸이 힘들기 때문에 음 굶고 그리고 사실 잠도 잘 안 오기 때문에 이런 것들이 겹쳐지면서 일에만 몰두하는 시간이 많아져서 그거를 많이 단점으로 들어왔었구요. 장점은 어 그만큼 일을 맡은 걸 잘 수행해 내는 확률을 갖고 있습니다. 어 실패라고 하기에도 그까 쪼금 실수 같은 건 거의 용납이 안 되기 때문에 거의 없다고 보면 되구요. 그래서 잘 진행이 되기 때문에 어 반응도 나쁘지 않다고 얘기들이 있습니다.","wordCount":109},"emotion":[],"intent":[{"text":"","expression":"","category":"attitude"}],"summary":{"text":"저는 중요한 일을 할 때 스스로를 잘 돌보지 않습니다. 식사를 거르고 집중이 안 됩니다. 단점은 일에 몰두하는 시간이 많아져 단점으로 들어왔습니다. 장점은 일을 잘 수행할 수 있는 확률을 갖고 있습니다. 그래서 반응도 나쁘지 않다고 합니다.","wordCount":35}}},"rawDataInfo":{"question":{"fileFormat":"wav","fileSize":368078,"duration":11500,"samplingBit":16,"channelCount":1,"samplingRate":"16kHz","audioPath":"/Mock/06.Design/Male/Experienced/ckmk_q_ard_m_e_99919.wav"},"answer":{"fileFormat":"wav","fileSize":2798158,"duration":87440,"samplingBit":16,"channelCount":1,"samplingRate":"16kHz","audioPath":"/Mock/06.Design/Male/Experienced/ckmk_a_ard_m_e_99919.wav"}}}