{"version":"1.0","dataSet":{"info":{"date":"20230116","occupation":"ARD","channel":"MOCK","place":"ONLINE","gender":"MALE","ageRange":"55-","experience":"EXPERIENCED"},"question":{"raw":{"text":"어 지원자님께서는 본인이 만약 게임 속 캐릭터라고 가정을 해 본다면 어 어떤 게임에서 어떤 역할을 하는 그런 캐릭터가 되고 싶으신가요","wordCount":20},"emotion":[],"intent":[]},"answer":{"raw":{"text":"저는 스타크래프트의 캐리건이 되고 싶습니다. 캐리건은 다른 종족에 있다가 또 다른 종족으로 감염이 되는 그런 유일한 경험을 겪을 수 있는 게임 캐릭터예요. 스타크래프트라는 세계 안에서 너무 아플 것 같지만 그렇게 다른 종족이 돼보는 경험 다른 종족이 돼보는 경험은 굉장히 색다른 체험일 것 같아요. 저는 아시아계 한국인이지만 제가 미국인이 될 순 없습니다. 그렇지만 내가 미국인이 될 수 있다 고 가정을 하면은 굉장히 재미있을 것 같아요. 그런데 캐리건은 거기다가 공격력이 엄청나게 강한 캐릭턴데 그 강한 캐릭터가 다른 종족에게 까지 이렇게 전염이 됐다가 감염이 됐다가 다시 또 다른 종족으로 이렇게 감염되는 그 과정은 엄청난 강함을 느낄 수 있을 것 같기 때문에 저는 캐리건을 한번 역할을 맡아서 수행을 해보고 싶습니다.","wordCount":106},"emotion":[],"intent":[{"text":"","expression":"","category":"attitude"}],"summary":{"text":"캐리건은 다른 종족에 있다가 또 다른 종족으로 감염되는 유일한 경험을 겪을 수 있는 게임 캐릭터입니다. 캐리건은 엄청난 강함을 느낄 수 있을 것 같기 때문에 한번 역할을 맡아서 수행을 해보고 싶습니다.","wordCount":30}}},"rawDataInfo":{"question":{"fileFormat":"wav","fileSize":524878,"duration":16400,"samplingBit":16,"channelCount":1,"samplingRate":"16kHz","audioPath":"/Mock/06.Design/Male/Experienced/ckmk_q_ard_m_e_206141.wav"},"answer":{"fileFormat":"wav","fileSize":2511438,"duration":78480,"samplingBit":16,"channelCount":1,"samplingRate":"16kHz","audioPath":"/Mock/06.Design/Male/Experienced/ckmk_a_ard_m_e_206141.wav"}}}