{"version":"1.0","dataSet":{"info":{"date":"20230116","occupation":"ARD","channel":"MOCK","place":"ONLINE","gender":"MALE","ageRange":"45-54","experience":"EXPERIENCED"},"question":{"raw":{"text":"본인이 원하는 일을 못하게 되는 경우 어떻게 하겠습니까","wordCount":8},"emotion":[],"intent":[]},"answer":{"raw":{"text":"아무리 직장인이고 돈을 벌기 위해서 다니는 직장이라 하더래도 저는 그 구성원 개개인의 그 꿈과 그 개개인이 능력을 발휘할 수 있는 기회를 주는 것은 매우 중요하다고 생각을 합니다. 어 내가 회사를 입사를 했는데 내가 원하는 일 내가 제일 자신 있어 하는 일 내가 하고 싶은 일을 못하고 만약 다른 일을 하게 된다면 그 당사자로서는 의욕이 떨어질 거고 어 그런 상태에서는 아무리 노력을 하고 해도 좋은 결과를 못 만들어내고 본인 스스로도 자기가 하는 일에 대한 보람을 느끼지 못할 것 같습니다. 일이라는 게 그렇습니다. 내가 열심히 일을 해서 그 일 안에서 보람을 느끼고 어 그러면서 회사로부터 칭찬을 받고 거기에 대한 보수를 받으면 어 좀 사람은 당연히 신이 나서 더 열심히 합니다. 하지만 나는 이 일을 원하는데 회사에서 아니면 뭐 다른 이유로 내가 그 일을 할 수 없이 다른 일을 한다라고 하면 그것은 어 그 본인 스스로도 좋지 않은 일이고 회사 입장에서도 그 사람의 능력을 다른 데서 쓰는 것이기 때문에 어 결코 좋은 인사라고 할 수 없을 것 같습니다.","wordCount":155},"emotion":[],"intent":[{"text":"","expression":"","category":"attitude"}],"summary":{"text":"돈을 벌기 위해서 다니는 직장이라 하더라도 그 구성원의 꿈과 능력을 발휘할 수 있는 기회를 주는 것은 매우 중요하다고 생각합니다. 제가 원하는 일을 못하고 다른 일을 하게 된다면 그 당사자로서는 의욕이 떨어질 것이고, 본인 스스로도 자기가 하는 일에 대한 보람을 느끼지 못할 것 같습니다.","wordCount":43}}},"rawDataInfo":{"question":{"fileFormat":"wav","fileSize":286798,"duration":8960,"samplingBit":16,"channelCount":1,"samplingRate":"16kHz","audioPath":"/Mock/06.Design/Male/Experienced/ckmk_q_ard_m_e_75156.wav"},"answer":{"fileFormat":"wav","fileSize":2828238,"duration":88380,"samplingBit":16,"channelCount":1,"samplingRate":"16kHz","audioPath":"/Mock/06.Design/Male/Experienced/ckmk_a_ard_m_e_75156.wav"}}}