{"version":"1.0","dataSet":{"info":{"date":"20230116","occupation":"ARD","channel":"MOCK","place":"ONLINE","gender":"MALE","ageRange":"55-","experience":"EXPERIENCED"},"question":{"raw":{"text":"어 만약 지원자님께서 본인이 께임 속 캐릭터라면 어떤 께임에서 또 어떤 역할을 맡아서 수행하고 싶으신지 어 말씀해 주시길 바랍니다","wordCount":19},"emotion":[],"intent":[]},"answer":{"raw":{"text":"만약 제가 게임 속에 캐릭터를 담당한다면 잠수함 전쟁 게임의 함장 역할을 해 보고 싶습니다. 잠수함 게임은 제가 태어나서 처음 해 본 게임입니다. 잠수함이라는 특성상 바다 속 깊은 곳에 고립된 채로 두려움과 싸워야 하는 그런 상황이 주어집니다. 인간의 본성을 극한으로 끌어올릴 수 있는 상황이라고 생각됩니다. 제가 만약 잠수한 게임을 할 수 있다면 잠수함에 함정이 되어서 여러 가지 상황을 극복하고 판단하는 그런 역할을 하고 싶습니다.","wordCount":63},"emotion":[],"intent":[{"text":"","expression":"","category":"attitude"}],"summary":{"text":"제가 게임 속에 캐릭터를 담당한다면 잠수함 전쟁 게임의 함장 역할을 해 보고 싶습니다. 잠수함은 깊은 곳에 고립된 채로 두려움과 싸워야 하는 상황이 주어집니다.","wordCount":23}}},"rawDataInfo":{"question":{"fileFormat":"wav","fileSize":438478,"duration":13700,"samplingBit":16,"channelCount":1,"samplingRate":"16kHz","audioPath":"/Mock/06.Design/Male/Experienced/ckmk_q_ard_m_e_260954.wav"},"answer":{"fileFormat":"wav","fileSize":1561038,"duration":48780,"samplingBit":16,"channelCount":1,"samplingRate":"16kHz","audioPath":"/Mock/06.Design/Male/Experienced/ckmk_a_ard_m_e_260954.wav"}}}