{"version":"1.0","dataSet":{"info":{"date":"20230116","occupation":"ARD","channel":"MOCK","place":"ONLINE","gender":"MALE","ageRange":"45-54","experience":"EXPERIENCED"},"question":{"raw":{"text":"아이패드와 같이 시장에서 관심을 받는 제품들의 특징을 설명해 주시기 바랍니다 또한 지원자분이 가지고 있는 제품들이 있다면 왜 구매하게 되었는지 이유도 말씀해 주시기 바랍니다","wordCount":23},"emotion":[],"intent":[]},"answer":{"raw":{"text":"아이패드는 일단 좀 이쁩니다. 어 요즘 엠지 세대는 뭐 기능도 기능이겠지만 그 이쁘다는 이유만으로도 그게 제품의 특징이 되고 제품을 선택하는 그 선택 기준이 된다고 생각합니다. 아이폰은 어 엠지 세대들이 가장 좋아할 만한 아이티 기구며 어찌보면 장신구입니다. 내가 그걸 지니고 있음으로써 어 나를 더 빛나게 해줄 장신구라고 생각을 합니다. 어 그 외에 아이 패드는 휴대의 편리성이 있습니다. 노트북이나 다른 패드에 비해서 다른 탭에 비해서 이쁘고 편리하고 그 아이펜슬로 인해서 다른 또 특징을 말씀드리면 펜슬로 인해서 그림을 그리거나 하는 데 아주 최적화 되어 있다고 저는 생각합니다. 어 요즘 아이패드를 지니고 있으면 노트가 따로 필요 없을 정도로 어 노트 필기 뿐만 아니라 다양한 펜을 이용할 수 있고 다양한 펜이라 펜의 기능을 말씀드리는 겁니다. 그러다보니 요즘 아이패드가 그 젊은 세대에서 요즘 시장에서 가장 각광받고 가장 선호하는 제품이라고 저는 생각합니다.","wordCount":125},"emotion":[],"intent":[{"text":"","expression":"","category":"attitude"}],"summary":{"text":"요즘 엠지 세대는 아이폰, 아이 패드, 아이펜슬 등 편리하고 다양한 펜을 이용할 수 있어 펜의 기능을 말씀드리는 겁니다. 그러다보니 요즘 태블릿이 젊은 세대에서 요즘 시장에서 가장 각광받고 가장 선호하는 제품이라고 저는 생각합니다.","wordCount":32}}},"rawDataInfo":{"question":{"fileFormat":"wav","fileSize":453838,"duration":14180,"samplingBit":16,"channelCount":1,"samplingRate":"16kHz","audioPath":"/Mock/06.Design/Male/Experienced/ckmk_q_ard_m_e_75461.wav"},"answer":{"fileFormat":"wav","fileSize":2572238,"duration":80380,"samplingBit":16,"channelCount":1,"samplingRate":"16kHz","audioPath":"/Mock/06.Design/Male/Experienced/ckmk_a_ard_m_e_75461.wav"}}}