{"version":"1.0","dataSet":{"info":{"date":"20230116","occupation":"ARD","channel":"MOCK","place":"ONLINE","gender":"MALE","ageRange":"35-44","experience":"EXPERIENCED"},"question":{"raw":{"text":"지금 본인이 내일 죽는다는 사실을 아신다면 당장 무엇을 할 것입니까 이 면접을 끝까지 계속 보시겠습니까","wordCount":15},"emotion":[],"intent":[]},"answer":{"raw":{"text":"안 보죠 네 안보죠. 누가 보겠어요. 면접의 결과에 대해서 궁금하지도 않고 면접의 결과가 나올 때 살아있지도 않을 텐데요. 지금 이 순간 딱 제가 내 듣는 죽는다는 걸 알자마자 전 바로 나갈 거예요. 당장 뭘 하냐 라고 하면 그것도 생각이 안날 것 같아요. 제가 지금 생각이 안 나는 것처럼 어 그러니까 그냥 나가서 이 건물을 나가는 그 과정에서부터 천천히 뭘 해야 될까 가 계속 제 머릿속에 맴돌 것 같고 그러면서 뭘 해야 될지 생각은 안 나겠지만 그러니까 그 감각들이 굉장히 민첩하게 들어올 것 같은 느낌이랄까요. 그래서 뭘 해야 되지 아 뭐가 보고 싶다 그러면 그걸 보러 가야겠다 라는 그 그 감각의 순서가 되게 천천히 근데 또렷하게 저한테 들어올 것 같은 그런 느낌이 들 것 같다고 예상해 봅니다. 그래서 차분하게 생각하지 않고 그냥 그때그때 하 그때 그 순간에 하고 싶은 거 우선 하기 위해 직진을 할 것 같아요. 시간이 없으니까요.","wordCount":138},"emotion":[],"intent":[{"text":"","expression":"","category":"attitude"}],"summary":{"text":"면접의 결과가 나올 때 살아있지도 않을 텐데요. 지금 이 순간 제가 죽는다는 걸 알자마자 바로 나갈 거예요. 천천히 뭘 해야 될지 생각이 안날 것 같은데 감각이 민첩해지는 것 같습니다. 그래서 천천히 하고 싶은 거 우선 하기 위해 직진을 할 것 같아요.","wordCount":41}}},"rawDataInfo":{"question":{"fileFormat":"wav","fileSize":526158,"duration":16440,"samplingBit":16,"channelCount":1,"samplingRate":"16kHz","audioPath":"/Mock/06.Design/Male/Experienced/ckmk_q_ard_m_e_177497.wav"},"answer":{"fileFormat":"wav","fileSize":2891598,"duration":90360,"samplingBit":16,"channelCount":1,"samplingRate":"16kHz","audioPath":"/Mock/06.Design/Male/Experienced/ckmk_a_ard_m_e_177497.wav"}}}