{"version":"1.0","dataSet":{"info":{"date":"20230116","occupation":"ARD","channel":"MOCK","place":"ONLINE","gender":"MALE","ageRange":"35-44","experience":"EXPERIENCED"},"question":{"raw":{"text":"어 시장의 발전 방향은 예측하기가 굉장히 힘들죠 본인 개인만의 생각으로 이 시장의 향후 발전 방향은 어떻게 될 것인지 거기에 대해서 말씀해 주시면 감사하겠습니다","wordCount":23},"emotion":[],"intent":[]},"answer":{"raw":{"text":"발전 방향은 그건 저도 잘 모르겠습니다. 이 시장은 저희는 매니지먼트라서 사람입니다. 사람 장사고 장사라는 말은 조금 그럴 수도 있겠지만 그까 사람이 곧 저희의 상품이자 뭐 여러 가지 뭐 모든 게 그냥 그 저희 아티스트들이기 때문에 그들을 어떻게 키우고 음 아 이런 건 있을 수가 있겠네요. 구설수에 오르지 않게 그 사람을 어떻게 가꾸고 그다음에 어떻게 준비시키는지 그 준비 시간이 어 어리면 어릴수록 젊으면 젊을수록 앞으로의 이 아티스트가 어떤 상품으로서의 그런 부분에서 어 깎이지 않고 되게 오랫동안 유지를 할 수 있는지 그런 부분으로 좀 케어가 되는 게 어 저희 시장에서의 발전의 방향이거나 어떤 기대치라면 할 수 그렇게 말을 할 수도 있을 것 같네요.","wordCount":101},"emotion":[],"intent":[{"text":"","expression":"","category":"attitude"}],"summary":{"text":"저희는 매니지먼트라서 사람인데, 사람이 곧 저희의 상품이자 모든 게 저희 아티스트들이기 때문에 그들을 어떻게 키우는지, 어떻게 가꾸고 준비시키는지 이런 부분으로 케어가 되는 게 저희 시장에서의 발전의 방향이거나 기대치라면 말할 수 있을 것 같습니다.","wordCount":33}}},"rawDataInfo":{"question":{"fileFormat":"wav","fileSize":657038,"duration":20530,"samplingBit":16,"channelCount":1,"samplingRate":"16kHz","audioPath":"/Mock/06.Design/Male/Experienced/ckmk_q_ard_m_e_99916.wav"},"answer":{"fileFormat":"wav","fileSize":2790478,"duration":87200,"samplingBit":16,"channelCount":1,"samplingRate":"16kHz","audioPath":"/Mock/06.Design/Male/Experienced/ckmk_a_ard_m_e_99916.wav"}}}