{"version":"1.0","dataSet":{"info":{"date":"20230116","occupation":"ARD","channel":"MOCK","place":"ONLINE","gender":"MALE","ageRange":"35-44","experience":"EXPERIENCED"},"question":{"raw":{"text":"대학에서 배운 지원자님의 전공 과목 중 가장 기억에 남는 전공 과목 한 가지만 골라서 말씀해 주시기 바랍니다","wordCount":17},"emotion":[],"intent":[]},"answer":{"raw":{"text":"어 대학 전공했을 때 가장 기억에 남는 부분에 대해서 말씀드리겠습니다. 어 그때 당시에는 뭐 이런 디자인이나 이런 과에서 뭐 그림 그리거나 뭐 화가 부분 뭐 이런 부분에 대한 건 없었는데 어 제 전공 과목이 아닌 그 예술 과목이라고 해서 그 부분에서 그 그림 그리는 게 있었습니다. 이제 저는 디자인을 했지 그림에 대한 것은 물론 취미로는 했지만 이렇게 전문적으로는 해본 적이 없어서 그때 이제 처음 그림을 그리기 시작했는데 이 그림 그리는 매력에 한 번 빠졌던 게 같습니다. 그래서 이 그림에 정말 나의 마음과 나의 그런 감정 상태가 다 드러나는구나 이걸 느끼기 시작했고 그래서 그때부터 지금까지 이 디자인에도 도움이 될 것 같아서 지금까지도 취미로 그림을 계속 그리고 있는데 그때 학교에서 전공 과목 예술 과목으로 해보지 않았으면은 그런 기회가 없었더라면 어 해보지 못할 경험이지 않았을까 라고 생각을 해 보았습니다. 네 이상입니다.","wordCount":128},"emotion":[],"intent":[{"text":"","expression":"","category":"attitude"}],"summary":{"text":"대학 전공할 때 예술 과목에서 그림 그리는 게 있었습니다. 처음 그림을 그리기 시작했는데 그림 그리는 매력에 빠져 디자인에도 도움이 될 것 같아 지금까지도 취미로 그림을 그리고 있습니다. 전공 과목 예술 과목으로 해보지 않았다면 해보지 못할 경험이지 않을까 생각합니다.","wordCount":38}}},"rawDataInfo":{"question":{"fileFormat":"wav","fileSize":403278,"duration":12600,"samplingBit":16,"channelCount":1,"samplingRate":"16kHz","audioPath":"/Mock/06.Design/Male/Experienced/ckmk_q_ard_m_e_145837.wav"},"answer":{"fileFormat":"wav","fileSize":2407758,"duration":75240,"samplingBit":16,"channelCount":1,"samplingRate":"16kHz","audioPath":"/Mock/06.Design/Male/Experienced/ckmk_a_ard_m_e_145837.wav"}}}