{"version":"1.0","dataSet":{"info":{"date":"20230116","occupation":"ARD","channel":"MOCK","place":"ONLINE","gender":"MALE","ageRange":"55-","experience":"EXPERIENCED"},"question":{"raw":{"text":"남을 잘 이끄는 리더형과 남을 잘 따르는 팔로워 형 중에 지원자님이 생각하실 때 본인은 어떤 유형이신지 이유와 함께 설명해 주시기 바랍니다","wordCount":21},"emotion":[],"intent":[]},"answer":{"raw":{"text":"저는 제가 생각한 것은 꼭 이뤄내고 말아야 조금 속이 후련해지는 그런 경험들이 많이 있었어요. 어떤 단체에 속해 가지고 그 단체가 하고 있는 일들을 보고 있으면은 답답하다 라는 느낌이 많이 들었던 것 같애요. 그 답답한 느낌이 무엇이냐면 잘 못하고 있는 거예요. 그 단체들을 효율적으로 운행하지 못하고 현명하게 운행하지 못하고 그렇게 사람들 간의 어떤 안 좋은 일들을 그렇게 발생시키는 것 그런 것들을 보면서 아 내가 저 위치에 가면 조금 더 잘 할 수 있지 않을까 내가 하면 조금 더 잘 할 수 있지 않을까 그런 생각을 항상 했던 것 같애요. 그러다 보니까 이렇게 남들 뒤에서 이렇게 한 발짝 물러나 있기 보다는 제가 나서서 사람들을 이렇게 이끌었던 것들이 대표적으로 어떤 저는 동아리 활동을 해 항상 했었어요. 동아리 활동 동아리 활동을 하면서 동아리장까지 하면서 아이들을 이렇게 같이 힘을 모아서 모든 것들을 이겨냈던 그런 경험이 있기 때문에 저는 제 스스로가 완벽한 리더 형이라고 생각을 합니다.","wordCount":140},"emotion":[],"intent":[{"text":"그러다 보니까 이렇게 남들 뒤에서 이렇게 한 발짝 물러나 있기 보다는 제가 나서서 사람들을 이렇게 이끌었던 것들이 대표적으로 어떤 저는 동아리 활동을 해 항상 했었어요.","expression":"c_private","category":"background"}],"summary":{"text":"어떤 단체에 속해 가지고 그 단체가 하고 있는 일들을 보고 있으면 답답하다 라는 느낌이 많이 들었습니다. 효율적인 운행과 현명하게 운행하지 못하고 사람들 간의 안 좋은 일을 발생시키는 것 그런 것들을 보면서 아 제가 저 위치에 가면 조금 더 잘 할 수 있지 않을까 그런 생각을 항상 했습니다.","wordCount":47}}},"rawDataInfo":{"question":{"fileFormat":"wav","fileSize":509518,"duration":15920,"samplingBit":16,"channelCount":1,"samplingRate":"16kHz","audioPath":"/Mock/06.Design/Male/Experienced/ckmk_q_ard_m_e_206133.wav"},"answer":{"fileFormat":"wav","fileSize":2795278,"duration":87350,"samplingBit":16,"channelCount":1,"samplingRate":"16kHz","audioPath":"/Mock/06.Design/Male/Experienced/ckmk_a_ard_m_e_206133.wav"}}}