{"version":"1.0","dataSet":{"info":{"date":"20230116","occupation":"ARD","channel":"MOCK","place":"ONLINE","gender":"MALE","ageRange":"35-44","experience":"EXPERIENCED"},"question":{"raw":{"text":"지원자님의 주변 친구들 중 한 명을 골라 구체적이고 자세하게 칭찬을 해 보시기 바랍니다","wordCount":13},"emotion":[],"intent":[]},"answer":{"raw":{"text":"제 대학 후밴데요. 정말 드라마처럼 드라마에 나오는 무슨 캐릭터처럼 정말 정말 한결같은 친구가 있어요. 네 무슨 그런 자양 강장제 광고에 나올 것 것만 같은 그런 캐릭터 네 그 친구는 지금두 새벽 알바를 하고 있고요. 요즘에 신문 배달하는 신문 그런 거 하는 사람이 있나요. 보셨어요. 그 친구는 해요. 네 애초에 신문을 보는 것 자체가 이제 희귀한데 거의 거의 아주 아직도 종이 신문 봐 라고 하는 세상인데 여전히 그 친구는 그 신문 배달 일을 하고 있어요. 그러니까 벌써 몇 년이에요 그게. 심지어 그냥 그 그냥 직원이에요. 그래서 그런 꾸준함을 보이는 유일한 사람 제가 아는 제가 인생을 통틀어서 본 정말 한결같은 사람 유니콘이에요 유니콘 그런 사람은. 그 그거 하나만 봐서 알 수 있는 거죠. 그거 하나만 봐도 이 사람이 어떤 사람인지 그 신념 경제적인 게 아니에요.","wordCount":123},"emotion":[],"intent":[{"text":"","expression":"","category":"attitude"}],"summary":{"text":"드라마에 나오는 캐릭터처럼 정말 한결같은 대학후배가 있습니다. 새벽 알바로 신문 배달을 몇년 째 하고 있습니다. 그런 꾸준함을 보이는 유일한 사람 제가 아는 제가 인생을 통틀어서 본 정말 한결같은 사람입니다.","wordCount":29}}},"rawDataInfo":{"question":{"fileFormat":"wav","fileSize":362318,"duration":11320,"samplingBit":16,"channelCount":1,"samplingRate":"16kHz","audioPath":"/Mock/06.Design/Male/Experienced/ckmk_q_ard_m_e_160135.wav"},"answer":{"fileFormat":"wav","fileSize":2884558,"duration":90140,"samplingBit":16,"channelCount":1,"samplingRate":"16kHz","audioPath":"/Mock/06.Design/Male/Experienced/ckmk_a_ard_m_e_160135.wav"}}}