{"version":"1.0","dataSet":{"info":{"date":"20230116","occupation":"ARD","channel":"MOCK","place":"ONLINE","gender":"MALE","ageRange":"45-54","experience":"EXPERIENCED"},"question":{"raw":{"text":"그 본인께서 직접 해외 출장 장소를 선택하고 결정할 수 있다면 꼭 한번 가서 일해보고 싶은 나라가 있으실까요 있다면 어떤 나라일까요","wordCount":20},"emotion":[],"intent":[]},"answer":{"raw":{"text":"어 제가 일해보고 싶은 국가가 있냐고 물으셨 물으시면 저는 일본을 말씀드리겠습니다. 어 일본은 참 뭐라 그럴까 우리나라와의 관계가 어 정말 가깝고도 먼 나라입니다. 항상 우리나라 곁에 있으면 있지만 결코 우리의 이웃이라고 생각되지 않는 나라가 일본이라고 저는 생각합니다. 하지만 일본은 많이 우리와 비슷합니다. 어 같은 이제 동아시아에 있다라는 그 위치적인 것도 있고 문화나 이런 것들이 많이 다르면서도 비슷합니다. 그래서 저는 개인적으로 그 일본이 우리 문화를 많이 좋아하고 동경하고 있는 부분이 많다라고 생각을 합니다. 그래서 어 우리의 디자인이 일본 쪽에도 어 상당히 통용이 되고 어 경쟁력이 있다 라고 생각하기 때문에 저는 일본이라는 나라에서 어 이 업무를 계속해 보고 싶은 그런 욕심이 좀 있습니다. 뭐 좀 다른 이유로는 저는 젊었을 때 일본에서 좀 이렇게 한 이 년 정도 생활한 적이 있습니다. 그래 가지고 나름 그쪽에 지인도 좀 있고 지금도 뭐 자주는 아니지만 연락을 하면서 지냅니다. 저는 일본에서 만약에 근무를 한다면 어 많은 것을 배울 수 있을 것 같습니다.","wordCount":145},"emotion":[],"intent":[{"text":"뭐 좀 다른 이유로는 저는   젊었을 때 일본에서 좀 이렇게 한 이 년 정도 생활한 적이 있습니다.","expression":"c_private","category":"background"}],"summary":{"text":"저는 개인적으로 일본이 우리 문화를 좋아하고 동경하고 있는 부분이 많다고 생각하여 우리의 디자인을 일본에도 통용되고 경쟁력이 있다고 생각하기 때문에 일본에서 이 업무를 계속해 보고 싶은 욕심이 있습니다.","wordCount":27}}},"rawDataInfo":{"question":{"fileFormat":"wav","fileSize":616078,"duration":19250,"samplingBit":16,"channelCount":1,"samplingRate":"16kHz","audioPath":"/Mock/06.Design/Male/Experienced/ckmk_q_ard_m_e_75162.wav"},"answer":{"fileFormat":"wav","fileSize":2878798,"duration":89960,"samplingBit":16,"channelCount":1,"samplingRate":"16kHz","audioPath":"/Mock/06.Design/Male/Experienced/ckmk_a_ard_m_e_75162.wav"}}}