{"version":"1.0","dataSet":{"info":{"date":"20230116","occupation":"ARD","channel":"MOCK","place":"ONLINE","gender":"MALE","ageRange":"45-54","experience":"EXPERIENCED"},"question":{"raw":{"text":"어 우리 회사가 앞으로 좀 중국 쪽으로 진출을 할까 합니다 아무래도 중국 시장이 넓고 또 거리상으로도 가깝고 부담스럽지 않아서 중국 시장으로 진출하게 되는데 어때요 괜찮을까요","wordCount":25},"emotion":[],"intent":[]},"answer":{"raw":{"text":"어 개인적으로 해외 출장은 어 너무나 즐거운 일입니다. 어 일단 뭐 단순히 뭐 놀러 가서 이런 의미가 아니라 해외 출장에 간다는 것은 우리나라를 떠나서 외국을 간다는 얘기인데 저는 각 나라의 각 문화에 어 그 동향이나 그런 것을 체험하는 것을 되게 좋아라 합니다. 어 이것은 그 디자인을 할 때도 많이 도움이 됩니다. 우리가 예를 들어서 중국으로 수출을 하는데 정작 중국은 한 번도 안 가본 상태에서 중국의 뭐 문화 중국의 생활 이런 것들을 알 수가 없는 상태에서 디자인을 한다라는 것은 어 그냥 장님이 뭐 문꼬리 잡는 식으로 아니 장님이 코끼리 다들 다리를 더듬는 것처럼 마 너무나 막연합니다. 이 출장은 오히려 그런 식으로 해서 뭐 안목을 트이고 어 이렇게 뭐 세계관을 넓히는 계기가 됩니다. 그렇게 출장을 가 가지고 현지의 문화를 경험하고 현지의 상황을 보고 하는 것은 어 제가 다른 디자인을 하는데 도움이 되며 활력이 될 수 있습니다. 그래서 중국 출장 뿐만 아니라 저는 해외 출장 가는 것을 몹시 반기고 즐겁게 맞이합니다.","wordCount":148},"emotion":[],"intent":[{"text":"그렇게 출장을 가 가지고 현지의 문화를 경험하고    현지의 상황을 보고 하는 것은 어 제가 다른 디자인을 하는데 도움이 되며 활력이 될 수 있습니다.","expression":"d_trendy","category":"technology"}],"summary":{"text":"해외 출장은 각 나라의 문화, 동향, 체험을 할 수 있어 디자인 작업을 할 때도 도움이 되며, 안목을 트이고 세계관을 넓히는 계기가 됩니다. 중국 출장 뿐만 아니라 해외 출장 가는 것을 몹시 반기고 즐겁게 맞이합니다.","wordCount":34}}},"rawDataInfo":{"question":{"fileFormat":"wav","fileSize":518478,"duration":16200,"samplingBit":16,"channelCount":1,"samplingRate":"16kHz","audioPath":"/Mock/06.Design/Male/Experienced/ckmk_q_ard_m_e_75161.wav"},"answer":{"fileFormat":"wav","fileSize":2525518,"duration":78920,"samplingBit":16,"channelCount":1,"samplingRate":"16kHz","audioPath":"/Mock/06.Design/Male/Experienced/ckmk_a_ard_m_e_75161.wav"}}}