{"version":"1.0","dataSet":{"info":{"date":"20230116","occupation":"ARD","channel":"MOCK","place":"ONLINE","gender":"MALE","ageRange":"45-54","experience":"EXPERIENCED"},"question":{"raw":{"text":"지원자님께서는 본인 스스로 숫자와 창의 중 어떤 것에 더 가깝다고 생각을 하시나요 지원자님이 그렇게 생각하는 이유 말씀해 주시면 감사하겠습니다","wordCount":19},"emotion":[],"intent":[]},"answer":{"raw":{"text":"어 숫자가 만약에 숫자의 의미가 분명한 거 확실한 거 계산되는 거 정확한 거라고 얘기를 하고 창의라는 게 어 무엇인가를 뭐 만들어내고 없던 것을 창조하고 이런 것이라고 표현을 의미를 부여한다면 저는 숫자보다는 창의 쪽에 더 가까운 것 같습니다. 저는 어려서부터 공상하는 걸 좋아했고 무언가 상상하는 거 정확한 거 빈틈이 없는 것보다는 조금은 허술해도 무엇인가를 만들어내고 기존에 없던 것을 상상해 내고 하는 것을 더 즐겨 했던 것 같습니다. 그래서 개인적으로 어 뭐 숫자와 창의 중 어느 쪽에 더 가까우냐 제 성향을 묻는다고 하신 질문이라면 저는 숫자 쪽보다는 창의 쪽이 더 가까운 것 같고 창의 쪽에서 더 업무 능력을 발휘하 발휘했던 것 같습니다. 어 직장생활이라는 게 당연히 정확하고 확실하고 이런 것이 좋겠지만 그 디자인 업무만큼은 상상력이 저는 필요하다고 생각합니다. 어 창의력이 있다라는 것과 창의력이 없다라는 것은 단순히 수학을 잘하느냐 못하느냐의 문제보다 더 훨씬 큰 문제라고 생각을 합니다. 어 창의력이 있다 라는 것은 디자인을 하는 사람에게는 가장 중요한 덕목이라고 저는 생각합니다. 저는 창의 쪽에 더 가까운 것 같습니다.","wordCount":154},"emotion":[],"intent":[{"text":"","expression":"","category":"attitude"}],"summary":{"text":"저는 숫자보다 창의 쪽에 더 가까운 것 같습니다. 저는 어린 시절부터 공상하는 걸 좋아했지만, 숫자와 창의 중 어느 쪽에 더 가깝냐에 대한 질문에서는 창의 쪽이 더 가깝다고 대답했습니다. 디자인 업무에는 상상력이 필요하다고 생각합니다. 창의력이라는 것은 디자인하는 사람에게는 가장 중요한 덕목이라고 생각합니다.","wordCount":41}}},"rawDataInfo":{"question":{"fileFormat":"wav","fileSize":547918,"duration":17120,"samplingBit":16,"channelCount":1,"samplingRate":"16kHz","audioPath":"/Mock/06.Design/Male/Experienced/ckmk_q_ard_m_e_75462.wav"},"answer":{"fileFormat":"wav","fileSize":2837518,"duration":88670,"samplingBit":16,"channelCount":1,"samplingRate":"16kHz","audioPath":"/Mock/06.Design/Male/Experienced/ckmk_a_ard_m_e_75462.wav"}}}