{"version":"1.0","dataSet":{"info":{"date":"20230116","occupation":"ARD","channel":"MOCK","place":"ONLINE","gender":"MALE","ageRange":"55-","experience":"EXPERIENCED"},"question":{"raw":{"text":"어 대학 생활을 보내면서 어 지원자님이 생각하실 때 가장 힘들었던 경험은 무엇인가요 그리고 그 경험을 어떻게 극복했는지도 함께 말씀해 주시기를 바랍니다","wordCount":21},"emotion":[],"intent":[]},"answer":{"raw":{"text":"제 대학 생활 때는 선배들이 이상한 선배들이 많이 있었습니다. 이상한 선배들이 많아서 그 이상한 선배들은 저희들을 괴롭히는 거를 좋아했어요. 어떻게 괴롭혔냐면은 술로 저희들을 괴롭히고 아침에 일찍 저희들을 불러서 괴롭히는 거 그런 것들을 좋아하는 이상한 선배들이었었어요. 왜 그 선배들은 그런 이상한 습관을 가지게 되었나 라고 생각을 해봤을 때 저들도 분명히 누군가에게 저렇게 받은 거다 저들이 당했기 때문에 그대로 우리에게 복수를 하는 걸 수도 있다 라는 생각이 들고 나서부터는 오히려 그 사람들이 조금 불쌍하게 여겨졌었어요. 극복을 하지 못하는구나 극복을 하지 못해서 그 사람들도 결국 그 사람들이 그 사람들에게 했던 그 윗사람들의 모습을 똑같이 닮아내고 있는 그 현실이 안타깝게 느껴져서 나중에는 그 선배들이 불쌍한 지경까지 이르는 그런 선배들 때문에 힘들었던 대학 생활을 가지고 있습니다.","wordCount":111},"emotion":[],"intent":[{"text":"","expression":"","category":"attitude"}],"summary":{"text":"대학 생활 때는 술로 우리를 괴롭히는 등 특이한 선배들이 많았는데, 그 이유를 생각해보니 저들도 누군가에게 그렇게 당했기 때문에 그대로 복수를 하는 걸 수도 있다 라는 생각이 들어서 오히려 그 사람들이 조금 불쌍하게 여겨졌습니다. 그 선배들 때문에 힘들었던 대학 생활을 가지고 있습니다.","wordCount":41}}},"rawDataInfo":{"question":{"fileFormat":"wav","fileSize":481358,"duration":15040,"samplingBit":16,"channelCount":1,"samplingRate":"16kHz","audioPath":"/Mock/06.Design/Male/Experienced/ckmk_q_ard_m_e_206138.wav"},"answer":{"fileFormat":"wav","fileSize":2693198,"duration":84160,"samplingBit":16,"channelCount":1,"samplingRate":"16kHz","audioPath":"/Mock/06.Design/Male/Experienced/ckmk_a_ard_m_e_206138.wav"}}}