{"version":"1.0","dataSet":{"info":{"date":"20230116","occupation":"ARD","channel":"MOCK","place":"ONLINE","gender":"MALE","ageRange":"35-44","experience":"EXPERIENCED"},"question":{"raw":{"text":"타 부서와 갈등 상황이 생겼을 때 어떻게 해결 하시겠습니까","wordCount":9},"emotion":[],"intent":[]},"answer":{"raw":{"text":"많이 생깁니다. 네 정말 자주 생깁니다. 얘기하죠 뭐 어떻게 그러면 폭력을 쓸까요 그럴 수도 없고요. 다 큰 어른들이 일로써 만난 일터에서 뭐 감정대로 움직인다고 다 신체 대화를 할 수는 없으니 말로 하죠. 근데 그 어느 정도로 솔직한 말이냐는 음 단계에 따라 있는 것 같습니다. 감정적 단계에 따라 그래서 그냥 정말 표면적으로 사회생활을 해야 되는 정도의 부분이면 어 있는 말을 다 안 하죠. 네 아주 표면적인 음 불편함에 대한 부분만 네 공개하고 그거에 대한 것만 조금 조심해 주셨으면 좋겠다 정도이지 근데 조금 오래 볼 그런 부서이고 그런 상대라면 조금 더 심도 있게 얘기를 합니다. 왜냐면 상호 간에 일을 계속 해야 되기 때문에 대화 밖에 없습니다 사실.","wordCount":105},"emotion":[],"intent":[{"text":"","expression":"","category":"attitude"}],"summary":{"text":"일터에서 감정대로 움직인다고 다 신체 대화를 할 수는 없으니 말로 합니다. 근데 감정적 단계에 따라 표면적으로 사회생활을 해야 되는 정도는 모든 말을 하지 않습니다. 근데 상호 간에 일을 계속 해야 되기 때문에 대화 밖에 없습니다.","wordCount":35}}},"rawDataInfo":{"question":{"fileFormat":"wav","fileSize":197198,"duration":6160,"samplingBit":16,"channelCount":1,"samplingRate":"16kHz","audioPath":"/Mock/06.Design/Male/Experienced/ckmk_q_ard_m_e_111584.wav"},"answer":{"fileFormat":"wav","fileSize":2906958,"duration":90840,"samplingBit":16,"channelCount":1,"samplingRate":"16kHz","audioPath":"/Mock/06.Design/Male/Experienced/ckmk_a_ard_m_e_111584.wav"}}}