{"version":"1.0","dataSet":{"info":{"date":"20230116","occupation":"ARD","channel":"MOCK","place":"ONLINE","gender":"MALE","ageRange":"45-54","experience":"EXPERIENCED"},"question":{"raw":{"text":"해외로 진출하게 된다면 어디로 진출하는 것이 좋은지 이야기해 주세요","wordCount":9},"emotion":[],"intent":[]},"answer":{"raw":{"text":"저는 개인적으로 동남아 시장을 보고 있습니다. 어 실제로 우리 회사에서는 어 출시되는 제품의 약 육십 프로 이상을 중국으로 수출하고 그게 중국과 우리가 관계가 괜찮을 때는 좋았습니다. 하지만 뭐 싸드니 이런 걸로 인해서 중국과 관계가 안 좋아지면서 그 다음부터는 중국이 우리 비즈니스 상대로는 적당하지 않은 것으로 저는 생각이 듭니다. 어 중국은 아직 공산국가다 보니까 아직도 뭐 꽌시라든지 뭐 중국 특유의 비즈니스 그 성향이 있습니다. 이것을 우리가 그때그때마다 받아주고 어쩔 수 없이 허용해 주다 보니 뭐 이제는 뭐 거의 룰도 없고 자기 맘대로 막 할려는 거 경향이 있어 가지고 저는 개인적으로 중국 시장은 점점 줄어들어야 된다 라고 바운드를 줄여야 된다 라고 생각한 겁니다. 그런 반면에 동남아 시장은 동남아 시장으로 어 좀 노선을 바꿔야 되지 않나라는 생각을 합니다. 어 동남아나 중국에 수출되는 제품이나 동남아로 수출된 제품이 다르지 않습니다. 그건 똑같은 제품입니다. 지금 현재는 뭐 케이 문화 컬처 그 케이 컬쳐라고 해 가지고 우리나라 드라마 뭐 영화 이런 뭐 음악 이런 것들이 동남아시장에서 각광을 받고 있기 때문에 이것을 등에 업고 동남아 진출로 동남아 쪽으로 진출을 한다면 어 더 밝은 미래가 있다고 저는 생각합니다.","wordCount":169},"emotion":[],"intent":[{"text":"","expression":"","category":"attitude"}],"summary":{"text":"케이 문화 컬처라고 우리나라 드라마, 영화 이런 것들이 동남아시장에서 각광을 받고 있기 때문에 이것을 등에 업고 동남아 쪽으로 진출을 한다면 더 밝은 미래가 있다고 생각합니다.","wordCount":25}}},"rawDataInfo":{"question":{"fileFormat":"wav","fileSize":236878,"duration":7400,"samplingBit":16,"channelCount":1,"samplingRate":"16kHz","audioPath":"/Mock/06.Design/Male/Experienced/ckmk_q_ard_m_e_75454.wav"},"answer":{"fileFormat":"wav","fileSize":2875598,"duration":89860,"samplingBit":16,"channelCount":1,"samplingRate":"16kHz","audioPath":"/Mock/06.Design/Male/Experienced/ckmk_a_ard_m_e_75454.wav"}}}