{"version":"1.0","dataSet":{"info":{"date":"20230116","occupation":"ARD","channel":"MOCK","place":"ONLINE","gender":"MALE","ageRange":"35-44","experience":"EXPERIENCED"},"question":{"raw":{"text":"지원자님이 업무를 보다 모르는 과제가 등장했다면 이를 어떻게 해결하시겠습니까 해결법과 그 이유를 말씀해 주세요","wordCount":14},"emotion":[],"intent":[]},"answer":{"raw":{"text":"어 업무 간에 분명히 모르는 과제라든지 해 보지 않았던 일이 분명히 있을 겁니다. 그러면 이 상황 때 해결법과 해결법에 대해서는 주변 지인들 주변 직원들 뭐 상급자 뭐 가리지 않고 다 저는 물어봅니다. 이런 상황 때 혹시 대처해 본 적이 있는지 해본 적이 있는지 이렇게 하다 보면 분명히 해본 사람이 있을 겁니다. 그러면 경험자 이렇게 해 본 사람한테 그 상황 판단을 받는 게 제일 좋고 제일 효율적으로 맞출 수 있기 때문에 그렇게 진행을 할 거 같고 혹시 정말 아무도 해본 적이 없는 그런 일이다 맨땅에 헤딩이다 했을 경우에는 일단 최선을 다할 거 같습니다. 그래서 뭐 못 할 수 할 수 없는 일은 없기 때문에 그 부분에 대한 뭐 관련된 서적이라든지 모든 정보를 총 망라해서 어 그 부분에 해결하기 위해서 어 노력을 할 것 같습니다. 네 이상입니다.","wordCount":125},"emotion":[],"intent":[{"text":"","expression":"","category":"attitude"}],"summary":{"text":"업무 간에 모르는 과제나 해 보지 않았던 일이 분명히 있을 것입니다. 이 상황 때 해결법과 해결법에 대해서는 주변 지인들 주변 상급자 가리지 않고 다 질문합니다. 이런 상황 때 대처해 본 경험이 있는 사람한테 상황 판단을 받는 게 제일 좋고 제일 효율적으로 맞출 수 있습니다.","wordCount":44}}},"rawDataInfo":{"question":{"fileFormat":"wav","fileSize":456398,"duration":14260,"samplingBit":16,"channelCount":1,"samplingRate":"16kHz","audioPath":"/Mock/06.Design/Male/Experienced/ckmk_q_ard_m_e_145836.wav"},"answer":{"fileFormat":"wav","fileSize":2356558,"duration":73640,"samplingBit":16,"channelCount":1,"samplingRate":"16kHz","audioPath":"/Mock/06.Design/Male/Experienced/ckmk_a_ard_m_e_145836.wav"}}}