{"version":"1.0","dataSet":{"info":{"date":"20230116","occupation":"ARD","channel":"MOCK","place":"ONLINE","gender":"MALE","ageRange":"55-","experience":"EXPERIENCED"},"question":{"raw":{"text":"지원자께서는 평소 어떤 디자인을 참고해서 작업을 하는 편인지 말씀해 주시겠습니까","wordCount":10},"emotion":[],"intent":[]},"answer":{"raw":{"text":"요새 디자인 트렌드의 핵심은 빨리빨리 많이 만들어내는 것이라고 저는 생각을 하고 있어요. 디자인은 절대 예술이 아니에요. 순수 예술이 아니라 디자인은 빨리 트렌드를 파악해서 사람들이 봤을 때 괜찮을 만한 이미지를 빨리빨리 제공해주는 것이 디자인의 핵심이라고 생각을 합니다. 그랬을 때 중요한 것은 인터넷에서 유행 인터넷에서 유행하고 있는 그림들을 빨리빨리 모으는 것이 중요하다고 생각을 합니다. 그렇기 때문에 저는 이제 디자인을 할 때 인터넷 여러 가지 뭐 도메인 네이버 다음 구글 뭐 미국의 야후 이런 것들이 있는 이미지들 뉴스 이미지들 상품 이미지들를 빨리빨리 봅니다. 빨리빨리 봐서 그것을 무단으로 도용하는 것이 아니라 거기에 있는 디자인의 핵심들을 빨리 파악해서 그것을 비슷한 어떤 형태로 빨리 만들어서 저 만의 디자인으로 만들어내는 것이 요즘 디자인 트렌드에 맞는 그런 디자인 생산법이라고 저는 그렇게 작업을 하고 있습니다.","wordCount":116},"emotion":[],"intent":[{"text":"요새 디자인 트렌드의 핵심은 빨리빨리 많이 만들어내는 것이라고 저는 생각을 하고 있어요.","expression":"d_trendy","category":"technology"},{"text":"순수 예술이 아니라 디자인은 빨리 트렌드를 파악해서 사람들이 봤을 때 괜찮을 만한 이미지를 빨리빨리 제공해주는 것이 디자인의 핵심이라고 생각을 합니다.","expression":"d_trendy","category":"technology"},{"text":"그랬을 때 중요한 것은 인터넷에서 유행 인터넷에서 유행하고 있는 그림들을 빨리빨리 모으는 것이 중요하다고 생각을 합니다.","expression":"d_trendy","category":"technology"},{"text":"그렇기 때문에 저는 이제 디자인을 할 때 인터넷 여러 가지 뭐 도메인 네이버 다음 구글 뭐 미국의 야후 이런 것들이 있는 이미지들 뉴스 이미지들 상품 이미지들를 빨리빨리 봅니다.","expression":"d_trendy","category":"technology"},{"text":"빨리빨리 봐서 그것을 무단으로 도용하는 것이 아니라 거기에 있는 디자인의 핵심들을 빨리 파악해서 그것을 비슷한 어떤 형태로 빨리 만들어서 저 만의 디자인으로 만들어내는 것이 요즘 디자인 트렌드에 맞는 그런 디자인 생산법이라고 저는 그렇게 작업을 하고 있습니다.","expression":"d_trendy","category":"technology"}],"summary":{"text":"디자인의 핵심은 트렌드를 파악해서 사람들이 봤을 때 괜찮은 이미지를 빨리 빨리 제공해주는 것입니다. 그래서 디자인할 때 인터넷의 유행하는 그림들을 빨리 빨리 모으는 것이 중요합니다. 디자인의 핵심들을 빨리 파악해서 비슷한 형태로 빨리 만들어서 자신만의 디자인으로 만들어내는 것이 요즘 트렌드에 맞는 디자인 생산법입니다.","wordCount":41}}},"rawDataInfo":{"question":{"fileFormat":"wav","fileSize":297678,"duration":9300,"samplingBit":16,"channelCount":1,"samplingRate":"16kHz","audioPath":"/Mock/06.Design/Male/Experienced/ckmk_q_ard_m_e_206136.wav"},"answer":{"fileFormat":"wav","fileSize":2597838,"duration":81180,"samplingBit":16,"channelCount":1,"samplingRate":"16kHz","audioPath":"/Mock/06.Design/Male/Experienced/ckmk_a_ard_m_e_206136.wav"}}}