{"version":"1.0","dataSet":{"info":{"date":"20230116","occupation":"ARD","channel":"MOCK","place":"ONLINE","gender":"MALE","ageRange":"45-54","experience":"EXPERIENCED"},"question":{"raw":{"text":"면접자께서는 팀원과 불화가 생긴다면 어떻게 해결하시겠는지 설명 부탁드리겠습니다","wordCount":8},"emotion":[],"intent":[]},"answer":{"raw":{"text":"어 제가 팀원으로서 같은 팀원과 불화가 생긴다면 어 그거는 최대한 풀어보도록 노력하겠습니다. 어쨌든 간에 회사에서 공적으로 만난 사이이기 때문에 저는 그것을 뭐 꽁하게 마음속으로 가져간다는 것은 저한테나 회사한테나 아니면 그 당사자한테도 서로 다 안 좋은 결과를 초래한다라고 생각을 합니다. 그 불화가 뭐 어떤 불화냐에 따라 또 달라질 수도 있겠지만 저는 개인적으로 팀원과 팀원 사이에 생기는 불안은 뭐 대화를 하든 뭐 소주를 한 잔 하든 하면서 풀어야 되는 게 맞다라고 생각합니다. 하지만 팀장과 팀원 사이의 불화는 어 조금 얘기가 다릅니다. 어쨌든 간에 팀 장이라는 것은 그 팀을 이끌 수 있는 그 수장이고 팀원은 그 수장을 따르고 믿고 따르고 어 쫓아가야 될 입장입니다. 물론 팀장은 그 팀원들을 이끌고 가야 되는 그런 책임감도 있고요. 하지만 팀장과 팀원이 불화가 생긴다 그러면 그거는 팀장의 권한으로서 팀원을 제외시키는 게 맞다라고 생각을 합니다. 어 이 협업이라는 팀을 이뤄서 일을 한다라는 것을 같이 협업을 한다는 뜻인데 그 한 명으로 인해서 팀 자체의 분위기라든지 프로젝트가 망가질 수 있기 때문입니다. 그로 인해서 다른 사람이 피해를 보는 일은 없어야 되기 때문에 저는 제외시킬 것 같습니다.","wordCount":164},"emotion":[],"intent":[{"text":"","expression":"","category":"attitude"}],"summary":{"text":"팀원들 간에 팀 장은 그 팀을 이끌 수 있는 수장이며 팀원은 그 수장을 따르고 따라야 될 입장이지만 팀원과 불화가 생긴다면 팀원을 제외시키는 것이 맞습니다. 그 한 명으로 인해서 팀 자체의 분위기나 프로젝트가 망가질 수 있기 때문입니다. 그로 인해서 다른 사람이 피해를 보는 일은 없어야 되기 때문에 저는 제외시킬 것 같습니다.","wordCount":50}}},"rawDataInfo":{"question":{"fileFormat":"wav","fileSize":293198,"duration":9160,"samplingBit":16,"channelCount":1,"samplingRate":"16kHz","audioPath":"/Mock/06.Design/Male/Experienced/ckmk_q_ard_m_e_75459.wav"},"answer":{"fileFormat":"wav","fileSize":2842958,"duration":88840,"samplingBit":16,"channelCount":1,"samplingRate":"16kHz","audioPath":"/Mock/06.Design/Male/Experienced/ckmk_a_ard_m_e_75459.wav"}}}