{"version":"1.0","dataSet":{"info":{"date":"20230116","occupation":"ARD","channel":"MOCK","place":"ONLINE","gender":"MALE","ageRange":"45-54","experience":"EXPERIENCED"},"question":{"raw":{"text":"지원자분께서 생각하는 자신의 단점과 장점이 아닌 다른 주변 사람들이 생각하는 지원자분의 단점과 장점에 대해 자세히 설명해 주세요","wordCount":17},"emotion":[],"intent":[]},"answer":{"raw":{"text":"저는 대학교를 다니면서 일 학년 이 학년 삼 학년 사 학년을 빼고는 다 학년 대표를 맡았습니다. 물론 제 스스로 자발적으로 학년 대표를 맡으려고 한 건 아니었습니다. 하지만 주변 사람들이 그 학년 대표에 적임자라고 저를 적극적으로 추천했습니다. 그렇다면 제가 모르는 저의 장점은 분명 어떤 리더십이라고 저는 생각이 듭니다. 하지만 분명 단점도 존재합니다. 제 주변 사람들이 그런 말을 많이 했습니다. 때로는 성격이 온화한 것 같지만 때로는 불 같은 성미가 있어서 아 욱한다고 얘기를 하더라구요. 어 저도 또한 그런 어떤 참을 수 없는 부분에서는 물 불을 가리지 않는 그런 성격인 것 같습니다. 일례로 아 당구장에서 뭇매를 맞는 사람을 보고서 제가 참을 수 없어서 전혀 모르는 사람이지만 구해준 적도 있습니다. 물론 이게 욱한 성격과 맞을 수는 있지만 하나의 사회적 물의 킬 수 있다면 이것 또한 단점이라고 생각합니다.","wordCount":123},"emotion":[{"text":"저는 대학교를 다니면서 일 학년 이 학년 삼 학년 사 학년을 빼고는   다 학년 대표를 맡았습니다.","expression":"u-fact","category":"neutral"}],"intent":[{"text":"저는 대학교를 다니면서 일 학년 이 학년 삼 학년 사 학년을 빼고는   다 학년 대표를 맡았습니다.","expression":"c_private","category":"background"},{"text":"때로는 성격이 온화한 것 같지만 때로는 불 같은 성미가 있어서   아 욱한다고 얘기를 하더라구요.","expression":"c_person","category":"background"},{"text":"어 저도 또한 그런 어떤   참을 수 없는 부분에서는 물 불을 가리지 않는 그런 성격인 것 같습니다.","expression":"c_person","category":"background"},{"text":"물론 이게 욱한 성격과 맞을 수는 있지만 하나의 사회적 물의 킬 수 있다면 이것 또한 단점이라고 생각합니다.","expression":"c_person","category":"background"}],"summary":{"text":"저는 대학교를 다니면서 사 학년을 빼고 다 학년 대표를 맡았습니다. 주변 사람들이 그 학년 대표를 적임자라고 적극적으로 추천했지만, 저 역시 참을 수 없는 부분에서는 물 불을 가리지 않는 성격인 것 같습니다. 물론 욱한 성격이 사회적 물의 킬 수 있다면 이것 또한 단점이라고 생각합니다.","wordCount":43}}},"rawDataInfo":{"question":{"fileFormat":"wav","fileSize":491278,"duration":15350,"samplingBit":16,"channelCount":1,"samplingRate":"16kHz","audioPath":"/Mock/06.Design/Male/Experienced/ckmk_q_ard_m_e_80841.wav"},"answer":{"fileFormat":"wav","fileSize":2649038,"duration":82780,"samplingBit":16,"channelCount":1,"samplingRate":"16kHz","audioPath":"/Mock/06.Design/Male/Experienced/ckmk_a_ard_m_e_80841.wav"}}}