{"version":"1.0","dataSet":{"info":{"date":"20230116","occupation":"ARD","channel":"MOCK","place":"ONLINE","gender":"MALE","ageRange":"45-54","experience":"EXPERIENCED"},"question":{"raw":{"text":"지원자님이 생각하는 가장 빠르게 상위 단계의 직무를 수행할 수 있는 방법에 대해서 설명해 주세요","wordCount":14},"emotion":[],"intent":[]},"answer":{"raw":{"text":"어 우선 개인적으로 말씀드리면 가장 빠르게 상위 단계의 직무를 수행할 수 있는 방법은 저 스스로의 직무 능력을 키우는 것이라고 생각을 합니다. 직무 능력이 충분하다면 뭐 어떠한 직무든 그것을 빨리 수행할 수 있고 어 그것으로 인해 좋은 결과를 낼 수 있다 라고 믿기 때문입니다. 어 이게 개인이 아니고 팀으로 봤을 때는 팀으로서 가장 빠르게 상위 단계의 직무를 수용할 수 있는 방법은 팀원들 간의 소통이라고 생각을 합니다. 어 팀으로서 팀으로 작업을 할 하는 경우에는 일단 그 티 팀원 모두가 어떤 공동의 목표 우리가 같이 만들 해내야 될 그 업무를 어 정확하게 인지할 필요가 있습니다. 그리고 각자의 역할에서 각자의 위치에서 본인이 맡은 역할을 정확하게 수행해 내는 것이 그 방법입니다. 그러기 위해서 가장 기본이 되는 것은 저는 소통이라고 생각을 합니다. 뭐 어떤 프로젝틀 진행하는 데 있어서 뭐 본 본인이 쪼금 더 손해를 뭐 안 볼라고 아니면 내가 좀 더 희생해야 돼서 뭐 이런 식으로 작업을 한다 그러면 이것은 결국 좋은 결과를 낼 수가 없다고 생각합니다. 어 함께 소통을 해서 공동의 목표를 이뤄내는 것이 어 가장 빠르게 다음 단계의 직무를 수행할 수 있는 방법이라고 생각합니다.","wordCount":170},"emotion":[],"intent":[{"text":"어 함께 소통을 해서 공동의 목표를 이뤄내는 것이   어 가장 빠르게 다음 단계의 직무를 수행할 수 있는 방법이라고 생각합니다.","expression":"c_cop","category":"personality"}],"summary":{"text":"팀으로서 가장 빠르게 상위 단계의 직무를 수행할 수 있는 방법은 팀원들 간의 소통이라고 생각합니다. 팀으로서 팀으로 작업을 할 경우에는 공동의 목표를 이뤄내야 될 업무를 정확하게 인지할 필요가 있습니다. 각자의 역할에서 각자의 위치에서 본인이 맡은 역할을 정확하게 수행해 내는 것이 그 방법입니다.","wordCount":41}}},"rawDataInfo":{"question":{"fileFormat":"wav","fileSize":307278,"duration":9600,"samplingBit":16,"channelCount":1,"samplingRate":"16kHz","audioPath":"/Mock/06.Design/Male/Experienced/ckmk_q_ard_m_e_75153.wav"},"answer":{"fileFormat":"wav","fileSize":2819918,"duration":88120,"samplingBit":16,"channelCount":1,"samplingRate":"16kHz","audioPath":"/Mock/06.Design/Male/Experienced/ckmk_a_ard_m_e_75153.wav"}}}