{"version":"1.0","dataSet":{"info":{"date":"20230116","occupation":"ARD","channel":"MOCK","place":"ONLINE","gender":"MALE","ageRange":"45-54","experience":"EXPERIENCED"},"question":{"raw":{"text":"지원자님께서 커뮤니케이션을 잘 할 수 있는 본인만의 스킬이 있다면 소개해 주실 수 있겠습니까 언어로 표현하기 힘들다면 한번 직접 보여 주셔도 좋습니다","wordCount":21},"emotion":[],"intent":[]},"answer":{"raw":{"text":"뭐 스킬이라고 하기까진 너무 거창한데 그냥 저의 제가 사람을 대할 때 하는 뭐 방법이라고 해야 되나 어 그걸 말씀드리면 저는 일단 상대방의 이야기를 어 잘 듣습니다. 상대방의 이야기에를 경청을 하면 단순히 그 경청하는 그 행동만으로도 상대방한테 제 호감을 줄 수 있습니다. 또한 상대방의 이야기를 잘 듣게 되면 이 상대방이 무엇을 얘길 하는지 어떤 생각을 갖고 있는지 어 거에 대해서 파악을 어느정도 할 수가 있습니다. 그러다보면 그의 대화에 낄 수가 있고 그가 대화하는 것에 호응을 해줄 수가 있습니다. 이러다 보면 자연스럽게 그 상대방과 저는 되게 좀 가까워지는 것 같습니다. 일단 상대방이 저한테 호감을 갖고 있기 때문에 제가 이야기하는 것도 잘 들어주고 어 제 의견에 대해서 뭐 동조도 해주고 뭐 때로는 뭐 그게 본인과 다르면 뭐 거기에 대해서 뭐 반대를 하거나 다른 의견을 내겠지만 그래도 어 일단은 되게 호의적으로 대하는 것을 많이 느꼈습니다. 그래서 뭐 저만의 커뮤니케이션의 스킬이라고 하면 좀 거창한데 저는 일단 상 누군가를 만나서 이야기하고 할 때 가장 보통 좀 정중한 자세로 상대방의 이야기를 들으려고 애를 쓰고 어 또한 그렇게 행동을 한 합니다. 그게 저만의 스킬이라고 말씀드리겠습니다.","wordCount":167},"emotion":[],"intent":[{"text":"","expression":"","category":"attitude"}],"summary":{"text":"저는 상대의 이야기를 경청하는 행동만으로도 상대방에게 제 호감을 줄 수 있고, 상대의 생각을 어느정도 파악할 수가 있으며, 그러다보면 그의 대화에 낄 수 있고 대화에 호응을 해줄 수가 있습니다. 그러다 보면 자연스럽게 그 상대방과 제가 되게 많이 가까워지는 것 같습니다. 저는 누군가를 만나서 이야기 할 때 가장 보통 정중한 자세로 상대방의 이야기를 들으려고 애를 쓰고 또한 그렇게 행동을 합니다.","wordCount":58}}},"rawDataInfo":{"question":{"fileFormat":"wav","fileSize":492238,"duration":15380,"samplingBit":16,"channelCount":1,"samplingRate":"16kHz","audioPath":"/Mock/06.Design/Male/Experienced/ckmk_q_ard_m_e_73401.wav"},"answer":{"fileFormat":"wav","fileSize":2783438,"duration":86980,"samplingBit":16,"channelCount":1,"samplingRate":"16kHz","audioPath":"/Mock/06.Design/Male/Experienced/ckmk_a_ard_m_e_73401.wav"}}}