{"version":"1.0","dataSet":{"info":{"date":"20230116","occupation":"ARD","channel":"MOCK","place":"ONLINE","gender":"MALE","ageRange":"45-54","experience":"EXPERIENCED"},"question":{"raw":{"text":"어 본인이 전공 중에서 어 가장 기억나는 과목을 과목에 대해서 어 설명을 해 주시고 어 그 과목이 본인 사회생활을 하면서 어떠한 영향을 끼쳤는지 또 말씀해 주시면 감사하겠습니다","wordCount":27},"emotion":[],"intent":[]},"answer":{"raw":{"text":"제가 가장 좋아했던 과목 중의 하나가 서양 미술사입니다. 그 서양 미술사에는 다다이즘이라는 게 등장을 하거든요. 이 다다이즘이 뭐냐 하면 한 마디로 의미가 없다라는 것입니다. 이 탄생 배경에는 전쟁을 피해서 취리히로 도망 나온 예술가들이 모여서 전쟁의 허무와 그리고 반항을 갖다가 표현하는 것입니다. 변기를 그려놓고 예술 작품이라고 하고 아무런 의미없는 것들을 예술 작품이라고 생각하면서 허무주의를 극대화시킨 것이죠. 네 그러면서 반항 정신 이 것을 극대화시킴으로써 예술의 어떤 관례 즉 정설 그리고 예술이라 하는 것에 대해서 부정을 하는 그런 예술 사조의 하나입니다. 저는 이것을 보고서 그 시대가 미술의 배경을 갖다가 어 바꿀수 있다라는 그런 생각을 많이 했습니다.","wordCount":93},"emotion":[{"text":"제가 가장 좋아했던 과목 중의 하나가 서양 미술사입니다.","expression":"u-fact","category":"neutral"}],"intent":[{"text":"","expression":"","category":"attitude"}],"summary":{"text":"서양 미술사에는 의미가 없다는 뜻의 다다이즘이 등장합니다. 전쟁 후 취리히에서 도망 나온 예술가들이 모여 전쟁의 허무와 반항을 표현하는 것으로, 허무주의를 극대화시키고 반항 정신을 극대화시켜 예술에 대해 부정합니다. 이 시대 미술 배경을 바꿀 수 있다는 생각을 했습니다.","wordCount":36}}},"rawDataInfo":{"question":{"fileFormat":"wav","fileSize":609998,"duration":19060,"samplingBit":16,"channelCount":1,"samplingRate":"16kHz","audioPath":"/Mock/06.Design/Male/Experienced/ckmk_q_ard_m_e_80836.wav"},"answer":{"fileFormat":"wav","fileSize":2319438,"duration":72480,"samplingBit":16,"channelCount":1,"samplingRate":"16kHz","audioPath":"/Mock/06.Design/Male/Experienced/ckmk_a_ard_m_e_80836.wav"}}}