{"version":"1.0","dataSet":{"info":{"date":"20230116","occupation":"ARD","channel":"MOCK","place":"ONLINE","gender":"MALE","ageRange":"35-44","experience":"EXPERIENCED"},"question":{"raw":{"text":"지원자님께서 입사 후 근무를 하시면서 정작 지원한 분야가 지원자님과 잘 맞지 않다는 사실을 인지하시게 된다면 어떻게 하실 생각이십니까","wordCount":18},"emotion":[],"intent":[]},"answer":{"raw":{"text":"그만둬야죠. 네 제가 그거로 입사를 했는데 제가 지원한 분야로 입사를 했는데 알고 보니 네 안 맞는다 내 선택이 틀린 거였다 라면 정정을 해야죠. 네 그런데 그 정정이라는 게 뭐 무슨 뭐 오엠알 카드에 컴퓨터용 사인펜 잘못 그었다고 오엠알 카드 교체하는 것처럼 정정할 수도 없고 이거는 사회이고 아예 회사에 입사한 저의 업무 제 직무이기 때문에 어떻게 보면 제가 뭐 계약 위반이 되는 거고 그 계약 위반이 되기에 앞서 제 스스로 저를 일정 부분 뭔가 뒤통수를 때리고 맞은 그런 상태이기 때문에 중단을 해야죠 그 상태를. 그리고 그렇기 때문에 회사에 이제 그만두겠다고 사직서를 제출을 해야 되고요. 제가 맞는 분야를 또 찾아 나서야죠 그러면 저는. 그렇습니다.","wordCount":102},"emotion":[],"intent":[{"text":"","expression":"","category":"attitude"}],"summary":{"text":"저는 사회이고 제 직무이기 때문에 계약 위반이 되는 것이고 그에 앞서 제 스스로 뒤통수를 맞고 맞은 상태이기 때문에 사직서를 제출하고 맞는 분야를 찾아 나서야 합니다.","wordCount":25}}},"rawDataInfo":{"question":{"fileFormat":"wav","fileSize":582798,"duration":18210,"samplingBit":16,"channelCount":1,"samplingRate":"16kHz","audioPath":"/Mock/06.Design/Male/Experienced/ckmk_q_ard_m_e_178824.wav"},"answer":{"fileFormat":"wav","fileSize":2835918,"duration":88620,"samplingBit":16,"channelCount":1,"samplingRate":"16kHz","audioPath":"/Mock/06.Design/Male/Experienced/ckmk_a_ard_m_e_178824.wav"}}}