{"version":"1.0","dataSet":{"info":{"date":"20230116","occupation":"ARD","channel":"MOCK","place":"ONLINE","gender":"MALE","ageRange":"35-44","experience":"EXPERIENCED"},"question":{"raw":{"text":"어 지원자님 본인의 생각이 아닌 어 주변 다른 사람들이 생각하는 지원장자의 단점과 장점은 무엇이 있을까요 어 본인의 알고 계신 바대로 말씀해 주세요","wordCount":22},"emotion":[],"intent":[]},"answer":{"raw":{"text":"어 제가 느끼는 게 아닌 주변 사람들이 저를 생각 했을 때 저를 많이 들었던 얘기 중의 하나가 저 친구는 참 일도 많고 막 하고 하는데 참 여유롭다 이런 얘기를 많이 들었던 것 같습니다. 근데 그게 인제 단점이 될 수도 있고 장점이 될 수도 있는데 장점으로 보는 사람도 있었고 그걸 안 좋게 보는 사람도 있었던 것 같습니다. 여유롭다는 거는 항상 좀 한 템포 쉬어 가려 그러고 조금 일이 과도하다 싶으면 뭐 커피 한 잔 마시는 여유를 갖는다 든지 이렇게 행동이 막 조급해하지 않다 든지 그런 것들을 얘기하는 겁니다. 그런 것들을 되게 보면서 아 저 사람은 진짜 길게 갈 수 있겠다 오래 일을 할 수 있겠다 저렇게 마인드를 가져야 한다 뭐 이런 얘기를 들어봤던 것 같고 근데 너는 남들은 다 저렇게 조급하고 막 바쁜데 너는 왜 이렇게 혼자 여유롭냐 또 그런 것들에 대한 좀 꾸지람도 뭐 들었던 것도 같고 해서 그게 제가 주변 사람들이 어 들었던 얘기 중에 그게 저의 장점이자 단점이지 않을까 싶습니다. 이상입니다.","wordCount":153},"emotion":[],"intent":[{"text":"","expression":"","category":"attitude"}],"summary":{"text":"주변에서는 저 친구는 참 여유롭다 라는 얘기를 많이 들었습니다. 하지만 그 여유로움을 단점으로 보기도, 장점으로 보기도 한 것 같습니다. 여유가 있다는 것은 어떤 일을 할 때 조급해하지 않다는 것을 얘기하는 것입니다. 그런 마인드를 가져야 한다, 오래 일을 할 수 있겠다 라는 생각을 했습니다.","wordCount":43}}},"rawDataInfo":{"question":{"fileFormat":"wav","fileSize":441678,"duration":13800,"samplingBit":16,"channelCount":1,"samplingRate":"16kHz","audioPath":"/Mock/06.Design/Male/Experienced/ckmk_q_ard_m_e_145840.wav"},"answer":{"fileFormat":"wav","fileSize":2428878,"duration":75900,"samplingBit":16,"channelCount":1,"samplingRate":"16kHz","audioPath":"/Mock/06.Design/Male/Experienced/ckmk_a_ard_m_e_145840.wav"}}}