{"version":"1.0","dataSet":{"info":{"date":"20230116","occupation":"ARD","channel":"MOCK","place":"ONLINE","gender":"MALE","ageRange":"35-44","experience":"EXPERIENCED"},"question":{"raw":{"text":"지금부터 질문을 드릴게요 지원자님께서 입사 후 기존에 원하던 일을 못 하게 될 경우도 있으시겠죠 만약에 그렇다면 어떻게 하실 생각이신지 그렇게 한다면 또는 어떻게 하실 이유에 대해서 자세하게 말씀해 주시기 바랍니다","wordCount":30},"emotion":[],"intent":[]},"answer":{"raw":{"text":"아 본인이 원하는 일을 못 할 되는 경우에 대해서 한번 생각을 해 보았습니다. 그거는 당연하다고 생각합니다. 어떻게 제가 회사에 가서 회사에서 원하는 일을 제가 맞춰서 해야지 제가 원하는 일을 못한다고 해서 불만을 갖거나 불평을 호소할 수는 없다고 생각합니다. 그래서 당연히 뭐 내가 이 일이 더 비전이 있어 보여서 원하는 일을 하게 되면 당연히 좋은 거지만 그렇지 않으면 그게 오히려 저한테는 기회가 될 수 있을 겁니다. 본인이 원한다는 거는 자기가 할 수 있는 능력이 있고 분명히 싫다고 판단하기 때문에 그 일을 원할 것입니다. 하지만 반대로 다른 일을 들었을 때 이제 어 왼 땅에 헤딩하는 기분으로 또 다시 새롭게 파다보면은 그 분야에 대해서 또 전문가가 될 수 있기 때문에 어 저는 오히려 그거를 기회로 받아들여서 저 저의 미래나 저의 그 능력지가 훨씬 더 상승할 것이라 판단하기 때문에 그런 부분에 대해서는 전혀 불만이나 불평 요소가 없다고 생각합니다 어 원하지 않은 일을 어 배정을 받게 되면 오히려 더 긍정적인 방향으로 접근할 것 같습니다 네 이상입니다 그럼","wordCount":152},"emotion":[],"intent":[{"text":"","expression":"","category":"attitude"}],"summary":{"text":"본인이 원하는 일을 못 할 경우에 불만을 갖거나 불평을 호소할 수는 없다고 생각합니다. 원하지 않은 일을 배정을 받게 되면 오히려 더 긍정적인 방향으로 접근할 것 같습니다. 그럼 이상입니다.","wordCount":28}}},"rawDataInfo":{"question":{"fileFormat":"wav","fileSize":600398,"duration":18760,"samplingBit":16,"channelCount":1,"samplingRate":"16kHz","audioPath":"/Mock/06.Design/Male/Experienced/ckmk_q_ard_m_e_91634.wav"},"answer":{"fileFormat":"wav","fileSize":2712398,"duration":84760,"samplingBit":16,"channelCount":1,"samplingRate":"16kHz","audioPath":"/Mock/06.Design/Male/Experienced/ckmk_a_ard_m_e_91634.wav"}}}