{"version":"1.0","dataSet":{"info":{"date":"20230116","occupation":"ARD","channel":"MOCK","place":"ONLINE","gender":"MALE","ageRange":"35-44","experience":"EXPERIENCED"},"question":{"raw":{"text":"아 본인의 전공 외에 에 자신이 수준급의 실력이 될 정도로 노력했던 것이 있나요 있다면 그것이 전공과 관련해서 어떤 도움을 주었는지도 어 말씀해 주시면 좋겠습니다","wordCount":24},"emotion":[],"intent":[]},"answer":{"raw":{"text":"음 저는 우선 제가 삼 개 국어를 해요. 근데 하나는 한국어 두 번째는 영어 그리고 세 번째가 제가 아일랜드어를 네 할 줄 알아서 이 삼 개 국어는 저는 네 원활하게 의사소통 다 되고 할 수 있기 때문에 제가 그리고 또 영국에서도 또 특파원 생활을 했던 적이 있고 그 시절에 아일랜드어를 배운 건 아니지만 그건 오래 됐었고 그래서 이러한 저의 특기를 조금 살려서 제가 취재하는 데 있어서도 많은 네 장점들이 있고 그리고 아시다시피 어 아일랜드는 역사적인 거로도 우리나라랑 네 많은 부분들이 닮아있는 게 있기 때문에 특히나 요즘 그까 요 근래에 그런 영국 아일랜드 쪽 기사를 조금 쓰려고 할 때 제 스스 저를 찾는 분들이 많았었죠. 네 아무래도 제가 유창한 편이니까 저를 찾아서 좀 더 전문적인 전문적인 이런 질문들을 하기 위해서 찾는 부분이 있었고 도움은 생각보다 많습니다. 아일랜드어를 할 줄 아는 기자가 많지가 않아서요.","wordCount":132},"emotion":[],"intent":[{"text":"근데   하나는 한국어 두 번째는 영어 그리고 세 번째가 제가 아일랜드어를 네   할 줄 알아서 이 삼 개 국어는 저는 네   원활하게 의사소통 다 되고 할 수 있기 때문에 제가 그리고 또 영국에서도 또 특파원 생활을 했던 적이 있고 그 시절에 아일랜드어를 배운 건 아니지만 그건 오래 됐었고 그래서   이러한 저의 특기를 조금 살려서 제가 취재하는 데 있어서도 많은   네 장점들이 있고 그리고 아시다시피 어 아일랜드는 역사적인 거로도 우리나라랑   네 많은 부분들이 닮아있는 게 있기 때문에 특히나 요즘 그까 요 근래에   그런 영국 아일랜드 쪽 기사를 조금 쓰려고 할 때   제 스스 저를 찾는 분들이 많았었죠.","expression":"c_private","category":"background"}],"summary":{"text":"저는 우선 삼 개 국어를 하는데 하나는 한국어, 두 번째는 영어, 세 번째가 아일랜드어를 할 줄 알기 때문에 아일랜드어를 할 줄 아는 기자들은 많지 않습니다. 하지만 아일랜드는 역사적인 거로도 우리나라와 많은 부분들이 닮아있기 때문에 영국 아일랜드 쪽 기사를 쓰려고 할 때 저를 찾는 분들이 많았습니다.","wordCount":45}}},"rawDataInfo":{"question":{"fileFormat":"wav","fileSize":501518,"duration":15670,"samplingBit":16,"channelCount":1,"samplingRate":"16kHz","audioPath":"/Mock/06.Design/Male/Experienced/ckmk_q_ard_m_e_160140.wav"},"answer":{"fileFormat":"wav","fileSize":2893518,"duration":90420,"samplingBit":16,"channelCount":1,"samplingRate":"16kHz","audioPath":"/Mock/06.Design/Male/Experienced/ckmk_a_ard_m_e_160140.wav"}}}