{"version":"1.0","dataSet":{"info":{"date":"20230116","occupation":"ARD","channel":"MOCK","place":"ONLINE","gender":"MALE","ageRange":"35-44","experience":"EXPERIENCED"},"question":{"raw":{"text":"지원자분께서 본인이 현재 가지고 계신 위치나 어떤 지위보다 어려운 목표를 실제로 달성하신 적이 있으시다고 한다면 그와 같은 경험에 대해서 자세하게 이야기해 주시면 좋겠습니다","wordCount":23},"emotion":[],"intent":[]},"answer":{"raw":{"text":"아 달성 한 적이요. 글쎄요 그냥 제가 어쨌든 지금 음 현장에서 그까 졸업을 하고 어떤 대학생의 학생의 신분이 아니라 이제 아예 사회인으로서 제가 이렇게 나와서 저를 소개할 때 제 직업을 배우라고 소개할 수 있는 현재의 상태 지금 이 순간이 아닐까 싶습니다. 네 이게 참 특히나 또 그 대학을 대학 때 이제 그런 공연 관련 연영과 연극 영화과를 전공한 친구들은 또 입시를 겪었기 때문에 그 입시를 준비할 때에 이 이 산업 뭐 공연 산업 이런 극산업 네 그 엔터 산업도 포함이 될 것 같고요. 그래서 여기에 대한 어떤 정말 지독한 열망 동경 뭐 여러 가지 것들이 뭉쳐있는 감정이었기 때문에 내가 그거를 겪었고 어 끝냈고 졸업을 했고 실제로 여기 현장이 있구나 라는 거를 문득 느낄 때 쪼금 믿겨지지 않을 때가 있어요. 네","wordCount":120},"emotion":[],"intent":[{"text":"","expression":"","category":"attitude"}],"summary":{"text":"대학 때 공연 관련 연극 영화과를 전공한 친구들은 입시를 준비할 때 극산업, 엔터 산업도 포함이 될 것 같습니다. 여기에 대한 열망, 동경이 있어서 그것을 겪었고 졸업을 했고 실제로 여기 현장이 있다는 걸 느낄 때 믿겨지지 않을 때가 있습니다.","wordCount":38}}},"rawDataInfo":{"question":{"fileFormat":"wav","fileSize":601678,"duration":18800,"samplingBit":16,"channelCount":1,"samplingRate":"16kHz","audioPath":"/Mock/06.Design/Male/Experienced/ckmk_q_ard_m_e_177501.wav"},"answer":{"fileFormat":"wav","fileSize":2883918,"duration":90120,"samplingBit":16,"channelCount":1,"samplingRate":"16kHz","audioPath":"/Mock/06.Design/Male/Experienced/ckmk_a_ard_m_e_177501.wav"}}}