{"version":"1.0","dataSet":{"info":{"date":"20230116","occupation":"ARD","channel":"MOCK","place":"ONLINE","gender":"MALE","ageRange":"35-44","experience":"EXPERIENCED"},"question":{"raw":{"text":"면접자님은 면접자님의 의견을 주장하실 때 좀 강하게 주장하시는 타입이실까요 그리고 어떤 스타일로 본인의 의견을 주장하시는 타입인지 궁금합니다","wordCount":17},"emotion":[],"intent":[]},"answer":{"raw":{"text":"음 그러니까 제 의견을 그냥 말을 하는 편이에요. 네 그런데 그게 강하게 보는 분들도 종종 계시는 것 같애요. 저는 그냥 제 생각 제 관점을 그냥 덤덤하게 얘기를 하는 편인데 그냥 제 발 제 발화 방식이 문제인 건가 보통 그렇게 보는 분들이 계세요. 네 그래서 아 그냥 나는 나의 생각 나는 이렇다는 거를 얘기하려고 한 거다 라고 하면 이제 거기서 그치는 경우도 있고 근데 그렇게 들리지 않았다 라고 하시는 분들도 있고 제가 그러면 조금 뭔가 요구하는 것처럼 보이기도 하나 봐요. 네 내 생각 이러니까 바꿔라 어 그런데 이런 의도는 전혀 없는데 저는 저는 그냥 각자가 다 생각하는 건 다르고 네 그렇게 다양한 생각들이 뭔가 더 건강하다고 생각을 해서 저는 그냥 제가 생각하기 저의 발화 방식은 그냥 덤덤하게 무덤덤하게 제 생각을 말을 하는 편입니다.","wordCount":122},"emotion":[],"intent":[{"text":"","expression":"","category":"attitude"}],"summary":{"text":"저는 제 생각 제 관점을 덤덤하게 얘기를 하는 편인데, 제 발화 방식이 문제인가 하는 식으로 보는 분들도 계십니다. 하지만 저는 각자가 다 생각하는 건 다르고 다양한 생각들이 건강하다고 생각하여 제 발화 방식은 무덤덤하게 제 생각을 말을 하는 편입니다.","wordCount":38}}},"rawDataInfo":{"question":{"fileFormat":"wav","fileSize":579278,"duration":18100,"samplingBit":16,"channelCount":1,"samplingRate":"16kHz","audioPath":"/Mock/06.Design/Male/Experienced/ckmk_q_ard_m_e_178825.wav"},"answer":{"fileFormat":"wav","fileSize":2832718,"duration":88520,"samplingBit":16,"channelCount":1,"samplingRate":"16kHz","audioPath":"/Mock/06.Design/Male/Experienced/ckmk_a_ard_m_e_178825.wav"}}}