{"version":"1.0","dataSet":{"info":{"date":"20230116","occupation":"ARD","channel":"MOCK","place":"ONLINE","gender":"MALE","ageRange":"-34","experience":"EXPERIENCED"},"question":{"raw":{"text":"지원자님께서는 그동안 어 인생에서 여러 갈등을 겪으셨을 텐데요 그중에 가장 심각했던 갈등은 무엇인가요 한 가지만 골라서 편하게 설명해 주시기를 바랍니다","wordCount":20},"emotion":[],"intent":[]},"answer":{"raw":{"text":"제가 어떤 공간을 같이 대여해서 썼었을 때에 일이었습니다. 그 공간은 어떤 빌딩에 있던 공간이었는데 그 공간에 화장실이 있는데 그 화장실에서 어떤 사람이 샤워를 하느라고 계속 그 공간 안에 머물러 있는 겁니다. 근데 저는 소변이 마려워서 간단하게 일을 보고 빨리 끝내서 화장실을 나올 수 있는 그런 간단한 일이었는데 근데 안에 들어가 있는 어떤 사람이 샤워를 하고 있는 것이었습니다. 그래서 저는 문을 더 두드릴까 화를 내야 할까 라는 그런 고민이 있었지만 여기서 샤워를 할 수밖에 없는 상황에 대해서 조금 이해하게 됐습니다. 그래서 그게 저한테는 최근에 가장 큰 갈등이었기 때문에 이렇게 말씀드리는 것인데 근데 한편으로는 그런 생각이 들었어요. 왜 여기서 샤워를 해야 되는 것일까 샤워를 이곳에서 할 수밖에 없는 이유에 대해서 생각을 해보게 되었던 기회였습니다.","wordCount":112},"emotion":[],"intent":[{"text":"","expression":"","category":"attitude"}],"summary":{"text":"어떤 빌딩에 있던 공간에서 어떤 사람이 샤워를 하느라 계속 그 공간 안에 머물러 있었습니다. 문을 더 두드릴지 화를 내야 할지 고민했지만 여기서 샤워를 할 수밖에 없는 상황에 대해 이해하게 됐습니다. 또 왜 여기서 샤워해야 되는 것인지 그 이유에 대해 생각해 보게 되었습니다.","wordCount":42}}},"rawDataInfo":{"question":{"fileFormat":"wav","fileSize":494798,"duration":15460,"samplingBit":16,"channelCount":1,"samplingRate":"16kHz","audioPath":"/Mock/06.Design/Male/Experienced/ckmk_q_ard_m_e_200239.wav"},"answer":{"fileFormat":"wav","fileSize":2855118,"duration":89220,"samplingBit":16,"channelCount":1,"samplingRate":"16kHz","audioPath":"/Mock/06.Design/Male/Experienced/ckmk_a_ard_m_e_200239.wav"}}}