{"version":"1.0","dataSet":{"info":{"date":"20230116","occupation":"ARD","channel":"MOCK","place":"ONLINE","gender":"MALE","ageRange":"45-54","experience":"EXPERIENCED"},"question":{"raw":{"text":"일 해보고 싶은 국가가 있다면 어느 나라인가요","wordCount":7},"emotion":[],"intent":[]},"answer":{"raw":{"text":"저는 오 년 전에 인도네시아 발리에 가 본 적이 있습니다. 물론 가족들과 여행을 갔었죠. 그 곳에서 어 발리 뿐만 아니라 그 근처에 있는 우구시라는 곳이 있었습니다. 그 우구시라는 곳에는 어떤 예술인들의 마을이 있더라고요. 거기를 여행하면서 그 사람들의 어떤 그 예술적인 면을 많이 봤습니다. 디자인이라든지 아주 독특한 무늬들도 많이 봤고요. 참신한 아이들 아이디어도 많이 있었습니다. 현대의 작품과 옛 옛 것에 작품을 갖다가 혼합시킨 그러한 작품들도 많이 있었습니다. 아 제가 볼 때는 굉장히 신선하면서 독특한 작품들이 많이 있었습니다. 저는 그래서 만약에 제가 그곳에 갈 수 있는 어떤 기회가 주어진다면 저는 다시 한 번 가서 저의 역량을 펼치고 그리고 그 사람들에게서 배울 수 있는 창의적인 부분을 더욱 많이 배워서 저의 역량을 높이고 싶습니다. 저에게 그런 기회가 주어진다면 정말 감사하겠습니다.","wordCount":116},"emotion":[{"text":"저는 오 년 전에 인도네시아 발리에 가 본 적이 있습니다.","expression":"u-fact","category":"neutral"}],"intent":[{"text":"","expression":"","category":"attitude"}],"summary":{"text":"발리뿐만 아니라 우구시라는 곳에 예술인들의 마을이 있습니다. 그곳을 여행하면서 그 사람들의 예술적인 면을 많이 봤습니다. 현대와 옛 것을 혼합시킨 작품들도 많이 있었습니다. 그곳에 가서 역량을 펼치고 창의적인 부분을 배워서 제 역량을 높이고 싶습니다.","wordCount":33}}},"rawDataInfo":{"question":{"fileFormat":"wav","fileSize":251918,"duration":7870,"samplingBit":16,"channelCount":1,"samplingRate":"16kHz","audioPath":"/Mock/06.Design/Male/Experienced/ckmk_q_ard_m_e_80833.wav"},"answer":{"fileFormat":"wav","fileSize":2577998,"duration":80560,"samplingBit":16,"channelCount":1,"samplingRate":"16kHz","audioPath":"/Mock/06.Design/Male/Experienced/ckmk_a_ard_m_e_80833.wav"}}}