{"version":"1.0","dataSet":{"info":{"date":"20230116","occupation":"ARD","channel":"MOCK","place":"ONLINE","gender":"MALE","ageRange":"-34","experience":"EXPERIENCED"},"question":{"raw":{"text":"지원자님만의 스트레스 해소법이 있는지 있다면 왜 그런 방식으로 스트레스를 푸시는지 말씀해 주시겠어요","wordCount":12},"emotion":[],"intent":[]},"answer":{"raw":{"text":"어 너무 평범해서 사실 조금 조심스럽긴 한데 저는 제가 자주 가는 단골 카페가 있어요. 그래서 그 카페에 가서 제가 그냥 붙박이로 있는 그 자리가 있어서 거기에서 네 커피 마시면서 조용히 책 읽고 옵니다. 네 진짜 진부한 해소일 수도 있는데 그냥 그 시간이 좋아요. 네 저의 취향을 온전히 느끼면서 제 취향으로 선택한 정한 그 공간과 그다음에 제 취향으로 아예 결정한 그 원두의 취향과 원두의 선택과 그다음에 제가 좋아하는 책 이것들이 다 결 결합이 되어 있는 부분이기 때문에 그 시간만 들이면 제가 여러 가지로 행복해질 수가 있거든요. 저의 감각들이 정말 중요해요. 그래서 그런 시간들을 좋아하고 사실 해 스트레스가 없어도 해요. 그래서 스트레스가 있든 없든 조금 계속 하는 저의 뭐 루틴이 될 수도 있겠네요. 저는 근데 그게 좋습니다.","wordCount":115},"emotion":[],"intent":[{"text":"","expression":"","category":"attitude"}],"summary":{"text":"저는 늘 가는 단골 카페에 가서 커피 마시며 책을 읽습니다. 제 취향을 온전히 느끼면서 제 취향으로 정한 공간과 원두의 취향, 좋아하는 책들이 결합되어 있는 부분이기 때문에 그 시간만 들이면 제가 여러 가지로 행복해질 수 있습니다.","wordCount":35}}},"rawDataInfo":{"question":{"fileFormat":"wav","fileSize":348238,"duration":10880,"samplingBit":16,"channelCount":1,"samplingRate":"16kHz","audioPath":"/Mock/06.Design/Male/Experienced/ckmk_q_ard_m_e_156937.wav"},"answer":{"fileFormat":"wav","fileSize":2692558,"duration":84140,"samplingBit":16,"channelCount":1,"samplingRate":"16kHz","audioPath":"/Mock/06.Design/Male/Experienced/ckmk_a_ard_m_e_156937.wav"}}}