{"version":"1.0","dataSet":{"info":{"date":"20230116","occupation":"ARD","channel":"MOCK","place":"ONLINE","gender":"MALE","ageRange":"35-44","experience":"EXPERIENCED"},"question":{"raw":{"text":"지원자님께서 지금까지 계속해서 살아오시면서 새로운 환경에 맞닥뜨리고 그 환경에서 본인이 지금까지는 몰랐던 전혀 몰랐던 일을 하시게 되었던 경험이 있으실 텐데 있으시다면 그걸 소개해 주시면 좋겠습니다","wordCount":25},"emotion":[],"intent":[]},"answer":{"raw":{"text":"네 제가 제주도 왜 이제 조금 지쳐서 이 일을 하다 지쳐서 조금 쉬러 한 달 사이로 제주도에 갔었는데요. 그때 제가 수중에 돈도 없고 돈도 다 떨어졌고 근데 뭔가 이제 떠나고는 싶고 해서 그 게스트하우스에서 묵으면서 일 도와드리는 네 그런 알바 네 알바라고 하죠. 네 그때 그래서 그렇게 해서 가서 숙식 제공 되면서 어 아침에 이제 그 손님 분들이 퇴실을 하면 뭐 이런 침구류 같은 거 이제 다 빼서 정리하고 그 다음에 그런 거 세탁 이런 거에 세탁기에 다 이제 가서 제가 넣고 이제 다 그게 나오면은 나중에 점심 먹고 나서 나오면은 그거 이제 널고 이런 식으로 자 잔일 같은 거 잡일 같은 거 제가 조금 도와드리는 정도였는데 예 그 청소하시는 분들은 따로 있고 재미 있었어요. 저는 그렇게 새로운 경험하는 거 좋아하기도 하고 이렇게 돌아가는 그런 숙박업이 돌아가는 시스템을 옆에서 좀 바라볼 수 있어서 되게 좋았습니다 그때.","wordCount":136},"emotion":[],"intent":[{"text":"네 제가 제주도   왜 이제 조금 지쳐서 이 일을 하다 지쳐서 조금 쉬러   한 달 사이로 제주도에 갔었는데요.","expression":"c_private","category":"background"},{"text":"네 그때 그래서 그렇게 해서 가서 숙식 제공 되면서   어 아침에 이제 그 손님 분들이 퇴실을 하면 뭐 이런 침구류 같은 거 이제 다 빼서 정리하고   그 다음에 그런 거 세탁 이런 거에 세탁기에 다 이제 가서 제가 넣고 이제 다 그게   나오면은 나중에 점심 먹고 나서 나오면은 그거 이제 널고 이런 식으로 자 잔일 같은 거 잡일 같은 거 제가 조금 도와드리는 정도였는데 예 그 청소하시는 분들은 따로 있고   재미 있었어요.","expression":"c_private","category":"background"}],"summary":{"text":"일을 하다 지쳐서 한 달 사이로 제주도 게스트하우스에서 묵으면서 알바를 했습니다. 숙박업이 돌아가는 시스템을 옆에서 볼 수 있어서 좋았습니다.","wordCount":19}}},"rawDataInfo":{"question":{"fileFormat":"wav","fileSize":649998,"duration":20310,"samplingBit":16,"channelCount":1,"samplingRate":"16kHz","audioPath":"/Mock/06.Design/Male/Experienced/ckmk_q_ard_m_e_177496.wav"},"answer":{"fileFormat":"wav","fileSize":2767438,"duration":86480,"samplingBit":16,"channelCount":1,"samplingRate":"16kHz","audioPath":"/Mock/06.Design/Male/Experienced/ckmk_a_ard_m_e_177496.wav"}}}