{"version":"1.0","dataSet":{"info":{"date":"20230116","occupation":"ARD","channel":"MOCK","place":"ONLINE","gender":"MALE","ageRange":"-34","experience":"EXPERIENCED"},"question":{"raw":{"text":"일을 하다 보면 업무량이 과도하게 많아질 수도 있습니다 지원자님은 그래도 잘 버틸 자신이 있을까요 솔직한 답변 부탁드립니다","wordCount":17},"emotion":[],"intent":[]},"answer":{"raw":{"text":"저는 주변으로부터 에너자이저와 같다고 얘기를 들은 적이 많이 있습니다. 에너자이저와 같다는 것은 지치지 않는 체력을 갖고 있다는 것인데요. 그 지치지 않는 체력을 바탕으로 저는 대학교 때도 그렇고 졸업하고 나서도 사회 활동에서도 많은 운동 동호회 활동을 해 왔습니다. 그런데 그런 동호회 활동에서도 저의 체력을 따라올 사람들은 별로 없었습니다. 저는 저의 이런 강력한 체력이 과도한 업무량에도 그 업무량들을 이겨낼 수 있는 근간이 될 수 있는 힘이 될 수 있다고 생각을 합니다. 그렇기 때문에 업무량 업무량이 과도해진다면 저는 제가 해왔던 여러 가지 체력 활동들을 통해서 그것을 잘 버틴다 버틴다의 개념이 아니라 충분히 이겨 될 수 있다고 생각을 합니다. 그리고 누구보다 빠르게 남들과는 다르게 그 업무들을 깔끔하게 처리해 나가겠습니다. 왜냐하면 저는 체력이 있기 때문에 모든 일들을 여유롭게 그리고 정확하게 해결할 수 있는 그런 체력이 있습니다.","wordCount":121},"emotion":[],"intent":[{"text":"","expression":"","category":"attitude"}],"summary":{"text":"저는 지치지 않는 강력한 체력을 바탕으로 많은 운동 동호회 활동을 해 왔기 때문에, 업무량이 과도해진다면 충분히 이겨질 수 있다고 생각합니다. 그리고 누구보다 빠르게 남들과는 다르게 그 업무들을 처리해 나가겠습니다.","wordCount":29}}},"rawDataInfo":{"question":{"fileFormat":"wav","fileSize":588878,"duration":18400,"samplingBit":16,"channelCount":1,"samplingRate":"16kHz","audioPath":"/Mock/06.Design/Male/Experienced/ckmk_q_ard_m_e_200238.wav"},"answer":{"fileFormat":"wav","fileSize":2872398,"duration":89760,"samplingBit":16,"channelCount":1,"samplingRate":"16kHz","audioPath":"/Mock/06.Design/Male/Experienced/ckmk_a_ard_m_e_200238.wav"}}}