{"version":"1.0","dataSet":{"info":{"date":"20230116","occupation":"ARD","channel":"MOCK","place":"ONLINE","gender":"MALE","ageRange":"35-44","experience":"EXPERIENCED"},"question":{"raw":{"text":"지원자님께서는 동물 실험에 대해서 어떻게 생각하시나요 어 그리고 동물 실험이 인간에게 주는 이익에 대해서도 말씀 한 번 해 보십시오","wordCount":19},"emotion":[],"intent":[]},"answer":{"raw":{"text":"이익이요. 음 이익 너무 당연하죠. 사실 너무 당연해서 제가 지금 오히려 조금 고민을 하게 되는 부분인데요. 인간의 위험 부담을 덜기 위한 목적으로 실험은 이루어지는 거니까요. 네 인간이 다치면 안되고 인간이 죽으면 안되고 인간에게 해가 되지 않기 위해 아 정말 이거를 제가 이렇게 말을 하는 순간 너무너무 팍팍 느끼네요. 네 정말 나빴네요. 어떻게 이거를 계속 하죠 동물 실험을. 최악이에요 정말. 그래서 아 반성해야 된다고 생각을 하고요. 반성만으로 끝나면 안 된다고 생각을 하고요. 어 지금부터라도 정말 진심으로 그냥 사죄의 시간을 좀 가지면서 일절 모든 거를 어 멈춰야 된다고 생각을 합니다.","wordCount":88},"emotion":[],"intent":[{"text":"","expression":"","category":"attitude"}],"summary":{"text":"동물실험을 하는 것은 인간의 위험부담을 덜기 위한 목적이 있습니다. 인간에게 해가 되지 않기 위해서는 반성과 사죄의 시간을 가지면서 모든 것을 멈춰야 합니다.","wordCount":22}}},"rawDataInfo":{"question":{"fileFormat":"wav","fileSize":403278,"duration":12600,"samplingBit":16,"channelCount":1,"samplingRate":"16kHz","audioPath":"/Mock/06.Design/Male/Experienced/ckmk_q_ard_m_e_160134.wav"},"answer":{"fileFormat":"wav","fileSize":2747278,"duration":85850,"samplingBit":16,"channelCount":1,"samplingRate":"16kHz","audioPath":"/Mock/06.Design/Male/Experienced/ckmk_a_ard_m_e_160134.wav"}}}