{"version":"1.0","dataSet":{"info":{"date":"20230116","occupation":"ARD","channel":"MOCK","place":"ONLINE","gender":"MALE","ageRange":"55-","experience":"EXPERIENCED"},"question":{"raw":{"text":"다른 지원자들에게는 없는 지원자님만의 차별성 장점이 있을까요 있다면 그것이 무엇인지 자세하게 어필을 해 주시길 바랍니다","wordCount":15},"emotion":[],"intent":[]},"answer":{"raw":{"text":"어 저희 집에는 책이 굉장히 많이 있어요. 어렸을 때부터 부모님들이 이게 엄마랑 아빠랑 책을 읽지는 않았어요. 책을 읽지는 않으셨는데 책을 사 가지고 집에다가 꽂아 놓는 그런 지금 생각해보면 이상한 취미를 갖고 계셨었어요. 그래서 저는 부모님들이 그렇게 책을 사서 꽂아 놓으시면 그 책을 사서 읽는 것이 저의 어렸을 때부터의 습관이 되어졌었습니다. 그런 책을 많이 읽는 습관은 저에게 엄청나게 많은 상상력을 제공해 주었고 그 많은 상상력을 바탕으로 저는 엄청난 창의성을 이렇게 굴릴 수 있게 되었어요. 그렇게 만들어진 저의 어렸을 저 어렸을 때의 습관은 저만이 가지고 있는 이런 독특하고 개성적인 창의성을 개발시켜 주었다고 생각을 하기 때문에 저만큼 어렸을 때에 그렇게 책을 읽은 사람은 저는 살면서 본 적이 없기 때문에 그것만큼은 남들과 구별되는 저의 확실한 장점이라고 생각을 합니다.","wordCount":114},"emotion":[],"intent":[{"text":"그래서 저는 부모님들이 그렇게 책을 사서 꽂아 놓으시면 그 책을 사서 읽는 것이 저의 어렸을 때부터의 습관이 되어졌었습니다.","expression":"c_private","category":"background"}],"summary":{"text":"저희 부모님은 책을 읽지 않으셨는데 제가 책을 사서 꽂아두는 것이 습관이 되었습니다. 책을 많이 읽는 습관은 저만의 독특하고 개성적인 창의성을 개발시켜 주었다고 생각을 하기 때문에 저만큼 어렸을 때에 책을 읽은 사람은 없다고 생각합니다.","wordCount":33}}},"rawDataInfo":{"question":{"fileFormat":"wav","fileSize":605198,"duration":18910,"samplingBit":16,"channelCount":1,"samplingRate":"16kHz","audioPath":"/Mock/06.Design/Male/Experienced/ckmk_q_ard_m_e_206135.wav"},"answer":{"fileFormat":"wav","fileSize":2690638,"duration":84080,"samplingBit":16,"channelCount":1,"samplingRate":"16kHz","audioPath":"/Mock/06.Design/Male/Experienced/ckmk_a_ard_m_e_206135.wav"}}}