{"version":"1.0","dataSet":{"info":{"date":"20230116","occupation":"ARD","channel":"MOCK","place":"ONLINE","gender":"MALE","ageRange":"35-44","experience":"EXPERIENCED"},"question":{"raw":{"text":"협업을 할 때 지원자님은 사교성이 좋은 편이신지 궁금합니다 또 사교성을 키우기 위해 어떤 노력을 하시는지요","wordCount":15},"emotion":[],"intent":[]},"answer":{"raw":{"text":"어 저는 그냥 적당한 편인 것 같습니다. 아주 막 엄청 좋다도 아니고 그렇다고 엄청 사교적이지 못하다도 아니고 그냥 일을 하는 뭐 보통의 평범한 정도 네 저도 뭐 그냥 약간의 낯가림이 있고 그 다음에 익숙한 팀이면 스스럼 없고 그냥 편하게 제가 가지고 있는 제 능력치를 온전히 잘 할 수 있는 분위기 인 것 같구요. 익숙하다면 만약에 근데 쪼끔 어색한 사람이 한 두 명 있다면 그러면 쪼끔은 떨어질 수도 있지 않을까 능률이 그런데 그래도 저는 나쁘지 않다고 생각을 합니다 협업을 하는 거에 있어서. 제가 그까 모나지 않도록 제가 저로 인해 안 좋은 어떤 부족한 결과가 나오지 않도록은 하지 않습니다. 그것은 제가 용납할 수가 없기 때문에. 네 그래도 자신이 있습니다 협업은.","wordCount":108},"emotion":[],"intent":[{"text":"","expression":"","category":"attitude"}],"summary":{"text":"저는 그냥 적당한 편인 것 같습니다. 익숙하다면 약간 어색할 수 있겠지만 저는 그렇게 나쁘지는 않다고 생각합니다. 협업에 있어서 부족한 결과가 나오지 않도록 하는 것은 용납할 수 없기 때문에 저는 자신이 있습니다.","wordCount":31}}},"rawDataInfo":{"question":{"fileFormat":"wav","fileSize":508238,"duration":15880,"samplingBit":16,"channelCount":1,"samplingRate":"16kHz","audioPath":"/Mock/06.Design/Male/Experienced/ckmk_q_ard_m_e_111590.wav"},"answer":{"fileFormat":"wav","fileSize":2896718,"duration":90520,"samplingBit":16,"channelCount":1,"samplingRate":"16kHz","audioPath":"/Mock/06.Design/Male/Experienced/ckmk_a_ard_m_e_111590.wav"}}}