{"version":"1.0","dataSet":{"info":{"date":"20230116","occupation":"ARD","channel":"MOCK","place":"ONLINE","gender":"MALE","ageRange":"35-44","experience":"EXPERIENCED"},"question":{"raw":{"text":"시간이 촉박한 상황에서 어떻게 시간 관리를 했는지 그와 관련된 경험이 있다면 설명해 주세요","wordCount":13},"emotion":[],"intent":[]},"answer":{"raw":{"text":"어 시간이 촉박한 상황에서 시간 관리에 대해서 말씀드리겠습니다. 아 이 현대사회에서는 이 촉박한 시간 관리는 누구나 다 겪고 있을 겁니다. 그런 시간은 다 이십 사 시간은 누구에게나 한정되어 있고 정해져 있는 시간이고 그 안에서 수많은 일들을 해내야 합니다. 그 사이에서도 잠도 자야하고 뭐 여러 가지가 있는데 저는 그래서 항상 제가 갖고 다니는 다리어리가 있습니다. 눈을 뜨고 그 전날에 꼭 다음날 할 일을 적어 놓습니다. 우선 순위를 일 번부터 한 보통 칠 번에서 팔 번까지 순번이 정해지는 것 같은데 그렇게 정해 놓고 우선순위에 맞춰서 하다 보면은 아 뭐 일 번에서 오 번까지 진행했으면 뭐 못한 칠 번 팔 번 은 다음날 일 번으로 넘어가는 겁니다. 그런 식으로 시간 우선순위를 분류를 해 놓으면은 그 막 그때그때 생각해서 급작스럽게 하는 그런 방식보다는 훨씬 시간 효율이 관리가 되고 더 효율적이었던 것 같습니다. 그런데 저는 이런 메모하는 습관 그리고 우선순위를 정하는 습관 이 다이어리로 활용하는 습관 이 습관은 어 추천해 드리고 싶습니다. 네 이상입니다.","wordCount":149},"emotion":[],"intent":[{"text":"","expression":"","category":"attitude"}],"summary":{"text":"현대사회에서 촉박한 시간 관리는 누구나 겪고 있을 겁니다. 누구나 한정되어 있고 정해져 있는 시간이 있고 그 안에서 수많은 일들을 해내야 합니다. 그 사이에서도 잠도 자야하고 여러 가지가 있는데 저는 제가 갖고 다니는 다리어리에 매일 할 일을 적어 놓습니다. 우선순위를 정하는 습관을 가지면 훨씬 시간 효율이 관리가 되고 더 효율적이었습니다.","wordCount":49}}},"rawDataInfo":{"question":{"fileFormat":"wav","fileSize":394318,"duration":12320,"samplingBit":16,"channelCount":1,"samplingRate":"16kHz","audioPath":"/Mock/06.Design/Male/Experienced/ckmk_q_ard_m_e_91638.wav"},"answer":{"fileFormat":"wav","fileSize":2745678,"duration":85800,"samplingBit":16,"channelCount":1,"samplingRate":"16kHz","audioPath":"/Mock/06.Design/Male/Experienced/ckmk_a_ard_m_e_91638.wav"}}}