{
    "version": "1.0",
    "dataSet": {
        "info": {
            "date": "20230116",
            "occupation": "ARD",
            "channel": "MOCK",
            "place": "ONLINE",
            "gender": "MALE",
            "ageRange": "45-54",
            "experience": "EXPERIENCED"
        },
        "question": {
            "raw": {
                "text": "당신은 주로 아이디어나 영감은 생활의 어디에서 없는 편입니까",
                "wordCount": 8
            },
            "emotion": [],
            "intent": []
        },
        "answer": {
            "raw": {
                "text": "저는 업무상 아이디어를 주로 그냥 일상 생활에서 얻습니다. 제가 하는 게 무슨 뭐 유전 공학이라든지 뭐 어떤 특별한 전문 분야가 아닌 그 대중들을 상대로 여행 상품을 개발하고 이것을 만들고 이것을 손님들한테 뭐 판매하는 그런 직책이다 보니 저는 일상생활에서 요 요즘 사람들이 요즘 젊은이들이 혹은 뭐 중년층이 아니면 나이가 연세가 좀 있는 분들이 그 각 계층이 어떤 것을 원하고 요즘 문화 트렌드가 어떤 쪽으로 흘러가는지에 대해서 어 많이 경험을 하고 공부를 하는 편입니다. 뭐 관련된 영상 같은 것도 많이 보고 요즘 그냥 흔히 대중문화라고 하는 것들을 많이 접함으로써 그 안에서 아이디어를 얻는 편입니다. 뭐 때로는 티비를 보면서 아이디어 아이디어를 얻을 때도 있고 다른 무슨 여행 프로를 보면서도 아이디어를 얻습니다. 요즘은 각각의 개성들이 워낙 강하다 보니 사람들이 그 뭐 일률적인 그런 패키지여행을 원하질 않습니다. 각자 자기가 원하는 게 있고 자기의 관심 분야가 있다 보니 그것을 오롯이 하기를 원합니다. 그래서 저는 어 손님들이 원하는 그런 약간의 어떻게 보면 대중이 아닌 소수를 상대로 하는 상품을 개발하려고 애를 쓰고 있고 저는 그런 아이디어를 그냥 일상생활에서 뭐 우리 주변에서 얻습니다.",
                "wordCount": 164
            },
            "emotion": [],
            "intent": [
                {
                    "text": "뭐 관련된 영상 같은 것도 많이 보고 요즘 그냥 흔히 대중문화라고 하는 것들을 많이 접함으로써   그 안에서 아이디어를 얻는 편입니다.",
                    "expression": "d_trendy",
                    "category": "technology"
                },
                {
                    "text": "뭐 때로는 티비를 보면서 아이디어 아이디어를 얻을 때도 있고   다른 무슨 여행 프로를 보면서도 아이디어를 얻습니다.",
                    "expression": "d_dgn_proc",
                    "category": "technology"
                }
            ],
            "summary": {
                "text": "요즘 사람들은 개개인의 개성이 워낙 강하다 보니 일률적인 패키지여행을 원하질 않습니다. 각자 자기의 관심 분야가 있다 보니 그것을 오롯이 하기를 원합니다. 그래서 저는 손님들이 원하는 소수를 상대로 하는 상품을 개발하려고 애쓰고 있고, 그런 아이디어를 일상 생활에서 주로 얻습니다.",
                "wordCount": 38
            }
        }
    },
    "rawDataInfo": {
        "question": {
            "fileFormat": "wav",
            "fileSize": 275918,
            "duration": 8620,
            "samplingBit": 16,
            "channelCount": 1,
            "samplingRate": "16kHz",
            "audioPath": "/Mock/06.Design/Male/Experienced/ckmk_q_ard_m_e_74086.wav"
        },
        "answer": {
            "fileFormat": "wav",
            "fileSize": 2853518,
            "duration": 89170,
            "samplingBit": 16,
            "channelCount": 1,
            "samplingRate": "16kHz",
            "audioPath": "/Mock/06.Design/Male/Experienced/ckmk_a_ard_m_e_74086.wav"
        }
    }
}