{"version":"1.0","dataSet":{"info":{"date":"20230116","occupation":"ARD","channel":"MOCK","place":"ONLINE","gender":"MALE","ageRange":"55-","experience":"EXPERIENCED"},"question":{"raw":{"text":"요즘 고령화 사회로 가면서 치매로 인한 문제가 정말 많이 대두되고 있죠 지원자님은 이런 부분에 대해 건보공단이 할 일과 개선할 방안을 생각해 보셨나요","wordCount":22},"emotion":[],"intent":[]},"answer":{"raw":{"text":"노령화가 되면서 우리 나라의 치매 문제는 상당히 심각한 상황입니다. 치매는 다른 질병과 달리 정신적인 부분에 이상이 생김으로써 정상 생활이 불가능하게 됩니다. 그래서 치매 환자는 반드시 간병인이 필요합니다. 이 간병인이 가족이 될 경우 가족은 생계 유지에 문제가 생깁니다. 우리나라의 건강 보험 공단은 치매 관련해서 여러 가지 지원을 하고 있습니다. 전 세계를 놓고 볼 때 우리나라의 치매 예방이라든지 치매 보호 시스템은 상당히 좋게 유지가 되고 있습니다. 지금보다 더 개선할 방향은 생각이 나지 않으나 앞으로 치매 환자들이 더욱 많이 늘어날 것에 대비해서 치매에 대한 자본금을 확보하는 것이 상당히 중요하다고 생각합니다.","wordCount":87},"emotion":[],"intent":[{"text":"","expression":"","category":"attitude"}],"summary":{"text":"치매는 정신적인 부분에 이상이 생김으로써 정상 생활이 불가능해지기 때문에 치매 환자는 반드시 간병인이 필요합니다. 앞으로 치매 환자들이 더욱 많이 늘어날 것에 대비해서 치매에 대한 자본금을 확보하는 것이 중요하다고 생각합니다.","wordCount":29}}},"rawDataInfo":{"question":{"fileFormat":"wav","fileSize":616398,"duration":19260,"samplingBit":16,"channelCount":1,"samplingRate":"16kHz","audioPath":"/Mock/06.Design/Male/Experienced/ckmk_q_ard_m_e_260961.wav"},"answer":{"fileFormat":"wav","fileSize":2200398,"duration":68760,"samplingBit":16,"channelCount":1,"samplingRate":"16kHz","audioPath":"/Mock/06.Design/Male/Experienced/ckmk_a_ard_m_e_260961.wav"}}}