{"version":"1.0","dataSet":{"info":{"date":"20230116","occupation":"ARD","channel":"MOCK","place":"ONLINE","gender":"MALE","ageRange":"45-54","experience":"EXPERIENCED"},"question":{"raw":{"text":"면접자님은 평소 아이디어와 영감을 어디에서 얻어오시나요","wordCount":6},"emotion":[],"intent":[]},"answer":{"raw":{"text":"영감이라는 것이 무슨 수학 문제 풀듯이 뭐 노력을 해서 딱 나오는 게 아니다 보니 저는 그냥 일상 생활에서 영감을 얻습니다. 그냥 길을 걷다가 티비를 보다가 뭐 만화책을 보다가 아니면 제가 좋아하는 취미생활인 낚시를 하다가 그냥 불현듯 우리 생활에서 떠오르는 영감이 어 영감이나 아이디어가 저는 제일 좋다라고 생각합니다. 이것은 좀 뭐라 그럴까 생활 밀착형입니다. 어떤 뭐 대단한 우선 어떤 뭐 새로운 법칙이나 이런 것을 만들어내는 게 아니고 우리 일상생활을 하면서 아 이거는 이렇게 하면 좀 더 좋지 않을까 아 이건 이렇게 하는 게 더 좋은데 이런 식으로 아주 작은 것을 고쳐 가지고 어 이것을 디자인화하고 이제 문서화하고 체계화하는 것이 저는 디자인이라고 생각을 합니다. 그렇기 때문에 저는 뭐 평소 어디에서 뭐 아이디어를 얻냐 이게 아니라 그냥 평소 생활하면서 어 친구와 수다를 떨면서 회사 일을 하면서 또 뭐 또는 누군가를 야단치면서 또 만 또는 누구한테 야단을 맞으면서 저는 영감을 얻고 아이디어를 얻습니다. 이것이 가장 생활 밀착형이고 저는 좋은 아이디어고 좋은 디자인이라고 생각합니다.","wordCount":149},"emotion":[],"intent":[{"text":"영감이라는 것이 무슨 수학 문제 풀듯이 뭐 노력을 해서 딱 나오는 게 아니다 보니 저는 그냥 일상 생활에서   영감을 얻습니다.","expression":"d_trendy","category":"technology"},{"text":"그냥 길을 걷다가 티비를 보다가 뭐 만화책을 보다가 아니면 제가 좋아하는 취미생활인 낚시를 하다가   그냥 불현듯 우리 생활에서 떠오르는 영감이 어 영감이나 아이디어가 저는 제일 좋다라고 생각합니다.","expression":"d_trendy","category":"technology"},{"text":"어떤 뭐 대단한 우선 어떤 뭐 새로운 법칙이나   이런 것을 만들어내는 게 아니고 우리 일상생활을 하면서 아 이거는 이렇게 하면 좀 더 좋지 않을까 아 이건 이렇게 하는 게 더 좋은데   이런 식으로 아주 작은 것을 고쳐 가지고 어 이것을 디자인화하고 이제 문서화하고 체계화하는 것이 저는 디자인이라고 생각을 합니다.","expression":"d_trendy","category":"technology"}],"summary":{"text":"일상 생활에서 영감을 얻습니다. 티비나 만화책, 낚시를 하다가 불현듯 생각나는 영감이나 아이디어가 제일 좋습니다. 이것은 생활 밀착형입니다. 일상생활을 하면서 작은 것을 고쳐 가지고 디자인화하고 문서화하고 체계화하는 것이 디자인이라고 생각합니다. 그래서 평소 생활하면서 영감을 얻고 아이디어를 얻으며 이것이 가장 생활 밀착형이고 좋은 아이디어고 좋은 디자인이라고 봅니다.","wordCount":45}}},"rawDataInfo":{"question":{"fileFormat":"wav","fileSize":243278,"duration":7600,"samplingBit":16,"channelCount":1,"samplingRate":"16kHz","audioPath":"/Mock/06.Design/Male/Experienced/ckmk_q_ard_m_e_75458.wav"},"answer":{"fileFormat":"wav","fileSize":2478158,"duration":77440,"samplingBit":16,"channelCount":1,"samplingRate":"16kHz","audioPath":"/Mock/06.Design/Male/Experienced/ckmk_a_ard_m_e_75458.wav"}}}