{"version":"1.0","dataSet":{"info":{"date":"20230116","occupation":"ARD","channel":"MOCK","place":"ONLINE","gender":"MALE","ageRange":"35-44","experience":"EXPERIENCED"},"question":{"raw":{"text":"직무수행 시 모르는 과제가 등장했다면 지원자는 어떻게 해결하실 겁니까 해결법과 이유를 말씀해 주세요","wordCount":13},"emotion":[],"intent":[]},"answer":{"raw":{"text":"그건 그냥 부딪칠 수밖에 없습니다. 네 수행을 하는 중간에 모른다면 모르는 상태에서 그냥 바로 알아가는 식으로 배울 수 밖에 없다고 생각합니다. 이미 그 전에 준비를 했어야 되는데 그런 상황이 안 됐으니까 뭐 이런 일이 발생이 된 걸 거고 그렇다면 경험만으로 배우는 것이 가장 확실하고 정말 한 방이기 때문에 네 그대로 바로 그냥 현장에서 익히면서 네 경험을 하면서 체득할 수 있게 하는 게 제일 베스트라고 생각을 하고요. 사실 이게 음 저의 경험으로 네 제가 이제까지 보아온 것으로는 말로 주입하고 뭐 해서 되는 게 아니라 그냥 경험이면 한 방입니다. 그게 곧바로 네 인지가 되기 때문에 최고라고 생각합니다.","wordCount":95},"emotion":[],"intent":[{"text":"","expression":"","category":"attitude"}],"summary":{"text":"수행을 하는 중간에 모르는 상태에서 그냥 바로 알아가는 식으로 배울 수 밖에 없습니다. 그렇다면 경험으로 배우는 것이 가장 확실하고 정말 한 방이기 때문에 그대로 현장에서 익히면서 경험을 하면서 체득할 수 있게 하는 것이 제일 베스트라고 생각합니다.","wordCount":36}}},"rawDataInfo":{"question":{"fileFormat":"wav","fileSize":341838,"duration":10680,"samplingBit":16,"channelCount":1,"samplingRate":"16kHz","audioPath":"/Mock/06.Design/Male/Experienced/ckmk_q_ard_m_e_99913.wav"},"answer":{"fileFormat":"wav","fileSize":2462158,"duration":76940,"samplingBit":16,"channelCount":1,"samplingRate":"16kHz","audioPath":"/Mock/06.Design/Male/Experienced/ckmk_a_ard_m_e_99913.wav"}}}