{"version":"1.0","dataSet":{"info":{"date":"20230116","occupation":"ARD","channel":"MOCK","place":"ONLINE","gender":"MALE","ageRange":"45-54","experience":"EXPERIENCED"},"question":{"raw":{"text":"지원자분의 핸드폰 기종은 아이폰입니까 본인이 생각하셨을 때 젊은 사람들이 아이폰을 선호하는 이유에 대해서 말씀해 주시기 바랍니다","wordCount":16},"emotion":[],"intent":[]},"answer":{"raw":{"text":"저는 아이폰을 선호한 이유에 대해서 이렇게 생각합니다. 아 저는 갤럭시를 쓰고 있기 때문에 아 정확한 이유를 모르겠지만 아 주변에 아이폰을 쓰는 사람들은 아이폰은 사진이 잘 나온다. 디자인이 좋다. 그리고 또 결정적인 이유 중의 하나가 아이폰은 다 쓴 후에 다시 팔아도 중고 제품으로 팔아도 굉장히 가격이 높답니다. 그래서 아이폰 새 걸 사 사서 다시 팔더라도 어느 정도의 제값을 받을 수 있다는 것이죠. 이게 가장 큰 어 매력 중의 하나라고 저는 얘기를 들었습니다. 아 또 하나는 아 유저들이 아이폰을 쓰다 보면 에 갤럭시 쓰는 게 거부감을 느낄 수가 있습니다. 왜냐하면 편의성이 좀 다르기 때문이죠. 저도 마찬가지로 갤럭시를 쓰다보면 아이폰을 쓰는데 어 불편함을 굉장히 많이 느 느끼곤 합니다. 아 젊은 사람들은 혁신적인 제품인 아이폰에 길들여져 있고 갤럭시를 쓰더라도 어 편리성 때문에 쉽게 갤럭시보다는 아이폰을 갖다가 선택하는 경향이 많은 것 같습니다.","wordCount":127},"emotion":[],"intent":[{"text":"","expression":"","category":"attitude"}],"summary":{"text":"아이폰을 선호한 이유는 사진이 잘 나오고, 디자인이 좋으며, 중고 제품으로 팔아도 가격이 높기 때문입니다. 또 하나는 유저들이 편의성 때문에 갤럭시 쓰는 게 거부감을 느낄 수 있습니다. 젊은 사람들은 혁신적인 제품인 아이폰에 길들여져 있고, 편리성 때문에 쉽게 갤럭시보다 아이폰을 선택하는 경향이 많습니다.","wordCount":41}}},"rawDataInfo":{"question":{"fileFormat":"wav","fileSize":373838,"duration":11680,"samplingBit":16,"channelCount":1,"samplingRate":"16kHz","audioPath":"/Mock/06.Design/Male/Experienced/ckmk_q_ard_m_e_80837.wav"},"answer":{"fileFormat":"wav","fileSize":2592718,"duration":81020,"samplingBit":16,"channelCount":1,"samplingRate":"16kHz","audioPath":"/Mock/06.Design/Male/Experienced/ckmk_a_ard_m_e_80837.wav"}}}