{"version":"1.0","dataSet":{"info":{"date":"20230116","occupation":"ARD","channel":"MOCK","place":"ONLINE","gender":"MALE","ageRange":"35-44","experience":"EXPERIENCED"},"question":{"raw":{"text":"최근에 가장 재미있게 하고 즐겁게 했던 일이 있는지 궁금한데요 업무적인 부분도 좋고 아니면 본인의 취미생활도 좋은데요 가장 몰입해서 재미있었던 경험이 있습니까","wordCount":21},"emotion":[],"intent":[]},"answer":{"raw":{"text":"아 제가 얼마 전에 진짜 오랜만에 스키를 타러 갔어요. 진짜 정말 오랜만이었는데 십 년도 넘었던 것 같애요. 어 엄청 오랜만에 아 스키를 타보고 싶다는 생각이 들어서 갔는데 어 너무 재미있었어 가지고 물론 뭐 다음날 다리가 아주 고생이었지만 저는 보드는 못탑니다. 보드는 제가 사고가 난 적이 있어서 보드는 무서워하고 스키는 어렸을 때부터 탔어가지고 근데 공백이 길었기 때문에 많이 걱정을 했는데 그래도 역시나 네 탔던 그 경험이 있어서 그런지 아 눈도 너무 좋지만 그 이케 스키가 미끄러지는 그 기분이 아 진짜 너무 재미있었어요. 그래서 조만간 또 좀 시간을 내서 일부러 스키를 타러가야 될 것 같습니다. 원래 집에 스키도 있었는데 너무 오래돼서 버렸었거든요. 근데 어 이런 기분이면 그냥 또 개인 스키를 하나 장만을 할 수도 있을 것 같다고 생각이 듭니다 지금.","wordCount":118},"emotion":[],"intent":[{"text":"","expression":"","category":"attitude"}],"summary":{"text":"최근 십 년 만에 스키를 타러 갔습니다. 너무 재미있어서 다음날 다리가 고생했지만, 스키는 어렸을 때부터 탄 적이 있어서 너무 재미있었습니다. 집에 스키도 있었는데 너무 오래돼서 버렸었는데, 이런 기분이면 스키를 하나 장만 할 수도 있을 것 같습니다.","wordCount":36}}},"rawDataInfo":{"question":{"fileFormat":"wav","fileSize":508238,"duration":15880,"samplingBit":16,"channelCount":1,"samplingRate":"16kHz","audioPath":"/Mock/06.Design/Male/Experienced/ckmk_q_ard_m_e_111591.wav"},"answer":{"fileFormat":"wav","fileSize":2755918,"duration":86120,"samplingBit":16,"channelCount":1,"samplingRate":"16kHz","audioPath":"/Mock/06.Design/Male/Experienced/ckmk_a_ard_m_e_111591.wav"}}}