{"version":"1.0","dataSet":{"info":{"date":"20230116","occupation":"ARD","channel":"MOCK","place":"ONLINE","gender":"MALE","ageRange":"-34","experience":"EXPERIENCED"},"question":{"raw":{"text":"함께 일하는 팀 동료 가운데 열심히는 하지만 본인이 원하는 만큼 따라오지 못하는 팀 동료가 있을 수도 있습니다 지원자님께서는 이럴 경우 어떻게 하시겠습니까","wordCount":22},"emotion":[],"intent":[]},"answer":{"raw":{"text":"어려움을 겪고 있는 그 동료들과 함께 걸어 나가겠습니다. 걸어 나간다는 것은 실제로 걷는 것도 포함되는 것이고 끼 뛰지 않겠다는 것입니다. 무작정 뛰어가다 보면 다칠 수도 있고 부상의 염려도 있고 호흡이 가빠져 가지고 문제의 본질을 정확히 해결하지 못하고 있는지도 모릅니다. 그렇기 때문에 차분하게 걸어 나가다 보면 방향만 정확하다면 그 문제는 그 동료들과 함께 무조건 해결할 수 있다고 확신을 합니다. 혼자 걷는 게 아니라 같이 걷는 이유는 같이 걸을 때 비로소 너와 나의 협력이 같은 방향으로 걷고 있다는 그런 확신을 서로에게 심어줄 수 있기 때문입니다. 그렇지 않고 우리가 그런 확인하는 과정 없이 너는 이쪽 방향 나는 저쪽 방향 다른 방향으로 걷고 있다면 우리는 한 방향으로 나아갈 수가 없습니다. 그렇지만 우리가 같은 방향으로 걷고 있다는 것이 확신이 되어지면 상대방과 내 마음의 동료들 마음 사이에 협동심이 생기게 되어 어려움을 같이 극복할 수 있다고 생각합니다.","wordCount":130},"emotion":[],"intent":[{"text":"","expression":"","category":"attitude"}],"summary":{"text":"혼자 걷는 게 아니라 같이 걷는 이유는 같이 걸을 때 비로소 협력이 같은 방향으로 가고 있다는 확신을 서로에게 심어줄 수 있기 때문입니다. 같은 방향으로 걷고 있다는 것이 확신이 되어지면 상대방과 동료들 마음 사이에 협동심이 생겨서 어려움을 같이 극복할 수 있다고 생각합니다.","wordCount":41}}},"rawDataInfo":{"question":{"fileFormat":"wav","fileSize":508878,"duration":15900,"samplingBit":16,"channelCount":1,"samplingRate":"16kHz","audioPath":"/Mock/06.Design/Male/Experienced/ckmk_q_ard_m_e_200242.wav"},"answer":{"fileFormat":"wav","fileSize":2906318,"duration":90820,"samplingBit":16,"channelCount":1,"samplingRate":"16kHz","audioPath":"/Mock/06.Design/Male/Experienced/ckmk_a_ard_m_e_200242.wav"}}}