{"version":"1.0","dataSet":{"info":{"date":"20230116","occupation":"ARD","channel":"MOCK","place":"ONLINE","gender":"MALE","ageRange":"-34","experience":"EXPERIENCED"},"question":{"raw":{"text":"현대인의 하루 평균 세 번 거짓말을 한다고 하는데 선의의 거짓말이든 의도를 가진 거짓말이든 본인이 해 본 가장 기억에 남는 거짓말이 있을까요","wordCount":21},"emotion":[],"intent":[]},"answer":{"raw":{"text":"저는 저와 가장 가까웠던 친구를 몇 년 동안 어 속인 일이 있었습니다. 그렇게 길게 거짓말을 해서 어떤 그 친구에게 들키지 말아야 할 비밀을 감추기 위해서 거짓말에 거짓말을 낳았던 수년 동안 그렇게 거짓말을 할 수밖에 없었던 그런 경험이 있었습니다. 그런데 그렇게 경 그렇게 거짓말을 하는 그 기간 중에 저는 계속 죄책감에 빠져있었었고 그 죄책감 때문에 저에게 긍정적인 효과를 효과를 불러왔던 것은 다시는 거짓말을 하지 말아야겠다 다신 다시는 나의 어떤 과오 나의 잘못을 감추기 위해 거짓말을 하는 일은 절대 없어야겠다 라는 그런 결심을 하게 된 그런 몇 년 동안의 과정이었습니다. 결국에는 그 친구에게 사과는 사과는 못 했습니다. 사과는 못 했고 그 친구는 아직도 제가 거짓말을 하고 있는 줄은 제가 거짓말을 했다 는 것은 모르고 있을 거예요 .하지만 제가 그 짐은 평생 안고 살아가고 있습니다.","wordCount":122},"emotion":[],"intent":[{"text":"","expression":"","category":"attitude"}],"summary":{"text":"저는 가장 가까웠던 친구를 몇 년 동안 속인 일이 있었습니다. 그 친구에게 들키지 말아야 할 비밀을 감추기 위해서 거짓말에 거짓말을 낳았던 수년 동안 그렇게 거짓말을 할 수밖에 없었던 경험이 있습니다. 결국 그 친구에게 사과는 못 했고 그 친구는 아직도 제가 거짓말을 했다는 것은 모르고 있을 거예요.","wordCount":46}}},"rawDataInfo":{"question":{"fileFormat":"wav","fileSize":613198,"duration":19160,"samplingBit":16,"channelCount":1,"samplingRate":"16kHz","audioPath":"/Mock/06.Design/Male/Experienced/ckmk_q_ard_m_e_200234.wav"},"answer":{"fileFormat":"wav","fileSize":2907598,"duration":90860,"samplingBit":16,"channelCount":1,"samplingRate":"16kHz","audioPath":"/Mock/06.Design/Male/Experienced/ckmk_a_ard_m_e_200234.wav"}}}