{"version":"1.0","dataSet":{"info":{"date":"20230116","occupation":"ARD","channel":"MOCK","place":"ONLINE","gender":"MALE","ageRange":"35-44","experience":"EXPERIENCED"},"question":{"raw":{"text":"남을 잘 이끄는 리더형과 남을 잘 따르는 팔로어형이 있는데 본인은 어떤 유형인지 그 이유가 무엇이라고 생각하세요","wordCount":16},"emotion":[],"intent":[]},"answer":{"raw":{"text":"네 리더형과 팔로워형에 대해서 말씀드리겠습니다. 어 저는 확실히 팔로워형인 것 같습니다. 일단 결론을 먼저 짚고 말씀드리는데 어 리더형 같은 경우에는 자기가 본인이 이제 다 이끌어 가면서 자기가 원하는 방향을 조금 많이 강요로 하는 하면서 책임을 지는 게 리더형인 것 같고 예 팔로워형은 어느 누군가의 의견에 대해서 어 적극적으로 수용하면서 최대한 서포트를 해주면서 어 모든 업무 수행의 목표를 이뤄가는 그런 스타일인 것 같습니다. 그렇게 봤을 때 저는 뭔가에 이렇게 확실히 결정 지어진 거에 대해서 이렇게 서포터를 하거나 보완하거나 뭐 이런 능력이 더 강한 것 같은 제 본인을 판단을 해 봤습니다. 그러다 보니까 어 누군가 리더를 좀 보좌 하면서 어 팔로워해 주면서 또 부족한 점이 무엇이고 빠트린 게 무엇이고 또 이런 걸 채워 넣으면 더 완벽해질 것 같다 이런 걸 좀 체크하는 게 조금 빨랐던 것 같습니다. 그래서 현재까지는 리더형보다는 팔로워형에 좀 가까운 업무 스타일을 갖고 있다고 보면 되겠습니다. 네 이상입니다.","wordCount":139},"emotion":[],"intent":[{"text":"","expression":"","category":"attitude"}],"summary":{"text":"저는 리더형 보다 팔로워형에 가까운 업무 스타일을 갖고 있습니다. 리더형 같은 경우에는 본인이 다 이끌어 가면서 원하는 방향을 조금 더 강요로 하면서 책임을 지는 스타일인 것 같습니다. 저는 서포터를 하거나 보완하거나 이런 능력이 더 강한 것 같은 판단을 해 봤습니다. 그래서 현재까지는  팔로워형에 가까운 업무 스타일이라고 볼 수 있겠습니다.","wordCount":49}}},"rawDataInfo":{"question":{"fileFormat":"wav","fileSize":389838,"duration":12180,"samplingBit":16,"channelCount":1,"samplingRate":"16kHz","audioPath":"/Mock/06.Design/Male/Experienced/ckmk_q_ard_m_e_107094.wav"},"answer":{"fileFormat":"wav","fileSize":2713358,"duration":84790,"samplingBit":16,"channelCount":1,"samplingRate":"16kHz","audioPath":"/Mock/06.Design/Male/Experienced/ckmk_a_ard_m_e_107094.wav"}}}