{"version":"1.0","dataSet":{"info":{"date":"20230116","occupation":"ARD","channel":"MOCK","place":"ONLINE","gender":"MALE","ageRange":"35-44","experience":"EXPERIENCED"},"question":{"raw":{"text":"이 직무에 지원한 이유가 무엇인지 말씀해 주시기 바랍니다 본인이 왜 적합한 인재인지도 설명해 주시기 바랍니다","wordCount":15},"emotion":[],"intent":[]},"answer":{"raw":{"text":"이유는 저는 여전히 기자이고 그리고 취재를 하고 싶고 그리고 제가 취재한 기사를 네 내보내 줄 회사가 필요하고 언론사가 필요하고 그래서 지원을 하게 되었고요. 이제 뭐 워낙에 음 그러니까 플랫폼은 많잖아요. 어떠한 정보를 알릴 수 있는 플랫폼 그 플랫폼 자체는 많지만 그래도 공신력 있는 플랫폼이 사람들에게 가장 빠르고 쉽게 다가갈 수 있으니까 무시 못하죠. 저부터도 그러는데요. 뭐 그래서 그거를 토대로 봤을 때 이 회사가 저에게 지금 가장 적합한 회사라고 생각을 해서 지원을 하게 되었고요. 저는 뭐 길다고 하기도 애매하고 짧다고 하기도 애매한 그냥 그냥 그런 그저 그런 정도의 경력을 지금 가지고 있는데 그럼에도 불구하고 어떤 신입 때의 그런 패기는 여전한 편이라고 자부해서요. 그래서 저는 이 정도 규모의 회사에서 적합한 인재라고 생각을 합니다 제가.","wordCount":112},"emotion":[],"intent":[{"text":"이유는 저는 여전히 기자이고 그리고 취재를 하고 싶고   그리고 제가 취재한 기사를 네 내보내 줄   회사가 필요하고 언론사가 필요하고 그래서 지원을 하게 되었고요.","expression":"c_sincere_job","category":"etc"}],"summary":{"text":"저는 여전히 기자이고 취재 기사를 내보내 줄 회사와 언론사가 필요하기 때문에 지원을 하게 되었습니다. 공신력 있는 플랫폼이 사람들에게 빠르고 쉽게 다가갈 수 있기 때문에 저는 이 정도 규모의 회사에서 적합한 인재라고 생각합니다.","wordCount":32}}},"rawDataInfo":{"question":{"fileFormat":"wav","fileSize":389838,"duration":12180,"samplingBit":16,"channelCount":1,"samplingRate":"16kHz","audioPath":"/Mock/06.Design/Male/Experienced/ckmk_q_ard_m_e_160139.wav"},"answer":{"fileFormat":"wav","fileSize":2789198,"duration":87160,"samplingBit":16,"channelCount":1,"samplingRate":"16kHz","audioPath":"/Mock/06.Design/Male/Experienced/ckmk_a_ard_m_e_160139.wav"}}}