{"version":"1.0","dataSet":{"info":{"date":"20230116","occupation":"ARD","channel":"MOCK","place":"ONLINE","gender":"MALE","ageRange":"35-44","experience":"EXPERIENCED"},"question":{"raw":{"text":"국내 출장과 해외 출장이 좀 있는데 그중에 중국 출장이 조금 있는데 출장을 가는데 괜찮겠습니까","wordCount":14},"emotion":[],"intent":[]},"answer":{"raw":{"text":"어 중국 출장에 대해서 말씀드리겠습니다. 어 저에게 뭐 중국 출장의 기회가 있다면 저는 오히려 감사할 것 같습니다. 어 아직 중국을 가보지 않았고 그런 중국 출장이 있으면 일단 뭐 불편한 점은 있겠지만 그런 불편한 점은 어 군생활을 하면서 많은 겪었던 그런 경험이 있기 때문에 금방 뭐 생활 면에서는 금방 적응할 것 같고 그 중국이라는 나라에서 갖고 있는 뭐 법률이라든지 이런 것들이 지금 우리나라하고는 많이 틀릴 겁니다. 또 그런 법률부터 해서 뭐 오 월 상황 뭐 긴박한 상황이 생길 건데 그런 상황을 조치해 나가면서 또 많이 배울 수 있는 기회가 될 것입니다. 그래서 우리나라에만 있으면 솔직히 지금 일 회사에서 뭐 안정적으로 생각할 수 있겠지만 그러면 비전이 없고 미래가 없다고 생각하기 때문에 저는 이런 뭐 해외 출장 같은 경우에는 굉장히 긍정적으로 생각하고 있기 때문에 만약에 그런 상황이 온다면은 주변에서 꺼려 한다면 제가 먼저 손을 들고 어 갈려고 출장에 대해서 긍정적으로 생각할 것 같습니다. 그래서 그런 부분은 한 번도 뭐 어려움이라고 생각해 본 적이 없던 것 같습니다. 네 이상입니다.","wordCount":155},"emotion":[],"intent":[{"text":"","expression":"","category":"attitude"}],"summary":{"text":"우리나라에만 있으면 회사에서는 안정적으로 생각할 수 있지만, 비전이 없고 미래가 없다고 생각하기 때문에 저는 해외 출장 같은 경우에는 굉장히 긍정적으로 생각하고 있기 때문에 그런 상황이 온다면 제가 먼저 손을 들고 어 갈려고 출장에 대해서 긍정적으로 생각할 것 같습니다.","wordCount":38}}},"rawDataInfo":{"question":{"fileFormat":"wav","fileSize":375758,"duration":11740,"samplingBit":16,"channelCount":1,"samplingRate":"16kHz","audioPath":"/Mock/06.Design/Male/Experienced/ckmk_q_ard_m_e_91640.wav"},"answer":{"fileFormat":"wav","fileSize":2731598,"duration":85360,"samplingBit":16,"channelCount":1,"samplingRate":"16kHz","audioPath":"/Mock/06.Design/Male/Experienced/ckmk_a_ard_m_e_91640.wav"}}}