{"version":"1.0","dataSet":{"info":{"date":"20230116","occupation":"ARD","channel":"MOCK","place":"ONLINE","gender":"MALE","ageRange":"35-44","experience":"EXPERIENCED"},"question":{"raw":{"text":"지원자님은 태어나서 지금까지 했던 일들 가운데 가장 후회스러웠던 일들이 있는지 한 가지만 골라서 설명해 주시면 감사하겠습니다","wordCount":16},"emotion":[],"intent":[]},"answer":{"raw":{"text":"지금까지 제가 태어나서 가장 후회했던 일은 한번 생각해 보았습니다. 어 후회했던 일은 아니고 좀 아쉬운 일인데 어 제가 남들보다 군 생활을 좀 오래 했습니다. 어 간부 부사관으로 지원해서 군 생활을 육 년 정도 했는데 그 시간이 뭐 후회되거나 내 인생이 있어서 아 좀 다시 돌이킨다면 그러지 않을 것 같다 이런 건 아닙니다. 어 후회 되기까지는 아닌데 아쉬운 거는 그 육 년이라는 시간에 많은 걸 배우고 많은 걸 경험하고 많은 걸 느껴봤지만 어 지금에 와서 생각해 보니까 그때 군 생활을 했던 시간을 사회에 나와서 조금 더 빨리 어 업무를 했었더라면은 어 지금보다 더 발전된 삶과 더욱더 내가 하고자 하는 일에 대해서 많은 큰 시간이지 않았을까 라는 거를 생각해 보면서 그 시간이 군 생활했던 시간이 뭐 후회는 아니고 조금은 아쉬운 부분이지 않을까 싶습니다. 근데 그때 군 생활하면서 근데 해왔던 일들을 통해서 지금까지도 인생을 살아가면서 많은 원동력이 있었기 때문에 그 부분은 되게 좋았던 것 같습니다. 이상입니다.","wordCount":143},"emotion":[],"intent":[{"text":"어 후회했던 일은 아니고 좀 아쉬운 일인데 어 제가 남들보다 군 생활을 좀 오래 했습니다.","expression":"c_private","category":"background"}],"summary":{"text":"저는 간부 부사관으로 지원해서 군 생활을 육 년 정도 했습니다. 그 시간이 후회 되지는 않았지만 조금 더 빨리 업무를 했었다면 지금보다 더 발전된 삶과 제가 하고자 하는 일에 대해 큰 시간이었을 것 같습니다. 해왔던 일들을 통해서 지금까지도 인생을 살아가면서 많은 원동력이 있었기 때문에 그 부분은 되게 좋았습니다.","wordCount":47}}},"rawDataInfo":{"question":{"fileFormat":"wav","fileSize":418638,"duration":13080,"samplingBit":16,"channelCount":1,"samplingRate":"16kHz","audioPath":"/Mock/06.Design/Male/Experienced/ckmk_q_ard_m_e_145839.wav"},"answer":{"fileFormat":"wav","fileSize":2706638,"duration":84580,"samplingBit":16,"channelCount":1,"samplingRate":"16kHz","audioPath":"/Mock/06.Design/Male/Experienced/ckmk_a_ard_m_e_145839.wav"}}}