{"version":"1.0","dataSet":{"info":{"date":"20230116","occupation":"ARD","channel":"MOCK","place":"ONLINE","gender":"MALE","ageRange":"45-54","experience":"EXPERIENCED"},"question":{"raw":{"text":"어 본인의 대표적인 프로젝트나 작품에 관하여 설명해 주실 수 있나요","wordCount":10},"emotion":[],"intent":[]},"answer":{"raw":{"text":"어 저만의 대표 프로젝트 대표 작품이라고 하면 저는 주문 여행이라는 그 타이틀을 띤 여행 형태 상품을 만든 것이라고 생각합니다. 어 지금은 뭐 이 주문 여행이라는 게 뭐 다른 표현으로 해서 여러 여행사에서 사용도 하고 쓰이고도 있지만 어 불과 한 십 오 년 이십 년 전에는 주문 여행이라는 말 자체가 되게 어색하고 있지도 않은 그런 말이었습니다. 어 저는 자부하건대 당시에 일괄된 그 패키지 틀에서 벗어나 그 본인이 원하는 거 본인이 어 원하지만 개인의 힘으로써는 좀 하기 어려운 그런 것들을 주문을 받아서 손님의 요청 사항을 받아서 손님이 조금 더 쉽게 조금 더 편리하게 그것을 이용할 수 있도록 기획을 하고 준비를 해서 손님에게 이 프로그램을 제공하는 것이었습니다. 어 당시 요즘도 점점 그런 추세가 너무 높아지고 있지만 패키지를 가는 그런 일반 여행에서 내가 가고 싶은 거 내가 보고 싶은 거 내가 먹고 싶은 것을 먹는 그런 여행이 없었습니다. 하지만 저는 당시 주문 여행이라는 타이틀로 손님들이 원하는 여행을 주문 받고 그것을 기획해서 판매하는 어 작품을 만들어냈습니다.","wordCount":151},"emotion":[],"intent":[{"text":"어 저만의 대표 프로젝트 대표 작품이라고 하면   저는 주문 여행이라는 그 타이틀을 띤 여행 형태   상품을 만든 것이라고 생각합니다.","expression":"d_brand_pref","category":"technology"},{"text":"하지만 저는 당시 주문 여행이라는 타이틀로     손님들이 원하는 여행을 주문 받고 그것을 기획해서 판매하는 어   작품을 만들어냈습니다.","expression":"d_brand_pref","category":"technology"}],"summary":{"text":"주문 여행이라는 타이틀로 손님들이 원하는 여행을 주문 받고 그것을 기획해서 판매하는 작품을 만들었습니다. 패키지 틀에서 벗어나 개인이 하기 어려운 것을 주문 받아서 손님의 요청 사항을 받아서 손님들이 조금 더 쉽게 그것을 이용할 수 있도록 기획을 하고 준비를 해서 손님에게 프로그램을 제공하였습니다.","wordCount":41}}},"rawDataInfo":{"question":{"fileFormat":"wav","fileSize":239438,"duration":7480,"samplingBit":16,"channelCount":1,"samplingRate":"16kHz","audioPath":"/Mock/06.Design/Male/Experienced/ckmk_q_ard_m_e_73697.wav"},"answer":{"fileFormat":"wav","fileSize":2857678,"duration":89300,"samplingBit":16,"channelCount":1,"samplingRate":"16kHz","audioPath":"/Mock/06.Design/Male/Experienced/ckmk_a_ard_m_e_73697.wav"}}}