{"version":"1.0","dataSet":{"info":{"date":"20230116","occupation":"ARD","channel":"MOCK","place":"ONLINE","gender":"MALE","ageRange":"45-54","experience":"EXPERIENCED"},"question":{"raw":{"text":"혹시 존경하는 어 디자이너가 있다면 어 그 존경하는 디자이너와 제품에 대해서 한번 상세하게 설명을 해 주시기 바랍니다","wordCount":17},"emotion":[],"intent":[]},"answer":{"raw":{"text":"저는 미국의 디자이너인 그래픽 디자이너인 폴랜드를 존경합니다. 어 폴랜드는 단순히 그래픽 디자이너가 아니라 어 저는 거의 예술가라고 생각을 합니다. 그는 연금술사처럼 추상적인 형태를 우리에게 영감을 주는 현상으로 변형시켰습니다. 그러니깐 무엇인가 막연한 그림을 던져 놓고 그것으로 연상을 해서 어떤 제품이라든지 어 우리가 떠올리는 이미지를 만들어 냈다는 뜻입니다. 어 폴랜드는 어 디자인을 정말 예술로 승격시켰을 뿐만 아니라 자신 그 그래픽 디자인을 이용해서 어린이들을 위한 동화책을 어 제작을 했습니다. 이 동화책은 지금도 뭐 전세계 어린이들에게 그 모범이 되고 동화 어린이들 동화책을 만드는 이들에게는 거의 교본과 같은 작품이 된다 라고 생각을 합니다. 어 단순화된 그림으로 해서 그 그림을 이미지화 해 이미지화 하는 데 만큼은 폴랜드만 한 어 디자이너가 저는 없다라고 생각하고 앞으로도 그런 폴랜드 같은 디자이너는 어 나타나기 힘들 거라고 저는 개인적으로 생각합니다.","wordCount":119},"emotion":[{"text":"저는 미국의 디자이너인 그래픽 디자이너인 폴랜드를 존경합니다.","expression":"p-affection","category":"positive"},{"text":"어 폴랜드는   어 디자인을 정말 예술로 승격시켰을 뿐만 아니라 자신 그   그래픽 디자인을 이용해서 어린이들을 위한 동화책을 어 제작을 했습니다.","expression":"u-fact","category":"neutral"}],"intent":[{"text":"","expression":"","category":"attitude"}],"summary":{"text":"폴랜드는 그래픽 디자이너가 아니라 추상적인 형태를 우리에게 영감을 주는 현상으로 변형시킨 예술가입니다. 그는 디자인을 예술로 승격시킬 뿐만 아니라 그래픽 디자인을 이용해서 어린이들을 위한 동화책을 제작했습니다. 그림을 이미지화 하는 데 만큼은 폴랜드만한 디자이너가 없다고 생각합니다.","wordCount":34}}},"rawDataInfo":{"question":{"fileFormat":"wav","fileSize":435918,"duration":13620,"samplingBit":16,"channelCount":1,"samplingRate":"16kHz","audioPath":"/Mock/06.Design/Male/Experienced/ckmk_q_ard_m_e_75158.wav"},"answer":{"fileFormat":"wav","fileSize":2456398,"duration":76760,"samplingBit":16,"channelCount":1,"samplingRate":"16kHz","audioPath":"/Mock/06.Design/Male/Experienced/ckmk_a_ard_m_e_75158.wav"}}}