{"version":"1.0","dataSet":{"info":{"date":"20230116","occupation":"ARD","channel":"MOCK","place":"ONLINE","gender":"MALE","ageRange":"35-44","experience":"EXPERIENCED"},"question":{"raw":{"text":"지원자님만의 스트레스 해소 방법이 좀 궁금합니다 또 왜 그 방법으로 특히 그 스트레스를 해소하시는지 그 이야기도 같이 말씀해 주시면 좋을 것 같습니다 스트레스 해소에 대한 자신만의 방법입니다","wordCount":27},"emotion":[],"intent":[]},"answer":{"raw":{"text":"저는 제가 원래 영화 보는 걸 굉장히 좋아했어서요. 어렸을 때부터 그래서 저는 제가 고등학생 때 고등학교 때부터는 이제 그 충무로 역에 가보시면은 충무로 역 그 역사 안에 이제 재미동이라고 그 영화를 볼 수 있는 곳이 있어요. 영화 자료들도 이제 거기 모여 모아져 있고 그리고 그 고전 영화들부터 해서 조금 그 그냥 그 이름 이름이나 이런 거 자기 그 신원만 이렇게 조금 적어 적어 놓고서 원하는 영화를 거기서 찾은 다음에 이제 거기 볼 수 있는 것도 다 마련이 돼 있어 가지고 디비디 주시면은 가서 틀고 그냥 헤드폰 끼고 보는 그런 곳이 있는데 저는 지금도 네 시간 나면 보고 싶은 영화가 거기 있는 걸 찾으면 제가 가서 보곤 해요. 제 자주은 못 가는데 제가 그래도 되게 좋아하는 취미이고 네 저의 어떤 힐링 시간이에요 그게. 그냥 좋아요 제가 좋아하는 영화를 볼 수 있는 그 시간이. 집중할 수 있는 시간이.","wordCount":136},"emotion":[],"intent":[{"text":"영화 자료들도 이제 거기 모여 모아져 있고 그리고   그 고전 영화들부터 해서 조금 그 그냥 그 이름 이름이나 이런 거 자기 그 신원만 이렇게 조금 적어 적어 놓고서   원하는 영화를 거기서 찾은 다음에 이제 거기 볼 수 있는 것도 다 마련이 돼 있어 가지고   디비디 주시면은 가서 틀고 그냥 헤드폰 끼고 보는 그런 곳이 있는데 저는   지금도 네 시간 나면 보고 싶은 영화가 거기 있는 걸 찾으면 제가 가서 보곤 해요.","expression":"d_sens","category":"attitude"}],"summary":{"text":"충무로 역에 가시면 영화 자료들도 있고, 고전 영화부터 해서 이름, 신원만 적어 놓고서 원하는 영화를 찾아 디비디를 틀고 헤드폰 끼고 보는 곳이 있습니다. 제가 되게 좋아하는 취미이고 힐링입니다.","wordCount":28}}},"rawDataInfo":{"question":{"fileFormat":"wav","fileSize":626638,"duration":19580,"samplingBit":16,"channelCount":1,"samplingRate":"16kHz","audioPath":"/Mock/06.Design/Male/Experienced/ckmk_q_ard_m_e_177499.wav"},"answer":{"fileFormat":"wav","fileSize":2871118,"duration":89720,"samplingBit":16,"channelCount":1,"samplingRate":"16kHz","audioPath":"/Mock/06.Design/Male/Experienced/ckmk_a_ard_m_e_177499.wav"}}}