{"version":"1.0","dataSet":{"info":{"date":"20230116","occupation":"ARD","channel":"MOCK","place":"ONLINE","gender":"MALE","ageRange":"55-","experience":"EXPERIENCED"},"question":{"raw":{"text":"디자인 업무에 프로세스에 관해서 설명을 해주시고 지원자님께서는 어떻게 이를 활용을 해서 일을 하실 생각인지 어 함께 말씀해 주세요","wordCount":18},"emotion":[],"intent":[]},"answer":{"raw":{"text":"이미지의 레퍼런스를 확보하는 일이 제일 중요하다고 생각을 합니다. 디자인은 순수 그림과 구별되는 것이 뭐냐면 디자인은 누군가에게 물건을 팔기 위한 설계로서 그림을 그리는 것입니다. 그렇기 때문에 사람들이 봤을 때 직관적으로 빨리빨리 보기 좋은 이미지가 상품을 파는 데 유리할 수 있습니다. 그렇기 때문에 없는 것에서 무언가 그림을 그림을 만들어내는 그런 순수 그림과 달리 디자인은 레퍼러스를 많이 확보하고 있어야 합니다. 그 자료에서 필요한 것들을 빨리빨리 따내서 그것들을 새롭게 배치시키는 그것이 디자인의 핵심이라고 생각을 하기 때문에 디자인 업무에 가장 중요한 것은 레퍼런스라고 생각을 해서 레퍼런스를 많이 확보하는 일에 저의 어떤 일의 비중을 배치시켜야 된다고 생각을 합니다.","wordCount":92},"emotion":[],"intent":[{"text":"이미지의 레퍼런스를 확보하는 일이 제일 중요하다고 생각을 합니다.","expression":"d_dgn_proc","category":"technology"},{"text":"그렇기 때문에 없는 것에서 무언가 그림을 그림을 만들어내는 그런 순수 그림과 달리 디자인은 레퍼러스를 많이 확보하고 있어야 합니다.","expression":"d_dgn_proc","category":"technology"}],"summary":{"text":"순수 그림과 달리 디자인은 직관적으로 보기 좋은 이미지를 많이 확보하고 있어야 합니다. 그 자료에서 필요한 것들을 빨리 따져서 새로 배치시키는 것이 디자인의 핵심이라고 생각을 해서 레퍼런스를 많이 확보하는 일에 비중을 배치시켜야 한다고 생각합니다.","wordCount":33}}},"rawDataInfo":{"question":{"fileFormat":"wav","fileSize":596238,"duration":18630,"samplingBit":16,"channelCount":1,"samplingRate":"16kHz","audioPath":"/Mock/06.Design/Male/Experienced/ckmk_q_ard_m_e_206142.wav"},"answer":{"fileFormat":"wav","fileSize":2385358,"duration":74540,"samplingBit":16,"channelCount":1,"samplingRate":"16kHz","audioPath":"/Mock/06.Design/Male/Experienced/ckmk_a_ard_m_e_206142.wav"}}}