{"version":"1.0","dataSet":{"info":{"date":"20230116","occupation":"ARD","channel":"MOCK","place":"ONLINE","gender":"MALE","ageRange":"55-","experience":"EXPERIENCED"},"question":{"raw":{"text":"다양한 디자인 레퍼런스를 찾게 되지요 본인께서는 디자인 레퍼런스를 어디서 어떻게 어떤 방법으로 찾는 편이신가요","wordCount":14},"emotion":[],"intent":[]},"answer":{"raw":{"text":"저는 디자인의 레퍼런스를 인터넷으로 검색을 하지는 않아요. 왜냐하면 인터넷에서 검색할 수 있는 자료는 누구도 거기서 가져갈 수 있다는 것이기 때문에 개성을 찾을 수가 없어요. 어딘가에서 어딘가에서는 내 이미지를 분명히 다른 데서도 사용할 수 있다는 그런 것이죠. 그래서 어느 일정 시간이 지나고 나서부터는 저는 저의 레퍼런스를 집에 있는 그림책들을 통해서 많이 얻는 것 같습니다. 집에 있는 그림책들은 저만 가지고 있는 것이기 때문에 이것을 인터넷으로 옮기지 않는 한 이것은 완전하게 저의 어떤 개인적인 보물 창고라고 생각을 해요. 물론 이 책을 다른 사람들도 갖고 있다면 뭐 할 말은 없지만 저는 이 책을 구하기 위해서 전 세계 방방곡곡을 돌아다니면서 이상한 그림책들은 제가 다 사서 모았었거든요. 그렇기 때문에 저에게 있는 집에 있는 그 그림책들은 저에게 어떤 디자인적으로서 굉장히 많은 레퍼란스들을 제공해 주고 있습니다.","wordCount":118},"emotion":[],"intent":[{"text":"","expression":"","category":"attitude"}],"summary":{"text":"디자인 레퍼런스를 인터넷으로 검색하지 않는 이유는 어디에나 내 이미지를 다른 데서 사용할 수 있기 때문에 개성을 찾을 수 없기 때문입니다. 그래서 어느 일정 시간이 지나고 나부터는 저의 레퍼러스를 집에 있는 그림책들을 통해서 많이 얻습니다. 그 그림책들은 제가 디자인적으로서 굉장히 많은 레퍼란스들을 제공해 주고 있습니다.","wordCount":44}}},"rawDataInfo":{"question":{"fileFormat":"wav","fileSize":410318,"duration":12820,"samplingBit":16,"channelCount":1,"samplingRate":"16kHz","audioPath":"/Mock/06.Design/Male/Experienced/ckmk_q_ard_m_e_206134.wav"},"answer":{"fileFormat":"wav","fileSize":2611918,"duration":81620,"samplingBit":16,"channelCount":1,"samplingRate":"16kHz","audioPath":"/Mock/06.Design/Male/Experienced/ckmk_a_ard_m_e_206134.wav"}}}