{"version":"1.0","dataSet":{"info":{"date":"20230116","occupation":"ARD","channel":"MOCK","place":"ONLINE","gender":"MALE","ageRange":"55-","experience":"EXPERIENCED"},"question":{"raw":{"text":"지원자분께서는 이와 같은 직무에 실제로 지원하시게 된 이유가 무엇인지 궁금합니다 그리고 이 직무를 수행함에 있어서 본인이 왜 적합한 인재라고 생각하시는지에 대해서도 설명해 주시면 좋겠습니다","wordCount":24},"emotion":[],"intent":[]},"answer":{"raw":{"text":"제가 직업 직업 검사를 했을 때 그 직업 검사에서 제가 이 직무에 가장 적합하다고 판단되는 결과를 제가 받았었습니다. 그래서 직업 직업 검사 결과는 엄청나게 전문적인 검사니까 거기에서 적합하다 라고 판단했던 거는 내가 다른 생각을 하지 않아도 내가 그 직무에 적합하다 라는 확신을 생길 수 있게 해주어서 제가 그래서 이 직무에 지원을 했었습니다. 그래서 저는 이 직무에 적합하기 때문에 저를 채용하신다면 아주 적합한 결과를 얻으실 수 있을 거라고 확신하니 저를 꼭 이 직무에 뽑아 주시기를 바랍니다.","wordCount":75},"emotion":[],"intent":[{"text":"","expression":"","category":"attitude"}],"summary":{"text":" 전문적인 직업 검사를 받은 후 제가 이 직무에 적합하다 라는 확신을 가질 수 있게 해주어서 제가 이 직무를 지원했습니다. 그래서 적합해서 채용한다면 아주 적합한 결과를 얻을 수 있을 것이라 확신하니 꼭 여기 지원해 주시기 바랍니다.","wordCount":35}}},"rawDataInfo":{"question":{"fileFormat":"wav","fileSize":598798,"duration":18710,"samplingBit":16,"channelCount":1,"samplingRate":"16kHz","audioPath":"/Mock/06.Design/Male/Experienced/ckmk_q_ard_m_e_206139.wav"},"answer":{"fileFormat":"wav","fileSize":1894798,"duration":59210,"samplingBit":16,"channelCount":1,"samplingRate":"16kHz","audioPath":"/Mock/06.Design/Male/Experienced/ckmk_a_ard_m_e_206139.wav"}}}