{"version":"1.0","dataSet":{"info":{"date":"20230116","occupation":"ARD","channel":"MOCK","place":"ONLINE","gender":"MALE","ageRange":"55-","experience":"EXPERIENCED"},"question":{"raw":{"text":"지원자님의 성격상 장점과 단점에 대해서 각각 말씀해 주세요 가능하다면 구체적인 예시를 들어서 답변해 주시면 좋습니다","wordCount":15},"emotion":[],"intent":[]},"answer":{"raw":{"text":"장점 먼저 말하겠습니다. 장점은 남을 이해하고 남의 감정을 잘 느끼는 감수성이라고 얘기할 수 있습니다. 천성적으로 민감한 성격을 타고 나서 남이 겪거나 남이 처한 상황을 동감할 수 있는 능력이 일반적인 사람보다 더 크다고 말할 수 있습니다. 단점에 대해서 말씀드리겠습니다. 감수성이 뛰어난 반면 그런 부분이 또한 감정에 변화를 많이 줍니다. 그래서 이성적이지 못하고 감정의 높낮이가 심한 편입니다. 이런 부분은 살면서 여러 방면에서 부정적으로 다가올 수 있고 남한테 원치 않은 상처를 줄 수도 있습니다. 그래서 이런 단점은 고칠려고 노력을 하고 있습니다.","wordCount":78},"emotion":[],"intent":[{"text":"장점은 남을 이해하고 남의 감정을 잘 느끼는 감수성이라고 얘기할 수 있습니다.","expression":"c_person","category":"background"},{"text":"천성적으로 민감한 성격을 타고 나서 남이 겪거나 남이 처한 상황을 동감할 수 있는 능력이 일반적인 사람보다 더 크다고 말할 수 있습니다.","expression":"c_person","category":"background"},{"text":"감수성이 뛰어난 반면 그런 부분이 또한 감정에 변화를 많이 줍니다.","expression":"c_person","category":"background"},{"text":"그래서 이성적이지 못하고 감정의 높낮이가 심한 편입니다.","expression":"c_person","category":"background"}],"summary":{"text":"감수성이 뛰어나지만 감정에 변화를 많이 줘서 이성적이지 못하고 감정의 높낮이가 심한 편입니다. 이런 단점은 살면서 부정적으로 다가올 수 있고 남한테 원치 않은 상처를 줄 수도 있어서 고치려고 노력하고 있습니다.","wordCount":29}}},"rawDataInfo":{"question":{"fileFormat":"wav","fileSize":604558,"duration":18890,"samplingBit":16,"channelCount":1,"samplingRate":"16kHz","audioPath":"/Mock/06.Design/Male/Experienced/ckmk_q_ard_m_e_260959.wav"},"answer":{"fileFormat":"wav","fileSize":2270798,"duration":70960,"samplingBit":16,"channelCount":1,"samplingRate":"16kHz","audioPath":"/Mock/06.Design/Male/Experienced/ckmk_a_ard_m_e_260959.wav"}}}