{"version":"1.0","dataSet":{"info":{"date":"20230116","occupation":"ARD","channel":"MOCK","place":"ONLINE","gender":"MALE","ageRange":"45-54","experience":"EXPERIENCED"},"question":{"raw":{"text":"면접에 합격을 하고 우리 회사에 입사를 하게 된다면 본인은 회사에서 어떤 사람이 되고 싶나요","wordCount":14},"emotion":[],"intent":[]},"answer":{"raw":{"text":"제가 만약 입사를 하게 된다면 저는 어 모든 사람을 좀 아우르는 형 같은 오빠 같은 뭐 뭐 동료는 한테는 듬직한 뭐 상사한테는 뭐 똘똘한 그런 사람이 되고 싶습니다. 어 저는 회사가 그렇습니다. 요즘 뭐 요즘은 뭐 핵가족이기도 하고 가족보다 오히려 회사에서 동료들과 더 많은 시간을 보낸다고 생각을 합니다. 그런 만큼 동료들과의 커뮤니케이션 역시 매우 중요하고 내가 더 일을 잘하고 회사에 이익을 주기 위해서는 그 동료들과의 관계가 매우 중요하다고 생각을 합니다. 그래서 저는 뭐 어 동료한테는 든든한 친구가 되고 싶고 어 상사한테는 똘똘한 후배가 되고 싶고 후배들한테는 어 뭐 듬직한 오빠나 뭐 형이 되고 싶습니다. 저는 전에 회사에서도 꽤 많은 직원들과 어 뭐 이와 같은 관계를 유지하면서 지냈습니다. 이것은 단순히 무슨 제가 회사 생활을 잘 하기 위해서뿐만 아니라 그런 관계를 유지함으로써 그 동료들 간의 정이 생긴다고 생각을 합니다. 일도 아무리 중요하지만 사람이 하는 일이기에 뭐 사람과 사이의 사이에는 저는 정이 있어야 된다 라고 생각을 합니다.","wordCount":144},"emotion":[],"intent":[{"text":"그런 만큼 동료들과의 커뮤니케이션 역시 매우 중요하고 내가 더 일을 잘하고 회사에 이익을 주기 위해서는   그 동료들과의 관계가 매우 중요하다고 생각을 합니다.","expression":"c_cop","category":"personality"}],"summary":{"text":"회사 생활을 잘 하기 위해서뿐만 아니라 제가 일을 잘하고 회사에 이익을 주기 위해서는 그 동료들과의 관계가 매우 중요하다고 생각합니다. 그래서 동료에게는 든든한 친구가 되고 싶고 상사에게는 똘똘한 후배가 되고 싶고 후배들에게는 듬직한 오빠나 형이 되고 싶습니다.","wordCount":36}}},"rawDataInfo":{"question":{"fileFormat":"wav","fileSize":343118,"duration":10720,"samplingBit":16,"channelCount":1,"samplingRate":"16kHz","audioPath":"/Mock/06.Design/Male/Experienced/ckmk_q_ard_m_e_74092.wav"},"answer":{"fileFormat":"wav","fileSize":2848078,"duration":89000,"samplingBit":16,"channelCount":1,"samplingRate":"16kHz","audioPath":"/Mock/06.Design/Male/Experienced/ckmk_a_ard_m_e_74092.wav"}}}