{"version":"1.0","dataSet":{"info":{"date":"20230116","occupation":"ARD","channel":"MOCK","place":"ONLINE","gender":"MALE","ageRange":"45-54","experience":"EXPERIENCED"},"question":{"raw":{"text":"본인이 지원한 직무가 무슨 일을 한다고 생각하십니까 생각하시는 대로 말씀해 주시겠습니까","wordCount":11},"emotion":[],"intent":[]},"answer":{"raw":{"text":"어 제가 지원한 직무가 어떤 것이냐 무엇이냐 어떤 일을 하느냐에 대해서는 저는 너무나 잘 알고 있습니다. 어 저 이력서에 보시다시피 저는 경력직입니다. 경력직으로 이 직무에 지원을 했습니다. 어 나름 한 이십 오 년 가까이 이 일을 해왔고 저는 뭐 제 당시의 위치에 따라서 사원일 때 사원의 위치에서 할 수 있는 일 대리일 때 대리의 위치에서 해야 되는 일 어 대리를 거쳐 과장 부장 이사 타이틀을 달 때까지 그 본인의 직무에 해당하는 일들을 어 쭉 해왔고 나름의 성과를 보였다 라고 생각을 합니다. 저는 뭐 감히 말씀드리건데 누구보다 많은 경험과 노하우를 갖고 있습니다. 특히 상품을 런칭해선가 상품을 최초로 만들어서 이것을 유포하고 이것을 마케팅하는 거에 대해서는 어 부끄럽지만 탁월한 능력을 갖고 있다 라고 생각을 합니다. 새로운 상품을 만들기 위해서는 현지 답사를 해야 되는데 저는 이런 식의 그 답사 여행을 뭐 거의 백 회 이상 경험이 있습니다. 지역별로 그 지역에서 무엇이 제일 좋은지 어 현지 사람들은 무엇을 즐기는지를 어 요즘 사람들 여행 다 소비자와 연결시켜 가지고 소비자가 최대한 그것을 느끼고 만족할 수 있도록 프로그램을 만들어 왔습니다.","wordCount":162},"emotion":[{"text":"특히 상품을   런칭해선가 상품을 최초로 만들어서 이것을 유포하고 이것을 마케팅하는 거에 대해서는 어   부끄럽지만 탁월한 능력을 갖고 있다 라고 생각을 합니다.","expression":"n-shame","category":"negative"}],"intent":[{"text":"지역별로 그 지역에서 무엇이 제일 좋은지 어 현지 사람들은 무엇을 즐기는지를   어 요즘 사람들 여행 다 소비자와 연결시켜 가지고 소비자가 최대한 그것을 느끼고 만족할 수 있도록 프로그램을 만들어 왔습니다.","expression":"d_brand_pref","category":"technology"}],"summary":{"text":"저는 경력직입니다. 사원일 때 사원의 위치에서 할 수 있는 일 대리일 때 대리의 위치에서 해야 되는 일들을 해왔고 나름의 성과를 보았습니다. 특히 상품을 최초로 만들어서 유포하고 이것을 마케팅하는 거에 대해서는 어 탁월한 능력을 갖고 있습니다. 지역별로 그 지역에서 무엇이 제일 좋은지 현지 사람들은 무엇을 즐기는지를 소비자와 연결시켜 소비자가 최대한 그것을 느끼고 만족할 수 있도록 프로그램을 만들어 왔습니다.","wordCount":57}}},"rawDataInfo":{"question":{"fileFormat":"wav","fileSize":608398,"duration":19010,"samplingBit":16,"channelCount":1,"samplingRate":"16kHz","audioPath":"/Mock/06.Design/Male/Experienced/ckmk_q_ard_m_e_73698.wav"},"answer":{"fileFormat":"wav","fileSize":2862798,"duration":89460,"samplingBit":16,"channelCount":1,"samplingRate":"16kHz","audioPath":"/Mock/06.Design/Male/Experienced/ckmk_a_ard_m_e_73698.wav"}}}