{"version":"1.0","dataSet":{"info":{"date":"20230116","occupation":"ARD","channel":"MOCK","place":"ONLINE","gender":"MALE","ageRange":"45-54","experience":"EXPERIENCED"},"question":{"raw":{"text":"당신은 그동안 친하게 지냈던 동료가 이직에 대해서 이야기를 꺼낸다면 어떻게 반응할 것인가요 이직을 생각하는 동료에게 어떤 말을 해주고 싶은지 당신의 생각을 말해 주세요","wordCount":23},"emotion":[],"intent":[]},"answer":{"raw":{"text":"일단 이직을 생각한다면 회사에 어떠한 불만이 있을 거라고 생각이 듭니다. 그러기 때문에 이직을 생각하는 것이겠죠. 그러면 동료들과는 그러한 동료가 있다면 왜 하는지 그 불만사항이 무엇인지 불충분한 무엇이 회사에 있는지 어 그 부분에 대해서 저는 심도 있게 대화를 나눌 것입니다. 그리고 제가 이 회사를 다니는 어 좋은 점 그리고 다니고 싶어하는 어떤 이유 그리고 앞으로의 비전 이런 부분들을 서로 의견을 교환할 할 것입니다. 아 그러함에도 불구하고 아 동료가 이직을 한다면 그 부분에 대해서는 이 회사와 어 저의 동료가 맞지 않는 것이라고 생각합니다. 어 그럴 때는 더 이상의 어떤 설득보다는 다음 회사에 가서도 충분히 잘 할 수 있다 라는 용기와 어 격려를 어 저는 심어주고 싶습니다. 이상입니다.","wordCount":105},"emotion":[],"intent":[{"text":"","expression":"","category":"attitude"}],"summary":{"text":"이직을 생각하는 것은 회사와 자신의 동료가 맞지 않는 것이라고 생각합니다. 그럴 때는 더 이상의 설득보다는 다음 회사에 가서도 충분히 잘 할 수 있다는 용기와 격려를 저는 심어주고 싶습니다.","wordCount":28}}},"rawDataInfo":{"question":{"fileFormat":"wav","fileSize":636878,"duration":19900,"samplingBit":16,"channelCount":1,"samplingRate":"16kHz","audioPath":"/Mock/06.Design/Male/Experienced/ckmk_q_ard_m_e_80835.wav"},"answer":{"fileFormat":"wav","fileSize":2488398,"duration":77760,"samplingBit":16,"channelCount":1,"samplingRate":"16kHz","audioPath":"/Mock/06.Design/Male/Experienced/ckmk_a_ard_m_e_80835.wav"}}}