{"version":"1.0","dataSet":{"info":{"date":"20230116","occupation":"ARD","channel":"MOCK","place":"ONLINE","gender":"MALE","ageRange":"45-54","experience":"EXPERIENCED"},"question":{"raw":{"text":"지원자가 태어나서 지금까지 살면서 가장 후회했던 일이 무엇인지 말씀해 주세요","wordCount":10},"emotion":[],"intent":[]},"answer":{"raw":{"text":"어 개인적으로 뭐 제일 후회했다 란 말은 좀 그런데 저는 후회되는 일은 저 돌아가신 아버님과 좀 더 가깝게 지내지 못한 것입니다. 저는 아버님과 어머님을 공교롭게도 거의 일 년 차이로 두고 잃었는데 제가 사십 대 초반이었습니다. 뭐 주변의 다른 친구나 뭐 주변 상황보단 제가 되게 좀 일찍 경험한 거죠. 어 워낙 좀 원래 처음 어 젊어서부터 건강도 좀 썩 좋지 않으셨고 그러다 보니 저는 어 어머님과는 뭐 여행도 가고 뭐 같이 뭐 나가 가지고 뭐 외식도 하고 이런 경험이 다수 있지만 지금 생각해보면 제가 어 아버지와 단둘이 어디 여행을 가거나 이런 경험이 저는 기억에 전혀 없습니다. 물론 어렸을 때 뭐 가족과 뭐 형 누나랑 엄마와 같이 무슨 뭐 놀이공원 가구 이런 거 말고 제가 스 한 이십 대가 넘어서 개인적으로 아버지와 단둘이서 어디 여행을 가거나 한 경험이 전혀 없습니다. 어 아버지는 되게 좀 어려운 분이셨습니다 저한테는. 어 아버님은 되게 좀 성격도 좀 꼬장꼬장하시고 본인 스스로가 본인을 되게 좀 어 엄하게 저를 키웠던 것 같습니다.","wordCount":153},"emotion":[],"intent":[{"text":"어 개인적으로 뭐 제일 후회했다 란 말은 좀 그런데 저는 후회되는 일은   저 돌아가신 아버님과 좀 더 가깝게 지내지 못한 것입니다.","expression":"c_private","category":"background"},{"text":"저는 아버님과 어머님을 공교롭게도 거의 일 년 차이로 두고   잃었는데 제가 사십 대 초반이었습니다.","expression":"c_private","category":"background"},{"text":"어 워낙 좀 원래 처음 어 젊어서부터 건강도 좀 썩 좋지 않으셨고 그러다 보니 저는  어 어머님과는 뭐 여행도 가고 뭐   같이 뭐 나가 가지고 뭐 외식도 하고 이런 경험이 다수 있지만 지금 생각해보면 제가   어 아버지와 단둘이 어디 여행을 가거나 이런 경험이 저는 기억에 전혀 없습니다.","expression":"c_private","category":"background"},{"text":"물론 어렸을 때 뭐 가족과 뭐 형 누나랑 엄마와   같이 무슨 뭐 놀이공원 가구 이런 거 말고 제가 스 한 이십 대가 넘어서 개인적으로 아버지와 단둘이서   어디 여행을 가거나 한 경험이 전혀 없습니다.","expression":"c_private","category":"background"}],"summary":{"text":"제가 가장 후회하는 일은 돌아가신 아버님과 좀 더 가깝게 지내지 못한 것입니다. 아버님은 성격도 좀 꼬장꼬장하시고 본인을 되게 엄하게 키웠던 것 같습니다. 제가 아버님과 단둘이서 여행을 가거나 한 경험이 전혀 없습니다. 아버지는 되게 좀 어려운 분이셨습니다 저한테.","wordCount":37}}},"rawDataInfo":{"question":{"fileFormat":"wav","fileSize":273038,"duration":8530,"samplingBit":16,"channelCount":1,"samplingRate":"16kHz","audioPath":"/Mock/06.Design/Male/Experienced/ckmk_q_ard_m_e_74089.wav"},"answer":{"fileFormat":"wav","fileSize":2805198,"duration":87660,"samplingBit":16,"channelCount":1,"samplingRate":"16kHz","audioPath":"/Mock/06.Design/Male/Experienced/ckmk_a_ard_m_e_74089.wav"}}}