{"version":"1.0","dataSet":{"info":{"date":"20230116","occupation":"ARD","channel":"MOCK","place":"ONLINE","gender":"MALE","ageRange":"35-44","experience":"EXPERIENCED"},"question":{"raw":{"text":"지원자님의 성격상 장점과 단점에 대해서 각각 말씀해 보십시오 구체적인 예시를 들어 말씀해 주셔도 됩니다","wordCount":14},"emotion":[],"intent":[]},"answer":{"raw":{"text":"아 저의 성격 중 장점과 단점이 될 수가 있는데 아 저는 굉장히 좀 여유롭게 살려고 하는 게 저의 장점과 단점일 수 있을 것 같습니다. 여유를 갖는다 아 조금 한 텀 쉬었다 간다 이렇게 막 조급해하지 않는다 이런 것들이 이제 저의 장점이라고 볼 수 있는데 저는 무슨 일이 있을 때 막 조급해 하지 않습니다. 막 이거를 빨리 끝내서 빨리 성과를 내야 하고 막 급하게 해야 한다고 생각하지 않기 때문에 그런 부분이 저의 그 감정 상태라든지 뭐 스트레스 받는 부분 이런 점에서는 저한테 장점이 될 수 있을 것 같고 또한 이게 단점이 될 수도 있습니다. 아 저 친구는 능력이 좋나 좋아서 이렇게 여유가 있는 건가 이렇게 생각하면서 조금 안 좋게 보는 시점도 있도록 그 간혹 있었던 것 같습니다. 그래서 이런 부분이 저의 장점이자 단점인 항상 모든 사고와 방식에 대해서 항상 여유롭게 조급해 하지 않고 한 템포 쉬어가면서 업무를 하고 생활도 하고 인생을 그렇게 살고 있기 때문에 그런 것들이 저의 장점이자 단점이 될 거 같습니다. 네 이상입니다.","wordCount":154},"emotion":[],"intent":[{"text":"아 저의 성격 중 장점과 단점이 될 수가 있는데 아 저는 굉장히 좀 여유롭게 살려고 하는 게 저의 장점과 단점일 수 있을 것 같습니다.","expression":"c_person","category":"background"},{"text":"여유를 갖는다 아 조금 한 텀 쉬었다 간다 이렇게 막 조급해하지 않는다 이런 것들이 이제 저의 장점이라고 볼 수 있는데   저는 무슨 일이 있을 때 막 조급해 하지 않습니다.","expression":"c_person","category":"background"},{"text":"막 이거를 빨리 끝내서 빨리 성과를 내야 하고   막 급하게 해야 한다고 생각하지 않기 때문에 그런 부분이 저의 그 감정 상태라든지 뭐 스트레스 받는 부분 이런 점에서는 저한테 장점이 될 수 있을 것 같고   또한 이게 단점이 될 수도 있습니다.","expression":"c_person","category":"background"}],"summary":{"text":"저는 좀 여유롭게 살려고 하는 게 장점과 단점일 수 있을 것 같습니다. 조급해하지 않는다는 것이 장점인데 무슨 일이 있을 때 막 조급하게 하지 않습니다. 빨리 끝내서 빨리 성과를 내야 한다고 생각하지 않기 때문에 장점이 될 수 있고 단점이 될 수도 있습니다. 항상 모든 사고와 방식에 대해 항상 여유롭게 조급하지 않고 한 템포 쉬가면서 살아왔습니다.","wordCount":54}}},"rawDataInfo":{"question":{"fileFormat":"wav","fileSize":542158,"duration":16940,"samplingBit":16,"channelCount":1,"samplingRate":"16kHz","audioPath":"/Mock/06.Design/Male/Experienced/ckmk_q_ard_m_e_145838.wav"},"answer":{"fileFormat":"wav","fileSize":2651598,"duration":82860,"samplingBit":16,"channelCount":1,"samplingRate":"16kHz","audioPath":"/Mock/06.Design/Male/Experienced/ckmk_a_ard_m_e_145838.wav"}}}