{"version":"1.0","dataSet":{"info":{"date":"20230116","occupation":"ARD","channel":"MOCK","place":"ONLINE","gender":"MALE","ageRange":"35-44","experience":"EXPERIENCED"},"question":{"raw":{"text":"지원자께서 생각하시는 디자인이란 무엇입니까","wordCount":4},"emotion":[],"intent":[]},"answer":{"raw":{"text":"디자인이요. 무슨 디자인 말씀하시는 거지. 어떤 설계적인 부분으로 말씀을 하시는 걸까요. 어떤 어 프로젝트의 설계 이거 디자인 해보자 약간 이런 부분으로 말씀을 하시는 건가 싶은데요. 오 그렇죠. 취재를 할 때에도 어 어떤 부분으로 만약에 저에게 먼저 연락이 오게 된다면 이 그 제보를 시작으로 어 어떻게 보면 이제 그거죠. 저의 어떤 망상도 없다면 거짓말이고 그런 것들을 가미를 하면서 어 그 규모를 보고 대충 가늠을 해서 취재를 어떻게 할지 그런 설계 디자인을 구축을 하는 그런 거로 말씀을 하시는 것 같은데 네 설계하는 거 취재를 설계를 해서 원하는 그 지점에 다다를 수 있게 뭐 물론 제가 애초에 예상했던 부분과 다른 결과로 되더라도 어쨌든 그 취재 방향 그 설계로 생각을 합니다.","wordCount":107},"emotion":[],"intent":[{"text":"","expression":"","category":"attitude"}],"summary":{"text":"설계는 취재할 때 제보나 망상을 가미하여 규모를 짐작하고 취재를 어떻게 할지 설계 디자인을 구축하는 것 같습니다. 설계는 취재를 설계해서 원하는 지점에 다다를 수 있게 취재 방향 그 설계로 생각을 합니다.","wordCount":30}}},"rawDataInfo":{"question":{"fileFormat":"wav","fileSize":243278,"duration":7600,"samplingBit":16,"channelCount":1,"samplingRate":"16kHz","audioPath":"/Mock/06.Design/Male/Experienced/ckmk_q_ard_m_e_160142.wav"},"answer":{"fileFormat":"wav","fileSize":2779918,"duration":86870,"samplingBit":16,"channelCount":1,"samplingRate":"16kHz","audioPath":"/Mock/06.Design/Male/Experienced/ckmk_a_ard_m_e_160142.wav"}}}