{"version":"1.0","dataSet":{"info":{"date":"20230116","occupation":"ARD","channel":"MOCK","place":"ONLINE","gender":"MALE","ageRange":"35-44","experience":"EXPERIENCED"},"question":{"raw":{"text":"면접자님은 업무 시 분쟁이 발생할 때를 대비해서 지원자님만의 대처법을 가지고 계세요 만약에 있다면 무엇인지 말씀해 주세요","wordCount":16},"emotion":[],"intent":[]},"answer":{"raw":{"text":"업무시 분쟁이 발생했을 때 대처법에 대해서 말씀드리겠습니다. 어 모든 일에는 평탄한 길은 없습니다. 순탄한 길은 계속 이어지지 않고 분명히 분쟁이 일어나고 또 우발 상황이 일어나고 예상치 못한 사고가 일어날 수도 있습니다. 그러한 상황에서 이제 대처하는 방법은 이 상황이 갑자기 들어오게 되면 뭐 퇴근 시간이라든지 뭐 이런 것들에 대해서 막 고민을 하게 됩니다. 그런 상황에서 조치 능력이 떨어지기 때문에 어 항상 무슨 일이 일어날 거에 대한 걸 이제 준비를 해 놓은 사람과 준비가 안 되어 있는 사람은 확실히 차이가 납니다. 그래서 일단 업무가 분쟁이 일어났을 때는 원인이 먼저를 제일 먼저 확인을 해야 할 것 같고 어떤 과장에서 이런 분쟁이 일어났는지도 먼저 체크를 해야 할 것 같습니다. 그 원인 발생이 무엇 때문에 시작했는지부터 시작해서 그거를 처음부터 이렇게 잘 어 이게 꾸며져 있는 것을 잘 풀어나가면은 어 해결 방법은 분명히 있습니다. 쉽게 해결할 수 있을 것이고 그런 것들에 대한 대처 방법이나 이런 거는 역시나 뭐 경험이나 노하우가 있어야 하지 않겠습니까. 사람과 사람 간의 분쟁 일 수도 있고 회사와 회사 간의 분쟁이 있을 수도 있고 그러는데 그 상황에 맞춰서 제일 그 상황에 맞게 침착하게 잘 조치하는 게 중요할 것 같습니다. 이상입니다.","wordCount":177},"emotion":[],"intent":[{"text":"","expression":"","category":"attitude"}],"summary":{"text":"모든 일에 평탄한 길은 없습니다. 분쟁이나 우발 상황이 일어나고 예상치 못한 사고가 일어날 수도 있습니다. 분쟁이 일어난다면 어떤 과정에서 이런 분쟁이 일어났는지 먼저 체크 한 후, 그 상황에 맞춰서 침착하게 잘 조치하는 게 중요합니다.","wordCount":34}}},"rawDataInfo":{"question":{"fileFormat":"wav","fileSize":341838,"duration":10680,"samplingBit":16,"channelCount":1,"samplingRate":"16kHz","audioPath":"/Mock/06.Design/Male/Experienced/ckmk_q_ard_m_e_107098.wav"},"answer":{"fileFormat":"wav","fileSize":2778958,"duration":86840,"samplingBit":16,"channelCount":1,"samplingRate":"16kHz","audioPath":"/Mock/06.Design/Male/Experienced/ckmk_a_ard_m_e_107098.wav"}}}