{"version":"1.0","dataSet":{"info":{"date":"20230116","occupation":"ARD","channel":"MOCK","place":"ONLINE","gender":"MALE","ageRange":"55-","experience":"EXPERIENCED"},"question":{"raw":{"text":"살면서 다양한 커뮤니케이션을 경험해 보셨을 텐데요 그중에서 가장 어려웠던 경험을 딱 한 가지만 꼽는다면 무엇이었는지 알려주세요","wordCount":16},"emotion":[],"intent":[]},"answer":{"raw":{"text":"말을 더듬는 사람과 커뮤니케이션은 하는 것이 저는 되게 힘들었었습니다. 어렸을 때에 들었던 그런 마음이어서 나이가 들고 나서는 조금 많이 반성을 했지만 말을 더듬는 사람과 대화를 하는 것은 그 사람이 무슨 말하는지를 기다릴 때 그 더듬는 과정에 마음이 제 자 제 저의 마음이 조급해집니다. 도대체 무슨 말을 하는지 어떤 단어가 뱉어질지 최후의 순간까지 귀를 기울여서 그 사람의 말을 기다려야 될 때는 왜 그런지 모르겠지만 마음이 조급해져서 빨리 말을 하라고 이렇게 보채는 그런 과정도 있었던 것 같애요. 지금은 그 친구에게 굉장히 미안하지만 하지만 그런 어떤 저의 이런 후회의 과정을 통해서 사람들의 말은 조급해하지 말고 끝까지 무슨 단어가 나올지도 모르니 끝까지 경청하는 자세를 가져야 한다 라는 교훈이 저에게는 생겼습니다.","wordCount":106},"emotion":[],"intent":[{"text":"","expression":"","category":"attitude"}],"summary":{"text":"말을 더듬는 사람과 소통하는 것은 조급합니다. 그 사람이 무슨 말을 하는지 끝까지 귀를 기울여서 무슨 단어가 나올지는 모르겠지만 마음은 조급해져 빨리 말을 하라고 보채는 과정도 있었던 것 같습니다. 이런 과정을 통해서 사람들의 말은 조급해하지 말고 끝까지 경청하는 자세를 가져야 한다는 교훈이 생겼습니다.","wordCount":42}}},"rawDataInfo":{"question":{"fileFormat":"wav","fileSize":618318,"duration":19320,"samplingBit":16,"channelCount":1,"samplingRate":"16kHz","audioPath":"/Mock/06.Design/Male/Experienced/ckmk_q_ard_m_e_206137.wav"},"answer":{"fileFormat":"wav","fileSize":2658638,"duration":83080,"samplingBit":16,"channelCount":1,"samplingRate":"16kHz","audioPath":"/Mock/06.Design/Male/Experienced/ckmk_a_ard_m_e_206137.wav"}}}