{"version":"1.0","dataSet":{"info":{"date":"20230116","occupation":"ARD","channel":"MOCK","place":"ONLINE","gender":"MALE","ageRange":"35-44","experience":"EXPERIENCED"},"question":{"raw":{"text":"면접자님만의 스트레스 해소 방법이 있으시다면 무엇일까요 그리고 왜 그 방법으로 스트레스를 해소하는 지도 궁금합니다 한번 말씀 부탁드립니다","wordCount":17},"emotion":[],"intent":[]},"answer":{"raw":{"text":"저는 낚시합니다. 네 쪼금 뻔한 해소 방법이라 어 진부한 방식이라서 그렇긴 하지만 낚시해요. 그냥 저는 그 시간이 좋아요. 아마 대부분 그 시간을 즐기러 가는 거긴 한데 미끼를 던지고 그 미끼가 물릴 때까지 조용히 앉아서 기다리는 시간 그 사이에 내가 먹고 싶은 것도 맘대로 먹고 맘껏 먹고 뭐 고기를 잡으면 아주 잠깐 그 잡았다는 기쁨을 느끼고 다시 바로 놓아주고 스트레스를 받아서 낚시를 가는 거면 음 그 순간의 기쁨이 그 스트레스 해소를 하는데 아주 큰 힘이 되는 거 아닐까요. 사실 고기 안 잡아도 되거든요. 그냥 내가 미끼를 던지고 그걸 기다린다 거기서 오는 어떤 기대감 설렘 그거는 뭐 제 어떤 직업으로서 연결되는 직업 정신으로서 연결되는 부분인 것 같기도 하고요. 그래서 좋아요 낚시가. 그냥 건강한 취미라고 스스로 생각을 합니다.","wordCount":115},"emotion":[{"text":"그냥 저는 그 시간이 좋아요.","expression":"p-happiness","category":"positive"},{"text":"아마 대부분 그 시간을 즐기러 가는 거긴 한데   미끼를 던지고 그 미끼가 물릴 때까지 조용히 앉아서 기다리는 시간   그 사이에 내가 먹고 싶은 것도 맘대로 먹고 맘껏 먹고 뭐   고기를 잡으면 아주 잠깐 그 잡았다는 기쁨을 느끼고 다시 바로 놓아주고   스트레스를 받아서 낚시를 가는 거면 음   그 순간의 기쁨이 그 스트레스 해소를 하는데 아주 큰 힘이 되는 거 아닐까요.","expression":"p-happiness","category":"positive"},{"text":"그래서 좋아요 낚시가.","expression":"p-happiness","category":"positive"}],"intent":[{"text":"저는 낚시합니다.","expression":"c_private","category":"background"}],"summary":{"text":"낚시를 하는 이유는 미끼를 던지고 물릴 때까지 기다리는 시간이 스트레스를 해소하는데 큰 도움이 되기 때문입니다. 고기를 잡았다는 기쁨을 느끼고 다시 놓아주는 것은 스트레스를 해소하는 큰 힘이 됩니다.","wordCount":27}}},"rawDataInfo":{"question":{"fileFormat":"wav","fileSize":567758,"duration":17740,"samplingBit":16,"channelCount":1,"samplingRate":"16kHz","audioPath":"/Mock/06.Design/Male/Experienced/ckmk_q_ard_m_e_160136.wav"},"answer":{"fileFormat":"wav","fileSize":2674638,"duration":83580,"samplingBit":16,"channelCount":1,"samplingRate":"16kHz","audioPath":"/Mock/06.Design/Male/Experienced/ckmk_a_ard_m_e_160136.wav"}}}