{"version":"1.0","dataSet":{"info":{"date":"20230116","occupation":"ARD","channel":"MOCK","place":"ONLINE","gender":"MALE","ageRange":"45-54","experience":"EXPERIENCED"},"question":{"raw":{"text":"귀하께서는 상사로부터 과제를 받는다면 그 과제가 협업하는 과제 또는 혼자 하는 과제 중 어떤 것을 더 선호하는지 그 이유에 대해서 말씀해 주세요","wordCount":22},"emotion":[],"intent":[]},"answer":{"raw":{"text":"저는 개인적으로는 혼자 하는 작업을 더 좋아합니다. 어 이 혼자 한다 라는 게 어찌 보며는 좀 다르 좀 다른 의미로 들릴 수가 있는데 저는 이 작업을 혼자 하게 되면 그 저한테 주어진 시간을 오롯이 그 작업에 매달려서 쓸 수 있기 때문입니다. 어 경우에 따라서는 저는 이런 경우를 많이 봤습니다. 회사에서 같이 협업을 하거나 일을 하다 보면 아무런 의지 없이 일을 하거나 아무런 아이디어가 없는 상태에도 책상에 앉아서 그 일을 해야 되는 일을 종종 봐 왔습니다. 어 저는 일단 혼자 일을 하게 되면 시간적인 안배를 제 스스로 할 수 있기 때문에 생각이 안 나고 뭐 그럴 때는 굳이 책상에 앉아 있을 필요가 없다 라고 생각을 합니다. 그땐 차라리 뭐 쉬거나 다른 일을 하면서 조금 더 뭐 몸을 릴렉스 시켜주고 생각을 자유롭게 해주는 그런 필요성이 있다 라고 생각을 합니다. 하지만 이게 협업일 때는 저만이 그럴 수가 없다 보니 어 일 짜여진 일정에 저 스스로를 맞춰야 되고 이러다 보니 작업이 능률도 안 오르고 좀 작업이 힘들었던 것 같습니다. 저는 혼자 할 때 정말 일이 잘 될 때는 뭐 밥을 새서라도 일을 하고 일이 안 될 때는 굳이 그 일을 잡고 있을 필요가 없다 라고 생각을 합니다. 그래서 저는 개인적인 프로젝트가 혼자서 하는 일을 좀 더 선호하고 그랬을 때 더 좋은 성과가 있었던 것으로 기억합니다.","wordCount":201},"emotion":[],"intent":[{"text":"","expression":"","category":"attitude"}],"summary":{"text":"개인적인 프로젝트가 혼자 하는 일을 더 선호하고 그럴 때 더 좋은 성과가 있었던 것으로 기억합니다. 협업일 때는 일이 잘 될 때는 밤을 새서라도 일을 하고 일이 안 될 때는 굳이 그 일을 잡고 있을 필요가 없기 때문에 저는 개인적으로 혼자 하는 작업을 더 좋아합니다.","wordCount":44}}},"rawDataInfo":{"question":{"fileFormat":"wav","fileSize":515918,"duration":16120,"samplingBit":16,"channelCount":1,"samplingRate":"16kHz","audioPath":"/Mock/06.Design/Male/Experienced/ckmk_q_ard_m_e_73699.wav"},"answer":{"fileFormat":"wav","fileSize":2798478,"duration":87450,"samplingBit":16,"channelCount":1,"samplingRate":"16kHz","audioPath":"/Mock/06.Design/Male/Experienced/ckmk_a_ard_m_e_73699.wav"}}}