{"version":"1.0","dataSet":{"info":{"date":"20230116","occupation":"ARD","channel":"MOCK","place":"ONLINE","gender":"MALE","ageRange":"35-44","experience":"EXPERIENCED"},"question":{"raw":{"text":"입사 후 어려운 일과 쉬운 일이 동시에 있을 때 일의 분배를 어떻게 진행하실지 궁금합니다","wordCount":14},"emotion":[],"intent":[]},"answer":{"raw":{"text":"그 쉬운 일이요. 네 쉬운 일 먼저 할 거예요. 쉬우니까 얼른 끝내야죠. 할 일이 얼마나 많은데 쉬운 일과 어려운 일을 같이 주셨는데 그 어려운 일은 이미 난이도 붙어있는데 제가 어려워하는 거고 여러 가지 이유가 있겠지만 제가 잘 모르니까 어려워 할 수 있고 그럼 그게 시간도 잡아먹으니까 앞에 먼저 할 이유가 없죠. 그럼 나중에 쉬운 일 할 시간도 줄어버릴까 봐 그래서 쉬운 일을 얼른 확 끝내 놓은 다음에 어 충분히 여유 그 여유를 가지고 어려운 일을 마주할 것 같아요. 그리고 그 어려운 일을 제가 실수하지 않도록 않기 위해 더 한 번 들여다볼 거 세 번 들여다보고 막 뭐 다섯 여섯 번 들여다보고 이런 식으로 할 것 같아요. 네 그럴 것 같아요 저는.","wordCount":111},"emotion":[],"intent":[{"text":"","expression":"","category":"attitude"}],"summary":{"text":"쉬운 일을 먼저 하고 어려운 일을 같이 하셨는데 어려운 일은 난이도가 높은데 제가 잘 모르기 때문에 어려운 일을 먼저 끝내면 여유가 생기고 어려운 일을 실수하지 않기 위해 세 번, 다섯 번 들여다보는 식으로 할 것 같습니다.","wordCount":36}}},"rawDataInfo":{"question":{"fileFormat":"wav","fileSize":281678,"duration":8800,"samplingBit":16,"channelCount":1,"samplingRate":"16kHz","audioPath":"/Mock/06.Design/Male/Experienced/ckmk_q_ard_m_e_178829.wav"},"answer":{"fileFormat":"wav","fileSize":2447438,"duration":76480,"samplingBit":16,"channelCount":1,"samplingRate":"16kHz","audioPath":"/Mock/06.Design/Male/Experienced/ckmk_a_ard_m_e_178829.wav"}}}