{"version":"1.0","dataSet":{"info":{"date":"20230116","occupation":"ARD","channel":"MOCK","place":"ONLINE","gender":"MALE","ageRange":"35-44","experience":"EXPERIENCED"},"question":{"raw":{"text":"일을 하다 보면 팀으로 때로는 혼자 일을 하게 되지요 팀으로 일하는 것과 혼자 일하는 것 중 어느 것을 선호하는지 자세한 설명 부탁드립니다","wordCount":22},"emotion":[],"intent":[]},"answer":{"raw":{"text":"저는 팀을 좋아합니다. 네 혼자 일하는 것은 외롭습니다. 저는 사람들과 함께 사람들 틈에서 어 다양한 소리들과 다양한 시선들로 하나의 일에 몰두하는 그 모습이 좋습니다. 그래서 저는 팀으로 일하는 걸 선호하고 계속 그렇게 일을 해 왔던 것 같아요. 특히 이제 저와 맞는 사람들 동료들을 찾고서는 그 다음에는 더욱 이들과 함께 어떤 것을 완성시키기 위해 어떤 결과물을 만들어내기 위해 정말 더욱더 노력을 했던 것 같고요. 음 그들 역시 저의 취향과 어떤 또 저의 성향과 여러 가지 것들이 맞기 때문에 팀으로서 있는 거라 그런 비슷하면서 또 다른 여러 사람이 만들어내는 그 공동의 작품이 결과물이 그건 뭐 사람일 수도 있구요. 사실 저희는 사람이지만 또 사람이 만들어 내는 작품도 있기 때문에 그런 것들이 더 뭔가 값지고 아름답게 느껴지는 것 같습니다.","wordCount":115},"emotion":[],"intent":[{"text":"","expression":"","category":"attitude"}],"summary":{"text":"저는 혼자 일하는 것은 외롭고 외로운 것 이지만 사람들과 함께 하나의 일에 몰두하는 모습이 좋습니다. 저와 맞는 사람들과 함께 어떤 것을 완성시키기 위해 어떤 결과물을 만들어내기 위해 노력을 했던 것 같습니다. 사람이지만 사람이 만들어 내는 작품도 있기에 값지고 아름답게 느껴집니다.","wordCount":40}}},"rawDataInfo":{"question":{"fileFormat":"wav","fileSize":485838,"duration":15180,"samplingBit":16,"channelCount":1,"samplingRate":"16kHz","audioPath":"/Mock/06.Design/Male/Experienced/ckmk_q_ard_m_e_99920.wav"},"answer":{"fileFormat":"wav","fileSize":2798158,"duration":87440,"samplingBit":16,"channelCount":1,"samplingRate":"16kHz","audioPath":"/Mock/06.Design/Male/Experienced/ckmk_a_ard_m_e_99920.wav"}}}