{"version":"1.0","dataSet":{"info":{"date":"20230116","occupation":"ARD","channel":"MOCK","place":"ONLINE","gender":"MALE","ageRange":"45-54","experience":"EXPERIENCED"},"question":{"raw":{"text":"지원자께서 우리 회사에 입사하기 전에 많은 생각을 하셨을 거라 믿습니다 그렇다면 지원자께서 가고 싶은 부서와 그 부서를 가고 싶은 이유는 무엇인지 간략하게 말씀해 주십시오","wordCount":24},"emotion":[],"intent":[]},"answer":{"raw":{"text":"저는 가고 싶은 부서가 따로 없습니다. 저는 경력직인 만큼 제가 지원한 이 부서로 어 입사를 하길 원합니다. 어 그것은 제가 이 일을 어 누구보다 잘 할 수 있다라는 자신감 때문입니다. 저는 어 이와 같은 일을 뭐 똑같지 않겠지만은 어 이와 같은 일을 거의 이십 오 년 동안 해왔습니다. 이십 오 년 동안 해오면서 나름의 노하우를 가지고 있고 저는 그것을 바탕으로 어 이 일에 필요한 네트워크를 갖추고 있다라고 생각을 합니다. 제가 만약에 지원한 부서 외에 다른 부서를 간다 그러면 어 저는 회사를 다닐 수 없을 거라고 생각을 합니다. 제가 이직을 하게 된 가장 큰 이유 중의 하나는 제가 하고 싶은 일을 하기 위해서 지금 이직을 하려고 하는 건데 제가 이직을 했는데 제가 하고 싶은 일을 못한다라고 하면 저는 다른 직장을 다시 찾기 위해서 노력할 것 같습니다. 어 말 그대로 저는 제가 지원한 이 직무를 제일 잘 할 자신이 있고 어 누구보다 열심히 할 자신이 있기 때문에 어 제가 가고 싶은 부서는 제가 지원한 부서입니다.","wordCount":153},"emotion":[],"intent":[{"text":"","expression":"","category":"attitude"}],"summary":{"text":"저는 경력직인 만큼 제가 지원한 이 부서로 입사를 하길 원합니다. 그 이유는 제가 이 일을 누구보다 잘 할 수 있다는 자신감이 있기 때문입니다. 제가 이직을 하게 된 가장 큰 이유 중의 하나는 제가 하고 싶은 일을 하기 위해서 이직을 한 것입니다. 제가 가고 싶은 부서는 제가 지원한 부서입니다.","wordCount":48}}},"rawDataInfo":{"question":{"fileFormat":"wav","fileSize":613838,"duration":19180,"samplingBit":16,"channelCount":1,"samplingRate":"16kHz","audioPath":"/Mock/06.Design/Male/Experienced/ckmk_q_ard_m_e_75455.wav"},"answer":{"fileFormat":"wav","fileSize":2645198,"duration":82660,"samplingBit":16,"channelCount":1,"samplingRate":"16kHz","audioPath":"/Mock/06.Design/Male/Experienced/ckmk_a_ard_m_e_75455.wav"}}}