{"version":"1.0","dataSet":{"info":{"date":"20230116","occupation":"ARD","channel":"MOCK","place":"ONLINE","gender":"MALE","ageRange":"45-54","experience":"EXPERIENCED"},"question":{"raw":{"text":"어 이게 혼자서 하는 일이 아니다 보니 이제 팀원들과 함께 작업을 할 때 본인이 원하는 디자인과 다른 사람이 원하는 디자인이 다를 경우 이럴 때는 어떻게 대처하실 건가요","wordCount":27},"emotion":[],"intent":[]},"answer":{"raw":{"text":"어 일단 그 일의 성격을에 따라 좀 달라질 것 같습니다. 단순히 제가 저의 디자인을 제출을 하고 어 뭐 다른 동료가 어 그의 디자인을 제출을 하는 거라고 그러면 저는 뭐 굳이 그 디자인을 서로 뭐 조화시키거나 뭐 뜯어고쳐서 맞추거나 할 필요는 없다 라고 생각을 합니다. 하지만 어떤 공동의 목적으로 한 가지 디자인을 하는 거라면 그때는 좀 조율이 필요하다고 생각을 합니다. 이 디자인이라는 직업이 어떻게 보면 개성이 되게 좀 중요시하게 드러난 작업이다 보니 예를 들어서 제가 주장하는 디자인과 뭐 동료가 주장하는 지원이 디자인이 각각 다를 수 있는 건 당연합니다. 하지만 그 공동의 목표에 부합되게 그 디자인을 맞춰야 할 필요가 있기 때문에 이런 경우는 주변 동료나 상사에게 어 뭐 조언을 구해도 좋은 방법이라고 생각을 합니다. 각각의 디자인을 뭐 무시하기보다는 저는 가능하면 공동의 목적이라 그러면 그렇게 평가를 받아 가지고 어 대중이 원하는 쪽으로 뭐 다수가 원하는 쪽으로 좋다고 하는 쪽으로 어 충분히 어 바꾸거나 변경도 가능하고 그래야 된다 라고 저는 생각합니다.","wordCount":147},"emotion":[],"intent":[{"text":"각각의 디자인을 뭐 무시하기보다는 저는 가능하면 공동의 목적이라 그러면   그렇게 평가를 받아 가지고 어 대중이 원하는 쪽으로 뭐 다수가 원하는 쪽으로   좋다고 하는 쪽으로 어 충분히 어 바꾸거나 변경도 가능하고 그래야 된다 라고 저는 생각합니다.","expression":"c_cop","category":"personality"}],"summary":{"text":"디자인이라는 직업이 개성을 중요시하게 드러난 작업이다 보니 각각의 디자인을 무시하기보다는 가능하면 공동의 목적이라 그러면 그렇게 평가를 받아 가지고 대중이 원하는 쪽으로 또는 다수가 원하는 쪽으로 바꾸거나 변경도 가능하고 그래야 된다고 생각합니다.","wordCount":31}}},"rawDataInfo":{"question":{"fileFormat":"wav","fileSize":442958,"duration":13840,"samplingBit":16,"channelCount":1,"samplingRate":"16kHz","audioPath":"/Mock/06.Design/Male/Experienced/ckmk_q_ard_m_e_73398.wav"},"answer":{"fileFormat":"wav","fileSize":2634638,"duration":82330,"samplingBit":16,"channelCount":1,"samplingRate":"16kHz","audioPath":"/Mock/06.Design/Male/Experienced/ckmk_a_ard_m_e_73398.wav"}}}