{"version":"1.0","dataSet":{"info":{"date":"20230116","occupation":"ARD","channel":"MOCK","place":"ONLINE","gender":"MALE","ageRange":"45-54","experience":"EXPERIENCED"},"question":{"raw":{"text":"지원자님이 만약 당사에 입사를 하게 된다면 지원자님을 위해 그리고 당사의 발전을 위해서 입사하면 어떤 사람이 되고 싶나요","wordCount":17},"emotion":[],"intent":[]},"answer":{"raw":{"text":"만약 제가 입사를 한다면 저는 어 모든 사람을 이렇게 좀 아우를 수 있는 사람이 되고 싶습니다. 그 아우른다는 말 의미가 약간 좀 약간 다르게 들릴 수도 있는데 뭐 뭐 누구를 다스리겠다 뭐 이렇게 그 그런 의미가 아니라 모두와 어울릴 수 있는 그런 사람이 되고 싶습니다. 저는 전에 직장에서도 어 동료들과 어 후배들과 아니면 선배들과 대체적으로 잘 지내는 편이었습니다. 어 사실은 제가 이제 회사를 그만두고 이직을 결심했을 때도 주위에서 동료나 뭐 상사 뭐 부하 직원들도 많이 만류를 하고 잡았었는데 어 저는 그래도 제 꿈을 좀 더 실현시키고 현실화할려고 이직을 결심한 것입니다. 제가 새로 들어가게 되는 직장 역시 전의 직장과 마찬가지로 어 좀 친근하게 모두와 같이 어울리고 소통하면서 지내는 그런 분위기의 회사였으면 좋겠습니다. 저 역시도 그런 사람이 되려고 노력을 할 거고요. 어 우리는 요즘 어떻게 보면 가족보다도 더 많은 시간을 직장 동료 동료들과 함께 합니다. 그런데 거기서 서로 불편한 사람이 있거나 그러면 그 생활이 뭐 좀 쉽지 않을 거라고 생각을 합니다. 그래서 저는 개인적으로 입사를 하게 되면 모든 사람과 같이 이렇게 좀 어울리고 소통이 되는 사람이 되고 싶습니다.","wordCount":166},"emotion":[],"intent":[{"text":"어   사실은 제가 이제 회사를 그만두고 이직을 결심했을 때도 주위에서 동료나 뭐 상사   뭐 부하 직원들도 많이 만류를 하고 잡았었는데 어 저는 그래도 제    꿈을 좀 더 실현시키고 현실화할려고 이직을 결심한 것입니다.","expression":"c_sincere_job","category":"etc"}],"summary":{"text":"저는 직장에서도 선후배와 잘 지내는 편이었는데, 이직할 때도 주변의 만류가 있었지만 제 꿈을 실현시키기 위해 이직을 결심했습니다. 새로 들어가는 직장도 전의 직장처럼 친근하게 모두가 어울릴 수 있는 회사였으면 좋겠습니다. 가족보다도 많은 시간을 함께 하는데, 서로 불편한 사람이 있으면 생활이 쉽지 않을 것 같습니다.","wordCount":43}}},"rawDataInfo":{"question":{"fileFormat":"wav","fileSize":480078,"duration":15000,"samplingBit":16,"channelCount":1,"samplingRate":"16kHz","audioPath":"/Mock/06.Design/Male/Experienced/ckmk_q_ard_m_e_73701.wav"},"answer":{"fileFormat":"wav","fileSize":2761038,"duration":86280,"samplingBit":16,"channelCount":1,"samplingRate":"16kHz","audioPath":"/Mock/06.Design/Male/Experienced/ckmk_a_ard_m_e_73701.wav"}}}