{"version":"1.0","dataSet":{"info":{"date":"20230116","occupation":"ARD","channel":"MOCK","place":"ONLINE","gender":"MALE","ageRange":"45-54","experience":"EXPERIENCED"},"question":{"raw":{"text":"면접자분께서 생각하시는 자신만의 경쟁력에 대해서 설명 부탁드리겠습니다","wordCount":7},"emotion":[],"intent":[]},"answer":{"raw":{"text":"뭐 저만의 경쟁력이라고 말씀드리기엔 부끄럽고 뭐 다른 분들도 그렇게 하는 것으로 알고 있는데 어 저는 상품이 출시가 되면 그것으로 일을 끝내지 않습니다. 처음 기획 단계서부터 기획 의도와 최종적으로 나온 제품이 맞는지를 검토하고 검수하고 이것이 시장에 나왔을 때 시장의 반응을 살핍니다. 어 그 시장에서 호응은 좋은지 뭐 소비자들이 불만이 있다 그러면 어떤 점이 불만인지 또 어떤 점은 칭찬을 하는지 등을 어 계속 피드백을 받고 조사를 해서 자료로 남깁니다. 이 자료가 쌓이면 결국은 이것이 다음 프로젝트를 진행하는 데 있어서 그 바탕이 되고 도움이 됩니다. 저는 이와 같이 제품이 출시가 되면 그것으로 끝내는 게 아니라 그것에 반응은 반응 뭐 그것의 장점과 단점 등을 어 계속 체크하고 그것을 자료로 남깁니다. 이것은 단지 국내 뿐만이 아닙니다. 저는 뭐 동종의 우리 뭐 경쟁 업체라든지 외국의 다른 회사에서 나온 제품까지도 어 가능하다면 수시로 점검을 하고 거기에 대한 자료를 포트폴리오로 남 남겨두는 것이 저의 경쟁력이라고 말씀드리고 싶습니다.","wordCount":139},"emotion":[],"intent":[{"text":"저는 뭐 동종의 우리 뭐 경쟁 업체라든지 외국의 다른 회사에서 나온 제품까지도   어 가능하다면 수시로 점검을 하고 거기에 대한 자료를 포트폴리오로 남 남겨두는 것이 저의   경쟁력이라고 말씀드리고 싶습니다.","expression":"d_trendy","category":"technology"}],"summary":{"text":"저는 상품이 출시가 되면 그것으로 일을 끝내지 않습니다. 처음 기획 의도와 최종적으로 나온 제품이 맞는지를 검토하고 검수하고 이것이 시장에 나왔을 때 시장의 반응을 살핍니다. 이것이 자료가 쌓이면 다음 프로젝트를 진행하는 데 있어서 그 바탕이 되고 도움이 됩니다. 이것은 국내 뿐만 아니라 다른 회사까지도 수시로 점검하고 자료를 남겨두는 것이 저의 경쟁력입니다.","wordCount":50}}},"rawDataInfo":{"question":{"fileFormat":"wav","fileSize":266318,"duration":8320,"samplingBit":16,"channelCount":1,"samplingRate":"16kHz","audioPath":"/Mock/06.Design/Male/Experienced/ckmk_q_ard_m_e_72368.wav"},"answer":{"fileFormat":"wav","fileSize":2671438,"duration":83480,"samplingBit":16,"channelCount":1,"samplingRate":"16kHz","audioPath":"/Mock/06.Design/Male/Experienced/ckmk_a_ard_m_e_72368.wav"}}}