{"version":"1.0","dataSet":{"info":{"date":"20230116","occupation":"ARD","channel":"MOCK","place":"ONLINE","gender":"MALE","ageRange":"35-44","experience":"EXPERIENCED"},"question":{"raw":{"text":"트렌드도 변화가 정말 빠른데요 지원자님께서는 최근 디자인 트렌드는 무엇이라고 생각되시는지 한번 자유롭게 말씀해 주시겠습니까","wordCount":14},"emotion":[],"intent":[]},"answer":{"raw":{"text":"최근 디자인 트렌드는 뭐 수년 전부터 계속 들려오고 있지만 네 여전히 계속 뭐 레트로 입니다. 네 레트로다 레트로다 계속 얘기를 하고 있는데 이게 돌아온 것 같으면서 또 완전히 돌아오진 않았고 계속 요것도 반복인데 이번에도 올해도 여전히 그 레트로의 흐름은 계속 이어지고 있습니다. 뭐 그 많이들 호불호가 갈리시는 그 통넓은 나팔바지부터 시작해서 불과 심지어 불과 거의 뭐 십 오 년 십 오 년도 채 안 된 스키니에 어 제 유행도 아주 조심스럽게 지금 스멀스멀 올라오고 있습니다. 그래서 이것은 또 이제 요즘의 어떤 그런 사고방식과 조금 맞지 않을 수는 있지만 그래도 유행은 또 돌고 돌기 때문에 디자인으로서의 그 스키니진 스키니한 그런 디자인들이 또 네 흐름을 보이고 있다 유행의 흐름을 그렇게 말씀드릴 수 있을 것 같네요.","wordCount":113},"emotion":[],"intent":[{"text":"그래서 이것은 또 이제 요즘의 어떤 그런 사고방식과   조금 맞지 않을 수는 있지만 그래도 유행은 또 돌고 돌기 때문에   디자인으로서의 그 스키니진 스키니한 그런 디자인들이 또   네 흐름을 보이고 있다 유행의 흐름을 그렇게 말씀드릴 수 있을 것 같네요.","expression":"d_trendy","category":"technology"}],"summary":{"text":"최근 디자인 트렌드는 여전히 레트로 입니다. 통넓은 나팔바지와 스키니에 제 유행도 스멀스멀 올라옵니다. 유행은 돌고 돌기 때문에 디자인으로서의 스키니진 스키니한 디자인들이 네 흐름을 보이고 있습니다. 유행의 흐름을 그렇게 말씀할 수 있을 것 같습니다.","wordCount":33}}},"rawDataInfo":{"question":{"fileFormat":"wav","fileSize":456398,"duration":14260,"samplingBit":16,"channelCount":1,"samplingRate":"16kHz","audioPath":"/Mock/06.Design/Male/Experienced/ckmk_q_ard_m_e_111583.wav"},"answer":{"fileFormat":"wav","fileSize":2730318,"duration":85320,"samplingBit":16,"channelCount":1,"samplingRate":"16kHz","audioPath":"/Mock/06.Design/Male/Experienced/ckmk_a_ard_m_e_111583.wav"}}}