{"version":"1.0","dataSet":{"info":{"date":"20230116","occupation":"ARD","channel":"MOCK","place":"ONLINE","gender":"MALE","ageRange":"-34","experience":"EXPERIENCED"},"question":{"raw":{"text":"지금 공부하고 있는 분야는 어떤 것인가요 그리고 그것을 왜 공부하는지 지금까지 어떤 것들을 배웠는지도 말씀해 주세요","wordCount":16},"emotion":[],"intent":[]},"answer":{"raw":{"text":"저는 요즘에 작사 공부를 하고 있어요. 어 우선 요즘에는 조금 그 접근해 볼 수 있는 그런 진입 장벽이 많이 낮아져 가지고 예전부터 관심은 있었지만 쉽게 다가가지 못했는데 어 시도를 해보게 됐고요. 원래부터 글 쓰는 거 관심이 있었고 취미로도 계속 꾸준히 써왔었기 때문에 이걸 토대로 쪼금 더 뭔가 함축시켜 가지고 어떤 나의 그런 원하는 말하고자 하는 그런 메세지를 어떻게 표현을 할 수 있을 것인가 로 공부를 요즘에 학원을 다니고 있어요. 그래서 그래서 그렇게 해보고 있고 또 그거를 만약에 부업으로 하게 된다 면 만약에 그게 잘 된다 면 어우 쏠쏠하잖아요. 뭐 쏠쏠하다는 말도 부족할 정도로 그래서 이것도 네 능력이고 또 직업이 될 수 있으니 열심히 해보자 해서 요즘에 학원을 다니고 있습니다.","wordCount":109},"emotion":[{"text":"원래부터 글 쓰는 거 관심이 있었고 취미로도 계속 꾸준히 써왔었기 때문에 이걸 토대로 쪼금 더   뭔가 함축시켜 가지고 어떤 나의 그런 원하는 말하고자 하는 그런   메세지를 어떻게 표현을 할 수 있을 것인가 로 공부를 요즘에   학원을 다니고 있어요.","expression":"p-interest","category":"positive"}],"intent":[{"text":"원래부터 글 쓰는 거 관심이 있었고 취미로도 계속 꾸준히 써왔었기 때문에 이걸 토대로 쪼금 더   뭔가 함축시켜 가지고 어떤 나의 그런 원하는 말하고자 하는 그런   메세지를 어떻게 표현을 할 수 있을 것인가 로 공부를 요즘에   학원을 다니고 있어요.","expression":"c_imp","category":"personality"}],"summary":{"text":"저는 원래 글 쓰는 걸 관심이 있었고 취미로도 꾸준히 써왔었기 때문에 좀 더 함축시켜 가지고 어떤 저의 원하는 메세지를 어떻게 표현을 할 수 있을 것인가로 학원을 다니고 있습니다.","wordCount":28}}},"rawDataInfo":{"question":{"fileFormat":"wav","fileSize":317838,"duration":9930,"samplingBit":16,"channelCount":1,"samplingRate":"16kHz","audioPath":"/Mock/06.Design/Male/Experienced/ckmk_q_ard_m_e_156934.wav"},"answer":{"fileFormat":"wav","fileSize":2537998,"duration":79310,"samplingBit":16,"channelCount":1,"samplingRate":"16kHz","audioPath":"/Mock/06.Design/Male/Experienced/ckmk_a_ard_m_e_156934.wav"}}}