{"version":"1.0","dataSet":{"info":{"date":"20230116","occupation":"ARD","channel":"MOCK","place":"ONLINE","gender":"MALE","ageRange":"35-44","experience":"EXPERIENCED"},"question":{"raw":{"text":"지원자님께서 지금 공부하고 있는 분야는 무엇인가요 왜 그걸 공부하고 있는지 지금까지 무엇을 배웠는지도 함께 말씀해 주세요","wordCount":16},"emotion":[],"intent":[]},"answer":{"raw":{"text":"어 지금 제가 공부하고 있는 분야는 일단은 그 예술 디자인 쪽으로 지금 공부하고 있는데 어 디자인에 대한 그 미래적으로 봤을 때는 그 배움은 정말 끝이 없는 것 같습니다. 여러 가지 인제 디자인이 있을 건데 어 전공 분야도 디자인 쪽으로 하다 보니까 뭐 사무 디자인도 있을 것이고 어 환경 디자인도 있을 것이고 여러 가지가 있는데 어 이거 정말 하나하나 공부하면서 배워가는 게 너무 재미있는 것 같습니다. 그래서 인제 디자인 회사를 또 지원하게 된 계기가 됐는데 이렇게 디자인 쪽으로 계속 하다 보니 어 이 부분이 이제 어느 순간 취미가 되다 보니까 요즘에는 또 그림도 좀 그리고 있습니다. 그 인제 그림 그리는 또 매력에도 빠지게 되고 이게 다 같은 일맥상통하는 부분이지 않을까 싶으면서 어 그런 것들을 더욱더 발전하기 위해서 어느 순간 제가 취미도 특기도 다 이런 디자인 쪽으로 관련된 일을 하다 보니까 그런 부분이 또 재밌고 앞으로도 어 저의 발전을 위해서 계속 그 부분에 대해서 공부를 하고 자기계발을 할 것 같습니다. 이상입니다.","wordCount":149},"emotion":[],"intent":[{"text":"","expression":"","category":"attitude"}],"summary":{"text":"예술 디자인 쪽으로 지금 공부하고 있는데 디자인에 대한 배움은 정말 끝이 없는 것 같습니다. 전공 분야도 디자인 쪽으로 하다 보니 사무 디자인, 환경 디자인 등 하나하나 배워가는 게 너무 재미있어 디자인 회사를 지원하게 되었고 디자인 쪽으로 계속 하다 보니 취미가 되어 그림도 그리고 있습니다.","wordCount":44}}},"rawDataInfo":{"question":{"fileFormat":"wav","fileSize":393998,"duration":12310,"samplingBit":16,"channelCount":1,"samplingRate":"16kHz","audioPath":"/Mock/06.Design/Male/Experienced/ckmk_q_ard_m_e_145833.wav"},"answer":{"fileFormat":"wav","fileSize":2671438,"duration":83480,"samplingBit":16,"channelCount":1,"samplingRate":"16kHz","audioPath":"/Mock/06.Design/Male/Experienced/ckmk_a_ard_m_e_145833.wav"}}}