{
    "version": "1.0",
    "dataSet": {
        "info": {
            "date": "20230116",
            "occupation": "ARD",
            "channel": "MOCK",
            "place": "ONLINE",
            "gender": "MALE",
            "ageRange": "35-44",
            "experience": "EXPERIENCED"
        },
        "question": {
            "raw": {
                "text": "지원자님께서 기차가 운행 시 산사태로 삼십 분 동안 정차되었습니다 지원자님이 이때 관리 책임의 위치에 있다면 어떻게 조치하실지 설명과 말씀 부탁드립니다",
                "wordCount": 20
            },
            "emotion": [],
            "intent": []
        },
        "answer": {
            "raw": {
                "text": "아 관리책임이요. 허 삼십 분 동안 정차 삼십 분이면 사실 이게 산사태가 난 거 그런 상황에 비하면 굉장히 얼마 안 된 어수한 상황일 것 같거든요. 그래서 인명 피해가 있는지부터 살필 것 같습니다. 이게 네 관리 책임이라고 하기엔 이거는 자연재해라서 어떻게 뭐 관리가 부실했다거나 이런 부분으로 책임을 질 수 있는 부분이 아니라서요. 그래서 그런 것보다 우선 사람들이 괜찮은지 뭐 승객들이 괜찮은지 뭐 같은 네 그 승무원 직원들이 괜찮은지부터 살필 것 같고요. 어 부상자가 있으면 부상자 이제 응급 치료부터 먼저 시작하고 그리고 가능한 조금 안전한 그 구역 그리고 승객들을 많이 이동을 시킨 다음에 그쪽에서 이제 음 본부라든지 아니 아니면 이런 응급 구조원 분들과 이제 소통을 시도를 할 것 같습니다. 거기서 이 조금 확인을 해보면서 다음을 봐야 될 것 같아요.",
                "wordCount": 117
            },
            "emotion": [],
            "intent": [
                {
                    "text": "",
                    "expression": "",
                    "category": "attitude"
                }
            ],
            "summary": {
                "text": "산사태가 난 거면 굉장히 어수선한 상황일 것 같습니다. 인명 피해가 있는지부터 살필 것 같고, 부상자가 있으면 응급 치료부터 먼저 시작하고, 최대한 안전한 구역, 승객들을 많이 이동 시킨 뒤에 응급 구조원 분들과 소통을 시도할 것입니다.",
                "wordCount": 34
            }
        }
    },
    "rawDataInfo": {
        "question": {
            "fileFormat": "wav",
            "fileSize": 465998,
            "duration": 14560,
            "samplingBit": 16,
            "channelCount": 1,
            "samplingRate": "16kHz",
            "audioPath": "/Mock/06.Design/Male/Experienced/ckmk_q_ard_m_e_177493.wav"
        },
        "answer": {
            "fileFormat": "wav",
            "fileSize": 2839758,
            "duration": 88740,
            "samplingBit": 16,
            "channelCount": 1,
            "samplingRate": "16kHz",
            "audioPath": "/Mock/06.Design/Male/Experienced/ckmk_a_ard_m_e_177493.wav"
        }
    }
}