{"version":"1.0","dataSet":{"info":{"date":"20230116","occupation":"ARD","channel":"MOCK","place":"ONLINE","gender":"MALE","ageRange":"35-44","experience":"EXPERIENCED"},"question":{"raw":{"text":"지원자님께서 최근 재미있게 하고 있는 일이 무엇인가요 지원자님이 그리고 그 일이 왜 재미있는지도 함께 설명과 말씀 부탁드려요","wordCount":17},"emotion":[],"intent":[]},"answer":{"raw":{"text":"저는 그 요즘 네 같은 동료들과 준비하고 있는 그 단편 영화 저희들끼리 꾸려가는 처음부터 이제 끝까지 오로지 저희 힘으로 미약하지만 네 저희끼리 꾸려나가고 있는 이 단편 영화 제작 프로젝트 아직 제작을 완수하지 못했기 때문에 제가 제작을 했다고 할 수는 없지만 제작 준비 중인 이 프로젝트가 굉장히 재미있고 또 설레고 또 두렵고 앞으로의 저희의 여정이 이게 참 밖에서 보기엔 뭐 저만한 규모의 프로젝트가 뭐가 두렵나 그냥 쪼금 쪼금 하면 끝날 그런 정도인 건데 그런 규모인 건데 싶으시겠지만 아예 아무 것도 안 해본 아가들은 그런 첫 걸음마가 참 어렵고 무섭고 하잖아요. 그래서 그런 심정으로 네 지금 하고 있고 하지만 그 지금 이 상태를 또 즐기고 있고 그래서 저는 너무 재미있고 또 같이 하는 동료들도 다 비슷한 그런 저의 감정으로 지금 이 프로젝트를 대하고 있는 것 같습니다.","wordCount":124},"emotion":[],"intent":[{"text":"","expression":"","category":"attitude"}],"summary":{"text":"단편 영화 제작 프로젝트를 제작을 했다고 할 수는 없지만 제작 준비 중인 이 프로젝트가 굉장히 재미있고 설레고 두려우며, 같이 하는 동료들도 다 비슷한 감정으로 지금 이 프로젝트를 대하고 있는 것 같습니다.","wordCount":31}}},"rawDataInfo":{"question":{"fileFormat":"wav","fileSize":459598,"duration":14360,"samplingBit":16,"channelCount":1,"samplingRate":"16kHz","audioPath":"/Mock/06.Design/Male/Experienced/ckmk_q_ard_m_e_177502.wav"},"answer":{"fileFormat":"wav","fileSize":2849678,"duration":89050,"samplingBit":16,"channelCount":1,"samplingRate":"16kHz","audioPath":"/Mock/06.Design/Male/Experienced/ckmk_a_ard_m_e_177502.wav"}}}