{"version":"1.0","dataSet":{"info":{"date":"20230116","occupation":"ARD","channel":"MOCK","place":"ONLINE","gender":"MALE","ageRange":"55-","experience":"EXPERIENCED"},"question":{"raw":{"text":"요즘 고령화 사회로 가면서 치매로 인한 문제가 많이 대두되고 있죠 이에 대해 건보 공단이 하는 일과 개선할 방안은 무엇일까요","wordCount":19},"emotion":[],"intent":[]},"answer":{"raw":{"text":"치매 돌봄 서비스를 더 확대해야 된다고 생각을 합니다. 왜냐하면 치매 어르신들은 주변에서 그분들을 항상 돌봐주어야 그 치매 어르신들이 사고가 나는 것을 막을 수가 있습니다. 그렇지만 인원이 부족해서 인원이 부족해서 그분들을 잘 돌보지 못하게 된다고 하면 그분들이 어떤 돌발적인 상황이 생겼을 때 우리는 좋지 않은 결과를 기대할 수밖에 없어요. 그렇기 때문에 그 치매 돌봄 서비스를 위한 그런 인력 확충에도 건보공단이 예산을 적극적으로 반영을 하여서 치매 돌봄 서비스 분들께 잘 이렇게 돌봄이 될 수 있도록 배치를 해야 된다고 생각합니다.","wordCount":77},"emotion":[],"intent":[{"text":"","expression":"","category":"attitude"}],"summary":{"text":"치매 어르신들을 항상 돌봐주어야 치매 어르신들이 사고가 저는 것을 막을 수가 있습니다. 치매 돌봄 서비스를 위한 인력 확충에도 건보공단이 예산을 반영해서 잘 돌봄이 될 수 있도록 배치를 해야 한다고 생각합니다.","wordCount":30}}},"rawDataInfo":{"question":{"fileFormat":"wav","fileSize":613838,"duration":19180,"samplingBit":16,"channelCount":1,"samplingRate":"16kHz","audioPath":"/Mock/06.Design/Male/Experienced/ckmk_q_ard_m_e_206140.wav"},"answer":{"fileFormat":"wav","fileSize":1886798,"duration":58960,"samplingBit":16,"channelCount":1,"samplingRate":"16kHz","audioPath":"/Mock/06.Design/Male/Experienced/ckmk_a_ard_m_e_206140.wav"}}}