{"version":"1.0","dataSet":{"info":{"date":"20230116","occupation":"ARD","channel":"MOCK","place":"ONLINE","gender":"MALE","ageRange":"45-54","experience":"EXPERIENCED"},"question":{"raw":{"text":"지원자님께서는 스트레스를 받을 때 어떻게 하시나요 지원자님만의 스트레스 해소법이 있다면 말씀해 주세요","wordCount":12},"emotion":[],"intent":[]},"answer":{"raw":{"text":"어 저만의 스트레스를 해소법이라고 하면 어 뭐 누구나 다 그렇겠지만 제가 가장 하고 싶고 이렇게 즐길 수 있는 일을 하는 거라고 생각을 합니다. 저는 개인적으로 어 낚시를 취미로 하고 있습니다. 그래서 어 뭐 스트레스가 많이 쌓였다 라든지 아니면 제 스스로 좀 휴식 힐링이 필요하다고 생각을 하면 저는 시간을 내서 낚시를 갑니다. 어 낚시를 갈 때에 뭐 혼자 가족이랑 가는 건 아니고 좀 그렇지만 가족이랑 가면은 이건 역시 좀 어 힐링이랑은 좀 약간 다름없는 다른 여행이 되다 보니까 저는 이제 가까운 친구나 이렇게 친구랑 같이 낚시를 갑니다. 아 때로는 형이랑 갑니다. 어 저희 형은 그 다른 지역에 살고 있는데 형도 약간 좀 약간 프리한 직업을 갖고 있다 보니 어 그 시간만 잘 맞추며는 이제 낚시를 갈 수 있습니다. 그래서 최근에는 주로 어 친구보다는 형이랑 낚시를 갔던 것 같습니다. 일단 낚시를 가면 되게 안정이 됩니다. 뭐 형이랑 동생이랑 관계 때문인지 오히려 친구랑 이렇게 갔을 때보다 덜 북적북적하고 어 각자 사색도 좀 즐길 수 있고 낚시를 하면서 편합니다. 그 뭐 크게 뭐 낚시에 가 가지고 뭘 해 먹고 이런 거 없이 그냥 라면 정도 끓여 먹으면서 그냥 낚시를 하는 게 어 저로서는 휴식을 할 수 있는 그 방법입니다.","wordCount":185},"emotion":[],"intent":[{"text":"저는 개인적으로   어 낚시를 취미로 하고 있습니다.","expression":"c_private","category":"background"}],"summary":{"text":"저만의 스트레스 해소법이라고 하면 가장 하고 싶고 즐길 수 있는 일을 하는 것이라 생각하며, 개인적으로 낚시를 취미로 하고 있습니다. 최근에는 주로 형이랑 낚시를 갔던 것 같습니다. 각자 사색도 좀 즐길 수 있고 낚시를 하면서 편합니다. 크게 낚시에 가 가지고 뭘 해 먹고 이런 거 없이 라면 정도 끓여 먹으면서 낚시를 하는 게 저로서는 휴식을 할 수 있는 그 방법입니다.","wordCount":59}}},"rawDataInfo":{"question":{"fileFormat":"wav","fileSize":310478,"duration":9700,"samplingBit":16,"channelCount":1,"samplingRate":"16kHz","audioPath":"/Mock/06.Design/Male/Experienced/ckmk_q_ard_m_e_74877.wav"},"answer":{"fileFormat":"wav","fileSize":2857678,"duration":89300,"samplingBit":16,"channelCount":1,"samplingRate":"16kHz","audioPath":"/Mock/06.Design/Male/Experienced/ckmk_a_ard_m_e_74877.wav"}}}