{"version":"1.0","dataSet":{"info":{"date":"20230116","occupation":"ARD","channel":"MOCK","place":"ONLINE","gender":"MALE","ageRange":"45-54","experience":"EXPERIENCED"},"question":{"raw":{"text":"지원자에게 질문 하나 하겠습니다 지원자께서 지원한 직무에 가장 중요한 역량은 무엇이라고 생각하시는지 그것에 대해서 말씀해 주십시오","wordCount":16},"emotion":[],"intent":[]},"answer":{"raw":{"text":"어 지원한 직무가 디자인인 만큼 저는 가장 중요한 영 역량은 상상력이라고 생각을 합니다. 이 디자인이라는 것은 어 뭐 기존에 있던 것을 디자인 하거나 아니면 기존에 없던 것을 디자인화해서 뭔가 새로운 것을 창조해내는 작업이라고 생각을 합니다. 그러기 때문에 상상력은 디자인의 가장 어 기본이고 처음 시작 단계입니다. 어 상상력을 잘하는 사람은 어 뭔가 새로운 것을 만들어낼 가능성이 높고 다른 사람들이 미처 생각하지 못했던 부분을 생각해내는 경우가 많습니다. 그래서 저는 디자인이라는 작업이 어 무엇을 뭐 계산하고 만들어 뭐 깎아내고 무엇을 이렇게 어 수취한 작업이 아니기 때문에 저는 디자인에서는 디자인 부분에 있어서 만큼은 가장 중요한 것은 상상력이라고 생각합니다.","wordCount":94},"emotion":[],"intent":[{"text":"","expression":"","category":"attitude"}],"summary":{"text":"디자인이라는 것은 기존에 없던 것을 디자인화해서 새로운 것을 창조해내는 작업이기 때문에 디자인에 있어서 가장 중요한 역량은 상상력이라고 생각합니다.","wordCount":18}}},"rawDataInfo":{"question":{"fileFormat":"wav","fileSize":438478,"duration":13700,"samplingBit":16,"channelCount":1,"samplingRate":"16kHz","audioPath":"/Mock/06.Design/Male/Experienced/ckmk_q_ard_m_e_75155.wav"},"answer":{"fileFormat":"wav","fileSize":2087758,"duration":65239,"samplingBit":16,"channelCount":1,"samplingRate":"16kHz","audioPath":"/Mock/06.Design/Male/Experienced/ckmk_a_ard_m_e_75155.wav"}}}