{"version":"1.0","dataSet":{"info":{"date":"20230116","occupation":"ARD","channel":"MOCK","place":"ONLINE","gender":"MALE","ageRange":"45-54","experience":"EXPERIENCED"},"question":{"raw":{"text":"본인이 최근에 본 뉴스들 가운데 가장 인상 깊었던 뉴스는 무엇인가요 그 뉴스에 대해 말씀해 주시고 무엇인지 이유도 함께 말씀해 주세요","wordCount":20},"emotion":[],"intent":[]},"answer":{"raw":{"text":"뭐 요즘 뉴스를 보면 뭐 정치판이 하도 어지러워 가지고 뭐 거의 다 정치 얘기 뿐인데 정치 어 뉴스를 제외하고 최근 제가 좀 관심 있게 생각했던 것은 방탄소년단이 군대를 가야 하느냐 말하냐 말아야 하느냐에 대한 국민적 여론이었습니다. 어 저도 방탄소년단을 잘 알고 있습니다. 저희 아이가 방탄소년단을 워낙 좋아해가지고 다른 뭐 뮤지션들 아이돌에 비해서 좀 관심 많이 갖고 알고 있는데 어 저는 방탄소년단이 우리나라에 우리 뭐 케이걸쳐 케이문화 케이팝을 뭐 전 세계에 알리고 어 홍보하는데 어 혁혁한 공을 세웠다 라고 생각을 합니다. 현재 군 병역 제도에는 어 뭐 올림픽이라든지 아시안게임에서 뭐 메달을 딴다 라든지 어 국익을 위해서 도움을 주었다라든지 이런 경우 군대가 면제되는 케이스가 있습니다. 어 방탄소년단 역시 어 우리나라를 홍보하고 우리나라의 대외적인 이미지를 고취시키고 우리 문화의 우수성을 알리는 데 혁혁한 공을 세웠다 라고 세운 것을 알고 있음 인정합니다. 또한 그들은 뭐 훈장도 받았고요. 하지만 이들은 대중문화인입니다. 어 대한민국의 모든 남성은 병역의 의무를 지듯이 이들의 혁혁한 공은 인정하되 이들 역시 군대는 가야 되는 게 맞다 라고 생각을 합니다.","wordCount":156},"emotion":[],"intent":[{"text":"","expression":"","category":"attitude"}],"summary":{"text":"최근 관심이 쏠린 것은 병역 여부에 대한 국민적 여론이었습니다. 저는방탄소년단이 우리나라를 홍보하고 대외적인 이미지를 고취시키고 우리 문화의 우수성을 알리는 데 혁혁한 공을 세웠다고 생각합니다. 대한민국의 모든 남성이 병역의 의무를 지듯 이들도 군대는 가야 된다고 생각합니다.","wordCount":35}}},"rawDataInfo":{"question":{"fileFormat":"wav","fileSize":526478,"duration":16450,"samplingBit":16,"channelCount":1,"samplingRate":"16kHz","audioPath":"/Mock/06.Design/Male/Experienced/ckmk_q_ard_m_e_74085.wav"},"answer":{"fileFormat":"wav","fileSize":2841358,"duration":88790,"samplingBit":16,"channelCount":1,"samplingRate":"16kHz","audioPath":"/Mock/06.Design/Male/Experienced/ckmk_a_ard_m_e_74085.wav"}}}