{"version":"1.0","dataSet":{"info":{"date":"20230116","occupation":"ARD","channel":"MOCK","place":"ONLINE","gender":"MALE","ageRange":"45-54","experience":"EXPERIENCED"},"question":{"raw":{"text":"지금 지원자가 내일 죽는다는 사실을 알게 됐다면 당장 무엇을 할 것인지 한번 말씀해 주세요","wordCount":14},"emotion":[],"intent":[]},"answer":{"raw":{"text":"어 너무 철학적인 질문인데 어 어떤 철학자는 내일 죽는다면 나는 오늘 한 그루에 사과나무를 심겠다 라고 말씀을 말을 했다고 하는데 저는 정말 내일 죽는다면 오늘은 어 제가 가장 사랑하는 가족과 함께 시간을 하고 싶습니다. 어 저는 두 아이의 아빠며 한 여자의 남편이고 남편입니다. 뭐 부모님은 두 분 다 돌아가셔가지고 좀 그렇지만 어쨌든 저는 제 가장 사랑하는 존재들과 그 남은 시간을 보내고 그들과 추억을 얘기하고 그들과 함께 시간을 하겠습니다. 어 좀 질문하곤 다른 대답이지만 저는 내일 죽는다면 어 오늘 내가 사랑했던 뭐 가족 친구 이런 사람들한테 고마웠단 말을 전하고 싶습니다. 어 제가 뭐 오십 여년 살아오면서 너무나 주변에 도움을 많이 받고 어 관심을 받아서 그나마 제 삶이 여러분으로 인해서 행복했다고 감사하다고 그 말을 꼭 전하고 싶습니다.","wordCount":115},"emotion":[{"text":"어 저는 두 아이의 아빠며 한 여자의 남편이고 남편입니다.","expression":"u-fact","category":"neutral"}],"intent":[{"text":"","expression":"","category":"attitude"}],"summary":{"text":"내일 죽는다면 제 가장 사랑하는 가족과 함께 시간을 보내고 그들과 추억을 얘기하고 함께 시간을 갖고 싶습니다. 주변에 도움을 많이 받고 관심을 받아서 제 삶이 여러분으로 인해서 행복했다고 전하고 싶습니다.","wordCount":29}}},"rawDataInfo":{"question":{"fileFormat":"wav","fileSize":347278,"duration":10850,"samplingBit":16,"channelCount":1,"samplingRate":"16kHz","audioPath":"/Mock/06.Design/Male/Experienced/ckmk_q_ard_m_e_74879.wav"},"answer":{"fileFormat":"wav","fileSize":2558478,"duration":79950,"samplingBit":16,"channelCount":1,"samplingRate":"16kHz","audioPath":"/Mock/06.Design/Male/Experienced/ckmk_a_ard_m_e_74879.wav"}}}