{"version":"1.0","dataSet":{"info":{"date":"20230116","occupation":"ARD","channel":"MOCK","place":"ONLINE","gender":"MALE","ageRange":"35-44","experience":"EXPERIENCED"},"question":{"raw":{"text":"면접자님이 가진 단점이 있다면 한번 말씀해 보시고 이를 보완하기 위해 노력을 하셨다면 함께 말씀해 주세요","wordCount":15},"emotion":[],"intent":[]},"answer":{"raw":{"text":"음 저의 그 단점에 대해서 말씀을 드리겠습니다. 아 일단 저의 단점이라고 하자면은 좀 여유를 갖고 또 자기 워라밸을 좀 중요시 여깁니다. 그래서 휴식이 있어야 또 그날의 힘을 또다시 되찾고 다음날 또 리플래쉬 된 마음으로 할 수 있다고 생각하기 때문에 어 이런 뭐 퇴근 시간이라든지 뭐 이런 것들을 좀 중요시 여깁니다. 그래서 이런 것들을 남들이 봤을 때 단점이라고 될 수 있을 거라고 생각을 하는데 그렇다고 해서 제가 뭐 일을 놓친다거나 뭐 부족하게 한다거나 그런 건 아닙니다. 업무 시간에 그래서 저는 저만의 노력이 인제 있다고 하자면은 어 더욱더 일을 놓치지 않고 남들보다 더 월등하게 하기 위해서 저는 업무시간 때 굉장히 집중해서 하는 스타일입니다. 출근 했을 때는 정말 일만 일만 해서 집중하고 퇴근 시간이 되면 퇴근해서 또 저만의 인제 여가 시간을 보내야 하기 때문에 그 부분이 저는 좀 명확하게 있다 보니까 어 주변에서 봤을 때는 좀 약간 쟤는 퇴근도 빠르고 좀 그런 것 같다 뭐 이렇게 보는 단점이 있을 것 같습니다. 이상입니다.","wordCount":149},"emotion":[],"intent":[{"text":"","expression":"","category":"attitude"}],"summary":{"text":"저는 좀 여유를 갖고 또 자기 워라밸을 중요시 여깁니다. 그래서 퇴근 시간이나 이런 것들을 좀 중요시 여기는데 그렇다고 해서 일을 놓친다거나 부족하게 한다거나 하는 것은 아닙니다. 업무 시간에 더욱더 일을 놓치지 않고 남들보다 더 월등하게 하기 위해서 제가 업무시간 때 굉장히 집중해서 하는 스타일입니다.","wordCount":44}}},"rawDataInfo":{"question":{"fileFormat":"wav","fileSize":375118,"duration":11720,"samplingBit":16,"channelCount":1,"samplingRate":"16kHz","audioPath":"/Mock/06.Design/Male/Experienced/ckmk_q_ard_m_e_145841.wav"},"answer":{"fileFormat":"wav","fileSize":2693838,"duration":84180,"samplingBit":16,"channelCount":1,"samplingRate":"16kHz","audioPath":"/Mock/06.Design/Male/Experienced/ckmk_a_ard_m_e_145841.wav"}}}