{"version":"1.0","dataSet":{"info":{"date":"20230116","occupation":"ARD","channel":"MOCK","place":"ONLINE","gender":"MALE","ageRange":"55-","experience":"EXPERIENCED"},"question":{"raw":{"text":"어 배달의민족 서비스를 사용하시면서 지원자님께서 아쉬웠던 점이 있으신가요 또 있으시다면 어떤 점이 아쉬우셨는지 그리고 무엇이 아쉬우셨는지 말씀해 주시길 바랍니다","wordCount":19},"emotion":[],"intent":[]},"answer":{"raw":{"text":"배달의 민족을 사용하면서 아쉬운 부분은 배달을 담당하시는 분이 여러 집을 동시에 배달을 할 경우 음식이 많이 식거나 음식이 많이 흐트러지는 경우가 있었습니다. 중국집 같은 경우 음식이 식으면 맛이 많이 떨어지게 됩니다. 한신 같은 경우 반찬이 많이 섞이게 되면 맛이 역시 떨어지게 됩니다. 이런 부분에 있어서 음식 배달이 오래 걸리고 음식이 식게 되어서 맛이 떨어지면 아쉽게 생각했습니다.","wordCount":56},"emotion":[],"intent":[{"text":"","expression":"","category":"attitude"}],"summary":{"text":"배달의 민족을 사용하면서 아쉬운 점은 배달 담당분이 여러 집을 동시에 배달을 할 경우 음식이 많이 식거나 음식이 많이 흐트러지는 경우가 있었습니다.","wordCount":21}}},"rawDataInfo":{"question":{"fileFormat":"wav","fileSize":505678,"duration":15800,"samplingBit":16,"channelCount":1,"samplingRate":"16kHz","audioPath":"/Mock/06.Design/Male/Experienced/ckmk_q_ard_m_e_260955.wav"},"answer":{"fileFormat":"wav","fileSize":1606478,"duration":50200,"samplingBit":16,"channelCount":1,"samplingRate":"16kHz","audioPath":"/Mock/06.Design/Male/Experienced/ckmk_a_ard_m_e_260955.wav"}}}