{"version":"1.0","dataSet":{"info":{"date":"20230116","occupation":"ARD","channel":"MOCK","place":"ONLINE","gender":"MALE","ageRange":"-34","experience":"EXPERIENCED"},"question":{"raw":{"text":"혹시 특별히 가고 싶은 회사가 있나요 가고 싶은 회사가 있다면 거기서 특정 도메인이 중요한지 아니면 회사의 분위기가 중요한지 어떤 점들을 중점적으로 보시는지 궁금합니다","wordCount":23},"emotion":[],"intent":[]},"answer":{"raw":{"text":"어 저는 사실 회사의 어떤 네임 밸류는 전혀 중요하지 않아요. 저는 아직 나이도 어리고 그리고 제가 할 수 있는 것들이 아직 무궁무진하게 많다고 생각을 합니다. 저는 꽤 괜찮은 인재라서요. 그래서 그냥 제가 봤을 때 어떤 성장이 흥미로운 회사 어떤 꼭 그 회사에 그 발전 단계가 뭐 느릴지라도 그 회사에서 바라보는 방향이 제가 생각하는 결과 맞다면 전혀 상관이 없습니다. 정말 완전 소규모라도 전혀 상관이 없고요. 그냥 저는 제가 끌리는 회사에 가는 게 중요합니다. 그리고 회사의 분위기는 당연히 강압적이면 안되고 네 말 그대로 옛 스타일을 고수하는 회사라면 아무리 제 방향과 맞다고 하더라도 뭐 일주일도 길죠 한 하루 이틀 길면 삼 일 나가 보고 저는 바로 그만둘 수 있습니다.","wordCount":106},"emotion":[],"intent":[{"text":"그냥 저는 제가 끌리는 회사에 가는 게 중요합니다.","expression":"c_value","category":"background"}],"summary":{"text":"저는 나이가 어리고 할 수 있는 것들이 많기 때문에 회사의 네임 밸류는 중요하지 않습니다. 저는 제가 끌리는 회사에 가는 게 중요하다고 생각합니다. 회사의 분위기가 강압적이면 안되고 옛 스타일을 고수하는 회사는 일주일만 가는것도 힘듭니다.","wordCount":33}}},"rawDataInfo":{"question":{"fileFormat":"wav","fileSize":482958,"duration":15090,"samplingBit":16,"channelCount":1,"samplingRate":"16kHz","audioPath":"/Mock/06.Design/Male/Experienced/ckmk_q_ard_m_e_156938.wav"},"answer":{"fileFormat":"wav","fileSize":2533198,"duration":79160,"samplingBit":16,"channelCount":1,"samplingRate":"16kHz","audioPath":"/Mock/06.Design/Male/Experienced/ckmk_a_ard_m_e_156938.wav"}}}