{"version":"1.0","dataSet":{"info":{"date":"20230116","occupation":"ARD","channel":"MOCK","place":"ONLINE","gender":"MALE","ageRange":"35-44","experience":"EXPERIENCED"},"question":{"raw":{"text":"지원자분 어 본인은 삶을 살아가면서 사람들과 많은 협업을 했을 텐데요 그 협업을 할 때에 가장 어려웠던 점이 있다면 그것은 무엇이었나요 어떻게 극복했는지도 말씀해 주세요","wordCount":24},"emotion":[],"intent":[]},"answer":{"raw":{"text":"네 사람들과 협업을 하면서 가장 어려운 점은 뭐니 뭐니 해도 의사소통일 거 같습니다. 어 서로 의사가 통하고 서로 생각하는 것을 일치화 시키는 것이 제일 어려울 것 같은데 그 부분에 대해서는 사람마다 다 살아온 인생이 틀리고 자기만의 가치관이 틀리기 때문에 성격이 다 틀립니다. 그런 것들을 맞춰 나가는 의사소통과 협동심이 중요할 거 같은데 무슨 일을 하든 협업을 하는 데 있어서 그 부분이 가장 중요한 부분인 거 같고 그거를 이제 극복하기 위해서 어 중요했던 그 의사소통을 원활하게 하기 이 제일 중요했던 거는 어 어 도 하급자든 상급자든 어 경청을 해줬던거 같습니다. 상대방이 무엇을 원하는지 무엇을 요구하는지를 일단 들어보고 내 생각과 맞는 부분과 안 맞는 부분에 대해서 또 저도 얘기하는 부분에 있어서 또 그 사람의 말에 웬만하면 맞춰줄려고 노력을 했던 것 같습니다. 경청을 한다는 거는 그 상대방의 말을 들을 준비가 돼있고 니가 어떻게 원하는지를 내가 받아들일 준비가 되어 있다는 자세이기 때문에 그런 것들을 극복하기 위해서 상대방의 말을 잘 들으려고 노력했던 거 같습니다. 네 이상입니다.","wordCount":150},"emotion":[],"intent":[{"text":"","expression":"","category":"attitude"}],"summary":{"text":"협업할 때 가장 어려운 점은 의사소통일 것 같습니다. 사람마다 살아온 인생과 가치관이 다르기 때문에 의사소통과 협동심이 중요하다고 할 수 있습니다. 협업을 할 때 가장 중요한 것은 하급자든 상급자든 경청을 해주는 것이었습니다. 경청이란 상대방의 말을 들을 준비가 돼 있고 원하는지를 제가 받아들일 준비가 되어 있다는 자세입니다.","wordCount":45}}},"rawDataInfo":{"question":{"fileFormat":"wav","fileSize":544078,"duration":17000,"samplingBit":16,"channelCount":1,"samplingRate":"16kHz","audioPath":"/Mock/06.Design/Male/Experienced/ckmk_q_ard_m_e_145842.wav"},"answer":{"fileFormat":"wav","fileSize":2713038,"duration":84780,"samplingBit":16,"channelCount":1,"samplingRate":"16kHz","audioPath":"/Mock/06.Design/Male/Experienced/ckmk_a_ard_m_e_145842.wav"}}}