{"version":"1.0","dataSet":{"info":{"date":"20230116","occupation":"ARD","channel":"MOCK","place":"ONLINE","gender":"MALE","ageRange":"45-54","experience":"EXPERIENCED"},"question":{"raw":{"text":"해당 직무에서 어떤 일을 하는지 그리고 어떤 능력이 필요한지 알고 계시는지 설명 부탁드리겠습니다","wordCount":13},"emotion":[],"intent":[]},"answer":{"raw":{"text":"저는 경력직으로 지원한만큼 해당 직무에서 어떤 제가 어떤 일을 해야 되고 제가 어떤 위치인지 어 너무나 잘 알고 있습니다. 어 저는 어 동종 업종에 한 이십 오 년 이상을 근무를 해왔고 그 처음 뭐 사원서부터 뭐 대리 과장 부장을 거쳐서 최근에는 이사직까지 어 타이틀을 달았습니다. 그러다 보니 업무의 전반적인 내용을 잘 파악하고 있고 이 시장이 앞으로 어떻게 발전될지 어 앞으로 어떻게 어 우리가 거기에 맞춰서 나가야 될지에 대한 계획이 나름 서 있습니다. 지금은 정말 무한 경쟁 시댑니다. 어 단 남들과 똑같이 해서는 결코 성과를 나타낼 수 없기 때문에 저는 어 우리만의 우리 회사만의 고유한 어떤 특징이 있어야 된다 라고 생각을 합니다. 저는 개인적으로 그거를 개인 여행이라고 생각을 합니다. 어 아직도 뭐 여행 패턴이 대개 패키지여행으로 주를 이루지만 앞으로 점점 개인 여행을 가는 그 수요는 점점 늘어날 거라고 생각합니다. 특히 요즘 젊은 사람들은 절대로 패키지 여행을 가지 않습니다. 여행지에 가서 자기가 보고 싶은 거 자기가 먹고 싶은 거 자기가 하고 싶은 일을 하기 때문에 저는 패키지 여행보다는 앞으로 개인 여행이 더 주류를 이루고 이 쪽을 더 열심히 공부하고 준비해야 된다 라고 생각합니다.","wordCount":171},"emotion":[],"intent":[{"text":"","expression":"","category":"attitude"}],"summary":{"text":"저는 경력직으로 지원한만큼 해당 직무에서 어떤 일을 해야 되고 어떤 위치인지 잘 알고 있습니다. 지금은 무한 경쟁 시대이기 때문에 우리 회사만의 고유한 특징이 있어야 된다고 생각하며 그것을 개인 여행이라고 생각합니다. 특히 요즘 젊은 사람들은 절대로 패키지 여행을 가지 않으므로 앞으로 개인 여행이 더 주류를 이루고 이것을 더 열심히 공부하고 준비해야 된다고 생각합니다.","wordCount":52}}},"rawDataInfo":{"question":{"fileFormat":"wav","fileSize":326798,"duration":10210,"samplingBit":16,"channelCount":1,"samplingRate":"16kHz","audioPath":"/Mock/06.Design/Male/Experienced/ckmk_q_ard_m_e_74878.wav"},"answer":{"fileFormat":"wav","fileSize":2834318,"duration":88570,"samplingBit":16,"channelCount":1,"samplingRate":"16kHz","audioPath":"/Mock/06.Design/Male/Experienced/ckmk_a_ard_m_e_74878.wav"}}}