{"version":"1.0","dataSet":{"info":{"date":"20230116","occupation":"ARD","channel":"MOCK","place":"ONLINE","gender":"MALE","ageRange":"55-","experience":"EXPERIENCED"},"question":{"raw":{"text":"만약 업무 수행 중 팀원과 불화가 발생하게 된다면 어떻게 해결하시겠어요 해결법과 그 이유를 함께 말씀해 주시기 바랍니다","wordCount":17},"emotion":[],"intent":[]},"answer":{"raw":{"text":"같이 일을 하던 팀원과 불화가 생긴다면 해결하는 거는 사실 쉽지는 않습니다. 저는 옛날 같으면 잘잘못을 따지거나 논리를 이용하여 문제를 해결하려 할 것이나 요즘은 이 그 방식이 약간 다릅니다. 은퇴를 하고 제 이의 인생을 준비하는 과정에서 팀원과 불화가 생긴다면 먼저 사과를 하겠습니다. 먼저 사과를 해서 팀원과 저와 모두 감정이 안정된 상태에서 시간을 가지고 차근차근 협엽을 할 수 있는 방법을 연구를 하겠습니다. 시간이 지나면서 한 번의 한 부분만 제가 문제가 있다고 생각하는 부분을 불화가 생긴 팀원과 상의를 해서 해결 방안을 찾도록 노력하겠습니다.","wordCount":80},"emotion":[],"intent":[{"text":"먼저 사과를 해서 팀원과 저와 모두 감정이 안정된 상태에서 시간을 가지고 차근차근 협엽을 할 수 있는 방법을 연구를 하겠습니다.","expression":"c_confl_mg","category":"personality"},{"text":"시간이 지나면서 한 번의 한 부분만 제가 문제가 있다고 생각하는 부분을 불화가 생긴 팀원과 상의를 해서 해결 방안을 찾도록 노력하겠습니다.","expression":"c_confl_mg","category":"personality"}],"summary":{"text":"저는 은퇴 후 팀원과 불화가 생긴다면 먼저 사과를 하여 감정의 안정된 상태에서 천천히 협의를 할 수 있는 방법을 연구하겠습니다. 또한 불화가 생긴 팀원과 상의를 해서 해결 방안을 찾도록 노력하겠습니다.","wordCount":29}}},"rawDataInfo":{"question":{"fileFormat":"wav","fileSize":413518,"duration":12920,"samplingBit":16,"channelCount":1,"samplingRate":"16kHz","audioPath":"/Mock/06.Design/Male/Experienced/ckmk_q_ard_m_e_260962.wav"},"answer":{"fileFormat":"wav","fileSize":2286798,"duration":71460,"samplingBit":16,"channelCount":1,"samplingRate":"16kHz","audioPath":"/Mock/06.Design/Male/Experienced/ckmk_a_ard_m_e_260962.wav"}}}