{"version":"1.0","dataSet":{"info":{"date":"20230116","occupation":"ARD","channel":"MOCK","place":"ONLINE","gender":"MALE","ageRange":"-34","experience":"EXPERIENCED"},"question":{"raw":{"text":"만약 타 부서와 갈등이 생긴다면 어떻게 해결하시겠습니까 상황을 가정해 보시고 말씀해 주시기 바랍니다","wordCount":13},"emotion":[],"intent":[]},"answer":{"raw":{"text":"음 당연히 대화를 할 것 같아요. 네 물론 이제 대화가 안 됐으니까 그 전에 갈등이 발생을 했겠죠. 뭐 이것도 사실 근데 좀 섣부른 판단일 수가 있겠네요. 각자들이 서로 참기만 하다가 음 발생되는 경우들도 많으니까 그래서 가능한 한 그 서로에 윈윈을 위해서 대화를 쪼금 오랫동안 지속을 해보고 그게 통하지 않는다면 그거로 해결이 안 된다면 그러니까 한쪽만 행복한 부분이거나 한쪽이 너무 손해를 보는 그런 상황만 발생이 되는 거라면 모 다른 선택의 여지가 있을까요. 상위에 보고 보고를 해야죠 이거는. 그래서 그 선택을 받아야겠죠 이거는. 이건 뭐 저희만의 부분으로 계속 밀고 나갈 수도 없고 그 부서도 마찬가지로 그것만 하면은 저희가 말도 안 되는 거니까 그래서 네 결정을 기다릴 것 같아요 아 아무 것도 안 된다면.","wordCount":111},"emotion":[],"intent":[{"text":"","expression":"","category":"attitude"}],"summary":{"text":"서로에 윈윈을 위해 대화를 지속해보고 이것이 통하지 않는다면 한쪽만 행복한 부분이나 한쪽이 너무 손해를 보는 상황이 발생되는 거라면 상위에 보고해야 합니다. 그리고 선택을 받아야 합니다.","wordCount":25}}},"rawDataInfo":{"question":{"fileFormat":"wav","fileSize":408398,"duration":12760,"samplingBit":16,"channelCount":1,"samplingRate":"16kHz","audioPath":"/Mock/06.Design/Male/Experienced/ckmk_q_ard_m_e_156940.wav"},"answer":{"fileFormat":"wav","fileSize":2771918,"duration":86620,"samplingBit":16,"channelCount":1,"samplingRate":"16kHz","audioPath":"/Mock/06.Design/Male/Experienced/ckmk_a_ard_m_e_156940.wav"}}}