{"version":"1.0","dataSet":{"info":{"date":"20230116","occupation":"ARD","channel":"MOCK","place":"ONLINE","gender":"MALE","ageRange":"35-44","experience":"EXPERIENCED"},"question":{"raw":{"text":"일을 하던 중 팀원과 불화가 생긴다면 어떻게 해결하시겠습니까 해결법과 그 이유를 말씀해 주세요","wordCount":13},"emotion":[],"intent":[]},"answer":{"raw":{"text":"어 해결하려고 하는 건 아니지만 어쨌든 저는 대화를 할 거 같애요. 네 그까 서로가 말을 할 거 같애요. 그 사람과 대화를 이어가려고 할 거 같애요. 네 왜냐하면 그게 그까 참 이것도 뭔가 계속 아이러니의 연속인 것 같은 말이긴 하지만 그까 불화가 생긴다고 해서 그러니까 그 불화가 생기는 건 저와 어 상대가 무언가 맞지 않는다는 게 있다는 거고 그 맞지 않음을 또 서로가 어 존중해주지 않아서 유지가 되는 걸까요. 그 맞지 않는다는 걸 서로가 우선 인정을 하는 상태인 거기 때문에 거기서의 어떤 감정적인 부분들이 또 올라오는 게 결국 불화로 번지는 그런 방향인 것 같긴 한데 그 감정적인 걸 조금 지워내고 싶다는 생각은 지금 드는데 그것도 그거지만 저는 서로의 차이에 대한 그 다름에 대한 부분으로 계속 이야기를 조금 이어나가고 싶은 생각이 들어요. 해결은 관계없어요.","wordCount":122},"emotion":[],"intent":[{"text":"","expression":"","category":"attitude"}],"summary":{"text":"불화가 생긴다고 해서 서로 맞지 않는다는 걸 서로가 우선 인정을 하는 상태라서 감정적인 부분들이 올라오는 게 불화로 번지는 것 같은데, 서로의 차이에 대한 그 다름에 대한 부분으로 이야기를 조금 이어나가고 싶은 생각이 듭니다.","wordCount":33}}},"rawDataInfo":{"question":{"fileFormat":"wav","fileSize":320078,"duration":10000,"samplingBit":16,"channelCount":1,"samplingRate":"16kHz","audioPath":"/Mock/06.Design/Male/Experienced/ckmk_q_ard_m_e_178827.wav"},"answer":{"fileFormat":"wav","fileSize":2884558,"duration":90140,"samplingBit":16,"channelCount":1,"samplingRate":"16kHz","audioPath":"/Mock/06.Design/Male/Experienced/ckmk_a_ard_m_e_178827.wav"}}}