{"version":"1.0","dataSet":{"info":{"date":"20230116","occupation":"ARD","channel":"MOCK","place":"ONLINE","gender":"MALE","ageRange":"35-44","experience":"EXPERIENCED"},"question":{"raw":{"text":"소통 역량을 키우기 위해서 어떤 방법을 사용하시겠습니까","wordCount":7},"emotion":[],"intent":[]},"answer":{"raw":{"text":"어 소 소통 능력을 키우기 위해서 제일 중요한 것은 어 커뮤니케이션 즉 대화 능력입니다. 이러한 대화 능력을 키우기 위해서는 어쩔 수 없습니다. 사람과 직원과 하급자와 상급자와 대화는 대화를 자주 해야 합니다. 사소한 것도 상관없습니다. 개인적인 일인 것도 상관없습니다. 그렇게 인제 하다보면은 그 사람과의 나와의 그런 신뢰가 만들어집니다. 이제 신뢰가 만들어지게 되면 업무를 하면서도 분명히 소통을 해야 하는 상황 상대방을 설득해야 하는 상황이 올 수 밖에 없는데 이제 그런 상황에서 대처할 수 있는 능력이 만들어지는 것입니다. 그래서 그런 능력 키우기 위해서는 제일 좋은 일은 대화를 많이 하는 것입니다. 그래서 그 사람 간의 소통 능력이 그렇다면 만들어지는데 그럼 이제 새로운 사람을 만났을 때도 어 당황하지 않고 뭐 불편함 없이 또 먼저 다가갈 수 있는 그런 자세가 만들어졌던 것 같습니다. 그래서 소통력을 키우기 위해서 제일 먼저 할 수 있는 것은 어 먼저 다가가는 법 먼저 대화를 걸고 대화가 이어질 수 있고 서로 간의 신뢰가 만들어질 수 있는 그런 단계가 소통 능력을 키울 수 있는 일이 될 것 같습니다. 네 이상입니다.","wordCount":157},"emotion":[],"intent":[{"text":"","expression":"","category":"attitude"}],"summary":{"text":"소통 능력을 키우기 위해서 가장 중요한 것은 커뮤니케이션 즉 대화 능력입니다. 대화를 자주 해야 그 사람과의 나와의 신뢰가 만들어집니다. 소통력을 키우기 위해서 제일 먼저 할 수 있는 것은 먼저 다가가는 법 먼저 대화를 걸고 대화가 이어질 수 있고 서로 간의 신뢰가 만들어질 수 있는 그런 단계가 소통 능력을 키울 수 있는 일이 될 것입니다.","wordCount":54}}},"rawDataInfo":{"question":{"fileFormat":"wav","fileSize":304718,"duration":9520,"samplingBit":16,"channelCount":1,"samplingRate":"16kHz","audioPath":"/Mock/06.Design/Male/Experienced/ckmk_q_ard_m_e_91642.wav"},"answer":{"fileFormat":"wav","fileSize":2846158,"duration":88940,"samplingBit":16,"channelCount":1,"samplingRate":"16kHz","audioPath":"/Mock/06.Design/Male/Experienced/ckmk_a_ard_m_e_91642.wav"}}}