{"version":"1.0","dataSet":{"info":{"date":"20230116","occupation":"ARD","channel":"MOCK","place":"ONLINE","gender":"MALE","ageRange":"35-44","experience":"EXPERIENCED"},"question":{"raw":{"text":"만약 지원자님께서 일을 하시다가 상사에게 어려운 지시를 받으면 어떻게 하실건가요 그 이유도 함께 말씀해 주시기 바랍니다","wordCount":16},"emotion":[],"intent":[]},"answer":{"raw":{"text":"음 업무를 진행하다 보면은 상급자에게 분명히 어려운 지시라든지 본인이 할 수 없는 일에 대해서 과도하게 업무를 줄 때가 있을 겁니다. 그러면 저 같은 경우는 그런 상황에 따라서 일단 처음에는 좋게 긍정적으로 생각했던 것 같습니다. 아 이 사람이 날 신뢰해서 이렇게 하는 건지 아니면 뭐 감정적으로 괴롭히기 위해서 그렇게 하는 건지를 일단은 판단을 해 보고 아 이게 만약에 긍정적인 시그널로 나에게 이렇게 했다고 하면은 더욱더 재미있고 더욱더 최선을 다해서 훌륭하게 성공시키지 않았을까 생각을 해봅니다. 그래서 이게 만약에 제가 할 수 없는 불가능한 일이라 하면은 일단은 시도를 해보고 어떤 부분이 제한이 됐고 어떤 부분에 역량이 안 돼서 제한됐을 거에 대해서 그 상급자에게 다시 한번 요구를 했을 거 같습니다. 그렇게 했을 때 이런 상황이 왔을 때 대처 했을 때에 상급자도 기분이 나쁘지 않고 상급자도 다시 한번 그 상황을 판단할 수 있는 그런 기회가 되지 않을까 싶습니다. 네 이상입니다.","wordCount":135},"emotion":[],"intent":[{"text":"","expression":"","category":"attitude"}],"summary":{"text":"업무 진행 중 상급자에게 어려운 지시나 본인이 할 수 없는 일에 대해서 과도하게 업무를 줄 때가 있는데, 저 같은 경우는 상급자에게 긍정적인 시그널로 이렇게 했으면 더욱더 재미있고 최선을 다해서 성공시키지 않을까 생각을 해 봅니다.","wordCount":34}}},"rawDataInfo":{"question":{"fileFormat":"wav","fileSize":477838,"duration":14930,"samplingBit":16,"channelCount":1,"samplingRate":"16kHz","audioPath":"/Mock/06.Design/Male/Experienced/ckmk_q_ard_m_e_145835.wav"},"answer":{"fileFormat":"wav","fileSize":2478798,"duration":77460,"samplingBit":16,"channelCount":1,"samplingRate":"16kHz","audioPath":"/Mock/06.Design/Male/Experienced/ckmk_a_ard_m_e_145835.wav"}}}