{"version":"1.0","dataSet":{"info":{"date":"20230116","occupation":"ARD","channel":"MOCK","place":"ONLINE","gender":"MALE","ageRange":"55-","experience":"EXPERIENCED"},"question":{"raw":{"text":"회사의 덕목이 무엇이라고 생각하십니까 지원자님은 어떤 회사가 좋은 회사라고 생각하시는지 솔직한 생각을 답변해 주세요","wordCount":14},"emotion":[],"intent":[]},"answer":{"raw":{"text":"회사의 덕목은 시기에 따라 다르다고 생각하고 있습니다. 산업 시대가 처음 시작되면서 회사의 덕목은 그 가장 많은 노동력을 사용하여 가장 많은 아웃풋을 내는 것이 가장 좋은 회사라고 얘길하고 있습니다. 주식회사가 활성화되면서 회사의 덕목은 주주의 이익을 극대화하는 것으로 배웠습니다. 현대 사회에서는 주주뿐만이 아니라 사회 구성원이 같이 회사를 통해서 생활을 영위할 수 있어야 좋은 회사라고 생각하고 있습니다. 요즘처럼 취직 기회가 없어서 젊은이들이 좋은 일자리를 구하지 못하고 이런 것이 출산 저하로 이루어지는 사회 문제가 되었을 경우 가장 좋은 회사는 안정되고 장기간이 보장되는 그런 회사가 좋다고 생각합니다.","wordCount":82},"emotion":[],"intent":[{"text":"","expression":"","category":"attitude"}],"summary":{"text":"회사의 덕목은 시기에 따라 다르다고 생각합니다. 산업 시대에는 가장 많은 노동력을 사용하여 가장 많은 아웃풋을 내는 것이 좋은 회사라고 얘기하고 있습니다. 현대 사회에서는 주주뿐만 아니라 사회 구성원이 같이 생활할 수 있어야 합니다.","wordCount":32}}},"rawDataInfo":{"question":{"fileFormat":"wav","fileSize":580558,"duration":18140,"samplingBit":16,"channelCount":1,"samplingRate":"16kHz","audioPath":"/Mock/06.Design/Male/Experienced/ckmk_q_ard_m_e_260958.wav"},"answer":{"fileFormat":"wav","fileSize":2635598,"duration":82360,"samplingBit":16,"channelCount":1,"samplingRate":"16kHz","audioPath":"/Mock/06.Design/Male/Experienced/ckmk_a_ard_m_e_260958.wav"}}}