{"version":"1.0","dataSet":{"info":{"date":"20230116","occupation":"ARD","channel":"MOCK","place":"ONLINE","gender":"MALE","ageRange":"55-","experience":"EXPERIENCED"},"question":{"raw":{"text":"만약 타 부서와 갈등이 발생한다면 지원자님은 이 상황 속에서 어떻게 해결하실 건가요 생각나는 대로 답변해 주시기 바랍니다","wordCount":17},"emotion":[],"intent":[]},"answer":{"raw":{"text":"타 부서와 갈등이 생긴다면 먼저 타 부서의 부서장과 이야기를 하겠습니다. 좋은 의도를 가지고 서로 양보하고 서로 협업해서 회사에 도움이 되는 방향으로 결정하다고 설득을 하고 싶습니다. 만약 타 부서에 부서장하고 대화가 원활하지 않는다면 상사에게 말을 하여 도움을 요청하겠습니다. 상사는 이런 부분에 있어 중재자 역할을 하고 결정을 하라고 상사의 지위가 주어진 것으로 알고 있습니다. 다만 상사와 해결을 하기 전에 갈등 부서끼리 상황을 원만하게 해결할 수 있으면 그것이 가장 좋은 방법이라고 생각합니다.","wordCount":69},"emotion":[],"intent":[{"text":"","expression":"","category":"attitude"}],"summary":{"text":"타 부서와 갈등이 생긴다면 먼저 타 부서 부서장과 이야기를 하겠습니다. 상사와 해결을 하기 전에 갈등 부서끼리 상황을 원만하게 해결할 수 있으면 그것이 가장 좋은 방법이라고 생각합니다.","wordCount":26}}},"rawDataInfo":{"question":{"fileFormat":"wav","fileSize":586318,"duration":18320,"samplingBit":16,"channelCount":1,"samplingRate":"16kHz","audioPath":"/Mock/06.Design/Male/Experienced/ckmk_q_ard_m_e_260956.wav"},"answer":{"fileFormat":"wav","fileSize":1842958,"duration":57590,"samplingBit":16,"channelCount":1,"samplingRate":"16kHz","audioPath":"/Mock/06.Design/Male/Experienced/ckmk_a_ard_m_e_260956.wav"}}}