{"version":"1.0","dataSet":{"info":{"date":"20230116","occupation":"ARD","channel":"MOCK","place":"ONLINE","gender":"MALE","ageRange":"45-54","experience":"EXPERIENCED"},"question":{"raw":{"text":"당신은 일을 할 때 주로 어떠한 사람이었나요 조직 단체 속에서 당신이 주로 어떠한 역할을 맡았는지 그 경험은 어떠했는지 대답해 주시기 바랍니다","wordCount":21},"emotion":[],"intent":[]},"answer":{"raw":{"text":"저의 성격은 상당히 외향적인 것 같습니다. 그래서 주변 사람들이 어떤 단체나 아 모임 속에서 어 저를 리더로서 추천한 경우가 상당히 많이 있었습니다. 물론 제가 대놓고 저를 뽑아 달라거나 제가 나서는 경우는 거의 없었습니다. 하지만 주변 사람들의 어떤 추천과 아 추대로 인해서 제가 리더로서 단체를 대표했던 적은 상당히 많이 있었습니다. 그 대표적인 예로 제가 대학교 일 학년 이 학년 삼 학년 아 사 학년을 빼고는 학년 대표를 역임했습니다. 어 저는 그때 제가 그것을 한다고 하지는 않았습니다. 하지만 주변의 친구들이나 심지어는 선배들이 어 학년 대표를 해야 된다고 적극적으로 추천했습니다. 그래서 저는 주로 어떤 역할을 했냐고 직설적으로 물어보신다면 어느정도 리더의 역할을 했던 것 같습니다.","wordCount":101},"emotion":[{"text":"그 대표적인 예로   제가 대학교 일 학년 이 학년 삼 학년 아 사 학년을 빼고는 학년 대표를 역임했습니다.","expression":"u-fact","category":"neutral"}],"intent":[{"text":"저의 성격은 상당히 외향적인 것 같습니다.","expression":"c_person","category":"background"},{"text":"그 대표적인 예로   제가 대학교 일 학년 이 학년 삼 학년 아 사 학년을 빼고는 학년 대표를 역임했습니다.","expression":"c_private","category":"background"}],"summary":{"text":"저는 외향적인 성격 때문에 주변으로부터 리더로 추천받는 경우가 상당히 많았습니다. 하지만 주변의 추천과 추대로 인해 리더로서 단체를 대표했던 적은 상당히 많이 있었습니다. 직설적으로 말하면 저는 어느정도 리더의 역할을 했다고 대답할 수 있습니다.","wordCount":32}}},"rawDataInfo":{"question":{"fileFormat":"wav","fileSize":633998,"duration":19810,"samplingBit":16,"channelCount":1,"samplingRate":"16kHz","audioPath":"/Mock/06.Design/Male/Experienced/ckmk_q_ard_m_e_80840.wav"},"answer":{"fileFormat":"wav","fileSize":2291278,"duration":71600,"samplingBit":16,"channelCount":1,"samplingRate":"16kHz","audioPath":"/Mock/06.Design/Male/Experienced/ckmk_a_ard_m_e_80840.wav"}}}