{"version":"1.0","dataSet":{"info":{"date":"20230116","occupation":"ARD","channel":"MOCK","place":"ONLINE","gender":"MALE","ageRange":"55-","experience":"EXPERIENCED"},"question":{"raw":{"text":"지금까지 협업을 하면서 가장 어려웠던 것과 그 어려움을 어떻게 해결했었는지 해결 가 과정도 함께 말씀해 주세요","wordCount":16},"emotion":[],"intent":[]},"answer":{"raw":{"text":"협업을 하면서 가장 어려운 것은 역시 인간관계라고 얘기할 수 있습니다. 일 자체의 협업 문제보다는 그 일을 해결하면서 각자 팀원들이 일을 분배하고 진행하는 부분에 있어서 모두가 동일할 수가 없습니다. 그러므로 일 자체보다는 팀원들 간에 갈등 부분이 생길 수 있습니다. 예를 들어 일 번 팀원이 일을 백을 할 경우 이 번 팀원이 같은 시간에 일을 오십을 하게 된다면 그런 것은 팀원들 간에 형평성의 문제를 야기하게 됩니다. 그런 어려움이 있을 때 해결하는 것은 쉽지 않습니다. 주로 상사와 상의를 해서 그런 부분에 대한 해답을 구했습니다.","wordCount":81},"emotion":[],"intent":[{"text":"","expression":"","category":"attitude"}],"summary":{"text":"협업 시 팀원들 간에 업무 분배 및 진행에 있어 형평성의 문제가 생길 수 있으며 이는 주로 상사와의 협의를 통해 해결합니다.","wordCount":20}}},"rawDataInfo":{"question":{"fileFormat":"wav","fileSize":609358,"duration":19040,"samplingBit":16,"channelCount":1,"samplingRate":"16kHz","audioPath":"/Mock/06.Design/Male/Experienced/ckmk_q_ard_m_e_260960.wav"},"answer":{"fileFormat":"wav","fileSize":1953038,"duration":61030,"samplingBit":16,"channelCount":1,"samplingRate":"16kHz","audioPath":"/Mock/06.Design/Male/Experienced/ckmk_a_ard_m_e_260960.wav"}}}