{"version":"1.0","dataSet":{"info":{"date":"20230116","occupation":"ARD","channel":"MOCK","place":"ONLINE","gender":"MALE","ageRange":"45-54","experience":"EXPERIENCED"},"question":{"raw":{"text":"귀하께서는 창의성과 팀워크 중에 무엇이 더 중요하다고 생각하시는지 그 이유를 말씀해 주세요","wordCount":12},"emotion":[],"intent":[]},"answer":{"raw":{"text":"창의성과 팀워크라 아 제가 생각할 때는 창의성과 팀워크 물론 두 개는 상호 보완적입니다. 창의성이 뛰어나야 새로운 제품을 개발하고 팀워크가 받쳐주면서 그 창의성의 창의성이 투여된 제품을 만들어서 빛을 발할 수 있 발할 수 있습니다. 하지만 창의성만 좋다고 해서 팀워크를 무시할 수는 없습니다. 창의성이 좋다 라고 하더라도 팀워크가 받쳐주지 않는다면 이 창의성으로 만들어낸 어떤 제품들이라든지 아이디어들이 세상 밖으로 나올 수 없다고 생각합니다. 하지만 만약에 창의성과 팀워크 중에서 어떠한 것이 더 중요한 것이냐고 물어보신다면 아무래도 무에서 유를 창조하는 창의성이 좀 더 중요할 거라고 생각이 듭니다. 팀워크는 팀워크에 맞는 사람들을 뽑으면 음 문제가 될 게 없다고 저는 생각하고 어 창의성이 좀 더 어 저는 중요하다고 생각합니다.","wordCount":102},"emotion":[],"intent":[{"text":"창의성이 좋다 라고 하더라도 팀워크가 받쳐주지 않는다면 이 창의성으로 만들어낸   어떤 제품들이라든지 아이디어들이 세상 밖으로 나올 수 없다고 생각합니다.","expression":"c_cop","category":"personality"}],"summary":{"text":"창의성과 팀워크는 상호 보완적이며, 창의성이 뛰어나야 새로운 제품을 개발하고 팀워크가 받쳐주면서 새로운 제품들이 빛을 발할 수 있습니다. 그러나 창의성만 좋다고 팀워크를 무시할 수는 없습니다. 창의성은 무에서 유를 창조하는 것이므로 팀워크에 맞는 사람을 뽑으면 될 것입니다.","wordCount":35}}},"rawDataInfo":{"question":{"fileFormat":"wav","fileSize":350798,"duration":10960,"samplingBit":16,"channelCount":1,"samplingRate":"16kHz","audioPath":"/Mock/06.Design/Male/Experienced/ckmk_q_ard_m_e_80839.wav"},"answer":{"fileFormat":"wav","fileSize":2722638,"duration":85080,"samplingBit":16,"channelCount":1,"samplingRate":"16kHz","audioPath":"/Mock/06.Design/Male/Experienced/ckmk_a_ard_m_e_80839.wav"}}}