{"version":"1.0","dataSet":{"info":{"date":"20230116","occupation":"ARD","channel":"MOCK","place":"ONLINE","gender":"MALE","ageRange":"35-44","experience":"EXPERIENCED"},"question":{"raw":{"text":"일을 하다 보면 상사와 트러블이 생길 수 있는데 이럴 때 어떻게 하실 겁니까 또 상사가 혼을 내면 기분이 나쁘시진 않을지 궁금합니다","wordCount":21},"emotion":[],"intent":[]},"answer":{"raw":{"text":"뭘 어떻게 해요 그것도 불화일 수 있죠. 네 얘기를 하면 되죠 서로 또. 저는 이야기하는 걸 좋아해요. 어 솔직히 말해서 나름대로 즐길 거 같애요. 또 어떤 상사와 상사라는 어떤 그 관계가 상사의 이런 생각과 저의 이러한 생각이 서로 상충했을 때 그래서 오는 네 어떤 어디로 튈지 모르는 스파크. 혼내면 뭐 당연히 기분이야 나쁘죠 네 혼내면. 근데 이제 정말 제가 어떤 실수를 해서 거기에 대해서 지적을 받고 혼이 났다면 정말 괜찮아요. 네 제가 우선 실수를 해서 업무상의 어떤 부분에 문제가 생긴 거라면 혼나야 마땅하고 혼나야 배우고 또 그래야 다음에 또 실수를 안 하고 이러한 것들로 되는데 단순히 의견 차이로 인해서 음 부하 직원인 저를 혼낸다 그거면 저는 기분 나쁜 건 말할 필요가 없고요. 저는 그러면 그냥 넘어가지 않습니다. 그 부분에 대해서 저는 항의를 할 겁니다.","wordCount":124},"emotion":[],"intent":[{"text":"저는 이야기하는 걸 좋아해요.","expression":"c_person","category":"background"}],"summary":{"text":"상사와 부하직원간의 갈등은 불화일 수 있습니다. 하지만 혼나야 마땅하고 실수를 안 하고 이런 것들로 되는데 단순히 의견 차이로 혼낸다면 기분 나쁜 건 말할 필요가 없습니다. 그 부분에 대해서 저는 항의를 할 것입니다.","wordCount":32}}},"rawDataInfo":{"question":{"fileFormat":"wav","fileSize":441678,"duration":13800,"samplingBit":16,"channelCount":1,"samplingRate":"16kHz","audioPath":"/Mock/06.Design/Male/Experienced/ckmk_q_ard_m_e_178828.wav"},"answer":{"fileFormat":"wav","fileSize":2866638,"duration":89580,"samplingBit":16,"channelCount":1,"samplingRate":"16kHz","audioPath":"/Mock/06.Design/Male/Experienced/ckmk_a_ard_m_e_178828.wav"}}}