{"version":"1.0","dataSet":{"info":{"date":"20230116","occupation":"ARD","channel":"MOCK","place":"ONLINE","gender":"MALE","ageRange":"35-44","experience":"EXPERIENCED"},"question":{"raw":{"text":"지원사님께서는 지금까지 인생을 살면서 가장 후회되는 일이 있으십니까 한 가지만 말씀 부탁드리겠습니다","wordCount":12},"emotion":[],"intent":[]},"answer":{"raw":{"text":"저는 아 제가 친구들에게 받은 그 편지 같은 걸 다 버렸어요 그런데 그게 후회가 되네요. 네 이게 시간이 지날수록 다 정말 추억인데 어 어느 날 제가 조금 확 그렇게 꽂혀서 정리를 하다가 아 이런 것들을 어차피 그냥 그때 시절 인연이고 그냥 그때 어떤 기분이고 관계일 뿐인데 뭘 이렇게 보관을 했지 하는 생각이 들어서 제가 한 번 싹 버렸는데 그게 어렸을 때부터 있던 거라 모아놓은 거라 많았었는데 이제 커서는 사실 편지를 주고받을 일이 정말 많이 없거든요. 근데 그래서 이제 편지가 많이 없는데 저에게 거기 안에 있는 내용도 또한 제가 알고 있는 현재의 저라서 이거는 뭐 또 지금이니까 익숙한데 과거에 저와 관계됐던 그 일들은 제가 기억하지 못하는 부분들이 있어서 정말 추억이라 아 버린 게 많이 아쉽습니다. 네 후회 됩니다 이거는 정말로.","wordCount":119},"emotion":[],"intent":[{"text":"","expression":"","category":"attitude"}],"summary":{"text":"저는 친구들에게 받은 그 편지 같은 걸 다 버렸었는데, 시간이 지날수록 다 정말 추억인데, 어렸을 때부터 있던 거라 모아놓은 거라 많았는데, 커서는 편지를 주고받을 일이 정말 많이 없습니다. 과거에 저와 관계된 그 일들은 제가 기억하지 못하는 부분들이 있어서 정말 추억이 되었습니다.","wordCount":41}}},"rawDataInfo":{"question":{"fileFormat":"wav","fileSize":384078,"duration":12000,"samplingBit":16,"channelCount":1,"samplingRate":"16kHz","audioPath":"/Mock/06.Design/Male/Experienced/ckmk_q_ard_m_e_111592.wav"},"answer":{"fileFormat":"wav","fileSize":2890318,"duration":90320,"samplingBit":16,"channelCount":1,"samplingRate":"16kHz","audioPath":"/Mock/06.Design/Male/Experienced/ckmk_a_ard_m_e_111592.wav"}}}