{"version":"1.0","dataSet":{"info":{"date":"20230116","occupation":"ARD","channel":"MOCK","place":"ONLINE","gender":"MALE","ageRange":"-34","experience":"EXPERIENCED"},"question":{"raw":{"text":"그동안 속해 있었던 조직 단체 속에서 지원자님께서는 주로 어떤 구성원의 역할을 수행했다고 생각하시는지 본인의 의견 말씀 부탁드립니다","wordCount":17},"emotion":[],"intent":[]},"answer":{"raw":{"text":"음 저는 뭐 동아리 장 같은 것도 했었습니다. 네 그리고 짧게나마 또 운영 그 사업체도 운영을 해 봤었고요. 어 굳이 어떤 조직에서의 위치를 따지면 어 조직 안에 있는 음 뭐 사원보다는 네 관리자의 역할을 맡은 게 경험이 더 많았고요. 그래서인지 모르겠는데 생각을 할 때 무언가를 바라보고 판단을 할 때 안에 속한 회사원 사원으로서의 생각보다는 조금 더 상급자의 시선으로 그 현상을 바라보는 것 같아요. 그래서 그 부분에 있어서 아무래도 제 저보다 상급자이신 분들이 조금 업무 능력을 좋게 봐주시는 것도 그런 부분에서 작용이 되지 않았나 싶은 저만의 어떤 판단이 듭니다. 그리고 사실상 제가 가장 말단이라고 하더라도 큰 흐름에서 방향을 보고 일을 진행하는 게 맞다고 생각을 하고 또 그게 결국에는 대부분이 그 쪽으로 맞게 흘러가더라고요. 네","wordCount":113},"emotion":[],"intent":[{"text":"","expression":"","category":"attitude"}],"summary":{"text":"어떤 조직에서의 위치를 따져봤을 때 관리자의 역할을 맡은 게 더 많았습니다. 그래서 판단을 할 때 상급자의 시선으로 바라보는 것 같습니다. 상급자분들은 업무 능력을 좋게 봐준 것도 그런 작용이 아닌가 싶습니다. 결론적으로 대부분 그 쪽으로 흘러가게 됩니다.","wordCount":36}}},"rawDataInfo":{"question":{"fileFormat":"wav","fileSize":397838,"duration":12430,"samplingBit":16,"channelCount":1,"samplingRate":"16kHz","audioPath":"/Mock/06.Design/Male/Experienced/ckmk_q_ard_m_e_156936.wav"},"answer":{"fileFormat":"wav","fileSize":2680078,"duration":83750,"samplingBit":16,"channelCount":1,"samplingRate":"16kHz","audioPath":"/Mock/06.Design/Male/Experienced/ckmk_a_ard_m_e_156936.wav"}}}