{"version":"1.0","dataSet":{"info":{"date":"20230116","occupation":"ARD","channel":"MOCK","place":"ONLINE","gender":"MALE","ageRange":"-34","experience":"EXPERIENCED"},"question":{"raw":{"text":"어 사람은 항상 스트레스를 받기 마련인데요 어 지원자님께서는 스트레스를 받으면 어떻게 해소를 하시나요 그리고 그렇게 해소를 하시는 이유는 무엇인지 말씀해 보시길 바랍니다","wordCount":22},"emotion":[],"intent":[]},"answer":{"raw":{"text":"아직은 잘 모르는 거 같습니다. 제가 스트레스를 받아서 그 받는 스트레스를 어떻게 풀고 있는지를 잘 모르는 것 같아서 그게 저한테는 스트레스 스트레스인 것 같습니다. 스트레스를 많이 받았는데도 스트레스라고 인식을 하지 못하고 그냥 무작정 버텨내고 살아가고 있는 건지 아닌지 지금 모를 거 같아요 지금 제가. 왜냐하면 그것 때문에 항상 어떤 몸에 어떤 증상이 일어났었어가지고 근데 그 증상을 발견하기 위해서 제가 제 몸을 살펴야 되는데 제가 그러지를 못 했던 것 같아요. 그래서 요새 하고 있는 거는 제 몸을 좀 바라보기 위해서 어떤 요가와 필라테스 같은 제 몸을 좀 바라볼 수 있는 활 활동을 주로 하고 있는데 그런 그런 활동들이 이제 저도 모르게 스트레스를 다스리고 있는 방법이라고 생각을 하고 그렇게 쪼금씩 알아가고 있는 것 같습니다. 제가 스트레스를 어떻게 받고 있고 얼마나 받고 있고 어떻게 스트레스를 다스려야 하는지 이제 쪼금씩 한 발짝씩 배우고 있는 것 같습니다. 네","wordCount":133},"emotion":[],"intent":[{"text":"","expression":"","category":"attitude"}],"summary":{"text":"요즘 요가와 필라테스 같은 것을 통해 스트레스를 다스리고 있는 것을 알고 있습니다. 스트레스를 어떻게 받고 있고 어떻게 다스려야 하는지 점점 배우고 있는 것 같습니다.","wordCount":24}}},"rawDataInfo":{"question":{"fileFormat":"wav","fileSize":518478,"duration":16200,"samplingBit":16,"channelCount":1,"samplingRate":"16kHz","audioPath":"/Mock/06.Design/Male/Experienced/ckmk_q_ard_m_e_200236.wav"},"answer":{"fileFormat":"wav","fileSize":2803918,"duration":87620,"samplingBit":16,"channelCount":1,"samplingRate":"16kHz","audioPath":"/Mock/06.Design/Male/Experienced/ckmk_a_ard_m_e_200236.wav"}}}