{"version":"1.0","dataSet":{"info":{"date":"20230116","occupation":"ARD","channel":"MOCK","place":"ONLINE","gender":"MALE","ageRange":"35-44","experience":"EXPERIENCED"},"question":{"raw":{"text":"디자인이 진행되는 프로세스를 한번 설명해 주세요","wordCount":6},"emotion":[],"intent":[]},"answer":{"raw":{"text":"어 디자인 진행 프로세스에 대해서 한 번 설명을 드리겠습니다. 어 디자인 진행 같은 경우에는 어 이제 각종 이제 하는 데 있어서 많은 덕목이 필요할 겁니다. 이제 주변 사람들에게 도움도 필요할 것이고 또 디자인의 가장 중요한 것은 무엇이겠습니까. 완벽한 프로젝트를 되기 위한 디자인적인 모습이 제일 완벽해야 할 건데 이런 디자인 쪽은 이 디자이너의 역할이 제일 중요할 겁니다. 디자인이 중요하고 그 외부적으로 서포트 해주는 디자인에서 인제 뭐 환경 부분이라든지 이런 도움을 주는 분야에서도 그런 것들이 다 조화가 이루어져야 이제 그 한 한 디자인 디자인이 완성이 될 것 같습니다. 예를 들어 그런 진행 과정에 대해서 가장 큰 중요한 역할을 하는 이제 디자이너가 어느 정도의 길을 잡아 주면은 그 부분에 대해서 인제 보완할 점이라든지 인제 오너가 있지 않겠습니까. 오너에 인제 관심 분야가 어떻게 되는지 그것은 어떤 방향으로 가고 싶어 오른쪽으로 가고 싶어하는데 디자이너가 왼쪽으로 가게 되면 그 완벽한 이제 프로세스가 이루어지지 않을 겁니다. 일단 오너 리더에 가고자 하는 방향이 무엇인지가 제일 중요한 것 캐치를 하고 그다음에 디자이너 능력 그리고 보완하는 그 외부적인 업무들이 포함이 됐을 때 그런 프로세스가 완벽하게 구성이 될 것 같습니다. 이상입니다.","wordCount":170},"emotion":[],"intent":[{"text":"디자인이 중요하고 그 외부적으로 서포트 해주는 디자인에서 인제 뭐   환경 부분이라든지 이런 도움을 주는 분야에서도 그런 것들이 다 조화가 이루어져야   이제 그 한 한 디자인 디자인이 완성이 될 것 같습니다.","expression":"d_dgn_proc","category":"technology"},{"text":"오너에 인제 관심 분야가 어떻게 되는지 그것은 어떤 방향으로 가고 싶어 오른쪽으로 가고 싶어하는데   디자이너가 왼쪽으로 가게 되면 그 완벽한 이제 프로세스가 이루어지지 않을 겁니다.","expression":"d_dgn_proc","category":"technology"},{"text":"일단   오너 리더에 가고자 하는 방향이 무엇인지가 제일 중요한 것 캐치를 하고 그다음에 디자이너 능력   그리고 보완하는 그 외부적인 업무들이 포함이 됐을 때 그런 프로세스가 완벽하게 구성이 될 것 같습니다.","expression":"d_dgn_proc","category":"technology"}],"summary":{"text":"디자인 진행은 주변 사람들의 도움과 디자이너의 역할이 가장 중요합니다. 외부적으로 서포트 해주는 디자인에서 환경 부분 등의 도움을 주는 분야도 조화가 이루어져야 디자인 디자인이 완성됩니다. 우선 오너 리더에 가고자 하는 방향이 무엇인지를 캐치하고, 디자이너 능력, 외부적인 업무들이 포함이 됐을 때 완벽한 프로세스가 구성될 것 같습니다.","wordCount":44}}},"rawDataInfo":{"question":{"fileFormat":"wav","fileSize":225998,"duration":7060,"samplingBit":16,"channelCount":1,"samplingRate":"16kHz","audioPath":"/Mock/06.Design/Male/Experienced/ckmk_q_ard_m_e_107101.wav"},"answer":{"fileFormat":"wav","fileSize":2809038,"duration":87780,"samplingBit":16,"channelCount":1,"samplingRate":"16kHz","audioPath":"/Mock/06.Design/Male/Experienced/ckmk_a_ard_m_e_107101.wav"}}}