{"version":"1.0","dataSet":{"info":{"date":"20230116","occupation":"ARD","channel":"MOCK","place":"ONLINE","gender":"MALE","ageRange":"-34","experience":"EXPERIENCED"},"question":{"raw":{"text":"동물 실험이 인간에게 주는 이익과 동물 실험에 대한 지원자님의 생각을 말씀해 보세요","wordCount":12},"emotion":[],"intent":[]},"answer":{"raw":{"text":"우리가 안전해지죠. 네 일차적으로 겪을 수 있는 우리의 어떤 위험 요소들을 먼저 찾아서 그것들을 제거하는 과정을 거치는 것 그게 동물 실험이 아닐까요 네 인간과 가장 비슷한 동물을 가장 마지막에 두고 천천히 여러 가지 부분에서 여러 가지 이제 그 동물들을 거치면서 진행들을 하겠죠. 네 정말 최악이라고 생각을 해요. 네 정말 저는 이 부분으로 언젠가 우리 인간들이 우리 인류가 큰 부메랑을 맞을 거라고 생각을 합니다. 언제까지 인류가 네 최상위 최상 최상위 계층에 있을지도 모르겠고 만약에 다른 동물이 최상위 계급이 된다면 인간이 똑같이 당해도 할 말이 없다고 생각을 해요. 할 말이 어떻게 있습니까 다른 동물을 죽이면서 우리의 안전을 바라고 있는데 최악이라고 생각합니다.","wordCount":99},"emotion":[],"intent":[{"text":"","expression":"","category":"attitude"}],"summary":{"text":"동물 실험은 인간과 가장 비슷한 동물을 마지막에 두고 여러 부분의 동물들을 거치면서 진행될 것입니다. 이 부분으로 인해 언젠가 인간들이 큰 부메랑을 맞을 것이라고 생각합니다. 다른 동물을 죽이며 우리의 안전을 바라는데 최악입니다.","wordCount":31}}},"rawDataInfo":{"question":{"fileFormat":"wav","fileSize":464078,"duration":14500,"samplingBit":16,"channelCount":1,"samplingRate":"16kHz","audioPath":"/Mock/06.Design/Male/Experienced/ckmk_q_ard_m_e_156941.wav"},"answer":{"fileFormat":"wav","fileSize":2643918,"duration":82620,"samplingBit":16,"channelCount":1,"samplingRate":"16kHz","audioPath":"/Mock/06.Design/Male/Experienced/ckmk_a_ard_m_e_156941.wav"}}}