{"version":"1.0","dataSet":{"info":{"date":"20230116","occupation":"ARD","channel":"MOCK","place":"ONLINE","gender":"MALE","ageRange":"35-44","experience":"EXPERIENCED"},"question":{"raw":{"text":"지원자님께서 남들과는 차별화되는 그 자신만의 경쟁력에 대해서 얘기해 주시고 또 이런 경쟁력을 키우기 위해서 어떠한 노력을 해 왔는지도 설명해 주세요","wordCount":20},"emotion":[],"intent":[]},"answer":{"raw":{"text":"음 글쎄요. 그냥 저라는 사람 자체가 다른 사람들과 다르기 때문에 그러니까 사람은 모두가 다 다르기 때문에 각자 개별적인 존재들이기 때문에 그 자체만으로 어떤 경쟁력이라는 게 있고 저도 마찬가지로 저로 저로서 저이기 때문에 나오는 그런 경쟁력이라는 게 있고 그게 아닐까요. 음 이거를 키우기 위한 노력이라고 하면 저는 그냥 저다우려고 해요 어느 상황에서든. 어 유행이거나 한창 주류이거나 어떤 시대의 흐름을 타는 게 있을 때 어 굳이 거기에 함께이고 싶어 하지 않아요. 네 뭐 저의 취향이면 알아서 제가 거기에 휩쓸려서 파도 타기를 할 거고 저는 그러지는 않아요.","wordCount":84},"emotion":[],"intent":[{"text":"","expression":"","category":"attitude"}],"summary":{"text":"사람은 모두가 다 다르기 때문에 그 자체만으로 어떤 경쟁력이라는 게 있고 저 역시 저이기 때문에 나오는 그런 경쟁력이라고 할 수 있을 것 같습니다.","wordCount":23}}},"rawDataInfo":{"question":{"fileFormat":"wav","fileSize":474638,"duration":14830,"samplingBit":16,"channelCount":1,"samplingRate":"16kHz","audioPath":"/Mock/06.Design/Male/Experienced/ckmk_q_ard_m_e_178823.wav"},"answer":{"fileFormat":"wav","fileSize":2839758,"duration":88740,"samplingBit":16,"channelCount":1,"samplingRate":"16kHz","audioPath":"/Mock/06.Design/Male/Experienced/ckmk_a_ard_m_e_178823.wav"}}}