{"version":"1.0","dataSet":{"info":{"date":"20230116","occupation":"ARD","channel":"MOCK","place":"ONLINE","gender":"MALE","ageRange":"45-54","experience":"EXPERIENCED"},"question":{"raw":{"text":"지원자에게 질문 드리겠습니다 요즘 고령화 사회로 가면서 치매로 인한 문제가 많이 대두되고 있는데요 여기서 건보가 하는 일과 이것을 개선할 방안에 대해서 본인의 생각을 말씀해 보십시오","wordCount":25},"emotion":[],"intent":[]},"answer":{"raw":{"text":"어 저는 개인적으로 치매에 대한 병에 대해서 어 상당히 심각성을 느끼고 있습니다. 어 단순히 치매는 뭐 기억력이 나빠지는 그런 병이 아닙니다. 어 예를 들어서 가족 중에 누가 치매르가 걸린 환자가 있다 그러면 온 가족이 다 그 치매 환자에게 매달려야 되고 어 그럼으로써 가정이 생활이 유지되기가 힘든 모습을 너무나 주위에서 많이 봐왔습니다. 어 제 친구 중에서는 어 정말 좋은 회사에 잘 다니고 있는 친구였는데 어머님이 치매에 걸리고 어 뭐 형님은 지방에 계시고 누나는 외국 살고 하여튼 뭐 이런저런 이유로 결국은 이 녀석이 회사를 그만두고 어 어머님을 현재도 돌보고 있습니다. 어 저는 이런 것을 주변에서 볼 때마다 아 되게 마음이 아프고 무겁습니다. 이 치매는 단순히 기억력이 나빠지는 게 아니라 이게 행동에 의식에 장애가 생긴다 라는 것입니다. 그러기 때문에 더 위험하고 더 손이 많이 가는 힘든 병이라고 생각합니다. 건보는 기본적으로 이런 치매 환자들을 함께 이렇게 보호할 수 있는 시설을 만들어야 된다고 저는 생각합니다.","wordCount":140},"emotion":[],"intent":[{"text":"","expression":"","category":"attitude"}],"summary":{"text":"치매는 단순히 기억력이 나빠지는 게 아니라 행동에 의식에 장애가 생긴다는 것입니다. 그러므로 더 위험하고 더 손이 많이 가는 병이라고 생각합니다. 건보는 기본적으로 이런 치매 환자들을 함께 보호할 수 있는 시설을 만들어야 된다고 생각합니다.","wordCount":33}}},"rawDataInfo":{"question":{"fileFormat":"wav","fileSize":579918,"duration":18120,"samplingBit":16,"channelCount":1,"samplingRate":"16kHz","audioPath":"/Mock/06.Design/Male/Experienced/ckmk_q_ard_m_e_73695.wav"},"answer":{"fileFormat":"wav","fileSize":2826318,"duration":88320,"samplingBit":16,"channelCount":1,"samplingRate":"16kHz","audioPath":"/Mock/06.Design/Male/Experienced/ckmk_a_ard_m_e_73695.wav"}}}