{"version":"1.0","dataSet":{"info":{"date":"20230116","occupation":"ARD","channel":"MOCK","place":"ONLINE","gender":"MALE","ageRange":"35-44","experience":"EXPERIENCED"},"question":{"raw":{"text":"귀하께서는 디자인 팀의 지원을 하셨습니다 어 디자인 업무에 프로세스에 관해서 본인의 의견을 말씀해 주세요","wordCount":14},"emotion":[],"intent":[]},"answer":{"raw":{"text":"디자인 업무 프로세스요. 우선은 작품이 뭔지 제안받은 그게 뭔지 사실 제가 디자이너가 아니라서 이거는 제가 정확하게 어떤 프로세스다 라는 거는 정확하지 않을 수는 있는데요. 우선 작품이 뭔지 그 작품의 내용 그 의도가 뭔지 그리고 은유가 뭔지 뭐 이런 여러 가지 부분들을 조금 오브제라든가 이런 걸 살펴볼 것 같고요. 오브제가 분명하게 있는 작품이라면 그 보통은 그 오브제를 가지고 그까 여러 디자인 그 시안 후보 중에 그 오브제가 들어가는 건 꼭 그러면 생기죠. 그래서 그런 부분들의 어떤 네 뭐 첫 번째 일차 스케치 같은 거 그 시안들을 준비를 할 거고요. 이거를 바탕으로 이제 계속 만나면서 회의를 하면서 점점 구체화를 시키고 그리고 나중에 최종 선택을 하고 그거를 이제 출력을 하는 그 과정까지 그까 프린트 하는 과정까지의 그 과정이 아닌가 싶습니다.","wordCount":117},"emotion":[],"intent":[{"text":"","expression":"","category":"attitude"}],"summary":{"text":"디자인 업무 프로세스는 오브제가 분명하게 있는 작품일 경우 첫 번째 스케치 같은 시안들을 준비를 하고 이것을 바탕으로 회의를 하며 점점 구체화 하여 최종 선택을 하고 최종적으로 프린트하는 과정으로 생각합니다.","wordCount":29}}},"rawDataInfo":{"question":{"fileFormat":"wav","fileSize":445518,"duration":13920,"samplingBit":16,"channelCount":1,"samplingRate":"16kHz","audioPath":"/Mock/06.Design/Male/Experienced/ckmk_q_ard_m_e_178831.wav"},"answer":{"fileFormat":"wav","fileSize":2901198,"duration":90660,"samplingBit":16,"channelCount":1,"samplingRate":"16kHz","audioPath":"/Mock/06.Design/Male/Experienced/ckmk_a_ard_m_e_178831.wav"}}}