{"version":"1.0","dataSet":{"info":{"date":"20230116","occupation":"ARD","channel":"MOCK","place":"ONLINE","gender":"MALE","ageRange":"35-44","experience":"EXPERIENCED"},"question":{"raw":{"text":"지금까지 살아오시면서 새로운 환경에서 전혀 몰랐던 일을 맡아서 하신 경험이 있으실까요","wordCount":11},"emotion":[],"intent":[]},"answer":{"raw":{"text":"네 제 직업의 일이요. 저는 제가 이 일을 하게 될 거라고 정말 생각지도 못했습니다 단 한 번도. 네 근데 희한하게 잘 맞더라구요. 제가 워낙에 조금 불규칙한 생활을 하는 사람이었고 원래부터가 그리고 어 조금 활달한 성격이었고 나 다 그 밖으로 쏘다니고 나다니는 거 좋아하고 집에 가만히 있는 거 조금 좀 쑤셔 하고 이런 편이라 그런지 전국 여기저기 왔다 갔다 거리는 거 저는 되게 환기 되고 좋아요. 그래서 제가 지금 꽤 돼서 이제 칠 년 차 정도인데 이제 맡고 있는 아티스트도 지금 한 세 명 정도예요. 그래서 네 스케줄만 적당히 적절하게 조정이 돼 가면서 제가 매니저로서 저는 잘 맞는 것 같습니다 이 일이. 아예 몰랐었지만 잘 찾은 것 같습니다.","wordCount":107},"emotion":[],"intent":[{"text":"","expression":"","category":"attitude"}],"summary":{"text":"저는 원래 불규칙하고 활달한 성격이라 제 직업의 일이 잘 맞습니다. 스케줄만 적절하게 조정이 되어 가면서 매니저로서 잘 맞는 것 같습니다.","wordCount":20}}},"rawDataInfo":{"question":{"fileFormat":"wav","fileSize":252558,"duration":7890,"samplingBit":16,"channelCount":1,"samplingRate":"16kHz","audioPath":"/Mock/06.Design/Male/Experienced/ckmk_q_ard_m_e_111585.wav"},"answer":{"fileFormat":"wav","fileSize":2845518,"duration":88920,"samplingBit":16,"channelCount":1,"samplingRate":"16kHz","audioPath":"/Mock/06.Design/Male/Experienced/ckmk_a_ard_m_e_111585.wav"}}}