{"version":"1.0","dataSet":{"info":{"date":"20230116","occupation":"ARD","channel":"MOCK","place":"ONLINE","gender":"MALE","ageRange":"35-44","experience":"EXPERIENCED"},"question":{"raw":{"text":"지원자께서는 본인에 현재에 위치보다 어려운 목표를 달성한 경험이 있나요 그 경험을 이야기해 주세요","wordCount":13},"emotion":[],"intent":[]},"answer":{"raw":{"text":"아 아 글쎄요. 뭐 기자니까 음 불가능에 가까울 줄 알았던 취재에 성공을 하고 네 오래 걸렸지만 성공을 하고 인터뷰도 성공적으로 따내고 그거를 어 고스란히 기사화한 거 그게 목표 달성이었죠. 근데 이 정도의 어떤 난이도 있는 취재는 사실 어 주변만 들어봐도 기자 인생에서 그렇게 많지는 않다고들 해요. 뭐 정말 정치 쪽 그게 아닌 이상 그 저는 뭐 사회 쪽이고 오히려 이쪽이라서 더 좀 잦죠. 비일비재하죠. 그런 민감한 부분들 그까 사회적 이슈로 커질 그런 명분이 될 만한 기삿거리 그게 많아서 항상 그런 부분에서의 어 고충들은 있죠. 딜레마는 없어요. 저는 무조건 제 기준에서 이거를 올려야 된다 또 터트려야 된다 라고 할 때는 가는 편이기 때문에 네 그랬던 경험들은 몇 번 있습니다.","wordCount":108},"emotion":[{"text":"뭐 기자니까 음   불가능에 가까울 줄 알았던 취재에 성공을 하고   네 오래 걸렸지만 성공을 하고 인터뷰도 성공적으로 따내고 그거를   어 고스란히 기사화한 거 그게 목표 달성이었죠.","expression":"p-achievement","category":"positive"}],"intent":[{"text":"","expression":"","category":"attitude"}],"summary":{"text":"불가능에 가까울 줄 알았던 취재에 성공하고 그것을 고스란히 기사화한 것이 목표 달성이었는데, 기자 인생에서 이렇게 난이도 있는 취재는 많지 않습니다. 민감한 부분들, 사회적 이슈가 될 만한 기삿거리들이 많아서 고충들은 있습니다.","wordCount":30}}},"rawDataInfo":{"question":{"fileFormat":"wav","fileSize":449998,"duration":14060,"samplingBit":16,"channelCount":1,"samplingRate":"16kHz","audioPath":"/Mock/06.Design/Male/Experienced/ckmk_q_ard_m_e_160141.wav"},"answer":{"fileFormat":"wav","fileSize":2903118,"duration":90720,"samplingBit":16,"channelCount":1,"samplingRate":"16kHz","audioPath":"/Mock/06.Design/Male/Experienced/ckmk_a_ard_m_e_160141.wav"}}}