{"version":"1.0","dataSet":{"info":{"date":"20230116","occupation":"ARD","channel":"MOCK","place":"ONLINE","gender":"MALE","ageRange":"35-44","experience":"EXPERIENCED"},"question":{"raw":{"text":"지원자가 좋아하는 앱이 있다면 말씀해 주시고 어 그 앱을 왜 좋아하는지 유아이 측면에서 함께 말씀 부탁드립니다","wordCount":16},"emotion":[],"intent":[]},"answer":{"raw":{"text":"어 좋아하는 앱이라면 음 아 요즘에는 어 제가 이제 이전에는 꼐속 저는 직접 수기로 제 스케줄러가 있었는데 저도 이게 저는 꼐속 이 직접 제가 손으로 쓰는 그런 다이어리 스케줄러를 고수를 하려고 했는데 네 결국에 이제 휴대폰으로 오게 돼서 휴대폰 스케줄로 앱을 찾다가 보니 결국에 마침내 맞는 걸 찾았어요 저하고 맞는 거를. 그래서 유료 앱이긴 한데 괜찮아요. 그래서 그 앱이 그냥 깔끔해요 네. 그냥 저는 월별로 보는 걸 좋아해서 월 스케줄러로 해 가지고 그 캘린더를 보면서 정리하기 깔끔하고 어 되게 뭐 글씨 크기도 확대해 하는 것도 잘 되고 그리고 어 컬러나 이런 거로 조금 강조할 수 있는 부분은 강조하면서 다 조금 간편하게 볼 수 있어 가지고 딱 한눈에 알아볼 수 있게 그런 부분이 확실히 이게 나이가 있으면 있을수록 그런 부분으로 더 확 보일 수 있게 직관적이게 하는 걸 좋아하는 것 같아요. 그런 걸 찾는 것 같아요.","wordCount":135},"emotion":[],"intent":[{"text":"","expression":"","category":"attitude"}],"summary":{"text":"최근에는 직접 수기로 쓰는 다이어리 스케줄러가 아니라 휴대폰 스케줄러를 선호하다가 결국에 휴대폰 스케줄로 앱을 찾다보니 결국에 맞는 걸 찾았습니다. 그래서 유료 앱이긴 하지만 그냥 캘린더를 보면서 정리하기 깔끔하고, 컬러나 강조할 수 있는 부분은 강조하며 간편하게 볼 수 있어 한눈에 알아볼 수 있습니다.","wordCount":42}}},"rawDataInfo":{"question":{"fileFormat":"wav","fileSize":389838,"duration":12180,"samplingBit":16,"channelCount":1,"samplingRate":"16kHz","audioPath":"/Mock/06.Design/Male/Experienced/ckmk_q_ard_m_e_160138.wav"},"answer":{"fileFormat":"wav","fileSize":2829198,"duration":88410,"samplingBit":16,"channelCount":1,"samplingRate":"16kHz","audioPath":"/Mock/06.Design/Male/Experienced/ckmk_a_ard_m_e_160138.wav"}}}