{"version":"1.0","dataSet":{"info":{"date":"20230116","occupation":"ARD","channel":"MOCK","place":"ONLINE","gender":"MALE","ageRange":"45-54","experience":"EXPERIENCED"},"question":{"raw":{"text":"지원자분께서는 위기관리 경험이 있으신가요 만약 있으시다면 위기관리를 할 때 지원자분께서 가장 중요하게 생각하는 부분은 무엇인지 자세히 설명해 주세요","wordCount":18},"emotion":[],"intent":[]},"answer":{"raw":{"text":"직장 생활을 뭐 이십 오 년 이상 해오다 보니 어떻게 보면 뭐 직장 생활을 하는 자체가 위기였던 것 같습니다. 그때그때 뭐 위기라는 것이 갑자기 나타나기도 하고 준비됐던 것이 조금씩 조금씩 쌓여가지고 나중에 크게 나타나기도 하는데 뭐 한 가지 예를 들라 그러면 어 지난 회사에서 우리 회사는 그 중국 시장으로 거의 만드는 제품의 한 육십 프로 이상을 중국 시장에다가 중국 시장으로 수출했었습니다. 당시 뭐 케이문화라든지 컬쳐 케이문화 뭐 케이팝이 중국에서 많이 흥행을 하면서 어 덩달아서 우리 제품이 중국 쪽으로 많이 판매가 되고 뭐 그렇게 어렵지 않게 어 거래를 했던 것 같습니다. 그런데 인제 그 그 중국과의 관계가 뭐 싸드로 인해서 좀 소원해지고 뭐 우리 회사 뿐만 아니라 중국으로 수출하던 중국을 주 대상으로 하던 회사들이 어 뭐 중국과의 관계가 좀 안 좋아지면서 되게 힘들었었습니다. 역시 그때 우리도 한 육십 프로 정도 수출하던 게 거의 한 이십 프로 정도로 다운 돼 가지고 회사에서는 이 재고를 어떻게 해야 될지 되게 고민이 많았습니다. 근데 저는 그 예전부터 중국 시장에 대해서 약간 좀 회의를 갖고 있었습니다. 중국 시장은 워낙 좀 단가도 싸고 얘네들이 요구하는 게 많다 보니 저는 저 동남아 시장으로 눈을 돌렸고 동남아 시장으로 눈을 돌린 게 주효해서 위기를 극복한 경험이 있습니다.","wordCount":187},"emotion":[],"intent":[{"text":"보니 저는 저 동남아 시장으로 눈을 돌렸고 동남아   시장으로 눈을 돌린 게 주효해서 위기를 극복한 경험이 있습니다.","expression":"d_creative","category":"attitude"}],"summary":{"text":"직장 생활을 십 오 년 이상 해오다 보니 직장 생활 자체가 위기였던 것 같습니다. 지난 회사에서 중국 시장에 만드는 제품의 한 60 프로 이상을 중국 시장으로 수출했는데 중국과의 관계가 소원해지고 중국 수출을 주 대상으로 하던 회사들도 관계가 안 좋아지면서 되게 힘들었습니다. 재고를 어떻게 해야 할지 고민이 많았는데 동남아 시장으로 눈을 돌려 위기를 극복한 경험이 있습니다.","wordCount":55}}},"rawDataInfo":{"question":{"fileFormat":"wav","fileSize":529678,"duration":16550,"samplingBit":16,"channelCount":1,"samplingRate":"16kHz","audioPath":"/Mock/06.Design/Male/Experienced/ckmk_q_ard_m_e_73402.wav"},"answer":{"fileFormat":"wav","fileSize":2889358,"duration":90290,"samplingBit":16,"channelCount":1,"samplingRate":"16kHz","audioPath":"/Mock/06.Design/Male/Experienced/ckmk_a_ard_m_e_73402.wav"}}}