{"version":"1.0","dataSet":{"info":{"date":"20230116","occupation":"ARD","channel":"MOCK","place":"ONLINE","gender":"MALE","ageRange":"35-44","experience":"EXPERIENCED"},"question":{"raw":{"text":"지원자님이 지원한 직무에서 제일 필요한 것은 어떤 것인지 말씀을 해주시겠습니까","wordCount":10},"emotion":[],"intent":[]},"answer":{"raw":{"text":"네 신뢰를 저버리지 않는 것이라고 생각합니다. 그것은 제가 맡은 저의 그 아티스트일 수도 있고 저의 스타일 수도 있고 혹은 제가 속한 저희 회사에 회사분들일 수도 있고 혹은 그 관계자 관계자 분들일 수도 있고 정말 다양한데요. 어 대상이 누가 됐든 뭐 친밀하면 친밀할수록 더 그 무게감은 커지겠지만 그 상대들에게 그 대상들에게 어 갖고 있는 나에 대한 그 신뢰의 이미지가 무너지지 않도록 그 신뢰를 저버리지 않도록 하는 것이 제일 중요하다고 생각합니다. 뭐 저희 이거는 저희 업계 저희 일에서도 그렇지만 사실 어디서든 마찬가지일 거 라고 생각합니다. 하지만 저희는 또 아무래도 그 사람끼리 보면서 또 다음을 이어나가는 이런 관행이 있다 보니까 더욱더 이런 신뢰를 저버리지 않고 계속 계속 유지하고 키워나가는 게 중요하다고 생각합니다.","wordCount":109},"emotion":[],"intent":[{"text":"어 대상이 누가 됐든   뭐 친밀하면 친밀할수록 더 그 무게감은 커지겠지만 그 상대들에게 그 대상들에게   어 갖고 있는 나에 대한 그 신뢰의 이미지가 무너지지 않도록 그 신뢰를 저버리지 않도록   하는 것이 제일 중요하다고 생각합니다.","expression":"c_value","category":"background"}],"summary":{"text":"아티스트, 회사, 관계자 모두에게 나에 대한 신뢰가 무너지지 않도록 신뢰를 저버리지 않도록 하는 것이 중요하다고 생각합니다. 사람끼리 보면서 다음을 이어나가는 이런 관행이 있으니 더욱더 신뢰를 계속 유지, 키워나가는 게 중요합니다.","wordCount":30}}},"rawDataInfo":{"question":{"fileFormat":"wav","fileSize":301518,"duration":9420,"samplingBit":16,"channelCount":1,"samplingRate":"16kHz","audioPath":"/Mock/06.Design/Male/Experienced/ckmk_q_ard_m_e_99918.wav"},"answer":{"fileFormat":"wav","fileSize":2844878,"duration":88900,"samplingBit":16,"channelCount":1,"samplingRate":"16kHz","audioPath":"/Mock/06.Design/Male/Experienced/ckmk_a_ard_m_e_99918.wav"}}}