{"version":"1.0","dataSet":{"info":{"date":"20230116","occupation":"ARD","channel":"MOCK","place":"ONLINE","gender":"MALE","ageRange":"35-44","experience":"EXPERIENCED"},"question":{"raw":{"text":"지원자님께서 알고 있으신 디자인 진행 프로세스에 대해서 한번 구체적으로 설명해 주시겠습니까","wordCount":11},"emotion":[],"intent":[]},"answer":{"raw":{"text":"우선 결과물에 대한 그 서로 간에 상호 간의 어떤 공통된 그 방향인지 각자가 가지고 있는 스케치가 일치하는지를 먼저 어 초창기에 계속 확인을 하는 그 시간을 보내야 될 것 같구요. 그다음에 이제 그 각자의 각 분야의 아티스트들이 이제 그 스케치를 기준으로 붙어야죠. 네 실무 실 작업에 들어가야 되고 그러려면 또 그 그 개별적인 작업을 위한 또 각 팀의 전문가들이 또 필요하고 그 팀이 필요하구요. 그래서 이것들의 과정이 꽤나 초 중반으로 들어가는 과정이라서 동시다발적으로 지 진행이 되어야 될 것 같고요. 이것들이 이제 구현이 된 상태로 나오고 나서 상담이 되고 나서 그것들을 네 이거를 맞춰야 돼 그까 피팅이 되어야 될 아티스트에게 그거를 접목을 시켰을 때 처음에 애초에 구상했던 그 이미지 그대로가 왔는지 또 그거를 서로가 협의하고 또 수정 보완하는 그런 순서대로 진행해 해야 된다고 생각합니다.","wordCount":122},"emotion":[],"intent":[{"text":"그다음에 이제 그 각자의 각 분야의 아티스트들이 이제 그 스케치를 기준으로   붙어야죠.","expression":"d_dgn_proc","category":"technology"},{"text":"네 실무 실 작업에 들어가야 되고 그러려면   또 그 그 개별적인 작업을 위한 또 각 팀의 전문가들이 또 필요하고 그 팀이 필요하구요.","expression":"d_dgn_proc","category":"technology"},{"text":"이것들이 이제 구현이 된 상태로 나오고 나서 상담이 되고 나서 그것들을   네 이거를 맞춰야 돼 그까 피팅이 되어야 될 아티스트에게 그거를 접목을 시켰을 때   처음에 애초에 구상했던 그 이미지 그대로가 왔는지 또 그거를 서로가 협의하고 또 수정 보완하는 그런 순서대로   진행해 해야 된다고 생각합니다.","expression":"d_dgn_proc","category":"technology"}],"summary":{"text":"결과물에 대해 상호 간의 공통된 방향이 맞는지 확인하고, 각 분야의 아티스트들이 그 스케치를 기준으로 실무 작업에 들어가는데, 이것들이 구현된 상태로 나와서 상담이 되고 나서 이것을 아티스트에게 접목을 시키면, 처음에 구상했던 이미지 그대로 왔는지 서로 협의하고 수정 보완하는 순으로 진행해야 한다고 생각합니다.","wordCount":41}}},"rawDataInfo":{"question":{"fileFormat":"wav","fileSize":332878,"duration":10400,"samplingBit":16,"channelCount":1,"samplingRate":"16kHz","audioPath":"/Mock/06.Design/Male/Experienced/ckmk_q_ard_m_e_99915.wav"},"answer":{"fileFormat":"wav","fileSize":2886478,"duration":90200,"samplingBit":16,"channelCount":1,"samplingRate":"16kHz","audioPath":"/Mock/06.Design/Male/Experienced/ckmk_a_ard_m_e_99915.wav"}}}