{"version":"1.0","dataSet":{"info":{"date":"20230116","occupation":"ARD","channel":"MOCK","place":"ONLINE","gender":"MALE","ageRange":"35-44","experience":"EXPERIENCED"},"question":{"raw":{"text":"만약에 이직을 생각하는 동료를 만나게 된다면 무어라고 말씀해 주시겠는지요 어 그리고 그 동료에게 왜 그렇게 말씀하게 되는지도 어 함께 설명해 주시면 좋겠습니다","wordCount":22},"emotion":[],"intent":[]},"answer":{"raw":{"text":"어 무조건 네 무조건 응원하죠. 그 동료에 선택이고 어 순전한 어떤 본인의 의지에서 나온 선택이길 바랄 뿐이지만 지금 이렇게 듣기에 근데 네 왜냐하면 또 제가 하고 있는 일은 음 경제적인 것과는 조금 거리가 있는 직업이기 때문에 직업적 특성상 중간에 이제 다른 일을 전향을 하는 친구들이 굉장히 많고 그럴 때마다 저는 항상 응원을 해요. 응원을 안 할 수가 없죠. 응원을 안하는 게 더 이상한 거 아닐까 싶은데 왜냐하면 이제까지 또 본인이 좋아했던 거 해왔었고 현실적인 이유란 조금 안타까울 수는 있지만 또 새로운 일을 생각하는 그 그 선택에 대한 어떤 용감함도 대단하다고 생각을 하고 그리고 그 용기를 바탕으로 하는 진짜 그 앞으로의 선택에 대해서 정말 박수 쳐주고 싶고 응원할 응원을 하고 있기 때문에 저는 네 정말 응원하고 지지하고 하는 마음입니다. 그렇게 할 거에요.","wordCount":121},"emotion":[],"intent":[{"text":"","expression":"","category":"attitude"}],"summary":{"text":"저는 경제적인 것과는 조금 거리가 있는 직업이기 때문에 다른 일을 전향을 하는 친구들이 많을 때마다 항상 응원해요. 응원을 안 하는 게 더 이상한 것 같은데 저는 새로운 일을 생각하는 그 용기가 대단하다고 생각하며 앞으로도 응원할 겁니다.","wordCount":36}}},"rawDataInfo":{"question":{"fileFormat":"wav","fileSize":501518,"duration":15670,"samplingBit":16,"channelCount":1,"samplingRate":"16kHz","audioPath":"/Mock/06.Design/Male/Experienced/ckmk_q_ard_m_e_177500.wav"},"answer":{"fileFormat":"wav","fileSize":2888398,"duration":90260,"samplingBit":16,"channelCount":1,"samplingRate":"16kHz","audioPath":"/Mock/06.Design/Male/Experienced/ckmk_a_ard_m_e_177500.wav"}}}