{"version":"1.0","dataSet":{"info":{"date":"20230116","occupation":"ARD","channel":"MOCK","place":"ONLINE","gender":"MALE","ageRange":"35-44","experience":"EXPERIENCED"},"question":{"raw":{"text":"지원자님께서 생각하시기에 자신의 노년은 어떤 모습이었으면 좋겠습니까 지원자님이 생각했을 때 이상적인 노년의 모습을 말씀해 주세요","wordCount":15},"emotion":[],"intent":[]},"answer":{"raw":{"text":"음 저는 가능한한 오래 제 일을 하고 싶고요. 어 제 일 일이라는 게 뭐 항상 자극적인 일만 생기는 게 아니니까요. 주변 우리 사회는 그래서 뭔가 더 이상 위험한 취재를 하지 않아도 되는 그러한 사회에서 제가 여전히 기자로서 어 일을 하면서 지냈으면 좋겠고 그리고 그 뭐랄까요. 그 업무에 치중을 하는 시간이 훨씬 지금보다 덜 했으면 좋겠고 네 되게 드라마 같은 동화 같은 이야기인 거죠. 기삿거리가 그나마 있어도 뭔가 사회에 소소한 어떤 음 유쾌한 이슈 뭐 이런 거였으면 좋겠다는 어떤 그런 생각 네 여유로웠으면 좋겠어요. 뭐 개 개인적인 저의 이미지로 보면은 아프지도 않았으면 좋겠고 여전히 적당한 어떤 정의로움을 갖고 계속 봤으면 좋겠어요.","wordCount":100},"emotion":[],"intent":[{"text":"","expression":"","category":"attitude"}],"summary":{"text":"저는 가능한한 오래 제 일을 하고 싶습니다. 더 이상 위험한 취재를 하지 않아도 되는 사회에서 저는 여전히 기자로서 일을 했으면 좋겠습니다. 개인적인 이미지로는 아프지도 않았으면 좋겠고 적당한 정의로움을 갖길 바랍니다.","wordCount":30}}},"rawDataInfo":{"question":{"fileFormat":"wav","fileSize":459598,"duration":14360,"samplingBit":16,"channelCount":1,"samplingRate":"16kHz","audioPath":"/Mock/06.Design/Male/Experienced/ckmk_q_ard_m_e_160137.wav"},"answer":{"fileFormat":"wav","fileSize":2703438,"duration":84480,"samplingBit":16,"channelCount":1,"samplingRate":"16kHz","audioPath":"/Mock/06.Design/Male/Experienced/ckmk_a_ard_m_e_160137.wav"}}}