{"version":"1.0","dataSet":{"info":{"date":"20230116","occupation":"ARD","channel":"MOCK","place":"ONLINE","gender":"MALE","ageRange":"-34","experience":"EXPERIENCED"},"question":{"raw":{"text":"지원자님께서 최근에 즐겨 하거나 흥미롭게 하고 있는 일이 무엇이 있습니까 그리고 왜 그 일이 흥미로운지도 설명 부탁드립니다","wordCount":17},"emotion":[],"intent":[]},"answer":{"raw":{"text":"아 저 요즘에 빠진 게 있어요. 네 캠핑 제가 조금 뒤늦게 빠져서 남들이 한참 가자 가자 할 때는 나는 싫다 나는 그냥 집에 있는 게 좋다 라고 했던 사람이었는데 정말 뒤늦게 다 그 관심 다 끝나고서 빠져가지고 저 요즘 혼자서도 캠핑 가고 그냥 조금 시간만 된다고 하면 네 짧게라도 좀 갔다 오려고 해요. 그래서 어 그냥 뭔가 실외 그 야외에서 그렇게 굳이 편하게 집 놔두고 뭐 장비들 다 사가지고 하나 싶었는데 그 야외라서 주는 그 개운함이 있더라구요. 그래서 그 자연을 바라보면서 뭔가 잠깐이라도 쉴 수 있는 그 여유 그 시간 자체가 너무 소중해서 정말 네 온전히 다 일 박 이 일이 아니더라도 당일 그 당일치기로라도 저는 짧게 근교에 드라이브 겸 혼자 캠핑을 다녀오는 편입니다. 너무 좋아요.","wordCount":116},"emotion":[],"intent":[{"text":"","expression":"","category":"attitude"}],"summary":{"text":"캠핑에 대한 관심이 지나쳐 혼자 짧게 캠핑을 가려고 합니다. 자연을 바라보면서 쉴 수 있는 시간 자체가 소중해서, 당일치기로 근교에 드라이브 겸 혼자 캠핑을 다녀오는 편입니다.","wordCount":25}}},"rawDataInfo":{"question":{"fileFormat":"wav","fileSize":450638,"duration":14080,"samplingBit":16,"channelCount":1,"samplingRate":"16kHz","audioPath":"/Mock/06.Design/Male/Experienced/ckmk_q_ard_m_e_156935.wav"},"answer":{"fileFormat":"wav","fileSize":2559438,"duration":79980,"samplingBit":16,"channelCount":1,"samplingRate":"16kHz","audioPath":"/Mock/06.Design/Male/Experienced/ckmk_a_ard_m_e_156935.wav"}}}