{"version":"1.0","dataSet":{"info":{"date":"20230116","occupation":"ARD","channel":"MOCK","place":"ONLINE","gender":"MALE","ageRange":"45-54","experience":"EXPERIENCED"},"question":{"raw":{"text":"우리 회사에 입사 지원을 했는데 이 직무와 관련해서 일을 해 본 경험이 있습니까","wordCount":13},"emotion":[],"intent":[]},"answer":{"raw":{"text":"네 저는 해당 직무와 관련된 어 일을 해 본 적이 있습니다. 어 저는 경력직으로 지원한 만큼 해당 업무에 대한 일을 어 한 약 이십 오 년 동안 해왔습니다. 어 그 사이에 직장은 두 번 한 번에 옮겼고 이번에 제가 지원한 회사가 세 번째 직장이 되는 겁니다. 저는 이 일을 약 이십 오 년 동안 해오면서 어 나름의 노하우와 어 경험을 가지고 있습니다. 어 이 일은 어 처음 상품을 준비하고 계획하고 소비자의 성향을 파악해서 이 제품을 만들고 출시하고 광고하고 어 소비자들한테 판매를 하고 그리고 그것에 대해 어 평가를 하고 분석을 하는 종합적인 마케팅 업무를 맡아서 해 왔습니다. 어 저는 이 일을 하면서 나름의 경험과 노하우를 가지고 이 업무에 대해서 어 잘 알고 있을 뿐만 아니라 이 일을 하는 뭐 경쟁사 아니면 다른 회사의 동료들과도 아주 어 유기적인 관계를 맺고 있습니다. 저는 이 일을 누구보다 잘 할 자신이 있으며 어 제 적성에 아주 잘 맞는 일이라고 생각하고 있습니다.","wordCount":146},"emotion":[],"intent":[{"text":"어 이 일은 어   처음 상품을 준비하고 계획하고 소비자의 성향을 파악해서 이 제품을 만들고 출시하고 광고하고 어 소비자들한테 판매를 하고 그리고 그것에 대해 어   평가를 하고 분석을 하는 종합적인 마케팅 업무를 맡아서 해 왔습니다.","expression":"d_dgn_proc","category":"technology"}],"summary":{"text":"저는 경력직으로 지원한 만큼 해당 직무와 관련된 일을 약 이십 오 년 동안 해왔습니다. 이 일을 하면서 나름의 경험과 노하우를 가지고 이 업무에 대해서 잘 알고 있을 뿐만 아니라 이 일을 하는 경쟁사들이나 다른 회사의 동료들과도 아주 유기적인 관계를 맺고 있습니다. 제가 이 일을 아주 잘 할 자신이 있으며 제 적성에 아주 잘 맞는 일이라고 생각합니다.","wordCount":56}}},"rawDataInfo":{"question":{"fileFormat":"wav","fileSize":235598,"duration":7360,"samplingBit":16,"channelCount":1,"samplingRate":"16kHz","audioPath":"/Mock/06.Design/Male/Experienced/ckmk_q_ard_m_e_73393.wav"},"answer":{"fileFormat":"wav","fileSize":2630158,"duration":82190,"samplingBit":16,"channelCount":1,"samplingRate":"16kHz","audioPath":"/Mock/06.Design/Male/Experienced/ckmk_a_ard_m_e_73393.wav"}}}