{"version":"1.0","dataSet":{"info":{"date":"20230116","occupation":"ARD","channel":"MOCK","place":"ONLINE","gender":"MALE","ageRange":"35-44","experience":"EXPERIENCED"},"question":{"raw":{"text":"음 면접자님 본인도 본인만의 스타일이 있고 어 추구하는 바가 있죠 다른 디자이너랑 다른 점이 무엇인지 한번 설명해 주세요","wordCount":18},"emotion":[],"intent":[]},"answer":{"raw":{"text":"저는 안주하지 않습니다. 요즘에 음 경기도 어렵구 사실 대부분의 어 브랜드들에서 아주 완전히 새로운 것에는 정말 정말 투자를 안 해요 제로예요. 원래도 그렇지만 정말 더 심해졌어요. 그래서 아예 도전을 추구하는 디자이너에 대해서는 가차 없습니다 요즘에는. 그 디자이너의 색깔이 어 평이 좋고 반응이 좋고 유도전망 할지라도 온전한 디자이너의 색깔만 띠고 있을 때에는 투자하지 않아요. 그래서 많이들 아까 그 흐름에 대한 얘기도 했지만 그 트렌드의 기류를 타면서 거기에 편승해서 자신의 색깔을 조금씩 조금씩 넣었는데 어떻게 보면 외골수적이기 하지만 저는 그렇지 않습니다. 네 저는 트렌드라고 해서 그 트렌드를 가져와 끌어다 쓰지 않아요. 그것은 자기 기만이라고 생각하고 디자이너가 아니라고 생각합니다.","wordCount":96},"emotion":[],"intent":[{"text":"그래서 많이들 아까 그 흐름에 대한 얘기도 했지만 그 트렌드의   기류를 타면서 거기에 편승해서 자신의 색깔을 조금씩 조금씩 넣었는데   어떻게 보면 외골수적이기 하지만 저는 그렇지 않습니다.","expression":"d_trendy","category":"technology"}],"summary":{"text":"요즘 브랜드들은 아주 완전히 새로운 것에 투자를 안 합니다. 아예 도전을 추구하는 디자이너에 대해서는 가차 없습니다. 트렌드의 기류를 타면서 자신의 색깔을 조금씩 넣는데 외골수적이기 때문입니다. 하지만 저는 트렌드라고 해서 그 트렌드를 가져와 끌어다 쓰지 않습니다.","wordCount":35}}},"rawDataInfo":{"question":{"fileFormat":"wav","fileSize":470158,"duration":14690,"samplingBit":16,"channelCount":1,"samplingRate":"16kHz","audioPath":"/Mock/06.Design/Male/Experienced/ckmk_q_ard_m_e_111587.wav"},"answer":{"fileFormat":"wav","fileSize":2884878,"duration":90150,"samplingBit":16,"channelCount":1,"samplingRate":"16kHz","audioPath":"/Mock/06.Design/Male/Experienced/ckmk_a_ard_m_e_111587.wav"}}}