{"version":"1.0","dataSet":{"info":{"date":"20230116","occupation":"ARD","channel":"MOCK","place":"ONLINE","gender":"MALE","ageRange":"35-44","experience":"EXPERIENCED"},"question":{"raw":{"text":"본인이 낸 대표 프로젝트 이런 작품에 대해서 어떤 작품이 있는지 설명해 주실 수 있습니까","wordCount":14},"emotion":[],"intent":[]},"answer":{"raw":{"text":"저는 제가 제작을 한 거는 없고요. 어 배우로 참여를 해서 저는 공연 쪽을 많이 했습니다. 네 공연 연극이나 뮤지컬 이 소극장 뮤지컬 쪽으로 했었고요. 그리고 매체 쪽도 했는데 어 방송은 어 그런 단역 쪽으로 잠깐 어 거의 뭐 체험한 정도 이고 영화 쪽으로는 단편 영화나 독립 영화 쪽으로 출연을 했었습니다. 상업 영화 쪽은 아직 경험이 없어요. 그래서 어 저는 연극 전공으로 해서 지금 졸업을 하고서도 어 제 전공을 살려가지고 이제 활동한 지 꽤 그래도 됐죠. 이제 이 졸업을 하고서 지금 십 년 쪼끔 넘은 것 같네요. 네 고 정도 된 그래도 아직 너무 많이 부족한 그런 상태에 어 배우라고 할 수 있습니다.","wordCount":102},"emotion":[],"intent":[{"text":"","expression":"","category":"attitude"}],"summary":{"text":"저는 연극 전공으로 졸업을 하고서 전공을 살려서 활동한지 십 년 조금 넘은 것 같은데 아직 많이 부족한 상태의 배우라고 할 수 있습니다.","wordCount":22}}},"rawDataInfo":{"question":{"fileFormat":"wav","fileSize":304718,"duration":9520,"samplingBit":16,"channelCount":1,"samplingRate":"16kHz","audioPath":"/Mock/06.Design/Male/Experienced/ckmk_q_ard_m_e_177494.wav"},"answer":{"fileFormat":"wav","fileSize":2617678,"duration":81800,"samplingBit":16,"channelCount":1,"samplingRate":"16kHz","audioPath":"/Mock/06.Design/Male/Experienced/ckmk_a_ard_m_e_177494.wav"}}}