{"version":"1.0","dataSet":{"info":{"date":"20230116","occupation":"ARD","channel":"MOCK","place":"ONLINE","gender":"MALE","ageRange":"45-54","experience":"EXPERIENCED"},"question":{"raw":{"text":"지원자님께서는 상위 단계의 직무를 가장 빨리 수행할 수 있는 방법이 무엇이라고 생각하시나요","wordCount":12},"emotion":[],"intent":[]},"answer":{"raw":{"text":"가장 빠르게 상위 단계의 직무를 수행할 수 있는 방법이라고 물으셨는데 뭐 이것이 어 저 개인을 놓고 본다 그러면 뭐 저의 업무 능력을 키우는 것이 뭐 그 다음 단계에 직무를 수행할 수 있는 방법이라고 생각을 하고 또 하나는 이게 뭐 개인적인 게 아니고 뭐 팀으로서의 얘 예 요 팀의 관점에서 본다면 저는 그것은 백 퍼센트 소통이라고 생각을 합니다. 어 일이란 게 회사 일이라는 게 뭐 개인적으로 내 너 나한테 주어진 일을 잘 수행해야 되는 뭐 그런 경우도 있지만 대개의 경우는 협업을 통해 가지고 어떤 결과물을 창출해 내는 경우가 많은데 이 협업을 할 때 소통이 안 되면 어 그것만큼 좀 어렵고 힘든 경우가 없다 라고 생각을 합니다. 팀으로서 어떤 프로젝트를 맡았을 때 이것을 빨리 수행을 하고 완벽하게 수행을 하고 그 다음 단계에 더 뭐 상위에 어 직무를 수행하기 위해서는 그 구성원들 간의 소통이 가장 중요하다고 생각을 합니다. 어 소통이 돼야지 각자의 가 해야 될 일과 우리의 공동의 목적을 어 정할 수 있고 소통이 돼야지 그 결과를 위해서 노력을 한 결과를 어 표출해 낼 수 있다 라고 생각합니다. 가장 빠르게 상위 단계 직무를 수행할 수 있는 방법은 저는 소통이라고 생각합니다.","wordCount":177},"emotion":[],"intent":[{"text":"어 일이란 게 회사 일이라는 게 뭐 개인적으로 내 너 나한테 주어진 일을 잘 수행해야 되는   뭐 그런 경우도 있지만 대개의 경우는 협업을 통해 가지고 어떤 결과물을 창출해 내는 경우가 많은데 이 협업을 할 때 소통이 안 되면 어 그것만큼 좀 어렵고 힘든 경우가 없다 라고 생각을 합니다.","expression":"c_cop","category":"personality"},{"text":"팀으로서 어떤 프로젝트를 맡았을 때 이것을 빨리 수행을 하고 완벽하게 수행을 하고   그 다음 단계에 더 뭐 상위에 어 직무를 수행하기 위해서는 그   구성원들 간의 소통이 가장 중요하다고 생각을 합니다.","expression":"c_cop","category":"personality"},{"text":"어 소통이 돼야지 각자의 가 해야 될 일과 우리의 공동의 목적을 어 정할 수 있고 소통이 돼야지 그 결과를 위해서   노력을 한 결과를 어 표출해 낼 수 있다 라고 생각합니다.","expression":"c_cop","category":"personality"}],"summary":{"text":"업무 능력을 키우는 것이 다음 단계의 직무를 수행할 수 있는 방법이라고 생각하며, 팀으로서의 관점에서 그것은 백 퍼센트 소통이라고 생각합니다. 협업을 할 때 소통이 없으면 힘든 경우가 많은데, 팀으로서 어떤 프로젝트를 맡았을 때 이를 빨리 수행하고 완벽하게 수행을 하고 다음 단계 직무를 수행하기 위해서는 그 구성원들 간의 소통이 가장 중요하다고 생각합니다.","wordCount":50}}},"rawDataInfo":{"question":{"fileFormat":"wav","fileSize":288398,"duration":9010,"samplingBit":16,"channelCount":1,"samplingRate":"16kHz","audioPath":"/Mock/06.Design/Male/Experienced/ckmk_q_ard_m_e_74875.wav"},"answer":{"fileFormat":"wav","fileSize":2850318,"duration":89070,"samplingBit":16,"channelCount":1,"samplingRate":"16kHz","audioPath":"/Mock/06.Design/Male/Experienced/ckmk_a_ard_m_e_74875.wav"}}}