{"version":"1.0","dataSet":{"info":{"date":"20230116","occupation":"RND","channel":"MOCK","place":"ONLINE","gender":"FEMALE","ageRange":"45-54","experience":"EXPERIENCED"},"question":{"raw":{"text":"지원자님께서 저희와 함께 일을 하게 된다면 다른 지역에서 일을 하게 될 수도 있습니다 혹시 다른 지역에서 근무하는데 문제가 없으신가요","wordCount":19},"emotion":[],"intent":[]},"answer":{"raw":{"text":"아 타 지역에서 업무 수행 네 가능합니다. 그게 뭐 지금 뭐 어린 나이던 아니던 이제 직장인이라면 어 상황에 따라서 타 지역에서 근무할 수 있는 거고 또 뭐 계속 그쪽에서 근무할 것도 아닌 것이고 네 조금은 또 새로운 곳에서 업무 수행하는 경우 또 새로운 마음으로 할 수 있어서 네 고거 나쁘지 않고 저는 되게 긍정적으로 예 좋다고 생각합니다. 예 가능합니다.","wordCount":59},"emotion":[],"intent":[{"text":"","expression":"","category":"attitude"}],"summary":{"text":"직장인은 상황에 따라 타 지역 업무 수행이 가능합니다. 새로운 곳에서 업무 수행 시 새로운 마음으로 할 수 있어 저는 긍정적으로 예 좋다고 생각합니다.","wordCount":23}}},"rawDataInfo":{"question":{"fileFormat":"wav","fileSize":478798,"duration":14960,"samplingBit":16,"channelCount":1,"samplingRate":"16kHz","audioPath":"/Mock/04.RND/Female/Experienced/ckmk_q_rnd_f_e_107935.wav"},"answer":{"fileFormat":"wav","fileSize":1406798,"duration":43960,"samplingBit":16,"channelCount":1,"samplingRate":"16kHz","audioPath":"/Mock/04.RND/Female/Experienced/ckmk_a_rnd_f_e_107935.wav"}}}