{"version":"1.0","dataSet":{"info":{"date":"20230116","occupation":"RND","channel":"MOCK","place":"ONLINE","gender":"FEMALE","ageRange":"35-44","experience":"EXPERIENCED"},"question":{"raw":{"text":"그동안 인생을 살면서 여러 가지 갈등 상황을 겪으셨을 텐데요 그중에서 가장 심각했던 갈등은 무엇이었습니까 한 가지만 골라서 말씀 부탁드리겠습니다","wordCount":19},"emotion":[],"intent":[]},"answer":{"raw":{"text":"음 제가 아이가 있고 저의 남편도 그런 비슷한 직업을 가지고 있는데 남편이 이제 외국으로 이직을 생각을 하면서 어 좀 당연하게 제가 같이 가야 한다고 생각했었던 것 같애요. 그러니까 본인이 이직을 하면은 해외로 이직을 하게 될 경우에 당연히 제가 저의 일을 그만두고 같이 갈 것이라고 생각했던 것 같애요. 그래서 저는 사실 그 나라로 가게 되면 아이들한텐 되게 좋은 환경이 조성이 되거든요. 교육적인 분위기나 한국보다는 조금 여유롭게 지낼 수 있는 그런 환경이 조성이 되는 거였는데 아이들만 생각하면 가는 게 맞다고 생각을 했었어요. 근데 그 커리어가 끊기고 거기에서 지낼 저를 상상했을 때 많이 암담했었거든요. 그래서 그때 좀 남편이랑 그 갈등이 좀 오래 갔었었어요. 그래서 결국은 남편이 먼저 가서 자리를 잡는 조건으로 해서 그렇게 마무리 지었었습니다.","wordCount":112},"emotion":[],"intent":[{"text":"","expression":"","category":"attitude"}],"summary":{"text":"남편이 해외로 이직을 하게 될 경우 아이들은 교육적인 분위기나 한국보다는 조금 여유롭게 지낼 수 있는 환경이 조성이 됩니다. 아이들을 생각하면 가는 게 맞다고 생각했지만 남편이 먼저 가서 자리를 잡는 조건으로 마무리 지었습니다.","wordCount":32}}},"rawDataInfo":{"question":{"fileFormat":"wav","fileSize":507598,"duration":15860,"samplingBit":16,"channelCount":1,"samplingRate":"16kHz","audioPath":"/Mock/04.RND/Female/Experienced/ckmk_q_rnd_f_e_205420.wav"},"answer":{"fileFormat":"wav","fileSize":2832078,"duration":88500,"samplingBit":16,"channelCount":1,"samplingRate":"16kHz","audioPath":"/Mock/04.RND/Female/Experienced/ckmk_a_rnd_f_e_205420.wav"}}}