{"version":"1.0","dataSet":{"info":{"date":"20230116","occupation":"RND","channel":"MOCK","place":"ONLINE","gender":"FEMALE","ageRange":"35-44","experience":"EXPERIENCED"},"question":{"raw":{"text":"어 이전 직장을 그만둔 특별한 이유가 있으신가요 또 있으시다면 현 직장도 같은 이유로 그만둘 이 가능성이 있으신지 함께 설명해 주시길 바랍니다","wordCount":21},"emotion":[],"intent":[]},"answer":{"raw":{"text":"어 방금 말씀드렸던 것처럼 어 그 제가 우연히 학교 시절에 봤던 그 논문으로 인한 계기로 제가 이제 이직을 생각을 했었는데 사실은 텀이 좀 있어요. 그거를 알았을 때랑 제가 쭉 일해 오고 지금 이 회사에 이직을 하는 그 사이에 텀이 좀 긴데 그때 당시에 그 충격을 좀 받고 계속 따른 회사에서 일하면서 계속 생각했던 것 같아요 그때 그거를. 할 수 있을 텐데 할 수 있는 방향으로 갈 수 있는 그 뭐가 있을까 그런데 제 스스로 뭔가를 만들어낸다기보다 만들어낸다는 거에 대해서는 자신이 없었고 그렇다면 그거를 추구할 수 있는 기업이 어디가 있을까 라고 생각을 많이 했었던 것 같애요. 그래서 항상 틈틈이 어 새로 스타트업으로 등장하는 것도 많이 살펴보기도 했었고 환경 단체와 관련돼서 일을 진행하는 기업들도 많이 찾아보기도 했었고 그래서 그렇게 찾아본 후에 제가 결정한 회사 이곳이었기 때문에 어쩌면 저의 그 신념 자체가 바뀌었기 때문에 그 변화로 인해서 그만둔 거라고 말할 수 있겠죠 특별한 이유라고 말씀을 드리면. 그래서 그게 또 어긋나지 않는다면 제가 이 직장에서 그만둘 이유는 없을 것 같습니다.","wordCount":156},"emotion":[],"intent":[{"text":"그래서 항상 틈틈이 어 새로 스타트업으로 등장하는 것도 많이 살펴보기도 했었고 환경 단체와 관련돼서 일을 진행하는 기업들도 많이 찾아보기도 했었고 그래서 그렇게 찾아본 후에 제가 결정한 회사 이곳이었기 때문에 어쩌면 저의 그 신념 자체가 바뀌었기 때문에 그 변화로 인해서 그만둔 거라고 말할 수 있겠죠 특별한 이유라고 말씀을 드리면.","expression":"c_sincere_job","category":"etc"}],"summary":{"text":"저는 학교 시절에 했던 논문으로 인해 이직을 생각하게 되었습니다. 그때 저는 스스로 뭔가를 만들어낸다는 거에 대해서는 자신이 없었고 그것을 추구할 수 있는 기업이 어디 있을까 라고 생각했습니다. 그래서 새로운 스타트업이나 환경 단체와 관련된 기업들을 많이 찾아본 후에 저의 신념 자체가 바뀌었기 때문에 그만둔 것입니다.","wordCount":44}}},"rawDataInfo":{"question":{"fileFormat":"wav","fileSize":485518,"duration":15170,"samplingBit":16,"channelCount":1,"samplingRate":"16kHz","audioPath":"/Mock/04.RND/Female/Experienced/ckmk_q_rnd_f_e_205419.wav"},"answer":{"fileFormat":"wav","fileSize":2839758,"duration":88740,"samplingBit":16,"channelCount":1,"samplingRate":"16kHz","audioPath":"/Mock/04.RND/Female/Experienced/ckmk_a_rnd_f_e_205419.wav"}}}