{"version":"1.0","dataSet":{"info":{"date":"20230116","occupation":"RND","channel":"MOCK","place":"ONLINE","gender":"FEMALE","ageRange":"-34","experience":"EXPERIENCED"},"question":{"raw":{"text":"만약 상사가 업무와 전혀 무관한 일을 시킨다면 어떻게 행동을 하시겠습니까 어 그 업무를 수행을 하실 건가요 아니면 수행을 안 하실 건가요 궁금합니다","wordCount":22},"emotion":[],"intent":[]},"answer":{"raw":{"text":"혹시 지금 질문 주셨던 그 무관한 일이 어디까지인지 혹시 알 수 있을까요. 뭔가 이런 질문을 주신다는 거면 그런 상황이 좀 많았다는 것 같은데. 그러면 좀 일을 하는 사람도 어쨌든 상사도 그렇고 그 밑에 있는 사람들도 서로 좀 껄끄러운 상태로 일을 해 하지 않았을까 라는 생각이 들어서 혹시 그동안 괜찮았는지 제가 좀 오히려 질문을 드리고 싶고 사실은 업무랑 무관한 일이라는 게 제가 맡은 업무와 정말 관계가 없는 일 그러니까 원래는 내가 해선 안 되는 업무인데 다른 부서의 일이라던지 그런 것들을 만약에 맡겼다는 경운 거면 사실 어느정도 수행할 수 있을 것 같거든요. 근데 예를 들어서 상사가 이 업무가 아니라 갑자기 진짜 아예 아예 무관한 뭐 자기의 아이를 데려다 줘라 자기의 아이를 뭐 학교 끝날 때까지 기다렸다가 집으로 픽업을 해서 와라 뭐 이런 식으로 그런 일을 시킨다면은 자신은 있거든요. 사실 잘할 자신은 있지만 그거는 수행하지 않을 것 같습니다.","wordCount":135},"emotion":[],"intent":[{"text":"","expression":"","category":"attitude"}],"summary":{"text":"업무와 무관한 일이라는 게 원래는 제가 해선 안 되는 업무인데 다른 부서의 일이라던지 그런 것들을 맡겼다는 경운 이라면 어느정도 수행할 수 있을 것 같습니다. 하지만 상사가 갑자기 아예 다른 종류의 일을 시킨다면 자신은 있겠지만 그것은 수행하지 않을 것 같습니다.","wordCount":39}}},"rawDataInfo":{"question":{"fileFormat":"wav","fileSize":480718,"duration":15020,"samplingBit":16,"channelCount":1,"samplingRate":"16kHz","audioPath":"/Mock/04.RND/Female/Experienced/ckmk_q_rnd_f_e_148824.wav"},"answer":{"fileFormat":"wav","fileSize":2598158,"duration":81190,"samplingBit":16,"channelCount":1,"samplingRate":"16kHz","audioPath":"/Mock/04.RND/Female/Experienced/ckmk_a_rnd_f_e_148824.wav"}}}