{"version":"1.0","dataSet":{"info":{"date":"20230116","occupation":"RND","channel":"MOCK","place":"ONLINE","gender":"FEMALE","ageRange":"55-","experience":"EXPERIENCED"},"question":{"raw":{"text":"면접장님께서는 지금 이 직무를 지원을 하셨는데요 만약에 지금 지원하신 이 직무가 아닌 다른 부서에 배치가 된다면 괜찮으실까요 어떻게 생각하시는지 이야기해 주시겠습니까","wordCount":21},"emotion":[],"intent":[]},"answer":{"raw":{"text":"아니요 저는 못 합니다. 제가 지금 나이가 몇인데 익숙한 것도 잊어버려서 다시 확인하고 해야 될 수도 있는 상태인데 그나마 제가 오랫동안 이렇게 제가 삼십 년 이상 해온 일이 아닌 다른 걸 주신다 어 못합니다. 그러면 저는 돈을 받는 게 아니라 돈을 내야 될 수도 있겠는데요 회사에. 제가 무슨 일을 저지를지 제가 어떤 피해를 끼칠지 제가 한 실수가 저도 모르니까요. 그리고 회사라면 그런 배치는 하면 안 되지 않을까요. 그런 위험 그런 리스크를 안고 인사 배치를 그러면 회사가 문제가 있는 것 아닐까요. 네 굳이 이 나이 많은 저를 저는 못 합니다. 그러면 저는 네 이 회사와 함께 하지 않겠습니다.","wordCount":97},"emotion":[],"intent":[{"text":"","expression":"","category":"attitude"}],"summary":{"text":"나이 많은 저를 회사와 함께 하지 않겠습니다. 회사라면 그런 인사 배치를 하면 안 되지 않을까요? 그런 위험 리스크를 안고 인사 배치를 그러면 회사가 문제가 있는 것 아닐가요.","wordCount":27}}},"rawDataInfo":{"question":{"fileFormat":"wav","fileSize":583118,"duration":18220,"samplingBit":16,"channelCount":1,"samplingRate":"16kHz","audioPath":"/Mock/04.RND/Female/Experienced/ckmk_q_rnd_f_e_142844.wav"},"answer":{"fileFormat":"wav","fileSize":2522318,"duration":78820,"samplingBit":16,"channelCount":1,"samplingRate":"16kHz","audioPath":"/Mock/04.RND/Female/Experienced/ckmk_a_rnd_f_e_142844.wav"}}}