{"version":"1.0","dataSet":{"info":{"date":"20230116","occupation":"RND","channel":"MOCK","place":"ONLINE","gender":"FEMALE","ageRange":"45-54","experience":"EXPERIENCED"},"question":{"raw":{"text":"네 지원자님께서 본인의 장점과 단점을 어 설명을 좀 해 주시구요 또 그렇게 본인의 장단점을 특화시키고 또 단점을 좀 극복하기 위한 그런 노력도 함께 말씀 부탁드립니다","wordCount":25},"emotion":[],"intent":[]},"answer":{"raw":{"text":"저는 저는 진짜로 제 일을 정말 즐겨요. 네 제가 이 일을 한 지 정말 아직 어 몇 년이죠 벌써 삼십 년 넘게 했네요. 네 그런데도 저는 여전히 이 일이 너무 재미있어요. 저는 이 일이 제일 재미있어요. 다른 이 세상에 어떤 다른 직업은 전혀 부럽지도 않고 제 일이 제일 자부심도 넘치고 음 제일 흥미로워요. 네 저희는 정말 생존과 직결된 업무이기도 하기 때문에 어 정말 큰 자부심을 가지고 있고 단점 단점이라면 글쎄요. 너무 제 직업을 제일 우선시하고 신성시한다는 거 그게 단점일 수 있을 것 같아요. 어 특화시킨 것보다 그 노하우가 있다기보다 그냥 이 감정을 가지고 계속 꾸준히 일을 해 와서 그게 특화가 더 된 것 같다고 생각해요.","wordCount":105},"emotion":[{"text":"네 제가 이 일을 한 지   정말 아직 어 몇 년이죠 벌써   삼십 년 넘게 했네요.","expression":"u-fact","category":"neutral"}],"intent":[{"text":"","expression":"","category":"attitude"}],"summary":{"text":"생존과 직결된 업무이기 때문에 자부심을 가지고 있고 제 직업을 제일 우선시하고 신성시한다는 게 단점일 수 있을 것 같습니다. 특화된 것보다 이 감정을 가지고 계속 일을 해 와서 특화가 더 된 것 같다고 생각합니다.","wordCount":33}}},"rawDataInfo":{"question":{"fileFormat":"wav","fileSize":673998,"duration":21060,"samplingBit":16,"channelCount":1,"samplingRate":"16kHz","audioPath":"/Mock/04.RND/Female/Experienced/ckmk_q_rnd_f_e_179183.wav"},"answer":{"fileFormat":"wav","fileSize":2877198,"duration":89910,"samplingBit":16,"channelCount":1,"samplingRate":"16kHz","audioPath":"/Mock/04.RND/Female/Experienced/ckmk_a_rnd_f_e_179183.wav"}}}