{"version":"1.0","dataSet":{"info":{"date":"20230116","occupation":"RND","channel":"MOCK","place":"ONLINE","gender":"FEMALE","ageRange":"-34","experience":"EXPERIENCED"},"question":{"raw":{"text":"지원자님께서는 본인이 교번 근무에 잘 적응하실 수 있다고 생각하시나요 만약 그렇다고 생각하신다면 그 근거도 함께 말씀해 주시기 바랍니다","wordCount":18},"emotion":[],"intent":[]},"answer":{"raw":{"text":"어 저는 원래는 잘 적응을 못하는 편이라고 생각을 하는데요. 워낙 에프엠 대로 살아오기도 했었고 좀 정해진 시간이 고정적으로 흘러가는 걸 원해서 그거를 선호하지 않는다고 생각을 하는데 그리고 예전에 저도 그런 환경에서 잘 일을 못 했다고 생각을 하는데요. 방금 말씀드렸던 것처럼 어떤 서핑 같은 것들 그러니까 제가 새롭게 뭔가 눈을 뜨고 나서부터는 조금 삶을 대하는 태도 같은 게 좀 여유가 있어진 것 같애요. 좀 빡빡하게 굴었던 저 자신한테 빡빡하게 굴었던 것들이 조금은 느슨해지면서 이런 교번 근무 같은 것도 지금에서 하게 된다면 잘 적응할 수 있을 것 같애요. 그런데 아무래도 그게 제가 확답으로 할 수 있다 라고 말하기가 좀 어려운 게 그거를 아직 해본 적이 없어요. 그래서 마음은 좀 이제 열어졌는데 이걸 한번 해 봐야지 제가 알 수 있을 것 같습니다.","wordCount":119},"emotion":[],"intent":[{"text":"","expression":"","category":"attitude"}],"summary":{"text":"에프엠 대로 살아오기도 했고, 좀 고정적으로 흘러가는 걸 선호하지 않으며, 예전에도 잘 일을 못 했습니다. 새롭게 눈을 뜬 후 부터는 좀 여유가 있어졌으며, 교번 근무 같은 것도 지금에서 하게 된다면 잘 적응할 수 있을 것 같습니다.","wordCount":36}}},"rawDataInfo":{"question":{"fileFormat":"wav","fileSize":585678,"duration":18300,"samplingBit":16,"channelCount":1,"samplingRate":"16kHz","audioPath":"/Mock/04.RND/Female/Experienced/ckmk_q_rnd_f_e_148828.wav"},"answer":{"fileFormat":"wav","fileSize":2391118,"duration":74720,"samplingBit":16,"channelCount":1,"samplingRate":"16kHz","audioPath":"/Mock/04.RND/Female/Experienced/ckmk_a_rnd_f_e_148828.wav"}}}