{"version":"1.0","dataSet":{"info":{"date":"20230116","occupation":"RND","channel":"MOCK","place":"ONLINE","gender":"FEMALE","ageRange":"45-54","experience":"EXPERIENCED"},"question":{"raw":{"text":"지원자님 업무 중 스케줄에 없던 일이 생길 때가 많습니다 이런 상황이 생긴다면 어떻게 대처하시겠습니까","wordCount":14},"emotion":[],"intent":[]},"answer":{"raw":{"text":"어 업무를 하다 보면 그 내가 뭐 계획을 짜도 거기에 또 안 되는 경우도 있고 한데 스케줄에 없던 일이 생긴다면 또 그 부분은 차질이 없도록 업무에 다시 또 스케줄 조정을 해서 일을 해 나가야 될 것 같고요. 그렇다면 왜 이게 스케줄이 없던 일이 생기 자꾸 많이 생기냐 그 이유 원인을 좀 분석을 해서 이게 좀 더 많이 일어나는 게 아니라 줄어들 수 있도록 그런 부분을 좀 계속해서 연구를 해야 될 것 같고요. 그냥 뭐 되는 대로 하자 이렇게 이런 게 아니라 왜 이 일이 많이 일어날까 스케줄이 없던 일이 이제 그런 부분을 계속 왜 라는 느낌을 가지고 네 업무 처리에 임해야 될 것 같습니다.","wordCount":104},"emotion":[],"intent":[{"text":"","expression":"","category":"attitude"}],"summary":{"text":"스케줄에 없던 일이 생긴다면 그 부분에 차질이 없도록 업무에 다시 또 스케줄 조정을 해서 일을 해 나가야 될 것 같습니다. 그럼 왜 이런 일이 많이 일어날까 그 이유를 분석해서 줄어들 수 있도록 계속 연구를 해야 될 것입니다.","wordCount":37}}},"rawDataInfo":{"question":{"fileFormat":"wav","fileSize":326478,"duration":10200,"samplingBit":16,"channelCount":1,"samplingRate":"16kHz","audioPath":"/Mock/04.RND/Female/Experienced/ckmk_q_rnd_f_e_107941.wav"},"answer":{"fileFormat":"wav","fileSize":2195598,"duration":68610,"samplingBit":16,"channelCount":1,"samplingRate":"16kHz","audioPath":"/Mock/04.RND/Female/Experienced/ckmk_a_rnd_f_e_107941.wav"}}}