{"version":"1.0","dataSet":{"info":{"date":"20230116","occupation":"RND","channel":"MOCK","place":"ONLINE","gender":"FEMALE","ageRange":"55-","experience":"EXPERIENCED"},"question":{"raw":{"text":"입사 후에 근무를 하시면서 만약 본인이 지원한 분야가 자신과 맞지 않는다는 사실을 깨닫게 되신다면 어떻게 하실 예정인가요","wordCount":17},"emotion":[],"intent":[]},"answer":{"raw":{"text":"어 있었죠. 있었던 적이 있어요. 네 안 맞는다고 근데 이제 그게 어 순전히 제가 하는 일과 연관되어서가 아니라 안 가 그 일 때문이 아니라 그 일을 하기 위한 과정에서에 사람 스트레스 같은 거죠. 네 뭐 민원을 이제 낸 사람에 어떤 상태 정도가 너무 심하다거나 그러면 약간 제가 어떻게 해야 될지 모르겠는 그런 정도에 상대면 그러함에도 그 상대를 또 제가 계속 또 마주하면서 상대를 또 해줘야 되니까. 그런 게 힘들었었고 그래서 이 일 자체가 또 안 맞는다고 생각을 했었고 그런 부분들 네 근데 네 일만 보면 없어요. 네 제가 좋아하는 일이고 자랑스러워하는 일이구 또 제 커리어도 자신 있어 하는 부분이라 일만 보면 저는 잘 맞아요. 이 일과 저는 궁합이 좋아요 저희는.","wordCount":110},"emotion":[],"intent":[{"text":"","expression":"","category":"attitude"}],"summary":{"text":"일을 하는 과정에서의 사람 스트레스 때문에 일 자체가 안 맞는다고 생각했지만 일은 제가 좋아하는 일이고 커리어도 자신 있어 하는 부분이라 일만 보면 저는 잘 맞습니다. 이 일과 저는 궁합이 좋습니다.","wordCount":30}}},"rawDataInfo":{"question":{"fileFormat":"wav","fileSize":613198,"duration":19160,"samplingBit":16,"channelCount":1,"samplingRate":"16kHz","audioPath":"/Mock/04.RND/Female/Experienced/ckmk_q_rnd_f_e_190112.wav"},"answer":{"fileFormat":"wav","fileSize":2762318,"duration":86320,"samplingBit":16,"channelCount":1,"samplingRate":"16kHz","audioPath":"/Mock/04.RND/Female/Experienced/ckmk_a_rnd_f_e_190112.wav"}}}