{"version":"1.0","dataSet":{"info":{"date":"20230116","occupation":"RND","channel":"MOCK","place":"ONLINE","gender":"FEMALE","ageRange":"45-54","experience":"EXPERIENCED"},"question":{"raw":{"text":"만약 지원자 분께서 지금 지원을 하시는 이 직무가 아닌 다른 부서에 배치될 수도 있습니다 혹시 그렇게 된다면 어떻게 하실 생각이신지 그래도 괜찮으신가요","wordCount":22},"emotion":[],"intent":[]},"answer":{"raw":{"text":"그 다른 직무 그러니까 제가 뭐 지원하는 직무 외에 다른 직무를 배정이 된다면 물어보시는 거죠. 그런 경우라면 어 어쩔 수 없는 부분이다 생각을 하고요. 다른 직무로 배정됐다고 해서 나는 못해 라고 할 건 아닌 거고 그 다른 직무로 배정이 된 경우라면 또 그만큼의 그 업무도 할 수 있는 능력이 있어서 그 업무를 주어 졌을 거다 라고 생각을 하고 열심히 할 거고요. 아니면 너 못할 건데 이렇게 좀 미움을 받아서 배정이 된 경우더라도 어 만약에 그 경우에도 더 이를 악물고 열심히 일을 할 거구요. 근데 이제 내가 원하는 업무를 할 수 있기 하도록 하기 위해서 네 여러 방도를 저 자신도 노력을 할 거고 여러 방도를 찾아서 내가 원하는 직무에서 일을 할 수 있도록 할 것 같습니다.","wordCount":115},"emotion":[],"intent":[{"text":"","expression":"","category":"attitude"}],"summary":{"text":"다른 직무로 배정되었다고 해서 저는 못해 라고 할 건 아닌 것이고 그만큼의 그 업무도 할 수 있는 능력이 있어서 그 업무를 주어진 거다 라고 생각을 하고 열심히 할 것입니다. 또는 미움을 받아서 배정이 된 경우라도 제가 원하는 업무를 할 수 있도록 노력할 것입니다.","wordCount":43}}},"rawDataInfo":{"question":{"fileFormat":"wav","fileSize":566798,"duration":17710,"samplingBit":16,"channelCount":1,"samplingRate":"16kHz","audioPath":"/Mock/04.RND/Female/Experienced/ckmk_q_rnd_f_e_107939.wav"},"answer":{"fileFormat":"wav","fileSize":2384078,"duration":74500,"samplingBit":16,"channelCount":1,"samplingRate":"16kHz","audioPath":"/Mock/04.RND/Female/Experienced/ckmk_a_rnd_f_e_107939.wav"}}}