{"version":"1.0","dataSet":{"info":{"date":"20230116","occupation":"RND","channel":"MOCK","place":"ONLINE","gender":"FEMALE","ageRange":"-34","experience":"EXPERIENCED"},"question":{"raw":{"text":"지원자님께서는 공동체의 가치에 입각 무형 문화유산의 보호에 있어 적용되는 사회적 관념은 무엇이라고 생각하십니까","wordCount":13},"emotion":[],"intent":[]},"answer":{"raw":{"text":"어 전혀 생각해보지 않았던 부분이라서 어 좀 생각하는 시간이 좀 길어질 것 같구요. 공동체 가치에 입각해서 무형문화 유산의 보호에 있어 적용되는 사회적 관념이라 글쎄요 저는 좀 전통성이 아닐까 생각이 드네요. 뭐 굉장히 눈에 딱 드러나는 게 아니잖아요 무형문화유산은. 어쨌든 우리가 그거를 누군가는 기억을 해야 하는 거기 때문에 그리고 그거를 문화유산으로 지정했다는 것 자체가 가치가 있다고 판단한 어떤 옛 뭐냐 옛 사람들의 기준이 있지 않을까요. 그런데 그거를 만약에 계속 이어가지 못한다면 이해하지 못한다면은 그게 보호되지 않겠죠. 그렇게 생각합니다.","wordCount":77},"emotion":[],"intent":[{"text":"","expression":"","category":"attitude"}],"summary":{"text":"무형문화유산은 누군가에게 기억되어야 하고 문화유산으로 지정하는 것 자체가 가치있다고 판단한 옛 사람들의 기준이 있지 않을까 생각합니다. 계속 이어가지 못하면 이해하지 못하면 보호되지 않는다고 생각합니다.","wordCount":24}}},"rawDataInfo":{"question":{"fileFormat":"wav","fileSize":534158,"duration":16690,"samplingBit":16,"channelCount":1,"samplingRate":"16kHz","audioPath":"/Mock/04.RND/Female/Experienced/ckmk_q_rnd_f_e_148823.wav"},"answer":{"fileFormat":"wav","fileSize":2377678,"duration":74300,"samplingBit":16,"channelCount":1,"samplingRate":"16kHz","audioPath":"/Mock/04.RND/Female/Experienced/ckmk_a_rnd_f_e_148823.wav"}}}