{"version":"1.0","dataSet":{"info":{"date":"20230116","occupation":"RND","channel":"MOCK","place":"ONLINE","gender":"FEMALE","ageRange":"45-54","experience":"EXPERIENCED"},"question":{"raw":{"text":"지원자님께서는 입사 후 근무를 하면서 정작 지원한 분야가 지원자님과 잘 맞지 않는다는 사실을 깨닫는다면 어떻게 하실 생각이신지 설명 부탁드리겠습니다","wordCount":19},"emotion":[],"intent":[]},"answer":{"raw":{"text":"아 그 지원한 분야가 안 맞으면 맞을 거라 심사숙고 해서 한 결정이기 때문에 제 결정이 잘못됨을 인정하고 싶지는 않아서 일단은 안 맞다는 생각이 들지 않게 네 어 뭐 나한테 최면을 걸거나 어 수시로 이렇게 자기 체면을 걸어서라도 열심히 재미있게 하려고 노력을 할 거고요. 그럼에도 불구하고 안 맞더라도 지금은 이제 뭐 내가 내 적성하고 맞다 안 맞다 이렇게 해서 또 옮기거나 하고 할 그런 연령은 아니라 생각하구요. 그리고 이제 제가 심사숙고 했기 때문에 지금에 와서 그게 안 맞다 안 맞으리라 그렇게는 전혀 생각할 수가 없어서 어쨌든 저는 계속해서 열심히 할 뿐입니다.","wordCount":90},"emotion":[],"intent":[{"text":"","expression":"","category":"attitude"}],"summary":{"text":"지원한 분야가 안 맞으면 맞을 거라 심사숙고해서 한 결정이기 때문에 잘못됨을 인정하고 싶지는 않아서 일단 안 맞는다는 생각이 들지 않게 열심히 하려고 노력할 것이고 안 맞더라도 지금은 옮기거나 할 연령은 아니라고 생각하며 계속 열심히 할 것입니다.","wordCount":36}}},"rawDataInfo":{"question":{"fileFormat":"wav","fileSize":507598,"duration":15860,"samplingBit":16,"channelCount":1,"samplingRate":"16kHz","audioPath":"/Mock/04.RND/Female/Experienced/ckmk_q_rnd_f_e_107936.wav"},"answer":{"fileFormat":"wav","fileSize":2291598,"duration":71610,"samplingBit":16,"channelCount":1,"samplingRate":"16kHz","audioPath":"/Mock/04.RND/Female/Experienced/ckmk_a_rnd_f_e_107936.wav"}}}