{"version":"1.0","dataSet":{"info":{"date":"20230116","occupation":"RND","channel":"MOCK","place":"ONLINE","gender":"FEMALE","ageRange":"35-44","experience":"EXPERIENCED"},"question":{"raw":{"text":"얼마 전 구급대원이 주취자에게 폭행을 당해 순직하는 안타까운 일이 한 번 발생했습니다 혹시 지원자님께서는 이 사건에 대해서 어떻게 생각하시나요","wordCount":19},"emotion":[],"intent":[]},"answer":{"raw":{"text":"음 네 몰랐어요. 저 사실 이거는 처음 듣고요 웃기네요 그냥. 네 우리 나라는 그냥 뭐 배부른 건가 그렇게 뭐 어떤 사람을 귀하게 여기는 그게 각각의 개별적인 인식으로는 있다고 하더라도 법적인 그 국가가 존재하기 위해 국가가 운영되기 위한 그 법규 안에서는 그 의식 그 시선이 애초에 없나 봐요. 아니면 있었는데 뺐나 봐요. 어떻게 술 마신 사람에 의해서 그 숭고한 희생을 아니 숭고함을 가진 그 존재를 허무하게 뺏길 수 있는지 어떻게 생각하냐고요. 황당하고 멍청하고 네 똑같이 죽어야 된다고 생각해요 그 주취자가 이이제이로. 네","wordCount":81},"emotion":[],"intent":[{"text":"","expression":"","category":"attitude"}],"summary":{"text":"술 취한 사람이 숭고함을 가진 존재를 허무하게 뺏길 수 있다는 것은 발상의 전환이 필요합니다. 차라리 그 주취자가  똑같이 죽어야 된다고 생각합니다.","wordCount":21}}},"rawDataInfo":{"question":{"fileFormat":"wav","fileSize":402638,"duration":12580,"samplingBit":16,"channelCount":1,"samplingRate":"16kHz","audioPath":"/Mock/04.RND/Female/Experienced/ckmk_q_rnd_f_e_179648.wav"},"answer":{"fileFormat":"wav","fileSize":2814158,"duration":87940,"samplingBit":16,"channelCount":1,"samplingRate":"16kHz","audioPath":"/Mock/04.RND/Female/Experienced/ckmk_a_rnd_f_e_179648.wav"}}}