{"version":"1.0","dataSet":{"info":{"date":"20230116","occupation":"RND","channel":"MOCK","place":"ONLINE","gender":"FEMALE","ageRange":"55-","experience":"EXPERIENCED"},"question":{"raw":{"text":"우리 회사에 입사를 딱 했을 때 업무 내용이나 강도가 예상했던 것과 전혀 다르다면 지원자님은 어떻게 행동하시겠습니까","wordCount":16},"emotion":[],"intent":[]},"answer":{"raw":{"text":"어 화나는데요 화가 나요. 입사를 딱 했더니 아니 열심히 서류 내고 면접 보고 내 능력으로 보여드리고 입사를 했는데 다른 일을 준다 이거는 기만 아닙니까 기만 사람을 기만하는 일인 것 같은데요. 저는 이거 따질 거예요. 근데 그거를 어떤 식으로 주는 주느냐도 다르죠. 하지만 잘 포장해서 주던 진짜 그냥 뭐 이런 대우가 없다 싶게 그냥 아주 몹쓸 태도로 주건 간에 똑같이 따지긴 할 거예요. 잘못된 거니까 사기에요 사기 이거는 일하려고 온 사람한테 얼마나 나름대로 열심히 이제 여기에 정성을 다해서 내 성의껏 내 재주껏 또 바치리라 하고 왔는데 이제까지 내 커리어는 싸그리 무시하고 다른 걸 전 따질 겁니다 따지고 나갈 겁니다. 네 화 낼 거예요 이거는.","wordCount":103},"emotion":[{"text":"어 화나는데요 화가 나요.","expression":"n-anger","category":"negative"}],"intent":[{"text":"","expression":"","category":"attitude"}],"summary":{"text":"입사를 했는데 다른 일을 준다는 것은 기만입니다. 포장방식이나 태도가 어떻든 제 커리어는 싹 무시하고 다른 걸 따질 것입니다. 네 화 낼 것입니다.","wordCount":22}}},"rawDataInfo":{"question":{"fileFormat":"wav","fileSize":490318,"duration":15320,"samplingBit":16,"channelCount":1,"samplingRate":"16kHz","audioPath":"/Mock/04.RND/Female/Experienced/ckmk_q_rnd_f_e_142852.wav"},"answer":{"fileFormat":"wav","fileSize":2827598,"duration":88360,"samplingBit":16,"channelCount":1,"samplingRate":"16kHz","audioPath":"/Mock/04.RND/Female/Experienced/ckmk_a_rnd_f_e_142852.wav"}}}