{"version":"1.0","dataSet":{"info":{"date":"20230116","occupation":"RND","channel":"MOCK","place":"ONLINE","gender":"FEMALE","ageRange":"45-54","experience":"EXPERIENCED"},"question":{"raw":{"text":"직무를 수행하는 와중에 모르는 과제가 등장했습니다 어떤 방식으로 해결하실지 해결 방법과 그 이유를 말씀해 주세요","wordCount":15},"emotion":[],"intent":[]},"answer":{"raw":{"text":"아 이게 젊었을 때 저라면 네 어렸을 때 저라면 뭔가 그런 척 네 뭐 제법 아는 척 뭐 대강 그래 보이는 척 하고 넘어갔을 거예요. 네 근데 완벽하지 않았을 거예요 그렇게 할 수도 없을 뿐더러 음 네 제대로 알지 못하기 때문에 분명히 어디에 어느 곳 하나에선가 실수가 날 거고 그럼 또 일이 커졌겠죠. 근데 제가 이렇게 커서 보면 멀리서 보면 그렇게 하면 안 되죠. 네 그냥 솔직한 게 최고예요. 모르는 부분에 대해서 솔직하게 밝히고 어 어떻게 이걸 해결해야 될지 주변 주변에 계속 조언을 구하고 알아보고 찾아보고 찾아보면서 더 나은 방안이 있을 때 나은 방안이 있을지 더 찾아보고 네 그게 제일 안전하죠. 네 안전함이 가장 우선시 돼야 되죠.","wordCount":107},"emotion":[],"intent":[{"text":"모르는 부분에 대해서 솔직하게 밝히고 어 어떻게 이걸 해결해야 될지 주변 주변에 계속   조언을 구하고 알아보고 찾아보고 찾아보면서 더 나은 방안이 있을 때 나은 방안이 있을지 더 찾아보고   네 그게 제일 안전하죠.","expression":"r_prsv","category":"attitude"}],"summary":{"text":"젊은 시절 저라면 어느 정도 아는 척하고 넘어갔을 거지만, 제가 멀리서 보면 그렇게 하면 안 됩니다. 모르는 부분을 솔직히 밝히고 주변 주변에 조언을 구해 더 나은 방안이 있는지 찾아보며 안전함이 우선시 되어야 합니다.","wordCount":33}}},"rawDataInfo":{"question":{"fileFormat":"wav","fileSize":327758,"duration":10240,"samplingBit":16,"channelCount":1,"samplingRate":"16kHz","audioPath":"/Mock/04.RND/Female/Experienced/ckmk_q_rnd_f_e_179184.wav"},"answer":{"fileFormat":"wav","fileSize":2885518,"duration":90170,"samplingBit":16,"channelCount":1,"samplingRate":"16kHz","audioPath":"/Mock/04.RND/Female/Experienced/ckmk_a_rnd_f_e_179184.wav"}}}