{"version":"1.0","dataSet":{"info":{"date":"20230116","occupation":"RND","channel":"MOCK","place":"ONLINE","gender":"FEMALE","ageRange":"55-","experience":"EXPERIENCED"},"question":{"raw":{"text":"면접자께서 다룰 수 있는 프로그램은 무엇입니까 어느 정도 수준으로 사용을 하실 수 있는지 설명 부탁드리겠습니다","wordCount":15},"emotion":[],"intent":[]},"answer":{"raw":{"text":"저는 뭐 네 이제 저는 제 해 정도의 경력과 나이면 당연히 있고 다 네 제가 이제까지 해온 게 있으니 시간들만 있으니 그걸 봤을 때 다 어느 정도 잘 다룰 줄 알죠. 뭐 일단은 우선 제일 만만 제일 대중화되어 있는 뭐 캐드 캐드는 지금도 이제 학교에서부터 아예 쓰고 있기 때문에 현장에서도 그렇지만 네 캐드나 뭐 스케치업이나 라이노 이런 것들 다 학생들이 많이 쓰고 있고 뭐 난이도도 굳이 따지면 하 중 하 정도이고요. 뭐 그 밖에도 더 있죠. 그래스호퍼나 래빗 이런 친구들 이런 프로그램들도 저는 종종 써요. 이것도 비아이엠도 많이 쓰구요. 네 그 저는 주로 그래도 많이 질문을 해서 얘기를 하게 되는 거는 그래스호퍼 프로그램이었던 것 같아요. 아무래도 난이도가 좀 있으니까. 네 그렇습니다.","wordCount":111},"emotion":[],"intent":[{"text":"","expression":"","category":"attitude"}],"summary":{"text":"캐드는 지금 학교에서부터 쓰고 있고 스케치업이나 라이노 이런 것들 다 학생들이 많이 쓰고 있고 그 밖에도 그래스호퍼나 래빗 이런 프로그램들도 종종 씁니다.","wordCount":22}}},"rawDataInfo":{"question":{"fileFormat":"wav","fileSize":337038,"duration":10530,"samplingBit":16,"channelCount":1,"samplingRate":"16kHz","audioPath":"/Mock/04.RND/Female/Experienced/ckmk_q_rnd_f_e_190108.wav"},"answer":{"fileFormat":"wav","fileSize":2860878,"duration":89400,"samplingBit":16,"channelCount":1,"samplingRate":"16kHz","audioPath":"/Mock/04.RND/Female/Experienced/ckmk_a_rnd_f_e_190108.wav"}}}