{"version":"1.0","dataSet":{"info":{"date":"20230116","occupation":"RND","channel":"MOCK","place":"ONLINE","gender":"FEMALE","ageRange":"45-54","experience":"EXPERIENCED"},"question":{"raw":{"text":"어려웠던 점을 해결한 경험이 있으신가요 만약에 있다면 간단하게 이야기를 해주시기 바랍니다","wordCount":11},"emotion":[],"intent":[]},"answer":{"raw":{"text":"어 많은 순간들이 어려웠던 것 같은데 저는 뭐 그 어려웠던 점을 해결하는 방식이 좀 집요함이라고 생각을 합니다. 그래서 모를 때 이게 넘어가지지 않을 때 사실은 좀 끝날 때까지 해결될 때까지 그걸 붙잡고 있는 편입니다. 그래서 계속 마인드 맵처럼 그 문제를 계속 뻗어나가면서 해결했던 경험이 있는데 어 많게는 한 달까지도 걸렸던 적이 있어요. 근데 정말 그거를 해결점에 도달했을 때 제가 느끼는 그 짜릿함 같은 것들이 있어서 저는 좀 어려운 부분들을 만날 때 그거를 되게 몰두해서 피하고 싶어하지 않고 굉장히 몰두해서 그것들을 해결해 해결하려고 합니다.","wordCount":83},"emotion":[],"intent":[{"text":"어 많은 순간들이 어려웠던 것 같은데 저는 뭐   그 어려웠던 점을 해결하는 방식이 좀 집요함이라고 생각을 합니다.","expression":"c_person","category":"background"}],"summary":{"text":"저는 어려웠던 점을 해결하는 방식이 집요함이라고 생각합니다. 그래서 계속 문제를 뻗어나가면서 해결했던 경험이 있는데, 해결점에 도달했을 때의 짜릿함 같은 것들이 있어서 굉장히 몰두해서 해결하고자 합니다.","wordCount":25}}},"rawDataInfo":{"question":{"fileFormat":"wav","fileSize":453198,"duration":14160,"samplingBit":16,"channelCount":1,"samplingRate":"16kHz","audioPath":"/Mock/04.RND/Female/Experienced/ckmk_q_rnd_f_e_102842.wav"},"answer":{"fileFormat":"wav","fileSize":1895118,"duration":59220,"samplingBit":16,"channelCount":1,"samplingRate":"16kHz","audioPath":"/Mock/04.RND/Female/Experienced/ckmk_a_rnd_f_e_102842.wav"}}}