{"version":"1.0","dataSet":{"info":{"date":"20230116","occupation":"RND","channel":"MOCK","place":"ONLINE","gender":"FEMALE","ageRange":"45-54","experience":"EXPERIENCED"},"question":{"raw":{"text":"협업을 할 때 가장 중요하게 생각하는 것은 어떤 것일까요 왜 그것을 가장 중요하게 생각하시는지 말씀 부탁드리겠습니다","wordCount":16},"emotion":[],"intent":[]},"answer":{"raw":{"text":"어 저는 음 다른 것보다도 구성원들 간에 믿음이라고 생각합니다. 정말 가끔 일을 하다보면 그 사람들 상대방 혹은 이것을 이끄는 리더 같은 사람들에게 능력을 의심하려고 할 때가 좀 있어요. 그런데 그거는 저의 개인적인 경험에서도 있던 일이고 제가 하기도 했었고 제가 당하기도 했었던 것 같아요. 그런데 그랬을 때에 은근한 분열이 생긴다는 걸 알기 때문에 저는 어쨌든 최대한 어 그 일을 같이 하는 수행하는 사람을 믿는 자세라고 생각합니다. 그 믿음이 있어야 진행하는 와중에 우리가 다른 길로 새지 않고 집중해서 그 길로 나아갈 수 있다고 생각이 들고요. 사실 결과는 장담할 수 없지만 모든 일들이 저는 다 그렇다고 생각합니다. 항상 성과를 낼 수 있고 내지 못할 수도 있고 그럴 때 어쨌든 좋은 과정이 필요하다고 생각합니다.","wordCount":110},"emotion":[],"intent":[{"text":"","expression":"","category":"attitude"}],"summary":{"text":"일을 하다보면 리더 같은 사람들에게 능력을 의심하려고 할 때가 있는데 그럴 때는 은근한 분열이 생긴다는 걸 알기 때문에 최대한 그 일을 같이 하는 사람을 믿는 자세라고 생각합니다. 항상 성과를 낼 수 있고 못할 수도 있고 그럴 때 좋은 과정이 필요하다고 생각합니다.","wordCount":41}}},"rawDataInfo":{"question":{"fileFormat":"wav","fileSize":396238,"duration":12380,"samplingBit":16,"channelCount":1,"samplingRate":"16kHz","audioPath":"/Mock/04.RND/Female/Experienced/ckmk_q_rnd_f_e_102834.wav"},"answer":{"fileFormat":"wav","fileSize":2851278,"duration":89100,"samplingBit":16,"channelCount":1,"samplingRate":"16kHz","audioPath":"/Mock/04.RND/Female/Experienced/ckmk_a_rnd_f_e_102834.wav"}}}