{"version":"1.0","dataSet":{"info":{"date":"20230116","occupation":"RND","channel":"MOCK","place":"ONLINE","gender":"FEMALE","ageRange":"45-54","experience":"EXPERIENCED"},"question":{"raw":{"text":"남들과 다른 본인만의 경쟁력을 설명해 주세요 그리고 그것을 키우기 위해서는 어떤 노력들을 해 왔는지 그것도 말씀해 주세요","wordCount":17},"emotion":[],"intent":[]},"answer":{"raw":{"text":"저는 우선 어 인내심도 조금 남들보다는 평균 이상 정도인 것 같구요. 평균을 좀 웃도는 정도라고 할 수 있을 것 같구요. 그리고 이거는 너무 또 단순한 어 이유 어떤 그게 될 수 있을 것 같은데 저는 책상에 앉아있는 걸 오래 앉아있는 걸 잘 합니다. 네 이게 문과 학생들한텐 그 인문계 쪽 학생들한테는 어떤 굉장한 경쟁력이에요. 제가 그랬어요. 그래서 인내심도 좀 있는 편이고 오래 앉아있기도 잘하다 보니까 뭐 시험 공부 같은 거 할 때 아니면 그 어떤 네 어떤 경쟁 심리가 발동되는 상황일 때 제가 좀 그런 부분으로 압도를 시켰죠. 네 제가 다 이겼어요 오래 앉아있는 시간으로는. 실제로도 그렇게 오래 앉아서 공부했고요. 그랬습니다.","wordCount":101},"emotion":[],"intent":[{"text":"","expression":"","category":"attitude"}],"summary":{"text":"저는 인내심도 평균 이상이며, 오래 앉아있기를 잘 합니다. 그래서 문과 학생들한테 굉장히 경쟁력입니다. 그래서 시험 공부 같은 거 할 때 또는 어떤 경쟁 심리가 발동되는 상황일 때 제가 좀 그런 부분으로 압도를 시켰습니다.","wordCount":33}}},"rawDataInfo":{"question":{"fileFormat":"wav","fileSize":361358,"duration":11290,"samplingBit":16,"channelCount":1,"samplingRate":"16kHz","audioPath":"/Mock/04.RND/Female/Experienced/ckmk_q_rnd_f_e_179188.wav"},"answer":{"fileFormat":"wav","fileSize":2801358,"duration":87540,"samplingBit":16,"channelCount":1,"samplingRate":"16kHz","audioPath":"/Mock/04.RND/Female/Experienced/ckmk_a_rnd_f_e_179188.wav"}}}