{"version":"1.0","dataSet":{"info":{"date":"20230116","occupation":"RND","channel":"MOCK","place":"ONLINE","gender":"FEMALE","ageRange":"35-44","experience":"EXPERIENCED"},"question":{"raw":{"text":"글로벌 인재에게 필요한 필수 요소는 무엇이라고 생각하실까요 면접자님이 그 요소에 대해서 노력한 것이 있다면 어떤 것이 있으실지 궁금합니다","wordCount":18},"emotion":[],"intent":[]},"answer":{"raw":{"text":"상상력이요. 상상력이라고 생각해요. 음 뭔가 대단한 인재일수록 그리고 좀 더 세계화된 그런 앎의 확장이 된 인재일수록 여러 각 여러 분야 각 여러 문화에 대한 그러한 배경 지식을 바탕으로 실현할 수 있는 그 상상이 필요하다고 생각을 해요. 그리고 그게 가능해질 때 어 무언가 열린다고 생각을 해요. 그 열리는 거는 웬만한 사람들은 알 수가 없고 그 인재만이 조금 할 수 있는 부분이랄까요. 네 그거는 정말 여러 가지가 필요하다고 생각을 합니다. 어 네 물론 그 업무직 또 그 역량에 대한 부분과 그다음에 그 상상력 그래서 저는 제가 함부로 감히 스스로가 그렇다고는 말은 못하겠지만 네 지식에 대한 공부를 굉장히 많이 했죠.","wordCount":97},"emotion":[],"intent":[{"text":"","expression":"","category":"attitude"}],"summary":{"text":"대단한 인재일수록 세계화된 앎의 확장이 된 인재일수록 상상력이 필요합니다. 그것이 가능해질 때 무언가 열린다고 생각합니다. 업무직, 역량, 상상력에 대한 공부를 많이 했습니다.","wordCount":22}}},"rawDataInfo":{"question":{"fileFormat":"wav","fileSize":409998,"duration":12810,"samplingBit":16,"channelCount":1,"samplingRate":"16kHz","audioPath":"/Mock/04.RND/Female/Experienced/ckmk_q_rnd_f_e_179646.wav"},"answer":{"fileFormat":"wav","fileSize":2833998,"duration":88560,"samplingBit":16,"channelCount":1,"samplingRate":"16kHz","audioPath":"/Mock/04.RND/Female/Experienced/ckmk_a_rnd_f_e_179646.wav"}}}