{"version":"1.0","dataSet":{"info":{"date":"20230116","occupation":"RND","channel":"MOCK","place":"ONLINE","gender":"FEMALE","ageRange":"55-","experience":"EXPERIENCED"},"question":{"raw":{"text":"지금까지 여러 가지 대내외 활동을 해 보셨을 텐데요 어떤 활동을 했던 게 가장 기억에 남는지 말씀을 해 보시구요 그리고 대외 활동을 하면서 본인이 배운 점이 있다면 그거에 대해서도 설명을 해 보시죠","wordCount":31},"emotion":[],"intent":[]},"answer":{"raw":{"text":"아 제가 꽤 오랜 시간 네 사람들과 함께 했죠. 수많은 작업들을 했는데 다 그게 대외 활동이 되겠죠. 저는 제가 느낀 건 음 너무 애쓰지 않아도 된다. 네 그까 일어날 문제는 일어난다. 근데 그 문제가 그때만 발생되는 건 아니다. 그까 어떻게 보면 참 음 좀 미안한 말이긴 한데 그까 싸 애초에 쌓여있던 문제들이 그냥 잘 넘어가는 그런 활동이 있고 굳이 여기에 해당되지 않는 문제이긴 했지만 그래도 오랫동안 축적되어 둔 어떤 문제인 것들이 갑자기 여기서 다 터져버리는 모든 게 다 공중 분해 되어버리는 그런 상황들도 있어요. 그러니까 이게 아무리 내가 애쓰고 뭘 무마하려고 하고 애초에 일어나지 않게 저지하려고 하고 뭘 별수를 다 해도 소용이 없어요. 그러니까 그렇게까지 무리하지는 않아도 된다를 배웠습니다.","wordCount":109},"emotion":[],"intent":[{"text":"","expression":"","category":"attitude"}],"summary":{"text":"수많은 작업들을 했는데 다 대외 활동이 됩니다. 일어날 문제는 일어납니다. 근데 그 문제가 그때만 발생되는 건 아닙니다. 쌓여있던 문제들이 그냥 넘어가기도 하고, 쌓여온 문제들이 갑자기 다 공중 분해 되어버리는 상황도 있습니다. 그러면서 무리하지는 않아도 됩니다.","wordCount":35}}},"rawDataInfo":{"question":{"fileFormat":"wav","fileSize":537678,"duration":16800,"samplingBit":16,"channelCount":1,"samplingRate":"16kHz","audioPath":"/Mock/04.RND/Female/Experienced/ckmk_q_rnd_f_e_142850.wav"},"answer":{"fileFormat":"wav","fileSize":2897358,"duration":90540,"samplingBit":16,"channelCount":1,"samplingRate":"16kHz","audioPath":"/Mock/04.RND/Female/Experienced/ckmk_a_rnd_f_e_142850.wav"}}}