{"version":"1.0","dataSet":{"info":{"date":"20230116","occupation":"RND","channel":"MOCK","place":"ONLINE","gender":"FEMALE","ageRange":"45-54","experience":"EXPERIENCED"},"question":{"raw":{"text":"지원자님이 회사에서 시킨 일이 아닌 스스로 연구하거나 개발해 보고 싶은 분야가 있나요 있다면 그 분야에 대해서 자세히 말씀해 주시겠어요","wordCount":19},"emotion":[],"intent":[]},"answer":{"raw":{"text":"저는 자동차 배터리 부분을 조금 더 연구해 보고 싶습니다. 사실은 저의 주 업무는 아니었었지만 어 그 전에 기업에서 근무했던 경험 안에서 그 일을 간접적으로 참여한 적이 있었고 어 굉장히 좀 흥미로웠던 지점이었습니다. 그리고 현재 전기차가 굉장히 많아지고 있기 때문에 많은 기업들이 그 전기차 출시를 앞다퉈서 출시하려고 하고 있는 것도 알고 있고요. 근데 또 마냥 그것들이 어 한번 개발되었다고 해서 쭉 이어가지는 않을 거라서 저의 그 기업에서 간접적으로 일했던 경험을 바탕으로 이 기업의 이 전기차 사업을 조금 더 확장시키는데 저희 연구가 조금 도움이 되지 않을까 생각이 들고 성과도 잘 낼 수 있을 것 같다는 생각이 듭니다. 그래서 저는 만약에 제가 어 지금 맡게 되는 일 외에 더 참여할 수 있는 일이 생긴다면 어 그 부분을 좀 참여하고 싶습니다.","wordCount":117},"emotion":[{"text":"사실은 저의 주 업무는 아니었었지만 어 그 전에 기업에서 근무했던 경험 안에서 그 일을 간접적으로 참여한 적이 있었고   어 굉장히 좀 흥미로웠던 지점이었습니다.","expression":"p-interest","category":"positive"}],"intent":[{"text":"근데 또 마냥 그것들이 어 한번 개발되었다고 해서   쭉 이어가지는 않을 거라서 저의 그 기업에서 간접적으로 일했던 경험을 바탕으로   이 기업의 이 전기차 사업을 조금 더 확장시키는데 저희 연구가 조금 도움이 되지 않을까 생각이 들고   성과도 잘 낼 수 있을 것 같다는 생각이 듭니다.","expression":"c_sincere_co","category":"etc"}],"summary":{"text":"자동차 배터리 부분을 좀 더 연구해 보고 싶습니다. 주 업무는 아니었지만 기업에서 일을 간접적으로 참여한 적이 있었고 흥미로웠던 지점이 있습니다. 전기차가 굉장히 많아지고 있어서 전기차를 좀 더 확장시키는데 저희 연구가 조금 도움이 될 것 같아 참여하게 되었습니다.","wordCount":37}}},"rawDataInfo":{"question":{"fileFormat":"wav","fileSize":470478,"duration":14700,"samplingBit":16,"channelCount":1,"samplingRate":"16kHz","audioPath":"/Mock/04.RND/Female/Experienced/ckmk_q_rnd_f_e_102839.wav"},"answer":{"fileFormat":"wav","fileSize":2459598,"duration":76860,"samplingBit":16,"channelCount":1,"samplingRate":"16kHz","audioPath":"/Mock/04.RND/Female/Experienced/ckmk_a_rnd_f_e_102839.wav"}}}