{"version":"1.0","dataSet":{"info":{"date":"20230116","occupation":"RND","channel":"MOCK","place":"ONLINE","gender":"FEMALE","ageRange":"-34","experience":"EXPERIENCED"},"question":{"raw":{"text":"열역학 법칙에 대해서 지원자님께서 잘 알고 계실 텐데요 자 세 가지 법칙에 대해서 한번 순서대로 설명해 주시겠습니까","wordCount":17},"emotion":[],"intent":[]},"answer":{"raw":{"text":"네 알고 있습니다. 어 열역학 제 영 법칙은 다른 말로 열평형의 법칙이라고도 하구요. 간단하게 말씀드리면 열은 온도가 높은 곳에서 온도가 낮은 곳으로 흐른다 라는 법칙입니다. 열역학 제 일 법칙은 에너지 보존의 법칙이라고도 부르며 어 우주의 총 에너지 합은 변하지 않는다 라는 것에 대한 법칙이구요. 열역학 제 이 법칙은 엔트로피 증가의 법칙이라고도 불리며 에너지의 총량은 같지만 사용 가능한 에너지는 지속적으로 줄어든다는 것이 핵심 내용입니다. 마지막으로 열역학 제 삼 법칙은 네른스트 플랑크의 열정리라고도 불리우구요. 절대 영도에서의 물체에 엔트로피 값이 영이다 라는 어 것에 대한 내용입니다.","wordCount":83},"emotion":[{"text":"어 열역학 제 영 법칙은 다른 말로 열평형의 법칙이라고도 하구요.","expression":"u-fact","category":"neutral"},{"text":"열역학 제 일 법칙은 에너지 보존의 법칙이라고도 부르며 어 우주의 총 에너지 합은 변하지 않는다   라는 것에 대한 법칙이구요.","expression":"u-fact","category":"neutral"},{"text":"열역학 제 이 법칙은 엔트로피 증가의 법칙이라고도 불리며 에너지의 총량은 같지만 사용 가능한 에너지는 지속적으로 줄어든다는 것이 핵심 내용입니다.","expression":"u-fact","category":"neutral"},{"text":"마지막으로 열역학 제 삼 법칙은 네른스트 플랑크의 열정리라고도 불리우구요.","expression":"u-fact","category":"neutral"}],"intent":[{"text":"","expression":"","category":"attitude"}],"summary":{"text":"열역학 제 영 법칙은 다른 말로 열평형의 법칙이라고도 하며, 제 일 법칙은 우주의 총 에너지 합은 변하지 않는다 라는 것, 제 이 법칙은 엔트로피 증가의 법칙입니다. 제 삼 법칙은 절대 영도에서의 물체에 엔트피 값이 영이다 라는 것입니다.","wordCount":37}}},"rawDataInfo":{"question":{"fileFormat":"wav","fileSize":397518,"duration":12420,"samplingBit":16,"channelCount":1,"samplingRate":"16kHz","audioPath":"/Mock/04.RND/Female/Experienced/ckmk_q_rnd_f_e_189971.wav"},"answer":{"fileFormat":"wav","fileSize":1356878,"duration":42400,"samplingBit":16,"channelCount":1,"samplingRate":"16kHz","audioPath":"/Mock/04.RND/Female/Experienced/ckmk_a_rnd_f_e_189971.wav"}}}