{"version":"1.0","dataSet":{"info":{"date":"20230116","occupation":"RND","channel":"MOCK","place":"ONLINE","gender":"FEMALE","ageRange":"45-54","experience":"EXPERIENCED"},"question":{"raw":{"text":"사람들과 협업을 하면서 가장 어려웠던 점이 있다면 무엇이 있었습니까 그리고 어떤 식으로 극복을 했는지도 궁금하거든요 답변 부탁드리겠습니다","wordCount":17},"emotion":[],"intent":[]},"answer":{"raw":{"text":"어려운 점이요. 음 아무래도 그런 부분이죠. 저희가 뭐 연구를 하거나 할 때 아예 일반인분들 네 그냥 일반 시민들 네 를 상대로 이제 연구를 할 때 어 워낙에 이제 얼마만큼 그 대상 그 자신들이 이제 표본이 되는 거니까 그 부분에 대해서 얼마나 이게 뭐 중요하다거나 이런 거에 인지가 안 된 상태이시니까 그런 저희가 둔 제한 그 제한에서 계속 이제 벗어나려고 할 때 이것도 어쨌든 상호 간에 다 약속과 계약을 통해서 통해서 진행되는 실험들 연구들인 건데 이제 그것들이 무시가 되는 거죠 그 순간에. 그러니까 이게 뭐 욕 보이려 하는 게 아니라 그냥 자연스럽게 그렇게 조금 편하게 인식을 하시니까 또 편하게 인식을 하셔야 연구가 또 자연스럽게 진행이 되고 그래서 그러한 부분에 대해서 인지를 지속해서 반복적으로 시키는 것들이 어려운 부분이 있고 그냥 이건 익숙해지는 것 같아요 매번 있기 때문에.","wordCount":125},"emotion":[],"intent":[{"text":"","expression":"","category":"attitude"}],"summary":{"text":"일반 시민을 상대로 연구를 할 때 그 표본이 되는 대상이 중요하다고 인지하지 못하거나 제한에서 벗어나려고 할 때 상호 간에 약속과 계약을 통해서 진행되는 실험연구들인데 그것들이 무시가 되는 겁니다. 그냥 편하게 인식을 하셔야지 연구가 자연스럽게 진행되요.","wordCount":35}}},"rawDataInfo":{"question":{"fileFormat":"wav","fileSize":454478,"duration":14200,"samplingBit":16,"channelCount":1,"samplingRate":"16kHz","audioPath":"/Mock/04.RND/Female/Experienced/ckmk_q_rnd_f_e_179186.wav"},"answer":{"fileFormat":"wav","fileSize":2886478,"duration":90200,"samplingBit":16,"channelCount":1,"samplingRate":"16kHz","audioPath":"/Mock/04.RND/Female/Experienced/ckmk_a_rnd_f_e_179186.wav"}}}