{"version":"1.0","dataSet":{"info":{"date":"20230116","occupation":"RND","channel":"MOCK","place":"ONLINE","gender":"FEMALE","ageRange":"-34","experience":"EXPERIENCED"},"question":{"raw":{"text":"본인이 교번 근무를 잘 적응할 수 있겠다고 생각하는가","wordCount":8},"emotion":[],"intent":[]},"answer":{"raw":{"text":"네 저는 교번 근무를 잘 적응할 수 있습니다. 번호에 부터 번호대로 순서대로 근무를 하는 것이지만 사실상 미리 스케줄이 나오는 제도로서 스케줄대로만 근무를 하게 된다면 문제 없이 교번 근무에 잘 적응할 수 있습니다. 특히나 야간 근무가 필요할 경우에는 전날 주간 근무 후 야간에 들어갈 일은 없을 거라고 생각하기 때문에 피로감 없이 진행할 수 있으며 만약 너무 피곤하다면 껌을 씹으면서 잠을 최대한 깨우려 노력하여 업무에 지장을 주지 않기 위해 최선을 다하는 사람이 되겠습니다.","wordCount":71},"emotion":[],"intent":[{"text":"","expression":"","category":"attitude"}],"summary":{"text":"번호에 부터 번호대로 순서대로 근무를 하는 것이지만 사실상 미리 스케줄이 나오는 제도로서 스케줄대로만 근무를 하게 된다면 문제 없이 교번 근무에 잘 적응할 수 있을 것입니다.","wordCount":25}}},"rawDataInfo":{"question":{"fileFormat":"wav","fileSize":213198,"duration":6660,"samplingBit":16,"channelCount":1,"samplingRate":"16kHz","audioPath":"/Mock/04.RND/Female/Experienced/ckmk_q_rnd_f_e_23896.wav"},"answer":{"fileFormat":"wav","fileSize":1555278,"duration":48600,"samplingBit":16,"channelCount":1,"samplingRate":"16kHz","audioPath":"/Mock/04.RND/Female/Experienced/ckmk_a_rnd_f_e_23896.wav"}}}