{"version":"1.0","dataSet":{"info":{"date":"20230116","occupation":"RND","channel":"MOCK","place":"ONLINE","gender":"FEMALE","ageRange":"-34","experience":"EXPERIENCED"},"question":{"raw":{"text":"오늘 면접 준비 하느라고 고생 많이 하셨을 텐데 지원자님은 어떤 방식으로 면접을 준비하셨는지 한 번 말씀해 주실 수 있으실까요","wordCount":19},"emotion":[],"intent":[]},"answer":{"raw":{"text":"일단은 아까 말씀드렸던 것처럼 눈을 좀 잘 보는 연습을 많이 했습니다. 그래서 사실은 어떤 분이 면접을 진행할지 알 수가 없지만 그래도 나름 그 회사에서 제가 이 회사에서 어 정보를 얻을 수 있는 임원진 분들 사진을 좀 인쇄해서 벽에 붙여 놓고 말하는 연습을 많이 했었구요. 그리고 사이트 같은 데 그런 직업 관련된 사이트에 들어가서 많은 정보를 얻었던 것 같애요. 어떤 식으로 질문이 나오는지 그리고 어떤 식의 답변을 좋아했었는지. 그래서 나름 공부한다고 많이 좀 공부를 하고 왔습니다.","wordCount":75},"emotion":[],"intent":[{"text":"","expression":"","category":"attitude"}],"summary":{"text":"면접에서 정보를 얻을 수 있는 임원진들의 사진을 벽에 붙여 놓고 말하는 연습을 많이 했습니다. 그리고 직업관련 사이트에 들어가 많은 정보를 얻었고, 공부를 많이 하고 있습니다.","wordCount":25}}},"rawDataInfo":{"question":{"fileFormat":"wav","fileSize":508238,"duration":15880,"samplingBit":16,"channelCount":1,"samplingRate":"16kHz","audioPath":"/Mock/04.RND/Female/Experienced/ckmk_q_rnd_f_e_148832.wav"},"answer":{"fileFormat":"wav","fileSize":1445198,"duration":45160,"samplingBit":16,"channelCount":1,"samplingRate":"16kHz","audioPath":"/Mock/04.RND/Female/Experienced/ckmk_a_rnd_f_e_148832.wav"}}}