{"version":"1.0","dataSet":{"info":{"date":"20230116","occupation":"RND","channel":"MOCK","place":"ONLINE","gender":"FEMALE","ageRange":"-34","experience":"EXPERIENCED"},"question":{"raw":{"text":"지원자님께서는 협 협업을 할 때 가장 중요한 것이 무엇이라고 생각하십니까 그것이 왜 가장 중요하게 생각되는지 말씀 부탁드립니다","wordCount":17},"emotion":[],"intent":[]},"answer":{"raw":{"text":"협업을 할 때 가장 중요한 부분은 어 서로 다름을 인정하고 내 의견이 채택되지 않더라도 그것을 인정하는 어떤 용기가 가장 중요하다고 생각을 합니다. 협업을 하다 보면 필연적으로 서로 다른 의견들을 마주하게 되고 그렇다 보면 그 과정에서 충돌도 있을 수 있고 또 결과적으로 내 의견이 채택되지 않는 상황들도 분명하게 마주할 수 있는데 그렇다고 해서 내 의견이 채택되지 않다고 해서 어 계속해서 불만을 가지고 팀 전체의 목표에 부합하지 않고 개인 핸동을 하게 된다면 결과적으로 팀 전체에 큰 해악을 끼치기 때문에 어 어떤 내 생각이 개인적으로는 내 생각이 맞다고 하더라도 어 어떤 팀 내에서 결정된 사항이 있으면 그 사항을 수용하고 인정하고 팀 전체의 목표를 위해 어 어 행동에 나설 수 있는 그런 용기가 있는 사람이 되는 것이 가장 중요한 어 자질이라고 생각을 합니다.","wordCount":119},"emotion":[],"intent":[{"text":"","expression":"","category":"attitude"}],"summary":{"text":"협업을 할 때 가장 중요한 것은 서로 다름을 인정하고 제 의견이 채택되지 않더라도 그것을 인정하는 용기가 가장 중요하다고 생각합니다. 팀 내에서 결정된 사항이 있으면 그 사항을 수용하고 인정하고 팀 전체의 목표를 위해 행동에 나설 수 있는 사람이 되는 것이 가장 중요한 자질이라고 생각합니다.","wordCount":43}}},"rawDataInfo":{"question":{"fileFormat":"wav","fileSize":496718,"duration":15520,"samplingBit":16,"channelCount":1,"samplingRate":"16kHz","audioPath":"/Mock/04.RND/Female/Experienced/ckmk_q_rnd_f_e_189963.wav"},"answer":{"fileFormat":"wav","fileSize":1862478,"duration":58200,"samplingBit":16,"channelCount":1,"samplingRate":"16kHz","audioPath":"/Mock/04.RND/Female/Experienced/ckmk_a_rnd_f_e_189963.wav"}}}