{"version":"1.0","dataSet":{"info":{"date":"20230116","occupation":"RND","channel":"MOCK","place":"ONLINE","gender":"FEMALE","ageRange":"-34","experience":"EXPERIENCED"},"question":{"raw":{"text":"지원자님의 장점과 단점을 말씀해 주시고 그것을 특화시키고 극복하기 위한 노력도 함께 설명해 주세요","wordCount":13},"emotion":[],"intent":[]},"answer":{"raw":{"text":"제 장점은 시원시원하고 결단력이나 추진력이 있다는 거구요. 단점은 어 성격이 너무 급하고 말이 빠르다는 것입니다 .사실 어떻게 보면 하나의 특성인데 좋게 말하면 장점이 되고 나쁘게 말하면 단점이 되는 것 같습니다. 어 따라서 저는 제가 없는 기질을 애써 노력해서 키우려고 하기보다는 제가 가진 강점을 더욱 키워서 차별성을 두려고 하는데요. 어 물론 제 급한 성격으로 인해 발생하는 실수들을 그냥 내버려 두겠다는 의미는 아닙니다. 어 예를 들면 남들은 한 번 할 검수를 저는 한 번 더 진행하는 노력은 하겠지만 어 그렇다고 해서 제 자신을 믿지 못해서 제 강점이었던 결단력과 빠른 추진력을 잃고 싶지는 않습니다. 그래서 저는 단점을 완벽하게 없애는 노력을 하기보다는 취약점은 개선하는 수준으로 개선하는 정도로만 노력을 하고 대신 강점을 더욱 견고히 할 수 있도록 뭐 결단력과 추진력에 필요한 다각적인 상황 판단이라든지 빠른 분석을 할 수 있는 능력이라든지 그런 점을 키우기 위해 노력을 하는 편입니다.","wordCount":132},"emotion":[],"intent":[{"text":"제 장점은 시원시원하고 결단력이나 추진력이 있다는 거구요.","expression":"c_person","category":"background"},{"text":"단점은   어 성격이 너무 급하고 말이 빠르다는 것입니다.","expression":"c_person","category":"background"}],"summary":{"text":"저는 성격이 너무 급하고 말이 빠르다는 단점을 완벽하게 없애는 노력을 하기보다는 취약점을 개선하는 수준으로 노력을 하고 대신 강점을 더욱 견고히 할 수 있도록 다각적인 상황 판단, 빠른 분석을 할 수 있는 능력 등의 강점을 키우기 위해 노력하는 편입니다.","wordCount":38}}},"rawDataInfo":{"question":{"fileFormat":"wav","fileSize":387278,"duration":12100,"samplingBit":16,"channelCount":1,"samplingRate":"16kHz","audioPath":"/Mock/04.RND/Female/Experienced/ckmk_q_rnd_f_e_189964.wav"},"answer":{"fileFormat":"wav","fileSize":2014798,"duration":62960,"samplingBit":16,"channelCount":1,"samplingRate":"16kHz","audioPath":"/Mock/04.RND/Female/Experienced/ckmk_a_rnd_f_e_189964.wav"}}}