{"version":"1.0","dataSet":{"info":{"date":"20230116","occupation":"RND","channel":"MOCK","place":"ONLINE","gender":"FEMALE","ageRange":"-34","experience":"EXPERIENCED"},"question":{"raw":{"text":"지원자님의 단점이 있다면 말씀해 주시고 이를 보완하기 위해서 본인이 기울여 왔던 노력에 대해서도 함께 말씀해 주시길 바랍니다","wordCount":17},"emotion":[],"intent":[]},"answer":{"raw":{"text":"어 제 단점은 어 성격이 급한 편이다 보니까 아무래도 어 어 실수를 하거나 덤벙대는 점이 많다는 점입니다. 그래서 이를 보완하기 위해서 음 가장 기본적이지만 근본적인 해결책이라고 할 수 있는 어 검수 또는 여러 번 검토에 활동을 좀 많이 하려고 노력을 하고 있습니다. 예를 들면 문서를 작성하는 측면에서 본다고 하면 검토를 여러 번을 하고요. 그리고 어떤 프로젝트를 진행함에 있어서 내가 놓치고 가는 부분이나 어 어떤 기억했어야 하는데 어 어떤 잊어먹은 부분이나 이런 부분이 있을 수 있다고 하면 그런 부분에 대해서는 어 어떤 제 주변 지인들 그리고 프로젝트를 같이 하는 동료 지인들과 꾸준히 어떤 티타임이나 스몰 토크를 하면서 어 놓치고 가는 부분 없는지 수시로 체크하는 그런 활동 등을 통해서 어 제 단점을 극복을 하려고 노력을 하고 있습니다.","wordCount":115},"emotion":[],"intent":[{"text":"어 제 단점은 어 성격이 급한 편이다 보니까 아무래도 어 어 실수를 하거나 덤벙대는   점이 많다는 점입니다.","expression":"c_person","category":"background"}],"summary":{"text":"성격이 급해서 실수를 하거나 덤벙대는 점이 많아 이를 보완하기 위해 검수나 여러 번 검토에 활동을 많이 합니다. 또 주변 지인들과 티타임이나 스몰 토크를 통해 놓치고 가는 부분을 체크하며 단점을 극복하려 노력합니다.","wordCount":31}}},"rawDataInfo":{"question":{"fileFormat":"wav","fileSize":560078,"duration":17500,"samplingBit":16,"channelCount":1,"samplingRate":"16kHz","audioPath":"/Mock/04.RND/Female/Experienced/ckmk_q_rnd_f_e_189965.wav"},"answer":{"fileFormat":"wav","fileSize":1806478,"duration":56450,"samplingBit":16,"channelCount":1,"samplingRate":"16kHz","audioPath":"/Mock/04.RND/Female/Experienced/ckmk_a_rnd_f_e_189965.wav"}}}