{"version":"1.0","dataSet":{"info":{"date":"20230116","occupation":"RND","channel":"MOCK","place":"ONLINE","gender":"FEMALE","ageRange":"55-","experience":"EXPERIENCED"},"question":{"raw":{"text":"지원자님만의 스트레스 해소 방법이 있으신가요 있다면 그것은 무엇이고 왜 그것으로 스트레스를 해소하시는지도 함께 말씀해 주시기 바랍니다","wordCount":16},"emotion":[],"intent":[]},"answer":{"raw":{"text":"저는 음 미술관에 가요. 네 저 전시 보러 가요. 전시 그까 관람하는 걸 제가 좋아하기도 하고요. 음 아무래도 저는 좀 규모가 큰 부분들을 대상으로 하는 일이다 보니까 건축이라서 네 이제 그런 게 뭐 저는 뭐 환경도 그렇고 자연 자연에 대한 것도 그렇고 다 규모가 크고 뭔가 사람이 사람에 어떤 의도나 사람에 선에서 할 수 없는 것들을 마주하고 그것들을 대하는 직업이다 보니까 뭔가 그냥 온전히 사람의 의도로 인해서 무언가를 만들어낸 그런 것에 대한 어떤 해소감이 있는 것 같애요. 그런 걸 바라볼 때 그래서 제가 뭐 미술이나 이런 거에 소질도 없고 할 생각도 없었지만 시간이 있고 정말 뭐 스트레스 받고 좋아하는 뭐 작가가 있다 하면은 그 전시가 열리면 저는 꼭 네 사람 없을 때 한번 날 잡고 가서 가만히 거기서 이제 이런저런 구경두 하고 생각두 고민두 그 앞에서 하면서 풀다가 옵니다.","wordCount":129},"emotion":[],"intent":[{"text":"","expression":"","category":"attitude"}],"summary":{"text":"규모가 크고 사람의 의도로 만들어낸 것에 대한 어떤 해소감이 있는 것 같습니다. 그런 걸 바라볼 때 제가 미술에 소질도 없고 할 생각도 없었지만 좋아하는 작가가 있다면 전시가 열리면 가서 구경하고 생각하며 풀다가 옵니다.","wordCount":33}}},"rawDataInfo":{"question":{"fileFormat":"wav","fileSize":602318,"duration":18820,"samplingBit":16,"channelCount":1,"samplingRate":"16kHz","audioPath":"/Mock/04.RND/Female/Experienced/ckmk_q_rnd_f_e_190111.wav"},"answer":{"fileFormat":"wav","fileSize":2917198,"duration":91160,"samplingBit":16,"channelCount":1,"samplingRate":"16kHz","audioPath":"/Mock/04.RND/Female/Experienced/ckmk_a_rnd_f_e_190111.wav"}}}