{"version":"1.0","dataSet":{"info":{"date":"20230116","occupation":"RND","channel":"MOCK","place":"ONLINE","gender":"FEMALE","ageRange":"45-54","experience":"EXPERIENCED"},"question":{"raw":{"text":"이제껏 살면서 기억이 남을 만큼 가장 힘들었던 적이 있으신가요 지원자님은 그 당시에 그 힘들었던 부분을 어떻게 극복하려고 하셨었나요","wordCount":18},"emotion":[],"intent":[]},"answer":{"raw":{"text":"음 질문이 좀 크네요. 살면서 가장 힘든 점. 글쎄요 저는 뭐 업무적인 것과 제 그까 직업적인 것과 제 개인의 삶을 조금 연결시켜서 이야기를 하자면 맛있는 것들이 너무 많은 거 세상에 그게 가장 힘든 게 아닌가. 그까 맛있는 것은 너무 많고 그거를 먹고 싶은 식욕도 있으나 그것을 몸에 넣었을 때 소화를 시키는 능력은 부족한 그러한 딜레마 그러 그러한 뭐 신체의 자기 배반 뭐 이런 여러 가지. 네 근데 저는 정말 진심이에요. 네 제가 아무래도 뭐 막 많이 먹는다는 건 아니지만 그 직업적으로 어쨌든 식품에 관련된 업무를 하고 있어서 다양한 것들을 또 보게 되는데 참 뭔가 제 욕심만큼 그런 거를 제가 스스로 소화하지 못한다는 게 참 힘들었어요 슬프기도 하고 생각보다 무거웠어요.","wordCount":109},"emotion":[],"intent":[{"text":"","expression":"","category":"attitude"}],"summary":{"text":"업무와 개인의 삶을 연결해보면 맛있는 것이 너무 많은 것이 가장 힘든 것 같습니다. 근데 사실 직업적으로 식품 관련 업무를 하고 있어서 다양한 것들을 보게 되는데 제 욕심만큼 그런 것을 스스로 소화하지 못한다는 게 참 힘들었습니다.","wordCount":35}}},"rawDataInfo":{"question":{"fileFormat":"wav","fileSize":561358,"duration":17540,"samplingBit":16,"channelCount":1,"samplingRate":"16kHz","audioPath":"/Mock/04.RND/Female/Experienced/ckmk_q_rnd_f_e_179187.wav"},"answer":{"fileFormat":"wav","fileSize":2918798,"duration":91210,"samplingBit":16,"channelCount":1,"samplingRate":"16kHz","audioPath":"/Mock/04.RND/Female/Experienced/ckmk_a_rnd_f_e_179187.wav"}}}