{"version":"1.0","dataSet":{"info":{"date":"20230116","occupation":"RND","channel":"MOCK","place":"ONLINE","gender":"FEMALE","ageRange":"-34","experience":"EXPERIENCED"},"question":{"raw":{"text":"면접자분이 연구 윤리를 준수하기 위해 노력했던 경험이 있으시면 말씀해 주시겠습니까","wordCount":10},"emotion":[],"intent":[]},"answer":{"raw":{"text":"연구까지는 좀 거창하지만 그리고 그게 연구 윤리라고 말할 수 있을지 모르겠지만 저는 좀 일하면서 그 자세 값을 많이 속이는 걸 봤던 것 같애요. 원래 가격과 그러니까 이 회사에서 조금 더 받는 거와 다르게 더 좀 많이 속이는 거죠. 그런데 이 분야의 전문가가 아닌 사람들은 진짜 알아차리기 힘들거든요 사실. 그런데 저는 그거를 제가 이제 관리를 하면서 누가 알려준 게 아니라 제가 계산을 하면서 뭔가 맞지 않는다고 생각해서 그때 깨닫게 됐었고 이 회사 안에서 저를 제외한 모든 사람들은 그거를 개의치 않아 하는데 저만 괴로워하는 것 같더라구요. 그래서 그거는 제가 준수하기 위해서 노력을 할 수 있는 부분이 아니었다고 생각이 들고 그래서 과감하게 그만뒀던 것 같습니다.","wordCount":102},"emotion":[],"intent":[{"text":"","expression":"","category":"attitude"}],"summary":{"text":"저는 일하며 자재 값을 많이 속이는 걸 봤습니다. 그런데 그걸 알아차리기 힘들었는데, 계산하면서 뭔가 맞지 않는다고 느껴서 제가 준수하기 위해 노력할 수 있는 부분이 아니었다고 생각해 과감하게 그만뒀습니다.","wordCount":28}}},"rawDataInfo":{"question":{"fileFormat":"wav","fileSize":270158,"duration":8440,"samplingBit":16,"channelCount":1,"samplingRate":"16kHz","audioPath":"/Mock/04.RND/Female/Experienced/ckmk_q_rnd_f_e_148829.wav"},"answer":{"fileFormat":"wav","fileSize":2406478,"duration":75200,"samplingBit":16,"channelCount":1,"samplingRate":"16kHz","audioPath":"/Mock/04.RND/Female/Experienced/ckmk_a_rnd_f_e_148829.wav"}}}