{"version":"1.0","dataSet":{"info":{"date":"20230116","occupation":"RND","channel":"MOCK","place":"ONLINE","gender":"FEMALE","ageRange":"55-","experience":"EXPERIENCED"},"question":{"raw":{"text":"얼마 전 구급대원이 주취자에게 폭행을 당해 순직 당하는 일이 있었습니다 이 사건에 대해 어떻게 생각하시는지 말씀해 주십시오","wordCount":17},"emotion":[],"intent":[]},"answer":{"raw":{"text":"말도 안되는 일이 또 벌어졌죠. 이건 법이 국민을 또 죽인 거예요. 네 구급 대원인 국민 심지어 국민을 살려주는 아주 숭고한 직업을 가진 국민을 우리나라의 법이 그리고 그 거 법을 다루는 우리나라 재판부가 판사들이 국민을 또 죽였습니다. 그냥 한 숨만 나와요 이런 거는. 왜 술 마신 사람한테 왜 자기 자신에 의지로 자기 몸에 알코올을 드리 부은 사람한테 왜 어떤 감형의 권한을 주죠. 단지 술이 들어갔다는 이유로 와 정말 피곤합니다. 화가 나는 건 당연한 거고요. 문제가 큽니다 정말.","wordCount":76},"emotion":[],"intent":[{"text":"","expression":"","category":"attitude"}],"summary":{"text":"구급 대원인, 국민을 살려주는 아주 숭고한 직업을 가진 국민을 우리나라의 법이 그리고 그것을 다루는 우리나라 법원이 판사들이 국민을 또 죽였습니다. 정말 화가 났습니다.","wordCount":23}}},"rawDataInfo":{"question":{"fileFormat":"wav","fileSize":428238,"duration":13380,"samplingBit":16,"channelCount":1,"samplingRate":"16kHz","audioPath":"/Mock/04.RND/Female/Experienced/ckmk_q_rnd_f_e_142846.wav"},"answer":{"fileFormat":"wav","fileSize":2693198,"duration":84160,"samplingBit":16,"channelCount":1,"samplingRate":"16kHz","audioPath":"/Mock/04.RND/Female/Experienced/ckmk_a_rnd_f_e_142846.wav"}}}