{
    "version": "1.0",
    "dataSet": {
        "info": {
            "date": "20230116",
            "occupation": "RND",
            "channel": "MOCK",
            "place": "ONLINE",
            "gender": "FEMALE",
            "ageRange": "55-",
            "experience": "EXPERIENCED"
        },
        "question": {
            "raw": {
                "text": "열심히 노력해서 목표를 달성한 경험이 있다면 말씀해 주세요",
                "wordCount": 8
            },
            "emotion": [],
            "intent": []
        },
        "answer": {
            "raw": {
                "text": "제가 음 어렸을 때 다른 과목은 다 잘 했어요. 다 자신이 있었고 다 제가 노력한 만큼 뭔가 투자한 만큼 네 성적이 나왔는데 수학만 네 오로지 수학만 예외로 정말 안 올르고 그냥 제가 어려웠어요 수학이. 모르겠더라구요. 그래서 아 이게 항상 다른 게 아무리 다 괜찮아도 또 수학이 가장 중요한 과목 중 하나인데 그게 항상 점수를 다 깎아 먹으니까 너무 스트레스를 많이 받고 짜증 나가지구 그때 부모님한테 좀 이케 되게 더 할 수 있게 해 달라고라고도 했지만 이제 현실적으로 그것도 어려워서 이 막 아는 뭐 언니 오빠들한테 도움 청하고 해서 그리고 그냥 제가 막 팠죠. 열심히 공부하고 선생님한테 막 여러 그냥 달려들어서 물어보고 네 그러니까 결국에는 올르더라구요. 네 기본기를 확실히 좀 잡으니까 오르고 나중에 아주 좋은 성 성적을 받았죠 제가 원하는 성적으로 잘 받았었습니다.",
                "wordCount": 122
            },
            "emotion": [
                {
                    "text": "그래서 아 이게 항상 다른 게 아무리 다 괜찮아도 또 수학이 가장 중요한 과목 중 하나인데 그게 항상 점수를 다 깎아 먹으니까 너무 스트레스를 많이 받고 짜증 나가지구 그때 부모님한테 좀 이케 되게 더 할 수 있게 해 달라고라고도 했지만 이제 현실적으로 그것도 어려워서 이 막 아는 뭐 언니 오빠들한테 도움 청하고 해서 그리고 그냥 제가 막 팠죠.",
                    "expression": "n-distress",
                    "category": "negative"
                }
            ],
            "intent": [
                {
                    "text": "다 자신이 있었고 다 제가 노력한 만큼 뭔가 투자한 만큼 네 성적이 나왔는데 수학만 네 오로지 수학만 예외로 정말 안 올르고 그냥 제가 어려웠어요 수학이.",
                    "expression": "c_private",
                    "category": "background"
                }
            ],
            "summary": {
                "text": "수학은 가장 중요한 과목 중 하나인데 점수를 다 깎아 먹으니까 스트레스를 많이 받았습니다. 그래서 아는 언니 오빠들한테 도움을 청하고 해서 열심히 공부하고 선생님한테 물으니까 결국에는 오르더군요. 기본기를 확실히 잡으니까 나중에 아주 좋은 성적을 받았습니다.",
                "wordCount": 34
            }
        }
    },
    "rawDataInfo": {
        "question": {
            "fileFormat": "wav",
            "fileSize": 227278,
            "duration": 7100,
            "samplingBit": 16,
            "channelCount": 1,
            "samplingRate": "16kHz",
            "audioPath": "/Mock/04.RND/Female/Experienced/ckmk_q_rnd_f_e_190103.wav"
        },
        "answer": {
            "fileFormat": "wav",
            "fileSize": 2870478,
            "duration": 89700,
            "samplingBit": 16,
            "channelCount": 1,
            "samplingRate": "16kHz",
            "audioPath": "/Mock/04.RND/Female/Experienced/ckmk_a_rnd_f_e_190103.wav"
        }
    }
}