{"version":"1.0","dataSet":{"info":{"date":"20230116","occupation":"RND","channel":"MOCK","place":"ONLINE","gender":"FEMALE","ageRange":"-34","experience":"EXPERIENCED"},"question":{"raw":{"text":"지원자님은 평소에 자신의 의견을 강하게 주장하는 편이신가요 아니면 어떤 스타일로 자신의 의견을 주장하시는지 궁금합니다 말씀 부탁드리겠습니다","wordCount":16},"emotion":[],"intent":[]},"answer":{"raw":{"text":"아니오 저는 제 의견을 주장할 때 절대 강하게 주장하는 편이 아닙니다. 왜냐하면 제 의견을 너무 강하게 주장을 하다 보면 어 반대급부에 어 생각을 가진 분들에게 결국에 나중에 동의를 얻어내기에 더 어려울 수 있기 때문입니다. 왜냐하면 너무 강하게 제 의견을 주장하다 보면 상대방이 듣기에는 저 사람은 내 의견을 전혀 존중하지 않나 라는 의미로 받아들여질 수 있고 그렇게 되면 또 제 의견이 아무리 맞는 의견이라 할지라도 어 상대 편에서 입장에서는 어떤 반감이나 음 동의하고 싶지 않은 어떤 비호감을 살 수 있기 때문에 절대 너무 강한 어조로 주장을 하지는 않습니다. 다만 어 제 주장에 대한 동의를 이끌어내기 위해서는 어 무엇보다 그 사람들의 동의를 얻어낼 수 있어야 하기 때문에 항상 명확하고 어 논리정연하고 또 그에 따른 근거를 반드시 함께 얘기해서 어 설득력 있게 어 그들을 설득하는 편이지 이렇게 강하게 제 의견을 어 어 주장하지는 않습니다.","wordCount":131},"emotion":[],"intent":[{"text":"","expression":"","category":"attitude"}],"summary":{"text":"저는 제 의견을 강하게 주장하지 않습니다. 왜냐하면 제 의견이 아무리 맞는 의견일지라도 상대 편에서 반감이나 동의하고 싶지 않은 어떤 비호감을 살 수 있기 때문입니다. 제 주장에 대한 동의를 이끌어내기 위해서는 사람들의 동의를 얻어야 하기 때문에 항상 명확하고 논리정연하고 설득력 있게 제 의견을 주장합니다.","wordCount":43}}},"rawDataInfo":{"question":{"fileFormat":"wav","fileSize":581838,"duration":18180,"samplingBit":16,"channelCount":1,"samplingRate":"16kHz","audioPath":"/Mock/04.RND/Female/Experienced/ckmk_q_rnd_f_e_189972.wav"},"answer":{"fileFormat":"wav","fileSize":2064718,"duration":64519,"samplingBit":16,"channelCount":1,"samplingRate":"16kHz","audioPath":"/Mock/04.RND/Female/Experienced/ckmk_a_rnd_f_e_189972.wav"}}}