{"version":"1.0","dataSet":{"info":{"date":"20230116","occupation":"RND","channel":"MOCK","place":"ONLINE","gender":"FEMALE","ageRange":"-34","experience":"EXPERIENCED"},"question":{"raw":{"text":"얼마 전 구급대원이 주취자에게 폭행을 당해 순직 당하는 안타까운 사건이 있었습니다 지원자님은 이 사건에 대해서 어떻게 생각하시나요 그리고 해결 방안이 있다면 설명 부탁드립니다","wordCount":23},"emotion":[],"intent":[]},"answer":{"raw":{"text":"어 당연히 일어나서는 안 되는 일이 일어났다고 생각을 하구요. 하지만 무엇보다도 이런 상황 자체에 대한 분노보다도 이런 상황을 막을 수 없는 어 없도록 만든 어떤 정책이나 사회 가이드라인에 대해서 더 화가 났던 것 같습니다. 어 예를 들어 어 미국 같은 경우 구급대원이나 어떤 공무를 수행하는 경찰 어 등이 폭혀 폭행에 노출되지 않도록 가이드라인이나 그들을 위한 보고 조치가 굉장히 잘 되어 있는 것으로 알고 있습니다. 그런데 한국의 경우에는 어 어떤 구급대원이나 경찰들 또 위험이 수반될 수 있는 공무를 수행하는 공무원들이 위험에 노출된 상황이 굉장히 여러 번 어 있었음에도 불구하고 아직까지도 이들을 위한 가이드라인이나 어떤 보호 정책이 제대로 개선이 되지 않은 것 같아서 그런 점에 대해서 굉장히 아쉬움을 많이 느꼈고 따라서 이런 정책들이 빨리 어 개선이 될 수 있게끔 저희가 혹은 일반 시민들이 더 많은 관심을 가지고 어 어 성토하는 목소리를 좀 더 내야 한다고 생각을 합니다.","wordCount":135},"emotion":[{"text":"하지만 무엇보다도 이런 상황 자체에 대한 분노보다도 이런 상황을 막을 수   없는 어 없도록 만든 어떤 정책이나 사회 가이드라인에 대해서 더 화가 났던 것 같습니다.","expression":"n-anger","category":"negative"}],"intent":[{"text":"그런데 한국의 경우에는   어 어떤 구급대원이나 경찰들 또 위험이 수반될 수 있는 공무를 수행하는 공무원들이 위험에 노출된 상황이 굉장히 여러 번   어 있었음에도 불구하고 아직까지도 이들을 위한 가이드라인이나 어떤 보호 정책이 제대로 개선이 되지 않은 것 같아서   그런 점에 대해서 굉장히 아쉬움을 많이 느꼈고 따라서 이런 정책들이 빨리 어 개선이 될 수 있게끔 저희가   혹은 일반 시민들이 더 많은 관심을 가지고 어 어   성토하는 목소리를 좀 더 내야 한다고 생각을 합니다.","expression":"c_value","category":"background"}],"summary":{"text":"미국에서는 구급대원, 경찰 등이 폭행에 노출되지 않도록 가이드라인이나 그들을 위한 보고 조치가 잘 되어 있습니다. 그러나 한국은 이런 가이드라인이나 보호 정책이 제대로 개선이 되지 않아 아쉽습니다. 따라서 더 많은 관심을 가지고 성토하는 목소리를 내야 한다고 생각합니다.","wordCount":36}}},"rawDataInfo":{"question":{"fileFormat":"wav","fileSize":673678,"duration":21050,"samplingBit":16,"channelCount":1,"samplingRate":"16kHz","audioPath":"/Mock/04.RND/Female/Experienced/ckmk_q_rnd_f_e_189967.wav"},"answer":{"fileFormat":"wav","fileSize":2262798,"duration":70710,"samplingBit":16,"channelCount":1,"samplingRate":"16kHz","audioPath":"/Mock/04.RND/Female/Experienced/ckmk_a_rnd_f_e_189967.wav"}}}