{"version":"1.0","dataSet":{"info":{"date":"20230116","occupation":"RND","channel":"MOCK","place":"ONLINE","gender":"FEMALE","ageRange":"35-44","experience":"EXPERIENCED"},"question":{"raw":{"text":"지원자님께서는 팀을 꾸려서 일하는 것과 혼자서 일을 하는 것 중에 무엇을 더 선호하시는지 궁금하거든요 그 이유도 함께 설명 부탁드립니다","wordCount":19},"emotion":[],"intent":[]},"answer":{"raw":{"text":"되게 뭐랄까요 함정이 있는 질문 같은 기분이 들긴 하는데 어 정말 지극히 선호도만 따지면 네 혼자 일하는 거를 좋아하긴 하는데요. 그런데 알죠 그렇게 하면서 동시에 저는 제가 아는 건 어 같이 일을 해야 된다 팀으로 일을 해야 네 일을 하는 게 가능하다 라는 걸 제가 스스로 알고 있고 업무상으로도 이제 혼자 하는 어떤 효율성보단 다수가 함께 좀 연구하고 분석도 하고 하는 게 어떤 질적인 면에서나 또 양적인 면에서도 마찬가지로 훨씬 더 낫다는 것을 이미 좀 여러 과정을 거쳐서 어 나온 어떤 통계이기 때문에 네 일에 부분에서는 팀이 낫죠. 네 그렇지만 정말 그냥 선호도만 따지면 혼자가 편하다 아무런 뭐 신경 쓸 것도 없이 혼자 할 수 있 편하게 할 수 있기 때문에 무엇이든 간에. 네 그렇습니다.","wordCount":115},"emotion":[],"intent":[{"text":"","expression":"","category":"attitude"}],"summary":{"text":"선호도만 따지면 혼자 일하는 거를 좋아합니다. 업무상으로 혼자 하는 어떤 효율성보단 다수가 함께 연구하고 분석도 하고 하는게 어떤 질적인 면 양적인 면에서 훨씬 낫다고 생각하지만 아무런 신경쓸 것 없이 혼자 편하게 할 수 있기 떄문에 혼자가 편합니다.","wordCount":37}}},"rawDataInfo":{"question":{"fileFormat":"wav","fileSize":478158,"duration":14940,"samplingBit":16,"channelCount":1,"samplingRate":"16kHz","audioPath":"/Mock/04.RND/Female/Experienced/ckmk_q_rnd_f_e_179644.wav"},"answer":{"fileFormat":"wav","fileSize":2764558,"duration":86390,"samplingBit":16,"channelCount":1,"samplingRate":"16kHz","audioPath":"/Mock/04.RND/Female/Experienced/ckmk_a_rnd_f_e_179644.wav"}}}