{"version":"1.0","dataSet":{"info":{"date":"20230116","occupation":"RND","channel":"MOCK","place":"ONLINE","gender":"FEMALE","ageRange":"45-54","experience":"EXPERIENCED"},"question":{"raw":{"text":"지원자님의 개인적인 공부 방법은 어떤 건가요 강의나 책을 활용한 공부 방법인가요 어떤 거도 상관없이 말씀해주시겠어요","wordCount":15},"emotion":[],"intent":[]},"answer":{"raw":{"text":"어 저는 어려서부터 조금 체계적인 프로그램을 따라가는 것을 좋아하는 편이고 그 방식이 저한테도 굉장히 잘 맞는다는 것을 알고 있습니다. 그래서 항상 개인적으로 공부를 시작하게 되면 늘 강의를 찾아보곤 합니다. 요즘에는 인터넷 강의도 워낙 잘 되어 있어서 어 최근에는 그것들을 좀 참고하고 있기는 하지만 아무래도 저는 좀 오프라인으로 수업을 듣는 것에 익숙했기 때문에 어 최대한 학원을 알아보거나 혹은 대학원 그런 교육원 등을 좀 많이 찾아가는 편입니다. 그리고 좀 막히는 부분들이 생길 수 있어서 혼자 공부하다 보면 어 정말 그 생각에만 빠질 때가 있거든요. 그러면 조금 이론적으로 학습할 때 오류가 생길 때도 있다고 느껴져서 그 관련된 그 공부를 하고 있는 관련된 스터디를 좀 많이 찾아 다니는 편입니다. 그래서 좀 다양한 연령대와 사람들을 만나면서 그 지식의 영역을 많이 넓히려고 하고 있습니다.","wordCount":118},"emotion":[],"intent":[{"text":"","expression":"","category":"attitude"}],"summary":{"text":"저는 체계적인 프로그램을 따라가는 것을 좋아하는데, 개인적으로 강의를 찾아보곤 합니다. 오프라인 수업이 익숙하기에 학원이나 교육원 등을 좀 많이 찾아가는 편입니다. 이론적으로 학습할 때 오류가 생길 때가 있어서 관련된 스터디를 좀 많이 찾아 다니는 편이기도 합니다.","wordCount":35}}},"rawDataInfo":{"question":{"fileFormat":"wav","fileSize":586958,"duration":18340,"samplingBit":16,"channelCount":1,"samplingRate":"16kHz","audioPath":"/Mock/04.RND/Female/Experienced/ckmk_q_rnd_f_e_102833.wav"},"answer":{"fileFormat":"wav","fileSize":2731598,"duration":85360,"samplingBit":16,"channelCount":1,"samplingRate":"16kHz","audioPath":"/Mock/04.RND/Female/Experienced/ckmk_a_rnd_f_e_102833.wav"}}}