{"version":"1.0","dataSet":{"info":{"date":"20230116","occupation":"RND","channel":"MOCK","place":"ONLINE","gender":"FEMALE","ageRange":"35-44","experience":"EXPERIENCED"},"question":{"raw":{"text":"혹시 살아오면서 연구 윤리 행동 강령같은 거를 지키기 위해서 노력한 순간이 있습니까 그렇다면 그 경험에 대해서 말씀해 주시겠습니까","wordCount":18},"emotion":[],"intent":[]},"answer":{"raw":{"text":"어 좀 사소할 수 있긴 한데 큰 문제라고 생각이 드는데 그 영화 괴물을 보시면 처음에 그 미국에서 하는 어떤 연구 한국에서 진행한 그 부분에서 보면 이렇게 약품 같은 거를 제가 지금 정확하게 기억은 안 나지만 약품 같은 거를 그냥 이렇게 흘려보내잖아요 폐기할 때. 그래서 그게 흘러들어 내려가서 괴물이라는 게 탄생해 버린 만들어져 버린 그런 게 나오는데 사실 연구할 때 사람들이 전문적으로 다 할 것 같고 안전하게 할 것 같지만 그런 일들이 좀 약간 암암리에 흔하게 있었거든요. 그래서 저는 좀 그런 부분에 대해서 무섭게 생각하는 편이었던 것 같아요 할 때. 그래서 그 우리가 위험하다고 생각하는 것들은 꼭 매뉴얼대로 정해진 방식대로 폐기를 해야 된다는 그거를 지키면서 했었던 적이 있습니다. 뭐 생각보다 번거로운 일이라서 그렇게 그냥 폐기해 버리는 사람들도 있긴 하거든요. 근데 그 부분은 좀 귀찮더라도 계속 지켜나갔었어요.","wordCount":125},"emotion":[],"intent":[{"text":"","expression":"","category":"attitude"}],"summary":{"text":"영화 괴물을 보면 약품을 폐기할 때 괴물이 탄생해버린다고 나오는데, 연구할 때 안전하게 할 것 같은 일들이 암암리에 흔하게 있었습니다. 그래서 위험하다고 생각하는 것들은 꼭 매뉴얼대로 정해진 방식대로 폐기해야 된다는 것을 지키면서 계속 지켜나갔습니다.","wordCount":33}}},"rawDataInfo":{"question":{"fileFormat":"wav","fileSize":332878,"duration":10400,"samplingBit":16,"channelCount":1,"samplingRate":"16kHz","audioPath":"/Mock/04.RND/Female/Experienced/ckmk_q_rnd_f_e_205416.wav"},"answer":{"fileFormat":"wav","fileSize":2859598,"duration":89360,"samplingBit":16,"channelCount":1,"samplingRate":"16kHz","audioPath":"/Mock/04.RND/Female/Experienced/ckmk_a_rnd_f_e_205416.wav"}}}