{"version":"1.0","dataSet":{"info":{"date":"20230116","occupation":"RND","channel":"MOCK","place":"ONLINE","gender":"FEMALE","ageRange":"-34","experience":"EXPERIENCED"},"question":{"raw":{"text":"지원자님께서 생각하시기에 지원자님의 십 년 후 미래는 어떻게 상상이 되시나요 저희 회사에 계속 다니고 계실 것 같으신가요","wordCount":17},"emotion":[],"intent":[]},"answer":{"raw":{"text":"저는 십 년 후에 이곳에 부장 정도 자리에 올라 있지 않을까요. 어쨌든 계속 다닐 생각이고 그 정도 연차가 쌓인다면 부장까지는 못하더라도 제가 그래도 과장이나 차장 정도까지는 될 수 있지 않을까 라고 생각은 듭니다. 아마 좀 그 지속하는 어떤 힘이 있는 사람한테 그런 기회가 더 빨리 올 것 같구 저는 좀 그런 저의 미래를 항상 생각했던 것 같애요. 어떤 책임자 자리에 제가 있는 거 뭔가 밑에 부하 직원들이 있고 제가 그들을 좀 통솔를 하는 그런 모습을 좀 많이 상상했던 것 같습니다.","wordCount":80},"emotion":[],"intent":[{"text":"","expression":"","category":"attitude"}],"summary":{"text":"저는 십 년 후에 부장 자리에 오를 수 있을 것 같습니다. 계속 다닐 생각이고 연차가 쌓이면 과장이나 차장은 될 수 있다고 생각합니다. 그 분야를 통솔하는 모습을 상상해왔습니다.","wordCount":27}}},"rawDataInfo":{"question":{"fileFormat":"wav","fileSize":597838,"duration":18680,"samplingBit":16,"channelCount":1,"samplingRate":"16kHz","audioPath":"/Mock/04.RND/Female/Experienced/ckmk_q_rnd_f_e_148825.wav"},"answer":{"fileFormat":"wav","fileSize":1561678,"duration":48800,"samplingBit":16,"channelCount":1,"samplingRate":"16kHz","audioPath":"/Mock/04.RND/Female/Experienced/ckmk_a_rnd_f_e_148825.wav"}}}