{"version":"1.0","dataSet":{"info":{"date":"20230116","occupation":"RND","channel":"MOCK","place":"ONLINE","gender":"FEMALE","ageRange":"35-44","experience":"EXPERIENCED"},"question":{"raw":{"text":"지원자님은 협업하는 과제와 혼자하는 과제 중에서 어떤 것을 더 선호하시나요 그리고 그렇게 선호하시는 이유도 함께 말씀해 주세요","wordCount":17},"emotion":[],"intent":[]},"answer":{"raw":{"text":"같이 하는 게 좋아요. 네 왜냐하면 혼자 하게 되면 편하지만 불편해요. 그냥 그 편하다는 건 그냥 말 그대로 그냥 편한 거 물리적인 편함 편안함일 수는 있어도 불편한 건 내가 실수할 수 있는 여러 가지 가능성들을 스스로 알기 때문에 서로가 서로를 감시는 아니더라도 바라봐 줄 상대가 필요한 거 같애요. 그 안에서 눈이 여러 개인 만큼 음 한 번 더 돌아보고 네 그러니까 한 번 더 확인하게 되는 절차가 자연스럽게 생기고 그러면서 조심함이 두 배가 되고 그리고 찾아볼 수 있는 눈이 또 두 배가 되고 이렇게 인원이 많아질수록 그 배가 증가하니까 협업을 할수록 사실 그 협업을 고르지 않을 이유가 없는 거죠. 네 그렇습니다.","wordCount":101},"emotion":[],"intent":[{"text":"","expression":"","category":"attitude"}],"summary":{"text":"혼자 하게 되면 편하지만 불편한 건 제가 실수할 수 있는 가능성들을 스스로 알기 때문에 서로 바라봐 줄 상대가 필요하기 때문에 협업을 할수록 그 협업을 고르지 않을 이유가 없는 것입니다.","wordCount":29}}},"rawDataInfo":{"question":{"fileFormat":"wav","fileSize":560718,"duration":17520,"samplingBit":16,"channelCount":1,"samplingRate":"16kHz","audioPath":"/Mock/04.RND/Female/Experienced/ckmk_q_rnd_f_e_179652.wav"},"answer":{"fileFormat":"wav","fileSize":2542798,"duration":79460,"samplingBit":16,"channelCount":1,"samplingRate":"16kHz","audioPath":"/Mock/04.RND/Female/Experienced/ckmk_a_rnd_f_e_179652.wav"}}}