{"version":"1.0","dataSet":{"info":{"date":"20230116","occupation":"RND","channel":"MOCK","place":"ONLINE","gender":"FEMALE","ageRange":"35-44","experience":"EXPERIENCED"},"question":{"raw":{"text":"살면서 가장 힘들었던 경험이 무엇이었나요 그리고 그것은 어떤 방법으로 극복하셨나요","wordCount":10},"emotion":[],"intent":[]},"answer":{"raw":{"text":"아무래도 아까 전에 말씀을 드렸던 남편과의 갈등이 가장 힘들었었던 것 같아요. 어 쫌 당연하게 그렇게 생각했던 것도 제가 너무 놀랐었고 그 의견이 좁혀지지 않는 것도 너무 당황스러웠었거든요. 사실 제가 여기서 일이 끊겨서 가버리면은 거기서 일이 바로 구해지면은 정말 좋겠지만 언어도 제가 능숙하지 않은 상태에서 거기서 어떤 일을 바로 구할 수가 있겠어요. 그래서 그때 정말 스트레스를 많이 받아서 아이들한테도 굉장히 좀 나이 서 있었던 적이 있었고 이혼까지 해야 되나 라고 고민을 좀 했었던 것 같아요 그때. 근데 남편도 그거를 포기하기가 좀 힘들었었기 때문에 우리의 서로의 그 대화를 그 어쨌든 갈등이 고조되는 그 시기를 한 번 딱 겪고 나니깐 좀 서로 대화를 이제 하면서 풀려고 하는 그 시기가 찾아오더라고요. 그래서 그런 시기를 보내면서 그냥 자연스럽게 회복이 됐던 것 같아요.","wordCount":117},"emotion":[],"intent":[{"text":"","expression":"","category":"attitude"}],"summary":{"text":"남편과의 갈등이 가장 힘들었던 것 같습니다. 언어도 능숙하지 않은 상태에서 일을 바로 구할 수가 없어서 스트레스를 많이 받았고, 남편도 포기하기가 힘들었기 때문에 서로 대화를 하면서 풀려고 하는 시기가 찾아오면서 자연스럽게 회복이 됐습니다.","wordCount":32}}},"rawDataInfo":{"question":{"fileFormat":"wav","fileSize":258638,"duration":8080,"samplingBit":16,"channelCount":1,"samplingRate":"16kHz","audioPath":"/Mock/04.RND/Female/Experienced/ckmk_q_rnd_f_e_205422.wav"},"answer":{"fileFormat":"wav","fileSize":2697358,"duration":84290,"samplingBit":16,"channelCount":1,"samplingRate":"16kHz","audioPath":"/Mock/04.RND/Female/Experienced/ckmk_a_rnd_f_e_205422.wav"}}}