{"version":"1.0","dataSet":{"info":{"date":"20230116","occupation":"RND","channel":"MOCK","place":"ONLINE","gender":"FEMALE","ageRange":"-34","experience":"EXPERIENCED"},"question":{"raw":{"text":"지금까지 협업을 하면서 가장 어려웠던 것과 그 어려움을 어떻게 해결하였는지 함께 말씀해 주시길 바랍니다","wordCount":14},"emotion":[],"intent":[]},"answer":{"raw":{"text":"어 양측의 의견이 모두 일리가 있는데 그래서 심지어 명확한 정답이 없어서 갈등 상황이 굉장히 첨예한 첨예한 경우 그랬던 경우가 이제 협업을 하면서 가장 어려웠던 경험이었던 것 같습니다. 어 그래서 저희 같은 경우에는 어 처음부터 어 어떤 의견 취합을 해서 의견을 일치하려고 하기보다는 어 일정 기간을 두고 어 양측의 의견을 가진 사람들끼리 모여서 각자가 각자의 의견대로 어 업무를 준비를 했었습니다. 그렇게 해서 일종의 경합식으로 어 각자의 의견대로 업무를 준비해서 음 승부를 가려서 방 상대편이 수긍을 할 수 밖에 없도록 하는 그런 상황을 만들었던 것 같습니다. 물론 승패가 가려졌다고 해서 어느 한쪽의 의견만 택하고 어느 한쪽의 의견은 버리는 것이 아니라 그 승패 그 경합을 하는 과정에서 드러난 양측 팀의 분명한 장점과 단점 등을 모두 통합을 해서 상호 보완 하여 해 가지고 어 어 물론 최선의 선택이라고 까지 할 수는 없을지 몰 모르더라도 저렇게 상호 보완하는 과정을 통해서 어 양측 모두 어느 정도 동의할 수 있는 차선의 선택지를 만들었었습니다.","wordCount":146},"emotion":[],"intent":[{"text":"","expression":"","category":"attitude"}],"summary":{"text":"협업을 하면서 양측의 의견이 모두 일리 있는 경우 어려웠던 경험이었습니다. 저희는 일정 기간을 두고 양측의 의견을 가진 사람들끼리 모여서 각자의 의견대로 업무를 준비했습니다. 그렇게 해서 서로가 수긍할 수 밖에 없는 상황을 만들었습니다. 상호 보완하는 과정을 통해서 양측 모두 어느 정도 동의할 수 있는 차선의 선택지를 만들었던 것입니다.","wordCount":47}}},"rawDataInfo":{"question":{"fileFormat":"wav","fileSize":375118,"duration":11720,"samplingBit":16,"channelCount":1,"samplingRate":"16kHz","audioPath":"/Mock/04.RND/Female/Experienced/ckmk_q_rnd_f_e_189966.wav"},"answer":{"fileFormat":"wav","fileSize":2369358,"duration":74040,"samplingBit":16,"channelCount":1,"samplingRate":"16kHz","audioPath":"/Mock/04.RND/Female/Experienced/ckmk_a_rnd_f_e_189966.wav"}}}