{"version":"1.0","dataSet":{"info":{"date":"20230116","occupation":"RND","channel":"MOCK","place":"ONLINE","gender":"FEMALE","ageRange":"45-54","experience":"EXPERIENCED"},"question":{"raw":{"text":"귀하에게 익숙한 연구 방법론이 있다면 그 연구 방법론을 언급하시고 실제 적용해 본 사례가 있다면 그것에 관해 말씀해 주세요","wordCount":18},"emotion":[],"intent":[]},"answer":{"raw":{"text":"뭐 글쎄요 뭐 어떤 거를 말씀을 드려야 될까요. 음 저희는 우선 저는 그 식품에 관한 거를 연구를 하고 있기 때문에 음 제가 주로 하는 업무는 이제 우리가 사는 세상이 전보다도 더 계속 정말 빠르게 굉장히 빠르고 시시때때로 계속 변화하고 있기 때문에 그 세상 속에서 우리가 살기 위해 먹어야 되는 그 음식 식품들이 안전한지 어 그리고 이 안전한 식품이 언제까지 안전할 수 있을지 이런 것들을 다 음 계속 관찰하고 어 봐야 되는 부분이고요. 그래서 네 아무래도 이 흐름상 뭐 굳이 이렇게 따지면 이게 맞나 모르겠는데 연역적 탐구로 해서 현상에 대해서 네 그 부분에 대해서 먼저 관찰을 하고 그 흐름에 맞춰서 저희가 이런 방향이면 앞으로 이렇게 되지 않을까 가설을 세워서 그것을 이제 바탕으로 지켜본 다음에 분석을 하고 결론을 도출하고 이런 식입니다 보통.","wordCount":120},"emotion":[],"intent":[{"text":"그래서   네  아무래도 이 흐름상 뭐 굳이 이렇게 따지면 이게 맞나 모르겠는데 연역적   탐구로 해서 현상에 대해서 네 그 부분에 대해서 먼저 관찰을 하고 그 흐름에 맞춰서 저희가 이런 방향이면 앞으로 이렇게 되지 않을까 가설을 세워서 그것을 이제 바탕으로   지켜본 다음에 분석을 하고 결론을 도출하고 이런 식입니다 보통.","expression":"r_res_mth","category":"technology"}],"summary":{"text":"저희는 식품에 관한 연구를 하고 있습니다. 세상의 식품들이 안전한지 그리고 언제까지 안전할 수 있을지 연역적 탐구로 관찰하고 가설을 세워 관찰한 뒤에 분석을 하고 결론을 도출합니다.","wordCount":25}}},"rawDataInfo":{"question":{"fileFormat":"wav","fileSize":426638,"duration":13330,"samplingBit":16,"channelCount":1,"samplingRate":"16kHz","audioPath":"/Mock/04.RND/Female/Experienced/ckmk_q_rnd_f_e_179185.wav"},"answer":{"fileFormat":"wav","fileSize":2848078,"duration":89000,"samplingBit":16,"channelCount":1,"samplingRate":"16kHz","audioPath":"/Mock/04.RND/Female/Experienced/ckmk_a_rnd_f_e_179185.wav"}}}