{"version":"1.0","dataSet":{"info":{"date":"20230116","occupation":"RND","channel":"MOCK","place":"ONLINE","gender":"FEMALE","ageRange":"35-44","experience":"EXPERIENCED"},"question":{"raw":{"text":"본인이 생각하기에 연구 개발은 무엇이라고 생각하시나요","wordCount":6},"emotion":[],"intent":[]},"answer":{"raw":{"text":"음 굉장히 어렵고 막막하지만 어 어떠한 실마리를 실마리 어떤 되게 좋은 발견을 해냈을 때 그 뿌듯함 그 설렘이 정말 커지는 것 같애요. 네 뭐랄까요 그런 콜롬버스가 무슨 신대륙을 발견했을 때 그런 기분 감히 비유를 해보자면 그런데 그런 기분으로 항상 어 연구에 임하고 있어요. 네 어떤 미지의 영역에 닿기 위해 미지의 세계에 닿기 위해 앞으로 만약에 성공을 하게 된다면 저희의 연구가 그에 준할 만한 어떤 성과를 낼 수 있지 않을까 정말로 그래서 네 자긍심을 가지고 하려고 해요. 앞으로 저희가 어떤 거를 이룰 수 있을지 저희조차도 가늠할 수 없기 때문에 그렇습니다.","wordCount":89},"emotion":[{"text":"음 굉장히 어렵고   막막하지만 어 어떠한 실마리를   실마리 어떤 되게 좋은   발견을 해냈을 때 그 뿌듯함 그 설렘이   정말 커지는 것 같애요.","expression":"p-achievement","category":"positive"}],"intent":[{"text":"","expression":"","category":"attitude"}],"summary":{"text":"굉장히 어렵고 막막하지만 어떤 실마리를 찾았을 때 그 뿌듯함과 설렘이 커지는 것 같습니다. 앞으로 우리가 어떤 걸 이룰 수 있을지 저희조차 가늠할 수 없기 때문에 자긍심을 가지고 연구하고 있습니다.","wordCount":29}}},"rawDataInfo":{"question":{"fileFormat":"wav","fileSize":243278,"duration":7600,"samplingBit":16,"channelCount":1,"samplingRate":"16kHz","audioPath":"/Mock/04.RND/Female/Experienced/ckmk_q_rnd_f_e_179649.wav"},"answer":{"fileFormat":"wav","fileSize":2777998,"duration":86810,"samplingBit":16,"channelCount":1,"samplingRate":"16kHz","audioPath":"/Mock/04.RND/Female/Experienced/ckmk_a_rnd_f_e_179649.wav"}}}