{"version":"1.0","dataSet":{"info":{"date":"20230116","occupation":"RND","channel":"MOCK","place":"ONLINE","gender":"FEMALE","ageRange":"45-54","experience":"EXPERIENCED"},"question":{"raw":{"text":"자신의 생각이 아닌 지원자님의 다른 주변인들이 생각하는 자신의 단점과 장점을 모두 말씀해 주세요","wordCount":13},"emotion":[],"intent":[]},"answer":{"raw":{"text":"어 주변 사람들이 굉장히 뭐 저의 다 어 단점이라면 어 싫고 좋음이 좀 너무 분명해서 어 그러니까 저는 그렇게 다 말을 안 한다고 생각을 하는데 남들은 어 직설적으로 좀 말을 많이 한다는 말을 들었고요. 그 많이 참고 그 어려운 그런 말을 못한다고 생각하는데 그렇지 않다 라고 보고 있고 또 장점이라면 어 많이 현명하고 똑똑하다 그리고 외향적이다 활발하다 그 저는 외향적이다 라고 제가 생각했을 때는 그렇게 생각 안 하는데 네 외향적이고 활발하다 예 그래서 사람들하고 많이 친하다 그렇게 그래서 그게 장점이다 라고 말하고 있습니다.","wordCount":83},"emotion":[],"intent":[{"text":"어 주변 사람들이 굉장히 뭐 저의 다 어 단점이라면 어 싫고 좋음이 좀 너무 분명해서 어 그러니까 저는 그렇게   다 말을 안 한다고 생각을 하는데 남들은 어 직설적으로 좀 말을 많이   한다는 말을 들었고요.","expression":"c_person","category":"background"}],"summary":{"text":"주변 사람들은 저에 대해 단점을 말하려 했지만 저는 직설적으로 말하려 했습니다. 장점은 현명하고 똑똑하고 외향적이며 사람들과 많이 친했다는 것입니다.","wordCount":19}}},"rawDataInfo":{"question":{"fileFormat":"wav","fileSize":448078,"duration":14000,"samplingBit":16,"channelCount":1,"samplingRate":"16kHz","audioPath":"/Mock/04.RND/Female/Experienced/ckmk_q_rnd_f_e_107938.wav"},"answer":{"fileFormat":"wav","fileSize":2127438,"duration":66480,"samplingBit":16,"channelCount":1,"samplingRate":"16kHz","audioPath":"/Mock/04.RND/Female/Experienced/ckmk_a_rnd_f_e_107938.wav"}}}