{"version":"1.0","dataSet":{"info":{"date":"20230116","occupation":"RND","channel":"MOCK","place":"ONLINE","gender":"FEMALE","ageRange":"35-44","experience":"EXPERIENCED"},"question":{"raw":{"text":"현대인은 하루 평균 세 번 거짓말을 하고 산다고 합니다 지원자님께서 해본 가장 기억에 남는 거짓말은 무엇인가요","wordCount":16},"emotion":[],"intent":[]},"answer":{"raw":{"text":"어 그 전에 일할 때 이제 그 전 회사에서 일을 할 때 좋은 아침이라고 인사하는 게 가장 기억이 남는 거짓말인 것 같은데 그런데 그렇게 뱉었을 때 사실 좋은 아침이 아닐 때가 있는데 그렇게 인사를 먼저 권하는 동료가 있었어요 당시에 그래서. 뭐 저도 봤다 보니까 웃긴 순간들이 있어서 그냥 이렇게 기분이 좋아지기도 해서 마냥 거짓말은 아니라고 할 수 있는데 그래도 거짓말은 거짓말이었던 거죠. 그래서 어떤 저의 일어나서 그때 당시에 일과에서 첫 번째 거짓말은 평균 세 번 거짓말을 한다고 하셨으니까 아마 저의 첫 번째 거짓말은 하루 루틴에서 그 좋은 아침이라고 인사하는 부분이지 않았을까요.","wordCount":91},"emotion":[],"intent":[{"text":"","expression":"","category":"attitude"}],"summary":{"text":"전 직장에서 좋은 아침이라고 인사하는 게 가장 기억이 남는데, 그렇게 뱉었을 때 좋은 아침이 아닐 때가 있는데 인사를 먼저 권하는 동료가 있었습니다. 그래서 첫 번째 거짓말은 하루 루틴에서 인사하는 부분이었던 것 같습니다.","wordCount":32}}},"rawDataInfo":{"question":{"fileFormat":"wav","fileSize":330958,"duration":10340,"samplingBit":16,"channelCount":1,"samplingRate":"16kHz","audioPath":"/Mock/04.RND/Female/Experienced/ckmk_q_rnd_f_e_205413.wav"},"answer":{"fileFormat":"wav","fileSize":1862478,"duration":58200,"samplingBit":16,"channelCount":1,"samplingRate":"16kHz","audioPath":"/Mock/04.RND/Female/Experienced/ckmk_a_rnd_f_e_205413.wav"}}}