{"version":"1.0","dataSet":{"info":{"date":"20230116","occupation":"RND","channel":"MOCK","place":"ONLINE","gender":"FEMALE","ageRange":"45-54","experience":"EXPERIENCED"},"question":{"raw":{"text":"다른 사람이 생각했을 때 본인의 장점과 단점이 무엇이라 생각하십니까","wordCount":9},"emotion":[],"intent":[]},"answer":{"raw":{"text":"어 그러니까 다른 사람이 생각하는 저의 어 먼저 장점 같은 경우는 어 정확하고 똑 부러지면서 어 좀 똑똑하다 예 그런 말들을 많이 들었구요. 어 그래서 현명하다 뭐 예 그런 부분이 장점이고 단점이라면 똑 뿌러지고 하다 보니까 그 싫고 좋음이나 이런 부분을 숨기지 못하고 어 표현을 하는 부분 쪼끔 말함에 있어서 예 그까 그걸 참지 못하고 어 옳고 그른 부분을 정확하게 자꾸 예 말하려는 그런 부분이 단점 아닌가 싶습니다.","wordCount":68},"emotion":[],"intent":[{"text":"","expression":"","category":"attitude"}],"summary":{"text":"저는 정확하고 똑부러지면서 똑똑하다는 장점이 있고, 나쁜 부분을 숨기지 못하고 표현에 있어서 옳고 그른 부분을 정확하게 말하려는 단점이 있다고 생각합니다.","wordCount":20}}},"rawDataInfo":{"question":{"fileFormat":"wav","fileSize":227598,"duration":7110,"samplingBit":16,"channelCount":1,"samplingRate":"16kHz","audioPath":"/Mock/04.RND/Female/Experienced/ckmk_q_rnd_f_e_107933.wav"},"answer":{"fileFormat":"wav","fileSize":2014798,"duration":62960,"samplingBit":16,"channelCount":1,"samplingRate":"16kHz","audioPath":"/Mock/04.RND/Female/Experienced/ckmk_a_rnd_f_e_107933.wav"}}}