{"version":"1.0","dataSet":{"info":{"date":"20230116","occupation":"RND","channel":"MOCK","place":"ONLINE","gender":"FEMALE","ageRange":"35-44","experience":"EXPERIENCED"},"question":{"raw":{"text":"매일 공부하고 있는 분야가 따로 있으실지 궁금하고요 있다면 그걸 왜 공부하고 있는지도 함께 설명해 주셨으면 좋겠습니다","wordCount":16},"emotion":[],"intent":[]},"answer":{"raw":{"text":"저는 우선 뭐 지금도 당연한 거겠지만 사실 계속 공부를 해 나가고 있는 건 이제 네 그 동물에 대한 부분 짐승에 대한 부분 파도 파도 끝이 없죠. 네 그 종 종에 그 무한한 무한하지는 않지만 사실 엄청난 그 개체수만 해도 그 때문에 각 종에 대한 그 성질 뭐 여러 가지 부분 동물 자체에 대한 특성도 있고 그래서 그런 것들을 이 날마다 새로운 거죠 그거는. 하루에 한 동물이라고 하면 너무 많고 한 동물을 뭐 한 삼 일 이 삼 일 정도를 나눠서 그게 또 조금 오랜 역사를 가진 동물이라면 더 좀 길게 잡고 그 동물의 특성 그리고 이 동물로 하여금 알아야 될 그런 소재로서의 어떤 매력이라든지 단점이라든지 이런 부분들을 네 공부를 하면서 이어가고 있죠. 그게 저의 업무니까요 저희의 업무이고. 네","wordCount":118},"emotion":[],"intent":[{"text":"","expression":"","category":"attitude"}],"summary":{"text":"동물에 대한 부분이 끊임 없이 공부하고 있는 건 종에 대한 성질, 동물 자체의 특성 등 날마다 새로운 사실들을 공부하며 이어가고 있는 게 저 업무입니다.","wordCount":24}}},"rawDataInfo":{"question":{"fileFormat":"wav","fileSize":307278,"duration":9600,"samplingBit":16,"channelCount":1,"samplingRate":"16kHz","audioPath":"/Mock/04.RND/Female/Experienced/ckmk_q_rnd_f_e_179647.wav"},"answer":{"fileFormat":"wav","fileSize":2812238,"duration":87880,"samplingBit":16,"channelCount":1,"samplingRate":"16kHz","audioPath":"/Mock/04.RND/Female/Experienced/ckmk_a_rnd_f_e_179647.wav"}}}