{"version":"1.0","dataSet":{"info":{"date":"20230116","occupation":"RND","channel":"MOCK","place":"ONLINE","gender":"FEMALE","ageRange":"45-54","experience":"EXPERIENCED"},"question":{"raw":{"text":"지금 지원하신 업무 이외에 지원자님께서 따로 진행하시는 프로젝트나 따로 진행하시는 과제가 있으시다면 무엇인지 한번 말씀해 주시겠습니까","wordCount":16},"emotion":[],"intent":[]},"answer":{"raw":{"text":"어 아니요. 지금은 따로 진행하고 있는 프로젝트가 없습니다. 어 사실은 그 전에는 조금 제가 흥미롭게 생각하는 것들 궁금한 것들 아니면은 좀 가치 있다고 여겨지는 사업성을 띠는 것들을 많이 추진하기도 했었고 지원을 좀 해서 선정이 되는 경우도 많았는데 현재는 좀 좀 개인적으로 하는 일에 대해서 좀 쉬고 싶다는 열망이 강하기 때문에 현재 제가 따로 진행하고 있는 프로젝트는 없습니다.","wordCount":57},"emotion":[],"intent":[{"text":"","expression":"","category":"attitude"}],"summary":{"text":"현재 저는 개인적으로 하는 일에 대해 좀 쉬고 싶다는 열망이 강하기 때문에 따로 진행하고 있는 프로젝트가 없습니다. 그 전에는 제가 흥미로워하는 것들을 추진했습니다.","wordCount":23}}},"rawDataInfo":{"question":{"fileFormat":"wav","fileSize":391118,"duration":12220,"samplingBit":16,"channelCount":1,"samplingRate":"16kHz","audioPath":"/Mock/04.RND/Female/Experienced/ckmk_q_rnd_f_e_102841.wav"},"answer":{"fileFormat":"wav","fileSize":1236558,"duration":38640,"samplingBit":16,"channelCount":1,"samplingRate":"16kHz","audioPath":"/Mock/04.RND/Female/Experienced/ckmk_a_rnd_f_e_102841.wav"}}}