{"version":"1.0","dataSet":{"info":{"date":"20230116","occupation":"RND","channel":"MOCK","place":"ONLINE","gender":"FEMALE","ageRange":"45-54","experience":"EXPERIENCED"},"question":{"raw":{"text":"만약 입사한 후에 지원자님이 맡고 싶었던 직무가 아니라 다른 직무가 지원자님에게 주어진다면 어떻게 하시겠습니까 하고 싶은 직무 외에 다른 직무가 주어져도 괜찮으시겠습니까","wordCount":22},"emotion":[],"intent":[]},"answer":{"raw":{"text":"아니요 안 괜찮습니다. 네 너무 실례되는 지금 말씀이신 것 같은데요. 제가 그까 사실 이거는 모두에게 마찬가지인 것 같아요. 신입이든 경력직이든 똑같이 실례되고 무례해 보일 수 있는 질문인 것 같습니다. 네 그 다른 직무를 맡기려고 하는 걸 공고를 내세요 그러시면. 저희가 제가 준비하고 제가 꾸려온 저의 경력과 다른 분들 다 마찬가지로 그것들을 모두 그 시간들을 모두 지금 무시하는 거세요. 그렇기 때문에 네 괜찮지 않고요 무례하고요 기분이 좋지 않습니다 지금. 왜 이렇게 왜 이런 식으로 채용하려고 하시죠. 아니더라도 이건 좀 아니지 않나요 이런 질문은 면접 보는 자리에서. 왜 이러시지.","wordCount":87},"emotion":[],"intent":[{"text":"","expression":"","category":"attitude"}],"summary":{"text":"다른 직무를 맡기려고 하는 걸 공고를 내시면 경력과 다른 분들 모두 지금 무시하는 거세요. 그렇기 때문에 저는 괜찮습니다. 왜 이런 식으로 채용하려고 하는지 이해가 안 됩니다.","wordCount":26}}},"rawDataInfo":{"question":{"fileFormat":"wav","fileSize":640078,"duration":20000,"samplingBit":16,"channelCount":1,"samplingRate":"16kHz","audioPath":"/Mock/04.RND/Female/Experienced/ckmk_q_rnd_f_e_179189.wav"},"answer":{"fileFormat":"wav","fileSize":2857678,"duration":89300,"samplingBit":16,"channelCount":1,"samplingRate":"16kHz","audioPath":"/Mock/04.RND/Female/Experienced/ckmk_a_rnd_f_e_179189.wav"}}}