{"version":"1.0","dataSet":{"info":{"date":"20230116","occupation":"RND","channel":"MOCK","place":"ONLINE","gender":"FEMALE","ageRange":"55-","experience":"EXPERIENCED"},"question":{"raw":{"text":"시험 기간이나 시간이 촉박할 때 지원자님께서는 어떻게 시간 관리를 하셨습니까 지원자님만의 시간 관리법이 있다면 말씀 부탁 드리겠습니다","wordCount":17},"emotion":[],"intent":[]},"answer":{"raw":{"text":"저는 단호하게 버릴 건 버립니다. 네 그까 뭐 과목이 여러 개면 뭐 과목 자체를 통으로 버리기는 힘들 수도 있어요. 그까 그 과목에서도 어느 정도의 범위냐에 따라 대강 훑어 봤을 때 아 내가 요기 부분은 진짜 음 안 되겠군 네 요 남은 기간 안에 여기는 절대 무리겠구나 하면 과감히 거기는 아예 거의 안 봅니다. 네 잠깐 이 게 훑어볼 수는 있지만 그 훑어보는 시간조차 아까워서 다른데 쏟습니다. 제가 빠른 시간 안에 확 집중해 가지고 머릿속에 심을 수 있는 다른 정보들을 심구요. 시간관리 뭐 대충 크게 뭐 몇 시까지는 이 과목 보고 뭐 새벽 세 시까지는 이 과목 보고 그 다음에는 삐 과목을 보자 라고 해도 딱 찍히지는 않아요. 네 그것조차 조금 저는 옭아매는 기분이라 그냥 그 나름대로의 컨디션 안에서 잘 들어오고 집중된다면 더 봅니다. 네 저에게 맡겨야 돼요 그날 저에게.","wordCount":129},"emotion":[],"intent":[{"text":"","expression":"","category":"attitude"}],"summary":{"text":"과목의 범위에 따라 훑어봤을 때 몇 시까지는 이 과목, 새벽 세 시까지는 저 과목을 보고 그 다음에는 삐 과목을 보자 라고 해도 딱 찍히지는 않습니다. 그 나름의 컨디션 안에서 잘 들어오고 집중된다면 더 봅니다. 그날 자신에게 맡겨야 됩니다.","wordCount":38}}},"rawDataInfo":{"question":{"fileFormat":"wav","fileSize":468558,"duration":14640,"samplingBit":16,"channelCount":1,"samplingRate":"16kHz","audioPath":"/Mock/04.RND/Female/Experienced/ckmk_q_rnd_f_e_142847.wav"},"answer":{"fileFormat":"wav","fileSize":2809678,"duration":87800,"samplingBit":16,"channelCount":1,"samplingRate":"16kHz","audioPath":"/Mock/04.RND/Female/Experienced/ckmk_a_rnd_f_e_142847.wav"}}}