{"version":"1.0","dataSet":{"info":{"date":"20230116","occupation":"RND","channel":"MOCK","place":"ONLINE","gender":"FEMALE","ageRange":"45-54","experience":"EXPERIENCED"},"question":{"raw":{"text":"지원자님께서 지금까지 인생을 살면서 가장 후회되는 일이 있다면 어떤 일입니까 한 가지만 말씀해 주세요","wordCount":14},"emotion":[],"intent":[]},"answer":{"raw":{"text":"음 저는 저는 제 일을 정말 정말로 사랑하지만 저는 제 일만 한 것도 조금 후회는 돼요. 조금 더 이 짧은 인생을 조금 더 버라이어티하 버라이어티하게 살아볼걸 네 더 아주 뭔가 에너지 발산을 하며 이것저것 닥치는 대로 하고 싶은 거 다 해보면서 네 뭔가 피가 도는 그 에너지를 온전히 느끼며 조금 바쁘게 더 지내볼 걸 하는 후회가 들어요. 하지만 또 돌이켜보면 저는 참 쉼없이 살아왔어요. 바쁘게 제 일을 하면서 근데 왜 이렇게 그것도 후회가 되는지 그게 후회가 되는 저에게 또 뭔가 아쉬움이 있는데 바쁘게 살았지만 더 바빴으면 한다는 그 후회 네 그런 게 제 욕심이겠지만 안에서 생각이 드네요 이게. 그렇습니다.","wordCount":99},"emotion":[],"intent":[{"text":"","expression":"","category":"attitude"}],"summary":{"text":"저는 제 일을 정말 정말로 사랑하지만 제 일만 한 것도 조금 후회는 돼 조금 더 리얼리티하게 살아볼걸 하는 후회가 듭니다. 하지만 또 돌아보면 참 쉼없이 살아왔는데 더 바빴으면 한다는 그런 아쉬움이 듭니다.","wordCount":32}}},"rawDataInfo":{"question":{"fileFormat":"wav","fileSize":378958,"duration":11840,"samplingBit":16,"channelCount":1,"samplingRate":"16kHz","audioPath":"/Mock/04.RND/Female/Experienced/ckmk_q_rnd_f_e_179192.wav"},"answer":{"fileFormat":"wav","fileSize":2734158,"duration":85440,"samplingBit":16,"channelCount":1,"samplingRate":"16kHz","audioPath":"/Mock/04.RND/Female/Experienced/ckmk_a_rnd_f_e_179192.wav"}}}