{"version":"1.0","dataSet":{"info":{"date":"20230116","occupation":"RND","channel":"MOCK","place":"ONLINE","gender":"FEMALE","ageRange":"-34","experience":"EXPERIENCED"},"question":{"raw":{"text":"협업을 할 때 사교성이 좋은 편이신가요 또 사교성을 키우기 위해 어떤 노력을 해 왔는지 알려주세요","wordCount":15},"emotion":[],"intent":[]},"answer":{"raw":{"text":"사교성이 좋은 편은 아닌데요 좀 노력을 하는 편이긴 해요. 그런데 제가 어떤 노력을 했었냐면 상대방이랑 눈을 잘 마주치려고 노력했던 것 같애요. 저는 시선을 맞추는 게 굉장히 두려움이 많았었고 이게 이상한 말도 좀 퍼지더라구요. 그래서 제가 이제 학교 때까지는 그냥 그럴 수 있다 학부 때까지는 그냥 저냥 넘길 수 있는 상황이었지만 진짜 학교를 벗어나서 이제 사회에서 제가 본격적으로 일을 해야 할 때 제가 협업을 할 때 뭐 사교성이 좋은 것까지는 바라지 않아도 기본적으로 그런 사회성들 있잖아요 제가 눈을 못 마주치고 이러는 부분들 그런 게 굉장히 많은 지장을 줄 것 같다는 생각이 들더라고요. 그래서 그거를 되게 오래 연습을 했습니다. 그 서 처음에는 거울로 되게 제 눈을 바라보는 연습을 많이 했었고 그다음에는 뭐 연예인들 사진 같은 걸 벽에 붙여놓고 계속 눈을 보면서 말하는 연습을 많이 했던 것 같애요. 그리고 나중에는 뭐 친구들이랑 영상통화를 좀 한다든지 그런 식으로 하나하나 단계를 조금 높여 갔던 것 같습니다.","wordCount":141},"emotion":[],"intent":[{"text":"","expression":"","category":"attitude"}],"summary":{"text":"사교성이 좋은 편은 아니지만 상대방이랑 눈을 잘 마주치려고 노력을 많이 했습니다. 처음에는 거울로 눈을 바라보는 연습을 많이 했고, 연예인들 사진 같은 걸 벽에 붙여놓고 계속 눈을 보면서 말하는 연습을 많이 했던 것 같습니다. 그리고 친구들이랑 영상통화를 좀 한다든지 하는 식으로 단계를 조금 높여 갔던 것 같습니니다.","wordCount":46}}},"rawDataInfo":{"question":{"fileFormat":"wav","fileSize":371278,"duration":11600,"samplingBit":16,"channelCount":1,"samplingRate":"16kHz","audioPath":"/Mock/04.RND/Female/Experienced/ckmk_q_rnd_f_e_148830.wav"},"answer":{"fileFormat":"wav","fileSize":2751118,"duration":85970,"samplingBit":16,"channelCount":1,"samplingRate":"16kHz","audioPath":"/Mock/04.RND/Female/Experienced/ckmk_a_rnd_f_e_148830.wav"}}}