{"version":"1.0","dataSet":{"info":{"date":"20230116","occupation":"RND","channel":"MOCK","place":"ONLINE","gender":"FEMALE","ageRange":"55-","experience":"EXPERIENCED"},"question":{"raw":{"text":"지원자님께서는 이전 직장에서 퇴사한 뒤에 퇴사를 후회하신 적은 없나요 있다면 왜인지도 함께 말씀해 주세요","wordCount":14},"emotion":[],"intent":[]},"answer":{"raw":{"text":"네 저는 뭐 상당히 안정적으로 그냥 잘 마무리 짓고 나온 거라서요. 후회를 딱히 해 본 적은 없어요. 항상 그다음에 네 이동하게 된 곳에서도 새로운 새로운 어떤 환경과 사람들을 만나면서 이제 또 배울 점들이 생기기 때문에 그거를 배우느라 바빴고 또 즐기느라 바빴고 바쁠 이유가 너무 많았었구요. 그래서 그래서 후회할 시간이 없었었구요. 딱히 또 후회할 스타일도 아니기는 해요. 제가 뭔가 충분히 나름대로 고심을 하고 진행하는 편이고 또 제가 빠른 편이 아니라서 그 고심이 오래 가기 때문에 어 후회할 만한 어떤 갈팡질팡할 만한 어떤 무게 거리 문젯거리를 오래 두지 않았었어요. 금방 없애는 편이에요.","wordCount":90},"emotion":[],"intent":[{"text":"","expression":"","category":"attitude"}],"summary":{"text":"저는 상당히 안정적으로 잘 마무리 지은 거라서 후회를 해 본 적이 없어요. 항상 새로운 환경과 사람들을 만나면서 배울 점들이 생기니 그것을 배우느라 바빴고, 즐거워서 후회할 시간이 없었고, 후회할 스타일도 아니었어요.","wordCount":30}}},"rawDataInfo":{"question":{"fileFormat":"wav","fileSize":406478,"duration":12700,"samplingBit":16,"channelCount":1,"samplingRate":"16kHz","audioPath":"/Mock/04.RND/Female/Experienced/ckmk_q_rnd_f_e_190105.wav"},"answer":{"fileFormat":"wav","fileSize":2603278,"duration":81350,"samplingBit":16,"channelCount":1,"samplingRate":"16kHz","audioPath":"/Mock/04.RND/Female/Experienced/ckmk_a_rnd_f_e_190105.wav"}}}