{"version":"1.0","dataSet":{"info":{"date":"20230116","occupation":"RND","channel":"MOCK","place":"ONLINE","gender":"FEMALE","ageRange":"45-54","experience":"EXPERIENCED"},"question":{"raw":{"text":"지원자분 면접까지 오시느라 수고 많으셨습니다 질문 하나 하겠습니다 지원자분께서 사람들과 협업을 하면서 가장 어려웠던 점이 있다면 어떤 것이 있었는지 말씀해 주시면 고맙겠습니다","wordCount":22},"emotion":[],"intent":[]},"answer":{"raw":{"text":"어 사람들과 협업하면서 가장 어려웠던 점이라면 어 협업을 함 할 때 의견이 서로 다를 수가 있습니다. 물론 다 동일하게 한 의견으로 간혹 갈 수도 있지만 생각이 다르기 때문에 또 그리고 좀 더 좋은 그 결과물을 내기 위해서 다른 생각들 많은 생각들을 하다 보면 어 의견이 다를 수가 있는데 내 의견을 듣고 어 반대 의견 그건 아니다 라고 얘기를 했을 때 아니다 라고만 얘기를 하는 게 아니라 어 거기에 대한 어떤 대안도 같이 제시를 해주면 좋겠는데 그냥 니 의견 그거라서 아니야 라고 그렇게 말을 하기는 정말 쉽지만 그에 따른 대안이라든지 이런 다른 안을 좀 제시를 해주면 좋겠는데 안 그랬을 때 너무 답답했었던 것 같습니다.","wordCount":103},"emotion":[],"intent":[{"text":"","expression":"","category":"attitude"}],"summary":{"text":"협업할 때 의견이 다를 수 있습니다. 의견을 듣고 반대 의견 그것은 아니다 라고 했을 때 아니다 라고만 하지 않고 그에 따른 대안 제시를 하면 좋겠습니다. 그렇지 않으면 답답할 것 같습니다.","wordCount":30}}},"rawDataInfo":{"question":{"fileFormat":"wav","fileSize":588558,"duration":18390,"samplingBit":16,"channelCount":1,"samplingRate":"16kHz","audioPath":"/Mock/04.RND/Female/Experienced/ckmk_q_rnd_f_e_107942.wav"},"answer":{"fileFormat":"wav","fileSize":1979598,"duration":61860,"samplingBit":16,"channelCount":1,"samplingRate":"16kHz","audioPath":"/Mock/04.RND/Female/Experienced/ckmk_a_rnd_f_e_107942.wav"}}}