{"version":"1.0","dataSet":{"info":{"date":"20230116","occupation":"RND","channel":"MOCK","place":"ONLINE","gender":"FEMALE","ageRange":"35-44","experience":"EXPERIENCED"},"question":{"raw":{"text":"회사에 입사한 후에 본인에게 자유롭게 사내 스터디를 만들라고 한다면 어떤 스터디를 만들어서 공부하고 싶으신가요 그리고 어떤 공부가 하고 싶으신지 이유도 함께 말씀해 주시기 바랍니다","wordCount":24},"emotion":[],"intent":[]},"answer":{"raw":{"text":"저는 스터디보다는 아무래도 저희가 지금 추구하고자 하는 방향이 이 기술적인 부분과 환경을 같이 고려해서 가는 거잖아요. 그래서 저는 스터디라기보다는 그런 활동을 좀 많이 해보는 게 어떨까 하는 생각은 있습니다. 그래서 이 회사에 그런 환경과 관련된 활동들을 좀 하는 진행을 하는 그런 동아리 같은 모임 같은 그런 게 있는지 아니면 그런 거를 좀 생각하고 있는지 궁금하기도 하고 아니면 제가 좀 주도적으로 그거를 진행해도 되는지 라는 그런 질문이 좀 있습니다. 그래서 무조건적인 봉사 활동의 느낌으로 가슴 가지는 않았으면 좋겠고 자연스럽게 좀 그런 분야에 저희 회사가 같이 가고 있다 라는 인식을 심어줄 수 있게끔 드러났으면 좋겠어요 그런 부분이. 그래서 저도 스터디라는 것 자체를 하는 것보다는 그런 활동을 통해서 알아가는 게 더 많을 것 같다는 생각이 들거든요. 그 활동들을 해서 사람들을 만나야 사람들이 진짜 원하는 게 뭔지도 알 수 있게 되고 우리가 어디서 균형을 맞춰야 하는지도 찾을 수 있을 것 같애서 저는 좀 그런 환경 관련된 활동을 하고 싶습니다.","wordCount":145},"emotion":[],"intent":[{"text":"","expression":"","category":"attitude"}],"summary":{"text":"기술적 부분과 환경을 같이 고려해서 가는 기술적인 활동들을 좀 많이 해보는 게 어떨까 하는 생각이 있습니다. 그 활동들을 해서 사람들을 만나야 사람들이 진짜 원하는 게 뭔지 알 수 있게 되고 우리가 어디서 균형을 맞춰야 하는지도 찾을 수 있을 것 같애서 환경 관련된 활동을 하고 싶습니다.","wordCount":45}}},"rawDataInfo":{"question":{"fileFormat":"wav","fileSize":563918,"duration":17620,"samplingBit":16,"channelCount":1,"samplingRate":"16kHz","audioPath":"/Mock/04.RND/Female/Experienced/ckmk_q_rnd_f_e_205421.wav"},"answer":{"fileFormat":"wav","fileSize":2913358,"duration":91040,"samplingBit":16,"channelCount":1,"samplingRate":"16kHz","audioPath":"/Mock/04.RND/Female/Experienced/ckmk_a_rnd_f_e_205421.wav"}}}