{"version":"1.0","dataSet":{"info":{"date":"20230116","occupation":"RND","channel":"MOCK","place":"ONLINE","gender":"FEMALE","ageRange":"55-","experience":"EXPERIENCED"},"question":{"raw":{"text":"몇 년 전 우버 택시와 관한 논란이 있었던 걸 알고 계실 겁니다 지원자님께서는 찬반 열 양론에 대해 각각 어떻게 생각하나요","wordCount":20},"emotion":[],"intent":[]},"answer":{"raw":{"text":"우버요. 근데 뭐 어떤 산업이든 어떤 일이든 분야든 간에 특히나 외국계이고 다른 나라에서 아주 큰 규모를 가진 그런 큰 중심이 있는 회사라면 이런 논란은 매번 있을 겁니다. 매번 있어 왔구요. 네 환영하는 사람도 있지만 어 동일한 직종 동일한 분야라면 우선 막고 봐야죠. 네 네 지금 영업 네 영업 할려는데 땅이 지금 좁아지는데 안 되죠 안 된다고 하겠죠. 그런데 결국은 들어올 수 밖에 없다고 생각을 합니다. 그것조차 세계화고 세계 시장이고 우리도 어느 정도 지금 올라와 있는 선진 국가로서 그런 부분들은 다 감수하면서 더욱 다양한 서비스를 네 서로 간의 교류를 하기 위해서라면 받아들여야 된다고 생각을 합니다. 너무 우는 소리라고 생각해요.","wordCount":98},"emotion":[],"intent":[{"text":"","expression":"","category":"attitude"}],"summary":{"text":"우버를 환영하는 사람들도 있지만 동일한 직종 동일한 분야라면 일단 막고 봐야 합니다. 그러나 결국은 들어 올 수 밖에 없다 생각합니다. 세계화고 선진 국가로서 다양한 서비스를 서로 간의 교류를 하기 위해서라면 받아들일 수 밖에 없다고 생각합니다.","wordCount":35}}},"rawDataInfo":{"question":{"fileFormat":"wav","fileSize":396238,"duration":12380,"samplingBit":16,"channelCount":1,"samplingRate":"16kHz","audioPath":"/Mock/04.RND/Female/Experienced/ckmk_q_rnd_f_e_142845.wav"},"answer":{"fileFormat":"wav","fileSize":2785038,"duration":87030,"samplingBit":16,"channelCount":1,"samplingRate":"16kHz","audioPath":"/Mock/04.RND/Female/Experienced/ckmk_a_rnd_f_e_142845.wav"}}}