{"version":"1.0","dataSet":{"info":{"date":"20230116","occupation":"RND","channel":"MOCK","place":"ONLINE","gender":"FEMALE","ageRange":"35-44","experience":"EXPERIENCED"},"question":{"raw":{"text":"만약에 지원자님께서 지원한 지금 이 직무가 아니라 다른 부서에 본인이 배치가 됐습니다 그렇게 된다면 어떻게 하실 생각인지 의견을 들어보고 싶습니다","wordCount":20},"emotion":[],"intent":[]},"answer":{"raw":{"text":"아니라니까요. 못한다니까요. 안 돼요 저는. 괜찮지 않아요. 아 뭐 이런 걸 물어보시지 근데 되게 별로다. 이거에서 오케이를 하시는 분이 있다면 어 그분은 괜찮은 거겠죠. 네 그분은 그 자기의 직무가 자기 업무가 꼭 하나 일 필요가 없다는 거고 그 업무에 대해서 애정이 있을 수도 있지만 크지 않을 수도 있고. 저는 아니거든요. 저는 자존심이 있는 걸려있는 문제예요 이거는. 왜 삼 함부로 저를 이동 시키시죠. 제 일에 대해서 제 일은 이미 일찍이 제가 정하고 지금 하고 있고 해 왔는데 꾸준히 그러실 수는 없거든요. 그래서 그렇게 하게 되지 않을 거고 네 그거는 곧 괜찮지 않다는 얘기입니다.","wordCount":92},"emotion":[],"intent":[{"text":"","expression":"","category":"attitude"}],"summary":{"text":"자기 업무가 꼭 하나 일 필요가 없다는 것이고 그 업무에 대해 애정이 있을 수도 있지만 크지 않을 수도 있고. 제 일은 이미 정하고 하고있고 해 왔는데 꾸준히 그러실 수는 없습니다.","wordCount":30}}},"rawDataInfo":{"question":{"fileFormat":"wav","fileSize":575438,"duration":17980,"samplingBit":16,"channelCount":1,"samplingRate":"16kHz","audioPath":"/Mock/04.RND/Female/Experienced/ckmk_q_rnd_f_e_179651.wav"},"answer":{"fileFormat":"wav","fileSize":2491598,"duration":77860,"samplingBit":16,"channelCount":1,"samplingRate":"16kHz","audioPath":"/Mock/04.RND/Female/Experienced/ckmk_a_rnd_f_e_179651.wav"}}}