{
    "version": "1.0",
    "dataSet": {
        "info": {
            "date": "20230116",
            "occupation": "RND",
            "channel": "MOCK",
            "place": "ONLINE",
            "gender": "FEMALE",
            "ageRange": "-34",
            "experience": "EXPERIENCED"
        },
        "question": {
            "raw": {
                "text": "이전 직장을 그만두신 특별한 이유가 있으신가요 어 그리고 현 직장도 같은 이유로 그만둘 수 있는 가능성이 있을까요",
                "wordCount": 17
            },
            "emotion": [],
            "intent": []
        },
        "answer": {
            "raw": {
                "text": "제가 그 전에 직장을 그만둔 이유는 어 회사 내에 좀 비리 사건이 있었어요. 근데 그게 뭐 제가 연루되었다는 건 아니지만 그리고 그 회사가 그것 때문에 아예 망하게 된 건 아니지만 그래도 좀 민낯을 많이 봤던 것 같애요. 그래서 이 직장이 지금 현재 직장이 저의 전 직장처럼 그런 사례가 있다면 또 제가 고민을 하겠죠. 근데 이 회사가 정말 그런 거에 투명하고 뭐 전혀 그런 거에 깨끗하다면 저도 마찬가지로 그만둘 이유는 없을 거라고 생각이 듭니다. 그 전 직장은 아무래도 제가 좀 돈을 관리하는 분야에 있다 보니까 직종에 있다 보니까 어떤 그걸 해결하는 과정에서 계속 제가 그 속에 속에 있더라구요. 그 제가 벌린 일은 아니지만 수습을 할 때 계속 그 자리에 있어야 하고 어떤 핑계를 제가 자꾸 대야 하고 대외적으로. 그래서 그게 좀 괴롭다고 느껴져서 그냥 과감하게 그만두고 나왔습니다. 아마 어디신지 알 수도 있을 텐데 밝히지는 않겠습니다.",
                "wordCount": 134
            },
            "emotion": [],
            "intent": [
                {
                    "text": "",
                    "expression": "",
                    "category": "attitude"
                }
            ],
            "summary": {
                "text": "회사 내에 비리 사건이 있었는데 수습을 할 때 계속 그 자리에 있어야 하고 어떤 핑계를 대야 하고 대외적으로. 그래서 그게 좀 괴롭다고 느껴져서 그냥 과감하게 그만두고 나왔습니다.",
                "wordCount": 27
            }
        }
    },
    "rawDataInfo": {
        "question": {
            "fileFormat": "wav",
            "fileSize": 472398,
            "duration": 14760,
            "samplingBit": 16,
            "channelCount": 1,
            "samplingRate": "16kHz",
            "audioPath": "/Mock/04.RND/Female/Experienced/ckmk_q_rnd_f_e_148826.wav"
        },
        "answer": {
            "fileFormat": "wav",
            "fileSize": 2710798,
            "duration": 84710,
            "samplingBit": 16,
            "channelCount": 1,
            "samplingRate": "16kHz",
            "audioPath": "/Mock/04.RND/Female/Experienced/ckmk_a_rnd_f_e_148826.wav"
        }
    }
}