{"version":"1.0","dataSet":{"info":{"date":"20230116","occupation":"RND","channel":"MOCK","place":"ONLINE","gender":"FEMALE","ageRange":"35-44","experience":"EXPERIENCED"},"question":{"raw":{"text":"만약에 지원자분께서 해외에 파견 근무를 나가시게 된다고 하면 어떤 나라에서 일을 하고 싶으신지 궁금합니다 그 이유도 함께 알려주신다면 좋겠습니다","wordCount":19},"emotion":[],"intent":[]},"answer":{"raw":{"text":"저는 음 동남아 쪽을 좀 가보고 싶어요. 네 오히려 저는 유럽 쪽보다는 동남아 쪽에 그런 전통 섬유 네 전통 의류 관련해서 조금 직접 그 현지에서 그 문화와 함께 조금 들여다보고 싶다는 생각이 크고요. 그래서 저는 키르기스스탄 네 키르기스스탄 한번 가서 거기에서 조금 아무래도 조금 개발이나 이런 부분이 덜 된 지역이 많기 때문에 그곳은 그래서 현지의 사람들이 어떻게 있는지 그리고 그 실제 키르기스스탄 의류 어떤 복식에 관한 부분과 함께 어 네 그 섬유 부분에 대해서도 조금 공부를 할 수 있는 기회가 되지 않을까 싶습니다.","wordCount":83},"emotion":[],"intent":[{"text":"","expression":"","category":"attitude"}],"summary":{"text":"저는 유럽 쪽보다는 동남아 쪽을 가보고 싶습니다. 그 이유는 키르기스스탄이 개발이나 이런 부분이 덜 된 지역이 많기 때문에 현지 사람들의 삶, 그들의 복식과 섬유에 대해 공부할 수 있을 것 같기 때문입니다.","wordCount":31}}},"rawDataInfo":{"question":{"fileFormat":"wav","fileSize":494798,"duration":15460,"samplingBit":16,"channelCount":1,"samplingRate":"16kHz","audioPath":"/Mock/04.RND/Female/Experienced/ckmk_q_rnd_f_e_179643.wav"},"answer":{"fileFormat":"wav","fileSize":2799438,"duration":87480,"samplingBit":16,"channelCount":1,"samplingRate":"16kHz","audioPath":"/Mock/04.RND/Female/Experienced/ckmk_a_rnd_f_e_179643.wav"}}}