{"version":"1.0","dataSet":{"info":{"date":"20230116","occupation":"RND","channel":"MOCK","place":"ONLINE","gender":"FEMALE","ageRange":"35-44","experience":"EXPERIENCED"},"question":{"raw":{"text":"면접자분께서 학교에서의 연구와 기업에서의 연구는 어떻게 다르다고 생각하는지 말씀해 주실 수 있을까요","wordCount":12},"emotion":[],"intent":[]},"answer":{"raw":{"text":"어 제가 이제 박사 과정까지 오면서 학교에서 있으면서 그리고 동시에 이제 일도 하게 된 거지만 그때 했던 연구를 생각하면은 음 그 연구가 중심이었던 것 같아요. 어 오로지 그 연구가 과제였고 그 연구를 끝낼 때까지 그 시간을 다 쓸 수 있었고 그래서 저도 그 과정 속에서 문제가 막힐 때 그거를 충분히 시간을 가지고 해결을 했었거든요 이게 풀릴 때까지. 그리고 그런 환경을 조성해주는 게 학교였던 것 같고 그런데 제가 기업에 와서 이제 연구라는 거를 대할 때는 제가 가장 적응을 못 했던 부분이기도 했었는데 어쨌든 결과 도출이 빨라야 되는 거죠 기업은. 그래서 저는 여기가 막혀서 더 이상 진행을 할 수 없는데 제 입장에서는 그런데 기업에서는 일단 막히는 거는 넘어가야 한다는 그게 중요하지 않다 라고 여기는 게 있었다고 생각이 들거든요. 그래서 어 연구라고 하면은 이런 시간으로 할 수 없는 건데 라는 의문을 많이 가졌었던 것 같아요.","wordCount":132},"emotion":[],"intent":[{"text":"","expression":"","category":"attitude"}],"summary":{"text":"박사 과정까지 오면서 오로지 연구에만 집중하며 문제를 해결할 수 있는 환경을 조성해주는 게 학교였습니다. 그런데 기업에 와서는 연구라는 것을 대할 때 결과 도출이 빨라야 한다고 여겼습니다. 그래서 연구라면 이런 시간으로 할 수 없는 건데 라는 의문을 가졌던 것 같습니다.","wordCount":39}}},"rawDataInfo":{"question":{"fileFormat":"wav","fileSize":290638,"duration":9080,"samplingBit":16,"channelCount":1,"samplingRate":"16kHz","audioPath":"/Mock/04.RND/Female/Experienced/ckmk_q_rnd_f_e_205414.wav"},"answer":{"fileFormat":"wav","fileSize":2763278,"duration":86350,"samplingBit":16,"channelCount":1,"samplingRate":"16kHz","audioPath":"/Mock/04.RND/Female/Experienced/ckmk_a_rnd_f_e_205414.wav"}}}