{"version":"1.0","dataSet":{"info":{"date":"20230116","occupation":"RND","channel":"MOCK","place":"ONLINE","gender":"FEMALE","ageRange":"35-44","experience":"EXPERIENCED"},"question":{"raw":{"text":"지원자분이 학부 시절 때 졸업으로 제출했던 논문 보고서 이런 지원자분이 관심대를 가장 잘 드러낼 수 있는 대표적인 학술 실적을 한 가지 저한테 소개해 주실 수 있나요","wordCount":26},"emotion":[],"intent":[]},"answer":{"raw":{"text":"어 이게 제 관심사를 드러낸다고 생각은 들지는 않는데 제가 이제 이직하게 된 이유를 제공했던 그 논문은 있었던 것 같애요. 그래서 지금처럼 전기 자동차가 활성화돼 있지 않던 시절에 그 에너지 대체에 대한 그 논문을 본 적이 있었거든요. 그게 이제 환경오염과 관련돼서 지금 제가 일하고 있는 분야가 얼마큼 악영향을 초래하는지에 대한 연구 같은 논문이었는데 그거를 제가 이제 학교에서 공부하던 시설에 접했었고 교수님께서 이제 우리에게 저희에게 꼭 보라고 소개해 줬었거든요 그래서 그거를 읽고 좀 충격을 많이 받았던 것 같애요. 제가 그동안 공부했던 거와는 좀 그러니까 그 이면에 있는 어 더 좀 더 구체적인 진실 같은 거를 맞닥뜨렸던 근데 제가 어떤 환경 운동가가 된다고는 생각이 잘 안 들었었고 그럼 내가 이거를 일하는 사람으로서 어떤 방향으로 나아가야지 약간 고민을 했었고 그게 제가 여기에 면접 보게 된 그 흐름까지 와 준 것 같애요.","wordCount":127},"emotion":[],"intent":[{"text":"","expression":"","category":"attitude"}],"summary":{"text":"이직하게 된 이유를 제공했던 그 논문은 환경오염과 관련돼서 제가 일하고 있는 분야가 얼마나 악영향을 초래하는지에 대한 연구였습니다. 그 논문을 읽고 충격을 많이 받았는데 어떤 환경 운동가가 되지는 않았지만 어떤 방향으로 나아가야 할지 고민하다가 여기에 면접 보게 된 흐름까지 와 준 것 같습니다.","wordCount":42}}},"rawDataInfo":{"question":{"fileFormat":"wav","fileSize":437198,"duration":13660,"samplingBit":16,"channelCount":1,"samplingRate":"16kHz","audioPath":"/Mock/04.RND/Female/Experienced/ckmk_q_rnd_f_e_205418.wav"},"answer":{"fileFormat":"wav","fileSize":2844238,"duration":88880,"samplingBit":16,"channelCount":1,"samplingRate":"16kHz","audioPath":"/Mock/04.RND/Female/Experienced/ckmk_a_rnd_f_e_205418.wav"}}}