{"version":"1.0","dataSet":{"info":{"date":"20230116","occupation":"RND","channel":"MOCK","place":"ONLINE","gender":"FEMALE","ageRange":"55-","experience":"EXPERIENCED"},"question":{"raw":{"text":"아이패드와 같이 요즘 시장에서 사람들의 많은 관심을 받는 제품들의 주된 특징에 대해서 한번 설명해 보시겠습니까","wordCount":15},"emotion":[],"intent":[]},"answer":{"raw":{"text":"음 사실 하나만 빼고는 다 한 브랜드의 제품이라 근데 그걸 떠난다면 아무래도 그 브랜드들은 조금 디자인으로 주목을 받는 거였던 것 같애요. 네 디자인 아무리 제품이 뭔가 새로운 기능을 발표하고 어 더 나은 기능을 막 연구해서 넣었다고 홍보를 해도 안 이쁘다 그러면 사람들의 선택을 받기가 정말 어려운 거 같아요. 그만큼 사람들은 여전히 아름다운 것을 추구하고 근데 그 아름다운 것조차 음 되게 어떤 개인적인 아름다움이면 안 되는 거 그런 미적 센스 미적 취향조차 현대적이면서 다분히 다수에 어떤 취향을 반영할 수 있는 적당한 센스있는 아름다움이어야 된다. 어려운 부분이죠. 그 미의 포인트는 그런 것 같습니다.","wordCount":91},"emotion":[],"intent":[{"text":"","expression":"","category":"attitude"}],"summary":{"text":"사람들은 여전히 아름다운 것을 추구하고 미적센스 미적 취향조차 현대적이면서 다분히 다수에 어떤 취향을 반영할 수 있는 적당한 센스있는 아름다움이어야 됩니다.","wordCount":20}}},"rawDataInfo":{"question":{"fileFormat":"wav","fileSize":367118,"duration":11470,"samplingBit":16,"channelCount":1,"samplingRate":"16kHz","audioPath":"/Mock/04.RND/Female/Experienced/ckmk_q_rnd_f_e_142851.wav"},"answer":{"fileFormat":"wav","fileSize":2866638,"duration":89580,"samplingBit":16,"channelCount":1,"samplingRate":"16kHz","audioPath":"/Mock/04.RND/Female/Experienced/ckmk_a_rnd_f_e_142851.wav"}}}