{"version":"1.0","dataSet":{"info":{"date":"20230116","occupation":"RND","channel":"MOCK","place":"ONLINE","gender":"FEMALE","ageRange":"-34","experience":"EXPERIENCED"},"question":{"raw":{"text":"면접자 본인이 생각하는 개발과 환경에 바람직한 조화에 대해 말씀해 주세요","wordCount":10},"emotion":[],"intent":[]},"answer":{"raw":{"text":"개발과 환경의 바람직한 조화란 어 아이러닉하게도 어 환경을 보존하도록 하는 것이 어떤 이상적인 개발의 궁극적인 목표고 또 바람직한 조화라고 생각을 합니다. 왜냐하면 개발이라는 것 자체가 어 인간의 이익을 위해 하는 것이고 어 인간을 좀 더 편리하게 살 수 있도록 하기 위해 인간이 하는 활동인데 이 인간이 환경을 떼어놓고는 존재할 수 없는 존재이기 때문입니다. 따라서 인간이 궁극적으로 더 오래 살고 잘 살기 위해서는 환경 보존이 어 선행이 돼야 하는데 때문에 이 환경 보전을 위해서라도 어떤 개발이 환경을 우리 인간이 사는 환경을 저해하지 않고 더 나아가서는 인간이 오래도록 건강하게 살 수 있도록 환경을 보존할 수 있도록 하는 그런 기술이면 어 인간과 인간의 어떤 개발 활동이 환경과 바람직한 조화를 이루는 것이라고 생각할 수 있을 것 같습니다.","wordCount":113},"emotion":[],"intent":[{"text":"따라서 인간이 궁극적으로 더 오래 살고 잘 살기 위해서는 환경 보존이 어 선행이 돼야 하는데 때문에   이 환경 보전을 위해서라도 어떤 개발이 환경을 우리 인간이 사는 환경을 저해하지 않고 더 나아가서는   인간이 오래도록 건강하게 살 수 있도록 환경을 보존할 수 있도록 하는 그런 기술이면 어 인간과 인간의 어떤 개발 활동이 환경과 바람직한 조화를 이루는 것이라고 생각할 수 있을 것 같습니다.","expression":"c_value","category":"background"}],"summary":{"text":"인간이 오래 살고 잘 살기 위해서는 환경을 보존하는 것이 선행되어야 하므로, 개발은 환경을 저해하지 않고 인간이 오래도록 건강하게 살 수 있도록 환경을 보존할 수 있도록 하는 기술이면 인간과 인간의 어떤 개발 활동이 환경과 바람직한 조화를 이루는 것이라고 생각합니다.","wordCount":38}}},"rawDataInfo":{"question":{"fileFormat":"wav","fileSize":329038,"duration":10280,"samplingBit":16,"channelCount":1,"samplingRate":"16kHz","audioPath":"/Mock/04.RND/Female/Experienced/ckmk_q_rnd_f_e_189970.wav"},"answer":{"fileFormat":"wav","fileSize":1778638,"duration":55580,"samplingBit":16,"channelCount":1,"samplingRate":"16kHz","audioPath":"/Mock/04.RND/Female/Experienced/ckmk_a_rnd_f_e_189970.wav"}}}