{"version":"1.0","dataSet":{"info":{"date":"20230116","occupation":"RND","channel":"MOCK","place":"ONLINE","gender":"FEMALE","ageRange":"35-44","experience":"EXPERIENCED"},"question":{"raw":{"text":"지원자님께서 입사 후에 기존에 원하시던 일을 못 하게 된다면 어떻게 하실 건가요 또한 그렇게 하시려는 이유에 대해서도 답변 부탁드립니다","wordCount":19},"emotion":[],"intent":[]},"answer":{"raw":{"text":"그럴 일이 없는데요. 왜 제가 왜 제가 제가 원하는 일을 못 해야 되죠. 그럴 일이 없어요. 만약에 저를 채용하실 생각이 있지만 제가 지원한 직무가 아닌 거로 생각을 하시면 입사 포기할 겁니다. 네 어떤 뭐 고민에 뭐 재고할 여지조차 없어요 그거는. 이유가 없는데요 그럴 여기에 그렇게 들어올 만한. 그리고 저를 그렇게 하면서까지 채용할 만한 이유도 마찬가지로 없고요. 저는 제 직무 말고는 어떠한 것도 어필이 될 만한 능력이 없습니다 제 스스로. 그거를 알기 때문에 괘씸죄와 그리고 제 스스로를 너무나 잘 아는 음 솔직함으로 입사를 포기하겠습니다. 미리 먼저 말씀드리겠습니다.","wordCount":86},"emotion":[],"intent":[{"text":"","expression":"","category":"attitude"}],"summary":{"text":"저는 제 직무 말고는 어떠한 것도 어필이 될 만한 능력이 없습니다. 그것을 알기 때문에 괘씸죄와 그리고 제 스스로를 너무나 잘 아는 솔직함으로 입사를 포기하겠습니다.","wordCount":24}}},"rawDataInfo":{"question":{"fileFormat":"wav","fileSize":606158,"duration":18940,"samplingBit":16,"channelCount":1,"samplingRate":"16kHz","audioPath":"/Mock/04.RND/Female/Experienced/ckmk_q_rnd_f_e_179650.wav"},"answer":{"fileFormat":"wav","fileSize":2317518,"duration":72420,"samplingBit":16,"channelCount":1,"samplingRate":"16kHz","audioPath":"/Mock/04.RND/Female/Experienced/ckmk_a_rnd_f_e_179650.wav"}}}