{"version":"1.0","dataSet":{"info":{"date":"20230116","occupation":"RND","channel":"MOCK","place":"ONLINE","gender":"FEMALE","ageRange":"55-","experience":"EXPERIENCED"},"question":{"raw":{"text":"어떤 문제에 부딪쳤을 때 지원자님은 혼자서 해결하는 편이신가요 아니면 여러 사람들에게 이야기를 하면서 해결을 하는 편이신가요","wordCount":16},"emotion":[],"intent":[]},"answer":{"raw":{"text":"어 혼자 하죠. 네 저는 나이가 이렇게 먹었는데 뭐 그까 그거죠. 다른 사람의 조언을 들을 만한 아 그렇게 되죠. 말이 조금 이상할 수도 있겠는데 다른 사람의 이야기는 항상 들어요. 듣지만 결국에 어떤 거를 선택을 하고 진행을 해야 되는 건 저기 때문에 듣지만 듣지 않는 경우도 많구요. 그리고 듣고서 참작을 해서 어 애초에 본래 생각과 바뀌는 경우들도 있었구요. 네 근데 대부분은 제가 뭔가 염두에 둔 결정이 있으면 대부분 거기로 가요. 왜냐하면 이러저러한 타 상황과 사정이 있기 때문에 그걸 아는 게 오로지 저 혼자이기 때문에 다 그걸 일일이 설명할 수도 없잖아요 주변에. 그래서 그렇게 되면 결국에 첫 선택지로 가더라고요. 그래서 네 어쨌든 저는 혼자 해결하는 편이고 마음도 가장 편합니다. 혼자 하는 게","wordCount":110},"emotion":[],"intent":[{"text":"","expression":"","category":"attitude"}],"summary":{"text":"다른 사람의 조언을 듣고서 본래 생각과 바뀌는 경우도 있었지만, 대부분은 염두에 둔 결정이 있으면 대부분 혼자 해결합니다. 마음도 가장 편합니다.","wordCount":20}}},"rawDataInfo":{"question":{"fileFormat":"wav","fileSize":552398,"duration":17260,"samplingBit":16,"channelCount":1,"samplingRate":"16kHz","audioPath":"/Mock/04.RND/Female/Experienced/ckmk_q_rnd_f_e_190104.wav"},"answer":{"fileFormat":"wav","fileSize":2693518,"duration":84170,"samplingBit":16,"channelCount":1,"samplingRate":"16kHz","audioPath":"/Mock/04.RND/Female/Experienced/ckmk_a_rnd_f_e_190104.wav"}}}