{"version":"1.0","dataSet":{"info":{"date":"20230116","occupation":"RND","channel":"MOCK","place":"ONLINE","gender":"FEMALE","ageRange":"55-","experience":"EXPERIENCED"},"question":{"raw":{"text":"귀하는 생각하시기에 자신의 노년은 어떤 모습이었으면 좋겠습니까 이상적인 노년의 모습을 지원자님은 말씀해 주실 수 있나요","wordCount":15},"emotion":[],"intent":[]},"answer":{"raw":{"text":"저는 그냥 자연 친화적으로 살고 싶습니다. 저는 도시를 떠나서 좀 게 인정이 좀 드문 네 그런 곳으로 들어가고 싶어요. 완전 뭐 산 뭐 산 중심에 있는 뭐 이런 뭐 자연인 그까 아예 사람이 다니지 않는 그런 위치는 아니구요. 아 글쎄요 조금 개발이나 이런 게 덜 되있는 곳이면 좋을 것 같긴 한데 전기는 들어오고요. 쪼금 높은 곳 네 높은 곳에서 그냥 적당하게 집 하나 있고 인프라가 그렇다고 아주 뭐 접근성이 없는 곳은 아닌 네 적당한 위치에 있는 그런 데서 조용하고 여유롭게 그냥 있는 그대로의 시간을 느끼면서 무료하더라도 어때요 뭐 그런 식으로 편안히 지내고 싶다는 생각이 드네요.","wordCount":95},"emotion":[],"intent":[{"text":"","expression":"","category":"attitude"}],"summary":{"text":"자연 친화적인 도시에서 살고 싶습니다. 인정이 드문 자연친화적 도시, 전기가 들어오고 전기가 잘 되는 곳, 인프라가 접근성이 좋은 곳, 있는 그대로의 시간을 느끼며 무료하더라도 편안히 지내고 싶습니다.","wordCount":27}}},"rawDataInfo":{"question":{"fileFormat":"wav","fileSize":467918,"duration":14620,"samplingBit":16,"channelCount":1,"samplingRate":"16kHz","audioPath":"/Mock/04.RND/Female/Experienced/ckmk_q_rnd_f_e_142849.wav"},"answer":{"fileFormat":"wav","fileSize":2619598,"duration":81860,"samplingBit":16,"channelCount":1,"samplingRate":"16kHz","audioPath":"/Mock/04.RND/Female/Experienced/ckmk_a_rnd_f_e_142849.wav"}}}