{"version":"1.0","dataSet":{"info":{"date":"20230116","occupation":"RND","channel":"MOCK","place":"ONLINE","gender":"FEMALE","ageRange":"45-54","experience":"EXPERIENCED"},"question":{"raw":{"text":"지원자님께서는 평소에 시간이 남았을 때 어떤 일을 하시는지 어 그 일을 하시는 이유가 무엇이 있는지 그것도 같이 구체적으로 설명해 주세요","wordCount":20},"emotion":[],"intent":[]},"answer":{"raw":{"text":"어 그 시간 남을 때 책을 많이 읽습니다. 물론 책을 읽는 일이 시간 남을 때 해야 되는 게 아니라 시간을 내서도 해야 하는 일인데요. 어 근데 시간이 남을 때 더 여유롭게 어 재미있는 그냥 뭐 공부 더 지적인 그런 능력을 쌓는다기 보다는 재미있는 뭐 소설책을 읽는다거나 어 그랬을 때 너무 가 가볍게 읽을 수 있는 그런 책을 읽을 때 어 차 한 잔 마시면서 그러면 너무너무 행복하고 더 여유로움이 느껴지는 것 같아서 네 그렇게 책 읽고 있습니다.","wordCount":77},"emotion":[],"intent":[{"text":"","expression":"","category":"attitude"}],"summary":{"text":"시간 남을 때 여유를 가지고 책을 읽습니다. 책을 읽으면서 차 한 잔 하며 여유를 갖게 되면 너무 행복하고 여유로워지는 것 같아 그렇게 책 읽고 있습니다.","wordCount":25}}},"rawDataInfo":{"question":{"fileFormat":"wav","fileSize":456078,"duration":14250,"samplingBit":16,"channelCount":1,"samplingRate":"16kHz","audioPath":"/Mock/04.RND/Female/Experienced/ckmk_q_rnd_f_e_107940.wav"},"answer":{"fileFormat":"wav","fileSize":1630158,"duration":50940,"samplingBit":16,"channelCount":1,"samplingRate":"16kHz","audioPath":"/Mock/04.RND/Female/Experienced/ckmk_a_rnd_f_e_107940.wav"}}}