{"version":"1.0","dataSet":{"info":{"date":"20230116","occupation":"RND","channel":"MOCK","place":"ONLINE","gender":"FEMALE","ageRange":"55-","experience":"EXPERIENCED"},"question":{"raw":{"text":"살면서 다양한 커뮤니케이션을 경험해 보셨을 텐데요 그중 가장 어려웠던 경험을 한 가지만 골라서 말씀해 주세요","wordCount":15},"emotion":[],"intent":[]},"answer":{"raw":{"text":"음 뭐 어려우면서도 또 오히려 깔끔하기도 하고 재밌기도 하고 그런 경우였던 것 같은데요. 그까 커뮤니케이션을 할 의지가 없는 분을 만나면 그냥 웃기구 답답하고 근데 또 재미있고 또 화도 나고 막 여러 가지 감정이 막 진짜 아주 빠르게 왔다 갔다 해요. 네 어 진짜 그 순간 어떤 네 해결이 해결 방식에 대한 게 막 안 떠올라서 어렵다고 느끼는 것 같애요. 음 그러니까 뭘 같이 해 나가긴 해야 되는데 애초에 이 분은 그냥 그 자리에 존재하기만 할 뿐 어 소통의 의지가 없는 거예요. 근까 그냥 본인이 하고자 하는 것만 빨리 진행을 하려고 하는 네 많지는 않아요 근데 간혹 계세요. 그러면 주변 이제 사람들 동료들이 처음엔 티들을 못 내죠. 너무 너무 황당하고 너무 당황스럽고 무례하니까요 네.","wordCount":113},"emotion":[],"intent":[{"text":"","expression":"","category":"attitude"}],"summary":{"text":"커뮤니케이션을 할 의지가 없는 분이 있으면 소통이 어려운 것 같습니다. 소통 의지가 없는 분들은 본인이 하고 싶은 것만 빨리 진행을 하려고 하고 주변 동료들은 처음에 티를 못 냅니다.","wordCount":28}}},"rawDataInfo":{"question":{"fileFormat":"wav","fileSize":404558,"duration":12640,"samplingBit":16,"channelCount":1,"samplingRate":"16kHz","audioPath":"/Mock/04.RND/Female/Experienced/ckmk_q_rnd_f_e_190107.wav"},"answer":{"fileFormat":"wav","fileSize":2912718,"duration":91020,"samplingBit":16,"channelCount":1,"samplingRate":"16kHz","audioPath":"/Mock/04.RND/Female/Experienced/ckmk_a_rnd_f_e_190107.wav"}}}