{"version":"1.0","dataSet":{"info":{"date":"20230116","occupation":"RND","channel":"MOCK","place":"ONLINE","gender":"FEMALE","ageRange":"-34","experience":"EXPERIENCED"},"question":{"raw":{"text":"지원자님께서는 팀장에 더 잘 맞으실 것 같으신가요 아니면 팀원에서 잘 맞으실 것 같으신가요 이유도 함께 말씀해 주세요","wordCount":17},"emotion":[],"intent":[]},"answer":{"raw":{"text":"저는 아직까지는 팀원에 더 잘 맞는 것 같습니다. 업무 전문속으로 보나 어 아니면 피플 매니징 측면에서 보나 아직은 부족한 부분이 많이 있기 때문입니다. 현재 대리로써 사원일 때보다는 더 깊게 문제를 들여다보고 어 상황을 다각적으로 이해하며 전문지식을 확장하는 데 집중하고 있지만 어 아직은 전문지식 측면이나 경험의 깊이 차원에서 부족한 부분이 많다고 생각을 합니다. 또 저 개인적으로서 팀원들과 화합을 이루고 어 잘 지내려고 노력하는 것은 얼마든지 잘 할 수 있다고 생각을 하지만 어 제 일이 아닌 어 제 삼 자의 고민을 들어주고 어 제 삼 자의 분쟁 관계를 제가 리더로서 잘 조율하고 전체 팀을 이끌기에는 아직은 역량이 좀 부족하다고 생각하기 때문입니다. 하지만 저도 언젠가는 팀을 이끄는 리더로서의 역할을 해보고 싶기 때문에 어 팀원으로서 지금 현재 팀장님이 어떤 식으로 팀을 이끄시는지 보고 어 가까이서 배우면서 제 능력으로 체화할 수 있게끔 노력을 하고 있습니다.","wordCount":130},"emotion":[],"intent":[{"text":"","expression":"","category":"attitude"}],"summary":{"text":"업무 전문속으로나 피플 매니징 측면에서 보나 아직은 부족한 부분이 많기 때문에 팀원에 더 잘 맞는 것 같습니다. 개인적으로 팀원들과의 화합은 잘 할 수 있다고 생각되지만 제 삼 자의 고민을 들어주고 분쟁 관계를 조율하고 전체 팀을 이끌기에는 아직 역량이 부족합니다. 하지만 리더로서의 역할을 해보고 싶기 때문에 노력하고 있습니다.","wordCount":47}}},"rawDataInfo":{"question":{"fileFormat":"wav","fileSize":373838,"duration":11680,"samplingBit":16,"channelCount":1,"samplingRate":"16kHz","audioPath":"/Mock/04.RND/Female/Experienced/ckmk_q_rnd_f_e_189969.wav"},"answer":{"fileFormat":"wav","fileSize":2143438,"duration":66980,"samplingBit":16,"channelCount":1,"samplingRate":"16kHz","audioPath":"/Mock/04.RND/Female/Experienced/ckmk_a_rnd_f_e_189969.wav"}}}