{"version":"1.0","dataSet":{"info":{"date":"20230116","occupation":"ICT","channel":"MOCK","place":"ONLINE","gender":"MALE","ageRange":"35-44","experience":"EXPERIENCED"},"question":{"raw":{"text":"지원자분께서 저희 회사에 입사를 하시고 난 뒤에 업무 내용이나 강도와 같은 것들이 본인이 지금까지 예상해 왔던 것과는 전혀 딴 판이라고 했을 때 그러한 상황을 어떻게 대처하시게 될지 궁금합니다","wordCount":28},"emotion":[],"intent":[]},"answer":{"raw":{"text":"네 이 회사에 지원을 할 때는 분명 그 잡 디스크립션 이라는 것을 확인을 했을 텐데 그 이 그 잡티 스크립션인 과 상반된 아주 아주 동떨어진 업무를 하게 된다면 이거는 큰 문제라고 봅니다. 어 내용이 다르다는 건 굉장히 큰 문제고요. 업무의 강도가 다른 거는 충분히 있을 수가 있습니다. 어 그리고 일시적으로 아 보통 일시적인 것이라고 봐요. 어 이게 무슨 말 왜냐하면 어 그때 뭐 회사에 가주 아주 중요한 프로젝트가 진행 중인이라던가 할 때는 그 프로젝트의 일원으로서 어 그 최선을 다 해서 임해야 되는 게 맞습니다. 하지만 업무의 내용이 다르다는 것은 마치 아이티 직원을 뽑아놓고 그쪽에 아이티 직원한테 뭐 에이 포 용지를 채워 놔라 뭐 토너를 갈아라 이런 어떤 총무 팀의 일을 같이 병행을 시킨다면 사전 협의가 없이 병행을 시켰다면 에 아주 큰 문제라서 일단은 어 먼저 상관에게 이런 문제에 대해서 이야기를 해야 되는 게 맞을 것 같고요. 그리고 상관에 맞 피드백을 받고 그 후에 결정을 해야 될 것 같습니다.","wordCount":148},"emotion":[],"intent":[{"text":"","expression":"","category":"attitude"}],"summary":{"text":"이 회사에 지원할 때는 잡티 스크립션인 과 상반된 업무를 하게 된다면 큰 문제라고 봅니다. 업무의 내용이 다르다는 건 굉장히 큰 문제이고, 업무의 강도가 다른 것은 충분히 있을 수 있습니다. 사전 협의가 없이 병행을 시킨다면 아주 큰 문제라서 먼저 상관에게 이 문제에 대해 이야기를 해야 될 것 같습니다.","wordCount":47}}},"rawDataInfo":{"question":{"fileFormat":"wav","fileSize":629198,"duration":19660,"samplingBit":16,"channelCount":1,"samplingRate":"16kHz","audioPath":"/Mock/05.ICT/Male/Experienced/ckmk_q_ict_m_e_176000.wav"},"answer":{"fileFormat":"wav","fileSize":2482958,"duration":77590,"samplingBit":16,"channelCount":1,"samplingRate":"16kHz","audioPath":"/Mock/05.ICT/Male/Experienced/ckmk_a_ict_m_e_176000.wav"}}}