{"version":"1.0","dataSet":{"info":{"date":"20230116","occupation":"ICT","channel":"MOCK","place":"ONLINE","gender":"MALE","ageRange":"-34","experience":"EXPERIENCED"},"question":{"raw":{"text":"얼마 전 일이었죠 구급 대원이 주취자에게 폭행을 당해서 순직을 당하는 일이 있었습니다 지원자님은 이 사건에 대해 어떻게 생각하는지 말씀해 주세요","wordCount":20},"emotion":[],"intent":[]},"answer":{"raw":{"text":"우선 매우 안타깝다고 생각이 듭니다. 고인이 되신 분의 안타까운 사고는 다시는 일어나선 안 된다고 생각합니다. 이후 후속 조치 또한 매우 중요합니다. 후속 조치라 함은 주취자 즉 술에 취한 사람에 관하여 법률적인 보완이 필요하다고 생각합니다. 주취자를 정신 이상자와 같이 해당 당시에 정상적인 논리적 사고를 할 수 없다는 것으로 감형을 하는 등 봐주는 행위는 있어서는 안 된다고 생각합니다. 본인은 물론 당시가 기억나지 않고 또한 법정에서도 변호사를 통해 그와 같게 지원하겠지만 폭행 당시에 증거가 명백하고 그 행위로 인해 피해가 발생했다면 책임을 져야 합니다. 이에 더해 이러한 행위만이 유족들에게 위로가 될 수 있을 것 같습니다.","wordCount":91},"emotion":[],"intent":[{"text":"","expression":"","category":"attitude"}],"summary":{"text":"주취자를 정신 이상자와 같이 해당 당시에 정상적인 논리적 사고를 할 수 없다는 것으로 심신미약을 하는 등 봐주는 행위는 있어서는 안 된다고 생각합니다. 폭행 당시에 증거가 명백하고 피해가 발생했다면 책임을 져야 합니다.","wordCount":31}}},"rawDataInfo":{"question":{"fileFormat":"wav","fileSize":502478,"duration":15700,"samplingBit":16,"channelCount":1,"samplingRate":"16kHz","audioPath":"/Mock/05.ICT/Male/Experienced/ckmk_q_ict_m_e_244681.wav"},"answer":{"fileFormat":"wav","fileSize":3723598,"duration":116360,"samplingBit":16,"channelCount":1,"samplingRate":"16kHz","audioPath":"/Mock/05.ICT/Male/Experienced/ckmk_a_ict_m_e_244681.wav"}}}