{"version":"1.0","dataSet":{"info":{"date":"20230116","occupation":"ICT","channel":"MOCK","place":"ONLINE","gender":"MALE","ageRange":"35-44","experience":"EXPERIENCED"},"question":{"raw":{"text":"지원자님께서는 촉박한 상황이 생기게 된다면 그때의 시간 관리를 어떻게 하실 수 있을까요 지원자님만의 시간 관리법이 있다면 어떤 게 있는지 같이 말씀해 주시기 바랍니다","wordCount":23},"emotion":[],"intent":[]},"answer":{"raw":{"text":"네 시간 관리의 경우에는 결국엔 답은 아 우선순위의 설정인 것 같습니다. 저는 저 우선순위 설정을 굉장히 어 원활하게 어 꽤 원활하게 잘 하는 편이이구요. 이것을 어 인제 고등학교를 졸업하고 대학 시절부터 저희 타임 스케줄을 굉장히 타이트하게 잘 해 왔고 그런 훈련을 계속해 왔고 아무리 시간이 촉박한 상황이 생기더라도 그 일에 어떤 그 일이 우선순위를 먼저 생각을 하게 됩니다. 컴플릭 이트가 있을 때는 있을 때 어떤 일이 더 중요한지 그리고 업무적으로는 이 어떤 일이 어 정말 업무의 연속성이 저한테는 굉장히 중요하기 때문에 사고가 났을 경우에 또는 아 시간이 제가 촉박할 경우에 이것을 업무 연속성에 위배가 되다나 위배가 되거나 사람들이 업무하는 데 뭔가 방해가 되는 것이 가장 큰 우선순위가 되겠죠. 그것을 가장 우선순위를 두고 먼저 어 스케줄링하고 먼저 해결해야 하는 것이 맞다고 생각하고요. 모든 일들에 있는 우선순위가 다 있습니다. 물론 가장 중요한 것 아 저의 건강과 저의 가족이 이겠죠.","wordCount":137},"emotion":[],"intent":[{"text":"","expression":"","category":"attitude"}],"summary":{"text":"시간 관리의 경우에는 우선순위의 설정인 것 같습니다. 저는 우선순위 설정을 굉장히 원활하게 잘 하는 편인데 시간이 촉박할 경우 우선순위를 먼저 생각하게 됩니다. 컴플릭 이사가 있을 때는 있을 때 어떤 일이 더 중요한지 업무의 연속성이 굉장히 중요하기 때문에 업무 연속성에 위배가 되거나 업무하는데 방해가 되는 것이 우선순위가 되겠습니다.","wordCount":47}}},"rawDataInfo":{"question":{"fileFormat":"wav","fileSize":499278,"duration":15600,"samplingBit":16,"channelCount":1,"samplingRate":"16kHz","audioPath":"/Mock/05.ICT/Male/Experienced/ckmk_q_ict_m_e_182614.wav"},"answer":{"fileFormat":"wav","fileSize":2445838,"duration":76430,"samplingBit":16,"channelCount":1,"samplingRate":"16kHz","audioPath":"/Mock/05.ICT/Male/Experienced/ckmk_a_ict_m_e_182614.wav"}}}