{"version":"1.0","dataSet":{"info":{"date":"20230116","occupation":"ICT","channel":"MOCK","place":"ONLINE","gender":"MALE","ageRange":"35-44","experience":"EXPERIENCED"},"question":{"raw":{"text":"지원자님께서 현재 스터디를 따로 하고 계신 것이 있나요 있다면 어떤 공부를 왜 하고 있는지 말씀 부탁드립니다","wordCount":16},"emotion":[],"intent":[]},"answer":{"raw":{"text":"저는 서른 살 이후부터 하루에 세 시간에서 다섯 시간 동안 영어를 꾸준히 공부하고 있습니다. 서른 살에는 영어를 할 줄 몰라 영어 회화책을 몇 달 동안 외웠으며 그 후에 외운 내용을 토대로 영어 스터디 카페 또는 영어 회화 학원에서 자유자재로 영어를 외치 말하곤 했습니다. 하지만 영어를 몇 달 한다고 영어는 엄청나게 유창하게 늘질 않습니다. 그래서 저는 영어 통번역 어학원도 육 개월 이상 다니면서 현재는 영어를 오랫동안 사용하여 네이티브 스피커와 심도 있는 대화 비즈니스 컨퍼런스 또는 트레이닝 모든 것들이 가능할 정도의 플루언틀리 수준으로 올라왔습니다. 영어가 필요한 이유 중의 하나는 영어는 글로벌 언어입니다. 미국 영국 호주 같은 영어권 나라의 언어가 아니라 글로벌적으로 누군가와 비즈니스 커뮤니케이션 소통을 하기 위해서는 영어는 반드시 필요한 겁니다. 요즘 모든 언어 중에 가장 많이 사용하는 언어가 바로 영어라는 세계적인 통계가 있습니다. 언어를 통해서 새로운 세상을 익힐 수 있고 다른 나라 엔지니어 다른 나라 영업 사원 다른 나라 마케팅 사원들과 의사 교류 문화 교류를 할 수 있어서 지속적으로 영어 공부를 하고 있습니다.","wordCount":152},"emotion":[{"text":"저는 서른 살 이후부터 하루에 세 시간에서 다섯 시간 동안 영어를 꾸준히 공부하고 있습니다.","expression":"u-fact","category":"neutral"},{"text":"서른 살에는 영어를 할 줄 몰라 영어 회화책을 몇 달 동안 외웠으며 그 후에 외운 내용을 토대로 영어 스터디 카페 또는 영어 회화 학원에서 자유자재로 영어를   외치 말하곤 했습니다.","expression":"u-fact","category":"neutral"},{"text":"요즘 모든 언어 중에 가장 많이 사용하는 언어가 바로 영어라는   세계적인 통계가 있습니다.","expression":"u-fact","category":"neutral"}],"intent":[{"text":"","expression":"","category":"attitude"}],"summary":{"text":"저는 서른 살 이후부터 영어를 꾸준히 공부하고 있습니다. 영어를 몇 달 한다고 유창하게 늘진 않습니다. 그래서 저는 영어 통번역 어학원도 육 개월 이상 다니면서 현재는 모든 것들이 가능할 정도의 플루언틀리 수준으로 올라왔습니다. 글로벌적으로 누군가와 비즈니스 커뮤니케이션 소통을 하기 위해서는 영어가 반드시 필요합니다.","wordCount":42}}},"rawDataInfo":{"question":{"fileFormat":"wav","fileSize":425678,"duration":13300,"samplingBit":16,"channelCount":1,"samplingRate":"16kHz","audioPath":"/Mock/05.ICT/Male/Experienced/ckmk_q_ict_m_e_172039.wav"},"answer":{"fileFormat":"wav","fileSize":2709838,"duration":84680,"samplingBit":16,"channelCount":1,"samplingRate":"16kHz","audioPath":"/Mock/05.ICT/Male/Experienced/ckmk_a_ict_m_e_172039.wav"}}}