{"version":"1.0","dataSet":{"info":{"date":"20230116","occupation":"ICT","channel":"MOCK","place":"ONLINE","gender":"MALE","ageRange":"45-54","experience":"EXPERIENCED"},"question":{"raw":{"text":"전에 직장을 다니셨는데 수행했던 직무가 우리 회사에 어떤 도움을 줄 수 있다고 생각을 하십니까","wordCount":14},"emotion":[],"intent":[]},"answer":{"raw":{"text":"이전 직장 또는 그 전 직장 모든 제가 경험했던 모든 직장은 제 일에 다 도움을 줄 수가 있습니 있다고 생각을 하고 있습니다. 이십 오 년 동안 같은 직무 영업 마케팅을 해 오면서 어 제가 깨달은 거는 제품이 달라질 수 있습니다. 제품이 달라지고 회사의 사정이 달라지고 모든 게 회사를 바꾸면 모든 게 달라지지만 어 영업 마케팅 일 일맥상통하더라 그거를 느꼈구요. 어 제가 전직장에서도 시장 개척을 하고 영업 사원도 관리를 했던 만큼 이번 직장에서도 그 요 제가 지원한 이 회사에서도 전에 했던 직무와 유사할 것이라 생각을 하고 어 제가 했던 만큼 많은 성과를 낼 수 있을 거라 생각을 해요. 뭐 직무라는 거는 어떤 영업이라는 거는 어 제품에 대한 지식 뭐 이런 유통 이런 것들을 다 파악한 후에 진행을 할 수 있을 것 같구요. 이전 직장에서 수행했던 직무가 이 당사 직무에서 많은 도움을 줄 거라 생각하고 있습니다.","wordCount":134},"emotion":[],"intent":[{"text":"어 제가 전직장에서도 시장 개척을 하고 영업 사원도 관리를 했던 만큼 이번 직장에서도 그 요   제가 지원한 이 회사에서도 전에 했던 직무와 유사할 것이라 생각을 하고   어 제가 했던 만큼 많은 성과를 낼 수 있을 거라 생각을 해요.","expression":"c_sincere_co","category":"etc"}],"summary":{"text":"이전 직장 또는 전 직장의 모든 직장은 제 일에 다 도움을 줄 수 있습니다. 전직장에서의 시장 개척과 영업 사원 관리의 경험이 이번 직장에서의 직무와 유사할 것 같습니다. 이전 직장에서 수행했던 직무가 당사 직무에 많은 도움이 될 것이라 생각합니다.","wordCount":38}}},"rawDataInfo":{"question":{"fileFormat":"wav","fileSize":313326,"duration":9789,"samplingBit":16,"channelCount":1,"samplingRate":"16kHz","audioPath":"/Mock/05.ICT/Male/Experienced/ckmk_q_ict_m_e_86336.wav"},"answer":{"fileFormat":"wav","fileSize":2866318,"duration":89570,"samplingBit":16,"channelCount":1,"samplingRate":"16kHz","audioPath":"/Mock/05.ICT/Male/Experienced/ckmk_a_ict_m_e_86336.wav"}}}