{"version":"1.0","dataSet":{"info":{"date":"20230116","occupation":"ICT","channel":"MOCK","place":"ONLINE","gender":"MALE","ageRange":"35-44","experience":"EXPERIENCED"},"question":{"raw":{"text":"무언가를 달성하기 위해 목표를 세우고 이 삼 년간 열심히 노력해서 목표를 달성한 경험이 있으십니까","wordCount":14},"emotion":[],"intent":[]},"answer":{"raw":{"text":"에 사 년 전부터 제가 어 시대가 시대이니 만큼 어 저도 이제 유튜브 창작자가 되고 싶은 막연한 꿈이 있었는데 그 꿈을 달성하기 위해서 어 유투브 그 크리에이터로서 가져야 할 그런 자세나 그 어떻게 컨셉을 정할지 그리고 어떻게 채널을 운영할지에 대한 공부를 많이 했었습니다. 그래서 결국에는 이거를 한 삼 년 정도 준비를 했구요. 그리고 어 장비도 그 장비도 이제 마련을 해서 실질적으로 유튜브 채널을 오픈했고 올해 올해 가장 큰 그런 저의 첼린 챌린지가 아니었나 싶습니다. 예 유튜브 채널을 일단 오픈을 했기 때문에 이거에 대해서 많이 잘 운영하기 위해서 계속 계속 끊임없이 노력 중에 있구요. 어 제 일단 지금 뭐 구독자가 아주 미비한 상황이지만 전혀 조급하지 않고 꾸준히 하다보면 언젠가 내 제 채널도 많이 번창할 거라고 저는 확신하고 있습니다.","wordCount":117},"emotion":[],"intent":[{"text":"","expression":"","category":"attitude"}],"summary":{"text":"유튜브 창작자가 되고 싶은 막연한 꿈을 달성하기 위해서 유투브 크리에이터로서 가져야 할 자세나 컨셉을 정할지 그리고 어떻게 채널을 운영할지에 대한 공부를 많이 했습니다. 유튜브 채널을 오픈했고 올해 가장 큰 클라린 챌린지가 되지 않았나 싶습니다.","wordCount":34}}},"rawDataInfo":{"question":{"fileFormat":"wav","fileSize":326798,"duration":10210,"samplingBit":16,"channelCount":1,"samplingRate":"16kHz","audioPath":"/Mock/05.ICT/Male/Experienced/ckmk_q_ict_m_e_245732.wav"},"answer":{"fileFormat":"wav","fileSize":2283598,"duration":71360,"samplingBit":16,"channelCount":1,"samplingRate":"16kHz","audioPath":"/Mock/05.ICT/Male/Experienced/ckmk_a_ict_m_e_245732.wav"}}}