{"version":"1.0","dataSet":{"info":{"date":"20230116","occupation":"ICT","channel":"MOCK","place":"ONLINE","gender":"MALE","ageRange":"35-44","experience":"EXPERIENCED"},"question":{"raw":{"text":"지금까지 살아온 자신의 인생을 뒤돌아 봤을 때 가장 후회된다고 생각하는 일이 있으십니까 있다면 어떤 일인지 한 가지 만을 꼽아서 말씀해 주시기 바랍니다","wordCount":22},"emotion":[],"intent":[]},"answer":{"raw":{"text":"예 인생을 살면서 후회할 일들이 굉장히 많고 인간은 뭐 후회 후회 후회를 하며 계속 후회를 하며 평생을 살아가는 것이 인간이라고 생각하는데 제가 기억에 남는 후회는 어 어린 시절에 철없던 저의 모습 그 철없던 시절에 저희 부모님 특히 어머니께 좀 험한 말을 했던 것들이 이제 후회로 많이 남습니다. 예 어머니 그 자식 키운다는 게 굉장히 어려운 일인데도 불구하고 어머니도 아 하나의 어떻게 보면 하나의 소녀였기도 하고 어 이제 아주머니 지금은 이제 노인이 돼버렸지만 아 제가 이 고등학교 시절에 어머니께 어 심한 말로 엄마면은 당연히 그런 거 해야 되는 거 아냐 라고 뭔가 엄마의 그런 역할에 대해서 쉽게 단정해버리고 당연히 그렇게 한 해라 라고 이렇게 얘기했던 것이 어 굉장히 후회가 되는 일이 일입니다.","wordCount":111},"emotion":[],"intent":[{"text":"","expression":"","category":"attitude"}],"summary":{"text":"인간은 후회를 하며 살아갑니다. 하지만 저에게는 철없던 제가 어머니께 험한 말을 했던 것이 후회로 많이 남습니다. 고등학교 시절에 어머니께 엄마의 역할에 대해 단정해버리고 당연히 그렇게 한해라 라고 했던 것이 굉장히 후회되는 일이 일입니다.","wordCount":33}}},"rawDataInfo":{"question":{"fileFormat":"wav","fileSize":637518,"duration":19920,"samplingBit":16,"channelCount":1,"samplingRate":"16kHz","audioPath":"/Mock/05.ICT/Male/Experienced/ckmk_q_ict_m_e_194230.wav"},"answer":{"fileFormat":"wav","fileSize":1924558,"duration":60140,"samplingBit":16,"channelCount":1,"samplingRate":"16kHz","audioPath":"/Mock/05.ICT/Male/Experienced/ckmk_a_ict_m_e_194230.wav"}}}