{"version":"1.0","dataSet":{"info":{"date":"20230116","occupation":"ICT","channel":"MOCK","place":"ONLINE","gender":"MALE","ageRange":"55-","experience":"EXPERIENCED"},"question":{"raw":{"text":"이제까지 속해 있었던 조직이나 단체에서 본인은 주로 어떤 역할을 하는 사람이었나요","wordCount":11},"emotion":[],"intent":[]},"answer":{"raw":{"text":"저는 조직과 단체에서 주로 플래닝 업무를 많이 했었죠. 어 기획 업무를 통해서 조직이 하려고 하는 목적을 달성하기 위한 준비를 잘 갖추는 것을 주 업무로 하였었습니다. 이게 회사든지 아니면 봉사단체 조직이든지 간에 어 일정 부분의 계획적인 어 요소들이 많이 필요하지 않습니까. 그래서 어 주변 분들도 주로 저에게 그런 것들이 잘 어울린다고 말씀도 하시고 실제로 그런 역할을 저에게 부여하시기도 합니다. 그래서 계획을 세우고 또 어떤 경우에는 세운 계획을 실제로 집행하는 어 그런 리더 역할을 하기도 하고요. 리더 역할로서 어 집행을 하기 위해서 적절한 자원의 분배와 적절한 어 자금의 운용도 함께 복합적으로 고민을 하는 업무 어 그런 역할을 수행해 왔습니다.","wordCount":97},"emotion":[],"intent":[{"text":"","expression":"","category":"attitude"}],"summary":{"text":"저는 조직과 단체에서 플래닝 업무를 많이 했습니다. 조직 내에서는 어 일정 부분의 계획적인 요소들이 필요하기 때문에 실제로 그런 역할을 부여하시기도 합니다. 그래서 리더 역할로서 자원 분배와 자금의 운용도 함께 고민해야 하는 역할을 수행해 왔습니다.","wordCount":34}}},"rawDataInfo":{"question":{"fileFormat":"wav","fileSize":241678,"duration":7550,"samplingBit":16,"channelCount":1,"samplingRate":"16kHz","audioPath":"/Mock/05.ICT/Male/Experienced/ckmk_q_ict_m_e_296586.wav"},"answer":{"fileFormat":"wav","fileSize":2276238,"duration":71130,"samplingBit":16,"channelCount":1,"samplingRate":"16kHz","audioPath":"/Mock/05.ICT/Male/Experienced/ckmk_a_ict_m_e_296586.wav"}}}