{"version":"1.0","dataSet":{"info":{"date":"20230116","occupation":"ICT","channel":"MOCK","place":"ONLINE","gender":"MALE","ageRange":"55-","experience":"EXPERIENCED"},"question":{"raw":{"text":"지원자님의 십 년 후 미래에 대해 말씀해 주세요","wordCount":8},"emotion":[],"intent":[]},"answer":{"raw":{"text":"한 사십 년 후를 상상을 해 본다구요. 어 네 이 회사의 정년이 받아준다면 어 다니고 있을 것 같습니다. 어 저는 이 회사를 사랑하고 이 회사가 어떤 회사인지 잘 알고 있습니다. 어 비록 규모와 조직은 작지만 훌륭한 어 직원들 또 훌륭한 경영자들 능력 있는 어 개발자들 또 아주 미래지향적인 신사업을 추구하고 있는 어 회사로 제가 알고 있고 또 꽤 이렇게 어 일임을 담당하고자 지원을 하게 되었는데요. 만약에 채용을 채용이 되고 어 제가 가진 경력과 이 회사가 가지고 있는 역량을 어 잘 연결을 하여서 좋은 사업 어 이루어 나갈 수 있다면 참 좋겠습니다. 어 제가 십 년 후에 이 회사에 씨이오를 할 수 있을 것 같습니다. 이 네 이 이 감사합니다.","wordCount":109},"emotion":[],"intent":[{"text":"","expression":"","category":"attitude"}],"summary":{"text":"저는 이 회사를 직원, 경영자, 개발자들이 미래지향적인 신사업을 추구하고 있는 회사로 알고 있고 지원할 수 있게 되었습니다. 채용이 되고 역량을 연결하여 좋은 사업을 이루어 낼 수 있다면 좋겠습니다.","wordCount":28}}},"rawDataInfo":{"question":{"fileFormat":"wav","fileSize":172878,"duration":5400,"samplingBit":16,"channelCount":1,"samplingRate":"16kHz","audioPath":"/Mock/05.ICT/Male/Experienced/ckmk_q_ict_m_e_287371.wav"},"answer":{"fileFormat":"wav","fileSize":2166478,"duration":67700,"samplingBit":16,"channelCount":1,"samplingRate":"16kHz","audioPath":"/Mock/05.ICT/Male/Experienced/ckmk_a_ict_m_e_287371.wav"}}}