{"version":"1.0","dataSet":{"info":{"date":"20230116","occupation":"ICT","channel":"MOCK","place":"ONLINE","gender":"MALE","ageRange":"35-44","experience":"EXPERIENCED"},"question":{"raw":{"text":"우리 회사가 만약 해외 무대로 진출을 한다면 어느 나라로 진출하는 것이 좋다고 생각하시나요 그렇게 생각하시는 이유도 함께 말씀 부탁드립니다","wordCount":19},"emotion":[],"intent":[]},"answer":{"raw":{"text":"네 저는 해외 해외 무대로 진출 하게 된다면 어 일 선진국으로 진출을 한다기보다는 어 우리보다 좀 뒤쳐진 우리보다는 뒤쳐진 후진국으로 진출을 하는 것이 좀 더 우리 회사의 발전 방향을 잡기가 좋을 것 같다고 생각합니다. 그런 어 인프라가 구축이 되지 않고 어떤 무에서 유를 창조한다는 느낌으로 어려운 나라에서 저희 사업을 우리 회사의 사업을 확장시키고 그거를 급속도로 발전을 시키는 것이 우리 회사에 큰 도움이 될 거고 그리고 커리어에 도 개개인의 그런 개 커리어에도 도움이 많이 될 거고 그리고 큰 아 경제적으로도 굉장히 큰 아 역할을 할 수 있을 것 같고요. 어 성취감 또한 어마어마하게 있을 거 라고 생각합니다.","wordCount":96},"emotion":[],"intent":[{"text":"","expression":"","category":"attitude"}],"summary":{"text":"해외 무대로 진출 하게 된다면 선진국보다는 뒤쳐진 후진국으로 진출을 하는 것이 좀 더 회사의 발전 방향을 잡기가 좋습니다. 어려운 나라에서 사업을 확장시키고 급속도로 발전을 시키는 것이 회사에 큰 도움이 될 것입니다.","wordCount":31}}},"rawDataInfo":{"question":{"fileFormat":"wav","fileSize":535118,"duration":16720,"samplingBit":16,"channelCount":1,"samplingRate":"16kHz","audioPath":"/Mock/05.ICT/Male/Experienced/ckmk_q_ict_m_e_194107.wav"},"answer":{"fileFormat":"wav","fileSize":1807438,"duration":56480,"samplingBit":16,"channelCount":1,"samplingRate":"16kHz","audioPath":"/Mock/05.ICT/Male/Experienced/ckmk_a_ict_m_e_194107.wav"}}}