{"version":"1.0","dataSet":{"info":{"date":"20230116","occupation":"ICT","channel":"MOCK","place":"ONLINE","gender":"MALE","ageRange":"35-44","experience":"EXPERIENCED"},"question":{"raw":{"text":"지원자님의 전공과 관련해서 최근 부족하다고 느끼고 또한 따로 공부를 하고 있는 분야가 있습니까 만약 있다면 말씀해 주세요","wordCount":17},"emotion":[],"intent":[]},"answer":{"raw":{"text":"어 제가 인제 전공과 관련해서 최근 부족하다고 느끼는 부분이 이제 나이가 이제 한 삼십 정도 되다 보니까 아 이제 돈에 대한 좀 관심이 좀 많아지는 거 같습니다. 그래서 결국은 음 경제적인 자유를 이루어야 어 사람이 이제 행복하는 데 있어서의 최종 목표가 될 수도 있고 하기 때문에 요즘에는 그런 돈의 흐름이나 자본주의 아니면 이 기업들이 어느 방향으로 가야 하는지에 대해서 그런 부분들이 요즘에 관심이 많이 있습니다. 그러다 보니까 그런 쪽으로 관련된 돈의 흐름이라든지 어떻게 하면 기업이 발전하고 더 크게 될 수 있을지에 대해서 개인적으로 공부하고 있는데 주로 인제 뭐 유투브나 관련 서적 등을 활용해서 공부하고 있고 어 주말에 뭐 시간 남고 하고 할 때는 그럴 때는 뭐 강의도 가끔씩 들으러 가고 있습니다. 그런 걸 이제 들으면서 또 나름 흥미도 있고 재미도 있고 또 앞으로 어떻게 진행을 해야 할지에 대한 그런 방향도 생기면서 그런 것들이 많이 도움이 되고 앞으로 더 진행형으로 어 준비하고 있습니다. 이상입니다.","wordCount":143},"emotion":[],"intent":[{"text":"","expression":"","category":"attitude"}],"summary":{"text":"경제적인 자유를 이루어야 사람이 행복하는 데 있어서의 최종 목표가 될 수도 있고 해서 요즘에는 돈의 흐름이나 자본주의 또는 이 기업들이 어느 방향으로 가야 하는지에 대해서 관심이 많이 생겼습니다. 그래서 개인적으로 유투브나 관련 서적 등을 활용해서 공부하고 있습니다.","wordCount":37}}},"rawDataInfo":{"question":{"fileFormat":"wav","fileSize":544718,"duration":17020,"samplingBit":16,"channelCount":1,"samplingRate":"16kHz","audioPath":"/Mock/05.ICT/Male/Experienced/ckmk_q_ict_m_e_147568.wav"},"answer":{"fileFormat":"wav","fileSize":2458318,"duration":76820,"samplingBit":16,"channelCount":1,"samplingRate":"16kHz","audioPath":"/Mock/05.ICT/Male/Experienced/ckmk_a_ict_m_e_147568.wav"}}}