{"version":"1.0","dataSet":{"info":{"date":"20230116","occupation":"ICT","channel":"MOCK","place":"ONLINE","gender":"MALE","ageRange":"35-44","experience":"EXPERIENCED"},"question":{"raw":{"text":"요즘 아이시티 산업의 인문학적 소양을 많이 접목시키는데요 아이시티 업무의 인문학적 소양이 얼마나 중요하다고 생각하는지 말씀해 보세요","wordCount":16},"emotion":[],"intent":[]},"answer":{"raw":{"text":"아 아이씨티 업무 관련된 거는 인문학적 소양은 이제 학교 대학을 다닐 때 이쪽 계통 전공을 했기 때문에 인문학적 소양이나 인제 학문적으로나 봤을 때 그런 자격 요건을 충분히 갖추고 있다고 생각합니다. 그래서 이쪽 길로 가는 거를 저는 인제 이게 진심으로 여기고 있기 때문에 아이씨티 업무는 계속해서 배움의 끝이 없습니다. 그 한계도 너무 넓기 때문에 지금까지의 쌓아오면서 배워왔던 경험이나 노하우들을 갖고 이 회사에 오면은 오히려 그걸 더욱더 극대화할 수 있는 기회가 되지 않을까 싶기 싶어서 그전 회사를 과감히 이직해서 지금 회사를 지원하게 되었습니다. 저의 미래성이나 회사의 발전이나 회사의 이익 창출을 위해서도 제가 오게 된다면은 오히려 저의 그 갖고 있는 여러 회사에서 가졌던 그런 경험들을 더 접목시켜서 그런 기대치 효과가 증폭되지 않을까 싶습니다. 그래서 이런 인문학적 소양이나 이런 것들은 배움에는 끝이 없기 때문에 지금도 아이씨티 업무에 대해서 뭐 관련된 자격증이나 이런 것들을 자기계발을 충분히 하고 있습니다. 충분하다고 판단하고 있습니다. 이상입니다.","wordCount":137},"emotion":[],"intent":[{"text":"그 한계도 너무 넓기 때문에   지금까지의 쌓아오면서 배워왔던 경험이나 노하우들을 갖고 이 회사에 오면은 오히려 그걸 더욱더 극대화할 수 있는 기회가 되지 않을까 싶기 싶어서 그전 회사를 과감히   이직해서 지금 회사를 지원하게 되었습니다.","expression":"c_sincere_job","category":"etc"}],"summary":{"text":"저는 인문학적 소양이나 배움에는 끝이 없기 때문에 지금도 아이씨티 업무에 대해서 관련된 자격증이나 이런 것들을 자기계발을 충분히 하고 있다고 판단하고 있습니다. 이상입니다.","wordCount":22}}},"rawDataInfo":{"question":{"fileFormat":"wav","fileSize":442318,"duration":13820,"samplingBit":16,"channelCount":1,"samplingRate":"16kHz","audioPath":"/Mock/05.ICT/Male/Experienced/ckmk_q_ict_m_e_140096.wav"},"answer":{"fileFormat":"wav","fileSize":2764238,"duration":86380,"samplingBit":16,"channelCount":1,"samplingRate":"16kHz","audioPath":"/Mock/05.ICT/Male/Experienced/ckmk_a_ict_m_e_140096.wav"}}}