{"version":"1.0","dataSet":{"info":{"date":"20230116","occupation":"ICT","channel":"MOCK","place":"ONLINE","gender":"MALE","ageRange":"35-44","experience":"EXPERIENCED"},"question":{"raw":{"text":"당신이 다룰 수 있는 프로그램은 많이 있습니까 당신이 다룰 수 있는 프로그램이 무엇이고 그것을 어떠한 수준으로 사용할 것이며 직무에 어떻게 적용할 것인지 상세하게 말씀해 주십시오","wordCount":25},"emotion":[],"intent":[]},"answer":{"raw":{"text":"저는 디자인 쪽에 프로그램 포토샵 일러스트레이터 스크래치를 많이 다룰 수 있습니다. 쓰리디 프린터 및 온라인 마케팅을 할 때 가장 필요한 것들이고 이것들로 디자인을 편집해서 홈페이지 또는 블로그 또는 웹 페이지를 만들 때 가장 필요한 것들입니다. 수준은 배경이나 이미지 같은 거를 완전히 바꿀 수도 있고 인물을 아주 멋지게 만들거나 없던 건물을 세울 수도 있고 실제적으로 있는 건물도 없앨 수 있는 수준입니다. 그리고 또 하나의 프로그램은 파이썬이라고 하는 프로그래밍입니다. 그 프로그램을 통해서 빅 데이터를 만들 수 있고 구글이나 이런 포털 사이트에서 스크롤링을 통해서 좋은 정보를 얻을 수 있습니다. 그것은 제가 서른 살 때부터 꾸준하게 학원이나 온라인 강의를 통해서 배웠으며 수준은 중 상급 정도로 되고 있습니다.","wordCount":103},"emotion":[],"intent":[{"text":"그리고 또 하나의 프로그램은   파이썬이라고 하는 프로그래밍입니다.","expression":"i_prg","category":"technology"}],"summary":{"text":"포토샵,일러스트레이터,스크래치를 디자인 쪽에 많이 사용합니다. 이 프로그램들은 온라인 마케팅을 할 때, 홈페이지를 만들 때, 블로그나 웹 페이지를 만들 때 필요한 것들입니다. 파이썬이라는 프로그램은 빅 데이터를 만들 수 있고, 스크롤링을 통해 정보를 얻습니다.","wordCount":32}}},"rawDataInfo":{"question":{"fileFormat":"wav","fileSize":649678,"duration":20300,"samplingBit":16,"channelCount":1,"samplingRate":"16kHz","audioPath":"/Mock/05.ICT/Male/Experienced/ckmk_q_ict_m_e_165216.wav"},"answer":{"fileFormat":"wav","fileSize":1898958,"duration":59340,"samplingBit":16,"channelCount":1,"samplingRate":"16kHz","audioPath":"/Mock/05.ICT/Male/Experienced/ckmk_a_ict_m_e_165216.wav"}}}