{"version":"1.0","dataSet":{"info":{"date":"20230116","occupation":"ICT","channel":"MOCK","place":"ONLINE","gender":"MALE","ageRange":"45-54","experience":"EXPERIENCED"},"question":{"raw":{"text":"본인이 지원하신 팀에서 어떤 일을 하시는지 알고 계신지 말씀 부탁드립니다","wordCount":10},"emotion":[],"intent":[]},"answer":{"raw":{"text":"네 잘 알고 있습니다. 어 저는 뭐 경력직으로 지원한 것 만큼 제가 그 속할 팀은 마케팅 부서라고 생각을 하고 있고요. 마케팅 부서가 어떤 일을 하는지 뭐 회사에서 어떤 역할을 하는지에 대해서는 잘 알고 있습니다. 어 저는 전에 직장에서도 어 마케팅 업무를 주로 해왔으며 마케팅 그 지역 팀장을 지내왔고 어 또 해외에서는 한 나라 지역을 맡아 가지고 총괄 어 총괄 총괄도 해 본 적이 있습니다. 뭐 마케팅에 대한 전반적인 어 제품 준비서부터 뭐 제품이 만들어지는 과정 그리고 그 제품이 나왔을 때 이 시장에서의 반응 그리고 이 제품을 해외에 아니면 고객에 어떻게 어필을 해야 되는지에 대한 전반적인 마케팅 루트를 알고 있습니다. 어 개인적으로 제스 제가 제일 잘 할 수 있는 분야고 제 스스로도 제일 자신 있어 하는 분야입니다.","wordCount":116},"emotion":[],"intent":[{"text":"","expression":"","category":"attitude"}],"summary":{"text":"저는 경력직 지원만큼 속할 팀은 마케팅 부서라 생각합니다. 마케팅 부서가 하는 일, 회사에서 하는 일에 대해 잘 알고 있습니다. 마케팅 루트를 알고 있고 개인적으로 제스 제가 제일 잘 할 수 있는 분야이고 스스로도 제일 자신 있어 하는 분야입니다.","wordCount":38}}},"rawDataInfo":{"question":{"fileFormat":"wav","fileSize":229838,"duration":7180,"samplingBit":16,"channelCount":1,"samplingRate":"16kHz","audioPath":"/Mock/05.ICT/Male/Experienced/ckmk_q_ict_m_e_43202.wav"},"answer":{"fileFormat":"wav","fileSize":2047438,"duration":63980,"samplingBit":16,"channelCount":1,"samplingRate":"16kHz","audioPath":"/Mock/05.ICT/Male/Experienced/ckmk_a_ict_m_e_43202.wav"}}}