{"version":"1.0","dataSet":{"info":{"date":"20230116","occupation":"ICT","channel":"MOCK","place":"ONLINE","gender":"MALE","ageRange":"55-","experience":"EXPERIENCED"},"question":{"raw":{"text":"지원자분께서는 저희 회사에 들어오시게 되면 기존과는 업무 스타일들이 달라질 수도 있습니다 이처럼 기존과는 다른 업무 스타일들에 대해서 본인이 잘 적응하실 수 있으신지 궁금합니다","wordCount":23},"emotion":[],"intent":[]},"answer":{"raw":{"text":"어느 회사나 조직이든지 나름의 문화가 있습니다. 업무의 스타일이 직무가 다르다는 것과는 다른 측면이 있는 것 같습니다. 업무의 스타일이 기존에 해왔던 업무와 다르다면 그 부분들을 먼저 파악을 해야 되겠지요. 다르다고 무조건 배척하고 할 수 없어 라고 생각하는 것은 잘못이라고 생각합니다. 내가 해왔던 업무와 어떤 연관성을 가지고 있는지 다르다면 어떻게 다른지를 확인하고 또한 구성원들과 대화와 협력을 통해서 과연 그 부분이 극복할 수 있는 부분인지 극복할 수 없는 부분인지 다시 한 번 시간을 두고 생각해 볼 필요가 있다 라고 생각이 됩니다. 그래서 단기적으로 생각을 하는 것이 아니라 보다 어 원만하게 조직에 순응하면서 그것들이 합치할 수 있는지 그런 부분들을 함께 고민하고 해결해 나가는 것이 중요하다고 생각합니다.","wordCount":102},"emotion":[],"intent":[{"text":"","expression":"","category":"attitude"}],"summary":{"text":"업무의 스타일이 직무와 다르다는 것과는 다른 측면이 있습니다. 그래서 단기적으로 생각을 하는 것이 아니라 원만하게 조직에 순응하면서 그것들이 합치할 수 있는지 그런 부분들을 함께 고민하고 해결해 나가는 것이 중요하다고 생각합니다.","wordCount":30}}},"rawDataInfo":{"question":{"fileFormat":"wav","fileSize":617358,"duration":19290,"samplingBit":16,"channelCount":1,"samplingRate":"16kHz","audioPath":"/Mock/05.ICT/Male/Experienced/ckmk_q_ict_m_e_295818.wav"},"answer":{"fileFormat":"wav","fileSize":2305038,"duration":72030,"samplingBit":16,"channelCount":1,"samplingRate":"16kHz","audioPath":"/Mock/05.ICT/Male/Experienced/ckmk_a_ict_m_e_295818.wav"}}}