{"version":"1.0","dataSet":{"info":{"date":"20230116","occupation":"ICT","channel":"MOCK","place":"ONLINE","gender":"MALE","ageRange":"-34","experience":"EXPERIENCED"},"question":{"raw":{"text":"지원자님께서 현재 공부하고 있는 분야는 어떤 분야인가요 왜 그걸 공부하는지 지금까지 무엇을 배웠는지도 구체적으로 말씀해 주세요","wordCount":16},"emotion":[],"intent":[]},"answer":{"raw":{"text":"지금 공부하고 있는 분야는 엠엘 디엘 분야입니다. 엠엘 디엘 분야는 다른 비트코인과 같은 블록 체인 기술이나 메타버스와 같은 기술과 매우 다릅니다. 세 가지 기술은 모두 사람들의 관심을 끌었고 많은 이슈를 불러왔습니다. 그렇지만 엠엘 디엘은 꾸준히 성장하였고 모든 창업을 관통하며 앞으로 미래에 필수적인 기술이 될 것입니다. 그래서 지금까지 스탠포드의 씨에스 이 삼 일 엔 강의들을 통해 컴퓨터 비전과 관련된 전문 지식을 쌓았고 또한 페이퍼스 위드 코드에 소타 논문들을 읽으며 현재 가장 성능이 좋은 최신의 모델을 공부하였습니다. 감사합니다.","wordCount":76},"emotion":[],"intent":[{"text":"지금 공부하고 있는 분야는 엠엘 디엘 분야입니다.","expression":"c_private","category":"background"}],"summary":{"text":"블록 체인 기술이나 메타버스와 같은 기술과 다른 엠엘 디엘 분야는 꾸준히 성장하였고 앞으로 미래에 필수적인 기술이 될 것입니다. 지금까지 스탠포드의 씨에스 이 삼 일 엔 강의들을 통해 컴퓨터 비전을 공부했습니다.","wordCount":30}}},"rawDataInfo":{"question":{"fileFormat":"wav","fileSize":414798,"duration":12960,"samplingBit":16,"channelCount":1,"samplingRate":"16kHz","audioPath":"/Mock/05.ICT/Male/Experienced/ckmk_q_ict_m_e_252291.wav"},"answer":{"fileFormat":"wav","fileSize":3012558,"duration":94140,"samplingBit":16,"channelCount":1,"samplingRate":"16kHz","audioPath":"/Mock/05.ICT/Male/Experienced/ckmk_a_ict_m_e_252291.wav"}}}