{"version":"1.0","dataSet":{"info":{"date":"20230116","occupation":"ICT","channel":"MOCK","place":"ONLINE","gender":"MALE","ageRange":"45-54","experience":"EXPERIENCED"},"question":{"raw":{"text":"지원자님께서 그동안 인생을 살아오면서 많은 갈등 상황이 발생했었을 텐데요 그중에서 가장 심각했던 갈등은 무엇이었습니까 한 가지만 골라서 설명해 주시기 바랍니다","wordCount":20},"emotion":[],"intent":[]},"answer":{"raw":{"text":"저는 제 자신과의 싸움에서의 그런 갈등이 저에게는 가장 심각한 갈등이었었습니다. 내 자신을 이기지 못해서 내 자신에게 패배를 당해서 그렇게 굴복하게 되는 그런 자신과의 패배 하지만 자신과의 싸움에서 이기게 되면은 내가 나를 통제했다는 그런 효능감이 생겨서 그런 자존심이 올라가고 자신감이 올라갈 수가 있는데 계속 나와의 갈등 안에서 내가 패배를 하게 되면은 그런 자존감이 쌓지가 쌓 쌓기가 힘들 힘든 것 같더라구요. 그래서 저는 바깥에서의 어떤 그런 사람들과의 갈등 중에서도 그런 어떤 갈등의 탓의 원인을 그런 사람들에게 돌리지는 않아요. 이 원망의 감정을 다른 사람에게 돌리지 않습니다. 모든 문제의 원인은 내 안에 있다. 그렇게 저는 제 안에 자신과 싸움을 통해서 갈등을 이겨내려고 많이 노력을 하고 있습니다.","wordCount":102},"emotion":[],"intent":[{"text":"","expression":"","category":"attitude"}],"summary":{"text":"갈등의 원인을 다른 사람에게 돌리지 않고, 모든 문제의 원인은 내 안에 있다고 생각하여 제 자신과 싸움을 통해서 갈등을 이겨내려고 많이 노력하고 있습니다.","wordCount":22}}},"rawDataInfo":{"question":{"fileFormat":"wav","fileSize":602318,"duration":18820,"samplingBit":16,"channelCount":1,"samplingRate":"16kHz","audioPath":"/Mock/05.ICT/Male/Experienced/ckmk_q_ict_m_e_206434.wav"},"answer":{"fileFormat":"wav","fileSize":2562638,"duration":80080,"samplingBit":16,"channelCount":1,"samplingRate":"16kHz","audioPath":"/Mock/05.ICT/Male/Experienced/ckmk_a_ict_m_e_206434.wav"}}}