{"version":"1.0","dataSet":{"info":{"date":"20230116","occupation":"ICT","channel":"MOCK","place":"ONLINE","gender":"MALE","ageRange":"-34","experience":"EXPERIENCED"},"question":{"raw":{"text":"만약 본인이 직접 해외 출장 장소를 고를 수 있다면 꼭 한 번 가서 일해보고 싶은 나라가 있으신지 자유롭게 답변해 주세요","wordCount":20},"emotion":[],"intent":[]},"answer":{"raw":{"text":"꼭 한 번 나가서 해외에서 일을 할 수 있는 기회가 있다면 저는 서구권 나라로 가고 싶습니다. 특히나 문화의 현대 문화의 중심인 미국에 뉴욕이나 엘에이 샌프란시스코 등과 같은 최고의 입지를 가진 지역이나 또는 전통적인 서구 문화의 근간이 된 서유럽 프랑스나 이탈리아 영국 등과 같은 나라에서 일을 하며 그들의 문화와 음식 등 다양한 것들을 체험하며 견문을 넓히고 싶습니다. 특히나 비대면 언텍트 근무가 가능함에 따라 언제든 가능할 것으로 생각하고 희망하고 있습니다. 이상입니다.","wordCount":69},"emotion":[],"intent":[{"text":"","expression":"","category":"attitude"}],"summary":{"text":"해외에서 일 할 기회가 있다면 서구권 나라로 가고 싶습니다. 특히 미국에 최고의 입지를 가진 지역이나, 전통적 서구 문화의 근간이 된 나라에서의 일 하며 견문을 넓히고 싶다고 했습니다.","wordCount":27}}},"rawDataInfo":{"question":{"fileFormat":"wav","fileSize":576078,"duration":18000,"samplingBit":16,"channelCount":1,"samplingRate":"16kHz","audioPath":"/Mock/05.ICT/Male/Experienced/ckmk_q_ict_m_e_253236.wav"},"answer":{"fileFormat":"wav","fileSize":2971598,"duration":92860,"samplingBit":16,"channelCount":1,"samplingRate":"16kHz","audioPath":"/Mock/05.ICT/Male/Experienced/ckmk_a_ict_m_e_253236.wav"}}}