{"version":"1.0","dataSet":{"info":{"date":"20230116","occupation":"ICT","channel":"MOCK","place":"ONLINE","gender":"MALE","ageRange":"-34","experience":"EXPERIENCED"},"question":{"raw":{"text":"만약 면접자님께서 상사가 회사의 이익에 반하는 행동을 하는 것을 직접 목격하게 되었다면 어떻게 행동하실 건가요","wordCount":15},"emotion":[],"intent":[]},"answer":{"raw":{"text":"네 일단 어 뭐 저 당황스러운 순간일 것으로 생각 드는데요. 우선 음 상사 분에게 먼저 대화를 요청할 것 같습니다. 어 제가 보는 상황과 제가 보는 시각이 아닌 상사 분의 입장과 시각이 분명히 존재할 것이므로 어 상사 분과 얘기를 하고 어 그 분의 상황에 대해 충분히 듣고 그 후에 어 먼저 상사 분에게 어 잘못되었으면 이 부분 잘못된 것이 아닌지를 먼저 얘기하고 문제해결을 위한 방향을 노출하겠습니다.","wordCount":65},"emotion":[],"intent":[{"text":"","expression":"","category":"attitude"}],"summary":{"text":"문제해결을 위한 방향을 노출하겠습니다. 우선 상사 분에게 먼저 대화를 요청할 것 같습니다. 상사 분의 입장과 시각이 분명히 존재할 것이므로 상황을 충분히 듣고 문제를 해결할 것입니다.","wordCount":25}}},"rawDataInfo":{"question":{"fileFormat":"wav","fileSize":321998,"duration":10060,"samplingBit":16,"channelCount":1,"samplingRate":"16kHz","audioPath":"/Mock/05.ICT/Male/Experienced/ckmk_q_ict_m_e_242828.wav"},"answer":{"fileFormat":"wav","fileSize":1416078,"duration":44250,"samplingBit":16,"channelCount":1,"samplingRate":"16kHz","audioPath":"/Mock/05.ICT/Male/Experienced/ckmk_a_ict_m_e_242828.wav"}}}