{"version":"1.0","dataSet":{"info":{"date":"20230116","occupation":"ICT","channel":"MOCK","place":"ONLINE","gender":"MALE","ageRange":"35-44","experience":"EXPERIENCED"},"question":{"raw":{"text":"지원자님 살면서 내가 정말 이 일은 후회했다 이 일은 정말 되돌리고 싶다 시간을 거슬러 가면 다시는 하지 않을 것이다 후회했던 일이 있으실까요 답변 좀 부탁드릴게요","wordCount":25},"emotion":[],"intent":[]},"answer":{"raw":{"text":"제 인생에서 가장 후회했던 일은 바로 중학교 삼 학년 때 고등학교 배정을 위한 원서를 썼을 때입니다. 저는 중학교 삼 학년 때 성적이 우수하여 주변에 있는 특목고를 갈 실력이 충분히 되었지만 특목고에 가서 삼 년 동안 하루에 열 다섯 시간씩 공부하고 뛰어난 수재들과 같이 경쟁을 할 자신이 없어 약간 공부를 못하지만 남녀공학인 고등학교로 지원을 하려고 했습니다. 그때 부모님과 선생님이 엄청나게 반대해 부딪쳤습니다. 왜 그 공부 못하는 학교를 가서 굳이 너의 성적을 더 낮출려고 하느냐 그때 저는 사실 마음속으로 여자친구도 만나고 싶었고 특목고에 가면 하루 종일 학교에 갇혀서 공부할 자신이 없었지만 부모님께는 제가 조금 더 공부 못하는 학교를 가서 좋은 내신 성적과 뱀의 머리가 되어 대학교 때 더 좋은 성적을 받겠습니다 라고 했습니다. 하지만 막상 고등학교 삼 학년 수학능력시험을 마쳤을 때 제 점수는 처참했습니다. 좋은 대학교를 갈 실력도 안 됐을 뿐더러 제가 중 고등학교 통 틀어 이렇게 공부를 못 했던 사람인가 라고 좌절을 느낄 정도였습니다. 그것이 아마 제 인생을 살면서 부모님과 가장 큰 갈등이었고 지금까지도 제 인생에서 후회를 하는 부분이 아닌가 싶습니다.","wordCount":160},"emotion":[{"text":"저는 중학교 삼 학년 때 성적이 우수하여 주변에 있는 특목고를 갈 실력이 충분히 되었지만   특목고에 가서 삼 년 동안 하루에 열 다섯 시간씩 공부하고 뛰어난 수재들과 같이 경쟁을 할 자신이 없어 약간 공부를 못하지만 남녀공학인   고등학교로 지원을 하려고 했습니다.","expression":"u-fact","category":"neutral"},{"text":"좋은 대학교를 갈 실력도 안 됐을 뿐더러   제가 중 고등학교 통 틀어 이렇게 공부를 못 했던 사람인가 라고 좌절을 느낄 정도였습니다.","expression":"n-sadness","category":"positive"}],"intent":[{"text":"","expression":"","category":"attitude"}],"summary":{"text":"중학교 삼학년 때 고등학교 배정 원서를 쓸 때 가장 후회했던 것은 바로 고등학교 배정을 위한 원서를 썼을 때입니다. 특목고에 가서 삼 년 동안 하루에 열 다섯 시간씩 공부하고 뛰어난 수재들과 같이 경쟁을 할 자신이 없어 남녀공학인 고등학교로 지원을 하려고 했습니다. 부모님과 선생님이 엄청 반대해 부딪쳤습니다. 그것이 제가 부모님과 가장 큰 갈등이었고 지금까지도 후회를 하는 부분입니다.","wordCount":55}}},"rawDataInfo":{"question":{"fileFormat":"wav","fileSize":511438,"duration":15980,"samplingBit":16,"channelCount":1,"samplingRate":"16kHz","audioPath":"/Mock/05.ICT/Male/Experienced/ckmk_q_ict_m_e_177521.wav"},"answer":{"fileFormat":"wav","fileSize":2673998,"duration":83560,"samplingBit":16,"channelCount":1,"samplingRate":"16kHz","audioPath":"/Mock/05.ICT/Male/Experienced/ckmk_a_ict_m_e_177521.wav"}}}