{"version":"1.0","dataSet":{"info":{"date":"20230116","occupation":"ICT","channel":"MOCK","place":"ONLINE","gender":"MALE","ageRange":"35-44","experience":"EXPERIENCED"},"question":{"raw":{"text":"커뮤니케이션을 잘 할 수 있는 지원자님만의 스킬이 있다면 소개해 주시기 바랍니다 직접 한번 보여주셔도 좋습니다","wordCount":15},"emotion":[],"intent":[]},"answer":{"raw":{"text":"어 이 저만의 커뮤니케이션 스킬이라고 하면은 일단 경청입니다. 저는 다른 사람들의 말을 많이 들 잘 들어주는 편이구요. 이렇게 들어주면서 또 아무런 리액션을 해주지 않으면 아 그 상대방 말하는 상대방이 어 좀 오해를 할 수도 있기 때문에 적당한 리액션을 섞어주면서 주 화자가 상대방이 될 수 있도록 최대한 경청을 해주면 그 친구도 이제 말을 하면서 어 그 친구의 복잡했던 머릿속도 정리가 되고 저에 대한 그런 우호적인 마음을 열고 열 열 수 있기 때문에 저는 이 기술을 많이 사용하고 있고요. 어 특히 어 제 더 제일 중요한 거는 어 낯선 사람이나 지 별로 친하지 않은 사람에게 이런 방법을 쓰기보다 오히려 저의 제 최측근들에게 최측근들의 말을 잘 들어주는 게 경청해주는 게 더 중요한 것 같습니다. 세상을 살다 보니 그런 거를 깨닫게 되더라구요.","wordCount":118},"emotion":[],"intent":[{"text":"어 이 저만의 커뮤니케이션 스킬이라고 하면은 일단 경청입니다.","expression":"c_person","category":"background"}],"summary":{"text":"저만의 소통 스킬이라고 하면은 경청입니다. 다른 사람들의 말을 잘 들어주면서 아무런 리액션을 해주지 않으면 오해를 할 수도 있기 때문에 저는 이 기술을 많이 사용하고 있습니다. 특히 제 측근들의 말을 잘 듣는 게 경청해주는 게 더 중요한 것 같습니다.","wordCount":38}}},"rawDataInfo":{"question":{"fileFormat":"wav","fileSize":337038,"duration":10530,"samplingBit":16,"channelCount":1,"samplingRate":"16kHz","audioPath":"/Mock/05.ICT/Male/Experienced/ckmk_q_ict_m_e_241969.wav"},"answer":{"fileFormat":"wav","fileSize":2203598,"duration":68860,"samplingBit":16,"channelCount":1,"samplingRate":"16kHz","audioPath":"/Mock/05.ICT/Male/Experienced/ckmk_a_ict_m_e_241969.wav"}}}