{"version":"1.0","dataSet":{"info":{"date":"20230116","occupation":"ICT","channel":"MOCK","place":"ONLINE","gender":"MALE","ageRange":"45-54","experience":"EXPERIENCED"},"question":{"raw":{"text":"입사하면 어떤 사람이 되고 싶어요","wordCount":5},"emotion":[],"intent":[]},"answer":{"raw":{"text":"제가 만약 입사를 한다면 일단 업무적으로 뛰어나고 어 업무를 잘 수행하는 사람이 되어야겠지만 또 하나는 어 동료 선배 후배들과 잘 어울릴 수 있는 그런 사람이 되고 싶습니다. 뭐 업무적으로 업무 능력이야 뭐 당연한 거겠지만 회사 생활을 하면서 이렇게 맺게 되는 대인관계가 저는 매우 중요하다고 생각합니다. 이 대인관계로 인해서 어 내 업무 능력이 더 뛰어 더 확장될 수도 있고 반대로 어 더 어려워지거나 어 편협해질 수도 있다 라고 생각을 합니다. 이 대인관계는 사람이 단순히 뭐 직장에서 비즈니스로 만난 그 관계를 떠나 가지고 인간적으로 서로 존중하고 존중받으면서 어 서로 위로가 되는 그런 존재로서 대인 관계를 맺고 싶습니다. 어 비록 비즈니스라는 목적으로 모였지만 뭐 하루에 대부분을 회사에서 보내는 만큼 곁에 있는 사람 내가 저 사람한테 어 저 사람 곁에서 되어 줄 수 있는 사람이 어떤 힘인가에 따라서 회사 생활이 더 즐겁거나 괴로워질 수 있다 라고 생각하기 때문입니다.","wordCount":134},"emotion":[],"intent":[{"text":"","expression":"","category":"attitude"}],"summary":{"text":"비즈니스라는 목적으로 모였지만 회사 생활을 하면서 대인관계가 매우 중요하다고 생각합니다. 대인관계는 직장에서 비즈니스로 만난 그 관계를 떠나 인간적인 존재로서 대인 관계를 맺고 싶습니다. 저 사람한테 저 사람 곁에서 되어 줄 수 있는 사람이 어떤 힘인가에 따라서 회사 생활이 더 즐겁거나 괴로워질 수 있다 라고 생각하기 때문입니다.","wordCount":46}}},"rawDataInfo":{"question":{"fileFormat":"wav","fileSize":167758,"duration":5240,"samplingBit":16,"channelCount":1,"samplingRate":"16kHz","audioPath":"/Mock/05.ICT/Male/Experienced/ckmk_q_ict_m_e_43944.wav"},"answer":{"fileFormat":"wav","fileSize":2739278,"duration":85600,"samplingBit":16,"channelCount":1,"samplingRate":"16kHz","audioPath":"/Mock/05.ICT/Male/Experienced/ckmk_a_ict_m_e_43944.wav"}}}