{"version":"1.0","dataSet":{"info":{"date":"20230116","occupation":"ICT","channel":"MOCK","place":"ONLINE","gender":"MALE","ageRange":"55-","experience":"EXPERIENCED"},"question":{"raw":{"text":"나만의 스트레스 해소법이 있나요 있다면 왜 그런 방법으로 스트레스를 해소하시는지 함께 말씀해 주시기 바랍니다","wordCount":14},"emotion":[],"intent":[]},"answer":{"raw":{"text":"저는 개인적으로 세 가지 정도의 스트레스 해소법이 있습니다. 첫 번째로는 어 일을 하다가 스트레스를 받아서 어 복잡해졌을 때 아주 어 시원하고 상쾌한 공기를 마시면서 어 저만의 묵상 시간을 가지는 것을 좋아합니다. 그럼으로써 어 텐션이 끌어올려져 있었던 어 저의 감정들을 다시 바로잡을 수 있고 새로운 어 리셋되는 어 그런 경험들을 많이 느끼고 있고요. 두 번째로는 어 어 그 제가 자전거를 좋아합니다. 그래서 자전거를 타고 어 그 산책로나 아 한강변 같은 데를 라이딩 하면서 달리면 저 안에 가지고 있었던 어 그런 여러 가지 것들을 굉장히 시원하게 날려버릴 수 있구요. 세 번째로는 어 기도하는 시간을 갖습니다. 어 산책의 묵상과 또 다르게 깊이 있는 묵상을 통해서 그 스트레스를 게 어떻게 생겼는지 왜 생겼는지 어떻게 해소할 수 있는지 그런 어 어 시간들을 통해서 내 마음을 정화할 수 있는 어 그런 기회로 삼고 있습니다.","wordCount":128},"emotion":[],"intent":[{"text":"","expression":"","category":"attitude"}],"summary":{"text":"저는 일을 하다가 스트레스 받았을 때 상쾌한 공기와 함께 묵상 시간을 갖는 것을 좋아합니다. 또 자전거를 타고 달리면서 스트레스를 날려버릴 수 있고, 기도하는 시간을 갖습니다. 깊이 있는 묵상을 통해 내 마음을 정화할 수 있는 기회로 삼고 있습니다.","wordCount":37}}},"rawDataInfo":{"question":{"fileFormat":"wav","fileSize":614478,"duration":19200,"samplingBit":16,"channelCount":1,"samplingRate":"16kHz","audioPath":"/Mock/05.ICT/Male/Experienced/ckmk_q_ict_m_e_287365.wav"},"answer":{"fileFormat":"wav","fileSize":2447438,"duration":76480,"samplingBit":16,"channelCount":1,"samplingRate":"16kHz","audioPath":"/Mock/05.ICT/Male/Experienced/ckmk_a_ict_m_e_287365.wav"}}}