{"version":"1.0","dataSet":{"info":{"date":"20230116","occupation":"ICT","channel":"MOCK","place":"ONLINE","gender":"MALE","ageRange":"-34","experience":"EXPERIENCED"},"question":{"raw":{"text":"지원자님께서는 요즘 따로 공부하고 있는 것이 있을까요 있다면 그걸 왜 공부하는지 궁금하구요 그걸 통해서 무엇을 배웠는지도 함께 말씀해 주시겠습니까","wordCount":19},"emotion":[],"intent":[]},"answer":{"raw":{"text":"저는 요즘 스쿠버 다이빙 관련해서 공부를 하고 있습니다. 제가 옛날부터 어떤 강의 밑바닥을 보고 싶어하는 그런 호기심이 많이 있었던 적이 있었어요. 근데 그 호기심은 사라진 게 아니고 지금도 마음속에 남아 있거든요. 근까 그 어떤 호기심의 시작은 심해 심해의 비밀에서부터 출발했던 것 같아요. 심해라는 것이 지금 우리 지구상 이 지표 이 지각에 제일 큰 산보다 큰 산보다 더 깊은 깊이에 심해가 있다고 하는데 그거는 인간이 가볼 수가 없는 위치라고 해요. 근까 인간이 가장 높은 산은 전 정복을 했는데 가장 깊은 심해는 정복하지 못한 거란 말이에요. 그래서 심해는 정복하지 못하더라도 내가 내려갈 수 있는 제일 밑에 제일 강바닥에 밑에는 무엇이 있는지 한번 보고 오고 싶어요. 그럴려면 일단 스쿠버 다이빙 스쿠버 다이빙을 공부를 해야 되니까 지금은 이제 남는 시간에 틈틈이 그렇게 스쿠버 다이빙을 배우고 있습니다. 스쿠버 다이빙 장비 값이 꽤 많이 나가기 하지만 저는 그래도 괜찮습니다.","wordCount":133},"emotion":[{"text":"제가 옛날부터 어떤 강의 밑바닥을 보고 싶어하는 그런 호기심이 많이 있었던 적이 있었어요.","expression":"p-interest","category":"positive"}],"intent":[{"text":"","expression":"","category":"attitude"}],"summary":{"text":"인간은 가장 높은 산은 정복했지만 가장 깊은 심해는 정복하지 못했습니다. 제일 밑에 제일 강바닥에 밑에는 무엇이 있는지 보고 오고 싶습니다. 그럴려면 일단 스쿠버 다이빙 공부를 해야 되니까 지금은 이제 남는 시간에 틈틈이 그렇게 배우고 있습니다. 장비 값이 꽤 많이 나가기는 하지만 그래도 괜찮습니다.","wordCount":43}}},"rawDataInfo":{"question":{"fileFormat":"wav","fileSize":535118,"duration":16720,"samplingBit":16,"channelCount":1,"samplingRate":"16kHz","audioPath":"/Mock/05.ICT/Male/Experienced/ckmk_q_ict_m_e_200090.wav"},"answer":{"fileFormat":"wav","fileSize":2860238,"duration":89380,"samplingBit":16,"channelCount":1,"samplingRate":"16kHz","audioPath":"/Mock/05.ICT/Male/Experienced/ckmk_a_ict_m_e_200090.wav"}}}