{"version":"1.0","dataSet":{"info":{"date":"20230116","occupation":"ICT","channel":"MOCK","place":"ONLINE","gender":"MALE","ageRange":"35-44","experience":"EXPERIENCED"},"question":{"raw":{"text":"어 입사를 하고 난 후에 이제 난이도에 따라서 일을 분배를 어떻게 하실지 궁금합니다 그러한 어려운 일과 쉬운 일을 어떻게 나눠서 처리하실 건가요","wordCount":22},"emotion":[],"intent":[]},"answer":{"raw":{"text":"네 저는 아 쉬운 일과 어려운 일들이 많이 복합적으로 저에게 할당이 돼 있다면 저는 우선은 어려운 일은 다음에 합니다. 쉬운 일부터 먼저 해결해야 합니다. 그 어려운 일을 해결되지 않은 일을 붙잡고 있으면 어 정말 다른 테스크들이 진행할 수 없는 그렇게 계속 어 그 쌓이고 쌓여서 어 오히려 저에 저 자신에게 뭔가 고립이 되는 느낌이 느낌을 받을 것 같아요. 그래서 쉬운 일부터 먼저 어 하나씩 하나씩 다 처리를 하고 어려운 일을 가장 마지막에 그리고 쉬운 일을 처리를 하면서 어 틈틈이 그 어려운 일을 어떻게 어떻게 해결해야 할 것인지 고민하는 시간도 벌 수 있구요. 어 실제로도 저는 지금도 그 아주 자잘한 테스크들을 먼저 수행을 하면서 어 그 수익 그 자살한 테스크를 수행하면서도 그 함에 있어서 어떤 어려운 일을 해결할 수 있는 아이디어를 얻곤 합니다. 그래서 어 어려운 일은 제 되도록이면은 좀 뒤로 밀어두고 그 쉬운 일부터 먼저 하는 것이 맞다고 생각합니다.","wordCount":139},"emotion":[],"intent":[{"text":"","expression":"","category":"attitude"}],"summary":{"text":"어려운 일은 나중하고 쉬운 일은 먼저 해결해야 합니다. 어려운 일을 해결되지 않은 일을 잡고 있으면 다른 테스크들이 진행할 수 없어 고립되는 느낌을 받을 수 있습니다. 그래서 쉬운 일은 마지막에 하고 어려운 일을 가장 마지막에 처리하며 어려운 일을 어떻게 해결할지 고민하는 시간을 벌도록 해야 합니다.","wordCount":44}}},"rawDataInfo":{"question":{"fileFormat":"wav","fileSize":466638,"duration":14580,"samplingBit":16,"channelCount":1,"samplingRate":"16kHz","audioPath":"/Mock/05.ICT/Male/Experienced/ckmk_q_ict_m_e_218273.wav"},"answer":{"fileFormat":"wav","fileSize":2392398,"duration":74760,"samplingBit":16,"channelCount":1,"samplingRate":"16kHz","audioPath":"/Mock/05.ICT/Male/Experienced/ckmk_a_ict_m_e_218273.wav"}}}