{"version":"1.0","dataSet":{"info":{"date":"20230116","occupation":"ICT","channel":"MOCK","place":"ONLINE","gender":"MALE","ageRange":"45-54","experience":"EXPERIENCED"},"question":{"raw":{"text":"페어 프로그래밍이란 무엇일까요 당신이 알고 있는 페어 프로그래밍의 정의에 대해서 말씀해 주시고 그것이 가진 장점 다섯 가지로 축약해서 상세하게 말씀해 주세요","wordCount":21},"emotion":[],"intent":[]},"answer":{"raw":{"text":"페어 프로그램의 장점은 어 지식을 공유한다 라는 데 있습니다. 어 서로 가지고 있는 지식이 다르기 때문에 서로의 지식을 공유하고 어 새로운 방식을 배워서 어 문제를 해결할 수 있기 때문입니다. 기술적인 스킬 뿐만 아니라 어 페어가 가지고 있는 좋은 습관도 배울 수 있는 기회가 됩니다. 그것을 같이 공유함으로써 그 팀의 새로운 멤버가 합류할 경우 페어 프로그램을 통해 팀의 개발 스타일 환경 등을 공유할 수 있고 업무 파악을 하는데 많은 도움이 되 도움이 됩니다. 또한 페어프레 페어 프로그램을 할 때 각자 자신이 어떤 생각으로 작업을 하는지를 분명히 전달해야 하기 때문에 목표에 집중할 수가 있습니다. 그 공동의 목표는 그 팀 웍을 만들고 그 프로젝트를 완성하는 데 매우 중요한 요소입니다. 어 페어와 함께 개발하고 있기 때문에 그 메신저를 보거나 핸드폰을 보는 등의 불필요한 행동을 불필요한 행동을 안 할 수 있고 그 개인적인 사건을 최소화 개인적인 시간을 최소화할 수 있기 때문에 개발에 더 집중할 수 있다 라고 생각합니다.","wordCount":143},"emotion":[],"intent":[{"text":"","expression":"","category":"attitude"}],"summary":{"text":"페어 프로그램은 지식을 공유한다는 장점이 있습니다. 기술적인 스킬 뿐만 아니라 페어가 가지고 있는 좋은 습관도 배울 수 있는 기회입니다. 그것을 같이 공유함으로써 팀의 개발 스타일 환경 등을 공유할 수 있고 업무 파악을 하는데 많은 도움이 되었습니다. 그 공동의 목표는 팀 웍을 만들고 프로젝트를 완성하는 데 매우 중요합니다.","wordCount":47}}},"rawDataInfo":{"question":{"fileFormat":"wav","fileSize":633358,"duration":19790,"samplingBit":16,"channelCount":1,"samplingRate":"16kHz","audioPath":"/Mock/05.ICT/Male/Experienced/ckmk_q_ict_m_e_44296.wav"},"answer":{"fileFormat":"wav","fileSize":2639438,"duration":82480,"samplingBit":16,"channelCount":1,"samplingRate":"16kHz","audioPath":"/Mock/05.ICT/Male/Experienced/ckmk_a_ict_m_e_44296.wav"}}}