{"version":"1.0","dataSet":{"info":{"date":"20230116","occupation":"ICT","channel":"MOCK","place":"ONLINE","gender":"MALE","ageRange":"55-","experience":"EXPERIENCED"},"question":{"raw":{"text":"혹시 이직을 생각하는 동료를 만나게 된다면 뭐라고 말씀하실 건가요 그렇다면 그렇게 말씀하시는 이유는 무엇인가요","wordCount":14},"emotion":[],"intent":[]},"answer":{"raw":{"text":"저도 이직을 해봤던 사람으로서 이직을 생각하는 동료를 만나게 되면 가장 먼저 해주고 싶은 게 차를 한 잔 사주고 싶고요. 그 다음으로 식사를 한 잔 사주고 싶고 술도 한 잔 사주고 싶습니다. 제 경험치로 이직을 생각을 할 때는 어떤 무엇보다도 팀에 또는 업무 역량의 업무가 자기와 맞지 않다 라고 생각하는 경우가 많았던 것 같습니다. 그런 경우에는 일의 문제의 원인이 대체로는 뭐라할까요. 배려받지 못하고 있는 부분 소외된 것 같은 부분 어 남들과 잘 맞지 않는다는 부분 때로는 나만 우월하다는 생각을 가진 경우도 있기 때문에 만나서 소통하면서 많은 이야기를 들어주고 공감해 주는 것부터 시작이 된다고 봅니다. 때로는 받는 급여 때문에 이직을 고민하는 경우도 있는데요. 그런 경우에도 사실 회사를 옮기게 되면 개인적인 리스크가 더 크기 때문에 그걸 감내할 만한 그 이상의 무언가가 자기에게 얻어지는 게 있는지를 잘 상담과 미팅을 통해서 설명을 해주고 대화를 할 것 같습니다.","wordCount":132},"emotion":[],"intent":[{"text":"","expression":"","category":"attitude"}],"summary":{"text":"이직을 생각하는 동료를 만날 때 가장 먼저 해주고 싶은 게 차를 한 잔 사주고 싶고 식사와 술도 사주고 싶습니다. 이직을 생각 할 때는 팀 또는 업무가 자기와 맞지 않다 라고 생각하는 경우가 많았던 것 같습니다. 그럴 때는 소통하면서 많은 이야기를 들어주고 공감해 주는 것부터 시작해야 합니다.","wordCount":46}}},"rawDataInfo":{"question":{"fileFormat":"wav","fileSize":312398,"duration":9760,"samplingBit":16,"channelCount":1,"samplingRate":"16kHz","audioPath":"/Mock/05.ICT/Male/Experienced/ckmk_q_ict_m_e_296587.wav"},"answer":{"fileFormat":"wav","fileSize":2876238,"duration":89880,"samplingBit":16,"channelCount":1,"samplingRate":"16kHz","audioPath":"/Mock/05.ICT/Male/Experienced/ckmk_a_ict_m_e_296587.wav"}}}