{"version":"1.0","dataSet":{"info":{"date":"20230116","occupation":"ICT","channel":"MOCK","place":"ONLINE","gender":"MALE","ageRange":"45-54","experience":"EXPERIENCED"},"question":{"raw":{"text":"지원자님께선 지금까지 여러 대외 활동을 해 보셨을 텐데 대외 활동에서 무엇을 배웠고 또 어떤 자세로 임했는지 말씀 부탁드리겠습니다","wordCount":18},"emotion":[],"intent":[]},"answer":{"raw":{"text":"대외 활동은 내가 익숙하지 않았던 어떤 새로운 어떤 활동들을 좋은 뜻을 가지고 사람들이 이렇게 모여서 활동을 하는 거라고 저는 생각을 해요. 제가 활동했던 것들이 다 그런 식의 대외 활동이었고 그런데 그런 활동을 하면서 가장 중요하다 고 좀 생각되었던 게 뭐냐면 좀 배우려고 하는 자세를 가지려고 하는 그런 태도가 중요한 것 같아요. 대외 활 대외 활동을 하려고 하다 보면은 사람들이 이렇게 되게 쭈뼛쭈뼛하는 경우가 많이 있어요. 뭘 해야 될지 모르니까 무언가를 적극적으로 해야 된다 고 이렇게 시키지 시키기 전까지는 되게 이렇게 다들 이렇게 물러서 있는 태도를 가지고 있는 것 같아요. 그렇지만 그런 상황에서 배우려고 하는 자세를 갖다 보면은 그 바깥에 활동에서 쪼금 더 더 좋은 의미의 활동들을 그렇게 할 수 있는 것 같아요.","wordCount":112},"emotion":[],"intent":[{"text":"","expression":"","category":"attitude"}],"summary":{"text":"대외 활동은 제가 익숙치 않았던 새로운 활동들을 좋은 뜻으로 사람들이 모여 활동하는 것입니다. 활동을 할 때 배우려는 자세를 가지려는 태도가 중요합니다. 배려고 하는 자세는 바깥 활동에서 더 좋은 의미의 활동을 할 수 있습니다.","wordCount":33}}},"rawDataInfo":{"question":{"fileFormat":"wav","fileSize":368078,"duration":11500,"samplingBit":16,"channelCount":1,"samplingRate":"16kHz","audioPath":"/Mock/05.ICT/Male/Experienced/ckmk_q_ict_m_e_206433.wav"},"answer":{"fileFormat":"wav","fileSize":2444878,"duration":76400,"samplingBit":16,"channelCount":1,"samplingRate":"16kHz","audioPath":"/Mock/05.ICT/Male/Experienced/ckmk_a_ict_m_e_206433.wav"}}}