{"version":"1.0","dataSet":{"info":{"date":"20230116","occupation":"ICT","channel":"MOCK","place":"ONLINE","gender":"MALE","ageRange":"35-44","experience":"EXPERIENCED"},"question":{"raw":{"text":"일을 하다 보면 다른 지역에서 업무를 수행하게 될 수도 있습니다 지원자님은 이런 타 지역 근무에 대해서도 문제 없이 가능하다고 보시나요","wordCount":20},"emotion":[],"intent":[]},"answer":{"raw":{"text":"네 결론부터 말씀드리자면 타 타 지역에서 근무하는 것은 전혀 문제가 되지 않습니다. 제가 아직 미혼이지만 저는 이제 결혼을 하더라도 타 지역 근무가 문제가 없다고 봅니다. 아 특히 저는 이제 어 제가 지금 사십 이 년 인생을 모두 다 서울에서만 지내왔거든요. 그래서 그런지 이 서울을 좀 떠나서 좀 이 서울 같은 이런 복잡한 이런 대도시를 좀 벗어나고 싶다는 생각을 많이 했어요. 물론 이 다른 지역이라는 게 국내가 될 수도 있고 국외가 될 수도 있지만 어 어느 곳을 가든 이 서울 만큼의 복잡도는 있지 있는 나라가 있는 그런 도시가 있을까 하는 의문이 들구요. 그래서 저는 이런 복잡한 도시에서 벗어나서 어 업무 시간 이외에는 그 그 도시만의 이 특색과 아 그 도시의 그런 정취를 느끼는 그런 여유를 가지며 살고 싶습니다. 이 타지역 근무는 예 저에게 있어서는 굉장히 긍정적으로 긍정적인 제안이 될 것 같습니다.","wordCount":130},"emotion":[{"text":"아 특히 저는 이제 어 제가 지금 사십 이 년 인생을 모두 다 서울에서만 지내왔거든요.","expression":"u-fact","category":"neutral"}],"intent":[{"text":"","expression":"","category":"attitude"}],"summary":{"text":"서울 같은 복잡한 대도시를 벗어나 업무 시간 이외에는 도시만의 특색과 정취를 느끼는 여유를 가지며 살고 싶습니다. 타지역 근무는 저에게는 굉장히 긍정적으로 긍정적인 제안이 될 것 같습니다.","wordCount":26}}},"rawDataInfo":{"question":{"fileFormat":"wav","fileSize":552398,"duration":17260,"samplingBit":16,"channelCount":1,"samplingRate":"16kHz","audioPath":"/Mock/05.ICT/Male/Experienced/ckmk_q_ict_m_e_230150.wav"},"answer":{"fileFormat":"wav","fileSize":2282318,"duration":71320,"samplingBit":16,"channelCount":1,"samplingRate":"16kHz","audioPath":"/Mock/05.ICT/Male/Experienced/ckmk_a_ict_m_e_230150.wav"}}}