{"version":"1.0","dataSet":{"info":{"date":"20230116","occupation":"ICT","channel":"MOCK","place":"ONLINE","gender":"MALE","ageRange":"35-44","experience":"EXPERIENCED"},"question":{"raw":{"text":"지원자분께서 일을 하시다 보면 본인이 생각했던 것보다 업무량이 과도하게 많아지는 일이 있을 수도 있습니다 그와 같은 상황이 온다고 하더라도 잘 버텨낼 자신이 있으신지 궁금합니다","wordCount":24},"emotion":[],"intent":[]},"answer":{"raw":{"text":"어 업무량이 그 과도한 업무량은 어 저의 그 건강 상태와 직결되는 부분이라고 생각하고 있는데요. 어 아무래도 요번 이제 현대의 그런 그 기업 트렌드 자체가 직원의 건강을 상당히 중시하고 있고 그리고 이렇게 재해에 대한 직장 내에 그런 근무 중 재해에 대한 어 이런 법률이 굉장히 강화되고 있는 추세이기 때문에 기업들도 이 직원의 건강을 굉장히 최우선시하는 것으로 파악을 하고 있습니다. 하지만 어 이거를 미처 저의 건강 상태에까지 체크를 못 할 수도 있기 때문에 어 뭐 제가 스스로 이런 과도한 업무량을 조절할 필요가 있는데요. 어 저는 이 또한 제가 아직은 젊은 나이기 때문에 어 과도한 업무를 수행하는 거에 있어서도 큰 거부감은 없습니다 아직은요. 그 수도 이것을 어 이런 준비가 되어 준비를 하기 위해서 체력도 상당히 많이 비축해 둔 상태고요. 어 평소에도 건강 관리를 통해서 어 업무량이 과도하더라도 제가 쓰러지지 않도록 잘 버텨 낼 수 있는 체력을 만들어 냈습니다. 일단 과도한 업무량도 자신이 있습니다.","wordCount":140},"emotion":[],"intent":[{"text":"","expression":"","category":"attitude"}],"summary":{"text":"현대의 기업 트렌드가 직원의 건강을 중시하고 재해 관련 법률이 강화되는 추세이기 때문에 기업들도 직원의 건강을 최우선시하고 있습니다. 하지만 업무량이 과도하더라도 제가 쓰러지지 않도록 체력도 많이 비축해 두었고, 평소에도 건강 관리를 통해 잘 버텨 낼 체력을 만들어 냈습니다.","wordCount":37}}},"rawDataInfo":{"question":{"fileFormat":"wav","fileSize":635598,"duration":19860,"samplingBit":16,"channelCount":1,"samplingRate":"16kHz","audioPath":"/Mock/05.ICT/Male/Experienced/ckmk_q_ict_m_e_298873.wav"},"answer":{"fileFormat":"wav","fileSize":2580238,"duration":80630,"samplingBit":16,"channelCount":1,"samplingRate":"16kHz","audioPath":"/Mock/05.ICT/Male/Experienced/ckmk_a_ict_m_e_298873.wav"}}}