{"version":"1.0","dataSet":{"info":{"date":"20230116","occupation":"ICT","channel":"MOCK","place":"ONLINE","gender":"MALE","ageRange":"55-","experience":"EXPERIENCED"},"question":{"raw":{"text":"네이버나 다음 구글 검색을 비교해 주시고 이 세 가지 각각 검색 엔진들에는 어떤 차이점과 장단점이 있는지 설명해 주세요","wordCount":18},"emotion":[],"intent":[]},"answer":{"raw":{"text":"구글에 검색은 말 그대로 검색 엔진에서 태동을 해서 검색 엔진 기능을 상당히 충실하게 제공을 하고 있다 라고 생각이 됩니다. 구글을 통해서 검색을 하면 내가 필요한 정보를 정확하게 찾고 풍부하게 찾는 경험을 가질 수가 있 있다 라고 생각이 됩니다. 그동안 그렇게 어 경험치가 있구요. 저도 실제로 어 검색 업무를 할 때는 구글을 많이 애용을 하고 있는 편입니다. 이에 반해서 네이버와 다음은 어 검색 엔진 기능을 포함한 포털 성격이 강하다고 생각이 됩니다. 그래서 많은 종류에 어 정보와 콘텐츠들을 제공하는 쪽에 포커스가 되어 있다고 생각이 되구요. 어떤 경우는 필요한 정보를 찾지 못하는 경우도 발생을 하게 됩니다. 그래서 어떤 어 제가 필요로 하는 인포메이션을 찾아내는 부분에 있어서 주로 이제 그 업 직무 연관성보다는 그 반대 직무 연관성적인 검색을 할 때는 도리어 네이버나 다음 등이 좀 더 편리한 것 같습니다.","wordCount":125},"emotion":[],"intent":[{"text":"","expression":"","category":"attitude"}],"summary":{"text":"구글을 통해서 검색하면 제가 필요한 정보를 정확하게 찾고 풍부하게 찾는 경험을 가질 수가 있습니다. 이에 반해 네이버와 다음은 검색 엔진 기능을 포함한 포털 성격이 강합니다. 직무 연관성적인 검색을 할 때는 오히려 네이버나 다음 등이 좀 더 편리합니다.","wordCount":37}}},"rawDataInfo":{"question":{"fileFormat":"wav","fileSize":380558,"duration":11890,"samplingBit":16,"channelCount":1,"samplingRate":"16kHz","audioPath":"/Mock/05.ICT/Male/Experienced/ckmk_q_ict_m_e_287921.wav"},"answer":{"fileFormat":"wav","fileSize":2797198,"duration":87410,"samplingBit":16,"channelCount":1,"samplingRate":"16kHz","audioPath":"/Mock/05.ICT/Male/Experienced/ckmk_a_ict_m_e_287921.wav"}}}