{"version":"1.0","dataSet":{"info":{"date":"20230116","occupation":"ICT","channel":"MOCK","place":"ONLINE","gender":"MALE","ageRange":"35-44","experience":"EXPERIENCED"},"question":{"raw":{"text":"만약 우리 회사에 입사를 했는데 본인이 생각한 것보다 업무 내용이나 강도가 전혀 다르게 예상된다면 어떻게 하실 건가요","wordCount":17},"emotion":[],"intent":[]},"answer":{"raw":{"text":"예 이 굉장히 난감한 상황일 것 같은데요. 어 일단 업무의 그런 강도가 제가 예상했던 것과 다르다는 것은 충분히 수용할 수 있는 부분입니다. 그게 단발적으로 어떤 프로젝트가 진행이 되는 걸 수도 있고 또는 제가 업무 미숙으로 인해서 그 강도가 쎄다고 생각할 수 있기 때문이죠. 하지만 이제 업무 내용이 다르다는 거는 좀 문제가 될 것 같아요. 제가 이 회사에 입사할 때 그 모집 요강을 상세하게 받고 저의 어 잡 디스크립션을 전송해서 지금 이렇게 면접에 임하고 있는데 어 이 제가 가지고 있는 스킬과 그리고 어 모집 요강과는 전혀 상반된 내용을 제가 생 상반된 그런 업무를 수행하게 된다면 굉장히 저 스스로의 그런 가치관의 혼란과 그리고 좀 머릿속으로 많이 혼란스럽고 그리고 굉장히 머릿속 어 그 가슴으로 스트레스를 많이 받을 것 같아요. 그래서 이런 경우에는 당연히 이제 뭐 인사 팀이나 어 직속 상관 또는 이 그 임원진들에게 이런 이야기들을 해야 될 것 같습니다. 하는 게 맞는 것 같구요. 참고 살다 보면 제 건강에 이상이 생기지 않을까 이 우려가 되기 때문이죠.","wordCount":154},"emotion":[],"intent":[{"text":"","expression":"","category":"attitude"}],"summary":{"text":"업무의 강도가 예상보다 다르다는 것은 수용할 수 있는 부분이지만 업무 내용이 다르다는 건 좀 문제가 될 것 같습니다. 제가 이 회사에 입사할 때 모집 요강을 상세하게 받고 잡 디스크립션을 전송해서 지금 면접에 임하고 있는데 이와는 전혀 상반된 내용을 수행하게 된다면 가치관의 혼란과 스트레스를 많이 받을 것 같아 인사 팀이나 직속 상관, 임원진들에게 이야기해야 합니다.","wordCount":54}}},"rawDataInfo":{"question":{"fileFormat":"wav","fileSize":333518,"duration":10420,"samplingBit":16,"channelCount":1,"samplingRate":"16kHz","audioPath":"/Mock/05.ICT/Male/Experienced/ckmk_q_ict_m_e_241970.wav"},"answer":{"fileFormat":"wav","fileSize":2478798,"duration":77460,"samplingBit":16,"channelCount":1,"samplingRate":"16kHz","audioPath":"/Mock/05.ICT/Male/Experienced/ckmk_a_ict_m_e_241970.wav"}}}