{"version":"1.0","dataSet":{"info":{"date":"20230116","occupation":"ICT","channel":"MOCK","place":"ONLINE","gender":"MALE","ageRange":"45-54","experience":"EXPERIENCED"},"question":{"raw":{"text":"최근 사회에서 이슈가 되고 있는 것 중 본인이 가장 관심 갖고 있는 이슈 중 본인에 견해를 말씀해 주세요","wordCount":18},"emotion":[],"intent":[]},"answer":{"raw":{"text":"최근 이 이슈 사항이라고 그러면 저는 그 방탄소년단이 군대를 입대해야 하느냐 말아야 하느냐에 대해서 좀 관심을 갖고 어 뭐 뉴스도 많이 써치 해 보고 그러고 있습니다. 어 일단 저의 개인적인 견해는 저는 방탄소년단은 어 군대를 가야 된다라고 생각을 합니다. 물론 방탄소년단이 뭐 케이 컬처 뭐 케이 팝에서 혁혁한 공을 세우고 어 누구보다도 국위를 선양했다라는 것에 대해서는 뭐 추호에 의심할 여지가 없습니다. 하지만 어 군대 문제하고는 약간의 별개인 것 같습니다. 물론 그들이 우리 국위를 선양하고 했지만 반대로 그 국위를 선양하면서 개인적으로 인기를 얻고 뭐 금전적으로나 어 뭐 이런 식으로 이익을 받습니다. 물론 그 금전적인 것과 국위 선양을 같은 선상에 놓고 보기는 좀 어렵지만 그래도 본인이 본인의 꿈을 이루기 위해서 노력해 가지고 그 성과를 이뤘고 거기에 대한 보상으로 인기와 금전적인 이익을 얻었기 때문에 그거와 군대는 조금 다른 문제라고 생각을 합니다. 그래서 저는 개인적으로 방탄소년단이 군대를 가는 것이 그들 스스로도 더 인기를 얻고 그들 스스로 어 대중 앞에 나설 때 떳떳한 일이라고 생각합니다.","wordCount":150},"emotion":[],"intent":[{"text":"","expression":"","category":"attitude"}],"summary":{"text":"저는 아미가 군대를 가야 하는지 말아야 하는지에 대해 좀 관심을 갖고 뉴스도 많이 써보고 싶습니다. 아미가 케이 컬처 케이 팝에서 혁혁한 공을 세우고 국위를 선양한 것에 대해서는 의심할 여지가 없지만, 군대 문제는 별개로 생각하며, 아미가 스스로도 더 인기를 얻고 대중 앞에 나설 때 떳떳한 일이라고 생각합니다.","wordCount":46}}},"rawDataInfo":{"question":{"fileFormat":"wav","fileSize":436558,"duration":13640,"samplingBit":16,"channelCount":1,"samplingRate":"16kHz","audioPath":"/Mock/05.ICT/Male/Experienced/ckmk_q_ict_m_e_42652.wav"},"answer":{"fileFormat":"wav","fileSize":2829518,"duration":88420,"samplingBit":16,"channelCount":1,"samplingRate":"16kHz","audioPath":"/Mock/05.ICT/Male/Experienced/ckmk_a_ict_m_e_42652.wav"}}}