{"version":"1.0","dataSet":{"info":{"date":"20230116","occupation":"ICT","channel":"MOCK","place":"ONLINE","gender":"MALE","ageRange":"35-44","experience":"EXPERIENCED"},"question":{"raw":{"text":"지원자님은 혹시 매일 공부하고 있는 분야가 있나요 공부하고 있는 분야가 따로 있다면 그걸 왜 공부하는지 함께 설명해 주시겠습니까","wordCount":18},"emotion":[],"intent":[]},"answer":{"raw":{"text":"네 요즘 들어 제가 매일 공부하고 있는 분야는 어 매일매일 경제 뉴스 결국에는 경제 공부를 하고 있고요. 매일 아침마다 그날의 그 경제 뉴스 하이라이트를 보면서 어 미국 정치가 어떤 증시가 어땠는지 그리고 어제 그 국내 증시는 어땠는지 또 부동산 이슈는 뭔지 어떤 정책이 나왔는지 그것들을 어 매일매일 공부를 하고 있구요. 이런 습관을 들이 들일 수 있도록 노력을 하고 있습니다. 어 이제 그 제가 전공하고 있는 전문 그 전공 분야에 대해서는 물론 이 전공 분야도 끊임없이 개발시켜야 되는 이유가 충분합니다만 아 이거 외적으로 실제적으로 제가 은퇴 후에도 어 그 저 저에 제가 축적한 그런 자산들을 잘 운용하기 위해서는 어 경제 공부가 반드시 필요하다고 생각했기 때문에 그래서 경제 공부를 지금 지금도 늦은 감이 있지만 지금부터라도 열심히 그 데일리 루틴으로 정해 놓고 열심히 공부를 하고 있습니다.","wordCount":123},"emotion":[],"intent":[{"text":"","expression":"","category":"attitude"}],"summary":{"text":"요즘 들어 제가 매일 공부하고 있는 분야는 매일 경제 뉴스 하이라이트를 보면서 매일 경제 공부를 하는 습관을 들일 수 있도록 노력을 하고 있습니다. 은퇴 후에도 어 저에 제가 축적한 자산들을 잘 운용하기 위해서 경제 공부가 반드시 필요하다고 생각했기 때문에 지금부터라도 열심히 공부하고 있합니다.","wordCount":43}}},"rawDataInfo":{"question":{"fileFormat":"wav","fileSize":563598,"duration":17610,"samplingBit":16,"channelCount":1,"samplingRate":"16kHz","audioPath":"/Mock/05.ICT/Male/Experienced/ckmk_q_ict_m_e_241963.wav"},"answer":{"fileFormat":"wav","fileSize":2302798,"duration":71960,"samplingBit":16,"channelCount":1,"samplingRate":"16kHz","audioPath":"/Mock/05.ICT/Male/Experienced/ckmk_a_ict_m_e_241963.wav"}}}