{"version":"1.0","dataSet":{"info":{"date":"20230116","occupation":"ICT","channel":"MOCK","place":"ONLINE","gender":"MALE","ageRange":"-34","experience":"EXPERIENCED"},"question":{"raw":{"text":"입사후 근무를 하면서 지원자님께서 지원한 분야가 본인과 잘 맞지 않는다는 사실을 깨닫는다면 그때는 어떻게 하실 생각이십니까","wordCount":16},"emotion":[],"intent":[]},"answer":{"raw":{"text":"물론 그런 일이 발생할 수 있다고 생각합니다. 하지만 이는 여느 회사에서 당연히 발생할 수 있는 일이고 저는 어떠한 업무일지라도 회사의 성장과 매출에 기여할 수 있다면 제가 가진 역량을 최선을 다해서 발휘할 것입니다. 제가 가진 역량이 물론 회사에 딱 맞다면 최선의 결과일 것입니다. 그러나 그렇지 않더라도 저는 제가 가진 기술을 융합하여 회사에 큰 이익이 되도록 노력할 것입니다. 특히나 경력직으로서 제가 가진 기술이 회사에 잘 맞지 않더라도 필요한 상황은 언제든 발생할 것이고 저는 그러면 동료들에게 언제든 도움을 줄 수 있습니다. 동료들에게 언제든 필요시 혹은 나다 싶으면 달려가 진심으로 도와 우리 회사와 동료 모두의 성장을 꾀할 것입니다.","wordCount":94},"emotion":[],"intent":[{"text":"그러나 그렇지 않더라도 저는 제가 가진 기술을 융합하여 회사에 큰 이익이 되도록 노력할 것입니다.","expression":"c_sincere_co","category":"etc"}],"summary":{"text":"저는 어떠한 업무일지라도 회사의 성장과 매출에 기여할 수 있다면 최선을 다해서 발휘할 것이고, 그것이 회사와 동료들에게 모두의 성장을 꾀할 것입니다.","wordCount":20}}},"rawDataInfo":{"question":{"fileFormat":"wav","fileSize":464078,"duration":14500,"samplingBit":16,"channelCount":1,"samplingRate":"16kHz","audioPath":"/Mock/05.ICT/Male/Experienced/ckmk_q_ict_m_e_249207.wav"},"answer":{"fileFormat":"wav","fileSize":3777998,"duration":118060,"samplingBit":16,"channelCount":1,"samplingRate":"16kHz","audioPath":"/Mock/05.ICT/Male/Experienced/ckmk_a_ict_m_e_249207.wav"}}}