{"version":"1.0","dataSet":{"info":{"date":"20230116","occupation":"ICT","channel":"MOCK","place":"ONLINE","gender":"MALE","ageRange":"-34","experience":"EXPERIENCED"},"question":{"raw":{"text":"지원자께서는 과거 직면한 어려운 문제를 해결하기 위하여 어떠한 아이디어를 제안하였습니까 그리고 또 무엇을 하셨는지 과정을 설명하여 말씀해 주시길 바랍니다","wordCount":19},"emotion":[],"intent":[]},"answer":{"raw":{"text":"새로운 시스템의 도입으로 네트워크 구조의 변경이 필요했습니다. 기존 익스 팔 육 서버에서의 엘 포 스위치 및 단 웹 티비 와스 에 쓰리 티 어 구성이 아닌 톡커 컨테이너 기반에 가상 환경에 대한 고축으로 어 플리케이션을 제공을 했어야 했고 그로 인해 새로운 네트워크 구축이 또는 연결이 필요했습니다. 이에 가장 큰 문제가 되었던 부분은 엘포 스위치 하단에서 내부 통신시에 하나의 아이피로 통신이 되어 통신 충돌이 일어난다는 점입니다. 왜냐하면 가상화된 장비이기 때문에 동일한 물리적 장비에서 여러 컨테이너 간 통신이 일어나기 때문입니다. 이를 해소하기 위해서 엘포에 피 아이 피 컴피그 즉 프록시 아이피 설정을 활용하였습니다. 이 컴피그를 활용하여 내부 통신시 별도의 사설 아이피를 이용하여 브이피앤과 같은 느낌으로 서비스를 구축하였습니다.","wordCount":105},"emotion":[],"intent":[{"text":"","expression":"","category":"attitude"}],"summary":{"text":"새로운 시스템의 도입으로 네트워크 구조의 변경이 필요했습니다. 그 중 가장 큰 문제는 엘포 스위치 하단에서 내부 통신시에 하나의 아이피로 통신되어 통신 충돌이 일어난다는 점입니다. 이를 해소하기 위해 프록시 아이피 설정을 활용하여 브이피앤과 같은 서비스를 구축하였습니다.","wordCount":35}}},"rawDataInfo":{"question":{"fileFormat":"wav","fileSize":522958,"duration":16340,"samplingBit":16,"channelCount":1,"samplingRate":"16kHz","audioPath":"/Mock/05.ICT/Male/Experienced/ckmk_q_ict_m_e_245623.wav"},"answer":{"fileFormat":"wav","fileSize":3688398,"duration":115260,"samplingBit":16,"channelCount":1,"samplingRate":"16kHz","audioPath":"/Mock/05.ICT/Male/Experienced/ckmk_a_ict_m_e_245623.wav"}}}