{"version":"1.0","dataSet":{"info":{"date":"20230116","occupation":"ICT","channel":"MOCK","place":"ONLINE","gender":"MALE","ageRange":"35-44","experience":"EXPERIENCED"},"question":{"raw":{"text":"여러분이 알고 있는 가장 효율적인 알고리즘과 또는 비효율적인 알고리즘은 무엇입니까","wordCount":10},"emotion":[],"intent":[]},"answer":{"raw":{"text":"네 굉장히 수학적인 질문인데요. 어 알고리즘이라고 하면 저는 가장 먼저 떠오르는 게 엘리베이터 알고리즘이라고 생각합니다. 어 고충 건물들에는 엘레베이터가 보통 세 네 대 씩은 있을 텐데요. 어 이것을 어떤 건물에서 고층부 전용 저층부 중층부로 나누는 경우도 있고 아니면 홀 짝 으로 나누는 경우도 있습니다. 그 굉장히 스마트하다고 생각을 하고요. 이거 경우에는 아이티 적으로 로드 발란 싱이라고 하는데 로드 발란싱을 아주 잘 구현한 알고리즘이라고 볼 수 있습니다. 그 점점 엘레베이터 알고리즘도 진화하기 때문에 어 버튼 한개만 누르면 가장 빨리 도착할 수 있는 그 엘리베이터가 먼저 승강기가 먼저 도착하는 그런 알고리즘을 짜는 것 자 그렇게 점점 진화를 하고 있고요. 어 하지만 비효율적인 알고리즘은 역시나 그 엘리베이터에서 전층 운행 어 엘리베이터 네 대 네 다섯 개가 있는데 그 전부 다 네다섯 대가 전층 운행을 한다면 각 층마다 사람들이 전부 다 그 버튼을 누르고 기다릴 거거든요. 굉장히 비효율적이죠. 그러면 이 아 뭐 이 점심 시간 출근 시간에는 각 층 마다 서는 그런 엄청난 아주 안 좋은 사태를 유발하기 때문에 결국에는 알고리즘을 효율적으로 짠 엘리베이터가 이제 훌륭한 알고리즘이라고 봅니다.","wordCount":164},"emotion":[],"intent":[{"text":"","expression":"","category":"attitude"}],"summary":{"text":"엘리베이터 알고리즘은 로드 발란싱을 아주 잘 구현한 알고리즘이라고 볼 수 있습니다. 버튼 한개만 누르면 가장 빨리 도착할 수 있는 엘리베이터가 먼저 승강기가 먼저 도착하는 알고리즘을 짜는 것입니다. 비효율적인 알고리즘은 굉장히 안 좋은 사태를 유발하기 때문에 결국에는 알고리즘을 효율적으로 짠 엘리베이터가 훌륭한 알고리즘이라고 봅니다.","wordCount":43}}},"rawDataInfo":{"question":{"fileFormat":"wav","fileSize":327758,"duration":10240,"samplingBit":16,"channelCount":1,"samplingRate":"16kHz","audioPath":"/Mock/05.ICT/Male/Experienced/ckmk_q_ict_m_e_175997.wav"},"answer":{"fileFormat":"wav","fileSize":2868558,"duration":89640,"samplingBit":16,"channelCount":1,"samplingRate":"16kHz","audioPath":"/Mock/05.ICT/Male/Experienced/ckmk_a_ict_m_e_175997.wav"}}}