{"version":"1.0","dataSet":{"info":{"date":"20230116","occupation":"ICT","channel":"MOCK","place":"ONLINE","gender":"MALE","ageRange":"35-44","experience":"EXPERIENCED"},"question":{"raw":{"text":"어쩌다 이 분야에 관심을 가지게 되었고 지원하게 되었는지 궁금합니다 관심을 가지게 된 이유와 지원 동기에 대해서 말씀해 주세요","wordCount":18},"emotion":[],"intent":[]},"answer":{"raw":{"text":"네 시대가 변화함에 따라서 구십 년대부터 시작이 된 것 같은데 어 이 세상이 정말 많이 급변하고 있 있 있지 않습니까. 근데 그 중심에는 언제나 아이티가 있었던 것 같습니다. 이제는 웹 이 점 영 삼 점 영을 뛰어넘어서 어 사용자가 직접 창작 활동도 할 수 있고 어 어떤 조직이 조직이 운영되기 위해서는 어 그쪽에 백업피스 그 에 뭐 인사팀이 될 수도 있고 회계팀이 될 수도 있지만 이 아이티가 가장 그 백업피스에 중심이 되지 않을까 중심이 중심이 이지 않을까 하는 생각을 가지고 있었구요. 저 역시 그래서 아이티를 전공을 하면서 이 회사에서 아이티 인프라를 어 구축을 하고 그리고 사용자들이 어 제가 셋 세팅한 그런 아이티 환경을 통해서 업무를 진행하는 그런 것들에 대해서 보면서 많은 성취감을 느낄 수 있고 그래서 아이티 라는 산업 자체가 굉장히 아 아주 기본 중의 기본이 되버린 돼버린 이 시대가 시대이기도 합니다. 네 그게 제가 이 아이티 분야를 계속 지원하게 되는 그런 이유이기도 하구요.","wordCount":144},"emotion":[{"text":"저 역시 그래서 아이티를 전공을 하면서 이 회사에서 아이티 인프라를 어 구축을 하고 그리고 사용자들이 어 제가 셋 세팅한 그런 아이티 환경을 통해서 업무를 진행하는 그런 것들에 대해서 보면서 많은 성취감을 느낄 수 있고 그래서 아이티 라는 산업 자체가 굉장히 아 아주 기본 중의 기본이 되버린 돼버린 이 시대가 시대이기도 합니다.","expression":"p-achievement","category":"positive"}],"intent":[{"text":"","expression":"","category":"attitude"}],"summary":{"text":"시대가 변화함에 따라서 90년대부터 시작이 된 것 같은데 그 중심에는 언제나 아이티가 있었던 것 같습니다. 이제는 웹 이 점 영 삼 점 영을 뛰어넘어서 사용자가 직접 창작 활동도 할 수 있고 어떤 조직이 운영을 위해서는 아이티가 가장 백업피스에 중심이 되지 않을까 하는 생각을 가지고 있습니다.","wordCount":45}}},"rawDataInfo":{"question":{"fileFormat":"wav","fileSize":373518,"duration":11670,"samplingBit":16,"channelCount":1,"samplingRate":"16kHz","audioPath":"/Mock/05.ICT/Male/Experienced/ckmk_q_ict_m_e_230067.wav"},"answer":{"fileFormat":"wav","fileSize":2690638,"duration":84080,"samplingBit":16,"channelCount":1,"samplingRate":"16kHz","audioPath":"/Mock/05.ICT/Male/Experienced/ckmk_a_ict_m_e_230067.wav"}}}