{"version":"1.0","dataSet":{"info":{"date":"20230116","occupation":"ICT","channel":"MOCK","place":"ONLINE","gender":"MALE","ageRange":"-34","experience":"EXPERIENCED"},"question":{"raw":{"text":"만약 지원자님이 하고 싶은 직무 말고 다른 직무를 갑자기 맡게 되신다면 어떻게 하실 건가요 그래도 해당 업무를 진행하실 건가요","wordCount":19},"emotion":[],"intent":[]},"answer":{"raw":{"text":"직무를 뭐 다른 직무를 맡게 되더라도 어 이러한 요청을 제가 이렇게 면접 장소에서 드려도 될지 모르겠지만 최소한 저의 저희들의 전공 분야 안에서의 이동이었으면 좋겠습니다. 왜냐하면은 굳이 제가 못하는 것을 하느라고 회사의 피를 폐해를 끼치는 것보다는 조금이라도 알고 있는 전공 분야로 옮겨가서 그것을 소화해내야 회사 입장에서도 저를 쓰는 데 어떤 그런 손해 비용이 덜 발생하는 것이 아닐까 싶거든요. 그런 판단은 많이 안 내리시지 않나요 보통. 그러니까 이 사람이 저쪽으로 갔을 때 할 만 한 소화를 할 만하다 싶을 때 옮기는 것이지 예 그러니깐 뭐 제가 지금 제출한 것이 생물학에 관련된 어떤 그런 것인데 갑자기 뜬금없이 뭐 천문학에 대해서 해봐라 이 정도는 뭐 아니질 아닐 아닐 것이잖아요 네. 그렇기 때문에 전공 분야 안에서 이 전문 분야 내에서의 어떤 다른 직무라고 한다면은 또 제가 좋아하는 분야니까 그것들에 대해서 좀 더 배워볼 수 있는 기회가 되기 때문에 그 한정된 범위 내에서의 이동은 저는 감사하게 생각할 것 같습니다.","wordCount":143},"emotion":[],"intent":[{"text":"","expression":"","category":"attitude"}],"summary":{"text":"전공 분야 안에서의 이동은 회사 입장에서 저를 쓰는 데 손해 비용이 덜 발생하는 것 같습니다. 전공 분야 안에서 다른 직무를 맡는다면 좀 더 배워볼 수 있는 기회가 되기 때문에 한정된 범위 내에서의 이동이 저는 감사하게 생각할 것 같습니다.","wordCount":38}}},"rawDataInfo":{"question":{"fileFormat":"wav","fileSize":593998,"duration":18560,"samplingBit":16,"channelCount":1,"samplingRate":"16kHz","audioPath":"/Mock/05.ICT/Male/Experienced/ckmk_q_ict_m_e_200086.wav"},"answer":{"fileFormat":"wav","fileSize":2929998,"duration":91560,"samplingBit":16,"channelCount":1,"samplingRate":"16kHz","audioPath":"/Mock/05.ICT/Male/Experienced/ckmk_a_ict_m_e_200086.wav"}}}