{"version":"1.0","dataSet":{"info":{"date":"20230116","occupation":"ICT","channel":"MOCK","place":"ONLINE","gender":"MALE","ageRange":"55-","experience":"EXPERIENCED"},"question":{"raw":{"text":"직무 지식 역량 그리고 태도 이 세 가지의 요소 중에 지원자님께서 가장 중요하다고 생각하시는 것과 그렇게 생각하시는 이유를 함께 자세하게 말씀해 주시기 바랍니다","wordCount":23},"emotion":[],"intent":[]},"answer":{"raw":{"text":"말씀주신 세 가지가 다 중요한 요소지요. 하지만 저는 세 가지 중에서 태도가 가장 중요한 요소라고 생각을 합니다. 직무 지식도 매우 중요하지요. 관련 업무를 잘 알고 있다면 어 역량을 발휘할 수도 있을 것이고 업무를 적용해서 어 프로그래밍을 하고 그 업무를 완수하는 데 크게 도움이 될 것이고 어 역량을 강화하면 어 퍼포먼스가 잘 나겠죠. 그래서 어 팀이든지 개인이든지 어 미션을 잘 해결할 수 있을 텐데 그 모든 것들이 태도가 기본에 갖추어져 있지 않다면 어 업무를 완수하는 데에 상당한 어려움으로 어 작용을 하는 것을 보았습니다. 특히 프로그래밍은 어 상당히 다양한 어 사람들과 다양한 경험을 가지고 있는 사람들과 또 어 성격들이 또 다른 그런 사람들과 함께 팀웍를 이루어서 구현해내는 것이기 때문에 이 태도에 관련된 문제 남의 말을 잘 들어주고 협업하고 어 함께 하는 문화 이런 것들이 가장 중요한 요소 라고 저는 생각하고 있고 실제 업무에서도 그 부분을 가장 중요한 요소로 생각하고 일을 하고 있습니다.","wordCount":140},"emotion":[],"intent":[{"text":"","expression":"","category":"attitude"}],"summary":{"text":"직무 지식도 매우 중요합니다. 관련 업무를 잘 알고 있다면 역량을 발휘할 수도 있고 업무를 적용해서 프로그래밍을 하고 그 업무를 완수하는 데 크게 도움이 될 것이고 역량을 강화하면 퍼포먼스가 잘 나죠. 그 모든 것들이 태도가 기본에 갖추어져 있지 않으면 업무를 완수하는데 상당한 어려움으로 작용을 합니다.","wordCount":44}}},"rawDataInfo":{"question":{"fileFormat":"wav","fileSize":610638,"duration":19080,"samplingBit":16,"channelCount":1,"samplingRate":"16kHz","audioPath":"/Mock/05.ICT/Male/Experienced/ckmk_q_ict_m_e_295816.wav"},"answer":{"fileFormat":"wav","fileSize":2803278,"duration":87600,"samplingBit":16,"channelCount":1,"samplingRate":"16kHz","audioPath":"/Mock/05.ICT/Male/Experienced/ckmk_a_ict_m_e_295816.wav"}}}