{"version":"1.0","dataSet":{"info":{"date":"20230116","occupation":"ICT","channel":"MOCK","place":"ONLINE","gender":"MALE","ageRange":"-34","experience":"EXPERIENCED"},"question":{"raw":{"text":"어 직무를 수행하다가 모르는 과제가 발생할 수 있는데요 어 그렇 그런 경우에는 어떻게 해결하시겠습니까 그 해결법과 이유도 함께 말씀해 주시길 바랍니다","wordCount":21},"emotion":[],"intent":[]},"answer":{"raw":{"text":"직무 수행 시에 모르는 과제가 등장했다면 어떻게 해결하시겠습니까. 해결법과 이유를 말씀해 주세요. 우선 인터넷과 제가 접근할 수 있는 과거 자료를 통해 이해할 수 있는 과제인지를 확인하겠습니다. 그렇게 노력해도 이해가 되지 않는다면 선임자를 찾아 양해를 구하겠습니다. 최소한의 노력이라도 보이고 선임자에게 물어보는 게 맞다고 생각합니다. 모르는 게 생길 때마다 선임자를 찾게 된다면 귀찮고 노력하지 않는 사람이라는 이미지가 생기게 되고 이는 곧 팀업을 망치는 요인이 될 것입니다.","wordCount":64},"emotion":[],"intent":[{"text":"","expression":"","category":"attitude"}],"summary":{"text":"직무 수행 시 모르는 과제가 등장했다면 인터넷과 제가 접근할 수 있는 과거 자료를 통해 이해 가능한 과제인지를 확인하겠습니다. 그렇게 노력해도 이해가 되지 않는다면 선임자에게 양해를 구하겠습니다.","wordCount":26}}},"rawDataInfo":{"question":{"fileFormat":"wav","fileSize":474638,"duration":14830,"samplingBit":16,"channelCount":1,"samplingRate":"16kHz","audioPath":"/Mock/05.ICT/Male/Experienced/ckmk_q_ict_m_e_270093.wav"},"answer":{"fileFormat":"wav","fileSize":1385678,"duration":43300,"samplingBit":16,"channelCount":1,"samplingRate":"16kHz","audioPath":"/Mock/05.ICT/Male/Experienced/ckmk_a_ict_m_e_270093.wav"}}}