{"version":"1.0","dataSet":{"info":{"date":"20230116","occupation":"ICT","channel":"MOCK","place":"ONLINE","gender":"MALE","ageRange":"35-44","experience":"EXPERIENCED"},"question":{"raw":{"text":"만약 지원자님께서 다른 부서들과 갈등 상황이 발생했다고 가정했을 때 이러한 갈등 상황을 어떻게 해결하실 수 있는지 궁금합니다 그러한 상황을 하나로 가정하고 이야기해 주시면 좋겠습니다","wordCount":24},"emotion":[],"intent":[]},"answer":{"raw":{"text":"네 흔히 타 부서와의 갈등이 어 간혹 가다가 있기 마련인데요 조직 생활을 하다보면. 어 저 역시 그런 경험을 많이 해 봤습니 몇 번을 해 봤습니다. 어 근데 이걸 대화에는 서로 그런 어 서로의 이득을 취하기 위해서 양보하지 않는 그런 태도 때문에 점점 갈등이 더 안 좋아지는 상황을 제가 많이 봤기 때문에 가장 효율적인 방법은 결국에는 그 부서 만의 알앤알이 있을 거거든요. 아 역할과 책임이라고 하죠. 그 알앤알이 정리된 문서를 서로 같이 리뷰를 하고 그 문서가 명확하지 않다면 보다 상급자 어 씨오오 라든가 씨아이오에게 이 문서를 수정할 것을 요청해서 어 명확하게 그 문서에 문서에 명시하도록 해서 그 갈등 상황이 종식이 될 수 있도록 노력할 생각입니다. 결국에는 문서에 정 어 확립이라고 할 수 있겠네요.","wordCount":112},"emotion":[],"intent":[{"text":"","expression":"","category":"attitude"}],"summary":{"text":"타 부서와 갈등이 있을 때 부서 만의 알앤알이 역할과 책임을 하여 문서에 명확하게 명시함으로써 갈등 상황을 종식할 수 있도록 노력할 계획입니다.","wordCount":21}}},"rawDataInfo":{"question":{"fileFormat":"wav","fileSize":637518,"duration":19920,"samplingBit":16,"channelCount":1,"samplingRate":"16kHz","audioPath":"/Mock/05.ICT/Male/Experienced/ckmk_q_ict_m_e_182504.wav"},"answer":{"fileFormat":"wav","fileSize":2224398,"duration":69510,"samplingBit":16,"channelCount":1,"samplingRate":"16kHz","audioPath":"/Mock/05.ICT/Male/Experienced/ckmk_a_ict_m_e_182504.wav"}}}