{"version":"1.0","dataSet":{"info":{"date":"20230116","occupation":"ICT","channel":"MOCK","place":"ONLINE","gender":"MALE","ageRange":"35-44","experience":"EXPERIENCED"},"question":{"raw":{"text":"과거 프로젝트를 수행했던 경험이 있으신가요 있다면 어떤 프로젝트였고 그 안에서 어떤 역할을 맡으셨는지 설명 부탁드립니다","wordCount":15},"emotion":[],"intent":[]},"answer":{"raw":{"text":"네 프로젝트는 어 흔히 말하는 이 아이티 전공자로서의 프로젝트는 상당히 많이 수행을 했었는데요. 어 제가 저도 이 프로젝트 단위로 어떤 어 그 프로젝트를 수행함에 있어서 굉장히 많은 성취감을 느끼는 스타일이고요. 저는 이 프로그램 개발에 관련된 프로젝트라기보다 어 사람에 대한 프로젝트를 어 진행을 했었습니다. 어 제 대학 시절에 어 여러 그 시골에서 상경한 그런 친구들을 데리고 서울을 서울의 문화 서울의 그런 풍경들을 구경시켜 주는 거의 한 달에 한 번 정도는 꼭 그런 프로젝트 그런 그 자리를 마련해서 아침 견학을 하기도 견학하고 체험하고 저는 그것을 프로젝트 어떤 네이밍을 지어서 그 땡땡땡 프로젝트라고 이제 네이밍을 지어서 그것을 진행을 했었구요. 상당히 좋은 호응이 있었습니다. 네 그래서 그 친구들이 이 에 저에게 매우 감사했던 기억이 있습니다.","wordCount":111},"emotion":[{"text":"저는 이 프로그램 개발에 관련된 프로젝트라기보다 어 사람에 대한 프로젝트를 어 진행을 했었습니다.","expression":"u-fact","category":"neutral"},{"text":"어 제 대학 시절에 어 여러 그 시골에서 상경한 그런 친구들을 데리고 서울을 서울의 문화 서울의 그런 풍경들을 구경시켜 주는 거의 한 달에 한 번 정도는 꼭 그런 프로젝트 그런 그 자리를 마련해서 아침 견학을 하기도 견학하고 체험하고 저는 그것을 프로젝트 어떤 네이밍을 지어서 그 땡땡땡 프로젝트라고 이제 네이밍을 지어서 그것을 진행을 했었구요.","expression":"u-fact","category":"neutral"}],"intent":[{"text":"","expression":"","category":"attitude"}],"summary":{"text":"네 프로젝트는 아이티 전공자로서 수행한 프로젝트인데, 제가 프로젝트 단위로 수행함에 있어서 성취감을 느끼는 스타일이고, 사람에 대한 프로젝트를 진행하기도 했었습니다. 대학 시절에 시골에서 상경한 친구들을 데리고 서울의 풍경들을 견학하고 체험하고 프로젝트 네이밍을 지어서 진행을 했습니다.","wordCount":34}}},"rawDataInfo":{"question":{"fileFormat":"wav","fileSize":596238,"duration":18630,"samplingBit":16,"channelCount":1,"samplingRate":"16kHz","audioPath":"/Mock/05.ICT/Male/Experienced/ckmk_q_ict_m_e_258290.wav"},"answer":{"fileFormat":"wav","fileSize":2075918,"duration":64870,"samplingBit":16,"channelCount":1,"samplingRate":"16kHz","audioPath":"/Mock/05.ICT/Male/Experienced/ckmk_a_ict_m_e_258290.wav"}}}