{"version":"1.0","dataSet":{"info":{"date":"20230116","occupation":"ICT","channel":"MOCK","place":"ONLINE","gender":"MALE","ageRange":"45-54","experience":"EXPERIENCED"},"question":{"raw":{"text":"업무를 하는 중에 어 만약 상사가 하기 힘든 지시를 내린다면 어떻게 하시겠습니까 그렇게 하실 이유도 함께 말씀해 주세요","wordCount":18},"emotion":[],"intent":[]},"answer":{"raw":{"text":"상사에게 어려운 지시를 받았다면 일단 그 상사에게 불만을 제기해야 한다고 생각을 합니다. 불만을 제기한다고 해서 어떤 무례함을 가지고서 어떤 따지는 그런 식이 아니라 나의 불만을 제기한다는 것입니다. 제기한다는 것은 어떻게 보면 대개 공식적인 절차예요. 공식적으로 공식적으로 이렇게 여쭤 보면은 상사가 그 어려운 일을 시킨 이유를 말을 해주겠죠. 그런 식으로 너와 나의 사이에 그런 의견 차이를 좁혀 나가려는 태도가 중요하다고 생각을 합니다. 그렇지만 말을 하지 않으면 의사를 드러내지 드러내지 않으면 상사가 이것이 어려운 일이라는 것을 인식하지 못하고 있을 수도 있어요. 그렇기 때문에 제일 중요한 것은 먼저 불만을 제기하는 것이 가장 중요하다고 생각을 합니다.","wordCount":92},"emotion":[],"intent":[{"text":"","expression":"","category":"attitude"}],"summary":{"text":"어려운 지시를 받았다면 상사에게 불만을 제기해야 합니다. 불만을 제기한다는 것은 공식적인 절차로, 너와 나의 의견 차이를 좁혀 나가려는 태도가 중요합니다. 어려운 일이라는 것을 인식하지 못할 수도 있기 때문에, 먼저 불만을 제기하는 것이 중요합니다.","wordCount":33}}},"rawDataInfo":{"question":{"fileFormat":"wav","fileSize":427598,"duration":13360,"samplingBit":16,"channelCount":1,"samplingRate":"16kHz","audioPath":"/Mock/05.ICT/Male/Experienced/ckmk_q_ict_m_e_206439.wav"},"answer":{"fileFormat":"wav","fileSize":2281678,"duration":71300,"samplingBit":16,"channelCount":1,"samplingRate":"16kHz","audioPath":"/Mock/05.ICT/Male/Experienced/ckmk_a_ict_m_e_206439.wav"}}}