{"version":"1.0","dataSet":{"info":{"date":"20230116","occupation":"ICT","channel":"MOCK","place":"ONLINE","gender":"MALE","ageRange":"35-44","experience":"EXPERIENCED"},"question":{"raw":{"text":"만약에 사내 스터디를 만들어서 공부를 할 수 있다 면 어떤 스터디를 만들고 싶으신가요 그 이유도 함께 설명 부탁드리겠습니다","wordCount":18},"emotion":[],"intent":[]},"answer":{"raw":{"text":"사내 동아리는 컴퓨터 동아리이지만 요즘은 외국계 회사 및 외국인들하고 많은 교류가 있기 때문에 영어 동아리를 만들고 싶습니다. 실제적으로 프로그래머들 또는 아이씨티에 종사하는 이런 이런 사람들은 외국어를 접할 일이 많지 않고 외국어를 못하는 분들이 생각보다 많습니다. 그런데 요즘은 팀즈나 줌미팅 같은 것으로 해외에 있는 웹 세미나들이 많이 이루어지고 있고 그 웹 세미나에서 많은 내용들을 듣고 정보를 교류함으로써 많은 발전을 이룰 수 있는데 영어를 못하기 때문에 언어의 장벽에 많이 부딪치는 경우가 많습니다. 제 주변에도 아이씨티 쪽 일을 하시는 분들 중에 영어를 제대로 하시는 분이 거의 손에 꼽을 정도입니다. 그래서 사내 동아리인 영어를 통해서 서로 발전을 하고 외국과의 교류를 통해서 실리콘밸리로 나갈 수 있는 방법도 한 번 찾아보는 것도 괜찮을 것 같습니다.","wordCount":109},"emotion":[],"intent":[{"text":"","expression":"","category":"attitude"}],"summary":{"text":"사내 동아리는 컴퓨터 동아리지만 외국계 회사 및 외국인들과 많은 교류가 있어 영어 동아리를 만들고 싶습니다. 사내 동아리인 영어를 통해서 서로 발전을 하고 외국과의 교류를 통해서 실리콘밸리로 나갈 수 있는 방법도 한 번 찾아보는 것도 괜찮다고 생각합니다.","wordCount":36}}},"rawDataInfo":{"question":{"fileFormat":"wav","fileSize":476878,"duration":14900,"samplingBit":16,"channelCount":1,"samplingRate":"16kHz","audioPath":"/Mock/05.ICT/Male/Experienced/ckmk_q_ict_m_e_156763.wav"},"answer":{"fileFormat":"wav","fileSize":1957518,"duration":61170,"samplingBit":16,"channelCount":1,"samplingRate":"16kHz","audioPath":"/Mock/05.ICT/Male/Experienced/ckmk_a_ict_m_e_156763.wav"}}}