{"version":"1.0","dataSet":{"info":{"date":"20230116","occupation":"ICT","channel":"MOCK","place":"ONLINE","gender":"MALE","ageRange":"55-","experience":"EXPERIENCED"},"question":{"raw":{"text":"본인만의 스트레스 해소 방법이 있다면 왜 그런 방법으로 스트레스를 해소하는지 그 이유도 함께 말씀해 주세요","wordCount":15},"emotion":[],"intent":[]},"answer":{"raw":{"text":"저는 산책 하기와 자전거 타기를 통해서 어 스트레스 해소를 많이 하는 편인데요. 산책은 좀 여유있는 시간에 여유있는 걸음으로 어 생각들을 정리를 하면서 어 다시금 마음의 정리를 하는 데 도움이 된다면 자전거를 타고 라이딩을 하면 그 걷기와는 다른 음 그 속도 스피드감을 느끼면서 어 복잡했던 나의 마음을 어 어 내려놓을 수 있는 어 그런 어떤 스포츠적인 효과가 있어서 운동하는 효과를 통해서 이렇게 스트레스를 해소하게 됩니다. 그 중간에 이제 음악 감상이라든지 독서들을 이렇게 병합을 해 가면서 어 나름대로 어 제에게 쌓여 있던 그런 스트레스를 어 해소하고 있습니다.","wordCount":85},"emotion":[],"intent":[{"text":"","expression":"","category":"attitude"}],"summary":{"text":"저는 스트레스 해소를 위해 산책과 자전거 타기를 하는데, 산책은 여유를 가지고 마음을 정리하는 데 도움이 되고, 자전거 타기는 스포츠 효과가 있어서 스트레스 해소에 좋습니다. 음악 감상, 독서도 함께 하면 좋습니다.","wordCount":30}}},"rawDataInfo":{"question":{"fileFormat":"wav","fileSize":281678,"duration":8800,"samplingBit":16,"channelCount":1,"samplingRate":"16kHz","audioPath":"/Mock/05.ICT/Male/Experienced/ckmk_q_ict_m_e_287579.wav"},"answer":{"fileFormat":"wav","fileSize":2130638,"duration":66580,"samplingBit":16,"channelCount":1,"samplingRate":"16kHz","audioPath":"/Mock/05.ICT/Male/Experienced/ckmk_a_ict_m_e_287579.wav"}}}