{"version":"1.0","dataSet":{"info":{"date":"20230116","occupation":"ICT","channel":"MOCK","place":"ONLINE","gender":"MALE","ageRange":"35-44","experience":"EXPERIENCED"},"question":{"raw":{"text":"요즘 읽고 계신 책이 있다면 그것이 무슨 책인지 궁금합니다 왜 그 책을 읽으시는지도 설명해 주시겠어요","wordCount":15},"emotion":[],"intent":[]},"answer":{"raw":{"text":"에 지금 최근에 읽고 있는 책은 그 신한은행에 오건용 부부장이 저서한 그 인플레 인플레이션 시대에서 살아나는 법이라는 책을 읽고 있고요. 지금 현재 어 지금 이천 이십 이 년 들어서 특히나 그 인플레이션 시대가 와 버렸어요. 고물가에 그리고 금리도 계속 고금리가 된 상황이고 그리고 시민 서민들이 이제 어려운 서민 경제에 굉장히 큰 타격을 입고 있는데 어 언제나 이런 경제적인 흐름을 보면 이런 시기가 과거에도 몇 몇 차례 있었습니다. 그때 저희가 어떻게 극복을 했는지 그리고 그때와 지금 이 무엇이 어떤 현상이 다른지를 굉장히 경제 를 경제학을 공부하지 않는 사람이 이라도 전 그 쉽게 접근할 수 있도록 쓴 책이기 때문에 그 책을 좀 재미있게 읽고 있는 읽고 있는 중입니다.","wordCount":106},"emotion":[],"intent":[{"text":"","expression":"","category":"attitude"}],"summary":{"text":"최근 읽고 있는 책은 신한은행에 오건용 부부장이 출간한 인플레 인플레이션 시대에서 살아나는 법이라는 책인데, 이 책은 이천 20 이 년 들어서 특히 인플션 시대가 와 버렸는데, 과거 극복 사례와 현재의 현상을 쉽게 풀어 쓴 책입니다.","wordCount":35}}},"rawDataInfo":{"question":{"fileFormat":"wav","fileSize":279758,"duration":8740,"samplingBit":16,"channelCount":1,"samplingRate":"16kHz","audioPath":"/Mock/05.ICT/Male/Experienced/ckmk_q_ict_m_e_245731.wav"},"answer":{"fileFormat":"wav","fileSize":2007758,"duration":62740,"samplingBit":16,"channelCount":1,"samplingRate":"16kHz","audioPath":"/Mock/05.ICT/Male/Experienced/ckmk_a_ict_m_e_245731.wav"}}}