{"version":"1.0","dataSet":{"info":{"date":"20230116","occupation":"ICT","channel":"MOCK","place":"ONLINE","gender":"MALE","ageRange":"35-44","experience":"EXPERIENCED"},"question":{"raw":{"text":"두 사람이 파트너가 되어 함께 코딩을 하는 페어 프로그래밍을 아시죠 우리 회사 입장에서 이러한 페어 프로그래밍이 어떤 장점이 있는지 아는 대로 설명해 주세요","wordCount":23},"emotion":[],"intent":[]},"answer":{"raw":{"text":"예 페어 프로그래밍이라고 하면은 어 두 명의 그 개발자가 하나의 그 하나의 컴퓨터를 공유하면서 같이 프로그래밍을 진행하는 걸로 저는 이해를 하고 있는데 어 이런 경우에는 물론 비효율적인 부분도 업무 생산성이 떨어진다든가 뭐 이런 비효율적인 부분도 분명히 존재하지만 장점이 훨씬 많다고 생각합니다. 그 이유는 뭐냐면 어 서로에 대한 지식을 충분히 공유하면서 할 수 있고 또한 순기능 그 서로에 대해서 어 서로의 코딩에 대해서 어 그 코딩법이 전부 다 다를 텐데 그 코딩에 대해서 어 벤치마킹을 할 수 있는 그리고 그것을 응용하고 서로 어 도움이 되는 그런 아 같이 협 협업에 협업을 하면서 아주 훌륭한 코드를 그 개발해 낼 수 있다 라는 것이 가 페어 프로그 페어 프로그래밍의 큰 장점이라고 생각합니다.","wordCount":109},"emotion":[],"intent":[{"text":"","expression":"","category":"attitude"}],"summary":{"text":"페어 프로그래밍은 두 명의 개발자가 하나의 컴퓨터를 공유하며 같이 프로그래밍을 진행합니다. 이 경우 서로에 대한 지식을 공유하면서 할 수 있고 서로에 코딩에 대해 벤치마킹을 할 수 있는 등의 장점이 많습니다.","wordCount":30}}},"rawDataInfo":{"question":{"fileFormat":"wav","fileSize":487758,"duration":15240,"samplingBit":16,"channelCount":1,"samplingRate":"16kHz","audioPath":"/Mock/05.ICT/Male/Experienced/ckmk_q_ict_m_e_194224.wav"},"answer":{"fileFormat":"wav","fileSize":1903438,"duration":59480,"samplingBit":16,"channelCount":1,"samplingRate":"16kHz","audioPath":"/Mock/05.ICT/Male/Experienced/ckmk_a_ict_m_e_194224.wav"}}}