{"version":"1.0","dataSet":{"info":{"date":"20230116","occupation":"ICT","channel":"MOCK","place":"ONLINE","gender":"MALE","ageRange":"-34","experience":"EXPERIENCED"},"question":{"raw":{"text":"지원자분께서는 본인 스스로 숫자와 창의 중 어떤 것에 더 가깝다고 생각하고 계십니까 그렇게 생각한 이유에 대해서도 함께 말씀해 주시기 바랍니다","wordCount":20},"emotion":[],"intent":[]},"answer":{"raw":{"text":"저는 창의에 가깝다고 생각합니다. 물론 제 자신이 대학교 학부 또한 공대를 학사 졸업하면서 숫자에 매우 가까운 공부를 해 왔습니다. 하지만 제 자신이 업무를 대하는 태도를 봤을 때 숫자보다는 창의에 가깝다고 생각합니다. 왜냐하면 당연히 초기에 업무를 파악할 때에는 숫자에 집중하여 업무의 본질과 제가 설정해야 할 목표를 정합니다. 하지만 일 수행하 수행해 나가는 에 있어 저는 저의 창의성을 더욱 활용한다고 생각합니다. 대게 많은 문제의 해결 방안은 창의적인 생각에서 온다고 생각합니다. 전혀 다른 곳에서의 해결책이 이 문제에서 해결책이 될 수 있기 때문입니다. 따라서 전 창의에 더 가깝다고 생각합니다.","wordCount":85},"emotion":[],"intent":[{"text":"","expression":"","category":"attitude"}],"summary":{"text":"업무 파악 시에는 숫자에 집중하여 업무의 본질과 제가 설정해야 할 목표를 정합니다. 하지만 일을 수행해 나가는 데 있어 저는 창의성을 더욱 활용한다고 생각합니다.","wordCount":23}}},"rawDataInfo":{"question":{"fileFormat":"wav","fileSize":531278,"duration":16600,"samplingBit":16,"channelCount":1,"samplingRate":"16kHz","audioPath":"/Mock/05.ICT/Male/Experienced/ckmk_q_ict_m_e_245624.wav"},"answer":{"fileFormat":"wav","fileSize":3656718,"duration":114270,"samplingBit":16,"channelCount":1,"samplingRate":"16kHz","audioPath":"/Mock/05.ICT/Male/Experienced/ckmk_a_ict_m_e_245624.wav"}}}