{"version":"1.0","dataSet":{"info":{"date":"20230116","occupation":"ICT","channel":"MOCK","place":"ONLINE","gender":"MALE","ageRange":"45-54","experience":"EXPERIENCED"},"question":{"raw":{"text":"면접자께서 평소 검색을 많이 하신다면 어 어떤 걸 많이 하시는지 설명 부탁 드리겠습니다","wordCount":13},"emotion":[],"intent":[]},"answer":{"raw":{"text":"어 제가 지식이 그렇게 깊지는 않습니다. 상식은 좀 효과적으로 많이 알고 있는 편인데 깊게 지식을 알진 못해요. 그래서 어떠한 질문과 제가 모르는 것이 생겼을 경우에는 항상 검색을 하는 편이구요. 어 주로 검색은 네이버를 통해서 많이 합니다. 근데 이제 그 특이한 상황 사진이랄지 뭐 국제적인 어떤 문제 같은 경우는 어 구글 검색을 하구요. 또 어 세부적인 상황이나 어떤 그 동영상이 필요할 경우에는 이 유튜브 검색을 많이 합니다. 평소 유튜브를 상당히 많이 보고 있구요. 제가 저의 휴식 시간에 거의 팔 할은 유튜브를 보는 걸로 시간을 보내고 있어요. 왜냐하면 유튜브에서는 모든 분야가 다 있지 않습니까. 정치 경제 사회 문화 예능 스포츠 모든 게 다 있기 때문에 어 저는 유튜브 검색을 평소 많이 하고 또 많이 시청을 하고 있습니다. 하지만 지식에 관련돼서는 네이버를 많이 이용하고 있다는 거 그 쪽으로 검색을 굉장히 많이 하고 있습니다.","wordCount":130},"emotion":[],"intent":[{"text":"","expression":"","category":"attitude"}],"summary":{"text":"지식이 깊지는 않은 편이지만 어떤 질문과 제가 모르는 것이 생겼을 경우에는 항상 검색을 하는 편입니다. 주로 네이버를 통해서 많이 검색하고, 세부적인 상황이나 어떤 동영상이 필요할 경우에는 유튜브를 많이 봅니다. 지식에 관련해서는 네이버를 많이 이용하고 있다는 쪽으로 검색을 많이 합니다.","wordCount":39}}},"rawDataInfo":{"question":{"fileFormat":"wav","fileSize":387598,"duration":12110,"samplingBit":16,"channelCount":1,"samplingRate":"16kHz","audioPath":"/Mock/05.ICT/Male/Experienced/ckmk_q_ict_m_e_87116.wav"},"answer":{"fileFormat":"wav","fileSize":2890958,"duration":90340,"samplingBit":16,"channelCount":1,"samplingRate":"16kHz","audioPath":"/Mock/05.ICT/Male/Experienced/ckmk_a_ict_m_e_87116.wav"}}}