{"version":"1.0","dataSet":{"info":{"date":"20230116","occupation":"ICT","channel":"MOCK","place":"ONLINE","gender":"MALE","ageRange":"35-44","experience":"EXPERIENCED"},"question":{"raw":{"text":"우리 회사가 해외 무대로 진출하게 된다면 어디로 가면 좋을지 이유와 함께 말씀해 주세요","wordCount":13},"emotion":[],"intent":[]},"answer":{"raw":{"text":"어 저희 회사가 이제 발전을 하기 위해서는 해외 무대로 진출을 해야 한다. 이런 것들이 있어야 한다면은 저는 어 무조건 나서서 우리 회사가 해외로 진출할 수 있도록 많은 영향력을 끼치고 싶습니다. 어 이제 우리나라에서는 한계가 있다고 생각합니다. 더욱더 회사의 이익이나 회사의 이익 창출을 위해서는 해외로 진출할 수 밖에 없는 상황이고 어 하게 된다면은 저는 일단은 어 많은 인구가 있고 많은 또 어 미래의 유망성이 좋은 쭝국과 그 이후에는 인제 세계에서 가장 유망한 기업들과 베스트 기업들이 모여있는 미국 그리고 또 한편으로는 이제 회사의 발전을 위해서 어 인력이나 뭐 이런 것들이 저렴하고 가성비가 좋은 효율적인 곳 필리핀이라든지 동남아 지역 그렇게 인제 세 군데가 있을 것 같습니다. 그중에서도 일단 회사의 비전이나 미래를 본다면은 미국이나 유럽 쪽으로 진출을 해서 그 부분에서 이제 많은 또 스케월을 쌓아 나가면은 더 많은 효과가 있을 것 같습니다. 이상입니다.","wordCount":129},"emotion":[],"intent":[{"text":"","expression":"","category":"attitude"}],"summary":{"text":"우리 회사가 발전을 위해서 해외 무대로 진출을 해야 합니다. 이런 것들이 있다면 적극적으로 영향력을 끼치고 싶습니다. 우리나라에서는 한계가 있기 때문에 해외 진출할 수 밖에 없는 상황이고, 하게 되면 미국, 필리핀, 동남아 지역 세 군데가 있을 것 같습니다. 그중에서도 미국이나 유럽 쪽으로 진출을 해서 많은 스케월을 쌓아 나가면은 효과가 있을 것입니다.","wordCount":50}}},"rawDataInfo":{"question":{"fileFormat":"wav","fileSize":373838,"duration":11680,"samplingBit":16,"channelCount":1,"samplingRate":"16kHz","audioPath":"/Mock/05.ICT/Male/Experienced/ckmk_q_ict_m_e_140095.wav"},"answer":{"fileFormat":"wav","fileSize":2747598,"duration":85860,"samplingBit":16,"channelCount":1,"samplingRate":"16kHz","audioPath":"/Mock/05.ICT/Male/Experienced/ckmk_a_ict_m_e_140095.wav"}}}