{"version":"1.0","dataSet":{"info":{"date":"20230116","occupation":"ICT","channel":"MOCK","place":"ONLINE","gender":"MALE","ageRange":"35-44","experience":"EXPERIENCED"},"question":{"raw":{"text":"커뮤니케이션을 잘 할 수 있는 본인만의 스킬이 있으신가요 있다면 한 번 소개해 주셨으면 좋겠습니다 가능하다면 보여주시면 잘 이해가 될 것 같아요","wordCount":21},"emotion":[],"intent":[]},"answer":{"raw":{"text":"네 저만의 그 커뮤니케이션 스킬을 생각해 보자면 저는 일단 타인의 말을 경청을 잘 해 주는 편입니다. 어 모든 모든 그 사람이 나이가 먹으면 먹을수록 점점 어 지식의 정보가 풍부해지면서 자신만의 그런 어 흔히 어 속된 말로 어 곤조라고도 하죠. 그런 것들이 굉장히 강해져서 자기 주장을 하기 나름인데 하기 마련인데 저 같은 경우에는 어 그걸 저는 저도 물론 그들을 이해하면서도 어 그들의 말을 끝까지 천천히 경청하고 또 그것에 대해서 공감할 수 있는 부분은 충분히 공감해 줌으로써 그 사람의 말을 최대한 들어주면서 공감과 이해가 저만의 커뮤니케이션 스킬이라고 볼 수 있습니다. 그동안에도 어 여러 트러블이 있었지만 그런 식으로 어프로칭하면 대부분의 그런 트러블 없이 아 사람들과 사람 간의 자연스러운 커뮤니케이션을 할 수 있었던 것으로 저는 기억하고 있습니다.","wordCount":113},"emotion":[],"intent":[{"text":"","expression":"","category":"attitude"}],"summary":{"text":"저는 사람의 말을 경청하고 공감해 주는 공감과 이해가 저만의 커뮤니케이션 스킬이라고 생각합니다. 그동안의 트러블도 그런 식으로 어프로칭하면 자연스러운 커뮤니케이션이 될 수 있었던 것으로 기억하고 있습니다.","wordCount":25}}},"rawDataInfo":{"question":{"fileFormat":"wav","fileSize":636238,"duration":19880,"samplingBit":16,"channelCount":1,"samplingRate":"16kHz","audioPath":"/Mock/05.ICT/Male/Experienced/ckmk_q_ict_m_e_258284.wav"},"answer":{"fileFormat":"wav","fileSize":2315278,"duration":72350,"samplingBit":16,"channelCount":1,"samplingRate":"16kHz","audioPath":"/Mock/05.ICT/Male/Experienced/ckmk_a_ict_m_e_258284.wav"}}}