{"version":"1.0","dataSet":{"info":{"date":"20230116","occupation":"ICT","channel":"MOCK","place":"ONLINE","gender":"MALE","ageRange":"35-44","experience":"EXPERIENCED"},"question":{"raw":{"text":"최근에 재미있게 하고 있는 일이 있으신가요 어 그리고 또 그 일이 왜 재미있는지도 함께 설명해 주시면 좋겠습니다","wordCount":17},"emotion":[],"intent":[]},"answer":{"raw":{"text":"예 최근에 재미있게 하고 있는 것 중의 하나가 어 앱테크인데 어 앱테크라기보다 어떤 자기 계발 어플리케이션에 가깝다고 생각해요. 제가 요즘에 재미있게 하고 있는 챌린저스라는 어플이 있습니다. 그것은 자기가 어떤 목표를 설정을 하고 거기다가 저의 돈을 걸어요. 그래서 그 목표를 완료를 했을 때 그 제가 걸었던 돈 플러스 알파 그게 아주 미미하긴 하지만 조금 그런 리워드를 받으면서 어 두 마리 토끼를 다 잡을 수 있는 어플이라고 생각하거든요. 그래서 제가 영 결정해 놨던 만약에 뭐 삼십 분 운동하기 이래서 삼십 분 동안 운동을 하고 그것을 인증하고 또 만 원을 걸었는데 만 백 원이 들어왔다 이런 것들이 참 소소한 재미가 있어서 요즘에 아주 즐겨 하고 있습니다.","wordCount":103},"emotion":[],"intent":[{"text":"","expression":"","category":"attitude"}],"summary":{"text":"자기 계발 어플리케이션에 가까운 챌린저스는 어떤 목표를 설정하고 거기에 돈을 거는 것으로 목표를 완료했을 때 돈 플러스 알파라는 리워드를 받으면서 두 마리 토끼를 다 잡을 수 있는 어플입니다. 소소한 재미로 요즘 즐겨 하고 있습니다.","wordCount":34}}},"rawDataInfo":{"question":{"fileFormat":"wav","fileSize":404558,"duration":12640,"samplingBit":16,"channelCount":1,"samplingRate":"16kHz","audioPath":"/Mock/05.ICT/Male/Experienced/ckmk_q_ict_m_e_194231.wav"},"answer":{"fileFormat":"wav","fileSize":1793358,"duration":56040,"samplingBit":16,"channelCount":1,"samplingRate":"16kHz","audioPath":"/Mock/05.ICT/Male/Experienced/ckmk_a_ict_m_e_194231.wav"}}}