{"version":"1.0","dataSet":{"info":{"date":"20230116","occupation":"ICT","channel":"MOCK","place":"ONLINE","gender":"MALE","ageRange":"45-54","experience":"EXPERIENCED"},"question":{"raw":{"text":"살면서 지금까지 가장 힘들었던 경험은 무엇이었나요 그렇다면 그것은 어떻게 극복하셨나요","wordCount":10},"emotion":[],"intent":[]},"answer":{"raw":{"text":"저는 오래도록 난독증을 앓고 있었습니다. 저는 처음에 제가 갖고 있는 것이 난독증이라는 것을 알지를 못했습니다. 그냥 어렸을 때 수업을 집중하기가 조금 어려웠던 거 책을 보는데 책이 잘 안 읽히는 거 저는 그것이 그냥 저의 저의 주의력 문제라고 생각을 했었었는데 성인이 성인이 되어서도 글자가 잘 읽히지 않는 것을 자꾸 발견을 하게 되더라구요. 그래서 글자를 보아도 그 글자가 무엇인지를 잘 읽을 수가 없었어요. 이게 저한테는 큰 문제로 작용이 되어 가지고 병원에 가보니까 난독증이라고 하더라고요. 난독증 그러니까 난독증이라는 게 시력에 문제가 있는 게 아니라 글씨를 보고서도 그 글씨가 무엇인지 의미를 파악하는데 굉장히 시간이 오래 걸리는 그런 과정인데 지금은 거의 다 극복을 했는데 어떻게 극복을 했냐면은 한 글자 한 글자 한 단어 씩 천천히 읽으려는 마음으로 이렇게 문장을 바라보면 그 난독증의 해결이 되는 것 같더라고요. 그 과정을 통해서 지금은 그 난독증을 굉장히 많이 극복을 했습니다.","wordCount":131},"emotion":[{"text":"저는 오래도록 난독증을 앓고 있었습니다.","expression":"u-fact","category":"neutral"}],"intent":[{"text":"저는 오래도록 난독증을 앓고 있었습니다.","expression":"c_private","category":"background"}],"summary":{"text":"난독증은 글자를 보고서도 글자의 의미를 파악하는 데 굉장히 시간이 오래 걸리는 과정인데 한 글자 한 글자 씩 천천히 읽으려는 마음으로 문장을 바라보면 그 난독증을 굉장히 많이 극복을 했습니다.","wordCount":28}}},"rawDataInfo":{"question":{"fileFormat":"wav","fileSize":282318,"duration":8820,"samplingBit":16,"channelCount":1,"samplingRate":"16kHz","audioPath":"/Mock/05.ICT/Male/Experienced/ckmk_q_ict_m_e_205793.wav"},"answer":{"fileFormat":"wav","fileSize":2897358,"duration":90540,"samplingBit":16,"channelCount":1,"samplingRate":"16kHz","audioPath":"/Mock/05.ICT/Male/Experienced/ckmk_a_ict_m_e_205793.wav"}}}