{"version":"1.0","dataSet":{"info":{"date":"20230116","occupation":"ICT","channel":"MOCK","place":"ONLINE","gender":"MALE","ageRange":"-34","experience":"EXPERIENCED"},"question":{"raw":{"text":"최근 고령화 사회로 가면서 치매로 인한 문제가 굉장히 많이 대두되고 있습니다 그것과 관련하여 건보 공단이 해야 하는 일과 개선해야 할 방안에 대해서 말씀해 주세요","wordCount":24},"emotion":[],"intent":[]},"answer":{"raw":{"text":"치매 문제는 본인 뿐 아니라 주변 사람이 고통받는 문제도 매우 큽니다. 건보 공단에서는 이러한 부분을 생각하여 경제적 지원 의료적 지원과 더불어 인적 지원 즉 요양 인원의 지원에 무엇보다 노력을 기해야 한다고 생각합니다. 또한 치매 노인에 대한 범죄도 급증하고 있습니다. 따라서 치매에 규격화를 통한 금융 피싱 등 혹은 주변인에 의한 범죄를 막기 위해 치매 노인의 그 역할을 수행하여 보호자 없이 스스로 판단하거나 혹은 이용 당하여 판단하는 일을 예방해야 합니다. 또한 치매에 대한 올바른 인식을 공공 광고 등 공익광고 등을 통해 널리 알려 혹여나 치매 노인을 발견할 경우 대처 등을 널리 알려야 된다고 생각합니다.","wordCount":92},"emotion":[],"intent":[{"text":"","expression":"","category":"attitude"}],"summary":{"text":"치매는 본인 뿐 아니라 주변 사람이 고통받는 문제도 매우 큽니다. 건보 공단에서는 경제적 지원 의료적 지원과 더불어 인적 지원 즉 요양 인원의 지원에 무엇보다 노력을 기해야 한다고 생각합니다.","wordCount":28}}},"rawDataInfo":{"question":{"fileFormat":"wav","fileSize":460238,"duration":14380,"samplingBit":16,"channelCount":1,"samplingRate":"16kHz","audioPath":"/Mock/05.ICT/Male/Experienced/ckmk_q_ict_m_e_244682.wav"},"answer":{"fileFormat":"wav","fileSize":3741518,"duration":116920,"samplingBit":16,"channelCount":1,"samplingRate":"16kHz","audioPath":"/Mock/05.ICT/Male/Experienced/ckmk_a_ict_m_e_244682.wav"}}}