{"version":"1.0","dataSet":{"info":{"date":"20230116","occupation":"ICT","channel":"MOCK","place":"ONLINE","gender":"MALE","ageRange":"35-44","experience":"EXPERIENCED"},"question":{"raw":{"text":"공동체의 가치에 입각 무형문화유산의 보호에 있어 적용되는 사회적 관념은 무엇이라 생각하고 계십니까 지원자님의 생각을 듣고 싶습니다","wordCount":16},"emotion":[],"intent":[]},"answer":{"raw":{"text":"아 이 굉장히 어려운 질문인데요. 아 무형 문화유산이라고 하면은 아 저는 어 이 사회에서는 어 무형 뿐만이 아니라 무형이나 유형이나 모든 문화유산에 있어서 그거를 보존하고 잘 유지 관리를 할 의무가 있다고 생각하고 지금 지금 현재 우리나라는 그것을 꽤나 잘 하고 있다고 생각합니다. 아 무형 문화재든 유형 문화재든 이런 공공재 공동체 가치 이런 이 우리가 이 인간으로서의 대한민국 국민으로서의 삶을 영위하기 위해서는 이런 것들이 굉장히 중요하고 우리 역사에 역사를 역사적으로 생각했을 때도 굉장히 중요한 것이기 때문에 그것을 잘 보존해야 하고 그리고 현재 우리 나라에서도 이 부분에 대해서 아주 잘 수행하고 있다고 생각합니다.","wordCount":91},"emotion":[],"intent":[{"text":"","expression":"","category":"attitude"}],"summary":{"text":"무형 문화유산은 무형이나 유형이나 모든 문화유산에 있어서 보존하고 잘 유지 관리를 할 의무가 있다고 생각하고 현재 우리나라는 그것을 꽤 잘 하고 있다고 생각합니다.","wordCount":23}}},"rawDataInfo":{"question":{"fileFormat":"wav","fileSize":609358,"duration":19040,"samplingBit":16,"channelCount":1,"samplingRate":"16kHz","audioPath":"/Mock/05.ICT/Male/Experienced/ckmk_q_ict_m_e_245726.wav"},"answer":{"fileFormat":"wav","fileSize":1888078,"duration":59000,"samplingBit":16,"channelCount":1,"samplingRate":"16kHz","audioPath":"/Mock/05.ICT/Male/Experienced/ckmk_a_ict_m_e_245726.wav"}}}