{"version":"1.0","dataSet":{"info":{"date":"20230116","occupation":"ICT","channel":"MOCK","place":"ONLINE","gender":"MALE","ageRange":"-34","experience":"EXPERIENCED"},"question":{"raw":{"text":"지원자님께서는 휴식을 취할 때는 주로 어떤 일들을 하십니까 지원자님이 왜 그 일을 하는지 이유도 함께 설명해 주시기 바랍니다","wordCount":18},"emotion":[],"intent":[]},"answer":{"raw":{"text":"휴식을 취할 때는 주로 블로그에 글을 쓰거나 독서를 합니다. 왜냐하면 새로운 지식을 받아들이거나 제가 받아들일 지식을 글로 써 볼 때 잡생각이 사라지고 오히려 긍정적으로 나아가는 느낌을 받기 때문입니다. 또한 머릿속에서만 생각하던 것들을 글로써 표현하면 매우 긍정적인 결과를 얻을 수 있고 이에 놀라게 되실 겁니다. 글로써 정리하면 깨닫지 못했던 다양한 부분과 혹여나 실수하거나 놓쳤던 부분들이 한눈에 보이기 때문입니다. 매우 적극 추천합니다.","wordCount":60},"emotion":[],"intent":[{"text":"","expression":"","category":"attitude"}],"summary":{"text":"휴식을 취할 때는 주로 블로그에 글을 쓰거나 독서를 합니다. 이를 통해 새롭게 깨달은 부분과 실수나 놓쳤던 부분이 한눈에 보이기 때문입니다. 매우 적극 추천합니다.","wordCount":23}}},"rawDataInfo":{"question":{"fileFormat":"wav","fileSize":577678,"duration":18050,"samplingBit":16,"channelCount":1,"samplingRate":"16kHz","audioPath":"/Mock/05.ICT/Male/Experienced/ckmk_q_ict_m_e_251809.wav"},"answer":{"fileFormat":"wav","fileSize":2921038,"duration":91280,"samplingBit":16,"channelCount":1,"samplingRate":"16kHz","audioPath":"/Mock/05.ICT/Male/Experienced/ckmk_a_ict_m_e_251809.wav"}}}