{"version":"1.0","dataSet":{"info":{"date":"20230116","occupation":"ICT","channel":"MOCK","place":"ONLINE","gender":"MALE","ageRange":"-34","experience":"EXPERIENCED"},"question":{"raw":{"text":"살면서 무엇인가 하나에 푹 빠져서 몰두해 본 경험이 있다면 그 경험이 무엇인지 말씀해 주시겠어요","wordCount":14},"emotion":[],"intent":[]},"answer":{"raw":{"text":"네 항상 어떤 일을 할 때 몰두를 계속 하는 편인데 어 최근에 이제 개발자로 어 유사한 직종이었지만 개발자로 어느 정도 직무 전환 교육을 받으면서 한 세 달 정도 교육에 몰두하고 이후에 세 달 정도의 프로젝트에 몰두하였습니다. 그 몰두하여 훌륭하게 어 과정을 수료하였고 현재 개발자로서 업무를 하고 있습니다.","wordCount":47},"emotion":[],"intent":[{"text":"","expression":"","category":"attitude"}],"summary":{"text":"직무 전환 교육을 받으면서 세 달 정도의 교육과 프로젝트에 몰두하여 훌륭한 과정을 수료하였고 현재 개발자로서 업무를 하고 있습니다. 개발자로서 업무 중입니다.","wordCount":21}}},"rawDataInfo":{"question":{"fileFormat":"wav","fileSize":320078,"duration":10000,"samplingBit":16,"channelCount":1,"samplingRate":"16kHz","audioPath":"/Mock/05.ICT/Male/Experienced/ckmk_q_ict_m_e_242827.wav"},"answer":{"fileFormat":"wav","fileSize":1041998,"duration":32560,"samplingBit":16,"channelCount":1,"samplingRate":"16kHz","audioPath":"/Mock/05.ICT/Male/Experienced/ckmk_a_ict_m_e_242827.wav"}}}