{"version":"1.0","dataSet":{"info":{"date":"20230116","occupation":"ICT","channel":"MOCK","place":"ONLINE","gender":"MALE","ageRange":"35-44","experience":"EXPERIENCED"},"question":{"raw":{"text":"업무 시 분쟁이 발생할 때를 대비한 어 지원자 본인만의 대처 방법이 있으실까요 만약에 있다면 그것이 무엇일지 궁금합니다","wordCount":17},"emotion":[],"intent":[]},"answer":{"raw":{"text":"예 업무를 함에 있어서 분쟁이 일어나는 일이 간혹 가다가 있습니다. 그럴 때는 가장 먼저 어 이 이 각자의 그 역할과 책임 그 결국 알앤알이 정의 된 그리고 잡 디스크립션 그거는 그 그 업무 분장표를 서로 자신의 업무 분장표를 완벽하게 이해할 필요가 있습니다. 그래야지 분쟁을 최소화시킬 수 있고요. 그럼에도 불구하고 사람은 감정의 동물이기 때문에 감정이 좀 북받쳐서 어 감정 싸움으로 번질 수가 있는데 그럴 때는 어 아 이 각 자신의 직속 상관 저만의 그 저의 그 직속 상관에게 먼저 저의 고민을 털어놓고 이러한 지금 다른 타 팀과 타 어떤 사람과 이런 갈등이 있다 라는 것을 그 책임자에게 명확하게 전달하고 중재자 역할을 해주기를 간곡하게 요청하는 것이 저만의 방법이라고 할 수 있습니다.","wordCount":109},"emotion":[],"intent":[{"text":"","expression":"","category":"attitude"}],"summary":{"text":"업무 분쟁 발생 시 각자의 업무 분장표를 완벽하게 이해해야 분쟁을 최소화시킬 수 있습니다. 감정 싸움으로 번질 경우 직속 상관에게 고민을 털어놓고 갈등이 있다는 것을 책임자에게 명확하게 전달하고 중재자 역할을 해주기를 요청하는 것이 저만의 방법입니다.","wordCount":34}}},"rawDataInfo":{"question":{"fileFormat":"wav","fileSize":355278,"duration":11100,"samplingBit":16,"channelCount":1,"samplingRate":"16kHz","audioPath":"/Mock/05.ICT/Male/Experienced/ckmk_q_ict_m_e_218131.wav"},"answer":{"fileFormat":"wav","fileSize":2105038,"duration":65780,"samplingBit":16,"channelCount":1,"samplingRate":"16kHz","audioPath":"/Mock/05.ICT/Male/Experienced/ckmk_a_ict_m_e_218131.wav"}}}