{"version":"1.0","dataSet":{"info":{"date":"20230116","occupation":"ICT","channel":"MOCK","place":"ONLINE","gender":"MALE","ageRange":"55-","experience":"EXPERIENCED"},"question":{"raw":{"text":"네이버와 다음 구글 이 세 가지의 검색을 비교해 보시고 각각 이것들이 가진 차이점과 장단점에 대해서 설명해 주세요","wordCount":17},"emotion":[],"intent":[]},"answer":{"raw":{"text":"네이버와 다음은 검색 엔진 성격보다는 포털 성격에 가깝다고 보입니다. 그에 비해서 구글은 어 보다 검색 엔진에 어 특화되어 있다 라고 보여지구요. 검색 엔진으로 사용할 때 실제로 어떤 정보를 입력을 해보면 내게 필요한 정보가 네이버 다음에 비해서 구글이 보다 아 정확하고 나에게 필요한 정보를 제공해 주고 있는 것으로 보입니다. 네이버와 다음의 경우는 어 둘에 성격상 포털 성격으로 비교가 어렵지만 네이버가 좀 더 어 다양한 콘텐츠를 사용자가 보기 편하게 잘 정리해서 어 주는 것 같습니다. 다음의 경우에는 요근래 많이 개편이 되어서 어 간략한 이미지 정보 동영상 정보들을 좀 더 어 콘텐츠들을 제공해 주는 것 같구요. 개인적으로 저는 어 구글 검색을 좀 더 선호하는 편입니다. 콘텐츠보다는 정보 검색이 더 우선시 되기 때문인데요. 어 해외 정보들과 문서 정보 검색이 훨씬 더 좋은 듯합니다.","wordCount":119},"emotion":[],"intent":[{"text":"","expression":"","category":"attitude"}],"summary":{"text":"네이버와 다음은 검색 엔진 성격보다는 포털 성격에 가깝고, 구글은 검색 엔진에 특화되어 있습니다. 네이버는 다양한 콘텐츠를 사용자가 보기 편하게 정리해 주고, 다음은 간략한 이미지 정보 동영상 정보들을 제공해 줍니다. 개인적으로 구글은 콘텐츠보다는 정보 검색을 더 우선시 하기 때문에 더 선호합니다.","wordCount":40}}},"rawDataInfo":{"question":{"fileFormat":"wav","fileSize":337038,"duration":10530,"samplingBit":16,"channelCount":1,"samplingRate":"16kHz","audioPath":"/Mock/05.ICT/Male/Experienced/ckmk_q_ict_m_e_287578.wav"},"answer":{"fileFormat":"wav","fileSize":2793038,"duration":87280,"samplingBit":16,"channelCount":1,"samplingRate":"16kHz","audioPath":"/Mock/05.ICT/Male/Experienced/ckmk_a_ict_m_e_287578.wav"}}}