{"version":"1.0","dataSet":{"info":{"date":"20230116","occupation":"ICT","channel":"MOCK","place":"ONLINE","gender":"MALE","ageRange":"35-44","experience":"EXPERIENCED"},"question":{"raw":{"text":"과거에 어려운 문제를 해결하기 위해 지원자님은 어떤 아이디어를 제안하셨나요 또한 어떤 것들을 하셨었는지 그 문제 해결 과정을 말씀해 주세요","wordCount":19},"emotion":[],"intent":[]},"answer":{"raw":{"text":"네 과거의 회사에서 과거의 회사의 조직이 좀 특수해서 어 세 개의 법인으로 나눠져 있었습니다. 근데 전산실을 하나씩 그 법인 어떻게 보면은 다 이렇게 모회사와 자회사의 관계인데 전산실 세팅함에 있어서 각자 법인이 다르다는 이유로 각자의 회사 사무 공간에 전산실을 세팅하는 것이 굉장히 음 불필요한 지출이 심하게 이뤄질 거라고 저는 생각을 했고 그거에 대해서 어 좀 그 비용을 처리 비용을 좀 아끼기 위해서 마치 아 그 데이터 센터에 구조로 어 그러니까 각 각사의 정보 정보와 인프라는 다 별개로 어 구축이 되지만 공용 인프라 예를 들면 어 유피에스 라든가 에어컨디션 그리고 어 소방시설 등 같은 것은 공유할 수 있도록 하나의 서버 룸으로 구축을 하는 게 어떻겠냐 라는 제안을 했구요. 그것을 어 감독기관에 어 리뷰를 통해서 그것을 허가를 받았고 결국에는 그렇게 전산실을 하나의 전산실로 세팅하고 또 규정에 맞게 각각 각각 회사의 인프라는 어 어떤 어떤 물리적인 분리를 통해서 구축했던 경험이 있습니다.","wordCount":137},"emotion":[{"text":"그것을 어 감독기관에 어 리뷰를 통해서 그것을 허가를 받았고 결국에는 그렇게 전산실을 하나의 전산실로 세팅하고 또 규정에 맞게 각각 각각 회사의 인프라는 어 어떤 어떤 물리적인 분리를 통해서 구축했던 경험이 있습니다.","expression":"u-fact","category":"neutral"}],"intent":[{"text":"","expression":"","category":"attitude"}],"summary":{"text":"과거의 회사에서 세 개의 법인으로 나눠져 있었는데, 전산실 세팅에 있어 법인이 다르다는 이유로 부서 사무 공간에 전산실을 세팅하는 것이 비효율적이라고 생각했습니다. 그래서 데이터를 공유할 수 있도록 하나의 서버 룸으로 구축하는 것을 제안했고 감독기관의 리뷰를 통해 허가를 받았습니다.","wordCount":37}}},"rawDataInfo":{"question":{"fileFormat":"wav","fileSize":615118,"duration":19220,"samplingBit":16,"channelCount":1,"samplingRate":"16kHz","audioPath":"/Mock/05.ICT/Male/Experienced/ckmk_q_ict_m_e_258291.wav"},"answer":{"fileFormat":"wav","fileSize":2739598,"duration":85610,"samplingBit":16,"channelCount":1,"samplingRate":"16kHz","audioPath":"/Mock/05.ICT/Male/Experienced/ckmk_a_ict_m_e_258291.wav"}}}