{"version":"1.0","dataSet":{"info":{"date":"20230116","occupation":"ICT","channel":"MOCK","place":"ONLINE","gender":"MALE","ageRange":"35-44","experience":"EXPERIENCED"},"question":{"raw":{"text":"최근에 관심을 가지고 있는 아이티 분야는 어떤 것이 있나요","wordCount":9},"emotion":[],"intent":[]},"answer":{"raw":{"text":"예 전 최근에는 어 여러 가지 아이티 신기술 분야가 있는데 그중에서 저는 메타버스에 좀 더 주목하고 있습니다. 메타버스가 어 정말 어떻게 보면 허상일 뿐이고 현실 세계하고는 정말 동떨어진 가상 현실이라고만 생각을 하는데 저는 어 이 메타버스 지금 현실 세계에서의 온 그 한계점을 뛰어넘게 해주는 그런 공간이라고 생각을 해서 메타버스 내에도 또 다른 생태계가 생태계가 생길 것이고 그 생태계 안에서 사람들이 경제 활동도 하고 자신의 자신의 아바타가 살아가면서 나 나를 대신해서 어 서로 나를 대신해서 경제 활동을 할 수 있는 그런 세상이 올 거라고 생각을 하는데요. 저 처음에는 메타버스에 대해서 의심이 많았지만 아 불과 이십 년 전만 해도 저희는 어떤 싸이월드라는 어떤 그런 공간에서 가상 화폐를 도토리를 어 유료로 구매를 하면서 그중에서 소비를 해 왔고 그리고 서로 이웃들과 커뮤니케이션을 했다는 점에서 지금 앞으로 다가올 메타버스의 그런 생태계는 어 발전에 무궁무진하다고 생각합니다.","wordCount":130},"emotion":[],"intent":[{"text":"예 전 최근에는 어 여러 가지 아이티 신기술 분야가 있는데 그중에서 저는 메타버스에 좀 더 주목하고 있습니다.","expression":"i_tech_orien","category":"attitude"}],"summary":{"text":"저는 메타버스에 주목합니다. 메타버스는 현실 세계와 다른 가상현실이지만, 현실세계의 한계점을 뛰어넘게 해주는 공간이라고 생각합니다. 이십 년 전 싸이월드라는 공간에서 가상 화폐를 유료로 구매하고 소통을 했다는 점에서 앞으로 메타버스의 생태계는 발전할 수 있다고 생각합니다.","wordCount":33}}},"rawDataInfo":{"question":{"fileFormat":"wav","fileSize":227918,"duration":7120,"samplingBit":16,"channelCount":1,"samplingRate":"16kHz","audioPath":"/Mock/05.ICT/Male/Experienced/ckmk_q_ict_m_e_182505.wav"},"answer":{"fileFormat":"wav","fileSize":2617038,"duration":81780,"samplingBit":16,"channelCount":1,"samplingRate":"16kHz","audioPath":"/Mock/05.ICT/Male/Experienced/ckmk_a_ict_m_e_182505.wav"}}}