{"version":"1.0","dataSet":{"info":{"date":"20230116","occupation":"ICT","channel":"MOCK","place":"ONLINE","gender":"MALE","ageRange":"45-54","experience":"EXPERIENCED"},"question":{"raw":{"text":"살면서 다양한 커뮤니케이션을 경험해 보셨을 텐데요 그중에 가장 어려웠던 커뮤니케이션은 무엇이었나요 구체적으로 말씀해 주세요","wordCount":14},"emotion":[],"intent":[]},"answer":{"raw":{"text":"멕시코인들과 소통을 해야 될 때가 있었습니다. 제가 멕시코에 출장을 간 적이 있어 가지고 멕시코 사람들과 소통을 했었어야 했는데 일단 멕시코 말을 멕시코 언어를 알고 있다고 하더라도 멕시코에서 쓰는 그 언어를 알고 있다고 하더라도 멕시코 사람들이 가지고 있는 그 어떤 특유의 태도 때문에 커뮤니케이션을 하는 것이 굉장히 어려웠었습니다. 멕시코인들은 전반적으로 제 정신들이 아닌 것 같다. 너무 심한 표현일 수도 있지만 좀 그렇게 보입니다. 그래서 그 나라가 그래서 그 나라가 그렇게도 마약을 많이 하는 것인가. 되게 많이 들 떠있는 것 같아요 멕시코 사람들은. 그래서 소통하기가 어려웠지만 시간을 갖고 적응을 하다 보니까 저도 그 멕시코인들처럼 조금 이렇게 들뜰 수 들뜰 수 있게 되는 것 같더라고요.","wordCount":102},"emotion":[],"intent":[{"text":"제가 멕시코에 출장을 간 적이 있어 가지고 멕시코 사람들과 소통을 했었어야 했는데 일단 멕시코 말을 멕시코 언어를 알고 있다고 하더라도 멕시코에서 쓰는 그 언어를 알고 있다고 하더라도 멕시코 사람들이 가지고 있는 그 어떤 특유의 태도 때문에 커뮤니케이션을 하는 것이 굉장히 어려웠었습니다.","expression":"c_private","category":"background"}],"summary":{"text":"멕시코 언어를 알고 있더라도 그들의 특유의 태도 때문에 소통하기가 어려웠지만 시간을 갖고 적응을 하다 보니 저 역시 그 멕시코인들처럼 조금 들뜰 수 들뜰 할 수 있게 되는 것 같습니다.","wordCount":29}}},"rawDataInfo":{"question":{"fileFormat":"wav","fileSize":634958,"duration":19840,"samplingBit":16,"channelCount":1,"samplingRate":"16kHz","audioPath":"/Mock/05.ICT/Male/Experienced/ckmk_q_ict_m_e_206435.wav"},"answer":{"fileFormat":"wav","fileSize":2416718,"duration":75520,"samplingBit":16,"channelCount":1,"samplingRate":"16kHz","audioPath":"/Mock/05.ICT/Male/Experienced/ckmk_a_ict_m_e_206435.wav"}}}