{"version":"1.0","dataSet":{"info":{"date":"20230116","occupation":"ICT","channel":"MOCK","place":"ONLINE","gender":"MALE","ageRange":"35-44","experience":"EXPERIENCED"},"question":{"raw":{"text":"지원자님께서 가장 자신 있는 기술 분야가 뭐죠 한 가지만 한번 골라서 말해주세요","wordCount":12},"emotion":[],"intent":[]},"answer":{"raw":{"text":"가장 자신 있는 미 분야는 통신 분야입니다. 저는 와이어리스 와이어드 와이파이 알에프아이디 이런 통신 분야에 최적화 되어 있습니다. 왜냐하면 제가 의료 기기 장비 통신 시스템을 맡았을 때 각 병원에 있는 층마다 어떻게 와이파이로 연결을 하여 그 무선 신호를 깨지지 않고 사용할 수 있는지에 대한 구성을 많이 했습니다. 천장 몇 미터에 엑세스 포인트를 달아야 되는지 각 몇 미터마다 중첩되는 에너지가 소멸되지 않는지 신호 간섭이 일어나지는 않는지 그리고 어떤 중첩을 이뤘을 때 가장 효과가 좋은 와이파이 신호를 잡을 수 있는지 그 다음에 이 점 사 기가 헤르츠와 오 기가 헤르츠의 차이는 무엇이고 병원에서 사용하는 다른 초음파 기기 및 주파수를 방해하는 장비들과 신호 간섭을 일으키지 않는 최적의 대역 대는 무엇인지에 대해서 논문 및 테스트 실험을 많이 하여 제가 가장 자신 있는 분야는 네트워크 통신 분야입니다.","wordCount":122},"emotion":[],"intent":[{"text":"","expression":"","category":"attitude"}],"summary":{"text":"와이어리스 와이어드 와이파이 알에프아이디 통신 분야에 최적화되어 있습니다. 각 병원에 있는 층마다 어떻게 와이파이로 연결을 하여 무선 신호를 깨지지 않고 사용할 수 있는지에 대한 구성으로 가장 자신 있는 분야는 통신 분야입니다.","wordCount":31}}},"rawDataInfo":{"question":{"fileFormat":"wav","fileSize":273038,"duration":8530,"samplingBit":16,"channelCount":1,"samplingRate":"16kHz","audioPath":"/Mock/05.ICT/Male/Experienced/ckmk_q_ict_m_e_172042.wav"},"answer":{"fileFormat":"wav","fileSize":2206158,"duration":68940,"samplingBit":16,"channelCount":1,"samplingRate":"16kHz","audioPath":"/Mock/05.ICT/Male/Experienced/ckmk_a_ict_m_e_172042.wav"}}}