{"version":"1.0","dataSet":{"info":{"date":"20230116","occupation":"ICT","channel":"MOCK","place":"ONLINE","gender":"MALE","ageRange":"35-44","experience":"EXPERIENCED"},"question":{"raw":{"text":"지금까지 살아오면서 지원자님이 가장 힘들었었던 경험은 어떤 게 있었나요 또 그거를 당시에 극복하셨던 노하우는 무엇인가요","wordCount":15},"emotion":[],"intent":[]},"answer":{"raw":{"text":"어 제가 지금까지 살아오면서 가장 힘들었던 경험을 이제 몇 가지를 뽑을 수가 있는데 어 일단 저는 군 생활이 그게 가장 첫 번째였던 것 같습니다. 군 생활을 처음부터 간부로 시작을 했습니다. 이제 간부 생활을 할려면은 이제 간부 육성 학교를 가서 한 십 육 주 정도 교육을 받게 되는데 아 정말 그때가 지금도 생각해도 굉장히 힘들었던 시기였고 육체적으로나 정신적으로나 어 감 감정적으로나 정말 힘들었던 경험이었던 것 같습니다. 그때 했을 때 제가 극복하는 거에 대해서 터득한 것도 있습니다. 어 분명히 거기서 퇴규라고 해서 탈출 할 수도 있었습니다. 제가 중도 포기를 하면 됐었는데 그럴 수가 없었습니다. 왜 그러냐면 제가 일 주 이 주 해온 시간이 점점 늘어나면서 점점 포기할 수가 없게 되는 상황이 오면서 아 오히려 이 상황을 즐겨보자 이런 마인드를 계속 가졌던 것 같습니다. 그래서 분명히 누구에게나 위기는 옵니다. 힘든 시기는 오는데 그 상황을 점점 부정적으로만 생각하지 말고 어 그 부분을 계속 좋은 쪽과 나에게 이익이 되는 부분이 무엇인지를 계속 갈망하다 보면은 어 그런 부분을 극복하는 데 도움이 될 것 같습니다. 이상입니다.","wordCount":159},"emotion":[],"intent":[{"text":"","expression":"","category":"attitude"}],"summary":{"text":"저는 군 생활을 처음부터 간부로 시작을 했습니다. 간부 육성 학교를 가서 교육을 받는데 굉장히 힘들었던 경험이었습니다. 그때 제가 극복하는 것을 터득한 것도 있고 중도 포기를 할 수 없었던 것도 있습니다. 힘든 시기를 긍정적으로 바라보고 자신에게 이익이 되는 부분을 찾으면 극복에 도움이 될 것 같습니다. 이상입니다.","wordCount":45}}},"rawDataInfo":{"question":{"fileFormat":"wav","fileSize":599118,"duration":18720,"samplingBit":16,"channelCount":1,"samplingRate":"16kHz","audioPath":"/Mock/05.ICT/Male/Experienced/ckmk_q_ict_m_e_140101.wav"},"answer":{"fileFormat":"wav","fileSize":2772558,"duration":86640,"samplingBit":16,"channelCount":1,"samplingRate":"16kHz","audioPath":"/Mock/05.ICT/Male/Experienced/ckmk_a_ict_m_e_140101.wav"}}}