{"version":"1.0","dataSet":{"info":{"date":"20230116","occupation":"ICT","channel":"MOCK","place":"ONLINE","gender":"MALE","ageRange":"35-44","experience":"EXPERIENCED"},"question":{"raw":{"text":"본인이 직접 해외 출장 장소를 선택할 수 있는 기회가 생긴다면 꼭 한 번 나가서 일해보고 싶은 나라가 있을까요 그 이유도 궁금합니다","wordCount":21},"emotion":[],"intent":[]},"answer":{"raw":{"text":"네 저는 어 예전에 젊을 때 결국에는 어렸을 때는 굉장히 선진국에 많이 나가고 싶었어요. 뭐 캐나다라든가 미국 호주 저희 우리나라보다 더 좋은 잘 사는 국가에 나가고 싶었는데 지금은 생각이 좀 다릅니다. 지금 지금은 저희보다 후진국 아 뭐 베트남이라든가 인도 쪽으로 좀 갭 저에게 기회가 된다면 해외 출장을 다 하고 싶습니다. 그쪽에서 사람들이 어떻게 살았는지 그리고 그 그 그들의 삶이 결국에는 저희 대한민국의 과거의 모습을 살고 있을 거라고 예측은 되는데 그런 제가 제가 그동안에 살아왔던 우리 대한민국의 어떤 그런 위기들을 극복하고 했는지 노하우를 그들에게 조금이라도 전달 드리고 싶고요. 또한 그런 후진국에 저희 보단 조금 다소 후진 후진국에서 체류를 하면서 어떤 사업 아이템들을 많이 발굴할 수 있을 것 같다는 그런 아 예상이 되기 때문에 되도록이면 예 저희보다는 후진국으로 출장를 가고 싶습니다.","wordCount":119},"emotion":[],"intent":[{"text":"","expression":"","category":"attitude"}],"summary":{"text":"어릴적에는 선진국에 많이 나가고 싶었지만 지금은 생각이 다릅니다. 지금은 저희보다 후진국 베트남 인도 쪽으로 갭 저는 기회가 된다면 해외 출장을 가고 싶습니다. 되도록이면 저희보다 후진 후진국에서 체류하면서 사업 아이템을 많이 발굴할 수 있을 것 같아 가급적이면 후진국으로 출장을 가겠습니다.","wordCount":39}}},"rawDataInfo":{"question":{"fileFormat":"wav","fileSize":513678,"duration":16050,"samplingBit":16,"channelCount":1,"samplingRate":"16kHz","audioPath":"/Mock/05.ICT/Male/Experienced/ckmk_q_ict_m_e_175906.wav"},"answer":{"fileFormat":"wav","fileSize":2307278,"duration":72100,"samplingBit":16,"channelCount":1,"samplingRate":"16kHz","audioPath":"/Mock/05.ICT/Male/Experienced/ckmk_a_ict_m_e_175906.wav"}}}