{"version":"1.0","dataSet":{"info":{"date":"20230116","occupation":"ICT","channel":"MOCK","place":"ONLINE","gender":"MALE","ageRange":"35-44","experience":"EXPERIENCED"},"question":{"raw":{"text":"만약 지원자님께서 게임 속의 캐릭터라면 어떤 게임에서 또 어떤 역할을 맡아서 생활하고 싶으신가요 그 이유를 설명해 주시기 바랍니다","wordCount":18},"emotion":[],"intent":[]},"answer":{"raw":{"text":"제가 게임을 별로 안 하는 편이긴 한데요. 어 그래도 몇 가지 게임을 굉장히 재미있게 했던 기억이 있습니다. 그중의 하나가 심시티라는 게임이었어요. 이거는 어떤 도시를 건설하고 그 도시를 운영하고 하는 뭐 수도와 전기 그리고 소방 경찰 의료 시설 교육 시설 뭐든지 현실 세계와 같은 인프라를 갖추면서 그 도시를 발전시키는 게임입니다. 그런데 제가 어 게임 속에 캐릭터가 된다 하면은 그러한 심시티의 어떤 시장이 되고 싶습니다. 그 그 도시를 이끌어 가고 어 그 주민들을 좀 더 행복하게 만들 궁리를 하면서 보다 알뜰하고 어 좀 알차게 도시로 운영하고 싶은 그런 캐릭터가 되고 싶습니다.","wordCount":89},"emotion":[],"intent":[{"text":"","expression":"","category":"attitude"}],"summary":{"text":"심시티는 현실 세계와 같은 인프라를 갖추면서 그 도시를 발전시키는 게임입니다. 캐릭터가 된다면 어떤 시장이 되고 싶은데, 도시를 이끌어가고 주민들을 행복하게 만들 궁리를 하며 알차게 운영하고 싶은 캐릭터가 되고 싶습니다.","wordCount":29}}},"rawDataInfo":{"question":{"fileFormat":"wav","fileSize":609998,"duration":19060,"samplingBit":16,"channelCount":1,"samplingRate":"16kHz","audioPath":"/Mock/05.ICT/Male/Experienced/ckmk_q_ict_m_e_182506.wav"},"answer":{"fileFormat":"wav","fileSize":1733518,"duration":54170,"samplingBit":16,"channelCount":1,"samplingRate":"16kHz","audioPath":"/Mock/05.ICT/Male/Experienced/ckmk_a_ict_m_e_182506.wav"}}}