{"version":"1.0","dataSet":{"info":{"date":"20230116","occupation":"ICT","channel":"MOCK","place":"ONLINE","gender":"MALE","ageRange":"55-","experience":"EXPERIENCED"},"question":{"raw":{"text":"본인만의 스트레스 해소 방법이 있다면 그것은 무엇인가요 그리고 왜 그 방법으로 스트레스를 해소하시는지도 함께 얘기해 주세요","wordCount":16},"emotion":[],"intent":[]},"answer":{"raw":{"text":"저는 기본적으로 스트레스에 조금 강한 편입니다. 하지만 스트레스가 없는 사람은 없으니까 저도 부지불식간에 스트레스가 누적되는 경우가 상당히 있겠죠. 저만의 스트레스 해소 방법은 첫 번째는 운동입니다. 저는 매일 아침 인근 어 정발산으로 가서 운동을 합니다. 운동 기구를 통해서 운동도 하고 맨몸 운동도 하고 여러 가지 운동을 합니다. 했을 때의 그 근육으로부터 오는 그러한 그 그 느낌 그 느낌이 저한테는 상당히 도움이 많이 됩니다. 그 느낌으로써 어 스트레스가 해소가 되는 면도 있고 또한 자신감 또한 자신감 또한 붙는 그런 어 느낌도 많이 받습니다. 근육에서 오는 거죠 근력에서 오는 겁니다. 그리고 최근에는 그 노래 이 그 성악이나 뭐 크로스 오버에 대한 그 노래 그 노래를 뭐 따라 한다거나 또 발성을 갖다가 크게 좀 한 번 해 본다거나 이런 것으로 그 스트레스 해소를 하고 있습니다. 이 또한 어 어느 정도 성취감이 있어서 어 스트레스 해소에는 많은 도움이 된다고 봅니다.","wordCount":135},"emotion":[],"intent":[{"text":"","expression":"","category":"attitude"}],"summary":{"text":"스트레스 해소를 위해 저만의 스트레스 해소 방법은 매일 아침 정발산에서 운동을 하는데, 그 근육으로부터 오는 그 느낌 덕분에 스트레스 해소가 되고 자신감도 붙습니다. 또한 최근에는 성악이나 크로스오버에 대한 노래에 흥미를 느끼고 있습니다.","wordCount":32}}},"rawDataInfo":{"question":{"fileFormat":"wav","fileSize":322638,"duration":10080,"samplingBit":16,"channelCount":1,"samplingRate":"16kHz","audioPath":"/Mock/05.ICT/Male/Experienced/ckmk_q_ict_m_e_287145.wav"},"answer":{"fileFormat":"wav","fileSize":3296398,"duration":103010,"samplingBit":16,"channelCount":1,"samplingRate":"16kHz","audioPath":"/Mock/05.ICT/Male/Experienced/ckmk_a_ict_m_e_287145.wav"}}}