{"version":"1.0","dataSet":{"info":{"date":"20230116","occupation":"ICT","channel":"MOCK","place":"ONLINE","gender":"MALE","ageRange":"55-","experience":"EXPERIENCED"},"question":{"raw":{"text":"만약 입사 후에 상사가 업무와 무관한 일을 시켜도 수행하실 수 있으신가요 아니면 수행하지 않으실 것인지 궁금합니다","wordCount":16},"emotion":[],"intent":[]},"answer":{"raw":{"text":"안녕하세요 에 평소에 상사와 그 관계가 원활하고 좋으면은 될 것 같습니다. 그 이 경우에 따라서는 상사하고 잘 사귀지 못하면 업무 수행에도 크게 문제가 되겠지만 상 서로 상부상조하고 서 도우면은 상사와 업무가 상사가 업무에 무관한 일을 시켜도 그것을 그냥 좋게 받아들이고 일을 할 것 같습니다. 근데 저는 늘 그랬지만 젊은 시절 때는 뭐 그렇게 그 좀 따지는 성격이 있는데 세상을 살아보니까 그렇게 너무 따져 가지고는 살기가 어렵다 라고 생각했습니다. 그래서 늘 원만하고 인간관계를 좋게 하는 것이 제 서 소망이었습니다. 이상입니다.","wordCount":79},"emotion":[],"intent":[{"text":"","expression":"","category":"attitude"}],"summary":{"text":"평소 상사와 그 관계가 원만하고 좋으면 될 것 같습니다. 서로 상부상조하고서 도우면 상사가 업무에 무관한 일을 시켜도 좋게 받아들이고 일을 할 것 같은데 너무 따져서는 살기가 어렵다고 생각했습니다.","wordCount":28}}},"rawDataInfo":{"question":{"fileFormat":"wav","fileSize":437838,"duration":13680,"samplingBit":16,"channelCount":1,"samplingRate":"16kHz","audioPath":"/Mock/05.ICT/Male/Experienced/ckmk_q_ict_m_e_229115.wav"},"answer":{"fileFormat":"wav","fileSize":3718478,"duration":116200,"samplingBit":16,"channelCount":1,"samplingRate":"16kHz","audioPath":"/Mock/05.ICT/Male/Experienced/ckmk_a_ict_m_e_229115.wav"}}}