{"version":"1.0","dataSet":{"info":{"date":"20230116","occupation":"ICT","channel":"MOCK","place":"ONLINE","gender":"MALE","ageRange":"35-44","experience":"EXPERIENCED"},"question":{"raw":{"text":"지원자님께서는 혹시 매일 공부하고 있으신 분야가 따로 있으십니까 만약에 있으시다면 지원자님께서 그걸 왜 공부하시는지도 함께 설명해 주시기 바랍니다","wordCount":18},"emotion":[],"intent":[]},"answer":{"raw":{"text":"예 요즘에는 부동산에 대해서 좀 공부를 매일 하고 있습니다. 어 물론 지금으로써는 아 매일매일 그 부동산 관련된 기사를 읽어 읽고 그 기사가 시사하는 바를 파악하기 위해서 노력을 하고 있구요. 어 좀 나아가서는 이제 경매 공부를 하고 싶어서 경매 준비 공부 준비를 하고 있습니다. 현재는 어 지금 이 부동산 시대 이 대한민국의 부동산 시장은 좀 다른 나라와는 조금 상이하게 움직이는 것 같다는 생각이 들어서 이 한국 부동산 대한민국 부동산의 특수성에 대해서 이해하고 그리고 어 어떻게 이 부동산으로 인해서 부동산으로 통해서 제 부를 부를 좀 더 늘려 나갈 수 있도록 그렇게 많은 고민을 하고 있습니다. 에 매일매일 공부하는 것이 부동산 분야입니다.","wordCount":99},"emotion":[],"intent":[{"text":"","expression":"","category":"attitude"}],"summary":{"text":"요즘에는 부동산에 대해 매일 부동산 관련 기사를 읽고 시사하는 바를 파악하기 위해 공부하고, 경매 준비를 하고 있습니다. 한국 부동산의 특수성에 대해 이해하고 어떻게 제 부를 더 늘려나갈 수 있도록 매일 부동산을 공부합니다.","wordCount":32}}},"rawDataInfo":{"question":{"fileFormat":"wav","fileSize":616398,"duration":19260,"samplingBit":16,"channelCount":1,"samplingRate":"16kHz","audioPath":"/Mock/05.ICT/Male/Experienced/ckmk_q_ict_m_e_230072.wav"},"answer":{"fileFormat":"wav","fileSize":1997518,"duration":62420,"samplingBit":16,"channelCount":1,"samplingRate":"16kHz","audioPath":"/Mock/05.ICT/Male/Experienced/ckmk_a_ict_m_e_230072.wav"}}}