{"version":"1.0","dataSet":{"info":{"date":"20230116","occupation":"ICT","channel":"MOCK","place":"ONLINE","gender":"MALE","ageRange":"-34","experience":"EXPERIENCED"},"question":{"raw":{"text":"지원자님께서 업무 시 분쟁이 발생할 때를 대비한 본인만의 대처법이 있나요 본인만의 대처법이 있다면 무엇인지 궁금합니다 얘기해 보세요","wordCount":17},"emotion":[],"intent":[]},"answer":{"raw":{"text":"업무시 분쟁은 주로 사로 타 부서 간 이 권이 걸려 있거나 한쪽 부서에 업무에 부담이 지나치게 되는 경우와 혹은 팀 내부에서 팀원들 간의 불화 혹은 성과에 대한 불화 으로 업무 분쟁이 발생한다고 생각합니다. 우선 타 부서와의 업무 분쟁 시에는 최대한 상호 간의 일에 대한 목적성 타당성에 대해 공감하는 부분을 넓혀야 합니다. 그러한 공감대 위해서 각자의 팀에 맞는 역할을 수행하고 그렇게 분배된 역할을 충실히 수행하는 방향으로 갈 수 있습니다. 팀 내부의 상황인 경우 팀원들 간에 신뢰 회복이 최우선됩니다 서로가 믿지 못하고 서로가 경쟁을 하는 상황은 매우 좋지 못합니다. 팀원 모두가 공동의 목표로 나아갈 수 있도록 원 팀으로써 서로 위해주는 진정한 팀이 되어야 합니다.","wordCount":102},"emotion":[],"intent":[{"text":"","expression":"","category":"attitude"}],"summary":{"text":"타 부서와의 업무 분쟁 시에는 일에 대한 목적성 타당성에 대해 공감하는 부분을 넓혀야 합니다. 팀 내부의 상황인 경우 팀원들 간에 신뢰 회복이 최우선입니다. 모두가 공동의 목표로 나아가도록 원 팀으로써 서로 위해주는 진정한 팀이 되어야 합니다.","wordCount":35}}},"rawDataInfo":{"question":{"fileFormat":"wav","fileSize":626638,"duration":19580,"samplingBit":16,"channelCount":1,"samplingRate":"16kHz","audioPath":"/Mock/05.ICT/Male/Experienced/ckmk_q_ict_m_e_246237.wav"},"answer":{"fileFormat":"wav","fileSize":3759438,"duration":117480,"samplingBit":16,"channelCount":1,"samplingRate":"16kHz","audioPath":"/Mock/05.ICT/Male/Experienced/ckmk_a_ict_m_e_246237.wav"}}}