{"version":"1.0","dataSet":{"info":{"date":"20230116","occupation":"ICT","channel":"MOCK","place":"ONLINE","gender":"MALE","ageRange":"35-44","experience":"EXPERIENCED"},"question":{"raw":{"text":"어 여러 사람들과 함께 일을 하다 보면 어 갈등이 생기는 것은 불가피한 상황입니다 어 지원자님께서는 이러한 갈등 상황에서 어떻게 대처를 하시나요","wordCount":21},"emotion":[],"intent":[]},"answer":{"raw":{"text":"이 조직 생활을 하다 보면 어 그 갈등이 생기는 부분이 굉장히 자연스럽다고 생각합니다. 서로 이 세상에 많은 사람들이 각기 생각하는 것도 다르고 각자 추구하는 것 가치관도 굉장히 다양하기 때문에 이런 갈등이 발생을 할 수 밖에 없고요. 하지만 이런 조직에서의 갈등이 생기면은 어 언제나 이런 그 명확한 증빙 자료가 필요할 것 같아요. 그래서 어떤 어 부서마다 정해진 롤 그 역할과 책임에 대한 그런 롤 앤 리스판서빌리티가 정의가 돼 있을 건데 보통 이것들이 어 이것들을 이 문서를 찾아서 이 명시되어 있는 부분을 명확하게 짚고 그리고 이 이 문구들이 불명확하다면 어 이런 그 관리자급 관리자나 또는 임원진들에게 아 이걸 그 명확하게 이 도큐먼트를 수정을 해서 결국에는 이 갈등을 최소화시키는 서로에 대한 그런 합의점을 표출할 수 있도록 노력할 겁니다.","wordCount":115},"emotion":[],"intent":[{"text":"","expression":"","category":"attitude"}],"summary":{"text":"조직생활에서 갈등이 생기는 부분이 자연스러움에도 불구하고 조직갈등 발생 시 명확한 증빙자료가 필요합니다. 그래서 역할과 책임에 대한 롤 앤 리스판서빌리티의 정의를 명확하게 하고 도큐먼트를 수정해 갈등을 최소화하는 합의점을 표출할 수 있도록 노력할 것입니다.","wordCount":32}}},"rawDataInfo":{"question":{"fileFormat":"wav","fileSize":572238,"duration":17880,"samplingBit":16,"channelCount":1,"samplingRate":"16kHz","audioPath":"/Mock/05.ICT/Male/Experienced/ckmk_q_ict_m_e_194112.wav"},"answer":{"fileFormat":"wav","fileSize":2295758,"duration":71740,"samplingBit":16,"channelCount":1,"samplingRate":"16kHz","audioPath":"/Mock/05.ICT/Male/Experienced/ckmk_a_ict_m_e_194112.wav"}}}