{"version":"1.0","dataSet":{"info":{"date":"20230116","occupation":"ICT","channel":"MOCK","place":"ONLINE","gender":"MALE","ageRange":"55-","experience":"EXPERIENCED"},"question":{"raw":{"text":"가장 효율적인 알고리즘과 비효율적인 알고리즘은 무엇인가요","wordCount":6},"emotion":[],"intent":[]},"answer":{"raw":{"text":"알고리즘이라고 하는 것이 시작을 통해서 어 결과물이 나오고 또 어떤 원인을 통해서 중간 과정을 거쳐서 어 결과물을 뽑아내는 데에 그 과정을 어떻게 어 구성하느냐 라는 관점으로 볼 때 효율적인 알고리즘이라고 한다면 어 가장 어 논리적인 구조로 되어 있는 어 그 그런 프로그래밍 로직을 통해서 빠르게 결과를 뽑아낼 수 있다는 측면으로 이해가 되는데요. 결국 프로그래밍 코드로 전환되어서 수행한다고 보았을 때 결국 컴퓨팅 자원을 쓰게 되는 것이고 효율적인 알고리즘을 통해 구현된 코딩은 프로그램은 어 컴퓨터의 자원도 덜 먹게 되고 전기도 덜 쓰게 되고 결과물도 빨리 나오기 때문에 또 생산적이기도 하면서 친환경적이라고 생각이 됩니다. 그에 비해 비효율적인 알고리즘이라고 한다면 어 효율적인 말고리즘의 반대가 아닐까요. 그렇게 생각이 됩니다.","wordCount":104},"emotion":[],"intent":[{"text":"","expression":"","category":"attitude"}],"summary":{"text":"효율적인 알고리즘은 논리적인 프로그래밍 로직을 통해서 결과물을 빠르게 뽑아낼 수 있는 측면으로 이해됩니다. 효율적인 알고리즘을 통해 구현된 코딩은 프로그램은 자원과 전기의 소모가 적고, 결과물도 빨리 나오기 때문에 생산적이기도 하면서 친환경적이라고 생각됩니다.","wordCount":31}}},"rawDataInfo":{"question":{"fileFormat":"wav","fileSize":267598,"duration":8360,"samplingBit":16,"channelCount":1,"samplingRate":"16kHz","audioPath":"/Mock/05.ICT/Male/Experienced/ckmk_q_ict_m_e_285351.wav"},"answer":{"fileFormat":"wav","fileSize":2682958,"duration":83840,"samplingBit":16,"channelCount":1,"samplingRate":"16kHz","audioPath":"/Mock/05.ICT/Male/Experienced/ckmk_a_ict_m_e_285351.wav"}}}