{"version":"1.0","dataSet":{"info":{"date":"20230116","occupation":"ICT","channel":"MOCK","place":"ONLINE","gender":"MALE","ageRange":"45-54","experience":"EXPERIENCED"},"question":{"raw":{"text":"어 본인의 어떤 장점도 있을 수 있고 단점이 있겠죠 그런데 본인이 생각하는 장단점이 아닌 다른 사람이 나를 생각하는 어떤 본인의 장단점이 있을 수 있어요 그런 객관적인 장단점을 말씀해 보세요","wordCount":29},"emotion":[],"intent":[]},"answer":{"raw":{"text":"뭐 다른 사람이 저를 보는 시각하고 제가 제 스스로를 보는 시각이 뭐 당연히 다르기 때문에 뭐 좀 제 생각과 다를 순 있지만 제가 느낄 때 어 다른 사람이 생각하는 저의 장점은 어 좀 침착함입니다. 저는 가능한 어떤 뭐 사건이나 사고에 대해서 흥분하지 않는 편입니다. 가능하면 그것을 좀 객관적으로 바라보려고 하고 한 발짝 떨어진 시선에서 아니면 상대방의 시선에서 이 사건에나 이 문제에 대해서 보고 이걸 해결하려고 애를 쓰는 편입니다. 물론 이런 시선 때문에 약간 좀 뭐 행동이 느리다든지 판단이 느려지는 경우도 있는 것으로 알고 있습니다. 뭐 그것이 오히려 너무 어떻게 보면 다른 사람들이 봤을 때 저희 단점일 수도 있겠다는 생각을 합니다. 뭐 우유부단했다고 평가를 할 수도 있고 신중하다고 평가를 할 수도 있지만 저는 가능한 사건 사고에 대해서는 빨리 판단하려 하지 않는 편입니다. 물론 그게 이제 좋은 거일 때도 마찬가지입니다. 물론 좋은 것은 순수하게 그 자체로 느껴야 되는 거지만 좋으면 좋은 대로 나쁘면 나쁜 대로 어 좋아서 좋은 점과 좋아서 나쁜 점을 한번 생각해보는 편입니다. 저는 대체적으로 침착하면서 한편으로는 너무 신중한 게 단점이라고 생각합니다.","wordCount":162},"emotion":[],"intent":[{"text":"","expression":"","category":"attitude"}],"summary":{"text":"다른이와 제 스스로를 보는 시각이 달라서 제 장점은 침착함입니다. 저는 사건 사고에 대해 흥분하지 않고 객관적으로 바라보려고 합니다. 이러한 시선 때문에 행동이 느리거나 판단이 느려질 수 있지만 다른이가 봤을 때는 단점일 수도 있다고 생각합니다. 우유부단하다고 평가할 수도 있고 신중하다고 할 수도 있지만 가능한 사건 사고는 빨리 판단하지 않는 편입니다.","wordCount":49}}},"rawDataInfo":{"question":{"fileFormat":"wav","fileSize":550478,"duration":17200,"samplingBit":16,"channelCount":1,"samplingRate":"16kHz","audioPath":"/Mock/05.ICT/Male/Experienced/ckmk_q_ict_m_e_43951.wav"},"answer":{"fileFormat":"wav","fileSize":2802958,"duration":87590,"samplingBit":16,"channelCount":1,"samplingRate":"16kHz","audioPath":"/Mock/05.ICT/Male/Experienced/ckmk_a_ict_m_e_43951.wav"}}}