{"version":"1.0","dataSet":{"info":{"date":"20230116","occupation":"ICT","channel":"MOCK","place":"ONLINE","gender":"MALE","ageRange":"35-44","experience":"EXPERIENCED"},"question":{"raw":{"text":"지원자님이 일을 하던 중에 팀원과 불화가 생겼습니다 이때 지원자님은 어떻게 해결하실 건가요 그 해결법과 그렇게 생각한 이유를 말씀해 주세요","wordCount":19},"emotion":[],"intent":[]},"answer":{"raw":{"text":"모든 업무를 하다보면 팀원들과 반드시 불화는 생기게 되어 있습니다. 과연 그것을 불화해서 갈등을 넘어 완전히 척을 지는 싸움꾼이 될 것인가 아니면 그 불화를 일으킨 팀원을 내 내 쪽으로 끌어안을 것인가는 저의 능력이라고 생각합니다. 저는 우선 그 팀원과 어떤 일에 불화가 생겼는지 자세하게 문제를 파악해 볼 것입니다. 주변 동료들 그 팀원과 친한 동료들의 속내도 들어보고 그 팀원이 언제부터 그런 불안을 겪게 됐는지 언제부터 불만이 있었는지를 확인한 다음에 그것을 가지고 상사와 팀원과의 문제가 아닌 사람 대 사람으로서 정확하게 한번 논의를 해보고 싶습니다. 이것이 서로에게 해결이 될 문제인지 아니면 단순한 감정 싸움인지 확인을 해 본 다음에 커피 및 술을 한 잔 하면서 더 진솔한 대화를 나눠보고 싶습니다. 그리고 그래도 해결이 되지 않는다면 지금까지 갖고 있던 불만을 종이나 리포트에 써서 서로 한 번 서로의 입장을 바꿔보면서 어떤 보고서에 불만이 있었고 어떤 부분에서 문제가 틀어졌는지를 정확히 확인한 다음에 그것을 하나하나 지워나가는 방식으로 위시 리스트를 만들 것 같습니다.","wordCount":142},"emotion":[],"intent":[{"text":"","expression":"","category":"attitude"}],"summary":{"text":"모든 업무를 하다보면 팀원들과 반드시 불화는 생기게 되어 있습니다. 저는 팀원과 어떤 일에 불화가 생겼는지 자세하게 파악해 볼 것입니다. 그리고 이것이 서로가 해결이 될 문제인지 단순한 감정 싸움이인지 확인하고 싶습니다. 그리고 지금까지 갖고 있던 불만을 종이나 리포트에 써서 서로 한 번 입장을 바꿔보면서 위시 리스트를 만들 것 같습니다.","wordCount":48}}},"rawDataInfo":{"question":{"fileFormat":"wav","fileSize":471118,"duration":14720,"samplingBit":16,"channelCount":1,"samplingRate":"16kHz","audioPath":"/Mock/05.ICT/Male/Experienced/ckmk_q_ict_m_e_156765.wav"},"answer":{"fileFormat":"wav","fileSize":2654798,"duration":82960,"samplingBit":16,"channelCount":1,"samplingRate":"16kHz","audioPath":"/Mock/05.ICT/Male/Experienced/ckmk_a_ict_m_e_156765.wav"}}}