{"version":"1.0","dataSet":{"info":{"date":"20230116","occupation":"ICT","channel":"MOCK","place":"ONLINE","gender":"MALE","ageRange":"35-44","experience":"EXPERIENCED"},"question":{"raw":{"text":"특별히 가고 싶은 회사가 있나요 특정 도메인이 중요한지 회사의 분위기가 중요한지 어떤 점을 중점적으로 보시는지 말씀해 주세요","wordCount":17},"emotion":[],"intent":[]},"answer":{"raw":{"text":"특별히 가고 싶은 회사가 뭔지 콕 찝어서 말씀드릴 기는 굉장히 어렵고요. 어 저는 어 어떤 글로벌 탑 티어 같은 그런 어 아주 유명한 큰 회사 큰 조직의 일원이 되는 것 보다는 어 좀 더 잠재력이 있는 어 중소기업 강소기업들이 더 어 제가 원하는 가고 싶어하는 회사인 것 같습니다. 그쪽에서 어 그 그런 조직의 일원이 돼서 어 잘 마련되지 않는 인프라들 아이티 인프라와 어떤 보안 정책들을 제가 새로이 수립하고 세팅을 하면서 일궈나가는 것에 대해서 큰 성취감을 얻는 스타일이기 때문에 이미 다 만들어진 밥상에 만들어진 판에 제가 일원이 되는 것 보다는 제가 스스로 진취적으로 어 어 성취하는 것에 대해서 굉장히 보람을 많이 느끼는 어 스타일을 갖고 있습니다.","wordCount":105},"emotion":[],"intent":[{"text":"","expression":"","category":"attitude"}],"summary":{"text":"특별히 가고 싶은 회사가 무엇인지 콕 찝어서 말씀드리기 어려우나, 잠재력이 있는 중소기업 강소기업들이 더 원하는 회사인 것 같습니다. 그 조직의 일원이 돼 새로이 수립하고 세팅을 하면서 성취하는 것에 보람을 많이 느끼는 스타일입니다.","wordCount":32}}},"rawDataInfo":{"question":{"fileFormat":"wav","fileSize":373518,"duration":11670,"samplingBit":16,"channelCount":1,"samplingRate":"16kHz","audioPath":"/Mock/05.ICT/Male/Experienced/ckmk_q_ict_m_e_182619.wav"},"answer":{"fileFormat":"wav","fileSize":1885518,"duration":58920,"samplingBit":16,"channelCount":1,"samplingRate":"16kHz","audioPath":"/Mock/05.ICT/Male/Experienced/ckmk_a_ict_m_e_182619.wav"}}}