{"version":"1.0","dataSet":{"info":{"date":"20230116","occupation":"ICT","channel":"MOCK","place":"ONLINE","gender":"MALE","ageRange":"-34","experience":"EXPERIENCED"},"question":{"raw":{"text":"전공 외에 본인이 수준급의 실력이 될 정도로 노력을 해 본 것이 있나요 있다면 전공과 관련해 어떤 도움을 주는지도 궁금합니다","wordCount":19},"emotion":[],"intent":[]},"answer":{"raw":{"text":"네 사실 보시다시피 저의 학부 시절 전공은 공학 계열이었습니다. 하지만 컴퓨터 계열이 아니었습니다. 제가 경력을 쌓아 나가던 과정 중 컴퓨터 비전 에이아이에 관심을 가지게 되었고 저는 새로운 지식 전공이 아닌 지식에 대한 공부가 필요했습니다. 따라서 저는 전 프로그래밍 공부를 시작하였습니다. 머신 러닝에 이용하고 활용도가 가장 높은 언어를 찾아보았고 그 중 파이썬을 선택하였습니다. 이후에 부족한 컴퓨터 지식은 버클리에 공개된 강의 자료를 통해 학습하였고 추가적으로 컴퓨터 비전 머신 러닝에 관련된 부분은 스탠포드의 씨에스 이 삼 일 엔 강의를 수강하여 대략 십 육 강 강의 당 한 시간 삼십 분 분량을 공부하였습니다. 그리하여 부족한 제 전공 실력을 매울 수 있었다고 생각합니다.","wordCount":98},"emotion":[{"text":"네 사실 보시다시피 저의 학부 시절 전공은 공학 계열이었습니다.","expression":"u-fact","category":"neutral"}],"intent":[{"text":"따라서 저는 전 프로그래밍 공부를 시작하였습니다.","expression":"i_hwsw_prfi","category":"attitude"},{"text":"머신 러닝에 이용하고 활용도가 가장 높은 언어를 찾아보았고 그 중 파이썬을 선택하였습니다.","expression":"i_hwsw_prfi","category":"attitude"},{"text":"이후에 부족한 컴퓨터 지식은 버클리에 공개된 강의 자료를 통해 학습하였고 추가적으로 컴퓨터 비전 머신 러닝에 관련된 부분은 스탠포드의 씨에스 이 삼 일 엔 강의를 수강하여 대략 십 육 강 강의 당 한 시간 삼십 분 분량을 공부하였습니다.","expression":"i_hwsw_prfi","category":"attitude"}],"summary":{"text":"저는 학부 시절 컴퓨터 비전 에이아이에 관심을 가지고 프로그래밍 공부를 시작했습니다. 이후 버클리와 스탠포드의 강의를 수강하여 컴퓨터 비전 머신 러닝에 관련된 부분을 학습하여 부족한 전공 실력을 매울 수 있었습니다.","wordCount":29}}},"rawDataInfo":{"question":{"fileFormat":"wav","fileSize":384078,"duration":12000,"samplingBit":16,"channelCount":1,"samplingRate":"16kHz","audioPath":"/Mock/05.ICT/Male/Experienced/ckmk_q_ict_m_e_245632.wav"},"answer":{"fileFormat":"wav","fileSize":3888078,"duration":121500,"samplingBit":16,"channelCount":1,"samplingRate":"16kHz","audioPath":"/Mock/05.ICT/Male/Experienced/ckmk_a_ict_m_e_245632.wav"}}}