{"version":"1.0","dataSet":{"info":{"date":"20230116","occupation":"ICT","channel":"MOCK","place":"ONLINE","gender":"MALE","ageRange":"35-44","experience":"EXPERIENCED"},"question":{"raw":{"text":"인생을 살아가다 보면 수많은 갈등 상황을 만나게 됩니다 지원자님께서는 그동안 인생에서 겪었던 갈등들 중에서 가장 심각했던 갈등은 무엇입니까 한 가지만 골라서 말씀해 주시기 바랍니다","wordCount":24},"emotion":[],"intent":[]},"answer":{"raw":{"text":"인생에서 겪었던 가장 심각한 갈등은 바로 중학교 삼 학년 때 고등학교 입학 원서를 쓰는 때였습니다. 저는 그때 당시 특수 목적 고등학교 특목고를 갈 정도의 실력을 갖고 있었고 분명히 부모님이 선생님도 그렇게 지원을 하라고 했었습니다. 하지만 저는 특목고에 가서 뛰어난 친구들과 경쟁을 하고 싶지도 않았고 하루에 열 다섯 시간씩 야간 자율학습을 하면서 공부를 하고 싶지 않아 공부를 좀 못하고 남녀공학인 학교로 진로를 갑자기 바꿔버렸습니다. 그때 담임 선생님과 부모님의 극구 만류와 엄청난 꾸지람에도 저는 제 뜻을 굽히지 않았고 부모님과 담임 선생님에 이렇게 말했습니다. 여기 가서 뱀에 머리가 되겠습니다. 더 공부 열심히 하고 더 좋은 성적으로 나중에 보답하겠습니다 라고 했을 때 부모님은 그건 니가 아직 어려서 모른다 니가 학교가 얼마큼 환경에 중요한 건지 학생에게 환경이 얼마나 중요한 건지를 니가 깨달아야 된다 라고 했지만 그래도 저는 결국 제 뜻을 굽히지 않았고 그렇게 공부를 못하고 남녀공학인 학교를 가서 공부도 안하고 여자친구도 사귀고 싶었지만 사귀지도 못하고 결국 고등학교 삼 학년 때 수학능력시험 점수도 잘 나오지 못해 좋은 대학교를 가지 못했습니다. 그것이 부모님과 겪은 제 인생에 가장 큰 갈등이었습니다.","wordCount":162},"emotion":[],"intent":[{"text":"","expression":"","category":"attitude"}],"summary":{"text":"중학교 삼 학년 때 고등학교 입학 원서를 쓰는 때였습니다. 부모님은 특목고 지원을 추천하셨는데 저는 공부를 좀 못하고 남녀공학 학교로 진로를 바꿨습니다. 부모님의 만류와 꾸지람에도 저는 뜻을 굽히지 않았고 결국 공부도 안하고  좋은 대학교를 가지 못했습니다. 그것이 부모님과 겪은 제 인생에 가장 큰 갈등이었습니다.","wordCount":43}}},"rawDataInfo":{"question":{"fileFormat":"wav","fileSize":609998,"duration":19060,"samplingBit":16,"channelCount":1,"samplingRate":"16kHz","audioPath":"/Mock/05.ICT/Male/Experienced/ckmk_q_ict_m_e_177513.wav"},"answer":{"fileFormat":"wav","fileSize":2732878,"duration":85400,"samplingBit":16,"channelCount":1,"samplingRate":"16kHz","audioPath":"/Mock/05.ICT/Male/Experienced/ckmk_a_ict_m_e_177513.wav"}}}