{"version":"1.0","dataSet":{"info":{"date":"20230116","occupation":"ICT","channel":"MOCK","place":"ONLINE","gender":"MALE","ageRange":"55-","experience":"EXPERIENCED"},"question":{"raw":{"text":"살면서 다양한 커뮤니케이션을 경험해 보셨을 텐데요 혹시 그중에서 제일 어려웠던 경험을 한 가지만 꼽자면 그것은 무엇이었나요","wordCount":16},"emotion":[],"intent":[]},"answer":{"raw":{"text":"커뮤니케이션이라고 하면 어 대인 간의 소통과 대화를 말씀하시는 것 같은데요. 어 가장 소통 커뮤니케이션하기 어려운 분들이 일방적인 사람들이었던 것 같습니다. 자기 이야기를 하고 남의 이야기를 잘 듣지 않고 자기 방식대로 고집을 하면서 어 그것을 강요하는 그런 커뮤니케이션 음 가지고 있었던 뭐 동료나 뭐 상사나 이런 분들이 어 참 어려웠던 것 같아요.","wordCount":51},"emotion":[],"intent":[{"text":"","expression":"","category":"attitude"}],"summary":{"text":"일방적인 사람들, 특히 동료나 상사나 이런 분들은 자기 방식대로 고집을 하면서 그것을 강요하는 커뮤니케이션이 참 어려웠던 것 같습니다.","wordCount":18}}},"rawDataInfo":{"question":{"fileFormat":"wav","fileSize":356558,"duration":11140,"samplingBit":16,"channelCount":1,"samplingRate":"16kHz","audioPath":"/Mock/05.ICT/Male/Experienced/ckmk_q_ict_m_e_285350.wav"},"answer":{"fileFormat":"wav","fileSize":1461198,"duration":45660,"samplingBit":16,"channelCount":1,"samplingRate":"16kHz","audioPath":"/Mock/05.ICT/Male/Experienced/ckmk_a_ict_m_e_285350.wav"}}}