{"version":"1.0","dataSet":{"info":{"date":"20230116","occupation":"ICT","channel":"MOCK","place":"ONLINE","gender":"MALE","ageRange":"35-44","experience":"EXPERIENCED"},"question":{"raw":{"text":"최근 고령화 사회로 가면서 치매로 인한 문제가 굉장히 많이 올라오고 있습니다 이에 대해 건보 공단이 하는 일과 개선해야 했으면 하는 방안에 대해서 말씀해 주세요","wordCount":24},"emotion":[],"intent":[]},"answer":{"raw":{"text":"네 건보 공단에서 정확히 무슨 일을 하는지 까지는 제가 파악을 하지 못했지만 어 제가 이 치매 치매로 인해서 사회적 문제가 된다는 건 확실합니다. 음 제가 그냥 얼핏 알기로는 그런 치매 환자들을 위해서 프로그램을 많이 진행하고 있는 걸로 알고 있고요. 그리고 여러 가지 여러 지역의 그런 문화센터라든가 그런 학습할 수 있는 공간들과 연계해서 어 어떤 프로그램들을 많이 운용을 하고 있는데 어 이런 아 실제로 치매 치매를 걸리신 분들께서는 거기에 접근할 수 있는 그런 채널이 굉장히 제한적이기 때문에 중요한 거는 치매 환자의 보호자에 대한 교육이 굉장히 많이 개선돼야 된다고 생각합니다. 어 집안에 치매 환자가 될 그런 확률이 그런 잠재성이 있다 있는 그런 가정이라면 건보 공단에서 먼저 나서서 그 사람들을 찾고 그 사람들을 위해서 어 굉장히 무료로 또는 아주 저렴한 비용으로 지원을 해주는 그런 사업이 많아졌으면 좋겠습니다.","wordCount":124},"emotion":[],"intent":[{"text":"","expression":"","category":"attitude"}],"summary":{"text":"치매 환자가 될 가능성이 있는 가정이라면, 건보 공단에서 먼저 나서서 그 사람들을 찾고 그 사람들들을 위해서 굉장히 무료로 또는 아주 저렴한 비용으로 지원을 해주는 그런 사업이 많아졌으면 좋겠습니다.","wordCount":28}}},"rawDataInfo":{"question":{"fileFormat":"wav","fileSize":445518,"duration":13920,"samplingBit":16,"channelCount":1,"samplingRate":"16kHz","audioPath":"/Mock/05.ICT/Male/Experienced/ckmk_q_ict_m_e_175903.wav"},"answer":{"fileFormat":"wav","fileSize":2397518,"duration":74920,"samplingBit":16,"channelCount":1,"samplingRate":"16kHz","audioPath":"/Mock/05.ICT/Male/Experienced/ckmk_a_ict_m_e_175903.wav"}}}