{"version":"1.0","dataSet":{"info":{"date":"20230116","occupation":"ICT","channel":"MOCK","place":"ONLINE","gender":"MALE","ageRange":"45-54","experience":"EXPERIENCED"},"question":{"raw":{"text":"만약 지원자님께서 지금 지원하신 이 직무가 아닌 다른 부서에 배치된다고 하더라도 자사에 지원하실 생각이신지 솔직한 답변 부탁드립니다","wordCount":17},"emotion":[],"intent":[]},"answer":{"raw":{"text":"어떤 거 말씀하시는 거세요. 그 어 조금 당황스럽기는 하네요. 네 제 지금 경력직으로 저를 보고 계시는 걸 텐데 제 경력을 보시는 게 아니라 그 사람 지금 뭐 구인난이라 사람만 보시는 건가요. 저는 그래도 조금 말이 안 되는 게 제가 경력이 꽤 되는데 어 저는 기술직이고 그리고 근데 기술 업무가 필요한 부분은 분명한 그쪽 능력이 필요한 건데 저를 다른 데를 배치를 시키신다고요. 들어봐서 납득이 되면 갈 건데요. 갈 수 있을 것 같은데요. 납득이 쉽게 되는 편이 아니라서 잘 설명을 해주셔야 될 것 같습니다. 조금 조심스러운 질문을 하셔야 될 것 같아요. 이거는 조금 실례가 될 수도 있는 부분인 것 같습니다.","wordCount":98},"emotion":[],"intent":[{"text":"","expression":"","category":"attitude"}],"summary":{"text":"저는 경력이 꽤 되는데 기술직이고 그리고 기술 업무가 필요한 부분은 그 쪽의 능력이 필요한 건데 저를 다른 데를 배치하시겠다 한다면 이해가 잘 되는 편이 아니라서 잘 설명을 해주셔야지 될 것 같습니다.","wordCount":31}}},"rawDataInfo":{"question":{"fileFormat":"wav","fileSize":489038,"duration":15280,"samplingBit":16,"channelCount":1,"samplingRate":"16kHz","audioPath":"/Mock/05.ICT/Male/Experienced/ckmk_q_ict_m_e_159893.wav"},"answer":{"fileFormat":"wav","fileSize":2680718,"duration":83770,"samplingBit":16,"channelCount":1,"samplingRate":"16kHz","audioPath":"/Mock/05.ICT/Male/Experienced/ckmk_a_ict_m_e_159893.wav"}}}