{"version":"1.0","dataSet":{"info":{"date":"20230116","occupation":"ICT","channel":"MOCK","place":"ONLINE","gender":"MALE","ageRange":"35-44","experience":"EXPERIENCED"},"question":{"raw":{"text":"본인의 단점이 있다면 말씀해 주시고 그것을 보완하기 위해서 노력들을 했다면 그것도 같이 말씀해 주세요","wordCount":14},"emotion":[],"intent":[]},"answer":{"raw":{"text":"저에 가장 큰 단점은 인내심이 너무 짧다는 것입니다. 성공하기 위해서는 수많은 인내와 도전을 해야 되는데 저는 추진력이 빠르고 의사결정이 아주 빠른 대신 어떤 것에 도전했을 때 실패하면 또 한 번 일어나서 도전을 하고 지속적으로 도전을 하는 것이 아니라 바로 포기하고 좌절하는 경향이 너무 강하다는 것입니다. 실제로 도전을 했을 때 힘 넘어진 건 실패가 아니고 좌절도 아닙니다. 그냥 제가 도전해서 성공하기 위한 그 길을 가는 하나의 여정일 뿐인데 그래서 성공한 사업가들은 그것은 실패라고 규정하지 말고 당신이 가설에 검증을 하는 시간이다 라고 생각하고 있습니다. 저도 그래서 실패를 할 때마다 실패라고 생각하지 않고 가설이라는 어떤 검증의 시간을 만들어서 실패했을 때마다 그 내용들을 일기장 및 써머리 노트 블로그에 적어 나가기 시작했습니다. 그래서 한 번 실패하고 두 번 실패하고 세 번 쓰러질 때마다 그 내용들을 전부 다 일기장과 써머리 노트에 적어 놓고 어디서 실패를 했고 어디서 넘어졌고 그때는 어떤 데이타에 결과 값이 도출됐는지를 지속적으로 몇 년 동안 쌓아 나가다 보니 스스로 엄청 성장하고 복기하면서 이제는 실패를 두려워하지 않는 진취적인 마인드로 바꼈습니다.","wordCount":156},"emotion":[],"intent":[{"text":"","expression":"","category":"attitude"}],"summary":{"text":"성공하기 위해서는 인내심이 너무 짧다는 단점이 있습니다. 추진력이 빠르고 의사결정이 아주 빠른 대신 어떤 것에 도전했을 때 실패하면 바로 포기하고 좌절하는 경향이 너무 강하다는 것입니다. 그래서 저는 실패를 할 때마다 실패라고 규정하지 말고 가설이라는 어떤 검증의 시간을 만들어서 실패할 때마다 그 내용들을 일기장 및 써머리 노트 블로그에 적어 나갔습니다.","wordCount":49}}},"rawDataInfo":{"question":{"fileFormat":"wav","fileSize":285198,"duration":8910,"samplingBit":16,"channelCount":1,"samplingRate":"16kHz","audioPath":"/Mock/05.ICT/Male/Experienced/ckmk_q_ict_m_e_177514.wav"},"answer":{"fileFormat":"wav","fileSize":2803278,"duration":87600,"samplingBit":16,"channelCount":1,"samplingRate":"16kHz","audioPath":"/Mock/05.ICT/Male/Experienced/ckmk_a_ict_m_e_177514.wav"}}}