{"version":"1.0","dataSet":{"info":{"date":"20230116","occupation":"ICT","channel":"MOCK","place":"ONLINE","gender":"MALE","ageRange":"-34","experience":"EXPERIENCED"},"question":{"raw":{"text":"업무상 업데이트한 내용에 문제가 생겼을 경우 그 문제를 해결하기 위해서 어떻게 행동할 것인지 구체적으로 설명을 해주시겠습니까","wordCount":16},"emotion":[],"intent":[]},"answer":{"raw":{"text":"네 우선 매우 다행이라고 생각할 수 있습니다. 업데이트한 내용에 문제가 있음을 인식했기 때문입니다. 주로 대부분의 경우 업데이트한 내용에 문제가 있음을 확인하지 못하고 검토가 되지 않았을 때 큰 문제가 발생합니다. 만약 다행스럽게도 업데이트한 내용에 문제가 생겼을 경우 우선 업데이트 이전 버전으로 룰 백을 수행합니다. 이는 데봅스에 필수적인 개념으로 개발 버전 테스트 버전 상용 버전 등을 확실하게 구분하여 배포 개발함으로써 얻을 수 있는 또는 취할 수 있는 이득입니다. 따라서 우선 신속한 룰 백을 통해 정상 서비스를 복구할 것입니다. 이후 업데이트된 내용을 테스트 서버에 다시 구현하여 문제점이 무엇인지 확인하고 소스를 수정한 후 다시 상용해 재 배포할 것입니다.","wordCount":94},"emotion":[],"intent":[{"text":"만약 다행스럽게도 업데이트한 내용에 문제가 생겼을 경우 우선 업데이트 이전 버전으로 룰 백을 수행합니다.","expression":"i_dis_coping","category":"technology"},{"text":"따라서 우선 신속한 룰 백을 통해 정상 서비스를 복구할 것입니다.","expression":"i_dis_coping","category":"technology"},{"text":"이후 업데이트된 내용을 테스트 서버에 다시 구현하여 문제점이 무엇인지 확인하고 소스를 수정한 후 다시 상용해 재 배포할 것입니다.","expression":"i_dis_coping","category":"technology"}],"summary":{"text":"업데이트한 내용에 문제가 생겼을 경우 업데이트 이전 버전으로 룰 백을 수행하여 정상 서비스를 복구할 것입니다. 이후 업데이트된 내용을 테스트 서버에 다시 구현하여 문제점 파악 후 소스를 수정한 후 다시 상용해 재 배포할 예정입니다.","wordCount":33}}},"rawDataInfo":{"question":{"fileFormat":"wav","fileSize":526798,"duration":16460,"samplingBit":16,"channelCount":1,"samplingRate":"16kHz","audioPath":"/Mock/05.ICT/Male/Experienced/ckmk_q_ict_m_e_244674.wav"},"answer":{"fileFormat":"wav","fileSize":3733838,"duration":116680,"samplingBit":16,"channelCount":1,"samplingRate":"16kHz","audioPath":"/Mock/05.ICT/Male/Experienced/ckmk_a_ict_m_e_244674.wav"}}}