{"version":"1.0","dataSet":{"info":{"date":"20230116","occupation":"ICT","channel":"MOCK","place":"ONLINE","gender":"MALE","ageRange":"-34","experience":"EXPERIENCED"},"question":{"raw":{"text":"저희 일의 특성상 야근이나 잔업 외근이 많아질 수도 있습니다 지원자님은 이러한 추가 업무에 대해서도 긍정적으로 생각하시나요","wordCount":16},"emotion":[],"intent":[]},"answer":{"raw":{"text":"네 저는 야근이나 잔업 외근 등 근무의 형태나 근무의 시간이 크게 중요하다고 생각하지 않습니다. 오히려 저는 근무에 질을 결정하는 것은 명확한 업무 목표와 프로젝트 달성 의지라고 생각합니다. 다양한 상황에서 야근과 잔업 외근은 발생할 수 있습니다. 하지만 제가 수행하는 업무와 제가 결과를 도출하고 이겨내야 하는 프로젝트가 그에 따른 목표와 결과물이 회사에 매우 큰 이익이 되고 혹은 제 자신의 역량 향상과 발전하는 방향과 일치한다면 이는 기필코 해내고 말 것입니다. 처럼 뚜렷한 목표와 명확한 성과를 위해 더욱 노력하는 것은 시간과 장소에 구애받지 않기에 저는 괜찮다고 생각하고 있습니다.","wordCount":84},"emotion":[],"intent":[{"text":"","expression":"","category":"attitude"}],"summary":{"text":"저는 근무에 질을 결정하는 것은 명확한 업무 목표와 프로젝트 달성 의지라고 생각합니다. 명확한 목표와 명확한 성과를 위해 노력하는 것은 시간과 장소에 구애받지 않기에 저는 괜찮다고 생각하고 있습니다.","wordCount":27}}},"rawDataInfo":{"question":{"fileFormat":"wav","fileSize":609678,"duration":19050,"samplingBit":16,"channelCount":1,"samplingRate":"16kHz","audioPath":"/Mock/05.ICT/Male/Experienced/ckmk_q_ict_m_e_252289.wav"},"answer":{"fileFormat":"wav","fileSize":3008078,"duration":94000,"samplingBit":16,"channelCount":1,"samplingRate":"16kHz","audioPath":"/Mock/05.ICT/Male/Experienced/ckmk_a_ict_m_e_252289.wav"}}}