{"version":"1.0","dataSet":{"info":{"date":"20230116","occupation":"ICT","channel":"MOCK","place":"ONLINE","gender":"MALE","ageRange":"-34","experience":"EXPERIENCED"},"question":{"raw":{"text":"그동안 개발 작업을 하면서 어 많이 어려웠던 부분이 있었을 텐데요 그중에서 기술적으로 어려웠던 점은 무엇이 있을까요","wordCount":16},"emotion":[],"intent":[]},"answer":{"raw":{"text":"네 개발을 하면서 물론 항상 필수적으로 있는 디버깅 과정도 어렵다고 할 수 있습니다. 왜냐하면 매우 지난하고 또는 함정에 빠지기 쉬운 부분이기 때문입니다. 하지만 더욱 어려운 지점은 그 외에 환경 설정 부분에서 오류가 생겼을 때 입니다. 대부분의 개발자들이 그러 하듯이 본인의 피씨 그리고 아이디이 환경에 있을 때 최고의 효율을 발휘합니다. 하지만 이러한 부분에서 오류가 생기는 경우 개발자는 개발 속도에서 어려움을 겪습니다. 추가적으로 개발 시스템 상에서 새로운 모듈을 제공하지 않거나 추가 설치가 필요한데 보안상 등의 이슈로 소스 설치가 되지 않는 경우 더욱 어려움을 많이 겪었습니다.","wordCount":83},"emotion":[],"intent":[{"text":"","expression":"","category":"attitude"}],"summary":{"text":"디버깅 과정 뿐만 아니라 환경 설정 부분에서 오류가 생겼을 때 개발 속도에서 어려움을 겪습니다. 추가적으로 개발 시스템 상에서 새로운 모듈을 제공하지 않거나 추가 설치가 필요한데 소스 설치가 되지 않는 경우 더욱 어려웠습니다.","wordCount":32}}},"rawDataInfo":{"question":{"fileFormat":"wav","fileSize":427598,"duration":13360,"samplingBit":16,"channelCount":1,"samplingRate":"16kHz","audioPath":"/Mock/05.ICT/Male/Experienced/ckmk_q_ict_m_e_244676.wav"},"answer":{"fileFormat":"wav","fileSize":3809358,"duration":119040,"samplingBit":16,"channelCount":1,"samplingRate":"16kHz","audioPath":"/Mock/05.ICT/Male/Experienced/ckmk_a_ict_m_e_244676.wav"}}}