{"version":"1.0","dataSet":{"info":{"date":"20230116","occupation":"ICT","channel":"MOCK","place":"ONLINE","gender":"MALE","ageRange":"45-54","experience":"EXPERIENCED"},"question":{"raw":{"text":"어 본인이 어떤 의견을 주장할 때 어떤 일에 있어서 내가 소신껏 의견을 주장할 때 좀 더 강하게 주장하는 편인가요 아니면 그냥 약하게 주장하는 편인지에 대해서 말씀해 주세요","wordCount":27},"emotion":[],"intent":[]},"answer":{"raw":{"text":"어 저는 의견을 내거나 의견이 부딪쳤을 때 제 주장을 좀 강하게 어필하는 편은 아닌 것 같습니다. 아 이 좀 어떻게 보면 소극적인 자세일 수도 있는데 저는 굳이 어 뭐 의견 대립으로 인해서 어 문제를 만들고 싶어하지 않는 성격입니다. 이것을 대 결국은 이게 회사의 입장에서 봤을 때는 어 최적의 선택을 해야 되는 거기 때문에 보통은 저는 의견이 대립할 때는 리포트를 작성을 합니다. 리포트를 작성해서 어 제가 주장하는 바를 뭐 설명을 하고 물론 그게 어 제 주장이 맞을 수도 있고 안 맞을 수도 있지만 리포트를 작성함으로써 그걸 기록해 기록해 둔다라는 거는 저 역시도 다시 한 번 그 일을 생각하게 하고 그 리포트를 한번 만들어 놓으면서 그것으로 인해 한 단계 더 발전할 수 있는 계기가 만들어진다라고 생각합니다. 그래서 저는 의견이 부딪치거나 할 때 주로 상대방의 얘기를 듣고 그것에 대해서 리포트를 작성해서 리포트로 어 제출을 하는 편입니다.","wordCount":133},"emotion":[],"intent":[{"text":"그래서 저는 의견이 부딪치거나 할 때 주로 상대방의 얘기를 듣고 그것에 대해서   리포트를 작성해서 리포트로 어 제출을 하는 편입니다.","expression":"c_confl_mg","category":"personality"}],"summary":{"text":"저는 의견을 내거나 의견이 부딪쳤을 때 제 주장을 강하게 어필하는 편은 아니고, 의견 대립으로 인해 문제를 만들고 싶어하지 않는 성격입니다. 의견을 대립할 때는 리포트를 작성해서 자신의 주장을 설명합니다. 이것을 통해 한 단계 발전할 수 있는 계기를 만들고자 합니다.","wordCount":38}}},"rawDataInfo":{"question":{"fileFormat":"wav","fileSize":563278,"duration":17600,"samplingBit":16,"channelCount":1,"samplingRate":"16kHz","audioPath":"/Mock/05.ICT/Male/Experienced/ckmk_q_ict_m_e_42885.wav"},"answer":{"fileFormat":"wav","fileSize":2467918,"duration":77120,"samplingBit":16,"channelCount":1,"samplingRate":"16kHz","audioPath":"/Mock/05.ICT/Male/Experienced/ckmk_a_ict_m_e_42885.wav"}}}