{"version":"1.0","dataSet":{"info":{"date":"20230116","occupation":"ICT","channel":"MOCK","place":"ONLINE","gender":"MALE","ageRange":"35-44","experience":"EXPERIENCED"},"question":{"raw":{"text":"음 개인적으로 공부를 어떻게 하시는지 궁금한데요 뭐 강의도 있을 거고 책을 활용한 공부도 있을 겁니다 다양하게 공부해 왔던 그 방식을 저에게 말씀해 주시기 바랍니다","wordCount":24},"emotion":[],"intent":[]},"answer":{"raw":{"text":"예 과거에 과거의 저는 저의 공부법은 우선 어 책을 기반으로 공부를 많이 했구요. 그 인터넷 강의도 가끔 듣기는 했는데 아 인터넷 강의보다는 책이 더 편했던 기억이 있지만 지금 현재는 현재 공부를 함에 있어서는 아 시대가 시대인 만큼 모두 다 스마트폰이 있고 그 그거에 대해서 휴대성이 굉장히 좋기 때문에 아 보통 음원으로 많이 듣는 편입니다. 결국에는 그 온라인 강의들을 수강을 해서 어 어플리케이션 스마트 어플리케이션을 통해서 이동 이동 중에도 강의를 많이 듣는 편이구요. 어 그러다보니까 단점도 있더라구요. 예전에 그런 클래식한 그 책에다가 형광 팬을 쳐가면서 하는 공부법은 굉장히 예전에 아 언제 마지막으로 했는지 기억이 안 날 정도로 이제는 모두 다 그 미디어에 미디어 그 온라인 강의에 많이 그 의존을 하고 있는 것 같아요. 특히 현재에는 너무 이렇게 제가 할 일이 많기 때문에 어 이동 중에도 조금이라도 시간을 아기 위해서 더 음원으로 많이 공부를 하고 있습니다. 오디오 강의","wordCount":136},"emotion":[],"intent":[{"text":"","expression":"","category":"attitude"}],"summary":{"text":"과거에는 책을 기반으로 공부를 했고 지금은 모바일 강의와 어플리케이션을 통한 이동 중 강의를 많이 듣고 있습니다. 책의 공부법은 지금은 모두 다 미디어에 미디어 온라인 강의에 많이 의존하고 있고, 특히 현재에는 제가 할 일이 많기 때문에 이동 중에도 음원으로 많이 공부를 하고 있합니다.","wordCount":42}}},"rawDataInfo":{"question":{"fileFormat":"wav","fileSize":530638,"duration":16580,"samplingBit":16,"channelCount":1,"samplingRate":"16kHz","audioPath":"/Mock/05.ICT/Male/Experienced/ckmk_q_ict_m_e_245727.wav"},"answer":{"fileFormat":"wav","fileSize":2443598,"duration":76360,"samplingBit":16,"channelCount":1,"samplingRate":"16kHz","audioPath":"/Mock/05.ICT/Male/Experienced/ckmk_a_ict_m_e_245727.wav"}}}