{"version":"1.0","dataSet":{"info":{"date":"20230116","occupation":"ICT","channel":"MOCK","place":"ONLINE","gender":"MALE","ageRange":"35-44","experience":"EXPERIENCED"},"question":{"raw":{"text":"입사를 하게 된다면 일을 하면서 가장 어려울 것으로 예상되는 것은 어떤 것들이 있나요 또 그러한 상황에 대해 어떻게 대처하실 생각인지도 함께 말씀 부탁드립니다","wordCount":23},"emotion":[],"intent":[]},"answer":{"raw":{"text":"어 근무를 함에 있어서 가장 어려운 점은 아무래도 이 사람 간의 대화가 아닐까 싶습니다. 그 업무적으로 챌린지가 있을 때는 어 지금 우리는 정보의 홍수 시대에 살고 있기 때문에 어떤 방법이라든 어떤 뭐 전문가의 도움을 받을 수도 있고 그리고 뭐 어떤 웹 서핑을 통해서 정보를 얻을 수 있지만 어 이런 사람 간의 이런 갈등과 그런 어 어려움은 굉장히 극복하기가 어렵습니다. 그래서 각자 자신만의 그런 소신을 가지고 있고 각자의 그런 가치관이 전부다 다르기 때문에 그것을 어 서로 이해를 하는 하기가 굉장히 어렵구요. 이것을 좀 더 극복하고 대처를 하기 위해서는 잘 극복하고 대처를 하기 위해서는 그 상대방의 말을 조금이라도 더 경청할 수도 있어야 됩니다. 된다고 생각해요. 그래서 저도 어 업무를 함에 있어서 다른 타 팀이나 어 다른 직원들과 협업을 하거나 같이 대화를 할 나눌 일이 있으면 제 주장을 먼저 하기보다는 그들의 말을 먼저 경청하는 그런 습관을 들이고 있습니다.","wordCount":135},"emotion":[],"intent":[{"text":"","expression":"","category":"attitude"}],"summary":{"text":"업무적으로 챌린지가 있을 때는 전문가의 도움을 받을 수도 있고 웹 서핑을 통해서 정보를 얻을 수 있지만 사람 간의 갈등과 어려움은 극복하기가 어렵습니다. 이것을 극복하기 위해서는 상대방의 말을 조금이라도 더 경청할 수도 있어야 됩니다. 그래서 제 주장을 먼저 하기보다는 그들의 말을 먼저 경청하는 습관을 들이고 있습니다.","wordCount":45}}},"rawDataInfo":{"question":{"fileFormat":"wav","fileSize":537678,"duration":16800,"samplingBit":16,"channelCount":1,"samplingRate":"16kHz","audioPath":"/Mock/05.ICT/Male/Experienced/ckmk_q_ict_m_e_265744.wav"},"answer":{"fileFormat":"wav","fileSize":2504398,"duration":78260,"samplingBit":16,"channelCount":1,"samplingRate":"16kHz","audioPath":"/Mock/05.ICT/Male/Experienced/ckmk_a_ict_m_e_265744.wav"}}}