{"version":"1.0","dataSet":{"info":{"date":"20230116","occupation":"ICT","channel":"MOCK","place":"ONLINE","gender":"MALE","ageRange":"45-54","experience":"EXPERIENCED"},"question":{"raw":{"text":"전공 외에 자신의 실력이 수준급이 될 정도로 노력해 보신 것이 있나요 만약 있다면 전공과 관련해서 어떤 도움을 주는지 말씀해 주세요","wordCount":20},"emotion":[],"intent":[]},"answer":{"raw":{"text":"저는 수준급의 청소 능력을 가지고 있습니다. 청소는 누구나 하는 것이기 때문에 그것이 어떤 수준급의 실력이라고까지 칭할 정도의 능력이 되는 거냐 라고 다소 어이없어 해 하실 수도 있는데 저는 누구보다 빠르게 청소를 합니다. 이렇게 어질러 펴져 있는 상황을 어떻게 하면 빠른 시간 안에 깨끗하게 정리할 것인가. 현대사회에서 중요한 것은 중요한 나에게 주어진 인물을 어떻게 하면 빨리 처리할 수 있을 것인가. 그것이 관점입니다. 그것이 맹점입니다. 그렇기 때문에 그 청소를 빨리 하는 과정을 통해서 저는 다른 어떤 영향에 영감을 얻습니다. 청소 그 자체로서가 목적이 아니라 청소를 빨리 해결하려고 하는 그 발동을 통해서 저는 다른 제 전공에도 영감을 불어 넣기 때문에 저는 이 청소가 이 전공 외에 아주 수준급인 실력이라고 항상 얘기를 하고 다닙니다.","wordCount":110},"emotion":[],"intent":[{"text":"","expression":"","category":"attitude"}],"summary":{"text":"저는 현대사회에서 중요한 저의 인물을 어떻게 빨리 처리할 수 있을 것인가가 관점이고 맹점입니다. 따라서 그 청소를 빨리 하는 과정을 통해서 다른 제 전공에도 영감을 불어 넣기 때문에 아주 수준급인 실력이라고 항상 얘기하고 다니는 중입니다.","wordCount":34}}},"rawDataInfo":{"question":{"fileFormat":"wav","fileSize":621518,"duration":19420,"samplingBit":16,"channelCount":1,"samplingRate":"16kHz","audioPath":"/Mock/05.ICT/Male/Experienced/ckmk_q_ict_m_e_206440.wav"},"answer":{"fileFormat":"wav","fileSize":2743118,"duration":85720,"samplingBit":16,"channelCount":1,"samplingRate":"16kHz","audioPath":"/Mock/05.ICT/Male/Experienced/ckmk_a_ict_m_e_206440.wav"}}}