{"version":"1.0","dataSet":{"info":{"date":"20230116","occupation":"ICT","channel":"MOCK","place":"ONLINE","gender":"MALE","ageRange":"-34","experience":"EXPERIENCED"},"question":{"raw":{"text":"지원자분은 본인의 개발 능력 향상을 위해 공부하고 있는 것이 있나요 있으시다면 어떤 것을 하고 계시는지 왜 그것을 하고 계시는 건지 같이 말씀해 주시기 바랍니다","wordCount":24},"emotion":[],"intent":[]},"answer":{"raw":{"text":"제 개발 능력을 향상시키기 위해 언제나 항상 논문들과 최신의 기술을 참고하고 있습니다. 모두 잘 아시겠지만 페이퍼스 위드 코드 라는 사이트가 있습니다. 해당 사이트에는 여러 가지 데이터셋에 대한 그리고 세그멘테이션 클래시 피케이션 오브젝트 디텍션과 같은 여러 가지 연구 분야에 대해서 스테이트 오브 아트 소타 즉 최고의 결과물들을 공유하고 있습니다. 최신의 결과들은 지속적으로 업데이트 됩니다. 이러한 것들은 저에게 긴장감을 불러일으키고 또한 지속적으로 저의 역량을 발전시켜 줍니다. 제 역량이 발전되고 또 코드를 읽으며 더욱 발전하는 모습을 발견할 때 뿌듯함을 느낍니다. 이에 더해 개인적인 기터브 리포지터리를 통해 지속적으로 저만의 프로젝트를 개발하고 발전시켜 나가고 있습니다. 개인 프로젝트는 결국 제 자신의 무기를 갈고 닦은 결과물이 될 것입니다.","wordCount":101},"emotion":[{"text":"제 역량이 발전되고 또 코드를 읽으며 더욱 발전하는 모습을 발견할 때 뿌듯함을 느낍니다.","expression":"p-achievement","category":"positive"}],"intent":[{"text":"","expression":"","category":"attitude"}],"summary":{"text":"페이퍼스 위드 코드 사이트에는 여러 가지 데이터셋에 대한 그리고 여러 가지 연구 분야에 대해서 최고의 결과물들을 공유하고 있습니다. 최신의 결과들은 지속적으로 업데이트 되며 이러한 것들은 계속해서 저의 역량을 발전시켜 줍니다.","wordCount":30}}},"rawDataInfo":{"question":{"fileFormat":"wav","fileSize":410318,"duration":12820,"samplingBit":16,"channelCount":1,"samplingRate":"16kHz","audioPath":"/Mock/05.ICT/Male/Experienced/ckmk_q_ict_m_e_249211.wav"},"answer":{"fileFormat":"wav","fileSize":3828878,"duration":119650,"samplingBit":16,"channelCount":1,"samplingRate":"16kHz","audioPath":"/Mock/05.ICT/Male/Experienced/ckmk_a_ict_m_e_249211.wav"}}}