{"version":"1.0","dataSet":{"info":{"date":"20230116","occupation":"ICT","channel":"MOCK","place":"ONLINE","gender":"MALE","ageRange":"35-44","experience":"EXPERIENCED"},"question":{"raw":{"text":"시간이 남을 때 지원자님은 무슨 일을 하시나요 또한 다른 것이 아니라 꼭 그 일을 하는 이유가 있다면 함께 설명해 주실 수 있을까요","wordCount":22},"emotion":[],"intent":[]},"answer":{"raw":{"text":"예 저는 어 시간이 남을 때 즉 여가 시간을 어 최대한 활용하기 위해서 많이 노력을 하는데요. 보통은 어 운동을 한다든가 어 요즘 같이 날씨가 화창하고 아 좋을 때는 선선할 때는 자전거 라이딩을 많이 하는 편인데 아 또 하나 아 저의 그 여가 시간을 활용하는 방법으로는 창작 활동을 하는 것입니다. 저는 어 내 제 스스로 어떤 뭐 저의 저만의 그런 어 글을 쓴다든가 또 음악을 만들기도 하고요. 그림을 그린다든가 하는 영상 편집을 한다든가 하는 어떤 저와의 저 만의 그 개인 결과물을 만들어낼 때 가장 큰 성취감을 느끼는 편이기 때문에 보통 쪼끔이라도 어떤 시간이 남을 때는 그런 시간을 그런 활동들을 하면서 저의 그 만족감과 성취감을 느끼고 있는 편입니다.","wordCount":106},"emotion":[{"text":"그림을 그린다든가 하는 영상 편집을 한다든가 하는 어떤 저와의 저 만의 그 개인 결과물을 만들어낼 때 가장 큰 성취감을 느끼는 편이기 때문에 보통 쪼끔이라도 어떤 시간이 남을 때는 그런 시간을 그런 활동들을 하면서 저의 그 만족감과 성취감을 느끼고 있는 편입니다.","expression":"p-achievement","category":"positive"}],"intent":[{"text":"","expression":"","category":"attitude"}],"summary":{"text":"저는 여가 시간을 최대한 활용하기 위해서 많이 노력하고 있습니다. 또 다른 방법으로는 창작 활동을 하는 것인데, 저만의 작품을 만들어 낼 때 가장 큰 성취감을 느끼기 때문에 그런 활동을 하며 만족감과 성취감을 느낍니다.","wordCount":32}}},"rawDataInfo":{"question":{"fileFormat":"wav","fileSize":599118,"duration":18720,"samplingBit":16,"channelCount":1,"samplingRate":"16kHz","audioPath":"/Mock/05.ICT/Male/Experienced/ckmk_q_ict_m_e_218125.wav"},"answer":{"fileFormat":"wav","fileSize":1890638,"duration":59080,"samplingBit":16,"channelCount":1,"samplingRate":"16kHz","audioPath":"/Mock/05.ICT/Male/Experienced/ckmk_a_ict_m_e_218125.wav"}}}