{"version":"1.0","dataSet":{"info":{"date":"20230116","occupation":"ICT","channel":"MOCK","place":"ONLINE","gender":"MALE","ageRange":"45-54","experience":"EXPERIENCED"},"question":{"raw":{"text":"문제를 해결하는 방법에는 여러 가지가 있을 텐데요 그중에서 본인이 생각할 때 창의적으로 어떤 문제를 해결한 경험이 있으신가요 그 과정을 최대한 자세하게 설명해 주시기 바랍니다","wordCount":24},"emotion":[],"intent":[]},"answer":{"raw":{"text":"저는 창의적으로 문제를 해결하기 위해서 문제에 봉착했을 때 삼 초 이상 생각하지 않습니다. 모든 문제는 삼 초 안에 떠올려지는 그런 어떤 방법을 가지고서 해결을 해요. 삼 초 이상 생각하게 되면은 이제 사람들은 이제 생각의 구렁텅이로 빠지게 돼요. 생각의 구렁텅이로 빠지게 되면은 그 구렁텅이에서 다시 끌어올리는 건 굉장히 힘들다 고 생각을 해요. 그렇기 때문에 조금 더 즉흥적이고 창의적인 문제 해결을 위해서는 문제를 너무 깊게 생각하지 않는 것이 오히려 중요하다고 저는 생각을 하고 있습니다.","wordCount":72},"emotion":[],"intent":[{"text":"","expression":"","category":"attitude"}],"summary":{"text":"창의적 문제해결을 위해서는 삼초 이상 생각하지 않는 것이 중요합니다. 즉흥적이고 창의적인 문제해결에는 삼초 안에 떠올려지는 방법을 사용하는 것이 중요하기 때문입니다.","wordCount":20}}},"rawDataInfo":{"question":{"fileFormat":"wav","fileSize":579918,"duration":18120,"samplingBit":16,"channelCount":1,"samplingRate":"16kHz","audioPath":"/Mock/05.ICT/Male/Experienced/ckmk_q_ict_m_e_206436.wav"},"answer":{"fileFormat":"wav","fileSize":1763278,"duration":55100,"samplingBit":16,"channelCount":1,"samplingRate":"16kHz","audioPath":"/Mock/05.ICT/Male/Experienced/ckmk_a_ict_m_e_206436.wav"}}}