{"version":"1.0","dataSet":{"info":{"date":"20230116","occupation":"ICT","channel":"MOCK","place":"ONLINE","gender":"MALE","ageRange":"45-54","experience":"EXPERIENCED"},"question":{"raw":{"text":"뭔가를 달성하기 위해 목표를 세우고 이 삼 년 간 노력해서 그 목표를 달성한 적이 있으신가요","wordCount":15},"emotion":[],"intent":[]},"answer":{"raw":{"text":"어 회사 업무하고는 좀 동떨어진 일이지만 어 저는 보육 교사 자격증을 따려고 어 한 이 년 정도를 공부한 적이 있습니다. 물론 이게 회사를 다니면서 짬짬이 짬을 내고 그 인터넷으로 공부하고 주말에 학교에 나가는 이런 과정이고 뭐 그것을 마치고 나서는 실습을 해야 되는 그런 과정이었지만 어 나름 이 년 동안 어 틈틈이 공부하고 시험 보고 뭐 실습도 나가고 하면서 보육 교사 자격증을 취득했습니다. 뭐 이것은 제가 단순히 그 현재 회사에서 일하는 업무와 관계없이 저는 나중에 뭐 은퇴를 하고 그러면 아이들 보육 사업이나 그 노인 요양 사업에 관심을 두고 있습니다. 그래 가지고 나중에라도 어 그런 일을 배우거나 그런 일을 하고자 해서 어 좀 짬이 날 때 어 이 한 이 년 여 동안 공부를 해 가지고 자격증을 취득한 바가 있습니다.","wordCount":118},"emotion":[],"intent":[{"text":"","expression":"","category":"attitude"}],"summary":{"text":"저는 보육 교사 자격증을 따려고 한 이 년 정도를 공부했습니다. 회사 업무와 관계없이 은퇴 후 아이들 보육 사업이나 노인 요양 사업에 관심을 두고 있고 나중에 어 그런 일을 배우거나 일을 하고자 해서 이년 동안 공부를 해 가지고 자격증을 취득한 바가 있습니다.","wordCount":41}}},"rawDataInfo":{"question":{"fileFormat":"wav","fileSize":323598,"duration":10110,"samplingBit":16,"channelCount":1,"samplingRate":"16kHz","audioPath":"/Mock/05.ICT/Male/Experienced/ckmk_q_ict_m_e_43949.wav"},"answer":{"fileFormat":"wav","fileSize":2257998,"duration":70560,"samplingBit":16,"channelCount":1,"samplingRate":"16kHz","audioPath":"/Mock/05.ICT/Male/Experienced/ckmk_a_ict_m_e_43949.wav"}}}