{"version":"1.0","dataSet":{"info":{"date":"20230116","occupation":"ICT","channel":"MOCK","place":"ONLINE","gender":"MALE","ageRange":"-34","experience":"EXPERIENCED"},"question":{"raw":{"text":"어 지원자님께서 현재 이 분야에 지원하기 위해 지금까지 관련된 어떤 노력을 하셨는지 궁금합니다 어 그간의 노력을 어 생각나는 대로 말씀해 주시길 바랍니다","wordCount":22},"emotion":[],"intent":[]},"answer":{"raw":{"text":"저는 우선 비전공자이지만 비전공자이기에 전공 지식을 더 쌓기 위해 노력했습니다. 특히나 컴퓨터 비전과 관련해서 누구보다 빠르게 많은 강의를 들었고 특히나 스탠포드에서 제공하는 컴퓨터 비전 한 학기 분량의 강의를 수료하였습니다. 이를 통해 저는 컴퓨터 비전과 관련해 많은 강의를 수강하고 지식을 얻게 되었습니다. 추가적으로 논문 공부도 항상 게을리 하지 않고 있습니다. 새로운 논문을 통해 저는 더욱 발전하고 나아갈 수 있습니다. 새로운 논문에 대한 내용을 이해하며 더욱 발전해에 나가서 기존의 전공자들보다 훨씬 우수하고 뛰어난 에이아이 인재가 되었다고 생각합니다.","wordCount":75},"emotion":[{"text":"특히나 컴퓨터 비전과 관련해서 누구보다 빠르게 많은 강의를 들었고 특히나 스탠포드에서 제공하는 컴퓨터 비전 한 학기 분량의 강의를 수료하였습니다.","expression":"u-fact","category":"neutral"}],"intent":[{"text":"","expression":"","category":"attitude"}],"summary":{"text":"저는 비전공자이지만 스탠포드에서 제공하는 컴퓨터 비전 한 학기 분량의 강의를 수료하고, 새로운 논문을 통해 기존의 전공자들보다 훨씬 우수하고 뛰어난 에이아이 인재가 되었습니다.","wordCount":22}}},"rawDataInfo":{"question":{"fileFormat":"wav","fileSize":515278,"duration":16100,"samplingBit":16,"channelCount":1,"samplingRate":"16kHz","audioPath":"/Mock/05.ICT/Male/Experienced/ckmk_q_ict_m_e_252290.wav"},"answer":{"fileFormat":"wav","fileSize":2961678,"duration":92550,"samplingBit":16,"channelCount":1,"samplingRate":"16kHz","audioPath":"/Mock/05.ICT/Male/Experienced/ckmk_a_ict_m_e_252290.wav"}}}