{"version":"1.0","dataSet":{"info":{"date":"20230116","occupation":"ICT","channel":"MOCK","place":"ONLINE","gender":"MALE","ageRange":"35-44","experience":"EXPERIENCED"},"question":{"raw":{"text":"만약 이직을 생각하는 동료를 만나게 된다면 뭐라고 말씀하시겠습니까 왜 그렇게 말씀하실지 설명 부탁드립니다","wordCount":13},"emotion":[],"intent":[]},"answer":{"raw":{"text":"네 우선 어 이직을 하려는 분야와 어 이직을 하려는 회사가 어딘지 물어보고 싶습니다. 어 회사 명을 말하기가 어렵다면 어떤 분야인지 그리고 어떤 포지션인지 정도를 들어보고요. 이게 그 사람에게 어 과연 이 사람의 커리어에 그리고 미래적으로 봤을 때 과연 이 사람에게 도움이 될까를 함께 함께 고민을 해 줄 것 같아요. 이 이직이라는 것 자체가 굉장히 좋은 선순환 기능을 해주는 거기 때문에 근데 이직을 나쁘게 생각하지 않습니다. 아 본인의 그 커리어 그 본인의 몸값을 올릴 수 있는 기회고 그 다양한 커리어를 쌓을 수 있는 기회고 그리고 어떤 한 세상에 세상에 트렌드가 많이 바뀐 만큼 어떤 한 조직에서만 머물다기보다 다양한 조직에서 다양한 경험을 하면서 직장 생활을 하는 게 보다 생산적이지 않을까 싶습니다. 그래서 이직은 언제나 찬성이지만 중요한 건 그게 어떤 분야일지 또 어떤 포지션으로 가는지를 아 꼼꼼하게 따져보고 그 사람에게 격려 또는 조언을 해줄 것 같습니다.","wordCount":133},"emotion":[],"intent":[{"text":"","expression":"","category":"attitude"}],"summary":{"text":"이직은 언제나 찬성이지만 중요한 건 그게 어떤 분야일지 또 어떤 포지션으로 가는지를 꼼꼼하게 따져보고 그 사람에게 격려 또는 조언을 해줄 것 같습니다.","wordCount":22}}},"rawDataInfo":{"question":{"fileFormat":"wav","fileSize":375118,"duration":11720,"samplingBit":16,"channelCount":1,"samplingRate":"16kHz","audioPath":"/Mock/05.ICT/Male/Experienced/ckmk_q_ict_m_e_218281.wav"},"answer":{"fileFormat":"wav","fileSize":2387278,"duration":74600,"samplingBit":16,"channelCount":1,"samplingRate":"16kHz","audioPath":"/Mock/05.ICT/Male/Experienced/ckmk_a_ict_m_e_218281.wav"}}}