{"version":"1.0","dataSet":{"info":{"date":"20230116","occupation":"ICT","channel":"MOCK","place":"ONLINE","gender":"MALE","ageRange":"35-44","experience":"EXPERIENCED"},"question":{"raw":{"text":"지원자님께서는 지금부터 삼 년 뒤까지 삼 년 내 주요 성장 계획이나 목표가 있습니까 만약에 있다면 무엇인지 궁금합니다","wordCount":17},"emotion":[],"intent":[]},"answer":{"raw":{"text":"네 지금 어 저는 이제 아이티 직원으로서 이십 이 년 정도 일을 했는데 어 여기서부터는 좀 더 레벨이 업그레이드된 아이티 관리자가 돼야 된다고 생각을 해서 아 인제 지금 정보 시스템 감사사라는 것을 준비하고 있고요. 어 감사 인증 쪽도 많이 관심이 있어서 향후 삼 년 내에는 국 어 좀 더 좀 굵직한 그런 국제 자격증 두 개 정도는 취근 취득하려고 생각 중입니다. 그것이 취득이 되면 바로 기술사에 도전을 해서 정말 아이스 아이티 엑스퍼트가 되기 위해서 끊임없이 저의 그런 포트폴리오를 만들어 갈 계획입니다. 그렇게 되면은 어 어쩌면 뭐 이제 정말 최종적인 목표는 어떤 그 그 학계에 진출을 해서 어 이제 강의도 뛰고 다른 사람들에게 제가 알고 있는 노하우를 접하면서 그 노후 준비까지 같이 하려고 생각하고 있습니다. 삼 년 내로는 굵직한 국제 자격증 두 어 개를 취득할 계획입니다.","wordCount":125},"emotion":[],"intent":[{"text":"","expression":"","category":"attitude"}],"summary":{"text":"저는 지금 정보 시스템 감사사라는 것을 준비하고 있고 향후 삼 년 내로 국제 자격증 두 개 정도는 취득할 계획입니다. 취득이 되면 기술사에 도전해서 포트폴리오를 만들어갈 계획입니다. 최종적인 목표는 학계에 진출해 강의도 뛰고 노후 준비까지 같이 하려고 생각합니다.","wordCount":37}}},"rawDataInfo":{"question":{"fileFormat":"wav","fileSize":554958,"duration":17340,"samplingBit":16,"channelCount":1,"samplingRate":"16kHz","audioPath":"/Mock/05.ICT/Male/Experienced/ckmk_q_ict_m_e_176002.wav"},"answer":{"fileFormat":"wav","fileSize":2455758,"duration":76740,"samplingBit":16,"channelCount":1,"samplingRate":"16kHz","audioPath":"/Mock/05.ICT/Male/Experienced/ckmk_a_ict_m_e_176002.wav"}}}