{"version":"1.0","dataSet":{"info":{"date":"20230116","occupation":"ICT","channel":"MOCK","place":"ONLINE","gender":"MALE","ageRange":"35-44","experience":"EXPERIENCED"},"question":{"raw":{"text":"지금 지원자께서 개발자로 입사하시는데 혹시 지원자께서 생각하시는 가장 효율적인 알고리즘과 가장 비효율적인 알고리즘이 무엇인지 저한테 말씀 좀 해주실 수 있으신가요","wordCount":20},"emotion":[],"intent":[]},"answer":{"raw":{"text":"이 알고리즘이라는 그 정의 자체가 굉장히 광범위한 정의인데 저는 실생활에서 쓰는 알고리즘을 예로 들어보자면 어 가장 먼저 엘리베이터 알고리즘이 떠오릅니다. 알고 엘리베이터의 알코리즘을 어떻게 짜느냐에 따라서 그 건물의 퀄리티마저 좌우할 수 있다고 생각해요. 잘못 짜여진 엘리베이터 알고리즘은 전층 운행 전혀 뭐 그냥 뭐 버튼도 에 엘리베이터 승강기마다 하나씩 하나씩 따로 있어서 어 모든 기다리는 사람들은 그 버튼을 다 눌르고 그냥 전층 다 그냥 서버리는 계속 그래서 대기 시간이 한 없이 늘어나는 그런 비효율적인 알고리즘 아예 없다고 볼 수 있고요. 잘 짜여진 알고리즘은 버튼이 하나 버튼 하나만으로도 어 가장 먼저 도착할 수 있는 그 엘리베이터가 계산이 돼서 그 엘리베이터가 가장 먼저 그 목적지에 도달할 수 있는 그런 계산을 적용한 알고 엘리베이터 알고리즘이 아주 훌륭한 알고리즘이라고 생각합니다.","wordCount":115},"emotion":[],"intent":[{"text":"","expression":"","category":"attitude"}],"summary":{"text":"알고리즘이라는 그 정의 자체가 굉장히 광범위한 정의인데 실생활에서 쓰는 알고리즘을 예로 들면 엘리베이터 알고리즘이 떠올랐습니다.  엘리베이터의 알고리즘을 어떻게 짜느냐에 따라서 건물의 퀄리티마저 좌우할 수 있다고 생각합니다.","wordCount":26}}},"rawDataInfo":{"question":{"fileFormat":"wav","fileSize":396878,"duration":12400,"samplingBit":16,"channelCount":1,"samplingRate":"16kHz","audioPath":"/Mock/05.ICT/Male/Experienced/ckmk_q_ict_m_e_194223.wav"},"answer":{"fileFormat":"wav","fileSize":2100558,"duration":65640,"samplingBit":16,"channelCount":1,"samplingRate":"16kHz","audioPath":"/Mock/05.ICT/Male/Experienced/ckmk_a_ict_m_e_194223.wav"}}}