{"version":"1.0","dataSet":{"info":{"date":"20230116","occupation":"ICT","channel":"MOCK","place":"ONLINE","gender":"MALE","ageRange":"35-44","experience":"EXPERIENCED"},"question":{"raw":{"text":"어떠한 네트워크 결함을 유발하는 음 일반적인 소프트웨어 문제를 설명하십시오 만약에 어떻게 해결할 수 있을지 그것도 한번 생각해서 말씀해 주셨으면 좋겠습니다","wordCount":20},"emotion":[],"intent":[]},"answer":{"raw":{"text":"어 이 뭐 다양한 그 원인이 있을 것 같은데요. 네트워크 결함을 유발하는 소프트웨어는 어 간단하게 직관적으로 생각해보자면 그 그 소프트웨어의 프로그래밍에서 어떤 어 안 좋은 그런 어 악성 코드를 가지고 있거나 어떤 어 굉장히 트래픽이 몰리는 일단 특정한 사이트 또는 특정한 어 컨퍼넌트를 참조하고 있 있다고 보여지고요. 아 결국에는 코딩 문제라고 볼 수 있죠. 그래서 그 코드를 하나씩 하나씩 다 뜯어보고 어 디버킹을 함으로써 그 코드가 어디에 위치하고 있는지 찾아내서 그거를 어 그 프로세 프로그램 개발 단계에 의거해서 어 테스트 환경에서 그 고친 디버깅한 코드를 수행해 보고 어 여러 가지 테스트 그리고 그까 그 그 테스트 환경에서의 유에이티 까지 모두 마친 후 어 프로덕션에 반영하는 것이 어 정상적인 절차라고 생각이 됩니다.","wordCount":111},"emotion":[],"intent":[{"text":"그래서 그 코드를 하나씩 하나씩 다 뜯어보고 어 디버킹을 함으로써 그 코드가 어디에 위치하고 있는지 찾아내서 그거를 어 그 프로세 프로그램 개발 단계에 의거해서 어 테스트 환경에서 그 고친 디버깅한 코드를 수행해 보고 어 여러 가지 테스트 그리고 그까 그 그 테스트 환경에서의 유에이티 까지 모두 마친 후 어 프로덕션에 반영하는 것이 어 정상적인 절차라고 생각이 됩니다.","expression":"i_dis_coping","category":"technology"}],"summary":{"text":"네트워크 결함은 소프트웨어의 프로그래밍에서 악성 코드나 트래픽이 몰리는 컨퍼넌트를 참조하는 코딩 문제라고 볼 수 있습니다. 따라서 디버깅하여 위치 파악 후 프로세서 개발 단계에 따라 수행한 후 프로덕션에 반영하는 것이 정상적인 절차입니다.","wordCount":31}}},"rawDataInfo":{"question":{"fileFormat":"wav","fileSize":498638,"duration":15580,"samplingBit":16,"channelCount":1,"samplingRate":"16kHz","audioPath":"/Mock/05.ICT/Male/Experienced/ckmk_q_ict_m_e_241965.wav"},"answer":{"fileFormat":"wav","fileSize":2414158,"duration":75440,"samplingBit":16,"channelCount":1,"samplingRate":"16kHz","audioPath":"/Mock/05.ICT/Male/Experienced/ckmk_a_ict_m_e_241965.wav"}}}