{"version":"1.0","dataSet":{"info":{"date":"20230116","occupation":"ICT","channel":"MOCK","place":"ONLINE","gender":"MALE","ageRange":"55-","experience":"EXPERIENCED"},"question":{"raw":{"text":"일을 하다 보면 다른 지역에서 근무를 하게 될 수도 있습니다 그럴 때 타 지역에서 근무를 하는 것도 문제없이 가능하실까요","wordCount":19},"emotion":[],"intent":[]},"answer":{"raw":{"text":"저는 기본적으로 타 지역 뿐만이 아니고 다른 나라에 가서 일하는 것도 어 선호하는 편입니다. 그런 기회가 있었으면 오히려 더 좋다고 생각합니다. 새로운 문물과 새로운 사람과 새로운 환경에 대한 그런 어 도전 의식이 있고 그에 대한 적응 능력이 저한테 있다고 생각하기 때문에 또 그러한 경험도 있습니다. 타 지역 근무 전혀 문제가 없습니다. 오히려 그런 기회를 제게 주시기를 소망합니다.","wordCount":57},"emotion":[],"intent":[{"text":"","expression":"","category":"attitude"}],"summary":{"text":"저는 타 지역 뿐만 아니라 다른 나라에 가서 일하는 것을 선호하는 편입니다. 타 지역 근무 전혀 문제가 없으며 오히려 그런 기회를 제게 주시기를 소망합니다.","wordCount":24}}},"rawDataInfo":{"question":{"fileFormat":"wav","fileSize":333518,"duration":10420,"samplingBit":16,"channelCount":1,"samplingRate":"16kHz","audioPath":"/Mock/05.ICT/Male/Experienced/ckmk_q_ict_m_e_287152.wav"},"answer":{"fileFormat":"wav","fileSize":1422798,"duration":44460,"samplingBit":16,"channelCount":1,"samplingRate":"16kHz","audioPath":"/Mock/05.ICT/Male/Experienced/ckmk_a_ict_m_e_287152.wav"}}}