{"version":"1.0","dataSet":{"info":{"date":"20230116","occupation":"ICT","channel":"MOCK","place":"ONLINE","gender":"MALE","ageRange":"35-44","experience":"EXPERIENCED"},"question":{"raw":{"text":"지원자님께서 지금까지 협업을 하면서 가장 어려웠던 경험이 있으신가요 그러면 그 어려웠던 경험을 지원자님께서는 어떻게 해결하셨는지 같이 말씀해 주시기 바랍니다","wordCount":19},"emotion":[],"intent":[]},"answer":{"raw":{"text":"각 부서간의 협업 또는 동료간의 협업 중 가장 어려웠던 것은 서로의 이기적인 또는 부서 이기심 때문이었습니다. 내가 이것을 양보하면 내 일이 많아지고 저쪽이 저걸 양보하면 저쪽 일이 많아지니 과연 누군가는 손해를 봐야 되지 않겠냐 라는 관점 때문에 그것이 협업에서 가장 어려웠습니다. 결국 나와 내가 남이 아닌 하나의 공동체로서 중간에 묶여있던 일은 같은 일이라고 나의 일이라고 생각하면 조금 더 일을 수월하게 할 수 있는데 나와 걸쳐진 일이 내가 아니라 당신이 해야 되는 일이라고 생각을 하면 그것은 협업이 아니라 부서 이기주의 및 업무 떠넘기기 밖에 안 됐습니다. 그것을 해결하기 위한 가장 좋은 관점은 이것은 우리 모두의 일이라고 생각하고 모두에게 공동체 의식과 책임감을 심어주는 것입니다. 책임감 결여가 결국은 업무에 대한 이기주의 부서 이기주의가 나왔기 때문에 이것을 이루 이뤘을 때 우리 모두에게 성과가 이뤄지고 그 성과에 의해서 우리에게 적절한 보상이 이뤄진다라고 하는 하나의 공동체 의식을 심어줌으로써 어렵지 않게 해결할 수 있을 것 같습니다.","wordCount":139},"emotion":[],"intent":[{"text":"그것을 해결하기 위한 가장   좋은 관점은 이것은 우리 모두의 일이라고 생각하고 모두에게 공동체 의식과 책임감을 심어주는 것입니다.","expression":"c_cop","category":"personality"}],"summary":{"text":"각 부서간의 협업 또는 동료간의 협업 중 가장 어려웠던 것은 서로의 이기적인 또는 부서 이기심 때문이었습니다. 그것을 해결하기 위한 가장 좋은 관점은 이것은 우리 모두의 일이라고 생각하고 모두에게 공동체 의식과 책임감을 심어주는 것입니다.","wordCount":33}}},"rawDataInfo":{"question":{"fileFormat":"wav","fileSize":470798,"duration":14710,"samplingBit":16,"channelCount":1,"samplingRate":"16kHz","audioPath":"/Mock/05.ICT/Male/Experienced/ckmk_q_ict_m_e_156771.wav"},"answer":{"fileFormat":"wav","fileSize":2401998,"duration":75060,"samplingBit":16,"channelCount":1,"samplingRate":"16kHz","audioPath":"/Mock/05.ICT/Male/Experienced/ckmk_a_ict_m_e_156771.wav"}}}