{"version":"1.0","dataSet":{"info":{"date":"20230116","occupation":"ICT","channel":"MOCK","place":"ONLINE","gender":"MALE","ageRange":"35-44","experience":"EXPERIENCED"},"question":{"raw":{"text":"막 기차가 운행이 되고 있는데 산사태가 발생을 해서 삼십 분 동안 정차를 하게 된 거예요 그 상황에서 지원자님이 책임자의 위치에 있다면 어떤 식으로 조치하실 건지 좀 그 상황 설명을 부탁드리겠습니다","wordCount":30},"emotion":[],"intent":[]},"answer":{"raw":{"text":"아 기차가 운행 시에 산사태가 일어났습니다. 그리고 삼십 분 동안 정차되었는데 이때 제가 관리자라면은 어 저는 아마 이렇게 조치 할 것 같습니다. 일단은 더 이상 발생할 위험 요소가 없는지를 먼저 판단을 해야 할 것 같습니다. 이 차 산사태나 삼 차 산사태 이 정차 돼있는 게 장기화가 될 수도 있을 것이고 여러 가지 위험 요소가 있기 때문에 그거를 일단 제일 먼저 판단한 이후에 그 상황을 토대로 일단은 어 일 일 구나 뭐 관리자 뭐 이런 통해서 음 상황 보고를 먼저 해야 할 것 같습니다. 그다음에는 이제 뭐 지원 요청이 올 때까지 그때까지는 이 부분에서 최대한 고객들을 안정을 시키고 어 혹시 인제 해결 방법에 대해서 계속 강구할 것 같습니다. 그래서 이때 또 중요한 것이 중간 보고가 중요합니다. 중간적으로 계속 이뤄지는 상황이나 이런 것들에 대해서 이제 뭐 비상 상황실이나 이런 데서 계속 상황을 리서치를 해야 하기 때문에 그러 부분에서 중간적으로 중간 보고를 계속 지속 실시해 주면서 상황 유지를 하다 보면은 지원 요청이 와서 그 부분에 대한 것은 해결이 되고 그래서 어 해결을 하는 데에 조치할 것 같습니다. 이상입니다.","wordCount":165},"emotion":[],"intent":[{"text":"","expression":"","category":"attitude"}],"summary":{"text":"기차가 운행 시에 산사태가 일어났는데, 더 이상 발생할 위험 요소가 없는지 판단한 후에 상황 보고를 먼저 해야 할 것 같습니다. 그다음에는 지원 요청이 올 때까지 최대한 고객들을 안정을 시키고, 해결 방법에 대해서 계속 강구할 것입니다. 이때 중요한 것이 중간 보고인데, 중간 보고를 계속 실시해 주면서 상황 유지를 하다 보면은 지원 요청이 와서 해결할 수 있습니다.","wordCount":55}}},"rawDataInfo":{"question":{"fileFormat":"wav","fileSize":641998,"duration":20060,"samplingBit":16,"channelCount":1,"samplingRate":"16kHz","audioPath":"/Mock/05.ICT/Male/Experienced/ckmk_q_ict_m_e_140099.wav"},"answer":{"fileFormat":"wav","fileSize":2634318,"duration":82320,"samplingBit":16,"channelCount":1,"samplingRate":"16kHz","audioPath":"/Mock/05.ICT/Male/Experienced/ckmk_a_ict_m_e_140099.wav"}}}