{"version":"1.0","dataSet":{"info":{"date":"20230116","occupation":"ICT","channel":"MOCK","place":"ONLINE","gender":"MALE","ageRange":"-34","experience":"EXPERIENCED"},"question":{"raw":{"text":"어 이전 직장에서 퇴사를 하시고 저희 회사에 지원을 하신 것 같은데 이전 직장에서 퇴사를 한 후 이제 퇴사한 것을 후회하시진 않으셨는지 궁금합니다 이제 있다면 후회하신 게 있으신다면 그 이유도 함께 말씀해 주시길 바랍니다","wordCount":33},"emotion":[],"intent":[]},"answer":{"raw":{"text":"저는 제가 그만뒀던 바로 그 직장을 저는 제 개인 나름대로의 어떤 빌드업을 가지고서 빌드업을 이루기 위해서 그 회사를 선택한 것이었었습니다. 왜냐하면 그 회사에서 수행해야 되는 그 직무가 저에게는 꼭 제가 꼭 배워야 했어야 되는 그런 직종이었고 그 그것을 배우기 위해서 돈을 벌지 않고서 학원을 다니면서 그것을 배우기에는 쪼끔 손해라고 생각을 했고 그 손해를 감수하기 위해서 저는 그쪽 회사에서 이런 것은 꼭 배우고 나오자 배우고 나와서 더 제가 하고 싶은 것들을 이루기 위한 빌드 업의 기회를 삼자 라고 쪼금 어떤 수단으로서 그 회사를 선택했었고 그렇게 제 계획에 맞게 퇴사를 했지만 그런 것이 쪼금 아쉬운 것이 남는 것 같아요. 좀 너무 수단으로서 임하다 보니까 거기 인간관계에서도 제가 더 마음을 열지 못했던 것 같아요 그 사람들에게. 그럼에도 그럼에도 좀 더 마음을 열고서 좋은 추억을 나눴더라면 그건 아쉬움이 남지만 어떻게 해야 그러면서도 마음을 열 수 있을지 아직도 확실하게는 잘 모르겠습니다.","wordCount":136},"emotion":[{"text":"왜냐하면 그 회사에서 수행해야 되는 그 직무가 저에게는 꼭 제가 꼭 배워야 했어야 되는 그런 직종이었고 그 그것을 배우기 위해서 돈을 벌지 않고서 학원을 다니면서 그것을 배우기에는 쪼끔 손해라고 생각을 했고 그 손해를 감수하기 위해서 저는 그쪽 회사에서 이런 것은 꼭 배우고 나오자 배우고 나와서 더 제가 하고 싶은 것들을 이루기 위한 빌드 업의 기회를 삼자 라고 쪼금 어떤 수단으로서 그 회사를 선택했었고 그렇게 제 계획에 맞게 퇴사를 했지만 그런 것이 쪼금 아쉬운 것이 남는 것 같아요.","expression":"n-distress","category":"negative"}],"intent":[{"text":"","expression":"","category":"attitude"}],"summary":{"text":"저는 직장을 제 개인 나름의 빌드업을 위해 선택했던 것이었습니다. 그 회사에서 수행해야 되는 직무가 저에게는 꼭 배워야 했던 직종이었고 그 손해를 감수하기 위해 제가 하고 싶은 것들을 이루기 위한 빌드업의 기회를 삼자 라고 선택을 했고 그렇게 제 계획에 맞게 퇴사를 했지만 좀 아쉬운 점이 많이 남습니다.","wordCount":46}}},"rawDataInfo":{"question":{"fileFormat":"wav","fileSize":643278,"duration":20100,"samplingBit":16,"channelCount":1,"samplingRate":"16kHz","audioPath":"/Mock/05.ICT/Male/Experienced/ckmk_q_ict_m_e_200088.wav"},"answer":{"fileFormat":"wav","fileSize":2841678,"duration":88800,"samplingBit":16,"channelCount":1,"samplingRate":"16kHz","audioPath":"/Mock/05.ICT/Male/Experienced/ckmk_a_ict_m_e_200088.wav"}}}