{"version":"1.0","dataSet":{"info":{"date":"20230116","occupation":"ICT","channel":"MOCK","place":"ONLINE","gender":"MALE","ageRange":"-34","experience":"EXPERIENCED"},"question":{"raw":{"text":"지원자님은 요즘 공부하고 있는 것이 있나요 있다면 왜 그것을 공부하고 계시는지 지금까지 무엇을 배우셨는지 함께 말씀 부탁드립니다","wordCount":17},"emotion":[],"intent":[]},"answer":{"raw":{"text":"요즘 공부하는 것이 있나요. 있다면 왜 그걸 공부하는지 지금까지 무엇을 배웠는지도 말씀해 주세요. 영어회화를 꾸준히 공부하고 있습니다. 일반적인 단어나 문자 뿐이 아니라 헬로우톡이라는 어플을 통해 외국인과 직접적으로 교류하고 통화하며 실제로 쓰이는 회화를 배우려고 노력하고 있습니다. 에이아이 번역의 수준이 점점 더 좋아지고 있다고는 하지만 미묘한 어조와 실제로 쓰이는 언어를 번역하는 데는 아직까지 부족함이 많다고 생각하기 때문입니다. 화이브지 에이알 브이알의 기술이 발전할수록 외국인과의 교류는 점점 더 많아질 것이라고 예측하고 있습니다. 시대를 따라가기 위해 영어 회화는 필수라고 생각합니다.","wordCount":75},"emotion":[{"text":"영어회화를 꾸준히 공부하고 있습니다.","expression":"u-fact","category":"neutral"}],"intent":[{"text":"","expression":"","category":"attitude"}],"summary":{"text":"영어회화를 꾸준히 공부하고 있습니다. 화이브지 에이알 브이알의 기술이 발전할수록 외국인과의 교류는 점점 더 많아질 것이라고 예측하고 있습니다. 시대를 따라가기 위해 영어 회화는 필수라고 생각합니다.","wordCount":24}}},"rawDataInfo":{"question":{"fileFormat":"wav","fileSize":617358,"duration":19290,"samplingBit":16,"channelCount":1,"samplingRate":"16kHz","audioPath":"/Mock/05.ICT/Male/Experienced/ckmk_q_ict_m_e_270097.wav"},"answer":{"fileFormat":"wav","fileSize":1947598,"duration":60860,"samplingBit":16,"channelCount":1,"samplingRate":"16kHz","audioPath":"/Mock/05.ICT/Male/Experienced/ckmk_a_ict_m_e_270097.wav"}}}