{"version":"1.0","dataSet":{"info":{"date":"20230116","occupation":"ICT","channel":"MOCK","place":"ONLINE","gender":"MALE","ageRange":"35-44","experience":"EXPERIENCED"},"question":{"raw":{"text":"일을 하면서 어떤 것이 가장 어려울 것 같아요 그리고 그 어려운 점에 대해서 어떻게 대처하실 생각인가요","wordCount":16},"emotion":[],"intent":[]},"answer":{"raw":{"text":"이 결국에는 사람일 거 같애요. 일을 하면서 가장 어려울 것은 어 기계들이야 뭐 일 더 일은 이 다 라고 정하게 논리 논리적인 그런 아 답을 주지만 사람은 이 감정이란 것이 있기 때문에 서로 오해가 생기고 갈등이 생기는 것이 사라 인생 사례가 아닌가 싶습니다. 그런 마찰이 동료 간의 마찰이 생겼을 때 또는 상사와의 마찰이 생겼을 때는 양보를 먼저 어 양보를 하고 하지만 저의 소신을 잃지 않는 한에서 양보를 하겠죠. 제 소신이라는 게 누구나 소신은 있어야 된다고 생각을 하고요. 이것 만큼은 절대 안 돼 라는 것들 거쯤은 분명 하나 쯤은 다 있을 거라고 생각합니다. 저 역시 그런 것들이 가지고 있구요. 그래서 그런 것들이 아니라면 그런 것들이 아니라면 조금 손해를 보더라도 양보를 해서 그들과 어 이런 어 아주 현명한 타협점을 찾아내는 것이 가장 중요하다고 생각합니다 조직 생활에서요.","wordCount":124},"emotion":[],"intent":[{"text":"","expression":"","category":"attitude"}],"summary":{"text":"사람은 감정이란 것이 있기 때문에 오해가 생기고 갈등이 생기는 것이 사라 인생 사례가 아닌가 싶습니다. 조직 생활에서는 양보를 해서 그들과 아주 현명한 타협점을 찾아내는 것이 가장 중요하다고 생각합니다.","wordCount":28}}},"rawDataInfo":{"question":{"fileFormat":"wav","fileSize":320078,"duration":10000,"samplingBit":16,"channelCount":1,"samplingRate":"16kHz","audioPath":"/Mock/05.ICT/Male/Experienced/ckmk_q_ict_m_e_175912.wav"},"answer":{"fileFormat":"wav","fileSize":2322638,"duration":72580,"samplingBit":16,"channelCount":1,"samplingRate":"16kHz","audioPath":"/Mock/05.ICT/Male/Experienced/ckmk_a_ict_m_e_175912.wav"}}}