{"version":"1.0","dataSet":{"info":{"date":"20230116","occupation":"ICT","channel":"MOCK","place":"ONLINE","gender":"MALE","ageRange":"45-54","experience":"EXPERIENCED"},"question":{"raw":{"text":"본인이 지원하신 직무 분야에 대해서 일 분 동안 간략하게 프레젠테이션 한번 해보시겠어요","wordCount":12},"emotion":[],"intent":[]},"answer":{"raw":{"text":"제가 지원한 분야는 시장을 조사하고 기존의 우리 제품에 대해서 어 시장의 반응 그 장단점을 파악해 파악하고 그 우리의 경쟁사에 동일한 제품을 어 확인하고 그것의 장단점을 비교 분석하는 겁니다. 어 이것은 저희가 다른 신제품 다른 제품을 만들 때 그 자료가 되고 고객이 어떤 것을 원하는지 우리는 어떤 게 부족하고 어떤 장점을 갖고 있고 상대 우리 경쟁사는 어떤 장점이 있고 어떤 단점을 갖고 있는지를 파악해 우리의 장점은 당연히 극대화하고 어 단점은 줄이면서 상대 경쟁사의 제품과 우리 제품을 비교했을 때 우리 제품이 더 뛰어날 수 있도록 어 준비하고 계획하는 그 업무를 맡고 있습니다.","wordCount":90},"emotion":[],"intent":[{"text":"","expression":"","category":"attitude"}],"summary":{"text":"경쟁사의 제품과 비교했을 때 우리의 제품이 더 뛰어날 수 있도록 준비하고 계획하는 업무를 맡고 있습니다. 경쟁사의 제품과 우리 제품을 비교해 봤을 때 장점과 단점을 파악하고 장점은 극대화하고 단점은 줄이면서 장단점을 비교 분석하는 것을 지원했습니다.","wordCount":34}}},"rawDataInfo":{"question":{"fileFormat":"wav","fileSize":252558,"duration":7890,"samplingBit":16,"channelCount":1,"samplingRate":"16kHz","audioPath":"/Mock/05.ICT/Male/Experienced/ckmk_q_ict_m_e_42887.wav"},"answer":{"fileFormat":"wav","fileSize":1853518,"duration":57920,"samplingBit":16,"channelCount":1,"samplingRate":"16kHz","audioPath":"/Mock/05.ICT/Male/Experienced/ckmk_a_ict_m_e_42887.wav"}}}