{"version":"1.0","dataSet":{"info":{"date":"20230116","occupation":"ICT","channel":"MOCK","place":"ONLINE","gender":"MALE","ageRange":"-34","experience":"EXPERIENCED"},"question":{"raw":{"text":"대한민국의 금융 정책 기관으로서 우리 신용보증기금이 호가돼야 할 업무 영역은 무엇이라고 생각합니까","wordCount":12},"emotion":[],"intent":[]},"answer":{"raw":{"text":"네 질문에 의도가 신용보증기금이 확대해야 할 업무 영역을 의미한다고 생각하겠습니다. 대한민국 금융시장은 물론 매우 훌륭하고 어느 정도 규모가 있지만 기본적으로 한국의 통화가 기준 화폐가 아니기 때문에 미국의 영향권 하에 있습니다. 금융시장 또한 미국이 수백 수천 배 이상 큽니다. 따라서 우선적으로 글로벌 경제 시황에서 미국의 경제 상황을 주목하고 미국의 연방은행 즉 페드에 금리 정책과 앞으로의 방향성 등을 주시하여 앞으로 우리 나라의 어느 정도의 금융 자금이 유입 대체를 면밀히 분석하고 그에 따른 신용 리스크를 연구하여 우리나라 금융 시장이 흔들리지 않고 안정적으로 운영될 수 있도록 해야 합니다.","wordCount":84},"emotion":[{"text":"따라서 우선적으로 글로벌 경제 시황에서 미국의 경제 상황을 주목하고 미국의 연방은행 즉 페드에 금리 정책과 앞으로의 방향성 등을 주시하여 앞으로 우리 나라의 어느 정도의 금융 자금이 유입 대체를 면밀히 분석하고 그에 따른 신용 리스크를 연구하여 우리나라 금융 시장이 흔들리지 않고 안정적으로 운영될 수 있도록 해야 합니다.","expression":"u-belief","category":"neutral"}],"intent":[{"text":"","expression":"","category":"attitude"}],"summary":{"text":"한국 금융시장은 미국의 영향권 하에 있기 때문에 우선 글로벌 경제 시황에서 미국의 경제 상황을 주목하고 미국의 연방은행 즉 페드에 금리 정책과 방향성 등을 주시하여 우리나라 금융 시장이 안정적으로 운영될 수 있도록 해야 합니다.","wordCount":33}}},"rawDataInfo":{"question":{"fileFormat":"wav","fileSize":367758,"duration":11490,"samplingBit":16,"channelCount":1,"samplingRate":"16kHz","audioPath":"/Mock/05.ICT/Male/Experienced/ckmk_q_ict_m_e_244677.wav"},"answer":{"fileFormat":"wav","fileSize":3784398,"duration":118260,"samplingBit":16,"channelCount":1,"samplingRate":"16kHz","audioPath":"/Mock/05.ICT/Male/Experienced/ckmk_a_ict_m_e_244677.wav"}}}