{"version":"1.0","dataSet":{"info":{"date":"20230116","occupation":"ICT","channel":"MOCK","place":"ONLINE","gender":"MALE","ageRange":"45-54","experience":"EXPERIENCED"},"question":{"raw":{"text":"다룰 수 있는 프로그램은 무엇입니까 또 어느 수준으로 사용하실 수 있으십니까","wordCount":11},"emotion":[],"intent":[]},"answer":{"raw":{"text":"프로그램이요. 저는 이게 뭐 요즘 사람들이 다루는 그런 프로그램을 말씀을 하시는 거라면 저는 잘 몰릅니다. 네 저는 그냥 그 장비 기술 이쪽으로만 제가 자신 있게 조금 능숙하게 다룰 수 있지 컴퓨터 작업으로 하는 거는 익숙치가 않아서 그 부분에 대해서는 제가 미흡한 부분이 많아서요. 그래서 어 뭔가 지금 그 송출 기사를 구인을 하시는 거로써의 질문이 맞는지 제가 조금 혼동이 오는 부분이네요 네. 네 저는 제가 직접 할 수 있는 거면은 어느정도 다 자신 있게 할 수 있다고 말씀을 드릴 수 있을 것 같은데요. 그게 아니고서는 이렇게 시간을 들이면서 하기가 쪼금 애매한 것 같습니다.","wordCount":92},"emotion":[],"intent":[{"text":"","expression":"","category":"attitude"}],"summary":{"text":"요즘 사람들이 다루는 프로그램과는 다른 장비를 사용하는데 컴퓨터 작업으로 하는 것은 익숙치 않습니다. 직접 할 수 있는 것이라면 어느 정도 자신 있게 할 수 있을 것 같습니다.","wordCount":27}}},"rawDataInfo":{"question":{"fileFormat":"wav","fileSize":327758,"duration":10240,"samplingBit":16,"channelCount":1,"samplingRate":"16kHz","audioPath":"/Mock/05.ICT/Male/Experienced/ckmk_q_ict_m_e_159901.wav"},"answer":{"fileFormat":"wav","fileSize":2396238,"duration":74880,"samplingBit":16,"channelCount":1,"samplingRate":"16kHz","audioPath":"/Mock/05.ICT/Male/Experienced/ckmk_a_ict_m_e_159901.wav"}}}