{"version":"1.0","dataSet":{"info":{"date":"20230116","occupation":"ICT","channel":"MOCK","place":"ONLINE","gender":"MALE","ageRange":"35-44","experience":"EXPERIENCED"},"question":{"raw":{"text":"입사를 한 후에 일을 하면서 가장 어려울 것으로 예상되는 것은 무엇입니까 그리고 그 어려움에 대해서는 어떻게 대처할 것인지 지원자님의 생각을 말씀해 주시기 바랍니다","wordCount":23},"emotion":[],"intent":[]},"answer":{"raw":{"text":"일을 하면서 가장 어려울 것은 예 업무보다는 당연히 사람이겠죠. 예 저는 이제 아이티 담당자로서 어 많은 이 저희 회사에 우리 회사의 직원들과 많이 어 맞닥뜨리는 상황이 많을 거라고 예상은 하고 있는데요. 그럴 때 사람마다 전부 다 각기 생각도 다르고 개성도 다 다르기 때문에 어떤 어 뭐 굉장히 호의적이고 어 저를 뭐 대우해 주는 그런 직원도 있겠지만 반대로 그렇지 않고 마치 뭐 하청 업체 직원처럼 이렇게 대하는 경우도 분명히 발생할 겁니다. 그것이 가장 저를 어렵게 만드는 일일 거라고 생각하고요. 그런 직원에게는 어 뭐 저 역시 뭐 인간이기 때문에 뭐 오는 말이 고아야 가는 말이 곱다 라는 말이 있죠. 그렇게 저를 대우를 해주면 저도 비슷하게 그분을 대우해 줄 것입니다. 이게 올바른 대처법은 아닌 것 같지만 저도 인간 인지라 그렇게 될 것 같네요.","wordCount":120},"emotion":[],"intent":[{"text":"","expression":"","category":"attitude"}],"summary":{"text":"업무를 하면서 가장 어려운 것은 사람이죠. 회사 직원들과 많이 대면할 때 사람마다 생각이 다르고 개성도 달라 호의적인 직원도 있겠지만 그렇지 않고 하청 업체 직원처럼 대할 수도 있습니다. 그렇게 대우해주면 나도 비슷하게 대우해 줄 것입니다.","wordCount":34}}},"rawDataInfo":{"question":{"fileFormat":"wav","fileSize":559118,"duration":17470,"samplingBit":16,"channelCount":1,"samplingRate":"16kHz","audioPath":"/Mock/05.ICT/Male/Experienced/ckmk_q_ict_m_e_182621.wav"},"answer":{"fileFormat":"wav","fileSize":2048078,"duration":64000,"samplingBit":16,"channelCount":1,"samplingRate":"16kHz","audioPath":"/Mock/05.ICT/Male/Experienced/ckmk_a_ict_m_e_182621.wav"}}}