{"version":"1.0","dataSet":{"info":{"date":"20230116","occupation":"ICT","channel":"MOCK","place":"ONLINE","gender":"MALE","ageRange":"55-","experience":"EXPERIENCED"},"question":{"raw":{"text":"일을 하다 보면 영어로 서류를 작성해야 될 일이 생길 수 있는데 이때 영어로 서류를 작성하실 수 있으실까요","wordCount":17},"emotion":[],"intent":[]},"answer":{"raw":{"text":"네 영어로 서류를 작성할 수 있습니다. 과거에 외국인 외국계 회사에서 근무한 경험도 있구요. 또한 뭐 문서라고 하는 것들은 정형화되어 있고 또 그 정형화되어 있는 틀을 바탕으로 해서 어 얼마든지 그 서류를 작성할 수 있습니다. 과거에 외국 회사에서 근무하면서 서류들을 많이 작성했었고 또한 이메일 주고받기 등을 통해서 어 뭐 그렇게 그 영어에 대한 거부감은 없습니다.","wordCount":54},"emotion":[],"intent":[{"text":"","expression":"","category":"attitude"}],"summary":{"text":"문서들은 정형화된 틀을 바탕으로 영어로 작성할 수 있습니다. 과거에 외국 회사에서 근무하며 이메일 등을 통해 영어에 대한 거부감이 없었습니다.","wordCount":19}}},"rawDataInfo":{"question":{"fileFormat":"wav","fileSize":298958,"duration":9340,"samplingBit":16,"channelCount":1,"samplingRate":"16kHz","audioPath":"/Mock/05.ICT/Male/Experienced/ckmk_q_ict_m_e_287917.wav"},"answer":{"fileFormat":"wav","fileSize":1206798,"duration":37710,"samplingBit":16,"channelCount":1,"samplingRate":"16kHz","audioPath":"/Mock/05.ICT/Male/Experienced/ckmk_a_ict_m_e_287917.wav"}}}