{"version":"1.0","dataSet":{"info":{"date":"20230116","occupation":"ICT","channel":"MOCK","place":"ONLINE","gender":"MALE","ageRange":"-34","experience":"EXPERIENCED"},"question":{"raw":{"text":"현대인은 하루 평균 세 번 거짓말을 하고 산다고 합니다 지원자님께서 여태까지 해 봤던 거짓말 중에 가장 기억에 남는 것은 무엇인가요","wordCount":20},"emotion":[],"intent":[]},"answer":{"raw":{"text":"네 제가 해본 가장 기억에 남는 거짓말은 어 보통 와이프나 장인 어른 뭐 부모님께 하는 거짓말인 것 같습니다. 어 뭐 밥 먹었냐 뭐 잘 지내냐 뭐 아니면 제가 집에 있을 때 와이프가 뭐 점심 먹었냐 이랬을 때 어 그냥 잘 챙겨 먹었다 안 먹었어도 잘 챙겨 먹었다 걱정하지 않게 하는 예 그런 거짓말이 가장 기억에 남습니다.","wordCount":56},"emotion":[],"intent":[{"text":"","expression":"","category":"attitude"}],"summary":{"text":"제가 해본 가장 기억에 남는 거짓말은 보통 아내나 장인 어른, 부모님께 하는 거짓말인 것 같습니다. 특히 밥이나 점심식사를 잘 챙겨먹지 않는 말이 가장 기억에 남습니다.","wordCount":25}}},"rawDataInfo":{"question":{"fileFormat":"wav","fileSize":620878,"duration":19400,"samplingBit":16,"channelCount":1,"samplingRate":"16kHz","audioPath":"/Mock/05.ICT/Male/Experienced/ckmk_q_ict_m_e_242823.wav"},"answer":{"fileFormat":"wav","fileSize":1069518,"duration":33420,"samplingBit":16,"channelCount":1,"samplingRate":"16kHz","audioPath":"/Mock/05.ICT/Male/Experienced/ckmk_a_ict_m_e_242823.wav"}}}