{"version":"1.0","dataSet":{"info":{"date":"20230116","occupation":"ICT","channel":"MOCK","place":"ONLINE","gender":"MALE","ageRange":"-34","experience":"EXPERIENCED"},"question":{"raw":{"text":"지원자님께서 일을 하다 보면 영어로 서류를 작성해야 할 일이 생길 수도 있는데요 혹시 지원자님께서는 영어로 서류를 작성할 수 있으십니까","wordCount":19},"emotion":[],"intent":[]},"answer":{"raw":{"text":"네 전공 지식이나 또는 각종 최신의 기술들 엠에이딘에 관련된 논문이나 깃허브 리드 미 쩜 마크다운 랭기지 등는 대부분 영어로 작성되어 있습니다. 따라서 저는 영어로 서류를 작성할 수 있으며 또한 최근에 참여한 챌린지에 결과에 대한 결과 분석 리포트 및 논문에 대한 논문 평가 등을 영어로 작성하고 평가 받았습니다. 이를 통해 저에 영어 서류 작성 능력은 충분히 검증되었다고 생각합니다. 전공 지식 특히나 컴퓨터 관련 전공 지식은 영문으로 된 서류가 매우 많기 때문에 영어로 서류 작성은 자신 있는 분야입니다. 감사합니다.","wordCount":77},"emotion":[],"intent":[{"text":"","expression":"","category":"attitude"}],"summary":{"text":"저는 영어로 서류를 작성할 수 있으며 최근에 참여한 챌린지에 결과에 대한 결과 분석 리포트 및 논문에 대한 논문 평가 등을 영어로 작성하고 평가 받았습니다.","wordCount":24}}},"rawDataInfo":{"question":{"fileFormat":"wav","fileSize":588238,"duration":18380,"samplingBit":16,"channelCount":1,"samplingRate":"16kHz","audioPath":"/Mock/05.ICT/Male/Experienced/ckmk_q_ict_m_e_253235.wav"},"answer":{"fileFormat":"wav","fileSize":2989518,"duration":93420,"samplingBit":16,"channelCount":1,"samplingRate":"16kHz","audioPath":"/Mock/05.ICT/Male/Experienced/ckmk_a_ict_m_e_253235.wav"}}}