{"version":"1.0","dataSet":{"info":{"date":"20230116","occupation":"ICT","channel":"MOCK","place":"ONLINE","gender":"MALE","ageRange":"-34","experience":"EXPERIENCED"},"question":{"raw":{"text":"요즘 공부하고 있는 것이 있다면 그것을 설명해 주시구 왜 그것을 공부하고 그것을 통해서 어떤 것들을 배웠는지 저에게 말씀해 주세요","wordCount":19},"emotion":[],"intent":[]},"answer":{"raw":{"text":"네 저는 페이퍼스 위드 사이트를 통해 스테이트 오바트 즉 최신의 연구 논문가 결과를 공부하고 있습니다. 왜냐하면 엔지니어로서 특히나 최근에 가장 핫하고 연구가 많이 되고 있는 분야인 엠엘 디엘 분야에서 지속적인 공부는 필수적이기 때문입니다. 특히나 컴퓨터 비전 분야에서 많은 새로운 기법들과 비전의 엔엘피의 방법인 트랜스포머를 대입한 비전 트랜스포머 계열이 새롭게 등장하고 또 그 성능을 증명해 내고 있습니다. 이를 통해 비전 트랜스포머 계열도 얼마든지 메타 비전에 쓰일 수 있고 활용될 수 있음을 배웠습니다. 앞으로도 지속적으로 공부하고 연구하며 제 역량을 발전시켜 나갈 것입니다.","wordCount":80},"emotion":[],"intent":[{"text":"","expression":"","category":"attitude"}],"summary":{"text":"저는 페이퍼스 위드 사이트를 통해 스테이트 오바트 즉 최신의 연구 논문가 결과를 공부하고 있습니다. 비전 트랜스포머 계열도 얼마든지 메타 비전에 쓰일 수 있고 활용될 수 있음을 배웠습니다.","wordCount":27}}},"rawDataInfo":{"question":{"fileFormat":"wav","fileSize":373838,"duration":11680,"samplingBit":16,"channelCount":1,"samplingRate":"16kHz","audioPath":"/Mock/05.ICT/Male/Experienced/ckmk_q_ict_m_e_252283.wav"},"answer":{"fileFormat":"wav","fileSize":2926798,"duration":91460,"samplingBit":16,"channelCount":1,"samplingRate":"16kHz","audioPath":"/Mock/05.ICT/Male/Experienced/ckmk_a_ict_m_e_252283.wav"}}}