{"version":"1.0","dataSet":{"info":{"date":"20230116","occupation":"ICT","channel":"MOCK","place":"ONLINE","gender":"MALE","ageRange":"45-54","experience":"EXPERIENCED"},"question":{"raw":{"text":"입사를 하면 어떤 사람이 되고 싶어요","wordCount":6},"emotion":[],"intent":[]},"answer":{"raw":{"text":"어 제가 입사를 하게 된다면 저는 어 소통이 되는 사람이 되고 싶습니다. 뭐 제 나이나 직책 상 어찌보면은 어 저 신입 사원이라든지 이제 사회 첫발을 디딘 그 분들하고는 나이 차가 있다 보니까 좀 소통이 안 될 수도 있는데 어 저는 개인적으로 업무를 진행함에 있어서 소통만큼 중요한 게 없다 라고 생각을 합니다. 어 그래서 요즘 뭐 엠지 세대라든지 뭐 소위 말하는 뭐 회사에 있는 꼰대 문화 같은 거를 어 가능하면 어 그런 소리를 안 듣고 어 동료들과 같이 어 생활하고 싶습니다. 그래서 저는 최소한 그 뭐 젊은 직원이라든지 뭐 제 상사도 마찬가지입니다. 뭐 소통이 안 되는 꽉 막힌 사람이라는 그런 소리는 듣고 싶지 않습니다. 그래서 저는 뭐 그 상사든 뭐 동료든 뭐 그 부하 직원이든 어 아 소통이 되는 아 저 사람이랑은 최소한 그래도 말이 통한다 라는 그런 어 인정을 받고 싶어서 저는 소통이 되는 그런 사람이 되고 싶습니다.","wordCount":138},"emotion":[],"intent":[{"text":"","expression":"","category":"attitude"}],"summary":{"text":"업무 진행에 있어 소통만큼 중요한 것이 없다 생각합니다. 소통 없는 딱딱한 조직 문화는 듣고 싶지 않습니다. 상사나 동료나 부하 직원이든 간에 소통이 되는 사람이 되고 싶습니다.","wordCount":26}}},"rawDataInfo":{"question":{"fileFormat":"wav","fileSize":184398,"duration":5760,"samplingBit":16,"channelCount":1,"samplingRate":"16kHz","audioPath":"/Mock/05.ICT/Male/Experienced/ckmk_q_ict_m_e_44301.wav"},"answer":{"fileFormat":"wav","fileSize":2460878,"duration":76900,"samplingBit":16,"channelCount":1,"samplingRate":"16kHz","audioPath":"/Mock/05.ICT/Male/Experienced/ckmk_a_ict_m_e_44301.wav"}}}