{"version":"1.0","dataSet":{"info":{"date":"20230116","occupation":"ICT","channel":"MOCK","place":"ONLINE","gender":"MALE","ageRange":"35-44","experience":"EXPERIENCED"},"question":{"raw":{"text":"지원자님께서 여러 사람들과 함께 일을 하다 보면 구성원들과 갈등이 생길 일이 있을 텐데요 이럴 때 지원자님께서는 어떻게 해결하시는지 궁금합니다","wordCount":19},"emotion":[],"intent":[]},"answer":{"raw":{"text":"예 구성원과의 갈등이 종종 일어나는 게 회사 생활이겠죠. 구성원과의 갈등이 생겼을 때는 어 일단은 첫 번째 스텝으로는 대화를 먼저 하는 겁니다. 그 친구에게 어 이런 직장 상하 관계가 아닌 직장 동료가 아닌 그런 아 스트레스로 다가가서 어 좀 보다 툭 터놓고 이야기할 수 있는 그런 대화를 시도해 볼 것이구요. 그래도 어렵다면 아 이제 이 회사에서 정해진 회사 규정 어 이 역할과 책임이라든가 그런 업무 분장표를 같이 리뷰를 하면서 이런 부분 그런 교통 정리를 하는 게 좋다고 좋을 거 갈등 해소에 좋을 것 같습니다. 서로 이 그런 정형화된 회사의 문서를 보면서 뭔가 좀 애매한 부분이 있다면 어 각자의 그런 그 상사에게 직접 그 그 팀 리더에게 그 문서를 리뷰를 요청할 수도 있겠죠 또는 이제 씨이오 가 될 수도 있고 씨아이오가 될 수도 있겠는데 이렇게 뭔가 애매한 부분이 있다면 어 문서도 어 리뉴얼 할 필요가 있고 그렇게 서로 문서를 리뷰하면서 대화를 어 이런 이 꼬여가 꼬여진 이런 갈등 관계를 어 풀어나가는 것이 좋은 방법인 것 같습니다.","wordCount":154},"emotion":[],"intent":[{"text":"","expression":"","category":"attitude"}],"summary":{"text":"구성원과의 갈등이 종종 일어나는 게 회사 생활인데 갈등이 생겼을 때는 대화를 먼저 하는 게 좋습니다. 만약 어렵다면 회사 규정이나 업무 분장표를 같이 리뷰를 하면서 교통 정리를 하는 게 좋겠습니다. 회사 문서에 애매한 부분이 있다면 상사나 팀 리더에게 문서를 리뉴얼할 필요가 있습니다. 서로 문서를 리뷰하면서 갈등 관계를 풀어나가야 합니다.","wordCount":48}}},"rawDataInfo":{"question":{"fileFormat":"wav","fileSize":650958,"duration":20340,"samplingBit":16,"channelCount":1,"samplingRate":"16kHz","audioPath":"/Mock/05.ICT/Male/Experienced/ckmk_q_ict_m_e_230152.wav"},"answer":{"fileFormat":"wav","fileSize":2893518,"duration":90420,"samplingBit":16,"channelCount":1,"samplingRate":"16kHz","audioPath":"/Mock/05.ICT/Male/Experienced/ckmk_a_ict_m_e_230152.wav"}}}