{"version":"1.0","dataSet":{"info":{"date":"20230116","occupation":"ICT","channel":"MOCK","place":"ONLINE","gender":"MALE","ageRange":"35-44","experience":"EXPERIENCED"},"question":{"raw":{"text":"특별히 가고 싶은 회사가 있나요 특정 도메인이 중요한지 회사의 분위기가 중요한지 어떤 점을 중점적으로 보시는지 말씀해 주세요","wordCount":17},"emotion":[],"intent":[]},"answer":{"raw":{"text":"예 특별히 가고 싶은 회사가 어 어떤 뭐 어떤 회사라고 콕 찝지는 못하겠고요. 어 저는 일단 아주 큰 뭐 글로벌 뭐 탑 티어 이런 이런 대기업에는 별로 어 관심이 가지 않습니다. 사실 이런 대기업보다는 어 우리나라 또는 해외에 숨어있는 강소기업들이 좀 더 어 좀 더 이런 잠재력이 더 크고 그쪽에서 제가 그 조직의 일원이 돼서 하나 하나도 정말 미비한 환경을 하나씩 하나씩 세팅을 하면서 쌓아 갈 수 있는 있는 것에 대해서 굉장히 큰 성취감을 느끼는 스타일이구요. 그래서 어 대기업보다는 중소기업이나 강소기업 또는 그렇게 조직이 크지 않은 기업이면은 좋을 것 같구요. 어 도메인보다는 회사의 분위기가 더 중요하겠죠. 어 이제는 워 라벨도 중요시하는 되는 회사 아 중요시 되는 사회이고 그리고 회사에 그런 조직 문화가 아 그 기업을 영속시킬 수 있는 아주 큰 역할을 해 준다고 생각하고 있습니다.","wordCount":125},"emotion":[],"intent":[{"text":"","expression":"","category":"attitude"}],"summary":{"text":"저는 특별히 가고 싶은 회사가 어떤 회사라고 콕 찝지는 못하겠습니다. 저는 대기업보다는 중소기업이나 강소기업 또는 그렇게 조직이 크지 않은 기업이면은 좋겠습니다. 도메인보다는 회사의 분위기가 중요하다고 생각합니다. 조직 문화가 기업을 영속시킬 수 있는 큰 역할을 해 준다고 생각합니다.","wordCount":37}}},"rawDataInfo":{"question":{"fileFormat":"wav","fileSize":373518,"duration":11670,"samplingBit":16,"channelCount":1,"samplingRate":"16kHz","audioPath":"/Mock/05.ICT/Male/Experienced/ckmk_q_ict_m_e_182512.wav"},"answer":{"fileFormat":"wav","fileSize":2298318,"duration":71820,"samplingBit":16,"channelCount":1,"samplingRate":"16kHz","audioPath":"/Mock/05.ICT/Male/Experienced/ckmk_a_ict_m_e_182512.wav"}}}