{"version":"1.0","dataSet":{"info":{"date":"20230116","occupation":"ICT","channel":"MOCK","place":"ONLINE","gender":"MALE","ageRange":"55-","experience":"EXPERIENCED"},"question":{"raw":{"text":"지원자님께서는 스트레스를 받으면 보통 어떤 방법으로 해소를 하십니까 그리고 또 왜 그런 방법으로 스트레스를 해소하는지도 함께 말씀해 주시기 바랍니다","wordCount":19},"emotion":[],"intent":[]},"answer":{"raw":{"text":"스트레스를 받으면 자연으로 나갑니다. 자연은 웅대하고 모든 것들을 수용해 주기 때문이지요. 수많은 사람들의 외침과 수많은 사람들의 아우성을 자연은 아무 소리 없이 다 받아줍니다. 그래서 옥상으로 올라가서 대자연의 공기를 들이마시거나 산으로 올라가서 산책을 통해서 나무가 내뿜는 피톤치드를 맡으며 산책을 하게 되면 저의 스트레스들이 많이 경감되는 것을 느꼈고요. 또한 과도한 스트레스가 있어서 좀 과 장기간의 시간을 투입해서 해소를 해야 될 필요성이 있다 라고 생각이 되면 멋진 헤드셋을 귀에 끼고 자전거에 기름칠을 하고 복장을 갖춰 입은 후 자전거 라이딩을 합니다. 그래서 한강 라이딩을 한 두 시간 정도를 하고 나면 아주 마음이 언제 스트레스를 받았냐는 등 굉장히 가벼워지고요. 새로운 활력소를 얻게 됩니다. 그래서 저는 주로 운동 스포츠가 가미된 자연 진화적인 스트레스 해소법을 가지고 있구요. 어 그 과중에 어 음악이란 매개체를 통해서 어 음악 감상을 하고 음악 감상을 하면 매우 스트레스가 경감되는 그런 효과를 보고 있습니다.","wordCount":131},"emotion":[],"intent":[{"text":"","expression":"","category":"attitude"}],"summary":{"text":"자연은 웅대하고 모든 것들을 수용해 주기 때문에 스트레스를 받으면 자연으로 나갑니다. 그래서 옥상이나 산으로 올라가 피톤치드를 맡으며 산책을 하거나 헤드셋을 끼고 자전거 라이딩을 합니다. 그리고 음악이란 매개체를 통해 음악 감상을 하면 매우 스트레스가 경감되는 효과를 보고 있습니다.","wordCount":37}}},"rawDataInfo":{"question":{"fileFormat":"wav","fileSize":481358,"duration":15040,"samplingBit":16,"channelCount":1,"samplingRate":"16kHz","audioPath":"/Mock/05.ICT/Male/Experienced/ckmk_q_ict_m_e_303042.wav"},"answer":{"fileFormat":"wav","fileSize":2834638,"duration":88580,"samplingBit":16,"channelCount":1,"samplingRate":"16kHz","audioPath":"/Mock/05.ICT/Male/Experienced/ckmk_a_ict_m_e_303042.wav"}}}