{"version":"1.0","dataSet":{"info":{"date":"20230116","occupation":"ICT","channel":"MOCK","place":"ONLINE","gender":"MALE","ageRange":"45-54","experience":"EXPERIENCED"},"question":{"raw":{"text":"운행하던 기차가 산사태로 삼십 분 동안 정차되었습니다 이때 지원자님께서 관리 책임의 위치에 있다면 어떻게 조치하시겠습니까","wordCount":15},"emotion":[],"intent":[]},"answer":{"raw":{"text":"아 우선 사람 체크 네. 사람들의 그런 환자가 발생이 됐는지 기차 내부부터 조금 체크를 빠르게 해 봐야 될 것 같고요. 그다음에 이제 산사태니까요. 이거는 자연재해이기 때문에 어 이거는 예상할 수가 없는 상태라 다시 재발이 되지 않기 위 아니 재발이 되기 전에 현장을 떠야 되죠. 그래서 기차에 우선 전력 공급이 제대로 이루어지는지 그러니까 기차가 다시 움직일 수 있는지부터 파악을 하고 어 된다면 이제 우선 선로 철로를 보면서 그 운행을 할 수 있는 상태인 건지 철로를 점검을 하고 괜찮으면 바로 이제 후진 다시 빽 후진을 해 가지고 도망쳐야 될 것 같고요. 그게 아니라면 사실 굉장히 어려운 상황인 건데 위치상으로 쪼금 보고 어 가장 안전할 수 있는 곳에 승객들을 쪼금 대피를 시켜야 될 것 같습니다. 네 재발이 일어날 확률이 높다는 생각이 들기 때문에 그래야 될 것 같습니다.","wordCount":124},"emotion":[],"intent":[{"text":"","expression":"","category":"attitude"}],"summary":{"text":"기차 내부를 빠르게 확인하고, 산사태는 예측할 수 없는 상태라 재발 전 현장을 떠야 합니다. 전력 공급이 제대로 이루어지는지 확인하고, 철로를 점검하고, 가장 안전할 수 있는 곳에 승객들을 대피시켜야 합니다.","wordCount":29}}},"rawDataInfo":{"question":{"fileFormat":"wav","fileSize":484558,"duration":15140,"samplingBit":16,"channelCount":1,"samplingRate":"16kHz","audioPath":"/Mock/05.ICT/Male/Experienced/ckmk_q_ict_m_e_159899.wav"},"answer":{"fileFormat":"wav","fileSize":2794638,"duration":87330,"samplingBit":16,"channelCount":1,"samplingRate":"16kHz","audioPath":"/Mock/05.ICT/Male/Experienced/ckmk_a_ict_m_e_159899.wav"}}}