{"version":"1.0","dataSet":{"info":{"date":"20230116","occupation":"ICT","channel":"MOCK","place":"ONLINE","gender":"MALE","ageRange":"45-54","experience":"EXPERIENCED"},"question":{"raw":{"text":"이 시장의 향후 발전 방향은 어떻게 될 것이라고 생각하시는가요","wordCount":9},"emotion":[],"intent":[]},"answer":{"raw":{"text":"아쉽게도 제 생각으로는 어 향후 시장의 향후 발전 방향은 어 당분간 안 좋을 것 같습니다. 지금 전 세계는 높은 환율과 소련과 우크라이나의 전쟁 뭐 어 그것으로 인한 뭐 밀 수출이 막히고 뭐 식량 구조 그리고 러시아 가스가 막히면서 에너 유럽의 어 에너지 에너지 유금이 폭등한 거 등등을 들었을 때 향후 당분간은 최소한 올해 말 내년 초까지는 이 안 좋은 경기가 계속 유지될 것 같습니다. 특히나 환율이 지금 천 사백 원을 넘었는데 이것은 어 우리 경제사에도 아이엠에프 때 그리고 어 아이엠에프 때 말고는 거의 없었다라고 하는 얘기를 들었습니다. 그래서 당분간은 회사 차원에서도 긴축 재정이 들어가는 것이 맞고 내년 상반기 그러니까 일 사 분기 정도는 돼야지 그래도 어느정도 안정세를 찾을 것 같습니다. 환율은 좀 차 차 좀 더 인제 안정이 될 거라고 생각을 하는데 당분간은 그래도 천 사백 원 대를 유지할 것 같습니다.","wordCount":131},"emotion":[],"intent":[{"text":"","expression":"","category":"attitude"}],"summary":{"text":"향후 시장의 향후 발전 방향은 당분간 안 좋을 것 같습니다. 앞으로 당분간은 회사 차원에서도 긴축 재정이 들어가는 것이 맞고 내년 상반기 정도는 돼야라도 어느정도 안정세를 찾을 것 같으며, 당분간은 천 사천 원 대를 유지할 것 같습니다.","wordCount":36}}},"rawDataInfo":{"question":{"fileFormat":"wav","fileSize":209358,"duration":6540,"samplingBit":16,"channelCount":1,"samplingRate":"16kHz","audioPath":"/Mock/05.ICT/Male/Experienced/ckmk_q_ict_m_e_42886.wav"},"answer":{"fileFormat":"wav","fileSize":2682958,"duration":83840,"samplingBit":16,"channelCount":1,"samplingRate":"16kHz","audioPath":"/Mock/05.ICT/Male/Experienced/ckmk_a_ict_m_e_42886.wav"}}}