{"version":"1.0","dataSet":{"info":{"date":"20230116","occupation":"ICT","channel":"MOCK","place":"ONLINE","gender":"MALE","ageRange":"35-44","experience":"EXPERIENCED"},"question":{"raw":{"text":"어 시험 기간이나 시간이 촉박한 상황에는 어 시간 관리를 하는 것이 필수적인데요 지원자님께서는 이런 시간이 촉박한 상황에 어 개인적으로 시간을 관리하는 노하우 같은 것이 있으신가요","wordCount":25},"emotion":[],"intent":[]},"answer":{"raw":{"text":"예 저 이제 대학 시절에 시험 준비 시험 공부할 때가 생각이 많이 나는데요. 저는 타임 테이블을 굉장히 세부적으로 나눴던 기억이 있어요. 어 오십 분 동안은 이거 십 분은 휴식 뭐 삼십 분은 뭐 이십 분 동안은 뭐 리뷰를 한다 이런 식으로 굉장히 어 이 저의 타임 테이블을 세분화시켜서 계획을 짜 놓으면 그 계획 계획 짠 것이 아니다 라는 그런 이야기가 있듯이 계획만 짜서도 굉장히 뿌듯함이 느껴지고 그 계획을 최대한 정말 완벽하게 맞출 수는 없지만 정말 최대한 맞추기 위해서 어 시간 체크를 하면서 시간 관리를 했던 것으로 기억이 납니다. 그리고 모든 것에는 다 우선순위가 있기 때문에 그 우선순위 우선순위에 기반해서 이 타임 테이블을 짠 것으로 기억하고요. 저는 아직도 이런 아 이게 저에게 어떤 많은 업무들이 주어졌을 때 항상 우선순위를 고려하고 있습니다.","wordCount":120},"emotion":[],"intent":[{"text":"","expression":"","category":"attitude"}],"summary":{"text":"저는 대학 시절에 타임 테이블을 세분화해서 계획을 짠 적이 있습니다. 그 계획을 최대한 맞추기 위해서 시간 체크를 하면서 시간 관리를 했던 기억이 납니다. 모든 것에는 다 우선순위가 있기 때문에 그를 기반으로 타임테이블을 짠 것으로 기억합니다.","wordCount":35}}},"rawDataInfo":{"question":{"fileFormat":"wav","fileSize":483278,"duration":15100,"samplingBit":16,"channelCount":1,"samplingRate":"16kHz","audioPath":"/Mock/05.ICT/Male/Experienced/ckmk_q_ict_m_e_194228.wav"},"answer":{"fileFormat":"wav","fileSize":2016078,"duration":63000,"samplingBit":16,"channelCount":1,"samplingRate":"16kHz","audioPath":"/Mock/05.ICT/Male/Experienced/ckmk_a_ict_m_e_194228.wav"}}}