{"version":"1.0","dataSet":{"info":{"date":"20230116","occupation":"ICT","channel":"MOCK","place":"ONLINE","gender":"MALE","ageRange":"55-","experience":"EXPERIENCED"},"question":{"raw":{"text":"지원자님께서 생각하시는 본인의 장점과 단점을 설명해 주시고 지원자님께서 그것을 특화시키고 또 극복하기 위한 노력도 함께 말씀해 주시기 바랍니다","wordCount":18},"emotion":[],"intent":[]},"answer":{"raw":{"text":"어 저의 장점은 신중함이라고 생각하고 있습니다. 어 성격적인 부분도 차분함이 있고 또 일을 하면서 기획과 전략 사업을 추진을 하다보니 신중하게 생각하고 계획적으로 일하는 부분들이 어 많이 배워져 있는 것 같습니다. 어 그 음 그것이 도리어 이제 단점인 경우도 있는데요. 어 신중하게 일을 처리하다 보면 시간적인 요소들이 조금 많이 들어가게 되고 또 주변의 정보와 또 미래에 대한 통찰력을 가지고 어 사업 계획과 추진을 하다 보면 어 아무래도 이제 그 추진력을 가지고 어 진행함에 있어서 어 어 약간의 시간적인 딜레이 같은 것들이 발생을 할 수 있는데 어 경험상으로도 그런 것들을 좀 어 겪었고요. 음 제가 그것을 어 극복하기 위해서는 어 팀원들 또는 뭐 경영자들 또 저희 사업적인 부분에서 디시전 포인트와 디시전 타임라인을 설정을 해 두고 그것들이 넘어가지 않도록 잘 조절하고 어 관리를 하면서 실행을 해 나갔던 그런 경험이 있습니다. 그런 방식으로 극복하도록 하겠습니다.","wordCount":131},"emotion":[],"intent":[{"text":"","expression":"","category":"attitude"}],"summary":{"text":"저는 신중함이라는 장점을 가지고 있는데, 이것을 단점으로는 시간적인 요소들이 많이 들어가게 되고, 주변의 정보와 미래에 대한 통찰력을 가지고 사업 계획과 추진을 하다 보면 시간적인 딜레이 같은 것들이 발생을 할 수 있는데, 그것을 극복하기 위해서는 팀원들 또는 경영자들 이런 것들을 잘 조절하면서 실행을 해 나가야 합니다.","wordCount":45}}},"rawDataInfo":{"question":{"fileFormat":"wav","fileSize":626638,"duration":19580,"samplingBit":16,"channelCount":1,"samplingRate":"16kHz","audioPath":"/Mock/05.ICT/Male/Experienced/ckmk_q_ict_m_e_287372.wav"},"answer":{"fileFormat":"wav","fileSize":2878798,"duration":89960,"samplingBit":16,"channelCount":1,"samplingRate":"16kHz","audioPath":"/Mock/05.ICT/Male/Experienced/ckmk_a_ict_m_e_287372.wav"}}}