{"version":"1.0","dataSet":{"info":{"date":"20230116","occupation":"ICT","channel":"MOCK","place":"ONLINE","gender":"MALE","ageRange":"35-44","experience":"EXPERIENCED"},"question":{"raw":{"text":"요즘 가장 최근에 있었던 요즘 어 하고 있는 업무 중 문제해결 사례에 대해서 말씀을 해주시겠습니까","wordCount":15},"emotion":[],"intent":[]},"answer":{"raw":{"text":"이천 이십 년 이 월 전 세계 코로나 팬데믹이 발발했을 때 일 입니다. 영업부에서 대학 병원에 이십 억 원이 넘는 장비 두 대를 설치 운영 검수까지 하겠다는 계약서를 갖고 저희 서비스팀으로 와서 이 장비를 설치할 수 있는 방안에 대해서 알려 달라고 했습니다. 하지만 각국에 있는 모든 엔지니어가 서로 왕래를 불가하던 입출국 금지 시대였고 병원에서는 삼 개월 안에 이십 억 짜리 장비 두 대를 완벽하게 운영을 시키지 못하면 지체상금을 물겠다 라고 하는 엄포를 놓았습니다. 그때 제가 문득 영화 마스에서 본 내용에 착안하여 일본에 있는 엔지니어들에게 우리나라에 엔지니어들을 교육을 해 주면서 실시간으로 장비 설치를 알려 달라고 했습니다. 해당 사이트에 카메라 이십 개를 넘게 설치하고 곳곳마다 하나하나 설치할 때마다 제가 통역 및 기술 검수를 통해서 이십 사 시간 중에 이십 시간씩 장비를 설치하여 이 점 오 개월 만에 이십 억 원 짜리 장비 두 대를 병원에 설치하여 가동하고 운영하고 최종 검수까지 받아서 지체상금을 물지 않았던 것이 제가 가장 큰 업무를 해결했던 사례입니다. 그때 당시에 영업부에서는 칠십 퍼센트 이상 포기했지만 저는 절대 포기하지 않아 좋은 선 선례를 남겼던 것 같습니다.","wordCount":166},"emotion":[{"text":"해당 사이트에 카메라 이십 개를 넘게 설치하고 곳곳마다 하나하나 설치할 때마다   제가 통역 및 기술 검수를 통해서 이십 사 시간 중에 이십 시간씩 장비를 설치하여   이 점 오 개월 만에 이십 억 원 짜리 장비 두 대를 병원에 설치하여 가동하고 운영하고 최종 검수까지 받아서 지체상금을 물지 않았던 것이 제가 가장 큰   업무를 해결했던 사례입니다.","expression":"u-fact","category":"neutral"}],"intent":[{"text":"","expression":"","category":"attitude"}],"summary":{"text":"코로나 팬데믹 발발 당시 영업부에서 대학 병원에 장비 설치에 대한 계약서를 갖고 왔습니다. 하지만 각국의 모든 엔지니어가 입출국 금지 시대였고 병원에서는 삼 개월 안에 장비 운영을 하지 못하면 지체상금을 물겠다고 했습니다. 그때 영화 마스에서 본 내용에 착안하여 일본에 엔지니어들에게 실시간으로 장비 설치를 알려 달라고 했습니다.","wordCount":45}}},"rawDataInfo":{"question":{"fileFormat":"wav","fileSize":307278,"duration":9600,"samplingBit":16,"channelCount":1,"samplingRate":"16kHz","audioPath":"/Mock/05.ICT/Male/Experienced/ckmk_q_ict_m_e_183432.wav"},"answer":{"fileFormat":"wav","fileSize":2816078,"duration":88000,"samplingBit":16,"channelCount":1,"samplingRate":"16kHz","audioPath":"/Mock/05.ICT/Male/Experienced/ckmk_a_ict_m_e_183432.wav"}}}