{"version":"1.0","dataSet":{"info":{"date":"20230116","occupation":"ICT","channel":"MOCK","place":"ONLINE","gender":"MALE","ageRange":"35-44","experience":"EXPERIENCED"},"question":{"raw":{"text":"어 아이패드 같이 시장에서 사랑을 많이 받고 관심을 많이 받는 제품들이 있잖아요 어 이 제품을 왜 주목하는지 그런 제품들의 특징에 대해서 말씀 부탁드릴게요","wordCount":23},"emotion":[],"intent":[]},"answer":{"raw":{"text":"그 트렌드는 계속 변하고 있는데 어 최근 트렌드는 이제 아이패드 맵북 에어팟 제트플립 같은 그런 아 모바일 기계 들이 그 전자기기 들이 굉장히 각광 받고 있습니다. 네 근데 이거 가끔 뭐 각광받는 이유는 음 심플 이즈 더 베스트 라는 말이 잘 어울리는 것 같아요. 아 뭔가 복잡스럽지 않고 조잡하지 않고 언제나 이렇게 굉장히 단조로운 단조로운 디자인 그리고 어 각 작지만 강하다 어떤 이 작은 기계 안에 많은 기능들을 많은 기능들을 사 이렇게 심어 놔서 그것들을 사용자들이 아주 편리하게 사용할 수 있고 그리고 제트플립 같은 경우는 아 이런 에 휴대성까지 이제 높인 제품이기 때문에 아 저는 트렌드는 변하지만 지금 현재 현재 트렌드는 심플 이즈 더 베스트 라고 생각합니다. 간단할수록 사람들이 너무 복잡한 하도 복잡한 세상에서 살다 보니까 이런 트렌드가 도래하지 않았을까 싶습니다.","wordCount":121},"emotion":[],"intent":[{"text":"","expression":"","category":"attitude"}],"summary":{"text":"요즘 트렌드는 단조로운 디자인과 휴대성을 갖춘 모바일 기계들이 각광받는 심플 이즈 더 베스트 입니다. 간단할수록 사람들이 복잡한 세상에 살다 보니 이런 트렌드가 도래하지 않았나 싶습니다.","wordCount":25}}},"rawDataInfo":{"question":{"fileFormat":"wav","fileSize":460878,"duration":14400,"samplingBit":16,"channelCount":1,"samplingRate":"16kHz","audioPath":"/Mock/05.ICT/Male/Experienced/ckmk_q_ict_m_e_194227.wav"},"answer":{"fileFormat":"wav","fileSize":2201358,"duration":68790,"samplingBit":16,"channelCount":1,"samplingRate":"16kHz","audioPath":"/Mock/05.ICT/Male/Experienced/ckmk_a_ict_m_e_194227.wav"}}}