{"version":"1.0","dataSet":{"info":{"date":"20230116","occupation":"ICT","channel":"MOCK","place":"ONLINE","gender":"MALE","ageRange":"-34","experience":"EXPERIENCED"},"question":{"raw":{"text":"일을 하다가 생각하지 못했던 난관에 부딪친다면 지원자님께서는 어떻게 해결을 하시겠습니까 본인만의 해결법이 있다면 말씀해 주시고 또 그렇게 하는 이유에 대해서도 말씀해 주시기 바랍니다","wordCount":23},"emotion":[],"intent":[]},"answer":{"raw":{"text":"어느 프로젝트나 업무에서 얻은 난관는 있기 마련입니다. 우선 저는 그러한 상황을 마주하기 이전에 먼저 사전 준비를 철저히 합니다. 하지만 사전에 미처 준비하지 못한 연관이 발생한다면 우선적으로 현장에서 최대한 대화를 통해 이것저것 확인하고 묻고 해서 실마리를 찾아낼 것입니다. 하지만 미리 준비되지 않은 난관 쉽게 해결되지 않을 가능성이 크기 때문에 우선적으로 사무실에 연락을 취해 현재 상황을 공유하고 지원이 가능한 부분을 확인하겠습니다. 이후 현장에서 시간을 더 소요할 지 혹은 재정비를 하여 넣을지 다시 도전할지를 최대한 빠르게 판단하려고 할 것 같습니다.","wordCount":77},"emotion":[],"intent":[{"text":"","expression":"","category":"attitude"}],"summary":{"text":"저는 어떤 프로젝트나 업무에서 얻은 난관이 있기 마련이므로 사전 준비를 철저히 하고 이후 현장에서 시간을 더 소요할 지 혹은 재정비를 하여 넣을지 다시 도전할지를 최대한 빠르게 판단하려고 할 것 같습니다.","wordCount":30}}},"rawDataInfo":{"question":{"fileFormat":"wav","fileSize":572238,"duration":17880,"samplingBit":16,"channelCount":1,"samplingRate":"16kHz","audioPath":"/Mock/05.ICT/Male/Experienced/ckmk_q_ict_m_e_246242.wav"},"answer":{"fileFormat":"wav","fileSize":3792718,"duration":118520,"samplingBit":16,"channelCount":1,"samplingRate":"16kHz","audioPath":"/Mock/05.ICT/Male/Experienced/ckmk_a_ict_m_e_246242.wav"}}}