{"version":"1.0","dataSet":{"info":{"date":"20230116","occupation":"ICT","channel":"MOCK","place":"ONLINE","gender":"MALE","ageRange":"35-44","experience":"EXPERIENCED"},"question":{"raw":{"text":"지원자분은 테스트 코드에 대해서 알고 계신가요 테스트 코드는 왜 짜야 한다고 생각합니까 그 이유에 관해서 자세하게 설명 부탁드립니다","wordCount":18},"emotion":[],"intent":[]},"answer":{"raw":{"text":"예 모든 시스템 구축에 있어서는 어 테스트 환경의 구축이 굉장히 중요합니다. 왜냐하면 어 이거를 바로 프로덕션 그까 어 이걸 이걸 어 이렇게 환경을 좀 나눠보자면 운용 환경과 테스트 환경을 크게 두 가지로 나눌 수가 있는데 테스트 환경을 건너뛰고 바로 운용 환경으로 해서 코드를 어 코딩을 해서 반영을 바로 해버린다면 업무 어 이게 충분한 테스트가 안 되었기 때문에 운영상에서 큰 사고가 일어날 수도 있거든요. 그래서 어 테스트 환경을 따로 구축을 하고 테스트 코드를 짜고 어떤 가비지 값들도 여러 시나리오를 생각을 해보면서 가비지 값들을 넣어가면서 어 테스트에서 충분히 어 완료를 한 후에 그 그 코드를 아 운영 환경 프로덕션 환경으로 옮겨서 어 반영하는 것이 어 일반적인 아이티 그런 어 프로시저라고 볼 수 있고요. 어 테스트 환경은 어 운영에 그 어려움을 어 어떤 오류를 최소화하기 위한 하나의 큰 장치라고 생각합니다.","wordCount":127},"emotion":[],"intent":[{"text":"","expression":"","category":"attitude"}],"summary":{"text":"모든 시스템 구축에 있어서 테스트 환경의 구축이 굉장히 중요하기 때문에 일반적인 아이티 프로시저라고 볼 수 있습니다. 테스트 환경은 운영에 어려움을 어떤 오류를 최소화하기 위한 하나의 큰 장치라고 생각합니다.","wordCount":28}}},"rawDataInfo":{"question":{"fileFormat":"wav","fileSize":394318,"duration":12320,"samplingBit":16,"channelCount":1,"samplingRate":"16kHz","audioPath":"/Mock/05.ICT/Male/Experienced/ckmk_q_ict_m_e_194105.wav"},"answer":{"fileFormat":"wav","fileSize":2321358,"duration":72540,"samplingBit":16,"channelCount":1,"samplingRate":"16kHz","audioPath":"/Mock/05.ICT/Male/Experienced/ckmk_a_ict_m_e_194105.wav"}}}