{"version":"1.0","dataSet":{"info":{"date":"20230116","occupation":"ICT","channel":"MOCK","place":"ONLINE","gender":"MALE","ageRange":"45-54","experience":"EXPERIENCED"},"question":{"raw":{"text":"본인께서 지원한 직무가 지금 본인에게 잘 맞는다 라고 생각을 하시는지 또 그 일 자체가 어 자기한테 합당한 직무라고 생각을 하시는지 한번 생각해 보시고 말씀해 보시겠습니까 본인에게 맞는지","wordCount":27},"emotion":[],"intent":[]},"answer":{"raw":{"text":"네 당연히 잘 맞다고 생각합니다. 어 저는 아시다시피 경력직으로 지원을 했고 저는 이 분야가 어 제가 이십 여 년 넘게 이 업종에서 일을 해왔고 이 일에 자부심과 긍지를 갖고 있습니다. 어 뭐 저 오만의 생각일 수도 있지만 저는 이 분야에서 어 탑이라고 생각을 합니다. 어 저는 이 일을 계속해 오면서 나름대로의 노하우를 쌓아 왔고 수많은 경험을 갖고 있습니다. 또한 이 일을 하면서 어 동료를 얻게 됐는데 그 동료들이 각각의 분야에서 나름의 에 노하우를 갖고 축적하고 있다 보니 이들과의 네트워크를 가지고 어 문제가 생겼을 때 그것을 해결할 수 있는 능력을 갖고 있다라고 생각을 합니다. 어 저는 이 일을 더 잘하고 싶고 앞으로도 더 어 열심히 할 것입니다. 저는 이 분야에서 어 탑이 되는 게 제일 목표고 저는 그것을 탑이 되기 위해서 계속 노력할 것이며 어 그 자리를 놓치지 않으려고 노력할 것입니다.","wordCount":130},"emotion":[],"intent":[{"text":"","expression":"","category":"attitude"}],"summary":{"text":"저는 경력직으로 이 업종에서 일해왔고 이 분야에 자부심과 긍지를 갖고 있습니다. 이 일을 하면서 수많은 경험을 했고 네트워크를 가지고 문제 발생 시 해결 능력을 갖고 있다고 생각합니다. 이 분야에서 탑이 되기 위해 노력할 것이며 그 자리를 놓치지 않으려고 노력할 것입니다.","wordCount":40}}},"rawDataInfo":{"question":{"fileFormat":"wav","fileSize":671438,"duration":20980,"samplingBit":16,"channelCount":1,"samplingRate":"16kHz","audioPath":"/Mock/05.ICT/Male/Experienced/ckmk_q_ict_m_e_42888.wav"},"answer":{"fileFormat":"wav","fileSize":2376398,"duration":74260,"samplingBit":16,"channelCount":1,"samplingRate":"16kHz","audioPath":"/Mock/05.ICT/Male/Experienced/ckmk_a_ict_m_e_42888.wav"}}}