{"version":"1.0","dataSet":{"info":{"date":"20230116","occupation":"ICT","channel":"MOCK","place":"ONLINE","gender":"MALE","ageRange":"55-","experience":"EXPERIENCED"},"question":{"raw":{"text":"혹시 팀으로 일을 하는 것과 혼자 일하는 것 중 어느 것을 더 선호하시는 편인가요 그리고 그것을 선호하시는 이유는 무엇인가요","wordCount":19},"emotion":[],"intent":[]},"answer":{"raw":{"text":"팀으로 일하는 것을 더 선호하는 편입니다. 어떤 때는 때로 개인적으로 일을 하는 것이 편할 때도 있지만 어 그동안의 경험 무치로 보았을 때 팀으로 일을 하는 것이 더 효과적이고 결과물도 좋았던 것 같습니다. 팀으로 하게 되면 어 팀장을 위시로 중간 관리자와 팀원들이 구성이 되게 되는데 서로 간의 협업과 화합을 통해서 서로가 서로를 격려를 하고 어 서로를 보살펴 줌으로써 설사 업무 역량의 차이들이 있을 수도 있고 직무 지식들의 차이가 있을 수도 있는데 일 더하기 일은 이가 아니다 저는 일 더하기 일은 삼 이상이다 라는 생각을 가지고 있습니다. 그렇기에 어 서로가 아 좀 더 배려하고 좀 더 어 소통을 강화하여서 어 서로를 위해 줄 때 마음이 편안하게 되고 자기가 할 수 있는 업무 역량도 더 높아지게 된다 라고 생각을 하고 있습니다. 그래서 저는 혼자 일하는 것보다 팀으로 인하는 것을 선호하는 편입니다.","wordCount":128},"emotion":[],"intent":[{"text":"","expression":"","category":"attitude"}],"summary":{"text":"저는 개인적으로 일하는 것보다 팀으로 일하는 것을 더 선호하는 편입니다. 팀으로 일하게 되면 서로 간의 협업과 화합을 통해서 업무 역량의 차이와 직무 지식의 차이가 있을 수 있지만 일 더하기 일은 이가 아니다 라는 생각을 가지고 있습니다. 그래서 저는 혼자 일하는 것보다 팀 인하는 것을 선호합니다.","wordCount":45}}},"rawDataInfo":{"question":{"fileFormat":"wav","fileSize":312398,"duration":9760,"samplingBit":16,"channelCount":1,"samplingRate":"16kHz","audioPath":"/Mock/05.ICT/Male/Experienced/ckmk_q_ict_m_e_295819.wav"},"answer":{"fileFormat":"wav","fileSize":2665678,"duration":83300,"samplingBit":16,"channelCount":1,"samplingRate":"16kHz","audioPath":"/Mock/05.ICT/Male/Experienced/ckmk_a_ict_m_e_295819.wav"}}}