{"version":"1.0","dataSet":{"info":{"date":"20230116","occupation":"ICT","channel":"MOCK","place":"ONLINE","gender":"MALE","ageRange":"-34","experience":"EXPERIENCED"},"question":{"raw":{"text":"지원자님은 얼마 전에 구급 대원이 주취자에게 폭행을 당해서 순직한 경험이 있다는 것을 혹시 보셨나요","wordCount":14},"emotion":[],"intent":[]},"answer":{"raw":{"text":"뭐라고 말씀을 드려야 될지 모르겠습니다. 제가 있던 얼마 전에 있던 곳에서도 어 구급 대원 분들께서 주취자에게 폭행을 당하여 순직한 일이 발생했는데 근데 뉴스에서도 왜 자꾸 그렇게 주취자들이 구급 대원 분들만 폭행을 하시는지 이것이 마치 그 이런 예가 적절할지는 모르겠습니다. 그러니까 너무 극단적이어서 그래요. 제가 좀비들이 피를 찾아서 헤매는 그런 현상처럼 저는 받아들여져요. 좀비가 피 냄새를 맡고서 그것만 쫓아가잖아요. 왜 항상 주취자들은 술에 취한 사람들은 구급 대원들만 이렇게 공격을 하는지 경찰관도 아니고 지나가는 회사원도 아니고 어떤 자영업자도 아니고 왜 하필 구급 대원인지 이것에 대한 문제를 사회적으로 인식을 해서 지금 이 문제를 알아보기 위한 법안이 이렇게 상정되었다고 지금 뉴스를 들었어요. 그럼에도 또 구급 대원들이 이렇게 주취자로부터 폭행을 당했다는 거는 어떤 글의 술에 무슨 문제 있는 성분이 아닌가 생각을 합니다.","wordCount":117},"emotion":[],"intent":[{"text":"","expression":"","category":"attitude"}],"summary":{"text":"구급 대원들이 주취자에게 폭행을 당해 순직한 일이 발생했는데 뉴스에서 왜 구급대원들만 폭행을 하는지 이해가 되지 않습니다. 왜 항상 주취자들은 술에 취한 사람들은 구급대원들만 공격하는지 이 문제를 사회적으로 인식하기 위한 법안이 상정되었다고 들었지만, 술에 문제 있는 성분이 아닌가 생각합니다.","wordCount":38}}},"rawDataInfo":{"question":{"fileFormat":"wav","fileSize":485838,"duration":15180,"samplingBit":16,"channelCount":1,"samplingRate":"16kHz","audioPath":"/Mock/05.ICT/Male/Experienced/ckmk_q_ict_m_e_200092.wav"},"answer":{"fileFormat":"wav","fileSize":2887758,"duration":90240,"samplingBit":16,"channelCount":1,"samplingRate":"16kHz","audioPath":"/Mock/05.ICT/Male/Experienced/ckmk_a_ict_m_e_200092.wav"}}}