{"version":"1.0","dataSet":{"info":{"date":"20230116","occupation":"ICT","channel":"MOCK","place":"ONLINE","gender":"MALE","ageRange":"35-44","experience":"EXPERIENCED"},"question":{"raw":{"text":"본인 스스로 생각했을 때 팀장과 팀원 중 어느 곳에 더 잘 맞을 것 같은지 말씀해 주시고 그렇게 생각하시는 이유도 함께 설명해 주세요","wordCount":22},"emotion":[],"intent":[]},"answer":{"raw":{"text":"어 팀장과 팀원 중에 둘 중에 한 가지를 고를 수 있다면 어 저는 팀장에 더 잘 맞을 거라고 생각을 합니다. 어 한 팀을 리드함으로써 그거에 대한 책임감을 갖고 그리고 저 개인 개인의 커리어에 큰 도움이 될 거라고 생각을 하고 있고요. 어 사람은 누구나 언제나 아 그 어떤 한 팀의 멤버에 머물 수가 없습니다. 언젠가는 아 그 멤버에서 팀장 팀 리더로 올라가서 자신의 그런 이제 부하 직원들을 거느릴 수 있고 어 또 리더십을 키울 수 있는 그런 위치에 그런 위치에 설 수밖에 없으 없기 때문에 언제나 한 군데서 도태되지 않고 언제나 자기 자신을 좀 개발하고 업그레이드할 수 있는 그런 어 그런 그런 그릇을 키워 나가야 된다고 생각하고 있고요. 저 역시 이번 기회에 이 팀장이 된다면 제 팀원들을 어 잘 다독거리고 잘 리드해서 우리의 팀이 어 이 회사에 최고의 팀이 되도록 되도록 만들 자신이 있습니다.","wordCount":133},"emotion":[],"intent":[{"text":"","expression":"","category":"attitude"}],"summary":{"text":"한 팀을 리드함으로써 책임감을 갖고 개인 커리어에 큰 도움이 될 것이라고 생각하며, 언젠가 팀 리더로 올라가 자신의 부하 직원들을 거느릴 수 있고 리더십도 키울 수 있는 위치에 설 수 있기 때문에 언제나 자기 자신을 개발하고 업그레이드할 수 있는 그릇을 키워 나가야 한다고 생각합니다.","wordCount":43}}},"rawDataInfo":{"question":{"fileFormat":"wav","fileSize":339598,"duration":10610,"samplingBit":16,"channelCount":1,"samplingRate":"16kHz","audioPath":"/Mock/05.ICT/Male/Experienced/ckmk_q_ict_m_e_298876.wav"},"answer":{"fileFormat":"wav","fileSize":2407118,"duration":75220,"samplingBit":16,"channelCount":1,"samplingRate":"16kHz","audioPath":"/Mock/05.ICT/Male/Experienced/ckmk_a_ict_m_e_298876.wav"}}}