{"version":"1.0","dataSet":{"info":{"date":"20230116","occupation":"ICT","channel":"MOCK","place":"ONLINE","gender":"MALE","ageRange":"55-","experience":"EXPERIENCED"},"question":{"raw":{"text":"현대인은 하루 평균 세 번 거짓말을 한다고 합니다 지원자님께서 해봤던 가장 기억에 남는 거짓말은 무엇이었나요","wordCount":15},"emotion":[],"intent":[]},"answer":{"raw":{"text":"얼마나 많은 사람들이 거짓말을 하기에 하루에 세 번 거짓말을 한다는지 저는 잘 이해가 안 되는데요. 하루 생활 가운데 저는 거짓말을 하는 적이 없는 것 같습니다. 어 가장 기억에 남는 거짓말 어 거짓말을 잘 하지 않기 때문에 기억이 나지는 않는데 어 어 이런 경우가 있었던 것 같습니다. 꽤 오래전 일인데 어 가족이 어 교통사고를 당했는데 그 상황을 직접 확인하고 상태가 어떤지를 확인하지 않은 상태에서 다른 가족에게 그것을 전달하기가 어려워서 걱정할까 봐 좀 선의의 거짓말을 했던 것 같은 기억이 있습니다. 뭐 가벼운 접촉사고 정도 났었어 나 낫다고 들었어 괜찮을 거야 걱정하지 마 이런 정도의 거짓말은 한 것 같은데 어 그 더 크게 기억나는 거짓말은 없습니다.","wordCount":103},"emotion":[],"intent":[{"text":"","expression":"","category":"attitude"}],"summary":{"text":"많은 사람들이 하루에 세 번 거짓말을 하는 것이 이해되지 않습니다. 저는 거짓말을 잘 하지 않기 때문에 기억이 나지 않는 경우도 있습니다. 가족이 교통사고를 당했는데 상태를 확인하지 않은 상태에서 다른 가족에게 전달하기 어려워서 선의의 거짓말을 한 것 같습니다.","wordCount":37}}},"rawDataInfo":{"question":{"fileFormat":"wav","fileSize":628558,"duration":19640,"samplingBit":16,"channelCount":1,"samplingRate":"16kHz","audioPath":"/Mock/05.ICT/Male/Experienced/ckmk_q_ict_m_e_296859.wav"},"answer":{"fileFormat":"wav","fileSize":2419598,"duration":75610,"samplingBit":16,"channelCount":1,"samplingRate":"16kHz","audioPath":"/Mock/05.ICT/Male/Experienced/ckmk_a_ict_m_e_296859.wav"}}}