{"version":"1.0","dataSet":{"info":{"date":"20230116","occupation":"ICT","channel":"MOCK","place":"ONLINE","gender":"MALE","ageRange":"35-44","experience":"EXPERIENCED"},"question":{"raw":{"text":"어 입사를 하신 후에 상 상사가 회사의 이익에 반하는 행동을 하는 것을 직접 목격하셨다면 어떻게 대처하실 건가요 그리고 그때 어떻게 행동하실 것인지도 궁금합니다","wordCount":23},"emotion":[],"intent":[]},"answer":{"raw":{"text":"어 상사에 행동을 제가 감히 아 판단하기 하는 것 자체가 좀 문제가 있다고 보고 있구요. 저희 회사의 이익을 바란다 라는 그런 어 저 스스로는 그런 결론을 그런 결론까지는 도달하지 못할 것 같아요. 왜냐하면 상사 분이 뭐 하루 이틀 이 회사에서 일한 것도 아니고 이 회사에 대해서 나보다 알면 더 많이 알았지 나보다 덜 알지는 않을 겁니다. 그래서 어 상사 뿐만 아니라 모든 사람들이 그런 어떤 행동을 함에 있어서는 그들만의 이유가 있다고 먼저 생각을 하는 편이고요. 상사 분이 그런 어떤 행동을 했는데 행동을 함으로써 그 이 그 행동의 이유가 분명히 그 성사 만의 어떤 그런 아 계획이 있거나 전략이 있기 때문에 그런 행동을 했다고 판단할 것 같습니다. 그래서 일단 정 아니다 싶으면 일단 여쭤볼 수는 있겠지만 그거에 대해서 뭐 크게 반영하지는 않을 거라고 생각합니다.","wordCount":123},"emotion":[],"intent":[{"text":"","expression":"","category":"attitude"}],"summary":{"text":"상사의 행동을 제가 판단하는 것은 문제가 있다고 봅니다. 상사뿐만 아니라 모든 사람들이 그들만의 이유가 있다고 생각하며 행동의 이유가 계획이나 전략이 있기 때문이라고 판단할 것 같습니다.","wordCount":25}}},"rawDataInfo":{"question":{"fileFormat":"wav","fileSize":610318,"duration":19070,"samplingBit":16,"channelCount":1,"samplingRate":"16kHz","audioPath":"/Mock/05.ICT/Male/Experienced/ckmk_q_ict_m_e_245725.wav"},"answer":{"fileFormat":"wav","fileSize":2187278,"duration":68350,"samplingBit":16,"channelCount":1,"samplingRate":"16kHz","audioPath":"/Mock/05.ICT/Male/Experienced/ckmk_a_ict_m_e_245725.wav"}}}