{"version":"1.0","dataSet":{"info":{"date":"20230116","occupation":"ICT","channel":"MOCK","place":"ONLINE","gender":"MALE","ageRange":"45-54","experience":"EXPERIENCED"},"question":{"raw":{"text":"지원자께서는 지금까지 학교나 사회에서 많은 경험을 하셨을 거라 믿습니다 그렇다면 본인의 강점이나 또는 단점은 무엇이 있는지 그것에 대해서 말씀해 주십시오","wordCount":20},"emotion":[],"intent":[]},"answer":{"raw":{"text":"저의 장점은 공감 능력이 굉장히 좋다고 생각을 하고 어떤 사람과 어 어떤 트러블이 있을 때 어 그냥 소통하려고 하지 않구요. 일단 그 사람을 이해하려고 노력을 합니다. 공감 능력이 바탕이 된 소통만이 저는 원활한 소통이 가능하다고 생각을 하고 사람들이 얘기하는 저는 친화력이 굉장히 좋다고 해요. 새로운 사람을 빨리 만나 어 빨리 친하도록 만들 수 있게 는 능력이 뛰어나다 라고 말을 하는데 그거는 제가 볼 때 그 공감 능력이 바탕이 되기 때문에 일단 그 사람을 이해해야죠. 그 사람이 이해하고 그 사람이 원하는 거를 캐치를 하고 또 제가 원하는 부분에 그 사람의 맞게 원하는 것들 기술 도 필요해요. 그 사람이 하기 힘든 거를 제가 원하면 그 사람 굉장히 힘들어하겠죠. 그래서 그 사람이 할 수 있는 범주 안에서 저는 요구를 할 수가 있고 그랬을 경우에 어 금방 친해질 수가 있는 거죠. 그래서 저는 어 소통 능력이 가장 저의 장점이라고 생각하고 그 그 그렇게 생각하고 있습니다.","wordCount":141},"emotion":[],"intent":[{"text":"저의 장점은 공감 능력이 굉장히 좋다고 생각을 하고 어떤 사람과   어 어떤 트러블이 있을 때 어 그냥 소통하려고 하지 않구요.","expression":"c_person","category":"background"},{"text":"공감 능력이 바탕이 된   소통만이 저는 원활한 소통이 가능하다고 생각을 하고 사람들이 얘기하는 저는 친화력이 굉장히 좋다고 해요.","expression":"c_person","category":"background"},{"text":"그래서 저는 어 소통 능력이   가장 저의 장점이라고 생각하고 그 그 그렇게 생각하고 있습니다.","expression":"c_person","category":"background"}],"summary":{"text":"공감 능력이 바탕이 된 소통만이 원활한 소통이 가능하다 생각합니다. 친화력이 굉장히 좋다고 하는데 그것은 공감능력이 바탕이 되기 때문입니다. 그 사람을 이해하고 원하는 걸 캐치하고 맞게 원하는 기술도 필요합니다. 그 사람이 할 수 있는 범주 안에서 요구를 할 수 있고 친해질 수가 있는 것입니다.","wordCount":43}}},"rawDataInfo":{"question":{"fileFormat":"wav","fileSize":524238,"duration":16379,"samplingBit":16,"channelCount":1,"samplingRate":"16kHz","audioPath":"/Mock/05.ICT/Male/Experienced/ckmk_q_ict_m_e_86860.wav"},"answer":{"fileFormat":"wav","fileSize":2871758,"duration":89740,"samplingBit":16,"channelCount":1,"samplingRate":"16kHz","audioPath":"/Mock/05.ICT/Male/Experienced/ckmk_a_ict_m_e_86860.wav"}}}