{"version":"1.0","dataSet":{"info":{"date":"20230116","occupation":"ICT","channel":"MOCK","place":"ONLINE","gender":"MALE","ageRange":"35-44","experience":"EXPERIENCED"},"question":{"raw":{"text":"만약 본인이 이 면접에서 최종 탈락하게 되었습니다 그랬을 경우 본인의 어떤 점이 부족해서 탈락했다고 생각하실까요","wordCount":15},"emotion":[],"intent":[]},"answer":{"raw":{"text":"네 제가 이 면접에서 최종적으로 탈락을 하게 된 이유는 아 아마 저의 자만심이 아닐까 싶습니다. 저는 언제나 저의 자존감이 굉장히 높은 편이기 때문에 나는 무엇이든 잘 할 것이다 그리고 이 면접은 나는 합격한다 이건 합격이라고 저는 자부하면서 이 면접에 임하고 있거든요. 그래서 이런 저의 자만심 가득한 태도가 어 면접관님들께서 안 좋게 볼 수도 있고 어 그 이유가 제가 어 최종적으로 이 면접에 탈락한 이유이지 않을까 싶습니다. 그래서 정말 이러면 안 된다는 걸 알고 있는데 저도 잘 보통 긴장을 안 하는 편이라서 어떤 새로운 환경에서도 그냥 긴장 없이 저 있는 그대로의 저의 저의 모습을 보여주려고 항상 주저리 주저리 어 굳이 말해도 되 말하지 않아도 될 이야기까지 하면서 저 자신을 깎아내리곤 하는데요. 네 이 자만심에서 비롯된 그 그릇된 행동이라고 생각합니다.","wordCount":118},"emotion":[],"intent":[{"text":"","expression":"","category":"attitude"}],"summary":{"text":"저는 자존감이 굉장히 높은 편인데 면접에서 탈락하게 된 이유는 긴장하지 않고 있는 그대로의 저의 모습을 보여주려고 항상 굳이 말해도 되지 않아도 될 이야기까지 하면서 자신을 깎아내리게 됩니다. 이 자만심에서 비롯된 그릇된 행동이라고 생각합니다.","wordCount":33}}},"rawDataInfo":{"question":{"fileFormat":"wav","fileSize":327758,"duration":10240,"samplingBit":16,"channelCount":1,"samplingRate":"16kHz","audioPath":"/Mock/05.ICT/Male/Experienced/ckmk_q_ict_m_e_194111.wav"},"answer":{"fileFormat":"wav","fileSize":2180558,"duration":68140,"samplingBit":16,"channelCount":1,"samplingRate":"16kHz","audioPath":"/Mock/05.ICT/Male/Experienced/ckmk_a_ict_m_e_194111.wav"}}}