{"version":"1.0","dataSet":{"info":{"date":"20230116","occupation":"ICT","channel":"MOCK","place":"ONLINE","gender":"MALE","ageRange":"35-44","experience":"EXPERIENCED"},"question":{"raw":{"text":"지원자님께서는 시험 기간 그리고 시간이 촉박할 때 어떻게 시간 관리를 하셨습니까 지원자님의 시간 관리법을 상세하게 설명해 주시기 바랍니다","wordCount":18},"emotion":[],"intent":[]},"answer":{"raw":{"text":"어 제가 대학교 시절부터 어떤 별명이 있는데 어 그 플랜맨이었습니다. 플랜맨인데 그냥 플랜맨이 아니고 거의 마이크로 플랜맨이라고 불렀는데 이게 의미가 어떤 의미였냐면 굉장히 철저한 계획을 시간적으로 계획을 배부 시간 배분을 철저하게 했었고요. 어 그 시간 배분의 근거는 어 어떤 것이 중요한지 우선순위를 매기는 거에서부터 시작이 된 것 같습니다. 어떤 이 모든 이 세상 만사 어 살아 감에 있어서 어 어떤 모든 것들에는 우선순위가 있습니다. 무엇이 가장 중요한지 그리고 무엇이 덜 중요한지를 어 저는 대학 시절부터 더 거슬러 올라가 학창 시절부터 그것을 몸에 익히고 그리고 그걸 판단하기 위해서 노력을 해 왔고요. 시험 기간이나 시간이 촉박할 때 언제나 제 철저한 그런 시간 타임 테이블에 의거해서 어 공부를 해 왔던 것 같습니다. 그래서 어 네 크게 뭐 실패는 없었던 것 같네요.","wordCount":118},"emotion":[],"intent":[{"text":"","expression":"","category":"attitude"}],"summary":{"text":"저는 대학 때부터 철저한 계획을 하고 시간 배분을 철저하게 했습니다. 시간 배분의 근거는 어떤 것이 중요한지 우선순위를 매기는 것에서부터 시작된 것 같습니다. 학창 시절부터 그것을 몸에 익히고 그것을 판단하기 위해 노력해 왔기 때문에 크게 실패는 없었던 것 같습니다.","wordCount":38}}},"rawDataInfo":{"question":{"fileFormat":"wav","fileSize":594958,"duration":18590,"samplingBit":16,"channelCount":1,"samplingRate":"16kHz","audioPath":"/Mock/05.ICT/Male/Experienced/ckmk_q_ict_m_e_298879.wav"},"answer":{"fileFormat":"wav","fileSize":2409038,"duration":75280,"samplingBit":16,"channelCount":1,"samplingRate":"16kHz","audioPath":"/Mock/05.ICT/Male/Experienced/ckmk_a_ict_m_e_298879.wav"}}}