{"version":"1.0","dataSet":{"info":{"date":"20230116","occupation":"ICT","channel":"MOCK","place":"ONLINE","gender":"MALE","ageRange":"55-","experience":"EXPERIENCED"},"question":{"raw":{"text":"지원자분께서 일을 하시다 보면 상사분과 트러블이 생길 일이 있을 수 있습니다 그와 같은 상황이 된다고 하면 어떻게 하실 생각이신지 궁금합니다 또 상사분이 본인을 혼낸다고 하면 기분 나쁘시지는 않을까요","wordCount":28},"emotion":[],"intent":[]},"answer":{"raw":{"text":"회사에서 근무하다 보면 트러블이 생길 수 있는 건 당연한 일이라고 생각을 합니다. 트러블이 생겼을 때 중요한 요소는 무엇이냐 하면 소통을 강화시키는 것이 중요하다고 생각을 합니다. 먼저 트러블이 있는 이유는 자기의 생각의 차이들로 인해서 갈등이 생기는 요소들인데 그것들을 강하게 주장하게 되면 서로 상충되는 부분에 트러블이 생길 수 있는 부분들이 있는 것이지요. 그래서 제 생각엔 소통을 강화하고 많은 대화를 통해서 상대방의 입장을 이해하고 나의 입장도 충분히 어 주장하여서 그 중간점이 될 수 있는 부분들을 찾아내는 것이 중요하다고 생각을 합니다. 또한 상사와의 트러블이기 때문에 기본적으로는 아랫사람으로서의 도리를 어 가지고 상사에게 어 적절하게 어 대우하는 것이 어 맞다고 생각이 되고요. 상사가 혼을 낸다면 기분은 나쁘겠죠. 저의 생각이 꺾일 수도 있고 저의 생각을 누를 수도 있는 부분들인데 어 감정적으로 혼내는 부분인지 이성적으로 혼내는 부분인지를 판단하여서 이 부분도 추후 다시 한 번 상사와 이 이야기 해볼 수 있는 시간을 통해서 그때 왜 그랬는지를 들어보는 것도 중요하다고 생각을 합니다.","wordCount":142},"emotion":[],"intent":[{"text":"","expression":"","category":"attitude"}],"summary":{"text":"회사 근무 시 트러블이 생길 수 있는데, 소통의 강화가 중요합니다. 생각 차이로 인한 갈등 요소들을 강하게 주장하게 되면 상충되는 부분에 트러가 생길 수 있습니다. 소통을 강화하고 많은 대화를 통해 서로의 입장을 이해하고 저의 입장도 충분히 주장하여 그 중간점이 될 수 있는 부분들을 찾아내는 것이 중요합니다. 또한 상사와의 갈등은 아랫사람으로서 적절하게 대우해야 합니다.","wordCount":52}}},"rawDataInfo":{"question":{"fileFormat":"wav","fileSize":625998,"duration":19560,"samplingBit":16,"channelCount":1,"samplingRate":"16kHz","audioPath":"/Mock/05.ICT/Male/Experienced/ckmk_q_ict_m_e_303033.wav"},"answer":{"fileFormat":"wav","fileSize":2862478,"duration":89450,"samplingBit":16,"channelCount":1,"samplingRate":"16kHz","audioPath":"/Mock/05.ICT/Male/Experienced/ckmk_a_ict_m_e_303033.wav"}}}