{"version":"1.0","dataSet":{"info":{"date":"20230116","occupation":"ICT","channel":"MOCK","place":"ONLINE","gender":"MALE","ageRange":"35-44","experience":"EXPERIENCED"},"question":{"raw":{"text":"혹시 귀하는 아이폰이나 아이패드 같은 걸 이용하고 계신가요 아이패드와 같이 시장에서 관심을 받는 제품의 특징은 무엇이라고 생각하십니까","wordCount":17},"emotion":[],"intent":[]},"answer":{"raw":{"text":"아이패드나 맥북이나 에어팟 이런 것들은 그 다 에플사의 제품인데 스티브 잡스의 명언이 있죠. 에 심플 이즈 더 베스트 라고 해서 이런 복잡한 생활 사회에 살고 있는 이 현대인들에게 가장 맞는 덕목이 아닌가 싶습니다. 아이패드에 그런 아 그 아주 심플한 디자인과 그리고 정말 필요로 하는 버튼만 최소로 아예 요즘엔 버튼 자체도 없애버렸지만 그런 아주 심플한 디자인이 그 사람들에서 그 시장에서 많이 어 주목을 받고 관심을 받는 것 같구요. 어 삼성의 그 갤럭시 제트 플립같은 경우도 기존에 그런 투박한 스타일에 큰 디자인의 휴대폰에서 작고 예쁜 한 손으로 잡히 잡힐 만한 그런 작은 어 디자인에 스마트폰이 어 심플하기 때문에 사람들의 관심을 많이 받는다고 생각하고 있습니다.","wordCount":102},"emotion":[],"intent":[{"text":"","expression":"","category":"attitude"}],"summary":{"text":"복잡한 생활 사회에 사는 현대인들에게 가장 맞는 덕목은 심플 이즈 더 베스트 입니다. 아주 심플한 디자인과 아주 필요한 버튼만 최소로 없애버렸습니다. 삼성 갤럭시 제트 플립도 작고 예쁜 디자인에 스마트폰의 심플함으로 사람들의 관심을 받습니다.","wordCount":33}}},"rawDataInfo":{"question":{"fileFormat":"wav","fileSize":403918,"duration":12620,"samplingBit":16,"channelCount":1,"samplingRate":"16kHz","audioPath":"/Mock/05.ICT/Male/Experienced/ckmk_q_ict_m_e_245730.wav"},"answer":{"fileFormat":"wav","fileSize":1986318,"duration":62070,"samplingBit":16,"channelCount":1,"samplingRate":"16kHz","audioPath":"/Mock/05.ICT/Male/Experienced/ckmk_a_ict_m_e_245730.wav"}}}