{"version":"1.0","dataSet":{"info":{"date":"20230116","occupation":"ICT","channel":"MOCK","place":"ONLINE","gender":"MALE","ageRange":"45-54","experience":"EXPERIENCED"},"question":{"raw":{"text":"어 조직 속에서 본인은 팀원으로서 일을 할 수도 있고 혼자서도 일을 할 수 있지만 본인께서는 팀으로 일하는 것과 혼자 일하는 것 중 어느 것을 선호하는지 말씀해 주시겠습니까 네","wordCount":28},"emotion":[],"intent":[]},"answer":{"raw":{"text":"어 이 질문에 대해서는 어 그 맡은 프로젝트가 무엇이냐에 따라서 좀 달라질 거 가 답변이 달라질 것 같습니다. 어 프로젝트를 진행하다 보면 이것이 팀 웍으로 어 해야 되는 프로젝트가 있고 딱히 경우에 따라서는 팀 웍보다는 개인이 단독으로 진행하는 프로젝트가 단독으로 진행하는 게 더 능률이 높은 프로젝트도 있습니다. 그래서 뭐 상황 프로젝트가 무엇이냐에 따라 좀 다르게 답변을 하겠지만 일단 팀으로 일하는 것과 혼자 일하는 것 중 어느 것을 선호하냐고 물으시면 저는 혼자 일하는 걸 더 선호한다라고 말씀드리겠습니다. 어 이건 뭐 개인주의 이런 건 아니구요. 저 개 어 혼자 일할 때는 아무래도 인제 뭐 다른 사람으로부터 뭐 이렇게 구애를 안 받고 제 스스로 시간을 조정해서 어 시간을 가장 능률적으로 쓰면서 어 이용할 수 있다 보니 일을 할 때 능률을 더 높일 수 있습니다. 팀으로 일하다 보면 같이 시간을 조절해야 되고 같이 맞춰야 되고 어 저쪽에서 한 걸 저한테 넘겨줘야지 그 다음 일이 진행되고 이런 일이 있다 보니까 아무래도 좀 경우에 따라서 능률이 좀 떨어지는 것 같습니다. 뭐 팀과 혼자 일어나는 것 중 어느 것을 선호하냐고 물으신다면 저는 개인적으로 혼자서 일하는 걸 더 선호하는 편입니다.","wordCount":172},"emotion":[],"intent":[{"text":"","expression":"","category":"attitude"}],"summary":{"text":"프로젝트 진행에 있어서 팀 웍으로 해야 되는 프로젝트와 개인 단독으로 진행하는 프로젝트 중 어떤 것을 선호하는지에 대해서는 프로젝트의 성격에 따라 달라지는 것 같습니다. 전 개인적으로 혼자 일하는 것을 더 선호하는 편입니다.","wordCount":31}}},"rawDataInfo":{"question":{"fileFormat":"wav","fileSize":661838,"duration":20680,"samplingBit":16,"channelCount":1,"samplingRate":"16kHz","audioPath":"/Mock/05.ICT/Male/Experienced/ckmk_q_ict_m_e_42651.wav"},"answer":{"fileFormat":"wav","fileSize":2733518,"duration":85420,"samplingBit":16,"channelCount":1,"samplingRate":"16kHz","audioPath":"/Mock/05.ICT/Male/Experienced/ckmk_a_ict_m_e_42651.wav"}}}