{"version":"1.0","dataSet":{"info":{"date":"20230116","occupation":"ICT","channel":"MOCK","place":"ONLINE","gender":"MALE","ageRange":"55-","experience":"EXPERIENCED"},"question":{"raw":{"text":"역사 속에서 가장 존경하는 인물을 말씀해 주세요 또한 그 인물을 가장 존경하는 이유도 함께 말씀 부탁드립니다","wordCount":16},"emotion":[],"intent":[]},"answer":{"raw":{"text":"저는 이순신 장군을 가장 존경합니다. 그 이후로는 두 가지를 꼽을 수 있는데요. 한 가지는 데이터를 기반으로 하고 변화와 혁신을 통해 최첨단 무기를 지속적으로 개발해서 모든 전쟁을 승리로 이끈 진정한 군인 장수이고요. 두 번째로는 어떠한 역경에도 불구하고 자신을 모함하는 여러 가지 환경에도 불구하고 그것을 불평불만하지 않고 심지어는 백의종군하여 자기에게 어렵게 만든 그런 나라와 또 관료들이 있음에도 불구하고 구국의 일념으로 백성들을 살려야겠다는 마음으로 전쟁터에 나가서 전투를 하는 그런 인간적인 모습이 참으로 어 저에게 어 존경심을 가져가게 해주신 분입니다. 먼저 데이터 기반한 첨단 무기를 가지고 전쟁에 임한 부분에 있어서는 모든 천문과 기상을 자기 편에 유리하게 데이터를 분석을 해서 자기의 전장을 가장 유리한 환경으로 만들었고 거북선과 같은 최첨단 무기를 만든으로 인해서 적군이 엄습할 수 없는 그런 어 수준 높은 전투를 하였습니다.","wordCount":117},"emotion":[{"text":"저는 이순신 장군을 가장 존경합니다.","expression":"p-affection","category":"positive"}],"intent":[{"text":"","expression":"","category":"attitude"}],"summary":{"text":"저는 이순신 장군을 가장 존경합니다. 이순신 장군은 데이터를 기반으로 최첨단 무기를 지속적으로 개발하여 모든 전쟁을 승리로 이끈 진정한 군인 장수이고, 어떠한 역경에도 불구하고 백성들을 살리려는 마음으로 전투에 임하는 인간적인 모습이 존경스럽습니다.","wordCount":31}}},"rawDataInfo":{"question":{"fileFormat":"wav","fileSize":605518,"duration":18920,"samplingBit":16,"channelCount":1,"samplingRate":"16kHz","audioPath":"/Mock/05.ICT/Male/Experienced/ckmk_q_ict_m_e_303040.wav"},"answer":{"fileFormat":"wav","fileSize":2977998,"duration":93060,"samplingBit":16,"channelCount":1,"samplingRate":"16kHz","audioPath":"/Mock/05.ICT/Male/Experienced/ckmk_a_ict_m_e_303040.wav"}}}