{"version":"1.0","dataSet":{"info":{"date":"20230116","occupation":"ICT","channel":"MOCK","place":"ONLINE","gender":"MALE","ageRange":"45-54","experience":"EXPERIENCED"},"question":{"raw":{"text":"일을 하게 되면 자료를 문서화할 일이 많습니다 문서화 작업이 왜 필요하다고 생각하시는지 말씀해 주세요","wordCount":14},"emotion":[],"intent":[]},"answer":{"raw":{"text":"저는 처음 영업을 시작하면서부터 문서화는 굉장히 중요한 작업이라고 생각을 해왔었습니다.그리고 문서화를 왜 해야 된다고 물으시면 영업 뭐 그동안 제 나이대 사람들이 다 영업은 그냥 주먹구구식으로 그냥 밀어붙이면 된다 라고 하고 또 그렇게 진행을 했었는데 저 같은 경우는 문 다 문서화를 만들어 놓 놨었어요. 이렇게 만들어 놓은 게 지금은 저한테 가장 큰 역량이 되고 있고 제가 어떤 시장 예측을 할 경우 어떠한 일을 진행할 경우에 제가 어 만들어 왔던 데이터를 가지고 그거를 다 이론 성과를 만드는 만들어낼 수가 있죠. 아주 쉽게 그래서 또 어 일을 진행할 때 어려움에 봉착하고 난관이 있을 수는 있는데 그럴 경우 문서화를 해 놓 놓으면 거기에 대한 문제점을이 나올 수가 있고 또 마찬가지로 해결책까지 나올 수가 있었기 때문에 저는 어 문서화는 꼭 필요하고 꼭 해야 된다고 그렇게 생각하고 어 일을 진행하고 있습니다. 이상입니다.","wordCount":126},"emotion":[],"intent":[{"text":"","expression":"","category":"attitude"}],"summary":{"text":"영업하면서 문서화는 굉장히 중요하다고 생각해 왔는데, 시장 예측을 할 경우 데이터를 가지고 이론 성과를 만들어 낼 수가 있습니다. 어려움에 봉착하고 난관이 있을 경우 문서화를 해 놓으면 문제점과 해결책까지 나올 수가 있어서 저는 문서화를 꼭 해야 된다고 생각하고 일을 진행합니다.","wordCount":39}}},"rawDataInfo":{"question":{"fileFormat":"wav","fileSize":312718,"duration":9770,"samplingBit":16,"channelCount":1,"samplingRate":"16kHz","audioPath":"/Mock/05.ICT/Male/Experienced/ckmk_q_ict_m_e_86340.wav"},"answer":{"fileFormat":"wav","fileSize":2821198,"duration":88160,"samplingBit":16,"channelCount":1,"samplingRate":"16kHz","audioPath":"/Mock/05.ICT/Male/Experienced/ckmk_a_ict_m_e_86340.wav"}}}