{"version":"1.0","dataSet":{"info":{"date":"20230116","occupation":"ICT","channel":"MOCK","place":"ONLINE","gender":"MALE","ageRange":"55-","experience":"EXPERIENCED"},"question":{"raw":{"text":"지원자님께서는 그동안 속해 있었던 조직이나 단체 속에서 주로 어떤 역할을 맡는 사람이었나요","wordCount":12},"emotion":[],"intent":[]},"answer":{"raw":{"text":"개인적인 경력이 삼십 여 년 되다 보니 팀원 중간 관리자 롤리더 총괄사업 본부장 등 다양한 역할을 해 왔었었는데요. 그중에서도 저를 직무적인 측면에서 저를 말씀을 드려보면 저는 비즈니스 개발하는 역할을 그런 롤을 상당히 많이 해 왔던 것 같습니다. 사업 초기 경력 초기에는 사업 기획이라든지 기술 기획 분야에서 사업을 하는 부서와 팀을 어 적극적으로 어 지원해 주는 부서의 롤을 감당을 했었었고요. 실질적으로 그런 어 개인적인 역할과 또 그런 조직을 만들어서 어 사업적인 부분들 특히 이제 세일즈적인 부분과 어 저희가 하고 있던 일이 테크놀러지를 취급했던 영역이었기 때문에 세일즈 부서와 기술지원 부서의 중간 역할을 하는 일이 굉장히 중요시 되었었습니다. 그래서 이 부분의 영역을 적극적으로 키우고 어 발전시켜서 사업이 좀 더 원활하게 진행될 수 있도록 적극적으로 지원해 주었던 그런 어 역할을 많이 감당을 하였었습니다.","wordCount":119},"emotion":[],"intent":[{"text":"","expression":"","category":"attitude"}],"summary":{"text":"저는 사업 초기 경력 초기에는 사업 기획, 기술 기획 분야에서 사업을 하는 부서와 팀을 적극적으로 지원해 주는 부서의 롤을 감당했었고, 실질적으로 세일즈 부서와 기술지원 부서의 중간 역할을 하는 일이 굉장히 중요시 되었기 때문에 이 부분의 영역을 적극적으로 키워 주었던 역할을 많이 감당하였습니다.","wordCount":42}}},"rawDataInfo":{"question":{"fileFormat":"wav","fileSize":377038,"duration":11780,"samplingBit":16,"channelCount":1,"samplingRate":"16kHz","audioPath":"/Mock/05.ICT/Male/Experienced/ckmk_q_ict_m_e_303037.wav"},"answer":{"fileFormat":"wav","fileSize":2776398,"duration":86760,"samplingBit":16,"channelCount":1,"samplingRate":"16kHz","audioPath":"/Mock/05.ICT/Male/Experienced/ckmk_a_ict_m_e_303037.wav"}}}