{"version":"1.0","dataSet":{"info":{"date":"20230116","occupation":"ICT","channel":"MOCK","place":"ONLINE","gender":"MALE","ageRange":"55-","experience":"EXPERIENCED"},"question":{"raw":{"text":"만약 본인이 지금 지원한 이 직무가 아닌 다른 부서에 배치되게 된다면 어떻게 행동하시겠습니까 그래도 괜찮으실까요","wordCount":15},"emotion":[],"intent":[]},"answer":{"raw":{"text":"제가 신입 사원이라면 직무가 아닌 다른 부서에 배치되게 된다고 해도 뭐 공통 업무라든지 이런 부분들이 크게 다르지 않아서 근무를 하겠지만 제가 지원한 업무 자체는 어 직무가 다른 부서라고 한다면 업무를 추진하기가 상당히 좀 어렵지 않을까요. 하지만 그 쪼금 더 어 그 관련된 직무가 다른 직무가 어떤 직무인지를 알려주시고 제가 지원한 음 부분과 어 어떤 어 밀접한 관련성이 있는지 뭐 그런 부분들이 있다면 어 제가 함께 근무할 수 있을 거 같습니다 괜찮습니다.","wordCount":71},"emotion":[],"intent":[{"text":"","expression":"","category":"attitude"}],"summary":{"text":"직무가 다른 부서에 배치돼도 업무 추진이 어려울 것이나, 관련 직무가 어떤 직무인지 알려 주고 지원 부분과 어떤 관련성이 있는지 알려 준다면 함께 근무할 수 있을 것 같습니다.","wordCount":27}}},"rawDataInfo":{"question":{"fileFormat":"wav","fileSize":358478,"duration":11200,"samplingBit":16,"channelCount":1,"samplingRate":"16kHz","audioPath":"/Mock/05.ICT/Male/Experienced/ckmk_q_ict_m_e_287918.wav"},"answer":{"fileFormat":"wav","fileSize":1688078,"duration":52750,"samplingBit":16,"channelCount":1,"samplingRate":"16kHz","audioPath":"/Mock/05.ICT/Male/Experienced/ckmk_a_ict_m_e_287918.wav"}}}