{"version":"1.0","dataSet":{"info":{"date":"20230116","occupation":"ICT","channel":"MOCK","place":"ONLINE","gender":"MALE","ageRange":"35-44","experience":"EXPERIENCED"},"question":{"raw":{"text":"네이버와 다음 구글의 검색을 비교해 보시고 각각 검색 엔진들에 차이점과 장단점을 설명해 주시기 바랍니다","wordCount":14},"emotion":[],"intent":[]},"answer":{"raw":{"text":"네이버의 가장 큰 장점은 포탈 엔진으로서 블로그 스마트 스토어 광고 네이버 티비 유비쿼터스 식으로 대한민국 어디에든 많은 사람들이 사용하고 있다는 것입니다. 특히나 대한민국 인구에 삼천만 이상이 사용하는 것으로 집계되고 있고요. 단점은 많은 정보를 제공하지만 광고비가 너무 비싸고 특정 기업이나 특정 업체에게만 특정 광고를 실어준다는 것입니다. 다음의 가장 큰 장점은 유료가 아닌 플랫폼이 많고 카카오랑 통합을 하고 하기 시작하면서 많은 정보를 제공하긴 하지만 단점은 점유율이 너무 낮고 검색이 쉽지 않다는 것입니다. 구글의 가장 큰 장점은 전 세계에 많은 인구들이 사용하여 구글링을 했을 때 많은 데이터들을 찾을 수 있고 대한민국뿐만 아니라 해외 사이트들 해외에 있는 내용들을 언어만 바꾸거나 아이피만 바꾸면 다 구글링 하여 정보를 취합할 수 있다는 것입니다. 특히나 구글이 유투브를 인수하면서 유투브와 연동하여 키워드 및 에스이오 최적화 작업이 아주 쉬워졌고 광고비가 아주 비싸지 않고 블로그 같은 특정 플랫폼을 홍보하지 않는다는 것입니다.","wordCount":130},"emotion":[{"text":"네이버의 가장 큰 장점은 포탈 엔진으로서 블로그 스마트 스토어 광고 네이버 티비   유비쿼터스 식으로 대한민국 어디에든 많은 사람들이 사용하고 있다는 것입니다.","expression":"u-fact","category":"neutral"}],"intent":[{"text":"","expression":"","category":"attitude"}],"summary":{"text":"네이버의 가장 큰 장점은 많은 정보를 제공하지만 광고비가 너무 비싸고 특정 기업이나 특정 업체에게만 광고를 실어준다는 것입니다. 다음은 점유율이 너무 낮고 검색이 쉽지 않다는 것입니다. 구글은 전 세계에 많은 인구들이 사용하여 구글링을 했을 때 많은 데이터들을 찾을 수 있고 해외 사이트들 해외에 있는 내용들을 언어만 바꾸거나 아이피만 바꾸면 다 검색하여 정보를 취합할 수 있습니다.","wordCount":54}}},"rawDataInfo":{"question":{"fileFormat":"wav","fileSize":431438,"duration":13480,"samplingBit":16,"channelCount":1,"samplingRate":"16kHz","audioPath":"/Mock/05.ICT/Male/Experienced/ckmk_q_ict_m_e_172038.wav"},"answer":{"fileFormat":"wav","fileSize":2634318,"duration":82320,"samplingBit":16,"channelCount":1,"samplingRate":"16kHz","audioPath":"/Mock/05.ICT/Male/Experienced/ckmk_a_ict_m_e_172038.wav"}}}