{"version":"1.0","dataSet":{"info":{"date":"20230116","occupation":"ICT","channel":"MOCK","place":"ONLINE","gender":"MALE","ageRange":"-34","experience":"EXPERIENCED"},"question":{"raw":{"text":"당신이 입사를 했을 때 어떠한 개발자를 부서 내에 사수로 두고 싶으신가요 또한 이러한 사람은 피하고 싶다 하는 것이 있나요 한 번 설명해 주세요","wordCount":23},"emotion":[],"intent":[]},"answer":{"raw":{"text":"네 저는 우선 업무적으로 몰두하는 사수를 만나고 싶습니다. 회사에서 사수와 함께 주로 하게 될 것은 시간을 함께 보내는 것은 업무이기 때문입니다. 하지만 이해도의 서로 성향이 잘 맞으면 더욱 좋을 것 같다고 생각합니다. 서로 성이 맞다 혹은 말이 잘 통한다가 일을 할 때 굉장히 중요하다고 생각합니다. 왜냐하면 지시를 내리는 사람이든 혹은 지시를 받는 입장이든 상호 간에 이야기가 잘 통해야 소통이 된다고 생각합니다. 이를 위해 사수와 업무 외적으로도 소통을 하고 이야기를 나누어 보다 서로의 언어를 명확히 이해한 상태에서 함께 업무를 하게 된다면 효율이 매우 좋을 것입니다. 때문에 업무에 몰두하는 사수 그리고 라포를 등록하게 쌓을 수 있는 사실을 주고 싶습니다.","wordCount":97},"emotion":[],"intent":[{"text":"","expression":"","category":"attitude"}],"summary":{"text":"업무적으로 몰두하는 사수를 만나고 싶습니다. 서로 성이 맞다 혹은 말이 잘 통한다가 일을 할 때 굉장히 중요하다고 생각합니다. 서로의 언어를 명확히 이해한 상태에서 함께 업무를 하게 된다면 효율이 매우 좋을 것입니다.","wordCount":31}}},"rawDataInfo":{"question":{"fileFormat":"wav","fileSize":610638,"duration":19080,"samplingBit":16,"channelCount":1,"samplingRate":"16kHz","audioPath":"/Mock/05.ICT/Male/Experienced/ckmk_q_ict_m_e_245629.wav"},"answer":{"fileFormat":"wav","fileSize":3809038,"duration":119030,"samplingBit":16,"channelCount":1,"samplingRate":"16kHz","audioPath":"/Mock/05.ICT/Male/Experienced/ckmk_a_ict_m_e_245629.wav"}}}