{"version":"1.0","dataSet":{"info":{"date":"20230116","occupation":"ICT","channel":"MOCK","place":"ONLINE","gender":"MALE","ageRange":"35-44","experience":"EXPERIENCED"},"question":{"raw":{"text":"학교 다닐 때 누구나 동아리를 다 한 번씩 해보셨죠 그렇다면 혹시 이 일을 위해서 아이티 동아리를 한 경험이 있으신지요","wordCount":19},"emotion":[],"intent":[]},"answer":{"raw":{"text":"예 저 대학교 때 같이 스터디 동아리를 한 적이 있고요. 어 같은 동 원우들끼리 대학원 대학원에서 했군요. 대학원 원우들끼리 같이 모여서 아이티 코딩에 대해서 스터디를 경험을 했었는데 당시 저는 뭐 전공자였기 때문에 어 여러 가지 그 다른 타 원우들에 비해서는 그런 코딩에 대한 어 이해도가 좀 높은 편이라서 제가 그 동아리를 리드를 해 왔고 그래 지금 좀 그 코딩 개발함에 있어서 어떤 식으로 접근을 하면 좋을지 이런 제가 가지고 있는 노하우들을 동아리 회원들에게 전파하고 공유함으로써 굉장히 유익하게 동아리 활동을 진행했던 그런 기억이 있습니다. 앞으로도 뭐 또 지금 사내 활동을 하면서도 어 지금 현재는 뭐 아이티 를 저 혼자서 도맡고 있지만 누군가가 이런 코딩이나 그러한 프로그래밍 프로그래밍 또는 뭐 어플리케이션에 대한 그런 어 흥미가 있는 사람들이 좀 모아지면 또 다시 동아리 활동을 해보고 싶은 그런 희망이 있습니다.","wordCount":126},"emotion":[{"text":"예 저 대학교 때 같이 스터디 동아리를 한 적이 있고요.","expression":"u-fact","category":"neutral"}],"intent":[{"text":"대학원 원우들끼리 같이 모여서 아이티 코딩에 대해서 스터디를 경험을 했었는데 당시 저는 뭐 전공자였기 때문에 어 여러 가지 그 다른 타 원우들에 비해서는 그런 코딩에 대한 어 이해도가 좀 높은 편이라서 제가 그 동아리를 리드를 해 왔고 그래 지금 좀 그 코딩 개발함에 있어서 어떤 식으로 접근을 하면 좋을지 이런 제가 가지고 있는 노하우들을 동아리 회원들에게 전파하고 공유함으로써 굉장히 유익하게 동아리 활동을 진행했던 그런 기억이 있습니다.","expression":"c_cop","category":"personality"}],"summary":{"text":"대학 때 같이 스터디 동아리를 한 적이 있습니다. 전공자라서 코딩에 대한 이해도가 높은 편이라서 제가 동아리를 리드를 해왔고요. 제가 가지고 있는 노하우들을 동아리 회원들에게 전파하고 공유함으로써 유익하게 동아리 활동을 진행했던 기억입니다.","wordCount":31}}},"rawDataInfo":{"question":{"fileFormat":"wav","fileSize":297038,"duration":9280,"samplingBit":16,"channelCount":1,"samplingRate":"16kHz","audioPath":"/Mock/05.ICT/Male/Experienced/ckmk_q_ict_m_e_241966.wav"},"answer":{"fileFormat":"wav","fileSize":2508878,"duration":78400,"samplingBit":16,"channelCount":1,"samplingRate":"16kHz","audioPath":"/Mock/05.ICT/Male/Experienced/ckmk_a_ict_m_e_241966.wav"}}}