{"version":"1.0","dataSet":{"info":{"date":"20230116","occupation":"ICT","channel":"MOCK","place":"ONLINE","gender":"MALE","ageRange":"55-","experience":"EXPERIENCED"},"question":{"raw":{"text":"동물 실험이 인간에게 주는 이익은 무엇이 있을까요 또한 지원자님의 솔직한 동물 실험에 대한 입장도 말씀해 주세요","wordCount":16},"emotion":[],"intent":[]},"answer":{"raw":{"text":"동물 실험을 한다는 것 자체는 원래는 인간에게 실험을 해야 하는데 인간의 존엄성이라든지 인간 중심적인 부분들을 생각을 해 본다면 직접적인 실험을 할 수가 없기에 동물을 대신해서 실험을 해야 되는 부분이 생긴 거지요. 당연히 어 동물 실험에 긍정적으로 생각을 하고 있습니다 다만 동물이라고 해서 무조건 학대의 대상으로 어 삼으면 안 될 것 같고 동물 복지적인 관점에서 접근을 하여서 동물에게도 어 최대한 고통을 덜 주는 방향으로 어 실험을 해야 된다라는 생각을 가지고 있습니다.","wordCount":70},"emotion":[{"text":"당연히 어 동물 실험에 긍정적으로 생각을 하고 있습니다 다만 동물이라고 해서 무조건 학대의 대상으로 어 삼으면 안 될 것 같고 동물 복지적인 관점에서 접근을 하여서 동물에게도 어 최대한 고통을 덜 주는 방향으로 어 실험을 해야 된다라는 생각을 가지고 있습니다.","expression":"u-belief","category":"neutral"}],"intent":[{"text":"","expression":"","category":"attitude"}],"summary":{"text":"인간에게 직접적 실험을 할 수 없는 동물실험에 대해 동물 복지적 관점에서 접근하여 동물에게 최대한 고통을 덜 주는 방향으로 실험을 해야 된다는 생각을 가지고 있습니다.","wordCount":24}}},"rawDataInfo":{"question":{"fileFormat":"wav","fileSize":595278,"duration":18600,"samplingBit":16,"channelCount":1,"samplingRate":"16kHz","audioPath":"/Mock/05.ICT/Male/Experienced/ckmk_q_ict_m_e_296858.wav"},"answer":{"fileFormat":"wav","fileSize":1746638,"duration":54580,"samplingBit":16,"channelCount":1,"samplingRate":"16kHz","audioPath":"/Mock/05.ICT/Male/Experienced/ckmk_a_ict_m_e_296858.wav"}}}