{"version":"1.0","dataSet":{"info":{"date":"20230116","occupation":"ICT","channel":"MOCK","place":"ONLINE","gender":"MALE","ageRange":"45-54","experience":"EXPERIENCED"},"question":{"raw":{"text":"기차가 운행을 하고 있는데 갑자기 산사태가 일어났습니다 그 산사태로 인해서 삼십 분 동안 정차가 되어 있었는데요 이때 관리 책임의 위치가 있다면 어떤 조치를 해야 맞는 것 같습니까","wordCount":27},"emotion":[],"intent":[]},"answer":{"raw":{"text":"제가 책임자고 기차가 운행 시 산사태로 삼십 분 동안 정차가 할 경우에는 물론 가장 먼저 해야 될 조치는 이 기차가 빨리 운행 운행할 수 있게 만드는 것이 최우선이지만 그 이외에 저는 가용할 수 있는 모든 직원을 다 투입을 시켜서 승객들한테 보내는 거죠. 왜냐하면 승객들 입장에서는 굉장히 불안해 할 겁니다. 그리고 어 이 회사가 기차를 정착시킨 게 산사태지만 그 불만은 이 회사로 쏟아지게 돼 있죠. 그래서 그런 승객들을 안심시키고 또 이 회사 우리 회사의 이미지를 좋게 만드는 방법은 직원들이 가서 그때그때 상황에 대해서 부리핑을 해주는 거죠. 지금 여기까지 됐다 이 여기까지 됐으니 몇 분 정도 소요될 것이다. 조금 더 시간이 걸릴 건데 예상보다 걸릴 건데 어 문제는 없으니 조금 더 기다려 달라 라는 식으로 어 승객 을 다독인다면 뭐 승객들에 대한 컴플레인도 없을 것이고 이 회사에 대한 믿음도 더 할 거라고 생각을 하고 있습니다.","wordCount":133},"emotion":[],"intent":[{"text":"","expression":"","category":"attitude"}],"summary":{"text":"기차가 산사태로 정차할 경우 빨리 운행될 수 있게 하는 것이 최우선이지만 그 외에 가용할 수 있는 모든 직원을 투입해서 승객들한테 보냅니다. 그래야 승객들을 안심시키고 회사 이미지도 좋게 만들 수 있다고 생각합니다.","wordCount":31}}},"rawDataInfo":{"question":{"fileFormat":"wav","fileSize":590158,"duration":18440,"samplingBit":16,"channelCount":1,"samplingRate":"16kHz","audioPath":"/Mock/05.ICT/Male/Experienced/ckmk_q_ict_m_e_86516.wav"},"answer":{"fileFormat":"wav","fileSize":2836878,"duration":88650,"samplingBit":16,"channelCount":1,"samplingRate":"16kHz","audioPath":"/Mock/05.ICT/Male/Experienced/ckmk_a_ict_m_e_86516.wav"}}}