{"version":"1.0","dataSet":{"info":{"date":"20230116","occupation":"ICT","channel":"MOCK","place":"ONLINE","gender":"MALE","ageRange":"45-54","experience":"EXPERIENCED"},"question":{"raw":{"text":"면접자님께서는 오브젝트 오리엔테이션 프로그래밍에 대해 설명해 주세요","wordCount":7},"emotion":[],"intent":[]},"answer":{"raw":{"text":"오브젝트 오리엔테이션 프로그래밍에 대해서 간단하게 설명을 드리면은 오브젝트라는 것을 오리엔테이션 해주는 겁니다. 오브젝트 오브젝트라는 것은 어떤 물체를 뜻합니다. 물체를 오리엔트하다 오리엔트 오리엔트 오리에 엔트를 다는 것입니다. 오리와 엔트 개미 개미를 뜻하는데 어떤 오리와 개미를 그렇게 물체화시키는 프로그램의 프로그래밍이라고 간단하게 말씀드릴 수가 있어요. 그것을 오리와 개미를 구체화시켜서 무엇이 중요한지 그것이 무엇을 의미하는지 가치가 있는 일인지 우리가 의문을 가질 수 있지만 그런 과정을 통해서 우리는 이제 투디에서 쓰리디로 쓰리디로 일어날 수가 있는 거예요. 투디에서 쓰리디로 쓰리디에서 포디로 그런 과정을 우리는 거쳐야 합니다.","wordCount":80},"emotion":[],"intent":[{"text":"","expression":"","category":"attitude"}],"summary":{"text":"오브젝트 오리엔테이션은 어떤 물체를 오리엔트하다오리엔트 오리에 엔트를 다는 것이고, 오리와 엔트개미를 물체화시키는 프로그램의 프로그래밍입니다. 이를 통해 투디에서 쓰리디로, 쓰리디에서 포디로 일어날 수 있습니다.","wordCount":23}}},"rawDataInfo":{"question":{"fileFormat":"wav","fileSize":249678,"duration":7800,"samplingBit":16,"channelCount":1,"samplingRate":"16kHz","audioPath":"/Mock/05.ICT/Male/Experienced/ckmk_q_ict_m_e_206437.wav"},"answer":{"fileFormat":"wav","fileSize":2400718,"duration":75020,"samplingBit":16,"channelCount":1,"samplingRate":"16kHz","audioPath":"/Mock/05.ICT/Male/Experienced/ckmk_a_ict_m_e_206437.wav"}}}