{"version":"1.0","dataSet":{"info":{"date":"20230116","occupation":"ICT","channel":"MOCK","place":"ONLINE","gender":"MALE","ageRange":"35-44","experience":"EXPERIENCED"},"question":{"raw":{"text":"지원자님께서 일을 시작하게 됐는데 들어간 그 팀이 코드 리뷰에 대해서 매우 보수적이고 페어를 완강하게 거부하는 곳이라면 지원자님께서는 어떻게 대처를 하실 건가요","wordCount":21},"emotion":[],"intent":[]},"answer":{"raw":{"text":"우선 코드 리뷰를 왜 안 하고 싶은지 지금 당장 코드 리뷰를 통해서 개선할 수 있는 사항에 대해서 먼저 요청을 드립니다. 지금 본인들이 만든 코드가 잘못되어 실행이 오류가 나고 있고 그것으로 인하여 백 엔드에서 업무를 더 이상 진행할 수 없습니다. 본인들이 코드 리뷰를 제대로 해줘야 우리 백 엔드에서 정확히 코드를 정확히 수정하고 그에 따른 제품을 런칭하고 실행할 수 있습니다 라고 이야기를 합니다. 그렇게 해도 페어를 완강하게 거부한다면 저는 지금까지 짜 놓은 코드에 대해서만 인수인계 받고 그 업체와 계약을 해지하고 새로운 업체에게 코드를 넘겨주고 그리고 이 코드를 다시 리뷰한 다음에 백 엔드에서 다시 자부업을 할 수 있게끔 프로젝트를 다시 세우겠습니다.","wordCount":98},"emotion":[],"intent":[{"text":"","expression":"","category":"attitude"}],"summary":{"text":"백 엔드에서 코드를 제대로 리뷰해야 합니다. 만약 코드 리뷰를 제대로 하지 않으면 저는 지금까지 짜 놓은 코드에 대해서만 인수인계 받고 그 업체와 계약을 해지하고 새로운 업체에게 코드를 넘겨주고 다시 프로젝트를 다시 세우겠습니다.","wordCount":32}}},"rawDataInfo":{"question":{"fileFormat":"wav","fileSize":492878,"duration":15400,"samplingBit":16,"channelCount":1,"samplingRate":"16kHz","audioPath":"/Mock/05.ICT/Male/Experienced/ckmk_q_ict_m_e_172037.wav"},"answer":{"fileFormat":"wav","fileSize":1690638,"duration":52830,"samplingBit":16,"channelCount":1,"samplingRate":"16kHz","audioPath":"/Mock/05.ICT/Male/Experienced/ckmk_a_ict_m_e_172037.wav"}}}