{"version":"1.0","dataSet":{"info":{"date":"20230116","occupation":"ICT","channel":"MOCK","place":"ONLINE","gender":"MALE","ageRange":"35-44","experience":"EXPERIENCED"},"question":{"raw":{"text":"일을 하는 도중 난관에 봉착하게 된다면 어떻게 해결하실 건가요 본인의 해결 방법과 그렇게 해결하시는 이유에 대해서 설명해 주세요","wordCount":18},"emotion":[],"intent":[]},"answer":{"raw":{"text":"네 어 이거는 굉장히 상당히 잘 빈번하게 일어나는 일인 것 같은데요. 특히 저 같은 그런 아이티를 전공하고 이 사내 아이티를 책임지는 사람으로서 난관에 봉착하는 일이 굉장히 많습니다. 하지만 모든 난관에도 살아날 구멍은 있듯이 어 모든 것에 우선순위가 있다고 보고 있고요. 그 우선순위를 기준으로 해서 무엇이 중요한지 그리고 무엇이 덜 중요한지를 판단할 수 있는 능력이 된다면 어 어떤 난관이든 다 다 이겨 낼 수 있다고 생각을 하고 있고요. 그리고 또한 지금 저희는 우리가 사는 이 세상은 정보의 바다를 넘어 정보의 홍수 시대에 살고 있기 때문에 조금만 어 서칭을 하고 알아본다면 전문가의 도움이나 또는 비전문가나 그 비전문가라도 이제 많은 정보를 주는 세상이기 때문에 그 정보가 참인지 거짓인지 정도만 제가 판단할 수 있는 능력이 된다면 어떤 난관에 봉착을 하더라도 해결점을 찾을 수 있을 거라고 확신하고 있습니다. 네.","wordCount":124},"emotion":[],"intent":[{"text":"","expression":"","category":"attitude"}],"summary":{"text":"우리는 정보의 홍수 시대에 살고 있기 때문에 그 정보가 참인지 거짓인지 정도만 판단할 수 있는 능력이 된다면 어떤 난관에 봉착을 하더라도 해결점을 찾을 수 있을 것이라고 확신하고 있습니다.","wordCount":28}}},"rawDataInfo":{"question":{"fileFormat":"wav","fileSize":327758,"duration":10240,"samplingBit":16,"channelCount":1,"samplingRate":"16kHz","audioPath":"/Mock/05.ICT/Male/Experienced/ckmk_q_ict_m_e_298877.wav"},"answer":{"fileFormat":"wav","fileSize":2339918,"duration":73120,"samplingBit":16,"channelCount":1,"samplingRate":"16kHz","audioPath":"/Mock/05.ICT/Male/Experienced/ckmk_a_ict_m_e_298877.wav"}}}