{"version":"1.0","dataSet":{"info":{"date":"20230116","occupation":"ICT","channel":"MOCK","place":"ONLINE","gender":"MALE","ageRange":"35-44","experience":"EXPERIENCED"},"question":{"raw":{"text":"우리 회사에 들어온 후에 지원자님이 지원하신 이 직무가 아니라 만약에 다른 직무로 배치가 된다면 어떻게 하실 건가요 괜찮을 거 같으세요","wordCount":20},"emotion":[],"intent":[]},"answer":{"raw":{"text":"직무에 맞지 않는 일을 처음에 하게 되면 이것을 육 개월에서 일 년 동안은 꼭 참아보고 싶습니다. 왜냐하면 제가 이 직무에 정말 맞지 않는지 맞는지를 단기간에는 판단하는 것은 섣부르고 속단이라고 생각합니다. 최소 육 개월에서 일 년 정도 이 업무를 적응해 가면서 이 업무에 능력을 함양시키고 실력을 늘려 봤을 때 그래도 이게 제 적성에 맞지 않고 제 직무에 맞지 않는 일이라고 하면 그때는 일 년 후에 상사 또는 팀장 또는 그 위에 있는 상사에게 보직 전환이라든가 보직 순환에 대한 요청을 할 것입니다.","wordCount":80},"emotion":[],"intent":[{"text":"","expression":"","category":"attitude"}],"summary":{"text":"업무 적응을 통해 능력을 키워가지만 적성에 맞지 않는 다면 일 년 후에 상사에게 보직 전환이나 보직 순환에 대한 요청을 할 것입니다.","wordCount":21}}},"rawDataInfo":{"question":{"fileFormat":"wav","fileSize":595918,"duration":18620,"samplingBit":16,"channelCount":1,"samplingRate":"16kHz","audioPath":"/Mock/05.ICT/Male/Experienced/ckmk_q_ict_m_e_177515.wav"},"answer":{"fileFormat":"wav","fileSize":1361358,"duration":42540,"samplingBit":16,"channelCount":1,"samplingRate":"16kHz","audioPath":"/Mock/05.ICT/Male/Experienced/ckmk_a_ict_m_e_177515.wav"}}}