{"version":"1.0","dataSet":{"info":{"date":"20230116","occupation":"ICT","channel":"MOCK","place":"ONLINE","gender":"MALE","ageRange":"55-","experience":"EXPERIENCED"},"question":{"raw":{"text":"지금까지 살아오면서 가장 힘들었던 경험은 무엇인가요 그것을 어떻게 극복하셨는지도 궁금합니다","wordCount":10},"emotion":[],"intent":[]},"answer":{"raw":{"text":"십 이 년 전에 해외 사업을 준비하면서 국내 대기업 중의 한 곳과 같이 작업을 한 적이 있습니다. 저희가 열 네 개 분야 중의 한 분야에 파트너로 참여를 하게 되었는데요. 그 그 분야에서 제품을 만들 때에 우리와 함께 했던 협력사가 다섯 개가 있었습니다. 주관 사업자의 알 수 없는 이유로 사업을 중도에 포기함으로써 이 년 동안 준비해 왔던 시간과 노력과 비용이 모두 물거품이 되었지요. 그런데 그 준비하는 과정 가운데 협력사들 간에 다툼이 벌어지고 의견 충돌이 생기면서 어 제가 총괄로 준비해 왔던 저희 분야의 파트너십이 깨지면서 어 주변에 협력했던 담당자들이 저에게 상당한 블레임을 함으로써 어려움이 있었는데요. 일 년 동안 이 부분을 극복하느라고 참 힘들었습니다. 저는 어 사람들과 어 관계 개선을 위해서 애를 썼고 또 정신적으로 충격을 너무 많이 받아서 우울증까지 걸렸는데 약물 치료도 받으면서 제가 종교의 힘과 저의 멘탈을 잃어버리지 않기 위해서 오랜 시간 동안 꽤 힘들게 노력을 통해서 어 극복해냈던 경험이 있습니다.","wordCount":140},"emotion":[{"text":"그런데 그 준비하는 과정 가운데 협력사들 간에 다툼이 벌어지고 의견 충돌이 생기면서 어 제가 총괄로 준비해 왔던 저희 분야의 파트너십이 깨지면서 어 주변에 협력했던 담당자들이 저에게 상당한 블레임을 함으로써 어려움이 있었는데요.","expression":"n-distress","category":"negative"},{"text":"일 년 동안 이 부분을 극복하느라고 참 힘들었습니다.","expression":"n-distress","category":"negative"}],"intent":[{"text":"십 이 년 전에 해외 사업을 준비하면서 국내 대기업 중의 한 곳과 같이 작업을 한 적이 있습니다.","expression":"c_private","category":"background"}],"summary":{"text":"해외 사업 준비 과정에서 협력사들 간에 다툼이 벌어지고 의견 충돌이 생기면서 총괄로 준비해 왔던 저희 분야의 파트너십이 깨지면서 주변에 협력했던 담당자들이 나에게 상당한 클레임을 하는 어려움이 있었는데, 이 부분을 극복하는게 참 힘들었습니다. 관계 개선과 우울증 약물 치료 등 오랜 시간 노력을 통해서 극복했던 경험이 있습니다.","wordCount":45}}},"rawDataInfo":{"question":{"fileFormat":"wav","fileSize":353038,"duration":11030,"samplingBit":16,"channelCount":1,"samplingRate":"16kHz","audioPath":"/Mock/05.ICT/Male/Experienced/ckmk_q_ict_m_e_296856.wav"},"answer":{"fileFormat":"wav","fileSize":3307918,"duration":103370,"samplingBit":16,"channelCount":1,"samplingRate":"16kHz","audioPath":"/Mock/05.ICT/Male/Experienced/ckmk_a_ict_m_e_296856.wav"}}}