{"version":"1.0","dataSet":{"info":{"date":"20230116","occupation":"ICT","channel":"MOCK","place":"ONLINE","gender":"MALE","ageRange":"35-44","experience":"EXPERIENCED"},"question":{"raw":{"text":"지원자분은 티씨피와 유디피에 관해서 잘 알고 계십니까 잘 알고 계신다면 티씨피와 유디피에 대해서 간략하게 설명해 주시고 그 두 개의 차이를 설명해 주시기 바랍니다","wordCount":23},"emotion":[],"intent":[]},"answer":{"raw":{"text":"네 티씨피와 유디피 둘 다 어떤 전송 프로토콜의 일종인데요. 어 크게 따지자면은 어 모두 전송 계층 프로토콜 중의 하나인데 티씨피는 연결 지향 프로토콜인 반면에 유디피는 연결이 없는 프로토콜입니다. 즉 티씨피는 통신에 앞서 연결을 요구하지만 유디피는 연결을 요구하지는 않습니다. 이는 신뢰성과 흐름 제어 뭐 주문 오더링 뭐 스피드 이런 것들의 모든 것들의 차이가 있는데 그 메커니즘의 차이라고 볼 수 있죠 에 티씨피는 많은 수의 그 패키지 동시에 수신기로 전송되지 않도록 하는 흐름 제어 메커니즘을 따랐는데 유디피는 흐름 제어 메커니즘을 따라 가질 않습니다.","wordCount":81},"emotion":[{"text":"어 크게 따지자면은 어 모두 전송 계층 프로토콜 중의 하나인데 티씨피는 연결 지향 프로토콜인 반면에 유디피는 연결이 없는 프로토콜입니다.","expression":"u-fact","category":"neutral"},{"text":"즉 티씨피는 통신에 앞서 연결을 요구하지만 유디피는 연결을 요구하지는 않습니다.","expression":"u-fact","category":"neutral"},{"text":"이는 신뢰성과 흐름 제어 뭐 주문 오더링 뭐 스피드 이런 것들의 모든 것들의 차이가 있는데 그 메커니즘의 차이라고 볼 수 있죠 에 티씨피는 많은 수의 그 패키지 동시에 수신기로 전송되지 않도록 하는 흐름 제어 메커니즘을 따랐는데 유디피는 흐름 제어 메커니즘을 따라 가질 않습니다.","expression":"u-fact","category":"neutral"}],"intent":[{"text":"","expression":"","category":"attitude"}],"summary":{"text":"전송 계층 프로토콜 중 하나인 티씨피는 연결 지향 프로토콜로 통신에 앞서 연결을 요구하지만 유디피는 연결이 없습니다. 이는 신뢰성, 흐름 제어 등 메커니즘의 차입니다.","wordCount":23}}},"rawDataInfo":{"question":{"fileFormat":"wav","fileSize":437198,"duration":13660,"samplingBit":16,"channelCount":1,"samplingRate":"16kHz","audioPath":"/Mock/05.ICT/Male/Experienced/ckmk_q_ict_m_e_218126.wav"},"answer":{"fileFormat":"wav","fileSize":1676558,"duration":52390,"samplingBit":16,"channelCount":1,"samplingRate":"16kHz","audioPath":"/Mock/05.ICT/Male/Experienced/ckmk_a_ict_m_e_218126.wav"}}}