{"version":"1.0","dataSet":{"info":{"date":"20230116","occupation":"ICT","channel":"MOCK","place":"ONLINE","gender":"MALE","ageRange":"35-44","experience":"EXPERIENCED"},"question":{"raw":{"text":"면접자께서는 사설 아이피 주소의 장점과 단점은 무엇인지 알고 계시나요","wordCount":9},"emotion":[],"intent":[]},"answer":{"raw":{"text":"예 비전공자들도 이해할 수 있도록 사설 아이피에 대해서 설명을 드리자면 굉장히 쉽게 설명을 드려보자면 어 저희의 메이저 우리나라의 그 메이저 사 어 통신 삼 사 에스케이나 케이티 그리고 엘지유플러스 같은 곳에서 어 이케 아이피 대역대를 많이 뿌려주는데 그 아이피 대역대를 각각 가정용에서 가정에서 어 개인의 가정에서 그 무선 공유기를 통해서 아 새로운 그 아이피 대역대를 생성해서 그 내부적으로만 쓸 수 있는 대역을 사설 아이피 주소라고 하는데 어 이 이제 어 다른 그 단점으로는 어 외부에서 접속이 좀 어렵다는 문제가 있습니다. 아 외부에서 이 사설 아이피로 접속을 하기 위해서는 어 이 브이피엔이라는 기술 그 가상 프로토콜이라는 그 기술을 통해서 접속을 할 수 있는 방법이 있고 또 다른 방법으로는 뭐 프락시라든가 디엠지를 따로 구축을 해서 접근할 수 있는 데 그게 이제 일반 개인적으로는 굉장히 쉽지 않은 부분이기 때문에 어 단점으로는 외부 접근이 좀 용이하지 않다 그리고 장점으로는 굉장히 어 대중적으로 많이 널리 사용하고 누구나 사용할 수 있다 내부적으로 그런 점이 있겠습니다.","wordCount":149},"emotion":[],"intent":[{"text":"","expression":"","category":"attitude"}],"summary":{"text":"사설 아이피에 대해 설명하자면, 우리나라는 에스케이나 케이티, 엘지유플러스 같은 곳에서 아이피 대역대를 많이 뿌려주는데, 그 대역대를 내부적으로만 쓸 수 있는 대역을 사설 아이 피 주소라고 합니다. 단점으로는 외부에서 접속이 어렵다는 것이고, 장점으로는 대중적으로 많이 사용하고 누구나 사용할 수 있다는 것입니다.","wordCount":40}}},"rawDataInfo":{"question":{"fileFormat":"wav","fileSize":252878,"duration":7900,"samplingBit":16,"channelCount":1,"samplingRate":"16kHz","audioPath":"/Mock/05.ICT/Male/Experienced/ckmk_q_ict_m_e_194104.wav"},"answer":{"fileFormat":"wav","fileSize":2745038,"duration":85780,"samplingBit":16,"channelCount":1,"samplingRate":"16kHz","audioPath":"/Mock/05.ICT/Male/Experienced/ckmk_a_ict_m_e_194104.wav"}}}