{"version":"1.0","dataSet":{"info":{"date":"20230116","occupation":"ICT","channel":"MOCK","place":"ONLINE","gender":"MALE","ageRange":"35-44","experience":"EXPERIENCED"},"question":{"raw":{"text":"일을 하다가 중국으로 출장을 가게 될 일이 생길 수도 있습니다 혹시 중국으로 출장을 가는 것은 괜찮으신가요","wordCount":16},"emotion":[],"intent":[]},"answer":{"raw":{"text":"예 해외 근무에 대한 로망은 모든 직장인들의 로망일 것이라고 대부분의 직장이 될 로망일 것이라고 생각하구요. 저 역시 그런 해외 근무에 대한 로망이 있습니다. 그게 어떤 어느 나라든 전혀 개의치 않을 것 같구요. 지금 이 지원하는 제가 지원한 이 회사가 저를 중국에서 굉장히 위험한 그런 우범 지역으로 보내지는 않을 거라고 저는 백 프로 확신하고 있기 때문에 아 중국으로 출장을 가더라도 뭐 베이징이나 샹하이 같은 그런 대도시로 가지 않을까 또는 그런 대도시가 아니더라도 물론 제 완전히 확보된 곳이라면 저는 전혀 문제가 되지 않구요. 오히려 이것이 제 어 이 커리어에 있어서 좀 더 많은 경험을 축적할 수 있는 기회가 아닐까 생각을 하고 있습니다. 네 중국 출장 전혀 문제 될 거 없습니다.","wordCount":108},"emotion":[],"intent":[{"text":"","expression":"","category":"attitude"}],"summary":{"text":"해외 근무는 모든 직장인들의 로망일 것이라고 생각합니다. 저는 이 회사가 저를 중국에서 위험한 곳으로 보내지는 않을 것이라고 확신하고 있기 때문에 중국 출장은 문제가 되지 않습니다.","wordCount":25}}},"rawDataInfo":{"question":{"fileFormat":"wav","fileSize":332878,"duration":10400,"samplingBit":16,"channelCount":1,"samplingRate":"16kHz","audioPath":"/Mock/05.ICT/Male/Experienced/ckmk_q_ict_m_e_230144.wav"},"answer":{"fileFormat":"wav","fileSize":1882638,"duration":58830,"samplingBit":16,"channelCount":1,"samplingRate":"16kHz","audioPath":"/Mock/05.ICT/Male/Experienced/ckmk_a_ict_m_e_230144.wav"}}}