{"version":"1.0","dataSet":{"info":{"date":"20230116","occupation":"ICT","channel":"MOCK","place":"ONLINE","gender":"MALE","ageRange":"55-","experience":"EXPERIENCED"},"question":{"raw":{"text":"회사에 들어와서 선배를 만나게 된다고 가정했을 때 어떤 모습에 선배를 만나고 싶으신지 그 이유와 함께 설명해 주세요","wordCount":17},"emotion":[],"intent":[]},"answer":{"raw":{"text":"과거에는 권위적인 조직 문화나 어 인간 문화 같은 것들 뭐 상명하달이라고 할까요. 그런 문화들이 많았지만 저는 그런 권위적인 문화들을 되게 어렸을 때부터 싫어했었기 때문에 어 그런 것보다는 함께 하고 또 보스보다는 리더 성격에 명령을 하는 것이 아니라 이끌어가는 그런 선배의 모습이 되고 싶습니다. 그 모습 자체가 어 만나고 싶은 선배에 상이라고 할까요. 네 그런 선배가 되고 싶고 그런 선배를 만나고 싶습니다.","wordCount":61},"emotion":[],"intent":[{"text":"","expression":"","category":"attitude"}],"summary":{"text":"과거에는 권위적인 조직 문화나 인간 문화 같은 것들을 기피했지만, 저는 권위적인 것보다는 리더가 아니라 이끌어가는 그런 선배가 되고 싶습니다.","wordCount":19}}},"rawDataInfo":{"question":{"fileFormat":"wav","fileSize":343118,"duration":10720,"samplingBit":16,"channelCount":1,"samplingRate":"16kHz","audioPath":"/Mock/05.ICT/Male/Experienced/ckmk_q_ict_m_e_285349.wav"},"answer":{"fileFormat":"wav","fileSize":1431438,"duration":44730,"samplingBit":16,"channelCount":1,"samplingRate":"16kHz","audioPath":"/Mock/05.ICT/Male/Experienced/ckmk_a_ict_m_e_285349.wav"}}}