{"version":"1.0","dataSet":{"info":{"date":"20230116","occupation":"ICT","channel":"MOCK","place":"ONLINE","gender":"MALE","ageRange":"-34","experience":"EXPERIENCED"},"question":{"raw":{"text":"만약에 일을 하다가 이직을 생각하는 동료를 만나게 되실 수도 있는데요 어 그렇게 된다면 뭐라고 말씀하실 건가요 또 왜 그렇게 말씀하실지도 설명해 주세요","wordCount":22},"emotion":[],"intent":[]},"answer":{"raw":{"text":"요즘 회사 생활에서 이직을 생각하는 동료는 매우 흔하고 굉장히 대다수의 동료들은 이직을 생각하고 있습니다. 그렇게 이직을 생각하는 동료를 만나게 된다면 우선 열린 마음과 경청하는 자세로 동료의 이직 사유 및 현재 환경에 대한 얘기를 차분히 들려줄 들어줄 것입니다. 그 또한 현재 이직하려는 사유가 현 직장에서의 불만족인지 혹은 이후 커리어에 대한 고민인지 혹은 또 다른 사유가 있는 것인지 제가 조금 더 면밀히 관찰하고 분석하여 도움을 줄 수 있도록 하겠습니다.","wordCount":67},"emotion":[],"intent":[{"text":"","expression":"","category":"attitude"}],"summary":{"text":"이직이 잦은 회사 생활의 동료를 만날 경우, 이직 사유 및 현재 환경에 대한 얘기를 듣도록 하겠습니다. 또한 이직 사유를 면밀하게 분석하여 도움을 줄 수 있도록 노력하겠습니다.","wordCount":26}}},"rawDataInfo":{"question":{"fileFormat":"wav","fileSize":522318,"duration":16320,"samplingBit":16,"channelCount":1,"samplingRate":"16kHz","audioPath":"/Mock/05.ICT/Male/Experienced/ckmk_q_ict_m_e_251806.wav"},"answer":{"fileFormat":"wav","fileSize":2972558,"duration":92890,"samplingBit":16,"channelCount":1,"samplingRate":"16kHz","audioPath":"/Mock/05.ICT/Male/Experienced/ckmk_a_ict_m_e_251806.wav"}}}