{"version":"1.0","dataSet":{"info":{"date":"20230116","occupation":"ICT","channel":"MOCK","place":"ONLINE","gender":"MALE","ageRange":"45-54","experience":"EXPERIENCED"},"question":{"raw":{"text":"지원자님이 생각하는 회사의 덕목에 대해서 말씀해 주세요","wordCount":7},"emotion":[],"intent":[]},"answer":{"raw":{"text":"회사의 덕목은 여러 가지가 있고 굉장히 많은 덕목이 있지만 어 제가 생각하는 회사가 갖춰야 할 덕목은 공감이라고 생각합니다. 직원이 어 열심히 일하고 자기 시간 쪼개서 쉬는 시간 쪼개서 일하고 성과를 냈을 때 어 회사는 그거를 알아줘야 되겠죠. 그 알아주는 게 가장 쉬운 게 인센티브죠. 돈으로 인세티블 주는 거지만 그것보다 더 좋은 거는 더 중요하고 더 필요한 것은 알아주는 거라고 생각합니다. 회사가 그 직원을 알아주고 인정하고 어 신뢰한다면 그 직원은 인센티브를 받는 것 이상으로 더 기뻐하고 어 회사에 또 충성을 할 수 있을 거라 그렇게 생각이 돼요. 예전에 있던 회사들도 어 그렇지 않은 그런 그런 회사들이 어 좀 더 발전을 하고 어 더 나은 성과를 이뤘었던 경험이 있고 그런 기억이 있어요. 그래서 회사에서 가장 갖추어야 될 필요 필요한 방법은 공감이라고 생각합니다.","wordCount":120},"emotion":[],"intent":[{"text":"","expression":"","category":"attitude"}],"summary":{"text":"회사가 갖추어야 할 덕목은 공감이라고 생각합니다. 직원이 열심히 일하고 쉬는 시간 쪼개서 성과를 냈을 때 회사는 그걸 알아주는 것이 인센티브죠. 그것보다 더 중요한 것은 알아주는 것이고 회사가 그 직원을 인정하고 신뢰한다면 직원은 인센티브를 받는 것 이상으로 더 기뻐하고 충성할 수 있을 거라고 생각합니다.","wordCount":43}}},"rawDataInfo":{"question":{"fileFormat":"wav","fileSize":212558,"duration":6640,"samplingBit":16,"channelCount":1,"samplingRate":"16kHz","audioPath":"/Mock/05.ICT/Male/Experienced/ckmk_q_ict_m_e_87796.wav"},"answer":{"fileFormat":"wav","fileSize":2860238,"duration":89380,"samplingBit":16,"channelCount":1,"samplingRate":"16kHz","audioPath":"/Mock/05.ICT/Male/Experienced/ckmk_a_ict_m_e_87796.wav"}}}