{"version":"1.0","dataSet":{"info":{"date":"20230116","occupation":"ICT","channel":"MOCK","place":"ONLINE","gender":"MALE","ageRange":"35-44","experience":"EXPERIENCED"},"question":{"raw":{"text":"에스에스디 구동 원리에 대해 알고 있나요 본인이 아는 대로 설명하시고 셀에 데이터를 저장하는 방법도 설명해 보세요","wordCount":16},"emotion":[],"intent":[]},"answer":{"raw":{"text":"에스에스디는 에이치디디를 대체할 수 있는 솔리드 스테이트 디스크 드라이브라고 하는 아주 좋고 빠른 저장 용량 장치입니다. 기본적인 동작 원리는 인터페이스를 통해서 원하는 데이터를 저장하고자 하는 경우에는 각 컨트롤러는 플래시 메모리에 어느 곳에 데이터를 저장할지를 결정합니다. 그렇게 결정된 플래시 메모리에 물리적인 지 주소를 지정하게 된 후 각각의 데이터를 원하는 장소에 저장하게 됩니다. 이때 연결되는 곳을 버스라고 부르는데 이 버스를 여러 개로 나누어서 저장하느냐에 따라서 각각의 에스스디의 성능이 달라질 수도 있습니다. 또한 에스에스디는 읽기 쓰기 삭제에 동작을 하게 됩니다.","wordCount":77},"emotion":[],"intent":[{"text":"","expression":"","category":"attitude"}],"summary":{"text":"에스에스디는 에이치디디를 대체할 수 있는 저장 용량 장치입니다. 기본적인 동작 원리는 플래시 메모리에 물리적인 지 주소를 지정하고, 데이터를 원하는 장소에 저장하게 됩니다. 또한 읽기 쓰기 삭제에 동작을 합니다.","wordCount":28}}},"rawDataInfo":{"question":{"fileFormat":"wav","fileSize":457678,"duration":14300,"samplingBit":16,"channelCount":1,"samplingRate":"16kHz","audioPath":"/Mock/05.ICT/Male/Experienced/ckmk_q_ict_m_e_156766.wav"},"answer":{"fileFormat":"wav","fileSize":1511758,"duration":47240,"samplingBit":16,"channelCount":1,"samplingRate":"16kHz","audioPath":"/Mock/05.ICT/Male/Experienced/ckmk_a_ict_m_e_156766.wav"}}}