{"version":"1.0","dataSet":{"info":{"date":"20230116","occupation":"ICT","channel":"MOCK","place":"ONLINE","gender":"MALE","ageRange":"55-","experience":"EXPERIENCED"},"question":{"raw":{"text":"어 공동체의 가치에 입각해서 이제 무형 문화유산의 보호에 있어 적용이 되는 사회적 관념은 어떤 것이라고 생각하시는지 본인의 생각을 말씀해 주시길 바랍니다","wordCount":21},"emotion":[],"intent":[]},"answer":{"raw":{"text":"날이 갈수록 어 개인주의와 또 어떤 생산성 효율성 어 또 디지털화 이런 부분들을 강조하다 보니 어 어떤 보이지 않는 가치들에 대한 부분들 어 상당히 많이 놓치고 있는 부분들이 있는 것 같습니다. 어 무형 문화유산 유형 문화유산 어 모든 것들이 다 필요할 거로 생각이 되고요. 어 우리 모두가 무형 문화유산에 대해서 중요한 가치를 어 계속적으로 돌아보면서 그 중요성을 어 인식하는 게 필요하다고 봅니다. 무형 문화유산은 우리의 정신적 문화적 또 공동체성을 유지하는 데에 어 어떤 핵심적이고 구심점적인 역할을 하고 있습니다. 그런데 우리들은 어 기술과 효율과 생산성에 입각하여 여러 가지 문화적인 인문학적인 것들을 많이 놓치고 있다고 생각을 합니다. 어 그렇기에 우리가 어 요즘 그 비티에스라든지 케이 컬츄어 같은 것들을 보았을 때도 우리가 어 직접적으로 경험하게 된 어 것 같습니다. 그래서 어 회사에서도 이런 부분들을 어 문화생활들을 또 할 수 있도록 어 격려하는 것도 중요하다고 생각합니다.","wordCount":132},"emotion":[],"intent":[{"text":"","expression":"","category":"attitude"}],"summary":{"text":"무형 문화유산 유형 문화유산은 우리의 정신적 문화적 공동체성을 유지하는 데에 핵심적 역할을 하고 있지만, 기술과 효율과 생산성에 입각해 여러 가지 문화적인 인문학적인 것들을 많이 놓치고 있는 것 같습니다. 회사에서도 이런 부분들을 문화생활들을 또 할 수 있도록 격려하는 것도 중요합니다.","wordCount":39}}},"rawDataInfo":{"question":{"fileFormat":"wav","fileSize":546638,"duration":17080,"samplingBit":16,"channelCount":1,"samplingRate":"16kHz","audioPath":"/Mock/05.ICT/Male/Experienced/ckmk_q_ict_m_e_287368.wav"},"answer":{"fileFormat":"wav","fileSize":2763598,"duration":86360,"samplingBit":16,"channelCount":1,"samplingRate":"16kHz","audioPath":"/Mock/05.ICT/Male/Experienced/ckmk_a_ict_m_e_287368.wav"}}}