{"version":"1.0","dataSet":{"info":{"date":"20230116","occupation":"ICT","channel":"MOCK","place":"ONLINE","gender":"MALE","ageRange":"55-","experience":"EXPERIENCED"},"question":{"raw":{"text":"면접자 본인께서 자신 있는 프로그래밍에 대해 말해 보세요","wordCount":8},"emotion":[],"intent":[]},"answer":{"raw":{"text":"어 제가 프로그래밍을 해 본 건 대학 시절과 사회 초년생 때 해본 경험이 어 전부라서 어 프로그래밍에 대해서는 구체적으로 어 말씀드릴 부분은 없는 것 같고 다시 대신 제가 프로그램적인 부분에서 전향을 해서 어 사업 기획이라든지 전략 기획 쪽으로 수행했던 내용을 조금 말씀을 드리자면 어 사 차 산업 혁명 시대를 맞이해서 어 사회가 어떻게 변화될 건가에 대한 공부와 준비와 또 사업화를 하는 과정에서 상당히 많은 서적과 논문과 또한 미래 학자들의 강연 많이 들은 들음으로써 어 일단 저의 그 관련 전문 지식들을 좀 넓혀 왔었고 또한 빅데이터 분야가 각광을 받을 것으로 생각이 되어서 어 스트렁크라고 하는 솔루션을 준비 하여서 그거를 전 직장에서 아 칠 년간 직접적으로 사업 기획을 하고 추진을 하고 결과까지 냄으로써 어 그 분야의 어 실질적인 수행을 통한 역량을 확보하였습니다.","wordCount":120},"emotion":[],"intent":[{"text":"","expression":"","category":"attitude"}],"summary":{"text":"사차 산업 혁명 시대를 맞이해 사회가 어떻게 변화될 건가에 대한 공부와 관련 전문 지식들을 좀 넓혀 왔었고, 빅데이터 분야가 각광받을 것으로 생각되어 스트렁크라는 솔루션을 준비하여 직접 사업 기획을 하고 추진, 결과까지 냄으로써 역량을 확보하였습니다.","wordCount":34}}},"rawDataInfo":{"question":{"fileFormat":"wav","fileSize":266318,"duration":8320,"samplingBit":16,"channelCount":1,"samplingRate":"16kHz","audioPath":"/Mock/05.ICT/Male/Experienced/ckmk_q_ict_m_e_287576.wav"},"answer":{"fileFormat":"wav","fileSize":2777038,"duration":86780,"samplingBit":16,"channelCount":1,"samplingRate":"16kHz","audioPath":"/Mock/05.ICT/Male/Experienced/ckmk_a_ict_m_e_287576.wav"}}}