{"version":"1.0","dataSet":{"info":{"date":"20230116","occupation":"ICT","channel":"MOCK","place":"ONLINE","gender":"MALE","ageRange":"55-","experience":"EXPERIENCED"},"question":{"raw":{"text":"개발에 참여하면서 기술적으로 어려웠던 점은 무엇입니까","wordCount":6},"emotion":[],"intent":[]},"answer":{"raw":{"text":"제 기억으로 엘지화학 프로젝트라고 기억을 합니다. 어 워낙 초대형 프로젝트를 하고 있던 입장이어서 어 여러 가지 문제점들이 어 굉장히 많이 노출이 되었었고 프로젝트 기간도 예정 보다 일 년을 넘겨서 무려 삼 년 넘게 이렇게 프로젝트를 수행했던 경험이 있는데요. 어 가장 큰 어려움이라고 생각이 되었던 부분이 뭐였냐 하면 어 고객 쪽에서도 자기들에 문제를 정확하게 인지하지 못하고 어 분석하지 못함으로 인해서 프로젝트가 난항에 빠졌던 적이 있었습니다. 어 그 원인을 찾고 찾고 하다 보니 어 엘지 화학 중국 공장 사업과 국내 공장 사업 간에 데이타 코드가 불일치함으로 인해서 이 똑같은 물품에 대한 코드가 이중화 되다 보니 관리가 일원화 되지 못하고 중복적으로 관리가 되면서 다른 부분에 까지 영향을 미쳤던 그런 부분이 있었습니다. 그래서 어 그 큰 어 프로그램과 서비스를 어 어 워낙 컴프로마이징 한다고 그러죠. 그거를 이제 혼합시키기 위해서 뭐 게이트웨이를 만들고 그것을 설정하고 운영하고 테스트하고 하는 그런 과정들이 참 힘들었던 것 같습니다.","wordCount":139},"emotion":[],"intent":[{"text":"","expression":"","category":"attitude"}],"summary":{"text":"초대형 프로젝트를 하고 있던 엘지화학 프로젝트의 가장 큰 어려움은 고객 쪽에서도 문제를 정확하게 인지하지 못하고 분석하지 못함으로 인해서 프로젝트가 난항에 빠졌던 적이 있었습니다. 그래서 그 큰 프로그램과 서비스를 컴프로마이징 하기 위해서 게이트웨이를 만들고 그것을 설정하고 운영하고 테스트하는 과정들이 참 힘들었던 것 같습니다.","wordCount":42}}},"rawDataInfo":{"question":{"fileFormat":"wav","fileSize":243278,"duration":7600,"samplingBit":16,"channelCount":1,"samplingRate":"16kHz","audioPath":"/Mock/05.ICT/Male/Experienced/ckmk_q_ict_m_e_287577.wav"},"answer":{"fileFormat":"wav","fileSize":2856398,"duration":89260,"samplingBit":16,"channelCount":1,"samplingRate":"16kHz","audioPath":"/Mock/05.ICT/Male/Experienced/ckmk_a_ict_m_e_287577.wav"}}}