{"version":"1.0","dataSet":{"info":{"date":"20230116","occupation":"ICT","channel":"MOCK","place":"ONLINE","gender":"MALE","ageRange":"35-44","experience":"EXPERIENCED"},"question":{"raw":{"text":"평소에 개인 작업을 많이 하시는 편인지 궁금합니다 그렇다면 그렇게 많이 하시는 원동력이 무엇이라고 생각하시나요 한번 말씀해 주세요","wordCount":17},"emotion":[],"intent":[]},"answer":{"raw":{"text":"네 저는 평소에 개인 작업을 많이 하는 편입니다 .아 특히나 어떤 저의 저 개인의 창작물을 만들어낼 때 굉장히 큰 성취감을 느끼는데요. 이 창작문이라 물이라고 하면 글을 쓴다든가 음악을 만들고 사진을 찍는다든가 영상을 찍어서 영상을 편집하고 이것을 유튜브 플랫폼에다가 업로드를 시킨다든가 할 때 굉장히 큰 성취감을 느끼고 있고요. 이렇게 할 수 있는 원동력은 어 저는 인제 결국에는 어 저 자신의 인생을 소중하게 생각하는 저 자신의 인생을 기록하고 싶어하는 그런 욕망이 굉장히 크다고 생각을 하기 때문에 하나뿐인 인생에서 저의 저 저의 가 제가 만들어낸 어떤 많은 결과물이 있어서 있었으면 좋겠다는 생각을 항상 해 왔습니다. 그 원동력이라 하면 네 그런 점을 들 수 있습니다.","wordCount":101},"emotion":[],"intent":[{"text":"","expression":"","category":"attitude"}],"summary":{"text":"평소 개인 작업을 많이 하는데 창작물을 만들 때 큰 성취감을 느낍니다. 이렇게 할 수 있는 원동력은 자신의 인생을 기록하고 싶어하는 욕망이 크기 때문에 하나뿐인 인생에서 저 자신이 만들어낸 많은 결과물이 있었으면 좋겠다는 생각을 항상 해왔습니다.","wordCount":35}}},"rawDataInfo":{"question":{"fileFormat":"wav","fileSize":517198,"duration":16160,"samplingBit":16,"channelCount":1,"samplingRate":"16kHz","audioPath":"/Mock/05.ICT/Male/Experienced/ckmk_q_ict_m_e_194229.wav"},"answer":{"fileFormat":"wav","fileSize":1950798,"duration":60960,"samplingBit":16,"channelCount":1,"samplingRate":"16kHz","audioPath":"/Mock/05.ICT/Male/Experienced/ckmk_a_ict_m_e_194229.wav"}}}