{"version":"1.0","dataSet":{"info":{"date":"20230116","occupation":"ICT","channel":"MOCK","place":"ONLINE","gender":"MALE","ageRange":"45-54","experience":"EXPERIENCED"},"question":{"raw":{"text":"디오씨케이이알 도커 왜 썼는지","wordCount":4},"emotion":[],"intent":[]},"answer":{"raw":{"text":"어 도커를 사용하는 이유는 가장 대중화돼 있고 어 누구나 사용하기 때문입니다. 어 리눅스 컨텐이너 기술을 도커는 리눅스 컨테이너 기술을 오픈 소스로 공개해서 외부에서도 자유롭게 사용하도록 했습니다. 그로 인해서 많은 사람들이 이 도커라는 프로그램을 사용을 하고 도커는 그 소프트웨어 그 자체를 수익 모델로 삼지 않고 도커 기술에 대한 유지 보수 서비스를 하거나 교육 사업을 벌여서 수익을 올리고 있습니다. 어 따로 프로그램을 판매하고 그것을 이용하는데 그거 비용이 들지 않는다 라는 거죠. 어 그게 오히려 도커라는 그 기업의 입장에서 봐서는 아까 말씀드린 것처럼 그 뭐 유지 보수 서비스 교육 사업을 하는 것만으로도 충분한 수익을 낼 수 있는 모델을 만들었다고 생각을 합니다.","wordCount":98},"emotion":[],"intent":[{"text":"","expression":"","category":"attitude"}],"summary":{"text":"도커는 누구나 사용하는데, 그 이유는 오픈소스로 공개되어 있어 외부에서도 자유롭게 사용할 수 있기 때문입니다. 그래서 많은 사람들이 이 프로그램을 사용하며, 소프트웨어 자체보다는 유지 보수 서비스나 교육 사업을 벌여서 수익을 올리고 있습니다.","wordCount":31}}},"rawDataInfo":{"question":{"fileFormat":"wav","fileSize":255118,"duration":7970,"samplingBit":16,"channelCount":1,"samplingRate":"16kHz","audioPath":"/Mock/05.ICT/Male/Experienced/ckmk_q_ict_m_e_44299.wav"},"answer":{"fileFormat":"wav","fileSize":2170318,"duration":67820,"samplingBit":16,"channelCount":1,"samplingRate":"16kHz","audioPath":"/Mock/05.ICT/Male/Experienced/ckmk_a_ict_m_e_44299.wav"}}}