{"version":"1.0","dataSet":{"info":{"date":"20230116","occupation":"ICT","channel":"MOCK","place":"ONLINE","gender":"MALE","ageRange":"55-","experience":"EXPERIENCED"},"question":{"raw":{"text":"살면서 다양한 커뮤니케이션을 경험해 보셨을 텐데요 그중에 가장 어려웠던 경험을 한 가지만 말씀해 주시고 구체적으로 설명해 주세요","wordCount":17},"emotion":[],"intent":[]},"answer":{"raw":{"text":"커뮤니케이션 중에 가장 어려운 커뮤니케이션은 문화의 차이에 오는 커뮤니케이션이 가장 크다고 볼 수 있습니다. 제가 멕시코에서 근무를 할 때 첫 번째 에 부딪친 난관이 커뮤니케이션입니다. 직원들이 전부 현지 멕시코인들이기 때문에 멕시코인들은 영어를 못하고 스페인어만 하고 저는 스페인어를 못하기 때문에 첫 번째 언어의 그 장벽의 커뮤니케이션 이 어려웠습니다. 하지만 제가 스페인어를 조금씩 배워가면서 또 제 눈높이를 낮추어 가면서 그들과 소통을 했을 때에 근본적으로 걸린 그 문제는 그들의 문화 그들이 일을 대하는 태도 우리가 대하는 태도하고 확연히 다른 그런 태도에 오는 괴리감이 커뮤니케이션에서 가장 큰 문제였습니다. 예를 들어서 매일 매일 지각을 하는 그런 직원이 있었습니다. 우리나라의 그 정서적인 개념으로 어 직원을 그 혼을 내기 위해서 너는 왜 매일 지각을 하느냐 이렇게 물어봤더니 그 답변이 핑계가 스물 몇 가지의 핑계를 대면서 답변을 합니다. 그 답변을 들으면서 많은 스트레스를 받았죠. 그래서 그 그 직원에 대한 그 징계는 별도로 따로 하기로 했습니다. 이것이 가장 큰 차이입니다.","wordCount":141},"emotion":[],"intent":[{"text":"","expression":"","category":"attitude"}],"summary":{"text":"문화 차이에서 오는 커뮤니케이션이 가장 어렵습니다. 멕시코에서 근무할 때 언어 장벽의 커뮤니케이션이 어려웠지만, 스페인어를 조금씩 배워가면서 눈높이를 낮추며 소통했습니다. 그들이 일을 대하는 태도 우리가 대하는 태도하고 확연히 다른 태도에 오는 괴리감이 커뮤니케이션에서 가장 큰 문제였습니다.","wordCount":35}}},"rawDataInfo":{"question":{"fileFormat":"wav","fileSize":625998,"duration":19560,"samplingBit":16,"channelCount":1,"samplingRate":"16kHz","audioPath":"/Mock/05.ICT/Male/Experienced/ckmk_q_ict_m_e_287146.wav"},"answer":{"fileFormat":"wav","fileSize":3792718,"duration":118520,"samplingBit":16,"channelCount":1,"samplingRate":"16kHz","audioPath":"/Mock/05.ICT/Male/Experienced/ckmk_a_ict_m_e_287146.wav"}}}