{"version":"1.0","dataSet":{"info":{"date":"20230116","occupation":"ICT","channel":"MOCK","place":"ONLINE","gender":"MALE","ageRange":"35-44","experience":"EXPERIENCED"},"question":{"raw":{"text":"지원자분께서 실제로 일을 맡아서 진행하시면서 팀원과 불화가 생기는 일도 있을 텐데요 그와 같은 환경에서 어떻게 해결하시게 될지 그 해결법과 이유를 얘기해 주시면 좋겠습니다","wordCount":23},"emotion":[],"intent":[]},"answer":{"raw":{"text":"예 직장 생활을 하다 보면 팀원과 팀원과 불화가 생길 수가 있습니다. 예 저 저 역시도 전 직장에서 그런 일들이 있었고요. 그럴 때는 어 되게 그냥 투박한 방법이긴 해도 그 사람과 일 대 일 대화를 시도할 수 밖에 없습니다. 아무리 불편하고 그 순간이 괴롭기 때문에 대부분의 사람들은 그 순간을 피하는 사람들이 회피하는 사람들이 굉장히 많지만 그 순간만 넘기면 어 그 사람과 어떤 오해가 있으면 오해가 풀릴 것이고 그리고 어떤 어 마음의 응어리가 있으면 어 응어리가 응어리가 풀릴 수도 있고 뭐 응어리가 안 풀릴 수도 있지만 저는 그 어 또 불화에 대해서 그 사람과 대화를 하는 게 중요하다고 생각을 합니다. 나도 나 역시 너 어 당신도 당신 때문에 이런 불편함이 있다 당신은 나에게 어떤 불편함이 있느냐 라고 서로에 대해서 어 어떤 어 서로의 새 생각의 다름을 인정을 하는 것이 내 스스로의 스트레스 관리에 그리고 이 팀의 팀웍에 큰 도움이 될 거라고 생각을 합니다.","wordCount":141},"emotion":[],"intent":[{"text":"아무리   불편하고 그 순간이 괴롭기 때문에 대부분의 사람들은 그 순간을 피하는 사람들이 회피하는 사람들이 굉장히 많지만 그 순간만 넘기면   어 그 사람과 어떤 오해가 있으면 오해가 풀릴 것이고 그리고 어떤   어 마음의 응어리가 있으면 어 응어리가 응어리가 풀릴 수도 있고 뭐 응어리가 안 풀릴 수도 있지만 저는 그   어 또 불화에 대해서 그 사람과 대화를 하는 게 중요하다고 생각을 합니다.","expression":"c_confl_mg","category":"personality"},{"text":"나도 나 역시 너 어 당신도 당신 때문에 이런 불편함이 있다 당신은 나에게 어떤 불편함이 있느냐 라고 서로에 대해서   어 어떤 어 서로의 새 생각의 다름을 인정을 하는 것이 내 스스로의 스트레스 관리에 그리고 이 팀의 팀웍에 큰 도움이 될 거라고 생각을 합니다.","expression":"c_confl_mg","category":"personality"}],"summary":{"text":"직장 생활을 하다 보면 팀원과 팀원과 불화가 생길 수가 있는데 그 사람과 일 대 일 대화를 시도할 수밖에 없습니다. 그 순간만 넘기면 그 사람과의 오해와 마음의 응어리가 풀릴 것이고 그 사람과 대화를 하는 게 중요하다고 생각합니다. 서로의 새 생각을 인정하는 것이 스트레스 관리에 도움이 될 것입니다.","wordCount":46}}},"rawDataInfo":{"question":{"fileFormat":"wav","fileSize":590478,"duration":18450,"samplingBit":16,"channelCount":1,"samplingRate":"16kHz","audioPath":"/Mock/05.ICT/Male/Experienced/ckmk_q_ict_m_e_175995.wav"},"answer":{"fileFormat":"wav","fileSize":2319438,"duration":72480,"samplingBit":16,"channelCount":1,"samplingRate":"16kHz","audioPath":"/Mock/05.ICT/Male/Experienced/ckmk_a_ict_m_e_175995.wav"}}}