{"version":"1.0","dataSet":{"info":{"date":"20230116","occupation":"ICT","channel":"MOCK","place":"ONLINE","gender":"MALE","ageRange":"35-44","experience":"EXPERIENCED"},"question":{"raw":{"text":"못하는 개발자 두 명이 페어 프로그래밍을 한다면 오히려 능률이 떨어진다고 생각이 생각을 하시는지 말씀해 주십시오","wordCount":15},"emotion":[],"intent":[]},"answer":{"raw":{"text":"어 예 실력이 없는 개발자가 둘이서 서로 페어 프로빅 프로그래밍을 한다면 당연히 당연히 그 프로젝트는 어 엉망진창이 될 거라고 생각하고요. 어 서로 어 어떤 모든 것들에는 멘토와 멘티가 있듯이 어 어느 한쪽에서 좀 이끌어 주는 성향 이끌어 주는 성향을 띠고 있어야지 모든 것들이 순조롭게 진행이 된다고 생각합니다. 못하는 개발자가 둘이서 어 아이디어가 나오지 않는 상태에서 머리를 맞대고 프로그래밍을 하다 보면 아 분명히 엉망이 될 거고요. 어 서로에 대해서 도움이 전혀 되지 않을 거라고 생각하고요. 그리고 시간적으로도 굉장히 아 소모가 불필요한 시간들이 많이 소모가 될 거라고 확신하고 있고요. 그래서 어 모든 것들은 어 멘토와 멘티의 개념에서 해야 되고 그렇다고 또 둘 다 굉장히 큰 실력자면 둘 다 또 어 서로의 그런 가치관과 그런 프로그래밍 스타일에 따라서 대립이 될 수도 있기 때문에 가장 어 가장 이상적인 구조는 멘토와 멘티의 구조가 아닐까 싶습니다.","wordCount":130},"emotion":[],"intent":[{"text":"","expression":"","category":"attitude"}],"summary":{"text":"프로그래머와 개발자가 서로 멘토와 멘티의 성향이 있어야 프로젝트가 순조롭게 진행될 수 있습니다. 실력이 없는 둘이서 페어 프로그래밍을 한다면 서로에 대한 도움이 전혀 되지 않으며 시간적으로도 많이 소모될 것입니다. 그래서 모든 것들은 서로 서로의 가치관과 프로그래밍 스타일에 따라서 대립이 될 수 있기 때문에 가장 이상적인 구조는 멘토-멘티 구조일 것입니다.","wordCount":48}}},"rawDataInfo":{"question":{"fileFormat":"wav","fileSize":327758,"duration":10240,"samplingBit":16,"channelCount":1,"samplingRate":"16kHz","audioPath":"/Mock/05.ICT/Male/Experienced/ckmk_q_ict_m_e_298692.wav"},"answer":{"fileFormat":"wav","fileSize":2511438,"duration":78480,"samplingBit":16,"channelCount":1,"samplingRate":"16kHz","audioPath":"/Mock/05.ICT/Male/Experienced/ckmk_a_ict_m_e_298692.wav"}}}