{"version":"1.0","dataSet":{"info":{"date":"20230116","occupation":"ICT","channel":"MOCK","place":"ONLINE","gender":"MALE","ageRange":"45-54","experience":"EXPERIENCED"},"question":{"raw":{"text":"기업이나 기관들이 편의에 의해 사설 아이피를 많이 사용하고 있는데요 본인이 생각하는 사설 아이피 주소의 장단점은 무엇인지 설명해 주세요","wordCount":18},"emotion":[],"intent":[]},"answer":{"raw":{"text":"어 제가 뭐 정확하게 알고 있는 부분은 아니라서요. 음 언뜻 알고 있는 거로 얘기를 하자면 이제 사설 아이피는 뭐 이런 인터넷 선에서의 개인 주소 느낌 어떤 개인 주민등록증 느낌이라고 해야 될까요. 그래서 공용으로 이제 뭉뚱그려진 아이피 주소가 있다면 뭔가 각 각 집마다 가구마다의 그런 디테일한 아이피 주소가 따로 있는 그거를 이제 사설 아이피라고 하고 장단점 장점은 우선 어떠한 사건이 벌어졌을 때 그 신원을 밝힐 수가 있는 거 그 특정할 수가 있는 거 그 아이피 주소가 곧 신분 신분 노출이나 다름이 없으니까요. 그때에 그 아이피가 접속이 되어 있고 그 아이피로 인해서 무언가를 벌였을 때 그걸 추적을 하면 되는 거니까. 그래서 그러한 장점이 있는 것 같습니다.","wordCount":104},"emotion":[],"intent":[{"text":"","expression":"","category":"attitude"}],"summary":{"text":"사설 아이피는 각 집마다 가구마다 세부적인 아이피 주소가 따로 있는 것을 말합니다. 사건 발생 시 신원을 밝힐 수 있고 특정할 수 있는 아이피 주소를 통해 무언가를 벌였을 때 추적할 수 있다는 장점이 있습니다.","wordCount":33}}},"rawDataInfo":{"question":{"fileFormat":"wav","fileSize":481038,"duration":15030,"samplingBit":16,"channelCount":1,"samplingRate":"16kHz","audioPath":"/Mock/05.ICT/Male/Experienced/ckmk_q_ict_m_e_159898.wav"},"answer":{"fileFormat":"wav","fileSize":2789198,"duration":87160,"samplingBit":16,"channelCount":1,"samplingRate":"16kHz","audioPath":"/Mock/05.ICT/Male/Experienced/ckmk_a_ict_m_e_159898.wav"}}}