{"version":"1.0","dataSet":{"info":{"date":"20230116","occupation":"ICT","channel":"MOCK","place":"ONLINE","gender":"MALE","ageRange":"35-44","experience":"EXPERIENCED"},"question":{"raw":{"text":"주변 사람들 중 한 명을 골라 그 사람의 칭찬을 해 주세요 자세하고 구체적으로 해 주세요","wordCount":15},"emotion":[],"intent":[]},"answer":{"raw":{"text":"네 지금 딱 한 명 그 생각나는 친구가 한 명 있는데요. 저보다 나이가 훨씬 어립니다. 한 아홉 살 정도 차이가 나는 동생인데 어 그 동생을 볼 때마다 어 동생이라고 생각이 들지 않고 어 친구나 또는 어쩌다가는 굉장히 어른스러운 모습을 볼 때는 어 형이라는 생각도 들어요. 그 친구가 왜 그렇게 생각 이 되는지 제가 생각을 해보니까 언제나 어 타인을 위한 배려 그 타인의 입장에서 생각하는 그 자세가 기본 값으로 기본 값으로 설정이 돼있구요. 본인의 그런 미래 그 미래에 대해서 그 목표가 굉장히 정확한 친구입니다. 그래서 어떻게 이 은퇴 후의 삶을 어떻게 살아야 할 건지 또한 더 중요한 것은 더 제가 높게 평가했던 것은 그 친구의 그런 그 친구 자 그 친구 만의 취미 활동 그 친구 같은 경우는 사진을 잘 찍고 그리고 레트로 카메라들을 조립하기도 하고 그 필름 카메라에 대한 그 애착이 굉장히 강한 친군데요. 그런 자기가 좋아하는 분야에 대해서 끊임없이 끊임없이 계속 연구하고 그것을 활용할 줄 아는 친구기 때문에 그 친구와 만나면 굉장히 생산적인 만남이 맨남이라고 생각 항상 저는 생각을 했습니다. 친구가 굉장히 제가 칭찬하고 싶은 친굽니다.","wordCount":167},"emotion":[],"intent":[{"text":"","expression":"","category":"attitude"}],"summary":{"text":"친구는 타인을 위한 배려와 본인의 미래에 대한 목표가 정확한 친구입니다. 그래서 은퇴 후 삶에 대한 목표가 정확하게 설정되어 있고 그에 대한 목표가 아주 정확합니다. 그 친구만의 취미 활동이나 좋아하는 분야에 대한 연구와 활용에 애착이 강한 친구이기 때문에 그 친구와 만나면 굉장히 생산적인 만남이 맨남이라고 생각합니다.","wordCount":45}}},"rawDataInfo":{"question":{"fileFormat":"wav","fileSize":357518,"duration":11170,"samplingBit":16,"channelCount":1,"samplingRate":"16kHz","audioPath":"/Mock/05.ICT/Male/Experienced/ckmk_q_ict_m_e_230070.wav"},"answer":{"fileFormat":"wav","fileSize":2945038,"duration":92030,"samplingBit":16,"channelCount":1,"samplingRate":"16kHz","audioPath":"/Mock/05.ICT/Male/Experienced/ckmk_a_ict_m_e_230070.wav"}}}