{"version":"1.0","dataSet":{"info":{"date":"20230116","occupation":"ICT","channel":"MOCK","place":"ONLINE","gender":"MALE","ageRange":"35-44","experience":"EXPERIENCED"},"question":{"raw":{"text":"그동안 주로 소프트웨어 개발 시에 폭포수 방법론을 많이 이용했었는데요 혹시 애자의 방법론을 활용해서 개발해 보신 경험이 있으신가요","wordCount":17},"emotion":[],"intent":[]},"answer":{"raw":{"text":"애자일 방법론은 소프트웨어를 개발하는 사람들한테 소프트웨어를 개발하는 특별한 언어나 방법이 아니라 소프트웨어를 개발을 할 수 있는 어떤 팀제를 만들어서 효율적으로 운영하는 방식을 뜻합니다. 실제로 스크럼이라고 하는 대형을 짜는 것인데요. 스크럼은 럭비에서 나온 용어입니다. 어떤 파울이 발생했을 때 각 팀에 일곱 명 여덟 명씩 팔짱을 끼고 스크럼 방식으로 서로 공을 가운데 사이에 두고 대형을 짜게 되는데요. 여기서 착안을 해서 애자일 방법론에서는 스크럼 방식으로 여러 명의 사람들이 비즈니스 그룹과 소프트웨어 개발 그룹으로 나누어 어떻게 스토리 보드를 짜고 어떻게 기획을 하고 어떻게 유저 스토리를 만들 것인가에 대한 지속적인 피드백을 통해서 소프트웨어를 개발해 나가는 어떤 소프트웨어 프로세스에 방법론을 이야기하는 것입니다. 그래서 소 서로 지속적인 피드백 및 필요한 부분에 대해서 대화를 많이 하고 소통을 함으로써 소프트웨어를 개발을 할 때 최종적으로 결과물이 그들이 원하는 제품을 나오게끔 만드는 일종의 품질 방식입니다.","wordCount":124},"emotion":[{"text":"애자일 방법론은 소프트웨어를 개발하는 사람들한테 소프트웨어를 개발하는 특별한 언어나 방법이 아니라 소프트웨어를 개발을 할 수 있는 어떤 팀제를 만들어서 효율적으로 운영하는 방식을 뜻합니다.","expression":"u-fact","category":"neutral"},{"text":"스크럼은 럭비에서 나온 용어입니다.","expression":"u-fact","category":"neutral"}],"intent":[{"text":"애자일 방법론은 소프트웨어를 개발하는 사람들한테 소프트웨어를 개발하는 특별한 언어나 방법이 아니라 소프트웨어를 개발을 할 수 있는 어떤 팀제를 만들어서 효율적으로 운영하는 방식을 뜻합니다.","expression":"i_dev_mth","category":"technology"},{"text":"여기서 착안을 해서 애자일 방법론에서는 스크럼 방식으로 여러 명의 사람들이   비즈니스 그룹과 소프트웨어 개발 그룹으로 나누어 어떻게 스토리 보드를 짜고 어떻게   기획을 하고 어떻게 유저 스토리를 만들 것인가에 대한 지속적인 피드백을 통해서 소프트웨어를 개발해 나가는 어떤 소프트웨어 프로세스에   방법론을 이야기하는 것입니다.","expression":"i_dev_mth","category":"technology"}],"summary":{"text":"애자일 방법론은 소프트웨어를 개발하는 사람들한테 특별한 언어나 방법이 아니라 개발을 할 수 있는 어떤 팀제를 만들어서 효율적으로 운영하는 방식을 뜻합니다. 럭비에서 나온 용어인 스크럼에서 착안해서 지속적인 피드백을 통해서 소프트웨어를 개발해 나가는 소프트웨어 프로세스에 방법론을 이야기하는 것입니다.","wordCount":36}}},"rawDataInfo":{"question":{"fileFormat":"wav","fileSize":506958,"duration":15840,"samplingBit":16,"channelCount":1,"samplingRate":"16kHz","audioPath":"/Mock/05.ICT/Male/Experienced/ckmk_q_ict_m_e_172040.wav"},"answer":{"fileFormat":"wav","fileSize":2474638,"duration":77330,"samplingBit":16,"channelCount":1,"samplingRate":"16kHz","audioPath":"/Mock/05.ICT/Male/Experienced/ckmk_a_ict_m_e_172040.wav"}}}