{"version":"1.0","dataSet":{"info":{"date":"20230116","occupation":"ICT","channel":"MOCK","place":"ONLINE","gender":"MALE","ageRange":"45-54","experience":"EXPERIENCED"},"question":{"raw":{"text":"공동체로서 무형문화유산의 보호에 있어 적용되는 사회적 관념은 무엇이라 생각하나요","wordCount":9},"emotion":[],"intent":[]},"answer":{"raw":{"text":"무형문화유산은 오히려 유형문화유산보다 더 보존되고 더 그 가치를 인정받아야 됩니다. 어 유형문화재 같은 경우에는 어 뭐 세월의 흐름에 따라서 뭐 파손이 있고 그럴 수 있지만 어쨌든 실체가 있습니다. 하지만 무형문화재는 사람에서 사람으로 전달이 되는 그런 기술인 만큼 그 맥이 끊기거나 그 뭐 불의의 사고로 그 전수자가 뭐 사고를 당한다라든지 하면 그 맥이 끊길 수가 있습니다. 그렇기 때문에 무형 문화유산은 오히려 더 보호되고 인정되고 그 가치를 인정받아야 됩니다. 그런데 사회적 관념은 좀 그거와 다릅니다. 사회적 관념은 오히려 어 무형문화재보다 유형문화재에 더 관심을 갖고 값어치를 따지고 그 가격을 매깁니다. 어 물론 이것은 유일하다 라는 이것 밖에 하나뿐이라는 그런 뭐 특성을 갖고 있기는 하지만 어 어쨌거나 우리가 더 보존하고 더 보호해야 될 거는 무형 문화재가 더 맞다라고 생각합니다. 사회적 개념은 이들을 많이 인정하지 않고 홀대하는 경향이 있는데 어 그러면 안 될 거라고 저는 생각합니다.","wordCount":131},"emotion":[],"intent":[{"text":"무형문화유산은 오히려 유형문화유산보다 더 보존되고 더 그 가치를 인정받아야 됩니다.","expression":"c_value","category":"background"}],"summary":{"text":"무형문화재는 유형문화유산보다 더 보존되고 더 그 가치를 인정받아야 합니다. 그런데 사회적 관념은 그것과 달리 유형문화재에 더 관심을 갖고 값어치를 따지고 그 가격을 매깁니다. 우리는 더 보존하고 더 보호해야 될 거는 무형 문화재가 더 맞다고 생각합니다.","wordCount":35}}},"rawDataInfo":{"question":{"fileFormat":"wav","fileSize":304718,"duration":9520,"samplingBit":16,"channelCount":1,"samplingRate":"16kHz","audioPath":"/Mock/05.ICT/Male/Experienced/ckmk_q_ict_m_e_42889.wav"},"answer":{"fileFormat":"wav","fileSize":2702158,"duration":84440,"samplingBit":16,"channelCount":1,"samplingRate":"16kHz","audioPath":"/Mock/05.ICT/Male/Experienced/ckmk_a_ict_m_e_42889.wav"}}}