{"version":"1.0","dataSet":{"info":{"date":"20230116","occupation":"ICT","channel":"MOCK","place":"ONLINE","gender":"MALE","ageRange":"55-","experience":"EXPERIENCED"},"question":{"raw":{"text":"열심히는 하지만 본인이 원하는 만큼 따라오지 못하는 동료가 있을 수도 있는데요 지원자님은 이럴 때 어떻게 하시는 편인가요","wordCount":17},"emotion":[],"intent":[]},"answer":{"raw":{"text":"어 능력적인 측면일 수도 있고 환경적인 측면일 수도 있는데요. 어 저는 개개인의 어떤 그 퍼포먼스도 중요하게 생각하지만 팀을 더 먼저 생각을 하기 때문에 어 그 팀원들이 충분히 따라올 수 있도록 시간을 주고 지속적인 격려를 통해서 어 그 친구가 우리 팀원이며 우리 팀이 함께 하고 어 있다는 그런 동료 의식을 심어주고 싶습니다. 그래서 그가 약간 개인적으로는 어 능력이 떨어질지 모르겠지만 팀이 함께 한다는 것을 통해서 어 조직의 따뜻함과 사회의 따뜻함 이런 것들이 어 어 일하는 보람이며 어 자기 개인의 성장을 위해서 반드시 필요하다는 것을 인식시켜주고 싶습니다. 그를 통해서 어 물론 이제 그 능력이 좀 앞서 있는 친구들이 불만스러울 수도 있고 또 조금 더 어 시간과 노력을 할애할 수도 있겠지만 어 공동의 연대를 통해서 함께하는 어 팀웍으로 이 팀웍을 가르쳐 주메 줌으로 해서 어 더욱 효과적인 조직이 될 수 있다는 것을 가르쳐주고 싶습니다.","wordCount":131},"emotion":[],"intent":[{"text":"","expression":"","category":"attitude"}],"summary":{"text":"저는 개인의 퍼포먼스도 중요하게 생각하지만 팀원들이 충분히 따라올 수 있도록 시간을 주고 지속적인 격려를 통해서 우리 팀이 함께 하고 있다는 그런 동료 의식을 심어주고 싶습니다. 공동의 연대를 통해서 함께하는 팀웍으로 더욱 효과적인 조직이 될 수 있다는 것을 가르쳐주고 싶습니다.","wordCount":39}}},"rawDataInfo":{"question":{"fileFormat":"wav","fileSize":393998,"duration":12310,"samplingBit":16,"channelCount":1,"samplingRate":"16kHz","audioPath":"/Mock/05.ICT/Male/Experienced/ckmk_q_ict_m_e_287367.wav"},"answer":{"fileFormat":"wav","fileSize":2768398,"duration":86510,"samplingBit":16,"channelCount":1,"samplingRate":"16kHz","audioPath":"/Mock/05.ICT/Male/Experienced/ckmk_a_ict_m_e_287367.wav"}}}