{"version":"1.0","dataSet":{"info":{"date":"20230116","occupation":"ICT","channel":"MOCK","place":"ONLINE","gender":"MALE","ageRange":"55-","experience":"EXPERIENCED"},"question":{"raw":{"text":"엘지 디스플레이 기술과 삼성 디스플레이 기술을 비교해 보시고 차이점을 설명해 주세요","wordCount":11},"emotion":[],"intent":[]},"answer":{"raw":{"text":"디스플레이 분야는 제가 전혀 경험하지 않았던 분야이네요. 어 어 구체적으로 기술 비교를 하라는 거는 좀 무리가 있는 것 같고요. 어 엘지와 삼성을 비교를 해 본다면 엘지는 어 전자 기술에 있어서 특히 브라운관에서부터 시작을 했던 회사이기 때문에 어 어 이쪽 그 디스플레이에 관련된 부분이 훨씬 더 그 어 친화적이고 어 이 사람에 친화적이고 어 화질이라든지 그 선명도라든지 이런 부분들을 봤을 때 어 보다 더 인 인간의 눈에 친숙한 건 아닌가 라는 생각을 좀 가지고 있구요. 삼성의 디스플레이 같은 경우는 음 엘지보다는 후발로 시작을 하면서 어 보다 선명하고 대비되는 색깔 쪽에 어 추진을 해 왔던 걸로 알고 있습니다. 지금 오엘이디까지 가면서 삼성과 엘지가 박빙의 기술 비교를 또 경쟁을 하고 있는 것 같은데 두 회사 모두 화이팅 했으면 좋겠습니다.","wordCount":116},"emotion":[],"intent":[{"text":"","expression":"","category":"attitude"}],"summary":{"text":"엘지와 삼성의 디스플레이 분야를 구체적으로 비교하기는 어려우나, 전자 기술에 있어서 엘지가 훨씬 더 친화적이고 사람의 눈에 친숙한 것 같습니다. 지금 오엘이지까지 가면서 두 회사 모두 박빙의 기술 비교를 하고 있으니 모두 응원합시입니다.","wordCount":32}}},"rawDataInfo":{"question":{"fileFormat":"wav","fileSize":320078,"duration":10000,"samplingBit":16,"channelCount":1,"samplingRate":"16kHz","audioPath":"/Mock/05.ICT/Male/Experienced/ckmk_q_ict_m_e_287915.wav"},"answer":{"fileFormat":"wav","fileSize":2661198,"duration":83160,"samplingBit":16,"channelCount":1,"samplingRate":"16kHz","audioPath":"/Mock/05.ICT/Male/Experienced/ckmk_a_ict_m_e_287915.wav"}}}