{"version":"1.0","dataSet":{"info":{"date":"20230116","occupation":"ICT","channel":"MOCK","place":"ONLINE","gender":"MALE","ageRange":"45-54","experience":"EXPERIENCED"},"question":{"raw":{"text":"회사에서 방법은 무엇이라고 생각하시나요","wordCount":4},"emotion":[],"intent":[]},"answer":{"raw":{"text":"회사에 에 덕목은 이윤 추구입니다. 뭐 공공 사업체가 아닌 이상 회사는 이익을 창출해야 되고 그 이익을 어 직원들에게 사회에 뭐 분배해야 됩니다. 어 회사는 당연히 이윤을 추구하고 그 이윤을 추구함에 있어서 공공의 목적에서 어 벗어나서는 안 된다라고 생각을 합니다. 공공을 위해서 사용해야 된다라는 거죠. 그 이익을 그 공공이라는 것은 뭐 사회 뭐 뭐 빈민층 물론 직원들도 포함이 됩니다. 회사에서 이익을 얻게 되면 그건 당연히 뭐 사주의 이익이 이익이기도 하지만 사원들이나 그 소속한 분들한테도 공평하게 배분을 해야 된다라고 생각합니다. 그래서 회사의 덕목은 이윤 추구이며 또한 회사의 추구는 공공의 이익을 추구해야 됩니다. 뭐 때에 따라서는 뭐 불우이웃 돕기라든지 그 사회에 공헌할 수 있는 것을 찾아서 행하는 것이 회사의 덕목이라고 생각합니다.","wordCount":108},"emotion":[],"intent":[{"text":"","expression":"","category":"attitude"}],"summary":{"text":"공공 사업체가 아닌 이상 회사는 이익을 창출하고 그 이익을 직원들에게 분배해야 합니다. 회사의 덕목은 이윤 추구이며 회사의 추구는 공공의 이익을 추구해야 됩니다. 불우이웃 돕기 등 사회에 공헌할 수 있는 것을 찾아 행하는 것이 회사의 덕목을 이룹니다.","wordCount":36}}},"rawDataInfo":{"question":{"fileFormat":"wav","fileSize":198158,"duration":6190,"samplingBit":16,"channelCount":1,"samplingRate":"16kHz","audioPath":"/Mock/05.ICT/Male/Experienced/ckmk_q_ict_m_e_42892.wav"},"answer":{"fileFormat":"wav","fileSize":2342478,"duration":73200,"samplingBit":16,"channelCount":1,"samplingRate":"16kHz","audioPath":"/Mock/05.ICT/Male/Experienced/ckmk_a_ict_m_e_42892.wav"}}}