{"version":"1.0","dataSet":{"info":{"date":"20230116","occupation":"ICT","channel":"MOCK","place":"ONLINE","gender":"MALE","ageRange":"45-54","experience":"EXPERIENCED"},"question":{"raw":{"text":"지원자께서는 퇴사한 것을 후회하지 않으세요","wordCount":5},"emotion":[],"intent":[]},"answer":{"raw":{"text":"어 퇴사를 한 것에 대해서는 전혀 후회하지 않고 있습니다. 어 너무 개인적인지 모르겠지만 저는 전에 직장을 퇴사를 하면서 더 좋은 직장 더 제가 제 꿈과 목표를 이룰 수 있는 직장으로 이직을 하려고 퇴사를 한 것이기 때문에 전에 다니는 회사에 대해서 어 뭐 회사를 퇴직한 것에 대해서는 후회하지는 않습니다. 그렇다고 뭐 전에 회사를 폄하하거나 전에 제가 다니던 직장을 뭐 안 좋게 생각하는 건 전혀 아닙니다. 저는 나름대안 그 회사에서 어 이십 여 년간 근무를 해왔고 그러면서 많은 성과를 누렸고 물론 회사로부터 급여를 받으면서 저 역시도 어 제 생활을 유지할 수 있었습니다. 다만 제가 직장을 옮기게 된 가장 큰 이유는 좀 더 제 적성에 맞는 제가 하고자 하고 싶은 일을 하기 위해서입니다. 지금 제가 옮기려는 이 직장은 제가 생각하고 있던 아주 가장 이상적인 직장이고 여기 제가 채용이 된다라면 그 누구보다 열심히 일할 자신이 있습니다. 감사합니다.","wordCount":133},"emotion":[],"intent":[{"text":"","expression":"","category":"attitude"}],"summary":{"text":"저는 회사에서 20여 년간 근무하며 많은 성과를 누렸고 급여도 받으면서 생활할 수 있었습니다. 이직하게 된 가장 큰 이유는 좀 더 제 적성에 맞는 제가 하고자 하고 싶은 일을 하기 위해서입니다. 여기 채용이 된다면 그 누구보다 열심히 일할 자신이 있습니다.","wordCount":39}}},"rawDataInfo":{"question":{"fileFormat":"wav","fileSize":215438,"duration":6730,"samplingBit":16,"channelCount":1,"samplingRate":"16kHz","audioPath":"/Mock/05.ICT/Male/Experienced/ckmk_q_ict_m_e_42884.wav"},"answer":{"fileFormat":"wav","fileSize":2365518,"duration":73920,"samplingBit":16,"channelCount":1,"samplingRate":"16kHz","audioPath":"/Mock/05.ICT/Male/Experienced/ckmk_a_ict_m_e_42884.wav"}}}