{"version":"1.0","dataSet":{"info":{"date":"20230116","occupation":"ICT","channel":"MOCK","place":"ONLINE","gender":"MALE","ageRange":"35-44","experience":"EXPERIENCED"},"question":{"raw":{"text":"지원자께서는 협업을 할 일이 많이 생길 수가 있습니다 그러할 때 이전 직장에서나 대학에서 협업을 할 때 어려웠던 점은 없었는지 궁금합니다","wordCount":20},"emotion":[],"intent":[]},"answer":{"raw":{"text":"예 다른 팀이나 뭐 팀원들과의 그런 협업이 되게 잦게 일어나고 있는데요. 어 협업을 할 때 어쩔 수 없습니다. 사람들은 각자 자기만의 주관이 굉장히 다양하고요. 어 내 생각이 이 에 옳지 않기 때문에 이런 충돌이 발생할 수 밖에 없는 게 아주 자연스러운 현상인 것 같구요. 그 충돌이 발생했을 때는 이 결국에는 커뮤니케이션 오류 이겠죠 뭐 서로 간에 오해가 있을 수도 있고 서로 생각하는 그런 지향점이 다를 수도 있고요. 그런 것들을 조하게 먼저 서로의 미즈를 파악하는 게 가장 큰 소문인 것 같습니다 그래서 어 둘 과 그 절충점을 결국엔 찾아야 되는 건데 저는 보통은 절충점을 제가 제가 먼저 제안하는 편입니다 어 그래서 지 손해보는 장사를 많이 하는 많이 하고 있는 편인데요 저 살아오면서 결국에는 양보만이 그들을 타협적으로 어떤 좋은 타협점을 이끌어 낼 수 있는 가장 큰 키가 아닐까 싶어요 결국엔 양보 양보가 예 결국에는 양보만이 타협점을 이끌어 낼 수 있는 키워드다 라고 생각합니다","wordCount":141},"emotion":[],"intent":[{"text":"","expression":"","category":"attitude"}],"summary":{"text":"다른 팀이나 팀원들과의 협업이 잦지만 제 생각이 옳지 않기 때문에 충돌이 발생할 수밖에 없습니다. 충돌 발생 시 커뮤니케이션 오류로 오해가 있을 수 있고 지향점이 다를 수 있습니다. 둘 과 그 절충점을 결국엔 찾아야 되는데 결국에는 양보가 그들을 타협적으로 좋은 타협점을 이끌어 낼 수 있는 가장 큰 키라고 생각합니다.","wordCount":48}}},"rawDataInfo":{"question":{"fileFormat":"wav","fileSize":527758,"duration":16490,"samplingBit":16,"channelCount":1,"samplingRate":"16kHz","audioPath":"/Mock/05.ICT/Male/Experienced/ckmk_q_ict_m_e_175910.wav"},"answer":{"fileFormat":"wav","fileSize":2625998,"duration":82060,"samplingBit":16,"channelCount":1,"samplingRate":"16kHz","audioPath":"/Mock/05.ICT/Male/Experienced/ckmk_a_ict_m_e_175910.wav"}}}