{"version":"1.0","dataSet":{"info":{"date":"20230116","occupation":"ICT","channel":"MOCK","place":"ONLINE","gender":"MALE","ageRange":"35-44","experience":"EXPERIENCED"},"question":{"raw":{"text":"본인에 장단점을 설명해 주시고 그것을 특화 시키고 극복하기 위한 노력도 함께 말씀해 주시기 바랍니다","wordCount":14},"emotion":[],"intent":[]},"answer":{"raw":{"text":"네 제 어 장점 이자 단점인 것을 말씀드리자면 어 장점은 어 이게 장점이자 단점이 될 수 있는 문제입니다. 그러니까 장점으로 표현을 하자면 추진력이 좋다는 좋다고 볼 수 있습니다. 저는 한 번 이렇게 결심을 하게 되면 큰 고민 없이 일단은 아 실행을 하고 보자 그래서 그 실행을 하고 나오 그 나오는 결과에 따른 그런 위험까지도 제가 감수를 해야 된다고 책임감을 가지고 일단 추진하고 실패는 또 또 다른 성공의 어머니이다 라는 말이 있듯이 실패를 하면 할수록 조금 더 제가 성장할 수 있다고 그 마음가짐을 갖는 편입니다. 하지만 이것이 어 이제 곧 단점이 될 수도 있는데 이 단점으로 다시 표현을 해보자면 어 경솔하다고 말씀드릴 수가 있겠네요. 네 이게 큰 한 어 돌다리도 두들겨 보고 건너라는 말이 또 있듯이 어 하나의 문제를 해결함에 있어서 어 많은 고민을 하고 그리고 아 이런 여러 가지 시나리오를 고민을 해 봐야 되는 게 맞는데 저는 일단 이것을 추진력이라는 이름 하에 먼저 추진을 하는 편이기 때문에 어 결국에는 이런 경솔한 결과를 낳게 되는 그런 경우도 굉장히 많았습니다. 그래서 이것을 이제 특화시키고 어 특화시키기 위해서 아니면 극복하기 위해서 어 어 쪼금 더 어 쪼금 더 고민을 해 보는 그런 습관을 계속 들이고 있습니다.","wordCount":183},"emotion":[],"intent":[{"text":"","expression":"","category":"attitude"}],"summary":{"text":"장점은 추진력이 좋다는 장점이며 단점은 경솔하다고 할 수 있습니다. 하나의 문제를 해결함에 있어서 여러 가지 시나리오를 고민을 해 봐야 되는 게 맞은데 저는 추진력이라는 이름 하에 먼저 추진을 하는 편이기 때문에 결국에는 경솔한 결과를 낳게 되는 경우가 많았습니다. 이것을 특화시키기 위해 또는 극복하기 위해서 고민을 해 보는 습관을 계속 들이고 있습니니다.","wordCount":51}}},"rawDataInfo":{"question":{"fileFormat":"wav","fileSize":346958,"duration":10840,"samplingBit":16,"channelCount":1,"samplingRate":"16kHz","audioPath":"/Mock/05.ICT/Male/Experienced/ckmk_q_ict_m_e_265743.wav"},"answer":{"fileFormat":"wav","fileSize":3231758,"duration":100990,"samplingBit":16,"channelCount":1,"samplingRate":"16kHz","audioPath":"/Mock/05.ICT/Male/Experienced/ckmk_a_ict_m_e_265743.wav"}}}