{"version":"1.0","dataSet":{"info":{"date":"20230116","occupation":"ICT","channel":"MOCK","place":"ONLINE","gender":"MALE","ageRange":"55-","experience":"EXPERIENCED"},"question":{"raw":{"text":"남들과 다른 본인만의 경쟁력이 있다면 설명해 주시고 그 경쟁력을 키우기 위해 어떤 노력을 해 보았는지 그 부분도 함께 말씀해 주세요","wordCount":20},"emotion":[],"intent":[]},"answer":{"raw":{"text":"저는 컴퓨터 공학을 전공을 하고 첫 직장을 아이씨티 관련된 쌍용정보통신에서 근무를 시작을 했습니다. 삼십 여 년간 아이씨티 분야에 상당히 많은 부분을 어 경험치로 쌓고 그 가운데에서도 사업 기획과 기술 기획 그다음에 프로젝트 총괄 사업 총괄 같은 업무를 모두 수행을 했습니다. 특히 분야로 보면 네트워킹 분야 네트워크 보안 분야 지능형 네트워크 서비스 분야 스마트 시티 네트워킹 스마트 시티 아이씨티 어 빅데이타 에이아이 아이오티 어 이런 전반적인 영역에 걸쳐서 삼십 여 년 동안 계속 기술 기획 근무를 하기 위해서 많은 공부를 해 오고 있고 지속적인 공부를 해오고 있습니다. 그를 통해서 사회의 발전상과 미래 사회의 모습들을 준비하고 있고 정부 차원에서도 어떤 방향으로 가고 있는지를 꾸준히 어 학습을 통하고 어 연구 활동을 통해서 그 방향성을 맞추어서 사업을 진행을 해 왔습니다. 그래서 제 경쟁력으로 말하자면 다양한 분야의 어 다양한 그 규모의 회사에서 근무를 한 경험을 토대로 어 상당히 어 유연하게 적용해서 적응할 수 있는 그런 사업 경험을 가지고 있습니다.","wordCount":144},"emotion":[{"text":"저는 컴퓨터 공학을 전공을 하고 첫 직장을 아이씨티 관련된 쌍용정보통신에서 근무를 시작을 했습니다.","expression":"u-fact","category":"neutral"}],"intent":[{"text":"저는 컴퓨터 공학을 전공을 하고 첫 직장을 아이씨티 관련된 쌍용정보통신에서 근무를 시작을 했습니다.","expression":"c_private","category":"background"}],"summary":{"text":"저는 컴퓨터 공학을 전공하고 첫 직장을 아이씨티 관련된 쌍용정보통신에서 근무를 시작 했습니다. 십 여 년간 아이씨티 분야에 상당히 많은 부분을 경험치로 쌓고 그 가운데에서도 사업 기획과 기술 기획 그리고 프로젝트 총괄 같은 업무를 모두 수행했습니다. 그를 통해서 사회의 발전상과 미래 사회의 모습들을 준비하고 있고 정부 차원에서도 그 방향성을 맞추어서 사업을 진행해 왔습니다.","wordCount":52}}},"rawDataInfo":{"question":{"fileFormat":"wav","fileSize":327758,"duration":10240,"samplingBit":16,"channelCount":1,"samplingRate":"16kHz","audioPath":"/Mock/05.ICT/Male/Experienced/ckmk_q_ict_m_e_296591.wav"},"answer":{"fileFormat":"wav","fileSize":3166478,"duration":98950,"samplingBit":16,"channelCount":1,"samplingRate":"16kHz","audioPath":"/Mock/05.ICT/Male/Experienced/ckmk_a_ict_m_e_296591.wav"}}}