{"version":"1.0","dataSet":{"info":{"date":"20230116","occupation":"ICT","channel":"MOCK","place":"ONLINE","gender":"MALE","ageRange":"35-44","experience":"EXPERIENCED"},"question":{"raw":{"text":"이전 직장을 그만둔 특별한 이유가 있나요 만약에 있다면 말씀해 주시고 그리고 현 직장도 같은 이유로 그만둘 가능성이 있을까요","wordCount":18},"emotion":[],"intent":[]},"answer":{"raw":{"text":"어 이전 직장을 그만둔 계기는 어 명료하고 확실합니다. 어 일단 제가 메너리즘에 빠져 있었었던 거고 어 더 이상 그 인제 전 회사가 이제 초 소규모 회사이다 보니까 더 이상의 뭐 제가 미래 가치성이 좀 안 보였던 것 같습니다. 그냥 이 상태로 십 년 이십 년 갈 것 같은 회사였어서 그런 열정 같은 게 사라졌었습니다. 그래서 지금 이직을 생각하게 된 이유도 그런 부분에서 이 회사는 더 쫌 큰 회사이고 앞으로 미래 발전성이 보여서 그런 것들에 있어서 내 꿈을 펼칠 수 있지 않을까 옛날 그 젊었을 때 이십 대에 가졌던 그 열정을 되찾을 수 있지 않을까 싶어서입니다. 일을 지금까지 하면서 느꼈던 것 중에 가 어 내가 자신이 굉장히 막 열정이 넘치고 막 부지런하고 바쁘게 살다 보면은 힘든 것도 있지만 자기 만족애가 또 좋습니다. 그까 그런 것들이 없어지고 난 뒤에부터 몸도 안 좋아지고 정신적으로도 좀 피폐해지는 것 같은 느낌이 들어서 이직을 결심하게 되었습니다. 여기 와서 인제 그런 경험들을 활용해서 현재 이 직장에도 하게 된다면은 아 장기적으로 열심히 해보고 싶습니다. 이상입니다.","wordCount":157},"emotion":[],"intent":[{"text":"","expression":"","category":"attitude"}],"summary":{"text":"이전 직장을 그만둔 계기는 초 소규모 회사여서 미래 가치성이 보이지 않았기 때문입니다. 그래서 이직을 생각하게 된 이유도 그런 부분에서 더 큰 회사이고 미래 발전성이 보여서 제 꿈을 펼칠 수 있지 않을까 생각해서입니다. 일을 하면서 느꼈던 열정과 자기 만족애에 대한 경험을 활용해서 이직을 결심하게 되었습니다. 이상입니다.","wordCount":45}}},"rawDataInfo":{"question":{"fileFormat":"wav","fileSize":499918,"duration":15620,"samplingBit":16,"channelCount":1,"samplingRate":"16kHz","audioPath":"/Mock/05.ICT/Male/Experienced/ckmk_q_ict_m_e_147569.wav"},"answer":{"fileFormat":"wav","fileSize":2708878,"duration":84650,"samplingBit":16,"channelCount":1,"samplingRate":"16kHz","audioPath":"/Mock/05.ICT/Male/Experienced/ckmk_a_ict_m_e_147569.wav"}}}