{"version":"1.0","dataSet":{"info":{"date":"20230116","occupation":"ICT","channel":"MOCK","place":"ONLINE","gender":"MALE","ageRange":"35-44","experience":"EXPERIENCED"},"question":{"raw":{"text":"혹시 이전 직장에서 퇴사한 것을 그 이후에 후회한 적은 없나요 있다면 왜 후회했는지도 말씀해 주세요","wordCount":15},"emotion":[],"intent":[]},"answer":{"raw":{"text":"예 오 년 전에 제가 어 어떤 회사를 그냥 퇴사를 한 적이 있는데요. 어 물론 뭐 이유 없는 퇴사는 아니었지만 그냥 이직이 아니라 그냥 제가 좀 어 번 아웃이라고 해야 되나 좀 스트레스를 많이 받는 상황이라서 좀 쉬자 라고 하면서 퇴사를 했는데 퇴사 후에 딱 이 개월 정도는 굉장히 행복했던 것 같애요. 나 자신을 돌아볼 수 있는 시간을 충분히 가졌지만 이 개월이 넘어가니까 어 이 현실적인 문제에 직면 했습니다. 직면하게 되더라구요. 매월 나가는 고정비는 계속 있는데 인컴은 없어져 버리니 이런 것들을 해결하기 위해서 허덕거리기 시작했고 그리고 이 경제적인 어려움이 닥치니까 이 마음의 여유마저도 없어지면서 어 사람이 제 스스로 스트레스를 많이 받는 그런 상황이 상황이 봉착을 하게 되더라구요. 그래서 그때 그때 기억이 지금 지금 와서는 이제 돌이켜보면 다 이제 추억으로 남아 버린 그런 시절이었지만 그 당시에는 굉장히 퇴사 이 대책 없이 퇴사한 것에 대해서 굉장히 후회를 많이 했었습니다.","wordCount":137},"emotion":[{"text":"예 오 년 전에 제가 어 어떤 회사를 그냥 퇴사를 한 적이 있는데요.","expression":"u-fact","category":"neutral"},{"text":"어 물론 뭐 이유 없는 퇴사는 아니었지만 그냥 이직이 아니라 그냥 제가 좀 어 번 아웃이라고 해야 되나 좀 스트레스를 많이 받는 상황이라서 좀 쉬자 라고 하면서 퇴사를 했는데 퇴사 후에 딱 이 개월 정도는 굉장히 행복했던 것 같애요.","expression":"p-happiness","category":"positive"}],"intent":[{"text":"","expression":"","category":"attitude"}],"summary":{"text":"어떤 회사를 그냥 퇴사를 한 적이 있습니다. 스트레스를 많이 받는 상황이라서 쉬자고 하면서 퇴사를 했는데 이 개월 정도는 나 자신을 돌아볼 수 있는 시간을 가졌지만 현실적인 문제에 직면하게 되었습니다. 경제적인 어려움이 닥치니까 마음의 여유마저도 없어지면서 굉장히 후회를 많이 했었습니다.","wordCount":39}}},"rawDataInfo":{"question":{"fileFormat":"wav","fileSize":326798,"duration":10210,"samplingBit":16,"channelCount":1,"samplingRate":"16kHz","audioPath":"/Mock/05.ICT/Male/Experienced/ckmk_q_ict_m_e_230147.wav"},"answer":{"fileFormat":"wav","fileSize":2654798,"duration":82960,"samplingBit":16,"channelCount":1,"samplingRate":"16kHz","audioPath":"/Mock/05.ICT/Male/Experienced/ckmk_a_ict_m_e_230147.wav"}}}