{"version":"1.0","dataSet":{"info":{"date":"20230116","occupation":"ICT","channel":"MOCK","place":"ONLINE","gender":"MALE","ageRange":"35-44","experience":"EXPERIENCED"},"question":{"raw":{"text":"만약에 어 고객님께서 우리 회사가 제작한 홈페이지 화면이 로딩 속도가 느리다는 어 요청이 왔습니다 어떻게 해결할 것입니까","wordCount":17},"emotion":[],"intent":[]},"answer":{"raw":{"text":"예 고객 민원을 받게 되면은 가장 먼저 그 민원인의 니즈를 정확하게 파악하는 것이 맞 급선무입니다. 그런데 이 민원의 종류가 홈페이지 화면에 로딩 속도가 느리다 라는 거는 어 일단 고객에게 로딩 속도가 느리다 느려 느려서 죄송하다 알겠죠 저희가 서비스를 원활하게 제공 드리지 못해서 죄송하다 라는 사과를 먼저 한 후 그래야지 사과가 있어야지만 그 고객이 좀 자기가 그 제기한 컴플레인에 대해서 보상을 받는 느낌이 있을 거기 때문에 일단 사과가 급선무고요. 그리고 사과에 뒤 이어서 어 어떻게 제가 처리를 할 건지를 고객에게 정확하게 정확하게는 못하더라도 좀 그 러프하게는 이 설명을 드려야 될 것 같은데 그 러프함은 뭐 거기 저희의 그 홈페이지에 접속의 트래픽이 아 그 좀 과하지 않은지 그리고 어떤 코딩이 잘못이 잘못돼서 로딩할 때 어떤 다른 쓰레기 값들이 함께 로딩되지 않는지 그런 것들을 정확하게 분석해 보겠습니다 요런 식의 솔루션을 고객한테 제공함으로써 조금 더 고객의 그런 어 좀 올라온 그런 감정 좀 없어 그 올라온 감정들을 좀 더 누그러뜨리는 게 맞을 것 같습니다.","wordCount":150},"emotion":[],"intent":[{"text":"","expression":"","category":"attitude"}],"summary":{"text":"고객 민원을 받으면 가장 먼저 민원인의 니즈를 정확히 파악해야 합니다. 민원의 종류에 따라 사과를 먼저 한 뒤, 컴플레인에 대해 보상을 받는 느낌이 들기 때문에 사과가 급선무입니다. 그리고 처리에 대해서는 트래픽의 과한지, 코딩의 잘못돼서 로딩할 때 어떤 쓰레기 값들이 함께 도딩되지 않는지 분석하겠습니다 라는 식으로 솔루션을 고객한테 제공합니다.","wordCount":47}}},"rawDataInfo":{"question":{"fileFormat":"wav","fileSize":632398,"duration":19760,"samplingBit":16,"channelCount":1,"samplingRate":"16kHz","audioPath":"/Mock/05.ICT/Male/Experienced/ckmk_q_ict_m_e_230148.wav"},"answer":{"fileFormat":"wav","fileSize":2777038,"duration":86780,"samplingBit":16,"channelCount":1,"samplingRate":"16kHz","audioPath":"/Mock/05.ICT/Male/Experienced/ckmk_a_ict_m_e_230148.wav"}}}