{"version":"1.0","dataSet":{"info":{"date":"20230116","occupation":"ICT","channel":"MOCK","place":"ONLINE","gender":"MALE","ageRange":"35-44","experience":"EXPERIENCED"},"question":{"raw":{"text":"직무 지식 역량 태도 이 세 가지 요소 중 본인이 가장 중요하다고 생각하는 것과 그 이유를 함께 말씀해 주세요","wordCount":19},"emotion":[],"intent":[]},"answer":{"raw":{"text":"네 아 직무 지식 역량 태도 이 세 가지가 당연히 모두 다 중요하다고 보는데요. 이 중에서 가장 중요하다고 생각하는 거 하나만 뽑자면 저는 역량이라고 봅니다. 아 이제 역량은 굉장히 광범위하고요. 이 사람의 이 잠재력을 잠재력을 곧 잠재력이 곧 역량이기 때문에 이 사람이 이 조직에서 어느 정도로 발전할 수 있는지 그리고 이 조직 원들에게 어 어느 정도 좋은 그 그 영향을 줄 수 있는지를 모두 포함하고 있는 것이 바로 역량이라고 생각하고요. 역량이 좋은 사람은 물론 퍼포먼스도 좋을 것이고 그리고 이 조직원의 일원이 됨으로써 그 조직원의 분위기를 이끌 수도 있는 거고 이 조직이 좀 더 좋은 쪽으로 나아갈 수 있도록 어 그런 좋은 좋은 동료 또 좋은 팀원 좋은 구성원이 될 수 있게끔 한 할 수 있는 모든 부분을 다 역량에는 이 사람의 역량이 다 커버하고 있다고 생각하고 있습니다.","wordCount":127},"emotion":[],"intent":[{"text":"","expression":"","category":"attitude"}],"summary":{"text":"직무 지식 역량 태도 이 세 가지가 모두 다 중요하다고 봅니다. 이 중에서 가장 중요하다고 생각하는 것은 역량이라고 봅니다. 역량은 굉장히 광범위하고 이 사람의 잠재력을 이 조직에서 어느 정도로 발전할 수 있는지 그리고 이 조직 원들에게 어느 정도 좋은 영향을 줄 수 있는지를 모두 포함하고 있습니다.","wordCount":46}}},"rawDataInfo":{"question":{"fileFormat":"wav","fileSize":381518,"duration":11920,"samplingBit":16,"channelCount":1,"samplingRate":"16kHz","audioPath":"/Mock/05.ICT/Male/Experienced/ckmk_q_ict_m_e_218132.wav"},"answer":{"fileFormat":"wav","fileSize":2268878,"duration":70900,"samplingBit":16,"channelCount":1,"samplingRate":"16kHz","audioPath":"/Mock/05.ICT/Male/Experienced/ckmk_a_ict_m_e_218132.wav"}}}