{"version":"1.0","dataSet":{"info":{"date":"20230116","occupation":"ICT","channel":"MOCK","place":"ONLINE","gender":"MALE","ageRange":"-34","experience":"EXPERIENCED"},"question":{"raw":{"text":"만약 타 부서와 갈등 상황이 발생한다면 지원자님께서는 어떻게 해결하실 것인가요 상황을 가정하고 해결법을 말씀해 주시길 바랍니다","wordCount":16},"emotion":[],"intent":[]},"answer":{"raw":{"text":"제일 먼저 중요한 것은 불씨를 키우면 안 된다는 겁니다. 타 부서와의 갈등이 생겨서 생겼을 때 해결하는 방법은 일단 그 문제만 보는 거예요. 건 바 건 그 문제의 사안만이 중요한 것이지 이것이 뭔가 도화선이 되어서 예전에 있었던 일 앞으로도 있을 일어나지도 않을 일에 대한 걱정에 대한 어떤 항의 이런 것들이 쌓이게 되면은 불화의 본질은 우리가 볼 수가 없어요. 그런데 그런 것이 저는 인간의 한계라고 생각을 하거든요. 인간은 벌어지지 않은 일에 대해서 그렇게 얘기를 하게 되고 과거에 집착하는 경향 옛날에 이랬잖아 옛날에 저랬잖아 라는 그런 어떤 과거에 집착하는 경향을 벌이고 이 문제가 발생했으면 그 문제만 봐야 돼요. 그 문제가 왜 문제가 됐는지 당사자와 당사자 그것만 봐야지 그 문제를 절대 확대 해석하는 것을 경계해야 돼요. 불필요한 논쟁들과 어떤 불필요한 뉴스들이 자세히 보면 다 일어나지도 않을 일 문제를 확대 해석하느라고 그렇게 다 벌어지는 일들이 많습니다.","wordCount":131},"emotion":[],"intent":[{"text":"","expression":"","category":"attitude"}],"summary":{"text":"타 부서와 갈등 발생 시 해결 방법은 그 문제만 보는 것입니다. 그 문제의 사안만이 중요합니다. 인간의 한계로, 벌어지지 않은 일에 대해 이야기 하게 되고 과거에 집착하는 경향이 생깁니다. 그 문제를 확대 해석하는 것을 경계해야 합니다.","wordCount":35}}},"rawDataInfo":{"question":{"fileFormat":"wav","fileSize":420878,"duration":13150,"samplingBit":16,"channelCount":1,"samplingRate":"16kHz","audioPath":"/Mock/05.ICT/Male/Experienced/ckmk_q_ict_m_e_200083.wav"},"answer":{"fileFormat":"wav","fileSize":2889678,"duration":90300,"samplingBit":16,"channelCount":1,"samplingRate":"16kHz","audioPath":"/Mock/05.ICT/Male/Experienced/ckmk_a_ict_m_e_200083.wav"}}}