{"version":"1.0","dataSet":{"info":{"date":"20230116","occupation":"ICT","channel":"MOCK","place":"ONLINE","gender":"MALE","ageRange":"45-54","experience":"EXPERIENCED"},"question":{"raw":{"text":"일을 하다 보면 업무량이 과도하게 많아질 수도 있는데 그럴 때에도 잘 버틸 수 있는 자신이 있으신가요","wordCount":16},"emotion":[],"intent":[]},"answer":{"raw":{"text":"저에게 있어서 버틴다는 표현은 버틴다 라는 단어는 저에게 의미가 없습니다. 왜냐하면 저는 주어진 모든 상황들을 다 기꺼이 해냅니다. 해낸다는 개념이 저한테는 장착이 되어 있지 버틴다 버틴다 라는 개념은 이것이 내가 하기 힘듦에도 불구하고 내가 거기에 서서 억지로 버티고 있다 라는 느낌을 주는 단어가 버틴다 라는 단어인 것 같습니다. 하지만 질문하셨던 것처럼 업무량이 과도하게 되어 진다면 저는 그것을 버티는 게 아니라 기꺼이 해낸다 많은 업무량들을 빨리 정확하게 기꺼이 해낸다 라는 개념이 저에게 장착되어 있기 때문에 버틴다 라는 말은 저에게는 성립이 되지 않습니다.","wordCount":81},"emotion":[],"intent":[{"text":"","expression":"","category":"attitude"}],"summary":{"text":"업무량이 과도하게 되어 진다면 그것을 버티는 게 아니라 기꺼이 해낸다 라는 개념이 장착되어 있기 때문에 버틴다는 표현은 의미가 없습니다.","wordCount":19}}},"rawDataInfo":{"question":{"fileFormat":"wav","fileSize":261198,"duration":8160,"samplingBit":16,"channelCount":1,"samplingRate":"16kHz","audioPath":"/Mock/05.ICT/Male/Experienced/ckmk_q_ict_m_e_205795.wav"},"answer":{"fileFormat":"wav","fileSize":2131278,"duration":66600,"samplingBit":16,"channelCount":1,"samplingRate":"16kHz","audioPath":"/Mock/05.ICT/Male/Experienced/ckmk_a_ict_m_e_205795.wav"}}}