{"version":"1.0","dataSet":{"info":{"date":"20230116","occupation":"ICT","channel":"MOCK","place":"ONLINE","gender":"MALE","ageRange":"-34","experience":"EXPERIENCED"},"question":{"raw":{"text":"본인의 의견이 아닌 지원자님의 다른 주변 사람들이 생각하는 지원자님의 장점과 단점을 모두 말씀해 주실 수 있으실까요","wordCount":16},"emotion":[],"intent":[]},"answer":{"raw":{"text":"주변 사람들이 저에게 항상 하는 말이 있습니다. 하면 잘하고 몰입하면 잘한다. 이것은 굉장히 큰 단점이 될 수도 있고 장점이 될 수도 있습니다. 단점인 경우 몰입을 하지 못하였을 때 혹은 스스로 납득을 하지 못하여 몰입이 되지 않을 때 업무의 효율이 매우 떨어진다는 점입니다. 하지만 동료들과의 충분한 의사소통으로 업무의 타당성 업무의 필요성을 느끼게 되고 이는 저의 몰입으로 들어가게 됩니다. 몰입된 상태에서의 저의 역량은 백 프로 아니 백 이십 프로 그 이상 발휘하게 됩니다. 굉장히 빠르게 지식을 습득하고 데이터를 처리합니다. 그리하여 나온 결과물을 또 신나게 동료들과 공유하며 피드백을 받습니다. 이러한 몰입의 상태 저만의 존으로 들어가는데 큰 에너지가 필요하고 이 에너지가 필요한 부분이 저의 단점과 장점입니다.","wordCount":102},"emotion":[],"intent":[{"text":"","expression":"","category":"attitude"}],"summary":{"text":"업무 효율의 단점은 동료들과의 의사소통으로 타당성 업무의 필요성을 느끼게 되고 이는 몰입으로 들어가게 됩니다. 몰입된 상태에서의 저는 굉장히 빠르게 지식을 습득하고 데이터를 처리합니다. 이러한 몰입의 상태 저만의 존으로 들어가는데 큰 에너지가 필요한 부분이 저의 단점과 장점입니다.","wordCount":36}}},"rawDataInfo":{"question":{"fileFormat":"wav","fileSize":396238,"duration":12380,"samplingBit":16,"channelCount":1,"samplingRate":"16kHz","audioPath":"/Mock/05.ICT/Male/Experienced/ckmk_q_ict_m_e_249212.wav"},"answer":{"fileFormat":"wav","fileSize":3789518,"duration":118420,"samplingBit":16,"channelCount":1,"samplingRate":"16kHz","audioPath":"/Mock/05.ICT/Male/Experienced/ckmk_a_ict_m_e_249212.wav"}}}