{"version":"1.0","dataSet":{"info":{"date":"20230116","occupation":"ICT","channel":"MOCK","place":"ONLINE","gender":"MALE","ageRange":"55-","experience":"EXPERIENCED"},"question":{"raw":{"text":"만약 지원자님께서 우리 회사에 들어오게 된다면 어떠한 업무를 하고 싶으신지 이유와 함께 설명해 주시기 바랍니다","wordCount":15},"emotion":[],"intent":[]},"answer":{"raw":{"text":"어 입사를 하게 되면 저는 그 기술 기획 사업 기획 관련된 업무를 해보고 싶습니다. 어 직장생활 초기 또 사회생활 초기부터 기술에 관련된 궁금증 또 어 미래 사회에 에 대한 어떤 어 변화에 대한 대응 이런 부분들이 궁금증이 있었고 또 그런 부분들에 대해 어 준비하면서 나아갈 수 있는 것이 어 기본이 다 기본이 되어야 한다 라고 생각을 많이 하였었었기 때문에 어 제 업무도 기술를 분석하고 트렌드를 분석해서 우리 회사의 역량과 할 수 있는 영역들을 어 매칭을 한 후 어 당사에 도움이 되고 사업 지원 또는 어 신사업 기획에 어 필요한 사항들을 어 정리하고 실제로 액팅을 해 가면서 사업을 추진했던 어 그런 경력들이 좀 많고 또 신사업에 대한 어 궁금증과 재미가 많아서 저는 어 기획 분야 신사업 분야 전략 기획 쪽 어 관련된 업무를 해보고 싶습니다.","wordCount":124},"emotion":[{"text":"라고 생각을 많이 하였었었기 때문에 어 제 업무도 기술를 분석하고 트렌드를 분석해서 우리 회사의 역량과 할 수 있는 영역들을 어 매칭을 한 후 어 당사에 도움이 되고 사업 지원 또는 어 신사업 기획에 어 필요한 사항들을 어 정리하고 실제로 액팅을 해 가면서 사업을 추진했던 어 그런 경력들이 좀 많고 또 신사업에 대한 어 궁금증과 재미가 많아서 저는 어 기획 분야 신사업 분야 전략 기획 쪽 어 관련된 업무를 해보고 싶습니다.","expression":"p-interest","category":"positive"}],"intent":[{"text":"","expression":"","category":"attitude"}],"summary":{"text":"입사 후 기술 기획 사업 기획과 관련된 업무를 해보고 싶습니다. 기술, 사회 변화에 대한 대응, 기술 분석과 트렌드 분석을 통해 회사 역량과 할 수 있는 영역들을 매칭하고 사업 지원이나 신사업 기획에 필요한 사항들을 정리하는 등의 업무를 해 보고 싶었습니다.","wordCount":39}}},"rawDataInfo":{"question":{"fileFormat":"wav","fileSize":316238,"duration":9880,"samplingBit":16,"channelCount":1,"samplingRate":"16kHz","audioPath":"/Mock/05.ICT/Male/Experienced/ckmk_q_ict_m_e_285347.wav"},"answer":{"fileFormat":"wav","fileSize":2413518,"duration":75420,"samplingBit":16,"channelCount":1,"samplingRate":"16kHz","audioPath":"/Mock/05.ICT/Male/Experienced/ckmk_a_ict_m_e_285347.wav"}}}