{"version":"1.0","dataSet":{"info":{"date":"20230116","occupation":"ICT","channel":"MOCK","place":"ONLINE","gender":"MALE","ageRange":"55-","experience":"EXPERIENCED"},"question":{"raw":{"text":"지원자님께서 가장 자신 있는 기술 분야가 어떻게 되십니까 딱 한 가지만 골라서 말씀해 주세요","wordCount":14},"emotion":[],"intent":[]},"answer":{"raw":{"text":"한 가지만 꼽으라면 네트웍 인터네트워킹 네트워크 보안과 관련된 인프라 영역의 기술 분야가 강점입니다. 그 이유는 제가 초창기 때 기술 기획 업무를 담당을 할 때부터 십 여 년 가까이 인프라 분야에서 기획부터 설계 구축 운영 유지 관리 업그레이드까지 모든 비즈니스 영역에서 사이클을 다 경험을 하였고 추진을 주도적으로 했던 경험이 있습니다. 요즘 같이 인터넷을 누구나 편리하게 개인화되고 가정에서도 손쉽게 쓸 수 있는 환경이 되기까지 저와 같은 사람들이 이십 년 전 삼십 년 전에 상당히 오랜 시간을 투입하여서 구축을 한 그 결과물을 이용을 하고 계시는 부분입니다. 그를 통해서 저희들은 이 나라의 정보 고속도로를 까는데 일익을 담당하였고 그를 토대로 우리나라가 정보화 선진국에 이르는데 크게 기여했다고 생각을 하고 자부심을 가지고 있습니다.","wordCount":106},"emotion":[],"intent":[{"text":"한 가지만 꼽으라면 네트웍 인터네트워킹 네트워크 보안과 관련된 인프라 영역의 기술 분야가 강점입니다.","expression":"i_tech_orien","category":"attitude"}],"summary":{"text":"네트웍 인터네트워킹 네트워크 보안과 관련된 인프라 영역의 기술 분야가 강점입니다. 이를 통해 이 나라의 정보 고속도로를 깐 것을 토대로 우리나라가 정보화 선진국에 이르는데 크게 기여했다고 생각하며 자부심을 가지고 있습니다.","wordCount":29}}},"rawDataInfo":{"question":{"fileFormat":"wav","fileSize":270158,"duration":8440,"samplingBit":16,"channelCount":1,"samplingRate":"16kHz","audioPath":"/Mock/05.ICT/Male/Experienced/ckmk_q_ict_m_e_296584.wav"},"answer":{"fileFormat":"wav","fileSize":2493518,"duration":77920,"samplingBit":16,"channelCount":1,"samplingRate":"16kHz","audioPath":"/Mock/05.ICT/Male/Experienced/ckmk_a_ict_m_e_296584.wav"}}}