{"version":"1.0","dataSet":{"info":{"date":"20230116","occupation":"ICT","channel":"MOCK","place":"ONLINE","gender":"MALE","ageRange":"-34","experience":"EXPERIENCED"},"question":{"raw":{"text":"지원자의 목표는 무엇인가요 전문가로서 지원자가 생각하고 계시는 경력 경로에 대해서 말씀해 주시기 바랍니다","wordCount":13},"emotion":[],"intent":[]},"answer":{"raw":{"text":"제 스스로 전문가로서 자부심을 가지고 저만의 무리를 예리하게 갈고 닦아 언제나 쓸 수 있는 상태로 준비해 둬야 된다고 생각합니다. 무엇보다 예리하게 제 자신을 준비한다는 점은 새로 나오는 기술들의 스펙과 활용 방안을 면밀히 검토하여 현재 제가 가진 기술에 안주하는 것이 아닌 제 기술과 새로 나온 기술의 비교 혹은 융합을 통해 더 나은 제 자신의 역량을 쌓는 것입니다. 또한 매일 체력을 관리하기 위해 운동을 합니다. 체력은 무엇보다 즉 건강이 중요합니다. 제 자신이 몰두하고 싶은 일을 발견하였을 때 집중하기 위해서는 저의 건강이 뒷받침 돼야하기 때문입니다. 이에 더해 명확한 목표 의식을 가지고 있고자 노력합니다.","wordCount":90},"emotion":[],"intent":[{"text":"","expression":"","category":"attitude"}],"summary":{"text":"전문가로서 자부심을 가지고 항상 쓸 수 있는 상태로 준비해 둬야 한다고 생각합니다. 새로 나오는 기술들의 스펙과 활용 방안을 면밀히 검토하여 제 기술과 새로 나온 기술의 비교 혹은 융합을 통해 더 나은 자신의 역량을 쌓는 것입니다.","wordCount":35}}},"rawDataInfo":{"question":{"fileFormat":"wav","fileSize":404558,"duration":12640,"samplingBit":16,"channelCount":1,"samplingRate":"16kHz","audioPath":"/Mock/05.ICT/Male/Experienced/ckmk_q_ict_m_e_245628.wav"},"answer":{"fileFormat":"wav","fileSize":3723598,"duration":116360,"samplingBit":16,"channelCount":1,"samplingRate":"16kHz","audioPath":"/Mock/05.ICT/Male/Experienced/ckmk_a_ict_m_e_245628.wav"}}}