{"version":"1.0","dataSet":{"info":{"date":"20230116","occupation":"ICT","channel":"MOCK","place":"ONLINE","gender":"MALE","ageRange":"35-44","experience":"EXPERIENCED"},"question":{"raw":{"text":"업무를 수행하다 보면 상사와 트러블이 생길 수 있는데 어떻게 하시겠습니까 또 상사가 혼내면 기분이 나쁘시지는 않을까요","wordCount":16},"emotion":[],"intent":[]},"answer":{"raw":{"text":"예 근무를 함에 있어서 어 동료나 또는 상사와의 트러블이 생기는 것이 매우 자연스러운 일이라고 생각합니다. 어 누구나 사람마다 다 각자의 나 각자의 의견과 개성 그리고 사람을 대하는 방식이 뭐 다르기 때문에 당연히 트러블이 생길 수밖에 없구요. 저는 상사와의 트러블이 생겼을 때는 일단 경청을 먼저 합니다. 어 상사가 어 어떤 그런 감정이 상했다는 데는 분명히 이유가 있을 것이고요. 그 이유가 어떤 건지 다 경청을 해보고 그 그리고 저의 의견을 어 어필을 할 텐데 완전히 상반된 의견이라도 우리 의견이라 의견이라도 어 그거를 그냥 함구하고 있지 않고 어찌 됐든 간에 저 의사 표현을 확실하게 해야 하는 것이 중요하다고 생각합니다. 또한 상사가 혼을 냈다 그걸로 당연히 인간이기 때문에 집은 나쁠 수 있습니다. 기분 나쁠 수 있지만 또한 그 집은 나쁜 것을 어 감정 컨트롤 하지 못해서 어 어 티를 낸다는 것은 어 이 사회 생활을 함에 있어서 오 아 큰 부족한 부분이지 않을까 그래서 자신의 그 감정을 어 숨기는 것 또한 사회에 직장 생활을 하면서 가장 상당히 필요한 덕목이라고 생각합니다.","wordCount":156},"emotion":[],"intent":[{"text":"","expression":"","category":"attitude"}],"summary":{"text":"상사와의 트러블이 생겼을 때는 일단 경청을 먼저 합니다. 상사가 감정이 상했다는 것은 분명히 이유가 있을 것이고, 제 의견을 어필을 할 텐데 완전히 상반된 의견이라도 함구하고 있지 않고 의사 표현을 확실히 하는 것이 중요합니다. 또한 상사가 혼을 냈을 때 기분 나쁠 수 있지만, 그 감정을 숨기는 것 또한 중요합니다.","wordCount":48}}},"rawDataInfo":{"question":{"fileFormat":"wav","fileSize":371278,"duration":11600,"samplingBit":16,"channelCount":1,"samplingRate":"16kHz","audioPath":"/Mock/05.ICT/Male/Experienced/ckmk_q_ict_m_e_218123.wav"},"answer":{"fileFormat":"wav","fileSize":2750158,"duration":85940,"samplingBit":16,"channelCount":1,"samplingRate":"16kHz","audioPath":"/Mock/05.ICT/Male/Experienced/ckmk_a_ict_m_e_218123.wav"}}}