{"version":"1.0","dataSet":{"info":{"date":"20230116","occupation":"ICT","channel":"MOCK","place":"ONLINE","gender":"MALE","ageRange":"55-","experience":"EXPERIENCED"},"question":{"raw":{"text":"만약 일을 하던 도중 팀원과 불화가 생기게 된다면 어떻게 해결하실지 궁금합니다 면접자님의 해결법과 그 이유에 대해서 말씀해 주세요","wordCount":18},"emotion":[],"intent":[]},"answer":{"raw":{"text":"불화가 생긴다는 것은 생각이 맞지 않아서 발생하는 것이 맞습니다. 그 생각이 다르다는 것만으로 불화가 생기지는 않고 그 자기들의 생각을 어필하고 소통함에 있어서 소통이 잘 안 되는 구조가 더 많이 나타나게 됩니다. 그래서 저 같은 경우는 불화가 생기기 전에 많이 소통을 하고 팀원들과 스킨십을 통해서 이것들을 사전에 예방하는 쪽으로 심혈을 기울이고 있습니다. 어쩔 수 없이 불화가 생긴다면 나의 문제일 수도 있고 상대방의 문제일 수도 있습니다. 적극적으로 대화와 소통을 통해서 불화가 생긴 원인이 무엇인지 어 경험치로 보면 대체적으로는 처음 말씀드린 것처럼 생각과 의견의 차이가 큽니다. 그 생각과 의견을 경청해 주고 잘 들어줌으로써 수용할 부분들은 다시 수용할 수 있는 부분이 있는지 아닌 부분은 분명하게 아닌 부분은 무엇이 있는지를 정확하게 분석하고 설명을 해서 아 함께 공통된 방향의 결과물을 도출해 내는 것이 중요한 것 같습니다.","wordCount":120},"emotion":[],"intent":[{"text":"","expression":"","category":"attitude"}],"summary":{"text":"생각이 다르다는 것만으로 불화가 생기지는 않고, 자신들의 생각을 어필하고 소통함에 있어서 소통이 잘 안 되는 구조가 더 많이 나타납니다. 그래서 저는 불화가 생기기 전에 많이 소통을 하고 팀원들과 스킨십을 통해서 이것들을 사전에 예방하는 쪽으로 심혈을 기울이고 있습니다.","wordCount":37}}},"rawDataInfo":{"question":{"fileFormat":"wav","fileSize":350478,"duration":10950,"samplingBit":16,"channelCount":1,"samplingRate":"16kHz","audioPath":"/Mock/05.ICT/Male/Experienced/ckmk_q_ict_m_e_295820.wav"},"answer":{"fileFormat":"wav","fileSize":2927438,"duration":91480,"samplingBit":16,"channelCount":1,"samplingRate":"16kHz","audioPath":"/Mock/05.ICT/Male/Experienced/ckmk_a_ict_m_e_295820.wav"}}}