{"version":"1.0","dataSet":{"info":{"date":"20230116","occupation":"ICT","channel":"MOCK","place":"ONLINE","gender":"MALE","ageRange":"35-44","experience":"EXPERIENCED"},"question":{"raw":{"text":"다양한 커뮤니케이션을 경험해 봤을 텐데 그 중 가장 어려웠던 경험 한 가지를 말씀해 주세요","wordCount":14},"emotion":[],"intent":[]},"answer":{"raw":{"text":"가장 어려웠던 커뮤니케이션은 바로 부정적인 사람들과 회의적인 생각을 가진 사람들입니다. 예를 들어 이러 이러한 프로젝트를 육 개월 안에 맞추면 좋을 것 같습니다. 여러분들은 이렇게 이렇게 도와주시면 됩니다 라고 하면 부정적인 사람들 또는 회의적인 사람들은 이거 안 될 것 같은데요 이거 이렇게 하면 저희만 손해보는 것 아닌가요 이거 해봤는데 안 됩니다 아무리 해도 안 되는 걸 뭐하러 또 합니까 라고 얘기하는 사람들이 많습니다. 그런데 실제적으로 어떤 업무는 부정적인 사람 때문에 이루지 못하는 성과가 훨씬 많다라는 통계가 있습니다. 즉 다시 말해서 백 퍼센트의 성과를 갖지 못하더라도 칠십 퍼센트의 성과를 이루려면 긍정적인 사람들과 해야 하는데 부정적인 사람들과 하다보면 이 이건 이래서 안되고 저건 저래서 안되고 이건 너무 바쁘고 여러 가지의 다양한 핑계와 부정적인 시각을 내비쳐서 결국 부정적인 시각은 옆에 있는 다른 긍정적인 고 열심히 하려는 사람들까지도 물들게 만듭니다. 그래서 어 그림 근묵자국이라고 어 묵은 검은 것과 비슷하게 물들지 말라는 얘기가 있습니다. 가장 어려웠던 사람들은 역시 부정적이고 회의적이었던 사람들이었던 것 같습니다.","wordCount":147},"emotion":[],"intent":[{"text":"","expression":"","category":"attitude"}],"summary":{"text":"부정적이고 회의적인 생각을 가진 사람들은 프로젝트 진행에 있어 어려움을 겪습니다. 실제로 부정적인 사람과 일하면 부정적인 시각은 옆에 있는 다른 긍정적인 사람까지도 물들게 만집니다. 그래서 그림 근묵자국이라고 묵은 검은 것과 비슷하게 물들게 만든다는 얘기가 있습니다. 가장 어려웠던 커뮤니케이션은 바로 이러한 사람들입니다.","wordCount":40}}},"rawDataInfo":{"question":{"fileFormat":"wav","fileSize":341198,"duration":10660,"samplingBit":16,"channelCount":1,"samplingRate":"16kHz","audioPath":"/Mock/05.ICT/Male/Experienced/ckmk_q_ict_m_e_165215.wav"},"answer":{"fileFormat":"wav","fileSize":2522318,"duration":78820,"samplingBit":16,"channelCount":1,"samplingRate":"16kHz","audioPath":"/Mock/05.ICT/Male/Experienced/ckmk_a_ict_m_e_165215.wav"}}}