{"version":"1.0","dataSet":{"info":{"date":"20230116","occupation":"ICT","channel":"MOCK","place":"ONLINE","gender":"MALE","ageRange":"35-44","experience":"EXPERIENCED"},"question":{"raw":{"text":"그동안 여러 회사도 다니시고 아니면 조직에서도 있었던 걸로 알고 있는데요 그 안에서 면접자 본인께서는 어떤 역할을 했는지 궁금하구요 그리고 가장 큰 역할은 무엇이었습니까","wordCount":23},"emotion":[],"intent":[]},"answer":{"raw":{"text":"어 제가 지금까지 인제 지내온 인생에 대해서 말씀을 드리면 답변이 될 수 있을 것 같은데 어 군 생활을 했을 때도 간부 생활을 하다 보니까 이제 중간 관리자의 역할을 많이 했었고 이제 완전 리더자는 아니지만 어 중간에서 해줘야 할 중간 리더자 역할을 많이 했었던 것 같습니다. 이제 그러다 보니까 그런데 경험이 많이 쌓이다 보니까 그런 상급자가 무엇을 원하는지 어 또 하급자 또 직원들이 무슨 생각을 하는지를 좀 캐치를 빨리 하는 것 같습니다. 그래서 제일 좋은 방법은 상급자가 리더자가 오너가 무엇을 원하는지 나는 이쪽 어느 방향으로 가고 싶 가고 싶은지만 빨리 캐치하면은 아랫 사람들도 더 이상 괴롭힐 필요가 없습니다. 그 흐름만 중간 관리자가 빨리 캐치하게 되면은 그 부분에 대해서 그쪽 길로 한 방향으로 갈 수 있게끔 조력자의 역할이 되는 거기 때문에 그 역할을 주로 해왔고 어 지금도 제가 지원한 그 그런 자리도 지금 지원한 계기가 되는데 그런 경험과 노하우들을 많이 사용해서 또 하나의 어 그런 쇼크를 극대화하고 싶습니다. 네 이상입니다.","wordCount":148},"emotion":[],"intent":[{"text":"","expression":"","category":"attitude"}],"summary":{"text":"상급자가 리더자가 오너가 무엇을 원하는지 빨리 캐치하면은 아랫 사람들을 괴롭힐 필요가 없습니다. 그 흐름만 중간 관리자가 빨리 캐치하게 되면은 그 부분에 대해서 쪽 길로 한 방향으로 갈 수 있도록 조력자의 역할이 되기 때문에 그 역할을 주로 해왔습니다.","wordCount":37}}},"rawDataInfo":{"question":{"fileFormat":"wav","fileSize":647758,"duration":20240,"samplingBit":16,"channelCount":1,"samplingRate":"16kHz","audioPath":"/Mock/05.ICT/Male/Experienced/ckmk_q_ict_m_e_140102.wav"},"answer":{"fileFormat":"wav","fileSize":2704718,"duration":84520,"samplingBit":16,"channelCount":1,"samplingRate":"16kHz","audioPath":"/Mock/05.ICT/Male/Experienced/ckmk_a_ict_m_e_140102.wav"}}}