{"version":"1.0","dataSet":{"info":{"date":"20230116","occupation":"ICT","channel":"MOCK","place":"ONLINE","gender":"MALE","ageRange":"35-44","experience":"EXPERIENCED"},"question":{"raw":{"text":"지원자님께서 만약 일을 하던 중 팀원과 불화가 생긴다면 지원자님은 어떻게 해결하시겠습니까 해결법과 그 이유를 함께 말씀해 주시겠습니까","wordCount":17},"emotion":[],"intent":[]},"answer":{"raw":{"text":"모든 일을 하다 보면 팀원 부서원 구성원들과의 불안은 피할 수 없는 요소들입니다. 그럴 때마다 힘들어 할 것이 아니라 과연 어떤 부분이 잘못 됐는지에 대한 문제점을 먼저 파악해야 됩니다. 예를 들어 팀원이 어떤 업무를 좀 못하거나 아니면 제가 업무를 못해서 그 사람이 저한테 불만을 가졌다면 이 불만을 해결할 수 있는 합의점을 찾을 것입니다. 또는 그 사람이 저와의 관계가 안 좋거나 또는 저와의 공감대가 형성이 되지 않았다면 먼저 밥을 함께 하던 아니면 커피를 함께 마시던 아니면 일반적인 주제를 통해서 라포를 형성하게 될 것입니다. 라포라는 것은 심리학에서 말하는 공감대를 뜻하고 공감대가 통하게 되면 서로는 안 되는 것도 조금씩 이해하는 게 사람의 기질입니다. 그러면 현재 가지고 있는 문제점은 거의 구십 퍼센트가 해결이 되고 만약에 이 팀원이 완전 외골수이거나 남들과 소통이 되지 않는 사람이라 누군가 와도 항상 불화가 생기는 사람이라면 팀 매니저나 부서장 또는 본부장에게 요청해서 이 사람과는 일을 못하겠으니 제가 조금 더 일을 할 테니 신입사원 또는 다른 부서 다른 직원들을 붙여주시길 간곡히 부탁드립니다 라고 요청을 하게 될 것 같습니다.","wordCount":156},"emotion":[],"intent":[{"text":"예를 들어 팀원이 어떤 업무를 좀 못하거나 아니면 제가 업무를 못해서 그 사람이 저한테 불만을 가졌다면 이 불만을 해결할 수 있는 합의점을 찾을 것입니다.","expression":"c_confl_mg","category":"personality"},{"text":"또는 그 사람이 저와의 관계가 안 좋거나 또는 저와의 공감대가 형성이 되지 않았다면 먼저   밥을 함께 하던 아니면 커피를 함께 마시던 아니면 일반적인 주제를 통해서 라포를 형성하게 될 것입니다.","expression":"c_confl_mg","category":"personality"}],"summary":{"text":"모든 일을 할 때 팀원 부서원 구성원들과의 불안은 피할 수 없는 요소들이므로 문제점을 먼저 파악해야 합니다. 현재 가지고 있는 문제점은 거의 90% 해결이 되고 팀원이 완전 외골수이거나 남들과 소통이 되지 않는 사람이라 누군가 와도 항상 불화가 생기는 사람이라면 팀 매니저나 부서장, 본부장에게 요청을 하게 될 것 같습니다.","wordCount":47}}},"rawDataInfo":{"question":{"fileFormat":"wav","fileSize":513998,"duration":16059,"samplingBit":16,"channelCount":1,"samplingRate":"16kHz","audioPath":"/Mock/05.ICT/Male/Experienced/ckmk_q_ict_m_e_165213.wav"},"answer":{"fileFormat":"wav","fileSize":2573198,"duration":80410,"samplingBit":16,"channelCount":1,"samplingRate":"16kHz","audioPath":"/Mock/05.ICT/Male/Experienced/ckmk_a_ict_m_e_165213.wav"}}}