{"version":"1.0","dataSet":{"info":{"date":"20230116","occupation":"ICT","channel":"MOCK","place":"ONLINE","gender":"MALE","ageRange":"35-44","experience":"EXPERIENCED"},"question":{"raw":{"text":"면접자님께서 살면서 다양한 커뮤니케이션을 경험해 보셨을 겁니다 그중에 면접자님께서 가장 어려웠던 경험을 한 가지만 꼽자면 무엇일지 말씀해 주세요","wordCount":18},"emotion":[],"intent":[]},"answer":{"raw":{"text":"예 사람 간의 만남에서 가장 어려운 게 커뮤니케이션이라고 볼 수 있겠는데요. 그 저는 제가 살아오면서 가장 어려웠던 것은 어려웠던 것 두 가지를 어 뽑자면 이렇게 일단 부모와 자식 간의 대화 이렇게 부모 그리고 두 번째로는 그 연인과 연인 간의 대화라고 보고 있어요. 부모와 그 이 둘 두 가지의 공통점이 뭐냐 하면 서로를 엄청나게 그 사랑함에 있어서 그 사랑과 애정 때문에 그런 커뮤니케이션의 어려움이 발생된다고 생각을 하는데 어 어쩔 수 없는 그런 어 뭐 순리라고 생각을 합니다. 아 그 부모가 자식을 사랑하고 자식이 부모님을 사랑하는 게 너무 다양하고 서로 간의 그 남자친구와 여자친구 그 연인들의 사랑이 너무 과해서 그들이 좀 더 잘 되기를 바라는 마음에서 말하는 것들이 그 표현에 부족함으로 인해서 그 사람의 자존심이나 자존감을 떨어뜨릴 수 있 있음으로써 이런 커뮤니케이션에 그런 어 어려움을 어려움이 발생한다 고 보고 있구요. 어 그게 이제 어 이거는 뭐 인간으로서 어 받아들여야 할 할 그런 설명이 아닌가 싶습니다. 그래서 그 어려운 에서도 좋은 점들이 굉장히 많으니까 행복한 것들이 훨씬 많기 때문에 그런 것들을 계속 상기시키고 그런 것들을 지향하며 어 대화를 나누면 모든 어 해피한 삶이 되지 않을까 싶습니다.","wordCount":173},"emotion":[],"intent":[{"text":"","expression":"","category":"attitude"}],"summary":{"text":"사람 간의 만남에서 가장 어려운 커뮤니케이션은 부모와 자식 간의 대화, 그리고 연인과 연인 간의 대화입니다. 이 두 가지의 공통점은 사랑을 표현함에 있어서 그 사람의 자존심과 자존감을 떨어뜨릴 수 있다는 것입니다. 어려운 상황에서도 행복한 것들이 많기 때문에 계속 상기시키고 대화를 나누면 모든 해피한 삶이 될 수 있을 것입니다.","wordCount":47}}},"rawDataInfo":{"question":{"fileFormat":"wav","fileSize":586318,"duration":18320,"samplingBit":16,"channelCount":1,"samplingRate":"16kHz","audioPath":"/Mock/05.ICT/Male/Experienced/ckmk_q_ict_m_e_265745.wav"},"answer":{"fileFormat":"wav","fileSize":3501838,"duration":109430,"samplingBit":16,"channelCount":1,"samplingRate":"16kHz","audioPath":"/Mock/05.ICT/Male/Experienced/ckmk_a_ict_m_e_265745.wav"}}}