{"version":"1.0","dataSet":{"info":{"date":"20230116","occupation":"ICT","channel":"MOCK","place":"ONLINE","gender":"MALE","ageRange":"-34","experience":"EXPERIENCED"},"question":{"raw":{"text":"지원자님은 회사의 덕목이 무엇이라고 생각하시나요 어떤 회사가 좋은 회사라고 생각하시는지 본인의 생각을 솔직하게 말씀해 주실 수 있을까요","wordCount":17},"emotion":[],"intent":[]},"answer":{"raw":{"text":"좋은 회사는 필수적으로 직원에게 비전을 제시하고 더 나아나 직원의 발전을 도와줘야 합니다. 회사는 최근 들어 많은 흐름이 바뀌었습니다. 결국 주어진 업무나 회사 내에서의 정치 등이 중요한 것이 아닌 회사도 성장하고 직원도 함께 성장하는 회사가 좋은 회사입니다. 그렇게 되었을 경우에 직원에게 인플레이션에 합당한 임금 상승을 해줄 수 있고 매년 성과급도 상호 간에 적절한 수준에서 합의하여 받을 수 있습니다. 때문에 회사와 개인 모두 항상 발전하려 하고 경쟁적으로 성과를 창출하도록 노력해야 합니다.","wordCount":69},"emotion":[],"intent":[{"text":"","expression":"","category":"attitude"}],"summary":{"text":"좋은 회사는 직원의 발전을 도와줘야 합니다. 회사도 성장하고 직원도 함께 성장하는 회사가 좋은 회사입니다. 따라서 회사와 개인 모두 항상 발전하려 하고 경쟁적으로 성과를 창출하도록 노력해야 합니다.","wordCount":26}}},"rawDataInfo":{"question":{"fileFormat":"wav","fileSize":612878,"duration":19150,"samplingBit":16,"channelCount":1,"samplingRate":"16kHz","audioPath":"/Mock/05.ICT/Male/Experienced/ckmk_q_ict_m_e_251812.wav"},"answer":{"fileFormat":"wav","fileSize":2977038,"duration":93030,"samplingBit":16,"channelCount":1,"samplingRate":"16kHz","audioPath":"/Mock/05.ICT/Male/Experienced/ckmk_a_ict_m_e_251812.wav"}}}