{"version":"1.0","dataSet":{"info":{"date":"20230116","occupation":"ICT","channel":"MOCK","place":"ONLINE","gender":"MALE","ageRange":"35-44","experience":"EXPERIENCED"},"question":{"raw":{"text":"창의성과 팀워크 둘 중에서 지원자님은 어떤 것이 더 중요하다고 보는지 근거를 들어서 말씀해 주세요","wordCount":14},"emotion":[],"intent":[]},"answer":{"raw":{"text":"창의성과 팀워크 즘 저는 팀워크가 무조건 더 중요하다고 생각합니다. 왜냐하면 스타트업이라든가 아니면 엄청난 제품을 개발하는 회사가 아니라면 창의성은 그다지 중요하지 않습니다. 물론 창의성과 팀워크가 둘 다 뛰어난 사람이 있다면 좋겠지만 실제적으로 모든 회사에서 창의성만 뛰어난 사람이 팀워크가 모자라서 회사 생활을 오래 못하거나 아니면 직장인들 팀원들 간의 불화로 인해서 팀이 많이 망가지는 경우를 많이 목격했습니다. 특히나 창의성이 뛰어나지만 팀워크가 모자란 직원이 있다면 그 직원 때문에 회사의 분위기는 아주 안 좋게 변모되고 시너지는 바랄 것도 없으며 사람들이 각자 개인주의로 변하는 경향이 아주 심합니다. 그래서 일은 조금 못하고 창의성이 뛰어나지 못하더라도 팀워크가 아주 좋고 인성이 바른 사람이 있다면 그 사람이 훨씬 더 조직에 필요한 인재라고 생각합니다.","wordCount":103},"emotion":[],"intent":[{"text":"","expression":"","category":"attitude"}],"summary":{"text":"창의성과 팀워크는 중요하다고 생각합니다. 창의성만 뛰어난 사람이 팀워크가 모자라서 회사 생활을 오래 못하거나 팀원들 간의 불화로 팀이 망가지는 경우가 많이 목격했습니다. 그래서 창의성이 뛰어나지 못해도팀워크가 좋고 인성이 바른 사람이 있다면 더 필요한 인재라고 생각합니다.","wordCount":34}}},"rawDataInfo":{"question":{"fileFormat":"wav","fileSize":326798,"duration":10210,"samplingBit":16,"channelCount":1,"samplingRate":"16kHz","audioPath":"/Mock/05.ICT/Male/Experienced/ckmk_q_ict_m_e_156769.wav"},"answer":{"fileFormat":"wav","fileSize":1981518,"duration":61920,"samplingBit":16,"channelCount":1,"samplingRate":"16kHz","audioPath":"/Mock/05.ICT/Male/Experienced/ckmk_a_ict_m_e_156769.wav"}}}