{"version":"1.0","dataSet":{"info":{"date":"20230116","occupation":"ICT","channel":"MOCK","place":"ONLINE","gender":"MALE","ageRange":"45-54","experience":"EXPERIENCED"},"question":{"raw":{"text":"지원자님께서는 평소에 검색을 많이 하시는 편이신가요 그렇다면 어떤 검색을 주로 하시는지 말씀해 주시겠습니까","wordCount":13},"emotion":[],"intent":[]},"answer":{"raw":{"text":"네 저는 평소에 검색을 아주 많이 합니다. 뭐 그 검색이 무슨 뭐 때로는 뭐 연예인이라든지 뭐 이런 걸 수도 있지만 보통은 뉴스라든지 뭐 티브이를 보면서 책을 보면서 아니면 어떤 문서를 접하면서 제가 뭐 모르는 단어나 용어나 이런 것이 나왔을 때는 바로바로 검색을 합니다. 어 이것은 저한테 되게 큰 도움이 됩니다. 어 이런 식으로 쌓은 작은 지식들이 무슨 뭐 대화를 한다라든지 무슨 뭐 서류를 작성할 때 아니면 뭐 서류를 볼 때 이게 어떤 의미인지 무슨 이야기인지를 파악하는 데 도움이 됩니다. 어 저는 뭐 티비에서 맛집이 나오면 그 맛집도 검색을 해 봅니다. 어떤 지역에 어떠한 맛집이 있고 그렇다면 다음에 그 지역을 갔을 때 가능하다면 그 맛집을 한번 들러보는 것도 제 나름의 뭐 취미입니다. 저는 검색을 해 수시로 뭐 티비 방송 같은 걸 보면서 뭐 궁금한 점 뭐 저 뉴스가 맞나 할 때도 검색을 합니다. 그래서 동류 뉴스 같은 것도 동일한 사건에 대해서 각각의 매체에 그 주장하는 바 이런 것들을 검색해 보고 제 나름의 판단을 하는 편입니다. 저는 검색을 주로 많이 하는 편입니다.","wordCount":160},"emotion":[],"intent":[{"text":"","expression":"","category":"attitude"}],"summary":{"text":"저는 평소에 검색을 아주 많이 하는데, 티비나 책을 보거나 문서를 접하면서 모르는 단어나 용어 등이 나오면 바로 검색을 합니다. 이런 식으로 쌓인 지식들이 서류 작성 시 혹은 서류 작성시 어떤 의미인지 파악하는 데 큰 도움이 됩니다. 티비에서 맛집이 나오면 그 맛집도 검색해 봅니다. 티비 방송 같은 걸 보면서 궁금한 점 등을 검색합니다.","wordCount":52}}},"rawDataInfo":{"question":{"fileFormat":"wav","fileSize":382158,"duration":11940,"samplingBit":16,"channelCount":1,"samplingRate":"16kHz","audioPath":"/Mock/05.ICT/Male/Experienced/ckmk_q_ict_m_e_42891.wav"},"answer":{"fileFormat":"wav","fileSize":2647438,"duration":82730,"samplingBit":16,"channelCount":1,"samplingRate":"16kHz","audioPath":"/Mock/05.ICT/Male/Experienced/ckmk_a_ict_m_e_42891.wav"}}}