{"version":"1.0","dataSet":{"info":{"date":"20230116","occupation":"ICT","channel":"MOCK","place":"ONLINE","gender":"MALE","ageRange":"55-","experience":"EXPERIENCED"},"question":{"raw":{"text":"일을 하다가 난관에 봉착할 경우에는 어떻게 해결하시는지 지원자님의 해결 방법과 그렇게 해결하시는 이유에 대해서 설명해 주세요","wordCount":16},"emotion":[],"intent":[]},"answer":{"raw":{"text":"직무를 수행하면서 난관은 여러 가지 상황에 봉착을 하게 됩니다. 개발하는 과정에서 어 난이도가 높아서 개발이 안 될 수도 있고 사람들이 이직을 통해 가지고 개발을 원활하게 해 나갈 수도 없고 또한 고객사의 요청에 의해서 기능의 변화가 있을 수도 있고 매우 다양한 형태의 어 난관에 봉착을 할 수가 있는데 그때 그때마다 해결법이 다르겠지만 저는 어 팀웍이 가장 중요하다고 생각을 합니다. 팀웍을 어 초기부터 잘 유지하고 팀을 잘 관리함으로써 어 조직의 변화가 최소화될 수 있도록 하고 그로 인해서 역량들이 조금 부족할지라도 협업을 통해서 일 더하기 일은 이가 아닌 삼과 사가 날 수 있는 그런 환경들을 만들어주고 팀원들이 잘 일을 할 수 있도록 어 격려해 주고 이끌어가는 그런 리더십이 어 전사적으로 중요하다고 생각을 합니다. 그런 환경들을 만들기 위해 애를 쓰도록 하겠습니다.","wordCount":117},"emotion":[],"intent":[{"text":"","expression":"","category":"attitude"}],"summary":{"text":"직무 수행 시 난관에 봉착하는 경우 팀웍이 가장 중요하다고 생각합니다. 팀웍을 잘 유지하고 팀을 잘 관리함으로써 조직의 변화가 최소화될 수 있도록 하고 역량이 조금 부족할지라도 협업을 통해서 일 더하기 일은 이가 아닌 삼과 사가 날 수 있는 환경들을 만들어주는 것이 중요합니다.","wordCount":41}}},"rawDataInfo":{"question":{"fileFormat":"wav","fileSize":322638,"duration":10080,"samplingBit":16,"channelCount":1,"samplingRate":"16kHz","audioPath":"/Mock/05.ICT/Male/Experienced/ckmk_q_ict_m_e_296589.wav"},"answer":{"fileFormat":"wav","fileSize":2617678,"duration":81800,"samplingBit":16,"channelCount":1,"samplingRate":"16kHz","audioPath":"/Mock/05.ICT/Male/Experienced/ckmk_a_ict_m_e_296589.wav"}}}