{"version":"1.0","dataSet":{"info":{"date":"20230116","occupation":"ICT","channel":"MOCK","place":"ONLINE","gender":"MALE","ageRange":"35-44","experience":"EXPERIENCED"},"question":{"raw":{"text":"공동체의 가치에 입각해서 무형 문화유산의 보호에 있어 적용되는 사회적 관념이 무엇이라고 생각하시나요","wordCount":12},"emotion":[],"intent":[]},"answer":{"raw":{"text":"무형문화유산을 예전에는 인간문화재라고 불렀습니다. 문화재청에서 무형문화유산으로 인정받기까지는 참 오랜 시간이 걸리고 쉽지 않다고 들었습니다. 하지만 이 무형문화 유산에 많은 능력을 가진 전통의 계승자들 뭐 굿거리 장단 줄타기 놀이 또는 어떤 특별한 입재 배를 하는 사람들에 대한 권리를 보호해주지 않으면 이 분들은 소위 말해서 생계 수단을 유지하기 힘들기 때문에 결국 현장으로 다 나갈 것입니다. 그런데 과거가 없으면 미래가 없다 라는 역사학자의 말처럼 이 과거의 전통 계승을 살릴 수 있는 방법으로 문화재청에서 그들에게 일정 비율 이상의 어느정도 생계수단을 유지할 수 있는 비용이라든가 일자리를 창출시켜야 된다고 생각합니다. 실제로 전통 계승을 하는 무형 유화 무형 문화유산을 지닌 사람들은 먹고 살기 힘들기 때문에 결국은 일자리를 찾아서 나갈 수 있고 그 무형 문화 유산을 포기할 수 밖에 없습니다.","wordCount":112},"emotion":[],"intent":[{"text":"그런데   과거가 없으면 미래가 없다 라는 역사학자의 말처럼 이 과거의 전통 계승을 살릴 수 있는 방법으로 문화재청에서 그들에게 일정 비율 이상의 어느정도 생계수단을 유지할 수 있는 비용이라든가   일자리를 창출시켜야 된다고 생각합니다.","expression":"c_value","category":"background"}],"summary":{"text":"무형문화유산이 인간문화재로 인정받기까지 오랜 시간이 걸리고 쉽지 않습니다. 하지만 유산에 능력을 가진 사람들에 대한 권리를 보호해주어야 합니다. 문화재청에서 생계수단을 유지할 수 있는 비용과 일자리를 창출시켜야 합니다. 그래야 유산을 포기할 수 밖에 없습니다.","wordCount":32}}},"rawDataInfo":{"question":{"fileFormat":"wav","fileSize":332878,"duration":10400,"samplingBit":16,"channelCount":1,"samplingRate":"16kHz","audioPath":"/Mock/05.ICT/Male/Experienced/ckmk_q_ict_m_e_165222.wav"},"answer":{"fileFormat":"wav","fileSize":2044878,"duration":63900,"samplingBit":16,"channelCount":1,"samplingRate":"16kHz","audioPath":"/Mock/05.ICT/Male/Experienced/ckmk_a_ict_m_e_165222.wav"}}}