{"version":"1.0","dataSet":{"info":{"date":"20230116","occupation":"ICT","channel":"MOCK","place":"ONLINE","gender":"MALE","ageRange":"35-44","experience":"EXPERIENCED"},"question":{"raw":{"text":"지원자님께서 합격 후에 회사에 입사를 했는데 지원자님께서 지원하신 이 직무가 아니라 어 만약에 다른 부서에 배치가 되었어요 그렇다면 지원자님은 어떻게 하시겠어요 그래도 괜찮으신가요","wordCount":23},"emotion":[],"intent":[]},"answer":{"raw":{"text":"음 제가 만약에 이 회사에 들어와서 지원한 지원한 업무가 아닌 다른 직무에 다른 부서에 배치가 된다면은 한번 생각을 해 보았습니다. 어 그 부분에 대해서는 전혀 문제가 될 것 같지 않습니다. 어차피 처음 시작하는 회사이고 저는 여러 가지 일을 많이 경험해 보고 싶은 좀 욕심이 많습니다. 그러다 보니까 새로운 업무 어차피 배워야 할 업무라면은 그 부분에 대해서도 부정하지 않고 잘 긍정적으로 받아들일 것 같습니다. 거기서 인제 또 제가 적응을 하고 잘 업무에 대해서 인제 정통하고 난 뒤에 다시 또 제가 원했던 그런 업무를 맡을 수 있을 수도 있고 하기 때문에 저는 이 직무라는 것은 이 에서 삼 년 동안에는 계속 변경이 돼야 한다고 생각합니다. 솔직히 이 삼 년 정도 되면은 그 자기가 맡은 분야에서는 거의 반 전문가가 돼 있을 건데 그 부분을 계속 이어서 하기보다는 여러 가지 일을 업무가 바껴 보고 부서가 또 바껴보고 하면서 그런 경험들이 많아야 경험이 많은 직원이 되고 그래야 더 상급 단계로 갈 수 있는 그런 유능한 직원이 될 수 있을 것 같습니다. 이상입니다.","wordCount":157},"emotion":[],"intent":[{"text":"","expression":"","category":"attitude"}],"summary":{"text":"이 회사에 들어와서 지원한 지원한 업무가 아닌 다른 직무에 다른 부서에 배치가 된다면 문제가 될 것 같지 않습니다. 새로운 업무라면 긍정적으로 받아들일 것 같습니다. 이 직무는 삼 년간 계속 변경이 되어야 합니다. 여러 업무를 바꿔보고 부서가 바껴보고 하면서 경험이 많은 직원이 되어야 유능한 직원이 될 수 있을 것입니다.","wordCount":48}}},"rawDataInfo":{"question":{"fileFormat":"wav","fileSize":475598,"duration":14860,"samplingBit":16,"channelCount":1,"samplingRate":"16kHz","audioPath":"/Mock/05.ICT/Male/Experienced/ckmk_q_ict_m_e_147563.wav"},"answer":{"fileFormat":"wav","fileSize":2452558,"duration":76640,"samplingBit":16,"channelCount":1,"samplingRate":"16kHz","audioPath":"/Mock/05.ICT/Male/Experienced/ckmk_a_ict_m_e_147563.wav"}}}