{"version":"1.0","dataSet":{"info":{"date":"20230116","occupation":"ICT","channel":"MOCK","place":"ONLINE","gender":"MALE","ageRange":"35-44","experience":"EXPERIENCED"},"question":{"raw":{"text":"지원자님께서 생각하시기에 자신의 노년의 모습은 어땠으면 좋겠습니까 이상적인 노년의 모습에 대해 말씀해 주시기 바랍니다","wordCount":14},"emotion":[],"intent":[]},"answer":{"raw":{"text":"예 대부분의 사람들이 어 비 아마 비슷한 생각을 생각을 하고 있을 거 같습니다. 그 다 본인의 노년의 모습에 대해서요. 어 저 역시 그런 저에 가 그리는 이상적인 노년의 모습은 일단 배우자가 옆에 있어야 된다고 생각하고요. 같이 아름답게 늙어가는 그런 모습을 꿈꾸고 있습니다. 너무 진부한 설명일 수도 있는데 아 그 제가 생각하는 아름다운 모습은 같이 어 운동을 하고 건강 관리를 같이 하고 그리고 어쨌든 사랑이 기반이 되어서 같이 서로 함께 여가생활을 즐기고 레저도 하고 그리고 어 언제든지 손을 붙잡고 다니면서 서로를 챙겨주는 그런 모습을 꿈꾸고 있구요. 저도 그렇게 살고 싶습니다. 물론 경제적인 문제 또한 굉장히 중요하고요. 어 제 손자 손자 손녀가 있다면 어 그래도 불우한 이웃 불우한 이웃이 될 수도 있고 어 손자 손녀들에게 용돈도 충분하게 주고 불우한 이웃도 도와줄 수 있는 그런 경제적 여유를 갖춘 그런 멋진 노인이 되고 싶습니다.","wordCount":130},"emotion":[],"intent":[{"text":"","expression":"","category":"attitude"}],"summary":{"text":"이상적인 노년의 모습은 배우자가 옆에 있어야 된다고 생각하며 같이 아름답게 늙어가는 모습을 꿈꾸고 있습니다. 물론 경제적인 문제 또한 중요하겠지만 어 손자 손주들에게 용돈도 충분하게 주고 불우한 이웃도 도울 수 있는 경제적 여유를 갖춘 멋진 노인이 되고 싶습니다.","wordCount":37}}},"rawDataInfo":{"question":{"fileFormat":"wav","fileSize":464078,"duration":14500,"samplingBit":16,"channelCount":1,"samplingRate":"16kHz","audioPath":"/Mock/05.ICT/Male/Experienced/ckmk_q_ict_m_e_194103.wav"},"answer":{"fileFormat":"wav","fileSize":2351758,"duration":73490,"samplingBit":16,"channelCount":1,"samplingRate":"16kHz","audioPath":"/Mock/05.ICT/Male/Experienced/ckmk_a_ict_m_e_194103.wav"}}}