{"version":"1.0","dataSet":{"info":{"date":"20230116","occupation":"ICT","channel":"MOCK","place":"ONLINE","gender":"MALE","ageRange":"35-44","experience":"EXPERIENCED"},"question":{"raw":{"text":"협업을 할 때 가장 중요하게 생각하시는 게 있나요 있다면 그것은 무엇이고 왜 그것을 가장 중요하게 생각하시는지 말씀해 주세요","wordCount":18},"emotion":[],"intent":[]},"answer":{"raw":{"text":"네 협업에서 가장 가장 중요한 건 대화입니다. 대화 얼마나 많은 대화를 하느냐 그런데 그 대화가 어 정말 배가 산으로 가는 대화 말고 정말 유의미한 그런 대화들이 많이 오가야 될 텐데요. 그러기 위해서는 협업을 함에 하기에 앞서 이 협업을 하게 된 목적을 명확하게 서로 상대 서로 어 명확하게 이해를 해야 합니다. 이 목적이 같다면 어 결코 이 대화가 매끄럽지 않을 수는 없구요. 어 이 하나의 서로의 협업을 함에 있어서 서로 하나의 목적을 향해서 간다는 것을 잊지 않고 그리고 여기서 좀 더 정중한 그런 배려 배려와 정중한 태도를 가지고 있다면 협업을 할 때 큰 어려움이 없을 것입니다. 없다고 저는 생각을 하고요. 가장 중요한 것 중의 하나 입니다.","wordCount":105},"emotion":[],"intent":[{"text":"","expression":"","category":"attitude"}],"summary":{"text":"협업에서 가장 중요한 것은 대화입니다. 협업을 함에 있어 서로의 목적을 명확하게 이해하고 배려와 정중한 태도를 가진다면 협업에 큰 어려움이 없을 것입니다.","wordCount":21}}},"rawDataInfo":{"question":{"fileFormat":"wav","fileSize":609998,"duration":19060,"samplingBit":16,"channelCount":1,"samplingRate":"16kHz","audioPath":"/Mock/05.ICT/Male/Experienced/ckmk_q_ict_m_e_218130.wav"},"answer":{"fileFormat":"wav","fileSize":1927758,"duration":60240,"samplingBit":16,"channelCount":1,"samplingRate":"16kHz","audioPath":"/Mock/05.ICT/Male/Experienced/ckmk_a_ict_m_e_218130.wav"}}}