{"version":"1.0","dataSet":{"info":{"date":"20230116","occupation":"ICT","channel":"MOCK","place":"ONLINE","gender":"MALE","ageRange":"-34","experience":"EXPERIENCED"},"question":{"raw":{"text":"지원자분은 이전에 에러를 겪어 본 경험이 있으신가요 있으시다면 최근 경험했던 기억에 남는 에러에 관해서 말씀해 주시기 바랍니다","wordCount":17},"emotion":[],"intent":[]},"answer":{"raw":{"text":"가장 기억에 남는 에러는 어 주간 작업 시에 발생했습니다. 보통 서비스 안정성을 위해 트래픽이 많은 주간 시간 때에는 시스템 작업을 거의 진행하지 않고 있습니다. 하지만 당시 제일 중요한 어플리케이션 스위치가 한 대가 장애가 남으로써 나머지 한 대로만 스탠드 언론 하게 운영되어야 했기에 빠른 후속 조치가 필요했습니다. 그래서 빠르게 장애가 난 장비를 주간에 수리하기 시작했습니다. 그러나 이 과정에서 기존에 알지 못했던 에러가 발생하였고 그로 인해 약 이 분 정도 시스템이 흔들렸습니다. 즉 서비스가 불안정했습니다. 그로 인해서 다시 한 번 주간 작업에 위험성과 어려움을 인지했고 해당 특이 사항은 기록하여 추구 다시 발생하지 않도록 했습니다.","wordCount":92},"emotion":[],"intent":[{"text":"그로 인해서 다시 한 번 주간 작업에 위험성과 어려움을 인지했고 해당 특이 사항은 기록하여 추구 다시 발생하지 않도록 했습니다.","expression":"i_dis_coping","category":"technology"}],"summary":{"text":"주간 작업 시 시스템 작업을 거의 진행하지 않아 장애가 난 장비의 수리를 시작했습니다. 이 과정에서 에러가 발생하고 시스템이 불안정해졌습니다. 그로 인해 주간 작업에 위험성과 어려움을 인지했고 해당 특이 사항을 기록하여 다시 발생하지 않도록 했습니다.","wordCount":34}}},"rawDataInfo":{"question":{"fileFormat":"wav","fileSize":379598,"duration":11860,"samplingBit":16,"channelCount":1,"samplingRate":"16kHz","audioPath":"/Mock/05.ICT/Male/Experienced/ckmk_q_ict_m_e_244680.wav"},"answer":{"fileFormat":"wav","fileSize":3802318,"duration":118820,"samplingBit":16,"channelCount":1,"samplingRate":"16kHz","audioPath":"/Mock/05.ICT/Male/Experienced/ckmk_a_ict_m_e_244680.wav"}}}