{"version":"1.0","dataSet":{"info":{"date":"20230116","occupation":"ICT","channel":"MOCK","place":"ONLINE","gender":"MALE","ageRange":"55-","experience":"EXPERIENCED"},"question":{"raw":{"text":"지금까지 본인의 경험에 비추어서 자신은 어떤 문제에 부딪쳤을 때 혼자 해결을 하는 편이신가요 아니면 여러 사람들에게 이야기를 하는 편이신가요 자신의 성향에 대해서 말씀해 주시기 바랍니다","wordCount":25},"emotion":[],"intent":[]},"answer":{"raw":{"text":"어떤 타스크를 진행하다가 문제에 부딪쳤을 때 저는 기본적으로 여러 다른 사람들에게 이야기를 하고 특별히 같이 업무를 수행했던 팀원들과 내용을 공유하고 문제 해결을 하기 위해서 함께 소통하고 해결책을 찾아가는 편입니다. 그런데 그런 것들을 어 함께 해결하기 위해서는 문제의 분석이 먼저 필요하겠죠. 어떤 부분들에 에 문제가 있어서 어 이런 문제들이 생겼는지를 좀 블랙다운하고 분석을 통해서 함께 이야기를 하더라도 이야기할 수 있는 주제와 포인트들을 찾아내고 그런 부분들을 적극적으로 어 우리 팀원들이 생각을 깊이 할 수 있도록 어 사전에 준비해서 제구실을 해 줌으로 인해서 이 문제를 해결함에 있어 많은 아이디어를 얻을 수 있고 또한 신속하게 얻을 수 있는 두 가지를 어 병 병행해서 진행함으로써 얻게 되는 그런 결과를 저희가 아 제가 개인적으로는 갖고 있습니다.","wordCount":110},"emotion":[],"intent":[{"text":"","expression":"","category":"attitude"}],"summary":{"text":"저는 타스크를 진행하다가 문제에 부딪쳤을 때 기본적으로 다른 사람들과 이야기를 하고 같이 업무를 수행했던 팀원들과 내용을 공유하고 문제 해결을 위해 함께 소통하고 해결책을 찾아가는 편입니다. 문제의 분석을 통해 우리가 이야기를 깊이 할 수 있도록 준비를 해 줌으로 많은 아이디어를 얻을 수 있었습니다.","wordCount":42}}},"rawDataInfo":{"question":{"fileFormat":"wav","fileSize":626958,"duration":19590,"samplingBit":16,"channelCount":1,"samplingRate":"16kHz","audioPath":"/Mock/05.ICT/Male/Experienced/ckmk_q_ict_m_e_303038.wav"},"answer":{"fileFormat":"wav","fileSize":2586318,"duration":80820,"samplingBit":16,"channelCount":1,"samplingRate":"16kHz","audioPath":"/Mock/05.ICT/Male/Experienced/ckmk_a_ict_m_e_303038.wav"}}}