{"version":"1.0","dataSet":{"info":{"date":"20230116","occupation":"ICT","channel":"MOCK","place":"ONLINE","gender":"MALE","ageRange":"35-44","experience":"EXPERIENCED"},"question":{"raw":{"text":"본인의 의견을 주장할 때 강하게 주장하는 편인가요 어떤 스타일로 본인의 의견을 주장하는지 궁금합니다","wordCount":13},"emotion":[],"intent":[]},"answer":{"raw":{"text":"어 개인적으로는 저는 의견 주장할 때는 개인적으로는 굉장히 강하게 주장하는 편이에요. 특히나 뭐 사고라든가 어 가치관에 대해서는 어 주변 사람들에게 저 나의 생각은 이렇다 라는 그런 의견 그리고 저의 사고를 아 좀 강하게 어필하는 편인데 조직에서는 조직에서의 저는 좀 다릅니다. 조직에서는 저 그 조직의 어떤 문화와 조직의 그런 규율이 있기 때문에 제가 의견을 강하게 주장을 한다면 저는 아 아주 안 좋은 직원으로만 낙인이 될 것이고 어 의견을 어필을 하더라도 어느 정도 선은 지켜가면서 이러이러한 점이 좋겠다 정도만 하지 아 그런 점이 받아들여지지 않는다고 해서 크게 낙심하지 않겠습니다. 조직은 파리에 가면 로마에 가면 로마법을 따라야 되는 것이니까요.","wordCount":96},"emotion":[],"intent":[{"text":"","expression":"","category":"attitude"}],"summary":{"text":"개인적으로는 의견을 주장할 때는 강하게 주장하는 편이지만, 조직에서는 조직과는 다르게 저는 의견을 강하게 주장한다면 아주 안 좋은 직원으로만 낙인이 될 것이고, 그런 점이 받아들여지지 않는다고 해서 크게 낙심하지 않겠습니다.","wordCount":29}}},"rawDataInfo":{"question":{"fileFormat":"wav","fileSize":326478,"duration":10200,"samplingBit":16,"channelCount":1,"samplingRate":"16kHz","audioPath":"/Mock/05.ICT/Male/Experienced/ckmk_q_ict_m_e_194226.wav"},"answer":{"fileFormat":"wav","fileSize":1868238,"duration":58380,"samplingBit":16,"channelCount":1,"samplingRate":"16kHz","audioPath":"/Mock/05.ICT/Male/Experienced/ckmk_a_ict_m_e_194226.wav"}}}