{"version":"1.0","dataSet":{"info":{"date":"20230116","occupation":"ICT","channel":"MOCK","place":"ONLINE","gender":"MALE","ageRange":"-34","experience":"EXPERIENCED"},"question":{"raw":{"text":"업무 중에 스케일에 스 스케줄에 없던 일이 발생할 때가 있는데요 어 이런 돌발적인 상황에서 어떻게 대처하실 건가요","wordCount":17},"emotion":[],"intent":[]},"answer":{"raw":{"text":"우선 그러한 상황이 나오는 원인 혹은 시스템적인 측면을 먼저 바라볼 것입니다. 없던 일이 생기고 계획대로 시간을 사용하지 못하면 업무는 굉장히 비효율적으로 흘러가고 진행될 수 밖에 없습니다. 따라서 저는 우선 시스템적인 문제를 확인해 볼 것입니다. 이에 더해 우선 초기에는 없던 일을 대비하기 위해 제 본연의 업무에 대한 스케줄을 조금은 여유롭게 조정하여서 빈 시간을 활용해 비상 상황을 대비할 것입니다. 또한 시스템적으로 보았을 때 유관 부서에 협업이 필요하다면 유감소에 요청하여 제 자신의 요청 사항을 요구하고 이해도 시행되지 않으면 팀장이나 상위 직 직자에게 요청을 할 것입니다.","wordCount":82},"emotion":[],"intent":[{"text":"","expression":"","category":"attitude"}],"summary":{"text":"저는 시스템적인 문제를 확인하여 초기에는 없던 일을 대비하고, 유관 부서에 협업이 필요하다면 유감소에 요청하고, 이해도 시행되지 않으면 팀장이나 상위 직 직자에게 요청을 할 것입니다.","wordCount":24}}},"rawDataInfo":{"question":{"fileFormat":"wav","fileSize":397198,"duration":12410,"samplingBit":16,"channelCount":1,"samplingRate":"16kHz","audioPath":"/Mock/05.ICT/Male/Experienced/ckmk_q_ict_m_e_252286.wav"},"answer":{"fileFormat":"wav","fileSize":2949198,"duration":92160,"samplingBit":16,"channelCount":1,"samplingRate":"16kHz","audioPath":"/Mock/05.ICT/Male/Experienced/ckmk_a_ict_m_e_252286.wav"}}}