{"version":"1.0","dataSet":{"info":{"date":"20230116","occupation":"ICT","channel":"MOCK","place":"ONLINE","gender":"MALE","ageRange":"35-44","experience":"EXPERIENCED"},"question":{"raw":{"text":"무슨 프로그램을 개발하고 싶습니까","wordCount":4},"emotion":[],"intent":[]},"answer":{"raw":{"text":"제가 만들고 싶은 프로그램은 바로 빅데이터를 활용한 실버 인구에게 도움되는 생체 인식 프로그램입니다. 그것은 어떤 촬영 카메라로 그 사람의 얼굴 체형 뼈의 상태를 측정하면 그때부터 이 사람이 현재 상태가 어떻고 어떤 생체 요소가 많이 필요하고 어떤 에너지를 많이 쓰고 있는지에 대한 분석을 하여 오 년 후 십 년 후 십 오 년 후에 어떤 식으로 늙어 갈 것인 것인지에 대한 데이터 분석을 통하는 것입니다. 딥러닝을 통해서 분석을 하기 때문에 오차는 일 퍼센트 이하로 줄어들 것이고 그러면 이 사람이 어떻게 해야 저 좀 더 건강해지고 덜 늙게 되는지 노화를 방지하게 되는지에 대한 컨설팅도 해줄 수 있습니다. 예를 들어 하루에 네 시간이나 다섯 시간 자던 사람에게 여섯 시간 반 몇 시부터 몇 시까지 자고 자기 전에 물은 얼마 정도 마시고 술은 어느정도 끊어야 하고 담배는 왜 피면 안 되는지에 대한 혈관 분석까지 전부 다 해주는 것입니다. 그렇게 되면 고객들은 그 프로그램을 믿고 자기에게 필요한 건강식품이나 화장품 또는 생필품 등을 같이 그 프로그램을 통해서 연계하여 판매할 수도 있고 자기가 필요로 하는 어떤 삶의 원리 또는 삶의 패턴에 대해서 지속적으로 상담을 받으면서 상담료로 수익을 창출할 수도 있을 것입니다. 저는 이게 빅데이터와 머신 러닝이 합쳐지면 충분히 가능하다고 생각합니다.","wordCount":183},"emotion":[],"intent":[{"text":"","expression":"","category":"attitude"}],"summary":{"text":"빅데이터를 활용한 실버 인구에게 도움이 되는 생체 인식 프로그램은 딥러닝을 통해 사람의 얼굴 체형 뼈의 상태를 분석하여 노화 방지에 대한 컨설팅을 해 줄 수 있습니다. 고객들은 그 프로그램을 믿고 자기에게 필요한 건강식품이나 화장품 또는 생필품 등을 연계하여 판매할 수도 있고 지속적인 상담을 받으면서 상담료로 수익을 창출할 수도 있을 것입니다.","wordCount":49}}},"rawDataInfo":{"question":{"fileFormat":"wav","fileSize":243278,"duration":7600,"samplingBit":16,"channelCount":1,"samplingRate":"16kHz","audioPath":"/Mock/05.ICT/Male/Experienced/ckmk_q_ict_m_e_183426.wav"},"answer":{"fileFormat":"wav","fileSize":2812238,"duration":87880,"samplingBit":16,"channelCount":1,"samplingRate":"16kHz","audioPath":"/Mock/05.ICT/Male/Experienced/ckmk_a_ict_m_e_183426.wav"}}}