{"version":"1.0","dataSet":{"info":{"date":"20230116","occupation":"ICT","channel":"MOCK","place":"ONLINE","gender":"MALE","ageRange":"35-44","experience":"EXPERIENCED"},"question":{"raw":{"text":"최근에 어 떠오르는 다양한 아이티 분야가 있는데 그중에서 조금 내가 이것에 많이 관심을 갖는다 관심이 있다 그런 분야가 있을까요","wordCount":19},"emotion":[],"intent":[]},"answer":{"raw":{"text":"네 최근에는 그 통신 분야에 관심이 좀 많은데 이 통신 분야라고 하면 지금 현재는 이제 파이브 쥐까지 나와 있고 아 다음 세대가 준비 중인 것으로 알고 있습니다. 근데 통신 분야에 왜 관심을 갖게 되었냐면 어 뭐든 다른 연결된 아 그 연결된 모든 것들이 통신이 기반이 되어야 다른 인프라들이 나올 수가 있기 때문에 그 쪽으로 관심이 많구요. 어 가장 큰 예를 들어보자면 아 오토 파일럿 기능 그런 이제 전기 자동차나 또는 자율주행 자동차 그리고 아 드론까지 하늘을 날아갈 수 있는 그런 드론으로 인한 그런 여러 비즈니스들이 파생될 것이기 때문에 그런 것들이 어 무탈하게 사고 없이 잘 연결이 되어야만 아 그런 것들 그 그래서 그런 서비스들이 시작이 될 거라고 판단하고 있고요. 그 모든 것들의 기반에는 결국에는 통신 네트워크가 기반이 되어야 한다고 생각하기 때문에 관심이 많습니다.","wordCount":123},"emotion":[{"text":"근데 통신 분야에 왜 관심을 갖게 되었냐면 어 뭐든 다른 연결된 아 그 연결된 모든 것들이 통신이 기반이 되어야 다른 인프라들이 나올 수가 있기 때문에 그 쪽으로 관심이 많구요.","expression":"p-interest","category":"positive"},{"text":"그 모든 것들의 기반에는 결국에는 통신 네트워크가 기반이 되어야 한다고 생각하기 때문에 관심이 많습니다.","expression":"p-interest","category":"positive"}],"intent":[{"text":"","expression":"","category":"attitude"}],"summary":{"text":"통신 분야는 파이브 쥐까지 나와 있고 다음 세대가 준비 중인 것으로 알고 있습니다. 통신이 기반이 되어야 다른 인프라들이 나올 수 있기 때문에 관심이 많습니다. 그 모든 것들의 기반에는 통신 네트워크가 기반이 되어야 한다고 생각하기 때문에 관심이 큽니다.","wordCount":37}}},"rawDataInfo":{"question":{"fileFormat":"wav","fileSize":424398,"duration":13260,"samplingBit":16,"channelCount":1,"samplingRate":"16kHz","audioPath":"/Mock/05.ICT/Male/Experienced/ckmk_q_ict_m_e_245724.wav"},"answer":{"fileFormat":"wav","fileSize":2199758,"duration":68740,"samplingBit":16,"channelCount":1,"samplingRate":"16kHz","audioPath":"/Mock/05.ICT/Male/Experienced/ckmk_a_ict_m_e_245724.wav"}}}