{"version":"1.0","dataSet":{"info":{"date":"20230116","occupation":"ICT","channel":"MOCK","place":"ONLINE","gender":"MALE","ageRange":"45-54","experience":"EXPERIENCED"},"question":{"raw":{"text":"네 어떠한 문제에 부딪쳤을 때 혼자 해결하시는 편입니까 아니면은 다양한 분들에게 이야기를 터놓으시는 편입니까","wordCount":14},"emotion":[],"intent":[]},"answer":{"raw":{"text":"저는 대체적으로 많은 사람들한테 조언을 구하지만 결국 최종적인 선택은 제가 해결하는 것 같습니다. 물론 인제 조언을 구하고 그것을 토대로 어 제가 결정을 하는 게 뭐 대부분 본인이 결정을 하는 게 대부분이겠지만 저는 일단은 그 문제에 대해서 어 좀 객관적이고 한 발자국 떨어져서 주변 사람들로부터 조언을 구하고 조언을 듣고 어 좀 판단을 하는 것 같습니다. 어 최종적으로 그 조언이나 주변의 판단 상황 등을 어 토대로 해 가지고 어 제 스스로 해결해야 되겠지만 가능하면 조언을 들으려고 하는 편입니다. 그렇지만 결국 문제는 본인이 최종적으로 선택을 하고 그것을 실행하는 것이기 때문에 최종적인 결론은 본인이 해결하는 게 맞다 라고 생각을 합니다. 조언을 구하되 어 본인이 결론을 내리고 남한테 떠맡기는 게 아니라 본인이 판단해서 결정을 해야 된다 라고 생각합니다.","wordCount":113},"emotion":[],"intent":[{"text":"","expression":"","category":"attitude"}],"summary":{"text":"저는 주변사람들로부터 조언을 구하고 조언을 듣고 판단을 하는 것 같습니다. 조언을 구하되 남한테 떠맡기는 게 아니라 본인이 판단해서 결정을 해야 된다고 생각합니다.","wordCount":22}}},"rawDataInfo":{"question":{"fileFormat":"wav","fileSize":382158,"duration":11940,"samplingBit":16,"channelCount":1,"samplingRate":"16kHz","audioPath":"/Mock/05.ICT/Male/Experienced/ckmk_q_ict_m_e_43945.wav"},"answer":{"fileFormat":"wav","fileSize":2505038,"duration":78280,"samplingBit":16,"channelCount":1,"samplingRate":"16kHz","audioPath":"/Mock/05.ICT/Male/Experienced/ckmk_a_ict_m_e_43945.wav"}}}