{"version":"1.0","dataSet":{"info":{"date":"20230116","occupation":"ICT","channel":"MOCK","place":"ONLINE","gender":"MALE","ageRange":"35-44","experience":"EXPERIENCED"},"question":{"raw":{"text":"지원자님께서 직장을 선택할 때 가장 중요하게 생각하는 세 가지가 있다면 각각 무엇인지 구체적으로 제시해 주시기 바랍니다","wordCount":16},"emotion":[],"intent":[]},"answer":{"raw":{"text":"예 이거 제가 어 사회 초년생 때부터 이십 대 후반 때부터 많이 고민을 해 왔던 부분인데요. 가장 중요한 것 세 가지를 꼽자면 첫 번째로는 임금 두 번째로는 사람 세 번째로는 업무의 속성인 것 같습니다. 이 셋 중에 하나라도 만족하는 부분이 있다면 어 그 회사에 계속 어 근무를 할 수 있는 그런 요건이 충족된다고 저는 생각을 하고 있고요. 이 그 임금 사람 자기의 업무 이 세 가지 아늑 어떤 것도 만족하지 못한다면 더 이상 그 회사에 근무를 하지 할 이유가 없다고 생각을 합니다. 네 그래서 어 실제로도 제가 첫 첫 직장 첫 정규직 직장에서 채 오 개월을 그 오 개월 근무를 했는데 그때 삼 개월이 넘어가면서부터 그런 이 중요한 세 가지에 대해서 계속 고민을 했었고 실제로도 세 가지 중에 어느 하나도 저에게 충족된 부분이 없었기 때문에 아 그때 스스로 이직을 결심하고 대학원에 진학했던 했었던 그런 그 경험이 있습니다.","wordCount":137},"emotion":[],"intent":[{"text":"","expression":"","category":"attitude"}],"summary":{"text":"사회 초년생 때부터 임금, 사람, 업무의 속성 중 하나라도 만족한다면 근무를 계속할 요건이 충족된다고 생각합니다. 실제로도 세 가지 중 어느 하나라도 충족된 것이 없어서 이직을 결심하고 대학원에 진학했던 경험이 있습니다.","wordCount":30}}},"rawDataInfo":{"question":{"fileFormat":"wav","fileSize":625998,"duration":19560,"samplingBit":16,"channelCount":1,"samplingRate":"16kHz","audioPath":"/Mock/05.ICT/Male/Experienced/ckmk_q_ict_m_e_298685.wav"},"answer":{"fileFormat":"wav","fileSize":2489998,"duration":77810,"samplingBit":16,"channelCount":1,"samplingRate":"16kHz","audioPath":"/Mock/05.ICT/Male/Experienced/ckmk_a_ict_m_e_298685.wav"}}}