{"version":"1.0","dataSet":{"info":{"date":"20230116","occupation":"ICT","channel":"MOCK","place":"ONLINE","gender":"MALE","ageRange":"35-44","experience":"EXPERIENCED"},"question":{"raw":{"text":"어 지원자님께서는 이 분야에 지원하기 위해서 어 여러 가지 노력을 하셨을 텐데요 어 구체적으로 어떤 노력을 하셨는지 어 생각나시는 대로 말씀해 주시길 바랍니다","wordCount":23},"emotion":[],"intent":[]},"answer":{"raw":{"text":"네 저는 어 덩공도 이제 컴퓨터 학을 전공을 했고 그리고 이 전산 분야에 종사를 하기 위해서 어 자격증을 많이 취득을 했습니다. 제가 지금 가지고 있는 자격증이 어 국내 국제 모두 합쳐서 한 다섯 개 정도 있구요. 아 작년 재작년에 마지막으로 그 아이티아이엘 파운데이션 버전 포를 취득을 하면서 조금 더 이 분야에 대해서 전문가가 되기 위해서 노력을 해왔고 앞으로도 계속 할 예정입니다. 지금은 이제 정보 시스템 감사사라는 그 씨아이에스 에이 라는 국제 아 국제 자격증을 준비 중이고요. 아 아마 제 계획대로 라면은 아 내년 상반기에는 이 자격을 취득할 수 있지 않을까 하고 있고 이 시간 나는 대로 조금씩 공부를 하고 있습니다.","wordCount":100},"emotion":[],"intent":[{"text":"","expression":"","category":"attitude"}],"summary":{"text":"저는 컴퓨터학을 전공하고 전산 분야에 종사하기 위해서 자격증을 많이 취득했습니다. 현재는 정보 시스템 감사사라는 국제 자격증을 준비 중이고 내년 상반기에는 취득할 수 있을 것 같습니다.","wordCount":25}}},"rawDataInfo":{"question":{"fileFormat":"wav","fileSize":467278,"duration":14600,"samplingBit":16,"channelCount":1,"samplingRate":"16kHz","audioPath":"/Mock/05.ICT/Male/Experienced/ckmk_q_ict_m_e_218127.wav"},"answer":{"fileFormat":"wav","fileSize":1760078,"duration":55000,"samplingBit":16,"channelCount":1,"samplingRate":"16kHz","audioPath":"/Mock/05.ICT/Male/Experienced/ckmk_a_ict_m_e_218127.wav"}}}