{"version":"1.0","dataSet":{"info":{"date":"20230116","occupation":"ICT","channel":"MOCK","place":"ONLINE","gender":"MALE","ageRange":"45-54","experience":"EXPERIENCED"},"question":{"raw":{"text":"좋은 개발자란 무엇일까요 좋은 개발자가 가지고 있어야 할 역량 요소를 세 가지로 구분해서 각각 말씀해 보십시오 또한 그 세 가지 요소를 당신이 가지고 있는지도 말해주세요","wordCount":25},"emotion":[],"intent":[]},"answer":{"raw":{"text":"일단 좋은 개발자라고 하면 그 첫 번째는 어 기술력이 뛰어난 사람이라고 생각합니다. 어 개발은 무엇인가를 만들어내는 창조적인 일이기 때문에 일단 기술적으로 뛰어나지 않으면 개발 자체를 할 수 없기 때문입니다. 그래서 어 좋은 개발자의 첫 번째 요소는 기술력이 뛰어난 사람이라고 생각합니다. 두 번째는 같이 일하고 싶은 사람입니다. 어 단순히 기술력만 뛰어난 것이 아니라 어 동료로서 아니면 뭐 상사로서 후배로서 같이 일하고 싶은 사람이 어 좋은 개발자의 두 번째 요소가 될 것 같습니다. 세 번째는 개발자로서는 사명감과 의무감이 있어야 된다고 생각합니다. 어 내가 개발한 이 프로그램이 이 시스템이 단순히 뭐 재미를 위한 것일 수도 있지만 이것이 공공의 목적을 위해서 어 사회에 어긋나 사회에 사회 통념에 어긋나지 않는 그런 어 공공의 목적성을 갖고 있는 개발자라고 생각합니다.","wordCount":113},"emotion":[],"intent":[{"text":"","expression":"","category":"attitude"}],"summary":{"text":"좋은 개발자는 기술력이 뛰어난 사람, 같이 일하고 싶은 사람, 사명감과 의무감이 있어야 된다고 생각합니다. 프로그램이 공공의 목적을 위해 사회에 어긋나지 않는 그런 공공의 목적성을 갖고 있는 개발자라고 생각합니다.","wordCount":28}}},"rawDataInfo":{"question":{"fileFormat":"wav","fileSize":671438,"duration":20980,"samplingBit":16,"channelCount":1,"samplingRate":"16kHz","audioPath":"/Mock/05.ICT/Male/Experienced/ckmk_q_ict_m_e_43943.wav"},"answer":{"fileFormat":"wav","fileSize":2537678,"duration":79300,"samplingBit":16,"channelCount":1,"samplingRate":"16kHz","audioPath":"/Mock/05.ICT/Male/Experienced/ckmk_a_ict_m_e_43943.wav"}}}