{"version":"1.0","dataSet":{"info":{"date":"20230116","occupation":"ICT","channel":"MOCK","place":"ONLINE","gender":"MALE","ageRange":"-34","experience":"EXPERIENCED"},"question":{"raw":{"text":"지원자님께서 만약에 본인이 현재 가지고 있는 위치보다 어려운 목표를 달성한 적이 있으시다면 지원자님의 그 경험을 말씀해 주시기 바랍니다","wordCount":18},"emotion":[],"intent":[]},"answer":{"raw":{"text":"더 어려웠던 목표는 즉 이번 미카이 챌린지였습니다. 사실상 경쟁사는 이미 상용화된 제품을 가지고 있고 우수한 기술 경쟁력을 어느 정도 인정받아 코스닥 성장도 이루어냈습니다. 이러한 어려운 목표를 달성하는데 가장 중요한 것은 의지인 것 같습니다. 단순히 강한 의지력이 아닌 격차가 많이 나는 상대에게 좌절하지 않고 묵묵히 시간을 쌓아 나가 결국엔 상대방과 동등하게 혹은 상대방과 앞서는 결과를 만들어내는 것입니다. 이는 매우 어려운 일이기에 동료들과 함께 고민하고 동료들과 함께 서로 힘이 되어 함께 나아가야 합니다. 그렇지 않다면 이 일은 매우 힘겹고 달성하기 어렵습니다.","wordCount":79},"emotion":[],"intent":[{"text":"","expression":"","category":"attitude"}],"summary":{"text":"경쟁사는 이미 상용화된 제품을 가지고 있고 기술 경쟁력을 인정받아 코스닥 성장도 이루어냈습니다. 어려운 목표를 달성하는데 가장 중요한 것은 의지인 것 같습니다. 이는 매우 어려운 일이기에 함께 나아가야 합니다.","wordCount":28}}},"rawDataInfo":{"question":{"fileFormat":"wav","fileSize":576398,"duration":18010,"samplingBit":16,"channelCount":1,"samplingRate":"16kHz","audioPath":"/Mock/05.ICT/Male/Experienced/ckmk_q_ict_m_e_252287.wav"},"answer":{"fileFormat":"wav","fileSize":2871118,"duration":89720,"samplingBit":16,"channelCount":1,"samplingRate":"16kHz","audioPath":"/Mock/05.ICT/Male/Experienced/ckmk_a_ict_m_e_252287.wav"}}}