{"version":"1.0","dataSet":{"info":{"date":"20230116","occupation":"ICT","channel":"MOCK","place":"ONLINE","gender":"MALE","ageRange":"35-44","experience":"EXPERIENCED"},"question":{"raw":{"text":"만약에 어 일을 하게 되었을 때 어 그 팀이 비 코더 리뷰에 대해 보수적이고 페어를 완강하게 거부하는 곳이라면 어 본인은 어떻게 대처하실 것입니까","wordCount":23},"emotion":[],"intent":[]},"answer":{"raw":{"text":"네 이 전형적인 조직 생활에 대한 특성인 것 같습니다. 어 저는 기본적으로는 어 제가 좋아하는 어떤 맹신하는 속담 중의 하나가 로마에 가면 로마 법을 따라라 라는 속담이거든요. 속담이라기보다 어떤 격언이라고 할 수 있겠네요. 네 저는 그 그 격언을 굉 저 마음속 깊숙히 언제나 담고 살아왔습니다. 그래서 어 어떤 조직에 조직의 환경이 바뀌더라도 그 조직에 맞춰서 그 조직의 문화에 따라가는 것이 맞다고 생각하구요. 제가 원래 저희가 속한 팀이 그 코드 리뷰에 대해서 보수적이든 페어를 완강하게 거부를 하든 그것은 그 쪽 그 조직의 특성입니다. 그 조직의 특성이 하루 아침에 만들어진 것이 아닐 것임을 저는 알고 있고요. 이것도 많은 시행착오 끝에 만들어진 조직 문화라고 생각합니다. 그렇기 때문에 모든 다 선배들의 지혜가 있을 것이고 이렇게 하는데 이유가 다 있다고 이해하고 이해하고 그것을 따를 것입니다.","wordCount":120},"emotion":[],"intent":[{"text":"","expression":"","category":"attitude"}],"summary":{"text":"저는 조직의 환경이 바뀌더라도 그 조직에 맞춰서 그 조직의 문화에 따라가는 것이 맞다고 생각합니다. 조직의 특성이 하루 아침에 만들어진 것이 아니기 때문에 모든 다 선배들의 지혜가 있을 것이고 이렇게 하는데 이유가 다 있다고 이해하고 이해하고 그것을 따를 것입니다.","wordCount":38}}},"rawDataInfo":{"question":{"fileFormat":"wav","fileSize":620878,"duration":19400,"samplingBit":16,"channelCount":1,"samplingRate":"16kHz","audioPath":"/Mock/05.ICT/Male/Experienced/ckmk_q_ict_m_e_182508.wav"},"answer":{"fileFormat":"wav","fileSize":2270158,"duration":70940,"samplingBit":16,"channelCount":1,"samplingRate":"16kHz","audioPath":"/Mock/05.ICT/Male/Experienced/ckmk_a_ict_m_e_182508.wav"}}}