{"version":"1.0","dataSet":{"info":{"date":"20230116","occupation":"ICT","channel":"MOCK","place":"ONLINE","gender":"MALE","ageRange":"-34","experience":"EXPERIENCED"},"question":{"raw":{"text":"어 지원자님이 생각하시기에 저희 회사가 해외 무대로 진출한다고 한다면 어디로 진출하면 좋을 것 같다는 생각이 드시나요 그리고 그렇게 생각한 이유도 함께 말씀해 주시길 바랍니다","wordCount":24},"emotion":[],"intent":[]},"answer":{"raw":{"text":"네 물론 우리 회사가 국내 뿐 아니라 해외로 진출한다면 매우 기쁜 일입니다. 그 중에서도 특히 북미 지역 그 중에서도 미국에 진출을 한다면 어 최고의 컴퓨터 강국인 미국 그리고 글로발 최신 기술을 적용하는 미국에서 진출하여 마켓 쉐어를 상당 부분 확보한다면 기술력 증명 뿐 아니라 대외적으로 홍보 효과도 매우 크고 이에 더해 매출 중대도 매우 크게 일어날 것입니다. 하지만 실질적으로 경쟁 구도가 매우 심하기 때문에 오히려 동남아 지역을 공략하여 시장을 먼저 선점하여 그곳에 플랫폼 회사로 거듭나는게 좋을 수 있습니다. 특히나 베트남 지역은 젊은 인구가 많고 인구도 일 억 명 이상이 때문에 베트남 지역을 추천하겠습니다. 이상입니다.","wordCount":93},"emotion":[{"text":"네 물론 우리 회사가 국내 뿐 아니라 해외로 진출한다면 매우 기쁜 일입니다.","expression":"p-happiness","category":"positive"}],"intent":[{"text":"","expression":"","category":"attitude"}],"summary":{"text":"우리 회사가 해외로 진출한다면 매우 기쁘지만, 실질적으로 경쟁 구도가 매우 심하기 때문에 오히려 동남아 지역을 공략하여 시장을 먼저 선점하는 것이 좋습니다. 특히 베트남 지역을 추천하겠습니다.","wordCount":25}}},"rawDataInfo":{"question":{"fileFormat":"wav","fileSize":585358,"duration":18290,"samplingBit":16,"channelCount":1,"samplingRate":"16kHz","audioPath":"/Mock/05.ICT/Male/Experienced/ckmk_q_ict_m_e_244675.wav"},"answer":{"fileFormat":"wav","fileSize":3815118,"duration":119220,"samplingBit":16,"channelCount":1,"samplingRate":"16kHz","audioPath":"/Mock/05.ICT/Male/Experienced/ckmk_a_ict_m_e_244675.wav"}}}