{"version":"1.0","dataSet":{"info":{"date":"20230116","occupation":"ICT","channel":"MOCK","place":"ONLINE","gender":"MALE","ageRange":"45-54","experience":"EXPERIENCED"},"question":{"raw":{"text":"어 이제까지 본인이 이런 어 이런 분야에 해당 분야에 지원하기 위해서 어떤 끊임없는 노력을 하셨는지 어 또 노력한 그런 상황에 대한 얘기를 듣고 싶네요 말씀해 보세요","wordCount":26},"emotion":[],"intent":[]},"answer":{"raw":{"text":"어 저는 해당 분야에 지원하기 위해서 항상 자료 수집을 합니다. 이것을 제 개인 자료집에 모으고 그것을 항상 관리하고 보완하고 있습니다. 저는 뭐 전에 직장에서 자료를 뭐 빼오겠다는 이런 의미가 아니라 제가 했던 일 프로젝트에 대해서 포트폴리오를 가지고 있습니다. 어 이것은 저의 자산이면서 제가 어 다른 일을 이 일을 계속 진행하는데 중요한 바탕이 됩니다. 경우에 따라서는 실패한 프로젝트도 있고 제가 성공한 것도 있 성공한 것도 있지만 실패한 것에서 더 많은 것을 배웁니다. 어 그 프로젝트가 왜 실패했는지 거기에 대한 피드백을 자료를 모으면서 다음번에는 그와 같은 실수를 하지 않도록 노력합니다. 저는 나름의 노하우를 제가 개인적으로 소장하고 어 보관하고 있으며 이것이 곧 저의 자산이라고 생각하고 있습니다.","wordCount":103},"emotion":[],"intent":[{"text":"","expression":"","category":"attitude"}],"summary":{"text":"저는 해당 분야에 지원하기 위해서 항상 자료 수집을 하고 이것을 제 개인 자료집에 모으고 이것을 항상 관리하고 보완하고 있습니다. 제가 했던 일 프로젝트에 대한 포트폴리오를 가지고 있고 이것은 저의 자산이면서 다른 일을 계속 진행하는데 중요한 바탕이 됩니다.","wordCount":37}}},"rawDataInfo":{"question":{"fileFormat":"wav","fileSize":583438,"duration":18230,"samplingBit":16,"channelCount":1,"samplingRate":"16kHz","audioPath":"/Mock/05.ICT/Male/Experienced/ckmk_q_ict_m_e_44293.wav"},"answer":{"fileFormat":"wav","fileSize":1971278,"duration":61600,"samplingBit":16,"channelCount":1,"samplingRate":"16kHz","audioPath":"/Mock/05.ICT/Male/Experienced/ckmk_a_ict_m_e_44293.wav"}}}