{"version":"1.0","dataSet":{"info":{"date":"20230116","occupation":"ICT","channel":"MOCK","place":"ONLINE","gender":"MALE","ageRange":"55-","experience":"EXPERIENCED"},"question":{"raw":{"text":"지원장님만의 장점과 단점을 설명해 주시고 그것을 특화시키고 극복하기 위한 노력도 함께 말씀해 주시기 바랍니다","wordCount":14},"emotion":[],"intent":[]},"answer":{"raw":{"text":"저의 장점은 계획적으로 일을 하는 것입니다. 회사의 업무를 추진할 때는 좀 더 면밀하게 계획을 세워서 심사숙고해서 진행을 하는 편이고 집에서 가정에서 여행 같은 것들을 갈 때도 계획적으로 준비해서 철저하게 시행하는 편입니다. 그러다 보니 시간이 조금 더 소요되고 다른 팀원이나 가족들이 때로는 편리 편안해 하기도 하지만 어 그런 부분들이 좀 불편해 하는 부분들도 있습니다. 좀 더 심하게 어 목록을 작성을 하고 심하게 준비를 하면 어 그런 반응들도 좀 나오기는 하는데요. 어 그런 것들을 통해서 어 저는 만족감과 편안함을 느낍니다. 그래서 어 계속적으로 그 시간과 노력을 투자를 하고 있고요. 아까 말씀드린 것처럼 그 자체가 다른 분들에게 불편함을 느끼게 되는 그게 단점이기도 합니다.","wordCount":100},"emotion":[{"text":"어 그런 것들을 통해서 어 저는 만족감과 편안함을 느낍니다.","expression":"p-happiness","category":"positive"}],"intent":[{"text":"","expression":"","category":"attitude"}],"summary":{"text":"회사 업무를 추진할 때는 면밀하게 계획을 세워서 심사숙고해서 진행을 하는 편이고, 집에서 여행을 갈 때도 계획적으로 준비해서 철저하게 시행하는 편입니다. 그러다 보니 시간이 조금 더 소요되고 다른 팀원이나 가족들이 편안해 하는 부분들도 있습니다.","wordCount":33}}},"rawDataInfo":{"question":{"fileFormat":"wav","fileSize":382158,"duration":11940,"samplingBit":16,"channelCount":1,"samplingRate":"16kHz","audioPath":"/Mock/05.ICT/Male/Experienced/ckmk_q_ict_m_e_296861.wav"},"answer":{"fileFormat":"wav","fileSize":2325198,"duration":72660,"samplingBit":16,"channelCount":1,"samplingRate":"16kHz","audioPath":"/Mock/05.ICT/Male/Experienced/ckmk_a_ict_m_e_296861.wav"}}}