{"version":"1.0","dataSet":{"info":{"date":"20230116","occupation":"ICT","channel":"MOCK","place":"ONLINE","gender":"MALE","ageRange":"35-44","experience":"EXPERIENCED"},"question":{"raw":{"text":"개발 업무에 관심이 많으신 것 같은데요 언제부터 개발 업무에 관심을 갖게 되셨는지 그리고 어떤 개발자가 되고 싶으신지 말씀해 주세요","wordCount":19},"emotion":[],"intent":[]},"answer":{"raw":{"text":"어 이제 개발자 파트가 된다면은 어 이제 밖에는 이런 미래 지향적인 모습과 어 이제 에이아이의 개발이 계속돼서 발전되고 있습니다. 그러면 해당 시대에 맞춰서 가야지 옛날 고차원적인 세계에서 옛날적인 생각만 계속 고수한다면 이상적인 개발은 나올 수가 없다고 생각합니다. 어 이제 점점 이 로보트화가 돼가고 현대화되는 이 사 차 산업 혁명 시대에서 어 개발자가 된다면은 그에 맞는 어 좀 더 고객들이 편리하고 좀 더 고객들이 만족할 수 있는 써비스를 개발해야 할 것 같은데 내가 실사용자 입장에서 내가 이런 것들을 갖고 싶다 이런 거는 정말 이상적으로 이루고 싶다 하는 것들이 분명히 있을 겁니다. 그런 것들을 제일 잘 접목시켜서 어 고객들이 정말 만족하고 고객들이 현실적으로 사용할 수 있는 그런 개발을 하는 게 내가 만약에 개발이 된다면 회사의 이익이나 회사의 이미지적으로 봐도 그런 모습이 제일 훌륭한 이상적인 개발자가 아니지 싶습니다. 네 이상입니다.","wordCount":127},"emotion":[],"intent":[{"text":"","expression":"","category":"attitude"}],"summary":{"text":"사차 산업 혁명 시대에서 어 개발자가 된다면 그에 맞는 좀 더 편리하고 만족스러운 써비스를 개발해야 할 것 같은데 실사용자 입장에서 이상적으로 이루고 싶은 것들을 가장 잘 접목시켜서 고객이 만족하고 현실적으로 사용할 수 있는 개발을 하는 것이 제일 이상적인 개발자가 아닐 것입니다.","wordCount":41}}},"rawDataInfo":{"question":{"fileFormat":"wav","fileSize":482318,"duration":15070,"samplingBit":16,"channelCount":1,"samplingRate":"16kHz","audioPath":"/Mock/05.ICT/Male/Experienced/ckmk_q_ict_m_e_140100.wav"},"answer":{"fileFormat":"wav","fileSize":2688718,"duration":84020,"samplingBit":16,"channelCount":1,"samplingRate":"16kHz","audioPath":"/Mock/05.ICT/Male/Experienced/ckmk_a_ict_m_e_140100.wav"}}}