{"version":"1.0","dataSet":{"info":{"date":"20230116","occupation":"ICT","channel":"MOCK","place":"ONLINE","gender":"MALE","ageRange":"55-","experience":"EXPERIENCED"},"question":{"raw":{"text":"오늘 면접을 준비하시느라 고생이 많았을 텐데요 어떤 방식으로 오늘 면접을 준비하셨는지 자세하게 말씀해 주실 수 있을까요","wordCount":16},"emotion":[],"intent":[]},"answer":{"raw":{"text":"오늘 면접을 위해서 일단 저의 경력을 다시 한 번 리스트 업을 해 보고 재 정리하는 시간을 가졌습니다. 그로 인해서 제가 그동안 경험치로 가지고 있었던 부분들에 대한 새로운 정리를 하게 되었고 제가 잊어버리고 있었던 부분들 그렇게 정리되고 또한 어떤 식으로 어 조리 있게 설명을 해야 할지 준비할 수 있었습니다. 또한 귀사에서 필요로 하는 인재상과 귀 회사가 지금 추구하고 있는 방향성 있는 일에 제가 어 적합한지 여부를 분석하기 위해서 회사의 비즈니스와 직무 채용하고자 하는 업무 등을 어 조사하게 되었고 분석한 후 제가 나름대로 면접 질문서도 몇 가지 작성을 해 보고 그것을 거울을 보면서 어 표정과 말투와 아 여러 가지 것들을 연습을 해 보았습니다. 또한 긴장도를 좀 낮추기 위해서 가족들을 앉혀 놓고 어 질문서를 주고 그 질문서를 저에게 질문을 한 후 그것을 답변을 해 보는 그런 연습들을 포함하여 어 여러 가지 것들을 어 시간을 투자하여서 준비를 하였습니다.","wordCount":134},"emotion":[],"intent":[{"text":"","expression":"","category":"attitude"}],"summary":{"text":"오늘 면접을 위해 경력 리스트 업을 하고 정리하는 시간을 가졌습니다. 그리고 회사와 귀사의 인재상과 방향성 있는 일에 적합성 분석을 위해 회사 비즈니스와 직무 채용하고자 하는 업무를 조사했습니다. 그리고 면접 질문서를 작성하고 거울을 보며 연습을 했습니다. 가족들을 앉혀 놓고 질문서를 주고 답변을 하는 연습을 통해 준비를 했습니다.","wordCount":46}}},"rawDataInfo":{"question":{"fileFormat":"wav","fileSize":614158,"duration":19190,"samplingBit":16,"channelCount":1,"samplingRate":"16kHz","audioPath":"/Mock/05.ICT/Male/Experienced/ckmk_q_ict_m_e_295814.wav"},"answer":{"fileFormat":"wav","fileSize":2788238,"duration":87130,"samplingBit":16,"channelCount":1,"samplingRate":"16kHz","audioPath":"/Mock/05.ICT/Male/Experienced/ckmk_a_ict_m_e_295814.wav"}}}