{"version":"1.0","dataSet":{"info":{"date":"20230116","occupation":"ICT","channel":"MOCK","place":"ONLINE","gender":"MALE","ageRange":"-34","experience":"EXPERIENCED"},"question":{"raw":{"text":"최근에 흥미롭게 하고 있는 일이 무엇이 있을까요 또 그 일이 왜 흥미가 있는지도 함께 설명해 주시면 감사하겠습니다","wordCount":17},"emotion":[],"intent":[]},"answer":{"raw":{"text":"네 최근 어 뭐 머신러닝 모델을 활용한 컴퓨터 비전 이미지 처리를 하고 있는데요. 어 이 일이 상당히 재미있는 이유는 아무래도 시각적인 사진 또는 동영상으로 나오기 때문입니다. 어 잘 정제된 데이터를 어 저의 모델에 맞게 가공을 하고 어 정말 그 데이터의 기질이 좋았을 때 결과 또한 좋게 나타나고 그 결과가 보이는 것 또한 사진 또는 영상이 이미지이기 때문에 재미있습니다.","wordCount":58},"emotion":[{"text":"어 이 일이 상당히 재미있는 이유는 아무래도 시각적인 사진 또는 동영상으로 나오기 때문입니다.","expression":"p-interest","category":"positive"},{"text":"어 잘 정제된 데이터를 어 저의 모델에 맞게 가공을 하고 어 정말 그 데이터의 기질이 좋았을 때 결과 또한 좋게 나타나고 그 결과가 보이는 것 또한 사진 또는 영상이 이미지이기 때문에 재미있습니다.","expression":"p-interest","category":"positive"}],"intent":[{"text":"네 최근 어 뭐 머신러닝 모델을 활용한 컴퓨터 비전 이미지 처리를 하고 있는데요.","expression":"i_hwsw_prfi","category":"attitude"}],"summary":{"text":"최근 머신러닝 모델을 활용한 컴퓨터 비전 이미지 처리를 하는데 시각적인 사진 또는 영상이 이미지이기 때문에 상당히 재미있습니다. 이는 이미지이기 때문입니다.","wordCount":20}}},"rawDataInfo":{"question":{"fileFormat":"wav","fileSize":397198,"duration":12410,"samplingBit":16,"channelCount":1,"samplingRate":"16kHz","audioPath":"/Mock/05.ICT/Male/Experienced/ckmk_q_ict_m_e_242832.wav"},"answer":{"fileFormat":"wav","fileSize":1176078,"duration":36750,"samplingBit":16,"channelCount":1,"samplingRate":"16kHz","audioPath":"/Mock/05.ICT/Male/Experienced/ckmk_a_ict_m_e_242832.wav"}}}