{"version":"1.0","dataSet":{"info":{"date":"20230116","occupation":"ICT","channel":"MOCK","place":"ONLINE","gender":"MALE","ageRange":"45-54","experience":"EXPERIENCED"},"question":{"raw":{"text":"대한민국의 금융정책기관으로서 우리 신용보증기금이 호가 돼야 할 업무 영역은 무엇이라고 생각하시는지 말씀해 주시겠어요","wordCount":13},"emotion":[],"intent":[]},"answer":{"raw":{"text":"금리 인상에 따른 금리 인상에 따른 벌어질 일들에 대한 예측을 조금 해야 된다고 생각을 합니다. 요새 이제 금리가 계속 계속 오르면서 이제 대출 받았던 사람들은 매달 내야 할 그 돈의 액수가 늘어나니까 이렇게 지갑을 닫게 되었어요. 지갑을 닫으니까 이렇게 자영업자분들의 입장에서는 돈을 써야 할 사람들이 지갑을 닫으니까 매출이 줄고 있어요. 매출이 줄고 있다는 것은 우리나라의 전반적으로 이렇게 다운이 되고 있는 아주 안 좋은 영향이라고 생각을 해요. 그렇지만 대한민국 금융정책기관이라고 하면 그런 금리 인상에 따른 어떤 안 좋은 일들을 충분히 예상할 수 있다고 생각합니다. 그렇게 해서 우리나라 경제가 안 좋아지지 않게 미리 미리 예상하여 그것들을 잘 마련하는 것이 필요하다고 생각을 합니다.","wordCount":100},"emotion":[],"intent":[{"text":"","expression":"","category":"attitude"}],"summary":{"text":"금리 인상으로 대출 받았던 사람들은 매달 내야 할 돈의 액수가 늘어나서 소비를 줄입니다. 자영업자분들의 입장에서는 돈을 써야 할 사람들이 소비를 줄이니 매출이 줄고 있습니다. 금융정책기관은 금리 인상에 따른 안 좋은 일들을 예상할 수 있으므로 미리 예상해 두어야 합니다.","wordCount":38}}},"rawDataInfo":{"question":{"fileFormat":"wav","fileSize":450638,"duration":14080,"samplingBit":16,"channelCount":1,"samplingRate":"16kHz","audioPath":"/Mock/05.ICT/Male/Experienced/ckmk_q_ict_m_e_205799.wav"},"answer":{"fileFormat":"wav","fileSize":2433038,"duration":76030,"samplingBit":16,"channelCount":1,"samplingRate":"16kHz","audioPath":"/Mock/05.ICT/Male/Experienced/ckmk_a_ict_m_e_205799.wav"}}}