{"version":"1.0","dataSet":{"info":{"date":"20230116","occupation":"ICT","channel":"MOCK","place":"ONLINE","gender":"MALE","ageRange":"55-","experience":"EXPERIENCED"},"question":{"raw":{"text":"지원자님께서는 이 분야에 왜 관심을 가지게 되셨나요 또 왜 이 회사를 지원하셨는지 궁금합니다","wordCount":13},"emotion":[],"intent":[]},"answer":{"raw":{"text":"안녕하세요. 어 지원 동기는 원래 저는 아날로그 음향 엔지니어였습니다. 음향 개발을 주로 하다가 그 옛날에 퍼지 이론이라는 그런 게 있어가지고 늘 생각하고 있는데 그게 에 에이아이 인공지능으로 변형되는 그런 느낌이 있어 가지고서는 평소에 늘 관심은 가졌습니다. 그러나 이 정확한 걸 몰랐는데 요즘에 이 어 클라우드 에이아이 허브 저 전파 진흥협회 에이아이 허브에서 그 강의를 제가 듣고서 수료증을 몇개를 땄습니다. 그런데 거기서 이제 보니까 아 이게 이런 에이아이가 이런 구조구나 하고서 저기 관심을 갖게 됐고 공부를 또 하게 됐습니다. 단순하게 지원하는 데 어 음성이니까 제가 전공핸게 또 음향 쪽에 많이 전공을 했기 때문에 오늘 이렇게 지원을 하게 되었습니다. 감사합니다.","wordCount":98},"emotion":[],"intent":[{"text":"그런데 거기서 이제 보니까 아 이게 이런 에이아이가 이런 구조구나 하고서 저기 관심을 갖게 됐고 공부를 또 하게 됐습니다.","expression":"c_imp","category":"personality"},{"text":"단순하게 지원하는 데 어 음성이니까 제가 전공핸게 또 음향 쪽에 많이 전공을 했기 때문에 오늘 이렇게 지원을 하게 되었습니다.","expression":"c_sincere_job","category":"etc"}],"summary":{"text":"아날로그 음향 엔지니어였던 저는 최근에 클라우드 에이아이 허브의 강의를 듣고서 수료증을 따고 공부를 하다가 이것이 에이아이 인공지능으로 변형되는 구조구나 하고 관심을 갖게 됐습니다. 전공이 음향 쪽이라 오늘 지원을 하게 되었습니다.","wordCount":30}}},"rawDataInfo":{"question":{"fileFormat":"wav","fileSize":375758,"duration":11740,"samplingBit":16,"channelCount":1,"samplingRate":"16kHz","audioPath":"/Mock/05.ICT/Male/Experienced/ckmk_q_ict_m_e_229113.wav"},"answer":{"fileFormat":"wav","fileSize":2507598,"duration":78360,"samplingBit":16,"channelCount":1,"samplingRate":"16kHz","audioPath":"/Mock/05.ICT/Male/Experienced/ckmk_a_ict_m_e_229113.wav"}}}