{"version":"1.0","dataSet":{"info":{"date":"20230116","occupation":"ICT","channel":"MOCK","place":"ONLINE","gender":"MALE","ageRange":"55-","experience":"EXPERIENCED"},"question":{"raw":{"text":"오브젝 오리엔테이션 프로그래밍에 대해 설명해 주시겠습니까","wordCount":6},"emotion":[],"intent":[]},"answer":{"raw":{"text":"개체지향성 프로그래밍이라고 들었습니다. 개체지향성 프로그램을 추구하는 이유는 프로그램을 구성하는 단위를 오브젝트라고 하는 모듈 단위로 구성을 하여 프로그램을 관리하고 운영하고자 하는 목적으로 알고 있습니다. 오브젝트 단위로 프로그램을 관리하게 되면 재사용성을 높이고 향후 개발자가 바뀌더라도 유지 보수라든지 코드의 수정 업데이트 같은 것들을 보다 효율적으로 할 수 있기 때문입니다. 그렇게 함으로써 프로그램을 재개발해야 되는 그런 낭비적인 이슈와 프로그래머가 바뀜으로 인해서 생기는 어 그 코드에 대한 이해 분석 또 적용을 위해서 소요되는 시간들을 줄일 수 있게 되고 이런 어 모듈화된 프로그램을 통해서 어 다른 프로그램을 만들었을 때 모듈 식으로 구성하여서 재사용성을 높여 결국 생산성을 높이고 비용을 절감할 수 있는 그런 효과까지 얻을 수 있는 프로그램입니다.","wordCount":101},"emotion":[],"intent":[{"text":"","expression":"","category":"attitude"}],"summary":{"text":"개체지향성 프로그램은 프로그램을 구성하는 단위를 오브젝트라는 모듈 단위로 구성하여 프로그램을 관리하고 운영하는 것입니다. 모듈화된 프로그램을 통해서 다른 프로그램을 만들었을 때 재사용성을 높여 결국 생산성을 높이고 비용을 절감할 수 있는 효과를 얻을 수 있습니다.","wordCount":33}}},"rawDataInfo":{"question":{"fileFormat":"wav","fileSize":242638,"duration":7580,"samplingBit":16,"channelCount":1,"samplingRate":"16kHz","audioPath":"/Mock/05.ICT/Male/Experienced/ckmk_q_ict_m_e_295813.wav"},"answer":{"fileFormat":"wav","fileSize":2515918,"duration":78620,"samplingBit":16,"channelCount":1,"samplingRate":"16kHz","audioPath":"/Mock/05.ICT/Male/Experienced/ckmk_a_ict_m_e_295813.wav"}}}