{"version":"1.0","dataSet":{"info":{"date":"20230116","occupation":"ICT","channel":"MOCK","place":"ONLINE","gender":"MALE","ageRange":"45-54","experience":"EXPERIENCED"},"question":{"raw":{"text":"무언가를 달성하기 위해 목표를 세우고 이 삼 년 간 노력해서 목표를 달성한 경험이 있나요","wordCount":14},"emotion":[],"intent":[]},"answer":{"raw":{"text":"어 저는 개인적으로 한 오 육 한 칠 팔 년쯤 전에 건강이 안 좋아서 회사를 잠깐 쉴 때가 있었습니다. 그때 뭐 병원을 다니고 치료를 하면서 그 남는 시간을 좀 활용해 볼까 하는 마음에 보육 교사 그 평생 교육원에서 대학교에서 실시하는 평생 교육원에서 보육 교사 자격증을 공부를 했습니다. 물론 한 이 년 년 동안에 시급 시간을 들여서 어 현재는 자격증을 수료 어 자격증을 땄고요. 어 그동안 그러니까 쉬는 시간 쉬는 동안 왜 보육 교사 그 공부를 했냐 하면 저는 나중에 뭐 그게 언제가 될지 모르겠지만 은퇴를 하면 아이들을 상대로 한 보육 교육 사업에 좀 관심을 갖고 있습니다. 그래서 좀 시간이 남았을 때 시간이 됐을 때 그 뭐 인터넷으로 공부하고 뭐 주말에는 학교에 나가고 또 그리고 나서 뭐 실습까지 마치면서 뭐 최종적으로 보육 교사 자격증을 땄습니다.","wordCount":124},"emotion":[],"intent":[{"text":"","expression":"","category":"attitude"}],"summary":{"text":"저는 개인적으로 건강이 좋지 않았던 시기에 보육교사 자격증을 따고 싶었습니다. 퇴직 후 아이들을 상대로 한 보육 교육 사업에 관심을 갖고 시간을 들여서 공부하여 최종적으로 보육 교사 자격증을 따랐습니다.","wordCount":28}}},"rawDataInfo":{"question":{"fileFormat":"wav","fileSize":316238,"duration":9880,"samplingBit":16,"channelCount":1,"samplingRate":"16kHz","audioPath":"/Mock/05.ICT/Male/Experienced/ckmk_q_ict_m_e_44300.wav"},"answer":{"fileFormat":"wav","fileSize":2377038,"duration":74280,"samplingBit":16,"channelCount":1,"samplingRate":"16kHz","audioPath":"/Mock/05.ICT/Male/Experienced/ckmk_a_ict_m_e_44300.wav"}}}