{"version":"1.0","dataSet":{"info":{"date":"20230116","occupation":"ICT","channel":"MOCK","place":"ONLINE","gender":"MALE","ageRange":"35-44","experience":"EXPERIENCED"},"question":{"raw":{"text":"본인의 십 년 후 미래에 대해 생각해 보신 적이 있나요 저희 회사에는 계속 다니고 있을 것 같나요","wordCount":17},"emotion":[],"intent":[]},"answer":{"raw":{"text":"네 십 년 후에는 저는 이 회사에 여전히 근무하고 있을 거라고 생각합니다. 제 나이가 지금 마흔이 넘었고요. 아 그리고 어 현직까지도 이직이 이직을 한 네 다섯 번 정도 하면서 어 충분히 이 제 커리어를 많이 향상시켰다고 자꾸 하는데 어 그 저의 삼십 대는 이 삼십 대는 그렇게 저를 한 한 단계 업그레이드를 하기 위한 그런 기간이었고 이제 사십 대 오십 대에는 한 회사에 안착하고 정착 정착하면서 그 회사에서 나 자신을 스스로 돌아보기도 하고 좀 더 그 그 자체적으로 발전해 지키는 그런 기간이라고 생각하기 때문에 십 년 후에도 저는 여전히 이 회사에서 어 근무를 하고 있을 거라고 생각을 합니다. 십 년 후에 제가 이 회사에서 어 굉장히 어 높은 직책에 있을 거라고 생각이 되구요. 어 현재 지금 아이티 매니저로 일을 하고 있지만 아이티 자체를 이끌어 갈 수 있는 그런 중요한 디렉터 역할을 하고 있지 않을까 싶습니다.","wordCount":135},"emotion":[],"intent":[{"text":"","expression":"","category":"attitude"}],"summary":{"text":"이직을 한 네 다섯 번 정도 하면서 커리어를 많이 향상시켰다고 하는데, 저는 이제 사십 대 오십 대에는 회사에 안착하고 정착하면서 스스로를 돌아보기도 하고 좀 더 자체 발전해 지키는 기간이라고 생각하기 때문에 십 년 후에도 이 회사에서 높은 직책에 있을 거라고 생각합니다.","wordCount":41}}},"rawDataInfo":{"question":{"fileFormat":"wav","fileSize":257998,"duration":8060,"samplingBit":16,"channelCount":1,"samplingRate":"16kHz","audioPath":"/Mock/05.ICT/Male/Experienced/ckmk_q_ict_m_e_182503.wav"},"answer":{"fileFormat":"wav","fileSize":2185998,"duration":68310,"samplingBit":16,"channelCount":1,"samplingRate":"16kHz","audioPath":"/Mock/05.ICT/Male/Experienced/ckmk_a_ict_m_e_182503.wav"}}}