{"version":"1.0","dataSet":{"info":{"date":"20230116","occupation":"ICT","channel":"MOCK","place":"ONLINE","gender":"MALE","ageRange":"45-54","experience":"EXPERIENCED"},"question":{"raw":{"text":"어 다른 지원자님들에 비해 지원자님이 가진 차별성이나 장점을 어필하는 것은 굉장히 중요한데요 그런 것들을 저희에게 어필해 주신다면 어떤 것이 있으신지 말씀해 주시길 바랍니다","wordCount":23},"emotion":[],"intent":[]},"answer":{"raw":{"text":"저는 불만을 제기하지 않습니다. 불만을 제기하지 않고 저는 불과 담배를 함께 제기합니다. 그렇게 불만을 제기하지 않는 태도는 사람들 사이에서 어 되게 모든 것들을 조금 부드럽게 만들어주는 것 같아요. 불만을 제기하지 않고 불과 함께 담배를 제기하게 되면 받는 사람 입장에서는 그것이 굉장히 따뜻하게 다가와요. 아 이 사람이 나에 대해서 이 정도로 생각을 하고 있구나 라는 생각이 들면은 그 사람은 저에게 신뢰를 그 사람과 저의 신뢰 관계가 쌓인다 고 저는 생각을 합니다. 그런 신뢰를 쌓기 위한 저의 이런 작은 노력이 회사 생활에서도 이제 회사에서 담배를 피러 옥상에 올라갔을 때 불만을 제기하는 게 아니라 불과 담배를 함께 제기하는 것 그런 것이 이제 기존의 회사를 다니고 있던 사람들에게 친밀감을 형성시키는데 매우 중요하다고 생각을 하기 때문에 그렇게 그런 것을 해왔던 저로써는 다른 사람들에 비해서는 장점에 위치에 있다 라고 저는 자신 있게 말씀드릴 수 있을 것 같습니다.","wordCount":131},"emotion":[],"intent":[{"text":"그런 신뢰를 쌓기 위한 저의 이런 작은 노력이 회사 생활에서도 이제 회사에서 담배를 피러 옥상에 올라갔을 때 불만을 제기하는 게 아니라 불과 담배를 함께 제기하는 것 그런 것이 이제 기존의 회사를 다니고 있던 사람들에게 친밀감을 형성시키는데 매우 중요하다고 생각을 하기 때문에 그렇게 그런 것을 해왔던 저로써는 다른 사람들에 비해서는 장점에 위치에 있다 라고 저는 자신 있게 말씀드릴 수 있을 것 같습니다.","expression":"c_adp","category":"personality"}],"summary":{"text":"불만을 제기하지 않는 태도는 사람들을 부드럽게 만드는 것 같습니다. 불만을 제기하지 않고 불과 함께 담배를 제기하면 받는 이가 저에 대해 신뢰가 쌓인다고 생각합니다. 그런 신뢰를 쌓기 위한 작은 노력이 회사 생활에서도 불과 담배를 함께 제기하는 것이 기존의 사람들에게 친밀감을 형성시키는데 중요하다고 생각하기 때문입니다.","wordCount":43}}},"rawDataInfo":{"question":{"fileFormat":"wav","fileSize":489038,"duration":15280,"samplingBit":16,"channelCount":1,"samplingRate":"16kHz","audioPath":"/Mock/05.ICT/Male/Experienced/ckmk_q_ict_m_e_206438.wav"},"answer":{"fileFormat":"wav","fileSize":2734158,"duration":85440,"samplingBit":16,"channelCount":1,"samplingRate":"16kHz","audioPath":"/Mock/05.ICT/Male/Experienced/ckmk_a_ict_m_e_206438.wav"}}}