{"version":"1.0","dataSet":{"info":{"date":"20230116","occupation":"ICT","channel":"MOCK","place":"ONLINE","gender":"MALE","ageRange":"-34","experience":"EXPERIENCED"},"question":{"raw":{"text":"최근에 접한 뉴스들 가운데 가장 인상 깊게 봤던 뉴스는 무엇이 있나요 무엇인지 왜 인상 깊었는지 이유도 함께 설명해 주세요","wordCount":19},"emotion":[],"intent":[]},"answer":{"raw":{"text":"세금 보험 수료 이천 이십 이 년 도에 정기 연고전 고연전이 개최되었다는 소식이었습니다. 왜냐하면 이제는 정말로 위드 코로나가 아닌 앤데믹까지 이르렀다고 생각이 들었습니다. 또한 다른 콘서트들도 많이 개최되는 부분을 보았습니다. 비대면 언텍트가 영원히 사라지진 않고 우리 삶에 지속적으로 남아 있겠지만 이러한 엔데믹에 가까워지는 신호들 실내 마스크 해제 등이 연이어 발표된다면 산업의 동향은 조금 다른 방향으로 흘러갈 것이고 기업의 주요 매출원도 변화하고 또한 엔데믹 팬데믹의 수해를 입었던 기업들도 본인들의 사업을 재점검하고 필요식 피버팅이 필요해 보입니다. 이렇게 사회의 흐름이 변해간다는 점을 느껴 해당 뉴스를 꼽았습니다.","wordCount":83},"emotion":[],"intent":[{"text":"","expression":"","category":"attitude"}],"summary":{"text":"비대면 언텍트가 영원하지는 않겠지만 엔데믹에 가까워지는 신호들이 연이어 발표된다면 산업의 동향은 조금 다른 방향으로 흘러갈 것이고 기업의 주요 매출원도 변화할 것입니다. 이렇게 사회의 흐름이 변해간다는 점을 느껴 해당 뉴스를 꼽았습니다.","wordCount":30}}},"rawDataInfo":{"question":{"fileFormat":"wav","fileSize":412878,"duration":12900,"samplingBit":16,"channelCount":1,"samplingRate":"16kHz","audioPath":"/Mock/05.ICT/Male/Experienced/ckmk_q_ict_m_e_252284.wav"},"answer":{"fileFormat":"wav","fileSize":2914958,"duration":91090,"samplingBit":16,"channelCount":1,"samplingRate":"16kHz","audioPath":"/Mock/05.ICT/Male/Experienced/ckmk_a_ict_m_e_252284.wav"}}}