{"version":"1.0","dataSet":{"info":{"date":"20230116","occupation":"ICT","channel":"MOCK","place":"ONLINE","gender":"MALE","ageRange":"35-44","experience":"EXPERIENCED"},"question":{"raw":{"text":"공동체의 가치에 입각해서 무형문화유산의 보호에 있어 적용되는 사회적인 관념은 무엇이라고 생각하시는지 답변 부탁드립니다","wordCount":13},"emotion":[],"intent":[]},"answer":{"raw":{"text":"예 유형 문화재든 무형 문화유산이든 어 모든 문화유산은 그것을 문화유산으로 지정했다는 데 의의가 있습니다. 그 다 이유가 있겠죠. 그만큼 어 우리 우리네의 대한민국 아 대한민국의 그 역사에 굉장히 소중한 것이기 때문에 어 유산들을 이렇게 무형이다 유형이다 유산들을 지정한 것일 것이구요. 사회적 관념이 무어라고 생각하는지는 사실 사실 솔직하게 어 답변 드리기는 좀 어렵지만 제가 생각하는 모든 문화 유산들은 굉장히 그 어 건전한 그 사회 시민 의식을 가지고 그것을 지켜내야 한다고 생각을 합니다. 어 예 제가 이 사회 공동체 일원으로서 저 역시 모든 문화 예산들을 유심히 살피고 그리고 지나가면서도 그 이것이 왜 문화유산으로 지정이 되었을까 라는 것에 대해서 생각해보고 그것을 훼손하지 않도록 저의 후손들에게도 잘 교육을 시킬 예정입니다.","wordCount":106},"emotion":[],"intent":[{"text":"","expression":"","category":"attitude"}],"summary":{"text":"모든 문화유산은 문화유산으로 지정했다는 데 의의가 있습니다. 그 이유는 대한민국 역사에 굉장히 소중한 것이기 때문에 유산들을 무형이나 유형으로 유산들을 지정한 것일 것입니다. 모든 문화 유산들은 건전한 사회 시민 의식을 가지고 지켜내야 한다고 생각합니다.","wordCount":33}}},"rawDataInfo":{"question":{"fileFormat":"wav","fileSize":627598,"duration":19610,"samplingBit":16,"channelCount":1,"samplingRate":"16kHz","audioPath":"/Mock/05.ICT/Male/Experienced/ckmk_q_ict_m_e_258288.wav"},"answer":{"fileFormat":"wav","fileSize":2220238,"duration":69380,"samplingBit":16,"channelCount":1,"samplingRate":"16kHz","audioPath":"/Mock/05.ICT/Male/Experienced/ckmk_a_ict_m_e_258288.wav"}}}