{"version":"1.0","dataSet":{"info":{"date":"20230116","occupation":"ICT","channel":"MOCK","place":"ONLINE","gender":"MALE","ageRange":"35-44","experience":"EXPERIENCED"},"question":{"raw":{"text":"어 스스로 생각했을 때 상위 일 퍼센트의 뛰어난 능력이 있다면 그 능력을 최대한 구체적으로 얘기해 주시겠습니까","wordCount":16},"emotion":[],"intent":[]},"answer":{"raw":{"text":"네 아 굉장히 어려운 질문인데요. 아 저의 상위 일 퍼센트의 능력은 결코 있는 추진력이라고 생각을 합니다. 저는 그렇게 크게 많이 고민을 하는 걸 별로 좋아하지 않아요 제 아 뭐 탈모 생기기도 싫고 그래서 고민을 많이 하고 싶지 않아서 대부분이면 어 아주 빠른 시간에 어 거의 하루를 넘기지 않는 것 같습니다 어떤 고민이라도요 그래서 그거를 빨리 고민을 해야 하고 그 그것을 추진을 추진할 수 있는 그런 추진력이 저해 돼요 능력이라고 저는 생각을 하고요 그 추진함으로써 에 대한 그런 어떤 잘못됐을 잘 될 수도 있고 잘못될 수도 있는데 잘못됐을 때 그런 그런 여파는 제가 책임을 져야 하는 그런 책임감으로 생각을 하고 있습니다 제가 다 결정을 했고 책임도 제가 져야 한다 이런 마인드를 세팅하고 있기 때문에 어 중요한 건 저에게 제가 스스로 받는 스트레스를 최소화하자 이게 가장 중요하네요 가장 상황이 일 퍼센트의 능력은 추진력이고요","wordCount":131},"emotion":[],"intent":[{"text":"","expression":"","category":"attitude"}],"summary":{"text":"저는 큰 고민을 많이 하는 걸 별로 좋아하지 않습니다. 어떤 고민이라도 빨리 고민을 해야 하고 그것을 추진 할 수 있는 추진력이 저해 됩니다. 그것을 추진함으로써 잘못될 수도 있는데 그 여파는 제가 책임을 져야 한다고 생각하고 있습니다. 가장 상황이 일 퍼센트의 능력은 추진력입니다.","wordCount":42}}},"rawDataInfo":{"question":{"fileFormat":"wav","fileSize":457038,"duration":14280,"samplingBit":16,"channelCount":1,"samplingRate":"16kHz","audioPath":"/Mock/05.ICT/Male/Experienced/ckmk_q_ict_m_e_175911.wav"},"answer":{"fileFormat":"wav","fileSize":2319438,"duration":72480,"samplingBit":16,"channelCount":1,"samplingRate":"16kHz","audioPath":"/Mock/05.ICT/Male/Experienced/ckmk_a_ict_m_e_175911.wav"}}}