{"version":"1.0","dataSet":{"info":{"date":"20230116","occupation":"ICT","channel":"MOCK","place":"ONLINE","gender":"MALE","ageRange":"55-","experience":"EXPERIENCED"},"question":{"raw":{"text":"지원자님은 특별히 가고 싶은 회사가 있으신가요 회사를 볼 때 특정 도메인이 중요한지 아니면 회사의 전체적인 분위기가 중요한지 어떤 점을 더 중점적으로 보시는지 말씀해 주세요","wordCount":24},"emotion":[],"intent":[]},"answer":{"raw":{"text":"카카오 뱅크 또는 토스를 떠올리게 되는데요. 이 분야에 업을 하고 있는 회사들의 영역을 핀테크라는 도메인이라고 부르기도 하지요. 우리가 일을 함에 있어서 그 회사가 영위하고 있는 업종 도메인이라고 표현되는 그 부분도 중요하기도 하고 개인의 어떤 소질을 개발을 하고 향후의 미래를 생각하면서 개인적인 부분들을 생각했을 때는 도메인도 중요하고 회사의 분위기도 중요하다고 생각을 합니다. 저는 오래 전 직장 생활 경험으로 큰 회사의 조직에서 근무를 했을 때 과거에는 매우 권위적이었었고 어 상명하달 뭐 마추어 분위기라고 할까요. 그런 군대식 분위기가 거의 대부분을 차지하고 있었던 음 그런 시절이 있었는데 저는 마음속으로부터 굉장히 그런 부분들이 좋지 않았고 굉장히 편안하고 자율적이며 창의적으로 어 개인의 능력을 최대한 발휘해 줄 수 있는 그런 분위기가 형성이 되는 그런 회사를 선호하고 그런 회사를 꾸며 가고 싶습니다. 감사합니다.","wordCount":115},"emotion":[],"intent":[{"text":"","expression":"","category":"attitude"}],"summary":{"text":"개인의 소질을 개발하고 향후의 미래를 생각하면서 개인적인 부분들을 생각했을 때는 회사의 분위기도 중요하다고 생각합니다. 권위적이고 군대식 분위기였던 과거와는 다르게 편안하고 자율적이며 창의적으로 개인의 능력을 최대한 발휘해 줄 수 있는 회사를 선호합니다.","wordCount":31}}},"rawDataInfo":{"question":{"fileFormat":"wav","fileSize":605518,"duration":18920,"samplingBit":16,"channelCount":1,"samplingRate":"16kHz","audioPath":"/Mock/05.ICT/Male/Experienced/ckmk_q_ict_m_e_303036.wav"},"answer":{"fileFormat":"wav","fileSize":2864078,"duration":89500,"samplingBit":16,"channelCount":1,"samplingRate":"16kHz","audioPath":"/Mock/05.ICT/Male/Experienced/ckmk_a_ict_m_e_303036.wav"}}}