{"version":"1.0","dataSet":{"info":{"date":"20230116","occupation":"ICT","channel":"MOCK","place":"ONLINE","gender":"MALE","ageRange":"-34","experience":"EXPERIENCED"},"question":{"raw":{"text":"면접자께서는 고객님께서 우리가 제작한 홈페이지 화면이 로딩 속도가 느리다고 요청이 왔습니다 어떻게 해결할 것인가에 대해서 설명 부탁드리겠습니다","wordCount":17},"emotion":[],"intent":[]},"answer":{"raw":{"text":"네 홈페이지 화면이 로딩이 느리다는 민원은 여러 가지 원인이 있을 수 있습니다. 우선 고객이 환경을 점검하는 부분도 중요합니다. 하지만 이는 실무에서 굉장히 어렵기 때문에 자체 서버 로그 및 서버의 접속 상태를 점검해야 합니다. 물론 고객이 접속한 시간대가 중요한 변수가 될 수도 있습니다. 혹은 또 다른 중요한 기회가 될 수 있습니다 대개 시스템의 장애는 큰 일이 일어나지 않는 이상 알기 어려운데 오히려 이 현상이 실제로 조금씩 일어나고 있다면 이참에 수정을 하고 보완을 하는 것이 더 큰 장애를 막을 수 있기 때문입니다. 따라서 고객이 최초 접속하는 시점부터 우리 서버의 요청을 전달하는 전 과정 요소요소를 분석하여 의심되는 지역이나 확신을 가진 문제점을 찾아내고 주오 테스트를 통해 더욱 분석하여 수정하겠습니다.","wordCount":105},"emotion":[],"intent":[{"text":"","expression":"","category":"attitude"}],"summary":{"text":"홈페이지 화면이 로딩이 느리다는 민원은 여러 가지 원인이 있을 수 있습니다. 고객이 환경을 점검하는 부분도 중요하지만 실무에서 굉장히 어렵기 때문에 자체 서버 로그 및 서버의 접속 상태를 점검해야 합니다.","wordCount":29}}},"rawDataInfo":{"question":{"fileFormat":"wav","fileSize":474638,"duration":14830,"samplingBit":16,"channelCount":1,"samplingRate":"16kHz","audioPath":"/Mock/05.ICT/Male/Experienced/ckmk_q_ict_m_e_251803.wav"},"answer":{"fileFormat":"wav","fileSize":3801678,"duration":118800,"samplingBit":16,"channelCount":1,"samplingRate":"16kHz","audioPath":"/Mock/05.ICT/Male/Experienced/ckmk_a_ict_m_e_251803.wav"}}}