{"version":"1.0","dataSet":{"info":{"date":"20230116","occupation":"ICT","channel":"MOCK","place":"ONLINE","gender":"MALE","ageRange":"55-","experience":"EXPERIENCED"},"question":{"raw":{"text":"면접자님께선 평소에 개인 작업을 많이 하시는 편인가요 그렇다면 그렇게 할 수 있는 원동력은 무엇이라고 생각하는지 말씀해 주세요","wordCount":17},"emotion":[],"intent":[]},"answer":{"raw":{"text":"개인적인 작업을 했다라기보다는 개인의 어떤 역량을 높이기 위한 준비들을 많이 해 왔습니다. 어 실질적으로 어떤 퍼포먼스를 어 증대시키기 위해서는 새로운 신사업 분야를 끊임없이 공부하고 준비하고 하면서 사업에 관련된 모델링을 해보고 미래 사회의 변화를 예측을 해 보는 그런 어 훈련을 많이 했었고요. 또한 우리 사회가 기술 발달과 또 발달 속도가 너무 빠름으로 인해서 이 사회 문제라든지 그 사람 간의 관계적인 문제가 많이 발생한다는 사실을 깨닫게 되면서 어 역사라든지 사회라든지 어 이런 종교 문제에 관심을 가지고 인문학적인 소양을 높이기 위한 노력들을 좀 많이 해 오고 있었습니다. 그리고 어 최근에는 아 이런 문제를 넘어서 사회 현장에서 좀 봉사 활동도 좀 많이 하려고 노력을 하고 있고 이타심을 가지고 어 사회를 좀 사랑하는 그런 마음들을 더 가지기 위해서 노력하고 있습니다. 사회적 기업에 가서 직접적인 활동도 좀 하고 있습니다.","wordCount":123},"emotion":[],"intent":[{"text":"또한 우리 사회가 기술 발달과 또 발달 속도가 너무 빠름으로 인해서 이 사회 문제라든지 그 사람 간의 관계적인 문제가 많이 발생한다는 사실을 깨닫게 되면서 어 역사라든지 사회라든지 어 이런 종교 문제에 관심을 가지고 인문학적인 소양을 높이기 위한 노력들을 좀 많이 해 오고 있었습니다.","expression":"c_imp","category":"personality"}],"summary":{"text":"개인의 역량을 높이기 위해 신사업 분야를 공부하고 미래 사회의 변화를 예측해 보는 훈련을 많이 했습니다. 또 인문학적 소양을 높이고 사회 현장에서 봉사 활동도 많이 하며 이타심을 가지고 사회를 사랑하는 마음들을 더 가지기 위해 노력하고 있습니다.","wordCount":35}}},"rawDataInfo":{"question":{"fileFormat":"wav","fileSize":379598,"duration":11860,"samplingBit":16,"channelCount":1,"samplingRate":"16kHz","audioPath":"/Mock/05.ICT/Male/Experienced/ckmk_q_ict_m_e_287575.wav"},"answer":{"fileFormat":"wav","fileSize":2863438,"duration":89480,"samplingBit":16,"channelCount":1,"samplingRate":"16kHz","audioPath":"/Mock/05.ICT/Male/Experienced/ckmk_a_ict_m_e_287575.wav"}}}