{"version":"1.0","dataSet":{"info":{"date":"20230116","occupation":"ICT","channel":"MOCK","place":"ONLINE","gender":"MALE","ageRange":"55-","experience":"EXPERIENCED"},"question":{"raw":{"text":"만약 지원자님께서 직접 해외 출장 장소를 선택할 수 있다면 꼭 한번쯤 가서 일해 보고 싶은 나라가 어딘지 이유와 함께 설명해 주시기 바랍니다","wordCount":22},"emotion":[],"intent":[]},"answer":{"raw":{"text":"과거에도 해외 출장은 여러 번 다녀본 적이 있습니다. 어 출장을 넘어서 근무를 해 보고 싶은 나라가 있는데요. 어떤 나라들보다도 미국이라는 나라가 한 번 근무를 해 보고 싶은 나라입니다. 미국 중에서도 샌프란시스코의 실리콘 밸리라고 하는 곳에서 근무를 한 번 해보고 싶습니다. 그곳은 시스코를 비롯하여 하이테크의 본산이고 미국에 가장 강점이 있는 두 가지 핵심 심장이 있다면 하나가 금융이고 하나가 하이테크라고 생각을 합니다. 금융은 뉴욕이고 하이테크는 실리콘 밸리입니다. 그래서 그 실리콘 밸리의 과거부터 시스코라는 회사를 한 번 가보고 싶었고 그 회사 뿐만이 아니라 페이스북이라든지 다양한 새로운 빅 테크 기업들이 그곳에서 태동을 하고 어 성장을 하고 굉장한 부를 이루는 그런 어 진정 사 차 산업 혁명을 이끌어 나가는 그런 도시의 그런 기업의 그런 사람들을 만나서 그 생태계와 그 문화를 경험해 보고 싶습니다.","wordCount":118},"emotion":[],"intent":[{"text":"","expression":"","category":"attitude"}],"summary":{"text":"미국 샌프란시스코의 실리콘 밸리에서 근무를 해 보고 싶습니다. 그곳은 시스코와 하이테크의 본산이고 금융이 가장 강점입니다. 시스코의 회사뿐만 아니라 다양한 빅 테크 기업들이 성장하여 엄청난 부를 이루는 도시의 기업들을 만나 생태계와 문화를 경험해 보고 싶은 것입니다.","wordCount":35}}},"rawDataInfo":{"question":{"fileFormat":"wav","fileSize":397838,"duration":12430,"samplingBit":16,"channelCount":1,"samplingRate":"16kHz","audioPath":"/Mock/05.ICT/Male/Experienced/ckmk_q_ict_m_e_295815.wav"},"answer":{"fileFormat":"wav","fileSize":2632398,"duration":82260,"samplingBit":16,"channelCount":1,"samplingRate":"16kHz","audioPath":"/Mock/05.ICT/Male/Experienced/ckmk_a_ict_m_e_295815.wav"}}}