{"version":"1.0","dataSet":{"info":{"date":"20230116","occupation":"ICT","channel":"MOCK","place":"ONLINE","gender":"MALE","ageRange":"55-","experience":"EXPERIENCED"},"question":{"raw":{"text":"우리 회사에 들어오게 된다면 가장 가고 싶은 부서는 어디인가요 또한 왜 그렇게 생각하셨는지 그 이유도 들어볼 수 있을까요","wordCount":18},"emotion":[],"intent":[]},"answer":{"raw":{"text":"저는 이런 회사에서 신사업과 전략 사업 기획을 주로 담당하였습니다. 이번에서 귀사에서 모집하고 있는 분야도 신사업 분야인 걸로 알고 있습니다. 그렇기에 저의 과거의 경험을 토대로 새로운 사업을 기획하여 기존의 사업을 재편하고자 하는 귀사의 필요성에 부합할 수 있을 것으로 생각이 됩니다. 저는 항상 새로운 것들을 준비하고 있었고 현재 사업들이 일정 시간이 지나면 하강 곡선을 그리거나 정체 상태에 유지가 되기 때문에 그것을 토대로 시장을 분석하여서 새로운 기회를 찾아내는 노력들을 오랫동안 해 왔습니다. 특히 인터네트워킹 분야라든지 네트워크 보안이라든지 퀄러티에 있는 네트워크 운용이라든지 빅데이터 등 최신 트렌드에 맞는 영역에서 새로운 사업들을 잘 찾아왔고 성공적으로 런칭한 경험이 있습니다.","wordCount":92},"emotion":[],"intent":[{"text":"저는 이런 회사에서 신사업과 전략 사업 기획을 주로 담당하였습니다.","expression":"c_private","category":"background"}],"summary":{"text":"저는 항상 새로운 것들을 준비하고 있었고 현재 사업들이 일정 시간이 지나면 하강 곡선을 그리거나 정체 상태에 유지하기 때문에 그것을 토대로 시장을 분석하여서 새로운 기회를 찾아내는 노력들을 오랫동안 해 왔습니다.","wordCount":29}}},"rawDataInfo":{"question":{"fileFormat":"wav","fileSize":576078,"duration":18000,"samplingBit":16,"channelCount":1,"samplingRate":"16kHz","audioPath":"/Mock/05.ICT/Male/Experienced/ckmk_q_ict_m_e_296583.wav"},"answer":{"fileFormat":"wav","fileSize":2291278,"duration":71600,"samplingBit":16,"channelCount":1,"samplingRate":"16kHz","audioPath":"/Mock/05.ICT/Male/Experienced/ckmk_a_ict_m_e_296583.wav"}}}