{"version":"1.0","dataSet":{"info":{"date":"20230116","occupation":"ICT","channel":"MOCK","place":"ONLINE","gender":"MALE","ageRange":"35-44","experience":"EXPERIENCED"},"question":{"raw":{"text":"현대인은 평균적으로 하루에 세 번 거짓말을 한다고 합니다 본인이 한 가장 기억에 남는 거짓말은 무엇인가요","wordCount":15},"emotion":[],"intent":[]},"answer":{"raw":{"text":"대학교 사 학년 때 학비와 생활비를 벌기 위해서 지속적으로 아르바이트를 하던 때가 있었습니다. 그때는 아르바이트를 가기 위해 버스를 기다리던 뜨거운 여름이었는데요. 할머니 한 분이 횡단보도를 너무 더운 날 리어카를 끌고 걸으시다가 힘이 없어서 넘어지셔서 리어카에 있는 박스 및 종이 캔들이 전부 도로에 널부러졌습니다. 그때 횡단보도는 빨간불로 바꼈고 할머니는 거기서 그것을 혼자 줍고 있을 때 교통 체증이 유발돼서 버스나 택시 또는 다른 차들이 크락션을 계속 올리던 때였습니다. 저는 그 버스를 놓치면 분명히 아르바이트를 지각할 것을 알고 엄청 더운 여름이었지만 그 광경을 목격하고 지나칠 수가 없어 몇 명의 시민들과 함께 가서 할머니의 박스를 삼십 분 동안 그 떡 더운데 전부 다 줍고 치우고 결국은 리어카에 실어서 할머니를 안전한 곳까지 모셔다 드리고 그렇게 온몸에 땀이 범벅이 된 상태로 아르바이트에 지각을 하여 삼십 분 동안 사장님이 엄청나게 화를 내셨던 경험이 있습니다. 그때 사장님께서 하셨던 말이 몇 달 동안 한 번도 지각하지 않던 사람이 왜 갑자기 이렇게 중요한 때 늦게 왔냐 라고 했을 때 저는 버스가 고장나서 그렇게 늦게 왔습니다. 죄송합니다. 한 시간 동안 아르바이트 비 받지 않고 열심히 하겠습니다 라고 그렇게 거짓말을 했습니다.","wordCount":169},"emotion":[{"text":"대학교 사 학년 때 학비와 생활비를 벌기 위해서 지속적으로 아르바이트를 하던 때가 있었습니다.","expression":"u-fact","category":"neutral"}],"intent":[{"text":"대학교 사 학년 때 학비와 생활비를 벌기 위해서 지속적으로 아르바이트를 하던 때가 있었습니다.","expression":"c_private","category":"background"},{"text":"저는 그 버스를 놓치면 분명히 아르바이트를 지각할 것을 알고 엄청 더운 여름이었지만 그 광경을 목격하고 지나칠 수가 없어 몇 명의 시민들과 함께 가서 할머니의 박스를 삼십 분 동안   그 떡 더운데 전부 다 줍고 치우고 결국은 리어카에 실어서 할머니를 안전한 곳까지 모셔다 드리고 그렇게 온몸에 땀이 범벅이 된 상태로   아르바이트에 지각을 하여 삼십 분 동안 사장님이 엄청나게 화를 내셨던 경험이 있습니다.","expression":"c_private","category":"background"}],"summary":{"text":"대학교 사 학년 때 아르바이트를 거가 위해 버스를 기다리던 때 횡단보도를 건너던 할머니가 더운 날 리어카를 끌고 걸어가다가 넘어져서 박스 및 종이가 전부 도로에 널부러졌습니다. 몇 명의 시민들과 함께 할머니의 박스를 다 수거하고 리어카에 실어서 할머니를 안전하게 모셔다 드렸습니다.  아르바이트에 지각을 하여 사장님이 화를 내셨던 경험이 있습니다.","wordCount":47}}},"rawDataInfo":{"question":{"fileFormat":"wav","fileSize":318798,"duration":9960,"samplingBit":16,"channelCount":1,"samplingRate":"16kHz","audioPath":"/Mock/05.ICT/Male/Experienced/ckmk_q_ict_m_e_183428.wav"},"answer":{"fileFormat":"wav","fileSize":2814798,"duration":87960,"samplingBit":16,"channelCount":1,"samplingRate":"16kHz","audioPath":"/Mock/05.ICT/Male/Experienced/ckmk_a_ict_m_e_183428.wav"}}}