{"version":"1.0","dataSet":{"info":{"date":"20230116","occupation":"ICT","channel":"MOCK","place":"ONLINE","gender":"MALE","ageRange":"35-44","experience":"EXPERIENCED"},"question":{"raw":{"text":"어 살면서 다양한 커뮤니케이션을 경험해 보셨을 텐데 그중에 가장 어려웠던 경험을 한 가지 꼽자면 어떤 경험이었는지 설명해 주시길 바랍니다","wordCount":19},"emotion":[],"intent":[]},"answer":{"raw":{"text":"예 아 사람과 사람과의 사람과 사람 간의 이런 대화가 굉장히 어려운데요. 어 저는 이제 이거를 업무적이나 뭐 어 뭐 직장 동료들과의 이런 대화에서는 크게 어려움이 없지만 가장 역시 이 가장 어려운 커뮤니케이션은 남녀 관계의 대화가 아닌가 싶습니다. 저는 어 좀 재미있는 표현으로는 남자는 남자와 여자는 아예 그 그 운영체제 자체가 다르다 라고 생각을 하는데요. 마치 남자가 어 윈도우즈 라면 여자는 아이오에스 여 아예 태생부터 운영 체제가 다르게 어 개발되었기 때문에 이 커뮤니케이션 커뮤니케이션이 굉장히 호환성이 떨어질 수밖에 없다고 생각합니다. 저 역시 아 그 과거의 여친들 그리고 현재의 여친과 대화 하면서 아 정말 작은 대화 하나가 큰 오해를 불러일으키고 그게 가장 큰 싸움으로까지 에 커져가는 것을 많이 경험해 왔고요. 그때마다 굉장히 괴로워서 그녀를 설득시키기 위해서 많은 노력을 했 했음에도 불구하고 예 어 굉장히 어 해결되지 않은 엄청 어려운 숙제인 것 같아요. 남녀 간의 대화는 가장 어렵습니다.","wordCount":135},"emotion":[],"intent":[{"text":"","expression":"","category":"attitude"}],"summary":{"text":"남녀 간의 대화 중 가장 어려운 커뮤니케이션은 남녀 관계의 대화입니다. 남자는 윈도우즈라면 여자는 아이오에스여 태생부터 운영 체제가 달라 커뮤니케이션 커뮤니케이션이 호환성이 떨어집니다. 저 역시 과거의 여자친구와 현재의 여자친구의 대화에서 작은 대화 하나가 큰 오해를 불러일으키고 큰 싸움으로 커지는 것을 많이 경험했습니다.","wordCount":41}}},"rawDataInfo":{"question":{"fileFormat":"wav","fileSize":487118,"duration":15220,"samplingBit":16,"channelCount":1,"samplingRate":"16kHz","audioPath":"/Mock/05.ICT/Male/Experienced/ckmk_q_ict_m_e_218129.wav"},"answer":{"fileFormat":"wav","fileSize":2698318,"duration":84320,"samplingBit":16,"channelCount":1,"samplingRate":"16kHz","audioPath":"/Mock/05.ICT/Male/Experienced/ckmk_a_ict_m_e_218129.wav"}}}