{"version":"1.0","dataSet":{"info":{"date":"20230116","occupation":"ICT","channel":"MOCK","place":"ONLINE","gender":"MALE","ageRange":"45-54","experience":"EXPERIENCED"},"question":{"raw":{"text":"당신의 십 년 후 미래는 어떨 것 같으신지 설명 부탁드리겠습니다","wordCount":10},"emotion":[],"intent":[]},"answer":{"raw":{"text":"저의 십 년 후 미래는 어떤 선산을 하나 마련할 수 있을 거라고 생각이 되구요. 제가 가장 하고 싶은 게 선산을 만들어서 저희 어머니부터 저희 형제간 자녀까지 매장할 수 있는 공간을 마련하는 게 지금 저의 꿈이고 목표 목표입니다. 아버지하고 할머니를 그 화장을 해 해서 지금 납골당에 모셨는데 제가 너무 기분 안 좋더라구요. 그리고 저의 장인 어르신 돌아갔을 때는 매장을 했는데 그렇게 마음이 편하더라구요. 그래서 저는 어 매장 문화를 선호하고 그래서 그 선산에서 쪼그맣게 오두막 집을 짓고 주말 주택 주말주택으로 쓰든지 그렇게 해서 그 선산에서 생활하고 있는 제 십 년후 미래의 모습이 됐으면 하는 바램이고 어 그걸 만들기 위해서 지금 굉장히 노력을 하고 있고 돈도 모으고 지금 현 생활 현 일을 굉장히 열심히 진행하고 있습니다. 이상입니다.","wordCount":114},"emotion":[],"intent":[{"text":"아버지하고 할머니를 그   화장을 해 해서 지금 납골당에 모셨는데 제가 너무 기분 안 좋더라구요.","expression":"c_private","category":"background"},{"text":"그리고 저의 장인 어르신 돌아갔을 때는 매장을 했는데 그렇게 마음이 편하더라구요.","expression":"c_private","category":"background"}],"summary":{"text":"십 년 후 미래에 어떤 선산을 하나 마련할 수 있을 것이라고 생각하며, 가장 하고 싶은 건 선산을 만들어서 어머니부터 형제간 자녀까지 매장할 수 있는 공간을 마련하는 게 저의 꿈이며 목표입니다. 지금 굉장히 열심히 하고 있습니다. 이상입니다.","wordCount":36}}},"rawDataInfo":{"question":{"fileFormat":"wav","fileSize":284238,"duration":8880,"samplingBit":16,"channelCount":1,"samplingRate":"16kHz","audioPath":"/Mock/05.ICT/Male/Experienced/ckmk_q_ict_m_e_87114.wav"},"answer":{"fileFormat":"wav","fileSize":2903118,"duration":90720,"samplingBit":16,"channelCount":1,"samplingRate":"16kHz","audioPath":"/Mock/05.ICT/Male/Experienced/ckmk_a_ict_m_e_87114.wav"}}}