{"version":"1.0","dataSet":{"info":{"date":"20230116","occupation":"ICT","channel":"MOCK","place":"ONLINE","gender":"MALE","ageRange":"55-","experience":"EXPERIENCED"},"question":{"raw":{"text":"이제까지 살면서 제일 힘들었던 경험은 무엇이었나요 그리고 그것은 어떤 방법으로 극복하셨나요","wordCount":11},"emotion":[],"intent":[]},"answer":{"raw":{"text":"십 이 년 전으로 기억을 합니다. 제가 처음으로 국책 과제 신청을 해서 수행을 할 때였는데 다섯 개의 업체가 함께 콘소시엄을 해서 어 무정전 시스템으로 어 계절에 외부 환경에 구애받지 않는 디스플레이 시스템을 만드는 과제였었습니다. 핵심 기술을 가지고 있던 회사가 하나 있었고 서브 기술을 가졌던 회사가 네 개 저희가 총괄 기술 담당으로 사업 추진을 하였었는데요. 어 실제로 어 진행을 하면서 어 진행하던 업체들 간에 어 어떤 이익적인 부분들 어 그런 부분들이 이제 상충이 되면서 프로젝트가 원활하게 굴러가지 않았었는데 그 부분을 어 저희가 그 주간 사업자로서 진행을 하면서 음 상당히 어려움을 겪었고 어 그 과중에 그 이익 관계들을 잘 적극적으로 찾아다니면서 조율을 해서 성공적으로 프로젝트를 힘겨 힘겨웠지만 종결하게 되었습니다. 결국은 어 소통이 가장 중요한 것 같습니다.","wordCount":114},"emotion":[],"intent":[{"text":"제가 처음으로 국책 과제 신청을 해서 수행을 할 때였는데 다섯 개의 업체가 함께 콘소시엄을 해서 어 무정전 시스템으로 어 계절에 외부 환경에 구애받지 않는 디스플레이 시스템을 만드는 과제였었습니다.","expression":"c_private","category":"background"}],"summary":{"text":"다섯 개의 업체가 함께 참여한 무정전 시스템 디스플레이 과제 수행 당시, 업체들 간의 이익적 부분과 이익 관계들의 상충으로 프로젝트가 원활하지 않았는데, 이를 잘 조율하여 성공적으로 프로젝트를 종결하게 되었습니다. 소통은 중요한 것 같습니다.","wordCount":32}}},"rawDataInfo":{"question":{"fileFormat":"wav","fileSize":281678,"duration":8800,"samplingBit":16,"channelCount":1,"samplingRate":"16kHz","audioPath":"/Mock/05.ICT/Male/Experienced/ckmk_q_ict_m_e_287916.wav"},"answer":{"fileFormat":"wav","fileSize":2903758,"duration":90740,"samplingBit":16,"channelCount":1,"samplingRate":"16kHz","audioPath":"/Mock/05.ICT/Male/Experienced/ckmk_a_ict_m_e_287916.wav"}}}