{"version":"1.0","dataSet":{"info":{"date":"20230116","occupation":"ICT","channel":"MOCK","place":"ONLINE","gender":"MALE","ageRange":"35-44","experience":"EXPERIENCED"},"question":{"raw":{"text":"협업을 많이 할 수 있습니다 그렇다면 이전 직장에서 혹은 대학에서 협업을 했을 때 어려웠던 부분이 있었나요","wordCount":16},"emotion":[],"intent":[]},"answer":{"raw":{"text":"예 협업에서 가장 어려운 건 역시나 커뮤니케이션이 아닐까 싶습 싶습니다. 어 각자 자기만의 주장이 강하고 의견이 다 있는 것이기 때문에 그러다 보면은 이 커뮤니케이션에 오류가 날 수도 있고 그리고 오해가 발생해서 감정이 상하는 일도 더러 있습니다. 저 역시 어 대학 생활 할 때 그런 경험이 있었는데요. 어 어떤 뭐 조별 과제를 하면 함에 있어서 내가 맡은 역할을 난 했을 뿐인데 다른 사람이 봤을 때는 너는 이것 마저도 하지 않았구나 라고 이 받아들이는 경우도 있고 저 역시 반대 상황이 있을 수도 있고요. 그런 경험이 있었던 걸로 기억을 하고요 그럴 때는 어 어 역시나 어 대화는 대화의 문제는 대화로서 풀 수 밖에 없습니다. 또는 이제 동성끼리라면 좀 더 허물 없이 그런 어 진솔한 대화 사적인 대화까지 하면서 먼저 마음의 문을 먼저 열고 그다음에 어 실질적으로 그 협업에 대해서 조금 더 깊게 생각하고 대화할 수 있는 자리를 마련한다면 어 그런 부분은 어 충분히 해결할 수 있다고 봅니다.","wordCount":144},"emotion":[],"intent":[{"text":"","expression":"","category":"attitude"}],"summary":{"text":"협업에서 커뮤니케이션은 오류가 나거나 오해가 생겨 감정이 상하는 일이 있어 대화의 문제는 대화로서 풀 수 밖에 없습니다. 동성끼리는 진솔한 대화 사적인 대화까지 하면서 마음의 문을 먼저 열고 실질적으로 협업에 대해 대화할 수 있는 자리를 마련한다면 협업의 문제는 충분히 해결할 수 있다고 봅니다.","wordCount":42}}},"rawDataInfo":{"question":{"fileFormat":"wav","fileSize":512078,"duration":16000,"samplingBit":16,"channelCount":1,"samplingRate":"16kHz","audioPath":"/Mock/05.ICT/Male/Experienced/ckmk_q_ict_m_e_218282.wav"},"answer":{"fileFormat":"wav","fileSize":2524238,"duration":78880,"samplingBit":16,"channelCount":1,"samplingRate":"16kHz","audioPath":"/Mock/05.ICT/Male/Experienced/ckmk_a_ict_m_e_218282.wav"}}}