{
    "version": "1.0",
    "dataSet": {
        "info": {
            "date": "20230116",
            "occupation": "ICT",
            "channel": "MOCK",
            "place": "ONLINE",
            "gender": "MALE",
            "ageRange": "45-54",
            "experience": "EXPERIENCED"
        },
        "question": {
            "raw": {
                "text": "귀하께서는 영업 판매직에 지원을 하셨는데 왜 이 분야에 관심을 가지게 되었고 지원하게 되었는지 지원 동기를 간단하게 말씀해 주세요",
                "wordCount": 18
            },
            "emotion": [],
            "intent": []
        },
        "answer": {
            "raw": {
                "text": "제가 이 분야에서 이십오 년 동안 근무를 진행을 했어요. 경우 경력이 이십오 년이구요. 이 분야에 처음 관심을 갖게 된 거는 그냥 관심이 있어서 한 게 아니고 어릴 때 알바를 할라구 들어갔다가 그게 인제 제 어 업무가 되 업무가 되고 직무가 돼버렸어요. 그렇게 이십 오 년이 지났고 어 근데 이 분야는 굉장히 메리트가 있어요. 마약도 마약같이 한 번 경험을 하면 또 쉬 잊을 수가 없고 다른 데로 떠나서도 이 직무만 하게 되더라구요. 제가 이 직무가 저한테 맞아서 일 수도 있고 제가 그만큼 노력을 한 부분이 어 경력으로 쌓아지면서 어 제가 잘 잘 할 수 있는 분야 잘 할 수 있는 직무라서 계속해 왔고 마찬가지로 이 당사의 지원을 이 분야에 지원을 한 거는 어 제가 잘 할 수 있어서 또 제가 이 직무를 어 진행하면서 뭐 굉장히 많은 성과를 낼 수 있는 자신이 있기 때문에 지원을 하게 됐습니다.",
                "wordCount": 136
            },
            "emotion": [],
            "intent": [
                {
                    "text": "제가 이 직무가 저한테 맞아서 일 수도 있고 제가 그만큼 노력을 한 부분이   어 경력으로 쌓아지면서 어 제가 잘 잘 할 수 있는 분야   잘 할 수 있는 직무라서 계속 해 왔고 마찬가지로 이 당사의 지원을   이 분야에 지원을 한 거는 어 제가 잘 할 수 있어서 또 제가 이 직무를   어 진행하면서 뭐 굉장히 많은 성과를 낼 수 있는 자신이 있기 때문에 지원을 하게   됐습니다.",
                    "expression": "c_sincere_job",
                    "category": "etc"
                }
            ],
            "summary": {
                "text": "이 분야에 관심을 갖게 된 건 어릴 때 알바를 하려고 들어갔는데 업무가 되고 직무가 돼버려서요. 그 후 이 분야는 굉장히 메리트가 있고, 노력을 한 부분이 경력으로 쌓이면서 잘 할 수 있는 분야라서 계속 해 왔고 이 분야에 지원을 한 것도 성과를 낼 자신이 있기 때문에 지원을 하게 됐습니다.",
                "wordCount": 48
            }
        }
    },
    "rawDataInfo": {
        "question": {
            "fileFormat": "wav",
            "fileSize": 438478,
            "duration": 13700,
            "samplingBit": 16,
            "channelCount": 1,
            "samplingRate": "16kHz",
            "audioPath": "/Mock/05.ICT/Male/Experienced/ckmk_q_ict_m_e_86519.wav"
        },
        "answer": {
            "fileFormat": "wav",
            "fileSize": 2908238,
            "duration": 90880,
            "samplingBit": 16,
            "channelCount": 1,
            "samplingRate": "16kHz",
            "audioPath": "/Mock/05.ICT/Male/Experienced/ckmk_a_ict_m_e_86519.wav"
        }
    }
}