{"version":"1.0","dataSet":{"info":{"date":"20230116","occupation":"ICT","channel":"MOCK","place":"ONLINE","gender":"MALE","ageRange":"45-54","experience":"EXPERIENCED"},"question":{"raw":{"text":"본인이 지원한 직무가 무슨 일을 한다고 생각하시나요","wordCount":7},"emotion":[],"intent":[]},"answer":{"raw":{"text":"당연히 잘 알고 있습니다. 다른 분들은 모르겠지만 저는 경력직으로 어 이 직무에 지원한 것이기 때문에 어 당연히 잘 알고 있고 앞으로의 계획과 앞으로의 전망 또한 잘 알고 있다고 생각을 합니다. 어 제가 아는 업무는 일단 마케팅이 전체적으로 어우른 마케팅이라고 할 수 있습니다. 하지만 이 마케팅이라는 게 단순히 완성된 제품에 대한 마케팅뿐만 아니라 저는 처음 물건이 나오 그러니까 제품이 나오기 전부터 시장 조사를 해서 이 제품의 장단점과 우리 경쟁사 우리가 만들어 나가야 될 방향을 제시합니다. 그리고 나서 제품이 나왔을 때 그것에 대한 피드백을 하고 그것이 시장에 나갔을 때 반응을 조사합니다. 그렇게 해서 제품이 완성됐을 때 그 제품에 대해서 저는 자신감을 갖고 마케팅을 하며 판매 전략을 세웁니다. 이 판매 전략은 당연히 국내 시장과 해외시장을 아우릅니다. 국내시장에서는 경쟁업체를 당연히 눌러야 하고 해외시장에서도 새로운 시장을 계속 개척해 나가야 됩니다. 가장 적당한 금액으로 가장 좋은 제품을 만들어서 그것을 가장 옳은 곳에 적재적소에 마케팅을 해서 실적을 올리는 것이 제 직무라고 생각하고 있습니다.","wordCount":146},"emotion":[],"intent":[{"text":"","expression":"","category":"attitude"}],"summary":{"text":"저는 경력직이기 때문에 마케팅이 전체적으로 어우른 마케팅 업무를 하고 있습니다. 마케팅은 처음 제품이 나오기 전부터 시장 조사를 해서 장단점과 방향을 제시하고, 제품이 나왔을 때 피드백을 하고, 시장에 나갔을 때 반응을 조사합니다. 이렇게 해서 판매 전략을 세워서 가장 적당한 금액으로 가장 좋은 제품을 만들어서 실적을 올리는 것이 제 직무라고 생각합니다.","wordCount":49}}},"rawDataInfo":{"question":{"fileFormat":"wav","fileSize":213198,"duration":6660,"samplingBit":16,"channelCount":1,"samplingRate":"16kHz","audioPath":"/Mock/05.ICT/Male/Experienced/ckmk_q_ict_m_e_43195.wav"},"answer":{"fileFormat":"wav","fileSize":2574158,"duration":80440,"samplingBit":16,"channelCount":1,"samplingRate":"16kHz","audioPath":"/Mock/05.ICT/Male/Experienced/ckmk_a_ict_m_e_43195.wav"}}}