{"version":"1.0","dataSet":{"info":{"date":"20230116","occupation":"ICT","channel":"MOCK","place":"ONLINE","gender":"MALE","ageRange":"55-","experience":"EXPERIENCED"},"question":{"raw":{"text":"동물 실험이 인간에게 주는 이익에 관해서 말씀해 보실 수 있을까요 또한 동물 실험에 대한 지원자님의 솔직한 입장도 궁금합니다","wordCount":18},"emotion":[],"intent":[]},"answer":{"raw":{"text":"안녕하세요 에 동물 실험은 인간에 대해 주는 이익에 관해서는 저는 참 그리고 말씀은 못 드리겠습니다만 일단은 인간의 실력이 모잘라니까 그 동물을 매개체라도 해서라도 어 시 좋은 신약을 개발한다든가 이런 식으로 하고 빨리 인간 저 실험 어 기술개발을 하여 인공지능이 동물 실험에 대체할 수 있도록 그렇게 기술 개발을 하면은 좋을 거라고 생각합니다. 그래서 열심히 이렇게 인공지능 데이터 수집을 지금 하고 있다고 저는 생각합니다. 그러나 동물 실험은 어 어쩔 수 없이 불가항력적으로 저는 해야 된다고 생각합니다. 이상입니다.","wordCount":75},"emotion":[],"intent":[{"text":"그러나 동물 실험은 어 어쩔 수 없이 불가항력적으로 저는 해야 된다고 생각합니다.","expression":"c_value","category":"background"}],"summary":{"text":"인공지능이 동물 실험에 대체할 수 있도록 인간 실험 기술개발을 하여 인공지능 데이터 수집을 하고 있습니다. 그러나 동물 실험은 어쩔 수 없이 불가항력적으로 해야 한다고 생각합니다.","wordCount":25}}},"rawDataInfo":{"question":{"fileFormat":"wav","fileSize":616398,"duration":19260,"samplingBit":16,"channelCount":1,"samplingRate":"16kHz","audioPath":"/Mock/05.ICT/Male/Experienced/ckmk_q_ict_m_e_229114.wav"},"answer":{"fileFormat":"wav","fileSize":3478798,"duration":108710,"samplingBit":16,"channelCount":1,"samplingRate":"16kHz","audioPath":"/Mock/05.ICT/Male/Experienced/ckmk_a_ict_m_e_229114.wav"}}}