{
    "version": "1.0",
    "dataSet": {
        "info": {
            "date": "20230116",
            "occupation": "ICT",
            "channel": "MOCK",
            "place": "ONLINE",
            "gender": "MALE",
            "ageRange": "45-54",
            "experience": "EXPERIENCED"
        },
        "question": {
            "raw": {
                "text": "귀하께서는 컴퓨터 용어로 문서화한다라는 것에 의미를 알고 계십니까 그 뜻을 알고 계신다면 문서화 한다라는 것이 무슨 뜻인지 말씀해 주세요",
                "wordCount": 19
            },
            "emotion": [],
            "intent": []
        },
        "answer": {
            "raw": {
                "text": "문서화는 꽤 중요한 작업입니다. 문서화한다라는 것은 결국 기록을 남긴다라는 거고 그 기록은 어 후세에 누군가에게 전달을 한다는 의미를 가지고 있습니다. 이게 단순히 문서화하지 않고 구전화된다고 하면 시간이 지남에 따라서 그것이 변질되거나 오염될 수가 있습니다. 또는 사장될 수도 있습니다. 잊혀질 수도 있고요. 그래서 모든 작업이나 작업 측면에 있어서 내가 했던 일 뭐 그게 뭐 좋은 거든 나쁜 거든 그것을 기록을 남겨서 문서화한다라는 것은 그 자료를 모은다는 거고 그것이 곧 재산이 될 수 있다 라고 생각을 합니다.그래서 문서화는 단순히 무슨 회사뿐만 아니라 정부나 나라 뭐 기업 뭐 개인에게도 문서화해서 어 자료를 남긴다 라는 것은 내 흔적을 남긴 거고 내 아이의 과거를 남긴 기록하는 거기 때문에 매우 중요한 작업이라고 생각합니다.",
                "wordCount": 107
            },
            "emotion": [],
            "intent": [
                {
                    "text": "",
                    "expression": "",
                    "category": "attitude"
                }
            ],
            "summary": {
                "text": "문서화는 기록을 남긴다는 의미를 가지고 있는데, 단순히 회사뿐만 아니라 정부나 나라, 기업, 개인에게도 문서화해서 어 자료를 남긴다는 것은 제 흔적을 남긴 것이고 제 아이의 과거를 남긴 기록하는 것이기 때문에 매우 중요한 작업이라고 생각합니다.",
                "wordCount": 33
            }
        }
    },
    "rawDataInfo": {
        "question": {
            "fileFormat": "wav",
            "fileSize": 477518,
            "duration": 14920,
            "samplingBit": 16,
            "channelCount": 1,
            "samplingRate": "16kHz",
            "audioPath": "/Mock/05.ICT/Male/Experienced/ckmk_q_ict_m_e_44298.wav"
        },
        "answer": {
            "fileFormat": "wav",
            "fileSize": 2153038,
            "duration": 67280,
            "samplingBit": 16,
            "channelCount": 1,
            "samplingRate": "16kHz",
            "audioPath": "/Mock/05.ICT/Male/Experienced/ckmk_a_ict_m_e_44298.wav"
        }
    }
}