{"version":"1.0","dataSet":{"info":{"date":"20230116","occupation":"ICT","channel":"MOCK","place":"ONLINE","gender":"MALE","ageRange":"35-44","experience":"EXPERIENCED"},"question":{"raw":{"text":"어 우리 회사에 들어오게 된다면 지원자님께서 본인이 기존에 가지고 있던 업무 스타일과 달라질 수 있습니다 어 그렇게 기존과 다른 업무 스타일에 잘 적응하실 수 있나요","wordCount":25},"emotion":[],"intent":[]},"answer":{"raw":{"text":"아 이 로마에 가면 로마법을 따른다 라는 말이 있듯이 각 조직마다 아 그 조직만의 어떤 고유한 문화가 있을 거라고 생각하고 그걸 또 이해하려고 노력해 왔습니다. 지금까지 그렇게 살아왔고요. 어 업무 스타일이 달라지는 것에 대해서도 크게 거부감이 없습니다. 어 저의 가장 큰 장점 중의 하나가 어 그 새로운 환경에 적응하는 적응력이 굉장히 빠르다 라는 것이고요. 기존의 업무 스타일과 많이 다르다고 해서 이렇게 뭐 물론 당연히 저희가 사람이기 때문에 어 스트레스는 받겠지만 어 그 스트레스 또한 감내하고 빠른 시일 내에 적어도 한 달 이내에는 그 조직에 어우러져서 융화될 수 있도록 노력을 할 예정입니다. 네 그렇게 노력하겠습니다.","wordCount":94},"emotion":[],"intent":[{"text":"","expression":"","category":"attitude"}],"summary":{"text":"각 조직마다 고유한 문화가 있을 것이라 생각하고 이해하려고 노력해 왔습니다. 업무 스타일이 달라지는 것에 대해 크게 거부감이 없으며 빠르게 적응하고 빠른 시일 내에 조직에 어우러져서 융화될 수 있도록 노력할 예정입니다.","wordCount":30}}},"rawDataInfo":{"question":{"fileFormat":"wav","fileSize":566478,"duration":17700,"samplingBit":16,"channelCount":1,"samplingRate":"16kHz","audioPath":"/Mock/05.ICT/Male/Experienced/ckmk_q_ict_m_e_258283.wav"},"answer":{"fileFormat":"wav","fileSize":1804238,"duration":56380,"samplingBit":16,"channelCount":1,"samplingRate":"16kHz","audioPath":"/Mock/05.ICT/Male/Experienced/ckmk_a_ict_m_e_258283.wav"}}}