{"version":"1.0","dataSet":{"info":{"date":"20230116","occupation":"ICT","channel":"MOCK","place":"ONLINE","gender":"MALE","ageRange":"55-","experience":"EXPERIENCED"},"question":{"raw":{"text":"기차가 운행 도중 산사태로 인해 삼십 분 동안 정차하게 되었을 때 본인이 관리 책임에 위치해 있다면 어떤 방법으로 조치하실 건가요","wordCount":20},"emotion":[],"intent":[]},"answer":{"raw":{"text":"어 먼저 승객들에게 어 기차가 왜 어 정차가 되었는지 어 소상하게 자세하게 친절하게 설명을 통해서 그들이 동요하지 않도록 어 잘 진정을 시켜주고 어 안전 관리 책임자의 위치에 입각해서 어떤 부분들이 문제가 있는지 어 정차의 원인이 무엇인지를 어 관련자들과 담당자들의 소통을 통해서 문제 인식을 하고 어 그것들을 해결하기 위해서 어떠 어떠한 조치들이 필요하다고 한다면 어 관련 부서와 관련자들과 함께 조치를 취하도록 하겠습니다. 음 이 상황 가운데 가장 어 힘들어 할 승객들에게는 어 필요하다면 어 대피를 시키는 것까지 포함하여서 어 주기적으로 어 지금 상황에 대한 어 상황 전파와 소통을 어 하도록 하고 또한 어떤 문제의 원인이 화재 같은 것들로 어 이어질 수 있다 라고 생각이 된다면 어 안전 관리자 입장에서 그런 부분들을 조치할 수 있도록 어 많은 어 세심한 어 부분들을 어 직접 챙기도록 하겠습니다.","wordCount":123},"emotion":[],"intent":[{"text":"","expression":"","category":"attitude"}],"summary":{"text":"기차 정차에 대한 승객들의 불안을 해소하고 안전 관리 책임자와 관련자들의 소통을 통해 문제 인식을 하도록 하겠습니다. 승객들의 대피를 돕고 문제의 원인이 화재와 같은 것이라고 생각되면 안전 관리자 입장에서 조치를 할 수 있도록 세심한 부분들을 챙기도록 노력하겠습니다.","wordCount":36}}},"rawDataInfo":{"question":{"fileFormat":"wav","fileSize":322638,"duration":10080,"samplingBit":16,"channelCount":1,"samplingRate":"16kHz","audioPath":"/Mock/05.ICT/Male/Experienced/ckmk_q_ict_m_e_287369.wav"},"answer":{"fileFormat":"wav","fileSize":2760078,"duration":86250,"samplingBit":16,"channelCount":1,"samplingRate":"16kHz","audioPath":"/Mock/05.ICT/Male/Experienced/ckmk_a_ict_m_e_287369.wav"}}}