{"version":"1.0","dataSet":{"info":{"date":"20230116","occupation":"ICT","channel":"MOCK","place":"ONLINE","gender":"MALE","ageRange":"35-44","experience":"EXPERIENCED"},"question":{"raw":{"text":"본인은 남을 잘 이끄는 리더형과 남을 잘 따르는 팔로워 형 중에 어떤 유형에 속하시는지 그리고 그렇게 생각하시는 이유도 같이 부탁드릴게요","wordCount":20},"emotion":[],"intent":[]},"answer":{"raw":{"text":"저는 단연코 남을 잘 이끄는 리더 형의 인간이라고 말씀드리고 싶습니다. 저는 지금까지 오십 개를 넘는 프로젝트를 운영해 왔고 그 프로젝트에서 단 한 차례도 실패를 한 적이 없습니다. 저의 가장 큰 장점은 솔선 수범하여 남들을 리드하는 것입니다. 그렇다고 남들을 수직 상하적 군대처럼 윽박지르고 무조건 따라올 수 있도록 채찍질하는 스타일이 아닙니다. 저는 각 인재들이 어떤 일을 잘하고 어떤 일을 못하는지를 파악하여 적재적소에 배치하고 그 인원이 조금 성과가 좋지 않다고 하면 다른 더 잘 할 수 있는 일을 찾아서 그 일을 분배하여 그 사람에게 동기부여를 시키는 일을 참 잘합니다. 제가 팔로워 형이 아니기에 이런 프로젝트가 있을 때마다 항상 남들을 이끌었고 약간 문제에 봉착했을 때 최적이 아니라 차선의 솔루션도 제공하여 팀원들이 스스로 멘탈이 무너지는 단계에 가지 않게끔 항상 미연에 방지했던 것 같습니다.","wordCount":118},"emotion":[],"intent":[{"text":"","expression":"","category":"attitude"}],"summary":{"text":"저는 남을 잘 이끄는 리더 형의 인간입니다. 저는 팔로워 형이 아니기에 프로젝트가 있을 때마다 남들을 이끌었고 문제에 봉착했을 때 차선의 솔루션도 제공하여 팀원들이 스스로 멘탈이 무너지지 않도록 항상 미연에 방지했던 것 같습니다.","wordCount":32}}},"rawDataInfo":{"question":{"fileFormat":"wav","fileSize":397838,"duration":12430,"samplingBit":16,"channelCount":1,"samplingRate":"16kHz","audioPath":"/Mock/05.ICT/Male/Experienced/ckmk_q_ict_m_e_177522.wav"},"answer":{"fileFormat":"wav","fileSize":2157518,"duration":67420,"samplingBit":16,"channelCount":1,"samplingRate":"16kHz","audioPath":"/Mock/05.ICT/Male/Experienced/ckmk_a_ict_m_e_177522.wav"}}}