{"version":"1.0","dataSet":{"info":{"date":"20230116","occupation":"ICT","channel":"MOCK","place":"ONLINE","gender":"MALE","ageRange":"45-54","experience":"EXPERIENCED"},"question":{"raw":{"text":"본인은 창의성과 팀워크 중 더 중요하다고 생 여기는 것은 무엇입니까 근거도 함께 들어서 말씀해 주세요","wordCount":15},"emotion":[],"intent":[]},"answer":{"raw":{"text":"창의성과 팀워크 중에 중요하지 않은 것은 없다고 생각을 합니다. 축구가 축구가 축구 팀이 축구를 잘 하기 위해서는 팀워크도 있어야 되지만 결정적인 순간에는 골을 넣는 공격수의 창의성도 필요해요. 그렇지만 창의성만 있고 어떤 조직적인 팀워크가 없다고 하면은 이런 말씀을 드려도 될지 모르겠지만 축구 팀은 개판이 되어 버려요. 그렇기 때문에 창의성과 팀 워크는 모두 중요한 것이라고 생각합니다. 그렇지만 그럼에도 불구하고 저는 팀 워크가 한 오십 일 퍼센트 정도 조금 더 중요하다고 생각을 합니다. 튼튼한 팀워크를 바탕으로 했을 때 안심하고 창의성이 발동이 될 수 있기 때문에 그렇지만은 팀워크의 조직이 불안한 상태에서 창의성이 발동이 되면은 조금 불안하게 됩니다. 그렇기 때문에 팀워크 창의성 둘 다 중요하지만 저는 팀워크가 약간 더 중요하다 라고 축구 팀의 예를 들어서 설명을 드리겠습니다.","wordCount":112},"emotion":[{"text":"튼튼한 팀워크를 바탕으로 했을 때 안심하고 창의성이 발동이 될 수 있기 때문에 그렇지만은 팀워크의 조직이 불안한 상태에서 창의성이 발동이 되면은 조금 불안하게 됩니다.","expression":"n-anxiety","category":"negative"}],"intent":[{"text":"","expression":"","category":"attitude"}],"summary":{"text":"창의성과 팀워크는 모두 중요하지만, 저는 팀워크가 조금 더 중요하다고 생각합니다. 튼튼한 팀워크를 바탕으로 했을 때 안심하고 창의성이 발동될 수 있기 때문에 그렇지만은 팀워크의 조직이 불안한 상태에서 창의성 발동이 되면은 조금 불안하게 되기 때문입니다.","wordCount":33}}},"rawDataInfo":{"question":{"fileFormat":"wav","fileSize":313678,"duration":9800,"samplingBit":16,"channelCount":1,"samplingRate":"16kHz","audioPath":"/Mock/05.ICT/Male/Experienced/ckmk_q_ict_m_e_205800.wav"},"answer":{"fileFormat":"wav","fileSize":2863438,"duration":89480,"samplingBit":16,"channelCount":1,"samplingRate":"16kHz","audioPath":"/Mock/05.ICT/Male/Experienced/ckmk_a_ict_m_e_205800.wav"}}}