{"version":"1.0","dataSet":{"info":{"date":"20230116","occupation":"ICT","channel":"MOCK","place":"ONLINE","gender":"MALE","ageRange":"45-54","experience":"EXPERIENCED"},"question":{"raw":{"text":"아이씨티 분야에 향후 전망에 대해 본인은 어떻게 생각하시는지 한번 생각해 보시고 말씀해 주시겠습니까","wordCount":13},"emotion":[],"intent":[]},"answer":{"raw":{"text":"제가 생각하고 있는 아주 유망한 아이템은 제가 이렇게 말씀드리고 나서 그렇게 면접관님들이 이 회사에서 그것을 또 개발하실지는 모르겠는데 가상 가상으로 면접을 하게 해주는 프로그램이 저는 아주 유망할 것 같다고 생각을 해요. 그까 기업들은 인재를 뽑아야 하는데 그 인재들을 몇 만 몇 만 명을 이렇게 동시에 한꺼번에 보는 것은 굉장히 어려운 일이라고 생각을 해요. 시간도 그렇고 어떤 거기에 들어가는 어떤 노력도 그렇고 그거에 따른 비용도 그렇고 그렇지만 이렇게 서류 면접을 거쳐서 서류 면접에서 일 차 걸르고 그다음에 이제 면접자들을 가상으로 면접을 해서 우리 회사에서 원하는 단어들을 얘기하는 그런 인재들을 에이아이 프로그램을 이용해서 먼저 이렇게 선별할 수 있다면은 면접 시간을 상당히 많이 줄일 수 있을 것이라고 생각을 합니다. 그래서 저는 가상 면접 프로그램 이것이 아주 어 유망할 것 같다고 생각을 하고 있습니다.","wordCount":120},"emotion":[],"intent":[{"text":"","expression":"","category":"attitude"}],"summary":{"text":"기업들은 인재를 뽑아야 하는데 인재들을 동시에 한꺼번에 보는 것은 굉장히 어려운 일이라고 생각했습니다. 서류 면접에서 거른 뒤, 가상으로 면접을 해서 원하는 단어들을 얘기하는 인재들을 에이아이 프로그램을 이용해서 선별할 수 있다면 면접 시간을 상당히 줄일 수 있을 것이라고 생각합니다.","wordCount":38}}},"rawDataInfo":{"question":{"fileFormat":"wav","fileSize":367758,"duration":11490,"samplingBit":16,"channelCount":1,"samplingRate":"16kHz","audioPath":"/Mock/05.ICT/Male/Experienced/ckmk_q_ict_m_e_205802.wav"},"answer":{"fileFormat":"wav","fileSize":2739918,"duration":85620,"samplingBit":16,"channelCount":1,"samplingRate":"16kHz","audioPath":"/Mock/05.ICT/Male/Experienced/ckmk_a_ict_m_e_205802.wav"}}}