{"version":"1.0","dataSet":{"info":{"date":"20230116","occupation":"ICT","channel":"MOCK","place":"ONLINE","gender":"MALE","ageRange":"35-44","experience":"EXPERIENCED"},"question":{"raw":{"text":"면접자님께서는 에이치더블유 에스더블유의 이해와 관련 실무 능력을 갖추기 위해 노력했던 경험에 대해 말씀해 주시겠습니까","wordCount":14},"emotion":[],"intent":[]},"answer":{"raw":{"text":"네 실무 능력을 갖추기 위해서 제가 노력했던 것들은 지금도 추구하고 있고 어 일단은 여러 종류의 많은 스코트웨어든지 하드웨어적인 그런 능력을 갖추기 위해서는 실무 능력을 키우는 게 제일 중요하겠지만 여기서 제일 도움이 되는 거는 관련된 자격증을 좀 많이 취득을 하는 게 목표입니다. 어 여기 지원하기 전 그전에도 여러 가지를 많이 갖춰 놓긴 했는데 어 한 달이든 세 달이든 분기에 하나씩은 관련된 자격증을 하나씩 취득을 하게 되면은 자기계발을 위로서도 어 업무적으로도 실무적으로 하는 데도 많이 도움이 될 겁니다. 그렇게 여러 가지 자격을 갖춰 놓게 되면은 일단 제 자기애가 좀 높아질 겁니다. 자신감도 생기게 되고 무슨 일이 있어도 이 자격증이 있기 때문에 난 할 수 있어 이런 자신감이 생길 수 있기 때문에 그런 능력을 갖추기 위해서 지금도 노력을 하고 있고 앞으로도 어 지속해서 진행할 예정입니다. 네 이상입니다.","wordCount":124},"emotion":[],"intent":[{"text":"","expression":"","category":"attitude"}],"summary":{"text":"관련 자격증을 많이 취득하는 것이 목표입니다. 여러 가지 자격을 갖춰 놓게 되면은 일단 제 자기애가 좀 높아질 것이고 자신감도 생기고 무슨 일이 있어도 이 자격증으로 자신감도 생길 수 있기 때문에 그런 능력을 갖추기 위해서 지금도 노력을 하고 있습니다.","wordCount":38}}},"rawDataInfo":{"question":{"fileFormat":"wav","fileSize":433998,"duration":13560,"samplingBit":16,"channelCount":1,"samplingRate":"16kHz","audioPath":"/Mock/05.ICT/Male/Experienced/ckmk_q_ict_m_e_147564.wav"},"answer":{"fileFormat":"wav","fileSize":2199758,"duration":68740,"samplingBit":16,"channelCount":1,"samplingRate":"16kHz","audioPath":"/Mock/05.ICT/Male/Experienced/ckmk_a_ict_m_e_147564.wav"}}}