{"version":"1.0","dataSet":{"info":{"date":"20230116","occupation":"ICT","channel":"MOCK","place":"ONLINE","gender":"MALE","ageRange":"35-44","experience":"EXPERIENCED"},"question":{"raw":{"text":"여러 사람과 함께 일을 하다 보면 간혹 구성원들과 갈등이 생길 때도 있습니다 그럴 때는 어떤 방식으로 해결하시나요","wordCount":17},"emotion":[],"intent":[]},"answer":{"raw":{"text":"어떤 일을 하던 간에 구성원들과의 갈등은 당연히 있어야 할 이야기입니다. 사람들은 구성원 간의 갈등이 싫어서 혼자 일을 한다고 하는데요. 그건 조직 이론에 맞지 않습니다. 새로운 사람은 계속 유입되거나 새로운 팀과 업무를 협업해야 될 일이 많기 때문에 구성 구성원들 간의 갈등은 피할 수 없습니다. 자 그러면 피할 수 없으면 그들과의 협의점을 찾아야 됩니다. 타협 대화와 타협을 통해서 내가 양보할 수 있을 만큼은 양보를 하고 그들이 양보할 수 있을 만큼은 양보를 해서 어떻게 하면 여기서 최고의 시나리오가 나올 것인지 또는 구성원들 간의 갈등이 우리 구성원들만의 문제가 아니라 회사의 구조적인 문제인지도 파악을 해야 됩니다. 예를 들어 우리는 일억 원 정도의 비용으로 개발을 요청받았고 그들은 칠천만 원 정도의 예산으로 개발을 하라고 합니다. 그러면 이건 우리와 다른 부서 간의 갈등이 아니라 회사 자체적인 갈등이기 때문에 팔천 오백만 원에 합의를 보고 개발을 할 수 있는 보고서를 올리거나 본부장 및 대표 이사와 간담회를 통해서 해결을 해야 되는 부분입니다. 갈등의 초점이 무엇인지 협의점이 무엇인지 그 다음에 지금 내가 할 수 있는 일 남이 해줄 수 있는 일이 무엇 인지를 파악하고 그거에 맞게 끔 합의점을 찾아가는 것이 가장 중요하다고 생각합니다.","wordCount":171},"emotion":[],"intent":[{"text":"","expression":"","category":"attitude"}],"summary":{"text":"어떤 일을 하던 간에 구성원들과의 갈등은 당연히 있어야 하며 피할 수 없으면 그들과의 협의점을 찾아야 합니다. 타협 대화와 타협을 통해서 제가 양보할 수 있을 만큼은 양보를 하고 그들의 양보가 회사 구조적인 문제인지도 파악을 해야 됩니다. 갈등의 초점이 무엇인지 협의점이 무엇인지 그 다음에 제가 할 수 있는 일 남이 해줄 수 있는 일이 무엇인지 파악하고 거기에 맞게 합의점을 찾아가는 것이 가장 중요합니다.","wordCount":61}}},"rawDataInfo":{"question":{"fileFormat":"wav","fileSize":363598,"duration":11360,"samplingBit":16,"channelCount":1,"samplingRate":"16kHz","audioPath":"/Mock/05.ICT/Male/Experienced/ckmk_q_ict_m_e_165220.wav"},"answer":{"fileFormat":"wav","fileSize":2682958,"duration":83840,"samplingBit":16,"channelCount":1,"samplingRate":"16kHz","audioPath":"/Mock/05.ICT/Male/Experienced/ckmk_a_ict_m_e_165220.wav"}}}