{"version":"1.0","dataSet":{"info":{"date":"20230116","occupation":"ICT","channel":"MOCK","place":"ONLINE","gender":"MALE","ageRange":"35-44","experience":"EXPERIENCED"},"question":{"raw":{"text":"본인의 전공과 관련해서 최근 부족하다고 느끼고 따로 공부하고 있는 분야가 있을까요","wordCount":11},"emotion":[],"intent":[]},"answer":{"raw":{"text":"제가 요즘 가장 많이 부족하다고 느끼는 것은 네트워크 및 커뮤니케이션 통신입니다. 대학교 때 전공했을 때는 단순히 티씨피 아이피 이더넷 랜 통신 유디엑스 아이씨피 이런 것들 통신만 있었는데 이제는 와이파이 알에프아이디 기타 그런 통신들이 엄청 많이 늘어났습니다. 예전에 알에스 이 삼 이 같은 통신을 공부했을 때는 단방향 통신이고 텔넷에 접속만 하면 됐는데 이제는 알에프아이디와 와이파이 엑세스 포인트 통신을 통해서 어떤 식으로 신호에 간섭이 일어나고 그 신호에 간섭에 의해서 신호가 소실되고 다시 복구되는지에 대한 여러 가지 프로토콜이 있습니다. 그런 내용을 현재에 많이 바뀐 내용을 이해를 하지 못하기 때문에 다시 전공 서적을 펼치고 또 인터넷 강의 및 온라인 강의를 통해서 요즘 이천 이십 이 학년 학번들이 배우는 통신에 대해서 지속적으로 공부하고 있습니다.","wordCount":109},"emotion":[],"intent":[{"text":"그런 내용을   현재에 많이 바뀐 내용을 이해를 하지 못하기 때문에 다시 전공 서적을 펼치고 또 인터넷 강의 및 온라인 강의를 통해서 요즘 이천 이십 이 학년 학번들이 배우는 통신에 대해서 지속적으로 공부하고 있습니다.","expression":"c_imp","category":"personality"}],"summary":{"text":"네트워크 및 커뮤니케이션 통신이 요즘 가장 많이 부족하다고 느껴져서 전공 서적을 펼치고 인터넷 강의 및 온라인 강의를 통해서 요즘 이천 이십 이 학번이 배우는 통신에 대해서 지속적으로 공부하고 있습니다.","wordCount":29}}},"rawDataInfo":{"question":{"fileFormat":"wav","fileSize":252878,"duration":7900,"samplingBit":16,"channelCount":1,"samplingRate":"16kHz","audioPath":"/Mock/05.ICT/Male/Experienced/ckmk_q_ict_m_e_177516.wav"},"answer":{"fileFormat":"wav","fileSize":2011598,"duration":62860,"samplingBit":16,"channelCount":1,"samplingRate":"16kHz","audioPath":"/Mock/05.ICT/Male/Experienced/ckmk_a_ict_m_e_177516.wav"}}}