{"version":"1.0","dataSet":{"info":{"date":"20230116","occupation":"ICT","channel":"MOCK","place":"ONLINE","gender":"MALE","ageRange":"-34","experience":"EXPERIENCED"},"question":{"raw":{"text":"지원자님께서는 평소에 자기의 의견을 어떻게 말씀하시는 편이신가요 의견을 주장할 때 강하게 주장하는 편이신가요 아니면 어떤 스타일로 자신의 의견을 주장하는지 말씀을 해 주시기 바랍니다","wordCount":23},"emotion":[],"intent":[]},"answer":{"raw":{"text":"어떤 주장을 강력하게 전달해 해야 되겠다 고 그런 생각이 들 때는 내 주장에 그만큼 확신이 있다는 것을 뜻 한다고 저는 생각을 해요. 왜냐하면 이것은 맞으니까 내가 생각했을 때 이 주장은 맞으니까 이게 맞아 라고 하는 그런 간절한 마음 때문에 주장을 강력하게 주장하는 것 같아요. 그런데 그런 과정에서는 보통 반발심이 항상 생기게 마련한 이예요. 왜냐하면 상대 입장에서는 그 주장이 맞는지 아닌지 확인해야 될 그런 절차의 여유가 필요해요. 좀 틈이 필요하다는 거죠. 주장을 받아들일 수 있는 틈이 필요한데 강력하게 주장을 하면은 그 틈을 메워 버려서 주장을 받아들이기가 힘들어요. 그럴 때는 전 오히려 강력한 주장 나의 확신 있는 주장이 있을 때는 반대로 약하게 주장하는 편입니다. 그 주장을 약하게 주장하면 조금 상대 입장에서 그 입장을 받아들일려고 하는 틈이 더 생겨요. 그러면은 상대 입장에서 저의 주장을 조금 더 살펴볼 수 있는 여지가 생기는 거죠. 그 여지가 의견에 진정한 교환을 이루어 낸다고 생각합니다.","wordCount":137},"emotion":[],"intent":[{"text":"그럴 때는 전 오히려 강력한 주장 나의 확신 있는 주장이 있을 때는 반대로 약하게 주장하는 편입니다.","expression":"c_person","category":"background"}],"summary":{"text":"주장을 강력하게 전달해야 한다는 확신이 들 때 저는 내 주장에 확신이 있다는 것을 뜻합니다. 그러나 이런 과정에서는 보통 반발심이 생깁니다. 왜냐하면 상대 입장에서는 그 주장이 맞는지 여부를 확인할 여유가 필요합니다. 주장을 강하게 주장하면 상대 입장에서 주장을 더 살펴볼 여지가 생기는데, 그 여지가 의견에 진정한 교환을 이루어 낸다고 생각합니다.","wordCount":48}}},"rawDataInfo":{"question":{"fileFormat":"wav","fileSize":585358,"duration":18290,"samplingBit":16,"channelCount":1,"samplingRate":"16kHz","audioPath":"/Mock/05.ICT/Male/Experienced/ckmk_q_ict_m_e_200085.wav"},"answer":{"fileFormat":"wav","fileSize":2826958,"duration":88340,"samplingBit":16,"channelCount":1,"samplingRate":"16kHz","audioPath":"/Mock/05.ICT/Male/Experienced/ckmk_a_ict_m_e_200085.wav"}}}