{"version":"1.0","dataSet":{"info":{"date":"20230116","occupation":"ICT","channel":"MOCK","place":"ONLINE","gender":"MALE","ageRange":"35-44","experience":"EXPERIENCED"},"question":{"raw":{"text":"아 본인은 협업하는 과제 그리고 혼자 하는 과제 중에 어떤 거를 더 선호를 하시는지 궁금합니다 이유와 함께 설명을 해 주시기 바랍니다","wordCount":21},"emotion":[],"intent":[]},"answer":{"raw":{"text":"저는 단연코 협업하는 과제가 저한테 더 잘 맞고 사람들한테도 필요하다고 생각합니다. 혼자 공부하는 게 아닌 조직이나 회사에서는 혼자 과제를 하다 보면 실제적으로 많은 문제가 발생합니다. 왜냐하면 혼자 자신만에 인식에 틀에서 그 문제점이나 어떤 필요성을 잘 모른 상태에서 그 연구 분야가 맞다고 계속 파고 들면 시간과 비용을 낭비하게 돼 있습니다. 하지만 협업을 하다 보면 서로서로 지적 사항이라든가 모니터링 또는 커스터마이징을 통해서 내가 뭐가 부족하고 앞으로 어떻게 나가야 되고 이 부분에 대해서는 어떻게 했으면 좋겠다 라고 하는 서로의 조언을 통해서 시너지를 창출할 수 있게 됩니다. 학교에서 혼자 공부하는 것이라면 과제를 혼자 해도 상관없지만 회사에서 하는 과제라면 당연히 여러 사람 간의 협업을 통해서 업무 능력 및 성과를 증진시킬 필요가 있다고 생각합니다.","wordCount":108},"emotion":[],"intent":[{"text":"하지만 협업을 하다 보면 서로서로   지적 사항이라든가 모니터링 또는 커스터마이징을 통해서 내가 뭐가 부족하고   앞으로 어떻게 나가야 되고 이 부분에 대해서는 어떻게 했으면 좋겠다 라고 하는 서로의 조언을 통해서 시너지를 창출할 수 있게 됩니다.","expression":"c_cop","category":"personality"},{"text":"학교에서 혼자 공부하는 것이라면 과제를 혼자 해도 상관없지만 회사에서 하는 과제라면   당연히 여러 사람 간의 협업을 통해서 업무 능력 및 성과를 증진시킬 필요가 있다고 생각합니다.","expression":"c_cop","category":"personality"}],"summary":{"text":"협업하는 과제가 저한테 더 잘 맞고 사람들한테도 필요하다고 생각합니다. 조직이나 회사에서는 혼자 과제를 하다 보면 실제적으로 많은 문제가 발생합니다. 하지만 협업을 하다 보면 서로서로 지적 사항이라든가 모니터링 또는 커스터마이징을 통해서 시너지를 창출할 수 있게 됩니다.","wordCount":35}}},"rawDataInfo":{"question":{"fileFormat":"wav","fileSize":448718,"duration":14020,"samplingBit":16,"channelCount":1,"samplingRate":"16kHz","audioPath":"/Mock/05.ICT/Male/Experienced/ckmk_q_ict_m_e_177517.wav"},"answer":{"fileFormat":"wav","fileSize":2009678,"duration":62800,"samplingBit":16,"channelCount":1,"samplingRate":"16kHz","audioPath":"/Mock/05.ICT/Male/Experienced/ckmk_a_ict_m_e_177517.wav"}}}