{"version":"1.0","dataSet":{"info":{"date":"20230116","occupation":"ICT","channel":"MOCK","place":"ONLINE","gender":"MALE","ageRange":"-34","experience":"EXPERIENCED"},"question":{"raw":{"text":"지원자님께서 만약 우리 회사에 입사를 하게 돼서 일을 하다 보면 현 지역이 아닌 타 지역에서 업무를 수행하게 될 수도 있는데요 타 지역 근무도 가능하신지 여쭤보고 싶습니다","wordCount":26},"emotion":[],"intent":[]},"answer":{"raw":{"text":"네 다른 지역에서의 업무 수행 타 지역 근무도 문제 없습니다. 타 지역에서 근무해 보는 것은 또 다른 좋은 경험이 될 수 있다고 생각합니다. 한국에서 다른 지역의 문화를 체험할 수 있는 기회는 살면서 흔치 않기 때문입니다. 따라서 타 지역 근무는 기피 대상이 아닌 좋은 기회가 될 수도 있습니다. 물론 환경에 변화로 인해 적응이 어려움이 있을 수 있지만 제 업무를 더 효율적으로 하고 효과적으로 할 때 타 지역 근무도 필요성이 있다고 생각합니다.","wordCount":70},"emotion":[],"intent":[{"text":"","expression":"","category":"attitude"}],"summary":{"text":"타 지역 근무는 업무 수행에 있어 또 다른 좋은 경험이 될 수 있으며 적응의 어려움이 있더라도 제 업무를 더 효율적으로 할 수 있는 좋은 기회일 수 있습니다.","wordCount":27}}},"rawDataInfo":{"question":{"fileFormat":"wav","fileSize":605198,"duration":18910,"samplingBit":16,"channelCount":1,"samplingRate":"16kHz","audioPath":"/Mock/05.ICT/Male/Experienced/ckmk_q_ict_m_e_251808.wav"},"answer":{"fileFormat":"wav","fileSize":2883278,"duration":90100,"samplingBit":16,"channelCount":1,"samplingRate":"16kHz","audioPath":"/Mock/05.ICT/Male/Experienced/ckmk_a_ict_m_e_251808.wav"}}}