{"version":"1.0","dataSet":{"info":{"date":"20230116","occupation":"ICT","channel":"MOCK","place":"ONLINE","gender":"MALE","ageRange":"45-54","experience":"EXPERIENCED"},"question":{"raw":{"text":"어 과거에 여러 가지 프로젝트를 해 보셨을 텐데 아니면 안 했 수도 있겠죠 프로젝트를 수행했던 경험이 있는지에 대해서 또 얘기해 보시고요 그 프로젝트를 수행할 때 프로젝트 내에서 본인의 역할이 어떤 것이었는지 말해보시겠어요","wordCount":32},"emotion":[],"intent":[]},"answer":{"raw":{"text":"어 저 뭐 경력이 벌써 한 이십 오 년 이렇게 되다 보니까 프로젝트를 수행한 경험은 수없이 많습니다. 뭐 그게 작은 것도 있고 개 중에서는 대개 굵직굵직한 큰 프로젝트도 있었고 어 물론 뭐 사회 초년병일 때는 팀원으로 참석을 한 적도 있었고 어느 정도 직책 타이틀을 달고 나서는 팀장으로서 그 프로젝트에 참여한 적도 많습니다. 어 프로젝트에서의 역할은 뭐 그 직무와 직책에 따라서 달라졌던 것 같습니다. 뭐 사원이었거나 경험이 좀 적을 때는 팀원으로서 뭐 간단한 업무부터 시작해 가지고 뭐 팔로워 하는 거 자료 수집 어 무슨 현장에서 확인하고 그 현장 시장 조사하는 일을 주로 맡아서 해왔고 어 어느 정도 중간 정도 타이틀이 됐을 때는 어 좀 더 자세한 마케팅에 대한 그 저 방식을 세운다라든지 아니면 뭐 팀원하고 그 팀장 간의 중간 다리 역할을 맡아 가지고 뭐 애로사항이나 이런 것들을 전달하고 또 팀원들이 해줘야 될 뭐 방향에 대해서 어 이렇게 짚어나가는 경험을 했습니다. 당연히 팀장을 할 때는 그 프로젝트를 총책으로 맡아 가지고 전체적인 책임을 지고 그 프로젝트를 완성하려고 노력했습니다.","wordCount":155},"emotion":[],"intent":[{"text":"","expression":"","category":"attitude"}],"summary":{"text":"경력은 20 오 년 정도 되다보니 프로젝트 수행 경험이 많습니다. 직무와 직책에 따라서 역할이 달라졌는데 사원이거나 경험이 적을 때는 팀원으로서 간단한 업무부터 시작해 현장 시장 조사하는 일을 주로 맡아서 해왔습니다. 팀장을 할 때는 그 프로젝트를 총책으로 맡아 가지고 전체적인 책임을 지고 프로젝트를 완성하려고 노력했습니다.","wordCount":44}}},"rawDataInfo":{"question":{"fileFormat":"wav","fileSize":624078,"duration":19500,"samplingBit":16,"channelCount":1,"samplingRate":"16kHz","audioPath":"/Mock/05.ICT/Male/Experienced/ckmk_q_ict_m_e_43950.wav"},"answer":{"fileFormat":"wav","fileSize":2750158,"duration":85940,"samplingBit":16,"channelCount":1,"samplingRate":"16kHz","audioPath":"/Mock/05.ICT/Male/Experienced/ckmk_a_ict_m_e_43950.wav"}}}