{"version":"1.0","dataSet":{"info":{"date":"20230116","occupation":"ICT","channel":"MOCK","place":"ONLINE","gender":"MALE","ageRange":"35-44","experience":"EXPERIENCED"},"question":{"raw":{"text":"본인이 지금까지 살면서 이룬 성과 중에서 제일 큰 성과는 무엇이었나요 자랑 한 번만 해주시겠어요","wordCount":14},"emotion":[],"intent":[]},"answer":{"raw":{"text":"어 지금으로부터 이십 년 전인 것 같네요. 그때 이제 저는 어 처음에 음 어떤 어 일반적인 사 년제 대학에 진학을 하지 못했고 어 학점 은행제를 통해서 공부를 하고 있는 학생이었는데 그때 이제 어 어떤 겨울 방학 특강 이런 걸 통해서 편입 설명회라는 거를 우연찮게 듣게 되었습니다. 그래서 편입 설명회를 들으면서 아 이런 길로도 어 다른 방법으로도 대학에 진학을 할 수 있겠구나 라는 그런 목표를 설정하게 됐구요. 그 목표를 향해서 정말 쉼 없이 일 년 간 준비를 해서 자격증을 네 개를 취득하고 그리고 어 영어 준비를 해서 영어 시험 준비를 해서 결국에는 한 번에 한 번에 실패 없이 제가 원하던 학교와 학부에 그런 편입을 성공할 수 있었습니다. 지금까지 제가 돌아보면서 살아가면서 이뤄냈던 가장 저의 그런 큰 성취 성과가 아니었나 싶네요.","wordCount":119},"emotion":[],"intent":[{"text":"그 목표를 향해서 정말 쉼 없이 일 년 간 준비를 해서 자격증을 네 개를 취득하고 그리고 어 영어 준비를 해서 영어 시험 준비를 해서 결국에는 한 번에 한 번에 실패 없이 제가 원하던 학교와 학부에 그런 편입을 성공할 수 있었습니다.","expression":"c_private","category":"background"}],"summary":{"text":"20년 전, 저는 일반 사 년제 대학 진학을 못하고 학점은행제를 통해 공부하고 있었습니다. 그런데 편입 설명회를 듣고 다른 방법으로도 대학에 진학을 할 수 있겠다는 목표를 설정하고 쉼 없이 준비를 해서 원하는 학교와 학부에 편입할 수 있었습니다.","wordCount":36}}},"rawDataInfo":{"question":{"fileFormat":"wav","fileSize":307278,"duration":9600,"samplingBit":16,"channelCount":1,"samplingRate":"16kHz","audioPath":"/Mock/05.ICT/Male/Experienced/ckmk_q_ict_m_e_298878.wav"},"answer":{"fileFormat":"wav","fileSize":2186958,"duration":68340,"samplingBit":16,"channelCount":1,"samplingRate":"16kHz","audioPath":"/Mock/05.ICT/Male/Experienced/ckmk_a_ict_m_e_298878.wav"}}}