{"version":"1.0","dataSet":{"info":{"date":"20230116","occupation":"ICT","channel":"MOCK","place":"ONLINE","gender":"MALE","ageRange":"35-44","experience":"EXPERIENCED"},"question":{"raw":{"text":"만약 본인이 지원한 이 직무가 아닌 다른 부서에 배치되게 되었습니다 그때 어떻게 하시겠습니까 그래도 일을 계속 하실 생각인가요","wordCount":18},"emotion":[],"intent":[]},"answer":{"raw":{"text":"다른 부서에 배치된다고 하더라도 저는 이 회사를 믿고 이 회사의 가능성과 비전을 보고 지원한 것이기 땜에 우선 육 개월에서 일 년 정도는 열심히 해보겠습니다. 육 개월에서 일 년 정도 하면서 업무에 적응을 하고 업무에 성과를 내면서 제가 진짜 이 업무가 맞는지 안 맞는지를 그때 다시 한번 판가름 해보고 싶습니다. 일 년 정도 해서 업무에 적응도 됐고 업무에 대한 성과도 냈는데 그래도 이 업무가 정말 안 맞는다면 그때는 저는 이 업무가 안 맞는 것으로 판단하고 보직이 이동할 수 있는 높은 상사나 또는 매니저 또는 전무 이사급에게 보직 순환이라든가 보직 전환에 대한 요청을 할 것입니다. 그렇게 해서 보직 전환을 하면 이 업무에서 보여줬던 탁월한 성과를 거기서 더 많이 보여줄 수 있기 때문에 저를 다른 부서로 제가 원래 원하는 부서로 옮겨주십시오 라고 요청을 하게 될 것입니다.","wordCount":123},"emotion":[],"intent":[{"text":"","expression":"","category":"attitude"}],"summary":{"text":"이 회사를 믿고 지원한 것이기 때문에 육 개월에서 일 년 정도 하면서 업무에 적응하고 성과를 내면서 이 업무가 맞는 지 안 맞는 지 판가름 해보고 싶습니다. 그렇게 해서 보직 전환을 하면 이 업무에서 보여준 탁월한 성과를 더 많이 보여줄 수 있기 때문에 원하는 부서로 옮겨주십시오 라고 요청을 하게 될 것입니다.","wordCount":50}}},"rawDataInfo":{"question":{"fileFormat":"wav","fileSize":368718,"duration":11520,"samplingBit":16,"channelCount":1,"samplingRate":"16kHz","audioPath":"/Mock/05.ICT/Male/Experienced/ckmk_q_ict_m_e_177519.wav"},"answer":{"fileFormat":"wav","fileSize":1809998,"duration":56560,"samplingBit":16,"channelCount":1,"samplingRate":"16kHz","audioPath":"/Mock/05.ICT/Male/Experienced/ckmk_a_ict_m_e_177519.wav"}}}