{"version":"1.0","dataSet":{"info":{"date":"20230116","occupation":"ICT","channel":"MOCK","place":"ONLINE","gender":"MALE","ageRange":"-34","experience":"EXPERIENCED"},"question":{"raw":{"text":"지원자님은 팀으로 일하는 것과 혼자 일하는 것 중 무엇을 더 선호하시는지 이유와 함께 말씀해 주실 수 있나요","wordCount":17},"emotion":[],"intent":[]},"answer":{"raw":{"text":"팀으로 일하는 것과 혼자 일하는 것 중 무엇을 더 선호하시나요. 이유도 함께 말씀해 주세요. 팀으로 일하는 것도 좋지만 혼자 일하는 쪽을 조금 더 선호하는 편입니다. 나만 잘하면 된다 라는 마음가짐이 적당한 긴장감을 주고 책임 회피를 불가능하게 해서 저 개인의 역량 자체를 올려준다고 생각하기 때문입니다. 그렇다고 팀으로 말하는 것이 불편한 것은 아닙니다. 조금 더 넓은 시야를 갖게 되고 제가 부족한 부분 동료가 부족한 부분을 서로 보완해 나가면서 하는 팀 작업 또한 배울 점이 많다고 생각합니다.","wordCount":74},"emotion":[],"intent":[{"text":"","expression":"","category":"attitude"}],"summary":{"text":"팀으로 일하는 것도 좋지만 혼자 일하는 쪽을 조금 더 선호하는 편입니다. 더 넓은 시야를 갖게 되고 부족한 부분을 서로 보완해 나가면서 하는 팀 작업 또한 배울 점이 많다고 생각합니다.","wordCount":29}}},"rawDataInfo":{"question":{"fileFormat":"wav","fileSize":361038,"duration":11280,"samplingBit":16,"channelCount":1,"samplingRate":"16kHz","audioPath":"/Mock/05.ICT/Male/Experienced/ckmk_q_ict_m_e_259604.wav"},"answer":{"fileFormat":"wav","fileSize":1262798,"duration":39460,"samplingBit":16,"channelCount":1,"samplingRate":"16kHz","audioPath":"/Mock/05.ICT/Male/Experienced/ckmk_a_ict_m_e_259604.wav"}}}