{"version":"1.0","dataSet":{"info":{"date":"20230116","occupation":"ICT","channel":"MOCK","place":"ONLINE","gender":"MALE","ageRange":"-34","experience":"EXPERIENCED"},"question":{"raw":{"text":"과거 다니던 직장을 그만둘 때 그만둔 특별한 이유가 있으셨습니까 만약 있다면 어떤 이유이고 또 현 직장도 같은 이유로 그만둘 가능성이 있는지 궁금합니다","wordCount":22},"emotion":[],"intent":[]},"answer":{"raw":{"text":"이전 직장을 그만둔 특별한 이유가 있나요. 그리고 현 직장도 같은 이유로 그만둘 가능성이 있을까요. 이전 직장을 그만둔 가장 큰 이유는 적성과 상관없이 제가 하고 싶은 일이 아니었기 때문입니다. 하고 싶은 일을 억지로 하는 것은 일의 능률을 떨어뜨리고 스트레스를 차곡차곡 쌓아가는 일이었습니다. 현 직장은 이전 직장과 다르게 제가 하고 싶은 일을 찾아온 것이기 때문에 같은 이유로 그만둘 가능성은 없다고 생각합니다.","wordCount":59},"emotion":[],"intent":[{"text":"","expression":"","category":"attitude"}],"summary":{"text":"이전 직장은 적성과 상관없이 하고 싶은 일이 아니었기 때문에 그만둔 것이고, 현 직장은 이전 직장과 다르게 하고 싶은 일을 찾아온 것이므로 같은 이유로 그만둘 가능성은 없습니다.","wordCount":26}}},"rawDataInfo":{"question":{"fileFormat":"wav","fileSize":561998,"duration":17560,"samplingBit":16,"channelCount":1,"samplingRate":"16kHz","audioPath":"/Mock/05.ICT/Male/Experienced/ckmk_q_ict_m_e_270095.wav"},"answer":{"fileFormat":"wav","fileSize":1401038,"duration":43780,"samplingBit":16,"channelCount":1,"samplingRate":"16kHz","audioPath":"/Mock/05.ICT/Male/Experienced/ckmk_a_ict_m_e_270095.wav"}}}