{"version":"1.0","dataSet":{"info":{"date":"20230116","occupation":"ICT","channel":"MOCK","place":"ONLINE","gender":"MALE","ageRange":"35-44","experience":"EXPERIENCED"},"question":{"raw":{"text":"열심히는 하는데 본인이 원하는 만큼 따라오지 못하는 팀 동료들이 있을 수도 있습니다 어 이럴 때는 어떻게 어 하실지 생각해 보시고 말씀해 주세요","wordCount":22},"emotion":[],"intent":[]},"answer":{"raw":{"text":"예 사람마다 편차는 모두 다 있기 마련입니다. 일단은 우선적으로는 그 친구가 일을 못 따라온다고 해서 전혀 절대 나무라지 않을 것이고요. 어 저 역시 어 누구나 사람은 누구나 완벽한 사람이 없습니다. 그래서 그 친구에게도 어 일단 제가 뭐 그 친구가 그 친구가 제가 오빠가 될 수도 있고 형이 될 수도 있고 어쩌면 동생이 될 수도 있겠지만 그 친구에게 직장 동료 간이 아닌 어떤 인간 대 인간으로서의 대화를 시도할 거고요. 어 나 역시 저에 이런 실패담과 그런 우여곡절 그리고 어 어려웠던 점 어려웠던 그런 에피소드를 그 친구에게 들려주고 어떻게 내가 극복을 해 왔는지 그리고 멘탈 관리를 어떻게 해왔는지 그리고 너무 애쓰지 말라는 이야기를 하고 싶어요. 그 친구도 정말 잘하고 싶어서 이렇게 실패를 하는 이 실수를 많이 한 거 기 때 그런 것을 알기 때문에 너무 애쓰지 말고 어 그 너 혼자서 하는 일이 아니 당신 혼자서 하는 일이 아닙니다. 어 우리가 팀으로서 그 그것이 바로 팀의 역할입니다. 당신이 부족한 점을 우리 팀원들이 다 채워줄 것이니까 너무 걱정하지 말고 부담 갖지 말라고 이런 식으로 대화로서 그 친구를 조언을 해 줄 것 같습니다.","wordCount":169},"emotion":[],"intent":[{"text":"","expression":"","category":"attitude"}],"summary":{"text":"사람은 누구나 완벽한 사람이 없습니다. 그 친구에게 직장 동료 간이 아닌 인간 대 인간으로서의 대화를 시도할 것이고 나 역시 실패담과 어려웠던 점 어려웠던 에피소드를 그 친구에게 들려주고 어떻게 극복해 왔는지 그리고 멘탈 관리를 어떻게 해왔는지 그리고 너무 애쓰지 말라는 이야기를 하고 싶어요. 그것이 팀의 역할입니다.","wordCount":45}}},"rawDataInfo":{"question":{"fileFormat":"wav","fileSize":594638,"duration":18580,"samplingBit":16,"channelCount":1,"samplingRate":"16kHz","audioPath":"/Mock/05.ICT/Male/Experienced/ckmk_q_ict_m_e_182507.wav"},"answer":{"fileFormat":"wav","fileSize":2617678,"duration":81800,"samplingBit":16,"channelCount":1,"samplingRate":"16kHz","audioPath":"/Mock/05.ICT/Male/Experienced/ckmk_a_ict_m_e_182507.wav"}}}