{"version":"1.0","dataSet":{"info":{"date":"20230116","occupation":"ICT","channel":"MOCK","place":"ONLINE","gender":"MALE","ageRange":"55-","experience":"EXPERIENCED"},"question":{"raw":{"text":"요즘 공부하고 있는 것이 있으신가요 있다면 그것을 왜 공부하고 있는지 지금까지 무엇을 배우셨는지 함께 말씀 부탁드립니다","wordCount":16},"emotion":[],"intent":[]},"answer":{"raw":{"text":"사 차 산업 혁명 관련된 분야에 공부를 많이 하고 있습니다. 사 차 산업 혁명을 통해서 우리 사회가 변화되게 될 시점이라든지 향후에 변화될 모습들을 보면서 그 가운데 우리가 해야 할 일들이 어떤 것인지를 준비를 하고 있는 과정에 있습니다. 특별히 저는 스마트 헬스케어 분야를 집중적으로 공부를 하고 있는데요. 지금까지 의료 영역이라고 하면 의사가 중심으로 되어서 치료 행위들을 많이 해오고 있었는데 그것들을 돕기 위해서 아이씨티 분야에서는 병원 정보 시스템이라든지 침대 자동화 솔루션이라든지 환자 상태 모니터링 시스템 등 상당히 많은 자동화된 기기들이 의료 현장에서 도입되고 있습니다. 하지만 진정한 의미에서 사 차 산업혁명에서에 스마트 헬스케어는 환자 중심의 병원이 되어야 된다고 생각을 합니다. 지금까지 병원 중심 의사 중심으로 돌아가고 있던 생태계 생태계가 환자 중심으로 환자를 진정한 주인으로 놓고 의료 서비스가 그 환자를 케어하는 방향으로 어 시각을 가지고 접근하고 돌아본다면 바뀌어야 할 부분들이 너무나도 많이 있기 때문입니다. 그 부분을 요즘은 집중적으로 공부를 하고 있습니다.","wordCount":137},"emotion":[],"intent":[{"text":"","expression":"","category":"attitude"}],"summary":{"text":"사차 산업 혁명에 관련된 분야에 공부를 많이 하고 있는데 특히 스마트 헬스케어 분야를 집중적으로 공부하고 있습니다. 지금까지 병원 중심 의사 중심으로 돌아가던 생태계 생태계가 환자 중심으로 바뀌어야 할 부분들이 많기 때문에 그 부분에 초점을 두고 공부를 하고 있고 특히 환자 중심의 병원이 되어야 한다고 생각합니다.","wordCount":45}}},"rawDataInfo":{"question":{"fileFormat":"wav","fileSize":605518,"duration":18920,"samplingBit":16,"channelCount":1,"samplingRate":"16kHz","audioPath":"/Mock/05.ICT/Male/Experienced/ckmk_q_ict_m_e_303035.wav"},"answer":{"fileFormat":"wav","fileSize":2935118,"duration":91720,"samplingBit":16,"channelCount":1,"samplingRate":"16kHz","audioPath":"/Mock/05.ICT/Male/Experienced/ckmk_a_ict_m_e_303035.wav"}}}