{"version":"1.0","dataSet":{"info":{"date":"20230116","occupation":"ICT","channel":"MOCK","place":"ONLINE","gender":"MALE","ageRange":"55-","experience":"EXPERIENCED"},"question":{"raw":{"text":"남을 잘 이끄는 리더형과 남을 잘 따르는 팔로워형 그중에 본인은 어떤 유형인지 그리고 그 이유는 무엇인지 구체적으로 설명해 주시기 바랍니다","wordCount":20},"emotion":[],"intent":[]},"answer":{"raw":{"text":"어 저는 리더 형인 것 같습니다. 한 육 대 사 정도로 어 팔로워 형보다 리더 형에 가까운 것 같은데요. 계획을 세워서 일을 하고 또 팀을 구축하고 팀원들에게 동기를 부여하고 어 하는 것들을 제가 좀 주도적으로 하는 것들을 하고 그런 일들을 해왔기 때문에 그렇게 생각이 되는데요. 어 팔로워도 잘 합니다. 어 어떤 잘 짜여진 어 팀 안에서 그 팀의 목표를 달성하기 위해서 어 팔로워의 역할로서 팀원으로서의 역할도 어 아주 잘 어 수행을 합니다.","wordCount":72},"emotion":[],"intent":[{"text":"","expression":"","category":"attitude"}],"summary":{"text":"저는 팔로워 형보다 리더 형에 가까운 것 같습니다. 계획, 팀 구축, 동기 부여를 주도적으로 해왔기 때문에 그렇게 생각합니다. 잘 짜여진 팀 안에서 역할도 잘 수행합니다.","wordCount":25}}},"rawDataInfo":{"question":{"fileFormat":"wav","fileSize":656718,"duration":20520,"samplingBit":16,"channelCount":1,"samplingRate":"16kHz","audioPath":"/Mock/05.ICT/Male/Experienced/ckmk_q_ict_m_e_285352.wav"},"answer":{"fileFormat":"wav","fileSize":1532238,"duration":47880,"samplingBit":16,"channelCount":1,"samplingRate":"16kHz","audioPath":"/Mock/05.ICT/Male/Experienced/ckmk_a_ict_m_e_285352.wav"}}}