{"version":"1.0","dataSet":{"info":{"date":"20230116","occupation":"ICT","channel":"MOCK","place":"ONLINE","gender":"MALE","ageRange":"45-54","experience":"EXPERIENCED"},"question":{"raw":{"text":"해당 직무와 관련된 일을 해본 적 있나요","wordCount":7},"emotion":[],"intent":[]},"answer":{"raw":{"text":"해당 직무와 관련된 일을 해보신 해 본 적이 있냐 라고 물으셨는데 그건 당연합니다. 저는 경력직으로 지원했고 어 지금 지원한 이 업무를 어 거의 이십 년 넘게 해와 해 오고 있습니다. 어 바로 지금 현재도 하고 있고 제가 당 회사에 입사가 된다면 입사가 돼서도 꾸준히 그 일을 해 올 것입니다. 저는 일을 하는 동안 많은 경험을 축적해 왔고 나름의 일을 함에 있어서 도움이 되는 많은 네트워크와 그 필요한 요소들을 많이 갖추고 있습니다. 어 제가 해당 업무에 대해서는 나름 자신도 있고 베테랑이고 어 누구보다도 잘 해낼 경험과 자신이 있습니다.","wordCount":87},"emotion":[],"intent":[{"text":"","expression":"","category":"attitude"}],"summary":{"text":"저는 경력직으로 지원했고 이 업무를 20 년 넘게 해오고 있습니다. 일을 하는 동안 많은 경험을 축적해 왔고 많은 네트워크와 필요한 요소들을 많이 갖추고 있으며 누구보다도 잘 해낼 경험과 자신이 있습니다","wordCount":30}}},"rawDataInfo":{"question":{"fileFormat":"wav","fileSize":192718,"duration":6020,"samplingBit":16,"channelCount":1,"samplingRate":"16kHz","audioPath":"/Mock/05.ICT/Male/Experienced/ckmk_q_ict_m_e_43948.wav"},"answer":{"fileFormat":"wav","fileSize":1668878,"duration":52150,"samplingBit":16,"channelCount":1,"samplingRate":"16kHz","audioPath":"/Mock/05.ICT/Male/Experienced/ckmk_a_ict_m_e_43948.wav"}}}