{"version":"1.0","dataSet":{"info":{"date":"20230116","occupation":"ICT","channel":"MOCK","place":"ONLINE","gender":"MALE","ageRange":"45-54","experience":"EXPERIENCED"},"question":{"raw":{"text":"지원자분은 테스트 코드에 관해 알고 계십니까 잘 알고 계신다면 테스트 코드는 왜 짜야 하는지 왜 중요한지 자세하게 말씀해 주시기 바랍니다","wordCount":20},"emotion":[],"intent":[]},"answer":{"raw":{"text":"본 코드로 가기 전에 이것이 정확하게 잘 작동될 지에 대한 시뮬레이션으로서 테스트 코드는 꼭 짜야 한다고 생각을 합니다. 그렇지 않고서 테스트를 거치지 않고 바로 본 작업으로 본 코드 작업으로 들어가게 되면은 오류가 발생되었을 때 그것이 무엇이 오류가 되었는지 찾는 과정이 테스트 코드에서 발견되는 과정보다 더 어려울 수가 있어요. 그 과정을 모르실 수도 있는데 저는 항상 테스트 코드를 써 왔기 때문에 음 발견됐던 모든 문제들을 테스트 코드에서 저는 발견을 할 수가 있었어요. 그래서 저는 테스트 코드를 쓰는 습관이 어 습관이 오래도록 그렇게 저에게는 익숙하기 때문에 테스트 코드는 당연하게 짜야 되는 것이라고 저는 그렇게 생각을 하고 있습니다.","wordCount":95},"emotion":[],"intent":[{"text":"","expression":"","category":"attitude"}],"summary":{"text":"본 코드로 가기 전 제대로 작동될 지에 대한 시뮬레이션으로서 테스트 코드는 꼭 짜야 합니다. 테스트 없이 본 작업으로 들어가면 오류가 발생했을 때 찾는 과정이 테스트 코드에서 발견되는 과정보다 더 어려울 수 있기 때문입니다.","wordCount":33}}},"rawDataInfo":{"question":{"fileFormat":"wav","fileSize":379598,"duration":11860,"samplingBit":16,"channelCount":1,"samplingRate":"16kHz","audioPath":"/Mock/05.ICT/Male/Experienced/ckmk_q_ict_m_e_205796.wav"},"answer":{"fileFormat":"wav","fileSize":2037838,"duration":63680,"samplingBit":16,"channelCount":1,"samplingRate":"16kHz","audioPath":"/Mock/05.ICT/Male/Experienced/ckmk_a_ict_m_e_205796.wav"}}}