{"version":"1.0","dataSet":{"info":{"date":"20230116","occupation":"ICT","channel":"MOCK","place":"ONLINE","gender":"MALE","ageRange":"-34","experience":"EXPERIENCED"},"question":{"raw":{"text":"개발하시면서 개발 프로세스에서 어떤 게 제일 재미있었나요","wordCount":7},"emotion":[],"intent":[]},"answer":{"raw":{"text":"어 결국 개발 프로세스에서는 결과가 눈에 보일 때 어 저의 추측이 맞고 저의 예측이 맞고 그로 인해 결과가 의미 있었을 때 그런 성과가 날 때 항상 재미있고 어 또한 이제 서로 간의 코드를 보며 아 다른 사람의 코드에서 배우거나 혹은 제 코드가 다른 사람 코드에 영향을 주고 받을 때 뭐 이 때도 재미 있지만 결과적으로는 항상 결과가 눈에 띄게 보이고 그럴 때가 가장 재미있었습니다.","wordCount":64},"emotion":[{"text":"어 결국 개발 프로세스에서는 결과가 눈에 보일 때 어 저의 추측이 맞고 저의 예측이 맞고 그로 인해 결과가 의미 있었을 때 그런 성과가 날 때 항상 재미있고 어 또한 이제 서로 간의 코드를 보며 아 다른 사람의 코드에서 배우거나 혹은 제 코드가 다른 사람 코드에 영향을 주고 받을 때 뭐 이 때도 재미 있지만 결과적으로는 항상 결과가 눈에 띄게 보이고 그럴 때가 가장 재미있었습니다.","expression":"p-interest","category":"positive"}],"intent":[{"text":"","expression":"","category":"attitude"}],"summary":{"text":"개발 프로세스는 결과가 눈에 보이는 시점과 예측이 맞는 시점이 가장 재미있었습니다. 다른 사람의 코드를 보며 배운다거나 다른 사람의 코드에 영향을 받을 때도 결과적으로는 결과가 보이는 때가 재미있습니다.","wordCount":27}}},"rawDataInfo":{"question":{"fileFormat":"wav","fileSize":243278,"duration":7600,"samplingBit":16,"channelCount":1,"samplingRate":"16kHz","audioPath":"/Mock/05.ICT/Male/Experienced/ckmk_q_ict_m_e_242826.wav"},"answer":{"fileFormat":"wav","fileSize":1151438,"duration":35980,"samplingBit":16,"channelCount":1,"samplingRate":"16kHz","audioPath":"/Mock/05.ICT/Male/Experienced/ckmk_a_ict_m_e_242826.wav"}}}