{"version":"1.0","dataSet":{"info":{"date":"20230116","occupation":"ICT","channel":"MOCK","place":"ONLINE","gender":"MALE","ageRange":"45-54","experience":"EXPERIENCED"},"question":{"raw":{"text":"타고 가던 기차가 갑자기 산사태 때문에 삼십 분 정도 지연된다고 안내 방송이 나왔습니다 이때 지원자는 어떻게 대처하실 건가요","wordCount":18},"emotion":[],"intent":[]},"answer":{"raw":{"text":"우선은 안전을 확보하겠습니다. 우선은 저의 안전을 확보해야 하고 그다음에는 주변에 노약자나 어린아이 그 여자분 여자 등의 안전을 확보하겠습니다. 어 그다음에는 이 사태가 어떤 사태인지 상황을 파악하도록 애를 쓸 것 같습니다. 어 산사태로 삼십 분 동안 정지를 했다라고 하면 이 기차가 다시 운행을 해도 되는지 주변 소식을 알아보고 그다음에는 이 소식을 어 주변 뭐 소방서라든지 뭐 경찰서 같은 데 전화를 통해 가지고 이 상황을 알리겠습니다. 그다음에는 주변 상황을 파악하고 어 일단은 동요하지 않고 어 뭐 기관사라든지 그쪽에서 어 어떻게 행동하는지에 대해서 어 주의를 기울여 주의를 기울이겠습니다.","wordCount":85},"emotion":[],"intent":[{"text":"어 산사태로 삼십 분 동안 정지를 했다라고 하면 이 기차가   다시 운행을 해도 되는지 주변 소식을 알아보고 그다음에는 이 소식을 어   주변 뭐 소방서라든지 뭐 경찰서 같은 데 전화를 통해 가지고 이 상황을 알리겠습니다.","expression":"c_adp","category":"personality"}],"summary":{"text":"산사태로 인해 기차 운행이 중단되었을 때, 주변 소식을 확인하고 소방서, 경찰서 등에 전화로 상황을 알리겠습니다. 그리고 주변 상황을 파악한 뒤, 동요하지 않고 기관사 쪽의 행동에 주의를 기울이겠습니다.","wordCount":27}}},"rawDataInfo":{"question":{"fileFormat":"wav","fileSize":384078,"duration":12000,"samplingBit":16,"channelCount":1,"samplingRate":"16kHz","audioPath":"/Mock/05.ICT/Male/Experienced/ckmk_q_ict_m_e_42883.wav"},"answer":{"fileFormat":"wav","fileSize":2069838,"duration":64680,"samplingBit":16,"channelCount":1,"samplingRate":"16kHz","audioPath":"/Mock/05.ICT/Male/Experienced/ckmk_a_ict_m_e_42883.wav"}}}