{"version":"1.0","dataSet":{"info":{"date":"20230116","occupation":"ICT","channel":"MOCK","place":"ONLINE","gender":"MALE","ageRange":"-34","experience":"EXPERIENCED"},"question":{"raw":{"text":"어 대학에서 배운 지원자님의 전공 과목 중에 가장 기억에 남는 과목이 있으실 텐데요 어 그것에 대해서 어 구체적으로 설명해 주시기를 바랍니다","wordCount":21},"emotion":[],"intent":[]},"answer":{"raw":{"text":"가장 기억에 남는 과목은 대학교 삼 학년에 배운 컴퓨터 비전입니다. 당시 이천 십 오 년 알파고가 나오기 직전이었는데요. 그 당시에는 머신 러닝 딥 러닝이 아닌 컴퓨터 비전이었습니다. 당시에는 단순히 페인터나 혹은 커머셜 네트워크를 활용만 하여서 오브젝트 디텍션 시그멘테이션 클래시피케이션 등과 같은 오브젝트에 대한 검출을 주로 하는 학문이었습니다. 그 당시에도 기술이 매우 훌륭했습니다. 하지만 돌이켜 제가 하고 있는 최신의 컴퓨터 비전 기술을 바라보면 당시의 기술에 많은 한계가 있음을 알 수 있습니다. 무엇보다 백 프로파게이션 기반에 데이터화 데이터 더 많은 데이터가 있을 때 큰 효율을 발휘하는 엠엘디엘 분야가 압도적으로 좋기 때문입니다. 하지만 이를 통찰적으로 생각해 보면 앞으로 엠엘디엘 보다 더 나은 기술이 나올 수 있고 따라서 저는 엔지니어로서 항상 공부하는 자세를 갖춰야 합니다.","wordCount":111},"emotion":[],"intent":[{"text":"가장 기억에 남는 과목은 대학교 삼 학년에 배운 컴퓨터 비전입니다.","expression":"c_private","category":"background"}],"summary":{"text":"컴퓨터 비전 과목은 당시에는 오브젝트에 대한 검출을 주로 하는 학문이었습니다. 지금은 백 프로파게이션 기반에 데이터화 데이터가 더 많은 데이터가 있을 때 큰 효율을 발휘하는 엠엘디엘 분야가 압도적으로 좋기 때문에 엔지니어로서 항상 공부하는 자세를 갖춰야 합니다.","wordCount":35}}},"rawDataInfo":{"question":{"fileFormat":"wav","fileSize":478158,"duration":14940,"samplingBit":16,"channelCount":1,"samplingRate":"16kHz","audioPath":"/Mock/05.ICT/Male/Experienced/ckmk_q_ict_m_e_249206.wav"},"answer":{"fileFormat":"wav","fileSize":3810638,"duration":119080,"samplingBit":16,"channelCount":1,"samplingRate":"16kHz","audioPath":"/Mock/05.ICT/Male/Experienced/ckmk_a_ict_m_e_249206.wav"}}}