{"version":"1.0","dataSet":{"info":{"date":"20230116","occupation":"ICT","channel":"MOCK","place":"ONLINE","gender":"MALE","ageRange":"-34","experience":"EXPERIENCED"},"question":{"raw":{"text":"개인적으로 어떻게 공부를 하는지 궁금한데요 강의를 활용하거나 책을 이용해서 활용한 공부를 말씀해 주셔도 좋습니다","wordCount":14},"emotion":[],"intent":[]},"answer":{"raw":{"text":"저는 개인적으로 공부를 구글링을 통일 많이 하는 편입니다. 컴퓨터 관련된 일을 하기 전 학부 전공 등 과정에서는 당연히 교재와 책을 보며 문제를 문답 풀이 하고 하였습니다. 하지만 이후 입사 후 컴퓨터 관련 공부에서는 구글링을 통해 스택 오버 플러우나 다른 깃허브 혹은 다른 커뮤니티 등에서 이미 제가 하려고 하는 것들을 많은 사람들이 해 두었고 저는 그들이 한 결과들을 보고 혹은 그들과 저의 유사점을 찾아 발견하고 수정 고치는 방안을 채택했습니다 이후에 전공이나 업무 외적으로 사회 생활에서 필요한 기본 인문적 지식을 소양을 쌓기 위해 독서를 주로 하는 편이며 필요하다면 스킬적인 부분이나 조금 더 편리함을 위해서 온라인 강연이나 현장 강연을 찾아가서 듣곤 합니다.","wordCount":99},"emotion":[],"intent":[{"text":"","expression":"","category":"attitude"}],"summary":{"text":"저는 개인적으로 공부를 구글링을 통일 많이 하는 편입니다. 전공이나 업무 외적으로 사회 생활에서 필요한 기본 인문적 지식을 쌓기 위해 독서를 주로 하는 편이며 필요하다면 스킬적인 부분이나 조금 더 편리함을 위해 온라인 강연이나 현장 강연을 찾아가 듣곤 합니다.","wordCount":37}}},"rawDataInfo":{"question":{"fileFormat":"wav","fileSize":458958,"duration":14340,"samplingBit":16,"channelCount":1,"samplingRate":"16kHz","audioPath":"/Mock/05.ICT/Male/Experienced/ckmk_q_ict_m_e_246236.wav"},"answer":{"fileFormat":"wav","fileSize":3746638,"duration":117080,"samplingBit":16,"channelCount":1,"samplingRate":"16kHz","audioPath":"/Mock/05.ICT/Male/Experienced/ckmk_a_ict_m_e_246236.wav"}}}