{"version":"1.0","dataSet":{"info":{"date":"20230116","occupation":"ICT","channel":"MOCK","place":"ONLINE","gender":"MALE","ageRange":"-34","experience":"EXPERIENCED"},"question":{"raw":{"text":"면접자님께서 입사 후에 기존에 원하던 일을 못 하게 되었습니다 이때 어떻게 하실지 그리고 그렇게 하시는 이유도 같이 말씀해 주세요","wordCount":19},"emotion":[],"intent":[]},"answer":{"raw":{"text":"제가 기존에 하던 업무인 개발자가 아닌 다른 사업적인 부분에 혹은 영업이나 마케팅적인 부분의 업무를 부려 받게 된다면 그 또한 열심히 수행할 것입니다. 왜냐하면 저희 역량을 조금 더 창의적으로 발휘할 기회가 될 수도 있다고 생각하기 때문입니다. 물론 제 자신이 해본 적이 없는 업무이기에 입사 후 업무 적응이 많은 어려움이 있을 수 있습니다. 하지만 지난 제 경력 과정 동안 해왔던 많은 업무를 통해 역량이 어느정도 쌓여있고 그러한 역량을 다른 일에 적용한다면 창의적인 문제 해결 방법과 창의적인 결론을 도출하여 훌륭한 성과를 낼 수 있다고 생각하기 때문입니다. 결국 성과를 내는 것이 중요하고 이게 회사회와 함께 성장을 한다면 최선을 다해 임하겠습니다.","wordCount":96},"emotion":[],"intent":[{"text":"","expression":"","category":"attitude"}],"summary":{"text":"개발자가 아닌 다른 사업적인 부분 또는 영업이나 마케팅적인 부분의 업무를 시켜 받게 된다면 역량을 조금 더 창의적으로 발휘할 기회가 될 수 있다고 생각하기 때문입니다. 결국 성과를 내는 것이 중요하고 회사회와 함께 성장을 한다면 최선을 다해 임하겠습니다.","wordCount":36}}},"rawDataInfo":{"question":{"fileFormat":"wav","fileSize":362318,"duration":11320,"samplingBit":16,"channelCount":1,"samplingRate":"16kHz","audioPath":"/Mock/05.ICT/Male/Experienced/ckmk_q_ict_m_e_245626.wav"},"answer":{"fileFormat":"wav","fileSize":3615438,"duration":112980,"samplingBit":16,"channelCount":1,"samplingRate":"16kHz","audioPath":"/Mock/05.ICT/Male/Experienced/ckmk_a_ict_m_e_245626.wav"}}}