{"version":"1.0","dataSet":{"info":{"date":"20230116","occupation":"ICT","channel":"MOCK","place":"ONLINE","gender":"MALE","ageRange":"45-54","experience":"EXPERIENCED"},"question":{"raw":{"text":"지원자가 가지고 있는 상위 일 퍼센트 능력에 대하여 최대한 자세히 설명해 주시겠습니까","wordCount":12},"emotion":[],"intent":[]},"answer":{"raw":{"text":"제가 가지고 있는 상위 일 퍼센트 능력이라 하면 저는 소통 능력이라고 생각하고 있습니다. 소통 능력이 가장 중요합니다. 인간 관계에서 특히 회사 내에서는 뭐 팀웍이 필요한 프리 저 프로젝트를 할 때도 있고 어떠한 시장을 개척하기 위해서 많은 사람들이 투입해야 되는 경우도 있습니다. 개인 영업하고 약간 다른 경우죠. 그럴 경우에 가장 중요한 거는 어 팀원들 간의 소통 능력 커뮤니케이션 스킬이 가장 필요합니다. 거기에 그 그 소통 능력은 어 공감 능력을 바탕으로 한 소통 능력이어야만 제대로 된 소통을 할 수가 있겠죠. 그래서 제가 그동안 갈고 닦았고 또 제가 사람 이해력 그까 공감 능력이 굉장히 뛰어난 사람이라고 생각을 하고 그 공감 능력을 바탕으로 한 어 제 소통 능력이 제가 가지고 있는 상위 일 퍼센트 능력이라 생각을 하고 또 모든 일을 진행하는 데 있어서 소통 능력으로 다 더 많은 성과를 보일 수 있다고 그렇게 생각하고 있습니다.","wordCount":131},"emotion":[],"intent":[{"text":"제가 가지고 있는 상위 일 퍼센트 능력이라 하면 저는 소통 능력이라고 생각하고 있습니다.","expression":"c_person","category":"background"},{"text":"그래서 제가 그동안 갈고 닦았고 또 제가 사람   이해력 그까 공감 능력이 굉장히 뛰어난 사람이라고 생각을 하고   그 공감 능력을 바탕으로 한 어 제 소통 능력이 제가 가지고 있는   상위 일 퍼센트 능력이라 생각을 하고 또 모든 일을 진행하는 데 있어서   소통 능력으로 다 더 많은 성과를 보일 수 있다고 그렇게 생각하고 있습니다.","expression":"c_person","category":"background"}],"summary":{"text":"저는 공감 능력을 바탕으로 한 소통 능력이 제 소통 능력의 상위 일 퍼센트 능력이라 생각하며, 모든 일을 진행하는 데 있어서 소통 능력으로 더 많은 성과를 보일 수 있다고 생각합니다.","wordCount":29}}},"rawDataInfo":{"question":{"fileFormat":"wav","fileSize":553678,"duration":17300,"samplingBit":16,"channelCount":1,"samplingRate":"16kHz","audioPath":"/Mock/05.ICT/Male/Experienced/ckmk_q_ict_m_e_86858.wav"},"answer":{"fileFormat":"wav","fileSize":2892238,"duration":90380,"samplingBit":16,"channelCount":1,"samplingRate":"16kHz","audioPath":"/Mock/05.ICT/Male/Experienced/ckmk_a_ict_m_e_86858.wav"}}}