{"version":"1.0","dataSet":{"info":{"date":"20230116","occupation":"ICT","channel":"MOCK","place":"ONLINE","gender":"MALE","ageRange":"35-44","experience":"EXPERIENCED"},"question":{"raw":{"text":"지원자가 저희 이 분야에 지원한 그 동기와 왜 이 분야에 관심을 가지게 되었는지 그게 구체적으로 좀 궁금하거든요 그래서 지원 동기와 지원한 이유에 대해서 좀 말씀해 주시기 바랍니다","wordCount":27},"emotion":[],"intent":[]},"answer":{"raw":{"text":"예 제가 이 회사에 어 관심을 갖게 된 이유는 이 물류센터 임대업이라는 그런 산업 자체에 굉장히 흥미가 있었습니다. 어 저희가 바야흐로 어 코로나 일 구 시 그 시대에 돌입하게 되면서 많은 사람들이 재택근무를 많이 하게 됐고 바깥 세상 바깥 세 그 아 아웃도어 활동을 잘 못하게 되고 하면서 자연스럽게 배달의 문화들이 배달의 문화가 굉장히 발전해 왔구요. 모든 것들을 오프라인에서 구매하기 보다 온라인을 통해서 구매하는 시대가 쪼금 더 급격하게 물론 코로나 이전에도 있었지만 그때 이후로 급격하게 늘어나게 된 게 사실입니다. 그러면은 결국에는 이런 배달 플랫폼 그리고 아 온라인 마켓 플랫폼들이 결국엔 물건을 적재 할 수 있는 창구들이 굉장히 많은 필요가 필요할 텐데 지금 그래서 지금 이 회사의 경우에는 그런 창고들을 계속해서 어 개발하고 그리고 어 매입해서 그걸 또 운영하고 임대업을 하면서 수익을 창출한다는 그 비즈니스 모델 자체가 굉장히 안정성이 있다고 저는 생각을 했구요. 네 그 이 회사에서 제가 아이티 담당자로서 일을 하게 된 것에 대해서 굉장히 큰 기회라고 생각합니다.","wordCount":148},"emotion":[{"text":"예 제가 이 회사에 어 관심을 갖게 된 이유는 이 물류센터 임대업이라는 그런 산업 자체에 굉장히 흥미가 있었습니다.","expression":"p-interest","category":"positive"}],"intent":[{"text":"예 제가 이 회사에 어 관심을 갖게 된 이유는 이 물류센터 임대업이라는 그런 산업 자체에 굉장히 흥미가 있었습니다.","expression":"c_sincere_job","category":"etc"}],"summary":{"text":"코로나 시대로 접어들면서 많은 사람들이 재택근무를 하게 되면서 자연스럽게 배달의 문화가 발전해 왔고 모든 것을 오프라인에서 구매하기 보다는 온라인을 통해서 구매하는 시대가 급격하게 늘어나게 되었습니다. 그러면서 이런 플랫폼들이 물건을 적재 할 수 있는 창구들이 굉장히 필요할 텐데 이 회사의 경우 그런 창고들을 계속 개발하고 매입해서 임대업을 하면서 수익을 창출할 수 있습니다.","wordCount":51}}},"rawDataInfo":{"question":{"fileFormat":"wav","fileSize":548558,"duration":17140,"samplingBit":16,"channelCount":1,"samplingRate":"16kHz","audioPath":"/Mock/05.ICT/Male/Experienced/ckmk_q_ict_m_e_182613.wav"},"answer":{"fileFormat":"wav","fileSize":2721998,"duration":85060,"samplingBit":16,"channelCount":1,"samplingRate":"16kHz","audioPath":"/Mock/05.ICT/Male/Experienced/ckmk_a_ict_m_e_182613.wav"}}}