{"version":"1.0","dataSet":{"info":{"date":"20230116","occupation":"ICT","channel":"MOCK","place":"ONLINE","gender":"MALE","ageRange":"-34","experience":"EXPERIENCED"},"question":{"raw":{"text":"동물 실험이 인간에게 주는 이익에 대해서 말씀해 주세요 그리고 동물 실험에 대한 본인의 생각도 같이 말씀해 주세요","wordCount":17},"emotion":[],"intent":[]},"answer":{"raw":{"text":"실제로 생명공학 계열에서 물론 다른 계열에서도 많은 동물 실험을 하지만 인간에게 주는 이익과 또는 그 실험의 잔혹성에 대한 대립은 대개 생명 공학에서 나타나는 것 같습니다. 생명공학에서 쥐 또는 돼지 닭 등과 같은 개체의 한 세대 주의가 짧은 개체를 활용하여 많은 실험을 하는데요. 동물 실험을 통해 사람에게 하는 임상 실험 전에 많은 데이터를 얻을 수 있다고 생각합니다. 물론 그들의 생명 또한 당연히 존중 받아야 합니다. 따라서 있는 실험자들의 윤리의식이 중요하다고 생각합니다. 본인들의 실험도 매우 중요하지만 생명의 소중함을 강력히 인식하고 그 실험의 결과가 헛되지 않게끔 명확하게 설계하고 명확한 목표가 있어야 할 것입니다.","wordCount":90},"emotion":[],"intent":[{"text":"","expression":"","category":"attitude"}],"summary":{"text":"생명공학 계열에서 인간에게 주는 이익과 실험의 잔혹성에 대한 대립은 주로 생명 공학에서 나타나는 것 같습니다. 실험자들의 윤리의식이 중요하다고 생각합니다. 생명의 소중함을 강력하게 인식하고 명확하게 설계하고 명확한 목표가 있어야 할 것입니다.","wordCount":30}}},"rawDataInfo":{"question":{"fileFormat":"wav","fileSize":291918,"duration":9120,"samplingBit":16,"channelCount":1,"samplingRate":"16kHz","audioPath":"/Mock/05.ICT/Male/Experienced/ckmk_q_ict_m_e_245625.wav"},"answer":{"fileFormat":"wav","fileSize":3842638,"duration":120080,"samplingBit":16,"channelCount":1,"samplingRate":"16kHz","audioPath":"/Mock/05.ICT/Male/Experienced/ckmk_a_ict_m_e_245625.wav"}}}