{"version":"1.0","dataSet":{"info":{"date":"20230116","occupation":"ICT","channel":"MOCK","place":"ONLINE","gender":"MALE","ageRange":"35-44","experience":"EXPERIENCED"},"question":{"raw":{"text":"고객님께서 우리가 제작한 홈페이지 화면이 로딩 속도가 느리다고 요청이 왔습니다 이럴 경우에 어떻게 해결할 것인가요","wordCount":15},"emotion":[],"intent":[]},"answer":{"raw":{"text":"이 민원 제기에는 어 항상 언제나 사과가 앞서야 합니다. 일단 불편을 끼쳐 드려 죄송하다 라는 말을 민원인께 죄송함을 표시 표현을 해야 되는 게 맞구요. 이거를 이제 어떻게 해결해 나갈 건지에 대해서 구체적으로 설명을 해드려야 되는데 어 일단 아이티의 입장에서는 아 고객님 인제 이제 저희가 지금 이 홈페이지 반응 속도가 느린 게 이 트래픽으로 인해서 반응 속도가 느린 건지 또는 어떤 이 알고리즘의 잘못된 알고리즘을 알고리즘으로 구현을 해서 이 이 홈페이지의 속도가 느린다 느린 건지를 먼저 확인을 하겠습니다. 개발 업체 홈페이지 개발 업체와 업체를 통해서 확인하고 그리고 네트워크 속도에 대해서는 네트워크 엔지니어들과 그리고 저희 자체에 서비스 모니터링 툴을 이용해서 로딩 속도를 속도가 왜 느린지 원인을 파악 후에 다시 아 민원인님께 연락을 취하도록 하겠습니다 라고 사과 선 사과 먼저 하고 어떻게 어떻게 해결해야할지 구체적인 해결 방법을 민원님께 말씀드리는 게 맞는 절차인 것 같습니다.","wordCount":131},"emotion":[],"intent":[{"text":"이거를 이제 어떻게 해결해 나갈 건지에 대해서 구체적으로 설명을 해드려야 되는데 어 일단 아이티의 입장에서는 아 고객님 인제 이제 저희가 지금 이 홈페이지 반응 속도가 느린 게 이 트래픽으로 인해서 반응 속도가 느린 건지 또는 어떤 이 알고리즘의 잘못된 알고리즘을 알고리즘으로 구현을 해서 이 이 홈페이지의 속도가 느린다 느린 건지를 먼저 확인을 하겠습니다.","expression":"i_dis_coping","category":"technology"},{"text":"개발 업체 홈페이지 개발 업체와 업체를 통해서 확인하고 그리고 네트워크 속도에 대해서는 네트워크 엔지니어들과 그리고 저희 자체에 서비스 모니터링 툴을 이용해서 로딩 속도를 속도가 왜 느린지 원인을 파악 후에 다시 아 민원인님께 연락을 취하도록 하겠습니다","expression":"i_dis_coping","category":"technology"}],"summary":{"text":"이 민원 제기 시 항상 사과가 앞서야 합니다. 민원인들에게 불편을 끼쳐 드려 죄송하다 라는 말을 해야 하고, 어떻게 해결할 건지에 대해 구체적으로 설명해야 합니다. 개발 업체 홈페이지 개발 업체와 업체를 통해서 확인하고, 네트워크 속도에 대해서는 네트워크 엔지니어들과 서비스 모니터링 툴을 이용해서 파악하도록 하겠습니다 라고 사과를 먼저 해야 합니다.","wordCount":48}}},"rawDataInfo":{"question":{"fileFormat":"wav","fileSize":380558,"duration":11890,"samplingBit":16,"channelCount":1,"samplingRate":"16kHz","audioPath":"/Mock/05.ICT/Male/Experienced/ckmk_q_ict_m_e_218128.wav"},"answer":{"fileFormat":"wav","fileSize":2428238,"duration":75880,"samplingBit":16,"channelCount":1,"samplingRate":"16kHz","audioPath":"/Mock/05.ICT/Male/Experienced/ckmk_a_ict_m_e_218128.wav"}}}