{"version":"1.0","dataSet":{"info":{"date":"20230116","occupation":"ICT","channel":"MOCK","place":"ONLINE","gender":"MALE","ageRange":"55-","experience":"EXPERIENCED"},"question":{"raw":{"text":"일을 하다 보면 다른 지역에서 업무를 수행하게 되실 수도 있는데요 지원자님은 타 지역 근무도 문제 없이 하실 수 있나요","wordCount":19},"emotion":[],"intent":[]},"answer":{"raw":{"text":"네 그렇습니다. 업무를 수행하다 보면 다른 업무를 할 수도 있고 또 지금 질문 주신 것처럼 타 지역에서 근무를 할 수도 있을 것입니다. 기본적으로는 어떤 업무를 어느 지역에서 하느냐를 보아야 되겠지만 제가 처해 있는 상황이 어 요청하시는 그 지역에서 근무를 할 수 없는 상황이라면 그 부분은 솔직히 고민은 해 봐야 될 것 같습니다. 제가 현재 상황으로서는 뭐 차량으로 이동을 해서 어 이렇게 출퇴근을 할 수 있을 수도 있을 것이고 뭐 일정 부분 뭐 이동 거리가 너무 멀어서 숙박을 통해서 어 일을 해야 된다면 그 부분도 업무를 수행함에 있어서 일어날 수 있는 충분한 이유가 되지요. 지방 근무라든지 해외 근무라든지 다양한 케이스의 업무가 있을 수 있는데 그것은 일에 맞추어서 일에 따라서 그것은 조절해 나갈 수 있다 라고 생각을 하고 있습니다. 뭐 지금 당장 개인적인 문제로 어떤 그런 타 지역 원거리 출장 업무를 못 할 것 같지는 않구요. 수행 가능할 것 같습니다.","wordCount":138},"emotion":[],"intent":[{"text":"","expression":"","category":"attitude"}],"summary":{"text":"업무 수행 중 다른 업무를 할 수도 있고, 타 지역에서 근무를 할 수도 있을 것입니다. 어떤 업무를 어느 지역에서 하느냐를 보아야 되겠지만 제가 현재 상황으로는 차량으로 이동을 해서 출퇴근을 할 수 있을 것이고, 일정 부분이 숙박을 통해서 일을 해야 된다면 그 부분도 업무를 수행함에 있어서 일어날 수 있는 충분한 이유가 되지요.","wordCount":51}}},"rawDataInfo":{"question":{"fileFormat":"wav","fileSize":596878,"duration":18650,"samplingBit":16,"channelCount":1,"samplingRate":"16kHz","audioPath":"/Mock/05.ICT/Male/Experienced/ckmk_q_ict_m_e_296590.wav"},"answer":{"fileFormat":"wav","fileSize":2689358,"duration":84040,"samplingBit":16,"channelCount":1,"samplingRate":"16kHz","audioPath":"/Mock/05.ICT/Male/Experienced/ckmk_a_ict_m_e_296590.wav"}}}