{
    "version": "1.0",
    "dataSet": {
        "info": {
            "date": "20230116",
            "occupation": "ICT",
            "channel": "MOCK",
            "place": "ONLINE",
            "gender": "MALE",
            "ageRange": "55-",
            "experience": "EXPERIENCED"
        },
        "question": {
            "raw": {
                "text": "지원 지원자님께서 가지고 계신 상위 일 퍼센트의 능력이 있으시다면 그 능력은 어떤 능력인지 최대한 자세하게 설명해 주시기를 바랍니다",
                "wordCount": 18
            },
            "emotion": [],
            "intent": []
        },
        "answer": {
            "raw": {
                "text": "상위 일 퍼센트의 능력이요. 저는 그런 것은 안 갖고 있는 것 같습니다. 상위 일 퍼센트의 능력이라면 매우 뛰어난 어떤 요소를 말한다고 생각이 드는데 그러려면 기술적인 부분에 있어서 한 우물을 깊이 파서 어 특화된 역량을 가지고 있는 부분들을 떠올릴 수 있겠는데 저는 그보다는 얇고 깊게 우물을 파왔던 경력을 가지고 있고 제가 그런 부분들을 더 좋아하는 거 같습니다. 똑같은 시간 동안에 아 노력을 해서 전문가가 되는 음 분야가 한 개의 분야일 수도 있지만 여러 분야를 다양하게 어 믹싱하고 하이브리드 시킴으로 인해서 나오는 통찰력을 통해 만들어가는 전문성도 전문가라고 생각을 하고 있습니다. 그런 측면에서 저는 어 네트워킹의 인프라부터 빅데이터 에이아이에 이르 이르고 어 홈페이지 에스아이까지 이르는 아이티의 전반적인 요소들을 다 경험을 하고 그것을 실행하고 구현을 해왔던 경험을 가지고 그 부분이 어 능력이라면 능력이라고 설명드릴 수 있겠습니다.",
                "wordCount": 122
            },
            "emotion": [],
            "intent": [
                {
                    "text": "",
                    "expression": "",
                    "category": "attitude"
                }
            ],
            "summary": {
                "text": "상위 일 퍼센트의 능력이란 매우 뛰어난 어떤 요소를 말하는 것 같은데, 저는 얇고 깊게 우물을 파왔던 경력을 가지고 있고, 여러 분야를 다양하게 믹싱하고 하이브리드 시킴으로 인해서 나오는 통찰력으로 만들어가는 전문성도 전문가라고 생각 하고 있습니다.",
                "wordCount": 34
            }
        }
    },
    "rawDataInfo": {
        "question": {
            "fileFormat": "wav",
            "fileSize": 427598,
            "duration": 13360,
            "samplingBit": 16,
            "channelCount": 1,
            "samplingRate": "16kHz",
            "audioPath": "/Mock/05.ICT/Male/Experienced/ckmk_q_ict_m_e_296853.wav"
        },
        "answer": {
            "fileFormat": "wav",
            "fileSize": 2923598,
            "duration": 91360,
            "samplingBit": 16,
            "channelCount": 1,
            "samplingRate": "16kHz",
            "audioPath": "/Mock/05.ICT/Male/Experienced/ckmk_a_ict_m_e_296853.wav"
        }
    }
}