{"version":"1.0","dataSet":{"info":{"date":"20230116","occupation":"ICT","channel":"MOCK","place":"ONLINE","gender":"MALE","ageRange":"55-","experience":"EXPERIENCED"},"question":{"raw":{"text":"오브젝트 오리엔테이션 프로그래밍에 대해 설명해 주시기 바랍니다","wordCount":7},"emotion":[],"intent":[]},"answer":{"raw":{"text":"어 배운 지가 시간이 많이 지나서 정확히 기억이 나지는 않고 음 제가 프로그램을 직접 한 부분들이 아니라서 자세히 설명드리기는 어려우나 어 그 객체 중심의 프로그램이라고 알고 있고요. 모든 어 프로그래밍을 하는 단계에 있어서 어 모듈화되고 객체화된 어 그런 코딩을 함으로써 재 사용성을 높이고 또한 수정과 아 유지 관리를 어 잘 할 수 있도록 이렇게 만드는 프로그램으로 어 기억을 합니다. 그로 인해서 생산성을 높이고 비용을 줄이고 어 전반적인 코스트를 줄여서 어 효율적인 프로그램이 될 수 있도록 하는 그런 것이라고 알고 있습니다.","wordCount":80},"emotion":[{"text":"어 배운 지가 시간이 많이 지나서 정확히 기억이 나지는 않고 음 제가 프로그램을 직접 한 부분들이 아니라서 자세히 설명드리기는 어려우나 어 그 객체 중심의 프로그램이라고 알고 있고요.","expression":"u-fact","category":"neutral"},{"text":"모든 어 프로그래밍을 하는 단계에 있어서 어 모듈화되고 객체화된 어 그런 코딩을 함으로써 재 사용성을 높이고 또한 수정과 아 유지 관리를 어 잘 할 수 있도록 이렇게 만드는 프로그램으로 어 기억을 합니다.","expression":"u-fact","category":"neutral"}],"intent":[{"text":"","expression":"","category":"attitude"}],"summary":{"text":"모듈화되고 객체화된 코딩을 함으로써 재 사용성을 높이고 수정과 유지 관리를 잘 할 수 있도록 만드는 프로그램으로, 생산성을 높이고 비용을 줄여 효율적인 프로그램이 될 수 있도록 하는 것입니다.","wordCount":27}}},"rawDataInfo":{"question":{"fileFormat":"wav","fileSize":284238,"duration":8880,"samplingBit":16,"channelCount":1,"samplingRate":"16kHz","audioPath":"/Mock/05.ICT/Male/Experienced/ckmk_q_ict_m_e_285345.wav"},"answer":{"fileFormat":"wav","fileSize":1791758,"duration":55990,"samplingBit":16,"channelCount":1,"samplingRate":"16kHz","audioPath":"/Mock/05.ICT/Male/Experienced/ckmk_a_ict_m_e_285345.wav"}}}