{"version":"1.0","dataSet":{"info":{"date":"20230116","occupation":"ICT","channel":"MOCK","place":"ONLINE","gender":"MALE","ageRange":"35-44","experience":"EXPERIENCED"},"question":{"raw":{"text":"지원자분이 입사 후 프로그램을 개발하는 와중에 위에서 개발 기간을 촉박하게 요구하는 경우 지원자분은 어떻게 하실 건가요","wordCount":16},"emotion":[],"intent":[]},"answer":{"raw":{"text":"예 개발 시간이 개발 기간이 촉박하게 설정이 돼 있다면 이거 굉장히 큰 문제가 될 수 있습니다. 아 이런 개발 뿐만이 아니라 모든 그 모든 일들에 모든 우리네의 삶에 있어서 이 조급하면 탈이 난다 라는 그런 교훈을 저는 아 몸으로도 느꼈고 그래서 저도 그걸 그 조급함으로 인해서 발생됐던 수많은 그런 시행착오들이 있었기 때문에 시간적으로 촉박하다는 것은 촉박한 상태에서 개발을 굳이 완료를 할려고 무리를 하면 분명히 탈이 나게 된다고 생각합니다. 그래서 이거는 피엠한테 그 프로젝트 매니저한테 아 이 기간에 대해서 우리가 이 기간에 촉박함에 대해서 이 위기 위험 상황에서 좀 명확하게 설명을 하고 그리고 이 기간을 좀 딜레이 시킬 수 있도록 기간 조정이 반드시 이루어져야 한다고 생각하구요. 네 피엠에게 먼저 이런 사태에 대해서 어 이런 경각심을 심어주는 것이 저의 그 대처 방안인 것 같습니다.","wordCount":122},"emotion":[],"intent":[{"text":"","expression":"","category":"attitude"}],"summary":{"text":"개발 기간이 촉박하게 설정돼 있다면 큰 문제가 될 수 있습니다. 그래서 피엠에게 이 기간에 대해 명확하게 설명을 하고, 이 기간을 딜레이 시킬 수 있도록 기간 조정이 반드시 이루어져야 한다고 생각합니다. 피 엠에게 먼저 경각심을 심어주는 것이 대처 방안인 것 같습니다.","wordCount":40}}},"rawDataInfo":{"question":{"fileFormat":"wav","fileSize":380238,"duration":11880,"samplingBit":16,"channelCount":1,"samplingRate":"16kHz","audioPath":"/Mock/05.ICT/Male/Experienced/ckmk_q_ict_m_e_230071.wav"},"answer":{"fileFormat":"wav","fileSize":2313038,"duration":72280,"samplingBit":16,"channelCount":1,"samplingRate":"16kHz","audioPath":"/Mock/05.ICT/Male/Experienced/ckmk_a_ict_m_e_230071.wav"}}}