{"version":"1.0","dataSet":{"info":{"date":"20230116","occupation":"ICT","channel":"MOCK","place":"ONLINE","gender":"MALE","ageRange":"35-44","experience":"EXPERIENCED"},"question":{"raw":{"text":"본인만 가지고 있는 상위 일 퍼센트의 능력이 있다면 그 능력이 어떤 능력인지 저희에게 최대한 자세하게 설명해 주시기 바랍니다","wordCount":18},"emotion":[],"intent":[]},"answer":{"raw":{"text":"제가 가지고 있는 상위 일 퍼센트의 능력은 바로 사람의 관상을 꿰뚫어 볼 수 있다는 것입니다. 사람의 관상을 꿰뚫어 봄으로써 어떻게 하면 심리적으로 저 사람의 위치를 파악할 수 있습니다. 예를 들어 사람들은 관상이 사주나 무당들의 점술처럼 단순한 미신이라고 생각하는 사람이 있는데요. 관상학은 철저히 현대 과학우를 비춰 봤을 때 빅데이터에 의한 데이터 도출입니다. 예를 들어서 몇 오백 년 전에 마의 상법이라는 걸 만들어낸 달마 대사는 수만 명의 얼굴을 기록하고 그 얼굴과 생김새 걸음걸이 웃음소리 심지어는 머리 모양부터 머리카락에 숫자까지 알아내면서 그 사람이 어떤 특성을 갖고 있는지에 대한 빅데이터를 분석했습니다. 그래서 저는 이 관상을 가지고 데이터화 하여 이렇게 생긴 사람의 부류 저렇게 행동하는 사람의 부류를 보고 아 저 사람은 피해야 될 사람 저 사람은 친하게 지내야 될 사람 저 사람은 현재 어떤 심리 상태에 있는지까지 파악이 됩니다. 관상학을 공부하다보니 저절로 심리학에 대해서 과 관심이 많아졌고 심리학 강의를 육백 시간 이상 강의한 입장으로서 심리학과 관상학을 가지고 사람을 꿰뚫어 볼 수 있는 것이 아마 제가 직장생활에서도 많은 이득을 보는 것으로 생각합니다.","wordCount":156},"emotion":[],"intent":[{"text":"","expression":"","category":"attitude"}],"summary":{"text":"사람의 관상을 꿰뚫어 봄으로써 심리적으로 저 사람의 위치를 파악할 수 있는데, 관상학은 빅데이터에 의한 데이터 도출로, 사람의 특성을 빅데이터화 하여 저 사람은 피해야 될 사람, 저리 행동하는 사람의 부류를 보고 저 사람은 현재 어떤 심리 상태에 있지까지 파악이 됩니다.","wordCount":39}}},"rawDataInfo":{"question":{"fileFormat":"wav","fileSize":384078,"duration":12000,"samplingBit":16,"channelCount":1,"samplingRate":"16kHz","audioPath":"/Mock/05.ICT/Male/Experienced/ckmk_q_ict_m_e_183424.wav"},"answer":{"fileFormat":"wav","fileSize":2682958,"duration":83840,"samplingBit":16,"channelCount":1,"samplingRate":"16kHz","audioPath":"/Mock/05.ICT/Male/Experienced/ckmk_a_ict_m_e_183424.wav"}}}