{"version":"1.0","dataSet":{"info":{"date":"20230116","occupation":"ICT","channel":"MOCK","place":"ONLINE","gender":"MALE","ageRange":"55-","experience":"EXPERIENCED"},"question":{"raw":{"text":"과거 프로젝트를 수행해 봤던 경험이 있는지 궁금한데요 만약 있다면 프로젝트 내에서 어떤 역할을 수행하셨나요","wordCount":14},"emotion":[],"intent":[]},"answer":{"raw":{"text":"제 경험이 삼 십 년이 넘다 보니까 프로젝트 경험도 많이 있고요. 프로젝트 내에서 사회 생활 초기에는 어 초기 팀원이라고 해야 될까요. 어 그 주니어 레벨의 일을 했었고 어 중간 정도의 경험에서는 중간 관리자 역할을 또 했었고 이제 어느 정도 경력이 되어서 회사의 리더급으로 일할 때는 프로젝트 리더로서의 일을 하기도 했었고 프로젝트에 감리 성격의 일을 한 것도 있습니다. 그래서 리더와 중간과 팀원의 어 입장과 아 역할이 무엇인지를 잘 알고 있기 때문에 각각의 팀원의 구성원에 따라서 어떤 마인드와 어떤 태도로 일들을 하고 있으며 무슨 생각을 가지고 있는지도 어느정도 이해를 할 수 있습니다. 어 어려운 프로젝트도 있었고 쉬운 프로젝트는 없었던 것 같습니다. 중요한 것은 어떤 프로젝트든지 팀원들이 함께 공동의 목표 의식을 가지고 어 함께 최선을 다해서 이루어 나가려고 하는 하나 된 마음이 중요하다고 생각합니다.","wordCount":121},"emotion":[],"intent":[{"text":"어 그 주니어 레벨의 일을 했었고 어 중간 정도의 경험에서는 중간 관리자 역할을 또 했었고 이제 어느 정도 경력이 되어서 회사의 리더급으로 일할 때는 프로젝트 리더로서의 일을 하기도 했었고 프로젝트에 감리 성격의 일을 한 것도 있습니다.","expression":"c_private","category":"background"},{"text":"중요한 것은 어떤 프로젝트든지 팀원들이 함께 공동의 목표 의식을 가지고 어 함께 최선을 다해서 이루어 나가려고 하는 하나 된 마음이 중요하다고 생각합니다.","expression":"c_cop","category":"personality"}],"summary":{"text":"리더와 중간과 팀원의 어 입장과 역할이 무엇인지를 잘 알고 있기 때문에 어떤 프로젝트든지 팀원들이 함께 공동의 목표 의식을 가지고 함께 최선을 다해서 이루어 나가려고 하는 하나 된 마음이 중요합니다.","wordCount":29}}},"rawDataInfo":{"question":{"fileFormat":"wav","fileSize":352078,"duration":11000,"samplingBit":16,"channelCount":1,"samplingRate":"16kHz","audioPath":"/Mock/05.ICT/Male/Experienced/ckmk_q_ict_m_e_295822.wav"},"answer":{"fileFormat":"wav","fileSize":2815758,"duration":87990,"samplingBit":16,"channelCount":1,"samplingRate":"16kHz","audioPath":"/Mock/05.ICT/Male/Experienced/ckmk_a_ict_m_e_295822.wav"}}}