{"version":"1.0","dataSet":{"info":{"date":"20230116","occupation":"ICT","channel":"MOCK","place":"ONLINE","gender":"MALE","ageRange":"35-44","experience":"EXPERIENCED"},"question":{"raw":{"text":"지원자분께서 휴식을 취할 때는 주로 어떤 일들을 하시는지 궁금합니다 왜 그와 같은 일들을 지원자분께서 휴식 시간에 하시는지 그 이유까지도 함께 말씀해 주세요","wordCount":22},"emotion":[],"intent":[]},"answer":{"raw":{"text":"네 요즘 들어서 이제 제가 휴식을 취할 때 가장 많이 하는 건 어 유튜브 영상으로 명상 영상을 많이 보고 있습니다. 명상에 관련된 영상이요. 저도 명상의 명상을 어떻게 하는지 아주 뭐 잘 알지는 못하지만 요즘에 어 워낙에 좋은 컨텐츠들이 많아서 그런 그 컨텐츠들에서 가이드에 따라서 따라가다 보면 어 저도 이 명상의 세계에 푹 빠질 수가 있구요. 어 정말 거짓말처럼 눈을 감고 호흡을 가다듬고 자세를 바르게 가졌을 때 진정 제 머리가 좀 개운해지고 그리고 어 스트레스의 그런 강도가 아 많이 낮아지는 것을 스스로 체험할 수 있었기 때문에 요즘에는 에 유튜브 영상으로 명상 관련해서 영상을 어 청취하면서 저 스스로 명상을 하며 휴식을 취하곤 합니다. 가장 어 제가 평온한 시간이 되는 것 같애요. 그 영상을 보면서 명상을 진행하는 게.","wordCount":115},"emotion":[],"intent":[{"text":"","expression":"","category":"attitude"}],"summary":{"text":"요즘 들어 휴식할 때 유튜브 영상을 통해 명상 영상을 많이 봅니다. 명상에 관한 컨텐츠들을 따라가다 보면 제 머리가 개운해지고 스트레스의 강도가 낮아지는 것을 스스로 체험할 수 있기 때문입니다. 그 영상을 보면서 명상을 하는 것이 가장 평온한 시간이 됩니다.","wordCount":38}}},"rawDataInfo":{"question":{"fileFormat":"wav","fileSize":494798,"duration":15460,"samplingBit":16,"channelCount":1,"samplingRate":"16kHz","audioPath":"/Mock/05.ICT/Male/Experienced/ckmk_q_ict_m_e_298881.wav"},"answer":{"fileFormat":"wav","fileSize":2273358,"duration":71040,"samplingBit":16,"channelCount":1,"samplingRate":"16kHz","audioPath":"/Mock/05.ICT/Male/Experienced/ckmk_a_ict_m_e_298881.wav"}}}