{"version":"1.0","dataSet":{"info":{"date":"20230116","occupation":"ICT","channel":"MOCK","place":"ONLINE","gender":"MALE","ageRange":"35-44","experience":"EXPERIENCED"},"question":{"raw":{"text":"얼마 전에 구급대원이 주취자에게 폭행을 당해서 순직하는 일이 있었는데요 어 이런 안타까운 사건에 대해서 지원자님께서는 어떻게 생각하고 계시는지 말씀해 주시기 바랍니다","wordCount":21},"emotion":[],"intent":[]},"answer":{"raw":{"text":"네 매우 유감인 사건이었고요. 어 지금 이 사회에서 어 사회에서 이 갑 갑질로 인한 그런 사건 사고들이 굉장히 많이 일어나고 있고요. 이 지금 구급대원 이 어 순직한 것도 일종의 갑질 어 사건이 아닌가 싶습니다. 구급대원 말고도 뭐 경비원이라든가 뭐 어떤 그 이 사람이 어 어떤 서비스업에 종사하는 사람들을 마치 자기의 그런 자신보다 더 어 자신이 보다 을의 입장에 서 있는 사람이라고 판단을 하 판단하는 하는 것이 기본적으로 그렇게 생각하면 안 되지만 그렇게 생각하는 사람들이 많이 있는 게 사실이고 현실이고요. 이런 사건들에 대해서는 어 뭐 이제 술을 마셨든지 뭐 정신적으로 좀 이상이 있든지 가 어떤지 그런 것들을 모두 떠나서 강력한 처벌이 있어야 된다고 생각을 합니다. 그래서 어 이런 것들을 아예 사회 이 사람들의 인식 속에서 굉장히 안 좋고 어 나쁜 짓이라는 것을 그리고 처벌이 아주 강력하다는 것을 어 강력하게 그 인식시킴으로써 이런 것들을 계속 개선해 나가야겠죠.","wordCount":135},"emotion":[],"intent":[{"text":"","expression":"","category":"attitude"}],"summary":{"text":"갑질로 인한 사건 사고들이 많이 일어나고 있습니다. 구급대원이 순직한 것도 갑질 사건입니다. 서비스업 종사자들을 자신의 을로 판단하는 것은 옳지 않습니다. 이런 사건들에 대해서는 강력한 처벌이 있어야 합니다. 나쁜 짓이라는 것을 인식시켜 개선해 나가야 합니다.","wordCount":34}}},"rawDataInfo":{"question":{"fileFormat":"wav","fileSize":465998,"duration":14560,"samplingBit":16,"channelCount":1,"samplingRate":"16kHz","audioPath":"/Mock/05.ICT/Male/Experienced/ckmk_q_ict_m_e_241964.wav"},"answer":{"fileFormat":"wav","fileSize":2518478,"duration":78700,"samplingBit":16,"channelCount":1,"samplingRate":"16kHz","audioPath":"/Mock/05.ICT/Male/Experienced/ckmk_a_ict_m_e_241964.wav"}}}