{"version":"1.0","dataSet":{"info":{"date":"20230116","occupation":"ICT","channel":"MOCK","place":"ONLINE","gender":"MALE","ageRange":"45-54","experience":"EXPERIENCED"},"question":{"raw":{"text":"지원자께서 입사 후에 원하는 어떤 이상적인 선배의 모습이 있다면 어떤 것입니까","wordCount":11},"emotion":[],"intent":[]},"answer":{"raw":{"text":"제가 경력직으로 지원한 것이다 보니 뭐 제 어 입사에서 원하는 선배의 모습이 결국은 제 모습일 수도 있는데 어 저는 가능하면 물론 뭐 비즈니스로 뭐 회사에서 급여를 받기 위한 뭐 그런 목적으로 모인 거지만 저는 가능하면 좀 더 이렇게 뭐 가족적인 분위기라고까지는 하긴 뭐하지만 선을 지키는 한도 내에서 예를 지키면서도 좀 약간 유동적인 그런 공동체라는 그런 의식을 갖는 선배의 모습을 원합니다. 그런 모습이 이 제가 그런 모습이 되기를 원하기도 하고요. 직장생활을 하면서 어 거의 대부분의 시간을 직장에서 직장 동료와 보내는 게 오히려 가족과 보내는 시간보다도 더 많다고 생각을 합니다. 그러다 보니 그 서로 관계에 있어서 불편한 사람이 직장 내에 있다라든지 이렇게 되면 어 회사 생활이 많이 힘들어집니다. 가능하면 선을 지키는 한도 내에서 친구처럼 동료처럼 이렇게 편하게 그렇게 지내는 모습이 가장 이상적인 선배의 모습이고 저 역시 그런 모습에 선배가 되기를 어 노력하고 어 바라고 있습니다.","wordCount":133},"emotion":[],"intent":[{"text":"","expression":"","category":"attitude"}],"summary":{"text":"저는 직장생활을 하면서 거의 대부분의 시간을 직장에서 직장 동료와 보내는 시간이 가족보다도 더 많다고 생각하며, 그러다 보니 서로 관계에 있어서 불편한 사람이 직장 내에 있다면 회사 생활이 많이 힘들어집니다. 가능하면 선을 지키는 한도 내에서 친구처럼 동료처럼 편하게 지내는 것이 가장 이상적인 선배의 모습이라 생각합니다.","wordCount":44}}},"rawDataInfo":{"question":{"fileFormat":"wav","fileSize":315278,"duration":9850,"samplingBit":16,"channelCount":1,"samplingRate":"16kHz","audioPath":"/Mock/05.ICT/Male/Experienced/ckmk_q_ict_m_e_43947.wav"},"answer":{"fileFormat":"wav","fileSize":2503118,"duration":78220,"samplingBit":16,"channelCount":1,"samplingRate":"16kHz","audioPath":"/Mock/05.ICT/Male/Experienced/ckmk_a_ict_m_e_43947.wav"}}}