{"version":"1.0","dataSet":{"info":{"date":"20230116","occupation":"ICT","channel":"MOCK","place":"ONLINE","gender":"MALE","ageRange":"45-54","experience":"EXPERIENCED"},"question":{"raw":{"text":"저희 회사에는 굉장히 다양한 계열사가 있는데 왜 해당 계열사에 지원해 주셨는지 특별한 이유가 있는지 지원자님의 지원 동기를 말씀해 주세요","wordCount":19},"emotion":[],"intent":[]},"answer":{"raw":{"text":"지금 이 계열사에서 하고 있는 일이 굉장히 재미있는 일이라고 저는 생각이 되어졌었어요. 그니까 다른 회사에서도 분명히 이 계열사에서 하고 있는 일들을 할 법한데 이 회사에서는 그것을 아주 적극적으로 투자하고 있다는 그런 인상을 받아가지고 아 이런 것을 하면 되게 재미있겠다 뭐 그런 생각이 들었습니다. 이제 뭐 재미있다고 해 가지고 너무 장난처럼 일을 여기는 것 아닌가 그렇게 생각하실 수도 있는데 저에게 있어서는 저에게 있어서 일의 선택에 있어서 가장 중요한 것은 재미입니다 재미. 무언가를 했을 때 내가 재미있다는 생각이 재미있다는 그런 만족감이 생겨야 저는 그렇게 활동력이 생깁니다. 그렇지 않고 재미없는 일을 하게 되면은 저는 저의 이렇게 발동력이 잘 발동이 되지 않습니다. 근데 지금 이 계열사에서 하고 있는 일들은 제가 이 일을 한다고 상상했을 때 너무나 재미있는 일이 일이어 가지고 꼭 해보고 싶다는 생각이 들었습니다.","wordCount":121},"emotion":[{"text":"근데 지금 이 계열사에서 하고 있는 일들은 제가 이 일을 한다고 상상했을 때 너무나 재미있는 일이 일이어 가지고 꼭 해보고 싶다는 생각이 들었습니다.","expression":"p-interest","category":"positive"}],"intent":[{"text":"무언가를 했을 때 내가 재미있다는 생각이 재미있다는 그런 만족감이 생겨야 저는 그렇게 활동력이 생깁니다.","expression":"c_person","category":"background"},{"text":"그렇지 않고 재미없는 일을 하게 되면은 저는 저의 이렇게 발동력이 잘 발동이 되지 않습니다.","expression":"c_person","category":"background"},{"text":"근데 지금 이 계열사에서 하고 있는 일들은 제가 이 일을 한다고 상상했을 때 너무나 재미있는 일이 일이어 가지고 꼭 해보고 싶다는 생각이 들었습니다.","expression":"c_sincere_job","category":"etc"}],"summary":{"text":"저는 이 계열사에서 하고 있는 일이 재미있다고 생각되어졌습니다. 제가 일의 선택에 있어서 가장 중요한 것은 재미입니다. 무언가를 했을 때 재미있다는 생각이 재미있다는 만족감이 생겨야 활동력이 생깁니다. 그렇지 않고 지루한 일을 하게 되면은 발동력이 잘 발동이 되지 않습니다.","wordCount":37}}},"rawDataInfo":{"question":{"fileFormat":"wav","fileSize":597198,"duration":18660,"samplingBit":16,"channelCount":1,"samplingRate":"16kHz","audioPath":"/Mock/05.ICT/Male/Experienced/ckmk_q_ict_m_e_205794.wav"},"answer":{"fileFormat":"wav","fileSize":2504398,"duration":78260,"samplingBit":16,"channelCount":1,"samplingRate":"16kHz","audioPath":"/Mock/05.ICT/Male/Experienced/ckmk_a_ict_m_e_205794.wav"}}}