{"version":"1.0","dataSet":{"info":{"date":"20230116","occupation":"ICT","channel":"MOCK","place":"ONLINE","gender":"MALE","ageRange":"45-54","experience":"EXPERIENCED"},"question":{"raw":{"text":"본인이 지원한 분야에 에 대해 알고 있는 것을 어 일 분 정도로 간략하게 소개해 보실 수 있겠습니까","wordCount":17},"emotion":[],"intent":[]},"answer":{"raw":{"text":"제가 지원한 분야는 영업 파트고 마케팅을 기반으로 한 영업 파트라고 알고 있구요. 어 그것을 준비하기 위해서 제가 지금 이십 오 년 동안 해왔던 업무를 저는 평소에 업무를 할 때 문서화를 많이 시켜 놔요. 그래서 시장이랄지 또 거래처 랄지 인맥이랄지 이런 것들을 세부적으로 정리를 많이 해 놔서 이 회사에 들어왔을 때 행 해야 될 업무를 어 미리 파악을 해서 어떤 쏘팅을 다 했습니다. 그래서 어 제가 회사에 들어와서 제품에 대한 지식이나 제품에 대해서는 뭐 어느 정도 파악을 했지만 제조 과정이랄지 유통이랄지 생산 생산 능력이랄지 이런 게 중요하거든요. 그래서 그런 것들에 대해서 이제 파악이 되면 어 곧바로 전선에 그 투입될 수 있도록 그렇게 준비를 해 놨구요. 어 지금 그 통계만 가지고도 어느 때든 현장 투입이 가능할 거라 생각을 하고 있습니다.","wordCount":118},"emotion":[],"intent":[{"text":"어 그것을 준비하기 위해서 제가 지금 이십 오 년 동안 해왔던   업무를 저는 평소에 업무를 할 때 문서화를 많이 시켜 놔요.","expression":"c_sincere_co","category":"etc"},{"text":"그래서 시장이랄지 또   거래처 랄지 인맥이랄지 이런 것들을 세부적으로 정리를 많이 해 놔서   이 회사에 들어왔을 때 행 해야 될 업무를   어 미리 파악을 해서 어떤 쏘팅을 다 했습니다.","expression":"c_sincere_co","category":"etc"},{"text":"그래서   어 제가 회사에 들어와서 제품에 대한 지식이나   제품에 대해서는 뭐 어느 정도 파악을 했지만 제조 과정이랄지 유통이랄지 생산 생산 능력이랄지 이런 게 중요하거든요.","expression":"c_sincere_co","category":"etc"},{"text":"그래서 그런 것들에 대해서 이제 파악이 되면   어 곧바로 전선에 그 투입될 수 있도록 그렇게 준비를 해 놨구요.","expression":"c_sincere_co","category":"etc"},{"text":"어 지금 그 통계만 가지고도 어느 때든 현장 투입이 가능할 거라   생각을 하고 있습니다.","expression":"c_sincere_co","category":"etc"}],"summary":{"text":"제가 지원한 분야는 영업 파트이고 마케팅을 기반으로 한 영업 파트를 준비하기 위해 평소 업무를 할 때 문서화를 많이 시켜 놓습니다. 그래서 제조 과정, 유통, 생산 생산 능력 등에 대한 것이 파악이 되면 바로 전선에 투입될 수 있도록 준비를 해 놓았습니다.","wordCount":40}}},"rawDataInfo":{"question":{"fileFormat":"wav","fileSize":462158,"duration":14440,"samplingBit":16,"channelCount":1,"samplingRate":"16kHz","audioPath":"/Mock/05.ICT/Male/Experienced/ckmk_q_ict_m_e_87113.wav"},"answer":{"fileFormat":"wav","fileSize":2908878,"duration":90900,"samplingBit":16,"channelCount":1,"samplingRate":"16kHz","audioPath":"/Mock/05.ICT/Male/Experienced/ckmk_a_ict_m_e_87113.wav"}}}