{"version":"1.0","dataSet":{"info":{"date":"20230116","occupation":"ICT","channel":"MOCK","place":"ONLINE","gender":"MALE","ageRange":"35-44","experience":"EXPERIENCED"},"question":{"raw":{"text":"만약 일을 하던 중에 팀원과 불화가 생긴다면 어떻게 해결하실 건가요 본인의 해결법과 그 이유를 말씀해 주세요","wordCount":16},"emotion":[],"intent":[]},"answer":{"raw":{"text":"예 이건 뭐 가끔 발생하는 일인데요. 직장생활을 하는 사람이라면 팀원과 불안이 불화가 생겼을 때는 어 일단 대화가 가장 중요합니다. 대화를 통해서 푸는 것이 가장 좋은데 이 대화를 어떻게 하느냐가 관건이겠죠. 어 저 역시 이 전 직장에서 어 저보다는 나이가 어리지만 제 직 저보다 나이가 많지만 직급이 낮은 사람이 있었습니다. 그런데 이제 저는 그 친구와 어 그친구가 저를 좀 어려워하는 부분도 있고 자격지심 같은 게 느껴져서 그런지 좀 어 좀 잘 지내지 못했는데요. 저는 그럴 때 전혀 뭐 직장 상사로서 그 친구에게 접근하기보다 어 동생으로서 접근도 아니고 그냥 어 형 형 동생으로서 접근을 해서 형 동생으로서 적성 접근을 해서 그 친구와 아 이 허물 없이 직장 동료 동료 간의 그런 사이가 아닌 허물 없이 툭 터놓고 대화 말할 수 있는 그런 대화의 장을 마련했습니다. 그러다 보니까 그 친구도 어 서서히 자기의 그 그 묵혔던 그런 마음들을 하나씩 하나씩 이야기하게 되고 결국에는 오해를 좀 많이 해소할 수 있었던 그런 경험이 아니었나 싶습니다. 대화가 가장 중요하겠죠.","wordCount":153},"emotion":[],"intent":[{"text":"저는 그럴 때 전혀 뭐 직장 상사로서 그 친구에게 접근하기보다 어 동생으로서 접근도 아니고 그냥 어 형 형 동생으로서 접근을 해서 형 동생으로서 적성 접근을 해서 그 친구와 아 이 허물 없이 직장 동료 동료 간의 그런 사이가 아닌 허물 없이 툭 터놓고 대화 말할 수 있는 그런 대화의 장을 마련했습니다.","expression":"c_confl_mg","category":"personality"}],"summary":{"text":"직장생활을 하는 사람이라면 팀원과 불안이 불화가 생겼을 때는 대화를 통해서 해결하는 것이 가장 중요합니다. 저 역시 직장에서 나이가 많지만 직급이 낮은 사람이 있었는데, 그 친구에게 직장 상사로서 접근하기보다 형 동생으로서 접근을 해서 허물 없이 툭 터놓고 대화 말할 수 있는 장을 마련하였습니다. 그것이 오해를 좀 많이 해소할 수 있었던 경험입니다.","wordCount":50}}},"rawDataInfo":{"question":{"fileFormat":"wav","fileSize":601678,"duration":18800,"samplingBit":16,"channelCount":1,"samplingRate":"16kHz","audioPath":"/Mock/05.ICT/Male/Experienced/ckmk_q_ict_m_e_230151.wav"},"answer":{"fileFormat":"wav","fileSize":2753998,"duration":86060,"samplingBit":16,"channelCount":1,"samplingRate":"16kHz","audioPath":"/Mock/05.ICT/Male/Experienced/ckmk_a_ict_m_e_230151.wav"}}}