{"version":"1.0","dataSet":{"info":{"date":"20230116","occupation":"ICT","channel":"MOCK","place":"ONLINE","gender":"MALE","ageRange":"35-44","experience":"EXPERIENCED"},"question":{"raw":{"text":"입사 후 쉬운 일과 어려운 일이 있을 때 해당 일에 대한 분배를 어떻게 하실 겁니까 어떻게 나눠서 처리할 생각이신지 궁금합니다","wordCount":20},"emotion":[],"intent":[]},"answer":{"raw":{"text":"예 보통은 어 쉬운 일과 어려운 일이 같이 동시에 다발적으로 저에게 업무 배당이 되었을 때 저는 보통 어 쉬운 일부터 먼저 처리를 하는 어 습관을 가지고 있습니다. 이렇게 어려운 일에 봉착해서 그것을 해결하려고 다른 다른 테스크들을 뒤로 미루어 두면 어 그 어떤 것도 진행이 되지 않고 속도가 굉장히 느려지면 느려지기 때문에 제가 세운 그 목표량과 목표 기한에 못 맞춰서 그거에 대해서 또 나 스스로도 스트레스를 받고 또 팀웍 팀웍에도 큰 손상을 입을 것이라고 예상이 되네요. 그래서 보통은 어 쉬운 일 때부터 제가 차근차근씩 하나씩 처리를 하면서 어 그 쉬운 일을 처리하면서 틈틈이 그 어려운 일을 어떻게 해결할지를 고민해 보면 그 업무를 함으로써 함으로써 해결책이 나오는 경우도 종종 있어 왔습니다.","wordCount":109},"emotion":[],"intent":[{"text":"","expression":"","category":"attitude"}],"summary":{"text":"업무 배당이 되었을 때 저는 쉬운 일부터 먼저 처리를 하는 습관을 가지고 있습니다. 어려운 일에 봉착했을 때 다른 테스크들을 뒤로 미루면 진행이 되지 않아 스트레스를 받습니다. 그래서 쉬운 것부터 하나씩 처리하며 어려운 일을 함으로써 해결책이 나오는 경우도 있었습니다.","wordCount":38}}},"rawDataInfo":{"question":{"fileFormat":"wav","fileSize":404238,"duration":12630,"samplingBit":16,"channelCount":1,"samplingRate":"16kHz","audioPath":"/Mock/05.ICT/Male/Experienced/ckmk_q_ict_m_e_258285.wav"},"answer":{"fileFormat":"wav","fileSize":2074958,"duration":64840,"samplingBit":16,"channelCount":1,"samplingRate":"16kHz","audioPath":"/Mock/05.ICT/Male/Experienced/ckmk_a_ict_m_e_258285.wav"}}}