{"version":"1.0","dataSet":{"info":{"date":"20230116","occupation":"ICT","channel":"MOCK","place":"ONLINE","gender":"MALE","ageRange":"-34","experience":"EXPERIENCED"},"question":{"raw":{"text":"개인적으로 이루고 싶은 인생의 목표가 있으십니까 있다면 왜 그것을 이루고 싶은지 말씀해 주세요","wordCount":13},"emotion":[],"intent":[]},"answer":{"raw":{"text":"인생의 목표는 단기적으로 혹은 우선은 이루고 싶은 것은 쉽게 말하면 파이어 경제적 자유 그리고 조기 은퇴입니다. 하지만 일을 조금 더 자세히 설명드리면 단순 경제적 자유라는 것이 십억 이십 억에 자산을 의미하지 않습니다. 저에겐 자산의 규모보다는 우선적으로 현금 흐름이 가장 중요합니다. 현금 흐름이 제가 원하는 예를 들면 월 오백 월 천 을 만드는 것이 저의 최우선 목표입니다. 그러한 현금 흐름을 만들었을 때 저 자신은 더욱더 저 자신 다워질 수 있다고 생각하기 때문입니다. 왜냐하면 충분한 현금 흐름은 저에게 충분한 시간 즉 하루 이십 사 시간을 모두 저에게 주기 때문입니다.","wordCount":87},"emotion":[],"intent":[{"text":"","expression":"","category":"attitude"}],"summary":{"text":"인생의 목표는 파이어 경제적 자유 그리고 조기 은퇴이지만 저에겐 자산의 규모보다는 현금 흐름이 가장 중요합니다. 왜냐하면 충분한 현금 흐름은 하루 이십 사 시간을 모두 그에게 주기 때문입니다.","wordCount":27}}},"rawDataInfo":{"question":{"fileFormat":"wav","fileSize":332878,"duration":10400,"samplingBit":16,"channelCount":1,"samplingRate":"16kHz","audioPath":"/Mock/05.ICT/Male/Experienced/ckmk_q_ict_m_e_244678.wav"},"answer":{"fileFormat":"wav","fileSize":3826638,"duration":119580,"samplingBit":16,"channelCount":1,"samplingRate":"16kHz","audioPath":"/Mock/05.ICT/Male/Experienced/ckmk_a_ict_m_e_244678.wav"}}}