{"version":"1.0","dataSet":{"info":{"date":"20230116","occupation":"ICT","channel":"MOCK","place":"ONLINE","gender":"MALE","ageRange":"55-","experience":"EXPERIENCED"},"question":{"raw":{"text":"직무 지식과 역량 태도 이 세 가지 요소 중에 본인이 제일 중요하다고 생각하시는 것과 그렇게 생각하시는 이유를 함께 말씀해 주세요","wordCount":20},"emotion":[],"intent":[]},"answer":{"raw":{"text":"직무 지식 역량 태도 이 세 가지 중에서 저는 태도가 가장 중요하다고 생각을 합니다. 이게 어떤 권위주의적인 마인드에서의 뭐 상명 하달 뭐 이런 것을 이야기하는 건 아니구요. 어 이 태도 안에는 자신의 생각과 마인드 예절 이런 것들이 들어있다고 생각을 합니다. 그래서 기본적으로 업무에 임하는 태도 어 업무를 생각을 많이 해보면 왜 이 업무를 해야 되고 내가 이 업무에서 어떻게 해야 되고 우리 팀을 위해서 어 어떤 부분들을 해야 되는지 다양한 생각을 갖게 되기 때문에 저는 태도가 가장 중요하다고 생각이 됩니다. 뭐 역량이라든지 직무 지식 같은 경우는 역량은 조금 딸려도 그것을 팀웍으로 극복해 내고 더 나은 성과를 낼 수 있다 라고 생각을 하고 있구요. 직무 지식은 부족한 부분들을 알려줄 수도 있고 본인이 어 프로젝트를 수행을 하면서 배워가면서 어 수용하면서 어 갈 수 있다 라고 생각을 하기 때문입니다.","wordCount":126},"emotion":[],"intent":[{"text":"","expression":"","category":"attitude"}],"summary":{"text":"업무에 임하는 태도는 업무에 대한 생각을 많이 하게 되기 때문에 저는 태도가 가장 중요하다고 생각합니다. 역량은 조금 떨어져도 팀웍으로 극복해 내고 더 나은 성과를 낼 수 있다고 생각을 하고 있고, 직무 지식은 프로젝트를 수행을 하면서 배워가면서 수용하면서 갈 수 있다 라고 생각을 하기 때문입니다.","wordCount":44}}},"rawDataInfo":{"question":{"fileFormat":"wav","fileSize":339598,"duration":10610,"samplingBit":16,"channelCount":1,"samplingRate":"16kHz","audioPath":"/Mock/05.ICT/Male/Experienced/ckmk_q_ict_m_e_287581.wav"},"answer":{"fileFormat":"wav","fileSize":2526478,"duration":78950,"samplingBit":16,"channelCount":1,"samplingRate":"16kHz","audioPath":"/Mock/05.ICT/Male/Experienced/ckmk_a_ict_m_e_287581.wav"}}}