{"version":"1.0","dataSet":{"info":{"date":"20230116","occupation":"ICT","channel":"MOCK","place":"ONLINE","gender":"MALE","ageRange":"45-54","experience":"EXPERIENCED"},"question":{"raw":{"text":"당신은 에스에스디에 대해서 잘 알고 있습니까 에스에스디의 구동 원리에 대해서 설명해 주시고 셀에 데이터를 저장하는 방법을 말해 보십시오","wordCount":18},"emotion":[],"intent":[]},"answer":{"raw":{"text":"어 에스에스디의 구동 원리에 대해서 간단히 설명하자면 에스에스디는 솔리드 스테이트 드라이브는 솔리드 스테이트 드라이브는 기존의 에이치디디를 대체하는 것으로서 어 플래시의 메모리로 이루어져 있습니다. 어 기존의 에이치디디에 비해서 빠를 뿐만 아니라 내구성에 있어서도 어 그 부팅 시간을 단축시킬 수 있고 전력을 또한 절약할 수 있습니다. 어 에이치디디 는 에이치디와 달리 에스에스디 는 움직이는 부품이 없이 없어서 손상이나 부품 고장 또한 적다라는 게 그 장점입니다. 그 셀의 데이터를 저장하는 방법은 셀 편집기를 이용하면 됩니다. 어 셀 편집기를 이용하면 단순히 그 뭐 버튼 하나로써 셀의 데이터를 저장할 뿐만 아니라 이것을 삭제 보관 이동할 수 있기 때문에 셀 편집기를 이용하는 것이 가장 어 좋다라고 생각을 합니다.","wordCount":102},"emotion":[{"text":"어 에스에스디의 구동 원리에 대해서 간단히 설명하자면 에스에스디는 솔리드 스테이트 드라이브는   솔리드 스테이트 드라이브는 기존의 에이치디디를 대체하는 것으로서   어 플래시의 메모리로 이루어져 있습니다.","expression":"u-fact","category":"neutral"}],"intent":[{"text":"","expression":"","category":"attitude"}],"summary":{"text":"에스에스디는 솔리드 스테이트 드라이브가 기존의 에이치디디를 대체하는 것으로서 부팅 시간이 단축되고 전력을 절약할 수 있습니다. 그 셀의 데이터를 저장하는 방법은 셀 편집기를 이용하면 됩니다.","wordCount":24}}},"rawDataInfo":{"question":{"fileFormat":"wav","fileSize":593998,"duration":18560,"samplingBit":16,"channelCount":1,"samplingRate":"16kHz","audioPath":"/Mock/05.ICT/Male/Experienced/ckmk_q_ict_m_e_43200.wav"},"answer":{"fileFormat":"wav","fileSize":2217678,"duration":69300,"samplingBit":16,"channelCount":1,"samplingRate":"16kHz","audioPath":"/Mock/05.ICT/Male/Experienced/ckmk_a_ict_m_e_43200.wav"}}}