{"version":"1.0","dataSet":{"info":{"date":"20230116","occupation":"ICT","channel":"MOCK","place":"ONLINE","gender":"MALE","ageRange":"55-","experience":"EXPERIENCED"},"question":{"raw":{"text":"지원자님께서 만약 게임 속 캐릭터라면 어떤 게임에서 어떤 역할을 맡아 수행하고 싶으실까요","wordCount":12},"emotion":[],"intent":[]},"answer":{"raw":{"text":"게임을 잘 하지 않는 편이라 어 말씀드리기가 쉽지 않은데요. 과거에 스타크라프트를 했던 경험을 되살려 보았을 때 어 그 캐릭터 이름이 다크 템플러였던 것으로 기억을 합니다. 다크템플러를 생성하기 위해서는 상당히 많은 자원이 소요가 되기 때문에 리파이너리부터 어 꽤 많은 시간 동안 광물을 채집 했던 걸로 기억을 하는데요. 다크템플러는 어 투명 인간 같은 전사로서 적의 눈에 뜨이지 않는 비밀 업무를 수행을 합니다. 어 그 게임에서의 캐릭터 역할을 좋아하게 된 것은 어 다크템플러를 생성하기 위해서 전략적으로 방어를 하고 또 오랜 인내를 가지고 그 캐릭터를 생성을 해냈을 때 그 캐릭터가 적진에 들어와서 투명 인간처럼 어 적진을 부수고 어 혼란스럽게 만들 수 있는 아주 아주 강력한 무기이기 때문에 그렇습니다. 비즈니스도 똑같다고 생각을 합니다. 오랜동안 잘 준비를 하여서 정말 경쟁 우위가 돼서 경쟁사들을 제압할 수 있는 그런 솔루션과 무기들을 만들어내는 것이 필요하다고 생각합니다.","wordCount":127},"emotion":[],"intent":[{"text":"","expression":"","category":"attitude"}],"summary":{"text":"과거 스타크라프트를 했던 경험을 되살리면, 그 캐릭터 이름이 '다크 템플러'였습니다. 그 캐릭터 생성을 위해 전략적으로 방어하고 오랜 인내를 가지고 그 캐릭터가 적진에 들어와서 혼란하게 만들 수 있는 아주 강력한 무기이기 때문입니다. 비즈니스도 똑같다고 생각합니다. 경쟁 우위가 돼 경쟁사들을 제압할 수 있는 무기들이 필요합니다.","wordCount":43}}},"rawDataInfo":{"question":{"fileFormat":"wav","fileSize":367438,"duration":11480,"samplingBit":16,"channelCount":1,"samplingRate":"16kHz","audioPath":"/Mock/05.ICT/Male/Experienced/ckmk_q_ict_m_e_296585.wav"},"answer":{"fileFormat":"wav","fileSize":3246798,"duration":101460,"samplingBit":16,"channelCount":1,"samplingRate":"16kHz","audioPath":"/Mock/05.ICT/Male/Experienced/ckmk_a_ict_m_e_296585.wav"}}}