{"version":"1.0","dataSet":{"info":{"date":"20230116","occupation":"ICT","channel":"MOCK","place":"ONLINE","gender":"MALE","ageRange":"35-44","experience":"EXPERIENCED"},"question":{"raw":{"text":"저희 일의 특성상 야근이나 잔업 외근이 많아질 수도 있는데요 지원자님은 이런 추가 근무적인 부분에 대해서도 괜찮게 생각하시나요","wordCount":17},"emotion":[],"intent":[]},"answer":{"raw":{"text":"예 저는 그 야근이나 외근 특히 외근에 대해서는 굉장히 거부감이 없는 편이고요. 야근도 어 이렇게 생각합니다. 그 물론 워라벨 워라벨 하지만 어 야근도 하나의 어 그 워라벨보다 더 중요한 거는 저의 책임감입니다. 조직에 있어서 제가 맡맡 조직의 일원으로서 제가 맡은 역할을 완벽하게 수행 하는 것이 저의 그 저에게 주어진 책임이기 때문에 직장 생활하면서 가장 큰 우선순위를 두고 있습니다. 특히 외근 같은 경우는 뭐 좀 재미도 있을 것 같고요. 어 원래 가만히 사무실에 앉아서 일하는 것보다 움직이며 일하는 것을 더 좋아하는 성향이기도 하구요. 그리고 야근을 하면 아 제가 아직까지는 나이가 어려서 그런지 몰라도 야근할 때 야근에 그 아무도 없는 사무실에서 밤에 혼자서 키워드를 두르리 두드리며 뭔가를 바라보고 있는 그런 저의 모습이 어 세월이 흐르고 나면 이 때가 분명히 그리울 거라고 생각해요. 그리워질 것 같아요. 그리고 또 하나 어떤 어 아 낭만이 있지 않나 그 그때만의 그런 분위기의 낭만이라고 생각합니다.","wordCount":138},"emotion":[],"intent":[{"text":"","expression":"","category":"attitude"}],"summary":{"text":"저는 야근이나 외근에 거부감이 없지만, 그 워라벨보다 더 중요한 것은 조직의 일원으로서 제가 맡은 역할을 완벽하게 수행해야 하는 책임감입니다. 특히 외근은 재미도 있고, 사무실에서 움직이며 일하는 것을 더 좋아하는 성향이 있습니다. 그리고 야근을 하면 그 당시만의 분위기의 낭만이 있다고 생각합니다.","wordCount":40}}},"rawDataInfo":{"question":{"fileFormat":"wav","fileSize":632078,"duration":19750,"samplingBit":16,"channelCount":1,"samplingRate":"16kHz","audioPath":"/Mock/05.ICT/Male/Experienced/ckmk_q_ict_m_e_194232.wav"},"answer":{"fileFormat":"wav","fileSize":2625998,"duration":82060,"samplingBit":16,"channelCount":1,"samplingRate":"16kHz","audioPath":"/Mock/05.ICT/Male/Experienced/ckmk_a_ict_m_e_194232.wav"}}}