{"version":"1.0","dataSet":{"info":{"date":"20230116","occupation":"ICT","channel":"MOCK","place":"ONLINE","gender":"MALE","ageRange":"-34","experience":"EXPERIENCED"},"question":{"raw":{"text":"지금 본인이 내일 죽는다는 사실을 알게 된다면 당장 무엇을 하시겠습니까 이 면접을 끝까지 계속 보시겠습니까","wordCount":15},"emotion":[],"intent":[]},"answer":{"raw":{"text":"일단은 주어진 시간에 면접은 다 채워야겠죠. 일단은 앞에 있는 상황이 그렇게 하니까. 그리고 나서 밖에 나가서 죽기 전에 이루어야 되겠다고 생각한 것들을 이루기 위해서 짧은 시간 안에 이십 사 시간 안에 시간 계획을 철저히 나눠 가지고 그것을 성취하기 위해서 하루에 모든 것들을 저를 불태우겠죠. 그런데 일단 이 면접은 끝까지 봐야죠. 면접 끝까지 보고 제가 나가서 제가 내일 죽기 전까지 제가 해야 되는 것들을 그렇게 하기 위해서 그런 일들을 하겠습니다 제가. 음 왜냐하면은 내일 죽을 건데 면접이라는 것은 의미가 없으니까. 일단 당장 뭘 할 것이냐 하면은 한강 한강 밑에 한번 들어가 보고 싶어요. 한강 밑에 무엇이 있나 이 스쿠버 다이빙 옷을 입고서 한강 바닥에 들어가서 한강 밑에 무엇이 있나. 어마어마한 것들이 있겠죠. 상상도 못할 것 같아요. 한강 바닥은 드러났던 적이 한번도 없으니까. 그렇게 항상 한강 바닥을 보고 싶은 그런 열망은 항상 있었었어요. 그래서 일단 한강을 가겠습니다.","wordCount":135},"emotion":[],"intent":[{"text":"","expression":"","category":"attitude"}],"summary":{"text":" 짧은 시간 안에 시간 계획을 철저히 나눠 그것을 성취하기 위해서 하루에 모든 것들을 불태우겠지만 일단 이 면접은 끝까지 볼 것 같습니다. 그 후 평소에 해보고 싶었던 한강 바닥을 보러 갈 것 같습니다.","wordCount":32}}},"rawDataInfo":{"question":{"fileFormat":"wav","fileSize":353678,"duration":11050,"samplingBit":16,"channelCount":1,"samplingRate":"16kHz","audioPath":"/Mock/05.ICT/Male/Experienced/ckmk_q_ict_m_e_200089.wav"},"answer":{"fileFormat":"wav","fileSize":2865678,"duration":89550,"samplingBit":16,"channelCount":1,"samplingRate":"16kHz","audioPath":"/Mock/05.ICT/Male/Experienced/ckmk_a_ict_m_e_200089.wav"}}}