{"version":"1.0","dataSet":{"info":{"date":"20230116","occupation":"ICT","channel":"MOCK","place":"ONLINE","gender":"MALE","ageRange":"45-54","experience":"EXPERIENCED"},"question":{"raw":{"text":"지원한 직무에 가장 중요한 역량은 뭐라고 생각하시나요","wordCount":7},"emotion":[],"intent":[]},"answer":{"raw":{"text":"제가 지원한 직무에서 가장 중요한 역할은 어 아무래도 경험이라고 생각을 합니다. 이 비즈니스라는 게 항상 뭐 고정되어 있는 게 아니라 유동적이고 변화되고 어 뭐 변질되기도 하고 그러면서 발전해 나가는 거다 보니까 어 처음에 막상 그 일을 처음 해 본다고 하면 어 되게 당황하는 경우가 많습니다. 그러다보니 어 결국은 그 직무를 수행하기에 있어서 뭐 선배들이 뭐 갔던 길이라든지 그 사례라든지 경험이 결국은 그 일을 맡고 해결하는데 그 중심이 된다 라고 생각합니다. 그래서 저는 제가 맡은 이 마케팅 분야 역시 경험이 가장 중요하고 그 경험을 토대로 판단을 하고 오 진행을 시키는 게 맞다 라고 생각을 합니다. 물론 새로운 기술이나 혁신적인 거에 새로운 것에 대해서 받아들일 마음의 준비가 되어 있어야 하고요.","wordCount":108},"emotion":[],"intent":[{"text":"","expression":"","category":"attitude"}],"summary":{"text":"비즈니스가 변화무쌍하고 발전해 나가는 데다 일을 처음 해 본다고 하면 당황하는 경우가 많습니다. 그래서 경험이 일을 맡고 해결하는데 그 중심이 됩니다. 그래서 마케팅 분야도 경험이 가장 중요하고 그것을 토대로 판단을 하고 진행을 시키는 게 맞습니다.","wordCount":35}}},"rawDataInfo":{"question":{"fileFormat":"wav","fileSize":235278,"duration":7350,"samplingBit":16,"channelCount":1,"samplingRate":"16kHz","audioPath":"/Mock/05.ICT/Male/Experienced/ckmk_q_ict_m_e_43946.wav"},"answer":{"fileFormat":"wav","fileSize":2083918,"duration":65120,"samplingBit":16,"channelCount":1,"samplingRate":"16kHz","audioPath":"/Mock/05.ICT/Male/Experienced/ckmk_a_ict_m_e_43946.wav"}}}