{"version":"1.0","dataSet":{"info":{"date":"20230116","occupation":"ICT","channel":"MOCK","place":"ONLINE","gender":"MALE","ageRange":"35-44","experience":"EXPERIENCED"},"question":{"raw":{"text":"지원자님께서는 본인이 교번 근무에 잘 적응할 수 있다고 생각하시나요 그렇다면 왜 잘 적응할 수 있다고 생각하시는지 근거를 들어서 같이 이야기해 주시기 바랍니다","wordCount":22},"emotion":[],"intent":[]},"answer":{"raw":{"text":"저는 밤에 일찍 자고 새벽에 일찍 일어나는 얼리버드형 새벽형 인간입니다. 그런 사람들은 솔직히 말하면 교번 근무에 아주 안 어울리는 사람들입니다. 하지만 제가 교번 근무에 잘 어울릴 수 있게 만들었던 패턴 중의 하나는 나의 수면 패턴을 완벽하게 만들거나 아니면 뇌의 송과체 우리에게 밤에 시간을 알려주는 뇌의 송과체를 속이는 것입니다. 그것은 바로 교번 근무일 때 낮에 근무할 때는 충분히 휴식을 취하고 밤에 잘 자고 아침에 일어나서 낮 근무를 합니다. 그리고 밤 근무를 하게 될 때는 낮도 밤인 것처럼 우리 뇌를 속여야 됩니다. 그러기 위해서는 모든 블라인드 모든 것들을 어둡게 만들고 내가 밤에 잠을 잘 자고 있다 라는 내 스스로의 뇌를 속임으로써 교부 교번 근무를 잘 적응해 나가고 피할 수 피할 수 있을 것입니다.","wordCount":111},"emotion":[],"intent":[{"text":"","expression":"","category":"attitude"}],"summary":{"text":"얼리버드형 새벽형 인간들은 교번 근무에 아주 어울릴 수 없지만 저의 수면 패턴을 완벽하게 만들거나 밤에 시간을 알려주는 뇌의 송과체를 속임으로써 교번 근무를 잘 적응해 나가고 피할 수 있을 것입니다.","wordCount":29}}},"rawDataInfo":{"question":{"fileFormat":"wav","fileSize":437198,"duration":13660,"samplingBit":16,"channelCount":1,"samplingRate":"16kHz","audioPath":"/Mock/05.ICT/Male/Experienced/ckmk_q_ict_m_e_183430.wav"},"answer":{"fileFormat":"wav","fileSize":1769678,"duration":55300,"samplingBit":16,"channelCount":1,"samplingRate":"16kHz","audioPath":"/Mock/05.ICT/Male/Experienced/ckmk_a_ict_m_e_183430.wav"}}}