{"version":"1.0","dataSet":{"info":{"date":"20230116","occupation":"ICT","channel":"MOCK","place":"ONLINE","gender":"MALE","ageRange":"35-44","experience":"EXPERIENCED"},"question":{"raw":{"text":"지원자께서 업무를 하다 보면은 업무량이 과도하게 많아질 수가 있는데요 그러한 상황에서 잘 버틸 자신이 있는지 궁금합니다","wordCount":16},"emotion":[],"intent":[]},"answer":{"raw":{"text":"회사에서 업무량은 제가 마음대로 조절할 수 있는 수준이 아닙니다. 가끔 어떨 때는 한가해서 너무 많이 놀게 되는 경우도 있지만 그 노는 시간을 보충한다는 생각으로 업무량이 과도하게 많아지면 그 또한 견뎌야 된다고 생각합니다. 모든 직장인들은 자신의 업무가 편하고 일과 시간이 널럴한 것에 대해서는 당연하다고 생각하는데 업무량이 과도하게 갑자기 많아지는 것은 내가 월급을 더 많이 받거나 이것은 컴플레인을 걸어야 된다라는 생각을 하는 사람들이 많습니다. 업무량이 과도하게 많아지는 것은 나의 상사에게 요청하여 이 업무량을 어떻게 배분할 것인지 배분할 수 있을 것인지에 대한 논의가 필요한 것이지 업무량이 과도하게 많아졌다고 무조건 퇴사를 하거나 너무 힘들다고 좌절을 할 건 아니라고 생각합니다.","wordCount":95},"emotion":[],"intent":[{"text":"","expression":"","category":"attitude"}],"summary":{"text":"업무량이 갑자기 많아지는 것에 대해 상사에게 요청하여 업무량의 배분에 대한 논의가 필요한 것이지 업무량이 과도하게 많아졌다고 해서 무조건 퇴사를 하거나 너무 힘들다고 좌절을 할 건 아니라고 생각합니다.","wordCount":27}}},"rawDataInfo":{"question":{"fileFormat":"wav","fileSize":462798,"duration":14460,"samplingBit":16,"channelCount":1,"samplingRate":"16kHz","audioPath":"/Mock/05.ICT/Male/Experienced/ckmk_q_ict_m_e_156770.wav"},"answer":{"fileFormat":"wav","fileSize":1662158,"duration":51940,"samplingBit":16,"channelCount":1,"samplingRate":"16kHz","audioPath":"/Mock/05.ICT/Male/Experienced/ckmk_a_ict_m_e_156770.wav"}}}