{"version":"1.0","dataSet":{"info":{"date":"20230116","occupation":"ICT","channel":"MOCK","place":"ONLINE","gender":"MALE","ageRange":"55-","experience":"EXPERIENCED"},"question":{"raw":{"text":"고객님께서 우리가 제작한 홈페이지 화면이 로딩 속도가 느리다고 요청이 왔습니다 본인이 가지고 있는 역량으로 어떻게 해결할 것인지 또 어떻게 대처할 것인지 말씀해 주시기 바랍니다","wordCount":24},"emotion":[],"intent":[]},"answer":{"raw":{"text":"고객이 제기한 민원의 문제는 여러 가지 요소에 문제의 원인이 있을 수 있습니다. 먼저 프로그래밍이 문제가 있거나 컴퓨터 자체에 문제가 있거나 또는 그것을 전송해 주고 있는 인터넷 구간에서 문제가 있을 수도 있겠죠. 그런 부분들을 저희가 세밀하게 구분하여서 문제 원인 분석을 충분히 해야 될 것 같습니다. 여러 가지 테스트 환경을 만들어 놓고 그 가운데에서 어떤 것들이 문제가 되는지를 구분하고 디테일하게 파고 들어가면서 하나하나 문제의 원인을 해결해 나가면 어 이 부분은 해결을 할 수 있을 것 같습니다. 네트웍의 여러 가지 어 음 서비스상의 문제인 것인지 중간에 프로그램들이 잘못되어서 얽힌 문제인 건지 또는 사용자 컴퓨터나 서버 컴퓨터 자원의 문제인 것인지 우리가 작성한 홈페이지의 프로그램이 문제인 것인지 다양하게 원인이 해결될 수 있다고 생각됩니다.","wordCount":108},"emotion":[],"intent":[{"text":"","expression":"","category":"attitude"}],"summary":{"text":"고객의 민원은 프로그래밍, 컴퓨터 자체, 인터넷 구간 등 여러 가지 요소에 원인이 있을 수 있습니다. 테스트 환경을 만들어 놓고 문제 원인 분석을 충분히 해야 될 것 같습니다. 네트웍, 서비스상, 프로그램 문제, 컴퓨터 자원 문제, 홈페이지 프로그램 문제 등 다양하게 원인이 해결될 수 있다고 생각됩니다.","wordCount":44}}},"rawDataInfo":{"question":{"fileFormat":"wav","fileSize":534478,"duration":16700,"samplingBit":16,"channelCount":1,"samplingRate":"16kHz","audioPath":"/Mock/05.ICT/Male/Experienced/ckmk_q_ict_m_e_296857.wav"},"answer":{"fileFormat":"wav","fileSize":2440398,"duration":76260,"samplingBit":16,"channelCount":1,"samplingRate":"16kHz","audioPath":"/Mock/05.ICT/Male/Experienced/ckmk_a_ict_m_e_296857.wav"}}}