{"version":"1.0","dataSet":{"info":{"date":"20230116","occupation":"ICT","channel":"MOCK","place":"ONLINE","gender":"MALE","ageRange":"-34","experience":"EXPERIENCED"},"question":{"raw":{"text":"업무 중 스케줄을 하다 보면 없던 일이 생길 때가 있습니다 이런 돌발 상황이 생긴다면 지원자님께서는 어떻게 대처를 하실 것인지 궁금합니다","wordCount":20},"emotion":[],"intent":[]},"answer":{"raw":{"text":"그렇다면 저의 기본적인 업무 스케일을 조금 줄이고 스케줄을 여유 있게 마련하겠습니다. 어떤 일이 생긴다는 것은 예상하지 못했던 일인 것입니다. 즉 계획하에 하려던 일 외에 일이기 때문에 또 그러한 상황이 피치 못하게 자주 발생을 하는 것입니다. 이에 본인의 스케줄을 하루에 삼십 분 혹은 한 시간 이상은 여유 있게 잡아두어야 됩니다. 그렇다면 첫날에 다음 날의 스케줄을 조금 여유 있게 구성을 하고 혹여 그런 일들이 많이 생기더라도 시간과 마음의 여유 그리고 대비가 있기 때문에 스트레스를 덜 하게 업무를 수행할 수 있습니다. 이에 더해 동료를 한 명 포섭해 두겠습니다. 결국 혼자 부하를 받아 스트레스 받고 일을 힘 있게 잘 처리하지 못하는 것 보다는 동료에게 도움을 구하고 결과적으로 유관 부서에도 도움을 구하겠습니다.","wordCount":107},"emotion":[],"intent":[{"text":"","expression":"","category":"attitude"}],"summary":{"text":"업무스케줄을 조금 줄이고 일정을 여유있게 준비하겠습니다. 첫날에 다음 날의 일정을 조금 여유있게 구성하겠습니다. 이에 더해 동료를 한 명 포섭해 두겠습니다. 결국 혼자 부하를 받아 스트레스 받고 업무도 잘 처리하지 못하는 것 보다는 동료와 유관 부서에도 도움을 구하겠습니다.","wordCount":37}}},"rawDataInfo":{"question":{"fileFormat":"wav","fileSize":448718,"duration":14020,"samplingBit":16,"channelCount":1,"samplingRate":"16kHz","audioPath":"/Mock/05.ICT/Male/Experienced/ckmk_q_ict_m_e_249209.wav"},"answer":{"fileFormat":"wav","fileSize":3767758,"duration":117740,"samplingBit":16,"channelCount":1,"samplingRate":"16kHz","audioPath":"/Mock/05.ICT/Male/Experienced/ckmk_a_ict_m_e_249209.wav"}}}