{"version":"1.0","dataSet":{"info":{"date":"20230116","occupation":"ICT","channel":"MOCK","place":"ONLINE","gender":"MALE","ageRange":"-34","experience":"EXPERIENCED"},"question":{"raw":{"text":"지원자님께서는 본인 스스로 숫자와 창의 중 둘 중에 어떤 곳에서 가깝다고 생각하시나요 이유도 함께 말씀해 주세요","wordCount":16},"emotion":[],"intent":[]},"answer":{"raw":{"text":"저는 제 자신이 숫자와 창의 중 숫자에 더 가깝다고 생각합니다. 왜냐하면 어린 시절부터 수학과 과학 등에 과목을 좋아하였고 이에 이과로 학업을 수행하였습니다. 후에도 전공은 전기 전자 쪽 공학 계열로 진학하게 되었고 공학 계열 중에서도 가장 전통적이고 수학과 친밀한 전공이었습니다. 이러한 영향으로 저는 창의보다 숫자에 가깝게 성향이 발전하였습니다. 하지만 저에겐 창의적인 부분도 분명히 존재 합니다. 숫자에 대한 분석으로 해결책을 내는 것은 언제나 당연히 중요하지만 그것만으론 충분하지 않습니다. 창의성은 보이지 않던 이면 혹은 다른 선택지를 훌륭하게 비춰주기 때문에 언제나 숫자와 함께 창의적인 생각도 하려고 노력하고 게을리하지 않고 있습니다.","wordCount":86},"emotion":[],"intent":[{"text":"","expression":"","category":"attitude"}],"summary":{"text":"창의성은 보이지 않던 이면 혹은 다른 선택지를 훌륭하게 비춰주기 때문에 언제나 숫자와 함께 창의적인 생각도 하려고 노력하고 게을리하지 않고 있습니다.","wordCount":20}}},"rawDataInfo":{"question":{"fileFormat":"wav","fileSize":391758,"duration":12240,"samplingBit":16,"channelCount":1,"samplingRate":"16kHz","audioPath":"/Mock/05.ICT/Male/Experienced/ckmk_q_ict_m_e_251804.wav"},"answer":{"fileFormat":"wav","fileSize":3822798,"duration":119460,"samplingBit":16,"channelCount":1,"samplingRate":"16kHz","audioPath":"/Mock/05.ICT/Male/Experienced/ckmk_a_ict_m_e_251804.wav"}}}