{"version":"1.0","dataSet":{"info":{"date":"20230116","occupation":"ICT","channel":"MOCK","place":"ONLINE","gender":"MALE","ageRange":"35-44","experience":"EXPERIENCED"},"question":{"raw":{"text":"지원자님은 휴식을 취할 때는 주로 어떤 일들을 하시나요 왜 그 일을 하시는지 이유도 함께 말씀해 주세요","wordCount":16},"emotion":[],"intent":[]},"answer":{"raw":{"text":"네 저는 휴식을 취할 때 요즘에는 보통 명상을 많이 하고 있는데요. 저도 어 명상을 하는 방법을 정확하게는 아직은 잘 몰라서 그냥 유튜브에서 제공하고 있는 많은 영상 명상 관련된 영상들을 보면서 어 따라하는 정도로 하고 있습니다. 처음에는 이게 뭔가 싶었는데 어 무작정 그 영상에서 가이드 하는 대로 맞춰가면서 따라해 봤더니 진짜로 제 몸이 좀 어 가벼워지고 머리가 맑아지는 느낌이 있더라구요. 그리고 무엇보다도 마음을 편안하게 먹게 되는 것 때문에 마음이 평온하니 몸도 편안해지고 아 비로소 이게 진정한 휴식이 아닐까 하는 생각이 들면서 어 예 요즘에는 명상을 주로 하고 있습니다.","wordCount":87},"emotion":[],"intent":[{"text":"","expression":"","category":"attitude"}],"summary":{"text":"명상을 하는 방법을 잘 모르겠지만 유튜브에서 제공하는 명상 관련 영상들을 보며 따라하는 정도로 하고 있습니다. 해보니 몸이 가벼워지고 정신이 맑아지고 무엇보다 마음을 편안하게 먹기 때문에 이것이 진정한 휴식인 것 같았습니다.","wordCount":30}}},"rawDataInfo":{"question":{"fileFormat":"wav","fileSize":313678,"duration":9800,"samplingBit":16,"channelCount":1,"samplingRate":"16kHz","audioPath":"/Mock/05.ICT/Male/Experienced/ckmk_q_ict_m_e_230063.wav"},"answer":{"fileFormat":"wav","fileSize":1815438,"duration":56730,"samplingBit":16,"channelCount":1,"samplingRate":"16kHz","audioPath":"/Mock/05.ICT/Male/Experienced/ckmk_a_ict_m_e_230063.wav"}}}