{"version":"1.0","dataSet":{"info":{"date":"20230116","occupation":"ICT","channel":"MOCK","place":"ONLINE","gender":"MALE","ageRange":"35-44","experience":"EXPERIENCED"},"question":{"raw":{"text":"입사 후에 쉬운 일과 어려운 일이 있을 때 이 일에 대한 분배를 어떻게 하실 생각이십니까 어떻게 나눠서 처리할 생각이신지 말씀해 주세요","wordCount":21},"emotion":[],"intent":[]},"answer":{"raw":{"text":"예 제 업무 스타일은요 일단 쉬운 일부터 먼저 먼저 처리하는 것이 제 업무 스타일입니다. 어려운 일부터 먼저 처리를 할려고 그 쪽에 매달려 있으면 다른 다른 테스크들이 계속 팬딩이 되면서 어 전혀 앞으로 진전한 전진하지 못하는 그런 상황을 상황이 될거기 때문에 내가 해결할 수 있는 쉬운 일부터 먼저 다다닥 처리를 하고 그리고 어 어려운 일을 이제 고민을 할 것 같은데요. 어 대부분이 제가 제 경험으로서는 경험 제 경험은 어 쉬운 일을 하면서 보통은 어려운 일들에 대해 그거에 대한 솔루션이 어 떠오를 때가 굉장히 많았어요. 그래서 쉬운 일을 하다 보면은 쉬운 일부터 먼저 해결하다 보면은 어떤 많은 아이디어가 떠오를 것이고 그리고 어려운 일 같은 경우는 제가 조금이라도 시간이 남을 때 어 가만히 고민을 해서 충분히 고민할 시간이 주어질 것이기 때문에 그때 고민을 해보고 처리하는 것도 나쁘지 않다고 생각합니다.","wordCount":126},"emotion":[],"intent":[{"text":"","expression":"","category":"attitude"}],"summary":{"text":"제 업무 스타일은 일단 쉬운 일부터 먼저 먼저 처리하는 것입니다. 어려운 일 먼저 처리하면 다른 테스크들이 계속 팬딩이 되면서 전혀 앞으로 진전한 전진을 하지 못할 것 같습니다. 쉬운 일을 하다 보면 어려운 일들에 대한 솔루션이 떠오를 것이고, 어려운 일은 그때 고민을 해보고 처리하는 것이 좋다고 생각합니다.","wordCount":46}}},"rawDataInfo":{"question":{"fileFormat":"wav","fileSize":414158,"duration":12940,"samplingBit":16,"channelCount":1,"samplingRate":"16kHz","audioPath":"/Mock/05.ICT/Male/Experienced/ckmk_q_ict_m_e_230145.wav"},"answer":{"fileFormat":"wav","fileSize":2367118,"duration":73970,"samplingBit":16,"channelCount":1,"samplingRate":"16kHz","audioPath":"/Mock/05.ICT/Male/Experienced/ckmk_a_ict_m_e_230145.wav"}}}