{"version":"1.0","dataSet":{"info":{"date":"20230116","occupation":"ICT","channel":"MOCK","place":"ONLINE","gender":"MALE","ageRange":"55-","experience":"EXPERIENCED"},"question":{"raw":{"text":"소통 능력을 키우기 위해서 어떤 일을 할 수 있을까요 생각나는 방법이나 노력했던 방법들을 자세하게 말씀해 주실 수 있을까요","wordCount":18},"emotion":[],"intent":[]},"answer":{"raw":{"text":"소통 능력을 키우기 위해서는 저는 음 두 가지 경우를 말씀을 드릴 수가 있는데 첫 번째 경우는 제가 그 학원을 했을 때 어린아이들 그 초등학생 중학생 고등학생 아이들과 소통을 한 경험이 있습니다. 처음에는 많은 어려움이 있었습니다. 왜냐하면 제가 얘기하는 말 자체가 어 그 애들이 이해하기에는 조금은 어렵고 조금은 좀 고리타분한 그러한 면이 있었기 때문에 처음에는 어려웠어요. 하나 제가 눈높이를 낮추고 걔네들 걔네들의 그 입장에서 어 하나 하나씩 얘기를 진행해 나갈 때 음 상당히 좋은 결과가 있었고 그 소통을 바탕으로 학업도 많이 향상이 됐습니다. 두 번째 경우는 멕시코에서 일을 할 때 직원들과의 소통했던 일입니다. 마찬가지로 제가 학원에서 아이들과 소통했던 그 경험을 바탕으로 제 눈높이를 낮추어서 하나 하나씩 접근을 하니 또한 이 문제가 해결이 되었습니다. 자 방안은 무엇이냐 눈높이를 낮추자 이것입니다. 기준을 낮추자 이것입니다.","wordCount":121},"emotion":[],"intent":[{"text":"","expression":"","category":"attitude"}],"summary":{"text":"소통 능력을 키우기 위해 제가 학원에서 아이들과 소통한 경험을 바탕으로 눈높이를 낮추어서 접근을 하니 문제 해결이 되었습니다. 자 방안은 무엇이냐 눈높이를 낮추는 것입니다. 기준을 낮추자 이것입니다.","wordCount":26}}},"rawDataInfo":{"question":{"fileFormat":"wav","fileSize":593998,"duration":18560,"samplingBit":16,"channelCount":1,"samplingRate":"16kHz","audioPath":"/Mock/05.ICT/Male/Experienced/ckmk_q_ict_m_e_287149.wav"},"answer":{"fileFormat":"wav","fileSize":3404878,"duration":106400,"samplingBit":16,"channelCount":1,"samplingRate":"16kHz","audioPath":"/Mock/05.ICT/Male/Experienced/ckmk_a_ict_m_e_287149.wav"}}}