{"version":"1.0","dataSet":{"info":{"date":"20230116","occupation":"ICT","channel":"MOCK","place":"ONLINE","gender":"MALE","ageRange":"-34","experience":"EXPERIENCED"},"question":{"raw":{"text":"이전 직장에서 퇴사하신 후에 퇴사했던 것을 후회하신 적은 없나요 있다면 왜 그것을 후회하셨었는지도 함께 말씀 부탁드립니다","wordCount":16},"emotion":[],"intent":[]},"answer":{"raw":{"text":"퇴사를 결정하기까지의 고민이 이 굉장히 길었습니다. 퇴사를 한다는 것은 어떻게 보면 저에게 굉장히 리스크를 지는 일이었기 때문이죠. 하지만 전 직장에서 저의 상황을 생각하고 오 년 후에 저의 미래를 생각했을 때는 어 퇴사를 하는 게 맞다고 생각했습니다. 더 이상의 비전이 없다고 판단했기 때문이죠. 하지만 많은 고민을 거듭한 끝에 한 퇴사에서도 많은 후회가 밀려왔습니다. 첫째로 뭔가 사회적으로 고립되는 느낌이었습니다. 매 분기 매일 달 또는 매일 아침 규칙적이고 사람들과 함께 단체 생활을 했던 그런 감정의 교류 인간으로서의 사회생활이 없어졌기 때문입니다. 이렇게 퇴사 후에 후회를 하면서 저는 제 자신을 좀 더 잘 알게 되었고 제 자신은 사회생활을 하며 다른 사람들과 교류할 때 보다 더 나 답고 나 답게 살 수 있다 없는 마음을 먹었습니다.","wordCount":110},"emotion":[],"intent":[{"text":"","expression":"","category":"attitude"}],"summary":{"text":"퇴사를 결정하기까지의 고민 끝에 한 퇴사에서도 많은 후회가 밀려왔습니다. 퇴사 후 후회를 하면서 제 자신을 좀 더 잘 알게 되었고 제 자신은 사회생활을 하며 다른 사람들과 교류할 때 보다 더 나 답고 나 답게 살 수 있다 없는 마음을 먹었습니다.","wordCount":40}}},"rawDataInfo":{"question":{"fileFormat":"wav","fileSize":579918,"duration":18120,"samplingBit":16,"channelCount":1,"samplingRate":"16kHz","audioPath":"/Mock/05.ICT/Male/Experienced/ckmk_q_ict_m_e_246234.wav"},"answer":{"fileFormat":"wav","fileSize":3601038,"duration":112530,"samplingBit":16,"channelCount":1,"samplingRate":"16kHz","audioPath":"/Mock/05.ICT/Male/Experienced/ckmk_a_ict_m_e_246234.wav"}}}