{"version":"1.0","dataSet":{"info":{"date":"20230116","occupation":"ICT","channel":"MOCK","place":"ONLINE","gender":"MALE","ageRange":"35-44","experience":"EXPERIENCED"},"question":{"raw":{"text":"회사에 들어와서 선배를 만나게 된다면 어떤 선배를 만나고 싶으십니까 이유를 함께 말씀해 주시기 바랍니다","wordCount":14},"emotion":[],"intent":[]},"answer":{"raw":{"text":"회사에 성과가 좋고 대인관계가 좋고 좋은 선배를 만나고 싶습니다. 왜냐하면 그 선배는 이 회사에서 저의 귀감이 되거나 롤 모델이 될 수 있기 때문입니다. 회사 생활을 처음 시작할 땐 어떤 사수를 만나느냐에 따라서 직장의 커리어가 많이 바뀐다는 얘기가 있습니다. 능력도 있고 인간관계도 좋은 선배를 통해서 내가 앞으로 이 회사에서 뭘 배워야 되고 어떻게 회사 생활을 해야 되며 사람들과 어떻게 지내야 되는지에 대한 어떤 교과서적인 내용을 좀 많이 배우고 싶습니다. 만약 선배가 너무 무능력하고 사람들과에 관계도 좋지 않다면 저에게 부정적인 효과를 주고 그런 부정적인 효과는 저에게 전염이 되어 저 또한 회사를 다니면서 무기력해지거나 저성과자로 낙오가 될 수 있기 때문입니다.","wordCount":97},"emotion":[],"intent":[{"text":"","expression":"","category":"attitude"}],"summary":{"text":"회사에 성과가 좋고 대인관계가 좋은 선배를 만나고 싶은데, 그 선배는 회사에서 귀감이 되거나 롤 모델이 될 수 있기 때문입니다. 만약 선배가 너무 무능력하고 사람들과의 관계도 좋지 않다면 저 역시 저성과자로 낙오가 될 수 있습니다.","wordCount":34}}},"rawDataInfo":{"question":{"fileFormat":"wav","fileSize":499278,"duration":15600,"samplingBit":16,"channelCount":1,"samplingRate":"16kHz","audioPath":"/Mock/05.ICT/Male/Experienced/ckmk_q_ict_m_e_177520.wav"},"answer":{"fileFormat":"wav","fileSize":1692238,"duration":52880,"samplingBit":16,"channelCount":1,"samplingRate":"16kHz","audioPath":"/Mock/05.ICT/Male/Experienced/ckmk_a_ict_m_e_177520.wav"}}}