{"version":"1.0","dataSet":{"info":{"date":"20230116","occupation":"ICT","channel":"MOCK","place":"ONLINE","gender":"MALE","ageRange":"35-44","experience":"EXPERIENCED"},"question":{"raw":{"text":"다른 지원자들에 비해 본인만이 가진 차별성 장점을 어필한다면 어떠한 것들이 있습니까","wordCount":11},"emotion":[],"intent":[]},"answer":{"raw":{"text":"네 저는 저 저만의 차별성과 장점이라고 하면 어 저는 어 쉬지 않습니다. 예 이 쉬지 않는다는 게 몸을 계속 움직이면서 이 키보드를 두들기면 두들긴다는 이야기가 아니라 제 머릿속으로는 언제나 제가 어떻게 업무를 효율적으로 할까 또 어떤 것을 또 진행하면 과연 이 이 사내 전산 환경이 좀 더 효율성이 효율성 효율적으로 운영이 될 수 있을까를 항상 고민을 합니다. 그래서 이동 시에도 이런 아이티 트렌드나 그런 보안 이슈들을 많이 찾아보고 있고요. 그 타 회사들을 벤치마킹하면서 그 회사에서는 어떤 솔루션을 도입해서 업무 효율성을 올렸다 이런 것들을 벤치마킹하고 그리고 또 우리 회사의 이 솔루션을 도입하면 어떤 부분이 좋겠다 그리고 어떤 부분은 고려를 해 볼 만하다 라는 것들을 언제나 고민하면 고민하면서 그 근무를 하기 때문에 이게 저희가 가지고 있는 어 가장 가장 큰 차별성과 장점이 아닐까 싶습니다.","wordCount":122},"emotion":[],"intent":[{"text":"","expression":"","category":"attitude"}],"summary":{"text":"사내 전산 환경의 효율적 운영을 고민하기 위해 항상 IT 트렌드나 보안 이슈들을 찾아보고 타 회사들을 벤치마킹하며 업무 효율성을 높였다 이런 것들을 밴치마킹하고 고려를 해 보는 것이 저희만의 차별성과 장점입니다.","wordCount":29}}},"rawDataInfo":{"question":{"fileFormat":"wav","fileSize":316238,"duration":9880,"samplingBit":16,"channelCount":1,"samplingRate":"16kHz","audioPath":"/Mock/05.ICT/Male/Experienced/ckmk_q_ict_m_e_218280.wav"},"answer":{"fileFormat":"wav","fileSize":2084558,"duration":65140,"samplingBit":16,"channelCount":1,"samplingRate":"16kHz","audioPath":"/Mock/05.ICT/Male/Experienced/ckmk_a_ict_m_e_218280.wav"}}}