{"version":"1.0","dataSet":{"info":{"date":"20230116","occupation":"ICT","channel":"MOCK","place":"ONLINE","gender":"MALE","ageRange":"-34","experience":"EXPERIENCED"},"question":{"raw":{"text":"만약 우리가 타 부서와 갈등 상황이 발생한다면 어떻게 해결하시겠습니까 어 그리고 그렇게 해결하시겠다고 생각하신 이유는 무엇인지 상황을 가정에서 설명해 주시길 바랍니다","wordCount":21},"emotion":[],"intent":[]},"answer":{"raw":{"text":"가장 먼저 본질적으로 갈등 상황에 이유에 대해 파악할 것입니다. 허나 대개 타 부서와의 갈등 상황은 부서 간에 이익이 침범 되거나 또는 리스크에 대한 위험성을 한 부서에서 다른 부서로 전가할 때 발생합니다. 따라서 저는 우선 상호간에 공감대를 먼저 형성하여 업무에 본질에 대해 얘기를 할 것입니다. 업무에 성과를 내고 회사에 이익이 되기 위해 가장 좋은 방법은 무엇인지 또는 업무의 근본적인 성과를 창출하기 위한 핵심이 무엇인지 공감대를 형성하여 공유하고 그렇게 된다면 알앤알이나 책임감 등 책임 주인의 의식 같은 것은 잘 해결 되리라 봅니다.","wordCount":80},"emotion":[],"intent":[{"text":"","expression":"","category":"attitude"}],"summary":{"text":"저는 우선 상호간에 공감대를 형성하여 업무에 본질에 대해 얘기 하겠습니다. 그래야 책임 주인의 의식 같은 것은 잘 해결 되리라 봅니다.","wordCount":20}}},"rawDataInfo":{"question":{"fileFormat":"wav","fileSize":510798,"duration":15960,"samplingBit":16,"channelCount":1,"samplingRate":"16kHz","audioPath":"/Mock/05.ICT/Male/Experienced/ckmk_q_ict_m_e_253234.wav"},"answer":{"fileFormat":"wav","fileSize":2957198,"duration":92410,"samplingBit":16,"channelCount":1,"samplingRate":"16kHz","audioPath":"/Mock/05.ICT/Male/Experienced/ckmk_a_ict_m_e_253234.wav"}}}