{"version":"1.0","dataSet":{"info":{"date":"20230116","occupation":"ICT","channel":"MOCK","place":"ONLINE","gender":"MALE","ageRange":"35-44","experience":"EXPERIENCED"},"question":{"raw":{"text":"업무 중에 스케줄에 없던 일이 갑자기 생겼습니다 이런 상황이 생긴다면 본인은 어떻게 대처를 하시는 편인가요","wordCount":15},"emotion":[],"intent":[]},"answer":{"raw":{"text":"네 어 스케줄이 없던 일들이 생길 때가 많습니다. 네 물론 이것이 바로 인생의 묘미가 아닐까 싶어요. 저는 인생은 한 시간도 모르는 게 바로 인생이고 모든 게 계획대로만 진행되면 정말 재미없는 인생일 것 같습니다. 어 자기가 예측하지 못했던 상황이 발생하고 그걸 또 어떻게 극복하느냐 극복해 나감에 있어서 그 인생의 재미가 있다고 저는 생각을 하는 편이고요. 그래서 업무 중에 스케줄이 없던 일이 생겨도 저는 이것을 아주 재미있는 어떤 이벤트 중의 하나라고 저는 받아들일 것 같아요. 예 그리고 그런데 만약에 제가 굉장히 어 불편한 그 급한 일들이 굉장히 많이 있는 상황에서 없던 일이 생기면 물론 아 심적으로 굉장히 부담스럽겠지만 그때는 아 업무의 우선순위를 따져보는 것이 중요할 것 같습니다.","wordCount":105},"emotion":[],"intent":[{"text":"","expression":"","category":"attitude"}],"summary":{"text":"업무 중에 스케줄이 없던 일들이 생길 때가 많은데 이것은 인생의 묘미입니다. 예측하지 못했던 상황의 발생과 그것을 극복하는 것이 인생의 재미입니다. 급한 일이 많은 상황에서 없던 일이 생기면 업무의 우선순위를 따져보는 것이 중요합니다.","wordCount":32}}},"rawDataInfo":{"question":{"fileFormat":"wav","fileSize":508238,"duration":15880,"samplingBit":16,"channelCount":1,"samplingRate":"16kHz","audioPath":"/Mock/05.ICT/Male/Experienced/ckmk_q_ict_m_e_218276.wav"},"answer":{"fileFormat":"wav","fileSize":1969358,"duration":61540,"samplingBit":16,"channelCount":1,"samplingRate":"16kHz","audioPath":"/Mock/05.ICT/Male/Experienced/ckmk_a_ict_m_e_218276.wav"}}}