{"version":"1.0","dataSet":{"info":{"date":"20230116","occupation":"ICT","channel":"MOCK","place":"ONLINE","gender":"MALE","ageRange":"35-44","experience":"EXPERIENCED"},"question":{"raw":{"text":"지금까지 살아오시면서 새로운 환경에서 전혀 몰랐던 일을 맡아서 한 경험이 있으신가요 있다면 소개 부탁드리겠습니다","wordCount":14},"emotion":[],"intent":[]},"answer":{"raw":{"text":"예 제가 어 아이티를 전공했지만 어 어 공교롭게도 첫 번째 직장이 은행이었는데요. 은행에 들어가서 한 어 은행에 들어가 보니까 어 그 조직이 좀 작은 조직이라서 그런지 아이티 뿐만이 아니라 어떤 어 백 오피스의 오퍼레이션 업무까지 같이 병행을 하게 됐어요. 근데 정말 아 아무도 모르는 상태 정말 처음 보는 처음 보는 그런 화면들을 보고 그리고 이 외화의 외화 송금이 어떻게 되는지 환율은 무엇인지 그리고 뭐 뭐 홍콩 달라가 뭔지 싱가폴 달라가 어떻게 됐는지 어떤 기준 환율로 그것들이 매일매일 바뀌는지 그런 것들을 보면서 굉장히 머리가 어지러웠던 기억이 있습니다. 하지만 저는 이 새로운 환경에 대해서도 굉장히 흥미를 많이 느끼는 편이기 때문에 그것을 모두 제 것으로 만드는 데는 크 오랜 시간은 걸리지 않았던 것으로 기억합니다.","wordCount":111},"emotion":[{"text":"예 제가 어 아이티를 전공했지만 어 어 공교롭게도 첫 번째 직장이 은행이었는데요.","expression":"u-fact","category":"neutral"}],"intent":[{"text":"","expression":"","category":"attitude"}],"summary":{"text":"첫 직장이 은행인데, 작은 조직이라 아이티 뿐만 아니라 백 오피스의 오퍼레이션 업무까지 같이 병행하게 됐습니다. 처음 보는 화면들을 보면서 어지러웠던 기억이 있습니다. 하지만 새로운 환경에 대해 흥미를 많이 느끼기 때문에 그것을 모두 제 것으로 만드는 데는 오랜 시간이 걸렸습니다.","wordCount":39}}},"rawDataInfo":{"question":{"fileFormat":"wav","fileSize":469198,"duration":14660,"samplingBit":16,"channelCount":1,"samplingRate":"16kHz","audioPath":"/Mock/05.ICT/Male/Experienced/ckmk_q_ict_m_e_182620.wav"},"answer":{"fileFormat":"wav","fileSize":1931598,"duration":60360,"samplingBit":16,"channelCount":1,"samplingRate":"16kHz","audioPath":"/Mock/05.ICT/Male/Experienced/ckmk_a_ict_m_e_182620.wav"}}}