{"version":"1.0","dataSet":{"info":{"date":"20230116","occupation":"ICT","channel":"MOCK","place":"ONLINE","gender":"MALE","ageRange":"35-44","experience":"EXPERIENCED"},"question":{"raw":{"text":"얼마 전에 구급대원이 주취자에게 폭행을 당해서 순직 당하는 일이 있었습니다 지원자님은 이 사건에 대해서 어떻게 생각하셨나요","wordCount":16},"emotion":[],"intent":[]},"answer":{"raw":{"text":"아 네 구급대원이 이제 폭행 당해서 숨지는 사고도 있고 어 또 이제 경비원으로서의 어떤 사회적 약자들에 대한 그런 보호가 많이 미흡한 것 같은데요 아직까지도. 그리고 가장 중요한 건 어 일반 시민들의 아 우리나라 대한민국 시민들의 의식이 아닐까 싶은데요. 어 어찌든 그 각자 이 개개인마다 어 어 자기가 이제 어쩔 때는 갑의 위치에 있고 어쩔 때는 을의 위치에 있고 언제나 그 갑의 위치에 있을 수도 없고 언제나 을의 위치에 있을 수도 없습니다. 서로 그 입장을 바꿔서 생각하는 그런 어 훈련을 그런 입장을 바꿔서 생각하는 것들을 계속 스스로 훈련을 해야 된다고 생각을 합니다. 그래서 저는 어떤 일이 있어 모든 일을 다 입장을 바꿔 생각하는 것을 습관화하고 있구요. 어 저 혼자서 저는 기분이 나쁠지언정 저 사람은 또 어떤 기분일지 이런 것들도 저 사람의 입장에서 항상 생각해 보려고 노력을 하고 있습니다. 결국에는 어 이런 사 부족한 시민 시민 의식이 안 좋은 결과로 이어지지 않았나 싶네요.","wordCount":141},"emotion":[],"intent":[{"text":"","expression":"","category":"attitude"}],"summary":{"text":"구급대원이 폭행 당해 숨지는 사고도 있고 사회적 약자들에 대한 보호가 미흡한 것 같습니다. 가장 중요한 건 우리나라 대한민국 시민들의 의식입니다. 서로 입장을 바꿔서 생각하는 것들을 계속 스스로 훈련을 해야 합니다. 결국에는 이런 부족한 시민 의식이 안 좋은 결과로 이어지지 않았나 생각합니다.","wordCount":41}}},"rawDataInfo":{"question":{"fileFormat":"wav","fileSize":607438,"duration":18980,"samplingBit":16,"channelCount":1,"samplingRate":"16kHz","audioPath":"/Mock/05.ICT/Male/Experienced/ckmk_q_ict_m_e_298875.wav"},"answer":{"fileFormat":"wav","fileSize":2659278,"duration":83100,"samplingBit":16,"channelCount":1,"samplingRate":"16kHz","audioPath":"/Mock/05.ICT/Male/Experienced/ckmk_a_ict_m_e_298875.wav"}}}