{"version":"1.0","dataSet":{"info":{"date":"20230116","occupation":"ICT","channel":"MOCK","place":"ONLINE","gender":"MALE","ageRange":"35-44","experience":"EXPERIENCED"},"question":{"raw":{"text":"지원자님 네이버 다음 구글 검색을 비교해 보시면 각각의 검색 엔진들의 차이점과 장단점을 있습니다 이유와 설명 부탁해 주세요","wordCount":17},"emotion":[],"intent":[]},"answer":{"raw":{"text":"네이버와 다음 커뮤니케이션은 굉장히 비슷한 부분이 많고 또 동시대에 같이 시작이 된 포탈이라고 생각하는데요. 어 네이버 둘 두 플랫폼 모두 굉장히 많은 발전의 발전을 거듭하면서 지금의 네이버와 다음이 됐고 두 가지 이 두 회사의 큰 차이점을 어 굳이 설명하자면 다음은 이제 어 카카오라는 그런 회사 카카오라 카카오와 합병을 하면서 다음 카카오가 됐는데 여기서 이 카카오의 이 수많은 어 거의 육천 만 명에 육박하는 이 수많은 유저들을 함께 그 어 얻어 그 업고 갈 수 있는 그런 사업을 하고 있기 때문에 조금 더 다음카카오는 네이버보다는 더 큰 잠재력이 있다고 보고 있습니다. 근데 다만 이제 어 이제 구글의 경우에는 어 검색 엔진이 어 네이버와 다음과는 조금 달라요. 네이버는 네이버에서 제공하는 서비스들을 어 주로 노출시키고 다음도 마찬가지지만 구글의 경우에는 이런 것들이 차이 없이 전 세계의 모든 자료들을 같이 어 룩업하고 어 검색엔진에서 그 결과 값을 찾아주는 그리고 최소한의 정보만 그 뉴스 같은 걸 다 빼구요. 그래서 좀 더 라이트한 그런 플랫폼이라고 생각합니다.","wordCount":149},"emotion":[],"intent":[{"text":"","expression":"","category":"attitude"}],"summary":{"text":"네이버와 다음 커뮤니케이션은 비슷한 부분이 많고 같이 시작된 포탈입니다. 네이버는 많은 발전을 거듭하며 네이버와 다음으로 됐습니다. 다음카카오는 많은 유저들을 끌어들일 수 있는 사업을 하고 있어 네이버보다 더 잠재력이 있습니다. 구글의 경우 검색엔진이 네이버와는 다르고 전 세계의 모든 자료들을 같이 어 룩업하고 최소한의 정보만 뉴스 같은 걸 뺍니다.","wordCount":47}}},"rawDataInfo":{"question":{"fileFormat":"wav","fileSize":503118,"duration":15720,"samplingBit":16,"channelCount":1,"samplingRate":"16kHz","audioPath":"/Mock/05.ICT/Male/Experienced/ckmk_q_ict_m_e_230068.wav"},"answer":{"fileFormat":"wav","fileSize":2922318,"duration":91320,"samplingBit":16,"channelCount":1,"samplingRate":"16kHz","audioPath":"/Mock/05.ICT/Male/Experienced/ckmk_a_ict_m_e_230068.wav"}}}