{"version":"1.0","dataSet":{"info":{"date":"20230116","occupation":"ICT","channel":"MOCK","place":"ONLINE","gender":"MALE","ageRange":"35-44","experience":"EXPERIENCED"},"question":{"raw":{"text":"지원자님께서 일을 하다 보면 업무량이 과도하게 많아질 수 있습니다 지원자님은 그래도 잘 버티 자신이 있습니까 있으시다면 말씀해 주세요","wordCount":18},"emotion":[],"intent":[]},"answer":{"raw":{"text":"네 제 몸은 제가 제일 잘 알겠죠. 그래서 어 저는 저도 웬만한 일들은 큰 일들은 인간이 신은 인간에게 버틸 수 있을 만큼의 고통을 준다 하는 말이 있잖아요. 그렇기 때문에 인간은 결코 나약하지 않습니다. 웬만한 어 아무리 업무량 과도하다 해도 다 해결할 수 있습니다. 하지만 하지만 내 몸에 이상이 생기겠죠. 그러면 건강에 약화가 될 수도 있고 뭐 머리가 빠진다든가 안 좋은 일이 생길 수도 있는데 그럴 때는 자기 혼자 스스로 생각하려고 하면 답이 나오지 않습니다. 그래서 어 상관 또는 팀 팀장 팀원들에게 내 고민들을 공유를 할 수 밖에 없습니다. 그래서 어 업무를 분배를 하든지 아니면 음 더 좋은 해결점을 해결 피드백을 그들의 피드백을 받아서 해결점을 찾도록 노력을 해야 합니다. 결론적으로 저는 기본적으로는 다 버틸 수 있지만 어 내 몸에 이상이 생기고 건강이 건강을 헤쳐가면서까지 업무와 그 과도한 업무를 해결하고 싶지는 않습니다.","wordCount":130},"emotion":[],"intent":[{"text":"그래서 어 업무를 분배를 하든지 아니면 음   더 좋은 해결점을 해결 피드백을 그들의 피드백을 받아서 해결점을 찾도록 노력을 해야 합니다.","expression":"c_adp","category":"personality"}],"summary":{"text":"인간은 결코 나약하지 않습니다. 하지만 제 몸에 이상이 생길 경우에는 상관 또는 팀원들에게 제 고민들을 공유해야 합니다. 그래서 업무를 분배하거나 더 좋은 해결점을 해결 피드백을 받아서 해결점을 찾도록 노력을 해야 합니다.","wordCount":31}}},"rawDataInfo":{"question":{"fileFormat":"wav","fileSize":424718,"duration":13270,"samplingBit":16,"channelCount":1,"samplingRate":"16kHz","audioPath":"/Mock/05.ICT/Male/Experienced/ckmk_q_ict_m_e_175996.wav"},"answer":{"fileFormat":"wav","fileSize":2257358,"duration":70540,"samplingBit":16,"channelCount":1,"samplingRate":"16kHz","audioPath":"/Mock/05.ICT/Male/Experienced/ckmk_a_ict_m_e_175996.wav"}}}