{"version":"1.0","dataSet":{"info":{"date":"20230116","occupation":"ICT","channel":"MOCK","place":"ONLINE","gender":"MALE","ageRange":"45-54","experience":"EXPERIENCED"},"question":{"raw":{"text":"굉장히 열심히 본인의 최선을 다해서 노력하지만 스스로 원하는 만큼 따라오지는 못하는 팀 동료들이 충분히 있을 수 있습니다 그럴 때는 어떤 식으로 대처하고 싶으신지 궁금합니다","wordCount":24},"emotion":[],"intent":[]},"answer":{"raw":{"text":"보죠. 많이 봐왔죠 그런 친구들은. 그래서 근데 누구나 그럴 때가 있으니까요. 그거는 단 한 명도 지나치지 않고 그런 시기가 오니까요. 어 솔직히 제 생각에 신입 때 그런 게 오는 게 제일 운이 좋은 것 같아요. 네 어 자기가 하는 만큼 자기는 노력을 한다고 하는데 들어온 지 얼마 안 됐을 때 근데 내가 하는 만큼의 성과가 눈에 안 보일 때 근데 그게 신입일 때가 제일 퍼펙트 운이 좋은 케이스고요. 이거는 음 연차가 쌓일수록 경력이 높아질수록 데미지가 크다고 생각을 해요. 그래서 누가 언제 겪든 나름대로 다 아픔이 있는 고충들이라서 잘 토닥여주고 잘 옆에 있어주는 게 좋은 것 같아요. 그 무너지지만 않게 거기서 도망가지만 않게 옆에 쪼금 버티고 있는 게 어 도움을 구할 때까지 우선은 조금 바라봐야죠 네.","wordCount":115},"emotion":[],"intent":[{"text":"","expression":"","category":"attitude"}],"summary":{"text":"신입일 때 하는 만큼의 성과가 눈에 보이지 않을 때 제일 운이 좋은 케이스라고 생각합니다. 연차가 쌓일수록 경력이 높아질수록 데미지가 크다고 생각을 하기 때문에 잘 토닥여주고 옆에 있어주는 게 좋습니다.","wordCount":29}}},"rawDataInfo":{"question":{"fileFormat":"wav","fileSize":627918,"duration":19620,"samplingBit":16,"channelCount":1,"samplingRate":"16kHz","audioPath":"/Mock/05.ICT/Male/Experienced/ckmk_q_ict_m_e_159894.wav"},"answer":{"fileFormat":"wav","fileSize":2892878,"duration":90400,"samplingBit":16,"channelCount":1,"samplingRate":"16kHz","audioPath":"/Mock/05.ICT/Male/Experienced/ckmk_a_ict_m_e_159894.wav"}}}